systime[ms],ax[g],ay[g],az[g],gx[deg/s],gy[deg/s],gz[deg/s],roll[deg],pitch[deg],roll_raw[deg],pitch_raw[deg],err_ax[-],err_ay[-],err_az[-],err_roll[-],err_pitch[-],
50,0.0325927734375,-0.0714111328125,0.9959716796875,-0.010525268502533436,-0.01612098142504692,0.005595712456852198,-0.22639089822769165,0.3343715965747833,0.5576302409172058,-0.471119225025177,0,0,0,0,0,
100,0.01507568359375,-0.0208740234375,0.9947509765625,-0.01598775014281273,0.01665390469133854,0.003996937535703182,-0.312892347574234,0.4505336880683899,0.5885945558547974,-0.5440073609352112,0,0,0,0,0,
150,0.07861328125,-0.04315185546875,0.98626708984375,0.002531393663957715,-0.0094594182446599,0.005462481174618006,-0.3513840436935425,0.535664439201355,0.9821906685829163,-0.7381587028503418,0,0,0,0,0,
200,0.009765625,-0.0640869140625,1.00177001953125,-0.018519142642617226,-0.005329249892383814,0.004130168352276087,-0.3902907371520996,0.5828829407691956,0.9395489692687988,-1.0321505069732666,0,0,0,0,0,
250,0.05218505859375,-0.01885986328125,0.9871826171875,-0.006128637120127678,0.012790199369192123,0.0018652373692020774,-0.40461352467536926,0.6247700452804565,1.1464810371398926,-1.038245677947998,0,0,0,0,0,
300,0.05487060546875,-0.05859375,0.98944091796875,-0.005462481174618006,-0.016520673409104347,0.0035972436890006065,-0.39734405279159546,0.6390893459320068,1.348081111907959,-1.2720367908477783,0,0,0,0,0,
350,0.002685546875,-0.03533935546875,0.99847412109375,-0.017186829820275307,0.009192955680191517,0.0022649310994893312,-0.402774840593338,0.6444026231765747,1.228347897529602,-1.3477777242660522,0,0,0,0,0,
400,0.07073974609375,-0.02740478515625,0.9837646484375,-0.0005329249543137848,0.0010658499086275697,0.004263399634510279,-0.37909018993377686,0.6467521786689758,1.5140717029571533,-1.372101902961731,0,0,0,0,0,
450,0.05133056640625,-0.05767822265625,0.9930419921875,-0.006395099684596062,-0.013722818344831467,0.007194487378001213,-0.34335535764694214,0.6293732523918152,1.6582579612731934,-1.5670368671417236,0,0,0,0,0,
500,0.01007080078125,-0.04046630859375,0.99688720703125,-0.015321592800319195,0.008526799269020557,0.003197549842298031,-0.32201701402664185,0.6061384677886963,1.550027847290039,-1.642974853515625,0,0,0,0,0,
550,0.07366943359375,-0.0377197265625,0.98486328125,-0.002664624946191907,0.0,0.0037304747384041548,-0.27574625611305237,0.5798023343086243,1.820690393447876,-1.6972228288650513,0,0,0,0,0,
600,0.026611328125,-0.056640625,0.99658203125,-0.012923430651426315,-0.013189893215894699,0.0035972436890006065,-0.23704282939434052,0.5405001044273376,1.791287899017334,-1.8532196283340454,0,0,0,0,0,
650,0.02801513671875,-0.03021240234375,0.9923095703125,-0.01079173106700182,0.012790199369192123,0.001998468767851591,-0.20395566523075104,0.5062262415885925,1.7738287448883057,-1.8422385454177856,0,0,0,0,0,
700,0.0693359375,-0.0467529296875,0.9871826171875,-0.004663093481212854,-0.009725880809128284,0.0045298621989786625,-0.15186811983585358,0.46677228808403015,1.9969196319580078,-1.9283130168914795,0,0,0,0,0,
750,0.0081787109375,-0.0455322265625,0.99700927734375,-0.01465543732047081,0.0,0.003064318560063839,-0.12031339108943939,0.42436978220939636,1.8436790704727173,-1.9972527027130127,0,0,0,0,0,
800,0.05450439453125,-0.03271484375,0.99029541015625,-0.005196018610149622,0.008260336704552174,0.0033307811245322227,-0.07889296859502792,0.3872807025909424,1.973890781402588,-1.9865210056304932,0,0,0,0,0,
850,0.047607421875,-0.05126953125,0.99200439453125,-0.009725880809128284,-0.01465543732047081,0.004929556045681238,-0.03391111269593239,0.34421172738075256,2.0509254932403564,-2.083408832550049,0,0,0,0,0,
900,0.0191650390625,-0.0389404296875,0.994140625,-0.010924962349236012,0.009725880809128284,0.003064318560063839,-0.002906862646341324,0.30385303497314453,1.9561313390731812,-2.099375009536743,0,0,0,0,0,
950,0.0706787109375,-0.0418701171875,0.98468017578125,-0.007327718660235405,-0.0034640124067664146,0.002797856228426099,0.046328142285346985,0.2642434537410736,2.169443130493164,-2.1322426795959473,0,0,0,0,0,
1000,0.02142333984375,-0.04693603515625,0.99481201171875,-0.010525268502533436,-0.00866003055125475,0.005196018610149622,0.08124890923500061,0.22289589047431946,2.075535774230957,-2.189232110977173,0,0,0,0,0,
1050,0.03594970703125,-0.03594970703125,0.99176025390625,-0.010525268502533436,0.010658499784767628,0.0037304747384041548,0.11266841739416122,0.1868283748626709,2.075443983078003,-2.177779197692871,0,0,0,0,0,
1100,0.0604248046875,-0.04193115234375,0.9884033203125,-0.005862174555659294,-0.008526799269020557,0.004796324763447046,0.155107781291008,0.1518985778093338,2.217061996459961,-2.20246958732605,0,0,0,0,0,
1150,0.01611328125,-0.04180908203125,0.99658203125,-0.01079173106700182,0.0007993874605745077,0.002664624946191907,0.18034133315086365,0.11845429986715317,2.0874433517456055,-2.2225441932678223,0,0,0,0,0,
1250,0.04132080078125,-0.04412841796875,0.99127197265625,-0.009059724397957325,-0.012124042958021164,0.005462481174618006,0.2467559576034546,0.060314424335956573,2.218626022338867,-2.2434985637664795,0,0,0,0,0,
1300,0.02099609375,-0.03887939453125,0.9971923828125,-0.009592649526894093,0.0075941807590425014,0.0038637060206383467,0.2657671868801117,0.03404267504811287,2.116868257522583,-2.242403030395508,0,0,0,0,0,
1350,0.05499267578125,-0.03790283203125,0.9884033203125,-0.007993875071406364,0.0034640124067664146,0.002398162381723523,0.2934981882572174,0.010890290141105652,2.2230772972106934,-2.237481117248535,0,0,0,0,0,
1400,0.04034423828125,-0.0418701171875,0.99395751953125,-0.008260336704552174,-0.01012557465583086,0.0018652373692020774,0.3194499909877777,-0.011676795780658722,2.2330162525177,-2.2547805309295654,0,0,0,0,0,
1450,0.0264892578125,-0.04180908203125,0.99481201171875,-0.008127106353640556,0.008526799269020557,0.002531393663957715,0.33570176362991333,-0.03350108489394188,2.1619677543640137,-2.2699196338653564,0,0,0,0,0,
1500,0.06402587890625,-0.041748046875,0.986572265625,-0.009992343373596668,-0.004796324763447046,0.005595712456852198,0.36574244499206543,-0.05462533235549927,2.316108465194702,-2.284743547439575,0,0,0,0,0,
1550,0.02581787109375,-0.04071044921875,0.99560546875,-0.00866003055125475,-0.004663093481212854,0.004796324763447046,0.3844360411167145,-0.07420097291469574,2.2326784133911133,-2.290381669998169,0,0,0,0,0,
1600,0.042236328125,-0.04254150390625,0.9915771484375,-0.008793261833488941,0.007194487378001213,0.0033307811245322227,0.40330076217651367,-0.09345891326665878,2.2530834674835205,-2.3067803382873535,0,0,0,0,0,
1650,0.0479736328125,-0.040283203125,0.9881591796875,-0.00866003055125475,-0.008526799269020557,0.004796324763447046,0.42550206184387207,-0.11104008555412292,2.3053138256073,-2.3092706203460693,0,0,0,0,0,
1700,0.02044677734375,-0.03985595703125,0.998779296875,-0.007860643789172173,0.002531393663957715,0.0018652373692020774,0.43408411741256714,-0.1266198754310608,2.1913225650787354,-2.306838035583496,0,0,0,0,0,
1750,0.05633544921875,-0.04132080078125,0.99139404296875,-0.010525268502533436,0.002531393663957715,0.0038637060206383467,0.4523872137069702,-0.1414051055908203,2.2971150875091553,-2.314472198486328,0,0,0,0,0,
1800,0.041015625,-0.03826904296875,0.9915771484375,-0.008526799269020557,-0.009592649526894093,0.002931087277829647,0.4695570766925812,-0.1536509245634079,2.3040859699249268,-2.303863286972046,0,0,0,0,0,
1850,0.029296875,-0.0477294921875,0.99383544921875,-0.007860643789172173,0.005595712456852198,0.0033307811245322227,0.47882726788520813,-0.16912420094013214,2.2422590255737305,-2.348383665084839,0,0,0,0,0,
1900,0.05633544921875,-0.040771484375,0.986328125,-0.01079173106700182,-0.0034640124067664146,0.0035972436890006065,0.4973601996898651,-0.1832011491060257,2.344156503677368,-2.349893808364868,0,0,0,0,0,
1950,0.0233154296875,-0.0347900390625,0.99493408203125,-0.006128637120127678,-0.0037304747384041548,0.0033307811245322227,0.5039944052696228,-0.1923886090517044,2.2437021732330322,-2.315075635910034,0,0,0,0,0,
2000,0.04364013671875,-0.04730224609375,0.99169921875,-0.009725880809128284,0.00626186840236187,0.0034640124067664146,0.5126972198486328,-0.20478887856006622,2.271022319793701,-2.356391191482544,0,0,0,0,0,
2050,0.0528564453125,-0.03521728515625,0.98956298828125,-0.010392037220299244,-0.008926493115723133,0.0033307811245322227,0.5283599495887756,-0.21274669468402863,2.3493244647979736,-2.324367046356201,0,0,0,0,0,
2100,0.0260009765625,-0.044189453125,0.9937744140625,-0.006528330966830254,0.0035972436890006065,0.003996937535703182,0.5339239835739136,-0.2221224009990692,2.264000177383423,-2.346503734588623,0,0,0,0,0,
2150,0.05560302734375,-0.04486083984375,0.9892578125,-0.011058193631470203,-0.0002664624771568924,0.0037304747384041548,0.5484129786491394,-0.23301813006401062,2.358814239501953,-2.371079683303833,0,0,0,0,0,
2200,0.03167724609375,-0.036865234375,0.99200439453125,-0.009059724397957325,-0.006128637120127678,0.0038637060206383467,0.5561437606811523,-0.24038690328598022,2.305720806121826,-2.346705913543701,0,0,0,0,0,
2250,0.03326416015625,-0.05029296875,0.9949951171875,-0.008793261833488941,0.006128637120127678,0.003064318560063839,0.5591564178466797,-0.2524888217449188,2.266270637512207,-2.4014060497283936,0,0,0,0,0,
2300,0.05426025390625,-0.046142578125,0.99066162109375,-0.013323124498128891,0.00039969373028725386,0.001998468767851591,0.5705174803733826,-0.26599550247192383,2.3527672290802,-2.427555561065674,0,0,0,0,0,
2350,0.0379638671875,-0.03656005859375,0.991455078125,-0.007194487378001213,-0.007327718660235405,0.004130168352276087,0.5791298747062683,-0.27498137950897217,2.336641788482666,-2.3958542346954346,0,0,0,0,0,
2400,0.03851318359375,-0.04766845703125,0.99224853515625,-0.009859112091362476,0.005462481174618006,0.0034640124067664146,0.5857165455818176,-0.2865954041481018,2.3249969482421875,-2.431121587753296,0,0,0,0,0,
2500,0.03375244140625,-0.04022216796875,0.99359130859375,-0.003996937535703182,-0.0037304747384041548,0.0037304747384041548,0.6061891913414001,-0.2984839081764221,2.3519649505615234,-2.385547637939453,0,0,0,0,0,
2550,0.04632568359375,-0.0494384765625,0.991943359375,-0.012124042958021164,0.0006661562365479767,0.00506278732791543,0.6159551739692688,-0.30783915519714355,2.3838491439819336,-2.4320363998413086,0,0,0,0,0,
2600,0.0439453125,-0.031005859375,0.9908447265625,-0.00626186840236187,-0.006528330966830254,0.0035972436890006065,0.6262878179550171,-0.3098527193069458,2.3992819786071777,-2.3679747581481934,0,0,0,0,0,
2650,0.031982421875,-0.02972412109375,0.986083984375,-0.01811944879591465,0.006528330966830254,0.0022649310994893312,0.6301961541175842,-0.30528098344802856,2.3453712463378906,-2.304135322570801,0,0,0,0,0,
2700,0.07464599609375,0.003173828125,0.9732666015625,0.005329249892383814,-0.008926493115723133,0.008127106353640556,0.6538248062133789,-0.2766589820384979,2.546482563018799,-2.05906081199646,0,0,0,0,0,
2750,0.02105712890625,-0.10186767578125,1.00665283203125,0.001998468767851591,-0.0017320062033832073,0.014788667671382427,0.6613389849662781,-0.2887710928916931,2.408966302871704,-2.4377799034118652,0,0,0,0,0,
2800,0.05804443359375,-0.05767822265625,0.99078369140625,-0.017852986231446266,-0.0021316998172551394,0.004929556045681238,0.6774960160255432,-0.3085666000843048,2.5029091835021973,-2.526726007461548,0,0,0,0,0,
2850,0.0120849609375,-0.062744140625,0.99615478515625,-0.006128637120127678,-0.0045298621989786625,-0.004396630916744471,0.673866868019104,-0.33721497654914856,2.321204662322998,-2.6350505352020264,0,0,0,0,0,
2900,0.04412841796875,-0.0462646484375,0.99298095703125,-0.024647779762744904,0.01185758039355278,-0.008526799269020557,0.6728097796440125,-0.36329808831214905,2.3432960510253906,-2.6380462646484375,0,0,0,0,0,
2950,0.03131103515625,-0.06463623046875,0.99798583984375,-0.031709037721157074,0.0022649310994893312,-0.014122512191534042,0.6663274765014648,-0.39749830961227417,2.2879867553710938,-2.745300054550171,0,0,0,0,0,
3000,0.0263671875,0.0186767578125,0.99114990234375,0.014788667671382427,-0.011457886546850204,-0.0189188364893198,0.6529123187065125,-0.390148788690567,2.2121756076812744,-2.3640029430389404,0,0,0,0,0,
3050,0.1064453125,-0.18157958984375,0.98590087890625,0.005862174555659294,-0.007860643789172173,-0.029177643358707428,0.6800358891487122,-0.46457043290138245,2.6041479110717773,-3.1743650436401367,0,0,0,0,0,
3100,-0.09368896484375,-0.00897216796875,1.018798828125,-0.056223586201667786,-0.026646248996257782,-0.042234305292367935,0.6240118741989136,-0.5043911337852478,1.7997957468032837,-2.902777671813965,0,0,0,0,0,
3150,0.02423095703125,0.071044921875,0.98394775390625,0.034506890922784805,0.04676416516304016,-0.02997702918946743,0.5698142647743225,-0.4706360697746277,1.762035608291626,-2.2068405151367188,0,0,0,0,0,
3200,0.1361083984375,-0.0677490234375,0.97857666015625,0.012790199369192123,-0.0094594182446599,-0.012390505522489548,0.5821045637130737,-0.45747110247612,2.3727171421051025,-2.378986358642578,0,0,0,0,0,
3250,0.07562255859375,-0.09930419921875,1.0419921875,0.012124042958021164,-0.03543950989842415,-0.13949310779571533,0.6116796135902405,-0.47766780853271484,2.5578556060791016,-2.6994383335113525,0,0,0,0,0,
3300,0.095703125,-0.02349853515625,0.99688720703125,0.05315926671028137,0.0444992370903492,-0.06275191903114319,0.667611837387085,-0.4822889268398285,2.851001501083374,-2.5638792514801025,0,0,0,0,0,
3350,-0.18133544921875,0.08062744140625,1.01312255859375,0.012124042958021164,0.1269693821668625,-0.03970291092991829,0.5853222012519836,-0.4144784212112427,1.5247154235839844,-1.8441836833953857,0,0,0,0,0,
3400,-0.02032470703125,-0.0430908203125,0.8408203125,-0.12377182394266129,-0.319488525390625,-0.22662635147571564,0.48637717962265015,-0.36278942227363586,1.275871992111206,-1.9375884532928467,0,0,0,0,0,
3450,0.59881591796875,-0.1170654296875,1.033447265625,-0.05315926671028137,0.3108285069465637,-0.30549925565719604,0.7299963235855103,-0.36308789253234863,4.60256814956665,-2.4057743549346924,0,0,0,0,0,
3500,-0.33148193359375,-0.6292724609375,1.60260009765625,-0.24341347813606262,0.42900460958480835,-0.1317656934261322,0.6980900764465332,-0.6689791679382324,2.0909340381622314,-5.462000370025635,0,0,0,0,0,
3550,0.287841796875,-1.20855712890625,0.85894775390625,-0.08460184186697006,-0.009859112091362476,-0.1529494673013687,0.805378258228302,-1.5545440912246704,3.450972080230713,-11.564628601074219,0,0,0,0,0,
3600,-0.10101318359375,0.73779296875,0.72821044921875,0.27885299921035767,-0.07287748903036118,-0.5842189788818359,0.8239888548851013,-1.8577880859375,2.6714842319488525,-6.626983642578125,0,0,0,0,0,
3650,0.1563720703125,-0.06195068359375,0.99896240234375,0.08580092340707779,-0.45511794090270996,-0.5602374076843262,0.9030616283416748,-2.0996994972229004,3.2947163581848145,-6.316903114318848,0,0,0,0,0,
3750,-0.1602783203125,-0.809814453125,1.125244140625,-0.1729341596364975,0.07993874698877335,-0.05169372260570526,0.9319084882736206,-2.087620735168457,2.1089138984680176,-6.183979511260986,0,0,0,0,0,
3800,-0.18792724609375,0.51470947265625,0.9080810546875,-0.19531700015068054,0.05515773594379425,0.020384380593895912,0.7539301514625549,-1.9391063451766968,0.8321252465248108,-2.6424779891967773,0,0,0,0,0,
3850,0.95361328125,-0.6563720703125,0.88037109375,0.07154517620801926,-0.1862572729587555,-0.034640122205019,1.1407924890518188,-2.1614959239959717,6.302553176879883,-6.203001976013184,0,0,0,0,0,
3900,-0.11749267578125,-0.01708984375,1.01641845703125,-0.2813843786716461,-0.03677182272076607,0.033707503229379654,1.3566381931304932,-2.3087944984436035,4.979248523712158,-5.674482345581055,0,0,0,0,0,
3950,0.14312744140625,0.23101806640625,0.93231201171875,0.14535528421401978,0.03570597246289253,0.0002664624771568924,1.5880688428878784,-2.25256085395813,5.350944995880127,-3.7864580154418945,0,0,0,0,0,
4000,0.0137939453125,-0.18072509765625,1.0147705078125,-0.08180398494005203,-0.0774073526263237,0.006528330966830254,1.7487095594406128,-2.268008232116699,4.874476432800293,-4.447035312652588,0,0,0,0,0,
4050,-0.06768798828125,0.10760498046875,0.9993896484375,0.06541654467582703,0.08620061725378036,-0.017586523666977882,1.8050614595413208,-2.174710750579834,3.9922287464141846,-3.375035524368286,0,0,0,0,0,
4100,0.24456787109375,-0.2630615234375,0.9769287109375,-0.021983155980706215,-0.05515773594379425,-0.010924962349236012,1.957315444946289,-2.209290027618408,5.007601261138916,-4.56050443649292,0,0,0,0,0,
4150,-0.0364990234375,-0.0787353515625,1.01361083984375,-0.08779939264059067,-0.05702297389507294,0.024647779762744904,2.0218710899353027,-2.2394802570343018,4.282873630523682,-4.551192760467529,0,0,0,0,0,
4200,0.01458740234375,0.036376953125,0.991455078125,0.049828484654426575,0.065816231071949,0.006128637120127678,2.045722246170044,-2.2001090049743652,3.940382480621338,-3.885767936706543,0,0,0,0,0,
4250,0.1513671875,-0.170654296875,0.9866943359375,-0.05569066107273102,-0.061019908636808395,0.002531393663957715,2.1149396896362305,-2.224170446395874,4.417896747589111,-4.4807233810424805,0,0,0,0,0,
4300,-0.106689453125,0.09326171875,1.0057373046875,-0.0009326186846010387,0.024647779762744904,-0.0045298621989786625,2.0712225437164307,-2.1469647884368896,3.3577685356140137,-3.4921140670776367,0,0,0,0,0,
4350,0.15106201171875,-0.10107421875,0.97833251953125,0.016520673409104347,0.017586523666977882,-0.004130168352276087,2.085841178894043,-2.1011104583740234,3.897409439086914,-3.7284226417541504,0,0,0,0,0,
4400,-0.0059814453125,0.00238037109375,0.99835205078125,-0.04743032157421112,-0.04729709029197693,0.005728943273425102,2.056368350982666,-2.0210015773773193,3.4711132049560547,-3.3400228023529053,0,0,0,0,0,
4450,0.00286865234375,-0.00775146484375,0.99407958984375,0.035173047333955765,0.051960185170173645,0.005995405837893486,1.9967225790023804,-1.919927954673767,3.139910936355591,-3.050265073776245,0,0,0,0,0,
4500,0.150390625,-0.1131591796875,0.97857666015625,-0.0411684550344944,-0.04036906734108925,0.00866003055125475,1.9987465143203735,-1.8639817237854004,3.696962594985962,-3.4004664421081543,0,0,0,0,0,
4550,-0.070068359375,0.044677734375,1.00634765625,0.004263399634510279,0.004396630916744471,0.008260336704552174,1.9227784872055054,-1.7535364627838135,2.9190661907196045,-2.799530029296875,0,0,0,0,0,
4600,0.1112060546875,-0.1138916015625,0.98785400390625,-0.004130168352276087,0.01958499290049076,0.004663093481212854,1.8893725872039795,-1.6918532848358154,3.2687196731567383,-3.1767046451568604,0,0,0,0,0,
4650,0.028564453125,-0.01531982421875,0.99395751953125,-0.03330780938267708,-0.035972435027360916,0.0037304747384041548,1.8430626392364502,-1.6133555173873901,3.106274127960205,-2.9468765258789062,0,0,0,0,0,
4700,-0.005615234375,-0.0299072265625,1.0008544921875,0.022516081109642982,0.034640122205019,-0.0001332312385784462,1.7668358087539673,-1.530295491218567,2.7607944011688232,-2.8227550983428955,0,0,0,0,0,
4750,0.110595703125,-0.08306884765625,0.985595703125,-0.035839203745126724,-0.016254212707281113,0.002398162381723523,1.7345092296600342,-1.4752898216247559,3.123570203781128,-3.0202383995056152,0,0,0,0,0,
4800,-0.0225830078125,0.03167724609375,0.99603271484375,0.003197549842298031,-0.0074609494768083096,0.003996937535703182,1.6611511707305908,-1.377300500869751,2.6809284687042236,-2.5353965759277344,0,0,0,0,0,
4850,0.0802001953125,-0.0926513671875,0.99078369140625,-0.003064318560063839,0.01811944879591465,0.0045298621989786625,1.6145275831222534,-1.3171606063842773,2.874915361404419,-2.8159027099609375,0,0,0,0,0,
4900,0.0576171875,-0.0006103515625,0.98590087890625,-0.023448698222637177,-0.026113323867321014,0.007194487378001213,1.5772714614868164,-1.2353732585906982,2.921966552734375,-2.5392873287200928,0,0,0,0,0,
5000,0.0914306640625,-0.076171875,0.98736572265625,-0.0313093438744545,-0.0045298621989786625,0.0013323124730959535,1.4822657108306885,-1.1008163690567017,2.8833515644073486,-2.658705472946167,0,0,0,0,0,
5050,0.0418701171875,0.00775146484375,0.98577880859375,-0.016520673409104347,-0.018652373924851418,0.005862174555659294,1.4499244689941406,-1.0217061042785645,2.8388540744781494,-2.3497138023376465,0,0,0,0,0,
5100,0.017578125,-0.05230712890625,0.9970703125,0.011724349111318588,0.012656968086957932,0.0038637060206383467,1.402413249015808,-0.9570841193199158,2.6548120975494385,-2.4154863357543945,0,0,0,0,0,
5150,0.0809326171875,-0.0548095703125,0.98468017578125,-0.03224196285009384,-0.006128637120127678,0.006128637120127678,1.379957914352417,-0.9065132141113281,2.8578598499298096,-2.49137544631958,0,0,0,0,0,
5200,0.01300048828125,0.00164794921875,0.9923095703125,0.006928024813532829,-0.004929556045681238,0.0034640124067664146,1.3387036323547363,-0.8351547122001648,2.64741587638855,-2.232928514480591,0,0,0,0,0,
5250,0.0484619140625,-0.08843994140625,0.99603271484375,-0.012790199369192123,0.009992343373596668,0.0015987749211490154,1.302886724472046,-0.7995035648345947,2.6605350971221924,-2.518643379211426,0,0,0,0,0,
5300,0.0511474609375,0.00152587890625,0.986083984375,-0.015454824082553387,-0.01012557465583086,0.0018652373692020774,1.2737475633621216,-0.741485595703125,2.691495895385742,-2.259324073791504,0,0,0,0,0,
5350,0.02496337890625,-0.0450439453125,0.996337890625,0.008926493115723133,0.004130168352276087,0.002531393663957715,1.2348861694335938,-0.6925742626190186,2.565134048461914,-2.292372465133667,0,0,0,0,0,
5400,0.05914306640625,-0.05865478515625,0.9967041015625,-0.028245024383068085,0.0034640124067664146,0.002931087277829647,1.2082182168960571,-0.6593227982521057,2.648207187652588,-2.400059700012207,0,0,0,0,0,
5450,0.043701171875,-0.00299072265625,0.9830322265625,0.001998468767851591,-0.008260336704552174,0.003996937535703182,1.1832159757614136,-0.6073347926139832,2.6381959915161133,-2.179442882537842,0,0,0,0,0,
5500,0.03387451171875,-0.06756591796875,0.99664306640625,-0.008793261833488941,0.004796324763447046,0.004263399634510279,1.153720498085022,-0.5776187181472778,2.5682621002197266,-2.3501741886138916,0,0,0,0,0,
5550,0.0494384765625,-0.02593994140625,0.98858642578125,-0.01958499290049076,-0.002398162381723523,0.0034640124067664146,1.130105972290039,-0.5424083471298218,2.5975751876831055,-2.2655155658721924,0,0,0,0,0,
5600,0.033203125,-0.03155517578125,0.99444580078125,0.002398162381723523,-0.0038637060206383467,0.003064318560063839,1.1019753217697144,-0.5062193870544434,2.5287997722625732,-2.2205185890197754,0,0,0,0,0,
5650,0.041748046875,-0.05157470703125,0.99334716796875,-0.02105053700506687,0.002664624946191907,0.0034640124067664146,1.0754024982452393,-0.4811555743217468,2.516247510910034,-2.295581340789795,0,0,0,0,0,
5700,0.050537109375,-0.00811767578125,0.986572265625,-0.004929556045681238,-0.004663093481212854,0.004263399634510279,1.0556385517120361,-0.44044384360313416,2.55776309967041,-2.1140384674072266,0,0,0,0,0,
5750,0.03033447265625,-0.05419921875,0.99835205078125,-0.004396630916744471,0.0007993874605745077,0.005196018610149622,1.0295994281768799,-0.4137922525405884,2.4752469062805176,-2.21392822265625,0,0,0,0,0,
5800,0.04852294921875,-0.03436279296875,0.99151611328125,-0.0173200611025095,0.0015987749211490154,0.004263399634510279,1.0094115734100342,-0.3874925673007965,2.507721424102783,-2.190795660018921,0,0,0,0,0,
5850,0.04302978515625,-0.02471923828125,0.98944091796875,0.0015987749211490154,-0.004929556045681238,0.0035972436890006065,0.9910616874694824,-0.3562321662902832,2.5059127807617188,-2.1148886680603027,0,0,0,0,0,
5900,0.0338134765625,-0.060546875,0.99554443359375,-0.014255743473768234,0.0014655436389148235,0.0037304747384041548,0.9688867926597595,-0.3417908847332001,2.449312686920166,-2.251819372177124,0,0,0,0,0,
5950,0.0469970703125,-0.02490234375,0.992431640625,-0.017053598538041115,0.0013323124730959535,0.003996937535703182,0.951542854309082,-0.32063210010528564,2.475447654724121,-2.1702029705047607,0,0,0,0,0,
6000,0.046630859375,-0.032958984375,0.990234375,-0.0001332312385784462,-0.0066615622490644455,0.003064318560063839,0.9381217956542969,-0.2989337742328644,2.4973320960998535,-2.143648862838745,0,0,0,0,0,
6050,0.033203125,-0.05517578125,0.996337890625,-0.014788667671382427,0.0018652373692020774,0.005595712456852198,0.9201042652130127,-0.2896949350833893,2.4379470348358154,-2.2465455532073975,0,0,0,0,0,
6100,0.0469970703125,-0.0181884765625,0.98931884765625,-0.00866003055125475,0.0006661562365479767,0.0034640124067664146,0.9066983461380005,-0.2694723606109619,2.4660449028015137,-2.127469062805176,0,0,0,0,0,
6150,0.0400390625,-0.04852294921875,0.99420166015625,-0.005196018610149622,-0.005862174555659294,0.0045298621989786625,0.893004834651947,-0.2579318881034851,2.449763536453247,-2.1940677165985107,0,0,0,0,0,
6250,0.0474853515625,-0.026123046875,0.99249267578125,-0.002931087277829647,-0.003197549842298031,0.0035972436890006065,0.8637978434562683,-0.23066411912441254,2.4352424144744873,-2.1219942569732666,0,0,0,0,0,
6300,0.03387451171875,-0.05511474609375,0.99652099609375,-0.010392037220299244,-0.0015987749211490154,0.0038637060206383467,0.8480114340782166,-0.22626078128814697,2.385934352874756,-2.226630687713623,0,0,0,0,0,
6350,0.04412841796875,-0.03021240234375,0.99053955078125,-0.012257274240255356,0.0015987749211490154,0.0033307811245322227,0.8354381918907166,-0.21749471127986908,2.4022789001464844,-2.1786000728607178,0,0,0,0,0,
6400,0.04437255859375,-0.038818359375,0.99114990234375,-0.0045298621989786625,-0.0038637060206383467,0.0033307811245322227,0.8257116675376892,-0.21022462844848633,2.418173313140869,-2.1847939491271973,0,0,0,0,0,
6450,0.03387451171875,-0.04620361328125,0.99298095703125,-0.014388974756002426,0.0005329249543137848,0.003996937535703182,0.812291145324707,-0.20846237242221832,2.371506690979004,-2.232602119445801,0,0,0,0,0,
6500,0.0491943359375,-0.026611328125,0.9879150390625,-0.006794793531298637,0.0005329249543137848,0.0014655436389148235,0.8049768209457397,-0.19999021291732788,2.4191479682922363,-2.163740873336792,0,0,0,0,0,
6550,0.0426025390625,-0.05059814453125,0.99212646484375,-0.008127106353640556,-0.003996937535703182,0.002664624946191907,0.7987608313560486,-0.19990161061286926,2.422816753387451,-2.2391042709350586,0,0,0,0,0,
6600,0.0379638671875,-0.03338623046875,0.99078369140625,-0.012390505522489548,0.0018652373692020774,0.003197549842298031,0.7908726334571838,-0.19672079384326935,2.399879217147827,-2.2080934047698975,0,0,0,0,0,
6650,0.051025390625,-0.03558349609375,0.99090576171875,-0.004929556045681238,-0.0017320062033832073,0.003064318560063839,0.789230227470398,-0.19231779873371124,2.4544484615325928,-2.192690849304199,0,0,0,0,0,
6700,0.03375244140625,-0.047119140625,0.9949951171875,-0.012390505522489548,-0.002664624946191907,0.0037304747384041548,0.7826000452041626,-0.19354158639907837,2.402928352355957,-2.244555711746216,0,0,0,0,0,
6750,0.04119873046875,-0.02471923828125,0.992431640625,-0.009992343373596668,0.0033307811245322227,0.003064318560063839,0.7763699889183044,-0.1864544153213501,2.400299310684204,-2.1626698970794678,0,0,0,0,0,
6800,0.04779052734375,-0.0438232421875,0.992431640625,-0.005862174555659294,-0.004796324763447046,0.002531393663957715,0.7743057608604431,-0.18370714783668518,2.435727834701538,-2.198981761932373,0,0,0,0,0,
6850,0.03106689453125,-0.04046630859375,0.99468994140625,-0.01252373680472374,-0.00039969373028725386,0.004263399634510279,0.7659522294998169,-0.18253372609615326,2.3707706928253174,-2.211972951889038,0,0,0,0,0,
6900,0.0430908203125,-0.02777099609375,0.9912109375,-0.007993875071406364,0.002797856228426099,0.002531393663957715,0.7596087455749512,-0.17539948225021362,2.3825173377990723,-2.151191234588623,0,0,0,0,0,
6950,0.0458984375,-0.04443359375,0.99169921875,-0.007061256095767021,-0.0035972436890006065,0.004929556045681238,0.7565473914146423,-0.17309369146823883,2.4089949131011963,-2.1923415660858154,0,0,0,0,0,
7000,0.03643798828125,-0.03717041015625,0.9932861328125,-0.011990811675786972,-0.0002664624771568924,0.005862174555659294,0.7506943345069885,-0.1705116331577301,2.378016948699951,-2.1872730255126953,0,0,0,0,0,
7050,0.04876708984375,-0.03509521484375,0.9891357421875,-0.005728943273425102,0.0002664624771568924,0.002931087277829647,0.7498425245285034,-0.16661565005779266,2.422175884246826,-2.1715517044067383,0,0,0,0,0,
7100,0.03973388671875,-0.0428466796875,0.99468994140625,-0.011724349111318588,-0.0038637060206383467,0.003996937535703182,0.7477049827575684,-0.16604670882225037,2.4084670543670654,-2.2009263038635254,0,0,0,0,0,
7150,0.03924560546875,-0.031982421875,0.99285888671875,-0.00866003055125475,0.002797856228426099,0.002931087277829647,0.7443208694458008,-0.16196027398109436,2.3938636779785156,-2.16518235206604,0,0,0,0,0,
7200,0.04913330078125,-0.039794921875,0.99090576171875,-0.0066615622490644455,-0.0009326186846010387,0.004130168352276087,0.7456961870193481,-0.15959960222244263,2.4380741119384766,-2.1783535480499268,0,0,0,0,0,
7250,0.035888671875,-0.03839111328125,0.99468994140625,-0.012257274240255356,-0.0001332312385784462,0.0038637060206383467,0.7431937456130981,-0.15778110921382904,2.4006717205047607,-2.1814146041870117,0,0,0,0,0,
7300,0.04498291015625,-0.03271484375,0.99249267578125,-0.008260336704552174,0.0011990811908617616,0.001998468767851591,0.7428715825080872,-0.15319019556045532,2.4199721813201904,-2.151871919631958,0,0,0,0,0,
7350,0.04571533203125,-0.042236328125,0.99114990234375,-0.008926493115723133,-0.005995405837893486,0.004929556045681238,0.744764506816864,-0.15191248059272766,2.441801071166992,-2.180413007736206,0,0,0,0,0,
7400,0.03387451171875,-0.033447265625,0.99273681640625,-0.0094594182446599,0.00039969373028725386,0.003064318560063839,0.7415826916694641,-0.14824482798576355,2.392946720123291,-2.155236005783081,0,0,0,0,0,
7500,0.037353515625,-0.0418701171875,0.99114990234375,-0.0094594182446599,-0.0038637060206383467,0.004263399634510279,0.740276575088501,-0.14363783597946167,2.401806592941284,-2.176647186279297,0,0,0,0,0,
7550,0.0406494140625,-0.03619384765625,0.9925537109375,-0.009592649526894093,0.0015987749211490154,0.003197549842298031,0.7378478646278381,-0.1420385092496872,2.395989179611206,-2.167644500732422,0,0,0,0,0,
7600,0.04620361328125,-0.0399169921875,0.9908447265625,-0.007860643789172173,-0.002531393663957715,0.004396630916744471,0.7383759021759033,-0.14196614921092987,2.423128604888916,-2.1813149452209473,0,0,0,0,0,
7650,0.03436279296875,-0.03668212890625,0.9927978515625,-0.0094594182446599,-0.0011990811908617616,0.0033307811245322227,0.7344282269477844,-0.14123572409152985,2.378898859024048,-2.174661874771118,0,0,0,0,0,
7700,0.04498291015625,-0.0355224609375,0.991455078125,-0.009326186962425709,0.0,0.005595712456852198,0.7330461740493774,-0.13933098316192627,2.4006075859069824,-2.1621882915496826,0,0,0,0,0,
7750,0.04022216796875,-0.03619384765625,0.9910888671875,-0.009592649526894093,-0.004263399634510279,0.0035972436890006065,0.7310215830802917,-0.13689307868480682,2.392800807952881,-2.154952049255371,0,0,0,0,0,
7800,0.033203125,-0.0362548828125,0.99359130859375,-0.010525268502533436,-0.0015987749211490154,0.002797856228426099,0.7243928909301758,-0.13403496146202087,2.3447349071502686,-2.1483118534088135,0,0,0,0,0,
7850,0.0443115234375,-0.03582763671875,0.99139404296875,-0.007727412041276693,0.0,0.0037304747384041548,0.7205538153648376,-0.130656436085701,2.3660025596618652,-2.140249729156494,0,0,0,0,0,
7900,0.041259765625,-0.03680419921875,0.99261474609375,-0.009592649526894093,-0.0033307811245322227,0.003064318560063839,0.717224657535553,-0.1274293065071106,2.367262601852417,-2.138385057449341,0,0,0,0,0,
7950,0.0364990234375,-0.03411865234375,0.9927978515625,-0.008926493115723133,0.0018652373692020774,0.00506278732791543,0.7115971446037292,-0.12280993163585663,2.3409500122070312,-2.1212356090545654,0,0,0,0,0,
8000,0.048828125,-0.03857421875,0.9915771484375,-0.009725880809128284,-0.0013323124730959535,0.003064318560063839,0.7112922668457031,-0.1196916475892067,2.3885486125946045,-2.131627082824707,0,0,0,0,0,
8050,0.03857421875,-0.03692626953125,0.9930419921875,-0.008793261833488941,-0.0033307811245322227,0.004396630916744471,0.7093608975410461,-0.11684857308864594,2.371978759765625,-2.131260871887207,0,0,0,0,0,
8100,0.0411376953125,-0.03802490234375,0.99267578125,-0.00866003055125475,0.002398162381723523,0.004396630916744471,0.7076160907745361,-0.11489534378051758,2.3719124794006348,-2.1373162269592285,0,0,0,0,0,
8150,0.048828125,-0.037353515625,0.99029541015625,-0.009592649526894093,-0.003064318560063839,0.0034640124067664146,0.710527777671814,-0.1133398711681366,2.4167327880859375,-2.13934063911438,0,0,0,0,0,
8200,0.034912109375,-0.03594970703125,0.992431640625,-0.008526799269020557,-0.0014655436389148235,0.003197549842298031,0.7091149687767029,-0.11127986758947372,2.3763999938964844,-2.132739782333374,0,0,0,0,0,
8250,0.04705810546875,-0.03729248046875,0.9920654296875,-0.009326186962425709,0.0014655436389148235,0.0033307811245322227,0.7112185955047607,-0.1096024364233017,2.410151481628418,-2.1345055103302,0,0,0,0,0,
8300,0.0439453125,-0.033203125,0.99176025390625,-0.007727412041276693,-0.0034640124067664146,0.0021316998172551394,0.7143673300743103,-0.10590461641550064,2.422705888748169,-2.112624168395996,0,0,0,0,0,
8350,0.03790283203125,-0.03839111328125,0.9923095703125,-0.008793261833488941,0.0007993874605745077,0.0022649310994893312,0.7148318886756897,-0.1035904511809349,2.3990132808685303,-2.12276291847229,0,0,0,0,0,
8400,0.04833984375,-0.03729248046875,0.99017333984375,-0.008926493115723133,-0.0015987749211490154,0.004263399634510279,0.7191838026046753,-0.10182329267263412,2.4383511543273926,-2.1259188652038574,0,0,0,0,0,
8450,0.0384521484375,-0.03839111328125,0.9915771484375,-0.007327718660235405,-0.0015987749211490154,0.005196018610149622,0.7209088206291199,-0.10112911462783813,2.416433572769165,-2.1348814964294434,0,0,0,0,0,
8500,0.0406494140625,-0.03863525390625,0.9912109375,-0.008260336704552174,0.001998468767851591,0.0034640124067664146,0.7217633128166199,-0.1014576256275177,2.409454107284546,-2.144414186477661,0,0,0,0,0,
8550,0.04669189453125,-0.037109375,0.98895263671875,-0.01012557465583086,-0.0034640124067664146,0.0034640124067664146,0.7254432439804077,-0.10177497565746307,2.4385623931884766,-2.1446311473846436,0,0,0,0,0,
8600,0.03692626953125,-0.03900146484375,0.99365234375,-0.0075941807590425014,-0.0002664624771568924,0.003197549842298031,0.7256301045417786,-0.10307832807302475,2.4073121547698975,-2.154808521270752,0,0,0,0,0,
8650,0.0439453125,-0.039306640625,0.99224853515625,-0.0094594182446599,0.0009326186846010387,0.002797856228426099,0.7270650267601013,-0.10536693781614304,2.4199798107147217,-2.165964365005493,0,0,0,0,0,
8750,0.03839111328125,-0.03753662109375,0.99420166015625,-0.006528330966830254,-0.0018652373692020774,0.002797856228426099,0.7306041121482849,-0.1058964878320694,2.414874792098999,-2.1487784385681152,0,0,0,0,0,
8800,0.04888916015625,-0.04095458984375,0.99090576171875,-0.011724349111318588,0.0006661562365479767,0.002531393663957715,0.7351014614105225,-0.10833440721035004,2.455578088760376,-2.1702756881713867,0,0,0,0,0,
8850,0.0439453125,-0.03509521484375,0.99005126953125,-0.008526799269020557,-0.0035972436890006065,0.005862174555659294,0.7399911284446716,-0.10910999774932861,2.463998317718506,-2.156090259552002,0,0,0,0,0,
8900,0.03759765625,-0.03857421875,0.99285888671875,-0.008393567986786366,-0.0005329249543137848,0.0037304747384041548,0.7414194941520691,-0.11048120260238647,2.434274673461914,-2.1628220081329346,0,0,0,0,0,
8950,0.04534912109375,-0.03558349609375,0.9918212890625,-0.009725880809128284,-0.0022649310994893312,0.0045298621989786625,0.7445246577262878,-0.1106128841638565,2.4524714946746826,-2.1517980098724365,0,0,0,0,0,
9000,0.0374755859375,-0.0341796875,0.98980712890625,-0.008526799269020557,-0.0013323124730959535,0.004929556045681238,0.7444707155227661,-0.10898064821958542,2.423985242843628,-2.1342904567718506,0,0,0,0,0,
9050,0.04010009765625,-0.0401611328125,0.9925537109375,-0.009059724397957325,0.0010658499086275697,0.0021316998172551394,0.7432980537414551,-0.10932206362485886,2.4127442836761475,-2.1523947715759277,0,0,0,0,0,
9100,0.04547119140625,-0.035400390625,0.9893798828125,-0.009592649526894093,-0.0005329249543137848,0.004263399634510279,0.7444081902503967,-0.10857800394296646,2.434399127960205,-2.1418814659118652,0,0,0,0,0,
9150,0.0400390625,-0.03656005859375,0.9921875,-0.008127106353640556,-0.0006661562365479767,0.0038637060206383467,0.744155764579773,-0.10757503658533096,2.421884059906006,-2.1385483741760254,0,0,0,0,0,
9200,0.04296875,-0.04052734375,0.99261474609375,-0.010258805938065052,-0.00039969373028725386,0.002931087277829647,0.744476854801178,-0.10864745825529099,2.4273667335510254,-2.158299207687378,0,0,0,0,0,
9250,0.04205322265625,-0.0323486328125,0.99163818359375,-0.008393567986786366,-0.00039969373028725386,0.00506278732791543,0.7447628974914551,-0.10669755935668945,2.427337408065796,-2.129148483276367,0,0,0,0,0,
9300,0.04052734375,-0.04022216796875,0.99346923828125,-0.008926493115723133,-0.0005329249543137848,0.003064318560063839,0.7440866231918335,-0.10681948065757751,2.4179999828338623,-2.147916793823242,0,0,0,0,0,
9350,0.04254150390625,-0.0345458984375,0.99188232421875,-0.010924962349236012,-0.0007993874605745077,0.0045298621989786625,0.7438420653343201,-0.10537911206483841,2.4216411113739014,-2.132415771484375,0,0,0,0,0,
9400,0.04144287109375,-0.0347900390625,0.99273681640625,-0.006794793531298637,-0.0009326186846010387,0.001998468767851591,0.7432956099510193,-0.10281112790107727,2.418377637863159,-2.119699239730835,0,0,0,0,0,
9450,0.0419921875,-0.0418701171875,0.9912109375,-0.009592649526894093,-0.0010658499086275697,0.0034640124067664146,0.7428572773933411,-0.10346801578998566,2.418912410736084,-2.1493799686431885,0,0,0,0,0,
9500,0.04510498046875,-0.0357666015625,0.98944091796875,-0.009192955680191517,-0.002531393663957715,0.004130168352276087,0.7443535923957825,-0.103248231112957,2.4378206729888916,-2.141270160675049,0,0,0,0,0,
9550,0.039306640625,-0.04132080078125,0.9912109375,-0.007061256095767021,-0.0014655436389148235,0.0033307811245322227,0.7440120577812195,-0.10548941791057587,2.42093825340271,-2.1656601428985596,0,0,0,0,0,
9600,0.04168701171875,-0.03936767578125,0.99371337890625,-0.010924962349236012,-0.0010658499086275697,0.003996937535703182,0.7434980273246765,-0.1085188165307045,2.4188718795776367,-2.175783395767212,0,0,0,0,0,
9650,0.04132080078125,-0.03326416015625,0.99163818359375,-0.008260336704552174,-0.0013323124730959535,0.0037304747384041548,0.7426944971084595,-0.10868409276008606,2.4154629707336426,-2.1501715183258057,0,0,0,0,0,
9700,0.043212890625,-0.036376953125,0.99200439453125,-0.0075941807590425014,-0.0006661562365479767,0.003996937535703182,0.7427431344985962,-0.1083121970295906,2.4231808185577393,-2.144965171813965,0,0,0,0,0,
9750,0.04217529296875,-0.03753662109375,0.99383544921875,-0.010525268502533436,-0.0013323124730959535,0.0035972436890006065,0.7428378462791443,-0.10813871771097183,2.4236903190612793,-2.1465773582458496,0,0,0,0,0,
9800,0.0430908203125,-0.0338134765625,0.9915771484375,-0.006928024813532829,-0.0022649310994893312,0.002931087277829647,0.7435548901557922,-0.10603005439043045,2.4300084114074707,-2.127052068710327,0,0,0,0,0,
9850,0.04168701171875,-0.037841796875,0.991455078125,-0.01012557465583086,-0.0010658499086275697,0.003197549842298031,0.7439593076705933,-0.10470021516084671,2.4275991916656494,-2.1327316761016846,0,0,0,0,0,
9900,0.04388427734375,-0.0341796875,0.9935302734375,-0.010525268502533436,-0.0014655436389148235,0.002664624946191907,0.7453250288963318,-0.10185779631137848,2.4376165866851807,-2.1162760257720947,0,0,0,0,0,
10000,0.04058837890625,-0.03790283203125,0.9932861328125,-0.010392037220299244,0.00039969373028725386,0.005728943273425102,0.7459833025932312,-0.09573748707771301,2.42425799369812,-2.1133408546447754,0,0,0,0,0,
10050,0.04205322265625,-0.033935546875,0.9913330078125,-0.009059724397957325,-0.0007993874605745077,0.0033307811245322227,0.745844841003418,-0.09195420891046524,2.4245991706848145,-2.097904682159424,0,0,0,0,0,
10100,0.04144287109375,-0.03961181640625,0.99169921875,-0.0074609494768083096,-0.00039969373028725386,0.0037304747384041548,0.7453853487968445,-0.09042339026927948,2.4212496280670166,-2.1166460514068604,0,0,0,0,0,
10150,0.04364013671875,-0.03717041015625,0.990478515625,-0.01079173106700182,0.0002664624771568924,0.0045298621989786625,0.7459681630134583,-0.08934976160526276,2.431213617324829,-2.119687080383301,0,0,0,0,0,
10200,0.04150390625,-0.034423828125,0.9913330078125,-0.007727412041276693,-0.002398162381723523,0.003197549842298031,0.7461403012275696,-0.08705796301364899,2.427689790725708,-2.106431722640991,0,0,0,0,0,
10250,0.040771484375,-0.04254150390625,0.992431640625,-0.01079173106700182,-0.002664624946191907,0.002797856228426099,0.7455219030380249,-0.08845799416303635,2.4199564456939697,-2.1410582065582275,0,0,0,0,0,
10300,0.04107666015625,-0.03338623046875,0.99090576171875,-0.009992343373596668,-0.0017320062033832073,0.004796324763447046,0.7444906234741211,-0.08759037405252457,2.4152090549468994,-2.119781732559204,0,0,0,0,0,
10350,0.04168701171875,-0.03839111328125,0.99359130859375,-0.01012557465583086,-0.0009326186846010387,0.004796324763447046,0.7434171438217163,-0.08772113174200058,2.4137558937072754,-2.1288979053497314,0,0,0,0,0,
10400,0.039306640625,-0.03643798828125,0.99176025390625,-0.010658499784767628,-0.002398162381723523,0.004796324763447046,0.7409949898719788,-0.08757492899894714,2.399195432662964,-2.1262590885162354,0,0,0,0,0,
10450,0.044189453125,-0.03314208984375,0.99237060546875,-0.009592649526894093,-0.0017320062033832073,0.00506278732791543,0.7403059601783752,-0.08528906852006912,2.414105176925659,-2.1047163009643555,0,0,0,0,0,
10500,0.03985595703125,-0.03936767578125,0.99078369140625,-0.008127106353640556,-0.0015987749211490154,0.005595712456852198,0.7385637760162354,-0.0849183201789856,2.4028842449188232,-2.121581554412842,0,0,0,0,0,
10550,0.04351806640625,-0.0361328125,0.9920654296875,-0.008526799269020557,0.0,0.0018652373692020774,0.7380678653717041,-0.08420770615339279,2.413604974746704,-2.117812156677246,0,0,0,0,0,
10600,0.044189453125,-0.0352783203125,0.9932861328125,-0.0074609494768083096,-0.0009326186846010387,0.0021316998172551394,0.7389442324638367,-0.08270996809005737,2.4268317222595215,-2.1092302799224854,0,0,0,0,0,
10650,0.03997802734375,-0.0396728515625,0.99176025390625,-0.008127106353640556,-0.0010658499086275697,0.002931087277829647,0.738530158996582,-0.0831582173705101,2.4148035049438477,-2.127192497253418,0,0,0,0,0,
10700,0.04083251953125,-0.03619384765625,0.9888916015625,-0.009326186962425709,-0.0009326186846010387,0.004796324763447046,0.737639844417572,-0.08323401212692261,2.4096271991729736,-2.1239161491394043,0,0,0,0,0,
10750,0.04443359375,-0.0364990234375,0.99151611328125,-0.007194487378001213,-0.002531393663957715,0.003064318560063839,0.7383840084075928,-0.0831238180398941,2.425081968307495,-2.1221320629119873,0,0,0,0,0,
10800,0.03729248046875,-0.0382080078125,0.99237060546875,-0.007727412041276693,-0.0015987749211490154,0.0033307811245322227,0.73630690574646,-0.08383741229772568,2.3976128101348877,-2.1302597522735596,0,0,0,0,0,
10850,0.04254150390625,-0.0347900390625,0.99163818359375,-0.009059724397957325,-0.0006661562365479767,0.0037304747384041548,0.7350112199783325,-0.08325184136629105,2.4033498764038086,-2.1179816722869873,0,0,0,0,0,
10900,0.0435791015625,-0.0386962890625,0.99383544921875,-0.007727412041276693,-0.0018652373692020774,0.0037304747384041548,0.7349026203155518,-0.08382347971200943,2.4139249324798584,-2.1289682388305664,0,0,0,0,0,
10950,0.04119873046875,-0.03582763671875,0.99188232421875,-0.008526799269020557,-0.0017320062033832073,0.004130168352276087,0.7344349026679993,-0.08371730893850327,2.4102251529693604,-2.1227617263793945,0,0,0,0,0,
11000,0.04327392578125,-0.03692626953125,0.990478515625,-0.0094594182446599,-0.00039969373028725386,0.0038637060206383467,0.73490971326828,-0.08372436463832855,2.4191834926605225,-2.1237878799438477,0,0,0,0,0,
11050,0.04180908203125,-0.0384521484375,0.9912109375,-0.00866003055125475,-0.002531393663957715,0.0034640124067664146,0.7352801561355591,-0.08468835055828094,2.418614149093628,-2.133364200592041,0,0,0,0,0,
11100,0.0396728515625,-0.03564453125,0.9923095703125,-0.009592649526894093,-0.0021316998172551394,0.004130168352276087,0.7343069911003113,-0.08477790653705597,2.4055488109588623,-2.1255838871002197,0,0,0,0,0,
11150,0.04107666015625,-0.03814697265625,0.98992919921875,-0.009859112091362476,-0.001998468767851591,0.004396630916744471,0.733119547367096,-0.08565045893192291,2.402432918548584,-2.1335034370422363,0,0,0,0,0,
11250,0.039794921875,-0.03521728515625,0.99078369140625,-0.008926493115723133,-0.0001332312385784462,0.002531393663957715,0.7249703407287598,-0.0859026163816452,2.3666510581970215,-2.1223363876342773,0,0,0,0,0,
11300,0.04119873046875,-0.0362548828125,0.9923095703125,-0.008526799269020557,-0.0005329249543137848,0.0045298621989786625,0.7212305068969727,-0.0852285847067833,2.367572546005249,-2.1191623210906982,0,0,0,0,0,
11350,0.0421142578125,-0.036376953125,0.99212646484375,-0.009192955680191517,-0.0009326186846010387,0.002531393663957715,0.7184796333312988,-0.08440978825092316,2.3737218379974365,-2.1170406341552734,0,0,0,0,0,
11400,0.04278564453125,-0.03717041015625,0.99127197265625,-0.008260336704552174,-0.0014655436389148235,0.0034640124067664146,0.7169640064239502,-0.08395702391862869,2.3833234310150146,-2.119882106781006,0,0,0,0,0,
11450,0.042724609375,-0.03790283203125,0.99078369140625,-0.009192955680191517,-0.0011990811908617616,0.0038637060206383467,0.7164400815963745,-0.08423806726932526,2.3917245864868164,-2.12676739692688,0,0,0,0,0,
11500,0.0379638671875,-0.03424072265625,0.99267578125,-0.008526799269020557,-0.0001332312385784462,0.0037304747384041548,0.7139380574226379,-0.08296304941177368,2.371419668197632,-2.111487865447998,0,0,0,0,0,
11550,0.04437255859375,-0.03692626953125,0.9906005859375,-0.008793261833488941,-0.0013323124730959535,0.003064318560063839,0.7136004567146301,-0.08202732354402542,2.3905625343322754,-2.1136057376861572,0,0,0,0,0,
11600,0.04278564453125,-0.039794921875,0.9910888671875,-0.0094594182446599,-0.002531393663957715,0.004396630916744471,0.7140905261039734,-0.08302085101604462,2.398501396179199,-2.131962537765503,0,0,0,0,0,
11650,0.03955078125,-0.03729248046875,0.99163818359375,-0.008260336704552174,-0.0005329249543137848,0.004663093481212854,0.7133702635765076,-0.0841154158115387,2.386888027191162,-2.1339664459228516,0,0,0,0,0,
11700,0.04205322265625,-0.038330078125,0.99163818359375,-0.008793261833488941,-0.002797856228426099,0.0022649310994893312,0.7131184935569763,-0.08587685972452164,2.390852689743042,-2.1417298316955566,0,0,0,0,0,
11750,0.03790283203125,-0.0357666015625,0.9923095703125,-0.0075941807590425014,-0.0009326186846010387,0.0037304747384041548,0.7108424305915833,-0.0866721123456955,2.3703582286834717,-2.133829355239868,0,0,0,0,0,
11800,0.0418701171875,-0.03851318359375,0.991455078125,-0.0074609494768083096,-0.0005329249543137848,0.002398162381723523,0.7092543840408325,-0.08827517926692963,2.374962329864502,-2.14270281791687,0,0,0,0,0,
11850,0.041748046875,-0.03973388671875,0.9915771484375,-0.009592649526894093,-0.0014655436389148235,0.004130168352276087,0.708165168762207,-0.09121778607368469,2.3783624172210693,-2.157701253890991,0,0,0,0,0,
11900,0.04107666015625,-0.0390625,0.9915771484375,-0.0094594182446599,0.0011990811908617616,0.0015987749211490154,0.707104504108429,-0.0948294848203659,2.3775582313537598,-2.167334794998169,0,0,0,0,0,
11950,0.042236328125,-0.0390625,0.9893798828125,-0.0094594182446599,-0.0009326186846010387,0.0035972436890006065,0.7067986130714417,-0.09899409115314484,2.3840458393096924,-2.1764755249023438,0,0,0,0,0,
12000,0.042236328125,-0.0372314453125,0.992919921875,-0.009592649526894093,-0.0015987749211490154,0.002797856228426099,0.7070239782333374,-0.10243171453475952,2.3890528678894043,-2.173370361328125,0,0,0,0,0,
12050,0.041259765625,-0.0362548828125,0.99102783203125,-0.008393567986786366,0.00039969373028725386,0.002531393663957715,0.7071607708930969,-0.10472539812326431,2.388392448425293,-2.1653685569763184,0,0,0,0,0,
12100,0.04425048828125,-0.03564453125,0.990966796875,-0.009992343373596668,-0.002398162381723523,0.004263399634510279,0.7089506983757019,-0.10571616142988205,2.405059814453125,-2.154633045196533,0,0,0,0,0,
12150,0.04193115234375,-0.03643798828125,0.99420166015625,-0.007194487378001213,-0.0011990811908617616,0.0038637060206383467,0.7106456160545349,-0.10603123158216476,2.405900001525879,-2.148866891860962,0,0,0,0,0,
12200,0.04583740234375,-0.03704833984375,0.99212646484375,-0.007993875071406364,-0.0005329249543137848,0.0037304747384041548,0.7145475149154663,-0.10618915408849716,2.4296646118164062,-2.1476104259490967,0,0,0,0,0,
12250,0.03948974609375,-0.03778076171875,0.99151611328125,-0.007860643789172173,-0.0018652373692020774,0.002797856228426099,0.7165539860725403,-0.10665934532880783,2.414612054824829,-2.150891065597534,0,0,0,0,0,
12500,0.04058837890625,-0.0382080078125,0.9913330078125,-0.009059724397957325,-0.0013323124730959535,0.002531393663957715,0.7130539417266846,-0.11986273527145386,2.383312940597534,-2.186678647994995,0,0,0,0,0,
12550,0.0394287109375,-0.0360107421875,0.9923095703125,-0.009725880809128284,-0.0014655436389148235,0.004130168352276087,0.710985541343689,-0.12144424021244049,2.3723697662353516,-2.17567777633667,0,0,0,0,0,
12600,0.0421142578125,-0.03851318359375,0.9931640625,-0.010525268502533436,0.00039969373028725386,0.004130168352276087,0.709663987159729,-0.12329865992069244,2.377769947052002,-2.179988384246826,0,0,0,0,0,
12650,0.0421142578125,-0.03778076171875,0.99365234375,-0.009326186962425709,0.0002664624771568924,0.002931087277829647,0.7089494466781616,-0.12492278963327408,2.382518768310547,-2.179539918899536,0,0,0,0,0,
12700,0.03875732421875,-0.038330078125,0.99212646484375,-0.007860643789172173,-0.001998468767851591,0.002797856228426099,0.7068358063697815,-0.1266970932483673,2.3678131103515625,-2.1826658248901367,0,0,0,0,0,
12750,0.0408935546875,-0.0372314453125,0.9927978515625,-0.008926493115723133,0.0009326186846010387,0.002931087277829647,0.704825758934021,-0.12792560458183289,2.3667352199554443,-2.1789822578430176,0,0,0,0,0,
12800,0.0404052734375,-0.0372314453125,0.99285888671875,-0.0094594182446599,0.0001332312385784462,0.0045298621989786625,0.7026368975639343,-0.12869898974895477,2.3629376888275146,-2.175659418106079,0,0,0,0,0,
12850,0.04180908203125,-0.03790283203125,0.99066162109375,-0.008393567986786366,0.0005329249543137848,0.002531393663957715,0.7011855244636536,-0.12952952086925507,2.3681232929229736,-2.177004337310791,0,0,0,0,0,
12900,0.0413818359375,-0.03936767578125,0.9918212890625,-0.009725880809128284,-0.002931087277829647,0.002531393663957715,0.7000710368156433,-0.1312171071767807,2.3700404167175293,-2.1864054203033447,0,0,0,0,0,
12950,0.0408935546875,-0.03509521484375,0.990966796875,-0.008526799269020557,-0.0009326186846010387,0.0045298621989786625,0.698983371257782,-0.13113932311534882,2.369194507598877,-2.1704392433166504,0,0,0,0,0,
13000,0.04400634765625,-0.03594970703125,0.98980712890625,-0.008793261833488941,-0.0010658499086275697,0.002664624946191907,0.6997491121292114,-0.13014689087867737,2.386641263961792,-2.16121506690979,0,0,0,0,0,
13050,0.04541015625,-0.035400390625,0.99237060546875,-0.008127106353640556,-0.0015987749211490154,0.0035972436890006065,0.7027567625045776,-0.1280498206615448,2.409825325012207,-2.1491761207580566,0,0,0,0,0,
13100,0.03802490234375,-0.03985595703125,0.9918212890625,-0.008393567986786366,-0.0002664624771568924,0.004130168352276087,0.7033033967018127,-0.12766560912132263,2.3882229328155518,-2.164207696914673,0,0,0,0,0,
13150,0.041748046875,-0.0386962890625,0.9921875,-0.008793261833488941,-0.00039969373028725386,0.004663093481212854,0.7039889097213745,-0.1279928982257843,2.3901591300964355,-2.170938491821289,0,0,0,0,0,
13200,0.0391845703125,-0.03509521484375,0.98980712890625,-0.009326186962425709,-0.0007993874605745077,0.004130168352276087,0.7033631205558777,-0.1268717497587204,2.3777315616607666,-2.1567814350128174,0,0,0,0,0,
13250,0.0430908203125,-0.0396728515625,0.9908447265625,-0.00866003055125475,-0.0018652373692020774,0.0033307811245322227,0.7039037942886353,-0.12720119953155518,2.3887698650360107,-2.170166254043579,0,0,0,0,0,
13300,0.04302978515625,-0.03802490234375,0.99114990234375,-0.008260336704552174,-0.0015987749211490154,0.0022649310994893312,0.7053429484367371,-0.12774576246738434,2.3982954025268555,-2.1726467609405518,0,0,0,0,0,
13350,0.0426025390625,-0.03472900390625,0.99066162109375,-0.008260336704552174,0.0,0.004130168352276087,0.7072641253471375,-0.12656989693641663,2.4045543670654297,-2.155987024307251,0,0,0,0,0,
13400,0.0411376953125,-0.0384521484375,0.993408203125,-0.009192955680191517,-0.0011990811908617616,0.004263399634510279,0.7086422443389893,-0.12610045075416565,2.401045799255371,-2.1618754863739014,0,0,0,0,0,
13450,0.04217529296875,-0.03717041015625,0.99090576171875,-0.008926493115723133,-0.0011990811908617616,0.0015987749211490154,0.7102265357971191,-0.12552234530448914,2.4044852256774902,-2.1603193283081055,0,0,0,0,0,
13500,0.04376220703125,-0.037109375,0.992431640625,-0.010258805938065052,-0.0007993874605745077,0.003996937535703182,0.7128397226333618,-0.12479225546121597,2.416358470916748,-2.158221483230591,0,0,0,0,0,
13550,0.042724609375,-0.0394287109375,0.9910888671875,-0.009992343373596668,0.00039969373028725386,0.004130168352276087,0.7156925797462463,-0.12531344592571259,2.4213685989379883,-2.17000412940979,0,0,0,0,0,
13600,0.04156494140625,-0.03668212890625,0.99188232421875,-0.009326186962425709,-0.0007993874605745077,0.0038637060206383467,0.7180258631706238,-0.12524347007274628,2.419025421142578,-2.164613723754883,0,0,0,0,0,
13650,0.04327392578125,-0.03680419921875,0.9932861328125,-0.008393567986786366,0.0009326186846010387,0.004796324763447046,0.7208655476570129,-0.12473367154598236,2.4264230728149414,-2.1601455211639404,0,0,0,0,0,
13750,0.0399169921875,-0.03546142578125,0.9912109375,-0.008926493115723133,-0.00039969373028725386,0.004396630916744471,0.7240489721298218,-0.12135791033506393,2.4119749069213867,-2.1419849395751953,0,0,0,0,0,
13800,0.04461669921875,-0.03863525390625,0.99127197265625,-0.008260336704552174,-0.0007993874605745077,0.003996937535703182,0.7264732122421265,-0.12029813230037689,2.4282913208007812,-2.1507601737976074,0,0,0,0,0,
13850,0.043212890625,-0.0394287109375,0.99322509765625,-0.008526799269020557,-0.002398162381723523,0.005462481174618006,0.7292659282684326,-0.12055034935474396,2.4344003200531006,-2.162820339202881,0,0,0,0,0,
13900,0.03973388671875,-0.03912353515625,0.99237060546875,-0.009992343373596668,-0.0015987749211490154,0.005196018610149622,0.7303454875946045,-0.121708445250988,2.4200613498687744,-2.172131299972534,0,0,0,0,0,
13950,0.039794921875,-0.0384521484375,0.993408203125,-0.008926493115723133,-0.0011990811908617616,0.0035972436890006065,0.7300373315811157,-0.1231788843870163,2.407264471054077,-2.17641282081604,0,0,0,0,0,
14000,0.0389404296875,-0.0360107421875,0.9920654296875,-0.008526799269020557,-0.0010658499086275697,0.004663093481212854,0.7281509041786194,-0.12351086735725403,2.3911731243133545,-2.1664986610412598,0,0,0,0,0,
14050,0.04278564453125,-0.03765869140625,0.991455078125,-0.00866003055125475,0.0002664624771568924,0.002398162381723523,0.7272335290908813,-0.12387678772211075,2.398977518081665,-2.1671700477600098,0,0,0,0,0,
14100,0.044189453125,-0.0372314453125,0.9920654296875,-0.007327718660235405,0.0001332312385784462,0.002797856228426099,0.7279048562049866,-0.1240057498216629,2.413947343826294,-2.1651663780212402,0,0,0,0,0,
14150,0.04290771484375,-0.036865234375,0.992431640625,-0.007860643789172173,0.0,0.004796324763447046,0.7291092276573181,-0.12372367829084396,2.4199485778808594,-2.1611850261688232,0,0,0,0,0,
14200,0.04656982421875,-0.035400390625,0.9932861328125,-0.009326186962425709,-0.0001332312385784462,0.002797856228426099,0.7328233122825623,-0.12224560976028442,2.4462504386901855,-2.1489429473876953,0,0,0,0,0,
14250,0.0390625,-0.03497314453125,0.9915771484375,-0.008393567986786366,-0.0010658499086275697,0.005196018610149622,0.734250545501709,-0.11961127072572708,2.427095651626587,-2.135902166366577,0,0,0,0,0,
14300,0.041259765625,-0.036376953125,0.99346923828125,-0.007860643789172173,-0.0009326186846010387,0.005595712456852198,0.735029399394989,-0.1168329045176506,2.422039270401001,-2.1318275928497314,0,0,0,0,0,
14350,0.041748046875,-0.03485107421875,0.990966796875,-0.008926493115723133,-0.0009326186846010387,0.0038637060206383467,0.7356188893318176,-0.11313961446285248,2.420924663543701,-2.1198999881744385,0,0,0,0,0,
14400,0.04071044921875,-0.03814697265625,0.99212646484375,-0.0074609494768083096,-0.0010658499086275697,0.0037304747384041548,0.7354202270507812,-0.11061740666627884,2.4136321544647217,-2.127917528152466,0,0,0,0,0,
14450,0.04034423828125,-0.03790283203125,0.9925537109375,-0.008393567986786366,0.0002664624771568924,0.004929556045681238,0.7343639135360718,-0.10891950875520706,2.404857635498047,-2.133638381958008,0,0,0,0,0,
14500,0.0443115234375,-0.03668212890625,0.991455078125,-0.007993875071406364,-0.002797856228426099,0.003064318560063839,0.7349368333816528,-0.10722286254167557,2.420093059539795,-2.131953001022339,0,0,0,0,0,
14550,0.041015625,-0.0377197265625,0.99298095703125,-0.009326186962425709,0.0005329249543137848,0.0033307811245322227,0.7348869442939758,-0.1061122789978981,2.414438009262085,-2.1361169815063477,0,0,0,0,0,
14600,0.0418701171875,-0.03704833984375,0.99151611328125,-0.008793261833488941,-0.0018652373692020774,0.004663093481212854,0.7348615527153015,-0.10513132810592651,2.41463303565979,-2.1363027095794678,0,0,0,0,0,
14650,0.04132080078125,-0.034912109375,0.991943359375,-0.007993875071406364,-0.0009326186846010387,0.003197549842298031,0.7345313429832458,-0.10302562266588211,2.4115593433380127,-2.1240742206573486,0,0,0,0,0,
14700,0.0406494140625,-0.03826904296875,0.9927978515625,-0.008526799269020557,-0.0015987749211490154,0.002931087277829647,0.733547031879425,-0.10194651782512665,2.4046878814697266,-2.132234573364258,0,0,0,0,0,
14750,0.04150390625,-0.03887939453125,0.99359130859375,-0.0094594182446599,-0.0014655436389148235,0.002797856228426099,0.7325152158737183,-0.10204342007637024,2.403229236602783,-2.1429154872894287,0,0,0,0,0,
14800,0.041748046875,-0.036376953125,0.99224853515625,-0.0075941807590425014,-0.0022649310994893312,0.004663093481212854,0.7316306829452515,-0.10167884826660156,2.403670310974121,-2.138397693634033,0,0,0,0,0,
14850,0.04034423828125,-0.038818359375,0.99249267578125,-0.008793261833488941,-0.0010658499086275697,0.003064318560063839,0.7300575971603394,-0.10234658420085907,2.395900249481201,-2.1483561992645264,0,0,0,0,0,
14900,0.0418701171875,-0.0362548828125,0.99237060546875,-0.010658499784767628,-0.0006661562365479767,0.003996937535703182,0.728826642036438,-0.1023683100938797,2.3977484703063965,-2.142563819885254,0,0,0,0,0,
15000,0.04315185546875,-0.03759765625,0.99200439453125,-0.0094594182446599,-0.0006661562365479767,0.0038637060206383467,0.7265197038650513,-0.10373689979314804,2.401298999786377,-2.1505157947540283,0,0,0,0,0,
15050,0.04412841796875,-0.034912109375,0.99139404296875,-0.008393567986786366,-0.0010658499086275697,0.0038637060206383467,0.7274541258811951,-0.10305935889482498,2.4158639907836914,-2.1369614601135254,0,0,0,0,0,
15100,0.041748046875,-0.0367431640625,0.9921875,-0.009326186962425709,-0.0005329249543137848,0.002931087277829647,0.7282139658927917,-0.10226961225271225,2.415052890777588,-2.135161876678467,0,0,0,0,0,
15150,0.0421142578125,-0.0360107421875,0.99127197265625,-0.009192955680191517,-0.0006661562365479767,0.002398162381723523,0.7290586829185486,-0.10099416971206665,2.416661262512207,-2.1295151710510254,0,0,0,0,0,
15200,0.03973388671875,-0.03558349609375,0.99371337890625,-0.009059724397957325,-0.0007993874605745077,0.002931087277829647,0.7285336852073669,-0.09904179722070694,2.403808832168579,-2.1214704513549805,0,0,0,0,0,
15250,0.04296875,-0.0364990234375,0.99212646484375,-0.009859112091362476,-0.001998468767851591,0.004130168352276087,0.728805422782898,-0.09711913019418716,2.4112513065338135,-2.1198151111602783,0,0,0,0,0,
15300,0.04193115234375,-0.03533935546875,0.9915771484375,-0.008926493115723133,-0.0021316998172551394,0.004263399634510279,0.7291365265846252,-0.09458421170711517,2.412116765975952,-2.111769914627075,0,0,0,0,0,
15350,0.04302978515625,-0.03582763671875,0.99200439453125,-0.007993875071406364,-0.0018652373692020774,0.0018652373692020774,0.7301344871520996,-0.09184998273849487,2.419116258621216,-2.1072418689727783,0,0,0,0,0,
15400,0.04315185546875,-0.0380859375,0.9927978515625,-0.008793261833488941,-0.0010658499086275697,0.004929556045681238,0.7317115664482117,-0.09026576578617096,2.425905704498291,-2.1160078048706055,0,0,0,0,0,
15450,0.044921875,-0.03619384765625,0.99200439453125,-0.008793261833488941,-0.0007993874605745077,0.0045298621989786625,0.7347825169563293,-0.08855412900447845,2.4424216747283936,-2.113149404525757,0,0,0,0,0,
15500,0.04388427734375,-0.0369873046875,0.991455078125,-0.0094594182446599,-0.0010658499086275697,0.003996937535703182,0.7384480237960815,-0.08722604066133499,2.4514379501342773,-2.1152732372283936,0,0,0,0,0,
15550,0.04425048828125,-0.03570556640625,0.990234375,-0.008926493115723133,-0.0009326186846010387,0.0034640124067664146,0.7428009510040283,-0.08550898730754852,2.461977243423462,-2.110055446624756,0,0,0,0,0,
15600,0.0418701171875,-0.03350830078125,0.99102783203125,-0.007993875071406364,-0.0017320062033832073,0.003197549842298031,0.7462781667709351,-0.08221281319856644,2.4575729370117188,-2.0925471782684326,0,0,0,0,0,
15650,0.044189453125,-0.03607177734375,0.99176025390625,-0.008393567986786366,-0.0017320062033832073,0.002664624946191907,0.7503272294998169,-0.07913030683994293,2.466768503189087,-2.0913877487182617,0,0,0,0,0,
15700,0.0423583984375,-0.037841796875,0.9925537109375,-0.0094594182446599,-0.0010658499086275697,0.002931087277829647,0.753722608089447,-0.07725677639245987,2.4642813205718994,-2.1003949642181396,0,0,0,0,0,
15750,0.0408935546875,-0.0360107421875,0.99224853515625,-0.0094594182446599,0.00039969373028725386,0.002664624946191907,0.7557199001312256,-0.07533370703458786,2.45369553565979,-2.0980260372161865,0,0,0,0,0,
15800,0.04229736328125,-0.039306640625,0.99200439453125,-0.007993875071406364,-0.0014655436389148235,0.0033307811245322227,0.7573766112327576,-0.07529304176568985,2.452286958694458,-2.114927053451538,0,0,0,0,0,
15850,0.0394287109375,-0.03729248046875,0.99273681640625,-0.01012557465583086,0.0001332312385784462,0.005595712456852198,0.7570719718933105,-0.07560377568006516,2.4343302249908447,-2.1184003353118896,0,0,0,0,0,
15900,0.04351806640625,-0.03692626953125,0.9921875,-0.009592649526894093,-0.0014655436389148235,0.0038637060206383467,0.7575515508651733,-0.07599296420812607,2.4418678283691406,-2.1194956302642822,0,0,0,0,0,
15950,0.04107666015625,-0.0380859375,0.99200439453125,-0.00866003055125475,-0.00039969373028725386,0.0021316998172551394,0.7572584748268127,-0.07711618393659592,2.4346210956573486,-2.127225160598755,0,0,0,0,0,
16000,0.0416259765625,-0.0352783203125,0.99078369140625,-0.0075941807590425014,-0.0001332312385784462,0.0021316998172551394,0.7566913366317749,-0.07723041623830795,2.4315872192382812,-2.118258476257324,0,0,0,0,0,
16050,0.0394287109375,-0.03778076171875,0.99114990234375,-0.007727412041276693,-0.001998468767851591,0.0035972436890006065,0.7546303868293762,-0.07796251028776169,2.4160821437835693,-2.124551296234131,0,0,0,0,0,
16100,0.03973388671875,-0.03668212890625,0.9931640625,-0.009326186962425709,-0.0017320062033832073,0.003197549842298031,0.7515080571174622,-0.07851126790046692,2.403407096862793,-2.1234500408172607,0,0,0,0,0,
16150,0.041259765625,-0.0350341796875,0.99151611328125,-0.009725880809128284,-0.0002664624771568924,0.003064318560063839,0.7484777569770813,-0.0779900997877121,2.401205539703369,-2.113299608230591,0,0,0,0,0,
16250,0.04132080078125,-0.03729248046875,0.9931640625,-0.01079173106700182,0.0009326186846010387,0.004263399634510279,0.7437333464622498,-0.07776626199483871,2.4023683071136475,-2.1184000968933105,0,0,0,0,0,
16300,0.0426025390625,-0.0352783203125,0.9921875,-0.008526799269020557,-0.0011990811908617616,0.004396630916744471,0.7421442270278931,-0.0769905149936676,2.4078421592712402,-2.110008716583252,0,0,0,0,0,
16350,0.0401611328125,-0.03863525390625,0.98974609375,-0.009059724397957325,-0.0010658499086275697,0.002398162381723523,0.7398561239242554,-0.0775255635380745,2.399263620376587,-2.1223409175872803,0,0,0,0,0,
16400,0.039794921875,-0.0380859375,0.991943359375,-0.009725880809128284,-0.0014655436389148235,0.0037304747384041548,0.7367610335350037,-0.07875415682792664,2.3889052867889404,-2.1298115253448486,0,0,0,0,0,
16450,0.0440673828125,-0.03753662109375,0.989013671875,-0.010392037220299244,-0.0010658499086275697,0.002398162381723523,0.7355763912200928,-0.08027464896440506,2.4049148559570312,-2.1339590549468994,0,0,0,0,0,
16500,0.04315185546875,-0.03631591796875,0.9923095703125,-0.009592649526894093,-0.0015987749211490154,0.0045298621989786625,0.7353450655937195,-0.0812428817152977,2.4132633209228516,-2.1299569606781006,0,0,0,0,0,
16550,0.04083251953125,-0.03363037109375,0.99383544921875,-0.0094594182446599,-0.0002664624771568924,0.005196018610149622,0.7345170378684998,-0.08017585426568985,2.4070651531219482,-2.110572576522827,0,0,0,0,0,
16600,0.04241943359375,-0.03704833984375,0.9935302734375,-0.008393567986786366,-0.0007993874605745077,0.004663093481212854,0.7341327667236328,-0.0794462263584137,2.4106743335723877,-2.112879514694214,0,0,0,0,0,
16650,0.0384521484375,-0.0379638671875,0.991943359375,-0.007993875071406364,0.0,0.004130168352276087,0.7318636178970337,-0.07956196367740631,2.3914413452148438,-2.120603561401367,0,0,0,0,0,
16700,0.042724609375,-0.0364990234375,0.99053955078125,-0.009725880809128284,-0.0006661562365479767,0.002931087277829647,0.7305870652198792,-0.07954327017068863,2.3990986347198486,-2.119374990463257,0,0,0,0,0,
16750,0.04547119140625,-0.03741455078125,0.992431640625,-0.008260336704552174,-0.002398162381723523,0.003197549842298031,0.7316634654998779,-0.07990068942308426,2.421351432800293,-2.123117446899414,0,0,0,0,0,
16800,0.0416259765625,-0.03643798828125,0.9925537109375,-0.007993875071406364,-0.0013323124730959535,0.002398162381723523,0.7324172854423523,-0.07999727874994278,2.419201612472534,-2.120866537094116,0,0,0,0,0,
16850,0.0411376953125,-0.03570556640625,0.9912109375,-0.009192955680191517,-0.0013323124730959535,0.003996937535703182,0.7326542139053345,-0.07948853820562363,2.4147868156433105,-2.1149098873138428,0,0,0,0,0,
16900,0.04058837890625,-0.03521728515625,0.9913330078125,-0.009059724397957325,-0.002931087277829647,0.005329249892383814,0.7321509718894958,-0.0782109946012497,2.4076216220855713,-2.106713056564331,0,0,0,0,0,
16950,0.04150390625,-0.0360107421875,0.99188232421875,-0.008393567986786366,-0.0006661562365479767,0.0035972436890006065,0.7315666675567627,-0.07676826417446136,2.406308174133301,-2.10378360748291,0,0,0,0,0,
17000,0.04046630859375,-0.037841796875,0.99017333984375,-0.0094594182446599,-0.0013323124730959535,0.002797856228426099,0.7303643226623535,-0.076298788189888,2.399543285369873,-2.1120734214782715,0,0,0,0,0,
17050,0.0423583984375,-0.03924560546875,0.99139404296875,-0.008260336704552174,-0.0021316998172551394,0.0033307811245322227,0.7297330498695374,-0.07740404456853867,2.4040515422821045,-2.1273512840270996,0,0,0,0,0,
17100,0.0433349609375,-0.03570556640625,0.99127197265625,-0.009725880809128284,-0.0001332312385784462,0.002797856228426099,0.7301396727561951,-0.07773484289646149,2.413799285888672,-2.1207120418548584,0,0,0,0,0,
17150,0.04248046875,-0.03631591796875,0.99078369140625,-0.009059724397957325,-0.0013323124730959535,0.004130168352276087,0.7309017777442932,-0.07779805362224579,2.4177608489990234,-2.1183669567108154,0,0,0,0,0,
17200,0.04083251953125,-0.0390625,0.99298095703125,-0.010392037220299244,0.0,0.002664624946191907,0.7309384942054749,-0.07918179035186768,2.411268949508667,-2.1316354274749756,0,0,0,0,0,
17250,0.04290771484375,-0.0374755859375,0.9932861328125,-0.007727412041276693,-0.0007993874605745077,0.0045298621989786625,0.7315772175788879,-0.0806979313492775,2.4173262119293213,-2.134343147277832,0,0,0,0,0,
17300,0.04107666015625,-0.03924560546875,0.99029541015625,-0.009592649526894093,-0.0021316998172551394,0.0037304747384041548,0.7317131161689758,-0.08339227735996246,2.4129364490509033,-2.14764142036438,0,0,0,0,0,
17350,0.04119873046875,-0.03546142578125,0.99249267578125,-0.009192955680191517,-0.0018652373692020774,0.004263399634510279,0.7314608097076416,-0.08478541672229767,2.4091899394989014,-2.1373236179351807,0,0,0,0,0,
17400,0.04229736328125,-0.03802490234375,0.9915771484375,-0.008926493115723133,-0.0007993874605745077,0.004929556045681238,0.7315495014190674,-0.08660698682069778,2.4123480319976807,-2.143001079559326,0,0,0,0,0,
17500,0.04241943359375,-0.0352783203125,0.9931640625,-0.008393567986786366,-0.0009326186846010387,0.004929556045681238,0.7316268682479858,-0.08920342475175858,2.413569211959839,-2.1348772048950195,0,0,0,0,0,
17550,0.04254150390625,-0.037353515625,0.9903564453125,-0.007993875071406364,-0.001998468767851591,0.003197549842298031,0.7322641015052795,-0.09000200033187866,2.417998790740967,-2.1371891498565674,0,0,0,0,0,
17600,0.041748046875,-0.03790283203125,0.9920654296875,-0.008127106353640556,0.00039969373028725386,0.0034640124067664146,0.7327369451522827,-0.09120940417051315,2.416992664337158,-2.142076015472412,0,0,0,0,0,
17650,0.0406494140625,-0.03948974609375,0.99017333984375,-0.00866003055125475,-0.0033307811245322227,0.004130168352276087,0.7324833273887634,-0.09369251132011414,2.410200834274292,-2.1560404300689697,0,0,0,0,0,
17700,0.042236328125,-0.03594970703125,0.9913330078125,-0.008260336704552174,-0.002531393663957715,0.002664624946191907,0.7325334548950195,-0.09511698782444,2.412984609603882,-2.147937297821045,0,0,0,0,0,
17750,0.04376220703125,-0.0372314453125,0.99200439453125,-0.009192955680191517,-0.0013323124730959535,0.003996937535703182,0.7336910963058472,-0.09639269858598709,2.424109935760498,-2.147874116897583,0,0,0,0,0,
17800,0.04083251953125,-0.03729248046875,0.9908447265625,-0.009326186962425709,-0.0011990811908617616,0.004263399634510279,0.73407381772995,-0.09759809076786041,2.417518377304077,-2.148446559906006,0,0,0,0,0,
17850,0.04278564453125,-0.0367431640625,0.991943359375,-0.009059724397957325,-0.0007993874605745077,0.004929556045681238,0.7349244952201843,-0.09839225560426712,2.4225809574127197,-2.1455397605895996,0,0,0,0,0,
17900,0.0419921875,-0.03759765625,0.992919921875,-0.008926493115723133,-0.0010658499086275697,0.004263399634510279,0.7356638312339783,-0.09931760281324387,2.42231822013855,-2.1476457118988037,0,0,0,0,0,
17950,0.04315185546875,-0.0379638671875,0.99267578125,-0.00866003055125475,0.0,0.0037304747384041548,0.7369794845581055,-0.10055524855852127,2.4288203716278076,-2.1516940593719482,0,0,0,0,0,
18000,0.039794921875,-0.03680419921875,0.99212646484375,-0.009059724397957325,-0.00039969373028725386,0.0038637060206383467,0.7368288040161133,-0.10137999802827835,2.4154727458953857,-2.1488027572631836,0,0,0,0,0,
18050,0.04248046875,-0.03759765625,0.9912109375,-0.00866003055125475,-0.0010658499086275697,0.004396630916744471,0.7370609641075134,-0.10233668237924576,2.4191503524780273,-2.150946855545044,0,0,0,0,0,
18100,0.0423583984375,-0.0377197265625,0.99224853515625,-0.007860643789172173,-0.0017320062033832073,0.003996937535703182,0.7375052571296692,-0.10343872010707855,2.421503782272339,-2.1533570289611816,0,0,0,0,0,
18150,0.042236328125,-0.03778076171875,0.99267578125,-0.009326186962425709,-0.0005329249543137848,0.0034640124067664146,0.738036036491394,-0.10467348247766495,2.4228131771087646,-2.1557862758636475,0,0,0,0,0,
18200,0.04278564453125,-0.03656005859375,0.990478515625,-0.009059724397957325,-0.0010658499086275697,0.002531393663957715,0.7390028238296509,-0.1053469330072403,2.427703857421875,-2.1514079570770264,0,0,0,0,0,
18250,0.04052734375,-0.0362548828125,0.99261474609375,-0.00866003055125475,-0.0006661562365479767,0.002398162381723523,0.7389600276947021,-0.10533899068832397,2.418574810028076,-2.1452674865722656,0,0,0,0,0,
18300,0.04046630859375,-0.0377197265625,0.99102783203125,-0.008793261833488941,0.0,0.0045298621989786625,0.7381018996238708,-0.10565771162509918,2.4103786945343018,-2.148526191711426,0,0,0,0,0,
18350,0.04046630859375,-0.03619384765625,0.991455078125,-0.009059724397957325,-0.0006661562365479767,0.004263399634510279,0.73658287525177,-0.10534916073083878,2.40291166305542,-2.1425721645355225,0,0,0,0,0,
18400,0.04071044921875,-0.03753662109375,0.990966796875,-0.009326186962425709,-0.0018652373692020774,0.004130168352276087,0.7346949577331543,-0.10531989485025406,2.3977038860321045,-2.1450564861297607,0,0,0,0,0,
18450,0.0418701171875,-0.0347900390625,0.99102783203125,-0.008926493115723133,-0.0015987749211490154,0.002398162381723523,0.7331964373588562,-0.10393137484788895,2.399709701538086,-2.131434679031372,0,0,0,0,0,
18500,0.04083251953125,-0.03778076171875,0.9923095703125,-0.009592649526894093,-0.0015987749211490154,0.002931087277829647,0.7313966751098633,-0.10315325111150742,2.3951990604400635,-2.1361501216888428,0,0,0,0,0,
18550,0.0418701171875,-0.0384521484375,0.9913330078125,-0.008526799269020557,0.0002664624771568924,0.0037304747384041548,0.7299919128417969,-0.10328442603349686,2.3973491191864014,-2.1444649696350098,0,0,0,0,0,
18600,0.04559326171875,-0.0364990234375,0.99114990234375,-0.009059724397957325,-0.002664624946191907,0.0038637060206383467,0.7310733199119568,-0.10302547365427017,2.4208059310913086,-2.1406948566436768,0,0,0,0,0,
18650,0.0423583984375,-0.03704833984375,0.99346923828125,-0.008127106353640556,-0.0022649310994893312,0.002531393663957715,0.7322362065315247,-0.10272274911403656,2.4227025508880615,-2.139998197555542,0,0,0,0,0,
18750,0.04498291015625,-0.0364990234375,0.9892578125,-0.009326186962425709,-0.0007993874605745077,0.005595712456852198,0.7329175472259521,-0.10118085891008377,2.425097942352295,-2.1334211826324463,0,0,0,0,0,
18800,0.04107666015625,-0.03826904296875,0.9923095703125,-0.009592649526894093,-0.0014655436389148235,0.002531393663957715,0.7335706353187561,-0.10113786160945892,2.4194488525390625,-2.1407508850097656,0,0,0,0,0,
18850,0.0428466796875,-0.0369873046875,0.99224853515625,-0.009725880809128284,0.0002664624771568924,0.003996937535703182,0.7346729040145874,-0.10101957619190216,2.424593687057495,-2.1399550437927246,0,0,0,0,0,
18900,0.04315185546875,-0.0379638671875,0.99261474609375,-0.008393567986786366,-0.002797856228426099,0.0033307811245322227,0.7362939119338989,-0.10139627754688263,2.4308834075927734,-2.1447865962982178,0,0,0,0,0,
18950,0.0399169921875,-0.03863525390625,0.99285888671875,-0.009192955680191517,-0.0015987749211490154,0.0033307811245322227,0.7364482879638672,-0.10255463421344757,2.417837381362915,-2.152979850769043,0,0,0,0,0,
19000,0.04376220703125,-0.03643798828125,0.9927978515625,-0.009859112091362476,-0.0007993874605745077,0.004796324763447046,0.7376322746276855,-0.10306601226329803,2.4282877445220947,-2.1476683616638184,0,0,0,0,0,
19050,0.04083251953125,-0.0377197265625,0.991943359375,-0.008127106353640556,-0.0009326186846010387,0.004130168352276087,0.7379700541496277,-0.10380800813436508,2.4210100173950195,-2.1504859924316406,0,0,0,0,0,
19100,0.042724609375,-0.03656005859375,0.99224853515625,-0.010392037220299244,-0.0002664624771568924,0.002797856228426099,0.7387027144432068,-0.10405280441045761,2.425297260284424,-2.1462559700012207,0,0,0,0,0,
19150,0.04547119140625,-0.0338134765625,0.99114990234375,-0.0094594182446599,-0.0018652373692020774,0.0045298621989786625,0.7413598299026489,-0.10233068466186523,2.4452743530273438,-2.126831531524658,0,0,0,0,0,
19200,0.0416259765625,-0.0386962890625,0.992431640625,-0.008926493115723133,-0.0018652373692020774,0.003996937535703182,0.7432978749275208,-0.10182251036167145,2.4407403469085693,-2.137248992919922,0,0,0,0,0,
19250,0.04205322265625,-0.03363037109375,0.989501953125,-0.009192955680191517,-0.0011990811908617616,0.003064318560063839,0.7449567317962646,-0.09944534301757812,2.4398863315582275,-2.1180508136749268,0,0,0,0,0,
19300,0.040771484375,-0.03558349609375,0.99310302734375,-0.009059724397957325,-0.0005329249543137848,0.004663093481212854,0.7455441355705261,-0.09662804752588272,2.430830717086792,-2.1112723350524902,0,0,0,0,0,
19350,0.03802490234375,-0.03790283203125,0.990966796875,-0.009326186962425709,-0.0005329249543137848,0.001998468767851591,0.743725061416626,-0.09486710280179977,2.407353401184082,-2.1190185546875,0,0,0,0,0,
19400,0.0445556640625,-0.03521728515625,0.9925537109375,-0.009059724397957325,-0.00039969373028725386,0.002797856228426099,0.7437022924423218,-0.09239190071821213,2.4234976768493652,-2.1101150512695312,0,0,0,0,0,
19450,0.04144287109375,-0.0380859375,0.99200439453125,-0.007727412041276693,-0.001998468767851591,0.004263399634510279,0.7433516383171082,-0.09103085100650787,2.420196294784546,-2.118781328201294,0,0,0,0,0,
19500,0.039306640625,-0.03759765625,0.99212646484375,-0.01012557465583086,0.0005329249543137848,0.002531393663957715,0.7415056228637695,-0.09030366688966751,2.4048912525177,-2.1237590312957764,0,0,0,0,0,
19550,0.04229736328125,-0.0340576171875,0.9910888671875,-0.01012557465583086,-0.0010658499086275697,0.0045298621989786625,0.7402183413505554,-0.08807625621557236,2.408632516860962,-2.10802960395813,0,0,0,0,0,
19600,0.04266357421875,-0.037841796875,0.99200439453125,-0.0094594182446599,0.0001332312385784462,0.004663093481212854,0.7395819425582886,-0.08681727200746536,2.4138548374176025,-2.1154863834381104,0,0,0,0,0,
19650,0.0433349609375,-0.0400390625,0.99188232421875,-0.009059724397957325,0.0005329249543137848,0.0038637060206383467,0.739867091178894,-0.08762364834547043,2.422433376312256,-2.134881019592285,0,0,0,0,0,
19700,0.04412841796875,-0.0372314453125,0.9901123046875,-0.007993875071406364,-0.001998468767851591,0.004130168352276087,0.741398811340332,-0.08851397037506104,2.4351844787597656,-2.1365268230438232,0,0,0,0,0,
19750,0.038818359375,-0.03900146484375,0.990966796875,-0.008526799269020557,-0.0013323124730959535,0.002931087277829647,0.7408421039581299,-0.0904703214764595,2.415832042694092,-2.1480774879455566,0,0,0,0,0,
19800,0.04351806640625,-0.0369873046875,0.98876953125,-0.009326186962425709,-0.0018652373692020774,0.004263399634510279,0.7413635849952698,-0.0921526774764061,2.4260568618774414,-2.14729380607605,0,0,0,0,0,
19850,0.041748046875,-0.03619384765625,0.9918212890625,-0.008926493115723133,-0.002797856228426099,0.0037304747384041548,0.7416591644287109,-0.09307438880205154,2.424319267272949,-2.1413698196411133,0,0,0,0,0,
19900,0.03997802734375,-0.03692626953125,0.989013671875,-0.010525268502533436,0.0002664624771568924,0.004130168352276087,0.7408158779144287,-0.09385524690151215,2.41322660446167,-2.140882968902588,0,0,0,0,0,
20000,0.04071044921875,-0.03656005859375,0.99139404296875,-0.010258805938065052,-0.0010658499086275697,0.0045298621989786625,0.7380222082138062,-0.09234476834535599,2.4032998085021973,-2.12511944770813,0,0,0,0,0,
20050,0.0389404296875,-0.03680419921875,0.99212646484375,-0.007860643789172173,0.0001332312385784462,0.003197549842298031,0.7349771857261658,-0.09159961342811584,2.3875718116760254,-2.1248931884765625,0,0,0,0,0,
20100,0.0416259765625,-0.0380859375,0.9906005859375,-0.008127106353640556,-0.0014655436389148235,0.00506278732791543,0.7324051856994629,-0.09167809039354324,2.3892571926116943,-2.1323843002319336,0,0,0,0,0,
20150,0.04052734375,-0.03887939453125,0.9925537109375,-0.008393567986786366,0.0001332312385784462,0.003996937535703182,0.7295609712600708,-0.09283944964408875,2.383963108062744,-2.143291711807251,0,0,0,0,0,
20200,0.041259765625,-0.03662109375,0.99359130859375,-0.008926493115723133,0.0007993874605745077,0.001998468767851591,0.7269242405891418,-0.09354104846715927,2.383193254470825,-2.13985538482666,0,0,0,0,0,
20250,0.04205322265625,-0.03790283203125,0.99163818359375,-0.007993875071406364,-0.0017320062033832073,0.004130168352276087,0.724984884262085,-0.09464352577924728,2.38753080368042,-2.1445658206939697,0,0,0,0,0,
20300,0.04241943359375,-0.03497314453125,0.9920654296875,-0.008260336704552174,-0.0006661562365479767,0.003197549842298031,0.7238333225250244,-0.09436124563217163,2.3934693336486816,-2.1318206787109375,0,0,0,0,0,
20350,0.04150390625,-0.037109375,0.99102783203125,-0.008526799269020557,-0.0001332312385784462,0.004130168352276087,0.7228267192840576,-0.0942147821187973,2.3937671184539795,-2.132896661758423,0,0,0,0,0,
20400,0.04119873046875,-0.038330078125,0.99176025390625,-0.00866003055125475,-0.0013323124730959535,0.0037304747384041548,0.721752941608429,-0.09486803412437439,2.3920888900756836,-2.140747308731079,0,0,0,0,0,
20450,0.0430908203125,-0.037109375,0.9896240234375,-0.009992343373596668,-0.0005329249543137848,0.002797856228426099,0.7217787504196167,-0.09550309181213379,2.4020111560821533,-2.141218662261963,0,0,0,0,0,
20500,0.04217529296875,-0.03521728515625,0.990966796875,-0.008526799269020557,-0.0014655436389148235,0.0033307811245322227,0.7221366167068481,-0.09499794989824295,2.405357599258423,-2.1304516792297363,0,0,0,0,0,
20550,0.04119873046875,-0.0369873046875,0.99072265625,-0.007727412041276693,-0.0022649310994893312,0.003197549842298031,0.7222012281417847,-0.09460102021694183,2.402782440185547,-2.131028652191162,0,0,0,0,0,
20600,0.043212890625,-0.03619384765625,0.9918212890625,-0.009859112091362476,-0.0013323124730959535,0.005595712456852198,0.7231629490852356,-0.09381279349327087,2.411818504333496,-2.126718759536743,0,0,0,0,0,
20650,0.0438232421875,-0.0369873046875,0.99102783203125,-0.008260336704552174,-0.0011990811908617616,0.004130168352276087,0.7252122163772583,-0.09318948537111282,2.4236555099487305,-2.127579689025879,0,0,0,0,0,
20700,0.04302978515625,-0.03753662109375,0.9927978515625,-0.0094594182446599,0.0011990811908617616,0.002664624946191907,0.7276207208633423,-0.09298556298017502,2.4292969703674316,-2.131150245666504,0,0,0,0,0,
20750,0.0413818359375,-0.0382080078125,0.99188232421875,-0.009059724397957325,-0.0010658499086275697,0.0038637060206383467,0.7293677926063538,-0.09353150427341461,2.42509126663208,-2.1384449005126953,0,0,0,0,0,
20800,0.039794921875,-0.03729248046875,0.99090576171875,-0.008393567986786366,-0.00039969373028725386,0.003197549842298031,0.7296714782714844,-0.09417390823364258,2.412404775619507,-2.139955520629883,0,0,0,0,0,
20850,0.04412841796875,-0.03973388671875,0.99273681640625,-0.00866003055125475,0.0,0.003197549842298031,0.7312542200088501,-0.0962522029876709,2.4254989624023438,-2.154956817626953,0,0,0,0,0,
20900,0.04315185546875,-0.03765869140625,0.98992919921875,-0.008926493115723133,-0.0010658499086275697,0.0022649310994893312,0.7333645820617676,-0.09833800047636032,2.4323580265045166,-2.1571102142333984,0,0,0,0,0,
20950,0.04248046875,-0.037353515625,0.99359130859375,-0.007727412041276693,-0.0011990811908617616,0.004263399634510279,0.7354049682617188,-0.10015423595905304,2.4337685108184814,-2.1565003395080566,0,0,0,0,0,
21000,0.03997802734375,-0.03692626953125,0.99261474609375,-0.007993875071406364,0.0002664624771568924,0.0034640124067664146,0.7359503507614136,-0.10151123255491257,2.420858860015869,-2.153724193572998,0,0,0,0,0,
21050,0.04205322265625,-0.03717041015625,0.9896240234375,-0.009192955680191517,-0.002531393663957715,0.0034640124067664146,0.7365480065345764,-0.10268627852201462,2.421926736831665,-2.153261661529541,0,0,0,0,0,
21100,0.04058837890625,-0.03924560546875,0.99188232421875,-0.00866003055125475,-0.0018652373692020774,0.002797856228426099,0.7362807393074036,-0.10485096275806427,2.4138755798339844,-2.1643331050872803,0,0,0,0,0,
21150,0.0416259765625,-0.03826904296875,0.99224853515625,-0.008526799269020557,-0.0009326186846010387,0.003197549842298031,0.7359057068824768,-0.10722363740205765,2.4125304222106934,-2.1685776710510254,0,0,0,0,0,
21250,0.04119873046875,-0.0396728515625,0.99151611328125,-0.009326186962425709,-0.0013323124730959535,0.003996937535703182,0.7322816848754883,-0.11342036724090576,2.3958628177642822,-2.1853132247924805,0,0,0,0,0,
21300,0.042724609375,-0.036376953125,0.990966796875,-0.00866003055125475,-0.00039969373028725386,0.0038637060206383467,0.7313514947891235,-0.11576049774885178,2.402979850769043,-2.176821708679199,0,0,0,0,0,
21350,0.04180908203125,-0.0384521484375,0.99285888671875,-0.008260336704552174,-0.00039969373028725386,0.0035972436890006065,0.7305794954299927,-0.11825815588235855,2.4036312103271484,-2.180737018585205,0,0,0,0,0,
21400,0.04254150390625,-0.036376953125,0.99322509765625,-0.009059724397957325,-0.0002664624771568924,0.004796324763447046,0.730358362197876,-0.11965350806713104,2.4083683490753174,-2.1722116470336914,0,0,0,0,0,
21450,0.04437255859375,-0.03863525390625,0.9912109375,-0.0094594182446599,-0.001998468767851591,0.005595712456852198,0.731687605381012,-0.12148607522249222,2.4236509799957275,-2.1779792308807373,0,0,0,0,0,
21500,0.041259765625,-0.0384521484375,0.9927978515625,-0.008926493115723133,-0.0009326186846010387,0.003064318560063839,0.7324271202087402,-0.12351707369089127,2.4190826416015625,-2.181796073913574,0,0,0,0,0,
21550,0.04107666015625,-0.03668212890625,0.99200439453125,-0.00866003055125475,0.0,0.0018652373692020774,0.7325969338417053,-0.12468592077493668,2.414125442504883,-2.1752054691314697,0,0,0,0,0,
21600,0.04302978515625,-0.03741455078125,0.9903564453125,-0.008127106353640556,-0.0007993874605745077,0.0033307811245322227,0.7334685325622559,-0.12560108304023743,2.4213132858276367,-2.173837423324585,0,0,0,0,0,
21650,0.04400634765625,-0.0382080078125,0.99151611328125,-0.0094594182446599,-0.0006661562365479767,0.003197549842298031,0.73543381690979,-0.12673263251781464,2.4331214427948,-2.1769165992736816,0,0,0,0,0,
21700,0.043701171875,-0.03692626953125,0.99285888671875,-0.00866003055125475,-0.0005329249543137848,0.0035972436890006065,0.7380576729774475,-0.12726031243801117,2.4416723251342773,-2.1720094680786133,0,0,0,0,0,
21750,0.04058837890625,-0.03741455078125,0.9923095703125,-0.008393567986786366,-0.0013323124730959535,0.003996937535703182,0.7394079566001892,-0.12758997082710266,2.43156099319458,-2.1705567836761475,0,0,0,0,0,
21800,0.04156494140625,-0.03643798828125,0.99163818359375,-0.00866003055125475,-0.00039969373028725386,0.0034640124067664146,0.7402933239936829,-0.12720683217048645,2.4282615184783936,-2.1637585163116455,0,0,0,0,0,
21850,0.04052734375,-0.03717041015625,0.991943359375,-0.008526799269020557,-0.0009326186846010387,0.004263399634510279,0.7401871681213379,-0.1266665905714035,2.419231414794922,-2.161804437637329,0,0,0,0,0,
21900,0.042236328125,-0.03619384765625,0.990478515625,-0.009059724397957325,-0.0021316998172551394,0.0037304747384041548,0.7403002977371216,-0.12547184526920319,2.421318292617798,-2.154719114303589,0,0,0,0,0,
21950,0.0390625,-0.03607177734375,0.989501953125,-0.01012557465583086,-0.0009326186846010387,0.0038637060206383467,0.7387842535972595,-0.12371228635311127,2.4051401615142822,-2.147876262664795,0,0,0,0,0,
22000,0.03778076171875,-0.03179931640625,0.99285888671875,-0.008793261833488941,0.0001332312385784462,0.005462481174618006,0.7351474761962891,-0.1189783588051796,2.3824167251586914,-2.116373062133789,0,0,0,0,0,
22050,0.0369873046875,-0.03521728515625,0.9925537109375,-0.009592649526894093,-0.0009326186846010387,0.0033307811245322227,0.729376494884491,-0.11386050283908844,2.3574376106262207,-2.107799768447876,0,0,0,0,0,
22100,0.0391845703125,-0.03411865234375,0.99169921875,-0.009326186962425709,0.0007993874605745077,0.001998468767851591,0.7232223153114319,-0.10786571353673935,2.347835063934326,-2.0939126014709473,0,0,0,0,0,
22150,0.0433349609375,-0.03631591796875,0.99066162109375,-0.0075941807590425014,-0.0013323124730959535,0.004263399634510279,0.7192343473434448,-0.10250554978847504,2.363342523574829,-2.094264030456543,0,0,0,0,0,
22200,0.03955078125,-0.0372314453125,0.9918212890625,-0.009192955680191517,-0.0018652373692020774,0.004263399634510279,0.7148312330245972,-0.09821967035531998,2.35520339012146,-2.099646806716919,0,0,0,0,0,
22250,0.044921875,-0.03692626953125,0.99139404296875,-0.010258805938065052,-0.001998468767851591,0.002797856228426099,0.7132423520088196,-0.09467519074678421,2.3789427280426025,-2.1027748584747314,0,0,0,0,0,
22300,0.044189453125,-0.038330078125,0.99237060546875,-0.010924962349236012,-0.0014655436389148235,0.004263399634510279,0.713502049446106,-0.0925559476017952,2.395838975906372,-2.113482713699341,0,0,0,0,0,
22350,0.04107666015625,-0.036865234375,0.99090576171875,-0.008393567986786366,-0.0001332312385784462,0.0035972436890006065,0.7134987115859985,-0.09080169349908829,2.3934688568115234,-2.115013360977173,0,0,0,0,0,
22450,0.0411376953125,-0.03912353515625,0.99249267578125,-0.010392037220299244,-0.0010658499086275697,0.002797856228426099,0.7154117226600647,-0.09008263796567917,2.401970148086548,-2.1334447860717773,0,0,0,0,0,
22500,0.04205322265625,-0.0360107421875,0.99169921875,-0.009725880809128284,-0.0009326186846010387,0.003064318560063839,0.7163137197494507,-0.08986202627420425,2.4044320583343506,-2.1278765201568604,0,0,0,0,0,
22550,0.04132080078125,-0.03497314453125,0.99114990234375,-0.008926493115723133,-0.0006661562365479767,0.0021316998172551394,0.7169392108917236,-0.0885765478014946,2.4025685787200928,-2.117007255554199,0,0,0,0,0,
22600,0.04052734375,-0.0362548828125,0.9908447265625,-0.009192955680191517,-0.0017320062033832073,0.0038637060206383467,0.7168833017349243,-0.08718737214803696,2.3963801860809326,-2.114684820175171,0,0,0,0,0,
22650,0.04315185546875,-0.03662109375,0.99072265625,-0.0094594182446599,0.00039969373028725386,0.002797856228426099,0.7177914381027222,-0.0859394371509552,2.4059646129608154,-2.1147079467773438,0,0,0,0,0,
22700,0.0413818359375,-0.03851318359375,0.9893798828125,-0.009725880809128284,-0.0017320062033832073,0.002664624946191907,0.7184818983078003,-0.08593964576721191,2.404695749282837,-2.125941514968872,0,0,0,0,0,
22750,0.0421142578125,-0.03741455078125,0.992431640625,-0.008393567986786366,-0.0010658499086275697,0.0037304747384041548,0.7193384766578674,-0.08625154197216034,2.407047748565674,-2.129058599472046,0,0,0,0,0,
22800,0.04132080078125,-0.03814697265625,0.99224853515625,-0.009059724397957325,-0.0022649310994893312,0.0035972436890006065,0.7198674082756042,-0.08723968267440796,2.404628038406372,-2.1361329555511475,0,0,0,0,0,
22850,0.0401611328125,-0.037841796875,0.99176025390625,-0.008926493115723133,-0.0013323124730959535,0.004263399634510279,0.7194693088531494,-0.08860122412443161,2.3958864212036133,-2.140855073928833,0,0,0,0,0,
22900,0.0389404296875,-0.03692626953125,0.99310302734375,-0.007993875071406364,-0.0005329249543137848,0.004929556045681238,0.7175893783569336,-0.08969593048095703,2.380669593811035,-2.1395483016967773,0,0,0,0,0,
22950,0.0396728515625,-0.0362548828125,0.9918212890625,-0.007993875071406364,-0.0009326186846010387,0.0017320062033832073,0.7149815559387207,-0.09020349383354187,2.3715109825134277,-2.1347715854644775,0,0,0,0,0,
23000,0.04046630859375,-0.03668212890625,0.99267578125,-0.008127106353640556,0.00039969373028725386,0.004130168352276087,0.712246835231781,-0.09045762568712234,2.3676340579986572,-2.132744789123535,0,0,0,0,0,
23050,0.040771484375,-0.03460693359375,0.99029541015625,-0.009192955680191517,-0.0009326186846010387,0.003197549842298031,0.7096709609031677,-0.08935839682817459,2.366488218307495,-2.1194653511047363,0,0,0,0,0,
23100,0.0440673828125,-0.037353515625,0.991455078125,-0.009192955680191517,-0.0005329249543137848,0.0045298621989786625,0.7091193199157715,-0.08872951567173004,2.384154796600342,-2.1230695247650146,0,0,0,0,0,
23150,0.0416259765625,-0.0386962890625,0.99139404296875,-0.007727412041276693,0.0001332312385784462,0.002664624946191907,0.7088059186935425,-0.08926548808813095,2.3859853744506836,-2.134089231491089,0,0,0,0,0,
23200,0.043212890625,-0.03668212890625,0.99127197265625,-0.009326186962425709,-0.0011990811908617616,0.003197549842298031,0.7096080780029297,-0.08957964181900024,2.396827220916748,-2.1324069499969482,0,0,0,0,0,
23250,0.04180908203125,-0.03656005859375,0.9918212890625,-0.009592649526894093,-0.0002664624771568924,0.003197549842298031,0.7104834914207458,-0.08963010460138321,2.398362159729004,-2.130084276199341,0,0,0,0,0,
23300,0.04180908203125,-0.03564453125,0.9923095703125,-0.010258805938065052,-0.0009326186846010387,0.004663093481212854,0.7113984823226929,-0.08892822265625,2.3996338844299316,-2.1226112842559814,0,0,0,0,0,
23350,0.0406494140625,-0.0372314453125,0.9913330078125,-0.009326186962425709,-0.0011990811908617616,0.0037304747384041548,0.7116901874542236,-0.08856076747179031,2.394315481185913,-2.125253677368164,0,0,0,0,0,
23400,0.03955078125,-0.03790283203125,0.9923095703125,-0.008793261833488941,-0.0006661562365479767,0.002531393663957715,0.7108168005943298,-0.08883490413427353,2.3829562664031982,-2.1313021183013916,0,0,0,0,0,
23450,0.0404052734375,-0.03717041015625,0.99224853515625,-0.008926493115723133,-0.0009326186846010387,0.004796324763447046,0.7095030546188354,-0.08920436352491379,2.3776795864105225,-2.1325294971466064,0,0,0,0,0,
23500,0.04473876953125,-0.035400390625,0.99066162109375,-0.009059724397957325,-0.0009326186846010387,0.0021316998172551394,0.7103831171989441,-0.08865714073181152,2.398303747177124,-2.123732089996338,0,0,0,0,0,
23550,0.041748046875,-0.0367431640625,0.991943359375,-0.008926493115723133,-0.0006661562365479767,0.002797856228426099,0.711275577545166,-0.08812215179204941,2.3993077278137207,-2.123307228088379,0,0,0,0,0,
23600,0.04119873046875,-0.0386962890625,0.99334716796875,-0.008127106353640556,-0.0009326186846010387,0.0045298621989786625,0.7118169665336609,-0.08869864046573639,2.3966896533966064,-2.1338870525360107,0,0,0,0,0,
23700,0.04107666015625,-0.035888671875,0.993896484375,-0.009059724397957325,-0.00039969373028725386,0.0033307811245322227,0.7143195867538452,-0.08979986608028412,2.4029898643493652,-2.131075382232666,0,0,0,0,0,
23750,0.04290771484375,-0.038330078125,0.9918212890625,-0.008793261833488941,-0.0017320062033832073,0.003197549842298031,0.7159097194671631,-0.09072747826576233,2.4102213382720947,-2.139075994491577,0,0,0,0,0,
23800,0.04364013671875,-0.0377197265625,0.99163818359375,-0.008127106353640556,-0.00039969373028725386,0.004263399634510279,0.7184187173843384,-0.09193400293588638,2.420999526977539,-2.1427927017211914,0,0,0,0,0,
23850,0.038818359375,-0.03802490234375,0.9915771484375,-0.009059724397957325,-0.0018652373692020774,0.002398162381723523,0.7188699841499329,-0.09353597462177277,2.4029316902160645,-2.147953748703003,0,0,0,0,0,
23900,0.04376220703125,-0.03826904296875,0.99346923828125,-0.007327718660235405,-0.00039969373028725386,0.004263399634510279,0.7204523086547852,-0.09553749114274979,2.4146931171417236,-2.1535511016845703,0,0,0,0,0,
23950,0.0411376953125,-0.03594970703125,0.99273681640625,-0.008793261833488941,-0.0007993874605745077,0.0033307811245322227,0.7214427590370178,-0.09652450680732727,2.4103572368621826,-2.1454076766967773,0,0,0,0,0,
24000,0.04205322265625,-0.0380859375,0.99249267578125,-0.008526799269020557,-0.0007993874605745077,0.002797856228426099,0.7224753499031067,-0.0979151502251625,2.411768674850464,-2.150430917739868,0,0,0,0,0,
24050,0.0447998046875,-0.03619384765625,0.99188232421875,-0.006928024813532829,0.0,0.0035972436890006065,0.7251303195953369,-0.09853938221931458,2.429025173187256,-2.1441574096679688,0,0,0,0,0,
24100,0.04296875,-0.03778076171875,0.9937744140625,-0.007993875071406364,-0.0011990811908617616,0.005595712456852198,0.7279704809188843,-0.09941169619560242,2.4335319995880127,-2.1472625732421875,0,0,0,0,0,
24150,0.0430908203125,-0.0377197265625,0.99090576171875,-0.008526799269020557,0.0,0.005329249892383814,0.731072723865509,-0.10050284117460251,2.438993215560913,-2.1503231525421143,0,0,0,0,0,
24200,0.04254150390625,-0.03472900390625,0.99261474609375,-0.009992343373596668,-0.0007993874605745077,0.002797856228426099,0.7340007424354553,-0.10000097751617432,2.4403531551361084,-2.135484218597412,0,0,0,0,0,
24250,0.04437255859375,-0.0380859375,0.99188232421875,-0.009192955680191517,-0.00039969373028725386,0.0002664624771568924,0.7378280162811279,-0.10016187280416489,2.452273368835449,-2.1416099071502686,0,0,0,0,0,
24300,0.0416259765625,-0.03802490234375,0.99285888671875,-0.007993875071406364,-0.0010658499086275697,0.003996937535703182,0.7407394051551819,-0.10080428421497345,2.446941614151001,-2.1465859413146973,0,0,0,0,0,
24350,0.04095458984375,-0.03887939453125,0.9920654296875,-0.00866003055125475,-0.0006661562365479767,0.003996937535703182,0.7425116896629333,-0.10234029591083527,2.438462734222412,-2.1561644077301025,0,0,0,0,0,
24400,0.04132080078125,-0.03582763671875,0.99139404296875,-0.008526799269020557,-0.0007993874605745077,0.0034640124067664146,0.7435739040374756,-0.10284081846475601,2.433134078979492,-2.147345542907715,0,0,0,0,0,
24450,0.04241943359375,-0.0380859375,0.99102783203125,-0.008260336704552174,0.0,0.003064318560063839,0.7446900010108948,-0.10380558669567108,2.43473482131958,-2.1524884700775146,0,0,0,0,0,
24500,0.0406494140625,-0.03826904296875,0.99114990234375,-0.008127106353640556,-0.0009326186846010387,0.0034640124067664146,0.7448155879974365,-0.1052413359284401,2.4259462356567383,-2.158163070678711,0,0,0,0,0,
24550,0.03985595703125,-0.0382080078125,0.99029541015625,-0.009059724397957325,-0.0005329249543137848,0.0010658499086275697,0.743701159954071,-0.10702843964099884,2.4136710166931152,-2.1631124019622803,0,0,0,0,0,
24600,0.0423583984375,-0.0374755859375,0.99188232421875,-0.0094594182446599,-0.0014655436389148235,0.003197549842298031,0.742997407913208,-0.10862341523170471,2.416663885116577,-2.162978172302246,0,0,0,0,0,
24650,0.04266357421875,-0.03912353515625,0.99176025390625,-0.009992343373596668,-0.0006661562365479767,0.0033307811245322227,0.7428106665611267,-0.11099895089864731,2.4211301803588867,-2.1723787784576416,0,0,0,0,0,
24700,0.04205322265625,-0.03778076171875,0.99169921875,-0.008393567986786366,0.0,0.003996937535703182,0.7426955699920654,-0.1132110133767128,2.4216599464416504,-2.17311954498291,0,0,0,0,0,
24750,0.0404052734375,-0.0372314453125,0.98895263671875,-0.009992343373596668,-0.00039969373028725386,0.005728943273425102,0.7417571544647217,-0.11501342058181763,2.4133119583129883,-2.1712350845336914,0,0,0,0,0,
24800,0.0401611328125,-0.0352783203125,0.99237060546875,-0.009859112091362476,-0.0005329249543137848,0.004396630916744471,0.7399392127990723,-0.11526556313037872,2.4035778045654297,-2.1575348377227783,0,0,0,0,0,
24850,0.041259765625,-0.0360107421875,0.9908447265625,-0.008526799269020557,-0.0007993874605745077,0.0021316998172551394,0.7380965352058411,-0.11471384018659592,2.401512384414673,-2.1497483253479004,0,0,0,0,0,
24950,0.0411376953125,-0.03814697265625,0.99151611328125,-0.009326186962425709,0.0006661562365479767,0.002931087277829647,0.7362604141235352,-0.11425566673278809,2.406714677810669,-2.154756546020508,0,0,0,0,0,
25000,0.044189453125,-0.03607177734375,0.99298095703125,-0.0094594182446599,0.0005329249543137848,0.004929556045681238,0.7367047071456909,-0.11354117095470428,2.420703172683716,-2.1471107006073,0,0,0,0,0,
25050,0.0416259765625,-0.0372314453125,0.9915771484375,-0.008926493115723133,-0.002398162381723523,0.0035972436890006065,0.7369190454483032,-0.11291128396987915,2.4188485145568848,-2.147242307662964,0,0,0,0,0,
25100,0.04248046875,-0.03680419921875,0.99127197265625,-0.008793261833488941,-0.002664624946191907,0.003996937535703182,0.7374452948570251,-0.11211571842432022,2.4221816062927246,-2.144955635070801,0,0,0,0,0,
25150,0.04327392578125,-0.03759765625,0.99176025390625,-0.009192955680191517,-0.0015987749211490154,0.003064318560063839,0.7386636137962341,-0.11164003610610962,2.429628610610962,-2.1473588943481445,0,0,0,0,0,
25200,0.04144287109375,-0.03594970703125,0.9925537109375,-0.008793261833488941,-0.0015987749211490154,0.0034640124067664146,0.7393571734428406,-0.11046285927295685,2.4255990982055664,-2.1398682594299316,0,0,0,0,0,
25250,0.0404052734375,-0.03790283203125,0.99005126953125,-0.007727412041276693,-0.001998468767851591,0.004263399634510279,0.7390798926353455,-0.10990998893976212,2.4165844917297363,-2.1449341773986816,0,0,0,0,0,
25300,0.042236328125,-0.037109375,0.99298095703125,-0.009326186962425709,-0.0009326186846010387,0.003197549842298031,0.7390037178993225,-0.10934608429670334,2.418318748474121,-2.144270896911621,0,0,0,0,0,
25350,0.0423583984375,-0.0380859375,0.992431640625,-0.009059724397957325,-0.0017320062033832073,0.004263399634510279,0.7391740679740906,-0.10935352742671967,2.4207074642181396,-2.1494204998016357,0,0,0,0,0,
25400,0.04351806640625,-0.03936767578125,0.991455078125,-0.009326186962425709,-0.002931087277829647,0.002797856228426099,0.7402331829071045,-0.11058247834444046,2.4297657012939453,-2.1616430282592773,0,0,0,0,0,
25450,0.0426025390625,-0.03680419921875,0.99224853515625,-0.009192955680191517,-0.0013323124730959535,0.004929556045681238,0.7414571046829224,-0.11129461973905563,2.4324722290039062,-2.1577038764953613,0,0,0,0,0,
25500,0.041259765625,-0.03759765625,0.9918212890625,-0.008926493115723133,-0.0015987749211490154,0.0033307811245322227,0.7420381307601929,-0.11204889416694641,2.42726731300354,-2.15883731842041,0,0,0,0,0,
25550,0.04217529296875,-0.038330078125,0.99224853515625,-0.008526799269020557,0.0005329249543137848,0.0038637060206383467,0.7426090240478516,-0.11324174702167511,2.4277474880218506,-2.1639773845672607,0,0,0,0,0,
25600,0.0428466796875,-0.03662109375,0.99322509765625,-0.009592649526894093,-0.0006661562365479767,0.0033307811245322227,0.7435306906700134,-0.11377117037773132,2.431825637817383,-2.158535957336426,0,0,0,0,0,
25650,0.04248046875,-0.03826904296875,0.9932861328125,-0.00866003055125475,-0.001998468767851591,0.0038637060206383467,0.7445130348205566,-0.11470653861761093,2.433354377746582,-2.1631247997283936,0,0,0,0,0,
25700,0.04034423828125,-0.036865234375,0.9923095703125,-0.008127106353640556,-0.0018652373692020774,0.004396630916744471,0.7443293929100037,-0.1151757463812828,2.4226765632629395,-2.1593985557556152,0,0,0,0,0,
25750,0.040771484375,-0.0377197265625,0.99261474609375,-0.008526799269020557,-0.0007993874605745077,0.0035972436890006065,0.7434409856796265,-0.11574792116880417,2.415445566177368,-2.1608974933624268,0,0,0,0,0,
25800,0.0426025390625,-0.0400390625,0.9931640625,-0.007860643789172173,-0.002531393663957715,0.004130168352276087,0.7430299520492554,-0.11772026121616364,2.419330596923828,-2.175471305847168,0,0,0,0,0,
25850,0.0430908203125,-0.037109375,0.99237060546875,-0.00866003055125475,-0.0013323124730959535,0.003064318560063839,0.7433127760887146,-0.11913609504699707,2.425858736038208,-2.1718785762786865,0,0,0,0,0,
25900,0.04071044921875,-0.03887939453125,0.9915771484375,-0.007194487378001213,-0.0015987749211490154,0.002664624946191907,0.7428016066551208,-0.1211262196302414,2.418200969696045,-2.17903733253479,0,0,0,0,0,
25950,0.04327392578125,-0.03668212890625,0.9918212890625,-0.009859112091362476,-0.0005329249543137848,0.005462481174618006,0.7431249022483826,-0.12228802591562271,2.426034927368164,-2.1727442741394043,0,0,0,0,0,
26000,0.04193115234375,-0.03533935546875,0.99200439453125,-0.009192955680191517,-0.0007993874605745077,0.003996937535703182,0.7433443665504456,-0.12199090421199799,2.4253196716308594,-2.1593167781829834,0,0,0,0,0,
26050,0.0419921875,-0.0408935546875,0.992919921875,-0.010525268502533436,-0.0002664624771568924,0.0022649310994893312,0.743485152721405,-0.12369490414857864,2.4247522354125977,-2.1790308952331543,0,0,0,0,0,
26100,0.044921875,-0.0399169921875,0.99273681640625,-0.007727412041276693,-0.0006661562365479767,0.0037304747384041548,0.7452535033226013,-0.12644122540950775,2.441168785095215,-2.1911580562591553,0,0,0,0,0,
26200,0.04150390625,-0.03961181640625,0.99249267578125,-0.009326186962425709,-0.0033307811245322227,0.002398162381723523,0.7468927502632141,-0.13382720947265625,2.43182110786438,-2.2092273235321045,0,0,0,0,0,
26250,0.04095458984375,-0.0391845703125,0.99273681640625,-0.009326186962425709,-0.0006661562365479767,0.0021316998172551394,0.7466723918914795,-0.1378595530986786,2.4246888160705566,-2.2141506671905518,0,0,0,0,0,
26300,0.03973388671875,-0.0384521484375,0.99139404296875,-0.009192955680191517,-0.0013323124730959535,0.0038637060206383467,0.7451623678207397,-0.14154094457626343,2.4115726947784424,-2.2146735191345215,0,0,0,0,0,
26350,0.03955078125,-0.03668212890625,0.99176025390625,-0.009059724397957325,-0.0010658499086275697,0.0038637060206383467,0.7425100207328796,-0.14387361705303192,2.398638963699341,-2.2048676013946533,0,0,0,0,0,
26400,0.04083251953125,-0.0379638671875,0.9927978515625,-0.008926493115723133,-0.0011990811908617616,0.0038637060206383467,0.7396709322929382,-0.14580461382865906,2.3941187858581543,-2.203183650970459,0,0,0,0,0,
26450,0.0419921875,-0.03594970703125,0.99200439453125,-0.009592649526894093,-0.0007993874605745077,0.004130168352276087,0.7373978495597839,-0.14624717831611633,2.396939992904663,-2.190230131149292,0,0,0,0,0,
26500,0.0418701171875,-0.0364990234375,0.99273681640625,-0.008393567986786366,-0.0009326186846010387,0.004263399634510279,0.7355174422264099,-0.14578011631965637,2.3985941410064697,-2.1815764904022217,0,0,0,0,0,
26550,0.04107666015625,-0.03582763671875,0.98992919921875,-0.010924962349236012,-0.0014655436389148235,0.004263399634510279,0.7335851788520813,-0.14425618946552277,2.39619517326355,-2.1705408096313477,0,0,0,0,0,
26600,0.0421142578125,-0.038818359375,0.99169921875,-0.009592649526894093,-0.0006661562365479767,0.0037304747384041548,0.7321826219558716,-0.14357487857341766,2.399559497833252,-2.177443027496338,0,0,0,0,0,
26650,0.0439453125,-0.0361328125,0.99176025390625,-0.010525268502533436,-0.0006661562365479767,0.004130168352276087,0.7322790622711182,-0.1420324295759201,2.41314697265625,-2.1681504249572754,0,0,0,0,0,
26700,0.0413818359375,-0.03912353515625,0.993896484375,-0.008926493115723133,-0.0007993874605745077,0.003197549842298031,0.7320572733879089,-0.14148682355880737,2.4100615978240967,-2.1765763759613037,0,0,0,0,0,
26750,0.04034423828125,-0.0377197265625,0.99237060546875,-0.009592649526894093,-0.0010658499086275697,0.003996937535703182,0.7310206294059753,-0.1409795880317688,2.40169095993042,-2.1764144897460938,0,0,0,0,0,
26800,0.03961181640625,-0.03765869140625,0.98968505859375,-0.00866003055125475,-0.0001332312385784462,0.004396630916744471,0.7289770841598511,-0.1405327171087265,2.39058518409729,-2.176510810852051,0,0,0,0,0,
26850,0.04095458984375,-0.03582763671875,0.99267578125,-0.00866003055125475,-0.0001332312385784462,0.0037304747384041548,0.7268415093421936,-0.1390174776315689,2.3876214027404785,-2.1653802394866943,0,0,0,0,0,
26900,0.04071044921875,-0.03857421875,0.9920654296875,-0.010392037220299244,-0.0007993874605745077,0.003996937535703182,0.7245243191719055,-0.13824822008609772,2.38366961479187,-2.1713249683380127,0,0,0,0,0,
26950,0.0421142578125,-0.03533935546875,0.9913330078125,-0.008926493115723133,-0.0006661562365479767,0.002797856228426099,0.7229124903678894,-0.13624154031276703,2.3884060382843018,-2.1581814289093018,0,0,0,0,0,
27000,0.04559326171875,-0.0390625,0.99407958984375,-0.009059724397957325,-0.0005329249543137848,0.005329249892383814,0.7238227725028992,-0.1353350579738617,2.412015438079834,-2.1671767234802246,0,0,0,0,0,
27050,0.041748046875,-0.03802490234375,0.9920654296875,-0.009992343373596668,0.0007993874605745077,0.004263399634510279,0.7246012091636658,-0.1347782015800476,2.411607027053833,-2.169766426086426,0,0,0,0,0,
27100,0.04046630859375,-0.0357666015625,0.99273681640625,-0.007860643789172173,-0.0011990811908617616,0.004663093481212854,0.72451251745224,-0.13319560885429382,2.403714418411255,-2.158952236175537,0,0,0,0,0,
27150,0.04010009765625,-0.03631591796875,0.9931640625,-0.0094594182446599,-0.0018652373692020774,0.003197549842298031,0.723500669002533,-0.13110560178756714,2.3943943977355957,-2.1522955894470215,0,0,0,0,0,
27200,0.0406494140625,-0.0367431640625,0.99151611328125,-0.009059724397957325,-0.0009326186846010387,0.002398162381723523,0.72210693359375,-0.12890681624412537,2.3895633220672607,-2.1491177082061768,0,0,0,0,0,
27250,0.0400390625,-0.0367431640625,0.9935302734375,-0.0094594182446599,-0.0007993874605745077,0.0017320062033832073,0.7200178503990173,-0.12659898400306702,2.381216287612915,-2.1458284854888916,0,0,0,0,0,
27300,0.04058837890625,-0.03887939453125,0.9930419921875,-0.009859112091362476,-0.0005329249543137848,0.004263399634510279,0.7177127003669739,-0.125466451048851,2.376966714859009,-2.155273675918579,0,0,0,0,0,
27350,0.0377197265625,-0.03521728515625,0.99127197265625,-0.007993875071406364,-0.0011990811908617616,0.003197549842298031,0.7136488556861877,-0.12322849780321121,2.357074022293091,-2.1430869102478027,0,0,0,0,0,
27450,0.04034423828125,-0.037353515625,0.99249267578125,-0.008793261833488941,-0.00039969373028725386,0.0033307811245322227,0.7059527635574341,-0.1204504519701004,2.3517916202545166,-2.1488566398620605,0,0,0,0,0,
27500,0.04071044921875,-0.0360107421875,0.99346923828125,-0.007993875071406364,-0.00039969373028725386,0.003064318560063839,0.7024688720703125,-0.1185435801744461,2.351113796234131,-2.1413817405700684,0,0,0,0,0,
27550,0.041259765625,-0.03961181640625,0.99188232421875,-0.0094594182446599,-0.0014655436389148235,0.0045298621989786625,0.6996231079101562,-0.11826275289058685,2.354010820388794,-2.1557352542877197,0,0,0,0,0,
27600,0.04266357421875,-0.037841796875,0.9930419921875,-0.010392037220299244,-0.0011990811908617616,0.003197549842298031,0.6981052160263062,-0.1182558611035347,2.3644444942474365,-2.158193826675415,0,0,0,0,0,
27650,0.0423583984375,-0.03759765625,0.99139404296875,-0.008260336704552174,-0.0009326186846010387,0.0038637060206383467,0.6975417733192444,-0.1183662936091423,2.3724708557128906,-2.15936017036438,0,0,0,0,0,
27700,0.04132080078125,-0.0386962890625,0.9908447265625,-0.008926493115723133,-0.0009326186846010387,0.004130168352276087,0.6971716284751892,-0.11921655386686325,2.373840570449829,-2.1668689250946045,0,0,0,0,0,
27750,0.0400390625,-0.0360107421875,0.99267578125,-0.008393567986786366,-0.0007993874605745077,0.0037304747384041548,0.6961821913719177,-0.11907169967889786,2.3672773838043213,-2.1577680110931396,0,0,0,0,0,
27800,0.0404052734375,-0.03741455078125,0.9898681640625,-0.009592649526894093,-0.0010658499086275697,0.004263399634510279,0.6949774622917175,-0.11899163573980331,2.3641350269317627,-2.158271074295044,0,0,0,0,0,
27850,0.04241943359375,-0.0369873046875,0.99176025390625,-0.009725880809128284,-0.0013323124730959535,0.002664624946191907,0.6947262287139893,-0.11867572367191315,2.372465133666992,-2.155832529067993,0,0,0,0,0,
27900,0.04229736328125,-0.0355224609375,0.99053955078125,-0.007860643789172173,-0.0013323124730959535,0.002931087277829647,0.6952100992202759,-0.11735425889492035,2.3795650005340576,-2.145461082458496,0,0,0,0,0,
27950,0.0404052734375,-0.03875732421875,0.9923095703125,-0.009326186962425709,-0.0022649310994893312,0.004130168352276087,0.6951490640640259,-0.11705926805734634,2.3745996952056885,-2.154404401779175,0,0,0,0,0,
28000,0.0379638671875,-0.0347900390625,0.99261474609375,-0.0094594182446599,-0.0013323124730959535,0.00506278732791543,0.693236768245697,-0.11530781537294388,2.3560264110565186,-2.139544725418091,0,0,0,0,0,
28050,0.0394287109375,-0.03717041015625,0.9935302734375,-0.008260336704552174,-0.0011990811908617616,0.002931087277829647,0.6906645894050598,-0.1137450709939003,2.347515344619751,-2.1396803855895996,0,0,0,0,0,
28100,0.040771484375,-0.03826904296875,0.9908447265625,-0.008926493115723133,-0.0011990811908617616,0.004396630916744471,0.6884198188781738,-0.1130404844880104,2.3482167720794678,-2.1466991901397705,0,0,0,0,0,
28150,0.03973388671875,-0.03497314453125,0.9935302734375,-0.00866003055125475,-0.0007993874605745077,0.002398162381723523,0.6858043670654297,-0.11108192056417465,2.3422651290893555,-2.1334547996520996,0,0,0,0,0,
28200,0.04278564453125,-0.03887939453125,0.99310302734375,-0.008393567986786366,-0.0017320062033832073,0.004130168352276087,0.6846795678138733,-0.11038455367088318,2.3545563220977783,-2.144108295440674,0,0,0,0,0,
28250,0.0428466796875,-0.03704833984375,0.9923095703125,-0.008793261833488941,-0.0011990811908617616,0.0010658499086275697,0.6848288774490356,-0.10967770218849182,2.366173028945923,-2.1433160305023193,0,0,0,0,0,
28300,0.04290771484375,-0.0360107421875,0.99169921875,-0.009059724397957325,-0.0009326186846010387,0.002797856228426099,0.6860594153404236,-0.10838550329208374,2.377133846282959,-2.1367557048797607,0,0,0,0,0,
28350,0.0433349609375,-0.03778076171875,0.9915771484375,-0.008926493115723133,-0.0005329249543137848,0.0034640124067664146,0.68840092420578,-0.1076541319489479,2.389474868774414,-2.1410717964172363,0,0,0,0,0,
28400,0.0400390625,-0.03717041015625,0.99169921875,-0.009326186962425709,-0.0001332312385784462,0.002797856228426099,0.6897178888320923,-0.10703306645154953,2.381570339202881,-2.1414434909820557,0,0,0,0,0,
28450,0.0445556640625,-0.03662109375,0.99212646484375,-0.00866003055125475,-0.0010658499086275697,0.0035972436890006065,0.6927840709686279,-0.10617770999670029,2.4003796577453613,-2.138479471206665,0,0,0,0,0,
28500,0.04144287109375,-0.03753662109375,0.99188232421875,-0.010658499784767628,0.0002664624771568924,0.0034640124067664146,0.6954482197761536,-0.10567675530910492,2.399425506591797,-2.1411681175231934,0,0,0,0,0,
28550,0.04119873046875,-0.03485107421875,0.99005126953125,-0.008127106353640556,-0.0006661562365479767,0.002531393663957715,0.6976659297943115,-0.10395974665880203,2.397625684738159,-2.128506660461426,0,0,0,0,0,
28600,0.0413818359375,-0.0372314453125,0.9921875,-0.009592649526894093,-0.0007993874605745077,0.0035972436890006065,0.6995517611503601,-0.10260071605443954,2.39652419090271,-2.1303694248199463,0,0,0,0,0,
28700,0.04095458984375,-0.03570556640625,0.9913330078125,-0.008526799269020557,-0.0007993874605745077,0.0038637060206383467,0.70116126537323,-0.09832534193992615,2.3868308067321777,-2.1171462535858154,0,0,0,0,0,
28750,0.0419921875,-0.0391845703125,0.99078369140625,-0.007860643789172173,-0.0015987749211490154,0.0035972436890006065,0.702109694480896,-0.09766262024641037,2.390645980834961,-2.1316981315612793,0,0,0,0,0,
28800,0.04278564453125,-0.0352783203125,0.9920654296875,-0.008127106353640556,-0.0007993874605745077,0.002531393663957715,0.7037366628646851,-0.09609609097242355,2.3983795642852783,-2.121997356414795,0,0,0,0,0,
28850,0.043212890625,-0.03863525390625,0.99163818359375,-0.007993875071406364,-0.00039969373028725386,0.003064318560063839,0.706150472164154,-0.09575693309307098,2.407874822616577,-2.132704496383667,0,0,0,0,0,
28900,0.04229736328125,-0.03558349609375,0.99249267578125,-0.01012557465583086,-0.0009326186846010387,0.003996937535703182,0.7086318731307983,-0.09463873505592346,2.4109647274017334,-2.124574899673462,0,0,0,0,0,
28950,0.0389404296875,-0.03912353515625,0.99346923828125,-0.008926493115723133,-0.0009326186846010387,0.003064318560063839,0.7091821432113647,-0.09492315351963043,2.394134283065796,-2.1374828815460205,0,0,0,0,0,
29000,0.04254150390625,-0.03814697265625,0.9910888671875,-0.008793261833488941,-0.0017320062033832073,0.0035972436890006065,0.7102959752082825,-0.09582584351301193,2.400320291519165,-2.1439499855041504,0,0,0,0,0,
29050,0.04046630859375,-0.03607177734375,0.99078369140625,-0.01079173106700182,-0.002398162381723523,0.0045298621989786625,0.7106686234474182,-0.09603270143270493,2.3940227031707764,-2.13789439201355,0,0,0,0,0,
29100,0.03924560546875,-0.03839111328125,0.993896484375,-0.007727412041276693,-0.00039969373028725386,0.0018652373692020774,0.709656834602356,-0.09694468975067139,2.3805508613586426,-2.1451525688171387,0,0,0,0,0,
29150,0.0406494140625,-0.03662109375,0.989501953125,-0.008926493115723133,-0.0010658499086275697,0.0038637060206383467,0.7084496021270752,-0.0974920392036438,2.377584457397461,-2.142418146133423,0,0,0,0,0,
29200,0.0416259765625,-0.03411865234375,0.99017333984375,-0.007327718660235405,-0.0009326186846010387,0.0033307811245322227,0.7076451182365417,-0.09628038853406906,2.3804047107696533,-2.125375509262085,0,0,0,0,0,
29250,0.04364013671875,-0.04022216796875,0.99151611328125,-0.008393567986786366,-0.0002664624771568924,0.004663093481212854,0.7082983255386353,-0.09714411944150925,2.394177198410034,-2.1449177265167236,0,0,0,0,0,
29300,0.041015625,-0.03594970703125,0.9915771484375,-0.009592649526894093,-0.00039969373028725386,0.0037304747384041548,0.708615243434906,-0.09721817076206207,2.391467809677124,-2.1378846168518066,0,0,0,0,0,
29350,0.043701171875,-0.03900146484375,0.9901123046875,-0.008526799269020557,-0.00039969373028725386,0.0038637060206383467,0.7102373242378235,-0.09844045341014862,2.4048359394073486,-2.1494410037994385,0,0,0,0,0,
29400,0.04071044921875,-0.03729248046875,0.99090576171875,-0.007727412041276693,-0.0009326186846010387,0.005329249892383814,0.7111586928367615,-0.09958086907863617,2.3994510173797607,-2.1498446464538574,0,0,0,0,0,
29450,0.0406494140625,-0.03448486328125,0.990966796875,-0.008393567986786366,-0.0014655436389148235,0.0038637060206383467,0.7114690542221069,-0.09902331233024597,2.3942627906799316,-2.134005308151245,0,0,0,0,0,
29500,0.04339599609375,-0.0386962890625,0.9921875,-0.007727412041276693,-0.0013323124730959535,0.00506278732791543,0.7128317356109619,-0.09949568659067154,2.4050958156585693,-2.143747091293335,0,0,0,0,0,
29550,0.04144287109375,-0.03497314453125,0.9903564453125,-0.008393567986786366,-0.0011990811908617616,0.002531393663957715,0.713954746723175,-0.09869182854890823,2.4040615558624268,-2.1314570903778076,0,0,0,0,0,
29600,0.04315185546875,-0.03607177734375,0.99053955078125,-0.00626186840236187,-0.0002664624771568924,0.0038637060206383467,0.7158522009849548,-0.09749013185501099,2.4129297733306885,-2.1266748905181885,0,0,0,0,0,
29650,0.04473876953125,-0.03900146484375,0.9930419921875,-0.010392037220299244,-0.0011990811908617616,0.004396630916744471,0.7192094326019287,-0.09761259704828262,2.42942476272583,-2.1387147903442383,0,0,0,0,0,
29700,0.03985595703125,-0.03448486328125,0.9927978515625,-0.009992343373596668,0.0007993874605745077,0.002531393663957715,0.7209106683731079,-0.09621179848909378,2.4162216186523438,-2.1236045360565186,0,0,0,0,0,
29750,0.0443115234375,-0.03692626953125,0.99151611328125,-0.007727412041276693,-0.0021316998172551394,0.0037304747384041548,0.7238507270812988,-0.09502221643924713,2.430311679840088,-2.1243159770965576,0,0,0,0,0,
29800,0.04144287109375,-0.03570556640625,0.99365234375,-0.009326186962425709,-0.0021316998172551394,0.002531393663957715,0.7260603904724121,-0.09326895326375961,2.4259471893310547,-2.1174895763397217,0,0,0,0,0,
29850,0.041748046875,-0.03619384765625,0.99365234375,-0.008793261833488941,-0.0009326186846010387,0.005196018610149622,0.7278319001197815,-0.09135794639587402,2.4237751960754395,-2.114158868789673,0,0,0,0,0,
29950,0.03936767578125,-0.03448486328125,0.99066162109375,-0.008926493115723133,-0.0010658499086275697,0.0034640124067664146,0.7296687364578247,-0.09008044749498367,2.4103496074676514,-2.118016481399536,0,0,0,0,0,
30000,0.0433349609375,-0.03790283203125,0.99261474609375,-0.007727412041276693,-0.0002664624771568924,0.004929556045681238,0.7306138873100281,-0.08954136073589325,2.4191200733184814,-2.1246895790100098,0,0,0,0,0,
30050,0.039794921875,-0.0400390625,0.99267578125,-0.009859112091362476,-0.0015987749211490154,0.004263399634510279,0.7302106022834778,-0.09088960289955139,2.406580924987793,-2.143023729324341,0,0,0,0,0,
30100,0.04229736328125,-0.03472900390625,0.99395751953125,-0.009326186962425709,-0.001998468767851591,0.004396630916744471,0.7301347851753235,-0.09066327661275864,2.409452438354492,-2.1286263465881348,0,0,0,0,0,
30150,0.043212890625,-0.03973388671875,0.99285888671875,-0.010658499784767628,-0.0009326186846010387,0.0033307811245322227,0.7308743596076965,-0.0920703187584877,2.4175305366516113,-2.1447336673736572,0,0,0,0,0,
30200,0.0404052734375,-0.0382080078125,0.9913330078125,-0.009859112091362476,-0.0011990811908617616,0.003197549842298031,0.7306880950927734,-0.09394257515668869,2.4090118408203125,-2.1507928371429443,0,0,0,0,0,
30250,0.04095458984375,-0.03839111328125,0.9927978515625,-0.008793261833488941,0.0007993874605745077,0.0037304747384041548,0.7300345301628113,-0.09624632447957993,2.4041523933410645,-2.156980037689209,0,0,0,0,0,
30300,0.04095458984375,-0.0390625,0.99267578125,-0.009326186962425709,-0.0006661562365479767,0.001998468767851591,0.7290113568305969,-0.09926585853099823,2.3998026847839355,-2.1664416790008545,0,0,0,0,0,
30350,0.04095458984375,-0.0369873046875,0.99310302734375,-0.008526799269020557,-0.0001332312385784462,0.004263399634510279,0.7276906967163086,-0.10163018107414246,2.3958048820495605,-2.1629090309143066,0,0,0,0,0,
30400,0.04364013671875,-0.03826904296875,0.9920654296875,-0.007993875071406364,0.0001332312385784462,0.0035972436890006065,0.727712869644165,-0.10419858992099762,2.4079127311706543,-2.167314291000366,0,0,0,0,0,
30450,0.03790283203125,-0.0364990234375,0.9925537109375,-0.009725880809128284,-0.001998468767851591,0.002398162381723523,0.7255078554153442,-0.10588159412145615,2.3856630325317383,-2.1610286235809326,0,0,0,0,0,
30500,0.0404052734375,-0.0369873046875,0.991455078125,-0.009059724397957325,-0.0002664624771568924,0.003197549842298031,0.7229881882667542,-0.10713346302509308,2.3803107738494873,-2.158400297164917,0,0,0,0,0,
30550,0.0447998046875,-0.03802490234375,0.99285888671875,-0.009059724397957325,-0.0006661562365479767,0.0037304747384041548,0.7227353453636169,-0.10858683288097382,2.4004597663879395,-2.1616671085357666,0,0,0,0,0,
30600,0.036865234375,-0.0352783203125,0.99334716796875,-0.007860643789172173,-0.0015987749211490154,0.003064318560063839,0.719741940498352,-0.10860337316989899,2.3728013038635254,-2.148752212524414,0,0,0,0,0,
30650,0.04437255859375,-0.03839111328125,0.99066162109375,-0.008793261833488941,-0.00039969373028725386,0.005995405837893486,0.7189440727233887,-0.10930041968822479,2.39176344871521,-2.155573844909668,0,0,0,0,0,
30700,0.04193115234375,-0.03790283203125,0.9920654296875,-0.010525268502533436,-0.0033307811245322227,0.005462481174618006,0.7184932827949524,-0.11023224890232086,2.3944358825683594,-2.158618688583374,0,0,0,0,0,
30750,0.038818359375,-0.03497314453125,0.994140625,-0.00866003055125475,-0.0002664624771568924,0.0038637060206383467,0.7164879441261292,-0.10961513221263885,2.3784401416778564,-2.1440610885620117,0,0,0,0,0,
30800,0.04345703125,-0.039306640625,0.99127197265625,-0.009326186962425709,-0.0007993874605745077,0.003197549842298031,0.7159801721572876,-0.11030374467372894,2.3914105892181396,-2.156501293182373,0,0,0,0,0,
30850,0.03997802734375,-0.03582763671875,0.99041748046875,-0.010658499784767628,-0.0021316998172551394,0.0014655436389148235,0.7147102952003479,-0.11006054282188416,2.3832814693450928,-2.147871732711792,0,0,0,0,0,
30900,0.04107666015625,-0.0380859375,0.9940185546875,-0.010525268502533436,0.0001332312385784462,0.003996937535703182,0.7133802771568298,-0.11028726398944855,2.3814103603363037,-2.1523277759552,0,0,0,0,0,
30950,0.04241943359375,-0.0382080078125,0.99224853515625,-0.010658499784767628,0.0,0.002531393663957715,0.7128305435180664,-0.11099965125322342,2.387883424758911,-2.1574110984802246,0,0,0,0,0,
31000,0.0404052734375,-0.03424072265625,0.99127197265625,-0.008127106353640556,-0.0018652373692020774,0.0033307811245322227,0.7117852568626404,-0.10983558744192123,2.3823773860931396,-2.1393589973449707,0,0,0,0,0,
31050,0.04193115234375,-0.03692626953125,0.99169921875,-0.008526799269020557,-0.0002664624771568924,0.003197549842298031,0.7112152576446533,-0.10869980603456497,2.3860855102539062,-2.1384778022766113,0,0,0,0,0,
31100,0.04534912109375,-0.0364990234375,0.99224853515625,-0.010258805938065052,-0.0015987749211490154,0.003996937535703182,0.7129921913146973,-0.10733722150325775,2.408984661102295,-2.1350739002227783,0,0,0,0,0,
31200,0.04083251953125,-0.0384521484375,0.99169921875,-0.009326186962425709,-0.0009326186846010387,0.003996937535703182,0.7124108076095581,-0.10464237630367279,2.388237476348877,-2.1374239921569824,0,0,0,0,0,
31250,0.04193115234375,-0.036376953125,0.9912109375,-0.009059724397957325,-0.0015987749211490154,0.004796324763447046,0.712317943572998,-0.1035456731915474,2.391481876373291,-2.1336753368377686,0,0,0,0,0,
31300,0.03778076171875,-0.037841796875,0.992919921875,-0.008926493115723133,-0.0006661562365479767,0.0034640124067664146,0.7100929617881775,-0.10303238034248352,2.370068073272705,-2.1384127140045166,0,0,0,0,0,
31350,0.045654296875,-0.037353515625,0.9921875,-0.008926493115723133,-0.0015987749211490154,0.00506278732791543,0.7107170820236206,-0.1027240976691246,2.396334409713745,-2.1399495601654053,0,0,0,0,0,
31400,0.04193115234375,-0.03717041015625,0.99249267578125,-0.007727412041276693,-0.0001332312385784462,0.003064318560063839,0.7114907503128052,-0.10247623175382614,2.398453950881958,-2.1402454376220703,0,0,0,0,0,
31450,0.0399169921875,-0.0391845703125,0.99273681640625,-0.009326186962425709,-0.0001332312385784462,0.0037304747384041548,0.7112098336219788,-0.10343668609857559,2.388681650161743,-2.152080774307251,0,0,0,0,0,
31500,0.044921875,-0.0360107421875,0.99310302734375,-0.00866003055125475,-0.0009326186846010387,0.004663093481212854,0.7129544019699097,-0.10352537781000137,2.4086556434631348,-2.1443235874176025,0,0,0,0,0,
31550,0.04351806640625,-0.038330078125,0.99420166015625,-0.007993875071406364,-0.0017320062033832073,0.0038637060206383467,0.7154845595359802,-0.10422065854072571,2.4182558059692383,-2.1504781246185303,0,0,0,0,0,
31600,0.04132080078125,-0.0380859375,0.99200439453125,-0.009059724397957325,-0.0015987749211490154,0.004663093481212854,0.7174138426780701,-0.1053091287612915,2.4147775173187256,-2.1551053524017334,0,0,0,0,0,
31650,0.04168701171875,-0.03472900390625,0.991943359375,-0.009326186962425709,-0.0010658499086275697,0.002797856228426099,0.7190526127815247,-0.10477259755134583,2.413801431655884,-2.139943838119507,0,0,0,0,0,
31700,0.04144287109375,-0.0364990234375,0.9918212890625,-0.008260336704552174,-0.0018652373692020774,0.0033307811245322227,0.7203003764152527,-0.1039474755525589,2.411530017852783,-2.136521339416504,0,0,0,0,0,
31750,0.0400390625,-0.03717041015625,0.99200439453125,-0.010258805938065052,-0.00039969373028725386,0.003197549842298031,0.7204052805900574,-0.10328089445829391,2.4013495445251465,-2.137281656265259,0,0,0,0,0,
31800,0.04180908203125,-0.037353515625,0.9923095703125,-0.008393567986786366,0.0005329249543137848,0.004796324763447046,0.7205953598022461,-0.10284674167633057,2.402306318283081,-2.138939380645752,0,0,0,0,0,
31850,0.03887939453125,-0.04052734375,0.99200439453125,-0.008526799269020557,-0.0021316998172551394,0.002398162381723523,0.719169557094574,-0.10444284230470657,2.3863375186920166,-2.1588077545166016,0,0,0,0,0,
31900,0.04034423828125,-0.03778076171875,0.990234375,-0.008526799269020557,0.0005329249543137848,0.001998468767851591,0.7173376083374023,-0.10612238198518753,2.3808505535125732,-2.161238193511963,0,0,0,0,0,
31950,0.0411376953125,-0.03790283203125,0.99188232421875,-0.0074609494768083096,-0.0021316998172551394,0.004396630916744471,0.7156125903129578,-0.10788656771183014,2.3800876140594482,-2.163764238357544,0,0,0,0,0,
32000,0.04144287109375,-0.0380859375,0.99285888671875,-0.009592649526894093,-0.002531393663957715,0.0021316998172551394,0.714143693447113,-0.10978566855192184,2.3809235095977783,-2.166877508163452,0,0,0,0,0,
32050,0.04071044921875,-0.035888671875,0.9923095703125,-0.008393567986786366,-0.0002664624771568924,0.0035972436890006065,0.7124900817871094,-0.11052165180444717,2.377607822418213,-2.1571455001831055,0,0,0,0,0,
32100,0.04327392578125,-0.03851318359375,0.99212646484375,-0.008127106353640556,0.0006661562365479767,0.0038637060206383467,0.7121822237968445,-0.1118219718337059,2.389411449432373,-2.163524866104126,0,0,0,0,0,
32150,0.04107666015625,-0.0390625,0.992431640625,-0.007993875071406364,0.0,0.004663093481212854,0.7116937637329102,-0.11387820541858673,2.387298107147217,-2.172384262084961,0,0,0,0,0,
32200,0.044189453125,-0.03778076171875,0.99200439453125,-0.007993875071406364,-0.0013323124730959535,0.0037304747384041548,0.7128686308860779,-0.11579421162605286,2.403442144393921,-2.1730382442474365,0,0,0,0,0,
32250,0.0428466796875,-0.03802490234375,0.99456787109375,-0.00866003055125475,-0.0010658499086275697,0.0034640124067664146,0.7145431637763977,-0.11766326427459717,2.409613847732544,-2.1744847297668457,0,0,0,0,0,
32300,0.0411376953125,-0.038330078125,0.9915771484375,-0.009592649526894093,-0.0001332312385784462,0.005595712456852198,0.7156934142112732,-0.11971834301948547,2.40604567527771,-2.1782140731811523,0,0,0,0,0,
32350,0.04339599609375,-0.03607177734375,0.992919921875,-0.009992343373596668,-0.0009326186846010387,0.003197549842298031,0.717677652835846,-0.12057127803564072,2.4155359268188477,-2.168247699737549,0,0,0,0,0,
32450,0.0447998046875,-0.0347900390625,0.9927978515625,-0.009725880809128284,-0.0013323124730959535,0.00506278732791543,0.7214069366455078,-0.11882428824901581,2.425550937652588,-2.1440510749816895,0,0,0,0,0,
32500,0.04449462890625,-0.03759765625,0.991943359375,-0.0094594182446599,-0.001998468767851591,0.003996937535703182,0.7252303957939148,-0.11759106069803238,2.4396417140960693,-2.1464920043945312,0,0,0,0,0,
32550,0.0396728515625,-0.039306640625,0.9925537109375,-0.009859112091362476,-0.0018652373692020774,0.00506278732791543,0.7271462082862854,-0.11767658591270447,2.4243886470794678,-2.1584463119506836,0,0,0,0,0,
32600,0.044189453125,-0.0343017578125,0.9903564453125,-0.008127106353640556,-0.0015987749211490154,0.005728943273425102,0.7301573157310486,-0.11598961800336838,2.4372575283050537,-2.1408069133758545,0,0,0,0,0,
32650,0.04400634765625,-0.03717041015625,0.99072265625,-0.009326186962425709,-0.0011990811908617616,0.00506278732791543,0.7339087724685669,-0.11452852189540863,2.447671890258789,-2.14137864112854,0,0,0,0,0,
32700,0.03692626953125,-0.03521728515625,0.9906005859375,-0.009192955680191517,-0.0009326186846010387,0.0021316998172551394,0.734147846698761,-0.1121484711766243,2.41629958152771,-2.130728006362915,0,0,0,0,0,
32750,0.04107666015625,-0.03558349609375,0.99188232421875,-0.00866003055125475,-0.0007993874605745077,0.00506278732791543,0.7338991165161133,-0.10922753065824509,2.411660671234131,-2.122939109802246,0,0,0,0,0,
32800,0.044189453125,-0.039306640625,0.99188232421875,-0.009725880809128284,-0.002398162381723523,0.0038637060206383467,0.7350480556488037,-0.10804062336683273,2.4253885746002197,-2.1373584270477295,0,0,0,0,0,
32850,0.036865234375,-0.03582763671875,0.99249267578125,-0.010392037220299244,-0.0006661562365479767,0.0021316998172551394,0.7330856919288635,-0.10625867545604706,2.3954241275787354,-2.130221128463745,0,0,0,0,0,
32900,0.04193115234375,-0.0364990234375,0.99249267578125,-0.007860643789172173,-0.0014655436389148235,0.003064318560063839,0.7315411567687988,-0.10439492762088776,2.3976407051086426,-2.1276211738586426,0,0,0,0,0,
32950,0.0416259765625,-0.03912353515625,0.991943359375,-0.009859112091362476,-0.0018652373692020774,0.002531393663957715,0.7301856279373169,-0.10400804132223129,2.39798641204834,-2.140526056289673,0,0,0,0,0,
33000,0.0394287109375,-0.03570556640625,0.99298095703125,-0.008793261833488941,-0.0014655436389148235,0.004663093481212854,0.7277089357376099,-0.10283128917217255,2.385418653488159,-2.1322405338287354,0,0,0,0,0,
33050,0.04229736328125,-0.03985595703125,0.99127197265625,-0.009059724397957325,-0.0018652373692020774,0.0034640124067664146,0.726038932800293,-0.10345236957073212,2.3910090923309326,-2.1490421295166016,0,0,0,0,0,
33100,0.0438232421875,-0.0374755859375,0.99444580078125,-0.009192955680191517,-0.0011990811908617616,0.004796324763447046,0.7258437871932983,-0.10408186912536621,2.4040870666503906,-2.149747371673584,0,0,0,0,0,
33150,0.04248046875,-0.0374755859375,0.992919921875,-0.008393567986786366,0.00039969373028725386,0.004263399634510279,0.7261082530021667,-0.10474609583616257,2.4084887504577637,-2.150724172592163,0,0,0,0,0,
33200,0.042724609375,-0.03936767578125,0.99066162109375,-0.008793261833488941,-0.0017320062033832073,0.0034640124067664146,0.7269360423088074,-0.1065705195069313,2.41438627243042,-2.1629903316497803,0,0,0,0,0,
33250,0.040771484375,-0.03460693359375,0.99298095703125,-0.007860643789172173,-0.0011990811908617616,0.004130168352276087,0.727034866809845,-0.10652519017457962,2.4079244136810303,-2.1461172103881836,0,0,0,0,0,
33300,0.04168701171875,-0.039794921875,0.99200439453125,-0.007327718660235405,-0.0001332312385784462,0.003064318560063839,0.7270886301994324,-0.1079750806093216,2.4075722694396973,-2.1610240936279297,0,0,0,0,0,
33350,0.04486083984375,-0.03680419921875,0.9913330078125,-0.009059724397957325,-0.0011990811908617616,0.002531393663957715,0.7289525866508484,-0.10891024768352509,2.4257285594940186,-2.1573266983032227,0,0,0,0,0,
33400,0.04193115234375,-0.03424072265625,0.99139404296875,-0.006928024813532829,-0.0001332312385784462,0.0037304747384041548,0.7305775284767151,-0.10794327408075333,2.4252021312713623,-2.1392405033111572,0,0,0,0,0,
33450,0.04241943359375,-0.04119873046875,0.99273681640625,-0.009992343373596668,-0.0014655436389148235,0.0038637060206383467,0.7322347164154053,-0.10942500084638596,2.427149772644043,-2.1627604961395264,0,0,0,0,0,
33500,0.04052734375,-0.0362548828125,0.99169921875,-0.009326186962425709,-0.0011990811908617616,0.0034640124067664146,0.7328413724899292,-0.11005092412233353,2.4183013439178467,-2.155684232711792,0,0,0,0,0,
33550,0.0418701171875,-0.0377197265625,0.990966796875,-0.007860643789172173,0.0001332312385784462,0.0034640124067664146,0.7333809733390808,-0.11083610355854034,2.4182374477386475,-2.157902717590332,0,0,0,0,0,
33600,0.04296875,-0.03790283203125,0.9931640625,-0.009059724397957325,-0.0009326186846010387,0.0045298621989786625,0.7344402074813843,-0.11179918795824051,2.4239730834960938,-2.1604669094085693,0,0,0,0,0,
33700,0.040771484375,-0.03790283203125,0.9908447265625,-0.008127106353640556,0.00039969373028725386,0.0038637060206383467,0.7344920635223389,-0.11208275705575943,2.411709785461426,-2.1550657749176025,0,0,0,0,0,
33750,0.04254150390625,-0.03765869140625,0.99041748046875,-0.009192955680191517,-0.0035972436890006065,0.002931087277829647,0.7346736192703247,-0.11258519440889359,2.416307210922241,-2.15710711479187,0,0,0,0,0,
33800,0.0406494140625,-0.03643798828125,0.992431640625,-0.0074609494768083096,-0.0013323124730959535,0.0035972436890006065,0.7341126799583435,-0.11247572302818298,2.409064531326294,-2.1514904499053955,0,0,0,0,0,
33850,0.04498291015625,-0.0382080078125,0.990966796875,-0.00866003055125475,-0.0002664624771568924,0.004396630916744471,0.7354871034622192,-0.11291952431201935,2.427856922149658,-2.1569137573242188,0,0,0,0,0,
33900,0.0400390625,-0.03643798828125,0.99212646484375,-0.009859112091362476,-0.0021316998172551394,0.0021316998172551394,0.7355399131774902,-0.1127663180232048,2.416015625,-2.1513874530792236,0,0,0,0,0,
33950,0.03985595703125,-0.03936767578125,0.9906005859375,-0.00866003055125475,-0.00039969373028725386,0.0038637060206383467,0.7344505786895752,-0.11385292559862137,2.404646396636963,-2.163632392883301,0,0,0,0,0,
34000,0.041748046875,-0.0390625,0.9918212890625,-0.010525268502533436,0.0002664624771568924,0.002931087277829647,0.7335079312324524,-0.11572881042957306,2.405024528503418,-2.172611713409424,0,0,0,0,0,
34050,0.04156494140625,-0.03515625,0.99224853515625,-0.008793261833488941,-0.002531393663957715,0.003197549842298031,0.7325813174247742,-0.11596458405256271,2.4042418003082275,-2.1580865383148193,0,0,0,0,0,
34100,0.04296875,-0.040283203125,0.99383544921875,-0.01012557465583086,-0.0010658499086275697,0.002797856228426099,0.7324427366256714,-0.11778853833675385,2.4111955165863037,-2.174204111099243,0,0,0,0,0,
34150,0.04278564453125,-0.034912109375,0.990234375,-0.008926493115723133,-0.0018652373692020774,0.003996937535703182,0.7329305410385132,-0.11786395311355591,2.417320489883423,-2.1585426330566406,0,0,0,0,0,
34200,0.04095458984375,-0.03656005859375,0.99212646484375,-0.007327718660235405,-0.0009326186846010387,0.004929556045681238,0.7328182458877563,-0.11743240058422089,2.4118077754974365,-2.1535484790802,0,0,0,0,0,
34250,0.04119873046875,-0.04022216796875,0.9913330078125,-0.010658499784767628,-0.0011990811908617616,0.00506278732791543,0.7323776483535767,-0.11872219294309616,2.408411979675293,-2.170330286026001,0,0,0,0,0,
34300,0.0404052734375,-0.0352783203125,0.99432373046875,-0.009859112091362476,-0.0014655436389148235,0.0037304747384041548,0.7311505079269409,-0.11847983300685883,2.400106430053711,-2.1562986373901367,0,0,0,0,0,
34350,0.04144287109375,-0.039794921875,0.99267578125,-0.008926493115723133,-0.0011990811908617616,0.004130168352276087,0.7299321889877319,-0.1196364089846611,2.3989675045013428,-2.1700456142425537,0,0,0,0,0,
34400,0.0435791015625,-0.03753662109375,0.99249267578125,-0.009592649526894093,-0.0015987749211490154,0.004263399634510279,0.7299702763557434,-0.12061531841754913,2.410313129425049,-2.1694254875183105,0,0,0,0,0,
34450,0.03955078125,-0.03466796875,0.991943359375,-0.0074609494768083096,-0.0018652373692020774,0.004263399634510279,0.7287209630012512,-0.11980334669351578,2.397477388381958,-2.1524956226348877,0,0,0,0,0,
34500,0.04119873046875,-0.0377197265625,0.99359130859375,-0.009326186962425709,0.0,0.003064318560063839,0.7273482084274292,-0.11926998198032379,2.394993305206299,-2.1544697284698486,0,0,0,0,0,
34550,0.04095458984375,-0.0382080078125,0.99151611328125,-0.009725880809128284,0.0,0.002931087277829647,0.7257980704307556,-0.11929411441087723,2.3918468952178955,-2.1595113277435303,0,0,0,0,0,
34600,0.03961181640625,-0.03826904296875,0.991943359375,-0.008926493115723133,-0.0010658499086275697,0.0022649310994893312,0.7233359217643738,-0.11979672312736511,2.381176233291626,-2.164320230484009,0,0,0,0,0,
34650,0.04119873046875,-0.03857421875,0.99346923828125,-0.007727412041276693,-0.0018652373692020774,0.002931087277829647,0.7210369110107422,-0.12082301825284958,2.3803460597991943,-2.1700596809387207,0,0,0,0,0,
34700,0.04339599609375,-0.033935546875,0.99322509765625,-0.009592649526894093,-0.0001332312385784462,0.0037304747384041548,0.7201686501502991,-0.11959441006183624,2.3923542499542236,-2.1485369205474854,0,0,0,0,0,
34750,0.0401611328125,-0.0389404296875,0.99359130859375,-0.008127106353640556,0.0002664624771568924,0.003197549842298031,0.7185915112495422,-0.11942970007658005,2.3843977451324463,-2.157947301864624,0,0,0,0,0,
34800,0.04278564453125,-0.0394287109375,0.99200439453125,-0.009859112091362476,0.0002664624771568924,0.002664624946191907,0.7180050611495972,-0.12044157832860947,2.3927273750305176,-2.169548511505127,0,0,0,0,0,
34850,0.04290771484375,-0.0360107421875,0.99188232421875,-0.008526799269020557,-0.0013323124730959535,0.0037304747384041548,0.718303382396698,-0.12043026089668274,2.4009883403778076,-2.1603283882141113,0,0,0,0,0,
34950,0.0421142578125,-0.037109375,0.9901123046875,-0.009725880809128284,-0.0018652373692020774,0.004929556045681238,0.7189732789993286,-0.12289775162935257,2.403428554534912,-2.1719744205474854,0,0,0,0,0,
35000,0.0421142578125,-0.03643798828125,0.99267578125,-0.008393567986786366,-0.0014655436389148235,0.0033307811245322227,0.7196614742279053,-0.12308859080076218,2.405855178833008,-2.1648061275482178,0,0,0,0,0,
35050,0.041748046875,-0.0399169921875,0.9942626953125,-0.009326186962425709,-0.0006661562365479767,0.002797856228426099,0.7202467322349548,-0.12458498030900955,2.4055142402648926,-2.1780524253845215,0,0,0,0,0,
35100,0.04046630859375,-0.03607177734375,0.99407958984375,-0.009192955680191517,-0.00039969373028725386,0.004130168352276087,0.7200126647949219,-0.12491419911384583,2.397906541824341,-2.167877197265625,0,0,0,0,0,
35150,0.0396728515625,-0.0391845703125,0.99237060546875,-0.007860643789172173,-0.0010658499086275697,0.0017320062033832073,0.7186989188194275,-0.1261254996061325,2.3868751525878906,-2.1770272254943848,0,0,0,0,0,
35200,0.04144287109375,-0.037353515625,0.9921875,-0.009326186962425709,-0.0009326186846010387,0.002398162381723523,0.7175489664077759,-0.1269870549440384,2.3871994018554688,-2.17474102973938,0,0,0,0,0,
35250,0.041015625,-0.035888671875,0.99169921875,-0.008793261833488941,-0.0006661562365479767,0.0034640124067664146,0.7163102030754089,-0.1267239898443222,2.3851613998413086,-2.1643564701080322,0,0,0,0,0,
35300,0.04217529296875,-0.0413818359375,0.9940185546875,-0.0094594182446599,-0.0013323124730959535,0.004263399634510279,0.7156190276145935,-0.12866464257240295,2.3893983364105225,-2.1861305236816406,0,0,0,0,0,
35350,0.04052734375,-0.0364990234375,0.992919921875,-0.01012557465583086,-0.0013323124730959535,0.0038637060206383467,0.7144601941108704,-0.12958432734012604,2.384031057357788,-2.177861452102661,0,0,0,0,0,
35400,0.0421142578125,-0.0377197265625,0.99163818359375,-0.008260336704552174,-0.0009326186846010387,0.003996937535703182,0.7138774991035461,-0.13039737939834595,2.3886337280273438,-2.1777148246765137,0,0,0,0,0,
35450,0.0369873046875,-0.0355224609375,0.99334716796875,-0.010392037220299244,-0.0014655436389148235,0.003996937535703182,0.7107762098312378,-0.12981782853603363,2.3628647327423096,-2.1646018028259277,0,0,0,0,0,
35500,0.04083251953125,-0.03656005859375,0.99224853515625,-0.0094594182446599,-0.0017320062033832073,0.0037304747384041548,0.7079052925109863,-0.12873408198356628,2.3620669841766357,-2.158980369567871,0,0,0,0,0,
35550,0.043701171875,-0.03680419921875,0.992431640625,-0.008793261833488941,-0.0001332312385784462,0.002664624946191907,0.7068970203399658,-0.12738680839538574,2.3778223991394043,-2.155261278152466,0,0,0,0,0,
35600,0.04144287109375,-0.03662109375,0.99169921875,-0.008793261833488941,-0.0010658499086275697,0.004130168352276087,0.7061247825622559,-0.12575194239616394,2.3791749477386475,-2.15103816986084,0,0,0,0,0,
35650,0.0408935546875,-0.03533935546875,0.9930419921875,-0.008260336704552174,-0.0007993874605745077,0.0021316998172551394,0.7052041888237,-0.12313368171453476,2.3769190311431885,-2.1395692825317383,0,0,0,0,0,
35700,0.04150390625,-0.03729248046875,0.99365234375,-0.009725880809128284,-0.002664624946191907,0.003996937535703182,0.7045077681541443,-0.12085632234811783,2.3782405853271484,-2.140360116958618,0,0,0,0,0,
35750,0.041015625,-0.0364990234375,0.9918212890625,-0.00866003055125475,-0.0015987749211490154,0.004796324763447046,0.7037632465362549,-0.1184607595205307,2.3770625591278076,-2.1369006633758545,0,0,0,0,0,
35800,0.04241943359375,-0.03631591796875,0.99383544921875,-0.007727412041276693,-0.0014655436389148235,0.0034640124067664146,0.7037475109100342,-0.11584343016147614,2.383605718612671,-2.1322875022888184,0,0,0,0,0,
35850,0.04229736328125,-0.0374755859375,0.99224853515625,-0.009859112091362476,-0.0001332312385784462,0.0035972436890006065,0.7042888402938843,-0.11377467960119247,2.3891608715057373,-2.1351559162139893,0,0,0,0,0,
35900,0.04364013671875,-0.039306640625,0.991943359375,-0.009326186962425709,-0.0005329249543137848,0.004663093481212854,0.7060549259185791,-0.11323083192110062,2.4019501209259033,-2.148336172103882,0,0,0,0,0,
35950,0.041748046875,-0.0379638671875,0.9920654296875,-0.009192955680191517,-0.001998468767851591,0.004263399634510279,0.7077042460441589,-0.11315347254276276,2.4025485515594482,-2.1524572372436523,0,0,0,0,0,
36000,0.0399169921875,-0.03985595703125,0.99383544921875,-0.009592649526894093,-0.0001332312385784462,0.004929556045681238,0.7081437706947327,-0.11450763791799545,2.3920998573303223,-2.1666951179504395,0,0,0,0,0,
36050,0.0430908203125,-0.03558349609375,0.9931640625,-0.010924962349236012,-0.003197549842298031,0.0033307811245322227,0.7094465494155884,-0.11455906182527542,2.4011712074279785,-2.155021905899048,0,0,0,0,0,
36100,0.04266357421875,-0.0384521484375,0.9927978515625,-0.009992343373596668,0.0002664624771568924,0.003996937535703182,0.7111955881118774,-0.1152150109410286,2.4069371223449707,-2.161118507385254,0,0,0,0,0,
36200,0.0411376953125,-0.03741455078125,0.990966796875,-0.009192955680191517,-0.001998468767851591,0.0034640124067664146,0.7144869565963745,-0.11420994997024536,2.406867742538452,-2.1504456996917725,0,0,0,0,0,
36250,0.04241943359375,-0.03875732421875,0.99176025390625,-0.00866003055125475,-0.0002664624771568924,0.0011990811908617616,0.7161290049552917,-0.1146874949336052,2.410907506942749,-2.1589853763580322,0,0,0,0,0,
36300,0.04522705078125,-0.0361328125,0.99163818359375,-0.00866003055125475,-0.0011990811908617616,0.004796324763447046,0.7195927500724792,-0.1143743023276329,2.4307665824890137,-2.1515555381774902,0,0,0,0,0,
36350,0.0423583984375,-0.0357666015625,0.9921875,-0.009592649526894093,-0.0021316998172551394,0.005462481174618006,0.7228323817253113,-0.1132034882903099,2.4319896697998047,-2.1426661014556885,0,0,0,0,0,
36400,0.03961181640625,-0.03741455078125,0.9940185546875,-0.009592649526894093,-0.0014655436389148235,0.0035972436890006065,0.7242304086685181,-0.11226201802492142,2.4168126583099365,-2.1437888145446777,0,0,0,0,0,
36450,0.03802490234375,-0.03594970703125,0.99139404296875,-0.008393567986786366,-0.0001332312385784462,0.002398162381723523,0.7232738733291626,-0.11072993278503418,2.394665002822876,-2.1369411945343018,0,0,0,0,0,
36500,0.04412841796875,-0.0360107421875,0.99200439453125,-0.008393567986786366,-0.0007993874605745077,0.0034640124067664146,0.7239198088645935,-0.10875117778778076,2.409733295440674,-2.1309423446655273,0,0,0,0,0,
36550,0.0377197265625,-0.03662109375,0.9930419921875,-0.008127106353640556,-0.00039969373028725386,0.0035972436890006065,0.7221407890319824,-0.1067654937505722,2.386129856109619,-2.128894329071045,0,0,0,0,0,
36600,0.04010009765625,-0.03741455078125,0.99127197265625,-0.009192955680191517,-0.0006661562365479767,0.001998468767851591,0.7198281288146973,-0.10528691112995148,2.379013776779175,-2.1319797039031982,0,0,0,0,0,
36650,0.0428466796875,-0.0377197265625,0.99114990234375,-0.009592649526894093,-0.0002664624771568924,0.004263399634510279,0.7186908721923828,-0.10440995544195175,2.388455629348755,-2.136517286300659,0,0,0,0,0,
36700,0.04241943359375,-0.037841796875,0.99249267578125,-0.009059724397957325,-0.001998468767851591,0.002664624946191907,0.7182387113571167,-0.10407096892595291,2.394169330596924,-2.1410200595855713,0,0,0,0,0,
36750,0.04254150390625,-0.036376953125,0.99139404296875,-0.008526799269020557,-0.0001332312385784462,0.0035972436890006065,0.7184441089630127,-0.10335065424442291,2.4002928733825684,-2.1368677616119385,0,0,0,0,0,
36800,0.042236328125,-0.03533935546875,0.9912109375,-0.008793261833488941,-0.0014655436389148235,0.004130168352276087,0.7190097570419312,-0.1017349362373352,2.4041004180908203,-2.1271934509277344,0,0,0,0,0,
36850,0.0401611328125,-0.032958984375,0.991943359375,-0.008526799269020557,-0.0013323124730959535,0.004396630916744471,0.7186503410339355,-0.09802444279193878,2.3954153060913086,-2.1046299934387207,0,0,0,0,0,
36900,0.04241943359375,-0.03411865234375,0.992919921875,-0.00866003055125475,-0.0017320062033832073,0.004130168352276087,0.7188217043876648,-0.09329993277788162,2.4003636837005615,-2.0907793045043945,0,0,0,0,0,
36950,0.04241943359375,-0.03753662109375,0.992431640625,-0.009192955680191517,-0.0009326186846010387,0.0038637060206383467,0.7194299697875977,-0.08978119492530823,2.40490460395813,-2.0981125831604004,0,0,0,0,0,
37000,0.038330078125,-0.03564453125,0.99261474609375,-0.009192955680191517,-0.0010658499086275697,0.0033307811245322227,0.7180275917053223,-0.0861838236451149,2.3854057788848877,-2.0938074588775635,0,0,0,0,0,
37050,0.04156494140625,-0.03619384765625,0.9925537109375,-0.008127106353640556,-0.0017320062033832073,0.004263399634510279,0.7168750762939453,-0.08287368714809418,2.386502742767334,-2.0930824279785156,0,0,0,0,0,
37100,0.04205322265625,-0.03564453125,0.99066162109375,-0.009725880809128284,0.0001332312385784462,0.002531393663957715,0.7162637710571289,-0.07955217361450195,2.3907620906829834,-2.089658498764038,0,0,0,0,0,
37150,0.04351806640625,-0.03515625,0.99224853515625,-0.008793261833488941,0.0002664624771568924,0.003996937535703182,0.7169032096862793,-0.07593858242034912,2.402658224105835,-2.083416223526001,0,0,0,0,0,
37200,0.043701171875,-0.04388427734375,0.9921875,-0.008393567986786366,-0.001998468767851591,0.0038637060206383467,0.7186484932899475,-0.07715500146150589,2.414355754852295,-2.1281027793884277,0,0,0,0,0,
37250,0.0418701171875,-0.04052734375,0.99371337890625,-0.008793261833488941,-0.0014655436389148235,0.002931087277829647,0.7201830148696899,-0.08030574023723602,2.4139938354492188,-2.1486623287200928,0,0,0,0,0,
37300,0.04400634765625,-0.03729248046875,0.9921875,-0.008127106353640556,-0.0013323124730959535,0.004396630916744471,0.722801923751831,-0.08315882831811905,2.426372528076172,-2.148836612701416,0,0,0,0,0,
37400,0.04150390625,-0.03741455078125,0.9925537109375,-0.009192955680191517,-0.0011990811908617616,0.003064318560063839,0.7275019884109497,-0.08878247439861298,2.4257991313934326,-2.1529626846313477,0,0,0,0,0,
37450,0.04345703125,-0.03778076171875,0.9913330078125,-0.007194487378001213,-0.0010658499086275697,0.0034640124067664146,0.7301556468009949,-0.09147530049085617,2.4340386390686035,-2.1557106971740723,0,0,0,0,0,
37500,0.0439453125,-0.03912353515625,0.99078369140625,-0.009059724397957325,-0.0010658499086275697,0.003996937535703182,0.733579158782959,-0.09493140876293182,2.4443907737731934,-2.166036367416382,0,0,0,0,0,
37550,0.03961181640625,-0.0352783203125,0.99176025390625,-0.008393567986786366,-0.0001332312385784462,0.0037304747384041548,0.7350748777389526,-0.09673815965652466,2.4285364151000977,-2.152998924255371,0,0,0,0,0,
37600,0.04638671875,-0.03778076171875,0.99383544921875,-0.009326186962425709,0.0005329249543137848,0.002531393663957715,0.7388441562652588,-0.09858174622058868,2.452767848968506,-2.1551740169525146,0,0,0,0,0,
37650,0.0413818359375,-0.03570556640625,0.99334716796875,-0.009192955680191517,-0.0014655436389148235,0.002931087277829647,0.7415478229522705,-0.09925635159015656,2.445880889892578,-2.1453278064727783,0,0,0,0,0,
37700,0.04046630859375,-0.037109375,0.99224853515625,-0.007860643789172173,0.0001332312385784462,0.004263399634510279,0.7428597807884216,-0.09981071203947067,2.4346675872802734,-2.1447999477386475,0,0,0,0,0,
37750,0.04290771484375,-0.0389404296875,0.9949951171875,-0.00866003055125475,-0.0018652373692020774,0.0021316998172551394,0.7443685531616211,-0.10125527530908585,2.4379475116729736,-2.1542563438415527,0,0,0,0,0,
37800,0.04168701171875,-0.04180908203125,0.992919921875,-0.009859112091362476,-0.0010658499086275697,0.004396630916744471,0.7453668713569641,-0.10510436445474625,2.4343514442443848,-2.179746150970459,0,0,0,0,0,
37850,0.044189453125,-0.03692626953125,0.99200439453125,-0.009059724397957325,-0.0010658499086275697,0.0045298621989786625,0.7474095821380615,-0.10806810855865479,2.445794105529785,-2.174741744995117,0,0,0,0,0,
37900,0.0401611328125,-0.0394287109375,0.99041748046875,-0.009059724397957325,-0.0013323124730959535,0.0021316998172551394,0.7479947209358215,-0.11176496744155884,2.433260679244995,-2.1850366592407227,0,0,0,0,0,
37950,0.04034423828125,-0.03387451171875,0.99273681640625,-0.009859112091362476,-0.0006661562365479767,0.002664624946191907,0.7474470138549805,-0.11276832222938538,2.422517776489258,-2.1617984771728516,0,0,0,0,0,
38000,0.04010009765625,-0.034912109375,0.99139404296875,-0.0075941807590425014,-0.0014655436389148235,0.0037304747384041548,0.7458782196044922,-0.1122068539261818,2.4117591381073,-2.147153615951538,0,0,0,0,0,
38050,0.03973388671875,-0.03643798828125,0.99334716796875,-0.009725880809128284,-0.00039969373028725386,0.0017320062033832073,0.7432383298873901,-0.11122071743011475,2.3994791507720947,-2.142345428466797,0,0,0,0,0,
38100,0.0428466796875,-0.03533935546875,0.99261474609375,-0.006928024813532829,-0.0002664624771568924,0.0021316998172551394,0.7415688633918762,-0.1092805415391922,2.406543731689453,-2.131819009780884,0,0,0,0,0,
38150,0.04669189453125,-0.04071044921875,0.99298095703125,-0.00866003055125475,-0.0017320062033832073,0.0045298621989786625,0.7429027557373047,-0.10966949909925461,2.4349076747894287,-2.153170108795166,0,0,0,0,0,
38200,0.0404052734375,-0.038330078125,0.9935302734375,-0.009326186962425709,-0.0010658499086275697,0.0033307811245322227,0.7430242896080017,-0.11056375503540039,2.4241182804107666,-2.158612012863159,0,0,0,0,0,
38250,0.041748046875,-0.0391845703125,0.99298095703125,-0.008393567986786366,0.0005329249543137848,0.002531393663957715,0.7429485321044922,-0.11236109584569931,2.422266721725464,-2.168537139892578,0,0,0,0,0,
38300,0.0438232421875,-0.0406494140625,0.9930419921875,-0.01079173106700182,-0.001998468767851591,0.0033307811245322227,0.7439057230949402,-0.11571210622787476,2.4325203895568848,-2.185871124267578,0,0,0,0,0,
38350,0.042724609375,-0.03607177734375,0.99200439453125,-0.009725880809128284,-0.0021316998172551394,0.0022649310994893312,0.7450869679450989,-0.11767569929361343,2.435718536376953,-2.1753480434417725,0,0,0,0,0,
38400,0.04217529296875,-0.03839111328125,0.99114990234375,-0.009192955680191517,-0.00039969373028725386,0.005196018610149622,0.7461404204368591,-0.11985068023204803,2.435621738433838,-2.1794254779815674,0,0,0,0,0,
38450,0.04180908203125,-0.04034423828125,0.99334716796875,-0.010258805938065052,-0.0021316998172551394,0.002931087277829647,0.7468134164810181,-0.12325223535299301,2.4328701496124268,-2.19386625289917,0,0,0,0,0,
38500,0.041748046875,-0.03497314453125,0.99151611328125,-0.009192955680191517,0.0,0.0022649310994893312,0.7471860647201538,-0.12456011772155762,2.430539608001709,-2.176331043243408,0,0,0,0,0,
38550,0.045166015625,-0.04022216796875,0.99273681640625,-0.009725880809128284,-0.0014655436389148235,0.002664624946191907,0.7492452263832092,-0.12715227901935577,2.447777509689331,-2.190481662750244,0,0,0,0,0,
38650,0.0433349609375,-0.03851318359375,0.99090576171875,-0.0074609494768083096,-0.0009326186846010387,0.004130168352276087,0.7532326579093933,-0.1310807764530182,2.4528274536132812,-2.189617156982422,0,0,0,0,0,
38700,0.04180908203125,-0.03741455078125,0.992919921875,-0.008926493115723133,-0.0013323124730959535,0.003996937535703182,0.7547579407691956,-0.13259857892990112,2.4484856128692627,-2.1862587928771973,0,0,0,0,0,
38750,0.04010009765625,-0.03558349609375,0.9927978515625,-0.008793261833488941,0.0001332312385784462,0.003064318560063839,0.7547605037689209,-0.1326119601726532,2.434783458709717,-2.172732353210449,0,0,0,0,0,
38800,0.04559326171875,-0.03778076171875,0.9930419921875,-0.006794793531298637,0.0002664624771568924,0.002531393663957715,0.7566850185394287,-0.1326618790626526,2.454005479812622,-2.1731112003326416,0,0,0,0,0,
38850,0.04290771484375,-0.037353515625,0.99176025390625,-0.009992343373596668,-0.0033307811245322227,0.002931087277829647,0.758632481098175,-0.1325252801179886,2.4561595916748047,-2.1712958812713623,0,0,0,0,0,
38900,0.04168701171875,-0.0374755859375,0.9925537109375,-0.008393567986786366,-0.0007993874605745077,0.005862174555659294,0.7598564028739929,-0.13229312002658844,2.450871467590332,-2.170203685760498,0,0,0,0,0,
38950,0.0439453125,-0.039306640625,0.99468994140625,-0.009059724397957325,-0.0013323124730959535,0.003197549842298031,0.7617279291152954,-0.13299159705638885,2.4585721492767334,-2.1792778968811035,0,0,0,0,0,
39000,0.0413818359375,-0.0421142578125,0.99224853515625,-0.008926493115723133,-0.0007993874605745077,0.0038637060206383467,0.7626869082450867,-0.13610947132110596,2.4513182640075684,-2.2041702270507812,0,0,0,0,0,
39050,0.0435791015625,-0.0379638671875,0.991455078125,-0.008127106353640556,-0.0015987749211490154,0.004396630916744471,0.7641858458518982,-0.13878130912780762,2.457676410675049,-2.2028279304504395,0,0,0,0,0,
39100,0.04266357421875,-0.0374755859375,0.99151611328125,-0.009592649526894093,-0.002531393663957715,0.0022649310994893312,0.7655789256095886,-0.140783429145813,2.4581167697906494,-2.1988024711608887,0,0,0,0,0,
39150,0.04083251953125,-0.03826904296875,0.9920654296875,-0.008260336704552174,-0.0006661562365479767,0.002531393663957715,0.7658035159111023,-0.14266958832740784,2.4478251934051514,-2.1996450424194336,0,0,0,0,0,
39200,0.040283203125,-0.03680419921875,0.99285888671875,-0.008926493115723133,-0.0014655436389148235,0.0034640124067664146,0.7647449374198914,-0.14358222484588623,2.4352173805236816,-2.191796064376831,0,0,0,0,0,
39250,0.04107666015625,-0.03961181640625,0.99072265625,-0.008260336704552174,-0.0013323124730959535,0.0033307811245322227,0.7631640434265137,-0.14536084234714508,2.4289357662200928,-2.2013683319091797,0,0,0,0,0,
39300,0.03863525390625,-0.0369873046875,0.99072265625,-0.008926493115723133,-0.0007993874605745077,0.002931087277829647,0.7597717046737671,-0.14631347358226776,2.409240961074829,-2.194887161254883,0,0,0,0,0,
39350,0.044921875,-0.035400390625,0.9920654296875,-0.010258805938065052,-0.0009326186846010387,0.0038637060206383467,0.7585362792015076,-0.1456376016139984,2.427417755126953,-2.1795547008514404,0,0,0,0,0,
39400,0.04248046875,-0.03656005859375,0.991455078125,-0.007727412041276693,-0.0009326186846010387,0.003064318560063839,0.7576677799224854,-0.14433319866657257,2.4298512935638428,-2.172593593597412,0,0,0,0,0,
39450,0.04248046875,-0.037109375,0.990966796875,-0.009059724397957325,-0.0013323124730959535,0.002931087277829647,0.7571165561676025,-0.1428598314523697,2.4321558475494385,-2.1695995330810547,0,0,0,0,0,
39500,0.0423583984375,-0.03619384765625,0.994140625,-0.008127106353640556,0.0,0.004396630916744471,0.7566808462142944,-0.14066779613494873,2.4327592849731445,-2.1609394550323486,0,0,0,0,0,
39550,0.04168701171875,-0.03729248046875,0.99102783203125,-0.008926493115723133,0.0002664624771568924,0.0034640124067664146,0.7560312747955322,-0.1386168748140335,2.430185079574585,-2.160158634185791,0,0,0,0,0,
39600,0.041748046875,-0.03643798828125,0.99188232421875,-0.009725880809128284,-0.0014655436389148235,0.0034640124067664146,0.7552300691604614,-0.13618983328342438,2.4280192852020264,-2.154346466064453,0,0,0,0,0,
39650,0.0418701171875,-0.03631591796875,0.9918212890625,-0.007727412041276693,-0.0009326186846010387,0.004263399634510279,0.7543859481811523,-0.13341322541236877,2.426788806915283,-2.148423671722412,0,0,0,0,0,
39700,0.04296875,-0.03643798828125,0.990966796875,-0.009592649526894093,-0.0001332312385784462,0.0035972436890006065,0.754169225692749,-0.13046894967556,2.4322187900543213,-2.143970489501953,0,0,0,0,0,
39750,0.04425048828125,-0.03619384765625,0.990966796875,-0.006928024813532829,0.0005329249543137848,0.003064318560063839,0.7552018761634827,-0.12727636098861694,2.444495677947998,-2.138543128967285,0,0,0,0,0,
39800,0.0428466796875,-0.0390625,0.9920654296875,-0.0075941807590425014,-0.0009326186846010387,0.0045298621989786625,0.756397545337677,-0.12554553151130676,2.4471590518951416,-2.149968147277832,0,0,0,0,0,
39900,0.0419921875,-0.03729248046875,0.99163818359375,-0.008793261833488941,-0.002664624946191907,0.003197549842298031,0.7554521560668945,-0.12254355102777481,2.4310061931610107,-2.1498470306396484,0,0,0,0,0,
39950,0.0401611328125,-0.03887939453125,0.9913330078125,-0.007993875071406364,-0.0011990811908617616,0.0045298621989786625,0.7538793683052063,-0.1222161278128624,2.419724702835083,-2.159269332885742,0,0,0,0,0,
40000,0.04266357421875,-0.0384521484375,0.991455078125,-0.009326186962425709,-0.0006661562365479767,0.001998468767851591,0.7528879642486572,-0.12251830846071243,2.4239656925201416,-2.1652379035949707,0,0,0,0,0,
40050,0.04278564453125,-0.03802490234375,0.99224853515625,-0.007993875071406364,-0.0002664624771568924,0.0035972436890006065,0.7524287700653076,-0.12306378781795502,2.4282960891723633,-2.167973041534424,0,0,0,0,0,
40100,0.04205322265625,-0.03607177734375,0.99267578125,-0.009059724397957325,-0.0011990811908617616,0.0038637060206383467,0.7519745826721191,-0.12266664952039719,2.427886724472046,-2.159092426300049,0,0,0,0,0,
40150,0.0401611328125,-0.037109375,0.992431640625,-0.00866003055125475,0.0002664624771568924,0.0037304747384041548,0.7504438161849976,-0.12211503833532333,2.4166667461395264,-2.1571505069732666,0,0,0,0,0,
40200,0.04156494140625,-0.03619384765625,0.99200439453125,-0.00866003055125475,-0.0010658499086275697,0.005196018610149622,0.7488763928413391,-0.12092423439025879,2.4147696495056152,-2.150207042694092,0,0,0,0,0,
40250,0.0430908203125,-0.03515625,0.99029541015625,-0.008793261833488941,-0.0006661562365479767,0.002398162381723523,0.7482166886329651,-0.11866495013237,2.4222793579101562,-2.138331413269043,0,0,0,0,0,
40300,0.041748046875,-0.03759765625,0.98919677734375,-0.009326186962425709,-0.0015987749211490154,0.0037304747384041548,0.7475496530532837,-0.116994708776474,2.421546697616577,-2.1419625282287598,0,0,0,0,0,
40350,0.04119873046875,-0.0374755859375,0.9925537109375,-0.008793261833488941,0.0002664624771568924,0.0037304747384041548,0.74648517370224,-0.11567621678113937,2.416904926300049,-2.1438097953796387,0,0,0,0,0,
40400,0.044189453125,-0.03839111328125,0.9931640625,-0.009592649526894093,0.0009326186846010387,0.003996937535703182,0.7468172311782837,-0.11516761779785156,2.4298059940338135,-2.150590181350708,0,0,0,0,0,
40450,0.041015625,-0.037109375,0.99163818359375,-0.008526799269020557,-0.00039969373028725386,0.0035972436890006065,0.746486485004425,-0.11461707949638367,2.4235098361968994,-2.1496622562408447,0,0,0,0,0,
40500,0.04010009765625,-0.036865234375,0.9923095703125,-0.007860643789172173,0.0005329249543137848,0.002931087277829647,0.745078444480896,-0.11388370394706726,2.4124062061309814,-2.1472833156585693,0,0,0,0,0,
40550,0.04205322265625,-0.04034423828125,0.990966796875,-0.010658499784767628,-0.0005329249543137848,0.0034640124067664146,0.7439668774604797,-0.11504208296537399,2.4139626026153564,-2.1654675006866455,0,0,0,0,0,
40600,0.04052734375,-0.0367431640625,0.99163818359375,-0.010258805938065052,-0.0018652373692020774,0.004663093481212854,0.7422141432762146,-0.11563248932361603,2.406440019607544,-2.1609461307525635,0,0,0,0,0,
40650,0.04144287109375,-0.0390625,0.99188232421875,-0.010258805938065052,0.00039969373028725386,0.003197549842298031,0.7404792308807373,-0.11708761006593704,2.404865264892578,-2.1701836585998535,0,0,0,0,0,
40700,0.04119873046875,-0.0361328125,0.99090576171875,-0.009326186962425709,0.0,0.0037304747384041548,0.7386617064476013,-0.11756141483783722,2.40230393409729,-2.161825656890869,0,0,0,0,0,
40750,0.0408935546875,-0.03497314453125,0.99224853515625,-0.008393567986786366,-0.0005329249543137848,0.004663093481212854,0.7365880608558655,-0.1165381595492363,2.397925615310669,-2.1473288536071777,0,0,0,0,0,
40800,0.04473876953125,-0.03729248046875,0.99273681640625,-0.007860643789172173,-0.0001332312385784462,0.0035972436890006065,0.7365297675132751,-0.1156354695558548,2.4160053730010986,-2.1475112438201904,0,0,0,0,0,
40850,0.0421142578125,-0.03594970703125,0.99072265625,-0.008526799269020557,-0.0005329249543137848,0.004663093481212854,0.7366421222686768,-0.11411139369010925,2.4176535606384277,-2.140394687652588,0,0,0,0,0,
40900,0.04095458984375,-0.03790283203125,0.99169921875,-0.007860643789172173,-0.0007993874605745077,0.002797856228426099,0.7361976504325867,-0.11320499330759048,2.4121978282928467,-2.145047426223755,0,0,0,0,0,
40950,0.04180908203125,-0.03765869140625,0.991455078125,-0.009059724397957325,-0.00039969373028725386,0.0033307811245322227,0.735805332660675,-0.11267176270484924,2.4122745990753174,-2.1478726863861084,0,0,0,0,0,
41000,0.042236328125,-0.03448486328125,0.99139404296875,-0.009326186962425709,0.0,0.0033307811245322227,0.7357097268104553,-0.11061748117208481,2.414849281311035,-2.132128953933716,0,0,0,0,0,
41050,0.0435791015625,-0.0390625,0.99224853515625,-0.007327718660235405,-0.0001332312385784462,0.004263399634510279,0.7366043925285339,-0.10997085273265839,2.4246561527252197,-2.144151210784912,0,0,0,0,0,
41150,0.0401611328125,-0.03656005859375,0.9927978515625,-0.008793261833488941,-0.0009326186846010387,0.004663093481212854,0.7397527694702148,-0.11233370751142502,2.427257537841797,-2.1596474647521973,0,0,0,0,0,
41200,0.042236328125,-0.04132080078125,0.99298095703125,-0.0094594182446599,-0.0014655436389148235,0.002931087277829647,0.7405658960342407,-0.11527832597494125,2.4278838634490967,-2.1817798614501953,0,0,0,0,0,
41250,0.0390625,-0.03546142578125,0.992431640625,-0.008127106353640556,-0.003197549842298031,0.0038637060206383467,0.7395443320274353,-0.11655881255865097,2.410350799560547,-2.1680831909179688,0,0,0,0,0,
41300,0.04254150390625,-0.0380859375,0.9903564453125,-0.008127106353640556,0.0,0.0034640124067664146,0.739099383354187,-0.11803295463323593,2.4150948524475098,-2.171300172805786,0,0,0,0,0,
41350,0.0418701171875,-0.037109375,0.9906005859375,-0.0075941807590425014,-0.0005329249543137848,0.003064318560063839,0.7387340068817139,-0.11908170580863953,2.4154458045959473,-2.168520450592041,0,0,0,0,0,
41400,0.04058837890625,-0.03497314453125,0.99176025390625,-0.009326186962425709,-0.0017320062033832073,0.002664624946191907,0.7376719117164612,-0.11851994693279266,2.4081130027770996,-2.1534640789031982,0,0,0,0,0,
41450,0.0408935546875,-0.03839111328125,0.98944091796875,-0.009859112091362476,0.00039969373028725386,0.0034640124067664146,0.7362849116325378,-0.11867950111627579,2.403801918029785,-2.1601154804229736,0,0,0,0,0,
41500,0.04205322265625,-0.0355224609375,0.9912109375,-0.00866003055125475,-0.00039969373028725386,0.0037304747384041548,0.7352768182754517,-0.11772844940423965,2.4062037467956543,-2.1491689682006836,0,0,0,0,0,
41550,0.03985595703125,-0.03692626953125,0.9910888671875,-0.007727412041276693,-0.0001332312385784462,0.003197549842298031,0.7333206534385681,-0.11670126765966415,2.3957154750823975,-2.147456645965576,0,0,0,0,0,
41600,0.04400634765625,-0.03802490234375,0.99127197265625,-0.008793261833488941,-0.0005329249543137848,0.0021316998172551394,0.7330033779144287,-0.11624839901924133,2.4101479053497314,-2.152172565460205,0,0,0,0,0,
41650,0.042236328125,-0.0364990234375,0.992431640625,-0.009326186962425709,-0.0013323124730959535,0.002931087277829647,0.7329696416854858,-0.1153620257973671,2.412666082382202,-2.1473846435546875,0,0,0,0,0,
41700,0.04022216796875,-0.0352783203125,0.989990234375,-0.0066615622490644455,0.0005329249543137848,0.002398162381723523,0.7320650815963745,-0.11348401755094528,2.4039242267608643,-2.1365818977355957,0,0,0,0,0,
41750,0.04510498046875,-0.0379638671875,0.99176025390625,-0.008793261833488941,-0.0005329249543137848,0.003064318560063839,0.7332337498664856,-0.11232750862836838,2.4237520694732666,-2.141918897628784,0,0,0,0,0,
41800,0.0433349609375,-0.0372314453125,0.99310302734375,-0.006395099684596062,-0.0010658499086275697,0.003197549842298031,0.7350174188613892,-0.11131726205348969,2.43107008934021,-2.1422250270843506,0,0,0,0,0,
41850,0.0430908203125,-0.04168701171875,0.9906005859375,-0.007727412041276693,-0.0014655436389148235,0.003197549842298031,0.7371976375579834,-0.11305854469537735,2.436819553375244,-2.1687300205230713,0,0,0,0,0,
41900,0.04168701171875,-0.03778076171875,0.99176025390625,-0.009592649526894093,-0.0015987749211490154,0.004263399634510279,0.7388432621955872,-0.11473527550697327,2.433654308319092,-2.169825792312622,0,0,0,0,0,
41950,0.041748046875,-0.0377197265625,0.992431640625,-0.008526799269020557,-0.0010658499086275697,0.003996937535703182,0.7400583028793335,-0.11629306524991989,2.4309940338134766,-2.1703131198883057,0,0,0,0,0,
42000,0.040771484375,-0.0419921875,0.9920654296875,-0.009059724397957325,-0.0006661562365479767,0.003064318560063839,0.740354597568512,-0.12021058052778244,2.4230215549468994,-2.1954681873321533,0,0,0,0,0,
42050,0.0416259765625,-0.03839111328125,0.99224853515625,-0.011191424913704395,0.00039969373028725386,0.0033307811245322227,0.740395188331604,-0.12391956895589828,2.4207603931427,-2.197300434112549,0,0,0,0,0,
42100,0.04486083984375,-0.03741455078125,0.99273681640625,-0.008926493115723133,-0.002398162381723523,0.0033307811245322227,0.7420812845230103,-0.12684592604637146,2.437256336212158,-2.193183183670044,0,0,0,0,0,
42150,0.041015625,-0.03857421875,0.99188232421875,-0.008526799269020557,-0.0002664624771568924,0.0045298621989786625,0.7428873777389526,-0.12979991734027863,2.430142402648926,-2.1963858604431152,0,0,0,0,0,
42200,0.04010009765625,-0.035888671875,0.991943359375,-0.008526799269020557,0.0002664624771568924,0.003064318560063839,0.7424461245536804,-0.13119849562644958,2.4184749126434326,-2.1837856769561768,0,0,0,0,0,
42250,0.04290771484375,-0.0369873046875,0.9942626953125,-0.007194487378001213,-0.0018652373692020774,0.0022649310994893312,0.7425591349601746,-0.13190296292304993,2.4235763549804688,-2.1782431602478027,0,0,0,0,0,
42300,0.0391845703125,-0.0369873046875,0.99169921875,-0.008127106353640556,-0.0005329249543137848,0.002398162381723523,0.7410373687744141,-0.13209784030914307,2.407341718673706,-2.173851728439331,0,0,0,0,0,
42400,0.04144287109375,-0.03863525390625,0.99200439453125,-0.0094594182446599,-0.0015987749211490154,0.003197549842298031,0.7380935549736023,-0.1325049251317978,2.4047887325286865,-2.1769487857818604,0,0,0,0,0,
42450,0.04156494140625,-0.035888671875,0.991943359375,-0.009592649526894093,0.0014655436389148235,0.003996937535703182,0.7366938591003418,-0.13188248872756958,2.404096841812134,-2.166280508041382,0,0,0,0,0,
42500,0.0440673828125,-0.03631591796875,0.99298095703125,-0.00866003055125475,-0.0002664624771568924,0.004263399634510279,0.7367880940437317,-0.1305835247039795,2.417635917663574,-2.158892869949341,0,0,0,0,0,
42550,0.03985595703125,-0.03887939453125,0.99267578125,-0.009592649526894093,-0.0017320062033832073,0.003996937535703182,0.735670268535614,-0.13023710250854492,2.4056100845336914,-2.167119264602661,0,0,0,0,0,
42600,0.03936767578125,-0.03759765625,0.99322509765625,-0.009192955680191517,-0.0015987749211490154,0.0035972436890006065,0.7332887053489685,-0.12991563975811005,2.391854763031006,-2.167022466659546,0,0,0,0,0,
42650,0.0416259765625,-0.03900146484375,0.9906005859375,-0.00866003055125475,-0.0013323124730959535,0.002664624946191907,0.7312700748443604,-0.1304815709590912,2.3931026458740234,-2.175575017929077,0,0,0,0,0,
42700,0.0419921875,-0.0401611328125,0.99249267578125,-0.007860643789172173,-0.0013323124730959535,0.0038637060206383467,0.7297300100326538,-0.132387176156044,2.395869493484497,-2.189537525177002,0,0,0,0,0,
42750,0.0423583984375,-0.04266357421875,0.9913330078125,-0.008260336704552174,-0.0015987749211490154,0.004263399634510279,0.728829562664032,-0.13682590425014496,2.4007253646850586,-2.2167744636535645,0,0,0,0,0,
42800,0.04437255859375,-0.0411376953125,0.99249267578125,-0.010392037220299244,-0.0013323124730959535,0.0038637060206383467,0.7295898199081421,-0.1423652321100235,2.4164321422576904,-2.2322192192077637,0,0,0,0,0,
42850,0.04150390625,-0.03790283203125,0.99163818359375,-0.009592649526894093,-0.0022649310994893312,0.004663093481212854,0.7300589084625244,-0.14689868688583374,2.414280652999878,-2.2276997566223145,0,0,0,0,0,
42900,0.0408935546875,-0.03765869140625,0.9921875,-0.009592649526894093,-0.0014655436389148235,0.002931087277829647,0.7299227118492126,-0.1504196971654892,2.4086971282958984,-2.222108840942383,0,0,0,0,0,
42950,0.04241943359375,-0.03851318359375,0.99237060546875,-0.008127106353640556,-0.0005329249543137848,0.0037304747384041548,0.7301713824272156,-0.1535721868276596,2.412409543991089,-2.221944570541382,0,0,0,0,0,
43000,0.04052734375,-0.0391845703125,0.9925537109375,-0.008926493115723133,0.0,0.005329249892383814,0.7296342849731445,-0.15677911043167114,2.4048006534576416,-2.2256414890289307,0,0,0,0,0,
43050,0.044189453125,-0.04327392578125,0.99188232421875,-0.008127106353640556,0.0,0.004663093481212854,0.7305880784988403,-0.1623656004667282,2.4191720485687256,-2.2526440620422363,0,0,0,0,0,
43100,0.0406494140625,-0.0443115234375,0.99249267578125,-0.009592649526894093,-0.0007993874605745077,0.005196018610149622,0.7306848168373108,-0.17041078209877014,2.411555767059326,-2.2828173637390137,0,0,0,0,0,
43150,0.04083251953125,-0.04071044921875,0.9918212890625,-0.010392037220299244,0.0001332312385784462,0.006128637120127678,0.730211615562439,-0.17830775678157806,2.4059531688690186,-2.2893805503845215,0,0,0,0,0,
43200,0.04150390625,-0.0367431640625,0.99365234375,-0.011191424913704395,-0.0015987749211490154,0.002931087277829647,0.729627788066864,-0.18367773294448853,2.4043736457824707,-2.272007465362549,0,0,0,0,0,
43250,0.0386962890625,-0.0361328125,0.99267578125,-0.008793261833488941,0.00039969373028725386,0.003197549842298031,0.7273673415184021,-0.18662075698375702,2.38702392578125,-2.253108024597168,0,0,0,0,0,
43300,0.0406494140625,-0.0364990234375,0.991455078125,-0.007993875071406364,-0.0002664624771568924,0.0037304747384041548,0.7249252796173096,-0.1878051906824112,2.382946491241455,-2.2384650707244873,0,0,0,0,0,
43350,0.0458984375,-0.033935546875,0.99212646484375,-0.008393567986786366,-0.0009326186846010387,0.002398162381723523,0.7253702878952026,-0.18605630099773407,2.4093751907348633,-2.2103164196014404,0,0,0,0,0,
43400,0.039306640625,-0.03656005859375,0.99163818359375,-0.007727412041276693,-0.0013323124730959535,0.003064318560063839,0.7243616580963135,-0.18347778916358948,2.3952841758728027,-2.2002711296081543,0,0,0,0,0,
43450,0.0428466796875,-0.04229736328125,0.9915771484375,-0.009192955680191517,0.0002664624771568924,0.0038637060206383467,0.7242211103439331,-0.18355657160282135,2.4029557704925537,-2.2242655754089355,0,0,0,0,0,
43500,0.0416259765625,-0.0416259765625,0.9892578125,-0.009326186962425709,-0.0021316998172551394,0.007061256095767021,0.7241384387016296,-0.18545372784137726,2.4033946990966797,-2.242528200149536,0,0,0,0,0,
43550,0.0423583984375,-0.04150390625,0.99188232421875,-0.010525268502533436,0.0001332312385784462,0.0035972436890006065,0.7244622707366943,-0.18867498636245728,2.407376766204834,-2.2576663494110107,0,0,0,0,0,
43650,0.040283203125,-0.03436279296875,0.99420166015625,-0.0094594182446599,0.0,0.0021316998172551394,0.7239101529121399,-0.19182562828063965,2.3974146842956543,-2.2318625450134277,0,0,0,0,0,
43700,0.03948974609375,-0.03619384765625,0.99176025390625,-0.008526799269020557,-0.0010658499086275697,0.004663093481212854,0.7220737338066101,-0.190395325422287,2.3855459690093994,-2.217522621154785,0,0,0,0,0,
43750,0.04180908203125,-0.03466796875,0.99200439453125,-0.009725880809128284,0.00039969373028725386,0.004130168352276087,0.7206845879554749,-0.1869305670261383,2.3881824016571045,-2.1957478523254395,0,0,0,0,0,
43800,0.0426025390625,-0.035888671875,0.9930419921875,-0.009059724397957325,-0.0011990811908617616,0.0037304747384041548,0.7201026082038879,-0.1825324445962906,2.394864797592163,-2.1829493045806885,0,0,0,0,0,
43850,0.041259765625,-0.04229736328125,0.9910888671875,-0.009859112091362476,0.0002664624771568924,0.003197549842298031,0.7194477319717407,-0.1811591535806656,2.3935537338256836,-2.2087996006011963,0,0,0,0,0,
43900,0.04168701171875,-0.0384521484375,0.9915771484375,-0.010658499784767628,-0.002931087277829647,0.004396630916744471,0.7189782857894897,-0.18002311885356903,2.3947534561157227,-2.209798812866211,0,0,0,0,0,
43950,0.04095458984375,-0.0394287109375,0.99114990234375,-0.008793261833488941,-0.0011990811908617616,0.003996937535703182,0.71825110912323,-0.1796634942293167,2.391706705093384,-2.2164268493652344,0,0,0,0,0,
44000,0.0416259765625,-0.03619384765625,0.99212646484375,-0.009859112091362476,-0.001998468767851591,0.002664624946191907,0.717688798904419,-0.17804986238479614,2.3926284313201904,-2.2035272121429443,0,0,0,0,0,
44050,0.03875732421875,-0.0341796875,0.99249267578125,-0.009859112091362476,-0.0005329249543137848,0.002797856228426099,0.7156059145927429,-0.17427058517932892,2.376859664916992,-2.1802570819854736,0,0,0,0,0,
44100,0.04022216796875,-0.03765869140625,0.99212646484375,-0.008127106353640556,-0.0018652373692020774,0.003064318560063839,0.7131617069244385,-0.17078648507595062,2.371164321899414,-2.179429531097412,0,0,0,0,0,
44150,0.04132080078125,-0.03472900390625,0.9912109375,-0.009059724397957325,0.0001332312385784462,0.0021316998172551394,0.7111068367958069,-0.16590696573257446,2.3726131916046143,-2.1619913578033447,0,0,0,0,0,
44200,0.04095458984375,-0.03546142578125,0.99310302734375,-0.0075941807590425014,-0.0009326186846010387,0.0034640124067664146,0.7091310024261475,-0.1603272706270218,2.3713490962982178,-2.1501100063323975,0,0,0,0,0,
44250,0.04046630859375,-0.037841796875,0.992431640625,-0.0075941807590425014,-0.0011990811908617616,0.0034640124067664146,0.7069715857505798,-0.15562297403812408,2.367537021636963,-2.1532843112945557,0,0,0,0,0,
44300,0.0438232421875,-0.03759765625,0.99212646484375,-0.008260336704552174,-0.0014655436389148235,0.003996937535703182,0.7066265940666199,-0.1515376716852188,2.3835220336914062,-2.1547698974609375,0,0,0,0,0,
44350,0.04315185546875,-0.04254150390625,0.99237060546875,-0.009859112091362476,-0.0014655436389148235,0.003197549842298031,0.7073574662208557,-0.15083853900432587,2.3939356803894043,-2.1845462322235107,0,0,0,0,0,
44400,0.0416259765625,-0.0362548828125,0.99407958984375,-0.009992343373596668,-0.0001332312385784462,0.003197549842298031,0.7080380320549011,-0.14923083782196045,2.3941633701324463,-2.1747615337371826,0,0,0,0,0,
44450,0.0440673828125,-0.038330078125,0.99200439453125,-0.007194487378001213,-0.0013323124730959535,0.002664624946191907,0.7101253271102905,-0.14814206957817078,2.4089109897613525,-2.1783430576324463,0,0,0,0,0,
44500,0.04010009765625,-0.03759765625,0.992431640625,-0.010258805938065052,-0.0010658499086275697,0.0033307811245322227,0.7110364437103271,-0.14705686271190643,2.3992364406585693,-2.1772899627685547,0,0,0,0,0,
44550,0.042724609375,-0.03326416015625,0.99078369140625,-0.009326186962425709,-0.0001332312385784462,0.0037304747384041548,0.7125412821769714,-0.1435222029685974,2.4060845375061035,-2.151710271835327,0,0,0,0,0,
44600,0.0406494140625,-0.036376953125,0.991455078125,-0.007860643789172173,-0.002398162381723523,0.0045298621989786625,0.7132973670959473,-0.13981933891773224,2.400102376937866,-2.146493434906006,0,0,0,0,0,
44650,0.04180908203125,-0.03350830078125,0.99072265625,-0.009592649526894093,-0.0005329249543137848,0.002531393663957715,0.714127779006958,-0.13437865674495697,2.401602029800415,-2.1254124641418457,0,0,0,0,0,
44700,0.04156494140625,-0.0369873046875,0.99176025390625,-0.006794793531298637,-0.0021316998172551394,0.0035972436890006065,0.7148413062095642,-0.129567489027977,2.4012629985809326,-2.1262669563293457,0,0,0,0,0,
44750,0.04156494140625,-0.0361328125,0.99066162109375,-0.008926493115723133,-0.0015987749211490154,0.0035972436890006065,0.7154802680015564,-0.12484537810087204,2.401230812072754,-2.1223464012145996,0,0,0,0,0,
44800,0.04119873046875,-0.0352783203125,0.99176025390625,-0.009592649526894093,-0.0002664624771568924,0.003996937535703182,0.7158156037330627,-0.11972687393426895,2.398833751678467,-2.1136603355407715,0,0,0,0,0,
44900,0.0413818359375,-0.0377197265625,0.99273681640625,-0.008260336704552174,-0.0005329249543137848,0.003996937535703182,0.7165627479553223,-0.11258155852556229,2.3990225791931152,-2.1247193813323975,0,0,0,0,0,
44950,0.04278564453125,-0.03839111328125,0.9908447265625,-0.008793261833488941,-0.0017320062033832073,0.0035972436890006065,0.7175249457359314,-0.11071542650461197,2.406184673309326,-2.133920192718506,0,0,0,0,0,
45000,0.04248046875,-0.03729248046875,0.99237060546875,-0.007061256095767021,-0.002398162381723523,0.0038637060206383467,0.7188237309455872,-0.10919826477766037,2.4105124473571777,-2.1355438232421875,0,0,0,0,0,
45050,0.0411376953125,-0.03564453125,0.99273681640625,-0.009992343373596668,-0.0011990811908617616,0.003064318560063839,0.719601035118103,-0.10702257603406906,2.4065966606140137,-2.12744140625,0,0,0,0,0,
45100,0.04022216796875,-0.0377197265625,0.99114990234375,-0.0094594182446599,-0.0013323124730959535,0.0045298621989786625,0.7194570899009705,-0.10556604713201523,2.3981614112854004,-2.1324572563171387,0,0,0,0,0,
45150,0.03875732421875,-0.036865234375,0.99267578125,-0.009859112091362476,-0.0015987749211490154,0.003197549842298031,0.717688262462616,-0.10418275743722916,2.3817689418792725,-2.1317331790924072,0,0,0,0,0,
45200,0.0379638671875,-0.03497314453125,0.99267578125,-0.008793261833488941,0.0011990811908617616,0.0038637060206383467,0.7141656875610352,-0.1017828956246376,2.3624625205993652,-2.1201841831207275,0,0,0,0,0,
45250,0.042236328125,-0.0374755859375,0.99102783203125,-0.009992343373596668,0.0001332312385784462,0.002797856228426099,0.711756706237793,-0.10005725920200348,2.3700757026672363,-2.1245265007019043,0,0,0,0,0,
45300,0.0399169921875,-0.03814697265625,0.9923095703125,-0.009592649526894093,-0.0015987749211490154,0.0045298621989786625,0.7089062333106995,-0.09925656020641327,2.3632521629333496,-2.1320502758026123,0,0,0,0,0,
45350,0.04217529296875,-0.036865234375,0.99017333984375,-0.008127106353640556,0.0014655436389148235,0.003197549842298031,0.7070800065994263,-0.09851822257041931,2.3706440925598145,-2.13187313079834,0,0,0,0,0,
45400,0.043212890625,-0.0374755859375,0.992431640625,-0.01079173106700182,-0.0015987749211490154,0.0033307811245322227,0.7066453099250793,-0.09814021736383438,2.382733106613159,-2.1347382068634033,0,0,0,0,0,
45450,0.0411376953125,-0.03631591796875,0.99176025390625,-0.009859112091362476,-0.0011990811908617616,0.003197549842298031,0.7061632871627808,-0.09740562736988068,2.3818247318267822,-2.1307942867279053,0,0,0,0,0,
45500,0.04290771484375,-0.0360107421875,0.9918212890625,-0.009992343373596668,-0.00039969373028725386,0.004663093481212854,0.7066664695739746,-0.09621081501245499,2.39119553565979,-2.125457525253296,0,0,0,0,0,
45550,0.0404052734375,-0.0374755859375,0.99261474609375,-0.008526799269020557,-0.0002664624771568924,0.0035972436890006065,0.7065002918243408,-0.09548472613096237,2.385004997253418,-2.1289498805999756,0,0,0,0,0,
45600,0.03887939453125,-0.03643798828125,0.99200439453125,-0.009859112091362476,-0.002664624946191907,0.0037304747384041548,0.7049299478530884,-0.09456194937229156,2.3707966804504395,-2.1262569427490234,0,0,0,0,0,
45650,0.04119873046875,-0.03692626953125,0.9921875,-0.008793261833488941,-0.0010658499086275697,0.0033307811245322227,0.7035695910453796,-0.09376449882984161,2.371326446533203,-2.126587390899658,0,0,0,0,0,
45700,0.04241943359375,-0.037841796875,0.99249267578125,-0.008793261833488941,-0.0013323124730959535,0.003064318560063839,0.7030881643295288,-0.09359656274318695,2.378755569458008,-2.132085084915161,0,0,0,0,0,
45750,0.04058837890625,-0.03558349609375,0.9921875,-0.009059724397957325,-0.0001332312385784462,0.004263399634510279,0.7022778391838074,-0.09264690428972244,2.3749847412109375,-2.1240999698638916,0,0,0,0,0,
45800,0.04217529296875,-0.0377197265625,0.99322509765625,-0.008393567986786366,-0.001998468767851591,0.0033307811245322227,0.702096700668335,-0.0922810435295105,2.3804664611816406,-2.128988265991211,0,0,0,0,0,
45850,0.04327392578125,-0.03729248046875,0.9942626953125,-0.010924962349236012,-0.0006661562365479767,0.0045298621989786625,0.7030352354049683,-0.09212218970060349,2.391481876373291,-2.130692481994629,0,0,0,0,0,
45900,0.04217529296875,-0.03704833984375,0.99090576171875,-0.007860643789172173,-0.0009326186846010387,0.002797856228426099,0.7043192386627197,-0.09206481277942657,2.3958754539489746,-2.1315484046936035,0,0,0,0,0,
45950,0.0406494140625,-0.0379638671875,0.9930419921875,-0.009992343373596668,-0.0017320062033832073,0.002531393663957715,0.704939067363739,-0.09257329255342484,2.3905179500579834,-2.1371495723724365,0,0,0,0,0,
46000,0.03961181640625,-0.03704833984375,0.99298095703125,-0.008393567986786366,-0.0013323124730959535,0.0045298621989786625,0.7044194936752319,-0.09300974756479263,2.379743814468384,-2.1369378566741943,0,0,0,0,0,
46050,0.0421142578125,-0.03924560546875,0.99273681640625,-0.009192955680191517,-0.0015987749211490154,0.003996937535703182,0.7044274806976318,-0.09465222805738449,2.3844995498657227,-2.1494345664978027,0,0,0,0,0,
46150,0.04217529296875,-0.03607177734375,0.9925537109375,-0.008793261833488941,-0.0009326186846010387,0.0045298621989786625,0.707416296005249,-0.09741193801164627,2.401726722717285,-2.145691394805908,0,0,0,0,0,
46200,0.043701171875,-0.03778076171875,0.99346923828125,-0.009059724397957325,-0.0022649310994893312,0.003197549842298031,0.7100003957748413,-0.09854091703891754,2.413257598876953,-2.1487016677856445,0,0,0,0,0,
46250,0.04107666015625,-0.0355224609375,0.99249267578125,-0.009725880809128284,-0.0006661562365479767,0.0038637060206383467,0.7118781805038452,-0.09855060279369354,2.408778190612793,-2.1386377811431885,0,0,0,0,0,
46300,0.04217529296875,-0.03948974609375,0.99383544921875,-0.00866003055125475,-0.0009326186846010387,0.004130168352276087,0.7137614488601685,-0.09990860521793365,2.4107112884521484,-2.152130603790283,0,0,0,0,0,
46350,0.04241943359375,-0.0390625,0.99212646484375,-0.008926493115723133,-0.0033307811245322227,0.003197549842298031,0.7158128619194031,-0.10213574022054672,2.4142754077911377,-2.162179946899414,0,0,0,0,0,
46400,0.03948974609375,-0.03485107421875,0.99066162109375,-0.00866003055125475,-0.0005329249543137848,0.003996937535703182,0.7163320183753967,-0.1026533842086792,2.4010047912597656,-2.1473121643066406,0,0,0,0,0,
46450,0.0440673828125,-0.0386962890625,0.99053955078125,-0.008926493115723133,-0.002664624946191907,0.003064318560063839,0.7182407379150391,-0.10399451851844788,2.415419578552246,-2.156064748764038,0,0,0,0,0,
46500,0.0399169921875,-0.03936767578125,0.99530029296875,-0.00866003055125475,-0.0005329249543137848,0.002797856228426099,0.7187496423721313,-0.10627645254135132,2.403329610824585,-2.166813850402832,0,0,0,0,0,
46550,0.042724609375,-0.03692626953125,0.9921875,-0.007194487378001213,-0.0001332312385784462,0.002531393663957715,0.7198140621185303,-0.1079564243555069,2.409393787384033,-2.163076162338257,0,0,0,0,0,
46600,0.04486083984375,-0.0379638671875,0.99188232421875,-0.008793261833488941,-0.0013323124730959535,0.003996937535703182,0.7225545048713684,-0.10973428189754486,2.4272186756134033,-2.1657350063323975,0,0,0,0,0,
46650,0.040771484375,-0.037109375,0.9930419921875,-0.008127106353640556,-0.0015987749211490154,0.0033307811245322227,0.7242427468299866,-0.1110600084066391,2.4194374084472656,-2.162991523742676,0,0,0,0,0,
46700,0.04278564453125,-0.03662109375,0.992431640625,-0.009592649526894093,-0.0009326186846010387,0.0022649310994893312,0.7262370586395264,-0.11173645406961441,2.4241862297058105,-2.1578245162963867,0,0,0,0,0,
46750,0.03936767578125,-0.03887939453125,0.9920654296875,-0.010525268502533436,0.0005329249543137848,0.003197549842298031,0.7264978289604187,-0.11319202929735184,2.4088451862335205,-2.166292190551758,0,0,0,0,0,
46800,0.0430908203125,-0.03692626953125,0.98992919921875,-0.009192955680191517,-0.0010658499086275697,0.0037304747384041548,0.7275496125221252,-0.11418218165636063,2.417015790939331,-2.1630935668945312,0,0,0,0,0,
46850,0.042724609375,-0.0361328125,0.9908447265625,-0.009326186962425709,-0.001998468767851591,0.003996937535703182,0.7289993762969971,-0.11430858820676804,2.4220471382141113,-2.1554462909698486,0,0,0,0,0,
46900,0.04217529296875,-0.0389404296875,0.9920654296875,-0.010658499784767628,-0.0011990811908617616,0.0038637060206383467,0.7304083108901978,-0.11532580107450485,2.423088550567627,-2.164480686187744,0,0,0,0,0,
46950,0.04339599609375,-0.03485107421875,0.9921875,-0.008393567986786366,0.0,0.0037304747384041548,0.7324740886688232,-0.11469433456659317,2.4310660362243652,-2.1490111351013184,0,0,0,0,0,
47000,0.043701171875,-0.041015625,0.9947509765625,-0.009592649526894093,-0.0014655436389148235,0.0021316998172551394,0.735158383846283,-0.11622955650091171,2.439317464828491,-2.17004656791687,0,0,0,0,0,
47050,0.04241943359375,-0.03826904296875,0.99188232421875,-0.009059724397957325,0.0005329249543137848,0.002797856228426099,0.7376514673233032,-0.1179855540394783,2.440089225769043,-2.1737895011901855,0,0,0,0,0,
47100,0.0406494140625,-0.03448486328125,0.9930419921875,-0.008526799269020557,-0.0007993874605745077,0.0022649310994893312,0.7389203906059265,-0.11769934743642807,2.430340528488159,-2.155123472213745,0,0,0,0,0,
47150,0.0399169921875,-0.039306640625,0.99310302734375,-0.00866003055125475,-0.0002664624771568924,0.002531393663957715,0.7387574315071106,-0.11853861063718796,2.417290687561035,-2.1660919189453125,0,0,0,0,0,
47200,0.04315185546875,-0.0355224609375,0.9903564453125,-0.009592649526894093,-0.0011990811908617616,0.00506278732791543,0.7393695712089539,-0.1181580200791359,2.424879312515259,-2.1547327041625977,0,0,0,0,0,
47250,0.04095458984375,-0.03692626953125,0.991943359375,-0.008127106353640556,-0.0011990811908617616,0.003064318560063839,0.7392979264259338,-0.11756930500268936,2.418653726577759,-2.152270793914795,0,0,0,0,0,
47300,0.044189453125,-0.03790283203125,0.991455078125,-0.007993875071406364,-0.0005329249543137848,0.0033307811245322227,0.7405476570129395,-0.11738811433315277,2.431795358657837,-2.155757427215576,0,0,0,0,0,
47400,0.04150390625,-0.03863525390625,0.99267578125,-0.008926493115723133,-0.00039969373028725386,0.003064318560063839,0.7453093528747559,-0.11905473470687866,2.442944288253784,-2.169198751449585,0,0,0,0,0,
47450,0.042724609375,-0.037841796875,0.9921875,-0.00866003055125475,-0.0006661562365479767,0.0045298621989786625,0.7472824454307556,-0.12019883841276169,2.445040464401245,-2.1704957485198975,0,0,0,0,0,
47500,0.04083251953125,-0.03662109375,0.9901123046875,-0.009192955680191517,-0.0015987749211490154,0.0045298621989786625,0.7482089400291443,-0.12068889290094376,2.43654727935791,-2.1650993824005127,0,0,0,0,0,
47550,0.0400390625,-0.0364990234375,0.9915771484375,-0.0075941807590425014,-0.0021316998172551394,0.002531393663957715,0.7477851510047913,-0.12054260075092316,2.423971652984619,-2.1592259407043457,0,0,0,0,0,
47600,0.04058837890625,-0.0369873046875,0.990478515625,-0.007993875071406364,-0.0002664624771568924,0.004263399634510279,0.7466146945953369,-0.12018703669309616,2.4160807132720947,-2.156986951828003,0,0,0,0,0,
47650,0.04205322265625,-0.03424072265625,0.9910888671875,-0.007860643789172173,-0.0011990811908617616,0.004396630916744471,0.7456828355789185,-0.118067666888237,2.4172961711883545,-2.138993263244629,0,0,0,0,0,
47700,0.04150390625,-0.03717041015625,0.99090576171875,-0.007727412041276693,-0.0015987749211490154,0.003197549842298031,0.7446387410163879,-0.11623390018939972,2.4152417182922363,-2.1397299766540527,0,0,0,0,0,
47750,0.04571533203125,-0.0364990234375,0.9912109375,-0.009725880809128284,-0.0010658499086275697,0.0037304747384041548,0.745934784412384,-0.11425237357616425,2.4375991821289062,-2.136418581008911,0,0,0,0,0,
47800,0.0394287109375,-0.03692626953125,0.99090576171875,-0.007993875071406364,-0.0002664624771568924,0.0034640124067664146,0.7454968690872192,-0.11242953687906265,2.421555519104004,-2.136023998260498,0,0,0,0,0,
47850,0.03955078125,-0.039794921875,0.991455078125,-0.009859112091362476,-0.00039969373028725386,0.005196018610149622,0.7437130808830261,-0.11239549517631531,2.407658815383911,-2.1520891189575195,0,0,0,0,0,
47900,0.04217529296875,-0.03704833984375,0.991455078125,-0.008793261833488941,-0.0007993874605745077,0.0033307811245322227,0.7423722743988037,-0.1122247651219368,2.4103052616119385,-2.1506881713867188,0,0,0,0,0,
47950,0.03997802734375,-0.03759765625,0.99468994140625,-0.009326186962425709,-0.0009326186846010387,0.003197549842298031,0.7400586009025574,-0.1121937483549118,2.399235248565674,-2.151914596557617,0,0,0,0,0,
48000,0.044921875,-0.03656005859375,0.99273681640625,-0.010525268502533436,-0.0001332312385784462,0.0035972436890006065,0.7398771643638611,-0.11171594262123108,2.4182446002960205,-2.1474156379699707,0,0,0,0,0,
48050,0.04180908203125,-0.03558349609375,0.99072265625,-0.00866003055125475,-0.0014655436389148235,0.004929556045681238,0.739680826663971,-0.11036442965269089,2.4179136753082275,-2.1382007598876953,0,0,0,0,0,
48100,0.04022216796875,-0.03857421875,0.99267578125,-0.009326186962425709,-0.00039969373028725386,0.0035972436890006065,0.7385096549987793,-0.1100018173456192,2.4079692363739014,-2.146738290786743,0,0,0,0,0,
48150,0.041748046875,-0.036376953125,0.99249267578125,-0.008260336704552174,0.0,0.004796324763447046,0.7374464273452759,-0.10918000340461731,2.4078774452209473,-2.1417837142944336,0,0,0,0,0,
48200,0.03973388671875,-0.03887939453125,0.99114990234375,-0.0075941807590425014,-0.0009326186846010387,0.002797856228426099,0.7353507876396179,-0.10946745425462723,2.3964900970458984,-2.15205454826355,0,0,0,0,0,
48250,0.0411376953125,-0.0372314453125,0.99371337890625,-0.01012557465583086,-0.0002664624771568924,0.0037304747384041548,0.7331885099411011,-0.1096441000699997,2.393728256225586,-2.1512339115142822,0,0,0,0,0,
48300,0.04296875,-0.036865234375,0.990478515625,-0.007327718660235405,-0.0009326186846010387,0.002797856228426099,0.7321271896362305,-0.10958649963140488,2.4025752544403076,-2.1490681171417236,0,0,0,0,0,
48350,0.0419921875,-0.0389404296875,0.99285888671875,-0.00866003055125475,-0.001998468767851591,0.003996937535703182,0.7313461899757385,-0.11048504710197449,2.4043173789978027,-2.15857195854187,0,0,0,0,0,
48400,0.0430908203125,-0.0380859375,0.9903564453125,-0.008526799269020557,-0.0011990811908617616,0.005196018610149622,0.7314944863319397,-0.11170994490385056,2.4128293991088867,-2.162734031677246,0,0,0,0,0,
48450,0.045654296875,-0.03778076171875,0.9920654296875,-0.0094594182446599,-0.0015987749211490154,0.0035972436890006065,0.7338300943374634,-0.11297154426574707,2.4348502159118652,-2.1643259525299072,0,0,0,0,0,
48500,0.03936767578125,-0.03753662109375,0.99072265625,-0.00866003055125475,-0.0022649310994893312,0.0045298621989786625,0.7343243956565857,-0.11414460837841034,2.4187731742858887,-2.1647021770477295,0,0,0,0,0,
48550,0.04412841796875,-0.036376953125,0.994140625,-0.007327718660235405,0.0009326186846010387,0.002664624946191907,0.7359833121299744,-0.11448714137077332,2.4309134483337402,-2.1575698852539062,0,0,0,0,0,
48650,0.03912353515625,-0.037841796875,0.99188232421875,-0.010658499784767628,-0.0011990811908617616,0.005728943273425102,0.7353895306587219,-0.11608477681875229,2.405074119567871,-2.163909435272217,0,0,0,0,0,
48700,0.0438232421875,-0.03668212890625,0.99224853515625,-0.00866003055125475,-0.0002664624771568924,0.002797856228426099,0.7355789542198181,-0.11637929826974869,2.417283773422241,-2.159029960632324,0,0,0,0,0,
48750,0.0411376953125,-0.03692626953125,0.99237060546875,-0.0066615622490644455,-0.0018652373692020774,0.002931087277829647,0.7352978587150574,-0.11634574830532074,2.4127681255340576,-2.156043767929077,0,0,0,0,0,
48800,0.04095458984375,-0.03759765625,0.99072265625,-0.008793261833488941,-0.0021316998172551394,0.004263399634510279,0.7345723509788513,-0.11646953970193863,2.4080424308776855,-2.157583713531494,0,0,0,0,0,
48850,0.04156494140625,-0.03680419921875,0.99072265625,-0.007327718660235405,-0.0013323124730959535,0.0033307811245322227,0.7338463664054871,-0.11626174300909042,2.4073123931884766,-2.1543915271759033,0,0,0,0,0,
48900,0.0435791015625,-0.036376953125,0.993896484375,-0.008526799269020557,-0.0014655436389148235,0.003197549842298031,0.734211266040802,-0.11547066271305084,2.4174954891204834,-2.148350954055786,0,0,0,0,0,
48950,0.04608154296875,-0.0380859375,0.99237060546875,-0.009326186962425709,-0.0010658499086275697,0.0022649310994893312,0.7369331121444702,-0.11523055285215378,2.441429853439331,-2.153069496154785,0,0,0,0,0,
49000,0.04046630859375,-0.037353515625,0.99163818359375,-0.009192955680191517,-0.0009326186846010387,0.003197549842298031,0.7383204102516174,-0.11503814160823822,2.4308063983917236,-2.153306484222412,0,0,0,0,0,
49050,0.04095458984375,-0.04058837890625,0.99224853515625,-0.008926493115723133,-0.0014655436389148235,0.004130168352276087,0.7388762831687927,-0.11673659086227417,2.4238791465759277,-2.172022581100464,0,0,0,0,0,
49100,0.0438232421875,-0.03814697265625,0.99310302734375,-0.009992343373596668,0.0013323124730959535,0.004396630916744471,0.7403870224952698,-0.11852144449949265,2.4339840412139893,-2.1745851039886475,0,0,0,0,0,
49150,0.04052734375,-0.0357666015625,0.9921875,-0.009326186962425709,-0.002398162381723523,0.004796324763447046,0.7407821416854858,-0.11901010572910309,2.4243385791778564,-2.163408041000366,0,0,0,0,0,
49200,0.0411376953125,-0.0389404296875,0.99273681640625,-0.009192955680191517,-0.0001332312385784462,0.0033307811245322227,0.7406049966812134,-0.12026000022888184,2.4190104007720947,-2.171509027481079,0,0,0,0,0,
49250,0.04193115234375,-0.03704833984375,0.9918212890625,-0.009192955680191517,-0.0021316998172551394,0.0010658499086275697,0.7404471039772034,-0.12104310840368271,2.4190258979797363,-2.168091058731079,0,0,0,0,0,
49300,0.044921875,-0.03582763671875,0.99176025390625,-0.0075941807590425014,0.0,0.004263399634510279,0.7420318126678467,-0.12073551118373871,2.436293840408325,-2.1579670906066895,0,0,0,0,0,
49350,0.04425048828125,-0.03656005859375,0.99090576171875,-0.00866003055125475,-0.0013323124730959535,0.0037304747384041548,0.7446458339691162,-0.11998855322599411,2.448172092437744,-2.153265953063965,0,0,0,0,0,
49400,0.04150390625,-0.03814697265625,0.9915771484375,-0.0074609494768083096,-0.0018652373692020774,0.003064318560063839,0.7464672327041626,-0.11979561299085617,2.4428603649139404,-2.1580591201782227,0,0,0,0,0,
49450,0.04144287109375,-0.0364990234375,0.99188232421875,-0.007993875071406364,-0.0017320062033832073,0.003197549842298031,0.7475873231887817,-0.11909715831279755,2.4376678466796875,-2.152811050415039,0,0,0,0,0,
49500,0.04058837890625,-0.03704833984375,0.99237060546875,-0.008393567986786366,-0.0013323124730959535,0.002664624946191907,0.7476232051849365,-0.11830297112464905,2.4279465675354004,-2.1511552333831787,0,0,0,0,0,
49550,0.0382080078125,-0.03533935546875,0.9913330078125,-0.008127106353640556,-0.0013323124730959535,0.002931087277829647,0.7454360127449036,-0.11647888273000717,2.4057512283325195,-2.140062093734741,0,0,0,0,0,
49600,0.04022216796875,-0.03778076171875,0.991943359375,-0.008393567986786366,-0.00039969373028725386,0.002664624946191907,0.7426133155822754,-0.11523079127073288,2.3972086906433105,-2.14399790763855,0,0,0,0,0,
49650,0.0428466796875,-0.03717041015625,0.99176025390625,-0.008127106353640556,-0.0011990811908617616,0.003064318560063839,0.7408212423324585,-0.1141115352511406,2.4046926498413086,-2.144038200378418,0,0,0,0,0,
49700,0.04412841796875,-0.04052734375,0.99334716796875,-0.008260336704552174,-0.0014655436389148235,0.003197549842298031,0.7405788898468018,-0.11500681191682816,2.4183976650238037,-2.1630642414093018,0,0,0,0,0,
49750,0.04071044921875,-0.038330078125,0.99237060546875,-0.008260336704552174,0.0002664624771568924,0.004263399634510279,0.7396506667137146,-0.11628281325101852,2.4112966060638428,-2.167766809463501,0,0,0,0,0,
49800,0.04266357421875,-0.03778076171875,0.991943359375,-0.008926493115723133,0.0001332312385784462,0.004396630916744471,0.7393122315406799,-0.117545485496521,2.4162662029266357,-2.1689095497131348,0,0,0,0,0,
49900,0.04315185546875,-0.037109375,0.99267578125,-0.009859112091362476,-0.0013323124730959535,0.00626186840236187,0.7370672225952148,-0.1179867833852768,2.411492347717285,-2.158818244934082,0,0,0,0,0,
49950,0.04302978515625,-0.0367431640625,0.99176025390625,-0.008526799269020557,-0.0007993874605745077,0.0037304747384041548,0.7372211813926697,-0.1176794245839119,2.418606758117676,-2.1549131870269775,0,0,0,0,0,
50000,0.043212890625,-0.0377197265625,0.99102783203125,-0.010525268502533436,-0.0017320062033832073,0.0034640124067664146,0.7381224632263184,-0.1176297515630722,2.426234006881714,-2.1571826934814453,0,0,0,0,0,
50050,0.0421142578125,-0.03753662109375,0.99102783203125,-0.008793261833488941,0.0001332312385784462,0.002664624946191907,0.7389873266220093,-0.11768487095832825,2.4267711639404297,-2.1581809520721436,0,0,0,0,0,
50100,0.04217529296875,-0.039306640625,0.98968505859375,-0.009059724397957325,-0.0021316998172551394,0.004263399634510279,0.739880383014679,-0.11887373775243759,2.427917957305908,-2.1695735454559326,0,0,0,0,0,
50150,0.04425048828125,-0.03594970703125,0.99176025390625,-0.01079173106700182,-0.0010658499086275697,0.0015987749211490154,0.7419357895851135,-0.11898699402809143,2.4404349327087402,-2.160006284713745,0,0,0,0,0,
50200,0.0423583984375,-0.03729248046875,0.99169921875,-0.007061256095767021,0.0,0.003996937535703182,0.7438219785690308,-0.11900494992733002,2.4407975673675537,-2.1591665744781494,0,0,0,0,0,
50250,0.03826904296875,-0.037109375,0.9925537109375,-0.009326186962425709,0.0,0.003064318560063839,0.7431747317314148,-0.11882524937391281,2.417349100112915,-2.15720796585083,0,0,0,0,0,
50300,0.03985595703125,-0.03594970703125,0.99298095703125,-0.008793261833488941,0.0007993874605745077,0.005196018610149622,0.7413872480392456,-0.11780814826488495,2.4053003787994385,-2.1486542224884033,0,0,0,0,0,
50350,0.0433349609375,-0.03875732421875,0.99395751953125,-0.009059724397957325,0.0002664624771568924,0.0045298621989786625,0.7406726479530334,-0.1177167296409607,2.4142417907714844,-2.1568939685821533,0,0,0,0,0,
50400,0.03997802734375,-0.03472900390625,0.99346923828125,-0.009059724397957325,0.0005329249543137848,0.004663093481212854,0.738915741443634,-0.11606854200363159,2.403103828430176,-2.141234874725342,0,0,0,0,0,
50450,0.0416259765625,-0.03619384765625,0.990966796875,-0.008393567986786366,0.0001332312385784462,0.0038637060206383467,0.7373407483100891,-0.1140722930431366,2.403165817260742,-2.136106014251709,0,0,0,0,0,
50500,0.04376220703125,-0.0390625,0.990966796875,-0.00866003055125475,-0.0021316998172551394,0.003996937535703182,0.7371570467948914,-0.11346518248319626,2.415503740310669,-2.148001194000244,0,0,0,0,0,
50550,0.04168701171875,-0.03607177734375,0.99322509765625,-0.010658499784767628,-0.0011990811908617616,0.0035972436890006065,0.7368543744087219,-0.1122191920876503,2.414130926132202,-2.141005277633667,0,0,0,0,0,
50600,0.04376220703125,-0.03680419921875,0.99200439453125,-0.008526799269020557,-0.0009326186846010387,0.005862174555659294,0.7376829981803894,-0.11091462522745132,2.425140619277954,-2.1391735076904297,0,0,0,0,0,
50650,0.04156494140625,-0.038330078125,0.99298095703125,-0.01079173106700182,-0.0021316998172551394,0.002931087277829647,0.7381286025047302,-0.11043579131364822,2.4221389293670654,-2.1461262702941895,0,0,0,0,0,
50700,0.04010009765625,-0.03509521484375,0.99224853515625,-0.009592649526894093,0.0002664624771568924,0.003996937535703182,0.7374364733695984,-0.10878392308950424,2.411207437515259,-2.1339170932769775,0,0,0,0,0,
50750,0.04327392578125,-0.03546142578125,0.99163818359375,-0.007860643789172173,-0.0018652373692020774,0.001998468767851591,0.7376725673675537,-0.10641957819461823,2.41979718208313,-2.125140428543091,0,0,0,0,0,
50800,0.0406494140625,-0.03741455078125,0.99298095703125,-0.008793261833488941,-0.0013323124730959535,0.004796324763447046,0.7371118068695068,-0.10460072755813599,2.412065029144287,-2.1282310485839844,0,0,0,0,0,
50850,0.040283203125,-0.03594970703125,0.99163818359375,-0.007860643789172173,-0.0007993874605745077,0.0035972436890006065,0.7357341647148132,-0.10242696106433868,2.4033358097076416,-2.1228630542755127,0,0,0,0,0,
50900,0.04180908203125,-0.03662109375,0.99072265625,-0.00866003055125475,-0.0021316998172551394,0.003996937535703182,0.7346091866493225,-0.1003924161195755,2.4044840335845947,-2.1220815181732178,0,0,0,0,0,
50950,0.04095458984375,-0.03759765625,0.992431640625,-0.008393567986786366,-0.00039969373028725386,0.003064318560063839,0.7331655621528625,-0.09901803731918335,2.4001729488372803,-2.1266486644744873,0,0,0,0,0,
51000,0.0443115234375,-0.03564453125,0.99249267578125,-0.009059724397957325,-0.00039969373028725386,0.0034640124067664146,0.7334125638008118,-0.0970623642206192,2.415635585784912,-2.1194612979888916,0,0,0,0,0,
51050,0.04052734375,-0.0367431640625,0.98883056640625,-0.010525268502533436,-0.0009326186846010387,0.003064318560063839,0.7329341173171997,-0.09536994993686676,2.40862774848938,-2.120138168334961,0,0,0,0,0,
51150,0.0438232421875,-0.037841796875,0.99212646484375,-0.008526799269020557,-0.002398162381723523,0.004663093481212854,0.7329514026641846,-0.09248052537441254,2.4187440872192383,-2.1232662200927734,0,0,0,0,0,
51200,0.04229736328125,-0.0369873046875,0.99407958984375,-0.007860643789172173,-0.0010658499086275697,0.0021316998172551394,0.7336909174919128,-0.09161584079265594,2.420346975326538,-2.123833656311035,0,0,0,0,0,
51250,0.041748046875,-0.0367431640625,0.9925537109375,-0.008393567986786366,-0.0002664624771568924,0.003064318560063839,0.7342216968536377,-0.09078110009431839,2.4189984798431396,-2.1232683658599854,0,0,0,0,0,
51300,0.0426025390625,-0.0374755859375,0.99224853515625,-0.00866003055125475,-0.002664624946191907,0.0038637060206383467,0.7350770235061646,-0.09040673822164536,2.4227752685546875,-2.127037525177002,0,0,0,0,0,
51350,0.03887939453125,-0.03912353515625,0.99139404296875,-0.007993875071406364,-0.0010658499086275697,0.0034640124067664146,0.7340609431266785,-0.09138033539056778,2.404916286468506,-2.1401426792144775,0,0,0,0,0,
51400,0.04290771484375,-0.04168701171875,0.99151611328125,-0.009592649526894093,-0.0007993874605745077,0.0045298621989786625,0.7338547706604004,-0.09490719437599182,2.411998987197876,-2.1666488647460938,0,0,0,0,0,
51450,0.04302978515625,-0.0382080078125,0.99212646484375,-0.011324656195938587,-0.0034640124067664146,0.0037304747384041548,0.7343653440475464,-0.09844864904880524,2.4189603328704834,-2.1703217029571533,0,0,0,0,0,
51500,0.041015625,-0.03753662109375,0.99188232421875,-0.009059724397957325,0.0005329249543137848,0.004130168352276087,0.7342974543571472,-0.10158684104681015,2.413686513900757,-2.169830560684204,0,0,0,0,0,
51550,0.04400634765625,-0.03662109375,0.9910888671875,-0.010924962349236012,0.0011990811908617616,0.002797856228426099,0.7355050444602966,-0.10385395586490631,2.426373243331909,-2.1642580032348633,0,0,0,0,0,
51600,0.0396728515625,-0.035400390625,0.9915771484375,-0.007860643789172173,-0.0007993874605745077,0.003197549842298031,0.7352259159088135,-0.10468252748250961,2.4127140045166016,-2.152139663696289,0,0,0,0,0,
51650,0.04168701171875,-0.036376953125,0.991455078125,-0.007860643789172173,-0.0015987749211490154,0.004263399634510279,0.7349079847335815,-0.10490119457244873,2.4120471477508545,-2.14686918258667,0,0,0,0,0,
51700,0.04266357421875,-0.03594970703125,0.99188232421875,-0.009326186962425709,-0.0011990811908617616,0.0045298621989786625,0.7351146340370178,-0.10436729341745377,2.4169745445251465,-2.1395621299743652,0,0,0,0,0,
51750,0.03912353515625,-0.03570556640625,0.9918212890625,-0.008260336704552174,-0.0006661562365479767,0.0037304747384041548,0.7337057590484619,-0.10309291630983353,2.4010262489318848,-2.1316235065460205,0,0,0,0,0,
51800,0.0439453125,-0.038330078125,0.99090576171875,-0.010392037220299244,-0.0014655436389148235,0.0045298621989786625,0.7338009476661682,-0.10275953263044357,2.4146575927734375,-2.139759063720703,0,0,0,0,0,
51850,0.0428466796875,-0.03521728515625,0.99273681640625,-0.010258805938065052,-0.0018652373692020774,0.002664624946191907,0.7344386577606201,-0.10135918855667114,2.4201784133911133,-2.128756046295166,0,0,0,0,0,
51900,0.04083251953125,-0.03826904296875,0.99151611328125,-0.008526799269020557,-0.0006661562365479767,0.002531393663957715,0.7343756556510925,-0.10089559853076935,2.413808822631836,-2.136723279953003,0,0,0,0,0,
51950,0.0401611328125,-0.03564453125,0.99127197265625,-0.009859112091362476,-0.0014655436389148235,0.002531393663957715,0.7333670258522034,-0.09968853741884232,2.404289484024048,-2.1288249492645264,0,0,0,0,0,
52000,0.03875732421875,-0.035888671875,0.9952392578125,-0.008393567986786366,-0.001998468767851591,0.003064318560063839,0.7306978702545166,-0.09794853627681732,2.3866755962371826,-2.122288465499878,0,0,0,0,0,
52050,0.0394287109375,-0.039794921875,0.99169921875,-0.009725880809128284,0.0,0.002398162381723523,0.7271791100502014,-0.09812033921480179,2.3755106925964355,-2.1396665573120117,0,0,0,0,0,
52100,0.04132080078125,-0.035400390625,0.9918212890625,-0.009592649526894093,-0.0018652373692020774,0.002931087277829647,0.7240985035896301,-0.09730236232280731,2.376373052597046,-2.1299405097961426,0,0,0,0,0,
52150,0.03753662109375,-0.03729248046875,0.99139404296875,-0.0075941807590425014,0.0002664624771568924,0.0033307811245322227,0.7192316055297852,-0.09679369628429413,2.3554296493530273,-2.132215738296509,0,0,0,0,0,
52200,0.042236328125,-0.04052734375,0.99298095703125,-0.010392037220299244,0.0005329249543137848,0.004929556045681238,0.7156338691711426,-0.09836651384830475,2.3632545471191406,-2.152521848678589,0,0,0,0,0,
52250,0.0411376953125,-0.03643798828125,0.9906005859375,-0.00866003055125475,-0.0011990811908617616,0.0045298621989786625,0.7125272750854492,-0.09930538386106491,2.364567995071411,-2.1477551460266113,0,0,0,0,0,
52300,0.0390625,-0.036865234375,0.9932861328125,-0.0074609494768083096,-0.002664624946191907,0.0033307811245322227,0.7085896730422974,-0.0999114140868187,2.353151798248291,-2.1453657150268555,0,0,0,0,0,
52400,0.03948974609375,-0.0343017578125,0.99114990234375,-0.009859112091362476,-0.0014655436389148235,0.002398162381723523,0.7038795351982117,-0.10141872614622116,2.359625816345215,-2.1394879817962646,0,0,0,0,0,
52450,0.03900146484375,-0.03961181640625,0.99249267578125,-0.0074609494768083096,-0.0006661562365479767,0.0035972436890006065,0.7003431916236877,-0.10266935080289841,2.3485162258148193,-2.1539249420166016,0,0,0,0,0,
52500,0.04388427734375,-0.035888671875,0.9912109375,-0.009326186962425709,-0.0015987749211490154,0.003996937535703182,0.6990078091621399,-0.10297200828790665,2.3669891357421875,-2.145695924758911,0,0,0,0,0,
52550,0.03887939453125,-0.0352783203125,0.99053955078125,-0.006528330966830254,0.0001332312385784462,0.00506278732791543,0.6966010332107544,-0.10217075794935226,2.354940176010132,-2.1349594593048096,0,0,0,0,0,
52600,0.0390625,-0.03790283203125,0.99462890625,-0.009592649526894093,-0.0018652373692020774,0.0045298621989786625,0.693356990814209,-0.10190781950950623,2.344160795211792,-2.1395413875579834,0,0,0,0,0,
52650,0.04241943359375,-0.03173828125,0.9923095703125,-0.008526799269020557,-0.001998468767851591,0.0034640124067664146,0.6914616823196411,-0.09857819974422455,2.3544039726257324,-2.108611583709717,0,0,0,0,0,
52700,0.0400390625,-0.03594970703125,0.9913330078125,-0.006528330966830254,-0.00039969373028725386,0.0021316998172551394,0.689325749874115,-0.09524744004011154,2.350102186203003,-2.1052706241607666,0,0,0,0,0,
52750,0.041259765625,-0.038818359375,0.99237060546875,-0.010392037220299244,-0.0006661562365479767,0.004263399634510279,0.6876924633979797,-0.09357908368110657,2.3529930114746094,-2.1185638904571533,0,0,0,0,0,
52800,0.0418701171875,-0.0328369140625,0.99188232421875,-0.008260336704552174,-0.0018652373692020774,0.005462481174618006,0.6868511438369751,-0.08983688801527023,2.3592796325683594,-2.0961570739746094,0,0,0,0,0,
52850,0.03948974609375,-0.04156494140625,0.99334716796875,-0.008393567986786366,0.0,0.0034640124067664146,0.6852459907531738,-0.08945281058549881,2.350799798965454,-2.1259961128234863,0,0,0,0,0,
52900,0.04180908203125,-0.03485107421875,0.9932861328125,-0.01252373680472374,-0.0015987749211490154,0.0035972436890006065,0.6843817234039307,-0.08792319893836975,2.3566031455993652,-2.114156723022461,0,0,0,0,0,
52950,0.03936767578125,-0.03466796875,0.99365234375,-0.008926493115723133,0.0001332312385784462,0.0038637060206383467,0.6827113628387451,-0.08537010103464127,2.3476779460906982,-2.1023921966552734,0,0,0,0,0,
53000,0.04351806640625,-0.04315185546875,0.991455078125,-0.01185758039355278,0.0007993874605745077,0.0037304747384041548,0.6828399300575256,-0.08694402128458023,2.363997220993042,-2.1411092281341553,0,0,0,0,0,
53050,0.04351806640625,-0.031982421875,0.98907470703125,-0.007993875071406364,-0.0005329249543137848,0.0033307811245322227,0.6844912767410278,-0.08546092361211777,2.3793540000915527,-2.1121129989624023,0,0,0,0,0,
53100,0.038330078125,-0.037841796875,0.99017333984375,-0.005995405837893486,-0.0009326186846010387,0.0022649310994893312,0.6843391060829163,-0.08487372100353241,2.3629696369171143,-2.119588851928711,0,0,0,0,0,
53150,0.04302978515625,-0.04266357421875,0.9942626953125,-0.010658499784767628,-0.0002664624771568924,0.005329249892383814,0.6853339076042175,-0.08770522475242615,2.3742873668670654,-2.153188705444336,0,0,0,0,0,
53200,0.04351806640625,-0.03094482421875,0.9930419921875,-0.008526799269020557,-0.002398162381723523,0.004663093481212854,0.6875684261322021,-0.08655034005641937,2.387679100036621,-2.1161563396453857,0,0,0,0,0,
53250,0.0430908203125,-0.0374755859375,0.9925537109375,-0.008260336704552174,-0.001998468767851591,0.005862174555659294,0.6905442476272583,-0.0859520211815834,2.397327184677124,-2.1205670833587646,0,0,0,0,0,
53300,0.044189453125,-0.0357666015625,0.990478515625,-0.009192955680191517,0.0001332312385784462,0.004929556045681238,0.6947755217552185,-0.08486898243427277,2.4128568172454834,-2.115121603012085,0,0,0,0,0,
53350,0.04107666015625,-0.03179931640625,0.9913330078125,-0.007860643789172173,-0.0014655436389148235,0.0038637060206383467,0.6981708407402039,-0.08110219985246658,2.408728837966919,-2.0872011184692383,0,0,0,0,0,
53400,0.03851318359375,-0.041259765625,0.99188232421875,-0.009192955680191517,-0.0001332312385784462,0.0045298621989786625,0.6993562579154968,-0.08064206689596176,2.3900256156921387,-2.1165008544921875,0,0,0,0,0,
53450,0.04278564453125,-0.03363037109375,0.99139404296875,-0.009192955680191517,0.0002664624771568924,0.004663093481212854,0.7012202739715576,-0.0784744992852211,2.397996187210083,-2.098966360092163,0,0,0,0,0,
53500,0.04229736328125,-0.03753662109375,0.9923095703125,-0.006528330966830254,-0.0006661562365479767,0.004130168352276087,0.7033082842826843,-0.07717793434858322,2.4021008014678955,-2.105508804321289,0,0,0,0,0,
53550,0.04071044921875,-0.04071044921875,0.99273681640625,-0.01079173106700182,0.00039969373028725386,0.003197549842298031,0.7046294212341309,-0.07842112332582474,2.396519899368286,-2.1296098232269287,0,0,0,0,0,
53650,0.04083251953125,-0.04193115234375,0.989990234375,-0.008127106353640556,-0.0001332312385784462,0.0034640124067664146,0.706034243106842,-0.07567781209945679,2.390413522720337,-2.119920492172241,0,0,0,0,0,
53700,0.043212890625,-0.0360107421875,0.9908447265625,-0.010392037220299244,-0.0017320062033832073,0.003996937535703182,0.7075228691101074,-0.07569757848978043,2.4009206295013428,-2.115875482559204,0,0,0,0,0,
53750,0.04290771484375,-0.032470703125,0.990478515625,-0.005595712456852198,-0.0018652373692020774,0.003064318560063839,0.7096445560455322,-0.07331821322441101,2.408740282058716,-2.0919039249420166,0,0,0,0,0,
53800,0.04107666015625,-0.04486083984375,0.99151611328125,-0.008260336704552174,0.0007993874605745077,0.004263399634510279,0.7111662030220032,-0.07614266127347946,2.4048609733581543,-2.1415627002716064,0,0,0,0,0,
53850,0.0443115234375,-0.03668212890625,0.9908447265625,-0.010924962349236012,-0.003064318560063839,0.005862174555659294,0.714074969291687,-0.07844989746809006,2.4202537536621094,-2.1392149925231934,0,0,0,0,0,
53900,0.0406494140625,-0.0382080078125,0.99346923828125,-0.00866003055125475,-0.0009326186846010387,0.003197549842298031,0.7159019708633423,-0.08114162087440491,2.4123451709747314,-2.14536714553833,0,0,0,0,0,
53950,0.041748046875,-0.0379638671875,0.99249267578125,-0.011990811675786972,0.0001332312385784462,0.0035972436890006065,0.717491865158081,-0.08399704843759537,2.4118006229400635,-2.149695873260498,0,0,0,0,0,
54000,0.04241943359375,-0.033935546875,0.9901123046875,-0.007727412041276693,-0.0002664624771568924,0.0038637060206383467,0.7193220853805542,-0.0846850648522377,2.4157943725585938,-2.1308772563934326,0,0,0,0,0,
54050,0.0413818359375,-0.03717041015625,0.994140625,-0.009592649526894093,0.0001332312385784462,0.004663093481212854,0.7206299901008606,-0.08538985252380371,2.4124011993408203,-2.131732940673828,0,0,0,0,0,
54100,0.04376220703125,-0.0401611328125,0.99249267578125,-0.009859112091362476,0.00039969373028725386,0.005329249892383814,0.7229106426239014,-0.0878579169511795,2.4234368801116943,-2.1500704288482666,0,0,0,0,0,
54150,0.044677734375,-0.034423828125,0.99200439453125,-0.008926493115723133,-0.0013323124730959535,0.005196018610149622,0.7265010476112366,-0.08843263238668442,2.438814640045166,-2.1336050033569336,0,0,0,0,0,
54200,0.04205322265625,-0.03924560546875,0.9927978515625,-0.009059724397957325,-0.0015987749211490154,0.003064318560063839,0.729580283164978,-0.09023211151361465,2.437293767929077,-2.1464273929595947,0,0,0,0,0,
54250,0.0438232421875,-0.0377197265625,0.99249267578125,-0.008526799269020557,0.0002664624771568924,0.0034640124067664146,0.7332433462142944,-0.09213121235370636,2.4462108612060547,-2.1492230892181396,0,0,0,0,0,
54300,0.04083251953125,-0.0360107421875,0.99237060546875,-0.0075941807590425014,-0.002931087277829647,0.004396630916744471,0.7356242537498474,-0.09311261028051376,2.437052011489868,-2.1419451236724854,0,0,0,0,0,
54350,0.0416259765625,-0.04400634765625,0.99267578125,-0.008926493115723133,-0.0010658499086275697,0.005995405837893486,0.7373850345611572,-0.09794040024280548,2.433232069015503,-2.1813905239105225,0,0,0,0,0,
54400,0.04461669921875,-0.03399658203125,0.9913330078125,-0.01012557465583086,-0.0009326186846010387,0.005196018610149622,0.740390956401825,-0.10009456425905228,2.447444438934326,-2.159482002258301,0,0,0,0,0,
54450,0.0401611328125,-0.03643798828125,0.9910888671875,-0.006395099684596062,-0.0010658499086275697,0.0017320062033832073,0.7418123483657837,-0.10147753357887268,2.4346046447753906,-2.1539242267608643,0,0,0,0,0,
54500,0.04119873046875,-0.03973388671875,0.99151611328125,-0.00866003055125475,-0.0017320062033832073,0.0033307811245322227,0.7425201535224915,-0.10411103814840317,2.4288904666900635,-2.1678125858306885,0,0,0,0,0,
54550,0.0411376953125,-0.034912109375,0.9918212890625,-0.008260336704552174,-0.0007993874605745077,0.002664624946191907,0.7426047325134277,-0.10494587570428848,2.423365831375122,-2.1524593830108643,0,0,0,0,0,
54600,0.0408935546875,-0.040283203125,0.9937744140625,-0.007860643789172173,0.0011990811908617616,0.0037304747384041548,0.7419905662536621,-0.10736846923828125,2.4164628982543945,-2.1691718101501465,0,0,0,0,0,
54650,0.04217529296875,-0.0343017578125,0.9920654296875,-0.009992343373596668,-0.0009326186846010387,0.005329249892383814,0.7416020035743713,-0.10764218866825104,2.418105125427246,-2.1501057147979736,0,0,0,0,0,
54700,0.04180908203125,-0.035888671875,0.992431640625,-0.0066615622490644455,-0.00039969373028725386,0.0037304747384041548,0.7411787509918213,-0.10707942396402359,2.4173696041107178,-2.142014503479004,0,0,0,0,0,
54750,0.0391845703125,-0.0411376953125,0.9913330078125,-0.011591117829084396,-0.0007993874605745077,0.002531393663957715,0.7392414808273315,-0.10889534652233124,2.401806354522705,-2.165238618850708,0,0,0,0,0,
54800,0.04351806640625,-0.0347900390625,0.990234375,-0.009592649526894093,-0.0011990811908617616,0.004396630916744471,0.7386263608932495,-0.10898204892873764,2.413090467453003,-2.1497623920440674,0,0,0,0,0,
54900,0.03924560546875,-0.03912353515625,0.9920654296875,-0.010392037220299244,-0.0009326186846010387,0.002797856228426099,0.7372767329216003,-0.1107509583234787,2.4041295051574707,-2.163208484649658,0,0,0,0,0,
54950,0.040771484375,-0.03497314453125,0.99029541015625,-0.007194487378001213,-0.0002664624771568924,0.002531393663957715,0.7354828715324402,-0.11057597398757935,2.3993377685546875,-2.149001121520996,0,0,0,0,0,
55000,0.04119873046875,-0.0400390625,0.990966796875,-0.0074609494768083096,-0.0018652373692020774,0.0018652373692020774,0.7336624264717102,-0.11204462498426437,2.3972785472869873,-2.165262460708618,0,0,0,0,0,
55050,0.0413818359375,-0.03619384765625,0.99237060546875,-0.01012557465583086,0.0001332312385784462,0.004396630916744471,0.7319138050079346,-0.1125829666852951,2.396176815032959,-2.157428026199341,0,0,0,0,0,
55100,0.045166015625,-0.03509521484375,0.9915771484375,-0.006928024813532829,-0.0017320062033832073,0.004396630916744471,0.7324418425559998,-0.11174296587705612,2.417194366455078,-2.1441829204559326,0,0,0,0,0,
55150,0.0428466796875,-0.03924560546875,0.9931640625,-0.010392037220299244,-0.0014655436389148235,0.005196018610149622,0.7334296107292175,-0.1121547594666481,2.4223198890686035,-2.1558609008789062,0,0,0,0,0,
55200,0.041748046875,-0.03411865234375,0.989990234375,-0.008926493115723133,-0.0013323124730959535,0.002797856228426099,0.734228789806366,-0.11069107800722122,2.421421766281128,-2.1375179290771484,0,0,0,0,0,
55250,0.0447998046875,-0.03802490234375,0.99285888671875,-0.006128637120127678,-0.0021316998172551394,0.004263399634510279,0.736552357673645,-0.10990963131189346,2.437464714050293,-2.142876625061035,0,0,0,0,0,
55300,0.040771484375,-0.039794921875,0.99310302734375,-0.011058193631470203,0.0001332312385784462,0.004130168352276087,0.7377585172653198,-0.11070699244737625,2.4286141395568848,-2.1578831672668457,0,0,0,0,0,
55350,0.04412841796875,-0.0323486328125,0.99139404296875,-0.007727412041276693,-0.0013323124730959535,0.005462481174618006,0.7400303483009338,-0.10851774364709854,2.440476894378662,-2.128814458847046,0,0,0,0,0,
55400,0.039306640625,-0.03997802734375,0.99273681640625,-0.009059724397957325,-0.0006661562365479767,0.003064318560063839,0.7403246760368347,-0.1083034873008728,2.422973394393921,-2.1463751792907715,0,0,0,0,0,
55450,0.041748046875,-0.03668212890625,0.99114990234375,-0.008926493115723133,-0.0006661562365479767,0.003197549842298031,0.740462601184845,-0.10782364755868912,2.4217042922973633,-2.143505096435547,0,0,0,0,0,
55500,0.045166015625,-0.03436279296875,0.99029541015625,-0.005995405837893486,-0.0006661562365479767,0.004396630916744471,0.7424651980400085,-0.10581186413764954,2.440488338470459,-2.1277058124542236,0,0,0,0,0,
55550,0.03948974609375,-0.03997802734375,0.99200439453125,-0.010392037220299244,-0.0006661562365479767,0.005995405837893486,0.7426401376724243,-0.1057843491435051,2.4242148399353027,-2.1455366611480713,0,0,0,0,0,
55600,0.04315185546875,-0.0341796875,0.9921875,-0.009326186962425709,-0.00039969373028725386,0.002797856228426099,0.7434442043304443,-0.10401497781276703,2.430680990219116,-2.1280906200408936,0,0,0,0,0,
55650,0.04168701171875,-0.0364990234375,0.99322509765625,-0.007993875071406364,-0.0015987749211490154,0.002531393663957715,0.7438782453536987,-0.10216838866472244,2.4277846813201904,-2.125549077987671,0,0,0,0,0,
55700,0.041259765625,-0.03607177734375,0.99285888671875,-0.009992343373596668,-0.0015987749211490154,0.004796324763447046,0.7437714338302612,-0.10003980249166489,2.4228105545043945,-2.120882511138916,0,0,0,0,0,
55750,0.0460205078125,-0.034423828125,0.99102783203125,-0.009059724397957325,-0.00039969373028725386,0.004263399634510279,0.7460167407989502,-0.09678909927606583,2.4462246894836426,-2.1075327396392822,0,0,0,0,0,
55800,0.03973388671875,-0.038330078125,0.9915771484375,-0.007327718660235405,-0.002398162381723523,0.004663093481212854,0.7465056777000427,-0.09490716457366943,2.4309065341949463,-2.1179697513580322,0,0,0,0,0,
55850,0.0411376953125,-0.0372314453125,0.99468994140625,-0.008260336704552174,-0.0007993874605745077,0.004130168352276087,0.7463010549545288,-0.09345198422670364,2.42445969581604,-2.1203553676605225,0,0,0,0,0,
55900,0.04443359375,-0.0367431640625,0.990478515625,-0.008793261833488941,-0.0009326186846010387,0.0045298621989786625,0.747538685798645,-0.0921623706817627,2.4386775493621826,-2.120555877685547,0,0,0,0,0,
55950,0.04132080078125,-0.0379638671875,0.99237060546875,-0.008393567986786366,-0.0018652373692020774,0.0033307811245322227,0.7480915188789368,-0.09168567508459091,2.4330670833587646,-2.1273953914642334,0,0,0,0,0,
56000,0.03936767578125,-0.03436279296875,0.99029541015625,-0.0094594182446599,-0.0002664624771568924,0.003064318560063839,0.7470126748085022,-0.08984299004077911,2.4173033237457275,-2.1132588386535645,0,0,0,0,0,
56050,0.04595947265625,-0.0345458984375,0.98773193359375,-0.0075941807590425014,-0.0013323124730959535,0.003996937535703182,0.748484194278717,-0.08706563711166382,2.441728115081787,-2.10206937789917,0,0,0,0,0,
56150,0.0394287109375,-0.0367431640625,0.99090576171875,-0.007993875071406364,0.00039969373028725386,0.004263399634510279,0.7465494275093079,-0.08468987047672272,2.4112446308135986,-2.1149284839630127,0,0,0,0,0,
56200,0.04217529296875,-0.03948974609375,0.990478515625,-0.007860643789172173,-0.0014655436389148235,0.0038637060206383467,0.7452692985534668,-0.08537375181913376,2.413748025894165,-2.131528615951538,0,0,0,0,0,
56250,0.03582763671875,-0.0389404296875,0.992919921875,-0.009859112091362476,0.00039969373028725386,0.002931087277829647,0.7406248450279236,-0.08711989223957062,2.3788249492645264,-2.1428351402282715,0,0,0,0,0,
56300,0.041748046875,-0.036376953125,0.99127197265625,-0.0074609494768083096,-0.0005329249543137848,0.004796324763447046,0.7367565035820007,-0.08826116472482681,2.3819420337677,-2.1385326385498047,0,0,0,0,0,
56350,0.04052734375,-0.03839111328125,0.99127197265625,-0.00866003055125475,-0.0021316998172551394,0.0034640124067664146,0.7328501343727112,-0.09006338566541672,2.377692937850952,-2.1462833881378174,0,0,0,0,0,
56400,0.04058837890625,-0.0350341796875,0.99188232421875,-0.009192955680191517,-0.00039969373028725386,0.002664624946191907,0.7289755344390869,-0.09043437987565994,2.3741042613983154,-2.1337733268737793,0,0,0,0,0,
56450,0.048095703125,-0.03485107421875,0.9912109375,-0.009192955680191517,-0.001998468767851591,0.0045298621989786625,0.7295092344284058,-0.08954445272684097,2.4143126010894775,-2.121535062789917,0,0,0,0,0,
56500,0.03985595703125,-0.03656005859375,0.9931640625,-0.007860643789172173,-0.0014655436389148235,0.002531393663957715,0.7288098335266113,-0.08859309554100037,2.402515411376953,-2.1200308799743652,0,0,0,0,0,
56550,0.04412841796875,-0.0391845703125,0.99090576171875,-0.009859112091362476,-0.0006661562365479767,0.0022649310994893312,0.7296335697174072,-0.08915884792804718,2.4170472621917725,-2.1342506408691406,0,0,0,0,0,
56600,0.04302978515625,-0.03692626953125,0.98944091796875,-0.009059724397957325,-0.0014655436389148235,0.0037304747384041548,0.7310874462127686,-0.08967842161655426,2.4241724014282227,-2.134354591369629,0,0,0,0,0,
56650,0.03656005859375,-0.036865234375,0.99346923828125,-0.00866003055125475,-0.0002664624771568924,0.003996937535703182,0.7292100191116333,-0.09003958106040955,2.392313003540039,-2.1332900524139404,0,0,0,0,0,
56700,0.04254150390625,-0.0361328125,0.990966796875,-0.008926493115723133,-0.00039969373028725386,0.002664624946191907,0.7281621098518372,-0.0898948535323143,2.398730993270874,-2.1285922527313232,0,0,0,0,0,
56750,0.04608154296875,-0.0386962890625,0.99053955078125,-0.008526799269020557,-0.003064318560063839,0.004396630916744471,0.729845404624939,-0.09082576632499695,2.4249956607818604,-2.1392040252685547,0,0,0,0,0,
56800,0.03826904296875,-0.03985595703125,0.99078369140625,-0.007993875071406364,0.0005329249543137848,0.0045298621989786625,0.729213535785675,-0.09328927844762802,2.40352725982666,-2.155460834503174,0,0,0,0,0,
56850,0.04290771484375,-0.03741455078125,0.9906005859375,-0.008260336704552174,-0.0002664624771568924,0.0010658499086275697,0.729393482208252,-0.09556165337562561,2.411013603210449,-2.156013011932373,0,0,0,0,0,
56900,0.0382080078125,-0.03961181640625,0.9901123046875,-0.009992343373596668,-0.001998468767851591,0.0045298621989786625,0.7275292873382568,-0.09893862158060074,2.390751600265503,-2.1693313121795654,0,0,0,0,0,
56950,0.0377197265625,-0.03863525390625,0.9921875,-0.008526799269020557,0.0005329249543137848,0.004929556045681238,0.7236972451210022,-0.10256852954626083,2.3692092895507812,-2.1752376556396484,0,0,0,0,0,
57000,0.04339599609375,-0.0386962890625,0.9901123046875,-0.009192955680191517,-0.0013323124730959535,0.0037304747384041548,0.7216323018074036,-0.10644250363111496,2.3830478191375732,-2.1813082695007324,0,0,0,0,0,
57050,0.03948974609375,-0.03857421875,0.994384765625,-0.009725880809128284,-0.0015987749211490154,0.0033307811245322227,0.7186648845672607,-0.11031470447778702,2.371958017349243,-2.185164451599121,0,0,0,0,0,
57100,0.04241943359375,-0.03533935546875,0.9923095703125,-0.008926493115723133,0.00039969373028725386,0.0034640124067664146,0.716737687587738,-0.11232468485832214,2.3793933391571045,-2.170414447784424,0,0,0,0,0,
57150,0.04632568359375,-0.03564453125,0.991455078125,-0.008526799269020557,-0.0021316998172551394,0.0033307811245322227,0.7179441452026367,-0.11299728602170944,2.4088027477264404,-2.159050703048706,0,0,0,0,0,
57200,0.0382080078125,-0.03619384765625,0.9931640625,-0.008526799269020557,0.0005329249543137848,0.001998468767851591,0.7169561386108398,-0.11286696791648865,2.38806414604187,-2.1516940593719482,0,0,0,0,0,
57250,0.0435791015625,-0.03839111328125,0.99078369140625,-0.008260336704552174,0.0009326186846010387,0.003197549842298031,0.7173515558242798,-0.11340092122554779,2.4009103775024414,-2.1582064628601074,0,0,0,0,0,
57300,0.0418701171875,-0.03533935546875,0.99298095703125,-0.009326186962425709,-0.002531393663957715,0.004663093481212854,0.7178283333778381,-0.1126624196767807,2.4021191596984863,-2.1460158824920654,0,0,0,0,0,
57400,0.0455322265625,-0.03851318359375,0.99224853515625,-0.008926493115723133,-0.0006661562365479767,0.0035972436890006065,0.7202921509742737,-0.11223762482404709,2.4215316772460938,-2.1539299488067627,0,0,0,0,0,
57450,0.03997802734375,-0.03765869140625,0.991943359375,-0.008127106353640556,-0.0007993874605745077,0.002797856228426099,0.7212634086608887,-0.11259166151285172,2.4100050926208496,-2.155777931213379,0,0,0,0,0,
57500,0.04254150390625,-0.0391845703125,0.99163818359375,-0.009326186962425709,0.0006661562365479767,0.0038637060206383467,0.7225833535194397,-0.11396028846502304,2.4144628047943115,-2.1662778854370117,0,0,0,0,0,
57550,0.0462646484375,-0.03668212890625,0.9910888671875,-0.009059724397957325,-0.0038637060206383467,0.0033307811245322227,0.726333737373352,-0.11470329761505127,2.44008731842041,-2.1613903045654297,0,0,0,0,0,
57600,0.03790283203125,-0.03662109375,0.99346923828125,-0.008127106353640556,0.0002664624771568924,0.003064318560063839,0.7271387577056885,-0.11485298722982407,2.414384126663208,-2.1562001705169678,0,0,0,0,0,
57650,0.04461669921875,-0.03759765625,0.9908447265625,-0.010258805938065052,0.0005329249543137848,0.002931087277829647,0.7294818162918091,-0.11513414233922958,2.4305694103240967,-2.1576645374298096,0,0,0,0,0,
57700,0.046142578125,-0.034423828125,0.9910888671875,-0.009326186962425709,-0.0013323124730959535,0.0035972436890006065,0.7339237332344055,-0.11368294060230255,2.4539012908935547,-2.140622138977051,0,0,0,0,0,
57750,0.04107666015625,-0.03814697265625,0.99310302734375,-0.0074609494768083096,0.0007993874605745077,0.004263399634510279,0.7370491027832031,-0.11295018345117569,2.4451777935028076,-2.146355390548706,0,0,0,0,0,
57800,0.04632568359375,-0.03759765625,0.9912109375,-0.009992343373596668,0.0009326186846010387,0.004130168352276087,0.7421485781669617,-0.11252599954605103,2.468043804168701,-2.1487083435058594,0,0,0,0,0,
57850,0.04144287109375,-0.03558349609375,0.9913330078125,-0.009059724397957325,-0.0021316998172551394,0.004396630916744471,0.7459813952445984,-0.11119701713323593,2.460476875305176,-2.1392362117767334,0,0,0,0,0,
57900,0.03839111328125,-0.040771484375,0.9931640625,-0.008526799269020557,0.0002664624771568924,0.0035972436890006065,0.7469415068626404,-0.11210179328918457,2.4355826377868652,-2.1602447032928467,0,0,0,0,0,
57950,0.04327392578125,-0.0357666015625,0.99066162109375,-0.008526799269020557,-0.0017320062033832073,0.004130168352276087,0.7484447956085205,-0.11197199672460556,2.441974401473999,-2.150803804397583,0,0,0,0,0,
58000,0.03759765625,-0.0362548828125,0.99090576171875,-0.008393567986786366,0.0,0.0035972436890006065,0.7470953464508057,-0.1112866923213005,2.414950370788574,-2.1451189517974854,0,0,0,0,0,
58050,0.04022216796875,-0.0399169921875,0.99188232421875,-0.01079173106700182,0.0,0.002664624946191907,0.7449340224266052,-0.11224567890167236,2.4054818153381348,-2.160876512527466,0,0,0,0,0,
58100,0.04248046875,-0.0357666015625,0.99139404296875,-0.01079173106700182,-0.001998468767851591,0.00506278732791543,0.7434536814689636,-0.11214307695627213,2.410130739212036,-2.151219606399536,0,0,0,0,0,
58150,0.03863525390625,-0.03912353515625,0.992431640625,-0.007727412041276693,-0.0006661562365479767,0.004396630916744471,0.7402955889701843,-0.11309763044118881,2.3918728828430176,-2.1616885662078857,0,0,0,0,0,
58200,0.0418701171875,-0.03936767578125,0.99188232421875,-0.009725880809128284,0.0010658499086275697,0.003996937535703182,0.7376874685287476,-0.11504854261875153,2.394214630126953,-2.1726067066192627,0,0,0,0,0,
58250,0.04107666015625,-0.03631591796875,0.9920654296875,-0.008793261833488941,-0.0013323124730959535,0.006794793531298637,0.735092043876648,-0.11602475494146347,2.391733169555664,-2.1648106575012207,0,0,0,0,0,
58300,0.041748046875,-0.03955078125,0.99188232421875,-0.008127106353640556,0.0002664624771568924,0.0033307811245322227,0.7329211831092834,-0.11806955188512802,2.393383264541626,-2.1764726638793945,0,0,0,0,0,
58350,0.04449462890625,-0.0355224609375,0.9918212890625,-0.010658499784767628,-0.0015987749211490154,0.003996937535703182,0.7327038049697876,-0.11863647401332855,2.410747766494751,-2.16373872756958,0,0,0,0,0,
58400,0.03900146484375,-0.03570556640625,0.992431640625,-0.008526799269020557,-0.002664624946191907,0.0034640124067664146,0.7308906316757202,-0.11809802055358887,2.3945720195770264,-2.153251886367798,0,0,0,0,0,
58450,0.0396728515625,-0.0380859375,0.99407958984375,-0.009992343373596668,-0.0005329249543137848,0.004263399634510279,0.7281482815742493,-0.11800513416528702,2.383466958999634,-2.1571691036224365,0,0,0,0,0,
58500,0.04095458984375,-0.03338623046875,0.992431640625,-0.00866003055125475,-0.0015987749211490154,0.0035972436890006065,0.7254630923271179,-0.1156006008386612,2.381296157836914,-2.1339597702026367,0,0,0,0,0,
58550,0.0389404296875,-0.0367431640625,0.99365234375,-0.006928024813532829,-0.001998468767851591,0.004263399634510279,0.7216586470603943,-0.11325763911008835,2.3674182891845703,-2.1321709156036377,0,0,0,0,0,
58650,0.042236328125,-0.03460693359375,0.99261474609375,-0.00866003055125475,-0.0013323124730959535,0.004663093481212854,0.71486496925354,-0.1075335368514061,2.3693602085113525,-2.116720676422119,0,0,0,0,0,
58700,0.03924560546875,-0.0406494140625,0.99334716796875,-0.007993875071406364,-0.0009326186846010387,0.0045298621989786625,0.7112259268760681,-0.10670246928930283,2.3584747314453125,-2.1392228603363037,0,0,0,0,0,
58750,0.04254150390625,-0.036865234375,0.991943359375,-0.011058193631470203,0.0,0.005196018610149622,0.7089062333106995,-0.10582683235406876,2.3680291175842285,-2.137946128845215,0,0,0,0,0,
58800,0.04010009765625,-0.03485107421875,0.99261474609375,-0.0075941807590425014,-0.0007993874605745077,0.003996937535703182,0.7062579393386841,-0.10375123471021652,2.3624236583709717,-2.125070810317993,0,0,0,0,0,
58850,0.0390625,-0.04443359375,0.99261474609375,-0.00866003055125475,-0.0010658499086275697,0.004396630916744471,0.7027639746665955,-0.1062454879283905,2.351318120956421,-2.168693780899048,0,0,0,0,0,
58900,0.04119873046875,-0.0361328125,0.99066162109375,-0.010525268502533436,-0.0006661562365479767,0.002531393663957715,0.6999038457870483,-0.10767516493797302,2.3541629314422607,-2.1605422496795654,0,0,0,0,0,
58950,0.04254150390625,-0.0369873046875,0.99212646484375,-0.008393567986786366,-0.0002664624771568924,0.002664624946191907,0.6983239650726318,-0.10868735611438751,2.364104986190796,-2.15779709815979,0,0,0,0,0,
59000,0.03955078125,-0.03997802734375,0.99163818359375,-0.009725880809128284,-0.0010658499086275697,0.004130168352276087,0.6960828900337219,-0.11108770966529846,2.355912923812866,-2.1726908683776855,0,0,0,0,0,
59050,0.04449462890625,-0.0340576171875,0.99371337890625,-0.008926493115723133,-0.001998468767851591,0.0038637060206383467,0.6961326003074646,-0.11112794280052185,2.376580238342285,-2.1514899730682373,0,0,0,0,0,
59100,0.04046630859375,-0.04119873046875,0.9915771484375,-0.008926493115723133,-0.0014655436389148235,0.002531393663957715,0.6957612633705139,-0.11342021077871323,2.3724193572998047,-2.1740505695343018,0,0,0,0,0,
59150,0.0416259765625,-0.03814697265625,0.9921875,-0.010525268502533436,-0.0018652373692020774,0.002531393663957715,0.6957088112831116,-0.11574128270149231,2.375236988067627,-2.176630973815918,0,0,0,0,0,
59200,0.044189453125,-0.03607177734375,0.99072265625,-0.007727412041276693,-0.00039969373028725386,0.0018652373692020774,0.6974289417266846,-0.11689643561840057,2.3929100036621094,-2.167292833328247,0,0,0,0,0,
59250,0.03900146484375,-0.04168701171875,0.992431640625,-0.009992343373596668,-0.0002664624771568924,0.003197549842298031,0.6975328326225281,-0.12029848992824554,2.3784682750701904,-2.1909170150756836,0,0,0,0,0,
59300,0.0430908203125,-0.03436279296875,0.99200439453125,-0.008526799269020557,-0.0011990811908617616,0.004929556045681238,0.6986993551254272,-0.12127203494310379,2.389198064804077,-2.1700339317321777,0,0,0,0,0,
59350,0.0408935546875,-0.0400390625,0.9927978515625,-0.007061256095767021,-0.0010658499086275697,0.004130168352276087,0.6994248628616333,-0.12352389842271805,2.3859543800354004,-2.183790683746338,0,0,0,0,0,
59400,0.039306640625,-0.03790283203125,0.99212646484375,-0.010658499784767628,-0.0001332312385784462,0.0035972436890006065,0.6988898515701294,-0.1255740225315094,2.3740744590759277,-2.1840250492095947,0,0,0,0,0,
59450,0.04229736328125,-0.03485107421875,0.99163818359375,-0.007993875071406364,-0.0021316998172551394,0.0033307811245322227,0.6990764141082764,-0.1256898045539856,2.3807554244995117,-2.166731834411621,0,0,0,0,0,
59500,0.04052734375,-0.04083251953125,0.9927978515625,-0.008793261833488941,-0.0011990811908617616,0.0034640124067664146,0.6987927556037903,-0.12766022980213165,2.3762402534484863,-2.185394048690796,0,0,0,0,0,
59550,0.04052734375,-0.03570556640625,0.99371337890625,-0.01012557465583086,0.0006661562365479767,0.0033307811245322227,0.6981139779090881,-0.12813931703567505,2.3720052242279053,-2.1724510192871094,0,0,0,0,0,
59600,0.04205322265625,-0.0372314453125,0.990966796875,-0.007993875071406364,0.0,0.0014655436389148235,0.6980650424957275,-0.1283433437347412,2.37762451171875,-2.170179605484009,0,0,0,0,0,
59650,0.04241943359375,-0.04132080078125,0.992919921875,-0.009859112091362476,-0.0021316998172551394,0.003064318560063839,0.6986873149871826,-0.1306353509426117,2.3842875957489014,-2.191263437271118,0,0,0,0,0,
59700,0.0413818359375,-0.0330810546875,0.98980712890625,-0.008393567986786366,-0.0002664624771568924,0.0033307811245322227,0.6993314623832703,-0.12991757690906525,2.3851287364959717,-2.1634576320648193,0,0,0,0,0,
59750,0.04473876953125,-0.037841796875,0.9920654296875,-0.008393567986786366,-0.0009326186846010387,0.003064318560063839,0.7018623948097229,-0.12945957481861115,2.4046411514282227,-2.165337562561035,0,0,0,0,0,
59800,0.04119873046875,-0.0379638671875,0.99212646484375,-0.010658499784767628,-0.0002664624771568924,0.0038637060206383467,0.7038552761077881,-0.12928879261016846,2.4017913341522217,-2.1677517890930176,0,0,0,0,0,
59900,0.04327392578125,-0.04058837890625,0.9921875,-0.007327718660235405,-0.0005329249543137848,0.004396630916744471,0.7091614603996277,-0.12752744555473328,2.415959119796753,-2.1690375804901123,0,0,0,0,0,
59950,0.04083251953125,-0.03375244140625,0.991943359375,-0.009859112091362476,-0.0001332312385784462,0.004130168352276087,0.711240291595459,-0.12546038627624512,2.4099502563476562,-2.1468567848205566,0,0,0,0,0,
60000,0.04345703125,-0.0399169921875,0.992431640625,-0.0074609494768083096,-0.0014655436389148235,0.0033307811245322227,0.7140650749206543,-0.12514308094978333,2.419487953186035,-2.1622872352600098,0,0,0,0,0,
60050,0.04058837890625,-0.04150390625,0.9920654296875,-0.011990811675786972,0.0001332312385784462,0.006128637120127678,0.7158204913139343,-0.1271711140871048,2.4116194248199463,-2.1854233741760254,0,0,0,0,0,
60100,0.03887939453125,-0.03350830078125,0.99090576171875,-0.007993875071406364,-0.0005329249543137848,0.0037304747384041548,0.715742826461792,-0.12649819254875183,2.3950443267822266,-2.1604418754577637,0,0,0,0,0,
60150,0.041748046875,-0.03997802734375,0.99066162109375,-0.008393567986786366,0.0,0.0038637060206383467,0.7158339023590088,-0.12737524509429932,2.396653652191162,-2.1752686500549316,0,0,0,0,0,
60200,0.04083251953125,-0.03533935546875,0.989990234375,-0.009592649526894093,-0.0015987749211490154,0.004663093481212854,0.7155535221099854,-0.12684088945388794,2.3930299282073975,-2.162031650543213,0,0,0,0,0,
60250,0.045166015625,-0.03668212890625,0.9920654296875,-0.008926493115723133,-0.0010658499086275697,0.004130168352276087,0.7174213528633118,-0.12589339911937714,2.414231777191162,-2.1573660373687744,0,0,0,0,0,
60300,0.04388427734375,-0.0394287109375,0.991943359375,-0.009059724397957325,-0.0022649310994893312,0.0034640124067664146,0.7202721238136292,-0.12620776891708374,2.425929546356201,-2.169037103652954,0,0,0,0,0,
60350,0.0413818359375,-0.0341796875,0.991943359375,-0.009059724397957325,-0.0010658499086275697,0.004396630916744471,0.7224532961845398,-0.12451779097318649,2.422083854675293,-2.1493079662323,0,0,0,0,0,
60400,0.04644775390625,-0.0396728515625,0.99127197265625,-0.007727412041276693,-0.00039969373028725386,0.004929556045681238,0.7270010709762573,-0.12439741939306259,2.4479312896728516,-2.1633141040802,0,0,0,0,0,
60450,0.03863525390625,-0.0361328125,0.9935302734375,-0.009326186962425709,-0.001998468767851591,0.004263399634510279,0.7288660407066345,-0.12346737831830978,2.4256510734558105,-2.155097007751465,0,0,0,0,0,
60500,0.04095458984375,-0.03533935546875,0.9918212890625,-0.0074609494768083096,0.0,0.003064318560063839,0.7299184799194336,-0.12146848440170288,2.4193906784057617,-2.1434783935546875,0,0,0,0,0,
60550,0.04443359375,-0.03936767578125,0.9910888671875,-0.008926493115723133,-0.0017320062033832073,0.003197549842298031,0.7323212027549744,-0.12095814943313599,2.433945655822754,-2.156365156173706,0,0,0,0,0,
60600,0.03704833984375,-0.03662109375,0.99273681640625,-0.011058193631470203,0.0002664624771568924,0.004396630916744471,0.7315002679824829,-0.12004676461219788,2.404111623764038,-2.1518442630767822,0,0,0,0,0,
60650,0.04058837890625,-0.03826904296875,0.99041748046875,-0.009059724397957325,-0.0001332312385784462,0.0045298621989786625,0.7301709055900574,-0.11981645971536636,2.3982067108154297,-2.1577436923980713,0,0,0,0,0,
60700,0.041748046875,-0.0372314453125,0.990478515625,-0.009192955680191517,-0.0015987749211490154,0.006395099684596062,0.7291107773780823,-0.11953970789909363,2.3995697498321533,-2.1570489406585693,0,0,0,0,0,
60750,0.03802490234375,-0.03656005859375,0.990966796875,-0.008127106353640556,0.0007993874605745077,0.0035972436890006065,0.7261220216751099,-0.11883382499217987,2.379223346710205,-2.1524808406829834,0,0,0,0,0,
60800,0.04437255859375,-0.04071044921875,0.99102783203125,-0.010924962349236012,-0.0009326186846010387,0.0037304747384041548,0.7252547144889832,-0.12017320841550827,2.397449254989624,-2.172227621078491,0,0,0,0,0,
60850,0.04119873046875,-0.0343017578125,0.99127197265625,-0.009725880809128284,-0.0010658499086275697,0.0038637060206383467,0.7242848873138428,-0.11945847421884537,2.395556926727295,-2.1530258655548096,0,0,0,0,0,
60900,0.0391845703125,-0.04052734375,0.990478515625,-0.006928024813532829,0.00039969373028725386,0.003197549842298031,0.722093939781189,-0.12069571763277054,2.382375717163086,-2.171830892562866,0,0,0,0,0,
60950,0.04461669921875,-0.037841796875,0.9920654296875,-0.01079173106700182,-0.002931087277829647,0.00506278732791543,0.7220317125320435,-0.12191364169120789,2.4014718532562256,-2.172874927520752,0,0,0,0,0,
61000,0.03778076171875,-0.0333251953125,0.99267578125,-0.008526799269020557,-0.0005329249543137848,0.004130168352276087,0.7197430729866028,-0.12049273401498795,2.3791451454162598,-2.147704601287842,0,0,0,0,0,
61050,0.04339599609375,-0.03875732421875,0.99017333984375,-0.007860643789172173,0.0,0.004663093481212854,0.718966007232666,-0.12012968957424164,2.391972541809082,-2.156862258911133,0,0,0,0,0,
61150,0.03997802734375,-0.03729248046875,0.99334716796875,-0.00626186840236187,-0.0018652373692020774,0.004396630916744471,0.7177978754043579,-0.11766071617603302,2.3883211612701416,-2.1471917629241943,0,0,0,0,0,
61200,0.04730224609375,-0.04058837890625,0.9891357421875,-0.010258805938065052,-0.002797856228426099,0.0045298621989786625,0.7203168272972107,-0.11860952526330948,2.422987461090088,-2.1671488285064697,0,0,0,0,0,
61250,0.0401611328125,-0.0360107421875,0.99127197265625,-0.008260336704552174,-0.0014655436389148235,0.002398162381723523,0.7215394973754883,-0.11858023703098297,2.412543296813965,-2.1583166122436523,0,0,0,0,0,
61300,0.04443359375,-0.04071044921875,0.9925537109375,-0.0074609494768083096,0.0005329249543137848,0.004263399634510279,0.724127471446991,-0.12043707817792892,2.427419662475586,-2.1771485805511475,0,0,0,0,0,
61350,0.043212890625,-0.03802490234375,0.99072265625,-0.009992343373596668,-0.002664624946191907,0.004130168352276087,0.727138876914978,-0.12229567766189575,2.434242010116577,-2.179023027420044,0,0,0,0,0,
61400,0.0399169921875,-0.0357666015625,0.9931640625,-0.008793261833488941,-0.0015987749211490154,0.0034640124067664146,0.7285056710243225,-0.12278476357460022,2.420807123184204,-2.1671864986419678,0,0,0,0,0,
61450,0.0401611328125,-0.0404052734375,0.99200439453125,-0.009859112091362476,0.0002664624771568924,0.002931087277829647,0.728691577911377,-0.12485900521278381,2.410365104675293,-2.1835272312164307,0,0,0,0,0,
61500,0.04150390625,-0.03656005859375,0.9920654296875,-0.010658499784767628,-0.001998468767851591,0.003064318560063839,0.7286952137947083,-0.12597717344760895,2.4087281227111816,-2.1760406494140625,0,0,0,0,0,
61550,0.04119873046875,-0.03466796875,0.99310302734375,-0.0074609494768083096,-0.0017320062033832073,0.004263399634510279,0.728351891040802,-0.1251969039440155,2.4052622318267822,-2.158174514770508,0,0,0,0,0,
61600,0.044677734375,-0.03875732421875,0.99237060546875,-0.009592649526894093,-0.0014655436389148235,0.004130168352276087,0.7297497391700745,-0.12525658309459686,2.422330617904663,-2.1657936573028564,0,0,0,0,0,
61650,0.04205322265625,-0.03546142578125,0.99090576171875,-0.009059724397957325,-0.0018652373692020774,0.003197549842298031,0.7310702800750732,-0.12413064390420914,2.42295503616333,-2.1539971828460693,0,0,0,0,0,
61700,0.038330078125,-0.038330078125,0.9906005859375,-0.008127106353640556,0.0007993874605745077,0.004396630916744471,0.7301738262176514,-0.12371906638145447,2.402106285095215,-2.1600148677825928,0,0,0,0,0,
61750,0.04266357421875,-0.03753662109375,0.99176025390625,-0.010658499784767628,-0.0010658499086275697,0.002797856228426099,0.7299608588218689,-0.12340374290943146,2.4080443382263184,-2.1605658531188965,0,0,0,0,0,
61800,0.03948974609375,-0.03717041015625,0.99066162109375,-0.008793261833488941,-0.0014655436389148235,0.005462481174618006,0.7285011410713196,-0.12298520654439926,2.3953635692596436,-2.1592183113098145,0,0,0,0,0,
61850,0.0400390625,-0.03839111328125,0.9913330078125,-0.008926493115723133,-0.0011990811908617616,0.002531393663957715,0.7263453006744385,-0.12317588180303574,2.3869428634643555,-2.1648919582366943,0,0,0,0,0,
61900,0.04229736328125,-0.03631591796875,0.990966796875,-0.0094594182446599,-0.001998468767851591,0.002931087277829647,0.7249597311019897,-0.12266766279935837,2.392489194869995,-2.1580936908721924,0,0,0,0,0,
61950,0.03948974609375,-0.03900146484375,0.99365234375,-0.009059724397957325,0.0007993874605745077,0.002664624946191907,0.722526490688324,-0.12309079617261887,2.3806276321411133,-2.1668989658355713,0,0,0,0,0,
62000,0.04510498046875,-0.03839111328125,0.9908447265625,-0.008127106353640556,-0.0017320062033832073,0.0037304747384041548,0.7225735187530518,-0.1239682137966156,2.4029972553253174,-2.1718649864196777,0,0,0,0,0,
62050,0.0423583984375,-0.0340576171875,0.9912109375,-0.00866003055125475,-0.001998468767851591,0.004263399634510279,0.7230413556098938,-0.12270110100507736,2.4072518348693848,-2.151297092437744,0,0,0,0,0,
62100,0.0396728515625,-0.03790283203125,0.98974609375,-0.009326186962425709,-0.0010658499086275697,0.004929556045681238,0.7223291397094727,-0.12196047604084015,2.39591908454895,-2.155294895172119,0,0,0,0,0,
62150,0.04559326171875,-0.0361328125,0.99188232421875,-0.01079173106700182,-0.0010658499086275697,0.0033307811245322227,0.7240312099456787,-0.12058155238628387,2.4193496704101562,-2.1481711864471436,0,0,0,0,0,
62200,0.04156494140625,-0.03759765625,0.991455078125,-0.0074609494768083096,-0.0007993874605745077,0.0034640124067664146,0.7253584861755371,-0.11955688148736954,2.4173038005828857,-2.1503348350524902,0,0,0,0,0,
62250,0.04083251953125,-0.0360107421875,0.99285888671875,-0.009859112091362476,-0.0007993874605745077,0.0035972436890006065,0.7259140610694885,-0.11788485199213028,2.410914182662964,-2.142836570739746,0,0,0,0,0,
62300,0.04364013671875,-0.03631591796875,0.9903564453125,-0.0075941807590425014,-0.003197549842298031,0.003996937535703182,0.7275179624557495,-0.11593253910541534,2.4219534397125244,-2.138361692428589,0,0,0,0,0,
62400,0.04193115234375,-0.039306640625,0.990478515625,-0.009592649526894093,-0.0015987749211490154,0.0033307811245322227,0.729048490524292,-0.11260710656642914,2.415905714035034,-2.145029067993164,0,0,0,0,0,
62450,0.0399169921875,-0.0362548828125,0.99188232421875,-0.0094594182446599,-0.0011990811908617616,0.005728943273425102,0.7286049127578735,-0.11131519824266434,2.4046132564544678,-2.139688014984131,0,0,0,0,0,
62500,0.04486083984375,-0.03704833984375,0.99237060546875,-0.00866003055125475,0.00039969373028725386,0.004263399634510279,0.7300266623497009,-0.11011428385972977,2.4228224754333496,-2.13930606842041,0,0,0,0,0,
62550,0.04583740234375,-0.03948974609375,0.99200439453125,-0.008393567986786366,-0.0034640124067664146,0.0034640124067664146,0.7335143089294434,-0.11041340976953506,2.4449033737182617,-2.1531054973602295,0,0,0,0,0,
62600,0.0433349609375,-0.037353515625,0.99285888671875,-0.008127106353640556,-0.0010658499086275697,0.004130168352276087,0.7371789216995239,-0.1106768473982811,2.4501607418060303,-2.153047800064087,0,0,0,0,0,
62650,0.0423583984375,-0.038330078125,0.991455078125,-0.008526799269020557,0.0002664624771568924,0.0037304747384041548,0.7404211759567261,-0.11150293052196503,2.449601173400879,-2.158937692642212,0,0,0,0,0,
62700,0.04254150390625,-0.03582763671875,0.9912109375,-0.009326186962425709,-0.001998468767851591,0.0037304747384041548,0.7434026598930359,-0.11133918166160583,2.4502363204956055,-2.1498653888702393,0,0,0,0,0,
62750,0.04071044921875,-0.036376953125,0.99310302734375,-0.007727412041276693,-0.0017320062033832073,0.0033307811245322227,0.7450408935546875,-0.11065275967121124,2.4397850036621094,-2.144474983215332,0,0,0,0,0,
62800,0.04254150390625,-0.038818359375,0.99066162109375,-0.01079173106700182,-0.0005329249543137848,0.0033307811245322227,0.746687650680542,-0.11100813001394272,2.4415082931518555,-2.1542065143585205,0,0,0,0,0,
62850,0.04205322265625,-0.03778076171875,0.9896240234375,-0.0094594182446599,-0.0002664624771568924,0.002931087277829647,0.7480698823928833,-0.11162876337766647,2.4405100345611572,-2.157214403152466,0,0,0,0,0,
62900,0.03765869140625,-0.03814697265625,0.99322509765625,-0.009192955680191517,-0.0010658499086275697,0.0038637060206383467,0.7466025352478027,-0.11259511858224869,2.4133965969085693,-2.161292314529419,0,0,0,0,0,
62950,0.04132080078125,-0.0357666015625,0.99273681640625,-0.008926493115723133,-0.0007993874605745077,0.003996937535703182,0.7449668645858765,-0.1124669685959816,2.410245656967163,-2.151313543319702,0,0,0,0,0,
63000,0.04022216796875,-0.039306640625,0.9923095703125,-0.008793261833488941,-0.0010658499086275697,0.004130168352276087,0.7425852417945862,-0.11350421607494354,2.401150703430176,-2.162839412689209,0,0,0,0,0,
63050,0.039794921875,-0.03564453125,0.99224853515625,-0.008793261833488941,0.0,0.0034640124067664146,0.7393817901611328,-0.11336609721183777,2.3905513286590576,-2.152122974395752,0,0,0,0,0,
63100,0.04583740234375,-0.03759765625,0.99017333984375,-0.009059724397957325,-0.003064318560063839,0.0033307811245322227,0.7390753030776978,-0.11344246566295624,2.4163172245025635,-2.15412974357605,0,0,0,0,0,
63150,0.04058837890625,-0.0362548828125,0.99395751953125,-0.009992343373596668,-0.0013323124730959535,0.0034640124067664146,0.7380030751228333,-0.11284076422452927,2.408353090286255,-2.147425413131714,0,0,0,0,0,
63200,0.04486083984375,-0.0364990234375,0.9901123046875,-0.00866003055125475,0.0006661562365479767,0.004130168352276087,0.738876461982727,-0.11191575974225998,2.426736831665039,-2.1435906887054443,0,0,0,0,0,
63250,0.0445556640625,-0.0382080078125,0.99017333984375,-0.008393567986786366,-0.0014655436389148235,0.004130168352276087,0.7411385774612427,-0.11172211915254593,2.441497802734375,-2.14997935295105,0,0,0,0,0,
63300,0.04180908203125,-0.03594970703125,0.99102783203125,-0.009859112091362476,0.0001332312385784462,0.005462481174618006,0.7429012656211853,-0.11080504953861237,2.438765048980713,-2.1425514221191406,0,0,0,0,0,
63350,0.04327392578125,-0.0379638671875,0.9910888671875,-0.008127106353640556,0.0006661562365479767,0.003996937535703182,0.745082676410675,-0.11046972870826721,2.4447154998779297,-2.147451877593994,0,0,0,0,0,
63400,0.04217529296875,-0.03643798828125,0.992431640625,-0.0094594182446599,-0.0015987749211490154,0.005862174555659294,0.7469165921211243,-0.10970131307840347,2.443422317504883,-2.1427855491638184,0,0,0,0,0,
63450,0.03857421875,-0.0369873046875,0.99359130859375,-0.010258805938065052,-0.00039969373028725386,0.0035972436890006065,0.7463467121124268,-0.10888475924730301,2.421217441558838,-2.141535758972168,0,0,0,0,0,
63500,0.044921875,-0.03900146484375,0.99249267578125,-0.008260336704552174,0.0006661562365479767,0.003996937535703182,0.7475184202194214,-0.10921613872051239,2.438063621520996,-2.152198553085327,0,0,0,0,0,
63550,0.03857421875,-0.03668212890625,0.99322509765625,-0.009859112091362476,-0.002531393663957715,0.004796324763447046,0.7464157938957214,-0.1091272309422493,2.416492462158203,-2.148327112197876,0,0,0,0,0,
63650,0.04620361328125,-0.0400390625,0.99029541015625,-0.010258805938065052,-0.003064318560063839,0.0035972436890006065,0.74763423204422,-0.11165402829647064,2.4446260929107666,-2.169934034347534,0,0,0,0,0,
63700,0.037841796875,-0.03607177734375,0.9942626953125,-0.009326186962425709,0.0001332312385784462,0.002664624946191907,0.7466640472412109,-0.11254382878541946,2.4179322719573975,-2.1605520248413086,0,0,0,0,0,
63750,0.04583740234375,-0.04083251953125,0.9925537109375,-0.007860643789172173,-0.0010658499086275697,0.003996937535703182,0.7480319738388062,-0.11527305096387863,2.4403436183929443,-2.1798360347747803,0,0,0,0,0,
63800,0.0413818359375,-0.03717041015625,0.99090576171875,-0.009725880809128284,-0.0018652373692020774,0.0045298621989786625,0.7487572431564331,-0.11739518493413925,2.4352848529815674,-2.1764943599700928,0,0,0,0,0,
63850,0.03826904296875,-0.035400390625,0.9930419921875,-0.008393567986786366,0.0006661562365479767,0.003996937535703182,0.747110903263092,-0.11794065684080124,2.4122939109802246,-2.1628499031066895,0,0,0,0,0,
63900,0.046875,-0.03863525390625,0.99200439453125,-0.010658499784767628,-0.0018652373692020774,0.003064318560063839,0.748539924621582,-0.11908210813999176,2.441401243209839,-2.1693551540374756,0,0,0,0,0,
63950,0.03802490234375,-0.0367431640625,0.9927978515625,-0.006928024813532829,-0.002531393663957715,0.003197549842298031,0.7473300099372864,-0.11959564685821533,2.416440725326538,-2.164217472076416,0,0,0,0,0,
64000,0.0390625,-0.03875732421875,0.99127197265625,-0.007993875071406364,-0.0002664624771568924,0.0034640124067664146,0.7446274757385254,-0.12078820168972015,2.4003050327301025,-2.1715211868286133,0,0,0,0,0,
64050,0.0439453125,-0.036376953125,0.9903564453125,-0.008793261833488941,-0.0017320062033832073,0.003996937535703182,0.7435802817344666,-0.12116269767284393,2.4141557216644287,-2.1645331382751465,0,0,0,0,0,
64100,0.03973388671875,-0.03717041015625,0.99285888671875,-0.008526799269020557,0.0007993874605745077,0.003996937535703182,0.7413966655731201,-0.12127741426229477,2.4017441272735596,-2.1623098850250244,0,0,0,0,0,
64150,0.042236328125,-0.0400390625,0.99212646484375,-0.009192955680191517,0.0011990811908617616,0.004263399634510279,0.73977130651474,-0.12284717708826065,2.4051430225372314,-2.1769750118255615,0,0,0,0,0,
64200,0.04559326171875,-0.03619384765625,0.99169921875,-0.008926493115723133,-0.0017320062033832073,0.0037304747384041548,0.7405622601509094,-0.12337034940719604,2.4276809692382812,-2.168078899383545,0,0,0,0,0,
64250,0.03955078125,-0.03533935546875,0.99017333984375,-0.009326186962425709,-0.0013323124730959535,0.002531393663957715,0.7398590445518494,-0.12258676439523697,2.4135303497314453,-2.155534505844116,0,0,0,0,0,
64300,0.04791259765625,-0.0411376953125,0.99359130859375,-0.01012557465583086,-0.0021316998172551394,0.00506278732791543,0.7426818609237671,-0.12401192635297775,2.448087215423584,-2.1768383979797363,0,0,0,0,0,
64350,0.0382080078125,-0.0322265625,0.992431640625,-0.008793261833488941,-0.0011990811908617616,0.004263399634510279,0.7427777051925659,-0.12211114168167114,2.423640727996826,-2.1450040340423584,0,0,0,0,0,
64400,0.0416259765625,-0.0396728515625,0.992431640625,-0.0074609494768083096,0.0014655436389148235,0.0037304747384041548,0.7426261305809021,-0.12182296067476273,2.42126202583313,-2.159229278564453,0,0,0,0,0,
64450,0.04339599609375,-0.038330078125,0.990966796875,-0.010658499784767628,-0.0017320062033832073,0.004663093481212854,0.7433323860168457,-0.12210030108690262,2.4296884536743164,-2.1645963191986084,0,0,0,0,0,
64500,0.03875732421875,-0.03533935546875,0.9915771484375,-0.0075941807590425014,0.0006661562365479767,0.004263399634510279,0.7420415878295898,-0.1211005449295044,2.41042423248291,-2.1521027088165283,0,0,0,0,0,
64550,0.0435791015625,-0.041015625,0.9913330078125,-0.009192955680191517,-0.0009326186846010387,0.004130168352276087,0.7419250011444092,-0.1223483681678772,2.4208757877349854,-2.1735787391662598,0,0,0,0,0,
64600,0.043212890625,-0.0347900390625,0.992919921875,-0.0094594182446599,-0.001998468767851591,0.004130168352276087,0.7425167560577393,-0.12178228795528412,2.427842617034912,-2.1566874980926514,0,0,0,0,0,
64650,0.0416259765625,-0.0399169921875,0.99322509765625,-0.008526799269020557,0.0017320062033832073,0.001998468767851591,0.742749810218811,-0.12270189076662064,2.4248478412628174,-2.170978307723999,0,0,0,0,0,
64700,0.04443359375,-0.03973388671875,0.99078369140625,-0.009192955680191517,-0.0005329249543137848,0.002398162381723523,0.7443673014640808,-0.12476079910993576,2.43892502784729,-2.183290958404541,0,0,0,0,0,
64750,0.04144287109375,-0.03216552734375,0.99310302734375,-0.007327718660235405,0.0,0.0035972436890006065,0.7453173995018005,-0.12331315129995346,2.433867931365967,-2.1502842903137207,0,0,0,0,0,
64800,0.04150390625,-0.04107666015625,0.99224853515625,-0.010525268502533436,-0.00039969373028725386,0.0022649310994893312,0.7457651495933533,-0.12419282644987106,2.4297947883605957,-2.172109842300415,0,0,0,0,0,
64900,0.04095458984375,-0.0374755859375,0.9913330078125,-0.006794793531298637,-0.0006661562365479767,0.002664624946191907,0.746444046497345,-0.12174863368272781,2.426074504852295,-2.15191650390625,0,0,0,0,0,
64950,0.04473876953125,-0.03997802734375,0.9932861328125,-0.010658499784767628,-0.0001332312385784462,0.002931087277829647,0.7479168772697449,-0.12227313220500946,2.4411725997924805,-2.1669936180114746,0,0,0,0,0,
65000,0.04278564453125,-0.034912109375,0.992431640625,-0.008526799269020557,-0.0022649310994893312,0.004663093481212854,0.7495015859603882,-0.1212037056684494,2.4437644481658936,-2.151578903198242,0,0,0,0,0,
65050,0.04034423828125,-0.03936767578125,0.99261474609375,-0.0074609494768083096,0.0001332312385784462,0.002398162381723523,0.7497462630271912,-0.12141915410757065,2.431948184967041,-2.163358211517334,0,0,0,0,0,
65100,0.0440673828125,-0.0389404296875,0.99114990234375,-0.011058193631470203,-0.0017320062033832073,0.004130168352276087,0.7510839104652405,-0.12245548516511917,2.4431228637695312,-2.1717824935913086,0,0,0,0,0,
65150,0.0416259765625,-0.03424072265625,0.98992919921875,-0.007993875071406364,-0.0010658499086275697,0.004130168352276087,0.7519214153289795,-0.12146708369255066,2.4394593238830566,-2.152571439743042,0,0,0,0,0,
65200,0.04229736328125,-0.0404052734375,0.99200439453125,-0.008260336704552174,-0.00039969373028725386,0.002797856228426099,0.7526756525039673,-0.12235526740550995,2.4394638538360596,-2.170348882675171,0,0,0,0,0,
65250,0.03961181640625,-0.0362548828125,0.99322509765625,-0.009592649526894093,0.0005329249543137848,0.004396630916744471,0.7517815828323364,-0.12233873456716537,2.4237356185913086,-2.1621899604797363,0,0,0,0,0,
65300,0.04058837890625,-0.03619384765625,0.99212646484375,-0.007860643789172173,-0.002398162381723523,0.003996937535703182,0.7501509785652161,-0.12157736718654633,2.415475845336914,-2.1547250747680664,0,0,0,0,0,
65350,0.04144287109375,-0.0426025390625,0.992431640625,-0.010258805938065052,0.0009326186846010387,0.003064318560063839,0.7484191060066223,-0.12390562891960144,2.412832498550415,-2.1848599910736084,0,0,0,0,0,
65400,0.04095458984375,-0.03533935546875,0.98980712890625,-0.007727412041276693,0.0005329249543137848,0.003064318560063839,0.7464114427566528,-0.12458585947751999,2.4083425998687744,-2.170707941055298,0,0,0,0,0,
65450,0.0421142578125,-0.04107666015625,0.9927978515625,-0.008393567986786366,-0.0006661562365479767,0.004663093481212854,0.7447909116744995,-0.12716412544250488,2.4102060794830322,-2.190368413925171,0,0,0,0,0,
65500,0.04107666015625,-0.03765869140625,0.991943359375,-0.011324656195938587,-0.00039969373028725386,0.0034640124067664146,0.7429261207580566,-0.1293039619922638,2.4061429500579834,-2.1885623931884766,0,0,0,0,0,
65550,0.0438232421875,-0.03472900390625,0.99169921875,-0.008127106353640556,0.0001332312385784462,0.0033307811245322227,0.742473304271698,-0.12938174605369568,2.4183976650238037,-2.170081853866577,0,0,0,0,0,
65600,0.0423583984375,-0.039794921875,0.99224853515625,-0.0094594182446599,-0.0013323124730959535,0.0034640124067664146,0.7423065900802612,-0.13069719076156616,2.420806646347046,-2.1825361251831055,0,0,0,0,0,
65650,0.0411376953125,-0.03314208984375,0.989990234375,-0.009059724397957325,-0.0018652373692020774,0.0038637060206383467,0.7417311072349548,-0.12921833992004395,2.4165518283843994,-2.1559085845947266,0,0,0,0,0,
65700,0.044189453125,-0.03656005859375,0.9925537109375,-0.006395099684596062,-0.0006661562365479767,0.004396630916744471,0.742523193359375,-0.12740203738212585,2.429652452468872,-2.151055335998535,0,0,0,0,0,
65750,0.04156494140625,-0.03924560546875,0.99334716796875,-0.008926493115723133,-0.001998468767851591,0.003197549842298031,0.7428809404373169,-0.1268635392189026,2.426100730895996,-2.1620171070098877,0,0,0,0,0,
65800,0.04083251953125,-0.03375244140625,0.9923095703125,-0.006928024813532829,-0.0002664624771568924,0.004263399634510279,0.7424916625022888,-0.12422306835651398,2.4189887046813965,-2.140458822250366,0,0,0,0,0,
65850,0.0423583984375,-0.04144287109375,0.9913330078125,-0.00866003055125475,-0.0021316998172551394,0.0035972436890006065,0.742397129535675,-0.12435783445835114,2.421546459197998,-2.1655707359313965,0,0,0,0,0,
65900,0.038330078125,-0.0382080078125,0.9908447265625,-0.009859112091362476,-0.0002664624771568924,0.004796324763447046,0.7402358651161194,-0.12488947063684464,2.400784730911255,-2.1696741580963135,0,0,0,0,0,
65950,0.04327392578125,-0.03741455078125,0.99127197265625,-0.006528330966830254,0.0005329249543137848,0.005196018610149622,0.739261269569397,-0.1252662092447281,2.410490036010742,-2.168656826019287,0,0,0,0,0,
66000,0.03997802734375,-0.04083251953125,0.9913330078125,-0.0074609494768083096,-0.0011990811908617616,0.0034640124067664146,0.7373536825180054,-0.1274854689836502,2.4001853466033936,-2.1874587535858154,0,0,0,0,0,
66050,0.04058837890625,-0.03668212890625,0.99169921875,-0.009725880809128284,0.0,0.003197549842298031,0.7350561022758484,-0.12877416610717773,2.3943777084350586,-2.180372476577759,0,0,0,0,0,
66150,0.0413818359375,-0.04156494140625,0.99298095703125,-0.009859112091362476,-0.001998468767851591,0.004929556045681238,0.7349814176559448,-0.13389098644256592,2.4131436347961426,-2.2056758403778076,0,0,0,0,0,
66200,0.04248046875,-0.0347900390625,0.98895263671875,-0.0094594182446599,0.0011990811908617616,0.0038637060206383467,0.7352462410926819,-0.13514691591262817,2.4176294803619385,-2.186450242996216,0,0,0,0,0,
66250,0.041748046875,-0.0400390625,0.99139404296875,-0.009192955680191517,-0.003197549842298031,0.002931087277829647,0.73540198802948,-0.13751950860023499,2.4168038368225098,-2.1988728046417236,0,0,0,0,0,
66300,0.0411376953125,-0.03729248046875,0.99310302734375,-0.009592649526894093,-0.0010658499086275697,0.004796324763447046,0.7350770831108093,-0.13915231823921204,2.4121532440185547,-2.19384765625,0,0,0,0,0,
66350,0.04254150390625,-0.03564453125,0.99017333984375,-0.009192955680191517,0.00039969373028725386,0.005462481174618006,0.7352479100227356,-0.13928286731243134,2.416785478591919,-2.180457830429077,0,0,0,0,0,
66400,0.0439453125,-0.04058837890625,0.992919921875,-0.01012557465583086,-0.003197549842298031,0.003197549842298031,0.7365562319755554,-0.1409834623336792,2.4283313751220703,-2.196288824081421,0,0,0,0,0,
66450,0.04248046875,-0.0369873046875,0.99334716796875,-0.009326186962425709,-0.0018652373692020774,0.003197549842298031,0.7379213571548462,-0.1418548971414566,2.4302079677581787,-2.189697742462158,0,0,0,0,0,
66500,0.04486083984375,-0.03753662109375,0.98956298828125,-0.008526799269020557,-0.0021316998172551394,0.003996937535703182,0.7407827973365784,-0.1424437314271927,2.446536064147949,-2.1877431869506836,0,0,0,0,0,
66550,0.03985595703125,-0.03692626953125,0.99322509765625,-0.008260336704552174,-0.0011990811908617616,0.005728943273425102,0.7418540716171265,-0.14237011969089508,2.4314959049224854,-2.1817076206207275,0,0,0,0,0,
66600,0.03948974609375,-0.037109375,0.99249267578125,-0.008526799269020557,0.0007993874605745077,0.00506278732791543,0.7412716746330261,-0.1418827325105667,2.416030168533325,-2.1774961948394775,0,0,0,0,0,
66650,0.04107666015625,-0.0384521484375,0.99139404296875,-0.009192955680191517,-0.0011990811908617616,0.003197549842298031,0.7402955293655396,-0.14186148345470428,2.4115102291107178,-2.1816701889038086,0,0,0,0,0,
66700,0.0428466796875,-0.03741455078125,0.9920654296875,-0.010258805938065052,0.0013323124730959535,0.004929556045681238,0.7400148510932922,-0.14160364866256714,2.4174888134002686,-2.1792831420898438,0,0,0,0,0,
66750,0.0430908203125,-0.03594970703125,0.9912109375,-0.008926493115723133,0.00039969373028725386,0.0045298621989786625,0.7404630780220032,-0.14033104479312897,2.424497365951538,-2.168877601623535,0,0,0,0,0,
66800,0.0457763671875,-0.03875732421875,0.9921875,-0.010392037220299244,-0.003064318560063839,0.002931087277829647,0.7430184483528137,-0.13984344899654388,2.446016550064087,-2.175455093383789,0,0,0,0,0,
66850,0.03955078125,-0.037353515625,0.9903564453125,-0.010924962349236012,-0.0015987749211490154,0.002931087277829647,0.7437136173248291,-0.13923339545726776,2.4299700260162354,-2.1737430095672607,0,0,0,0,0,
66900,0.042724609375,-0.03704833984375,0.99163818359375,-0.00866003055125475,-0.0002664624771568924,0.0021316998172551394,0.744692862033844,-0.13832329213619232,2.433506488800049,-2.1701323986053467,0,0,0,0,0,
66950,0.04473876953125,-0.0391845703125,0.99169921875,-0.009192955680191517,-0.0010658499086275697,0.002531393663957715,0.7470498085021973,-0.13840742409229279,2.448262929916382,-2.1791646480560303,0,0,0,0,0,
67000,0.04034423828125,-0.03759765625,0.9910888671875,-0.009059724397957325,-0.0007993874605745077,0.0038637060206383467,0.7479829788208008,-0.13839876651763916,2.4363815784454346,-2.17832088470459,0,0,0,0,0,
67050,0.0421142578125,-0.0369873046875,0.98944091796875,-0.008793261833488941,-0.0006661562365479767,0.001998468767851591,0.748814582824707,-0.1379975974559784,2.4362988471984863,-2.174386978149414,0,0,0,0,0,
67100,0.04248046875,-0.0364990234375,0.99053955078125,-0.009992343373596668,-0.0018652373692020774,0.002398162381723523,0.7497401237487793,-0.13697637617588043,2.43807053565979,-2.167785406112671,0,0,0,0,0,
67150,0.04217529296875,-0.03656005859375,0.99249267578125,-0.0074609494768083096,-0.0007993874605745077,0.0033307811245322227,0.750508725643158,-0.13545608520507812,2.4374260902404785,-2.161773443222046,0,0,0,0,0,
67200,0.0430908203125,-0.0355224609375,0.99066162109375,-0.007327718660235405,0.0010658499086275697,0.004263399634510279,0.7517160773277283,-0.13298745453357697,2.442582607269287,-2.1507697105407715,0,0,0,0,0,
67250,0.0419921875,-0.0389404296875,0.99224853515625,-0.009059724397957325,-0.0014655436389148235,0.0033307811245322227,0.7525913119316101,-0.13171271979808807,2.4404690265655518,-2.1602401733398438,0,0,0,0,0,
67300,0.0450439453125,-0.0369873046875,0.9913330078125,-0.009725880809128284,-0.0005329249543137848,0.0045298621989786625,0.7549723386764526,-0.13030865788459778,2.456401824951172,-2.157672166824341,0,0,0,0,0,
67400,0.040283203125,-0.03759765625,0.99212646484375,-0.007327718660235405,-0.0010658499086275697,0.003197549842298031,0.7552298307418823,-0.12824365496635437,2.4306795597076416,-2.1598916053771973,0,0,0,0,0,
67450,0.0394287109375,-0.03729248046875,0.992919921875,-0.009992343373596668,-0.0014655436389148235,0.004396630916744471,0.7531902194023132,-0.12730182707309723,2.4148337841033936,-2.158825397491455,0,0,0,0,0,
67500,0.04144287109375,-0.0367431640625,0.99285888671875,-0.011058193631470203,-0.0005329249543137848,0.0045298621989786625,0.7510915398597717,-0.12604106962680817,2.412203788757324,-2.1546943187713623,0,0,0,0,0,
67550,0.042236328125,-0.03656005859375,0.99127197265625,-0.008793261833488941,-0.0007993874605745077,0.004796324763447046,0.7494620084762573,-0.12446282058954239,2.4147965908050537,-2.1502585411071777,0,0,0,0,0,
67600,0.04248046875,-0.0357666015625,0.99090576171875,-0.0094594182446599,-0.0010658499086275697,0.0045298621989786625,0.748379111289978,-0.1221933364868164,2.418633222579956,-2.141767978668213,0,0,0,0,0,
67650,0.04315185546875,-0.0369873046875,0.99212646484375,-0.008260336704552174,-0.0007993874605745077,0.005196018610149622,0.7481060028076172,-0.12006337195634842,2.4256479740142822,-2.1408936977386475,0,0,0,0,0,
67700,0.04010009765625,-0.0384521484375,0.99237060546875,-0.009592649526894093,-0.0018652373692020774,0.004796324763447046,0.7467254400253296,-0.11890962719917297,2.4143004417419434,-2.1485259532928467,0,0,0,0,0,
67750,0.0399169921875,-0.0364990234375,0.991943359375,-0.008526799269020557,0.0001332312385784462,0.004396630916744471,0.7443683743476868,-0.11744170635938644,2.4031548500061035,-2.144230365753174,0,0,0,0,0,
67800,0.04327392578125,-0.0382080078125,0.99163818359375,-0.0094594182446599,0.0002664624771568924,0.002931087277829647,0.7431843280792236,-0.11672258377075195,2.4125277996063232,-2.1502504348754883,0,0,0,0,0,
67850,0.04229736328125,-0.03692626953125,0.9927978515625,-0.009192955680191517,-0.0005329249543137848,0.004396630916744471,0.742372453212738,-0.11585424095392227,2.4150657653808594,-2.1480391025543213,0,0,0,0,0,
67900,0.03912353515625,-0.0345458984375,0.9913330078125,-0.0075941807590425014,-0.0010658499086275697,0.004396630916744471,0.740078866481781,-0.11353621631860733,2.399437189102173,-2.132673978805542,0,0,0,0,0,
67950,0.0408935546875,-0.03753662109375,0.9935302734375,-0.009859112091362476,-0.0013323124730959535,0.0037304747384041548,0.7375723719596863,-0.11174210160970688,2.3950142860412598,-2.1355950832366943,0,0,0,0,0,
68000,0.042724609375,-0.03387451171875,0.9925537109375,-0.008526799269020557,-0.0007993874605745077,0.004130168352276087,0.7360003590583801,-0.10829921066761017,2.4018523693084717,-2.1173131465911865,0,0,0,0,0,
68050,0.043212890625,-0.0367431640625,0.99041748046875,-0.007727412041276693,-0.0014655436389148235,0.0045298621989786625,0.7355314493179321,-0.10525348782539368,2.411311149597168,-2.117841958999634,0,0,0,0,0,
68100,0.0396728515625,-0.0377197265625,0.99224853515625,-0.009992343373596668,-0.0011990811908617616,0.0038637060206383467,0.7338756322860718,-0.10308694839477539,2.3989734649658203,-2.1235880851745605,0,0,0,0,0,
68150,0.04241943359375,-0.03448486328125,0.9921875,-0.007993875071406364,-0.0015987749211490154,0.0022649310994893312,0.732862114906311,-0.09978868812322617,2.403740167617798,-2.1101043224334717,0,0,0,0,0,
68200,0.03790283203125,-0.0380859375,0.99078369140625,-0.00866003055125475,0.00039969373028725386,0.004263399634510279,0.7298069000244141,-0.0977160632610321,2.382309913635254,-2.1190624237060547,0,0,0,0,0,
68250,0.04400634765625,-0.037841796875,0.99176025390625,-0.009592649526894093,-0.0013323124730959535,0.0035972436890006065,0.7286223769187927,-0.09649001806974411,2.3979618549346924,-2.125455617904663,0,0,0,0,0,
68300,0.0401611328125,-0.03826904296875,0.9925537109375,-0.009326186962425709,-0.0005329249543137848,0.004130168352276087,0.7267295718193054,-0.09619463235139847,2.3896944522857666,-2.1335361003875732,0,0,0,0,0,
68350,0.03997802734375,-0.03692626953125,0.99139404296875,-0.009326186962425709,0.0011990811908617616,0.0035972436890006065,0.7242056131362915,-0.09590718150138855,2.3814899921417236,-2.1333200931549072,0,0,0,0,0,
68400,0.042724609375,-0.03643798828125,0.9927978515625,-0.008260336704552174,-0.0007993874605745077,0.003996937535703182,0.7227450609207153,-0.09531499445438385,2.3896005153656006,-2.1299853324890137,0,0,0,0,0,
68450,0.04510498046875,-0.03973388671875,0.99267578125,-0.008793261833488941,-0.0002664624771568924,0.005728943273425102,0.7235318422317505,-0.09638174623250961,2.4106130599975586,-2.145982503890991,0,0,0,0,0,
68500,0.04510498046875,-0.03515625,0.99163818359375,-0.009192955680191517,-0.00039969373028725386,0.004929556045681238,0.7261602878570557,-0.09616587311029434,2.429816246032715,-2.134222984313965,0,0,0,0,0,
68550,0.03759765625,-0.0345458984375,0.9903564453125,-0.006395099684596062,-0.0006661562365479767,0.002664624946191907,0.7259601950645447,-0.09459550678730011,2.4041593074798584,-2.12046217918396,0,0,0,0,0,
68650,0.04302978515625,-0.034912109375,0.99261474609375,-0.009992343373596668,-0.00039969373028725386,0.004396630916744471,0.7254382967948914,-0.09587918221950531,2.407089948654175,-2.1349036693573,0,0,0,0,0,
68700,0.0384521484375,-0.03955078125,0.9925537109375,-0.0075941807590425014,0.0,0.0045298621989786625,0.7236996293067932,-0.0972352921962738,2.388051748275757,-2.149440288543701,0,0,0,0,0,
68750,0.040283203125,-0.03900146484375,0.9912109375,-0.011457886546850204,-0.0002664624771568924,0.003996937535703182,0.7215092182159424,-0.09947489202022552,2.381795644760132,-2.1596312522888184,0,0,0,0,0,
68800,0.0400390625,-0.03521728515625,0.99212646484375,-0.009326186962425709,0.0010658499086275697,0.002797856228426099,0.7188155651092529,-0.10020721703767776,2.37457275390625,-2.1467981338500977,0,0,0,0,0,
68850,0.0411376953125,-0.038818359375,0.99053955078125,-0.008526799269020557,-0.0021316998172551394,0.002664624946191907,0.7164089679718018,-0.10182008147239685,2.3747496604919434,-2.1563358306884766,0,0,0,0,0,
68900,0.0411376953125,-0.03765869140625,0.99163818359375,-0.010525268502533436,0.00039969373028725386,0.004130168352276087,0.7142337560653687,-0.10343796014785767,2.3746566772460938,-2.15799880027771,0,0,0,0,0,
68950,0.04852294921875,-0.03448486328125,0.992919921875,-0.008393567986786366,-0.0017320062033832073,0.0033307811245322227,0.7164955139160156,-0.10318002849817276,2.416851758956909,-2.1408586502075195,0,0,0,0,0,
69000,0.0411376953125,-0.0374755859375,0.991943359375,-0.009992343373596668,-0.002531393663957715,0.002531393663957715,0.7180936932563782,-0.10315679758787155,2.412477493286133,-2.1429476737976074,0,0,0,0,0,
69050,0.04425048828125,-0.03607177734375,0.98974609375,-0.0074609494768083096,0.0005329249543137848,0.0037304747384041548,0.7209868431091309,-0.10255920141935349,2.42702579498291,-2.137180805206299,0,0,0,0,0,
69100,0.04327392578125,-0.03875732421875,0.98992919921875,-0.007993875071406364,-0.001998468767851591,0.0033307811245322227,0.724330723285675,-0.10304746776819229,2.4344255924224854,-2.147441864013672,0,0,0,0,0,
69150,0.0391845703125,-0.035400390625,0.99383544921875,-0.009992343373596668,-0.0010658499086275697,0.0038637060206383467,0.7255569100379944,-0.10239475965499878,2.416592836380005,-2.1365203857421875,0,0,0,0,0,
69200,0.04156494140625,-0.03594970703125,0.99114990234375,-0.008926493115723133,-0.0009326186846010387,0.0015987749211490154,0.7264924645423889,-0.10119675099849701,2.414912462234497,-2.1304147243499756,0,0,0,0,0,
69250,0.04144287109375,-0.03936767578125,0.991455078125,-0.009725880809128284,0.0,0.004263399634510279,0.7271023988723755,-0.10153282433748245,2.4125914573669434,-2.144557476043701,0,0,0,0,0,
69300,0.04296875,-0.0374755859375,0.99176025390625,-0.009326186962425709,-0.0006661562365479767,0.005196018610149622,0.728316068649292,-0.10200952738523483,2.4192392826080322,-2.1462998390197754,0,0,0,0,0,
69350,0.0401611328125,-0.03704833984375,0.9932861328125,-0.007860643789172173,-0.0007993874605745077,0.002531393663957715,0.7283520102500916,-0.10231875628232956,2.4086756706237793,-2.14510178565979,0,0,0,0,0,
69400,0.0433349609375,-0.0382080078125,0.99346923828125,-0.009326186962425709,0.0010658499086275697,0.004130168352276087,0.7292571067810059,-0.1031506210565567,2.417402744293213,-2.15063738822937,0,0,0,0,0,
69450,0.045166015625,-0.03643798828125,0.99072265625,-0.010924962349236012,-0.0005329249543137848,0.003996937535703182,0.7319805026054382,-0.10343514382839203,2.4364912509918213,-2.145995855331421,0,0,0,0,0,
69500,0.04229736328125,-0.0399169921875,0.99163818359375,-0.0074609494768083096,-0.0011990811908617616,0.002664624946191907,0.7344711422920227,-0.10526137053966522,2.43688702583313,-2.1616973876953125,0,0,0,0,0,
69550,0.04266357421875,-0.03729248046875,0.9940185546875,-0.009725880809128284,-0.0013323124730959535,0.0034640124067664146,0.7369034290313721,-0.10675343126058578,2.4387941360473633,-2.160181999206543,0,0,0,0,0,
69600,0.0399169921875,-0.034912109375,0.99066162109375,-0.0074609494768083096,0.0002664624771568924,0.003996937535703182,0.7377660870552063,-0.10666360706090927,2.425530195236206,-2.145855188369751,0,0,0,0,0,
69650,0.0423583984375,-0.0411376953125,0.994384765625,-0.009992343373596668,-0.0002664624771568924,0.004263399634510279,0.7386587262153625,-0.1087978407740593,2.426692247390747,-2.16800594329834,0,0,0,0,0,
69700,0.0413818359375,-0.03594970703125,0.991455078125,-0.011191424913704395,-0.0001332312385784462,0.004929556045681238,0.7390803098678589,-0.10978729277849197,2.4228744506835938,-2.1586923599243164,0,0,0,0,0,
69750,0.04193115234375,-0.03662109375,0.99176025390625,-0.008526799269020557,-0.0006661562365479767,0.003996937535703182,0.739424467086792,-0.11021923273801804,2.4225220680236816,-2.154106616973877,0,0,0,0,0,
69800,0.04412841796875,-0.03948974609375,0.992431640625,-0.010258805938065052,0.0001332312385784462,0.002664624946191907,0.740949273109436,-0.11183160543441772,2.4346730709075928,-2.1663429737091064,0,0,0,0,0,
69900,0.03961181640625,-0.0394287109375,0.9935302734375,-0.008393567986786366,-0.0013323124730959535,0.0037304747384041548,0.7441381812095642,-0.11256486177444458,2.4299046993255615,-2.1614551544189453,0,0,0,0,0,
69950,0.0428466796875,-0.039306640625,0.9920654296875,-0.01079173106700182,-0.0005329249543137848,0.004263399634510279,0.7451267242431641,-0.11450748890638351,2.43402361869812,-2.1719911098480225,0,0,0,0,0,
70000,0.03948974609375,-0.03729248046875,0.992431640625,-0.009192955680191517,-0.0007993874605745077,0.0038637060206383467,0.7444465160369873,-0.11603882163763046,2.4183247089385986,-2.169820785522461,0,0,0,0,0,
70050,0.03961181640625,-0.03857421875,0.9920654296875,-0.008926493115723133,0.0,0.0017320062033832073,0.7424994111061096,-0.11796797811985016,2.404975652694702,-2.175330400466919,0,0,0,0,0,
70100,0.04376220703125,-0.03515625,0.990234375,-0.009326186962425709,-0.0021316998172551394,0.0038637060206383467,0.7419838905334473,-0.11826691031455994,2.417344331741333,-2.1609573364257812,0,0,0,0,0,
70150,0.03948974609375,-0.0372314453125,0.99310302734375,-0.008926493115723133,-0.0005329249543137848,0.0045298621989786625,0.7401003837585449,-0.11837948113679886,2.403148889541626,-2.1593925952911377,0,0,0,0,0,
70200,0.04296875,-0.03857421875,0.991455078125,-0.008926493115723133,0.0017320062033832073,0.004130168352276087,0.7391705513000488,-0.11914631724357605,2.4108023643493652,-2.1660478115081787,0,0,0,0,0,
70250,0.04217529296875,-0.0362548828125,0.99102783203125,-0.008260336704552174,-0.0021316998172551394,0.0033307811245322227,0.7385779023170471,-0.11910900473594666,2.4132442474365234,-2.158773183822632,0,0,0,0,0,
70300,0.04144287109375,-0.04046630859375,0.99273681640625,-0.007727412041276693,-0.0006661562365479767,0.0037304747384041548,0.7377970814704895,-0.12081101536750793,2.410769462585449,-2.176129102706909,0,0,0,0,0,
70350,0.04150390625,-0.037109375,0.991943359375,-0.008393567986786366,0.0007993874605745077,0.004263399634510279,0.7369290590286255,-0.12198767811059952,2.4091169834136963,-2.1725776195526123,0,0,0,0,0,
70400,0.046630859375,-0.03765869140625,0.9925537109375,-0.008393567986786366,-0.0014655436389148235,0.0034640124067664146,0.7389374375343323,-0.12302547693252563,2.4370126724243164,-2.172365665435791,0,0,0,0,0,
70450,0.0391845703125,-0.03936767578125,0.992431640625,-0.009725880809128284,-0.0009326186846010387,0.0037304747384041548,0.7389671802520752,-0.12493465840816498,2.4192352294921875,-2.182117223739624,0,0,0,0,0,
70500,0.04266357421875,-0.0369873046875,0.99176025390625,-0.008793261833488941,0.0015987749211490154,0.0033307811245322227,0.739416778087616,-0.12617050111293793,2.4234631061553955,-2.177293062210083,0,0,0,0,0,
70550,0.0452880859375,-0.0364990234375,0.99224853515625,-0.0075941807590425014,-0.002531393663957715,0.003996937535703182,0.7417023181915283,-0.12655413150787354,2.442272424697876,-2.17000675201416,0,0,0,0,0,
70600,0.04107666015625,-0.0390625,0.99322509765625,-0.009192955680191517,-0.0010658499086275697,0.003197549842298031,0.7429998517036438,-0.1277032047510147,2.4346773624420166,-2.1780447959899902,0,0,0,0,0,
70650,0.0401611328125,-0.037109375,0.99139404296875,-0.008393567986786366,0.0021316998172551394,0.004263399634510279,0.7430033087730408,-0.12837634980678558,2.423034191131592,-2.1744346618652344,0,0,0,0,0,
70700,0.04461669921875,-0.04095458984375,0.99072265625,-0.007993875071406364,-0.0018652373692020774,0.003197549842298031,0.7445380091667175,-0.13088345527648926,2.438350200653076,-2.1934473514556885,0,0,0,0,0,
70750,0.0390625,-0.036376953125,0.99200439453125,-0.009725880809128284,-0.0009326186846010387,0.0033307811245322227,0.744070827960968,-0.13219043612480164,2.4198665618896484,-2.183953285217285,0,0,0,0,0,
70800,0.04278564453125,-0.0350341796875,0.991455078125,-0.008260336704552174,-0.0010658499086275697,0.005196018610149622,0.744146466255188,-0.13174696266651154,2.4248273372650146,-2.167755603790283,0,0,0,0,0,
70850,0.04205322265625,-0.03778076171875,0.9913330078125,-0.008793261833488941,-0.003064318560063839,0.004796324763447046,0.7442394495010376,-0.13147611916065216,2.425076484680176,-2.1690385341644287,0,0,0,0,0,
70900,0.040771484375,-0.0347900390625,0.9935302734375,-0.008393567986786366,0.0009326186846010387,0.0017320062033832073,0.7435563802719116,-0.12957774102687836,2.4174087047576904,-2.1524922847747803,0,0,0,0,0,
70950,0.0439453125,-0.037109375,0.99114990234375,-0.008926493115723133,0.0001332312385784462,0.0033307811245322227,0.7441359162330627,-0.12776532769203186,2.429351806640625,-2.1514534950256348,0,0,0,0,0,
71000,0.0411376953125,-0.037841796875,0.99127197265625,-0.008926493115723133,-0.0018652373692020774,0.0037304747384041548,0.7441111207008362,-0.1264626532793045,2.4238877296447754,-2.154738664627075,0,0,0,0,0,
71050,0.0394287109375,-0.03631591796875,0.9912109375,-0.009059724397957325,0.0013323124730959535,0.00506278732791543,0.7426149845123291,-0.12470941990613937,2.4091503620147705,-2.148930311203003,0,0,0,0,0,
71150,0.039794921875,-0.0389404296875,0.9935302734375,-0.008526799269020557,-0.0002664624771568924,0.0038637060206383467,0.7446280121803284,-0.12432980537414551,2.426135778427124,-2.166717767715454,0,0,0,0,0,
71200,0.04498291015625,-0.0386962890625,0.9931640625,-0.008260336704552174,0.0013323124730959535,0.0045298621989786625,0.7464328408241272,-0.1251920908689499,2.442676305770874,-2.172952651977539,0,0,0,0,0,
71250,0.04364013671875,-0.037353515625,0.99090576171875,-0.00866003055125475,-0.002664624946191907,0.004396630916744471,0.7488288283348083,-0.12580612301826477,2.4503931999206543,-2.171332359313965,0,0,0,0,0,
71300,0.04095458984375,-0.03717041015625,0.99365234375,-0.007993875071406364,0.0005329249543137848,0.003064318560063839,0.750065267086029,-0.12605001032352448,2.4411935806274414,-2.1682450771331787,0,0,0,0,0,
71350,0.046630859375,-0.04052734375,0.99273681640625,-0.008926493115723133,-0.0005329249543137848,0.004130168352276087,0.7536391019821167,-0.12794023752212524,2.465803861618042,-2.1849522590637207,0,0,0,0,0,
71400,0.03790283203125,-0.03472900390625,0.99102783203125,-0.009326186962425709,-0.0009326186846010387,0.004396630916744471,0.7540906071662903,-0.12785013020038605,2.4381542205810547,-2.167039155960083,0,0,0,0,0,
71450,0.04302978515625,-0.0360107421875,0.991455078125,-0.007860643789172173,0.0010658499086275697,0.002931087277829647,0.7549499869346619,-0.1268809288740158,2.4426841735839844,-2.15815806388855,0,0,0,0,0,
71500,0.042724609375,-0.03814697265625,0.99310302734375,-0.009592649526894093,-0.003197549842298031,0.004796324763447046,0.7559128999710083,-0.1264047771692276,2.4445788860321045,-2.1621193885803223,0,0,0,0,0,
71550,0.037841796875,-0.0333251953125,0.9921875,-0.007860643789172173,-0.0009326186846010387,0.006395099684596062,0.7541641592979431,-0.12357893586158752,2.4184255599975586,-2.13814640045166,0,0,0,0,0,
71600,0.04315185546875,-0.0391845703125,0.990234375,-0.01012557465583086,0.0005329249543137848,0.0038637060206383467,0.7533376216888428,-0.1222914531826973,2.4258992671966553,-2.1507041454315186,0,0,0,0,0,
71650,0.0430908203125,-0.0350341796875,0.99017333984375,-0.009859112091362476,-0.003064318560063839,0.003197549842298031,0.753236711025238,-0.11987249553203583,2.432328701019287,-2.138101816177368,0,0,0,0,0,
71700,0.04071044921875,-0.03680419921875,0.99169921875,-0.008926493115723133,0.0005329249543137848,0.005196018610149622,0.7523139715194702,-0.11755058914422989,2.4240095615386963,-2.136653423309326,0,0,0,0,0,
71750,0.044921875,-0.03863525390625,0.99102783203125,-0.009059724397957325,-0.0001332312385784462,0.00506278732791543,0.7531765103340149,-0.11639654636383057,2.440939426422119,-2.146010160446167,0,0,0,0,0,
71800,0.03912353515625,-0.03582763671875,0.9921875,-0.0074609494768083096,-0.001998468767851591,0.0033307811245322227,0.752109169960022,-0.1145620197057724,2.4225032329559326,-2.1380512714385986,0,0,0,0,0,
71850,0.04046630859375,-0.04150390625,0.99090576171875,-0.008260336704552174,0.00039969373028725386,0.0035972436890006065,0.7502891421318054,-0.11549301445484161,2.4139091968536377,-2.163872003555298,0,0,0,0,0,
71900,0.04388427734375,-0.03448486328125,0.9925537109375,-0.009059724397957325,-0.0021316998172551394,0.0037304747384041548,0.7498137950897217,-0.11457005143165588,2.4255361557006836,-2.146263360977173,0,0,0,0,0,
71950,0.038330078125,-0.0367431640625,0.993896484375,-0.007860643789172173,-0.00039969373028725386,0.002931087277829647,0.7471970915794373,-0.11343253403902054,2.403646945953369,-2.1431949138641357,0,0,0,0,0,
72000,0.04541015625,-0.03851318359375,0.99310302734375,-0.008393567986786366,0.0002664624771568924,0.004396630916744471,0.7469691634178162,-0.1131632998585701,2.4249179363250732,-2.150740146636963,0,0,0,0,0,
72050,0.04278564453125,-0.0361328125,0.9925537109375,-0.00866003055125475,-0.002797856228426099,0.0038637060206383467,0.7471817135810852,-0.11224263906478882,2.4290947914123535,-2.1439566612243652,0,0,0,0,0,
72100,0.04034423828125,-0.03900146484375,0.9920654296875,-0.0075941807590425014,0.0009326186846010387,0.0033307811245322227,0.7463517785072327,-0.11246923357248306,2.4188826084136963,-2.154508590698242,0,0,0,0,0,
72150,0.04388427734375,-0.03729248046875,0.9898681640625,-0.0094594182446599,-0.0007993874605745077,0.003064318560063839,0.7467803359031677,-0.11268246918916702,2.430637836456299,-2.154601573944092,0,0,0,0,0,
72200,0.0413818359375,-0.0360107421875,0.99151611328125,-0.008526799269020557,-0.0010658499086275697,0.004929556045681238,0.7467431426048279,-0.11211062967777252,2.4264087677001953,-2.1469640731811523,0,0,0,0,0,
72250,0.03997802734375,-0.03985595703125,0.99102783203125,-0.009859112091362476,0.0002664624771568924,0.0037304747384041548,0.745528519153595,-0.1131366565823555,2.4145965576171875,-2.1623709201812744,0,0,0,0,0,
72300,0.042236328125,-0.0355224609375,0.989990234375,-0.009592649526894093,0.0,0.0034640124067664146,0.7447027564048767,-0.11296941339969635,2.417271137237549,-2.1514642238616943,0,0,0,0,0,
72400,0.04278564453125,-0.038818359375,0.99395751953125,-0.010392037220299244,-0.00039969373028725386,0.004263399634510279,0.7427220344543457,-0.11619994044303894,2.4167168140411377,-2.173203229904175,0,0,0,0,0,
72450,0.03900146484375,-0.03460693359375,0.993408203125,-0.008926493115723133,-0.0002664624771568924,0.0045298621989786625,0.7404218912124634,-0.11610275506973267,2.3997204303741455,-2.1552281379699707,0,0,0,0,0,
72500,0.042236328125,-0.03759765625,0.990234375,-0.0074609494768083096,-0.0009326186846010387,0.003996937535703182,0.7387598156929016,-0.11618686467409134,2.4038009643554688,-2.1569437980651855,0,0,0,0,0,
72550,0.04296875,-0.0379638671875,0.98956298828125,-0.01079173106700182,-0.0014655436389148235,0.003064318560063839,0.7380693554878235,-0.11664202809333801,2.411855459213257,-2.160738468170166,0,0,0,0,0,
72600,0.043701171875,-0.03460693359375,0.99237060546875,-0.008260336704552174,-0.0013323124730959535,0.0034640124067664146,0.7385299801826477,-0.11539669334888458,2.422675609588623,-2.144188642501831,0,0,0,0,0,
72650,0.039306640625,-0.03948974609375,0.9931640625,-0.0075941807590425014,-0.0005329249543137848,0.0035972436890006065,0.7373621463775635,-0.11558764427900314,2.4068520069122314,-2.15730619430542,0,0,0,0,0,
72700,0.04254150390625,-0.03564453125,0.993408203125,-0.009059724397957325,0.0006661562365479767,0.0033307811245322227,0.7367487549781799,-0.11471575498580933,2.4112284183502197,-2.1468687057495117,0,0,0,0,0,
72750,0.04364013671875,-0.0360107421875,0.9910888671875,-0.0075941807590425014,-0.0010658499086275697,0.0038637060206383467,0.7372794151306152,-0.11325184255838394,2.422055959701538,-2.1400766372680664,0,0,0,0,0,
72800,0.03924560546875,-0.03887939453125,0.992431640625,-0.009592649526894093,-0.0007993874605745077,0.0045298621989786625,0.7361642718315125,-0.11295120418071747,2.406128168106079,-2.150245428085327,0,0,0,0,0,
72850,0.04345703125,-0.0340576171875,0.991455078125,-0.008526799269020557,0.0010658499086275697,0.001998468767851591,0.7361817955970764,-0.11083433777093887,2.41633939743042,-2.1317825317382812,0,0,0,0,0,
72900,0.04071044921875,-0.03717041015625,0.991455078125,-0.007860643789172173,-0.0017320062033832073,0.0034640124067664146,0.735531210899353,-0.10906378924846649,2.4096755981445312,-2.1331288814544678,0,0,0,0,0,
72950,0.042236328125,-0.0374755859375,0.99462890625,-0.01012557465583086,0.0001332312385784462,0.001998468767851591,0.7351478934288025,-0.10769786685705185,2.41169810295105,-2.135404586791992,0,0,0,0,0,
73000,0.04248046875,-0.036376953125,0.99090576171875,-0.00866003055125475,-0.0014655436389148235,0.0022649310994893312,0.7352167963981628,-0.10611992329359055,2.415837287902832,-2.131918430328369,0,0,0,0,0,
73050,0.0401611328125,-0.03900146484375,0.99163818359375,-0.009192955680191517,-0.002797856228426099,0.002664624946191907,0.7342950105667114,-0.10588476061820984,2.405998706817627,-2.143768310546875,0,0,0,0,0,
73100,0.03900146484375,-0.03857421875,0.991455078125,-0.009992343373596668,0.00039969373028725386,0.002398162381723523,0.7319164276123047,-0.10649851709604263,2.3905091285705566,-2.152022361755371,0,0,0,0,0,
73150,0.0440673828125,-0.03875732421875,0.99200439453125,-0.008926493115723133,-0.0015987749211490154,0.003996937535703182,0.7312871217727661,-0.10788282006978989,2.405623197555542,-2.160341501235962,0,0,0,0,0,
73200,0.03753662109375,-0.04010009765625,0.99151611328125,-0.00866003055125475,0.0,0.0037304747384041548,0.72832852602005,-0.11066782474517822,2.3817012310028076,-2.1757328510284424,0,0,0,0,0,
73250,0.04339599609375,-0.0369873046875,0.99359130859375,-0.0094594182446599,-0.0015987749211490154,0.003996937535703182,0.7268418669700623,-0.11271503567695618,2.3934621810913086,-2.17113995552063,0,0,0,0,0,
73300,0.04266357421875,-0.037353515625,0.99298095703125,-0.00866003055125475,-0.0013323124730959535,0.002531393663957715,0.7261545062065125,-0.11436925083398819,2.3999688625335693,-2.169257164001465,0,0,0,0,0,
73350,0.04327392578125,-0.03631591796875,0.9920654296875,-0.009725880809128284,0.00039969373028725386,0.004796324763447046,0.7264961004257202,-0.11511017382144928,2.4095704555511475,-2.161778450012207,0,0,0,0,0,
73400,0.04168701171875,-0.03936767578125,0.990234375,-0.009725880809128284,0.0001332312385784462,0.003064318560063839,0.7267951369285583,-0.11690372228622437,2.4094862937927246,-2.1730456352233887,0,0,0,0,0,
73450,0.04083251953125,-0.03643798828125,0.991943359375,-0.008526799269020557,-0.0006661562365479767,0.003996937535703182,0.726525604724884,-0.11780725419521332,2.404099941253662,-2.1659390926361084,0,0,0,0,0,
73500,0.040771484375,-0.0384521484375,0.9906005859375,-0.008793261833488941,0.0005329249543137848,0.0015987749211490154,0.7257936000823975,-0.11917097121477127,2.3992059230804443,-2.1714444160461426,0,0,0,0,0,
73550,0.04443359375,-0.03607177734375,0.9921875,-0.007194487378001213,-0.0015987749211490154,0.003064318560063839,0.726768434047699,-0.11948393285274506,2.415541887283325,-2.1623005867004395,0,0,0,0,0,
73650,0.04168701171875,-0.0362548828125,0.99200439453125,-0.00866003055125475,-0.0002664624771568924,0.0038637060206383467,0.727527379989624,-0.11887899041175842,2.410460948944092,-2.153045654296875,0,0,0,0,0,
73700,0.04144287109375,-0.03790283203125,0.9918212890625,-0.007727412041276693,-0.00039969373028725386,0.005462481174618006,0.7276256084442139,-0.1186312809586525,2.4085097312927246,-2.1564018726348877,0,0,0,0,0,
73750,0.039794921875,-0.03765869140625,0.99395751953125,-0.008526799269020557,0.0002664624771568924,0.002931087277829647,0.7265375256538391,-0.11852488666772842,2.3967444896698,-2.157567262649536,0,0,0,0,0,
73800,0.0450439453125,-0.0379638671875,0.99041748046875,-0.008260336704552174,-0.0005329249543137848,0.005329249892383814,0.7276090383529663,-0.11878187209367752,2.417252779006958,-2.1610946655273438,0,0,0,0,0,
73850,0.04229736328125,-0.0377197265625,0.99041748046875,-0.008260336704552174,-0.0021316998172551394,0.003996937535703182,0.7288370132446289,-0.11919251084327698,2.419889211654663,-2.162888288497925,0,0,0,0,0,
73900,0.042724609375,-0.037353515625,0.98992919921875,-0.007993875071406364,0.0,0.004263399634510279,0.7304380536079407,-0.11952265352010727,2.4248478412628174,-2.162493944168091,0,0,0,0,0,
73950,0.042724609375,-0.035888671875,0.99237060546875,-0.008526799269020557,-0.0010658499086275697,0.004130168352276087,0.7322671413421631,-0.1188867837190628,2.4287290573120117,-2.1531639099121094,0,0,0,0,0,
74000,0.0416259765625,-0.03887939453125,0.9920654296875,-0.007727412041276693,-0.001998468767851591,0.0018652373692020774,0.7336340546607971,-0.11920646578073502,2.425936698913574,-2.162083625793457,0,0,0,0,0,
74050,0.04302978515625,-0.0401611328125,0.99249267578125,-0.009859112091362476,-0.0007993874605745077,0.004796324763447046,0.7354103922843933,-0.12102500349283218,2.4313976764678955,-2.177391767501831,0,0,0,0,0,
74100,0.041259765625,-0.03631591796875,0.99322509765625,-0.0075941807590425014,-0.0021316998172551394,0.0035972436890006065,0.7364663481712341,-0.12180878967046738,2.4259698390960693,-2.168862819671631,0,0,0,0,0,
74150,0.03997802734375,-0.03875732421875,0.9915771484375,-0.009192955680191517,-0.0001332312385784462,0.004130168352276087,0.7362275719642639,-0.1231907531619072,2.414078950881958,-2.175628423690796,0,0,0,0,0,
74200,0.0406494140625,-0.03662109375,0.99224853515625,-0.010392037220299244,-0.0009326186846010387,0.003996937535703182,0.7353150248527527,-0.12379705905914307,2.407102108001709,-2.1692538261413574,0,0,0,0,0,
74250,0.04022216796875,-0.03680419921875,0.99139404296875,-0.009992343373596668,-0.0006661562365479767,0.002531393663957715,0.733640193939209,-0.12389353662729263,2.398566484451294,-2.164761781692505,0,0,0,0,0,
74300,0.04150390625,-0.0382080078125,0.99285888671875,-0.008793261833488941,-0.0010658499086275697,0.0045298621989786625,0.7320665121078491,-0.12435203790664673,2.3979032039642334,-2.168478488922119,0,0,0,0,0,
74350,0.04254150390625,-0.0380859375,0.990966796875,-0.009192955680191517,0.0002664624771568924,0.0035972436890006065,0.7312341332435608,-0.12506917119026184,2.403742790222168,-2.171523332595825,0,0,0,0,0,
74400,0.0457763671875,-0.03900146484375,0.991943359375,-0.007993875071406364,-0.0009326186846010387,0.00506278732791543,0.7328500747680664,-0.12649193406105042,2.427393913269043,-2.1792967319488525,0,0,0,0,0,
74450,0.04254150390625,-0.03857421875,0.99041748046875,-0.010258805938065052,-0.0007993874605745077,0.0034640124067664146,0.7346067428588867,-0.12826229631900787,2.4304168224334717,-2.1841955184936523,0,0,0,0,0,
74500,0.043701171875,-0.03607177734375,0.99102783203125,-0.009326186962425709,-0.0013323124730959535,0.004396630916744471,0.7371155619621277,-0.12883959710597992,2.439695119857788,-2.1740353107452393,0,0,0,0,0,
74550,0.0382080078125,-0.03839111328125,0.98974609375,-0.008260336704552174,0.0,0.004263399634510279,0.7370716333389282,-0.12981487810611725,2.4166762828826904,-2.1785924434661865,0,0,0,0,0,
74600,0.0426025390625,-0.0379638671875,0.989990234375,-0.007993875071406364,0.0,0.003197549842298031,0.7374877333641052,-0.13084708154201508,2.4212327003479004,-2.1801369190216064,0,0,0,0,0,
74650,0.04107666015625,-0.03924560546875,0.99072265625,-0.008793261833488941,-0.002398162381723523,0.004396630916744471,0.7373735904693604,-0.13263960182666779,2.4163460731506348,-2.188772201538086,0,0,0,0,0,
74700,0.0391845703125,-0.03594970703125,0.99114990234375,-0.008793261833488941,-0.0005329249543137848,0.0037304747384041548,0.7357327342033386,-0.1331217885017395,2.4009652137756348,-2.1774613857269287,0,0,0,0,0,
74750,0.042236328125,-0.0382080078125,0.99212646484375,-0.009192955680191517,0.00039969373028725386,0.004396630916744471,0.7346055507659912,-0.13381579518318176,2.404460906982422,-2.1800618171691895,0,0,0,0,0,
74800,0.0408935546875,-0.037353515625,0.99212646484375,-0.008127106353640556,-0.0010658499086275697,0.0022649310994893312,0.7331323623657227,-0.13418301939964294,2.399873733520508,-2.177488088607788,0,0,0,0,0,
74900,0.0423583984375,-0.0374755859375,0.991455078125,-0.009192955680191517,0.0013323124730959535,0.004130168352276087,0.73016357421875,-0.1351669877767563,2.3998641967773438,-2.1785285472869873,0,0,0,0,0,
74950,0.04058837890625,-0.0384521484375,0.99102783203125,-0.008260336704552174,-0.0011990811908617616,0.003996937535703182,0.7285704612731934,-0.13591887056827545,2.3942322731018066,-2.1826858520507812,0,0,0,0,0,
75000,0.04254150390625,-0.036376953125,0.9920654296875,-0.009725880809128284,-0.0018652373692020774,0.0034640124067664146,0.7277325987815857,-0.13574865460395813,2.4001920223236084,-2.1742167472839355,0,0,0,0,0,
75050,0.0421142578125,-0.038818359375,0.99176025390625,-0.007993875071406364,-0.002398162381723523,0.003064318560063839,0.72727370262146,-0.13624802231788635,2.403143882751465,-2.1807422637939453,0,0,0,0,0,
75100,0.04058837890625,-0.03619384765625,0.991455078125,-0.00866003055125475,-0.0010658499086275697,0.004396630916744471,0.7262565493583679,-0.13577963411808014,2.3971023559570312,-2.1715641021728516,0,0,0,0,0,
75150,0.04150390625,-0.0369873046875,0.99169921875,-0.008393567986786366,0.00039969373028725386,0.003064318560063839,0.7253184914588928,-0.1349833607673645,2.396876335144043,-2.1678168773651123,0,0,0,0,0,
75200,0.041748046875,-0.0384521484375,0.99334716796875,-0.008393567986786366,-0.002531393663957715,0.003996937535703182,0.7245535254478455,-0.13473773002624512,2.3976690769195557,-2.1725270748138428,0,0,0,0,0,
75250,0.03936767578125,-0.0391845703125,0.9923095703125,-0.00866003055125475,-0.0018652373692020774,0.0022649310994893312,0.7225890159606934,-0.13538751006126404,2.3849081993103027,-2.1812355518341064,0,0,0,0,0,
75300,0.0404052734375,-0.03765869140625,0.9881591796875,-0.00866003055125475,-0.00039969373028725386,0.004396630916744471,0.7203712463378906,-0.13596664369106293,2.380411386489868,-2.1811788082122803,0,0,0,0,0,
75350,0.040771484375,-0.03643798828125,0.990966796875,-0.008926493115723133,-0.0017320062033832073,0.0033307811245322227,0.7181153297424316,-0.13571688532829285,2.377812623977661,-2.173469066619873,0,0,0,0,0,
75400,0.0396728515625,-0.037109375,0.9927978515625,-0.0094594182446599,-0.0007993874605745077,0.003996937535703182,0.7151734232902527,-0.13514631986618042,2.368696451187134,-2.170011281967163,0,0,0,0,0,
75450,0.04315185546875,-0.03607177734375,0.99041748046875,-0.008393567986786366,-0.002797856228426099,0.0045298621989786625,0.713768720626831,-0.13377214968204498,2.3811264038085938,-2.161404609680176,0,0,0,0,0,
75500,0.04248046875,-0.03564453125,0.9915771484375,-0.01079173106700182,-0.002398162381723523,0.003197549842298031,0.7132088541984558,-0.13148978352546692,2.388170003890991,-2.1509485244750977,0,0,0,0,0,
75550,0.0423583984375,-0.03631591796875,0.99041748046875,-0.008793261833488941,-0.0013323124730959535,0.0035972436890006065,0.7132958173751831,-0.12890687584877014,2.394078493118286,-2.145660638809204,0,0,0,0,0,
75600,0.04443359375,-0.03729248046875,0.992431640625,-0.006794793531298637,-0.0017320062033832073,0.002931087277829647,0.7150527238845825,-0.12662409245967865,2.410865068435669,-2.1460790634155273,0,0,0,0,0,
75650,0.03729248046875,-0.0390625,0.9930419921875,-0.008926493115723133,-0.00039969373028725386,0.002797856228426099,0.7140117287635803,-0.1256209760904312,2.384643316268921,-2.156592845916748,0,0,0,0,0,
75700,0.0386962890625,-0.03936767578125,0.9910888671875,-0.009725880809128284,0.0015987749211490154,0.0035972436890006065,0.7115709185600281,-0.12588132917881012,2.3696038722991943,-2.168224573135376,0,0,0,0,0,
75750,0.0435791015625,-0.037109375,0.9937744140625,-0.008526799269020557,-0.0002664624771568924,0.005196018610149622,0.7107729911804199,-0.12579765915870667,2.383591890335083,-2.1650445461273193,0,0,0,0,0,
75800,0.03765869140625,-0.03863525390625,0.99346923828125,-0.008127106353640556,-0.0005329249543137848,0.0035972436890006065,0.7079077959060669,-0.12632761895656586,2.3621206283569336,-2.1710972785949707,0,0,0,0,0,
75850,0.0411376953125,-0.034912109375,0.989990234375,-0.009592649526894093,0.0002664624771568924,0.0035972436890006065,0.7054877281188965,-0.1252761036157608,2.3637068271636963,-2.1558125019073486,0,0,0,0,0,
75900,0.04052734375,-0.03802490234375,0.9896240234375,-0.009059724397957325,-0.00039969373028725386,0.0034640124067664146,0.7031065225601196,-0.12475667893886566,2.361675500869751,-2.1600818634033203,0,0,0,0,0,
75950,0.04205322265625,-0.0384521484375,0.99212646484375,-0.009059724397957325,0.002664624946191907,0.0038637060206383467,0.7016003131866455,-0.12486402690410614,2.36804461479187,-2.165830135345459,0,0,0,0,0,
76000,0.045166015625,-0.0361328125,0.98956298828125,-0.009059724397957325,-0.0015987749211490154,0.002797856228426099,0.7026758193969727,-0.12419374287128448,2.39235520362854,-2.158161163330078,0,0,0,0,0,
76050,0.04071044921875,-0.037353515625,0.99285888671875,-0.01012557465583086,-0.0002664624771568924,0.004396630916744471,0.7031829357147217,-0.12353650480508804,2.3877475261688232,-2.157621383666992,0,0,0,0,0,
76150,0.0416259765625,-0.03857421875,0.99127197265625,-0.007860643789172173,-0.002531393663957715,0.0035972436890006065,0.7046834230422974,-0.12151344120502472,2.391664505004883,-2.156569242477417,0,0,0,0,0,
76200,0.0384521484375,-0.03790283203125,0.99261474609375,-0.007860643789172173,-0.0006661562365479767,0.004130168352276087,0.7036315202713013,-0.12130500376224518,2.374164342880249,-2.1594290733337402,0,0,0,0,0,
76250,0.04241943359375,-0.03759765625,0.99053955078125,-0.009592649526894093,0.0,0.0034640124067664146,0.7034465074539185,-0.1212402880191803,2.3817813396453857,-2.1606578826904297,0,0,0,0,0,
76300,0.04351806640625,-0.0372314453125,0.99237060546875,-0.008393567986786366,-0.002531393663957715,0.002931087277829647,0.7045551538467407,-0.12104073911905289,2.394533395767212,-2.1592447757720947,0,0,0,0,0,
76350,0.04351806640625,-0.03729248046875,0.99444580078125,-0.009192955680191517,0.0,0.0022649310994893312,0.7066501975059509,-0.1207241490483284,2.405505657196045,-2.157874822616577,0,0,0,0,0,
76400,0.0447998046875,-0.03826904296875,0.99212646484375,-0.008926493115723133,-0.0005329249543137848,0.0038637060206383467,0.7103165984153748,-0.12092788517475128,2.4233148097991943,-2.1627614498138428,0,0,0,0,0,
76450,0.04217529296875,-0.03790283203125,0.9920654296875,-0.009059724397957325,-0.002664624946191907,0.0038637060206383467,0.7137088179588318,-0.12134372442960739,2.424238920211792,-2.165086269378662,0,0,0,0,0,
76500,0.04107666015625,-0.037841796875,0.99188232421875,-0.00866003055125475,-0.0007993874605745077,0.004130168352276087,0.716216504573822,-0.12189703434705734,2.418785810470581,-2.166876792907715,0,0,0,0,0,
76550,0.04364013671875,-0.03643798828125,0.9915771484375,-0.008260336704552174,-0.0011990811908617616,0.002398162381723523,0.7194684147834778,-0.12175144255161285,2.4287357330322266,-2.1604411602020264,0,0,0,0,0,
76600,0.04290771484375,-0.039306640625,0.99285888671875,-0.008793261833488941,-0.0009326186846010387,0.002531393663957715,0.722834587097168,-0.12266706675291061,2.4331305027008057,-2.170907735824585,0,0,0,0,0,
76650,0.041015625,-0.0382080078125,0.988525390625,-0.008393567986786366,-0.0007993874605745077,0.0045298621989786625,0.7252764105796814,-0.12389644235372543,2.427252769470215,-2.1749608516693115,0,0,0,0,0,
76700,0.040771484375,-0.03662109375,0.990966796875,-0.00866003055125475,-0.0015987749211490154,0.003197549842298031,0.7267460227012634,-0.124399833381176,2.4199724197387695,-2.1689302921295166,0,0,0,0,0,
76750,0.04278564453125,-0.03594970703125,0.992431640625,-0.009992343373596668,-0.002398162381723523,0.002664624946191907,0.7285391688346863,-0.12388933449983597,2.424677610397339,-2.159294843673706,0,0,0,0,0,
76800,0.04132080078125,-0.0382080078125,0.99273681640625,-0.008127106353640556,-0.0005329249543137848,0.0038637060206383467,0.7297227382659912,-0.12385918200016022,2.420374870300293,-2.163587808609009,0,0,0,0,0,
76850,0.04302978515625,-0.0379638671875,0.99176025390625,-0.008393567986786366,-0.0005329249543137848,0.0017320062033832073,0.7314095497131348,-0.1240973100066185,2.426591157913208,-2.1662404537200928,0,0,0,0,0,
76900,0.0413818359375,-0.0377197265625,0.99261474609375,-0.009992343373596668,-0.0002664624771568924,0.003197549842298031,0.732516884803772,-0.124392569065094,2.422483205795288,-2.1670498847961426,0,0,0,0,0,
76950,0.041015625,-0.0380859375,0.99066162109375,-0.009192955680191517,-0.00039969373028725386,0.0037304747384041548,0.7329800128936768,-0.12498515099287033,2.4171485900878906,-2.170318365097046,0,0,0,0,0,
77000,0.0445556640625,-0.03778076171875,0.99029541015625,-0.008260336704552174,-0.0005329249543137848,0.0018652373692020774,0.7349660396575928,-0.12564146518707275,2.4328408241271973,-2.171548366546631,0,0,0,0,0,
77050,0.0396728515625,-0.03857421875,0.99127197265625,-0.009059724397957325,-0.002531393663957715,0.002931087277829647,0.7353270649909973,-0.12678347527980804,2.418576717376709,-2.1770615577697754,0,0,0,0,0,
77100,0.04132080078125,-0.0369873046875,0.99359130859375,-0.011058193631470203,-0.0014655436389148235,0.003064318560063839,0.7352631688117981,-0.12734046578407288,2.4146878719329834,-2.1723532676696777,0,0,0,0,0,
77150,0.04229736328125,-0.03741455078125,0.99212646484375,-0.009192955680191517,-0.0011990811908617616,0.0035972436890006065,0.7354536652565002,-0.12769542634487152,2.417168378829956,-2.1708900928497314,0,0,0,0,0,
77200,0.038818359375,-0.0374755859375,0.99261474609375,-0.008793261833488941,-0.0015987749211490154,0.002398162381723523,0.7338317036628723,-0.12791094183921814,2.3992342948913574,-2.1698505878448486,0,0,0,0,0,
77250,0.0423583984375,-0.0361328125,0.99261474609375,-0.01012557465583086,0.0,0.0021316998172551394,0.7327990531921387,-0.1272343248128891,2.403505802154541,-2.161144733428955,0,0,0,0,0,
77300,0.042724609375,-0.0361328125,0.9906005859375,-0.00866003055125475,-0.0011990811908617616,0.004929556045681238,0.7325139045715332,-0.1258852183818817,2.409947395324707,-2.153743267059326,0,0,0,0,0,
77400,0.04388427734375,-0.03826904296875,0.98956298828125,-0.008260336704552174,-0.0005329249543137848,0.005595712456852198,0.730093777179718,-0.12608125805854797,2.4066407680511475,-2.16919207572937,0,0,0,0,0,
77450,0.04132080078125,-0.03765869140625,0.99285888671875,-0.00866003055125475,-0.003064318560063839,0.002931087277829647,0.7294963002204895,-0.12640328705310822,2.4041190147399902,-2.1693015098571777,0,0,0,0,0,
77500,0.04058837890625,-0.03759765625,0.99163818359375,-0.009725880809128284,0.0,0.0015987749211490154,0.7283390760421753,-0.12669506669044495,2.3979244232177734,-2.169321060180664,0,0,0,0,0,
77550,0.04486083984375,-0.03594970703125,0.99224853515625,-0.007993875071406364,-0.0013323124730959535,0.004130168352276087,0.7291889786720276,-0.12599235773086548,2.4168381690979004,-2.15966796875,0,0,0,0,0,
77600,0.03997802734375,-0.03765869140625,0.991943359375,-0.008393567986786366,-0.0022649310994893312,0.0045298621989786625,0.7288481593132019,-0.1254873275756836,2.405780553817749,-2.1609420776367188,0,0,0,0,0,
77650,0.0408935546875,-0.03753662109375,0.99212646484375,-0.007727412041276693,0.00039969373028725386,0.003197549842298031,0.7280694246292114,-0.12507228553295135,2.4010612964630127,-2.161336898803711,0,0,0,0,0,
77700,0.0445556640625,-0.039306640625,0.99188232421875,-0.008127106353640556,-0.002531393663957715,0.004263399634510279,0.7290584444999695,-0.1257563680410385,2.417959451675415,-2.1719131469726562,0,0,0,0,0,
77750,0.03863525390625,-0.0390625,0.9925537109375,-0.010392037220299244,-0.0006661562365479767,0.004396630916744471,0.7280418276786804,-0.12717390060424805,2.3988921642303467,-2.179931640625,0,0,0,0,0,
77800,0.04571533203125,-0.0380859375,0.99017333984375,-0.0075941807590425014,0.0,0.0038637060206383467,0.7295491695404053,-0.12865418195724487,2.4231157302856445,-2.181976795196533,0,0,0,0,0,
77850,0.04095458984375,-0.03607177734375,0.99102783203125,-0.009326186962425709,-0.002531393663957715,0.005196018610149622,0.7303236722946167,-0.1289951652288437,2.417294502258301,-2.1720640659332275,0,0,0,0,0,
77900,0.03741455078125,-0.038330078125,0.99237060546875,-0.008260336704552174,-0.0002664624771568924,0.002664624946191907,0.7284219861030579,-0.12968547642230988,2.3913066387176514,-2.175898313522339,0,0,0,0,0,
77950,0.0430908203125,-0.03741455078125,0.9915771484375,-0.007860643789172173,-0.0007993874605745077,0.002931087277829647,0.7276629209518433,-0.13013625144958496,2.400831460952759,-2.1741931438446045,0,0,0,0,0,
78000,0.04449462890625,-0.03680419921875,0.9910888671875,-0.0075941807590425014,-0.0013323124730959535,0.0035972436890006065,0.7286584973335266,-0.1300460547208786,2.4176185131073,-2.169234275817871,0,0,0,0,0,
78050,0.04144287109375,-0.0389404296875,0.98980712890625,-0.009592649526894093,0.0009326186846010387,0.005196018610149622,0.7293357253074646,-0.13078081607818604,2.415430784225464,-2.177393674850464,0,0,0,0,0,
78100,0.04376220703125,-0.0361328125,0.99237060546875,-0.007727412041276693,0.0009326186846010387,0.002797856228426099,0.7310253977775574,-0.1304997205734253,2.4262330532073975,-2.1679699420928955,0,0,0,0,0,
78150,0.0452880859375,-0.037353515625,0.99053955078125,-0.008926493115723133,0.0001332312385784462,0.002931087277829647,0.7344415187835693,-0.13014085590839386,2.4451866149902344,-2.1669111251831055,0,0,0,0,0,
78200,0.04180908203125,-0.03814697265625,0.99102783203125,-0.008793261833488941,-0.0006661562365479767,0.002664624946191907,0.73720383644104,-0.13017266988754272,2.4420647621154785,-2.170459032058716,0,0,0,0,0,
78250,0.043212890625,-0.04046630859375,0.99365234375,-0.00866003055125475,-0.002931087277829647,0.0033307811245322227,0.7401514053344727,-0.1317988783121109,2.4466793537139893,-2.186434745788574,0,0,0,0,0,
78300,0.0390625,-0.0406494140625,0.9925537109375,-0.009992343373596668,-0.0015987749211490154,0.002531393663957715,0.7408545017242432,-0.13483338057994843,2.42718243598938,-2.202143907546997,0,0,0,0,0,
78350,0.0445556640625,-0.0379638671875,0.99029541015625,-0.008526799269020557,-0.0014655436389148235,0.003996937535703182,0.7429561018943787,-0.13747510313987732,2.441870927810669,-2.2012505531311035,0,0,0,0,0,
78400,0.04119873046875,-0.03851318359375,0.99200439453125,-0.010924962349236012,-0.0007993874605745077,0.004663093481212854,0.7441924810409546,-0.14005421102046967,2.4353201389312744,-2.203266143798828,0,0,0,0,0,
78450,0.04071044921875,-0.03643798828125,0.9927978515625,-0.009592649526894093,0.0018652373692020774,0.002797856228426099,0.7444168925285339,-0.1413436233997345,2.4264369010925293,-2.192948341369629,0,0,0,0,0,
78500,0.04266357421875,-0.0362548828125,0.98980712890625,-0.009326186962425709,-0.002664624946191907,0.004130168352276087,0.7450181841850281,-0.1415340155363083,2.4304299354553223,-2.1832475662231445,0,0,0,0,0,
78550,0.0400390625,-0.03826904296875,0.99273681640625,-0.009192955680191517,-0.0005329249543137848,0.004130168352276087,0.7443327307701111,-0.14193126559257507,2.418163299560547,-2.185506582260132,0,0,0,0,0,
78650,0.04156494140625,-0.03680419921875,0.99139404296875,-0.008127106353640556,-0.0015987749211490154,0.0037304747384041548,0.7434951663017273,-0.14081262052059174,2.41888427734375,-2.1734519004821777,0,0,0,0,0,
78700,0.03985595703125,-0.0361328125,0.9913330078125,-0.008127106353640556,-0.0007993874605745077,0.004130168352276087,0.7418535351753235,-0.13919995725154877,2.407078981399536,-2.1646859645843506,0,0,0,0,0,
78750,0.0413818359375,-0.03607177734375,0.99169921875,-0.009192955680191517,-0.0011990811908617616,0.0045298621989786625,0.7401841282844543,-0.13691499829292297,2.4051597118377686,-2.1563503742218018,0,0,0,0,0,
78800,0.04449462890625,-0.03973388671875,0.99151611328125,-0.007727412041276693,-0.0009326186846010387,0.004663093481212854,0.740304172039032,-0.13622049987316132,2.421384572982788,-2.1699700355529785,0,0,0,0,0,
78850,0.04107666015625,-0.03826904296875,0.9906005859375,-0.010258805938065052,-0.001998468767851591,0.0013323124730959535,0.7399260401725769,-0.13600002229213715,2.416522979736328,-2.174015760421753,0,0,0,0,0,
78900,0.04083251953125,-0.03985595703125,0.99188232421875,-0.009192955680191517,-0.0007993874605745077,0.0033307811245322227,0.7389748096466064,-0.1370527446269989,2.410413980484009,-2.1865272521972656,0,0,0,0,0,
78950,0.04022216796875,-0.03759765625,0.99114990234375,-0.009192955680191517,-0.0002664624771568924,0.0022649310994893312,0.7372369170188904,-0.13784098625183105,2.4015958309173584,-2.1849350929260254,0,0,0,0,0,
79000,0.041259765625,-0.037841796875,0.9918212890625,-0.009725880809128284,0.0011990811908617616,0.0033307811245322227,0.7354607582092285,-0.1385321021080017,2.3994758129119873,-2.1847522258758545,0,0,0,0,0,
79050,0.0423583984375,-0.036865234375,0.99072265625,-0.0094594182446599,0.0006661562365479767,0.002664624946191907,0.7343321442604065,-0.1385977864265442,2.404175043106079,-2.1791889667510986,0,0,0,0,0,
79100,0.0421142578125,-0.03497314453125,0.993408203125,-0.009992343373596668,-0.002398162381723523,0.004663093481212854,0.7335354089736938,-0.1370069533586502,2.406364917755127,-2.162689447402954,0,0,0,0,0,
79150,0.0399169921875,-0.03643798828125,0.99066162109375,-0.007993875071406364,0.0001332312385784462,0.004663093481212854,0.7318140864372253,-0.13499660789966583,2.3963217735290527,-2.1569035053253174,0,0,0,0,0,
79200,0.04339599609375,-0.0400390625,0.991455078125,-0.008393567986786366,-0.0017320062033832073,0.002797856228426099,0.731343686580658,-0.13472217321395874,2.4071106910705566,-2.1722521781921387,0,0,0,0,0,
79250,0.03955078125,-0.03729248046875,0.9925537109375,-0.008127106353640556,-0.0014655436389148235,0.004263399634510279,0.7296510338783264,-0.1342526376247406,2.3944172859191895,-2.1700267791748047,0,0,0,0,0,
79300,0.04443359375,-0.036865234375,0.99102783203125,-0.009192955680191517,-0.0002664624771568924,0.003064318560063839,0.7298368215560913,-0.13341234624385834,2.4115090370178223,-2.1658496856689453,0,0,0,0,0,
79350,0.0439453125,-0.0364990234375,0.9923095703125,-0.009725880809128284,-0.002797856228426099,0.0034640124067664146,0.7312300801277161,-0.13204152882099152,2.423769474029541,-2.1597042083740234,0,0,0,0,0,
79400,0.04119873046875,-0.039306640625,0.99200439453125,-0.009326186962425709,-0.0011990811908617616,0.003996937535703182,0.7320092916488647,-0.13188235461711884,2.41902232170105,-2.170449733734131,0,0,0,0,0,
79450,0.04180908203125,-0.03790283203125,0.99285888671875,-0.0094594182446599,-0.0011990811908617616,0.005329249892383814,0.7326156497001648,-0.13187773525714874,2.4180727005004883,-2.1718361377716064,0,0,0,0,0,
79500,0.03997802734375,-0.03717041015625,0.99346923828125,-0.008393567986786366,-0.0009326186846010387,0.003197549842298031,0.7320067882537842,-0.13156458735466003,2.406526803970337,-2.16874623298645,0,0,0,0,0,
79550,0.039794921875,-0.0357666015625,0.991455078125,-0.011191424913704395,0.0,0.0033307811245322227,0.7303642630577087,-0.13023974001407623,2.3955817222595215,-2.158316135406494,0,0,0,0,0,
79600,0.04254150390625,-0.0379638671875,0.9913330078125,-0.00866003055125475,-0.0002664624771568924,0.004263399634510279,0.7294844388961792,-0.12937505543231964,2.40156626701355,-2.161592960357666,0,0,0,0,0,
79650,0.03973388671875,-0.03759765625,0.99224853515625,-0.009192955680191517,-0.00039969373028725386,0.0037304747384041548,0.7275916337966919,-0.12866336107254028,2.3905563354492188,-2.1622581481933594,0,0,0,0,0,
79700,0.04376220703125,-0.0360107421875,0.98956298828125,-0.008260336704552174,0.0,0.0045298621989786625,0.727284848690033,-0.1272227019071579,2.4045236110687256,-2.154256820678711,0,0,0,0,0,
79750,0.0406494140625,-0.0379638671875,0.99267578125,-0.01012557465583086,-0.0010658499086275697,0.005196018610149622,0.7263948917388916,-0.12626704573631287,2.398385763168335,-2.1576662063598633,0,0,0,0,0,
79800,0.04327392578125,-0.0364990234375,0.9920654296875,-0.008926493115723133,0.0001332312385784462,0.002664624946191907,0.7265701293945312,-0.1248803436756134,2.4081475734710693,-2.152400016784668,0,0,0,0,0,
79900,0.04071044921875,-0.03619384765625,0.99066162109375,-0.009192955680191517,-0.0013323124730959535,0.003197549842298031,0.7272533774375916,-0.12287846952676773,2.407243490219116,-2.1511614322662354,0,0,0,0,0,
79950,0.0413818359375,-0.03662109375,0.99066162109375,-0.008526799269020557,0.0002664624771568924,0.004263399634510279,0.7270834445953369,-0.12134754657745361,2.4055542945861816,-2.147569179534912,0,0,0,0,0,
80000,0.0426025390625,-0.0379638671875,0.99127197265625,-0.009059724397957325,-0.0022649310994893312,0.004263399634510279,0.7274661064147949,-0.12040625512599945,2.410910129547119,-2.1519346237182617,0,0,0,0,0,
80050,0.03973388671875,-0.0377197265625,0.9910888671875,-0.009592649526894093,-0.0005329249543137848,0.002531393663957715,0.7266435623168945,-0.11981777846813202,2.3992409706115723,-2.1545214653015137,0,0,0,0,0,
80100,0.04119873046875,-0.03900146484375,0.992431640625,-0.008127106353640556,-0.0011990811908617616,0.002797856228426099,0.7256639003753662,-0.12022947520017624,2.3968472480773926,-2.1639347076416016,0,0,0,0,0,
80150,0.0426025390625,-0.0380859375,0.99224853515625,-0.009192955680191517,-0.002797856228426099,0.0033307811245322227,0.7253811359405518,-0.12092196196317673,2.4028360843658447,-2.167154312133789,0,0,0,0,0,
80200,0.04254150390625,-0.03680419921875,0.99261474609375,-0.008793261833488941,0.0,0.0035972436890006065,0.7256227135658264,-0.12108825147151947,2.40779709815979,-2.1625847816467285,0,0,0,0,0,
80250,0.043701171875,-0.0374755859375,0.99200439453125,-0.008793261833488941,-0.0018652373692020774,0.0018652373692020774,0.7269689440727234,-0.12122587114572525,2.4190852642059326,-2.1624643802642822,0,0,0,0,0,
80300,0.04345703125,-0.03668212890625,0.9915771484375,-0.008926493115723133,-0.0002664624771568924,0.004929556045681238,0.7290669083595276,-0.1208910346031189,2.4279489517211914,-2.1578774452209473,0,0,0,0,0,
80350,0.04058837890625,-0.03875732421875,0.99267578125,-0.009592649526894093,0.0013323124730959535,0.003996937535703182,0.7300710678100586,-0.1213517114520073,2.4191088676452637,-2.1654977798461914,0,0,0,0,0,
80400,0.0443115234375,-0.03765869140625,0.9915771484375,-0.009326186962425709,-0.0007993874605745077,0.004796324763447046,0.7323524355888367,-0.12183939665555954,2.432884454727173,-2.1662285327911377,0,0,0,0,0,
80450,0.041748046875,-0.03778076171875,0.9925537109375,-0.009326186962425709,0.0005329249543137848,0.0014655436389148235,0.7341443300247192,-0.12239554524421692,2.430271625518799,-2.16740083694458,0,0,0,0,0,
80500,0.04339599609375,-0.03759765625,0.99212646484375,-0.009725880809128284,-0.0002664624771568924,0.004396630916744471,0.7364819645881653,-0.12290379405021667,2.437520742416382,-2.167478084564209,0,0,0,0,0,
80550,0.04083251953125,-0.037353515625,0.99102783203125,-0.009059724397957325,-0.0010658499086275697,0.004396630916744471,0.7377883791923523,-0.12325381487607956,2.429546356201172,-2.1664040088653564,0,0,0,0,0,
80600,0.04180908203125,-0.03753662109375,0.991455078125,-0.008260336704552174,-0.0010658499086275697,0.0045298621989786625,0.7387984991073608,-0.12356745451688766,2.427889585494995,-2.1663901805877686,0,0,0,0,0,
80650,0.0428466796875,-0.03704833984375,0.99334716796875,-0.00866003055125475,0.0001332312385784462,0.0034640124067664146,0.7401106357574463,-0.12352494895458221,2.431919813156128,-2.163142442703247,0,0,0,0,0,
80700,0.04119873046875,-0.03564453125,0.99053955078125,-0.009059724397957325,-0.0017320062033832073,0.005462481174618006,0.7407745718955994,-0.1224479079246521,2.4267499446868896,-2.152754545211792,0,0,0,0,0,
80750,0.04150390625,-0.0360107421875,0.9910888671875,-0.009326186962425709,-0.0021316998172551394,0.004130168352276087,0.7410688400268555,-0.12074236571788788,2.4237172603607178,-2.145392417907715,0,0,0,0,0,
80800,0.0419921875,-0.03668212890625,0.9903564453125,-0.008127106353640556,-0.0009326186846010387,0.0035972436890006065,0.7413593530654907,-0.11894702166318893,2.42397403717041,-2.142788887023926,0,0,0,0,0,
80850,0.04278564453125,-0.0369873046875,0.99029541015625,-0.008393567986786366,-0.0011990811908617616,0.0037304747384041548,0.7421024441719055,-0.11727336794137955,2.42879056930542,-2.1422104835510254,0,0,0,0,0,
80900,0.040283203125,-0.0369873046875,0.9920654296875,-0.009592649526894093,-0.0013323124730959535,0.004130168352276087,0.741719126701355,-0.11567915230989456,2.4182698726654053,-2.141331195831299,0,0,0,0,0,
80950,0.0404052734375,-0.03729248046875,0.991455078125,-0.01012557465583086,0.00039969373028725386,0.0035972436890006065,0.7405122518539429,-0.1143541932106018,2.4096500873565674,-2.1424295902252197,0,0,0,0,0,
81000,0.04425048828125,-0.0372314453125,0.99005126953125,-0.009326186962425709,-0.0001332312385784462,0.004396630916744471,0.7409010529518127,-0.11325221508741379,2.4244003295898438,-2.14333438873291,0,0,0,0,0,
81050,0.04327392578125,-0.03729248046875,0.991455078125,-0.008260336704552174,-0.0017320062033832073,0.005196018610149622,0.7419814467430115,-0.11234764754772186,2.4317049980163574,-2.1442065238952637,0,0,0,0,0,
81150,0.0416259765625,-0.03839111328125,0.992431640625,-0.008793261833488941,-0.0014655436389148235,0.004796324763447046,0.7433621883392334,-0.1130935326218605,2.427783966064453,-2.1591315269470215,0,0,0,0,0,
81200,0.04339599609375,-0.0355224609375,0.98883056640625,-0.008260336704552174,-0.0014655436389148235,0.003996937535703182,0.744637131690979,-0.11266271770000458,2.4361119270324707,-2.148785352706909,0,0,0,0,0,
81250,0.0408935546875,-0.0396728515625,0.9931640625,-0.009592649526894093,-0.0011990811908617616,0.0033307811245322227,0.744981586933136,-0.11364543437957764,2.428081750869751,-2.162489891052246,0,0,0,0,0,
81300,0.04229736328125,-0.03662109375,0.990478515625,-0.00866003055125475,-0.0002664624771568924,0.0035972436890006065,0.7454466819763184,-0.11406050622463226,2.4296329021453857,-2.1577961444854736,0,0,0,0,0,
81350,0.042724609375,-0.03765869140625,0.990234375,-0.009059724397957325,-0.0001332312385784462,0.002664624946191907,0.7462562918663025,-0.11461485922336578,2.433542490005493,-2.159604072570801,0,0,0,0,0,
81400,0.04052734375,-0.03924560546875,0.99285888671875,-0.01012557465583086,-0.0002664624771568924,0.0033307811245322227,0.7460042834281921,-0.11613649874925613,2.423736810684204,-2.1698312759399414,0,0,0,0,0,
81450,0.04248046875,-0.03778076171875,0.99261474609375,-0.00866003055125475,-0.0006661562365479767,0.0038637060206383467,0.7460283637046814,-0.1175851821899414,2.4262454509735107,-2.170623302459717,0,0,0,0,0,
81500,0.040283203125,-0.038330078125,0.99237060546875,-0.007727412041276693,-0.001998468767851591,0.004396630916744471,0.7450147867202759,-0.1192842423915863,2.4158926010131836,-2.1745758056640625,0,0,0,0,0,
81550,0.04193115234375,-0.03704833984375,0.9910888671875,-0.009326186962425709,-0.0014655436389148235,0.004396630916744471,0.7441530823707581,-0.1204567551612854,2.416398048400879,-2.1710093021392822,0,0,0,0,0,
81600,0.04034423828125,-0.03753662109375,0.992431640625,-0.009059724397957325,-0.0013323124730959535,0.002398162381723523,0.7424752712249756,-0.12144460529088974,2.4073753356933594,-2.170335292816162,0,0,0,0,0,
81650,0.041015625,-0.03887939453125,0.9920654296875,-0.008926493115723133,0.0009326186846010387,0.002797856228426099,0.7405479550361633,-0.12305441498756409,2.4032020568847656,-2.1775426864624023,0,0,0,0,0,
81700,0.04351806640625,-0.03778076171875,0.9896240234375,-0.009192955680191517,-0.0014655436389148235,0.003996937535703182,0.7399401664733887,-0.12456978112459183,2.4144704341888428,-2.178208112716675,0,0,0,0,0,
81750,0.04449462890625,-0.0394287109375,0.99102783203125,-0.008926493115723133,-0.0014655436389148235,0.003197549842298031,0.7409349083900452,-0.1269119679927826,2.4298880100250244,-2.1879916191101074,0,0,0,0,0,
81800,0.042236328125,-0.0357666015625,0.9888916015625,-0.010392037220299244,-0.0007993874605745077,0.0035972436890006065,0.7419716715812683,-0.1278378814458847,2.431302785873413,-2.176171064376831,0,0,0,0,0,
81850,0.043212890625,-0.0399169921875,0.9932861328125,-0.007327718660235405,-0.002931087277829647,0.0038637060206383467,0.7434837222099304,-0.12990322709083557,2.4370923042297363,-2.1884913444519043,0,0,0,0,0,
81900,0.04168701171875,-0.03839111328125,0.991455078125,-0.009326186962425709,0.0,0.005728943273425102,0.7445321679115295,-0.132032573223114,2.4339683055877686,-2.1911966800689697,0,0,0,0,0,
81950,0.04278564453125,-0.0362548828125,0.99420166015625,-0.00866003055125475,-0.0018652373692020774,0.0034640124067664146,0.7457625865936279,-0.13289953768253326,2.4368367195129395,-2.1807022094726562,0,0,0,0,0,
82000,0.0418701171875,-0.0374755859375,0.99212646484375,-0.008260336704552174,-0.0015987749211490154,0.003996937535703182,0.746650218963623,-0.13348554074764252,2.434638738632202,-2.1787595748901367,0,0,0,0,0,
82050,0.041015625,-0.037353515625,0.9923095703125,-0.010258805938065052,0.0018652373692020774,0.003064318560063839,0.74675452709198,-0.13376456499099731,2.4276931285858154,-2.1762757301330566,0,0,0,0,0,
82100,0.04248046875,-0.038330078125,0.99188232421875,-0.007860643789172173,-0.0015987749211490154,0.0035972436890006065,0.7470769882202148,-0.13436296582221985,2.429978847503662,-2.17974853515625,0,0,0,0,0,
82150,0.04083251953125,-0.0384521484375,0.99224853515625,-0.008260336704552174,-0.0015987749211490154,0.0034640124067664146,0.7466142177581787,-0.1352779120206833,2.4224493503570557,-2.1835124492645264,0,0,0,0,0,
82200,0.041259765625,-0.03753662109375,0.99267578125,-0.008526799269020557,-0.00039969373028725386,0.002797856228426099,0.7457567453384399,-0.13590271770954132,2.418039321899414,-2.181525945663452,0,0,0,0,0,
82250,0.042236328125,-0.03662109375,0.99078369140625,-0.009326186962425709,-0.0002664624771568924,0.003197549842298031,0.7451977729797363,-0.13579915463924408,2.4201669692993164,-2.1748671531677246,0,0,0,0,0,
82300,0.04168701171875,-0.039306640625,0.99224853515625,-0.009992343373596668,-0.0009326186846010387,0.002931087277829647,0.7445314526557922,-0.1366228461265564,2.418534755706787,-2.1840360164642334,0,0,0,0,0,
82400,0.041015625,-0.03765869140625,0.991943359375,-0.008926493115723133,0.00039969373028725386,0.005196018610149622,0.7443311810493469,-0.13820286095142365,2.4206058979034424,-2.184307098388672,0,0,0,0,0,
82450,0.04217529296875,-0.039306640625,0.99053955078125,-0.008793261833488941,0.0011990811908617616,0.004663093481212854,0.7441140413284302,-0.13967303931713104,2.4221599102020264,-2.1929047107696533,0,0,0,0,0,
82500,0.041748046875,-0.03582763671875,0.9908447265625,-0.009059724397957325,-0.0007993874605745077,0.004396630916744471,0.7438080906867981,-0.1397581547498703,2.4210541248321533,-2.1805241107940674,0,0,0,0,0,
82550,0.043212890625,-0.03680419921875,0.99169921875,-0.009592649526894093,-0.0001332312385784462,0.005196018610149622,0.744255781173706,-0.1392633318901062,2.4282848834991455,-2.1748099327087402,0,0,0,0,0,
82600,0.04132080078125,-0.03680419921875,0.990966796875,-0.009326186962425709,-0.0002664624771568924,0.0035972436890006065,0.7442367672920227,-0.1383214145898819,2.424065351486206,-2.169844150543213,0,0,0,0,0,
82650,0.04107666015625,-0.03656005859375,0.990966796875,-0.009059724397957325,-0.00039969373028725386,0.0035972436890006065,0.743699312210083,-0.13688622415065765,2.4188621044158936,-2.1639695167541504,0,0,0,0,0,
82700,0.03997802734375,-0.0379638671875,0.99249267578125,-0.009992343373596668,0.0001332312385784462,0.005196018610149622,0.7420755624771118,-0.1358429342508316,2.4074623584747314,-2.1664533615112305,0,0,0,0,0,
82750,0.0440673828125,-0.0360107421875,0.992919921875,-0.009192955680191517,0.0001332312385784462,0.003197549842298031,0.7419368028640747,-0.13398857414722443,2.4206879138946533,-2.157299280166626,0,0,0,0,0,
82800,0.0421142578125,-0.03643798828125,0.99346923828125,-0.009192955680191517,-0.0007993874605745077,0.003197549842298031,0.7418625950813293,-0.13173215091228485,2.4211952686309814,-2.1514244079589844,0,0,0,0,0,
82850,0.04071044921875,-0.03961181640625,0.99383544921875,-0.0075941807590425014,-0.0007993874605745077,0.004796324763447046,0.741020917892456,-0.1309950202703476,2.4134457111358643,-2.164360761642456,0,0,0,0,0,
82900,0.0400390625,-0.03631591796875,0.99029541015625,-0.008526799269020557,0.0001332312385784462,0.002398162381723523,0.7392679452896118,-0.1296740174293518,2.403491497039795,-2.157784938812256,0,0,0,0,0,
82950,0.04132080078125,-0.03759765625,0.9915771484375,-0.008260336704552174,-0.0011990811908617616,0.005196018610149622,0.7375007271766663,-0.12860286235809326,2.4015958309173584,-2.1589624881744385,0,0,0,0,0,
83000,0.041748046875,-0.03802490234375,0.99041748046875,-0.009326186962425709,-0.0006661562365479767,0.0033307811245322227,0.7360134124755859,-0.12801587581634521,2.40262770652771,-2.1627330780029297,0,0,0,0,0,
83050,0.04327392578125,-0.0380859375,0.98974609375,-0.009059724397957325,-0.0009326186846010387,0.0037304747384041548,0.7356634736061096,-0.1278754621744156,2.4125142097473145,-2.166611671447754,0,0,0,0,0,
83100,0.04119873046875,-0.03851318359375,0.989501953125,-0.009192955680191517,-0.0011990811908617616,0.003996937535703182,0.7350477576255798,-0.12835188210010529,2.409506320953369,-2.1726396083831787,0,0,0,0,0,
83150,0.0430908203125,-0.03887939453125,0.9923095703125,-0.0075941807590425014,0.0002664624771568924,0.002797856228426099,0.7352451682090759,-0.1294713318347931,2.417022228240967,-2.179546356201172,0,0,0,0,0,
83200,0.0421142578125,-0.036376953125,0.98974609375,-0.008926493115723133,-0.0010658499086275697,0.0034640124067664146,0.7356009483337402,-0.12971444427967072,2.4188032150268555,-2.1719024181365967,0,0,0,0,0,
83250,0.04156494140625,-0.03802490234375,0.990234375,-0.008260336704552174,-0.00039969373028725386,0.0037304747384041548,0.7357512712478638,-0.13018536567687988,2.417104482650757,-2.1744236946105957,0,0,0,0,0,
83300,0.04144287109375,-0.0350341796875,0.99237060546875,-0.007727412041276693,-0.0001332312385784462,0.0045298621989786625,0.7356141209602356,-0.1290648877620697,2.4143800735473633,-2.15898060798645,0,0,0,0,0,
83350,0.0418701171875,-0.03692626953125,0.99127197265625,-0.009592649526894093,-0.001998468767851591,0.0035972436890006065,0.7355168461799622,-0.12778125703334808,2.4146413803100586,-2.156228542327881,0,0,0,0,0,
83400,0.04052734375,-0.037109375,0.99090576171875,-0.009059724397957325,-0.0010658499086275697,0.0037304747384041548,0.7346872687339783,-0.12649309635162354,2.4072213172912598,-2.1548995971679688,0,0,0,0,0,
83450,0.0419921875,-0.0362548828125,0.99371337890625,-0.0094594182446599,-0.0013323124730959535,0.005462481174618006,0.7340502142906189,-0.12465932965278625,2.4083168506622314,-2.148155450820923,0,0,0,0,0,
83500,0.04095458984375,-0.0374755859375,0.99102783203125,-0.009192955680191517,-0.0015987749211490154,0.0035972436890006065,0.7330412268638611,-0.12316486239433289,2.4039604663848877,-2.149714708328247,0,0,0,0,0,
83550,0.0416259765625,-0.0377197265625,0.99188232421875,-0.008526799269020557,-0.0010658499086275697,0.0037304747384041548,0.7321072816848755,-0.12208189815282822,2.4037015438079834,-2.1523351669311523,0,0,0,0,0,
83650,0.0423583984375,-0.0372314453125,0.99151611328125,-0.008393567986786366,-0.0014655436389148235,0.005862174555659294,0.7318115830421448,-0.11933980882167816,2.4122488498687744,-2.1476919651031494,0,0,0,0,0,
83700,0.04156494140625,-0.03717041015625,0.99102783203125,-0.0094594182446599,-0.0005329249543137848,0.0037304747384041548,0.7317325472831726,-0.11815910041332245,2.4110209941864014,-2.1475327014923096,0,0,0,0,0,
83750,0.04046630859375,-0.03692626953125,0.99334716796875,-0.009059724397957325,0.0001332312385784462,0.003197549842298031,0.7308617830276489,-0.11689230054616928,2.403024911880493,-2.145491123199463,0,0,0,0,0,
83800,0.0418701171875,-0.03564453125,0.99249267578125,-0.007860643789172173,-0.0010658499086275697,0.0037304747384041548,0.730189323425293,-0.11484693735837936,2.404137372970581,-2.1364386081695557,0,0,0,0,0,
83850,0.04351806640625,-0.03631591796875,0.99102783203125,-0.009859112091362476,-0.0002664624771568924,0.0037304747384041548,0.7306687235832214,-0.11260832846164703,2.4149835109710693,-2.132460832595825,0,0,0,0,0,
83900,0.0411376953125,-0.03900146484375,0.99163818359375,-0.007727412041276693,0.0,0.004263399634510279,0.7306873798370361,-0.1117725819349289,2.410855531692505,-2.1442508697509766,0,0,0,0,0,
83950,0.04339599609375,-0.03546142578125,0.99041748046875,-0.009059724397957325,0.0,0.003996937535703182,0.7316670417785645,-0.11006513983011246,2.4204840660095215,-2.1346981525421143,0,0,0,0,0,
84000,0.04241943359375,-0.0369873046875,0.9921875,-0.0066615622490644455,-0.0002664624771568924,0.004263399634510279,0.7328080534934998,-0.10851115733385086,2.4230775833129883,-2.1345252990722656,0,0,0,0,0,
84050,0.04095458984375,-0.036376953125,0.99212646484375,-0.008793261833488941,-0.0013323124730959535,0.003996937535703182,0.7332261800765991,-0.1067478209733963,2.41698956489563,-2.130877733230591,0,0,0,0,0,
84100,0.0408935546875,-0.03668212890625,0.9906005859375,-0.0075941807590425014,-0.0007993874605745077,0.005196018610149622,0.7330562472343445,-0.10504115372896194,2.411526918411255,-2.12968111038208,0,0,0,0,0,
84150,0.040283203125,-0.037841796875,0.99212646484375,-0.008926493115723133,0.0010658499086275697,0.005196018610149622,0.7320217490196228,-0.10403386503458023,2.4027113914489746,-2.1349682807922363,0,0,0,0,0,
84200,0.04376220703125,-0.03863525390625,0.99072265625,-0.007993875071406364,-0.00039969373028725386,0.0038637060206383467,0.7323358058929443,-0.10408759117126465,2.4151623249053955,-2.14457106590271,0,0,0,0,0,
84250,0.039794921875,-0.037353515625,0.98968505859375,-0.008393567986786366,0.0002664624771568924,0.0033307811245322227,0.7314785122871399,-0.10428736358880997,2.4037632942199707,-2.146085262298584,0,0,0,0,0,
84300,0.0423583984375,-0.03802490234375,0.9927978515625,-0.008260336704552174,0.0,0.004263399634510279,0.7310827970504761,-0.10492098331451416,2.4075214862823486,-2.1506235599517822,0,0,0,0,0,
84350,0.0389404296875,-0.03912353515625,0.99267578125,-0.009192955680191517,-0.0021316998172551394,0.00506278732791543,0.7290967106819153,-0.10653866082429886,2.3912224769592285,-2.161097764968872,0,0,0,0,0,
84400,0.03985595703125,-0.03680419921875,0.99432373046875,-0.007727412041276693,-0.0014655436389148235,0.005196018610149622,0.7263329029083252,-0.10756358504295349,2.3814592361450195,-2.156787872314453,0,0,0,0,0,
84450,0.0389404296875,-0.03759765625,0.99188232421875,-0.008260336704552174,-0.0013323124730959535,0.0037304747384041548,0.7224972248077393,-0.10860928148031235,2.367976427078247,-2.158020496368408,0,0,0,0,0,
84500,0.04248046875,-0.03704833984375,0.99169921875,-0.009059724397957325,-0.0006661562365479767,0.0038637060206383467,0.7198764681816101,-0.10934553295373917,2.3762893676757812,-2.1559717655181885,0,0,0,0,0,
84550,0.04400634765625,-0.037353515625,0.99102783203125,-0.008127106353640556,-0.0011990811908617616,0.0038637060206383467,0.7191610932350159,-0.11001282930374146,2.3927228450775146,-2.1560184955596924,0,0,0,0,0,
84600,0.04022216796875,-0.03558349609375,0.991943359375,-0.00866003055125475,-0.00039969373028725386,0.004796324763447046,0.717795193195343,-0.10958094894886017,2.3855020999908447,-2.1456940174102783,0,0,0,0,0,
84650,0.041015625,-0.0352783203125,0.9903564453125,-0.007993875071406364,-0.0002664624771568924,0.0035972436890006065,0.7164115905761719,-0.10812056809663773,2.3839595317840576,-2.134977102279663,0,0,0,0,0,
84700,0.0439453125,-0.038818359375,0.98968505859375,-0.009992343373596668,-0.0013323124730959535,0.0038637060206383467,0.7167293429374695,-0.10789424926042557,2.3995888233184814,-2.145857334136963,0,0,0,0,0,
84750,0.04180908203125,-0.03778076171875,0.98919677734375,-0.010658499784767628,-0.0002664624771568924,0.002931087277829647,0.7172034382820129,-0.10808423906564713,2.40147066116333,-2.149794101715088,0,0,0,0,0,
84800,0.04254150390625,-0.03753662109375,0.992919921875,-0.00866003055125475,-0.0007993874605745077,0.005595712456852198,0.7181320190429688,-0.10838762670755386,2.406489372253418,-2.151118040084839,0,0,0,0,0,
84900,0.04315185546875,-0.03814697265625,0.99163818359375,-0.010525268502533436,-0.0002664624771568924,0.003197549842298031,0.7182685136795044,-0.11177875846624374,2.403402328491211,-2.167970895767212,0,0,0,0,0,
84950,0.04229736328125,-0.03839111328125,0.9921875,-0.009725880809128284,-0.0001332312385784462,0.005995405837893486,0.7191405296325684,-0.11385715007781982,2.4069888591766357,-2.172562599182129,0,0,0,0,0,
85000,0.0435791015625,-0.03875732421875,0.991943359375,-0.0094594182446599,0.0007993874605745077,0.00506278732791543,0.7209925055503845,-0.11635614186525345,2.4176604747772217,-2.178847074508667,0,0,0,0,0,
85050,0.0423583984375,-0.03582763671875,0.991943359375,-0.008127106353640556,-0.0022649310994893312,0.005462481174618006,0.722918689250946,-0.11748307198286057,2.420254707336426,-2.1676254272460938,0,0,0,0,0,
85100,0.04241943359375,-0.03619384765625,0.9931640625,-0.009059724397957325,-0.0006661562365479767,0.003996937535703182,0.7248908281326294,-0.11767198145389557,2.422640562057495,-2.159372091293335,0,0,0,0,0,
85150,0.0416259765625,-0.0343017578125,0.99072265625,-0.007993875071406364,0.0,0.0038637060206383467,0.7264844179153442,-0.1160622239112854,2.4208266735076904,-2.1415743827819824,0,0,0,0,0,
85200,0.04510498046875,-0.03607177734375,0.99267578125,-0.0075941807590425014,-0.0015987749211490154,0.001998468767851591,0.72971111536026,-0.11398666352033615,2.438751459121704,-2.1353065967559814,0,0,0,0,0,
85250,0.04229736328125,-0.03717041015625,0.99176025390625,-0.007327718660235405,-0.0011990811908617616,0.0045298621989786625,0.7326316833496094,-0.11221009492874146,2.4389169216156006,-2.136220932006836,0,0,0,0,0,
85300,0.04010009765625,-0.03912353515625,0.99334716796875,-0.008526799269020557,-0.0005329249543137848,0.004130168352276087,0.7339683175086975,-0.11178696155548096,2.4259982109069824,-2.1479787826538086,0,0,0,0,0,
85350,0.043212890625,-0.03814697265625,0.9918212890625,-0.009592649526894093,-0.0010658499086275697,0.0038637060206383467,0.7358404397964478,-0.11193149536848068,2.432689666748047,-2.1532323360443115,0,0,0,0,0,
85400,0.038818359375,-0.03839111328125,0.9918212890625,-0.008793261833488941,-0.0010658499086275697,0.004396630916744471,0.7355952858924866,-0.11267916113138199,2.413389205932617,-2.1594080924987793,0,0,0,0,0,
85450,0.041748046875,-0.0379638671875,0.9906005859375,-0.007860643789172173,0.0005329249543137848,0.004396630916744471,0.7353556752204895,-0.11368551105260849,2.4131991863250732,-2.1627426147460938,0,0,0,0,0,
85500,0.03924560546875,-0.03753662109375,0.9915771484375,-0.009326186962425709,-0.00039969373028725386,0.0033307811245322227,0.7336574792861938,-0.11462615430355072,2.398373603820801,-2.1630918979644775,0,0,0,0,0,
85550,0.03985595703125,-0.0377197265625,0.99212646484375,-0.009192955680191517,0.00039969373028725386,0.004396630916744471,0.7311331033706665,-0.11559715867042542,2.388413667678833,-2.1643362045288086,0,0,0,0,0,
85600,0.0423583984375,-0.03753662109375,0.99273681640625,-0.008260336704552174,-0.0009326186846010387,0.002797856228426099,0.729392409324646,-0.11646200716495514,2.393726348876953,-2.16424560546875,0,0,0,0,0,
85650,0.03985595703125,-0.037109375,0.9918212890625,-0.008260336704552174,-0.0015987749211490154,0.004263399634510279,0.7268842458724976,-0.11700809746980667,2.3843109607696533,-2.1619229316711426,0,0,0,0,0,
85700,0.041748046875,-0.03704833984375,0.98956298828125,-0.009192955680191517,0.0,0.002531393663957715,0.7249240875244141,-0.11730276793241501,2.3872830867767334,-2.159954786300659,0,0,0,0,0,
85750,0.0416259765625,-0.0382080078125,0.9925537109375,-0.00866003055125475,-0.0007993874605745077,0.003197549842298031,0.7232843041419983,-0.11799438297748566,2.388526439666748,-2.1642189025878906,0,0,0,0,0,
85800,0.040283203125,-0.03680419921875,0.99005126953125,-0.010392037220299244,-0.0006661562365479767,0.004263399634510279,0.7212077975273132,-0.11824702471494675,2.382519245147705,-2.1605207920074463,0,0,0,0,0,
85850,0.0419921875,-0.03753662109375,0.99267578125,-0.009725880809128284,-0.0007993874605745077,0.004929556045681238,0.7197197079658508,-0.11850517988204956,2.386326789855957,-2.1608285903930664,0,0,0,0,0,
85900,0.04437255859375,-0.03656005859375,0.992919921875,-0.00866003055125475,-0.0002664624771568924,0.004130168352276087,0.7200897336006165,-0.11819487810134888,2.4034204483032227,-2.155402183532715,0,0,0,0,0,
85950,0.04022216796875,-0.03607177734375,0.9920654296875,-0.008260336704552174,0.0001332312385784462,0.0035972436890006065,0.719590425491333,-0.1171681210398674,2.3950963020324707,-2.1479272842407227,0,0,0,0,0,
86000,0.042236328125,-0.03778076171875,0.9910888671875,-0.008793261833488941,-0.0009326186846010387,0.002931087277829647,0.7195745706558228,-0.11657563596963882,2.3994319438934326,-2.151243209838867,0,0,0,0,0,
86050,0.04486083984375,-0.03704833984375,0.99139404296875,-0.0094594182446599,-0.0006661562365479767,0.0038637060206383467,0.7214563488960266,-0.11590971797704697,2.4183924198150635,-2.149916410446167,0,0,0,0,0,
86150,0.0401611328125,-0.0394287109375,0.99151611328125,-0.008926493115723133,-0.0017320062033832073,0.004263399634510279,0.722871720790863,-0.11543165892362595,2.404344081878662,-2.1594913005828857,0,0,0,0,0,
86200,0.0423583984375,-0.03704833984375,0.99072265625,-0.009859112091362476,-0.0017320062033832073,0.0037304747384041548,0.7234399914741516,-0.11563928425312042,2.408554792404175,-2.15750789642334,0,0,0,0,0,
86250,0.04351806640625,-0.037353515625,0.991943359375,-0.00866003055125475,-0.0006661562365479767,0.005329249892383814,0.7249689698219299,-0.11579598486423492,2.418729782104492,-2.1572062969207764,0,0,0,0,0,
86300,0.041748046875,-0.03759765625,0.990234375,-0.008127106353640556,-0.00039969373028725386,0.004929556045681238,0.7262819409370422,-0.1160893663764,2.4180986881256104,-2.1587297916412354,0,0,0,0,0,
86350,0.04107666015625,-0.03778076171875,0.99090576171875,-0.009859112091362476,-0.002398162381723523,0.003064318560063839,0.727003276348114,-0.11658215522766113,2.4134950637817383,-2.1610171794891357,0,0,0,0,0,
86400,0.04193115234375,-0.03802490234375,0.990478515625,-0.008926493115723133,-0.0001332312385784462,0.004130168352276087,0.7277408838272095,-0.11738085001707077,2.414379358291626,-2.164569139480591,0,0,0,0,0,
86450,0.0418701171875,-0.036376953125,0.99267578125,-0.0094594182446599,-0.0007993874605745077,0.0034640124067664146,0.7283972501754761,-0.11742140352725983,2.414304733276367,-2.1577863693237305,0,0,0,0,0,
86500,0.041015625,-0.03424072265625,0.99334716796875,-0.00626186840236187,-0.0017320062033832073,0.002797856228426099,0.7284744381904602,-0.11560235917568207,2.4091689586639404,-2.139230966567993,0,0,0,0,0,
86550,0.041748046875,-0.036865234375,0.9923095703125,-0.008260336704552174,-0.002664624946191907,0.003996937535703182,0.7285265922546387,-0.11383020132780075,2.40899658203125,-2.137880802154541,0,0,0,0,0,
86600,0.04302978515625,-0.03778076171875,0.9927978515625,-0.009592649526894093,-0.0006661562365479767,0.004796324763447046,0.7292840480804443,-0.11262977868318558,2.4161009788513184,-2.1418259143829346,0,0,0,0,0,
86650,0.041259765625,-0.037109375,0.9918212890625,-0.0066615622490644455,-0.002931087277829647,0.0034640124067664146,0.7296094298362732,-0.11154009401798248,2.4125378131866455,-2.141732931137085,0,0,0,0,0,
86700,0.04290771484375,-0.038818359375,0.9913330078125,-0.008393567986786366,-0.0006661562365479767,0.004929556045681238,0.730541467666626,-0.11154502630233765,2.4189302921295166,-2.1515893936157227,0,0,0,0,0,
86750,0.040283203125,-0.0362548828125,0.993408203125,-0.009326186962425709,-0.00039969373028725386,0.0034640124067664146,0.7303953170776367,-0.11091668158769608,2.4090797901153564,-2.145261526107788,0,0,0,0,0,
86800,0.04229736328125,-0.03924560546875,0.99188232421875,-0.008260336704552174,-0.0005329249543137848,0.0037304747384041548,0.7305720448493958,-0.11153634637594223,2.4121627807617188,-2.1571133136749268,0,0,0,0,0,
86850,0.04205322265625,-0.039794921875,0.9910888671875,-0.009326186962425709,-0.0011990811908617616,0.0038637060206383467,0.7308867573738098,-0.11349482089281082,2.4137191772460938,-2.171121120452881,0,0,0,0,0,
86900,0.042724609375,-0.03662109375,0.99163818359375,-0.00866003055125475,-0.0005329249543137848,0.0045298621989786625,0.7316864728927612,-0.11467642337083817,2.418884038925171,-2.165310859680176,0,0,0,0,0,
86950,0.0438232421875,-0.03717041015625,0.9906005859375,-0.009592649526894093,0.00039969373028725386,0.0038637060206383467,0.7335290312767029,-0.11555512249469757,2.430111885070801,-2.1634633541107178,0,0,0,0,0,
87000,0.04107666015625,-0.03778076171875,0.9925537109375,-0.00866003055125475,-0.0014655436389148235,0.003064318560063839,0.7345668077468872,-0.11649145185947418,2.4239070415496826,-2.1649184226989746,0,0,0,0,0,
87050,0.03875732421875,-0.03851318359375,0.99169921875,-0.009192955680191517,-0.00039969373028725386,0.004130168352276087,0.7336260080337524,-0.11790797859430313,2.4051592350006104,-2.170656681060791,0,0,0,0,0,
87100,0.03955078125,-0.0380859375,0.9925537109375,-0.008793261833488941,-0.0013323124730959535,0.0045298621989786625,0.7315290570259094,-0.11943361908197403,2.3926563262939453,-2.1731643676757812,0,0,0,0,0,
87150,0.04400634765625,-0.03729248046875,0.9908447265625,-0.008260336704552174,-0.0001332312385784462,0.002664624946191907,0.731126070022583,-0.1206083595752716,2.407498836517334,-2.1711809635162354,0,0,0,0,0,
87200,0.04010009765625,-0.0394287109375,0.99139404296875,-0.008393567986786366,-0.0007993874605745077,0.0035972436890006065,0.7298329472541809,-0.12271001935005188,2.3981947898864746,-2.1816248893737793,0,0,0,0,0,
87250,0.04315185546875,-0.03594970703125,0.9915771484375,-0.008393567986786366,-0.0006661562365479767,0.0037304747384041548,0.7295892238616943,-0.1235293447971344,2.407395839691162,-2.170903205871582,0,0,0,0,0,
87300,0.04388427734375,-0.0374755859375,0.99200439453125,-0.008393567986786366,-0.0014655436389148235,0.002664624946191907,0.7306082844734192,-0.12417136877775192,2.4197802543640137,-2.169949531555176,0,0,0,0,0,
87400,0.04205322265625,-0.03936767578125,0.99322509765625,-0.009326186962425709,-0.0014655436389148235,0.002531393663957715,0.733026385307312,-0.12638092041015625,2.4232969284057617,-2.180406093597412,0,0,0,0,0,
87450,0.04205322265625,-0.037353515625,0.99267578125,-0.009326186962425709,-0.0007993874605745077,0.0035972436890006065,0.7340613603591919,-0.12750959396362305,2.4233758449554443,-2.1776676177978516,0,0,0,0,0,
87500,0.042236328125,-0.03729248046875,0.99078369140625,-0.0094594182446599,-0.0014655436389148235,0.004263399634510279,0.7351515889167786,-0.12828505039215088,2.4249637126922607,-2.1752641201019287,0,0,0,0,0,
87550,0.041015625,-0.03668212890625,0.9923095703125,-0.008926493115723133,-0.0009326186846010387,0.004396630916744471,0.7355356812477112,-0.1283825933933258,2.418992757797241,-2.1692605018615723,0,0,0,0,0,
87600,0.04052734375,-0.03643798828125,0.9932861328125,-0.008526799269020557,-0.0006661562365479767,0.003197549842298031,0.735039234161377,-0.1277686208486557,2.410571336746216,-2.162242889404297,0,0,0,0,0,
87650,0.042724609375,-0.036865234375,0.99322509765625,-0.009059724397957325,-0.0011990811908617616,0.0037304747384041548,0.735101580619812,-0.12683014571666718,2.4156622886657715,-2.158383846282959,0,0,0,0,0,
87700,0.04052734375,-0.0372314453125,0.99127197265625,-0.008260336704552174,-0.0001332312385784462,0.004796324763447046,0.7343971133232117,-0.12589360773563385,2.4080567359924316,-2.1574647426605225,0,0,0,0,0,
87750,0.04180908203125,-0.03607177734375,0.9921875,-0.008393567986786366,-0.00039969373028725386,0.003996937535703182,0.7337958216667175,-0.124278724193573,2.408384084701538,-2.149744749069214,0,0,0,0,0,
87800,0.0413818359375,-0.0361328125,0.9918212890625,-0.008393567986786366,-0.0002664624771568924,0.002931087277829647,0.7330467700958252,-0.12217403948307037,2.4063050746917725,-2.1432318687438965,0,0,0,0,0,
87850,0.04095458984375,-0.03729248046875,0.9925537109375,-0.007194487378001213,-0.0005329249543137848,0.005196018610149622,0.731920599937439,-0.12034645676612854,2.401785135269165,-2.1438982486724854,0,0,0,0,0,
87900,0.0416259765625,-0.03729248046875,0.99322509765625,-0.00866003055125475,-0.0009326186846010387,0.004663093481212854,0.7308709025382996,-0.11874651163816452,2.401423454284668,-2.1443469524383545,0,0,0,0,0,
87950,0.0391845703125,-0.0391845703125,0.98858642578125,-0.009326186962425709,-0.0021316998172551394,0.0045298621989786625,0.7285969853401184,-0.1185397058725357,2.388131856918335,-2.1566784381866455,0,0,0,0,0,
88000,0.039794921875,-0.03741455078125,0.992919921875,-0.008793261833488941,-0.0006661562365479767,0.002664624946191907,0.7256031036376953,-0.11834914982318878,2.3786582946777344,-2.1566340923309326,0,0,0,0,0,
88050,0.04010009765625,-0.03668212890625,0.9913330078125,-0.010392037220299244,-0.0001332312385784462,0.0033307811245322227,0.7222705483436584,-0.11778566241264343,2.3722774982452393,-2.152714252471924,0,0,0,0,0,
88100,0.0419921875,-0.0372314453125,0.99273681640625,-0.009326186962425709,-0.0009326186846010387,0.003064318560063839,0.7197532057762146,-0.11721021682024002,2.3770971298217773,-2.152031183242798,0,0,0,0,0,
88150,0.0408935546875,-0.038330078125,0.9935302734375,-0.00866003055125475,-0.0017320062033832073,0.0034640124067664146,0.7172683477401733,-0.11724768579006195,2.3749048709869385,-2.1575849056243896,0,0,0,0,0,
88200,0.04296875,-0.03753662109375,0.99151611328125,-0.008926493115723133,-0.001998468767851591,0.004663093481212854,0.7160791158676147,-0.11736580729484558,2.385376453399658,-2.158428907394409,0,0,0,0,0,
88250,0.04376220703125,-0.0379638671875,0.992919921875,-0.008926493115723133,-0.0006661562365479767,0.002931087277829647,0.7163742184638977,-0.11776305735111237,2.3990304470062256,-2.1613383293151855,0,0,0,0,0,
88300,0.04180908203125,-0.03680419921875,0.990966796875,-0.008526799269020557,-0.0010658499086275697,0.005462481174618006,0.7167916297912598,-0.11775840818881989,2.4005484580993652,-2.1577165126800537,0,0,0,0,0,
88350,0.04150390625,-0.03497314453125,0.990966796875,-0.009326186962425709,-0.0006661562365479767,0.002531393663957715,0.7171297669410706,-0.11637324839830399,2.4001729488372803,-2.143906831741333,0,0,0,0,0,
88400,0.0389404296875,-0.03729248046875,0.99432373046875,-0.009992343373596668,0.0005329249543137848,0.003996937535703182,0.7158404588699341,-0.11515011638402939,2.3842365741729736,-2.144141912460327,0,0,0,0,0,
88450,0.0408935546875,-0.037841796875,0.990234375,-0.01012557465583086,-0.00039969373028725386,0.0045298621989786625,0.714468777179718,-0.11447344720363617,2.3821234703063965,-2.148383378982544,0,0,0,0,0,
88500,0.04241943359375,-0.03729248046875,0.9908447265625,-0.010525268502533436,-0.0013323124730959535,0.004663093481212854,0.7139091491699219,-0.11391513049602509,2.3888726234436035,-2.148890256881714,0,0,0,0,0,
88550,0.04205322265625,-0.03680419921875,0.99090576171875,-0.010525268502533436,-0.0009326186846010387,0.0035972436890006065,0.7138010263442993,-0.11317584663629532,2.3928279876708984,-2.146522283554077,0,0,0,0,0,
88650,0.042236328125,-0.037109375,0.99114990234375,-0.008926493115723133,-0.001998468767851591,0.004796324763447046,0.714169979095459,-0.11215817183256149,2.397873878479004,-2.1475415229797363,0,0,0,0,0,
88700,0.04339599609375,-0.0352783203125,0.99420166015625,-0.009059724397957325,-0.0022649310994893312,0.003197549842298031,0.7155413031578064,-0.11052162945270538,2.407883405685425,-2.1357927322387695,0,0,0,0,0,
88750,0.04095458984375,-0.038330078125,0.991455078125,-0.008260336704552174,-0.0009326186846010387,0.004929556045681238,0.7163333892822266,-0.10981129854917526,2.4034619331359863,-2.143418312072754,0,0,0,0,0,
88800,0.039306640625,-0.0384521484375,0.99395751953125,-0.009859112091362476,-0.0006661562365479767,0.0037304747384041548,0.7156384587287903,-0.10987614095211029,2.3893840312957764,-2.1504597663879395,0,0,0,0,0,
88850,0.0419921875,-0.0352783203125,0.99249267578125,-0.010525268502533436,0.0002664624771568924,0.002398162381723523,0.7153313159942627,-0.10876880586147308,2.3925671577453613,-2.1388027667999268,0,0,0,0,0,
88900,0.04144287109375,-0.03875732421875,0.990478515625,-0.0074609494768083096,-0.0013323124730959535,0.0021316998172551394,0.7150702476501465,-0.108771413564682,2.3927204608917236,-2.1487948894500732,0,0,0,0,0,
88950,0.03955078125,-0.037353515625,0.99041748046875,-0.00866003055125475,-0.0014655436389148235,0.003197549842298031,0.7137615084648132,-0.10886736214160919,2.3819828033447266,-2.149730920791626,0,0,0,0,0,
89000,0.04150390625,-0.03509521484375,0.99078369140625,-0.008793261833488941,-0.0014655436389148235,0.0037304747384041548,0.7127358317375183,-0.10772662609815598,2.383504867553711,-2.1374599933624268,0,0,0,0,0,
89050,0.04168701171875,-0.03582763671875,0.99285888671875,-0.007860643789172173,-0.002398162381723523,0.0037304747384041548,0.7120047807693481,-0.10597287863492966,2.3854258060455322,-2.1301891803741455,0,0,0,0,0,
89100,0.0413818359375,-0.0377197265625,0.99249267578125,-0.008127106353640556,-0.0005329249543137848,0.0034640124067664146,0.7113509774208069,-0.10483880341053009,2.3854668140411377,-2.134632110595703,0,0,0,0,0,
89150,0.0411376953125,-0.037353515625,0.99273681640625,-0.009192955680191517,-0.0022649310994893312,0.002398162381723523,0.710620105266571,-0.10400190949440002,2.384042263031006,-2.136469841003418,0,0,0,0,0,
89200,0.03973388671875,-0.03778076171875,0.9906005859375,-0.010392037220299244,-0.0018652373692020774,0.004796324763447046,0.709075927734375,-0.10370752215385437,2.375178337097168,-2.1410579681396484,0,0,0,0,0,
89250,0.038818359375,-0.03662109375,0.992431640625,-0.01012557465583086,-0.0009326186846010387,0.003197549842298031,0.7063181400299072,-0.10314854979515076,2.3614978790283203,-2.138117790222168,0,0,0,0,0,
89300,0.04595947265625,-0.03594970703125,0.99102783203125,-0.008926493115723133,-0.0005329249543137848,0.005196018610149622,0.7067539691925049,-0.10201771557331085,2.390676498413086,-2.131840229034424,0,0,0,0,0,
89350,0.04150390625,-0.037109375,0.99273681640625,-0.009725880809128284,-0.0011990811908617616,0.0035972436890006065,0.7071627974510193,-0.10107067972421646,2.3908424377441406,-2.132547378540039,0,0,0,0,0,
89400,0.04058837890625,-0.03668212890625,0.990966796875,-0.008793261833488941,-0.0017320062033832073,0.004929556045681238,0.7070609927177429,-0.10007449239492416,2.3861453533172607,-2.1311087608337402,0,0,0,0,0,
89450,0.04296875,-0.0379638671875,0.99114990234375,-0.008926493115723133,-0.0005329249543137848,0.0033307811245322227,0.7079128623008728,-0.09978117048740387,2.3955798149108887,-2.137141227722168,0,0,0,0,0,
89500,0.04217529296875,-0.03680419921875,0.99285888671875,-0.009992343373596668,-0.0005329249543137848,0.004130168352276087,0.7090312838554382,-0.09935566782951355,2.399097204208374,-2.135526180267334,0,0,0,0,0,
89550,0.041748046875,-0.0367431640625,0.99139404296875,-0.009192955680191517,-0.0015987749211490154,0.005329249892383814,0.7101436257362366,-0.09882408380508423,2.4001545906066895,-2.134039878845215,0,0,0,0,0,
89600,0.03924560546875,-0.0374755859375,0.992431640625,-0.008526799269020557,-0.0015987749211490154,0.004396630916744471,0.7097721099853516,-0.09861397743225098,2.3864290714263916,-2.136723041534424,0,0,0,0,0,
89650,0.0408935546875,-0.0369873046875,0.99139404296875,-0.009059724397957325,-0.0009326186846010387,0.004663093481212854,0.709177553653717,-0.09840571135282516,2.38382625579834,-2.136531352996826,0,0,0,0,0,
89700,0.0394287109375,-0.0380859375,0.9903564453125,-0.0075941807590425014,-0.0006661562365479767,0.0038637060206383467,0.707587718963623,-0.09885800629854202,2.373279571533203,-2.1429286003112793,0,0,0,0,0,
89750,0.038330078125,-0.03558349609375,0.99139404296875,-0.008926493115723133,-0.001998468767851591,0.0037304747384041548,0.7045516967773438,-0.09837688505649567,2.3572275638580322,-2.134046792984009,0,0,0,0,0,
89800,0.0416259765625,-0.037109375,0.99267578125,-0.008793261833488941,-0.0007993874605745077,0.0038637060206383467,0.7022424936294556,-0.09799370169639587,2.361459732055664,-2.134545087814331,0,0,0,0,0,
89900,0.04132080078125,-0.03955078125,0.99114990234375,-0.0094594182446599,-0.0005329249543137848,0.003197549842298031,0.7013272047042847,-0.1015186682343483,2.3778223991394043,-2.162872076034546,0,0,0,0,0,
89950,0.04010009765625,-0.0357666015625,0.99298095703125,-0.008793261833488941,-0.0005329249543137848,0.0037304747384041548,0.7003083825111389,-0.10263612866401672,2.37113881111145,-2.152693271636963,0,0,0,0,0,
90000,0.0411376953125,-0.0377197265625,0.98907470703125,-0.0094594182446599,-0.0018652373692020774,0.003197549842298031,0.699479341506958,-0.10393526405096054,2.3720180988311768,-2.155627489089966,0,0,0,0,0,
90050,0.041259765625,-0.03546142578125,0.99346923828125,-0.008793261833488941,-0.0015987749211490154,0.004263399634510279,0.6987798810005188,-0.10397157073020935,2.3724846839904785,-2.1442983150482178,0,0,0,0,0,
90100,0.03802490234375,-0.0374755859375,0.99261474609375,-0.009725880809128284,-0.0007993874605745077,0.0035972436890006065,0.6963467597961426,-0.10416706651449203,2.3544485569000244,-2.1459264755249023,0,0,0,0,0,
90150,0.0426025390625,-0.03546142578125,0.9910888671875,-0.0094594182446599,-0.0011990811908617616,0.0034640124067664146,0.695209801197052,-0.10335741192102432,2.3649773597717285,-2.136070489883423,0,0,0,0,0,
90200,0.040771484375,-0.0386962890625,0.989501953125,-0.00866003055125475,-0.0015987749211490154,0.0033307811245322227,0.6941137909889221,-0.10364214330911636,2.3642499446868896,-2.146204710006714,0,0,0,0,0,
90250,0.041748046875,-0.0389404296875,0.99346923828125,-0.008793261833488941,-0.0015987749211490154,0.0038637060206383467,0.6935302019119263,-0.10486475378274918,2.3682777881622314,-2.1558682918548584,0,0,0,0,0,
90300,0.03900146484375,-0.03515625,0.99346923828125,-0.008393567986786366,-0.0006661562365479767,0.002398162381723523,0.6917880177497864,-0.10465604811906815,2.3561086654663086,-2.142777681350708,0,0,0,0,0,
90350,0.04278564453125,-0.03741455078125,0.993408203125,-0.009059724397957325,-0.0007993874605745077,0.0033307811245322227,0.6913048624992371,-0.10458966344594955,2.3669564723968506,-2.1439921855926514,0,0,0,0,0,
90400,0.04296875,-0.0357666015625,0.99102783203125,-0.01012557465583086,0.0007993874605745077,0.002664624946191907,0.6920099854469299,-0.10374070703983307,2.3783557415008545,-2.1361000537872314,0,0,0,0,0,
90450,0.04351806640625,-0.03753662109375,0.992431640625,-0.009192955680191517,0.00039969373028725386,0.004130168352276087,0.6939518451690674,-0.10325563699007034,2.3914284706115723,-2.138890027999878,0,0,0,0,0,
90500,0.04229736328125,-0.03729248046875,0.99127197265625,-0.0094594182446599,-0.0001332312385784462,0.002931087277829647,0.6962008476257324,-0.10295554995536804,2.396441698074341,-2.1402547359466553,0,0,0,0,0,
90550,0.03936767578125,-0.0343017578125,0.99041748046875,-0.009725880809128284,0.0010658499086275697,0.0035972436890006065,0.6970111131668091,-0.1011054515838623,2.384303331375122,-2.1244544982910156,0,0,0,0,0,
90600,0.04132080078125,-0.0374755859375,0.9915771484375,-0.008526799269020557,-0.0002664624771568924,0.00626186840236187,0.6977427005767822,-0.09982103854417801,2.3843271732330322,-2.1282613277435303,0,0,0,0,0,
90650,0.04022216796875,-0.037109375,0.9921875,-0.009192955680191517,-0.0005329249543137848,0.003197549842298031,0.6977558135986328,-0.09878449141979218,2.3778738975524902,-2.12945556640625,0,0,0,0,0,
90700,0.039794921875,-0.0352783203125,0.990966796875,-0.008393567986786366,-0.0011990811908617616,0.003996937535703182,0.6969714164733887,-0.09693009406328201,2.3699116706848145,-2.1202404499053955,0,0,0,0,0,
90750,0.042236328125,-0.03790283203125,0.9918212890625,-0.008260336704552174,-0.0013323124730959535,0.0045298621989786625,0.6969331502914429,-0.09592422097921371,2.3765885829925537,-2.126871347427368,0,0,0,0,0,
90800,0.04168701171875,-0.03631591796875,0.9901123046875,-0.007860643789172173,-0.0002664624771568924,0.004396630916744471,0.6972253322601318,-0.09473791718482971,2.379854917526245,-2.124061107635498,0,0,0,0,0,
90850,0.0418701171875,-0.03607177734375,0.99072265625,-0.008526799269020557,-0.002398162381723523,0.0038637060206383467,0.6978735327720642,-0.09326328337192535,2.383707046508789,-2.1199915409088135,0,0,0,0,0,
90900,0.04315185546875,-0.0369873046875,0.99285888671875,-0.011191424913704395,-0.0001332312385784462,0.004396630916744471,0.6994903087615967,-0.09205097705125809,2.3940415382385254,-2.121140241622925,0,0,0,0,0,
90950,0.03802490234375,-0.03814697265625,0.99395751953125,-0.008926493115723133,0.0001332312385784462,0.006128637120127678,0.6988931894302368,-0.0917128250002861,2.3735191822052,-2.128669500350952,0,0,0,0,0,
91000,0.04254150390625,-0.03802490234375,0.9923095703125,-0.0075941807590425014,-0.0011990811908617616,0.00506278732791543,0.6991513967514038,-0.09204673767089844,2.3814752101898193,-2.135051965713501,0,0,0,0,0,
91050,0.039794921875,-0.03662109375,0.99151611328125,-0.007327718660235405,-0.0005329249543137848,0.001998468767851591,0.698537290096283,-0.09213211387395859,2.3730106353759766,-2.1329004764556885,0,0,0,0,0,
91150,0.04351806640625,-0.03704833984375,0.99224853515625,-0.009059724397957325,-0.0010658499086275697,0.0034640124067664146,0.6997461915016174,-0.09289109706878662,2.3911352157592773,-2.1361331939697266,0,0,0,0,0,
91200,0.03912353515625,-0.0379638671875,0.9903564453125,-0.009192955680191517,-0.0015987749211490154,0.002797856228426099,0.699581503868103,-0.09378894418478012,2.3780996799468994,-2.14186954498291,0,0,0,0,0,
91250,0.04150390625,-0.03814697265625,0.9923095703125,-0.008793261833488941,0.0001332312385784462,0.003996937535703182,0.6995850801467896,-0.0951746255159378,2.37961745262146,-2.1476457118988037,0,0,0,0,0,
91300,0.0404052734375,-0.03875732421875,0.99188232421875,-0.009326186962425709,0.0002664624771568924,0.003197549842298031,0.699101448059082,-0.09730362147092819,2.374748468399048,-2.1564645767211914,0,0,0,0,0,
91350,0.04071044921875,-0.036376953125,0.9921875,-0.0094594182446599,-0.0006661562365479767,0.004796324763447046,0.6983986496925354,-0.09863435477018356,2.3720736503601074,-2.15061092376709,0,0,0,0,0,
91400,0.042236328125,-0.038330078125,0.9913330078125,-0.0094594182446599,-0.0011990811908617616,0.003064318560063839,0.698423445224762,-0.10044818371534348,2.3786468505859375,-2.1567726135253906,0,0,0,0,0,
91450,0.0390625,-0.03680419921875,0.99127197265625,-0.009592649526894093,-0.0018652373692020774,0.0045298621989786625,0.6972110271453857,-0.10175979137420654,2.3662991523742676,-2.153564214706421,0,0,0,0,0,
91500,0.039794921875,-0.036865234375,0.99267578125,-0.007993875071406364,-0.00039969373028725386,0.004396630916744471,0.6953971982002258,-0.10265563428401947,2.35907244682312,-2.1507182121276855,0,0,0,0,0,
91550,0.04058837890625,-0.0380859375,0.9920654296875,-0.009059724397957325,-0.0013323124730959535,0.0033307811245322227,0.6935850977897644,-0.10392182320356369,2.35727596282959,-2.155317544937134,0,0,0,0,0,
91600,0.0413818359375,-0.03570556640625,0.9920654296875,-0.009192955680191517,-0.0002664624771568924,0.004796324763447046,0.6922519207000732,-0.10410269349813461,2.36025333404541,-2.145730495452881,0,0,0,0,0,
91650,0.043701171875,-0.03778076171875,0.99224853515625,-0.009192955680191517,-0.0015987749211490154,0.002931087277829647,0.692650318145752,-0.10459265857934952,2.3762359619140625,-2.1490023136138916,0,0,0,0,0,
91700,0.04180908203125,-0.03631591796875,0.99273681640625,-0.008393567986786366,-0.0007993874605745077,0.0034640124067664146,0.6933465003967285,-0.10447501391172409,2.379612684249878,-2.143416166305542,0,0,0,0,0,
91750,0.04132080078125,-0.03643798828125,0.99200439453125,-0.009059724397957325,-0.0010658499086275697,0.0021316998172551394,0.6940129995346069,-0.10395301878452301,2.380012035369873,-2.1392550468444824,0,0,0,0,0,
91800,0.043701171875,-0.03765869140625,0.99224853515625,-0.008393567986786366,0.0,0.0034640124067664146,0.6960133910179138,-0.10380478203296661,2.394017219543457,-2.142470598220825,0,0,0,0,0,
91850,0.04150390625,-0.03594970703125,0.9937744140625,-0.009592649526894093,-0.0006661562365479767,0.002664624946191907,0.6977729797363281,-0.10294516384601593,2.3936095237731934,-2.1352086067199707,0,0,0,0,0,
91900,0.04296875,-0.03753662109375,0.9923095703125,-0.008260336704552174,-0.0013323124730959535,0.003064318560063839,0.7001976370811462,-0.10246250033378601,2.402019500732422,-2.1381185054779053,0,0,0,0,0,
91950,0.043701171875,-0.037109375,0.99163818359375,-0.008260336704552174,-0.0005329249543137848,0.0037304747384041548,0.7035751938819885,-0.10205759108066559,2.413973569869995,-2.138413429260254,0,0,0,0,0,
92000,0.0435791015625,-0.0372314453125,0.9921875,-0.008526799269020557,-0.0002664624771568924,0.0034640124067664146,0.7076071500778198,-0.10177834331989288,2.4238953590393066,-2.1392650604248047,0,0,0,0,0,
92050,0.0439453125,-0.037109375,0.9931640625,-0.007860643789172173,-0.00039969373028725386,0.003197549842298031,0.7123160362243652,-0.10151199996471405,2.4346959590911865,-2.1391148567199707,0,0,0,0,0,
92100,0.0423583984375,-0.0369873046875,0.992919921875,-0.00866003055125475,-0.0005329249543137848,0.00506278732791543,0.7166180610656738,-0.10119513422250748,2.435336112976074,-2.138343334197998,0,0,0,0,0,
92150,0.04022216796875,-0.03839111328125,0.99041748046875,-0.0094594182446599,0.0002664624771568924,0.003064318560063839,0.719376802444458,-0.10170511156320572,2.424205780029297,-2.1462948322296143,0,0,0,0,0,
92200,0.0411376953125,-0.03668212890625,0.992431640625,-0.008793261833488941,-0.002531393663957715,0.00506278732791543,0.7213376760482788,-0.10185087472200394,2.418985605239868,-2.143162727355957,0,0,0,0,0,
92250,0.04302978515625,-0.0389404296875,0.99090576171875,-0.008793261833488941,-0.0018652373692020774,0.002931087277829647,0.7237577438354492,-0.10303262621164322,2.4255383014678955,-2.1536684036254883,0,0,0,0,0,
92300,0.03863525390625,-0.037353515625,0.9903564453125,-0.00866003055125475,0.0,0.0035972436890006065,0.724008321762085,-0.10414331406354904,2.4062633514404297,-2.154139518737793,0,0,0,0,0,
92400,0.04241943359375,-0.03753662109375,0.9903564453125,-0.009192955680191517,-0.0022649310994893312,0.002531393663957715,0.7253774404525757,-0.10475119203329086,2.413194179534912,-2.148404359817505,0,0,0,0,0,
92450,0.041259765625,-0.03729248046875,0.99066162109375,-0.007993875071406364,-0.00039969373028725386,0.004929556045681238,0.7258597016334534,-0.10517199337482452,2.410200357437134,-2.148959159851074,0,0,0,0,0,
92500,0.04180908203125,-0.03759765625,0.989013671875,-0.008926493115723133,-0.0018652373692020774,0.005329249892383814,0.7263806462287903,-0.10581178218126297,2.41106915473938,-2.1515698432922363,0,0,0,0,0,
92550,0.040283203125,-0.03729248046875,0.99224853515625,-0.008260336704552174,-0.0021316998172551394,0.003996937535703182,0.7259698510169983,-0.10637802630662918,2.4022727012634277,-2.1514742374420166,0,0,0,0,0,
92600,0.043701171875,-0.03704833984375,0.99200439453125,-0.008260336704552174,-0.00039969373028725386,0.0035972436890006065,0.7267849445343018,-0.10674042254686356,2.41412091255188,-2.1500020027160645,0,0,0,0,0,
92650,0.04132080078125,-0.03717041015625,0.9920654296875,-0.009059724397957325,-0.0006661562365479767,0.003064318560063839,0.7272111177444458,-0.10700533539056778,2.4110469818115234,-2.1493895053863525,0,0,0,0,0,
92700,0.04010009765625,-0.03802490234375,0.99224853515625,-0.008926493115723133,-0.0005329249543137848,0.0045298621989786625,0.7266092300415039,-0.10767841339111328,2.4011924266815186,-2.153736114501953,0,0,0,0,0,
92750,0.0411376953125,-0.0364990234375,0.9930419921875,-0.008260336704552174,-0.0009326186846010387,0.005862174555659294,0.7257609963417053,-0.10777758806943893,2.3981268405914307,-2.148670196533203,0,0,0,0,0,
92800,0.04193115234375,-0.03582763671875,0.99090576171875,-0.008926493115723133,-0.0010658499086275697,0.004796324763447046,0.7252312302589417,-0.10706941038370132,2.400463104248047,-2.140695810317993,0,0,0,0,0,
92850,0.0423583984375,-0.036376953125,0.993408203125,-0.009592649526894093,-0.001998468767851591,0.002931087277829647,0.725149929523468,-0.10597673803567886,2.4044179916381836,-2.1361427307128906,0,0,0,0,0,
92900,0.0401611328125,-0.0380859375,0.99298095703125,-0.008526799269020557,-0.0001332312385784462,0.004263399634510279,0.7241752743721008,-0.10557975620031357,2.3954036235809326,-2.1420068740844727,0,0,0,0,0,
92950,0.04132080078125,-0.0377197265625,0.9927978515625,-0.008793261833488941,-0.0006661562365479767,0.004929556045681238,0.7231598496437073,-0.10554197430610657,2.394021511077881,-2.1452019214630127,0,0,0,0,0,
93000,0.039794921875,-0.03741455078125,0.99298095703125,-0.009059724397957325,-0.0007993874605745077,0.0038637060206383467,0.7212384343147278,-0.10561704635620117,2.383945941925049,-2.1462926864624023,0,0,0,0,0,
93050,0.04437255859375,-0.03570556640625,0.9913330078125,-0.009859112091362476,-0.001998468767851591,0.0035972436890006065,0.7212806940078735,-0.10482945293188095,2.4016616344451904,-2.1377410888671875,0,0,0,0,0,
93100,0.04278564453125,-0.0386962890625,0.99127197265625,-0.008393567986786366,-0.0002664624771568924,0.0038637060206383467,0.7219979166984558,-0.10507708787918091,2.4084527492523193,-2.147305727005005,0,0,0,0,0,
93150,0.0426025390625,-0.03662109375,0.99346923828125,-0.008526799269020557,-0.001998468767851591,0.002664624946191907,0.7230976819992065,-0.10491771996021271,2.4129960536956787,-2.1434834003448486,0,0,0,0,0,
93200,0.04315185546875,-0.03558349609375,0.99176025390625,-0.008127106353640556,-0.0002664624771568924,0.004130168352276087,0.7248551845550537,-0.10386877506971359,2.42067289352417,-2.1344282627105713,0,0,0,0,0,
93250,0.04541015625,-0.038330078125,0.99212646484375,-0.008526799269020557,-0.0010658499086275697,0.0037304747384041548,0.7284175157546997,-0.10368242114782333,2.4404780864715576,-2.142005205154419,0,0,0,0,0,
93300,0.03924560546875,-0.0369873046875,0.99237060546875,-0.006928024813532829,-0.0013323124730959535,0.004663093481212854,0.7298499941825867,-0.10342326760292053,2.4227421283721924,-2.1410908699035645,0,0,0,0,0,
93350,0.03997802734375,-0.03900146484375,0.99139404296875,-0.008793261833488941,-0.0007993874605745077,0.004929556045681238,0.729986846446991,-0.1042887344956398,2.4112184047698975,-2.1520779132843018,0,0,0,0,0,
93400,0.0413818359375,-0.0384521484375,0.99237060546875,-0.011324656195938587,-0.0014655436389148235,0.004663093481212854,0.7298583388328552,-0.10571756213903427,2.4087018966674805,-2.1585769653320312,0,0,0,0,0,
93450,0.04052734375,-0.03570556640625,0.99102783203125,-0.008393567986786366,-0.0018652373692020774,0.0018652373692020774,0.7290589213371277,-0.10603561997413635,2.4018642902374268,-2.148898124694824,0,0,0,0,0,
93500,0.042236328125,-0.0369873046875,0.9901123046875,-0.00866003055125475,0.0007993874605745077,0.0035972436890006065,0.7287296056747437,-0.10620750486850739,2.405766010284424,-2.147754430770874,0,0,0,0,0,
93550,0.04302978515625,-0.0347900390625,0.9931640625,-0.007727412041276693,0.0,0.004130168352276087,0.7291697859764099,-0.10492634773254395,2.4131314754486084,-2.1333959102630615,0,0,0,0,0,
93650,0.04229736328125,-0.03680419921875,0.99102783203125,-0.01012557465583086,-0.0002664624771568924,0.0034640124067664146,0.7282835245132446,-0.10226951539516449,2.4063901901245117,-2.130641460418701,0,0,0,0,0,
93700,0.03936767578125,-0.0372314453125,0.990966796875,-0.008793261833488941,-0.0002664624771568924,0.0034640124067664146,0.7267651557922363,-0.10129961371421814,2.393099546432495,-2.132570505142212,0,0,0,0,0,
93750,0.0401611328125,-0.0384521484375,0.99066162109375,-0.009192955680191517,-0.00039969373028725386,0.004130168352276087,0.7246657013893127,-0.10130990296602249,2.385770797729492,-2.14140248298645,0,0,0,0,0,
93800,0.04412841796875,-0.03643798828125,0.9925537109375,-0.008260336704552174,-0.0013323124730959535,0.0015987749211490154,0.724359393119812,-0.10090872645378113,2.4016029834747314,-2.137298107147217,0,0,0,0,0,
93850,0.04168701171875,-0.0377197265625,0.99102783203125,-0.008526799269020557,-0.0006661562365479767,0.005196018610149622,0.7241371870040894,-0.10095211863517761,2.402137517929077,-2.1413426399230957,0,0,0,0,0,
93900,0.04296875,-0.03790283203125,0.99151611328125,-0.010658499784767628,-0.00039969373028725386,0.003996937535703182,0.7247121334075928,-0.10144910216331482,2.4098868370056152,-2.1459219455718994,0,0,0,0,0,
93950,0.0396728515625,-0.03717041015625,0.992431640625,-0.008926493115723133,-0.0011990811908617616,0.0033307811245322227,0.7240059971809387,-0.10186959058046341,2.397650718688965,-2.1456539630889893,0,0,0,0,0,
94000,0.0384521484375,-0.03839111328125,0.99139404296875,-0.008260336704552174,-0.0009326186846010387,0.0015987749211490154,0.7215895652770996,-0.1029510498046875,2.3798420429229736,-2.152684211730957,0,0,0,0,0,
94050,0.04132080078125,-0.03680419921875,0.9932861328125,-0.009592649526894093,-0.0005329249543137848,0.0033307811245322227,0.7194214463233948,-0.10359880328178406,2.379908561706543,-2.149428606033325,0,0,0,0,0,
94100,0.04058837890625,-0.0350341796875,0.9921875,-0.007061256095767021,-0.0011990811908617616,0.0021316998172551394,0.7170819640159607,-0.10289312899112701,2.3760263919830322,-2.1365420818328857,0,0,0,0,0,
94150,0.0408935546875,-0.0394287109375,0.99359130859375,-0.009859112091362476,-0.0005329249543137848,0.0034640124067664146,0.7147654294967651,-0.10360034555196762,2.3739168643951416,-2.149965286254883,0,0,0,0,0,
94200,0.04217529296875,-0.036376953125,0.99249267578125,-0.008793261833488941,-0.00039969373028725386,0.005196018610149622,0.7132580876350403,-0.10370876640081406,2.379692554473877,-2.1446845531463623,0,0,0,0,0,
94250,0.04095458984375,-0.03765869140625,0.99334716796875,-0.007727412041276693,0.0007993874605745077,0.005329249892383814,0.711696445941925,-0.1040523424744606,2.3776419162750244,-2.1471445560455322,0,0,0,0,0,
94300,0.042724609375,-0.03778076171875,0.9908447265625,-0.009859112091362476,-0.00039969373028725386,0.0033307811245322227,0.711185872554779,-0.10470569878816605,2.3865911960601807,-2.150585889816284,0,0,0,0,0,
94350,0.04229736328125,-0.0361328125,0.9915771484375,-0.007860643789172173,-0.0001332312385784462,0.003996937535703182,0.711269736289978,-0.10463844984769821,2.392024278640747,-2.144033193588257,0,0,0,0,0,
94400,0.0416259765625,-0.03704833984375,0.99066162109375,-0.0074609494768083096,-0.0001332312385784462,0.0033307811245322227,0.7114685773849487,-0.10453605651855469,2.3932583332061768,-2.1436145305633545,0,0,0,0,0,
94450,0.04290771484375,-0.03564453125,0.992431640625,-0.009725880809128284,0.0002664624771568924,0.004796324763447046,0.7124558687210083,-0.10355789214372635,2.401341438293457,-2.1347544193267822,0,0,0,0,0,
94500,0.03997802734375,-0.0382080078125,0.99163818359375,-0.00866003055125475,-0.00039969373028725386,0.003197549842298031,0.7124005556106567,-0.10337718576192856,2.3919029235839844,-2.1417508125305176,0,0,0,0,0,
94550,0.04132080078125,-0.0377197265625,0.99310302734375,-0.009192955680191517,-0.0011990811908617616,0.003197549842298031,0.7122402787208557,-0.10353004932403564,2.3907976150512695,-2.1449058055877686,0,0,0,0,0,
94600,0.039306640625,-0.0355224609375,0.99383544921875,-0.009326186962425709,-0.0005329249543137848,0.0033307811245322227,0.7108206748962402,-0.10267158597707748,2.378044366836548,-2.1349453926086426,0,0,0,0,0,
94650,0.04144287109375,-0.03887939453125,0.99261474609375,-0.008393567986786366,-0.0013323124730959535,0.005329249892383814,0.7096522450447083,-0.10296100378036499,2.379136085510254,-2.1455657482147217,0,0,0,0,0,
94700,0.03912353515625,-0.03790283203125,0.99090576171875,-0.0094594182446599,-0.0010658499086275697,0.005329249892383814,0.7074044346809387,-0.10365360975265503,2.367173910140991,-2.1498870849609375,0,0,0,0,0,
94750,0.0399169921875,-0.03662109375,0.99127197265625,-0.008526799269020557,-0.0015987749211490154,0.0045298621989786625,0.704754114151001,-0.10391877591609955,2.3609015941619873,-2.1463053226470947,0,0,0,0,0,
94800,0.04388427734375,-0.03570556640625,0.99237060546875,-0.0075941807590425014,-0.001998468767851591,0.003064318560063839,0.7040647864341736,-0.1032802164554596,2.3778607845306396,-2.137533187866211,0,0,0,0,0,
94900,0.0440673828125,-0.0362548828125,0.99102783203125,-0.008793261833488941,-0.0002664624771568924,0.004663093481212854,0.7051027417182922,-0.1018102839589119,2.397261381149292,-2.1334221363067627,0,0,0,0,0,
94950,0.04107666015625,-0.03631591796875,0.9931640625,-0.009592649526894093,-0.0009326186846010387,0.004396630916744471,0.7060136198997498,-0.10056036710739136,2.3942112922668457,-2.1293110847473145,0,0,0,0,0,
95000,0.0406494140625,-0.03717041015625,0.9915771484375,-0.009192955680191517,-0.0005329249543137848,0.0037304747384041548,0.7063501477241516,-0.09959214925765991,2.3893792629241943,-2.130878210067749,0,0,0,0,0,
95050,0.0440673828125,-0.0352783203125,0.99267578125,-0.009592649526894093,-0.0001332312385784462,0.004663093481212854,0.7081624269485474,-0.09774507582187653,2.404473066329956,-2.121121406555176,0,0,0,0,0,
95100,0.039306640625,-0.03765869140625,0.9937744140625,-0.0066615622490644455,-0.0014655436389148235,0.0035972436890006065,0.7083808779716492,-0.0965568944811821,2.3903472423553467,-2.1258633136749268,0,0,0,0,0,
95150,0.04107666015625,-0.035888671875,0.99176025390625,-0.00866003055125475,0.0,0.0038637060206383467,0.7083758115768433,-0.09493595361709595,2.3883304595947266,-2.120347499847412,0,0,0,0,0,
95200,0.04229736328125,-0.03643798828125,0.99078369140625,-0.008793261833488941,-0.0015987749211490154,0.0038637060206383467,0.7089158892631531,-0.09331682324409485,2.3937771320343018,-2.1187446117401123,0,0,0,0,0,
95250,0.04217529296875,-0.037109375,0.99273681640625,-0.0074609494768083096,-0.0018652373692020774,0.0022649310994893312,0.7097743153572083,-0.09206073731184006,2.397500514984131,-2.120755910873413,0,0,0,0,0,
95300,0.039794921875,-0.03741455078125,0.99249267578125,-0.009192955680191517,0.0,0.0038637060206383467,0.7095164060592651,-0.09129439294338226,2.387195348739624,-2.1243972778320312,0,0,0,0,0,
95350,0.0428466796875,-0.0372314453125,0.9908447265625,-0.009592649526894093,-0.0017320062033832073,0.002931087277829647,0.71015465259552,-0.09085936099290848,2.3958988189697266,-2.126944065093994,0,0,0,0,0,
95400,0.03955078125,-0.037353515625,0.992919921875,-0.009725880809128284,-0.0017320062033832073,0.002531393663957715,0.7095636129379272,-0.09072601795196533,2.384244203567505,-2.129525899887085,0,0,0,0,0,
95450,0.0408935546875,-0.037109375,0.9921875,-0.008127106353640556,-0.0006661562365479767,0.002664624946191907,0.708774209022522,-0.09071213006973267,2.381669282913208,-2.130587100982666,0,0,0,0,0,
95500,0.0411376953125,-0.03778076171875,0.99200439453125,-0.008127106353640556,-0.0011990811908617616,0.003064318560063839,0.7079764008522034,-0.09118574112653732,2.380796432495117,-2.1354482173919678,0,0,0,0,0,
95550,0.03887939453125,-0.0390625,0.99169921875,-0.009059724397957325,-0.0015987749211490154,0.004130168352276087,0.7058848738670349,-0.09279657155275345,2.3670613765716553,-2.147294044494629,0,0,0,0,0,
95600,0.04180908203125,-0.03631591796875,0.99078369140625,-0.008793261833488941,0.0006661562365479767,0.0045298621989786625,0.7044784426689148,-0.09374699741601944,2.3718209266662598,-2.142300844192505,0,0,0,0,0,
95650,0.04156494140625,-0.03741455078125,0.98974609375,-0.008526799269020557,-0.0018652373692020774,0.004663093481212854,0.7035242915153503,-0.0948086678981781,2.374937057495117,-2.1443636417388916,0,0,0,0,0,
95700,0.04034423828125,-0.03643798828125,0.9910888671875,-0.007727412041276693,-0.0005329249543137848,0.0035972436890006065,0.702211320400238,-0.09535906463861465,2.370394468307495,-2.140312671661377,0,0,0,0,0,
95750,0.0428466796875,-0.03759765625,0.989990234375,-0.008393567986786366,-0.0009326186846010387,0.002398162381723523,0.7020884156227112,-0.09617974609136581,2.380981922149658,-2.1435658931732178,0,0,0,0,0,
95800,0.03985595703125,-0.03619384765625,0.99169921875,-0.008393567986786366,-0.0009326186846010387,0.003197549842298031,0.7011671662330627,-0.09636770933866501,2.372875690460205,-2.138059377670288,0,0,0,0,0,
95850,0.041259765625,-0.03729248046875,0.9913330078125,-0.0094594182446599,0.0013323124730959535,0.0045298621989786625,0.700425386428833,-0.09668128937482834,2.3737499713897705,-2.1395034790039062,0,0,0,0,0,
95900,0.044189453125,-0.03594970703125,0.9913330078125,-0.007061256095767021,-0.0010658499086275697,0.004130168352276087,0.7015266418457031,-0.09631668031215668,2.3914377689361572,-2.133035182952881,0,0,0,0,0,
95950,0.03790283203125,-0.0379638671875,0.9931640625,-0.007860643789172173,-0.0007993874605745077,0.002797856228426099,0.7004401087760925,-0.09653391689062119,2.370661497116089,-2.138489007949829,0,0,0,0,0,
96000,0.04296875,-0.03814697265625,0.9910888671875,-0.009859112091362476,-0.0011990811908617616,0.004130168352276087,0.7005619406700134,-0.09736590832471848,2.3816585540771484,-2.1448538303375244,0,0,0,0,0,
96050,0.041015625,-0.0372314453125,0.99237060546875,-0.00866003055125475,-0.002398162381723523,0.002931087277829647,0.7005056738853455,-0.09813384711742401,2.3799993991851807,-2.145045280456543,0,0,0,0,0,
96150,0.04248046875,-0.03643798828125,0.99029541015625,-0.008793261833488941,-0.0006661562365479767,0.003064318560063839,0.7000938057899475,-0.097905233502388,2.382148265838623,-2.13535213470459,0,0,0,0,0,
96200,0.0382080078125,-0.0372314453125,0.99298095703125,-0.0075941807590425014,-0.0009326186846010387,0.003064318560063839,0.6984955668449402,-0.09775351732969284,2.36411190032959,-2.136388063430786,0,0,0,0,0,
96250,0.0430908203125,-0.03826904296875,0.99188232421875,-0.009992343373596668,0.0001332312385784462,0.003064318560063839,0.6982735991477966,-0.09832759946584702,2.3762760162353516,-2.1434943675994873,0,0,0,0,0,
96300,0.044921875,-0.0360107421875,0.99102783203125,-0.00866003055125475,-0.0018652373692020774,0.004130168352276087,0.7002464532852173,-0.0981987863779068,2.3980021476745605,-2.1370394229888916,0,0,0,0,0,
96350,0.04119873046875,-0.037353515625,0.9927978515625,-0.0075941807590425014,-0.0009326186846010387,0.002931087277829647,0.7017877101898193,-0.09824118763208389,2.3956594467163086,-2.138622760772705,0,0,0,0,0,
96400,0.0445556640625,-0.03680419921875,0.9915771484375,-0.008793261833488941,0.0001332312385784462,0.004663093481212854,0.7049285173416138,-0.09812843054533005,2.413196086883545,-2.137113571166992,0,0,0,0,0,
96450,0.04193115234375,-0.03411865234375,0.9927978515625,-0.008526799269020557,-0.0015987749211490154,0.004796324763447046,0.7077938914299011,-0.09631945937871933,2.4135825634002686,-2.1200387477874756,0,0,0,0,0,
96500,0.0401611328125,-0.03668212890625,0.99017333984375,-0.008260336704552174,-0.0001332312385784462,0.0035972436890006065,0.7094487547874451,-0.09468979388475418,2.4043426513671875,-2.120022773742676,0,0,0,0,0,
96550,0.04266357421875,-0.03814697265625,0.9920654296875,-0.010258805938065052,-0.0013323124730959535,0.004130168352276087,0.7115015983581543,-0.09402348846197128,2.4099771976470947,-2.1280267238616943,0,0,0,0,0,
96600,0.04345703125,-0.0352783203125,0.9923095703125,-0.008127106353640556,-0.0013323124730959535,0.0035972436890006065,0.7143101096153259,-0.09248466044664383,2.4195868968963623,-2.1186351776123047,0,0,0,0,0,
96650,0.0411376953125,-0.0394287109375,0.99249267578125,-0.010392037220299244,0.00039969373028725386,0.004663093481212854,0.7163578271865845,-0.09264486283063889,2.414787530899048,-2.1340866088867188,0,0,0,0,0,
96700,0.04180908203125,-0.0377197265625,0.98870849609375,-0.00866003055125475,0.0,0.0033307811245322227,0.7182492017745972,-0.09327536076307297,2.415271759033203,-2.1389498710632324,0,0,0,0,0,
96750,0.04241943359375,-0.0364990234375,0.99127197265625,-0.00866003055125475,-0.0017320062033832073,0.0037304747384041548,0.7202856540679932,-0.09352114051580429,2.4186136722564697,-2.135733127593994,0,0,0,0,0,
96800,0.04266357421875,-0.03887939453125,0.9921875,-0.0094594182446599,-0.0011990811908617616,0.004263399634510279,0.7225355505943298,-0.09480525553226471,2.4227848052978516,-2.1463623046875,0,0,0,0,0,
96850,0.04132080078125,-0.037353515625,0.9932861328125,-0.008260336704552174,-0.0010658499086275697,0.003064318560063839,0.724136471748352,-0.0960153192281723,2.4185452461242676,-2.1469058990478516,0,0,0,0,0,
96900,0.0391845703125,-0.03729248046875,0.9925537109375,-0.007327718660235405,-0.0006661562365479767,0.003064318560063839,0.7239827513694763,-0.09713584929704666,2.402599573135376,-2.1472206115722656,0,0,0,0,0,
96950,0.04052734375,-0.037841796875,0.992431640625,-0.008127106353640556,-0.0011990811908617616,0.0033307811245322227,0.723185658454895,-0.09849067777395248,2.3960120677948,-2.150684118270874,0,0,0,0,0,
97000,0.04217529296875,-0.0379638671875,0.991943359375,-0.0066615622490644455,-0.0015987749211490154,0.004396630916744471,0.7228367328643799,-0.10010115057229996,2.399696111679077,-2.154595375061035,0,0,0,0,0,
97050,0.04168701171875,-0.04052734375,0.99224853515625,-0.010258805938065052,-0.0009326186846010387,0.002797856228426099,0.7225631475448608,-0.10337364673614502,2.4001007080078125,-2.172826051712036,0,0,0,0,0,
97100,0.04241943359375,-0.03643798828125,0.9920654296875,-0.00866003055125475,-0.0013323124730959535,0.004929556045681238,0.7227835059165955,-0.10560634732246399,2.404766798019409,-2.165700674057007,0,0,0,0,0,
97150,0.0418701171875,-0.037353515625,0.99151611328125,-0.01012557465583086,-0.002797856228426099,0.004396630916744471,0.7230976819992065,-0.10751452296972275,2.4059255123138428,-2.1646881103515625,0,0,0,0,0,
97200,0.04052734375,-0.03875732421875,0.99176025390625,-0.008793261833488941,0.0005329249543137848,0.0045298621989786625,0.7227038145065308,-0.10994570702314377,2.3991591930389404,-2.1718263626098633,0,0,0,0,0,
97250,0.04351806640625,-0.036865234375,0.98980712890625,-0.008393567986786366,-0.0017320062033832073,0.0038637060206383467,0.7235127687454224,-0.11172562092542648,2.4107935428619385,-2.1677448749542236,0,0,0,0,0,
97300,0.0390625,-0.03717041015625,0.99273681640625,-0.009059724397957325,-0.0021316998172551394,0.0033307811245322227,0.7226491570472717,-0.11307625472545624,2.394876480102539,-2.165231943130493,0,0,0,0,0,
97400,0.04541015625,-0.03717041015625,0.99365234375,-0.008393567986786366,-0.003064318560063839,0.00506278732791543,0.7238770127296448,-0.11387168616056442,2.419415235519409,-2.156402826309204,0,0,0,0,0,
97450,0.0389404296875,-0.03643798828125,0.99237060546875,-0.0094594182446599,-0.0021316998172551394,0.0037304747384041548,0.7236924171447754,-0.1135731041431427,2.4020309448242188,-2.150885820388794,0,0,0,0,0,
97500,0.04327392578125,-0.0360107421875,0.99066162109375,-0.009326186962425709,0.0011990811908617616,0.0035972436890006065,0.724500298500061,-0.11259452998638153,2.411771297454834,-2.143787384033203,0,0,0,0,0,
97550,0.04461669921875,-0.03533935546875,0.99041748046875,-0.0075941807590425014,-0.0010658499086275697,0.0035972436890006065,0.7268846035003662,-0.11069183051586151,2.4283432960510254,-2.1335675716400146,0,0,0,0,0,
97600,0.0401611328125,-0.0389404296875,0.99224853515625,-0.009059724397957325,0.0006661562365479767,0.0033307811245322227,0.7279065251350403,-0.1100999042391777,2.4171035289764404,-2.144772529602051,0,0,0,0,0,
97650,0.0401611328125,-0.0374755859375,0.991455078125,-0.008926493115723133,-0.0014655436389148235,0.0033307811245322227,0.7278352379798889,-0.10974837094545364,2.407193899154663,-2.1465845108032227,0,0,0,0,0,
97700,0.0426025390625,-0.0380859375,0.99334716796875,-0.008127106353640556,-0.0021316998172551394,0.0045298621989786625,0.7282397150993347,-0.1099037453532219,2.4118802547454834,-2.1513020992279053,0,0,0,0,0,
97750,0.03778076171875,-0.03570556640625,0.9918212890625,-0.00866003055125475,0.0,0.003197549842298031,0.7262862920761108,-0.10913361608982086,2.3887057304382324,-2.142202377319336,0,0,0,0,0,
97800,0.0411376953125,-0.0364990234375,0.99176025390625,-0.009992343373596668,-0.0009326186846010387,0.0022649310994893312,0.7243775129318237,-0.1080770492553711,2.3871984481811523,-2.1385679244995117,0,0,0,0,0,
97850,0.040283203125,-0.03717041015625,0.9927978515625,-0.007860643789172173,-0.0011990811908617616,0.005728943273425102,0.7220061421394348,-0.10716447234153748,2.3806638717651367,-2.138951301574707,0,0,0,0,0,
97900,0.04046630859375,-0.0367431640625,0.99127197265625,-0.009859112091362476,0.0,0.0045298621989786625,0.719426155090332,-0.10616405308246613,2.376206636428833,-2.137160301208496,0,0,0,0,0,
97950,0.04296875,-0.03656005859375,0.989013671875,-0.009192955680191517,0.0002664624771568924,0.002664624946191907,0.7181994915008545,-0.1050431877374649,2.387159585952759,-2.134955406188965,0,0,0,0,0,
98000,0.04193115234375,-0.0400390625,0.99078369140625,-0.008393567986786366,-0.0022649310994893312,0.002797856228426099,0.7174378633499146,-0.10580457746982574,2.390583038330078,-2.1526570320129395,0,0,0,0,0,
98050,0.04168701171875,-0.037109375,0.99072265625,-0.009859112091362476,0.0007993874605745077,0.0022649310994893312,0.7169239521026611,-0.10639555752277374,2.392298460006714,-2.151714324951172,0,0,0,0,0,
98100,0.0435791015625,-0.03521728515625,0.99224853515625,-0.009059724397957325,-0.002931087277829647,0.003064318560063839,0.7176714539527893,-0.10571703314781189,2.4043989181518555,-2.1396102905273438,0,0,0,0,0,
98150,0.04229736328125,-0.03564453125,0.992431640625,-0.00866003055125475,-0.0014655436389148235,0.002531393663957715,0.718689501285553,-0.10426069051027298,2.4078516960144043,-2.1311535835266113,0,0,0,0,0,
98200,0.04290771484375,-0.033447265625,0.99200439453125,-0.0094594182446599,-0.0038637060206383467,0.004130168352276087,0.7202804684638977,-0.10093090683221817,2.4145994186401367,-2.1109628677368164,0,0,0,0,0,
98250,0.0377197265625,-0.0361328125,0.99310302734375,-0.008793261833488941,-0.0015987749211490154,0.003197549842298031,0.7193007469177246,-0.09764645248651505,2.3904831409454346,-2.108086347579956,0,0,0,0,0,
98300,0.037841796875,-0.03582763671875,0.9915771484375,-0.006794793531298637,0.0009326186846010387,0.003996937535703182,0.7163559198379517,-0.0942879170179367,2.3698530197143555,-2.1040611267089844,0,0,0,0,0,
98350,0.04205322265625,-0.03759765625,0.99102783203125,-0.008526799269020557,-0.0010658499086275697,0.0021316998172551394,0.7142875790596008,-0.09193119406700134,2.3756725788116455,-2.110720634460449,0,0,0,0,0,
98400,0.04022216796875,-0.03631591796875,0.990478515625,-0.0094594182446599,-0.0018652373692020774,0.003064318560063839,0.7119086980819702,-0.08968392014503479,2.3704991340637207,-2.1094584465026855,0,0,0,0,0,
98450,0.0350341796875,-0.03948974609375,0.9931640625,-0.00866003055125475,0.0005329249543137848,0.005728943273425102,0.7062451243400574,-0.08932492136955261,2.335273265838623,-2.126093864440918,0,0,0,0,0,
98500,0.04443359375,-0.0391845703125,0.99163818359375,-0.007993875071406364,-0.00039969373028725386,0.002797856228426099,0.7034316658973694,-0.09034721553325653,2.3581109046936035,-2.139547824859619,0,0,0,0,0,
98550,0.03887939453125,-0.03924560546875,0.99005126953125,-0.008393567986786366,-0.005462481174618006,0.0035972436890006065,0.6997911334037781,-0.09255257248878479,2.3470263481140137,-2.1524007320404053,0,0,0,0,0,
98650,0.04632568359375,-0.03546142578125,0.98968505859375,-0.008793261833488941,-0.0014655436389148235,0.004263399634510279,0.6928355097770691,-0.09717842191457748,2.3599088191986084,-2.151557207107544,0,0,0,0,0,
98700,0.03961181640625,-0.03857421875,0.99102783203125,-0.008393567986786366,-0.0014655436389148235,0.002398162381723523,0.6908159255981445,-0.09937294572591782,2.352639675140381,-2.159123659133911,0,0,0,0,0,
98750,0.04644775390625,-0.03887939453125,0.99072265625,-0.00866003055125475,0.0002664624771568924,0.002398162381723523,0.6922923922538757,-0.1022055447101593,2.385580539703369,-2.167698860168457,0,0,0,0,0,
98800,0.0421142578125,-0.0377197265625,0.99005126953125,-0.009592649526894093,-0.0034640124067664146,0.005995405837893486,0.6941047310829163,-0.10487649589776993,2.390415906906128,-2.168915033340454,0,0,0,0,0,
98850,0.0386962890625,-0.03997802734375,0.9931640625,-0.00866003055125475,0.0015987749211490154,0.005329249892383814,0.6941234469413757,-0.10862715542316437,2.3742923736572266,-2.1823830604553223,0,0,0,0,0,
98900,0.04364013671875,-0.036376953125,0.99053955078125,-0.0094594182446599,-0.002398162381723523,0.0034640124067664146,0.6956058740615845,-0.1111912652850151,2.3889477252960205,-2.1742682456970215,0,0,0,0,0,
98950,0.029052734375,-0.0382080078125,0.99310302734375,-0.008260336704552174,0.0005329249543137848,0.003197549842298031,0.6897862553596497,-0.11378146708011627,2.3174095153808594,-2.177093267440796,0,0,0,0,0,
99000,0.04388427734375,-0.0400390625,0.9893798828125,-0.009725880809128284,0.002398162381723523,0.002931087277829647,0.686747133731842,-0.11749114096164703,2.339395523071289,-2.19087815284729,0,0,0,0,0,
99050,0.04254150390625,-0.0323486328125,0.98992919921875,-0.010258805938065052,-0.004263399634510279,0.0015987749211490154,0.6852109432220459,-0.11762437224388123,2.3513855934143066,-2.1588234901428223,0,0,0,0,0,
99100,0.03289794921875,-0.03839111328125,0.9942626953125,-0.0075941807590425014,0.002531393663957715,0.0033307811245322227,0.6792396306991577,-0.11825836449861526,2.305497646331787,-2.16396427154541,0,0,0,0,0,
99150,0.04840087890625,-0.0361328125,0.9893798828125,-0.011591117829084396,-0.0018652373692020774,0.002398162381723523,0.6787909865379333,-0.11808175593614578,2.354753255844116,-2.156492233276367,0,0,0,0,0,
99200,0.03521728515625,-0.0352783203125,0.9918212890625,-0.007061256095767021,-0.0035972436890006065,0.005462481174618006,0.6751618981361389,-0.11671614646911621,2.322500467300415,-2.144425630569458,0,0,0,0,0,
99250,0.0341796875,-0.03936767578125,0.9942626953125,-0.008127106353640556,0.0015987749211490154,0.0037304747384041548,0.6683351397514343,-0.11670727282762527,2.2868943214416504,-2.1566274166107178,0,0,0,0,0,
99300,0.0491943359375,-0.0357666015625,0.99053955078125,-0.010924962349236012,-0.0033307811245322227,0.002797856228426099,0.6677321791648865,-0.1157885491847992,2.342306137084961,-2.147520065307617,0,0,0,0,0,
99350,0.037841796875,-0.034912109375,0.99285888671875,-0.0075941807590425014,-0.002531393663957715,0.0018652373692020774,0.6655785441398621,-0.11360926926136017,2.32619571685791,-2.133995771408081,0,0,0,0,0,
99400,0.03985595703125,-0.04229736328125,0.99383544921875,-0.009059724397957325,0.0009326186846010387,0.003197549842298031,0.6633222103118896,-0.11466515809297562,2.3230156898498535,-2.164168119430542,0,0,0,0,0,
99450,0.04693603515625,-0.03350830078125,0.98980712890625,-0.009326186962425709,-0.001998468767851591,0.003996937535703182,0.6651883721351624,-0.11334554105997086,2.36198353767395,-2.1414690017700195,0,0,0,0,0,
99500,0.03717041015625,-0.03875732421875,0.9940185546875,-0.007993875071406364,-0.0015987749211490154,0.0038637060206383467,0.6646425127983093,-0.11305825412273407,2.3397297859191895,-2.150472640991211,0,0,0,0,0,
99550,0.04266357421875,-0.0394287109375,0.99169921875,-0.010525268502533436,0.00039969373028725386,0.005196018610149622,0.6653684377670288,-0.11404208838939667,2.3519015312194824,-2.1628966331481934,0,0,0,0,0,
99600,0.0428466796875,-0.03448486328125,0.98944091796875,-0.006794793531298637,-0.0014655436389148235,0.003197549842298031,0.6672808527946472,-0.11324483901262283,2.364492416381836,-2.1460695266723633,0,0,0,0,0,
99650,0.034912109375,-0.04339599609375,0.99188232421875,-0.009192955680191517,-0.0006661562365479767,0.0045298621989786625,0.6654959321022034,-0.11610396951436996,2.3294317722320557,-2.1818361282348633,0,0,0,0,0,
99700,0.04388427734375,-0.03369140625,0.99163818359375,-0.010658499784767628,-0.00039969373028725386,0.002531393663957715,0.665920078754425,-0.11629903316497803,2.3497374057769775,-2.1580545902252197,0,0,0,0,0,
99750,0.0413818359375,-0.0352783203125,0.99334716796875,-0.006395099684596062,-0.0007993874605745077,0.002931087277829647,0.6666450500488281,-0.11521435528993607,2.3531699180603027,-2.1454522609710693,0,0,0,0,0,
99800,0.0394287109375,-0.04168701171875,0.99420166015625,-0.009192955680191517,0.0002664624771568924,0.0034640124067664146,0.6664550304412842,-0.11678069084882736,2.344744920730591,-2.170877695083618,0,0,0,0,0,
99900,0.03936767578125,-0.040771484375,0.9921875,-0.007993875071406364,-0.0021316998172551394,0.0037304747384041548,0.6709274649620056,-0.11623796075582504,2.365006685256958,-2.1637935638427734,0,0,0,0,0,
99950,0.042724609375,-0.03704833984375,0.99090576171875,-0.011058193631470203,0.0002664624771568924,0.002398162381723523,0.6733558773994446,-0.11674795299768448,2.3752119541168213,-2.1613378524780273,0,0,0,0,0,
100000,0.0433349609375,-0.033447265625,0.9912109375,-0.008526799269020557,-0.002531393663957715,0.004796324763447046,0.6768077611923218,-0.11490317434072495,2.3878746032714844,-2.1383001804351807,0,0,0,0,0,
100050,0.0391845703125,-0.0401611328125,0.991455078125,-0.008127106353640556,0.0013323124730959535,0.0034640124067664146,0.6786505579948425,-0.11503756791353226,2.3752355575561523,-2.156247138977051,0,0,0,0,0,
100100,0.043701171875,-0.0335693359375,0.98968505859375,-0.0094594182446599,0.0014655436389148235,0.004130168352276087,0.6818228363990784,-0.11300820857286453,2.390373468399048,-2.1347439289093018,0,0,0,0,0,
100150,0.0423583984375,-0.03326416015625,0.99078369140625,-0.006794793531298637,-0.002931087277829647,0.003996937535703182,0.6852405071258545,-0.10904757678508759,2.3959996700286865,-2.1134018898010254,0,0,0,0,0,
100200,0.03826904296875,-0.0411376953125,0.990966796875,-0.008793261833488941,-0.0005329249543137848,0.0034640124067664146,0.6864538788795471,-0.10810163617134094,2.3773744106292725,-2.1395881175994873,0,0,0,0,0,
100250,0.04534912109375,-0.03558349609375,0.99151611328125,-0.01012557465583086,-0.0005329249543137848,0.0045298621989786625,0.6899430155754089,-0.1063864454627037,2.4013452529907227,-2.1309497356414795,0,0,0,0,0,
100300,0.03948974609375,-0.03643798828125,0.991455078125,-0.007727412041276693,-0.0021316998172551394,0.003197549842298031,0.6918634176254272,-0.10456456243991852,2.3891472816467285,-2.1281676292419434,0,0,0,0,0,
100350,0.04144287109375,-0.04095458984375,0.99237060546875,-0.009992343373596668,0.0007993874605745077,0.0015987749211490154,0.6935939192771912,-0.10525715351104736,2.3891680240631104,-2.1514904499053955,0,0,0,0,0,
100400,0.04345703125,-0.0352783203125,0.99151611328125,-0.00866003055125475,-0.002931087277829647,0.0037304747384041548,0.6963398456573486,-0.10472346097230911,2.4010534286499023,-2.139920234680176,0,0,0,0,0,
100450,0.04046630859375,-0.03955078125,0.9930419921875,-0.008393567986786366,-0.0011990811908617616,0.003996937535703182,0.6981163024902344,-0.1056346446275711,2.3941047191619873,-2.1538352966308594,0,0,0,0,0,
100500,0.04510498046875,-0.0382080078125,0.99383544921875,-0.009592649526894093,0.0006661562365479767,0.004396630916744471,0.7017449736595154,-0.10691135376691818,2.414402961730957,-2.1584017276763916,0,0,0,0,0,
100550,0.04290771484375,-0.03656005859375,0.9912109375,-0.007327718660235405,-0.001998468767851591,0.0033307811245322227,0.7056363224983215,-0.10758048295974731,2.420658826828003,-2.1536026000976562,0,0,0,0,0,
100600,0.038818359375,-0.04132080078125,0.9908447265625,-0.0094594182446599,-0.0022649310994893312,0.002797856228426099,0.7073495388031006,-0.11050644516944885,2.402768611907959,-2.17684006690979,0,0,0,0,0,
100650,0.046142578125,-0.0341796875,0.9898681640625,-0.009326186962425709,-0.0002664624771568924,0.002531393663957715,0.711532711982727,-0.11112958192825317,2.4291815757751465,-2.156737804412842,0,0,0,0,0,
100700,0.0406494140625,-0.036865234375,0.99151611328125,-0.006395099684596062,-0.002664624946191907,0.003996937535703182,0.7144662141799927,-0.11139839142560959,2.420867681503296,-2.153817653656006,0,0,0,0,0,
100750,0.0411376953125,-0.03875732421875,0.99169921875,-0.0094594182446599,-0.00039969373028725386,0.003996937535703182,0.7166333794593811,-0.11246386915445328,2.416137933731079,-2.162053108215332,0,0,0,0,0,
100800,0.0428466796875,-0.0343017578125,0.99053955078125,-0.009326186962425709,-0.0011990811908617616,0.003197549842298031,0.7191755175590515,-0.11161880195140839,2.4220550060272217,-2.1440131664276123,0,0,0,0,0,
100850,0.038818359375,-0.0413818359375,0.991943359375,-0.00866003055125475,-0.0015987749211490154,0.0022649310994893312,0.7196332812309265,-0.11328984051942825,2.4037532806396484,-2.1683292388916016,0,0,0,0,0,
100900,0.04168701171875,-0.03802490234375,0.99224853515625,-0.010392037220299244,0.0015987749211490154,0.0038637060206383467,0.7200474143028259,-0.1150374710559845,2.4037749767303467,-2.1707661151885986,0,0,0,0,0,
100950,0.040283203125,-0.033203125,0.9925537109375,-0.008127106353640556,-0.0011990811908617616,0.0045298621989786625,0.7196100950241089,-0.11404478549957275,2.395674228668213,-2.145110607147217,0,0,0,0,0,
101000,0.039794921875,-0.041015625,0.9930419921875,-0.009059724397957325,0.0,0.0022649310994893312,0.7181872725486755,-0.115335613489151,2.3853824138641357,-2.1669530868530273,0,0,0,0,0,
101050,0.04327392578125,-0.03631591796875,0.99053955078125,-0.009192955680191517,-0.0009326186846010387,0.004130168352276087,0.718049943447113,-0.11580546945333481,2.3968141078948975,-2.1600341796875,0,0,0,0,0,
101150,0.03887939453125,-0.04119873046875,0.9923095703125,-0.008926493115723133,-0.0007993874605745077,0.0035972436890006065,0.716449499130249,-0.11395082622766495,2.3822312355041504,-2.157531499862671,0,0,0,0,0,
101200,0.04339599609375,-0.03466796875,0.98992919921875,-0.009725880809128284,0.0005329249543137848,0.004130168352276087,0.7162889838218689,-0.11277402937412262,2.3948442935943604,-2.1421828269958496,0,0,0,0,0,
101250,0.0400390625,-0.03753662109375,0.9920654296875,-0.007327718660235405,-0.0006661562365479767,0.002664624946191907,0.7152907848358154,-0.11194412410259247,2.38630747795105,-2.144474983215332,0,0,0,0,0,
101300,0.041015625,-0.0406494140625,0.99224853515625,-0.010525268502533436,-0.0005329249543137848,0.002664624946191907,0.7141798734664917,-0.11319315433502197,2.384181499481201,-2.1644344329833984,0,0,0,0,0,
101350,0.04608154296875,-0.0333251953125,0.98974609375,-0.007860643789172173,-0.0006661562365479767,0.0037304747384041548,0.7159757614135742,-0.11194077879190445,2.4121384620666504,-2.140669345855713,0,0,0,0,0,
101400,0.04022216796875,-0.04180908203125,0.99273681640625,-0.008526799269020557,-0.0015987749211490154,0.0038637060206383467,0.7166507244110107,-0.11350648105144501,2.4027254581451416,-2.167597770690918,0,0,0,0,0,
101450,0.041748046875,-0.0367431640625,0.992431640625,-0.011058193631470203,-0.0007993874605745077,0.0035972436890006065,0.7173025012016296,-0.11442367732524872,2.4031689167022705,-2.1626784801483154,0,0,0,0,0,
101500,0.04034423828125,-0.03558349609375,0.99273681640625,-0.008127106353640556,-0.0017320062033832073,0.0033307811245322227,0.7171137928962708,-0.11413273960351944,2.3954155445098877,-2.1515142917633057,0,0,0,0,0,
101550,0.03863525390625,-0.039794921875,0.9915771484375,-0.0094594182446599,-0.0021316998172551394,0.003064318560063839,0.7152853608131409,-0.11532031744718552,2.3788299560546875,-2.166008472442627,0,0,0,0,0,
101600,0.03973388671875,-0.03314208984375,0.9937744140625,-0.010392037220299244,0.0007993874605745077,0.0033307811245322227,0.7127337455749512,-0.11381054669618607,2.36976957321167,-2.1402225494384766,0,0,0,0,0,
101650,0.04010009765625,-0.0364990234375,0.9932861328125,-0.008926493115723133,-0.0010658499086275697,0.002664624946191907,0.709841787815094,-0.1120762825012207,2.363814115524292,-2.136467933654785,0,0,0,0,0,
101700,0.04083251953125,-0.03790283203125,0.9921875,-0.009192955680191517,-0.0005329249543137848,0.005196018610149622,0.7071499824523926,-0.11100942641496658,2.3629236221313477,-2.1414077281951904,0,0,0,0,0,
101750,0.04486083984375,-0.0384521484375,0.9918212890625,-0.008526799269020557,-0.00039969373028725386,0.002797856228426099,0.7069762945175171,-0.1108146533370018,2.3854129314422607,-2.149061679840088,0,0,0,0,0,
101800,0.0426025390625,-0.03741455078125,0.9913330078125,-0.009859112091362476,-0.0017320062033832073,0.0033307811245322227,0.7075555324554443,-0.11074288189411163,2.3927690982818604,-2.150096893310547,0,0,0,0,0,
101850,0.04168701171875,-0.035888671875,0.9918212890625,-0.008127106353640556,0.00039969373028725386,0.003197549842298031,0.7082011699676514,-0.1098823994398117,2.3940117359161377,-2.1421380043029785,0,0,0,0,0,
101900,0.042236328125,-0.0382080078125,0.99273681640625,-0.008260336704552174,-0.002398162381723523,0.004130168352276087,0.7091864347457886,-0.1097080335021019,2.3980541229248047,-2.1481387615203857,0,0,0,0,0,
101950,0.03753662109375,-0.03656005859375,0.99212646484375,-0.008793261833488941,-0.0018652373692020774,0.004929556045681238,0.7077454328536987,-0.10915888100862503,2.374776840209961,-2.144216537475586,0,0,0,0,0,
102000,0.04217529296875,-0.03656005859375,0.9903564453125,-0.007860643789172173,-0.0011990811908617616,0.002398162381723523,0.7070685029029846,-0.10834562033414841,2.3809759616851807,-2.141026258468628,0,0,0,0,0,
102050,0.0439453125,-0.03851318359375,0.99090576171875,-0.009059724397957325,-0.00039969373028725386,0.002531393663957715,0.7080224752426147,-0.10843875259160995,2.396608352661133,-2.1492769718170166,0,0,0,0,0,
102100,0.03778076171875,-0.03814697265625,0.9908447265625,-0.007860643789172173,-0.002664624946191907,0.003064318560063839,0.7067371606826782,-0.10906113684177399,2.375169277191162,-2.154662609100342,0,0,0,0,0,
102150,0.04071044921875,-0.03662109375,0.989013671875,-0.008793261833488941,-0.0013323124730959535,0.002931087277829647,0.7053841948509216,-0.10926332324743271,2.3732075691223145,-2.151082992553711,0,0,0,0,0,
102200,0.0416259765625,-0.035888671875,0.991455078125,-0.008793261833488941,-0.0006661562365479767,0.0021316998172551394,0.704460084438324,-0.10864708572626114,2.376143455505371,-2.1431009769439697,0,0,0,0,0,
102250,0.04046630859375,-0.03643798828125,0.99249267578125,-0.008393567986786366,-0.0002664624771568924,0.0033307811245322227,0.7031988501548767,-0.10766959190368652,2.371847629547119,-2.1388721466064453,0,0,0,0,0,
102300,0.0416259765625,-0.037353515625,0.99212646484375,-0.009059724397957325,-0.0006661562365479767,0.004396630916744471,0.7023535370826721,-0.10694394260644913,2.3747458457946777,-2.1404130458831787,0,0,0,0,0,
102400,0.04150390625,-0.03875732421875,0.9932861328125,-0.009592649526894093,-0.0021316998172551394,0.0034640124067664146,0.7012913823127747,-0.10827628523111343,2.377469539642334,-2.157893180847168,0,0,0,0,0,
102450,0.03887939453125,-0.0374755859375,0.99151611328125,-0.00866003055125475,-0.0007993874605745077,0.0017320062033832073,0.6995742321014404,-0.10928782820701599,2.3641202449798584,-2.1583917140960693,0,0,0,0,0,
102500,0.0426025390625,-0.03643798828125,0.99139404296875,-0.008260336704552174,0.0,0.005462481174618006,0.698976993560791,-0.10964430123567581,2.3736016750335693,-2.1528525352478027,0,0,0,0,0,
102550,0.04510498046875,-0.037109375,0.99102783203125,-0.009326186962425709,-0.0013323124730959535,0.0034640124067664146,0.7007433176040649,-0.10985922068357468,2.3966403007507324,-2.1517934799194336,0,0,0,0,0,
102600,0.04315185546875,-0.0357666015625,0.9923095703125,-0.009326186962425709,-0.0011990811908617616,0.002931087277829647,0.7032512426376343,-0.10915738344192505,2.405822277069092,-2.14284086227417,0,0,0,0,0,
102650,0.04315185546875,-0.03997802734375,0.99053955078125,-0.008393567986786366,-0.0001332312385784462,0.004796324763447046,0.7063736915588379,-0.11018586158752441,2.414475679397583,-2.159442186355591,0,0,0,0,0,
102700,0.0418701171875,-0.036376953125,0.9910888671875,-0.008260336704552174,-0.0022649310994893312,0.0035972436890006065,0.7092139720916748,-0.11051909625530243,2.4147770404815674,-2.1535181999206543,0,0,0,0,0,
102750,0.03875732421875,-0.03570556640625,0.9913330078125,-0.007327718660235405,-0.0010658499086275697,0.003197549842298031,0.7099977135658264,-0.1098962277173996,2.3970515727996826,-2.1442904472351074,0,0,0,0,0,
102800,0.04095458984375,-0.0357666015625,0.9923095703125,-0.009326186962425709,0.0007993874605745077,0.0037304747384041548,0.710350751876831,-0.1085173487663269,2.3935282230377197,-2.1361074447631836,0,0,0,0,0,
102850,0.04266357421875,-0.035400390625,0.99102783203125,-0.008926493115723133,-0.0011990811908617616,0.0038637060206383467,0.7113677263259888,-0.10635469853878021,2.4005203247070312,-2.1268908977508545,0,0,0,0,0,
102900,0.040771484375,-0.03863525390625,0.9925537109375,-0.008127106353640556,0.0007993874605745077,0.004796324763447046,0.711781919002533,-0.1054128035902977,2.395509719848633,-2.1369357109069824,0,0,0,0,0,
102950,0.0450439453125,-0.0361328125,0.99395751953125,-0.01012557465583086,0.0,0.0038637060206383467,0.7141342163085938,-0.1039925366640091,2.4153051376342773,-2.1312100887298584,0,0,0,0,0,
103000,0.0443115234375,-0.0360107421875,0.9918212890625,-0.009725880809128284,-0.0010658499086275697,0.0038637060206383467,0.7176623940467834,-0.10217517614364624,2.4294164180755615,-2.125818967819214,0,0,0,0,0,
103050,0.04083251953125,-0.04034423828125,0.9925537109375,-0.008260336704552174,-0.002531393663957715,0.002398162381723523,0.7200813889503479,-0.10253924876451492,2.4218525886535645,-2.145815849304199,0,0,0,0,0,
103100,0.039794921875,-0.03558349609375,0.99188232421875,-0.009059724397957325,0.0001332312385784462,0.002398162381723523,0.721000611782074,-0.10193836688995361,2.409273624420166,-2.1365303993225098,0,0,0,0,0,
103150,0.04315185546875,-0.03643798828125,0.9923095703125,-0.0075941807590425014,0.00039969373028725386,0.0015987749211490154,0.722618818283081,-0.10104211419820786,2.4171829223632812,-2.1329758167266846,0,0,0,0,0,
103200,0.0411376953125,-0.03961181640625,0.9925537109375,-0.009192955680191517,-0.0021316998172551394,0.004263399634510279,0.7236177921295166,-0.10174109786748886,2.4126083850860596,-2.1480319499969482,0,0,0,0,0,
103250,0.04034423828125,-0.03564453125,0.99072265625,-0.009725880809128284,0.0005329249543137848,0.0035972436890006065,0.7236959338188171,-0.10147916525602341,2.4043991565704346,-2.1391217708587646,0,0,0,0,0,
103300,0.0413818359375,-0.0380859375,0.99066162109375,-0.008127106353640556,-0.0011990811908617616,0.0037304747384041548,0.7236244082450867,-0.10184888541698456,2.4029810428619385,-2.145176410675049,0,0,0,0,0,
103350,0.03857421875,-0.03857421875,0.99139404296875,-0.009859112091362476,-0.0014655436389148235,0.0045298621989786625,0.7217961549758911,-0.10299483686685562,2.3853421211242676,-2.153308391571045,0,0,0,0,0,
103400,0.04132080078125,-0.03326416015625,0.9935302734375,-0.008127106353640556,0.0005329249543137848,0.0021316998172551394,0.720099687576294,-0.10164891928434372,2.384831428527832,-2.129535675048828,0,0,0,0,0,
103450,0.04254150390625,-0.0396728515625,0.99212646484375,-0.008393567986786366,-0.0013323124730959535,0.0011990811908617616,0.7192581295967102,-0.10202083736658096,2.391684055328369,-2.1453680992126465,0,0,0,0,0,
103500,0.03887939453125,-0.03472900390625,0.99127197265625,-0.009725880809128284,-0.0007993874605745077,0.0018652373692020774,0.717032253742218,-0.10095292329788208,2.376999616622925,-2.1313416957855225,0,0,0,0,0,
103550,0.0435791015625,-0.03692626953125,0.989990234375,-0.007327718660235405,0.0005329249543137848,0.0038637060206383467,0.7164443731307983,-0.1000189557671547,2.391153573989868,-2.131613254547119,0,0,0,0,0,
103650,0.040771484375,-0.0362548828125,0.99078369140625,-0.009059724397957325,-0.0005329249543137848,0.004796324763447046,0.7144812345504761,-0.10116623342037201,2.3845505714416504,-2.1434502601623535,0,0,0,0,0,
103700,0.04254150390625,-0.04071044921875,0.991455078125,-0.0094594182446599,-0.0022649310994893312,0.004796324763447046,0.7141916751861572,-0.10345197468996048,2.3915858268737793,-2.1640236377716064,0,0,0,0,0,
103750,0.03887939453125,-0.03594970703125,0.99139404296875,-0.009326186962425709,-0.0014655436389148235,0.0038637060206383467,0.7124590277671814,-0.10462062805891037,2.3768653869628906,-2.1551384925842285,0,0,0,0,0,
103800,0.04345703125,-0.03564453125,0.9913330078125,-0.007061256095767021,-0.0005329249543137848,0.002931087277829647,0.7122153639793396,-0.1046939417719841,2.3900225162506104,-2.1453537940979004,0,0,0,0,0,
103850,0.0435791015625,-0.038330078125,0.9915771484375,-0.009859112091362476,-0.0014655436389148235,0.0022649310994893312,0.7132423520088196,-0.10542232543230057,2.402484893798828,-2.151977777481079,0,0,0,0,0,
103900,0.03704833984375,-0.0357666015625,0.99139404296875,-0.009859112091362476,-0.0011990811908617616,0.004130168352276087,0.7115300893783569,-0.10520583391189575,2.37611985206604,-2.1432573795318604,0,0,0,0,0,
103950,0.04132080078125,-0.03753662109375,0.99188232421875,-0.008793261833488941,-0.0017320062033832073,0.0033307811245322227,0.7100658416748047,-0.10523233562707901,2.3768880367279053,-2.1454708576202393,0,0,0,0,0,
104000,0.04302978515625,-0.03826904296875,0.99053955078125,-0.010525268502533436,-0.0017320062033832073,0.002931087277829647,0.7098338603973389,-0.10590513795614243,2.3877463340759277,-2.1519603729248047,0,0,0,0,0,
104050,0.03985595703125,-0.034423828125,0.99200439453125,-0.008260336704552174,-0.0009326186846010387,0.0045298621989786625,0.7087410688400269,-0.10484888404607773,2.378906011581421,-2.135342597961426,0,0,0,0,0,
104100,0.04595947265625,-0.037353515625,0.99090576171875,-0.009192955680191517,-0.0002664624771568924,0.004396630916744471,0.7105042934417725,-0.10411002486944199,2.4063730239868164,-2.137460231781006,0,0,0,0,0,
104150,0.04095458984375,-0.03741455078125,0.9920654296875,-0.010392037220299244,-0.0017320062033832073,0.004130168352276087,0.7116498947143555,-0.10365035384893417,2.401960611343384,-2.1395132541656494,0,0,0,0,0,
104200,0.04083251953125,-0.0352783203125,0.99224853515625,-0.008526799269020557,0.0006661562365479767,0.004263399634510279,0.712211012840271,-0.10218600183725357,2.397261381149292,-2.129006862640381,0,0,0,0,0,
104250,0.0404052734375,-0.03802490234375,0.99176025390625,-0.009859112091362476,-0.002664624946191907,0.004396630916744471,0.7120561599731445,-0.10151689499616623,2.390662670135498,-2.1354949474334717,0,0,0,0,0,
104300,0.03515625,-0.03704833984375,0.99224853515625,-0.007860643789172173,0.0009326186846010387,0.003064318560063839,0.7082865834236145,-0.10092979669570923,2.354360580444336,-2.135645866394043,0,0,0,0,0,
104350,0.04180908203125,-0.03912353515625,0.9923095703125,-0.009059724397957325,0.0006661562365479767,0.002664624946191907,0.7054583430290222,-0.10160396248102188,2.360004425048828,-2.1476714611053467,0,0,0,0,0,
104400,0.04052734375,-0.04132080078125,0.99212646484375,-0.009326186962425709,-0.0010658499086275697,0.003197549842298031,0.7026844620704651,-0.10456449538469315,2.357719659805298,-2.1712093353271484,0,0,0,0,0,
104450,0.04022216796875,-0.03668212890625,0.9935302734375,-0.008926493115723133,0.0006661562365479767,0.003197549842298031,0.6997774243354797,-0.10664328187704086,2.35361385345459,-2.1653523445129395,0,0,0,0,0,
104500,0.043701171875,-0.036865234375,0.99200439453125,-0.009725880809128284,-0.0014655436389148235,0.002398162381723523,0.6988322138786316,-0.10812275856733322,2.3703255653381348,-2.16143798828125,0,0,0,0,0,
104550,0.04010009765625,-0.03607177734375,0.99249267578125,-0.009326186962425709,-0.0010658499086275697,0.0021316998172551394,0.6973997354507446,-0.10863743722438812,2.3645074367523193,-2.1532695293426514,0,0,0,0,0,
104600,0.04248046875,-0.0367431640625,0.9910888671875,-0.0074609494768083096,0.0,0.0034640124067664146,0.6969912052154541,-0.10878057032823563,2.373314619064331,-2.150068759918213,0,0,0,0,0,
104650,0.0416259765625,-0.0380859375,0.99200439453125,-0.010392037220299244,-0.0022649310994893312,0.0034640124067664146,0.6969009041786194,-0.1093762144446373,2.3760879039764404,-2.1547369956970215,0,0,0,0,0,
104700,0.0408935546875,-0.0343017578125,0.99072265625,-0.008793261833488941,-0.0017320062033832073,0.004929556045681238,0.6966810822486877,-0.10817970335483551,2.3747029304504395,-2.137411117553711,0,0,0,0,0,
104750,0.04180908203125,-0.0391845703125,0.99310302734375,-0.0075941807590425014,-0.0006661562365479767,0.0035972436890006065,0.6968249678611755,-0.10830561816692352,2.378119945526123,-2.1494388580322266,0,0,0,0,0,
104800,0.04205322265625,-0.0372314453125,0.99176025390625,-0.008526799269020557,-0.002664624946191907,0.004130168352276087,0.697436511516571,-0.1084044948220253,2.3829405307769775,-2.149294376373291,0,0,0,0,0,
104900,0.0396728515625,-0.037353515625,0.9918212890625,-0.009725880809128284,-0.0006661562365479767,0.0022649310994893312,0.6938391327857971,-0.105327308177948,2.355027675628662,-2.1333537101745605,0,0,0,0,0,
104950,0.0411376953125,-0.03643798828125,0.994140625,-0.008926493115723133,-0.0022649310994893312,0.004929556045681238,0.692087709903717,-0.10376881062984467,2.3563246726989746,-2.129742383956909,0,0,0,0,0,
105000,0.043212890625,-0.037841796875,0.99029541015625,-0.007860643789172173,-0.0002664624771568924,0.0034640124067664146,0.6919137835502625,-0.10293073952198029,2.3703484535217285,-2.135388135910034,0,0,0,0,0,
105050,0.044921875,-0.0399169921875,0.99176025390625,-0.009059724397957325,-0.0013323124730959535,0.0037304747384041548,0.6939675807952881,-0.1038476750254631,2.392451763153076,-2.152100086212158,0,0,0,0,0,
105100,0.0399169921875,-0.03582763671875,0.990234375,-0.007727412041276693,-0.00039969373028725386,0.003197549842298031,0.6949616074562073,-0.10385757684707642,2.383908271789551,-2.143946647644043,0,0,0,0,0,
105150,0.0450439453125,-0.03802490234375,0.99200439453125,-0.0074609494768083096,0.0,0.004263399634510279,0.6979974508285522,-0.1043562963604927,2.405320167541504,-2.1488447189331055,0,0,0,0,0,
105200,0.04315185546875,-0.037353515625,0.9898681640625,-0.010525268502533436,-0.0013323124730959535,0.004263399634510279,0.7016187310218811,-0.10490687191486359,2.414210796356201,-2.149862051010132,0,0,0,0,0,
105250,0.0419921875,-0.03814697265625,0.9923095703125,-0.006928024813532829,0.0001332312385784462,0.002931087277829647,0.7049497961997986,-0.10589960962533951,2.414929151535034,-2.154834270477295,0,0,0,0,0,
105300,0.0435791015625,-0.0390625,0.99237060546875,-0.008393567986786366,-0.001998468767851591,0.004263399634510279,0.7089245915412903,-0.10776544362306595,2.4246978759765625,-2.164557933807373,0,0,0,0,0,
105350,0.03997802734375,-0.03515625,0.99212646484375,-0.008793261833488941,0.0001332312385784462,0.004130168352276087,0.7113153338432312,-0.10807683318853378,2.412832021713257,-2.150879383087158,0,0,0,0,0,
105400,0.04541015625,-0.0377197265625,0.99066162109375,-0.008260336704552174,-0.0017320062033832073,0.004396630916744471,0.7155629396438599,-0.10863036662340164,2.433791399002075,-2.1536121368408203,0,0,0,0,0,
105450,0.04248046875,-0.03680419921875,0.993896484375,-0.00866003055125475,-0.0033307811245322227,0.0037304747384041548,0.7195054292678833,-0.10877945274114609,2.434988260269165,-2.1501212120056152,0,0,0,0,0,
105500,0.04217529296875,-0.036376953125,0.99322509765625,-0.008260336704552174,-0.0021316998172551394,0.0045298621989786625,0.7230023741722107,-0.10836812853813171,2.4344747066497803,-2.1446661949157715,0,0,0,0,0,
105550,0.0447998046875,-0.0394287109375,0.99200439453125,-0.008260336704552174,-0.0009326186846010387,0.002531393663957715,0.7276425361633301,-0.10928951948881149,2.449404001235962,-2.1575820446014404,0,0,0,0,0,
105600,0.0404052734375,-0.03594970703125,0.99114990234375,-0.00866003055125475,-0.0022649310994893312,0.0038637060206383467,0.7306546568870544,-0.10929899662733078,2.4377641677856445,-2.1493842601776123,0,0,0,0,0,
105650,0.04022216796875,-0.0361328125,0.9906005859375,-0.00866003055125475,0.0001332312385784462,0.0038637060206383467,0.7322255969047546,-0.10868708789348602,2.426363706588745,-2.1431798934936523,0,0,0,0,0,
105700,0.04437255859375,-0.0390625,0.99188232421875,-0.009059724397957325,-0.0010658499086275697,0.003996937535703182,0.7349709272384644,-0.10923507064580917,2.439678907394409,-2.1541669368743896,0,0,0,0,0,
105750,0.03973388671875,-0.034912109375,0.99200439453125,-0.009859112091362476,-0.0005329249543137848,0.0034640124067664146,0.7359678745269775,-0.10832659155130386,2.424940824508667,-2.140150308609009,0,0,0,0,0,
105800,0.038818359375,-0.03741455078125,0.9931640625,-0.007061256095767021,-0.0001332312385784462,0.0038637060206383467,0.7349808216094971,-0.10766558349132538,2.406096935272217,-2.141716480255127,0,0,0,0,0,
105850,0.04412841796875,-0.03594970703125,0.99139404296875,-0.008793261833488941,-0.0013323124730959535,0.001998468767851591,0.7355005741119385,-0.1064007431268692,2.420177936553955,-2.135017156600952,0,0,0,0,0,
105900,0.0419921875,-0.03515625,0.9935302734375,-0.008260336704552174,-0.0007993874605745077,0.0037304747384041548,0.7359534502029419,-0.10415834188461304,2.4200291633605957,-2.123976707458496,0,0,0,0,0,
105950,0.0430908203125,-0.03692626953125,0.9901123046875,-0.009326186962425709,-0.0002664624771568924,0.0035972436890006065,0.7370623350143433,-0.10223866999149323,2.427042007446289,-2.1249616146087646,0,0,0,0,0,
106000,0.0416259765625,-0.03729248046875,0.99102783203125,-0.008793261833488941,-0.002398162381723523,0.0038637060206383467,0.7378247380256653,-0.10079246014356613,2.4246866703033447,-2.127776622772217,0,0,0,0,0,
106050,0.03875732421875,-0.0396728515625,0.9918212890625,-0.00866003055125475,-0.0005329249543137848,0.0035972436890006065,0.7366243004798889,-0.10110186785459518,2.405820608139038,-2.1438865661621094,0,0,0,0,0,
106150,0.0399169921875,-0.0343017578125,0.99114990234375,-0.009059724397957325,-0.0010658499086275697,0.002797856228426099,0.7365320324897766,-0.10089606046676636,2.4105803966522217,-2.132049083709717,0,0,0,0,0,
106200,0.04168701171875,-0.03948974609375,0.99310302734375,-0.008526799269020557,0.0001332312385784462,0.0033307811245322227,0.7358487248420715,-0.10144393146038055,2.409698963165283,-2.1463747024536133,0,0,0,0,0,
106250,0.04217529296875,-0.0364990234375,0.99169921875,-0.008526799269020557,-0.0007993874605745077,0.003996937535703182,0.7354724407196045,-0.1015322208404541,2.4120864868164062,-2.142326831817627,0,0,0,0,0,
106300,0.04010009765625,-0.03912353515625,0.9940185546875,-0.009192955680191517,-0.0009326186846010387,0.0015987749211490154,0.7340945601463318,-0.10271167010068893,2.401693344116211,-2.1533267498016357,0,0,0,0,0,
106350,0.0428466796875,-0.0386962890625,0.990234375,-0.0094594182446599,0.0002664624771568924,0.004130168352276087,0.7335934638977051,-0.10459639132022858,2.409083843231201,-2.1615588665008545,0,0,0,0,0,
106400,0.04119873046875,-0.0343017578125,0.99151611328125,-0.008393567986786366,-0.0005329249543137848,0.0045298621989786625,0.7328310608863831,-0.1044745072722435,2.4059698581695557,-2.1433775424957275,0,0,0,0,0,
106450,0.0421142578125,-0.0386962890625,0.9940185546875,-0.010924962349236012,-0.0005329249543137848,0.003996937535703182,0.7323276400566101,-0.10520634055137634,2.407797336578369,-2.1517927646636963,0,0,0,0,0,
106500,0.0413818359375,-0.037109375,0.99102783203125,-0.009725880809128284,-0.0022649310994893312,0.0033307811245322227,0.7316908836364746,-0.10577307641506195,2.4059600830078125,-2.1508736610412598,0,0,0,0,0,
106550,0.03875732421875,-0.0340576171875,0.9930419921875,-0.0066615622490644455,-0.00039969373028725386,0.0033307811245322227,0.7293943762779236,-0.10440070182085037,2.388726234436035,-2.132049322128296,0,0,0,0,0,
106600,0.04144287109375,-0.03857421875,0.99298095703125,-0.008127106353640556,-0.00039969373028725386,0.006395099684596062,0.7273213267326355,-0.10407298803329468,2.3886640071868896,-2.1411235332489014,0,0,0,0,0,
106650,0.04144287109375,-0.03424072265625,0.9930419921875,-0.009725880809128284,-0.0006661562365479767,0.004130168352276087,0.7254523634910583,-0.1020965725183487,2.38863205909729,-2.1243088245391846,0,0,0,0,0,
106700,0.04248046875,-0.03857421875,0.99261474609375,-0.007727412041276693,-0.0011990811908617616,0.002931087277829647,0.7243714928627014,-0.10130947828292847,2.394643783569336,-2.134225606918335,0,0,0,0,0,
106750,0.04461669921875,-0.0386962890625,0.99066162109375,-0.009859112091362476,-0.0002664624771568924,0.0034640124067664146,0.725217342376709,-0.10160397738218307,2.412830352783203,-2.144254446029663,0,0,0,0,0,
106800,0.043212890625,-0.03680419921875,0.992919921875,-0.00866003055125475,-0.0006661562365479767,0.002398162381723523,0.726753830909729,-0.1016342043876648,2.4205822944641113,-2.141906261444092,0,0,0,0,0,
106850,0.04205322265625,-0.0382080078125,0.9918212890625,-0.0075941807590425014,-0.0005329249543137848,0.0045298621989786625,0.7281917333602905,-0.10228355973958969,2.421133279800415,-2.148127794265747,0,0,0,0,0,
106900,0.04229736328125,-0.0372314453125,0.9906005859375,-0.008926493115723133,-0.0006661562365479767,0.004130168352276087,0.7297067046165466,-0.10289140045642853,2.4233412742614746,-2.148361921310425,0,0,0,0,0,
106950,0.04296875,-0.03558349609375,0.99462890625,-0.0066615622490644455,-0.0015987749211490154,0.004263399634510279,0.7315589785575867,-0.10242260247468948,2.428229808807373,-2.1382033824920654,0,0,0,0,0,
107000,0.03973388671875,-0.04010009765625,0.99237060546875,-0.01012557465583086,-0.001998468767851591,0.0034640124067664146,0.7318536043167114,-0.10374008864164352,2.41450572013855,-2.155597448348999,0,0,0,0,0,
107050,0.0406494140625,-0.03558349609375,0.99169921875,-0.009859112091362476,-0.0001332312385784462,0.004396630916744471,0.7314313054084778,-0.10390298813581467,2.407630681991577,-2.145369052886963,0,0,0,0,0,
107100,0.0416259765625,-0.03900146484375,0.991455078125,-0.008926493115723133,-0.0009326186846010387,0.0038637060206383467,0.7309978008270264,-0.10510259121656418,2.4070963859558105,-2.1558990478515625,0,0,0,0,0,
107150,0.04095458984375,-0.03533935546875,0.98968505859375,-0.010658499784767628,-0.0002664624771568924,0.002531393663957715,0.7302188873291016,-0.1050587147474289,2.4032084941864014,-2.1446638107299805,0,0,0,0,0,
107200,0.04168701171875,-0.0361328125,0.99072265625,-0.009326186962425709,0.0,0.0034640124067664146,0.7295640707015991,-0.10444194078445435,2.4036707878112793,-2.1388909816741943,0,0,0,0,0,
107250,0.04425048828125,-0.036865234375,0.99249267578125,-0.007860643789172173,-0.0009326186846010387,0.004929556045681238,0.7304500937461853,-0.10374904423952103,2.4184248447418213,-2.1375129222869873,0,0,0,0,0,
107300,0.0419921875,-0.035888671875,0.99200439453125,-0.009192955680191517,-0.0013323124730959535,0.002664624946191907,0.7312867045402527,-0.10245111584663391,2.418816328048706,-2.130769729614258,0,0,0,0,0,
107400,0.04095458984375,-0.03955078125,0.9906005859375,-0.009592649526894093,0.0,0.004796324763447046,0.7308143973350525,-0.10044199228286743,2.406641721725464,-2.139495849609375,0,0,0,0,0,
107450,0.03924560546875,-0.03643798828125,0.99102783203125,-0.0094594182446599,-0.0015987749211490154,0.004396630916744471,0.7289942502975464,-0.0999932587146759,2.3926126956939697,-2.1359546184539795,0,0,0,0,0,
107500,0.04168701171875,-0.03717041015625,0.99053955078125,-0.009859112091362476,-0.0018652373692020774,0.0037304747384041548,0.7275116443634033,-0.09970112144947052,2.3941683769226074,-2.1370718479156494,0,0,0,0,0,
107550,0.03887939453125,-0.03753662109375,0.99072265625,-0.009059724397957325,-0.0013323124730959535,0.004796324763447046,0.7246940732002258,-0.09974854439496994,2.379335880279541,-2.1401753425598145,0,0,0,0,0,
107600,0.04254150390625,-0.035888671875,0.991943359375,-0.008260336704552174,0.0006661562365479767,0.0038637060206383467,0.7229066491127014,-0.0990908220410347,2.38681960105896,-2.133171319961548,0,0,0,0,0,
107650,0.03997802734375,-0.03668212890625,0.9930419921875,-0.00866003055125475,-0.001998468767851591,0.004130168352276087,0.7204667329788208,-0.09830474853515625,2.378507375717163,-2.131230115890503,0,0,0,0,0,
107700,0.0391845703125,-0.0379638671875,0.99298095703125,-0.009059724397957325,0.0002664624771568924,0.003064318560063839,0.7170659303665161,-0.09816346317529678,2.3664586544036865,-2.1368918418884277,0,0,0,0,0,
107750,0.04071044921875,-0.0372314453125,0.9931640625,-0.007860643789172173,-0.00039969373028725386,0.0034640124067664146,0.7137966752052307,-0.09811834245920181,2.3643734455108643,-2.137712240219116,0,0,0,0,0,
107800,0.0399169921875,-0.03759765625,0.99041748046875,-0.009059724397957325,-0.0013323124730959535,0.0037304747384041548,0.7102743983268738,-0.09842237085103989,2.3585739135742188,-2.1411585807800293,0,0,0,0,0,
107850,0.04229736328125,-0.03759765625,0.99127197265625,-0.008260336704552174,0.0,0.003197549842298031,0.7079339027404785,-0.09898574650287628,2.3668696880340576,-2.1440560817718506,0,0,0,0,0,
107900,0.0435791015625,-0.03582763671875,0.99053955078125,-0.007727412041276693,-0.0009326186846010387,0.0034640124067664146,0.7073320746421814,-0.09874776750802994,2.381915330886841,-2.136605978012085,0,0,0,0,0,
107950,0.03857421875,-0.0374755859375,0.99237060546875,-0.007327718660235405,-0.0010658499086275697,0.004130168352276087,0.7052145004272461,-0.09877816587686539,2.366156816482544,-2.139051675796509,0,0,0,0,0,
108000,0.0401611328125,-0.0389404296875,0.98980712890625,-0.009725880809128284,-0.0021316998172551394,0.004796324763447046,0.7028648257255554,-0.0999240130186081,2.361717939376831,-2.1502366065979004,0,0,0,0,0,
108050,0.0419921875,-0.03704833984375,0.9910888671875,-0.010392037220299244,-0.0010658499086275697,0.003996937535703182,0.7013773918151855,-0.10084183514118195,2.367990732192993,-2.149102210998535,0,0,0,0,0,
108100,0.03863525390625,-0.037841796875,0.99237060546875,-0.009326186962425709,-0.0005329249543137848,0.003996937535703182,0.6986368894577026,-0.10199850797653198,2.3539721965789795,-2.1524085998535156,0,0,0,0,0,
108150,0.0421142578125,-0.038330078125,0.9931640625,-0.010392037220299244,-0.0014655436389148235,0.004796324763447046,0.6968950629234314,-0.10359815508127213,2.361218214035034,-2.1579949855804443,0,0,0,0,0,
108200,0.041748046875,-0.03717041015625,0.99200439453125,-0.008393567986786366,-0.0005329249543137848,0.004796324763447046,0.6957969069480896,-0.1048976257443428,2.3659133911132812,-2.156592845916748,0,0,0,0,0,
108250,0.04095458984375,-0.037841796875,0.99127197265625,-0.008926493115723133,0.0001332312385784462,0.003064318560063839,0.6947906017303467,-0.1063445508480072,2.365734338760376,-2.1593668460845947,0,0,0,0,0,
108300,0.0423583984375,-0.038818359375,0.99224853515625,-0.007860643789172173,-0.0013323124730959535,0.0017320062033832073,0.6946538090705872,-0.10843683034181595,2.373422384262085,-2.167267322540283,0,0,0,0,0,
108350,0.04083251953125,-0.03948974609375,0.99090576171875,-0.008260336704552174,-0.0021316998172551394,0.004263399634510279,0.6943746209144592,-0.11144862323999405,2.3718619346618652,-2.1785547733306885,0,0,0,0,0,
108400,0.04071044921875,-0.03607177734375,0.99261474609375,-0.009592649526894093,-0.0013323124730959535,0.003064318560063839,0.6938748359680176,-0.11316768079996109,2.3693768978118896,-2.1686391830444336,0,0,0,0,0,
108450,0.0421142578125,-0.0364990234375,0.9918212890625,-0.008260336704552174,0.0,0.005728943273425102,0.6940289735794067,-0.11408481001853943,2.3754162788391113,-2.162338972091675,0,0,0,0,0,
108500,0.0419921875,-0.0379638671875,0.99176025390625,-0.008926493115723133,-0.002531393663957715,0.004796324763447046,0.6946409344673157,-0.11518896371126175,2.3801491260528564,-2.165126323699951,0,0,0,0,0,
108550,0.04144287109375,-0.03643798828125,0.990966796875,-0.009592649526894093,-0.0002664624771568924,0.0038637060206383467,0.6953215599060059,-0.11557178199291229,2.3814470767974854,-2.1590170860290527,0,0,0,0,0,
108650,0.0413818359375,-0.038818359375,0.9906005859375,-0.010258805938065052,-0.0011990811908617616,0.005196018610149622,0.6975744962692261,-0.1150212436914444,2.3873343467712402,-2.1571426391601562,0,0,0,0,0,
108700,0.0419921875,-0.03790283203125,0.99066162109375,-0.008260336704552174,-0.0009326186846010387,0.0013323124730959535,0.6989311575889587,-0.11555279791355133,2.391140937805176,-2.16033673286438,0,0,0,0,0,
108750,0.0413818359375,-0.0374755859375,0.991455078125,-0.008393567986786366,-0.0010658499086275697,0.005862174555659294,0.700124204158783,-0.1160556972026825,2.3908615112304688,-2.1605818271636963,0,0,0,0,0,
108800,0.0416259765625,-0.0367431640625,0.992919921875,-0.00866003055125475,-0.0017320062033832073,0.0022649310994893312,0.7012789249420166,-0.11607610434293747,2.391671895980835,-2.156259775161743,0,0,0,0,0,
108850,0.041259765625,-0.037841796875,0.99127197265625,-0.009725880809128284,-0.0007993874605745077,0.0034640124067664146,0.7022186517715454,-0.1163749247789383,2.390676498413086,-2.159064292907715,0,0,0,0,0,
108900,0.041748046875,-0.036376953125,0.99017333984375,-0.008260336704552174,-0.0010658499086275697,0.0034640124067664146,0.7032840847969055,-0.11607514321804047,2.392873525619507,-2.153377056121826,0,0,0,0,0,
108950,0.03997802734375,-0.03631591796875,0.99078369140625,-0.009992343373596668,-0.0009326186846010387,0.0018652373692020774,0.7034056782722473,-0.11524657160043716,2.384500026702881,-2.147789478302002,0,0,0,0,0,
109000,0.04229736328125,-0.0364990234375,0.99139404296875,-0.00866003055125475,-0.0006661562365479767,0.005462481174618006,0.7040837407112122,-0.11408822983503342,2.390186309814453,-2.143663167953491,0,0,0,0,0,
109050,0.04052734375,-0.03753662109375,0.99444580078125,-0.006794793531298637,-0.0011990811908617616,0.002398162381723523,0.7041111588478088,-0.11320839822292328,2.3843581676483154,-2.145289897918701,0,0,0,0,0,
109100,0.04278564453125,-0.03680419921875,0.9898681640625,-0.009592649526894093,-0.0009326186846010387,0.002398162381723523,0.7050236463546753,-0.11223740130662918,2.3932363986968994,-2.143498420715332,0,0,0,0,0,
109150,0.043212890625,-0.03790283203125,0.99224853515625,-0.007327718660235405,-0.0013323124730959535,0.002931087277829647,0.7068319320678711,-0.1117839366197586,2.403106927871704,-2.147702693939209,0,0,0,0,0,
109200,0.03985595703125,-0.0377197265625,0.993896484375,-0.007727412041276693,-0.0021316998172551394,0.002398162381723523,0.7073733806610107,-0.11161594837903976,2.3922464847564697,-2.15010404586792,0,0,0,0,0,
109250,0.041259765625,-0.03753662109375,0.99072265625,-0.009992343373596668,-0.0017320062033832073,0.004130168352276087,0.7077688574790955,-0.11164269596338272,2.3913285732269287,-2.151883363723755,0,0,0,0,0,
109300,0.0428466796875,-0.03759765625,0.99169921875,-0.00866003055125475,-0.0013323124730959535,0.0045298621989786625,0.7089332938194275,-0.11183952540159225,2.3994133472442627,-2.153610944747925,0,0,0,0,0,
109350,0.04345703125,-0.03466796875,0.991943359375,-0.00866003055125475,0.0001332312385784462,0.001998468767851591,0.7110574245452881,-0.11047758162021637,2.410174608230591,-2.1382200717926025,0,0,0,0,0,
109400,0.0418701171875,-0.0360107421875,0.99212646484375,-0.007860643789172173,-0.0009326186846010387,0.0037304747384041548,0.7130173444747925,-0.1086382195353508,2.4106569290161133,-2.1320838928222656,0,0,0,0,0,
109450,0.03973388671875,-0.03765869140625,0.9921875,-0.008260336704552174,-0.002664624946191907,0.004929556045681238,0.713590681552887,-0.10738103836774826,2.3987510204315186,-2.136066436767578,0,0,0,0,0,
109500,0.04248046875,-0.03778076171875,0.99200439453125,-0.008926493115723133,-0.0013323124730959535,0.0035972436890006065,0.7146223187446594,-0.10667980462312698,2.403907060623169,-2.140368700027466,0,0,0,0,0,
109550,0.0396728515625,-0.0369873046875,0.98992919921875,-0.009326186962425709,-0.0011990811908617616,0.003064318560063839,0.7144474983215332,-0.10602571815252304,2.3928747177124023,-2.140138864517212,0,0,0,0,0,
109600,0.04156494140625,-0.03656005859375,0.99188232421875,-0.009326186962425709,-0.0009326186846010387,0.004396630916744471,0.7143410444259644,-0.10512638092041016,2.3933827877044678,-2.1370322704315186,0,0,0,0,0,
109650,0.03948974609375,-0.03759765625,0.99261474609375,-0.007327718660235405,-0.00039969373028725386,0.0037304747384041548,0.7130764126777649,-0.10462157428264618,2.38169527053833,-2.14007830619812,0,0,0,0,0,
109700,0.04168701171875,-0.03753662109375,0.99151611328125,-0.009725880809128284,-0.0017320062033832073,0.0045298621989786625,0.7121791839599609,-0.10442786663770676,2.384104013442993,-2.1426844596862793,0,0,0,0,0,
109750,0.03985595703125,-0.03839111328125,0.99249267578125,-0.009326186962425709,-0.0010658499086275697,0.003197549842298031,0.7105090618133545,-0.10496123135089874,2.3754782676696777,-2.149761438369751,0,0,0,0,0,
109800,0.04144287109375,-0.034912109375,0.992431640625,-0.009059724397957325,0.0002664624771568924,0.0033307811245322227,0.7091487646102905,-0.10407285392284393,2.376906156539917,-2.136077404022217,0,0,0,0,0,
109900,0.03924560546875,-0.03570556640625,0.9921875,-0.007327718660235405,-0.0013323124730959535,0.0033307811245322227,0.7046921253204346,-0.10257916152477264,2.3605895042419434,-2.132369041442871,0,0,0,0,0,
109950,0.04144287109375,-0.03802490234375,0.98919677734375,-0.009725880809128284,0.0010658499086275697,0.002664624946191907,0.7026478052139282,-0.10222741216421127,2.3642489910125732,-2.139061689376831,0,0,0,0,0,
110000,0.043212890625,-0.03692626953125,0.99078369140625,-0.008926493115723133,-0.0007993874605745077,0.002797856228426099,0.7021210193634033,-0.10184422880411148,2.377380132675171,-2.1383955478668213,0,0,0,0,0,
110050,0.04351806640625,-0.037841796875,0.990966796875,-0.008260336704552174,-0.0002664624771568924,0.00506278732791543,0.7029995918273926,-0.10196304321289062,2.390907049179077,-2.1430323123931885,0,0,0,0,0,
110100,0.0435791015625,-0.03814697265625,0.99139404296875,-0.010258805938065052,-0.0007993874605745077,0.004263399634510279,0.7050324082374573,-0.10265400260686874,2.403327703475952,-2.1488726139068604,0,0,0,0,0,
110150,0.04119873046875,-0.0389404296875,0.99200439453125,-0.007727412041276693,-0.0017320062033832073,0.004263399634510279,0.7065919637680054,-0.10424794256687164,2.400628089904785,-2.1585934162139893,0,0,0,0,0,
110200,0.0421142578125,-0.0361328125,0.98760986328125,-0.0075941807590425014,-0.0006661562365479767,0.0022649310994893312,0.7083892226219177,-0.1050327718257904,2.40456485748291,-2.1520962715148926,0,0,0,0,0,
110250,0.04266357421875,-0.0404052734375,0.99005126953125,-0.008526799269020557,-0.001998468767851591,0.004396630916744471,0.7106150984764099,-0.10756534337997437,2.4106481075286865,-2.170358419418335,0,0,0,0,0,
110300,0.040283203125,-0.03857421875,0.99151611328125,-0.009859112091362476,-0.0002664624771568924,0.0045298621989786625,0.7117591500282288,-0.11040228605270386,2.4020562171936035,-2.1759347915649414,0,0,0,0,0,
110350,0.041015625,-0.0361328125,0.989990234375,-0.009059724397957325,-0.0010658499086275697,0.0034640124067664146,0.7124770879745483,-0.11208178102970123,2.3989388942718506,-2.1671972274780273,0,0,0,0,0,
110400,0.0399169921875,-0.03656005859375,0.9906005859375,-0.007993875071406364,-0.0011990811908617616,0.004396630916744471,0.7121939063072205,-0.11304102838039398,2.3896450996398926,-2.1616742610931396,0,0,0,0,0,
110450,0.0418701171875,-0.03778076171875,0.99249267578125,-0.007860643789172173,-0.0001332312385784462,0.004396630916744471,0.7121824026107788,-0.11406850814819336,2.3920788764953613,-2.163315773010254,0,0,0,0,0,
110500,0.0423583984375,-0.03533935546875,0.99029541015625,-0.0075941807590425014,-0.0007993874605745077,0.00506278732791543,0.7127278447151184,-0.11378002166748047,2.397636890411377,-2.151183605194092,0,0,0,0,0,
110550,0.04248046875,-0.03936767578125,0.99188232421875,-0.011324656195938587,-0.0017320062033832073,0.004929556045681238,0.7137473225593567,-0.11471757292747498,2.4029228687286377,-2.1631555557250977,0,0,0,0,0,
110600,0.03875732421875,-0.036865234375,0.9918212890625,-0.009992343373596668,-0.0022649310994893312,0.00506278732791543,0.712997317314148,-0.11520009487867355,2.386247396469116,-2.1595427989959717,0,0,0,0,0,
110650,0.04461669921875,-0.038330078125,0.98968505859375,-0.008260336704552174,-0.0022649310994893312,0.0021316998172551394,0.7142507433891296,-0.11619524657726288,2.405531644821167,-2.165151596069336,0,0,0,0,0,
110700,0.0411376953125,-0.03656005859375,0.99261474609375,-0.009059724397957325,-0.0013323124730959535,0.002797856228426099,0.7150389552116394,-0.116514191031456,2.402132987976074,-2.1593847274780273,0,0,0,0,0,
110750,0.03973388671875,-0.03594970703125,0.9921875,-0.007860643789172173,-0.0006661562365479767,0.0021316998172551394,0.7146438956260681,-0.1159408912062645,2.3910889625549316,-2.1507811546325684,0,0,0,0,0,
110800,0.04302978515625,-0.03955078125,0.99371337890625,-0.009059724397957325,-0.0014655436389148235,0.002398162381723523,0.715154767036438,-0.11669108271598816,2.399752616882324,-2.163442850112915,0,0,0,0,0,
110850,0.03997802734375,-0.03607177734375,0.9947509765625,-0.00866003055125475,-0.0001332312385784462,0.0034640124067664146,0.7146133184432983,-0.11648017168045044,2.389740228652954,-2.1545820236206055,0,0,0,0,0,
110900,0.0394287109375,-0.039306640625,0.99237060546875,-0.008393567986786366,-0.0010658499086275697,0.0038637060206383467,0.7129630446434021,-0.1174096092581749,2.37811017036438,-2.1657745838165283,0,0,0,0,0,
110950,0.044189453125,-0.037353515625,0.99053955078125,-0.009326186962425709,-0.0007993874605745077,0.004263399634510279,0.7132201194763184,-0.11816325783729553,2.3955342769622803,-2.1649460792541504,0,0,0,0,0,
111000,0.04132080078125,-0.036376953125,0.9927978515625,-0.009592649526894093,-0.0006661562365479767,0.003996937535703182,0.7133131623268127,-0.11815758794546127,2.394150495529175,-2.158106565475464,0,0,0,0,0,
111050,0.04296875,-0.037841796875,0.99237060546875,-0.009592649526894093,-0.0017320062033832073,0.002531393663957715,0.7142309546470642,-0.11838901787996292,2.402491331100464,-2.1604719161987305,0,0,0,0,0,
111150,0.0430908203125,-0.03668212890625,0.99298095703125,-0.008127106353640556,-0.0013323124730959535,0.002531393663957715,0.7158007621765137,-0.11742310225963593,2.406529426574707,-2.151319742202759,0,0,0,0,0,
111200,0.04180908203125,-0.0401611328125,0.99334716796875,-0.008393567986786366,-0.0017320062033832073,0.002931087277829647,0.7168898582458496,-0.11843346059322357,2.406691789627075,-2.1675267219543457,0,0,0,0,0,
111250,0.04046630859375,-0.037353515625,0.99102783203125,-0.008260336704552174,0.0002664624771568924,0.0035972436890006065,0.7171697020530701,-0.11923523992300034,2.399688243865967,-2.1664512157440186,0,0,0,0,0,
111300,0.04302978515625,-0.03497314453125,0.9915771484375,-0.006528330966830254,-0.0013323124730959535,0.002797856228426099,0.7182571291923523,-0.11847394704818726,2.408043622970581,-2.1516222953796387,0,0,0,0,0,
111350,0.04107666015625,-0.0390625,0.99261474609375,-0.0094594182446599,-0.0009326186846010387,0.005196018610149622,0.7188335657119751,-0.11879002302885056,2.4040215015411377,-2.161634683609009,0,0,0,0,0,
111400,0.04132080078125,-0.034912109375,0.9918212890625,-0.009592649526894093,-0.0007993874605745077,0.004263399634510279,0.7191540002822876,-0.11760087311267853,2.402038335800171,-2.1468985080718994,0,0,0,0,0,
111450,0.04278564453125,-0.03912353515625,0.99151611328125,-0.006528330966830254,-0.0021316998172551394,0.0022649310994893312,0.7201114892959595,-0.117636539041996,2.408728837966919,-2.1579575538635254,0,0,0,0,0,
111500,0.04205322265625,-0.03680419921875,0.99078369140625,-0.009992343373596668,-0.0013323124730959535,0.004130168352276087,0.7211732864379883,-0.11734391748905182,2.41072940826416,-2.154710292816162,0,0,0,0,0,
111550,0.04107666015625,-0.03485107421875,0.99359130859375,-0.009326186962425709,-0.0011990811908617616,0.0022649310994893312,0.7216799855232239,-0.11560288071632385,2.406240224838257,-2.1399335861206055,0,0,0,0,0,
111600,0.04327392578125,-0.036865234375,0.9925537109375,-0.008926493115723133,-0.0010658499086275697,0.0022649310994893312,0.7230212688446045,-0.1138872504234314,2.415092706680298,-2.138446569442749,0,0,0,0,0,
111650,0.04058837890625,-0.03619384765625,0.990478515625,-0.008526799269020557,-0.0013323124730959535,0.003064318560063839,0.7235287427902222,-0.11186949163675308,2.4080963134765625,-2.133709669113159,0,0,0,0,0,
111700,0.04144287109375,-0.03814697265625,0.991455078125,-0.01079173106700182,-0.0011990811908617616,0.0018652373692020774,0.7238227128982544,-0.1107310950756073,2.406468391418457,-2.1404855251312256,0,0,0,0,0,
111750,0.04180908203125,-0.0364990234375,0.99261474609375,-0.011324656195938587,-0.0005329249543137848,0.003064318560063839,0.7241251468658447,-0.10934130847454071,2.406846761703491,-2.1368331909179688,0,0,0,0,0,
111800,0.039794921875,-0.03564453125,0.99090576171875,-0.009992343373596668,-0.0005329249543137848,0.002398162381723523,0.7233128547668457,-0.10730783641338348,2.3960025310516357,-2.1290066242218018,0,0,0,0,0,
111850,0.0435791015625,-0.03466796875,0.99237060546875,-0.007993875071406364,-0.002398162381723523,0.003064318560063839,0.7237519025802612,-0.1041756421327591,2.407703399658203,-2.115985870361328,0,0,0,0,0,
111900,0.0391845703125,-0.03631591796875,0.991943359375,-0.009592649526894093,-0.0005329249543137848,0.004929556045681238,0.722676694393158,-0.10114764422178268,2.3929994106292725,-2.1138956546783447,0,0,0,0,0,
111950,0.03857421875,-0.0357666015625,0.9896240234375,-0.009059724397957325,-0.001998468767851591,0.004796324763447046,0.7200897932052612,-0.09796744585037231,2.376807928085327,-2.1093456745147705,0,0,0,0,0,
112000,0.03985595703125,-0.03729248046875,0.991455078125,-0.00866003055125475,-0.0007993874605745077,0.0034640124067664146,0.7169976830482483,-0.09553537517786026,2.369168281555176,-2.1136467456817627,0,0,0,0,0,
112050,0.0416259765625,-0.03662109375,0.99261474609375,-0.009992343373596668,-0.0015987749211490154,0.0011990811908617616,0.7145203351974487,-0.09332038462162018,2.3722245693206787,-2.1133854389190674,0,0,0,0,0,
112100,0.0416259765625,-0.03515625,0.9913330078125,-0.009192955680191517,0.00039969373028725386,0.004130168352276087,0.712597668170929,-0.09048613160848618,2.375293254852295,-2.10497784614563,0,0,0,0,0,
112150,0.04119873046875,-0.03717041015625,0.99261474609375,-0.008793261833488941,-0.0007993874605745077,0.002931087277829647,0.710864782333374,-0.08831293135881424,2.3752691745758057,-2.1087541580200195,0,0,0,0,0,
112200,0.041259765625,-0.03692626953125,0.99102783203125,-0.008127106353640556,-0.0014655436389148235,0.002797856228426099,0.709376335144043,-0.08658980578184128,2.3759803771972656,-2.111081600189209,0,0,0,0,0,
112250,0.04052734375,-0.03717041015625,0.99261474609375,-0.009192955680191517,-0.0006661562365479767,0.001998468767851591,0.7076404690742493,-0.08535610884428024,2.3720178604125977,-2.114252805709839,0,0,0,0,0,
112300,0.04302978515625,-0.03753662109375,0.99371337890625,-0.009992343373596668,-0.0017320062033832073,0.0038637060206383467,0.7071370482444763,-0.08471660315990448,2.382606267929077,-2.1189610958099365,0,0,0,0,0,
112400,0.0416259765625,-0.03839111328125,0.99188232421875,-0.008260336704552174,0.0001332312385784462,0.002931087277829647,0.7026644349098206,-0.08412638306617737,2.365482807159424,-2.1262598037719727,0,0,0,0,0,
112450,0.043212890625,-0.03839111328125,0.99224853515625,-0.00866003055125475,-0.002531393663957715,0.0022649310994893312,0.7022101879119873,-0.08521391451358795,2.378122329711914,-2.1350016593933105,0,0,0,0,0,
112500,0.03875732421875,-0.03729248046875,0.9935302734375,-0.008526799269020557,-0.0005329249543137848,0.002931087277829647,0.7003421187400818,-0.08632265031337738,2.3635294437408447,-2.136301279067993,0,0,0,0,0,
112550,0.04144287109375,-0.03839111328125,0.99041748046875,-0.007860643789172173,-0.0001332312385784462,0.0038637060206383467,0.6989679932594299,-0.08813514560461044,2.366600513458252,-2.1444475650787354,0,0,0,0,0,
112600,0.042236328125,-0.03741455078125,0.99078369140625,-0.011191424913704395,-0.0015987749211490154,0.0022649310994893312,0.6984571218490601,-0.08992825448513031,2.373859405517578,-2.146066188812256,0,0,0,0,0,
112650,0.0401611328125,-0.03741455078125,0.99090576171875,-0.008393567986786366,-0.00039969373028725386,0.002931087277829647,0.6974518299102783,-0.09168698638677597,2.3684041500091553,-2.1475155353546143,0,0,0,0,0,
112700,0.04449462890625,-0.0384521484375,0.99249267578125,-0.008526799269020557,-0.0010658499086275697,0.004130168352276087,0.6985147595405579,-0.09396015852689743,2.3880810737609863,-2.154418706893921,0,0,0,0,0,
112750,0.04205322265625,-0.0364990234375,0.9913330078125,-0.00866003055125475,-0.0021316998172551394,0.004796324763447046,0.6998647451400757,-0.09552884846925735,2.392015218734741,-2.1496469974517822,0,0,0,0,0,
112800,0.03900146484375,-0.03790283203125,0.99261474609375,-0.007061256095767021,-0.0018652373692020774,0.003064318560063839,0.6996431350708008,-0.09729528427124023,2.3776485919952393,-2.153193235397339,0,0,0,0,0,
112850,0.04107666015625,-0.03564453125,0.99029541015625,-0.009059724397957325,0.00039969373028725386,0.0038637060206383467,0.6994041204452515,-0.09795090556144714,2.377253532409668,-2.1438515186309814,0,0,0,0,0,
112900,0.04052734375,-0.0374755859375,0.99176025390625,-0.008926493115723133,-0.0013323124730959535,0.0021316998172551394,0.6988001465797424,-0.09872447699308395,2.3733649253845215,-2.145686626434326,0,0,0,0,0,
112950,0.04205322265625,-0.03851318359375,0.9910888671875,-0.008926493115723133,-0.0006661562365479767,0.0035972436890006065,0.6988012790679932,-0.10019712895154953,2.3788111209869385,-2.1534509658813477,0,0,0,0,0,
113000,0.04010009765625,-0.03607177734375,0.99224853515625,-0.009592649526894093,-0.0006661562365479767,0.0034640124067664146,0.6981411576271057,-0.10079061985015869,2.3722002506256104,-2.146131992340088,0,0,0,0,0,
113050,0.04083251953125,-0.0384521484375,0.9927978515625,-0.009326186962425709,-0.00039969373028725386,0.0035972436890006065,0.697359025478363,-0.10202563554048538,2.3703198432922363,-2.1531407833099365,0,0,0,0,0,
113100,0.04254150390625,-0.03790283203125,0.9915771484375,-0.009725880809128284,-0.0022649310994893312,0.004796324763447046,0.6975003480911255,-0.1034761369228363,2.378772497177124,-2.1565306186676025,0,0,0,0,0,
113150,0.04022216796875,-0.03741455078125,0.99267578125,-0.008393567986786366,-0.0009326186846010387,0.003996937535703182,0.6970258355140686,-0.10478353500366211,2.372755765914917,-2.156550168991089,0,0,0,0,0,
113200,0.04107666015625,-0.03741455078125,0.99298095703125,-0.009859112091362476,-0.0005329249543137848,0.004263399634510279,0.6965423822402954,-0.10595452785491943,2.372191905975342,-2.1564934253692627,0,0,0,0,0,
113250,0.04168701171875,-0.03515625,0.9931640625,-0.01012557465583086,-0.0021316998172551394,0.002797856228426099,0.6964059472084045,-0.10569757223129272,2.375178098678589,-2.1433849334716797,0,0,0,0,0,
113300,0.0394287109375,-0.03826904296875,0.98980712890625,-0.008926493115723133,-0.0022649310994893312,0.004263399634510279,0.6953279376029968,-0.10615483671426773,2.365626096725464,-2.1502702236175537,0,0,0,0,0,
113350,0.041015625,-0.0386962890625,0.99139404296875,-0.008393567986786366,-0.0007993874605745077,0.002664624946191907,0.6943742036819458,-0.10739674419164658,2.365790843963623,-2.158573865890503,0,0,0,0,0,
113400,0.0377197265625,-0.036376953125,0.99114990234375,-0.0075941807590425014,-0.0010658499086275697,0.002931087277829647,0.6916389465332031,-0.1079331710934639,2.34702205657959,-2.1527609825134277,0,0,0,0,0,
113450,0.04107666015625,-0.0367431640625,0.992431640625,-0.009059724397957325,0.0002664624771568924,0.0045298621989786625,0.68939208984375,-0.1080731749534607,2.349170684814453,-2.1493332386016846,0,0,0,0,0,
113500,0.04376220703125,-0.03668212890625,0.9906005859375,-0.009725880809128284,-0.0009326186846010387,0.0035972436890006065,0.6891545057296753,-0.10789264738559723,2.367016315460205,-2.146267890930176,0,0,0,0,0,
113550,0.0411376953125,-0.03753662109375,0.9925537109375,-0.007993875071406364,-0.0009326186846010387,0.002931087277829647,0.6889870166778564,-0.10790698230266571,2.3674800395965576,-2.148036003112793,0,0,0,0,0,
113650,0.04351806640625,-0.035400390625,0.9892578125,-0.008526799269020557,-0.0017320062033832073,0.0034640124067664146,0.691807746887207,-0.10907390713691711,2.3904869556427,-2.148733615875244,0,0,0,0,0,
113700,0.0408935546875,-0.03857421875,0.99072265625,-0.009059724397957325,-0.0001332312385784462,0.003064318560063839,0.6933894157409668,-0.10983002185821533,2.387624502182007,-2.156635046005249,0,0,0,0,0,
113750,0.04473876953125,-0.03704833984375,0.99273681640625,-0.008926493115723133,-0.0009326186846010387,0.0034640124067664146,0.6967244148254395,-0.1102949008345604,2.4067399501800537,-2.1544787883758545,0,0,0,0,0,
113800,0.04229736328125,-0.0355224609375,0.9931640625,-0.009725880809128284,-0.0013323124730959535,0.0033307811245322227,0.7000300884246826,-0.10963282734155655,2.4097812175750732,-2.14367413520813,0,0,0,0,0,
113850,0.04156494140625,-0.038818359375,0.99176025390625,-0.007860643789172173,-0.0005329249543137848,0.0034640124067664146,0.7028878331184387,-0.10999516397714615,2.4086077213287354,-2.1532561779022217,0,0,0,0,0,
113900,0.04388427734375,-0.0369873046875,0.98992919921875,-0.009592649526894093,-0.0001332312385784462,0.0022649310994893312,0.7067369818687439,-0.11016581952571869,2.421379327774048,-2.1517016887664795,0,0,0,0,0,
113950,0.03997802734375,-0.0357666015625,0.99200439453125,-0.006794793531298637,-0.001998468767851591,0.004929556045681238,0.7090501189231873,-0.10943451523780823,2.4098684787750244,-2.142852783203125,0,0,0,0,0,
114000,0.03912353515625,-0.03863525390625,0.99176025390625,-0.008393567986786366,-0.0002664624771568924,0.004929556045681238,0.7096068263053894,-0.10963958501815796,2.3946170806884766,-2.1514852046966553,0,0,0,0,0,
114050,0.04241943359375,-0.03741455078125,0.9918212890625,-0.010392037220299244,-0.0018652373692020774,0.0018652373692020774,0.7106344103813171,-0.10989309847354889,2.3998825550079346,-2.152174711227417,0,0,0,0,0,
114100,0.04095458984375,-0.0367431640625,0.9913330078125,-0.007327718660235405,-0.0001332312385784462,0.002398162381723523,0.7112012505531311,-0.10980821400880814,2.3963029384613037,-2.1490442752838135,0,0,0,0,0,
114150,0.03851318359375,-0.03802490234375,0.9920654296875,-0.009059724397957325,-0.0014655436389148235,0.003064318560063839,0.7099633812904358,-0.11017520725727081,2.3788225650787354,-2.1534781455993652,0,0,0,0,0,
114200,0.039306640625,-0.037841796875,0.9910888671875,-0.009192955680191517,-0.0021316998172551394,0.002531393663957715,0.7077568769454956,-0.11081947386264801,2.367898464202881,-2.1566178798675537,0,0,0,0,0,
114250,0.04205322265625,-0.037109375,0.9918212890625,-0.008127106353640556,0.0,0.0034640124067664146,0.7063540816307068,-0.11124134063720703,2.3737287521362305,-2.1550381183624268,0,0,0,0,0,
114300,0.041259765625,-0.038330078125,0.99188232421875,-0.009326186962425709,0.00039969373028725386,0.0038637060206383467,0.7051563858985901,-0.11218194663524628,2.3743772506713867,-2.160647392272949,0,0,0,0,0,
114350,0.04217529296875,-0.0369873046875,0.99249267578125,-0.008260336704552174,-0.0006661562365479767,0.0045298621989786625,0.7046511173248291,-0.11274518072605133,2.380103349685669,-2.1578142642974854,0,0,0,0,0,
114400,0.04046630859375,-0.03778076171875,0.99163818359375,-0.009192955680191517,-0.00039969373028725386,0.002931087277829647,0.7037464380264282,-0.1134745329618454,2.3756043910980225,-2.160038709640503,0,0,0,0,0,
114450,0.04058837890625,-0.03765869140625,0.9925537109375,-0.009059724397957325,-0.0001332312385784462,0.003996937535703182,0.7025759816169739,-0.11424084007740021,2.372041940689087,-2.161137580871582,0,0,0,0,0,
114500,0.0426025390625,-0.036376953125,0.990478515625,-0.0074609494768083096,-0.0011990811908617616,0.002531393663957715,0.7024134993553162,-0.11433384567499161,2.380950927734375,-2.1551709175109863,0,0,0,0,0,
114550,0.0428466796875,-0.03839111328125,0.9927978515625,-0.0094594182446599,-0.0002664624771568924,0.002931087277829647,0.7031523585319519,-0.11499097943305969,2.3898022174835205,-2.160905122756958,0,0,0,0,0,
114600,0.03955078125,-0.0362548828125,0.99017333984375,-0.009059724397957325,-0.0015987749211490154,0.002664624946191907,0.7027793526649475,-0.1149270310997963,2.379422187805176,-2.1543514728546143,0,0,0,0,0,
114650,0.03997802734375,-0.03717041015625,0.99249267578125,-0.007727412041276693,-0.0022649310994893312,0.002531393663957715,0.7016992568969727,-0.11475665867328644,2.371978521347046,-2.1532232761383057,0,0,0,0,0,
114700,0.04229736328125,-0.03662109375,0.99334716796875,-0.008526799269020557,-0.0006661562365479767,0.004263399634510279,0.7013739943504333,-0.11416465789079666,2.3784468173980713,-2.148836612701416,0,0,0,0,0,
114750,0.04095458984375,-0.034423828125,0.99072265625,-0.007327718660235405,-0.0021316998172551394,0.0045298621989786625,0.700954258441925,-0.11202851682901382,2.3771770000457764,-2.132803201675415,0,0,0,0,0,
114800,0.04144287109375,-0.0394287109375,0.99249267578125,-0.008526799269020557,-0.0014655436389148235,0.003064318560063839,0.7006968259811401,-0.11150909960269928,2.378380060195923,-2.146834373474121,0,0,0,0,0,
114900,0.04254150390625,-0.03680419921875,0.99127197265625,-0.006794793531298637,-0.0021316998172551394,0.002931087277829647,0.7034974098205566,-0.10827817022800446,2.398449182510376,-2.1339974403381348,0,0,0,0,0,
114950,0.04071044921875,-0.0391845703125,0.990966796875,-0.009192955680191517,-0.0010658499086275697,0.002931087277829647,0.7045148611068726,-0.10813422501087189,2.393672227859497,-2.146838665008545,0,0,0,0,0,
115000,0.0430908203125,-0.03594970703125,0.993408203125,-0.008393567986786366,0.00039969373028725386,0.002931087277829647,0.7063165903091431,-0.10724092274904251,2.4025321006774902,-2.1392011642456055,0,0,0,0,0,
115050,0.044677734375,-0.03631591796875,0.989501953125,-0.00866003055125475,-0.0005329249543137848,0.002797856228426099,0.7097442150115967,-0.1060432717204094,2.42059326171875,-2.1352643966674805,0,0,0,0,0,
115100,0.04156494140625,-0.03662109375,0.99169921875,-0.009859112091362476,0.00039969373028725386,0.002931087277829647,0.7126071453094482,-0.10474258661270142,2.4183731079101562,-2.1330363750457764,0,0,0,0,0,
115150,0.0439453125,-0.037353515625,0.99139404296875,-0.007194487378001213,-0.0006661562365479767,0.0017320062033832073,0.7163626551628113,-0.1037980318069458,2.4301624298095703,-2.1352970600128174,0,0,0,0,0,
115200,0.03936767578125,-0.03839111328125,0.99267578125,-0.008793261833488941,-0.002664624946191907,0.0038637060206383467,0.7181331515312195,-0.10372613370418549,2.414067268371582,-2.1430790424346924,0,0,0,0,0,
115250,0.03997802734375,-0.03643798828125,0.99176025390625,-0.008260336704552174,0.0002664624771568924,0.004263399634510279,0.7186539173126221,-0.10325506329536438,2.403341054916382,-2.1390154361724854,0,0,0,0,0,
115300,0.0438232421875,-0.03759765625,0.99090576171875,-0.008526799269020557,-0.0006661562365479767,0.005196018610149622,0.7203930616378784,-0.10314872860908508,2.4160451889038086,-2.1421916484832764,0,0,0,0,0,
115350,0.04095458984375,-0.03753662109375,0.991455078125,-0.008793261833488941,-0.0018652373692020774,0.0033307811245322227,0.7214350700378418,-0.10329451411962509,2.4108128547668457,-2.144606590270996,0,0,0,0,0,
115400,0.042724609375,-0.03643798828125,0.98907470703125,-0.009059724397957325,0.0007993874605745077,0.003064318560063839,0.7229810357093811,-0.10305938869714737,2.4168944358825684,-2.1409432888031006,0,0,0,0,0,
115450,0.04473876953125,-0.0391845703125,0.9918212890625,-0.008393567986786366,-0.0011990811908617616,0.0022649310994893312,0.7260116934776306,-0.10404068231582642,2.4332873821258545,-2.152872323989868,0,0,0,0,0,
115500,0.03997802734375,-0.0380859375,0.991943359375,-0.008926493115723133,-0.0001332312385784462,0.0037304747384041548,0.7274681329727173,-0.10536561161279678,2.4205760955810547,-2.157289981842041,0,0,0,0,0,
115550,0.04278564453125,-0.0382080078125,0.99237060546875,-0.007993875071406364,0.0,0.003996937535703182,0.7292428612709045,-0.10701409727334976,2.425215244293213,-2.1618504524230957,0,0,0,0,0,
115600,0.0419921875,-0.035400390625,0.9925537109375,-0.009992343373596668,-0.0022649310994893312,0.0037304747384041548,0.7307984232902527,-0.10728642344474792,2.4247984886169434,-2.1497373580932617,0,0,0,0,0,
115650,0.037109375,-0.03680419921875,0.9913330078125,-0.007993875071406364,0.0015987749211490154,0.0034640124067664146,0.7293750047683716,-0.10728149116039276,2.396564483642578,-2.1472370624542236,0,0,0,0,0,
115700,0.0435791015625,-0.03765869140625,0.991455078125,-0.008926493115723133,0.0005329249543137848,0.004263399634510279,0.7292781472206116,-0.10753611475229263,2.4084062576293945,-2.149827718734741,0,0,0,0,0,
115750,0.03839111328125,-0.03656005859375,0.99224853515625,-0.008793261833488941,-0.0014655436389148235,0.005462481174618006,0.7272483110427856,-0.10735262185335159,2.388979911804199,-2.1457011699676514,0,0,0,0,0,
115800,0.04180908203125,-0.03790283203125,0.9931640625,-0.00866003055125475,0.0006661562365479767,0.002664624946191907,0.725619912147522,-0.10756725072860718,2.3909642696380615,-2.14949893951416,0,0,0,0,0,
115850,0.04345703125,-0.03912353515625,0.990966796875,-0.010525268502533436,0.0005329249543137848,0.0034640124067664146,0.7253344655036926,-0.1088518276810646,2.4027652740478516,-2.1604130268096924,0,0,0,0,0,
115900,0.03802490234375,-0.0357666015625,0.99090576171875,-0.009192955680191517,-0.0033307811245322227,0.0018652373692020774,0.7230133414268494,-0.10906149446964264,2.3821237087249756,-2.1509485244750977,0,0,0,0,0,
115950,0.04083251953125,-0.03759765625,0.9910888671875,-0.007860643789172173,-0.00039969373028725386,0.003197549842298031,0.7206786870956421,-0.10944736748933792,2.379666566848755,-2.1529202461242676,0,0,0,0,0,
116000,0.04522705078125,-0.03814697265625,0.9910888671875,-0.008393567986786366,-0.0021316998172551394,0.0038637060206383467,0.7208889722824097,-0.11028484255075455,2.4027812480926514,-2.1578221321105957,0,0,0,0,0,
116050,0.0377197265625,-0.03570556640625,0.99078369140625,-0.007860643789172173,-0.002398162381723523,0.0045298621989786625,0.7188405990600586,-0.11008556932210922,2.3804054260253906,-2.148292064666748,0,0,0,0,0,
116150,0.03997802734375,-0.0355224609375,0.99188232421875,-0.009859112091362476,-0.0014655436389148235,0.005462481174618006,0.7150694131851196,-0.11092836409807205,2.3753714561462402,-2.149263858795166,0,0,0,0,0,
116200,0.04034423828125,-0.03692626953125,0.990966796875,-0.008260336704552174,-0.0005329249543137848,0.002797856228426099,0.7126433253288269,-0.11059191823005676,2.3708088397979736,-2.147563934326172,0,0,0,0,0,
116250,0.0435791015625,-0.0380859375,0.99102783203125,-0.010658499784767628,-0.0013323124730959535,0.0035972436890006065,0.7119117379188538,-0.11080057919025421,2.3853273391723633,-2.1526784896850586,0,0,0,0,0,
116300,0.03961181640625,-0.035888671875,0.9932861328125,-0.008260336704552174,-0.00039969373028725386,0.004263399634510279,0.7102206945419312,-0.1101365014910698,2.3750016689300537,-2.1441597938537598,0,0,0,0,0,
116350,0.04296875,-0.03875732421875,0.99285888671875,-0.010392037220299244,0.0005329249543137848,0.002797856228426099,0.7097121477127075,-0.1104322150349617,2.3851356506347656,-2.1530935764312744,0,0,0,0,0,
116400,0.0413818359375,-0.03521728515625,0.9930419921875,-0.009059724397957325,-0.0014655436389148235,0.003197549842298031,0.7092505097389221,-0.1094592958688736,2.385096311569214,-2.140702962875366,0,0,0,0,0,
116450,0.04034423828125,-0.0364990234375,0.99237060546875,-0.007727412041276693,-0.0001332312385784462,0.004263399634510279,0.7082485556602478,-0.10822279751300812,2.3792312145233154,-2.137094259262085,0,0,0,0,0,
116500,0.04376220703125,-0.03997802734375,0.99249267578125,-0.01012557465583086,-0.0002664624771568924,0.004263399634510279,0.7087824940681458,-0.10878445208072662,2.393587827682495,-2.153839349746704,0,0,0,0,0,
116550,0.0406494140625,-0.03570556640625,0.9913330078125,-0.009326186962425709,-0.0021316998172551394,0.004663093481212854,0.7087931036949158,-0.1083625853061676,2.3888888359069824,-2.1445658206939697,0,0,0,0,0,
116600,0.0421142578125,-0.03759765625,0.9918212890625,-0.006395099684596062,-0.0022649310994893312,0.0045298621989786625,0.7092103958129883,-0.10822681337594986,2.3929662704467773,-2.1470048427581787,0,0,0,0,0,
116650,0.0428466796875,-0.0367431640625,0.992919921875,-0.010658499784767628,-0.00039969373028725386,0.002797856228426099,0.7103492617607117,-0.10780736058950424,2.4005990028381348,-2.1440322399139404,0,0,0,0,0,
116700,0.04071044921875,-0.03533935546875,0.9901123046875,-0.008793261833488941,-0.0011990811908617616,0.0037304747384041548,0.7108991742134094,-0.10641564428806305,2.3958487510681152,-2.133890151977539,0,0,0,0,0,
116750,0.04290771484375,-0.0400390625,0.99383544921875,-0.009059724397957325,-0.002664624946191907,0.002797856228426099,0.7121386528015137,-0.1068766787648201,2.403294086456299,-2.1510260105133057,0,0,0,0,0,
116800,0.041259765625,-0.0391845703125,0.99151611328125,-0.010392037220299244,-0.0013323124730959535,0.0037304747384041548,0.7130314111709595,-0.10839281976222992,2.401066780090332,-2.1620380878448486,0,0,0,0,0,
116850,0.04302978515625,-0.03546142578125,0.990234375,-0.008260336704552174,-0.0009326186846010387,0.002931087277829647,0.7146888375282288,-0.10862893611192703,2.4096055030822754,-2.150753974914551,0,0,0,0,0,
116900,0.04071044921875,-0.03851318359375,0.99285888671875,-0.008793261833488941,-0.0014655436389148235,0.0038637060206383467,0.715546190738678,-0.10952994972467422,2.4032623767852783,-2.1576390266418457,0,0,0,0,0,
116950,0.03912353515625,-0.0362548828125,0.99212646484375,-0.008793261833488941,0.0,0.002531393663957715,0.7148523330688477,-0.1096763163805008,2.3886077404022217,-2.150993585586548,0,0,0,0,0,
117000,0.04345703125,-0.037353515625,0.9901123046875,-0.008793261833488941,-0.0001332312385784462,0.003996937535703182,0.7154536247253418,-0.10988276451826096,2.400865316390991,-2.151740789413452,0,0,0,0,0,
117050,0.0401611328125,-0.03887939453125,0.9925537109375,-0.009992343373596668,-0.0010658499086275697,0.0035972436890006065,0.7151384353637695,-0.11096540093421936,2.392301559448242,-2.1607091426849365,0,0,0,0,0,
117100,0.0439453125,-0.03424072265625,0.99066162109375,-0.008793261833488941,-0.0005329249543137848,0.004263399634510279,0.7163146734237671,-0.11011076718568802,2.4069008827209473,-2.1424190998077393,0,0,0,0,0,
117150,0.0433349609375,-0.03729248046875,0.9923095703125,-0.008260336704552174,-0.0013323124730959535,0.002931087277829647,0.7182928919792175,-0.10941951721906662,2.4160969257354736,-2.143198251724243,0,0,0,0,0,
117200,0.0377197265625,-0.03851318359375,0.9910888671875,-0.009326186962425709,-0.0022649310994893312,0.004130168352276087,0.7176932096481323,-0.10960253328084946,2.392296075820923,-2.151249647140503,0,0,0,0,0,
117250,0.0433349609375,-0.0377197265625,0.99237060546875,-0.008926493115723133,-0.0011990811908617616,0.00506278732791543,0.7182173132896423,-0.11000172793865204,2.4029345512390137,-2.153594493865967,0,0,0,0,0,
117300,0.04052734375,-0.038818359375,0.99169921875,-0.009326186962425709,-0.0013323124730959535,0.0037304747384041548,0.7180436849594116,-0.11122236400842667,2.3964812755584717,-2.162208080291748,0,0,0,0,0,
117400,0.04534912109375,-0.036865234375,0.990966796875,-0.008926493115723133,-0.0002664624771568924,0.003996937535703182,0.7161755561828613,-0.1106673926115036,2.3997132778167725,-2.147301435470581,0,0,0,0,0,
117450,0.04302978515625,-0.0364990234375,0.992431640625,-0.008127106353640556,-0.0011990811908617616,0.005728943273425102,0.7173428535461426,-0.1099000945687294,2.407848358154297,-2.1429944038391113,0,0,0,0,0,
117500,0.0416259765625,-0.03619384765625,0.9912109375,-0.007860643789172173,-0.0011990811908617616,0.0038637060206383467,0.7183462381362915,-0.1086735650897026,2.407376766204834,-2.137634754180908,0,0,0,0,0,
117550,0.0419921875,-0.039794921875,0.9886474609375,-0.008127106353640556,-0.0009326186846010387,0.0037304747384041548,0.7194768190383911,-0.10921851545572281,2.409651756286621,-2.154123067855835,0,0,0,0,0,
117600,0.04107666015625,-0.0361328125,0.9920654296875,-0.009326186962425709,-0.0009326186846010387,0.002931087277829647,0.7200917601585388,-0.10900840908288956,2.4056262969970703,-2.1471173763275146,0,0,0,0,0,
117650,0.04107666015625,-0.03692626953125,0.99078369140625,-0.007993875071406364,-0.0001332312385784462,0.0045298621989786625,0.7203131914138794,-0.1086740642786026,2.402306079864502,-2.145664930343628,0,0,0,0,0,
117700,0.04180908203125,-0.04010009765625,0.99261474609375,-0.009326186962425709,-0.0018652373692020774,0.0022649310994893312,0.7205888032913208,-0.11003216356039047,2.403069257736206,-2.162255048751831,0,0,0,0,0,
117750,0.04229736328125,-0.03619384765625,0.989990234375,-0.01012557465583086,-0.0013323124730959535,0.004130168352276087,0.7212540507316589,-0.11055169254541397,2.4072413444519043,-2.1552274227142334,0,0,0,0,0,
117800,0.04046630859375,-0.035888671875,0.99163818359375,-0.0075941807590425014,-0.0022649310994893312,0.002531393663957715,0.7211329936981201,-0.1101766973733902,2.4000437259674072,-2.146801710128784,0,0,0,0,0,
117850,0.0416259765625,-0.03814697265625,0.99261474609375,-0.009725880809128284,0.0002664624771568924,0.002931087277829647,0.7210192084312439,-0.11036088317632675,2.3999955654144287,-2.1520185470581055,0,0,0,0,0,
117900,0.0421142578125,-0.03387451171875,0.99310302734375,-0.009859112091362476,-0.0014655436389148235,0.0035972436890006065,0.7211859822273254,-0.10852210223674774,2.4026873111724854,-2.1319730281829834,0,0,0,0,0,
117950,0.04132080078125,-0.03851318359375,0.99383544921875,-0.007194487378001213,-0.0007993874605745077,0.0035972436890006065,0.7210991382598877,-0.1077222153544426,2.400317907333374,-2.1405231952667236,0,0,0,0,0,
118000,0.0445556640625,-0.03656005859375,0.99053955078125,-0.009992343373596668,-0.0010658499086275697,0.002664624946191907,0.7227533459663391,-0.10671399533748627,2.4176416397094727,-2.1376399993896484,0,0,0,0,0,
118050,0.04229736328125,-0.0379638671875,0.9915771484375,-0.007860643789172173,-0.0021316998172551394,0.0045298621989786625,0.7244735360145569,-0.10633603483438492,2.419955253601074,-2.1429343223571777,0,0,0,0,0,
118100,0.04132080078125,-0.03851318359375,0.9935302734375,-0.010924962349236012,-0.0011990811908617616,0.0045298621989786625,0.7256191968917847,-0.1067475751042366,2.4159302711486816,-2.150451421737671,0,0,0,0,0,
118150,0.0421142578125,-0.03582763671875,0.9906005859375,-0.008926493115723133,-0.0013323124730959535,0.0034640124067664146,0.7268189191818237,-0.10630927234888077,2.417616367340088,-2.142364501953125,0,0,0,0,0,
118200,0.03839111328125,-0.03765869140625,0.99139404296875,-0.008127106353640556,-0.0007993874605745077,0.0033307811245322227,0.7258837819099426,-0.1062285304069519,2.397467851638794,-2.1455018520355225,0,0,0,0,0,
118250,0.03948974609375,-0.03997802734375,0.98992919921875,-0.00866003055125475,-0.0015987749211490154,0.004396630916744471,0.7238948941230774,-0.10780604928731918,2.3859951496124268,-2.162003755569458,0,0,0,0,0,
118300,0.04229736328125,-0.0377197265625,0.9923095703125,-0.008526799269020557,0.0002664624771568924,0.004396630916744471,0.7226353883743286,-0.10935497283935547,2.3912997245788574,-2.163295269012451,0,0,0,0,0,
118350,0.041259765625,-0.03887939453125,0.9923095703125,-0.009192955680191517,-0.0006661562365479767,0.002398162381723523,0.7213801145553589,-0.11153464019298553,2.390082597732544,-2.171151638031006,0,0,0,0,0,
118400,0.044921875,-0.03790283203125,0.99066162109375,-0.009992343373596668,0.0002664624771568924,0.0034640124067664146,0.7222921848297119,-0.11367310583591461,2.4105007648468018,-2.172919273376465,0,0,0,0,0,
118450,0.03948974609375,-0.0362548828125,0.9906005859375,-0.007327718660235405,-0.00039969373028725386,0.0045298621989786625,0.7218227386474609,-0.11481303721666336,2.397597312927246,-2.165072441101074,0,0,0,0,0,
118500,0.04107666015625,-0.03717041015625,0.9915771484375,-0.009725880809128284,-0.0007993874605745077,0.002931087277829647,0.7211291193962097,-0.11563782393932343,2.3948867321014404,-2.1630609035491943,0,0,0,0,0,
118550,0.04339599609375,-0.03631591796875,0.99249267578125,-0.009192955680191517,-0.002664624946191907,0.0034640124067664146,0.7215765118598938,-0.11568450182676315,2.4056031703948975,-2.156104564666748,0,0,0,0,0,
118650,0.04327392578125,-0.03948974609375,0.99053955078125,-0.0094594182446599,-0.0001332312385784462,0.004263399634510279,0.7224794626235962,-0.11804081499576569,2.4109842777252197,-2.173717737197876,0,0,0,0,0,
118700,0.03961181640625,-0.03668212890625,0.9910888671875,-0.009725880809128284,-0.0014655436389148235,0.004263399634510279,0.7220929265022278,-0.11905141919851303,2.3986144065856934,-2.168146848678589,0,0,0,0,0,
118750,0.0399169921875,-0.03765869140625,0.99114990234375,-0.008926493115723133,0.0,0.004130168352276087,0.7208051681518555,-0.12002092599868774,2.3892154693603516,-2.1687464714050293,0,0,0,0,0,
118800,0.04388427734375,-0.0386962890625,0.9923095703125,-0.010258805938065052,-0.0011990811908617616,0.0017320062033832073,0.7210583090782166,-0.12151668220758438,2.403337001800537,-2.174978494644165,0,0,0,0,0,
118850,0.04351806640625,-0.0357666015625,0.991943359375,-0.008526799269020557,-0.002398162381723523,0.002797856228426099,0.7223573327064514,-0.12174312770366669,2.414048433303833,-2.16378116607666,0,0,0,0,0,
118900,0.04254150390625,-0.04034423828125,0.99261474609375,-0.009592649526894093,-0.0013323124730959535,0.004130168352276087,0.7239070534706116,-0.1235642209649086,2.4178545475006104,-2.1799540519714355,0,0,0,0,0,
118950,0.042724609375,-0.037353515625,0.9896240234375,-0.009326186962425709,-0.0011990811908617616,0.002664624946191907,0.7258254289627075,-0.12500004470348358,2.423090934753418,-2.177922487258911,0,0,0,0,0,
119000,0.03985595703125,-0.03607177734375,0.99053955078125,-0.009192955680191517,-0.00039969373028725386,0.004396630916744471,0.7263485193252563,-0.12535296380519867,2.4110562801361084,-2.1685292720794678,0,0,0,0,0,
119050,0.041015625,-0.0401611328125,0.99273681640625,-0.009592649526894093,0.0005329249543137848,0.004396630916744471,0.7263475656509399,-0.12713377177715302,2.406339168548584,-2.1831610202789307,0,0,0,0,0,
119100,0.04296875,-0.036376953125,0.99072265625,-0.009192955680191517,-0.0014655436389148235,0.004130168352276087,0.7271003723144531,-0.12791398167610168,2.4138755798339844,-2.174935817718506,0,0,0,0,0,
119150,0.04010009765625,-0.037841796875,0.99102783203125,-0.009326186962425709,-0.0013323124730959535,0.005329249892383814,0.7267937660217285,-0.12871631979942322,2.404034376144409,-2.1759374141693115,0,0,0,0,0,
119200,0.04486083984375,-0.03851318359375,0.9918212890625,-0.01079173106700182,0.0002664624771568924,0.003197549842298031,0.728356659412384,-0.1298939287662506,2.4224226474761963,-2.180492401123047,0,0,0,0,0,
119250,0.0435791015625,-0.0379638671875,0.9901123046875,-0.008127106353640556,-0.003197549842298031,0.0022649310994893312,0.7307215332984924,-0.13108566403388977,2.4320054054260254,-2.1818113327026367,0,0,0,0,0,
119300,0.0394287109375,-0.039306640625,0.9918212890625,-0.009192955680191517,-0.0005329249543137848,0.002931087277829647,0.7312766313552856,-0.13301753997802734,2.4162728786468506,-2.1904044151306152,0,0,0,0,0,
119350,0.0450439453125,-0.03814697265625,0.9913330078125,-0.009859112091362476,-0.0021316998172551394,0.004929556045681238,0.7336105108261108,-0.13486641645431519,2.4346156120300293,-2.1915063858032227,0,0,0,0,0,
119400,0.04095458984375,-0.037353515625,0.99169921875,-0.00866003055125475,-0.0001332312385784462,0.004796324763447046,0.7349961996078491,-0.13616785407066345,2.427467107772827,-2.187880754470825,0,0,0,0,0,
119450,0.04217529296875,-0.03851318359375,0.991943359375,-0.009192955680191517,-0.0005329249543137848,0.0033307811245322227,0.7362965941429138,-0.137674942612648,2.4280002117156982,-2.1912386417388916,0,0,0,0,0,
119500,0.04248046875,-0.03607177734375,0.990478515625,-0.0094594182446599,-0.0017320062033832073,0.0034640124067664146,0.7377289533615112,-0.1379578560590744,2.4306201934814453,-2.180504083633423,0,0,0,0,0,
119550,0.04083251953125,-0.0364990234375,0.99261474609375,-0.009326186962425709,-0.00039969373028725386,0.003996937535703182,0.738251268863678,-0.13744740188121796,2.42295241355896,-2.1728532314300537,0,0,0,0,0,
119600,0.03973388671875,-0.038330078125,0.9913330078125,-0.008526799269020557,-0.0014655436389148235,0.0038637060206383467,0.7374275922775269,-0.13738414645195007,2.4100143909454346,-2.1768147945404053,0,0,0,0,0,
119650,0.044677734375,-0.0361328125,0.99249267578125,-0.009192955680191517,-0.0010658499086275697,0.002531393663957715,0.7383455038070679,-0.13638712465763092,2.4266064167022705,-2.1674139499664307,0,0,0,0,0,
119700,0.03759765625,-0.0377197265625,0.9930419921875,-0.008926493115723133,-0.002398162381723523,0.004396630916744471,0.736569344997406,-0.13555315136909485,2.400583505630493,-2.1680474281311035,0,0,0,0,0,
119750,0.04217529296875,-0.039306640625,0.9906005859375,-0.008926493115723133,-0.00039969373028725386,0.004663093481212854,0.7353246808052063,-0.13582344353199005,2.404123067855835,-2.178256034851074,0,0,0,0,0,
119800,0.04290771484375,-0.03436279296875,0.99151611328125,-0.007860643789172173,-0.0009326186846010387,0.006128637120127678,0.7349277138710022,-0.13411486148834229,2.4113547801971436,-2.1587376594543457,0,0,0,0,0,
119900,0.0438232421875,-0.03753662109375,0.9913330078125,-0.007727412041276693,-0.0011990811908617616,0.0033307811245322227,0.7329704761505127,-0.13094867765903473,2.410862922668457,-2.157895565032959,0,0,0,0,0,
119950,0.0399169921875,-0.035888671875,0.99267578125,-0.008926493115723133,-0.0035972436890006065,0.001998468767851591,0.7316622734069824,-0.12875236570835114,2.399888753890991,-2.1489856243133545,0,0,0,0,0,
120000,0.03826904296875,-0.03765869140625,0.99151611328125,-0.008526799269020557,0.00039969373028725386,0.001998468767851591,0.7285738587379456,-0.12702074646949768,2.3807780742645264,-2.1514360904693604,0,0,0,0,0,
120050,0.04229736328125,-0.0355224609375,0.9915771484375,-0.007993875071406364,-0.0002664624771568924,0.0033307811245322227,0.7263965010643005,-0.12444642931222916,2.3868000507354736,-2.141277551651001,0,0,0,0,0,
120100,0.04180908203125,-0.036865234375,0.99261474609375,-0.008127106353640556,-0.0011990811908617616,0.0045298621989786625,0.7246713042259216,-0.12196739763021469,2.3891444206237793,-2.1396560668945312,0,0,0,0,0,
120150,0.0391845703125,-0.0379638671875,0.99176025390625,-0.009326186962425709,0.0006661562365479767,0.002931087277829647,0.721836507320404,-0.12024438381195068,2.376323699951172,-2.1447372436523438,0,0,0,0,0,
120200,0.03900146484375,-0.03802490234375,0.991455078125,-0.008526799269020557,-0.0013323124730959535,0.00506278732791543,0.7180330157279968,-0.11919287592172623,2.363801956176758,-2.1497292518615723,0,0,0,0,0,
120250,0.04132080078125,-0.03863525390625,0.990234375,-0.008260336704552174,-0.0017320062033832073,0.0037304747384041548,0.7148481607437134,-0.1190720871090889,2.3661844730377197,-2.157984972000122,0,0,0,0,0,
120300,0.0439453125,-0.03631591796875,0.9913330078125,-0.008926493115723133,-0.0013323124730959535,0.004396630916744471,0.7136850357055664,-0.11834315210580826,2.3832168579101562,-2.151782751083374,0,0,0,0,0,
120350,0.04193115234375,-0.0369873046875,0.9920654296875,-0.00866003055125475,-0.002398162381723523,0.002664624946191907,0.7129919528961182,-0.11750195920467377,2.386754035949707,-2.1499311923980713,0,0,0,0,0,
120400,0.041015625,-0.03802490234375,0.9906005859375,-0.01012557465583086,0.0005329249543137848,0.004663093481212854,0.7121930718421936,-0.11720892041921616,2.385003089904785,-2.154571533203125,0,0,0,0,0,
120450,0.039794921875,-0.03515625,0.99114990234375,-0.009192955680191517,-0.0014655436389148235,0.002664624946191907,0.7106020450592041,-0.11569808423519135,2.3762831687927246,-2.1421005725860596,0,0,0,0,0,
120500,0.04156494140625,-0.03717041015625,0.99200439453125,-0.009859112091362476,-0.001998468767851591,0.004796324763447046,0.709383487701416,-0.11435726284980774,2.3784167766571045,-2.142289876937866,0,0,0,0,0,
120550,0.03936767578125,-0.036376953125,0.9931640625,-0.0094594182446599,-0.0010658499086275697,0.0037304747384041548,0.7071853280067444,-0.11268715560436249,2.3674018383026123,-2.1376562118530273,0,0,0,0,0,
120600,0.04156494140625,-0.0367431640625,0.9912109375,-0.009592649526894093,-0.0005329249543137848,0.0034640124067664146,0.7055284380912781,-0.11101814359426498,2.3706161975860596,-2.1359970569610596,0,0,0,0,0,
120650,0.0399169921875,-0.037841796875,0.989990234375,-0.008793261833488941,-0.0014655436389148235,0.004663093481212854,0.7034046649932861,-0.11002789437770844,2.364291191101074,-2.141115665435791,0,0,0,0,0,
120700,0.0391845703125,-0.0367431640625,0.9931640625,-0.009859112091362476,-0.0010658499086275697,0.0033307811245322227,0.7004273533821106,-0.10889624804258347,2.3536312580108643,-2.138711452484131,0,0,0,0,0,
120750,0.04193115234375,-0.03485107421875,0.9892578125,-0.009059724397957325,-0.001998468767851591,0.004130168352276087,0.6984660625457764,-0.10665193945169449,2.360814332962036,-2.126453161239624,0,0,0,0,0,
120800,0.03961181640625,-0.03778076171875,0.99212646484375,-0.008926493115723133,-0.0015987749211490154,0.001998468767851591,0.6959396004676819,-0.10515858978033066,2.353201389312744,-2.131718397140503,0,0,0,0,0,
120850,0.0400390625,-0.0360107421875,0.99151611328125,-0.00866003055125475,-0.0010658499086275697,0.004796324763447046,0.6932429671287537,-0.10328053683042526,2.348973512649536,-2.126378059387207,0,0,0,0,0,
120900,0.0400390625,-0.037841796875,0.992919921875,-0.007860643789172173,-0.0022649310994893312,0.004130168352276087,0.6904007792472839,-0.10213529318571091,2.3448212146759033,-2.1318280696868896,0,0,0,0,0,
120950,0.03924560546875,-0.03656005859375,0.9920654296875,-0.010525268502533436,-0.0001332312385784462,0.0034640124067664146,0.6870330572128296,-0.1008751168847084,2.336723804473877,-2.129533529281616,0,0,0,0,0,
121000,0.040771484375,-0.03546142578125,0.99029541015625,-0.008926493115723133,-0.00039969373028725386,0.003064318560063839,0.6841955184936523,-0.09893754124641418,2.3386576175689697,-2.1214993000030518,0,0,0,0,0,
121050,0.03839111328125,-0.03643798828125,0.9912109375,-0.008526799269020557,-0.0015987749211490154,0.003197549842298031,0.6804211139678955,-0.09701616317033768,2.326451539993286,-2.1197237968444824,0,0,0,0,0,
121150,0.04022216796875,-0.0347900390625,0.9921875,-0.007061256095767021,-0.0006661562365479767,0.004929556045681238,0.6743595004081726,-0.09030812978744507,2.328092575073242,-2.096950054168701,0,0,0,0,0,
121200,0.04248046875,-0.0364990234375,0.99078369140625,-0.009059724397957325,0.0001332312385784462,0.0037304747384041548,0.6729852557182312,-0.08708085864782333,2.3406174182891846,-2.0980353355407715,0,0,0,0,0,
121250,0.0428466796875,-0.0382080078125,0.9896240234375,-0.009992343373596668,-0.0007993874605745077,0.003064318560063839,0.6731129884719849,-0.08528366684913635,2.3542628288269043,-2.1091089248657227,0,0,0,0,0,
121300,0.04071044921875,-0.03680419921875,0.990234375,-0.00866003055125475,-0.0010658499086275697,0.002797856228426099,0.6732112765312195,-0.08384238928556442,2.354095697402954,-2.110870838165283,0,0,0,0,0,
121350,0.04071044921875,-0.03607177734375,0.9923095703125,-0.007993875071406364,0.0009326186846010387,0.002398162381723523,0.6732361912727356,-0.0822373628616333,2.3534605503082275,-2.1077921390533447,0,0,0,0,0,
121400,0.0439453125,-0.03643798828125,0.99102783203125,-0.009592649526894093,-0.0013323124730959535,0.0033307811245322227,0.6750967502593994,-0.08075133711099625,2.3718416690826416,-2.107377052307129,0,0,0,0,0,
121450,0.03973388671875,-0.0355224609375,0.99090576171875,-0.008793261833488941,-0.0015987749211490154,0.002664624946191907,0.6760008931159973,-0.07885482162237167,2.36413836479187,-2.1017861366271973,0,0,0,0,0,
121500,0.04058837890625,-0.037109375,0.993408203125,-0.008260336704552174,0.0002664624771568924,0.00506278732791543,0.6765531897544861,-0.07750619947910309,2.3615241050720215,-2.1053686141967773,0,0,0,0,0,
121550,0.0443115234375,-0.03839111328125,0.99127197265625,-0.009326186962425709,-0.0017320062033832073,0.0022649310994893312,0.6790111064910889,-0.07739586383104324,2.381132125854492,-2.1164028644561768,0,0,0,0,0,
121600,0.038818359375,-0.0367431640625,0.99005126953125,-0.009725880809128284,-0.0006661562365479767,0.004929556045681238,0.6798515915870667,-0.07737026363611221,2.3674161434173584,-2.1171398162841797,0,0,0,0,0,
121650,0.04156494140625,-0.03607177734375,0.99346923828125,-0.0094594182446599,0.0,0.003197549842298031,0.6808761954307556,-0.07695121318101883,2.3700976371765137,-2.1131796836853027,0,0,0,0,0,
121700,0.04083251953125,-0.0350341796875,0.992431640625,-0.01012557465583086,-0.0010658499086275697,0.001998468767851591,0.6816430687904358,-0.07564232498407364,2.3685450553894043,-2.1038622856140137,0,0,0,0,0,
121750,0.03790283203125,-0.03631591796875,0.99188232421875,-0.009192955680191517,0.0001332312385784462,0.002797856228426099,0.6805167198181152,-0.07437892258167267,2.3503801822662354,-2.103008270263672,0,0,0,0,0,
121800,0.040283203125,-0.03704833984375,0.99237060546875,-0.008393567986786366,0.0,0.002531393663957715,0.6792281866073608,-0.07357481122016907,2.3476314544677734,-2.106337785720825,0,0,0,0,0,
121850,0.040771484375,-0.03472900390625,0.99285888671875,-0.008127106353640556,-0.0015987749211490154,0.0035972436890006065,0.6780930161476135,-0.07180304080247879,2.347876787185669,-2.0958571434020996,0,0,0,0,0,
121900,0.0404052734375,-0.039306640625,0.9920654296875,-0.008793261833488941,-0.0007993874605745077,0.002797856228426099,0.6768971681594849,-0.07192094624042511,2.346134662628174,-2.1129820346832275,0,0,0,0,0,
121950,0.0435791015625,-0.037109375,0.9915771484375,-0.0094594182446599,-0.0002664624771568924,0.002398162381723523,0.677506685256958,-0.07230934500694275,2.362992525100708,-2.11580491065979,0,0,0,0,0,
122000,0.0396728515625,-0.03546142578125,0.99261474609375,-0.008260336704552174,0.0005329249543137848,0.001998468767851591,0.6772980690002441,-0.07194448262453079,2.3554208278656006,-2.1086606979370117,0,0,0,0,0,
122050,0.04315185546875,-0.0380859375,0.99139404296875,-0.009725880809128284,-0.00039969373028725386,0.005462481174618006,0.6784604787826538,-0.07250874489545822,2.368922233581543,-2.117587089538574,0,0,0,0,0,
122100,0.040283203125,-0.03533935546875,0.9920654296875,-0.00866003055125475,-0.0017320062033832073,0.004396630916744471,0.6790550947189331,-0.07222510129213333,2.3644065856933594,-2.1096723079681396,0,0,0,0,0,
122150,0.03955078125,-0.03924560546875,0.9913330078125,-0.009592649526894093,-0.0002664624771568924,0.003996937535703182,0.6787756085395813,-0.07352524250745773,2.3562605381011963,-2.1252264976501465,0,0,0,0,0,
122200,0.04461669921875,-0.0374755859375,0.9925537109375,-0.010258805938065052,-0.002398162381723523,0.003996937535703182,0.680682897567749,-0.07504449039697647,2.3778488636016846,-2.1287176609039307,0,0,0,0,0,
122250,0.03863525390625,-0.03741455078125,0.992919921875,-0.009059724397957325,-0.0002664624771568924,0.0013323124730959535,0.6808868646621704,-0.0766882374882698,2.3627231121063232,-2.131481885910034,0,0,0,0,0,
122300,0.04241943359375,-0.03594970703125,0.99090576171875,-0.008926493115723133,0.0015987749211490154,0.0033307811245322227,0.6819389462471008,-0.07761194556951523,2.371407985687256,-2.125925302505493,0,0,0,0,0,
122400,0.0374755859375,-0.0362548828125,0.99090576171875,-0.009992343373596668,-0.0011990811908617616,0.002664624946191907,0.6824058294296265,-0.0791424885392189,2.3544085025787354,-2.1240808963775635,0,0,0,0,0,
122450,0.041015625,-0.036376953125,0.9927978515625,-0.009992343373596668,0.0010658499086275697,0.002531393663957715,0.681703507900238,-0.07936166971921921,2.3553826808929443,-2.1213343143463135,0,0,0,0,0,
122500,0.0408935546875,-0.0379638671875,0.99066162109375,-0.007993875071406364,-0.0021316998172551394,0.001998468767851591,0.6811379790306091,-0.08027218282222748,2.356048107147217,-2.128466844558716,0,0,0,0,0,
122550,0.036376953125,-0.03814697265625,0.99249267578125,-0.008393567986786366,0.0002664624771568924,0.004263399634510279,0.6780423521995544,-0.08180390298366547,2.330181837081909,-2.135589361190796,0,0,0,0,0,
122600,0.042724609375,-0.0374755859375,0.99127197265625,-0.009592649526894093,0.00039969373028725386,0.002931087277829647,0.6766160130500793,-0.08345712721347809,2.3437790870666504,-2.138336181640625,0,0,0,0,0,
122650,0.04052734375,-0.0374755859375,0.991943359375,-0.006528330966830254,-0.0011990811908617616,0.002931087277829647,0.6752738356590271,-0.08517973124980927,2.3431947231292725,-2.140683174133301,0,0,0,0,0,
122700,0.04052734375,-0.04150390625,0.9925537109375,-0.009592649526894093,-0.0010658499086275697,0.003996937535703182,0.6739953756332397,-0.08924990147352219,2.342489719390869,-2.165881395339966,0,0,0,0,0,
122750,0.0418701171875,-0.03460693359375,0.99029541015625,-0.008393567986786366,-0.0006661562365479767,0.0037304747384041548,0.6736146211624146,-0.09125334769487381,2.3501877784729004,-2.1492843627929688,0,0,0,0,0,
122800,0.03790283203125,-0.03851318359375,0.9910888671875,-0.007727412041276693,-0.0021316998172551394,0.004663093481212854,0.6716558337211609,-0.0938006266951561,2.33402681350708,-2.156726121902466,0,0,0,0,0,
122850,0.04241943359375,-0.037353515625,0.9908447265625,-0.009859112091362476,0.0005329249543137848,0.002664624946191907,0.671048641204834,-0.0960957258939743,2.3455841541290283,-2.1567516326904297,0,0,0,0,0,
122900,0.04229736328125,-0.0347900390625,0.99139404296875,-0.00626186840236187,-0.0009326186846010387,0.0045298621989786625,0.6714614033699036,-0.0966738760471344,2.3551764488220215,-2.1418771743774414,0,0,0,0,0,
122950,0.041015625,-0.03863525390625,0.99371337890625,-0.008526799269020557,-0.0011990811908617616,0.0034640124067664146,0.6718989610671997,-0.09802335500717163,2.355837106704712,-2.1501686573028564,0,0,0,0,0,
123000,0.04437255859375,-0.0355224609375,0.98980712890625,-0.009859112091362476,-0.0010658499086275697,0.004796324763447046,0.6743826270103455,-0.09827104955911636,2.3767356872558594,-2.14050030708313,0,0,0,0,0,
123050,0.04052734375,-0.03582763671875,0.991943359375,-0.006794793531298637,-0.002398162381723523,0.004130168352276087,0.6762312650680542,-0.0977570042014122,2.3728694915771484,-2.1331305503845215,0,0,0,0,0,
123100,0.03839111328125,-0.03680419921875,0.99267578125,-0.008926493115723133,-0.0010658499086275697,0.0033307811245322227,0.6762976050376892,-0.09718027710914612,2.3568944931030273,-2.1319897174835205,0,0,0,0,0,
123150,0.0421142578125,-0.0347900390625,0.98846435546875,-0.007993875071406364,-0.0006661562365479767,0.004396630916744471,0.6771674752235413,-0.09548412263393402,2.3649959564208984,-2.1202187538146973,0,0,0,0,0,
123200,0.03887939453125,-0.0386962890625,0.992919921875,-0.0075941807590425014,-0.0002664624771568924,0.002797856228426099,0.6767053008079529,-0.09505803138017654,2.352546215057373,-2.131223201751709,0,0,0,0,0,
123250,0.03900146484375,-0.03839111328125,0.9920654296875,-0.011457886546850204,-0.0009326186846010387,0.003064318560063839,0.6752600073814392,-0.09550701081752777,2.342252492904663,-2.139547824859619,0,0,0,0,0,
123300,0.04339599609375,-0.03350830078125,0.9893798828125,-0.008393567986786366,-0.0013323124730959535,0.0006661562365479767,0.67563396692276,-0.0938986986875534,2.358999729156494,-2.1194238662719727,0,0,0,0,0,
123350,0.04205322265625,-0.0396728515625,0.99053955078125,-0.0075941807590425014,-0.0018652373692020774,0.005728943273425102,0.6766709685325623,-0.09417100250720978,2.366004228591919,-2.1366217136383057,0,0,0,0,0,
123400,0.0404052734375,-0.03558349609375,0.99261474609375,-0.010392037220299244,-0.00039969373028725386,0.0034640124067664146,0.6772388219833374,-0.09356267750263214,2.36234974861145,-2.1280877590179443,0,0,0,0,0,
123450,0.04486083984375,-0.0390625,0.9908447265625,-0.009725880809128284,-0.002664624946191907,0.005462481174618006,0.6800288558006287,-0.09428729861974716,2.385139226913452,-2.1408088207244873,0,0,0,0,0,
123500,0.038818359375,-0.03729248046875,0.992431640625,-0.00866003055125475,-0.0018652373692020774,0.0034640124067664146,0.6810709238052368,-0.09503491222858429,2.3704493045806885,-2.14176344871521,0,0,0,0,0,
123550,0.04302978515625,-0.03607177734375,0.9898681640625,-0.008260336704552174,0.0001332312385784462,0.0038637060206383467,0.6831770539283752,-0.09514119476079941,2.3821325302124023,-2.1360976696014404,0,0,0,0,0,
123650,0.04180908203125,-0.03692626953125,0.99267578125,-0.009592649526894093,-0.0007993874605745077,0.004796324763447046,0.6891981363296509,-0.09649274498224258,2.395627975463867,-2.141564130783081,0,0,0,0,0,
123700,0.0435791015625,-0.0380859375,0.9913330078125,-0.0066615622490644455,-0.00039969373028725386,0.002931087277829647,0.6930372714996338,-0.09756463021039963,2.4075894355773926,-2.1472115516662598,0,0,0,0,0,
123750,0.04132080078125,-0.0382080078125,0.99285888671875,-0.009859112091362476,-0.001998468767851591,0.0035972436890006065,0.6962302327156067,-0.09907697141170502,2.4049673080444336,-2.1526880264282227,0,0,0,0,0,
123800,0.0411376953125,-0.03668212890625,0.99053955078125,-0.008793261833488941,-0.0007993874605745077,0.0035972436890006065,0.6988199353218079,-0.10010161995887756,2.402127265930176,-2.1493234634399414,0,0,0,0,0,
123850,0.0426025390625,-0.0384521484375,0.99249267578125,-0.006794793531298637,-0.002797856228426099,0.0035972436890006065,0.7016904354095459,-0.10169780999422073,2.4075255393981934,-2.1560635566711426,0,0,0,0,0,
123900,0.038818359375,-0.03594970703125,0.99102783203125,-0.010392037220299244,-0.00039969373028725386,0.004929556045681238,0.7026163935661316,-0.10233353823423386,2.3909497261047363,-2.148055076599121,0,0,0,0,0,
123950,0.04254150390625,-0.0367431640625,0.9925537109375,-0.008127106353640556,-0.0009326186846010387,0.003197549842298031,0.7040663361549377,-0.10260599851608276,2.39711594581604,-2.1450581550598145,0,0,0,0,0,
124000,0.042724609375,-0.0389404296875,0.99176025390625,-0.009992343373596668,-0.0010658499086275697,0.0034640124067664146,0.7060487866401672,-0.10386506468057632,2.4038913249969482,-2.1551966667175293,0,0,0,0,0,
124050,0.04083251953125,-0.03631591796875,0.9912109375,-0.009326186962425709,-0.0014655436389148235,0.002797856228426099,0.7073679566383362,-0.10441137850284576,2.3992409706115723,-2.1493282318115234,0,0,0,0,0,
124100,0.0423583984375,-0.03863525390625,0.98992919921875,-0.010392037220299244,-0.0014655436389148235,0.0037304747384041548,0.7090449929237366,-0.10573836416006088,2.4041388034820557,-2.1576812267303467,0,0,0,0,0,
124150,0.04156494140625,-0.0390625,0.9923095703125,-0.009992343373596668,-0.002664624946191907,0.004396630916744471,0.7104799747467041,-0.10787983983755112,2.4033944606781006,-2.1671531200408936,0,0,0,0,0,
124200,0.04266357421875,-0.03668212890625,0.9915771484375,-0.008127106353640556,-0.00039969373028725386,0.003996937535703182,0.7123575806617737,-0.10930226743221283,2.4092559814453125,-2.1621041297912598,0,0,0,0,0,
124250,0.04730224609375,-0.03704833984375,0.9901123046875,-0.008393567986786366,-0.0011990811908617616,0.0038637060206383467,0.7172842025756836,-0.11036667972803116,2.4416239261627197,-2.1599464416503906,0,0,0,0,0,
124300,0.043212890625,-0.03533935546875,0.99298095703125,-0.009059724397957325,-0.0011990811908617616,0.0035972436890006065,0.7222053408622742,-0.11008676141500473,2.446495532989502,-2.1475675106048584,0,0,0,0,0,
124350,0.04083251953125,-0.03857421875,0.9915771484375,-0.008526799269020557,0.0011990811908617616,0.004130168352276087,0.7257323861122131,-0.1106182336807251,2.4374759197235107,-2.1554014682769775,0,0,0,0,0,
124400,0.0440673828125,-0.03802490234375,0.99066162109375,-0.009992343373596668,-0.0034640124067664146,0.0014655436389148235,0.7299824357032776,-0.11150185018777847,2.448233127593994,-2.159454345703125,0,0,0,0,0,
124450,0.037109375,-0.03668212890625,0.9920654296875,-0.009725880809128284,-0.0001332312385784462,0.002664624946191907,0.730731725692749,-0.11186368018388748,2.417475938796997,-2.1551201343536377,0,0,0,0,0,
124500,0.0426025390625,-0.03887939453125,0.99163818359375,-0.008393567986786366,0.0006661562365479767,0.002931087277829647,0.7318127155303955,-0.11307018995285034,2.421542167663574,-2.163928747177124,0,0,0,0,0,
124550,0.0423583984375,-0.03521728515625,0.98980712890625,-0.009059724397957325,-0.0018652373692020774,0.0022649310994893312,0.7330589294433594,-0.11287748068571091,2.4242749214172363,-2.1511430740356445,0,0,0,0,0,
124600,0.03863525390625,-0.037841796875,0.99420166015625,-0.009326186962425709,-0.0007993874605745077,0.002931087277829647,0.7321710586547852,-0.11297459900379181,2.4041802883148193,-2.153848648071289,0,0,0,0,0,
124650,0.04388427734375,-0.0374755859375,0.99078369140625,-0.010658499784767628,-0.0002664624771568924,0.004396630916744471,0.7326723337173462,-0.11316366493701935,2.4171838760375977,-2.154865264892578,0,0,0,0,0,
124700,0.0418701171875,-0.03533935546875,0.990478515625,-0.00866003055125475,-0.0005329249543137848,0.004396630916744471,0.7331423163414001,-0.11220213025808334,2.417371988296509,-2.1435482501983643,0,0,0,0,0,
124750,0.04388427734375,-0.03955078125,0.99298095703125,-0.007727412041276693,-0.0002664624771568924,0.0035972436890006065,0.7346784472465515,-0.11269019544124603,2.4285035133361816,-2.1570827960968018,0,0,0,0,0,
124800,0.04351806640625,-0.037353515625,0.991943359375,-0.008793261833488941,-0.003197549842298031,0.004796324763447046,0.7368788719177246,-0.11310356110334396,2.4366824626922607,-2.1568238735198975,0,0,0,0,0,
124900,0.04541015625,-0.0399169921875,0.9920654296875,-0.00866003055125475,-0.0011990811908617616,0.0035972436890006065,0.7374910712242126,-0.11506959795951843,2.430036783218384,-2.170369863510132,0,0,0,0,0,
124950,0.04132080078125,-0.03875732421875,0.99224853515625,-0.009192955680191517,-0.0006661562365479767,0.0038637060206383467,0.7382731437683105,-0.1172453835606575,2.425311803817749,-2.1768274307250977,0,0,0,0,0,
125000,0.04144287109375,-0.0361328125,0.991943359375,-0.009059724397957325,-0.0007993874605745077,0.0037304747384041548,0.7386319637298584,-0.11827850341796875,2.4218616485595703,-2.167576551437378,0,0,0,0,0,
125050,0.04425048828125,-0.03729248046875,0.992431640625,-0.009992343373596668,-0.0011990811908617616,0.0034640124067664146,0.7402493953704834,-0.11903099715709686,2.4348061084747314,-2.1658034324645996,0,0,0,0,0,
125100,0.0404052734375,-0.03594970703125,0.990478515625,-0.008793261833488941,-0.0021316998172551394,0.0033307811245322227,0.7407031059265137,-0.11882070451974869,2.4247865676879883,-2.156928062438965,0,0,0,0,0,
125150,0.03985595703125,-0.037109375,0.991455078125,-0.009192955680191517,0.0002664624771568924,0.004263399634510279,0.7398680448532104,-0.11848033219575882,2.4123528003692627,-2.155416965484619,0,0,0,0,0,
125200,0.0428466796875,-0.0361328125,0.9920654296875,-0.009725880809128284,-0.0006661562365479767,0.0037304747384041548,0.7397071719169617,-0.11745908111333847,2.418259382247925,-2.1482677459716797,0,0,0,0,0,
125250,0.03887939453125,-0.03729248046875,0.9908447265625,-0.007860643789172173,-0.0009326186846010387,0.0037304747384041548,0.7378359436988831,-0.11659500002861023,2.4009952545166016,-2.148818254470825,0,0,0,0,0,
125300,0.04376220703125,-0.0386962890625,0.99237060546875,-0.008926493115723133,0.0,0.002797856228426099,0.7373740673065186,-0.11663872748613358,2.413217782974243,-2.1570322513580322,0,0,0,0,0,
125350,0.041259765625,-0.03472900390625,0.9898681640625,-0.008260336704552174,-0.0007993874605745077,0.002664624946191907,0.7366803884506226,-0.11518660187721252,2.410437822341919,-2.142117500305176,0,0,0,0,0,
125400,0.0382080078125,-0.0372314453125,0.9921875,-0.008260336704552174,-0.00039969373028725386,0.0033307811245322227,0.7339882850646973,-0.11393273621797562,2.3897593021392822,-2.1426479816436768,0,0,0,0,0,
125450,0.0428466796875,-0.038818359375,0.99139404296875,-0.011591117829084396,0.00039969373028725386,0.0045298621989786625,0.7323958873748779,-0.11377977579832077,2.398064374923706,-2.1524031162261963,0,0,0,0,0,
125500,0.041748046875,-0.03570556640625,0.99212646484375,-0.009192955680191517,-0.002931087277829647,0.004263399634510279,0.7310620546340942,-0.11271065473556519,2.3990581035614014,-2.1430885791778564,0,0,0,0,0,
125550,0.0416259765625,-0.038818359375,0.99237060546875,-0.0094594182446599,-0.0006661562365479767,0.0038637060206383467,0.7298719882965088,-0.1126994788646698,2.3991613388061523,-2.1525988578796387,0,0,0,0,0,
125600,0.04400634765625,-0.0360107421875,0.9913330078125,-0.008393567986786366,-0.002531393663957715,0.0021316998172551394,0.7302097082138062,-0.11194710433483124,2.4132492542266846,-2.1451756954193115,0,0,0,0,0,
125650,0.040771484375,-0.03704833984375,0.9906005859375,-0.007061256095767021,-0.0011990811908617616,0.004929556045681238,0.72993403673172,-0.11121875047683716,2.4074530601501465,-2.1446635723114014,0,0,0,0,0,
125700,0.0394287109375,-0.03790283203125,0.99102783203125,-0.009992343373596668,-0.0002664624771568924,0.0038637060206383467,0.72837895154953,-0.11100175976753235,2.394383192062378,-2.1490488052368164,0,0,0,0,0,
125750,0.04254150390625,-0.03424072265625,0.99072265625,-0.00866003055125475,-0.004130168352276087,0.0034640124067664146,0.7276082038879395,-0.10909337550401688,2.4006712436676025,-2.131917953491211,0,0,0,0,0,
125800,0.0426025390625,-0.0391845703125,0.9908447265625,-0.009326186962425709,-0.0013323124730959535,0.0037304747384041548,0.7275082468986511,-0.10868203639984131,2.4066085815429688,-2.144979953765869,0,0,0,0,0,
125850,0.04315185546875,-0.0367431640625,0.99237060546875,-0.010658499784767628,0.0002664624771568924,0.00506278732791543,0.7282344698905945,-0.10804623365402222,2.4147708415985107,-2.1423239707946777,0,0,0,0,0,
125900,0.04345703125,-0.03546142578125,0.99224853515625,-0.008127106353640556,-0.0018652373692020774,0.0045298621989786625,0.729802668094635,-0.10649845004081726,2.4239163398742676,-2.132568359375,0,0,0,0,0,
125950,0.04022216796875,-0.03955078125,0.9912109375,-0.007727412041276693,-0.0002664624771568924,0.0038637060206383467,0.7301939725875854,-0.10661029815673828,2.4137158393859863,-2.1476168632507324,0,0,0,0,0,
126000,0.042236328125,-0.03936767578125,0.99102783203125,-0.008793261833488941,-0.0005329249543137848,0.002531393663957715,0.7307937741279602,-0.10796205699443817,2.416191577911377,-2.160127878189087,0,0,0,0,0,
126050,0.04290771484375,-0.03607177734375,0.98956298828125,-0.008526799269020557,-0.0018652373692020774,0.003197549842298031,0.7319821119308472,-0.10843541473150253,2.422677516937256,-2.152695655822754,0,0,0,0,0,
126150,0.04217529296875,-0.03387451171875,0.99114990234375,-0.008526799269020557,-0.0005329249543137848,0.0033307811245322227,0.7342661023139954,-0.10852061212062836,2.424560785293579,-2.139225482940674,0,0,0,0,0,
126200,0.042236328125,-0.03814697265625,0.9920654296875,-0.006528330966830254,-0.0001332312385784462,0.0038637060206383467,0.7354105710983276,-0.10819995403289795,2.425710678100586,-2.1453139781951904,0,0,0,0,0,
126250,0.04119873046875,-0.03955078125,0.99163818359375,-0.009859112091362476,-0.002398162381723523,0.0038637060206383467,0.735954999923706,-0.1092788502573967,2.4208548069000244,-2.1589889526367188,0,0,0,0,0,
126300,0.04193115234375,-0.035888671875,0.98980712890625,-0.0094594182446599,-0.0006661562365479767,0.003064318560063839,0.7364781498908997,-0.10940798372030258,2.421186685562134,-2.1505701541900635,0,0,0,0,0,
126350,0.0430908203125,-0.03765869140625,0.9888916015625,-0.009059724397957325,-0.0009326186846010387,0.004796324763447046,0.7376683354377747,-0.10980597138404846,2.428380250930786,-2.1533877849578857,0,0,0,0,0,
126400,0.0404052734375,-0.0355224609375,0.991455078125,-0.008526799269020557,-0.00039969373028725386,0.0033307811245322227,0.7377776503562927,-0.10913249105215073,2.4187612533569336,-2.143071174621582,0,0,0,0,0,
126450,0.04168701171875,-0.03509521484375,0.99261474609375,-0.007327718660235405,-0.0014655436389148235,0.002664624946191907,0.7377216815948486,-0.1073254942893982,2.4172184467315674,-2.1310625076293945,0,0,0,0,0,
126500,0.03948974609375,-0.0380859375,0.99212646484375,-0.009859112091362476,-0.0010658499086275697,0.00506278732791543,0.736274778842926,-0.10635582357645035,2.4032530784606934,-2.1376287937164307,0,0,0,0,0,
126550,0.03948974609375,-0.0357666015625,0.99078369140625,-0.007327718660235405,-0.0006661562365479767,0.003064318560063839,0.7337503433227539,-0.10476528853178024,2.3910303115844727,-2.130450487136841,0,0,0,0,0,
126600,0.04278564453125,-0.0390625,0.98968505859375,-0.00866003055125475,-0.0007993874605745077,0.004796324763447046,0.7323022484779358,-0.10460932552814484,2.3992693424224854,-2.1432056427001953,0,0,0,0,0,
126650,0.04034423828125,-0.03826904296875,0.9920654296875,-0.010658499784767628,-0.0010658499086275697,0.004130168352276087,0.7302759289741516,-0.10511020570993423,2.3920392990112305,-2.149618148803711,0,0,0,0,0,
126700,0.04217529296875,-0.03570556640625,0.99139404296875,-0.00866003055125475,-0.0013323124730959535,0.0038637060206383467,0.7288758754730225,-0.10467250645160675,2.396275758743286,-2.140733242034912,0,0,0,0,0,
126750,0.04254150390625,-0.039306640625,0.9923095703125,-0.0094594182446599,-0.0018652373692020774,0.0035972436890006065,0.7281829714775085,-0.10553561896085739,2.401946783065796,-2.153303623199463,0,0,0,0,0,
126800,0.043212890625,-0.03448486328125,0.99151611328125,-0.0094594182446599,-0.0013323124730959535,0.002664624946191907,0.7284802794456482,-0.10467973351478577,2.411156177520752,-2.136976718902588,0,0,0,0,0,
126850,0.04547119140625,-0.03662109375,0.99169921875,-0.009326186962425709,-0.0010658499086275697,0.0033307811245322227,0.7308722138404846,-0.10366588830947876,2.432399272918701,-2.1345412731170654,0,0,0,0,0,
126900,0.044677734375,-0.03717041015625,0.9923095703125,-0.00866003055125475,-0.0005329249543137848,0.002931087277829647,0.7344636917114258,-0.10283856838941574,2.446787118911743,-2.135392665863037,0,0,0,0,0,
126950,0.04388427734375,-0.03594970703125,0.99310302734375,-0.008260336704552174,-0.00039969373028725386,0.005728943273425102,0.7385148406028748,-0.10145058482885361,2.4549753665924072,-2.1289587020874023,0,0,0,0,0,
127000,0.04412841796875,-0.03631591796875,0.9913330078125,-0.009059724397957325,-0.0009326186846010387,0.0034640124067664146,0.74308180809021,-0.0998711884021759,2.4641847610473633,-2.1256566047668457,0,0,0,0,0,
127050,0.0428466796875,-0.03753662109375,0.99078369140625,-0.008260336704552174,-0.0017320062033832073,0.003996937535703182,0.7472947239875793,-0.09886922687292099,2.4652111530303955,-2.1298515796661377,0,0,0,0,0,
127100,0.04254150390625,-0.03790283203125,0.9910888671875,-0.008393567986786366,-0.0015987749211490154,0.003996937535703182,0.7509949207305908,-0.09854989498853683,2.46429705619812,-2.1356759071350098,0,0,0,0,0,
127150,0.04302978515625,-0.03790283203125,0.9920654296875,-0.008926493115723133,-0.001998468767851591,0.0035972436890006065,0.7544999718666077,-0.09876526892185211,2.466045618057251,-2.1407036781311035,0,0,0,0,0,
127200,0.0423583984375,-0.03656005859375,0.99285888671875,-0.008260336704552174,-0.0010658499086275697,0.004796324763447046,0.7574066519737244,-0.09862106293439865,2.463566541671753,-2.1373231410980225,0,0,0,0,0,
127250,0.0428466796875,-0.03680419921875,0.988525390625,-0.008793261833488941,-0.0005329249543137848,0.002931087277829647,0.760188102722168,-0.09842043370008469,2.465221405029297,-2.1366147994995117,0,0,0,0,0,
127300,0.04083251953125,-0.0379638671875,0.9918212890625,-0.008526799269020557,-0.0011990811908617616,0.002664624946191907,0.7615965008735657,-0.09877578914165497,2.4542720317840576,-2.1419739723205566,0,0,0,0,0,
127400,0.04327392578125,-0.0389404296875,0.99139404296875,-0.008793261833488941,-0.0009326186846010387,0.0017320062033832073,0.7602671980857849,-0.10037337988615036,2.437741756439209,-2.1521847248077393,0,0,0,0,0,
127450,0.040283203125,-0.03692626953125,0.99273681640625,-0.008393567986786366,-0.0005329249543137848,0.0033307811245322227,0.7588567137718201,-0.10131712257862091,2.4261627197265625,-2.149810791015625,0,0,0,0,0,
127500,0.04058837890625,-0.03515625,0.99053955078125,-0.008393567986786366,0.0,0.003996937535703182,0.7567762732505798,-0.10097961872816086,2.4180524349212646,-2.13794207572937,0,0,0,0,0,
127550,0.04364013671875,-0.037109375,0.99176025390625,-0.008127106353640556,-0.0009326186846010387,0.004130168352276087,0.7559015154838562,-0.10070454329252243,2.4280285835266113,-2.1382288932800293,0,0,0,0,0,
127600,0.0413818359375,-0.03662109375,0.991455078125,-0.0066615622490644455,-0.0011990811908617616,0.0034640124067664146,0.7547181844711304,-0.10020988434553146,2.4240686893463135,-2.1357579231262207,0,0,0,0,0,
127650,0.04296875,-0.03753662109375,0.99200439453125,-0.0094594182446599,-0.0002664624771568924,0.003996937535703182,0.7541972994804382,-0.10005687177181244,2.429509162902832,-2.1386797428131104,0,0,0,0,0,
127700,0.04132080078125,-0.03582763671875,0.9910888671875,-0.008393567986786366,-0.002931087277829647,0.0045298621989786625,0.7532922029495239,-0.09921806305646896,2.4251463413238525,-2.13166880607605,0,0,0,0,0,
127750,0.04229736328125,-0.03857421875,0.99139404296875,-0.008393567986786366,-0.00039969373028725386,0.0022649310994893312,0.7526378631591797,-0.09940817952156067,2.4267492294311523,-2.1411192417144775,0,0,0,0,0,
127800,0.04022216796875,-0.0350341796875,0.991455078125,-0.008926493115723133,-0.0011990811908617616,0.004130168352276087,0.7509987950325012,-0.09838946163654327,2.4162473678588867,-2.129220962524414,0,0,0,0,0,
127850,0.04071044921875,-0.03656005859375,0.99066162109375,-0.009059724397957325,-0.001998468767851591,0.001998468767851591,0.7488777041435242,-0.0972980186343193,2.409788131713867,-2.1274750232696533,0,0,0,0,0,
127900,0.0406494140625,-0.03936767578125,0.99090576171875,-0.008526799269020557,-0.0009326186846010387,0.0045298621989786625,0.7463436722755432,-0.09777229279279709,2.4035377502441406,-2.142040729522705,0,0,0,0,0,
127950,0.04022216796875,-0.03704833984375,0.990234375,-0.009992343373596668,-0.0010658499086275697,0.0014655436389148235,0.7432724237442017,-0.09818761795759201,2.3956313133239746,-2.141925573348999,0,0,0,0,0,
128000,0.04010009765625,-0.0369873046875,0.9912109375,-0.008926493115723133,-0.0009326186846010387,0.0034640124067664146,0.7397028207778931,-0.09849487245082855,2.387576103210449,-2.1412601470947266,0,0,0,0,0,
128050,0.04205322265625,-0.03704833984375,0.99114990234375,-0.009725880809128284,-0.0001332312385784462,0.004929556045681238,0.7368926405906677,-0.09874632209539413,2.3916015625,-2.1410093307495117,0,0,0,0,0,
128100,0.0406494140625,-0.0374755859375,0.99310302734375,-0.008926493115723133,-0.0021316998172551394,0.0045298621989786625,0.7338690757751465,-0.09915558993816376,2.386657238006592,-2.142838954925537,0,0,0,0,0,
128150,0.04022216796875,-0.0379638671875,0.99072265625,-0.008260336704552174,-0.0006661562365479767,0.003064318560063839,0.7305133938789368,-0.10002181679010391,2.380311965942383,-2.147817850112915,0,0,0,0,0,
128200,0.041259765625,-0.03765869140625,0.99127197265625,-0.009192955680191517,-0.0001332312385784462,0.001998468767851591,0.727507472038269,-0.10106080025434494,2.3804543018341064,-2.150411605834961,0,0,0,0,0,
128250,0.04132080078125,-0.0369873046875,0.99188232421875,-0.007860643789172173,-0.0006661562365479767,0.002931087277829647,0.7248361706733704,-0.10182889550924301,2.3807942867279053,-2.1487417221069336,0,0,0,0,0,
128300,0.0426025390625,-0.03753662109375,0.99127197265625,-0.0094594182446599,0.0002664624771568924,0.0010658499086275697,0.7232155799865723,-0.10269870609045029,2.3886303901672363,-2.150527000427246,0,0,0,0,0,
128350,0.041259765625,-0.03680419921875,0.99273681640625,-0.009992343373596668,-0.00039969373028725386,0.003064318560063839,0.7216536998748779,-0.10318940132856369,2.387596845626831,-2.1476056575775146,0,0,0,0,0,
128400,0.0416259765625,-0.03631591796875,0.992431640625,-0.008260336704552174,-0.0010658499086275697,0.003064318560063839,0.720373809337616,-0.1030929908156395,2.38885498046875,-2.1422252655029297,0,0,0,0,0,
128450,0.0428466796875,-0.03643798828125,0.99169921875,-0.010658499784767628,-0.0010658499086275697,0.0014655436389148235,0.7200562357902527,-0.10260708630084991,2.397198438644409,-2.1382339000701904,0,0,0,0,0,
128500,0.0394287109375,-0.03582763671875,0.99114990234375,-0.009592649526894093,-0.0002664624771568924,0.004396630916744471,0.7185649871826172,-0.10147351771593094,2.385143756866455,-2.1312713623046875,0,0,0,0,0,
128550,0.041748046875,-0.03936767578125,0.9918212890625,-0.0075941807590425014,-0.0007993874605745077,0.0037304747384041548,0.7174555659294128,-0.10185103118419647,2.3874704837799072,-2.1452486515045166,0,0,0,0,0,
128650,0.04144287109375,-0.037353515625,0.99285888671875,-0.0075941807590425014,-0.00039969373028725386,0.002931087277829647,0.7154282331466675,-0.10152870416641235,2.386871814727783,-2.140782594680786,0,0,0,0,0,
128700,0.042724609375,-0.03753662109375,0.9912109375,-0.008393567986786366,-0.0006661562365479767,0.004929556045681238,0.7153670191764832,-0.10171332210302353,2.3948163986206055,-2.1433749198913574,0,0,0,0,0,
128750,0.04156494140625,-0.036865234375,0.9918212890625,-0.009592649526894093,-0.0005329249543137848,0.001998468767851591,0.7153445482254028,-0.10171366482973099,2.3951423168182373,-2.141716718673706,0,0,0,0,0,
128800,0.04290771484375,-0.037353515625,0.9913330078125,-0.009592649526894093,-0.001998468767851591,0.003064318560063839,0.7161388993263245,-0.10185552388429642,2.403287887573242,-2.143132209777832,0,0,0,0,0,
128850,0.041259765625,-0.03692626953125,0.99176025390625,-0.009592649526894093,-0.00039969373028725386,0.002931087277829647,0.7166271805763245,-0.10185656696557999,2.401021957397461,-2.1418659687042236,0,0,0,0,0,
128900,0.04302978515625,-0.03656005859375,0.99078369140625,-0.00866003055125475,-0.0006661562365479767,0.005196018610149622,0.7179068326950073,-0.10155188292264938,2.409423589706421,-2.1388096809387207,0,0,0,0,0,
128950,0.0423583984375,-0.03839111328125,0.9918212890625,-0.007993875071406364,-0.0007993874605745077,0.0033307811245322227,0.719400942325592,-0.10203643143177032,2.4128482341766357,-2.146397352218628,0,0,0,0,0,
129000,0.04412841796875,-0.037841796875,0.99078369140625,-0.009059724397957325,-0.0014655436389148235,0.003996937535703182,0.722099781036377,-0.10285952687263489,2.426389455795288,-2.1502673625946045,0,0,0,0,0,
129050,0.04107666015625,-0.03582763671875,0.9915771484375,-0.00866003055125475,-0.0006661562365479767,0.002931087277829647,0.7239709496498108,-0.10277307033538818,2.420811891555786,-2.1419949531555176,0,0,0,0,0,
129100,0.0419921875,-0.03826904296875,0.99237060546875,-0.008926493115723133,-0.0007993874605745077,0.003996937535703182,0.7256592512130737,-0.10334030538797379,2.420853853225708,-2.1484453678131104,0,0,0,0,0,
129150,0.04248046875,-0.03802490234375,0.9925537109375,-0.009192955680191517,-0.0017320062033832073,0.002398162381723523,0.7274596691131592,-0.10428605228662491,2.4236631393432617,-2.1527976989746094,0,0,0,0,0,
129200,0.04119873046875,-0.03704833984375,0.991455078125,-0.008393567986786366,-0.0001332312385784462,0.0045298621989786625,0.728621780872345,-0.10499099642038345,2.419080972671509,-2.1513354778289795,0,0,0,0,0,
129250,0.03912353515625,-0.03857421875,0.9898681640625,-0.009192955680191517,-0.002531393663957715,0.0035972436890006065,0.7280962467193604,-0.10640976577997208,2.4033665657043457,-2.1591787338256836,0,0,0,0,0,
129300,0.0419921875,-0.0374755859375,0.9908447265625,-0.011058193631470203,-0.0014655436389148235,0.0038637060206383467,0.7278397083282471,-0.10773541778326035,2.4055306911468506,-2.1596662998199463,0,0,0,0,0,
129350,0.0399169921875,-0.0390625,0.99285888671875,-0.0094594182446599,-0.0018652373692020774,0.0038637060206383467,0.7265572547912598,-0.10984539240598679,2.395015239715576,-2.168835163116455,0,0,0,0,0,
129400,0.04229736328125,-0.0367431640625,0.99053955078125,-0.00866003055125475,-0.0005329249543137848,0.0038637060206383467,0.725886881351471,-0.11128076910972595,2.399853467941284,-2.164199113845825,0,0,0,0,0,
129450,0.04302978515625,-0.03570556640625,0.99200439453125,-0.009859112091362476,-0.0002664624771568924,0.003197549842298031,0.7261068224906921,-0.11152458190917969,2.408086061477661,-2.153718948364258,0,0,0,0,0,
129500,0.041748046875,-0.0377197265625,0.99169921875,-0.009326186962425709,-0.0015987749211490154,0.004796324763447046,0.7263123393058777,-0.11196982860565186,2.4081621170043945,-2.1559770107269287,0,0,0,0,0,
129550,0.042236328125,-0.03759765625,0.9908447265625,-0.008127106353640556,-0.0007993874605745077,0.005196018610149622,0.7268064022064209,-0.11252149194478989,2.4112532138824463,-2.1574864387512207,0,0,0,0,0,
129600,0.043701171875,-0.037353515625,0.99127197265625,-0.008260336704552174,-0.0021316998172551394,0.0037304747384041548,0.728363573551178,-0.11300244182348251,2.4223783016204834,-2.1573309898376465,0,0,0,0,0,
129650,0.0394287109375,-0.035888671875,0.9910888671875,-0.010392037220299244,-0.0021316998172551394,0.001998468767851591,0.728309154510498,-0.11258462071418762,2.4078195095062256,-2.1488242149353027,0,0,0,0,0,
129700,0.0411376953125,-0.03729248046875,0.9935302734375,-0.008393567986786366,0.0001332312385784462,0.0034640124067664146,0.727874755859375,-0.11219796538352966,2.4039649963378906,-2.1487181186676025,0,0,0,0,0,
129750,0.04144287109375,-0.0394287109375,0.9935302734375,-0.009725880809128284,-0.00039969373028725386,0.0033307811245322227,0.7273109555244446,-0.11307144910097122,2.4022364616394043,-2.160932779312134,0,0,0,0,0,
129800,0.04144287109375,-0.03692626953125,0.9932861328125,-0.008926493115723133,-0.0013323124730959535,0.0034640124067664146,0.7266561388969421,-0.11351972073316574,2.4007630348205566,-2.1575541496276855,0,0,0,0,0,
129900,0.0413818359375,-0.0379638671875,0.9930419921875,-0.009059724397957325,-0.0015987749211490154,0.0035972436890006065,0.7246399521827698,-0.1137893795967102,2.3954665660858154,-2.1565661430358887,0,0,0,0,0,
129950,0.04132080078125,-0.037109375,0.9908447265625,-0.009059724397957325,-0.002531393663957715,0.002664624946191907,0.7236313819885254,-0.11393146216869354,2.3945541381835938,-2.155210256576538,0,0,0,0,0,
130000,0.042724609375,-0.03570556640625,0.990966796875,-0.008926493115723133,-0.0013323124730959535,0.002531393663957715,0.7234488129615784,-0.1131242886185646,2.4018054008483887,-2.145859718322754,0,0,0,0,0,
130050,0.0400390625,-0.0369873046875,0.98980712890625,-0.008926493115723133,0.0005329249543137848,0.005329249892383814,0.7224162220954895,-0.11232234537601471,2.393122911453247,-2.1451048851013184,0,0,0,0,0,
130100,0.04290771484375,-0.038330078125,0.99078369140625,-0.008793261833488941,-0.001998468767851591,0.004396630916744471,0.722334086894989,-0.11228317022323608,2.401595115661621,-2.151930570602417,0,0,0,0,0,
130150,0.04345703125,-0.03729248046875,0.9915771484375,-0.007860643789172173,-0.002797856228426099,0.0034640124067664146,0.7233211398124695,-0.11224635690450668,2.4122047424316406,-2.1519150733947754,0,0,0,0,0,
130200,0.04241943359375,-0.037109375,0.9918212890625,-0.007061256095767021,-0.0007993874605745077,0.0037304747384041548,0.7245604991912842,-0.1121019646525383,2.415714979171753,-2.1508023738861084,0,0,0,0,0,
130250,0.04132080078125,-0.037353515625,0.990234375,-0.01012557465583086,-0.0002664624771568924,0.003197549842298031,0.7253968715667725,-0.11204792559146881,2.41292405128479,-2.1515614986419678,0,0,0,0,0,
130300,0.04168701171875,-0.037353515625,0.9915771484375,-0.008260336704552174,0.0001332312385784462,0.0037304747384041548,0.7260769009590149,-0.1120382696390152,2.4121973514556885,-2.151951313018799,0,0,0,0,0,
130350,0.04193115234375,-0.037109375,0.99267578125,-0.00866003055125475,-0.0006661562365479767,0.002398162381723523,0.7267377972602844,-0.11189984530210495,2.4126861095428467,-2.1506540775299072,0,0,0,0,0,
130400,0.0418701171875,-0.0369873046875,0.99224853515625,-0.0066615622490644455,-0.0014655436389148235,0.0035972436890006065,0.7273519039154053,-0.11159750074148178,2.41287899017334,-2.148876428604126,0,0,0,0,0,
130450,0.04302978515625,-0.03656005859375,0.991455078125,-0.008793261833488941,-0.0010658499086275697,0.004796324763447046,0.7286099791526794,-0.11093521863222122,2.4199328422546387,-2.144974708557129,0,0,0,0,0,
130500,0.04034423828125,-0.0390625,0.9932861328125,-0.007061256095767021,-0.0013323124730959535,0.004130168352276087,0.728782594203949,-0.11139331012964249,2.4103360176086426,-2.1555161476135254,0,0,0,0,0,
130550,0.0406494140625,-0.0367431640625,0.99017333984375,-0.008260336704552174,-0.0006661562365479767,0.0035972436890006065,0.7283276319503784,-0.11148454248905182,2.404233455657959,-2.1523056030273438,0,0,0,0,0,
130600,0.041259765625,-0.0382080078125,0.9910888671875,-0.009725880809128284,-0.0007993874605745077,0.004263399634510279,0.7276972532272339,-0.11210170388221741,2.4020235538482666,-2.157656192779541,0,0,0,0,0,
130650,0.04095458984375,-0.03387451171875,0.991455078125,-0.009192955680191517,0.0,0.004396630916744471,0.7267500758171082,-0.1106327623128891,2.398226022720337,-2.1374123096466064,0,0,0,0,0,
130700,0.0450439453125,-0.035400390625,0.991943359375,-0.00866003055125475,0.0,0.0037304747384041548,0.7278997898101807,-0.10835427790880203,2.4182474613189697,-2.127847909927368,0,0,0,0,0,
130750,0.04119873046875,-0.03643798828125,0.9925537109375,-0.008526799269020557,0.0001332312385784462,0.003197549842298031,0.7285043597221375,-0.10603146255016327,2.413945198059082,-2.1251261234283447,0,0,0,0,0,
130800,0.0416259765625,-0.03814697265625,0.98992919921875,-0.008260336704552174,0.0005329249543137848,0.004396630916744471,0.7289696335792542,-0.10473700612783432,2.4131572246551514,-2.133086919784546,0,0,0,0,0,
130850,0.042724609375,-0.03741455078125,0.989990234375,-0.009192955680191517,-0.0007993874605745077,0.002398162381723523,0.7299500703811646,-0.10386405885219574,2.418773651123047,-2.13600754737854,0,0,0,0,0,
130900,0.04022216796875,-0.037109375,0.99053955078125,-0.009192955680191517,-0.0005329249543137848,0.004130168352276087,0.7298821210861206,-0.10315577685832977,2.4092705249786377,-2.1367812156677246,0,0,0,0,0,
130950,0.04132080078125,-0.035400390625,0.99365234375,-0.008260336704552174,-0.0010658499086275697,0.0038637060206383467,0.7295252680778503,-0.10153476893901825,2.406313419342041,-2.126945734024048,0,0,0,0,0,
131000,0.04083251953125,-0.037353515625,0.99249267578125,-0.008127106353640556,-0.0001332312385784462,0.002531393663957715,0.728682816028595,-0.10034217685461044,2.4011008739471436,-2.1296088695526123,0,0,0,0,0,
131050,0.0389404296875,-0.03717041015625,0.990966796875,-0.009059724397957325,-0.0006661562365479767,0.004263399634510279,0.7264018654823303,-0.09943731874227524,2.385873556137085,-2.131293535232544,0,0,0,0,0,
131150,0.0406494140625,-0.0384521484375,0.99072265625,-0.010392037220299244,-0.001998468767851591,0.0038637060206383467,0.7236618995666504,-0.10072341561317444,2.3897721767425537,-2.149932622909546,0,0,0,0,0,
131200,0.0439453125,-0.03594970703125,0.99285888671875,-0.009859112091362476,-0.00039969373028725386,0.004929556045681238,0.7237038612365723,-0.10086055845022202,2.404081344604492,-2.142094850540161,0,0,0,0,0,
131250,0.04296875,-0.03692626953125,0.99267578125,-0.008260336704552174,0.0,0.003996937535703182,0.7244698405265808,-0.10084649175405502,2.4113640785217285,-2.1407198905944824,0,0,0,0,0,
131300,0.04315185546875,-0.0382080078125,0.99090576171875,-0.009192955680191517,-0.0013323124730959535,0.0035972436890006065,0.7259619832038879,-0.10148690640926361,2.41939115524292,-2.1472506523132324,0,0,0,0,0,
131350,0.04241943359375,-0.03692626953125,0.99176025390625,-0.008926493115723133,0.00039969373028725386,0.0038637060206383467,0.7275856137275696,-0.10189440846443176,2.4221982955932617,-2.145561933517456,0,0,0,0,0,
131400,0.0423583984375,-0.03631591796875,0.9903564453125,-0.01012557465583086,-0.0011990811908617616,0.003996937535703182,0.7292991876602173,-0.10178766399621964,2.4247210025787354,-2.140826940536499,0,0,0,0,0,
131450,0.03961181640625,-0.03643798828125,0.99127197265625,-0.009992343373596668,-0.0015987749211490154,0.005595712456852198,0.7294628620147705,-0.10131851583719254,2.410935640335083,-2.1370961666107178,0,0,0,0,0,
131500,0.04150390625,-0.03515625,0.99334716796875,-0.00866003055125475,-0.00039969373028725386,0.0038637060206383467,0.7294108867645264,-0.09977541118860245,2.4089431762695312,-2.125887393951416,0,0,0,0,0,
131550,0.04302978515625,-0.0367431640625,0.98968505859375,-0.009059724397957325,-0.0034640124067664146,0.002931087277829647,0.7301517128944397,-0.09836968779563904,2.4168193340301514,-2.125718116760254,0,0,0,0,0,
131600,0.041259765625,-0.03741455078125,0.9906005859375,-0.008393567986786366,-0.0013323124730959535,0.004396630916744471,0.730484127998352,-0.09745843708515167,2.4134764671325684,-2.1292572021484375,0,0,0,0,0,
131650,0.041259765625,-0.03814697265625,0.99188232421875,-0.010258805938065052,-0.0002664624771568924,0.002797856228426099,0.7304506897926331,-0.09735169261693954,2.4101498126983643,-2.1363909244537354,0,0,0,0,0,
131700,0.0430908203125,-0.03704833984375,0.99176025390625,-0.009192955680191517,-0.0006661562365479767,0.0033307811245322227,0.731180727481842,-0.09726515412330627,2.4177513122558594,-2.136486291885376,0,0,0,0,0,
131750,0.041748046875,-0.03778076171875,0.990966796875,-0.008260336704552174,-0.00039969373028725386,0.0006661562365479767,0.7317664623260498,-0.0976364016532898,2.4170384407043457,-2.140977621078491,0,0,0,0,0,
131800,0.04052734375,-0.03729248046875,0.99267578125,-0.0094594182446599,-0.002531393663957715,0.004263399634510279,0.7314847111701965,-0.09805750101804733,2.408949136734009,-2.1418473720550537,0,0,0,0,0,
131850,0.040771484375,-0.03717041015625,0.990478515625,-0.008260336704552174,-0.0002664624771568924,0.002931087277829647,0.7306972146034241,-0.09849151223897934,2.4036097526550293,-2.14239764213562,0,0,0,0,0,
131900,0.0418701171875,-0.03863525390625,0.9927978515625,-0.009326186962425709,0.00039969373028725386,0.002664624946191907,0.7300837635993958,-0.09972517192363739,2.4045629501342773,-2.1508281230926514,0,0,0,0,0,
131950,0.0411376953125,-0.03765869140625,0.9925537109375,-0.008926493115723133,0.0006661562365479767,0.002664624946191907,0.729202151298523,-0.10103707760572433,2.4012680053710938,-2.152844190597534,0,0,0,0,0,
132000,0.041748046875,-0.0372314453125,0.98992919921875,-0.008926493115723133,-0.0007993874605745077,0.002398162381723523,0.7285277247428894,-0.10220915824174881,2.4024579524993896,-2.1527578830718994,0,0,0,0,0,
132050,0.04046630859375,-0.03717041015625,0.9930419921875,-0.00866003055125475,-0.0007993874605745077,0.004263399634510279,0.7272139191627502,-0.10315486043691635,2.395390033721924,-2.1516661643981934,0,0,0,0,0,
132100,0.0433349609375,-0.0364990234375,0.99188232421875,-0.0094594182446599,-0.002398162381723523,0.004263399634510279,0.7270774245262146,-0.10354327410459518,2.405848979949951,-2.1470389366149902,0,0,0,0,0,
132150,0.0404052734375,-0.03594970703125,0.99114990234375,-0.0094594182446599,0.0001332312385784462,0.002931087277829647,0.7262254953384399,-0.10317812860012054,2.3985581398010254,-2.1398918628692627,0,0,0,0,0,
132200,0.041015625,-0.0384521484375,0.98980712890625,-0.009592649526894093,-0.0007993874605745077,0.005462481174618006,0.725184440612793,-0.10367733985185623,2.395814895629883,-2.148170232772827,0,0,0,0,0,
132250,0.04229736328125,-0.03839111328125,0.99224853515625,-0.0094594182446599,-0.0007993874605745077,0.0018652373692020774,0.7246806025505066,-0.10478264093399048,2.400146007537842,-2.1547303199768066,0,0,0,0,0,
132300,0.04156494140625,-0.0372314453125,0.9903564453125,-0.007327718660235405,-0.0010658499086275697,0.0045298621989786625,0.7242414355278015,-0.10574088245630264,2.400289297103882,-2.154365062713623,0,0,0,0,0,
132400,0.0438232421875,-0.038330078125,0.9918212890625,-0.01012557465583086,-0.0013323124730959535,0.0038637060206383467,0.7267892360687256,-0.1081109493970871,2.4231746196746826,-2.160856008529663,0,0,0,0,0,
132450,0.03985595703125,-0.03851318359375,0.99151611328125,-0.009725880809128284,-0.00039969373028725386,0.0035972436890006065,0.7271974682807922,-0.11000310629606247,2.4108712673187256,-2.167032480239868,0,0,0,0,0,
132500,0.0401611328125,-0.03680419921875,0.990478515625,-0.00866003055125475,-0.0006661562365479767,0.0034640124067664146,0.7266601324081421,-0.11129885166883469,2.4018239974975586,-2.1629605293273926,0,0,0,0,0,
132550,0.04327392578125,-0.03717041015625,0.99029541015625,-0.0094594182446599,-0.0010658499086275697,0.004929556045681238,0.7271609902381897,-0.11231081187725067,2.4116692543029785,-2.1614184379577637,0,0,0,0,0,
132600,0.03948974609375,-0.04022216796875,0.99212646484375,-0.0094594182446599,0.0005329249543137848,0.003064318560063839,0.7262688875198364,-0.1148061752319336,2.398240089416504,-2.177264451980591,0,0,0,0,0,
132650,0.04205322265625,-0.03887939453125,0.990478515625,-0.00866003055125475,-0.0001332312385784462,0.0022649310994893312,0.7257764339447021,-0.1177375540137291,2.4013445377349854,-2.184119939804077,0,0,0,0,0,
132700,0.04254150390625,-0.03839111328125,0.99365234375,-0.009326186962425709,-0.0009326186846010387,0.004929556045681238,0.7258179187774658,-0.12064094096422195,2.406191110610962,-2.1867713928222656,0,0,0,0,0,
132750,0.04046630859375,-0.036865234375,0.9918212890625,-0.009725880809128284,-0.0009326186846010387,0.002531393663957715,0.7251407504081726,-0.12265507876873016,2.3990464210510254,-2.1807823181152344,0,0,0,0,0,
132800,0.04010009765625,-0.03656005859375,0.99212646484375,-0.008260336704552174,0.0005329249543137848,0.002664624946191907,0.7236701846122742,-0.12374653667211533,2.390435218811035,-2.173569679260254,0,0,0,0,0,
132850,0.0419921875,-0.03826904296875,0.9908447265625,-0.0094594182446599,-0.0011990811908617616,0.002531393663957715,0.7226915955543518,-0.1250912994146347,2.3938841819763184,-2.177194118499756,0,0,0,0,0,
132900,0.04248046875,-0.0382080078125,0.99468994140625,-0.008526799269020557,-0.0017320062033832073,0.0035972436890006065,0.7223100662231445,-0.12650786340236664,2.398876428604126,-2.1792569160461426,0,0,0,0,0,
132950,0.0423583984375,-0.036376953125,0.99273681640625,-0.009992343373596668,-0.0005329249543137848,0.0038637060206383467,0.7223942875862122,-0.1269560307264328,2.4031522274017334,-2.170989513397217,0,0,0,0,0,
133000,0.04107666015625,-0.03631591796875,0.99249267578125,-0.008926493115723133,-0.0013323124730959535,0.003064318560063839,0.722122311592102,-0.12658676505088806,2.399674654006958,-2.1632633209228516,0,0,0,0,0,
133050,0.04339599609375,-0.03863525390625,0.989990234375,-0.007860643789172173,-0.0022649310994893312,0.0014655436389148235,0.7229593396186829,-0.12694810330867767,2.410492420196533,-2.1702001094818115,0,0,0,0,0,
133100,0.04144287109375,-0.03692626953125,0.991943359375,-0.007327718660235405,-0.0010658499086275697,0.0034640124067664146,0.7235150933265686,-0.12687189877033234,2.408517360687256,-2.1661860942840576,0,0,0,0,0,
133150,0.0413818359375,-0.037109375,0.99090576171875,-0.007727412041276693,-0.0005329249543137848,0.0035972436890006065,0.7238273024559021,-0.1265701949596405,2.406637191772461,-2.1638548374176025,0,0,0,0,0,
133200,0.04205322265625,-0.0352783203125,0.99090576171875,-0.007061256095767021,0.0011990811908617616,0.003064318560063839,0.7243277430534363,-0.1250327080488205,2.4088315963745117,-2.1511952877044678,0,0,0,0,0,
133250,0.0416259765625,-0.03857421875,0.99066162109375,-0.008926493115723133,-0.0018652373692020774,0.003197549842298031,0.7247322201728821,-0.12441521883010864,2.4083731174468994,-2.158857822418213,0,0,0,0,0,
133300,0.0416259765625,-0.03875732421875,0.99090576171875,-0.008793261833488941,-0.0011990811908617616,0.0022649310994893312,0.7250489592552185,-0.12464947998523712,2.4078996181488037,-2.166757822036743,0,0,0,0,0,
133350,0.03955078125,-0.035888671875,0.99151611328125,-0.008926493115723133,-0.002398162381723523,0.0034640124067664146,0.7240829467773438,-0.12390602380037308,2.3953890800476074,-2.157214879989624,0,0,0,0,0,
133400,0.04095458984375,-0.03668212890625,0.9927978515625,-0.009059724397957325,-0.0002664624771568924,0.00506278732791543,0.7228652238845825,-0.12280642241239548,2.3919057846069336,-2.152909994125366,0,0,0,0,0,
133450,0.04156494140625,-0.0367431640625,0.992431640625,-0.009725880809128284,-0.0013323124730959535,0.004396630916744471,0.7218164205551147,-0.12147205322980881,2.3923773765563965,-2.1494626998901367,0,0,0,0,0,
133500,0.041748046875,-0.038330078125,0.99237060546875,-0.008793261833488941,-0.0014655436389148235,0.004396630916744471,0.7210204601287842,-0.12087669968605042,2.393857002258301,-2.1555185317993164,0,0,0,0,0,
133550,0.04364013671875,-0.03826904296875,0.99261474609375,-0.009326186962425709,-0.0009326186846010387,0.004796324763447046,0.7215217351913452,-0.12084366381168365,2.406033515930176,-2.16054630279541,0,0,0,0,0,
133650,0.043701171875,-0.03857421875,0.990478515625,-0.009592649526894093,-0.0018652373692020774,0.003996937535703182,0.7240074872970581,-0.12207581102848053,2.420088768005371,-2.170363664627075,0,0,0,0,0,
133700,0.04193115234375,-0.03753662109375,0.99176025390625,-0.008793261833488941,-0.002931087277829647,0.0034640124067664146,0.7256073951721191,-0.12285687029361725,2.420006513595581,-2.169886350631714,0,0,0,0,0,
133750,0.03973388671875,-0.0379638671875,0.99359130859375,-0.009725880809128284,-0.0014655436389148235,0.004396630916744471,0.7257288694381714,-0.12372516840696335,2.4068219661712646,-2.171539783477783,0,0,0,0,0,
133800,0.0433349609375,-0.03460693359375,0.99127197265625,-0.008260336704552174,-0.0005329249543137848,0.0009326186846010387,0.7267860770225525,-0.12276799231767654,2.4163007736206055,-2.154153347015381,0,0,0,0,0,
133850,0.04150390625,-0.03656005859375,0.990966796875,-0.008393567986786366,-0.0002664624771568924,0.002931087277829647,0.7275411486625671,-0.12147559225559235,2.414336919784546,-2.14984393119812,0,0,0,0,0,
133900,0.04486083984375,-0.03668212890625,0.9893798828125,-0.009192955680191517,-0.0006661562365479767,0.003064318560063839,0.7300174236297607,-0.12002608925104141,2.4323041439056396,-2.1469805240631104,0,0,0,0,0,
133950,0.02996826171875,-0.08319091796875,1.00006103515625,0.0001332312385784462,-0.023315466940402985,0.0222496185451746,0.7249795198440552,-0.1450350135564804,2.3596384525299072,-2.4101152420043945,0,0,0,0,0,
134000,0.061279296875,-0.04730224609375,0.98431396484375,-0.009326186962425709,0.004130168352276087,0.016387442126870155,0.7323589324951172,-0.1708860993385315,2.478773832321167,-2.4435458183288574,0,0,0,0,0,
134050,0.04241943359375,-0.037841796875,0.9884033203125,-0.0005329249543137848,-0.02158346213400364,0.006928024813532829,0.7387701869010925,-0.1916295439004898,2.4764719009399414,-2.418320417404175,0,0,0,0,0,
134100,-0.01007080078125,-0.0594482421875,1.00469970703125,-0.014788667671382427,0.012790199369192123,0.0013323124730959535,0.7136841416358948,-0.22012634575366974,2.167909860610962,-2.5165975093841553,0,0,0,0,0,
134150,0.06085205078125,-0.02783203125,0.98712158203125,-0.013189893215894699,0.005329249892383814,-0.005462481174618006,0.7046314477920532,-0.23677343130111694,2.303157329559326,-2.4265971183776855,0,0,0,0,0,
134200,0.02130126953125,-0.0443115234375,0.99688720703125,-0.00506278732791543,-0.009859112091362476,-0.0015987749211490154,0.6856390833854675,-0.252943754196167,2.1947078704833984,-2.438476800918579,0,0,0,0,0,
134250,0.02862548828125,-0.08587646484375,1.00079345703125,-0.017852986231446266,0.014388974756002426,0.009592649526894093,0.6628860235214233,-0.2923716604709625,2.138108968734741,-2.687222719192505,0,0,0,0,0,
134300,0.07452392578125,0.00091552734375,0.980712890625,-0.0011990811908617616,-0.007727412041276693,0.009992343373596668,0.6642709970474243,-0.30076220631599426,2.3567357063293457,-2.4162771701812744,0,0,0,0,0,
134350,0.034912109375,-0.04290771484375,0.99493408203125,0.009192955680191517,-0.014255743473768234,0.0014655436389148235,0.6620198488235474,-0.3088315725326538,2.3217594623565674,-2.4214560985565186,0,0,0,0,0,
134400,0.02398681640625,-0.0633544921875,0.9964599609375,-0.023848392069339752,0.0075941807590425014,0.0017320062033832073,0.6505027413368225,-0.3283024728298187,2.226848602294922,-2.5435404777526855,0,0,0,0,0,
134450,0.07135009765625,0.002685546875,0.984375,-0.0021316998172551394,-0.0035972436890006065,0.002797856228426099,0.6592159867286682,-0.3190348148345947,2.417635440826416,-2.2756259441375732,0,0,0,0,0,
134500,0.009033203125,-0.0631103515625,0.99615478515625,-0.009192955680191517,0.0001332312385784462,-0.0009326186846010387,0.6479957699775696,-0.3242540657520294,2.2270140647888184,-2.411227226257324,0,0,0,0,0,
134550,0.04217529296875,-0.0211181640625,0.9908447265625,-0.016254212707281113,0.00626186840236187,0.007327718660235405,0.6399956345558167,-0.31706035137176514,2.2479944229125977,-2.2923169136047363,0,0,0,0,0,
134600,0.04888916015625,-0.032958984375,0.98870849609375,0.0007993874605745077,-0.010658499784767628,0.005862174555659294,0.6385911703109741,-0.30674484372138977,2.3059511184692383,-2.2539052963256836,0,0,0,0,0,
134650,0.02496337890625,-0.064697265625,0.997314453125,-0.01745329238474369,0.0075941807590425014,0.0033307811245322227,0.6285329461097717,-0.3121112585067749,2.2180089950561523,-2.400408983230591,0,0,0,0,0,
134700,0.06512451171875,-0.01373291015625,0.9833984375,-0.009326186962425709,0.0006661562365479767,0.0,0.635072648525238,-0.3010506331920624,2.3739304542541504,-2.2415051460266113,0,0,0,0,0,
134750,0.02825927734375,-0.043212890625,0.99285888671875,-0.0015987749211490154,-0.01012557465583086,0.0035972436890006065,0.6335001587867737,-0.29359665513038635,2.2993476390838623,-2.2665109634399414,0,0,0,0,0,
134800,0.03497314453125,-0.04150390625,0.99334716796875,-0.018652373924851418,0.01012557465583086,0.005595712456852198,0.6292337775230408,-0.2881355583667755,2.270836114883423,-2.2789857387542725,0,0,0,0,0,
134900,0.01959228515625,-0.0577392578125,0.9981689453125,-0.010525268502533436,-0.0002664624771568924,0.005196018610149622,0.6392554044723511,-0.2632782757282257,2.2995870113372803,-2.253366708755493,0,0,0,0,0,
134950,0.06939697265625,-0.0240478515625,0.98419189453125,-0.014255743473768234,0.005595712456852198,0.0033307811245322227,0.6545164585113525,-0.24977338314056396,2.4718663692474365,-2.168229341506958,0,0,0,0,0,
135000,0.03765869140625,-0.0335693359375,0.99139404296875,-0.0001332312385784462,-0.011990811675786972,0.0010658499086275697,0.6652737259864807,-0.23531599342823029,2.442089557647705,-2.1451995372772217,0,0,0,0,0,
135050,0.02752685546875,-0.05230712890625,0.997802734375,-0.016920367255806923,0.008526799269020557,0.0013323124730959535,0.6662627458572388,-0.23090583086013794,2.355163812637329,-2.2312142848968506,0,0,0,0,0,
135100,0.06695556640625,-0.01800537109375,0.98150634765625,-0.007194487378001213,-0.007061256095767021,0.0038637060206383467,0.6824933886528015,-0.21521638333797455,2.5085692405700684,-2.114011287689209,0,0,0,0,0,
135150,0.10247802734375,-0.03466796875,0.979736328125,-0.010258805938065052,0.020384380593895912,0.0010658499086275697,0.7314708828926086,-0.2001517117023468,2.8522684574127197,-2.104569673538208,0,0,0,0,0,
135200,0.0509033203125,-0.04510498046875,0.99554443359375,-0.015588055364787579,-0.006928024813532829,0.007993875071406364,0.7762736678123474,-0.19148366153240204,2.8594987392425537,-2.1534712314605713,0,0,0,0,0,
135250,0.0059814453125,-0.0364990234375,0.99993896484375,-0.01465543732047081,0.020517611876130104,-0.0017320062033832073,0.7912365198135376,-0.18306560814380646,2.6059021949768066,-2.1473031044006348,0,0,0,0,0,
135300,0.109130859375,-0.0438232421875,0.98388671875,-0.014522206038236618,0.006128637120127678,0.0037304747384041548,0.8417913317680359,-0.17939886450767517,2.9767849445343018,-2.1863982677459717,0,0,0,0,0,
135350,0.04931640625,-0.0325927734375,0.991943359375,-0.009192955680191517,-0.020650843158364296,0.005196018610149622,0.8859686255455017,-0.17302736639976501,2.96356463432312,-2.155683994293213,0,0,0,0,0,
135400,0.04583740234375,-0.03570556640625,0.990478515625,-0.007993875071406364,0.011990811675786972,0.003197549842298031,0.9225729703903198,-0.1663602739572525,2.9320123195648193,-2.1463563442230225,0,0,0,0,0,
135450,0.09039306640625,-0.0252685546875,0.97906494140625,-0.0075941807590425014,-0.02091730572283268,0.005462481174618006,0.9787352681159973,-0.15368835628032684,3.164196252822876,-2.079641103744507,0,0,0,0,0,
135500,-0.01165771484375,-0.037109375,1.001708984375,-0.0034640124067664146,-0.003064318560063839,0.004796324763447046,0.9906177520751953,-0.14274834096431732,2.7775607109069824,-2.0842881202697754,0,0,0,0,0,
135550,0.05108642578125,-0.04754638671875,0.9915771484375,-0.012124042958021164,0.010392037220299244,0.003996937535703182,1.0029996633529663,-0.13948507606983185,2.7944371700286865,-2.150115728378296,0,0,0,0,0,
135600,0.04766845703125,-0.02728271484375,0.987548828125,-0.005728943273425102,-0.017186829820275307,0.002398162381723523,1.0138256549835205,-0.1308717280626297,2.791260004043579,-2.0933516025543213,0,0,0,0,0,
135650,0.00897216796875,-0.046875,0.99810791015625,-0.007194487378001213,0.013056661933660507,0.0018652373692020774,1.000661849975586,-0.12912684679031372,2.5621883869171143,-2.1534228324890137,0,0,0,0,0,
135700,0.0777587890625,-0.03497314453125,0.986328125,-0.015055130235850811,0.0017320062033832073,0.004796324763447046,1.0081883668899536,-0.12628121674060822,2.755927324295044,-2.1406705379486084,0,0,0,0,0,
135750,0.01953125,-0.02984619140625,0.99432373046875,-0.00506278732791543,-0.008260336704552174,0.004396630916744471,0.9986170530319214,-0.11950162053108215,2.592475652694702,-2.098485231399536,0,0,0,0,0,
135800,0.0396728515625,-0.0506591796875,0.994140625,-0.013456355780363083,0.012257274240255356,0.0022649310994893312,0.9868938326835632,-0.1215893030166626,2.561384916305542,-2.1803784370422363,0,0,0,0,0,
135850,0.06988525390625,-0.0242919921875,0.98388671875,-0.007993875071406364,-0.013456355780363083,0.001998468767851591,0.9912594556808472,-0.11582356691360474,2.710549831390381,-2.1039319038391113,0,0,0,0,0,
135900,0.01934814453125,-0.04058837890625,0.9981689453125,-0.005196018610149622,0.0035972436890006065,0.001998468767851591,0.9790815114974976,-0.11289725452661514,2.549480438232422,-2.1265604496002197,0,0,0,0,0,
135950,0.0577392578125,-0.03924560546875,0.9898681640625,-0.015321592800319195,0.0074609494768083096,0.003996937535703182,0.9759782552719116,-0.11166475713253021,2.628049373626709,-2.1405723094940186,0,0,0,0,0,
136000,0.04119873046875,-0.02630615234375,0.99169921875,-0.004396630916744471,-0.011591117829084396,0.004130168352276087,0.9706870913505554,-0.10433214902877808,2.6030664443969727,-2.078338623046875,0,0,0,0,0,
136050,0.02435302734375,-0.05023193359375,0.9964599609375,-0.010392037220299244,0.0074609494768083096,0.002797856228426099,0.9538240432739258,-0.10584067553281784,2.4820566177368164,-2.1594173908233643,0,0,0,0,0,
136150,0.03741455078125,-0.0260009765625,0.993896484375,-0.002664624946191907,-0.010658499784767628,0.00626186840236187,0.9458898901939392,-0.0924939289689064,2.5701870918273926,-2.0466434955596924,0,0,0,0,0,
136200,0.02813720703125,-0.051513671875,0.99627685546875,-0.01012557465583086,0.005862174555659294,0.0033307811245322227,0.9307361841201782,-0.0930708795785904,2.4743525981903076,-2.138263463973999,0,0,0,0,0,
136250,0.06390380859375,-0.0242919921875,0.98687744140625,-0.01079173106700182,-0.0033307811245322227,0.004663093481212854,0.9293432235717773,-0.08631289005279541,2.5968072414398193,-2.065490961074829,0,0,0,0,0,
136300,0.027099609375,-0.0386962890625,0.99359130859375,-0.004130168352276087,-0.004263399634510279,0.0034640124067664146,0.9177199602127075,-0.08187578618526459,2.4931111335754395,-2.081941843032837,0,0,0,0,0,
136350,0.04437255859375,-0.0479736328125,0.99224853515625,-0.014788667671382427,0.005595712456852198,0.003197549842298031,0.9079054594039917,-0.0847214087843895,2.499575138092041,-2.150331974029541,0,0,0,0,0,
136400,0.0526123046875,-0.0267333984375,0.98931884765625,-0.00626186840236187,-0.007061256095767021,0.0022649310994893312,0.9044962525367737,-0.08125023543834686,2.5538134574890137,-2.0900096893310547,0,0,0,0,0,
136450,0.01898193359375,-0.0526123046875,0.99676513671875,-0.005595712456852198,-0.003197549842298031,0.007727412041276693,0.886721134185791,-0.08748401701450348,2.406744956970215,-2.1835880279541016,0,0,0,0,0,
136500,0.04119873046875,-0.024169921875,0.98480224609375,-0.024647779762744904,-0.011990811675786972,0.028777949512004852,0.8706070780754089,-0.08536045253276825,2.40558123588562,-2.106248378753662,0,0,0,0,0,
136550,0.0438232421875,-0.0338134765625,0.9913330078125,0.015588055364787579,0.004663093481212854,-0.004130168352276087,0.8573458790779114,-0.0819033607840538,2.4179954528808594,-2.090789556503296,0,0,0,0,0,
136600,-0.00372314453125,-0.03973388671875,1.0025634765625,-0.03277488425374031,0.008260336704552174,0.004929556045681238,0.8188632130622864,-0.08061674237251282,2.1525192260742188,-2.109037160873413,0,0,0,0,0,
136650,-0.0572509765625,0.02899169921875,0.9991455078125,0.0007993874605745077,0.0074609494768083096,0.00506278732791543,0.7296529412269592,-0.041615188121795654,1.6067605018615723,-1.730601191520691,0,0,0,0,0,
136700,-0.02410888671875,-0.0606689453125,1.009033203125,0.006794793531298637,0.08486830443143845,-0.005462481174618006,0.6191881895065308,-0.023892361670732498,1.3050057888031006,-1.9043868780136108,0,0,0,0,0,
136750,0.0816650390625,-0.02471923828125,0.981689453125,-0.03144257515668869,-0.03743797913193703,0.0009326186846010387,0.553926944732666,-0.003345569595694542,1.6465758085250854,-1.858424425125122,0,0,0,0,0,
136800,-0.06744384765625,-0.02593994140625,1.0111083984375,0.013323124498128891,0.05022817850112915,0.008526799269020557,0.43968504667282104,0.019060229882597923,1.091508150100708,-1.8192875385284424,0,0,0,0,0,
136850,0.21270751953125,-0.102294921875,0.9630126953125,-0.029843797907233238,-0.004396630916744471,0.011591117829084396,0.4489108920097351,-0.002002418041229248,2.2119436264038086,-2.2315661907196045,0,0,0,0,0,
136900,-0.00518798828125,0.00970458984375,0.99761962890625,0.00039969373028725386,-0.033707503229379654,0.008260336704552174,0.4320467710494995,0.007011241279542446,1.960269570350647,-1.951865792274475,0,0,0,0,0,
136950,0.15521240234375,-6.103515625e-05,0.97357177734375,0.002931087277829647,0.00506278732791543,0.023848392069339752,0.4872269928455353,0.0343448631465435,2.663849115371704,-1.7596524953842163,0,0,0,0,0,
137000,0.0013427734375,-0.05609130859375,0.99853515625,-0.02158346213400364,-0.028911180794239044,0.015321592800319195,0.510847806930542,0.04426950588822365,2.403435230255127,-1.906408667564392,0,0,0,0,0,
137050,0.02398681640625,0.02569580078125,0.986572265625,0.0017320062033832073,0.013323124498128891,0.0013323124730959535,0.5220838785171509,0.08698979020118713,2.303208589553833,-1.5685275793075562,0,0,0,0,0,
137100,0.11126708984375,-0.01312255859375,0.97119140625,0.013323124498128891,-0.034640122205019,0.009326186962425709,0.5739332437515259,0.13329079747200012,2.7205774784088135,-1.4900001287460327,0,0,0,0,0,
137150,-0.01983642578125,-0.0679931640625,1.00433349609375,-0.03210873156785965,0.002931087277829647,0.007194487378001213,0.5815696120262146,0.15075422823429108,2.3302969932556152,-1.7320748567581177,0,0,0,0,0,
137200,0.02056884765625,-0.01593017578125,0.99322509765625,0.005995405837893486,0.028378255665302277,-0.0015987749211490154,0.576985776424408,0.17461515963077545,2.215731382369995,-1.6506363153457642,0,0,0,0,0,
137250,0.060546875,-0.07379150390625,0.9920654296875,-0.007727412041276693,-0.024114854633808136,0.0038637060206383467,0.58560711145401,0.17002719640731812,2.3431992530822754,-1.9112643003463745,0,0,0,0,0,
137300,0.02252197265625,-0.0618896484375,0.9986572265625,-0.01612098142504692,0.016520673409104347,-0.005595712456852198,0.5827561020851135,0.1494292914867401,2.2370972633361816,-2.0759518146514893,0,0,0,0,0,
137400,0.02850341796875,-0.06951904296875,0.99652099609375,-0.010392037220299244,-0.009592649526894093,0.002531393663957715,0.626059889793396,0.09991047531366348,2.4476370811462402,-2.243697166442871,0,0,0,0,0,
137450,0.0394287109375,-0.03204345703125,0.99041748046875,-0.026379786431789398,0.015854518860578537,0.0017320062033832073,0.638529360294342,0.07346594333648682,2.4307544231414795,-2.2045347690582275,0,0,0,0,0,
137500,0.0595703125,-0.0107421875,0.982177734375,-0.0017320062033832073,-0.012923430651426315,0.002531393663957715,0.6600751280784607,0.06532549113035202,2.533987522125244,-2.047938585281372,0,0,0,0,0,
137550,0.02191162109375,-0.05047607421875,0.997802734375,-0.009859112091362476,0.003064318560063839,0.00626186840236187,0.6666081547737122,0.049464527517557144,2.4054059982299805,-2.133284091949463,0,0,0,0,0,
137600,0.076416015625,-0.0194091796875,0.9873046875,-0.02091730572283268,-0.005595712456852198,0.018252680078148842,0.6926435828208923,0.045262034982442856,2.6069626808166504,-2.032560348510742,0,0,0,0,0,
137650,0.036865234375,-0.02978515625,0.98956298828125,0.01012557465583086,-0.016254212707281113,0.002664624946191907,0.7113388776779175,0.04457160457968712,2.559596538543701,-2.0016422271728516,0,0,0,0,0,
137700,0.04266357421875,-0.02978515625,0.991943359375,-0.02571363002061844,0.005595712456852198,0.002797856228426099,0.7271847128868103,0.04678625240921974,2.549797296524048,-1.9732818603515625,0,0,0,0,0,
137750,0.0465087890625,-0.045654296875,0.98992919921875,-0.0035972436890006065,-0.007727412041276693,0.0010658499086275697,0.7428195476531982,0.04213733226060867,2.5635335445404053,-2.039702892303467,0,0,0,0,0,
137800,0.02545166015625,-0.0294189453125,0.99420166015625,-0.015854518860578537,-0.008793261833488941,0.0074609494768083096,0.7458878755569458,0.04141182824969292,2.453502893447876,-2.005117654800415,0,0,0,0,0,
137850,0.032958984375,-0.02288818359375,0.99017333984375,0.007327718660235405,0.0006661562365479767,0.00506278732791543,0.7431829571723938,0.04756522178649902,2.398838758468628,-1.93705415725708,0,0,0,0,0,
137900,0.04205322265625,-0.0648193359375,0.99273681640625,-0.013189893215894699,-0.0033307811245322227,0.0035972436890006065,0.7409765124320984,0.03509683161973953,2.401118278503418,-2.1171185970306396,0,0,0,0,0,
137950,0.02886962890625,0.00048828125,0.9881591796875,-0.008393567986786366,0.005462481174618006,0.0035972436890006065,0.7317556738853455,0.04524524137377739,2.328768253326416,-1.903419017791748,0,0,0,0,0,
138000,0.0457763671875,-0.0169677734375,0.9891357421875,0.017186829820275307,-0.0045298621989786625,0.0009326186846010387,0.7266598343849182,0.0635799765586853,2.360797643661499,-1.8114073276519775,0,0,0,0,0,
138050,-0.00439453125,-0.057861328125,1.0037841796875,-0.023315466940402985,0.008393567986786366,0.0021316998172551394,0.6956554055213928,0.06500596553087234,2.096615791320801,-1.9621601104736328,0,0,0,0,0,
138100,0.081787109375,-0.0018310546875,0.9793701171875,-0.004796324763447046,-0.004396630916744471,0.006794793531298637,0.6942731142044067,0.08464844524860382,2.3618321418762207,-1.778569221496582,0,0,0,0,0,
138150,0.004150390625,-0.0635986328125,1.0009765625,-0.007993875071406364,0.008793261833488941,0.003064318560063839,0.6715837717056274,0.08356299251317978,2.1473796367645264,-1.9662060737609863,0,0,0,0,0,
138200,0.03936767578125,-0.04180908203125,0.9931640625,-0.019185299053788185,0.009992343373596668,0.0021316998172551394,0.6523714065551758,0.07815423607826233,2.1594605445861816,-2.0105245113372803,0,0,0,0,0,
138250,0.0487060546875,-0.03118896484375,0.98773193359375,-0.004663093481212854,-0.006928024813532829,0.003064318560063839,0.6416793465614319,0.07531946897506714,2.2254509925842285,-1.9901933670043945,0,0,0,0,0,
138300,0.03497314453125,-0.0567626953125,0.99566650390625,-0.012390505522489548,0.0001332312385784462,0.0011990811908617616,0.6298813223838806,0.06000327318906784,2.2036995887756348,-2.117842435836792,0,0,0,0,0,
138350,0.0455322265625,-0.03472900390625,0.99310302734375,-0.013323124498128891,0.006794793531298637,0.0011990811908617616,0.6234665513038635,0.047390904277563095,2.2457339763641357,-2.1061203479766846,0,0,0,0,0,
138400,0.05194091796875,-0.02655029296875,0.988525390625,-0.0038637060206383467,-0.003197549842298031,0.004130168352276087,0.6252816915512085,0.04171888157725334,2.3216185569763184,-2.0493292808532715,0,0,0,0,0,
138450,0.0220947265625,-0.04095458984375,0.9962158203125,-0.005462481174618006,-0.005862174555659294,0.007727412041276693,0.6163544654846191,0.03355731815099716,2.2160096168518066,-2.0798966884613037,0,0,0,0,0,
138500,0.05938720703125,-0.031494140625,0.988037109375,-0.008127106353640556,0.00626186840236187,0.005196018610149622,0.6205037236213684,0.028774984180927277,2.3378469944000244,-2.0542659759521484,0,0,0,0,0,
138550,0.04833984375,-0.0562744140625,0.9931640625,-0.009326186962425709,-0.0035972436890006065,0.0001332312385784462,0.628696084022522,0.012592011131346226,2.38242769241333,-2.1730546951293945,0,0,0,0,0,
138650,0.03875732421875,-0.06591796875,0.99810791015625,-0.021316999569535255,-0.003996937535703182,0.009592649526894093,0.6378360390663147,-0.03264361619949341,2.349898338317871,-2.3415260314941406,0,0,0,0,0,
138700,0.03277587890625,-0.0341796875,0.993896484375,-0.004263399634510279,0.0034640124067664146,0.0045298621989786625,0.6364173293113708,-0.05580030009150505,2.303649425506592,-2.3042104244232178,0,0,0,0,0,
138750,0.04864501953125,-0.09173583984375,0.99554443359375,-0.02584686130285263,-0.0037304747384041548,0.0045298621989786625,0.6400171518325806,-0.10635055601596832,2.3524153232574463,-2.6013028621673584,0,0,0,0,0,
138800,0.03228759765625,-0.01495361328125,0.9937744140625,-0.017053598538041115,0.002664624946191907,0.0074609494768083096,0.6383513808250427,-0.13445992767810822,2.3033595085144043,-2.4274442195892334,0,0,0,0,0,
138850,0.04638671875,-0.05426025390625,0.99530029296875,0.005595712456852198,0.01079173106700182,0.0034640124067664146,0.6404743194580078,-0.16667409241199493,2.339580535888672,-2.4966015815734863,0,0,0,0,0,
138900,0.07293701171875,-0.04742431640625,0.9854736328125,-0.02571363002061844,-0.026113323867321014,0.009192955680191517,0.6611673831939697,-0.19817626476287842,2.527405023574829,-2.521695852279663,0,0,0,0,0,
138950,0.02886962890625,0.01983642578125,0.986328125,-0.0035972436890006065,0.020384380593895912,0.0034640124067664146,0.6713826060295105,-0.1900658905506134,2.443319797515869,-2.1570725440979004,0,0,0,0,0,
139000,0.09600830078125,-0.07012939453125,0.98614501953125,0.00039969373028725386,-0.010258805938065052,0.0037304747384041548,0.7116056680679321,-0.20170649886131287,2.753613233566284,-2.3464720249176025,0,0,0,0,0,
139050,0.01495361328125,-0.026611328125,0.99298095703125,-0.01252373680472374,0.0074609494768083096,0.006794793531298637,0.7288978099822998,-0.20407836139202118,2.5645270347595215,-2.265425205230713,0,0,0,0,0,
139100,0.08404541015625,-0.02984619140625,0.98529052734375,-0.0002664624771568924,-0.0005329249543137848,0.010924962349236012,0.7674619555473328,-0.20088215172290802,2.7945396900177,-2.212116241455078,0,0,0,0,0,
139150,0.0416259765625,-0.04925537109375,0.9931640625,-0.006928024813532829,-0.008526799269020557,0.0010658499086275697,0.7981876134872437,-0.20426592230796814,2.7547190189361572,-2.2747199535369873,0,0,0,0,0,
139200,0.0087890625,-0.0272216796875,0.994384765625,-0.017986217513680458,0.017186829820275307,0.01398928090929985,0.8033261895179749,-0.2002488374710083,2.529573440551758,-2.2040951251983643,0,0,0,0,0,
139250,0.08428955078125,-0.0491943359375,0.9847412109375,0.003064318560063839,-0.013056661933660507,0.002398162381723523,0.8314380645751953,-0.20308387279510498,2.7644453048706055,-2.268599271774292,0,0,0,0,0,
139300,6.103515625e-05,-0.03460693359375,1.00067138671875,-0.021316999569535255,0.005728943273425102,0.007860643789172173,0.8289232850074768,-0.2027578204870224,2.486290693283081,-2.239823341369629,0,0,0,0,0,
139350,0.06011962890625,-0.03533935546875,0.98504638671875,0.003996937535703182,0.0014655436389148235,0.0010658499086275697,0.8366459012031555,-0.20058780908584595,2.5861494541168213,-2.221057653427124,0,0,0,0,0,
139400,0.0289306640625,-0.0325927734375,0.9935302734375,-0.021849924698472023,0.003064318560063839,0.0034640124067664146,0.834392249584198,-0.19520293176174164,2.4941091537475586,-2.186738967895508,0,0,0,0,0,
139450,0.03533935546875,-0.04510498046875,0.99578857421875,-0.0014655436389148235,-0.004396630916744471,0.0037304747384041548,0.8277090787887573,-0.1944245994091034,2.4475603103637695,-2.22741961479187,0,0,0,0,0,
139500,0.02349853515625,-0.048828125,0.99981689453125,-0.016520673409104347,0.009192955680191517,0.0011990811908617616,0.8105894923210144,-0.19944559037685394,2.3365132808685303,-2.284634590148926,0,0,0,0,0,
139550,0.0491943359375,-0.0369873046875,0.990234375,-0.005595712456852198,-0.00039969373028725386,0.0001332312385784462,0.8002283573150635,-0.20248660445213318,2.3869786262512207,-2.2698557376861572,0,0,0,0,0,
139600,0.024169921875,-0.04730224609375,0.99578857421875,-0.007194487378001213,-0.014921898953616619,0.004929556045681238,0.7808941602706909,-0.20972947776317596,2.28688645362854,-2.314915418624878,0,0,0,0,0,
139650,0.03656005859375,-0.036376953125,0.99322509765625,-0.011990811675786972,0.008526799269020557,0.004396630916744471,0.7616908550262451,-0.21405957639217377,2.2688612937927246,-2.2930305004119873,0,0,0,0,0,
139700,0.0557861328125,-0.048095703125,0.991455078125,-0.008393567986786366,-0.010392037220299244,0.004263399634510279,0.7538853287696838,-0.22275733947753906,2.3636362552642822,-2.3410372734069824,0,0,0,0,0,
139750,0.0252685546875,-0.0501708984375,0.99517822265625,-0.012390505522489548,0.0006661562365479767,-0.0005329249543137848,0.7377313375473022,-0.2360411286354065,2.272345542907715,-2.3955953121185303,0,0,0,0,0,
139800,0.0555419921875,-0.02197265625,0.98822021484375,-0.002398162381723523,-0.0014655436389148235,0.005462481174618006,0.7325953841209412,-0.23680704832077026,2.3663716316223145,-2.283700466156006,0,0,0,0,0,
139900,0.03619384765625,-0.03326416015625,0.9921875,-0.005595712456852198,0.006395099684596062,-0.0006661562365479767,0.7087072730064392,-0.25385797023773193,2.276940107345581,-2.3441946506500244,0,0,0,0,0,
139950,0.05621337890625,-0.04522705078125,0.98992919921875,-0.0074609494768083096,0.0,0.002531393663957715,0.7072105407714844,-0.26156455278396606,2.3737401962280273,-2.3709237575531006,0,0,0,0,0,
140000,0.02294921875,-0.0223388671875,0.9959716796875,-0.008260336704552174,0.008260336704552174,0.0006661562365479767,0.6953059434890747,-0.25761929154396057,2.268164873123169,-2.2621119022369385,0,0,0,0,0,
140050,0.05438232421875,-0.05499267578125,0.9921875,-0.0094594182446599,-0.0009326186846010387,0.003064318560063839,0.6932427883148193,-0.2631319761276245,2.3546745777130127,-2.35274600982666,0,0,0,0,0,
140100,0.04034423828125,-0.0181884765625,0.98974609375,-0.014122512191534042,0.0011990811908617616,0.0017320062033832073,0.6911835670471191,-0.25513097643852234,2.3526506423950195,-2.2231218814849854,0,0,0,0,0,
140150,0.05084228515625,-0.039794921875,0.9920654296875,-0.002797856228426099,0.0015987749211490154,-0.0011990811908617616,0.6951180696487427,-0.24864067137241364,2.4105286598205566,-2.2302279472351074,0,0,0,0,0,
140200,0.04736328125,-0.0318603515625,0.99072265625,-0.01612098142504692,0.0033307811245322227,-0.0001332312385784462,0.701905369758606,-0.23890195786952972,2.4429914951324463,-2.191253662109375,0,0,0,0,0,
140250,0.02252197265625,-0.03582763671875,0.99859619140625,0.0013323124730959535,-0.010392037220299244,-0.0001332312385784462,0.6964388489723206,-0.22876426577568054,2.327240228652954,-2.177525043487549,0,0,0,0,0,
140300,0.056396484375,-0.0316162109375,0.98834228515625,-0.02451454848051071,0.015588055364787579,0.0002664624771568924,0.7008542418479919,-0.21617288887500763,2.420593023300171,-2.142850399017334,0,0,0,0,0,
140350,0.0728759765625,-0.0579833984375,0.98931884765625,-0.0009326186846010387,-0.02011791802942753,0.001998468767851591,0.722676694393158,-0.21686911582946777,2.599079132080078,-2.2631351947784424,0,0,0,0,0,
140400,0.0107421875,-0.03546142578125,0.99835205078125,-0.02011791802942753,0.008926493115723133,0.0066615622490644455,0.7223991751670837,-0.21520772576332092,2.3999016284942627,-2.240255117416382,0,0,0,0,0,
140450,0.0675048828125,-0.04638671875,0.9871826171875,-0.0038637060206383467,-0.005462481174618006,0.002931087277829647,0.7371729612350464,-0.2181418538093567,2.5501372814178467,-2.2845489978790283,0,0,0,0,0,
140500,0.0384521484375,-0.05218505859375,0.9940185546875,-0.03757121041417122,-0.006794793531298637,0.015188361518085003,0.7470858693122864,-0.2279808223247528,2.5163021087646484,-2.3565316200256348,0,0,0,0,0,
140550,0.04180908203125,-0.0364990234375,0.9893798828125,0.0034640124067664146,-0.0427672304213047,-0.0007993874605745077,0.7550287842750549,-0.2343864142894745,2.50651478767395,-2.3320367336273193,0,0,0,0,0,
140600,0.0916748046875,-0.03857421875,0.98138427734375,-0.029843797907233238,0.01878560520708561,0.016387442126870155,0.7902389764785767,-0.23927408456802368,2.787130832672119,-2.323263168334961,0,0,0,0,0,
140650,0.0274658203125,0.01348876953125,0.986572265625,0.01612098142504692,-0.017986217513680458,0.0094594182446599,0.810102641582489,-0.21279355883598328,2.6688756942749023,-2.0144689083099365,0,0,0,0,0,
140700,0.0692138671875,-0.08233642578125,0.99334716796875,-0.021316999569535255,-0.004263399634510279,0.013456355780363083,0.8411220908164978,-0.21625234186649323,2.800297498703003,-2.287381410598755,0,0,0,0,0,
140750,0.05096435546875,0.0057373046875,0.9866943359375,0.012257274240255356,-0.007993875071406364,-0.007061256095767021,0.8706236481666565,-0.19328543543815613,2.8161375522613525,-2.026583194732666,0,0,0,0,0,
140800,0.04254150390625,-0.0733642578125,0.99658203125,-0.0005329249543137848,-0.008793261833488941,-0.008260336704552174,0.8933821320533752,-0.19456706941127777,2.7782082557678223,-2.2461018562316895,0,0,0,0,0,
140850,0.05340576171875,-0.02642822265625,0.99072265625,-0.012257274240255356,0.0009326186846010387,-0.005462481174618006,0.9169282913208008,-0.1885213553905487,2.8088438510894775,-2.174109935760498,0,0,0,0,0,
140900,0.0545654296875,-0.0628662109375,0.992431640625,-0.008127106353640556,-0.002931087277829647,0.0022649310994893312,0.9414560794830322,-0.19756880402565002,2.8422064781188965,-2.318995952606201,0,0,0,0,0,
140950,0.04705810546875,-0.0445556640625,0.99249267578125,-0.002398162381723523,-0.0010658499086275697,0.001998468767851591,0.9622262716293335,-0.20820030570030212,2.8291585445404053,-2.343883752822876,0,0,0,0,0,
141000,0.03973388671875,-0.020751953125,0.98846435546875,-0.01598775014281273,0.0037304747384041548,-0.007993875071406364,0.9756654500961304,-0.20638850331306458,2.776618242263794,-2.2300822734832764,0,0,0,0,0,
141050,0.0333251953125,-0.06439208984375,0.9947509765625,-0.015055130235850811,0.00626186840236187,-0.008127106353640556,0.9791154265403748,-0.21953395009040833,2.6901652812957764,-2.377842903137207,0,0,0,0,0,
141150,0.02532958984375,-0.061767578125,0.99853515625,-0.02238284982740879,-0.0011990811908617616,-0.002398162381723523,0.9950694441795349,-0.22301873564720154,2.6779842376708984,-2.3414223194122314,0,0,0,0,0,
141200,0.05438232421875,-0.02203369140625,0.98699951171875,-0.00506278732791543,0.010392037220299244,-0.0001332312385784462,1.0000944137573242,-0.2202605903148651,2.7253196239471436,-2.2354373931884766,0,0,0,0,0,
141250,0.0433349609375,-0.02197265625,0.99456787109375,-0.019851455464959145,-0.005995405837893486,0.004663093481212854,1.0023043155670166,-0.2080439329147339,2.702192783355713,-2.138093948364258,0,0,0,0,0,
141300,0.029296875,-0.040283203125,0.99212646484375,-0.013589587062597275,0.0,0.005196018610149622,0.994170606136322,-0.1989121437072754,2.6009676456451416,-2.156726121902466,0,0,0,0,0,
141350,0.01739501953125,0.00115966796875,0.993408203125,0.0002664624771568924,0.01665390469133854,0.008260336704552174,0.9708855152130127,-0.16846154630184174,2.4413201808929443,-1.9344061613082886,0,0,0,0,0,
141400,0.04437255859375,-0.04180908203125,0.9891357421875,0.0001332312385784462,0.010258805938065052,0.006395099684596062,0.9511768221855164,-0.14588184654712677,2.45379900932312,-1.9826645851135254,0,0,0,0,0,
141450,0.007080078125,-0.0078125,0.9962158203125,-0.014921898953616619,0.016520673409104347,0.005995405837893486,0.9129214882850647,-0.11019204556941986,2.2486236095428467,-1.8289839029312134,0,0,0,0,0,
141500,0.04681396484375,-0.0106201171875,0.9873046875,0.004929556045681238,-0.010924962349236012,0.014255743473768234,0.8831355571746826,-0.0659903883934021,2.2950620651245117,-1.7081754207611084,0,0,0,0,0,
141550,0.0506591796875,-0.0548095703125,0.990966796875,-0.020784074440598488,-0.006794793531298637,0.00866003055125475,0.8626106381416321,-0.0407576858997345,2.35788631439209,-1.8536633253097534,0,0,0,0,0,
141600,0.0269775390625,-0.0279541015625,0.992919921875,0.007860643789172173,-0.00039969373028725386,0.004929556045681238,0.8361102342605591,-0.015631772577762604,2.277606964111328,-1.829498529434204,0,0,0,0,0,
141650,0.03271484375,-0.0264892578125,0.994384765625,-0.016387442126870155,0.0009326186846010387,0.0094594182446599,0.8083119988441467,0.010031803511083126,2.238128423690796,-1.7989959716796875,0,0,0,0,0,
141700,0.02520751953125,-0.04949951171875,0.99505615234375,0.016520673409104347,-0.024914242327213287,0.012656968086957932,0.775384247303009,0.022614892572164536,2.1590347290039062,-1.9041372537612915,0,0,0,0,0,
141750,0.043212890625,-0.07196044921875,0.99603271484375,-0.015454824082553387,0.013589587062597275,0.003064318560063839,0.7489692568778992,0.01157688070088625,2.191234588623047,-2.12776517868042,0,0,0,0,0,
141800,0.03009033203125,-0.0018310546875,0.98724365234375,0.004263399634510279,-0.015454824082553387,0.01612098142504692,0.7207785248756409,0.02174004539847374,2.147062063217163,-1.9267914295196533,0,0,0,0,0,
141850,0.05462646484375,-0.084228515625,0.9967041015625,-0.004929556045681238,0.010525268502533436,0.005196018610149622,0.7052966356277466,0.0017064381390810013,2.245959520339966,-2.2185959815979004,0,0,0,0,0,
141900,0.01409912109375,-0.00433349609375,0.9959716796875,-0.010658499784767628,-0.0018652373692020774,0.0017320062033832073,0.6769987344741821,0.0033981534652411938,2.1023178100585938,-2.021376371383667,0,0,0,0,0,
141950,0.05267333984375,-0.06829833984375,0.9935302734375,-0.00506278732791543,0.010924962349236012,-0.0033307811245322227,0.6608209013938904,-0.014189910143613815,2.195220470428467,-2.212482452392578,0,0,0,0,0,
142000,0.07562255859375,-0.0521240234375,0.98211669921875,-0.01878560520708561,-0.007860643789172173,-0.006528330966830254,0.6681169271469116,-0.03814106434583664,2.4137816429138184,-2.293701410293579,0,0,0,0,0,
142050,0.0621337890625,-0.03375244140625,0.98602294921875,-0.012124042958021164,-0.007993875071406364,0.005995405837893486,0.6865279674530029,-0.05634598433971405,2.532227039337158,-2.26019024848938,0,0,0,0,0,
142100,0.06390380859375,-0.04766845703125,0.98870849609375,-0.0006661562365479767,-0.003996937535703182,0.006128637120127678,0.714702844619751,-0.07767312228679657,2.6482765674591064,-2.309617280960083,0,0,0,0,0,
142150,0.05316162109375,-0.03131103515625,0.98931884765625,-0.019851455464959145,-0.0002664624771568924,-0.0009326186846010387,0.7443152666091919,-0.09188070893287659,2.6908276081085205,-2.259748935699463,0,0,0,0,0,
142200,0.04486083984375,-0.00457763671875,0.9852294921875,-0.0021316998172551394,-0.004396630916744471,0.005862174555659294,0.7701480984687805,-0.08484861254692078,2.6826436519622803,-2.0615596771240234,0,0,0,0,0,
142250,0.05841064453125,-0.08245849609375,0.9949951171875,-0.013856049627065659,-0.005595712456852198,0.004796324763447046,0.8001292943954468,-0.1053885668516159,2.749959707260132,-2.3302481174468994,0,0,0,0,0,
142300,0.03875732421875,-0.01043701171875,0.99017333984375,-0.016254212707281113,0.003197549842298031,0.0045298621989786625,0.8220456838607788,-0.10663602501153946,2.699293851852417,-2.157863140106201,0,0,0,0,0,
142400,0.0426025390625,-0.03643798828125,0.9923095703125,-0.03064318560063839,-0.0018652373692020774,-0.001998468767851591,0.8386328220367432,-0.1278904676437378,2.5827090740203857,-2.250622510910034,0,0,0,0,0,
142450,0.04180908203125,0.0013427734375,0.98199462890625,0.007993875071406364,-0.006128637120127678,0.009592649526894093,0.8436250686645508,-0.11309541016817093,2.5685553550720215,-2.01993989944458,0,0,0,0,0,
142500,0.03411865234375,-0.06109619140625,0.99774169921875,-0.015188361518085003,0.013456355780363083,0.002398162381723523,0.8419433236122131,-0.11471085250377655,2.506807327270508,-2.1692497730255127,0,0,0,0,0,
142550,0.0234375,-0.00567626953125,0.99359130859375,-0.005595712456852198,0.003197549842298031,0.011058193631470203,0.8288745880126953,-0.09773237258195877,2.391256093978882,-1.9849259853363037,0,0,0,0,0,
142600,0.048095703125,-0.04937744140625,0.9918212890625,-0.018652373924851418,-0.0021316998172551394,0.0035972436890006065,0.8209353685379028,-0.09108094125986099,2.4294824600219727,-2.0712180137634277,0,0,0,0,0,
142650,0.05657958984375,-0.01678466796875,0.98394775390625,-0.01958499290049076,-0.011324656195938587,0.002664624946191907,0.8223481178283691,-0.0742136761546135,2.5150625705718994,-1.9624083042144775,0,0,0,0,0,
142700,0.048828125,-0.0164794921875,0.98541259765625,0.004396630916744471,0.005595712456852198,0.0045298621989786625,0.8268199563026428,-0.04902869462966919,2.5470666885375977,-1.8623638153076172,0,0,0,0,0,
142750,0.05328369140625,-0.03076171875,0.98822021484375,-0.0222496185451746,-0.0022649310994893312,0.003197549842298031,0.8362149000167847,-0.025544101372361183,2.600769281387329,-1.8541827201843262,0,0,0,0,0,
142800,0.03228759765625,-0.04595947265625,0.9942626953125,-0.017719754949212074,-0.004263399634510279,0.017053598538041115,0.8372154831886292,-0.012350642122328281,2.5262210369110107,-1.9336094856262207,0,0,0,0,0,
142850,0.04827880859375,-0.06298828125,0.98944091796875,-0.011591117829084396,0.0074609494768083096,0.007860643789172173,0.8407440781593323,-0.017532113939523697,2.5525014400482178,-2.1041653156280518,0,0,0,0,0,
142900,0.02740478515625,-0.03826904296875,0.99432373046875,-0.03064318560063839,0.030909648165106773,-0.03530627861618996,0.8341400623321533,-0.02319219522178173,2.4547042846679688,-2.114132881164551,0,0,0,0,0,
142950,0.04754638671875,-0.01953125,0.98553466796875,-0.011591117829084396,-0.019718224182724953,-0.01012557465583086,0.8312526941299438,-0.018533825874328613,2.48526668548584,-2.016608476638794,0,0,0,0,0,
