systime[ms],angle0[deg],angle1[deg],angle0_raw[deg],angle1_raw[deg],angle0_average[deg],angle1_average[deg],err_angle0[-],err_angle1[-],
13130,10.910967826843262,16.02762794494629,59.5458984375,137.17529296875,1.6203006505966187,2.8905577659606934,0,0,
13140,10.998858451843262,15.785928726196289,59.6337890625,136.93359375,1.6203006505966187,2.8905577659606934,0,0,
13150,11.042803764343262,15.544229507446289,59.677734375,136.69189453125,1.6203006505966187,2.8905577659606934,0,0,
13160,11.064776420593262,15.236612319946289,59.69970703125,136.38427734375,1.6203006505966187,2.8905577659606934,0,0,
13170,11.108721733093262,14.907022476196289,59.74365234375,136.0546875,1.6203006505966187,2.8905577659606934,0,0,
13180,11.354986190795898,14.408141136169434,59.765625,135.703125,1.6203006505966187,2.8905577659606934,0,0,
13190,11.354986190795898,14.034605979919434,59.765625,135.32958984375,1.6203006505966187,2.8905577659606934,0,0,
13200,11.354986190795898,13.595152854919434,59.765625,134.89013671875,1.6203006505966187,2.8905577659606934,0,0,
13210,11.333013534545898,13.155699729919434,59.74365234375,134.45068359375,1.6203006505966187,2.8905577659606934,0,0,
13220,11.289068222045898,12.716246604919434,59.69970703125,134.01123046875,1.6203006505966187,2.8905577659606934,0,0,
13230,11.289552688598633,12.019818305969238,59.61181640625,133.505859375,1.6203006505966187,2.8905577659606934,0,0,
13240,11.179689407348633,11.536419868469238,59.501953125,133.0224609375,1.6203006505966187,2.8905577659606934,0,0,
13250,11.069826126098633,10.965130805969238,59.39208984375,132.451171875,1.6203006505966187,2.8905577659606934,0,0,
13260,10.959962844848633,10.415814399719238,59.2822265625,131.90185546875,1.6203006505966187,2.8905577659606934,0,0,
13270,10.806154251098633,9.866497993469238,59.12841796875,131.3525390625,1.6203006505966187,2.8905577659606934,0,0,
13280,10.653346061706543,9.059412956237793,58.974609375,130.75927734375,1.6203006505966187,2.8905577659606934,0,0,
13290,10.499537467956543,8.532069206237793,58.82080078125,130.23193359375,1.6203006505966187,2.8905577659606934,0,0,
13300,10.323756217956543,7.872889518737793,58.64501953125,129.57275390625,1.6203006505966187,2.8905577659606934,0,0,
13310,10.147974967956543,7.257655143737793,58.46923828125,128.95751953125,1.6203006505966187,2.8905577659606934,0,0,
13320,9.928248405456543,6.664393424987793,58.24951171875,128.3642578125,1.6203006505966187,2.8905577659606934,0,0,
13330,9.703276634216309,5.81159782409668,58.095703125,127.72705078125,1.6203006505966187,2.8905577659606934,0,0,
13340,9.505522727966309,5.26228141784668,57.89794921875,127.177734375,1.6203006505966187,2.8905577659606934,0,0,
13350,9.329741477966309,4.60310173034668,57.72216796875,126.5185546875,1.6203006505966187,2.8905577659606934,0,0,
13360,9.066069602966309,4.00984001159668,57.45849609375,125.92529296875,1.6203006505966187,2.8905577659606934,0,0,
13370,8.802397727966309,3.4165782928466797,57.19482421875,125.33203125,1.6203006505966187,2.8905577659606934,0,0,
13380,8.379403114318848,2.681612491607666,56.93115234375,124.78271484375,1.6203006505966187,2.8905577659606934,0,0,
13390,8.115731239318848,2.110323429107666,56.66748046875,124.21142578125,1.6203006505966187,2.8905577659606934,0,0,
13400,7.874032020568848,1.517061710357666,56.42578125,123.6181640625,1.6203006505966187,2.8905577659606934,0,0,
13410,7.632332801818848,0.945772647857666,56.18408203125,123.046875,1.6203006505966187,2.8905577659606934,0,0,
13420,7.412606239318848,0.462374210357666,55.96435546875,122.5634765625,1.6203006505966187,2.8905577659606934,0,0,
13430,6.918684959411621,-0.1796402931213379,55.6787109375,122.080078125,1.6203006505966187,2.8905577659606934,0,0,
13440,6.720931053161621,-0.5971207618713379,55.48095703125,121.66259765625,1.6203006505966187,2.8905577659606934,0,0,
13450,6.435286521911621,-1.058546543121338,55.1953125,121.201171875,1.6203006505966187,2.8905577659606934,0,0,
13460,6.171614646911621,-1.432081699371338,54.931640625,120.82763671875,1.6203006505966187,2.8905577659606934,0,0,
13470,5.951888084411621,-1.827589511871338,54.7119140625,120.43212890625,1.6203006505966187,2.8905577659606934,0,0,
13480,5.493090629577637,-2.345484972000122,54.4921875,120.05859375,1.6203006505966187,2.8905577659606934,0,0,
13490,5.295336723327637,-2.653102159500122,54.29443359375,119.7509765625,1.6203006505966187,2.8905577659606934,0,0,
13500,5.141528129577637,-3.004664659500122,54.140625,119.3994140625,1.6203006505966187,2.8905577659606934,0,0,
13510,5.053637504577637,-3.246363878250122,54.052734375,119.15771484375,1.6203006505966187,2.8905577659606934,0,0,
13520,5.053637504577637,-3.488063097000122,54.052734375,118.916015625,1.6203006505966187,2.8905577659606934,0,0,
13530,4.767747402191162,-3.821676731109619,54.03076171875,118.740234375,1.6203006505966187,2.8905577659606934,0,0,
13540,4.745774745941162,-3.931540012359619,54.0087890625,118.63037109375,1.6203006505966187,2.8905577659606934,0,0,
13550,4.701829433441162,-4.063375949859619,53.96484375,118.49853515625,1.6203006505966187,2.8905577659606934,0,0,
13560,4.548020839691162,-4.151266574859619,53.81103515625,118.41064453125,1.6203006505966187,2.8905577659606934,0,0,
13570,4.438157558441162,-4.195211887359619,53.701171875,118.36669921875,1.6203006505966187,2.8905577659606934,0,0,
13580,4.038413047790527,-4.404187202453613,53.5693359375,118.3447265625,1.6203006505966187,2.8905577659606934,0,0,
13590,3.9285497665405273,-4.404187202453613,53.45947265625,118.3447265625,1.6203006505966187,2.8905577659606934,0,0,
13600,3.8626317977905273,-4.382214546203613,53.3935546875,118.36669921875,1.6203006505966187,2.8905577659606934,0,0,
13610,3.7747411727905273,-4.294323921203613,53.3056640625,118.45458984375,1.6203006505966187,2.8905577659606934,0,0,
13620,3.7307958602905273,-4.140515327453613,53.26171875,118.6083984375,1.6203006505966187,2.8905577659606934,0,0,
13630,3.4362454414367676,-4.125487327575684,53.23974609375,118.7841796875,1.6203006505966187,2.8905577659606934,0,0,
13640,3.4142727851867676,-3.9497060775756836,53.2177734375,118.9599609375,1.6203006505966187,2.8905577659606934,0,0,
13650,3.4142727851867676,-3.6860342025756836,53.2177734375,119.2236328125,1.6203006505966187,2.8905577659606934,0,0,
13660,3.4142727851867676,-3.4003896713256836,53.2177734375,119.50927734375,1.6203006505966187,2.8905577659606934,0,0,
13670,3.4142727851867676,-3.0927724838256836,53.2177734375,119.81689453125,1.6203006505966187,2.8905577659606934,0,0,
13680,3.1374921798706055,-2.8969454765319824,53.2177734375,120.146484375,1.6203006505966187,2.8905577659606934,0,0,
13690,3.1374921798706055,-2.5453829765319824,53.2177734375,120.498046875,1.6203006505966187,2.8905577659606934,0,0,
13700,3.1374921798706055,-2.1498751640319824,53.2177734375,120.8935546875,1.6203006505966187,2.8905577659606934,0,0,
13710,3.1374921798706055,-1.7104220390319824,53.2177734375,121.3330078125,1.6203006505966187,2.8905577659606934,0,0,
13720,3.1374921798706055,-1.2709689140319824,53.2177734375,121.7724609375,1.6203006505966187,2.8905577659606934,0,0,
13730,2.8547840118408203,-0.9303433895111084,53.2177734375,122.23388671875,1.6203006505966187,2.8905577659606934,0,0,
13740,2.8547840118408203,-0.4689176082611084,53.2177734375,122.6953125,1.6203006505966187,2.8905577659606934,0,0,
13750,2.8547840118408203,0.014480829238891602,53.2177734375,123.1787109375,1.6203006505966187,2.8905577659606934,0,0,
13760,2.8767566680908203,0.5418245792388916,53.23974609375,123.7060546875,1.6203006505966187,2.8905577659606934,0,0,
13770,3.0305652618408203,1.0691683292388916,53.3935546875,124.2333984375,1.6203006505966187,2.8905577659606934,0,0,
13780,2.8976101875305176,1.500114917755127,53.54736328125,124.7607421875,1.6203006505966187,2.8905577659606934,0,0,
13790,3.0514187812805176,2.005486011505127,53.701171875,125.26611328125,1.6203006505966187,2.8905577659606934,0,0,
13800,3.2052273750305176,2.510857105255127,53.85498046875,125.771484375,1.6203006505966187,2.8905577659606934,0,0,
13810,3.4469265937805176,3.060173511505127,54.0966796875,126.32080078125,1.6203006505966187,2.8905577659606934,0,0,
13820,3.5787625312805176,3.609489917755127,54.228515625,126.8701171875,1.6203006505966187,2.8905577659606934,0,0,
13830,3.556466579437256,4.015603065490723,54.4921875,127.37548828125,1.6203006505966187,2.8905577659606934,0,0,
13840,3.710275173187256,4.542946815490723,54.64599609375,127.90283203125,1.6203006505966187,2.8905577659606934,0,0,
13850,3.930001735687256,5.092263221740723,54.86572265625,128.4521484375,1.6203006505966187,2.8905577659606934,0,0,
13860,4.127755641937256,5.575661659240723,55.0634765625,128.935546875,1.6203006505966187,2.8905577659606934,0,0,
13870,4.325509548187256,6.081032752990723,55.26123046875,129.44091796875,1.6203006505966187,2.8905577659606934,0,0,
13880,4.253417491912842,6.499156475067139,55.48095703125,129.9462890625,1.6203006505966187,2.8905577659606934,0,0,
13890,4.451171398162842,6.960582256317139,55.6787109375,130.40771484375,1.6203006505966187,2.8905577659606934,0,0,
13900,4.692870616912842,7.465953350067139,55.92041015625,130.9130859375,1.6203006505966187,2.8905577659606934,0,0,
13910,4.890624523162842,7.927379131317139,56.1181640625,131.37451171875,1.6203006505966187,2.8905577659606934,0,0,
13920,5.110351085662842,8.388805389404297,56.337890625,131.8359375,1.6203006505966187,2.8905577659606934,0,0,
13930,5.04213285446167,8.760456085205078,56.5576171875,132.25341796875,1.6203006505966187,2.8905577659606934,0,0,
13940,5.21791410446167,9.133991241455078,56.7333984375,132.626953125,1.6203006505966187,2.8905577659606934,0,0,
13950,5.41566801071167,9.551471710205078,56.93115234375,133.04443359375,1.6203006505966187,2.8905577659606934,0,0,
13960,5.59144926071167,9.859088897705078,57.10693359375,133.35205078125,1.6203006505966187,2.8905577659606934,0,0,
13970,5.76723051071167,10.144733428955078,57.28271484375,133.6376953125,1.6203006505966187,2.8905577659606934,0,0,
13980,5.658156394958496,10.335685729980469,57.4365234375,133.87939453125,1.6203006505966187,2.8905577659606934,0,0,
13990,5.789992332458496,10.577384948730469,57.568359375,134.12109375,1.6203006505966187,2.8905577659606934,0,0,
14000,5.943800926208496,10.797111511230469,57.72216796875,134.3408203125,1.6203006505966187,2.8905577659606934,0,0,
14010,6.075636863708496,10.972892761230469,57.85400390625,134.5166015625,1.6203006505966187,2.8905577659606934,0,0,
14020,6.185500144958496,11.148674011230469,57.9638671875,134.6923828125,1.6203006505966187,2.8905577659606934,0,0,
14030,6.048355579376221,11.240217208862305,58.07373046875,134.82421875,1.6203006505966187,2.8905577659606934,0,0,
14040,6.136246204376221,11.350080490112305,58.16162109375,134.93408203125,1.6203006505966187,2.8905577659606934,0,0,
14050,6.224136829376221,11.415998458862305,58.24951171875,135.0,1.6203006505966187,2.8905577659606934,0,0,
14060,6.246109485626221,11.525861740112305,58.271484375,135.10986328125,1.6203006505966187,2.8905577659606934,0,0,
14070,6.355972766876221,11.547834396362305,58.38134765625,135.1318359375,1.6203006505966187,2.8905577659606934,0,0,
14080,6.170725345611572,11.493276596069336,58.447265625,135.1318359375,1.6203006505966187,2.8905577659606934,0,0,
14090,6.170725345611572,11.493276596069336,58.447265625,135.1318359375,1.6203006505966187,2.8905577659606934,0,0,
14100,6.192698001861572,11.383413314819336,58.46923828125,135.02197265625,1.6203006505966187,2.8905577659606934,0,0,
14110,6.236643314361572,11.273550033569336,58.51318359375,134.912109375,1.6203006505966187,2.8905577659606934,0,0,
14120,6.236643314361572,11.119741439819336,58.51318359375,134.75830078125,1.6203006505966187,2.8905577659606934,0,0,
14130,6.021162033081055,10.864927291870117,58.51318359375,134.58251953125,1.6203006505966187,2.8905577659606934,0,0,
14140,6.021162033081055,10.689146041870117,58.51318359375,134.40673828125,1.6203006505966187,2.8905577659606934,0,0,
14150,5.955244064331055,10.469419479370117,58.447265625,134.18701171875,1.6203006505966187,2.8905577659606934,0,0,
14160,5.911298751831055,10.205747604370117,58.4033203125,133.92333984375,1.6203006505966187,2.8905577659606934,0,0,
14170,5.845380783081055,9.964048385620117,58.33740234375,133.681640625,1.6203006505966187,2.8905577659606934,0,0,
14180,5.553774833679199,9.642753601074219,58.24951171875,133.39599609375,1.6203006505966187,2.8905577659606934,0,0,
14190,5.487856864929199,9.357109069824219,58.18359375,133.1103515625,1.6203006505966187,2.8905577659606934,0,0,
14200,5.377993583679199,8.983573913574219,58.07373046875,132.73681640625,1.6203006505966187,2.8905577659606934,0,0,
14210,5.268130302429199,8.632011413574219,57.9638671875,132.38525390625,1.6203006505966187,2.8905577659606934,0,0,
14220,5.136294364929199,8.302421569824219,57.83203125,132.0556640625,1.6203006505966187,2.8905577659606934,0,0,
14230,4.812416076660156,7.897831439971924,57.7001953125,131.66015625,1.6203006505966187,2.8905577659606934,0,0,
14240,4.702552795410156,7.546268939971924,57.59033203125,131.30859375,1.6203006505966187,2.8905577659606934,0,0,
14250,4.548744201660156,7.106815814971924,57.4365234375,130.869140625,1.6203006505966187,2.8905577659606934,0,0,
14260,4.416908264160156,6.711308002471924,57.3046875,130.4736328125,1.6203006505966187,2.8905577659606934,0,0,
14270,4.263099670410156,6.293827533721924,57.15087890625,130.05615234375,1.6203006505966187,2.8905577659606934,0,0,
14280,3.9214553833007812,5.850783348083496,56.9970703125,129.61669921875,1.6203006505966187,2.8905577659606934,0,0,
14290,3.7676467895507812,5.433302879333496,56.84326171875,129.19921875,1.6203006505966187,2.8905577659606934,0,0,
14300,3.6138381958007812,4.949904441833496,56.689453125,128.7158203125,1.6203006505966187,2.8905577659606934,0,0,
14310,3.4600296020507812,4.510451316833496,56.53564453125,128.2763671875,1.6203006505966187,2.8905577659606934,0,0,
14320,3.3281936645507812,4.049025535583496,56.40380859375,127.81494140625,1.6203006505966187,2.8905577659606934,0,0,
14330,3.0320589542388916,3.5817580223083496,56.27197265625,127.37548828125,1.6203006505966187,2.8905577659606934,0,0,
14340,2.9441683292388916,3.1642775535583496,56.18408203125,126.9580078125,1.6203006505966187,2.8905577659606934,0,0,
14350,2.8343050479888916,2.7028517723083496,56.07421875,126.49658203125,1.6203006505966187,2.8905577659606934,0,0,
14360,2.7464144229888916,2.2853713035583496,55.986328125,126.0791015625,1.6203006505966187,2.8905577659606934,0,0,
14370,2.7024691104888916,1.8459181785583496,55.9423828125,125.6396484375,1.6203006505966187,2.8905577659606934,0,0,
14380,2.533740520477295,1.3953604698181152,55.92041015625,125.22216796875,1.6203006505966187,2.8905577659606934,0,0,
14390,2.511767864227295,0.9998526573181152,55.8984375,124.82666015625,1.6203006505966187,2.8905577659606934,0,0,
14400,2.511767864227295,0.5603995323181152,55.8984375,124.38720703125,1.6203006505966187,2.8905577659606934,0,0,
14410,2.423877239227295,0.16489171981811523,55.810546875,123.99169921875,1.6203006505966187,2.8905577659606934,0,0,
14420,2.270068645477295,-0.18667078018188477,55.65673828125,123.64013671875,1.6203006505966187,2.8905577659606934,0,0,
14430,2.022634267807007,-0.5773971080780029,55.546875,123.310546875,1.6203006505966187,2.8905577659606934,0,0,
14440,1.8907983303070068,-0.8630416393280029,55.4150390625,123.02490234375,1.6203006505966187,2.8905577659606934,0,0,
14450,1.7589623928070068,-1.170658826828003,55.283203125,122.71728515625,1.6203006505966187,2.8905577659606934,0,0,
14460,1.6490991115570068,-1.412358045578003,55.17333984375,122.4755859375,1.6203006505966187,2.8905577659606934,0,0,
14470,1.5612084865570068,-1.654057264328003,55.08544921875,122.23388671875,1.6203006505966187,2.8905577659606934,0,0,
14480,1.3234376907348633,-1.9500067234039307,54.9755859375,122.01416015625,1.6203006505966187,2.8905577659606934,0,0,
14490,1.2355470657348633,-2.1257879734039307,54.8876953125,121.83837890625,1.6203006505966187,2.8905577659606934,0,0,
14500,1.1476564407348633,-2.3235418796539307,54.7998046875,121.640625,1.6203006505966187,2.8905577659606934,0,0,
14510,1.1037111282348633,-2.4773504734039307,54.755859375,121.48681640625,1.6203006505966187,2.8905577659606934,0,0,
14520,1.0377931594848633,-2.6091864109039307,54.68994140625,121.35498046875,1.6203006505966187,2.8905577659606934,0,0,
14530,0.8551974296569824,-2.8062632083892822,54.6240234375,121.22314453125,1.6203006505966187,2.8905577659606934,0,0,
14540,0.8332247734069824,-2.8721811771392822,54.60205078125,121.1572265625,1.6203006505966187,2.8905577659606934,0,0,
14550,0.7892794609069824,-2.9600718021392822,54.55810546875,121.0693359375,1.6203006505966187,2.8905577659606934,0,0,
14560,0.7673068046569824,-2.9820444583892822,54.5361328125,121.04736328125,1.6203006505966187,2.8905577659606934,0,0,
14570,0.7453341484069824,-2.9820444583892822,54.51416015625,121.04736328125,1.6203006505966187,2.8905577659606934,0,0,
14580,0.6391603946685791,-3.0424017906188965,54.51416015625,121.04736328125,1.6203006505966187,2.8905577659606934,0,0,
14590,0.6391603946685791,-3.0424017906188965,54.51416015625,121.04736328125,1.6203006505966187,2.8905577659606934,0,0,
14600,0.6391603946685791,-2.9764838218688965,54.51416015625,121.11328125,1.6203006505966187,2.8905577659606934,0,0,
14610,0.6391603946685791,-2.8666205406188965,54.51416015625,121.22314453125,1.6203006505966187,2.8905577659606934,0,0,
14620,0.6391603946685791,-2.7347846031188965,54.51416015625,121.35498046875,1.6203006505966187,2.8905577659606934,0,0,
14630,0.5425546169281006,-2.623988151550293,54.51416015625,121.53076171875,1.6203006505966187,2.8905577659606934,0,0,
14640,0.5425546169281006,-2.470179557800293,54.51416015625,121.6845703125,1.6203006505966187,2.8905577659606934,0,0,
14650,0.5425546169281006,-2.250452995300293,54.51416015625,121.904296875,1.6203006505966187,2.8905577659606934,0,0,
14660,0.5425546169281006,-2.008753776550293,54.51416015625,122.14599609375,1.6203006505966187,2.8905577659606934,0,0,
14670,0.5425546169281006,-1.767054557800293,54.51416015625,122.3876953125,1.6203006505966187,2.8905577659606934,0,0,
14680,0.44362449645996094,-1.5694469213485718,54.51416015625,122.62939453125,1.6203006505966187,2.8905577659606934,0,0,
14690,0.44362449645996094,-1.3057750463485718,54.51416015625,122.89306640625,1.6203006505966187,2.8905577659606934,0,0,
14700,0.44362449645996094,-0.9981578588485718,54.51416015625,123.20068359375,1.6203006505966187,2.8905577659606934,0,0,
14710,0.44362449645996094,-0.6905406713485718,54.51416015625,123.50830078125,1.6203006505966187,2.8905577659606934,0,0,
14720,0.44362449645996094,-0.3609508275985718,54.51416015625,123.837890625,1.6203006505966187,2.8905577659606934,0,0,
14730,0.4085218906402588,-0.0581437349319458,54.580078125,124.16748046875,1.6203006505966187,2.8905577659606934,0,0,
14740,0.5403578281402588,0.2714461088180542,54.7119140625,124.4970703125,1.6203006505966187,2.8905577659606934,0,0,
14750,0.6502211093902588,0.6669539213180542,54.82177734375,124.892578125,1.6203006505966187,2.8905577659606934,0,0,
14760,0.7820570468902588,1.0404890775680542,54.95361328125,125.26611328125,1.6203006505966187,2.8905577659606934,0,0,
14770,0.8919203281402588,1.4140242338180542,55.0634765625,125.6396484375,1.6203006505966187,2.8905577659606934,0,0,
14780,0.902268648147583,1.7455456256866455,55.1953125,126.01318359375,1.6203006505966187,2.8905577659606934,0,0,
14790,0.990159273147583,2.0971081256866455,55.283203125,126.36474609375,1.6203006505966187,2.8905577659606934,0,0,
14800,1.121995210647583,2.4486706256866455,55.4150390625,126.71630859375,1.6203006505966187,2.8905577659606934,0,0,
14810,1.253831148147583,2.8441784381866455,55.546875,127.11181640625,1.6203006505966187,2.8905577659606934,0,0,
14820,1.363694429397583,3.1737682819366455,55.65673828125,127.44140625,1.6203006505966187,2.8905577659606934,0,0,
14830,1.3838915824890137,3.489013671875,55.78857421875,127.81494140625,1.6203006505966187,2.8905577659606934,0,0,
14840,1.4717822074890137,3.862548828125,55.87646484375,128.1884765625,1.6203006505966187,2.8905577659606934,0,0,
14850,1.5816454887390137,4.236083984375,55.986328125,128.56201171875,1.6203006505966187,2.8905577659606934,0,0,
14860,1.6695361137390137,4.609619140625,56.07421875,128.935546875,1.6203006505966187,2.8905577659606934,0,0,
14870,1.7354540824890137,4.961181640625,56.14013671875,129.287109375,1.6203006505966187,2.8905577659606934,0,0,
14880,1.72810959815979,5.309508800506592,56.25,129.638671875,1.6203006505966187,2.8905577659606934,0,0,
14890,1.79402756690979,5.617125988006592,56.31591796875,129.9462890625,1.6203006505966187,2.8905577659606934,0,0,
14900,1.88191819190979,5.946715831756592,56.40380859375,130.27587890625,1.6203006505966187,2.8905577659606934,0,0,
14910,1.94783616065979,6.276305675506592,56.4697265625,130.60546875,1.6203006505966187,2.8905577659606934,0,0,
14920,1.99178147315979,6.583922863006592,56.513671875,130.9130859375,1.6203006505966187,2.8905577659606934,0,0,
14930,1.9245861768722534,6.870884895324707,56.5576171875,131.1767578125,1.6203006505966187,2.8905577659606934,0,0,
14940,1.9905041456222534,7.090611457824707,56.62353515625,131.396484375,1.6203006505966187,2.8905577659606934,0,0,
14950,2.034449577331543,7.354283332824707,56.66748046875,131.66015625,1.6203006505966187,2.8905577659606934,0,0,
14960,2.078394889831543,7.552037239074707,56.71142578125,131.85791015625,1.6203006505966187,2.8905577659606934,0,0,
14970,2.100367546081543,7.727818489074707,56.7333984375,132.03369140625,1.6203006505966187,2.8905577659606934,0,0,
14980,2.0342459678649902,7.88245964050293,56.77734375,132.20947265625,1.6203006505966187,2.8905577659606934,0,0,
14990,2.0781912803649902,8.03626823425293,56.8212890625,132.36328125,1.6203006505966187,2.8905577659606934,0,0,
15000,2.1001639366149902,8.14613151550293,56.84326171875,132.47314453125,2.669060230255127,4.9367594718933105,0,0,
15010,2.1441092491149902,8.25599479675293,56.88720703125,132.5830078125,2.669060230255127,4.9367594718933105,0,0,
15020,2.1441092491149902,8.34388542175293,56.88720703125,132.6708984375,2.669060230255127,4.9367594718933105,0,0,
15030,2.0575170516967773,8.370348930358887,56.88720703125,132.73681640625,2.669060230255127,4.9367594718933105,0,0,
15040,2.0575170516967773,8.414294242858887,56.88720703125,132.78076171875,2.669060230255127,4.9367594718933105,0,0,
15050,2.0575170516967773,8.436266899108887,56.88720703125,132.802734375,2.669060230255127,4.9367594718933105,0,0,
15060,2.0575170516967773,8.458239555358887,56.88720703125,132.82470703125,2.669060230255127,4.9367594718933105,0,0,
15070,2.0355443954467773,8.458239555358887,56.865234375,132.82470703125,2.669060230255127,4.9367594718933105,0,0,
15080,1.9218089580535889,8.425076484680176,56.8212890625,132.82470703125,2.669060230255127,4.9367594718933105,0,0,
15090,1.8558909893035889,8.337185859680176,56.75537109375,132.73681640625,2.669060230255127,4.9367594718933105,0,0,
15100,1.7899730205535889,8.249295234680176,56.689453125,132.64892578125,2.669060230255127,4.9367594718933105,0,0,
15110,1.7240550518035889,8.161404609680176,56.62353515625,132.56103515625,2.669060230255127,4.9367594718933105,0,0,
15120,1.6361644268035889,8.007596015930176,56.53564453125,132.4072265625,2.669060230255127,4.9367594718933105,0,0,
15130,1.5072420835494995,7.772717475891113,56.4697265625,132.2314453125,2.669060230255127,4.9367594718933105,0,0,
15140,1.4193514585494995,7.596936225891113,56.3818359375,132.0556640625,2.669060230255127,4.9367594718933105,0,0,
15150,1.3314608335494995,7.399182319641113,56.2939453125,131.85791015625,2.669060230255127,4.9367594718933105,0,0,
15160,1.2435702085494995,7.135510444641113,56.2060546875,131.59423828125,2.669060230255127,4.9367594718933105,0,0,
15170,1.1556795835494995,6.893811225891113,56.1181640625,131.3525390625,2.669060230255127,4.9367594718933105,0,0,
15180,1.0114247798919678,6.533141136169434,56.0302734375,131.11083984375,2.669060230255127,4.9367594718933105,0,0,
15190,0.9235341548919678,6.291441917419434,55.9423828125,130.869140625,2.669060230255127,4.9367594718933105,0,0,
15200,0.8356435298919678,5.983824729919434,55.8544921875,130.5615234375,2.669060230255127,4.9367594718933105,0,0,
15210,0.7477529048919678,5.698180198669434,55.7666015625,130.27587890625,2.669060230255127,4.9367594718933105,0,0,
15220,0.6598622798919678,5.434508323669434,55.6787109375,130.01220703125,2.669060230255127,4.9367594718933105,0,0,
15230,0.5407350063323975,5.002431869506836,55.5908203125,129.70458984375,2.669060230255127,4.9367594718933105,0,0,
15240,0.5187623500823975,4.716787338256836,55.56884765625,129.4189453125,2.669060230255127,4.9367594718933105,0,0,
15250,0.47481703758239746,4.365224838256836,55.52490234375,129.0673828125,2.669060230255127,4.9367594718933105,0,0,
15260,0.45284438133239746,4.013662338256836,55.5029296875,128.7158203125,2.669060230255127,4.9367594718933105,0,0,
15270,0.43087172508239746,3.684072494506836,55.48095703125,128.38623046875,2.669060230255127,4.9367594718933105,0,0,
15280,0.3971010446548462,3.2809243202209473,55.48095703125,128.056640625,2.669060230255127,4.9367594718933105,0,0,
15290,0.3971010446548462,2.9513344764709473,55.48095703125,127.72705078125,2.669060230255127,4.9367594718933105,0,0,
15300,0.3971010446548462,2.6217446327209473,55.48095703125,127.3974609375,2.669060230255127,4.9367594718933105,0,0,
15310,0.3971010446548462,2.2921547889709473,55.48095703125,127.06787109375,2.669060230255127,4.9367594718933105,0,0,
15320,0.3751283884048462,1.9845374822616577,55.458984375,126.76025390625,2.669060230255127,4.9367594718933105,0,0,
15330,0.3362421989440918,1.696989893913269,55.458984375,126.474609375,2.669060230255127,4.9367594718933105,0,0,
15340,0.3362421989440918,1.455290675163269,55.458984375,126.23291015625,2.669060230255127,4.9367594718933105,0,0,
15350,0.3362421989440918,1.169646143913269,55.458984375,125.947265625,2.669060230255127,4.9367594718933105,0,0,
15360,0.3362421989440918,0.884001612663269,55.458984375,125.66162109375,2.669060230255127,4.9367594718933105,0,0,
15370,0.3362421989440918,0.620329737663269,55.458984375,125.39794921875,2.669060230255127,4.9367594718933105,0,0,
15380,0.28226375579833984,0.3649911880493164,55.43701171875,125.13427734375,2.669060230255127,4.9367594718933105,0,0,
15390,0.28226375579833984,0.1013193130493164,55.43701171875,124.87060546875,2.669060230255127,4.9367594718933105,0,0,
15400,0.28226375579833984,-0.1843252182006836,55.43701171875,124.5849609375,2.669060230255127,4.9367594718933105,0,0,
15410,0.28226375579833984,-0.4699697494506836,55.43701171875,124.29931640625,2.669060230255127,4.9367594718933105,0,0,
15420,0.28226375579833984,-0.7116689682006836,55.43701171875,124.0576171875,2.669060230255127,4.9367594718933105,0,0,
15430,0.2876244783401489,-1.014303207397461,55.43701171875,123.837890625,2.669060230255127,4.9367594718933105,0,0,
15440,0.2876244783401489,-1.212057113647461,55.43701171875,123.64013671875,2.669060230255127,4.9367594718933105,0,0,
15450,0.2656518220901489,-1.387838363647461,55.4150390625,123.46435546875,2.669060230255127,4.9367594718933105,0,0,
15460,0.2656518220901489,-1.563619613647461,55.4150390625,123.28857421875,2.669060230255127,4.9367594718933105,0,0,
15470,0.2656518220901489,-1.629537582397461,55.4150390625,123.22265625,2.669060230255127,4.9367594718933105,0,0,
15480,0.3304884433746338,-1.8953758478164673,55.4150390625,123.0908203125,2.669060230255127,4.9367594718933105,0,0,
15490,0.3304884433746338,-1.9173485040664673,55.4150390625,123.06884765625,2.669060230255127,4.9367594718933105,0,0,
15500,0.3304884433746338,-1.9832664728164673,55.4150390625,123.0029296875,2.669060230255127,4.9367594718933105,0,0,
15510,0.3304884433746338,-2.0711569786071777,55.4150390625,122.9150390625,2.669060230255127,4.9367594718933105,0,0,
15520,0.3304884433746338,-2.1151022911071777,55.4150390625,122.87109375,2.669060230255127,4.9367594718933105,0,0,
15530,0.4589895009994507,-2.382741689682007,55.4150390625,122.80517578125,2.669060230255127,4.9367594718933105,0,0,
15540,0.4589895009994507,-2.426687002182007,55.4150390625,122.76123046875,2.669060230255127,4.9367594718933105,0,0,
15550,0.4589895009994507,-2.448659658432007,55.4150390625,122.7392578125,2.669060230255127,4.9367594718933105,0,0,
15560,0.4589895009994507,-2.448659658432007,55.4150390625,122.7392578125,2.669060230255127,4.9367594718933105,0,0,
15570,0.4589895009994507,-2.448659658432007,55.4150390625,122.7392578125,2.669060230255127,4.9367594718933105,0,0,
15580,0.5710313320159912,-2.566352605819702,55.4150390625,122.783203125,2.669060230255127,4.9367594718933105,0,0,
15590,0.5710313320159912,-2.478461980819702,55.4150390625,122.87109375,2.669060230255127,4.9367594718933105,0,0,
15600,0.5710313320159912,-2.368598699569702,55.4150390625,122.98095703125,2.669060230255127,4.9367594718933105,0,0,
15610,0.5710313320159912,-2.258735418319702,55.4150390625,123.0908203125,2.669060230255127,4.9367594718933105,0,0,
15620,0.5710313320159912,-2.126899480819702,55.4150390625,123.22265625,2.669060230255127,4.9367594718933105,0,0,
15630,0.707532525062561,-2.1074509620666504,55.48095703125,123.3544921875,2.669060230255127,4.9367594718933105,0,0,
15640,0.773450493812561,-1.97561514377594,55.546875,123.486328125,2.669060230255127,4.9367594718933105,0,0,
15650,0.883313775062561,-1.82180655002594,55.65673828125,123.64013671875,2.669060230255127,4.9367594718933105,0,0,
15660,0.971204400062561,-1.68997061252594,55.74462890625,123.77197265625,2.669060230255127,4.9367594718933105,0,0,
15670,1.059095025062561,-1.51418936252594,55.83251953125,123.94775390625,2.669060230255127,4.9367594718933105,0,0,
15680,1.179183840751648,-1.372187614440918,55.8984375,124.1455078125,2.669060230255127,4.9367594718933105,0,0,
15690,1.223129153251648,-1.196406364440918,55.9423828125,124.3212890625,2.669060230255127,4.9367594718933105,0,0,
15700,1.289047122001648,-0.9547070860862732,56.00830078125,124.56298828125,2.669060230255127,4.9367594718933105,0,0,
15710,1.311019778251648,-0.6910352110862732,56.0302734375,124.82666015625,2.669060230255127,4.9367594718933105,0,0,
15720,1.332992434501648,-0.4053906798362732,56.05224609375,125.1123046875,2.669060230255127,4.9367594718933105,0,0,
15730,1.374595046043396,-0.10847342014312744,56.09619140625,125.39794921875,2.669060230255127,4.9367594718933105,0,0,
15740,1.396567702293396,0.13322579860687256,56.1181640625,125.6396484375,2.669060230255127,4.9367594718933105,0,0,
15750,1.418540358543396,0.44084298610687256,56.14013671875,125.947265625,2.669060230255127,4.9367594718933105,0,0,
15760,1.440513014793396,0.7264875173568726,56.162109375,126.23291015625,2.669060230255127,4.9367594718933105,0,0,
15770,1.484458327293396,1.0121320486068726,56.2060546875,126.5185546875,2.669060230255127,4.9367594718933105,0,0,
15780,1.485819935798645,1.233691692352295,56.2060546875,126.80419921875,2.669060230255127,4.9367594718933105,0,0,
15790,1.485819935798645,1.519336223602295,56.2060546875,127.08984375,2.669060230255127,4.9367594718933105,0,0,
15800,1.485819935798645,1.826953411102295,56.2060546875,127.3974609375,2.669060230255127,4.9367594718933105,0,0,
15810,1.485819935798645,2.134570598602295,56.2060546875,127.705078125,2.669060230255127,4.9367594718933105,0,0,
15820,1.463847279548645,2.398242473602295,56.18408203125,127.96875,2.669060230255127,4.9367594718933105,0,0,
15830,1.4733332395553589,2.595020294189453,56.18408203125,128.21044921875,2.669060230255127,4.9367594718933105,0,0,
15840,1.4733332395553589,2.814746856689453,56.18408203125,128.43017578125,2.669060230255127,4.9367594718933105,0,0,
15850,1.4733332395553589,3.034473419189453,56.18408203125,128.64990234375,2.669060230255127,4.9367594718933105,0,0,
15860,1.4293879270553589,3.254199981689453,56.14013671875,128.86962890625,2.669060230255127,4.9367594718933105,0,0,
15870,1.4293879270553589,3.473926544189453,56.14013671875,129.08935546875,2.669060230255127,4.9367594718933105,0,0,
15880,1.4018839597702026,3.664198398590088,56.1181640625,129.287109375,2.669060230255127,4.9367594718933105,0,0,
15890,1.4018839597702026,3.861952304840088,56.1181640625,129.48486328125,2.669060230255127,4.9367594718933105,0,0,
15900,1.3799113035202026,4.103651523590088,56.09619140625,129.7265625,2.669060230255127,4.9367594718933105,0,0,
15910,1.3579386472702026,4.279432773590088,56.07421875,129.90234375,2.669060230255127,4.9367594718933105,0,0,
15920,1.3359659910202026,4.477186679840088,56.05224609375,130.10009765625,2.669060230255127,4.9367594718933105,0,0,
15930,1.3141167163848877,4.641240119934082,56.0302734375,130.27587890625,2.669060230255127,4.9367594718933105,0,0,
15940,1.2921440601348877,4.817021369934082,56.00830078125,130.45166015625,2.669060230255127,4.9367594718933105,0,0,
15950,1.2701714038848877,4.970829963684082,55.986328125,130.60546875,2.669060230255127,4.9367594718933105,0,0,
15960,1.2481987476348877,5.124638557434082,55.96435546875,130.75927734375,2.669060230255127,4.9367594718933105,0,0,
15970,1.2262260913848877,5.256474494934082,55.9423828125,130.89111328125,2.669060230255127,4.9367594718933105,0,0,
15980,1.2152812480926514,5.3592305183410645,55.92041015625,130.97900390625,2.669060230255127,4.9367594718933105,0,0,
15990,1.1713359355926514,5.4471211433410645,55.87646484375,131.06689453125,2.669060230255127,4.9367594718933105,0,0,
16000,1.1493632793426514,5.5130391120910645,55.8544921875,131.1328125,2.669060230255127,4.9367594718933105,0,0,
16010,1.0834453105926514,5.5350117683410645,55.78857421875,131.15478515625,2.669060230255127,4.9367594718933105,0,0,
16020,1.0614726543426514,5.5350117683410645,55.7666015625,131.15478515625,2.669060230255127,4.9367594718933105,0,0,
16030,1.0031510591506958,5.5482072830200195,55.70068359375,131.15478515625,2.669060230255127,4.9367594718933105,0,0,
16040,0.9592057466506958,5.5482072830200195,55.65673828125,131.15478515625,2.669060230255127,4.9367594718933105,0,0,
16050,0.9152604341506958,5.5042619705200195,55.61279296875,131.11083984375,2.669060230255127,4.9367594718933105,0,0,
16060,0.8932877779006958,5.4822893142700195,55.5908203125,131.0888671875,2.669060230255127,4.9367594718933105,0,0,
16070,0.8713151216506958,5.4603166580200195,55.56884765625,131.06689453125,2.669060230255127,4.9367594718933105,0,0,
16080,0.8576085567474365,5.471138954162598,55.546875,131.044921875,2.669060230255127,4.9367594718933105,0,0,
16090,0.8136632442474365,5.449166297912598,55.5029296875,131.02294921875,2.669060230255127,4.9367594718933105,0,0,
16100,0.7916905879974365,5.361275672912598,55.48095703125,130.93505859375,2.669060230255127,4.9367594718933105,0,0,
16110,0.7916905879974365,5.295357704162598,55.48095703125,130.869140625,2.669060230255127,4.9367594718933105,0,0,
16120,0.7916905879974365,5.185494422912598,55.48095703125,130.75927734375,2.669060230255127,4.9367594718933105,0,0,
16130,0.7916536331176758,5.059465408325195,55.458984375,130.62744140625,2.669060230255127,4.9367594718933105,0,0,
16140,0.7916536331176758,4.905656814575195,55.458984375,130.4736328125,2.669060230255127,4.9367594718933105,0,0,
16150,0.7916536331176758,4.751848220825195,55.458984375,130.31982421875,2.669060230255127,4.9367594718933105,0,0,
16160,0.7696809768676758,4.598039627075195,55.43701171875,130.166015625,2.669060230255127,4.9367594718933105,0,0,
16170,0.7696809768676758,4.422258377075195,55.43701171875,129.990234375,2.669060230255127,4.9367594718933105,0,0,
16180,0.7849750518798828,4.195151329040527,55.43701171875,129.7705078125,2.669060230255127,4.9367594718933105,0,0,
16190,0.7849750518798828,3.9973971843719482,55.43701171875,129.57275390625,2.669060230255127,4.9367594718933105,0,0,
16200,0.7849750518798828,3.7556979656219482,55.43701171875,129.3310546875,2.669060230255127,4.9367594718933105,0,0,
16210,0.7849750518798828,3.5799167156219482,55.43701171875,129.1552734375,2.669060230255127,4.9367594718933105,0,0,
16220,0.7630023956298828,3.3601901531219482,55.4150390625,128.935546875,2.669060230255127,4.9367594718933105,0,0,
16230,0.7622621059417725,3.1625452041625977,55.4150390625,128.73779296875,2.669060230255127,4.9367594718933105,0,0,
16240,0.7622621059417725,2.9428186416625977,55.4150390625,128.51806640625,2.669060230255127,4.9367594718933105,0,0,
16250,0.7622621059417725,2.7230920791625977,55.4150390625,128.29833984375,2.669060230255127,4.9367594718933105,0,0,
16260,0.7622621059417725,2.5033655166625977,55.4150390625,128.07861328125,2.669060230255127,4.9367594718933105,0,0,
16270,0.7622621059417725,2.2616662979125977,55.4150390625,127.8369140625,2.669060230255127,4.9367594718933105,0,0,
16280,0.7598223686218262,2.0295681953430176,55.4150390625,127.6171875,2.669060230255127,4.9367594718933105,0,0,
16290,0.7598223686218262,1.809841513633728,55.4150390625,127.3974609375,2.669060230255127,4.9367594718933105,0,0,
16300,0.7598223686218262,1.612087607383728,55.4150390625,127.19970703125,2.669060230255127,4.9367594718933105,0,0,
16310,0.7598223686218262,1.326443076133728,55.4150390625,126.9140625,2.669060230255127,4.9367594718933105,0,0,
16320,0.7598223686218262,1.128689169883728,55.4150390625,126.71630859375,2.669060230255127,4.9367594718933105,0,0,
16330,0.7971717119216919,0.8845202326774597,55.458984375,126.49658203125,2.669060230255127,4.9367594718933105,0,0,
16340,0.8191443681716919,0.6867663264274597,55.48095703125,126.298828125,2.669060230255127,4.9367594718933105,0,0,
16350,0.8411170244216919,0.4670397639274597,55.5029296875,126.0791015625,2.669060230255127,4.9367594718933105,0,0,
16360,0.8630896806716919,0.2692858576774597,55.52490234375,125.88134765625,2.669060230255127,4.9367594718933105,0,0,
16370,0.8850623369216919,0.09350460767745972,55.546875,125.70556640625,2.669060230255127,4.9367594718933105,0,0,
16380,0.9069539308547974,-0.08538603782653809,55.56884765625,125.5517578125,2.669060230255127,4.9367594718933105,0,0,
16390,0.9289265871047974,-0.23919463157653809,55.5908203125,125.39794921875,2.669060230255127,4.9367594718933105,0,0,
16400,0.9508992433547974,-0.3710305690765381,55.61279296875,125.26611328125,2.669060230255127,4.9367594718933105,0,0,
16410,0.9728718996047974,-0.4808938503265381,55.634765625,125.15625,2.669060230255127,4.9367594718933105,0,0,
16420,0.9948445558547974,-0.5907571315765381,55.65673828125,125.04638671875,2.669060230255127,4.9367594718933105,0,0,
16430,1.0093178749084473,-0.6564472317695618,55.6787109375,124.98046875,2.669060230255127,4.9367594718933105,0,0,
16440,1.0312905311584473,-0.7223652005195618,55.70068359375,124.91455078125,2.669060230255127,4.9367594718933105,0,0,
16450,1.0532631874084473,-0.8102558255195618,55.72265625,124.82666015625,2.669060230255127,4.9367594718933105,0,0,
16460,1.0752358436584473,-0.8981464505195618,55.74462890625,124.73876953125,2.669060230255127,4.9367594718933105,0,0,
16470,1.0972084999084473,-0.9640644192695618,55.7666015625,124.6728515625,2.669060230255127,4.9367594718933105,0,0,
16480,1.0979764461517334,-1.0107543468475342,55.78857421875,124.5849609375,2.669060230255127,4.9367594718933105,0,0,
16490,1.0979764461517334,-1.0546996593475342,55.78857421875,124.541015625,2.669060230255127,4.9367594718933105,0,0,
16500,1.1199491024017334,-1.1206176280975342,55.810546875,124.47509765625,2.669060230255127,4.9367594718933105,0,0,
16510,1.1419217586517334,-1.1425902843475342,55.83251953125,124.453125,2.669060230255127,4.9367594718933105,0,0,
16520,1.1638944149017334,-1.1645629405975342,55.8544921875,124.43115234375,2.669060230255127,4.9367594718933105,0,0,
16530,1.1344282627105713,-1.091823697090149,55.8544921875,124.43115234375,2.669060230255127,4.9367594718933105,0,0,
16540,1.1344282627105713,-1.091823697090149,55.8544921875,124.43115234375,2.669060230255127,4.9367594718933105,0,0,
16550,1.1564009189605713,-1.091823697090149,55.87646484375,124.43115234375,2.669060230255127,4.9367594718933105,0,0,
16560,1.1564009189605713,-1.047878384590149,55.87646484375,124.47509765625,2.669060230255127,4.9367594718933105,0,0,
16570,1.1564009189605713,-1.003933072090149,55.87646484375,124.51904296875,2.669060230255127,4.9367594718933105,0,0,
16580,1.1233843564987183,-0.8501120805740356,55.87646484375,124.60693359375,2.669060230255127,4.9367594718933105,0,0,
16590,1.1233843564987183,-0.7841941118240356,55.87646484375,124.6728515625,2.669060230255127,4.9367594718933105,0,0,
16600,1.1233843564987183,-0.6743308305740356,55.87646484375,124.78271484375,2.669060230255127,4.9367594718933105,0,0,
16610,1.1233843564987183,-0.5864402055740356,55.87646484375,124.87060546875,2.669060230255127,4.9367594718933105,0,0,
16620,1.1014117002487183,-0.47657692432403564,55.8544921875,124.98046875,2.669060230255127,4.9367594718933105,0,0,
16630,1.044314980506897,-0.2868502140045166,55.83251953125,125.1123046875,2.669060230255127,4.9367594718933105,0,0,
16640,1.044314980506897,-0.1769869327545166,55.83251953125,125.22216796875,2.669060230255127,4.9367594718933105,0,0,
16650,1.022342324256897,-0.0451509952545166,55.810546875,125.35400390625,2.669060230255127,4.9367594718933105,0,0,
16660,1.022342324256897,0.1086575984954834,55.810546875,125.5078125,2.669060230255127,4.9367594718933105,0,0,
16670,1.000369668006897,0.2404935359954834,55.78857421875,125.6396484375,2.669060230255127,4.9367594718933105,0,0,
16680,0.9668961763381958,0.4450746178627014,55.78857421875,125.79345703125,2.669060230255127,4.9367594718933105,0,0,
16690,0.9668961763381958,0.5988832116127014,55.78857421875,125.947265625,2.669060230255127,4.9367594718933105,0,0,
16700,0.9668961763381958,0.7526918053627014,55.78857421875,126.10107421875,2.669060230255127,4.9367594718933105,0,0,
16710,0.9668961763381958,0.9065003991127014,55.78857421875,126.2548828125,2.669060230255127,4.9367594718933105,0,0,
16720,0.9668961763381958,1.0603089332580566,55.78857421875,126.40869140625,2.669060230255127,4.9367594718933105,0,0,
16730,0.9377964735031128,1.2653509378433228,55.78857421875,126.5625,2.669060230255127,4.9367594718933105,0,0,
16740,0.9377964735031128,1.4191595315933228,55.78857421875,126.71630859375,2.669060230255127,4.9367594718933105,0,0,
16750,0.9377964735031128,1.6388860940933228,55.78857421875,126.93603515625,2.669060230255127,4.9367594718933105,0,0,
16760,0.9158238172531128,1.8366400003433228,55.7666015625,127.1337890625,2.669060230255127,4.9367594718933105,0,0,
16770,0.8718785047531128,2.056366443634033,55.72265625,127.353515625,2.669060230255127,4.9367594718933105,0,0,
16780,0.8306272029876709,2.2994015216827393,55.70068359375,127.5732421875,2.669060230255127,4.9367594718933105,0,0,
16790,0.7866818904876709,2.4751827716827393,55.65673828125,127.7490234375,2.669060230255127,4.9367594718933105,0,0,
16800,0.7427365779876709,2.6949093341827393,55.61279296875,127.96875,2.669060230255127,4.9367594718933105,0,0,
16810,0.6987912654876709,2.8267452716827393,55.56884765625,128.1005859375,2.669060230255127,4.9367594718933105,0,0,
16820,0.6548459529876709,2.9585812091827393,55.52490234375,128.232421875,2.669060230255127,4.9367594718933105,0,0,
16830,0.6188457012176514,3.080965042114258,55.48095703125,128.34228515625,2.669060230255127,4.9367594718933105,0,0,
16840,0.5968730449676514,3.190828323364258,55.458984375,128.4521484375,2.669060230255127,4.9367594718933105,0,0,
16850,0.5749003887176514,3.300691604614258,55.43701171875,128.56201171875,2.669060230255127,4.9367594718933105,0,0,
16860,0.5749003887176514,3.410554885864258,55.43701171875,128.671875,2.669060230255127,4.9367594718933105,0,0,
16870,0.5529277324676514,3.520418167114258,55.4150390625,128.78173828125,2.669060230255127,4.9367594718933105,0,0,
16880,0.5548474788665771,3.6176106929779053,55.4150390625,128.8916015625,2.669060230255127,4.9367594718933105,0,0,
16890,0.5548474788665771,3.7055013179779053,55.4150390625,128.9794921875,2.669060230255127,4.9367594718933105,0,0,
16900,0.5548474788665771,3.8153645992279053,55.4150390625,129.08935546875,2.669060230255127,4.9367594718933105,0,0,
16910,0.5328748226165771,3.9032552242279053,55.39306640625,129.17724609375,2.669060230255127,4.9367594718933105,0,0,
16920,0.5328748226165771,3.9911458492279053,55.39306640625,129.26513671875,2.669060230255127,4.9367594718933105,0,0,
16930,0.544256329536438,4.029214382171631,55.39306640625,129.35302734375,2.669060230255127,4.9367594718933105,0,0,
16940,0.544256329536438,4.117105007171631,55.39306640625,129.44091796875,2.669060230255127,4.9367594718933105,0,0,
16950,0.566228985786438,4.226968288421631,55.4150390625,129.55078125,2.669060230255127,4.9367594718933105,0,0,
16960,0.588201642036438,4.336831569671631,55.43701171875,129.66064453125,2.669060230255127,4.9367594718933105,0,0,
16970,0.632146954536438,4.424722194671631,55.48095703125,129.74853515625,2.669060230255127,4.9367594718933105,0,0,
16980,0.6230264902114868,4.454898357391357,55.48095703125,129.79248046875,2.669060230255127,4.9367594718933105,0,0,
16990,0.6449991464614868,4.476871013641357,55.5029296875,129.814453125,2.669060230255127,4.9367594718933105,0,0,
17000,0.6449991464614868,4.476871013641357,55.5029296875,129.814453125,2.669060230255127,4.9367594718933105,0,0,
17010,0.6449991464614868,4.476871013641357,55.5029296875,129.814453125,2.669060230255127,4.9367594718933105,0,0,
17020,0.6449991464614868,4.454898357391357,55.5029296875,129.79248046875,2.669060230255127,4.9367594718933105,0,0,
17030,0.6696648597717285,4.3906354904174805,55.52490234375,129.74853515625,2.669060230255127,4.9367594718933105,0,0,
17040,0.6696648597717285,4.3686628341674805,55.52490234375,129.7265625,2.669060230255127,4.9367594718933105,0,0,
17050,0.6916375160217285,4.3247175216674805,55.546875,129.6826171875,2.669060230255127,4.9367594718933105,0,0,
17060,0.7136101722717285,4.2587995529174805,55.56884765625,129.61669921875,2.669060230255127,4.9367594718933105,0,0,
17070,0.7575554847717285,4.2148542404174805,55.61279296875,129.57275390625,2.669060230255127,4.9367594718933105,0,0,
17080,0.7925708293914795,4.128374099731445,55.61279296875,129.5068359375,2.669060230255127,4.9367594718933105,0,0,
17090,0.7925708293914795,4.040483474731445,55.61279296875,129.4189453125,2.669060230255127,4.9367594718933105,0,0,
17100,0.7925708293914795,3.9525928497314453,55.61279296875,129.3310546875,2.669060230255127,4.9367594718933105,0,0,
17110,0.7925708293914795,3.8647022247314453,55.61279296875,129.2431640625,2.669060230255127,4.9367594718933105,0,0,
17120,0.7705981731414795,3.8207569122314453,55.5908203125,129.19921875,2.669060230255127,4.9367594718933105,0,0,
17130,0.8193386793136597,3.72946834564209,55.5908203125,129.1552734375,2.669060230255127,4.9367594718933105,0,0,
17140,0.8193386793136597,3.66355037689209,55.5908203125,129.08935546875,2.669060230255127,4.9367594718933105,0,0,
17150,0.8193386793136597,3.59763240814209,55.5908203125,129.0234375,2.669060230255127,4.9367594718933105,0,0,
17160,0.8193386793136597,3.53171443939209,55.5908203125,128.95751953125,2.669060230255127,4.9367594718933105,0,0,
17170,0.8193386793136597,3.39987850189209,55.5908203125,128.82568359375,2.669060230255127,4.9367594718933105,0,0,
17180,0.8601334095001221,3.2462220191955566,55.5908203125,128.69384765625,2.669060230255127,4.9367594718933105,0,0,
17190,0.8601334095001221,3.1143860816955566,55.5908203125,128.56201171875,2.669060230255127,4.9367594718933105,0,0,
17200,0.8601334095001221,2.9386048316955566,55.5908203125,128.38623046875,2.669060230255127,4.9367594718933105,0,0,
17210,0.8601334095001221,2.8067688941955566,55.5908203125,128.25439453125,2.669060230255127,4.9367594718933105,0,0,
17220,0.8601334095001221,2.6529603004455566,55.5908203125,128.1005859375,2.669060230255127,4.9367594718933105,0,0,
17230,0.9222475290298462,2.4906649589538574,55.5908203125,127.96875,2.669060230255127,4.9367594718933105,0,0,
17240,0.9222475290298462,2.3588290214538574,55.5908203125,127.8369140625,2.669060230255127,4.9367594718933105,0,0,
17250,0.9442201852798462,2.2050204277038574,55.61279296875,127.68310546875,2.669060230255127,4.9367594718933105,0,0,
17260,0.9442201852798462,2.0951571464538574,55.61279296875,127.5732421875,2.669060230255127,4.9367594718933105,0,0,
17270,0.9442201852798462,1.9633212089538574,55.61279296875,127.44140625,2.669060230255127,4.9367594718933105,0,0,
17280,0.9988945722579956,1.8343324661254883,55.61279296875,127.33154296875,2.669060230255127,4.9367594718933105,0,0,
17290,1.0208672285079956,1.7244691848754883,55.634765625,127.2216796875,2.669060230255127,4.9367594718933105,0,0,
17300,1.0208672285079956,1.6146059036254883,55.634765625,127.11181640625,2.669060230255127,4.9367594718933105,0,0,
17310,1.0208672285079956,1.4827699661254883,55.634765625,126.97998046875,2.669060230255127,4.9367594718933105,0,0,
17320,1.0208672285079956,1.3729066848754883,55.634765625,126.8701171875,2.669060230255127,4.9367594718933105,0,0,
17330,1.0423516035079956,1.2904655933380127,55.634765625,126.7822265625,2.669060230255127,4.9367594718933105,0,0,
17340,1.0423516035079956,1.1806023120880127,55.634765625,126.67236328125,2.669060230255127,4.9367594718933105,0,0,
17350,1.0423516035079956,1.0487663745880127,55.634765625,126.54052734375,2.669060230255127,4.9367594718933105,0,0,
17360,1.0423516035079956,0.9389030933380127,55.634765625,126.4306640625,2.669060230255127,4.9367594718933105,0,0,
17370,1.0423516035079956,0.8290398120880127,55.634765625,126.32080078125,2.669060230255127,4.9367594718933105,0,0,
17380,1.0643705129623413,0.7295058369636536,55.634765625,126.2109375,2.669060230255127,4.9367594718933105,0,0,
17390,1.0643705129623413,0.6635878682136536,55.634765625,126.14501953125,2.669060230255127,4.9367594718933105,0,0,
17400,1.0643705129623413,0.6196425557136536,55.634765625,126.10107421875,2.669060230255127,4.9367594718933105,0,0,
17410,1.0643705129623413,0.5317519307136536,55.634765625,126.01318359375,2.669060230255127,4.9367594718933105,0,0,
17420,1.0643705129623413,0.48780661821365356,55.634765625,125.96923828125,2.669060230255127,4.9367594718933105,0,0,
17430,1.0985267162322998,0.47786855697631836,55.634765625,125.92529296875,2.669060230255127,4.9367594718933105,0,0,
17440,1.0985267162322998,0.43392324447631836,55.634765625,125.88134765625,2.669060230255127,4.9367594718933105,0,0,
17450,1.0985267162322998,0.41195058822631836,55.634765625,125.859375,2.669060230255127,4.9367594718933105,0,0,
17460,1.0985267162322998,0.38997793197631836,55.634765625,125.83740234375,2.669060230255127,4.9367594718933105,0,0,
17470,1.0985267162322998,0.36800527572631836,55.634765625,125.8154296875,2.669060230255127,4.9367594718933105,0,0,
17480,1.1155316829681396,0.411720871925354,55.634765625,125.8154296875,2.669060230255127,4.9367594718933105,0,0,
17490,1.1155316829681396,0.411720871925354,55.634765625,125.8154296875,2.669060230255127,4.9367594718933105,0,0,
17500,1.1155316829681396,0.411720871925354,55.634765625,125.8154296875,2.669060230255127,4.9367594718933105,0,0,
17510,1.1155316829681396,0.411720871925354,55.634765625,125.8154296875,2.669060230255127,4.9367594718933105,0,0,
17520,1.1155316829681396,0.411720871925354,55.634765625,125.8154296875,2.669060230255127,4.9367594718933105,0,0,
17530,1.1425223350524902,0.4319509267807007,55.634765625,125.8154296875,2.669060230255127,4.9367594718933105,0,0,
17540,1.1425223350524902,0.4319509267807007,55.634765625,125.8154296875,2.669060230255127,4.9367594718933105,0,0,
17550,1.1205496788024902,0.4539235830307007,55.61279296875,125.83740234375,2.669060230255127,4.9367594718933105,0,0,
17560,1.0985770225524902,0.4758962392807007,55.5908203125,125.859375,2.669060230255127,4.9367594718933105,0,0,
17570,1.0766043663024902,0.4978688955307007,55.56884765625,125.88134765625,2.669060230255127,4.9367594718933105,0,0,
17580,1.0937862396240234,0.5250216722488403,55.546875,125.9033203125,2.669060230255127,4.9367594718933105,0,0,
17590,1.0718135833740234,0.5469943284988403,55.52490234375,125.92529296875,2.669060230255127,4.9367594718933105,0,0,
17600,1.0718135833740234,0.5909396409988403,55.52490234375,125.96923828125,2.669060230255127,4.9367594718933105,0,0,
17610,1.0718135833740234,0.6348849534988403,55.52490234375,126.01318359375,2.669060230255127,4.9367594718933105,0,0,
17620,1.0498409271240234,0.7227755784988403,55.5029296875,126.10107421875,2.669060230255127,4.9367594718933105,0,0,
17630,1.0599689483642578,0.76750648021698,55.48095703125,126.14501953125,2.669060230255127,4.9367594718933105,0,0,
17640,1.0599689483642578,0.85539710521698,55.48095703125,126.23291015625,2.669060230255127,4.9367594718933105,0,0,
17650,1.0379962921142578,0.92131507396698,55.458984375,126.298828125,2.669060230255127,4.9367594718933105,0,0,
17660,0.9720783233642578,1.07512366771698,55.39306640625,126.45263671875,2.669060230255127,4.9367594718933105,0,0,
17670,0.9720783233642578,1.14104163646698,55.39306640625,126.5185546875,2.669060230255127,4.9367594718933105,0,0,
17680,0.967355489730835,1.2565381526947021,55.39306640625,126.62841796875,2.669060230255127,4.9367594718933105,0,0,
17690,1.055246114730835,1.3444287776947021,55.48095703125,126.71630859375,2.669060230255127,4.9367594718933105,0,0,
17700,1.099191427230835,1.4762647151947021,55.52490234375,126.84814453125,2.669060230255127,4.9367594718933105,0,0,
17710,1.143136739730835,1.6081006526947021,55.56884765625,126.97998046875,2.669060230255127,4.9367594718933105,0,0,
17720,1.143136739730835,1.6959912776947021,55.56884765625,127.06787109375,2.669060230255127,4.9367594718933105,0,0,
17730,1.1121599674224854,1.8390507698059082,55.56884765625,127.19970703125,2.669060230255127,4.9367594718933105,0,0,
17740,1.1121599674224854,1.9269413948059082,55.56884765625,127.28759765625,2.669060230255127,4.9367594718933105,0,0,
17750,1.1121599674224854,2.058777332305908,55.56884765625,127.41943359375,2.669060230255127,4.9367594718933105,0,0,
17760,1.1121599674224854,2.146667957305908,55.56884765625,127.50732421875,2.669060230255127,4.9367594718933105,0,0,
17770,1.1121599674224854,2.234558582305908,55.56884765625,127.59521484375,2.669060230255127,4.9367594718933105,0,0,
17780,1.1076998710632324,2.3756263256073,55.5908203125,127.705078125,2.669060230255127,4.9367594718933105,0,0,
17790,1.1076998710632324,2.4854896068573,55.5908203125,127.81494140625,2.669060230255127,4.9367594718933105,0,0,
17800,1.1296725273132324,2.5953528881073,55.61279296875,127.9248046875,2.669060230255127,4.9367594718933105,0,0,
17810,1.1296725273132324,2.6832435131073,55.61279296875,128.0126953125,2.669060230255127,4.9367594718933105,0,0,
17820,1.1296725273132324,2.7711341381073,55.61279296875,128.1005859375,2.669060230255127,4.9367594718933105,0,0,
17830,1.1110234260559082,2.876783847808838,55.61279296875,128.16650390625,2.669060230255127,4.9367594718933105,0,0,
17840,1.1329960823059082,2.942701816558838,55.634765625,128.232421875,2.669060230255127,4.9367594718933105,0,0,
17850,1.1549687385559082,3.030592441558838,55.65673828125,128.3203125,2.669060230255127,4.9367594718933105,0,0,
17860,1.1549687385559082,3.096510410308838,55.65673828125,128.38623046875,2.669060230255127,4.9367594718933105,0,0,
17870,1.1769413948059082,3.162428379058838,55.6787109375,128.4521484375,2.669060230255127,4.9367594718933105,0,0,
17880,1.1420562267303467,3.278177499771118,55.6787109375,128.51806640625,2.669060230255127,4.9367594718933105,0,0,
17890,1.1420562267303467,3.344095468521118,55.6787109375,128.583984375,2.669060230255127,4.9367594718933105,0,0,
17900,1.1420562267303467,3.366068124771118,55.6787109375,128.60595703125,2.669060230255127,4.9367594718933105,0,0,
17910,1.1420562267303467,3.410013437271118,55.6787109375,128.64990234375,2.669060230255127,4.9367594718933105,0,0,
17920,1.1420562267303467,3.431986093521118,55.6787109375,128.671875,2.669060230255127,4.9367594718933105,0,0,
17930,1.1152458190917969,3.462675094604492,55.6787109375,128.671875,2.669060230255127,4.9367594718933105,0,0,
17940,1.1152458190917969,3.484647750854492,55.6787109375,128.69384765625,2.669060230255127,4.9367594718933105,0,0,
17950,1.1152458190917969,3.484647750854492,55.6787109375,128.69384765625,2.669060230255127,4.9367594718933105,0,0,
17960,1.1152458190917969,3.484647750854492,55.6787109375,128.69384765625,2.669060230255127,4.9367594718933105,0,0,
17970,1.1152458190917969,3.484647750854492,55.6787109375,128.69384765625,2.669060230255127,4.9367594718933105,0,0,
17980,1.0735400915145874,3.4675159454345703,55.65673828125,128.671875,2.669060230255127,4.9367594718933105,0,0,
17990,1.0735400915145874,3.4455432891845703,55.65673828125,128.64990234375,2.669060230255127,4.9367594718933105,0,0,
18000,1.0735400915145874,3.4235706329345703,55.65673828125,128.6279296875,0.9593228101730347,2.2220873832702637,0,0,
18010,1.0735400915145874,3.4015979766845703,55.65673828125,128.60595703125,0.9593228101730347,2.2220873832702637,0,0,
18020,1.0735400915145874,3.3796253204345703,55.65673828125,128.583984375,0.9593228101730347,2.2220873832702637,0,0,
18030,1.0353357791900635,3.381964683532715,55.65673828125,128.5400390625,0.9593228101730347,2.2220873832702637,0,0,
18040,1.0353357791900635,3.359992027282715,55.65673828125,128.51806640625,0.9593228101730347,2.2220873832702637,0,0,
18050,1.0353357791900635,3.359992027282715,55.65673828125,128.51806640625,0.9593228101730347,2.2220873832702637,0,0,
18060,1.0353357791900635,3.338019371032715,55.65673828125,128.49609375,0.9593228101730347,2.2220873832702637,0,0,
18070,1.0353357791900635,3.338019371032715,55.65673828125,128.49609375,0.9593228101730347,2.2220873832702637,0,0,
18080,0.9840258359909058,3.33280086517334,55.65673828125,128.43017578125,0.9593228101730347,2.2220873832702637,0,0,
18090,1.0059984922409058,3.24491024017334,55.6787109375,128.34228515625,0.9593228101730347,2.2220873832702637,0,0,
18100,1.0499438047409058,3.09110164642334,55.72265625,128.1884765625,0.9593228101730347,2.2220873832702637,0,0,
18110,1.0938891172409058,2.89334774017334,55.7666015625,127.99072265625,0.9593228101730347,2.2220873832702637,0,0,
18120,1.0938891172409058,2.69559383392334,55.7666015625,127.79296875,0.9593228101730347,2.2220873832702637,0,0,
18130,1.0230231285095215,2.4102134704589844,55.7666015625,127.5732421875,0.9593228101730347,2.2220873832702637,0,0,
18140,1.0669684410095215,2.0806236267089844,55.810546875,127.24365234375,0.9593228101730347,2.2220873832702637,0,0,
18150,1.0230231285095215,1.7510337829589844,55.7666015625,126.9140625,0.9593228101730347,2.2220873832702637,0,0,
18160,0.6934332847595215,1.3115806579589844,55.43701171875,126.474609375,0.9593228101730347,2.2220873832702637,0,0,
18170,0.4297614097595215,0.9160728454589844,55.17333984375,126.0791015625,0.9593228101730347,2.2220873832702637,0,0,
18180,0.2777911424636841,0.5998197197914124,55.04150390625,125.92529296875,0.9593228101730347,2.2220873832702637,0,0,
18190,0.21187317371368408,0.20431190729141235,54.9755859375,125.52978515625,0.9593228101730347,2.2220873832702637,0,0,
18200,0.21187317371368408,-0.08133262395858765,54.9755859375,125.244140625,0.9593228101730347,2.2220873832702637,0,0,
18210,0.16792786121368408,-0.38894981145858765,54.931640625,124.9365234375,0.9593228101730347,2.2220873832702637,0,0,
18220,-0.07377135753631592,-0.6745943427085876,54.68994140625,124.65087890625,0.9593228101730347,2.2220873832702637,0,0,
18230,-0.35838449001312256,-1.0861238241195679,54.42626953125,124.365234375,0.9593228101730347,2.2220873832702637,0,0,
18240,-0.6220563650131226,-1.3937410116195679,54.16259765625,124.0576171875,0.9593228101730347,2.2220873832702637,0,0,
18250,-0.8417829275131226,-1.7233308553695679,53.94287109375,123.72802734375,0.9593228101730347,2.2220873832702637,0,0,
18260,-1.0834821462631226,-1.9870027303695679,53.701171875,123.46435546875,0.9593228101730347,2.2220873832702637,0,0,
18270,-1.3251813650131226,-2.1847567558288574,53.45947265625,123.2666015625,0.9593228101730347,2.2220873832702637,0,0,
18280,-1.5633436441421509,-2.5444607734680176,53.37158203125,123.02490234375,0.9593228101730347,2.2220873832702637,0,0,
18290,-1.6512342691421509,-2.7641873359680176,53.28369140625,122.80517578125,0.9593228101730347,2.2220873832702637,0,0,
18300,-1.7610975503921509,-2.9179959297180176,53.173828125,122.6513671875,0.9593228101730347,2.2220873832702637,0,0,
18310,-1.8270155191421509,-3.0498318672180176,53.10791015625,122.51953125,0.9593228101730347,2.2220873832702637,0,0,
18320,-1.8270155191421509,-3.1596951484680176,53.10791015625,122.40966796875,0.9593228101730347,2.2220873832702637,0,0,
18330,-2.0909066200256348,-3.345695972442627,53.10791015625,122.32177734375,0.9593228101730347,2.2220873832702637,0,0,
18340,-2.0030159950256348,-3.411613941192627,53.19580078125,122.255859375,0.9593228101730347,2.2220873832702637,0,0,
18350,-1.9810432195663452,-3.477531909942627,53.2177734375,122.18994140625,0.9593228101730347,2.2220873832702637,0,0,
18360,-1.9810432195663452,-3.499504566192627,53.2177734375,122.16796875,0.9593228101730347,2.2220873832702637,0,0,
18370,-1.9810432195663452,-3.521477222442627,53.2177734375,122.14599609375,0.9593228101730347,2.2220873832702637,0,0,
18380,-2.3388519287109375,-3.6371891498565674,53.2177734375,122.1240234375,0.9593228101730347,2.2220873832702637,0,0,
18390,-2.1191253662109375,-3.6371891498565674,53.4375,122.1240234375,0.9593228101730347,2.2220873832702637,0,0,
18400,-1.789535403251648,-3.6371891498565674,53.76708984375,122.1240234375,0.9593228101730347,2.2220873832702637,0,0,
18410,-1.416000247001648,-3.6371891498565674,54.140625,122.1240234375,0.9593228101730347,2.2220873832702637,0,0,
18420,-0.998519778251648,-3.6371891498565674,54.55810546875,122.1240234375,0.9593228101730347,2.2220873832702637,0,0,
18430,-1.0200941562652588,-3.627567768096924,54.931640625,122.18994140625,0.9593228101730347,2.2220873832702637,0,0,
18440,-0.6245864033699036,-3.561649799346924,55.3271484375,122.255859375,0.9593228101730347,2.2220873832702637,0,0,
18450,-0.16316062211990356,-3.473759174346924,55.78857421875,122.34375,0.9593228101730347,2.2220873832702637,0,0,
18460,0.23234719038009644,-3.363895893096924,56.18408203125,122.45361328125,0.9593228101730347,2.2220873832702637,0,0,
18470,0.6498276591300964,-3.232059955596924,56.6015625,122.58544921875,0.9593228101730347,2.2220873832702637,0,0,
18480,0.7514780163764954,-3.0772206783294678,56.97509765625,122.7392578125,0.9593228101730347,2.2220873832702637,0,0,
18490,1.0590951442718506,-2.9234120845794678,57.28271484375,122.89306640625,0.9593228101730347,2.2220873832702637,0,0,
18500,1.4326303005218506,-2.7256581783294678,57.65625,123.0908203125,0.9593228101730347,2.2220873832702637,0,0,
18510,1.7402474880218506,-2.5279042720794678,57.9638671875,123.28857421875,0.9593228101730347,2.2220873832702637,0,0,
18520,1.9599740505218506,-2.3081777095794678,58.18359375,123.50830078125,0.9593228101730347,2.2220873832702637,0,0,
18530,2.0234615802764893,-2.058375835418701,58.38134765625,123.72802734375,0.9593228101730347,2.2220873832702637,0,0,
18540,2.1772701740264893,-1.7947039604187012,58.53515625,123.99169921875,0.9593228101730347,2.2220873832702637,0,0,
18550,2.3091061115264893,-1.5090594291687012,58.6669921875,124.27734375,0.9593228101730347,2.2220873832702637,0,0,
18560,2.3750240802764893,-1.2234148979187012,58.73291015625,124.56298828125,0.9593228101730347,2.2220873832702637,0,0,
18570,2.3969967365264893,-0.9157977104187012,58.7548828125,124.87060546875,0.9593228101730347,2.2220873832702637,0,0,
18580,2.3938748836517334,-0.5147768259048462,58.7548828125,125.2001953125,0.9593228101730347,2.2220873832702637,0,0,
18590,2.3499295711517334,-0.2071596086025238,58.7109375,125.5078125,0.9593228101730347,2.2220873832702637,0,0,
18600,2.2400662899017334,0.1663755476474762,58.60107421875,125.88134765625,0.9593228101730347,2.2220873832702637,0,0,
18610,2.0642850399017334,0.5179380178451538,58.42529296875,126.23291015625,0.9593228101730347,2.2220873832702637,0,0,
18620,1.8445584774017334,0.8695005178451538,58.20556640625,126.58447265625,0.9593228101730347,2.2220873832702637,0,0,
18630,1.703429937362671,1.3005925416946411,57.9638671875,126.93603515625,0.9593228101730347,2.2220873832702637,0,0,
18640,1.483703374862671,1.6301823854446411,57.744140625,127.265625,0.9593228101730347,2.2220873832702637,0,0,
18650,1.198058843612671,2.0037174224853516,57.45849609375,127.63916015625,0.9593228101730347,2.2220873832702637,0,0,
18660,0.9343869686126709,2.3333072662353516,57.19482421875,127.96875,0.9593228101730347,2.2220873832702637,0,0,
18670,0.6487424373626709,2.6848697662353516,56.9091796875,128.3203125,0.9593228101730347,2.2220873832702637,0,0,
18680,0.49107128381729126,3.0794224739074707,56.62353515625,128.64990234375,0.9593228101730347,2.2220873832702637,0,0,
18690,0.22739940881729126,3.3870396614074707,56.35986328125,128.95751953125,0.9593228101730347,2.2220873832702637,0,0,
18700,-0.01429980993270874,3.7386021614074707,56.1181640625,129.30908203125,0.9593228101730347,2.2220873832702637,0,0,
18710,-0.23402637243270874,4.046219348907471,55.8984375,129.61669921875,0.9593228101730347,2.2220873832702637,0,0,
18720,-0.47572559118270874,4.331863880157471,55.65673828125,129.90234375,0.9593228101730347,2.2220873832702637,0,0,
18730,-0.5769118070602417,4.623618125915527,55.458984375,130.166015625,0.9593228101730347,2.2220873832702637,0,0,
18740,-0.7526930570602417,4.865317344665527,55.283203125,130.40771484375,0.9593228101730347,2.2220873832702637,0,0,
18750,-0.9284743070602417,5.085043907165527,55.107421875,130.62744140625,0.9593228101730347,2.2220873832702637,0,0,
18760,-1.0603102445602417,5.282797813415527,54.9755859375,130.8251953125,0.9593228101730347,2.2220873832702637,0,0,
18770,-1.1921461820602417,5.436606407165527,54.84375,130.97900390625,0.9593228101730347,2.2220873832702637,0,0,
18780,-1.1517258882522583,5.557160377502441,54.77783203125,131.1328125,0.9593228101730347,2.2220873832702637,0,0,
18790,-1.2176438570022583,5.688996315002441,54.7119140625,131.2646484375,0.9593228101730347,2.2220873832702637,0,0,
18800,-1.3934251070022583,5.798859596252441,54.5361328125,131.37451171875,0.9593228101730347,2.2220873832702637,0,0,
18810,-1.6351243257522583,5.908722877502441,54.29443359375,131.484375,0.9593228101730347,2.2220873832702637,0,0,
18820,-1.8548508882522583,5.952668190002441,54.07470703125,131.5283203125,0.9593228101730347,2.2220873832702637,0,0,
18830,-1.9724892377853394,5.969081401824951,53.81103515625,131.59423828125,0.9593228101730347,2.2220873832702637,0,0,
18840,-2.214188575744629,6.013026714324951,53.5693359375,131.63818359375,0.9593228101730347,2.2220873832702637,0,0,
18850,-2.521805763244629,6.056972026824951,53.26171875,131.68212890625,0.9593228101730347,2.2220873832702637,0,0,
18860,-2.895340919494629,6.078944683074951,52.88818359375,131.7041015625,0.9593228101730347,2.2220873832702637,0,0,
18870,-3.290848731994629,6.100917339324951,52.49267578125,131.72607421875,0.9593228101730347,2.2220873832702637,0,0,
18880,-3.475238084793091,6.1407341957092285,52.119140625,131.77001953125,0.9593228101730347,2.2220873832702637,0,0,
18890,-3.738909959793091,6.1627068519592285,51.85546875,131.7919921875,0.9593228101730347,2.2220873832702637,0,0,
18900,-3.870745897293091,6.2066521644592285,51.7236328125,131.8359375,0.9593228101730347,2.2220873832702637,0,0,
18910,-3.892718553543091,6.2286248207092285,51.70166015625,131.85791015625,0.9593228101730347,2.2220873832702637,0,0,
18920,-3.914691209793091,6.2725701332092285,51.6796875,131.90185546875,0.9593228101730347,2.2220873832702637,0,0,
18930,-3.8680007457733154,6.363368034362793,51.50390625,131.923828125,0.9593228101730347,2.2220873832702637,0,0,
18940,-4.0657548904418945,6.385340690612793,51.30615234375,131.94580078125,0.9593228101730347,2.2220873832702637,0,0,
18950,-4.2635087966918945,6.429286003112793,51.1083984375,131.98974609375,0.9593228101730347,2.2220873832702637,0,0,
18960,-4.4173173904418945,6.495203971862793,50.95458984375,132.0556640625,0.9593228101730347,2.2220873832702637,0,0,
18970,-4.5711259841918945,6.517176628112793,50.80078125,132.07763671875,0.9593228101730347,2.2220873832702637,0,0,
18980,-4.477572917938232,6.69485330581665,50.6689453125,132.12158203125,0.9593228101730347,2.2220873832702637,0,0,
18990,-4.565463542938232,6.71682596206665,50.5810546875,132.1435546875,0.9593228101730347,2.2220873832702637,0,0,
19000,-4.631381511688232,6.73879861831665,50.51513671875,132.16552734375,0.9593228101730347,2.2220873832702637,0,0,
19010,-4.675326824188232,6.76077127456665,50.47119140625,132.1875,0.9593228101730347,2.2220873832702637,0,0,
19020,-4.675326824188232,6.76077127456665,50.47119140625,132.1875,0.9593228101730347,2.2220873832702637,0,0,
19030,-4.482997894287109,6.911581993103027,50.47119140625,132.1875,0.9593228101730347,2.2220873832702637,0,0,
19040,-4.482997894287109,6.911581993103027,50.47119140625,132.1875,0.9593228101730347,2.2220873832702637,0,0,
19050,-4.373134613037109,6.911581993103027,50.5810546875,132.1875,0.9593228101730347,2.2220873832702637,0,0,
19060,-4.219326019287109,6.889609336853027,50.73486328125,132.16552734375,0.9593228101730347,2.2220873832702637,0,0,
19070,-4.021572113037109,6.823691368103027,50.9326171875,132.099609375,0.9593228101730347,2.2220873832702637,0,0,
19080,-3.7749571800231934,6.900958061218262,51.064453125,132.03369140625,0.9593228101730347,2.2220873832702637,0,0,
19090,-3.7090392112731934,6.813067436218262,51.13037109375,131.94580078125,0.9593228101730347,2.2220873832702637,0,0,
19100,-3.6211485862731934,6.681231498718262,51.21826171875,131.81396484375,0.9593228101730347,2.2220873832702637,0,0,
19110,-3.3355040550231934,6.571368217468262,51.50390625,131.7041015625,0.9593228101730347,2.2220873832702637,0,0,
19120,-2.8740782737731934,6.395586967468262,51.96533203125,131.5283203125,0.9593228101730347,2.2220873832702637,0,0,
19130,-2.363584041595459,6.357805252075195,52.49267578125,131.37451171875,0.9593228101730347,2.2220873832702637,0,0,
19140,-1.7044044733047485,6.182024002075195,53.15185546875,131.19873046875,0.9593228101730347,2.2220873832702637,0,0,
19150,-1.0012794733047485,5.984270095825195,53.85498046875,131.0009765625,0.9593228101730347,2.2220873832702637,0,0,
19160,-0.23223650455474854,5.764543533325195,54.6240234375,130.78125,0.9593228101730347,2.2220873832702637,0,0,
19170,0.5587791204452515,5.544816970825195,55.4150390625,130.5615234375,0.9593228101730347,2.2220873832702637,0,0,
19180,1.2230498790740967,5.396861553192139,56.25,130.31982421875,0.9593228101730347,2.2220873832702637,0,0,
19190,2.0799834728240967,5.177134990692139,57.10693359375,130.10009765625,0.9593228101730347,2.2220873832702637,0,0,
19200,3.0687530040740967,4.891490459442139,58.095703125,129.814453125,0.9593228101730347,2.2220873832702637,0,0,
19210,4.035550117492676,4.583873271942139,59.0625,129.5068359375,0.9593228101730347,2.2220873832702637,0,0,
19220,5.046292304992676,4.298228740692139,60.0732421875,129.22119140625,0.9593228101730347,2.2220873832702637,0,0,
19230,5.803821086883545,4.051048278808594,61.10595703125,128.91357421875,0.9593228101730347,2.2220873832702637,0,0,
19240,6.770617961883545,3.7434310913085938,62.07275390625,128.60595703125,0.9593228101730347,2.2220873832702637,0,0,
19250,7.891223430633545,3.3918685913085938,63.193359375,128.25439453125,0.9593228101730347,2.2220873832702637,0,0,
19260,8.945911407470703,3.0622787475585938,64.248046875,127.9248046875,0.9593228101730347,2.2220873832702637,0,0,
19270,10.044544219970703,2.7107162475585938,65.3466796875,127.5732421875,0.9593228101730347,2.2220873832702637,0,0,
19280,10.794533729553223,2.3580636978149414,66.4453125,127.19970703125,0.9593228101730347,2.2220873832702637,0,0,
19290,11.783303260803223,2.0065011978149414,67.43408203125,126.84814453125,0.9593228101730347,2.2220873832702637,0,0,
19300,12.925881385803223,1.5890207290649414,68.57666015625,126.4306640625,0.9593228101730347,2.2220873832702637,0,0,
19310,13.958596229553223,1.1715402603149414,69.609375,126.01318359375,0.9593228101730347,2.2220873832702637,0,0,
19320,14.969338417053223,0.7540597915649414,70.6201171875,125.595703125,0.9593228101730347,2.2220873832702637,0,0,
19330,15.566143035888672,0.28687584400177,71.60888671875,125.15625,0.9593228101730347,2.2220873832702637,0,0,
19340,16.488994598388672,-0.13060462474822998,72.53173828125,124.73876953125,0.9593228101730347,2.2220873832702637,0,0,
19350,17.477764129638672,-0.61400306224823,73.5205078125,124.25537109375,0.9593228101730347,2.2220873832702637,0,0,
19360,18.356670379638672,-1.11937415599823,74.3994140625,123.75,0.9593228101730347,2.2220873832702637,0,0,
19370,19.191631317138672,-1.62474524974823,75.234375,123.24462890625,0.9593228101730347,2.2220873832702637,0,0,
19380,19.57476234436035,-2.1905689239501953,76.025390625,122.76123046875,0.9593228101730347,2.2220873832702637,0,0,
19390,20.27788734436035,-2.6959400177001953,76.728515625,122.255859375,0.9593228101730347,2.2220873832702637,0,0,
19400,21.02495765686035,-3.3111743927001953,77.4755859375,121.640625,0.9593228101730347,2.2220873832702637,0,0,
19410,21.66216468811035,-3.8604907989501953,78.11279296875,121.09130859375,0.9593228101730347,2.2220873832702637,0,0,
19420,22.23345375061035,-4.431779861450195,78.68408203125,120.52001953125,0.9593228101730347,2.2220873832702637,0,0,
19430,22.34061050415039,-5.18982458114624,79.21142578125,119.9267578125,0.9593228101730347,2.2220873832702637,0,0,
19440,22.78006362915039,-5.73914098739624,79.65087890625,119.37744140625,0.9593228101730347,2.2220873832702637,0,0,
19450,23.21951675415039,-6.37634801864624,80.09033203125,118.740234375,0.9593228101730347,2.2220873832702637,0,0,
19460,23.57107925415039,-6.99158239364624,80.44189453125,118.125,0.9593228101730347,2.2220873832702637,0,0,
19470,23.85672378540039,-7.60681676864624,80.7275390625,117.509765625,0.9593228101730347,2.2220873832702637,0,0,
19480,23.628692626953125,-8.473196983337402,80.947265625,116.89453125,0.9593228101730347,2.2220873832702637,0,0,
19490,23.782501220703125,-9.022513389587402,81.10107421875,116.34521484375,0.9593228101730347,2.2220873832702637,0,0,
19500,23.892364501953125,-9.681693077087402,81.2109375,115.68603515625,0.9593228101730347,2.2220873832702637,0,0,
19510,23.936309814453125,-10.274954795837402,81.2548828125,115.0927734375,0.9593228101730347,2.2220873832702637,0,0,
19520,23.936309814453125,-10.890189170837402,81.2548828125,114.4775390625,0.9593228101730347,2.2220873832702637,0,0,
19530,23.459753036499023,-11.836984634399414,81.23291015625,113.8623046875,0.9593228101730347,2.2220873832702637,0,0,
19540,23.305944442749023,-12.364328384399414,81.0791015625,113.3349609375,0.9593228101730347,2.2220873832702637,0,0,
19550,23.064245223999023,-12.957590103149414,80.83740234375,112.74169921875,0.9593228101730347,2.2220873832702637,0,0,
19560,22.778600692749023,-13.484933853149414,80.5517578125,112.21435546875,0.9593228101730347,2.2220873832702637,0,0,
19570,22.427038192749023,-14.012277603149414,80.2001953125,111.68701171875,0.9593228101730347,2.2220873832702637,0,0,
19580,21.552698135375977,-14.90658950805664,79.7607421875,111.20361328125,0.9593228101730347,2.2220873832702637,0,0,
19590,21.069299697875977,-15.36801528930664,79.27734375,110.7421875,0.9593228101730347,2.2220873832702637,0,0,
19600,20.432092666625977,-15.80746841430664,78.64013671875,110.302734375,0.9593228101730347,2.2220873832702637,0,0,
19610,19.772912979125977,-16.22494888305664,77.98095703125,109.88525390625,0.9593228101730347,2.2220873832702637,0,0,
19620,19.047815322875977,-16.59848403930664,77.255859375,109.51171875,0.9593228101730347,2.2220873832702637,0,0,
19630,17.879005432128906,-17.414188385009766,76.48681640625,109.18212890625,0.9593228101730347,2.2220873832702637,0,0,
19640,17.066017150878906,-17.699832916259766,75.673828125,108.896484375,0.9593228101730347,2.2220873832702637,0,0,
19650,16.099220275878906,-17.963504791259766,74.70703125,108.6328125,0.9593228101730347,2.2220873832702637,0,0,
19660,15.110450744628906,-18.183231353759766,73.71826171875,108.4130859375,0.9593228101730347,2.2220873832702637,0,0,
19670,14.077735900878906,-18.337039947509766,72.685546875,108.25927734375,0.9593228101730347,2.2220873832702637,0,0,
19680,12.665154457092285,-18.977476119995117,71.630859375,108.1494140625,0.9593228101730347,2.2220873832702637,0,0,
19690,11.632439613342285,-19.021421432495117,70.59814453125,108.10546875,0.9593228101730347,2.2220873832702637,0,0,
19700,10.423943519592285,-19.021421432495117,69.3896484375,108.10546875,0.9593228101730347,2.2220873832702637,0,0,
19710,9.259392738342285,-19.021421432495117,68.22509765625,108.10546875,0.9593228101730347,2.2220873832702637,0,0,
19720,8.072869300842285,-18.933530807495117,67.03857421875,108.193359375,0.9593228101730347,2.2220873832702637,0,0,
19730,6.536301136016846,-19.316850662231445,65.85205078125,108.34716796875,0.9593228101730347,2.2220873832702637,0,0,
19740,5.459640979766846,-19.119096755981445,64.775390625,108.544921875,0.9593228101730347,2.2220873832702637,0,0,
19750,4.185226917266846,-18.855424880981445,63.5009765625,108.80859375,0.9593228101730347,2.2220873832702637,0,0,
19760,3.0206761360168457,-18.525835037231445,62.33642578125,109.13818359375,0.9593228101730347,2.2220873832702637,0,0,
19770,1.8780980110168457,-18.174272537231445,61.19384765625,109.48974609375,0.9593228101730347,2.2220873832702637,0,0,
19780,0.3949284553527832,-18.297393798828125,60.05126953125,109.88525390625,0.9593228101730347,2.2220873832702637,0,0,
19790,-0.6597590446472168,-17.879913330078125,58.99658203125,110.302734375,0.9593228101730347,2.2220873832702637,0,0,
19800,-1.8023371696472168,-17.374542236328125,57.85400390625,110.80810546875,0.9593228101730347,2.2220873832702637,0,0,
19810,-2.857024669647217,-16.847198486328125,56.79931640625,111.33544921875,0.9593228101730347,2.2220873832702637,0,0,
19820,-3.845794200897217,-16.275909423828125,55.810546875,111.90673828125,0.9593228101730347,2.2220873832702637,0,0,
19830,-5.084735870361328,-16.175458908081055,54.8876953125,112.5,0.9593228101730347,2.2220873832702637,0,0,
19840,-5.721942901611328,-15.582196235656738,54.25048828125,113.09326171875,0.9593228101730347,2.2220873832702637,0,0,
19850,-6.117450714111328,-14.857098579406738,53.85498046875,113.818359375,0.9593228101730347,2.2220873832702637,0,0,
19860,-7.128192901611328,-14.088055610656738,52.84423828125,114.58740234375,0.9593228101730347,2.2220873832702637,0,0,
19870,-7.831317901611328,-13.340985298156738,52.14111328125,115.33447265625,0.9593228101730347,2.2220873832702637,0,0,
19880,-8.845290184020996,-12.997368812561035,51.39404296875,116.12548828125,0.9593228101730347,2.2220873832702637,0,0,
19890,-9.548415184020996,-12.228325843811035,50.69091796875,116.89453125,0.9593228101730347,2.2220873832702637,0,0,
19900,-10.251540184020996,-11.305474281311035,49.98779296875,117.8173828125,0.9593228101730347,2.2220873832702637,0,0,
19910,-10.888747215270996,-10.404595375061035,49.3505859375,118.71826171875,0.9593228101730347,2.2220873832702637,0,0,
19920,-11.482008934020996,-9.459771156311035,48.75732421875,119.6630859375,0.9593228101730347,2.2220873832702637,0,0,
19930,-12.234652519226074,-8.81875991821289,48.18603515625,120.6298828125,0.9593228101730347,2.2220873832702637,0,0,
19940,-12.718050956726074,-7.895908355712891,47.70263671875,121.552734375,0.9593228101730347,2.2220873832702637,0,0,
19950,-13.245394706726074,-6.819248199462891,47.17529296875,122.62939453125,0.9593228101730347,2.2220873832702637,0,0,
19960,-13.684847831726074,-5.808506011962891,46.73583984375,123.64013671875,0.9593228101730347,2.2220873832702637,0,0,
19970,-14.102328300476074,-4.797763824462891,46.318359375,124.65087890625,0.9593228101730347,2.2220873832702637,0,0,
19980,-14.568265914916992,-4.013413906097412,45.9228515625,125.68359375,0.9593228101730347,2.2220873832702637,0,0,
19990,-14.897855758666992,-2.980699062347412,45.59326171875,126.71630859375,0.9593228101730347,2.2220873832702637,0,0,
20000,-15.227445602416992,-1.947984218597412,45.263671875,127.7490234375,0.9593228101730347,2.2220873832702637,0,0,
20010,-15.535062789916992,-0.9152693748474121,44.9560546875,128.78173828125,0.9593228101730347,2.2220873832702637,0,0,
20020,-15.776762008666992,0.1394181251525879,44.71435546875,129.83642578125,0.9593228101730347,2.2220873832702637,0,0,
20030,-15.936691284179688,0.9101247787475586,44.49462890625,130.75927734375,0.9593228101730347,2.2220873832702637,0,0,
20040,-16.134445190429688,1.9648122787475586,44.296875,131.81396484375,0.9593228101730347,2.2220873832702637,0,0,
20050,-16.266281127929688,3.0414724349975586,44.1650390625,132.890625,0.9593228101730347,2.2220873832702637,0,0,
20060,-16.398117065429688,3.9862966537475586,44.033203125,133.83544921875,0.9593228101730347,2.2220873832702637,0,0,
20070,-16.464035034179688,5.019011497497559,43.96728515625,134.8681640625,0.9593228101730347,2.2220873832702637,0,0,
20080,-16.323654174804688,5.920833587646484,43.9453125,135.791015625,0.9593228101730347,2.2220873832702637,0,0,
20090,-16.323654174804688,6.909603118896484,43.9453125,136.77978515625,0.9593228101730347,2.2220873832702637,0,0,
20100,-16.323654174804688,7.854427337646484,43.9453125,137.724609375,0.9593228101730347,2.2220873832702637,0,0,
20110,-16.279708862304688,8.689388275146484,43.9892578125,138.5595703125,0.9593228101730347,2.2220873832702637,0,0,
20120,-16.103927612304688,9.524349212646484,44.1650390625,139.39453125,0.9593228101730347,2.2220873832702637,0,0,
20130,-15.769615173339844,10.369295120239258,44.296875,140.16357421875,0.9593228101730347,2.2220873832702637,0,0,
20140,-15.549888610839844,11.116365432739258,44.5166015625,140.91064453125,0.9593228101730347,2.2220873832702637,0,0,
20150,-15.308189392089844,11.819490432739258,44.75830078125,141.61376953125,0.9593228101730347,2.2220873832702637,0,0,
20160,-15.066490173339844,12.412752151489258,45.0,142.20703125,0.9593228101730347,2.2220873832702637,0,0,
20170,-14.670982360839844,12.962068557739258,45.3955078125,142.75634765625,0.9593228101730347,2.2220873832702637,0,0,
20180,-14.101263046264648,13.604124069213867,45.72509765625,143.26171875,0.9593228101730347,2.2220873832702637,0,0,
20190,-13.969427108764648,13.999631881713867,45.85693359375,143.6572265625,0.9593228101730347,2.2220873832702637,0,0,
20200,-13.925481796264648,14.373167037963867,45.90087890625,144.03076171875,0.9593228101730347,2.2220873832702637,0,0,
20210,-13.573919296264648,14.636838912963867,46.25244140625,144.29443359375,0.9593228101730347,2.2220873832702637,0,0,
20220,-13.090520858764648,14.834592819213867,46.73583984375,144.4921875,0.9593228101730347,2.2220873832702637,0,0,
20230,-12.297977447509766,15.063563346862793,47.26318359375,144.60205078125,0.9593228101730347,2.2220873832702637,0,0,
20240,-11.792606353759766,15.107508659362793,47.7685546875,144.64599609375,0.9593228101730347,2.2220873832702637,0,0,
20250,-11.133426666259766,15.107508659362793,48.427734375,144.64599609375,0.9593228101730347,2.2220873832702637,0,0,
20260,-10.540164947509766,14.997645378112793,49.02099609375,144.5361328125,0.9593228101730347,2.2220873832702637,0,0,
20270,-9.880985260009766,14.777918815612793,49.68017578125,144.31640625,0.9593228101730347,2.2220873832702637,0,0,
20280,-8.958328247070312,14.576944351196289,50.3173828125,144.052734375,0.9593228101730347,2.2220873832702637,0,0,
20290,-8.365066528320312,14.247354507446289,50.91064453125,143.72314453125,0.9593228101730347,2.2220873832702637,0,0,
20300,-7.661941051483154,13.785928726196289,51.61376953125,143.26171875,0.9593228101730347,2.2220873832702637,0,0,
20310,-7.024734020233154,13.324502944946289,52.2509765625,142.80029296875,0.9593228101730347,2.2220873832702637,0,0,
20320,-6.365554332733154,12.775186538696289,52.91015625,142.2509765625,0.9593228101730347,2.2220873832702637,0,0,
20330,-5.416722297668457,12.218196868896484,53.54736328125,141.6357421875,0.9593228101730347,2.2220873832702637,0,0,
20340,-4.823460578918457,11.624935150146484,54.140625,141.04248046875,0.9593228101730347,2.2220873832702637,0,0,
20350,-4.164280891418457,10.877864837646484,54.7998046875,140.29541015625,0.9593228101730347,2.2220873832702637,0,0,
20360,-3.571018934249878,10.152767181396484,55.39306640625,139.5703125,0.9593228101730347,2.2220873832702637,0,0,
20370,-2.955784559249878,9.361751556396484,56.00830078125,138.779296875,0.9593228101730347,2.2220873832702637,0,0,
20380,-2.0968356132507324,8.60684871673584,56.5576171875,137.92236328125,0.9593228101730347,2.2220873832702637,0,0,
20390,-1.5694918632507324,7.81583309173584,57.0849609375,137.13134765625,0.9593228101730347,2.2220873832702637,0,0,
20400,-1.0201754570007324,6.87100887298584,57.63427734375,136.1865234375,0.9593228101730347,2.2220873832702637,0,0,
20410,-0.5148043632507324,5.94815731048584,58.1396484375,135.263671875,0.9593228101730347,2.2220873832702637,0,0,
20420,-0.03140592575073242,5.00333309173584,58.623046875,134.31884765625,0.9593228101730347,2.2220873832702637,0,0,
20430,0.7150835990905762,4.172384262084961,59.0625,133.35205078125,0.9593228101730347,2.2220873832702637,0,0,
20440,1.1105914115905762,3.271505117416382,59.4580078125,132.451171875,0.9593228101730347,2.2220873832702637,0,0,
20450,1.5500445365905762,2.194844961166382,59.8974609375,131.37451171875,0.9593228101730347,2.2220873832702637,0,0,
20460,1.9235796928405762,1.2060754299163818,60.27099609375,130.3857421875,0.9593228101730347,2.2220873832702637,0,0,
20470,2.297114849090576,0.19533324241638184,60.64453125,129.375,0.9593228101730347,2.2220873832702637,0,0,
20480,2.9424023628234863,-0.6460139751434326,61.01806640625,128.3642578125,0.9593228101730347,2.2220873832702637,0,0,
20490,3.2500195503234863,-1.5688655376434326,61.32568359375,127.44140625,0.9593228101730347,2.2220873832702637,0,0,
20500,3.6015820503234863,-2.6015803813934326,61.67724609375,126.40869140625,0.9593228101730347,2.2220873832702637,0,0,
20510,3.9091992378234863,-3.5464046001434326,61.98486328125,125.4638671875,0.9593228101730347,2.2220873832702637,0,0,
20520,4.238789081573486,-4.491229057312012,62.314453125,124.51904296875,0.9593228101730347,2.2220873832702637,0,0,
20530,4.715366840362549,-5.227329254150391,62.60009765625,123.59619140625,0.9593228101730347,2.2220873832702637,0,0,
20540,4.957066059112549,-6.062290191650391,62.841796875,122.76123046875,0.9593228101730347,2.2220873832702637,0,0,
20550,5.264683246612549,-7.007114410400391,63.1494140625,121.81640625,0.9593228101730347,2.2220873832702637,0,0,
20560,5.506382465362549,-7.864048004150391,63.39111328125,120.95947265625,0.9593228101730347,2.2220873832702637,0,0,
20570,5.748081684112549,-8.65506362915039,63.6328125,120.16845703125,0.9593228101730347,2.2220873832702637,0,0,
20580,6.077002048492432,-9.179367065429688,63.83056640625,119.443359375,0.9593228101730347,2.2220873832702637,0,0,
20590,6.230810642242432,-9.816574096679688,63.984375,118.80615234375,0.9593228101730347,2.2220873832702637,0,0,
20600,6.362646579742432,-10.497726440429688,64.1162109375,118.125,0.9593228101730347,2.2220873832702637,0,0,
20610,6.472509860992432,-11.025070190429688,64.22607421875,117.59765625,0.9593228101730347,2.2220873832702637,0,0,
20620,6.560400485992432,-11.508468627929688,64.31396484375,117.1142578125,0.9593228101730347,2.2220873832702637,0,0,
20630,6.732774257659912,-11.675077438354492,64.3798828125,116.69677734375,0.9593228101730347,2.2220873832702637,0,0,
20640,6.776719570159912,-11.982694625854492,64.423828125,116.38916015625,0.9593228101730347,2.2220873832702637,0,0,
20650,6.798692226409912,-12.268339157104492,64.44580078125,116.103515625,0.9593228101730347,2.2220873832702637,0,0,
20660,6.820664882659912,-12.466093063354492,64.4677734375,115.90576171875,0.9593228101730347,2.2220873832702637,0,0,
20670,6.820664882659912,-12.597929000854492,64.4677734375,115.77392578125,0.9593228101730347,2.2220873832702637,0,0,
20680,6.883778095245361,-12.363683700561523,64.4677734375,115.72998046875,0.9593228101730347,2.2220873832702637,0,0,
20690,6.883778095245361,-12.385656356811523,64.4677734375,115.7080078125,0.9593228101730347,2.2220873832702637,0,0,
20700,6.883778095245361,-12.385656356811523,64.4677734375,115.7080078125,0.9593228101730347,2.2220873832702637,0,0,
20710,6.883778095245361,-12.253820419311523,64.4677734375,115.83984375,0.9593228101730347,2.2220873832702637,0,0,
20720,6.883778095245361,-12.078039169311523,64.4677734375,116.015625,0.9593228101730347,2.2220873832702637,0,0,
20730,6.865241527557373,-11.584547996520996,64.423828125,116.2353515625,0.9593228101730347,2.2220873832702637,0,0,
20740,6.821296215057373,-11.320876121520996,64.3798828125,116.4990234375,0.9593228101730347,2.2220873832702637,0,0,
20750,6.755378246307373,-11.013258934020996,64.31396484375,116.806640625,0.9593228101730347,2.2220873832702637,0,0,
20760,6.689460277557373,-10.661696434020996,64.248046875,117.158203125,0.9593228101730347,2.2220873832702637,0,0,
20770,6.623542308807373,-10.288161277770996,64.18212890625,117.53173828125,0.9593228101730347,2.2220873832702637,0,0,
20780,6.574041843414307,-9.669073104858398,64.1162109375,117.92724609375,0.9593228101730347,2.2220873832702637,0,0,
20790,6.486151218414307,-9.251592636108398,64.0283203125,118.3447265625,0.9593228101730347,2.2220873832702637,0,0,
20800,6.354315280914307,-8.790166854858398,63.896484375,118.80615234375,0.9593228101730347,2.2220873832702637,0,0,
20810,6.222479343414307,-8.328741073608398,63.7646484375,119.267578125,0.9593228101730347,2.2220873832702637,0,0,
20820,6.090643405914307,-7.823369979858398,63.6328125,119.77294921875,0.9593228101730347,2.2220873832702637,0,0,
20830,5.96183967590332,-7.144630432128906,63.47900390625,120.2783203125,0.9593228101730347,2.2220873832702637,0,0,
20840,5.80803108215332,-6.661231994628906,63.3251953125,120.76171875,0.9593228101730347,2.2220873832702637,0,0,
20850,5.61027717590332,-6.111915588378906,63.12744140625,121.31103515625,0.9593228101730347,2.2220873832702637,0,0,
20860,5.43449592590332,-5.562599182128906,62.95166015625,121.8603515625,0.9593228101730347,2.2220873832702637,0,0,
20870,5.23674201965332,-5.057228088378906,62.75390625,122.36572265625,0.9593228101730347,2.2220873832702637,0,0,
20880,5.053797721862793,-4.405533790588379,62.5341796875,122.9150390625,0.9593228101730347,2.2220873832702637,0,0,
20890,4.856043815612793,-3.922135353088379,62.33642578125,123.3984375,0.9593228101730347,2.2220873832702637,0,0,
20900,4.614344596862793,-3.350846290588379,62.0947265625,123.9697265625,0.9593228101730347,2.2220873832702637,0,0,
20910,4.372645378112793,-2.823502540588379,61.85302734375,124.4970703125,0.9593228101730347,2.2220873832702637,0,0,
20920,4.108973503112793,-2.274186134338379,61.58935546875,125.04638671875,0.9593228101730347,2.2220873832702637,0,0,
20930,3.889932870864868,-1.7138240337371826,61.32568359375,125.5517578125,0.9593228101730347,2.2220873832702637,0,0,
20940,3.670206308364868,-1.2084529399871826,61.10595703125,126.05712890625,0.9593228101730347,2.2220873832702637,0,0,
20950,3.384561777114868,-0.6811091899871826,60.8203125,126.58447265625,0.9593228101730347,2.2220873832702637,0,0,
20960,3.076944589614868,-0.17573809623718262,60.5126953125,127.08984375,0.9593228101730347,2.2220873832702637,0,0,
20970,2.791300058364868,0.2856876850128174,60.22705078125,127.55126953125,0.9593228101730347,2.2220873832702637,0,0,
20980,2.5742592811584473,0.7660022974014282,59.96337890625,128.03466796875,0.9593228101730347,2.2220873832702637,0,0,
20990,2.3105874061584473,1.1834827661514282,59.69970703125,128.4521484375,0.9593228101730347,2.2220873832702637,0,0,
21000,1.9809975624084473,1.6449085474014282,59.3701171875,128.91357421875,1.4496158361434937,-1.3808757066726685,0,0,
21010,1.6514077186584473,2.0404162406921387,59.04052734375,129.30908203125,1.4496158361434937,-1.3808757066726685,0,0,
21020,1.3877358436584473,2.4578967094421387,58.77685546875,129.7265625,1.4496158361434937,-1.3808757066726685,0,0,
21030,1.1267054080963135,2.7310919761657715,58.46923828125,130.05615234375,1.4496158361434937,-1.3808757066726685,0,0,
21040,0.7971155047416687,3.0826544761657715,58.1396484375,130.40771484375,1.4496158361434937,-1.3808757066726685,0,0,
21050,0.4675256609916687,3.4342169761657715,57.81005859375,130.75927734375,1.4496158361434937,-1.3808757066726685,0,0,
21060,0.1599084734916687,3.7198615074157715,57.50244140625,131.044921875,1.4496158361434937,-1.3808757066726685,0,0,
21070,-0.1477087140083313,4.0055060386657715,57.19482421875,131.33056640625,1.4496158361434937,-1.3808757066726685,0,0,
21080,-0.37384796142578125,4.193991661071777,56.9091796875,131.572265625,1.4496158361434937,-1.3808757066726685,0,0,
21090,-0.6814651489257812,4.435690879821777,56.6015625,131.81396484375,1.4496158361434937,-1.3808757066726685,0,0,
21100,-0.9671096801757812,4.655417442321777,56.31591796875,132.03369140625,1.4496158361434937,-1.3808757066726685,0,0,
21110,-1.2088088989257812,4.831198692321777,56.07421875,132.20947265625,1.4496158361434937,-1.3808757066726685,0,0,
21120,-1.4724807739257812,4.985007286071777,55.810546875,132.36328125,1.4496158361434937,-1.3808757066726685,0,0,
21130,-1.6474900245666504,5.0547685623168945,55.61279296875,132.4951171875,1.4496158361434937,-1.3808757066726685,0,0,
21140,-1.8452439308166504,5.1646318435668945,55.4150390625,132.60498046875,1.4496158361434937,-1.3808757066726685,0,0,
21150,-1.9331345558166504,5.2525224685668945,55.3271484375,132.69287109375,1.4496158361434937,-1.3808757066726685,0,0,
21160,-1.9770798683166504,5.2964677810668945,55.283203125,132.73681640625,1.4496158361434937,-1.3808757066726685,0,0,
21170,-1.9990525245666504,5.3184404373168945,55.26123046875,132.7587890625,1.4496158361434937,-1.3808757066726685,0,0,
21180,-2.0382401943206787,5.285256385803223,55.21728515625,132.78076171875,1.4496158361434937,-1.3808757066726685,0,0,
21190,-2.0382401943206787,5.285256385803223,55.21728515625,132.78076171875,1.4496158361434937,-1.3808757066726685,0,0,
21200,-2.0602128505706787,5.285256385803223,55.1953125,132.78076171875,1.4496158361434937,-1.3808757066726685,0,0,
21210,-2.0821855068206787,5.263283729553223,55.17333984375,132.7587890625,1.4496158361434937,-1.3808757066726685,0,0,
21220,-2.1041581630706787,5.197365760803223,55.1513671875,132.69287109375,1.4496158361434937,-1.3808757066726685,0,0,
21230,-2.136324882507324,5.105299472808838,55.12939453125,132.60498046875,1.4496158361434937,-1.3808757066726685,0,0,
21240,-2.136324882507324,4.995436191558838,55.12939453125,132.4951171875,1.4496158361434937,-1.3808757066726685,0,0,
21250,-2.158297538757324,4.885572910308838,55.107421875,132.38525390625,1.4496158361434937,-1.3808757066726685,0,0,
21260,-2.180270195007324,4.753736972808838,55.08544921875,132.25341796875,1.4496158361434937,-1.3808757066726685,0,0,
21270,-2.202242851257324,4.621901035308838,55.0634765625,132.12158203125,1.4496158361434937,-1.3808757066726685,0,0,
21280,-2.257883071899414,4.505243301391602,55.01953125,131.9677734375,1.4496158361434937,-1.3808757066726685,0,0,
21290,-2.279855728149414,4.373407363891602,54.99755859375,131.8359375,1.4496158361434937,-1.3808757066726685,0,0,
21300,-2.301828384399414,4.197626113891602,54.9755859375,131.66015625,1.4496158361434937,-1.3808757066726685,0,0,
21310,-2.301828384399414,4.021844863891602,54.9755859375,131.484375,1.4496158361434937,-1.3808757066726685,0,0,
21320,-2.345773696899414,3.8680365085601807,54.931640625,131.33056640625,1.4496158361434937,-1.3808757066726685,0,0,
21330,-2.357816219329834,3.82891845703125,54.8876953125,131.1767578125,1.4496158361434937,-1.3808757066726685,0,0,
21340,-2.357816219329834,3.69708251953125,54.8876953125,131.044921875,1.4496158361434937,-1.3808757066726685,0,0,
21350,-2.357816219329834,3.52130126953125,54.8876953125,130.869140625,1.4496158361434937,-1.3808757066726685,0,0,
21360,-2.357816219329834,3.36749267578125,54.8876953125,130.71533203125,1.4496158361434937,-1.3808757066726685,0,0,
21370,-2.379788875579834,3.21368408203125,54.86572265625,130.5615234375,1.4496158361434937,-1.3808757066726685,0,0,
21380,-2.3026885986328125,3.183746337890625,54.86572265625,130.3857421875,1.4496158361434937,-1.3808757066726685,0,0,
21390,-2.3246612548828125,3.051910400390625,54.84375,130.25390625,1.4496158361434937,-1.3808757066726685,0,0,
21400,-2.3246612548828125,2.876129150390625,54.84375,130.078125,1.4496158361434937,-1.3808757066726685,0,0,
21410,-2.3246612548828125,2.722320556640625,54.84375,129.92431640625,1.4496158361434937,-1.3808757066726685,0,0,
21420,-2.3466339111328125,2.568511962890625,54.82177734375,129.7705078125,1.4496158361434937,-1.3808757066726685,0,0,
21430,-2.2394015789031982,2.5766494274139404,54.7998046875,129.61669921875,1.4496158361434937,-1.3808757066726685,0,0,
21440,-2.2394015789031982,2.4448134899139404,54.7998046875,129.48486328125,1.4496158361434937,-1.3808757066726685,0,0,
21450,-2.2394015789031982,2.2910048961639404,54.7998046875,129.3310546875,1.4496158361434937,-1.3808757066726685,0,0,
21460,-2.2394015789031982,2.1591689586639404,54.7998046875,129.19921875,1.4496158361434937,-1.3808757066726685,0,0,
21470,-2.2613742351531982,2.0493056774139404,54.77783203125,129.08935546875,1.4496158361434937,-1.3808757066726685,0,0,
21480,-2.0700767040252686,2.160832405090332,54.77783203125,129.00146484375,1.4496158361434937,-1.3808757066726685,0,0,
21490,-2.0700767040252686,2.072941780090332,54.77783203125,128.91357421875,1.4496158361434937,-1.3808757066726685,0,0,
21500,-2.1579673290252686,1.9850512742996216,54.68994140625,128.82568359375,1.4496158361434937,-1.3808757066726685,0,0,
21510,-2.2458579540252686,1.8751879930496216,54.60205078125,128.7158203125,1.4496158361434937,-1.3808757066726685,0,0,
21520,-2.3337485790252686,1.7872973680496216,54.51416015625,128.6279296875,1.4496158361434937,-1.3808757066726685,0,0,
21530,-2.210305690765381,1.8735074996948242,54.42626953125,128.5400390625,1.4496158361434937,-1.3808757066726685,0,0,
21540,-2.254251003265381,1.8075895309448242,54.38232421875,128.47412109375,1.4496158361434937,-1.3808757066726685,0,0,
21550,-2.276223659515381,1.7196989059448242,54.3603515625,128.38623046875,1.4496158361434937,-1.3808757066726685,0,0,
21560,-2.298196315765381,1.6318082809448242,54.33837890625,128.29833984375,1.4496158361434937,-1.3808757066726685,0,0,
21570,-2.298196315765381,1.5658903121948242,54.33837890625,128.232421875,1.4496158361434937,-1.3808757066726685,0,0,
21580,-2.0867056846618652,1.6509265899658203,54.33837890625,128.16650390625,1.4496158361434937,-1.3808757066726685,0,0,
21590,-2.0867056846618652,1.5850086212158203,54.33837890625,128.1005859375,1.4496158361434937,-1.3808757066726685,0,0,
21600,-2.0867056846618652,1.5630359649658203,54.33837890625,128.07861328125,1.4496158361434937,-1.3808757066726685,0,0,
21610,-2.0867056846618652,1.5410633087158203,54.33837890625,128.056640625,1.4496158361434937,-1.3808757066726685,0,0,
21620,-2.0867056846618652,1.5410633087158203,54.33837890625,128.056640625,1.4496158361434937,-1.3808757066726685,0,0,
21630,-1.8706303834915161,1.7001779079437256,54.33837890625,128.056640625,1.4496158361434937,-1.3808757066726685,0,0,
21640,-1.8706303834915161,1.7001779079437256,54.33837890625,128.056640625,1.4496158361434937,-1.3808757066726685,0,0,
21650,-1.8706303834915161,1.7441232204437256,54.33837890625,128.1005859375,1.4496158361434937,-1.3808757066726685,0,0,
21660,-1.8706303834915161,1.8539865016937256,54.33837890625,128.21044921875,1.4496158361434937,-1.3808757066726685,0,0,
21670,-1.8706303834915161,1.9858224391937256,54.33837890625,128.34228515625,1.4496158361434937,-1.3808757066726685,0,0,
21680,-1.6527037620544434,2.3389077186584473,54.33837890625,128.47412109375,1.4496158361434937,-1.3808757066726685,0,0,
21690,-1.6527037620544434,2.5146889686584473,54.33837890625,128.64990234375,1.4496158361434937,-1.3808757066726685,0,0,
21700,-1.6527037620544434,2.7124428749084473,54.33837890625,128.84765625,1.4496158361434937,-1.3808757066726685,0,0,
21710,-1.5867857933044434,2.9541420936584473,54.404296875,129.08935546875,1.4496158361434937,-1.3808757066726685,0,0,
21720,-1.4769225120544434,3.2178139686584473,54.51416015625,129.35302734375,1.4496158361434937,-1.3808757066726685,0,0,
21730,-1.1689939498901367,3.773029327392578,54.6240234375,129.638671875,1.4496158361434937,-1.3808757066726685,0,0,
21740,-1.0591306686401367,4.036701202392578,54.73388671875,129.90234375,1.4496158361434937,-1.3808757066726685,0,0,
21750,-0.9492673277854919,4.366291046142578,54.84375,130.23193359375,1.4496158361434937,-1.3808757066726685,0,0,
21760,-0.7954587340354919,4.717853546142578,54.99755859375,130.58349609375,1.4496158361434937,-1.3808757066726685,0,0,
21770,-0.6636227965354919,5.069416046142578,55.12939453125,130.93505859375,1.4496158361434937,-1.3808757066726685,0,0,
21780,-0.34294039011001587,5.714351654052734,55.30517578125,131.2646484375,1.4496158361434937,-1.3808757066726685,0,0,
21790,-0.16715914011001587,6.065914154052734,55.48095703125,131.6162109375,1.4496158361434937,-1.3808757066726685,0,0,
21800,0.03059476613998413,6.483394622802734,55.6787109375,132.03369140625,1.4496158361434937,-1.3808757066726685,0,0,
21810,0.22834867238998413,6.856929779052734,55.87646484375,132.4072265625,1.4496158361434937,-1.3808757066726685,0,0,
21820,0.44807523488998413,7.208492279052734,56.09619140625,132.7587890625,1.4496158361434937,-1.3808757066726685,0,0,
21830,0.7041575312614441,7.881949424743652,56.2939453125,133.1103515625,1.4496158361434937,-1.3808757066726685,0,0,
21840,0.9019114375114441,8.189566612243652,56.49169921875,133.41796875,1.4496158361434937,-1.3808757066726685,0,0,
21850,1.1216380596160889,8.497183799743652,56.71142578125,133.7255859375,1.4496158361434937,-1.3808757066726685,0,0,
21860,1.3413646221160889,8.782828330993652,56.93115234375,134.01123046875,1.4496158361434937,-1.3808757066726685,0,0,
21870,1.5391185283660889,9.024527549743652,57.12890625,134.2529296875,1.4496158361434937,-1.3808757066726685,0,0,
21880,1.7975789308547974,9.521759033203125,57.32666015625,134.49462890625,1.4496158361434937,-1.3808757066726685,0,0,
21890,1.9513875246047974,9.719512939453125,57.48046875,134.6923828125,1.4496158361434937,-1.3808757066726685,0,0,
21900,2.193086624145508,9.917266845703125,57.72216796875,134.89013671875,1.4496158361434937,-1.3808757066726685,0,0,
21910,2.412813186645508,10.027130126953125,57.94189453125,135.0,1.4496158361434937,-1.3808757066726685,0,0,
21920,2.610567092895508,10.180938720703125,58.1396484375,135.15380859375,1.4496158361434937,-1.3808757066726685,0,0,
21930,2.8609752655029297,10.518303871154785,58.359375,135.263671875,1.4496158361434937,-1.3808757066726685,0,0,
21940,3.0587291717529297,10.562249183654785,58.55712890625,135.3076171875,1.4496158361434937,-1.3808757066726685,0,0,
21950,3.2784557342529297,10.606194496154785,58.77685546875,135.3515625,1.4496158361434937,-1.3808757066726685,0,0,
21960,3.4981822967529297,10.628167152404785,58.99658203125,135.37353515625,1.4496158361434937,-1.3808757066726685,0,0,
21970,3.7179088592529297,10.650139808654785,59.21630859375,135.3955078125,1.4496158361434937,-1.3808757066726685,0,0,
21980,3.9904963970184326,10.84535026550293,59.4580078125,135.3955078125,1.4496158361434937,-1.3808757066726685,0,0,
21990,4.210223197937012,10.84535026550293,59.677734375,135.3955078125,1.4496158361434937,-1.3808757066726685,0,0,
22000,4.473895072937012,10.80140495300293,59.94140625,135.3515625,1.4496158361434937,-1.3808757066726685,0,0,
22010,4.737566947937012,10.71351432800293,60.205078125,135.263671875,1.4496158361434937,-1.3808757066726685,0,0,
22020,4.979266166687012,10.62562370300293,60.44677734375,135.17578125,1.4496158361434937,-1.3808757066726685,0,0,
22030,5.237595558166504,10.604888916015625,60.732421875,135.0,1.4496158361434937,-1.3808757066726685,0,0,
22040,5.523240089416504,10.495025634765625,61.01806640625,134.89013671875,1.4496158361434937,-1.3808757066726685,0,0,
22050,5.808884620666504,10.319244384765625,61.3037109375,134.71435546875,1.4496158361434937,-1.3808757066726685,0,0,
22060,6.050583839416504,10.099517822265625,61.54541015625,134.49462890625,1.4496158361434937,-1.3808757066726685,0,0,
22070,6.314255714416504,9.857818603515625,61.80908203125,134.2529296875,1.4496158361434937,-1.3808757066726685,0,0,
22080,6.529261589050293,9.702492713928223,62.07275390625,134.01123046875,1.4496158361434937,-1.3808757066726685,0,0,
22090,6.770960807800293,9.394875526428223,62.314453125,133.70361328125,1.4496158361434937,-1.3808757066726685,0,0,
22100,7.012660026550293,9.043313026428223,62.55615234375,133.35205078125,1.4496158361434937,-1.3808757066726685,0,0,
22110,7.188441276550293,8.691750526428223,62.73193359375,133.00048828125,1.4496158361434937,-1.3808757066726685,0,0,
22120,7.386195182800293,8.252297401428223,62.9296875,132.56103515625,1.4496158361434937,-1.3808757066726685,0,0,
22130,7.505458831787109,7.821049213409424,63.08349609375,132.1435546875,1.4496158361434937,-1.3808757066726685,0,0,
22140,7.659267425537109,7.293705463409424,63.2373046875,131.6162109375,1.4496158361434937,-1.3808757066726685,0,0,
22150,7.791103363037109,6.766361713409424,63.369140625,131.0888671875,1.4496158361434937,-1.3808757066726685,0,0,
22160,7.900966644287109,6.173099994659424,63.47900390625,130.49560546875,1.4496158361434937,-1.3808757066726685,0,0,
22170,7.988857269287109,5.601810932159424,63.56689453125,129.92431640625,1.4496158361434937,-1.3808757066726685,0,0,
22180,8.06214714050293,4.818375587463379,63.65478515625,129.26513671875,1.4496158361434937,-1.3808757066726685,0,0,
22190,8.10609245300293,4.203141212463379,63.69873046875,128.64990234375,1.4496158361434937,-1.3808757066726685,0,0,
22200,8.15003776550293,3.456070899963379,63.74267578125,127.90283203125,1.4496158361434937,-1.3808757066726685,0,0,
22210,8.17201042175293,2.774918556213379,63.7646484375,127.2216796875,1.4496158361434937,-1.3808757066726685,0,0,
22220,8.19398307800293,2.049820899963379,63.78662109375,126.49658203125,1.4496158361434937,-1.3808757066726685,0,0,
22230,8.193033218383789,1.0959346294403076,63.78662109375,125.74951171875,1.4496158361434937,-1.3808757066726685,0,0,
22240,8.193033218383789,0.3928096294403076,63.78662109375,125.04638671875,1.4496158361434937,-1.3808757066726685,0,0,
22250,8.193033218383789,-0.4201786518096924,63.78662109375,124.2333984375,1.4496158361434937,-1.3808757066726685,0,0,
22260,8.149087905883789,-1.1892216205596924,63.74267578125,123.46435546875,1.4496158361434937,-1.3808757066726685,0,0,
22270,8.083169937133789,-1.9582645893096924,63.6767578125,122.6953125,1.4496158361434937,-1.3808757066726685,0,0,
22280,8.023761749267578,-3.000131845474243,63.61083984375,121.92626953125,1.4496158361434937,-1.3808757066726685,0,0,
22290,7.957843780517578,-3.703256845474243,63.544921875,121.22314453125,1.4496158361434937,-1.3808757066726685,0,0,
22300,7.847980499267578,-4.516244888305664,63.43505859375,120.41015625,1.4496158361434937,-1.3808757066726685,0,0,
22310,7.760089874267578,-5.241342544555664,63.34716796875,119.68505859375,1.4496158361434937,-1.3808757066726685,0,0,
22320,7.650226593017578,-5.922494888305664,63.2373046875,119.00390625,1.4496158361434937,-1.3808757066726685,0,0,
22330,7.540080547332764,-6.867213249206543,63.1494140625,118.3447265625,1.4496158361434937,-1.3808757066726685,0,0,
22340,7.452189922332764,-7.438502311706543,63.0615234375,117.7734375,1.4496158361434937,-1.3808757066726685,0,0,
22350,7.342326641082764,-8.075709342956543,62.95166015625,117.13623046875,1.4496158361434937,-1.3808757066726685,0,0,
22360,7.254436016082764,-8.625025749206543,62.86376953125,116.5869140625,1.4496158361434937,-1.3808757066726685,0,0,
22370,7.210490703582764,-9.108424186706543,62.81982421875,116.103515625,1.4496158361434937,-1.3808757066726685,0,0,
22380,7.078444480895996,-9.83427619934082,62.77587890625,115.64208984375,1.4496158361434937,-1.3808757066726685,0,0,
22390,7.056471824645996,-10.25175666809082,62.75390625,115.224609375,1.4496158361434937,-1.3808757066726685,0,0,
22400,7.056471824645996,-10.64726448059082,62.75390625,114.8291015625,1.4496158361434937,-1.3808757066726685,0,0,
22410,7.056471824645996,-10.99882698059082,62.75390625,114.4775390625,1.4496158361434937,-1.3808757066726685,0,0,
22420,7.056471824645996,-11.30644416809082,62.75390625,114.169921875,1.4496158361434937,-1.3808757066726685,0,0,
22430,6.882443904876709,-11.850469589233398,62.77587890625,113.92822265625,1.4496158361434937,-1.3808757066726685,0,0,
22440,6.948361873626709,-12.026250839233398,62.841796875,113.75244140625,1.4496158361434937,-1.3808757066726685,0,0,
22450,7.014279842376709,-12.158086776733398,62.90771484375,113.62060546875,1.4496158361434937,-1.3808757066726685,0,0,
22460,7.102170467376709,-12.224004745483398,62.99560546875,113.5546875,1.4496158361434937,-1.3808757066726685,0,0,
22470,7.168088436126709,-12.224004745483398,63.0615234375,113.5546875,1.4496158361434937,-1.3808757066726685,0,0,
22480,6.9887590408325195,-12.50942325592041,63.12744140625,113.5546875,1.4496158361434937,-1.3808757066726685,0,0,
22490,7.0327043533325195,-12.44350528717041,63.17138671875,113.62060546875,1.4496158361434937,-1.3808757066726685,0,0,
22500,7.0546770095825195,-12.26772403717041,63.193359375,113.79638671875,1.4496158361434937,-1.3808757066726685,0,0,
22510,7.0766496658325195,-12.00405216217041,63.21533203125,114.06005859375,1.4496158361434937,-1.3808757066726685,0,0,
22520,7.0766496658325195,-11.67446231842041,63.21533203125,114.3896484375,1.4496158361434937,-1.3808757066726685,0,0,
22530,6.859288692474365,-11.506677627563477,63.193359375,114.78515625,1.4496158361434937,-1.3808757066726685,0,0,
22540,6.815343379974365,-11.067224502563477,63.1494140625,115.224609375,1.4496158361434937,-1.3808757066726685,0,0,
22550,6.727452754974365,-10.517908096313477,63.0615234375,115.77392578125,1.4496158361434937,-1.3808757066726685,0,0,
22560,6.595616817474365,-9.902673721313477,62.9296875,116.38916015625,1.4496158361434937,-1.3808757066726685,0,0,
22570,6.463780879974365,-9.221521377563477,62.7978515625,117.0703125,1.4496158361434937,-1.3808757066726685,0,0,
22580,6.172591686248779,-8.592820167541504,62.64404296875,117.8173828125,1.4496158361434937,-1.3808757066726685,0,0,
22590,5.996810436248779,-7.845750331878662,62.46826171875,118.564453125,1.4496158361434937,-1.3808757066726685,0,0,
22600,5.777083873748779,-6.900926113128662,62.24853515625,119.50927734375,1.4496158361434937,-1.3808757066726685,0,0,
22610,5.557357311248779,-5.956101894378662,62.02880859375,120.4541015625,1.4496158361434937,-1.3808757066726685,0,0,
22620,5.315658092498779,-4.945359706878662,61.787109375,121.46484375,1.4496158361434937,-1.3808757066726685,0,0,
22630,4.98169469833374,-3.917959451675415,61.5234375,122.49755859375,1.4496158361434937,-1.3808757066726685,0,0,
22640,4.76196813583374,-2.951162576675415,61.3037109375,123.46435546875,1.4496158361434937,-1.3808757066726685,0,0,
22650,4.49829626083374,-1.786611795425415,61.0400390625,124.62890625,1.4496158361434937,-1.3808757066726685,0,0,
22660,4.21265172958374,-0.709951639175415,60.75439453125,125.70556640625,1.4496158361434937,-1.3808757066726685,0,0,
22670,3.9709525108337402,0.3886811435222626,60.5126953125,126.80419921875,1.4496158361434937,-1.3808757066726685,0,0,
22680,3.6711552143096924,1.50730299949646,60.27099609375,127.90283203125,1.4496158361434937,-1.3808757066726685,0,0,
22690,3.4734013080596924,2.51804518699646,60.0732421875,128.91357421875,1.4496158361434937,-1.3808757066726685,0,0,
22700,3.2536747455596924,3.68259596824646,59.853515625,130.078125,1.4496158361434937,-1.3808757066726685,0,0,
22710,3.0339481830596924,4.737283229827881,59.6337890625,131.1328125,1.4496158361434937,-1.3808757066726685,0,0,
22720,2.8581669330596924,5.769998073577881,59.4580078125,132.16552734375,1.4496158361434937,-1.3808757066726685,0,0,
22730,2.5946037769317627,6.7328996658325195,59.2822265625,133.154296875,1.4496158361434937,-1.3808757066726685,0,0,
22740,2.4407951831817627,7.6337785720825195,59.12841796875,134.05517578125,1.4496158361434937,-1.3808757066726685,0,0,
22750,2.2650139331817627,8.60057544708252,58.95263671875,135.02197265625,1.4496158361434937,-1.3808757066726685,0,0,
22760,2.1331779956817627,9.54539966583252,58.82080078125,135.966796875,1.4496158361434937,-1.3808757066726685,0,0,
22770,1.9573967456817627,10.42430591583252,58.64501953125,136.845703125,1.4496158361434937,-1.3808757066726685,0,0,
22780,1.7397427558898926,11.199464797973633,58.4912109375,137.6806640625,1.4496158361434937,-1.3808757066726685,0,0,
22790,1.5639615058898926,11.924562454223633,58.3154296875,138.40576171875,1.4496158361434937,-1.3808757066726685,0,0,
22800,1.3881802558898926,12.759523391723633,58.1396484375,139.24072265625,1.4496158361434937,-1.3808757066726685,0,0,
22810,1.2123990058898926,13.440675735473633,57.9638671875,139.921875,1.4496158361434937,-1.3808757066726685,0,0,
22820,1.0146450996398926,14.077882766723633,57.76611328125,140.55908203125,1.4496158361434937,-1.3808757066726685,0,0,
22830,0.8063659071922302,14.620687484741211,57.568359375,141.17431640625,1.4496158361434937,-1.3808757066726685,0,0,
22840,0.6305846571922302,15.126058578491211,57.392578125,141.6796875,1.4496158361434937,-1.3808757066726685,0,0,
22850,0.4108580946922302,15.675374984741211,57.1728515625,142.22900390625,1.4496158361434937,-1.3808757066726685,0,0,
22860,0.19113151729106903,16.11482810974121,56.953125,142.66845703125,1.4496158361434937,-1.3808757066726685,0,0,
22870,-0.02859504520893097,16.55428123474121,56.7333984375,143.10791015625,1.4496158361434937,-1.3808757066726685,0,0,
22880,-0.17074324190616608,16.88249969482422,56.53564453125,143.45947265625,1.4496158361434937,-1.3808757066726685,0,0,
22890,-0.3465244770050049,17.19011688232422,56.35986328125,143.76708984375,1.4496158361434937,-1.3808757066726685,0,0,
22900,-0.5442783832550049,17.47576141357422,56.162109375,144.052734375,1.4496158361434937,-1.3808757066726685,0,0,
22910,-0.6541416645050049,17.69548797607422,56.05224609375,144.2724609375,1.4496158361434937,-1.3808757066726685,0,0,
22920,-0.6980869770050049,17.87126922607422,56.00830078125,144.4482421875,1.4496158361434937,-1.3808757066726685,0,0,
22930,-0.6386309862136841,18.078468322753906,56.00830078125,144.55810546875,1.4496158361434937,-1.3808757066726685,0,0,
22940,-0.6386309862136841,18.144386291503906,56.00830078125,144.6240234375,1.4496158361434937,-1.3808757066726685,0,0,
22950,-0.6606036424636841,18.144386291503906,55.986328125,144.6240234375,1.4496158361434937,-1.3808757066726685,0,0,
22960,-0.6606036424636841,18.144386291503906,55.986328125,144.6240234375,1.4496158361434937,-1.3808757066726685,0,0,
22970,-0.5727130174636841,17.968605041503906,56.07421875,144.4482421875,1.4496158361434937,-1.3808757066726685,0,0,
22980,-0.4397408664226532,17.85651397705078,56.25,144.20654296875,1.4496158361434937,-1.3808757066726685,0,0,
22990,-0.1980416476726532,17.52692413330078,56.49169921875,143.876953125,1.4496158361434937,-1.3808757066726685,0,0,
23000,0.1315481960773468,17.06549835205078,56.8212890625,143.41552734375,1.4496158361434937,-1.3808757066726685,0,0,
23010,0.4831106960773468,16.53815460205078,57.1728515625,142.88818359375,1.4496158361434937,-1.3808757066726685,0,0,
23020,0.8566458225250244,15.922919273376465,57.54638671875,142.27294921875,1.4496158361434937,-1.3808757066726685,0,0,
23030,1.1513898372650146,15.314154624938965,57.9638671875,141.6357421875,1.4496158361434937,-1.3808757066726685,0,0,
23040,1.6347882747650146,14.501166343688965,58.447265625,140.82275390625,1.4496158361434937,-1.3808757066726685,0,0,
23050,2.1621320247650146,13.644232749938965,58.974609375,139.9658203125,1.4496158361434937,-1.3808757066726685,0,0,
23060,2.6675031185150146,12.809271812438965,59.47998046875,139.130859375,1.4496158361434937,-1.3808757066726685,0,0,
23070,3.2607648372650146,11.776556968688965,60.0732421875,138.09814453125,1.4496158361434937,-1.3808757066726685,0,0,
23080,3.6049907207489014,10.825024604797363,60.6005859375,137.17529296875,1.4496158361434937,-1.3808757066726685,0,0,
23090,4.2421979904174805,9.726391792297363,61.23779296875,136.07666015625,1.4496158361434937,-1.3808757066726685,0,0,
23100,4.9013776779174805,8.583813667297363,61.89697265625,134.93408203125,1.4496158361434937,-1.3808757066726685,0,0,
23110,5.5166120529174805,7.529126167297363,62.51220703125,133.87939453125,1.4496158361434937,-1.3808757066726685,0,0,
23120,6.1538190841674805,6.320630073547363,63.1494140625,132.6708984375,1.4496158361434937,-1.3808757066726685,0,0,
23130,6.522624492645264,5.160833358764648,63.74267578125,131.572265625,1.4496158361434937,-1.3808757066726685,0,0,
23140,7.159831523895264,3.9083919525146484,64.3798828125,130.31982421875,1.4496158361434937,-1.3808757066726685,0,0,
23150,7.775065898895264,2.6120052337646484,64.9951171875,129.0234375,1.4496158361434937,-1.3808757066726685,0,0,
23160,8.324382781982422,1.3595638275146484,65.54443359375,127.77099609375,1.4496158361434937,-1.3808757066726685,0,0,
23170,8.873699188232422,0.08514973521232605,66.09375,126.49658203125,1.4496158361434937,-1.3808757066726685,0,0,
23180,9.18603229522705,-1.2956337928771973,66.5771484375,125.22216796875,1.4496158361434937,-1.3808757066726685,0,0,
23190,9.60351276397705,-2.5041298866271973,66.99462890625,124.013671875,1.4496158361434937,-1.3808757066726685,0,0,
23200,10.06493854522705,-3.8884072303771973,67.4560546875,122.62939453125,1.4496158361434937,-1.3808757066726685,0,0,
23210,10.43847370147705,-5.228739261627197,67.82958984375,121.2890625,1.4496158361434937,-1.3808757066726685,0,0,
23220,10.79003620147705,-6.525125980377197,68.18115234375,119.99267578125,1.4496158361434937,-1.3808757066726685,0,0,
23230,10.9840087890625,-7.998144626617432,68.466796875,118.67431640625,1.4496158361434937,-1.3808757066726685,0,0,
23240,11.2257080078125,-9.20664119720459,68.70849609375,117.4658203125,1.4496158361434937,-1.3808757066726685,0,0,
23250,11.4454345703125,-10.59091854095459,68.92822265625,116.08154296875,1.4496158361434937,-1.3808757066726685,0,0,
23260,11.5992431640625,-11.84335994720459,69.08203125,114.8291015625,1.4496158361434937,-1.3808757066726685,0,0,
23270,11.7310791015625,-13.11777400970459,69.2138671875,113.5546875,1.4496158361434937,-1.3808757066726685,0,0,
23280,11.778075218200684,-14.537720680236816,69.3017578125,112.34619140625,1.4496158361434937,-1.3808757066726685,0,0,
23290,11.822020530700684,-15.636353492736816,69.345703125,111.24755859375,1.4496158361434937,-1.3808757066726685,0,0,
23300,11.843993186950684,-16.8448486328125,69.36767578125,110.0390625,1.4496158361434937,-1.3808757066726685,0,0,
23310,11.843993186950684,-17.9215087890625,69.36767578125,108.96240234375,1.4496158361434937,-1.3808757066726685,0,0,
23320,11.800047874450684,-18.9761962890625,69.32373046875,107.90771484375,1.4496158361434937,-1.3808757066726685,0,0,
23330,11.66207218170166,-20.221132278442383,69.19189453125,106.9189453125,1.4496158361434937,-1.3808757066726685,0,0,
23340,11.53023624420166,-21.100038528442383,69.06005859375,106.0400390625,1.4496158361434937,-1.3808757066726685,0,0,
23350,11.33248233795166,-22.000917434692383,68.8623046875,105.13916015625,1.4496158361434937,-1.3808757066726685,0,0,
23360,11.11275577545166,-22.791933059692383,68.642578125,104.34814453125,1.4496158361434937,-1.3808757066726685,0,0,
23370,10.82711124420166,-23.517030715942383,68.35693359375,103.623046875,1.4496158361434937,-1.3808757066726685,0,0,
23380,10.526564598083496,-24.47722625732422,68.02734375,102.9638671875,1.4496158361434937,-1.3808757066726685,0,0,
23390,10.218947410583496,-25.00457000732422,67.7197265625,102.4365234375,1.4496158361434937,-1.3808757066726685,0,0,
23400,9.801466941833496,-25.53191375732422,67.30224609375,101.9091796875,1.4496158361434937,-1.3808757066726685,0,0,
23410,9.362013816833496,-25.92742156982422,66.86279296875,101.513671875,1.4496158361434937,-1.3808757066726685,0,0,
23420,8.900588035583496,-26.21306610107422,66.4013671875,101.22802734375,1.4496158361434937,-1.3808757066726685,0,0,
23430,8.4661283493042,-26.76238441467285,65.89599609375,101.00830078125,1.4496158361434937,-1.3808757066726685,0,0,
23440,8.0047025680542,-26.87224769592285,65.4345703125,100.8984375,1.4496158361434937,-1.3808757066726685,0,0,
23450,7.477358341217041,-26.91619300842285,64.9072265625,100.8544921875,1.4496158361434937,-1.3808757066726685,0,0,
23460,6.950014591217041,-26.87224769592285,64.3798828125,100.8984375,1.4496158361434937,-1.3808757066726685,0,0,
23470,6.466616153717041,-26.67449378967285,63.896484375,101.09619140625,1.4496158361434937,-1.3808757066726685,0,0,
23480,5.995621204376221,-26.700618743896484,63.369140625,101.3818359375,1.4496158361434937,-1.3808757066726685,0,0,
23490,5.556168079376221,-26.305110931396484,62.9296875,101.77734375,1.4496158361434937,-1.3808757066726685,0,0,
23500,5.050796985626221,-25.777767181396484,62.42431640625,102.3046875,1.4496158361434937,-1.3808757066726685,0,0,
23510,4.589371204376221,-25.184505462646484,61.962890625,102.89794921875,1.4496158361434937,-1.3808757066726685,0,0,
23520,4.149918079376221,-24.503353118896484,61.5234375,103.5791015625,1.4496158361434937,-1.3808757066726685,0,0,
23530,3.734252691268921,-24.0594425201416,61.10595703125,104.326171875,1.4496158361434937,-1.3808757066726685,0,0,
23540,3.360717535018921,-23.3123722076416,60.732421875,105.0732421875,1.4496158361434937,-1.3808757066726685,0,0,
23550,2.965209722518921,-22.3675479888916,60.3369140625,106.01806640625,1.4496158361434937,-1.3808757066726685,0,0,
23560,2.613647222518921,-21.4007511138916,59.9853515625,106.98486328125,1.4496158361434937,-1.3808757066726685,0,0,
23570,2.262084722518921,-20.3240909576416,59.6337890625,108.0615234375,1.4496158361434937,-1.3808757066726685,0,0,
23580,1.8350656032562256,-19.544288635253906,59.26025390625,109.18212890625,1.4496158361434937,-1.3808757066726685,0,0,
23590,1.5274484157562256,-18.401710510253906,58.95263671875,110.32470703125,1.4496158361434937,-1.3808757066726685,0,0,
23600,1.1758859157562256,-17.039405822753906,58.60107421875,111.68701171875,1.4496158361434937,-1.3808757066726685,0,0,
23610,0.8243234753608704,-15.699074745178223,58.24951171875,113.02734375,1.4496158361434937,-1.3808757066726685,0,0,
23620,0.49473363161087036,-14.248879432678223,57.919921875,114.4775390625,1.4496158361434937,-1.3808757066726685,0,0,
23630,0.11355084180831909,-13.000800132751465,57.568359375,115.94970703125,1.4496158361434937,-1.3808757066726685,0,0,
23640,-0.1501210331916809,-11.572577476501465,57.3046875,117.3779296875,1.4496158361434937,-1.3808757066726685,0,0,
23650,-0.5016835331916809,-9.902655601501465,56.953125,119.0478515625,1.4496158361434937,-1.3808757066726685,0,0,
23660,-0.7873280644416809,-8.276679039001465,56.66748046875,120.673828125,1.4496158361434937,-1.3808757066726685,0,0,
23670,-1.0290272235870361,-6.606757164001465,56.42578125,122.34375,1.4496158361434937,-1.3808757066726685,0,0,
23680,-1.2733054161071777,-5.06773567199707,56.2060546875,124.013671875,1.4496158361434937,-1.3808757066726685,0,0,
23690,-1.4271140098571777,-3.4857044219970703,56.05224609375,125.595703125,1.4496158361434937,-1.3808757066726685,0,0,
23700,-1.6028952598571777,-1.6619739532470703,55.87646484375,127.41943359375,1.4496158361434937,-1.3808757066726685,0,0,
23710,-1.7347311973571777,0.05189323425292969,55.74462890625,129.13330078125,1.4496158361434937,-1.3808757066726685,0,0,
23720,-1.8226218223571777,1.7877330780029297,55.65673828125,130.869140625,1.4496158361434937,-1.3808757066726685,0,0,
23730,-1.9040191173553467,3.439781665802002,55.61279296875,132.56103515625,1.4496158361434937,-1.3808757066726685,0,0,
23740,-1.9259917736053467,5.131676197052002,55.5908203125,134.2529296875,1.4496158361434937,-1.3808757066726685,0,0,
23750,-1.9479644298553467,6.757652759552002,55.56884765625,135.87890625,1.4496158361434937,-1.3808757066726685,0,0,
23760,-1.9699370861053467,8.405601501464844,55.546875,137.52685546875,1.4496158361434937,-1.3808757066726685,0,0,
23770,-1.9699370861053467,9.987632751464844,55.546875,139.10888671875,1.4496158361434937,-1.3808757066726685,0,0,
23780,-1.9664229154586792,11.4194974899292,55.5908203125,140.55908203125,1.4496158361434937,-1.3808757066726685,0,0,
23790,-1.8785322904586792,12.7598295211792,55.6787109375,141.8994140625,1.4496158361434937,-1.3808757066726685,0,0,
23800,-1.7686690092086792,14.2319974899292,55.78857421875,143.37158203125,1.4496158361434937,-1.3808757066726685,0,0,
23810,-1.6368330717086792,15.5503568649292,55.92041015625,144.68994140625,1.4496158361434937,-1.3808757066726685,0,0,
23820,-1.5049971342086792,16.780826568603516,56.05224609375,145.92041015625,1.4496158361434937,-1.3808757066726685,0,0,
23830,-1.4149333238601685,17.909923553466797,56.18408203125,147.10693359375,1.4496158361434937,-1.3808757066726685,0,0,
23840,-1.2830973863601685,18.942638397216797,56.31591796875,148.1396484375,1.4496158361434937,-1.3808757066726685,0,0,
23850,-1.1292887926101685,20.019298553466797,56.4697265625,149.21630859375,1.4496158361434937,-1.3808757066726685,0,0,
23860,-0.9315348863601685,21.008068084716797,56.66748046875,150.205078125,1.4496158361434937,-1.3808757066726685,0,0,
23870,-0.8436442613601685,21.886974334716797,56.75537109375,151.083984375,1.4496158361434937,-1.3808757066726685,0,0,
23880,-0.7351644039154053,22.692974090576172,56.865234375,151.9189453125,1.4496158361434937,-1.3808757066726685,0,0,
23890,-0.6253011226654053,23.374126434326172,56.97509765625,152.60009765625,1.4496158361434937,-1.3808757066726685,0,0,
23900,-0.5154378414154053,24.077251434326172,57.0849609375,153.30322265625,1.4496158361434937,-1.3808757066726685,0,0,
23910,-0.3836019039154053,24.648540496826172,57.216796875,153.87451171875,1.4496158361434937,-1.3808757066726685,0,0,
23920,-0.2737386226654053,25.109966278076172,57.32666015625,154.3359375,1.4496158361434937,-1.3808757066726685,0,0,
23930,-0.09744518995285034,25.512006759643555,57.45849609375,154.70947265625,1.4496158361434937,-1.3808757066726685,0,0,
23940,-0.009554564952850342,25.775678634643555,57.54638671875,154.97314453125,1.4496158361434937,-1.3808757066726685,0,0,
23950,0.14425402879714966,25.973432540893555,57.7001953125,155.1708984375,1.4496158361434937,-1.3808757066726685,0,0,
23960,0.25411731004714966,26.061323165893555,57.81005859375,155.2587890625,1.4496158361434937,-1.3808757066726685,0,0,
23970,0.38595324754714966,26.083295822143555,57.94189453125,155.28076171875,1.4496158361434937,-1.3808757066726685,0,0,
23980,0.5876497030258179,26.103450775146484,58.07373046875,155.21484375,1.4496158361434937,-1.3808757066726685,0,0,
23990,0.7194856405258179,25.883724212646484,58.20556640625,154.9951171875,1.4496158361434937,-1.3808757066726685,0,0,
24000,0.8732942342758179,25.532161712646484,58.359375,154.6435546875,2.6780571937561035,1.625452995300293,0,0,
24010,1.0051301717758179,25.114681243896484,58.4912109375,154.22607421875,2.6780571937561035,1.625452995300293,0,0,
24020,1.1589387655258179,24.587337493896484,58.64501953125,153.69873046875,2.6780571937561035,1.625452995300293,0,0,
24030,1.3975646495819092,24.152698516845703,58.798828125,153.12744140625,2.6780571937561035,1.625452995300293,0,0,
24040,1.5953185558319092,23.405628204345703,58.99658203125,152.38037109375,2.6780571937561035,1.625452995300293,0,0,
24050,1.8589904308319092,22.548694610595703,59.26025390625,151.5234375,2.6780571937561035,1.625452995300293,0,0,
24060,2.188580274581909,21.713733673095703,59.58984375,150.6884765625,2.6780571937561035,1.625452995300293,0,0,
24070,2.474224805831909,20.681018829345703,59.87548828125,149.65576171875,2.6780571937561035,1.625452995300293,0,0,
24080,2.785614013671875,19.80223274230957,60.18310546875,148.55712890625,2.6780571937561035,1.625452995300293,0,0,
24090,3.137176513671875,18.70359992980957,60.53466796875,147.45849609375,2.6780571937561035,1.625452995300293,0,0,
24100,3.554656982421875,17.38524055480957,60.9521484375,146.14013671875,2.6780571937561035,1.625452995300293,0,0,
24110,3.950164794921875,16.11082649230957,61.34765625,144.86572265625,2.6780571937561035,1.625452995300293,0,0,
24120,4.411590576171875,14.61668586730957,61.80908203125,143.37158203125,2.6780571937561035,1.625452995300293,0,0,
24130,4.8101396560668945,13.253759384155273,62.29248046875,141.83349609375,2.6780571937561035,1.625452995300293,0,0,
24140,5.2276201248168945,11.803564071655273,62.7099609375,140.38330078125,2.6780571937561035,1.625452995300293,0,0,
24150,5.7549638748168945,10.045751571655273,63.2373046875,138.62548828125,2.6780571937561035,1.625452995300293,0,0,
24160,6.2603349685668945,8.353857040405273,63.74267578125,136.93359375,2.6780571937561035,1.625452995300293,0,0,
24170,6.7217607498168945,6.596045017242432,64.2041015625,135.17578125,2.6780571937561035,1.625452995300293,0,0,
24180,7.086646556854248,4.955190181732178,64.70947265625,133.39599609375,2.6780571937561035,1.625452995300293,0,0,
24190,7.570044994354248,3.2632956504821777,65.19287109375,131.7041015625,2.6780571937561035,1.625452995300293,0,0,
24200,8.097389221191406,1.3077292442321777,65.72021484375,129.74853515625,2.6780571937561035,1.625452995300293,0,0,
24210,8.580787658691406,-0.5599465370178223,66.20361328125,127.880859375,2.6780571937561035,1.625452995300293,0,0,
24220,9.064186096191406,-2.4495949745178223,66.68701171875,125.9912109375,2.6780571937561035,1.625452995300293,0,0,
24230,9.401443481445312,-4.224509239196777,67.1923828125,124.12353515625,2.6780571937561035,1.625452995300293,0,0,
24240,9.884841918945312,-5.960349082946777,67.67578125,122.3876953125,2.6780571937561035,1.625452995300293,0,0,
24250,10.368240356445312,-7.959860801696777,68.1591796875,120.38818359375,2.6780571937561035,1.625452995300293,0,0,
24260,10.851638793945312,-9.783591270446777,68.642578125,118.564453125,2.6780571937561035,1.625452995300293,0,0,
24270,11.269119262695312,-11.607321739196777,69.06005859375,116.74072265625,2.6780571937561035,1.625452995300293,0,0,
24280,11.522056579589844,-13.2951021194458,69.49951171875,114.98291015625,2.6780571937561035,1.625452995300293,0,0,
24290,11.917564392089844,-14.9430513381958,69.89501953125,113.3349609375,2.6780571937561035,1.625452995300293,0,0,
24300,12.335044860839844,-16.744808197021484,70.3125,111.533203125,2.6780571937561035,1.625452995300293,0,0,
24310,12.686607360839844,-18.414730072021484,70.6640625,109.86328125,2.6780571937561035,1.625452995300293,0,0,
24320,12.994224548339844,-20.018733978271484,70.9716796875,108.25927734375,2.6780571937561035,1.625452995300293,0,0,
24330,13.1423921585083,-21.587127685546875,71.279296875,106.6552734375,2.6780571937561035,1.625452995300293,0,0,
24340,13.4060640335083,-22.993377685546875,71.54296875,105.2490234375,2.6780571937561035,1.625452995300293,0,0,
24350,13.6697359085083,-24.531463623046875,71.806640625,103.7109375,2.6780571937561035,1.625452995300293,0,0,
24360,13.8674898147583,-25.937713623046875,72.00439453125,102.3046875,2.6780571937561035,1.625452995300293,0,0,
24370,14.0432710647583,-27.256072998046875,72.18017578125,100.986328125,2.6780571937561035,1.625452995300293,0,0,
24380,14.035123825073242,-28.553442001342773,72.31201171875,99.7119140625,2.6780571937561035,1.625452995300293,0,0,
24390,14.101041793823242,-29.652074813842773,72.3779296875,98.61328125,2.6780571937561035,1.625452995300293,0,0,
24400,14.144987106323242,-30.794652938842773,72.421875,97.470703125,2.6780571937561035,1.625452995300293,0,0,
24410,14.144987106323242,-31.783422470092773,72.421875,96.48193359375,2.6780571937561035,1.625452995300293,0,0,
24420,14.123014450073242,-32.662330627441406,72.39990234375,95.60302734375,2.6780571937561035,1.625452995300293,0,0,
24430,13.89422607421875,-33.55459976196289,72.26806640625,94.7900390625,2.6780571937561035,1.625452995300293,0,0,
24440,13.71844482421875,-34.19180679321289,72.09228515625,94.15283203125,2.6780571937561035,1.625452995300293,0,0,
24450,13.45477294921875,-34.78506851196289,71.82861328125,93.5595703125,2.6780571937561035,1.625452995300293,0,0,
24460,13.16912841796875,-35.26846694946289,71.54296875,93.076171875,2.6780571937561035,1.625452995300293,0,0,
24470,12.79559326171875,-35.62002944946289,71.16943359375,92.724609375,2.6780571937561035,1.625452995300293,0,0,
24480,12.30688190460205,-35.965232849121094,70.72998046875,92.5048828125,2.6780571937561035,1.625452995300293,0,0,
24490,11.84545612335205,-36.075096130371094,70.2685546875,92.39501953125,2.6780571937561035,1.625452995300293,0,0,
24500,11.27416706085205,-36.075096130371094,69.697265625,92.39501953125,2.6780571937561035,1.625452995300293,0,0,
24510,10.63696002960205,-36.009178161621094,69.06005859375,92.4609375,2.6780571937561035,1.625452995300293,0,0,
24520,9.99975299835205,-35.745506286621094,68.4228515625,92.724609375,2.6780571937561035,1.625452995300293,0,0,
24530,9.296682357788086,-35.51956558227539,67.7197265625,93.1201171875,2.6780571937561035,1.625452995300293,0,0,
24540,8.637502670288086,-35.03616714477539,67.060546875,93.603515625,2.6780571937561035,1.625452995300293,0,0,
24550,7.824514389038086,-34.35501480102539,66.24755859375,94.28466796875,2.6780571937561035,1.625452995300293,0,0,
24560,7.033498764038086,-33.60794448852539,65.45654296875,95.03173828125,2.6780571937561035,1.625452995300293,0,0,
24570,6.286428451538086,-32.72903823852539,64.70947265625,95.91064453125,2.6780571937561035,1.625452995300293,0,0,
24580,5.5754289627075195,-31.880027770996094,63.984375,96.92138671875,2.6780571937561035,1.625452995300293,0,0,
24720,-0.5243556499481201,-9.129735946655273,58.02978515625,120.03662109375,2.6780571937561035,1.625452995300293,0,0,
24730,-0.80507493019104,-7.183502674102783,57.83203125,122.1240234375,2.6780571937561035,1.625452995300293,0,0,
24740,-0.95888352394104,-5.249908924102783,57.67822265625,124.0576171875,2.6780571937561035,1.625452995300293,0,0,
24750,-1.11269211769104,-3.008697986602783,57.5244140625,126.298828125,2.6780571937561035,1.625452995300293,0,0,
24760,-1.24452805519104,-0.8773503303527832,57.392578125,128.43017578125,2.6780571937561035,1.625452995300293,0,0,
24770,-1.31044602394104,1.2759699821472168,57.32666015625,130.58349609375,2.6780571937561035,1.625452995300293,0,0,
24780,-1.4451839923858643,3.3418915271759033,57.23876953125,132.69287109375,2.6780571937561035,1.625452995300293,0,0,
24790,-1.4891293048858643,5.319430351257324,57.19482421875,134.67041015625,2.6780571937561035,1.625452995300293,0,0,
24800,-1.5330746173858643,7.582613945007324,57.15087890625,136.93359375,2.6780571937561035,1.625452995300293,0,0,
24810,-1.5330746173858643,9.713961601257324,57.15087890625,139.06494140625,2.6780571937561035,1.625452995300293,0,0,
24820,-1.5550472736358643,11.779391288757324,57.12890625,141.13037109375,2.6780571937561035,1.625452995300293,0,0,
24830,-1.5838046073913574,13.855413436889648,57.12890625,143.15185546875,2.6780571937561035,1.625452995300293,0,0,
24840,-1.5838046073913574,15.723089218139648,57.12890625,145.01953125,2.6780571937561035,1.625452995300293,0,0,
24850,-1.5838046073913574,17.78851890563965,57.12890625,147.0849609375,2.6780571937561035,1.625452995300293,0,0,
24860,-1.5838046073913574,19.65619468688965,57.12890625,148.95263671875,2.6780571937561035,1.625452995300293,0,0,
24870,-1.5178866386413574,21.47992515563965,57.19482421875,150.7763671875,2.6780571937561035,1.625452995300293,0,0,
24880,-1.5161807537078857,23.321805953979492,57.1728515625,152.51220703125,2.6780571937561035,1.625452995300293,0,0,
24890,-1.5161807537078857,24.859891891479492,57.1728515625,154.05029296875,2.6780571937561035,1.625452995300293,0,0,
24900,-1.5161807537078857,26.529813766479492,57.1728515625,155.72021484375,2.6780571937561035,1.625452995300293,0,0,
24910,-1.5161807537078857,28.023954391479492,57.1728515625,157.21435546875,2.6780571937561035,1.625452995300293,0,0,
24920,-1.5381534099578857,29.430204391479492,57.15087890625,158.62060546875,2.6780571937561035,1.625452995300293,0,0,
24930,-1.4602396488189697,30.842578887939453,57.15087890625,159.9169921875,2.6780571937561035,1.625452995300293,0,0,
24940,-1.4822123050689697,31.963184356689453,57.12890625,161.03759765625,2.6780571937561035,1.625452995300293,0,0,
24950,-1.5041849613189697,33.14970779418945,57.10693359375,162.22412109375,2.6780571937561035,1.625452995300293,0,0,
24960,-1.5261576175689697,34.16044998168945,57.0849609375,163.23486328125,2.6780571937561035,1.625452995300293,0,0,
24970,-1.5481302738189697,35.06132888793945,57.06298828125,164.1357421875,2.6780571937561035,1.625452995300293,0,0,
24980,-1.4593751430511475,35.97932052612305,57.041015625,164.9267578125,2.6780571937561035,1.625452995300293,0,0,
24990,-1.4813477993011475,36.68244552612305,57.01904296875,165.6298828125,2.6780571937561035,1.625452995300293,0,0,
25000,-1.4813477993011475,37.23176193237305,57.01904296875,166.17919921875,2.6780571937561035,1.625452995300293,0,0,
25010,-1.5033204555511475,37.67121505737305,56.9970703125,166.61865234375,2.6780571937561035,1.625452995300293,0,0,
25020,-1.5033204555511475,38.00080490112305,56.9970703125,166.9482421875,2.6780571937561035,1.625452995300293,0,0,
25030,-1.366572618484497,38.34966278076172,56.9970703125,167.14599609375,2.6780571937561035,1.625452995300293,0,0,
25040,-1.366572618484497,38.39360809326172,56.9970703125,167.18994140625,2.6780571937561035,1.625452995300293,0,0,
25050,-1.300654649734497,38.39360809326172,57.06298828125,167.18994140625,2.6780571937561035,1.625452995300293,0,0,
25060,-1.190791368484497,38.21782684326172,57.1728515625,167.01416015625,2.6780571937561035,1.625452995300293,0,0,
25070,-1.080928087234497,37.86626434326172,57.28271484375,166.66259765625,2.6780571937561035,1.625452995300293,0,0,
25080,-0.7976289987564087,37.52524948120117,57.4365234375,166.1572265625,2.6780571937561035,1.625452995300293,0,0,
25090,-0.6438204050064087,36.95396041870117,57.59033203125,165.5859375,2.6780571937561035,1.625452995300293,0,0,
25100,-0.4240938425064087,36.16294479370117,57.81005859375,164.794921875,2.6780571937561035,1.625452995300293,0,0,
25110,-0.1823946237564087,35.32798385620117,58.0517578125,163.9599609375,2.6780571937561035,1.625452995300293,0,0,
25120,0.1252225637435913,34.25132369995117,58.359375,162.88330078125,2.6780571937561035,1.625452995300293,0,0,
25130,0.5494599342346191,33.32976150512695,58.68896484375,161.71875,2.6780571937561035,1.625452995300293,0,0,
25140,0.8790497779846191,32.18718338012695,59.0185546875,160.576171875,2.6780571937561035,1.625452995300293,0,0,
25150,1.3404755592346191,30.736988067626953,59.47998046875,159.1259765625,2.6780571937561035,1.625452995300293,0,0,
25160,1.7799286842346191,29.264820098876953,59.91943359375,157.65380859375,2.6780571937561035,1.625452995300293,0,0,
25170,2.263327121734619,27.682788848876953,60.40283203125,156.07177734375,2.6780571937561035,1.625452995300293,0,0,
25180,2.7638471126556396,26.308948516845703,60.908203125,154.3798828125,2.6780571937561035,1.625452995300293,0,0,
25190,3.2692182064056396,24.660999298095703,61.41357421875,152.73193359375,2.6780571937561035,1.625452995300293,0,0,
25200,3.9503705501556396,22.639514923095703,62.0947265625,150.71044921875,2.6780571937561035,1.625452995300293,0,0,
25210,4.455741882324219,20.683948516845703,62.60009765625,148.7548828125,2.6780571937561035,1.625452995300293,0,0,
25220,5.070976257324219,18.640491485595703,63.21533203125,146.71142578125,2.6780571937561035,1.625452995300293,0,0,
25230,5.620781421661377,16.829692840576172,63.8525390625,144.6240234375,2.6780571937561035,1.625452995300293,0,0,
25240,6.236015796661377,14.808208465576172,64.4677734375,142.6025390625,2.6780571937561035,1.625452995300293,0,0,
25250,6.961113452911377,12.479106903076172,65.19287109375,140.2734375,2.6780571937561035,1.625452995300293,0,0,
25260,7.620293140411377,10.237895965576172,65.85205078125,138.0322265625,2.6780571937561035,1.625452995300293,0,0,
25270,8.345390319824219,7.996685028076172,66.5771484375,135.791015625,2.6780571937561035,1.625452995300293,0,0,
25280,8.890026092529297,6.021376609802246,67.2802734375,133.5498046875,2.6780571937561035,1.625452995300293,0,0,
25290,9.549205780029297,3.912001371383667,67.939453125,131.4404296875,2.6780571937561035,1.625452995300293,0,0,
25300,10.362194061279297,1.495009183883667,68.75244140625,129.0234375,2.6780571937561035,1.625452995300293,0,0,
25310,11.109264373779297,-0.724229097366333,69.49951171875,126.80419921875,2.6780571937561035,1.625452995300293,0,0,
25320,11.834362030029297,-2.965440034866333,70.224609375,124.56298828125,2.6780571937561035,1.625452995300293,0,0,
25330,12.386914253234863,-4.909561634063721,70.9716796875,122.36572265625,2.6780571937561035,1.625452995300293,0,0,
25340,13.090039253234863,-6.974991321563721,71.6748046875,120.30029296875,2.6780571937561035,1.625452995300293,0,0,
25350,13.881054878234863,-9.260147094726562,72.4658203125,118.01513671875,2.6780571937561035,1.625452995300293,0,0,
25360,14.562207221984863,-11.347549438476562,73.14697265625,115.927734375,2.6780571937561035,1.625452995300293,0,0,
25370,15.265332221984863,-13.369033813476562,73.85009765625,113.90625,2.6780571937561035,1.625452995300293,0,0,
25380,15.79678726196289,-15.079615592956543,74.5751953125,111.9287109375,2.6780571937561035,1.625452995300293,0,0,
25390,16.36807632446289,-16.859399795532227,75.146484375,110.14892578125,2.6780571937561035,1.625452995300293,0,0,
25400,17.07120132446289,-18.814966201782227,75.849609375,108.193359375,2.6780571937561035,1.625452995300293,0,0,
25410,17.68643569946289,-20.572778701782227,76.46484375,106.435546875,2.6780571937561035,1.625452995300293,0,0,
25420,18.25772476196289,-22.220727920532227,77.0361328125,104.78759765625,2.6780571937561035,1.625452995300293,0,0,
25430,18.606403350830078,-23.52704429626465,77.5634765625,103.2275390625,2.6780571937561035,1.625452995300293,0,0,
25440,19.089801788330078,-24.88934898376465,78.046875,101.865234375,2.6780571937561035,1.625452995300293,0,0,
25450,19.573200225830078,-26.36151695251465,78.5302734375,100.39306640625,2.6780571937561035,1.625452995300293,0,0,
25460,19.968708038330078,-27.63593101501465,78.92578125,99.11865234375,2.6780571937561035,1.625452995300293,0,0,
25470,20.342243194580078,-28.80048179626465,79.29931640625,97.9541015625,2.6780571937561035,1.625452995300293,0,0,
25480,20.453384399414062,-29.636594772338867,79.56298828125,96.8994140625,2.6780571937561035,1.625452995300293,0,0,
25490,20.673110961914062,-30.515501022338867,79.78271484375,96.0205078125,2.6780571937561035,1.625452995300293,0,0,
25500,20.892837524414062,-31.394407272338867,80.00244140625,95.1416015625,2.6780571937561035,1.625452995300293,0,0,
25510,21.024673461914062,-32.1195068359375,80.13427734375,94.41650390625,2.6780571937561035,1.625452995300293,0,0,
25520,21.068618774414062,-32.6907958984375,80.17822265625,93.84521484375,2.6780571937561035,1.625452995300293,0,0,
25530,20.9271183013916,-33.03316879272461,80.17822265625,93.33984375,2.6780571937561035,1.625452995300293,0,0,
25540,20.9051456451416,-33.36275863647461,80.15625,93.01025390625,2.6780571937561035,1.625452995300293,0,0,
25550,20.7513370513916,-33.62643051147461,80.00244140625,92.74658203125,2.6780571937561035,1.625452995300293,0,0,
25560,20.5096378326416,-33.71432113647461,79.7607421875,92.65869140625,2.6780571937561035,1.625452995300293,0,0,
25570,20.2459659576416,-33.73629379272461,79.4970703125,92.63671875,2.6780571937561035,1.625452995300293,0,0,
25580,19.712963104248047,-33.55207443237305,79.1015625,92.724609375,2.6780571937561035,1.625452995300293,0,0,
25590,19.295482635498047,-33.31037521362305,78.68408203125,92.96630859375,2.6780571937561035,1.625452995300293,0,0,
25600,18.746166229248047,-32.98078536987305,78.134765625,93.2958984375,2.6780571937561035,1.625452995300293,0,0,
25610,18.108959197998047,-32.36555099487305,77.49755859375,93.9111328125,2.6780571937561035,1.625452995300293,0,0,
25620,17.098217010498047,-31.860177993774414,76.48681640625,94.41650390625,2.6780571937561035,1.625452995300293,0,0,
25630,16.30361557006836,-31.163692474365234,75.849609375,95.0537109375,2.6780571937561035,1.625452995300293,0,0,
25640,15.512600898742676,-30.021114349365234,75.05859375,96.1962890625,2.6780571937561035,1.625452995300293,0,0,
25650,15.007229804992676,-29.142208099365234,74.55322265625,97.0751953125,2.6780571937561035,1.625452995300293,0,0,
25660,13.996487617492676,-28.219356536865234,73.54248046875,97.998046875,2.6780571937561035,1.625452995300293,0,0,
25670,12.787991523742676,-26.659297943115234,72.333984375,99.55810546875,2.6780571937561035,1.625452995300293,0,0,
25680,11.55216121673584,-25.099607467651367,71.4111328125,101.0302734375,2.6780571937561035,1.625452995300293,0,0,
25690,10.51944637298584,-24.176755905151367,70.37841796875,101.953125,2.6780571937561035,1.625452995300293,0,0,
25700,9.97012996673584,-22.221189498901367,69.8291015625,103.90869140625,2.6780571937561035,1.625452995300293,0,0,
25710,8.71768856048584,-20.551267623901367,68.57666015625,105.57861328125,2.6780571937561035,1.625452995300293,0,0,
25720,7.46524715423584,-18.969236373901367,67.32421875,107.16064453125,2.6780571937561035,1.625452995300293,0,0,
25730,6.258604049682617,-16.83616065979004,66.4892578125,109.2919921875,2.6780571937561035,1.625452995300293,0,0,
25740,5.401670455932617,-15.122294425964355,65.63232421875,111.005859375,2.6780571937561035,1.625452995300293,0,0,
25750,4.478818893432617,-13.012919425964355,64.70947265625,113.115234375,2.6780571937561035,1.625452995300293,0,0,
25760,3.490049362182617,-10.859599113464355,63.720703125,115.2685546875,2.6780571937561035,1.625452995300293,0,0,
25770,2.523252487182617,-8.750224113464355,62.75390625,117.3779296875,2.6780571937561035,1.625452995300293,0,0,
25780,1.412510871887207,-6.557372093200684,61.98486328125,119.53125,2.6780571937561035,1.625452995300293,0,0,
25790,0.643467903137207,-4.491942405700684,61.2158203125,121.5966796875,2.6780571937561035,1.625452995300293,0,0,
25800,-0.21346569061279297,-2.0969228744506836,60.35888671875,123.99169921875,2.6780571937561035,1.625452995300293,0,0,
25810,-1.092371940612793,0.18823345005512238,59.47998046875,126.27685546875,2.6780571937561035,1.625452995300293,0,0,
25820,-1.905360221862793,2.4733896255493164,58.6669921875,128.56201171875,2.6780571937561035,1.625452995300293,0,0,
25830,-2.948545455932617,4.736142158508301,58.0078125,130.78125,2.6780571937561035,1.625452995300293,0,0,
25840,-3.541807174682617,6.779599189758301,57.41455078125,132.82470703125,2.6780571937561035,1.625452995300293,0,0,
25850,-4.486631393432617,9.1746187210083,56.4697265625,135.2197265625,2.6780571937561035,1.625452995300293,0,0,
25860,-5.123838424682617,11.3499116897583,55.83251953125,137.39501953125,2.6780571937561035,1.625452995300293,0,0,
25870,-5.848936080932617,13.5252046585083,55.107421875,139.5703125,2.6780571937561035,1.625452995300293,0,0,
25880,-6.7261738777160645,15.624638557434082,54.6240234375,141.6357421875,2.6780571937561035,1.625452995300293,0,0,
25890,-6.8799824714660645,17.558231353759766,54.47021484375,143.5693359375,2.6780571937561035,1.625452995300293,0,0,
25900,-7.6490254402160645,19.755496978759766,53.701171875,145.7666015625,2.6780571937561035,1.625452995300293,0,0,
25910,-8.593849182128906,21.711063385009766,52.75634765625,147.72216796875,2.6780571937561035,1.625452995300293,0,0,
25920,-9.253028869628906,23.600711822509766,52.09716796875,149.61181640625,2.6780571937561035,1.625452995300293,0,0,
25930,-9.675216674804688,25.50883674621582,51.9873046875,151.45751953125,2.6780571937561035,1.625452995300293,0,0,
25940,-10.356369018554688,27.20073127746582,51.30615234375,153.1494140625,2.6780571937561035,1.625452995300293,0,0,
25950,-11.015548706054688,29.02446174621582,50.64697265625,154.97314453125,2.6780571937561035,1.625452995300293,0,0,
25960,-11.608810424804688,30.60649299621582,50.0537109375,156.55517578125,2.6780571937561035,1.625452995300293,0,0,
25970,-12.224044799804688,32.14458084106445,49.4384765625,158.09326171875,2.6780571937561035,1.625452995300293,0,0,
25980,-13.025690078735352,33.63770294189453,48.8232421875,159.49951171875,2.6780571937561035,1.625452995300293,0,0,
25990,-13.575006484985352,34.91211700439453,48.27392578125,160.77392578125,2.6780571937561035,1.625452995300293,0,0,
26000,-14.190240859985352,36.20850372314453,47.65869140625,162.0703125,2.6780571937561035,1.625452995300293,0,0,
26010,-14.695611953735352,37.32910919189453,47.1533203125,163.19091796875,2.6780571937561035,1.625452995300293,0,0,
26020,-15.200983047485352,38.31787872314453,46.64794921875,164.1796875,2.6780571937561035,1.625452995300293,0,0,
26030,-15.771859169006348,39.35598373413086,46.12060546875,165.146484375,2.6780571937561035,1.625452995300293,0,0,
26040,-16.16736602783203,40.08108139038086,45.72509765625,165.87158203125,2.6780571937561035,1.625452995300293,0,0,
26050,-16.60681915283203,40.82815170288086,45.28564453125,166.61865234375,2.6780571937561035,1.625452995300293,0,0,
26060,-16.91443634033203,41.33352279663086,44.97802734375,167.1240234375,2.6780571937561035,1.625452995300293,0,0,
26070,-17.24402618408203,41.81692123413086,44.6484375,167.607421875,2.6780571937561035,1.625452995300293,0,0,
26080,-17.437381744384766,42.1988525390625,44.384765625,167.93701171875,2.6780571937561035,1.625452995300293,0,0,
26090,-17.613162994384766,42.3966064453125,44.208984375,168.134765625,2.6780571937561035,1.625452995300293,0,0,
26100,-17.744998931884766,42.4844970703125,44.0771484375,168.22265625,2.6780571937561035,1.625452995300293,0,0,
26110,-17.810916900634766,42.4844970703125,44.01123046875,168.22265625,2.6780571937561035,1.625452995300293,0,0,
26120,-17.832889556884766,42.3746337890625,43.9892578125,168.11279296875,2.6780571937561035,1.625452995300293,0,0,
26130,-17.665233612060547,42.15073013305664,43.9892578125,167.8271484375,2.6780571937561035,1.625452995300293,0,0,
26140,-17.533397674560547,41.73324966430664,44.12109375,167.40966796875,2.6780571937561035,1.625452995300293,0,0,
26150,-17.313671112060547,41.16196060180664,44.3408203125,166.83837890625,2.6780571937561035,1.625452995300293,0,0,
26160,-17.049999237060547,40.48080825805664,44.6044921875,166.1572265625,2.6780571937561035,1.625452995300293,0,0,
26170,-16.654491424560547,39.66781997680664,45.0,165.34423828125,2.6780571937561035,1.625452995300293,0,0,
26180,-15.980657577514648,38.83250427246094,45.46142578125,164.3994140625,2.6780571937561035,1.625452995300293,0,0,
26190,-15.519231796264648,37.82176208496094,45.9228515625,163.388671875,2.6780571937561035,1.625452995300293,0,0,
26200,-15.013860702514648,36.59129333496094,46.42822265625,162.158203125,2.6780571937561035,1.625452995300293,0,0,
26210,-14.772161483764648,35.27293395996094,46.669921875,160.83984375,2.6780571937561035,1.625452995300293,0,0,
26220,-14.200872421264648,33.84471130371094,47.2412109375,159.41162109375,2.6780571937561035,1.625452995300293,0,0,
26230,-13.373990058898926,32.398780822753906,47.8564453125,157.82958984375,2.6780571937561035,1.625452995300293,0,0,
26240,-12.561001777648926,30.72886085510254,48.66943359375,156.15966796875,2.6780571937561035,1.625452995300293,0,0,
26250,-11.704068183898926,28.99302101135254,49.5263671875,154.423828125,2.6780571937561035,1.625452995300293,0,0,
26260,-10.803189277648926,27.05942726135254,50.42724609375,152.490234375,2.6780571937561035,1.625452995300293,0,0,
26270,-9.770474433898926,25.05991554260254,51.4599609375,150.49072265625,2.6780571937561035,1.625452995300293,0,0,
26280,-8.769999504089355,23.10729217529297,52.27294921875,148.447265625,2.6780571937561035,1.625452995300293,0,0,
26290,-7.9130659103393555,21.08580780029297,53.1298828125,146.42578125,2.6780571937561035,1.625452995300293,0,0,
26300,-6.9023237228393555,18.69078826904297,54.140625,144.03076171875,2.6780571937561035,1.625452995300293,0,0,
26310,-5.9135541915893555,16.38365936279297,55.12939453125,141.7236328125,2.6780571937561035,1.625452995300293,0,0,
26320,-4.9028120040893555,13.988638877868652,56.14013671875,139.32861328125,2.6780571937561035,1.625452995300293,0,0,
26330,-3.6957035064697266,11.572362899780273,57.19482421875,136.86767578125,2.6780571937561035,1.625452995300293,0,0,
26340,-2.7508792877197266,9.265233993530273,58.1396484375,134.560546875,2.6780571937561035,1.625452995300293,0,0,
26350,-1.5863285064697266,6.584569931030273,59.30419921875,131.8798828125,2.6780571937561035,1.625452995300293,0,0,
26360,-0.48769569396972656,4.057714462280273,60.40283203125,129.35302734375,2.6780571937561035,1.625452995300293,0,0,
26370,0.6548824310302734,1.5308587551116943,61.54541015625,126.826171875,2.6780571937561035,1.625452995300293,0,0,
26380,1.878415584564209,-1.018472671508789,62.73193359375,124.27734375,2.6780571937561035,1.625452995300293,0,0,
26390,3.042966365814209,-3.347574234008789,63.896484375,121.9482421875,2.6780571937561035,1.625452995300293,0,0,
26400,4.361325740814209,-6.072183609008789,65.21484375,119.2236328125,2.6780571937561035,1.625452995300293,0,0,
26410,5.635739803314209,-8.533121109008789,66.4892578125,116.7626953125,2.6780571937561035,1.625452995300293,0,0,
26420,6.954099178314209,-10.994058609008789,67.8076171875,114.3017578125,2.6780571937561035,1.625452995300293,0,0,
26430,8.240129470825195,-13.448090553283691,69.14794921875,111.86279296875,2.6780571937561035,1.625452995300293,0,0,
26440,9.470598220825195,-15.689301490783691,70.37841796875,109.62158203125,2.6780571937561035,1.625452995300293,0,0,
26450,10.898820877075195,-18.216156005859375,71.806640625,107.0947265625,2.6780571937561035,1.625452995300293,0,0,
26460,12.239152908325195,-20.523284912109375,73.14697265625,104.78759765625,2.6780571937561035,1.625452995300293,0,0,
26470,13.601457595825195,-22.786468505859375,74.50927734375,102.5244140625,2.6780571937561035,1.625452995300293,0,0,
26480,14.870794296264648,-25.0291748046875,75.82763671875,100.3271484375,2.6780571937561035,1.625452995300293,0,0,
26490,16.07929039001465,-27.0286865234375,77.0361328125,98.32763671875,2.6780571937561035,1.625452995300293,0,0,
26500,17.39764976501465,-29.2039794921875,78.3544921875,96.15234375,2.6780571937561035,1.625452995300293,0,0,
26510,18.62811851501465,-31.1595458984375,79.5849609375,94.19677734375,2.6780571937561035,1.625452995300293,0,0,
26520,19.79266929626465,-33.0931396484375,80.74951171875,92.26318359375,2.6780571937561035,1.625452995300293,0,0,
26530,20.94765853881836,-34.97650146484375,81.89208984375,90.46142578125,2.6780571937561035,1.625452995300293,0,0,
26540,21.95840072631836,-36.55853271484375,82.90283203125,88.87939453125,2.6780571937561035,1.625452995300293,0,0,
26550,23.01308822631836,-38.25042724609375,83.95751953125,87.1875,2.6780571937561035,1.625452995300293,0,0,
26560,23.95791244506836,-39.74456787109375,84.90234375,85.693359375,2.6780571937561035,1.625452995300293,0,0,
26570,24.81484603881836,-41.08489990234375,85.75927734375,84.35302734375,2.6780571937561035,1.625452995300293,0,0,
26580,25.611480712890625,-42.45565414428711,86.484375,83.12255859375,2.6780571937561035,1.625452995300293,0,0,
26590,26.226715087890625,-43.48836898803711,87.099609375,82.08984375,2.6780571937561035,1.625452995300293,0,0,
26600,26.776031494140625,-44.52108383178711,87.64892578125,81.05712890625,2.6780571937561035,1.625452995300293,0,0,
26610,27.193511962890625,-45.33407211303711,88.06640625,80.244140625,2.6780571937561035,1.625452995300293,0,0,
26620,27.501129150390625,-46.03719711303711,88.3740234375,79.541015625,2.6780571937561035,1.625452995300293,0,0,
26630,27.737205505371094,-46.79121017456055,88.505859375,79.013671875,2.6780571937561035,1.625452995300293,0,0,
26640,27.781150817871094,-47.14277267456055,88.5498046875,78.662109375,2.6780571937561035,1.625452995300293,0,0,
26650,27.693260192871094,-47.38447189331055,88.4619140625,78.42041015625,2.6780571937561035,1.625452995300293,0,0,
26660,27.407615661621094,-47.42841720581055,88.17626953125,78.37646484375,2.6780571937561035,1.625452995300293,0,0,
26670,26.946189880371094,-47.40644454956055,87.71484375,78.3984375,2.6780571937561035,1.625452995300293,0,0,
26680,26.44830322265625,-47.41843795776367,87.07763671875,78.68408203125,2.6780571937561035,1.625452995300293,0,0,
26690,25.74517822265625,-47.00095748901367,86.37451171875,79.1015625,2.6780571937561035,1.625452995300293,0,0,
26700,24.75640869140625,-46.36375045776367,85.3857421875,79.73876953125,2.6780571937561035,1.625452995300293,0,0,
26710,23.65777587890625,-45.59470748901367,84.287109375,80.5078125,2.6780571937561035,1.625452995300293,0,0,
26720,22.38336181640625,-44.67185592651367,83.0126953125,81.4306640625,2.6780571937561035,1.625452995300293,0,0,
26730,21.16077423095703,-43.9298210144043,81.58447265625,82.529296875,2.6780571937561035,1.625452995300293,0,0,
26740,19.79846954345703,-42.7872428894043,80.22216796875,83.671875,2.6780571937561035,1.625452995300293,0,0,
26750,18.06262969970703,-41.3370475769043,78.486328125,85.1220703125,2.6780571937561035,1.625452995300293,0,0,
26760,16.41468048095703,-39.8209342956543,76.83837890625,86.63818359375,2.6780571937561035,1.625452995300293,0,0,
26770,14.678840637207031,-38.1290397644043,75.1025390625,88.330078125,2.6780571937561035,1.625452995300293,0,0,
26780,13.23292350769043,-36.817535400390625,73.388671875,90.0,2.6780571937561035,1.625452995300293,0,0,
26790,11.56300163269043,-34.949859619140625,71.71875,91.86767578125,2.6780571937561035,1.625452995300293,0,0,
26800,9.76124382019043,-32.774566650390625,69.9169921875,94.04296875,2.6780571937561035,1.625452995300293,0,0,
26810,8.00343132019043,-30.665189743041992,68.1591796875,96.15234375,2.6780571937561035,1.625452995300293,0,0,
26820,6.3335089683532715,-28.467924118041992,66.4892578125,98.349609375,2.6780571937561035,1.625452995300293,0,0,
26830,4.98970365524292,-26.552841186523438,64.9072265625,100.65673828125,2.6780571937561035,1.625452995300293,0,0,
26840,3.51753568649292,-24.333602905273438,63.43505859375,102.8759765625,2.6780571937561035,1.625452995300293,0,0,
26850,1.86958646774292,-21.740829467773438,61.787109375,105.46875,2.6780571937561035,1.625452995300293,0,0,
26860,0.3974184989929199,-19.192001342773438,60.31494140625,108.017578125,2.6780571937561035,1.625452995300293,0,0,
26870,-0.9648861885070801,-16.577255249023438,58.95263671875,110.63232421875,2.6780571937561035,1.625452995300293,0,0,
26880,-2.0607283115386963,-14.269142150878906,57.67822265625,113.291015625,2.6780571937561035,1.625452995300293,0,0,
26890,-3.2692244052886963,-11.720314025878906,56.4697265625,115.83984375,2.6780571937561035,1.625452995300293,0,0,
26900,-4.543638229370117,-8.797950744628906,55.1953125,118.76220703125,2.6780571937561035,1.625452995300293,0,0,
26910,-5.488462448120117,-6.0293965339660645,54.25048828125,121.53076171875,2.6780571937561035,1.625452995300293,0,0,
26920,-6.125669479370117,-3.2388691902160645,53.61328125,124.3212890625,2.6780571937561035,1.625452995300293,0,0,
26930,-7.157357692718506,-0.7484558820724487,52.44873046875,127.08984375,2.6780571937561035,1.625452995300293,0,0,
26940,-7.948373317718506,1.8443175554275513,51.65771484375,129.6826171875,2.6780571937561035,1.625452995300293,0,0,
26950,-9.090951919555664,4.766680717468262,50.51513671875,132.60498046875,2.6780571937561035,1.625452995300293,0,0,
26960,-10.079721450805664,7.491290092468262,49.5263671875,135.32958984375,2.6780571937561035,1.625452995300293,0,0,
26970,-11.090463638305664,10.193926811218262,48.515625,138.0322265625,2.6780571937561035,1.625452995300293,0,0,
26980,-11.943964958190918,12.632296562194824,47.5048828125,140.69091796875,2.6780571937561035,1.625452995300293,0,0,
26990,-12.844843864440918,15.071261405944824,46.60400390625,143.1298828125,2.6780571937561035,1.625452995300293,0,0,
27000,-13.877558708190918,17.81784439086914,45.5712890625,145.87646484375,4.693016529083252,-2.5964808464050293,0,0,
27010,-14.866328239440918,20.30075454711914,44.58251953125,148.359375,4.693016529083252,-2.5964808464050293,0,0,
27020,-15.789179801940918,22.67380142211914,43.65966796875,150.732421875,4.693016529083252,-2.5964808464050293,0,0,
27030,-16.58867645263672,24.94309425354004,42.6708984375,153.17138671875,4.693016529083252,-2.5964808464050293,0,0,
27040,-17.44561004638672,27.07444190979004,41.81396484375,155.302734375,4.693016529083252,-2.5964808464050293,0,0,
27050,-18.41240692138672,29.35959815979004,40.84716796875,157.587890625,4.693016529083252,-2.5964808464050293,0,0,
27060,-19.24736785888672,31.31516456604004,40.01220703125,159.54345703125,4.693016529083252,-2.5964808464050293,0,0,
27070,-20.12627410888672,33.402565002441406,39.13330078125,161.630859375,4.693016529083252,-2.5964808464050293,0,0,
27080,-20.72694969177246,35.20048141479492,38.3203125,163.564453125,4.693016529083252,-2.5964808464050293,0,0,
27090,-21.47402000427246,36.84843063354492,37.5732421875,165.21240234375,4.693016529083252,-2.5964808464050293,0,0,
27100,-22.19911766052246,38.56229782104492,36.84814453125,166.92626953125,4.693016529083252,-2.5964808464050293,0,0,
27110,-22.81435203552246,40.01249313354492,36.23291015625,168.37646484375,4.693016529083252,-2.5964808464050293,0,0,
27120,-23.42958641052246,41.48466110229492,35.61767578125,169.8486328125,4.693016529083252,-2.5964808464050293,0,0,
27130,-23.754058837890625,42.66086196899414,35.068359375,171.14501953125,4.693016529083252,-2.5964808464050293,0,0,
27140,-24.171539306640625,43.73752212524414,34.65087890625,172.2216796875,4.693016529083252,-2.5964808464050293,0,0,
27150,-24.567047119140625,44.81418228149414,34.25537109375,173.29833984375,4.693016529083252,-2.5964808464050293,0,0,
27160,-24.830718994140625,45.67111587524414,33.99169921875,174.1552734375,4.693016529083252,-2.5964808464050293,0,0,
27170,-24.984527587890625,46.39621353149414,33.837890625,174.88037109375,4.693016529083252,-2.5964808464050293,0,0,
27180,-24.801965713500977,46.85809326171875,33.77197265625,175.45166015625,4.693016529083252,-2.5964808464050293,0,0,
27190,-24.801965713500977,47.25360107421875,33.77197265625,175.84716796875,4.693016529083252,-2.5964808464050293,0,0,
27200,-24.604211807250977,47.53924560546875,33.9697265625,176.1328125,4.693016529083252,-2.5964808464050293,0,0,
27210,-24.274621963500977,47.58319091796875,34.29931640625,176.1767578125,4.693016529083252,-2.5964808464050293,0,0,
27220,-23.835168838500977,47.60516357421875,34.73876953125,176.19873046875,4.693016529083252,-2.5964808464050293,0,0,
27230,-22.99439239501953,47.358890533447266,35.31005859375,176.0009765625,4.693016529083252,-2.5964808464050293,0,0,
27240,-22.37915802001953,46.985355377197266,35.92529296875,175.62744140625,4.693016529083252,-2.5964808464050293,0,0,
27250,-21.50025177001953,46.370121002197266,36.80419921875,175.01220703125,4.693016529083252,-2.5964808464050293,0,0,
27260,-20.59937286376953,45.601078033447266,37.705078125,174.2431640625,4.693016529083252,-2.5964808464050293,0,0,
27270,-19.54468536376953,44.678226470947266,38.759765625,173.3203125,4.693016529083252,-2.5964808464050293,0,0,
27280,-18.14608383178711,43.5417366027832,39.88037109375,172.19970703125,4.693016529083252,-2.5964808464050293,0,0,
27290,-17.00350570678711,42.3552131652832,41.02294921875,171.01318359375,4.693016529083252,-2.5964808464050293,0,0,
27300,-15.64120101928711,40.8171272277832,42.38525390625,169.47509765625,4.693016529083252,-2.5964808464050293,0,0,
27310,-14.25692367553711,39.1911506652832,43.76953125,167.84912109375,4.693016529083252,-2.5964808464050293,0,0,
27320,-12.87264633178711,37.4553108215332,45.15380859375,166.11328125,4.693016529083252,-2.5964808464050293,0,0,
27330,-11.192569732666016,35.621517181396484,46.58203125,164.2236328125,4.693016529083252,-2.5964808464050293,0,0,
27340,-9.786319732666016,33.731868743896484,47.98828125,162.333984375,4.693016529083252,-2.5964808464050293,0,0,
27350,-8.358097076416016,31.446714401245117,49.41650390625,160.048828125,4.693016529083252,-2.5964808464050293,0,0,
27360,-7.413273334503174,29.205503463745117,50.361328125,157.8076171875,4.693016529083252,-2.5964808464050293,0,0,
27370,-5.633488178253174,26.788511276245117,52.14111328125,155.390625,4.693016529083252,-2.5964808464050293,0,0,
27380,-4.117403507232666,24.382530212402344,53.54736328125,152.8857421875,4.693016529083252,-2.5964808464050293,0,0,
27390,-2.535372257232666,21.921592712402344,55.12939453125,150.4248046875,4.693016529083252,-2.5964808464050293,0,0,
27400,-0.9753135442733765,19.021202087402344,56.689453125,147.5244140625,4.693016529083252,-2.5964808464050293,0,0,
27410,0.5627723932266235,16.164756774902344,58.2275390625,144.66796875,4.693016529083252,-2.5964808464050293,0,0,
27420,2.122830867767334,13.220420837402344,59.78759765625,141.7236328125,4.693016529083252,-2.5964808464050293,0,0,
27430,3.647700309753418,10.191733360290527,61.34765625,138.69140625,4.693016529083252,-2.5964808464050293,0,0,
27440,5.097895622253418,7.313315391540527,62.7978515625,135.81298828125,4.693016529083252,-2.5964808464050293,0,0,
27450,6.723872184753418,3.9514987468719482,64.423828125,132.451171875,4.693016529083252,-2.5964808464050293,0,0,
27460,8.283930778503418,0.7434909343719482,65.98388671875,129.2431640625,4.693016529083252,-2.5964808464050293,0,0,
27470,9.800044059753418,-2.4864895343780518,67.5,126.01318359375,4.693016529083252,-2.5964808464050293,0,0,
27480,11.198426246643066,-5.777408599853516,69.08203125,122.783203125,4.693016529083252,-2.5964808464050293,0,0,
27490,12.780457496643066,-9.051334381103516,70.6640625,119.50927734375,4.693016529083252,-2.5964808464050293,0,0,
27500,14.362488746643066,-12.193424224853516,72.24609375,116.3671875,4.693016529083252,-2.5964808464050293,0,0,
27510,15.944519996643066,-15.357486724853516,73.828125,113.203125,4.693016529083252,-2.5964808464050293,0,0,
27520,17.526552200317383,-18.455631256103516,75.41015625,110.10498046875,4.693016529083252,-2.5964808464050293,0,0,
27530,18.864513397216797,-21.50802993774414,77.01416015625,107.02880859375,4.693016529083252,-2.5964808464050293,0,0,
27540,20.424571990966797,-24.34250259399414,78.57421875,104.1943359375,4.693016529083252,-2.5964808464050293,0,0,
27550,22.138439178466797,-27.46261978149414,80.2880859375,101.07421875,4.693016529083252,-2.5964808464050293,0,0,
27560,23.632579803466797,-30.16525650024414,81.7822265625,98.37158203125,4.693016529083252,-2.5964808464050293,0,0,
27570,25.258556365966797,-32.97775650024414,83.408203125,95.55908203125,4.693016529083252,-2.5964808464050293,0,0,
27580,26.595144271850586,-35.55229949951172,85.01220703125,92.900390625,4.693016529083252,-2.5964808464050293,0,0,
27590,28.045339584350586,-37.94731903076172,86.46240234375,90.50537109375,4.693016529083252,-2.5964808464050293,0,0,
27600,29.627370834350586,-40.54009246826172,88.04443359375,87.91259765625,4.693016529083252,-2.5964808464050293,0,0,
27610,31.099538803100586,-42.91313934326172,89.5166015625,85.53955078125,4.693016529083252,-2.5964808464050293,0,0,
27620,32.54973602294922,-45.08843231201172,90.966796875,83.3642578125,4.693016529083252,-2.5964808464050293,0,0,
27630,33.6982536315918,-47.04478454589844,92.30712890625,81.32080078125,4.693016529083252,-2.5964808464050293,0,0,
27640,34.9067497253418,-48.84654235839844,93.515625,79.51904296875,4.693016529083252,-2.5964808464050293,0,0,
27650,36.1811637878418,-50.73619079589844,94.7900390625,77.62939453125,4.693016529083252,-2.5964808464050293,0,0,
27660,37.2797966003418,-52.34019470214844,95.888671875,76.025390625,4.693016529083252,-2.5964808464050293,0,0,
27670,38.2246208190918,-53.79039001464844,96.83349609375,74.5751953125,4.693016529083252,-2.5964808464050293,0,0,
27680,38.974334716796875,-55.02455520629883,97.6904296875,73.30078125,4.693016529083252,-2.5964808464050293,0,0,
27690,39.611541748046875,-56.07924270629883,98.32763671875,72.24609375,4.693016529083252,-2.5964808464050293,0,0,
27700,40.204803466796875,-57.02406692504883,98.9208984375,71.30126953125,4.693016529083252,-2.5964808464050293,0,0,
27710,40.578338623046875,-57.72719192504883,99.29443359375,70.59814453125,4.693016529083252,-2.5964808464050293,0,0,
27720,40.776092529296875,-58.21059036254883,99.4921875,70.11474609375,4.693016529083252,-2.5964808464050293,0,0,
27730,40.73875045776367,-58.54341506958008,99.51416015625,69.80712890625,4.693016529083252,-2.5964808464050293,0,0,
27740,40.65085983276367,-58.63130569458008,99.42626953125,69.71923828125,4.693016529083252,-2.5964808464050293,0,0,
27750,40.27732467651367,-58.54341506958008,99.052734375,69.80712890625,4.693016529083252,-2.5964808464050293,0,0,
27760,39.77195358276367,-58.16987991333008,98.54736328125,70.1806640625,4.693016529083252,-2.5964808464050293,0,0,
27770,39.09080123901367,-57.57661819458008,97.8662109375,70.77392578125,4.693016529083252,-2.5964808464050293,0,0,
27780,38.13978958129883,-56.84916305541992,96.943359375,71.5869140625,4.693016529083252,-2.5964808464050293,0,0,
27790,37.04115676879883,-55.90433883666992,95.8447265625,72.53173828125,4.693016529083252,-2.5964808464050293,0,0,
27800,35.67885208129883,-54.52006149291992,94.482421875,73.916015625,4.693016529083252,-2.5964808464050293,0,0,
27810,34.09682083129883,-53.04789352416992,92.900390625,75.38818359375,4.693016529083252,-2.5964808464050293,0,0,
27820,32.53676223754883,-51.37797164916992,91.34033203125,77.05810546875,4.693016529083252,-2.5964808464050293,0,0,
27830,30.755081176757812,-49.53999710083008,89.53857421875,78.9697265625,4.693016529083252,-2.5964808464050293,0,0,
27840,29.041213989257812,-47.49654006958008,87.82470703125,81.01318359375,4.693016529083252,-2.5964808464050293,0,0,
27850,27.151565551757812,-45.01362991333008,85.93505859375,83.49609375,4.693016529083252,-2.5964808464050293,0,0,
27860,25.108108520507812,-42.53071975708008,83.8916015625,85.97900390625,4.693016529083252,-2.5964808464050293,0,0,
27870,23.108596801757812,-39.85005569458008,81.89208984375,88.65966796875,4.693016529083252,-2.5964808464050293,0,0,
27880,21.23807716369629,-36.99219512939453,79.95849609375,91.494140625,4.693016529083252,-2.5964808464050293,0,0,
27890,19.45829200744629,-34.20166778564453,78.1787109375,94.28466796875,4.693016529083252,-2.5964808464050293,0,0,
27900,17.30497169494629,-30.97168731689453,76.025390625,97.5146484375,4.693016529083252,-2.5964808464050293,0,0,
27910,15.371377944946289,-27.82959747314453,74.091796875,100.65673828125,4.693016529083252,-2.5964808464050293,0,0,
27920,13.503702163696289,-24.59961700439453,72.22412109375,103.88671875,4.693016529083252,-2.5964808464050293,0,0,
27930,11.601425170898438,-21.239635467529297,70.3125,107.1826171875,4.693016529083252,-2.5964808464050293,0,0,
27940,9.887557983398438,-18.075572967529297,68.5986328125,110.3466796875,4.693016529083252,-2.5964808464050293,0,0,
27950,7.9100189208984375,-14.450084686279297,66.62109375,113.97216796875,4.693016529083252,-2.5964808464050293,0,0,
27960,6.1082611083984375,-10.978404998779297,64.8193359375,117.44384765625,4.693016529083252,-2.5964808464050293,0,0,
27970,4.3065032958984375,-7.528697967529297,63.017578125,120.8935546875,4.693016529083252,-2.5964808464050293,0,0,
27980,2.5338306427001953,-3.8599319458007812,61.23779296875,124.38720703125,4.693016529083252,-2.5964808464050293,0,0,
27990,0.8858814239501953,-0.6519241333007812,59.58984375,127.59521484375,4.693016529083252,-2.5964808464050293,0,0,
28000,-1.0037670135498047,3.0394821166992188,57.7001953125,131.28662109375,4.693016529083252,-2.5964808464050293,0,0,
28010,-2.7615795135498047,6.423271179199219,55.9423828125,134.67041015625,4.693016529083252,-2.5964808464050293,0,0,
28020,-4.453474044799805,9.653251647949219,54.25048828125,137.900390625,4.693016529083252,-2.5964808464050293,0,0,
28030,-6.002963066101074,13.241951942443848,52.66845703125,141.35009765625,4.693016529083252,-2.5964808464050293,0,0,
28040,-6.969759941101074,16.318124771118164,51.70166015625,144.42626953125,4.693016529083252,-2.5964808464050293,0,0,
28050,-9.035189628601074,19.723886489868164,49.63623046875,147.83203125,4.693016529083252,-2.5964808464050293,0,0,
28060,-10.595248222351074,22.712167739868164,48.076171875,150.8203125,4.693016529083252,-2.5964808464050293,0,0,
28070,-12.462924003601074,26.008066177368164,46.20849609375,154.1162109375,4.693016529083252,-2.5964808464050293,0,0,
28080,-14.262556076049805,29.365802764892578,44.3408203125,157.30224609375,4.693016529083252,-2.5964808464050293,0,0,
28090,-15.976423263549805,32.20027542114258,42.626953125,160.13671875,4.693016529083252,-2.5964808464050293,0,0,
28100,-17.888044357299805,35.29841995239258,40.71533203125,163.23486328125,4.693016529083252,-2.5964808464050293,0,0,
28110,-19.601911544799805,37.97908401489258,39.00146484375,165.91552734375,4.693016529083252,-2.5964808464050293,0,0,
28120,-21.535505294799805,40.85750198364258,37.06787109375,168.7939453125,4.693016529083252,-2.5964808464050293,0,0,
28130,-23.378170013427734,43.83591079711914,35.15625,171.58447265625,4.693016529083252,-2.5964808464050293,0,0,
28140,-25.070064544677734,46.23093032836914,33.46435546875,173.9794921875,4.693016529083252,-2.5964808464050293,0,0,
28150,-27.025630950927734,48.80173110961914,31.5087890625,176.55029296875,4.693016529083252,-2.5964808464050293,0,0,
28160,-28.827388763427734,51.08688735961914,29.70703125,178.83544921875,4.693016529083252,-2.5964808464050293,0,0,
28170,-30.541255950927734,53.21823501586914,27.9931640625,180.966796875,4.693016529083252,-2.5964808464050293,0,0,
28180,-32.1481819152832,55.36431884765625,26.30126953125,182.92236328125,4.693016529083252,-2.5964808464050293,0,0,
28190,-33.6203498840332,57.03424072265625,24.8291015625,184.59228515625,4.693016529083252,-2.5964808464050293,0,0,
28200,-35.2902717590332,57.60552978515625,23.1591796875,185.16357421875,4.693016529083252,-2.5964808464050293,0,0,
28210,-34.4772834777832,57.53961181640625,23.97216796875,185.09765625,4.693016529083252,-2.5964808464050293,0,0,
28220,-32.8732795715332,56.17730712890625,25.576171875,183.7353515625,4.693016529083252,-2.5964808464050293,0,0,
28230,-31.391942977905273,54.65633773803711,26.9384765625,182.021484375,4.693016529083252,-2.5964808464050293,0,0,
28240,-30.271337509155273,53.29403305053711,28.05908203125,180.6591796875,4.693016529083252,-2.5964808464050293,0,0,
28250,-28.689306259155273,51.16268539428711,29.64111328125,178.52783203125,4.693016529083252,-2.5964808464050293,0,0,
28260,-26.887548446655273,48.92147445678711,31.44287109375,176.28662109375,4.693016529083252,-2.5964808464050293,0,0,
28270,-25.349462509155273,46.92196273803711,32.98095703125,174.287109375,4.693016529083252,-2.5964808464050293,0,0,
28280,-23.55661964416504,44.69952392578125,34.5849609375,171.84814453125,4.693016529083252,-2.5964808464050293,0,0,
28290,-21.95261573791504,42.48028564453125,36.18896484375,169.62890625,4.693016529083252,-2.5964808464050293,0,0,
28300,-20.08493995666504,39.64581298828125,38.056640625,166.79443359375,4.693016529083252,-2.5964808464050293,0,0,
28310,-18.32712745666504,36.98712158203125,39.814453125,164.1357421875,4.693016529083252,-2.5964808464050293,0,0,
28320,-16.65720558166504,34.26251220703125,41.484375,161.4111328125,4.693016529083252,-2.5964808464050293,0,0,
28330,-14.707481384277344,31.555830001831055,43.2421875,158.48876953125,4.693016529083252,-2.5964808464050293,0,0,
28340,-13.125450134277344,28.853193283081055,44.82421875,155.7861328125,4.693016529083252,-2.5964808464050293,0,0,
28350,-11.499473571777344,25.755048751831055,46.4501953125,152.68798828125,4.693016529083252,-2.5964808464050293,0,0,
28360,-10.444786071777344,22.700849533081055,47.5048828125,149.6337890625,4.693016529083252,-2.5964808464050293,0,0,
28370,-8.730918884277344,19.712568283081055,49.21875,146.6455078125,4.693016529083252,-2.5964808464050293,0,0,
28380,-6.880616188049316,16.892698287963867,50.888671875,143.59130859375,4.693016529083252,-2.5964808464050293,0,0,
28390,-5.276612281799316,14.058226585388184,52.49267578125,140.7568359375,4.693016529083252,-2.5964808464050293,0,0,
28400,-3.4748544692993164,10.850218772888184,54.29443359375,137.548828125,4.693016529083252,-2.5964808464050293,0,0,
28410,-1.7170418500900269,7.774046897888184,56.05224609375,134.47265625,4.693016529083252,-2.5964808464050293,0,0,
28420,0.018797993659973145,4.785765647888184,57.7880859375,131.484375,4.693016529083252,-2.5964808464050293,0,0,
28430,1.9252146482467651,2.0226433277130127,59.5458984375,128.47412109375,4.693016529083252,-2.5964808464050293,0,0,
28440,3.6171092987060547,-0.7678838968276978,61.23779296875,125.68359375,4.693016529083252,-2.5964808464050293,0,0,
28450,5.572675704956055,-3.9319465160369873,63.193359375,122.51953125,4.693016529083252,-2.5964808464050293,0,0,
28460,7.506269454956055,-6.898254871368408,65.126953125,119.55322265625,4.693016529083252,-2.5964808464050293,0,0,
28470,9.439863204956055,-9.754700660705566,67.060546875,116.69677734375,4.693016529083252,-2.5964808464050293,0,0,
28480,11.560028076171875,-12.353145599365234,69.10400390625,113.84033203125,4.693016529083252,-2.5964808464050293,0,0,
28490,13.515594482421875,-14.923946380615234,71.0595703125,111.26953125,4.693016529083252,-2.5964808464050293,0,0,
28500,15.800750732421875,-17.824337005615234,73.3447265625,108.369140625,4.693016529083252,-2.5964808464050293,0,0,
28510,17.976043701171875,-20.461055755615234,75.52001953125,105.732421875,4.693016529083252,-2.5964808464050293,0,0,
28520,20.217254638671875,-22.987911224365234,77.76123046875,103.20556640625,4.693016529083252,-2.5964808464050293,0,0,
28530,22.466222763061523,-25.093862533569336,80.09033203125,100.7666015625,4.693016529083252,-2.5964808464050293,0,0,
28540,24.597570419311523,-27.313100814819336,82.2216796875,98.54736328125,4.693016529083252,-2.5964808464050293,0,0,
28550,27.080480575561523,-29.708120346069336,84.70458984375,96.15234375,4.693016529083252,-2.5964808464050293,0,0,
28560,29.365636825561523,-31.839468002319336,86.98974609375,94.02099609375,4.693016529083252,-2.5964808464050293,0,0,
28570,31.650793075561523,-33.9048957824707,89.27490234375,91.95556640625,4.693016529083252,-2.5964808464050293,0,0,
28580,33.702762603759766,-35.54106903076172,91.51611328125,90.0,4.693016529083252,-2.5964808464050293,0,0,
28590,35.724246978759766,-37.07915496826172,93.53759765625,88.4619140625,4.693016529083252,-2.5964808464050293,0,0,
28600,37.899539947509766,-38.79302215576172,95.712890625,86.748046875,4.693016529083252,-2.5964808464050293,0,0,
28610,39.877079010009766,-40.24321746826172,97.6904296875,85.2978515625,4.693016529083252,-2.5964808464050293,0,0,
28620,41.656864166259766,-41.47368621826172,99.47021484375,84.0673828125,4.693016529083252,-2.5964808464050293,0,0,
28630,43.1092643737793,-42.26115798950195,101.14013671875,83.0126953125,4.693016529083252,-2.5964808464050293,0,0,
28640,44.4935417175293,-43.09611892700195,102.5244140625,82.177734375,4.693016529083252,-2.5964808464050293,0,0,
28650,45.9437370300293,-43.79924392700195,103.974609375,81.474609375,4.693016529083252,-2.5964808464050293,0,0,
28660,47.0423698425293,-44.26066970825195,105.0732421875,81.01318359375,4.693016529083252,-2.5964808464050293,0,0,
28670,47.9212760925293,-44.50236892700195,105.9521484375,80.771484375,4.693016529083252,-2.5964808464050293,0,0,
28680,48.43962860107422,-44.29783248901367,106.67724609375,80.74951171875,4.693016529083252,-2.5964808464050293,0,0,
28690,48.87908172607422,-44.20994186401367,107.11669921875,80.83740234375,4.693016529083252,-2.5964808464050293,0,0,
28700,49.20867156982422,-43.77048873901367,107.4462890625,81.27685546875,4.693016529083252,-2.5964808464050293,0,0,
28710,49.27458953857422,-43.11130905151367,107.51220703125,81.93603515625,4.693016529083252,-2.5964808464050293,0,0,
28720,49.20867156982422,-42.23240280151367,107.4462890625,82.81494140625,4.693016529083252,-2.5964808464050293,0,0,
28730,48.70928955078125,-41.024253845214844,107.11669921875,83.84765625,4.693016529083252,-2.5964808464050293,0,0,
28740,48.22589111328125,-39.793785095214844,106.63330078125,85.078125,4.693016529083252,-2.5964808464050293,0,0,
28750,47.52276611328125,-38.387535095214844,105.93017578125,86.484375,4.693016529083252,-2.5964808464050293,0,0,
28760,46.70977783203125,-36.805503845214844,105.1171875,88.06640625,4.693016529083252,-2.5964808464050293,0,0,
28770,45.78692626953125,-35.157554626464844,104.1943359375,89.71435546875,4.693016529083252,-2.5964808464050293,0,0,
28780,44.51741027832031,-33.34342956542969,103.0517578125,91.47216796875,4.693016529083252,-2.5964808464050293,0,0,
28790,43.30891418457031,-31.563644409179688,101.84326171875,93.251953125,4.693016529083252,-2.5964808464050293,0,0,
28800,41.83674621582031,-29.432296752929688,100.37109375,95.38330078125,4.693016529083252,-2.5964808464050293,0,0,
28810,40.34260559082031,-27.366867065429688,98.876953125,97.44873046875,4.693016529083252,-2.5964808464050293,0,0,
28820,38.69465637207031,-25.279464721679688,97.22900390625,99.5361328125,4.693016529083252,-2.5964808464050293,0,0,
28830,36.85352325439453,-23.220943450927734,95.44921875,101.62353515625,4.693016529083252,-2.5964808464050293,0,0,
28840,35.11768341064453,-21.287349700927734,93.71337890625,103.55712890625,4.693016529083252,-2.5964808464050293,0,0,
28850,33.00830841064453,-19.090084075927734,91.60400390625,105.75439453125,4.693016529083252,-2.5964808464050293,0,0,
28860,30.942880630493164,-17.024654388427734,89.53857421875,107.81982421875,4.693016529083252,-2.5964808464050293,0,0,
28870,28.833505630493164,-15.003170013427734,87.42919921875,109.84130859375,4.693016529083252,-2.5964808464050293,0,0,
28880,26.615629196166992,-13.1306791305542,85.2099609375,111.81884765625,4.693016529083252,-2.5964808464050293,0,0,
28890,24.506254196166992,-11.3069486618042,83.1005859375,113.642578125,4.693016529083252,-2.5964808464050293,0,0,
28900,22.045316696166992,-9.2415189743042,80.6396484375,115.7080078125,4.693016529083252,-2.5964808464050293,0,0,
28910,19.672269821166992,-7.373843669891357,78.2666015625,117.57568359375,4.693016529083252,-2.5964808464050293,0,0,
28920,17.277250289916992,-5.550113201141357,75.87158203125,119.3994140625,4.693016529083252,-2.5964808464050293,0,0,
28930,14.892515182495117,-3.932802677154541,73.4326171875,121.17919921875,4.693016529083252,-2.5964808464050293,0,0,
28940,12.541440963745117,-2.284853458404541,71.08154296875,122.8271484375,4.693016529083252,-2.5964808464050293,0,0,
28950,9.860776901245117,-0.48309552669525146,68.40087890625,124.62890625,4.693016529083252,-2.5964808464050293,0,0,
28960,7.289976596832275,1.1648536920547485,65.830078125,126.27685546875,4.693016529083252,-2.5964808464050293,0,0,
28970,4.719175815582275,2.768857479095459,63.25927734375,127.880859375,4.693016529083252,-2.5964808464050293,0,0,
28980,2.235814094543457,4.130500316619873,60.66650390625,129.48486328125,4.693016529083252,-2.5964808464050293,0,0,
28990,-0.20315062999725342,5.558722972869873,58.2275390625,130.9130859375,4.693016529083252,-2.5964808464050293,0,0,
29000,-2.993678092956543,7.162726879119873,55.43701171875,132.51708984375,4.693016529083252,-2.5964808464050293,0,0,
29010,-5.476588249206543,8.634895324707031,52.9541015625,133.9892578125,4.693016529083252,-2.5964808464050293,0,0,
29020,-7.256373405456543,10.019172668457031,51.17431640625,135.37353515625,4.693016529083252,-2.5964808464050293,0,0,
29030,-9.800487518310547,11.204214096069336,48.49365234375,136.845703125,4.693016529083252,-2.5964808464050293,0,0,
29040,-12.019725799560547,12.500600814819336,46.2744140625,138.14208984375,4.693016529083252,-2.5964808464050293,0,0,
29050,-14.546581268310547,13.928823471069336,43.74755859375,139.5703125,4.693016529083252,-2.5964808464050293,0,0,
29060,-16.985546112060547,15.269155502319336,41.30859375,140.91064453125,4.693016529083252,-2.5964808464050293,0,0,
29070,-19.182811737060547,16.477651596069336,39.111328125,142.119140625,4.693016529083252,-2.5964808464050293,0,0,
29080,-21.30747413635254,17.501035690307617,36.84814453125,143.3935546875,4.693016529083252,-2.5964808464050293,0,0,
29090,-23.24106788635254,18.577695846557617,34.91455078125,144.47021484375,4.693016529083252,-2.5964808464050293,0,0,
29100,-25.30649757385254,19.720273971557617,32.84912109375,145.61279296875,4.693016529083252,-2.5964808464050293,0,0,
29110,-27.17417335510254,20.774961471557617,30.9814453125,146.66748046875,4.693016529083252,-2.5964808464050293,0,0,
29120,-28.75620460510254,21.653867721557617,29.3994140625,147.54638671875,4.693016529083252,-2.5964808464050293,0,0,
29130,-30.24908447265625,22.27465057373047,27.79541015625,148.42529296875,4.693016529083252,-2.5964808464050293,0,0,
29140,-31.54547119140625,22.95580291748047,26.4990234375,149.1064453125,4.693016529083252,-2.5964808464050293,0,0,
29150,-32.81988525390625,23.63695526123047,25.224609375,149.78759765625,4.693016529083252,-2.5964808464050293,0,0,
29160,-33.83062744140625,24.16429901123047,24.2138671875,150.31494140625,4.693016529083252,-2.5964808464050293,0,0,
29170,-34.68756103515625,24.58177947998047,23.35693359375,150.732421875,4.693016529083252,-2.5964808464050293,0,0,
29180,-35.231903076171875,24.64942169189453,22.67578125,150.99609375,4.693016529083252,-2.5964808464050293,0,0,
29190,-35.693328857421875,24.80323028564453,22.21435546875,151.14990234375,4.693016529083252,-2.5964808464050293,0,0,
29200,-36.044891357421875,24.84717559814453,21.86279296875,151.19384765625,4.693016529083252,-2.5964808464050293,0,0,
29210,-36.176727294921875,24.82520294189453,21.73095703125,151.171875,4.693016529083252,-2.5964808464050293,0,0,
29220,-36.176727294921875,24.60547637939453,21.73095703125,150.9521484375,4.693016529083252,-2.5964808464050293,0,0,
29230,-35.862972259521484,24.124862670898438,21.90673828125,150.64453125,4.693016529083252,-2.5964808464050293,0,0,
29240,-35.489437103271484,23.729354858398438,22.2802734375,150.2490234375,4.693016529083252,-2.5964808464050293,0,0,
29250,-34.896175384521484,23.158065795898438,22.87353515625,149.677734375,4.693016529083252,-2.5964808464050293,0,0,
29260,-34.171077728271484,22.564804077148438,23.5986328125,149.08447265625,4.693016529083252,-2.5964808464050293,0,0,
29270,-33.292171478271484,21.861679077148438,24.4775390625,148.38134765625,4.693016529083252,-2.5964808464050293,0,0,
29280,-32.16267776489258,20.955612182617188,25.48828125,147.6123046875,4.693016529083252,-2.5964808464050293,0,0,
29290,-31.06404685974121,20.186569213867188,26.5869140625,146.84326171875,4.693016529083252,-2.5964808464050293,0,0,
29300,-29.70174217224121,19.263717651367188,27.94921875,145.92041015625,4.693016529083252,-2.5964808464050293,0,0,
29310,-28.31746482849121,18.340866088867188,29.33349609375,144.99755859375,4.693016529083252,-2.5964808464050293,0,0,
29320,-26.80135154724121,17.374069213867188,30.849609375,144.03076171875,4.693016529083252,-2.5964808464050293,0,0,
29330,-25.106735229492188,16.344606399536133,32.40966796875,143.06396484375,4.693016529083252,-2.5964808464050293,0,0,
29340,-23.524703979492188,15.399782180786133,33.99169921875,142.119140625,4.693016529083252,-2.5964808464050293,0,0,
29350,-21.679000854492188,14.301149368286133,35.83740234375,141.0205078125,4.693016529083252,-2.5964808464050293,0,0,
29360,-19.877243041992188,13.268434524536133,37.63916015625,139.98779296875,4.693016529083252,-2.5964808464050293,0,0,
29370,-18.009567260742188,12.213747024536133,39.5068359375,138.93310546875,4.693016529083252,-2.5964808464050293,0,0,
29380,-15.932068824768066,11.108925819396973,41.41845703125,137.83447265625,4.693016529083252,-2.5964808464050293,0,0,
29390,-14.086365699768066,10.076210975646973,43.26416015625,136.8017578125,4.693016529083252,-2.5964808464050293,0,0,
29400,-12.020936012268066,8.889687538146973,45.32958984375,135.615234375,4.693016529083252,-2.5964808464050293,0,0,
29410,-10.351014137268066,7.725136756896973,46.99951171875,134.45068359375,4.693016529083252,-2.5964808464050293,0,0,
29420,-8.637146949768066,6.582558631896973,48.71337890625,133.30810546875,4.693016529083252,-2.5964808464050293,0,0,
29430,-6.56099796295166,5.422215461730957,50.60302734375,132.16552734375,4.693016529083252,-2.5964808464050293,0,0,
29440,-4.64937686920166,4.301609992980957,52.5146484375,131.044921875,4.693016529083252,-2.5964808464050293,0,0,
29450,-2.4301388263702393,3.049168586730957,54.73388671875,129.79248046875,4.693016529083252,-2.5964808464050293,0,0,
29460,-0.3647090792655945,1.818699836730957,56.79931640625,128.56201171875,4.693016529083252,-2.5964808464050293,0,0,
29470,1.7007205486297607,0.6102038025856018,58.86474609375,127.353515625,4.693016529083252,-2.5964808464050293,0,0,
29480,3.943126678466797,-0.6027419567108154,60.908203125,126.1669921875,4.693016529083252,-2.5964808464050293,0,0,
29490,5.810802459716797,-1.7453200817108154,62.77587890625,125.0244140625,4.693016529083252,-2.5964808464050293,0,0,
29500,7.964122772216797,-3.0197341442108154,64.92919921875,123.75,4.693016529083252,-2.5964808464050293,0,0,
29510,9.897716522216797,-4.2282304763793945,66.86279296875,122.54150390625,4.693016529083252,-2.5964808464050293,0,0,
29520,11.831310272216797,-5.4367265701293945,68.79638671875,121.3330078125,4.693016529083252,-2.5964808464050293,0,0,
29530,13.882942199707031,-6.66888952255249,70.64208984375,120.12451171875,4.693016529083252,-2.5964808464050293,0,0,
29540,15.618782043457031,-7.76752233505249,72.3779296875,119.02587890625,4.693016529083252,-2.5964808464050293,0,0,
29550,17.48645782470703,-8.976017951965332,74.24560546875,117.8173828125,4.693016529083252,-2.5964808464050293,0,0,
29560,19.17835235595703,-10.096623420715332,75.9375,116.69677734375,4.693016529083252,-2.5964808464050293,0,0,
29570,20.73841094970703,-11.151310920715332,77.49755859375,115.64208984375,4.693016529083252,-2.5964808464050293,0,0,
29580,22.498493194580078,-12.156147956848145,79.0576171875,114.6533203125,4.693016529083252,-2.5964808464050293,0,0,
29590,23.860797882080078,-13.035054206848145,80.419921875,113.7744140625,4.693016529083252,-2.5964808464050293,0,0,
29600,25.310993194580078,-13.913960456848145,81.8701171875,112.8955078125,4.693016529083252,-2.5964808464050293,0,0,
29610,26.585407257080078,-14.683003425598145,83.14453125,112.12646484375,4.693016529083252,-2.5964808464050293,0,0,
29620,27.771930694580078,-15.342183113098145,84.3310546875,111.46728515625,4.693016529083252,-2.5964808464050293,0,0,
29630,29.016420364379883,-15.84376335144043,85.4296875,110.89599609375,4.693016529083252,-2.5964808464050293,0,0,
29640,29.939271926879883,-16.32716178894043,86.3525390625,110.41259765625,4.693016529083252,-2.5964808464050293,0,0,
29650,30.906068801879883,-16.70069694519043,87.3193359375,110.0390625,4.693016529083252,-2.5964808464050293,0,0,
29660,31.653139114379883,-16.98634147644043,88.06640625,109.75341796875,4.693016529083252,-2.5964808464050293,0,0,
29670,32.31231689453125,-17.18409538269043,88.7255859375,109.5556640625,4.693016529083252,-2.5964808464050293,0,0,
29680,32.91522216796875,-17.175954818725586,89.296875,109.4677734375,4.693016529083252,-2.5964808464050293,0,0,
29690,33.31072998046875,-17.175954818725586,89.6923828125,109.4677734375,4.693016529083252,-2.5964808464050293,0,0,
29700,33.64031982421875,-17.088064193725586,90.02197265625,109.5556640625,4.693016529083252,-2.5964808464050293,0,0,
29710,33.81610107421875,-16.868337631225586,90.19775390625,109.775390625,4.693016529083252,-2.5964808464050293,0,0,
29720,33.86004638671875,-16.494802474975586,90.24169921875,110.14892578125,4.693016529083252,-2.5964808464050293,0,0,
29730,33.79678726196289,-15.953492164611816,90.24169921875,110.58837890625,4.693016529083252,-2.5964808464050293,0,0,
29740,33.57706069946289,-15.426148414611816,90.02197265625,111.11572265625,4.693016529083252,-2.5964808464050293,0,0,
29750,33.22549819946289,-14.723023414611816,89.67041015625,111.81884765625,4.693016529083252,-2.5964808464050293,0,0,
29760,32.78604507446289,-13.975953102111816,89.23095703125,112.56591796875,4.693016529083252,-2.5964808464050293,0,0,
29770,32.21475601196289,-13.184937477111816,88.65966796875,113.35693359375,4.693016529083252,-2.5964808464050293,0,0,
29780,31.45644187927246,-12.145407676696777,88.00048828125,114.27978515625,4.693016529083252,-2.5964808464050293,0,0,
29790,30.73134422302246,-11.288474082946777,87.275390625,115.13671875,4.693016529083252,-2.5964808464050293,0,0,
29800,29.78652000427246,-10.255759239196777,86.33056640625,116.16943359375,4.693016529083252,-2.5964808464050293,0,0,
29810,28.77577781677246,-9.201071739196777,85.31982421875,117.22412109375,4.693016529083252,-2.5964808464050293,0,0,
29820,27.69911766052246,-8.102438926696777,84.2431640625,118.32275390625,4.693016529083252,-2.5964808464050293,0,0,
29830,26.398962020874023,-6.800954818725586,83.03466796875,119.4873046875,4.693016529083252,-2.5964808464050293,0,0,
29840,25.212438583374023,-5.702322006225586,81.84814453125,120.5859375,4.693016529083252,-2.5964808464050293,0,0,
29850,23.762243270874023,-4.383962631225586,80.39794921875,121.904296875,4.693016529083252,-2.5964808464050293,0,0,
29860,22.290075302124023,-3.153493881225586,78.92578125,123.134765625,4.693016529083252,-2.5964808464050293,0,0,
29870,20.773962020874023,-1.9010523557662964,77.40966796875,124.38720703125,4.693016529083252,-2.5964808464050293,0,0,
29880,19.139236450195312,-0.5080322623252869,75.82763671875,125.61767578125,4.693016529083252,-2.5964808464050293,0,0,
29890,17.557205200195312,0.6565185189247131,74.24560546875,126.7822265625,4.693016529083252,-2.5964808464050293,0,0,
29900,15.733473777770996,1.974877953529358,72.421875,128.1005859375,4.693016529083252,-2.5964808464050293,0,0,
29910,13.975661277770996,3.2273192405700684,70.6640625,129.35302734375,4.693016529083252,-2.5964808464050293,0,0,
29920,12.151930809020996,4.479760646820068,68.84033203125,130.60546875,4.693016529083252,-2.5964808464050293,0,0,
29930,10.253316879272461,5.870031356811523,66.97265625,131.8359375,4.693016529083252,-2.5964808464050293,0,0,
29940,8.473531723022461,7.034582138061523,65.19287109375,133.00048828125,4.693016529083252,-2.5964808464050293,0,0,
29950,6.430074214935303,8.330968856811523,63.1494140625,134.296875,4.693016529083252,-2.5964808464050293,0,0,
29960,4.474507808685303,9.539464950561523,61.19384765625,135.50537109375,4.693016529083252,-2.5964808464050293,0,0,
29970,2.518941640853882,10.747961044311523,59.23828125,136.7138671875,4.693016529083252,-2.5964808464050293,0,0,
29980,0.530236005783081,12.121273040771484,57.2607421875,137.900390625,4.693016529083252,-2.5964808464050293,0,0,
29990,-1.469275712966919,13.329769134521484,55.26123046875,139.10888671875,4.693016529083252,-2.5964808464050293,0,0,
30000,-3.271033525466919,14.472347259521484,53.45947265625,140.25146484375,5.437966823577881,0.39582473039627075,0,0,
30010,-4.523475170135498,15.636898040771484,52.20703125,141.416015625,5.437966823577881,0.39582473039627075,0,0,
30020,-6.566932201385498,16.713558197021484,50.16357421875,142.49267578125,5.437966823577881,0.39582473039627075,0,0,
30030,-8.361041069030762,18.01833152770996,48.3837890625,143.59130859375,5.437966823577881,0.39582473039627075,0,0,
30040,-10.118853569030762,19.00710105895996,46.6259765625,144.580078125,5.437966823577881,0.39582473039627075,0,0,
30050,-11.986529350280762,20.03981590270996,44.75830078125,145.61279296875,5.437966823577881,0.39582473039627075,0,0,
30060,-13.744341850280762,21.02858543395996,43.00048828125,146.6015625,5.437966823577881,0.39582473039627075,0,0,
30070,-15.370318412780762,21.88551902770996,41.37451171875,147.45849609375,5.437966823577881,0.39582473039627075,0,0,
30080,-17.039161682128906,22.94136619567871,39.70458984375,148.33740234375,5.437966823577881,0.39582473039627075,0,0,
30090,-18.467384338378906,23.66646385192871,38.2763671875,149.0625,5.437966823577881,0.39582473039627075,0,0,
30100,-19.939552307128906,24.41353416442871,36.80419921875,149.8095703125,5.437966823577881,0.39582473039627075,0,0,
30110,-21.279884338378906,25.05074119567871,35.4638671875,150.44677734375,5.437966823577881,0.39582473039627075,0,0,
30120,-22.444435119628906,25.55611228942871,34.29931640625,150.9521484375,5.437966823577881,0.39582473039627075,0,0,
30130,-23.559551239013672,26.182348251342773,33.1787109375,151.435546875,5.437966823577881,0.39582473039627075,0,0,
30140,-24.482402801513672,26.511938095092773,32.255859375,151.76513671875,5.437966823577881,0.39582473039627075,0,0,
30150,-25.339336395263672,26.797582626342773,31.39892578125,152.05078125,5.437966823577881,0.39582473039627075,0,0,
30160,-26.020488739013672,26.951391220092773,30.7177734375,152.20458984375,5.437966823577881,0.39582473039627075,0,0,
30170,-26.569805145263672,27.017309188842773,30.16845703125,152.2705078125,5.437966823577881,0.39582473039627075,0,0,
30180,-26.923812866210938,27.158737182617188,29.794921875,152.2705078125,5.437966823577881,0.39582473039627075,0,0,
30190,-27.121566772460938,27.026901245117188,29.59716796875,152.138671875,5.437966823577881,0.39582473039627075,0,0,
30200,-27.187484741210938,26.741256713867188,29.53125,151.85302734375,5.437966823577881,0.39582473039627075,0,0,
30210,-27.187484741210938,26.367721557617188,29.53125,151.4794921875,5.437966823577881,0.39582473039627075,0,0,
30220,-26.967758178710938,25.906295776367188,29.7509765625,151.01806640625,5.437966823577881,0.39582473039627075,0,0,
30230,-26.59048080444336,25.44753646850586,30.12451171875,150.44677734375,5.437966823577881,0.39582473039627075,0,0,
30240,-26.10708236694336,24.85427474975586,30.60791015625,149.853515625,5.437966823577881,0.39582473039627075,0,0,
30250,-25.42593002319336,24.08523178100586,31.2890625,149.08447265625,5.437966823577881,0.39582473039627075,0,0,
30260,-24.65688705444336,23.27224349975586,32.05810546875,148.271484375,5.437966823577881,0.39582473039627075,0,0,
30270,-23.75600814819336,22.39333724975586,32.958984375,147.392578125,5.437966823577881,0.39582473039627075,0,0,
30280,-22.730010986328125,21.54959487915039,33.9697265625,146.44775390625,5.437966823577881,0.39582473039627075,0,0,
30290,-21.697296142578125,20.60477066040039,35.00244140625,145.5029296875,5.437966823577881,0.39582473039627075,0,0,
30300,-20.422882080078125,19.48416519165039,36.27685546875,144.38232421875,5.437966823577881,0.39582473039627075,0,0,
30310,-19.148468017578125,18.38553237915039,37.55126953125,143.28369140625,5.437966823577881,0.39582473039627075,0,0,
30320,-17.764190673828125,17.24295425415039,38.935546875,142.14111328125,5.437966823577881,0.39582473039627075,0,0,
30330,-16.271137237548828,16.178388595581055,40.36376953125,140.9765625,5.437966823577881,0.39582473039627075,0,0,
30340,-14.864886283874512,15.057784080505371,41.77001953125,139.85595703125,5.437966823577881,0.39582473039627075,0,0,
30350,-13.216937065124512,13.739424705505371,43.41796875,138.53759765625,5.437966823577881,0.39582473039627075,0,0,
30360,-11.634905815124512,12.486983299255371,45.0,137.28515625,5.437966823577881,0.39582473039627075,0,0,
30370,-10.140765190124512,11.212569236755371,46.494140625,136.0107421875,5.437966823577881,0.39582473039627075,0,0,
30380,-9.049579620361328,10.00777816772461,47.5048828125,134.75830078125,5.437966823577881,0.39582473039627075,0,0,
30390,-7.29176664352417,8.79928207397461,49.2626953125,133.5498046875,5.437966823577881,0.39582473039627075,0,0,
30400,-5.64381742477417,7.436977386474609,50.91064453125,132.1875,5.437966823577881,0.39582473039627075,0,0,
30410,-3.90797758102417,6.184535980224609,52.646484375,130.93505859375,5.437966823577881,0.39582473039627075,0,0,
30420,-2.17213773727417,4.910121917724609,54.38232421875,129.66064453125,5.437966823577881,0.39582473039627075,0,0,
30430,-0.3156239688396454,3.651475429534912,56.14013671875,128.38623046875,5.437966823577881,0.39582473039627075,0,0,
30440,1.3323252201080322,2.486924648284912,57.7880859375,127.2216796875,5.437966823577881,0.39582473039627075,0,0,
30450,3.2000010013580322,1.1905380487442017,59.65576171875,125.92529296875,5.437966823577881,0.39582473039627075,0,0,
30460,4.935841083526611,0.00401461124420166,61.3916015625,124.73876953125,5.437966823577881,0.39582473039627075,0,0,
30470,6.649708271026611,-1.1605361700057983,63.10546875,123.57421875,5.437966823577881,0.39582473039627075,0,0,
30480,8.47870922088623,-2.2967734336853027,64.8193359375,122.431640625,5.437966823577881,0.39582473039627075,0,0,
30490,10.06074047088623,-3.3294882774353027,66.4013671875,121.39892578125,5.437966823577881,0.39582473039627075,0,0,
30500,11.79658031463623,-4.494039058685303,68.13720703125,120.234375,5.437966823577881,0.39582473039627075,0,0,
30510,13.40058422088623,-5.526753902435303,69.7412109375,119.20166015625,5.437966823577881,0.39582473039627075,0,0,
30520,14.98261547088623,-6.515523433685303,71.3232421875,118.212890625,5.437966823577881,0.39582473039627075,0,0,
30530,16.597333908081055,-7.468478679656982,72.8173828125,117.26806640625,5.437966823577881,0.39582473039627075,0,0,
30540,17.981611251831055,-8.325411796569824,74.20166015625,116.4111328125,5.437966823577881,0.39582473039627075,0,0,
30550,19.475751876831055,-9.226290702819824,75.69580078125,115.51025390625,5.437966823577881,0.39582473039627075,0,0,
30560,20.816083908081055,-10.039278984069824,77.0361328125,114.697265625,5.437966823577881,0.39582473039627075,0,0,
30570,22.112470626831055,-10.830294609069824,78.33251953125,113.90625,5.437966823577881,0.39582473039627075,0,0,
30580,23.43984603881836,-11.582086563110352,79.541015625,113.203125,5.437966823577881,0.39582473039627075,0,0,
30590,24.49453353881836,-12.175348281860352,80.595703125,112.60986328125,5.437966823577881,0.39582473039627075,0,0,
30600,25.61513900756836,-12.790582656860352,81.71630859375,111.99462890625,5.437966823577881,0.39582473039627075,0,0,
30610,26.55996322631836,-13.295953750610352,82.6611328125,111.4892578125,5.437966823577881,0.39582473039627075,0,0,
30620,27.43886947631836,-13.713434219360352,83.5400390625,111.07177734375,5.437966823577881,0.39582473039627075,0,0,
30630,28.327899932861328,-14.150617599487305,84.30908203125,110.6982421875,5.437966823577881,0.39582473039627075,0,0,
30640,28.965106964111328,-14.414289474487305,84.9462890625,110.4345703125,5.437966823577881,0.39582473039627075,0,0,
30650,29.558368682861328,-14.634016036987305,85.53955078125,110.21484375,5.437966823577881,0.39582473039627075,0,0,
30660,30.019794464111328,-14.743879318237305,86.0009765625,110.10498046875,5.437966823577881,0.39582473039627075,0,0,
30670,30.349384307861328,-14.787824630737305,86.33056640625,110.06103515625,5.437966823577881,0.39582473039627075,0,0,
30680,30.72431755065918,-14.87134838104248,86.59423828125,110.06103515625,5.437966823577881,0.39582473039627075,0,0,
30690,30.83418083190918,-14.78345775604248,86.7041015625,110.14892578125,5.437966823577881,0.39582473039627075,0,0,
30700,30.85615348815918,-14.54175853729248,86.72607421875,110.390625,5.437966823577881,0.39582473039627075,0,0,
30710,30.79023551940918,-14.25611400604248,86.66015625,110.67626953125,5.437966823577881,0.39582473039627075,0,0,
30720,30.52656364440918,-13.83863353729248,86.396484375,111.09375,5.437966823577881,0.39582473039627075,0,0,
30730,30.257123947143555,-13.37933349609375,86.044921875,111.62109375,5.437966823577881,0.39582473039627075,0,0,
30740,29.839643478393555,-12.83001708984375,85.62744140625,112.17041015625,5.437966823577881,0.39582473039627075,0,0,
30750,29.224409103393555,-12.06097412109375,85.01220703125,112.939453125,5.437966823577881,0.39582473039627075,0,0,
30760,28.521284103393555,-11.24798583984375,84.30908203125,113.75244140625,5.437966823577881,0.39582473039627075,0,0,
30770,27.774213790893555,-10.34710693359375,83.56201171875,114.6533203125,5.437966823577881,0.39582473039627075,0,0,
30780,26.921859741210938,-9.332508087158203,82.705078125,115.6201171875,5.437966823577881,0.39582473039627075,0,0,
30790,26.042953491210938,-8.387683868408203,81.826171875,116.56494140625,5.437966823577881,0.39582473039627075,0,0,
30800,24.922348022460938,-7.267078399658203,80.70556640625,117.685546875,5.437966823577881,0.39582473039627075,0,0,
30810,23.801742553710938,-6.168445587158203,79.5849609375,118.7841796875,5.437966823577881,0.39582473039627075,0,0,
30820,22.615219116210938,-5.025867462158203,78.3984375,119.9267578125,5.437966823577881,0.39582473039627075,0,0,
30830,21.298988342285156,-3.86942720413208,77.16796875,121.04736328125,5.437966823577881,0.39582473039627075,0,0,
30840,20.068519592285156,-2.77079439163208,75.9375,122.14599609375,5.437966823577881,0.39582473039627075,0,0,
30850,18.596351623535156,-1.5403257608413696,74.46533203125,123.37646484375,5.437966823577881,0.39582473039627075,0,0,
30860,17.168128967285156,-0.37577497959136963,73.037109375,124.541015625,5.437966823577881,0.39582473039627075,0,0,
30870,15.69596004486084,0.7887758016586304,71.56494140625,125.70556640625,5.437966823577881,0.39582473039627075,0,0,
30880,14.03908920288086,1.9723833799362183,70.07080078125,126.84814453125,5.437966823577881,0.39582473039627075,0,0,
30890,12.63283920288086,3.049043655395508,68.66455078125,127.9248046875,5.437966823577881,0.39582473039627075,0,0,
30900,10.98488998413086,4.257539749145508,67.0166015625,129.13330078125,5.437966823577881,0.39582473039627075,0,0,
30910,9.42483139038086,5.378145217895508,65.45654296875,130.25390625,5.437966823577881,0.39582473039627075,0,0,
30920,7.864772796630859,6.432832717895508,63.896484375,131.30859375,5.437966823577881,0.39582473039627075,0,0,
30930,6.083494663238525,7.507322788238525,62.33642578125,132.36328125,5.437966823577881,0.39582473039627075,0,0,
30940,4.611326694488525,8.452147483825684,60.8642578125,133.30810546875,5.437966823577881,0.39582473039627075,0,0,
30950,2.9633774757385254,9.528807640075684,59.21630859375,134.384765625,5.437966823577881,0.39582473039627075,0,0,
30960,1.403319001197815,10.495604515075684,57.65625,135.3515625,5.437966823577881,0.39582473039627075,0,0,
30970,-0.13476693630218506,11.396483421325684,56.1181640625,136.25244140625,5.437966823577881,0.39582473039627075,0,0,
30980,-1.8546011447906494,12.32467269897461,54.64599609375,137.17529296875,5.437966823577881,0.39582473039627075,0,0,
30990,-2.9752066135406494,13.09371566772461,53.525390625,137.9443359375,5.437966823577881,0.39582473039627075,0,0,
31000,-4.11778450012207,13.95064926147461,52.3828125,138.80126953125,5.437966823577881,0.39582473039627075,0,0,
31010,-5.54600715637207,14.74166488647461,50.95458984375,139.59228515625,5.437966823577881,0.39582473039627075,0,0,
31020,-6.90831184387207,15.46676254272461,49.59228515625,140.3173828125,5.437966823577881,0.39582473039627075,0,0,
31030,-8.524542808532715,16.131271362304688,48.18603515625,140.99853515625,5.437966823577881,0.39582473039627075,0,0,
31040,-9.798956871032715,16.724533081054688,46.91162109375,141.591796875,5.437966823577881,0.39582473039627075,0,0,
31050,-11.183234214782715,17.339767456054688,45.52734375,142.20703125,5.437966823577881,0.39582473039627075,0,0,
31060,-12.479620933532715,17.889083862304688,44.23095703125,142.75634765625,5.437966823577881,0.39582473039627075,0,0,
31070,-13.644171714782715,18.350509643554688,43.06640625,143.2177734375,5.437966823577881,0.39582473039627075,0,0,
31080,-14.98832893371582,18.76565933227539,41.8798828125,143.6572265625,5.437966823577881,0.39582473039627075,0,0,
31090,-16.02104377746582,19.09524917602539,40.84716796875,143.98681640625,5.437966823577881,0.39582473039627075,0,0,
31100,-17.09770393371582,19.42483901977539,39.7705078125,144.31640625,5.437966823577881,0.39582473039627075,0,0,
31110,-18.06450080871582,19.64456558227539,38.8037109375,144.5361328125,5.437966823577881,0.39582473039627075,0,0,
31120,-18.89946174621582,19.77640151977539,37.96875,144.66796875,5.437966823577881,0.39582473039627075,0,0,
31130,-19.7752628326416,19.81053352355957,37.177734375,144.755859375,5.437966823577881,0.39582473039627075,0,0,
31140,-20.4344425201416,19.81053352355957,36.5185546875,144.755859375,5.437966823577881,0.39582473039627075,0,0,
31150,-21.0716495513916,19.81053352355957,35.88134765625,144.755859375,5.437966823577881,0.39582473039627075,0,0,
31160,-21.5550479888916,19.65672492980957,35.39794921875,144.60205078125,5.437966823577881,0.39582473039627075,0,0,
31170,-21.9725284576416,19.43699836730957,34.98046875,144.38232421875,5.437966823577881,0.39582473039627075,0,0,
31180,-22.29404640197754,19.025161743164062,34.69482421875,144.07470703125,5.437966823577881,0.39582473039627075,0,0,
31190,-22.49180030822754,18.673599243164062,34.4970703125,143.72314453125,5.437966823577881,0.39582473039627075,0,0,
31200,-22.57969093322754,18.190200805664062,34.4091796875,143.23974609375,5.437966823577881,0.39582473039627075,0,0,
31210,-22.57969093322754,17.640884399414062,34.4091796875,142.6904296875,5.437966823577881,0.39582473039627075,0,0,
31220,-22.49180030822754,17.047622680664062,34.4970703125,142.09716796875,5.437966823577881,0.39582473039627075,0,0,
31230,-22.267738342285156,16.174903869628906,34.7607421875,141.39404296875,5.437966823577881,0.39582473039627075,0,0,
31240,-21.894203186035156,15.427833557128906,35.13427734375,140.64697265625,5.437966823577881,0.39582473039627075,0,0,
31250,-21.410804748535156,14.592872619628906,35.61767578125,139.81201171875,5.437966823577881,0.39582473039627075,0,0,
31260,-20.817543029785156,13.713966369628906,36.2109375,138.93310546875,5.437966823577881,0.39582473039627075,0,0,
31270,-20.158363342285156,12.813087463378906,36.8701171875,138.0322265625,5.437966823577881,0.39582473039627075,0,0,
31280,-19.441858291625977,11.666718482971191,37.63916015625,137.08740234375,5.437966823577881,0.39582473039627075,0,0,
31290,-18.628870010375977,10.699921607971191,38.4521484375,136.12060546875,5.437966823577881,0.39582473039627075,0,0,
31300,-17.618127822875977,9.579316139221191,39.462890625,135.0,5.437966823577881,0.39582473039627075,0,0,
31310,-16.563440322875977,8.502655982971191,40.517578125,133.92333984375,5.437966823577881,0.39582473039627075,0,0,
31320,-15.398890495300293,7.404023170471191,41.68212890625,132.82470703125,5.437966823577881,0.39582473039627075,0,0,
31330,-14.256147384643555,6.016000270843506,42.91259765625,131.7041015625,5.437966823577881,0.39582473039627075,0,0,
31340,-13.025678634643555,4.939340114593506,44.14306640625,130.62744140625,5.437966823577881,0.39582473039627075,0,0,
31350,-11.509565353393555,3.664926052093506,45.6591796875,129.35302734375,5.437966823577881,0.39582473039627075,0,0,
31360,-10.081342697143555,2.500375270843506,47.08740234375,128.1884765625,5.437966823577881,0.39582473039627075,0,0,
31370,-8.850873947143555,1.3797698020935059,48.31787109375,127.06787109375,5.437966823577881,0.39582473039627075,0,0,
31380,-7.791115760803223,-0.0075262486934661865,49.5263671875,125.9912109375,5.437966823577881,0.39582473039627075,0,0,
31390,-6.406838417053223,-1.0182684659957886,50.91064453125,124.98046875,5.437966823577881,0.39582473039627075,0,0,
31400,-4.561135292053223,-2.116901159286499,52.75634765625,123.8818359375,5.437966823577881,0.39582473039627075,0,0,
31410,-2.8692407608032227,-3.083698034286499,54.4482421875,122.9150390625,5.437966823577881,0.39582473039627075,0,0,
31420,-1.1334009170532227,-4.006549835205078,56.18408203125,121.9921875,5.437966823577881,0.39582473039627075,0,0,
31430,0.5330453515052795,-5.096227169036865,57.94189453125,121.09130859375,5.437966823577881,0.39582473039627075,0,0,
31440,2.1809945106506348,-5.843297481536865,59.58984375,120.34423828125,5.437966823577881,0.39582473039627075,0,0,
31450,4.048670291900635,-6.656285762786865,61.45751953125,119.53125,5.437966823577881,0.39582473039627075,0,0,
31460,5.784510135650635,-7.381383419036865,63.193359375,118.80615234375,5.437966823577881,0.39582473039627075,0,0,
31470,7.520349979400635,-8.018589973449707,64.92919921875,118.1689453125,5.437966823577881,0.39582473039627075,0,0,
31480,9.125524520874023,-8.746439933776855,66.59912109375,117.5537109375,5.437966823577881,0.39582473039627075,0,0,
31490,10.707555770874023,-9.251811027526855,68.18115234375,117.04833984375,5.437966823577881,0.39582473039627075,0,0,
31500,12.443395614624023,-9.801127433776855,69.9169921875,116.4990234375,5.437966823577881,0.39582473039627075,0,0,
31510,14.003454208374023,-10.284525871276855,71.47705078125,116.015625,5.437966823577881,0.39582473039627075,0,0,
