systime[ms],angle0[deg],angle1[deg],angle0_raw[deg],angle1_raw[deg],angle0_average[deg],angle1_average[deg],err_angle0[-],err_angle1[-],
790,-0.5659463405609131,3.3005800247192383,55.17333984375,127.6611328125,0.0,0.0,0,0,
800,-0.5659463405609131,3.2126893997192383,55.17333984375,127.5732421875,0.0,0.0,0,0,
810,-0.5659463405609131,3.1467714309692383,55.17333984375,127.50732421875,0.0,0.0,0,0,
820,-0.5659463405609131,3.1028261184692383,55.17333984375,127.46337890625,0.0,0.0,0,0,
830,-0.501349687576294,3.097705364227295,55.1513671875,127.3974609375,0.0,0.0,0,0,
840,-0.501349687576294,3.053760051727295,55.1513671875,127.353515625,0.0,0.0,0,0,
850,-0.501349687576294,3.009814739227295,55.1513671875,127.3095703125,0.0,0.0,0,0,
860,-0.501349687576294,2.965869426727295,55.1513671875,127.265625,0.0,0.0,0,0,
870,-0.501349687576294,2.921924114227295,55.1513671875,127.2216796875,0.0,0.0,0,0,
880,-0.4363359212875366,2.9198403358459473,55.1513671875,127.177734375,0.0,0.0,0,0,
890,-0.4363359212875366,2.8978676795959473,55.1513671875,127.15576171875,0.0,0.0,0,0,
900,-0.4363359212875366,2.8758950233459473,55.1513671875,127.1337890625,0.0,0.0,0,0,
910,-0.4363359212875366,2.8539223670959473,55.1513671875,127.11181640625,0.0,0.0,0,0,
920,-0.4363359212875366,2.8099770545959473,55.1513671875,127.06787109375,0.0,0.0,0,0,
930,-0.3552126884460449,2.807495355606079,55.1513671875,127.0458984375,0.0,0.0,0,0,
940,-0.3552126884460449,2.785522699356079,55.1513671875,127.02392578125,0.0,0.0,0,0,
950,-0.3552126884460449,2.763550043106079,55.1513671875,127.001953125,0.0,0.0,0,0,
960,-0.3552126884460449,2.763550043106079,55.1513671875,127.001953125,0.0,0.0,0,0,
970,-0.3552126884460449,2.763550043106079,55.1513671875,127.001953125,0.0,0.0,0,0,
980,-0.2912712097167969,2.7899980545043945,55.1513671875,127.001953125,0.0,0.0,0,0,
990,-0.2912712097167969,2.7899980545043945,55.1513671875,127.001953125,0.0,0.0,0,0,
1000,-0.2912712097167969,2.8119707107543945,55.1513671875,127.02392578125,0.0,0.0,0,0,
1010,-0.2912712097167969,2.8778886795043945,55.1513671875,127.08984375,0.0,0.0,0,0,
1020,-0.2912712097167969,2.9657793045043945,55.1513671875,127.177734375,0.0,0.0,0,0,
1030,-0.25481724739074707,3.100797176361084,55.1513671875,127.24365234375,0.0,0.0,0,0,
1040,-0.23284459114074707,3.166715145111084,55.17333984375,127.3095703125,0.0,0.0,0,0,
1050,-0.23284459114074707,3.232633113861084,55.17333984375,127.37548828125,0.0,0.0,0,0,
1060,-0.23284459114074707,3.298551082611084,55.17333984375,127.44140625,0.0,0.0,0,0,
1070,-0.21087193489074707,3.342496395111084,55.1953125,127.4853515625,0.0,0.0,0,0,
1080,-0.17305970191955566,3.4278109073638916,55.1953125,127.529296875,0.0,0.0,0,0,
1090,-0.17305970191955566,3.4717562198638916,55.1953125,127.5732421875,0.0,0.0,0,0,
1100,-0.17305970191955566,3.5376741886138916,55.1953125,127.63916015625,0.0,0.0,0,0,
1110,-0.17305970191955566,3.6035921573638916,55.1953125,127.705078125,0.0,0.0,0,0,
1120,-0.17305970191955566,3.6695101261138916,55.1953125,127.77099609375,0.0,0.0,0,0,
1130,-0.13017690181732178,3.779576301574707,55.1953125,127.8369140625,0.0,0.0,0,0,
1140,-0.13017690181732178,3.845494270324707,55.1953125,127.90283203125,0.0,0.0,0,0,
1150,-0.13017690181732178,3.911412239074707,55.1953125,127.96875,0.0,0.0,0,0,
1160,-0.13017690181732178,3.977330207824707,55.1953125,128.03466796875,0.0,0.0,0,0,
1170,-0.13017690181732178,4.021275520324707,55.1953125,128.07861328125,0.0,0.0,0,0,
1180,-0.08812177181243896,4.089990139007568,55.1953125,128.12255859375,0.0,0.0,0,0,
1190,-0.08812177181243896,4.133935451507568,55.1953125,128.16650390625,0.0,0.0,0,0,
1200,-0.08812177181243896,4.199853420257568,55.1953125,128.232421875,0.0,0.0,0,0,
1210,-0.08812177181243896,4.265771389007568,55.1953125,128.29833984375,0.0,0.0,0,0,
1220,-0.08812177181243896,4.309716701507568,55.1953125,128.34228515625,0.0,0.0,0,0,
1230,-0.0662616491317749,4.383209228515625,55.1953125,128.38623046875,0.0,0.0,0,0,
1240,-0.0662616491317749,4.405181884765625,55.1953125,128.408203125,0.0,0.0,0,0,
1250,-0.0662616491317749,4.449127197265625,55.1953125,128.4521484375,0.0,0.0,0,0,
1260,-0.0662616491317749,4.471099853515625,55.1953125,128.47412109375,0.0,0.0,0,0,
1270,-0.0662616491317749,4.493072509765625,55.1953125,128.49609375,0.0,0.0,0,0,
1280,-0.05343067646026611,4.535892486572266,55.1953125,128.51806640625,0.0,0.0,0,0,
1290,-0.05343067646026611,4.557865142822266,55.1953125,128.5400390625,0.0,0.0,0,0,
1300,-0.09737598896026611,4.557865142822266,55.1513671875,128.5400390625,0.0,0.0,0,0,
1310,-0.11934864521026611,4.579837799072266,55.12939453125,128.56201171875,0.0,0.0,0,0,
1320,-0.1413213014602661,4.579837799072266,55.107421875,128.56201171875,0.0,0.0,0,0,
1330,-0.15436339378356934,4.595056533813477,55.08544921875,128.56201171875,0.0,0.0,0,0,
1340,-0.17633605003356934,4.595056533813477,55.0634765625,128.56201171875,0.0,0.0,0,0,
1350,-0.17633605003356934,4.595056533813477,55.0634765625,128.56201171875,0.0,0.0,0,0,
1360,-0.19830870628356934,4.595056533813477,55.04150390625,128.56201171875,0.0,0.0,0,0,
1370,-0.22028136253356934,4.595056533813477,55.01953125,128.56201171875,0.0,0.0,0,0,
1380,-0.23317694664001465,4.621760368347168,54.99755859375,128.56201171875,0.0,0.0,0,0,
1390,-0.23317694664001465,4.621760368347168,54.99755859375,128.56201171875,0.0,0.0,0,0,
1400,-0.23317694664001465,4.621760368347168,54.99755859375,128.56201171875,0.0,0.0,0,0,
1410,-0.25514960289001465,4.621760368347168,54.9755859375,128.56201171875,0.0,0.0,0,0,
1420,-0.25514960289001465,4.621760368347168,54.9755859375,128.56201171875,0.0,0.0,0,0,
1430,-0.27317380905151367,4.598387241363525,54.95361328125,128.51806640625,0.0,0.0,0,0,
1440,-0.27317380905151367,4.576414585113525,54.95361328125,128.49609375,0.0,0.0,0,0,
1450,-0.27317380905151367,4.554441928863525,54.95361328125,128.47412109375,0.0,0.0,0,0,
1460,-0.27317380905151367,4.532469272613525,54.95361328125,128.4521484375,0.0,0.0,0,0,
1470,-0.27317380905151367,4.510496616363525,54.95361328125,128.43017578125,0.0,0.0,0,0,
1480,-0.25874412059783936,4.528717517852783,54.95361328125,128.408203125,0.0,0.0,0,0,
1490,-0.25874412059783936,4.484772205352783,54.95361328125,128.3642578125,0.0,0.0,0,0,
1500,-0.25874412059783936,4.462799549102783,54.95361328125,128.34228515625,0.0,0.0,0,0,
1510,-0.25874412059783936,4.440826892852783,54.95361328125,128.3203125,0.0,0.0,0,0,
1520,-0.25874412059783936,4.396881580352783,54.95361328125,128.2763671875,0.0,0.0,0,0,
1530,-0.2674297094345093,4.372882843017578,54.931640625,128.232421875,0.0,0.0,0,0,
1540,-0.2674297094345093,4.328937530517578,54.931640625,128.1884765625,0.0,0.0,0,0,
1550,-0.2674297094345093,4.284992218017578,54.931640625,128.14453125,0.0,0.0,0,0,
1560,-0.2674297094345093,4.263019561767578,54.931640625,128.12255859375,0.0,0.0,0,0,
1570,-0.2674297094345093,4.197101593017578,54.931640625,128.056640625,0.0,0.0,0,0,
1580,-0.25456488132476807,4.215728282928467,54.931640625,128.03466796875,0.0,0.0,0,0,
1590,-0.25456488132476807,4.171782970428467,54.931640625,127.99072265625,0.0,0.0,0,0,
1600,-0.25456488132476807,4.127837657928467,54.931640625,127.94677734375,0.0,0.0,0,0,
1610,-0.23259222507476807,4.083892345428467,54.95361328125,127.90283203125,0.0,0.0,0,0,
1620,-0.18864691257476807,4.017974376678467,54.99755859375,127.8369140625,0.0,0.0,0,0,
1630,-0.15835821628570557,4.001812934875488,54.99755859375,127.79296875,0.0,0.0,0,0,
1640,-0.11441290378570557,3.957867383956909,55.04150390625,127.7490234375,0.0,0.0,0,0,
1650,-0.09244024753570557,3.935894727706909,55.0634765625,127.72705078125,0.0,0.0,0,0,
1660,-0.07046759128570557,3.913922071456909,55.08544921875,127.705078125,0.0,0.0,0,0,
1670,-0.07046759128570557,3.891949415206909,55.08544921875,127.68310546875,0.0,0.0,0,0,
1680,-0.019687771797180176,3.9187560081481934,55.107421875,127.6611328125,0.0,0.0,0,0,
1690,-0.019687771797180176,3.8967833518981934,55.107421875,127.63916015625,0.0,0.0,0,0,
1700,0.0022848844528198242,3.8748106956481934,55.12939453125,127.6171875,0.0,0.0,0,0,
1710,0.024257540702819824,3.8528380393981934,55.1513671875,127.59521484375,0.0,0.0,0,0,
1720,0.024257540702819824,3.8308653831481934,55.1513671875,127.5732421875,0.0,0.0,0,0,
1730,0.04015755653381348,3.8325047492980957,55.1513671875,127.55126953125,0.0,0.0,0,0,
1740,0.06213021278381348,3.8105320930480957,55.17333984375,127.529296875,0.0,0.0,0,0,
1750,0.06213021278381348,3.8105320930480957,55.17333984375,127.529296875,0.0,0.0,0,0,
1760,0.06213021278381348,3.8105320930480957,55.17333984375,127.529296875,0.0,0.0,0,0,
1770,0.06213021278381348,3.7885594367980957,55.17333984375,127.50732421875,0.0,0.0,0,0,
1780,0.09754860401153564,3.7949585914611816,55.17333984375,127.50732421875,0.0,0.0,0,0,
1790,0.09754860401153564,3.7949585914611816,55.17333984375,127.50732421875,0.0,0.0,0,0,
1800,0.07557594776153564,3.7949585914611816,55.1513671875,127.50732421875,0.0,0.0,0,0,
1810,0.07557594776153564,3.7949585914611816,55.1513671875,127.50732421875,0.0,0.0,0,0,
1820,0.053603291511535645,3.7949585914611816,55.12939453125,127.50732421875,0.0,0.0,0,0,
1830,0.06631803512573242,3.8007559776306152,55.107421875,127.50732421875,0.0,0.0,0,0,
1840,0.06631803512573242,3.8007559776306152,55.107421875,127.50732421875,0.0,0.0,0,0,
1850,0.04434537887573242,3.8007559776306152,55.08544921875,127.50732421875,0.0,0.0,0,0,
1860,0.0004000663757324219,3.8007559776306152,55.04150390625,127.50732421875,0.0,0.0,0,0,
1870,0.0004000663757324219,3.8007559776306152,55.04150390625,127.50732421875,0.0,0.0,0,0,
1880,0.017740368843078613,3.843693971633911,55.01953125,127.529296875,0.0,0.0,0,0,
1890,-0.004232287406921387,3.843693971633911,54.99755859375,127.529296875,0.0,0.0,0,0,
1900,-0.026204943656921387,3.865666627883911,54.9755859375,127.55126953125,0.0,0.0,0,0,
1910,-0.026204943656921387,3.887639284133911,54.9755859375,127.5732421875,0.0,0.0,0,0,
1920,-0.026204943656921387,3.887639284133911,54.9755859375,127.5732421875,0.0,0.0,0,0,
1930,-0.029875874519348145,3.961775302886963,54.95361328125,127.6171875,0.0,0.0,0,0,
1940,-0.029875874519348145,3.983747959136963,54.95361328125,127.63916015625,0.0,0.0,0,0,
1950,-0.029875874519348145,4.005720615386963,54.95361328125,127.6611328125,0.0,0.0,0,0,
1960,-0.051848530769348145,4.027693271636963,54.931640625,127.68310546875,0.0,0.0,0,0,
1970,-0.051848530769348145,4.049665927886963,54.931640625,127.705078125,0.0,0.0,0,0,
1980,-0.0326385498046875,4.115703582763672,54.931640625,127.72705078125,0.0,0.0,0,0,
1990,-0.0326385498046875,4.137676239013672,54.931640625,127.7490234375,0.0,0.0,0,0,
2000,-0.0326385498046875,4.159648895263672,54.931640625,127.77099609375,0.0,0.0,0,0,
2010,-0.0326385498046875,4.181621551513672,54.931640625,127.79296875,0.0,0.0,0,0,
2020,-0.0326385498046875,4.203594207763672,54.931640625,127.81494140625,0.0,0.0,0,0,
2030,-0.017870783805847168,4.258234024047852,54.931640625,127.8369140625,0.0,0.0,0,0,
2040,-0.03984344005584717,4.280206680297852,54.90966796875,127.85888671875,0.0,0.0,0,0,
2050,-0.03984344005584717,4.324151992797852,54.90966796875,127.90283203125,0.0,0.0,0,0,
2060,-0.03984344005584717,4.346124649047852,54.90966796875,127.9248046875,0.0,0.0,0,0,
2070,-0.03984344005584717,4.368097305297852,54.90966796875,127.94677734375,0.0,0.0,0,0,
2080,-0.013702392578125,4.3690385818481445,54.90966796875,127.94677734375,0.0,0.0,0,0,
2090,-0.013702392578125,4.3910112380981445,54.90966796875,127.96875,0.0,0.0,0,0,
2100,-0.013702392578125,4.4129838943481445,54.90966796875,127.99072265625,0.0,0.0,0,0,
2110,-0.013702392578125,4.4349565505981445,54.90966796875,128.0126953125,0.0,0.0,0,0,
2120,-0.013702392578125,4.4569292068481445,54.90966796875,128.03466796875,0.0,0.0,0,0,
2130,0.012648224830627441,4.504275321960449,54.90966796875,128.07861328125,0.0,0.0,0,0,
2140,0.03462088108062744,4.526247978210449,54.931640625,128.1005859375,0.0,0.0,0,0,
2150,0.05659353733062744,4.570193290710449,54.95361328125,128.14453125,0.0,0.0,0,0,
2160,0.10053884983062744,4.570193290710449,54.99755859375,128.14453125,0.0,0.0,0,0,
2170,0.12251150608062744,4.592165946960449,55.01953125,128.16650390625,0.0,0.0,0,0,
2180,0.1543421745300293,4.608908653259277,55.04150390625,128.16650390625,0.0,0.0,0,0,
2190,0.1763148307800293,4.608908653259277,55.0634765625,128.16650390625,0.0,0.0,0,0,
2200,0.2202601432800293,4.608908653259277,55.107421875,128.16650390625,0.0,0.0,0,0,
2210,0.2422327995300293,4.630881309509277,55.12939453125,128.1884765625,0.0,0.0,0,0,
2220,0.2642054557800293,4.630881309509277,55.1513671875,128.1884765625,0.0,0.0,0,0,
2230,0.32243549823760986,4.698805809020996,55.17333984375,128.21044921875,0.0,0.0,0,0,
2240,0.34440815448760986,4.698805809020996,55.1953125,128.21044921875,0.0,0.0,0,0,
2250,0.38835346698760986,4.698805809020996,55.2392578125,128.21044921875,0.0,0.0,0,0,
2260,0.43229877948760986,4.698805809020996,55.283203125,128.21044921875,0.0,0.0,0,0,
2270,0.47624409198760986,4.720778465270996,55.3271484375,128.232421875,0.0,0.0,0,0,
2280,0.5455641746520996,4.765321731567383,55.37109375,128.232421875,0.0,0.0,0,0,
2290,0.5675368309020996,4.765321731567383,55.39306640625,128.232421875,0.0,0.0,0,0,
2300,0.6114821434020996,4.765321731567383,55.43701171875,128.232421875,0.0,0.0,0,0,
2310,0.6334547996520996,4.765321731567383,55.458984375,128.232421875,0.0,0.0,0,0,
2320,0.6554274559020996,4.765321731567383,55.48095703125,128.232421875,0.0,0.0,0,0,
2330,0.7518457174301147,4.782063961029053,55.52490234375,128.232421875,0.0,0.0,0,0,
2340,0.7518457174301147,4.782063961029053,55.52490234375,128.232421875,0.0,0.0,0,0,
2350,0.7957910299301147,4.782063961029053,55.56884765625,128.232421875,0.0,0.0,0,0,
2360,0.7957910299301147,4.782063961029053,55.56884765625,128.232421875,0.0,0.0,0,0,
2370,0.8397363424301147,4.782063961029053,55.61279296875,128.232421875,0.0,0.0,0,0,
2380,0.8687736988067627,4.792022705078125,55.61279296875,128.232421875,0.0,0.0,0,0,
2390,0.8907463550567627,4.792022705078125,55.634765625,128.232421875,0.0,0.0,0,0,
2400,0.8907463550567627,4.792022705078125,55.634765625,128.232421875,0.0,0.0,0,0,
2410,0.8907463550567627,4.792022705078125,55.634765625,128.232421875,0.0,0.0,0,0,
2420,0.8907463550567627,4.792022705078125,55.634765625,128.232421875,0.0,0.0,0,0,
2430,0.9541727304458618,4.774816513061523,55.634765625,128.232421875,0.0,0.0,0,0,
2440,0.9541727304458618,4.774816513061523,55.634765625,128.232421875,0.0,0.0,0,0,
2450,0.9541727304458618,4.774816513061523,55.634765625,128.232421875,0.0,0.0,0,0,
2460,0.9541727304458618,4.752843856811523,55.634765625,128.21044921875,0.0,0.0,0,0,
2470,0.9102274179458618,4.752843856811523,55.5908203125,128.21044921875,0.0,0.0,0,0,
2480,0.9778575897216797,4.756218910217285,55.56884765625,128.21044921875,0.0,0.0,0,0,
2490,0.9339122772216797,4.756218910217285,55.52490234375,128.21044921875,0.0,0.0,0,0,
2500,0.8899669647216797,4.734246253967285,55.48095703125,128.1884765625,0.0,0.0,0,0,
2510,0.8460216522216797,4.734246253967285,55.43701171875,128.1884765625,0.0,0.0,0,0,
2520,0.7801036834716797,4.712273597717285,55.37109375,128.16650390625,0.0,0.0,0,0,
2530,0.8309080600738525,4.687219619750977,55.3271484375,128.14453125,0.0,0.0,0,0,
2540,0.7649900913238525,4.687219619750977,55.26123046875,128.14453125,0.0,0.0,0,0,
2550,0.6990721225738525,4.687219619750977,55.1953125,128.14453125,0.0,0.0,0,0,
2560,0.6551268100738525,4.687219619750977,55.1513671875,128.14453125,0.0,0.0,0,0,
2570,0.6111814975738525,4.665246963500977,55.107421875,128.12255859375,0.0,0.0,0,0,
2580,0.589118242263794,4.655033111572266,55.04150390625,128.12255859375,0.0,0.0,0,0,
2590,0.545172929763794,4.655033111572266,54.99755859375,128.12255859375,0.0,0.0,0,0,
2600,0.523200273513794,4.633060455322266,54.9755859375,128.1005859375,0.0,0.0,0,0,
2610,0.501227617263794,4.633060455322266,54.95361328125,128.1005859375,0.0,0.0,0,0,
2620,0.47925496101379395,4.633060455322266,54.931640625,128.1005859375,0.0,0.0,0,0,
2630,0.46355295181274414,4.568887233734131,54.931640625,128.056640625,0.0,0.0,0,0,
2640,0.44158029556274414,4.568887233734131,54.90966796875,128.056640625,0.0,0.0,0,0,
2650,0.44158029556274414,4.546914577484131,54.90966796875,128.03466796875,0.0,0.0,0,0,
2660,0.44158029556274414,4.546914577484131,54.90966796875,128.03466796875,0.0,0.0,0,0,
2670,0.41960763931274414,4.546914577484131,54.8876953125,128.03466796875,0.0,0.0,0,0,
2680,0.36464548110961914,4.534326076507568,54.8876953125,128.03466796875,0.0,0.0,0,0,
2690,0.36464548110961914,4.534326076507568,54.8876953125,128.03466796875,0.0,0.0,0,0,
2700,0.36464548110961914,4.534326076507568,54.8876953125,128.03466796875,0.0,0.0,0,0,
2710,0.36464548110961914,4.534326076507568,54.8876953125,128.03466796875,0.0,0.0,0,0,
2720,0.36464548110961914,4.534326076507568,54.8876953125,128.03466796875,0.0,0.0,0,0,
2730,0.30473172664642334,4.495379447937012,54.8876953125,128.0126953125,0.0,0.0,0,0,
2740,0.30473172664642334,4.473406791687012,54.8876953125,127.99072265625,0.0,0.0,0,0,
2750,0.28275907039642334,4.451434135437012,54.86572265625,127.96875,0.0,0.0,0,0,
2760,0.28275907039642334,4.429461479187012,54.86572265625,127.94677734375,0.0,0.0,0,0,
2770,0.26078641414642334,4.385516166687012,54.84375,127.90283203125,0.0,0.0,0,0,
2780,0.19581615924835205,4.361863136291504,54.84375,127.880859375,0.0,0.0,0,0,
2790,0.19581615924835205,4.339890480041504,54.84375,127.85888671875,0.0,0.0,0,0,
2800,0.19581615924835205,4.317917823791504,54.84375,127.8369140625,0.0,0.0,0,0,
2810,0.19581615924835205,4.317917823791504,54.84375,127.8369140625,0.0,0.0,0,0,
2820,0.19581615924835205,4.273972511291504,54.84375,127.79296875,0.0,0.0,0,0,
2830,0.14015412330627441,4.255194664001465,54.84375,127.77099609375,0.0,0.0,0,0,
2840,0.14015412330627441,4.233222007751465,54.84375,127.7490234375,0.0,0.0,0,0,
2850,0.14015412330627441,4.233222007751465,54.84375,127.7490234375,0.0,0.0,0,0,
2860,0.14015412330627441,4.211249351501465,54.84375,127.72705078125,0.0,0.0,0,0,
2870,0.14015412330627441,4.189276695251465,54.84375,127.705078125,0.0,0.0,0,0,
2880,0.12631356716156006,4.195319175720215,54.84375,127.705078125,0.0,0.0,0,0,
2890,0.12631356716156006,4.173346519470215,54.84375,127.68310546875,0.0,0.0,0,0,
2900,0.12631356716156006,4.151373863220215,54.84375,127.6611328125,0.0,0.0,0,0,
2910,0.12631356716156006,4.151373863220215,54.84375,127.6611328125,0.0,0.0,0,0,
2920,0.12631356716156006,4.107428550720215,54.84375,127.6171875,0.0,0.0,0,0,
2930,0.1192317008972168,4.07061767578125,54.84375,127.59521484375,0.0,0.0,0,0,
2940,0.1192317008972168,4.04864501953125,54.84375,127.5732421875,0.0,0.0,0,0,
2950,0.1631770133972168,4.00469970703125,54.8876953125,127.529296875,0.0,0.0,0,0,
2960,0.2510676383972168,3.982726812362671,54.9755859375,127.50732421875,0.0,0.0,0,0,
2970,0.3389582633972168,3.960754156112671,55.0634765625,127.4853515625,0.0,0.0,0,0,
2980,0.4318639039993286,3.9437034130096436,55.17333984375,127.4853515625,0.0,0.0,0,0,
2990,0.5197545289993286,3.9437034130096436,55.26123046875,127.4853515625,0.0,0.0,0,0,
3000,0.6076451539993286,3.9217307567596436,55.34912109375,127.46337890625,-0.2602360248565674,3.8903934955596924,0,0,
3010,0.6735631227493286,3.9217307567596436,55.4150390625,127.46337890625,-0.2602360248565674,3.8903934955596924,0,0,
3020,0.7614537477493286,3.9217307567596436,55.5029296875,127.46337890625,-0.2602360248565674,3.8903934955596924,0,0,
3030,0.8349779844284058,3.9331858158111572,55.56884765625,127.46337890625,-0.2602360248565674,3.8903934955596924,0,0,
3040,0.9008959531784058,3.9331858158111572,55.634765625,127.46337890625,-0.2602360248565674,3.8903934955596924,0,0,
3050,0.9668139219284058,3.9331858158111572,55.70068359375,127.46337890625,-0.2602360248565674,3.8903934955596924,0,0,
3060,1.0107592344284058,3.9331858158111572,55.74462890625,127.46337890625,-0.2602360248565674,3.8903934955596924,0,0,
3070,1.0766772031784058,3.9331858158111572,55.810546875,127.46337890625,-0.2602360248565674,3.8903934955596924,0,0,
3080,1.1437370777130127,3.928905963897705,55.87646484375,127.46337890625,-0.2602360248565674,3.8903934955596924,0,0,
3090,1.1657097339630127,3.928905963897705,55.8984375,127.46337890625,-0.2602360248565674,3.8903934955596924,0,0,
3100,1.1876823902130127,3.928905963897705,55.92041015625,127.46337890625,-0.2602360248565674,3.8903934955596924,0,0,
3110,1.2316277027130127,3.928905963897705,55.96435546875,127.46337890625,-0.2602360248565674,3.8903934955596924,0,0,
3120,1.2316277027130127,3.928905963897705,55.96435546875,127.46337890625,-0.2602360248565674,3.8903934955596924,0,0,
3130,1.2437293529510498,3.9436287879943848,55.986328125,127.4853515625,-0.2602360248565674,3.8903934955596924,0,0,
3140,1.2657020092010498,3.9656014442443848,56.00830078125,127.50732421875,-0.2602360248565674,3.8903934955596924,0,0,
3150,1.2657020092010498,3.9656014442443848,56.00830078125,127.50732421875,-0.2602360248565674,3.8903934955596924,0,0,
3160,1.2657020092010498,3.9656014442443848,56.00830078125,127.50732421875,-0.2602360248565674,3.8903934955596924,0,0,
3170,1.2657020092010498,3.9875741004943848,56.00830078125,127.529296875,-0.2602360248565674,3.8903934955596924,0,0,
3180,1.2370508909225464,3.961930513381958,55.986328125,127.529296875,-0.2602360248565674,3.8903934955596924,0,0,
3190,1.2150782346725464,3.961930513381958,55.96435546875,127.529296875,-0.2602360248565674,3.8903934955596924,0,0,
3200,1.1711329221725464,3.983903169631958,55.92041015625,127.55126953125,-0.2602360248565674,3.8903934955596924,0,0,
3210,1.1271876096725464,3.983903169631958,55.87646484375,127.55126953125,-0.2602360248565674,3.8903934955596924,0,0,
3220,1.0612696409225464,4.005875587463379,55.810546875,127.5732421875,-0.2602360248565674,3.8903934955596924,0,0,
3230,1.0277082920074463,3.990100383758545,55.78857421875,127.5732421875,-0.2602360248565674,3.8903934955596924,0,0,
3240,0.9617903232574463,4.012073040008545,55.72265625,127.59521484375,-0.2602360248565674,3.8903934955596924,0,0,
3250,0.9178450107574463,4.034045696258545,55.6787109375,127.6171875,-0.2602360248565674,3.8903934955596924,0,0,
3260,0.8519270420074463,4.034045696258545,55.61279296875,127.6171875,-0.2602360248565674,3.8903934955596924,0,0,
3270,0.7860090732574463,4.056018352508545,55.546875,127.63916015625,-0.2602360248565674,3.8903934955596924,0,0,
3280,0.7062704563140869,4.04358434677124,55.48095703125,127.63916015625,-0.2602360248565674,3.8903934955596924,0,0,
3290,0.6403524875640869,4.06555700302124,55.4150390625,127.6611328125,-0.2602360248565674,3.8903934955596924,0,0,
3300,0.5524618625640869,4.08752965927124,55.3271484375,127.68310546875,-0.2602360248565674,3.8903934955596924,0,0,
3310,0.4865438938140869,4.08752965927124,55.26123046875,127.68310546875,-0.2602360248565674,3.8903934955596924,0,0,
3320,0.4206259250640869,4.10950231552124,55.1953125,127.705078125,-0.2602360248565674,3.8903934955596924,0,0,
3330,0.3795713186264038,4.131848335266113,55.12939453125,127.72705078125,-0.2602360248565674,3.8903934955596924,0,0,
3340,0.3136533498764038,4.153820991516113,55.0634765625,127.7490234375,-0.2602360248565674,3.8903934955596924,0,0,
3350,0.2477353811264038,4.175793647766113,54.99755859375,127.77099609375,-0.2602360248565674,3.8903934955596924,0,0,
3360,0.2037900686264038,4.197766304016113,54.95361328125,127.79296875,-0.2602360248565674,3.8903934955596924,0,0,
3370,0.2037900686264038,4.241711616516113,54.95361328125,127.8369140625,-0.2602360248565674,3.8903934955596924,0,0,
3380,0.21566975116729736,4.325526237487793,54.931640625,127.880859375,-0.2602360248565674,3.8903934955596924,0,0,
3390,0.19369709491729736,4.347498893737793,54.90966796875,127.90283203125,-0.2602360248565674,3.8903934955596924,0,0,
3400,0.19369709491729736,4.391444206237793,54.90966796875,127.94677734375,-0.2602360248565674,3.8903934955596924,0,0,
3410,0.19369709491729736,4.435389518737793,54.90966796875,127.99072265625,-0.2602360248565674,3.8903934955596924,0,0,
3420,0.17172443866729736,4.457362174987793,54.8876953125,128.0126953125,-0.2602360248565674,3.8903934955596924,0,0,
3430,0.21091127395629883,4.5152482986450195,54.8876953125,128.03466796875,-0.2602360248565674,3.8903934955596924,0,0,
3440,0.21091127395629883,4.5152482986450195,54.8876953125,128.03466796875,-0.2602360248565674,3.8903934955596924,0,0,
3450,0.18893861770629883,4.5152482986450195,54.86572265625,128.03466796875,-0.2602360248565674,3.8903934955596924,0,0,
3460,0.18893861770629883,4.5152482986450195,54.86572265625,128.03466796875,-0.2602360248565674,3.8903934955596924,0,0,
3470,0.18893861770629883,4.5152482986450195,54.86572265625,128.03466796875,-0.2602360248565674,3.8903934955596924,0,0,
3480,0.15031778812408447,4.579904556274414,54.84375,128.056640625,-0.2602360248565674,3.8903934955596924,0,0,
3490,0.15031778812408447,4.579904556274414,54.84375,128.056640625,-0.2602360248565674,3.8903934955596924,0,0,
3500,0.15031778812408447,4.601877212524414,54.84375,128.07861328125,-0.2602360248565674,3.8903934955596924,0,0,
3510,0.08439981937408447,4.645822525024414,54.77783203125,128.12255859375,-0.2602360248565674,3.8903934955596924,0,0,
3520,0.018481850624084473,4.667795181274414,54.7119140625,128.14453125,-0.2602360248565674,3.8903934955596924,0,0,
3530,-0.05818736553192139,4.736413955688477,54.6240234375,128.1884765625,-0.2602360248565674,3.8903934955596924,0,0,
3540,-0.10213267803192139,4.758386611938477,54.580078125,128.21044921875,-0.2602360248565674,3.8903934955596924,0,0,
3550,-0.1460779905319214,4.758386611938477,54.5361328125,128.21044921875,-0.2602360248565674,3.8903934955596924,0,0,
3560,-0.1680506467819214,4.758386611938477,54.51416015625,128.21044921875,-0.2602360248565674,3.8903934955596924,0,0,
3570,-0.1680506467819214,4.758386611938477,54.51416015625,128.21044921875,-0.2602360248565674,3.8903934955596924,0,0,
3580,-0.17797577381134033,4.72639799118042,54.51416015625,128.1884765625,-0.2602360248565674,3.8903934955596924,0,0,
3590,-0.13403046131134033,4.70442533493042,54.55810546875,128.16650390625,-0.2602360248565674,3.8903934955596924,0,0,
3600,-0.13403046131134033,4.66048002243042,54.55810546875,128.12255859375,-0.2602360248565674,3.8903934955596924,0,0,
3610,-0.13403046131134033,4.61653470993042,54.55810546875,128.07861328125,-0.2602360248565674,3.8903934955596924,0,0,
3620,-0.11205780506134033,4.55061674118042,54.580078125,128.0126953125,-0.2602360248565674,3.8903934955596924,0,0,
3630,-0.09859037399291992,4.459830284118652,54.580078125,127.94677734375,-0.2602360248565674,3.8903934955596924,0,0,
3640,-0.09859037399291992,4.415884971618652,54.580078125,127.90283203125,-0.2602360248565674,3.8903934955596924,0,0,
3650,-0.09859037399291992,4.349967002868652,54.580078125,127.8369140625,-0.2602360248565674,3.8903934955596924,0,0,
3660,-0.09859037399291992,4.306021690368652,54.580078125,127.79296875,-0.2602360248565674,3.8903934955596924,0,0,
3670,-0.09859037399291992,4.262076377868652,54.580078125,127.7490234375,-0.2602360248565674,3.8903934955596924,0,0,
3680,0.054425835609436035,4.226802825927734,54.7119140625,127.705078125,-0.2602360248565674,3.8903934955596924,0,0,
3690,0.14231646060943604,4.182857513427734,54.7998046875,127.6611328125,-0.2602360248565674,3.8903934955596924,0,0,
3700,0.25217974185943604,4.138912200927734,54.90966796875,127.6171875,-0.2602360248565674,3.8903934955596924,0,0,
3710,0.38401567935943604,4.072994232177734,55.04150390625,127.55126953125,-0.2602360248565674,3.8903934955596924,0,0,
3720,0.515851616859436,4.029048919677734,55.17333984375,127.50732421875,-0.2602360248565674,3.8903934955596924,0,0,
3730,0.7181638479232788,3.941255807876587,55.3271484375,127.46337890625,-0.2602360248565674,3.8903934955596924,0,0,
3740,0.8499997854232788,3.897310495376587,55.458984375,127.41943359375,-0.2602360248565674,3.8903934955596924,0,0,
3750,0.9818357229232788,3.853365182876587,55.5908203125,127.37548828125,-0.2602360248565674,3.8903934955596924,0,0,
3760,1.1136716604232788,3.809419870376587,55.72265625,127.33154296875,-0.2602360248565674,3.8903934955596924,0,0,
3770,1.2455075979232788,3.787447214126587,55.8544921875,127.3095703125,-0.2602360248565674,3.8903934955596924,0,0,
3780,1.3840103149414062,3.7158474922180176,55.9423828125,127.28759765625,-0.2602360248565674,3.8903934955596924,0,0,
3790,1.4938735961914062,3.7158474922180176,56.05224609375,127.28759765625,-0.2602360248565674,3.8903934955596924,0,0,
3800,1.5817642211914062,3.6938748359680176,56.14013671875,127.265625,-0.2602360248565674,3.8903934955596924,0,0,
3810,1.6696548461914062,3.6938748359680176,56.22802734375,127.265625,-0.2602360248565674,3.8903934955596924,0,0,
3820,1.7575454711914062,3.6938748359680176,56.31591796875,127.265625,-0.2602360248565674,3.8903934955596924,0,0,
3830,1.8689243793487549,3.662158727645874,56.40380859375,127.265625,-0.2602360248565674,3.8903934955596924,0,0,
3840,1.9568150043487549,3.662158727645874,56.49169921875,127.265625,-0.2602360248565674,3.8903934955596924,0,0,
3850,2.022732973098755,3.662158727645874,56.5576171875,127.265625,-0.2602360248565674,3.8903934955596924,0,0,
3860,2.088650941848755,3.662158727645874,56.62353515625,127.265625,-0.2602360248565674,3.8903934955596924,0,0,
3870,2.110623598098755,3.662158727645874,56.6455078125,127.265625,-0.2602360248565674,3.8903934955596924,0,0,
3880,2.1693484783172607,3.654531717300415,56.689453125,127.265625,-0.2602360248565674,3.8903934955596924,0,0,
3890,2.2132937908172607,3.676504373550415,56.7333984375,127.28759765625,-0.2602360248565674,3.8903934955596924,0,0,
3900,2.2352664470672607,3.698477029800415,56.75537109375,127.3095703125,-0.2602360248565674,3.8903934955596924,0,0,
3910,2.2352664470672607,3.742422342300415,56.75537109375,127.353515625,-0.2602360248565674,3.8903934955596924,0,0,
3920,2.2352664470672607,3.764394998550415,56.75537109375,127.37548828125,-0.2602360248565674,3.8903934955596924,0,0,
3930,2.234600067138672,3.8280208110809326,56.75537109375,127.41943359375,-0.2602360248565674,3.8903934955596924,0,0,
3940,2.234600067138672,3.8499934673309326,56.75537109375,127.44140625,-0.2602360248565674,3.8903934955596924,0,0,
3950,2.234600067138672,3.8499934673309326,56.75537109375,127.44140625,-0.2602360248565674,3.8903934955596924,0,0,
3960,2.234600067138672,3.8939387798309326,56.75537109375,127.4853515625,-0.2602360248565674,3.8903934955596924,0,0,
3970,2.168682098388672,3.9159114360809326,56.689453125,127.50732421875,-0.2602360248565674,3.8903934955596924,0,0,
3980,2.1037063598632812,3.9429309368133545,56.62353515625,127.50732421875,-0.2602360248565674,3.8903934955596924,0,0,
3990,2.0597610473632812,3.9868762493133545,56.57958984375,127.55126953125,-0.2602360248565674,3.8903934955596924,0,0,
4000,1.9498977661132812,4.008849143981934,56.4697265625,127.5732421875,-0.2602360248565674,3.8903934955596924,0,0,
4010,1.8839797973632812,4.030821800231934,56.40380859375,127.59521484375,-0.2602360248565674,3.8903934955596924,0,0,
4020,1.7960891723632812,4.052794456481934,56.31591796875,127.6171875,-0.2602360248565674,3.8903934955596924,0,0,
4030,1.705003023147583,4.104992866516113,56.22802734375,127.63916015625,-0.2602360248565674,3.8903934955596924,0,0,
4040,1.617112398147583,4.126965522766113,56.14013671875,127.6611328125,-0.2602360248565674,3.8903934955596924,0,0,
4050,1.507249116897583,4.170910835266113,56.0302734375,127.705078125,-0.2602360248565674,3.8903934955596924,0,0,
4060,1.375413179397583,4.170910835266113,55.8984375,127.705078125,-0.2602360248565674,3.8903934955596924,0,0,
4070,1.265549898147583,4.214856147766113,55.78857421875,127.7490234375,-0.2602360248565674,3.8903934955596924,0,0,
4080,1.1615252494812012,4.266454219818115,55.6787109375,127.77099609375,-0.2602360248565674,3.8903934955596924,0,0,
4090,1.0516619682312012,4.288426876068115,55.56884765625,127.79296875,-0.2602360248565674,3.8903934955596924,0,0,
4100,0.9198260307312012,4.310399532318115,55.43701171875,127.81494140625,-0.2602360248565674,3.8903934955596924,0,0,
4110,0.8099627494812012,4.332372188568115,55.3271484375,127.8369140625,-0.2602360248565674,3.8903934955596924,0,0,
4120,0.6781268119812012,4.354344844818115,55.1953125,127.85888671875,-0.2602360248565674,3.8903934955596924,0,0,
4130,0.586273193359375,4.429696083068848,55.107421875,127.90283203125,-0.2602360248565674,3.8903934955596924,0,0,
4140,0.542327880859375,4.451668739318848,55.0634765625,127.9248046875,-0.2602360248565674,3.8903934955596924,0,0,
4150,0.520355224609375,4.473641395568848,55.04150390625,127.94677734375,-0.2602360248565674,3.8903934955596924,0,0,
4160,0.498382568359375,4.473641395568848,55.01953125,127.94677734375,-0.2602360248565674,3.8903934955596924,0,0,
4170,0.498382568359375,4.495614051818848,55.01953125,127.96875,-0.2602360248565674,3.8903934955596924,0,0,
4180,0.4780406951904297,4.52946662902832,54.99755859375,127.99072265625,-0.2602360248565674,3.8903934955596924,0,0,
4190,0.4780406951904297,4.55143928527832,54.99755859375,128.0126953125,-0.2602360248565674,3.8903934955596924,0,0,
4200,0.4780406951904297,4.57341194152832,54.99755859375,128.03466796875,-0.2602360248565674,3.8903934955596924,0,0,
4210,0.4780406951904297,4.57341194152832,54.99755859375,128.03466796875,-0.2602360248565674,3.8903934955596924,0,0,
4220,0.4780406951904297,4.61735725402832,54.99755859375,128.07861328125,-0.2602360248565674,3.8903934955596924,0,0,
4230,0.4025082588195801,4.644346237182617,54.931640625,128.1005859375,-0.2602360248565674,3.8903934955596924,0,0,
4240,0.3585629463195801,4.644346237182617,54.8876953125,128.1005859375,-0.2602360248565674,3.8903934955596924,0,0,
4250,0.3146176338195801,4.666318893432617,54.84375,128.12255859375,-0.2602360248565674,3.8903934955596924,0,0,
4260,0.24869966506958008,4.666318893432617,54.77783203125,128.12255859375,-0.2602360248565674,3.8903934955596924,0,0,
4270,0.20475435256958008,4.688291549682617,54.73388671875,128.14453125,-0.2602360248565674,3.8903934955596924,0,0,
4280,0.16743111610412598,4.678865432739258,54.7119140625,128.14453125,-0.2602360248565674,3.8903934955596924,0,0,
4290,0.14545845985412598,4.678865432739258,54.68994140625,128.14453125,-0.2602360248565674,3.8903934955596924,0,0,
4300,0.12348580360412598,4.678865432739258,54.66796875,128.14453125,-0.2602360248565674,3.8903934955596924,0,0,
4310,0.10151314735412598,4.700838088989258,54.64599609375,128.16650390625,-0.2602360248565674,3.8903934955596924,0,0,
4320,0.10151314735412598,4.700838088989258,54.64599609375,128.16650390625,-0.2602360248565674,3.8903934955596924,0,0,
4330,0.0915079116821289,4.7104644775390625,54.64599609375,128.1884765625,-0.2602360248565674,3.8903934955596924,0,0,
4340,0.0915079116821289,4.7104644775390625,54.64599609375,128.1884765625,-0.2602360248565674,3.8903934955596924,0,0,
4350,0.0915079116821289,4.7324371337890625,54.64599609375,128.21044921875,-0.2602360248565674,3.8903934955596924,0,0,
4360,0.0915079116821289,4.7324371337890625,54.64599609375,128.21044921875,-0.2602360248565674,3.8903934955596924,0,0,
4370,0.0915079116821289,4.7324371337890625,54.64599609375,128.21044921875,-0.2602360248565674,3.8903934955596924,0,0,
4380,0.07936573028564453,4.713504791259766,54.64599609375,128.21044921875,-0.2602360248565674,3.8903934955596924,0,0,
4390,0.07936573028564453,4.713504791259766,54.64599609375,128.21044921875,-0.2602360248565674,3.8903934955596924,0,0,
4400,0.07936573028564453,4.713504791259766,54.64599609375,128.21044921875,-0.2602360248565674,3.8903934955596924,0,0,
4410,0.07936573028564453,4.713504791259766,54.64599609375,128.21044921875,-0.2602360248565674,3.8903934955596924,0,0,
4420,0.07936573028564453,4.735477447509766,54.64599609375,128.232421875,-0.2602360248565674,3.8903934955596924,0,0,
4430,0.0678555965423584,4.724060535430908,54.64599609375,128.232421875,-0.2602360248565674,3.8903934955596924,0,0,
4440,0.0678555965423584,4.724060535430908,54.64599609375,128.232421875,-0.2602360248565674,3.8903934955596924,0,0,
4450,0.0678555965423584,4.724060535430908,54.64599609375,128.232421875,-0.2602360248565674,3.8903934955596924,0,0,
4460,0.0678555965423584,4.724060535430908,54.64599609375,128.232421875,-0.2602360248565674,3.8903934955596924,0,0,
4470,0.0678555965423584,4.724060535430908,54.64599609375,128.232421875,-0.2602360248565674,3.8903934955596924,0,0,
4480,0.05640709400177002,4.719388961791992,54.64599609375,128.232421875,-0.2602360248565674,3.8903934955596924,0,0,
4490,0.05640709400177002,4.719388961791992,54.64599609375,128.232421875,-0.2602360248565674,3.8903934955596924,0,0,
4500,0.12232506275177002,4.719388961791992,54.7119140625,128.232421875,-0.2602360248565674,3.8903934955596924,0,0,
4510,0.18824303150177002,4.719388961791992,54.77783203125,128.232421875,-0.2602360248565674,3.8903934955596924,0,0,
4520,0.27613365650177,4.719388961791992,54.86572265625,128.232421875,-0.2602360248565674,3.8903934955596924,0,0,
4530,0.3592524528503418,4.692415714263916,54.95361328125,128.21044921875,-0.2602360248565674,3.8903934955596924,0,0,
4540,0.4691157341003418,4.692415714263916,55.0634765625,128.21044921875,-0.2602360248565674,3.8903934955596924,0,0,
4550,0.5570063591003418,4.670443058013916,55.1513671875,128.1884765625,-0.2602360248565674,3.8903934955596924,0,0,
4560,0.6448969841003418,4.648470401763916,55.2392578125,128.16650390625,-0.2602360248565674,3.8903934955596924,0,0,
4570,0.7327876091003418,4.626497745513916,55.3271484375,128.14453125,-0.2602360248565674,3.8903934955596924,0,0,
4580,0.820906400680542,4.6192169189453125,55.4150390625,128.14453125,-0.2602360248565674,3.8903934955596924,0,0,
4590,0.886824369430542,4.5972442626953125,55.48095703125,128.12255859375,-0.2602360248565674,3.8903934955596924,0,0,
4600,0.952742338180542,4.5752716064453125,55.546875,128.1005859375,-0.2602360248565674,3.8903934955596924,0,0,
4610,1.018660306930542,4.5532989501953125,55.61279296875,128.07861328125,-0.2602360248565674,3.8903934955596924,0,0,
4620,1.084578275680542,4.5313262939453125,55.6787109375,128.056640625,-0.2602360248565674,3.8903934955596924,0,0,
4630,1.134271264076233,4.497873783111572,55.72265625,128.03466796875,-0.2602360248565674,3.8903934955596924,0,0,
4640,1.178216576576233,4.475901126861572,55.7666015625,128.0126953125,-0.2602360248565674,3.8903934955596924,0,0,
4650,1.222161889076233,4.453928470611572,55.810546875,127.99072265625,-0.2602360248565674,3.8903934955596924,0,0,
4660,1.266107201576233,4.431955814361572,55.8544921875,127.96875,-0.2602360248565674,3.8903934955596924,0,0,
4670,1.266107201576233,4.409983158111572,55.8544921875,127.94677734375,-0.2602360248565674,3.8903934955596924,0,0,
4680,1.2953505516052246,4.3747172355651855,55.87646484375,127.9248046875,-0.2602360248565674,3.8903934955596924,0,0,
4690,1.2953505516052246,4.3527445793151855,55.87646484375,127.90283203125,-0.2602360248565674,3.8903934955596924,0,0,
4700,1.2953505516052246,4.3527445793151855,55.87646484375,127.90283203125,-0.2602360248565674,3.8903934955596924,0,0,
4710,1.2953505516052246,4.3307719230651855,55.87646484375,127.880859375,-0.2602360248565674,3.8903934955596924,0,0,
4720,1.2953505516052246,4.3087992668151855,55.87646484375,127.85888671875,-0.2602360248565674,3.8903934955596924,0,0,
4730,1.3017489910125732,4.295955657958984,55.87646484375,127.85888671875,-0.2602360248565674,3.8903934955596924,0,0,
4740,1.3017489910125732,4.273983001708984,55.87646484375,127.8369140625,-0.2602360248565674,3.8903934955596924,0,0,
4750,1.2578036785125732,4.273983001708984,55.83251953125,127.8369140625,-0.2602360248565674,3.8903934955596924,0,0,
4760,1.2138583660125732,4.252010345458984,55.78857421875,127.81494140625,-0.2602360248565674,3.8903934955596924,0,0,
4770,1.1699130535125732,4.252010345458984,55.74462890625,127.81494140625,-0.2602360248565674,3.8903934955596924,0,0,
4780,1.1312086582183838,4.2413105964660645,55.70068359375,127.81494140625,-0.2602360248565674,3.8903934955596924,0,0,
4790,1.0872633457183838,4.2413105964660645,55.65673828125,127.81494140625,-0.2602360248565674,3.8903934955596924,0,0,
4800,1.0213453769683838,4.2413105964660645,55.5908203125,127.81494140625,-0.2602360248565674,3.8903934955596924,0,0,
4810,0.9554274082183838,4.2193379402160645,55.52490234375,127.79296875,-0.2602360248565674,3.8903934955596924,0,0,
4820,0.8895094394683838,4.2193379402160645,55.458984375,127.79296875,-0.2602360248565674,3.8903934955596924,0,0,
4830,0.8491237163543701,4.20859432220459,55.4150390625,127.79296875,-0.2602360248565674,3.8903934955596924,0,0,
4840,0.7832057476043701,4.20859432220459,55.34912109375,127.79296875,-0.2602360248565674,3.8903934955596924,0,0,
4850,0.7172877788543701,4.20859432220459,55.283203125,127.79296875,-0.2602360248565674,3.8903934955596924,0,0,
4860,0.6513698101043701,4.20859432220459,55.21728515625,127.79296875,-0.2602360248565674,3.8903934955596924,0,0,
4870,0.5854518413543701,4.20859432220459,55.1513671875,127.79296875,-0.2602360248565674,3.8903934955596924,0,0,
4880,0.5227491855621338,4.197857856750488,55.08544921875,127.79296875,-0.2602360248565674,3.8903934955596924,0,0,
4890,0.4568312168121338,4.197857856750488,55.01953125,127.79296875,-0.2602360248565674,3.8903934955596924,0,0,
4900,0.4128859043121338,4.197857856750488,54.9755859375,127.79296875,-0.2602360248565674,3.8903934955596924,0,0,
4910,0.3689405918121338,4.197857856750488,54.931640625,127.79296875,-0.2602360248565674,3.8903934955596924,0,0,
4920,0.3689405918121338,4.197857856750488,54.931640625,127.79296875,-0.2602360248565674,3.8903934955596924,0,0,
4930,0.3509695529937744,4.183539390563965,54.90966796875,127.79296875,-0.2602360248565674,3.8903934955596924,0,0,
4940,0.3289968967437744,4.183539390563965,54.8876953125,127.79296875,-0.2602360248565674,3.8903934955596924,0,0,
4950,0.3289968967437744,4.183539390563965,54.8876953125,127.79296875,-0.2602360248565674,3.8903934955596924,0,0,
4960,0.3289968967437744,4.205512046813965,54.8876953125,127.81494140625,-0.2602360248565674,3.8903934955596924,0,0,
4970,0.3070242404937744,4.205512046813965,54.86572265625,127.81494140625,-0.2602360248565674,3.8903934955596924,0,0,
4980,0.310699462890625,4.21286678314209,54.86572265625,127.8369140625,-0.2602360248565674,3.8903934955596924,0,0,
4990,0.310699462890625,4.21286678314209,54.86572265625,127.8369140625,-0.2602360248565674,3.8903934955596924,0,0,
5000,0.310699462890625,4.23483943939209,54.86572265625,127.85888671875,-0.2602360248565674,3.8903934955596924,0,0,
5010,0.310699462890625,4.23483943939209,54.86572265625,127.85888671875,-0.2602360248565674,3.8903934955596924,0,0,
5020,0.310699462890625,4.25681209564209,54.86572265625,127.880859375,-0.2602360248565674,3.8903934955596924,0,0,
5030,0.2923777103424072,4.265128135681152,54.84375,127.90283203125,-0.2602360248565674,3.8903934955596924,0,0,
5040,0.2923777103424072,4.265128135681152,54.84375,127.90283203125,-0.2602360248565674,3.8903934955596924,0,0,
5050,0.2923777103424072,4.287100791931152,54.84375,127.9248046875,-0.2602360248565674,3.8903934955596924,0,0,
5060,0.2923777103424072,4.287100791931152,54.84375,127.9248046875,-0.2602360248565674,3.8903934955596924,0,0,
5070,0.2923777103424072,4.309073448181152,54.84375,127.94677734375,-0.2602360248565674,3.8903934955596924,0,0,
5080,0.2949216365814209,4.317258358001709,54.84375,127.96875,-0.2602360248565674,3.8903934955596924,0,0,
5090,0.2949216365814209,4.339231014251709,54.84375,127.99072265625,-0.2602360248565674,3.8903934955596924,0,0,
5100,0.2949216365814209,4.361203670501709,54.84375,128.0126953125,-0.2602360248565674,3.8903934955596924,0,0,
5110,0.2949216365814209,4.361203670501709,54.84375,128.0126953125,-0.2602360248565674,3.8903934955596924,0,0,
5120,0.2949216365814209,4.383176326751709,54.84375,128.03466796875,-0.2602360248565674,3.8903934955596924,0,0,
5130,0.2979264259338379,4.393677711486816,54.84375,128.056640625,-0.2602360248565674,3.8903934955596924,0,0,
5140,0.2759537696838379,4.393677711486816,54.82177734375,128.056640625,-0.2602360248565674,3.8903934955596924,0,0,
5150,0.2759537696838379,4.415650367736816,54.82177734375,128.07861328125,-0.2602360248565674,3.8903934955596924,0,0,
5160,0.2759537696838379,4.437623023986816,54.82177734375,128.1005859375,-0.2602360248565674,3.8903934955596924,0,0,
5170,0.2759537696838379,4.437623023986816,54.82177734375,128.1005859375,-0.2602360248565674,3.8903934955596924,0,0,
5180,0.2739441394805908,4.450531005859375,54.82177734375,128.12255859375,-0.2602360248565674,3.8903934955596924,0,0,
5190,0.2739441394805908,4.472503662109375,54.82177734375,128.14453125,-0.2602360248565674,3.8903934955596924,0,0,
5200,0.3178894519805908,4.472503662109375,54.86572265625,128.14453125,-0.2602360248565674,3.8903934955596924,0,0,
5210,0.3838074207305908,4.516448974609375,54.931640625,128.1884765625,-0.2602360248565674,3.8903934955596924,0,0,
5220,0.4497253894805908,4.516448974609375,54.99755859375,128.1884765625,-0.2602360248565674,3.8903934955596924,0,0,
5230,0.48710906505584717,4.525142192840576,55.0634765625,128.21044921875,-0.2602360248565674,3.8903934955596924,0,0,
5240,0.5310543775558472,4.525142192840576,55.107421875,128.21044921875,-0.2602360248565674,3.8903934955596924,0,0,
5250,0.5749996900558472,4.525142192840576,55.1513671875,128.21044921875,-0.2602360248565674,3.8903934955596924,0,0,
5260,0.5969723463058472,4.525142192840576,55.17333984375,128.21044921875,-0.2602360248565674,3.8903934955596924,0,0,
5270,0.6189450025558472,4.525142192840576,55.1953125,128.21044921875,-0.2602360248565674,3.8903934955596924,0,0,
5280,0.6763784885406494,4.501702308654785,55.2392578125,128.21044921875,-0.2602360248565674,3.8903934955596924,0,0,
5290,0.7203238010406494,4.501702308654785,55.283203125,128.21044921875,-0.2602360248565674,3.8903934955596924,0,0,
5300,0.7642691135406494,4.501702308654785,55.3271484375,128.21044921875,-0.2602360248565674,3.8903934955596924,0,0,
5310,0.8082144260406494,4.501702308654785,55.37109375,128.21044921875,-0.2602360248565674,3.8903934955596924,0,0,
5320,0.8741323947906494,4.501702308654785,55.43701171875,128.21044921875,-0.2602360248565674,3.8903934955596924,0,0,
5330,0.9059773683547974,4.477090835571289,55.48095703125,128.21044921875,-0.2602360248565674,3.8903934955596924,0,0,
5340,0.9499226808547974,4.477090835571289,55.52490234375,128.21044921875,-0.2602360248565674,3.8903934955596924,0,0,
5350,0.9938679933547974,4.477090835571289,55.56884765625,128.21044921875,-0.2602360248565674,3.8903934955596924,0,0,
5360,1.0378133058547974,4.477090835571289,55.61279296875,128.21044921875,-0.2602360248565674,3.8903934955596924,0,0,
5370,1.0597859621047974,4.477090835571289,55.634765625,128.21044921875,-0.2602360248565674,3.8903934955596924,0,0,
5380,1.1056119203567505,4.454638481140137,55.6787109375,128.21044921875,-0.2602360248565674,3.8903934955596924,0,0,
5390,1.1275845766067505,4.454638481140137,55.70068359375,128.21044921875,-0.2602360248565674,3.8903934955596924,0,0,
5400,1.1495572328567505,4.454638481140137,55.72265625,128.21044921875,-0.2602360248565674,3.8903934955596924,0,0,
5410,1.1715298891067505,4.454638481140137,55.74462890625,128.21044921875,-0.2602360248565674,3.8903934955596924,0,0,
5420,1.1935025453567505,4.454638481140137,55.7666015625,128.21044921875,-0.2602360248565674,3.8903934955596924,0,0,
5430,1.20574951171875,4.437725067138672,55.78857421875,128.21044921875,-0.2602360248565674,3.8903934955596924,0,0,
5440,1.22772216796875,4.437725067138672,55.810546875,128.21044921875,-0.2602360248565674,3.8903934955596924,0,0,
5450,1.22772216796875,4.437725067138672,55.810546875,128.21044921875,-0.2602360248565674,3.8903934955596924,0,0,
5460,1.24969482421875,4.437725067138672,55.83251953125,128.21044921875,-0.2602360248565674,3.8903934955596924,0,0,
5470,1.24969482421875,4.437725067138672,55.83251953125,128.21044921875,-0.2602360248565674,3.8903934955596924,0,0,
5480,1.243304967880249,4.426202774047852,55.83251953125,128.21044921875,-0.2602360248565674,3.8903934955596924,0,0,
5490,1.243304967880249,4.426202774047852,55.83251953125,128.21044921875,-0.2602360248565674,3.8903934955596924,0,0,
5500,1.243304967880249,4.426202774047852,55.83251953125,128.21044921875,-0.2602360248565674,3.8903934955596924,0,0,
5510,1.243304967880249,4.426202774047852,55.83251953125,128.21044921875,-0.2602360248565674,3.8903934955596924,0,0,
5520,1.243304967880249,4.426202774047852,55.83251953125,128.21044921875,-0.2602360248565674,3.8903934955596924,0,0,
5530,1.2396440505981445,4.390529155731201,55.83251953125,128.1884765625,-0.2602360248565674,3.8903934955596924,0,0,
5540,1.2176713943481445,4.390529155731201,55.810546875,128.1884765625,-0.2602360248565674,3.8903934955596924,0,0,
5550,1.2176713943481445,4.368556499481201,55.810546875,128.16650390625,-0.2602360248565674,3.8903934955596924,0,0,
5560,1.1956987380981445,4.368556499481201,55.78857421875,128.16650390625,-0.2602360248565674,3.8903934955596924,0,0,
5570,1.1737260818481445,4.368556499481201,55.7666015625,128.16650390625,-0.2602360248565674,3.8903934955596924,0,0,
5580,1.1299388408660889,4.3579792976379395,55.72265625,128.16650390625,-0.2602360248565674,3.8903934955596924,0,0,
5590,1.1079661846160889,4.3360066413879395,55.70068359375,128.14453125,-0.2602360248565674,3.8903934955596924,0,0,
5600,1.0859935283660889,4.3360066413879395,55.6787109375,128.14453125,-0.2602360248565674,3.8903934955596924,0,0,
5610,1.0640208721160889,4.3140339851379395,55.65673828125,128.12255859375,-0.2602360248565674,3.8903934955596924,0,0,
5620,1.0200755596160889,4.2920613288879395,55.61279296875,128.1005859375,-0.2602360248565674,3.8903934955596924,0,0,
5630,1.0025707483291626,4.280707359313965,55.5908203125,128.1005859375,-0.2602360248565674,3.8903934955596924,0,0,
5640,0.9586254358291626,4.280707359313965,55.546875,128.1005859375,-0.2602360248565674,3.8903934955596924,0,0,
5650,0.9366527795791626,4.258734703063965,55.52490234375,128.07861328125,-0.2602360248565674,3.8903934955596924,0,0,
5660,0.9146801233291626,4.258734703063965,55.5029296875,128.07861328125,-0.2602360248565674,3.8903934955596924,0,0,
5670,0.8707348108291626,4.258734703063965,55.458984375,128.07861328125,-0.2602360248565674,3.8903934955596924,0,0,
5680,0.8538782596588135,4.229855537414551,55.43701171875,128.056640625,-0.2602360248565674,3.8903934955596924,0,0,
5690,0.8319056034088135,4.229855537414551,55.4150390625,128.056640625,-0.2602360248565674,3.8903934955596924,0,0,
5700,0.7879602909088135,4.229855537414551,55.37109375,128.056640625,-0.2602360248565674,3.8903934955596924,0,0,
5710,0.7440149784088135,4.229855537414551,55.3271484375,128.056640625,-0.2602360248565674,3.8903934955596924,0,0,
5720,0.7220423221588135,4.207882881164551,55.30517578125,128.03466796875,-0.2602360248565674,3.8903934955596924,0,0,
5730,0.7066082954406738,4.181883335113525,55.283203125,128.0126953125,-0.2602360248565674,3.8903934955596924,0,0,
5740,0.6626629829406738,4.181883335113525,55.2392578125,128.0126953125,-0.2602360248565674,3.8903934955596924,0,0,
5750,0.6406903266906738,4.181883335113525,55.21728515625,128.0126953125,-0.2602360248565674,3.8903934955596924,0,0,
5760,0.6187176704406738,4.181883335113525,55.1953125,128.0126953125,-0.2602360248565674,3.8903934955596924,0,0,
5770,0.5747723579406738,4.181883335113525,55.1513671875,128.0126953125,-0.2602360248565674,3.8903934955596924,0,0,
5780,0.5803821086883545,4.182049751281738,55.1513671875,128.0126953125,-0.2602360248565674,3.8903934955596924,0,0,
5790,0.5364367961883545,4.182049751281738,55.107421875,128.0126953125,-0.2602360248565674,3.8903934955596924,0,0,
5800,0.5364367961883545,4.182049751281738,55.107421875,128.0126953125,-0.2602360248565674,3.8903934955596924,0,0,
5810,0.5144641399383545,4.182049751281738,55.08544921875,128.0126953125,-0.2602360248565674,3.8903934955596924,0,0,
5820,0.4924914836883545,4.182049751281738,55.0634765625,128.0126953125,-0.2602360248565674,3.8903934955596924,0,0,
5830,0.4755876064300537,4.183591842651367,55.04150390625,128.0126953125,-0.2602360248565674,3.8903934955596924,0,0,
5840,0.4536149501800537,4.183591842651367,55.01953125,128.0126953125,-0.2602360248565674,3.8903934955596924,0,0,
5850,0.4536149501800537,4.183591842651367,55.01953125,128.0126953125,-0.2602360248565674,3.8903934955596924,0,0,
5860,0.4316422939300537,4.183591842651367,54.99755859375,128.0126953125,-0.2602360248565674,3.8903934955596924,0,0,
5870,0.4316422939300537,4.205564498901367,54.99755859375,128.03466796875,-0.2602360248565674,3.8903934955596924,0,0,
5880,0.4377892017364502,4.207884788513184,54.99755859375,128.03466796875,-0.2602360248565674,3.8903934955596924,0,0,
5890,0.4377892017364502,4.229857444763184,54.99755859375,128.056640625,-0.2602360248565674,3.8903934955596924,0,0,
5900,0.4158165454864502,4.229857444763184,54.9755859375,128.056640625,-0.2602360248565674,3.8903934955596924,0,0,
5910,0.4158165454864502,4.251830101013184,54.9755859375,128.07861328125,-0.2602360248565674,3.8903934955596924,0,0,
5920,0.4158165454864502,4.273802757263184,54.9755859375,128.1005859375,-0.2602360248565674,3.8903934955596924,0,0,
5930,0.4212770462036133,4.297656059265137,54.9755859375,128.12255859375,-0.2602360248565674,3.8903934955596924,0,0,
5940,0.4212770462036133,4.297656059265137,54.9755859375,128.12255859375,-0.2602360248565674,3.8903934955596924,0,0,
5950,0.4212770462036133,4.319628715515137,54.9755859375,128.14453125,-0.2602360248565674,3.8903934955596924,0,0,
5960,0.4212770462036133,4.341601371765137,54.9755859375,128.16650390625,-0.2602360248565674,3.8903934955596924,0,0,
5970,0.4212770462036133,4.363574028015137,54.9755859375,128.1884765625,-0.2602360248565674,3.8903934955596924,0,0,
5980,0.4261441230773926,4.365323543548584,54.9755859375,128.1884765625,-0.2602360248565674,3.8903934955596924,0,0,
5990,0.4261441230773926,4.387296199798584,54.9755859375,128.21044921875,-0.2602360248565674,3.8903934955596924,0,0,
6000,0.4261441230773926,4.409268856048584,54.9755859375,128.232421875,0.7367007732391357,4.303187847137451,0,0,
6010,0.4481167793273926,4.431241512298584,54.99755859375,128.25439453125,0.7367007732391357,4.303187847137451,0,0,
6020,0.4481167793273926,4.431241512298584,54.99755859375,128.25439453125,0.7367007732391357,4.303187847137451,0,0,
6030,0.47455525398254395,4.454309463500977,55.01953125,128.2763671875,0.7367007732391357,4.303187847137451,0,0,
6040,0.47455525398254395,4.476282119750977,55.01953125,128.29833984375,0.7367007732391357,4.303187847137451,0,0,
6050,0.49652791023254395,4.498254776000977,55.04150390625,128.3203125,0.7367007732391357,4.303187847137451,0,0,
6060,0.518500566482544,4.498254776000977,55.0634765625,128.3203125,0.7367007732391357,4.303187847137451,0,0,
6070,0.518500566482544,4.520227432250977,55.0634765625,128.34228515625,0.7367007732391357,4.303187847137451,0,0,
6080,0.5436069965362549,4.521143913269043,55.08544921875,128.34228515625,0.7367007732391357,4.303187847137451,0,0,
6090,0.5655796527862549,4.543116569519043,55.107421875,128.3642578125,0.7367007732391357,4.303187847137451,0,0,
6100,0.5655796527862549,4.543116569519043,55.107421875,128.3642578125,0.7367007732391357,4.303187847137451,0,0,
6110,0.5875523090362549,4.565089225769043,55.12939453125,128.38623046875,0.7367007732391357,4.303187847137451,0,0,
6120,0.6095249652862549,4.565089225769043,55.1513671875,128.38623046875,0.7367007732391357,4.303187847137451,0,0,
6130,0.6123847961425781,4.566547393798828,55.1513671875,128.38623046875,0.7367007732391357,4.303187847137451,0,0,
6140,0.6343574523925781,4.566547393798828,55.17333984375,128.38623046875,0.7367007732391357,4.303187847137451,0,0,
6150,0.6563301086425781,4.566547393798828,55.1953125,128.38623046875,0.7367007732391357,4.303187847137451,0,0,
6160,0.6563301086425781,4.566547393798828,55.1953125,128.38623046875,0.7367007732391357,4.303187847137451,0,0,
6170,0.6783027648925781,4.566547393798828,55.21728515625,128.38623046875,0.7367007732391357,4.303187847137451,0,0,
6180,0.6812453269958496,4.568778991699219,55.21728515625,128.38623046875,0.7367007732391357,4.303187847137451,0,0,
6190,0.7032179832458496,4.568778991699219,55.2392578125,128.38623046875,0.7367007732391357,4.303187847137451,0,0,
6200,0.7032179832458496,4.568778991699219,55.2392578125,128.38623046875,0.7367007732391357,4.303187847137451,0,0,
6210,0.7251906394958496,4.568778991699219,55.26123046875,128.38623046875,0.7367007732391357,4.303187847137451,0,0,
6220,0.7251906394958496,4.568778991699219,55.26123046875,128.38623046875,0.7367007732391357,4.303187847137451,0,0,
6230,0.7493696212768555,4.570835113525391,55.283203125,128.38623046875,0.7367007732391357,4.303187847137451,0,0,
6240,0.7493696212768555,4.570835113525391,55.283203125,128.38623046875,0.7367007732391357,4.303187847137451,0,0,
6250,0.7493696212768555,4.570835113525391,55.283203125,128.38623046875,0.7367007732391357,4.303187847137451,0,0,
6260,0.7493696212768555,4.570835113525391,55.283203125,128.38623046875,0.7367007732391357,4.303187847137451,0,0,
6270,0.7713422775268555,4.570835113525391,55.30517578125,128.38623046875,0.7367007732391357,4.303187847137451,0,0,
6280,0.7738373279571533,4.572491645812988,55.30517578125,128.38623046875,0.7367007732391357,4.303187847137451,0,0,
6290,0.7738373279571533,4.572491645812988,55.30517578125,128.38623046875,0.7367007732391357,4.303187847137451,0,0,
6300,0.7738373279571533,4.572491645812988,55.30517578125,128.38623046875,0.7367007732391357,4.303187847137451,0,0,
6310,0.7738373279571533,4.572491645812988,55.30517578125,128.38623046875,0.7367007732391357,4.303187847137451,0,0,
6320,0.7738373279571533,4.572491645812988,55.30517578125,128.38623046875,0.7367007732391357,4.303187847137451,0,0,
6330,0.7760205268859863,4.57352352142334,55.30517578125,128.38623046875,0.7367007732391357,4.303187847137451,0,0,
6340,0.7760205268859863,4.57352352142334,55.30517578125,128.38623046875,0.7367007732391357,4.303187847137451,0,0,
6350,0.7760205268859863,4.57352352142334,55.30517578125,128.38623046875,0.7367007732391357,4.303187847137451,0,0,
6360,0.7760205268859863,4.57352352142334,55.30517578125,128.38623046875,0.7367007732391357,4.303187847137451,0,0,
6370,0.7760205268859863,4.57352352142334,55.30517578125,128.38623046875,0.7367007732391357,4.303187847137451,0,0,
6380,0.7774879932403564,4.574246406555176,55.30517578125,128.38623046875,0.7367007732391357,4.303187847137451,0,0,
6390,0.7774879932403564,4.574246406555176,55.30517578125,128.38623046875,0.7367007732391357,4.303187847137451,0,0,
6400,0.7774879932403564,4.574246406555176,55.30517578125,128.38623046875,0.7367007732391357,4.303187847137451,0,0,
6410,0.7774879932403564,4.574246406555176,55.30517578125,128.38623046875,0.7367007732391357,4.303187847137451,0,0,
6420,0.7774879932403564,4.574246406555176,55.30517578125,128.38623046875,0.7367007732391357,4.303187847137451,0,0,
6430,0.7804462909698486,4.573792457580566,55.30517578125,128.38623046875,0.7367007732391357,4.303187847137451,0,0,
6440,0.7804462909698486,4.573792457580566,55.30517578125,128.38623046875,0.7367007732391357,4.303187847137451,0,0,
6450,0.7804462909698486,4.573792457580566,55.30517578125,128.38623046875,0.7367007732391357,4.303187847137451,0,0,
6460,0.7584736347198486,4.573792457580566,55.283203125,128.38623046875,0.7367007732391357,4.303187847137451,0,0,
6470,0.7584736347198486,4.573792457580566,55.283203125,128.38623046875,0.7367007732391357,4.303187847137451,0,0,
6480,0.7387857437133789,4.575815200805664,55.26123046875,128.38623046875,0.7367007732391357,4.303187847137451,0,0,
6490,0.7387857437133789,4.575815200805664,55.26123046875,128.38623046875,0.7367007732391357,4.303187847137451,0,0,
6500,0.7387857437133789,4.575815200805664,55.26123046875,128.38623046875,0.7367007732391357,4.303187847137451,0,0,
6510,0.7168130874633789,4.575815200805664,55.2392578125,128.38623046875,0.7367007732391357,4.303187847137451,0,0,
6520,0.7168130874633789,4.575815200805664,55.2392578125,128.38623046875,0.7367007732391357,4.303187847137451,0,0,
6530,0.7185206413269043,4.578158378601074,55.2392578125,128.38623046875,0.7367007732391357,4.303187847137451,0,0,
6540,0.6965479850769043,4.578158378601074,55.21728515625,128.38623046875,0.7367007732391357,4.303187847137451,0,0,
6550,0.6965479850769043,4.578158378601074,55.21728515625,128.38623046875,0.7367007732391357,4.303187847137451,0,0,
6560,0.6745753288269043,4.578158378601074,55.1953125,128.38623046875,0.7367007732391357,4.303187847137451,0,0,
6570,0.6745753288269043,4.578158378601074,55.1953125,128.38623046875,0.7367007732391357,4.303187847137451,0,0,
6580,0.6539976596832275,4.581768035888672,55.17333984375,128.38623046875,0.7367007732391357,4.303187847137451,0,0,
6590,0.6539976596832275,4.581768035888672,55.17333984375,128.38623046875,0.7367007732391357,4.303187847137451,0,0,
6600,0.6539976596832275,4.581768035888672,55.17333984375,128.38623046875,0.7367007732391357,4.303187847137451,0,0,
6610,0.6539976596832275,4.581768035888672,55.17333984375,128.38623046875,0.7367007732391357,4.303187847137451,0,0,
6620,0.6320250034332275,4.581768035888672,55.1513671875,128.38623046875,0.7367007732391357,4.303187847137451,0,0,
6630,0.634077787399292,4.58573055267334,55.1513671875,128.38623046875,0.7367007732391357,4.303187847137451,0,0,
6640,0.634077787399292,4.58573055267334,55.1513671875,128.38623046875,0.7367007732391357,4.303187847137451,0,0,
6650,0.634077787399292,4.58573055267334,55.1513671875,128.38623046875,0.7367007732391357,4.303187847137451,0,0,
6660,0.634077787399292,4.58573055267334,55.1513671875,128.38623046875,0.7367007732391357,4.303187847137451,0,0,
6670,0.634077787399292,4.58573055267334,55.1513671875,128.38623046875,0.7367007732391357,4.303187847137451,0,0,
6680,0.61326003074646,4.589516639709473,55.12939453125,128.38623046875,0.7367007732391357,4.303187847137451,0,0,
6690,0.61326003074646,4.589516639709473,55.12939453125,128.38623046875,0.7367007732391357,4.303187847137451,0,0,
6700,0.61326003074646,4.589516639709473,55.12939453125,128.38623046875,0.7367007732391357,4.303187847137451,0,0,
6710,0.61326003074646,4.589516639709473,55.12939453125,128.38623046875,0.7367007732391357,4.303187847137451,0,0,
6720,0.61326003074646,4.589516639709473,55.12939453125,128.38623046875,0.7367007732391357,4.303187847137451,0,0,
6730,0.6149301528930664,4.591325759887695,55.12939453125,128.38623046875,0.7367007732391357,4.303187847137451,0,0,
6740,0.6149301528930664,4.591325759887695,55.12939453125,128.38623046875,0.7367007732391357,4.303187847137451,0,0,
6750,0.6149301528930664,4.591325759887695,55.12939453125,128.38623046875,0.7367007732391357,4.303187847137451,0,0,
6760,0.6149301528930664,4.591325759887695,55.12939453125,128.38623046875,0.7367007732391357,4.303187847137451,0,0,
6770,0.6149301528930664,4.591325759887695,55.12939453125,128.38623046875,0.7367007732391357,4.303187847137451,0,0,
6780,0.6165547370910645,4.59190559387207,55.12939453125,128.38623046875,0.7367007732391357,4.303187847137451,0,0,
6790,0.6165547370910645,4.59190559387207,55.12939453125,128.38623046875,0.7367007732391357,4.303187847137451,0,0,
6800,0.6165547370910645,4.59190559387207,55.12939453125,128.38623046875,0.7367007732391357,4.303187847137451,0,0,
6810,0.6165547370910645,4.59190559387207,55.12939453125,128.38623046875,0.7367007732391357,4.303187847137451,0,0,
6820,0.6165547370910645,4.59190559387207,55.12939453125,128.38623046875,0.7367007732391357,4.303187847137451,0,0,
6830,0.6182730197906494,4.592644214630127,55.12939453125,128.38623046875,0.7367007732391357,4.303187847137451,0,0,
6840,0.6182730197906494,4.592644214630127,55.12939453125,128.38623046875,0.7367007732391357,4.303187847137451,0,0,
6850,0.6182730197906494,4.592644214630127,55.12939453125,128.38623046875,0.7367007732391357,4.303187847137451,0,0,
6860,0.6182730197906494,4.592644214630127,55.12939453125,128.38623046875,0.7367007732391357,4.303187847137451,0,0,
6870,0.6182730197906494,4.592644214630127,55.12939453125,128.38623046875,0.7367007732391357,4.303187847137451,0,0,
6880,0.6195943355560303,4.593287944793701,55.12939453125,128.38623046875,0.7367007732391357,4.303187847137451,0,0,
6890,0.6195943355560303,4.593287944793701,55.12939453125,128.38623046875,0.7367007732391357,4.303187847137451,0,0,
6900,0.6195943355560303,4.615260601043701,55.12939453125,128.408203125,0.7367007732391357,4.303187847137451,0,0,
6910,0.6195943355560303,4.615260601043701,55.12939453125,128.408203125,0.7367007732391357,4.303187847137451,0,0,
6920,0.6195943355560303,4.615260601043701,55.12939453125,128.408203125,0.7367007732391357,4.303187847137451,0,0,
6930,0.6206777095794678,4.616710186004639,55.12939453125,128.408203125,0.7367007732391357,4.303187847137451,0,0,
6940,0.6206777095794678,4.616710186004639,55.12939453125,128.408203125,0.7367007732391357,4.303187847137451,0,0,
6950,0.6206777095794678,4.616710186004639,55.12939453125,128.408203125,0.7367007732391357,4.303187847137451,0,0,
6960,0.6206777095794678,4.616710186004639,55.12939453125,128.408203125,0.7367007732391357,4.303187847137451,0,0,
6970,0.6206777095794678,4.616710186004639,55.12939453125,128.408203125,0.7367007732391357,4.303187847137451,0,0,
6980,0.6217474937438965,4.616579532623291,55.12939453125,128.408203125,0.7367007732391357,4.303187847137451,0,0,
6990,0.6217474937438965,4.616579532623291,55.12939453125,128.408203125,0.7367007732391357,4.303187847137451,0,0,
7000,0.6217474937438965,4.616579532623291,55.12939453125,128.408203125,0.7367007732391357,4.303187847137451,0,0,
7010,0.6217474937438965,4.616579532623291,55.12939453125,128.408203125,0.7367007732391357,4.303187847137451,0,0,
7020,0.6217474937438965,4.616579532623291,55.12939453125,128.408203125,0.7367007732391357,4.303187847137451,0,0,
7030,0.6236011981964111,4.616189002990723,55.12939453125,128.408203125,0.7367007732391357,4.303187847137451,0,0,
7040,0.6236011981964111,4.616189002990723,55.12939453125,128.408203125,0.7367007732391357,4.303187847137451,0,0,
7050,0.6236011981964111,4.616189002990723,55.12939453125,128.408203125,0.7367007732391357,4.303187847137451,0,0,
7060,0.6236011981964111,4.616189002990723,55.12939453125,128.408203125,0.7367007732391357,4.303187847137451,0,0,
7070,0.6236011981964111,4.616189002990723,55.12939453125,128.408203125,0.7367007732391357,4.303187847137451,0,0,
7080,0.626380205154419,4.614535331726074,55.12939453125,128.408203125,0.7367007732391357,4.303187847137451,0,0,
7090,0.626380205154419,4.614535331726074,55.12939453125,128.408203125,0.7367007732391357,4.303187847137451,0,0,
7100,0.626380205154419,4.614535331726074,55.12939453125,128.408203125,0.7367007732391357,4.303187847137451,0,0,
7110,0.626380205154419,4.614535331726074,55.12939453125,128.408203125,0.7367007732391357,4.303187847137451,0,0,
7120,0.626380205154419,4.614535331726074,55.12939453125,128.408203125,0.7367007732391357,4.303187847137451,0,0,
7130,0.6288173198699951,4.612777233123779,55.12939453125,128.408203125,0.7367007732391357,4.303187847137451,0,0,
7140,0.6288173198699951,4.612777233123779,55.12939453125,128.408203125,0.7367007732391357,4.303187847137451,0,0,
7150,0.6288173198699951,4.612777233123779,55.12939453125,128.408203125,0.7367007732391357,4.303187847137451,0,0,
7160,0.6288173198699951,4.612777233123779,55.12939453125,128.408203125,0.7367007732391357,4.303187847137451,0,0,
7170,0.6288173198699951,4.612777233123779,55.12939453125,128.408203125,0.7367007732391357,4.303187847137451,0,0,
7180,0.6311290264129639,4.611888885498047,55.12939453125,128.408203125,0.7367007732391357,4.303187847137451,0,0,
7190,0.6311290264129639,4.611888885498047,55.12939453125,128.408203125,0.7367007732391357,4.303187847137451,0,0,
7200,0.6311290264129639,4.611888885498047,55.12939453125,128.408203125,0.7367007732391357,4.303187847137451,0,0,
7210,0.6311290264129639,4.611888885498047,55.12939453125,128.408203125,0.7367007732391357,4.303187847137451,0,0,
7220,0.6311290264129639,4.611888885498047,55.12939453125,128.408203125,0.7367007732391357,4.303187847137451,0,0,
7230,0.6329348087310791,4.611416339874268,55.12939453125,128.408203125,0.7367007732391357,4.303187847137451,0,0,
7240,0.6329348087310791,4.611416339874268,55.12939453125,128.408203125,0.7367007732391357,4.303187847137451,0,0,
7250,0.6329348087310791,4.611416339874268,55.12939453125,128.408203125,0.7367007732391357,4.303187847137451,0,0,
7260,0.6329348087310791,4.611416339874268,55.12939453125,128.408203125,0.7367007732391357,4.303187847137451,0,0,
7270,0.6329348087310791,4.611416339874268,55.12939453125,128.408203125,0.7367007732391357,4.303187847137451,0,0,
7280,0.6344952583312988,4.611392021179199,55.12939453125,128.408203125,0.7367007732391357,4.303187847137451,0,0,
7290,0.6344952583312988,4.611392021179199,55.12939453125,128.408203125,0.7367007732391357,4.303187847137451,0,0,
7300,0.6344952583312988,4.611392021179199,55.12939453125,128.408203125,0.7367007732391357,4.303187847137451,0,0,
7310,0.6344952583312988,4.611392021179199,55.12939453125,128.408203125,0.7367007732391357,4.303187847137451,0,0,
7320,0.6344952583312988,4.611392021179199,55.12939453125,128.408203125,0.7367007732391357,4.303187847137451,0,0,
7330,0.6352536678314209,4.611668586730957,55.12939453125,128.408203125,0.7367007732391357,4.303187847137451,0,0,
7340,0.6352536678314209,4.611668586730957,55.12939453125,128.408203125,0.7367007732391357,4.303187847137451,0,0,
7350,0.6352536678314209,4.611668586730957,55.12939453125,128.408203125,0.7367007732391357,4.303187847137451,0,0,
7360,0.6352536678314209,4.611668586730957,55.12939453125,128.408203125,0.7367007732391357,4.303187847137451,0,0,
7370,0.6352536678314209,4.611668586730957,55.12939453125,128.408203125,0.7367007732391357,4.303187847137451,0,0,
7380,0.6366519927978516,4.612043857574463,55.12939453125,128.408203125,0.7367007732391357,4.303187847137451,0,0,
7390,0.6366519927978516,4.612043857574463,55.12939453125,128.408203125,0.7367007732391357,4.303187847137451,0,0,
7400,0.6366519927978516,4.612043857574463,55.12939453125,128.408203125,0.7367007732391357,4.303187847137451,0,0,
7410,0.6366519927978516,4.612043857574463,55.12939453125,128.408203125,0.7367007732391357,4.303187847137451,0,0,
7420,0.6366519927978516,4.612043857574463,55.12939453125,128.408203125,0.7367007732391357,4.303187847137451,0,0,
7430,0.6376218795776367,4.611167907714844,55.12939453125,128.408203125,0.7367007732391357,4.303187847137451,0,0,
7440,0.6376218795776367,4.611167907714844,55.12939453125,128.408203125,0.7367007732391357,4.303187847137451,0,0,
7450,0.6376218795776367,4.611167907714844,55.12939453125,128.408203125,0.7367007732391357,4.303187847137451,0,0,
7460,0.6376218795776367,4.611167907714844,55.12939453125,128.408203125,0.7367007732391357,4.303187847137451,0,0,
7470,0.6376218795776367,4.611167907714844,55.12939453125,128.408203125,0.7367007732391357,4.303187847137451,0,0,
7480,0.6389262676239014,4.610944747924805,55.12939453125,128.408203125,0.7367007732391357,4.303187847137451,0,0,
7490,0.6389262676239014,4.610944747924805,55.12939453125,128.408203125,0.7367007732391357,4.303187847137451,0,0,
7500,0.6389262676239014,4.610944747924805,55.12939453125,128.408203125,0.7367007732391357,4.303187847137451,0,0,
7510,0.6389262676239014,4.610944747924805,55.12939453125,128.408203125,0.7367007732391357,4.303187847137451,0,0,
7520,0.6389262676239014,4.610944747924805,55.12939453125,128.408203125,0.7367007732391357,4.303187847137451,0,0,
7530,0.6398458480834961,4.611133575439453,55.12939453125,128.408203125,0.7367007732391357,4.303187847137451,0,0,
7540,0.6398458480834961,4.611133575439453,55.12939453125,128.408203125,0.7367007732391357,4.303187847137451,0,0,
7550,0.6398458480834961,4.611133575439453,55.12939453125,128.408203125,0.7367007732391357,4.303187847137451,0,0,
7560,0.6398458480834961,4.611133575439453,55.12939453125,128.408203125,0.7367007732391357,4.303187847137451,0,0,
7570,0.6398458480834961,4.611133575439453,55.12939453125,128.408203125,0.7367007732391357,4.303187847137451,0,0,
7580,0.6404144763946533,4.61140251159668,55.12939453125,128.408203125,0.7367007732391357,4.303187847137451,0,0,
7590,0.6404144763946533,4.61140251159668,55.12939453125,128.408203125,0.7367007732391357,4.303187847137451,0,0,
7600,0.6404144763946533,4.61140251159668,55.12939453125,128.408203125,0.7367007732391357,4.303187847137451,0,0,
7610,0.6184418201446533,4.58942985534668,55.107421875,128.38623046875,0.7367007732391357,4.303187847137451,0,0,
7620,0.6184418201446533,4.58942985534668,55.107421875,128.38623046875,0.7367007732391357,4.303187847137451,0,0,
7630,0.6181347370147705,4.567000389099121,55.107421875,128.3642578125,0.7367007732391357,4.303187847137451,0,0,
7640,0.6181347370147705,4.567000389099121,55.107421875,128.3642578125,0.7367007732391357,4.303187847137451,0,0,
7650,0.6181347370147705,4.567000389099121,55.107421875,128.3642578125,0.7367007732391357,4.303187847137451,0,0,
7660,0.6181347370147705,4.567000389099121,55.107421875,128.3642578125,0.7367007732391357,4.303187847137451,0,0,
7670,0.6181347370147705,4.545027732849121,55.107421875,128.34228515625,0.7367007732391357,4.303187847137451,0,0,
7680,0.5954852104187012,4.543978214263916,55.08544921875,128.34228515625,0.7367007732391357,4.303187847137451,0,0,
7690,0.5954852104187012,4.543978214263916,55.08544921875,128.34228515625,0.7367007732391357,4.303187847137451,0,0,
7700,0.5954852104187012,4.522005558013916,55.08544921875,128.3203125,0.7367007732391357,4.303187847137451,0,0,
7710,0.5954852104187012,4.522005558013916,55.08544921875,128.3203125,0.7367007732391357,4.303187847137451,0,0,
7720,0.5954852104187012,4.500032901763916,55.08544921875,128.29833984375,0.7367007732391357,4.303187847137451,0,0,
7730,0.5955686569213867,4.4994916915893555,55.08544921875,128.29833984375,0.7367007732391357,4.303187847137451,0,0,
7740,0.5955686569213867,4.4994916915893555,55.08544921875,128.29833984375,0.7367007732391357,4.303187847137451,0,0,
7750,0.5955686569213867,4.4775190353393555,55.08544921875,128.2763671875,0.7367007732391357,4.303187847137451,0,0,
7760,0.5955686569213867,4.4775190353393555,55.08544921875,128.2763671875,0.7367007732391357,4.303187847137451,0,0,
7770,0.5955686569213867,4.4775190353393555,55.08544921875,128.2763671875,0.7367007732391357,4.303187847137451,0,0,
7780,0.595191240310669,4.476840972900391,55.08544921875,128.2763671875,0.7367007732391357,4.303187847137451,0,0,
7790,0.595191240310669,4.476840972900391,55.08544921875,128.2763671875,0.7367007732391357,4.303187847137451,0,0,
7800,0.595191240310669,4.476840972900391,55.08544921875,128.2763671875,0.7367007732391357,4.303187847137451,0,0,
7810,0.595191240310669,4.476840972900391,55.08544921875,128.2763671875,0.7367007732391357,4.303187847137451,0,0,
7820,0.595191240310669,4.476840972900391,55.08544921875,128.2763671875,0.7367007732391357,4.303187847137451,0,0,
7830,0.5954809188842773,4.4766645431518555,55.08544921875,128.2763671875,0.7367007732391357,4.303187847137451,0,0,
7840,0.5954809188842773,4.4766645431518555,55.08544921875,128.2763671875,0.7367007732391357,4.303187847137451,0,0,
7850,0.5954809188842773,4.4766645431518555,55.08544921875,128.2763671875,0.7367007732391357,4.303187847137451,0,0,
7860,0.5954809188842773,4.4766645431518555,55.08544921875,128.2763671875,0.7367007732391357,4.303187847137451,0,0,
7870,0.5954809188842773,4.4766645431518555,55.08544921875,128.2763671875,0.7367007732391357,4.303187847137451,0,0,
7880,0.5955862998962402,4.47667121887207,55.08544921875,128.2763671875,0.7367007732391357,4.303187847137451,0,0,
7890,0.5955862998962402,4.47667121887207,55.08544921875,128.2763671875,0.7367007732391357,4.303187847137451,0,0,
7900,0.5955862998962402,4.47667121887207,55.08544921875,128.2763671875,0.7367007732391357,4.303187847137451,0,0,
7910,0.5955862998962402,4.47667121887207,55.08544921875,128.2763671875,0.7367007732391357,4.303187847137451,0,0,
7920,0.5955862998962402,4.47667121887207,55.08544921875,128.2763671875,0.7367007732391357,4.303187847137451,0,0,
7930,0.5954036712646484,4.476679801940918,55.08544921875,128.2763671875,0.7367007732391357,4.303187847137451,0,0,
7940,0.5954036712646484,4.476679801940918,55.08544921875,128.2763671875,0.7367007732391357,4.303187847137451,0,0,
7950,0.5954036712646484,4.476679801940918,55.08544921875,128.2763671875,0.7367007732391357,4.303187847137451,0,0,
7960,0.5954036712646484,4.476679801940918,55.08544921875,128.2763671875,0.7367007732391357,4.303187847137451,0,0,
7970,0.5954036712646484,4.476679801940918,55.08544921875,128.2763671875,0.7367007732391357,4.303187847137451,0,0,
7980,0.5956270694732666,4.474786758422852,55.08544921875,128.2763671875,0.7367007732391357,4.303187847137451,0,0,
7990,0.5956270694732666,4.474786758422852,55.08544921875,128.2763671875,0.7367007732391357,4.303187847137451,0,0,
8000,0.5956270694732666,4.474786758422852,55.08544921875,128.2763671875,0.7367007732391357,4.303187847137451,0,0,
8010,0.5956270694732666,4.474786758422852,55.08544921875,128.2763671875,0.7367007732391357,4.303187847137451,0,0,
8020,0.5956270694732666,4.474786758422852,55.08544921875,128.2763671875,0.7367007732391357,4.303187847137451,0,0,
8030,0.595181941986084,4.4728240966796875,55.08544921875,128.2763671875,0.7367007732391357,4.303187847137451,0,0,
8040,0.595181941986084,4.4728240966796875,55.08544921875,128.2763671875,0.7367007732391357,4.303187847137451,0,0,
8050,0.595181941986084,4.4728240966796875,55.08544921875,128.2763671875,0.7367007732391357,4.303187847137451,0,0,
8060,0.595181941986084,4.4728240966796875,55.08544921875,128.2763671875,0.7367007732391357,4.303187847137451,0,0,
8070,0.595181941986084,4.4728240966796875,55.08544921875,128.2763671875,0.7367007732391357,4.303187847137451,0,0,
8080,0.5954854488372803,4.473182201385498,55.08544921875,128.2763671875,0.7367007732391357,4.303187847137451,0,0,
8090,0.5954854488372803,4.473182201385498,55.08544921875,128.2763671875,0.7367007732391357,4.303187847137451,0,0,
8100,0.5954854488372803,4.473182201385498,55.08544921875,128.2763671875,0.7367007732391357,4.303187847137451,0,0,
8110,0.5954854488372803,4.473182201385498,55.08544921875,128.2763671875,0.7367007732391357,4.303187847137451,0,0,
8120,0.5954854488372803,4.473182201385498,55.08544921875,128.2763671875,0.7367007732391357,4.303187847137451,0,0,
8130,0.5961005687713623,4.473264694213867,55.08544921875,128.2763671875,0.7367007732391357,4.303187847137451,0,0,
8140,0.5961005687713623,4.495237350463867,55.08544921875,128.29833984375,0.7367007732391357,4.303187847137451,0,0,
8150,0.5961005687713623,4.495237350463867,55.08544921875,128.29833984375,0.7367007732391357,4.303187847137451,0,0,
8160,0.5961005687713623,4.495237350463867,55.08544921875,128.29833984375,0.7367007732391357,4.303187847137451,0,0,
8170,0.5961005687713623,4.495237350463867,55.08544921875,128.29833984375,0.7367007732391357,4.303187847137451,0,0,
8180,0.5969803333282471,4.49393367767334,55.08544921875,128.29833984375,0.7367007732391357,4.303187847137451,0,0,
8190,0.5969803333282471,4.49393367767334,55.08544921875,128.29833984375,0.7367007732391357,4.303187847137451,0,0,
8200,0.5969803333282471,4.49393367767334,55.08544921875,128.29833984375,0.7367007732391357,4.303187847137451,0,0,
8210,0.5969803333282471,4.49393367767334,55.08544921875,128.29833984375,0.7367007732391357,4.303187847137451,0,0,
8220,0.5969803333282471,4.49393367767334,55.08544921875,128.29833984375,0.7367007732391357,4.303187847137451,0,0,
8230,0.5985455513000488,4.492291450500488,55.08544921875,128.29833984375,0.7367007732391357,4.303187847137451,0,0,
8240,0.5985455513000488,4.492291450500488,55.08544921875,128.29833984375,0.7367007732391357,4.303187847137451,0,0,
8250,0.5985455513000488,4.492291450500488,55.08544921875,128.29833984375,0.7367007732391357,4.303187847137451,0,0,
8260,0.5985455513000488,4.492291450500488,55.08544921875,128.29833984375,0.7367007732391357,4.303187847137451,0,0,
8270,0.5985455513000488,4.492291450500488,55.08544921875,128.29833984375,0.7367007732391357,4.303187847137451,0,0,
8280,0.5993833541870117,4.491069793701172,55.08544921875,128.29833984375,0.7367007732391357,4.303187847137451,0,0,
8290,0.5993833541870117,4.491069793701172,55.08544921875,128.29833984375,0.7367007732391357,4.303187847137451,0,0,
8300,0.5993833541870117,4.491069793701172,55.08544921875,128.29833984375,0.7367007732391357,4.303187847137451,0,0,
8310,0.5993833541870117,4.491069793701172,55.08544921875,128.29833984375,0.7367007732391357,4.303187847137451,0,0,
8320,0.5993833541870117,4.491069793701172,55.08544921875,128.29833984375,0.7367007732391357,4.303187847137451,0,0,
8330,0.5994100570678711,4.490337371826172,55.08544921875,128.29833984375,0.7367007732391357,4.303187847137451,0,0,
8340,0.5994100570678711,4.490337371826172,55.08544921875,128.29833984375,0.7367007732391357,4.303187847137451,0,0,
8350,0.5994100570678711,4.490337371826172,55.08544921875,128.29833984375,0.7367007732391357,4.303187847137451,0,0,
8360,0.5994100570678711,4.490337371826172,55.08544921875,128.29833984375,0.7367007732391357,4.303187847137451,0,0,
8370,0.5994100570678711,4.490337371826172,55.08544921875,128.29833984375,0.7367007732391357,4.303187847137451,0,0,
8380,0.5988855361938477,4.489374160766602,55.08544921875,128.29833984375,0.7367007732391357,4.303187847137451,0,0,
8390,0.5988855361938477,4.489374160766602,55.08544921875,128.29833984375,0.7367007732391357,4.303187847137451,0,0,
8400,0.5988855361938477,4.489374160766602,55.08544921875,128.29833984375,0.7367007732391357,4.303187847137451,0,0,
8410,0.5988855361938477,4.489374160766602,55.08544921875,128.29833984375,0.7367007732391357,4.303187847137451,0,0,
8420,0.5988855361938477,4.489374160766602,55.08544921875,128.29833984375,0.7367007732391357,4.303187847137451,0,0,
8430,0.5987687110900879,4.488592147827148,55.08544921875,128.29833984375,0.7367007732391357,4.303187847137451,0,0,
8440,0.5987687110900879,4.488592147827148,55.08544921875,128.29833984375,0.7367007732391357,4.303187847137451,0,0,
8450,0.5987687110900879,4.488592147827148,55.08544921875,128.29833984375,0.7367007732391357,4.303187847137451,0,0,
8460,0.5987687110900879,4.488592147827148,55.08544921875,128.29833984375,0.7367007732391357,4.303187847137451,0,0,
8470,0.5987687110900879,4.488592147827148,55.08544921875,128.29833984375,0.7367007732391357,4.303187847137451,0,0,
8480,0.5986013412475586,4.4888739585876465,55.08544921875,128.29833984375,0.7367007732391357,4.303187847137451,0,0,
8490,0.5986013412475586,4.4888739585876465,55.08544921875,128.29833984375,0.7367007732391357,4.303187847137451,0,0,
8500,0.5986013412475586,4.4888739585876465,55.08544921875,128.29833984375,0.7367007732391357,4.303187847137451,0,0,
8510,0.5986013412475586,4.4888739585876465,55.08544921875,128.29833984375,0.7367007732391357,4.303187847137451,0,0,
8520,0.5986013412475586,4.4888739585876465,55.08544921875,128.29833984375,0.7367007732391357,4.303187847137451,0,0,
8530,0.5988688468933105,4.489168167114258,55.08544921875,128.29833984375,0.7367007732391357,4.303187847137451,0,0,
8540,0.5988688468933105,4.489168167114258,55.08544921875,128.29833984375,0.7367007732391357,4.303187847137451,0,0,
8550,0.5988688468933105,4.489168167114258,55.08544921875,128.29833984375,0.7367007732391357,4.303187847137451,0,0,
8560,0.5988688468933105,4.489168167114258,55.08544921875,128.29833984375,0.7367007732391357,4.303187847137451,0,0,
8570,0.5988688468933105,4.489168167114258,55.08544921875,128.29833984375,0.7367007732391357,4.303187847137451,0,0,
8580,0.5995116233825684,4.488840103149414,55.08544921875,128.29833984375,0.7367007732391357,4.303187847137451,0,0,
8590,0.5995116233825684,4.488840103149414,55.08544921875,128.29833984375,0.7367007732391357,4.303187847137451,0,0,
8600,0.5995116233825684,4.488840103149414,55.08544921875,128.29833984375,0.7367007732391357,4.303187847137451,0,0,
8610,0.5995116233825684,4.488840103149414,55.08544921875,128.29833984375,0.7367007732391357,4.303187847137451,0,0,
8620,0.5995116233825684,4.488840103149414,55.08544921875,128.29833984375,0.7367007732391357,4.303187847137451,0,0,
8630,0.6007113456726074,4.488916397094727,55.08544921875,128.29833984375,0.7367007732391357,4.303187847137451,0,0,
8640,0.6007113456726074,4.488916397094727,55.08544921875,128.29833984375,0.7367007732391357,4.303187847137451,0,0,
8650,0.6007113456726074,4.488916397094727,55.08544921875,128.29833984375,0.7367007732391357,4.303187847137451,0,0,
8660,0.6007113456726074,4.488916397094727,55.08544921875,128.29833984375,0.7367007732391357,4.303187847137451,0,0,
8670,0.6007113456726074,4.488916397094727,55.08544921875,128.29833984375,0.7367007732391357,4.303187847137451,0,0,
8680,0.6018824577331543,4.488053321838379,55.08544921875,128.29833984375,0.7367007732391357,4.303187847137451,0,0,
8690,0.6018824577331543,4.488053321838379,55.08544921875,128.29833984375,0.7367007732391357,4.303187847137451,0,0,
8700,0.6018824577331543,4.488053321838379,55.08544921875,128.29833984375,0.7367007732391357,4.303187847137451,0,0,
8710,0.6018824577331543,4.488053321838379,55.08544921875,128.29833984375,0.7367007732391357,4.303187847137451,0,0,
8720,0.6018824577331543,4.488053321838379,55.08544921875,128.29833984375,0.7367007732391357,4.303187847137451,0,0,
8730,0.6036357879638672,4.486912727355957,55.08544921875,128.29833984375,0.7367007732391357,4.303187847137451,0,0,
8740,0.6036357879638672,4.486912727355957,55.08544921875,128.29833984375,0.7367007732391357,4.303187847137451,0,0,
8750,0.6036357879638672,4.486912727355957,55.08544921875,128.29833984375,0.7367007732391357,4.303187847137451,0,0,
8760,0.6036357879638672,4.486912727355957,55.08544921875,128.29833984375,0.7367007732391357,4.303187847137451,0,0,
8770,0.6036357879638672,4.486912727355957,55.08544921875,128.29833984375,0.7367007732391357,4.303187847137451,0,0,
8780,0.6058464050292969,4.485714912414551,55.08544921875,128.29833984375,0.7367007732391357,4.303187847137451,0,0,
8790,0.6058464050292969,4.485714912414551,55.08544921875,128.29833984375,0.7367007732391357,4.303187847137451,0,0,
8800,0.6058464050292969,4.485714912414551,55.08544921875,128.29833984375,0.7367007732391357,4.303187847137451,0,0,
8810,0.6058464050292969,4.485714912414551,55.08544921875,128.29833984375,0.7367007732391357,4.303187847137451,0,0,
8820,0.6058464050292969,4.485714912414551,55.08544921875,128.29833984375,0.7367007732391357,4.303187847137451,0,0,
8830,0.6077079772949219,4.48410701751709,55.08544921875,128.29833984375,0.7367007732391357,4.303187847137451,0,0,
8840,0.6077079772949219,4.48410701751709,55.08544921875,128.29833984375,0.7367007732391357,4.303187847137451,0,0,
8850,0.6077079772949219,4.48410701751709,55.08544921875,128.29833984375,0.7367007732391357,4.303187847137451,0,0,
8860,0.6077079772949219,4.48410701751709,55.08544921875,128.29833984375,0.7367007732391357,4.303187847137451,0,0,
8870,0.6077079772949219,4.48410701751709,55.08544921875,128.29833984375,0.7367007732391357,4.303187847137451,0,0,
8880,0.6093034744262695,4.483116149902344,55.08544921875,128.29833984375,0.7367007732391357,4.303187847137451,0,0,
8890,0.6093034744262695,4.505088806152344,55.08544921875,128.3203125,0.7367007732391357,4.303187847137451,0,0,
8900,0.6093034744262695,4.505088806152344,55.08544921875,128.3203125,0.7367007732391357,4.303187847137451,0,0,
8910,0.6093034744262695,4.505088806152344,55.08544921875,128.3203125,0.7367007732391357,4.303187847137451,0,0,
8920,0.6093034744262695,4.505088806152344,55.08544921875,128.3203125,0.7367007732391357,4.303187847137451,0,0,
8930,0.609595537185669,4.5032806396484375,55.08544921875,128.3203125,0.7367007732391357,4.303187847137451,0,0,
8940,0.609595537185669,4.5032806396484375,55.08544921875,128.3203125,0.7367007732391357,4.303187847137451,0,0,
8950,0.609595537185669,4.5032806396484375,55.08544921875,128.3203125,0.7367007732391357,4.303187847137451,0,0,
8960,0.609595537185669,4.5032806396484375,55.08544921875,128.3203125,0.7367007732391357,4.303187847137451,0,0,
8970,0.609595537185669,4.5032806396484375,55.08544921875,128.3203125,0.7367007732391357,4.303187847137451,0,0,
8980,0.60953688621521,4.502386093139648,55.08544921875,128.3203125,0.7367007732391357,4.303187847137451,0,0,
8990,0.60953688621521,4.524358749389648,55.08544921875,128.34228515625,0.7367007732391357,4.303187847137451,0,0,
9000,0.60953688621521,4.524358749389648,55.08544921875,128.34228515625,0.6269358396530151,4.543422698974609,0,0,
9010,0.60953688621521,4.524358749389648,55.08544921875,128.34228515625,0.6269358396530151,4.543422698974609,0,0,
9020,0.60953688621521,4.524358749389648,55.08544921875,128.34228515625,0.6269358396530151,4.543422698974609,0,0,
9030,0.6088094711303711,4.523434638977051,55.08544921875,128.34228515625,0.6269358396530151,4.543422698974609,0,0,
9040,0.6088094711303711,4.523434638977051,55.08544921875,128.34228515625,0.6269358396530151,4.543422698974609,0,0,
9050,0.6088094711303711,4.523434638977051,55.08544921875,128.34228515625,0.6269358396530151,4.543422698974609,0,0,
9060,0.6088094711303711,4.523434638977051,55.08544921875,128.34228515625,0.6269358396530151,4.543422698974609,0,0,
9070,0.6088094711303711,4.523434638977051,55.08544921875,128.34228515625,0.6269358396530151,4.543422698974609,0,0,
9080,0.6069037914276123,4.522594928741455,55.08544921875,128.34228515625,0.6269358396530151,4.543422698974609,0,0,
9090,0.6069037914276123,4.522594928741455,55.08544921875,128.34228515625,0.6269358396530151,4.543422698974609,0,0,
9100,0.6069037914276123,4.522594928741455,55.08544921875,128.34228515625,0.6269358396530151,4.543422698974609,0,0,
9110,0.6069037914276123,4.522594928741455,55.08544921875,128.34228515625,0.6269358396530151,4.543422698974609,0,0,
9120,0.6069037914276123,4.522594928741455,55.08544921875,128.34228515625,0.6269358396530151,4.543422698974609,0,0,
9130,0.6049768924713135,4.521450519561768,55.08544921875,128.34228515625,0.6269358396530151,4.543422698974609,0,0,
9140,0.6049768924713135,4.521450519561768,55.08544921875,128.34228515625,0.6269358396530151,4.543422698974609,0,0,
9150,0.6049768924713135,4.521450519561768,55.08544921875,128.34228515625,0.6269358396530151,4.543422698974609,0,0,
9160,0.6049768924713135,4.521450519561768,55.08544921875,128.34228515625,0.6269358396530151,4.543422698974609,0,0,
9170,0.6049768924713135,4.521450519561768,55.08544921875,128.34228515625,0.6269358396530151,4.543422698974609,0,0,
9180,0.6037378311157227,4.520811080932617,55.08544921875,128.34228515625,0.6269358396530151,4.543422698974609,0,0,
9190,0.6037378311157227,4.520811080932617,55.08544921875,128.34228515625,0.6269358396530151,4.543422698974609,0,0,
9200,0.6037378311157227,4.520811080932617,55.08544921875,128.34228515625,0.6269358396530151,4.543422698974609,0,0,
9210,0.6037378311157227,4.520811080932617,55.08544921875,128.34228515625,0.6269358396530151,4.543422698974609,0,0,
9220,0.6037378311157227,4.520811080932617,55.08544921875,128.34228515625,0.6269358396530151,4.543422698974609,0,0,
9230,0.6018552780151367,4.519184112548828,55.08544921875,128.34228515625,0.6269358396530151,4.543422698974609,0,0,
9240,0.6018552780151367,4.519184112548828,55.08544921875,128.34228515625,0.6269358396530151,4.543422698974609,0,0,
9250,0.6018552780151367,4.519184112548828,55.08544921875,128.34228515625,0.6269358396530151,4.543422698974609,0,0,
9260,0.6018552780151367,4.519184112548828,55.08544921875,128.34228515625,0.6269358396530151,4.543422698974609,0,0,
9270,0.6018552780151367,4.519184112548828,55.08544921875,128.34228515625,0.6269358396530151,4.543422698974609,0,0,
9280,0.6014866828918457,4.518421173095703,55.08544921875,128.34228515625,0.6269358396530151,4.543422698974609,0,0,
9290,0.6014866828918457,4.518421173095703,55.08544921875,128.34228515625,0.6269358396530151,4.543422698974609,0,0,
9300,0.6014866828918457,4.518421173095703,55.08544921875,128.34228515625,0.6269358396530151,4.543422698974609,0,0,
9310,0.6014866828918457,4.518421173095703,55.08544921875,128.34228515625,0.6269358396530151,4.543422698974609,0,0,
9320,0.6014866828918457,4.518421173095703,55.08544921875,128.34228515625,0.6269358396530151,4.543422698974609,0,0,
9330,0.6017012596130371,4.519880771636963,55.08544921875,128.34228515625,0.6269358396530151,4.543422698974609,0,0,
9340,0.6017012596130371,4.519880771636963,55.08544921875,128.34228515625,0.6269358396530151,4.543422698974609,0,0,
9350,0.6017012596130371,4.519880771636963,55.08544921875,128.34228515625,0.6269358396530151,4.543422698974609,0,0,
9360,0.6017012596130371,4.519880771636963,55.08544921875,128.34228515625,0.6269358396530151,4.543422698974609,0,0,
9370,0.6017012596130371,4.519880771636963,55.08544921875,128.34228515625,0.6269358396530151,4.543422698974609,0,0,
9380,0.6025722026824951,4.521751403808594,55.08544921875,128.34228515625,0.6269358396530151,4.543422698974609,0,0,
9390,0.6025722026824951,4.521751403808594,55.08544921875,128.34228515625,0.6269358396530151,4.543422698974609,0,0,
9400,0.6025722026824951,4.521751403808594,55.08544921875,128.34228515625,0.6269358396530151,4.543422698974609,0,0,
9410,0.6025722026824951,4.521751403808594,55.08544921875,128.34228515625,0.6269358396530151,4.543422698974609,0,0,
9420,0.6025722026824951,4.521751403808594,55.08544921875,128.34228515625,0.6269358396530151,4.543422698974609,0,0,
9430,0.6031355857849121,4.523165702819824,55.08544921875,128.34228515625,0.6269358396530151,4.543422698974609,0,0,
9440,0.6031355857849121,4.523165702819824,55.08544921875,128.34228515625,0.6269358396530151,4.543422698974609,0,0,
9450,0.6031355857849121,4.523165702819824,55.08544921875,128.34228515625,0.6269358396530151,4.543422698974609,0,0,
9460,0.6031355857849121,4.523165702819824,55.08544921875,128.34228515625,0.6269358396530151,4.543422698974609,0,0,
9470,0.6031355857849121,4.523165702819824,55.08544921875,128.34228515625,0.6269358396530151,4.543422698974609,0,0,
9480,0.6040306091308594,4.523636817932129,55.08544921875,128.34228515625,0.6269358396530151,4.543422698974609,0,0,
9490,0.6040306091308594,4.523636817932129,55.08544921875,128.34228515625,0.6269358396530151,4.543422698974609,0,0,
9500,0.6040306091308594,4.523636817932129,55.08544921875,128.34228515625,0.6269358396530151,4.543422698974609,0,0,
9510,0.6040306091308594,4.523636817932129,55.08544921875,128.34228515625,0.6269358396530151,4.543422698974609,0,0,
9520,0.6040306091308594,4.523636817932129,55.08544921875,128.34228515625,0.6269358396530151,4.543422698974609,0,0,
9530,0.6040976047515869,4.524389266967773,55.08544921875,128.34228515625,0.6269358396530151,4.543422698974609,0,0,
9540,0.6040976047515869,4.524389266967773,55.08544921875,128.34228515625,0.6269358396530151,4.543422698974609,0,0,
9550,0.6040976047515869,4.524389266967773,55.08544921875,128.34228515625,0.6269358396530151,4.543422698974609,0,0,
9560,0.6040976047515869,4.524389266967773,55.08544921875,128.34228515625,0.6269358396530151,4.543422698974609,0,0,
9570,0.6040976047515869,4.524389266967773,55.08544921875,128.34228515625,0.6269358396530151,4.543422698974609,0,0,
9580,0.6043212413787842,4.525635242462158,55.08544921875,128.34228515625,0.6269358396530151,4.543422698974609,0,0,
9590,0.6043212413787842,4.525635242462158,55.08544921875,128.34228515625,0.6269358396530151,4.543422698974609,0,0,
9600,0.6043212413787842,4.525635242462158,55.08544921875,128.34228515625,0.6269358396530151,4.543422698974609,0,0,
9610,0.6043212413787842,4.525635242462158,55.08544921875,128.34228515625,0.6269358396530151,4.543422698974609,0,0,
9620,0.6043212413787842,4.525635242462158,55.08544921875,128.34228515625,0.6269358396530151,4.543422698974609,0,0,
9630,0.6044893264770508,4.525813102722168,55.08544921875,128.34228515625,0.6269358396530151,4.543422698974609,0,0,
9640,0.6044893264770508,4.525813102722168,55.08544921875,128.34228515625,0.6269358396530151,4.543422698974609,0,0,
9650,0.6044893264770508,4.525813102722168,55.08544921875,128.34228515625,0.6269358396530151,4.543422698974609,0,0,
9660,0.6044893264770508,4.525813102722168,55.08544921875,128.34228515625,0.6269358396530151,4.543422698974609,0,0,
9670,0.6044893264770508,4.525813102722168,55.08544921875,128.34228515625,0.6269358396530151,4.543422698974609,0,0,
9680,0.6039807796478271,4.525851726531982,55.08544921875,128.34228515625,0.6269358396530151,4.543422698974609,0,0,
9690,0.6039807796478271,4.525851726531982,55.08544921875,128.34228515625,0.6269358396530151,4.543422698974609,0,0,
9700,0.6039807796478271,4.525851726531982,55.08544921875,128.34228515625,0.6269358396530151,4.543422698974609,0,0,
9710,0.6039807796478271,4.525851726531982,55.08544921875,128.34228515625,0.6269358396530151,4.543422698974609,0,0,
9720,0.6039807796478271,4.525851726531982,55.08544921875,128.34228515625,0.6269358396530151,4.543422698974609,0,0,
9730,0.6033070087432861,4.525840759277344,55.08544921875,128.34228515625,0.6269358396530151,4.543422698974609,0,0,
9740,0.6033070087432861,4.525840759277344,55.08544921875,128.34228515625,0.6269358396530151,4.543422698974609,0,0,
9750,0.6033070087432861,4.525840759277344,55.08544921875,128.34228515625,0.6269358396530151,4.543422698974609,0,0,
9760,0.6033070087432861,4.525840759277344,55.08544921875,128.34228515625,0.6269358396530151,4.543422698974609,0,0,
9770,0.6033070087432861,4.525840759277344,55.08544921875,128.34228515625,0.6269358396530151,4.543422698974609,0,0,
9780,0.6030151844024658,4.525265216827393,55.08544921875,128.34228515625,0.6269358396530151,4.543422698974609,0,0,
9790,0.6030151844024658,4.525265216827393,55.08544921875,128.34228515625,0.6269358396530151,4.543422698974609,0,0,
9800,0.6030151844024658,4.525265216827393,55.08544921875,128.34228515625,0.6269358396530151,4.543422698974609,0,0,
9810,0.6030151844024658,4.525265216827393,55.08544921875,128.34228515625,0.6269358396530151,4.543422698974609,0,0,
9820,0.6030151844024658,4.525265216827393,55.08544921875,128.34228515625,0.6269358396530151,4.543422698974609,0,0,
9830,0.6026592254638672,4.52576208114624,55.08544921875,128.34228515625,0.6269358396530151,4.543422698974609,0,0,
9840,0.6026592254638672,4.52576208114624,55.08544921875,128.34228515625,0.6269358396530151,4.543422698974609,0,0,
9850,0.6026592254638672,4.52576208114624,55.08544921875,128.34228515625,0.6269358396530151,4.543422698974609,0,0,
9860,0.6026592254638672,4.52576208114624,55.08544921875,128.34228515625,0.6269358396530151,4.543422698974609,0,0,
9870,0.6026592254638672,4.52576208114624,55.08544921875,128.34228515625,0.6269358396530151,4.543422698974609,0,0,
9880,0.6034822463989258,4.526267051696777,55.08544921875,128.34228515625,0.6269358396530151,4.543422698974609,0,0,
9890,0.6034822463989258,4.548239707946777,55.08544921875,128.3642578125,0.6269358396530151,4.543422698974609,0,0,
9900,0.6034822463989258,4.548239707946777,55.08544921875,128.3642578125,0.6269358396530151,4.543422698974609,0,0,
9910,0.6034822463989258,4.548239707946777,55.08544921875,128.3642578125,0.6269358396530151,4.543422698974609,0,0,
9920,0.6034822463989258,4.548239707946777,55.08544921875,128.3642578125,0.6269358396530151,4.543422698974609,0,0,
9930,0.604032039642334,4.54934549331665,55.08544921875,128.3642578125,0.6269358396530151,4.543422698974609,0,0,
9940,0.604032039642334,4.54934549331665,55.08544921875,128.3642578125,0.6269358396530151,4.543422698974609,0,0,
9950,0.604032039642334,4.54934549331665,55.08544921875,128.3642578125,0.6269358396530151,4.543422698974609,0,0,
9960,0.604032039642334,4.54934549331665,55.08544921875,128.3642578125,0.6269358396530151,4.543422698974609,0,0,
9970,0.604032039642334,4.54934549331665,55.08544921875,128.3642578125,0.6269358396530151,4.543422698974609,0,0,
9980,0.6042966842651367,4.549177169799805,55.08544921875,128.3642578125,0.6269358396530151,4.543422698974609,0,0,
9990,0.6042966842651367,4.549177169799805,55.08544921875,128.3642578125,0.6269358396530151,4.543422698974609,0,0,
10000,0.6042966842651367,4.549177169799805,55.08544921875,128.3642578125,0.6269358396530151,4.543422698974609,0,0,
10010,0.6042966842651367,4.549177169799805,55.08544921875,128.3642578125,0.6269358396530151,4.543422698974609,0,0,
10020,0.6042966842651367,4.549177169799805,55.08544921875,128.3642578125,0.6269358396530151,4.543422698974609,0,0,
10030,0.6038854122161865,4.548556327819824,55.08544921875,128.3642578125,0.6269358396530151,4.543422698974609,0,0,
10040,0.6038854122161865,4.548556327819824,55.08544921875,128.3642578125,0.6269358396530151,4.543422698974609,0,0,
10050,0.6038854122161865,4.548556327819824,55.08544921875,128.3642578125,0.6269358396530151,4.543422698974609,0,0,
10060,0.6038854122161865,4.548556327819824,55.08544921875,128.3642578125,0.6269358396530151,4.543422698974609,0,0,
10070,0.6038854122161865,4.548556327819824,55.08544921875,128.3642578125,0.6269358396530151,4.543422698974609,0,0,
10080,0.6045992374420166,4.547869682312012,55.08544921875,128.3642578125,0.6269358396530151,4.543422698974609,0,0,
10090,0.6045992374420166,4.547869682312012,55.08544921875,128.3642578125,0.6269358396530151,4.543422698974609,0,0,
10100,0.6045992374420166,4.547869682312012,55.08544921875,128.3642578125,0.6269358396530151,4.543422698974609,0,0,
10110,0.6045992374420166,4.547869682312012,55.08544921875,128.3642578125,0.6269358396530151,4.543422698974609,0,0,
10120,0.6045992374420166,4.569842338562012,55.08544921875,128.38623046875,0.6269358396530151,4.543422698974609,0,0,
10130,0.6054983139038086,4.569211959838867,55.08544921875,128.38623046875,0.6269358396530151,4.543422698974609,0,0,
10140,0.6054983139038086,4.569211959838867,55.08544921875,128.38623046875,0.6269358396530151,4.543422698974609,0,0,
10150,0.6054983139038086,4.569211959838867,55.08544921875,128.38623046875,0.6269358396530151,4.543422698974609,0,0,
10160,0.6054983139038086,4.569211959838867,55.08544921875,128.38623046875,0.6269358396530151,4.543422698974609,0,0,
10170,0.6054983139038086,4.569211959838867,55.08544921875,128.38623046875,0.6269358396530151,4.543422698974609,0,0,
10180,0.6061391830444336,4.569475173950195,55.08544921875,128.38623046875,0.6269358396530151,4.543422698974609,0,0,
10190,0.6061391830444336,4.569475173950195,55.08544921875,128.38623046875,0.6269358396530151,4.543422698974609,0,0,
10200,0.6061391830444336,4.569475173950195,55.08544921875,128.38623046875,0.6269358396530151,4.543422698974609,0,0,
10210,0.6061391830444336,4.569475173950195,55.08544921875,128.38623046875,0.6269358396530151,4.543422698974609,0,0,
10220,0.6061391830444336,4.569475173950195,55.08544921875,128.38623046875,0.6269358396530151,4.543422698974609,0,0,
10230,0.6073880195617676,4.568780422210693,55.08544921875,128.38623046875,0.6269358396530151,4.543422698974609,0,0,
10240,0.6073880195617676,4.568780422210693,55.08544921875,128.38623046875,0.6269358396530151,4.543422698974609,0,0,
10250,0.6073880195617676,4.568780422210693,55.08544921875,128.38623046875,0.6269358396530151,4.543422698974609,0,0,
10260,0.6073880195617676,4.568780422210693,55.08544921875,128.38623046875,0.6269358396530151,4.543422698974609,0,0,
10270,0.6073880195617676,4.568780422210693,55.08544921875,128.38623046875,0.6269358396530151,4.543422698974609,0,0,
10280,0.6084814071655273,4.568746566772461,55.08544921875,128.38623046875,0.6269358396530151,4.543422698974609,0,0,
10290,0.6084814071655273,4.568746566772461,55.08544921875,128.38623046875,0.6269358396530151,4.543422698974609,0,0,
10300,0.6084814071655273,4.568746566772461,55.08544921875,128.38623046875,0.6269358396530151,4.543422698974609,0,0,
10310,0.6084814071655273,4.568746566772461,55.08544921875,128.38623046875,0.6269358396530151,4.543422698974609,0,0,
10320,0.6084814071655273,4.568746566772461,55.08544921875,128.38623046875,0.6269358396530151,4.543422698974609,0,0,
10330,0.6097674369812012,4.568276405334473,55.08544921875,128.38623046875,0.6269358396530151,4.543422698974609,0,0,
10340,0.6097674369812012,4.568276405334473,55.08544921875,128.38623046875,0.6269358396530151,4.543422698974609,0,0,
10350,0.6097674369812012,4.568276405334473,55.08544921875,128.38623046875,0.6269358396530151,4.543422698974609,0,0,
10360,0.6097674369812012,4.568276405334473,55.08544921875,128.38623046875,0.6269358396530151,4.543422698974609,0,0,
10370,0.6097674369812012,4.568276405334473,55.08544921875,128.38623046875,0.6269358396530151,4.543422698974609,0,0,
10380,0.612696647644043,4.5676045417785645,55.08544921875,128.38623046875,0.6269358396530151,4.543422698974609,0,0,
10390,0.612696647644043,4.5676045417785645,55.08544921875,128.38623046875,0.6269358396530151,4.543422698974609,0,0,
10400,0.612696647644043,4.5676045417785645,55.08544921875,128.38623046875,0.6269358396530151,4.543422698974609,0,0,
10410,0.612696647644043,4.5676045417785645,55.08544921875,128.38623046875,0.6269358396530151,4.543422698974609,0,0,
10420,0.612696647644043,4.5676045417785645,55.08544921875,128.38623046875,0.6269358396530151,4.543422698974609,0,0,
10430,0.6300880908966064,4.569452285766602,55.08544921875,128.38623046875,0.6269358396530151,4.543422698974609,0,0,
10440,0.6300880908966064,4.569452285766602,55.08544921875,128.38623046875,0.6269358396530151,4.543422698974609,0,0,
10450,0.6300880908966064,4.569452285766602,55.08544921875,128.38623046875,0.6269358396530151,4.543422698974609,0,0,
10460,0.6300880908966064,4.569452285766602,55.08544921875,128.38623046875,0.6269358396530151,4.543422698974609,0,0,
10470,0.6300880908966064,4.569452285766602,55.08544921875,128.38623046875,0.6269358396530151,4.543422698974609,0,0,
10480,0.6411027908325195,4.572999954223633,55.08544921875,128.38623046875,0.6269358396530151,4.543422698974609,0,0,
10490,0.6411027908325195,4.572999954223633,55.08544921875,128.38623046875,0.6269358396530151,4.543422698974609,0,0,
10500,0.6411027908325195,4.572999954223633,55.08544921875,128.38623046875,0.6269358396530151,4.543422698974609,0,0,
10510,0.6411027908325195,4.572999954223633,55.08544921875,128.38623046875,0.6269358396530151,4.543422698974609,0,0,
10520,0.6411027908325195,4.572999954223633,55.08544921875,128.38623046875,0.6269358396530151,4.543422698974609,0,0,
10530,0.6430847644805908,4.5925211906433105,55.08544921875,128.38623046875,0.6269358396530151,4.543422698974609,0,0,
10540,0.6430847644805908,4.5925211906433105,55.08544921875,128.38623046875,0.6269358396530151,4.543422698974609,0,0,
10550,0.6430847644805908,4.5925211906433105,55.08544921875,128.38623046875,0.6269358396530151,4.543422698974609,0,0,
10560,0.6430847644805908,4.5925211906433105,55.08544921875,128.38623046875,0.6269358396530151,4.543422698974609,0,0,
10570,0.6430847644805908,4.5925211906433105,55.08544921875,128.38623046875,0.6269358396530151,4.543422698974609,0,0,
10580,0.6341772079467773,4.615250587463379,55.08544921875,128.38623046875,0.6269358396530151,4.543422698974609,0,0,
10590,0.6341772079467773,4.615250587463379,55.08544921875,128.38623046875,0.6269358396530151,4.543422698974609,0,0,
10600,0.6341772079467773,4.615250587463379,55.08544921875,128.38623046875,0.6269358396530151,4.543422698974609,0,0,
10610,0.6341772079467773,4.615250587463379,55.08544921875,128.38623046875,0.6269358396530151,4.543422698974609,0,0,
10620,0.6341772079467773,4.615250587463379,55.08544921875,128.38623046875,0.6269358396530151,4.543422698974609,0,0,
10630,0.6210846900939941,4.64056396484375,55.08544921875,128.38623046875,0.6269358396530151,4.543422698974609,0,0,
10640,0.6210846900939941,4.64056396484375,55.08544921875,128.38623046875,0.6269358396530151,4.543422698974609,0,0,
10650,0.6210846900939941,4.64056396484375,55.08544921875,128.38623046875,0.6269358396530151,4.543422698974609,0,0,
10660,0.6210846900939941,4.64056396484375,55.08544921875,128.38623046875,0.6269358396530151,4.543422698974609,0,0,
10670,0.6210846900939941,4.64056396484375,55.08544921875,128.38623046875,0.6269358396530151,4.543422698974609,0,0,
10680,0.5948362350463867,4.664467811584473,55.08544921875,128.38623046875,0.6269358396530151,4.543422698974609,0,0,
10690,0.6387815475463867,4.664467811584473,55.12939453125,128.38623046875,0.6269358396530151,4.543422698974609,0,0,
10700,0.6607542037963867,4.620522499084473,55.1513671875,128.34228515625,0.6269358396530151,4.543422698974609,0,0,
10710,0.6607542037963867,4.532631874084473,55.1513671875,128.25439453125,0.6269358396530151,4.543422698974609,0,0,
10720,0.6607542037963867,4.422768592834473,55.1513671875,128.14453125,0.6269358396530151,4.543422698974609,0,0,
10730,0.5707426071166992,4.258778095245361,55.107421875,128.0126953125,0.6269358396530151,4.543422698974609,0,0,
10740,0.5707426071166992,4.192860126495361,55.107421875,127.94677734375,0.6269358396530151,4.543422698974609,0,0,
10750,0.5707426071166992,4.061024188995361,55.107421875,127.81494140625,0.6269358396530151,4.543422698974609,0,0,
10760,0.5707426071166992,4.061024188995361,55.107421875,127.81494140625,0.6269358396530151,4.543422698974609,0,0,
10770,0.5267972946166992,4.039051532745361,55.0634765625,127.79296875,0.6269358396530151,4.543422698974609,0,0,
10780,0.5049529075622559,4.122775554656982,55.04150390625,127.79296875,0.6269358396530151,4.543422698974609,0,0,
10790,0.5049529075622559,4.166720867156982,55.04150390625,127.8369140625,0.6269358396530151,4.543422698974609,0,0,
10800,0.5049529075622559,4.210666179656982,55.04150390625,127.880859375,0.6269358396530151,4.543422698974609,0,0,
10810,0.5049529075622559,4.364474773406982,55.04150390625,128.03466796875,0.6269358396530151,4.543422698974609,0,0,
10820,0.5049529075622559,4.452365398406982,55.04150390625,128.12255859375,0.6269358396530151,4.543422698974609,0,0,
10830,0.4929656982421875,4.651048183441162,55.04150390625,128.21044921875,0.6269358396530151,4.543422698974609,0,0,
10840,0.4929656982421875,4.782884120941162,55.04150390625,128.34228515625,0.6269358396530151,4.543422698974609,0,0,
10850,0.4929656982421875,4.892747402191162,55.04150390625,128.4521484375,0.6269358396530151,4.543422698974609,0,0,
10860,0.4929656982421875,5.068528652191162,55.04150390625,128.6279296875,0.6269358396530151,4.543422698974609,0,0,
10870,0.4050750732421875,5.200364589691162,54.95361328125,128.759765625,0.6269358396530151,4.543422698974609,0,0,
10880,0.45675182342529297,5.529801368713379,54.95361328125,128.91357421875,0.6269358396530151,4.543422698974609,0,0,
10890,0.43477916717529297,5.683609962463379,54.931640625,129.0673828125,0.6269358396530151,4.543422698974609,0,0,
10900,0.43477916717529297,5.837418556213379,54.931640625,129.22119140625,0.6269358396530151,4.543422698974609,0,0,
10910,0.43477916717529297,5.969254493713379,54.931640625,129.35302734375,0.6269358396530151,4.543422698974609,0,0,
10920,0.43477916717529297,6.079117774963379,54.931640625,129.462890625,0.6269358396530151,4.543422698974609,0,0,
10930,0.5273749828338623,6.327032089233398,54.931640625,129.57275390625,0.6269358396530151,4.543422698974609,0,0,
10940,0.5273749828338623,6.458868026733398,54.931640625,129.70458984375,0.6269358396530151,4.543422698974609,0,0,
10950,0.5054023265838623,6.546758651733398,54.90966796875,129.79248046875,0.6269358396530151,4.543422698974609,0,0,
10960,0.5054023265838623,6.634649276733398,54.90966796875,129.88037109375,0.6269358396530151,4.543422698974609,0,0,
10970,0.5054023265838623,6.678594589233398,54.90966796875,129.92431640625,0.6269358396530151,4.543422698974609,0,0,
10980,0.6793429851531982,6.802724361419678,54.90966796875,129.9462890625,0.6269358396530151,4.543422698974609,0,0,
10990,0.6793429851531982,6.824697017669678,54.90966796875,129.96826171875,0.6269358396530151,4.543422698974609,0,0,
11000,0.6793429851531982,6.824697017669678,54.90966796875,129.96826171875,0.6269358396530151,4.543422698974609,0,0,
11010,0.6793429851531982,6.824697017669678,54.90966796875,129.96826171875,0.6269358396530151,4.543422698974609,0,0,
11020,0.6793429851531982,6.802724361419678,54.90966796875,129.9462890625,0.6269358396530151,4.543422698974609,0,0,
11030,0.7700309753417969,6.780998706817627,54.90966796875,129.8583984375,0.6269358396530151,4.543422698974609,0,0,
11040,0.7700309753417969,6.715080738067627,54.90966796875,129.79248046875,0.6269358396530151,4.543422698974609,0,0,
11050,0.7700309753417969,6.583244800567627,54.90966796875,129.66064453125,0.6269358396530151,4.543422698974609,0,0,
11060,0.7700309753417969,6.407463550567627,54.90966796875,129.48486328125,0.6269358396530151,4.543422698974609,0,0,
11070,0.7700309753417969,6.231682300567627,54.90966796875,129.30908203125,0.6269358396530151,4.543422698974609,0,0,
11080,0.7760696411132812,6.023556709289551,54.90966796875,129.111328125,0.6269358396530151,4.543422698974609,0,0,
11090,0.7760696411132812,5.825802803039551,54.90966796875,128.91357421875,0.6269358396530151,4.543422698974609,0,0,
11100,0.7760696411132812,5.562130928039551,54.90966796875,128.64990234375,0.6269358396530151,4.543422698974609,0,0,
11110,0.9079055786132812,5.276486396789551,55.04150390625,128.3642578125,0.6269358396530151,4.543422698974609,0,0,
11120,1.0617141723632812,4.968869209289551,55.1953125,128.056640625,0.6269358396530151,4.543422698974609,0,0,
11130,1.2317347526550293,4.618596076965332,55.39306640625,127.7490234375,0.6269358396530151,4.543422698974609,0,0,
11140,1.3855433464050293,4.267033576965332,55.546875,127.3974609375,0.6269358396530151,4.543422698974609,0,0,
11150,1.5832972526550293,3.893498182296753,55.74462890625,127.02392578125,0.6269358396530151,4.543422698974609,0,0,
11160,1.7810511589050293,3.497990369796753,55.9423828125,126.62841796875,0.6269358396530151,4.543422698974609,0,0,
11170,1.9568324089050293,3.102482557296753,56.1181640625,126.23291015625,0.6269358396530151,4.543422698974609,0,0,
11180,2.0822794437408447,2.5040924549102783,56.2939453125,125.79345703125,0.6269358396530151,4.543422698974609,0,0,
11190,2.2800333499908447,2.1085846424102783,56.49169921875,125.39794921875,0.6269358396530151,4.543422698974609,0,0,
11200,2.4997599124908447,1.6032135486602783,56.71142578125,124.892578125,0.6269358396530151,4.543422698974609,0,0,
11210,2.6975138187408447,1.1198151111602783,56.9091796875,124.4091796875,0.6269358396530151,4.543422698974609,0,0,
11220,2.9172403812408447,0.6364166736602783,57.12890625,123.92578125,0.6269358396530151,4.543422698974609,0,0,
11230,3.031958818435669,-0.1520233154296875,57.32666015625,123.42041015625,0.6269358396530151,4.543422698974609,0,0,
11240,3.251685380935669,-0.6793670654296875,57.54638671875,122.89306640625,0.6269358396530151,4.543422698974609,0,0,
11250,3.493384599685669,-1.2067108154296875,57.7880859375,122.36572265625,0.6269358396530151,4.543422698974609,0,0,
11260,3.735083818435669,-1.7340545654296875,58.02978515625,121.83837890625,0.6269358396530151,4.543422698974609,0,0,
11270,3.976783037185669,-2.2833709716796875,58.271484375,121.2890625,0.6269358396530151,4.543422698974609,0,0,
11280,4.105144023895264,-3.1351184844970703,58.51318359375,120.78369140625,0.6269358396530151,4.543422698974609,0,0,
11290,4.324870586395264,-3.6185169219970703,58.73291015625,120.30029296875,0.6269358396530151,4.543422698974609,0,0,
11300,4.566569805145264,-4.12388801574707,58.974609375,119.794921875,0.6269358396530151,4.543422698974609,0,0,
11310,4.786296367645264,-4.60728645324707,59.1943359375,119.3115234375,0.6269358396530151,4.543422698974609,0,0,
11320,5.027995586395264,-5.09068489074707,59.43603515625,118.828125,0.6269358396530151,4.543422698974609,0,0,
11330,5.116771221160889,-5.926629543304443,59.65576171875,118.36669921875,0.6269358396530151,4.543422698974609,0,0,
11340,5.292552471160889,-6.322137355804443,59.83154296875,117.97119140625,0.6269358396530151,4.543422698974609,0,0,
11350,5.490306377410889,-6.783563137054443,60.029296875,117.509765625,0.6269358396530151,4.543422698974609,0,0,
11360,5.666087627410889,-7.157098293304443,60.205078125,117.13623046875,0.6269358396530151,4.543422698974609,0,0,
11370,5.797923564910889,-7.530633449554443,60.3369140625,116.7626953125,0.6269358396530151,4.543422698974609,0,0,
11380,5.805622577667236,-8.320475578308105,60.46875,116.38916015625,0.6269358396530151,4.543422698974609,0,0,
11390,5.915485858917236,-8.606120109558105,60.57861328125,116.103515625,0.6269358396530151,4.543422698974609,0,0,
11400,5.981403827667236,-8.957682609558105,60.64453125,115.751953125,0.6269358396530151,4.543422698974609,0,0,
11410,6.003376483917236,-9.353190422058105,60.66650390625,115.3564453125,0.6269358396530151,4.543422698974609,0,0,
11420,5.981403827667236,-9.616862297058105,60.64453125,115.0927734375,0.6269358396530151,4.543422698974609,0,0,
11430,5.810710906982422,-10.231322288513184,60.6005859375,114.9169921875,0.6269358396530151,4.543422698974609,0,0,
11440,5.810710906982422,-10.407103538513184,60.6005859375,114.7412109375,0.6269358396530151,4.543422698974609,0,0,
11450,5.788738250732422,-10.560912132263184,60.57861328125,114.58740234375,0.6269358396530151,4.543422698974609,0,0,
11460,5.722820281982422,-10.714720726013184,60.5126953125,114.43359375,0.6269358396530151,4.543422698974609,0,0,
11470,5.569011688232422,-10.824584007263184,60.35888671875,114.32373046875,0.6269358396530151,4.543422698974609,0,0,
11480,5.411118507385254,-11.366482734680176,60.2490234375,114.27978515625,0.6269358396530151,4.543422698974609,0,0,
11490,5.367173194885254,-11.388455390930176,60.205078125,114.2578125,0.6269358396530151,4.543422698974609,0,0,
11500,5.257309913635254,-11.410428047180176,60.09521484375,114.23583984375,0.6269358396530151,4.543422698974609,0,0,
11510,5.147446632385254,-11.388455390930176,59.9853515625,114.2578125,0.6269358396530151,4.543422698974609,0,0,
11520,5.037583351135254,-11.256619453430176,59.87548828125,114.3896484375,0.6269358396530151,4.543422698974609,0,0,
11530,4.861655235290527,-11.577413558959961,59.8095703125,114.49951171875,0.6269358396530151,4.543422698974609,0,0,
11540,4.751791954040527,-11.335714340209961,59.69970703125,114.7412109375,0.6269358396530151,4.543422698974609,0,0,
11550,4.729819297790527,-11.115987777709961,59.677734375,114.9609375,0.6269358396530151,4.543422698974609,0,0,
11560,4.619956016540527,-10.808370590209961,59.56787109375,115.2685546875,0.6269358396530151,4.543422698974609,0,0,
11570,4.554038047790527,-10.478780746459961,59.501953125,115.59814453125,0.6269358396530151,4.543422698974609,0,0,
11580,4.412700653076172,-10.509760856628418,59.4580078125,115.9716796875,0.6269358396530151,4.543422698974609,0,0,
11590,4.346782684326172,-10.136225700378418,59.39208984375,116.34521484375,0.6269358396530151,4.543422698974609,0,0,
11600,4.302837371826172,-9.652827262878418,59.34814453125,116.82861328125,0.6269358396530151,4.543422698974609,0,0,
11610,4.192974090576172,-9.125483512878418,59.23828125,117.35595703125,0.6269358396530151,4.543422698974609,0,0,
11620,4.171001434326172,-8.620112419128418,59.21630859375,117.861328125,0.6269358396530151,4.543422698974609,0,0,
11630,3.9713621139526367,-8.38159465789795,59.12841796875,118.4326171875,0.6269358396530151,4.543422698974609,0,0,
11640,3.9274168014526367,-7.832278251647949,59.08447265625,118.98193359375,0.6269358396530151,4.543422698974609,0,0,
11650,3.8395261764526367,-7.195071220397949,58.99658203125,119.619140625,0.6269358396530151,4.543422698974609,0,0,
11660,3.7955808639526367,-6.535891532897949,58.95263671875,120.2783203125,0.6269358396530151,4.543422698974609,0,0,
11670,3.7736082077026367,-5.876711845397949,58.9306640625,120.9375,0.6269358396530151,4.543422698974609,0,0,
11680,3.587939739227295,-5.3964033126831055,58.88671875,121.66259765625,0.6269358396530151,4.543422698974609,0,0,
11690,3.565967082977295,-4.7591962814331055,58.86474609375,122.2998046875,0.6269358396530151,4.543422698974609,0,0,
11700,3.565967082977295,-3.9681804180145264,58.86474609375,123.0908203125,0.6269358396530151,4.543422698974609,0,0,
11710,3.543994426727295,-3.2211101055145264,58.8427734375,123.837890625,0.6269358396530151,4.543422698974609,0,0,
11720,3.543994426727295,-2.4520671367645264,58.8427734375,124.60693359375,0.6269358396530151,4.543422698974609,0,0,
11730,3.3401083946228027,-1.8233308792114258,58.8427734375,125.39794921875,0.6269358396530151,4.543422698974609,0,0,
11740,3.3401083946228027,-1.0982332229614258,58.8427734375,126.123046875,0.6269358396530151,4.543422698974609,0,0,
11750,3.3401083946228027,-0.2632722854614258,58.8427734375,126.9580078125,0.6269358396530151,4.543422698974609,0,0,
11760,3.3620810508728027,0.5497159957885742,58.86474609375,127.77099609375,0.6269358396530151,4.543422698974609,0,0,
11770,3.4060263633728027,1.3407316207885742,58.90869140625,128.56201171875,0.6269358396530151,4.543422698974609,0,0,
11780,3.2489013671875,2.0140390396118164,58.95263671875,129.3310546875,0.6269358396530151,4.543422698974609,0,0,
11790,3.2708740234375,2.7611093521118164,58.974609375,130.078125,0.6269358396530151,4.543422698974609,0,0,
11800,3.3367919921875,3.5960702896118164,59.04052734375,130.9130859375,0.6269358396530151,4.543422698974609,0,0,
11810,3.4027099609375,4.365113258361816,59.1064453125,131.68212890625,0.6269358396530151,4.543422698974609,0,0,
11820,3.5125732421875,5.112183570861816,59.21630859375,132.42919921875,0.6269358396530151,4.543422698974609,0,0,
11830,3.3689680099487305,5.84538459777832,59.30419921875,133.17626953125,0.6269358396530151,4.543422698974609,0,0,
11840,3.4788312911987305,6.52653694152832,59.4140625,133.857421875,0.6269358396530151,4.543422698974609,0,0,
11850,3.6106672286987305,7.27360725402832,59.5458984375,134.6044921875,0.6269358396530151,4.543422698974609,0,0,
11860,3.7205305099487305,7.95475959777832,59.65576171875,135.28564453125,0.6269358396530151,4.543422698974609,0,0,
11870,3.8963117599487305,8.63591194152832,59.83154296875,135.966796875,0.6269358396530151,4.543422698974609,0,0,
11880,3.7521770000457764,9.325056076049805,59.94140625,136.6259765625,0.6269358396530151,4.543422698974609,0,0,
11890,3.9059855937957764,9.918317794799805,60.09521484375,137.21923828125,0.6269358396530151,4.543422698974609,0,0,
11900,4.0597944259643555,10.577497482299805,60.2490234375,137.87841796875,0.6269358396530151,4.543422698974609,0,0,
11910,4.1696577072143555,11.192731857299805,60.35888671875,138.49365234375,0.6269358396530151,4.543422698974609,0,0,
11920,4.3014936447143555,11.807966232299805,60.49072265625,139.10888671875,0.6269358396530151,4.543422698974609,0,0,
11930,4.157061576843262,12.505115509033203,60.57861328125,139.658203125,0.6269358396530151,4.543422698974609,0,0,
11940,4.266924858093262,13.032459259033203,60.6884765625,140.185546875,0.6269358396530151,4.543422698974609,0,0,
11950,4.332842826843262,13.581775665283203,60.75439453125,140.73486328125,0.6269358396530151,4.543422698974609,0,0,
11960,4.376788139343262,14.087146759033203,60.79833984375,141.240234375,0.6269358396530151,4.543422698974609,0,0,
11970,4.398760795593262,14.526599884033203,60.8203125,141.6796875,0.6269358396530151,4.543422698974609,0,0,
11980,4.196861267089844,15.216039657592773,60.84228515625,142.14111328125,0.6269358396530151,4.543422698974609,0,0,
11990,4.196861267089844,15.589574813842773,60.84228515625,142.5146484375,0.6269358396530151,4.543422698974609,0,0,
12000,4.218833923339844,16.007055282592773,60.8642578125,142.93212890625,1.6203006505966187,2.8905577659606934,0,0,
12010,4.174888610839844,16.358617782592773,60.8203125,143.28369140625,1.6203006505966187,2.8905577659606934,0,0,
12020,4.086997985839844,16.644262313842773,60.732421875,143.5693359375,1.6203006505966187,2.8905577659606934,0,0,
12030,3.827794075012207,17.269119262695312,60.64453125,143.876953125,1.6203006505966187,2.8905577659606934,0,0,
12040,3.695958137512207,17.466873168945312,60.5126953125,144.07470703125,1.6203006505966187,2.8905577659606934,0,0,
12050,3.520176887512207,17.664627075195312,60.3369140625,144.2724609375,1.6203006505966187,2.8905577659606934,0,0,
12060,3.344395637512207,17.796463012695312,60.1611328125,144.404296875,1.6203006505966187,2.8905577659606934,0,0,
12070,3.146641731262207,17.906326293945312,59.96337890625,144.51416015625,1.6203006505966187,2.8905577659606934,0,0,
12080,2.8186392784118652,18.30498504638672,59.74365234375,144.55810546875,1.6203006505966187,2.8905577659606934,0,0,
12090,2.5549674034118652,18.34893035888672,59.47998046875,144.60205078125,1.6203006505966187,2.8905577659606934,0,0,
12100,2.2473502159118652,18.34893035888672,59.17236328125,144.60205078125,1.6203006505966187,2.8905577659606934,0,0,
12110,1.9617056846618652,18.28301239013672,58.88671875,144.5361328125,1.6203006505966187,2.8905577659606934,0,0,
12120,1.6321158409118652,18.17314910888672,58.55712890625,144.42626953125,1.6203006505966187,2.8905577659606934,0,0,
12130,1.2258061170578003,18.356903076171875,58.18359375,144.25048828125,1.6203006505966187,2.8905577659606934,0,0,
12140,0.8522709608078003,18.137176513671875,57.81005859375,144.03076171875,1.6203006505966187,2.8905577659606934,0,0,
12150,0.4567631781101227,17.873504638671875,57.41455078125,143.76708984375,1.6203006505966187,2.8905577659606934,0,0,
12160,0.03928270936012268,17.565887451171875,56.9970703125,143.45947265625,1.6203006505966187,2.8905577659606934,0,0,
12170,-0.4221430718898773,17.236297607421875,56.53564453125,143.1298828125,1.6203006505966187,2.8905577659606934,0,0,
12180,-0.8180360198020935,17.187259674072266,56.09619140625,142.734375,1.6203006505966187,2.8905577659606934,0,0,
12190,-1.2355165481567383,16.791751861572266,55.6787109375,142.3388671875,1.6203006505966187,2.8905577659606934,0,0,
12200,-1.7189149856567383,16.264408111572266,55.1953125,141.8115234375,1.6203006505966187,2.8905577659606934,0,0,
12210,-2.1583681106567383,15.759037971496582,54.755859375,141.30615234375,1.6203006505966187,2.8905577659606934,0,0,
12220,-2.5978212356567383,15.187748908996582,54.31640625,140.73486328125,1.6203006505966187,2.8905577659606934,0,0,
12230,-2.954253673553467,14.893177032470703,53.876953125,140.1416015625,1.6203006505966187,2.8905577659606934,0,0,
12240,-3.239898204803467,14.299915313720703,53.59130859375,139.54833984375,1.6203006505966187,2.8905577659606934,0,0,
12250,-3.415679454803467,13.574817657470703,53.41552734375,138.8232421875,1.6203006505966187,2.8905577659606934,0,0,
12260,-3.415679454803467,12.849720001220703,53.41552734375,138.09814453125,1.6203006505966187,2.8905577659606934,0,0,
12270,-3.723296642303467,12.102649688720703,53.10791015625,137.35107421875,1.6203006505966187,2.8905577659606934,0,0,
12280,-3.921647548675537,11.56692123413086,52.822265625,136.56005859375,1.6203006505966187,2.8905577659606934,0,0,
12290,-4.229264736175537,10.81985092163086,52.5146484375,135.81298828125,1.6203006505966187,2.8905577659606934,0,0,
12300,-4.536881923675537,9.94094467163086,52.20703125,134.93408203125,1.6203006505966187,2.8905577659606934,0,0,
12310,-4.800553798675537,9.10598373413086,51.943359375,134.09912109375,1.6203006505966187,2.8905577659606934,0,0,
12320,-5.042253017425537,8.27102279663086,51.70166015625,133.26416015625,1.6203006505966187,2.8905577659606934,0,0,
12330,-5.155227184295654,7.62630033493042,51.52587890625,132.38525390625,1.6203006505966187,2.8905577659606934,0,0,
12340,-5.331008434295654,6.81331205368042,51.35009765625,131.572265625,1.6203006505966187,2.8905577659606934,0,0,
12350,-5.484817028045654,5.89046049118042,51.1962890625,130.6494140625,1.6203006505966187,2.8905577659606934,0,0,
12360,-5.616652965545654,5.01155424118042,51.064453125,129.7705078125,1.6203006505966187,2.8905577659606934,0,0,
12370,-5.704543590545654,4.11067533493042,50.9765625,128.86962890625,1.6203006505966187,2.8905577659606934,0,0,
12380,-5.73310661315918,3.471956729888916,50.91064453125,128.0126953125,1.6203006505966187,2.8905577659606934,0,0,
12390,-5.75507926940918,2.680941104888916,50.888671875,127.2216796875,1.6203006505966187,2.8905577659606934,0,0,
12400,-5.75507926940918,1.8020347356796265,50.888671875,126.3427734375,1.6203006505966187,2.8905577659606934,0,0,
12410,-5.75507926940918,0.9890464544296265,50.888671875,125.52978515625,1.6203006505966187,2.8905577659606934,0,0,
12420,-5.75507926940918,0.22000348567962646,50.888671875,124.7607421875,1.6203006505966187,2.8905577659606934,0,0,
12430,-5.711901664733887,-0.34639787673950195,50.888671875,123.99169921875,1.6203006505966187,2.8905577659606934,0,0,
12440,-5.689929008483887,-1.027550220489502,50.91064453125,123.310546875,1.6203006505966187,2.8905577659606934,0,0,
12450,-5.689929008483887,-1.752647876739502,50.91064453125,122.58544921875,1.6203006505966187,2.8905577659606934,0,0,
12460,-5.667956352233887,-2.433800220489502,50.9326171875,121.904296875,1.6203006505966187,2.8905577659606934,0,0,
12470,-5.667956352233887,-3.071007251739502,50.9326171875,121.26708984375,1.6203006505966187,2.8905577659606934,0,0,
12480,-5.594766616821289,-3.4961328506469727,50.9326171875,120.65185546875,1.6203006505966187,2.8905577659606934,0,0,
