run,method,coded_I,coded_b,coded_K,coded_l,coded_tau_f,ratio_I,ratio_b,ratio_K,ratio_l,ratio_tau_f,rmse_N,nrmse_fluctuation,bias_N,mae_N,p95_abs_error_N,max_abs_error_N,wind_rmse_m_s
0,ESO 3-state,-1.0,-1.0,-1.0,-1.0,-1.0,0.75,0.5,0.9,0.95,0.0,0.0046129702814260475,0.344610314920133,-0.0020613904513631506,0.0036414589225193077,0.009223484576719551,0.023343852920297024,0.2291157876414354
0,ESO 4-state,-1.0,-1.0,-1.0,-1.0,-1.0,0.75,0.5,0.9,0.95,0.0,0.004784406750731095,0.3574174157839488,-0.0020620519145505183,0.003783725166000569,0.009544291592194769,0.021574668682638763,0.24075717577489117
0,RTS 3-state,-1.0,-1.0,-1.0,-1.0,-1.0,0.75,0.5,0.9,0.95,0.0,0.0030554037720045826,0.22825285918667615,-0.002062363154863434,0.0024898910463395504,0.005826286669366035,0.009857344078633867,0.1512408512978291
0,RTS 4-state,-1.0,-1.0,-1.0,-1.0,-1.0,0.75,0.5,0.9,0.95,0.0,0.003298461930209554,0.24641043301284637,-0.002062203374577396,0.00265446121208665,0.006426801320155585,0.012159105962249894,0.1633128089082293
1,ESO 3-state,-1.0,-1.0,-1.0,-1.0,0.0,0.75,0.5,0.9,0.95,1.0,0.004582254969149985,0.34231573836954404,-0.00205736024332875,0.003616377919781955,0.009117283270787403,0.023034706623244097,0.22747263735019263
1,ESO 4-state,-1.0,-1.0,-1.0,-1.0,0.0,0.75,0.5,0.9,0.95,1.0,0.004747636671293245,0.35467051999193894,-0.0020580273407946157,0.0037532801039233767,0.009445457288392498,0.021265522385581714,0.23877584557847462
1,RTS 3-state,-1.0,-1.0,-1.0,-1.0,0.0,0.75,0.5,0.9,0.95,1.0,0.002992768117165703,0.22357368472371336,-0.0020581459223420915,0.0024425725704917533,0.005671766332911228,0.009659176845781561,0.14793274317310778
1,RTS 4-state,-1.0,-1.0,-1.0,-1.0,0.0,0.75,0.5,0.9,0.95,1.0,0.0032435804442305124,0.2423105309946882,-0.0020579816381599337,0.0026100424319414044,0.006277541587500504,0.011849936831796679,0.16040964217727915
2,ESO 3-state,-1.0,-1.0,-1.0,-1.0,1.0,0.75,0.5,0.9,0.95,2.0,0.004571633967465088,0.34152230019151436,-0.002053330051474641,0.0036071753338464694,0.009138474543519834,0.022725560326185668,0.2270534391893868
2,ESO 4-state,-1.0,-1.0,-1.0,-1.0,1.0,0.75,0.5,0.9,0.95,2.0,0.0047347444469788506,0.3537074109298899,-0.0020539894597364178,0.00374156798430269,0.009433387735431453,0.02095637608853016,0.2382564615298513
2,RTS 3-state,-1.0,-1.0,-1.0,-1.0,1.0,0.75,0.5,0.9,0.95,2.0,0.0029609501444296743,0.2211967343130783,-0.0020539284983416514,0.002418530328132433,0.005582435327686187,0.009857496520103093,0.14651145885631342
2,RTS 4-state,-1.0,-1.0,-1.0,-1.0,1.0,0.75,0.5,0.9,0.95,2.0,0.0032171310131649403,0.24033463559261606,-0.0020537574134562807,0.002588193986839008,0.006227666654445289,0.011540765241652103,0.15924440887992497
3,ESO 3-state,-1.0,-1.0,-1.0,0.0,-1.0,0.75,0.5,0.9,1.0,0.0,0.0057433084822107435,0.4290518308143679,-0.0039090714009301095,0.0045961209862792046,0.011229807599761346,0.025337732061248286,0.28257225070410347
3,ESO 4-state,-1.0,-1.0,-1.0,0.0,-1.0,0.75,0.5,0.9,1.0,0.0,0.0058388808878159625,0.4361915336054094,-0.003909699790958108,0.004684082759557368,0.01133876602640024,0.023657007035472938,0.29186421079548364
3,RTS 3-state,-1.0,-1.0,-1.0,0.0,-1.0,0.75,0.5,0.9,1.0,0.0,0.004645174592543498,0.3470161266030428,-0.003909995199248782,0.003991356070550466,0.008151481778576858,0.013821357965434294,0.22580820346248065
3,RTS 4-state,-1.0,-1.0,-1.0,0.0,-1.0,0.75,0.5,0.9,1.0,0.0,0.004801968366989295,0.35872935012126994,-0.003909844519685614,0.004050129837113849,0.008667045589374762,0.015707129624087393,0.23383685018350112
4,ESO 3-state,-1.0,-1.0,-1.0,0.0,0.0,0.75,0.5,0.9,1.0,1.0,0.005717415608202848,0.42711751281063476,-0.003905242703297429,0.0045767719634084054,0.011149961939739796,0.025044043079048006,0.2812085299376845
4,ESO 4-state,-1.0,-1.0,-1.0,0.0,0.0,0.75,0.5,0.9,1.0,1.0,0.00580791717121884,0.4338784000977871,-0.0039058764458900024,0.004658360524970824,0.01129834273272523,0.023363318053268738,0.2902087550469421
4,RTS 3-state,-1.0,-1.0,-1.0,0.0,0.0,0.75,0.5,0.9,1.0,1.0,0.004603007607697796,0.34386605689948996,-0.003905988837480268,0.003976192562038874,0.008027035037268572,0.01352754288646045,0.22357399165913835
4,RTS 4-state,-1.0,-1.0,-1.0,0.0,0.0,0.75,0.5,0.9,1.0,1.0,0.00476316329196223,0.35583043070281617,-0.0039058348865875806,0.0040305245429551415,0.008583012203028276,0.015413440008954657,0.23178493180503087
5,ESO 3-state,-1.0,-1.0,-1.0,0.0,1.0,0.75,0.5,0.9,1.0,2.0,0.00570606748263014,0.4262697550994892,-0.003901414021036026,0.004569672498576991,0.011159021640748484,0.0247503540968425,0.2808112047534953
5,ESO 4-state,-1.0,-1.0,-1.0,0.0,1.0,0.75,0.5,0.9,1.0,2.0,0.005794582021252732,0.43288220243143083,-0.003902040458884714,0.00464819559149657,0.011284827556431322,0.02306962907106977,0.2897274024310399
5,RTS 3-state,-1.0,-1.0,-1.0,0.0,1.0,0.75,0.5,0.9,1.0,2.0,0.004579152840677831,0.3420839949581424,-0.003901982300943248,0.003968835818011068,0.007937454082262443,0.013356764023810419,0.22257149006924348
5,RTS 4-state,-1.0,-1.0,-1.0,0.0,1.0,0.75,0.5,0.9,1.0,2.0,0.004741981701382171,0.3542480674628677,-0.0039018227515058104,0.0040208487068616305,0.00853814869325048,0.015119750387457262,0.23091544798612676
6,ESO 3-state,-1.0,-1.0,-1.0,1.0,-1.0,0.75,0.5,0.9,1.05,0.0,0.007080568203655525,0.5289513457955557,-0.005580782736252596,0.00586022057557476,0.013281166393379618,0.027141717950680384,0.3481893361243465
6,ESO 4-state,-1.0,-1.0,-1.0,1.0,-1.0,0.75,0.5,0.9,1.05,0.0,0.007129074114857118,0.5325749627527196,-0.005581381202945929,0.005907069303146608,0.01336438522283269,0.02554102744994196,0.35559865522292616
6,RTS 3-state,-1.0,-1.0,-1.0,1.0,-1.0,0.75,0.5,0.9,1.05,0.0,0.0062623514081332765,0.46782674919600903,-0.005581662287697883,0.005603884740747645,0.01051294230208874,0.01769422508666657,0.3050986107764981
6,RTS 4-state,-1.0,-1.0,-1.0,1.0,-1.0,0.75,0.5,0.9,1.05,0.0,0.006374857868626915,0.4762315045739857,-0.005581519868358585,0.005616372757781616,0.010943725209940573,0.01949245926305619,0.31092958388493086
7,ESO 3-state,-1.0,-1.0,-1.0,1.0,0.0,0.75,0.5,0.9,1.05,1.0,0.007058847009698421,0.5273286716759893,-0.005577136357554806,0.005846422001485959,0.013221524290585932,0.02686201415810869,0.34706118937635244
7,ESO 4-state,-1.0,-1.0,-1.0,1.0,0.0,0.75,0.5,0.9,1.05,1.0,0.0071032675099937615,0.5306470894549469,-0.005577739921928684,0.005890514128883868,0.013309698848164513,0.02526132365736653,0.3542259782889882
7,RTS 3-state,-1.0,-1.0,-1.0,1.0,0.0,0.75,0.5,0.9,1.05,1.0,0.006230548053814741,0.4654508908490875,-0.005577846710346329,0.005596906429942909,0.010394959562615227,0.017414381254815023,0.30342988124784354
7,RTS 4-state,-1.0,-1.0,-1.0,1.0,0.0,0.75,0.5,0.9,1.05,1.0,0.006345028644115698,0.474003122896778,-0.005577702141931126,0.005607923609194783,0.010836842759371787,0.019212754865700746,0.30936897814136755
8,ESO 3-state,-1.0,-1.0,-1.0,1.0,1.0,0.75,0.5,0.9,1.05,2.0,0.0070478182378577985,0.5265047711725582,-0.005573489993496326,0.005839372150621388,0.01319597034846759,0.02658231036553202,0.34669801311720616
8,ESO 4-state,-1.0,-1.0,-1.0,1.0,1.0,0.75,0.5,0.9,1.05,2.0,0.007090543595489348,0.5296965539177816,-0.005574086600971267,0.005882624122884733,0.013285403161577163,0.02498161986479608,0.35379304495592645
8,RTS 3-state,-1.0,-1.0,-1.0,1.0,1.0,0.75,0.5,0.9,1.05,2.0,0.00621107486884233,0.46399615344640777,-0.00557403097283077,0.005591945546950219,0.010331712001086582,0.017134551473986334,0.3026508983563361
8,RTS 4-state,-1.0,-1.0,-1.0,1.0,1.0,0.75,0.5,0.9,1.05,2.0,0.006327245856880199,0.47267466605974656,-0.005573881902197415,0.005602582583133529,0.010787489404771665,0.018933050495920395,0.308676224739574
9,ESO 3-state,-1.0,-1.0,0.0,-1.0,-1.0,0.75,0.5,1.0,0.95,0.0,0.005229233866842738,0.3906480683171924,0.0020417726620242504,0.004175383682873564,0.010100353840162807,0.021971903294427005,0.25874823800573604
9,ESO 4-state,-1.0,-1.0,0.0,-1.0,-1.0,0.75,0.5,1.0,0.95,0.0,0.0053612292612337945,0.40050873761572675,0.0020411718386796067,0.004264542955024775,0.010431726414471744,0.022743915370787043,0.26372183289237433
9,RTS 3-state,-1.0,-1.0,0.0,-1.0,-1.0,0.75,0.5,1.0,0.95,0.0,0.003847766230966044,0.287446016708859,0.0020409964162842456,0.0030843597215661294,0.0076436447784446054,0.013887343588883841,0.19218592773433021
9,RTS 4-state,-1.0,-1.0,0.0,-1.0,-1.0,0.75,0.5,1.0,0.95,0.0,0.004058252092217533,0.3031702886002633,0.002041112113167968,0.0032532718341161775,0.00796749702353857,0.016376704868195466,0.20235207949667303
10,ESO 3-state,-1.0,-1.0,0.0,-1.0,0.0,0.75,0.5,1.0,0.95,1.0,0.005205356165265027,0.38886429305781217,0.002045803025595082,0.004155247653050101,0.010152188110470223,0.022281049591482686,0.25740411643029343
10,ESO 4-state,-1.0,-1.0,0.0,-1.0,0.0,0.75,0.5,1.0,0.95,1.0,0.005331791017114045,0.3983095639905139,0.0020451952670745787,0.004239733597713035,0.010345755594067134,0.023053061667856464,0.2621255467088836
10,RTS 3-state,-1.0,-1.0,0.0,-1.0,0.0,0.75,0.5,1.0,0.95,1.0,0.003803081955636712,0.28410789370918976,0.002045213643871316,0.003051220016464648,0.007625910155399117,0.013578138373145442,0.1897798107252945
10,RTS 4-state,-1.0,-1.0,0.0,-1.0,0.0,0.75,0.5,1.0,0.95,1.0,0.004018329764289575,0.30018790519862015,0.00204533377870611,0.0032206383057754324,0.007920085353416616,0.016064288537774196,0.20018804964106376
11,ESO 3-state,-1.0,-1.0,0.0,-1.0,1.0,0.75,0.5,1.0,0.95,2.0,0.0051992268781751545,0.3884064068314947,0.0020498333321894427,0.004148725500872397,0.010130945208798533,0.02259019588853286,0.25700917247349336
11,ESO 4-state,-1.0,-1.0,0.0,-1.0,1.0,0.75,0.5,1.0,0.95,2.0,0.005323697383001522,0.3977049319139546,0.0020492320672014655,0.0042309276920570685,0.010409864287398957,0.02336220796491764,0.26173185540459537
11,RTS 3-state,-1.0,-1.0,0.0,-1.0,1.0,0.75,0.5,1.0,0.95,2.0,0.0037829825814423967,0.2826063770619463,0.0020494310629615444,0.0030371699820234046,0.007540538286208764,0.01350166378540587,0.1886753149427707
11,RTS 4-state,-1.0,-1.0,0.0,-1.0,1.0,0.75,0.5,1.0,0.95,2.0,0.0040015475095431996,0.29893419278765904,0.0020495579337875026,0.00320542609274805,0.00789386026444798,0.01575170848660158,0.1992506306462583
12,ESO 3-state,-1.0,-1.0,0.0,0.0,-1.0,0.75,0.5,1.0,1.0,0.0,0.00465555301315412,0.3477914428476327,-1.1066443212079227e-05,0.00371758141142216,0.009071477017420587,0.02069033559040836,0.23593301113407505
12,ESO 4-state,-1.0,-1.0,0.0,0.0,-1.0,0.75,0.5,1.0,1.0,0.0,0.004750670868560646,0.35489718862669234,-1.1637225389490658e-05,0.0037908145069738236,0.009274608224301463,0.018747425068609352,0.24125245630330464
12,RTS 3-state,-1.0,-1.0,0.0,0.0,-1.0,0.75,0.5,1.0,1.0,0.0,0.003114482204679365,0.23266629262478425,-1.1803606658109146e-05,0.002519622952798643,0.006031592516004755,0.010796059306664926,0.16254095691545484
12,RTS 4-state,-1.0,-1.0,0.0,0.0,-1.0,0.75,0.5,1.0,1.0,0.0,0.003360805748898195,0.25106780595932343,-1.1694806341190124e-05,0.0027118538564564485,0.00648265805248565,0.01314401585195623,0.1741133440681794
13,ESO 3-state,-1.0,-1.0,0.0,0.0,0.0,0.75,0.5,1.0,1.0,1.0,0.004626818851622009,0.3456448674633478,-7.2375978197890194e-06,0.0036929430951856035,0.008979357642696327,0.02039664660820547,0.23441541485422115
13,ESO 4-state,-1.0,-1.0,0.0,0.0,0.0,0.75,0.5,1.0,1.0,1.0,0.004715982340685402,0.35230579440866844,-7.81496841426739e-06,0.0037623952613891213,0.009189192470763836,0.01863095617358064,0.23947248154788287
13,RTS 3-state,-1.0,-1.0,0.0,0.0,0.0,0.75,0.5,1.0,1.0,1.0,0.003056695354227033,0.2283493463802347,-7.79724957658385e-06,0.002464031015740732,0.005936327082837985,0.010502288895517277,0.15963831165025957
13,RTS 4-state,-1.0,-1.0,0.0,0.0,0.0,0.75,0.5,1.0,1.0,1.0,0.0033101170757975857,0.24728112654575377,-7.685237526475314e-06,0.002667233452416538,0.006398067110845687,0.012847183859044438,0.17154307002939828
14,ESO 3-state,-1.0,-1.0,0.0,0.0,1.0,0.75,0.5,1.0,1.0,2.0,0.004616059103518712,0.34484106428315653,-3.4088065551466147e-06,0.0036825791063770427,0.008968986472374575,0.02010295762600388,0.23391231878241528
14,ESO 4-state,-1.0,-1.0,0.0,0.0,1.0,0.75,0.5,1.0,1.0,2.0,0.00470300755638874,0.35133651773231594,-3.980008293724753e-06,0.0037510113424081407,0.009245109564445235,0.018924645155788747,0.23897363693274745
14,RTS 3-state,-1.0,-1.0,0.0,0.0,1.0,0.75,0.5,1.0,1.0,2.0,0.003026169943073826,0.2260689563259287,-3.7907177047656033e-06,0.002430986786197388,0.005898482650763426,0.010354621595646221,0.1582327474394914
14,RTS 4-state,-1.0,-1.0,0.0,0.0,1.0,0.75,0.5,1.0,1.0,2.0,0.003284555008824246,0.24537152136464926,-3.673165801665504e-06,0.0026422688790360225,0.006354393636698798,0.01255021048093475,0.17036083757624065
15,ESO 3-state,-1.0,-1.0,0.0,1.0,-1.0,0.75,0.5,1.0,1.05,0.0,0.004964853669758334,0.37089763911049517,-0.0018683970622354247,0.003941484692152876,0.009834362921230744,0.022715626073689973,0.25096971744147306
15,ESO 4-state,-1.0,-1.0,0.0,1.0,-1.0,0.75,0.5,1.0,1.05,0.0,0.005012833907485824,0.37448198581651854,-0.0018689406643091501,0.003981174619039696,0.009893682079949256,0.02086523510054806,0.2558672711754368
15,RTS 3-state,-1.0,-1.0,0.0,1.0,-1.0,0.75,0.5,1.0,1.05,0.0,0.0036321805660412478,0.2713407657860125,-0.0018690988661838584,0.0029317002867047994,0.007031549017475856,0.012289283191352696,0.1856217773684891
15,RTS 4-state,-1.0,-1.0,0.0,1.0,-1.0,0.75,0.5,1.0,1.05,0.0,0.0038370369423620684,0.2866444889948018,-0.0018689963318519163,0.0030831387287155363,0.0075180295064639635,0.013398561246243335,0.19556487513653442
16,ESO 3-state,-1.0,-1.0,0.0,1.0,0.0,0.75,0.5,1.0,1.05,1.0,0.004936585869554694,0.36878590308446896,-0.0018647505428141962,0.003918846553245784,0.009779980871660068,0.022435922281115794,0.24950985392091743
16,ESO 4-state,-1.0,-1.0,0.0,1.0,0.0,0.75,0.5,1.0,1.05,1.0,0.004979003462931947,0.37195469440982093,-0.0018653004195708421,0.003953873138862923,0.009810840725633482,0.020585531307968905,0.25416338682519585
16,RTS 3-state,-1.0,-1.0,0.0,1.0,0.0,0.75,0.5,1.0,1.05,1.0,0.0035812949494423824,0.2675393737779939,-0.0018652832932948907,0.0028882494632986033,0.006937281015021848,0.012110615101352404,0.18304957681428974
16,RTS 4-state,-1.0,-1.0,0.0,1.0,0.0,0.75,0.5,1.0,1.05,1.0,0.0037912258870038003,0.28322219029120904,-0.0018651786637830514,0.0030431851787587746,0.0073915381170123265,0.013118841821653356,0.19324327245528106
17,ESO 3-state,-1.0,-1.0,0.0,1.0,1.0,0.75,0.5,1.0,1.05,2.0,0.004923583444733604,0.3678145615325056,-0.0018611040749431083,0.003908029951176063,0.009744535014662228,0.022156218488542857,0.24898031401350082
17,ESO 4-state,-1.0,-1.0,0.0,1.0,1.0,0.75,0.5,1.0,1.05,2.0,0.004963806742918001,0.37081942881081076,-0.0018616480765988967,0.0039410822042854465,0.009766254259919428,0.02030582751539845,0.2536375744282624
17,RTS 3-state,-1.0,-1.0,0.0,1.0,1.0,0.75,0.5,1.0,1.05,2.0,0.003551570155445425,0.2653187935454543,-0.0018614675602221106,0.002861096545966527,0.006874006266830081,0.011992564782091028,0.18175666073812083
17,RTS 4-state,-1.0,-1.0,0.0,1.0,1.0,0.75,0.5,1.0,1.05,2.0,0.0037653374765911243,0.28128820573877966,-0.001861358481725229,0.003018665597467599,0.007310551579849986,0.01283912155139328,0.192127491172499
18,ESO 3-state,-1.0,-1.0,1.0,-1.0,-1.0,0.75,0.5,1.1,0.95,0.0,0.008567793511502992,0.640053986919892,0.006144935775471252,0.00701048313070045,0.01618823736245059,0.031471031834531794,0.4007648107710808
18,ESO 4-state,-1.0,-1.0,1.0,-1.0,-1.0,0.75,0.5,1.1,0.95,0.0,0.008645746231599524,0.6458774173307731,0.006144395591965935,0.007050126104162812,0.016428680209839612,0.031828400352493125,0.4024284378427779
18,RTS 3-state,-1.0,-1.0,1.0,-1.0,-1.0,0.75,0.5,1.1,0.95,0.0,0.007764137799562867,0.580017170924313,0.006144355987481369,0.006507288030518417,0.014335711398439234,0.023274794472693094,0.360899100930709
18,RTS 4-state,-1.0,-1.0,1.0,-1.0,-1.0,0.75,0.5,1.1,0.95,0.0,0.007878163817008945,0.5885354442674993,0.0061444276008976294,0.006570353615764004,0.01461987768479947,0.025802561687275072,0.36664769214817694
19,ESO 3-state,-1.0,-1.0,1.0,-1.0,0.0,0.75,0.5,1.1,0.95,1.0,0.008555178998492662,0.6391116241826862,0.006148966269378376,0.007002989876942703,0.016166597125778767,0.031780178131590224,0.4000480923324398
19,ESO 4-state,-1.0,-1.0,1.0,-1.0,0.0,0.75,0.5,1.1,0.95,1.0,0.008629606106872608,0.6446716750160245,0.006148417826005306,0.007039269811908136,0.016370777192304974,0.0321375466495543,0.40179160690597265
19,RTS 3-state,-1.0,-1.0,1.0,-1.0,0.0,0.75,0.5,1.1,0.95,1.0,0.007744476854789721,0.5785484069920627,0.006148573210133845,0.006501072223095903,0.014362885958109792,0.022965589317421736,0.3598374205216766
19,RTS 4-state,-1.0,-1.0,1.0,-1.0,0.0,0.75,0.5,1.1,0.95,1.0,0.007860001836417791,0.5871786599248183,0.0061486491955954166,0.006563490625784609,0.014595561189028293,0.02549014487690314,0.3656622995172445
20,ESO 3-state,-1.0,-1.0,1.0,-1.0,1.0,0.75,0.5,1.1,0.95,2.0,0.008553399386111405,0.6389786788685553,0.006152996665038574,0.007002259554260271,0.016134267953417367,0.03208932442864864,0.4000537116534681
20,ESO 4-state,-1.0,-1.0,1.0,-1.0,1.0,0.75,0.5,1.1,0.95,2.0,0.008626709440227684,0.6444552805578281,0.006152453493649476,0.007037921282149278,0.016423442591696133,0.03244669294660722,0.40184688967592197
20,RTS 3-state,-1.0,-1.0,1.0,-1.0,1.0,0.75,0.5,1.1,0.95,2.0,0.007737015360614179,0.5779909987061344,0.006152790624313566,0.006502634139222184,0.014347502174965457,0.023101731182952466,0.35964756208846677
20,RTS 4-state,-1.0,-1.0,1.0,-1.0,1.0,0.75,0.5,1.1,0.95,2.0,0.007853745967838423,0.5867113174730546,0.006152873281075081,0.0065647345097909005,0.01455482389803199,0.025177563853419946,0.3655258130432179
21,ESO 3-state,-1.0,-1.0,1.0,0.0,-1.0,0.75,0.5,1.1,1.0,0.0,0.006816147998226562,0.5091979277796148,0.003886938514562572,0.005477249133913699,0.013123293111867683,0.02696972241823812,0.3296685473569471
21,ESO 4-state,-1.0,-1.0,1.0,0.0,-1.0,0.75,0.5,1.1,1.0,0.0,0.006876345533712532,0.5136949633978072,0.003886425340232521,0.0055065050722207555,0.013338819357037356,0.026967527923985463,0.33164192710639706
21,RTS 3-state,-1.0,-1.0,1.0,0.0,-1.0,0.75,0.5,1.1,1.0,0.0,0.00582481028388182,0.4351403941102374,0.0038863879859795418,0.0047210186372528195,0.011366589160841281,0.019714137585370634,0.28123826750354575
21,RTS 4-state,-1.0,-1.0,1.0,0.0,-1.0,0.75,0.5,1.1,1.0,0.0,0.005969672783597815,0.4459622959655891,0.003886454906988185,0.004825316947280931,0.011620464110838988,0.022098584489243372,0.28836761684548956
22,ESO 3-state,-1.0,-1.0,1.0,0.0,0.0,0.75,0.5,1.1,1.0,1.0,0.006798755057632306,0.5078985942981684,0.0038907674837743407,0.005462200770181815,0.013172504375630417,0.0272634114004384,0.32876181539162874
22,ESO 4-state,-1.0,-1.0,1.0,0.0,0.0,0.75,0.5,1.1,1.0,1.0,0.006854794713689857,0.5120850170028122,0.0038902464625699225,0.005489343383688726,0.013275214907186236,0.027261216906193583,0.3308293520899027
22,RTS 3-state,-1.0,-1.0,1.0,0.0,0.0,0.75,0.5,1.1,1.0,1.0,0.005796995511826501,0.43306250139195795,0.003890394338373781,0.004705049406342591,0.011325972451139865,0.01942036723869385,0.27984416515177846
22,RTS 4-state,-1.0,-1.0,1.0,0.0,0.0,0.75,0.5,1.1,1.0,1.0,0.005944063186161515,0.44404914003804374,0.003890464411559983,0.004809623379360109,0.011603133283607923,0.02180175203901233,0.28708083721762107
23,ESO 3-state,-1.0,-1.0,1.0,0.0,1.0,0.75,0.5,1.1,1.0,2.0,0.0067936507760830624,0.5075172807485866,0.0038945963596515283,0.005455948615837789,0.013181361275063714,0.027557100382643897,0.32871094490837777
23,ESO 4-state,-1.0,-1.0,1.0,0.0,1.0,0.75,0.5,1.1,1.0,2.0,0.006848265266207145,0.5115972369357409,0.0038940803468318855,0.005481914945643265,0.013331341706509778,0.027554905888393863,0.33083485642376204
23,RTS 3-state,-1.0,-1.0,1.0,0.0,1.0,0.75,0.5,1.1,1.0,2.0,0.0057838422631788875,0.43207989259932644,0.003894400865580103,0.004699585184626185,0.011321045775648748,0.01947468635786826,0.27952728747030564
23,RTS 4-state,-1.0,-1.0,1.0,0.0,1.0,0.75,0.5,1.1,1.0,2.0,0.0059326277977431756,0.4431948633868489,0.003894476419952053,0.004803919231225577,0.011607039507865069,0.021504777800048946,0.2868374759258089
24,ESO 3-state,-1.0,-1.0,1.0,1.0,-1.0,0.75,0.5,1.1,1.05,0.0,0.005648561593442995,0.4219737979669802,0.001843988611835671,0.004519151197070882,0.0109346901193439,0.023336703257863876,0.2829751486666419
24,ESO 4-state,-1.0,-1.0,1.0,1.0,-1.0,0.75,0.5,1.1,1.05,0.0,0.005683578972617869,0.42458975890514616,0.00184349987437848,0.0045377136347120595,0.010983191229480046,0.023133772321338487,0.2852207696592942
24,RTS 3-state,-1.0,-1.0,1.0,1.0,-1.0,0.75,0.5,1.1,1.05,0.0,0.004462923894477892,0.3334011526007852,0.0018434645553748869,0.0035715818803075355,0.008856737412904651,0.016492549179650734,0.22629644659266876
24,RTS 4-state,-1.0,-1.0,1.0,1.0,-1.0,0.75,0.5,1.1,1.05,0.0,0.004642841160144703,0.3468418083601893,0.0018435272046403246,0.0037223457156507914,0.00913164865898572,0.018748677931027607,0.23486025790242065
25,ESO 3-state,-1.0,-1.0,1.0,1.0,0.0,0.75,0.5,1.1,1.05,1.0,0.005626143240714647,0.42029904284774317,0.0018476352491802132,0.0045005978693235015,0.010872107530270056,0.02361640705043557,0.28188342730384525
25,ESO 4-state,-1.0,-1.0,1.0,1.0,0.0,0.75,0.5,1.1,1.05,1.0,0.005656368450717493,0.422557006481185,0.0018471390385093383,0.00451497961246701,0.010948492537358613,0.023413476113897748,0.28423605193718443
25,RTS 3-state,-1.0,-1.0,1.0,1.0,0.0,0.75,0.5,1.1,1.05,1.0,0.004425028981782463,0.33057022653771817,0.0018472801238009913,0.0035402592179679905,0.008820087492689123,0.016212746546359,0.224533737307509
25,RTS 4-state,-1.0,-1.0,1.0,1.0,0.0,0.75,0.5,1.1,1.05,1.0,0.004608305526100722,0.34426183602180616,0.0018473448143912728,0.003691345760522168,0.009078653211922506,0.018465988320899268,0.2332458658341118
26,ESO 3-state,-1.0,-1.0,1.0,1.0,1.0,0.75,0.5,1.1,1.05,2.0,0.005617165901151181,0.419628393867721,0.0018512817976346773,0.004492061473963774,0.010870517041278734,0.023896110843012235,0.28176475918855176
26,ESO 4-state,-1.0,-1.0,1.0,1.0,1.0,0.75,0.5,1.1,1.05,2.0,0.005645627696240139,0.42175462221310844,0.0018507903568540658,0.004504480081366827,0.011000350929112498,0.023693179906481877,0.2841791362729422
26,RTS 3-state,-1.0,-1.0,1.0,1.0,1.0,0.75,0.5,1.1,1.05,2.0,0.004404442486249852,0.3290323196630175,0.0018510958524307194,0.0035232157023075057,0.008733019069303606,0.01619344747190559,0.22405513770151095
26,RTS 4-state,-1.0,-1.0,1.0,1.0,1.0,0.75,0.5,1.1,1.05,2.0,0.004590269253245504,0.34291444263112064,0.0018511649387995004,0.0036747570683893726,0.009054403310325192,0.018183178092329,0.2328697365059102
27,ESO 3-state,-1.0,0.0,-1.0,-1.0,-1.0,0.75,1.0,0.9,0.95,0.0,0.004563992190139776,0.3409514239165839,-0.0020608459548054165,0.003602544740850153,0.009102509274795889,0.022196542347156956,0.2269042715226977
27,ESO 4-state,-1.0,0.0,-1.0,-1.0,-1.0,0.75,1.0,0.9,0.95,0.0,0.00473064430625138,0.35340111136559405,-0.002061223854725108,0.003742394077918486,0.009401542934831489,0.020473700558235094,0.2384019929843443
27,RTS 3-state,-1.0,0.0,-1.0,-1.0,-1.0,0.75,1.0,0.9,0.95,0.0,0.0029335457332037205,0.21914949745555892,-0.0020615102355084802,0.0024081950155338022,0.005492947110995031,0.009774648307276229,0.14542960533807847
27,RTS 4-state,-1.0,0.0,-1.0,-1.0,-1.0,0.75,1.0,0.9,0.95,0.0,0.003195338262017336,0.23870661581841746,-0.002061403797764834,0.0025789089900197693,0.006180020514370013,0.01112399753397595,0.15841923506169917
28,ESO 3-state,-1.0,0.0,-1.0,-1.0,0.0,0.75,1.0,0.9,0.95,1.0,0.004571359022853028,0.3415017605514198,-0.002056817351884109,0.003607785050286453,0.009116362508692903,0.021887396050099907,0.22757944831333046
28,ESO 4-state,-1.0,0.0,-1.0,-1.0,0.0,0.75,1.0,0.9,0.95,1.0,0.0047327682050952785,0.35355977647826586,-0.0020571997340260964,0.003743991108062288,0.009367151180278102,0.020732308172237236,0.2388026371069954
28,RTS 3-state,-1.0,0.0,-1.0,-1.0,0.0,0.75,1.0,0.9,0.95,1.0,0.0029285998309105782,0.21878001557234225,-0.0020572895441491653,0.0024014546935947774,0.005530035364528119,0.009768128547709337,0.14565690995722036
28,RTS 4-state,-1.0,0.0,-1.0,-1.0,0.0,0.75,1.0,0.9,0.95,1.0,0.003193939730916413,0.2386021390466821,-0.002057182063542271,0.00257625148365649,0.006164184954313298,0.010927777968141622,0.15878630789585818
29,ESO 3-state,-1.0,0.0,-1.0,-1.0,1.0,0.75,1.0,0.9,0.95,2.0,0.004598894108481041,0.34355875939397224,-0.0020527885934126027,0.0036290099277146736,0.009135499412843591,0.021630705526540693,0.22948348544734862
29,ESO 4-state,-1.0,0.0,-1.0,-1.0,1.0,0.75,1.0,0.9,0.95,2.0,0.004758931628487492,0.3555143057781581,-0.002053162467005498,0.0037646209357296394,0.009391657856335875,0.021041454469325913,0.24067835716237546
29,RTS 3-state,-1.0,0.0,-1.0,-1.0,1.0,0.75,1.0,0.9,0.95,2.0,0.0029558591415684184,0.2208164127431907,-0.0020530687036416236,0.0024181351248216457,0.005608867546591664,0.01007786361830916,0.1478413316222876
29,RTS 4-state,-1.0,0.0,-1.0,-1.0,1.0,0.75,1.0,0.9,0.95,2.0,0.0032218748280540307,0.24068902060771893,-0.00205295782204409,0.002595622708908356,0.00625824273106676,0.011232171387802012,0.160936508483306
30,ESO 3-state,-1.0,0.0,-1.0,0.0,-1.0,0.75,1.0,0.9,1.0,0.0,0.005699561408676837,0.4257837211436736,-0.003908554129200262,0.004571237780318059,0.011091669491373655,0.02424778701676522,0.2808185141952461
30,ESO 4-state,-1.0,0.0,-1.0,0.0,-1.0,0.75,1.0,0.9,1.0,0.0,0.005790309834683662,0.43256305024332925,-0.003908913134123969,0.004651395138912137,0.011207192519574392,0.02297679688285688,0.2899604466693307
30,RTS 3-state,-1.0,0.0,-1.0,0.0,-1.0,0.75,1.0,0.9,1.0,0.0,0.004561745211839576,0.34078356419661815,-0.003909184966936247,0.003971075927941815,0.007866612723114952,0.013156937127354718,0.22203793324768872
30,RTS 4-state,-1.0,0.0,-1.0,0.0,-1.0,0.75,1.0,0.9,1.0,0.0,0.00472738825154168,0.3531578689490051,-0.003909084919295989,0.004024071861634739,0.008455002746794942,0.015054942622365869,0.23051639352593328
31,ESO 3-state,-1.0,0.0,-1.0,0.0,0.0,0.75,1.0,0.9,1.0,1.0,0.0057012205928393,0.4259076699102718,-0.00390472695642502,0.004573755605520816,0.011105203159637297,0.023954098034561028,0.281283748579666
31,ESO 4-state,-1.0,0.0,-1.0,0.0,0.0,0.75,1.0,0.9,1.0,1.0,0.005788051762844463,0.43239436178445234,-0.003905090219459908,0.00464920249295727,0.011242023960933635,0.02327048586507806,0.2902169410676579
31,RTS 3-state,-1.0,0.0,-1.0,0.0,0.0,0.75,1.0,0.9,1.0,1.0,0.004553598667268501,0.34017497946294817,-0.0039051751710978315,0.003968641728702308,0.007827456277928614,0.013333559731170716,0.222094399342999
31,RTS 4-state,-1.0,0.0,-1.0,0.0,0.0,0.75,1.0,0.9,1.0,1.0,0.004721545337372624,0.3527213761105498,-0.003905075280103117,0.004021105266821588,0.00844860591731613,0.014761253007301564,0.2306771133579716
32,ESO 3-state,-1.0,0.0,-1.0,0.0,1.0,0.75,1.0,0.9,1.0,2.0,0.005717511841815804,0.42712470190868734,-0.003900899635877089,0.004587223143513402,0.01114047393154919,0.023660409052355523,0.2827210589888439
32,ESO 4-state,-1.0,0.0,-1.0,0.0,1.0,0.75,1.0,0.9,1.0,2.0,0.005803559087034656,0.4335528309586997,-0.00390125481579034,0.004662167843408196,0.011237072633630937,0.023564174847312297,0.2916587283157344
32,RTS 3-state,-1.0,0.0,-1.0,0.0,1.0,0.75,1.0,0.9,1.0,2.0,0.004564201543541705,0.34096706358850176,-0.003901165241945043,0.003973241807590037,0.0078785441972345,0.013627764811391871,0.22340862039152762
32,RTS 4-state,-1.0,0.0,-1.0,0.0,1.0,0.75,1.0,0.9,1.0,2.0,0.00473366970649128,0.3536271228215163,-0.003901063120803552,0.004027859571289354,0.00847845143498812,0.014855823706108412,0.23204040749998328
33,ESO 3-state,-1.0,0.0,-1.0,1.0,-1.0,0.75,1.0,0.9,1.05,0.0,0.007042320365889621,0.5260940545898019,-0.005580290096509885,0.005843780550747741,0.013135380475782187,0.026103675051172705,0.346795311927908
33,ESO 4-state,-1.0,0.0,-1.0,1.0,-1.0,0.75,1.0,0.9,1.05,0.0,0.007086451492423573,0.5293908548041626,-0.005580632005961034,0.005884840613404164,0.013223810648731626,0.025287228556485297,0.35406559899375867
33,RTS 3-state,-1.0,0.0,-1.0,1.0,-1.0,0.75,1.0,0.9,1.05,0.0,0.006198467319306474,0.46305431091310195,-0.005580890686182979,0.005597399493317157,0.010265070986610246,0.017063490364998574,0.3023736754703814
33,RTS 4-state,-1.0,0.0,-1.0,1.0,-1.0,0.75,1.0,0.9,1.05,0.0,0.006316466188773944,0.4718693747627728,-0.005580796437413608,0.005607484141895609,0.010740087075801513,0.01887138656104327,0.3084896800847749
34,ESO 3-state,-1.0,0.0,-1.0,1.0,0.0,0.75,1.0,0.9,1.05,1.0,0.007040845164388978,0.5259838501829461,-0.005576645170057273,0.005843398370768645,0.0131143856249709,0.025823971258597277,0.3471140660311682
34,ESO 4-state,-1.0,0.0,-1.0,1.0,0.0,0.75,1.0,0.9,1.05,1.0,0.007081942770341701,0.5290540323141549,-0.005576991134852404,0.005882015698425373,0.013231006118349042,0.0255669323490769,0.3542226582871003
34,RTS 3-state,-1.0,0.0,-1.0,1.0,0.0,0.75,1.0,0.9,1.05,1.0,0.006189508937474261,0.46238507816369456,-0.0055770717074813195,0.005594105887582196,0.010221158079283317,0.016783777074669798,0.3023551376483633
34,RTS 4-state,-1.0,0.0,-1.0,1.0,0.0,0.75,1.0,0.9,1.05,1.0,0.006309113358468857,0.4713200841728913,-0.005576978698713722,0.005604843031648983,0.01073656260152308,0.018591682164396467,0.3085491795159014
35,ESO 3-state,-1.0,0.0,-1.0,1.0,1.0,0.75,1.0,0.9,1.05,2.0,0.0070501250805452805,0.5266771030404234,-0.005573000102868768,0.005850050094041859,0.013181593975292297,0.025544267466020606,0.34820290983107055
35,ESO 4-state,-1.0,0.0,-1.0,1.0,1.0,0.75,1.0,0.9,1.05,2.0,0.007090607411692873,0.529701321284717,-0.005573338369452816,0.005888029316598971,0.013239625303408248,0.025846636141680937,0.3553284684618403
35,RTS 3-state,-1.0,0.0,-1.0,1.0,1.0,0.75,1.0,0.9,1.05,2.0,0.006193067610283583,0.4626509275584882,-0.005573252609149654,0.005592591031985872,0.010239939094408554,0.016839692289750324,0.30323973063215154
35,RTS 4-state,-1.0,0.0,-1.0,1.0,1.0,0.75,1.0,0.9,1.05,2.0,0.006313965405416119,0.47168255462565695,-0.005573158429493317,0.005605196185862751,0.010733304864911877,0.018311977795295045,0.30948780663166225
36,ESO 3-state,-1.0,0.0,0.0,-1.0,-1.0,0.75,1.0,1.0,0.95,0.0,0.00518673460029499,0.38747317562649713,0.0020423171822304474,0.004132661771113772,0.010118629596862619,0.0224665458306818,0.2562366976433132
36,ESO 4-state,-1.0,0.0,0.0,-1.0,-1.0,0.75,1.0,1.0,0.95,0.0,0.005314310485312343,0.39700368703886496,0.0020419999213214853,0.004218631145313186,0.01036483899054897,0.023990601259133312,0.26110994422574096
36,RTS 3-state,-1.0,0.0,0.0,-1.0,-1.0,0.75,1.0,1.0,0.95,0.0,0.0037531907203885266,0.28038078660861754,0.002041849335535854,0.0030057228609918288,0.007454528640725044,0.013385162425634638,0.18700654987543175
36,RTS 4-state,-1.0,0.0,0.0,-1.0,-1.0,0.75,1.0,1.0,0.95,0.0,0.003976177213780739,0.29703891380710257,0.0020419116900013174,0.0031787700799918335,0.007835806063678716,0.015691846844497953,0.19779454371814836
37,ESO 3-state,-1.0,0.0,0.0,-1.0,0.0,0.75,1.0,1.0,0.95,1.0,0.005196458339540872,0.3881995841310602,0.0020463461267374236,0.004138230561684706,0.010139030923174586,0.022775692127734733,0.25669270113557463
37,ESO 4-state,-1.0,0.0,0.0,-1.0,0.0,0.75,1.0,1.0,0.95,1.0,0.005319556896787241,0.39739561835432236,0.0020460229033081377,0.004220938357868593,0.010369502154871403,0.024299747556186246,0.26148126840802727
37,RTS 3-state,-1.0,0.0,0.0,-1.0,0.0,0.75,1.0,1.0,0.95,1.0,0.003754258013716107,0.28046051837953545,0.0020460700220531355,0.0030079331163906237,0.007456174580281173,0.013694281841191681,0.18702649028146684
37,RTS 4-state,-1.0,0.0,0.0,-1.0,0.0,0.75,1.0,1.0,0.95,1.0,0.0039796545744340975,0.29729868880601595,0.002046133353629288,0.003180862893108186,0.007877583866505992,0.015379432282239897,0.1979337120038045
38,ESO 3-state,-1.0,0.0,0.0,-1.0,1.0,0.75,1.0,1.0,0.95,2.0,0.005223937377447663,0.3902523959484028,0.002050375187877494,0.004156994571200565,0.010167925242978881,0.0230848384247904,0.25811291144949966
38,ESO 4-state,-1.0,0.0,0.0,-1.0,1.0,0.75,1.0,1.0,0.95,2.0,0.005346214272893609,0.39938704821719156,0.0020500590984976045,0.004238646476046199,0.01044820667848139,0.024608893853239167,0.2633396677183368
38,RTS 3-state,-1.0,0.0,0.0,-1.0,1.0,0.75,1.0,1.0,0.95,2.0,0.0037804585626606555,0.28241782113069686,0.00205029085773042,0.0030289517510480573,0.0075078238110571835,0.014003424647508804,0.18840085826731012
38,RTS 4-state,-1.0,0.0,0.0,-1.0,1.0,0.75,1.0,1.0,0.95,2.0,0.004006640419720546,0.29931465684292125,0.002050357525830778,0.0032016799600060692,0.007879014899086156,0.015619497192281978,0.19934013802958073
39,ESO 3-state,-1.0,0.0,0.0,0.0,-1.0,0.75,1.0,1.0,1.0,0.0,0.004602142309694829,0.343801415117924,-1.0549149016191619e-05,0.0036715451342992406,0.008971074813255573,0.019600343206852763,0.23323518367559565
39,ESO 4-state,-1.0,0.0,0.0,0.0,-1.0,0.75,1.0,1.0,1.0,0.0,0.004691871681062547,0.35050461610083944,-1.0850546879706394e-05,0.0037435605479829988,0.0091352614432329,0.01952161878529364,0.23845110787435708
39,RTS 3-state,-1.0,0.0,0.0,0.0,-1.0,0.75,1.0,1.0,1.0,0.0,0.0029902745654107887,0.22338740482093777,-1.0993374465034118e-05,0.0024070342804439625,0.005827033555943675,0.010245639136287267,0.15651587032456046
39,RTS 4-state,-1.0,0.0,0.0,0.0,-1.0,0.75,1.0,1.0,1.0,0.0,0.0032547743568148674,0.24314676827902865,-1.0935205932606311e-05,0.002619940805548277,0.006328755378339417,0.012493490315965208,0.16891018845193329
40,ESO 3-state,-1.0,0.0,0.0,0.0,0.0,0.75,1.0,1.0,1.0,1.0,0.0046074945815787515,0.3442012546978327,-6.721651734564952e-06,0.003673917363178164,0.008986580572851881,0.019648693892422645,0.23364298646807555
40,ESO 4-state,-1.0,0.0,0.0,0.0,0.0,0.75,1.0,1.0,1.0,1.0,0.004692519678706596,0.3505530245358737,-7.028713992386257e-06,0.0037428175546621073,0.009180161341552806,0.01981530776749392,0.2387688061432078
40,RTS 3-state,-1.0,0.0,0.0,0.0,0.0,0.75,1.0,1.0,1.0,1.0,0.0029834347094667606,0.22287643579944405,-6.983583239710287e-06,0.0023941484548724475,0.005843067285091971,0.010539307721843423,0.15641323842687022
40,RTS 4-state,-1.0,0.0,0.0,0.0,0.0,0.75,1.0,1.0,1.0,1.0,0.003251366197070597,0.2428921629095772,-6.925630777449023e-06,0.002613246811909687,0.0063222555042090275,0.01219666000671836,0.16895262057907226
41,ESO 3-state,-1.0,0.0,0.0,0.0,1.0,0.75,1.0,1.0,1.0,2.0,0.004630935687221613,0.34595241421216744,-2.894043651498207e-06,0.003691699585215205,0.009057417273160229,0.019942382874543897,0.23508313984736012
41,ESO 4-state,-1.0,0.0,0.0,0.0,1.0,0.75,1.0,1.0,1.0,2.0,0.004715080938884891,0.3522384555056639,-3.1943285623928714e-06,0.0037581119036268636,0.00918944684301632,0.0201089967496942,0.24067289492486735
41,RTS 3-state,-1.0,0.0,0.0,0.0,1.0,0.75,1.0,1.0,1.0,2.0,0.0030051552044285637,0.22449905770081346,-2.9736586900450146e-06,0.0024033976312270388,0.005888308016654811,0.010832997456214653,0.15788816316870616
41,RTS 4-state,-1.0,0.0,0.0,0.0,1.0,0.75,1.0,1.0,1.0,2.0,0.0032739550037736,0.2445796517327624,-2.9135345525609735e-06,0.002625669512365724,0.006404732214162774,0.01198440409924792,0.17044171159005253
42,ESO 3-state,-1.0,0.0,0.0,1.0,-1.0,0.75,1.0,1.0,1.05,0.0,0.004910718910915794,0.36685352107921965,-0.0018679044010964842,0.0038979394638582027,0.009667710791955081,0.021677538089351314,0.2484873639092051
42,ESO 4-state,-1.0,0.0,0.0,1.0,-1.0,0.75,1.0,1.0,1.05,0.0,0.004952911592621381,0.37000551045761043,-0.001868191446680784,0.003932237588761878,0.00968054990860314,0.02030893548467943,0.2532777854096068
42,RTS 3-state,-1.0,0.0,0.0,1.0,-1.0,0.75,1.0,1.0,1.05,0.0,0.00352216402636134,0.2631220190626332,-0.0018683272648030663,0.0028456330133082683,0.006803895014365811,0.012217060522353634,0.18047703071078994
42,RTS 4-state,-1.0,0.0,0.0,1.0,-1.0,0.75,1.0,1.0,1.05,0.0,0.0037403431614859077,0.279421014260373,-0.0018682729008895793,0.0030050303289877946,0.007271750938126931,0.012934796348705507,0.19104246465660252
43,ESO 3-state,-1.0,0.0,0.0,1.0,0.0,0.75,1.0,1.0,1.05,1.0,0.004911408310687277,0.36690502244555473,-0.0018642591655901731,0.003897331384996422,0.009658074157175782,0.021452247769669017,0.2487925890958131
43,ESO 4-state,-1.0,0.0,0.0,1.0,0.0,0.75,1.0,1.0,1.05,1.0,0.004949413660068883,0.3697441986422408,-0.0018645516058357172,0.003929036320778994,0.0096829902493097,0.020588639277276,0.2535027054480983
43,RTS 3-state,-1.0,0.0,0.0,1.0,0.0,0.75,1.0,1.0,1.05,1.0,0.003510691991857578,0.26226500477857545,-0.001864508290507656,0.0028347781190424027,0.006806839175383446,0.012040077441441588,0.18029131122298525
43,RTS 4-state,-1.0,0.0,0.0,1.0,0.0,0.75,1.0,1.0,1.05,1.0,0.003731929630826125,0.2787924844252834,-0.001864455220335694,0.0029950841318641037,0.007239715151545818,0.012971469213289198,0.19098589384527173
44,ESO 3-state,-1.0,0.0,0.0,1.0,1.0,0.75,1.0,1.0,1.05,2.0,0.004927512981571564,0.36810811619351697,-0.001860613824558681,0.003908941438843222,0.009704479537164388,0.021731951562165452,0.25004499034322103
44,ESO 4-state,-1.0,0.0,0.0,1.0,1.0,0.75,1.0,1.0,1.05,2.0,0.00496477399866798,0.3708916873098414,-0.0018608998101881044,0.003940838070535376,0.009713048973817803,0.020868343069880037,0.25518691342659977
44,RTS 3-state,-1.0,0.0,0.0,1.0,1.0,0.75,1.0,1.0,1.05,2.0,0.0035212667738007664,0.2630549901271321,-0.0018606891965738082,0.0028406392076583643,0.006873367819951345,0.01227233734299861,0.18144349218650194
44,RTS 4-state,-1.0,0.0,0.0,1.0,1.0,0.75,1.0,1.0,1.05,2.0,0.0037440977004549675,0.2797014957674222,-0.0018606350085455068,0.003001601536678486,0.007276732739670427,0.01324958174221446,0.1921805044126414
45,ESO 3-state,-1.0,0.0,1.0,-1.0,-1.0,0.75,1.0,1.1,0.95,0.0,0.008542319024582253,0.6381509243756714,0.006145480319323961,0.00699105156665776,0.01613602660107373,0.0319079260625909,0.39905841251139185
45,ESO 4-state,-1.0,0.0,1.0,-1.0,-1.0,0.75,1.0,1.1,0.95,0.0,0.008617347511399195,0.6437559009726537,0.006145223697422201,0.007028115922401546,0.01638632752780069,0.033075084286390416,0.4009769040670221
45,RTS 3-state,-1.0,0.0,1.0,-1.0,-1.0,0.75,1.0,1.1,0.95,0.0,0.0077184136087283285,0.5766013614042726,0.0061452089066302605,0.006485110803385686,0.014340592609701872,0.022985231705717847,0.3582261020575469
45,RTS 4-state,-1.0,0.0,1.0,-1.0,-1.0,0.75,1.0,1.1,0.95,0.0,0.00783685396108221,0.5854494060769786,0.006145227177751775,0.006547245620255049,0.014552847504270834,0.025117703992893356,0.36421025180650946
46,ESO 3-state,-1.0,0.0,1.0,-1.0,0.0,0.75,1.0,1.1,0.95,1.0,0.008550188397594199,0.6387388031059529,0.006149509572655068,0.006997643892847582,0.016170266153397776,0.03221707235964657,0.399669048846475
46,ESO 4-state,-1.0,0.0,1.0,-1.0,0.0,0.75,1.0,1.1,0.95,1.0,0.008622668070998945,0.6441533714975785,0.006149245493066678,0.007032752616733324,0.01638634133263104,0.03338423058343784,0.4015865888644851
46,RTS 3-state,-1.0,0.0,1.0,-1.0,0.0,0.75,1.0,1.1,0.95,1.0,0.007721329388613069,0.5768191837102961,0.006149429588305168,0.006491898630261284,0.014341769358520107,0.02329435136591842,0.35850314836768016
46,RTS 4-state,-1.0,0.0,1.0,-1.0,0.0,0.75,1.0,1.1,0.95,1.0,0.007840953056705525,0.5857556275671377,0.006149448770823792,0.006554015876057111,0.014600285148993773,0.02480528895147506,0.3645302431953643
47,ESO 3-state,-1.0,0.0,1.0,-1.0,1.0,0.75,1.0,1.1,0.95,2.0,0.008568884479634446,0.640135487308668,0.006153538903264436,0.007010398808394493,0.016199574558533898,0.03252621865670225,0.40080375036608396
47,ESO 4-state,-1.0,0.0,1.0,-1.0,1.0,0.75,1.0,1.1,0.95,2.0,0.008641236034286763,0.6455404846341631,0.0061532805662848815,0.007047138267056344,0.016462490896492148,0.03369337688049352,0.40280308524779074
47,RTS 3-state,-1.0,0.0,1.0,-1.0,1.0,0.75,1.0,1.1,0.95,2.0,0.007736494596759531,0.5779520952263802,0.00615365041915184,0.006505419436004295,0.014382979403555325,0.023603494416601693,0.3594683881173481
47,RTS 4-state,-1.0,0.0,1.0,-1.0,1.0,0.75,1.0,1.1,0.95,2.0,0.0078569937152642,0.5869539392969333,0.006153672873748754,0.006567964404405109,0.014587027076553571,0.025038518688465364,0.36549952629535387
48,ESO 3-state,-1.0,0.0,1.0,0.0,-1.0,0.75,1.0,1.1,1.0,0.0,0.006780232009561562,0.5065148365370049,0.0038874558312226464,0.005440051028413973,0.0131567128664494,0.027805450216883985,0.32763701367915893
48,ESO 4-state,-1.0,0.0,1.0,0.0,-1.0,0.75,1.0,1.1,1.0,0.0,0.006836556889089685,0.5107225667602364,0.003887212040415973,0.005468374565470884,0.013277212562297299,0.028151877661187888,0.32990844672567243
48,RTS 3-state,-1.0,0.0,1.0,0.0,-1.0,0.75,1.0,1.1,1.0,0.0,0.005760210725313718,0.4303145069131118,0.0038871982180537354,0.00467412954523599,0.011285273612365171,0.01936570576184051,0.27787221250176164
48,RTS 4-state,-1.0,0.0,1.0,0.0,-1.0,0.75,1.0,1.1,1.0,0.0,0.0059114106036021186,0.4416098403954562,0.003887214507415738,0.004781279716818581,0.011583002038187275,0.021448059256081425,0.28532840890228583
49,ESO 3-state,-1.0,0.0,1.0,0.0,0.0,0.75,1.0,1.1,1.0,1.0,0.006786096519093926,0.5069529426494457,0.003891283621887198,0.00544275564538038,0.013189836990296841,0.028099139199094715,0.3283035547201987
49,ESO 4-state,-1.0,0.0,1.0,0.0,0.0,0.75,1.0,1.1,1.0,1.0,0.006839374204813665,0.5109330333359218,0.0038910327462782267,0.005468340780146925,0.013278124194789707,0.02844556664338295,0.33056979696734573
49,RTS 3-state,-1.0,0.0,1.0,0.0,0.0,0.75,1.0,1.1,1.0,1.0,0.005759563136814859,0.4302661290431244,0.0038912080046656595,0.004678129646807251,0.011244945955607884,0.01965937456962808,0.278145283200414
49,RTS 4-state,-1.0,0.0,1.0,0.0,0.0,0.75,1.0,1.1,1.0,1.0,0.00591232911117078,0.44167845717882626,0.003891224018573269,0.004784791532631845,0.011563998836575932,0.021151228490433077,0.28565523032757817
50,ESO 3-state,-1.0,0.0,1.0,0.0,1.0,0.75,1.0,1.1,1.0,2.0,0.006804269905832824,0.5083105790843634,0.003895111485966097,0.005455294559734356,0.013217643589320066,0.028392828181297604,0.32959044430844414
50,ESO 4-state,-1.0,0.0,1.0,0.0,1.0,0.75,1.0,1.1,1.0,2.0,0.006857259151390932,0.5122691219504828,0.00389486606583552,0.00547992411852454,0.0133434276198467,0.02873925562558584,0.33194789587268475
50,RTS 3-state,-1.0,0.0,1.0,0.0,1.0,0.75,1.0,1.1,1.0,2.0,0.00577373734133099,0.43132500798316736,0.003895217924611863,0.004692783475709453,0.011283555585429358,0.019953064525999174,0.2792878385459083
50,RTS 4-state,-1.0,0.0,1.0,0.0,1.0,0.75,1.0,1.1,1.0,2.0,0.005927545333109157,0.4428151796622101,0.003895236051747347,0.004798616048490667,0.011569127998919182,0.020932460333038486,0.2867875654499912
51,ESO 3-state,-1.0,0.0,1.0,1.0,-1.0,0.75,1.0,1.1,1.05,0.0,0.005601535060473183,0.4184606974378957,0.0018444812943690756,0.00447535969219625,0.010866760179636038,0.024132634494669465,0.28065491160540135
51,ESO 4-state,-1.0,0.0,1.0,1.0,-1.0,0.75,1.0,1.1,1.05,0.0,0.005631571951872539,0.4207045927966046,0.0018442491126484343,0.004488563928111041,0.010957958931737552,0.02371737589307186,0.2832358694481794
51,RTS 3-state,-1.0,0.0,1.0,1.0,-1.0,0.75,1.0,1.1,1.05,0.0,0.004374876599372402,0.3268236105306922,0.0018442361566221456,0.003492200787109386,0.008648608210892403,0.016091296766075534,0.22218370077957852
51,RTS 4-state,-1.0,0.0,1.0,1.0,-1.0,0.75,1.0,1.1,1.05,0.0,0.004564172510683957,0.3409648946991222,0.0018442506356200314,0.0036491923941231103,0.009012790017247193,0.018129209660064996,0.2311948948205785
52,ESO 3-state,-1.0,0.0,1.0,1.0,0.0,0.75,1.0,1.1,1.05,1.0,0.005604588693150011,0.418688817988043,0.0018481268092876966,0.0044752114788073425,0.010875001880074404,0.02441233828725111,0.2813526192445299
52,ESO 4-state,-1.0,0.0,1.0,1.0,0.0,0.75,1.0,1.1,1.05,1.0,0.005631110945789736,0.4206701535000814,0.0018478878801362949,0.004486254643977975,0.010948972641367447,0.023997079685646037,0.2839234435889601
52,RTS 3-state,-1.0,0.0,1.0,1.0,0.0,0.75,1.0,1.1,1.05,1.0,0.004369114228463127,0.3263931346479995,0.0018480551265109965,0.0034872924660024045,0.008618321716033422,0.016370985512090618,0.22243207704764378
52,RTS 4-state,-1.0,0.0,1.0,1.0,0.0,0.75,1.0,1.1,1.05,1.0,0.00456056652548548,0.3406955108490142,0.0018480682580683,0.003642629239215942,0.008984883683049602,0.017846521641827845,0.23150909902620778
53,ESO 3-state,-1.0,0.0,1.0,1.0,1.0,0.75,1.0,1.1,1.05,2.0,0.005621161554454034,0.41992688773588055,0.0018517723941247428,0.004485433640729868,0.01092427618635327,0.02469204207982529,0.2827552425529446
53,ESO 4-state,-1.0,0.0,1.0,1.0,1.0,0.75,1.0,1.1,1.05,2.0,0.0056472456953118215,0.4218754942620523,0.0018515386606670502,0.004497133558212391,0.011039286416095861,0.024276783478222715,0.285423624016587
53,RTS 3-state,-1.0,0.0,1.0,1.0,1.0,0.75,1.0,1.1,1.05,2.0,0.004381074806219903,0.32728664538315105,0.0018518742160467299,0.0034953774043945877,0.008674755875966274,0.016650693422270206,0.22374699964342631
53,RTS 4-state,-1.0,0.0,1.0,1.0,1.0,0.75,1.0,1.1,1.05,2.0,0.004573779112206045,0.3416825524714189,0.0018518884124542356,0.003649989270449734,0.00900955755485465,0.01756371302792481,0.2327907227260176
54,ESO 3-state,-1.0,1.0,-1.0,-1.0,-1.0,0.75,1.5,0.9,0.95,0.0,0.0046213578470406325,0.34523690504569565,-0.002060301358152383,0.0036486526395389336,0.009161049262330107,0.021205511203112537,0.23117229453235336
54,ESO 4-state,-1.0,1.0,-1.0,-1.0,-1.0,0.75,1.5,0.9,0.95,0.0,0.004785775484381901,0.35751966654770184,-0.002060395806701319,0.0037913480872583524,0.009405844642508938,0.021479936223920422,0.2427535262691056
54,RTS 3-state,-1.0,1.0,-1.0,-1.0,-1.0,0.75,1.5,0.9,0.95,0.0,0.002975272362576781,0.22226667055912394,-0.002060658322385797,0.002437329836546957,0.005631668158515422,0.009793415068156952,0.14962044917028813
54,RTS 4-state,-1.0,1.0,-1.0,-1.0,-1.0,0.75,1.5,0.9,0.95,0.0,0.003243394736429895,0.24229665775906134,-0.0020606042208908023,0.0026182189076634377,0.0062889186806699485,0.011281093713331192,0.16275903938221176
55,ESO 3-state,-1.0,1.0,-1.0,-1.0,0.0,0.75,1.5,0.9,0.95,1.0,0.004666258962103754,0.34859122698105915,-0.0020562756791626595,0.0036844777359731086,0.009216372664037683,0.021514657500085035,0.23414346170712047
55,ESO 4-state,-1.0,1.0,-1.0,-1.0,0.0,0.75,1.5,0.9,0.95,1.0,0.004826419803807909,0.3605559860690974,-0.0020563722122349916,0.0038237703486365938,0.00945848857991062,0.021789082520992598,0.24556441473831353
55,RTS 3-state,-1.0,1.0,-1.0,-1.0,0.0,0.75,1.5,0.9,0.95,1.0,0.003028718086353197,0.22625931446924935,-0.002056436255230721,0.002472702157942915,0.005762086805262738,0.010103090756236985,0.15338785053114207
55,RTS 4-state,-1.0,1.0,-1.0,-1.0,0.0,0.75,1.5,0.9,0.95,1.0,0.0032955690242204854,0.2461943194931167,-0.002056382489391119,0.0026563283455891193,0.006364912700464305,0.011590464178747553,0.16637871164883908
56,ESO 3-state,-1.0,1.0,-1.0,-1.0,1.0,0.75,1.5,0.9,0.95,2.0,0.004730348464173742,0.3533790105877173,-0.0020522496837503353,0.0037371488393256143,0.009351418306652023,0.02182380379705684,0.23828151205222123
56,ESO 4-state,-1.0,1.0,-1.0,-1.0,1.0,0.75,1.5,0.9,0.95,2.0,0.004890116178656567,0.3653144012455942,-0.0020523356357392236,0.0038748612092390166,0.009582419073221073,0.022098228818073024,0.24998307817688778
56,RTS 3-state,-1.0,1.0,-1.0,-1.0,1.0,0.75,1.5,0.9,0.95,2.0,0.0031118200579156336,0.2324674178914466,-0.0020522140769363016,0.0025314516605393716,0.005966233703104264,0.010412733963048607,0.15891631575285586
56,RTS 4-state,-1.0,1.0,-1.0,-1.0,1.0,0.75,1.5,0.9,0.95,2.0,0.0033749237211113726,0.2521224840850435,-0.002052158231850798,0.0027174157659777326,0.006509587494456459,0.011899845000302597,0.17162037766789154
57,ESO 3-state,-1.0,1.0,-1.0,0.0,-1.0,0.75,1.5,0.9,1.0,0.0,0.005732852668692784,0.42827073295998147,-0.003908036762379881,0.004603899240533842,0.011145975919097648,0.023157862445493525,0.2841822225561012
57,ESO 4-state,-1.0,1.0,-1.0,0.0,-1.0,0.75,1.5,0.9,1.0,0.0,0.005822200499042604,0.43494543105596906,-0.00390812648850137,0.0046806113346967125,0.011211355543646176,0.023980732514177087,0.2934452006358431
57,RTS 3-state,-1.0,1.0,-1.0,0.0,-1.0,0.75,1.5,0.9,1.0,0.0,0.004574093279362713,0.3417060222178495,-0.003908375749339716,0.003982172110708285,0.007920633073265137,0.013357362267180706,0.22471543187074178
57,RTS 4-state,-1.0,1.0,-1.0,0.0,-1.0,0.75,1.5,0.9,1.0,0.0,0.004745642819707341,0.3545215700137244,-0.003908325318844176,0.004040158121294434,0.00845809184083366,0.014645770580716866,0.2334291112848481
58,ESO 3-state,-1.0,1.0,-1.0,0.0,0.0,0.75,1.5,0.9,1.0,1.0,0.005761959794774479,0.43044517052915915,-0.0039042123673396437,0.004626244979393427,0.01115289037101927,0.02331509089081061,0.2864777645075638
58,ESO 4-state,-1.0,1.0,-1.0,0.0,0.0,0.75,1.5,0.9,1.0,1.0,0.00584861922500216,0.4369190326439457,-0.0039043040737583583,0.0047009620092334885,0.011301009056574718,0.02427442149639565,0.29565251022311706
58,RTS 3-state,-1.0,1.0,-1.0,0.0,0.0,0.75,1.5,0.9,1.0,1.0,0.004600416843274094,0.3436725147586419,-0.003904364654569448,0.0039914716308073,0.008002333260461666,0.013651512571032878,0.22709091014084307
58,RTS 4-state,-1.0,1.0,-1.0,0.0,0.0,0.75,1.5,0.9,1.0,1.0,0.004773037061492781,0.35656804716678353,-0.003904315674045626,0.004053331823247447,0.008582443304951788,0.014935781945190019,0.23581990470791042
59,ESO 3-state,-1.0,1.0,-1.0,0.0,1.0,0.75,1.5,0.9,1.0,2.0,0.005805330707319599,0.43368517922609934,-0.0039003876716979355,0.0046593314158572905,0.01123537499060176,0.023608779872933826,0.2897194760412793
59,ESO 4-state,-1.0,1.0,-1.0,0.0,1.0,0.75,1.5,0.9,1.0,2.0,0.005892416073477827,0.44019086073407665,-0.0039004693260873795,0.004735991061961639,0.011380296073432477,0.024568110478622056,0.29917703382586663
59,RTS 3-state,-1.0,1.0,-1.0,0.0,1.0,0.75,1.5,0.9,1.0,2.0,0.004645027182697145,0.34700511440255705,-0.0039003534619643137,0.004008795820595706,0.008159969899914174,0.013945634333704868,0.23068108821332017
59,RTS 4-state,-1.0,1.0,-1.0,0.0,1.0,0.75,1.5,0.9,1.0,2.0,0.0048179346094674004,0.3599221026240609,-0.0039003034912260797,0.004075891290774159,0.008689801293843148,0.01522579305671519,0.2393713706907632
60,ESO 3-state,-1.0,1.0,-1.0,1.0,-1.0,0.75,1.5,0.9,1.05,0.0,0.007060691851982938,0.5274664899669947,-0.00557979736620476,0.00586527069960234,0.01309621676148219,0.025081731912424375,0.3494525507804147
60,ESO 4-state,-1.0,1.0,-1.0,1.0,-1.0,0.75,1.5,0.9,1.05,0.0,0.007103528690104304,0.5306666008228191,-0.0055798828196537975,0.0059013811649535775,0.013293501664691287,0.02624335772917121,0.35684658486617915
60,RTS 3-state,-1.0,1.0,-1.0,1.0,-1.0,0.75,1.5,0.9,1.05,0.0,0.006198693744686949,0.4630712259411449,-0.005580120097119017,0.005601234199394931,0.010206258259590241,0.01658194095913633,0.30428424616854494
60,RTS 4-state,-1.0,1.0,-1.0,1.0,-1.0,0.75,1.5,0.9,1.05,0.0,0.006321246160522562,0.47222646086329095,-0.005580073006405957,0.005614737006226726,0.010729612801394194,0.018250313757585734,0.3106092864290781
61,ESO 3-state,-1.0,1.0,-1.0,1.0,0.0,0.75,1.5,0.9,1.05,1.0,0.007079473520890985,0.5288695679064276,-0.0055761550852140565,0.0058770212703482235,0.01315605571514191,0.024944054434800418,0.3512285482688731
61,ESO 4-state,-1.0,1.0,-1.0,1.0,0.0,0.75,1.5,0.9,1.05,1.0,0.007120367693310416,0.5319245526074132,-0.005576242424660452,0.005912211002845894,0.013277393381430719,0.026523061521760323,0.3585728521866562
61,RTS 3-state,-1.0,1.0,-1.0,1.0,0.0,0.75,1.5,0.9,1.05,1.0,0.006212828098305806,0.464127127833988,-0.005576299893327402,0.005601272563312225,0.010302765146251149,0.016862049025717488,0.3059421958949686
61,RTS 4-state,-1.0,1.0,-1.0,1.0,0.0,0.75,1.5,0.9,1.05,1.0,0.006336553469373004,0.4733699879622559,-0.005576255255886937,0.005617470886570204,0.01073560657120011,0.018210778591394874,0.3123097541214439
62,ESO 3-state,-1.0,1.0,-1.0,1.0,1.0,0.75,1.5,0.9,1.05,2.0,0.007108871405489483,0.531065726487866,-0.00557251251793624,0.005895079637626529,0.013213895902369412,0.02522375822729872,0.35376594590138194
62,ESO 4-state,-1.0,1.0,-1.0,1.0,1.0,0.75,1.5,0.9,1.05,2.0,0.0071502326935564825,0.5341556068982519,-0.005572590284021424,0.005931411286480145,0.013295786429711604,0.026802765314356894,0.36136726946792364
62,RTS 3-state,-1.0,1.0,-1.0,1.0,1.0,0.75,1.5,0.9,1.05,2.0,0.006239367477968435,0.4661097428142207,-0.005572479603008696,0.005603196220563237,0.010407718598874426,0.017142131892973034,0.3084945124900774
62,RTS 4-state,-1.0,1.0,-1.0,1.0,1.0,0.75,1.5,0.9,1.05,2.0,0.006363941684456619,0.47541601489268454,-0.00557243495782761,0.005623038718571138,0.01081005448122483,0.018487725981162523,0.31487913643247634
63,ESO 3-state,-1.0,1.0,0.0,-1.0,-1.0,0.75,1.5,1.0,0.95,0.0,0.005237932782089591,0.3912979177070208,0.002042861802534078,0.004161992488772724,0.010264931015309113,0.023346123657197605,0.2587707150016964
63,ESO 4-state,-1.0,1.0,0.0,-1.0,-1.0,0.75,1.5,1.0,0.95,0.0,0.005364439979046585,0.4007485931554514,0.0020428279921562748,0.004250322283508018,0.010508467694073757,0.025237280055451894,0.26430324096954577
63,RTS 3-state,-1.0,1.0,0.0,-1.0,-1.0,0.75,1.5,1.0,0.95,0.0,0.003787336619664116,0.28293164394883746,0.0020427012485437403,0.0030268856501175574,0.007552760951923511,0.013894760030606836,0.18870453646175
63,RTS 4-state,-1.0,1.0,0.0,-1.0,-1.0,0.75,1.5,1.0,0.95,0.0,0.0040161732706798315,0.3000268051054829,0.002042711266896162,0.003201361357626015,0.007937734071131852,0.01586246333424618,0.19975767133664035
64,ESO 3-state,-1.0,1.0,0.0,-1.0,0.0,0.75,1.5,1.0,0.95,1.0,0.005280814641062738,0.39450139182966976,0.0020468880478318003,0.004193324570256991,0.010324202179135135,0.02365526995425054,0.2610590399567157
64,ESO 4-state,-1.0,1.0,0.0,-1.0,0.0,0.75,1.5,1.0,0.95,1.0,0.005404032506702275,0.403706338944287,0.0020468504505089286,0.0042806550990642026,0.010581285617354774,0.02554642635250208,0.2668409574603137
64,RTS 3-state,-1.0,1.0,0.0,-1.0,0.0,0.75,1.5,1.0,0.95,1.0,0.003834298118518176,0.28643988612728394,0.0020469233107453435,0.0030653281707356873,0.00764738088570089,0.014203864839653267,0.19126939286057712
64,RTS 4-state,-1.0,1.0,0.0,-1.0,0.0,0.75,1.5,1.0,0.95,1.0,0.0040629317319931845,0.30351987943619246,0.0020469329280856543,0.003237873152439251,0.008008070307227784,0.016171830638145118,0.20227451801076163
65,ESO 3-state,-1.0,1.0,0.0,-1.0,1.0,0.75,1.5,1.0,0.95,2.0,0.005340734344197691,0.39897767208024915,0.002050914572322745,0.004238566467162225,0.010533876386629858,0.023964416251306207,0.2643097493522831
65,ESO 4-state,-1.0,1.0,0.0,-1.0,1.0,0.75,1.5,1.0,0.95,2.0,0.005464287670904136,0.4082076796953374,0.002050885960118901,0.004327485466297049,0.010770574745295344,0.025855572649563258,0.27108671158177533
65,RTS 3-state,-1.0,1.0,0.0,-1.0,1.0,0.75,1.5,1.0,0.95,2.0,0.0039050185040602897,0.29172302754076107,0.002051145484091787,0.003123277206042994,0.007768085011466905,0.014512984916286283,0.19536367354043582
65,RTS 4-state,-1.0,1.0,0.0,-1.0,1.0,0.75,1.5,1.0,0.95,2.0,0.004131953497255315,0.3086761260218464,0.002051157116654337,0.00329375704992514,0.008115050075504789,0.01648119828491021,0.2060530510247442
66,ESO 3-state,-1.0,1.0,0.0,0.0,-1.0,0.75,1.5,1.0,1.0,0.0,0.004643968833322672,0.3469260507864958,-1.0031759727743055e-05,0.0037009970745647746,0.009105009587025724,0.01971263347685668,0.23593550868086177
66,ESO 4-state,-1.0,1.0,0.0,0.0,-1.0,0.75,1.5,1.0,1.0,0.0,0.004732189614408421,0.3535165530654443,-1.0063879586656344e-05,0.0037720758877524776,0.00926331300953184,0.020705963641796304,0.24183820303702963
66,RTS 3-state,-1.0,1.0,0.0,0.0,-1.0,0.75,1.5,1.0,1.0,0.0,0.0030107156299880714,0.22491444732750743,-1.018415697776747e-05,0.0024161243470062323,0.005862946411181687,0.01073082750031245,0.15846210472642114
66,RTS 4-state,-1.0,1.0,0.0,0.0,-1.0,0.75,1.5,1.0,1.0,0.0,0.0032826397247193648,0.24522844074234348,-1.0175605461805617e-05,0.0026357392436167177,0.006453819448281238,0.012215803761158883,0.1711262076718553
67,ESO 3-state,-1.0,1.0,0.0,0.0,0.0,0.75,1.5,1.0,1.0,1.0,0.0046831336734283035,0.34985184632802396,-6.2068266949067006e-06,0.0037310165053968266,0.009194374701194809,0.02000632245905696,0.23830112896955719
67,ESO 4-state,-1.0,1.0,0.0,0.0,0.0,0.75,1.5,1.0,1.0,1.0,0.00476803461703031,0.35619434132078576,-6.242544151634823e-06,0.003797725770505087,0.009333867118042447,0.02099965262399396,0.24446161129199517
67,RTS 3-state,-1.0,1.0,0.0,0.0,0.0,0.75,1.5,1.0,1.0,1.0,0.0030560334165227777,0.22829989655792837,-6.1730669350219825e-06,0.002447103051702962,0.0059929544024432055,0.011024480970188419,0.1613106848198356
67,RTS 4-state,-1.0,1.0,0.0,0.0,0.0,0.75,1.5,1.0,1.0,1.0,0.003327088191951406,0.2485489477814254,-6.166024455690555e-06,0.002667001292170636,0.006531881237396706,0.012509440721136827,0.17387117228688698
68,ESO 3-state,-1.0,1.0,0.0,0.0,1.0,0.75,1.5,1.0,1.0,2.0,0.004739651724128118,0.35407400733538125,-2.3816284285094056e-06,0.0037756332351555548,0.009316142598932521,0.020300011441259848,0.2416908106336222
68,ESO 4-state,-1.0,1.0,0.0,0.0,1.0,0.75,1.5,1.0,1.0,2.0,0.0048250230223261265,0.36045164000204166,-2.4088100221610517e-06,0.003840789175736463,0.009442629665217944,0.021293341606202082,0.248893458076784
68,RTS 3-state,-1.0,1.0,0.0,0.0,1.0,0.75,1.5,1.0,1.0,2.0,0.00312813189975996,0.23368598827277645,-2.1618790529909763e-06,0.002499697507629365,0.006184586117914739,0.011318148004552706,0.1659061111821873
68,RTS 4-state,-1.0,1.0,0.0,0.0,1.0,0.75,1.5,1.0,1.0,2.0,0.0033960105578905975,0.25369776877578115,-2.153904429042205e-06,0.002718684977379675,0.006714935428714479,0.012803077810328883,0.178034026501355
69,ESO 3-state,-1.0,1.0,0.0,1.0,-1.0,0.75,1.5,1.0,1.05,0.0,0.004937591799924815,0.36886105075733183,-0.0018674116493931998,0.003917159192067206,0.009674456079048488,0.02134725952445103,0.25095368433518817
69,ESO 4-state,-1.0,1.0,0.0,1.0,-1.0,0.75,1.5,1.0,1.05,0.0,0.004978191498541222,0.3718940368969125,-0.0018674422397350222,0.0039539043941873514,0.009691369829598735,0.021265062376120115,0.2563776368250448
69,RTS 3-state,-1.0,1.0,0.0,1.0,-1.0,0.75,1.5,1.0,1.05,0.0,0.0035238310898220377,0.26324655644942196,-0.0018675566758417541,0.002850610153440999,0.00686770076494218,0.012164667649087496,0.1821047552152779
69,RTS 4-state,-1.0,1.0,0.0,1.0,-1.0,0.75,1.5,1.0,1.05,0.0,0.0037495275810562156,0.2801071330791364,-0.001867549469864536,0.00301340744350875,0.007251860925912013,0.013153243001116269,0.1929407105615545
70,ESO 3-state,-1.0,1.0,0.0,1.0,0.0,0.75,1.5,1.0,1.05,1.0,0.004967216587529179,0.37107416004764926,-0.001863768856028594,0.003940780320973789,0.00979534860280526,0.02162696331694871,0.25305844795803056
70,ESO 4-state,-1.0,1.0,0.0,1.0,0.0,0.75,1.5,1.0,1.05,1.0,0.005005110761198304,0.3739050309020174,-0.001863802872654049,0.003975458943494103,0.009747304050729835,0.021544766168714202,0.2587278611774446
70,RTS 3-state,-1.0,1.0,0.0,1.0,0.0,0.75,1.5,1.0,1.05,1.0,0.0035529049347208276,0.2654185077595903,-0.0018637364765722447,0.0028712892651425884,0.006961111011633769,0.012294692831275586,0.1844336744636181
70,RTS 4-state,-1.0,1.0,0.0,1.0,0.0,0.75,1.5,1.0,1.05,1.0,0.0037792432369424074,0.28232703065234016,-0.0018637317772792516,0.0030356327879091033,0.0073276225530940695,0.013431448865120016,0.19523013731181355
71,ESO 3-state,-1.0,1.0,0.0,1.0,1.0,0.75,1.5,1.0,1.05,2.0,0.005011820545512917,0.37440628296839534,-0.0018601258100605965,0.0039764243408062835,0.00983455410418492,0.021906667109449496,0.2561101012598413
71,ESO 4-state,-1.0,1.0,0.0,1.0,1.0,0.75,1.5,1.0,1.05,2.0,0.0050504249790137516,0.37729021353252706,-0.0018601516972926457,0.004011518252446617,0.009868088522099576,0.02182446996131078,0.26275089123104894
71,RTS 3-state,-1.0,1.0,0.0,1.0,1.0,0.75,1.5,1.0,1.05,2.0,0.0036033216204703856,0.26918486845420414,-0.001859916190772049,0.0029075548945295404,0.007066240078618252,0.012574775485044279,0.188275594952134
71,RTS 4-state,-1.0,1.0,0.0,1.0,1.0,0.75,1.5,1.0,1.05,2.0,0.0038288698708854735,0.28603437080590804,-0.0018599115364049677,0.0030727479606050987,0.007464296790018983,0.013709562841668528,0.1987693596545934
72,ESO 3-state,-1.0,1.0,1.0,-1.0,-1.0,0.75,1.5,1.1,0.95,0.0,0.008573898722852873,0.6405100745765604,0.006146024963281615,0.007009359970573786,0.01624276469778868,0.032744494151254085,0.40063790901144186
72,ESO 4-state,-1.0,1.0,1.0,-1.0,-1.0,0.75,1.5,1.1,0.95,0.0,0.008648967091735883,0.6461180305491963,0.006146051791071456,0.007049245108125557,0.016424043590947485,0.0343217611283535,0.40297777126622036
72,RTS 3-state,-1.0,1.0,1.0,-1.0,-1.0,0.75,1.5,1.1,0.95,0.0,0.007735781133020677,0.5778987961698655,0.0061460608195239375,0.006495304333051741,0.014385403648053949,0.02349483035912619,0.3592466318105177
72,RTS 4-state,-1.0,1.0,1.0,-1.0,-1.0,0.75,1.5,1.1,0.95,0.0,0.007857873898821309,0.5870196930985617,0.006146026754667406,0.006558680449916838,0.0146689423271859,0.025281486734235914,0.3652405240830735
73,ESO 3-state,-1.0,1.0,1.0,-1.0,0.0,0.75,1.5,1.1,0.95,1.0,0.008602134907466965,0.6426194487711406,0.006150051736775168,0.0070289325251663036,0.01629358417437577,0.03305364044829876,0.4024247915209495
73,ESO 4-state,-1.0,1.0,1.0,-1.0,0.0,0.75,1.5,1.1,0.95,1.0,0.008675649752403015,0.6481113492862433,0.0061500730669186736,0.007068992678678717,0.01651762408570632,0.03463090742541468,0.40447294886431395
73,RTS 3-state,-1.0,1.0,1.0,-1.0,0.0,0.75,1.5,1.1,0.95,1.0,0.007761267222348871,0.5798027254678354,0.006150282876771718,0.006513965152220512,0.014462858083959307,0.023803935318534288,0.36078255909626666
73,RTS 4-state,-1.0,1.0,1.0,-1.0,0.0,0.75,1.5,1.1,0.95,1.0,0.007884196097504103,0.588986083650435,0.00615024834558502,0.006578719242080395,0.014706509180658411,0.025590853209004824,0.3668546274461899
74,ESO 3-state,-1.0,1.0,1.0,-1.0,1.0,0.75,1.5,1.1,0.95,2.0,0.008641022147195391,0.6455245062745774,0.006154078751831964,0.007056228725132792,0.01641601617664288,0.03336278674536269,0.40483576331366244
74,ESO 4-state,-1.0,1.0,1.0,-1.0,1.0,0.75,1.5,1.1,0.95,2.0,0.008715387696399086,0.6510799583514053,0.0061541074607833176,0.007097241183513255,0.016612383253795868,0.03494005372247036,0.40656504615849576
74,RTS 3-state,-1.0,1.0,1.0,-1.0,1.0,0.75,1.5,1.1,0.95,2.0,0.007798822537571484,0.5826082820216897,0.006154505045169837,0.006539297969406495,0.01456879400395654,0.02411305554480287,0.3628832326807414
74,RTS 4-state,-1.0,1.0,1.0,-1.0,1.0,0.75,1.5,1.1,0.95,2.0,0.007922276316169277,0.5918308529304955,0.006154472465201858,0.006606752783863256,0.014780625970896757,0.025900220027490026,0.3692234356992385
75,ESO 3-state,-1.0,1.0,1.0,0.0,-1.0,0.75,1.5,1.1,1.0,0.0,0.00680914183629052,0.5086745349277504,0.003887973242982416,0.005452967093561618,0.01331495418228986,0.028641085446210322,0.32950099823215623
75,ESO 4-state,-1.0,1.0,1.0,0.0,-1.0,0.75,1.5,1.1,1.0,0.0,0.00686498831769683,0.5128465265883297,0.003887998729382766,0.005481143599682418,0.013342792374823373,0.02933622066105282,0.3322559554623334
75,RTS 3-state,-1.0,1.0,1.0,0.0,-1.0,0.75,1.5,1.1,1.0,0.0,0.005771702599553949,0.4311730033176723,0.0038880074354323223,0.004681368095239354,0.01129750541605785,0.019850894999856504,0.27913250147234275
75,RTS 4-state,-1.0,1.0,1.0,0.0,-1.0,0.75,1.5,1.1,1.0,0.0,0.005927578268610245,0.44281764009718144,0.0038879741079054994,0.00479145027752745,0.011609901786951454,0.021163861761417144,0.2865945975934209
76,ESO 3-state,-1.0,1.0,1.0,0.0,0.0,0.75,1.5,1.1,1.0,1.0,0.006838151444799266,0.5108416874810979,0.0038917986778012927,0.005473758271358215,0.013360994459722185,0.028934774428402775,0.33155772009497236
76,ESO 4-state,-1.0,1.0,1.0,0.0,0.0,0.75,1.5,1.1,1.0,1.0,0.006892099060424505,0.5148718250444505,0.0038918189414376214,0.005500951075528821,0.01342227408533813,0.02962990964326094,0.33396014604425384
76,RTS 3-state,-1.0,1.0,1.0,0.0,0.0,0.75,1.5,1.1,1.0,1.0,0.005798353935633994,0.43316398196250916,0.0038920185207471946,0.0047051728057508875,0.011394379421603575,0.0201445486039181,0.2809846017571783
76,RTS 4-state,-1.0,1.0,1.0,0.0,0.0,0.75,1.5,1.1,1.0,1.0,0.005955082743439205,0.44487235217080673,0.0038919836251589553,0.004813603605081791,0.011675692425443307,0.02145749795192592,0.2885240979443224
77,ESO 3-state,-1.0,1.0,1.0,0.0,1.0,0.75,1.5,1.1,1.0,2.0,0.006879217999412834,0.5139095499329869,0.0038956243421052485,0.005503581615448136,0.013419252882291371,0.029228463410613505,0.3343465762946117
77,ESO 4-state,-1.0,1.0,1.0,0.0,1.0,0.75,1.5,1.1,1.0,2.0,0.006934004503771492,0.5180023563827553,0.003895651615609034,0.005533435844210278,0.013526535880912238,0.02992359862546383,0.3363654412086568
77,RTS 3-state,-1.0,1.0,1.0,0.0,1.0,0.75,1.5,1.1,1.0,2.0,0.005839537981504993,0.43624062155726995,0.0038960297039057944,0.004739543342251236,0.011500127492332118,0.020438215771542416,0.28353265252731324
77,RTS 4-state,-1.0,1.0,1.0,0.0,1.0,0.75,1.5,1.1,1.0,2.0,0.005996594146035415,0.44797344683405566,0.003895995682416225,0.004846799978966482,0.011755467734843206,0.021751134271659575,0.2913862690678515
78,ESO 3-state,-1.0,1.0,1.0,1.0,-1.0,0.75,1.5,1.1,1.05,0.0,0.005625602843452244,0.42025867266120015,0.0018449740674736184,0.004483133383103331,0.010959099859590343,0.024928477570218356,0.28276652155124704
78,ESO 4-state,-1.0,1.0,1.0,1.0,-1.0,0.75,1.5,1.1,1.05,0.0,0.005654587789661497,0.4224239828261782,0.0018449983402358565,0.004499512652567732,0.011018782316711606,0.024825493571590307,0.2858799850536833
78,RTS 3-state,-1.0,1.0,1.0,1.0,-1.0,0.75,1.5,1.1,1.05,0.0,0.004377240050828408,0.3270001713366076,0.0018450067454813589,0.0034861250993973047,0.008654129293779948,0.016554334904282507,0.22369614600138893
78,RTS 4-state,-1.0,1.0,1.0,1.0,-1.0,0.75,1.5,1.1,1.05,0.0,0.004572618837228067,0.34159587453916235,0.0018449740666624391,0.0036430420118741236,0.008999024957775138,0.017509743515899026,0.23270268144971962
79,ESO 3-state,-1.0,1.0,1.0,1.0,0.0,0.75,1.5,1.1,1.05,1.0,0.005654077437988036,0.42238585718474075,0.001848617338729691,0.0045028712941748445,0.011074599758213358,0.025208181362782585,0.2850410804065993
79,ESO 4-state,-1.0,1.0,1.0,1.0,0.0,0.75,1.5,1.1,1.05,1.0,0.005680892040278972,0.42438903257417354,0.001848636637430957,0.004519693778514715,0.011166065240521439,0.025105197364169468,0.28774628371112293
79,RTS 3-state,-1.0,1.0,1.0,1.0,0.0,0.75,1.5,1.1,1.05,1.0,0.0044041227807314004,0.3290084361752268,0.001848826940228438,0.0035079074324493634,0.008711020390130442,0.016834008254461623,0.22586639986852272
79,RTS 4-state,-1.0,1.0,1.0,1.0,0.0,0.75,1.5,1.1,1.05,1.0,0.004600274979044157,0.34366191684147096,0.0018487917013540823,0.0036632481695651263,0.009047893438412752,0.01771466122428969,0.23493698740955185
80,ESO 3-state,-1.0,1.0,1.0,1.0,1.0,0.75,1.5,1.1,1.05,2.0,0.005695752586531083,0.42549918443108997,0.0018522608285429822,0.004533669007471352,0.011186259637745017,0.02548788515536423,0.2881399983554764
80,ESO 4-state,-1.0,1.0,1.0,1.0,1.0,0.75,1.5,1.1,1.05,2.0,0.005723448508595087,0.42756819850276295,0.0018522868033084927,0.004551978154861084,0.011242497027543031,0.025384901156743647,0.2904029057217758
80,RTS 3-state,-1.0,1.0,1.0,1.0,1.0,0.75,1.5,1.1,1.05,2.0,0.0044483042122701235,0.3323089944071942,0.0018526472215097934,0.0035434968679681064,0.008811589409035682,0.01711369369712582,0.22886767948450856
80,RTS 4-state,-1.0,1.0,1.0,1.0,1.0,0.75,1.5,1.1,1.05,2.0,0.004644331441840724,0.34695313932771227,0.0018526118850689657,0.0036975273168591023,0.009127483865057108,0.017994101075560195,0.23828448733663743
81,ESO 3-state,0.0,-1.0,-1.0,-1.0,-1.0,1.0,0.5,0.9,0.95,0.0,0.004507765202871804,0.33675100670005764,-0.0020531882544055865,0.0035386345525851523,0.00898479765389575,0.025109718192171962,0.22345746686938683
81,ESO 4-state,0.0,-1.0,-1.0,-1.0,-1.0,1.0,0.5,0.9,0.95,0.0,0.00528354272694375,0.3947051925214648,-0.002054346669889033,0.004165820040325182,0.010495951462757953,0.02356334973164223,0.26830007320868826
81,RTS 3-state,0.0,-1.0,-1.0,-1.0,-1.0,1.0,0.5,0.9,0.95,0.0,0.002627532953304565,0.19628892086020464,-0.0020551794036250937,0.0021979865743884577,0.00489575643685225,0.008094156515777731,0.13121974436276898
81,RTS 4-state,0.0,-1.0,-1.0,-1.0,-1.0,1.0,0.5,0.9,0.95,0.0,0.0028994854160085894,0.21660503349441995,-0.0020548096834299787,0.0023614257212982008,0.005546949031701373,0.010906410205797419,0.14411554782621352
82,ESO 3-state,0.0,-1.0,-1.0,-1.0,0.0,1.0,0.5,0.9,0.95,1.0,0.004470959170350939,0.33400142504568486,-0.0020491580415370157,0.003508335032754492,0.008920723447169453,0.024800571895114913,0.221345756690604
82,ESO 4-state,0.0,-1.0,-1.0,-1.0,0.0,1.0,0.5,0.9,0.95,1.0,0.005243302159269545,0.39169903513202553,-0.002050321117587919,0.004133851351503072,0.010424358720824499,0.02325420343459205,0.2659332731232264
82,RTS 3-state,0.0,-1.0,-1.0,-1.0,0.0,1.0,0.5,0.9,0.95,1.0,0.0025450167096816656,0.19012457403676852,-0.0020509629330674466,0.0021492606879418468,0.004678499852911092,0.007785058963517222,0.12664464996853753
82,RTS 4-state,0.0,-1.0,-1.0,-1.0,0.0,1.0,0.5,0.9,0.95,1.0,0.00282866802715899,0.21131464548313242,-0.002050584002135435,0.0023093291441022503,0.00539229284612151,0.01060652486508594,0.14015128943514454
83,ESO 3-state,0.0,-1.0,-1.0,-1.0,1.0,1.0,0.5,0.9,0.95,2.0,0.004454666134494741,0.33278425955905316,-0.0020451283565438277,0.0034964168978434953,0.008901793494748386,0.024491425598059238,0.2204875457199791
83,ESO 4-state,0.0,-1.0,-1.0,-1.0,1.0,1.0,0.5,0.9,0.95,2.0,0.005224625792309624,0.39030382373742006,-0.0020462859360951225,0.0041194126836570436,0.0103731683560664,0.022945057137528126,0.26489856699773534
83,RTS 3-state,0.0,-1.0,-1.0,-1.0,1.0,1.0,0.5,0.9,0.95,2.0,0.0024979357192630083,0.1866074052832101,-0.00204674627870789,0.002123377367787983,0.004543780795136329,0.007475931860658536,0.1242258197861863
83,RTS 4-state,0.0,-1.0,-1.0,-1.0,1.0,1.0,0.5,0.9,0.95,2.0,0.0027900460610961473,0.20842940515515085,-0.0020463570616930478,0.0022809433933350886,0.0053067879593010694,0.010306643345131442,0.1381499068631669
84,ESO 3-state,0.0,-1.0,-1.0,0.0,-1.0,1.0,0.5,0.9,1.0,0.0,0.005639774363087207,0.42131735102814416,-0.0039012793138204233,0.004541221831206746,0.010959953255909247,0.027015304069529476,0.27798310247804336
84,ESO 4-state,0.0,-1.0,-1.0,0.0,-1.0,1.0,0.5,0.9,1.0,0.0,0.006185623703330813,0.4620948331198227,-0.0039023798085296986,0.004943691492353633,0.012027814960167915,0.025546254032026233,0.31429085127085765
84,RTS 3-state,0.0,-1.0,-1.0,0.0,-1.0,1.0,0.5,0.9,1.0,0.0,0.004353407410658279,0.32521976237375877,-0.0039031706756231985,0.0039187216177333705,0.007224175674992513,0.010356101561396595,0.21309893028754723
84,RTS 4-state,0.0,-1.0,-1.0,0.0,-1.0,1.0,0.5,0.9,1.0,0.0,0.004518708245134955,0.3375685028056954,-0.0039028202384441073,0.003951634032939175,0.00787576303184373,0.013734536826746024,0.22106301097431427
85,ESO 3-state,0.0,-1.0,-1.0,0.0,0.0,1.0,0.5,0.9,1.0,1.0,0.005609541678217639,0.419058828987425,-0.003897450611595282,0.004518630607830186,0.010902418491020166,0.026721615087325283,0.2762634620694099
85,ESO 4-state,0.0,-1.0,-1.0,0.0,0.0,1.0,0.5,0.9,1.0,1.0,0.006151040293644077,0.4595112917189286,-0.0038985555338436396,0.0049198391460704635,0.011941375393891424,0.025252565049828563,0.31226396248541893
85,RTS 3-state,0.0,-1.0,-1.0,0.0,0.0,1.0,0.5,0.9,1.0,1.0,0.004303357569814389,0.3214808066982014,-0.003899165106541576,0.003909603061260928,0.00710531583053893,0.010062489447684349,0.2102901425447341
85,RTS 4-state,0.0,-1.0,-1.0,0.0,0.0,1.0,0.5,0.9,1.0,1.0,0.004472744322008387,0.33413478416948633,-0.0038988061935748787,0.003935489783826837,0.007760172798270258,0.013441257038201593,0.2184739829184846
86,ESO 3-state,0.0,-1.0,-1.0,0.0,1.0,1.0,0.5,0.9,1.0,2.0,0.005594090048893208,0.4179045204784452,-0.003893622410851753,0.004507571545627074,0.010842523861361378,0.026427926105122387,0.27552554805813184
86,ESO 4-state,0.0,-1.0,-1.0,0.0,1.0,1.0,0.5,0.9,1.0,2.0,0.006133062822873531,0.45816829111720137,-0.003894722111425483,0.0049086972616210625,0.011979506004389549,0.024958876067617833,0.3113451390715343
86,RTS 3-state,0.0,-1.0,-1.0,0.0,1.0,1.0,0.5,0.9,1.0,2.0,0.004272767600648391,0.31919559386036084,-0.0038951593690217095,0.0039033168821678873,0.007042824739331537,0.00991087225712571,0.2087849890695682
86,RTS 4-state,0.0,-1.0,-1.0,0.0,1.0,1.0,0.5,0.9,1.0,2.0,0.0044454972808831645,0.3320993035897367,-0.0038947908716315278,0.003924367833318696,0.007696460951671501,0.013147976539837403,0.21713711914040207
87,ESO 3-state,0.0,-1.0,-1.0,1.0,-1.0,1.0,0.5,0.9,1.05,0.0,0.006984410479356554,0.5217679169783148,-0.005573361700910039,0.005832554306193796,0.012963834813070431,0.028739405577614847,0.3444649084961735
87,ESO 4-state,0.0,-1.0,-1.0,1.0,-1.0,1.0,0.5,0.9,1.05,0.0,0.007367061368181301,0.5503537164215316,-0.005574409791109347,0.006064072980601292,0.013896476340350253,0.027340310303802233,0.3737000689953971
87,RTS 3-state,0.0,-1.0,-1.0,1.0,-1.0,1.0,0.5,0.9,1.05,0.0,0.006036943450742602,0.45098772738512255,-0.005575162776671788,0.005582026984627717,0.009706841605325742,0.01375881663391372,0.2959416577443364
87,RTS 4-state,0.0,-1.0,-1.0,1.0,-1.0,1.0,0.5,0.9,1.05,0.0,0.006154077105865648,0.4597381557029093,-0.005574829841574735,0.00558628420159997,0.010243691893666917,0.017040792351896608,0.3015856457742466
88,ESO 3-state,0.0,-1.0,-1.0,1.0,0.0,1.0,0.5,0.9,1.05,1.0,0.0069595657536733815,0.5199119005248258,-0.005569715317838475,0.005817660666433332,0.012886259174365068,0.028459701785039426,0.34306253667984293
88,ESO 4-state,0.0,-1.0,-1.0,1.0,0.0,1.0,0.5,0.9,1.05,1.0,0.007338010462946625,0.5481834788108654,-0.005570767624741672,0.006045823783345979,0.013866634382558744,0.02706060651123303,0.37199246738208364
88,RTS 3-state,0.0,-1.0,-1.0,1.0,0.0,1.0,0.5,0.9,1.05,1.0,0.006000675077020176,0.44827831134131,-0.0055713480238429635,0.005577230819282692,0.009635908028799815,0.013480004625186212,0.29391377886894104
88,RTS 4-state,0.0,-1.0,-1.0,1.0,0.0,1.0,0.5,0.9,1.05,1.0,0.0061200499714989896,0.4571961706532465,-0.00557100741393175,0.005579930269740597,0.010121074541005588,0.01676142135905155,0.29967900701374905
89,ESO 3-state,0.0,-1.0,-1.0,1.0,1.0,1.0,0.5,0.9,1.05,2.0,0.006945542477026905,0.5188642965979562,-0.005566069412368448,0.005808661604584815,0.012859636632221387,0.02817999799246524,0.34243322625836425
89,ESO 4-state,0.0,-1.0,-1.0,1.0,1.0,1.0,0.5,0.9,1.05,2.0,0.007321599792265758,0.5469575254562221,-0.00556711674624819,0.006035289219701988,0.013807223231434025,0.026780902718651384,0.3711942106819277
89,RTS 3-state,0.0,-1.0,-1.0,1.0,1.0,1.0,0.5,0.9,1.05,2.0,0.005977169197690654,0.44652231293160055,-0.005567533115994574,0.0055726057595982936,0.009602487748974528,0.013494877764501853,0.2928039232524017
89,RTS 4-state,0.0,-1.0,-1.0,1.0,1.0,1.0,0.5,0.9,1.05,2.0,0.006098511306341908,0.45558713228319075,-0.005567183696337997,0.005574570953907803,0.01007947392579548,0.016482049923263242,0.29866948816724914
90,ESO 3-state,0.0,-1.0,0.0,-1.0,-1.0,1.0,0.5,1.0,0.95,0.0,0.004420501395220684,0.33023199478340465,0.002049974852936975,0.0034744320181818596,0.008714471040682587,0.020217734341003227,0.2135924562863939
90,ESO 4-state,0.0,-1.0,0.0,-1.0,-1.0,1.0,0.5,1.0,0.95,0.0,0.0051471385071401015,0.3845151634783038,0.0020488770775111335,0.004032123397435032,0.010168393185405952,0.02304588471284196,0.24606950313511375
90,RTS 3-state,0.0,-1.0,0.0,-1.0,-1.0,1.0,0.5,1.0,0.95,0.0,0.0023450976972537994,0.17518969485302682,0.0020481801673564374,0.0020625511491426337,0.003971624422394737,0.005903218542933325,0.11117153646559459
90,RTS 4-state,0.0,-1.0,0.0,-1.0,-1.0,1.0,0.5,1.0,0.95,0.0,0.002668939880986246,0.199382210761879,0.002048505804164358,0.002202398904646136,0.00498138198856049,0.010121828572733027,0.12754521481260325
91,ESO 3-state,0.0,-1.0,0.0,-1.0,0.0,1.0,0.5,1.0,0.95,1.0,0.004386781375364635,0.32771295261474065,0.002054005201466181,0.0034435900503958384,0.00868501802519625,0.019908588043943423,0.211555351755724
91,ESO 4-state,0.0,-1.0,0.0,-1.0,0.0,1.0,0.5,1.0,0.95,1.0,0.005109250415877162,0.38168474700794053,0.002052901817009244,0.003998449476424644,0.01013536105753108,0.023355031009892134,0.24374643391224315
91,RTS 3-state,0.0,-1.0,0.0,-1.0,0.0,1.0,0.5,1.0,0.95,1.0,0.0022604450567101403,0.16886574925250306,0.002052396634164057,0.002058254223726077,0.0037032535636565,0.005595016842875514,0.10615551645463839
91,RTS 4-state,0.0,-1.0,0.0,-1.0,0.0,1.0,0.5,1.0,0.95,1.0,0.0025988805126226987,0.19414845040316192,0.0020527314217926845,0.00216145003308274,0.004791217981708201,0.00981268224817071,0.1233963046564161
92,ESO 3-state,0.0,-1.0,0.0,-1.0,1.0,1.0,0.5,1.0,0.95,2.0,0.004374016713359577,0.32675937304993746,0.0020580350022620856,0.00343160044429397,0.008669060945544135,0.019599441746889122,0.2106252270164615
92,ESO 4-state,0.0,-1.0,0.0,-1.0,1.0,1.0,0.5,1.0,0.95,2.0,0.00509354009457452,0.38051111300613505,0.0020569362459885577,0.003983562434762331,0.010080824149031664,0.02366417730695331,0.24263508616167898
92,RTS 3-state,0.0,-1.0,0.0,-1.0,1.0,1.0,0.5,1.0,0.95,2.0,0.0022156565932324366,0.1655198429140237,0.0020566132847926483,0.0020593524197720006,0.003548046197143405,0.005286762195032768,0.10325922925949484
92,RTS 4-state,0.0,-1.0,0.0,-1.0,1.0,1.0,0.5,1.0,0.95,2.0,0.002563886257564531,0.19153421694396378,0.0020569583006609386,0.0021421834262134514,0.004702113281799522,0.009642510110236216,0.12110421358669492
93,ESO 3-state,0.0,-1.0,0.0,0.0,-1.0,1.0,0.5,1.0,1.0,0.0,0.0037839754587752393,0.2826805496122715,-3.274361844990782e-06,0.0029764430819622825,0.0074819212094108835,0.02236791941091918,0.18654496690422706
93,ESO 4-state,0.0,-1.0,0.0,0.0,-1.0,1.0,0.5,1.0,1.0,0.0,0.004491389401279541,0.3355276582283578,-4.317248499540276e-06,0.00353338854948979,0.008954739343812263,0.02063667112482072,0.22217049828688293
93,RTS 3-state,0.0,-1.0,0.0,0.0,-1.0,1.0,0.5,1.0,1.0,0.0,0.0009330001743342476,0.06969944835596671,-4.979083185970643e-06,0.0008311300850079383,0.001619285535531853,0.002529157824800503,0.048978001789368474
93,RTS 4-state,0.0,-1.0,0.0,0.0,-1.0,1.0,0.5,1.0,1.0,0.0,0.0015657751380058614,0.11697067843140513,-4.6705251396097445e-06,0.001246056794003581,0.0030577582620891497,0.00665545832354416,0.07873160676758549
94,ESO 3-state,0.0,-1.0,0.0,0.0,0.0,1.0,0.5,1.0,1.0,1.0,0.0037428055436659773,0.27960496565107334,5.544692577546603e-07,0.002943063780241878,0.007456512452784961,0.022074230428712364,0.18416647223181015
94,ESO 4-state,0.0,-1.0,0.0,0.0,0.0,1.0,0.5,1.0,1.0,1.0,0.004447195097904492,0.3322261384104058,-4.937459763350743e-07,0.0034963919920316298,0.008920461286199138,0.020342982142612605,0.21957487087555072
94,RTS 3-state,0.0,-1.0,0.0,0.0,0.0,1.0,0.5,1.0,1.0,1.0,0.0006859769773806867,0.05124566771109582,-9.735176734455412e-07,0.0005550314492740185,0.001325246092596162,0.0022364104236817783,0.03601372877313059
94,RTS 4-state,0.0,-1.0,0.0,0.0,0.0,1.0,0.5,1.0,1.0,1.0,0.0014392383225919072,0.10751779034661278,-6.565395509913927e-07,0.001134258124115359,0.0028171835956087576,0.006361769341331383,0.07172420808248475
95,ESO 3-state,0.0,-1.0,0.0,0.0,1.0,1.0,0.5,1.0,1.0,2.0,0.003723680453983932,0.2781762325840639,4.382780013864316e-06,0.0029270013589528386,0.007409167863203336,0.02178054144651078,0.18302175511406676
95,ESO 4-state,0.0,-1.0,0.0,0.0,1.0,1.0,0.5,1.0,1.0,2.0,0.004425889629002686,0.3306345208842026,3.3389615540128074e-06,0.003479746743936014,0.00885503133337373,0.020049293160422775,0.2182856833400498
95,RTS 3-state,0.0,-1.0,0.0,0.0,1.0,1.0,0.5,1.0,1.0,2.0,0.0004914947403135938,0.03671694090964238,3.032216294706482e-06,0.0003719355804926506,0.0010311528544696344,0.0019436762172033925,0.02581631173553167
95,RTS 4-state,0.0,-1.0,0.0,0.0,1.0,1.0,0.5,1.0,1.0,2.0,0.0013642668723912346,0.10191707464989556,3.358724735949479e-06,0.0010730668125277492,0.0026915419798904106,0.006068080359117725,0.06751825298642924
96,ESO 3-state,0.0,-1.0,0.0,1.0,-1.0,1.0,0.5,1.0,1.05,0.0,0.004206476528642777,0.3142433427495677,-0.0018609760323620073,0.0032976528885231334,0.00836860246472109,0.02431332495036695,0.20628627283220363
96,ESO 4-state,0.0,-1.0,0.0,1.0,-1.0,1.0,0.5,1.0,1.05,0.0,0.004756375821642398,0.35532337513086804,-0.0018619692577472927,0.003738020159099544,0.009544309225259898,0.022664517058844605,0.23827104412755923
96,RTS 3-state,0.0,-1.0,0.0,1.0,-1.0,1.0,0.5,1.0,1.05,0.0,0.002189325945605959,0.163552821186798,-0.001862599355298867,0.001888126701574664,0.003812046820236316,0.005835133440068613,0.10465766545587048
96,RTS 4-state,0.0,-1.0,0.0,1.0,-1.0,1.0,0.5,1.0,1.05,0.0,0.00251599445565298,0.1879564768043221,-0.0018623063050431312,0.0020551134780261125,0.004743263243100926,0.00905373316803966,0.12105059842845818
97,ESO 3-state,0.0,-1.0,0.0,1.0,0.0,1.0,0.5,1.0,1.05,1.0,0.004168383051766299,0.31139758301951637,-0.0018573295265498686,0.0032664071094526516,0.008285810696497004,0.02403362115778903,0.2041066037755181
97,ESO 4-state,0.0,-1.0,0.0,1.0,0.0,1.0,0.5,1.0,1.05,1.0,0.004714297045359515,0.3521798950168328,-0.0018583278267728113,0.0037039033592567395,0.009432940981586688,0.022384813266265444,0.23583920232416278
97,RTS 3-state,0.0,-1.0,0.0,1.0,0.0,1.0,0.5,1.0,1.05,1.0,0.0020944706451976095,0.15646668948610556,-0.0018587846058746172,0.0018687597759766156,0.0035688973273233504,0.0055556395138426085,0.099208408301744
97,RTS 4-state,0.0,-1.0,0.0,1.0,0.0,1.0,0.5,1.0,1.05,1.0,0.0024377345658576697,0.18211009938962963,-0.001858483932523855,0.002001816264735025,0.0045663956497755676,0.008774014456482598,0.11657000345959719
98,ESO 3-state,0.0,-1.0,0.0,1.0,1.0,1.0,0.5,1.0,1.05,2.0,0.004148242634531587,0.30989300026644223,-0.0018536835163059549,0.0032495623962789945,0.008259586374802216,0.023753917365216093,0.2030154631985501
98,ESO 4-state,0.0,-1.0,0.0,1.0,1.0,1.0,0.5,1.0,1.05,2.0,0.004691787416762912,0.3504983211661093,-0.0018546776291248613,0.0036885277631575303,0.009426620860680829,0.022105109473703706,0.2345957785917714
98,RTS 3-state,0.0,-1.0,0.0,1.0,1.0,1.0,0.5,1.0,1.05,2.0,0.0020335935357315817,0.15191888653385463,-0.0018549697014148602,0.0018592485978366224,0.003367178605199958,0.005276116145823545,0.09587169561363257
98,RTS 4-state,0.0,-1.0,0.0,1.0,1.0,1.0,0.5,1.0,1.05,2.0,0.0023893834659913134,0.17849804755856322,-0.0018546602687920743,0.001970390329949267,0.004450215050607727,0.008494292438635379,0.11393571610017283
99,ESO 3-state,0.0,-1.0,1.0,-1.0,-1.0,1.0,0.5,1.1,0.95,0.0,0.007665410951976133,0.5726418166596376,0.006153137960322155,0.006434051922728478,0.013986500731120573,0.027366883173437453,0.35357421393231614
99,ESO 4-state,0.0,-1.0,1.0,-1.0,-1.0,1.0,0.5,1.1,0.95,0.0,0.008076148379968815,0.6033258110872555,0.006152100824951414,0.006625765106371295,0.015205909133371096,0.03050887366664308,0.3673684308741769
99,RTS 3-state,0.0,-1.0,1.0,-1.0,-1.0,1.0,0.5,1.1,0.95,0.0,0.0066409152538316986,0.49610722752659575,0.006151539738374924,0.006158569650746962,0.010654217594319879,0.015086347597097191,0.3021773744091596
99,RTS 4-state,0.0,-1.0,1.0,-1.0,-1.0,1.0,0.5,1.1,0.95,0.0,0.006770964515566347,0.5058225116726826,0.0061518212917479505,0.006162353941330104,0.011236607395489366,0.01805223416431309,0.3090390027843796
100,ESO 3-state,0.0,-1.0,1.0,-1.0,0.0,1.0,0.5,1.1,0.95,1.0,0.007648198496875224,0.5713559662831988,0.006157168429658984,0.00642501193800901,0.013939445773845392,0.02767602947050138,0.3524432692912598
100,ESO 4-state,0.0,-1.0,1.0,-1.0,0.0,1.0,0.5,1.1,0.95,1.0,0.008054239609930597,0.6016891241628278,0.006156124736930487,0.006608249599783991,0.015173612617017593,0.030818019963696014,0.3659574149299561
100,RTS 3-state,0.0,-1.0,1.0,-1.0,0.0,1.0,0.5,1.1,0.95,1.0,0.006614289988922367,0.494118196519355,0.006155756201432351,0.006161881175605796,0.010572367945869299,0.01500273585172085,0.30050344028364295
100,RTS 4-state,0.0,-1.0,1.0,-1.0,0.0,1.0,0.5,1.1,0.95,1.0,0.00674636878870177,0.5039850965879551,0.006156046845711137,0.006164699000238331,0.011113414823445404,0.01814487314962944,0.30747751792151634
101,ESO 3-state,0.0,-1.0,1.0,-1.0,1.0,1.0,0.5,1.1,0.95,2.0,0.007643076322857626,0.5709733160830907,0.006161198331185025,0.006422891707539006,0.013958672098618206,0.027985175767554313,0.35189256332367275
101,ESO 4-state,0.0,-1.0,1.0,-1.0,1.0,1.0,0.5,1.1,0.95,2.0,0.008046482984948373,0.6011096682342684,0.00616015839799414,0.006600662447798361,0.015141361006854148,0.03112716626075443,0.36524809722205026
101,RTS 3-state,0.0,-1.0,1.0,-1.0,1.0,1.0,0.5,1.1,0.95,2.0,0.006601916677226341,0.49319385264110777,0.006159972848329805,0.00616541565759969,0.010508643118487919,0.015298551164679403,0.2995206701860579
101,RTS 4-state,0.0,-1.0,1.0,-1.0,1.0,1.0,0.5,1.1,0.95,2.0,0.006735663415674565,0.5031853554786103,0.00616027366299325,0.006167785315286835,0.011076001736198243,0.018454019447074893,0.30658763170009273
102,ESO 3-state,0.0,-1.0,1.0,0.0,-1.0,1.0,0.5,1.1,1.0,0.0,0.005738205643706036,0.4286706250669183,0.0038947305901709285,0.00462598337634428,0.010935006008827547,0.02272908660388258,0.27186115679344386
102,ESO 4-state,0.0,-1.0,1.0,0.0,-1.0,1.0,0.5,1.1,1.0,0.0,0.006190487527256434,0.4624581833675954,0.003893745311568726,0.004925056913614995,0.01207344626000461,0.025713977572427923,0.28915600114120127
102,RTS 3-state,0.0,-1.0,1.0,0.0,-1.0,1.0,0.5,1.1,1.0,0.0,0.004346824810164036,0.3247280115297422,0.0038932125092863653,0.003908957168093651,0.007238270540576526,0.010241668990842182,0.20267265348421737
102,RTS 4-state,0.0,-1.0,1.0,0.0,-1.0,1.0,0.5,1.1,1.0,0.0,0.004537669224069992,0.3389849760373368,0.0038934791881544413,0.0039494085350982614,0.007924259620814063,0.01342576177773408,0.21248385547566295
103,ESO 3-state,0.0,-1.0,1.0,0.0,0.0,1.0,0.5,1.1,1.0,1.0,0.005713778408260971,0.4268457970741505,0.003898559536040917,0.0046068780418816015,0.010916236939452102,0.023022775586093308,0.27035651339048883
103,ESO 4-state,0.0,-1.0,1.0,0.0,0.0,1.0,0.5,1.1,1.0,1.0,0.006161077766006786,0.4602611375451293,0.003897568027948845,0.004900965061119953,0.01200758864939759,0.026007666554628203,0.2873414773103625
103,RTS 3-state,0.0,-1.0,1.0,0.0,0.0,1.0,0.5,1.1,1.0,1.0,0.004304451859224366,0.3215625552019159,0.003897218071229624,0.003907919867170832,0.007104604858367697,0.009948838423963241,0.20013383537670737
103,RTS 4-state,0.0,-1.0,1.0,0.0,0.0,1.0,0.5,1.1,1.0,1.0,0.00449924812939987,0.33611474173577227,0.0038974931144685914,0.003940033246077974,0.00779052559605152,0.013572614405011174,0.21017038503783736
104,ESO 3-state,0.0,-1.0,1.0,0.0,1.0,1.0,0.5,1.1,1.0,2.0,0.00570391969475982,0.42610930536553954,0.0039023879424906565,0.0045989623590224245,0.010913941369435479,0.023316464568293588,0.26958670941591145
104,ESO 4-state,0.0,-1.0,1.0,0.0,1.0,1.0,0.5,1.1,1.0,2.0,0.006148316483397846,0.4593078104369191,0.003901400005959316,0.004888934233285661,0.011984803694978612,0.0263013555368337,0.2863947892386145
104,RTS 3-state,0.0,-1.0,1.0,0.0,1.0,1.0,0.5,1.1,1.0,2.0,0.00428166492586667,0.3198602653969982,0.0039012238016459025,0.003910037363472133,0.007037252366789121,0.009922509956882944,0.19859368151289497
104,RTS 4-state,0.0,-1.0,1.0,0.0,1.0,1.0,0.5,1.1,1.0,2.0,0.004479493532979949,0.3346389815903406,0.00390150832109398,0.003937085478517308,0.007740744721875713,0.013866268808645013,0.20880514521031923
105,ESO 3-state,0.0,-1.0,1.0,1.0,-1.0,1.0,0.5,1.1,1.05,0.0,0.004398641863091474,0.3285989861595717,0.0018514096362245824,0.0034782990175208275,0.008594066131335197,0.019887244329934627,0.214641166586597
105,ESO 4-state,0.0,-1.0,1.0,1.0,-1.0,1.0,0.5,1.1,1.05,0.0,0.004882867644514008,0.36477290206368224,0.0018504712756510558,0.0038419868461150577,0.009596640723193058,0.021375738249090392,0.23568720517034583
105,RTS 3-state,0.0,-1.0,1.0,1.0,-1.0,1.0,0.5,1.1,1.05,0.0,0.0024271122314257344,0.1813165616492034,0.0018499640661074936,0.002009089781298959,0.004505831968371246,0.007237923585296603,0.11851664747346619
105,RTS 4-state,0.0,-1.0,1.0,1.0,-1.0,1.0,0.5,1.1,1.05,0.0,0.002745336579103128,0.2050893991005774,0.0018502172314783347,0.0022275315170763453,0.005242346145951274,0.010121572118013927,0.13419633225929964
106,ESO 3-state,0.0,-1.0,1.0,1.0,0.0,1.0,0.5,1.1,1.05,1.0,0.004365358381509568,0.32611255542843043,0.0018550562513388574,0.0034490714895897548,0.00853485717204578,0.019607540537360447,0.21269840548276928
106,ESO 4-state,0.0,-1.0,1.0,1.0,0.0,1.0,0.5,1.1,1.05,1.0,0.004844864935019193,0.3619339230788062,0.001854111957917836,0.003808305569954267,0.009515952967416988,0.021655442041662087,0.23343868482006033
106,RTS 3-state,0.0,-1.0,1.0,1.0,0.0,1.0,0.5,1.1,1.05,1.0,0.0023483562334982986,0.1754331226517961,0.0018537788121270082,0.0019666637086487855,0.004318179327872006,0.006958164137495067,0.11407263039920802
106,RTS 4-state,0.0,-1.0,1.0,1.0,0.0,1.0,0.5,1.1,1.05,1.0,0.0026793971014688477,0.20016341372306187,0.0018540395488838848,0.0021790793720701186,0.005119098912171868,0.009841867541699509,0.13045562338930541
107,ESO 3-state,0.0,-1.0,1.0,1.0,1.0,1.0,0.5,1.1,1.05,2.0,0.004349284129015149,0.32491173407553525,0.0018587023527195606,0.003434145575449615,0.008519592064143662,0.01932783674478502,0.211662341835305
107,ESO 4-state,0.0,-1.0,1.0,1.0,1.0,1.0,0.5,1.1,1.05,2.0,0.004825970285960904,0.36052240499717014,0.0018577614607849513,0.003790787119669003,0.0094436866102421,0.021935145834238765,0.23222725281579332
107,RTS 3-state,0.0,-1.0,1.0,1.0,1.0,1.0,0.5,1.1,1.05,2.0,0.002300808015518934,0.1718810498284059,0.0018575937131979766,0.001945675199364749,0.0042056747720809265,0.006678394217729991,0.11125484669796529
107,RTS 4-state,0.0,-1.0,1.0,1.0,1.0,1.0,0.5,1.1,1.05,2.0,0.0026411259250552544,0.19730437901187897,0.0018578631587538724,0.0021513177981589103,0.005037668090797892,0.00978521883024816,0.12815924651462593
108,ESO 3-state,0.0,0.0,-1.0,-1.0,-1.0,1.0,1.0,0.9,0.95,0.0,0.004458505538737507,0.33307108089638815,-0.0020526438485846217,0.0035023053716803873,0.00889220700712829,0.023962511647840856,0.22088428420110875
108,ESO 4-state,0.0,0.0,-1.0,-1.0,-1.0,1.0,1.0,0.9,0.95,0.0,0.005235209144494559,0.39109444932285814,-0.0020535186569726914,0.00413481308499874,0.010429350650575472,0.022462370529874563,0.2657539120918891
108,RTS 3-state,0.0,0.0,-1.0,-1.0,-1.0,1.0,1.0,0.9,0.95,0.0,0.002485285470847492,0.1856623729451866,-0.0020543260905459943,0.0021263630026564662,0.004495195569568157,0.007604763410452811,0.12386714124755012
108,RTS 4-state,0.0,0.0,-1.0,-1.0,-1.0,1.0,1.0,0.9,0.95,0.0,0.002782099298224225,0.20783574504272495,-0.0020540101252478037,0.0022819077999416213,0.005270078395604248,0.010493066939247946,0.13799984726964765
109,ESO 3-state,0.0,0.0,-1.0,-1.0,0.0,1.0,1.0,0.9,0.95,1.0,0.004460549403412414,0.3332237670847449,-0.002048614833147188,0.0035051009098158756,0.00888966737436929,0.023653365350783807,0.22114392508693562
109,ESO 4-state,0.0,0.0,-1.0,-1.0,0.0,1.0,1.0,0.9,0.95,1.0,0.0052301365530754455,0.3907155031732503,-0.002049493402716419,0.004131979831236654,0.010360844915570561,0.022153224232813386,0.26555728518348654
109,RTS 3-state,0.0,0.0,-1.0,-1.0,0.0,1.0,1.0,0.9,0.95,1.0,0.0024697490545945184,0.18450173045866872,-0.0020501073449592034,0.0021148723651521926,0.004457454983117164,0.007295680916174961,0.12337304410441192
109,RTS 4-state,0.0,0.0,-1.0,-1.0,0.0,1.0,1.0,0.9,0.95,1.0,0.002772097673378231,0.20708857719259402,-0.0020497845011290747,0.0022743057123602345,0.005265367704365045,0.010276486039199915,0.13774603324194593
110,ESO 3-state,0.0,0.0,-1.0,-1.0,1.0,1.0,1.0,0.9,0.95,2.0,0.004483276985393483,0.33492162306604295,-0.002044586256875769,0.0035253011094337197,0.008907676739309124,0.023344219053725378,0.22266814125542
110,ESO 4-state,0.0,0.0,-1.0,-1.0,1.0,1.0,1.0,0.9,0.95,2.0,0.005246840774320732,0.39196338611908493,-0.002045458664395247,0.004146705865039984,0.010331670679645862,0.02239101632986777,0.26670737175677073
110,RTS 3-state,0.0,0.0,-1.0,-1.0,1.0,1.0,1.0,0.9,0.95,2.0,0.0024924027519234804,0.1861940669131376,-0.0020458884310724204,0.002121809232241444,0.0045009488922915925,0.007298830228709252,0.1251926914485461
110,RTS 4-state,0.0,0.0,-1.0,-1.0,1.0,1.0,1.0,0.9,0.95,2.0,0.0027960020607347745,0.2088743460036527,-0.002045557609427021,0.002290993067068217,0.005320698642994566,0.0105859231015892,0.1395544985785723
111,ESO 3-state,0.0,0.0,-1.0,0.0,-1.0,1.0,1.0,0.9,1.0,0.0,0.00559584740218329,0.41803580293503495,-0.0039007621282905075,0.004515854090458031,0.01084601028215703,0.02592545785241493,0.2759621451061207
111,ESO 4-state,0.0,0.0,-1.0,0.0,-1.0,1.0,1.0,0.9,1.0,0.0,0.006140027487680141,0.4586885839406741,-0.0039015931962591735,0.004918317567942901,0.011941957938390313,0.024500323790346945,0.3121628722287032
111,RTS 3-state,0.0,0.0,-1.0,0.0,-1.0,1.0,1.0,0.9,1.0,0.0,0.004264565490407851,0.3185828581129872,-0.0039023599714595636,0.003909839068842194,0.006940956915764643,0.00992697222326945,0.20874860529048067
111,RTS 4-state,0.0,0.0,-1.0,0.0,-1.0,1.0,1.0,0.9,1.0,0.0,0.004439647656793424,0.3316623094890276,-0.003902060654523013,0.003930816307461957,0.007661139982218554,0.013509048004249999,0.21720919725302754
112,ESO 3-state,0.0,0.0,-1.0,0.0,0.0,1.0,1.0,0.9,1.0,1.0,0.00559358009846558,0.41786642481193587,-0.0038969345636249452,0.004513149443355333,0.010829710321646709,0.02563176887021073,0.27609669774167733
112,ESO 4-state,0.0,0.0,-1.0,0.0,0.0,1.0,1.0,0.9,1.0,1.0,0.006132512120226946,0.4581271510705743,-0.0038977692047157146,0.004914294180709305,0.011944696726365507,0.024272522373757953,0.3119395573295535
112,RTS 3-state,0.0,0.0,-1.0,0.0,0.0,1.0,1.0,0.9,1.0,1.0,0.0042507600349046765,0.31755152643766277,-0.0038983520807728874,0.0039051328932704524,0.006923381945415426,0.009700810367959348,0.20836877999599307
112,RTS 4-state,0.0,0.0,-1.0,0.0,0.0,1.0,1.0,0.9,1.0,1.0,0.0044286742703542725,0.3308425465324435,-0.003898046652895569,0.003924768740058297,0.007628962267362101,0.013215768136991851,0.21696099303414562
113,ESO 3-state,0.0,0.0,-1.0,0.0,1.0,1.0,1.0,0.9,1.0,2.0,0.005606223974728063,0.4188109811205185,-0.003893107416167097,0.0045203369665294205,0.010841646181234316,0.025338079888005224,0.2772203925040264
113,ESO 4-state,0.0,0.0,-1.0,0.0,1.0,1.0,1.0,0.9,1.0,2.0,0.00614176466262952,0.4588183589814514,-0.0038939362033106016,0.004924022422694391,0.011959212702892526,0.024780192648272192,0.3128343057718648
113,RTS 3-state,0.0,0.0,-1.0,0.0,1.0,1.0,1.0,0.9,1.0,2.0,0.004257033184004845,0.31802015982462695,-0.0038943440372195166,0.0039015311065317827,0.006949322723882399,0.009995277441017858,0.20932998354005472
113,RTS 4-state,0.0,0.0,-1.0,0.0,1.0,1.0,1.0,0.9,1.0,2.0,0.004436905701511008,0.33145747268850123,-0.0038940313655089482,0.0039232543262756716,0.007684840787911373,0.013382639366535096,0.2179941429785391
114,ESO 3-state,0.0,0.0,-1.0,1.0,-1.0,1.0,1.0,0.9,1.05,0.0,0.006946093855393406,0.5189054871240009,-0.005572869143262499,0.005813852702788252,0.012816677658337806,0.027701456799410516,0.34286871533076835
114,ESO 4-state,0.0,0.0,-1.0,1.0,-1.0,1.0,1.0,0.9,1.05,0.0,0.007325999393548676,0.5472861961155008,-0.005573660636565991,0.006042156521457991,0.013848038408458871,0.02634418626410768,0.3719459583909716
114,RTS 3-state,0.0,0.0,-1.0,1.0,-1.0,1.0,1.0,0.9,1.05,0.0,0.00597085685609172,0.4460507516828644,-0.005574390625312325,0.005578513365012312,0.009498276341221953,0.013749906782747692,0.2928893052696563
114,RTS 4-state,0.0,0.0,-1.0,1.0,-1.0,1.0,1.0,0.9,1.05,0.0,0.00609375148077676,0.4552315511961903,-0.005574106425201931,0.005580810195917541,0.01002713332866801,0.016826059872003155,0.29882923717566606
115,ESO 3-state,0.0,0.0,-1.0,1.0,0.0,1.0,1.0,0.9,1.05,1.0,0.0069417054855570445,0.5185776555059686,-0.005569223843581013,0.005810820795188773,0.012853355589308002,0.027421753006835088,0.3429248063229408
115,ESO 4-state,0.0,0.0,-1.0,1.0,0.0,1.0,1.0,0.9,1.05,1.0,0.007317541109667866,0.5466543230068476,-0.005570018739857936,0.0060369911827984745,0.013815366769226886,0.026458332865386437,0.37171735394933897
115,RTS 3-state,0.0,0.0,-1.0,1.0,0.0,1.0,1.0,0.9,1.05,1.0,0.005958262478200119,0.4451098931325886,-0.005570573509463004,0.0055744785867949745,0.009464367052502642,0.013471044725783657,0.2925643350337799
115,RTS 4-state,0.0,0.0,-1.0,1.0,0.0,1.0,1.0,0.9,1.05,1.0,0.006082988160791363,0.45442748117980875,-0.005570284029469537,0.0055762587442723145,0.01001156552982084,0.016546688889604796,0.2985932857673827
116,ESO 3-state,0.0,0.0,-1.0,1.0,1.0,1.0,1.0,0.9,1.05,2.0,0.006948220284229299,0.5190643412388307,-0.005565578941240204,0.005813876242554885,0.012823973547728601,0.027142049214258418,0.34375889470716336
116,ESO 4-state,0.0,0.0,-1.0,1.0,1.0,1.0,1.0,0.9,1.05,2.0,0.0073218280145910825,0.546974574724395,-0.005566368262329255,0.006040152983546298,0.013793411834664062,0.026941828364923807,0.37240470209317417
116,RTS 3-state,0.0,0.0,-1.0,1.0,1.0,1.0,1.0,0.9,1.05,2.0,0.005958665053577242,0.44513996738388995,-0.005566756254227123,0.005570659068067465,0.009415001904704408,0.013575488009703748,0.29317243125983933
116,RTS 4-state,0.0,0.0,-1.0,1.0,1.0,1.0,1.0,0.9,1.05,2.0,0.006084913251111152,0.4545712943719343,-0.005566460335021954,0.0055724644325831005,0.009996826155173617,0.016267317486445623,0.29926713182746534
117,ESO 3-state,0.0,0.0,0.0,-1.0,-1.0,1.0,1.0,1.0,0.95,0.0,0.004371038319003515,0.3265368731519582,0.0020505192764910763,0.0034240799653267357,0.008688885034819717,0.0198523382681786,0.2101906369101239
117,ESO 4-state,0.0,0.0,0.0,-1.0,-1.0,1.0,1.0,1.0,0.95,0.0,0.005098566800716236,0.3808866313123081,0.0020497051075388287,0.003988951273108244,0.010133390729723066,0.02420687452784235,0.24273231589961852
117,RTS 3-state,0.0,0.0,0.0,-1.0,-1.0,1.0,1.0,1.0,0.95,0.0,0.0021870393864959472,0.16338200459642077,0.002049033480476246,0.0020498269325898454,0.00343824431897536,0.0050859092348867485,0.10117157058864565
117,RTS 4-state,0.0,0.0,0.0,-1.0,-1.0,1.0,1.0,1.0,0.95,0.0,0.002542939313852575,0.18996938291538645,0.002049305362365715,0.0021250257051597817,0.004664880641132442,0.010300113210996026,0.11952164939330767
118,ESO 3-state,0.0,0.0,0.0,-1.0,0.0,1.0,1.0,1.0,0.95,1.0,0.004376983218803337,0.3269809847909241,0.002054548532550717,0.0034292553231887062,0.008685222105063856,0.020161484565248022,0.21024898261143332
118,ESO 4-state,0.0,0.0,0.0,-1.0,0.0,1.0,1.0,1.0,0.95,1.0,0.005096792617940021,0.38075409161490337,0.0020537295514807003,0.003984437587384818,0.010126405462786807,0.02451602082490078,0.24237937286355535
118,RTS 3-state,0.0,0.0,0.0,-1.0,0.0,1.0,1.0,1.0,0.95,1.0,0.00217787483478595,0.16269736999914178,0.0020532522224475346,0.0020532522224475346,0.0033940783270922856,0.005014834326804149,0.10018704493065671
118,RTS 4-state,0.0,0.0,0.0,-1.0,0.0,1.0,1.0,1.0,0.95,1.0,0.0025392088412074555,0.18969069927456356,0.002053530923068352,0.002122658079702571,0.00466614665849964,0.010609259508299634,0.1188952708340294
119,ESO 3-state,0.0,0.0,0.0,-1.0,1.0,1.0,1.0,1.0,0.95,2.0,0.00440399132627109,0.32899861591621765,0.002058577330486004,0.0034512826751027436,0.008695922622504463,0.020470630862295447,0.21143274670212306
119,ESO 4-state,0.0,0.0,0.0,-1.0,1.0,1.0,1.0,1.0,0.95,2.0,0.005117372770838243,0.3822915246653431,0.002057763540422745,0.003998967471544129,0.01015566899359082,0.0248251671219537,0.24325997775603428
119,RTS 3-state,0.0,0.0,0.0,-1.0,1.0,1.0,1.0,1.0,0.95,2.0,0.002211906920342008,0.16523972492565922,0.00205747113273359,0.002058126414612517,0.0035226704913769724,0.005310677603838604,0.10160711594471902
119,RTS 4-state,0.0,0.0,0.0,-1.0,1.0,1.0,1.0,1.0,0.95,2.0,0.0025723572246677475,0.19216703754826542,0.0020577577534671818,0.0021416772839611183,0.004780553886723389,0.0109184058058166,0.12028584834714702
120,ESO 3-state,0.0,0.0,0.0,0.0,-1.0,1.0,1.0,1.0,1.0,0.0,0.0037190152604127656,0.2778277209467363,-2.7571594685946086e-06,0.002920793188644529,0.007410195433456293,0.021278037693648874,0.18272606785391238
120,ESO 4-state,0.0,0.0,0.0,0.0,-1.0,1.0,1.0,1.0,1.0,0.0,0.0044294789638005296,0.33090266087201453,-3.5306199732297014e-06,0.0034842415940171626,0.008869190989722255,0.02048064145658795,0.21854538878876711
120,RTS 3-state,0.0,0.0,0.0,0.0,-1.0,1.0,1.0,1.0,1.0,0.0,0.00033871725107563163,0.02530375255874634,-4.1683789871021885e-06,0.0002969055484443079,0.0005756573322984772,0.0007581216998996734,0.017941431845228544
120,RTS 4-state,0.0,0.0,0.0,0.0,-1.0,1.0,1.0,1.0,1.0,0.0,0.0013238731181680734,0.09889947351344368,-3.910941200887715e-06,0.0010406154959392991,0.0026005572328109336,0.006065294872085694,0.06526218238742033
121,ESO 3-state,0.0,0.0,0.0,0.0,0.0,1.0,1.0,1.0,1.0,1.0,0.0037197021012608605,0.2778790311496039,1.0706337880640434e-06,0.00292005493638519,0.007381323217751701,0.020984348711447283,0.18268864693984962
121,ESO 4-state,0.0,0.0,0.0,0.0,0.0,1.0,1.0,1.0,1.0,1.0,0.004422629158892534,0.330390948616683,2.926017715478823e-07,0.003478139815720621,0.008851823339701428,0.02077433043879346,0.21807720306929868
121,RTS 3-state,0.0,0.0,0.0,0.0,0.0,1.0,1.0,1.0,1.0,1.0,0.00017477793210908792,0.013056723661914186,-1.6049173735492335e-07,0.0001426107282504628,0.00033241664499164547,0.000700905837372652,0.009449752511822502
121,RTS 4-state,0.0,0.0,0.0,0.0,0.0,1.0,1.0,1.0,1.0,1.0,0.001299369737915233,0.09706895714971615,1.0300136731030558e-07,0.0010195417830047091,0.0025552590990815457,0.0063589838451985625,0.06382863393139847
122,ESO 3-state,0.0,0.0,0.0,0.0,1.0,1.0,1.0,1.0,1.0,2.0,0.003742775753263955,0.27960274016961645,4.897991826586843e-06,0.002937518411085519,0.007450791698914067,0.02069065972924309,0.18391327986619882
122,ESO 4-state,0.0,0.0,0.0,0.0,1.0,1.0,1.0,1.0,1.0,2.0,0.004439030951013477,0.3316162387016444,4.124891266490302e-06,0.0034910416774033464,0.008775751821831233,0.02106801942099374,0.21894489346800639
122,RTS 3-state,0.0,0.0,0.0,0.0,1.0,1.0,1.0,1.0,1.0,2.0,0.00034248362989809514,0.025585118557860567,3.847548392204974e-06,0.00029918062992674165,0.0005806112824733797,0.000990307208259121,0.018144808175312385
122,RTS 4-state,0.0,0.0,0.0,0.0,1.0,1.0,1.0,1.0,1.0,2.0,0.0013394590821932926,0.1000638174487799,4.118231338067717e-06,0.0010529609392946828,0.0026601484460581845,0.006652672818489622,0.0660218475831841
123,ESO 3-state,0.0,0.0,0.0,1.0,-1.0,1.0,1.0,1.0,1.05,0.0,0.00414321749131055,0.3095175987177063,-0.0018604834586702014,0.003247918982080142,0.008280532950710441,0.023275342362490466,0.20291181821613632
123,ESO 4-state,0.0,0.0,0.0,1.0,-1.0,1.0,1.0,1.0,1.05,0.0,0.00469346247533941,0.3506234558251989,-0.0018612200877222349,0.0036908421689035263,0.009421455462218717,0.021668395617360524,0.23496160902478025
123,RTS 3-state,0.0,0.0,0.0,1.0,-1.0,1.0,1.0,1.0,1.05,0.0,0.002002137127650734,0.14956894668302903,-0.0018618272039106383,0.0018625120304975897,0.0031817358720819117,0.004824641043090203,0.09444460438140913
123,RTS 4-state,0.0,0.0,0.0,1.0,-1.0,1.0,1.0,1.0,1.05,0.0,0.002366379556918444,0.17677954865951007,-0.0018615828886540855,0.0019633210004162674,0.004379595242123432,0.00861863235894178,0.11293281836373215
124,ESO 3-state,0.0,0.0,0.0,1.0,0.0,1.0,1.0,1.0,1.05,1.0,0.004139196504295991,0.3092172123035652,-0.0018568379412829072,0.0032440209100138757,0.008268685077889339,0.02299563856991752,0.20279505754827967
124,ESO 4-state,0.0,0.0,0.0,1.0,0.0,1.0,1.0,1.0,1.05,1.0,0.004683310926898012,0.34986508798584753,-0.00185757892415578,0.003685751291778862,0.009380981121262854,0.02138869182479878,0.23446423695158033
124,RTS 3-state,0.0,0.0,0.0,1.0,0.0,1.0,1.0,1.0,1.05,1.0,0.0019719499677267878,0.14731382556728675,-0.0018580100913364991,0.0018580407056526173,0.0030780740817749827,0.0045449733732986775,0.09304376119183626
124,RTS 4-state,0.0,0.0,0.0,1.0,0.0,1.0,1.0,1.0,1.05,1.0,0.002344923207465791,0.17517665965506815,-0.0018577605478492113,0.0019502500137690499,0.0043372772234125875,0.008898337357538526,0.11197082854558774
125,ESO 3-state,0.0,0.0,0.0,1.0,1.0,1.0,1.0,1.0,1.05,2.0,0.004153452616975677,0.3102822101640251,-0.0018531928383890763,0.0032556742631449772,0.008252202963936896,0.0227159347773421,0.2037889749139285
125,ESO 4-state,0.0,0.0,0.0,1.0,1.0,1.0,1.0,1.0,1.05,2.0,0.004693079323989469,0.35059483263898483,-0.0018539291246367873,0.003697207304435999,0.009378242521825404,0.02110898803221216,0.23517966244969013
125,RTS 3-state,0.0,0.0,0.0,1.0,1.0,1.0,1.0,1.0,1.05,2.0,0.0019808227014163887,0.14797666000246343,-0.0018541928393641318,0.0018550546673090362,0.0031208710256779085,0.004742561422492839,0.09410445923848318
125,RTS 4-state,0.0,0.0,0.0,1.0,1.0,1.0,1.0,1.0,1.05,2.0,0.00235623936613317,0.1760220292898463,-0.00185393690704978,0.0019564958530101416,0.00436369052804067,0.009178042356152862,0.11304749977075551
126,ESO 3-state,0.0,0.0,1.0,-1.0,-1.0,1.0,1.0,1.1,0.95,0.0,0.007637439871958795,0.5705522470102855,0.006153682401609537,0.006414119895450913,0.013953936821345499,0.028637956773844078,0.35123203858595675
126,ESO 4-state,0.0,0.0,1.0,-1.0,-1.0,1.0,1.0,1.1,0.95,0.0,0.008045946314456941,0.6010695764548338,0.006152928872090656,0.0065978993048815306,0.015107162846084259,0.03175556563496661,0.36487044567503996
126,RTS 3-state,0.0,0.0,1.0,-1.0,-1.0,1.0,1.0,1.1,0.95,0.0,0.006587591144959701,0.49212366881493336,0.006152393051535843,0.006156819255307334,0.010397048606358893,0.014996233736999653,0.2983618315258438
126,RTS 4-state,0.0,0.0,1.0,-1.0,-1.0,1.0,1.0,1.1,0.95,0.0,0.006723057353264166,0.5022436240404863,0.006152620849968525,0.006158951599298796,0.011015793129015156,0.019111622909553205,0.30552740897586683
127,ESO 3-state,0.0,0.0,1.0,-1.0,0.0,1.0,1.0,1.1,0.95,1.0,0.007643047819932042,0.5709711867821062,0.006157711880230566,0.00641733291987197,0.013940262639854768,0.028947103070905256,0.3511955683009643
127,ESO 4-state,0.0,0.0,1.0,-1.0,0.0,1.0,1.0,1.1,0.95,1.0,0.008047008643035007,0.6011489373358935,0.006156952491654197,0.006597156623802419,0.015151448550664512,0.03206471193201953,0.3645958549715424
127,RTS 3-state,0.0,0.0,1.0,-1.0,0.0,1.0,1.0,1.1,0.95,1.0,0.006587361808960075,0.4921065363501152,0.006156611789891455,0.006161044966274456,0.010461018759408865,0.015027155747932244,0.2979662467827375
127,RTS 4-state,0.0,0.0,1.0,-1.0,0.0,1.0,1.0,1.1,0.95,1.0,0.006724368548232754,0.5023415763973151,0.006156846347256126,0.006162875403965217,0.01105566822342341,0.019420769206825825,0.30521684960499446
128,ESO 3-state,0.0,0.0,1.0,-1.0,1.0,1.0,1.0,1.1,0.95,2.0,0.007660752733151027,0.5722938260682501,0.006161740881563465,0.006427245879590798,0.013968898309996702,0.02925624936796642,0.3517446992851879
128,ESO 4-state,0.0,0.0,1.0,-1.0,1.0,1.0,1.0,1.1,0.95,2.0,0.008062254292523587,0.6022878581940173,0.006160985716470359,0.006606617397531619,0.015177364664996088,0.032373858229066965,0.3650302745468026
128,RTS 3-state,0.0,0.0,1.0,-1.0,1.0,1.0,1.0,1.1,0.95,2.0,0.006601493116518588,0.4931622106880966,0.006160830696576627,0.0061654936793101335,0.010531213777199594,0.015322845053166223,0.29827529620334614
128,RTS 4-state,0.0,0.0,1.0,-1.0,1.0,1.0,1.0,1.1,0.95,2.0,0.006739651997737436,0.5034833210922856,0.006161073116339705,0.00616773045201099,0.011078642460002987,0.019729915504311316,0.3055894241424874
129,ESO 3-state,0.0,0.0,1.0,0.0,-1.0,1.0,1.0,1.1,1.0,0.0,0.005696117941245902,0.4255264781259655,0.0038952478093939435,0.004588798409061296,0.010935222491560787,0.023936606524268864,0.2688762336377742
129,ESO 4-state,0.0,0.0,1.0,0.0,-1.0,1.0,1.0,1.1,1.0,0.0,0.0061465051057752185,0.45917249211165556,0.003894531956351006,0.004883685504982462,0.011979705324831481,0.026898334942335275,0.28604311162843693
129,RTS 3-state,0.0,0.0,1.0,0.0,-1.0,1.0,1.0,1.1,1.0,0.0,0.004260164702428115,0.318254098801942,0.003894023213520833,0.003901435881601126,0.006959586070179609,0.009999448687198181,0.19706713088314035
129,RTS 4-state,0.0,0.0,1.0,0.0,-1.0,1.0,1.0,1.1,1.0,0.0,0.004461016854499151,0.3332586878530097,0.0038942387721108266,0.003926439887063948,0.007713074187050285,0.014436221324200582,0.20745741779394397
130,ESO 3-state,0.0,0.0,1.0,0.0,0.0,1.0,1.0,1.1,1.0,1.0,0.005699233813317133,0.4257592482480799,0.0038990758140839206,0.004590685871805202,0.010931503369118065,0.024230295506476984,0.26875988167418746
130,ESO 4-state,0.0,0.0,1.0,0.0,0.0,1.0,1.0,1.1,1.0,1.0,0.006144156201341029,0.4589970180358649,0.00389835439493637,0.004879829490852427,0.011960234209350273,0.027192023924535555,0.2856359528951677
130,RTS 3-state,0.0,0.0,1.0,0.0,0.0,1.0,1.0,1.1,1.0,1.0,0.004254197589802306,0.3178083277616594,0.0038980310973334925,0.0039050714774766853,0.006933916702342696,0.009733906571317147,0.19638266550272981
130,RTS 4-state,0.0,0.0,1.0,0.0,0.0,1.0,1.0,1.1,1.0,1.0,0.004457513795984249,0.3329969931044299,0.0038982526556258644,0.003928189987689088,0.00769663270241755,0.014729910297285695,0.2069160233737607
131,ESO 3-state,0.0,0.0,1.0,0.0,1.0,1.0,1.0,1.1,1.0,2.0,0.005716987693315377,0.4270855455801663,0.003902903365350175,0.004603579423091957,0.01095580426931645,0.024523984488685105,0.269389169965991
131,ESO 4-state,0.0,0.0,1.0,0.0,1.0,1.0,1.0,1.1,1.0,2.0,0.0061585672645803596,0.4600735914231325,0.003902185958511724,0.004888950981167966,0.012045038599476782,0.027485712906730603,0.2861104941684442
131,RTS 3-state,0.0,0.0,1.0,0.0,1.0,1.0,1.0,1.1,1.0,2.0,0.004268292620554029,0.3188612920536077,0.003902039134039083,0.0039098682032323384,0.006946031124498292,0.009945987725966596,0.19673936891520244
131,RTS 4-state,0.0,0.0,1.0,0.0,1.0,1.0,1.0,1.1,1.0,2.0,0.0044730335625866174,0.3341563917846823,0.0039022678281755573,0.003935589037877638,0.007747833928253581,0.015023599270551719,0.20735641207692357
132,ESO 3-state,0.0,0.0,1.0,1.0,-1.0,1.0,1.0,1.1,1.05,0.0,0.004338828562044813,0.3241306546394019,0.0018519022259607866,0.0034216236472514477,0.008555092578687529,0.019683003917510336,0.21092906838813977
132,ESO 4-state,0.0,0.0,1.0,1.0,-1.0,1.0,1.0,1.1,1.05,0.0,0.0048225158096180205,0.36026433956258486,0.0018512204611579894,0.003785528836397948,0.009477156442487963,0.02250369764900216,0.23193552213907737
132,RTS 3-state,0.0,0.0,1.0,1.0,-1.0,1.0,1.0,1.1,1.05,0.0,0.0022616892752227577,0.1689586981568541,0.0018507362175248464,0.0019226301728866085,0.004066082302641161,0.006511852088513202,0.10887059535998025
132,RTS 4-state,0.0,0.0,1.0,1.0,-1.0,1.0,1.0,1.1,1.05,0.0,0.0026105131797177937,0.19501746468819706,0.0018509406478836516,0.0021256260008921013,0.004963456021055662,0.010204238268796587,0.12626190027649517
133,ESO 3-state,0.0,0.0,1.0,1.0,0.0,1.0,1.0,1.1,1.05,1.0,0.004338167468662015,0.3240812678918317,0.0018555479447131462,0.003419220746409423,0.008534529784937142,0.019962707710089497,0.2107035751145639
133,ESO 4-state,0.0,0.0,1.0,1.0,0.0,1.0,1.0,1.1,1.05,1.0,0.004815630063460893,0.3597499423289365,0.0018548608788583364,0.0037791223493484245,0.009417880271497751,0.022783401441573856,0.2313718943694035
133,RTS 3-state,0.0,0.0,1.0,1.0,0.0,1.0,1.0,1.1,1.05,1.0,0.002241772826241996,0.1674708468730541,0.0018545533268236331,0.0019164962309755026,0.004048007889855251,0.0063957524273241945,0.10749111958853966
133,RTS 4-state,0.0,0.0,1.0,1.0,0.0,1.0,1.0,1.1,1.05,1.0,0.002596856867109965,0.19399727468017106,0.0018547629337709144,0.0021149120084537894,0.004937634620669436,0.01048394204874667,0.1252493623020551
134,ESO 3-state,0.0,0.0,1.0,1.0,1.0,1.0,1.0,1.1,1.05,2.0,0.004354948266966446,0.32533487149981194,0.0018591932316333888,0.0034307589107162146,0.008554337103754639,0.02024241150266866,0.21140591797172262
134,ESO 4-state,0.0,0.0,1.0,1.0,1.0,1.0,1.0,1.1,1.05,2.0,0.004828133542078131,0.3606840102810394,0.0018585099870253392,0.0037892499157504687,0.009454450678062887,0.02306310523414057,0.23186994749198692
134,RTS 3-state,0.0,0.0,1.0,1.0,1.0,1.0,1.0,1.1,1.05,2.0,0.0022563004535079566,0.1685561281347442,0.001858370575532335,0.0019273808393218137,0.004105096615228579,0.006675483506620623,0.10796082332329539
134,RTS 4-state,0.0,0.0,1.0,1.0,1.0,1.0,1.0,1.1,1.05,2.0,0.0026127836190088932,0.19518707705319824,0.0018585865209222946,0.0021255943302448217,0.0049850623620848675,0.010763645828827842,0.1258165618269274
135,ESO 3-state,0.0,1.0,-1.0,-1.0,-1.0,1.0,1.5,0.9,0.95,0.0,0.004518075578061783,0.33752123963554165,-0.002052099367695424,0.003554917179340907,0.009013504644935104,0.022815321264664033,0.22494069487991686
135,ESO 4-state,0.0,1.0,-1.0,-1.0,-1.0,1.0,1.5,0.9,0.95,0.0,0.005285379606381198,0.39484241595079367,-0.0020526906528992865,0.004184896764159113,0.010443995073891751,0.021747451095448442,0.2692938186828883
135,RTS 3-state,0.0,1.0,-1.0,-1.0,-1.0,1.0,1.5,0.9,0.95,0.0,0.0025352365220514613,0.18939394857560019,-0.002053473399307156,0.0021471784104085626,0.0046382335133342036,0.007423877902338782,0.1281693734519099
135,RTS 4-state,0.0,1.0,-1.0,-1.0,-1.0,1.0,1.5,0.9,0.95,0.0,0.0028376437913918123,0.2119851767786355,-0.0020532105670261758,0.0023229166344744434,0.005365879636225514,0.01084557421274384,0.14239921939002412
136,ESO 3-state,0.0,1.0,-1.0,-1.0,0.0,1.0,1.5,0.9,0.95,1.0,0.004558501158040879,0.3405412183038453,-0.002048072275769472,0.0035893466576440293,0.009091958243204357,0.022506174967601482,0.227545209951958
136,ESO 4-state,0.0,1.0,-1.0,-1.0,0.0,1.0,1.5,0.9,0.95,1.0,0.005315323422776214,0.3970793581741906,-0.0020486657348257253,0.004210299995441406,0.010501871441515768,0.022281267217563995,0.2712680482038891
136,RTS 3-state,0.0,1.0,-1.0,-1.0,0.0,1.0,1.5,0.9,0.95,1.0,0.002588488693554965,0.19337213323156774,-0.0020492530957679687,0.0021709977756088333,0.004739787235447254,0.007732849589618326,0.13180443706626935
136,RTS 4-state,0.0,1.0,-1.0,-1.0,0.0,1.0,1.5,0.9,0.95,1.0,0.0028890782517444927,0.21582756996535354,-0.0020489850003564424,0.002358590972621994,0.0054694581848937635,0.01115501119559257,0.14585621653334332
137,ESO 3-state,0.0,1.0,-1.0,-1.0,1.0,1.0,1.5,0.9,0.95,2.0,0.004618646711890186,0.3450343706522381,-0.0020440455391585914,0.0036408238784555944,0.009171991358387015,0.022197028670544433,0.2313478198807913
137,ESO 4-state,0.0,1.0,-1.0,-1.0,1.0,1.0,1.5,0.9,0.95,2.0,0.0053663933468293635,0.400894518805458,-0.0020446314770567763,0.0042517996519468035,0.01058751035759499,0.022815083992207455,0.2745513129651598
137,RTS 3-state,0.0,1.0,-1.0,-1.0,1.0,1.0,1.5,0.9,0.95,2.0,0.002676288515320258,0.19993118789322395,-0.0020450326456081403,0.0022176954235510254,0.0049574969142771805,0.008041814923388166,0.1374655640809716
137,RTS 4-state,0.0,1.0,-1.0,-1.0,1.0,1.0,1.5,0.9,0.95,2.0,0.0029715287197831994,0.22198700304701377,-0.0020447581577622076,0.002417633610254165,0.005645061905984315,0.011464448180304017,0.15115164647213764
138,ESO 3-state,0.0,1.0,-1.0,0.0,-1.0,1.0,1.5,0.9,1.0,0.0,0.005630379143082449,0.42061548443740976,-0.003900244871445769,0.004543904132235737,0.010895966746554159,0.024835626988396947,0.2791284381849267
138,ESO 4-state,0.0,1.0,-1.0,0.0,-1.0,1.0,1.5,0.9,1.0,0.0,0.006170342998561692,0.4609532934693525,-0.003900806592389439,0.004950249420578464,0.011989971449866303,0.024168805675573828,0.3150936317131992
138,RTS 3-state,0.0,1.0,-1.0,0.0,-1.0,1.0,1.5,0.9,1.0,0.0,0.004278244155925423,0.31960471798723733,-0.0039015499528440643,0.0039101097579481384,0.0070112513107123756,0.009914271260893615,0.21124592603100542
138,RTS 4-state,0.0,1.0,-1.0,0.0,-1.0,1.0,1.5,0.9,1.0,0.0,0.004459354551852012,0.33313450612111567,-0.003901301070565179,0.003937152861906081,0.007716192616402336,0.01362940997455786,0.21994309226708275
139,ESO 3-state,0.0,1.0,-1.0,0.0,0.0,1.0,1.5,0.9,1.0,1.0,0.005656016741191817,0.4225307321453429,-0.003896419134116115,0.004560438844312196,0.01093804417852079,0.02454193800618753,0.28111169886601295
139,ESO 4-state,0.0,1.0,-1.0,0.0,0.0,1.0,1.5,0.9,1.0,1.0,0.006189935720023149,0.46241696080320926,-0.0038969829202195557,0.00496803839499261,0.012035916657549675,0.024675930991583606,0.31668063503771615
139,RTS 3-state,0.0,1.0,-1.0,0.0,0.0,1.0,1.5,0.9,1.0,1.0,0.004301340361638533,0.3213301118741874,-0.003897540514985948,0.003908130132458954,0.007117637659992439,0.009975665911042958,0.21332265482043875
139,RTS 4-state,0.0,1.0,-1.0,0.0,0.0,1.0,1.5,0.9,1.0,1.0,0.004483803562538708,0.33496096082561544,-0.0038972871124491595,0.0039397963625723105,0.007788430322466872,0.013923379195305847,0.22205120229890604
140,ESO 3-state,0.0,1.0,-1.0,0.0,1.0,1.0,1.5,0.9,1.0,2.0,0.005696214215230375,0.425533670239958,-0.003892593734335778,0.004588423746877346,0.011032728515328862,0.02424824902398333,0.2840546319030544
140,ESO 4-state,0.0,1.0,-1.0,0.0,1.0,1.0,1.5,0.9,1.0,2.0,0.006226015637268753,0.46511229827251027,-0.0038931503753390547,0.004997242091944764,0.01207996512350211,0.025183056927494896,0.3193676366712691
140,RTS 3-state,0.0,1.0,-1.0,0.0,1.0,1.0,1.5,0.9,1.0,2.0,0.004344032195681427,0.3245193902515655,-0.0038935309454461915,0.003909289868813707,0.007233074861642305,0.010270045941237343,0.21668631951174688
140,RTS 4-state,0.0,1.0,-1.0,0.0,1.0,1.0,1.5,0.9,1.0,2.0,0.004526968399173889,0.3381855746945189,-0.0038932718599797057,0.003947796023026085,0.00790671136907635,0.01421734841779767,0.2253892946959266
141,ESO 3-state,0.0,1.0,-1.0,1.0,-1.0,1.0,1.5,0.9,1.05,0.0,0.006965179744043344,0.5203312916917581,-0.005572376517696082,0.005830741786526419,0.01290025667998701,0.026663522643202917,0.34535428170320226
141,ESO 4-state,0.0,1.0,-1.0,1.0,-1.0,1.0,1.5,0.9,1.05,0.0,0.007342696543244268,0.5485335507837142,-0.005572911490023386,0.0060585227420369295,0.013800628346036889,0.026359555057592035,0.3743405372467531
141,RTS 3-state,0.0,1.0,-1.0,1.0,-1.0,1.0,1.5,0.9,1.05,0.0,0.00597141550999458,0.44609248572528193,-0.005573619220296407,0.0055784750893271675,0.009487490814544218,0.013737848411403755,0.29461902898830633
141,RTS 4-state,0.0,1.0,-1.0,1.0,-1.0,1.0,1.5,0.9,1.05,0.0,0.006098887037176661,0.45561520112243975,-0.005573383008793817,0.00558068509817031,0.010068810276190103,0.016611329139746916,0.30076354145408557
142,ESO 3-state,0.0,1.0,-1.0,1.0,0.0,1.0,1.5,0.9,1.05,1.0,0.0069812802907233025,0.5215340773424932,-0.005568732958334506,0.0058397186715063954,0.012923892935943142,0.026383818850622513,0.34687158563366166
142,ESO 4-state,0.0,1.0,-1.0,1.0,0.0,1.0,1.5,0.9,1.05,1.0,0.007354907426634312,0.5494457605127557,-0.00556926989748064,0.006067258658285372,0.01377181100607755,0.026842531549029915,0.3755999375179288
142,RTS 3-state,0.0,1.0,-1.0,1.0,0.0,1.0,1.5,0.9,1.05,1.0,0.005982801641890347,0.44694308268536237,-0.005569800572488408,0.005575268874128955,0.009557724190006327,0.01345891092207449,0.2960155086845834
142,RTS 4-state,0.0,1.0,-1.0,1.0,0.0,1.0,1.5,0.9,1.05,1.0,0.006111624346872838,0.45656673734267267,-0.005569560645233929,0.0055780640681278295,0.010062530897389968,0.016426497741422033,0.30221230408814864
143,ESO 3-state,0.0,1.0,-1.0,1.0,1.0,1.0,1.5,0.9,1.05,2.0,0.007008156023582657,0.5235418194694398,-0.005565089720448471,0.005854896712579904,0.012980860660011792,0.026200522538673526,0.3491547718989337
143,ESO 4-state,0.0,1.0,-1.0,1.0,1.0,1.0,1.5,0.9,1.05,2.0,0.0073797524326598505,0.551301797909122,-0.005565619854737306,0.006084339504097209,0.013841107560414428,0.02732550863085019,0.3777686054766468
143,RTS 3-state,0.0,1.0,-1.0,1.0,1.0,1.0,1.5,0.9,1.05,2.0,0.006007084763422582,0.44875714469919364,-0.005565981805968687,0.005572266576605594,0.00962957429804144,0.013676788282696181,0.2983304954892712
143,RTS 4-state,0.0,1.0,-1.0,1.0,1.0,1.0,1.5,0.9,1.05,2.0,0.0061369350869052595,0.45845756723346004,-0.0055657369742811045,0.005576358098310724,0.010198103478304008,0.0167064616952146,0.30455582433603895
144,ESO 3-state,0.0,1.0,0.0,-1.0,-1.0,1.0,1.5,1.0,0.95,0.0,0.004432553567376357,0.33113234804576175,0.0020510637751133855,0.0034705041103722965,0.008737792118285265,0.02112335866785553,0.21266745314557953
144,ESO 4-state,0.0,1.0,0.0,-1.0,-1.0,1.0,1.5,1.0,0.95,0.0,0.005151112851401435,0.38481206546204594,0.002050533128719324,0.004026408968339068,0.010249896009976715,0.02536790123050938,0.244936801703822
144,RTS 3-state,0.0,1.0,0.0,-1.0,-1.0,1.0,1.5,1.0,0.95,0.0,0.002246075706019835,0.1677922919864716,0.0020498861716655315,0.0020547009684280114,0.003725977449557584,0.005963312897259737,0.10298214896047331
144,RTS 4-state,0.0,1.0,0.0,-1.0,-1.0,1.0,1.5,1.0,0.95,0.0,0.0026055566740080566,0.19464719068049027,0.0020501049206065004,0.0021531055383312717,0.004891300964328001,0.011576006122794524,0.12164209051960319
145,ESO 3-state,0.0,1.0,0.0,-1.0,0.0,1.0,1.5,1.0,0.95,1.0,0.004477556819898663,0.33449430012392417,0.0020550912299324795,0.0035083649460038286,0.008830689313303199,0.02143250496491121,0.2148239008327769
145,ESO 4-state,0.0,1.0,0.0,-1.0,0.0,1.0,1.5,1.0,0.95,1.0,0.005185207197943277,0.387359071573507,0.002054557237488886,0.004052731889232962,0.01032953072496405,0.025677047527570558,0.24657269652460562
145,RTS 3-state,0.0,1.0,0.0,-1.0,0.0,1.0,1.5,1.0,0.95,1.0,0.0023140253458573136,0.17286844582110333,0.0020541064716150825,0.0020653229933302185,0.003936604674927832,0.006272758088937069,0.10632770548589886
145,RTS 4-state,0.0,1.0,0.0,-1.0,0.0,1.0,1.5,1.0,0.95,1.0,0.0026683455729816937,0.1993378131923926,0.0020543304241101147,0.0021923807870114997,0.00502994790990989,0.011885152420133077,0.12468309299848122
146,ESO 3-state,0.0,1.0,0.0,-1.0,1.0,1.0,1.5,1.0,0.95,2.0,0.004542537692172204,0.3393486732266808,0.0020591183113029218,0.003563423431924668,0.0089700417383786,0.021741651261972375,0.21805714914399915
146,ESO 4-state,0.0,1.0,0.0,-1.0,1.0,1.0,1.5,1.0,0.95,2.0,0.005240903819722417,0.3915198680235903,0.002058590747501997,0.004098353719322936,0.010445517817477448,0.02598619382462624,0.24940976959812183
146,RTS 3-state,0.0,1.0,0.0,-1.0,1.0,1.0,1.5,1.0,0.95,2.0,0.0024194976132401813,0.1807477142882122,0.002058326918195561,0.0020870686999803893,0.004210250504998306,0.0065821791070729135,0.11177545541967886
146,RTS 4-state,0.0,1.0,0.0,-1.0,1.0,1.0,1.5,1.0,0.95,2.0,0.0027639854473628838,0.20648255621450354,0.002058557205671788,0.0022540656547420726,0.005215715620071337,0.012194298717691204,0.12953756874189112
147,ESO 3-state,0.0,1.0,0.0,0.0,-1.0,1.0,1.5,1.0,1.0,0.0,0.0037715895159701972,0.2817552621314884,-2.2398857774009353e-06,0.0029570617054540055,0.007466693245019786,0.020188171329983226,0.1854846608941716
147,ESO 4-state,0.0,1.0,0.0,0.0,-1.0,1.0,1.5,1.0,1.0,0.0,0.004472492267681887,0.3341159545400864,-2.743999851758905e-06,0.0035164859184703802,0.008874877408966718,0.02158361682412164,0.22091220410223916
147,RTS 3-state,0.0,1.0,0.0,0.0,-1.0,1.0,1.5,1.0,1.0,0.0,0.0004913770185800789,0.036708146549136116,-3.3583604279109344e-06,0.0003712755391617159,0.0010341186579085615,0.0019347352175246302,0.025964334021406833
147,RTS 4-state,0.0,1.0,0.0,0.0,-1.0,1.0,1.5,1.0,1.0,0.0,0.0013918523200869533,0.103977835772921,-3.151357225442528e-06,0.0010914670401417862,0.0027565007796459193,0.007277454879484946,0.06892258084308571
148,ESO 3-state,0.0,1.0,0.0,0.0,0.0,1.0,1.5,1.0,1.0,1.0,0.003813787630448833,0.2849076573632701,1.5861963007385948e-06,0.002990982851767026,0.0075896910501943166,0.019894482347775112,0.18779114202199382
148,ESO 4-state,0.0,1.0,0.0,0.0,0.0,1.0,1.5,1.0,1.0,1.0,0.004502992769431229,0.3363944837461782,1.0789034793245718e-06,0.0035408582424531466,0.008893216891905881,0.021877305806329746,0.22259461968990993
148,RTS 3-state,0.0,1.0,0.0,0.0,0.0,1.0,1.5,1.0,1.0,1.0,0.000687755637566433,0.05137854189179755,6.510740118008338e-07,0.0005551990468841201,0.0013292601731879489,0.0022289510913951413,0.036294358075865694
148,RTS 4-state,0.0,1.0,0.0,0.0,0.0,1.0,1.5,1.0,1.0,1.0,0.0014795070326081808,0.11052605009977244,8.625420525625077e-07,0.0011647078657090653,0.002885572031406561,0.007571143852624432,0.07376288719085093
149,ESO 3-state,0.0,1.0,0.0,0.0,1.0,1.0,1.5,1.0,1.0,2.0,0.0038771303572568356,0.2896396533878484,5.411923602658521e-06,0.00304342894779994,0.007713309602379245,0.01960079336557744,0.19129067515956025
149,ESO 4-state,0.0,1.0,0.0,0.0,1.0,1.0,1.5,1.0,1.0,2.0,0.004555949514727188,0.3403505986916975,4.9107379917801916e-06,0.003584572023661401,0.009009880800042773,0.02217099478853265,0.2255709425654588
149,RTS 3-state,0.0,1.0,0.0,0.0,1.0,1.0,1.5,1.0,1.0,2.0,0.0009356795474947299,0.06989960998118684,4.660640141959471e-06,0.0008326559717328598,0.0016244596341418102,0.002523174525508272,0.049355636701882824
149,RTS 4-state,0.0,1.0,0.0,0.0,1.0,1.0,1.5,1.0,1.0,2.0,0.0016157666055242742,0.12070527334830845,4.877737346493831e-06,0.0012864554298775458,0.0031276178747965955,0.007864832825949894,0.08126787869829402
150,ESO 3-state,0.0,1.0,0.0,1.0,-1.0,1.0,1.5,1.0,1.05,0.0,0.00417580378843939,0.31195194653062547,-0.001859990817059541,0.003274534237788756,0.008343023877538117,0.02223737439709461,0.20532869266956846
150,ESO 4-state,0.0,1.0,0.0,1.0,-1.0,1.0,1.5,1.0,1.05,0.0,0.004720415279427409,0.35263695553104885,-0.0018604709257017864,0.003720430718228814,0.00942489178389282,0.02067227863098188,0.23709705515245894
150,RTS 3-state,0.0,1.0,0.0,1.0,-1.0,1.0,1.5,1.0,1.05,0.0,0.002006034505312747,0.14986009890416446,-0.0018610557989573384,0.0018636348747993773,0.0032055407910591485,0.0050295398975641475,0.0962090851607652
150,RTS 4-state,0.0,1.0,0.0,1.0,-1.0,1.0,1.5,1.0,1.05,0.0,0.0023813337057817484,0.17789669306642195,-0.001860859472229747,0.0019780064886549533,0.004402612231769999,0.00957723843410746,0.11500690025977893
151,ESO 3-state,0.0,1.0,0.0,1.0,0.0,1.0,1.5,1.0,1.05,1.0,0.004205918900757233,0.3142016853554112,-0.0018563469293660746,0.0032996742290173696,0.008397673032512515,0.02195767060451545,0.2072825750545622
151,ESO 4-state,0.0,1.0,0.0,1.0,0.0,1.0,1.5,1.0,1.05,1.0,0.004742409784916849,0.3542800472920661,-0.0018568300653864687,0.0037418574845332012,0.009470395662886377,0.02043935188074348,0.2385565160605569
151,RTS 3-state,0.0,1.0,0.0,1.0,0.0,1.0,1.5,1.0,1.05,1.0,0.0020470913592821488,0.15292723667285862,-0.0018572371544131093,0.001862811682712047,0.003368401388446518,0.005309881497895894,0.0992378659934299
151,RTS 4-state,0.0,1.0,0.0,1.0,0.0,1.0,1.5,1.0,1.05,1.0,0.00241996978729359,0.18078298788403338,-0.0018570371634013044,0.0020004869824950633,0.004506619385376179,0.009856943432270983,0.11774912893502877
152,ESO 3-state,0.0,1.0,0.0,1.0,1.0,1.0,1.5,1.0,1.05,2.0,0.004253668062634038,0.31776876962165784,-0.0018527033795547225,0.0033405785237860903,0.008520121392556292,0.021677966811946246,0.21030144193152872
152,ESO 4-state,0.0,1.0,0.0,1.0,1.0,1.0,1.5,1.0,1.05,2.0,0.004783864125282409,0.3573768791415368,-0.0018531806991841301,0.0037796081929283064,0.009536743389100766,0.02071905567333259,0.24119885635302998
152,RTS 3-state,0.0,1.0,0.0,1.0,1.0,1.0,1.5,1.0,1.05,2.0,0.002124154433415574,0.1586842063964146,-0.0018534183911495619,0.0018668958704547865,0.003618437552973669,0.005590189994604436,0.10442331552845507
152,RTS 4-state,0.0,1.0,0.0,1.0,1.0,1.0,1.5,1.0,1.05,2.0,0.002489186297602109,0.18595378282956634,-0.001853213545882986,0.0020439556948591868,0.0046986667968602625,0.01013664843046002,0.12233027609555129
153,ESO 3-state,0.0,1.0,1.0,-1.0,-1.0,1.0,1.5,1.1,0.95,0.0,0.0076732563647784165,0.5732279054509224,0.006154226917967085,0.006427682430132923,0.014048192629902121,0.029909018575317345,0.35195176421395163
153,ESO 4-state,0.0,1.0,1.0,-1.0,-1.0,1.0,1.5,1.1,0.95,0.0,0.008080010082555293,0.6036142982144785,0.006153756910380003,0.00661544354374106,0.015229926217492078,0.03300225228349736,0.3655615162071518
153,RTS 3-state,0.0,1.0,1.0,-1.0,-1.0,1.0,1.5,1.1,0.95,0.0,0.0066082528958497765,0.49366719761452255,0.006153245742675932,0.0061590306372109865,0.01062950343331677,0.014955430946893389,0.2981404688606987
153,RTS 4-state,0.0,1.0,1.0,-1.0,-1.0,1.0,1.5,1.1,0.95,0.0,0.006747749613701791,0.504088250631679,0.006153420408228489,0.0061612516870460455,0.011136094644051513,0.02038751618317429,0.30553121679040535
154,ESO 3-state,0.0,1.0,1.0,-1.0,0.0,1.0,1.5,1.1,0.95,1.0,0.007701546391342294,0.5753413018893366,0.006158254715065982,0.006444313660041862,0.014072878873889728,0.03021816487237576,0.35301924776585003
154,ESO 4-state,0.0,1.0,1.0,-1.0,0.0,1.0,1.5,1.1,0.95,1.0,0.008103958515151232,0.6054033574095833,0.006157780196369327,0.006630917605044421,0.015373862184387146,0.03331139858055579,0.36643739260804675
154,RTS 3-state,0.0,1.0,1.0,-1.0,0.0,1.0,1.5,1.1,0.95,1.0,0.006634445815963685,0.4956239304565866,0.006157466039035669,0.0061641549246156425,0.010671382401748059,0.015048533388152041,0.29904853444476115
154,RTS 4-state,0.0,1.0,1.0,-1.0,0.0,1.0,1.5,1.1,0.95,1.0,0.006774943383905517,0.5061197516260609,0.006157645848567022,0.006167440661141737,0.011217552118463502,0.02069666248048492,0.3064928737515211
155,ESO 3-state,0.0,1.0,1.0,-1.0,1.0,1.0,1.5,1.1,0.95,2.0,0.00774170721952701,0.5783415023683889,0.006162282120391208,0.006467727434286326,0.014209396296843133,0.030527311169436938,0.35466774533171674
155,ESO 4-state,0.0,1.0,1.0,-1.0,1.0,1.0,1.5,1.1,0.95,2.0,0.008141880301397423,0.6082362910517645,0.006161812944469988,0.0066554564230810334,0.015485517064080731,0.033620544877619715,0.36801898450169224
155,RTS 3-state,0.0,1.0,1.0,-1.0,1.0,1.0,1.5,1.1,0.95,2.0,0.0066747386149281565,0.4986339897661098,0.006161686482036618,0.006169467972876215,0.010733090667580734,0.015344085969034027,0.30065748831443107
155,RTS 4-state,0.0,1.0,1.0,-1.0,1.0,1.0,1.5,1.1,0.95,2.0,0.006815844875616875,0.5091752831121639,0.006161872569084084,0.0061749563603584546,0.01134776048626697,0.021005808778004273,0.3081332729985661
156,ESO 3-state,0.0,1.0,1.0,0.0,-1.0,1.0,1.5,1.1,1.0,0.0,0.005731118983143803,0.42814121859362786,0.003895765099933613,0.004608952635034417,0.011046952870629831,0.025144115235668466,0.2697825690957659
156,ESO 4-state,0.0,1.0,1.0,0.0,-1.0,1.0,1.5,1.1,1.0,0.0,0.006178358366279453,0.46155207868254583,0.0038953185927258858,0.004901482161318363,0.012061902851923004,0.028082687258439487,0.28688836970445436
156,RTS 3-state,0.0,1.0,1.0,0.0,-1.0,1.0,1.5,1.1,1.0,0.0,0.0042761656946361856,0.3194494472710314,0.0038948332320240886,0.003903299048831646,0.007067767682244722,0.009982245392622005,0.19671993366957727
156,RTS 4-state,0.0,1.0,1.0,0.0,-1.0,1.0,1.5,1.1,1.0,0.0,0.004482691754936097,0.3348779036315101,0.0038949983561039,0.00393170953943739,0.007798885123505961,0.01564838164908737,0.20744534251167773
157,ESO 3-state,0.0,1.0,1.0,0.0,0.0,1.0,1.5,1.1,1.0,1.0,0.005761637457518242,0.43042109043832705,0.003899591507177566,0.0046315022223563556,0.011054449699736471,0.025437804217873977,0.2710692797614084
157,ESO 4-state,0.0,1.0,1.0,0.0,0.0,1.0,1.5,1.1,1.0,1.0,0.00620303329146107,0.46339541024956366,0.003899140714415744,0.004918534069899421,0.012121838667587051,0.028376376240645,0.2879102551570931
157,RTS 3-state,0.0,1.0,1.0,0.0,0.0,1.0,1.5,1.1,1.0,1.0,0.004307034952245562,0.3217555242533504,0.003898842663045201,0.00390956004979272,0.007092149534483158,0.010080658204673965,0.19795932370019306
157,RTS 4-state,0.0,1.0,1.0,0.0,0.0,1.0,1.5,1.1,1.0,1.0,0.004514338194627027,0.3372420397266208,0.0038990121965499273,0.003943180123972277,0.007909663323107288,0.01594207062220404,0.20872896012700204
158,ESO 3-state,0.0,1.0,1.0,0.0,1.0,1.0,1.5,1.1,1.0,2.0,0.00580640875322118,0.43376571426425864,0.0039034175422365315,0.004664883389829844,0.01114290645417823,0.025731493200082084,0.2730898545011138
158,ESO 4-state,0.0,1.0,1.0,0.0,1.0,1.0,1.5,1.1,1.0,2.0,0.006244140352654876,0.46646629873121664,0.003902971825111371,0.004949114137649123,0.01226747919305049,0.02867006522285573,0.28980492786233275
158,RTS 3-state,0.0,1.0,1.0,0.0,1.0,1.0,1.5,1.1,1.0,2.0,0.004357343234346482,0.32551378669169617,0.0039028522257655886,0.00391866287230444,0.007233227361312419,0.010374436922081579,0.20022230543135905
158,RTS 4-state,0.0,1.0,1.0,0.0,1.0,1.0,1.5,1.1,1.0,2.0,0.004564408039671938,0.3409824898089472,0.003903027334663075,0.003961453514066843,0.008060043821054332,0.016235759595501192,0.2109766300403204
159,ESO 3-state,0.0,1.0,1.0,1.0,-1.0,1.0,1.5,1.1,1.05,0.0,0.004370594563413884,0.3265037225474321,0.0018523948836176149,0.003437811522273652,0.00856612659539141,0.02083301221408139,0.21204460249861906
159,ESO 4-state,0.0,1.0,1.0,1.0,-1.0,1.0,1.5,1.1,1.05,0.0,0.004849656919927089,0.3622919066181434,0.0018519696386578748,0.0038040944609422506,0.009496943236402551,0.02363165223576809,0.23293711133362066
159,RTS 3-state,0.0,1.0,1.0,1.0,-1.0,1.0,1.5,1.1,1.05,0.0,0.0022671147949299957,0.1693640096895221,0.0018515076224158585,0.0019245102676146869,0.004130317103555589,0.006704543971307438,0.10822216694720528
159,RTS 4-state,0.0,1.0,1.0,1.0,-1.0,1.0,1.5,1.1,1.05,0.0,0.0026256730757820185,0.19614997936705467,0.001851664064324234,0.0021289352853644263,0.005026039154343895,0.01135872645685898,0.12621644393788128
160,ESO 3-state,0.0,1.0,1.0,1.0,0.0,1.0,1.5,1.1,1.05,1.0,0.004402534720842966,0.3288898007223887,0.0018560390809928082,0.0034627575817911906,0.00864930991337639,0.021112716006658067,0.2135604083044053
160,ESO 4-state,0.0,1.0,1.0,1.0,0.0,1.0,1.5,1.1,1.05,1.0,0.004874024412561622,0.36411227154536,0.0018556097545529783,0.0038242126453780162,0.009576720788811915,0.023911356028344752,0.2340917444729482
160,RTS 3-state,0.0,1.0,1.0,1.0,0.0,1.0,1.5,1.1,1.05,1.0,0.0023100896929838196,0.17257443426381844,0.0018553262636961496,0.001948146832638499,0.004270607567648688,0.00698430909350245,0.1102440077325169
160,RTS 4-state,0.0,1.0,1.0,1.0,0.0,1.0,1.5,1.1,1.05,1.0,0.0026663901142241677,0.19919173133685633,0.001855486318431065,0.002157149922744048,0.005142422761419754,0.011638430236826841,0.12812577802176076
161,ESO 3-state,0.0,1.0,1.0,1.0,1.0,1.0,1.5,1.1,1.05,2.0,0.004451307614567428,0.33253336251458765,0.001859682923906109,0.003501644323918887,0.0087412120723777,0.021392419799237228,0.21597928978012884
161,ESO 4-state,0.0,1.0,1.0,1.0,1.0,1.0,1.5,1.1,1.05,2.0,0.00491731586458639,0.3673463441722041,0.0018592584314059564,0.003859870479059904,0.009714491349462055,0.024191059820926397,0.23629026895682406
161,RTS 3-state,0.0,1.0,1.0,1.0,1.0,1.0,1.5,1.1,1.05,2.0,0.0023850074557740302,0.17817113926150707,0.001859145023703369,0.0019919134952865038,0.004445468978038727,0.007264057089236477,0.11400630898662828
161,RTS 4-state,0.0,1.0,1.0,1.0,1.0,1.0,1.5,1.1,1.05,2.0,0.00273481337600548,0.20430326693145187,0.0018593098825148934,0.0022074837532852724,0.0052787034121818885,0.011918134016935436,0.13153411048149868
162,ESO 3-state,1.0,-1.0,-1.0,-1.0,-1.0,1.25,0.5,0.9,0.95,0.0,0.0062100070004792885,0.46391637871766894,-0.0020449860309381548,0.004918373420636459,0.01222503357450283,0.02687553973938902,0.3287033071317635
162,ESO 4-state,1.0,-1.0,-1.0,-1.0,-1.0,1.25,0.5,0.9,0.95,0.0,0.007435333259168053,0.5554539439144052,-0.0020466414050698024,0.005903664025082956,0.014592926609312318,0.029043260972223043,0.40288171929130595
162,RTS 3-state,1.0,-1.0,-1.0,-1.0,-1.0,1.25,0.5,0.9,0.95,0.0,0.004903658402172641,0.3663260682683331,-0.0020479953469717646,0.0039052124368345116,0.009664449603546739,0.019452817801545938,0.27188619510602985
162,RTS 4-state,1.0,-1.0,-1.0,-1.0,-1.0,1.25,0.5,0.9,0.95,0.0,0.005033677073208834,0.3760390671471008,-0.002047417282459846,0.004008220071589717,0.009919056172920312,0.021675364067929997,0.27627346816212894
163,ESO 3-state,1.0,-1.0,-1.0,-1.0,0.0,1.25,0.5,0.9,0.95,1.0,0.006179443365643039,0.46163313317662724,-0.002040955812355844,0.004893994684102593,0.012245060359557584,0.026566393442336092,0.32637923853064515
163,ESO 4-state,1.0,-1.0,-1.0,-1.0,0.0,1.25,0.5,0.9,0.95,1.0,0.007401947909341801,0.5529599031520643,-0.0020426152754192102,0.005876743447757823,0.014533121045654553,0.02873411467517562,0.4007836961041196
163,RTS 3-state,1.0,-1.0,-1.0,-1.0,0.0,1.25,0.5,0.9,0.95,1.0,0.004855001593948042,0.36269117860238365,-0.0020437789606848485,0.0038664109988404663,0.009646595481798255,0.01914377329356529,0.2686734590272007
163,RTS 4-state,1.0,-1.0,-1.0,-1.0,0.0,1.25,0.5,0.9,0.95,1.0,0.004988567255354366,0.37266915414345303,-0.0020431926016600565,0.0039724412209486025,0.009801280406796967,0.021369784252092412,0.2732783648067543
164,ESO 3-state,1.0,-1.0,-1.0,-1.0,1.0,1.25,0.5,0.9,0.95,2.0,0.006163749849570266,0.46046075460358116,-0.0020369261908900864,0.004881578968081467,0.012170333983535911,0.026257247145280417,0.3253759810739924
164,ESO 4-state,1.0,-1.0,-1.0,-1.0,1.0,1.25,0.5,0.9,0.95,2.0,0.007383869031741058,0.5516093269889184,-0.0020385816586025846,0.0058631334611481244,0.014529415846253578,0.02842496837812269,0.3994554999488533
164,RTS 3-state,1.0,-1.0,-1.0,-1.0,1.0,1.25,0.5,0.9,0.95,2.0,0.00482551597496249,0.36048846585456057,-0.0020395624008103168,0.003843608188139396,0.009570832386417122,0.018834704248175054,0.26705855254769556
164,RTS 4-state,1.0,-1.0,-1.0,-1.0,1.0,1.25,0.5,0.9,0.95,2.0,0.004962120961801363,0.37069349312814875,-0.0020389672868107943,0.003951333325278602,0.009818299717010252,0.02106420359938555,0.27143047708722196
165,ESO 3-state,1.0,-1.0,-1.0,0.0,-1.0,1.25,0.5,0.9,1.0,0.0,0.0069253109484496275,0.5173529074042292,-0.0038934872015263643,0.005508753787162065,0.013526880427732538,0.028692834539385682,0.3658383105984812
165,ESO 4-state,1.0,-1.0,-1.0,0.0,-1.0,1.25,0.5,0.9,1.0,0.0,0.0079117622059828,0.5910454000440861,-0.0038950598069514295,0.006281162524332585,0.015581113348820973,0.03036367004251339,0.43211606376623674
165,RTS 3-state,1.0,-1.0,-1.0,0.0,-1.0,1.25,0.5,0.9,1.0,0.0,0.0058302609388367135,0.4355475833627002,-0.0038963458599652278,0.004732986492123258,0.011488714540436686,0.02095864421674393,0.31719868373538
165,RTS 4-state,1.0,-1.0,-1.0,0.0,-1.0,1.25,0.5,0.9,1.0,0.0,0.005941091080996956,0.44382710997189334,-0.0038957972652304248,0.0048046090600618145,0.011618701508759412,0.023334000065565817,0.3209200972858326
166,ESO 3-state,1.0,-1.0,-1.0,0.0,0.0,1.25,0.5,0.9,1.0,1.0,0.006897560627151178,0.5152798294569685,-0.0038896584938731683,0.005487351556889419,0.013481837245095721,0.028399145557185403,0.36375384267651534
166,ESO 4-state,1.0,-1.0,-1.0,0.0,0.0,1.25,0.5,0.9,1.0,1.0,0.00788064530500354,0.5887208229513228,-0.0038912349837833668,0.006259553393839104,0.015462148525863507,0.03006998106031311,0.4301678004914468
166,RTS 3-state,1.0,-1.0,-1.0,0.0,0.0,1.25,0.5,0.9,1.0,1.0,0.005789244513344848,0.4324834657891354,-0.0038923403766730363,0.004698847884328637,0.011360964374557272,0.02066504132004632,0.3144568192071946
166,RTS 4-state,1.0,-1.0,-1.0,0.0,0.0,1.25,0.5,0.9,1.0,1.0,0.005902655450739226,0.4409557897943926,-0.003891783182807579,0.004771356002261788,0.011565741851802924,0.023045058887487473,0.3183332086744693
167,ESO 3-state,1.0,-1.0,-1.0,0.0,1.0,1.25,0.5,0.9,1.0,2.0,0.006881835821187511,0.5141051133836791,-0.0038858303534806994,0.005475406688091694,0.013508697628374665,0.028105456574982514,0.3628249670206085
167,ESO 4-state,1.0,-1.0,-1.0,0.0,1.0,1.25,0.5,0.9,1.0,2.0,0.00786250095604889,0.587365355773817,-0.003887403047807572,0.006248081991753081,0.015418132499888847,0.029776292078107607,0.4289180221317948
167,RTS 3-state,1.0,-1.0,-1.0,0.0,1.0,1.25,0.5,0.9,1.0,2.0,0.005762784496921202,0.4305067796116286,-0.0038883347341635635,0.004675561897785037,0.011304294286526788,0.020371415158759672,0.31304401552894173
167,RTS 4-state,1.0,-1.0,-1.0,0.0,1.0,1.25,0.5,0.9,1.0,2.0,0.005878492182451272,0.43915068137482627,-0.003887768411568519,0.004749226614343665,0.011517412643456237,0.022756118017094408,0.31672371184568987
168,ESO 3-state,1.0,-1.0,-1.0,1.0,-1.0,1.25,0.5,0.9,1.05,0.0,0.007946674370295162,0.5936535009431249,-0.005565940641582364,0.006441524965139652,0.015258308413872025,0.030337053644144567,0.41687558173845823
168,ESO 4-state,1.0,-1.0,-1.0,1.0,-1.0,1.25,0.5,0.9,1.05,0.0,0.008718566504549132,0.6513174300910497,-0.005567438361034806,0.006996925527360438,0.016924540056574205,0.031567050730716646,0.47475349537641925
168,RTS 3-state,1.0,-1.0,-1.0,1.0,-1.0,1.25,0.5,0.9,1.05,0.0,0.007049498404999275,0.5266302874651895,-0.00556866298681892,0.005913369299611138,0.013198378495040387,0.022320327053123784,0.37602806148683504
168,RTS 4-state,1.0,-1.0,-1.0,1.0,-1.0,1.25,0.5,0.9,1.05,0.0,0.007141512566002003,0.5335041728504774,-0.005568141084500368,0.005958419970547534,0.013318596190370693,0.024835006541079493,0.3791354252141045
169,ESO 3-state,1.0,-1.0,-1.0,1.0,0.0,1.25,0.5,0.9,1.05,1.0,0.00792235788963106,0.5918369468471347,-0.005562294253341224,0.006423026108251105,0.015233337645478462,0.030057349851572872,0.41505141855046723
169,ESO 4-state,1.0,-1.0,-1.0,1.0,0.0,1.25,0.5,0.9,1.05,1.0,0.008690652597636989,0.6492321315383195,-0.005563795672303318,0.006978895679213258,0.01683966339086876,0.03128734693814495,0.47298872160575345
169,RTS 3-state,1.0,-1.0,-1.0,1.0,0.0,1.25,0.5,0.9,1.05,1.0,0.007015664866422942,0.5241027649206375,-0.00556484832391335,0.005890469580923188,0.01310156250114703,0.02204069505175923,0.37372708906929614
169,RTS 4-state,1.0,-1.0,-1.0,1.0,0.0,1.25,0.5,0.9,1.05,1.0,0.007109534724651258,0.5311152795114682,-0.005564317805805975,0.005936559518412371,0.013198067640657646,0.02456099739452698,0.37694190625241314
170,ESO 3-state,1.0,-1.0,-1.0,1.0,1.0,1.25,0.5,0.9,1.05,2.0,0.007907544218386658,0.5907302967711064,-0.005558648405348396,0.006411642464743785,0.015209376226904374,0.029777646058998693,0.41421615318358695
170,ESO 4-state,1.0,-1.0,-1.0,1.0,1.0,1.25,0.5,0.9,1.05,2.0,0.008673412095643361,0.6479441859286703,-0.005560146209469228,0.0069690855731667604,0.016825424372505022,0.03100764314556828,0.4718436220515841
170,RTS 3-state,1.0,-1.0,-1.0,1.0,1.0,1.25,0.5,0.9,1.05,2.0,0.006992761404971207,0.5223917699256289,-0.005561033514366478,0.0058734100840837165,0.012996832592831097,0.021761040958481654,0.3725158205647463
170,RTS 4-state,1.0,-1.0,-1.0,1.0,1.0,1.25,0.5,0.9,1.05,2.0,0.007088334494162532,0.5295315237837289,-0.005560493801267618,0.005921598877406061,0.013129547338465261,0.024286989390688494,0.37556698099339003
171,ESO 3-state,1.0,-1.0,0.0,-1.0,-1.0,1.25,0.5,1.0,0.95,0.0,0.005562423673700733,0.41553889510873554,0.002058177072779159,0.004377108925339693,0.011018521169249455,0.027771486377280746,0.2711776082361434
171,ESO 4-state,1.0,-1.0,0.0,-1.0,-1.0,1.25,0.5,1.0,0.95,0.0,0.006825418338214396,0.5098904652528101,0.0020565823388338056,0.005371157220687289,0.013562947927393473,0.02790338102607548,0.3330314694483587
171,RTS 3-state,1.0,-1.0,0.0,-1.0,-1.0,1.25,0.5,1.0,0.95,0.0,0.003970788793224188,0.296636373753378,0.002055364223895293,0.0032054702500824215,0.007790163797513579,0.013944930449151627,0.19466717647108694
171,RTS 4-state,1.0,-1.0,0.0,-1.0,-1.0,1.25,0.5,1.0,0.95,0.0,0.004144974943161286,0.3096488885372349,0.0020558982041058377,0.003320233564122891,0.008124928678572986,0.016215296508132124,0.20304664880782222
172,ESO 3-state,1.0,-1.0,0.0,-1.0,0.0,1.25,0.5,1.0,0.95,1.0,0.005531320465463383,0.41321534092741835,0.002062207409173438,0.004354456586895568,0.010895640978377558,0.027688736811450315,0.26921878383860703
172,ESO 4-state,1.0,-1.0,0.0,-1.0,0.0,1.25,0.5,1.0,0.95,1.0,0.006791581437509348,0.5073626915416205,0.0020606078255651175,0.005344831795492722,0.013570304678923586,0.027951554723269184,0.3307698363174374
172,RTS 3-state,1.0,-1.0,0.0,-1.0,0.0,1.25,0.5,1.0,0.95,1.0,0.003915262987719725,0.292488338072738,0.0020595806071852553,0.0031653242806019563,0.007622347707094971,0.013636961026510575,0.19128921479444527
172,RTS 4-state,1.0,-1.0,0.0,-1.0,0.0,1.25,0.5,1.0,0.95,1.0,0.004094538143832644,0.30588102526480254,0.002060122832515666,0.0032848303465402196,0.00799092003758399,0.01655733561799741,0.1999856026008804
173,ESO 3-state,1.0,-1.0,0.0,-1.0,1.0,1.25,0.5,1.0,0.95,2.0,0.005516837039197081,0.4121333616857896,0.0020662371366947704,0.004345943744716554,0.010818491573269112,0.027605987245613015,0.2681751039114237
173,ESO 4-state,1.0,-1.0,0.0,-1.0,1.0,1.25,0.5,1.0,0.95,2.0,0.006774437960381197,0.5060819941402638,0.002064640845971041,0.005332739890532396,0.01350681408685803,0.027999728420468398,0.3294873434426459
173,RTS 3-state,1.0,-1.0,0.0,-1.0,1.0,1.25,0.5,1.0,0.95,2.0,0.003883399989342329,0.29010802403747404,0.002063797164077802,0.003141883464512551,0.007537092063888584,0.01332900033923208,0.18923074850385374
173,RTS 4-state,1.0,-1.0,0.0,-1.0,1.0,1.25,0.5,1.0,0.95,2.0,0.004066742114552227,0.30380453271889946,0.00206434809766393,0.003267361236375348,0.007891196289604524,0.01691146765124084,0.19816262879256677
174,ESO 3-state,1.0,-1.0,0.0,0.0,-1.0,1.25,0.5,1.0,1.0,0.0,0.004928911920412569,0.3682126234253311,4.517747005084065e-06,0.0038845981905891395,0.009761188909647583,0.024045456966730737,0.24885987342173402
174,ESO 4-state,1.0,-1.0,0.0,0.0,-1.0,1.25,0.5,1.0,1.0,0.0,0.006159616968862817,0.46015200921064936,3.0027497569980857e-06,0.004865317679783794,0.012160709509664296,0.024794974321041566,0.3136374896984153
174,RTS 3-state,1.0,-1.0,0.0,0.0,-1.0,1.25,0.5,1.0,1.0,0.0,0.003115487040743926,0.232741358547937,1.8457323643510988e-06,0.0024886052895941742,0.00614596007691233,0.011838588612371852,0.16499084811635695
174,RTS 4-state,1.0,-1.0,0.0,0.0,-1.0,1.25,0.5,1.0,1.0,0.0,0.003335614109078897,0.24918587340787435,2.3524473421519735e-06,0.002672670010078266,0.006577248794458344,0.014190656031995798,0.17457118557584428
175,ESO 3-state,1.0,-1.0,0.0,0.0,0.0,1.25,0.5,1.0,1.0,1.0,0.004892945770995811,0.3655257849414851,8.34656657964895e-06,0.0038577661519552937,0.009691943290324162,0.023751767984533066,0.2467020549081323
175,ESO 4-state,1.0,-1.0,0.0,0.0,0.0,1.25,0.5,1.0,1.0,1.0,0.006122148166563123,0.4573529155741332,6.826962151744411e-06,0.00483531469248612,0.01209359316675171,0.02450128533883606,0.3112372495072145
175,RTS 3-state,1.0,-1.0,0.0,0.0,0.0,1.25,0.5,1.0,1.0,1.0,0.0030435195975202383,0.22736505613099514,5.851212801556751e-06,0.0024357020043345263,0.005979870065723439,0.011544985478774215,0.1609740558564601
175,RTS 4-state,1.0,-1.0,0.0,0.0,0.0,1.25,0.5,1.0,1.0,1.0,0.0032717104412744893,0.24441197248436336,6.3664797863874796e-06,0.0026226773364752837,0.006422946604658773,0.013901718558781008,0.17097600232085086
176,ESO 3-state,1.0,-1.0,0.0,0.0,1.0,1.25,0.5,1.0,1.0,2.0,0.004873873670082086,0.36410101038168985,1.2174807724914723e-05,0.0038451362291472267,0.009636783053991682,0.02345807900232756,0.2455150706115048
176,ESO 4-state,1.0,-1.0,0.0,0.0,1.0,1.25,0.5,1.0,1.0,2.0,0.006101345200685212,0.45579883735877486,1.0658331537371689e-05,0.0048196479094966774,0.012042980257130909,0.024207596356634477,0.3098493720092202
176,RTS 3-state,1.0,-1.0,0.0,0.0,1.0,1.25,0.5,1.0,1.0,2.0,0.0029984476813293024,0.22399797455772938,9.856852469679011e-06,0.0024055203748828747,0.005878993827712814,0.01125135907945566,0.15846160823159253
176,RTS 4-state,1.0,-1.0,0.0,0.0,1.0,1.25,0.5,1.0,1.0,2.0,0.0032329884265579092,0.24151925805705568,1.0381203228481728e-05,0.0025923612150254584,0.006316920067226152,0.013612781397038927,0.16877706527567868
177,ESO 3-state,1.0,-1.0,0.0,1.0,-1.0,1.25,0.5,1.0,1.05,0.0,0.005143851656208857,0.38426962044086593,-0.001853554976314317,0.004057087541643156,0.010259905901830776,0.02591097976542557,0.2626082412664814
177,ESO 4-state,1.0,-1.0,0.0,1.0,-1.0,1.25,0.5,1.0,1.05,0.0,0.006197386682394883,0.46297358231445546,-0.0018549978308363036,0.004904650436551444,0.012279244542681263,0.02446380284056763,0.32331414098072625
177,RTS 3-state,1.0,-1.0,0.0,1.0,-1.0,1.25,0.5,1.0,1.05,0.0,0.0035237286408928746,0.2632389030383683,-0.0018560995655481807,0.002819071529320646,0.006996338720088105,0.013634559068885575,0.18739808658820006
177,RTS 4-state,1.0,-1.0,0.0,1.0,-1.0,1.25,0.5,1.0,1.05,0.0,0.0037191804845748463,0.277840063959384,-0.0018556175484758318,0.0029664141084925744,0.007292193778278062,0.016127058936094757,0.19569946586104658
178,ESO 3-state,1.0,-1.0,0.0,1.0,0.0,1.25,0.5,1.0,1.05,1.0,0.005108898344317028,0.38165844562644224,-0.001849908481481398,0.004029833704452463,0.01019284960839461,0.025631275972856367,0.2605484434712457
178,ESO 4-state,1.0,-1.0,0.0,1.0,0.0,1.25,0.5,1.0,1.05,1.0,0.006160355149229853,0.46020715471413903,-0.0018513557237936882,0.004875305736431176,0.012206638667316146,0.024184099047995934,0.3209909757859542
178,RTS 3-state,1.0,-1.0,0.0,1.0,0.0,1.25,0.5,1.0,1.05,1.0,0.003459917791456126,0.2584719360782167,-0.0018522849053688362,0.002766029896899355,0.006898773962507657,0.01335492683924585,0.18386215929645747
178,RTS 4-state,1.0,-1.0,0.0,1.0,0.0,1.25,0.5,1.0,1.05,1.0,0.0036614923893021505,0.2735304951856349,-0.0018517943173008776,0.002919593653389731,0.007201484493798885,0.015853053185175665,0.1924833117721891
179,ESO 3-state,1.0,-1.0,0.0,1.0,1.0,1.25,0.5,1.0,1.05,2.0,0.0050886067029654,0.38014256572914773,-0.001846262537533526,0.004015110013486385,0.010170814351701786,0.025351572180279697,0.25938636798207243
179,ESO 4-state,1.0,-1.0,0.0,1.0,1.0,1.25,0.5,1.0,1.05,2.0,0.006138327715126312,0.45856160303264043,-0.0018477068005692812,0.004858804804170544,0.012140918876852338,0.02390439525542424,0.3196260325699928
179,RTS 3-state,1.0,-1.0,0.0,1.0,1.0,1.25,0.5,1.0,1.05,2.0,0.0034176647831865195,0.2553154400251767,-0.0018484700985356925,0.0027312662143701076,0.006833437123683603,0.013075272516259645,0.181622302259316
179,RTS 4-state,1.0,-1.0,0.0,1.0,1.0,1.25,0.5,1.0,1.05,2.0,0.003624265045392971,0.27074943961286485,-0.0018479703585117494,0.0028900106424705157,0.007147231960891738,0.015579048582986692,0.19048572617919363
180,ESO 3-state,1.0,-1.0,1.0,-1.0,-1.0,1.25,0.5,1.1,0.95,0.0,0.007956992801868804,0.5944243357279039,0.006161340176529838,0.006575950779596785,0.01485270195218192,0.03198008933916073,0.3638816595337261
180,ESO 4-state,1.0,-1.0,1.0,-1.0,-1.0,1.25,0.5,1.1,0.95,0.0,0.008834162250548104,0.6599529694511296,0.006159806082768955,0.007089326635737563,0.01722307537735493,0.033934715635296625,0.3988943282160123
180,RTS 3-state,1.0,-1.0,1.0,-1.0,-1.0,1.25,0.5,1.1,0.95,0.0,0.0068916747009988635,0.5148401234235017,0.006158723794791834,0.006192354172016683,0.011483231966991483,0.01886042825921154,0.3098784242736148
180,RTS 4-state,1.0,-1.0,1.0,-1.0,-1.0,1.25,0.5,1.1,0.95,0.0,0.0070021586318466545,0.523093786438929,0.00615921369066413,0.006208032187040575,0.01199142623744607,0.020428460888122987,0.31604611661101556
181,ESO 3-state,1.0,-1.0,1.0,-1.0,0.0,1.25,0.5,1.1,0.95,1.0,0.007937394110879655,0.5929602224425902,0.006165370620971318,0.006559981986383438,0.014743454044275857,0.031898130800773375,0.36258573832313074
181,ESO 4-state,1.0,-1.0,1.0,-1.0,0.0,1.25,0.5,1.1,0.95,1.0,0.008810017365794565,0.658149234367006,0.0061638309217733975,0.007068652023864133,0.017131677111607957,0.0342438645671542,0.39727842754838233
181,RTS 3-state,1.0,-1.0,1.0,-1.0,0.0,1.25,0.5,1.1,0.95,1.0,0.006862524802868054,0.5126624905835081,0.00616294017508472,0.006190058384780878,0.011375124804774421,0.018549848181551087,0.3080096908727085
181,RTS 4-state,1.0,-1.0,1.0,-1.0,0.0,1.25,0.5,1.1,0.95,1.0,0.006975039554930282,0.5210678653801866,0.006163438266667209,0.006203490946494121,0.01190009969687885,0.02077067213971294,0.3142937867855242
182,ESO 3-state,1.0,-1.0,1.0,-1.0,1.0,1.25,0.5,1.1,0.95,2.0,0.007929428042943429,0.5923651201521567,0.00616940044466373,0.0065518082063138515,0.014700830178791341,0.03181617226238463,0.36186098687026963
182,ESO 4-state,1.0,-1.0,1.0,-1.0,1.0,1.25,0.5,1.1,0.95,2.0,0.008798791401605076,0.6573106026788292,0.006167863340734848,0.007057050254085545,0.01707293040733985,0.03455301284077533,0.3963336675220957
182,RTS 3-state,1.0,-1.0,1.0,-1.0,1.0,1.25,0.5,1.1,0.95,2.0,0.006847094649789197,0.5115097864498653,0.006167156728995172,0.006189978113206117,0.011293216316981214,0.018239319939090642,0.306824891096191
182,RTS 4-state,1.0,-1.0,1.0,-1.0,1.0,1.25,0.5,1.1,0.95,2.0,0.006961367101729415,0.5200464695948608,0.006167663482087817,0.006201387152066987,0.011847356560357701,0.02112500131355241,0.3132082839379123
183,ESO 3-state,1.0,-1.0,1.0,0.0,-1.0,1.25,0.5,1.1,1.0,0.0,0.0060601594163284716,0.45272206789105107,0.0039025226955682287,0.004830074506200517,0.011744341898203794,0.027455786752294056,0.2846750230355717
183,ESO 4-state,1.0,-1.0,1.0,0.0,-1.0,1.25,0.5,1.1,1.0,0.0,0.007037379139719273,0.5257249220346862,0.00390106530649539,0.0055484361642467745,0.013968822352272245,0.028664096977796462,0.3272380929070923
183,RTS 3-state,1.0,-1.0,1.0,0.0,-1.0,1.25,0.5,1.1,1.0,0.0,0.004639681017912426,0.34660573105133646,0.003900037324721942,0.004006700018635919,0.008121824507302589,0.013867857208884476,0.21355159226779805
183,RTS 4-state,1.0,-1.0,1.0,0.0,-1.0,1.25,0.5,1.1,1.0,0.0,0.004802285105807439,0.35875301198276244,0.0039005021599073995,0.004062861262658499,0.008737269678297799,0.016211076735694704,0.22217214491377
184,ESO 3-state,1.0,-1.0,1.0,0.0,0.0,1.25,0.5,1.1,1.0,1.0,0.006033452241524978,0.45072691783410906,0.003906351617787636,0.004807274656024009,0.011691186118213695,0.027377926140826056,0.28299234475660423
184,ESO 4-state,1.0,-1.0,1.0,0.0,0.0,1.25,0.5,1.1,1.0,1.0,0.007006845570941545,0.5234439225679228,0.0039048889035496106,0.00552164695257874,0.013965773982524875,0.02895778596000457,0.3252587685552675
184,RTS 3-state,1.0,-1.0,1.0,0.0,0.0,1.25,0.5,1.1,1.0,1.0,0.004595294832724989,0.34328987677038986,0.003904042802304037,0.0039897128742595765,0.008009589648360356,0.013572884834971502,0.2108068704376335
184,RTS 4-state,1.0,-1.0,1.0,0.0,0.0,1.25,0.5,1.1,1.0,1.0,0.004761585731317748,0.35571257959228775,0.0039045161423614636,0.004043385982835723,0.008590421531340833,0.016536848219520825,0.21964576040694975
185,ESO 3-state,1.0,-1.0,1.0,0.0,1.0,1.25,0.5,1.1,1.0,2.0,0.006020515763518655,0.4497605028156411,0.003910179950295425,0.004795790909680618,0.0116796119978392,0.02730006552935675,0.282020085496793
185,ESO 4-state,1.0,-1.0,1.0,0.0,1.0,1.25,0.5,1.1,1.0,2.0,0.006990929842731252,0.52225494371566,0.003908719701562989,0.005506703701160779,0.013939443950898488,0.02925147494220747,0.3240753999446304
185,RTS 3-state,1.0,-1.0,1.0,0.0,1.0,1.25,0.5,1.1,1.0,2.0,0.0045692182465151155,0.3413418346115211,0.0039080484391307,0.003980871159328256,0.007913473498539249,0.013277959989259763,0.2090220333418798
185,RTS 4-state,1.0,-1.0,1.0,0.0,1.0,1.25,0.5,1.1,1.0,2.0,0.004738524923993149,0.3539898301294437,0.003908530817986383,0.004033154141449577,0.008476262066754926,0.016873960856794906,0.21803865269044473
186,ESO 3-state,1.0,-1.0,1.0,1.0,-1.0,1.25,0.5,1.1,1.05,0.0,0.004744463793838213,0.35443349130277,0.001858830688983916,0.003715144745939139,0.009453247957391709,0.023362370126081333,0.2301327427328286
186,ESO 4-state,1.0,-1.0,1.0,1.0,-1.0,1.25,0.5,1.1,1.05,0.0,0.005802721239254077,0.43349023983629786,0.0018574426993907362,0.004550285383582489,0.011563953890673127,0.02490305488850874,0.27998438312671736
186,RTS 3-state,1.0,-1.0,1.0,1.0,-1.0,1.25,0.5,1.1,1.05,0.0,0.0028084093908126943,0.20980123121309918,0.001856463855749229,0.002284689582980327,0.005356657966187908,0.009402942274520362,0.1356664631520035
186,RTS 4-state,1.0,-1.0,1.0,1.0,-1.0,1.25,0.5,1.1,1.05,0.0,0.003067977651757143,0.22919218643071776,0.0018569059875414681,0.0024552121586504353,0.005981753027409914,0.012391968968780365,0.1485464674860978
187,ESO 3-state,1.0,-1.0,1.0,1.0,0.0,1.25,0.5,1.1,1.05,1.0,0.004709460718294918,0.35181859891234707,0.0018624772815738272,0.0036879566871505396,0.00936487058038906,0.023288217162778485,0.22802381888994366
187,ESO 4-state,1.0,-1.0,1.0,1.0,0.0,1.25,0.5,1.1,1.05,1.0,0.0057656225351376544,0.430718794253792,0.0018610842203947559,0.0045202589765485374,0.011494090389684436,0.0251827586810879,0.27766326421666526
187,RTS 3-state,1.0,-1.0,1.0,1.0,0.0,1.25,0.5,1.1,1.05,1.0,0.0027334543570941366,0.20420174190387774,0.00186027851320224,0.0022319514433282494,0.005172489762462561,0.009124301844134278,0.13127498291063186
187,RTS 4-state,1.0,-1.0,1.0,1.0,0.0,1.25,0.5,1.1,1.05,1.0,0.0030027737014681243,0.22432114836363765,0.0018607291711897728,0.002405342918531644,0.005825905773416219,0.012702727013354065,0.1447096228673927
188,ESO 3-state,1.0,-1.0,1.0,1.0,1.0,1.25,0.5,1.1,1.05,2.0,0.004690374241569957,0.35039275041265305,0.0018661233125336271,0.0036744685356572527,0.009295240770629196,0.023214064199474388,0.22677021771081415
188,ESO 4-state,1.0,-1.0,1.0,1.0,1.0,1.25,0.5,1.1,1.05,2.0,0.005744569154121937,0.42914600886404586,0.0018647325994551158,0.004503034247784503,0.011478464783025492,0.02546246247366208,0.2762479906493816
188,RTS 3-state,1.0,-1.0,1.0,1.0,1.0,1.25,0.5,1.1,1.05,2.0,0.00268540817386139,0.20061246876218547,0.0018640933173215595,0.0022003626535476864,0.0050828961711926746,0.008845667945217364,0.12832092955062602
188,RTS 4-state,1.0,-1.0,1.0,1.0,1.0,1.25,0.5,1.1,1.05,2.0,0.0029622944110763807,0.2212971572779353,0.0018645530842148744,0.002376631594104978,0.005776218541826063,0.013024121381835396,0.14219227588028602
189,ESO 3-state,1.0,0.0,-1.0,-1.0,-1.0,1.25,1.0,0.9,0.95,0.0,0.006174967214731827,0.461298743904415,-0.002044441679553183,0.004890106865959072,0.012262356981661487,0.025728395606817882,0.32568334739889776
189,ESO 4-state,1.0,0.0,-1.0,-1.0,-1.0,1.25,1.0,0.9,0.95,0.0,0.007401266680019551,0.5529090121562522,-0.0020458134202986644,0.005878996485790897,0.014538395472956215,0.028887813681355408,0.4009393940331011
189,RTS 3-state,1.0,0.0,-1.0,-1.0,-1.0,1.25,1.0,0.9,0.95,0.0,0.004829094628483529,0.360755807901363,-0.0020471421695874518,0.0038529479701346,0.009538511866514963,0.018968960080181195,0.26688418914054673
189,RTS 4-state,1.0,0.0,-1.0,-1.0,-1.0,1.25,1.0,0.9,0.95,0.0,0.004967268720270321,0.3710780546056556,-0.0020466177434349106,0.003959490748306649,0.009794596076791381,0.021261528545796278,0.2715514403351129
190,ESO 3-state,1.0,0.0,-1.0,-1.0,0.0,1.25,1.0,0.9,0.95,1.0,0.006172490240703228,0.46111370243482624,-0.002040412415891693,0.00488951708464289,0.012262667592836972,0.025419249309762207,0.3256315837347114
190,ESO 4-state,1.0,0.0,-1.0,-1.0,0.0,1.25,1.0,0.9,0.95,1.0,0.007392825838394095,0.5522784420651221,-0.002041787505876787,0.005873746720491803,0.014554217098154604,0.02857866738430248,0.4003204765546041
190,RTS 3-state,1.0,0.0,-1.0,-1.0,0.0,1.25,1.0,0.9,0.95,1.0,0.0048161364221163995,0.35978776967337855,-0.0020429244025725103,0.003844420509932107,0.009519794005746342,0.018659920892026064,0.26633408443477113
190,RTS 4-state,1.0,0.0,-1.0,-1.0,0.0,1.25,1.0,0.9,0.95,1.0,0.004956990939107873,0.37031025659548145,-0.002042393156958274,0.003952396151414418,0.009780388360806769,0.0209559492033494,0.2708981834430039
191,ESO 3-state,1.0,0.0,-1.0,-1.0,1.0,1.25,1.0,0.9,0.95,2.0,0.006184982411562708,0.46204692564488137,-0.002036383695975467,0.004901472720264318,0.012282549240365835,0.025389842597627367,0.3265962697602172
191,ESO 4-state,1.0,0.0,-1.0,-1.0,1.0,1.25,1.0,0.9,0.95,2.0,0.007399799318651104,0.5527993934437021,-0.0020377542178338565,0.0058811401095523776,0.014543335205944516,0.028269521087249554,0.4005046881946013
191,RTS 3-state,1.0,0.0,-1.0,-1.0,1.0,1.25,1.0,0.9,0.95,2.0,0.0048228182532727894,0.36028693350894847,-0.0020387064680103817,0.003850400695322658,0.009519302967080038,0.01835085884719889,0.2673121498060352
191,RTS 4-state,1.0,0.0,-1.0,-1.0,1.0,1.25,1.0,0.9,0.95,2.0,0.004965753499496114,0.3709648605731088,-0.002038167933889954,0.003960798801260053,0.009783057408748477,0.020650369025385126,0.2718660020338355
192,ESO 3-state,1.0,0.0,-1.0,0.0,-1.0,1.25,1.0,0.9,1.0,0.0,0.006890090600879396,0.5147217837838053,-0.003892970067710641,0.005484960238007485,0.01349719930811039,0.027603047613443107,0.3631912210683687
192,ESO 4-state,1.0,0.0,-1.0,0.0,-1.0,1.25,1.0,0.9,1.0,0.0,0.00787633581656293,0.588398884140088,-0.0038942732214188483,0.006262226441895457,0.015419907976040759,0.030225156222026726,0.43034877591766246
192,RTS 3-state,1.0,0.0,-1.0,0.0,-1.0,1.25,1.0,0.9,1.0,0.0,0.005764345987030761,0.4306234301785239,-0.0038955352791262957,0.004686237806175074,0.01126790206571611,0.020498617082695528,0.31302221750863185
192,RTS 4-state,1.0,0.0,-1.0,0.0,-1.0,1.25,1.0,0.9,1.0,0.0,0.0058813959870654105,0.43936760907249084,-0.0038950376986866884,0.004760028497895201,0.011463776702306947,0.022940974784739325,0.3169486608818787
193,ESO 3-state,1.0,0.0,-1.0,0.0,0.0,1.25,1.0,0.9,1.0,1.0,0.006885050733615508,0.5143452822806507,-0.0038891422672322254,0.005481746184327433,0.013588012042666922,0.027335554932581448,0.3630935769824973
193,ESO 4-state,1.0,0.0,-1.0,0.0,0.0,1.25,1.0,0.9,1.0,1.0,0.007866360078942683,0.5876536501860096,-0.003890448602718064,0.006256857513651712,0.015433196126176392,0.029931467239826447,0.4297431578583674
193,RTS 3-state,1.0,0.0,-1.0,0.0,0.0,1.25,1.0,0.9,1.0,1.0,0.005750375187393597,0.4295797465280927,-0.003891528370749005,0.004671510059779246,0.011248914419443895,0.02020502045994396,0.3124973326368079
193,RTS 4-state,1.0,0.0,-1.0,0.0,0.0,1.25,1.0,0.9,1.0,1.0,0.0058695454910995225,0.43848232195863107,-0.0038910236946387063,0.004747918634721178,0.01143691500964768,0.022652034332154243,0.3163304527454401
194,ESO 3-state,1.0,0.0,-1.0,0.0,1.0,1.25,1.0,0.9,1.0,2.0,0.0068921264324924925,0.5148738698651179,-0.003885314983311811,0.005488356322210223,0.013637297766884531,0.027629077602643805,0.3638848136447032
194,ESO 4-state,1.0,0.0,-1.0,0.0,1.0,1.25,1.0,0.9,1.0,2.0,0.007869455662066866,0.5878849046295036,-0.0038866169790772805,0.006262374713765103,0.015450065549720105,0.029637778257626167,0.429866303388287
194,RTS 3-state,1.0,0.0,-1.0,0.0,1.0,1.25,1.0,0.9,1.0,2.0,0.005751249441269033,0.42964505735494707,-0.0038875213092397043,0.004667310993911505,0.01124433983612855,0.019911402314913704,0.3132583438701957
194,RTS 4-state,1.0,0.0,-1.0,0.0,1.0,1.25,1.0,0.9,1.0,2.0,0.005872211270779239,0.4386814680876737,-0.0038870089986176286,0.004747007228631597,0.01144234839965657,0.022363094187363014,0.3170775739443885
195,ESO 3-state,1.0,0.0,-1.0,1.0,-1.0,1.25,1.0,0.9,1.05,0.0,0.007913418070206553,0.5911691007958361,-0.005565448133186436,0.006420151607147132,0.015181015647851345,0.029299161333723067,0.4146066465280878
195,ESO 4-state,1.0,0.0,-1.0,1.0,-1.0,1.25,1.0,0.9,1.05,0.0,0.008684037930175992,0.6487379851428823,-0.005566689231956158,0.00698084075725867,0.016844477304826834,0.03143513280644363,0.47318194334477237
195,RTS 3-state,1.0,0.0,-1.0,1.0,-1.0,1.25,1.0,0.9,1.05,0.0,0.006993074769633145,0.5224151797219742,-0.005567890942099903,0.005882518082000572,0.012964504537345455,0.021881791721906962,0.37259135162614737
195,RTS 4-state,1.0,0.0,-1.0,1.0,-1.0,1.25,1.0,0.9,1.05,0.0,0.007089753771137044,0.5296375503686204,-0.005567417683888503,0.005930703608528334,0.013185293297712987,0.024460798162329097,0.3758477282767359
196,ESO 3-state,1.0,0.0,-1.0,1.0,0.0,1.25,1.0,0.9,1.05,1.0,0.007907039956573984,0.5906926260705673,-0.005561802608921279,0.006415086317861888,0.015210068498942884,0.029375506730932623,0.4144816148105784
196,ESO 4-state,1.0,0.0,-1.0,1.0,0.0,1.25,1.0,0.9,1.05,1.0,0.00867351413683605,0.6479518088799147,-0.005563046737955411,0.006976613758239717,0.016838805059228332,0.031155429013871937,0.4726085485360522
196,RTS 3-state,1.0,0.0,-1.0,1.0,0.0,1.25,1.0,0.9,1.05,1.0,0.006979511328929993,0.5214019276767716,-0.005564074812326152,0.005870364937852358,0.012927878157665485,0.02160216689934412,0.3721091429762287
196,RTS 4-state,1.0,0.0,-1.0,1.0,0.0,1.25,1.0,0.9,1.05,1.0,0.007077816228775473,0.5287457604845283,-0.005563594470056983,0.005920672307655626,0.013113668884351046,0.024186789968955624,0.37528258990227503
197,ESO 3-state,1.0,0.0,-1.0,1.0,1.0,1.25,1.0,0.9,1.05,2.0,0.007910230928260644,0.5909310064829165,-0.005558157576616121,0.006417163236858431,0.015253245839385594,0.029655052130992017,0.4151167413852113
197,ESO 4-state,1.0,0.0,-1.0,1.0,1.0,1.25,1.0,0.9,1.05,2.0,0.008673740260281221,0.6479687013519875,-0.005559397572583235,0.00697944133396972,0.0168418001249263,0.03087572522130024,0.47268150763723277
197,RTS 3-state,1.0,0.0,-1.0,1.0,1.0,1.25,1.0,0.9,1.05,2.0,0.006977040653385395,0.5212173567332046,-0.00556025854204551,0.0058644167576372965,0.012981507149179835,0.02132252178285045,0.37269296634498145
197,RTS 4-state,1.0,0.0,-1.0,1.0,1.0,1.25,1.0,0.9,1.05,2.0,0.007076798731447023,0.5286697487061305,-0.005559770526754614,0.005917544235347972,0.013110407053381241,0.02391278291772183,0.3758510856616783
198,ESO 3-state,1.0,0.0,0.0,-1.0,-1.0,1.25,1.0,1.0,0.95,0.0,0.005523895459629139,0.4126606584901337,0.002058721438348182,0.00434700229910118,0.010888399835638142,0.027756192012826794,0.2682019810422824
198,ESO 4-state,1.0,0.0,0.0,-1.0,-1.0,1.25,1.0,1.0,0.95,0.0,0.0067890878553287124,0.5071764093659021,0.0020574103372926994,0.005343105656568822,0.013473983653121531,0.02846500102266799,0.32965238154972926
198,RTS 3-state,1.0,0.0,0.0,-1.0,-1.0,1.25,1.0,1.0,0.95,0.0,0.0038797415910703974,0.28983472468723326,0.002056217401327127,0.003130832201064695,0.0075329861905948994,0.01351785377898193,0.18855443095937782
198,RTS 4-state,1.0,0.0,0.0,-1.0,-1.0,1.25,1.0,1.0,0.95,0.0,0.00406533026032105,0.3036990606474261,0.002056697743148037,0.0032571138313017495,0.007894981237797624,0.016353668703568178,0.19763275926961849
199,ESO 3-state,1.0,0.0,0.0,-1.0,0.0,1.25,1.0,1.0,0.95,1.0,0.005524190581283245,0.412682705449025,0.0020627508871020016,0.004350673125990322,0.010877957434515403,0.027668037063674128,0.2679766350586965
199,ESO 4-state,1.0,0.0,0.0,-1.0,0.0,1.25,1.0,1.0,0.95,1.0,0.006782434693122411,0.5066793872341186,0.0020614356098358354,0.005339135998203833,0.013494241090739996,0.028774147319731914,0.3287954744994592
199,RTS 3-state,1.0,0.0,0.0,-1.0,0.0,1.25,1.0,1.0,0.95,1.0,0.003868381856951473,0.28898609976374445,0.002060435165427892,0.003123735717765677,0.007486299647455244,0.01320982499207625,0.1876401532763254
199,RTS 4-state,1.0,0.0,0.0,-1.0,0.0,1.25,1.0,1.0,0.95,1.0,0.004057269643651206,0.3030968951272557,0.0020609222774389145,0.003254393208703539,0.007848214915349656,0.016695681426884823,0.19689657928211954
200,ESO 3-state,1.0,0.0,0.0,-1.0,1.0,1.25,1.0,1.0,0.95,2.0,0.005541207133975016,0.41395392100520967,0.002066779780860692,0.0043682916620502756,0.010881108561383163,0.027579882114518714,0.2686752572814303
200,ESO 4-state,1.0,0.0,0.0,-1.0,1.0,1.25,1.0,1.0,0.95,2.0,0.006792592143733594,0.5074381959929783,0.002065468302705815,0.005348783074925542,0.013491453437675466,0.029083293616787596,0.3291216890499404
200,RTS 3-state,1.0,0.0,0.0,-1.0,1.0,1.25,1.0,1.0,0.95,2.0,0.0038814628273896755,0.28996330903828077,0.0020646530970893583,0.0031351148680961644,0.007503943093857615,0.013205013815229566,0.188080396380625
200,RTS 4-state,1.0,0.0,0.0,-1.0,1.0,1.25,1.0,1.0,0.95,2.0,0.0040724307854456245,0.30422950286794725,0.0020651474510202323,0.003269372631138353,0.007885385387205061,0.01704978058611259,0.19744157506679258
201,ESO 3-state,1.0,0.0,0.0,0.0,-1.0,1.25,1.0,1.0,1.0,0.0,0.004879933582293824,0.3645537139822493,5.034894295655827e-06,0.0038484364481829207,0.009729821906728019,0.023443084292276803,0.24568639694471786
201,ESO 4-state,1.0,0.0,0.0,0.0,-1.0,1.25,1.0,1.0,1.0,0.0,0.006114844402267928,0.45680729044318363,3.789348292947394e-06,0.004831893641496467,0.012052050261526288,0.024525861626672314,0.31013188542648795
201,RTS 3-state,1.0,0.0,0.0,0.0,-1.0,1.25,1.0,1.0,1.0,0.0,0.0029919688313613706,0.22351397436012155,2.6563132524573034e-06,0.0023934606526122147,0.005880160965124715,0.011378560585863055,0.15790098354722712
201,RTS 4-state,1.0,0.0,0.0,0.0,-1.0,1.25,1.0,1.0,1.0,0.0,0.0032295228638133124,0.2412603644167477,3.1120139019262004e-06,0.0025870381164886094,0.006351860742467075,0.013797631099251959,0.16838365198544594
202,ESO 3-state,1.0,0.0,0.0,0.0,0.0,1.25,1.0,1.0,1.0,1.0,0.004875947938781399,0.36425596789194686,8.86287061178464e-06,0.0038476773631432636,0.009641615799832248,0.023359337090581772,0.2453700341553578
202,ESO 4-state,1.0,0.0,0.0,0.0,0.0,1.25,1.0,1.0,1.0,1.0,0.006104547161141301,0.45603803868326154,7.613357208926626e-06,0.004825567555263935,0.012095158488507833,0.024819550608883044,0.3091839254287353
202,RTS 3-state,1.0,0.0,0.0,0.0,0.0,1.25,1.0,1.0,1.0,1.0,0.002970584360847806,0.2219164550464264,6.663218858441471e-06,0.002383217745471939,0.005807404682684036,0.011084963748122754,0.156710520827144
202,RTS 4-state,1.0,0.0,0.0,0.0,0.0,1.25,1.0,1.0,1.0,1.0,0.0032130285450371896,0.24002816216070463,7.12596815594967e-06,0.0025763085568135903,0.00628608843618713,0.013508694352095806,0.16742251276626385
203,ESO 3-state,1.0,0.0,0.0,0.0,1.0,1.25,1.0,1.0,1.0,2.0,0.00488906572785739,0.3652359276898096,1.2690319682540307e-05,0.0038605411211286977,0.009677528064249465,0.023275589888884132,0.24603718622919293
203,ESO 4-state,1.0,0.0,0.0,0.0,1.0,1.25,1.0,1.0,1.0,2.0,0.006111101551213022,0.4565276820776315,1.1444415435406798e-05,0.004832605570724866,0.012211736559773242,0.025113239591085933,0.3094612602913355
203,RTS 3-state,1.0,0.0,0.0,0.0,1.0,1.25,1.0,1.0,1.0,2.0,0.0029778837746332856,0.2224617551740849,1.0670277608609512e-05,0.0023963594546718967,0.005800950689239165,0.010791345386711476,0.1570991020340183
203,RTS 4-state,1.0,0.0,0.0,0.0,1.0,1.25,1.0,1.0,1.0,2.0,0.0032229875518971544,0.24077214624924798,1.1140616574463364e-05,0.0025848840384499203,0.0062673688918762314,0.013219757916517742,0.16792928652392347
204,ESO 3-state,1.0,0.0,0.0,1.0,-1.0,1.25,1.0,1.0,1.05,0.0,0.005092872372738414,0.38046123108230256,-0.001853062455085201,0.0040188190667090305,0.010164516143568128,0.024873060409175064,0.2596668703818538
204,ESO 4-state,1.0,0.0,0.0,1.0,-1.0,1.25,1.0,1.0,1.05,0.0,0.006149436016833232,0.459391444786632,-0.0018542486893734949,0.0048715723287494845,0.012186585165586496,0.02347602980402453,0.31999111428281624
204,RTS 3-state,1.0,0.0,0.0,1.0,-1.0,1.25,1.0,1.0,1.05,0.0,0.0034107607745292186,0.25479967849790575,-0.0018553275207789893,0.002732967347072102,0.006772483543272492,0.013196022804442813,0.18132447610458216
204,RTS 4-state,1.0,0.0,0.0,1.0,-1.0,1.25,1.0,1.0,1.05,0.0,0.0036199574741015593,0.2704276440215836,-0.0018548941478490524,0.002889790417863101,0.0071152266137467085,0.015752850871290858,0.19031650661667113
205,ESO 3-state,1.0,0.0,0.0,1.0,0.0,1.25,1.0,1.0,1.05,1.0,0.005085680195928378,0.37992394205500335,-0.0018494167633555545,0.00401451052436219,0.010184138272031604,0.02459335661660337,0.25930917441658236
205,ESO 4-state,1.0,0.0,0.0,1.0,0.0,1.25,1.0,1.0,1.05,1.0,0.006136873899985505,0.45845299628623964,-0.0018506067761201808,0.004862084661031165,0.012114103997861538,0.023531538434195164,0.319041920501813
205,RTS 3-state,1.0,0.0,0.0,1.0,0.0,1.25,1.0,1.0,1.05,1.0,0.0033873344500353303,0.25304962320408225,-0.0018515113936469374,0.002713285150395291,0.0067666311633035325,0.012916397776133084,0.18021509646349698
205,RTS 4-state,1.0,0.0,0.0,1.0,0.0,1.25,1.0,1.0,1.05,1.0,0.0036006813841512096,0.2689876305328851,-0.0018510709813699521,0.0028736177762334982,0.007068550059597875,0.015478846074077346,0.1893923571593361
206,ESO 3-state,1.0,0.0,0.0,1.0,1.0,1.25,1.0,1.0,1.05,2.0,0.005093366129588712,0.38049811701333935,-0.0018457715737643587,0.0040228218458277145,0.010180116650588364,0.024313652824021724,0.2598598994504252
206,ESO 4-state,1.0,0.0,0.0,1.0,1.0,1.25,1.0,1.0,1.05,2.0,0.006139510722294418,0.4586499791651283,-0.0018469581492378193,0.004865445816343187,0.01213590120135638,0.024014526706869467,0.319250887270763
206,RTS 3-state,1.0,0.0,0.0,1.0,1.0,1.25,1.0,1.0,1.05,2.0,0.003386711612352577,0.2530030943350666,-0.0018476951259970022,0.002712715385565663,0.00672198150674716,0.012636752452999778,0.18044645118252234
206,RTS 4-state,1.0,0.0,0.0,1.0,1.0,1.25,1.0,1.0,1.05,2.0,0.003602814507587839,0.26914698476549753,-0.0018472470836403186,0.0028750240224423656,0.00708415923420571,0.015204842425011793,0.18973538803026005
207,ESO 3-state,1.0,0.0,1.0,-1.0,-1.0,1.25,1.0,1.1,0.95,0.0,0.007930537781045112,0.5924480227449265,0.0061618845562861615,0.006549383050054915,0.014724067057192251,0.03196479457565757,0.36146281941817704
207,ESO 4-state,1.0,0.0,1.0,-1.0,-1.0,1.25,1.0,1.1,0.95,0.0,0.008806735508467787,0.6579040643750255,0.006160634094918602,0.007057582302384156,0.01718667993464821,0.034857986338866026,0.39632245931809
207,RTS 3-state,1.0,0.0,1.0,-1.0,-1.0,1.25,1.0,1.1,0.95,0.0,0.006840420551740449,0.5110112003133694,0.006159576972271454,0.006180104126129334,0.011310921805762701,0.018526429204135067,0.30595762933593257
207,RTS 4-state,1.0,0.0,1.0,-1.0,-1.0,1.25,1.0,1.1,0.95,0.0,0.006956044676112501,0.519648859669783,0.006160013229723603,0.006192615694803074,0.011831803698404031,0.020566833458354708,0.3124250976364987
208,ESO 3-state,1.0,0.0,1.0,-1.0,0.0,1.25,1.0,1.1,0.95,1.0,0.007932872263266449,0.5926224194144021,0.006165914178720641,0.006548242823638794,0.014696732139104357,0.03187754724171389,0.36124365117555973
208,ESO 4-state,1.0,0.0,1.0,-1.0,0.0,1.25,1.0,1.1,0.95,1.0,0.008803580362344476,0.6576683602987276,0.0061646587211211116,0.007052393564568506,0.017139195876158954,0.0351671351975905,0.3957987406368228
208,RTS 3-state,1.0,0.0,1.0,-1.0,0.0,1.25,1.0,1.1,0.95,1.0,0.006836688157931561,0.510732373152686,0.00616379473345794,0.006181819899603919,0.011278739283536128,0.01851001840853289,0.30535538581387683
208,RTS 4-state,1.0,0.0,1.0,-1.0,0.0,1.25,1.0,1.1,0.95,1.0,0.006953963588133992,0.5194933927276831,0.006164237711812079,0.0061928137617051305,0.01177659310045815,0.020909018179759417,0.3119137921144497
209,ESO 3-state,1.0,0.0,1.0,-1.0,1.0,1.25,1.0,1.1,0.95,2.0,0.007946861506932463,0.5936674809194913,0.006169943234796626,0.006554635638976522,0.01478103903994088,0.03179029990777435,0.3616008443952029
209,ESO 4-state,1.0,0.0,1.0,-1.0,1.0,1.25,1.0,1.1,0.95,2.0,0.008813387365456646,0.6584009890010012,0.00616869081412824,0.0070573532599583445,0.017128082799784825,0.03547628342226007,0.39594916732441077
209,RTS 3-state,1.0,0.0,1.0,-1.0,1.0,1.25,1.0,1.1,0.95,2.0,0.0068467985273107735,0.5114876647247472,0.006168012662218628,0.006185748443485677,0.011280729136599853,0.018818939595451764,0.30545047433338884
209,RTS 4-state,1.0,0.0,1.0,-1.0,1.0,1.25,1.0,1.1,0.95,2.0,0.006965426814021775,0.5203497489671967,0.006168462835879902,0.006196226692542162,0.011844028842793133,0.021263314310487183,0.31208099462197747
210,ESO 3-state,1.0,0.0,1.0,0.0,-1.0,1.25,1.0,1.1,1.0,0.0,0.006020903073109945,0.44978943664180593,0.0039030398563367364,0.00479193463982017,0.011688526850731372,0.02744125672696604,0.2816464509287458
210,ESO 4-state,1.0,0.0,1.0,0.0,-1.0,1.25,1.0,1.1,1.0,0.0,0.006998920122536025,0.5228518547451781,0.003901851918037555,0.00551045827192559,0.013946022938222537,0.029767026214027444,0.32416606561155376
210,RTS 3-state,1.0,0.0,1.0,0.0,-1.0,1.25,1.0,1.1,1.0,0.0,0.00455874257642774,0.3405592533791326,0.0039008479056594726,0.003971290967268448,0.007895354072908,0.013549757116690667,0.20795072760068276
210,RTS 4-state,1.0,0.0,1.0,0.0,-1.0,1.25,1.0,1.1,1.0,0.0,0.004730188114685718,0.35336703173587264,0.00390126172648322,0.004024179012340973,0.008516189016783936,0.016342659436779275,0.21710582736516934
211,ESO 3-state,1.0,0.0,1.0,0.0,0.0,1.25,1.0,1.1,1.0,1.0,0.006020204841574355,0.4497372755016538,0.003906867997649491,0.004789777699064643,0.011730388879471046,0.027358371759719557,0.2813054431883717
211,ESO 4-state,1.0,0.0,1.0,0.0,0.0,1.25,1.0,1.1,1.0,1.0,0.006992167802706505,0.5223474250781887,0.003905675312929939,0.005503420040123215,0.013955210933124004,0.030060715196225114,0.32348377540556067
211,RTS 3-state,1.0,0.0,1.0,0.0,0.0,1.25,1.0,1.1,1.0,1.0,0.004548405396359007,0.33978701799465255,0.003904854808494059,0.003967035014943738,0.007850609538169608,0.013254818905944488,0.20699113196597022
211,RTS 4-state,1.0,0.0,1.0,0.0,0.0,1.25,1.0,1.1,1.0,1.0,0.004722436046715799,0.3527879162373071,0.003905275630931822,0.004020620425766031,0.008433973816043688,0.016668408784371744,0.2162966433832252
212,ESO 3-state,1.0,0.0,1.0,0.0,1.0,1.25,1.0,1.1,1.0,2.0,0.006033366254528853,0.4507204942059463,0.003910695600921678,0.0048000131853226735,0.011785658328088408,0.02727548679247699,0.2816856898671852
212,ESO 4-state,1.0,0.0,1.0,0.0,1.0,1.25,1.0,1.1,1.0,2.0,0.0070001404975940235,0.5229430224326768,0.0039095058012867095,0.005508083835806579,0.013938810596779407,0.030354404178435844,0.3236050477998402
212,RTS 3-state,1.0,0.0,1.0,0.0,1.0,1.25,1.0,1.1,1.0,2.0,0.004556838483537596,0.3404170087925694,0.003908861864484977,0.0039695330335485605,0.007838958929836437,0.013120107823633598,0.2070328565771243
212,RTS 4-state,1.0,0.0,1.0,0.0,1.0,1.25,1.0,1.1,1.0,2.0,0.004732683464471478,0.35355344595990723,0.003909290231727667,0.004025906560580651,0.008483215068026954,0.017005493664209198,0.21644047391283688
213,ESO 3-state,1.0,0.0,1.0,1.0,-1.0,1.25,1.0,1.1,1.05,0.0,0.004689740213021874,0.3503453855339971,0.0018593232230491614,0.0036701322306020405,0.009347615175321948,0.023348532006721323,0.226456776438604
213,ESO 4-state,1.0,0.0,1.0,1.0,-1.0,1.25,1.0,1.1,1.05,0.0,0.0057522488350053415,0.4297197167108907,0.001858191853240417,0.004508959132636705,0.011453112072850824,0.025953463684919208,0.2764622184242387
213,RTS 3-state,1.0,0.0,1.0,1.0,-1.0,1.25,1.0,1.1,1.05,0.0,0.002666973450852024,0.19923530929352332,0.00185723590056885,0.002182305888569344,0.00506612706096618,0.009046563780622588,0.12686579504561865
213,RTS 4-state,1.0,0.0,1.0,1.0,-1.0,1.25,1.0,1.1,1.05,0.0,0.002948331280907671,0.22025404657243508,0.001857629388183171,0.002358909716361683,0.005741575705162639,0.012517400233496387,0.14102280710757256
214,ESO 3-state,1.0,0.0,1.0,1.0,0.0,1.25,1.0,1.1,1.05,1.0,0.004684879585144745,0.34998227404589766,0.001862969071918452,0.003668685094162437,0.009305619539480989,0.023269593942677053,0.22596747118652996
214,ESO 4-state,1.0,0.0,1.0,1.0,0.0,1.25,1.0,1.1,1.05,1.0,0.005741295322430599,0.42890143842432504,0.0018618331817093537,0.004499998239566247,0.011478586350026111,0.026233167477488405,0.2756195486010395
214,RTS 3-state,1.0,0.0,1.0,1.0,0.0,1.25,1.0,1.1,1.05,1.0,0.002642679503213822,0.19742043851927113,0.0018610520250590791,0.002167806708584203,0.004964132594243206,0.0087657389820852,0.1251827974693434
214,RTS 4-state,1.0,0.0,1.0,1.0,0.0,1.25,1.0,1.1,1.05,1.0,0.0029297459211438783,0.2188656338382597,0.0018614525073026998,0.002346823208950308,0.0056923338018976186,0.01282813987461516,0.1396758754550829
215,ESO 3-state,1.0,0.0,1.0,1.0,1.0,1.25,1.0,1.1,1.05,2.0,0.00469617245732269,0.35082590407171077,0.0018666144083681537,0.0036795864132360963,0.00926319802471312,0.023190655878636515,0.22635412527374163
215,ESO 4-state,1.0,0.0,1.0,1.0,1.0,1.25,1.0,1.1,1.05,2.0,0.005746600182010846,0.4292977360848404,0.00186548126585866,0.004504635115404835,0.01145841958681132,0.02651287127007005,0.27569669640299455
215,RTS 3-state,1.0,0.0,1.0,1.0,1.0,1.25,1.0,1.1,1.05,2.0,0.0026476024628612213,0.1977882064802442,0.0018648682900782258,0.002174263655895504,0.004986176899587927,0.008577597134445919,0.12510786877508145
215,RTS 4-state,1.0,0.0,1.0,1.0,1.0,1.25,1.0,1.1,1.05,2.0,0.002937438392399687,0.21944029718535563,0.0018652763594448633,0.002356280645494488,0.005695752381448708,0.013149510980586546,0.13976536190712158
216,ESO 3-state,1.0,1.0,-1.0,-1.0,-1.0,1.25,1.5,0.9,0.95,0.0,0.00621873574445551,0.46456845645218514,-0.0020438972681140356,0.004931020446662982,0.01226183619281377,0.02505195313833814,0.32862112171311003
216,ESO 4-state,1.0,1.0,-1.0,-1.0,-1.0,1.25,1.5,0.9,0.95,0.0,0.007437040055609791,0.5555814495395032,-0.002044985442596818,0.0059137535311280685,0.014663259779970905,0.028742030373062666,0.4037479177530346
216,RTS 3-state,1.0,1.0,-1.0,-1.0,-1.0,1.25,1.5,0.9,0.95,0.0,0.004855245291831379,0.3627093839666497,-0.0020462892355385736,0.0038848370580805273,0.009640996963054996,0.01847885312658094,0.26911381932406647
216,RTS 4-state,1.0,1.0,-1.0,-1.0,-1.0,1.25,1.5,0.9,0.95,0.0,0.004998869360124881,0.3734387692401733,-0.0020458182043595553,0.003993097343078981,0.009852818877725638,0.020847693620469475,0.2737549854144548
217,ESO 3-state,1.0,1.0,-1.0,-1.0,0.0,1.25,1.5,0.9,0.95,1.0,0.006244210869769944,0.46647156668738116,-0.0020398694173422217,0.004954879175014623,0.012350959423926576,0.02536091799289468,0.33047918936588405
217,ESO 4-state,1.0,1.0,-1.0,-1.0,0.0,1.25,1.5,0.9,0.95,1.0,0.007453533218984714,0.5568135654817079,-0.0020409597670328333,0.005928383244325195,0.01469031406901488,0.02843288407599874,0.40529451342700457
217,RTS 3-state,1.0,1.0,-1.0,-1.0,0.0,1.25,1.5,0.9,0.95,1.0,0.004878345528231864,0.364435078964676,-0.002042070306368068,0.0039039456545497562,0.00970209440827833,0.01817733708385951,0.2712872546652256
217,RTS 4-state,1.0,1.0,-1.0,-1.0,0.0,1.25,1.5,0.9,0.95,1.0,0.0050236239644149885,0.37528805320683695,-0.0020415937123005943,0.0040145654177944235,0.009858994621584561,0.020542114647038645,0.2756429862236263
218,ESO 3-state,1.0,1.0,-1.0,-1.0,1.0,1.25,1.5,0.9,0.95,2.0,0.0062843152355285875,0.4694675491608442,-0.0020358420596120336,0.004989493673458815,0.012425879775578214,0.02566988280541535,0.33354882015641063
218,ESO 4-state,1.0,1.0,-1.0,-1.0,1.0,1.25,1.5,0.9,0.95,2.0,0.007485237110012794,0.5591819934586604,-0.0020369268302553134,0.005955031659400461,0.014706316305406683,0.028123737778962314,0.4077117176962854
218,RTS 3-state,1.0,1.0,-1.0,-1.0,1.0,1.25,1.5,0.9,0.95,2.0,0.004920619446392419,0.3675931370837309,-0.0020378512199345934,0.003937790750891359,0.009819116855883,0.018486197392063582,0.2746816712699012
218,RTS 4-state,1.0,1.0,-1.0,-1.0,1.0,1.25,1.5,0.9,0.95,2.0,0.005066937322428536,0.37852376231283247,-0.0020373685811421365,0.00405093880629614,0.009932326766159856,0.02023653483935254,0.2795357969514763
219,ESO 3-state,1.0,1.0,-1.0,0.0,-1.0,1.25,1.5,0.9,1.0,0.0,0.006918669157255828,0.5168567347399168,-0.003892452876843451,0.0055108455431773385,0.013678083116401132,0.027308082616319042,0.3657537818047005
219,ESO 4-state,1.0,1.0,-1.0,0.0,-1.0,1.25,1.5,0.9,1.0,0.0,0.007900162284929334,0.5901788320405204,-0.0038934866426020938,0.006291174083381508,0.015504120390344087,0.030086662079148622,0.4328930215501757
219,RTS 3-state,1.0,1.0,-1.0,0.0,-1.0,1.25,1.5,0.9,1.0,0.0,0.005774678166361015,0.4313952919846029,-0.0038947249803962442,0.004692778579506886,0.011288882342343529,0.02003229913898573,0.3148672467770524
219,RTS 4-state,1.0,1.0,-1.0,0.0,-1.0,1.25,1.5,0.9,1.0,0.0,0.005896498698475004,0.44049585179192996,-0.0038942781321016384,0.004773507182965803,0.011528484434742248,0.02254795014050092,0.3187637467928389
220,ESO 3-state,1.0,1.0,-1.0,0.0,0.0,1.25,1.5,0.9,1.0,1.0,0.006936333410419115,0.5181763365309666,-0.0038886264186102277,0.005526052981792688,0.013720881496973321,0.027601599228147755,0.3673301372557206
220,ESO 4-state,1.0,1.0,-1.0,0.0,0.0,1.25,1.5,0.9,1.0,1.0,0.007911376586278161,0.5910165924603066,-0.0038896622508163086,0.006303157895726024,0.015536471544446123,0.029792973096937892,0.43425316050769097
220,RTS 3-state,1.0,1.0,-1.0,0.0,0.0,1.25,1.5,0.9,1.0,1.0,0.005788069877891091,0.43239571506260993,-0.0038907168879554143,0.0046982723170593405,0.011313746098674013,0.019738706238702063,0.31662491924222586
220,RTS 4-state,1.0,1.0,-1.0,0.0,0.0,1.25,1.5,0.9,1.0,1.0,0.005911464266641954,0.44161384927388575,-0.0038902642065414333,0.004782426798053307,0.0115201353434927,0.022259010318696607,0.3202886352612899
221,ESO 3-state,1.0,1.0,-1.0,0.0,1.0,1.25,1.5,0.9,1.0,2.0,0.006965943207637074,0.5203883259697644,-0.003884800428766549,0.005550301837454668,0.013799551440542623,0.02789511580004239,0.36997299790639704
221,ESO 4-state,1.0,1.0,-1.0,0.0,1.0,1.25,1.5,0.9,1.0,2.0,0.007935549524993427,0.5928224233057283,-0.003885830960877665,0.006325581756993831,0.015620438537392506,0.02985902750658715,0.43640537902557347
221,RTS 3-state,1.0,1.0,-1.0,0.0,1.0,1.25,1.5,0.9,1.0,2.0,0.005816143453913138,0.4344929416397777,-0.0038867086526262334,0.0047141931571859485,0.0113690699189439,0.019956908141002837,0.3194073116877593
221,RTS 4-state,1.0,1.0,-1.0,0.0,1.0,1.25,1.5,0.9,1.0,2.0,0.0059407644845365865,0.4438027116987216,-0.0038862495858883934,0.004802407290107429,0.01157494576216457,0.021970070804732685,0.3235011500388344
222,ESO 3-state,1.0,1.0,-1.0,1.0,-1.0,1.25,1.5,0.9,1.05,0.0,0.007930575381556157,0.5924508316778183,-0.005564955570455778,0.0064363770361811935,0.015310538433372621,0.029349342620206526,0.41679321491816074
222,ESO 4-state,1.0,1.0,-1.0,1.0,-1.0,1.25,1.5,0.9,1.05,0.0,0.008698269553140991,0.6498011535078596,-0.005565940109273534,0.007002091374120911,0.016824070745767465,0.0313032336227502,0.475435244180614
222,RTS 3-state,1.0,1.0,-1.0,1.0,-1.0,1.25,1.5,0.9,1.05,0.0,0.006993715886757005,0.5224630741501789,-0.005567119219402338,0.005879978329583987,0.01298616930628474,0.021436955653586665,0.37409742903125154
222,RTS 4-state,1.0,1.0,-1.0,1.0,-1.0,1.25,1.5,0.9,1.05,0.0,0.007094327841512781,0.529979254679831,-0.005566694283241782,0.005932837561879446,0.013087959198861548,0.024086590443539932,0.3773227210836419
223,ESO 3-state,1.0,1.0,-1.0,1.0,0.0,1.25,1.5,0.9,1.05,1.0,0.00794217198880301,0.5933171521246319,-0.005561311324519375,0.006444318441298885,0.015342591083995036,0.02962888225051958,0.4181027302667607
223,ESO 4-state,1.0,1.0,-1.0,1.0,0.0,1.25,1.5,0.9,1.05,1.0,0.008705200344476036,0.650318915825608,-0.005562297831382309,0.0070104943379549756,0.016854512993888966,0.031440032549043255,0.47660607060715626
223,RTS 3-state,1.0,1.0,-1.0,1.0,0.0,1.25,1.5,0.9,1.05,1.0,0.007000635617306781,0.522980010175872,-0.005563301887192013,0.005878719725179944,0.01300306715588443,0.021157335892963775,0.37550215975790757
223,RTS 4-state,1.0,1.0,-1.0,1.0,0.0,1.25,1.5,0.9,1.05,1.0,0.0071026018684821265,0.5305973629410189,-0.005562871134397768,0.005934728313092426,0.013153099589914306,0.023812583117345063,0.37853558868063747
224,ESO 3-state,1.0,1.0,-1.0,1.0,1.0,1.25,1.5,0.9,1.05,2.0,0.007963261906264769,0.5948926669566698,-0.005557667524668253,0.006458869489476597,0.015373510298292325,0.02990842184280019,0.42032964480675905
224,ESO 4-state,1.0,1.0,-1.0,1.0,1.0,1.25,1.5,0.9,1.05,2.0,0.008722827439856156,0.6516357417575956,-0.005558648983821696,0.0070260726525020025,0.01690232966077654,0.03172523839311532,0.4784813238337675
224,RTS 3-state,1.0,1.0,-1.0,1.0,1.0,1.25,1.5,0.9,1.05,2.0,0.007018601851052982,0.5243221713196661,-0.005559484424674078,0.005884809021572335,0.012976452700021707,0.021287678369185156,0.37775284533444603
224,RTS 4-state,1.0,1.0,-1.0,1.0,1.0,1.25,1.5,0.9,1.05,2.0,0.007121737626456512,0.5320268929790382,-0.005559047252494444,0.00594337075749639,0.01323009055312014,0.023538576932653307,0.38114564290447267
225,ESO 3-state,1.0,1.0,0.0,-1.0,-1.0,1.25,1.5,1.0,0.95,0.0,0.005573392749636207,0.4163583360506655,0.0020592658639721965,0.004388537837719482,0.010959999430547922,0.027740962379840348,0.2700859382000036
225,ESO 4-state,1.0,1.0,0.0,-1.0,-1.0,1.25,1.5,1.0,0.95,0.0,0.006828860863966048,0.5101476379227001,0.002058238328680213,0.005376402177534949,0.013493204043698609,0.029626008274246877,0.33080428775098764
225,RTS 3-state,1.0,1.0,0.0,-1.0,-1.0,1.25,1.5,1.0,0.95,0.0,0.0039136408894880565,0.29236715979749583,0.002057070335381164,0.0031536960719160665,0.007574154928802812,0.013143907393868712,0.18940165009524693
225,RTS 4-state,1.0,1.0,0.0,-1.0,-1.0,1.25,1.5,1.0,0.95,0.0,0.0041051291888169845,0.3066722255381021,0.0020574972822406143,0.0032867092359379897,0.007941574341076493,0.016492036996318085,0.19879547989357158
226,ESO 3-state,1.0,1.0,0.0,-1.0,0.0,1.25,1.5,1.0,0.95,1.0,0.00560484362820951,0.4187078628215838,0.002063293976263214,0.004418115546555413,0.010990931098025604,0.027646631820368042,0.27159285743278844
226,ESO 4-state,1.0,1.0,0.0,-1.0,0.0,1.25,1.5,1.0,0.95,1.0,0.00684934337060572,0.5116777763438973,0.0020622633627347692,0.005394356541408693,0.013625688542932758,0.02993515457130256,0.33181722647665857
226,RTS 3-state,1.0,1.0,0.0,-1.0,0.0,1.25,1.5,1.0,0.95,1.0,0.003946950983608453,0.2948555786089217,0.002061289261687821,0.003183287392489283,0.00761848152148123,0.013085280490533813,0.19098256667647104
226,RTS 4-state,1.0,1.0,0.0,-1.0,0.0,1.25,1.5,1.0,0.95,1.0,0.0041396514314264105,0.30925119747409857,0.0020617217223178903,0.003318384299265311,0.00803869275908025,0.016834023191167363,0.20042621755448384
227,ESO 3-state,1.0,1.0,0.0,-1.0,1.0,1.25,1.5,1.0,0.95,2.0,0.005652510095414264,0.42226876941157426,0.0020673215847345945,0.00446169640945637,0.01111657761817067,0.027552301260895723,0.2740032274490337
227,ESO 4-state,1.0,1.0,0.0,-1.0,1.0,1.25,1.5,1.0,0.95,2.0,0.006886351906581375,0.5144424859473073,0.002066295704893723,0.005425940336793806,0.013675120078139757,0.030244300868366485,0.33407946286951257
227,RTS 3-state,1.0,1.0,0.0,-1.0,1.0,1.25,1.5,1.0,0.95,2.0,0.004003704881903046,0.2990953585275122,0.0020655083452688827,0.003231235829573137,0.007761763343251793,0.013284581958773606,0.19387684595140212
227,RTS 4-state,1.0,1.0,0.0,-1.0,1.0,1.25,1.5,1.0,0.95,2.0,0.004196436132818933,0.3134932785272359,0.002065946804203134,0.0033685197557604485,0.008153884872047351,0.017188089316899816,0.2032983267679693
228,ESO 3-state,1.0,1.0,0.0,0.0,-1.0,1.25,1.5,1.0,1.0,0.0,0.004920828098478126,0.3676087243640683,5.552098638469892e-06,0.003886666614692925,0.009790674710602784,0.02342861614093969,0.2476795528228335
228,ESO 4-state,1.0,1.0,0.0,0.0,-1.0,1.25,1.5,1.0,1.0,0.0,0.0061462977743773385,0.4591570034928357,4.5759401110851455e-06,0.004862518137898739,0.012252885695115671,0.02562881851567226,0.31131332420792285
228,RTS 3-state,1.0,1.0,0.0,0.0,-1.0,1.25,1.5,1.0,1.0,0.0,0.003013465227757599,0.22511985505733303,3.466611985276092e-06,0.0024208474494191753,0.005884726099649289,0.010912241610797353,0.1588635561766223
228,RTS 4-state,1.0,1.0,0.0,0.0,-1.0,1.25,1.5,1.0,1.0,0.0,0.003258364159790456,0.2434149432418937,3.871580502979669e-06,0.002612241960367855,0.006358639654320217,0.013404606803363979,0.1696909212171241
229,ESO 3-state,1.0,1.0,0.0,0.0,0.0,1.25,1.5,1.0,1.0,1.0,0.004948740447638867,0.3696939065455303,9.378805314936116e-06,0.0039125494850527675,0.009849479245839357,0.02333900210944098,0.24920510742460564
229,ESO 4-state,1.0,1.0,0.0,0.0,0.0,1.25,1.5,1.0,1.0,1.0,0.006163237933103668,0.46042251206482526,8.399722462913715e-06,0.00487757929894864,0.012341676152111111,0.025922507497875148,0.3123021634641129
229,RTS 3-state,1.0,1.0,0.0,0.0,0.0,1.25,1.5,1.0,1.0,1.0,0.003044536207217356,0.22744100159920794,7.474701703007637e-06,0.002453740433229744,0.005910270980089713,0.010745384190640278,0.16057544213443445
229,RTS 4-state,1.0,1.0,0.0,0.0,0.0,1.25,1.5,1.0,1.0,1.0,0.0032903857308738747,0.24580710339513076,7.885456453775425e-06,0.002639235676821582,0.006384481585632824,0.013115670687541478,0.17143506760160482
230,ESO 3-state,1.0,1.0,0.0,0.0,1.0,1.25,1.5,1.0,1.0,2.0,0.004993244631223404,0.37301857585503856,1.3205033362747608e-05,0.003952929655033922,0.00989130354099291,0.023249388077942287,0.2516891072998876
230,ESO 4-state,1.0,1.0,0.0,0.0,1.0,1.25,1.5,1.0,1.0,2.0,0.0061967663721992925,0.4629272422604752,1.2230447513919422e-05,0.0049062334689512765,0.012419569286554497,0.026216196480085878,0.3145839741311969
230,RTS 3-state,1.0,1.0,0.0,0.0,1.0,1.25,1.5,1.0,1.0,2.0,0.0031029593334921607,0.23180548060425266,1.1482934319218372e-05,0.002508869191529919,0.005985955187152534,0.011038828043276702,0.1638014388749917
230,RTS 4-state,1.0,1.0,0.0,0.0,1.0,1.25,1.5,1.0,1.0,2.0,0.0033476418476147125,0.25008440136529336,1.1900029698483106e-05,0.0026871036334446944,0.006469674658329434,0.013134190876080129,0.17458732710811062
231,ESO 3-state,1.0,1.0,0.0,1.0,-1.0,1.25,1.5,1.0,1.05,0.0,0.0051200368262051795,0.38249054198020876,-0.0018525698795206164,0.004043752662360095,0.010202411000709385,0.02383515275002536,0.2614994120396256
231,ESO 4-state,1.0,1.0,0.0,1.0,-1.0,1.25,1.5,1.0,1.05,0.0,0.006170234226058425,0.46094516765792976,-0.0018534995543086018,0.0048937042583881455,0.012143555082750591,0.023622303331236116,0.3210984123548124
231,RTS 3-state,1.0,1.0,0.0,1.0,-1.0,1.25,1.5,1.0,1.05,0.0,0.0034133869467460505,0.2549958657654286,-0.0018545557980815376,0.00274021263517782,0.006803910860356727,0.012751185698576598,0.1821253412426741
231,RTS 4-state,1.0,1.0,0.0,1.0,-1.0,1.25,1.5,1.0,1.05,0.0,0.0036300623878605712,0.2711825280334653,-0.001854170747187446,0.002902128567407785,0.007097873269058488,0.015378643466664808,0.19142898838257774
232,ESO 3-state,1.0,1.0,0.0,1.0,0.0,1.25,1.5,1.0,1.05,1.0,0.005140693522691212,0.38403369319232994,-0.0018489253969716007,0.004063420355347953,0.010249096273203272,0.023555448957453665,0.2628453585231863
232,ESO 4-state,1.0,1.0,0.0,1.0,0.0,1.25,1.5,1.0,1.05,1.0,0.006182291436903599,0.4618458973338056,-0.0018498578568306697,0.0049052137846346865,0.012182160377990352,0.023915832812550053,0.3219813569048685
232,RTS 3-state,1.0,1.0,0.0,1.0,0.0,1.25,1.5,1.0,1.05,1.0,0.0034319568192267215,0.2563831215275907,-0.00185073846846695,0.002753152588651825,0.0068439811380683925,0.012514774161881438,0.18348770197672928
232,RTS 4-state,1.0,1.0,0.0,1.0,0.0,1.25,1.5,1.0,1.05,1.0,0.0036503093724456373,0.2726950718627929,-0.0018503476455289174,0.002918756944244374,0.007188788543795024,0.01510463953714919,0.19284670676373572
233,ESO 3-state,1.0,1.0,0.0,1.0,1.0,1.25,1.5,1.0,1.05,2.0,0.0051759175130297475,0.38666508894447293,-0.0018452813702593994,0.004095277454915289,0.010319802554448247,0.02327574516487948,0.2650809422402247
233,ESO 4-state,1.0,1.0,0.0,1.0,1.0,1.25,1.5,1.0,1.05,2.0,0.006209377755592951,0.46386937120077343,-0.0018462095472582833,0.004928385171694979,0.012249013658529942,0.024398404853668447,0.3240890327524166
233,RTS 3-state,1.0,1.0,0.0,1.0,1.0,1.25,1.5,1.0,1.05,2.0,0.0034728203916282105,0.2594358202650483,-0.001846921008535756,0.002783884805664588,0.006904437307424845,0.01279426884106654,0.18615430772872354
233,RTS 4-state,1.0,1.0,0.0,1.0,1.0,1.25,1.5,1.0,1.05,2.0,0.00369143871504057,0.27576762486864415,-0.0018465238090219723,0.0029521245465155893,0.007235506969128856,0.014830636755139057,0.19549579267630132
234,ESO 3-state,1.0,1.0,1.0,-1.0,-1.0,1.25,1.5,1.1,0.95,0.0,0.007965522398740387,0.595061536248335,0.006162428996093853,0.006562575557772004,0.01480565634068794,0.031949564544963796,0.36206049017899294
234,ESO 4-state,1.0,1.0,1.0,-1.0,-1.0,1.25,1.5,1.1,0.95,0.0,0.008838043120046338,0.660242888435723,0.006161462099990603,0.007072324657308285,0.017231414821364838,0.035781266614721974,0.3968103886072602
234,RTS 3-state,1.0,1.0,1.0,-1.0,-1.0,1.25,1.5,1.1,0.95,0.0,0.00686050157105664,0.5125113457659282,0.0061604299063308795,0.00617944693671046,0.011396324401284096,0.018915172837807318,0.3056016724976508
234,RTS 4-state,1.0,1.0,1.0,-1.0,-1.0,1.25,1.5,1.1,0.95,0.0,0.006980112625101709,0.5214468472948168,0.006160812768833388,0.006191408293501896,0.011928828980826603,0.021068166192363277,0.312291326403084
235,ESO 3-state,1.0,1.0,1.0,-1.0,0.0,1.25,1.5,1.1,0.95,1.0,0.007989687825692312,0.5968668059301305,0.006166457357102378,0.006575966033873972,0.01486507968585813,0.03185626605151545,0.362925645554027
235,ESO 4-state,1.0,1.0,1.0,-1.0,0.0,1.25,1.5,1.1,0.95,1.0,0.008855839341418193,0.661572348865164,0.00616548648838937,0.0070837616628901135,0.017295359737635116,0.03609041540319512,0.39738064224514374
235,RTS 3-state,1.0,1.0,1.0,-1.0,0.0,1.25,1.5,1.1,0.95,1.0,0.0068822458299130545,0.5141357429406478,0.006164648829773583,0.0061852181711781985,0.011476158119778243,0.01922408838430409,0.30628892151052817
235,RTS 4-state,1.0,1.0,1.0,-1.0,0.0,1.25,1.5,1.1,0.95,1.0,0.007003079682965604,0.5231625932373246,0.006165037156912478,0.006197247816959097,0.011966692752600448,0.021377313251457072,0.31304063442566676
236,ESO 3-state,1.0,1.0,1.0,-1.0,1.0,1.25,1.5,1.1,0.95,2.0,0.008025321690427885,0.5995288212042786,0.006170485203406087,0.0065973812727347465,0.014999786643136614,0.03176296755807674,0.3643633875347228
236,ESO 4-state,1.0,1.0,1.0,-1.0,1.0,1.25,1.5,1.1,0.95,2.0,0.0088864559517354,0.6638595519207922,0.006169518231553785,0.007105718991273957,0.01739961065444607,0.036399563580749986,0.39862384439022397
236,RTS 3-state,1.0,1.0,1.0,-1.0,1.0,1.25,1.5,1.1,0.95,2.0,0.006917624479833142,0.5167786924821829,0.006168867910502129,0.006192874071263483,0.011559345400737567,0.019532998843407978,0.3076710941660152
236,RTS 4-state,1.0,1.0,1.0,-1.0,1.0,1.25,1.5,1.1,0.95,2.0,0.007039374412669856,0.5258739781954468,0.006169262189498176,0.006206521059497535,0.01205473141420324,0.02168646033039283,0.31446526496406485
237,ESO 3-state,1.0,1.0,1.0,0.0,-1.0,1.25,1.5,1.1,1.0,0.0,0.006054604407791815,0.45230708294113514,0.003903557074154043,0.004810903703883749,0.011808229403396597,0.02742678819780696,0.28238470977290747
237,ESO 4-state,1.0,1.0,1.0,0.0,-1.0,1.25,1.5,1.1,1.0,0.0,0.007027109923744548,0.5249577638838344,0.003902638522855956,0.005526172806855285,0.014061271559736029,0.030869983486137918,0.32473544393495857
237,RTS 3-state,1.0,1.0,1.0,0.0,-1.0,1.25,1.5,1.1,1.0,0.0,0.004573959006324575,0.3416959913979796,0.0039016582043952725,0.00396676446565029,0.007915292679889455,0.013231412734495226,0.2074218469426505
237,RTS 4-state,1.0,1.0,1.0,0.0,-1.0,1.25,1.5,1.1,1.0,0.0,0.004750898819813009,0.35491421764445547,0.0039020212931002644,0.00402612642230601,0.008552305106993584,0.01647423854313268,0.21690133400224967
238,ESO 3-state,1.0,1.0,1.0,0.0,0.0,1.25,1.5,1.1,1.0,1.0,0.006079835343665771,0.4541919510904625,0.003907384017112143,0.004831163395396671,0.011870362182947798,0.02733815462903104,0.2833988227640067
238,ESO 4-state,1.0,1.0,1.0,0.0,0.0,1.25,1.5,1.1,1.0,1.0,0.0070441567259262395,0.5262312392174752,0.003906461691834785,0.005537625244131784,0.01411947286275432,0.03116367246833559,0.32535671650522235
238,RTS 3-state,1.0,1.0,1.0,0.0,0.0,1.25,1.5,1.1,1.0,1.0,0.004598120494030822,0.34350096679981873,0.0039056662913898046,0.003974309344666245,0.008010174644909891,0.013504149385625372,0.20831309200870765
238,RTS 4-state,1.0,1.0,1.0,0.0,0.0,1.25,1.5,1.1,1.0,1.0,0.004776371883164573,0.3568171738414439,0.0039060351194302747,0.004038330869524304,0.0086311784295404,0.016799965629766045,0.21786091435928934
239,ESO 3-state,1.0,1.0,1.0,0.0,1.0,1.25,1.5,1.1,1.0,2.0,0.006118628095875685,0.4570899499372152,0.0039112104711006655,0.00486238427453173,0.01194099130955864,0.02724952106026425,0.28512541005074993
239,ESO 4-state,1.0,1.0,1.0,0.0,1.0,1.25,1.5,1.1,1.0,2.0,0.00707573571757627,0.5285903366305227,0.0039102918478409795,0.00556228013172188,0.014121386828044785,0.03145736145054632,0.3267780949008355
239,RTS 3-state,1.0,1.0,1.0,0.0,1.0,1.25,1.5,1.1,1.0,2.0,0.004640609025206012,0.3466750575083003,0.003909674521292952,0.003990343003887082,0.008124494475864691,0.01379764086984396,0.21019541142413586
239,RTS 4-state,1.0,1.0,1.0,0.0,1.0,1.25,1.5,1.1,1.0,2.0,0.004819397232593837,0.3600313673679159,0.0039100496452466466,0.00405941508415131,0.008750922967530515,0.017137022611651676,0.21976191652493957
240,ESO 3-state,1.0,1.0,1.0,1.0,-1.0,1.25,1.5,1.1,1.05,0.0,0.004719817732087451,0.35259231596815555,0.0018598158114465954,0.0036937976091092626,0.009379505941006033,0.023334752455141244,0.22734212039203733
240,ESO 4-state,1.0,1.0,1.0,1.0,-1.0,1.25,1.5,1.1,1.05,0.0,0.005775242407346954,0.4314374434080877,0.001858941000686513,0.004527954929348281,0.011540793068991584,0.027003899182167286,0.2771009422129713
240,RTS 3-state,1.0,1.0,1.0,1.0,-1.0,1.25,1.5,1.1,1.05,0.0,0.002672007295843824,0.19961136090496942,0.001858007623266385,0.0021825895136852336,0.0050270585455420395,0.008742825592961065,0.12599113236833945
240,RTS 4-state,1.0,1.0,1.0,1.0,-1.0,1.25,1.5,1.1,1.05,0.0,0.002962144494406199,0.22128595780606117,0.0018583527888596499,0.002367036666781363,0.005759262671416385,0.012642828181363946,0.14069190750117916
241,ESO 3-state,1.0,1.0,1.0,1.0,0.0,1.25,1.5,1.1,1.05,1.0,0.004745150877361557,0.3544848196346063,0.0018634605190257383,0.0037168226596110267,0.00942247952328193,0.023250339532497513,0.2284958684895275
241,ESO 4-state,1.0,1.0,1.0,1.0,0.0,1.25,1.5,1.1,1.05,1.0,0.0057905786390742425,0.4325831311803478,0.0018625821139996834,0.004541070286700123,0.01160995759249904,0.027283602974736483,0.277750064130324
241,RTS 3-state,1.0,1.0,1.0,1.0,0.0,1.25,1.5,1.1,1.05,1.0,0.0027012997178327783,0.20179964093942618,0.001861824950285125,0.0022041012840136823,0.005125028151842383,0.008470847171907686,0.12727815258584718
241,RTS 4-state,1.0,1.0,1.0,1.0,0.0,1.25,1.5,1.1,1.05,1.0,0.0029919299120168687,0.22351106690424236,0.0018621758433255912,0.0023934379688365605,0.005803222723108403,0.012953549308785575,0.1420054841905051
242,ESO 3-state,1.0,1.0,1.0,1.0,1.0,1.25,1.5,1.1,1.05,2.0,0.004786202951481943,0.3575516003263687,0.0018671047609195696,0.003752797749086065,0.009481169663050487,0.023165926609862483,0.23050878049437862
242,ESO 4-state,1.0,1.0,1.0,1.0,1.0,1.25,1.5,1.1,1.05,2.0,0.0058219419142289475,0.43492611356883365,0.0018662298816246314,0.004568565279851567,0.011653126254264345,0.02756330676731813,0.2793128040402491
242,RTS 3-state,1.0,1.0,1.0,1.0,1.0,1.25,1.5,1.1,1.05,2.0,0.0027585240603456513,0.2060745652271158,0.001865642407629465,0.0022480306545265257,0.005284156271467083,0.008650688403965517,0.13012642596004714
242,RTS 4-state,1.0,1.0,1.0,1.0,1.0,1.25,1.5,1.1,1.05,2.0,0.0030468627468255736,0.22761480491857686,0.0018659996344214849,0.002439922672413527,0.005918495690607879,0.01327489702778721,0.1447125992062366
