ets Jun  8 2016 00:22:57

rst:0x7 (TG0WDT_SYS_RESET),boot:0x13 (SPI_FAST_FLASH_BOOT)
configsip: 0, SPIWP:0xee
clk_drv:0x00,q_drv:0x00,d_drv:0x00,cs0_drv:0x00,hd_drv:0x00,wp_drv:0x00
mode:DIO, clock div:1
load:0x3fff0030,len:4832
load:0x40078000,len:16460
load:0x40080400,len:4
load:0x40080404,len:3504
entry 0x400805cc
11003	2306	1491	n
11559	2305	1491	n
11814	2305	1490	n
12109	2304	1492	n
12413	2303	1490	n
12669	2304	1491	n
12920	2304	1491	n
13170	2305	1491	n
13462	2303	1492	n
23835	2305	1491	n
24311	2304	1493	n
24565	2304	1491	n
24849	2304	1493	n
25100	2305	1492	n
25350	2305	1493	n
25603	2305	1493	n
36013	2304	1491	n
36497	2303	1489	n
36752	2303	1490	n
37002	2304	1491	n
37262	2304	1490	n
37539	2305	1492	n
37794	2303	1491	n
38045	2304	1491	n
48415	2303	1490	n
48930	2304	1492	n
49180	2303	1491	n
49431	2305	1493	n
49693	2304	1493	n
49966	2305	1491	n
50216	2305	1490	n
60594	2305	1492	n
61097	2304	1491	n
61370	2305	1491	n
61625	2304	1491	n
61880	2304	1492	n
62140	2304	1492	n
62413	2304	1490	n
62669	2304	1491	n
73083	2305	1490	n
73563	2304	1491	n
73848	2304	1491	n
74099	2303	1488	n
74349	2304	1492	n
74602	2303	1490	n
74886	2303	1493	n
85261	2303	1491	n
85748	2304	1491	n
85999	2303	1491	n
86280	2303	1492	n
86533	2304	1491	n
86788	2305	1491	n
87039	2304	1491	n
87320	2303	1491	n
97753	2304	1491	n
98229	2304	1491	n
98480	2303	1491	n
98766	2303	1491	n
99017	2305	1491	n
99267	2305	1491	n
99522	2304	1493	n
109928	2305	1491	n
110412	2303	1493	n
110668	2305	1491	n
110919	2305	1491	n
111179	2306	1494	n
111452	2304	1491	n
111708	2305	1491	n
122089	2305	1491	n
122576	2306	1491	n
122853	2305	1490	n
123104	2305	1491	n
123354	2304	1491	n
123620	2304	1491	n
123897	2305	1492	n
134303	2304	1492	n
134794	2303	1489	n
135053	2303	1491	n
135326	2304	1490	n
135583	2303	1490	n
135838	2304	1491	n
136097	2303	1490	n
146533	2305	1493	Time:00:00:00:00;;
147256	2304	1492	n
147518	2305	1492	n
147796	2305	1493	n
148047	2303	1490	n
148298	2305	1492	n
148559	2304	1491	n
158996	2306	1493	n
159472	2309	1492	n
159727	2305	1492	n
159986	2305	1491	n
160259	2304	1491	n
160514	2305	1493	n
160769	2306	1492	n
171132	2304	1492	n
171644	2304	1493	n
171895	2304	1491	n
172145	2304	1491	n
172396	2304	1491	n
172688	2304	1492	n
172939	2305	1491	n
183362	2304	1490	n
183854	2304	1489	n
184135	2305	1491	n
184386	2305	1493	n
184643	2304	1493	n
184894	2305	1492	n
185175	2304	1492	n
195614	2304	1492	Time:00:00:00:00;;
196319	2306	1493	n
196583	2305	1494	n
196860	2304	1491	n
197110	2305	1493	n
197361	2305	1491	n
207735	2303	1491	n
208243	2303	1491	n
208497	2306	1491	n
208752	2304	1492	n
209011	2303	1489	n
209285	2304	1490	n
209539	2304	1490	n
219966	2303	1491	n
220451	2302	1491	n
220731	2304	1490	n
220981	2304	1490	n
221232	2304	1491	n
221497	2304	1493	n
221775	2304	1491	n
232179	2304	1491	n
232662	2306	1493	n
232922	2305	1491	n
233197	2305	1493	n
233448	2303	1491	n
233708	2305	1490	n
233967	2303	1491	n
234240	2303	1491	n
244640	2303	1490	n
245125	2305	1490	n
245385	2304	1492	n
245669	2304	1491	n
245919	2304	1490	n
246170	2303	1491	n
246429	2304	1493	n
256890	2303	1491	n
257367	2305	1491	n
257619	2304	1492	n
257883	2303	1491	n
258156	2303	1491	n
258407	2305	1490	n
258667	2304	1491	n
269043	2304	1490	n
269552	2303	1492	n
269807	2305	1490	n
270057	2305	1490	n
270308	2303	1493	n
270593	2305	1491	n
270848	2304	1491	n
281203	2306	1491	n
281691	2304	1491	n
281950	2305	1491	n
282223	2304	1491	n
282474	2306	1493	n
282729	2304	1491	n
282989	2304	1490	n
293417	2303	1490	n
293904	2303	1491	n
294154	2305	1491	n
294413	2303	1489	n
294692	2304	1491	n
294942	2302	1491	n
295193	2304	1491	n
305583	2305	1491	n
306102	2304	1491	n
306353	2304	1490	n
306608	2303	1490	n
306872	2304	1492	n
307145	2304	1490	n
307395	2304	1491	n
317825	2304	1493	n
318315	2306	1492	n
318593	2304	1492	n
318848	2305	1491	n
319099	2304	1491	n
319358	2305	1491	n
319638	2304	1490	n
330039	2304	1491	n
330525	2306	1493	n
330788	2306	1492	n
331061	2305	1491	n
331312	2304	1492	n
331565	2305	1490	n
331828	2305	1491	n
342285	2305	1491	n
342771	2305	1490	n
343022	2303	1491	n
343281	2304	1491	n
343560	2303	1490	n
343814	2305	1491	n
344065	2304	1490	n
354447	2304	1490	Time:00:00:00:00;;
355037	2304	1491	n
355288	2304	1491	n
355542	2305	1492	n
355797	2305	1491	n
356047	2303	1489	n
366471	2306	1492	n
366727	2304	1491	n
366978	2305	1491	n
367228	2304	1491	n
367479	2304	1491	n
367735	2305	1491	n
367985	2304	1489	n
378407	2305	1491	n
378667	2304	1490	n
378918	2304	1491	n
379169	2304	1491	n
379419	2305	1491	n
379674	2305	1493	n
379925	2306	1492	n
390327	2305	1490	n
390583	2305	1490	n
390838	2304	1489	n
391089	2304	1493	n
391339	2303	1491	n
391594	2305	1491	n
391848	2304	1491	n
402230	2306	1491	n
402480	2304	1493	n
402736	2305	1491	n
402987	2305	1491	n
403237	2304	1494	n
403489	2302	1490	n
403744	2304	1490	n
414167	2305	1492	n
414418	2305	1491	n
414673	2306	1492	n
414924	2304	1491	n
415175	2303	1489	n
415425	2305	1492	n
415680	2303	1492	n
426069	2305	1490	n
426320	2304	1490	n
426576	2304	1491	n
426831	2303	1491	n
427082	2303	1490	n
427333	2302	1491	n
427586	2304	1492	n
437989	2305	1492	n
438240	2305	1493	n
438492	2304	1493	n
438747	2304	1491	n
438998	2305	1491	n
439249	2306	1491	n
439504	2305	1493	n
449908	2303	1490	n
450159	2305	1491	n
450410	2304	1492	n
450667	2305	1493	n
450918	2306	1491	n
451168	2307	1491	n
451419	2304	1490	n
461812	2305	1491	n
462062	2305	1492	n
462313	2305	1491	n
462566	2305	1493	n
462820	2305	1489	n
463071	2307	1490	n
473511	2304	1491	n
473766	2304	1491	n
474017	2305	1490	n
474267	2304	1491	n
474522	2305	1490	n
474777	2305	1489	n
475028	2304	1491	n
485426	2305	1493	n
485681	2304	1491	n
485932	2304	1491	n
486183	2304	1492	n
486433	2304	1492	n
486688	2304	1491	n
486939	2304	1490	n
497363	2305	1493	n
497617	2305	1491	n
497872	2305	1491	n
498123	2305	1492	n
498373	2304	1492	n
498631	2304	1491	n
498881	2304	1492	n
509265	2305	1491	n
509518	2305	1492	n
509773	2305	1490	n
510024	2306	1491	n
510274	2305	1492	n
510529	2305	1490	n
510783	2305	1492	n
521186	2304	1491	n
521437	2304	1490	n
521693	2303	1491	n
521943	2303	1492	n
522194	2303	1490	n
522445	2303	1492	n
522701	2303	1490	n
533105	2304	1490	n
533356	2303	1490	n
533611	2305	1490	n
533866	2303	1491	n
534116	2304	1491	n
534367	2304	1490	n
534620	2304	1492	n
545008	2304	1491	n
545259	2305	1491	n
545514	2303	1491	n
545769	2304	1490	n
546020	2304	1490	n
546271	2303	1491	n
546525	2304	1491	n
556944	2304	1492	n
557195	2305	1491	n
557446	2304	1490	n
557702	2303	1491	n
557953	2303	1491	n
558204	2306	1489	n
558454	2303	1489	n
568848	2304	1489	n
569098	2304	1490	n
569349	2305	1491	n
569602	2304	1491	n
569857	2303	1490	n
570108	2303	1489	n
570358	2304	1490	n
580754	2303	1492	n
581005	2303	1490	n
581255	2304	1491	n
581512	2303	1491	n
581766	2305	1494	n
582017	2304	1489	n
592376	2304	1493	n
592635	2304	1490	n
592886	2303	1489	n
593137	2304	1491	n
593388	2304	1490	n
593644	2305	1492	n
593895	2304	1491	n
604313	2305	1490	n
604566	2304	1490	n
604821	2304	1492	n
605072	2303	1490	n
605322	2304	1490	n
605576	2304	1490	n
605831	2306	1490	n
616216	2304	1490	n
616489	2303	1492	n
616745	2304	1491	n
617026	2303	1490	n
617277	2304	1490	n
617531	2303	1491	n
617785	2303	1490	n
628205	2304	1492	n
628698	2304	1491	n
628949	2304	1491	n
629199	2305	1492	n
629481	2304	1491	n
629737	2304	1492	n
629988	2304	1491	n
640366	2304	1490	n
640856	2304	1491	n
641129	2303	1491	n
641380	2304	1490	n
641638	2305	1491	n
641898	2304	1491	n
642171	2304	1491	n
652613	2305	1491	n
653070	2304	1491	n
653321	2304	1491	n
653576	2304	1491	n
653831	2303	1490	n
654082	2305	1490	n
654333	2303	1490	n
664757	2304	1491	n
665242	2303	1491	n
665497	2304	1490	n
665752	2304	1493	n
666003	2303	1491	n
666285	2303	1491	n
666539	2306	1491	n
676901	2304	1490	n
677378	2305	1491	n
677668	2305	1492	n
677919	2304	1489	n
678170	2303	1491	n
678421	2305	1491	n
678707	2305	1491	n
689132	2304	1491	Time:00:00:00:00;;
689831	2304	1493	n
690091	2304	1490	n
690364	2304	1492	n
690617	2301	1488	n
690872	2303	1491	n
691132	2304	1490	n
701591	2305	1492	n
702071	2302	1491	n
702321	2304	1492	n
702583	2304	1490	n
702860	2303	1491	n
703111	2303	1491	n
703362	2304	1491	n
713735	2304	1492	n
714242	2305	1490	n
714497	2306	1492	n
714752	2305	1491	n
715012	2304	1493	n
715285	2304	1491	n
715542	2305	1490	n
725960	2304	1491	n
726445	2306	1489	n
726727	2304	1492	n
726977	2305	1490	n
727228	2303	1491	n
727488	2304	1491	n
727767	2305	1491	n
738208	2304	1491	Time:00:00:00:00;;
738918	2304	1491	n
739191	2303	1491	n
739442	2304	1491	n
739701	2305	1491	n
739960	2303	1489	n
750429	2304	1491	n
750910	2305	1491	n
751160	2304	1490	n
751420	2304	1489	n
751697	2304	1490	n
751948	2304	1489	n
752199	2303	1490	n
762566	2303	1489	n
763077	2304	1491	n
763328	2304	1491	n
763583	2304	1491	n
763838	2304	1493	n
764119	2305	1491	n
764370	2304	1491	n
774778	2305	1490	n
775255	2305	1491	n
775542	2305	1491	n
775797	2304	1490	n
776047	2304	1491	n
776298	2306	1493	n
776583	2304	1491	n
776837	2303	1489	n
787233	2303	1491	n
787724	2305	1490	n
787983	2304	1490	n
788256	2304	1492	n
788511	2304	1488	n
788766	2303	1491	n
789026	2305	1490	n
799480	2301	1489	n
799962	2304	1491	n
800213	2304	1491	n
800472	2306	1491	n
800749	2303	1490	n
801000	2304	1491	n
801251	2302	1490	n
811650	2306	1491	n
812157	2306	1491	n
812408	2306	1491	n
812668	2305	1490	n
812928	2305	1491	n
813201	2304	1492	n
813452	2304	1490	n
823872	2303	1491	n
824357	2303	1491	n
824638	2303	1490	n
824889	2303	1490	n
825140	2304	1490	n
825399	2303	1489	n
825681	2304	1490	n
836102	2303	1491	n
836586	2304	1492	n
836849	2303	1491	n
837123	2304	1491	n
837373	2303	1490	n
837631	2304	1489	n
837890	2303	1490	n
848349	2303	1491	n
848840	2305	1490	n
849091	2304	1493	n
849350	2303	1490	n
849632	2304	1490	n
849882	2304	1491	n
850133	2304	1489	n
860565	2304	1491	n
861078	2304	1492	n
861329	2304	1490	n
861583	2305	1493	n
861846	2305	1491	n
862119	2303	1491	n
862370	2304	1491	n
872809	2303	1490	n
873299	2304	1490	n
873576	2303	1491	n
873831	2304	1491	n
874082	2305	1491	n
874341	2304	1491	n
874617	2305	1490	n
885040	2303	1490	n
885522	2303	1491	n
885786	2302	1491	n
886059	2304	1491	n
886310	2304	1490	n
886566	2304	1491	n
886829	2305	1490	n
897253	2304	1492	Time:00:00:00:00;;
897773	2305	1491	n
898024	2305	1491	n
898275	2304	1493	n
898532	2305	1491	n
898787	2306	1491	n
909156	2304	1492	n
909407	2304	1490	n
909667	2303	1490	n
909918	2305	1491	n
910169	2303	1491	n
910420	2304	1490	n
910675	2306	1490	n
921075	2303	1491	n
921326	2303	1491	n
921583	2304	1493	n
921838	2303	1490	n
922089	2304	1490	n
922339	2305	1491	n
922594	2303	1491	n
933012	2304	1491	n
933263	2303	1491	n
933516	2304	1491	n
933771	2303	1492	n
934022	2305	1490	n
934273	2303	1491	n
934528	2304	1491	n
944914	2305	1493	n
945165	2305	1492	n
945416	2304	1490	n
945672	2304	1491	n
945922	2304	1491	n
946173	2304	1489	n
946424	2302	1491	n
956835	2304	1491	n
957086	2303	1491	n
957337	2304	1490	n
957591	2304	1490	n
957846	2302	1490	n
958097	2304	1491	n
958347	2303	1490	n
968754	2304	1490	n
969004	2304	1491	n
969255	2303	1490	n
969512	2304	1489	n
969767	2304	1491	n
970017	2303	1491	n
970268	2304	1491	n
980661	2304	1493	n
980912	2304	1491	n
981162	2304	1491	n
981413	2304	1490	n
981669	2304	1491	n
981920	2304	1493	n
982171	2305	1491	n
992597	2304	1492	n
992852	2304	1491	n
993102	2305	1493	n
993353	2305	1491	n
993608	2303	1493	n
993863	2306	1491	n
994114	2304	1493	n
1004501	2305	1491	n
1004756	2305	1491	n
1005007	2303	1491	n
1005258	2304	1491	n
1005515	2303	1489	n
1005770	2304	1491	n
1016157	2306	1491	n
1016408	2305	1489	n
1016667	2305	1491	n
1016918	2305	1491	n
1017169	2303	1490	n
1017420	2304	1490	n
1017675	2303	1492	n
1028043	2304	1490	n
1028293	2305	1491	n
1028548	2304	1494	n
1028803	2304	1490	n
1029054	2304	1492	n
1029305	2307	1493	n
1039708	2305	1490	n
1039959	2305	1492	n
1040210	2304	1492	n
1040460	2303	1491	n
1040715	2303	1492	n
1040966	2303	1492	n
1041217	2305	1492	n
1051594	2305	1492	n
1051849	2304	1491	n
1052099	2304	1491	n
1052350	2304	1491	n
1052603	2303	1490	n
1052858	2304	1491	n
1063249	2304	1491	n
1063504	2304	1490	n
1063759	2303	1492	n
1064010	2304	1491	n
1064261	2305	1492	n
1064514	2303	1491	n
1064770	2304	1490	n
1075135	2304	1491	n
1075385	2304	1491	n
1075642	2304	1490	n
1075893	2304	1491	n
1076144	2305	1491	n
1076395	2304	1491	n
1086795	2305	1491	n
1087046	2304	1493	n
1087297	2305	1491	n
1087550	2306	1490	n
1087805	2304	1491	n
1088056	2306	1490	n
1088307	2303	1491	n
1098686	2304	1493	n
1098937	2304	1492	n
1099188	2304	1491	n
1099439	2304	1490	n
1099695	2303	1493	n
1099946	2304	1491	n
1110342	2305	1491	n
1110597	2305	1493	n
1110852	2305	1491	n
1111102	2303	1491	n
1111353	2304	1490	n
1111608	2304	1491	n
1111863	2305	1493	n
1122228	2306	1491	n
1122478	2305	1493	n
1122734	2305	1493	n
1122985	2304	1491	n
1123236	2305	1493	n
1123487	2306	1493	n
1133888	2304	1489	n
1134139	2303	1489	n
1134390	2305	1491	n
1134648	2304	1493	n
1134899	2303	1489	n
1135150	2303	1491	n
1135401	2305	1492	n
1145778	2303	1490	n
1146028	2305	1490	n
1146279	2303	1493	n
1146532	2304	1491	n
1146787	2304	1491	n
1147038	2304	1493	n
1157434	2304	1491	n
1157690	2304	1493	n
1157941	2305	1490	n
1158192	2303	1489	n
1158442	2305	1491	n
1158701	2304	1491	n
1158952	2305	1489	n
1169320	2304	1493	n
1169576	2307	1491	n
1169831	2305	1492	n
1170082	2306	1493	n
1170333	2305	1492	n
1170586	2304	1491	n
1180980	2304	1491	n
1181231	2305	1489	n
1181482	2303	1491	n
1181739	2303	1490	n
1181990	2306	1491	n
1182241	2304	1491	n
1182497	2303	1491	n
1192867	2304	1491	n
1193117	2303	1491	n
1193368	2304	1491	n
1193621	2303	1491	n
1193876	2304	1491	n
1194127	2303	1490	n
1204531	2304	1490	n
1204785	2304	1491	n
1205036	2304	1491	n
1205286	2305	1491	n
1205543	2304	1490	n
1205798	2304	1491	n
1206049	2303	1491	n
1216413	2304	1490	n
1216669	2306	1491	n
1216920	2306	1490	n
1217171	2305	1491	n
1217422	2305	1491	n
1217677	2305	1493	n
1228073	2304	1490	n
1228324	2303	1491	n
1228580	2303	1493	n
1228835	2304	1491	n
1229086	2304	1490	n
1229337	2305	1490	n
1229594	2304	1490	n
1239959	2303	1488	n
1240210	2303	1491	n
1240460	2302	1490	n
1240715	2303	1489	n
1240966	2303	1491	n
1241217	2303	1490	n
1251619	2304	1491	n
1251874	2304	1491	n
1252125	2304	1489	n
1252376	2305	1491	n
1252636	2304	1490	n
1252887	2304	1491	n
1253137	2304	1491	n
1263508	2304	1491	n
1263764	2304	1491	n
1264015	2305	1491	n
1264265	2305	1491	n
1264522	2303	1491	n
1264778	2304	1489	n
1275165	2304	1491	n
1275416	2304	1489	n
1275672	2305	1490	n
1275923	2304	1489	n
1276173	2304	1490	n
1276424	2304	1490	n
1276680	2304	1490	n
1287052	2304	1491	n
1287302	2304	1491	n
1287559	2304	1490	n
1287814	2303	1491	n
1288065	2303	1488	n
1288315	2304	1491	n
1298715	2305	1492	n
1298966	2305	1490	n
1299217	2304	1491	n
1299467	2306	1490	n
1299722	2304	1490	n
1299973	2304	1493	n
1300224	2304	1491	n
1310600	2303	1489	n
1310855	2303	1490	n
1311106	2304	1490	n
1311357	2303	1490	n
1311610	2305	1489	n
1311865	2303	1488	n
1322258	2306	1491	n
1322514	2306	1491	n
1322770	2304	1491	n
1323020	2304	1491	n
1323271	2305	1492	n
1323525	2305	1490	n
1323781	2305	1491	n
1334144	2305	1490	n
1334394	2303	1491	n
1334654	2304	1491	n
1334905	2305	1491	n
1335156	2304	1491	n
1335407	2304	1491	n
1345804	2303	1490	n
1346055	2304	1491	n
1346306	2304	1493	n
1346563	2305	1493	n
1346818	2304	1491	n
1347069	2305	1491	n
1347320	2304	1491	n
1357694	2304	1490	n
1357945	2303	1491	n
1358196	2304	1491	n
1358447	2304	1489	n
1358703	2304	1491	n
1358954	2305	1491	n
1369350	2304	1492	n
1369603	2304	1490	n
1369858	2305	1489	n
1370109	2303	1491	n
1370360	2304	1491	n
1370615	2303	1490	n
1370869	2304	1491	n
1381237	2304	1492	n
1381488	2305	1493	n
1381744	2305	1489	n
1381995	2305	1491	n
1382246	2305	1492	n
1382501	2304	1492	n
1392897	2305	1492	n
1393148	2304	1491	n
1393399	2305	1491	n
1393658	2306	1491	n
1393909	2304	1490	n
1394160	2307	1489	n
1394411	2304	1489	n
1404785	2305	1492	n
1405036	2304	1490	n
1405287	2304	1490	n
1405543	2306	1491	n
1405798	2303	1490	n
1406049	2304	1492	n
1416443	2305	1491	n
1416701	2305	1490	n
1416952	2304	1491	n
1417203	2305	1492	n
1417453	2303	1491	n
1417709	2303	1491	n
1417960	2303	1489	n
1428329	2305	1491	n
1428583	2305	1491	n
1428837	2306	1491	n
1429088	2303	1490	n
1429339	2305	1490	n
1429594	2305	1491	n
1439989	2305	1491	n
1440240	2304	1490	n
1440497	2304	1491	n
1440752	2303	1490	n
1441003	2305	1491	n
1441254	2308	1491	n
1441509	2304	1490	n
1451875	2305	1491	n
1452125	2304	1491	n
1452376	2306	1491	n
1452635	2304	1490	n
1452886	2304	1492	n
1453137	2305	1494	n
1463539	2304	1490	n
1463795	2305	1492	n
1464045	2305	1491	n
1464296	2305	1491	n
1464549	2305	1492	n
1464804	2305	1491	n
1465055	2304	1489	n
1475422	2305	1491	n
1475677	2305	1491	n
1475928	2307	1492	n
1476179	2305	1491	n
1476430	2305	1495	n
1476685	2306	1490	n
1487082	2305	1490	n
1487333	2302	1493	n
1487586	2303	1491	n
1487841	2304	1491	n
1488092	2304	1490	n
1488343	2304	1491	n
1488600	2304	1491	n
1498968	2305	1491	n
1499218	2305	1493	n
1499469	2307	1491	n
1499725	2303	1491	n
1499975	2303	1493	n
1500226	2306	1492	n
1510632	2305	1491	n
1510883	2304	1490	n
1511133	2305	1491	n
1511384	2306	1491	n
1511641	2305	1491	n
1511892	2305	1492	n
1512143	2304	1491	n
1522515	2307	1493	n
1522770	2306	1494	n
1523021	2306	1493	n
1523272	2306	1491	n
1523529	2304	1491	n
1523784	2305	1493	n
1534174	2304	1490	n
1534425	2307	1491	n
1534681	2305	1489	n
1534932	2304	1491	n
1535182	2305	1491	n
1535433	2304	1491	n
1535689	2305	1491	n
1546060	2305	1490	n
1546310	2305	1491	n
1546565	2304	1491	n
1546820	2306	1490	n
1547071	2305	1490	n
1547322	2304	1492	n
1557725	2305	1492	n
1557976	2303	1492	n
1558227	2305	1491	n
1558477	2307	1490	n
1558732	2306	1490	n
1558983	2307	1491	n
1559234	2306	1491	n
1569611	2305	1491	n
1569866	2305	1492	n
1570117	2306	1492	n
1570368	2304	1492	n
1570620	2306	1490	n
1570875	2306	1491	n
1581267	2304	1491	n
1581522	2306	1491	n
1581777	2307	1491	n
1582028	2306	1491	n
1582279	2304	1491	n
1582532	2304	1491	n
1582787	2305	1492	n
1593153	2304	1491	n
1593403	2303	1491	n
1593662	2304	1491	n
1593913	2305	1491	n
1594164	2306	1492	n
1594414	2305	1489	n
1604813	2305	1493	n
1605064	2306	1490	n
1605315	2304	1490	n
1605568	2305	1489	n
1605823	2304	1491	n
1606074	2305	1491	n
1606325	2305	1491	n
1616703	2304	1491	n
1617030	2305	1491	n
1617281	2304	1491	n
1617534	2305	1489	n
1617789	2304	1491	n
1618070	2303	1489	n
1628445	2304	1490	n
1628928	2305	1491	n
1629179	2305	1491	n
1629438	2305	1490	n
1629718	2305	1491	n
1629968	2305	1490	n
1630219	2306	1490	n
1640647	2304	1489	n
1641153	2303	1491	n
1641403	2304	1491	n
1641662	2304	1491	n
1641922	2306	1493	n
1642195	2305	1491	n
1642446	2304	1489	n
1652838	2304	1490	n
1653224	2305	1491	n
1653474	2306	1491	n
1653730	2305	1492	n
1653981	2306	1491	n
1654232	2305	1490	n
1664675	2305	1491	n
1665137	2304	1492	n
1665410	2304	1489	n
1665667	2303	1490	n
1665918	2305	1491	n
1666178	2305	1491	n
1666451	2303	1492	n
1676867	2306	1492	n
1677344	2305	1493	n
1677608	2304	1491	n
1677885	2305	1490	n
1678136	2305	1491	n
1678387	2304	1491	n
1678652	2304	1491	n
1689071	2304	1491	Time:00:00:00:00;;
1689770	2307	1491	n
1690030	2305	1491	n
1690303	2307	1491	n
1690560	2307	1490	n
1700931	2305	1493	n
1701407	2305	1489	n
1701694	2307	1491	n
1701945	2307	1492	n
1702195	2305	1494	n
1702446	2304	1492	n
1702734	2305	1491	n
1713144	2305	1491	n
1713625	2306	1491	n
1713880	2305	1491	n
1714162	2305	1492	n
1714413	2303	1491	n
1714669	2305	1491	n
1714920	2304	1490	n
1725339	2305	1491	n
1725834	2305	1490	n
1726084	2305	1490	n
1726335	2305	1490	n
1726621	2305	1491	n
1726876	2304	1492	n
1727127	2305	1490	n
1737539	2305	1493	Time:00:00:00:00;;
1738267	2306	1491	n
1738522	2304	1493	n
1738777	2306	1492	n
1739037	2306	1493	n
1749490	2305	1491	n
1749971	2305	1490	n
1750222	2304	1490	n
1750482	2303	1491	n
1750760	2306	1491	n
1751011	2305	1491	n
1751262	2303	1490	n
1761707	2306	1491	n
1762214	2306	1493	n
1762465	2305	1493	n
1762721	2303	1490	n
1762980	2305	1490	n
1763253	2305	1490	n
1763508	2305	1491	n
1773898	2307	1492	n
1774384	2305	1490	n
1774665	2305	1491	n
1774916	2306	1491	n
1775167	2305	1492	n
1775427	2306	1493	n
1775704	2306	1493	n
1786094	2305	1492	n
1786579	2305	1491	n
1786844	2306	1491	n
1787117	2306	1491	n
1787368	2306	1491	n
1787621	2304	1490	n
1798013	2304	1490	n
1798525	2304	1490	n
1798780	2306	1491	n
1799031	2305	1491	n
1799291	2306	1491	n
1799566	2306	1490	n
1799821	2305	1491	n
1810209	2306	1492	n
1810692	2305	1492	n
1810974	2304	1493	n
1811225	2304	1490	n
1811475	2307	1491	n
1811731	2305	1493	n
1812012	2306	1493	n
1822405	2305	1491	n
1822889	2304	1493	n
1823140	2306	1491	n
1823422	2306	1491	n
1823677	2305	1492	n
1823928	2305	1489	n
1834324	2305	1491	n
1834826	2307	1493	n
1835099	2305	1491	n
1835350	2305	1492	n
1835603	2306	1491	n
1835867	2305	1491	n
1836140	2306	1491	n
1846525	2304	1491	n
1847008	2304	1492	n
1847268	2305	1490	n
1847545	2304	1489	n
1847800	2304	1491	n
1848051	2304	1490	n
1848311	2304	1491	n
1858730	2305	1491	n
1859206	2305	1490	n
1859457	2303	1491	n
1859721	2303	1490	n
1859994	2304	1489	n
1860245	2304	1490	n
1870618	2306	1493	n
1871106	2308	1491	n
1871388	2305	1493	n
1871644	2305	1493	n
1871895	2305	1493	n
1872146	2306	1493	n
1872427	2306	1495	n
1882832	2305	1494	n
1883309	2305	1491	n
1883566	2306	1493	n
1883851	2307	1491	n
1884102	2304	1491	n
1884353	2307	1491	n
1884608	2305	1490	n
1895028	2306	1491	Time:00:00:00:00;;
1895585	2305	1490	n
1895840	2305	1490	n
1896091	2304	1492	n
1896342	2305	1491	n
1906723	2304	1491	n
1906974	2303	1490	n
1907225	2305	1491	n
1907476	2305	1490	n
1907731	2305	1490	n
1907982	2305	1493	n
1908233	2305	1491	n
1918625	2305	1493	n
1918880	2305	1490	n
1919131	2305	1491	n
1919382	2307	1491	n
1919639	2305	1493	n
1919889	2306	1491	n
1930269	2304	1491	n
1930525	2305	1491	n
1930781	2304	1490	n
1931032	2305	1493	n
1931282	2305	1491	n
1931539	2306	1491	n
1931795	2304	1491	n
1942172	2305	1491	n
1942423	2305	1491	n
1942678	2307	1492	n
1942929	2305	1491	n
1943180	2305	1491	n
1943431	2305	1492	n
1953816	2305	1492	n
1954067	2305	1491	n
1954318	2305	1490	n
1954573	2304	1490	n
1954828	2305	1491	n
1955079	2305	1494	n
1955330	2305	1493	n
1965722	2306	1491	n
1965973	2307	1491	n
1966224	2305	1491	n
1966475	2307	1491	n
1966729	2305	1491	n
1966980	2304	1491	n
1977362	2305	1491	n
1977617	2304	1490	n
1977872	2304	1491	n
1978123	2306	1491	n
1978374	2305	1491	n
1978632	2304	1491	n
1978882	2304	1492	n
1989264	2305	1491	n
1989517	2304	1490	n
1989772	2307	1490	n
1990023	2304	1491	n
1990274	2306	1491	n
1990528	2305	1491	n
2000908	2306	1493	n
2001159	2306	1491	n
2001410	2305	1490	n
2001667	2306	1493	n
2001918	2306	1492	n
2002169	2306	1491	n
2002420	2307	1491	n
2012810	2304	1491	n
2013061	2307	1491	n
2013312	2305	1491	n
2013565	2307	1492	n
2013820	2308	1493	n
2014071	2305	1491	n
2024454	2303	1491	n
2024710	2305	1491	n
2024961	2305	1491	n
2025212	2305	1491	n
2025463	2303	1491	n
2025718	2306	1493	n
2025969	2306	1493	n
2036357	2305	1491	n
2036611	2305	1491	n
2036866	2305	1491	n
2037117	2303	1493	n
2037368	2307	1490	n
2037621	2304	1490	n
2048001	2305	1491	n
2048252	2307	1493	n
2048509	2307	1490	n
2048764	2306	1491	n
2049015	2305	1493	n
2049266	2305	1493	n
2049523	2306	1493	n
2059903	2305	1490	n
2060154	2306	1493	n
2060405	2307	1491	n
2060663	2304	1490	n
2060914	2305	1491	n
2061165	2306	1492	n
2071547	2307	1491	n
2071802	2305	1493	n
2072053	2306	1490	n
2072304	2306	1491	n
2072559	2306	1490	n
2072814	2305	1491	n
2073064	2304	1490	n
2083449	2305	1493	n
2083709	2307	1492	n
2083960	2308	1492	n
2084211	2305	1491	n
2084461	2305	1491	n
2084717	2306	1492	n
2095093	2305	1492	n
2095344	2305	1491	n
2095600	2307	1492	n
2095855	2306	1493	n
2096106	2305	1490	n
2096356	2307	1491	n
2096611	2305	1493	n
2106995	2307	1491	n
2107246	2306	1492	n
2107501	2307	1493	n
2107756	2305	1491	n
2108007	2305	1490	n
2108258	2304	1492	n
2118644	2305	1492	n
2118895	2305	1491	n
2119145	2307	1492	n
2119396	2306	1493	n
2119654	2306	1492	n
2119905	2306	1491	n
2120156	2304	1491	n
2130545	2305	1490	n
2130801	2305	1491	n
2131052	2305	1489	n
2131303	2305	1490	n
2131559	2305	1489	n
2131814	2305	1490	n
2142186	2305	1491	n
2142437	2304	1490	n
2142693	2304	1491	n
2142944	2307	1490	n
2143195	2306	1491	n
2143446	2306	1490	n
2143703	2305	1491	n
2154088	2306	1491	n
2154339	2305	1491	n
2154593	2304	1491	n
2154848	2305	1491	n
2155099	2305	1490	n
2155350	2304	1490	n
2165732	2304	1489	n
2165983	2305	1491	n
2166234	2305	1493	n
2166485	2305	1491	n
2166744	2306	1492	n
2166995	2308	1492	n
2167246	2307	1493	n
2177638	2307	1492	n
2177889	2307	1491	n
2178140	2306	1491	n
2178391	2307	1493	n
2178649	2309	1494	n
2178900	2307	1492	n
2189278	2308	1493	n
2189531	2307	1492	n
2189785	2308	1493	n
2190036	2308	1492	n
2190287	2307	1491	n
2190543	2307	1493	n
2190798	2305	1491	n
2201180	2306	1490	n
2201431	2307	1492	n
2201686	2306	1490	n
2201937	2306	1492	n
2202188	2307	1493	n
2202439	2306	1493	n
2212824	2306	1493	n
2213075	2307	1494	n
2213326	2305	1492	n
2213580	2307	1491	n
2213836	2306	1494	n
2214087	2307	1493	n
2214338	2306	1491	n
2224731	2308	1493	n
2224982	2307	1492	n
2225233	2309	1491	n
2225484	2305	1491	n
2225744	2309	1491	n
2225995	2306	1492	n
2236371	2303	1490	n
2236631	2304	1490	n
2236881	2306	1491	n
2237132	2305	1493	n
2237383	2307	1491	n
2237640	2305	1491	n
2237891	2308	1492	n
2248273	2307	1492	n
2248528	2306	1491	n
2248783	2308	1492	n
2249034	2306	1494	n
2249285	2305	1493	n
2249542	2306	1490	n
2259917	2306	1491	n
2260168	2306	1493	n
2260419	2307	1490	n
2260674	2306	1492	n
2260925	2306	1491	n
2261176	2307	1491	n
2261427	2307	1495	n
2271819	2306	1491	n
2272070	2307	1490	n
2272321	2306	1492	n
2272576	2306	1491	n
2272831	2306	1494	n
2273082	2305	1491	n
2283463	2306	1492	n
2283718	2307	1491	n
2283969	2306	1492	n
2284220	2306	1491	n
2284471	2310	1493	n
2284727	2307	1493	n
2284977	2307	1491	n
2295365	2306	1491	n
2295618	2306	1491	n
2295873	2307	1490	n
2296124	2306	1493	n
2296375	2306	1491	n
2296636	2307	1491	n
2307009	2307	1494	n
2307260	2307	1491	n
2307514	2307	1493	n
2307769	2306	1492	n
2308020	2307	1491	n
2308271	2308	1491	n
2308525	2307	1491	n
2318912	2310	1493	n
2319163	2309	1493	n
2319414	2307	1492	n
2319670	2306	1491	n
2319921	2305	1491	n
2320172	2305	1491	n
2330556	2305	1491	n
2330811	2305	1493	n
2331062	2306	1491	n
2331313	2306	1492	n
2331566	2305	1492	n
2331821	2305	1491	n
2332072	2307	1493	n
2342458	2304	1490	n
2342713	2305	1491	n
2342964	2306	1491	n
2343215	2307	1492	n
2343466	2307	1492	n
2343721	2305	1491	n
2354102	2307	1491	n
2354353	2307	1492	n
2354608	2307	1493	n
2354863	2308	1494	n
2355114	2307	1493	n
2355364	2307	1494	n
2355617	2309	1494	n
2366004	2309	1492	n
2366255	2307	1493	n
2366511	2306	1493	n
2366766	2306	1491	n
2367017	2307	1491	n
2367268	2307	1493	n
2377653	2307	1491	n
2377903	2306	1493	n
2378154	2307	1492	n
2378405	2306	1492	n
2378664	2306	1492	n
2378915	2306	1491	n
2379166	2305	1493	n
2389552	2307	1491	n
2389807	2306	1492	n
2390058	2306	1491	n
2390309	2306	1491	n
2390566	2306	1492	n
2390821	2305	1491	n
2401194	2307	1493	n
2401445	2309	1491	n
2401702	2307	1493	n
2401953	2307	1492	n
2402204	2308	1491	n
2402455	2305	1494	n
2402711	2305	1491	n
2413097	2306	1491	n
2413348	2305	1492	n
2413601	2305	1491	n
2413856	2304	1489	n
2414107	2306	1490	n
2414358	2306	1491	n
2424741	2305	1493	n
2424992	2306	1493	n
2425243	2306	1490	n
2425497	2306	1492	n
2425752	2304	1490	n
2426003	2305	1493	n
2426254	2305	1491	n
2436647	2309	1492	n
2436898	2308	1494	n
2437149	2308	1491	n
2437399	2306	1493	n
2437658	2307	1491	n
2437909	2305	1491	n
2448287	2307	1493	n
2448542	2306	1491	n
2448796	2307	1493	n
2449047	2306	1491	n
2449298	2307	1491	n
2449551	2305	1491	n
2449806	2307	1491	n
2460189	2306	1491	n
2460440	2305	1491	n
2460696	2305	1491	n
2460947	2306	1491	n
2461198	2305	1492	n
2461449	2305	1490	n
2471833	2306	1491	n
2472084	2307	1491	n
2472335	2306	1491	n
2472591	2306	1489	n
2472846	2305	1491	n
2473097	2306	1493	n
2473347	2307	1489	n
2483739	2307	1493	n
2483990	2307	1493	n
2484241	2308	1493	n
2484497	2307	1493	n
2484753	2307	1493	n
2485004	2307	1492	n
2495379	2304	1491	n
2495638	2307	1491	n
2495889	2305	1491	n
2496140	2306	1491	n
2496391	2306	1493	n
2496649	2307	1491	n
2496900	2306	1493	n
2507282	2306	1492	n
2507535	2307	1491	n
2507789	2306	1491	n
2508040	2307	1492	n
2508291	2307	1491	n
2508546	2308	1493	n
2518926	2306	1491	n
2519177	2307	1491	n
2519428	2307	1491	n
2519683	2306	1491	n
2519934	2306	1493	n
2520185	2306	1491	n
2520436	2306	1491	n
2530828	2308	1494	n
2531079	2306	1491	n
2531330	2306	1490	n
2531583	2307	1491	n
2531838	2307	1491	n
2532089	2307	1493	n
2542472	2310	1493	n
2542728	2305	1493	n
2542979	2308	1490	n
2543230	2307	1492	n
2543480	2307	1491	n
2543737	2308	1493	n
2543988	2307	1491	n
2554374	2308	1492	n
2554632	2306	1493	n
2554883	2306	1490	n
2555134	2305	1490	n
2555385	2306	1492	n
2555642	2305	1489	n
2566018	2305	1494	n
2566269	2307	1490	n
2566525	2305	1490	n
2566780	2307	1490	n
2567031	2306	1490	n
2567282	2307	1491	n
2567535	2306	1491	n
2577920	2307	1493	n
2578171	2306	1492	n
2578422	2306	1491	n
2578677	2305	1491	n
2578928	2308	1492	n
2579179	2307	1492	n
2589564	2307	1491	n
2589819	2306	1491	n
2590070	2307	1494	n
2590321	2306	1489	n
2590577	2309	1490	n
2590832	2306	1491	n
2591083	2305	1492	n
2601467	2307	1493	n
2601722	2306	1491	n
2601973	2306	1492	n
2602224	2307	1491	n
2602475	2309	1491	n
2602729	2304	1492	n
2613111	2305	1491	n
2613362	2307	1491	n
2613617	2306	1493	n
2613872	2307	1490	n
2614123	2306	1491	n
2614374	2306	1494	n
2614632	2305	1492	n
2625013	2306	1491	n
2625264	2308	1493	n
2625517	2306	1491	n
2625772	2305	1493	n
2626023	2307	1491	n
2626274	2306	1493	n
2636661	2306	1491	n
2636912	2306	1493	n
2637163	2306	1491	n
2637414	2307	1491	n
2637670	2307	1489	n
2637921	2305	1491	n
2638172	2306	1491	n
2648562	2306	1491	n
2648817	2304	1491	n
2649068	2306	1493	n
2649319	2306	1490	n
2649574	2305	1491	n
2649829	2306	1493	n
2660203	2307	1493	n
2660568	2307	1491	n
2660832	2306	1491	n
2661105	2306	1493	n
2661356	2306	1491	n
2661610	2307	1492	n
2661874	2307	1493	n
2672270	2307	1493	n
2672757	2307	1492	n
2673008	2307	1493	n
2673258	2308	1491	n
2673546	2307	1493	n
2673801	2307	1491	n
2674052	2307	1491	n
2684473	2306	1494	Time:00:00:00:00;;
2685199	2307	1493	n
2685450	2306	1490	n
2685709	2305	1491	n
2685991	2305	1493	n
2686241	2306	1493	n
2696641	2306	1491	n
2697118	2305	1489	n
2697378	2305	1491	n
2697658	2306	1491	n
2697909	2306	1490	n
2698160	2305	1492	n
2708542	2307	1493	n
2709053	2306	1492	n
2709304	2306	1490	n
2709559	2307	1494	n
2709822	2306	1493	n
2710096	2306	1491	n
2710347	2307	1491	n
2720752	2305	1493	n
2721239	2306	1491	n
2721514	2305	1490	n
2721770	2307	1492	n
2722020	2307	1491	n
2722280	2307	1491	n
2722559	2304	1489	n
2732947	2305	1491	n
2733425	2307	1492	n
2733689	2306	1491	n
2733962	2306	1491	n
2734213	2305	1491	n
2734464	2305	1490	n
2744831	2307	1493	Time:00:00:00:00;;
2745560	2305	1491	n
2745815	2306	1492	n
2746066	2306	1493	n
2746325	2307	1491	n
2746601	2307	1493	n
2757027	2306	1491	n
2757508	2307	1491	n
2757772	2305	1490	n
2758045	2305	1491	n
2758296	2306	1491	n
2758549	2306	1490	n
2758813	2306	1491	n
2769223	2306	1491	n
2769707	2306	1490	n
2769958	2307	1493	n
2770217	2306	1491	n
2770492	2306	1493	n
2770747	2306	1492	n
2770998	2304	1491	n
2781419	2304	1489	n
2781931	2305	1491	n
2782182	2305	1491	n
2782433	2307	1491	n
2782697	2307	1491	n
2782977	2307	1491	n
2793390	2306	1493	n
2793873	2307	1493	n
2794133	2308	1493	n
2794406	2306	1491	n
2794667	2309	1492	n
2794918	2309	1492	n
2795178	2307	1494	n
2805610	2308	1491	n
2806090	2307	1491	n
2806341	2307	1493	n
2806606	2306	1490	n
2806883	2304	1491	n
2807134	2307	1491	n
2807385	2307	1491	n
2817816	2305	1490	n
2818323	2306	1494	n
2818576	2306	1490	n
2818831	2306	1491	n
2819091	2308	1491	n
2819364	2307	1491	n
2829771	2305	1491	n
2830255	2307	1491	n
2830517	2306	1491	n
2830794	2308	1491	n
2831045	2306	1493	n
2831296	2306	1492	n
2831558	2305	1491	n
2841992	2306	1492	n
2842470	2311	1492	n
2842725	2306	1493	n
2842984	2306	1492	n
2843257	2307	1493	n
2843511	2306	1491	n
2843766	2307	1491	n
2854179	2305	1492	n
2854700	2306	1492	n
2854951	2307	1492	n
2855202	2303	1491	n
2855453	2305	1490	n
2855740	2304	1492	n
2855991	2306	1490	n
2866375	2306	1491	n
2866862	2307	1493	n
2867150	2307	1491	n
2867401	2307	1491	n
2867663	2306	1492	n
2867913	2306	1491	n
2878389	2306	1491	n
2878873	2306	1493	n
2879124	2306	1494	n
2879375	2306	1493	n
2879666	2307	1491	n
2879916	2305	1491	n
2880167	2306	1491	n
2890583	2306	1491	Time:00:00:00:00;;
2891255	2306	1491	n
2891512	2306	1491	n
2891767	2307	1493	n
2892018	2307	1493	n
2892269	2307	1493	n
2902674	2306	1491	n
2902925	2306	1491	n
2903176	2306	1491	n
2903427	2307	1493	n
2903682	2307	1491	n
2903933	2306	1491	n
2914330	2306	1491	n
2914583	2306	1491	n
2914838	2306	1491	n
2915089	2308	1493	n
2915340	2305	1491	n
2915594	2306	1491	n
2915849	2307	1492	n
2926215	2307	1491	n
2926466	2307	1493	n
2926721	2306	1493	n
2926972	2306	1490	n
2927223	2307	1491	n
2927474	2308	1491	n
2937876	2309	1493	n
2938127	2309	1491	n
2938378	2309	1493	n
2938639	2308	1492	n
2938890	2307	1492	n
2939141	2306	1491	n
2939392	2305	1490	n
2949765	2307	1491	n
2950016	2307	1491	n
2950267	2306	1493	n
2950522	2306	1493	n
2950778	2306	1493	n
2951029	2305	1492	n
2961422	2306	1491	n
2961678	2306	1491	n
2961929	2307	1492	n
2962180	2308	1491	n
2962431	2307	1495	n
2962686	2306	1493	n
2962937	2307	1491	n
2973307	2307	1493	n
2973562	2307	1491	n
2973817	2304	1492	n
2974068	2306	1491	n
2974319	2307	1491	n
2974574	2307	1490	n
2984968	2306	1491	n
2985219	2305	1492	n
2985470	2310	1492	n
2985726	2309	1494	n
2985977	2306	1491	n
2986228	2307	1492	n
2986479	2305	1491	n
2996854	2306	1493	n
2997105	2306	1491	n
2997356	2306	1489	n
2997610	2306	1490	n
2997865	2305	1491	n
2998116	2305	1491	n
3008517	2306	1493	n
3008773	2306	1491	n
3009024	2307	1491	n
3009275	2306	1493	n
3009532	2306	1492	n
3009787	2306	1491	n
3010038	2305	1490	n
3020400	2305	1493	n
3020658	2309	1494	n
3020909	2305	1493	n
3021160	2307	1492	n
3021411	2306	1490	n
3021668	2307	1491	n
3032061	2306	1491	n
3032312	2306	1491	n
3032565	2304	1489	n
3032820	2305	1491	n
3033071	2306	1491	n
3033322	2306	1490	n
3033576	2305	1491	n
3043946	2305	1490	n
3044197	2304	1490	n
3044448	2305	1491	n
3044708	2304	1490	n
3044959	2306	1493	n
3045210	2304	1492	n
3055607	2306	1493	n
3055862	2308	1493	n
3056113	2306	1492	n
3056364	2308	1491	n
3056618	2306	1491	n
3056873	2307	1493	n
3057124	2305	1490	n
3067497	2306	1491	n
3067752	2308	1493	n
3068003	2309	1492	n
3068254	2305	1491	n
3068509	2307	1491	n
3068764	2308	1491	n
3079153	2305	1490	n
3079404	2306	1489	n
3079663	2304	1490	n
3079914	2305	1490	n
3080165	2306	1490	n
3080416	2305	1490	n
3080671	2305	1490	n
3091039	2305	1492	n
3091290	2306	1491	n
3091545	2304	1491	n
3091801	2305	1490	n
3092052	2304	1491	n
3092303	2305	1491	n
3102702	2307	1492	n
3102953	2306	1492	n
3103204	2306	1493	n
3103455	2304	1492	n
3103710	2305	1491	n
3103961	2306	1491	n
3104212	2306	1489	n
3114591	2306	1491	n
3114846	2307	1492	n
3115097	2306	1494	n
3115348	2306	1491	n
3115601	2306	1492	n
3115856	2306	1491	n
3126246	2307	1492	n
3126501	2305	1490	n
3126756	2305	1490	n
3127007	2305	1492	n
3127258	2306	1491	n
3127515	2305	1490	n
3127770	2304	1491	n
3138131	2305	1491	n
3138382	2307	1491	n
3138639	2307	1491	n
3138890	2308	1491	n
3139141	2307	1492	n
3139392	2306	1490	n
3149792	2307	1494	n
3150043	2306	1491	n
3150294	2306	1490	n
3150548	2306	1493	n
3150803	2305	1491	n
3151054	2307	1491	n
3151305	2305	1491	n
3161681	2307	1493	n
3161932	2307	1491	n
3162183	2306	1491	n
3162434	2307	1491	n
3162689	2306	1491	n
3162940	2308	1489	n
3173338	2306	1491	n
3173593	2305	1494	n
3173848	2306	1491	n
3174099	2306	1489	n
3174350	2305	1489	n
3174603	2304	1491	n
3174858	2307	1491	n
3185224	2305	1490	n
3185475	2307	1492	n
3185731	2307	1492	n
3185982	2305	1493	n
3186232	2304	1491	n
3186483	2305	1491	n
3196885	2306	1490	n
3197136	2306	1493	n
3197387	2307	1492	n
3197643	2307	1493	n
3197894	2306	1493	n
3198145	2306	1490	n
3198396	2307	1490	n
3208771	2303	1491	n
3209022	2306	1491	n
3209273	2304	1490	n
3209528	2304	1491	n
3209784	2305	1491	n
3210035	2308	1491	n
3220431	2306	1495	n
3220687	2306	1493	n
3220938	2307	1491	n
3221189	2306	1492	n
3221440	2306	1491	n
3221696	2306	1493	n
3221947	2306	1492	n
3232316	2307	1493	n
3232569	2306	1494	n
3232824	2307	1491	n
3233075	2305	1493	n
3233326	2306	1491	n
3233583	2306	1493	n
3243977	2307	1491	n
3244228	2307	1494	n
3244479	2308	1493	n
3244735	2307	1491	n
3244986	2307	1493	n
3245237	2308	1492	n
3245488	2307	1491	n
3255862	2305	1491	n
3256113	2307	1491	n
3256364	2306	1491	n
3256617	2306	1494	n
3256872	2306	1492	n
3257123	2306	1493	n
3267529	2306	1491	n
3267784	2305	1491	n
3268034	2305	1490	n
3268285	2306	1491	n
3268542	2304	1491	n
3268797	2304	1490	n
3269048	2305	1490	n
3279409	2306	1491	n
3279667	2304	1491	n
3279918	2306	1491	n
3280169	2308	1491	n
3280419	2305	1490	n
3280675	2307	1492	n
3291070	2305	1491	n
3291321	2305	1491	n
3291576	2306	1491	n
3291831	2305	1493	n
3292082	2305	1490	n
3292333	2306	1491	n
3292586	2307	1491	n
3302955	2305	1493	n
3303206	2306	1494	n
3303457	2303	1491	n
3303712	2307	1491	n
3303963	2305	1493	n
3304214	2306	1492	n
3314616	2304	1490	n
3314871	2306	1490	n
3315122	2305	1491	n
3315373	2305	1490	n
3315631	2306	1492	n
3315881	2305	1491	n
3316132	2306	1490	n
3326504	2306	1492	n
3326760	2306	1493	n
3327011	2305	1492	n
3327262	2306	1492	n
3327515	2306	1490	n
3327770	2305	1491	n
3338162	2309	1491	n
3338413	2309	1491	n
3338669	2308	1493	n
3338920	2306	1492	n
3339171	2307	1493	n
3339422	2306	1490	n
3339678	2304	1490	n
3350047	2305	1492	n
3350298	2308	1492	n
3350551	2309	1492	n
3350807	2306	1493	n
3351058	2307	1491	n
3351308	2307	1491	n
3361708	2306	1491	n
3361959	2305	1489	n
3362210	2307	1490	n
3362461	2305	1493	n
3362716	2307	1492	n
3362967	2306	1491	n
3363218	2305	1491	n
3373600	2306	1494	n
3373855	2305	1491	n
3374106	2307	1493	n
3374357	2306	1492	n
3374611	2306	1491	n
3374866	2307	1491	n
3385255	2305	1494	n
3385511	2307	1491	n
3385766	2306	1491	n
3386017	2307	1490	n
3386268	2305	1491	n
3386525	2305	1490	n
3386780	2306	1491	n
3397140	2306	1492	n
3397391	2306	1490	n
3397649	2307	1491	n
3397899	2306	1492	n
3398150	2306	1491	n
3398401	2308	1494	n
3408801	2305	1493	n
3409052	2305	1493	n
3409303	2306	1491	n
3409559	2309	1491	n
3409814	2305	1491	n
3410065	2307	1492	n
3410316	2307	1493	n
3420691	2306	1497	n
3420942	2306	1492	n
3421193	2307	1492	n
3421444	2306	1491	n
3421701	2306	1492	n
3421952	2306	1493	n
3432347	2307	1491	n
3432600	2305	1493	n
3432855	2306	1491	n
3433106	2307	1491	n
3433357	2306	1489	n
3433611	2305	1491	n
3433866	2305	1492	n
3444232	2307	1491	n
3444484	2306	1491	n
3444744	2306	1491	n
3444995	2304	1491	n
3445246	2307	1491	n
3445501	2306	1493	n
3455893	2308	1492	n
3456144	2309	1491	n
3456395	2306	1493	n
3456655	2307	1491	n
3456906	2306	1491	n
3457156	2307	1491	n
3457407	2306	1492	n
3467779	2306	1491	n
3468030	2306	1492	n
3468281	2307	1491	n
3468534	2306	1491	n
3468789	2307	1491	n
3469040	2306	1493	n
3479440	2306	1491	n
3479701	2306	1493	n
3479952	2305	1490	n
3480203	2307	1491	n
3480454	2304	1490	n
3480710	2305	1491	n
3480961	2305	1490	n
3491325	2308	1491	n
3491580	2306	1492	n
3491836	2305	1491	n
3492087	2307	1491	n
3492338	2307	1490	n
3492594	2307	1491	n
3502986	2307	1491	n
3503237	2307	1492	n
3503489	2305	1491	n
3503745	2307	1492	n
3503996	2305	1491	n
3504247	2307	1492	n
3504502	2306	1492	n
3514871	2305	1491	n
3515122	2304	1492	n
3515373	2307	1492	n
3515631	2305	1491	n
3515881	2306	1492	n
3516132	2306	1491	n
3526534	2306	1491	n
3526789	2307	1491	n
3527040	2306	1491	n
3527291	2305	1491	n
3527545	2305	1490	n
3527800	2307	1491	n
3528051	2305	1491	n
3538417	2306	1489	n
3538673	2306	1490	n
3538924	2305	1492	n
3539175	2306	1491	n
3539426	2305	1491	n
3539681	2304	1491	n
3550078	2308	1494	n
3550329	2306	1492	n
3550582	2306	1493	n
3550837	2308	1491	n
3551088	2308	1491	n
3551339	2307	1493	n
3551594	2306	1491	n
3561964	2308	1491	n
3562215	2304	1491	n
3562466	2305	1490	n
3562721	2305	1489	n
3562972	2304	1491	n
3563223	2306	1490	n
3573625	2305	1492	n
3573880	2306	1490	n
3574131	2305	1493	n
3574382	2308	1490	n
3574639	2305	1491	n
3574890	2305	1491	n
3575141	2308	1491	n
3585514	2305	1491	n
3585769	2306	1493	n
3586020	2306	1492	n
3586271	2306	1494	n
3586525	2307	1491	n
3586781	2305	1493	n
3597171	2307	1492	n
3597422	2307	1491	n
3597678	2307	1491	n
3597929	2307	1490	n
3598179	2306	1493	n
3598430	2308	1493	n
3598686	2306	1492	n
3609056	2307	1493	n
3609307	2306	1492	n
3609562	2308	1490	n
3609817	2305	1492	n
3610068	2305	1490	n
3610319	2305	1493	n
3620717	2305	1491	n
3620968	2304	1490	n
3621219	2307	1490	n
3621470	2309	1490	n
3621726	2307	1491	n
3621976	2307	1489	n
3622227	2306	1491	n
3632608	2306	1493	n
3632863	2306	1491	n
3633114	2306	1491	n
3633365	2305	1490	n
3633618	2306	1491	n
3633873	2305	1491	n
3644263	2307	1492	n
3644517	2307	1491	n
3644772	2307	1491	n
3645023	2309	1494	n
3645274	2309	1493	n
3645529	2307	1493	n
3645784	2307	1493	n
3656150	2305	1490	n
3656423	2306	1489	n
3656678	2305	1490	n
3656960	2305	1491	n
3657211	2306	1491	n
3657462	2305	1491	n
3667879	2306	1493	n
3668365	2306	1492	n
3668643	2307	1493	n
3668894	2306	1494	n
3669145	2306	1491	n
3669405	2306	1493	n
3669686	2305	1490	n
3680092	2307	1493	Time:00:00:00:00;;
3680799	2307	1493	n
3681072	2309	1489	n
3681323	2307	1491	n
3681580	2307	1491	n
3681845	2306	1492	n
3692272	2308	1492	n
3692756	2309	1492	n
3693007	2307	1491	n
3693267	2305	1492	n
3693546	2306	1490	n
3693801	2306	1493	n
3694052	2305	1491	n
3704467	2309	1493	n
3704977	2307	1493	n
3705228	2307	1492	n
3705479	2307	1491	n
3705744	2306	1492	n
3706017	2306	1491	n
3716438	2304	1490	n
3716921	2306	1490	n
3717181	2307	1492	n
3717454	2306	1492	n
3717710	2306	1491	n
3717961	2307	1492	n
3718221	2305	1492	n
3728663	2307	1494	n
3729142	2306	1491	n
3729393	2307	1493	n
3729661	2307	1491	n
3729934	2306	1492	n
3730185	2307	1492	n
3730436	2307	1492	n
3740863	2306	1491	Time:00:00:00:00;;
3741591	2306	1490	n
3741846	2306	1491	n
3742097	2305	1490	n
3742379	2306	1492	n
3742639	2305	1491	n
3753025	2306	1492	n
3753508	2306	1491	n
3753795	2304	1491	n
3754046	2305	1493	n
3754296	2307	1492	n
3754550	2306	1490	n
3764996	2306	1490	n
3765481	2305	1491	n
3765737	2306	1491	n
3765988	2307	1493	n
3766269	2306	1491	n
3766525	2306	1494	n
3766781	2307	1491	n
3777140	2307	1491	n
3777632	2306	1492	n
3777905	2307	1491	n
3778156	2309	1493	n
3778407	2305	1490	n
3778676	2306	1493	n
3778950	2305	1489	n
3789337	2306	1491	n
3789826	2306	1491	n
3790086	2306	1490	n
3790359	2306	1490	n
3790614	2305	1491	n
3790869	2305	1491	n
3801291	2306	1491	n
3801807	2306	1493	n
3802058	2309	1492	n
3802309	2306	1492	n
3802574	2305	1493	n
3802852	2304	1491	n
3803103	2307	1491	n
3813508	2309	1490	n
3813997	2309	1492	n
3814270	2306	1492	n
3814525	2307	1490	n
3814780	2306	1491	n
3815040	2308	1494	n
3815313	2307	1494	n
3825721	2305	1491	n
3826198	2306	1490	n
3826457	2305	1491	n
3826736	2306	1491	n
3826987	2307	1490	n
3827237	2305	1491	n
3837602	2305	1493	n
3838121	2306	1491	n
3838372	2307	1491	n
3838632	2306	1490	n
3838882	2306	1490	n
3839165	2304	1491	n
3839416	2306	1491	n
3849815	2305	1491	n
3850298	2306	1491	n
3850583	2306	1492	n
3850838	2305	1491	n
3851089	2307	1492	n
3851340	2306	1491	n
3851626	2305	1490	n
3862010	2307	1493	n
3862489	2308	1491	n
3862745	2307	1494	n
3863005	2305	1491	n
3863278	2305	1491	n
3863531	2306	1494	n
3863785	2305	1492	n
3874207	2306	1492	n
3874727	2305	1491	n
3874978	2307	1493	n
3875228	2307	1493	n
3875489	2307	1490	n
3875769	2306	1492	n
3886125	2306	1492	n
3886608	2305	1491	n
3886872	2306	1493	n
3887145	2307	1492	n
3887396	2305	1492	n
3887654	2307	1492	n
3887913	2305	1493	Time:00:00:00:00;;
3898534	2306	1493	n
3898812	2307	1493	n
3899063	2305	1493	n
3899314	2307	1492	n
3899567	2309	1493	n
3899822	2307	1492	n
3910259	2306	1492	n
3910514	2305	1491	n
3910769	2308	1491	n
3911020	2306	1492	n
3911271	2309	1493	n
3911525	2306	1493	n
3921919	2306	1494	n
3922170	2306	1490	n
3922421	2305	1491	n
3922677	2307	1491	n
3922928	2305	1493	n
3923178	2305	1490	n
3923429	2307	1492	n
3933805	2307	1491	n
3934055	2305	1492	n
3934306	2306	1491	n
3934563	2306	1490	n
3934818	2306	1491	n
3935069	2305	1491	n
3945465	2307	1494	n
3945721	2308	1491	n
3945972	2307	1492	n
3946223	2307	1491	n
3946474	2308	1491	n
3946729	2306	1491	n
3946980	2306	1493	n
3957352	2306	1494	n
3957608	2307	1491	n
3957863	2307	1493	n
3958114	2306	1491	n
3958365	2306	1494	n
3958618	2305	1491	n
3969012	2307	1493	n
3969263	2307	1491	n
3969516	2306	1492	n
3969772	2306	1491	n
3970023	2306	1492	n
3970274	2306	1491	n
3970528	2306	1490	n
3980898	2307	1491	n
3981148	2308	1491	n
3981399	2306	1490	n
3981658	2305	1491	n
3981909	2307	1491	n
3982160	2308	1493	n
3992562	2306	1491	n
3992817	2306	1489	n
3993068	2307	1492	n
3993319	2308	1494	n
3993574	2309	1493	n
3993829	2306	1493	n
3994080	2306	1493	n
4004444	2305	1491	n
4004701	2304	1493	n
4004952	2306	1492	n
4005203	2306	1493	n
4005454	2307	1493	n
4005709	2307	1491	n
4016104	2307	1492	n
4016355	2306	1491	n
4016611	2307	1493	n
4016866	2306	1493	n
4017117	2306	1490	n
4017367	2307	1492	n
4017621	2308	1492	n
4027990	2306	1491	n
4028241	2305	1491	n
4028497	2309	1493	n
4028753	2306	1492	n
4029004	2307	1491	n
4029255	2307	1493	n
4039655	2308	1493	n
4039906	2307	1493	n
4040157	2307	1491	n
4040408	2307	1491	n
4040667	2306	1493	n
4040918	2307	1491	n
4041169	2307	1491	n
4051542	2307	1493	n
4051797	2306	1493	n
4052047	2306	1491	n
4052298	2307	1494	n
4052551	2306	1493	n
4052806	2306	1491	n
4063197	2308	1492	n
4063448	2305	1491	n
4063708	2307	1491	n
4063959	2306	1491	n
4064210	2307	1494	n
4064461	2305	1493	n
4064716	2306	1491	n
4075083	2309	1491	n
4075334	2306	1493	n
4075586	2308	1491	n
4075842	2307	1493	n
4076092	2306	1492	n
4076343	2307	1491	n
4086743	2307	1492	n
4086994	2305	1491	n
4087245	2307	1490	n
4087502	2307	1491	n
4087757	2307	1492	n
4088007	2307	1493	n
4088258	2307	1492	n
4098639	2307	1491	n
4098890	2308	1491	n
4099141	2307	1491	n
4099392	2306	1493	n
4099649	2307	1492	n
4099900	2307	1491	n
4110289	2307	1493	n
4110546	2307	1491	n
4110801	2307	1491	n
4111052	2306	1492	n
4111303	2305	1491	n
4111559	2307	1490	n
4111814	2306	1492	n
4122175	2308	1493	n
4122426	2307	1493	n
4122681	2308	1491	n
4122932	2307	1493	n
4123183	2306	1491	n
4123434	2307	1494	n
4133835	2307	1493	n
4134086	2305	1494	n
4134337	2306	1491	n
4134593	2306	1492	n
4134849	2305	1492	n
4135099	2305	1489	n
4135350	2305	1493	n
4145726	2305	1492	n
4145977	2306	1494	n
4146228	2307	1493	n
4146479	2306	1489	n
4146734	2306	1490	n
4146985	2306	1491	n
4157382	2307	1489	n
4157639	2305	1492	n
4157890	2306	1491	n
4158141	2307	1492	n
4158392	2306	1491	n
4158649	2305	1491	n
4158900	2307	1491	n
4169268	2306	1491	n
4169522	2306	1492	n
4169778	2305	1493	n
4170029	2307	1491	n
4170280	2307	1494	n
4170533	2306	1491	n
4180928	2306	1492	n
4181179	2307	1491	n
4181430	2307	1491	n
4181686	2305	1493	n
4181937	2306	1491	n
4182187	2305	1493	n
4182438	2306	1491	n
4192814	2307	1491	n
4193064	2305	1491	n
4193315	2307	1491	n
4193568	2306	1492	n
4193823	2306	1491	n
4194074	2306	1491	n
4204474	2309	1493	n
4204730	2307	1492	n
4204981	2306	1493	n
4205232	2307	1493	n
4205483	2307	1491	n
4205738	2307	1492	n
4205989	2304	1489	n
4216360	2307	1493	n
4216614	2306	1492	n
4216869	2307	1491	n
4217120	2308	1494	n
4217371	2308	1491	n
4217626	2306	1492	n
4228020	2307	1491	n
4228271	2307	1492	n
4228525	2306	1491	n
4228781	2307	1491	n
4229032	2309	1493	n
4229282	2305	1491	n
4229539	2306	1491	n
4239907	2306	1490	n
4240157	2305	1492	n
4240408	2306	1489	n
4240667	2305	1490	n
4240918	2306	1493	n
4241169	2307	1493	n
4251570	2306	1492	n
4251825	2305	1491	n
4252076	2305	1491	n
4252327	2307	1492	n
4252584	2306	1491	n
4252839	2307	1490	n
4253090	2306	1491	n
4263453	2306	1493	n
4263709	2309	1492	n
4263960	2307	1493	n
4264211	2307	1492	n
4264462	2307	1493	n
4264717	2307	1491	n
4275113	2307	1490	n
4275364	2306	1492	n
4275617	2307	1490	n
4275872	2305	1491	n
4276123	2307	1491	n
4276374	2306	1491	n
4276632	2305	1492	n
4286999	2306	1493	n
4287250	2306	1492	n
4287504	2306	1493	n
4287759	2305	1492	n
4288010	2305	1490	n
4288261	2307	1491	n
4298663	2306	1492	n
4298914	2307	1492	n
4299165	2308	1493	n
4299416	2306	1492	n
4299672	2307	1492	n
4299923	2309	1493	n
4300174	2306	1494	n
4310548	2309	1493	n
4310803	2307	1493	n
4311054	2307	1493	n
4311305	2307	1491	n
4311559	2307	1491	n
4311814	2305	1491	n
4322205	2308	1491	n
4322457	2305	1491	n
4322712	2306	1493	n
4322963	2304	1493	n
4323214	2306	1491	n
4323465	2310	1491	n
4323720	2305	1490	n
4334092	2308	1493	n
4334343	2307	1491	n
4334597	2306	1492	n
4334852	2309	1491	n
4335103	2306	1491	n
4335354	2308	1492	n
4345752	2307	1493	n
4346003	2306	1492	n
4346254	2305	1491	n
4346511	2307	1491	n
4346767	2307	1493	n
4347017	2307	1494	n
4347268	2308	1492	n
4357645	2307	1492	n
4357896	2307	1491	n
4358147	2307	1493	n
4358398	2305	1492	n
4358658	2307	1491	n
4358909	2309	1493	n
4369298	2307	1492	n
4369551	2306	1491	n
4369806	2307	1491	n
4370057	2306	1493	n
4370308	2307	1493	n
4370563	2307	1493	n
4370818	2306	1493	n
4381184	2306	1491	n
4381435	2307	1494	n
4381690	2308	1493	n
4381941	2307	1493	n
4382192	2306	1493	n
4382443	2305	1490	n
4392844	2307	1493	n
4393095	2307	1492	n
4393346	2308	1493	n
4393600	2309	1493	n
4393855	2309	1493	n
4394105	2309	1493	n
4394356	2306	1493	n
4404734	2307	1493	n
4404985	2307	1491	n
4405236	2307	1491	n
4405487	2309	1491	n
4405744	2307	1493	n
4405995	2306	1492	n
4416390	2306	1493	n
4416648	2305	1491	n
4416899	2306	1492	n
4417150	2306	1493	n
4417401	2308	1494	n
4417662	2307	1491	n
4417913	2306	1491	n
4428277	2307	1493	n
4428531	2309	1491	n
4428785	2307	1494	n
4429036	2307	1491	n
4429287	2307	1492	n
4429542	2307	1492	n
4439937	2309	1493	n
4440188	2308	1493	n
4440439	2307	1491	n
4440695	2309	1491	n
4440946	2310	1492	n
4441197	2310	1493	n
4441448	2305	1493	n
4451823	2306	1492	n
4452074	2307	1491	n
4452324	2306	1492	n
4452579	2305	1491	n
4452835	2306	1492	n
4453086	2305	1491	n
4463484	2306	1491	n
4463744	2306	1491	n
4463995	2307	1493	n
4464246	2305	1491	n
4464501	2307	1491	n
4464756	2306	1491	n
4465007	2307	1491	n
4475369	2307	1494	n
4475626	2309	1494	n
4475881	2309	1491	n
4476132	2309	1492	n
4476382	2307	1493	n
4476640	2309	1491	n
4487029	2308	1494	n
4487280	2307	1492	n
4487534	2308	1493	n
4487789	2307	1491	n
4488039	2309	1493	n
4488290	2306	1493	n
4488545	2305	1491	n
4498915	2307	1491	n
4499166	2306	1491	n
4499416	2307	1491	n
4499672	2306	1493	n
4499923	2308	1491	n
4500174	2306	1492	n
4510579	2308	1492	n
4510834	2308	1492	n
4511085	2307	1490	n
4511336	2308	1493	n
4511591	2309	1494	n
4511847	2307	1494	n
4512097	2310	1493	n
4522462	2306	1492	n
4522717	2307	1493	n
4522968	2310	1493	n
4523219	2306	1495	n
4523470	2311	1493	n
4523725	2310	1491	n
4534122	2307	1493	n
4534373	2307	1492	n
4534631	2307	1491	n
4534881	2306	1494	n
4535132	2307	1492	n
4535383	2306	1491	n
4535640	2307	1491	n
4546008	2306	1494	n
4546259	2307	1492	n
4546514	2307	1495	n
4546769	2307	1493	n
4547020	2308	1493	n
4547271	2307	1491	n
4557673	2307	1494	n
4557924	2310	1493	n
4558175	2309	1493	n
4558426	2308	1499	n
4558681	2309	1493	n
4558932	2309	1493	n
4559183	2307	1492	n
4569559	2307	1491	n
4569814	2306	1493	n
4570065	2308	1491	n
4570316	2308	1491	n
4570569	2306	1491	n
4570824	2309	1493	n
4581214	2307	1491	n
4581465	2307	1494	n
4581721	2307	1493	n
4581972	2307	1490	n
4582223	2307	1493	n
4582474	2309	1491	n
4582729	2306	1491	n
4593100	2307	1491	n
4593350	2306	1493	n
4593603	2307	1491	n
4593858	2306	1493	n
4594109	2307	1491	n
4594360	2307	1491	n
4604760	2307	1493	n
4605011	2308	1493	n
4605262	2308	1493	n
4605515	2307	1493	n
4605770	2309	1494	n
4606021	2307	1492	n
4606272	2307	1494	n
4616652	2307	1493	n
4616903	2309	1492	n
4617154	2307	1494	n
4617405	2307	1493	n
4617664	2307	1492	n
4617914	2307	1493	n
4628307	2306	1493	n
4628562	2307	1491	n
4628817	2307	1493	n
4629068	2307	1492	n
4629319	2306	1493	n
4629574	2308	1491	n
4629829	2307	1494	n
4640193	2308	1493	n
4640443	2307	1491	n
4640701	2307	1494	n
4640952	2309	1494	n
4641203	2307	1494	n
4641454	2307	1493	n
4651853	2308	1491	n
4652104	2309	1493	n
4652355	2309	1494	n
4652611	2307	1495	n
4652866	2307	1493	n
4653117	2307	1491	n
4653368	2308	1492	n
4663743	2307	1493	n
4664183	2310	1494	n
4664456	2304	1492	n
4664712	2307	1491	n
4664963	2306	1493	n
4665222	2306	1494	n
4675646	2308	1495	n
4676123	2307	1491	n
4676373	2306	1493	n
4676641	2306	1494	n
4676915	2307	1493	n
4677166	2306	1493	n
4677417	2305	1490	n
4687854	2306	1491	Time:00:00:00:00;;
4688581	2307	1491	n
4688836	2308	1492	n
4689096	2307	1493	n
4689369	2306	1491	n
4689625	2308	1494	n
4700015	2307	1494	n
4700492	2306	1493	n
4700779	2309	1491	n
4701030	2308	1493	n
4701281	2306	1493	n
4701534	2307	1493	n
4701821	2305	1491	n
4712212	2308	1494	n
4712694	2307	1491	n
4712945	2305	1493	n
4713227	2307	1493	n
4713478	2306	1491	n
4713733	2306	1491	n
4724130	2309	1493	n
4724618	2307	1493	n
4724896	2306	1493	n
4725147	2308	1491	n
4725398	2305	1491	n
4725667	2306	1493	n
4725941	2307	1491	n
4736327	2308	1495	Time:00:00:00:00;;
4737039	2307	1494	n
4737312	2306	1494	n
4737565	2307	1493	n
4737820	2307	1491	n
4738080	2307	1491	n
4748501	2308	1491	n
4748982	2306	1492	n
4749233	2308	1494	n
4749497	2307	1493	n
4749775	2305	1493	n
4750026	2309	1493	n
4750277	2307	1493	n
4760688	2307	1493	n
4761197	2309	1493	n
4761448	2307	1493	n
4761708	2306	1493	n
4761968	2309	1493	n
4762241	2309	1493	n
4772603	2307	1493	n
4773083	2307	1494	n
4773334	2306	1491	n
4773620	2306	1493	n
4773875	2309	1494	n
4774126	2307	1498	n
4774377	2307	1493	n
4784799	2307	1493	n
4785290	2309	1493	n
4785546	2307	1493	n
4785801	2307	1495	n
4786083	2309	1495	n
4786334	2308	1491	n
4786591	2307	1493	n
4796995	2307	1493	n
4797480	2306	1492	n
4797759	2306	1491	n
4798010	2306	1491	n
4798261	2305	1491	n
4798525	2306	1491	n
4808914	2306	1493	n
4809391	2305	1492	n
4809649	2309	1495	n
4809908	2308	1491	n
4810182	2309	1493	n
4810433	2308	1495	n
4810688	2309	1492	n
4821110	2306	1493	n
4821620	2306	1493	n
4821875	2309	1494	n
4822126	2308	1491	n
4822386	2309	1494	n
4822669	2310	1493	n
4822920	2305	1493	n
4833307	2310	1494	n
4833806	2307	1494	n
4834079	2308	1493	n
4834330	2307	1493	n
4834583	2308	1493	n
4834847	2306	1493	n
4845285	2307	1491	n
4845773	2306	1491	n
4846024	2305	1493	n
4846283	2306	1493	n
4846563	2307	1492	n
4846818	2306	1491	n
4847069	2306	1493	n
4857492	2306	1491	n
4858010	2308	1492	n
4858261	2306	1491	n
4858514	2307	1491	n
4858778	2305	1493	n
4859052	2306	1491	n
4859303	2307	1491	n
4869708	2309	1493	n
4870191	2307	1493	n
4870473	2309	1493	n
4870728	2308	1493	n
4870979	2308	1493	n
4871230	2309	1493	n
4881662	2307	1493	n
4882148	2305	1491	n
4882399	2307	1493	n
4882658	2307	1493	n
4882940	2308	1493	n
4883191	2308	1494	n
4883442	2307	1493	n
4893871	2308	1491	Time:00:00:00:00;;
4894471	2310	1492	n
4894727	2308	1492	n
4894977	2308	1492	n
4895228	2309	1492	n
4895479	2307	1493	n
4905894	2307	1493	n
4906145	2305	1494	n
4906396	2307	1493	n
4906654	2307	1493	n
4906905	2308	1493	n
4907156	2305	1491	n
4917538	2307	1493	n
4917793	2309	1493	n
4918044	2307	1492	n
4918295	2307	1494	n
4918549	2307	1492	n
4918803	2306	1491	n
4919054	2307	1493	n
4929440	2306	1491	n
4929696	2309	1493	n
4929947	2307	1490	n
4930198	2306	1495	n
4930449	2305	1491	n
4930709	2306	1492	n
4941084	2307	1493	n
4941335	2308	1492	n
4941591	2305	1491	n
4941846	2305	1492	n
4942097	2307	1492	n
4942347	2305	1491	n
4942600	2306	1493	n
4952987	2306	1491	n
4953238	2307	1493	n
4953490	2307	1493	n
4953746	2306	1492	n
4953997	2305	1491	n
4954248	2307	1493	n
4964636	2306	1491	n
4964887	2306	1491	n
4965138	2308	1493	n
4965389	2307	1494	n
4965649	2307	1494	n
4965900	2308	1492	n
4966151	2307	1493	n
4976535	2305	1491	n
4976789	2307	1493	n
4977040	2306	1493	n
4977291	2307	1494	n
4977546	2306	1491	n
4977801	2309	1493	n
4988177	2307	1493	n
4988428	2306	1492	n
4988684	2307	1491	n
4988935	2306	1491	n
4989186	2307	1490	n
4989436	2307	1491	n
4989692	2306	1491	n
5000079	2307	1492	n
5000330	2306	1493	n
5000583	2307	1495	n
5000837	2308	1492	n
5001088	2307	1493	n
5001339	2306	1493	n
5011723	2306	1491	n
5011974	2307	1494	n
5012225	2306	1494	n
5012476	2309	1493	n
5012731	2305	1492	n
5012982	2307	1493	n
5013233	2306	1491	n
5023625	2305	1491	n
5023880	2306	1491	n
5024130	2307	1491	n
5024381	2306	1493	n
5024638	2307	1493	n
5024889	2307	1491	n
5035269	2309	1493	n
5035525	2306	1493	n
5035780	2305	1491	n
5036031	2307	1491	n
5036282	2307	1493	n
5036535	2306	1493	n
5036790	2306	1491	n
5047172	2307	1493	n
5047423	2307	1493	n
5047678	2307	1493	n
5047929	2309	1494	n
5048180	2310	1494	n
5048431	2306	1493	n
5058816	2307	1491	n
5059067	2308	1494	n
5059318	2306	1492	n
5059573	2307	1493	n
5059828	2307	1492	n
5060079	2309	1491	n
5060330	2308	1492	n
5070722	2307	1493	n
5070973	2306	1492	n
5071224	2307	1492	n
5071475	2308	1491	n
5071730	2305	1493	n
5071981	2307	1492	n
5082362	2308	1493	n
5082617	2309	1494	n
5082872	2305	1491	n
5083123	2307	1493	n
5083374	2307	1493	n
5083632	2306	1491	n
5083883	2305	1491	n
5094264	2308	1492	n
5094517	2306	1493	n
5094773	2306	1491	n
5095023	2307	1493	n
5095274	2306	1493	n
5095529	2308	1493	n
5105908	2307	1491	n
5106159	2305	1491	n
5106410	2308	1491	n
5106667	2303	1492	n
5106918	2304	1490	n
5107169	2307	1490	n
5107420	2306	1491	n
5117810	2305	1491	n
5118061	2306	1492	n
5118312	2307	1493	n
5118565	2307	1491	n
5118820	2307	1491	n
5119071	2308	1493	n
5129454	2306	1491	n
5129710	2306	1493	n
5129961	2307	1491	n
5130212	2309	1491	n
5130463	2309	1493	n
5130718	2307	1493	n
5130969	2309	1491	n
5141357	2306	1493	n
5141611	2307	1491	n
5141866	2307	1493	n
5142117	2308	1493	n
5142368	2307	1493	n
5142621	2309	1494	n
5153001	2307	1491	n
5153252	2307	1491	n
5153509	2305	1491	n
5153764	2305	1494	n
5154015	2306	1491	n
5154266	2305	1492	n
5154523	2306	1494	n
5164903	2307	1491	n
5165154	2305	1492	n
5165405	2306	1490	n
5165663	2307	1493	n
5165914	2306	1492	n
5166165	2305	1491	n
5176547	2308	1493	n
5176802	2306	1490	n
5177053	2307	1493	n
5177304	2307	1492	n
5177559	2307	1491	n
5177814	2307	1494	n
5178065	2307	1493	n
5188449	2306	1493	n
5188709	2307	1491	n
5188960	2308	1492	n
5189211	2307	1492	n
5189462	2306	1492	n
5189717	2307	1493	n
5200093	2306	1493	n
5200344	2306	1493	n
5200600	2308	1493	n
5200855	2304	1491	n
5201106	2307	1491	n
5201357	2306	1493	n
5201611	2305	1491	n
5211995	2306	1491	n
5212246	2307	1491	n
5212501	2308	1492	n
5212756	2306	1493	n
5213007	2307	1491	n
5213258	2305	1493	n
5223644	2309	1493	n
5223895	2307	1493	n
5224146	2306	1492	n
5224397	2309	1492	n
5224655	2307	1494	n
5224905	2309	1493	n
5225156	2307	1493	n
5235545	2308	1492	n
5235800	2306	1494	n
5236051	2307	1493	n
5236302	2308	1493	n
5236559	2307	1491	n
5236814	2308	1494	n
5247186	2307	1494	n
5247437	2306	1491	n
5247693	2307	1491	n
5247944	2306	1491	n
5248195	2309	1493	n
5248446	2308	1491	n
5248703	2306	1494	n
5259088	2307	1491	n
5259339	2306	1491	n
5259593	2307	1491	n
5259848	2308	1491	n
5260099	2306	1494	n
5260350	2307	1491	n
5270732	2309	1493	n
5270983	2306	1493	n
5271234	2308	1491	n
5271485	2307	1492	n
5271744	2307	1494	n
5271995	2307	1494	n
5272246	2307	1493	n
5282638	2304	1492	n
5282889	2306	1492	n
5283140	2307	1493	n
5283391	2306	1491	n
5283649	2309	1493	n
5283900	2306	1490	n
5294278	2307	1490	n
5294531	2305	1491	n
5294785	2306	1494	n
5295036	2306	1491	n
5295286	2306	1491	n
5295543	2306	1493	n
5295798	2305	1491	n
5306180	2308	1493	n
5306431	2307	1494	n
5306686	2308	1492	n
5306937	2308	1492	n
5307188	2307	1493	n
5307439	2307	1491	n
5317824	2307	1495	n
5318075	2309	1495	n
5318326	2310	1494	n
5318583	2311	1495	n
5318838	2309	1493	n
5319089	2307	1493	n
5319340	2309	1493	n
5329731	2307	1493	n
5329982	2309	1494	n
5330233	2309	1492	n
5330484	2306	1491	n
5330745	2306	1493	n
5330996	2308	1493	n
5341371	2307	1494	n
5341632	2310	1494	n
5341883	2309	1493	n
5342134	2311	1494	n
5342385	2307	1493	n
5342642	2308	1493	n
5342893	2309	1492	n
5353273	2310	1495	n
5353528	2307	1493	n
5353784	2308	1493	n
5354035	2307	1493	n
5354286	2310	1494	n
5354542	2310	1494	n
5364917	2310	1494	n
5365168	2311	1495	n
5365419	2310	1491	n
5365675	2309	1495	n
5365926	2309	1494	n
5366177	2310	1495	n
5366428	2309	1494	n
5376819	2309	1494	n
5377070	2309	1493	n
5377321	2307	1491	n
5377576	2309	1493	n
5377831	2312	1495	n
5378082	2308	1493	n
5388463	2308	1495	n
5388718	2306	1494	n
5388969	2308	1494	n
5389220	2309	1494	n
5389471	2309	1493	n
5389727	2309	1493	n
5389978	2307	1494	n
5400365	2310	1493	n
5400618	2309	1494	n
5400873	2307	1494	n
5401124	2311	1493	n
5401375	2308	1493	n
5401636	2310	1495	n
5412009	2308	1494	n
5412260	2310	1493	n
5412514	2309	1493	n
5412769	2309	1493	n
5413020	2309	1493	n
5413271	2309	1494	n
5413525	2309	1493	n
5423912	2309	1493	n
5424163	2310	1493	n
5424414	2310	1493	n
5424670	2309	1495	n
5424921	2307	1494	n
5425172	2309	1493	n
5435556	2308	1492	n
5435811	2311	1495	n
5436062	2309	1495	n
5436313	2309	1494	n
5436566	2307	1493	n
5436821	2310	1493	n
5437072	2309	1495	n
5447458	2306	1494	n
5447713	2309	1494	n
5447964	2309	1494	n
5448215	2308	1495	n
5448466	2308	1493	n
5448722	2310	1495	n
5459102	2307	1494	n
5459353	2307	1493	n
5459608	2305	1492	n
5459863	2309	1491	n
5460114	2307	1490	n
5460365	2307	1493	n
5460618	2308	1490	n
5471004	2307	1493	n
5471255	2307	1491	n
5471512	2307	1494	n
5471767	2307	1493	n
5472018	2306	1493	n
5472269	2309	1493	n
5482653	2308	1493	n
5482904	2307	1494	n
5483154	2309	1492	n
5483405	2307	1493	n
5483663	2308	1493	n
5483914	2308	1494	n
5484165	2308	1493	n
5494552	2309	1493	n
5494807	2310	1495	n
5495058	2309	1494	n
5495309	2309	1493	n
5495566	2310	1494	n
5495821	2309	1495	n
5506194	2309	1494	n
5506445	2307	1492	n
5506702	2309	1493	n
5506953	2309	1495	n
5507204	2307	1494	n
5507455	2306	1494	n
5507711	2307	1494	n
5518097	2306	1491	n
5518348	2307	1493	n
5518601	2307	1494	n
5518856	2310	1493	n
5519107	2309	1492	n
5519358	2307	1493	n
5529741	2311	1493	n
5529992	2307	1494	n
5530243	2309	1494	n
5530497	2309	1493	n
5530752	2310	1493	n
5531003	2309	1494	n
5531254	2308	1493	n
5541647	2308	1492	n
5541898	2309	1493	n
5542149	2307	1494	n
5542400	2307	1492	n
5542658	2311	1493	n
5542909	2307	1493	n
5553287	2309	1493	n
5553542	2309	1493	n
5553797	2307	1495	n
5554047	2309	1494	n
5554298	2309	1494	n
5554551	2308	1494	n
5554806	2309	1494	n
5565189	2309	1493	n
5565440	2307	1493	n
5565696	2309	1493	n
5565947	2309	1491	n
5566198	2307	1493	n
5566449	2306	1494	n
5576833	2310	1493	n
5577084	2310	1494	n
5577335	2308	1495	n
5577591	2310	1494	n
5577846	2310	1494	n
5578097	2309	1493	n
5578348	2310	1493	n
5588739	2311	1494	n
5588990	2310	1494	n
5589241	2307	1494	n
5589497	2310	1494	n
5589753	2311	1494	n
5590003	2310	1493	n
5600379	2309	1493	n
5600638	2307	1494	n
5600889	2307	1494	n
5601140	2307	1493	n
5601391	2307	1494	n
5601649	2309	1494	n
5601900	2307	1493	n
5612282	2309	1493	n
5612535	2307	1493	n
5612789	2309	1493	n
5613040	2309	1494	n
5613291	2309	1492	n
5613546	2309	1494	n
5623926	2309	1494	n
5624177	2309	1493	n
5624428	2309	1498	n
5624684	2308	1493	n
5624935	2309	1495	n
5625186	2309	1493	n
5625437	2309	1494	n
5635828	2309	1493	n
5636079	2307	1491	n
5636330	2310	1491	n
5636583	2307	1491	n
5636838	2309	1491	n
5637089	2307	1493	n
5647472	2310	1491	n
5647728	2306	1493	n
5647979	2308	1491	n
5648230	2310	1494	n
5648481	2305	1493	n
5648737	2309	1493	n
5648988	2309	1493	n
5659374	2308	1493	n
5659723	2309	1494	n
5659982	2310	1493	n
5660256	2309	1495	n
5660511	2307	1494	n
5660766	2309	1494	n
5661026	2306	1493	n
5671491	2308	1494	n
5671974	2309	1494	n
5672224	2309	1493	n
5672484	2310	1493	n
5672767	2309	1493	n
5673018	2307	1493	n
5683403	2309	1493	Time:00:00:00:00;;
5684110	2307	1493	n
5684383	2305	1491	n
5684640	2306	1494	n
5684900	2309	1493	n
5685173	2308	1493	n
5695566	2310	1493	n
5696048	2306	1493	n
5696298	2310	1493	n
5696583	2308	1493	n
5696838	2307	1493	n
5697089	2309	1493	n
5697340	2307	1495	n
5707760	2310	1494	n
5708244	2309	1491	n
5708497	2307	1494	n
5708752	2309	1494	n
5709034	2308	1494	n
5709285	2310	1493	n
5709540	2309	1493	n
5719957	2309	1494	n
5720466	2307	1494	n
5720722	2308	1494	n
5720973	2310	1495	n
5721224	2309	1494	n
5721511	2309	1492	n
5731875	2308	1490	n
5732353	2307	1493	n
5732608	2308	1493	n
5732871	2309	1493	n
5733145	2308	1493	n
5733396	2309	1493	n
5733654	2307	1493	n
5744072	2309	1493	Time:00:00:00:00;;
5744805	2310	1495	n
5745056	2310	1492	n
5745315	2308	1492	n
5745594	2308	1494	n
5745849	2307	1495	n
5756251	2310	1493	n
5756745	2307	1494	n
5757019	2309	1493	n
5757270	2310	1495	n
5757526	2309	1493	n
5757790	2310	1494	n
5758063	2309	1494	n
5768429	2307	1495	n
5768909	2307	1493	n
5769160	2310	1491	n
5769441	2306	1494	n
5769701	2309	1494	n
5769952	2307	1493	n
5780349	2309	1494	n
5780866	2310	1493	n
5781117	2308	1493	n
5781368	2309	1493	n
5781621	2309	1493	n
5781907	2309	1493	n
5782157	2310	1493	n
5792548	2309	1494	n
5793035	2309	1491	n
5793295	2310	1493	n
5793573	2309	1495	n
5793828	2308	1493	n
5794079	2309	1493	n
5794339	2309	1493	n
5804750	2309	1494	n
5805227	2309	1494	n
5805478	2309	1493	n
5805741	2310	1493	n
5806014	2307	1494	n
5806265	2308	1494	n
5816664	2308	1493	n
5817148	2308	1493	n
5817421	2308	1491	n
5817677	2309	1494	n
5817928	2309	1496	n
5818187	2310	1493	n
5818461	2308	1494	n
5828855	2308	1493	n
5829332	2307	1491	n
5829594	2307	1493	n
5829878	2307	1493	n
5830129	2307	1493	n
5830380	2307	1493	n
5830647	2309	1492	n
5841060	2309	1494	n
5841542	2311	1493	n
5841797	2310	1493	n
5842048	2311	1493	n
5842331	2309	1494	n
5842584	2309	1493	n
5852970	2310	1493	n
5853452	2305	1493	n
5853739	2309	1493	n
5853990	2309	1493	n
5854241	2309	1494	n
5854497	2307	1494	n
5854784	2309	1494	n
5865167	2307	1492	n
5865654	2309	1492	n
5865905	2307	1493	n
5866165	2307	1493	n
5866438	2309	1491	n
5866694	2309	1491	n
5866945	2309	1493	n
5877363	2308	1494	n
5877887	2309	1494	n
5878138	2309	1494	n
5878389	2308	1494	n
5878658	2310	1494	n
5878932	2310	1494	n
5889334	2310	1494	Time:00:00:00:00;;
5890035	2308	1493	n
5890286	2311	1495	n
5890543	2307	1493	n
5890798	2309	1491	n
5891049	2309	1495	n
5901443	2310	1495	n
5901701	2310	1491	n
5901952	2309	1495	n
5902203	2309	1493	n
5902453	2307	1490	n
5902710	2307	1495	n
5902961	2303	1490	n
5913328	2309	1493	n
5913583	2308	1493	n
5913837	2309	1493	n
5914088	2307	1493	n
5914339	2307	1493	n
5914594	2307	1493	n
5924989	2309	1495	n
5925240	2308	1493	n
5925497	2307	1494	n
5925753	2309	1492	n
5926004	2309	1493	n
5926255	2308	1493	n
5926511	2309	1493	n
5936874	2308	1493	n
5937125	2308	1494	n
5937376	2308	1494	n
5937635	2309	1491	n
5937886	2309	1494	n
5938137	2310	1494	n
5948539	2309	1494	n
5948794	2308	1494	n
5949045	2307	1494	n
5949296	2309	1493	n
5949549	2309	1493	n
5949804	2309	1493	n
5950055	2308	1493	n
5960421	2309	1493	n
5960677	2307	1493	n
5960928	2307	1494	n
5961179	2307	1495	n
5961430	2309	1494	n
5961685	2307	1494	n
5972082	2308	1494	n
5972333	2310	1495	n
5972586	2310	1495	n
5972842	2311	1494	n
5973092	2311	1494	n
5973343	2309	1495	n
5973600	2310	1495	n
5983967	2308	1494	n
5984218	2311	1494	n
5984469	2313	1493	n
5984725	2309	1493	n
5984976	2311	1494	n
5985227	2307	1493	n
5995632	2307	1494	n
5995883	2308	1493	n
5996133	2309	1493	n
5996384	2308	1494	n
5996641	2310	1493	n
5996892	2307	1494	n
5997143	2307	1493	n
6007515	2307	1495	n
6007770	2309	1492	n
6008021	2308	1492	n
6008272	2307	1494	n
6008529	2310	1494	n
6008784	2307	1493	n
6019174	2310	1495	n
6019425	2309	1495	n
6019681	2307	1493	n
6019932	2309	1495	n
6020183	2308	1494	n
6020433	2309	1494	n
6020689	2308	1493	n
6031059	2309	1491	n
6031310	2310	1493	n
6031565	2309	1494	n
6031820	2309	1494	n
6032071	2309	1495	n
6032322	2310	1494	n
6042725	2308	1493	n
6042976	2307	1493	n
6043227	2310	1493	n
6043478	2309	1493	n
6043733	2308	1493	n
6043984	2309	1493	n
6044235	2311	1494	n
6054611	2307	1493	n
6054866	2307	1491	n
6055117	2307	1493	n
6055368	2308	1493	n
6055621	2308	1493	n
6055876	2310	1493	n
6066267	2309	1494	n
6066522	2307	1494	n
6066778	2309	1494	n
6067029	2309	1494	n
6067279	2310	1494	n
6067532	2309	1494	n
6067788	2310	1493	n
6078152	2311	1493	n
6078403	2309	1494	n
6078662	2310	1494	n
6078913	2306	1493	n
6079164	2309	1494	n
6079415	2307	1491	n
6089813	2307	1493	n
6090064	2307	1492	n
6090315	2308	1492	n
6090568	2307	1492	n
6090823	2308	1494	n
6091074	2307	1495	n
6091325	2307	1494	n
6101703	2309	1493	n
6101954	2309	1493	n
6102205	2307	1494	n
6102456	2307	1494	n
6102712	2309	1493	n
6102963	2310	1494	n
6113359	2311	1493	n
6113614	2311	1493	n
6113869	2309	1494	n
6114120	2310	1493	n
6114371	2311	1493	n
6114626	2309	1495	n
6114881	2307	1494	n
6125244	2309	1493	n
6125501	2309	1494	n
6125757	2309	1494	n
6126008	2310	1494	n
6126259	2307	1491	n
6126514	2310	1493	n
6136905	2307	1495	n
6137156	2306	1493	n
6137407	2307	1493	n
6137667	2310	1493	n
6137918	2309	1494	n
6138169	2308	1493	n
6138420	2309	1491	n
6148794	2309	1494	n
6149045	2310	1492	n
6149296	2309	1493	n
6149549	2307	1491	n
6149804	2307	1492	n
6150055	2307	1495	n
6160452	2307	1492	n
6160709	2310	1493	n
6160960	2308	1494	n
6161210	2308	1494	n
6161461	2308	1492	n
6161716	2309	1493	n
6161967	2309	1494	n
6172337	2307	1494	n
6172594	2307	1493	n
6172849	2307	1492	n
6173100	2307	1491	n
6173350	2306	1493	n
6173603	2307	1494	n
6183998	2308	1494	n
6184249	2308	1493	n
6184505	2309	1492	n
6184760	2307	1493	n
6185011	2309	1494	n
6185262	2307	1493	n
6185515	2306	1493	n
6195883	2306	1493	n
6196134	2307	1491	n
6196385	2307	1494	n
6196642	2309	1495	n
6196893	2308	1494	n
6197144	2307	1493	n
6207548	2306	1493	n
6207803	2309	1494	n
6208054	2309	1493	n
6208305	2308	1494	n
6208559	2307	1491	n
6208814	2309	1493	n
6209065	2307	1493	n
6219429	2310	1493	n
6219685	2307	1493	n
6219936	2309	1492	n
6220187	2308	1493	n
6220438	2308	1493	n
6220694	2307	1494	n
6231090	2309	1494	n
6231341	2307	1491	n
6231596	2308	1493	n
6231852	2309	1494	n
6232103	2309	1493	n
6232354	2308	1495	n
6232611	2307	1493	n
6242976	2309	1495	n
6243227	2309	1494	n
6243478	2309	1493	n
6243734	2310	1498	n
6243985	2309	1494	n
6244236	2309	1494	n
6254642	2309	1492	n
6254893	2305	1493	n
6255144	2308	1494	n
6255395	2307	1493	n
6255654	2307	1494	n
6255905	2309	1493	n
6256156	2306	1491	n
6266528	2306	1493	n
6266784	2307	1494	n
6267035	2307	1493	n
6267286	2307	1494	n
6267542	2307	1494	n
6267797	2309	1494	n
6278183	2309	1494	n
6278434	2309	1497	n
6278689	2309	1493	n
6278940	2308	1493	n
6279191	2307	1494	n
6279442	2309	1495	n
6279701	2310	1494	n
6290068	2311	1493	n
6290319	2309	1491	n
6290576	2309	1495	n
6290831	2307	1493	n
6291082	2307	1493	n
6291333	2310	1495	n
6301729	2309	1491	n
6301980	2307	1493	n
6302231	2307	1492	n
6302482	2307	1493	n
6302738	2308	1493	n
6302989	2308	1493	n
6303240	2308	1491	n
6313617	2307	1494	n
6313872	2308	1493	n
6314123	2307	1492	n
6314374	2306	1494	n
6314632	2309	1493	n
6314883	2307	1494	n
6325275	2309	1494	n
6325531	2310	1494	n
6325787	2309	1495	n
6326038	2310	1495	n
6326289	2309	1497	n
6326546	2309	1493	n
6326801	2309	1493	n
6337161	2310	1494	n
6337412	2309	1493	n
6337669	2308	1493	n
6337919	2309	1495	n
6338170	2309	1495	n
6338421	2310	1493	n
6348822	2309	1492	n
6349073	2309	1494	n
6349324	2307	1491	n
6349580	2309	1492	n
6349835	2308	1494	n
6350086	2307	1492	n
6350337	2306	1491	n
6360712	2309	1495	n
6360963	2307	1493	n
6361214	2310	1493	n
6361465	2310	1493	n
6361720	2310	1494	n
6361971	2309	1493	n
6372368	2309	1494	n
6372625	2311	1494	n
6372880	2311	1494	n
6373131	2307	1494	n
6373382	2309	1493	n
6373639	2309	1493	n
6373890	2310	1493	n
6384253	2311	1494	n
6384508	2310	1495	n
6384764	2309	1496	n
6385015	2307	1493	n
6385265	2310	1494	n
6385522	2310	1494	n
6395914	2309	1493	n
6396165	2309	1494	n
6396416	2308	1493	n
6396672	2308	1494	n
6396923	2309	1491	n
6397174	2309	1494	n
6397425	2308	1494	n
6407799	2309	1491	n
6408050	2307	1493	n
6408301	2307	1493	n
6408556	2308	1491	n
6408811	2307	1493	n
6409062	2309	1493	n
6419460	2307	1494	n
6419715	2307	1494	n
6419966	2309	1494	n
6420217	2309	1495	n
6420468	2311	1494	n
6420723	2309	1495	n
6420974	2309	1493	n
6431346	2309	1494	n
6431600	2307	1493	n
6431855	2307	1491	n
6432106	2307	1491	n
6432357	2307	1494	n
6432611	2305	1491	n
6443007	2309	1491	n
6443258	2308	1493	n
6443514	2310	1494	n
6443770	2308	1493	n
6444021	2309	1493	n
6444271	2307	1493	n
6444529	2306	1492	n
6454892	2308	1492	n
6455143	2309	1491	n
6455394	2309	1493	n
6455653	2310	1493	n
6455904	2307	1493	n
6456155	2309	1494	n
6466559	2308	1493	n
6466814	2309	1493	n
6467065	2309	1493	n
6467316	2309	1493	n
6467569	2309	1493	n
6467824	2308	1494	n
6468075	2308	1494	n
6478438	2308	1494	n
6478695	2310	1495	n
6478946	2311	1494	n
6479197	2310	1495	n
6479448	2306	1493	n
6479709	2309	1493	n
6490099	2310	1493	n
6490350	2308	1494	n
6490603	2307	1491	n
6490858	2308	1493	n
6491109	2308	1493	n
6491360	2309	1493	n
6491615	2309	1493	n
6501984	2307	1493	n
6502235	2310	1494	n
6502487	2309	1495	n
6502744	2308	1495	n
6502995	2310	1493	n
6503246	2309	1495	n
6513650	2309	1495	n
6513901	2308	1493	n
6514152	2311	1493	n
6514403	2309	1494	n
6514662	2310	1493	n
6514913	2310	1496	n
6515164	2309	1494	n
6525534	2308	1492	n
6525789	2308	1494	n
6526040	2309	1493	n
6526291	2308	1493	n
6526545	2306	1493	n
6526800	2307	1493	n
6537192	2309	1492	n
6537443	2309	1493	n
6537701	2310	1494	n
6537952	2309	1493	n
6538203	2308	1493	n
6538454	2306	1491	n
6538709	2309	1493	n
6549077	2310	1494	n
6549328	2310	1493	n
6549583	2308	1493	n
6549837	2309	1494	n
6550088	2310	1495	n
6550339	2310	1493	n
6560738	2311	1493	n
6560989	2309	1494	n
6561240	2310	1493	n
6561497	2308	1494	n
6561753	2309	1494	n
6562004	2309	1494	n
6562255	2309	1494	n
6572632	2308	1495	n
6572883	2310	1494	n
6573134	2310	1493	n
6573385	2309	1493	n
6573642	2309	1493	n
6573893	2308	1494	n
6584284	2307	1493	n
6584539	2308	1495	n
6584794	2308	1493	n
6585045	2307	1493	n
6585296	2308	1493	n
6585549	2308	1493	n
6585804	2307	1494	n
6596169	2311	1495	n
6596420	2310	1493	n
6596676	2311	1495	n
6596927	2309	1493	n
6597178	2309	1495	n
6597429	2310	1495	n
6607830	2307	1491	n
6608081	2311	1493	n
6608332	2307	1491	n
6608586	2307	1493	n
6608841	2307	1492	n
6609092	2307	1494	n
6609343	2307	1493	n
6619721	2309	1494	n
6619972	2309	1493	n
6620223	2309	1495	n
6620474	2314	1495	n
6620730	2310	1493	n
6620981	2311	1495	n
6631377	2309	1493	n
6631636	2309	1494	n
6631887	2309	1493	n
6632138	2309	1493	n
6632389	2309	1494	n
6632649	2307	1494	n
6632900	2307	1494	n
6643262	2309	1493	n
6643515	2311	1494	n
6643770	2309	1495	n
6644021	2308	1492	n
6644272	2311	1493	n
6644529	2310	1495	n
6654923	2307	1493	n
6655174	2309	1494	n
6655425	2308	1493	n
6655680	2309	1493	n
6655962	2307	1493	n
6656213	2307	1493	n
6656464	2308	1493	n
6666894	2307	1493	n
6667402	2309	1494	n
6667663	2309	1492	n
6667914	2307	1493	n
6668165	2306	1492	n
6668447	2307	1492	n
6678849	2308	1493	n
6679325	2310	1493	n
6679580	2309	1493	n
6679844	2311	1494	Time:00:00:00:00;;
6680332	2310	1493	n
6680585	2309	1493	n
6690958	2308	1494	n
6691466	2310	1494	n
6691722	2309	1492	n
6691973	2310	1495	n
6692232	2307	1494	n
6692512	2307	1493	n
6692767	2309	1494	n
6703172	2307	1494	n
6703661	2309	1494	n
6703934	2309	1493	n
6704185	2307	1491	n
6704436	2309	1494	n
6704701	2309	1493	n
6704974	2307	1493	n
6715368	2309	1495	n
6715851	2313	1493	n
6716102	2307	1493	n
6716383	2307	1493	n
6716640	2311	1495	n
6716891	2309	1493	n
6727253	2309	1494	n
6727748	2309	1493	n
6728021	2309	1493	n
6728272	2309	1493	n
6728529	2310	1494	n
6728816	2309	1494	n
6729067	2309	1495	n
6739466	2310	1494	Time:00:00:00:00;;
6740171	2307	1494	n
6740445	2307	1491	n
6740701	2308	1491	n
6740952	2311	1494	n
6741212	2307	1491	n
6751651	2311	1493	n
6752128	2309	1494	n
6752379	2309	1494	n
6752647	2308	1493	n
6752920	2309	1491	n
6753171	2307	1492	n
6753422	2310	1491	n
6763840	2309	1495	n
6764347	2309	1493	n
6764600	2308	1494	n
6764855	2309	1493	n
6765114	2310	1494	n
6765388	2308	1493	n
6775811	2309	1494	n
6776289	2309	1494	n
6776554	2307	1493	n
6776832	2307	1494	n
6777083	2307	1494	n
6777334	2310	1494	n
6777595	2307	1493	n
6788034	2309	1492	n
6788518	2310	1493	n
6788773	2308	1494	n
6789033	2307	1494	n
6789306	2309	1494	n
6789563	2308	1493	n
6789818	2309	1493	n
6800237	2309	1494	n
6800757	2308	1494	n
6801008	2308	1494	n
6801259	2309	1494	n
6801521	2310	1494	n
6801798	2309	1494	n
6812192	2309	1495	n
6812678	2308	1493	n
6812929	2309	1493	n
6813211	2310	1494	n
6813462	2306	1492	n
6813717	2309	1492	n
6813968	2309	1493	n
6824413	2310	1490	n
6824896	2309	1495	n
6825147	2307	1494	n
6825397	2309	1491	n
6825690	2307	1493	n
6825940	2307	1494	n
6826191	2307	1492	n
6836602	2307	1494	n
6837119	2309	1493	n
6837370	2309	1494	n
6837625	2310	1491	n
6837880	2306	1491	n
6838163	2307	1493	n
6838414	2307	1491	n
6848797	2309	1493	n
6849280	2307	1493	n
6849542	2309	1493	n
6849820	2309	1492	n
6850071	2307	1493	n
6850322	2308	1492	n
6860718	2307	1494	n
6861227	2307	1494	n
6861478	2313	1494	n
6861733	2308	1494	n
6861993	2309	1493	n
6862266	2309	1493	n
6862522	2310	1495	n
6872912	2310	1491	n
6873402	2308	1494	n
6873685	2308	1493	n
6873936	2309	1491	n
6874187	2305	1493	n
6874447	2309	1491	n
6874726	2310	1492	n
6885108	2308	1495	n
6885591	2309	1493	n
6885855	2310	1493	n
6886128	2309	1493	n
6886379	2309	1494	n
6886639	2307	1493	n
6897027	2309	1493	Time:00:00:00:00;;
6897566	2310	1493	n
6897822	2310	1493	n
6898073	2309	1493	n
6898323	2309	1493	n
6898580	2309	1494	n
6908964	2308	1494	n
6909215	2308	1493	n
6909466	2309	1492	n
6909721	2311	1495	n
6909972	2310	1493	n
6910223	2309	1494	n
6910474	2311	1494	n
6920902	2310	1491	n
6921153	2307	1493	n
6921404	2308	1491	n
6921662	2307	1494	n
6921913	2309	1493	n
6922164	2309	1491	n
6932583	2309	1491	n
6932838	2309	1494	n
6933089	2308	1494	n
6933340	2308	1493	n
6933594	2309	1494	n
6933849	2308	1491	n
6934100	2309	1495	n
6944539	2308	1494	n
6944794	2310	1494	n
6945045	2311	1491	n
6945296	2308	1495	n
6945549	2309	1493	n
6945805	2310	1494	n
6956195	2310	1494	n
6956445	2309	1494	n
6956702	2308	1494	n
6956953	2310	1493	n
6957204	2308	1494	n
6957455	2307	1494	n
6957711	2310	1493	n
6968080	2309	1493	n
6968331	2310	1493	n
6968583	2308	1493	n
6968839	2308	1493	n
6969090	2308	1495	n
6969341	2309	1496	n
6979741	2309	1495	n
6979992	2307	1493	n
6980242	2309	1493	n
6980498	2309	1495	n
6980753	2308	1492	n
6981004	2309	1493	n
6981255	2309	1495	n
6991637	2310	1493	n
6991887	2309	1495	n
6992138	2311	1495	n
6992389	2309	1493	n
6992649	2309	1494	n
6992900	2309	1493	n
7003288	2310	1495	n
7003542	2309	1493	n
7003796	2309	1494	n
7004047	2308	1493	n
7004298	2309	1495	n
7004551	2311	1493	n
7004806	2313	1492	n
7015173	2309	1493	n
7015424	2307	1493	n
7015679	2308	1494	n
7015930	2309	1493	n
7016181	2307	1494	n
7016432	2309	1494	n
7026834	2306	1493	n
7027085	2307	1493	n
7027335	2309	1493	n
7027591	2310	1493	n
7027846	2309	1493	n
7028097	2311	1495	n
7028348	2309	1493	n
7038723	2307	1494	n
7038974	2309	1495	n
7039225	2308	1493	n
7039476	2309	1493	n
7039731	2310	1494	n
7039982	2309	1495	n
7050380	2310	1493	n
7050638	2307	1493	n
7050889	2310	1494	n
7051140	2310	1493	n
7051391	2306	1491	n
7051649	2309	1493	n
7051900	2309	1494	n
7062265	2309	1494	n
7062517	2307	1493	n
7062773	2309	1494	n
7063024	2307	1493	n
7063275	2308	1492	n
7063532	2307	1494	n
7073926	2309	1494	n
7074177	2309	1495	n
7074428	2310	1497	n
7074683	2309	1494	n
7074934	2309	1494	n
7075185	2308	1495	n
7075436	2310	1495	n
7085812	2309	1495	n
7086063	2307	1494	n
7086314	2309	1495	n
7086567	2309	1495	n
7086822	2309	1493	n
7087073	2310	1493	n
7097473	2311	1494	n
7097728	2309	1494	n
7097979	2308	1494	n
7098230	2311	1493	n
7098481	2309	1494	n
7098737	2306	1493	n
7098988	2307	1493	n
7109358	2307	1493	n
7109615	2307	1493	n
7109870	2307	1493	n
7110121	2309	1492	n
7110371	2307	1493	n
7110632	2308	1491	n
7121019	2310	1494	n
7121269	2309	1493	n
7121525	2308	1494	n
7121781	2309	1494	n
7122032	2307	1494	n
7122283	2310	1493	n
7122540	2309	1494	n
7132904	2309	1494	n
7133155	2307	1494	n
7133405	2307	1495	n
7133663	2309	1493	n
7133914	2309	1493	n
7134165	2307	1495	n
7144567	2310	1494	n
7144822	2307	1493	n
7145073	2308	1493	n
7145324	2307	1492	n
7145580	2307	1494	n
7145836	2308	1492	n
7146087	2307	1493	n
7156450	2307	1492	n
7156709	2307	1493	n
7156960	2308	1493	n
7157211	2309	1493	n
7157461	2306	1494	n
7157717	2306	1494	n
7168111	2307	1493	n
7168362	2311	1493	n
7168617	2308	1493	n
7168873	2309	1493	n
7169124	2307	1494	n
7169374	2308	1493	n
7169636	2309	1494	n
7179997	2310	1493	n
7180248	2308	1493	n
7180504	2310	1494	n
7180760	2310	1493	n
7181011	2309	1493	n
7181262	2307	1494	n
7191662	2307	1494	n
7191913	2308	1495	n
7192164	2309	1494	n
7192415	2307	1491	n
7192671	2309	1494	n
7192922	2308	1494	n
7193173	2309	1493	n
7203548	2309	1492	n
7203803	2310	1493	n
7204054	2309	1495	n
7204305	2308	1493	n
7204560	2309	1494	n
7204815	2310	1494	n
7215204	2309	1493	n
7215455	2309	1495	n
7215711	2310	1494	n
7215962	2310	1493	n
7216213	2308	1495	n
7216464	2309	1495	n
7216719	2309	1494	n
7227089	2311	1495	n
7227339	2310	1493	n
7227594	2310	1494	n
7227849	2309	1492	n
7228100	2309	1494	n
7228351	2309	1491	n
7238750	2310	1491	n
7239000	2309	1494	n
7239251	2311	1493	n
7239508	2308	1493	n
7239764	2309	1493	n
7240015	2307	1492	n
7240266	2308	1493	n
7250641	2310	1493	n
7250892	2310	1495	n
7251143	2307	1493	n
7251394	2309	1494	n
7251654	2309	1494	n
7251905	2309	1493	n
7262296	2311	1494	n
7262548	2309	1495	n
7262803	2310	1493	n
7263054	2310	1494	n
7263305	2309	1496	n
7263559	2310	1494	n
7263814	2310	1493	n
7274182	2309	1493	n
7274432	2307	1494	n
7274687	2307	1494	n
7274938	2309	1494	n
7275189	2307	1493	n
7275440	2307	1494	n
7285843	2308	1493	n
7286094	2307	1497	n
7286344	2309	1493	n
7286599	2309	1493	n
7286855	2309	1493	n
7287105	2309	1493	n
7287356	2309	1495	n
7297732	2310	1493	n
7297983	2310	1494	n
7298234	2309	1494	n
7298485	2311	1494	n
7298744	2309	1493	n
7298995	2309	1495	n
7309389	2310	1493	n
7309649	2311	1494	n
7309900	2307	1493	n
7310151	2309	1494	n
7310401	2307	1494	n
7310663	2309	1493	n
7310914	2306	1493	n
7321274	2309	1494	n
7321528	2310	1495	n
7321784	2310	1493	n
7322035	2308	1494	n
7322286	2308	1493	n
7322542	2309	1494	n
7332935	2309	1494	n
7333185	2310	1494	n
7333436	2308	1494	n
7333693	2310	1493	n
7333944	2311	1495	n
7334195	2310	1494	n
7334446	2310	1493	n
7344820	2309	1494	n
7345071	2309	1494	n
7345321	2311	1493	n
7345576	2308	1494	n
7345831	2309	1494	n
7346082	2309	1491	n
7356481	2309	1494	n
7356736	2309	1492	n
7356987	2310	1494	n
7357238	2309	1495	n
7357490	2309	1495	n
7357746	2307	1495	n
7357997	2309	1493	n
7368367	2310	1495	n
7368620	2310	1494	n
7368876	2307	1493	n
7369127	2310	1493	n
7369377	2310	1493	n
7369636	2310	1494	n
7380028	2309	1493	n
7380278	2309	1493	n
7380531	2310	1493	n
7380786	2309	1494	n
7381037	2310	1491	n
7381288	2310	1494	n
7381542	2307	1493	n
7391913	2311	1494	n
7392163	2310	1495	n
7392414	2308	1493	n
7392670	2311	1495	n
7392921	2311	1495	n
7393172	2310	1495	n
7403578	2310	1493	n
7403833	2308	1492	n
7404084	2310	1494	n
7404335	2308	1494	n
7404591	2307	1491	n
7404846	2306	1490	n
7405097	2307	1494	n
7415459	2305	1493	n
7415714	2309	1494	n
7415965	2307	1494	n
7416216	2309	1493	n
7416467	2311	1493	n
7416722	2307	1493	n
7427120	2310	1493	n
7427371	2309	1492	n
7427625	2309	1493	n
7427880	2310	1493	n
7428131	2309	1494	n
7428382	2308	1494	n
7428639	2309	1493	n
7439005	2309	1495	n
7439256	2308	1494	n
7439511	2309	1494	n
7439766	2311	1494	n
7440017	2311	1494	n
7440268	2309	1493	n
7450670	2309	1494	n
7450921	2309	1494	n
7451172	2307	1494	n
7451423	2309	1493	n
7451678	2309	1492	n
7451929	2310	1494	n
7452180	2309	1494	n
7462556	2311	1495	n
7462811	2309	1493	n
7463062	2308	1493	n
7463313	2307	1494	n
7463566	2308	1494	n
7463821	2309	1494	n
7474213	2309	1494	n
7474464	2307	1495	n
7474719	2310	1494	n
7474970	2308	1493	n
7475220	2308	1492	n
7475471	2311	1493	n
7475727	2308	1495	n
7486098	2307	1493	n
7486349	2307	1494	n
7486602	2307	1494	n
7486857	2307	1495	n
7487108	2309	1495	n
7487359	2309	1493	n
7497759	2309	1494	n
7498009	2309	1493	n
7498260	2309	1493	n
7498514	2307	1494	n
7498769	2308	1495	n
7499020	2310	1494	n
7499271	2309	1494	n
7509653	2309	1493	n
7509904	2308	1494	n
7510155	2310	1492	n
7510406	2309	1494	n
7510667	2309	1493	n
7510918	2309	1493	n
7521305	2309	1494	n
7521559	2310	1494	n
7521814	2309	1493	n
7522065	2311	1493	n
7522316	2309	1494	n
7522569	2310	1493	n
7522824	2310	1495	n
7533190	2311	1494	n
7533441	2310	1495	n
7533701	2310	1495	n
7533952	2309	1494	n
7534203	2309	1493	n
7534454	2307	1493	n
7544851	2307	1493	n
7545102	2306	1494	n
7545353	2307	1493	n
7545608	2307	1493	n
7545863	2309	1494	n
7546114	2310	1493	n
7546365	2310	1494	n
7556741	2307	1495	n
7556992	2308	1494	n
7557243	2308	1493	n
7557497	2308	1493	n
7557752	2307	1494	n
7558003	2309	1493	n
7568398	2309	1494	n
7568659	2309	1493	n
7568909	2310	1494	n
7569160	2309	1494	n
7569411	2309	1491	n
7569669	2310	1494	n
7569919	2309	1494	n
7580283	2307	1490	n
7580539	2307	1489	n
7580794	2307	1493	n
7581045	2305	1491	n
7581296	2305	1493	n
7581549	2307	1493	n
7591944	2308	1493	n
7592195	2307	1493	n
7592445	2309	1494	n
7592702	2309	1493	n
7592953	2310	1494	n
7593204	2310	1494	n
7593455	2308	1494	n
7603829	2308	1494	n
7604080	2310	1493	n
7604331	2309	1494	n
7604584	2310	1494	n
7604839	2311	1495	n
7605090	2309	1495	n
7615491	2308	1491	n
7615747	2309	1493	n
7615998	2309	1492	n
7616249	2307	1495	n
7616505	2307	1494	n
7616760	2307	1493	n
7617011	2309	1494	n
7627375	2307	1494	n
7627636	2307	1494	n
7627887	2309	1493	n
7628138	2309	1492	n
7628389	2309	1493	n
7628649	2308	1493	n
7639036	2309	1494	n
7639286	2307	1493	n
7639543	2307	1491	n
7639798	2307	1494	n
7640049	2308	1493	n
7640300	2306	1495	n
7640557	2307	1492	n
7650922	2310	1495	n
7651172	2311	1494	n
7651423	2309	1494	n
7651678	2309	1494	n
7651929	2308	1493	n
7652180	2308	1493	n
7662583	2309	1494	n
7662995	2310	1493	n
7663277	2310	1495	n
7663531	2311	1494	n
7663786	2309	1494	n
7664045	2310	1495	n
7664318	2309	1493	n
7674731	2307	1493	n
7675208	2310	1493	n
7675459	2306	1494	n
7675745	2308	1493	n
7675996	2307	1494	n
7676247	2309	1494	n
7686681	2307	1493	Time:00:00:00:00;;
7687402	2308	1493	n
7687662	2307	1494	n
7687913	2307	1493	n
7688196	2307	1494	n
7688447	2307	1494	n
7698859	2309	1494	n
7699336	2309	1493	n
7699600	2308	1494	n
7699877	2310	1495	n
7700128	2310	1494	n
7700379	2309	1494	n
7700644	2308	1493	n
7711072	2309	1494	n
7711550	2309	1493	n
7711805	2308	1495	n
7712065	2309	1491	n
7712339	2309	1493	n
7712593	2309	1493	n
7712848	2305	1493	n
7723284	2306	1494	n
7723802	2310	1494	n
7724053	2310	1493	n
7724303	2308	1491	n
7724565	2308	1492	n
7724843	2309	1495	n
7735239	2308	1493	n
7735726	2308	1493	n
7735986	2309	1493	Time:00:00:00:00;;
7736476	2310	1495	n
7736731	2310	1494	n
7736991	2309	1493	n
7747418	2307	1494	n
7747899	2307	1495	n
7748150	2309	1494	n
7748410	2308	1493	n
7748691	2309	1495	n
7748942	2311	1495	n
7749192	2310	1493	n
7759565	2310	1491	n
7760077	2307	1493	n
7760328	2309	1493	n
7760583	2307	1493	n
7760838	2309	1493	n
7761120	2307	1493	n
7761371	2307	1493	n
7771762	2308	1493	n
7772237	2309	1494	n
7772522	2307	1493	n
7772778	2309	1494	n
7773029	2309	1494	n
7773280	2309	1493	n
7783712	2307	1493	n
7784203	2309	1493	n
7784454	2307	1494	n
7784710	2309	1494	n
7784970	2310	1494	n
7785243	2308	1494	n
7785497	2309	1494	n
7795925	2309	1493	n
7796410	2309	1494	n
7796689	2309	1493	n
7796940	2310	1492	n
7797191	2308	1493	n
7797451	2307	1493	n
7797731	2308	1493	n
7808138	2307	1493	n
7808617	2309	1493	n
7808881	2307	1493	n
7809154	2308	1494	n
7809405	2309	1493	n
7809664	2307	1493	n
7809924	2307	1493	n
7820325	2308	1494	n
7820812	2309	1494	n
7821063	2307	1495	n
7821323	2310	1491	n
7821600	2308	1492	n
7821855	2309	1492	n
7832236	2310	1494	n
7832737	2308	1496	n
7833010	2309	1493	n
7833261	2310	1494	n
7833514	2309	1493	n
7833778	2309	1492	n
7834052	2310	1491	n
7844432	2309	1494	n
7844914	2307	1494	n
7845165	2307	1492	n
7845448	2309	1493	n
7845708	2309	1493	n
7845959	2307	1492	n
7846210	2307	1491	n
7856644	2309	1493	n
7857126	2310	1493	n
7857377	2307	1493	n
7857636	2309	1492	n
7857918	2307	1493	n
7858169	2307	1493	n
7868549	2309	1494	n
7869037	2306	1492	n
7869297	2310	1494	n
7869576	2307	1493	n
7869831	2307	1494	n
7870082	2310	1494	n
7870364	2308	1492	n
7880747	2309	1495	n
7881224	2310	1495	n
7881475	2313	1495	n
7881737	2310	1493	n
7882010	2309	1494	n
7882261	2309	1495	n
7882514	2308	1493	n
7892939	2308	1491	Time:00:00:00:00;;
7893566	2309	1493	n
7893821	2309	1492	n
7894072	2307	1493	n
7894323	2307	1493	n
7904721	2309	1493	n
7904972	2310	1494	n
7905223	2307	1494	n
7905474	2310	1494	n
7905730	2309	1493	n
7905980	2308	1495	n
7906231	2309	1493	n
7916623	2309	1493	n
7916879	2310	1493	n
7917130	2310	1493	n
7917381	2311	1493	n
7917638	2310	1495	n
7917889	2307	1493	n
7928267	2310	1495	n
7928522	2310	1494	n
7928777	2311	1495	n
7929028	2310	1494	n
7929279	2310	1494	n
7929532	2311	1492	n
7929788	2309	1494	n
7940169	2310	1492	n
7940420	2309	1492	n
7940675	2309	1493	n
7940926	2309	1493	n
7941177	2309	1494	n
7941428	2309	1498	n
7951813	2309	1493	n
7952064	2309	1494	n
7952315	2309	1495	n
7952568	2310	1495	n
7952823	2309	1493	n
7953074	2307	1493	n
7953325	2307	1492	n
7963719	2309	1493	n
7963970	2309	1493	n
7964221	2309	1493	n
7964472	2310	1495	n
7964727	2310	1494	n
7964978	2310	1494	n
7975359	2310	1493	n
7975614	2309	1494	n
7975869	2309	1497	n
7976120	2311	1493	n
7976371	2309	1493	n
7976626	2308	1493	n
7976881	2307	1494	n
7987262	2309	1493	n
7987515	2307	1491	n
7987770	2309	1493	n
7988021	2307	1493	n
7988271	2307	1494	n
7988529	2309	1492	n
7998906	2309	1494	n
7999157	2308	1494	n
7999408	2309	1492	n
7999667	2310	1493	n
7999918	2310	1495	n
8000169	2309	1494	n
8000420	2310	1493	n
8010808	2309	1494	n
8011059	2309	1493	n
8011310	2308	1494	n
8011565	2310	1495	n
8011820	2309	1495	n
8012071	2310	1491	n
8022452	2305	1493	n
8022708	2308	1494	n
8022959	2309	1493	n
8023210	2308	1494	n
8023461	2306	1493	n
8023716	2307	1494	n
8023967	2308	1493	n
8034354	2307	1494	n
8034610	2308	1493	n
8034865	2309	1495	n
8035116	2309	1494	n
8035367	2309	1495	n
8035620	2309	1494	n
8045998	2310	1495	n
8046249	2311	1495	n
8046504	2312	1495	n
8046759	2310	1494	n
8047010	2310	1495	n
8047261	2307	1495	n
8047514	2309	1494	n
8057900	2314	1494	n
8058151	2311	1495	n
8058402	2310	1495	n
8058663	2310	1495	n
8058914	2310	1496	n
8059165	2310	1494	n
8069544	2310	1495	n
8069800	2310	1494	n
8070051	2309	1494	n
8070302	2308	1494	n
8070557	2310	1494	n
8070812	2310	1494	n
8071063	2309	1494	n
8081447	2310	1493	n
8081708	2309	1493	n
8081959	2309	1495	n
8082210	2310	1495	n
8082461	2306	1494	n
8082715	2307	1494	n
8093091	2309	1494	n
8093342	2310	1494	n
8093597	2311	1493	n
8093852	2310	1494	n
8094103	2309	1494	n
8094354	2309	1494	n
8094608	2309	1494	n
8104993	2307	1493	n
8105244	2309	1494	n
8105497	2309	1495	n
8105752	2310	1493	n
8106003	2309	1495	n
8106254	2310	1495	n
8116642	2309	1493	n
8116893	2307	1493	n
8117144	2309	1491	n
8117395	2307	1493	n
8117654	2307	1493	n
8117905	2309	1494	n
8118156	2307	1494	n
8128542	2310	1493	n
8128797	2309	1493	n
8129048	2310	1493	n
8129299	2309	1493	n
8129552	2308	1493	n
8129807	2310	1493	n
8140183	2310	1495	n
8140434	2309	1495	n
8140689	2310	1495	n
8140940	2309	1494	n
8141191	2310	1494	n
8141442	2307	1493	n
8141701	2309	1493	n
8152085	2310	1494	n
8152336	2311	1494	n
8152591	2310	1495	n
8152846	2309	1493	n
8153097	2309	1493	n
8153348	2309	1494	n
8163729	2309	1493	n
8163980	2308	1494	n
8164231	2308	1494	n
8164482	2307	1491	n
8164739	2309	1491	n
8164990	2307	1494	n
8165241	2307	1491	n
8175636	2310	1494	n
8175887	2309	1494	n
8176138	2307	1491	n
8176389	2309	1494	n
8176649	2310	1493	n
8176900	2305	1493	n
8187276	2309	1494	n
8187531	2309	1494	n
8187785	2307	1493	n
8188036	2309	1493	n
8188287	2308	1493	n
8188542	2307	1493	n
8188797	2310	1493	n
8199178	2305	1491	n
8199429	2308	1495	n
8199684	2305	1491	n
8199935	2308	1494	n
8200186	2307	1492	n
8200437	2308	1493	n
8210822	2309	1494	n
8211073	2309	1494	n
8211324	2309	1494	n
8211580	2308	1494	n
8211835	2309	1493	n
8212086	2310	1493	n
8212337	2307	1494	n
8222728	2309	1494	n
8222979	2309	1495	n
8223230	2306	1492	n
8223481	2310	1495	n
8223737	2309	1495	n
8223988	2310	1494	n
8234368	2307	1493	n
8234621	2310	1495	n
8234876	2309	1494	n
8235127	2310	1495	n
8235378	2311	1493	n
8235639	2310	1494	n
8235890	2311	1493	n
8246270	2310	1495	n
8246524	2309	1494	n
8246780	2309	1495	n
8247031	2309	1494	n
8247282	2308	1493	n
8247535	2308	1493	n
8257914	2310	1493	n
8258165	2310	1494	n
8258416	2309	1491	n
8258672	2309	1494	n
8258923	2308	1493	n
8259174	2309	1494	n
8259424	2309	1491	n
8269817	2309	1495	n
8270068	2310	1495	n
8270319	2311	1493	n
8270574	2310	1494	n
8270829	2311	1495	n
8271080	2311	1494	n
8281461	2308	1494	n
8281717	2309	1494	n
8281967	2309	1493	n
8282218	2311	1494	n
8282469	2313	1495	n
8282725	2310	1493	n
8282976	2310	1494	n
8293363	2310	1494	n
8293617	2310	1494	n
8293872	2308	1493	n
8294123	2311	1493	n
8294374	2310	1494	n
8294632	2309	1494	n
8305007	2309	1494	n
8305258	2310	1494	n
8305514	2307	1493	n
8305770	2307	1493	n
8306021	2309	1494	n
8306272	2310	1494	n
8306529	2308	1493	n
8316909	2310	1491	n
8317160	2307	1494	n
8317411	2309	1493	n
8317668	2310	1493	n
8317919	2309	1495	n
8318170	2310	1494	n
8328553	2311	1495	n
8328808	2313	1496	n
8329059	2309	1493	n
8329310	2307	1494	n
8329565	2308	1491	n
8329820	2310	1493	n
8330071	2307	1494	n
8340455	2307	1495	n
8340711	2309	1495	n
8340962	2311	1493	n
8341213	2310	1494	n
8341464	2310	1497	n
8341719	2309	1494	n
8352099	2310	1495	n
8352350	2307	1494	n
8352603	2307	1493	n
8352858	2307	1493	n
8353109	2307	1491	n
8353360	2309	1491	n
8353615	2310	1493	n
8364002	2310	1493	n
8364253	2310	1493	n
8364508	2311	1495	n
8364763	2309	1495	n
8365014	2309	1494	n
8365265	2311	1494	n
8375650	2309	1495	n
8375901	2307	1495	n
8376152	2309	1493	n
8376403	2310	1493	n
8376662	2307	1493	n
8376913	2308	1493	n
8377164	2308	1494	n
8387550	2310	1494	n
8387805	2309	1494	n
8388056	2307	1493	n
8388307	2307	1493	n
8388562	2309	1494	n
8388817	2307	1495	n
8399192	2310	1494	n
8399443	2309	1493	n
8399701	2309	1494	n
8399952	2310	1494	n
8400203	2311	1494	n
8400454	2307	1494	n
8400710	2310	1495	n
8411094	2309	1494	n
8411345	2311	1495	n
8411599	2311	1495	n
8411855	2309	1493	n
8412105	2307	1493	n
8412356	2310	1494	n
8422738	2308	1493	n
8422989	2309	1494	n
8423240	2309	1494	n
8423497	2310	1494	n
8423752	2309	1494	n
8424003	2308	1492	n
8424254	2310	1494	n
8434644	2310	1494	n
8434895	2309	1493	n
8435147	2307	1494	n
8435398	2309	1495	n
8435659	2310	1493	n
8435910	2310	1491	n
8446284	2309	1494	n
8446539	2310	1493	n
8446794	2308	1493	n
8447045	2310	1493	n
8447296	2309	1494	n
8447549	2310	1493	n
8447804	2309	1495	n
8458187	2311	1493	n
8458438	2309	1495	n
8458694	2311	1493	n
8458945	2310	1494	n
8459196	2309	1495	n
8459447	2309	1491	n
8469831	2310	1493	n
8470082	2310	1493	n
8470333	2306	1491	n
8470586	2307	1493	n
8470841	2309	1493	n
8471092	2307	1493	n
8471343	2308	1493	n
8481737	2310	1493	n
8481988	2309	1493	n
8482239	2310	1495	n
8482491	2311	1495	n
8482746	2309	1495	n
8482997	2309	1494	n
8493377	2310	1495	n
8493636	2308	1494	n
8493887	2309	1493	n
8494138	2310	1494	n
8494389	2309	1494	n
8494649	2309	1495	n
8494900	2309	1494	n
8505279	2311	1497	n
8505532	2309	1496	n
8505787	2311	1495	n
8506038	2310	1493	n
8506289	2310	1494	n
8506546	2309	1494	n
8516923	2310	1493	n
8517174	2310	1493	n
8517425	2309	1496	n
8517680	2309	1493	n
8517931	2309	1494	n
8518182	2306	1495	n
8518433	2309	1495	n
8528825	2309	1493	n
8529076	2308	1494	n
8529327	2308	1494	n
8529583	2311	1493	n
8529838	2310	1495	n
8530089	2309	1493	n
8540469	2311	1495	n
8540725	2310	1494	n
8540976	2310	1495	n
8541226	2310	1494	n
8541477	2310	1494	n
8541732	2310	1494	n
8541983	2307	1495	n
8552372	2308	1493	n
8552632	2310	1494	n
8552883	2307	1494	n
8553133	2307	1491	n
8553384	2308	1493	n
8553641	2309	1491	n
8564016	2310	1494	n
8564267	2307	1493	n
8564522	2310	1494	n
8564777	2309	1494	n
8565028	2307	1494	n
8565279	2310	1494	n
8565532	2309	1494	n
8575918	2309	1494	n
8576169	2310	1493	n
8576420	2310	1493	n
8576675	2311	1495	n
8576926	2309	1494	n
8577177	2311	1494	n
8587562	2310	1493	n
8587817	2309	1493	n
8588068	2310	1495	n
8588319	2310	1495	n
8588574	2311	1495	n
8588829	2310	1494	n
8589080	2311	1496	n
8599464	2309	1493	n
8599719	2309	1494	n
8599970	2309	1495	n
8600221	2309	1493	n
8600472	2313	1493	n
8600727	2309	1491	n
8611108	2311	1495	n
8611359	2310	1495	n
8611614	2310	1494	n
8611869	2309	1493	n
8612120	2309	1494	n
8612371	2309	1495	n
8612626	2310	1494	n
8623010	2310	1495	n
8623261	2309	1493	n
8623514	2310	1494	n
8623769	2309	1494	n
8624020	2308	1495	n
8624271	2309	1494	n
8634658	2309	1495	n
8634909	2309	1495	n
8635160	2310	1495	n
8635411	2310	1495	n
8635668	2311	1494	n
8635919	2311	1492	n
8636170	2310	1494	n
8646563	2309	1493	n
8646818	2310	1496	n
8647069	2309	1494	n
8647320	2309	1493	n
8647576	2308	1493	n
8647831	2307	1494	n
8658201	2310	1496	n
8658525	2310	1493	n
8658780	2310	1494	n
8659062	2307	1494	n
8659313	2308	1494	n
8659566	2311	1494	n
8659821	2310	1493	n
8670275	2311	1494	n
8670772	2311	1494	n
8671023	2309	1493	n
8671274	2311	1494	n
8671559	2309	1494	n
8671814	2309	1494	n
8672065	2311	1495	n
8682472	2311	1494	Time:00:00:00:00;;
8683197	2307	1494	n
8683448	2309	1490	n
8683708	2306	1491	n
8683968	2308	1491	n
8684241	2308	1494	n
8694639	2309	1494	n
8695116	2307	1494	n
8695375	2307	1492	n
8695659	2307	1492	n
8695909	2307	1492	n
8696160	2309	1493	n
8706556	2307	1494	n
8707067	2309	1494	n
8707317	2310	1492	n
8707574	2307	1493	n
8707837	2308	1492	n
8708111	2307	1493	n
8708362	2309	1493	n
8718750	2310	1493	n
8719236	2309	1495	n
8719514	2311	1494	n
8719770	2309	1494	n
8720021	2309	1494	n
8720280	2310	1494	n
8720559	2307	1493	n
8730944	2309	1493	n
8731421	2309	1494	n
8731677	2307	1494	n
8731959	2310	1494	n
8732210	2309	1495	n
8732460	2309	1494	n
8742846	2307	1492	Time:00:00:00:00;;
8743574	2310	1493	n
8743829	2308	1495	n
8744080	2310	1494	n
8744340	2310	1494	n
8744617	2309	1494	n
8755024	2309	1493	n
8755504	2307	1490	n
8755768	2310	1493	n
8756042	2310	1493	n
8756293	2307	1493	n
8756548	2307	1493	n
8756812	2307	1495	n
8767227	2308	1494	n
8767711	2310	1495	n
8767962	2310	1495	n
8768221	2309	1493	n
8768497	2309	1494	n
8768752	2307	1494	n
8769003	2310	1494	n
8779417	2309	1494	n
8779930	2311	1493	n
8780180	2309	1494	n
8780431	2310	1495	n
8780695	2310	1493	n
8780968	2308	1492	n
8791335	2309	1493	n
8791827	2309	1493	n
8792078	2309	1494	n
8792360	2309	1492	n
8792615	2310	1495	n
8792870	2309	1491	n
8793121	2311	1495	n
8803534	2309	1495	n
8804024	2313	1495	n
8804275	2311	1495	n
8804532	2311	1494	n
8804819	2309	1495	n
8805069	2311	1494	n
8805321	2310	1495	n
8815732	2309	1494	n
8816238	2311	1495	n
8816490	2310	1492	n
8816746	2312	1494	n
8816997	2307	1493	n
8817279	2309	1495	n
8827699	2309	1495	n
8828177	2310	1495	n
8828428	2309	1495	n
8828692	2307	1494	n
8828965	2312	1494	n
8829216	2309	1493	n
8829467	2310	1494	n
8839843	2311	1494	n
8840358	2309	1494	n
8840615	2310	1495	n
8840870	2311	1494	n
8841129	2310	1495	n
8841403	2311	1494	n
8841662	2310	1494	n
8852039	2310	1497	n
8852532	2309	1494	n
8852810	2309	1493	n
8853061	2310	1494	n
8853312	2310	1494	n
8853574	2309	1496	n
8863993	2310	1493	n
8864472	2311	1495	n
8864727	2310	1495	n
8864987	2309	1495	n
8865260	2310	1495	n
8865514	2309	1493	n
8865769	2311	1494	n
8876137	2310	1495	n
8876658	2311	1496	n
8876909	2310	1493	n
8877160	2309	1495	n
8877411	2308	1493	n
8877697	2310	1493	n
8877948	2310	1493	n
8888349	2310	1495	Time:00:00:00:00;;
8889060	2310	1495	n
8889333	2310	1495	n
8889586	2310	1494	n
8889842	2311	1495	n
8890092	2309	1494	n
8900514	2311	1494	n
8900769	2309	1495	n
8901020	2310	1495	n
8901271	2307	1493	n
8901525	2310	1494	n
8901781	2311	1494	n
8912172	2309	1495	n
8912423	2309	1493	n
8912679	2307	1493	n
8912930	2308	1493	n
8913180	2309	1493	n
8913431	2309	1497	n
8913687	2310	1494	n
8924058	2309	1495	n
8924309	2309	1494	n
8924565	2309	1494	n
8924820	2307	1493	n
8925071	2310	1493	n
8925322	2308	1494	n
8935719	2313	1498	n
8935970	2311	1493	n
8936221	2309	1495	n
8936472	2311	1494	n
8936727	2309	1493	n
8936978	2310	1494	n
8937229	2311	1495	n
8947608	2310	1494	n
8947863	2309	1494	n
8948114	2308	1493	n
8948365	2307	1492	n
8948617	2310	1495	n
8948873	2309	1493	n
8959264	2309	1494	n
8959517	2307	1495	n
8959773	2309	1494	n
8960024	2311	1494	n
8960275	2311	1493	n
8960532	2309	1495	n
8960787	2309	1493	n
8971150	2310	1495	n
8971400	2310	1494	n
8971658	2311	1493	n
8971909	2311	1493	n
8972160	2309	1494	n
8972411	2310	1493	n
8982810	2311	1496	n
8983061	2310	1494	n
8983312	2309	1495	n
8983565	2311	1493	n
8983820	2311	1493	n
8984071	2310	1493	n
8984322	2310	1494	n
8994701	2309	1495	n
8994952	2310	1495	n
8995203	2311	1495	n
8995454	2308	1495	n
8995709	2309	1493	n
8995960	2309	1494	n
9006357	2311	1495	n
9006611	2310	1495	n
9006866	2309	1495	n
9007117	2307	1494	n
9007368	2310	1494	n
9007621	2311	1494	n
9007876	2309	1492	n
9018243	2309	1494	n
9018497	2310	1494	n
9018752	2310	1493	n
9019003	2309	1494	n
9019254	2309	1494	n
9019509	2308	1494	n
9029903	2311	1495	n
9030154	2310	1497	n
9030405	2313	1494	n
9030663	2311	1493	n
9030914	2310	1494	n
9031165	2310	1496	n
9031416	2309	1493	n
9041788	2309	1494	n
9042039	2310	1495	n
9042290	2310	1494	n
9042545	2309	1495	n
9042801	2310	1494	n
9043052	2310	1495	n
9053449	2309	1493	n
9053709	2310	1494	n
9053960	2310	1495	n
9054211	2310	1493	n
9054462	2309	1495	n
9054717	2310	1493	n
9054968	2309	1493	n
9065335	2311	1497	n
9065591	2311	1498	n
9065846	2311	1495	n
9066097	2310	1494	n
9066348	2310	1495	n
9066601	2310	1494	n
9076995	2309	1495	n
9077246	2310	1495	n
9077501	2311	1495	n
9077757	2311	1495	n
9078007	2311	1494	n
9078258	2312	1494	n
9078514	2309	1495	n
9088882	2310	1495	n
9089133	2310	1494	n
9089383	2309	1493	n
9089640	2311	1494	n
9089891	2309	1495	n
9090142	2307	1495	n
9100549	2310	1493	n
9100804	2310	1495	n
9101055	2310	1494	n
9101306	2311	1494	n
9101563	2311	1493	n
9101818	2310	1495	n
9102069	2308	1494	n
9112428	2309	1499	n
9112683	2313	1495	n
9112934	2313	1496	n
9113185	2309	1495	n
9113436	2309	1498	n
9113691	2313	1495	n
9124088	2311	1497	n
9124340	2311	1494	n
9124594	2309	1494	n
9124849	2310	1495	n
9125100	2311	1495	n
9125351	2307	1493	n
9125603	2308	1490	n
9135974	2311	1494	n
9136225	2309	1493	n
9136476	2311	1494	n
9136731	2309	1494	n
9136982	2310	1494	n
9137233	2309	1495	n
9147639	2307	1494	n
9147890	2309	1493	n
9148141	2309	1493	n
9148392	2309	1493	n
9148649	2310	1495	n
9148900	2309	1494	n
9149151	2310	1494	n
9159525	2310	1495	n
9159780	2313	1497	n
9160031	2313	1495	n
9160282	2312	1495	n
9160534	2310	1491	n
9160789	2311	1497	n
9171180	2310	1493	n
9171432	2310	1495	n
9171687	2311	1495	n
9171938	2311	1494	n
9172189	2310	1493	n
9172440	2310	1493	n
9172696	2311	1494	n
9183067	2310	1495	n
9183317	2310	1494	n
9183573	2311	1494	n
9183828	2311	1495	n
9184079	2309	1492	n
9184330	2310	1493	n
9194727	2310	1494	n
9194978	2309	1495	n
9195229	2308	1494	n
9195480	2308	1493	n
9195736	2310	1494	n
9195987	2307	1494	n
9196238	2309	1495	n
9206618	2313	1495	n
9206873	2310	1494	n
9207124	2310	1494	n
9207375	2310	1492	n
9207636	2309	1493	n
9207887	2309	1494	n
9218273	2310	1494	n
9218528	2309	1494	n
9218783	2311	1495	n
9219034	2308	1494	n
9219285	2310	1495	n
9219542	2311	1494	n
9219797	2311	1493	n
9230159	2310	1494	n
9230410	2309	1493	n
9230667	2311	1492	n
9230918	2311	1495	n
9231169	2309	1493	n
9231420	2310	1493	n
9241819	2310	1494	n
9242070	2310	1495	n
9242321	2309	1495	n
9242576	2310	1494	n
9242831	2311	1495	n
9243082	2313	1495	n
9243333	2310	1495	n
9253709	2311	1494	n
9253960	2311	1491	n
9254211	2309	1494	n
9254462	2308	1494	n
9254717	2310	1493	n
9254968	2310	1494	n
9265365	2311	1495	n
9265618	2311	1494	n
9265873	2308	1493	n
9266124	2309	1494	n
9266375	2307	1493	n
9266636	2310	1495	n
9266887	2310	1494	n
9277252	2310	1494	n
9277508	2310	1494	n
9277763	2310	1493	n
9278014	2310	1494	n
9278265	2311	1494	n
9278522	2311	1494	n
9288912	2310	1495	n
9289163	2311	1493	n
9289414	2310	1493	n
9289670	2311	1495	n
9289921	2311	1494	n
9290172	2309	1497	n
9290423	2310	1494	n
9300798	2310	1495	n
9301049	2310	1495	n
9301299	2309	1493	n
9301556	2308	1493	n
9301811	2309	1494	n
9302062	2314	1494	n
9312458	2309	1495	n
9312714	2308	1493	n
9312965	2310	1494	n
9313216	2310	1493	n
9313467	2311	1494	n
9313722	2311	1495	n
9313973	2307	1492	n
9324344	2309	1494	n
9324600	2309	1495	n
9324855	2310	1494	n
9325106	2309	1492	n
9325357	2310	1495	n
9325611	2309	1493	n
9336004	2309	1494	n
9336255	2310	1494	n
9336512	2311	1495	n
9336766	2309	1493	n
9337017	2308	1493	n
9337268	2309	1494	n
9337525	2309	1494	n
9347890	2309	1493	n
9348141	2307	1491	n
9348392	2309	1493	n
9348649	2309	1493	n
9348900	2309	1492	n
9349151	2310	1494	n
9359556	2310	1495	n
9359811	2311	1495	n
9360062	2311	1494	n
9360313	2311	1493	n
9360566	2311	1495	n
9360821	2311	1494	n
9361072	2311	1495	n
9371437	2309	1493	n
9371693	2309	1493	n
9371944	2310	1494	n
9372195	2310	1494	n
9372446	2310	1494	n
9372703	2309	1493	n
9383097	2310	1494	n
9383348	2311	1495	n
9383601	2309	1495	n
9383856	2311	1495	n
9384107	2309	1494	n
9384358	2309	1495	n
9384615	2310	1494	n
9394983	2311	1495	n
9395233	2310	1495	n
9395484	2309	1493	n
9395744	2309	1495	n
9395995	2310	1494	n
9396246	2309	1493	n
9406648	2309	1494	n
9406899	2309	1493	n
9407150	2308	1493	n
9407401	2310	1491	n
9407659	2309	1495	n
9407909	2310	1495	n
9408160	2309	1493	n
9418531	2313	1494	n
9418785	2311	1495	n
9419036	2311	1495	n
9419287	2310	1494	n
9419542	2308	1493	n
9419797	2310	1493	n
9430189	2310	1495	n
9430440	2310	1494	n
9430701	2311	1493	n
9430952	2310	1495	n
9431203	2309	1495	n
9431454	2308	1495	n
9431710	2312	1495	n
9442075	2309	1494	n
9442326	2307	1494	n
9442580	2309	1495	n
9442836	2307	1494	n
9443087	2309	1495	n
9443337	2309	1493	n
9453735	2311	1495	n
9453986	2310	1494	n
9454237	2309	1495	n
9454489	2309	1494	n
9454745	2309	1496	n
9454996	2310	1497	n
9455247	2309	1494	n
9465625	2310	1495	n
9465880	2311	1495	n
9466131	2310	1494	n
9466382	2310	1493	n
9466639	2310	1494	n
9466890	2309	1495	n
9477282	2310	1493	n
9477539	2309	1494	n
9477794	2309	1490	n
9478045	2309	1494	n
9478296	2308	1497	n
9478549	2307	1493	n
9478804	2309	1492	n
9489168	2310	1495	n
9489419	2309	1491	n
9489674	2310	1494	n
9489925	2310	1494	n
9490176	2307	1493	n
9490427	2306	1494	n
9500828	2310	1494	n
9501079	2308	1495	n
9501330	2307	1494	n
9501583	2310	1493	n
9501839	2310	1493	n
9502090	2310	1492	n
9502341	2310	1493	n
9512718	2308	1495	n
9512969	2310	1494	n
9513220	2311	1493	n
9513471	2311	1495	n
9513726	2309	1492	n
9513977	2308	1491	n
9524374	2310	1493	n
9524636	2309	1494	n
9524887	2309	1493	n
9525138	2310	1494	n
9525389	2309	1493	n
9525649	2309	1494	n
9525900	2309	1495	n
9536260	2309	1494	n
9536514	2309	1494	n
9536769	2310	1495	n
9537020	2310	1494	n
9537271	2309	1493	n
9537525	2310	1495	n
9547920	2309	1495	n
9548171	2310	1495	n
9548422	2313	1494	n
9548678	2310	1495	n
9548929	2311	1495	n
9549180	2311	1495	n
9549431	2310	1497	n
9559807	2310	1493	n
9560057	2311	1495	n
9560308	2311	1494	n
9560566	2311	1494	n
9560821	2309	1494	n
9561071	2309	1494	n
9571467	2311	1494	n
9571723	2310	1494	n
9571974	2310	1493	n
9572225	2308	1495	n
9572476	2310	1494	n
9572731	2309	1494	n
9572982	2308	1494	n
9583353	2307	1494	n
9583608	2307	1493	n
9583863	2310	1494	n
9584114	2309	1492	n
9584365	2310	1494	n
9584617	2308	1491	n
9595013	2310	1495	n
9595264	2311	1495	n
9595517	2309	1495	n
9595773	2310	1495	n
9596024	2310	1494	n
9596275	2309	1494	n
9596532	2311	1496	n
9606899	2310	1494	n
9607149	2309	1494	n
9607400	2310	1494	n
9607658	2313	1493	n
9607909	2309	1497	n
9608160	2310	1494	n
9618565	2310	1494	n
9618820	2310	1493	n
9619071	2310	1494	n
9619322	2308	1494	n
9619576	2309	1493	n
9619831	2309	1493	n
9620082	2310	1494	n
9630445	2310	1493	n
9630701	2310	1493	n
9630952	2310	1495	n
9631203	2310	1495	n
9631454	2307	1495	n
9631710	2309	1494	n
9642105	2313	1495	n
9642356	2310	1495	n
9642610	2311	1495	n
9642866	2309	1493	n
9643117	2309	1495	n
9643367	2311	1494	n
9643620	2307	1495	n
9653992	2310	1492	n
9654243	2309	1494	n
9654497	2309	1494	n
9654752	2307	1491	n
9655003	2307	1494	n
9655254	2309	1491	n
9665657	2309	1495	n
9666141	2308	1494	n
9666415	2307	1494	n
9666671	2309	1494	n
9666922	2309	1493	n
9667181	2310	1494	n
9667455	2306	1493	n
9677848	2309	1495	n
9678325	2310	1493	n
9678579	2309	1494	n
9678863	2311	1493	n
9679114	2310	1494	n
9679365	2311	1493	n
9679618	2311	1494	Time:00:00:00:00;;
9690262	2310	1496	n
9690747	2310	1494	n
9690997	2310	1495	n
9691257	2309	1494	n
9691532	2311	1495	n
9701912	2310	1493	n
9702388	2310	1493	n
9702658	2309	1495	n
9702931	2309	1495	n
9703182	2309	1494	n
9703433	2309	1495	n
9703697	2309	1494	n
9714125	2309	1492	n
9714603	2309	1493	n
9714858	2310	1493	n
9715118	2310	1493	n
9715391	2309	1494	n
9715649	2309	1493	n
9715900	2309	1495	n
9726268	2311	1493	n
9726784	2311	1493	n
9727034	2311	1495	n
9727285	2311	1495	n
9727551	2310	1495	n
9727829	2310	1494	n
9738223	2309	1493	Time:00:00:00:00;;
9738922	2310	1494	n
9739203	2309	1491	n
9739454	2308	1494	n
9739710	2309	1494	n
9739961	2310	1494	n
9750401	2308	1494	n
9750893	2309	1494	n
9751144	2309	1493	n
9751395	2307	1495	n
9751686	2311	1495	n
9751937	2310	1494	n
9752188	2307	1494	n
9762548	2310	1494	n
9763037	2310	1494	n
9763311	2308	1493	n
9763565	2310	1493	n
9763820	2309	1494	n
9764080	2309	1494	n
9764353	2310	1494	n
9774746	2309	1493	n
9775223	2309	1495	n
9775483	2309	1495	n
9775762	2310	1494	n
9776013	2310	1494	n
9776264	2309	1495	n
9786696	2309	1495	n
9787209	2308	1494	n
9787460	2308	1495	n
9787715	2307	1494	n
9787975	2309	1494	n
9788248	2307	1495	n
9788504	2307	1492	n
9798909	2310	1494	n
9799395	2311	1495	n
9799678	2309	1493	n
9799929	2309	1493	n
9800180	2310	1493	n
9800440	2309	1493	n
9800719	2310	1493	n
9811122	2309	1491	n
9811600	2309	1493	n
9811863	2310	1494	n
9812136	2311	1495	n
9812387	2308	1494	n
9812643	2311	1494	n
9823007	2310	1493	n
9823518	2309	1491	n
9823773	2310	1494	n
9824024	2310	1494	n
9824275	2309	1494	n
9824563	2309	1493	n
9824818	2311	1495	n
9835220	2308	1495	n
9835712	2309	1493	n
9835994	2310	1494	n
9836245	2310	1493	n
9836502	2309	1493	n
9836758	2309	1493	n
9837040	2309	1493	n
9847415	2309	1493	n
9847898	2309	1494	n
9848149	2306	1492	n
9848409	2310	1493	n
9848695	2311	1495	n
9848946	2311	1494	n
9849197	2311	1495	n
9859618	2311	1495	n
9860129	2309	1495	n
9860380	2309	1495	n
9860638	2311	1495	n
9860898	2309	1494	n
9861173	2310	1497	n
9871532	2311	1495	n
9872018	2309	1494	n
9872277	2311	1495	n
9872557	2311	1493	n
9872812	2309	1492	n
9873063	2309	1493	n
9873322	2311	1494	n
9883740	2310	1494	n
9884218	2310	1493	n
9884469	2313	1495	n
9884725	2309	1495	n
9885007	2309	1495	n
9885258	2310	1494	n
9885515	2309	1493	n
9895923	2310	1493	Time:00:00:00:00;;
9896478	2310	1494	n
9896734	2310	1494	n
9896985	2309	1495	n
9897236	2309	1494	n
9907640	2310	1494	n
9907890	2312	1494	n
9908141	2313	1494	n
9908392	2311	1494	n
9908649	2311	1493	n
9908900	2310	1496	n
9909151	2311	1494	n
9919525	2309	1495	n
9919780	2310	1495	n
9920031	2307	1492	n
9920282	2309	1491	n
9920539	2310	1495	n
9920795	2306	1495	n
9931181	2310	1494	n
9931432	2309	1497	n
9931688	2311	1495	n
9931939	2310	1494	n
9932190	2309	1494	n
9932441	2310	1493	n
9932701	2309	1495	n
9943067	2311	1494	n
9943318	2310	1494	n
9943573	2310	1493	n
9943828	2310	1497	n
9944079	2311	1494	n
9944330	2313	1494	n
9954728	2310	1494	n
9954979	2310	1495	n
9955230	2311	1494	n
9955481	2307	1494	n
9955738	2309	1495	n
9955989	2310	1495	n
9956239	2310	1495	n
9966614	2307	1494	n
9966869	2307	1495	n
9967120	2310	1493	n
9967371	2310	1492	n
9967632	2308	1493	n
9967883	2309	1493	n
9978274	2309	1495	n
9978532	2311	1494	n
9978787	2312	1494	n
9979038	2308	1494	n
9979289	2309	1494	n
9979546	2306	1492	n
9979801	2309	1494	n
9990159	2310	1494	n
9990410	2309	1494	n
9990667	2309	1495	n
9990918	2309	1494	n
9991169	2310	1495	n
9991420	2310	1493	n
10001820	2310	1497	n
10002072	2311	1497	n
10002323	2311	1495	n
10002576	2310	1494	n
10002831	2310	1494	n
10003083	2309	1495	n
10003334	2309	1495	n
10013744	2308	1494	n
10013995	2311	1493	n
10014246	2309	1495	n
10014501	2311	1491	n
10014757	2310	1494	n
10015008	2309	1497	n
10025384	2309	1494	n
10025641	2311	1494	n
10025892	2311	1495	n
10026143	2310	1497	n
10026394	2310	1491	n
10026654	2311	1493	n
10037010	2310	1494	n
10037262	2309	1494	n
10037515	2311	1494	n
10037770	2311	1494	n
10038021	2307	1495	n
10038272	2310	1495	n
10048641	2310	1495	n
10048893	2309	1494	n
10049144	2311	1494	n
10049395	2312	1495	n
10049654	2311	1494	n
10049905	2310	1494	n
10060332	2309	1494	n
10060586	2310	1494	n
10060841	2310	1493	n
10061092	2311	1495	n
10061343	2309	1493	n
10061600	2310	1495	n
10072028	2307	1493	n
10072279	2309	1493	n
10072533	2309	1493	n
10072788	2310	1494	n
10073039	2310	1493	n
10073290	2308	1495	n
10073545	2307	1492	n
10083948	2309	1494	n
10084199	2309	1494	n
10084450	2309	1495	n
10084708	2311	1494	n
10084959	2310	1495	n
10085210	2306	1494	n
10095597	2310	1494	n
10095853	2310	1493	n
10096104	2310	1494	n
10096355	2309	1493	n
10096611	2309	1493	n
10096866	2308	1494	n
10107287	2309	1492	n
10107542	2308	1493	n
10107797	2310	1494	n
10108048	2309	1493	n
10108299	2309	1494	n
10108552	2310	1495	n
10118930	2308	1494	n
10119181	2309	1496	n
10119432	2312	1495	n
10119687	2311	1493	n
10119938	2309	1494	n
10120190	2310	1495	n
10130625	2309	1495	n
10130881	2309	1495	n
10131132	2311	1494	n
10131383	2310	1494	n
10131640	2310	1493	n
10131891	2308	1495	n
10142304	2306	1493	n
10142559	2309	1494	n
10142814	2309	1494	n
10143065	2311	1495	n
10143316	2310	1493	n
10143574	2311	1495	n
10143829	2309	1495	n
10154242	2310	1495	n
10154497	2309	1495	n
10154753	2310	1495	n
10155004	2311	1494	n
10155255	2309	1493	n
10155512	2310	1493	n
10165884	2310	1495	n
10166136	2311	1495	n
10166387	2311	1495	n
10166643	2313	1494	n
10166894	2310	1495	n
10167146	2311	1495	n
10177583	2312	1495	n
10177838	2309	1494	n
10178089	2310	1495	n
10178340	2310	1494	n
10178597	2311	1495	n
10178852	2310	1495	n
10189276	2310	1495	n
10189531	2311	1494	n
10189787	2309	1493	n
10190038	2309	1493	n
10190289	2309	1494	n
10190546	2313	1495	n
10200919	2310	1494	n
10201170	2309	1494	n
10201422	2310	1494	n
10201677	2310	1494	n
10201928	2310	1493	n
10202179	2312	1494	n
10212598	2309	1494	n
10212854	2310	1495	n
10213105	2310	1494	n
10213356	2310	1494	n
10213610	2311	1494	n
10213866	2310	1494	n
10214117	2311	1495	n
10224539	2310	1494	n
10224795	2309	1494	n
10225046	2310	1495	n
10225297	2310	1495	n
10225550	2311	1495	n
10225806	2310	1494	n
10236178	2309	1494	n
10236430	2311	1497	n
10236685	2310	1494	n
10236936	2308	1494	n
10237187	2310	1494	n
10237438	2311	1494	n
10247874	2313	1495	n
10248125	2310	1495	n
10248376	2311	1495	n
10248636	2310	1494	n
10248887	2310	1493	n
10249138	2311	1494	n
10259572	2309	1495	n
10259827	2310	1495	n
10260078	2311	1494	n
10260329	2311	1494	n
10260583	2310	1494	n
10260838	2311	1493	n
10271196	2310	1495	n
10271448	2310	1494	n
10271708	2310	1493	n
10271959	2308	1493	n
10272211	2311	1494	n
10272462	2308	1497	n
10272717	2310	1493	n
10283099	2310	1494	n
10283350	2310	1495	n
10283603	2310	1495	n
10283858	2309	1494	n
10284109	2311	1494	n
10284360	2310	1494	n
10294747	2309	1495	n
10294998	2311	1494	n
10295249	2310	1494	n
10295505	2311	1493	n
10295760	2311	1495	n
10296011	2309	1495	n
10306386	2311	1494	n
10306643	2311	1494	n
10306894	2313	1495	n
10307145	2311	1495	n
10307396	2311	1494	n
10307654	2311	1494	n
10318082	2307	1491	n
10318333	2309	1494	n
10318586	2309	1493	n
10318841	2309	1493	n
10319092	2306	1493	n
10319343	2308	1494	n
10329777	2311	1495	n
10330029	2310	1495	n
10330280	2310	1495	n
10330533	2311	1494	n
10330788	2309	1493	n
10331040	2310	1494	n
10341403	2310	1494	n
10341662	2311	1493	n
10341913	2310	1494	n
10342164	2311	1494	n
10342415	2309	1492	n
10342671	2310	1494	n
10342922	2310	1494	n
10353307	2311	1495	n
10353562	2311	1495	n
10353817	2313	1495	n
10354068	2309	1495	n
10354320	2311	1495	n
10354576	2309	1494	n
10364950	2309	1495	n
10365201	2310	1493	n
10365452	2309	1495	n
10365709	2311	1494	n
10365960	2309	1494	n
10366211	2310	1494	n
10376597	2309	1493	n
10376852	2309	1495	n
10377103	2309	1494	n
10377354	2310	1494	n
10377611	2310	1495	n
10377866	2309	1495	n
10388289	2310	1493	n
10388546	2309	1494	n
10388801	2313	1495	n
10389052	2310	1495	n
10389303	2311	1494	n
10389560	2311	1495	n
10399984	2311	1495	n
10400236	2311	1495	n
10400487	2311	1495	n
10400744	2309	1494	n
10400995	2310	1494	n
10401246	2311	1493	n
10411611	2309	1495	n
10411867	2311	1495	n
10412118	2308	1494	n
10412369	2309	1495	n
10412626	2310	1494	n
10412881	2309	1493	n
10413132	2309	1493	n
10423516	2311	1493	n
10423771	2311	1493	n
10424023	2309	1494	n
10424274	2311	1494	n
10424529	2309	1494	n
10424784	2310	1495	n
10435158	2310	1495	n
10435409	2311	1494	n
10435667	2311	1494	n
10435919	2310	1494	n
10436170	2310	1494	n
10436421	2309	1493	n
10446801	2310	1493	n
10447053	2310	1495	n
10447304	2310	1495	n
10447558	2311	1494	n
10447814	2311	1495	n
10448065	2309	1495	n
10458501	2310	1497	n
10458757	2311	1493	n
10459008	2311	1495	n
10459259	2310	1495	n
10459514	2309	1493	n
10459770	2309	1494	n
10470192	2310	1494	n
10470444	2311	1494	n
10470701	2311	1493	n
10470952	2310	1495	n
10471203	2310	1493	n
10471454	2309	1494	n
10481818	2310	1494	n
10482070	2310	1494	n
10482321	2310	1497	n
10482576	2309	1494	n
10482831	2311	1493	n
10483083	2312	1494	n
10483334	2309	1494	n
10493726	2310	1493	n
10493977	2310	1493	n
10494228	2310	1494	n
10494479	2312	1493	n
10494735	2314	1493	n
10494986	2308	1493	n
10505365	2310	1494	n
10505618	2310	1494	n
10505873	2311	1494	n
10506124	2311	1493	n
10506375	2309	1493	n
10506637	2311	1495	n
10517008	2311	1493	n
10517260	2311	1494	n
10517514	2309	1494	n
10517769	2309	1493	n
10518020	2310	1494	n
10518272	2309	1495	n
10528708	2310	1494	n
10528959	2310	1495	n
10529211	2310	1494	n
10529462	2309	1493	n
10529717	2311	1494	n
10529968	2311	1493	n
10540399	2309	1493	n
10540658	2310	1495	n
10540909	2311	1495	n
10541160	2309	1495	n
10541411	2310	1494	n
10541668	2309	1495	n
10552026	2307	1493	n
10552278	2309	1494	n
10552531	2311	1494	n
10552785	2309	1497	n
10553036	2308	1493	n
10553287	2308	1491	n
10553542	2310	1493	n
10563929	2309	1495	n
10564180	2310	1495	n
10564431	2313	1497	n
10564687	2309	1494	n
10564938	2309	1494	n
10565189	2311	1495	n
10575576	2310	1494	n
10575831	2309	1495	n
10576082	2310	1494	n
10576333	2309	1494	n
10576586	2309	1494	n
10576842	2311	1495	n
10587216	2309	1493	n
10587468	2311	1494	n
10587723	2309	1493	n
10587974	2307	1493	n
10588225	2307	1493	n
10588476	2310	1493	n
10598912	2309	1493	n
10599163	2309	1493	n
10599414	2309	1492	n
10599670	2310	1495	n
10599921	2309	1494	n
10600172	2310	1494	n
10610607	2313	1493	n
10610863	2310	1494	n
10611114	2310	1493	n
10611365	2310	1494	n
10611618	2309	1495	n
10611873	2311	1494	n
10622233	2311	1493	n
10622485	2310	1495	n
10622744	2310	1497	n
10622995	2309	1495	n
10623246	2309	1494	n
10623502	2310	1495	n
10623757	2308	1495	n
10634137	2311	1495	n
10634388	2309	1494	n
10634644	2310	1493	n
10634895	2309	1494	n
10635146	2309	1494	n
10635398	2311	1495	n
10645783	2309	1494	n
10646034	2310	1493	n
10646286	2309	1494	n
10646542	2308	1493	n
10646797	2307	1493	n
10647049	2309	1493	n
10657423	2311	1495	n
10657724	2310	1494	n
10657984	2311	1495	n
10658257	2309	1494	n
10658515	2310	1494	n
10658770	2311	1494	n
10669205	2310	1495	n
10669698	2310	1495	n
10669949	2310	1497	n
10670200	2311	1493	n
10670460	2307	1494	n
10670738	2309	1495	n
10681125	2310	1495	Time:00:00:00:00;;
10681832	2310	1494	n
10682106	2310	1494	n
10682357	2307	1493	n
10682611	2308	1493	n
10682875	2310	1494	n
10693278	2310	1495	n
10693761	2310	1495	n
10694012	2309	1495	n
10694272	2309	1497	n
10694549	2309	1494	n
10694804	2310	1494	n
10705223	2311	1494	n
10705716	2308	1494	n
10705990	2310	1494	n
10706241	2311	1495	n
10706497	2310	1495	n
10706762	2311	1494	n
10707035	2311	1495	n
10717454	2306	1493	n
10717936	2309	1493	n
10718187	2309	1494	n
10718469	2311	1493	n
10718724	2310	1493	n
10718976	2308	1493	n
10729408	2310	1494	n
10729928	2310	1494	n
10730179	2307	1494	n
10730430	2309	1498	n
10730686	2311	1495	n
10730968	2309	1495	n
10741345	2311	1498	Time:00:00:00:00;;
10742044	2311	1494	n
10742304	2309	1494	n
10742583	2309	1493	n
10742838	2309	1494	n
10743090	2311	1494	n
10753472	2314	1495	n
10753986	2310	1494	n
10754237	2309	1494	n
10754488	2311	1494	n
10754753	2311	1494	n
10755027	2311	1494	n
10765425	2309	1495	n
10765906	2306	1493	n
10766166	2308	1493	n
10766440	2309	1493	n
10766696	2311	1494	n
10766947	2310	1493	n
10767207	2310	1494	n
10777670	2307	1494	n
10778147	2309	1491	n
10778398	2310	1494	n
10778667	2310	1495	n
10778941	2309	1493	n
10779192	2310	1494	n
10789613	2310	1495	n
10790109	2310	1494	n
10790382	2310	1494	n
10790639	2309	1494	n
10790890	2311	1494	n
10791150	2310	1495	n
10801577	2310	1494	n
10802058	2310	1495	n
10802309	2309	1495	n
10802575	2310	1493	n
10802852	2307	1495	n
10803104	2308	1493	n
10803355	2306	1493	n
10813794	2311	1494	n
10814302	2310	1495	n
10814559	2308	1495	n
10814814	2309	1494	n
10815074	2309	1494	n
10815347	2308	1493	n
10825751	2308	1493	n
10826228	2307	1493	n
10826489	2308	1493	n
10826767	2308	1494	n
10827019	2307	1493	n
10827270	2307	1494	n
10837691	2310	1495	n
10838205	2312	1495	n
10838456	2307	1494	n
10838712	2311	1495	n
10838972	2311	1493	n
10839245	2310	1494	n
10839501	2309	1494	n
10849934	2309	1491	n
10850426	2309	1494	n
10850704	2309	1493	n
10850955	2307	1492	n
10851206	2311	1494	n
10851466	2309	1492	n
10861897	2310	1493	n
10862375	2310	1495	n
10862636	2309	1495	n
10862887	2310	1493	n
10863169	2309	1493	n
10863420	2310	1491	n
10873808	2310	1495	n
10874290	2309	1497	n
10874576	2310	1493	n
10874831	2309	1494	n
10875082	2310	1495	n
10875334	2309	1494	n
10875619	2310	1493	n
10885987	2307	1493	n
10886463	2311	1495	n
10886718	2311	1495	n
10886978	2311	1494	n
10887251	2309	1494	n
10887508	2311	1493	n
10897940	2309	1493	Time:00:00:00:00;;
10898451	2309	1493	n
10898708	2309	1494	n
10898959	2309	1493	n
10899210	2310	1492	n
10909584	2311	1494	n
10909840	2310	1495	n
10910091	2309	1491	n
10910342	2311	1495	n
10910597	2309	1494	n
10910852	2310	1493	n
10911103	2309	1494	n
10921525	2309	1495	n
10921780	2312	1495	n
10922031	2310	1493	n
10922282	2310	1495	n
10922539	2311	1497	n
10922794	2310	1495	n
10933164	2310	1495	n
10933416	2310	1494	n
10933671	2309	1494	n
10933922	2311	1495	n
10934174	2311	1495	n
10934425	2311	1495	n
10944860	2309	1494	n
10945111	2309	1494	n
10945362	2308	1493	n
10945617	2310	1494	n
10945872	2307	1493	n
10946123	2307	1494	n
10956559	2310	1493	n
10956814	2310	1495	n
10957065	2311	1495	n
10957316	2310	1494	n
10957574	2307	1494	n
10957829	2307	1494	n
10968251	2310	1494	n
10968508	2310	1494	n
10968764	2311	1495	n
10969015	2311	1494	n
10969266	2310	1494	n
10969523	2310	1495	n
10969779	2310	1493	n
10980172	2309	1495	n
10980423	2307	1493	n
10980678	2313	1495	n
10980930	2309	1493	n
10981181	2310	1494	n
10981432	2309	1494	n
10991815	2309	1494	n
10992066	2307	1493	n
10992317	2310	1493	n
10992574	2309	1491	n
10992829	2308	1494	n
10993080	2307	1493	n
11003441	2311	1493	n
11003701	2308	1494	n
11003952	2310	1495	n
11004203	2310	1494	n
11004454	2309	1495	n
11004711	2311	1494	n
11015068	2311	1495	n
11015319	2309	1494	n
11015576	2310	1494	n
11015832	2308	1493	n
11016083	2309	1495	n
11016334	2309	1495	n
11026763	2309	1493	n
11027015	2309	1493	n
11027266	2309	1495	n
11027523	2308	1495	n
11027778	2309	1494	n
11028029	2309	1494	n
11038390	2309	1494	n
11038649	2310	1493	n
11038900	2309	1493	n
11039151	2309	1493	n
11039402	2309	1494	n
11039663	2310	1494	n
11039914	2311	1495	n
11050293	2311	1495	n
11050548	2309	1493	n
11050804	2310	1495	n
11051055	2308	1494	n
11051306	2310	1495	n
11051563	2309	1494	n
11061937	2311	1493	n
11062188	2311	1495	n
11062439	2311	1494	n
11062695	2309	1495	n
11062946	2312	1495	n
11063197	2307	1493	n
11073583	2310	1493	n
11073838	2307	1491	n
11074089	2309	1493	n
11074340	2311	1493	n
11074597	2309	1494	n
11074852	2309	1494	n
11085275	2310	1493	n
11085531	2309	1494	n
11085787	2310	1494	n
11086038	2310	1494	n
11086289	2310	1493	n
11086546	2307	1493	n
11096970	2310	1494	n
11097222	2311	1495	n
11097473	2313	1494	n
11097728	2310	1494	n
11097980	2310	1496	n
11098231	2309	1495	n
11108597	2310	1494	n
11108853	2310	1495	n
11109104	2310	1494	n
11109355	2311	1494	n
11109611	2311	1495	n
11109866	2309	1495	n
11110117	2311	1494	n
11120504	2309	1494	n
11120760	2309	1495	n
11121011	2306	1494	n
11121262	2311	1491	n
11121515	2307	1491	n
11121770	2311	1495	n
11132144	2310	1495	n
11132395	2313	1495	n
11132654	2310	1495	n
11132905	2311	1494	n
11133156	2310	1494	n
11133407	2311	1495	n
11143788	2310	1494	n
11144039	2310	1495	n
11144290	2310	1494	n
11144545	2309	1493	n
11144801	2308	1493	n
11145052	2310	1493	n
11155483	2311	1494	n
11155739	2309	1494	n
11155990	2311	1494	n
11156241	2310	1495	n
11156497	2307	1493	n
11156753	2308	1493	n
11167178	2309	1495	n
11167429	2310	1497	n
11167685	2311	1494	n
11167936	2309	1493	n
11168188	2310	1492	n
11168439	2311	1493	n
11178805	2310	1493	n
11179057	2308	1495	n
11179308	2309	1494	n
11179562	2309	1494	n
11179817	2309	1493	n
11180068	2309	1493	n
11180319	2307	1495	n
11190712	2309	1494	n
11190963	2310	1494	n
11191214	2310	1495	n
11191466	2311	1494	n
11191721	2309	1495	n
11191972	2310	1495	n
11202352	2307	1494	n
11202608	2309	1494	n
11202864	2309	1493	n
11203115	2309	1495	n
11203366	2309	1495	n
11203619	2309	1495	n
11213994	2310	1495	n
11214245	2311	1495	n
11214501	2309	1495	n
11214756	2309	1494	n
11215007	2310	1495	n
11215258	2310	1494	n
11225694	2310	1495	n
11225945	2310	1498	n
11226197	2311	1495	n
11226448	2310	1495	n
11226708	2310	1494	n
11226960	2311	1494	n
11237385	2312	1494	n
11237642	2311	1495	n
11237894	2311	1495	n
11238145	2310	1494	n
11238396	2310	1495	n
11238654	2311	1495	n
11249012	2309	1494	n
11249263	2311	1494	n
11249517	2310	1494	n
11249773	2309	1494	n
11250024	2310	1494	n
11250275	2310	1495	n
11250532	2308	1493	n
11260915	2310	1494	n
11261166	2311	1493	n
11261417	2309	1494	n
11261672	2309	1494	n
11261923	2309	1494	n
11262174	2310	1495	n
11272562	2309	1495	n
11272817	2309	1495	n
11273068	2310	1495	n
11273319	2310	1495	n
11273576	2309	1494	n
11273831	2309	1494	n
11284202	2309	1493	n
11284454	2308	1495	n
11284710	2311	1493	n
11284961	2310	1494	n
11285212	2311	1497	n
11285463	2309	1495	n
11295898	2309	1493	n
11296149	2308	1494	n
11296400	2308	1495	n
11296658	2310	1493	n
11296909	2310	1493	n
11297160	2309	1493	n
11307593	2311	1495	n
11307849	2312	1494	n
11308100	2311	1495	n
11308351	2310	1494	n
11308608	2309	1494	n
11308864	2310	1493	n
11319220	2309	1494	n
11319471	2313	1494	n
11319727	2308	1494	n
11319978	2309	1494	n
11320230	2309	1493	n
11320481	2308	1494	n
11320737	2310	1495	n
11331123	2310	1494	n
11331374	2311	1495	n
11331632	2311	1497	n
11331883	2311	1495	n
11332134	2311	1495	n
11332385	2311	1495	n
11342771	2311	1494	n
11343022	2311	1494	n
11343273	2313	1495	n
11343528	2308	1494	n
11343784	2310	1495	n
11344035	2309	1495	n
11354409	2309	1493	n
11354667	2309	1494	n
11354918	2308	1494	n
11355169	2307	1491	n
11355420	2309	1493	n
11355676	2308	1494	n
11366105	2309	1493	n
11366356	2310	1493	n
11366610	2309	1494	n
11366866	2310	1491	n
11367117	2310	1495	n
11367368	2310	1495	n
11377800	2311	1493	n
11378052	2308	1495	n
11378303	2307	1492	n
11378559	2308	1491	n
11378814	2307	1493	n
11379065	2309	1493	n
11389427	2310	1495	n
11389683	2310	1496	n
11389934	2309	1493	n
11390185	2310	1494	n
11390436	2310	1491	n
11390693	2307	1494	n
11390944	2310	1493	n
11401330	2309	1494	n
11401583	2311	1494	n
11401838	2309	1494	n
11402089	2309	1494	n
11402340	2311	1497	n
11402597	2307	1493	n
11412974	2310	1495	n
11413225	2311	1495	n
11413476	2313	1495	n
11413731	2311	1493	n
11413982	2310	1494	n
11414233	2310	1495	n
11424620	2309	1493	n
11424875	2309	1495	n
11425126	2309	1493	n
11425377	2310	1493	n
11425636	2308	1495	n
11425887	2311	1493	n
11436313	2310	1493	n
11436566	2310	1495	n
11436821	2309	1493	n
11437072	2311	1493	n
11437324	2310	1494	n
11437581	2308	1493	n
11448008	2310	1495	n
11448260	2313	1494	n
11448514	2310	1495	n
11448769	2311	1493	n
11449020	2311	1495	n
11449272	2310	1493	n
11459640	2309	1495	n
11459891	2310	1494	n
11460142	2313	1496	n
11460393	2310	1495	n
11460650	2311	1495	n
11460901	2311	1495	n
11461152	2307	1494	n
11471542	2309	1494	n
11471797	2309	1493	n
11472048	2310	1494	n
11472299	2309	1494	n
11472557	2311	1493	n
11472812	2307	1493	n
11483182	2311	1494	n
11483433	2311	1495	n
11483688	2309	1495	n
11483939	2311	1495	n
11484191	2310	1494	n
11484442	2310	1493	n
11494824	2311	1495	n
11495076	2310	1495	n
11495327	2310	1497	n
11495583	2313	1494	n
11495838	2311	1495	n
11496089	2311	1495	n
11506525	2310	1494	n
11506780	2310	1494	n
11507031	2309	1495	n
11507282	2309	1494	n
11507539	2310	1493	n
11507795	2311	1497	n
11518215	2308	1495	n
11518467	2310	1494	n
11518722	2311	1495	n
11518973	2307	1493	n
11519224	2311	1493	n
11519475	2311	1493	n
11529842	2309	1494	n
11530094	2309	1494	n
11530345	2309	1495	n
11530600	2309	1495	n
11530855	2311	1495	n
11531106	2310	1493	n
11531357	2309	1495	n
11541749	2308	1494	n
11542000	2310	1495	n
11542251	2311	1493	n
11542508	2309	1495	n
11542764	2309	1493	n
11543015	2309	1495	n
11553389	2311	1494	n
11553649	2310	1493	n
11553900	2309	1491	n
11554151	2308	1493	n
11554402	2309	1491	n
11554663	2310	1495	n
11565032	2309	1495	n
11565283	2313	1493	n
11565539	2310	1493	n
11565795	2308	1495	n
11566046	2310	1495	n
11566297	2309	1493	n
11576732	2311	1493	n
11576983	2310	1494	n
11577235	2309	1493	n
11577486	2307	1493	n
11577744	2309	1492	n
11577995	2311	1494	n
11588423	2311	1495	n
11588679	2310	1494	n
11588930	2310	1495	n
11589181	2310	1493	n
11589432	2310	1497	n
11589688	2311	1495	n
11600050	2309	1493	n
11600302	2308	1495	n
11600557	2309	1494	n
11600812	2310	1493	n
11601063	2309	1494	n
11601314	2309	1493	n
11601567	2309	1493	n
11611953	2310	1494	n
11612204	2309	1495	n
11612455	2307	1493	n
11612711	2310	1493	n
11612962	2307	1493	n
11613213	2309	1494	n
11623600	2309	1495	n
11623855	2308	1495	n
11624106	2310	1495	n
11624357	2309	1494	n
11624615	2310	1495	n
11624870	2307	1494	n
11635239	2310	1494	n
11635492	2312	1495	n
11635747	2307	1494	n
11635998	2311	1494	n
11636249	2309	1495	n
11636504	2311	1494	n
11646935	2310	1494	n
11647186	2310	1495	n
11647437	2310	1494	n
11647693	2309	1495	n
11647945	2309	1492	n
11648196	2309	1492	n
11658635	2309	1493	n
11658962	2310	1493	n
11659235	2309	1494	n
11659487	2307	1495	n
11659744	2309	1494	n
11660004	2309	1493	n
11670396	2311	1495	n
11670882	2312	1493	n
11671133	2310	1495	n
11671393	2311	1494	n
11671676	2311	1494	n
11671927	2310	1493	n
11672178	2310	1494	n
11682597	2310	1494	Time:00:00:00:00;;
11683323	2311	1495	n
11683581	2313	1494	n
11683845	2311	1494	n
11684119	2310	1494	n
11694497	2311	1495	n
11694978	2309	1493	n
11695229	2312	1494	n
11695514	2311	1495	n
11695769	2307	1495	n
11696021	2308	1495	n
11696272	2308	1495	n
11706755	2310	1494	n
11707230	2311	1497	n
11707482	2310	1494	n
11707738	2309	1494	n
11708020	2309	1495	n
11708271	2310	1494	n
11718699	2309	1495	n
11719176	2311	1495	n
11719459	2308	1495	n
11719714	2311	1493	n
11719965	2309	1495	n
11720217	2309	1493	n
11730615	2309	1495	n
11731106	2309	1494	n
11731357	2310	1493	n
11731611	2311	1494	n
11731874	2309	1494	n
11732148	2309	1495	n
11732399	2310	1495	n
11742794	2311	1495	Time:00:00:00:00;;
11743497	2310	1494	n
11743775	2310	1494	n
11744026	2310	1495	n
11744286	2309	1493	n
11754716	2311	1494	n
11755193	2308	1495	n
11755444	2310	1495	n
11755710	2309	1497	n
11755983	2311	1493	n
11756234	2309	1494	n
11756486	2310	1495	n
11766858	2310	1497	n
11767365	2311	1493	n
11767618	2309	1494	n
11767873	2309	1495	n
11768125	2310	1495	n
11768407	2311	1493	n
11778812	2310	1495	n
11779289	2310	1498	n
11779546	2310	1495	n
11779831	2310	1495	n
11780082	2307	1495	n
11780333	2310	1492	n
11790765	2309	1494	n
11791279	2308	1493	n
11791533	2308	1494	n
11791788	2309	1495	n
11792039	2310	1494	n
11792321	2310	1495	n
11792577	2310	1495	n
11802997	2311	1495	n
11803474	2313	1494	n
11803760	2311	1494	n
11804011	2311	1494	n
11804262	2310	1495	n
11804515	2312	1495	n
11814950	2314	1493	n
11815435	2311	1497	n
11815691	2311	1494	n
11815942	2310	1495	n
11816202	2309	1494	n
11816475	2314	1495	n
11826887	2309	1495	n
11827365	2310	1493	n
11827631	2310	1494	n
11827904	2308	1494	n
11828155	2309	1494	n
11828406	2310	1495	n
11828676	2310	1494	n
11839135	2311	1494	n
11839620	2310	1494	n
11839875	2309	1493	n
11840135	2309	1495	n
11840409	2310	1491	n
11840667	2311	1495	n
11851089	2310	1495	n
11851583	2309	1494	n
11851860	2310	1494	n
11852111	2311	1494	n
11852362	2309	1494	n
11852626	2310	1495	n
11863009	2307	1493	n
11863489	2308	1494	n
11863745	2309	1491	n
11864004	2305	1493	n
11864278	2308	1494	n
11864532	2306	1494	n
11864787	2309	1494	n
11875188	2309	1494	n
11875709	2310	1494	n
11875960	2310	1495	n
11876211	2310	1495	n
11876471	2311	1494	n
11876749	2310	1494	n
11887142	2308	1494	n
11887620	2308	1494	n
11887885	2310	1493	Time:00:00:00:00;;
11888373	2310	1493	n
11888631	2307	1493	n
11888882	2309	1493	n
11899338	2310	1493	n
11899594	2309	1494	n
11899849	2310	1493	n
11900100	2310	1493	n
11900351	2309	1495	n
11900608	2311	1494	n
11910981	2310	1494	n
11911233	2308	1494	n
11911484	2309	1495	n
11911744	2309	1495	n
11911995	2309	1493	n
11912246	2309	1495	n
11922681	2309	1492	n
11922932	2310	1494	n
11923183	2310	1494	n
11923434	2309	1495	n
11923690	2309	1493	n
11923941	2311	1495	n
11934372	2310	1494	n
11934631	2311	1494	n
11934882	2309	1494	n
11935133	2311	1494	n
11935384	2310	1494	n
11935641	2311	1494	n
11945998	2309	1494	n
11946250	2310	1495	n
11946504	2310	1491	n
11946759	2311	1494	n
11947010	2310	1493	n
11947261	2309	1495	n
11947515	2309	1494	n
11957902	2310	1494	n
11958153	2309	1494	n
11958404	2310	1493	n
11958663	2309	1495	n
11958914	2309	1494	n
11959165	2309	1493	n
11969548	2309	1494	n
11969804	2309	1495	n
11970055	2309	1492	n
11970306	2310	1493	n
11970563	2309	1494	n
11970818	2310	1493	n
11981188	2309	1495	n
11981439	2310	1493	n
11981696	2310	1493	n
11981947	2311	1493	n
11982198	2310	1494	n
11982449	2308	1493	n
11992884	2310	1495	n
11993135	2309	1495	n
11993386	2310	1495	n
11993643	2311	1495	n
11993894	2311	1495	n
11994145	2309	1494	n
12004580	2310	1494	n
12004836	2309	1494	n
12005087	2307	1494	n
12005338	2309	1494	n
12005593	2310	1493	n
12005848	2309	1493	n
12016206	2310	1493	n
12016458	2307	1495	n
12016713	2308	1495	n
12016964	2309	1494	n
12017215	2310	1494	n
12017466	2310	1494	n
12017722	2310	1493	n
12028109	2311	1495	n
12028360	2309	1495	n
12028614	2309	1494	n
12028870	2308	1495	n
12029121	2310	1494	n
12029372	2310	1495	n
12039757	2310	1495	n
12040008	2310	1494	n
12040259	2308	1495	n
12040514	2306	1494	n
12040770	2310	1494	n
12041021	2310	1491	n
12051396	2309	1495	n
12051654	2311	1494	n
12051905	2310	1493	n
12052156	2309	1494	n
12052407	2309	1490	n
12052668	2310	1494	n
12063092	2310	1493	n
12063343	2307	1494	n
12063600	2309	1493	n
12063855	2311	1493	n
12064106	2310	1494	n
12064357	2307	1493	n
12074787	2310	1493	n
12075039	2310	1497	n
12075290	2310	1497	n
12075545	2310	1495	n
12075800	2310	1493	n
12076052	2309	1495	n
12086413	2308	1494	n
12086670	2310	1494	n
12086921	2310	1495	n
12087172	2309	1494	n
12087423	2308	1493	n
12087678	2308	1493	n
12087929	2310	1493	n
12098317	2309	1494	n
12098574	2310	1493	n
12098829	2309	1494	n
12099080	2310	1494	n
12099331	2308	1494	n
12099584	2308	1494	n
12109960	2309	1494	n
12110211	2310	1495	n
12110462	2308	1495	n
12110717	2310	1494	n
12110968	2310	1495	n
12111219	2311	1493	n
12121608	2311	1495	n
12121863	2311	1495	n
12122114	2311	1495	n
12122365	2311	1497	n
12122619	2313	1495	n
12122874	2313	1494	n
12133299	2307	1495	n
12133552	2309	1493	n
12133807	2309	1494	n
12134058	2310	1495	n
12134309	2309	1494	n
12134566	2309	1493	n
12144994	2309	1494	n
12145246	2307	1494	n
12145501	2311	1495	n
12145756	2310	1494	n
12146007	2309	1493	n
12146258	2310	1494	n
12156621	2310	1495	n
12156876	2308	1494	n
12157128	2310	1494	n
12157379	2310	1495	n
12157639	2313	1495	n
12157890	2311	1495	n
12158141	2311	1495	n
12168528	2311	1494	n
12168784	2309	1494	n
12169035	2310	1495	n
12169286	2311	1493	n
12169542	2310	1493	n
12169797	2310	1493	n
12180168	2309	1494	n
12180419	2308	1492	n
12180674	2309	1493	n
12180925	2311	1493	n
12181177	2311	1492	n
12181428	2309	1498	n
12191811	2310	1494	n
12192062	2310	1494	n
12192314	2311	1495	n
12192567	2308	1494	n
12192822	2309	1494	n
12193073	2311	1493	n
12203511	2310	1494	n
12203766	2310	1493	n
12204017	2309	1494	n
12204268	2309	1494	n
12204525	2311	1494	n
12204781	2310	1495	n
12215202	2309	1496	n
12215454	2309	1494	n
12215710	2311	1493	n
12215961	2310	1493	n
12216212	2308	1492	n
12216463	2308	1494	n
12226828	2307	1495	n
12227080	2309	1495	n
12227331	2309	1494	n
12227584	2309	1492	n
12227840	2309	1494	n
12228091	2309	1495	n
12228342	2309	1494	n
12238736	2310	1494	n
12238987	2311	1493	n
12239238	2309	1493	n
12239490	2311	1493	n
12239746	2310	1495	n
12239997	2309	1494	n
12250375	2309	1495	n
12250636	2311	1493	n
12250887	2310	1495	n
12251138	2309	1495	n
12251389	2310	1494	n
12251649	2311	1495	n
12262018	2309	1494	n
12262270	2309	1493	n
12262524	2309	1494	n
12262780	2310	1494	n
12263031	2311	1494	n
12263282	2310	1495	n
12273718	2311	1495	n
12273969	2309	1494	n
12274221	2310	1493	n
12274472	2311	1494	n
12274727	2309	1493	n
12274978	2309	1494	n
12285409	2310	1492	n
12285667	2309	1494	n
12285919	2311	1495	n
12286170	2310	1496	n
12286421	2311	1493	n
12286676	2309	1495	n
12297036	2310	1493	n
12297287	2311	1495	n
12297542	2309	1494	n
12297797	2311	1493	n
12298048	2310	1494	n
12298299	2310	1494	n
12298552	2310	1494	n
12308939	2309	1494	n
12309190	2310	1493	n
12309441	2309	1495	n
12309701	2308	1495	n
12309952	2310	1494	n
12310203	2309	1494	n
12320585	2310	1494	n
12320841	2311	1494	n
12321092	2310	1493	n
12321343	2309	1493	n
12321600	2310	1495	n
12321856	2310	1494	n
12332226	2309	1495	n
12332478	2311	1494	n
12332733	2309	1494	n
12332984	2310	1494	n
12333235	2308	1491	n
12333486	2310	1495	n
12343922	2310	1495	n
12344173	2310	1494	n
12344424	2311	1494	n
12344680	2309	1494	n
12344931	2309	1494	n
12345182	2311	1495	n
12355617	2310	1494	n
12355873	2309	1494	n
12356124	2310	1494	n
12356375	2309	1494	n
12356636	2309	1493	n
12356888	2309	1494	n
12367243	2310	1494	n
12367497	2310	1494	n
12367752	2309	1495	n
12368003	2309	1494	n
12368255	2307	1493	n
12368512	2310	1494	n
12368767	2309	1495	n
12379147	2309	1495	n
12379398	2310	1494	n
12379658	2311	1493	n
12379909	2310	1494	n
12380160	2309	1493	n
12380411	2310	1495	n
12390794	2309	1497	n
12391045	2310	1494	n
12391296	2313	1494	n
12391550	2311	1496	n
12391805	2311	1495	n
12392056	2310	1493	n
12402433	2309	1495	n
12402689	2309	1495	n
12402940	2310	1493	n
12403191	2311	1494	n
12403442	2309	1494	n
12403701	2309	1493	n
12414129	2309	1494	n
12414380	2310	1493	n
12414638	2310	1493	n
12414889	2309	1493	n
12415141	2310	1494	n
12415392	2309	1495	n
12425824	2309	1495	n
12426076	2310	1495	n
12426327	2310	1495	n
12426583	2310	1495	n
12426838	2310	1494	n
12427090	2309	1492	n
12437451	2306	1494	n
12437708	2308	1493	n
12437959	2309	1491	n
12438210	2305	1493	n
12438461	2309	1491	n
12438717	2307	1491	n
12438968	2307	1493	n
12449354	2310	1495	n
12449610	2309	1493	n
12449866	2311	1493	n
12450117	2310	1495	n
12450368	2310	1495	n
12450621	2311	1493	n
12460998	2310	1495	n
12461249	2309	1494	n
12461504	2307	1494	n
12461760	2310	1493	n
12462011	2309	1493	n
12462262	2309	1494	n
12472650	2311	1495	n
12472901	2310	1494	n
12473152	2310	1494	n
12473403	2309	1495	n
12473662	2309	1495	n
12473913	2309	1494	n
12484337	2307	1493	n
12484593	2309	1493	n
12484849	2309	1494	n
12485100	2310	1495	n
12485351	2310	1493	n
12485608	2309	1494	n
12496032	2309	1494	n
12496284	2309	1494	n
12496539	2309	1493	n
12496795	2308	1493	n
12497046	2311	1492	n
12497297	2311	1493	n
12507663	2309	1495	n
12507914	2311	1494	n
12508165	2310	1495	n
12508416	2310	1494	n
12508672	2310	1495	n
12508923	2310	1494	n
12509174	2310	1494	n
12519565	2311	1495	n
12519820	2311	1495	n
12520071	2310	1494	n
12520322	2310	1495	n
12520576	2310	1494	n
12520832	2310	1494	n
12531205	2310	1493	n
12531456	2306	1493	n
12531712	2310	1494	n
12531963	2311	1494	n
12532214	2309	1494	n
12532465	2309	1495	n
12542848	2308	1494	n
12543100	2307	1494	n
12543351	2309	1494	n
12543608	2309	1494	n
12543863	2309	1492	n
12544114	2310	1494	n
12554548	2309	1495	n
12554803	2310	1494	n
12555054	2311	1495	n
12555306	2309	1494	n
12555563	2309	1494	n
12555818	2311	1495	n
12566239	2310	1493	n
12566492	2309	1495	n
12566747	2310	1493	n
12566998	2311	1495	n
12567249	2309	1495	n
12567504	2311	1494	n
12577866	2310	1494	n
12578117	2310	1495	n
12578369	2310	1493	n
12578626	2309	1494	n
12578881	2309	1493	n
12579132	2309	1496	n
12579383	2309	1495	n
12589773	2309	1493	n
12590024	2308	1493	n
12590275	2308	1494	n
12590532	2311	1494	n
12590787	2310	1493	n
12591039	2308	1494	n
12601413	2310	1495	n
12601669	2309	1494	n
12601920	2313	1497	n
12602171	2313	1495	n
12602422	2313	1493	n
12602678	2310	1495	n
12613056	2309	1495	n
12613307	2309	1493	n
12613562	2309	1492	n
12613817	2310	1495	n
12614068	2308	1494	n
12614319	2307	1493	n
12624754	2309	1493	n
12625005	2310	1494	n
12625256	2310	1494	n
12625511	2307	1494	n
12625767	2309	1493	n
12626018	2309	1494	n
12636447	2308	1493	n
12636709	2309	1493	n
12636960	2310	1494	n
12637211	2309	1494	n
12637462	2306	1493	n
12637717	2310	1495	n
12648073	2310	1494	n
12648324	2309	1493	n
12648579	2310	1493	n
12648835	2311	1495	n
12649086	2309	1495	n
12649337	2310	1495	n
12649594	2309	1494	n
12659977	2309	1494	n
12660340	2309	1494	n
12660594	2308	1495	n
12660858	2308	1493	n
12661131	2310	1495	n
12661382	2310	1495	n
12671794	2309	1494	n
12672280	2308	1494	n
12672559	2307	1494	n
12672814	2309	1493	n
12673065	2310	1491	n
12673325	2307	1493	n
12683741	2313	1494	Time:00:00:00:00;;
12684431	2309	1497	n
12684687	2311	1494	n
12684969	2309	1493	n
12685220	2309	1495	n
12685471	2311	1494	n
12695857	2310	1495	n
12696365	2313	1495	n
12696618	2311	1495	n
12696874	2310	1494	n
12697125	2310	1495	n
12697407	2311	1494	n
12707810	2309	1494	n
12708285	2309	1493	n
12708542	2310	1495	n
12708804	2307	1495	n
12709077	2309	1493	n
12709328	2309	1493	n
12719747	2309	1495	n
12720233	2310	1494	n
12720514	2311	1495	n
12720770	2309	1493	n
12721021	2308	1493	n
12721281	2310	1497	n
12721560	2311	1492	n
12731995	2309	1493	n
12732473	2313	1497	n
12732737	2309	1495	n
12733011	2311	1495	n
12733262	2309	1494	n
12733515	2310	1495	n
12743949	2311	1497	Time:00:00:00:00;;
12744678	2310	1495	n
12744929	2312	1495	n
12745188	2312	1494	n
12745462	2309	1495	n
12745717	2310	1493	n
12756145	2308	1494	n
12756639	2309	1493	n
12756913	2307	1494	n
12757164	2309	1494	n
12757415	2307	1491	n
12757679	2309	1494	n
12768107	2310	1493	n
12768585	2309	1494	n
12768841	2310	1494	n
12769101	2309	1494	n
12769374	2310	1493	n
12769632	2309	1495	n
12780036	2310	1494	n
12780529	2311	1494	n
12780807	2310	1494	n
12781058	2310	1494	n
12781309	2311	1494	n
12781574	2311	1495	n
12781852	2309	1495	n
12792284	2309	1495	n
12792777	2311	1493	n
12793037	2313	1494	n
12793311	2309	1495	n
12793565	2310	1494	n
12793820	2311	1494	n
12804238	2311	1494	n
12804756	2310	1493	n
12805007	2310	1494	n
12805259	2310	1494	n
12805522	2311	1494	n
12805800	2309	1494	n
12816158	2309	1494	n
12816640	2311	1495	n
12816891	2310	1495	n
12817173	2310	1493	n
12817424	2310	1495	n
12817680	2310	1496	n
12817931	2309	1491	n
12828337	2310	1495	n
12828833	2311	1494	n
12829084	2311	1494	n
12829335	2309	1495	n
12829631	2311	1494	n
12829882	2310	1495	n
12840290	2311	1493	n
12840777	2309	1495	n
12841058	2310	1493	n
12841310	2309	1495	n
12841566	2308	1492	n
12841821	2310	1491	n
12852210	2309	1491	n
12852709	2309	1494	n
12852960	2309	1494	n
12853211	2309	1493	n
12853471	2310	1494	n
12853749	2309	1494	n
12854000	2311	1493	n
12864389	2309	1495	n
12864883	2309	1494	n
12865156	2310	1493	n
12865407	2313	1494	n
12865668	2310	1494	n
12865928	2310	1494	n
12876352	2311	1498	n
12876844	2311	1493	n
12877096	2310	1493	n
12877355	2309	1493	n
12877639	2310	1493	n
12877890	2310	1494	n
12888263	2310	1493	Time:00:00:00:00;;
12888972	2310	1493	n
12889246	2310	1494	n
12889501	2310	1493	n
12889757	2310	1493	n
12890008	2308	1493	n
12900407	2309	1492	n
12900667	2309	1495	n
12900918	2310	1495	n
12901170	2310	1494	n
12901421	2308	1492	n
12901676	2310	1493	n
12912033	2310	1493	n
12912284	2310	1495	n
12912539	2310	1494	n
12912795	2310	1494	n
12913046	2308	1493	n
12913297	2310	1494	n
12923664	2310	1494	n
12923915	2310	1494	n
12924166	2311	1494	n
12924417	2308	1493	n
12924673	2307	1495	n
12924924	2310	1493	n
12935338	2307	1495	n
12935593	2310	1494	n
12935848	2310	1495	n
12936100	2311	1493	n
12936351	2309	1493	n
12936603	2310	1494	n
12936859	2308	1494	n
12947275	2309	1495	n
12947532	2309	1494	n
12947787	2311	1495	n
12948038	2311	1493	n
12948289	2309	1493	n
12948546	2310	1493	n
12958918	2309	1494	n
12959170	2310	1494	n
12959421	2311	1491	n
12959676	2311	1495	n
12959927	2311	1494	n
12960179	2310	1494	n
12970615	2310	1493	n
12970870	2310	1494	n
12971121	2311	1495	n
12971372	2310	1493	n
12971632	2309	1494	n
12971883	2309	1494	n
12982241	2309	1494	n
12982497	2310	1494	n
12982753	2309	1494	n
12983004	2309	1493	n
12983255	2309	1494	n
12983512	2309	1495	n
12993953	2311	1494	n
12994204	2310	1497	n
12994456	2310	1493	n
12994712	2311	1495	n
12994963	2309	1494	n
12995214	2310	1492	n
13005636	2310	1494	n
13005887	2309	1494	n
13006138	2311	1493	n
13006390	2309	1494	n
13006649	2311	1494	n
13006900	2309	1494	n
13007151	2310	1495	n
13017573	2310	1496	n
13017829	2309	1493	n
13018080	2310	1494	n
13018331	2310	1494	n
13018584	2310	1494	n
13018840	2310	1495	n
13029212	2310	1494	n
13029463	2308	1494	n
13029719	2309	1493	n
13029970	2309	1495	n
13030221	2309	1495	n
13030472	2311	1494	n
13040908	2313	1497	n
13041159	2310	1493	n
13041410	2311	1493	n
13041667	2310	1493	n
13041919	2312	1495	n
13042170	2309	1495	n
13052603	2310	1495	n
13052859	2311	1495	n
13053110	2311	1495	n
13053361	2311	1495	n
13053618	2310	1495	n
13053873	2310	1494	n
13064230	2309	1493	n
13064482	2309	1493	n
13064738	2309	1494	n
13064989	2309	1495	n
13065240	2309	1492	n
13065497	2310	1494	n
13065753	2311	1493	n
13076133	2309	1493	n
13076384	2310	1495	n
13076641	2309	1493	n
13076892	2307	1494	n
13077143	2307	1494	n
13077394	2309	1494	n
13087780	2310	1493	n
13088031	2310	1494	n
13088283	2309	1494	n
13088540	2310	1495	n
13088795	2309	1494	n
13089046	2309	1494	n
13099419	2310	1490	n
13099675	2310	1493	n
13099926	2310	1493	n
13100177	2307	1495	n
13100428	2309	1494	n
13100684	2308	1493	n
13111115	2311	1494	n
13111366	2310	1494	n
13111620	2309	1496	n
13111875	2309	1494	n
13112126	2310	1494	n
13112377	2311	1493	n
13122810	2311	1493	n
13123062	2309	1495	n
13123313	2309	1494	n
13123566	2311	1494	n
13123821	2310	1495	n
13124072	2310	1493	n
13134437	2310	1495	n
13134694	2309	1494	n
13134945	2310	1493	n
13135196	2310	1494	n
13135447	2307	1494	n
13135708	2307	1494	n
13135959	2309	1493	n
13146340	2309	1493	n
13146597	2307	1494	n
13146852	2308	1493	n
13147103	2309	1494	n
13147354	2309	1494	n
13147610	2310	1494	n
13157984	2307	1493	n
13158235	2309	1495	n
13158486	2308	1493	n
13158744	2309	1492	n
13158995	2308	1493	n
13159246	2310	1495	n
13169635	2311	1493	n
13169887	2311	1493	n
13170138	2310	1495	n
13170389	2311	1493	n
13170649	2310	1494	n
13170901	2310	1495	n
13181323	2311	1495	n
13181580	2313	1494	n
13181836	2311	1494	n
13182087	2309	1495	n
13182338	2309	1493	n
13182594	2313	1495	n
13193018	2311	1494	n
13193270	2311	1494	n
13193524	2307	1494	n
13193780	2307	1493	n
13194031	2309	1494	n
13194282	2310	1493	n
13204650	2311	1494	n
13204901	2309	1493	n
13205152	2309	1493	n
13205403	2307	1493	n
13205662	2310	1494	n
13205913	2309	1493	n
13206164	2310	1495	n
13216550	2310	1497	n
13216805	2310	1494	n
13217056	2310	1495	n
13217307	2310	1497	n
13217562	2310	1493	n
13217817	2310	1493	n
13228192	2310	1495	n
13228443	2311	1495	n
13228701	2311	1494	n
13228952	2311	1497	n
13229203	2309	1495	n
13229454	2308	1494	n
13239834	2309	1495	n
13240085	2311	1494	n
13240336	2311	1496	n
13240593	2309	1494	n
13240849	2309	1494	n
13241100	2309	1492	n
13251532	2309	1494	n
13251787	2309	1493	n
13252038	2310	1493	n
13252290	2309	1494	n
13252545	2309	1492	n
13252801	2307	1494	n
13263225	2311	1495	n
13263477	2310	1493	n
13263732	2310	1494	n
13263983	2309	1495	n
13264234	2311	1494	n
13264485	2311	1498	n
13274852	2310	1495	n
13275104	2309	1495	n
13275355	2309	1494	n
13275610	2309	1494	n
13275866	2309	1494	n
13276117	2307	1492	n
13276368	2310	1494	n
13286759	2307	1495	n
13287010	2309	1495	n
13287261	2309	1494	n
13287515	2309	1494	n
13287770	2310	1493	n
13288021	2310	1494	n
13298399	2309	1495	n
13298659	2307	1495	n
13298910	2309	1494	n
13299161	2310	1494	n
13299412	2309	1491	n
13299669	2311	1493	n
13310042	2307	1494	n
13310293	2307	1493	n
13310548	2307	1494	n
13310803	2309	1494	n
13311054	2309	1493	n
13311306	2309	1495	n
13321742	2306	1493	n
13321993	2309	1494	n
13322244	2313	1493	n
13322502	2311	1494	n
13322757	2310	1491	n
13323008	2309	1495	n
13333433	2310	1495	n
13333689	2311	1495	n
13333940	2310	1493	n
13334192	2309	1494	n
13334443	2310	1493	n
13334701	2310	1494	n
13345060	2310	1495	n
13345312	2314	1494	n
13345565	2309	1495	n
13345820	2313	1495	n
13346071	2310	1494	n
13346322	2310	1497	n
13346576	2313	1495	n
13356963	2310	1494	n
13357214	2311	1495	n
13357465	2310	1495	n
13357721	2310	1493	n
13357972	2311	1493	n
13358223	2310	1493	n
13368611	2307	1493	n
13368867	2310	1494	n
13369118	2309	1495	n
13369369	2311	1494	n
13369626	2307	1493	n
13369881	2310	1495	n
13380249	2311	1495	n
13380504	2308	1493	n
13380759	2311	1495	n
13381010	2310	1494	n
13381261	2312	1495	n
13381515	2311	1497	n
13391945	2310	1493	n
13392196	2311	1494	n
13392447	2309	1494	n
13392708	2310	1493	n
13392959	2310	1494	n
13393210	2310	1495	n
13403645	2311	1493	n
13403896	2310	1495	n
13404147	2309	1494	n
13404398	2309	1494	n
13404658	2311	1493	n
13404910	2310	1495	n
13415267	2309	1494	n
13415522	2309	1492	n
13415778	2311	1494	n
13416029	2310	1494	n
13416280	2309	1493	n
13416534	2309	1493	n
13416789	2310	1494	n
13427170	2310	1495	n
13427421	2309	1493	n
13427676	2310	1492	n
13427927	2309	1494	n
13428179	2309	1494	n
13428430	2310	1494	n
13438814	2309	1494	n
13439065	2311	1495	n
13439316	2313	1495	n
13439569	2313	1494	n
13439824	2311	1495	n
13440075	2309	1495	n
13450457	2309	1495	n
13450713	2309	1495	n
13450964	2311	1493	n
13451215	2307	1492	n
13451466	2311	1494	n
13451722	2310	1493	n
13462153	2309	1494	n
13462404	2310	1494	n
13462663	2309	1494	n
13462914	2311	1494	n
13463165	2308	1494	n
13463416	2309	1491	n
13473848	2310	1494	n
13474100	2310	1494	n
13474351	2309	1493	n
13474608	2309	1495	n
13474863	2309	1495	n
13475114	2309	1493	n
13485475	2313	1497	n
13485731	2311	1497	n
13485982	2310	1494	n
13486233	2309	1494	n
13486484	2311	1495	n
13486745	2313	1497	n
13486996	2310	1494	n
13497378	2307	1493	n
13497639	2307	1491	n
13497890	2309	1495	n
13498141	2310	1494	n
13498392	2313	1494	n
13498649	2311	1493	n
13509022	2309	1493	n
13509273	2310	1495	n
13509528	2311	1495	n
13509784	2308	1493	n
13510035	2309	1493	n
13510286	2310	1494	n
13520669	2313	1493	n
13520920	2311	1497	n
13521171	2311	1495	n
13521422	2311	1494	n
13521678	2312	1494	n
13521929	2311	1495	n
13532360	2309	1494	n
13532614	2309	1495	n
13532870	2313	1497	n
13533121	2311	1495	n
13533372	2309	1493	n
13533632	2307	1495	n
13544055	2309	1494	n
13544307	2309	1495	n
13544562	2309	1493	n
13544817	2310	1492	n
13545068	2310	1494	n
13545320	2310	1493	n
13555687	2308	1494	n
13555938	2309	1493	n
13556189	2309	1494	n
13556440	2309	1493	n
13556701	2310	1493	n
13556952	2311	1494	n
13557203	2309	1495	n
13567586	2310	1495	n
13567842	2311	1495	n
13568093	2311	1495	n
13568344	2311	1494	n
13568600	2311	1494	n
13568855	2310	1494	n
13579229	2311	1495	n
13579480	2309	1495	n
13579735	2311	1495	n
13579986	2310	1494	n
13580238	2313	1495	n
13580490	2310	1495	n
13590872	2309	1495	n
13591124	2307	1494	n
13591375	2310	1493	n
13591636	2310	1494	n
13591887	2308	1494	n
13592139	2309	1493	n
13602574	2307	1495	n
13602829	2309	1494	n
13603080	2310	1495	n
13603331	2310	1494	n
13603585	2310	1495	n
13603840	2311	1494	n
13614263	2313	1495	n
13614517	2311	1495	n
13614773	2311	1494	n
13615024	2308	1495	n
13615275	2311	1494	n
13615532	2310	1495	n
13625959	2309	1495	n
13626210	2311	1495	n
13626462	2309	1495	n
13626717	2309	1494	n
13626968	2310	1494	n
13627219	2309	1493	n
13627470	2314	1495	n
13637879	2309	1493	n
13638130	2309	1495	n
13638381	2309	1495	n
13638638	2309	1494	n
13638889	2309	1493	n
13639140	2309	1494	n
13649529	2311	1494	n
13649784	2310	1493	n
13650035	2309	1495	n
13650286	2310	1495	n
13650542	2309	1493	n
13650797	2311	1494	n
13661218	2310	1493	n
13661608	2311	1494	n
13661863	2311	1495	n
13662122	2310	1495	n
13662397	2311	1495	n
13662654	2310	1493	n
13673086	2307	1494	n
13673573	2311	1494	n
13673851	2311	1491	n
13674102	2307	1493	n
13674353	2310	1493	n
13674619	2306	1495	n
13674897	2310	1495	n
13685317	2310	1495	Time:00:00:00:00;;
13686023	2307	1495	n
13686296	2310	1495	n
13686550	2310	1494	n
13686805	2310	1495	n
13697167	2310	1495	n
13697686	2311	1493	n
13697937	2311	1494	n
13698188	2309	1494	n
13698439	2309	1495	n
13698729	2310	1494	n
13709087	2310	1494	n
13709565	2310	1495	n
13709820	2309	1495	n
13710080	2309	1495	n
13710355	2312	1495	n
13710611	2311	1495	n
13710866	2310	1493	n
13721283	2309	1494	n
13721802	2311	1494	n
13722053	2310	1497	n
13722305	2311	1496	n
13722567	2310	1495	n
13722844	2307	1493	n
13733220	2309	1494	n
13733708	2309	1494	n
13733968	2310	1494	n
13734242	2309	1494	n
13734497	2310	1496	n
13734753	2310	1495	n
13745139	2310	1494	Time:00:00:00:00;;
13745873	2310	1494	n
13746124	2310	1493	n
13746384	2310	1493	n
13746666	2309	1495	n
13746917	2309	1491	n
13757300	2311	1494	n
13757784	2310	1495	n
13758066	2309	1495	n
13758317	2311	1494	n
13758574	2309	1494	n
13758829	2311	1494	n
13769237	2311	1494	n
13769730	2311	1493	n
13769981	2310	1493	n
13770232	2309	1494	n
13770516	2310	1494	n
13770772	2308	1495	n
13771023	2309	1494	n
13781399	2311	1494	n
13781894	2310	1495	n
13782167	2309	1495	n
13782418	2310	1493	n
13782674	2311	1494	n
13782934	2310	1493	n
13793353	2311	1495	n
13793839	2311	1495	n
13794090	2311	1495	n
13794350	2310	1495	n
13794631	2311	1495	n
13794882	2309	1494	n
13805290	2310	1494	n
13805784	2308	1494	n
13806058	2308	1494	n
13806309	2309	1494	n
13806566	2311	1491	n
13806829	2309	1493	n
13807103	2309	1494	n
13817542	2309	1493	n
13818022	2310	1495	n
13818282	2309	1493	n
13818559	2309	1494	n
13818814	2311	1494	n
13819065	2310	1494	n
13829497	2308	1495	n
13830016	2310	1495	n
13830267	2311	1495	n
13830523	2311	1495	n
13830787	2310	1495	n
13831061	2309	1494	n
13841481	2310	1495	n
13841963	2311	1493	n
13842223	2311	1495	n
13842504	2311	1494	n
13842760	2313	1494	n
13843011	2311	1495	n
13843271	2309	1494	n
13853690	2310	1494	n
13854171	2309	1494	n
13854422	2309	1494	n
13854684	2309	1493	n
13854958	2310	1493	n
13855209	2309	1493	n
13865613	2310	1494	n
13866105	2310	1494	n
13866378	2307	1494	n
13866639	2310	1493	n
13866890	2309	1494	n
13867150	2308	1495	n
13877619	2311	1495	n
13878100	2310	1494	n
13878351	2310	1494	n
13878617	2311	1495	n
13878895	2311	1495	n
13879146	2311	1495	n
13879397	2310	1495	n
13889814	2311	1495	Time:00:00:00:00;;
13890511	2311	1495	n
13890767	2311	1494	n
13891018	2310	1495	n
13891269	2310	1494	n
13901636	2311	1497	n
13901887	2310	1495	n
13902138	2309	1494	n
13902389	2310	1493	n
13902649	2309	1494	n
13902900	2308	1494	n
13903151	2310	1494	n
13913540	2309	1493	n
13913795	2311	1494	n
13914046	2310	1493	n
13914297	2309	1494	n
13914551	2310	1493	n
13914806	2311	1493	n
13925178	2313	1497	n
13925429	2311	1497	n
13925684	2311	1495	n
13925935	2310	1495	n
13926186	2313	1494	n
13926437	2310	1494	n
13936821	2311	1495	n
13937073	2311	1494	n
13937324	2311	1494	n
13937581	2311	1495	n
13937836	2309	1494	n
13938088	2307	1495	n
13948523	2309	1494	n
13948778	2310	1494	n
13949030	2310	1494	n
13949281	2309	1493	n
13949534	2311	1494	n
13949789	2311	1494	n
13960212	2310	1493	n
13960464	2311	1494	n
13960719	2311	1495	n
13960970	2310	1493	n
13961221	2310	1495	n
13961472	2311	1494	n
13971838	2310	1494	n
13972090	2311	1494	n
13972341	2310	1495	n
13972598	2309	1493	n
13972853	2310	1495	n
13973104	2309	1496	n
13973355	2310	1494	n
13983746	2311	1490	n
13983997	2310	1494	n
13984248	2310	1494	n
13984504	2310	1494	n
13984760	2311	1493	n
13985011	2308	1493	n
13995385	2311	1493	n
13995642	2311	1495	n
13995893	2310	1494	n
13996144	2309	1495	n
13996395	2308	1495	n
13996654	2308	1494	n
14007028	2310	1496	n
14007279	2311	1494	n
14007533	2309	1494	n
14007788	2310	1493	n
14008039	2313	1494	n
14008290	2311	1493	n
14018728	2309	1494	n
14018980	2307	1493	n
14019231	2310	1493	n
14019482	2310	1493	n
14019738	2309	1494	n
14019989	2309	1493	n
14030419	2308	1494	n
14030675	2309	1495	n
14030926	2309	1493	n
14031177	2311	1493	n
14031428	2309	1495	n
14031684	2309	1494	n
14042046	2311	1495	n
14042298	2309	1495	n
14042551	2309	1495	n
14042807	2311	1494	n
14043058	2311	1494	n
14043309	2310	1494	n
14043566	2310	1494	n
14053949	2310	1495	n
14054200	2310	1492	n
14054451	2307	1495	n
14054708	2309	1493	n
14054959	2309	1495	n
14055210	2310	1495	n
14065596	2309	1495	n
14065852	2310	1494	n
14066103	2310	1493	n
14066354	2311	1493	n
14066611	2313	1495	n
14066866	2309	1493	n
14077236	2309	1494	n
14077488	2310	1494	n
14077744	2310	1494	n
14077995	2310	1493	n
14078246	2311	1494	n
14078502	2310	1495	n
14088932	2310	1495	n
14089183	2310	1495	n
14089434	2309	1495	n
14089690	2310	1493	n
14089941	2309	1495	n
14090192	2308	1493	n
14100631	2311	1495	n
14100882	2314	1494	n
14101133	2309	1495	n
14101384	2311	1495	n
14101641	2311	1494	n
14101892	2311	1495	n
14112253	2311	1493	n
14112508	2310	1495	n
14112764	2311	1493	n
14113015	2312	1495	n
14113266	2311	1495	n
14113522	2314	1494	n
14113778	2311	1496	n
14124157	2310	1493	n
14124408	2311	1494	n
14124667	2309	1494	n
14124918	2309	1494	n
14125169	2311	1493	n
14125421	2310	1493	n
14135800	2311	1495	n
14136051	2311	1495	n
14136302	2311	1495	n
14136556	2311	1495	n
14136812	2309	1494	n
14137063	2309	1495	n
14147443	2309	1495	n
14147701	2308	1494	n
14147952	2310	1491	n
14148203	2309	1495	n
14148454	2307	1495	n
14148710	2310	1494	n
14159139	2309	1495	n
14159390	2307	1494	n
14159649	2309	1494	n
14159900	2309	1495	n
14160151	2311	1495	n
14160402	2308	1494	n
14170834	2309	1493	n
14171086	2311	1494	n
14171337	2310	1495	n
14171593	2311	1494	n
14171849	2310	1493	n
14172100	2311	1494	n
14182461	2309	1493	n
14182717	2310	1495	n
14182968	2309	1494	n
14183219	2309	1493	n
14183470	2313	1493	n
14183726	2307	1493	n
14183977	2309	1494	n
14194364	2310	1494	n
14194617	2307	1494	n
14194872	2308	1493	n
14195123	2308	1494	n
14195374	2309	1493	n
14195632	2309	1494	n
14206008	2310	1493	n
14206259	2307	1493	n
14206514	2307	1492	n
14206769	2310	1493	n
14207021	2307	1493	n
14207272	2309	1493	n
14217656	2307	1493	n
14217907	2307	1492	n
14218158	2309	1493	n
14218409	2309	1492	n
14218667	2309	1493	n
14218918	2309	1493	n
14229347	2307	1493	n
14229600	2309	1494	n
14229855	2311	1494	n
14230106	2311	1495	n
14230357	2310	1494	n
14230615	2307	1494	n
14241042	2307	1494	n
14241294	2308	1493	n
14241548	2309	1495	n
14241803	2309	1493	n
14242054	2309	1495	n
14242305	2310	1494	n
14252673	2310	1493	n
14252924	2307	1492	n
14253175	2309	1494	n
14253426	2307	1495	n
14253681	2308	1494	n
14253933	2309	1492	n
14254184	2309	1493	n
14264576	2309	1494	n
14264831	2309	1491	n
14265082	2307	1495	n
14265334	2310	1494	n
14265586	2306	1492	n
14265842	2309	1494	n
14276215	2308	1494	n
14276466	2311	1493	n
14276721	2307	1493	n
14276973	2307	1494	n
14277224	2310	1492	n
14277475	2310	1491	n
14287858	2309	1493	n
14288109	2309	1493	n
14288361	2309	1494	n
14288618	2309	1493	n
14288873	2309	1493	n
14289124	2311	1494	n
14299559	2309	1494	n
14299814	2308	1493	n
14300065	2310	1493	n
14300317	2309	1493	n
14300574	2309	1493	n
14300829	2309	1495	n
14311249	2310	1493	n
14311504	2309	1493	n
14311759	2309	1493	n
14312010	2307	1493	n
14312261	2309	1492	n
14312515	2309	1493	n
14322876	2309	1491	n
14323127	2310	1493	n
14323379	2309	1493	n
14323638	2310	1493	n
14323889	2307	1495	n
14324141	2311	1493	n
14324392	2308	1494	n
14334783	2309	1494	n
14335034	2309	1493	n
14335285	2309	1493	n
14335540	2307	1491	n
14335795	2310	1494	n
14336047	2309	1493	n
14346423	2308	1493	n
14346678	2310	1494	n
14346929	2309	1493	n
14347180	2309	1495	n
14347431	2307	1495	n
14347687	2309	1493	n
14358066	2309	1494	n
14358318	2309	1493	n
14358573	2307	1494	n
14358828	2307	1492	n
14359080	2309	1494	n
14359331	2307	1493	n
14369762	2311	1494	n
14370013	2310	1494	n
14370264	2309	1495	n
14370517	2308	1493	n
14370773	2308	1494	n
14371024	2310	1495	n
14381457	2306	1491	n
14381713	2308	1495	n
14381964	2310	1492	n
14382215	2307	1493	n
14382467	2309	1493	n
14382722	2307	1493	n
14393083	2308	1493	n
14393335	2306	1491	n
14393592	2308	1493	n
14393847	2306	1494	n
14394098	2307	1493	n
14394349	2310	1494	n
14394603	2307	1493	n
14404987	2309	1495	n
14405238	2309	1493	n
14405490	2310	1495	n
14405746	2309	1492	n
14405997	2308	1493	n
14406248	2307	1493	n
14416639	2310	1493	n
14416890	2310	1494	n
14417141	2310	1492	n
14417392	2309	1491	n
14417649	2310	1495	n
14417900	2310	1494	n
14428273	2307	1491	n
14428528	2306	1492	n
14428784	2306	1493	n
14429035	2309	1494	n
14429286	2309	1493	n
14429542	2309	1493	n
14439969	2307	1492	n
14440220	2309	1494	n
14440471	2313	1494	n
14440727	2309	1494	n
14440978	2309	1493	n
14441229	2309	1494	n
14451669	2307	1494	n
14451920	2307	1493	n
14452171	2309	1494	n
14452422	2308	1491	n
14452678	2309	1494	n
14452929	2309	1493	n
14463291	2309	1493	n
14463549	2309	1494	n
14463804	2310	1493	n
14464055	2309	1494	n
14464306	2308	1493	n
14464563	2308	1493	n
14464818	2307	1493	n
14475194	2309	1494	n
14475445	2307	1494	n
14475702	2309	1494	n
14475953	2307	1491	n
14476204	2307	1491	n
14476455	2306	1493	n
14486838	2307	1493	n
14487089	2306	1493	n
14487340	2309	1494	n
14487597	2308	1493	n
14487852	2309	1490	n
14488103	2307	1492	n
14498481	2309	1495	n
14498738	2309	1493	n
14498989	2310	1493	n
14499240	2307	1494	n
14499497	2311	1495	n
14499753	2310	1495	n
14510177	2308	1494	n
14510428	2309	1497	n
14510683	2310	1494	n
14510935	2309	1497	n
14511186	2310	1493	n
14511437	2310	1494	n
14521872	2309	1493	n
14522124	2309	1491	n
14522375	2307	1493	n
14522636	2308	1493	n
14522887	2307	1493	n
14523138	2307	1494	n
14533504	2307	1492	n
14533760	2308	1493	n
14534011	2307	1493	n
14534262	2309	1494	n
14534515	2307	1493	n
14534770	2309	1492	n
14535021	2310	1493	n
14545402	2309	1493	n
14545663	2309	1493	n
14545914	2310	1493	n
14546165	2309	1494	n
14546416	2311	1493	n
14546672	2309	1493	n
14557045	2309	1493	n
14557296	2309	1495	n
14557549	2307	1493	n
14557804	2306	1491	n
14558055	2307	1491	n
14558306	2307	1492	n
14568693	2307	1493	n
14568944	2309	1491	n
14569195	2309	1495	n
14569446	2307	1493	n
14569703	2307	1493	n
14569954	2308	1492	n
14580384	2309	1495	n
14580641	2310	1491	n
14580892	2309	1493	n
14581143	2309	1491	n
14581395	2307	1494	n
14581654	2311	1493	n
14592079	2309	1494	n
14592331	2309	1493	n
14592584	2308	1493	n
14592839	2309	1491	n
14593090	2309	1493	n
14593341	2309	1493	n
14603708	2309	1492	n
14603959	2307	1493	n
14604210	2307	1493	n
14604461	2306	1493	n
14604717	2309	1494	n
14604968	2307	1491	n
14605219	2307	1494	n
14615614	2307	1493	n
14615870	2307	1493	n
14616121	2310	1493	n
14616372	2307	1494	n
14616632	2307	1493	n
14616883	2309	1495	n
14627253	2310	1494	n
14627508	2310	1493	n
14627763	2308	1491	n
14628015	2308	1493	n
14628266	2309	1493	n
14628523	2310	1492	n
14638896	2309	1494	n
14639148	2309	1494	n
14639399	2310	1493	n
14639659	2307	1493	n
14639910	2309	1493	n
14640161	2310	1494	n
14650598	2309	1490	n
14650853	2309	1493	n
14651104	2309	1493	n
14651355	2307	1493	n
14651611	2307	1491	n
14651866	2307	1491	n
14662288	2308	1493	n
14662705	2306	1493	n
14662956	2307	1492	n
14663238	2307	1494	n
14663490	2307	1494	n
14663746	2309	1493	n
14674138	2307	1493	n
14674631	2307	1492	n
14674904	2307	1490	n
14675155	2307	1492	n
14675406	2307	1493	n
14675698	2309	1493	n
14675949	2306	1493	n
14686333	2307	1492	Time:00:00:00:00;;
14687039	2307	1493	n
14687312	2309	1492	n
14687565	2307	1493	n
14687821	2305	1494	n
14698219	2305	1491	n
14698736	2309	1493	n
14698987	2307	1492	n
14699238	2306	1493	n
14699502	2308	1491	n
14699780	2309	1492	n
14700031	2307	1491	n
14710398	2309	1493	n
14710884	2307	1494	n
14711166	2309	1493	n
14711417	2308	1490	n
14711673	2307	1493	n
14711924	2307	1493	n
14722361	2307	1494	n
14722847	2309	1493	n
14723098	2307	1492	n
14723349	2310	1494	n
14723638	2309	1495	n
14723889	2309	1494	n
14734271	2307	1491	n
14734759	2308	1493	n
14735041	2306	1492	n
14735292	2309	1493	n
14735549	2307	1493	n
14735804	2306	1491	Time:00:00:00:00;;
14746426	2307	1493	n
14746907	2308	1493	n
14747158	2306	1493	n
14747418	2306	1491	n
14747695	2309	1491	n
14747946	2309	1492	n
14758369	2307	1492	n
14758866	2309	1493	n
14759139	2308	1493	n
14759391	2307	1494	n
14759649	2308	1494	n
14759909	2309	1493	n
14760183	2307	1493	n
14770602	2307	1492	n
14771081	2309	1493	n
14771341	2307	1493	n
14771617	2307	1493	n
14771873	2309	1494	n
14772124	2309	1494	n
14782559	2307	1493	n
14783079	2309	1491	n
14783330	2307	1494	n
14783583	2309	1491	n
14783847	2308	1494	n
14784121	2307	1493	n
14794497	2306	1495	n
14794978	2309	1493	n
14795238	2311	1493	n
14795514	2309	1491	n
14795769	2310	1494	n
14796020	2307	1495	n
14796280	2307	1492	n
14806752	2308	1494	n
14807229	2308	1492	n
14807480	2308	1493	n
14807745	2309	1494	n
14808019	2309	1493	n
14808270	2310	1495	n
14818697	2307	1493	n
14819181	2310	1494	n
14819454	2306	1491	n
14819710	2309	1493	n
14819962	2307	1493	n
14820222	2308	1494	n
14830613	2310	1491	n
14831109	2307	1493	n
14831360	2309	1493	n
14831614	2307	1493	n
14831898	2309	1493	n
14832150	2307	1494	n
14832401	2307	1492	n
14842794	2307	1492	n
14843304	2306	1492	n
14843558	2309	1491	n
14843814	2307	1492	n
14844065	2308	1491	n
14844347	2308	1492	n
14854749	2310	1494	n
14855230	2307	1494	n
14855481	2308	1493	n
14855746	2309	1494	n
14856020	2309	1492	n
14856271	2307	1494	n
14866670	2308	1494	n
14867157	2307	1492	n
14867437	2308	1490	n
14867693	2309	1491	n
14867944	2309	1491	n
14868203	2306	1492	n
14868477	2308	1493	n
14878844	2309	1495	n
14879320	2309	1493	n
14879585	2308	1492	n
14879863	2306	1494	n
14880114	2307	1491	n
14880365	2309	1491	n
14890798	2308	1494	Time:00:00:00:00;;
14891466	2309	1494	n
14891722	2309	1494	n
14891973	2308	1492	n
14892224	2308	1495	n
14892475	2313	1493	n
14902908	2310	1493	n
14903159	2310	1494	n
14903410	2307	1493	n
14903667	2307	1494	n
14903918	2307	1492	n
14904169	2307	1494	n
14914556	2307	1493	n
14914812	2307	1492	n
14915063	2306	1493	n
14915314	2307	1493	n
14915567	2307	1492	n
14915822	2307	1491	n
14926247	2309	1494	n
14926504	2309	1493	n
14926760	2307	1494	n
14927011	2308	1495	n
14927262	2309	1493	n
14927515	2307	1493	n
14937943	2309	1493	n
14938194	2309	1493	n
14938445	2309	1493	n
14938702	2310	1495	n
14938953	2310	1494	n
14939204	2308	1494	n
14949585	2307	1494	n
14949841	2310	1493	n
14950092	2306	1495	n
14950343	2309	1494	n
14950600	2311	1495	n
14950856	2308	1491	n
14961264	2307	1492	n
14961517	2310	1493	n
14961773	2307	1494	n
14962024	2309	1493	n
14962275	2309	1494	n
14962532	2308	1494	n
14962787	2307	1495	n
14973202	2307	1493	n
14973453	2305	1491	n
14973709	2309	1493	n
14973960	2307	1492	n
14974211	2306	1492	n
14974463	2309	1494	n
14984844	2308	1494	n
14985095	2309	1493	n
14985347	2310	1493	n
14985600	2306	1493	n
14985855	2308	1493	n
14986106	2308	1492	n
14996546	2309	1494	n
14996801	2308	1495	n
14997052	2308	1494	n
14997303	2310	1492	n
14997560	2309	1491	n
14997815	2308	1491	n
15008235	2307	1493	n
15008487	2307	1492	n
15008744	2307	1493	n
15008995	2306	1492	n
15009246	2309	1493	n
15009501	2308	1491	n
15019862	2307	1491	n
15020114	2306	1491	n
15020365	2307	1493	n
15020618	2306	1490	n
15020873	2307	1493	n
15021124	2306	1493	n
15021375	2307	1492	n
15031769	2308	1491	n
15032020	2307	1493	n
15032271	2305	1491	n
15032529	2309	1492	n
15032784	2310	1494	n
15033035	2309	1493	n
15043409	2305	1491	n
15043668	2309	1491	n
15043919	2309	1493	n
15044170	2307	1491	n
15044421	2310	1491	n
15044677	2308	1493	n
15055052	2309	1494	n
15055304	2309	1493	n
15055559	2310	1495	n
15055814	2308	1494	n
15056065	2307	1492	n
15056316	2307	1492	n
15066750	2309	1491	n
15067001	2308	1493	n
15067252	2311	1493	n
15067508	2308	1493	n
15067764	2309	1491	n
15068015	2309	1493	n
15078443	2310	1493	n
15078701	2310	1493	n
15078952	2309	1495	n
15079203	2309	1493	n
15079454	2306	1494	n
15079710	2308	1495	n
15090070	2307	1491	n
15090321	2307	1493	n
15090576	2307	1493	n
15090831	2304	1493	n
15091082	2307	1491	n
15091333	2307	1493	n
15091586	2307	1493	n
15101973	2307	1493	n
15102224	2307	1493	n
15102475	2310	1493	n
15102730	2307	1493	n
15102982	2308	1491	n
15103233	2307	1493	n
15113619	2309	1493	n
15113874	2307	1491	n
15114125	2307	1494	n
15114376	2307	1491	n
15114636	2309	1492	n
15114887	2309	1493	n
15125259	2308	1494	n
15125514	2309	1494	n
15125769	2307	1493	n
15126020	2310	1493	n
15126272	2309	1494	n
15126529	2307	1493	n
15136955	2308	1493	n
15137206	2307	1492	n
15137457	2306	1491	n
15137713	2307	1492	n
15137964	2306	1494	n
15138215	2306	1491	n
15148655	2306	1493	n
15148906	2306	1492	n
15149157	2307	1493	n
15149408	2307	1493	n
15149667	2308	1492	n
15149918	2307	1492	n
15160277	2306	1494	n
15160531	2308	1494	n
15160786	2309	1494	n
15161037	2309	1494	n
15161288	2310	1494	n
15161546	2307	1492	n
15161801	2307	1493	n
15172180	2310	1493	n
15172431	2307	1493	n
15172686	2309	1490	n
15172938	2309	1493	n
15173189	2307	1493	n
15173440	2306	1493	n
15183824	2306	1493	n
15184075	2306	1494	n
15184326	2308	1493	n
15184580	2307	1491	n
15184836	2307	1493	n
15185087	2306	1493	n
15195467	2310	1493	n
15195723	2306	1492	n
15195974	2309	1491	n
15196225	2309	1494	n
15196476	2308	1494	n
15196732	2307	1491	n
15207163	2304	1492	n
15207414	2307	1491	n
15207670	2308	1493	n
15207921	2309	1495	n
15208172	2307	1492	n
15208423	2307	1491	n
15218858	2307	1489	n
15219110	2309	1492	n
15219361	2305	1493	n
15219618	2304	1493	n
15219873	2308	1493	n
15220124	2307	1492	n
15230486	2307	1493	n
15230744	2307	1493	n
15230995	2309	1494	n
15231246	2307	1493	n
15231501	2309	1493	n
15231757	2309	1493	n
15232008	2309	1494	n
15242388	2307	1493	n
15242644	2309	1494	n
15242895	2310	1493	n
15243146	2309	1494	n
15243398	2309	1494	n
15243659	2307	1494	n
15254032	2309	1494	n
15254283	2310	1493	n
15254540	2309	1493	n
15254795	2309	1494	n
15255046	2309	1493	n
15255298	2309	1493	n
15265679	2307	1493	n
15265930	2309	1494	n
15266181	2307	1495	n
15266432	2309	1494	n
15266687	2307	1491	n
15266939	2309	1492	n
15277370	2307	1493	n
15277625	2307	1496	n
15277880	2307	1493	n
15278131	2307	1493	n
15278382	2309	1493	n
15278639	2309	1493	n
15289065	2309	1494	n
15289317	2309	1493	n
15289573	2308	1493	n
15289829	2307	1493	n
15290080	2309	1494	n
15290331	2309	1493	n
15300696	2310	1495	n
15300947	2307	1495	n
15301198	2309	1493	n
15301449	2309	1494	n
15301709	2308	1494	n
15301960	2308	1493	n
15302211	2308	1493	n
15312600	2307	1493	n
15312855	2308	1493	n
15313106	2308	1493	n
15313357	2307	1491	n
15313615	2309	1494	n
15313870	2309	1494	n
15324239	2309	1493	n
15324491	2309	1492	n
15324747	2307	1491	n
15324998	2309	1491	n
15325249	2307	1492	n
15325505	2309	1493	n
15335882	2309	1494	n
15336134	2309	1493	n
15336385	2307	1493	n
15336642	2310	1494	n
15336893	2307	1493	n
15337144	2309	1494	n
15347583	2309	1494	n
15347838	2310	1492	n
15348089	2309	1491	n
15348340	2306	1493	n
15348597	2307	1493	n
15348852	2309	1494	n
15359273	2307	1492	n
15359528	2309	1493	n
15359784	2307	1494	n
15360035	2309	1492	n
15360286	2306	1493	n
15360542	2309	1493	n
15370969	2309	1494	n
15371220	2308	1491	n
15371472	2309	1493	n
15371727	2308	1494	n
15371979	2310	1492	n
15372230	2308	1491	n
15372481	2307	1492	n
15382889	2307	1493	n
15383140	2310	1493	n
15383391	2307	1492	n
15383649	2309	1493	n
15383900	2309	1493	n
15384151	2308	1493	n
15394534	2311	1494	n
15394789	2309	1493	n
15395041	2306	1494	n
15395292	2306	1492	n
15395549	2307	1492	n
15395804	2309	1494	n
15406228	2309	1493	n
15406479	2308	1493	n
15406735	2307	1493	n
15406986	2307	1493	n
15407237	2309	1493	n
15407489	2307	1492	n
15417872	2307	1493	n
15418123	2307	1494	n
15418374	2308	1493	n
15418632	2308	1494	n
15418883	2308	1493	n
15419134	2307	1491	n
15429570	2307	1494	n
15429825	2308	1493	n
15430076	2309	1493	n
15430327	2307	1493	n
15430583	2307	1493	n
15430838	2309	1494	n
15441246	2306	1493	n
15441501	2307	1492	n
15441756	2307	1492	n
15442008	2309	1493	n
15442259	2308	1493	n
15442514	2307	1493	n
15442770	2307	1493	n
15453183	2308	1494	n
15453434	2307	1493	n
15453689	2306	1491	n
15453941	2307	1493	n
15454192	2307	1491	n
15454443	2310	1491	n
15464826	2307	1493	n
15465078	2308	1492	n
15465329	2309	1494	n
15465583	2309	1491	n
15465838	2309	1493	n
15466089	2307	1491	n
15476525	2307	1493	n
15476781	2310	1495	n
15477032	2309	1493	n
15477283	2307	1490	n
15477540	2308	1491	n
15477796	2307	1491	n
15488218	2307	1493	n
15488469	2311	1494	n
15488724	2308	1493	n
15488975	2307	1493	n
15489226	2307	1493	n
15489477	2308	1492	n
15499860	2308	1493	n
15500111	2307	1492	n
15500363	2307	1493	n
15500617	2306	1491	n
15500872	2307	1492	n
15501123	2307	1493	n
15511539	2309	1493	n
15511794	2309	1494	n
15512046	2308	1492	n
15512297	2309	1492	n
15512550	2308	1495	n
15512805	2307	1494	n
15513056	2307	1492	n
15523477	2308	1493	n
15523732	2309	1494	n
15523983	2307	1492	n
15524234	2310	1493	n
15524486	2308	1494	n
15524744	2310	1493	n
15535119	2305	1493	n
15535371	2307	1493	n
15535625	2307	1491	n
15535881	2307	1494	n
15536132	2308	1493	n
15536383	2309	1492	n
15546815	2308	1493	n
15547066	2308	1493	n
15547317	2307	1493	n
15547573	2307	1493	n
15547828	2307	1493	n
15548079	2307	1492	n
15558514	2307	1493	n
15558769	2307	1493	n
15559020	2308	1493	n
15559271	2309	1491	n
15559529	2308	1493	n
15559784	2307	1493	n
15570206	2307	1494	n
15570458	2307	1493	n
15570713	2310	1494	n
15570964	2309	1493	n
15571215	2309	1493	n
15571466	2309	1494	n
15571722	2307	1492	n
15582127	2307	1493	n
15582378	2307	1494	n
15582639	2308	1493	n
15582890	2307	1493	n
15583141	2311	1492	n
15583392	2309	1493	n
15593773	2308	1493	n
15594024	2309	1492	n
15594276	2309	1492	n
15594532	2307	1493	n
15594787	2307	1495	n
15595038	2309	1493	n
15605396	2309	1493	n
15605654	2309	1493	n
15605905	2308	1493	n
15606156	2308	1493	n
15606407	2307	1493	n
15606668	2309	1493	n
15617109	2310	1493	n
15617360	2307	1493	n
15617614	2307	1491	n
15617870	2306	1493	n
15618121	2306	1491	n
15618372	2304	1491	n
15628804	2309	1493	n
15629056	2309	1493	n
15629307	2309	1493	n
15629562	2308	1494	n
15629817	2308	1494	n
15630068	2309	1493	n
15640483	2305	1493	n
15640740	2307	1491	n
15640991	2310	1495	n
15641242	2309	1494	n
15641497	2310	1494	n
15641753	2310	1493	n
15642004	2311	1494	n
15652420	2309	1493	n
15652675	2310	1495	n
15652926	2310	1494	n
15653178	2311	1494	n
15653429	2310	1498	n
15653684	2309	1494	n
15664072	2309	1491	n
15664531	2308	1493	n
15664787	2309	1493	n
15665038	2309	1494	n
15665321	2309	1492	n
15665576	2309	1494	n
15676001	2307	1494	n
15676478	2309	1494	n
15676764	2308	1493	n
15677015	2309	1492	n
15677267	2307	1493	n
15677522	2309	1494	n
15687921	2308	1493	Time:00:00:00:00;;
15688631	2308	1493	n
15688882	2309	1493	n
15689142	2309	1495	n
15689415	2307	1492	n
15689671	2310	1494	n
15700082	2309	1493	n
15700569	2310	1493	n
15700846	2309	1494	n
15701098	2309	1494	n
15701349	2309	1493	n
15701611	2307	1495	n
15712018	2309	1494	n
15712497	2309	1493	n
15712752	2307	1493	n
15713012	2309	1494	n
15713286	2309	1493	n
15713542	2309	1494	n
15713797	2307	1493	n
15724180	2307	1493	n
15724698	2307	1493	n
15724949	2306	1493	n
15725200	2309	1493	n
15725451	2307	1493	n
15725737	2307	1493	n
15736134	2307	1494	Time:00:00:00:00;;
15736835	2310	1493	n
15737117	2310	1493	n
15737368	2309	1493	n
15737626	2309	1493	n
15737881	2308	1491	n
15748330	2308	1493	n
15748824	2306	1494	n
15749075	2309	1492	n
15749326	2308	1493	n
15749611	2306	1491	n
15749866	2306	1493	n
15760284	2309	1494	n
15760769	2307	1491	n
15761051	2307	1493	n
15761302	2307	1494	n
15761557	2307	1491	n
15761812	2307	1493	n
15772238	2307	1493	n
15772729	2307	1493	n
15772981	2308	1493	n
15773232	2308	1493	n
15773492	2306	1491	n
15773773	2309	1493	n
15774024	2309	1493	n
15784383	2307	1494	n
15784884	2309	1494	n
15785158	2307	1493	n
15785409	2309	1493	n
15785668	2309	1491	n
15785928	2309	1491	n
15796346	2307	1494	n
15796830	2308	1494	n
15797081	2308	1494	n
15797341	2307	1492	n
15797617	2307	1491	n
15797873	2309	1493	n
15808290	2309	1493	n
15808784	2309	1494	n
15809057	2309	1492	n
15809308	2307	1494	n
15809563	2307	1494	n
15809826	2308	1495	n
15810100	2307	1493	n
15820525	2309	1493	n
15821007	2308	1493	n
15821266	2309	1493	n
15821546	2308	1493	n
15821801	2309	1493	n
15822052	2307	1493	n
15832475	2311	1494	n
15832992	2309	1493	n
15833243	2309	1493	n
15833497	2308	1493	n
15833761	2309	1495	n
15834035	2309	1494	n
15844412	2309	1491	n
15844896	2307	1494	n
15845147	2307	1492	n
15845430	2308	1495	n
15845685	2307	1491	n
15845936	2308	1492	n
15846188	2309	1491	n
15856576	2309	1494	n
15857069	2307	1494	n
15857320	2309	1494	n
15857576	2308	1492	n
15857840	2307	1493	n
15858113	2306	1493	n
15868531	2308	1493	n
15869019	2309	1494	n
15869280	2308	1493	n
15869559	2308	1492	n
15869814	2309	1493	n
15870066	2309	1493	n
15880465	2310	1495	n
15880978	2307	1492	n
15881229	2307	1493	n
15881480	2306	1493	n
15881745	2309	1493	n
15882019	2304	1492	n
15882270	2308	1491	n
15892637	2308	1491	Time:00:00:00:00;;
15893260	2309	1491	n
15893514	2309	1491	n
15893770	2309	1493	n
15894021	2310	1495	n
15904459	2306	1493	n
15904715	2307	1491	n
15904966	2306	1494	n
15905217	2307	1493	n
15905468	2309	1492	n
15905724	2307	1493	n
15916086	2309	1494	n
15916338	2307	1492	n
15916594	2309	1493	n
15916849	2307	1495	n
15917100	2309	1494	n
15917351	2307	1493	n
15917609	2309	1493	n
15927989	2306	1492	n
15928240	2308	1493	n
15928492	2306	1493	n
15928748	2306	1491	n
15928999	2308	1494	n
15929250	2308	1493	n
15939639	2308	1491	n
15939890	2307	1493	n
15940141	2309	1491	n
15940392	2309	1493	n
15940649	2307	1494	n
15940901	2307	1492	n
15951276	2307	1494	n
15951531	2307	1493	n
15951785	2310	1493	n
15952036	2309	1492	n
15952287	2309	1493	n
15952542	2309	1494	n
15962972	2310	1494	n
15963223	2308	1493	n
15963474	2311	1493	n
15963730	2308	1495	n
15963981	2309	1494	n
15964232	2307	1492	n
15974672	2306	1493	n
15974923	2307	1493	n
15975174	2309	1492	n
15975425	2308	1491	n
15975681	2305	1492	n
15975932	2306	1493	n
15986293	2307	1493	n
15986548	2308	1493	n
15986803	2309	1491	n
15987054	2309	1493	n
15987305	2307	1492	n
15987563	2307	1493	n
15987818	2307	1492	n
15998197	2307	1492	n
15998448	2307	1494	n
15998708	2309	1493	n
15998959	2307	1494	n
15999210	2309	1495	n
15999461	2308	1493	n
16009840	2305	1491	n
16010091	2309	1493	n
16010342	2307	1494	n
16010596	2307	1492	n
16010852	2308	1493	n
16011103	2307	1493	n
16021483	2309	1493	n
16021740	2306	1493	n
16021991	2308	1493	n
16022242	2309	1493	n
16022497	2306	1492	n
16022753	2307	1494	n
16033179	2309	1494	n
16033430	2307	1497	n
16033686	2309	1494	n
16033937	2308	1493	n
16034188	2308	1493	n
16034439	2306	1491	n
16044874	2309	1494	n
16045126	2306	1493	n
16045377	2309	1493	n
16045636	2309	1495	n
16045887	2307	1494	n
16046138	2309	1491	n
16056504	2310	1494	n
16056760	2309	1493	n
16057011	2309	1494	n
16057262	2309	1494	n
16057515	2310	1494	n
16057771	2306	1494	n
16058022	2308	1492	n
16068404	2307	1491	n
16068662	2307	1494	n
16068914	2307	1493	n
16069165	2308	1493	n
16069416	2309	1494	n
16069672	2307	1493	n
16080048	2307	1490	n
16080299	2308	1491	n
16080552	2309	1493	n
16080807	2305	1493	n
16081058	2306	1491	n
16081309	2306	1491	n
16091696	2307	1492	n
16091947	2307	1491	n
16092198	2308	1491	n
16092449	2305	1493	n
16092709	2310	1493	n
16092961	2307	1494	n
16103387	2310	1495	n
16103643	2310	1493	n
16103894	2307	1491	n
16104145	2307	1493	n
16104396	2307	1493	n
16104654	2309	1493	n
16115082	2310	1491	n
16115334	2307	1495	n
16115586	2307	1494	n
16115841	2308	1494	n
16116092	2308	1492	n
16116344	2308	1492	n
16126708	2310	1495	n
16126960	2310	1494	n
16127211	2309	1493	n
16127462	2307	1495	n
16127717	2310	1494	n
16127968	2309	1494	n
16128219	2311	1493	n
16138618	2310	1494	n
16138873	2307	1492	n
16139124	2310	1493	n
16139375	2309	1494	n
16139636	2309	1494	n
16139887	2307	1493	n
16150255	2309	1494	n
16150511	2309	1494	n
16150767	2310	1492	n
16151018	2310	1491	n
16151269	2307	1493	n
16151525	2307	1491	n
16161898	2310	1493	n
16162149	2307	1493	n
16162401	2308	1491	n
16162659	2308	1491	n
16162910	2309	1492	n
16163161	2307	1491	n
16173597	2307	1494	n
16173853	2309	1494	n
16174104	2311	1494	n
16174355	2311	1492	n
16174611	2308	1494	n
16174866	2308	1493	n
16185289	2310	1493	n
16185545	2309	1493	n
16185800	2309	1493	n
16186051	2309	1493	n
16186302	2308	1495	n
16186559	2307	1492	n
16196985	2307	1492	n
16197237	2307	1492	n
16197488	2309	1491	n
16197744	2307	1493	n
16197995	2308	1493	n
16198246	2309	1491	n
16198502	2308	1490	n
16208905	2309	1492	n
16209156	2309	1494	n
16209407	2308	1493	n
16209667	2309	1493	n
16209918	2307	1491	n
16210169	2309	1493	n
16220551	2309	1495	n
16220806	2310	1493	n
16221057	2307	1494	n
16221308	2306	1493	n
16221566	2308	1492	n
16221821	2307	1493	n
16232244	2307	1493	n
16232497	2309	1493	n
16232753	2308	1493	n
16233004	2308	1493	n
16233255	2309	1493	n
16233512	2309	1493	n
16243888	2309	1491	n
16244139	2308	1492	n
16244390	2309	1493	n
16244648	2308	1491	n
16244900	2307	1493	n
16245151	2307	1494	n
16255584	2307	1491	n
16255839	2308	1493	n
16256090	2307	1491	n
16256342	2307	1491	n
16256597	2306	1493	n
16256852	2307	1491	n
16267262	2307	1493	n
16267515	2310	1493	n
16267771	2310	1494	n
16268022	2308	1494	n
16268273	2308	1494	n
16268528	2309	1492	n
16268784	2309	1493	n
16279199	2309	1495	n
16279450	2307	1492	n
16279709	2309	1493	n
16279960	2308	1494	n
16280211	2307	1493	n
16280462	2305	1491	n
16290842	2307	1493	n
16291094	2309	1493	n
16291345	2307	1493	n
16291599	2306	1494	n
16291855	2307	1493	n
16292106	2308	1494	n
16302541	2309	1494	n
16302797	2310	1493	n
16303048	2309	1495	n
16303299	2308	1493	n
16303552	2307	1493	n
16303807	2309	1492	n
16314165	2309	1494	n
16314416	2310	1491	n
16314672	2309	1495	n
16314923	2309	1494	n
16315174	2307	1493	n
16315425	2309	1494	n
16325790	2309	1492	n
16326042	2307	1493	n
16326293	2309	1494	n
16326548	2307	1492	n
16326804	2309	1492	n
16327055	2307	1491	n
16337469	2311	1493	n
16337725	2310	1491	n
16337976	2309	1492	n
16338227	2308	1491	n
16338478	2309	1492	n
16338734	2309	1493	n
16338985	2309	1493	n
16349407	2309	1491	n
16349667	2309	1495	n
16349918	2311	1493	n
16350170	2310	1495	n
16350421	2310	1491	n
16350676	2309	1493	n
16361049	2310	1495	n
16361301	2310	1492	n
16361556	2310	1494	n
16361811	2311	1495	n
16362063	2310	1495	n
16362314	2311	1493	n
16372749	2307	1491	n
16373000	2307	1493	n
16373251	2309	1491	n
16373508	2310	1492	n
16373764	2307	1492	n
16374015	2307	1494	n
16384372	2309	1494	n
16384632	2311	1492	n
16384883	2309	1494	n
16385134	2308	1494	n
16385385	2308	1494	n
16385642	2309	1493	n
16395998	2309	1495	n
16396249	2309	1493	n
16396504	2307	1495	n
16396759	2309	1493	n
16397010	2307	1493	n
16397261	2309	1492	n
16407677	2311	1494	n
16407928	2311	1493	n
16408179	2313	1494	n
16408431	2310	1497	n
16408686	2309	1494	n
16408937	2309	1495	n
16409189	2308	1493	n
16419617	2309	1494	n
16419872	2308	1494	n
16420124	2309	1493	n
16420375	2309	1489	n
16420636	2307	1491	n
16420887	2306	1491	n
16431257	2309	1493	n
16431514	2310	1494	n
16431770	2308	1493	n
16432021	2309	1493	n
16432272	2308	1493	n
16432529	2309	1494	n
16442953	2309	1494	n
16443204	2309	1494	n
16443455	2308	1493	n
16443711	2311	1493	n
16443962	2308	1495	n
16444214	2307	1495	n
16454583	2310	1494	n
16454838	2307	1492	n
16455089	2308	1491	n
16455340	2306	1493	n
16455597	2309	1493	n
16455853	2306	1490	n
16466292	2306	1491	n
16466549	2307	1491	n
16466804	2307	1492	n
16467055	2308	1492	n
16467306	2307	1491	n
16467563	2307	1493	n
16477971	2308	1493	n
16478222	2307	1492	n
16478473	2309	1493	n
16478729	2306	1491	n
16478980	2307	1492	n
16479231	2307	1493	n
16479482	2306	1491	n
16489908	2307	1493	n
16490159	2309	1494	n
16490410	2308	1493	n
16490667	2309	1493	n
16490918	2309	1495	n
16491170	2311	1492	n
16501556	2306	1494	n
16501811	2309	1494	n
16502062	2309	1493	n
16502313	2307	1492	n
16502567	2307	1492	n
16502822	2308	1493	n
16513247	2307	1493	n
16513505	2307	1491	n
16513760	2310	1493	n
16514011	2309	1493	n
16514262	2310	1492	n
16514515	2309	1493	n
16524942	2309	1491	n
16525193	2310	1494	n
16525445	2308	1493	n
16525701	2309	1494	n
16525953	2309	1495	n
16526204	2309	1493	n
16536568	2308	1493	n
16536824	2309	1493	n
16537075	2307	1491	n
16537326	2310	1493	n
16537581	2309	1493	n
16537836	2309	1491	n
16538087	2309	1493	n
16548472	2311	1493	n
16548727	2308	1493	n
16548978	2307	1494	n
16549229	2308	1491	n
16549480	2306	1491	n
16549736	2307	1493	n
16560115	2309	1494	n
16560366	2307	1492	n
16560619	2309	1494	n
16560874	2306	1494	n
16561125	2307	1493	n
16561376	2308	1491	n
16571763	2308	1493	n
16572014	2309	1491	n
16572265	2307	1493	n
16572522	2307	1491	n
16572778	2309	1494	n
16573029	2309	1493	n
16583454	2308	1494	n
16583710	2309	1492	n
16583961	2307	1493	n
16584212	2308	1493	n
16584464	2308	1494	n
16584719	2309	1491	n
16595149	2309	1494	n
16595401	2308	1491	n
16595659	2307	1493	n
16595910	2308	1493	n
16596161	2308	1493	n
16596412	2309	1492	n
16606776	2307	1494	n
16607028	2309	1493	n
16607279	2309	1494	n
16607532	2309	1491	n
16607787	2309	1492	n
16608038	2309	1493	n
16608289	2309	1492	n
16618683	2309	1493	n
16618934	2310	1495	n
16619185	2310	1493	n
16619437	2310	1494	n
16619693	2309	1495	n
16619944	2310	1495	n
16630323	2307	1495	n
16630576	2311	1494	n
16630831	2309	1493	n
16631083	2311	1493	n
16631334	2308	1494	n
16631586	2309	1493	n
16641966	2309	1493	n
16642217	2310	1494	n
16642469	2311	1493	n
16642724	2309	1493	n
16642975	2309	1493	n
16643226	2310	1493	n
16653666	2308	1491	n
16653917	2308	1493	n
16654168	2306	1491	n
16654420	2308	1492	n
16654675	2307	1493	n
16654926	2309	1491	n
16665358	2307	1491	n
16665821	2307	1493	n
16666072	2308	1493	n
16666354	2307	1493	n
16666611	2307	1494	n
16666866	2310	1494	n
16667117	2307	1494	n
16677593	2305	1491	n
16678081	2307	1493	n
16678332	2307	1494	n
16678586	2307	1491	n
16678872	2307	1491	n
16679123	2306	1493	n
16689545	2307	1493	Time:00:00:00:00;;
16690249	2309	1493	n
16690529	2304	1491	n
16690784	2309	1491	n
16691035	2305	1493	n
16701444	2309	1493	n
16701957	2308	1494	n
16702208	2310	1494	n
16702459	2307	1495	n
16702724	2307	1493	n
16702998	2310	1492	n
16703249	2310	1494	n
16713647	2309	1493	n
16714132	2306	1491	n
16714405	2308	1493	n
16714663	2310	1491	n
16714915	2307	1491	n
16715174	2308	1493	n
16725574	2310	1491	n
16726055	2308	1493	n
16726306	2309	1493	n
16726572	2310	1494	n
16726849	2309	1494	n
16727101	2307	1493	n
16737501	2310	1493	Time:00:00:00:00;;
16738209	2308	1493	n
16738483	2307	1494	n
16738739	2307	1494	n
16738990	2307	1493	n
16739272	2309	1493	n
16749662	2310	1494	n
16750139	2310	1494	n
16750390	2309	1492	n
16750681	2309	1494	n
16750932	2309	1495	n
16751183	2308	1493	n
16761578	2309	1494	n
16762069	2309	1493	n
16762342	2309	1490	n
16762597	2309	1493	n
16762852	2307	1491	n
16763112	2307	1493	n
16763385	2307	1494	n
16773761	2309	1494	n
16774236	2309	1494	n
16774502	2309	1493	n
16774782	2308	1494	n
16775033	2310	1493	n
16775284	2307	1495	n
16785714	2309	1493	n
16786228	2309	1491	n
16786479	2308	1493	n
16786735	2307	1493	n
16786994	2309	1495	n
16787268	2307	1494	n
16797635	2309	1493	n
16798112	2309	1491	n
16798363	2308	1493	n
16798654	2310	1493	n
16798905	2310	1495	n
16799157	2309	1493	n
16799408	2309	1491	n
16809809	2307	1491	n
16810294	2309	1494	n
16810548	2306	1494	n
16810804	2310	1493	n
16811086	2309	1493	n
16811337	2307	1493	n
16821763	2308	1493	n
16822240	2309	1493	n
16822525	2311	1493	n
16822781	2307	1494	n
16823032	2309	1493	n
16823283	2307	1494	n
16833685	2309	1493	n
16834176	2309	1494	n
16834427	2311	1495	n
16834683	2310	1495	n
16834943	2309	1494	n
16835216	2310	1493	n
16835467	2311	1495	n
16845862	2310	1493	n
16846349	2309	1493	n
16846632	2309	1493	n
16846883	2310	1494	n
16847134	2310	1494	n
16847393	2307	1493	n
16857823	2308	1493	n
16858306	2307	1491	n
16858562	2309	1493	n
16858826	2307	1493	n
16859100	2310	1493	n
16859351	2308	1494	n
16869735	2309	1492	n
16870228	2308	1492	n
16870504	2310	1493	n
16870760	2309	1492	n
16871011	2307	1494	n
16871271	2305	1493	n
16871548	2309	1493	n
16881914	2307	1491	n
16882391	2308	1493	n
16882649	2309	1493	n
16882931	2309	1493	n
16883182	2307	1494	n
16883433	2310	1497	n
16893868	2309	1495	Time:00:00:00:00;;
16894497	2310	1494	n
16894753	2311	1494	n
16895004	2308	1494	n
16895255	2310	1494	n
16895512	2309	1493	n
16905892	2307	1493	n
16906143	2307	1494	n
16906394	2307	1493	n
16906654	2309	1493	n
16906905	2309	1492	n
16907156	2305	1493	n
16917539	2308	1493	n
16917794	2308	1495	n
16918046	2309	1493	n
16918297	2308	1491	n
16918550	2306	1491	n
16918805	2307	1493	n
16929161	2308	1494	n
16929413	2309	1491	n
16929669	2309	1493	n
16929920	2309	1493	n
16930171	2309	1494	n
16930422	2308	1491	n
16940788	2309	1491	n
16941039	2306	1491	n
16941290	2307	1491	n
16941545	2306	1492	n
16941800	2309	1494	n
16942051	2307	1491	n
16952484	2307	1493	n
16952744	2307	1492	n
16952995	2307	1491	n
16953246	2307	1490	n
16953501	2307	1493	n
16953757	2309	1493	n
16964179	2307	1494	n
16964431	2309	1493	n
16964686	2307	1494	n
16964937	2307	1493	n
16965189	2307	1493	n
16965440	2309	1493	n
16965696	2307	1494	n
16976099	2307	1493	n
16976350	2307	1493	n
16976603	2309	1494	n
16976858	2309	1494	n
16977109	2309	1493	n
16977360	2309	1492	n
16987747	2307	1491	n
16987998	2308	1491	n
16988249	2310	1493	n
16988504	2307	1493	n
16988760	2307	1494	n
16989011	2307	1491	n
16999369	2306	1493	n
16999625	2309	1493	n
16999880	2309	1493	n
17000131	2307	1494	n
17000382	2309	1492	n
17000639	2307	1493	n
17011082	2310	1492	n
17011333	2310	1495	n
17011586	2310	1494	n
17011841	2311	1493	n
17012092	2309	1493	n
17012343	2309	1493	n
17022777	2308	1495	n
17023029	2310	1494	n
17023280	2307	1493	n
17023533	2309	1491	n
17023788	2309	1494	n
17024039	2309	1494	n
17034456	2305	1493	n
17034712	2309	1491	n
17034963	2307	1495	n
17035215	2309	1493	n
17035466	2310	1495	n
17035721	2307	1494	n
17035973	2306	1493	n
17046393	2310	1493	n
17046650	2309	1493	n
17046901	2307	1492	n
17047152	2307	1491	n
17047403	2308	1493	n
17047663	2309	1493	n
17058036	2309	1494	n
17058288	2311	1494	n
17058542	2309	1494	n
17058797	2306	1495	n
17059048	2309	1495	n
17059299	2309	1493	n
17069736	2308	1494	n
17069987	2311	1493	n
17070238	2307	1493	n
17070490	2309	1494	n
17070746	2309	1494	n
17070997	2308	1491	n
17081358	2307	1493	n
17081615	2309	1493	n
17081870	2309	1495	n
17082121	2312	1494	n
17082372	2308	1495	n
17082632	2307	1494	n
17093070	2307	1492	n
17093321	2308	1493	n
17093576	2307	1493	n
17093831	2308	1493	n
17094082	2309	1494	n
17094333	2308	1495	n
17104749	2307	1494	n
17105000	2310	1493	n
17105252	2308	1493	n
17105508	2308	1493	n
17105764	2307	1494	n
17106015	2308	1492	n
17106266	2309	1491	n
17116691	2310	1491	n
17116942	2307	1491	n
17117193	2307	1492	n
17117445	2309	1493	n
17117701	2307	1491	n
17117953	2307	1493	n
17128329	2309	1491	n
17128583	2309	1493	n
17128838	2308	1494	n
17129089	2309	1494	n
17129340	2310	1492	n
17129597	2308	1493	n
17140025	2307	1493	n
17140276	2309	1493	n
17140531	2310	1494	n
17140785	2307	1494	n
17141036	2308	1492	n
17141287	2307	1493	n
17151725	2308	1493	n
17151976	2309	1493	n
17152227	2309	1494	n
17152478	2311	1494	n
17152734	2310	1491	n
17152985	2309	1494	n
17163347	2306	1492	n
17163601	2307	1491	n
17163856	2307	1493	n
17164107	2307	1492	n
17164358	2307	1494	n
17164615	2308	1494	n
17164870	2307	1493	n
17175250	2307	1492	n
17175504	2308	1494	n
17175760	2309	1491	n
17176011	2308	1493	n
17176262	2309	1493	n
17176515	2306	1493	n
17186894	2310	1494	n
17187145	2310	1494	n
17187396	2309	1492	n
17187654	2309	1494	n
17187905	2310	1494	n
17188156	2309	1495	n
17198542	2311	1494	n
17198797	2308	1495	n
17199049	2309	1494	n
17199300	2308	1495	n
17199557	2310	1493	n
17199812	2309	1494	n
17210233	2308	1493	n
17210484	2307	1492	n
17210745	2309	1493	n
17210996	2307	1492	n
17211247	2309	1494	n
17211504	2309	1492	n
17221928	2307	1492	n
17222180	2307	1493	n
17222431	2308	1495	n
17222686	2309	1493	n
17222938	2306	1493	n
17223189	2308	1493	n
17233560	2309	1494	n
17233815	2307	1493	n
17234066	2311	1494	n
17234317	2310	1494	n
17234573	2309	1493	n
17234829	2310	1493	n
17235080	2309	1493	n
17245458	2307	1493	n
17245713	2309	1493	n
1