21	2077	1499	n
23828	2075	1497	n
24321	2074	1498	n
24575	2076	1499	n
24830	2075	1499	n
25100	2075	1498	n
25373	2076	1498	n
25634	2074	1498	n
36006	2075	1497	n
36510	2070	1497	n
36787	2073	1496	n
37037	2075	1494	n
37288	2073	1495	n
37553	2074	1495	n
37830	2075	1497	n
38081	2071	1497	n
48499	2070	1497	n
48986	2075	1495	n
49259	2075	1498	n
49512	2075	1495	n
49767	2075	1497	n
50027	2074	1499	n
50300	2074	1493	n
60677	2071	1495	n
61151	2074	1494	n
61402	2077	1495	n
61689	2076	1497	n
6141	2075	1499	n
85832	2071	1497	n
86083	2075	1498	n
86334	2074	1497	n
86595	2075	1497	n
86872	2074	1497	n
87132	2075	1495	n
87383	2071	1498	n
97747	2071	1495	n
98252	2075	1499	n
98506	2074	1499	n
98761	2075	1497	n
99021	2076	1497	n
99294	2076	1497	n
99547	2075	1499	n
109922	2075	1498	n
110405	2074	1497	n
110686	2074	1498	n
110937	2075	1498	n
111187	2079	1497	n
111447	2075	1498	n
111726	2075	1499	n
122083	2076	1497	n
122560	2077	1498	n
122815	2077	1500	n
123097	2077	1499	n
123348	2075	1498	n
123603	2077	1498	n
123858	2076	1497	n
134297	2076	1497	n
134788	2075	1498	n
135039	2075	1497	n
135289	2071	1497	n
135554	2074	1499	n
135832	2074	1498	n
136082	2075	1497	n
146441	2073	1499	n
146931	2074	1497	n
147204	2075	1497	n
147455	2073	1498	n
147710	2074	1495	n
147969	2074	1499	n
148242	2075	1498	n
158602	2074	1498	n
159081	2075	1498	n
159341	2077	1497	n
159616	2075	1498	n
159871	2075	1499	n
160122	2077	1499	n
160381	2075	1499	n
160664	2077	1499	n
171056	2077	1498	n
171534	2075	1497	n
171789	2074	1498	n
172071	2075	1497	n
172322	2073	1500	n
172578	2075	1495	n
172834	2073	1498	n
183312	2076	1499	n
183796	2073	1495	n
184046	2074	1498	n
184297	2074	1499	n
184581	2074	1497	n
184836	2074	1498	n
185087	2073	1498	n
195465	2079	1501	n
195976	2075	1498	n
196227	2074	1497	n
196478	2075	1498	n
196734	2075	1500	n
197015	2073	1499	n
197266	2074	1499	n
207682	2076	1499	n
208156	2075	1497	n
208414	2075	1495	n
208692	2075	1498	n
208943	2075	1499	n
209194	2074	1498	n
209453	2073	1499	n
219838	2073	1499	n
220315	2077	1499	n
220571	2077	1499	n
220835	2075	1498	n
221108	2078	1498	n
221359	2075	1495	n
221613	2075	1495	n
232000	2074	1499	n
232509	2076	1497	n
232764	2075	1498	n
233015	2077	1499	n
233275	2075	1500	n
233552	2076	1501	n
233807	2074	1498	n
244230	2074	1499	n
244719	2075	1499	n
244993	2075	1498	n
245243	2076	1498	n
245500	2076	1499	n
245764	2078	1499	n
246037	2075	1499	n
256461	2076	1499	n
256940	2077	1495	n
257199	2077	1500	n
257472	2075	1497	n
257727	2075	1498	n
257978	2075	1498	n
258238	2075	1499	n
268626	2075	1498	n
269110	2075	1500	n
269360	2075	1498	n
269613	2073	1495	n
269899	2075	1498	n
270149	2075	1498	n
270400	2074	1495	n
280783	2074	1497	n
281266	2074	1497	n
281544	2076	1497	n
281799	2075	1499	n
282049	2074	1495	n
282309	2074	1499	n
282586	2074	1495	n
292997	2075	1497	n
293471	2078	1498	n
293733	2074	1498	n
294006	2075	1496	n
294256	2075	1498	n
294509	2075	1497	n
294773	2075	1497	n
305227	2075	1497	n
305708	2074	1495	n
305959	2075	1497	n
306218	2077	1497	n
306497	2074	1498	n
306752	2074	1497	n
307003	2075	1498	n
307263	2076	1495	n
317694	2074	1499	n
318168	2075	1498	n
318419	2077	1499	n
318683	2075	1499	n
318956	2075	1498	n
319207	2075	1497	n
319458	2074	1498	n
329842	2076	1500	n
330349	2077	1499	n
330606	2075	1500	n
330860	2075	1501	n
331120	2077	1499	n
331393	2074	1498	n
331654	2075	1498	n
342090	2076	1499	n
342580	2077	1498	n
342858	2076	1497	n
343108	2077	1498	n
343359	2075	1499	n
343621	2075	1499	n
343899	2075	1501	n
354303	2073	1500	n
354784	2075	1497	n
355035	2075	1495	n
355317	2074	1497	n
355571	2074	1498	n
355826	2073	1499	n
356077	2075	1498	n
366463	2079	1499	n
366951	2077	1497	n
367202	2077	1499	n
367453	2075	1498	n
367739	2075	1501	n
367990	2075	1498	n
368241	2077	1498	n
378630	2077	1498	n
379114	2075	1499	n
379387	2077	1498	n
379644	2077	1499	n
379895	2077	1499	n
380154	2076	1499	n
380427	2077	1501	n
390786	2075	1499	n
391262	2075	1499	n
391523	2077	1497	n
391800	2075	1498	n
392051	2077	1499	n
392301	2075	1499	n
392567	2075	1499	n
403007	2077	1498	n
403482	2074	1498	n
403739	2075	1499	n
403999	2075	1499	n
404272	2074	1498	n
404527	2075	1497	n
404781	2076	1498	n
415161	2075	1499	n
415676	2074	1497	n
415927	2073	1499	n
416178	2077	1498	n
416428	2075	1497	n
416720	2073	1499	n
416971	2074	1498	n
427408	2075	1497	n
427889	2075	1499	n
428170	2077	1498	n
428421	2075	1501	n
428676	2075	1498	n
428926	2075	1498	n
429208	2075	1499	n
439626	2076	1499	n
440101	2077	1499	n
440352	2076	1499	n
440638	2078	1498	n
440889	2075	1495	n
441140	2074	1501	n
441391	2076	1493	n
451852	2078	1499	n
452340	2077	1499	n
452595	2074	1497	n
452850	2075	1498	n
453131	2075	1499	n
453382	2075	1500	n
453638	2075	1499	n
453889	2075	1498	n
464306	2074	1499	Time:00:00:00:00;;
465043	2074	1498	n
465294	2074	1498	n
465557	2075	1499	n
465835	2074	1499	n
466085	2076	1498	n
476450	2071	1497	n
476939	2074	1499	n
477213	2076	1499	n
477464	2077	1500	n
477719	2077	1499	n
477978	2075	1499	n
478252	2076	1498	n
488684	2075	1500	n
489159	2075	1498	n
489419	2075	1498	n
489696	2076	1498	n
489947	2075	1496	n
490198	2075	1494	n
490457	2071	1501	n
500850	2074	1498	n
501329	2075	1497	n
501586	2076	1498	n
501850	2074	1499	n
502123	2076	1498	n
502374	2075	1499	n
502634	2075	1497	n
513002	2075	1498	n
513527	2075	1498	n
513782	2074	1499	n
514033	2075	1499	n
514283	2075	1497	n
514571	2077	1500	n
514826	2077	1499	n
525216	2074	1498	Time:00:00:00:00;;
525928	2078	1499	n
526201	2075	1499	n
526452	2074	1498	n
526707	2075	1498	n
526967	2075	1498	n
537360	2074	1495	n
537844	2075	1497	n
538095	2076	1497	n
538355	2074	1495	n
538634	2075	1498	n
538885	2074	1499	n
539136	2076	1498	n
549510	2075	1498	n
550021	2075	1499	n
550272	2075	1498	n
550527	2075	1498	n
550789	2074	1499	n
551062	2075	1499	n
551313	2075	1498	n
561735	2075	1499	n
562211	2076	1500	n
562500	2077	1499	n
562755	2076	1498	n
563006	2077	1499	n
563264	2075	1498	n
563540	2075	1498	n
563796	2076	1498	n
574188	2074	1497	n
574686	2074	1497	n
574967	2077	1497	n
575218	2074	1494	n
575469	2075	1498	n
575724	2074	1499	n
576006	2075	1495	n
586436	2079	1498	n
586922	2075	1495	n
587173	2075	1497	n
587455	2073	1495	n
587710	2075	1498	n
587961	2075	1497	n
588211	2076	1498	n
598599	2075	1499	n
599087	2077	1499	n
599337	2076	1499	n
599592	2076	1500	n
599854	2075	1497	n
600127	2075	1502	n
600378	2075	1499	n
610745	2076	1498	n
611231	2075	1498	n
611510	2077	1499	n
611765	2077	1501	n
612016	2075	1499	n
612275	2075	1499	n
612561	2077	1499	n
622971	2073	1499	n
623448	2075	1499	n
623712	2075	1497	n
623985	2077	1499	n
624236	2075	1499	n
624493	2075	1497	n
624756	2075	1497	n
635220	2074	1499	n
635709	2075	1498	n
635960	2076	1500	n
636220	2073	1500	n
636496	2074	1499	n
636752	2074	1497	n
637002	2075	1499	n
647363	2075	1498	n
647880	2075	1498	n
648131	2074	1497	n
648381	2074	1495	n
648645	2074	1498	n
648918	2073	1497	n
649169	2077	1499	n
659593	2076	1495	n
660088	2073	1499	n
660362	2078	1497	n
660615	2073	1499	n
660870	2075	1499	n
661129	2075	1497	n
661403	2075	1497	n
671841	2074	1498	Time:00:00:00:00;;
672537	2073	1498	n
672792	2075	1499	n
673042	2076	1499	n
673293	2076	1498	n
673546	2074	1497	n
683951	2077	1498	n
684201	2075	1501	n
684452	2073	1499	n
684708	2075	1497	n
684958	2075	1499	n
685209	2074	1497	n
685460	2076	1498	n
695870	2075	1499	n
696121	2077	1501	n
696371	2076	1498	n
696631	2078	1501	n
696882	2078	1501	n
697132	2076	1500	n
697383	2077	1499	n
707807	2075	1498	n
708058	2075	1498	n
708308	2075	1498	n
708561	2075	1499	n
708816	2075	1498	n
709067	2075	1498	n
709317	2074	1498	n
719711	2077	1499	n
719962	2076	1498	n
720213	2075	1497	n
720464	2078	1499	n
720719	2075	1499	n
720970	2075	1499	n
721220	2075	1499	n
731634	2079	1499	n
731885	2077	1499	n
732135	2077	1498	n
732386	2079	1499	n
732644	2077	1499	n
732895	2077	1498	n
733146	2076	1499	n
743554	2076	1500	n
743809	2076	1498	n
744060	2075	1499	n
744311	2077	1499	n
744564	2078	1497	n
744819	2076	1499	n
745069	2077	1499	n
755452	2075	1498	n
755707	2074	1498	n
755958	2075	1498	n
756209	2075	1499	n
756460	2076	1499	n
756715	2075	1499	n
756966	2075	1497	n
767388	2076	1497	n
767644	2076	1495	n
767895	2075	1499	n
768146	2075	1499	n
768397	2075	1495	n
768658	2077	1498	n
768909	2075	1497	n
779291	2077	1499	n
779544	2077	1499	n
779799	2077	1499	n
780050	2076	1497	n
780300	2077	1499	n
780555	2076	1498	n
780810	2075	1498	n
791193	2076	1497	n
791444	2075	1499	n
791704	2077	1499	n
791954	2077	1498	n
792205	2075	1498	n
792456	2073	1499	n
802820	2076	1499	n
803071	2077	1498	n
803321	2076	1499	n
803578	2074	1499	n
803833	2075	1498	n
804084	2075	1497	n
804335	2074	1498	n
814757	2076	1498	n
815008	2073	1499	n
815258	2075	1497	n
815511	2075	1498	n
815767	2076	1497	n
816017	2075	1499	n
816268	2075	1498	n
826663	2077	1497	n
826914	2075	1498	n
827165	2075	1498	n
827416	2077	1498	n
827671	2074	1500	n
827922	2076	1500	n
828172	2075	1497	n
838582	2076	1499	n
838836	2075	1499	n
839087	2074	1498	n
839338	2074	1495	n
839592	2076	1498	n
839847	2074	1498	n
840098	2074	1497	n
850504	2076	1499	n
850759	2075	1499	n
851010	2076	1498	n
851261	2074	1495	n
851518	2075	1499	n
851773	2074	1498	n
852024	2075	1497	n
862402	2075	1497	n
862662	2075	1498	n
862913	2075	1498	n
863164	2075	1499	n
863415	2075	1498	n
863670	2074	1498	n
863921	2074	1498	n
874338	2075	1500	n
874592	2075	1497	n
874847	2075	1498	n
875098	2076	1495	n
875348	2077	1499	n
875603	2077	1499	n
875858	2074	1499	n
886241	2075	1498	n
886496	2075	1498	n
886751	2075	1498	n
887002	2077	1497	n
887253	2075	1498	n
887510	2075	1495	n
887765	2075	1499	n
898143	2074	1497	n
898394	2075	1498	n
898654	2075	1497	n
898904	2076	1497	n
899155	2075	1497	n
899406	2076	1499	n
909770	2077	1499	n
910021	2077	1499	n
910271	2075	1498	n
910526	2077	1500	n
910780	2075	1497	n
911031	2074	1497	n
911282	2077	1501	n
921709	2077	1499	n
921960	2076	1500	n
922211	2075	1500	n
922461	2077	1501	n
922717	2075	1500	n
922967	2077	1498	n
923218	2077	1499	n
933609	2075	1499	n
933864	2074	1498	n
934115	2075	1499	n
934365	2077	1499	n
934620	2077	1499	n
934875	2073	1495	n
935126	2075	1498	n
945535	2076	1498	n
945947	2075	1499	n
946207	2073	1497	n
946480	2075	1499	n
946739	2073	1498	n
946990	2076	1497	n
947250	2074	1498	n
957686	2076	1499	n
958162	2074	1498	n
958412	2077	1497	n
958676	2076	1499	n
958949	2074	1498	n
959200	2075	1498	n
959451	2075	1499	n
969834	2076	1499	n
970340	2077	1499	n
970595	2076	1497	n
970850	2074	1497	n
971101	2071	1495	n
971382	2074	1497	n
971638	2073	1495	n
981996	2074	1497	n
982404	2074	1499	n
982663	2073	1497	n
982922	2075	1498	n
983195	2075	1494	n
983446	2074	1498	n
983703	2076	1499	n
994071	2075	1498	n
994581	2073	1498	n
994836	2075	1499	n
995087	2075	1498	n
995337	2074	1498	n
995626	2077	1497	n
995876	2074	1498	n
1006232	2076	1498	Time:00:00:00:00;;
1006939	2077	1498	n
1007212	2075	1499	n
1007463	2078	1499	n
1007719	2074	1499	n
1007978	2077	1501	n
1018393	2077	1498	n
1018880	2077	1501	n
1019131	2076	1498	n
1019390	2078	1498	n
1019674	2075	1499	n
1019925	2078	1499	n
1020176	2077	1499	n
1030592	2078	1498	n
1031102	2074	1499	n
1031353	2073	1498	n
1031610	2074	1498	n
1031874	2075	1497	n
1032147	2075	1499	n
1032398	2076	1497	n
1042789	2077	1499	n
1043275	2078	1499	n
1043554	2075	1500	n
1043809	2077	1499	n
1044059	2077	1501	n
1044319	2074	1498	n
1054708	2076	1499	n
1055195	2075	1499	n
1055446	2075	1498	n
1055703	2076	1497	n
1055985	2076	1499	n
1056236	2075	1498	n
1056492	2075	1499	n
1066900	2075	1499	Time:00:00:00:00;;
1067632	2075	1497	n
1067883	2075	1498	n
1068134	2077	1499	n
1068394	2074	1499	n
1068676	2076	1499	n
1079079	2077	1499	n
1079561	2074	1499	n
1079824	2076	1498	n
1080097	2075	1498	n
1080348	2075	1498	n
1080603	2075	1500	n
1080867	2075	1498	n
1091266	2075	1498	n
1091750	2075	1498	n
1092001	2076	1499	n
1092261	2076	1497	n
1092538	2076	1499	n
1092793	2077	1499	n
1103177	2075	1498	n
1103673	2073	1498	n
1103946	2077	1498	n
1104197	2073	1495	n
1104448	2073	1499	n
1104713	2075	1499	n
1104986	2074	1498	n
1115373	2075	1498	n
1115861	2074	1499	n
1116112	2074	1498	n
1116394	2075	1500	n
1116654	2076	1497	n
1116904	2076	1498	n
1117155	2075	1498	n
1127571	2076	1499	n
1128061	2076	1499	n
1128312	2077	1499	n
1128569	2075	1499	n
1128853	2077	1499	n
1129104	2075	1498	n
1139492	2075	1499	n
1139972	2075	1498	n
1140231	2077	1499	n
1140509	2077	1499	n
1140765	2077	1499	n
1141015	2075	1500	n
1141275	2077	1497	n
1151688	2077	1497	n
1152165	2078	1498	n
1152416	2076	1498	n
1152680	2076	1499	n
1152960	2076	1498	n
1153211	2076	1497	n
1153462	2075	1499	n
1163880	2075	1497	n
1164388	2075	1498	n
1164644	2075	1499	n
1164895	2075	1499	n
1165155	2074	1498	n
1165430	2076	1501	n
1175799	2077	1499	n
1176280	2077	1501	n
1176543	2077	1499	n
1176821	2076	1499	n
1177071	2075	1497	n
1177322	2075	1498	n
1177587	2075	1499	n
1188004	2076	1500	n
1188483	2075	1500	n
1188739	2074	1499	n
1188990	2077	1499	n
1189272	2076	1498	n
1189526	2076	1499	n
1189781	2077	1501	n
1200191	2077	1498	n
1200710	2078	1499	n
1200961	2074	1500	n
1201212	2077	1500	n
1201463	2077	1497	n
1201749	2076	1498	n
1212163	2076	1498	Time:00:00:00:00;;
1212860	2075	1499	n
1213111	2074	1499	n
1213362	2075	1498	n
1213615	2077	1501	n
1213870	2075	1498	n
1224272	2078	1499	n
1224526	2077	1500	n
1224780	2077	1499	n
1225031	2078	1499	n
1225282	2076	1499	n
1225538	2077	1499	n
1225793	2076	1499	n
1236157	2078	1498	n
1236408	2074	1501	n
1236664	2077	1498	n
1236915	2077	1498	n
1237166	2076	1498	n
1237417	2074	1497	n
1247818	2077	1498	n
1248069	2074	1499	n
1248319	2074	1497	n
1248575	2075	1498	n
1248830	2075	1499	n
1249081	2077	1498	n
1249332	2074	1498	n
1259707	2077	1497	n
1259958	2076	1499	n
1260209	2076	1500	n
1260460	2075	1501	n
1260716	2074	1500	n
1260966	2075	1499	n
1271364	2077	1499	n
1271621	2076	1499	n
1271876	2077	1499	n
1272126	2077	1500	n
1272377	2077	1500	n
1272634	2078	1498	n
1272885	2077	1499	n
1283250	2075	1498	n
1283507	2075	1499	n
1283761	2075	1499	n
1284012	2075	1498	n
1284263	2075	1499	n
1284520	2075	1499	n
1294911	2074	1497	n
1295162	2074	1501	n
1295413	2075	1497	n
1295668	2075	1495	n
1295919	2075	1498	n
1296170	2075	1499	n
1296421	2075	1499	n
1306796	2076	1498	n
1307047	2076	1498	n
1307298	2075	1498	n
1307554	2076	1499	n
1307809	2075	1499	n
1308060	2075	1501	n
1318457	2077	1501	n
1318712	2079	1500	n
1318963	2077	1499	n
1319214	2076	1499	n
1319465	2079	1501	n
1319720	2077	1497	n
1319971	2077	1499	n
1330342	2074	1499	n
1330595	2076	1498	n
1330850	2077	1498	n
1331101	2076	1499	n
1331351	2077	1499	n
1331606	2077	1498	n
1342003	2075	1499	n
1342254	2077	1498	n
1342509	2075	1498	n
1342764	2075	1499	n
1343015	2073	1498	n
1343266	2075	1499	n
1343520	2073	1495	n
1353888	2075	1499	n
1354139	2078	1501	n
1354390	2077	1500	n
1354649	2077	1499	n
1354900	2075	1497	n
1355151	2077	1501	n
1365554	2079	1499	n
1365809	2077	1498	n
1366060	2075	1499	n
1366311	2074	1498	n
1366564	2075	1499	n
1366819	2078	1500	n
1367070	2076	1499	n
1377435	2075	1499	n
1377691	2075	1499	n
1377942	2075	1499	n
1378193	2077	1499	n
1378444	2073	1498	n
1378703	2075	1500	n
1389096	2077	1499	n
1389347	2075	1499	n
1389603	2077	1500	n
1389858	2075	1499	n
1390109	2075	1498	n
1390360	2075	1497	n
1390613	2077	1498	n
1400981	2077	1498	n
1401232	2075	1498	n
1401483	2077	1498	n
1401739	2077	1500	n
1401990	2075	1498	n
1402241	2077	1500	n
1412646	2077	1499	n
1412897	2076	1498	n
1413148	2075	1498	n
1413399	2080	1498	n
1413658	2075	1498	n
1413909	2077	1499	n
1414160	2078	1495	n
1424530	2077	1498	n
1424784	2075	1499	n
1425035	2077	1499	n
1425286	2076	1498	n
1425541	2078	1499	n
1425796	2078	1495	n
1436188	2076	1497	n
1436439	2076	1499	n
1436696	2077	1499	n
1436947	2076	1499	n
1437198	2076	1500	n
1437449	2075	1498	n
1437705	2076	1499	n
1448073	2074	1497	n
1448324	2075	1498	n
1448578	2074	1498	n
1448832	2075	1498	n
1449083	2075	1498	n
1449334	2077	1498	n
1459734	2075	1498	n
1459985	2075	1499	n
1460236	2076	1497	n
1460493	2076	1499	n
1460748	2075	1495	n
1460999	2076	1498	n
1461250	2074	1499	n
1471627	2075	1499	n
1471878	2077	1500	n
1472129	2077	1498	n
1472380	2076	1499	n
1472637	2075	1497	n
1472888	2075	1499	n
1483281	2078	1501	n
1483537	2078	1502	n
1483792	2077	1499	n
1484043	2079	1501	n
1484294	2076	1499	n
1484547	2076	1499	n
1484802	2077	1500	n
1495166	2077	1500	n
1495417	2076	1498	n
1495672	2077	1498	n
1495923	2074	1499	n
1496174	2078	1499	n
1496425	2076	1501	n
1506827	2075	1499	n
1507078	2077	1499	n
1507329	2078	1499	n
1507581	2075	1497	n
1507837	2075	1498	n
1508088	2075	1498	n
1508338	2075	1498	n
1518716	2075	1499	n
1518967	2075	1499	n
1519218	2075	1499	n
1519469	2079	1498	n
1519725	2073	1499	n
1519975	2074	1498	n
1530373	2075	1499	n
1530634	2078	1499	n
1530885	2076	1498	n
1531136	2078	1499	n
1531387	2078	1499	n
1531644	2075	1499	n
1531895	2076	1497	n
1542258	2077	1499	n
1542511	2077	1498	n
1542766	2078	1499	n
1543017	2075	1498	n
1543268	2077	1499	n
1543523	2075	1499	n
1553919	2075	1499	n
1554170	2077	1499	n
1554421	2076	1500	n
1554676	2078	1498	n
1554927	2075	1500	n
1555178	2075	1501	n
1555429	2074	1499	n
1565805	2077	1501	n
1566056	2075	1498	n
1566307	2075	1498	n
1566560	2075	1498	n
1566815	2074	1500	n
1567066	2075	1501	n
1577466	2079	1499	n
1577721	2077	1498	n
1577972	2075	1499	n
1578223	2074	1498	n
1578474	2075	1499	n
1578730	2077	1498	n
1578981	2077	1495	n
1589351	2077	1499	n
1589606	2073	1500	n
1589861	2075	1498	n
1590112	2075	1498	n
1590363	2073	1500	n
1590615	2074	1498	n
1601012	2075	1495	n
1601263	2077	1495	n
1601518	2076	1499	n
1601773	2075	1498	n
1602024	2074	1498	n
1602275	2073	1499	n
1602528	2075	1498	n
1612897	2077	1498	n
1613148	2077	1498	n
1613399	2076	1499	n
1613657	2075	1499	n
1613908	2077	1499	n
1614159	2076	1498	n
1624560	2075	1498	n
1624815	2075	1498	n
1625066	2075	1498	n
1625317	2076	1498	n
1625571	2075	1497	n
1625826	2077	1499	n
1626077	2075	1498	n
1636443	2074	1498	n
1636703	2075	1498	n
1636954	2075	1499	n
1637205	2077	1498	n
1637456	2073	1498	n
1637710	2074	1500	n
1648104	2078	1497	n
1648355	2077	1498	n
1648609	2077	1499	n
1648864	2077	1499	n
1649115	2076	1498	n
1649366	2074	1495	n
1649621	2077	1499	n
1659990	2077	1499	n
1660241	2075	1499	n
1660496	2077	1500	n
1660752	2078	1499	n
1661003	2076	1499	n
1661254	2075	1500	n
1671655	2076	1498	n
1671906	2077	1498	n
1672157	2077	1502	n
1672408	2077	1499	n
1672664	2078	1501	n
1672915	2078	1498	n
1673166	2076	1498	n
1683540	2074	1498	n
1683796	2075	1499	n
1684046	2077	1499	n
1684297	2074	1499	n
1684554	2075	1500	n
1684809	2075	1497	n
1695197	2076	1497	n
1695448	2073	1498	n
1695704	2076	1498	n
1695955	2075	1498	n
1696206	2074	1499	n
1696457	2073	1499	n
1696712	2075	1498	n
1707082	2078	1501	n
1707333	2077	1500	n
1707589	2078	1500	n
1707844	2077	1499	n
1708095	2079	1499	n
1708346	2077	1499	n
1718743	2077	1500	n
1718994	2078	1501	n
1719245	2076	1498	n
1719499	2077	1499	n
1719754	2078	1497	n
1720005	2077	1499	n
1720256	2075	1500	n
1730634	2077	1499	n
1730885	2075	1498	n
1731136	2075	1498	n
1731387	2075	1498	n
1731644	2077	1498	n
1731895	2074	1498	n
1742289	2075	1499	n
1742543	2075	1501	n
1742799	2075	1498	n
1743049	2076	1498	n
1743300	2077	1501	n
1743555	2075	1498	n
1743810	2075	1497	n
1754175	2078	1502	n
1754426	2077	1500	n
1754681	2077	1497	n
1754932	2076	1499	n
1755183	2077	1499	n
1755434	2078	1498	n
1765836	2076	1497	n
1766087	2076	1499	n
1766338	2077	1499	n
1766592	2076	1497	n
1766847	2073	1498	n
1767098	2075	1497	n
1767349	2074	1498	n
1777725	2077	1499	n
1777976	2075	1499	n
1778226	2076	1499	n
1778477	2075	1499	n
1778734	2075	1498	n
1778985	2075	1498	n
1789382	2076	1497	n
1789638	2077	1499	n
1789889	2077	1500	n
1790140	2077	1499	n
1790391	2077	1499	n
1790649	2075	1499	n
1790900	2078	1499	n
1801267	2077	1499	n
1801524	2077	1499	n
1801779	2077	1500	n
1802030	2075	1499	n
1802280	2076	1498	n
1802537	2077	1499	n
1812928	2074	1499	n
1813179	2077	1498	n
1813430	2079	1499	n
1813685	2078	1498	n
1813936	2075	1498	n
1814187	2076	1499	n
1814438	2077	1498	n
1824813	2075	1498	n
1825064	2076	1499	n
1825315	2077	1498	n
1825571	2075	1496	n
1825826	2074	1497	n
1826077	2077	1499	n
1836474	2076	1500	n
1836729	2077	1500	n
1836980	2078	1499	n
1837231	2077	1499	n
1837483	2075	1499	n
1837739	2076	1499	n
1837990	2075	1498	n
1848360	2077	1498	n
1848613	2076	1499	n
1848868	2077	1499	n
1849119	2077	1501	n
1849369	2077	1499	n
1849627	2075	1501	n
1860021	2073	1498	n
1860272	2075	1497	n
1860526	2075	1499	n
1860780	2075	1499	n
1861031	2077	1499	n
1861282	2077	1498	n
1861538	2078	1497	n
1871906	2075	1500	n
1872157	2077	1499	n
1872408	2075	1498	n
1872664	2077	1498	n
1872915	2076	1501	n
1873166	2075	1498	n
1883570	2076	1499	n
1883825	2077	1497	n
1884076	2077	1499	n
1884327	2075	1499	n
1884579	2078	1499	n
1884835	2078	1500	n
1885086	2078	1499	n
1895452	2074	1499	n
1895708	2078	1499	n
1895959	2077	1498	n
1896209	2075	1499	n
1896460	2077	1499	n
1896716	2075	1499	n
1907113	2077	1498	n
1907364	2077	1501	n
1907621	2076	1500	n
1907876	2078	1501	n
1908127	2075	1499	n
1908377	2077	1499	n
1908634	2075	1498	n
1918998	2075	1498	n
1919249	2075	1499	n
1919503	2076	1499	n
1919759	2075	1499	n
1920010	2077	1499	n
1920261	2075	1499	n
1930663	2077	1498	n
1930914	2076	1499	n
1931165	2077	1499	n
1931416	2076	1498	n
1931671	2074	1499	n
1931922	2077	1500	n
1932173	2077	1500	n
1942547	2074	1498	n
1942914	2077	1497	n
1943173	2075	1499	n
1943446	2075	1499	n
1943703	2075	1497	n
1943954	2074	1498	n
1954361	2075	1499	n
1954876	2077	1497	n
1955126	2077	1498	n
1955377	2077	1498	n
1955642	2076	1497	n
1955916	2075	1498	n
1956167	2075	1497	n
1966578	2075	1498	n
1967066	2077	1499	n
1967339	2077	1500	n
1967595	2077	1499	n
1967850	2077	1500	n
1968110	2075	1501	n
1968384	2077	1499	n
1978783	2074	1500	n
1979123	2077	1500	n
1979374	2077	1500	n
1979634	2076	1499	n
1979893	2075	1499	n
1980167	2075	1499	n
1990586	2077	1499	n
1991066	2075	1499	n
1991326	2077	1499	n
1991603	2075	1498	n
1991858	2075	1498	n
1992109	2075	1498	n
1992369	2076	1498	n
2002798	2075	1498	Time:00:00:00:00;;
2003492	2077	1498	n
2003756	2074	1499	n
2004029	2075	1499	n
2004280	2078	1498	n
2004537	2075	1498	n
2014960	2077	1500	n
2015467	2080	1500	n
2015723	2078	1501	n
2015974	2077	1499	n
2016233	2075	1499	n
2016509	2075	1499	n
2016764	2078	1501	n
2027156	2078	1499	n
2027638	2077	1502	n
2027919	2078	1500	n
2028170	2077	1500	n
2028421	2077	1501	n
2028676	2077	1501	n
2039076	2075	1499	n
2039563	2075	1501	n
2039818	2077	1500	n
2040069	2077	1498	n
2040351	2076	1499	n
2040606	2075	1498	n
2040861	2077	1499	n
2051271	2077	1498	n
2051766	2078	1499	n
2052039	2077	1497	n
2052290	2077	1498	n
2052543	2075	1499	n
2052830	2075	1495	n
2053081	2075	1500	n
2063467	2078	1498	Time:00:00:00:00;;
2064172	2077	1499	n
2064445	2075	1499	n
2064703	2077	1499	n
2064954	2075	1500	n
2065213	2077	1497	n
2075643	2072	1497	n
2076121	2077	1498	n
2076372	2076	1498	n
2076640	2078	1498	n
2076913	2075	1498	n
2077164	2075	1499	n
2087552	2076	1498	n
2088041	2075	1498	n
2088314	2077	1499	n
2088569	2076	1499	n
2088824	2077	1498	n
2089084	2078	1499	n
2089357	2077	1499	n
2099746	2077	1498	n
2100223	2077	1499	n
2100474	2078	1498	n
2100761	2078	1499	n
2101012	2077	1497	n
2101263	2077	1500	n
2101518	2075	1499	n
2111940	2077	1498	n
2112430	2078	1499	n
2112686	2077	1497	n
2112937	2077	1499	n
2113219	2078	1498	n
2113470	2078	1499	n
2123859	2077	1501	n
2124336	2076	1499	n
2124598	2075	1498	n
2124876	2077	1498	n
2125127	2075	1499	n
2125377	2077	1498	n
2125643	2077	1499	n
2136055	2075	1499	n
2136535	2075	1498	n
2136790	2075	1498	n
2137050	2076	1499	n
2137324	2077	1497	n
2137578	2077	1499	n
2137833	2077	1500	n
2148251	2077	1500	n
2148765	2075	1498	n
2149016	2079	1501	n
2149267	2079	1499	n
2149529	2078	1499	n
2149807	2076	1499	n
2160223	2075	1499	n
2160711	2077	1501	n
2160971	2076	1499	n
2161245	2077	1499	n
2161499	2077	1498	n
2161754	2077	1499	n
2162014	2076	1500	n
2172444	2076	1498	n
2172935	2076	1498	n
2173186	2077	1498	n
2173446	2074	1499	n
2173725	2074	1499	n
2173977	2077	1497	n
2174227	2075	1498	n
2184652	2076	1498	n
2185162	2076	1497	n
2185413	2077	1495	n
2185668	2076	1498	n
2185928	2075	1499	n
2186201	2076	1498	n
2196603	2078	1498	n
2197088	2075	1498	n
2197339	2077	1499	n
2197631	2078	1501	n
2197882	2075	1497	n
2198133	2078	1499	n
2198391	2077	1501	n
2208825	2077	1498	n
2209301	2077	1499	n
2209558	2075	1499	n
2209813	2075	1499	n
2210094	2077	1499	n
2210345	2077	1498	n
2210598	2076	1499	n
2221012	2077	1499	Time:00:00:00:00;;
2221526	2077	1500	n
2221780	2075	1498	n
2222031	2077	1499	n
2222282	2076	1499	n
2222537	2077	1499	n
2232948	2077	1499	n
2233199	2078	1500	n
2233450	2075	1501	n
2233706	2079	1501	n
2233957	2078	1501	n
2234208	2078	1499	n
2244609	2077	1498	n
2244864	2077	1499	n
2245115	2077	1498	n
2245366	2077	1499	n
2245621	2076	1501	n
2245876	2077	1498	n
2246127	2077	1498	n
2256500	2077	1501	n
2256755	2078	1499	n
2257006	2077	1499	n
2257257	2077	1499	n
2257510	2077	1499	n
2257765	2077	1498	n
2268156	2073	1499	n
2268407	2075	1495	n
2268663	2078	1499	n
2268914	2073	1497	n
2269165	2074	1497	n
2269416	2075	1493	n
2269672	2076	1499	n
2280041	2076	1498	n
2280292	2076	1500	n
2280545	2076	1499	n
2280800	2077	1498	n
2281051	2077	1499	n
2281302	2075	1499	n
2291706	2075	1499	n
2291957	2077	1499	n
2292208	2077	1499	n
2292459	2078	1499	n
2292714	2077	1499	n
2292965	2077	1498	n
2293216	2075	1499	n
2303593	2078	1499	n
2303848	2078	1501	n
2304099	2075	1499	n
2304350	2077	1501	n
2304606	2077	1499	n
2304861	2077	1498	n
2315248	2077	1502	n
2315503	2075	1499	n
2315758	2078	1501	n
2316009	2075	1499	n
2316260	2075	1497	n
2316513	2077	1499	n
2316769	2075	1499	n
2327133	2079	1499	n
2327384	2078	1501	n
2327644	2077	1500	n
2327895	2078	1499	n
2328146	2079	1501	n
2328397	2077	1499	n
2338794	2078	1499	n
2339045	2078	1500	n
2339296	2079	1499	n
2339551	2077	1499	n
2339806	2075	1498	n
2340057	2077	1499	n
2340308	2078	1499	n
2350684	2077	1499	n
2350935	2076	1501	n
2351186	2076	1498	n
2351437	2076	1499	n
2351696	2077	1499	n
2351947	2075	1499	n
2362341	2075	1499	n
2362595	2077	1499	n
2362850	2076	1499	n
2363101	2076	1499	n
2363352	2077	1498	n
2363606	2076	1498	n
2363861	2075	1499	n
2374226	2078	1499	n
2374477	2076	1501	n
2374734	2077	1501	n
2374985	2078	1501	n
2375236	2078	1498	n
2375493	2075	1498	n
2385887	2077	1497	n
2386138	2073	1495	n
2386389	2075	1499	n
2386649	2076	1498	n
2386900	2076	1499	n
2387151	2076	1501	n
2387402	2076	1501	n
2397776	2077	1501	n
2398027	2075	1499	n
2398278	2075	1501	n
2398535	2076	1499	n
2398790	2075	1499	n
2399041	2078	1498	n
2409433	2079	1500	n
2409689	2078	1498	n
2409940	2075	1499	n
2410191	2077	1498	n
2410442	2076	1499	n
2410703	2075	1500	n
2410954	2077	1498	n
2421318	2079	1498	n
2421571	2077	1499	n
2421827	2076	1502	n
2422078	2077	1499	n
2422328	2077	1499	n
2422581	2075	1499	n
2432979	2075	1497	n
2433230	2077	1499	n
2433481	2078	1497	n
2433739	2075	1499	n
2433990	2077	1499	n
2434241	2076	1500	n
2434496	2077	1499	n
2444865	2077	1499	n
2445116	2075	1499	n
2445367	2077	1500	n
2445627	2075	1498	n
2445878	2075	1499	n
2446129	2077	1499	n
2456528	2078	1501	n
2456783	2077	1499	n
2457034	2078	1500	n
2457285	2077	1500	n
2457540	2077	1500	n
2457796	2079	1499	n
2458047	2078	1499	n
2468411	2077	1498	n
2468667	2079	1499	n
2468918	2079	1499	n
2469169	2077	1501	n
2469420	2077	1499	n
2469675	2077	1500	n
2480072	2078	1501	n
2480323	2077	1499	n
2480578	2077	1499	n
2480833	2078	1499	n
2481083	2076	1498	n
2481335	2077	1498	n
2481589	2077	1500	n
2491957	2079	1499	n
2492208	2076	1501	n
2492459	2076	1498	n
2492714	2076	1499	n
2492965	2076	1498	n
2493216	2078	1501	n
2503618	2078	1500	n
2503874	2077	1499	n
2504124	2076	1499	n
2504375	2078	1501	n
2504634	2078	1498	n
2504884	2077	1499	n
2505135	2077	1499	n
2515506	2078	1499	n
2515762	2079	1499	n
2516012	2078	1500	n
2516263	2077	1499	n
2516520	2078	1499	n
2516776	2074	1497	n
2527164	2075	1498	n
2527415	2074	1497	n
2527670	2076	1499	n
2527921	2078	1498	n
2528172	2076	1499	n
2528423	2077	1501	n
2528679	2078	1499	n
2539050	2075	1499	n
2539301	2078	1499	n
2539558	2078	1499	n
2539813	2075	1502	n
2540064	2075	1499	n
2540315	2075	1499	n
2550713	2076	1498	n
2550964	2078	1499	n
2551215	2076	1501	n
2551466	2078	1499	n
2551722	2075	1499	n
2551973	2077	1500	n
2552224	2077	1501	n
2562598	2075	1499	n
2562853	2074	1499	n
2563104	2078	1497	n
2563355	2071	1499	n
2563610	2077	1499	n
2563865	2074	1498	n
2574257	2077	1499	n
2574510	2079	1499	n
2574765	2078	1499	n
2575016	2076	1501	n
2575267	2078	1499	n
2575524	2077	1499	n
2575779	2077	1498	n
2586142	2077	1501	n
2586393	2078	1499	n
2586653	2077	1501	n
2586904	2078	1499	n
2587155	2079	1499	n
2587406	2077	1499	n
2597803	2077	1501	n
2598054	2077	1500	n
2598305	2079	1500	n
2598561	2078	1501	n
2598816	2078	1501	n
2599067	2076	1499	n
2599318	2078	1498	n
2609692	2075	1500	n
2609943	2077	1498	n
2610194	2075	1499	n
2610445	2075	1498	n
2610703	2078	1498	n
2610954	2076	1499	n
2621349	2075	1498	n
2621606	2075	1499	n
2621861	2077	1499	n
2622112	2077	1498	n
2622363	2077	1502	n
2622616	2077	1499	n
2622871	2076	1498	n
2633235	2078	1498	n
2633487	2077	1501	n
2633743	2077	1500	n
2633994	2075	1498	n
2634245	2077	1499	n
2634499	2078	1500	n
2644896	2079	1500	n
2645147	2077	1499	n
2645398	2077	1499	n
2645657	2081	1501	n
2645908	2077	1501	n
2646159	2081	1499	n
2646410	2078	1501	n
2656783	2078	1499	n
2657034	2076	1499	n
2657285	2077	1498	n
2657540	2077	1498	n
2657796	2078	1501	n
2658047	2077	1501	n
2668442	2077	1499	n
2668699	2078	1499	n
2668950	2078	1500	n
2669201	2079	1501	n
2669452	2075	1500	n
2669707	2075	1498	n
2669958	2077	1499	n
2680327	2078	1499	n
2680580	2077	1501	n
2680835	2078	1501	n
2681086	2078	1500	n
2681337	2077	1499	n
2681592	2078	1499	n
2691988	2075	1499	n
2692239	2077	1499	n
2692492	2077	1500	n
2692747	2075	1499	n
2692998	2078	1498	n
2693249	2075	1499	n
2693507	2078	1500	n
2703873	2077	1501	n
2704124	2075	1499	n
2704375	2078	1499	n
2704633	2075	1499	n
2704884	2075	1501	n
2705135	2077	1499	n
2715537	2077	1500	n
2715792	2077	1501	n
2716043	2076	1501	n
2716294	2078	1501	n
2716547	2077	1501	n
2716802	2077	1499	n
2717053	2078	1499	n
2727420	2077	1501	n
2727675	2078	1500	n
2727926	2078	1501	n
2728177	2078	1501	n
2728428	2079	1502	n
2728684	2079	1498	n
2739081	2076	1499	n
2739332	2078	1499	n
2739589	2078	1501	n
2739844	2078	1498	n
2740095	2078	1498	n
2740346	2075	1501	n
2740598	2076	1499	n
2750966	2076	1499	n
2751217	2078	1501	n
2751468	2080	1499	n
2751723	2075	1499	n
2751974	2078	1500	n
2752225	2076	1500	n
2762631	2077	1498	n
2762882	2078	1499	n
2763133	2076	1499	n
2763384	2078	1499	n
2763644	2078	1500	n
2763895	2079	1499	n
2764146	2079	1499	n
2774518	2077	1497	n
2774773	2077	1498	n
2775024	2078	1499	n
2775275	2078	1500	n
2775528	2077	1499	n
2775784	2079	1499	n
2786173	2077	1499	n
2786424	2075	1501	n
2786679	2076	1499	n
2786930	2077	1499	n
2787181	2077	1499	n
2787432	2078	1498	n
2787688	2075	1498	n
2798058	2075	1500	n
2798309	2076	1498	n
2798562	2077	1499	n
2798817	2077	1495	n
2799068	2077	1499	n
2799319	2079	1499	n
2809720	2075	1501	n
2809971	2077	1499	n
2810222	2076	1499	n
2810473	2078	1499	n
2810729	2075	1499	n
2810980	2078	1499	n
2811231	2078	1499	n
2821609	2077	1499	n
2821864	2077	1497	n
2822115	2077	1499	n
2822366	2078	1499	n
2822621	2077	1499	n
2822876	2077	1499	n
2833266	2077	1498	n
2833520	2078	1499	n
2833775	2077	1499	n
2834026	2077	1499	n
2834277	2075	1498	n
2834530	2075	1498	n
2834785	2077	1498	n
2845151	2075	1500	n
2845402	2079	1499	n
2845662	2076	1498	n
2845913	2077	1501	n
2846164	2076	1498	n
2846415	2075	1499	n
2856812	2078	1501	n
2857063	2077	1498	n
2857314	2078	1500	n
2857568	2078	1501	n
2857824	2078	1501	n
2858075	2078	1501	n
2858326	2077	1500	n
2868702	2077	1501	n
2868953	2077	1498	n
2869203	2077	1499	n
2869454	2077	1502	n
2869710	2077	1501	n
2869961	2077	1501	n
2880358	2077	1501	n
2880612	2078	1499	n
2880867	2078	1499	n
2881118	2077	1501	n
2881369	2077	1500	n
2881627	2077	1502	n
2881878	2076	1499	n
2892243	2078	1499	n
2892499	2077	1500	n
2892755	2076	1499	n
2893006	2076	1501	n
2893257	2075	1499	n
2893510	2076	1499	n
2903904	2078	1500	n
2904155	2078	1499	n
2904406	2078	1499	n
2904663	2077	1499	n
2904914	2078	1501	n
2905165	2076	1501	n
2905415	2076	1500	n
2915790	2077	1499	n
2916041	2078	1501	n
2916292	2077	1500	n
2916545	2076	1499	n
2916800	2078	1501	n
2917051	2077	1499	n
2927451	2077	1501	n
2927707	2079	1500	n
2927958	2079	1498	n
2928209	2077	1497	n
2928460	2077	1500	n
2928715	2078	1500	n
2928966	2077	1500	n
2939336	2077	1499	n
2939593	2077	1501	n
2939848	2077	1501	n
2940099	2078	1501	n
2940350	2078	1501	n
2940606	2078	1499	n
2950997	2075	1502	n
2951248	2077	1499	n
2951503	2078	1499	n
2951758	2077	1501	n
2952009	2080	1500	n
2952260	2078	1499	n
2952513	2079	1500	n
2962882	2078	1501	n
2963133	2076	1500	n
2963384	2075	1499	n
2963644	2076	1500	n
2963895	2076	1502	n
2964146	2076	1499	n
2974545	2076	1499	n
2974800	2076	1499	n
2975051	2079	1499	n
2975302	2075	1498	n
2975557	2077	1497	n
2975813	2076	1500	n
2976063	2076	1500	n
2986428	2077	1502	n
2986863	2077	1499	n
2987123	2077	1501	n
2987396	2078	1499	n
2987654	2077	1499	n
2987905	2078	1501	n
2998348	2077	1499	n
2998865	2077	1499	n
2999116	2077	1499	n
2999367	2075	1499	n
2999637	2077	1500	n
2999911	2078	1499	n
3000162	2077	1498	n
3010546	2076	1499	Time:00:00:00:00;;
3011248	2076	1498	n
3011527	2076	1499	n
3011782	2075	1501	n
3012042	2075	1498	n
3012315	2077	1498	n
3022710	2077	1498	n
3023186	2076	1498	n
3023437	2075	1499	n
3023725	2077	1499	n
3023976	2075	1499	n
3024227	2075	1499	n
3024478	2075	1500	n
3034901	2079	1499	n
3035386	2077	1500	n
3035644	2078	1500	n
3035895	2076	1498	n
3036177	2078	1499	n
3036428	2079	1501	n
3046821	2078	1500	n
3047298	2075	1498	n
3047560	2071	1495	n
3047838	2077	1499	n
3048089	2077	1501	n
3048339	2075	1498	n
3048603	2076	1498	n
3059016	2078	1498	Time:00:00:00:00;;
3059719	2075	1499	n
3059979	2077	1499	n
3060253	2077	1498	n
3060510	2077	1501	n
3060765	2077	1499	n
3071126	2077	1499	n
3071639	2076	1499	n
3071890	2078	1499	n
3072141	2077	1501	n
3072392	2077	1499	n
3072682	2079	1498	n
3083081	2076	1499	n
3083560	2077	1499	n
3083815	2078	1501	n
3084097	2078	1499	n
3084348	2077	1499	n
3084603	2077	1499	n
3084858	2077	1499	n
3095293	2075	1499	n
3095785	2077	1499	n
3096036	2075	1498	n
3096287	2075	1498	n
3096575	2079	1498	n
3096830	2075	1498	n
3097081	2078	1499	n
3107492	2077	1499	n
3108010	2075	1498	n
3108261	2078	1499	n
3108518	2076	1501	n
3108773	2077	1498	n
3109055	2077	1500	n
3109306	2077	1499	n
3119690	2077	1502	n
3120166	2077	1498	n
3120426	2077	1501	n
3120704	2077	1498	n
3120955	2077	1499	n
3121206	2075	1499	n
3131604	2077	1499	n
3132116	2078	1500	n
3132367	2078	1500	n
3132627	2078	1499	n
3132886	2077	1499	n
3133160	2077	1501	n
3133411	2077	1498	n
3143800	2076	1499	n
3144287	2074	1499	n
3144562	2077	1500	n
3144817	2077	1499	n
3145068	2077	1500	n
3145328	2076	1499	n
3145606	2075	1498	n
3155996	2077	1497	n
3156478	2075	1498	n
3156743	2075	1498	n
3157016	2077	1500	n
3157267	2075	1498	n
3157524	2077	1498	n
3167916	2078	1500	n
3168426	2076	1501	n
3168681	2075	1499	n
3168932	2077	1499	n
3169183	2077	1500	n
3169465	2078	1499	n
3169720	2078	1501	n
3180111	2074	1497	n
3180595	2079	1497	n
3180881	2077	1499	n
3181132	2075	1498	n
3181383	2074	1495	n
3181645	2079	1499	n
3181927	2074	1498	n
3192307	2076	1499	n
3192798	2076	1499	n
3193049	2077	1498	n
3193309	2074	1499	n
3193586	2076	1499	n
3193841	2078	1498	n
3204210	2077	1497	n
3204702	2075	1499	n
3204976	2075	1495	n
3205226	2075	1499	n
3205477	2075	1499	n
3205743	2075	1498	n
3206016	2078	1500	n
3216422	2076	1499	Time:00:00:00:00;;
3217027	2077	1501	n
3217278	2077	1499	n
3217535	2076	1498	n
3217791	2075	1499	n
3218042	2078	1501	n
3228429	2077	1501	n
3228684	2078	1499	n
3228935	2077	1499	n
3229186	2076	1499	n
3229437	2077	1499	n
3229696	2078	1499	n
3240090	2075	1499	n
3240341	2075	1497	n
3240595	2075	1500	n
3240850	2076	1498	n
3241101	2075	1499	n
3241352	2077	1498	n
3241606	2075	1499	n
3251975	2077	1500	n
3252226	2077	1499	n
3252477	2075	1498	n
3252733	2076	1498	n
3252984	2078	1499	n
3253235	2077	1500	n
3263640	2076	1498	n
3263891	2076	1501	n
3264142	2078	1500	n
3264393	2077	1499	n
3264653	2078	1499	n
3264904	2077	1500	n
3265155	2077	1500	n
3275527	2077	1499	n
3275782	2076	1499	n
3276033	2076	1497	n
3276284	2075	1499	n
3276541	2076	1499	n
3276796	2076	1499	n
3287182	2076	1499	n
3287433	2075	1499	n
3287689	2075	1499	n
3287940	2077	1500	n
3288191	2075	1499	n
3288442	2076	1499	n
3288699	2077	1497	n
3299068	2078	1499	n
3299319	2076	1499	n
3299575	2078	1499	n
3299831	2076	1501	n
3300082	2077	1499	n
3300333	2076	1499	n
3310729	2078	1501	n
3310980	2078	1501	n
3311231	2075	1498	n
3311482	2079	1500	n
3311739	2076	1499	n
3311990	2075	1500	n
3312241	2077	1502	n
3322616	2077	1501	n
3322871	2078	1500	n
3323122	2077	1499	n
3323373	2077	1501	n
3323634	2075	1499	n
3323885	2076	1495	n
3334275	2077	1500	n
3334528	2077	1498	n
3334783	2077	1500	n
3335034	2075	1499	n
3335285	2077	1499	n
3335540	2077	1499	n
3335796	2077	1499	n
3346160	2078	1500	n
3346411	2078	1499	n
3346667	2077	1500	n
3346918	2077	1497	n
3347169	2075	1500	n
3347420	2078	1499	n
3357821	2077	1497	n
3358072	2077	1499	n
3358323	2075	1500	n
3358578	2077	1501	n
3358833	2077	1499	n
3359084	2077	1501	n
3359335	2075	1499	n
3369710	2075	1499	n
3369961	2077	1499	n
3370212	2075	1500	n
3370463	2078	1500	n
3370718	2077	1501	n
3370969	2076	1499	n
3381367	2078	1498	n
3381627	2075	1499	n
3381878	2077	1498	n
3382129	2077	1498	n
3382380	2076	1501	n
3382637	2078	1499	n
3382888	2077	1502	n
3393253	2076	1501	n
3393510	2077	1499	n
3393765	2078	1501	n
3394016	2078	1501	n
3394267	2079	1501	n
3394524	2078	1501	n
3404914	2075	1499	n
3405165	2077	1499	n
3405416	2075	1497	n
3405671	2075	1497	n
3405922	2074	1498	n
3406173	2075	1499	n
3406424	2077	1501	n
3416799	2078	1499	n
3417050	2079	1498	n
3417301	2078	1498	n
3417558	2076	1501	n
3417813	2075	1499	n
3418064	2078	1499	n
3428460	2075	1499	n
3428715	2077	1499	n
3428966	2079	1502	n
3429217	2079	1499	n
3429468	2080	1499	n
3429724	2077	1501	n
3429975	2077	1501	n
3440345	2078	1500	n
3440598	2078	1500	n
3440853	2078	1501	n
3441104	2077	1499	n
3441355	2077	1499	n
3441610	2077	1500	n
3452006	2076	1499	n
3452257	2077	1499	n
3452510	2077	1499	n
3452765	2077	1499	n
3453016	2077	1501	n
3453267	2075	1499	n
3453524	2075	1499	n
3463891	2076	1499	n
3464142	2077	1502	n
3464393	2079	1500	n
3464654	2077	1500	n
3464905	2078	1501	n
3465156	2075	1499	n
3475557	2077	1499	n
3475813	2078	1499	n
3476063	2077	1499	n
3476315	2078	1501	n
3476572	2079	1500	n
3476827	2077	1499	n
3477078	2077	1499	n
3487438	2078	1499	n
3487696	2078	1499	n
3487947	2077	1498	n
3488198	2076	1500	n
3488449	2075	1499	n
3488705	2077	1501	n
3499099	2077	1499	n
3499350	2077	1499	n
3499606	2079	1499	n
3499861	2075	1498	n
3500112	2077	1501	n
3500363	2076	1499	n
3500616	2075	1499	n
3510984	2075	1498	n
3511235	2076	1497	n
3511487	2077	1502	n
3511743	2078	1499	n
3511993	2076	1497	n
3512244	2075	1499	n
3522649	2077	1501	n
3522900	2079	1499	n
3523151	2076	1499	n
3523402	2077	1500	n
3523663	2077	1499	n
3523913	2078	1499	n
3524164	2076	1499	n
3534534	2077	1498	n
3534790	2076	1497	n
3535041	2075	1499	n
3535292	2077	1501	n
3535545	2078	1499	n
3535800	2075	1499	n
3546191	2075	1499	n
3546442	2075	1499	n
3546698	2075	1499	n
3546949	2075	1502	n
3547200	2077	1499	n
3547451	2074	1499	n
3547707	2076	1499	n
3558076	2076	1500	n
3558327	2077	1500	n
3558580	2077	1499	n
3558836	2075	1499	n
3559086	2077	1501	n
3559337	2077	1499	n
3569737	2077	1499	n
3569988	2079	1499	n
3570239	2078	1501	n
3570492	2078	1499	n
3570748	2078	1500	n
3570999	2079	1499	n
3571250	2077	1499	n
3581630	2076	1498	n
3581881	2079	1499	n
3582132	2077	1499	n
3582383	2077	1499	n
3582640	2077	1499	n
3582891	2078	1500	n
3593284	2075	1500	n
3593541	2075	1499	n
3593796	2074	1499	n
3594047	2076	1499	n
3594298	2075	1498	n
3594554	2075	1498	n
3594810	2075	1497	n
3605169	2080	1499	n
3605420	2077	1499	n
3605675	2079	1499	n
3605926	2077	1498	n
3606177	2077	1500	n
3606428	2077	1500	n
3616830	2078	1498	n
3617081	2077	1499	n
3617332	2075	1499	n
3617589	2077	1499	n
3617844	2078	1499	n
3618095	2076	1498	n
3618345	2077	1499	n
3628719	2078	1499	n
3628970	2075	1499	n
3629221	2075	1499	n
3629472	2077	1498	n
3629727	2075	1499	n
3629978	2075	1499	n
3640376	2077	1498	n
3640633	2077	1497	n
3640884	2078	1499	n
3641135	2076	1499	n
3641386	2075	1500	n
3641644	2077	1500	n
3641895	2077	1499	n
3652261	2077	1498	n
3652518	2077	1499	n
3652773	2078	1501	n
3653024	2077	1499	n
3653275	2077	1498	n
3653528	2076	1498	n
3663922	2079	1501	n
3664173	2078	1501	n
3664424	2077	1499	n
3664679	2077	1499	n
3664930	2076	1499	n
3665181	2075	1499	n
3665432	2075	1499	n
3675808	2075	1498	n
3676059	2077	1502	n
3676310	2077	1497	n
3676563	2077	1499	n
3676818	2075	1499	n
3677069	2075	1498	n
3687469	2077	1499	n
3687725	2077	1499	n
3687975	2075	1499	n
3688226	2075	1499	n
3688477	2077	1501	n
3688734	2076	1499	n
3688985	2079	1499	n
3699354	2079	1499	n
3699609	2080	1498	n
3699864	2079	1499	n
3700115	2078	1499	n
3700366	2078	1501	n
3700627	2079	1501	n
3711015	2077	1498	n
3711266	2077	1500	n
3711520	2077	1499	n
3711775	2078	1501	n
3712026	2079	1501	n
3712277	2079	1499	n
3712530	2078	1499	n
3722900	2077	1502	n
3723151	2077	1498	n
3723402	2079	1501	n
3723662	2078	1499	n
3723913	2076	1501	n
3724164	2075	1499	n
3734561	2078	1500	n
3734816	2078	1501	n
3735067	2078	1499	n
3735318	2079	1501	n
3735572	2077	1498	n
3735827	2077	1501	n
3736078	2079	1501	n
3746446	2078	1501	n
3746703	2078	1499	n
3746954	2078	1501	n
3747205	2078	1499	n
3747456	2077	1500	n
3747711	2076	1499	n
3758107	2078	1499	n
3758358	2078	1499	n
3758612	2077	1499	n
3758867	2077	1499	n
3759118	2078	1501	n
3759369	2078	1501	n
3759627	2076	1500	n
3769993	2077	1499	n
3770244	2077	1500	n
3770499	2076	1498	n
3770755	2075	1501	n
3771006	2077	1497	n
3771257	2077	1499	n
3781658	2077	1501	n
3781909	2078	1499	n
3782160	2077	1499	n
3782411	2078	1498	n
3782667	2078	1499	n
3782918	2079	1503	n
3783169	2079	1499	n
3793544	2078	1501	n
3793799	2077	1499	n
3794050	2078	1501	n
3794301	2077	1499	n
3794558	2078	1499	n
3794813	2078	1499	n
3805200	2077	1499	n
3805451	2077	1499	n
3805707	2078	1501	n
3805958	2077	1499	n
3806209	2077	1499	n
3806460	2077	1499	n
3806715	2077	1500	n
3817085	2076	1499	n
3817336	2078	1499	n
3817593	2077	1498	n
3817848	2075	1499	n
3818099	2078	1501	n
3818350	2079	1501	n
3828746	2077	1501	n
3828997	2078	1500	n
3829248	2078	1499	n
3829503	2077	1500	n
3829758	2077	1499	n
3830009	2078	1499	n
3830260	2078	1501	n
3840635	2079	1500	n
3840886	2076	1498	n
3841137	2076	1499	n
3841388	2075	1501	n
3841644	2077	1497	n
3841895	2077	1497	n
3852292	2079	1501	n
3852545	2079	1499	n
3852800	2077	1500	n
3853051	2077	1499	n
3853302	2079	1497	n
3853557	2077	1498	n
3853812	2077	1501	n
3864178	2078	1499	n
3864429	2077	1501	n
3864684	2078	1499	n
3864935	2077	1501	n
3865186	2077	1499	n
3865437	2077	1499	n
3875839	2079	1500	n
3876090	2079	1501	n
3876341	2079	1500	n
3876595	2077	1499	n
3876850	2078	1502	n
3877101	2079	1501	n
3877352	2077	1499	n
3887728	2077	1500	n
3887979	2078	1499	n
3888230	2077	1501	n
3888481	2075	1500	n
3888739	2075	1499	n
3888990	2077	1498	n
3899385	2077	1498	n
3899644	2079	1499	n
3899895	2077	1500	n
3900146	2078	1501	n
3900397	2077	1501	n
3900658	2078	1501	n
3900909	2077	1499	n
3911270	2078	1500	n
3911527	2076	1500	n
3911782	2078	1499	n
3912033	2078	1499	n
3912284	2078	1499	n
3912541	2077	1498	n
3922931	2079	1499	n
3923182	2078	1499	n
3923433	2076	1501	n
3923689	2077	1501	n
3923940	2078	1501	n
3924191	2078	1500	n
3924442	2077	1500	n
3934816	2078	1500	n
3935067	2077	1500	n
3935318	2078	1501	n
3935572	2076	1501	n
3935827	2078	1499	n
3936078	2078	1499	n
3946477	2076	1499	n
3946734	2078	1500	n
3946985	2078	1499	n
3947235	2078	1499	n
3947493	2078	1501	n
3947748	2078	1501	n
3947999	2076	1499	n
3958363	2078	1500	n
3958616	2078	1501	n
3958871	2078	1500	n
3959122	2079	1500	n
3959373	2077	1500	n
3959634	2077	1498	n
3970024	2078	1501	n
3970275	2076	1499	n
3970528	2078	1500	n
3970783	2079	1498	n
3971034	2078	1498	n
3971285	2078	1499	n
3971540	2078	1499	n
3981909	2076	1502	n
3982258	2077	1499	n
3982511	2078	1499	n
3982766	2077	1499	n
3983025	2077	1497	n
3983299	2077	1499	n
3993708	2077	1499	n
3994185	2077	1500	n
3994436	2076	1499	n
3994726	2076	1498	n
3994977	2078	1501	n
3995228	2075	1499	n
3995487	2075	1498	n
4005929	2077	1501	Time:00:00:00:00;;
4006627	2078	1499	n
4006878	2079	1499	n
4007160	2077	1498	n
4007411	2078	1499	n
4007666	2078	1502	n
4018030	2077	1501	n
4018520	2075	1499	n
4018798	2077	1495	n
4019049	2076	1499	n
4019300	2075	1499	n
4019562	2078	1499	n
4019839	2075	1499	n
4030226	2075	1499	n
4030708	2075	1499	n
4030967	2078	1499	n
4031241	2078	1499	n
4031496	2077	1500	n
4031751	2077	1500	n
4042129	2078	1499	n
4042644	2078	1502	n
4042895	2079	1502	n
4043146	2076	1502	n
4043405	2077	1499	n
4043687	2077	1500	n
4043938	2076	1501	n
4054341	2077	1501	n
4054834	2077	1498	n
4055108	2078	1499	n
4055359	2077	1499	n
4055613	2078	1500	n
4055876	2076	1500	n
4056150	2078	1500	n
4066540	2075	1500	Time:00:00:00:00;;
4067236	2077	1499	n
4067523	2077	1499	n
4067779	2076	1499	n
4068030	2077	1498	n
4068281	2077	1499	n
4078703	2077	1499	n
4079188	2075	1499	n
4079439	2077	1498	n
4079696	2077	1500	n
4079956	2077	1499	n
4080229	2076	1497	n
4090618	2077	1499	n
4091098	2078	1500	n
4091358	2077	1499	n
4091637	2079	1501	n
4091888	2077	1502	n
4092139	2075	1502	n
4092399	2077	1499	n
4102822	2077	1502	n
4103299	2078	1499	n
4103554	2077	1498	n
4103818	2078	1499	n
4104091	2078	1499	n
4104342	2078	1503	n
4104595	2078	1499	n
4115010	2078	1499	n
4115526	2076	1499	n
4115780	2078	1498	n
4116031	2076	1499	n
4116290	2077	1498	n
4116569	2077	1499	n
4126982	2075	1500	n
4127459	2077	1501	n
4127723	2076	1501	n
4127996	2078	1499	n
4128247	2079	1500	n
4128504	2078	1499	n
4128768	2075	1499	n
4139203	2077	1501	n
4139686	2077	1499	n
4139937	2075	1500	n
4140195	2077	1499	n
4140468	2079	1499	n
4140724	2078	1499	n
4140975	2077	1499	n
4151407	2077	1497	n
4151921	2077	1499	n
4152171	2077	1499	n
4152422	2076	1502	n
4152678	2075	1499	n
4152967	2077	1499	n
4163362	2077	1499	n
4163845	2078	1501	n
4164096	2078	1499	n
4164377	2077	1500	n
4164634	2077	1499	n
4164885	2077	1500	n
4165136	2076	1500	n
4175575	2078	1499	n
4176067	2078	1500	n
4176318	2077	1499	n
4176572	2078	1499	n
4176856	2078	1501	n
4177107	2077	1499	n
4177357	2077	1500	n
4187771	2076	1499	n
4188280	2077	1499	n
4188537	2077	1499	n
4188792	2075	1500	n
4189043	2075	1501	n
4189325	2077	1499	n
4189578	2076	1498	n
4199966	2078	1499	n
4200449	2075	1499	n
4200713	2075	1498	n
4200987	2076	1499	n
4201238	2077	1499	n
4201492	2077	1501	n
4211886	2077	1499	Time:00:00:00:00;;
4212614	2075	1498	n
4212869	2077	1498	n
4213120	2075	1499	n
4213371	2075	1499	n
4213631	2077	1500	n
4224047	2079	1501	n
4224298	2076	1501	n
4224554	2080	1499	n
4224809	2078	1499	n
4225060	2078	1502	n
4225311	2075	1501	n
4225564	2076	1501	n
4235932	2077	1499	n
4236183	2077	1499	n
4236434	2078	1498	n
4236690	2077	1501	n
4236941	2075	1499	n
4237192	2078	1501	n
4247593	2077	1499	n
4247848	2077	1501	n
4248099	2077	1501	n
4248350	2076	1499	n
4248606	2077	1501	n
4248861	2075	1501	n
4249112	2078	1499	n
4259478	2077	1499	n
4259734	2077	1500	n
4259985	2078	1501	n
4260236	2077	1499	n
4260493	2077	1500	n
4260748	2075	1499	n
4271139	2078	1501	n
4271390	2078	1499	n
4271649	2076	1501	n
4271900	2077	1501	n
4272151	2077	1500	n
4272402	2078	1499	n
4272662	2078	1499	n
4283025	2075	1499	n
4283276	2074	1497	n
4283529	2076	1498	n
4283784	2079	1500	n
4284035	2075	1498	n
4284286	2076	1495	n
4294690	2077	1498	n
4294941	2075	1499	n
4295192	2077	1499	n
4295443	2074	1499	n
4295704	2077	1499	n
4295955	2077	1500	n
4296205	2075	1498	n
4306575	2076	1498	n
4306830	2077	1499	n
4307081	2077	1499	n
4307332	2077	1501	n
4307589	2077	1499	n
4307844	2078	1502	n
4318232	2078	1499	n
4318484	2077	1499	n
4318739	2076	1499	n
4318990	2077	1498	n
4319241	2078	1499	n
4319497	2077	1499	n
4319752	2075	1499	n
4330117	2077	1500	n
4330368	2076	1498	n
4330626	2077	1498	n
4330877	2075	1498	n
4331128	2077	1500	n
4331379	2077	1499	n
4341778	2077	1501	n
4342029	2077	1499	n
4342280	2076	1501	n
4342535	2078	1499	n
4342790	2078	1501	n
4343041	2077	1499	n
4343292	2076	1499	n
4353668	2075	1499	n
4353919	2078	1499	n
4354170	2078	1502	n
4354421	2078	1499	n
4354676	2077	1499	n
4354927	2076	1499	n
4365324	2078	1501	n
4365578	2079	1501	n
4365833	2077	1498	n
4366084	2078	1501	n
4366335	2077	1498	n
4366589	2077	1501	n
4366844	2077	1501	n
4377210	2075	1497	n
4377461	2079	1499	n
4377717	2075	1500	n
4377968	2077	1498	n
4378219	2076	1500	n
4378470	2078	1499	n
4388871	2076	1499	n
4389122	2077	1499	n
4389373	2077	1499	n
4389634	2077	1499	n
4389885	2078	1499	n
4390136	2077	1499	n
4390387	2076	1499	n
4400760	2079	1501	n
4401011	2077	1501	n
4401262	2077	1502	n
4401517	2077	1498	n
4401773	2077	1499	n
4402024	2077	1501	n
4412417	2078	1501	n
4412672	2079	1499	n
4412923	2079	1499	n
4413174	2078	1498	n
4413425	2076	1502	n
4413681	2077	1501	n
4413932	2078	1501	n
4424302	2077	1499	n
4424557	2077	1499	n
4424812	2075	1499	n
4425063	2077	1499	n
4425314	2075	1498	n
4425569	2077	1498	n
4435963	2077	1499	n
4436214	2077	1499	n
4436465	2080	1498	n
4436721	2075	1501	n
4436971	2075	1499	n
4437222	2075	1498	n
4437473	2078	1498	n
4447848	2079	1499	n
4448099	2079	1499	n
4448350	2079	1499	n
4448605	2079	1499	n
4448860	2080	1499	n
4449111	2076	1499	n
4459511	2078	1499	n
4459766	2077	1498	n
4460017	2077	1498	n
4460268	2077	1499	n
4460524	2077	1500	n
4460779	2077	1499	n
4461029	2078	1498	n
4471395	2077	1499	n
4471653	2078	1498	n
4471904	2078	1499	n
4472155	2076	1499	n
4472406	2077	1498	n
4472663	2075	1497	n
4483056	2077	1499	n
4483307	2077	1500	n
4483560	2077	1499	n
4483815	2077	1500	n
4484066	2077	1500	n
4484317	2077	1499	n
4484571	2078	1501	n
4494941	2079	1499	n
4495192	2077	1499	n
4495443	2077	1501	n
4495703	2077	1501	n
4495954	2077	1500	n
4496205	2077	1501	n
4506602	2075	1499	n
4506857	2077	1500	n
4507108	2075	1499	n
4507359	2077	1499	n
4507612	2077	1499	n
4507867	2077	1499	n
4508118	2075	1499	n
4518492	2077	1499	n
4518747	2076	1499	n
4518998	2077	1501	n
4519249	2078	1500	n
4519504	2077	1500	n
4519759	2077	1499	n
4530148	2078	1500	n
4530399	2078	1500	n
4530657	2079	1500	n
4530908	2076	1501	n
4531159	2075	1500	n
4531410	2078	1498	n
4531666	2076	1501	n
4542033	2077	1501	n
4542284	2078	1501	n
4542541	2079	1499	n
4542796	2078	1497	n
4543047	2077	1499	n
4543298	2077	1500	n
4553698	2077	1499	n
4553949	2075	1499	n
4554200	2077	1501	n
4554451	2073	1498	n
4554707	2077	1498	n
4554958	2075	1499	n
4555209	2077	1500	n
4565586	2078	1501	n
4565841	2078	1498	n
4566092	2077	1497	n
4566343	2075	1499	n
4566596	2078	1499	n
4566851	2078	1500	n
4577241	2077	1498	n
4577496	2079	1499	n
4577752	2075	1501	n
4578003	2077	1499	n
4578254	2079	1499	n
4578509	2075	1499	n
4578765	2078	1499	n
4589126	2077	1501	n
4589377	2078	1499	n
4589634	2078	1499	n
4589885	2078	1499	n
4590136	2078	1499	n
4590387	2077	1501	n
4600787	2077	1499	n
4601038	2078	1499	n
4601289	2077	1498	n
4601543	2075	1498	n
4601799	2075	1498	n
4602050	2077	1498	n
4602301	2076	1497	n
4612676	2078	1499	n
4612927	2076	1499	n
4613178	2077	1498	n
4613429	2075	1501	n
4613684	2077	1499	n
4613935	2075	1497	n
4624333	2079	1499	n
4624589	2077	1501	n
4624844	2075	1499	n
4625095	2077	1500	n
4625346	2077	1499	n
4625599	2077	1498	n
4625854	2077	1499	n
4636218	2078	1498	n
4636469	2078	1499	n
4636725	2075	1499	n
4636976	2075	1499	n
4637227	2075	1498	n
4637478	2075	1499	n
4647879	2077	1499	n
4648130	2076	1499	n
4648381	2077	1499	n
4648638	2075	1499	n
4648889	2075	1499	n
4649140	2077	1499	n
4649391	2077	1501	n
4659769	2078	1500	n
4660020	2074	1498	n
4660271	2076	1499	n
4660527	2076	1499	n
4660782	2078	1499	n
4661033	2077	1499	n
4671426	2078	1501	n
4671682	2077	1497	n
4671932	2077	1500	n
4672183	2077	1501	n
4672434	2078	1498	n
4672690	2076	1499	n
4672941	2077	1499	n
4683311	2077	1501	n
4683564	2077	1499	n
4683819	2078	1499	n
4684070	2075	1498	n
4684321	2076	1500	n
4684576	2075	1499	n
4694972	2077	1499	n
4695223	2077	1499	n
4695474	2075	1502	n
4695730	2077	1499	n
4695981	2078	1498	n
4696232	2077	1499	n
4696483	2077	1499	n
4706857	2079	1501	n
4707108	2077	1499	n
4707359	2077	1501	n
4707612	2076	1500	n
4707867	2077	1499	n
4708118	2077	1499	n
4718524	2078	1501	n
4718779	2079	1501	n
4719030	2078	1499	n
4719281	2076	1499	n
4719537	2077	1499	n
4719792	2078	1499	n
4720043	2077	1499	n
4730403	2075	1498	n
4730663	2075	1498	n
4730914	2076	1499	n
4731165	2077	1500	n
4731416	2077	1499	n
4731672	2075	1499	n
4742064	2075	1500	n
4742315	2078	1501	n
4742571	2077	1501	n
4742826	2077	1497	n
4743077	2078	1499	n
4743328	2077	1498	n
4743581	2077	1499	n
4753950	2078	1498	n
4754201	2078	1499	n
4754452	2075	1499	n
4754708	2077	1500	n
4754959	2077	1498	n
4755210	2077	1498	n
4765611	2079	1499	n
4765866	2079	1499	n
4766117	2079	1501	n
4766368	2078	1499	n
4766626	2079	1500	n
4766877	2078	1499	n
4767127	2075	1499	n
4777499	2077	1499	n
4777755	2077	1499	n
4778006	2075	1499	n
4778257	2077	1498	n
4778510	2078	1499	n
4778765	2075	1499	n
4789157	2077	1499	n
4789408	2078	1499	n
4789664	2077	1499	n
4789915	2078	1500	n
4790166	2078	1498	n
4790417	2078	1499	n
4790673	2078	1499	n
4801042	2075	1499	n
4801293	2078	1500	n
4801547	2077	1499	n
4801802	2079	1499	n
4802053	2077	1499	n
4802304	2078	1502	n
4812707	2076	1499	n
4812958	2077	1499	n
4813209	2078	1499	n
4813460	2077	1497	n
4813715	2077	1501	n
4813966	2075	1500	n
4814217	2075	1500	n
4824592	2077	1499	n
4824847	2078	1499	n
4825098	2078	1500	n
4825349	2077	1498	n
4825606	2077	1499	n
4825861	2077	1499	n
4836249	2078	1499	n
4836503	2078	1499	n
4836759	2077	1499	n
4837010	2078	1500	n
4837261	2079	1500	n
4837518	2078	1499	n
4837773	2079	1501	n
4848135	2078	1499	n
4848386	2078	1499	n
4848644	2076	1498	n
4848895	2077	1498	n
4849146	2078	1499	n
4849397	2078	1499	n
4859796	2074	1499	n
4860047	2075	1499	n
4860298	2077	1499	n
4860554	2075	1499	n
4860809	2077	1499	n
4861060	2078	1501	n
4861311	2075	1500	n
4871686	2078	1500	n
4871937	2076	1498	n
4872188	2077	1501	n
4872439	2075	1497	n
4872696	2077	1498	n
4872947	2077	1499	n
4883342	2079	1501	n
4883595	2078	1501	n
4883850	2078	1499	n
4884101	2078	1498	n
4884352	2076	1501	n
4884606	2077	1500	n
4884861	2078	1499	n
4895227	2078	1501	n
4895478	2077	1500	n
4895734	2079	1500	n
4895985	2077	1499	n
4896236	2078	1500	n
4896493	2079	1501	n
4906888	2077	1499	n
4907139	2078	1498	n
4907390	2078	1501	n
4907649	2075	1500	n
4907900	2078	1502	n
4908151	2079	1501	n
4908402	2077	1499	n
4918777	2078	1499	n
4919028	2077	1499	n
4919279	2076	1499	n
4919535	2076	1499	n
4919790	2073	1499	n
4920041	2077	1500	n
4930434	2078	1501	n
4930690	2078	1499	n
4930941	2078	1499	n
4931192	2079	1500	n
4931443	2077	1500	n
4931703	2078	1499	n
4931954	2078	1499	n
4942320	2078	1501	n
4942575	2078	1499	n
4942830	2078	1499	n
4943081	2077	1499	n
4943332	2077	1499	n
4943589	2078	1499	n
4953981	2077	1500	n
4954232	2077	1501	n
4954484	2077	1497	n
4954739	2077	1498	n
4954990	2078	1499	n
4955241	2077	1501	n
4955496	2078	1498	n
4965866	2077	1499	n
4966117	2079	1500	n
4966368	2077	1498	n
4966626	2077	1500	n
4966877	2076	1499	n
4967128	2076	1500	n
4977529	2078	1501	n
4977784	2079	1498	n
4978035	2078	1501	n
4978286	2077	1499	n
4978541	2078	1499	n
4978796	2078	1500	n
4979078	2078	1502	n
4989503	2077	1500	n
4989984	2077	1498	n
4990235	2076	1499	n
4990520	2077	1498	n
4990776	2075	1498	n
4991027	2075	1501	n
5001401	2078	1498	n
5001893	2078	1499	n
5002167	2077	1500	n
5002418	2076	1499	n
5002673	2077	1499	n
5002933	2077	1499	Time:00:00:00:00;;
5013580	2079	1501	n
5014061	2079	1501	n
5014321	2077	1501	n
5014596	2076	1501	n
5014851	2077	1501	n
5015102	2078	1499	n
5015362	2076	1500	n
5025784	2078	1499	n
5026260	2077	1501	n
5026517	2076	1501	n
5026782	2077	1499	n
5027055	2077	1499	n
5027306	2077	1499	n
5027560	2079	1498	n
5037971	2078	1500	n
5038479	2077	1499	n
5038739	2075	1500	n
5038990	2077	1500	n
5039241	2079	1500	n
5039526	2079	1499	n
5049891	2074	1499	n
5050370	2080	1499	n
5050631	2079	1501	n
5050913	2077	1500	n
5051164	2078	1500	n
5051415	2076	1498	n
5051670	2077	1499	n
5062086	2078	1502	Time:00:00:00:00;;
5062794	2079	1500	n
5063045	2078	1501	n
5063304	2078	1499	n
5063580	2079	1499	n
5063835	2079	1502	n
5074248	2078	1499	n
5074740	2077	1500	n
5075014	2078	1499	n
5075265	2076	1499	n
5075521	2077	1499	n
5075785	2078	1500	n
5076058	2079	1500	n
5086443	2075	1501	n
5086928	2076	1501	n
5087188	2077	1499	n
5087461	2077	1499	n
5087717	2077	1499	n
5087968	2076	1499	n
5098363	2079	1501	n
5098878	2077	1501	n
5099129	2077	1499	n
5099380	2077	1499	n
5099646	2076	1499	n
5099919	2076	1499	n
5100170	2078	1501	n
5110560	2079	1499	n
5111047	2077	1499	n
5111328	2078	1501	n
5111581	2079	1502	n
5111837	2078	1502	n
5112088	2076	1499	n
5112369	2077	1500	n
5122760	2078	1499	n
5123237	2074	1499	n
5123492	2077	1498	n
5123779	2077	1497	n
5124030	2075	1499	n
5124281	2075	1499	n
5134678	2075	1499	n
5135163	2077	1499	n
5135437	2078	1499	n
5135696	2077	1501	n
5135947	2078	1500	n
5136206	2077	1499	n
5136480	2078	1498	n
5146870	2079	1499	n
5147348	2077	1501	n
5147612	2077	1499	n
5147889	2078	1499	n
5148140	2078	1499	n
5148391	2077	1499	n
5148658	2076	1499	n
5159075	2077	1499	n
5159560	2077	1499	n
5159815	2077	1498	n
5160075	2077	1499	n
5160348	2077	1499	n
5160603	2077	1499	n
5170969	2077	1498	n
5171448	2075	1501	n
5171740	2075	1499	n
5171991	2077	1499	n
5172242	2077	1498	n
5172500	2077	1500	n
5172786	2077	1499	n
5183181	2076	1499	n
5183664	2077	1499	n
5183915	2076	1500	n
5184199	2077	1500	n
5184450	2075	1499	n
5184706	2075	1498	n
5184957	2077	1501	n
5195377	2077	1499	n
5195873	2076	1498	n
5196124	2076	1500	n
5196375	2078	1500	n
5196664	2078	1501	n
5196915	2077	1499	n
5207332	2078	1500	n
5207818	2077	1500	n
5208101	2077	1501	n
5208352	2075	1501	n
5208606	2077	1502	n
5208861	2078	1501	n
5209143	2077	1501	n
5219547	2075	1499	Time:00:00:00:00;;
5220084	2077	1499	n
5220335	2077	1499	n
5220589	2077	1497	n
5220844	2075	1498	n
5221095	2077	1499	n
5231482	2077	1499	n
5231739	2075	1498	n
5231990	2077	1498	n
5232241	2076	1498	n
5232496	2077	1501	n
5232752	2075	1500	n
5243143	2078	1498	n
5243394	2078	1501	n
5243654	2077	1500	n
5243905	2078	1499	n
5244155	2078	1501	n
5244406	2078	1500	n
5244662	2077	1499	n
5255028	2077	1498	n
5255279	2075	1501	n
5255534	2075	1501	n
5255790	2075	1499	n
5256041	2077	1499	n
5256292	2075	1499	n
5266689	2077	1499	n
5266940	2077	1498	n
5267191	2077	1499	n
5267442	2076	1499	n
5267698	2077	1499	n
5267949	2078	1500	n
5268200	2078	1499	n
5278578	2076	1498	n
5278833	2077	1498	n
5279084	2077	1498	n
5279335	2077	1498	n
5279589	2075	1499	n
5279844	2075	1499	n
5290235	2079	1499	n
5290487	2078	1499	n
5290742	2079	1499	n
5290993	2079	1499	n
5291244	2077	1501	n
5291499	2078	1501	n
5291755	2078	1501	n
5302121	2077	1499	n
5302372	2077	1499	n
5302631	2078	1498	n
5302882	2077	1499	n
5303133	2077	1499	n
5303384	2075	1499	n
5313782	2077	1499	n
5314033	2078	1500	n
5314284	2077	1501	n
5314541	2078	1500	n
5314796	2078	1499	n
5315047	2077	1499	n
5315298	2077	1499	n
5325671	2079	1499	n
5325922	2077	1501	n
5326173	2078	1499	n
5326424	2078	1502	n
5326680	2078	1500	n
5326931	2078	1501	n
5337328	2079	1501	n
5337581	2079	1499	n
5337836	2079	1502	n
5338087	2077	1499	n
5338338	2078	1500	n
5338592	2077	1501	n
5338847	2080	1500	n
5349213	2077	1500	n
5349463	2082	1501	n
5349719	2079	1499	n
5349970	2077	1501	n
5350221	2077	1501	n
5350472	2079	1499	n
5360874	2077	1501	n
5361125	2079	1500	n
5361376	2078	1499	n
5361633	2077	1499	n
5361884	2075	1500	n
5362135	2078	1499	n
5362386	2077	1498	n
5372759	2077	1499	n
5373009	2077	1500	n
5373260	2077	1501	n
5373517	2077	1500	n
5373773	2077	1501	n
5374024	2078	1502	n
5384420	2079	1502	n
5384675	2079	1501	n
5384926	2079	1499	n
5385177	2079	1499	n
5385428	2078	1502	n
5385684	2077	1501	n
5385935	2078	1499	n
5396306	2077	1499	n
5396560	2078	1500	n
5396815	2077	1498	n
5397066	2078	1499	n
5397317	2077	1497	n
5397572	2078	1500	n
5407967	2077	1498	n
5408218	2076	1501	n
5408469	2078	1499	n
5408724	2078	1501	n
5408975	2077	1499	n
5409226	2077	1499	n
5409477	2075	1499	n
5419852	2079	1501	n
5420103	2078	1499	n
5420353	2078	1499	n
5420610	2078	1501	n
5420865	2079	1499	n
5421116	2078	1499	n
5431517	2079	1501	n
5431773	2078	1499	n
5432024	2076	1499	n
5432275	2074	1498	n
5432528	2078	1499	n
5432783	2077	1498	n
5433034	2076	1499	n
5443398	2077	1499	n
5443657	2077	1500	n
5443908	2076	1500	n
5444159	2078	1498	n
5444410	2077	1499	n
5444665	2075	1501	n
5455059	2079	1501	n
5455310	2077	1501	n
5455563	2077	1498	n
5455818	2078	1501	n
5456069	2077	1499	n
5456320	2076	1499	n
5456575	2078	1501	n
5466944	2077	1501	n
5467195	2078	1501	n
5467445	2074	1499	n
5467703	2077	1501	n
5467954	2075	1500	n
5468205	2077	1499	n
5478605	2075	1500	n
5478860	2078	1499	n
5479111	2078	1499	n
5479362	2078	1501	n
5479615	2077	1501	n
5479870	2077	1498	n
5480121	2079	1500	n
5490496	2077	1501	n
5490751	2075	1499	n
5491002	2075	1500	n
5491253	2077	1499	n
5491510	2077	1499	n
5491765	2077	1500	n
5502152	2078	1501	n
5502403	2079	1500	n
5502663	2078	1501	n
5502914	2079	1502	n
5503164	2078	1500	n
5503415	2078	1499	n
5503671	2078	1498	n
5514037	2076	1499	n
5514288	2078	1501	n
5514544	2079	1499	n
5514799	2078	1500	n
5515050	2077	1499	n
5515301	2078	1499	n
5525698	2077	1498	n
5525949	2078	1502	n
5526200	2077	1501	n
5526451	2076	1499	n
5526707	2076	1499	n
5526958	2075	1499	n
5527209	2075	1501	n
5537586	2078	1500	n
5537841	2079	1499	n
5538092	2079	1500	n
5538343	2080	1502	n
5538596	2078	1499	n
5538851	2077	1499	n
5549244	2079	1501	n
5549499	2079	1499	n
5549755	2079	1500	n
5550006	2081	1501	n
5550257	2078	1502	n
5550510	2077	1501	n
5550765	2077	1500	n
5561129	2079	1502	n
5561380	2078	1501	n
5561637	2078	1501	n
5561888	2079	1501	n
5562139	2077	1501	n
5562390	2078	1499	n
5572790	2077	1502	n
5573041	2077	1499	n
5573292	2079	1501	n
5573545	2077	1499	n
5573800	2077	1499	n
5574051	2077	1502	n
5574302	2078	1499	n
5584679	2078	1499	n
5584931	2077	1499	n
5585181	2078	1499	n
5585432	2077	1498	n
5585688	2078	1500	n
5585939	2077	1500	n
5596337	2078	1502	n
5596592	2078	1501	n
5596847	2078	1500	n
5597098	2079	1500	n
5597349	2078	1502	n
5597604	2079	1499	n
5597859	2078	1503	n
5608222	2077	1499	n
5608473	2078	1499	n
5608728	2078	1501	n
5608979	2079	1501	n
5609230	2077	1502	n
5609481	2077	1498	n
5619883	2078	1501	n
5620134	2079	1499	n
5620385	2078	1501	n
5620644	2078	1499	n
5620895	2078	1499	n
5621146	2075	1499	n
5621397	2079	1500	n
5631768	2079	1500	n
5632019	2078	1499	n
5632270	2077	1499	n
5632527	2078	1499	n
5632782	2079	1502	n
5633033	2077	1500	n
5643429	2079	1502	n
5643684	2079	1501	n
5643935	2078	1499	n
5644186	2078	1499	n
5644437	2080	1498	n
5644697	2078	1501	n
5644948	2079	1502	n
5655314	2076	1499	n
5655568	2078	1499	n
5655823	2077	1501	n
5656074	2075	1499	n
5656325	2075	1498	n
5656578	2075	1500	n
5666975	2078	1499	n
5667226	2077	1499	n
5667477	2078	1500	n
5667733	2075	1501	n
5667984	2078	1500	n
5668235	2077	1500	n
5668487	2078	1501	n
5678861	2077	1500	n
5679112	2079	1502	n
5679363	2079	1501	n
5679616	2078	1500	n
5679871	2079	1498	n
5680122	2078	1500	n
5690527	2078	1501	n
5690782	2076	1500	n
5691033	2075	1499	n
5691284	2078	1500	n
5691538	2075	1499	n
5691793	2078	1501	n
5692044	2077	1499	n
5702407	2077	1499	n
5702663	2079	1499	n
5702914	2078	1499	n
5703165	2077	1500	n
5703416	2077	1497	n
5703671	2075	1501	n
5714068	2077	1499	n
5714319	2079	1501	n
5714576	2078	1501	n
5714831	2077	1499	n
5715082	2078	1499	n
5715333	2077	1501	n
5715589	2076	1501	n
5725953	2078	1501	n
5726204	2078	1499	n
5726455	2077	1499	n
5726710	2077	1500	n
5726961	2077	1499	n
5727212	2079	1500	n
5737614	2075	1499	n
5737869	2080	1501	n
5738120	2078	1498	n
5738371	2077	1500	n
5738631	2077	1501	n
5738882	2079	1501	n
5739133	2077	1501	n
5749504	2079	1499	n
5749760	2076	1501	n
5750010	2077	1499	n
5750261	2075	1499	n
5750518	2077	1499	n
5750773	2075	1499	n
5761160	2078	1499	n
5761411	2077	1499	n
5761667	2078	1500	n
5761917	2075	1500	n
5762169	2077	1502	n
5762420	2078	1499	n
5762675	2079	1501	n
5773046	2077	1501	n
5773297	2077	1499	n
5773551	2077	1500	n
5773806	2079	1498	n
5774057	2078	1501	n
5774308	2079	1499	n
5784707	2078	1500	n
5784958	2077	1500	n
5785209	2078	1499	n
5785460	2077	1500	n
5785715	2076	1500	n
5785966	2078	1499	n
5786217	2077	1499	n
5796595	2077	1500	n
5796850	2075	1499	n
5797101	2079	1501	n
5797352	2078	1500	n
5797606	2075	1499	n
5797861	2076	1499	n
5808253	2078	1500	n
5808510	2079	1502	n
5808765	2078	1502	n
5809016	2079	1501	n
5809267	2077	1499	n
5809524	2079	1499	n
5809779	2077	1502	n
5820138	2078	1499	n
5820388	2078	1499	n
5820649	2078	1501	n
5820900	2078	1499	n
5821151	2078	1501	n
5821402	2078	1499	n
5831799	2078	1499	n
5832050	2079	1501	n
5832301	2079	1499	n
5832558	2077	1499	n
5832813	2077	1501	n
5833064	2078	1501	n
5833315	2080	1503	n
5843688	2077	1499	n
5843939	2078	1499	n
5844190	2079	1500	n
5844441	2077	1501	n
5844698	2078	1499	n
5844949	2077	1500	n
5855345	2078	1499	n
5855598	2080	1501	n
5855853	2079	1501	n
5856104	2078	1501	n
5856355	2077	1499	n
5856610	2078	1499	n
5856865	2077	1499	n
5867231	2078	1499	n
5867482	2077	1499	n
5867739	2078	1500	n
5867990	2077	1499	n
5868241	2079	1500	n
5868496	2080	1499	n
5878892	2079	1501	n
5879143	2079	1499	n
5879394	2079	1499	n
5879653	2080	1499	n
5879904	2078	1501	n
5880155	2077	1501	n
5880406	2079	1500	n
5890777	2079	1499	n
5891028	2078	1499	n
5891279	2077	1501	n
5891534	2079	1499	n
5891790	2078	1499	n
5892040	2078	1502	n
5902438	2079	1501	n
5902696	2079	1501	n
5902947	2079	1503	n
5903198	2080	1501	n
5903449	2077	1500	n
5903705	2078	1501	n
5903956	2080	1502	n
5914323	2078	1499	n
5914578	2079	1501	n
5914833	2078	1499	n
5915084	2080	1502	n
5915335	2078	1500	n
5915590	2079	1499	n
5925984	2078	1501	n
5926235	2079	1501	n
5926487	2079	1501	n
5926743	2078	1499	n
5926994	2079	1501	n
5927245	2078	1501	n
5927499	2079	1499	n
5937869	2076	1499	n
5938119	2079	1499	n
5938370	2079	1500	n
5938631	2080	1503	n
5938882	2077	1501	n
5939133	2075	1501	n
5949533	2078	1501	n
5949789	2079	1501	n
5950040	2080	1499	n
5950291	2079	1501	n
5950544	2080	1502	n
5950799	2079	1501	n
5951050	2077	1501	n
5961416	2078	1498	n
5961671	2078	1501	n
5961922	2077	1501	n
5962173	2077	1499	n
5962424	2077	1500	n
5962679	2078	1500	n
5973077	2077	1499	n
5973328	2077	1498	n
5973581	2078	1500	n
5973836	2078	1498	n
5974087	2075	1499	n
5974338	2078	1499	n
5974595	2078	1499	n
5984962	2077	1501	n
5985378	2077	1500	n
5985635	2078	1501	n
5985886	2077	1501	n
5986146	2077	1499	n
5986420	2077	1500	n
5986675	2077	1499	n
5997071	2077	1502	n
5997552	2076	1499	n
5997838	2077	1500	n
5998089	2077	1501	n
5998340	2076	1501	n
5998603	2077	1499	n
6008991	2078	1501	Time:00:00:00:00;;
6009698	2077	1501	n
6009949	2077	1499	n
6010208	2076	1500	n
6010482	2077	1498	n
6010739	2075	1498	n
6021100	2078	1498	n
6021588	2077	1501	n
6021866	2079	1501	n
6022117	2078	1501	n
6022368	2077	1501	n
6022635	2077	1499	n
6022908	2076	1501	n
6033296	2078	1501	n
6033778	2078	1500	n
6034038	2078	1501	n
6034312	2078	1499	n
6034569	2077	1500	n
6034824	2077	1499	n
6045251	2078	1499	n
6045767	2075	1499	n
6046018	2077	1499	n
6046269	2077	1500	n
6046530	2078	1499	n
6046807	2077	1498	n
6047058	2078	1499	n
6057463	2077	1499	n
6057955	2077	1500	n
6058228	2076	1501	n
6058479	2078	1500	n
6058739	2075	1500	n
6058999	2076	1499	Time:00:00:00:00;;
6069635	2077	1501	n
6070111	2075	1499	n
6070362	2077	1500	n
6070653	2076	1501	n
6070904	2076	1499	n
6071155	2075	1500	n
6071406	2077	1499	n
6081855	2076	1501	n
6082340	2077	1499	n
6082595	2079	1501	n
6082850	2078	1500	n
6083132	2078	1500	n
6083383	2078	1501	n
6093740	2078	1499	n
6094215	2076	1498	n
6094475	2077	1500	n
6094753	2075	1501	n
6095004	2075	1499	n
6095255	2079	1499	n
6095520	2074	1499	n
6105953	2079	1499	n
6106438	2077	1498	n
6106696	2077	1501	n
6106955	2077	1501	n
6107229	2078	1499	n
6107480	2076	1498	n
6107739	2075	1500	n
6118166	2076	1498	n
6118684	2079	1499	n
6118935	2078	1501	n
6119186	2077	1501	n
6119445	2076	1500	n
6119725	2079	1501	n
6130121	2077	1501	n
6130603	2079	1499	n
6130867	2078	1501	n
6131141	2078	1499	n
6131392	2078	1499	n
6131649	2075	1501	n
6131909	2076	1499	n
6142342	2077	1501	n
6142823	2078	1499	n
6143074	2077	1498	n
6143334	2077	1498	n
6143613	2074	1499	n
6143868	2076	1499	n
6144119	2075	1498	n
6154534	2078	1501	n
6155051	2077	1503	n
6155302	2075	1499	n
6155557	2075	1499	n
6155821	2078	1499	n
6156095	2077	1501	n
6156345	2075	1499	n
6166729	2077	1499	n
6167208	2077	1499	n
6167492	2078	1502	n
6167748	2078	1501	n
6167999	2079	1499	n
6168250	2078	1501	n
6178648	2077	1500	n
6179137	2076	1501	n
6179388	2078	1498	n
6179650	2076	1501	n
6179909	2077	1499	n
6180184	2076	1501	n
6180435	2076	1498	n
6190840	2075	1501	n
6191333	2074	1499	n
6191610	2077	1498	n
6191865	2078	1499	n
6192116	2077	1501	n
6192375	2076	1499	n
6192658	2074	1499	n
6203036	2077	1499	n
6203517	2078	1499	n
6203781	2077	1499	n
6204055	2077	1498	n
6204306	2078	1499	n
6204561	2077	1499	n
6214956	2077	1501	Time:00:00:00:00;;
6215607	2078	1499	n
6215862	2079	1499	n
6216113	2077	1499	n
6216364	2077	1499	n
6216621	2075	1501	n
6227031	2077	1499	n
6227282	2076	1498	n
6227537	2077	1499	n
6227792	2079	1499	n
6228043	2076	1499	n
6228294	2078	1499	n
6228547	2077	1499	n
6238916	2075	1499	n
6239167	2079	1499	n
6239418	2077	1499	n
6239673	2078	1499	n
6239924	2077	1499	n
6240175	2077	1501	n
6250577	2078	1500	n
6250832	2078	1501	n
6251083	2078	1501	n
6251334	2078	1501	n
6251589	2079	1501	n
6251844	2078	1501	n
6252095	2077	1499	n
6262462	2078	1501	n
6262718	2078	1502	n
6262969	2079	1500	n
6263220	2077	1500	n
6263471	2079	1497	n
6263726	2077	1501	n
6274123	2077	1499	n
6274374	2077	1499	n
6274634	2078	1501	n
6274885	2077	1501	n
6275135	2078	1499	n
6275386	2077	1499	n
6275644	2076	1501	n
6286008	2078	1501	n
6286259	2077	1499	n
6286512	2076	1499	n
6286768	2077	1499	n
6287019	2077	1499	n
6287270	2077	1500	n
6297673	2077	1501	n
6297924	2078	1499	n
6298175	2078	1500	n
6298426	2078	1501	n
6298682	2078	1499	n
6298933	2079	1501	n
6299184	2077	1501	n
6309561	2075	1499	n
6309816	2078	1500	n
6310067	2077	1499	n
6310318	2077	1499	n
6310572	2076	1500	n
6310827	2077	1500	n
6321216	2077	1500	n
6321467	2078	1499	n
6321722	2075	1499	n
6321973	2077	1498	n
6322224	2076	1499	n
6322475	2075	1500	n
6322731	2078	1499	n
6333101	2077	1499	n
6333352	2075	1498	n
6333606	2077	1501	n
6333861	2075	1498	n
6334112	2075	1501	n
6334363	2075	1499	n
6344762	2079	1501	n
6345013	2077	1500	n
6345264	2076	1501	n
6345520	2077	1499	n
6345775	2078	1499	n
6346026	2075	1499	n
6346277	2076	1499	n
6356652	2077	1499	n
6356903	2075	1499	n
6357154	2077	1499	n
6357405	2077	1498	n
6357662	2078	1499	n
6357913	2078	1501	n
6368308	2077	1498	n
6368561	2079	1498	n
6368816	2076	1501	n
6369067	2075	1500	n
6369318	2076	1499	n
6369575	2076	1500	n
6369831	2075	1501	n
6380193	2077	1499	n
6380444	2075	1501	n
6380704	2076	1499	n
6380955	2078	1499	n
6381206	2078	1498	n
6381457	2077	1498	n
6391854	2077	1500	n
6392105	2078	1501	n
6392356	2078	1499	n
6392613	2078	1499	n
6392868	2078	1501	n
6393119	2078	1501	n
6393370	2077	1501	n
6403744	2071	1497	n
6403995	2079	1497	n
6404246	2075	1499	n
6404504	2078	1499	n
6404759	2077	1499	n
6405010	2076	1497	n
6415401	2075	1499	n
6415659	2077	1501	n
6415910	2077	1498	n
6416161	2077	1501	n
6416412	2075	1495	n
6416667	2078	1499	n
6416918	2077	1501	n
6427286	2078	1499	n
6427540	2077	1501	n
6427796	2078	1499	n
6428047	2077	1500	n
6428298	2078	1498	n
6428554	2077	1501	n
6438947	2075	1501	n
6439198	2078	1499	n
6439449	2075	1501	n
6439705	2077	1499	n
6439956	2077	1498	n
6440207	2078	1500	n
6440458	2075	1499	n
6450832	2078	1499	n
6451083	2076	1499	n
6451334	2077	1499	n
6451588	2075	1499	n
6451843	2076	1499	n
6452094	2077	1499	n
6462497	2077	1499	n
6462752	2077	1501	n
6463003	2078	1499	n
6463254	2076	1501	n
6463510	2076	1499	n
6463765	2077	1499	n
6464016	2078	1499	n
6474378	2076	1499	n
6474635	2077	1499	n
6474886	2077	1501	n
6475137	2079	1499	n
6475388	2075	1499	n
6475645	2077	1498	n
6486039	2078	1499	n
6486290	2078	1499	n
6486543	2078	1501	n
6486798	2079	1502	n
6487049	2079	1499	n
6487300	2078	1499	n
6487555	2078	1499	n
6497925	2075	1497	n
6498176	2075	1498	n
6498427	2077	1500	n
6498682	2078	1498	n
6498933	2077	1498	n
6499184	2078	1499	n
6509586	2077	1500	n
6509841	2075	1500	n
6510092	2077	1501	n
6510343	2076	1499	n
6510596	2075	1500	n
6510851	2075	1500	n
6511102	2075	1499	n
6521471	2079	1502	n
6521726	2078	1501	n
6521977	2077	1499	n
6522228	2078	1500	n
6522479	2076	1500	n
6522740	2077	1500	n
6533132	2077	1499	n
6533383	2077	1500	n
6533639	2077	1501	n
6533890	2077	1500	n
6534141	2077	1500	n
6534392	2078	1501	n
6534650	2078	1501	n
6545017	2077	1499	n
6545268	2077	1499	n
6545523	2076	1498	n
6545779	2075	1499	n
6546030	2077	1499	n
6546281	2077	1501	n
6556682	2077	1501	n
6556933	2077	1498	n
6557184	2075	1499	n
6557435	2075	1498	n
6557691	2078	1500	n
6557942	2077	1499	n
6558193	2076	1502	n
6568569	2075	1499	n
6568824	2078	1499	n
6569075	2077	1500	n
6569326	2077	1499	n
6569579	2076	1499	n
6569834	2077	1501	n
6580224	2077	1499	n
6580475	2077	1500	n
6580731	2077	1500	n
6580982	2075	1501	n
6581233	2075	1499	n
6581484	2075	1498	n
6581741	2077	1498	n
6592110	2077	1499	n
6592361	2078	1499	n
6592614	2078	1499	n
6592869	2077	1499	n
6593120	2077	1499	n
6593371	2075	1499	n
6603771	2079	1499	n
6604022	2077	1499	n
6604273	2077	1499	n
6604526	2075	1500	n
6604780	2075	1501	n
6605031	2077	1499	n
6605282	2077	1499	n
6615660	2077	1501	n
6615911	2077	1499	n
6616162	2075	1499	n
6616413	2077	1498	n
6616669	2078	1499	n
6616920	2077	1499	n
6627317	2075	1500	n
6627571	2075	1498	n
6627826	2076	1498	n
6628077	2078	1500	n
6628328	2077	1499	n
6628581	2076	1499	n
6628836	2077	1499	n
6639202	2078	1499	n
6639453	2074	1499	n
6639708	2074	1499	n
6639959	2075	1499	n
6640210	2075	1500	n
6640461	2077	1499	n
6650863	2077	1499	n
6651114	2079	1501	n
6651365	2075	1498	n
6651620	2079	1502	n
6651875	2075	1499	n
6652126	2077	1500	n
6652378	2077	1499	n
6662753	2078	1501	n
6663003	2079	1499	n
6663254	2078	1499	n
6663509	2078	1499	n
6663765	2078	1499	n
6664016	2076	1499	n
6674409	2078	1497	n
6674665	2079	1498	n
6674916	2078	1497	n
6675167	2077	1499	n
6675418	2077	1500	n
6675673	2077	1499	n
6675924	2077	1498	n
6686295	2077	1501	n
6686552	2079	1499	n
6686807	2080	1501	n
6687058	2078	1499	n
6687309	2076	1498	n
6687562	2077	1499	n
6697956	2078	1501	n
6698207	2077	1499	n
6698458	2078	1499	n
6698713	2077	1499	n
6698964	2079	1500	n
6699215	2077	1499	n
6699466	2080	1500	n
6709841	2079	1502	n
6710092	2079	1499	n
6710343	2078	1499	n
6710596	2079	1499	n
6710851	2077	1500	n
6711102	2077	1501	n
6721506	2077	1500	n
6721761	2079	1497	n
6722012	2078	1498	n
6722263	2078	1499	n
6722520	2075	1501	n
6722776	2076	1501	n
6723027	2077	1499	n
6733387	2076	1498	n
6733644	2079	1500	n
6733895	2077	1499	n
6734146	2078	1497	n
6734397	2075	1498	n
6734658	2075	1499	n
6745048	2078	1499	n
6745299	2079	1500	n
6745554	2077	1499	n
6745809	2078	1499	n
6746060	2078	1501	n
6746311	2077	1501	n
6746564	2077	1499	n
6756933	2077	1501	n
6757184	2077	1499	n
6757435	2078	1497	n
6757691	2075	1497	n
6757942	2079	1501	n
6758193	2077	1499	n
6768594	2078	1501	n
6768849	2077	1499	n
6769100	2078	1498	n
6769351	2079	1499	n
6769606	2075	1499	n
6769861	2078	1500	n
6770112	2078	1501	n
6780480	2078	1499	n
6780739	2079	1499	n
6780990	2077	1500	n
6781241	2078	1499	n
6781496	2079	1501	n
6781752	2079	1501	n
6792141	2079	1500	n
6792392	2078	1500	n
6792650	2079	1500	n
6792901	2078	1500	n
6793152	2079	1501	n
6793403	2079	1499	n
6793663	2078	1501	n
6804026	2078	1501	n
6804277	2078	1499	n
6804530	2076	1498	n
6804785	2075	1500	n
6805036	2077	1499	n
6805287	2077	1501	n
6815691	2076	1499	n
6815942	2078	1499	n
6816193	2075	1498	n
6816444	2075	1499	n
6816703	2077	1498	n
6816954	2076	1499	n
6817205	2078	1499	n
6827575	2078	1499	n
6827831	2079	1501	n
6828082	2077	1499	n
6828333	2079	1500	n
6828589	2077	1501	n
6828844	2078	1499	n
6839233	2077	1499	n
6839485	2077	1500	n
6839741	2075	1500	n
6839992	2075	1498	n
6840243	2079	1499	n
6840500	2077	1501	n
6840755	2079	1501	n
6851118	2076	1499	n
6851369	2074	1499	n
6851627	2075	1500	n
6851878	2078	1499	n
6852129	2075	1498	n
6852380	2077	1499	n
6862779	2078	1499	n
6863030	2077	1499	n
6863281	2077	1499	n
6863537	2077	1501	n
6863792	2079	1498	n
6864043	2077	1499	n
6864294	2074	1500	n
6874670	2079	1502	n
6874920	2077	1501	n
6875171	2078	1499	n
6875422	2079	1501	n
6875678	2078	1501	n
6875929	2079	1502	n
6886326	2078	1501	n
6886579	2079	1499	n
6886835	2079	1501	n
6887086	2078	1499	n
6887337	2078	1499	n
6887592	2078	1500	n
6887847	2079	1499	n
6898211	2077	1499	n
6898462	2080	1500	n
6898717	2075	1499	n
6898968	2077	1499	n
6899219	2078	1499	n
6899470	2077	1498	n
6909872	2079	1499	n
6910123	2077	1499	n
6910374	2078	1500	n
6910634	2077	1499	n
6910885	2077	1498	n
6911136	2078	1499	n
6911387	2077	1498	n
6921761	2078	1500	n
6922012	2077	1501	n
6922263	2079	1499	n
6922520	2077	1498	n
6922776	2077	1499	n
6923027	2079	1501	n
6933418	2079	1501	n
6933673	2077	1499	n
6933924	2078	1495	n
6934175	2077	1500	n
6934426	2076	1500	n
6934682	2075	1499	n
6934933	2077	1498	n
6945303	2077	1499	n
6945557	2077	1501	n
6945813	2077	1499	n
6946064	2076	1499	n
6946315	2079	1500	n
6946571	2077	1501	n
6956964	2076	1502	n
6957215	2076	1501	n
6957466	2079	1499	n
6957721	2079	1501	n
6957972	2077	1501	n
6958223	2078	1500	n
6958474	2079	1499	n
6968850	2077	1500	n
6969101	2077	1499	n
6969352	2077	1502	n
6969606	2078	1501	n
6969861	2077	1499	n
6970112	2077	1500	n
6980513	2075	1500	n
6980813	2078	1501	n
6981073	2077	1499	n
6981346	2078	1499	n
6981599	2077	1498	n
6981854	2077	1499	n
6982114	2075	1502	n
6992571	2074	1500	n
6993052	2077	1501	n
6993303	2077	1498	n
6993569	2079	1499	n
6993847	2075	1500	n
6994098	2078	1499	n
7004454	2078	1502	Time:00:00:00:00;;
7005158	2077	1500	n
7005431	2078	1499	n
7005688	2077	1499	n
7005947	2078	1499	n
7006220	2078	1499	n
7016653	2077	1500	n
7017130	2078	1499	n
7017389	2078	1499	n
7017671	2078	1501	n
7017922	2077	1501	n
7018173	2077	1498	n
7018433	2078	1499	n
7028854	2077	1498	n
7029330	2077	1499	n
7029586	2077	1499	n
7029841	2077	1499	n
7030123	2075	1501	n
7030374	2076	1501	n
7030634	2077	1499	n
7041041	2073	1497	n
7041554	2076	1498	n
7041810	2077	1499	n
7042061	2077	1500	n
7042312	2078	1499	n
7042595	2078	1498	n
7053013	2077	1498	n
7053496	2076	1501	n
7053751	2076	1499	n
7054034	2078	1499	n
7054285	2077	1499	n
7054542	2076	1500	n
7054797	2077	1499	n
7065225	2078	1499	Time:00:00:00:00;;
7065936	2077	1503	n
7066187	2075	1498	n
7066447	2075	1502	n
7066726	2078	1499	n
7066977	2076	1499	n
7077403	2077	1499	n
7077898	2077	1498	n
7078171	2077	1499	n
7078422	2075	1500	n
7078678	2078	1499	n
7078938	2077	1499	n
7079211	2077	1498	n
7089606	2078	1499	n
7090085	2077	1499	n
7090345	2077	1500	n
7090626	2078	1502	n
7090877	2077	1501	n
7091128	2078	1500	n
7101506	2078	1501	n
7102018	2078	1500	n
7102269	2079	1502	n
7102524	2079	1501	n
7102788	2079	1501	n
7103061	2078	1500	n
7103312	2079	1501	n
7113720	2078	1500	n
7114210	2077	1499	n
7114486	2075	1497	n
7114742	2075	1495	n
7114993	2075	1499	n
7115253	2079	1499	n
7115528	2077	1499	n
7125911	2079	1501	n
7126388	2078	1499	n
7126645	2079	1501	n
7126927	2076	1499	n
7127178	2077	1501	n
7127429	2078	1501	n
7137797	2078	1499	n
7138281	2077	1498	n
7138558	2080	1500	n
7138813	2077	1499	n
7139064	2079	1502	n
7139322	2079	1499	n
7139598	2077	1501	n
7150009	2078	1501	n
7150492	2080	1501	n
7150756	2078	1501	n
7151029	2078	1499	n
7151280	2077	1501	n
7151537	2079	1499	n
7151801	2077	1499	n
7162229	2078	1499	n
7162720	2078	1499	n
7162971	2077	1499	n
7163231	2079	1500	n
7163509	2077	1501	n
7163765	2077	1501	n
7174177	2078	1501	n
7174675	2077	1499	n
7174949	2077	1499	n
7175200	2078	1498	n
7175451	2075	1499	n
7175715	2078	1499	n
7175989	2077	1499	n
7186389	2079	1501	n
7186875	2078	1501	n
7187135	2078	1499	n
7187409	2077	1499	n
7187665	2078	1500	n
7187916	2077	1499	n
7188176	2078	1499	n
7198597	2078	1500	n
7199084	2075	1501	n
7199335	2077	1501	n
7199598	2077	1499	n
7199876	2075	1501	n
7200127	2077	1499	n
7200378	2077	1500	n
7210783	2078	1499	Time:00:00:00:00;;
7211509	2078	1500	n
7211765	2077	1500	n
7212016	2077	1499	n
7212298	2075	1500	n
7222736	2077	1499	n
7222987	2079	1500	n
7223238	2079	1501	n
7223492	2078	1499	n
7223747	2079	1500	n
7223998	2078	1499	n
7224249	2079	1501	n
7234642	2076	1501	n
7234893	2077	1501	n
7235144	2078	1501	n
7235395	2078	1501	n
7235653	2078	1503	n
7235904	2078	1500	n
7246282	2077	1499	n
7246538	2078	1499	n
7246793	2076	1500	n
7247044	2078	1500	n
7247295	2078	1499	n
7247552	2077	1499	n
7247807	2078	1500	n
7258183	2077	1500	n
7258434	2077	1498	n
7258690	2077	1500	n
7258941	2077	1499	n
7259192	2077	1499	n
7259443	2075	1500	n
7269828	2076	1501	n
7270079	2077	1499	n
7270330	2080	1501	n
7270587	2079	1500	n
7270842	2078	1502	n
7271093	2079	1502	n
7271344	2078	1499	n
7281735	2079	1500	n
7281986	2077	1501	n
7282237	2077	1501	n
7282492	2078	1499	n
7282748	2078	1501	n
7282999	2079	1499	n
7293375	2078	1499	n
7293633	2078	1501	n
7293884	2077	1501	n
7294135	2079	1499	n
7294386	2077	1498	n
7294645	2079	1499	n
7294896	2077	1500	n
7305276	2079	1500	n
7305530	2078	1499	n
7305784	2077	1499	n
7306035	2079	1497	n
7306286	2077	1501	n
7306541	2078	1500	n
7316921	2078	1501	n
7317172	2079	1501	n
7317423	2078	1502	n
7317678	2077	1499	n
7317929	2077	1499	n
7318180	2079	1498	n
7318431	2076	1500	n
7328822	2079	1499	n
7329073	2078	1499	n
7329324	2078	1499	n
7329578	2078	1501	n
7329833	2077	1498	n
7330084	2077	1502	n
7340467	2079	1498	n
7340722	2077	1502	n
7340973	2078	1499	n
7341224	2079	1498	n
7341475	2078	1499	n
7341731	2077	1502	n
7341982	2077	1499	n
7352368	2078	1500	n
7352626	2075	1499	n
7352877	2078	1500	n
7353128	2078	1499	n
7353379	2078	1501	n
7353635	2077	1499	n
7364013	2077	1500	n
7364264	2078	1501	n
7364520	2078	1502	n
7364775	2078	1501	n
7365026	2078	1500	n
7365277	2079	1499	n
7365530	2078	1500	n
7375915	2078	1501	n
7376166	2075	1499	n
7376417	2075	1499	n
7376673	2075	1498	n
7376924	2076	1499	n
7377175	2078	1501	n
7387560	2077	1499	n
7387815	2075	1500	n
7388066	2077	1499	n
7388316	2078	1501	n
7388571	2077	1500	n
7388826	2077	1499	n
7389077	2075	1499	n
7399461	2079	1501	n
7399717	2079	1502	n
7399968	2078	1501	n
7400219	2078	1499	n
7400470	2080	1501	n
7400725	2077	1499	n
7411106	2078	1499	n
7411357	2079	1500	n
7411613	2078	1499	n
7411868	2079	1501	n
7412119	2079	1502	n
7412370	2079	1500	n
7412631	2079	1501	n
7423007	2077	1500	n
7423258	2078	1502	n
7423511	2078	1499	n
7423767	2079	1501	n
7424018	2079	1502	n
7424269	2079	1499	n
7434655	2077	1499	n
7434907	2079	1497	n
7435158	2077	1500	n
7435409	2076	1498	n
7435665	2077	1501	n
7435916	2077	1499	n
7436167	2078	1499	n
7446557	2077	1500	n
7446812	2078	1499	n
7447063	2077	1499	n
7447314	2077	1499	n
7447569	2079	1501	n
7447824	2077	1499	n
7458198	2077	1500	n
7458449	2075	1501	n
7458705	2078	1500	n
7458956	2077	1497	n
7459207	2077	1500	n
7459458	2076	1500	n
7459713	2078	1498	n
7470100	2077	1498	n
7470351	2077	1500	n
7470605	2078	1499	n
7470860	2077	1498	n
7471111	2075	1499	n
7471362	2078	1500	n
7481745	2077	1498	n
7481996	2077	1499	n
7482247	2079	1501	n
7482503	2079	1501	n
7482759	2077	1499	n
7483010	2078	1501	n
7483261	2078	1499	n
7493651	2078	1499	n
7493902	2079	1502	n
7494153	2079	1501	n
7494404	2077	1499	n
7494663	2079	1499	n
7494914	2077	1500	n
7505291	2079	1501	n
7505544	2079	1501	n
7505799	2078	1499	n
7506050	2077	1499	n
7506301	2077	1500	n
7506558	2077	1499	n
7506813	2075	1500	n
7517192	2077	1501	n
7517443	2076	1501	n
7517703	2078	1499	n
7517954	2079	1499	n
7518205	2077	1499	n
7518456	2076	1501	n
7528837	2077	1501	n
7529088	2077	1499	n
7529339	2080	1499	n
7529595	2077	1497	n
7529850	2078	1499	n
7530101	2077	1499	n
7530352	2077	1499	n
7540742	2078	1499	n
7540993	2079	1500	n
7541244	2079	1499	n
7541500	2080	1501	n
7541755	2078	1501	n
7542006	2078	1501	n
7552383	2078	1501	n
7552639	2079	1502	n
7552890	2078	1497	n
7553141	2077	1501	n
7553392	2075	1500	n
7553650	2079	1501	n
7553901	2078	1501	n
7564285	2078	1499	n
7564540	2078	1502	n
7564795	2079	1499	n
7565046	2077	1501	n
7565297	2078	1500	n
7565554	2078	1501	n
7575930	2078	1499	n
7576181	2078	1499	n
7576431	2078	1501	n
7576688	2078	1501	n
7576939	2077	1500	n
7577189	2078	1501	n
7577440	2079	1502	n
7587831	2078	1503	n
7588082	2080	1499	n
7588333	2078	1501	n
7588588	2078	1501	n
7588843	2077	1497	n
7589094	2080	1501	n
7599476	2078	1501	n
7599732	2079	1500	n
7599983	2078	1501	n
7600234	2076	1501	n
7600485	2077	1501	n
7600741	2077	1501	n
7600992	2077	1499	n
7611377	2077	1499	n
7611634	2078	1503	n
7611885	2078	1501	n
7612136	2077	1499	n
7612387	2078	1499	n
7612644	2077	1499	n
7623022	2078	1498	n
7623273	2077	1502	n
7623526	2077	1499	n
7623780	2079	1500	n
7624031	2076	1499	n
7624282	2079	1499	n
7624537	2078	1499	n
7634923	2079	1501	n
7635174	2077	1502	n
7635425	2078	1503	n
7635681	2078	1501	n
7635932	2079	1502	n
7636183	2079	1501	n
7646568	2077	1500	n
7646823	2077	1500	n
7647074	2077	1501	n
7647325	2080	1499	n
7647578	2077	1499	n
7647833	2078	1499	n
7648084	2077	1499	n
7658470	2078	1499	n
7658726	2075	1501	n
7658977	2078	1501	n
7659228	2077	1501	n
7659479	2078	1499	n
7659735	2078	1499	n
7670115	2079	1499	n
7670366	2079	1500	n
7670620	2079	1499	n
7670876	2077	1499	n
7671127	2078	1502	n
7671377	2077	1501	n
7671634	2077	1501	n
7682016	2077	1500	n
7682267	2079	1499	n
7682524	2078	1499	n
7682779	2077	1499	n
7683030	2077	1499	n
7683281	2075	1501	n
7693663	2077	1501	n
7693914	2077	1499	n
7694165	2079	1501	n
7694416	2077	1499	n
7694671	2077	1499	n
7694922	2077	1501	n
7695173	2077	1502	n
7705564	2077	1499	n
7705819	2079	1499	n
7706070	2077	1501	n
7706321	2078	1498	n
7706578	2077	1499	n
7706834	2077	1499	n
7717207	2079	1502	n
7717458	2079	1501	n
7717713	2079	1501	n
7717964	2080	1502	n
7718215	2079	1502	n
7718466	2080	1499	n
7718721	2080	1500	n
7729108	2079	1499	n
7729359	2077	1500	n
7729612	2077	1500	n
7729867	2078	1495	n
7730119	2078	1499	n
7730370	2077	1499	n
7740753	2077	1501	n
7741004	2078	1499	n
7741255	2079	1498	n
7741509	2077	1500	n
7741764	2077	1499	n
7742015	2077	1500	n
7742266	2078	1500	n
7752659	2076	1499	n
7752910	2075	1499	n
7753161	2077	1499	n
7753412	2077	1500	n
7753667	2077	1499	n
7753918	2078	1501	n
7764300	2078	1499	n
7764554	2077	1501	n
7764809	2078	1499	n
7765060	2077	1501	n
7765311	2079	1500	n
7765564	2079	1499	n
7765819	2076	1501	n
7776201	2076	1501	n
7776452	2077	1499	n
7776707	2078	1499	n
7776958	2079	1501	n
7777209	2079	1500	n
7777460	2077	1500	n
7787846	2077	1500	n
7788097	2080	1501	n
7788348	2077	1499	n
7788603	2078	1501	n
7788858	2077	1499	n
7789109	2079	1499	n
7789360	2077	1499	n
7799749	2079	1499	n
7800000	2080	1499	n
7800251	2078	1501	n
7800506	2079	1499	n
7800762	2078	1499	n
7801012	2078	1499	n
7811392	2080	1499	n
7811649	2080	1500	n
7811900	2079	1501	n
7812151	2079	1499	n
7812402	2079	1501	n
7812663	2080	1499	n
7812914	2078	1501	n
7823293	2078	1501	n
7823546	2078	1499	n
7823802	2079	1500	n
7824053	2079	1498	n
7824304	2078	1501	n
7824558	2079	1500	n
7834938	2079	1499	n
7835189	2077	1502	n
7835440	2078	1499	n
7835696	2079	1501	n
7835947	2077	1500	n
7836198	2077	1501	n
7836449	2075	1501	n
7846840	2078	1500	n
7847091	2079	1500	n
7847342	2080	1500	n
7847595	2078	1501	n
7847850	2079	1499	n
7848101	2078	1500	n
7858486	2078	1502	n
7858742	2077	1499	n
7858993	2080	1502	n
7859244	2077	1501	n
7859499	2077	1501	n
7859755	2078	1499	n
7860006	2077	1499	n
7870386	2077	1500	n
7870644	2077	1499	n
7870895	2078	1499	n
7871146	2077	1501	n
7871397	2078	1499	n
7871658	2077	1499	n
7882031	2078	1499	n
7882282	2078	1499	n
7882538	2076	1500	n
7882792	2079	1498	n
7883043	2077	1499	n
7883294	2077	1500	n
7883552	2075	1501	n
7893932	2078	1499	n
7894183	2078	1501	n
7894434	2077	1500	n
7894691	2078	1498	n
7894942	2079	1499	n
7895192	2077	1498	n
7905577	2076	1499	n
7905831	2074	1499	n
7906082	2078	1499	n
7906333	2077	1499	n
7906589	2075	1499	n
7906844	2076	1499	n
7907095	2075	1497	n
7917478	2077	1499	n
7917734	2079	1501	n
7917985	2077	1499	n
7918236	2077	1499	n
7918493	2079	1499	n
7918748	2075	1500	n
7929123	2077	1501	n
7929374	2078	1501	n
7929634	2078	1501	n
7929885	2077	1501	n
7930136	2078	1499	n
7930387	2078	1498	n
7930644	2078	1501	n
7941025	2075	1501	n
7941276	2077	1499	n
7941529	2080	1499	n
7941784	2077	1498	n
7942035	2077	1499	n
7942286	2079	1500	n
7952670	2079	1499	n
7952921	2077	1499	n
7953172	2077	1499	n
7953423	2075	1501	n
7953678	2077	1499	n
7953929	2077	1500	n
7954180	2078	1498	n
7964575	2077	1499	n
7964830	2078	1499	n
7965081	2079	1501	n
7965332	2077	1499	n
7965589	2079	1499	n
7965844	2076	1501	n
7976216	2079	1500	n
7976467	2077	1499	n
7976722	2078	1499	n
7976973	2079	1500	n
7977224	2079	1501	n
7977475	2075	1499	n
7977731	2077	1499	n
7988117	2078	1501	n
7988605	2078	1500	n
7988860	2078	1499	n
7989111	2078	1500	n
7989371	2077	1501	n
7989654	2079	1501	n
7989905	2077	1501	n
8000313	2077	1499	n
8000808	2077	1499	n
8001082	2077	1498	n
8001332	2077	1500	n
8001589	2079	1500	n
8001853	2076	1500	n
8012285	2077	1499	Time:00:00:00:00;;
8012984	2077	1500	n
8013244	2077	1500	n
8013524	2077	1499	n
8013779	2078	1499	n
8014030	2077	1500	n
8024394	2077	1500	n
8024910	2079	1499	n
8025161	2077	1500	n
8025412	2079	1499	n
8025668	2077	1499	n
8025950	2079	1501	n
8026201	2079	1498	n
8036595	2075	1498	n
8037075	2075	1499	n
8037357	2074	1497	n
8037613	2077	1498	n
8037868	2077	1498	n
8038119	2078	1498	n
8038401	2075	1498	n
8048789	2076	1499	n
8049266	2077	1498	n
8049520	2078	1500	n
8049783	2077	1500	n
8050059	2078	1502	n
8050310	2077	1500	n
8060708	2077	1499	Time:00:00:00:00;;
8061410	2079	1495	n
8061687	2077	1500	n
8061939	2078	1499	n
8062198	2078	1499	n
8062472	2078	1498	n
8072867	2077	1499	n
8073344	2077	1499	n
8073606	2080	1501	n
8073883	2077	1500	n
8074134	2078	1501	n
8074385	2078	1500	n
8074653	2078	1499	n
8085071	2078	1501	n
8085552	2079	1499	n
8085807	2077	1499	n
8086067	2076	1500	n
8086340	2076	1499	n
8086595	2078	1499	n
8086850	2077	1499	n
8097258	2078	1500	n
8097776	2078	1498	n
8098027	2078	1501	n
8098278	2077	1499	n
8098535	2079	1499	n
8098821	2078	1500	n
8109178	2075	1499	n
8109667	2078	1500	n
8109918	2078	1501	n
8110200	2079	1501	n
8110451	2075	1500	n
8110707	2078	1499	n
8110958	2077	1501	n
8121373	2077	1499	n
8121867	2078	1502	n
8122118	2077	1500	n
8122369	2079	1500	n
8122637	2078	1500	n
8122911	2079	1499	n
8123162	2079	1499	n
8133576	2075	1499	n
8134065	2078	1499	n
8134339	2076	1502	n
8134595	2078	1499	n
8134850	2077	1499	n
8135110	2078	1499	n
8145493	2078	1501	n
8145974	2077	1499	n
8146225	2078	1499	n
8146486	2077	1500	n
8146764	2077	1499	n
8147015	2076	1499	n
8147266	2074	1499	n
8157690	2078	1499	n
8158203	2078	1501	n
8158454	2077	1501	n
8158709	2079	1500	n
8158969	2079	1500	n
8159242	2079	1500	n
8159497	2078	1499	n
8169881	2077	1498	n
8170360	2076	1499	n
8170650	2075	1498	n
8170901	2079	1499	n
8171152	2078	1498	n
8171403	2076	1499	n
8181862	2077	1499	n
8182338	2077	1501	n
8182595	2078	1502	n
8182850	2077	1497	n
8183132	2077	1499	n
8183383	2079	1499	n
8183640	2077	1499	n
8193996	2079	1501	n
8194493	2078	1500	n
8194770	2077	1501	n
8195021	2078	1499	n
8195272	2077	1499	n
8195537	2079	1500	n
8195815	2078	1500	n
8206192	2078	1499	n
8206676	2079	1499	n
8206936	2079	1501	n
8207209	2078	1500	n
8207461	2077	1499	n
8207716	2079	1501	n
8218147	2078	1498	Time:00:00:00:00;;
8218733	2078	1499	n
8218984	2077	1499	n
8219236	2077	1501	n
8219493	2078	1499	n
8219748	2078	1498	n
8230187	2078	1501	n
8230438	2078	1499	n
8230696	2077	1499	n
8230947	2077	1501	n
8231198	2076	1499	n
8231449	2074	1499	n
8231705	2075	1498	n
8242072	2077	1499	n
8242323	2080	1499	n
8242578	2077	1500	n
8242833	2079	1499	n
8243084	2077	1499	n
8243335	2078	1499	n
8253733	2079	1501	n
8253984	2079	1499	n
8254235	2077	1499	n
8254487	2077	1499	n
8254743	2077	1502	n
8254994	2078	1499	n
8255245	2077	1500	n
8265627	2077	1501	n
8265878	2078	1501	n
8266129	2079	1501	n
8266380	2080	1499	n
8266637	2078	1499	n
8266888	2079	1501	n
8277279	2078	1499	n
8277534	2077	1502	n
8277790	2078	1499	n
8278041	2078	1498	n
8278292	2077	1502	n
8278545	2079	1501	n
8278800	2077	1500	n
8289165	2077	1500	n
8289416	2076	1501	n
8289671	2078	1499	n
8289922	2078	1500	n
8290173	2075	1499	n
8290424	2077	1500	n
8300826	2078	1499	n
8301077	2078	1499	n
8301328	2076	1501	n
8301581	2079	1501	n
8301836	2078	1498	n
8302087	2079	1499	n
8302338	2077	1499	n
8312715	2079	1501	n
8312966	2078	1499	n
8313217	2077	1499	n
8313468	2080	1499	n
8313724	2077	1499	n
8313975	2075	1499	n
8324372	2078	1499	n
8324631	2079	1501	n
8324882	2078	1499	n
8325133	2080	1501	n
8325384	2075	1501	n
8325644	2080	1500	n
8325896	2078	1499	n
8336257	2079	1500	n
8336510	2079	1499	n
8336765	2076	1499	n
8337016	2078	1499	n
8337267	2076	1499	n
8337524	2078	1499	n
8347918	2078	1499	n
8348169	2077	1499	n
8348420	2077	1499	n
8348675	2077	1499	n
8348926	2075	1500	n
8349177	2077	1500	n
8349428	2077	1501	n
8359803	2077	1500	n
8360054	2077	1499	n
8360305	2079	1500	n
8360560	2078	1502	n
8360816	2077	1499	n
8361067	2076	1499	n
8371464	2081	1501	n
8371719	2079	1502	n
8371970	2078	1502	n
8372221	2078	1498	n
8372472	2080	1501	n
8372727	2078	1501	n
8372978	2077	1499	n
8383350	2079	1500	n
8383606	2079	1502	n
8383861	2078	1500	n
8384112	2079	1499	n
8384363	2078	1501	n
8384616	2078	1499	n
8395011	2077	1500	n
8395262	2077	1499	n
8395517	2077	1499	n
8395773	2078	1499	n
8396024	2077	1499	n
8396275	2077	1499	n
8396528	2077	1501	n
8406896	2078	1500	n
8407147	2077	1500	n
8407398	2077	1499	n
8407657	2078	1498	n
8407908	2076	1502	n
8408159	2075	1500	n
8418560	2078	1501	n
8418815	2078	1500	n
8419066	2077	1499	n
8419317	2079	1499	n
8419572	2079	1499	n
8419827	2078	1499	n
8420078	2077	1502	n
8430442	2077	1501	n
8430699	2077	1501	n
8430950	2076	1501	n
8431200	2078	1499	n
8431451	2076	1501	n
8431707	2079	1501	n
8442103	2077	1500	n
8442354	2079	1501	n
8442610	2077	1501	n
8442865	2079	1500	n
8443116	2078	1500	n
8443367	2078	1501	n
8443627	2077	1501	n
8453988	2078	1501	n
8454239	2077	1500	n
8454492	2077	1499	n
8454747	2078	1499	n
8454998	2077	1499	n
8455249	2077	1501	n
8465653	2079	1501	n
8465904	2078	1503	n
8466155	2077	1501	n
8466406	2077	1500	n
8466664	2078	1499	n
8466915	2079	1500	n
8467166	2078	1499	n
8477541	2075	1501	n
8477796	2078	1499	n
8478046	2078	1498	n
8478297	2077	1501	n
8478554	2076	1499	n
8478809	2075	1499	n
8489196	2077	1497	n
8489447	2075	1500	n
8489704	2077	1501	n
8489955	2077	1499	n
8490206	2077	1499	n
8490457	2077	1499	n
8490712	2077	1499	n
8501081	2078	1501	n
8501332	2076	1498	n
8501589	2077	1499	n
8501844	2075	1499	n
8502095	2077	1499	n
8502346	2077	1499	n
8512742	2078	1499	n
8512993	2080	1499	n
8513244	2079	1499	n
8513499	2078	1500	n
8513755	2078	1501	n
8514006	2079	1500	n
8514257	2078	1499	n
8524634	2078	1498	n
8524885	2074	1498	n
8525135	2075	1497	n
8525386	2076	1499	n
8525644	2077	1500	n
8525895	2078	1498	n
8536288	2077	1498	n
8536544	2078	1500	n
8536799	2077	1499	n
8537050	2077	1497	n
8537301	2076	1499	n
8537558	2077	1499	n
8537813	2075	1498	n
8548173	2077	1499	n
8548424	2076	1501	n
8548679	2078	1498	n
8548930	2078	1499	n
8549181	2077	1499	n
8549432	2077	1497	n
8559834	2079	1499	n
8560085	2078	1500	n
8560336	2078	1499	n
8560593	2079	1501	n
8560848	2077	1501	n
8561099	2077	1500	n
8561350	2077	1499	n
8571724	2079	1501	n
8571975	2078	1499	n
8572226	2078	1501	n
8572477	2077	1499	n
8572734	2077	1499	n
8572985	2077	1499	n
8583381	2079	1499	n
8583638	2078	1500	n
8583889	2078	1501	n
8584140	2078	1501	n
8584390	2075	1499	n
8584650	2077	1498	n
8584901	2079	1499	n
8595266	2079	1502	n
8595520	2077	1501	n
8595776	2077	1501	n
8596027	2077	1500	n
8596278	2077	1502	n
8596535	2078	1501	n
8606927	2079	1500	n
8607178	2078	1501	n
8607429	2079	1502	n
8607684	2077	1500	n
8607935	2078	1501	n
8608186	2078	1501	n
8608437	2078	1499	n
8618812	2078	1499	n
8619063	2078	1502	n
8619314	2078	1501	n
8619568	2077	1500	n
8619824	2077	1501	n
8620075	2077	1499	n
8630473	2078	1500	n
8630728	2078	1499	n
8630979	2077	1499	n
8631230	2076	1499	n
8631481	2077	1501	n
8631739	2075	1500	n
8631990	2078	1499	n
8642358	2079	1499	n
8642612	2078	1501	n
8642867	2078	1500	n
8643118	2079	1501	n
8643369	2079	1500	n
8643627	2079	1499	n
8654019	2079	1500	n
8654270	2078	1502	n
8654527	2079	1503	n
8654782	2075	1502	n
8655033	2076	1498	n
8655284	2077	1499	n
8655541	2079	1501	n
8665905	2075	1499	n
8666156	2079	1501	n
8666407	2078	1499	n
8666663	2078	1499	n
8666914	2077	1501	n
8667165	2075	1499	n
8677569	2077	1499	n
8677824	2077	1499	n
8678075	2077	1500	n
8678326	2078	1499	n
8678579	2078	1501	n
8678834	2080	1500	n
8679085	2078	1501	n
8689451	2078	1499	n
8689707	2079	1499	n
8689958	2079	1501	n
8690209	2079	1499	n
8690460	2078	1499	n
8690715	2077	1499	n
8701112	2077	1499	n
8701363	2079	1499	n
8701616	2080	1499	n
8701871	2078	1500	n
8702122	2078	1501	n
8702373	2077	1499	n
8702634	2078	1501	n
8712997	2079	1499	n
8713248	2079	1500	n
8713503	2078	1501	n
8713758	2077	1501	n
8714009	2078	1500	n
8714260	2079	1501	n
8724662	2079	1500	n
8724913	2078	1500	n
8725164	2077	1502	n
8725415	2079	1499	n
8725670	2077	1501	n
8725921	2079	1501	n
8726172	2079	1501	n
8736545	2078	1499	n
8736800	2080	1500	n
8737051	2079	1498	n
8737302	2078	1500	n
8737557	2078	1501	n
8737812	2079	1500	n
8748204	2078	1500	n
8748455	2075	1499	n
8748710	2075	1499	n
8748961	2077	1499	n
8749212	2077	1499	n
8749463	2079	1501	n
8749718	2075	1499	n
8760090	2079	1499	n
8760341	2079	1499	n
8760595	2078	1501	n
8760850	2076	1500	n
8761101	2077	1501	n
8761352	2077	1500	n
8771751	2078	1500	n
8772002	2077	1498	n
8772253	2077	1499	n
8772509	2080	1500	n
8772765	2078	1500	n
8773016	2078	1499	n
8773267	2078	1501	n
8783643	2079	1502	n
8783894	2077	1500	n
8784145	2079	1499	n
8784396	2079	1502	n
8784654	2078	1501	n
8784905	2079	1502	n
8795297	2079	1499	n
8795552	2077	1498	n
8795807	2077	1499	n
8796058	2076	1500	n
8796309	2075	1499	n
8796562	2078	1500	n
8796817	2078	1498	n
8807182	2079	1501	n
8807433	2079	1499	n
8807689	2077	1500	n
8807940	2077	1501	n
8808191	2077	1500	n
8808442	2077	1499	n
8818843	2077	1499	n
8819094	2077	1501	n
8819345	2077	1499	n
8819598	2078	1499	n
8819853	2078	1501	n
8820104	2080	1500	n
8820355	2077	1499	n
8830732	2077	1501	n
8830983	2076	1502	n
8831234	2078	1497	n
8831486	2076	1498	n
8831742	2075	1499	n
8831993	2075	1498	n
8842389	2078	1499	n
8842649	2078	1500	n
8842900	2075	1501	n
8843151	2077	1499	n
8843402	2078	1498	n
8843662	2078	1499	n
8843913	2078	1501	n
8854275	2080	1499	n
8854528	2079	1502	n
8854783	2078	1501	n
8855034	2077	1500	n
8855285	2077	1499	n
8855542	2078	1501	n
8865936	2079	1499	n
8866187	2077	1501	n
8866438	2079	1499	n
8866696	2077	1501	n
8866947	2078	1501	n
8867198	2078	1501	n
8867449	2077	1501	n
8877821	2076	1498	n
8878072	2076	1499	n
8878323	2077	1499	n
8878578	2077	1498	n
8878833	2077	1499	n
8879084	2075	1497	n
8889482	2077	1501	n
8889739	2075	1502	n
8889990	2078	1501	n
8890241	2076	1499	n
8890496	2077	1501	n
8890752	2078	1499	n
8891003	2077	1499	n
8901367	2077	1501	n
8901627	2077	1499	n
8901878	2078	1502	n
8902129	2079	1501	n
8902380	2079	1502	n
8902637	2079	1499	n
8913028	2079	1502	n
8913279	2078	1501	n
8913534	2078	1501	n
8913790	2076	1501	n
8914041	2077	1499	n
8914292	2080	1501	n
8914545	2078	1499	n
8924913	2078	1501	n
8925164	2078	1499	n
8925415	2078	1498	n
8925670	2078	1500	n
8925921	2076	1501	n
8926172	2079	1500	n
8936575	2078	1502	n
8936830	2077	1501	n
8937081	2078	1499	n
8937332	2079	1501	n
8937589	2078	1501	n
8937844	2075	1499	n
8938095	2075	1499	n
8948460	2079	1501	n
8948715	2078	1500	n
8948966	2078	1501	n
8949217	2078	1499	n
8949468	2080	1502	n
8949724	2077	1502	n
8960121	2078	1500	n
8960372	2079	1500	n
8960631	2077	1499	n
8960882	2078	1499	n
8961133	2079	1499	n
8961384	2078	1500	n
8961644	2078	1501	n
8972006	2077	1498	n
8972257	2078	1501	n
8972510	2079	1499	n
8972765	2078	1499	n
8973016	2077	1501	n
8973267	2078	1499	n
8983671	2078	1502	n
8984043	2079	1501	n
8984316	2078	1501	n
8984572	2078	1502	n
8984827	2079	1501	n
8985087	2077	1502	n
8985361	2077	1499	n
8995777	2075	1499	n
8996253	2079	1501	n
8996510	2078	1500	n
8996796	2077	1501	n
8997047	2078	1499	n
8997298	2078	1499	n
8997554	2080	1501	n
9007972	2079	1499	Time:00:00:00:00;;
9008678	2077	1501	n
9008929	2077	1500	n
9009211	2079	1500	n
9009462	2079	1498	n
9019841	2077	1500	n
9020318	2078	1499	n
9020579	2080	1501	n
9020857	2079	1499	n
9021108	2078	1499	n
9021359	2078	1501	n
9021621	2077	1502	n
9032053	2077	1500	n
9032530	2078	1500	n
9032785	2077	1501	n
9033044	2077	1501	n
9033319	2077	1500	n
9033576	2079	1501	n
9033831	2080	1501	n
9044197	2078	1502	n
9044712	2077	1499	n
9044963	2079	1499	n
9045214	2079	1501	n
9045474	2078	1501	n
9045752	2078	1501	n
9056152	2077	1501	n
9056636	2078	1499	n
9056887	2078	1499	n
9057169	2076	1499	n
9057420	2078	1501	n
9057675	2079	1499	n
9057926	2077	1499	n
9068373	2077	1499	Time:00:00:00:00;;
9069071	2079	1499	n
9069322	2079	1501	n
9069611	2079	1499	n
9069866	2078	1499	n
9070117	2077	1499	n
9080473	2080	1502	n
9080964	2081	1501	n
9081237	2079	1499	n
9081493	2079	1500	n
9081748	2079	1503	n
9082008	2079	1499	n
9082282	2080	1499	n
9092674	2080	1499	n
9093150	2079	1499	n
9093410	2078	1499	n
9093688	2078	1501	n
9093939	2077	1499	n
9094190	2079	1501	n
9104555	2077	1499	n
9105068	2078	1498	n
9105319	2078	1502	n
9105575	2078	1499	n
9105831	2077	1502	n
9106120	2079	1501	n
9106372	2077	1499	n
9116768	2079	1499	n
9117245	2077	1502	n
9117530	2077	1498	n
9117784	2078	1499	n
9118035	2076	1498	n
9118286	2077	1500	n
9118571	2076	1499	n
9128981	2078	1501	n
9129458	2078	1500	n
9129713	2078	1501	n
9129995	2077	1500	n
9130246	2079	1501	n
9130504	2078	1501	n
9140936	2078	1500	n
9141442	2078	1500	n
9141699	2077	1499	n
9141950	2075	1500	n
9142201	2077	1501	n
9142483	2078	1500	n
9142739	2078	1500	n
9153148	2078	1501	n
9153638	2076	1500	n
9153920	2077	1498	n
9154171	2078	1499	n
9154422	2077	1499	n
9154676	2078	1500	n
9154936	2079	1502	n
9165344	2079	1498	n
9165831	2077	1499	n
9166082	2079	1499	n
9166341	2079	1501	n
9166621	2078	1501	n
9166876	2078	1501	n
9167127	2077	1500	n
9177543	2079	1501	n
9178060	2079	1502	n
9178311	2078	1500	n
9178564	2079	1501	n
9178827	2079	1500	n
9179100	2079	1498	n
9189459	2077	1498	n
9189941	2078	1499	n
9190201	2077	1499	n
9190481	2079	1501	n
9190739	2077	1500	n
9190990	2077	1501	n
9191250	2077	1499	n
9201668	2078	1499	n
9202145	2078	1501	n
9202396	2078	1499	n
9202662	2077	1499	n
9202935	2077	1499	n
9203186	2076	1499	n
9203437	2077	1499	n
9213851	2079	1500	Time:00:00:00:00;;
9214523	2081	1502	n
9214779	2079	1501	n
9215030	2079	1501	n
9215280	2077	1501	n
9225720	2078	1499	n
9225971	2076	1498	n
9226222	2078	1500	n
9226473	2079	1499	n
9226727	2077	1501	n
9226978	2078	1501	n
9227229	2079	1499	n
9237621	2079	1502	n
9237877	2079	1501	n
9238128	2080	1500	n
9238379	2077	1501	n
9238635	2078	1499	n
9238886	2079	1501	n
9249266	2079	1500	n
9249520	2077	1500	n
9249776	2078	1499	n
9250026	2076	1499	n
9250277	2079	1501	n
9250535	2078	1499	n
9250790	2078	1499	n
9261167	2079	1501	n
9261418	2078	1501	n
9261673	2076	1499	n
9261924	2079	1501	n
9262175	2079	1500	n
9262426	2078	1501	n
9272812	2077	1498	n
9273063	2077	1501	n
9273314	2079	1495	n
9273569	2077	1501	n
9273824	2076	1501	n
9274075	2077	1499	n
9274326	2078	1499	n
9284718	2078	1501	n
9284969	2078	1499	n
9285220	2078	1499	n
9285471	2079	1499	n
9285726	2077	1499	n
9285977	2078	1499	n
9296358	2078	1498	n
9296612	2078	1498	n
9296867	2078	1502	n
9297118	2079	1501	n
9297369	2079	1499	n
9297627	2079	1501	n
9297878	2078	1499	n
9308260	2078	1499	n
9308517	2078	1499	n
9308773	2079	1499	n
9309024	2079	1499	n
9309275	2078	1501	n
9309528	2079	1500	n
9319905	2078	1499	n
9320156	2075	1498	n
9320407	2075	1497	n
9320663	2077	1499	n
9320914	2078	1500	n
9321165	2078	1499	n
9321416	2078	1498	n
9331806	2078	1501	n
9332057	2079	1501	n
9332308	2078	1501	n
9332562	2077	1500	n
9332817	2078	1499	n
9333068	2077	1501	n
9343451	2074	1502	n
9343707	2079	1501	n
9343958	2079	1502	n
9344208	2079	1502	n
9344459	2078	1502	n
9344715	2079	1501	n
9344966	2078	1501	n
9355352	2078	1501	n
9355606	2078	1499	n
9355861	2079	1498	n
9356112	2079	1501	n
9356363	2078	1502	n
9356616	2078	1501	n
9366997	2080	1500	n
9367248	2079	1501	n
9367504	2077	1501	n
9367759	2079	1501	n
9368010	2078	1499	n
9368261	2078	1501	n
9368518	2077	1499	n
9378898	2077	1499	n
9379149	2078	1500	n
9379400	2079	1499	n
9379659	2077	1501	n
9379910	2078	1499	n
9380160	2078	1499	n
9390543	2079	1501	n
9390798	2078	1502	n
9391049	2079	1502	n
9391300	2079	1501	n
9391554	2079	1501	n
9391809	2078	1502	n
9392060	2079	1501	n
9402445	2077	1500	n
9402703	2078	1502	n
9402954	2078	1501	n
9403205	2079	1500	n
9403456	2079	1502	n
9403711	2080	1501	n
9414090	2078	1499	n
9414341	2079	1499	n
9414595	2078	1501	n
9414850	2077	1501	n
9415101	2078	1501	n
9415352	2077	1500	n
9415606	2079	1499	n
9425991	2078	1501	n
9426242	2079	1501	n
9426499	2077	1501	n
9426755	2078	1502	n
9427006	2079	1501	n
9427257	2078	1501	n
9437640	2078	1501	n
9437891	2079	1501	n
9438142	2078	1499	n
9438393	2078	1501	n
9438654	2079	1500	n
9438905	2079	1502	n
9439156	2080	1500	n
9449541	2077	1502	n
9449796	2079	1498	n
9450047	2077	1498	n
9450298	2077	1499	n
9450554	2078	1497	n
9450809	2074	1502	n
9461182	2078	1502	n
9461433	2078	1497	n
9461689	2078	1502	n
9461940	2075	1500	n
9462191	2078	1501	n
9462442	2079	1498	n
9462699	2077	1499	n
9473083	2078	1500	n
9473334	2078	1501	n
9473589	2079	1499	n
9473844	2079	1501	n
9474095	2077	1501	n
9474346	2076	1501	n
9484728	2078	1501	n
9484979	2078	1501	n
9485230	2078	1500	n
9485481	2076	1502	n
9485739	2078	1499	n
9485990	2079	1502	n
9486241	2078	1500	n
9496635	2079	1499	n
9496886	2077	1500	n
9497137	2077	1499	n
9497388	2076	1501	n
9497645	2077	1501	n
9497895	2078	1501	n
9508275	2079	1499	n
9508528	2078	1501	n
9508783	2078	1501	n
9509034	2078	1500	n
9509285	2078	1499	n
9509540	2077	1501	n
9509796	2077	1502	n
9520176	2079	1502	n
9520427	2079	1503	n
9520683	2079	1501	n
9520934	2078	1500	n
9521185	2079	1499	n
9521436	2079	1501	n
9531821	2078	1501	n
9532072	2079	1499	n
9532322	2079	1499	n
9532578	2078	1501	n
9532833	2079	1501	n
9533084	2077	1498	n
9533335	2077	1499	n
9543727	2078	1500	n
9543978	2079	1501	n
9544229	2078	1499	n
9544480	2077	1500	n
9544739	2079	1499	n
9544990	2077	1499	n
9555367	2077	1500	n
9555627	2078	1499	n
9555878	2078	1500	n
9556129	2078	1499	n
9556380	2077	1499	n
9556637	2077	1498	n
9556888	2077	1499	n
9567268	2078	1499	n
9567523	2079	1501	n
9567779	2077	1501	n
9568030	2078	1501	n
9568281	2078	1501	n
9568537	2079	1501	n
9578913	2077	1498	n
9579164	2078	1501	n
9579415	2078	1499	n
9579670	2078	1500	n
9579921	2079	1499	n
9580172	2078	1501	n
9580423	2077	1502	n
9590815	2077	1499	n
9591066	2077	1498	n
9591317	2078	1501	n
9591571	2076	1499	n
9591826	2078	1499	n
9592077	2079	1500	n
9602460	2078	1499	n
9602715	2078	1499	n
9602966	2079	1499	n
9603217	2077	1499	n
9603468	2081	1501	n
9603724	2078	1502	n
9603975	2079	1501	n
9614361	2077	1499	n
9614615	2079	1502	n
9614870	2078	1501	n
9615121	2078	1502	n
9615372	2080	1501	n
9615631	2080	1501	n
9626006	2077	1500	n
9626257	2077	1500	n
9626510	2076	1499	n
9626765	2078	1502	n
9627016	2077	1502	n
9627267	2077	1499	n
9627524	2075	1501	n
9637907	2077	1499	n
9638158	2077	1500	n
9638409	2079	1499	n
9638665	2077	1500	n
9638916	2079	1501	n
9639167	2077	1501	n
9649552	2078	1499	n
9649807	2080	1501	n
9650058	2080	1501	n
9650309	2078	1502	n
9650562	2079	1500	n
9650817	2079	1499	n
9651068	2079	1501	n
9661453	2077	1500	n
9661709	2078	1501	n
9661960	2077	1501	n
9662211	2078	1499	n
9662462	2079	1502	n
9662717	2078	1503	n
9673098	2077	1499	n
9673349	2080	1500	n
9673603	2078	1500	n
9673858	2078	1500	n
9674109	2079	1500	n
9674360	2078	1499	n
9674613	2077	1499	n
9685000	2078	1501	n
9685251	2077	1499	n
9685506	2079	1501	n
9685761	2079	1499	n
9686012	2075	1499	n
9686263	2078	1499	n
9696649	2078	1501	n
9696900	2079	1499	n
9697151	2077	1499	n
9697402	2079	1499	n
9697662	2079	1501	n
9697913	2079	1501	n
9698164	2078	1501	n
9708551	2080	1502	n
9708807	2077	1501	n
9709058	2079	1503	n
9709308	2077	1502	n
9709562	2077	1500	n
9709817	2079	1501	n
9720191	2077	1500	n
9720442	2077	1499	n
9720698	2076	1499	n
9720949	2078	1501	n
9721200	2078	1499	n
9721451	2075	1499	n
9721707	2077	1501	n
9732092	2079	1499	n
9732343	2079	1502	n
9732596	2077	1499	n
9732851	2077	1499	n
9733102	2079	1500	n
9733353	2078	1499	n
9743737	2079	1501	n
9743988	2078	1502	n
9744239	2079	1501	n
9744492	2080	1502	n
9744747	2078	1500	n
9744998	2080	1500	n
9745249	2079	1499	n
9755642	2077	1501	n
9755893	2079	1503	n
9756144	2079	1501	n
9756395	2078	1502	n
9756653	2079	1501	n
9756904	2078	1499	n
9767283	2078	1499	n
9767537	2080	1500	n
9767792	2078	1500	n
9768043	2078	1500	n
9768294	2078	1501	n
9768547	2078	1500	n
9768802	2078	1502	n
9779185	2079	1502	n
9779437	2078	1501	n
9779696	2079	1501	n
9779947	2079	1499	n
9780198	2078	1499	n
9780449	2075	1501	n
9790830	2080	1500	n
9791081	2078	1499	n
9791332	2079	1501	n
9791589	2079	1499	n
9791844	2080	1499	n
9792095	2079	1501	n
9792346	2078	1501	n
9802735	2078	1501	n
9802986	2079	1499	n
9803237	2077	1500	n
9803493	2081	1501	n
9803748	2078	1501	n
9803999	2080	1502	n
9814376	2078	1500	n
9814633	2078	1499	n
9814884	2079	1499	n
9815135	2078	1501	n
9815386	2077	1499	n
9815644	2078	1499	n
9815895	2078	1499	n
9826277	2077	1499	n
9826530	2078	1501	n
9826785	2078	1501	n
9827036	2078	1500	n
9827287	2077	1502	n
9827541	2079	1502	n
9837922	2079	1501	n
9838173	2080	1499	n
9838424	2077	1502	n
9838679	2079	1499	n
9838930	2077	1500	n
9839181	2078	1501	n
9839432	2078	1498	n
9849823	2075	1500	n
9850074	2076	1501	n
9850325	2079	1499	n
9850579	2079	1500	n
9850834	2077	1499	n
9851085	2077	1500	n
9861468	2080	1499	n
9861723	2077	1501	n
9861974	2078	1499	n
9862225	2077	1500	n
9862476	2077	1499	n
9862732	2078	1501	n
9862983	2078	1502	n
9873370	2078	1499	n
9873632	2078	1501	n
9873883	2079	1501	n
9874134	2079	1501	n
9874385	2078	1502	n
9874644	2077	1499	n
9885015	2077	1499	n
9885266	2076	1499	n
9885520	2077	1500	n
9885775	2078	1498	n
9886026	2078	1500	n
9886277	2075	1499	n
9886530	2079	1499	n
9896916	2078	1499	n
9897167	2078	1499	n
9897418	2075	1499	n
9897673	2077	1499	n
9897924	2077	1500	n
9898175	2077	1499	n
9908561	2079	1499	n
9908816	2077	1502	n
9909067	2077	1500	n
9909318	2078	1499	n
9909572	2078	1499	n
9909827	2079	1501	n
9910078	2077	1499	n
9920462	2079	1501	n
9920718	2078	1501	n
9920969	2078	1501	n
9921220	2079	1501	n
9921471	2081	1501	n
9921726	2078	1502	n
9932107	2077	1501	n
9932358	2079	1501	n
9932612	2078	1499	n
9932867	2077	1502	n
9933118	2078	1501	n
9933369	2077	1500	n
9933627	2077	1499	n
9944008	2075	1499	n
9944259	2079	1499	n
9944512	2079	1499	n
9944768	2078	1498	n
9945019	2075	1499	n
9945270	2078	1501	n
9955656	2078	1499	n
9955907	2078	1502	n
9956158	2077	1499	n
9956409	2078	1497	n
9956665	2075	1500	n
9956916	2077	1499	n
9957167	2076	1499	n
9967561	2077	1502	n
9967816	2079	1501	n
9968067	2077	1499	n
9968318	2077	1499	n
9968572	2078	1500	n
9968827	2078	1501	n
9979200	2077	1500	n
9979473	2078	1500	n
9979729	2078	1501	n
9979989	2080	1500	n
9980262	2077	1501	n
9980517	2079	1499	n
9980773	2078	1499	n
9991187	2078	1499	n
9991703	2079	1501	n
9991954	2078	1499	n
9992205	2079	1500	n
9992465	2081	1499	n
9992743	2077	1502	n
9992994	2078	1499	n
10003383	2077	1500	Time:00:00:00:00;;
10004089	2078	1499	n
10004363	2075	1499	n
10004616	2076	1500	n
10004880	2077	1499	n
10015295	2078	1502	n
10015778	2078	1501	n
10016029	2077	1499	n
10016280	2079	1500	n
10016564	2079	1502	n
10016819	2079	1501	n
10017071	2079	1501	n
10027447	2076	1500	n
10027960	2079	1502	n
10028211	2079	1499	n
10028463	2081	1499	n
10028718	2077	1501	n
10029000	2078	1501	n
10039401	2077	1498	n
10039888	2079	1501	n
10040140	2078	1498	n
10040399	2077	1501	n
10040681	2077	1499	n
10040932	2078	1499	n
10051339	2078	1501	n
10051833	2078	1499	n
10052106	2078	1499	n
10052358	2077	1499	n
10052612	2079	1500	n
10052877	2079	1501	n
10053150	2079	1502	n
10063589	2077	1501	Time:00:00:00:00;;
10064294	2078	1500	n
10064571	2079	1501	n
10064827	2080	1502	n
10065078	2079	1501	n
10075509	2077	1500	n
10076022	2078	1499	n
10076273	2078	1500	n
10076527	2076	1501	n
10076791	2079	1500	n
10077065	2079	1500	n
10077316	2077	1499	n
10087741	2079	1500	n
10088226	2079	1500	n
10088503	2078	1500	n
10088759	2078	1501	n
10089010	2076	1499	n
10089270	2078	1498	n
10099703	2078	1501	n
10100181	2078	1501	n
10100432	2076	1501	n
10100697	2080	1499	n
10100971	2079	1499	n
10101222	2078	1499	n
10111631	2078	1502	n
10112122	2078	1501	n
10112396	2078	1498	n
10112654	2077	1500	n
10112905	2074	1498	n
10113165	2079	1500	n
10113438	2075	1499	n
10123875	2079	1499	n
10124353	2078	1499	n
10124618	2078	1499	n
10124896	2077	1499	n
10125147	2077	1500	n
10125399	2078	1501	n
10135828	2077	1502	n
10136335	2076	1501	n
10136592	2078	1499	n
10136848	2079	1501	n
10137108	2079	1500	n
10137381	2079	1500	n
10147749	2078	1501	n
10148226	2078	1500	n
10148477	2077	1501	n
10148765	2077	1500	n
10149016	2078	1499	n
10149267	2077	1499	n
10149525	2078	1499	n
10159927	2077	1500	n
10160417	2077	1501	n
10160673	2077	1499	n
10160924	2078	1499	n
10161184	2078	1501	n
10161459	2077	1498	n
10171881	2077	1499	n
10172365	2078	1501	n
10172634	2077	1500	n
10172907	2077	1501	n
10173159	2077	1500	n
10173410	2077	1497	n
10183802	2077	1499	n
10184311	2077	1501	n
10184564	2078	1499	n
10184820	2079	1501	n
10185079	2079	1503	n
10185353	2078	1501	n
10185610	2078	1500	n
10195980	2078	1501	n
10196470	2082	1503	n
10196747	2078	1500	n
10196998	2077	1500	n
10197250	2078	1502	n
10197512	2079	1501	n
10207942	2079	1503	n
10208421	2078	1501	n
10208676	2078	1501	n
10208935	2075	1501	n
10209209	2075	1502	n
10209460	2078	1501	n
10219854	2079	1501	Time:00:00:00:00;;
10220387	2079	1499	n
10220644	2078	1499	n
10220895	2076	1499	n
10221147	2079	1500	n
10221398	2078	1499	n
10231777	2079	1502	n
10232028	2079	1501	n
10232279	2080	1501	n
10232534	2080	1500	n
10232790	2077	1501	n
10233041	2078	1501	n
10243468	2081	1501	n
10243724	2077	1503	n
10243975	2079	1503	n
10244227	2077	1501	n
10244478	2077	1501	n
10244734	2078	1502	n
10255164	2078	1499	n
10255415	2078	1500	n
10255670	2079	1501	n
10255922	2077	1501	n
10256173	2077	1501	n
10256424	2078	1503	n
10266791	2078	1501	n
10267042	2079	1500	n
10267293	2079	1501	n
10267547	2078	1501	n
10267802	2079	1501	n
10268053	2079	1501	n
10268304	2080	1503	n
10278698	2077	1499	n
10278949	2078	1501	n
10279200	2079	1501	n
10279451	2077	1500	n
10279707	2080	1499	n
10279958	2078	1501	n
10290337	2079	1499	n
10290592	2079	1500	n
10290847	2077	1499	n
10291098	2079	1499	n
10291349	2078	1502	n
10291606	2077	1501	n
10301981	2078	1500	n
10302232	2079	1501	n
10302484	2078	1501	n
10302740	2079	1499	n
10302991	2077	1499	n
10303242	2076	1499	n
10313681	2079	1502	n
10313932	2078	1501	n
10314183	2077	1501	n
10314434	2077	1499	n
10314690	2080	1501	n
10314941	2079	1502	n
10325372	2078	1499	n
10325631	2079	1503	n
10325882	2079	1502	n
10326133	2080	1503	n
10326384	2078	1501	n
10326644	2078	1503	n
10337068	2077	1500	n
10337319	2079	1499	n
10337576	2078	1501	n
10337832	2078	1498	n
10338083	2079	1500	n
10338334	2078	1501	n
10338589	2079	1502	n
10348987	2080	1499	n
10349238	2080	1501	n
10349492	2078	1499	n
10349747	2077	1501	n
10349999	2078	1500	n
10350250	2078	1502	n
10360638	2079	1501	n
10360889	2079	1501	n
10361140	2079	1502	n
10361391	2078	1499	n
10361650	2079	1502	n
10361901	2078	1499	n
10372258	2078	1501	n
10372512	2078	1501	n
10372767	2077	1501	n
10373018	2077	1501	n
10373269	2078	1500	n
10373527	2077	1501	n
10383970	2077	1499	n
10384222	2077	1501	n
10384473	2078	1501	n
10384728	2077	1499	n
10384979	2079	1500	n
10385230	2078	1500	n
10395670	2079	1499	n
10395921	2079	1501	n
10396173	2077	1501	n
10396424	2079	1500	n
10396679	2078	1499	n
10396931	2077	1499	n
10407345	2079	1500	n
10407598	2077	1501	n
10407853	2080	1501	n
10408104	2079	1502	n
10408355	2079	1502	n
10408610	2080	1500	n
10408866	2079	1501	n
10419281	2078	1500	n
10419537	2078	1500	n
10419792	2077	1501	n
10420043	2077	1499	n
10420294	2077	1501	n
10420552	2079	1501	n
10430925	2079	1502	n
10431176	2079	1499	n
10431427	2078	1501	n
10431683	2080	1500	n
10431934	2079	1502	n
10432185	2079	1499	n
10442620	2078	1499	n
10442876	2079	1501	n
10443127	2078	1500	n
10443378	2077	1501	n
10443635	2079	1500	n
10443886	2078	1503	n
10454246	2080	1502	n
10454503	2079	1501	n
10454759	2078	1498	n
10455010	2078	1502	n
10455261	2079	1499	n
10455517	2079	1502	n
10465959	2079	1499	n
10466210	2079	1500	n
10466461	2080	1501	n
10466717	2079	1499	n
10466968	2076	1502	n
10467219	2079	1500	n
10477642	2079	1501	n
10477893	2078	1501	n
10478144	2077	1499	n
10478395	2078	1501	n
10478653	2078	1499	n
10478905	2077	1502	n
10479156	2078	1501	n
10489578	2079	1500	n
10489833	2079	1500	n
10490084	2078	1499	n
10490335	2078	1501	n
10490593	2079	1501	n
10490848	2078	1501	n
10501218	2079	1503	n
10501469	2080	1499	n
10501725	2079	1502	n
10501976	2080	1501	n
10502227	2079	1502	n
10502478	2078	1502	n
10512913	2079	1501	n
10513165	2078	1501	n
10513416	2079	1500	n
10513671	2077	1499	n
10513923	2079	1502	n
10514174	2079	1501	n
10524609	2079	1502	n
10524864	2078	1501	n
10525116	2077	1501	n
10525367	2077	1501	n
10525627	2079	1500	n
10525878	2079	1501	n
10536236	2079	1503	n
10536492	2079	1502	n
10536748	2079	1503	n
10536999	2080	1499	n
10537250	2076	1501	n
10537507	2079	1501	n
10537762	2079	1501	n
10548138	2079	1501	n
10548389	2079	1501	n
10548649	2079	1502	n
10548900	2079	1502	n
10549152	2078	1503	n
10549403	2079	1502	n
10559783	2078	1501	n
10560035	2078	1501	n
10560286	2079	1501	n
10560541	2078	1501	n
10560796	2079	1501	n
10561047	2079	1501	n
10571426	2080	1502	n
10571682	2080	1501	n
10571933	2078	1499	n
10572184	2080	1501	n
10572435	2077	1499	n
10572691	2078	1502	n
10583121	2080	1502	n
10583373	2079	1502	n
10583634	2079	1501	n
10583885	2079	1502	n
10584136	2080	1502	n
10584388	2080	1503	n
10594817	2079	1500	n
10595068	2079	1499	n
10595319	2079	1501	n
10595575	2079	1501	n
10595830	2079	1502	n
10596082	2079	1500	n
10606444	2078	1501	n
10606704	2079	1499	n
10606955	2078	1499	n
10607207	2078	1499	n
10607458	2078	1502	n
10607713	2079	1500	n
10607964	2078	1500	n
10618346	2079	1501	n
10618603	2078	1499	n
10618858	2079	1500	n
10619110	2078	1499	n
10619361	2077	1501	n
10619614	2078	1500	n
10629990	2079	1502	n
10630241	2077	1501	n
10630496	2081	1501	n
10630751	2080	1501	n
10631003	2079	1503	n
10631254	2079	1503	n
10641641	2079	1501	n
10641892	2077	1501	n
10642143	2077	1502	n
10642394	2079	1498	n
10642654	2076	1499	n
10642906	2077	1501	n
10653328	2079	1500	n
10653581	2077	1499	n
10653837	2080	1503	n
10654088	2078	1499	n
10654339	2077	1499	n
10654595	2078	1499	n
10665024	2077	1502	n
10665275	2079	1501	n
10665528	2078	1503	n
10665784	2079	1500	n
10666035	2078	1501	n
10666286	2079	1501	n
10676655	2078	1502	n
10676907	2076	1501	n
10677158	2078	1502	n
10677409	2077	1498	n
10677665	2076	1498	n
10677916	2075	1501	n
10678168	2077	1499	n
10688557	2076	1499	n
10688813	2076	1499	n
10689064	2079	1501	n
10689315	2078	1501	n
10689571	2077	1499	n
10689827	2077	1501	n
10700197	2078	1500	n
10700448	2077	1502	n
10700704	2077	1501	n
10700955	2078	1499	n
10701207	2077	1498	n
10701458	2076	1499	n
10711841	2080	1502	n
10712092	2080	1501	n
10712343	2079	1501	n
10712596	2079	1499	n
10712852	2080	1501	n
10713103	2080	1502	n
10723540	2078	1499	n
10723796	2079	1502	n
10724047	2078	1501	n
10724298	2079	1503	n
10724555	2079	1500	n
10724810	2079	1501	n
10735232	2077	1500	n
10735484	2078	1499	n
10735740	2078	1499	n
10735991	2076	1501	n
10736242	2078	1499	n
10736497	2077	1501	n
10746859	2079	1500	n
10747110	2079	1501	n
10747361	2078	1501	n
10747615	2078	1501	n
10747870	2078	1501	n
10748121	2077	1500	n
10748372	2078	1500	n
10758765	2079	1502	n
10759016	2080	1501	n
10759267	2079	1501	n
10759523	2079	1501	n
10759779	2078	1501	n
10760030	2080	1503	n
10770405	2079	1501	n
10770662	2079	1501	n
10770914	2079	1501	n
10771165	2078	1500	n
10771416	2079	1500	n
10771672	2077	1501	n
10782048	2078	1500	n
10782299	2078	1501	n
10782554	2079	1501	n
10782809	2079	1502	n
10783060	2077	1501	n
10783311	2079	1499	n
10793746	2078	1501	n
10793997	2079	1501	n
10794248	2076	1501	n
10794503	2079	1502	n
10794759	2080	1500	n
10795010	2078	1501	n
10805439	2081	1501	n
10805696	2079	1500	n
10805947	2080	1499	n
10806198	2080	1502	n
10806450	2076	1502	n
10806706	2077	1501	n
10817066	2079	1501	n
10817317	2080	1502	n
10817571	2080	1500	n
10817826	2077	1501	n
10818077	2078	1501	n
10818329	2079	1499	n
10818581	2080	1501	n
10828968	2076	1501	n
10829219	2078	1500	n
10829471	2080	1500	n
10829726	2077	1499	n
10829977	2079	1499	n
10830228	2078	1499	n
10840614	2078	1500	n
10840870	2078	1499	n
10841121	2079	1500	n
10841372	2077	1498	n
10841631	2079	1501	n
10841882	2078	1500	n
10852256	2078	1500	n
10852509	2079	1501	n
10852765	2079	1501	n
10853016	2079	1501	n
10853267	2079	1502	n
10853524	2080	1501	n
10863951	2078	1501	n
10864203	2078	1500	n
10864454	2079	1501	n
10864709	2079	1501	n
10864960	2079	1500	n
10865211	2076	1499	n
10875651	2080	1501	n
10875903	2077	1499	n
10876154	2079	1499	n
10876405	2076	1499	n
10876663	2079	1501	n
10876915	2079	1501	n
10887274	2080	1501	n
10887527	2080	1501	n
10887783	2078	1501	n
10888034	2079	1501	n
10888285	2079	1501	n
10888540	2081	1501	n
10888796	2079	1501	n
10899176	2079	1502	n
10899427	2079	1502	n
10899683	2079	1499	n
10899934	2078	1502	n
10900185	2078	1502	n
10900436	2078	1499	n
10910820	2078	1501	n
10911071	2079	1499	n
10911322	2079	1499	n
10911578	2079	1501	n
10911833	2077	1501	n
10912084	2079	1500	n
10922463	2081	1500	n
10922718	2079	1501	n
10922970	2080	1501	n
10923221	2077	1501	n
10923472	2080	1501	n
10923727	2078	1500	n
10934158	2079	1499	n
10934410	2078	1498	n
10934665	2077	1502	n
10934916	2077	1500	n
10935168	2078	1501	n
10935419	2079	1500	n
10945854	2078	1501	n
10946105	2080	1501	n
10946356	2080	1501	n
10946613	2081	1501	n
10946868	2080	1499	n
10947119	2078	1501	n
10957481	2075	1501	n
10957739	2079	1501	n
10957990	2078	1501	n
10958241	2077	1499	n
10958496	2078	1499	n
10958752	2079	1500	n
10959003	2079	1499	n
10969383	2077	1500	n
10969644	2075	1501	n
10969895	2078	1501	n
10970147	2078	1501	n
10970398	2076	1498	n
10970657	2079	1501	n
10981036	2078	1503	n
10981354	2079	1502	n
10981609	2080	1501	n
10981865	2079	1501	n
10982124	2078	1502	n
10982398	2077	1498	n
10992809	2077	1501	n
10993286	2079	1503	n
10993552	2078	1500	n
10993829	2078	1500	n
10994080	2077	1500	n
10994332	2079	1499	n
11004763	2080	1500	Time:00:00:00:00;;
11005486	2079	1501	n
11005742	2078	1499	n
11006001	2080	1501	n
11006275	2079	1501	n
11006528	2078	1501	n
11016907	2080	1501	n
11017393	2078	1500	n
11017676	2077	1499	n
11017927	2078	1501	n
11018178	2078	1501	n
11018438	2077	1499	n
11028836	2079	1502	n
11029311	2079	1501	n
11029569	2079	1501	n
11029824	2080	1501	n
11030106	2079	1503	n
11030357	2081	1501	n
11040765	2078	1500	n
11041242	2081	1500	n
11041526	2075	1501	n
11041780	2079	1501	n
11042031	2077	1501	n
11042282	2078	1500	n
11042568	2077	1500	n
11052960	2080	1502	n
11053439	2077	1501	n
11053696	2077	1502	n
11053956	2079	1501	n
11054230	2079	1500	n
11054481	2079	1501	n
11064879	2077	1501	Time:00:00:00:00;;
11065582	2080	1501	n
11065859	2079	1502	n
11066110	2079	1502	n
11066370	2079	1500	n
11066650	2078	1502	n
11077023	2078	1501	n
11077507	2079	1501	n
11077771	2079	1502	n
11078044	2079	1499	n
11078296	2079	1501	n
11078551	2079	1501	n
11088977	2077	1501	n
11089485	2078	1501	n
11089742	2079	1502	n
11089993	2077	1498	n
11090253	2077	1500	n
11090529	2080	1501	n
11100898	2078	1501	n
11101375	2077	1502	n
11101633	2079	1501	n
11101915	2078	1499	n
11102166	2079	1501	n
11102418	2079	1498	n
11102673	2078	1501	n
11113076	2078	1502	n
11113571	2079	1501	n
11113826	2079	1499	n
11114078	2078	1502	n
11114337	2080	1502	n
11114614	2077	1500	n
11125030	2079	1500	n
11125509	2079	1503	n
11125773	2079	1501	n
11126047	2080	1501	n
11126298	2079	1501	n
11126555	2078	1501	n
11136950	2077	1500	n
11137457	2077	1501	n
11137713	2078	1499	n
11137964	2079	1498	n
11138223	2077	1501	n
11138500	2079	1500	n
11138755	2078	1500	n
11149128	2077	1501	n
11149617	2079	1501	n
11149896	2080	1501	n
11150147	2079	1501	n
11150398	2079	1501	n
11150663	2078	1500	n
11161091	2079	1502	n
11161578	2078	1501	n
11161833	2079	1501	n
11162093	2078	1502	n
11162366	2080	1503	n
11162627	2079	1502	n
11173003	2079	1501	n
11173492	2077	1500	n
11173779	2077	1499	n
11174030	2078	1501	n
11174281	2077	1500	n
11174537	2077	1501	n
11174824	2077	1499	n
11185181	2079	1501	n
11185666	2077	1501	n
11185917	2079	1499	n
11186177	2078	1501	n
11186450	2073	1499	n
11186706	2078	1501	n
11197135	2078	1501	n
11197634	2079	1501	n
11197907	2079	1501	n
11198159	2079	1501	n
11198410	2077	1499	n
11198674	2078	1502	n
11209055	2079	1501	n
11209537	2079	1500	n
11209792	2077	1501	n
11210052	2078	1501	n
11210325	2079	1501	n
11210579	2079	1501	n
11210834	2078	1500	n
11221233	2078	1499	Time:00:00:00:00;;
11221751	2077	1500	n
11222002	2077	1500	n
11222254	2078	1501	n
11222509	2078	1501	n
11232894	2080	1502	n
11233145	2078	1501	n
11233396	2079	1500	n
11233658	2076	1499	n
11233909	2079	1502	n
11234160	2078	1501	n
11244544	2080	1502	n
11244799	2079	1501	n
11245050	2080	1500	n
11245301	2079	1500	n
11245558	2079	1500	n
11245814	2078	1499	n
11256217	2078	1500	n
11256468	2080	1501	n
11256724	2078	1502	n
11256975	2078	1502	n
11257226	2077	1499	n
11257477	2078	1501	n
11257734	2079	1502	n
11268153	2078	1501	n
11268404	2079	1501	n
11268662	2078	1500	n
11268913	2079	1499	n
11269164	2078	1499	n
11269416	2078	1498	n
11279797	2077	1499	n
11280048	2079	1499	n
11280299	2078	1500	n
11280554	2078	1501	n
11280809	2078	1500	n
11281060	2078	1500	n
11291496	2079	1499	n
11291751	2079	1498	n
11292003	2077	1499	n
11292254	2079	1499	n
11292509	2076	1498	n
11292765	2078	1501	n
11303188	2078	1500	n
11303439	2080	1501	n
11303696	2079	1501	n
11303947	2076	1500	n
11304198	2078	1499	n
11304449	2077	1500	n
11314815	2079	1499	n
11315066	2077	1500	n
11315317	2079	1501	n
11315571	2079	1501	n
11315826	2078	1501	n
11316077	2076	1499	n
11316329	2075	1499	n
11326722	2077	1502	n
11326973	2077	1501	n
11327224	2079	1501	n
11327475	2079	1500	n
11327731	2078	1500	n
11327982	2077	1500	n
11338361	2079	1500	n
11338614	2078	1499	n
11338869	2079	1501	n
11339121	2079	1501	n
11339372	2079	1502	n
11339631	2077	1501	n
11350005	2078	1500	n
11350256	2077	1499	n
11350509	2079	1498	n
11350765	2075	1499	n
11351016	2075	1498	n
11351267	2077	1501	n
11361705	2079	1501	n
11361956	2078	1501	n
11362207	2078	1501	n
11362458	2078	1501	n
11362713	2078	1501	n
11362965	2078	1499	n
11373396	2078	1501	n
11373654	2078	1500	n
11373905	2078	1499	n
11374156	2079	1499	n
11374407	2077	1499	n
11374664	2077	1501	n
11385022	2078	1502	n
11385273	2079	1501	n
11385527	2079	1499	n
11385782	2079	1500	n
11386033	2080	1499	n
11386284	2077	1499	n
11386541	2077	1499	n
11396925	2075	1501	n
11397176	2078	1498	n
11397427	2077	1501	n
11397683	2077	1498	n
11397934	2077	1499	n
11398185	2078	1498	n
11408571	2080	1500	n
11408826	2077	1500	n
11409078	2078	1499	n
11409329	2078	1501	n
11409582	2079	1502	n
11409837	2078	1500	n
11420212	2078	1500	n
11420463	2079	1503	n
11420719	2077	1501	n
11420970	2079	1500	n
11421221	2078	1501	n
11421472	2079	1500	n
11431907	2078	1502	n
11432159	2079	1502	n
11432410	2079	1500	n
11432665	2080	1501	n
11432917	2078	1501	n
11433168	2080	1503	n
11443603	2078	1500	n
11443858	2078	1502	n
11444109	2078	1499	n
11444361	2077	1499	n
11444614	2079	1501	n
11444869	2077	1501	n
11455230	2077	1500	n
11455481	2080	1499	n
11455739	2079	1501	n
11455990	2076	1499	n
11456241	2076	1499	n
11456496	2079	1501	n
11456752	2077	1499	n
11467132	2080	1502	n
11467383	2079	1502	n
11467644	2079	1502	n
11467896	2077	1501	n
11468147	2079	1500	n
11468398	2078	1499	n
11478778	2079	1501	n
11479030	2079	1501	n
11479281	2081	1501	n
11479537	2079	1502	n
11479792	2078	1501	n
11480043	2078	1499	n
11490420	2076	1499	n
11490675	2077	1501	n
11490927	2079	1499	n
11491178	2078	1501	n
11491429	2079	1503	n
11491684	2079	1500	n
11502115	2080	1502	n
11502367	2079	1500	n
11502627	2079	1501	n
11502878	2079	1499	n
11503129	2078	1502	n
11503380	2078	1501	n
11513811	2079	1501	n
11514062	2078	1502	n
11514313	2078	1502	n
11514568	2078	1501	n
11514824	2078	1499	n
11515075	2079	1501	n
11525437	2078	1501	n
11525696	2077	1500	n
11525947	2078	1500	n
11526198	2078	1499	n
11526449	2075	1499	n
11526706	2078	1502	n
11526957	2079	1501	n
11537340	2079	1500	n
11537595	2077	1501	n
11537850	2077	1499	n
11538101	2078	1500	n
11538352	2079	1501	n
11538606	2078	1499	n
11548983	2077	1499	n
11549234	2080	1503	n
11549486	2078	1500	n
11549742	2077	1502	n
11549993	2078	1502	n
11550244	2080	1500	n
11560634	2079	1501	n
11560885	2078	1501	n
11561136	2077	1499	n
11561387	2077	1499	n
11561644	2080	1501	n
11561895	2077	1501	n
11572322	2077	1500	n
11572578	2078	1501	n
11572833	2078	1501	n
11573084	2078	1499	n
11573335	2078	1500	n
11573592	2080	1501	n
11584018	2078	1499	n
11584269	2079	1500	n
11584524	2079	1499	n
11584779	2079	1500	n
11585030	2078	1501	n
11585281	2078	1502	n
11595649	2078	1501	n
11595900	2079	1499	n
11596151	2079	1499	n
11596403	2079	1501	n
11596663	2078	1500	n
11596915	2079	1502	n
11597166	2079	1501	n
11607551	2078	1502	n
11607807	2078	1499	n
11608058	2079	1501	n
11608309	2077	1501	n
11608562	2079	1501	n
11608817	2078	1501	n
11619191	2078	1501	n
11619442	2078	1500	n
11619703	2078	1498	n
11619954	2079	1499	n
11620206	2078	1497	n
11620457	2075	1501	n
11630835	2078	1498	n
11631086	2077	1500	n
11631337	2077	1501	n
11631592	2077	1499	n
11631847	2078	1502	n
11632098	2079	1498	n
11642534	2079	1501	n
11642790	2078	1500	n
11643041	2078	1502	n
11643292	2079	1501	n
11643546	2079	1501	n
11643801	2077	1501	n
11654226	2078	1502	n
11654477	2078	1499	n
11654734	2079	1500	n
11654985	2079	1500	n
11655236	2080	1501	n
11655492	2079	1501	n
11665922	2079	1500	n
11666173	2077	1500	n
11666424	2078	1502	n
11666680	2079	1499	n
11666931	2078	1501	n
11667182	2078	1501	n
11667433	2077	1499	n
11677841	2077	1499	n
11678092	2078	1501	n
11678343	2078	1499	n
11678597	2079	1501	n
11678852	2077	1500	n
11679103	2079	1499	n
11689486	2078	1501	n
11689742	2078	1501	n
11689993	2079	1501	n
11690244	2078	1499	n
11690500	2079	1499	n
11690755	2079	1499	n
11701181	2079	1500	n
11701432	2079	1499	n
11701688	2077	1499	n
11701939	2079	1499	n
11702190	2075	1501	n
11702441	2078	1501	n
11712823	2077	1499	n
11713075	2078	1501	n
11713326	2079	1500	n
11713579	2078	1500	n
11713834	2078	1500	n
11714086	2078	1502	n
11724523	2080	1501	n
11724779	2079	1501	n
11725030	2079	1499	n
11725281	2077	1501	n
11725538	2077	1499	n
11725794	2079	1499	n
11736198	2079	1501	n
11736449	2078	1501	n
11736705	2080	1502	n
11736956	2078	1501	n
11737207	2079	1501	n
11737458	2077	1502	n
11737714	2077	1502	n
11748135	2077	1501	n
11748386	2076	1500	n
11748644	2078	1500	n
11748895	2079	1500	n
11749146	2078	1499	n
11749397	2078	1498	n
11759780	2079	1500	n
11760031	2077	1501	n
11760282	2079	1501	n
11760537	2079	1499	n
11760792	2078	1499	n
11761043	2077	1499	n
11771473	2080	1501	n
11771729	2079	1501	n
11771980	2080	1502	n
11772232	2078	1501	n
11772484	2078	1503	n
11772740	2079	1501	n
11783100	2079	1500	n
11783352	2078	1499	n
11783606	2078	1502	n
11783861	2079	1500	n
11784112	2079	1501	n
11784364	2078	1501	n
11794727	2079	1501	n
11794978	2079	1499	n
11795229	2077	1499	n
11795480	2078	1501	n
11795739	2076	1499	n
11795990	2077	1500	n
11806406	2080	1499	n
11806663	2079	1501	n
11806914	2080	1502	n
11807165	2077	1498	n
11807416	2079	1499	n
11807672	2077	1500	n
11807923	2078	1499	n
11818342	2078	1501	n
11818595	2077	1501	n
11818851	2077	1499	n
11819102	2079	1501	n
11819353	2077	1498	n
11819610	2079	1499	n
11829986	2079	1501	n
11830237	2077	1501	n
11830493	2078	1501	n
11830748	2079	1502	n
11830999	2081	1500	n
11831250	2080	1502	n
11841686	2078	1501	n
11841937	2079	1499	n
11842188	2077	1498	n
11842439	2078	1501	n
11842696	2078	1501	n
11842947	2077	1498	n
11853308	2079	1499	n
11853562	2079	1502	n
11853817	2079	1501	n
11854068	2078	1502	n
11854319	2078	1500	n
11854575	2079	1502	n
11865021	2079	1501	n
11865272	2079	1501	n
11865526	2080	1502	n
11865780	2079	1500	n
11866031	2079	1502	n
11866282	2078	1501	n
11876700	2081	1501	n
11876951	2078	1501	n
11877202	2077	1501	n
11877453	2075	1501	n
11877709	2080	1501	n
11877960	2077	1501	n
11878211	2078	1501	n
11888643	2077	1499	n
11888894	2077	1501	n
11889145	2077	1501	n
11889396	2079	1498	n
11889658	2077	1499	n
11889909	2077	1499	n
11900280	2079	1499	n
11900535	2078	1500	n
11900790	2077	1500	n
11901041	2077	1500	n
11901292	2079	1499	n
11901546	2078	1499	n
11911975	2079	1501	n
11912227	2079	1501	n
11912478	2078	1499	n
11912734	2078	1501	n
11912985	2079	1501	n
11913237	2079	1502	n
11923675	2078	1501	n
11923927	2076	1501	n
11924178	2078	1499	n
11924429	2079	1501	n
11924685	2079	1498	n
11924936	2076	1499	n
11935297	2078	1499	n
11935552	2078	1499	n
11935807	2078	1500	n
11936058	2077	1499	n
11936309	2077	1500	n
11936563	2080	1501	n
11936818	2077	1499	n
11947200	2080	1501	n
11947451	2077	1503	n
11947707	2080	1501	n
11947958	2080	1501	n
11948210	2079	1501	n
11948461	2081	1502	n
11958843	2081	1501	n
11959094	2080	1499	n
11959346	2080	1501	n
11959598	2077	1502	n
11959854	2079	1502	n
11960105	2079	1501	n
11970492	2078	1499	n
11970748	2079	1501	n
11970999	2078	1500	n
11971250	2078	1499	n
11971507	2078	1501	n
11971762	2078	1499	n
11982182	2079	1502	n
11982526	2078	1501	n
11982780	2079	1501	n
11983040	2079	1501	n
11983314	2079	1501	n
11983569	2078	1501	n
11993964	2079	1502	n
11994441	2078	1502	n
11994729	2077	1501	n
11994980	2080	1501	n
11995231	2081	1501	n
11995483	2080	1502	n
11995770	2079	1501	n
12006195	2079	1503	Time:00:00:00:00;;
12006894	2079	1501	n
12007176	2079	1501	n
12007427	2078	1503	n
12007683	2080	1502	n
12018114	2079	1502	n
12018631	2080	1499	n
12018882	2077	1499	n
12019133	2077	1499	n
12019384	2077	1499	n
12019676	2079	1499	n
12019927	2078	1501	n
12030345	2077	1501	n
12030831	2078	1501	n
12031113	2077	1501	n
12031364	2078	1501	n
12031621	2078	1501	n
12031876	2079	1501	n
12042299	2079	1501	n
12042792	2079	1501	n
12043043	2078	1501	n
12043294	2078	1499	n
12043580	2079	1501	n
12043836	2079	1501	n
12054253	2077	1501	n
12054739	2080	1501	n
12055021	2077	1501	n
12055273	2078	1501	n
12055526	2077	1500	n
12055782	2076	1499	n
12056064	2075	1498	n
12066484	2078	1501	Time:00:00:00:00;;
12067180	2079	1502	n
12067440	2079	1501	n
12067720	2080	1501	n
12067971	2080	1502	n
12078403	2078	1500	n
12078897	2080	1499	n
12079171	2077	1501	n
12079422	2079	1501	n
12079678	2078	1502	n
12079937	2078	1501	n
12080211	2078	1502	n
12090641	2079	1503	n
12091117	2077	1503	n
12091376	2079	1501	n
12091658	2081	1501	n
12091909	2079	1502	n
12092160	2078	1502	n
12102523	2078	1499	n
12103036	2078	1499	n
12103288	2079	1500	n
12103544	2078	1499	n
12103808	2077	1499	n
12104081	2077	1499	n
12114456	2075	1499	n
12114943	2078	1500	n
12115194	2077	1502	n
12115476	2075	1499	n
12115733	2078	1499	n
12115984	2079	1501	n
12116235	2077	1499	n
12126699	2078	1500	n
12127176	2080	1501	n
12127427	2079	1504	n
12127683	2079	1501	n
12127965	2081	1501	n
12128216	2077	1502	n
12138645	2078	1500	n
12139121	2077	1502	n
12139402	2079	1499	n
12139663	2078	1500	n
12139914	2078	1501	n
12140165	2078	1499	n
12150594	2077	1500	n
12151082	2077	1501	n
12151333	2077	1499	n
12151588	2077	1499	n
12151874	2078	1500	n
12152126	2077	1499	n
12152377	2079	1501	n
12162742	2078	1499	n
12163235	2078	1501	n
12163510	2077	1499	n
12163766	2077	1501	n
12164017	2077	1499	n
12164277	2077	1499	n
12174696	2078	1501	n
12175180	2076	1498	n
12175431	2078	1500	n
12175695	2078	1500	n
12175969	2078	1499	n
12176220	2077	1499	n
12186651	2077	1502	n
12187139	2079	1500	n
12187413	2079	1500	n
12187668	2077	1499	n
12187919	2075	1501	n
12188179	2075	1501	n
12188453	2078	1501	n
12198877	2077	1499	n
12199360	2078	1499	n
12199621	2078	1499	n
12199899	2079	1499	n
12200150	2077	1499	n
12200401	2078	1501	n
12210831	2078	1498	Time:00:00:00:00;;
12211558	2077	1499	n
12211813	2077	1501	n
12212073	2079	1500	n
12212347	2079	1502	n
12212603	2078	1499	n
12223027	2078	1500	n
12223278	2079	1499	n
12223535	2078	1501	n
12223790	2078	1499	n
12224041	2078	1499	n
12224292	2079	1501	n
12234675	2077	1499	n
12234926	2078	1501	n
12235178	2077	1499	n
12235429	2079	1500	n
12235684	2079	1499	n
12235935	2078	1500	n
12246298	2077	1500	n
12246554	2078	1501	n
12246810	2078	1500	n
12247061	2076	1499	n
12247312	2077	1501	n
12247569	2077	1499	n
12258010	2078	1501	n
12258261	2079	1502	n
12258517	2078	1499	n
12258773	2078	1497	n
12259024	2078	1499	n
12259275	2077	1500	n
12269708	2079	1501	n
12269959	2078	1499	n
12270210	2077	1498	n
12270462	2080	1500	n
12270717	2079	1501	n
12270968	2077	1501	n
12281385	2079	1502	n
12281644	2078	1498	n
12281895	2079	1499	n
12282146	2077	1499	n
12282398	2078	1501	n
12282657	2079	1501	n
12282908	2078	1501	n
12293321	2077	1501	n
12293578	2078	1499	n
12293833	2078	1500	n
12294084	2077	1499	n
12294336	2078	1501	n
12294593	2078	1499	n
12304965	2079	1500	n
12305216	2078	1501	n
12305467	2079	1499	n
12305723	2077	1500	n
12305974	2078	1501	n
12306225	2079	1501	n
12316665	2078	1499	n
12316916	2080	1500	n
12317167	2079	1502	n
12317418	2079	1499	n
12317674	2078	1502	n
12317925	2079	1501	n
12328286	2079	1501	n
12328541	2079	1500	n
12328796	2077	1499	n
12329048	2078	1500	n
12329299	2079	1500	n
12329554	2078	1500	n
12339999	2077	1498	n
12340250	2078	1498	n
12340507	2077	1499	n
12340762	2079	1501	n
12341013	2075	1500	n
12341265	2077	1499	n
12351678	2079	1499	n
12351929	2078	1501	n
12352180	2079	1500	n
12352431	2079	1502	n
12352687	2079	1501	n
12352939	2079	1501	n
12353190	2079	1502	n
12363621	2078	1501	n
12363876	2078	1501	n
12364127	2079	1499	n
12364378	2077	1500	n
12364635	2078	1501	n
12364886	2078	1501	n
12375258	2079	1501	n
12375511	2078	1500	n
12375767	2078	1500	n
12376018	2079	1499	n
12376269	2078	1501	n
12376524	2078	1501	n
12386953	2078	1499	n
12387205	2080	1502	n
12387456	2078	1501	n
12387711	2078	1502	n
12387962	2078	1500	n
12388213	2077	1500	n
12398653	2080	1500	n
12398905	2079	1503	n
12399156	2079	1502	n
12399407	2080	1501	n
12399664	2079	1500	n
12399915	2077	1501	n
12410276	2078	1499	n
12410529	2078	1501	n
12410784	2078	1501	n
12411036	2078	1500	n
12411287	2078	1499	n
12411544	2078	1499	n
12411799	2077	1499	n
12422178	2078	1502	n
12422429	2077	1503	n
12422685	2077	1499	n
12422936	2079	1500	n
12423188	2078	1500	n
12423439	2077	1499	n
12433822	2078	1500	n
12434073	2078	1500	n
12434324	2078	1501	n
12434578	2078	1499	n
12434833	2079	1501	n
12435084	2079	1502	n
12445466	2081	1501	n
12445721	2077	1501	n
12445973	2079	1500	n
12446224	2079	1499	n
12446475	2078	1499	n
12446731	2077	1503	n
12457161	2077	1501	n
12457413	2077	1499	n
12457668	2077	1500	n
12457920	2076	1499	n
12458171	2078	1501	n
12458422	2078	1503	n
12468857	2079	1501	n
12469108	2078	1501	n
12469359	2078	1499	n
12469613	2078	1501	n
12469868	2078	1499	n
12470119	2078	1499	n
12480485	2076	1501	n
12480741	2079	1501	n
12480992	2079	1500	n
12481243	2078	1502	n
12481499	2079	1502	n
12481755	2078	1499	n
12482006	2079	1501	n
12492386	2077	1501	n
12492644	2078	1502	n
12492895	2079	1499	n
12493147	2079	1500	n
12493398	2078	1501	n
12493658	2080	1501	n
12504030	2079	1501	n
12504281	2078	1500	n
12504537	2077	1501	n
12504792	2078	1500	n
12505043	2077	1500	n
12505295	2077	1499	n
12515677	2078	1499	n
12515928	2078	1500	n
12516179	2077	1501	n
12516431	2077	1500	n
12516687	2076	1499	n
12516938	2077	1499	n
12527368	2078	1502	n
12527626	2079	1501	n
12527877	2079	1502	n
12528128	2077	1500	n
12528379	2079	1499	n
12528637	2078	1501	n
12539064	2077	1502	n
12539315	2079	1501	n
12539571	2079	1499	n
12539826	2078	1500	n
12540078	2079	1499	n
12540329	2077	1502	n
12550693	2079	1499	n
12550944	2075	1500	n
12551195	2078	1501	n
12551446	2077	1501	n
12551704	2079	1501	n
12551955	2078	1500	n
12552206	2078	1501	n
12562595	2078	1500	n
12562851	2079	1501	n
12563102	2079	1499	n
12563353	2077	1499	n
12563610	2079	1502	n
12563866	2078	1500	n
12574237	2079	1501	n
12574492	2079	1499	n
12574748	2079	1503	n
12574999	2080	1501	n
12575250	2079	1501	n
12575507	2080	1502	n
12585881	2078	1499	n
12586132	2077	1501	n
12586383	2077	1502	n
12586644	2079	1500	n
12586896	2075	1501	n
12587147	2078	1497	n
12597578	2078	1499	n
12597834	2079	1501	n
12598085	2078	1501	n
12598337	2078	1499	n
12598592	2078	1501	n
12598847	2078	1499	n
12609272	2081	1501	n
12609526	2080	1499	n
12609780	2077	1500	n
12610031	2078	1501	n
12610282	2078	1500	n
12610537	2079	1502	n
12620899	2075	1501	n
12621150	2078	1499	n
12621401	2078	1499	n
12621662	2074	1499	n
12621913	2080	1500	n
12622164	2077	1499	n
12622416	2077	1498	n
12632801	2079	1501	n
12633052	2079	1499	n
12633304	2077	1501	n
12633561	2078	1500	n
12633816	2080	1500	n
12634067	2077	1502	n
12644445	2078	1501	n
12644703	2081	1501	n
12644954	2078	1503	n
12645205	2078	1501	n
12645456	2078	1501	n
12645712	2079	1499	n
12656088	2078	1501	n
12656339	2079	1499	n
12656595	2078	1501	n
12656851	2079	1502	n
12657102	2079	1502	n
12657353	2079	1501	n
12667783	2079	1502	n
12668035	2077	1500	n
12668286	2077	1502	n
12668540	2078	1501	n
12668796	2079	1501	n
12669047	2077	1499	n
12679479	2079	1499	n
12679740	2077	1499	n
12679991	2077	1501	n
12680242	2079	1499	n
12680500	2078	1501	n
12680755	2079	1501	n
12691175	2079	1502	n
12691426	2080	1503	n
12691682	2078	1501	n
12691933	2080	1501	n
12692184	2079	1501	n
12692435	2079	1499	n
12692696	2080	1499	n
12703095	2077	1501	n
12703346	2079	1499	n
12703603	2079	1501	n
12703858	2079	1499	n
12704110	2079	1502	n
12704361	2077	1499	n
12714742	2078	1499	n
12714993	2079	1501	n
12715244	2079	1501	n
12715499	2079	1502	n
12715755	2077	1499	n
12716006	2079	1501	n
12726365	2078	1500	n
12726620	2078	1500	n
12726876	2077	1499	n
12727127	2078	1502	n
12727378	2078	1501	n
12727635	2079	1501	n
12737991	2078	1501	n
12738243	2080	1501	n
12738499	2078	1499	n
12738755	2078	1501	n
12739006	2078	1500	n
12739258	2078	1500	n
12749691	2079	1501	n
12749942	2079	1501	n
12750194	2078	1503	n
12750445	2076	1501	n
12750704	2079	1501	n
12750955	2078	1499	n
12761314	2077	1499	n
12761569	2078	1500	n
12761824	2079	1501	n
12762075	2078	1500	n
12762326	2078	1501	n
12762580	2076	1499	n
12762835	2075	1499	n
12773216	2079	1501	n
12773467	2079	1499	n
12773723	2078	1499	n
12773974	2078	1499	n
12774225	2078	1499	n
12774477	2077	1499	n
12784860	2077	1499	n
12785111	2078	1500	n
12785362	2078	1500	n
12785615	2078	1499	n
12785871	2078	1499	n
12786122	2078	1500	n
12796506	2079	1502	n
12796762	2079	1501	n
12797013	2078	1502	n
12797264	2078	1502	n
12797520	2077	1500	n
12797776	2079	1501	n
12808198	2079	1499	n
12808450	2075	1499	n
12808706	2077	1500	n
12808957	2077	1500	n
12809208	2078	1499	n
12809460	2077	1499	n
12819894	2077	1499	n
12820145	2078	1501	n
12820396	2077	1501	n
12820658	2079	1501	n
12820909	2078	1502	n
12821160	2079	1501	n
12831527	2078	1501	n
12831782	2079	1500	n
12832033	2080	1501	n
12832284	2078	1502	n
12832542	2080	1499	n
12832797	2079	1501	n
12833048	2079	1500	n
12843423	2077	1503	n
12843679	2079	1499	n
12843930	2079	1502	n
12844181	2078	1501	n
12844432	2077	1499	n
12844689	2079	1501	n
12855067	2078	1501	n
12855318	2078	1500	n
12855575	2079	1499	n
12855831	2078	1501	n
12856082	2077	1502	n
12856333	2079	1501	n
12866715	2079	1503	n
12866967	2077	1501	n
12867218	2079	1502	n
12867469	2080	1499	n
12867725	2077	1501	n
12867976	2078	1501	n
12878406	2079	1501	n
12878662	2078	1502	n
12878914	2080	1500	n
12879165	2078	1501	n
12879416	2079	1501	n
12879671	2079	1499	n
12890102	2079	1502	n
12890353	2079	1501	n
12890610	2079	1502	n
12890865	2079	1501	n
12891116	2081	1502	n
12891368	2079	1501	n
12901729	2077	1499	n
12901980	2079	1501	n
12902231	2077	1502	n
12902483	2078	1499	n
12902739	2078	1501	n
12902990	2078	1501	n
12903242	2079	1499	n
12913638	2078	1501	n
12913889	2077	1500	n
12914140	2079	1499	n
12914391	2077	1500	n
12914649	2078	1499	n
12914901	2079	1500	n
12925275	2079	1499	n
12925529	2079	1501	n
12925784	2079	1500	n
12926035	2079	1500	n
12926286	2079	1500	n
12926541	2079	1499	n
12936918	2078	1501	n
12937169	2079	1502	n
12937420	2077	1502	n
12937676	2077	1501	n
12937927	2078	1501	n
12938178	2075	1499	n
12948613	2078	1501	n
12948869	2080	1500	n
12949120	2079	1500	n
12949371	2077	1501	n
12949631	2078	1499	n
12949882	2078	1499	n
12960309	2078	1501	n
12960562	2078	1501	n
12960817	2077	1500	n
12961068	2078	1501	n
12961320	2078	1501	n
12961575	2076	1500	n
12971936	2079	1502	n
12972187	2080	1502	n
12972438	2077	1501	n
12972696	2079	1502	n
12972948	2079	1503	n
12973199	2080	1501	n
12973450	2076	1501	n
12983838	2075	1499	n
12984232	2079	1499	n
12984484	2079	1501	n
12984740	2075	1499	n
12985000	2078	1501	n
12985274	2078	1500	n
12995659	2078	1499	n
12996136	2078	1499	n
12996396	2077	1499	n
12996676	2078	1500	n
12996927	2077	1499	n
12997178	2077	1499	n
13007592	2078	1501	Time:00:00:00:00;;
13008317	2078	1499	n
13008571	2080	1499	n
13008826	2077	1501	n
13009108	2080	1501	n
13009359	2080	1501	n
13019723	2077	1501	n
13020200	2078	1501	n
13020460	2079	1501	n
13020738	2078	1501	n
13020989	2079	1501	n
13021240	2078	1501	n
13031676	2079	1502	n
13032183	2078	1503	n
13032434	2077	1501	n
13032691	2079	1501	n
13032950	2079	1501	n
13033225	2079	1501	n
13043610	2079	1502	n
13044092	2078	1501	n
13044352	2079	1501	n
13044634	2079	1500	n
13044885	2077	1501	n
13045136	2078	1501	n
13045396	2078	1501	n
13055865	2079	1501	n
13056344	2079	1503	n
13056597	2079	1502	n
13056861	2080	1499	n
13057134	2079	1501	n
13057385	2079	1503	n
13067811	2079	1500	Time:00:00:00:00;;
13068517	2079	1501	n
13068795	2079	1501	n
13069046	2080	1499	n
13069306	2078	1501	n
13069582	2080	1502	n
13080007	2078	1499	n
13080485	2078	1499	n
13080750	2079	1502	n
13081023	2079	1500	n
13081275	2079	1501	n
13081528	2078	1502	n
13091961	2081	1501	n
13092468	2079	1501	n
13092724	2077	1500	n
13092975	2078	1500	n
13093235	2079	1501	n
13093511	2078	1501	n
13103899	2080	1500	n
13104376	2078	1499	n
13104634	2080	1499	n
13104916	2079	1501	n
13105167	2079	1501	n
13105419	2077	1499	n
13105674	2079	1500	n
13116155	2079	1501	n
13116637	2079	1502	n
13116888	2079	1499	n
13117148	2079	1499	n
13117422	2077	1502	n
13117678	2077	1502	n
13128100	2079	1499	n
13128580	2079	1501	n
13128866	2077	1501	n
13129117	2078	1499	n
13129368	2079	1503	n
13129632	2078	1499	n
13140020	2079	1499	n
13140510	2079	1500	n
13140765	2080	1501	n
13141016	2077	1499	n
13141298	2080	1502	n
13141555	2078	1499	n
13141810	2078	1500	n
13152198	2079	1501	n
13152692	2079	1503	n
13152972	2080	1501	n
13153224	2078	1501	n
13153475	2075	1500	n
13153739	2079	1501	n
13164152	2080	1501	n
13164635	2077	1499	n
13164886	2079	1501	n
13165146	2077	1501	n
13165421	2078	1501	n
13165676	2079	1501	n
13176073	2079	1501	n
13176569	2078	1498	n
13176846	2079	1499	n
13177097	2077	1501	n
13177349	2077	1501	n
13177615	2078	1501	n
13177893	2078	1502	n
13188251	2079	1499	n
13188738	2077	1499	n
13188998	2075	1502	n
13189272	2078	1501	n
13189526	2078	1502	n
13189782	2079	1500	n
13200205	2079	1500	n
13200727	2079	1499	n
13200979	2078	1502	n
13201230	2080	1500	n
13201492	2079	1501	n
13201770	2079	1501	n
13212195	2078	1499	Time:00:00:00:00;;
13212892	2077	1501	n
13213144	2079	1499	n
13213395	2077	1499	n
13213654	2079	1501	n
13213905	2079	1499	n
13224268	2077	1499	n
13224523	2077	1501	n
13224779	2078	1499	n
13225030	2078	1501	n
13225281	2077	1501	n
13225537	2077	1499	n
13235964	2078	1501	n
13236215	2076	1499	n
13236466	2079	1500	n
13236722	2078	1499	n
13236973	2077	1499	n
13237224	2078	1501	n
13247608	2077	1501	n
13247863	2077	1499	n
13248114	2079	1501	n
13248365	2078	1499	n
13248621	2077	1499	n
13248876	2075	1499	n
13259287	2078	1501	n
13259544	2079	1501	n
13259799	2079	1502	n
13260050	2079	1499	n
13260301	2079	1501	n
13260558	2079	1501	n
13260814	2079	1503	n
13271223	2078	1500	n
13271474	2078	1501	n
13271730	2078	1502	n
13271981	2079	1502	n
13272232	2079	1501	n
13272484	2079	1501	n
13282867	2079	1501	n
13283118	2078	1501	n
13283369	2079	1500	n
13283627	2079	1502	n
13283878	2079	1499	n
13284129	2080	1501	n
13294564	2078	1499	n
13294820	2079	1502	n
13295071	2078	1501	n
13295322	2080	1501	n
13295578	2078	1501	n
13295833	2078	1501	n
13306258	2079	1502	n
13306511	2079	1502	n
13306767	2080	1499	n
13307018	2078	1500	n
13307269	2080	1499	n
13307524	2078	1499	n
13317885	2077	1499	n
13318136	2080	1501	n
13318387	2079	1501	n
13318644	2078	1501	n
13318895	2080	1501	n
13319146	2077	1501	n
13319397	2079	1502	n
13329789	2080	1503	n
13330041	2079	1503	n
13330292	2080	1501	n
13330545	2080	1502	n
13330800	2080	1502	n
13331051	2079	1501	n
13341431	2080	1501	n
13341687	2079	1499	n
13341938	2077	1499	n
13342189	2081	1500	n
13342440	2079	1499	n
13342698	2078	1499	n
13353075	2078	1502	n
13353326	2079	1501	n
13353579	2078	1501	n
13353835	2080	1501	n
13354086	2080	1501	n
13354337	2078	1501	n
13364770	2078	1501	n
13365022	2079	1501	n
13365273	2078	1500	n
13365526	2079	1501	n
13365781	2078	1501	n
13366032	2078	1499	n
13376466	2081	1501	n
13376722	2080	1502	n
13376973	2079	1502	n
13377224	2078	1499	n
13377475	2077	1501	n
13377731	2079	1503	n
13388092	2078	1501	n
13388343	2077	1499	n
13388596	2077	1500	n
13388852	2077	1500	n
13389103	2078	1499	n
13389354	2078	1500	n
13389609	2079	1501	n
13399995	2079	1501	n
13400246	2078	1499	n
13400503	2078	1499	n
13400759	2079	1501	n
13401010	2076	1502	n
13401261	2078	1499	n
13411648	2079	1499	n
13411899	2078	1499	n
13412151	2078	1501	n
13412402	2077	1501	n
13412662	2075	1499	n
13412913	2079	1501	n
13423282	2079	1501	n
13423537	2079	1502	n
13423792	2079	1501	n
13424043	2079	1500	n
13424294	2078	1503	n
13424547	2077	1501	n
13434977	2079	1502	n
13435229	2080	1499	n
13435480	2079	1502	n
13435739	2077	1502	n
13435990	2078	1501	n
13436242	2077	1501	n
13446677	2079	1499	n
13446928	2077	1499	n
13447179	2078	1501	n
13447431	2077	1498	n
13447686	2077	1501	n
13447938	2075	1501	n
13458300	2081	1501	n
13458554	2079	1502	n
13458810	2079	1501	n
13459061	2080	1498	n
13459312	2079	1501	n
13459569	2081	1501	n
13459824	2078	1502	n
13470202	2077	1499	n
13470453	2075	1501	n
13470709	2080	1499	n
13470960	2078	1501	n
13471212	2079	1499	n
13471463	2079	1499	n
13481846	2079	1502	n
13482097	2079	1501	n
13482348	2078	1502	n
13482603	2079	1500	n
13482859	2079	1499	n
13483110	2078	1500	n
13493492	2078	1501	n
13493748	2079	1502	n
13493999	2079	1502	n
13494250	2079	1503	n
13494507	2079	1502	n
13494762	2079	1502	n
13505185	2079	1502	n
13505437	2079	1499	n
13505696	2080	1501	n
13505947	2078	1502	n
13506199	2078	1501	n
13506450	2077	1501	n
13516881	2080	1501	n
13517132	2079	1501	n
13517383	2078	1502	n
13517644	2078	1501	n
13517895	2078	1498	n
13518147	2079	1500	n
13528509	2077	1499	n
13528765	2079	1502	n
13529016	2078	1500	n
13529267	2078	1498	n
13529524	2079	1501	n
13529779	2078	1501	n
13530030	2079	1502	n
13540410	2079	1497	n
13540666	2078	1502	n
13540917	2079	1499	n
13541168	2079	1499	n
13541419	2078	1501	n
13541674	2080	1502	n
13552053	2080	1502	n
13552304	2079	1501	n
13552561	2078	1500	n
13552816	2078	1501	n
13553067	2078	1499	n
13553318	2079	1499	n
13563701	2078	1499	n
13563952	2077	1499	n
13564203	2080	1500	n
13564454	2077	1501	n
13564710	2079	1501	n
13564961	2079	1500	n
13575392	2075	1501	n
13575653	2077	1500	n
13575905	2079	1501	n
13576156	2076	1499	n
13576407	2078	1499	n
13576664	2077	1500	n
13587088	2077	1501	n
13587339	2079	1502	n
13587595	2077	1501	n
13587850	2079	1499	n
13588102	2079	1501	n
13588353	2079	1501	n
13598715	2079	1499	n
13598966	2079	1501	n
13599217	2080	1499	n
13599468	2080	1501	n
13599724	2079	1503	n
13599975	2078	1503	n
13600226	2079	1499	n
13610627	2078	1502	n
13610878	2079	1501	n
13611129	2078	1501	n
13611380	2078	1501	n
13611637	2079	1501	n
13611888	2077	1501	n
13622261	2080	1503	n
13622517	2078	1502	n
13622773	2078	1501	n
13623024	2079	1501	n
13623275	2078	1499	n
13623529	2077	1501	n
13633905	2079	1500	n
13634156	2078	1501	n
13634407	2079	1497	n
13634664	2079	1499	n
13634915	2079	1501	n
13635166	2078	1501	n
13645603	2077	1500	n
13645858	2077	1500	n
13646110	2077	1499	n
13646361	2077	1499	n
13646614	2077	1500	n
13646870	2079	1498	n
13657296	2079	1498	n
13657551	2077	1501	n
13657806	2078	1499	n
13658058	2078	1500	n
13658309	2077	1499	n
13658562	2077	1501	n
13668992	2080	1501	n
13669243	2079	1499	n
13669499	2080	1501	n
13669755	2077	1501	n
13670006	2079	1499	n
13670257	2081	1501	n
13670510	2079	1501	n
13680911	2079	1501	n
13681162	2077	1501	n
13681414	2080	1498	n
13681669	2079	1500	n
13681920	2078	1498	n
13682172	2080	1503	n
13692561	2077	1499	n
13692816	2077	1501	n
13693067	2080	1499	n
13693318	2079	1502	n
13693575	2078	1502	n
13693831	2077	1501	n
13704251	2079	1501	n
13704506	2079	1501	n
13704761	2078	1501	n
13705013	2077	1499	n
13705264	2078	1499	n
13705520	2078	1500	n
13715893	2078	1502	n
13716145	2079	1502	n
13716396	2078	1500	n
13716654	2079	1501	n
13716905	2080	1502	n
13717156	2078	1501	n
13727589	2079	1501	n
13727844	2080	1501	n
13728095	2079	1502	n
13728347	2079	1499	n
13728604	2079	1503	n
13728859	2080	1501	n
13739268	2079	1499	n
13739523	2078	1501	n
13739779	2076	1501	n
13740030	2078	1499	n
13740281	2078	1501	n
13740537	2078	1501	n
13740792	2077	1499	n
13751205	2079	1501	n
13751456	2075	1500	n
13751712	2078	1501	n
13751963	2079	1502	n
13752214	2079	1502	n
13752465	2081	1499	n
13762848	2079	1502	n
13763099	2081	1501	n
13763350	2079	1501	n
13763606	2079	1500	n
13763861	2079	1499	n
13764112	2079	1502	n
13774546	2079	1502	n
13774801	2080	1502	n
13775052	2079	1503	n
13775303	2080	1501	n
13775558	2078	1499	n
13775813	2079	1503	n
13786170	2078	1502	n
13786422	2078	1502	n
13786677	2079	1499	n
13786928	2079	1501	n
13787180	2078	1499	n
13787431	2078	1500	n
13797797	2078	1501	n
13798048	2079	1500	n
13798299	2078	1502	n
13798554	2079	1499	n
13798809	2079	1502	n
13799060	2080	1499	n
13809476	2080	1502	n
13809732	2079	1501	n
13809983	2079	1502	n
13810234	2079	1501	n
13810486	2080	1501	n
13810742	2079	1500	n
13810993	2079	1501	n
13821412	2078	1499	n
13821667	2078	1501	n
13821919	2078	1501	n
13822170	2078	1501	n
13822421	2079	1501	n
13822676	2079	1499	n
13833056	2078	1498	n
13833307	2079	1501	n
13833560	2078	1499	n
13833816	2078	1500	n
13834067	2077	1497	n
13834318	2078	1501	n
13844755	2079	1502	n
13845006	2080	1501	n
13845257	2079	1499	n
13845510	2078	1502	n
13845765	2078	1501	n
13846016	2079	1501	n
13856378	2077	1501	n
13856635	2078	1499	n
13856886	2077	1501	n
13857137	2078	1501	n
13857388	2079	1502	n
13857650	2079	1501	n
13868091	2079	1501	n
13868342	2079	1500	n
13868595	2079	1500	n
13868850	2079	1502	n
13869102	2078	1501	n
13869353	2079	1499	n
13879770	2079	1502	n
13880021	2080	1501	n
13880272	2081	1501	n
13880526	2079	1501	n
13880780	2079	1501	n
13881031	2079	1502	n
13881282	2079	1501	n
13891710	2079	1500	n
13891961	2078	1501	n
13892212	2079	1501	n
13892463	2080	1500	n
13892719	2079	1502	n
13892970	2079	1501	n
13903350	2079	1499	n
13903605	2078	1499	n
13903861	2079	1501	n
13904112	2081	1502	n
13904363	2079	1502	n
13904616	2079	1501	n
13915045	2078	1501	n
13915297	2078	1499	n
13915552	2079	1501	n
13915807	2079	1501	n
13916058	2079	1501	n
13916309	2078	1501	n
13926741	2078	1502	n
13926992	2079	1500	n
13927243	2077	1499	n
13927499	2078	1501	n
13927755	2079	1500	n
13928006	2075	1499	n
13938367	2080	1502	n
13938627	2079	1502	n
13938878	2079	1502	n
13939129	2080	1501	n
13939380	2079	1501	n
13939637	2079	1499	n
13939889	2079	1502	n
13950270	2080	1501	n
13950527	2078	1501	n
13950782	2079	1501	n
13951034	2079	1501	n
13951285	2080	1501	n
13951542	2080	1501	n
13961913	2078	1501	n
13962164	2078	1502	n
13962415	2077	1499	n
13962671	2078	1499	n
13962922	2078	1499	n
13963173	2078	1501	n
13973560	2080	1499	n
13973815	2080	1499	n
13974067	2079	1499	n
13974318	2078	1501	n
13974572	2077	1501	n
13974827	2078	1501	n
13985261	2079	1502	n
13985676	2079	1502	n
13985927	2081	1502	n
13986178	2079	1501	n
13986460	2079	1501	n
13986716	2079	1501	n
13997121	2079	1501	n
13997603	2080	1499	n
13997890	2078	1500	n
13998141	2077	1500	n
13998392	2078	1501	n
13998650	2080	1500	n
13998932	2080	1501	n
14009351	2078	1501	Time:00:00:00:00;;
14010047	2080	1501	n
14010306	2080	1501	n
14010581	2078	1501	n
14010837	2078	1501	n
14021271	2079	1501	n
14021762	2079	1501	n
14022036	2078	1499	n
14022287	2079	1503	n
14022544	2079	1502	n
14022808	2080	1501	n
14023081	2079	1501	n
14033507	2078	1501	n
14033987	2078	1501	n
14034247	2079	1502	n
14034527	2079	1499	n
14034782	2079	1501	n
14035033	2079	1502	n
14045455	2078	1500	n
14045969	2078	1499	n
14046220	2078	1499	n
14046471	2079	1501	n
14046736	2077	1501	n
14047009	2077	1499	n
14057409	2079	1498	n
14057893	2079	1501	n
14058152	2078	1499	n
14058426	2078	1501	n
14058681	2080	1498	n
14058933	2079	1501	n
14059193	2077	1501	Time:00:00:00:00;;
14069863	2079	1501	n
14070340	2079	1502	n
14070604	2078	1501	n
14070881	2078	1499	n
14071132	2079	1500	n
14081561	2080	1503	n
14082050	2079	1501	n
14082324	2079	1501	n
14082578	2080	1502	n
14082833	2080	1502	n
14083093	2080	1501	n
14083366	2079	1501	n
14093790	2077	1502	n
14094265	2080	1499	n
14094528	2079	1501	n
14094805	2078	1501	n
14095057	2078	1499	n
14095308	2079	1499	n
14105746	2077	1501	n
14106261	2078	1499	n
14106517	2077	1500	n
14106773	2079	1501	n
14107033	2078	1501	n
14107306	2078	1499	n
14117702	2077	1500	n
14118178	2080	1499	n
14118439	2078	1501	n
14118719	2077	1501	n
14118970	2081	1502	n
14119221	2080	1501	n
14119482	2079	1501	n
14129937	2079	1501	n
14130414	2077	1501	n
14130670	2078	1501	n
14130930	2075	1499	n
14131204	2079	1501	n
14131455	2079	1500	n
14141882	2080	1501	n
14142358	2079	1501	n
14142649	2080	1501	n
14142901	2078	1501	n
14143152	2077	1500	n
14143410	2078	1499	n
14153829	2078	1501	n
14154311	2078	1502	n
14154564	2078	1502	n
14154820	2078	1502	n
14155101	2078	1501	n
14155353	2079	1499	n
14155610	2079	1499	n
14165981	2078	1501	n
14166467	2082	1501	n
14166745	2080	1502	n
14166996	2078	1501	n
14167247	2079	1501	n
14167510	2079	1502	n
14177935	2078	1499	n
14178417	2079	1499	n
14178673	2079	1502	n
14178933	2077	1501	n
14179206	2077	1499	n
14179457	2079	1499	n
14189872	2079	1502	n
14190359	2078	1502	n
14190645	2079	1499	n
14190896	2078	1501	n
14191147	2079	1499	n
14191407	2079	1499	n
14191686	2079	1501	n
14202120	2080	1501	n
14202599	2080	1501	n
14202863	2078	1501	n
14203136	2077	1501	n
14203388	2078	1501	n
14203645	2078	1503	n
14214073	2078	1499	Time:00:00:00:00;;
14214751	2078	1502	n
14215002	2079	1501	n
14215254	2079	1501	n
14215509	2078	1501	n
14215765	2079	1501	n
14226183	2079	1501	n
14226434	2079	1500	n
14226691	2079	1501	n
14226942	2079	1501	n
14227193	2079	1499	n
14227444	2077	1499	n
14237827	2079	1499	n
14238078	2080	1501	n
14238329	2079	1499	n
14238586	2079	1502	n
14238842	2080	1499	n
14239093	2079	1502	n
14249526	2079	1501	n
14249782	2078	1499	n
14250033	2078	1500	n
14250284	2077	1499	n
14250541	2077	1501	n
14250796	2077	1501	n
14261218	2079	1501	n
14261469	2080	1501	n
14261725	2078	1502	n
14261976	2078	1501	n
14262227	2079	1502	n
14262478	2078	1501	n
14272862	2076	1499	n
14273113	2077	1499	n
14273364	2078	1499	n
14273620	2077	1500	n
14273876	2078	1500	n
14274127	2077	1501	n
14284541	2078	1500	n
14284796	2079	1501	n
14285047	2077	1501	n
14285298	2078	1501	n
14285554	2078	1500	n
14285810	2077	1499	n
14286061	2077	1499	n
14296477	2078	1501	n
14296734	2080	1501	n
14296985	2081	1502	n
14297236	2078	1498	n
14297492	2079	1501	n
14297748	2080	1502	n
14308121	2080	1501	n
14308372	2078	1501	n
14308631	2080	1500	n
14308882	2079	1499	n
14309133	2077	1499	n
14309384	2075	1500	n
14319816	2077	1501	n
14320067	2078	1501	n
14320319	2077	1502	n
14320576	2079	1501	n
14320831	2079	1499	n
14321082	2075	1501	n
14331518	2078	1501	n
14331774	2079	1502	n
14332025	2079	1502	n
14332276	2079	1502	n
14332529	2080	1499	n
14332784	2078	1501	n
14343208	2079	1500	n
14343459	2079	1501	n
14343714	2078	1501	n
14343965	2080	1501	n
14344216	2077	1501	n
14344467	2081	1501	n
14344723	2080	1503	n
14355127	2078	1499	n
14355378	2079	1499	n
14355635	2079	1501	n
14355886	2077	1501	n
14356137	2079	1501	n
14356388	2077	1498	n
14366775	2079	1499	n
14367026	2079	1501	n
14367277	2077	1501	n
14367530	2077	1502	n
14367785	2079	1500	n
14368036	2078	1499	n
14378398	2078	1501	n
14378657	2079	1501	n
14378908	2079	1501	n
14379160	2078	1502	n
14379411	2080	1499	n
14379667	2079	1499	n
14390023	2079	1501	n
14390275	2079	1501	n
14390528	2077	1502	n
14390783	2080	1499	n
14391034	2080	1503	n
14391286	2081	1500	n
14401720	2076	1501	n
14401971	2079	1501	n
14402223	2078	1501	n
14402474	2077	1501	n
14402730	2078	1499	n
14402981	2078	1499	n
14413346	2077	1501	n
14413603	2078	1502	n
14413859	2080	1501	n
14414110	2081	1501	n
14414361	2078	1501	n
14414614	2079	1501	n
14414869	2079	1499	n
14425248	2079	1502	n
14425503	2080	1501	n
14425759	2080	1499	n
14426010	2078	1501	n
14426261	2079	1501	n
14426518	2079	1502	n
14436892	2078	1501	n
14437143	2079	1502	n
14437395	2079	1499	n
14437653	2079	1501	n
14437904	2079	1501	n
14438156	2079	1499	n
14448540	2077	1501	n
14448796	2077	1499	n
14449047	2077	1499	n
14449298	2077	1500	n
14449555	2079	1500	n
14449810	2078	1499	n
14460231	2078	1500	n
14460483	2078	1500	n
14460739	2078	1500	n
14460991	2079	1502	n
14461242	2078	1499	n
14461497	2080	1501	n
14471927	2079	1501	n
14472178	2080	1503	n
14472429	2079	1502	n
14472684	2080	1501	n
14472936	2078	1501	n
14473187	2079	1502	n
14483557	2080	1502	n
14483812	2079	1499	n
14484063	2080	1501	n
14484314	2077	1501	n
14484572	2078	1500	n
14484827	2079	1501	n
14485078	2075	1501	n
14495456	2078	1502	n
14495712	2078	1500	n
14495963	2078	1500	n
14496214	2079	1501	n
14496465	2081	1501	n
14496721	2079	1501	n
14507100	2080	1500	n
14507351	2077	1499	n
14507606	2078	1501	n
14507861	2080	1501	n
14508112	2079	1501	n
14508363	2079	1502	n
14518747	2080	1501	n
14518998	2079	1499	n
14519250	2078	1502	n
14519507	2080	1501	n
14519762	2079	1503	n
14520013	2080	1503	n
14530438	2079	1499	n
14530697	2078	1502	n
14530948	2076	1501	n
14531199	2079	1501	n
14531450	2077	1501	n
14531706	2078	1501	n
14542134	2079	1501	n
14542385	2080	1501	n
14542644	2078	1502	n
14542895	2079	1499	n
14543146	2079	1499	n
14543397	2079	1501	n
14553761	2080	1500	n
14554012	2079	1499	n
14554263	2078	1502	n
14554520	2077	1501	n
14554775	2079	1501	n
14555026	2079	1501	n
14555278	2078	1500	n
14565668	2078	1498	n
14565919	2079	1499	n
14566170	2079	1499	n
14566421	2080	1503	n
14566676	2079	1499	n
14566928	2078	1501	n
14577307	2077	1499	n
14577560	2079	1499	n
14577815	2078	1499	n
14578067	2077	1501	n
14578318	2078	1500	n
14578572	2078	1499	n
14588951	2079	1501	n
14589202	2077	1501	n
14589453	2075	1500	n
14589709	2077	1500	n
14589960	2077	1501	n
14590211	2077	1500	n
14600651	2079	1504	n
14600902	2079	1502	n
14601153	2078	1501	n
14601404	2079	1499	n
14601662	2078	1499	n
14601913	2079	1501	n
14612342	2079	1502	n
14612595	2079	1500	n
14612850	2079	1501	n
14613101	2077	1499	n
14613353	2079	1499	n
14613610	2079	1501	n
14624038	2078	1499	n
14624289	2078	1499	n
14624543	2078	1502	n
14624799	2078	1499	n
14625050	2078	1501	n
14625301	2078	1500	n
14625558	2078	1501	n
14635957	2078	1498	n
14636208	2078	1502	n
14636459	2074	1501	n
14636715	2076	1501	n
14636966	2078	1501	n
14637217	2077	1500	n
14647605	2078	1501	n
14647861	2079	1500	n
14648112	2079	1502	n
14648363	2079	1501	n
14648616	2080	1499	n
14648871	2078	1501	n
14659297	2080	1499	n
14659552	2077	1501	n
14659807	2079	1501	n
14660058	2078	1501	n
14660309	2078	1499	n
14660562	2077	1499	n
14670940	2077	1499	n
14671192	2078	1499	n
14671443	2077	1501	n
14671704	2079	1500	n
14671955	2077	1501	n
14672206	2078	1498	n
14682640	2078	1501	n
14682891	2079	1500	n
14683143	2078	1499	n
14683394	2079	1502	n
14683654	2078	1501	n
14683905	2078	1500	n
14694315	2078	1501	n
14694571	2080	1499	n
14694827	2078	1501	n
14695078	2079	1499	n
14695329	2079	1500	n
14695586	2079	1499	n
14695842	2078	1501	n
14706251	2077	1499	n
14706506	2077	1498	n
14706762	2079	1501	n
14707013	2077	1499	n
14707264	2078	1501	n
14707520	2078	1499	n
14717895	2078	1501	n
14718146	2078	1501	n
14718397	2077	1501	n
14718658	2079	1502	n
14718909	2079	1500	n
14719161	2079	1501	n
14729595	2079	1502	n
14729850	2079	1501	n
14730102	2079	1501	n
14730353	2080	1502	n
14730610	2077	1501	n
14730865	2078	1499	n
14741286	2079	1501	n
14741540	2079	1500	n
14741796	2079	1500	n
14742047	2078	1499	n
14742298	2080	1500	n
14742555	2078	1502	n
14752929	2077	1499	n
14753180	2078	1499	n
14753431	2078	1501	n
14753687	2078	1499	n
14753938	2078	1499	n
14754190	2077	1501	n
14764608	2079	1500	n
14764863	2078	1501	n
14765114	2078	1501	n
14765365	2078	1500	n
14765620	2077	1499	n
14765876	2079	1501	n
14766127	2079	1499	n
14776547	2078	1499	n
14776802	2078	1499	n
14777053	2078	1500	n
14777304	2079	1501	n
14777561	2078	1499	n
14777816	2077	1501	n
14788188	2079	1501	n
14788439	2078	1499	n
14788696	2079	1499	n
14788947	2077	1501	n
14789198	2079	1501	n
14789450	2078	1499	n
14799883	2078	1501	n
14800135	2075	1500	n
14800386	2077	1499	n
14800644	2078	1502	n
14800895	2077	1499	n
14801146	2078	1499	n
14811579	2076	1499	n
14811835	2077	1500	n
14812086	2078	1499	n
14812337	2078	1500	n
14812592	2077	1499	n
14812847	2079	1500	n
14823206	2081	1502	n
14823457	2077	1499	n
14823712	2078	1501	n
14823964	2079	1503	n
14824215	2079	1502	n
14824466	2082	1501	n
14824722	2078	1501	n
14835108	2077	1499	n
14835359	2079	1501	n
14835613	2078	1501	n
14835868	2077	1499	n
14836119	2078	1500	n
14836370	2077	1501	n
14846757	2077	1501	n
14847008	2078	1501	n
14847259	2078	1500	n
14847512	2077	1501	n
14847768	2077	1499	n
14848019	2079	1499	n
14858396	2079	1502	n
14858654	2078	1498	n
14858905	2077	1501	n
14859156	2078	1501	n
14859407	2079	1499	n
14859664	2079	1502	n
14870091	2079	1501	n
14870342	2078	1501	n
14870596	2078	1501	n
14870851	2079	1501	n
14871102	2078	1499	n
14871354	2078	1502	n
14881787	2079	1499	n
14882038	2079	1499	n
14882289	2077	1499	n
14882543	2077	1499	n
14882799	2078	1502	n
14883050	2078	1500	n
14893414	2078	1501	n
14893669	2079	1501	n
14893920	2078	1502	n
14894171	2078	1501	n
14894422	2078	1503	n
14894678	2078	1501	n
14894929	2078	1501	n
14905316	2078	1502	n
14905571	2080	1499	n
14905826	2079	1501	n
14906077	2079	1501	n
14906329	2079	1502	n
14906581	2079	1501	n
14916960	2078	1501	n
14917211	2077	1500	n
14917462	2079	1501	n
14917718	2078	1501	n
14917969	2078	1500	n
14918220	2080	1502	n
14928606	2079	1501	n
14928861	2078	1501	n
14929112	2079	1501	n
14929364	2079	1501	n
14929621	2080	1502	n
14929876	2079	1501	n
14940298	2078	1501	n
14940555	2080	1501	n
14940810	2078	1501	n
14941061	2079	1499	n
14941313	2078	1501	n
14941569	2079	1501	n
14951994	2077	1501	n
14952245	2078	1501	n
14952499	2079	1501	n
14952755	2077	1501	n
14953006	2080	1501	n
14953257	2079	1503	n
14963621	2080	1502	n
14963876	2079	1502	n
14964127	2078	1502	n
14964378	2079	1501	n
14964635	2079	1501	n
14964886	2079	1499	n
14965137	2078	1500	n
14975526	2078	1501	n
14975780	2075	1498	n
14976031	2078	1501	n
14976282	2078	1500	n
14976537	2078	1500	n
14976792	2078	1499	n
14987167	2078	1499	n
14987635	2079	1501	n
14987886	2079	1502	n
14988137	2079	1499	n
14988419	2079	1502	n
14988675	2079	1502	n
14999035	2077	1501	n
14999517	2079	1501	n
14999782	2081	1501	n
15000056	2080	1502	n
15000307	2078	1501	n
15000560	2079	1500	n
15010989	2077	1497	Time:00:00:00:00;;
15011719	2075	1499	n
15011971	2076	1499	n
15012231	2077	1499	n
15012510	2078	1500	n
15012765	2079	1498	n
15023186	2078	1503	n
15023679	2079	1500	n
15023952	2078	1499	n
15024203	2079	1499	n
15024455	2077	1501	n
15024719	2075	1500	n
15035147	2079	1502	n
15035631	2078	1500	n
15035882	2078	1501	n
15036142	2077	1500	n
15036416	2077	1501	n
15036671	2077	1498	n
15036922	2078	1499	n
15047283	2080	1499	n
15047799	2079	1501	n
15048050	2079	1501	n
15048301	2077	1502	n
15048558	2080	1502	n
15048844	2080	1502	n
15059238	2081	1500	Time:00:00:00:00;;
15059942	2077	1499	n
15060203	2079	1502	n
15060476	2077	1500	n
15060733	2077	1499	n
15071141	2077	1501	n
15071634	2079	1499	n
15071908	2079	1502	n
15072159	2077	1501	n
15072410	2080	1499	n
15072674	2078	1501	n
15072948	2078	1503	n
15083336	2079	1502	n
15083822	2079	1502	n
15084082	2078	1501	n
15084355	2078	1501	n
15084610	2078	1501	n
15084865	2078	1501	n
15095256	2080	1501	n
15095773	2080	1502	n
15096025	2079	1502	n
15096276	2079	1502	n
15096538	2080	1502	n
15096818	2079	1501	n
15107193	2080	1499	n
15107682	2078	1500	n
15107933	2077	1501	n
15108215	2079	1501	n
15108467	2080	1502	n
15108723	2078	1502	n
15108974	2079	1502	n
15119396	2077	1499	n
15119880	2079	1499	n
15120131	2079	1499	n
15120382	2078	1500	n
15120673	2078	1501	n
15120924	2076	1501	n
15131308	2081	1503	n
15131792	2079	1501	n
15132052	2079	1498	n
15132326	2078	1501	n
15132579	2078	1500	n
15132835	2079	1500	n
15143246	2080	1499	n
15143741	2078	1502	n
15143992	2079	1501	n
15144243	2079	1500	n
15144506	2080	1502	n
15144784	2080	1501	n
15145035	2079	1501	n
15155441	2078	1501	n
15155938	2078	1499	n
15156211	2076	1499	n
15156462	2079	1498	n
15156718	2077	1501	n
15156978	2079	1500	n
15167368	2079	1502	n
15167857	2078	1501	n
15168108	2077	1502	n
15168367	2079	1501	n
15168650	2076	1501	n
15168901	2078	1499	n
15179298	2078	1501	n
15179798	2078	1501	n
15180072	2079	1502	n
15180323	2079	1501	n
15180578	2079	1499	n
15180841	2080	1502	n
15181115	2079	1502	n
15191496	2077	1500	n
15191985	2078	1499	n
15192236	2077	1500	n
15192524	2078	1499	n
15192779	2076	1501	n
15193030	2078	1501	n
15203413	2077	1500	n
15203926	2078	1502	n
15204177	2076	1499	n
15204428	2078	1503	n
15204684	2077	1501	n
15204966	2078	1499	n
15215351	2078	1501	Time:00:00:00:00;;
15215981	2079	1500	n
15216232	2078	1499	n
15216484	2077	1500	n
15216741	2077	1500	n
15216992	2078	1499	n
15227425	2080	1503	n
15227681	2079	1503	n
15227932	2079	1501	n
15228183	2079	1501	n
15228435	2079	1500	n
15228691	2079	1502	n
15239121	2079	1501	n
15239372	2077	1500	n
15239631	2077	1499	n
15239882	2078	1499	n
15240133	2076	1501	n
15240384	2078	1501	n
15250747	2078	1499	n
15250998	2079	1502	n
15251249	2077	1500	n
15251504	2078	1499	n
15251760	2078	1501	n
15252011	2078	1499	n
15252262	2077	1499	n
15262655	2081	1501	n
15262906	2080	1500	n
15263157	2079	1503	n
15263408	2079	1501	n
15263664	2079	1502	n
15263915	2079	1501	n
15274293	2079	1502	n
15274546	2078	1501	n
15274802	2079	1502	n
15275053	2079	1502	n
15275304	2078	1502	n
15275561	2078	1501	n
15285937	2079	1500	n
15286188	2079	1501	n
15286439	2078	1502	n
15286696	2079	1499	n
15286947	2078	1500	n
15287198	2078	1499	n
15297637	2079	1499	n
15297888	2078	1501	n
15298139	2079	1499	n
15298390	2079	1501	n
15298650	2078	1499	n
15298901	2078	1501	n
15309328	2079	1500	n
15309581	2080	1503	n
15309836	2078	1502	n
15310088	2082	1500	n
15310339	2079	1502	n
15310596	2079	1500	n
15321024	2080	1502	n
15321275	2079	1501	n
15321529	2080	1503	n
15321784	2080	1502	n
15322035	2079	1502	n
15322286	2079	1503	n
15322544	2077	1502	n
15332943	2079	1501	n
15333194	2078	1502	n
15333446	2078	1499	n
15333703	2076	1501	n
15333954	2077	1501	n
15334206	2078	1499	n
15344593	2080	1499	n
15344848	2080	1499	n
15345099	2077	1500	n
15345350	2079	1502	n
15345606	2078	1501	n
15345861	2078	1501	n
15356283	2079	1502	n
15356537	2078	1502	n
15356792	2078	1502	n
15357043	2080	1501	n
15357294	2079	1501	n
15357547	2079	1501	n
15367926	2079	1501	n
15368177	2077	1500	n
15368429	2080	1502	n
15368684	2078	1501	n
15368936	2080	1498	n
15369187	2077	1500	n
15379626	2079	1501	n
15379877	2079	1500	n
15380128	2077	1500	n
15380379	2078	1499	n
15380637	2077	1499	n
15380888	2078	1499	n
15391301	2079	1502	n
15391558	2079	1502	n
15391813	2079	1501	n
15392064	2078	1501	n
15392315	2077	1499	n
15392571	2078	1501	n
15392827	2080	1501	n
15403237	2080	1501	n
15403493	2080	1502	n
15403748	2079	1501	n
15403999	2079	1501	n
15404250	2079	1501	n
15404507	2080	1501	n
15414881	2078	1499	n
15415132	2079	1502	n
15415383	2079	1501	n
15415644	2079	1499	n
15415895	2078	1502	n
15416147	2077	1501	n
15426578	2079	1500	n
15426834	2079	1501	n
15427085	2078	1501	n
15427336	2078	1501	n
15427592	2077	1501	n
15427847	2079	1500	n
15438272	2078	1501	n
15438526	2079	1499	n
15438780	2078	1501	n
15439031	2079	1501	n
15439282	2079	1502	n
15439537	2078	1501	n
15449916	2080	1501	n
15450167	2078	1502	n
15450418	2078	1499	n
15450673	2080	1501	n
15450924	2079	1504	n
15451176	2079	1500	n
15461595	2078	1502	n
15461850	2080	1499	n
15462101	2079	1500	n
15462352	2078	1499	n
15462606	2078	1501	n
15462862	2078	1502	n
15463113	2078	1501	n
15473537	2078	1500	n
15473792	2078	1500	n
15474043	2077	1501	n
15474295	2079	1501	n
15474552	2078	1500	n
15474807	2078	1501	n
15485175	2081	1501	n
15485426	2079	1503	n
15485682	2079	1501	n
15485933	2080	1501	n
15486184	2080	1502	n
15486435	2077	1501	n
15496870	2079	1503	n
15497122	2078	1501	n
15497373	2080	1499	n
15497634	2079	1501	n
15497885	2079	1501	n
15498136	2079	1501	n
15508568	2078	1500	n
15508824	2079	1499	n
15509075	2079	1501	n
15509326	2076	1502	n
15509579	2080	1501	n
15509835	2078	1500	n
15520192	2078	1499	n
15520443	2079	1499	n
15520704	2078	1501	n
15520955	2078	1499	n
15521206	2080	1501	n
15521457	2076	1502	n
15521712	2078	1501	n
15532095	2079	1503	n
15532346	2079	1503	n
15532603	2079	1501	n
15532859	2078	1502	n
15533110	2080	1500	n
15533361	2079	1502	n
15543742	2078	1502	n
15543993	2079	1498	n
15544244	2079	1501	n
15544499	2079	1500	n
15544755	2077	1501	n
15545006	2079	1503	n
15555382	2079	1499	n
15555638	2078	1501	n
15555890	2079	1499	n
15556141	2079	1501	n
15556392	2077	1502	n
15556650	2077	1501	n
15567077	2078	1502	n
15567329	2079	1500	n
15567582	2080	1501	n
15567837	2078	1501	n
15568088	2078	1500	n
15568339	2079	1499	n
15578773	2079	1499	n
15579024	2079	1501	n
15579275	2077	1502	n
15579529	2078	1499	n
15579784	2077	1501	n
15580035	2079	1499	n
15590400	2077	1500	n
15590659	2077	1501	n
15590910	2078	1501	n
15591161	2078	1499	n
15591412	2077	1499	n
15591668	2078	1501	n
15591919	2078	1501	n
15602302	2078	1499	n
15602557	2079	1502	n
15602813	2079	1502	n
15603064	2078	1501	n
15603315	2076	1501	n
15603571	2078	1503	n
15613946	2080	1502	n
15614197	2080	1500	n
15614448	2077	1501	n
15614705	2079	1501	n
15614956	2079	1501	n
15615207	2079	1501	n
15625595	2079	1499	n
15625851	2078	1502	n
15626102	2078	1502	n
15626353	2080	1502	n
15626610	2080	1501	n
15626866	2078	1502	n
15637285	2079	1501	n
15637540	2078	1499	n
15637795	2079	1501	n
15638047	2077	1502	n
15638298	2079	1502	n
15638554	2079	1500	n
15648981	2077	1499	n
15649232	2077	1501	n
15649484	2079	1501	n
15649740	2079	1501	n
15649991	2079	1501	n
15650242	2078	1499	n
15660607	2078	1499	n
15660862	2079	1501	n
15661113	2078	1501	n
15661364	2079	1501	n
15661621	2078	1501	n
15661876	2078	1501	n
15662127	2078	1501	n
15672512	2079	1500	n
15672768	2078	1501	n
15673019	2079	1501	n
15673270	2081	1500	n
15673527	2078	1500	n
15673782	2079	1501	n
15684153	2078	1501	n
15684404	2079	1500	n
15684662	2079	1502	n
15684913	2078	1500	n
15685164	2079	1499	n
15685415	2079	1500	n
15695797	2079	1501	n
15696048	2079	1499	n
15696299	2080	1501	n
15696554	2078	1501	n
15696809	2078	1501	n
15697060	2077	1499	n
15707496	2078	1501	n
15707751	2080	1502	n
15708003	2080	1499	n
15708254	2078	1499	n
15708509	2080	1501	n
15708765	2080	1501	n
15719188	2079	1500	n
15719439	2079	1501	n
15719696	2078	1501	n
15719948	2079	1501	n
15720199	2079	1501	n
15720450	2077	1501	n
15730815	2078	1503	n
15731066	2077	1499	n
15731317	2079	1500	n
15731571	2078	1501	n
15731827	2079	1500	n
15732078	2077	1499	n
15732329	2078	1500	n
15742722	2078	1501	n
15742973	2079	1501	n
15743224	2078	1501	n
15743475	2078	1501	n
15743731	2080	1501	n
15743982	2078	1501	n
15754361	2079	1501	n
15754614	2079	1499	n
15754870	2080	1500	n
15755121	2076	1501	n
15755372	2079	1501	n
15755631	2079	1502	n
15766005	2077	1499	n
15766256	2077	1500	n
15766509	2076	1499	n
15766765	2079	1499	n
15767016	2077	1499	n
15767267	2078	1501	n
15777705	2077	1502	n
15777956	2079	1500	n
15778207	2078	1500	n
15778458	2078	1501	n
15778713	2075	1501	n
15778964	2079	1501	n
15789396	2079	1501	n
15789654	2080	1501	n
15789905	2080	1501	n
15790156	2078	1503	n
15790407	2077	1501	n
15790664	2077	1501	n
15801022	2078	1501	n
15801273	2078	1502	n
15801526	2078	1502	n
15801782	2080	1501	n
15802033	2078	1499	n
15802284	2077	1501	n
15802541	2079	1502	n
15812925	2080	1499	n
15813176	2079	1499	n
15813428	2080	1499	n
15813683	2079	1500	n
15813934	2081	1503	n
15814185	2079	1501	n
15824571	2078	1500	n
15824826	2079	1500	n
15825078	2078	1501	n
15825329	2081	1502	n
15825582	2079	1502	n
15825837	2077	1501	n
15836212	2078	1500	n
15836463	2080	1501	n
15836719	2079	1503	n
15836970	2079	1501	n
15837221	2079	1498	n
15837472	2080	1501	n
15847907	2078	1501	n
15848159	2078	1502	n
15848410	2080	1499	n
15848666	2079	1499	n
15848917	2078	1501	n
15849168	2079	1501	n
15859603	2078	1501	n
15859858	2078	1500	n
15860109	2078	1502	n
15860360	2077	1501	n
15860614	2077	1499	n
15860869	2077	1501	n
15871230	2079	1503	n
15871481	2078	1501	n
15871739	2078	1501	n
15871990	2079	1501	n
15872241	2079	1501	n
15872497	2077	1502	n
15872752	2077	1499	n
15883132	2079	1501	n
15883383	2079	1502	n
15883644	2079	1501	n
15883895	2079	1502	n
15884146	2079	1499	n
15884398	2079	1502	n
15894778	2079	1502	n
15895030	2079	1500	n
15895281	2077	1501	n
15895537	2080	1501	n
15895792	2079	1501	n
15896043	2078	1500	n
15906420	2079	1501	n
15906675	2078	1501	n
15906926	2078	1501	n
15907178	2077	1499	n
15907429	2078	1502	n
15907684	2080	1499	n
15918115	2077	1501	n
15918367	2078	1501	n
15918627	2079	1501	n
15918878	2079	1502	n
15919129	2078	1499	n
15919380	2078	1501	n
15929811	2079	1501	n
15930062	2080	1502	n
15930313	2079	1500	n
15930568	2081	1502	n
15930824	2079	1503	n
15931075	2079	1502	n
15941437	2078	1500	n
15941696	2077	1499	n
15941947	2079	1501	n
15942198	2074	1500	n
15942449	2079	1500	n
15942705	2077	1501	n
15942957	2081	1500	n
15953340	2077	1500	n
15953595	2078	1499	n
15953850	2077	1500	n
15954101	2079	1501	n
15954352	2079	1501	n
15954606	2077	1500	n
15964983	2077	1502	n
15965234	2079	1501	n
15965487	2080	1501	n
15965742	2079	1501	n
15965993	2078	1501	n
15966244	2080	1501	n
15976634	2080	1499	n
15976885	2080	1502	n
15977136	2079	1500	n
15977387	2078	1501	n
15977644	2079	1501	n
15977895	2079	1501	n
15988329	2077	1501	n
15988812	2079	1500	n
15989063	2078	1499	n
15989323	2079	1499	n
15989599	2076	1501	n
15989854	2079	1501	n
16000260	2079	1501	n
16000752	2078	1499	n
16001026	2079	1500	n
16001277	2076	1500	n
16001530	2079	1501	n
16001794	2077	1499	n
16002067	2079	1501	n
16012509	2079	1501	Time:00:00:00:00;;
16013213	2079	1501	n
16013493	2080	1502	n
16013748	2080	1501	n
16013999	2080	1503	n
16024427	2079	1503	n
16024939	2080	1502	n
16025190	2080	1501	n
16025441	2079	1501	n
16025707	2080	1501	n
16025981	2079	1499	n
16026232	2077	1501	n
16036661	2078	1502	n
16037146	2079	1500	n
16037420	2078	1502	n
16037676	2078	1499	n
16037927	2079	1501	n
16038186	2078	1501	n
16048621	2079	1501	n
16049102	2078	1503	n
16049353	2080	1502	n
16049610	2079	1501	n
16049896	2079	1501	n
16050148	2078	1500	n
16060552	2079	1501	Time:00:00:00:00;;
16061258	2077	1499	n
16061537	2079	1503	n
16061792	2078	1501	n
16062043	2079	1501	n
16062325	2079	1501	n
16072761	2080	1501	n
16073238	2079	1502	n
16073492	2078	1501	n
16073779	2078	1497	n
16074030	2078	1502	n
16074281	2076	1499	n
16084720	2079	1502	n
16085228	2078	1500	n
16085479	2078	1500	n
16085740	2079	1501	n
16085991	2079	1500	n
16086273	2077	1500	n
16086527	2079	1499	n
16096946	2079	1502	n
16097423	2079	1505	n
16097710	2077	1502	n
16097961	2079	1501	n
16098213	2079	1501	n
16098464	2081	1499	n
16108900	2078	1501	n
16109391	2080	1502	n
16109649	2078	1500	n
16109900	2079	1499	n
16110160	2079	1501	n
16110434	2080	1502	n
16120837	2077	1499	n
16121314	2077	1499	n
16121578	2079	1501	n
16121856	2077	1501	n
16122107	2078	1501	n
16122358	2078	1499	n
16122621	2078	1501	n
16133085	2078	1501	n
16133564	2077	1500	n
16133819	2077	1499	n
16134079	2077	1500	n
16134352	2077	1500	n
16134606	2079	1500	n
16145038	2077	1499	n
16145527	2079	1499	n
16145805	2078	1499	n
16146056	2079	1500	n
16146307	2078	1503	n
16146571	2078	1499	n
16156959	2080	1501	n
16157441	2079	1499	n
16157698	2079	1501	n
16157958	2079	1500	n
16158232	2078	1500	n
16158483	2079	1499	n
16158740	2078	1500	n
16169137	2077	1501	n
16169654	2078	1499	n
16169905	2077	1501	n
16170156	2078	1501	n
16170416	2078	1499	n
16170693	2079	1500	n
16181091	2077	1501	n
16181578	2079	1500	n
16181833	2077	1501	n
16182116	2077	1499	n
16182367	2079	1502	n
16182627	2079	1500	n
16193012	2079	1502	n
16193529	2079	1502	n
16193784	2078	1501	n
16194035	2079	1501	n
16194287	2080	1501	n
16194572	2079	1501	n
16194827	2079	1502	n
16205190	2081	1501	n
16205676	2078	1500	n
16205936	2078	1501	n
16206210	2080	1502	n
16206461	2078	1498	n
16206717	2077	1499	n
16217143	2077	1501	Time:00:00:00:00;;
16217751	2079	1501	n
16218003	2078	1501	n
16218254	2078	1501	n
16218509	2078	1499	n
16218765	2078	1500	n
16229167	2078	1501	n
16229418	2080	1499	n
16229674	2078	1501	n
16229925	2079	1501	n
16230176	2078	1501	n
16230427	2079	1502	n
16240811	2078	1501	n
16241062	2077	1499	n
16241313	2079	1501	n
16241568	2079	1500	n
16241824	2078	1502	n
16242075	2079	1501	n
16252438	2077	1501	n
16252696	2078	1499	n
16252947	2078	1501	n
16253198	2079	1501	n
16253449	2077	1501	n
16253706	2079	1500	n
16264063	2079	1501	n
16264315	2079	1501	n
16264571	2078	1499	n
16264826	2079	1498	n
16265078	2079	1502	n
16265329	2077	1501	n
16275759	2079	1500	n
16276010	2079	1499	n
16276261	2079	1502	n
16276517	2079	1501	n
16276773	2079	1502	n
16277024	2078	1501	n
16287386	2079	1500	n
16287644	2081	1503	n
16287895	2081	1502	n
16288146	2079	1503	n
16288397	2078	1502	n
16288659	2079	1502	n
16288910	2079	1501	n
16299288	2079	1501	n
16299543	2078	1501	n
16299799	2078	1501	n
16300050	2078	1501	n
16300301	2079	1499	n
16300558	2080	1500	n
16310932	2078	1500	n
16311183	2078	1501	n
16311434	2077	1502	n
16311690	2078	1501	n
16311941	2077	1502	n
16312193	2079	1500	n
16322578	2078	1502	n
16322833	2078	1502	n
16323084	2079	1502	n
16323335	2078	1500	n
16323592	2079	1501	n
16323848	2078	1500	n
16334271	2079	1502	n
16334526	2079	1501	n
16334780	2079	1502	n
16335031	2079	1500	n
16335282	2079	1501	n
16335537	2079	1501	n
16345967	2079	1501	n
16346218	2078	1501	n
16346469	2081	1499	n
16346725	2077	1500	n
16346976	2078	1500	n
16347227	2077	1500	n
16357594	2078	1501	n
16357849	2078	1500	n
16358100	2079	1499	n
16358351	2079	1502	n
16358606	2079	1500	n
16358861	2079	1499	n
16359112	2079	1502	n
16369499	2081	1501	n
16369755	2079	1501	n
16370006	2080	1502	n
16370257	2081	1502	n
16370510	2078	1502	n
16370766	2078	1502	n
16381140	2079	1501	n
16381391	2079	1503	n
16381649	2079	1501	n
16381900	2079	1501	n
16382151	2077	1501	n
16382403	2078	1501	n
16392783	2078	1500	n
16393034	2079	1501	n
16393286	2078	1499	n
16393540	2078	1501	n
16393796	2078	1501	n
16394047	2078	1499	n
16404478	2078	1501	n
16404735	2079	1500	n
16404986	2079	1501	n
16405237	2078	1501	n
16405493	2078	1503	n
16405748	2078	1499	n
16416174	2078	1501	n
16416425	2078	1503	n
16416681	2080	1501	n
16416932	2079	1501	n
16417183	2079	1500	n
16417434	2079	1501	n
16427801	2077	1498	n
16428052	2077	1499	n
16428303	2079	1501	n
16428558	2078	1502	n
16428813	2078	1502	n
16429064	2079	1499	n
16429315	2078	1499	n
16439708	2079	1502	n
16439959	2079	1499	n
16440210	2079	1501	n
16440461	2080	1501	n
16440717	2080	1501	n
16440968	2078	1500	n
16451347	2079	1501	n
16451603	2078	1500	n
16451858	2079	1502	n
16452109	2079	1501	n
16452361	2079	1501	n
16452614	2078	1501	n
16462991	2078	1502	n
16463242	2080	1501	n
16463497	2079	1502	n
16463752	2079	1501	n
16464003	2079	1502	n
16464254	2079	1501	n
16474690	2078	1499	n
16474941	2077	1502	n
16475192	2079	1499	n
16475444	2079	1501	n
16475704	2077	1500	n
16475955	2078	1501	n
16486382	2080	1501	n
16486638	2080	1502	n
16486889	2080	1501	n
16487141	2080	1501	n
16487392	2079	1501	n
16487650	2080	1503	n
16498009	2079	1502	n
16498260	2080	1503	n
16498513	2079	1500	n
16498768	2081	1499	n
16499020	2078	1501	n
16499271	2080	1502	n
16499527	2079	1501	n
16509911	2080	1501	n
16510162	2078	1502	n
16510413	2079	1502	n
16510669	2078	1501	n
16510920	2079	1500	n
16511172	2079	1501	n
16521561	2080	1501	n
16521816	2077	1501	n
16522067	2078	1501	n
16522318	2078	1501	n
16522575	2079	1500	n
16522831	2079	1501	n
16533198	2079	1502	n
16533449	2078	1503	n
16533705	2079	1501	n
16533957	2078	1501	n
16534208	2079	1502	n
16534459	2077	1501	n
16544893	2082	1503	n
16545145	2081	1502	n
16545396	2080	1501	n
16545653	2079	1501	n
16545905	2079	1502	n
16546156	2078	1502	n
16556589	2079	1502	n
16556844	2079	1503	n
16557095	2080	1501	n
16557346	2080	1501	n
16557604	2080	1499	n
16557859	2079	1502	n
16568216	2081	1502	n
16568467	2081	1501	n
16568723	2079	1498	n
16568974	2078	1500	n
16569225	2078	1499	n
16569477	2077	1501	n
16569733	2079	1501	n
16580118	2079	1501	n
16580369	2079	1501	n
16580631	2079	1501	n
16580882	2079	1501	n
16581133	2077	1501	n
16581385	2078	1500	n
16591766	2079	1501	n
16592017	2079	1499	n
16592269	2079	1503	n
16592523	2080	1502	n
16592779	2079	1502	n
16593030	2079	1501	n
16603406	2075	1500	n
16603663	2080	1501	n
16603914	2078	1499	n
16604166	2077	1499	n
16604417	2078	1498	n
16604672	2079	1498	n
16615101	2078	1500	n
16615353	2078	1500	n
16615610	2078	1501	n
16615865	2079	1500	n
16616116	2079	1502	n
16616367	2079	1498	n
16626797	2080	1501	n
16627048	2079	1503	n
16627299	2079	1501	n
16627554	2079	1501	n
16627809	2079	1502	n
16628060	2081	1502	n
16638424	2079	1503	n
16638679	2079	1501	n
16638930	2082	1501	n
16639181	2080	1499	n
16639432	2080	1502	n
16639689	2080	1503	n
16639940	2080	1502	n
16650326	2077	1498	n
16650579	2079	1498	n
16650835	2079	1499	n
16651086	2078	1501	n
16651337	2079	1502	n
16651592	2078	1499	n
16661970	2078	1501	n
16662221	2078	1499	n
16662472	2080	1502	n
16662728	2077	1500	n
16662979	2080	1502	n
16663230	2078	1498	n
16673616	2079	1503	n
16673871	2078	1502	n
16674122	2079	1502	n
16674373	2077	1502	n
16674634	2079	1502	n
16674885	2080	1502	n
16685308	2079	1500	n
16685562	2079	1502	n
16685817	2079	1501	n
16686068	2080	1501	n
16686319	2078	1499	n
16686575	2079	1499	n
16697004	2077	1499	n
16697255	2078	1501	n
16697509	2079	1500	n
16697765	2079	1503	n
16698016	2077	1499	n
16698267	2078	1501	n
16708635	2080	1499	n
16708886	2079	1499	n
16709137	2078	1501	n
16709389	2079	1501	n
16709650	2079	1499	n
16709901	2077	1502	n
16710152	2079	1503	n
16720537	2078	1501	n
16720792	2079	1501	n
16721044	2079	1499	n
16721295	2077	1501	n
16721552	2077	1501	n
16721807	2078	1501	n
16732177	2079	1502	n
16732428	2079	1502	n
16732684	2081	1501	n
16732935	2079	1500	n
16733186	2079	1501	n
16733437	2081	1499	n
16743821	2079	1501	n
16744072	2078	1502	n
16744323	2079	1502	n
16744578	2079	1500	n
16744833	2079	1501	n
16745084	2079	1500	n
16755520	2077	1499	n
16755776	2078	1501	n
16756027	2077	1501	n
16756278	2080	1501	n
16756535	2078	1502	n
16756791	2079	1502	n
16767212	2079	1499	n
16767463	2081	1502	n
16767719	2080	1501	n
16767970	2079	1500	n
16768221	2079	1501	n
16768472	2079	1503	n
16778839	2077	1499	n
16779090	2077	1502	n
16779341	2079	1500	n
16779595	2079	1502	n
16779850	2078	1501	n
16780101	2077	1501	n
16780352	2080	1501	n
16790745	2080	1500	n
16790996	2078	1501	n
16791247	2078	1500	n
16791503	2077	1499	n
16791759	2078	1499	n
16792010	2077	1501	n
16802385	2078	1501	n
16802644	2079	1501	n
16802895	2077	1502	n
16803146	2079	1500	n
16803397	2077	1501	n
16803659	2077	1499	n
16814028	2079	1502	n
16814279	2079	1501	n
16814534	2079	1501	n
16814790	2078	1499	n
16815041	2079	1500	n
16815292	2078	1499	n
16825727	2077	1502	n
16825978	2078	1500	n
16826230	2078	1500	n
16826481	2078	1501	n
16826739	2080	1499	n
16826990	2078	1499	n
16837419	2079	1501	n
16837674	2077	1502	n
16837926	2078	1501	n
16838177	2077	1500	n
16838428	2079	1501	n
16838684	2078	1500	n
16849046	2079	1501	n
16849297	2078	1499	n
16849554	2078	1502	n
16849809	2079	1500	n
16850060	2078	1502	n
16850312	2079	1499	n
16850569	2078	1501	n
16860948	2079	1502	n
16861199	2080	1502	n
16861450	2078	1501	n
16861707	2079	1502	n
16861958	2078	1498	n
16862209	2079	1501	n
16872595	2080	1501	n
16872850	2078	1501	n
16873101	2080	1501	n
16873352	2078	1500	n
16873610	2079	1502	n
16873865	2077	1502	n
16884236	2078	1500	n
16884492	2078	1499	n
16884748	2077	1502	n
16884999	2078	1500	n
16885250	2078	1501	n
16885508	2079	1501	n
16895931	2079	1501	n
16896183	2079	1501	n
16896434	2079	1500	n
16896690	2079	1499	n
16896941	2079	1501	n
16897192	2077	1500	n
16907631	2079	1502	n
16907883	2079	1501	n
16908134	2079	1501	n
16908385	2079	1500	n
16908644	2078	1501	n
16908895	2079	1500	n
16919254	2078	1503	n
16919509	2078	1500	n
16919764	2078	1499	n
16920016	2078	1499	n
16920267	2079	1500	n
16920524	2078	1500	n
16920779	2078	1499	n
16931156	2079	1501	n
16931407	2079	1499	n
16931664	2077	1500	n
16931915	2077	1501	n
16932166	2078	1501	n
16932417	2078	1498	n
16942800	2080	1499	n
16943051	2078	1501	n
16943302	2079	1501	n
16943557	2079	1500	n
16943812	2080	1500	n
16944064	2079	1501	n
16954443	2078	1501	n
16954703	2078	1501	n
16954954	2077	1501	n
16955206	2077	1500	n
16955457	2077	1500	n
16955712	2080	1499	n
16966138	2079	1502	n
16966390	2079	1498	n
16966649	2079	1499	n
16966901	2079	1499	n
16967152	2078	1500	n
16967403	2077	1498	n
16977834	2080	1501	n
16978085	2078	1502	n
16978336	2079	1501	n
16978592	2079	1501	n
16978847	2079	1502	n
16979098	2078	1499	n
16989461	2079	1500	n
16989941	2079	1501	n
16990193	2080	1501	n
16990452	2075	1502	n
16990730	2077	1502	n
16990981	2080	1502	n
16991232	2079	1499	n
17001631	2079	1502	n
17002138	2078	1500	n
17002389	2078	1501	n
17002649	2076	1499	n
17002909	2078	1502	n
17003183	2079	1501	n
17013579	2080	1502	Time:00:00:00:00;;
17014283	2078	1501	n
17014561	2078	1502	n
17014816	2077	1500	n
17015067	2077	1501	n
17015327	2079	1501	n
17025785	2080	1502	n
17026261	2080	1500	n
17026518	2078	1501	n
17026782	2079	1501	n
17027056	2080	1501	n
17027307	2079	1502	n
17037731	2079	1501	n
17038215	2079	1501	n
17038492	2078	1502	n
17038748	2079	1499	n
17038999	2078	1502	n
17039259	2079	1501	n
17049694	2078	1500	n
17050171	2080	1501	n
17050422	2078	1501	n
17050678	2079	1502	n
17050962	2077	1501	n
17051213	2078	1502	n
17051464	2081	1501	n
17061825	2078	1502	Time:00:00:00:00;;
17062555	2079	1501	n
17062810	2078	1501	n
17063061	2079	1500	n
17063321	2080	1500	n
17073744	2079	1503	n
17074221	2080	1501	n
17074472	2079	1502	n
17074736	2080	1500	n
17075010	2080	1501	n
17075261	2079	1501	n
17075518	2080	1501	n
17085888	2080	1499	n
17086396	2079	1501	n
17086658	2079	1502	n
17086909	2080	1500	n
17087169	2078	1499	n
17087442	2078	1501	n
17097860	2078	1502	n
17098337	2078	1502	n
17098601	2080	1502	n
17098879	2079	1499	n
17099130	2078	1500	n
17099381	2080	1502	n
17109797	2077	1500	n
17110310	2078	1502	n
17110563	2078	1499	n
17110819	2079	1501	n
17111070	2078	1502	n
17111352	2079	1502	n
17111606	2077	1500	n
17122027	2079	1502	n
17122509	2080	1502	n
17122795	2080	1501	n
17123047	2079	1502	n
17123298	2079	1499	n
17123554	2079	1502	n
17133990	2077	1499	n
17134467	2078	1499	n
17134722	2078	1502	n
17134974	2077	1498	n
17135256	2075	1499	n
17135509	2078	1501	n
17145936	2079	1502	n
17146413	2079	1499	n
17146700	2079	1501	n
17146951	2078	1501	n
17147202	2079	1501	n
17147453	2079	1501	n
17147739	2078	1499	n
17158166	2079	1501	n
17158655	2079	1502	n
17158906	2078	1500	n
17159188	2078	1501	n
17159439	2080	1500	n
17159696	2079	1502	n
17170120	2079	1503	n
17170637	2080	1502	n
17170888	2078	1503	n
17171139	2079	1503	n
17171390	2080	1502	n
17171680	2080	1503	n
17182074	2079	1502	n
17182560	2078	1501	n
17182816	2078	1502	n
17183076	2078	1500	n
17183350	2078	1499	n
17183606	2077	1499	n
17183861	2077	1501	n
17194305	2078	1501	n
17194805	2078	1501	n
17195056	2080	1500	n
17195307	2077	1502	n
17195571	2079	1502	n
17195849	2078	1499	n
17206258	2078	1499	n
17206744	2079	1501	n
17207004	2078	1500	n
17207278	2078	1502	n
17207535	2078	1499	n
17207791	2080	1501	n
17218196	2080	1502	Time:00:00:00:00;;
17218807	2078	1502	n
17219058	2079	1502	n
17219309	2079	1502	n
17219562	2080	1501	n
17219818	2080	1500	n
17230185	2078	1501	n
17230436	2078	1499	n
17230696	2079	1501	n
17230948	2078	1499	n
17231199	2079	1501	n
17231450	2077	1501	n
17241880	2079	1501	n
17242132	2077	1501	n
17242383	2077	1501	n
17242639	2079	1501	n
17242891	2079	1499	n
17243142	2078	1501	n
17253577	2079	1501	n
17253831	2080	1501	n
17254082	2079	1501	n
17254334	2080	1503	n
17254588	2080	1501	n
17254844	2080	1501	n
17265202	2081	1502	n
17265453	2078	1502	n
17265708	2080	1501	n
17265960	2081	1502	n
17266211	2081	1502	n
17266462	2079	1498	n
17266717	2077	1502	n
17277105	2079	1500	n
17277356	2079	1499	n
17277613	2080	1501	n
17277868	2078	1500	n
17278120	2078	1501	n
17278371	2077	1499	n
17288753	2078	1501	n
17289004	2078	1502	n
17289255	2078	1500	n
17289509	2079	1499	n
17289765	2079	1501	n
17290016	2077	1499	n
17300392	2079	1503	n
17300649	2079	1501	n
17300901	2081	1502	n
17301152	2078	1501	n
17301403	2078	1499	n
17301663	2078	1502	n
17312087	2079	1502	n
17312339	2077	1498	n
17312595	2080	1501	n
17312851	2079	1499	n
17313102	2077	1501	n
17313353	2077	1501	n
17323783	2079	1500	n
17324034	2079	1502	n
17324285	2080	1499	n
17324540	2080	1502	n
17324796	2078	1499	n
17325047	2079	1501	n
17335410	2079	1500	n
17335665	2079	1503	n
17335917	2079	1502	n
17336168	2079	1501	n
17336419	2078	1501	n
17336674	2078	1502	n
17336926	2079	1501	n
17347312	2080	1501	n
17347569	2077	1500	n
17347824	2079	1500	n
17348076	2079	1502	n
17348327	2078	1502	n
17348580	2080	1502	n
17358956	2078	1502	n
17359207	2078	1498	n
17359458	2078	1501	n
17359714	2079	1501	n
17359965	2077	1500	n
17360216	2079	1501	n
17370606	2079	1501	n
17370861	2079	1500	n
17371112	2079	1501	n
17371363	2077	1499	n
17371616	2078	1501	n
17371871	2078	1498	n
17382295	2079	1502	n
17382551	2079	1501	n
17382807	2079	1501	n
17383058	2079	1501	n
17383309	2080	1502	n
17383562	2079	1501	n
17393991	2078	1503	n
17394242	2078	1501	n
17394497	2081	1501	n
17394752	2079	1501	n
17395003	2079	1499	n
17395254	2080	1502	n
17405617	2079	1499	n
17405872	2078	1502	n
17406123	2079	1499	n
17406375	2079	1499	n
17406634	2078	1501	n
17406885	2078	1499	n
17407136	2078	1500	n
17417524	2078	1499	n
17417779	2079	1499	n
17418030	2078	1502	n
17418282	2078	1501	n
17418538	2078	1500	n
17418794	2079	1501	n
17429163	2079	1501	n
17429414	2078	1499	n
17429669	2080	1503	n
17429920	2079	1502	n
17430172	2079	1502	n
17430423	2080	1503	n
17440807	2079	1502	n
17441058	2080	1499	n
17441309	2079	1499	n
17441562	2078	1499	n
17441818	2078	1501	n
17442069	2078	1502	n
17452506	2078	1501	n
17452762	2080	1502	n
17453013	2079	1499	n
17453264	2078	1499	n
17453520	2077	1501	n
17453776	2079	1501	n
17464198	2078	1502	n
17464449	2077	1499	n
17464705	2079	1502	n
17464956	2079	1501	n
17465207	2078	1501	n
17465458	2077	1501	n
17475825	2078	1502	n
17476076	2080	1502	n
17476327	2078	1499	n
17476581	2079	1502	n
17476836	2078	1502	n
17477088	2079	1501	n
17477339	2080	1502	n
17487731	2077	1502	n
17487982	2077	1501	n
17488233	2080	1499	n
17488485	2075	1499	n
17488742	2077	1499	n
17488993	2077	1501	n
17499371	2079	1501	n
17499631	2079	1501	n
17499882	2078	1502	n
17500133	2077	1501	n
17500384	2080	1501	n
17500644	2078	1501	n
17511015	2078	1500	n
17511266	2078	1500	n
17511520	2079	1502	n
17511776	2080	1500	n
17512027	2077	1499	n
17512278	2080	1501	n
17522715	2080	1502	n
17522966	2079	1500	n
17523217	2078	1501	n
17523468	2080	1501	n
17523724	2079	1501	n
17523975	2079	1501	n
17534406	2078	1500	n
17534663	2080	1501	n
17534915	2079	1501	n
17535166	2077	1500	n
17535417	2078	1500	n
17535673	2079	1502	n
17546032	2079	1502	n
17546283	2078	1502	n
17546537	2080	1502	n
17546792	2079	1499	n
17547043	2078	1500	n
17547295	2079	1501	n
17547552	2079	1501	n
17557935	2079	1502	n
17558186	2081	1504	n
17558438	2081	1501	n
17558696	2079	1501	n
17558947	2081	1502	n
17559198	2079	1501	n
17569580	2081	1502	n
17569836	2078	1501	n
17570087	2079	1502	n
17570338	2079	1501	n
17570595	2079	1501	n
17570851	2080	1500	n
17581222	2080	1502	n
17581473	2078	1500	n
17581729	2078	1499	n
17581980	2080	1501	n
17582231	2077	1501	n
17582482	2078	1502	n
17592917	2080	1501	n
17593169	2080	1500	n
17593420	2080	1502	n
17593675	2081	1501	n
17593926	2079	1501	n
17594178	2081	1500	n
17604613	2079	1503	n
17604868	2080	1503	n
17605119	2080	1502	n
17605371	2080	1503	n
17605631	2080	1501	n
17605882	2080	1501	n
17616240	2082	1502	n
17616497	2079	1503	n
17616752	2079	1502	n
17617003	2080	1501	n
17617255	2079	1502	n
17617509	2078	1503	n
17617765	2079	1502	n
17628142	2078	1502	n
17628393	2079	1499	n
17628654	2078	1501	n
17628905	2077	1501	n
17629156	2079	1499	n
17629407	2078	1500	n
17639789	2079	1501	n
17640041	2080	1502	n
17640292	2078	1500	n
17640545	2077	1501	n
17640800	2079	1499	n
17641051	2078	1499	n
17651430	2079	1501	n
17651686	2079	1501	n
17651937	2079	1501	n
17652188	2078	1502	n
17652439	2079	1499	n
17652696	2080	1502	n
17663125	2079	1502	n
17663377	2078	1500	n
17663634	2080	1502	n
17663885	2078	1500	n
17664136	2079	1501	n
17664387	2077	1501	n
17674821	2079	1501	n
17675072	2079	1500	n
17675323	2078	1501	n
17675578	2079	1503	n
17675833	2077	1499	n
17676084	2078	1502	n
17686447	2078	1499	n
17686704	2080	1503	n
17686955	2079	1501	n
17687206	2079	1501	n
17687458	2077	1502	n
17687713	2079	1502	n
17687964	2081	1501	n
17698350	2078	1501	n
17698606	2079	1502	n
17698861	2079	1503	n
17699112	2079	1501	n
17699363	2080	1501	n
17699621	2078	1501	n
17709993	2078	1502	n
17710244	2077	1499	n
17710499	2078	1499	n
17710755	2079	1501	n
17711006	2081	1500	n
17711257	2080	1499	n
17721645	2078	1501	n
17721897	2080	1502	n
17722148	2078	1501	n
17722399	2079	1499	n
17722658	2078	1501	n
17722910	2077	1499	n
17733332	2079	1500	n
17733589	2080	1501	n
17733844	2078	1501	n
17734095	2078	1502	n
17734346	2078	1500	n
17734604	2081	1501	n
17745028	2080	1503	n
17745279	2081	1503	n
17745534	2078	1502	n
17745790	2080	1501	n
17746041	2079	1502	n
17746292	2080	1503	n
17756659	2079	1503	n
17756910	2080	1501	n
17757161	2079	1501	n
17757412	2078	1499	n
17757667	2078	1501	n
17757918	2079	1501	n
17758170	2081	1501	n
17768560	2077	1502	n
17768816	2079	1501	n
17769067	2080	1501	n
17769318	2079	1502	n
17769572	2080	1502	n
17769827	2078	1501	n
17780201	2078	1500	n
17780452	2078	1502	n
17780708	2080	1503	n
17780959	2080	1501	n
17781210	2078	1500	n
17781461	2081	1501	n
17791845	2078	1501	n
17792096	2079	1501	n
17792347	2079	1501	n
17792603	2079	1503	n
17792858	2079	1502	n
17793109	2079	1501	n
17803543	2078	1503	n
17803799	2079	1502	n
17804050	2081	1501	n
17804301	2078	1499	n
17804558	2079	1502	n
17804813	2079	1501	n
17815236	2078	1502	n
17815492	2079	1500	n
17815748	2081	1501	n
17815999	2080	1502	n
17816250	2081	1502	n
17816507	2078	1501	n
17826932	2079	1501	n
17827183	2079	1501	n
17827434	2079	1499	n
17827690	2078	1501	n
17827941	2081	1501	n
17828193	2079	1501	n
17828444	2079	1499	n
17838851	2080	1502	n
17839102	2080	1502	n
17839354	2079	1500	n
17839610	2078	1500	n
17839865	2078	1499	n
17840117	2077	1501	n
17850499	2081	1499	n
17850755	2078	1501	n
17851006	2078	1501	n
17851257	2078	1500	n
17851510	2079	1500	n
17851765	2078	1500	n
17862191	2080	1501	n
17862442	2078	1501	n
17862699	2079	1500	n
17862950	2079	1501	n
17863201	2078	1501	n
17863452	2077	1502	n
17873833	2080	1500	n
17874084	2081	1502	n
17874336	2080	1502	n
17874593	2080	1502	n
17874848	2078	1502	n
17875099	2079	1501	n
17885535	2080	1501	n
17885790	2079	1499	n
17886042	2078	1501	n
17886293	2078	1499	n
17886547	2079	1502	n
17886802	2079	1502	n
17897208	2078	1502	n
17897459	2078	1501	n
17897714	2078	1501	n
17897965	2081	1502	n
17898216	2079	1501	n
17898467	2079	1501	n
17898723	2077	1501	n
17909145	2079	1499	n
17909396	2080	1502	n
17909658	2079	1502	n
17909909	2079	1501	n
17910160	2078	1499	n
17910411	2078	1500	n
17920789	2079	1502	n
17921040	2079	1500	n
17921291	2078	1501	n
17921545	2078	1499	n
17921800	2078	1502	n
17922051	2079	1501	n
17932484	2076	1499	n
17932740	2079	1502	n
17932991	2081	1501	n
17933242	2079	1502	n
17933500	2078	1500	n
17933755	2077	1501	n
17944179	2078	1500	n
17944430	2079	1501	n
17944686	2078	1500	n
17944937	2078	1501	n
17945189	2079	1502	n
17945440	2078	1499	n
17955823	2079	1503	n
17956074	2078	1502	n
17956325	2080	1502	n
17956578	2080	1502	n
17956833	2080	1502	n
17957084	2079	1499	n
17967506	2078	1500	n
17967761	2079	1501	n
17968013	2079	1499	n
17968264	2079	1501	n
17968520	2079	1500	n
17968776	2079	1501	n
17969027	2080	1500	n
17979438	2078	1501	n
17979719	2079	1501	n
17979979	2081	1502	n
17980252	2080	1502	n
17980510	2081	1502	n
17980765	2079	1501	n
17991151	2077	1500	n
17991666	2078	1500	n
17991917	2077	1499	n
17992168	2077	1499	n
17992429	2078	1502	n
17992707	2077	1501	n
18003088	2079	1502	Time:00:00:00:00;;
18003789	2078	1498	n
18004071	2079	1503	n
18004322	2079	1499	n
18004578	2079	1501	n
18004833	2079	1502	n
18015232	2078	1501	n
18015725	2078	1502	n
18015976	2077	1501	n
18016228	2078	1499	n
18016492	2077	1499	n
18016770	2075	1502	n
18027169	2079	1499	n
18027654	2078	1502	n
18027914	2078	1502	n
18028188	2079	1502	n
18028439	2077	1499	n
18028696	2079	1500	n
18039090	2079	1501	n
18039603	2080	1502	n
18039859	2079	1500	n
18040110	2078	1499	n
18040370	2079	1500	n
18040654	2079	1500	n
18040905	2079	1499	n
18051285	2081	1500	n
18051781	2080	1502	n
18052054	2079	1502	n
18052305	2079	1501	n
18052561	2079	1502	n
18052825	2078	1501	n
18063230	2077	1499	Time:00:00:00:00;;
18063931	2078	1501	n
18064183	2079	1499	n
18064465	2079	1501	n
18064720	2077	1501	n
18064971	2079	1499	n
18075348	2079	1500	n
18075844	2077	1501	n
18076118	2077	1500	n
18076369	2078	1501	n
18076627	2077	1500	n
18076887	2077	1500	n
18087302	2079	1502	n
18087789	2077	1501	n
18088040	2078	1501	n
18088300	2079	1501	n
18088578	2078	1499	n
18088833	2078	1501	n
18099240	2077	1501	n
18099736	2077	1501	n
18100010	2078	1500	n
18100261	2079	1501	n
18100518	2079	1501	n
18100783	2078	1501	n
18101056	2079	1500	n
18111492	2078	1499	n
18111979	2078	1499	n
18112238	2078	1501	n
18112518	2078	1499	n
18112773	2077	1500	n
18113024	2078	1501	n
18123441	2078	1501	n
18123956	2078	1502	n
18124207	2078	1501	n
18124459	2078	1499	n
18124723	2078	1499	n
18124996	2079	1501	n
18135362	2078	1502	n
18135845	2080	1502	n
18136105	2079	1501	n
18136378	2079	1502	n
18136635	2080	1501	n
18136886	2078	1502	n
18137146	2080	1500	n
18147552	2081	1502	n
18148033	2079	1502	n
18148284	2079	1502	n
18148541	2077	1500	n
18148827	2080	1501	n
18149079	2077	1501	n
18159500	2079	1501	n
18159986	2078	1499	n
18160268	2078	1499	n
18160523	2077	1501	n
18160779	2078	1501	n
18161030	2079	1501	n
18171493	2077	1499	n
18171981	2079	1500	n
18172232	2078	1502	n
18172484	2079	1501	n
18172771	2078	1501	n
18173022	2078	1501	n
18173273	2079	1501	n
18183682	2078	1501	n
18184192	2080	1502	n
18184443	2076	1499	n
18184703	2078	1499	n
18184955	2079	1502	n
18185237	2078	1501	n
18195615	2076	1502	n
18196101	2080	1501	n
18196352	2077	1499	n
18196614	2078	1499	n
18196892	2078	1501	n
18197143	2077	1501	n
18207536	2079	1501	n
18208027	2078	1500	n
18208301	2079	1499	n
18208558	2075	1499	n
18208813	2079	1499	n
18209073	2077	1499	n
18209347	2078	1499	n
18219735	2077	1501	Time:00:00:00:00;;
18220269	2078	1499	n
18220523	2079	1501	n
18220779	2078	1500	n
18221030	2078	1499	n
18231392	2077	1500	n
18231649	2078	1500	n
18231901	2079	1501	n
18232152	2079	1501	n
18232403	2077	1498	n
18232663	2077	1500	n
18243088	2079	1499	n
18243339	2077	1499	n
18243595	2078	1498	n
18243850	2077	1499	n
18244101	2077	1499	n
18244352	2077	1501	n
18244610	2076	1499	n
18255007	2080	1498	n
18255258	2077	1502	n
18255512	2079	1501	n
18255767	2079	1499	n
18256019	2078	1501	n
18256270	2079	1500	n
18266655	2080	1502	n
18266907	2078	1500	n
18267158	2079	1501	n
18267409	2079	1501	n
18267665	2078	1501	n
18267916	2078	1500	n
18278278	2079	1501	n
18278535	2077	1502	n
18278791	2078	1502	n
18279042	2079	1501	n
18279293	2079	1502	n
18279546	2078	1500	n
18289990	2077	1501	n
18290242	2079	1499	n
18290496	2077	1502	n
18290752	2077	1501	n
18291003	2077	1499	n
18291254	2079	1502	n
18301690	2080	1499	n
18301941	2077	1501	n
18302192	2078	1500	n
18302444	2077	1501	n
18302704	2077	1501	n
18302955	2079	1501	n
18313365	2078	1501	n
18313620	2079	1501	n
18313876	2078	1501	n
18314127	2077	1500	n
18314378	2078	1501	n
18314635	2079	1499	n
18314886	2078	1501	n
18325301	2078	1501	n
18325558	2079	1500	n
18325813	2077	1501	n
18326064	2079	1501	n
18326315	2077	1500	n
18326571	2080	1502	n
18336945	2077	1500	n
18337196	2078	1500	n
18337447	2077	1499	n
18337703	2078	1501	n
18337954	2078	1502	n
18338206	2078	1501	n
18348645	2077	1499	n
18348896	2079	1501	n
18349147	2078	1501	n
18349398	2079	1501	n
18349657	2078	1501	n
18349908	2075	1499	n
18360266	2079	1501	n
18360524	2080	1501	n
18360779	2079	1500	n
18361030	2080	1502	n
18361282	2080	1499	n
18361537	2079	1502	n
18371979	2079	1499	n
18372230	2079	1499	n
18372481	2077	1501	n
18372739	2077	1500	n
18372990	2078	1502	n
18373241	2078	1499	n
18383660	2079	1501	n
18383911	2077	1501	n
18384162	2079	1501	n
18384414	2079	1501	n
18384669	2079	1501	n
18384920	2079	1503	n
18385171	2078	1500	n
18395597	2079	1501	n
18395853	2079	1501	n
18396104	2077	1501	n
18396355	2078	1501	n
18396610	2078	1501	n
18396865	2078	1502	n
18407238	2079	1501	n
18407492	2080	1501	n
18407748	2079	1502	n
18407999	2080	1499	n
18408250	2078	1501	n
18408507	2079	1499	n
18418933	2078	1501	n
18419185	2075	1501	n
18419436	2077	1499	n
18419696	2077	1502	n
18419948	2079	1498	n
18420199	2079	1501	n
18430633	2079	1501	n
18430885	2078	1503	n
18431136	2078	1499	n
18431387	2079	1501	n
18431644	2079	1501	n
18431895	2079	1501	n
18442256	2079	1502	n
18442509	2079	1501	n
18442765	2077	1501	n
18443016	2078	1501	n
18443267	2080	1502	n
18443524	2078	1502	n
18443779	2079	1501	n
18454158	2079	1501	n
18454409	2079	1500	n
18454665	2079	1502	n
18454916	2079	1503	n
18455167	2079	1502	n
18455419	2080	1503	n
18465802	2079	1499	n
18466053	2079	1500	n
18466304	2079	1499	n
18466561	2079	1502	n
18466816	2078	1501	n
18467067	2079	1499	n
18477446	2077	1501	n
18477704	2078	1500	n
18477955	2078	1500	n
18478206	2079	1499	n
18478457	2077	1501	n
18478713	2077	1501	n
18489141	2080	1501	n
18489393	2078	1502	n
18489654	2079	1501	n
18489905	2080	1502	n
18490156	2080	1502	n
18490407	2079	1500	n
18500837	2078	1501	n
18501088	2079	1501	n
18501339	2080	1502	n
18501595	2078	1501	n
18501850	2079	1501	n
18502101	2078	1501	n
18512464	2080	1503	n
18512720	2078	1502	n
18512971	2078	1499	n
18513222	2078	1502	n
18513473	2079	1500	n
18513729	2078	1501	n
18513980	2079	1499	n
18524366	2078	1501	n
18524627	2078	1501	n
18524878	2079	1501	n
18525129	2078	1501	n
18525380	2078	1502	n
18525637	2079	1501	n
18536010	2079	1500	n
18536261	2079	1500	n
18536517	2078	1502	n
18536773	2079	1501	n
18537024	2079	1501	n
18537275	2079	1499	n
18547657	2081	1501	n
18547908	2078	1499	n
18548159	2075	1501	n
18548411	2080	1499	n
18548667	2079	1501	n
18548918	2079	1499	n
18559348	2079	1500	n
18559603	2080	1499	n
18559859	2078	1501	n
18560110	2077	1502	n
18560361	2078	1502	n
18560614	2078	1503	n
18571044	2077	1502	n
18571295	2079	1500	n
18571552	2079	1502	n
18571807	2080	1501	n
18572059	2079	1500	n
18572310	2079	1499	n
18582675	2081	1502	n
18582926	2080	1501	n
18583178	2078	1500	n
18583429	2080	1502	n
18583685	2080	1501	n
18583936	2079	1502	n
18584187	2079	1502	n
18594578	2078	1501	n
18594833	2078	1497	n
18595084	2078	1500	n
18595336	2078	1501	n
18595593	2078	1500	n
18595848	2078	1501	n
18606217	2079	1503	n
18606468	2080	1501	n
18606724	2077	1500	n
18606975	2079	1502	n
18607226	2079	1501	n
18607478	2078	1499	n
18617861	2079	1503	n
18618112	2081	1501	n
18618363	2079	1500	n
18618616	2080	1501	n
18618871	2079	1501	n
18619123	2079	1502	n
18629560	2080	1501	n
18629816	2079	1502	n
18630067	2081	1501	n
18630318	2079	1501	n
18630572	2081	1502	n
18630827	2081	1501	n
18641252	2078	1501	n
18641507	2079	1501	n
18641762	2078	1502	n
18642013	2079	1501	n
18642264	2079	1499	n
18642521	2078	1503	n
18652948	2079	1502	n
18653199	2080	1499	n
18653450	2075	1501	n
18653706	2080	1500	n
18653957	2077	1499	n
18654209	2079	1502	n
18654460	2077	1500	n
18664867	2080	1501	n
18665118	2077	1502	n
18665370	2081	1501	n
18665631	2078	1501	n
18665882	2080	1500	n
18666133	2079	1502	n
18676513	2079	1502	n
18676768	2078	1502	n
18677019	2078	1500	n
18677270	2080	1502	n
18677527	2077	1500	n
18677782	2078	1500	n
18688207	2078	1502	n
18688458	2077	1500	n
18688713	2078	1500	n
18688964	2079	1501	n
18689215	2080	1501	n
18689467	2080	1501	n
18699850	2079	1502	n
18700101	2078	1500	n
18700353	2078	1499	n
18700610	2079	1500	n
18700865	2079	1501	n
18701116	2077	1501	n
18711552	2079	1501	n
18711807	2079	1502	n
18712058	2080	1502	n
18712309	2079	1501	n
18712563	2079	1501	n
18712818	2082	1501	n
18723225	2078	1500	n
18723476	2077	1499	n
18723732	2079	1500	n
18723983	2079	1502	n
18724234	2078	1501	n
18724486	2078	1499	n
18724742	2079	1499	n
18735161	2079	1501	n
18735412	2079	1499	n
18735668	2077	1501	n
18735919	2077	1500	n
18736170	2080	1502	n
18736422	2078	1502	n
18746805	2079	1501	n
18747056	2079	1501	n
18747307	2077	1500	n
18747560	2078	1502	n
18747816	2079	1503	n
18748067	2080	1501	n
18758507	2079	1500	n
18758762	2081	1502	n
18759013	2078	1501	n
18759264	2079	1503	n
18759521	2081	1501	n
18759776	2079	1500	n
18770196	2079	1499	n
18770447	2078	1500	n
18770704	2078	1500	n
18770955	2077	1499	n
18771207	2080	1500	n
18771458	2077	1501	n
18781839	2079	1500	n
18782090	2080	1502	n
18782341	2079	1501	n
18782595	2079	1501	n
18782850	2080	1501	n
18783101	2079	1501	n
18793523	2078	1501	n
18793779	2079	1501	n
18794030	2079	1501	n
18794281	2078	1501	n
18794537	2081	1501	n
18794793	2080	1502	n
18795044	2079	1503	n
18805455	2078	1501	n
18805710	2080	1501	n
18805961	2080	1502	n
18806212	2078	1502	n
18806463	2082	1501	n
18806719	2078	1502	n
18817098	2080	1501	n
18817349	2078	1503	n
18817606	2079	1499	n
18817861	2077	1501	n
18818112	2078	1501	n
18818363	2078	1499	n
18828793	2079	1501	n
18829044	2078	1499	n
18829296	2079	1499	n
18829551	2079	1501	n
18829807	2077	1501	n
18830058	2077	1499	n
18840492	2078	1501	n
18840747	2080	1500	n
18840998	2080	1501	n
18841250	2077	1502	n
18841507	2079	1502	n
18841762	2081	1501	n
18852185	2079	1502	n
18852436	2079	1502	n
18852696	2078	1499	n
18852948	2079	1500	n
18853199	2078	1502	n
18853450	2075	1500	n
18853706	2079	1501	n
18864105	2079	1501	n
18864356	2079	1500	n
18864613	2078	1499	n
18864868	2078	1501	n
18865119	2078	1501	n
18865370	2078	1499	n
18875752	2079	1502	n
18876004	2079	1500	n
18876255	2075	1500	n
18876509	2077	1501	n
18876765	2079	1502	n
18877016	2079	1501	n
18887375	2080	1501	n
18887633	2078	1501	n
18887884	2078	1501	n
18888136	2079	1502	n
18888387	2079	1502	n
18888644	2079	1499	n
18899001	2078	1502	n
18899252	2081	1501	n
18899510	2077	1502	n
18899765	2078	1500	n
18900016	2077	1501	n
18900267	2079	1502	n
18910701	2077	1501	n
18910952	2078	1500	n
18911203	2077	1501	n
18911454	2078	1502	n
18911710	2079	1501	n
18911961	2079	1499	n
18922324	2080	1503	n
18922578	2078	1502	n
18922833	2079	1500	n
18923084	2078	1502	n
18923335	2079	1501	n
18923593	2079	1499	n
18923848	2077	1499	n
18934226	2079	1502	n
18934477	2078	1501	n
18934734	2078	1501	n
18934985	2077	1502	n
18935236	2078	1501	n
18935493	2079	1501	n
18945870	2075	1501	n
18946121	2079	1500	n
18946372	2077	1499	n
18946634	2079	1501	n
18946885	2077	1501	n
18947136	2077	1499	n
18957517	2078	1501	n
18957773	2079	1499	n
18958024	2079	1501	n
18958275	2077	1499	n
18958529	2078	1499	n
18958784	2078	1501	n
18969208	2079	1501	n
18969460	2078	1499	n
18969715	2080	1502	n
18969966	2077	1501	n
18970218	2078	1501	n
18970469	2081	1501	n
18980904	2079	1499	n
18981231	2080	1501	n
18981482	2079	1499	n
18981739	2078	1499	n
18981990	2080	1501	n
18982272	2078	1501	n
18992670	2078	1501	n
18993147	2078	1499	n
18993398	2078	1501	n
18993686	2078	1499	n
18993937	2080	1499	n
18994188	2078	1500	n
18994440	2078	1501	n
19004865	2079	1500	Time:00:00:00:00;;
19005570	2079	1499	n
19005825	2078	1499	n
19006085	2079	1501	n
19006358	2080	1501	n
19016767	2079	1499	n
19017244	2077	1500	n
19017507	2080	1501	n
19017784	2079	1503	n
19018035	2079	1500	n
19018287	2077	1500	n
19018552	2077	1499	n
19029022	2079	1501	n
19029503	2078	1501	n
19029759	2078	1503	n
19030019	2080	1503	n
19030292	2079	1502	n
19030546	2077	1501	n
19040968	2080	1499	n
19041455	2079	1501	n
19041733	2077	1499	n
19041984	2079	1501	n
19042235	2079	1500	n
19042499	2080	1499	n
19052889	2079	1501	n
19053368	2079	1501	n
19053626	2079	1501	n
19053886	2080	1502	n
19054159	2079	1501	n
19054411	2078	1499	n
19054667	2080	1502	n
19065067	2080	1502	Time:00:00:00:00;;
19065800	2080	1499	n
19066051	2078	1502	n
19066302	2079	1501	n
19066588	2079	1502	n
19076987	2075	1499	n
19077465	2080	1503	n
19077720	2078	1498	n
19078002	2076	1499	n
19078254	2078	1501	n
19078510	2079	1499	n
19078765	2078	1499	n
19089217	2078	1501	n
19089708	2077	1501	n
19089959	2079	1501	n
19090211	2079	1501	n
19090497	2080	1501	n
19090753	2078	1499	n
19101171	2080	1501	n
19101658	2078	1501	n
19101940	2079	1501	n
19102192	2079	1500	n
19102443	2078	1501	n
19102704	2080	1502	n
19113109	2079	1500	n
19113603	2076	1501	n
19113858	2078	1501	n
19114109	2079	1501	n
19114369	2079	1501	n
19114654	2078	1500	n
19114905	2078	1500	n
19125270	2078	1498	n
19125763	2080	1499	n
19126037	2079	1500	n
19126288	2077	1501	n
19126544	2078	1498	n
19126808	2076	1499	n
19137232	2077	1499	n
19137719	2077	1501	n
19137970	2077	1501	n
19138230	2075	1500	n
19138507	2076	1500	n
19138762	2078	1500	n
19149161	2078	1502	n
19149651	2080	1502	n
19149924	2077	1501	n
19150176	2078	1499	n
19150427	2079	1502	n
19150691	2078	1500	n
19150964	2077	1501	n
19161322	2079	1501	n
19161813	2079	1500	n
19162064	2077	1501	n
19162346	2078	1501	n
19162599	2079	1501	n
19162854	2079	1501	n
19173276	2079	1502	n
19173801	2078	1500	n
19174052	2078	1498	n
19174303	2078	1498	n
19174561	2078	1500	n
19174845	2078	1499	n
19185214	2078	1501	n
19185700	2078	1501	n
19185951	2077	1499	n
19186211	2078	1500	n
19186486	2077	1501	n
19186742	2078	1500	n
19186993	2077	1501	n
19197375	2079	1501	n
19197897	2080	1502	n
19198148	2078	1502	n
19198400	2078	1501	n
19198667	2078	1503	n
19198942	2079	1502	n
19209328	2078	1501	n
19209815	2078	1501	n
19210075	2078	1499	n
19210349	2076	1499	n
19210606	2078	1499	n
19210861	2074	1499	n
19221266	2079	1499	Time:00:00:00:00;;
19221786	2079	1501	n
19222037	2078	1501	n
19222288	2078	1501	n
19222544	2078	1501	n
19222799	2079	1501	n
19233168	2080	1503	n
19233419	2079	1500	n
19233675	2078	1500	n
19233926	2080	1501	n
19234177	2078	1499	n
19234428	2080	1501	n
19244863	2080	1498	n
19245115	2079	1500	n
19245366	2079	1501	n
19245621	2078	1502	n
19245876	2080	1500	n
19246127	2079	1502	n
19256497	2078	1501	n
19256752	2077	1499	n
19257003	2078	1499	n
19257254	2079	1501	n
19257509	2077	1499	n
19257765	2079	1498	n
19268203	2078	1501	n
19268454	2075	1499	n
19268710	2077	1500	n
19268961	2078	1501	n
19269212	2078	1500	n
19269463	2079	1499	n
19279882	2079	1501	n
19280133	2079	1500	n
19280384	2080	1500	n
19280644	2079	1501	n
19280895	2080	1501	n
19281146	2077	1501	n
19281397	2079	1501	n
19291818	2079	1500	n
19292069	2078	1501	n
19292321	2079	1500	n
19292575	2079	1502	n
19292831	2079	1500	n
19293082	2078	1501	n
19303462	2080	1502	n
19303717	2078	1501	n
19303968	2078	1501	n
19304220	2078	1499	n
19304471	2078	1500	n
19304726	2078	1502	n
19315157	2077	1500	n
19315409	2078	1498	n
19315665	2076	1499	n
19315916	2079	1501	n
19316167	2079	1500	n
19316418	2078	1500	n
19326853	2079	1501	n
19327104	2078	1502	n
19327355	2079	1500	n
19327610	2078	1499	n
19327865	2079	1500	n
19328116	2077	1499	n
19338480	2079	1501	n
19338739	2078	1502	n
19338991	2078	1499	n
19339242	2078	1502	n
19339497	2078	1502	n
19339752	2079	1501	n
19340003	2079	1501	n
19350382	2077	1501	n
19350639	2078	1501	n
19350890	2080	1499	n
19351141	2079	1502	n
19351392	2078	1501	n
19351654	2079	1501	n
19362026	2079	1501	n
19362277	2080	1502	n
19362534	2077	1501	n
19362790	2078	1499	n
19363041	2078	1498	n
19363292	2077	1500	n
19373674	2080	1501	n
19373925	2078	1501	n
19374176	2079	1500	n
19374428	2080	1502	n
19374683	2079	1501	n
19374934	2079	1502	n
19385365	2079	1501	n
19385620	2078	1499	n
19385875	2080	1501	n
19386126	2078	1499	n
19386378	2079	1499	n
19386635	2078	1499	n
19397061	2079	1502	n
19397312	2079	1501	n
19397569	2078	1499	n
19397824	2078	1502	n
19398075	2078	1501	n
19398326	2079	1499	n
19408691	2078	1501	n
19408942	2078	1498	n
19409193	2079	1502	n
19409444	2076	1499	n
19409705	2078	1501	n
19409956	2076	1502	n
19410207	2077	1502	n
19420595	2079	1499	n
19420850	2080	1501	n
19421102	2079	1501	n
19421353	2079	1501	n
19421610	2078	1503	n
19421865	2080	1503	n
19432233	2077	1501	n
19432485	2080	1502	n
19432741	2078	1500	n
19432992	2079	1502	n
19433243	2078	1499	n
19433499	2077	1499	n
19443877	2078	1499	n
19444128	2078	1501	n
19444379	2078	1501	n
19444636	2079	1501	n
19444887	2078	1501	n
19445139	2081	1502	n
19455578	2078	1502	n
19455833	2078	1501	n
19456084	2081	1501	n
19456336	2080	1503	n
19456593	2078	1501	n
19456848	2079	1501	n
19467268	2078	1502	n
19467523	2080	1501	n
19467779	2079	1501	n
19468030	2080	1501	n
19468281	2079	1501	n
19468538	2079	1501	n
19478964	2077	1499	n
19479215	2078	1500	n
19479466	2081	1499	n
19479722	2078	1501	n
19479973	2077	1501	n
19480224	2079	1499	n
19480475	2077	1501	n
19490883	2078	1499	n
19491134	2079	1500	n
19491385	2079	1501	n
19491644	2077	1501	n
19491895	2079	1501	n
19492146	2078	1501	n
19502529	2078	1502	n
19502784	2077	1502	n
19503035	2078	1502	n
19503287	2078	1502	n
19503544	2080	1501	n
19503799	2077	1501	n
19514223	2079	1499	n
19514474	2077	1501	n
19514730	2079	1499	n
19514981	2077	1499	n
19515232	2079	1501	n
19515484	2080	1501	n
19525866	2078	1500	n
19526118	2079	1501	n
19526369	2080	1502	n
19526627	2079	1501	n
19526878	2077	1500	n
19527129	2078	1501	n
19537564	2077	1501	n
19537819	2078	1501	n
19538071	2079	1501	n
19538322	2079	1501	n
19538578	2080	1502	n
19538833	2078	1501	n
19549241	2079	1501	n
19549496	2080	1501	n
19549751	2080	1501	n
19550003	2079	1502	n
19550254	2079	1502	n
19550509	2079	1501	n
19550765	2078	1502	n
19561177	2080	1501	n
19561428	2079	1504	n
19561684	2079	1500	n
19561935	2079	1502	n
19562186	2079	1500	n
19562437	2078	1503	n
19572821	2077	1502	n
19573072	2079	1501	n
19573323	2078	1500	n
19573578	2077	1501	n
19573833	2077	1500	n
19574084	2077	1500	n
19584520	2078	1502	n
19584775	2077	1500	n
19585026	2080	1500	n
19585277	2079	1501	n
19585530	2078	1500	n
19585785	2079	1501	n
19596143	2080	1502	n
19596395	2079	1502	n
19596654	2080	1503	n
19596905	2079	1502	n
19597156	2078	1502	n
19597407	2080	1499	n
19607769	2080	1500	n
19608020	2076	1499	n
19608271	2077	1501	n
19608526	2078	1501	n
19608780	2077	1502	n
19609031	2078	1499	n
19619448	2078	1501	n
19619704	2079	1499	n
19619955	2079	1502	n
19620207	2079	1502	n
19620458	2078	1500	n
19620713	2078	1501	n
19620964	2079	1501	n
19631385	2080	1501	n
19631644	2079	1501	n
19631895	2080	1503	n
19632146	2081	1501	n
19632397	2079	1503	n
19632658	2078	1500	n
19643028	2079	1501	n
19643279	2078	1499	n
19643534	2079	1502	n
19643790	2079	1499	n
19644041	2079	1500	n
19644292	2079	1501	n
19654727	2078	1503	n
19654978	2077	1501	n
19655230	2079	1499	n
19655481	2079	1499	n
19655739	2079	1499	n
19655990	2078	1499	n
19666350	2080	1502	n
19666606	2078	1502	n
19666861	2079	1502	n
19667112	2077	1500	n
19667363	2078	1500	n
19667621	2076	1499	n
19678063	2078	1501	n
19678314	2079	1502	n
19678569	2078	1502	n
19678824	2079	1502	n
19679075	2078	1501	n
19679326	2079	1501	n
19689742	2079	1500	n
19689993	2078	1503	n
19690244	2079	1499	n
19690500	2079	1501	n
19690755	2078	1501	n
19691007	2080	1501	n
19691258	2078	1501	n
19701682	2075	1501	n
19701933	2079	1501	n
19702184	2077	1499	n
19702436	2079	1501	n
19702697	2079	1500	n
19702948	2078	1502	n
19713322	2080	1501	n
19713578	2079	1501	n
19713833	2079	1501	n
19714084	2079	1501	n
19714336	2078	1501	n
19714593	2078	1501	n
19725017	2079	1503	n
19725268	2080	1502	n
19725523	2079	1499	n
19725779	2079	1501	n
19726030	2082	1502	n
19726281	2080	1503	n
19736714	2079	1502	n
19736966	2079	1499	n
19737217	2079	1499	n
19737468	2080	1498	n
19737724	2079	1501	n
19737975	2078	1501	n
19748340	2079	1501	n
19748595	2080	1500	n
19748850	2078	1503	n
19749101	2079	1499	n
19749352	2078	1502	n
19749606	2079	1501	n
19749861	2076	1501	n
19760242	2079	1501	n
19760500	2079	1501	n
19760755	2079	1501	n
19761006	2079	1500	n
19761257	2079	1501	n
19761511	2077	1501	n
19771886	2079	1502	n
19772137	2079	1501	n
19772388	2079	1501	n
19772649	2078	1499	n
19772901	2077	1501	n
19773152	2080	1499	n
19783534	2079	1502	n
19783790	2078	1499	n
19784041	2078	1500	n
19784292	2077	1500	n
19784546	2079	1502	n
19784801	2078	1500	n
19795225	2081	1500	n
19795477	2078	1499	n
19795733	2077	1501	n
19795984	2080	1501	n
19796235	2077	1501	n
19796493	2078	1502	n
19806921	2078	1501	n
19807172	2079	1502	n
19807423	2079	1504	n
19807679	2081	1502	n
19807930	2079	1501	n
19808181	2081	1501	n
19818550	2080	1501	n
19818805	2080	1501	n
19819057	2080	1502	n
19819308	2080	1502	n
19819561	2080	1501	n
19819816	2080	1503	n
19820068	2080	1501	n
19830450	2075	1500	n
19830706	2079	1501	n
19830957	2077	1501	n
19831209	2079	1501	n
19831460	2078	1499	n
19831715	2079	1499	n
19842093	2079	1501	n
19842344	2079	1499	n
19842597	2079	1501	n
19842853	2080	1500	n
19843104	2078	1503	n
19843355	2079	1500	n
19853741	2078	1500	n
19853993	2078	1500	n
19854244	2079	1502	n
19854500	2078	1501	n
19854755	2079	1502	n
19855006	2080	1500	n
19865432	2080	1503	n
19865689	2080	1503	n
19865940	2080	1502	n
19866191	2078	1501	n
19866442	2079	1502	n
19866704	2080	1500	n
19877128	2078	1500	n
19877379	2079	1501	n
19877636	2077	1502	n
19877888	2079	1500	n
19878139	2080	1499	n
19878390	2077	1499	n
19888755	2077	1501	n
19889006	2080	1501	n
19889257	2079	1499	n
19889510	2076	1500	n
19889766	2080	1502	n
19890017	2078	1501	n
19890268	2079	1499	n
19900662	2079	1500	n
19900913	2079	1501	n
19901164	2079	1502	n
19901415	2077	1501	n
19901671	2078	1501	n
19901922	2079	1501	n
19912301	2079	1501	n
19912558	2078	1500	n
19912813	2079	1500	n
19913064	2079	1500	n
19913315	2080	1501	n
19913571	2081	1502	n
19923945	2079	1501	n
19924196	2079	1499	n
19924447	2079	1501	n
19924703	2078	1500	n
19924954	2078	1502	n
19925206	2077	1501	n
19935645	2080	1501	n
19935896	2079	1501	n
19936147	2078	1501	n
19936398	2079	1501	n
19936657	2079	1499	n
19936909	2079	1502	n
19947336	2078	1502	n
19947593	2079	1501	n
19947848	2080	1500	n
19948099	2079	1502	n
19948350	2080	1503	n
19948606	2080	1501	n
19959032	2079	1502	n
19959283	2079	1499	n
19959537	2079	1499	n
19959792	2079	1501	n
19960043	2079	1501	n
19960295	2077	1498	n
19960552	2078	1499	n
19970951	2079	1499	n
19971202	2078	1502	n
19971453	2077	1501	n
19971709	2079	1501	n
19971960	2078	1500	n
19972211	2079	1501	n
19982597	2080	1502	n
19982942	2080	1502	n
19983201	2079	1501	n
19983475	2079	1501	n
19983731	2079	1501	n
19983982	2079	1499	n
19994376	2080	1501	n
19994893	2079	1501	n
19995145	2080	1499	n
19995396	2079	1502	n
19995662	2079	1501	n
19995936	2079	1501	n
20006331	2079	1500	Time:00:00:00:00;;
20007038	2079	1501	n
20007312	2078	1500	n
20007569	2078	1499	n
20007824	2079	1499	n
20008084	2077	1500	n
20018541	2077	1501	n
20019022	2078	1498	n
20019273	2079	1503	n
20019536	2080	1501	n
20019814	2077	1501	n
20020065	2079	1500	n
20030481	2078	1502	n
20030972	2078	1501	n
20031245	2080	1501	n
20031500	2080	1501	n
20031755	2078	1502	n
20032016	2078	1501	n
20032289	2079	1501	n
20042716	2079	1502	n
20043193	2079	1501	n
20043444	2077	1499	n
20043732	2080	1501	n
20043983	2079	1503	n
20044235	2077	1499	n
20054670	2077	1499	n
20055179	2080	1502	n
20055431	2078	1498	n
20055686	2079	1500	n
20055937	2077	1500	n
20056220	2079	1501	n
20066619	2080	1502	Time:00:00:00:00;;
20067315	2078	1501	n
20067603	2078	1501	n
20067858	2079	1499	n
20068110	2080	1501	n
20068361	2079	1501	n
20078816	2080	1503	n
20079301	2080	1499	n
20079558	2080	1503	n
20079813	2079	1502	n
20080096	2080	1502	n
20080347	2080	1500	n
20090769	2079	1502	n
20091245	2079	1501	n
20091509	2079	1502	n
20091787	2080	1501	n
20092038	2080	1501	n
20092290	2078	1500	n
20092575	2077	1501	n
20103000	2079	1501	n
20103478	2077	1502	n
20103734	2078	1502	n
20103994	2079	1499	n
20104267	2079	1501	n
20104525	2078	1502	n
20114953	2080	1503	n
20115444	2077	1501	n
20115726	2080	1501	n
20115977	2079	1499	n
20116228	2079	1501	n
20116492	2077	1500	n
20126908	2080	1501	n
20127385	2079	1499	n
20127644	2080	1501	n
20127904	2080	1502	n
20128178	2079	1502	n
20128429	2079	1503	n
20128684	2078	1501	n
20139052	2078	1500	n
20139561	2079	1500	n
20139817	2079	1502	n
20140068	2078	1501	n
20140328	2080	1500	n
20140606	2077	1501	n
20151006	2078	1501	n
20151485	2079	1499	n
20151750	2079	1501	n
20152023	2078	1501	n
20152275	2078	1499	n
20152528	2078	1501	n
20162961	2078	1502	n
20163476	2079	1500	n
20163732	2080	1500	n
20163983	2079	1501	n
20164243	2079	1499	n
20164520	2079	1502	n
20164776	2078	1501	n
20175191	2079	1501	n
20175694	2080	1503	n
20175967	2081	1504	n
20176218	2078	1501	n
20176469	2081	1501	n
20176733	2079	1501	n
20187154	2080	1501	n
20187638	2079	1501	n
20187890	2081	1499	n
20188141	2078	1501	n
20188423	2078	1503	n
20188678	2077	1500	n
20199082	2078	1502	n
20199568	2078	1501	n
20199854	2078	1501	n
20200105	2079	1501	n
20200357	2078	1501	n
20200613	2078	1502	n
20200897	2080	1500	n
20211330	2078	1501	Time:00:00:00:00;;
20212029	2078	1501	n
20212311	2079	1502	n
20212564	2079	1502	n
20212820	2080	1501	n
20223249	2078	1502	n
20223503	2079	1501	n
20223759	2079	1501	n
20224010	2079	1501	n
20224262	2078	1501	n
20224517	2079	1499	n
20234928	2078	1501	n
20235179	2079	1500	n
20235430	2079	1502	n
20235686	2080	1499	n
20235937	2080	1501	n
20236188	2079	1499	n
20236439	2079	1499	n
20246865	2080	1499	n
20247116	2079	1502	n
20247367	2078	1500	n
20247627	2079	1501	n
20247878	2077	1501	n
20248129	2078	1499	n
20258510	2081	1502	n
20258765	2079	1502	n
20259016	2078	1499	n
20259267	2077	1502	n
20259524	2080	1503	n
20259779	2078	1503	n
20270203	2077	1499	n
20270455	2075	1498	n
20270710	2075	1501	n
20270961	2078	1499	n
20271212	2077	1499	n
20271464	2079	1498	n
20281899	2080	1499	n
20282150	2079	1501	n
20282401	2079	1500	n
20282662	2078	1501	n
20282913	2079	1503	n
20283164	2077	1499	n
20293528	2079	1499	n
20293783	2080	1502	n
20294035	2079	1501	n
20294286	2079	1502	n
20294540	2079	1499	n
20294796	2081	1502	n
20295047	2079	1501	n
20305428	2078	1501	n
20305684	2078	1501	n
20305935	2080	1501	n
20306186	2079	1503	n
20306437	2079	1501	n
20306696	2080	1501	n
20317072	2079	1501	n
20317323	2077	1501	n
20317578	2077	1502	n
20317833	2079	1501	n
20318084	2078	1499	n
20318335	2080	1499	n
20328720	2076	1501	n
20328971	2078	1500	n
20329223	2078	1501	n
20329474	2079	1499	n
20329730	2078	1502	n
20329981	2079	1502	n
20340411	2078	1499	n
20340667	2079	1502	n
20340918	2079	1499	n
20341169	2078	1502	n
20341421	2078	1501	n
20341676	2079	1500	n
20352107	2079	1502	n
20352358	2080	1502	n
20352612	2079	1501	n
20352868	2079	1501	n
20353119	2081	1501	n
20353370	2079	1499	n
20363734	2079	1501	n
20363985	2079	1501	n
20364236	2079	1501	n
20364492	2079	1503	n
20364748	2080	1501	n
20364999	2080	1500	n
20365250	2079	1502	n
20375643	2080	1500	n
20375894	2081	1502	n
20376145	2079	1502	n
20376396	2081	1502	n
20376658	2077	1499	n
20376909	2078	1502	n
20387280	2079	1501	n
20387537	2079	1502	n
20387792	2078	1502	n
20388043	2079	1502	n
20388294	2080	1501	n
20388547	2081	1501	n
20398923	2079	1502	n
20399174	2080	1502	n
20399425	2080	1503	n
20399681	2080	1501	n
20399932	2079	1502	n
20400183	2080	1501	n
20410618	2078	1501	n
20410874	2077	1502	n
20411125	2079	1501	n
20411377	2080	1502	n
20411634	2079	1499	n
20411885	2078	1501	n
20422314	2079	1502	n
20422569	2079	1502	n
20422824	2080	1500	n
20423075	2078	1501	n
20423326	2079	1502	n
20423579	2078	1501	n
20433941	2081	1502	n
20434192	2081	1503	n
20434443	2079	1502	n
20434704	2080	1502	n
20434955	2079	1503	n
20435206	2080	1502	n
20435457	2079	1501	n
20445843	2078	1499	n
20446094	2077	1499	n
20446345	2077	1499	n
20446598	2079	1499	n
20446854	2078	1501	n
20447105	2078	1499	n
20457492	2078	1502	n
20457748	2079	1500	n
20457999	2079	1501	n
20458250	2077	1502	n
20458507	2079	1501	n
20458762	2078	1501	n
20469131	2079	1500	n
20469382	2077	1501	n
20469638	2079	1499	n
20469889	2078	1500	n
20470141	2080	1502	n
20470392	2079	1502	n
20480826	2078	1501	n
20481078	2079	1501	n
20481329	2079	1499	n
20481582	2080	1501	n
20481837	2080	1502	n
20482088	2078	1500	n
20492527	2078	1501	n
20492782	2079	1501	n
20493033	2077	1501	n
20493284	2079	1499	n
20493542	2079	1501	n
20493797	2080	1501	n
20504218	2079	1501	n
20504469	2080	1501	n
20504725	2078	1499	n
20504976	2078	1501	n
20505227	2079	1500	n
20505478	2079	1501	n
20505735	2078	1499	n
20516137	2078	1499	n
20516388	2078	1499	n
20516649	2078	1502	n
20516901	2079	1500	n
20517152	2077	1502	n
20517403	2079	1499	n
20527783	2078	1502	n
20528034	2076	1501	n
20528286	2078	1502	n
20528540	2079	1501	n
20528796	2078	1499	n
20529047	2079	1499	n
20539408	2077	1498	n
20539664	2079	1499	n
20539915	2079	1501	n
20540167	2077	1501	n
20540418	2078	1501	n
20540673	2077	1501	n
20551033	2078	1500	n
20551285	2078	1500	n
20551540	2080	1500	n
20551795	2077	1501	n
20552047	2080	1500	n
20552298	2079	1501	n
20562729	2077	1501	n
20562980	2079	1499	n
20563231	2078	1501	n
20563483	2078	1501	n
20563739	2079	1501	n
20563990	2077	1501	n
20574356	2079	1501	n
20574613	2078	1497	n
20574868	2080	1501	n
20575119	2078	1501	n
20575370	2079	1502	n
20575632	2079	1501	n
20575883	2080	1503	n
20586258	2080	1498	n
20586512	2076	1501	n
20586767	2079	1501	n
20587018	2078	1499	n
20587270	2079	1500	n
20587527	2077	1499	n
20597902	2078	1501	n
20598153	2078	1499	n
20598404	2077	1499	n
20598662	2078	1501	n
20598913	2077	1501	n
20599164	2078	1502	n
20609552	2080	1502	n
20609807	2079	1502	n
20610058	2078	1501	n
20610309	2078	1501	n
20610563	2078	1499	n
20610818	2078	1499	n
20621241	2079	1501	n
20621496	2079	1502	n
20621751	2079	1502	n
20622003	2077	1498	n
20622254	2079	1499	n
20622509	2077	1502	n
20632937	2078	1499	n
20633188	2079	1503	n
20633439	2080	1499	n
20633696	2077	1499	n
20633947	2078	1499	n
20634199	2079	1502	n
20644564	2078	1503	n
20644819	2076	1499	n
20645070	2080	1500	n
20645321	2074	1501	n
20645578	2079	1501	n
20645834	2075	1499	n
20646085	2076	1500	n
20656466	2079	1499	n
20656722	2077	1500	n
20656973	2079	1499	n
20657224	2080	1502	n
20657475	2077	1502	n
20657731	2079	1502	n
20668110	2078	1499	n
20668361	2078	1500	n
20668614	2076	1499	n
20668869	2079	1501	n
20669121	2076	1499	n
20669372	2077	1500	n
20679757	2079	1501	n
20680008	2080	1499	n
20680260	2079	1501	n
20680513	2077	1501	n
20680768	2078	1499	n
20681019	2078	1502	n
20691448	2078	1502	n
20691705	2078	1498	n
20691956	2076	1500	n
20692207	2078	1499	n
20692458	2077	1501	n
20692714	2079	1502	n
20703144	2078	1501	n
20703395	2080	1503	n
20703653	2078	1499	n
20703905	2078	1502	n
20704156	2079	1501	n
20704407	2079	1499	n
20714771	2078	1499	n
20715022	2077	1499	n
20715273	2078	1498	n
20715526	2078	1499	n
20715781	2078	1500	n
20716032	2078	1502	n
20716284	2078	1499	n
20726678	2077	1501	n
20726929	2077	1501	n
20727180	2078	1499	n
20727431	2076	1498	n
20727687	2079	1499	n
20727939	2077	1501	n
20738317	2078	1501	n
20738571	2079	1501	n
20738827	2080	1500	n
20739078	2079	1501	n
20739329	2080	1501	n
20739582	2077	1501	n
20749961	2079	1499	n
20750212	2079	1501	n
20750463	2079	1501	n
20750719	2078	1502	n
20750970	2080	1502	n
20751222	2077	1499	n
20761661	2079	1501	n
20761912	2079	1500	n
20762163	2079	1501	n
20762414	2080	1501	n
20762670	2079	1501	n
20762921	2078	1502	n
20773352	2077	1501	n
20773606	2077	1502	n
20773861	2078	1501	n
20774113	2078	1499	n
20774364	2079	1501	n
20774621	2077	1500	n
20785048	2080	1501	n
20785299	2080	1502	n
20785554	2078	1501	n
20785809	2077	1502	n
20786060	2078	1502	n
20786311	2079	1501	n
20786569	2079	1503	n
20796967	2079	1503	n
20797218	2079	1501	n
20797469	2081	1501	n
20797725	2080	1499	n
20797976	2080	1502	n
20798227	2078	1501	n
20808613	2078	1500	n
20808868	2077	1499	n
20809120	2079	1501	n
20809371	2076	1499	n
20809631	2078	1500	n
20809882	2078	1499	n
20820307	2079	1501	n
20820560	2078	1502	n
20820816	2079	1502	n
20821067	2079	1501	n
20821318	2079	1501	n
20821572	2077	1500	n
20831950	2079	1501	n
20832201	2079	1501	n
20832453	2078	1502	n
20832708	2080	1499	n
20832959	2077	1501	n
20833211	2079	1501	n
20843650	2077	1498	n
20843901	2077	1500	n
20844153	2077	1498	n
20844404	2079	1501	n
20844663	2077	1499	n
20844914	2079	1501	n
20855325	2079	1501	n
20855578	2078	1501	n
20855833	2078	1499	n
20856084	2079	1502	n
20856336	2077	1498	n
20856593	2077	1501	n
20856848	2078	1501	n
20867261	2079	1501	n
20867517	2077	1501	n
20867773	2079	1502	n
20868024	2079	1500	n
20868275	2080	1502	n
20868529	2078	1500	n
20878905	2079	1499	n
20879156	2079	1499	n
20879407	2079	1500	n
20879664	2079	1501	n
20879915	2081	1502	n
20880166	2079	1502	n
20890603	2077	1501	n
20890858	2079	1502	n
20891109	2079	1501	n
20891360	2079	1503	n
20891614	2079	1501	n
20891869	2079	1499	n
20902226	2078	1502	n
20902478	2079	1501	n
20902734	2078	1499	n
20902985	2079	1501	n
20903236	2077	1499	n
20903492	2077	1501	n
20913853	2077	1501	n
20914104	2078	1500	n
20914355	2079	1501	n
20914610	2079	1501	n
20914865	2079	1501	n
20915116	2080	1502	n
20925532	2079	1501	n
20925787	2078	1501	n
20926039	2079	1501	n
20926290	2079	1502	n
20926543	2079	1501	n
20926799	2079	1501	n
20927050	2078	1501	n
20937468	2080	1501	n
20937724	2078	1499	n
20937975	2075	1499	n
20938226	2079	1499	n
20938477	2077	1499	n
20938734	2077	1499	n
20949112	2079	1499	n
20949363	2078	1501	n
20949616	2078	1501	n
20949871	2080	1498	n
20950122	2078	1499	n
20950374	2078	1499	n
20960807	2079	1500	n
20961059	2078	1500	n
20961310	2079	1502	n
20961563	2077	1499	n
20961819	2077	1499	n
20962070	2079	1501	n
20972434	2079	1500	n
20972690	2080	1499	n
20972941	2079	1502	n
20973192	2080	1501	n
20973444	2077	1501	n
20973704	2078	1501	n
20984156	2079	1501	n
20984543	2079	1499	n
20984799	2079	1500	n
20985050	2079	1501	n
20985309	2078	1501	n
20985589	2079	1500	n
20985844	2079	1501	n
20996205	2077	1501	n
20996698	2079	1501	n
20996971	2078	1501	n
20997223	2078	1499	n
20997474	2077	1501	n
20997739	2078	1498	n
21008167	2079	1502	Time:00:00:00:00;;
21008864	2079	1501	n
21009124	2079	1500	n
21009397	2079	1501	n
21009658	2079	1501	n
21020062	2079	1501	n
21020552	2079	1499	n
21020830	2079	1499	n
21021081	2078	1501	n
21021332	2078	1499	n
21021597	2078	1501	n
21021875	2079	1501	n
21032257	2080	1501	n
21032740	2077	1499	n
21032992	2078	1502	n
21033275	2078	1500	n
21033528	2079	1499	n
21033783	2078	1501	n
21044177	2079	1501	n
21044697	2079	1501	n
21044948	2080	1501	n
21045199	2078	1501	n
21045450	2078	1502	n
21045737	2079	1501	n
21056115	2080	1501	n
21056595	2079	1502	n
21056850	2080	1501	n
21057110	2079	1502	n
21057384	2079	1503	n
21057644	2079	1502	n
21057896	2078	1502	n
21068310	2079	1501	Time:00:00:00:00;;
21069042	2079	1503	n
21069293	2077	1501	n
21069558	2075	1501	n
21069837	2078	1501	n
21080195	2079	1502	n
21080680	2078	1501	n
21080941	2078	1501	n
21081214	2077	1499	n
21081466	2081	1502	n
21081721	2079	1501	n
21081981	2079	1501	n
21092381	2079	1502	n
21092866	2080	1502	n
21093117	2079	1502	n
21093368	2080	1503	n
21093658	2081	1501	n
21093909	2080	1502	n
21104327	2079	1500	n
21104814	2080	1502	n
21105096	2080	1500	n
21105347	2081	1502	n
21105603	2080	1501	n
21105858	2079	1502	n
21116317	2078	1501	n
21116812	2079	1501	n
21117064	2079	1500	n
21117315	2078	1502	n
21117598	2078	1503	n
21117854	2077	1501	n
21118105	2078	1500	n
21128518	2079	1501	n
21129030	2079	1502	n
21129281	2079	1499	n
21129538	2079	1501	n
21129793	2079	1501	n
21130076	2078	1500	n
21140449	2077	1503	n
21140930	2079	1501	n
21141181	2079	1501	n
21141441	2080	1502	n
21141720	2078	1502	n
21141972	2079	1499	n
21152370	2078	1501	n
21152864	2076	1502	n
21153145	2075	1500	n
21153396	2077	1501	n
21153654	2078	1502	n
21153914	2079	1501	n
21154188	2079	1500	n
21164569	2079	1501	n
21165049	2079	1501	n
21165309	2080	1502	n
21165588	2077	1500	n
21165844	2079	1501	n
21166095	2079	1502	n
21176507	2079	1501	n
21177024	2078	1502	n
21177276	2079	1502	n
21177529	2079	1502	n
21177793	2081	1502	n
21178066	2077	1503	n
21188510	2081	1502	n
21188993	2078	1499	n
21189253	2078	1502	n
21189528	2079	1500	n
21189784	2079	1502	n
21190035	2078	1501	n
21190295	2079	1500	n
21200716	2078	1499	n
21201193	2079	1500	n
21201444	2077	1499	n
21201712	2077	1501	n
21201986	2078	1499	n
21202237	2077	1501	n
21212627	2078	1502	Time:00:00:00:00;;
21213318	2080	1501	n
21213572	2079	1499	n
21213828	2079	1502	n
21214079	2080	1501	n
21214330	2076	1500	n
21224771	2080	1502	n
21225022	2081	1503	n
21225274	2081	1502	n
21225527	2081	1501	n
21225783	2079	1501	n
21226034	2078	1502	n
21236394	2079	1499	n
21236654	2079	1501	n
21236905	2081	1502	n
21237156	2079	1502	n
21237407	2078	1499	n
21237664	2079	1501	n
21248106	2079	1503	n
21248357	2078	1501	n
21248612	2079	1502	n
21248868	2077	1501	n
21249119	2079	1502	n
21249370	2079	1499	n
21259802	2079	1502	n
21260053	2079	1501	n
21260304	2080	1501	n
21260561	2079	1501	n
21260816	2078	1501	n
21261067	2078	1501	n
21271481	2078	1500	n
21271739	2079	1501	n
21271990	2079	1502	n
21272242	2081	1500	n
21272496	2079	1502	n
21272752	2078	1501	n
21273003	2082	1501	n
21283417	2078	1499	n
21283673	2080	1503	n
21283924	2080	1503	n
21284175	2080	1501	n
21284426	2078	1501	n
21284682	2078	1499	n
21295061	2077	1502	n
21295312	2078	1501	n
21295569	2079	1499	n
21295824	2080	1502	n
21296076	2079	1501	n
21296327	2079	1500	n
21306756	2078	1503	n
21307008	2080	1500	n
21307259	2079	1500	n
21307512	2078	1501	n
21307768	2079	1498	n
21308019	2078	1500	n
21318383	2080	1503	n
21318644	2079	1501	n
21318895	2079	1503	n
21319147	2079	1499	n
21319398	2078	1502	n
21319657	2078	1502	n
21330096	2078	1499	n
21330347	2078	1500	n
21330603	2077	1501	n
21330858	2077	1503	n
21331109	2079	1502	n
21331361	2079	1500	n
21341775	2080	1501	n
21342026	2078	1501	n
21342277	2080	1501	n
21342530	2079	1502	n
21342785	2079	1499	n
21343036	2079	1500	n
21343287	2079	1502	n
21353716	2079	1501	n
21353967	2080	1503	n
21354218	2081	1501	n
21354469	2084	1501	n
21354725	2079	1502	n
21354976	2081	1500	n
21365355	2079	1501	n
21365609	2078	1501	n
21365865	2078	1499	n
21366116	2079	1502	n
21366367	2078	1503	n
21366627	2079	1502	n
21377050	2078	1502	n
21377302	2079	1501	n
21377557	2078	1501	n
21377812	2078	1499	n
21378064	2080	1502	n
21378315	2077	1499	n
21388746	2079	1501	n
21388997	2079	1502	n
21389248	2079	1501	n
21389503	2078	1499	n
21389759	2078	1501	n
21390010	2078	1499	n
21400372	2079	1502	n
21400631	2078	1502	n
21400882	2078	1502	n
21401133	2078	1501	n
21401385	2077	1499	n
21401644	2077	1502	n
21401896	2078	1501	n
21412275	2079	1501	n
21412528	2079	1501	n
21412784	2078	1502	n
21413035	2078	1501	n
21413286	2079	1501	n
21413541	2079	1502	n
21423918	2080	1502	n
21424169	2079	1499	n
21424421	2077	1502	n
21424676	2079	1499	n
21424927	2079	1501	n
21425178	2079	1499	n
21435564	2079	1501	n
21435819	2078	1501	n
21436070	2081	1502	n
21436321	2080	1499	n
21436578	2080	1501	n
21436834	2079	1502	n
21447257	2080	1501	n
21447511	2079	1501	n
21447766	2080	1503	n
21448018	2078	1501	n
21448269	2080	1502	n
21448524	2079	1502	n
21458953	2080	1502	n
21459204	2080	1503	n
21459455	2078	1501	n
21459710	2078	1501	n
21459962	2080	1502	n
21460213	2078	1499	n
21470580	2078	1501	n
21470836	2079	1501	n
21471087	2079	1499	n
21471338	2078	1502	n
21471592	2079	1499	n
21471848	2078	1501	n
21472099	2078	1501	n
21482483	2079	1502	n
21482739	2080	1501	n
21482990	2079	1501	n
21483242	2081	1502	n
21483496	2078	1502	n
21483752	2079	1503	n
21494126	2078	1502	n
21494377	2078	1499	n
21494634	2078	1499	n
21494886	2080	1500	n
21495137	2078	1502	n
21495388	2079	1499	n
21505774	2078	1500	n
21506025	2078	1501	n
21506276	2077	1500	n
21506529	2080	1501	n
21506784	2077	1498	n
21507036	2079	1500	n
21517465	2079	1501	n
21517721	2077	1502	n
21517972	2079	1501	n
21518223	2078	1503	n
21518474	2078	1500	n
21518730	2079	1501	n
21529161	2079	1501	n
21529412	2078	1501	n
21529667	2077	1502	n
21529919	2078	1501	n
21530170	2078	1502	n
21530421	2079	1502	n
21540787	2079	1500	n
21541038	2080	1501	n
21541289	2079	1501	n
21541543	2080	1501	n
21541799	2079	1501	n
21542050	2080	1502	n
21542301	2079	1501	n
21552695	2077	1499	n
21552946	2079	1499	n
21553197	2078	1499	n
21553448	2079	1502	n
21553704	2078	1499	n
21553956	2077	1502	n
21564333	2079	1501	n
21564589	2079	1501	n
21564845	2079	1500	n
21565096	2078	1502	n
21565347	2078	1499	n
21565603	2079	1498	n
21575977	2078	1500	n
21576228	2080	1502	n
21576479	2078	1501	n
21576740	2079	1501	n
21576991	2079	1501	n
21577242	2079	1502	n
21587676	2079	1501	n
21587927	2078	1502	n
21588179	2078	1501	n
21588430	2079	1501	n
21588686	2078	1501	n
21588937	2078	1502	n
21599368	2078	1500	n
21599626	2077	1501	n
21599877	2078	1501	n
21600128	2079	1501	n
21600379	2077	1501	n
21600636	2076	1499	n
21610995	2078	1501	n
21611246	2080	1501	n
21611503	2078	1501	n
21611759	2077	1501	n
21612010	2079	1500	n
21612261	2078	1500	n
21612517	2079	1501	n
21622897	2079	1502	n
21623148	2079	1501	n
21623400	2079	1502	n
21623658	2078	1501	n
21623909	2079	1502	n
21624161	2078	1499	n
21634543	2080	1502	n
21634799	2079	1501	n
21635050	2080	1501	n
21635301	2079	1501	n
21635558	2079	1502	n
21635814	2079	1499	n
21646185	2079	1501	n
21646436	2077	1501	n
21646696	2077	1501	n
21646947	2078	1500	n
21647199	2079	1501	n
21647450	2077	1500	n
21657880	2078	1500	n
21658131	2080	1499	n
21658383	2079	1501	n
21658639	2077	1499	n
21658891	2079	1502	n
21659142	2079	1501	n
21669577	2079	1500	n
21669832	2078	1502	n
21670083	2079	1501	n
21670334	2080	1501	n
21670589	2079	1501	n
21670844	2080	1501	n
21681202	2082	1502	n
21681453	2077	1501	n
21681709	2078	1500	n
21681960	2077	1499	n
21682211	2078	1502	n
21682462	2079	1501	n
21682718	2078	1501	n
21693105	2078	1500	n
21693356	2079	1501	n
21693613	2077	1502	n
21693868	2081	1501	n
21694119	2077	1501	n
21694371	2079	1503	n
21704753	2077	1501	n
21705004	2079	1498	n
21705255	2078	1501	n
21705509	2078	1501	n
21705765	2078	1501	n
21706016	2075	1499	n
21716392	2077	1501	n
21716650	2079	1501	n
21716901	2079	1502	n
21717152	2079	1502	n
21717403	2079	1499	n
21717662	2079	1502	n
21728087	2078	1502	n
21728338	2077	1500	n
21728595	2079	1501	n
21728851	2079	1501	n
21729102	2079	1501	n
21729353	2080	1499	n
21739783	2079	1502	n
21740034	2077	1501	n
21740285	2078	1499	n
21740540	2079	1499	n
21740796	2077	1501	n
21741047	2078	1501	n
21751410	2078	1499	n
21751666	2078	1501	n
21751917	2078	1502	n
21752168	2080	1499	n
21752419	2080	1501	n
21752675	2078	1501	n
21752926	2081	1501	n
21763312	2080	1503	n
21763568	2078	1499	n
21763824	2080	1498	n
21764075	2079	1501	n
21764326	2079	1501	n
21764580	2078	1501	n
21774956	2079	1500	n
21775207	2078	1499	n
21775458	2078	1502	n
21775714	2079	1501	n
21775965	2078	1499	n
21776216	2077	1499	n
21786606	2079	1499	n
21786861	2078	1501	n
21787112	2079	1502	n
21787363	2078	1499	n
21787621	2079	1501	n
21787876	2078	1501	n
21798295	2078	1501	n
21798551	2080	1502	n
21798807	2078	1501	n
21799058	2081	1503	n
21799309	2079	1502	n
21799562	2079	1502	n
21809991	2078	1501	n
21810242	2079	1499	n
21810499	2079	1501	n
21810755	2078	1501	n
21811006	2079	1502	n
21811257	2078	1502	n
21821617	2077	1499	n
21821872	2078	1500	n
21822123	2079	1502	n
21822375	2077	1503	n
21822634	2080	1499	n
21822885	2077	1501	n
21823136	2076	1500	n
21833524	2079	1501	n
21833779	2077	1499	n
21834030	2078	1503	n
21834282	2079	1498	n
21834538	2079	1499	n
21834793	2079	1499	n
21845163	2080	1501	n
21845414	2077	1498	n
21845670	2080	1502	n
21845921	2079	1501	n
21846172	2078	1503	n
21846423	2079	1503	n
21856807	2079	1501	n
21857058	2078	1499	n
21857309	2080	1500	n
21857563	2079	1501	n
21857818	2078	1502	n
21858069	2077	1501	n
21868506	2080	1500	n
21868761	2081	1499	n
21869013	2078	1499	n
21869264	2077	1501	n
21869520	2078	1501	n
21869776	2077	1497	n
21880198	2079	1500	n
21880449	2079	1501	n
21880705	2078	1501	n
21880957	2078	1501	n
21881208	2080	1499	n
21881459	2079	1502	n
21891825	2079	1502	n
21892076	2078	1499	n
21892327	2080	1500	n
21892581	2079	1501	n
21892837	2079	1501	n
21893088	2079	1502	n
21893339	2081	1502	n
21903731	2079	1499	n
21903982	2077	1499	n
21904234	2078	1502	n
21904486	2079	1502	n
21904742	2078	1502	n
21904993	2077	1499	n
21915371	2078	1499	n
21915631	2080	1500	n
21915882	2078	1500	n
21916133	2078	1499	n
21916384	2079	1503	n
21916644	2075	1499	n
21927015	2079	1499	n
21927266	2077	1501	n
21927520	2077	1502	n
21927776	2079	1501	n
21928027	2078	1501	n
21928278	2081	1501	n
21938715	2080	1501	n
21938966	2079	1502	n
21939217	2078	1501	n
21939468	2081	1501	n
21939724	2077	1499	n
21939975	2078	1499	n
21950406	2078	1499	n
21950663	2077	1502	n
21950915	2077	1501	n
21951166	2079	1501	n
21951417	2079	1499	n
21951673	2077	1499	n
21962032	2081	1501	n
21962283	2079	1501	n
21962537	2079	1501	n
21962792	2079	1500	n
21963043	2077	1501	n
21963295	2079	1499	n
21963552	2079	1501	n
21973935	2079	1500	n
21974186	2078	1501	n
21974438	2077	1502	n
21974696	2080	1501	n
21974947	2078	1501	n
21975198	2078	1499	n
21985580	2079	1501	n
21985993	2080	1502	n
21986253	2080	1502	n
21986529	2079	1501	n
21986784	2080	1503	n
21987035	2080	1502	n
21997446	2075	1500	n
21997958	2079	1499	n
21998210	2079	1499	n
21998461	2078	1500	n
21998725	2079	1500	n
21998999	2079	1502	n
22009401	2080	1501	Time:00:00:00:00;;
22010098	2078	1500	n
22010381	2079	1499	n
22010638	2080	1501	n
22010889	2077	1503	n
22011140	2080	1501	n
22021608	2079	1501	n
22022088	2079	1501	n
22022339	2079	1499	n
22022595	2080	1502	n
22022879	2079	1501	n
22023131	2079	1501	n
22033554	2080	1502	n
22034034	2079	1503	n
22034317	2079	1502	n
22034571	2080	1502	n
22034826	2079	1502	n
22035078	2079	1499	n
22035360	2078	1499	n
22045783	2078	1501	n
22046261	2081	1502	n
22046518	2078	1501	n
22046805	2079	1499	n
22047056	2078	1499	n
22047307	2078	1499	n
22057739	2078	1501	n
22058249	2078	1501	n
22058504	2078	1499	n
22058759	2078	1502	n
22059010	2078	1501	Time:00:00:00:00;;
22059511	2078	1501	n
22069931	2080	1502	n
22070408	2079	1501	n
22070695	2078	1501	n
22070946	2080	1501	n
22071197	2078	1501	n
22071448	2078	1503	n
22081886	2076	1499	n
22082371	2079	1502	n
22082631	2078	1500	n
22082882	2078	1499	n
22083142	2078	1501	n
22083416	2078	1499	n
22093839	2078	1501	n
22094314	2080	1499	n
22094578	2079	1503	n
22094855	2079	1501	n
22095106	2080	1502	n
22095358	2079	1499	n
22095619	2079	1499	n
22106070	2081	1502	n
22106558	2079	1502	n
22106813	2079	1502	n
22107073	2082	1503	n
22107347	2080	1502	n
22107604	2079	1501	n
22118023	2080	1502	n
22118511	2080	1503	n
22118789	2079	1499	n
22119040	2078	1501	n
22119292	2079	1501	n
22119555	2080	1501	n
22129978	2079	1500	n
22130455	2078	1502	n
22130710	2078	1501	n
22130970	2078	1501	n
22131243	2078	1501	n
22131499	2079	1502	n
22131755	2078	1501	n
22142122	2079	1502	n
22142634	2080	1501	n
22142885	2079	1502	n
22143137	2080	1501	n
22143396	2079	1502	n
22143679	2079	1502	n
22154076	2080	1501	n
22154561	2079	1502	n
22154816	2079	1501	n
22155099	2078	1500	n
22155350	2080	1501	n
22155606	2079	1503	n
22166031	2079	1502	n
22166543	2081	1501	n
22166799	2079	1501	n
22167050	2079	1501	n
22167301	2078	1500	n
22167589	2077	1499	n
22167844	2079	1501	n
22178261	2075	1503	n
22178751	2079	1502	n
22179033	2079	1498	n
22179284	2079	1499	n
22179542	2078	1499	n
22179797	2077	1502	n
22190215	2078	1500	n
22190714	2079	1502	n
22190965	2078	1500	n
22191217	2079	1501	n
22191503	2080	1501	n
22191759	2079	1500	n
22202152	2079	1499	n
22202635	2079	1501	n
22202917	2079	1501	n
22203169	2079	1501	n
22203420	2079	1502	n
22203676	2080	1500	n
22203958	2081	1499	n
22214313	2078	1499	Time:00:00:00:00;;
22214969	2077	1501	n
22215220	2078	1501	n
22215471	2080	1501	n
22215727	2080	1501	n
22226147	2078	1501	n
22226398	2079	1501	n
22226657	2080	1501	n
22226908	2078	1501	n
22227160	2078	1501	n
22227411	2078	1499	n
22237774	2080	1501	n
22238025	2080	1503	n
22238276	2080	1501	n
22238529	2079	1501	n
22238785	2078	1502	n
22239036	2079	1501	n
22239287	2078	1501	n
22249681	2078	1500	n
22249932	2078	1501	n
22250183	2078	1501	n
22250434	2079	1502	n
22250690	2079	1503	n
22250941	2079	1499	n
22261320	2078	1501	n
22261575	2078	1501	n
22261830	2079	1501	n
22262082	2081	1500	n
22262333	2078	1502	n
22262589	2080	1499	n
22272963	2078	1499	n
22273214	2077	1501	n
22273465	2079	1500	n
22273721	2080	1500	n
22273972	2078	1499	n
22274223	2078	1501	n
22284663	2079	1501	n
22284914	2080	1501	n
22285165	2079	1501	n
22285416	2079	1501	n
22285672	2080	1503	n
22285923	2078	1501	n
22296354	2080	1501	n
22296609	2078	1500	n
22296865	2079	1499	n
22297116	2079	1502	n
22297367	2079	1502	n
22297627	2080	1502	n
22308050	2080	1500	n
22308301	2077	1500	n
22308558	2079	1499	n
22308814	2078	1502	n
22309065	2079	1499	n
22309316	2077	1500	n
22309572	2077	1501	n
22319970	2080	1501	n
22320221	2079	1502	n
22320472	2081	1501	n
22320728	2078	1501	n
22320979	2078	1502	n
22321230	2080	1502	n
22331616	2080	1503	n
22331871	2077	1499	n
22332122	2080	1499	n
22332373	2080	1501	n
22332634	2079	1502	n
22332885	2080	1502	n
22343309	2081	1501	n
22343562	2081	1501	n
22343817	2079	1501	n
22344068	2079	1501	n
22344319	2079	1502	n
22344575	2078	1501	n
22354952	2079	1499	n
22355204	2078	1499	n
22355455	2078	1501	n
22355710	2079	1499	n
22355961	2079	1500	n
22356212	2078	1501	n
22366652	2077	1501	n
22366904	2079	1500	n
22367155	2079	1501	n
22367406	2078	1498	n
22367664	2079	1499	n
22367915	2079	1503	n
22378327	2080	1501	n
22378580	2077	1499	n
22378836	2078	1501	n
22379087	2080	1501	n
22379338	2078	1501	n
22379595	2079	1502	n
22379851	2080	1501	n
22390263	2079	1499	n
22390520	2078	1502	n
22390776	2078	1501	n
22391027	2078	1498	n
22391278	2077	1502	n
22391535	2079	1499	n
22401907	2080	1499	n
22402158	2079	1501	n
22402409	2079	1501	n
22402665	2079	1501	n
22402917	2077	1499	n
22403168	2080	1501	n
22413607	2078	1499	n
22413862	2078	1502	n
22414113	2080	1500	n
22414365	2079	1501	n
22414620	2078	1501	n
22414875	2079	1501	n
22425298	2079	1501	n
22425554	2080	1501	n
22425809	2080	1502	n
22426061	2078	1499	n
22426312	2081	1503	n
22426569	2079	1500	n
22436942	2080	1501	n
22437193	2079	1502	n
22437444	2079	1501	n
22437703	2079	1501	n
22437954	2078	1501	n
22438206	2078	1499	n
22448621	2079	1499	n
22448876	2079	1501	n
22449127	2080	1502	n
22449378	2080	1501	n
22449635	2080	1502	n
22449886	2077	1500	n
22450138	2077	1499	n
22460560	2078	1502	n
22460816	2079	1502	n
22461067	2078	1501	n
22461318	2079	1501	n
22461572	2079	1499	n
22461827	2078	1501	n
22472201	2078	1499	n
22472452	2078	1501	n
22472708	2079	1501	n
22472959	2078	1501	n
22473210	2078	1501	n
22473461	2079	1503	n
22483896	2079	1499	n
22484148	2078	1502	n
22484399	2079	1502	n
22484658	2079	1502	n
22484909	2080	1499	n
22485160	2076	1499	n
22495592	2077	1499	n
22495847	2077	1501	n
22496098	2078	1502	n
22496350	2078	1502	n
22496606	2078	1502	n
22496861	2080	1501	n
22507219	2079	1501	n
22507470	2081	1502	n
22507726	2079	1503	n
22507977	2079	1501	n
22508228	2078	1501	n
22508479	2079	1501	n
22508740	2079	1501	n
22519121	2078	1503	n
22519372	2081	1503	n
22519634	2079	1501	n
22519885	2078	1500	n
22520136	2079	1501	n
22520388	2080	1502	n
22530769	2079	1502	n
22531021	2079	1499	n
22531272	2077	1500	n
22531526	2079	1498	n
22531781	2078	1499	n
22532032	2079	1500	n
22542408	2078	1500	n
22542664	2078	1501	n
22542915	2079	1501	n
22543167	2079	1502	n
22543418	2079	1499	n
22543673	2077	1499	n
22554103	2079	1500	n
22554355	2078	1501	n
22554609	2080	1501	n
22554865	2079	1501	n
22555116	2079	1501	n
22555367	2079	1501	n
22565799	2079	1499	n
22566050	2079	1501	n
22566301	2081	1501	n
22566558	2079	1500	n
22566814	2079	1501	n
22567065	2076	1500	n
22577426	2079	1504	n
22577682	2079	1501	n
22577933	2080	1502	n
22578184	2081	1501	n
22578435	2078	1502	n
22578692	2079	1502	n
22578943	2079	1503	n
22589328	2078	1502	n
22589581	2079	1501	n
22589837	2080	1502	n
22590088	2080	1502	n
22590339	2080	1502	n
22590595	2077	1501	n
22600972	2080	1502	n
22601223	2080	1501	n
22601474	2080	1501	n
22601730	2079	1502	n
22601981	2080	1501	n
22602233	2079	1499	n
22612620	2079	1501	n
22612875	2077	1498	n
22613127	2079	1501	n
22613378	2077	1499	n
22613635	2077	1499	n
22613886	2077	1501	n
22624311	2079	1501	n
22624569	2077	1502	n
22624824	2077	1501	n
22625075	2078	1501	n
22625326	2079	1502	n
22625580	2079	1499	n
22636007	2077	1503	n
22636258	2080	1499	n
22636511	2079	1501	n
22636767	2079	1501	n
22637018	2079	1500	n
22637269	2079	1501	n
22647638	2078	1499	n
22647889	2081	1502	n
22648140	2079	1501	n
22648392	2080	1501	n
22648649	2080	1501	n
22648901	2079	1502	n
22649152	2079	1503	n
22659540	2079	1499	n
22659796	2079	1501	n
22660047	2080	1502	n
22660298	2075	1499	n
22660555	2078	1502	n
22660810	2075	1501	n
22671180	2079	1500	n
22671431	2077	1500	n
22671687	2077	1501	n
22671939	2079	1501	n
22672190	2080	1501	n
22672441	2077	1501	n
22682823	2077	1501	n
22683074	2078	1499	n
22683325	2079	1501	n
22683578	2079	1502	n
22683834	2077	1500	n
22684085	2079	1502	n
22694524	2079	1501	n
22694779	2079	1502	n
22695030	2079	1502	n
22695281	2079	1500	n
22695538	2081	1503	n
22695793	2079	1502	n
22706214	2079	1502	n
22706465	2081	1502	n
22706721	2079	1502	n
22706972	2080	1499	n
22707223	2080	1502	n
22707474	2078	1501	n
22717841	2078	1499	n
22718092	2078	1500	n
22718343	2079	1501	n
22718597	2078	1501	n
22718852	2079	1500	n
22719103	2080	1499	n
22719354	2079	1499	n
22729748	2079	1503	n
22729999	2079	1501	n
22730250	2080	1503	n
22730507	2079	1502	n
22730762	2078	1501	n
22731014	2079	1501	n
22741387	2080	1499	n
22741644	2080	1501	n
22741895	2079	1502	n
22742146	2080	1501	n
22742398	2079	1502	n
22742657	2080	1502	n
22753031	2081	1502	n
22753282	2078	1502	n
22753537	2079	1500	n
22753792	2078	1502	n
22754043	2078	1503	n
22754294	2079	1502	n
22764730	2079	1499	n
22764982	2079	1502	n
22765233	2078	1500	n
22765485	2079	1501	n
22765741	2079	1500	n
22765992	2080	1499	n
22776422	2079	1503	n
22776677	2079	1501	n
22776929	2080	1499	n
22777180	2079	1502	n
22777431	2080	1503	n
22777687	2080	1500	n
22788049	2079	1499	n
22788300	2077	1500	n
22788554	2079	1501	n
22788810	2079	1500	n
22789061	2079	1499	n
22789312	2077	1501	n
22789569	20