LB&“ÓS(¢ÂÂJn
23836	2670	1488	n
24330	2667	1488	n
24583	2667	1488	n
24839	2670	1488	n
25109	2667	1487	n
25382	2665	1488	n
25643	2667	1488	n
36014	2663	1486	n
36521	2665	1486	n
36799	2658	1487	n
37049	2661	1487	n
37300	2666	1486	n
37561	2665	1487	n
37838	2660	1485	n
38089	2662	1488	n
48508	2669	1488	n
48987	2667	1488	n
49268	2667	1487	n
49521	2670	1488	n
49776	2666	1486	n
50027	2667	1487	n
50308	2665	1488	n
60685	2663	1488	n
61159	2663	1487	n
61410	2667	1485	n
61697	2662	1488	n
6194029	2667	1487	n
99303	2667	1488	n
99555	2666	1488	n
109930	2668	1488	n
110405	2666	1487	n
110695	2663	1486	n
110946	2666	1488	n
111196	2665	1487	n
111447	2667	1488	n
111735	2661	1487	n
122091	2667	1488	n
122569	2666	1488	n
122824	2667	1488	n
123083	2667	1487	n
123356	2668	1488	n
123612	2665	1487	n
123867	2665	1488	n
134305	2667	1488	n
134797	2666	1486	n
135048	2667	1488	n
135298	2667	1487	n
135564	2665	1487	n
135841	2666	1487	n
136092	2669	1488	n
146449	2667	1488	n
146940	2667	1488	n
147213	2667	1488	n
147463	2663	1488	n
147718	2669	1488	n
147977	2666	1488	n
148250	2666	1487	n
158610	2667	1488	n
159090	2666	1488	n
159340	2667	1488	n
159624	2665	1488	n
159879	2667	1488	n
160130	2667	1488	n
160381	2669	1487	n
160673	2667	1488	n
171064	2665	1488	n
171543	2665	1488	n
171798	2666	1488	n
172080	2665	1487	n
172331	2669	1487	n
172587	2667	1488	n
172842	2668	1487	n
183320	2667	1488	n
183804	2667	1488	n
184055	2668	1488	n
184305	2667	1488	n
184590	2667	1488	n
184845	2667	1488	n
185096	2667	1488	n
195473	2670	1488	n
195984	2668	1488	n
196235	2665	1488	n
196486	2663	1488	n
196743	2667	1488	n
197024	2663	1488	n
197275	2666	1487	n
207690	2666	1487	n
208165	2666	1488	n
208424	2669	1488	n
208701	2667	1488	n
208952	2667	1488	n
209203	2667	1486	n
209463	2666	1488	n
219855	2666	1488	n
220331	2669	1488	n
220587	2669	1488	n
220850	2667	1488	n
221123	2667	1487	n
221374	2667	1488	n
221629	2667	1488	n
232009	2670	1489	n
232518	2670	1488	n
232773	2667	1488	n
233023	2668	1488	n
233283	2667	1488	n
233560	2667	1488	n
233815	2668	1488	n
244239	2668	1488	n
244726	2666	1488	n
244999	2667	1488	n
245250	2668	1488	n
245505	2665	1488	n
245767	2667	1489	n
246040	2667	1488	n
256469	2667	1488	n
256949	2668	1488	n
257200	2668	1487	n
257481	2668	1488	n
257736	2667	1487	n
257987	2668	1488	n
258238	2669	1488	n
268630	2667	1488	n
269118	2667	1488	n
269369	2667	1488	n
269622	2670	1488	n
269908	2667	1488	n
270158	2670	1488	n
270409	2667	1488	n
280791	2670	1488	n
281274	2669	1488	n
281552	2667	1487	n
281807	2667	1488	n
282058	2669	1488	n
282318	2670	1488	n
282595	2667	1488	n
293005	2667	1488	n
293479	2669	1488	n
293743	2668	1488	n
294016	2667	1488	n
294267	2667	1487	n
294520	2668	1488	n
294783	2666	1487	n
305235	2667	1488	n
305716	2669	1488	n
305967	2668	1488	n
306226	2666	1488	n
306506	2667	1488	n
306760	2667	1488	n
307011	2669	1488	n
307271	2668	1488	n
317702	2670	1488	n
318176	2667	1488	n
318427	2670	1488	n
318689	2667	1488	n
318962	2669	1488	n
319213	2670	1488	n
319464	2666	1488	n
329850	2666	1488	n
330357	2666	1487	n
330612	2667	1487	n
330867	2667	1488	n
331117	2667	1488	n
331399	2667	1488	n
331659	2669	1488	n
342098	2668	1488	n
342578	2668	1487	n
342863	2668	1488	n
343114	2668	1486	n
343365	2666	1488	n
343630	2670	1488	n
343907	2669	1488	n
354311	2666	1488	n
354793	2667	1488	n
355043	2669	1488	n
355325	2667	1488	n
355580	2667	1488	n
355835	2670	1488	n
356086	2668	1487	n
366571	2667	1488	n
367050	2666	1488	n
367301	2669	1488	n
367554	2667	1488	n
367840	2669	1488	n
368090	2668	1488	n
368341	2667	1488	n
378724	2668	1488	n
379232	2667	1488	n
379482	2666	1488	n
379738	2667	1486	n
379989	2668	1488	n
380270	2667	1487	n
380526	2667	1488	n
390932	2666	1488	n
391407	2667	1487	n
391674	2666	1488	n
391947	2669	1488	n
392198	2667	1488	n
392448	2667	1486	n
392714	2662	1486	n
403094	2666	1488	n
403571	2669	1487	n
403826	2666	1488	n
404085	2669	1488	n
404358	2667	1488	n
404615	2667	1488	n
404870	2667	1488	n
415255	2669	1488	n
415771	2668	1487	n
416022	2669	1488	n
416273	2665	1488	n
416538	2665	1488	n
416816	2663	1488	n
417067	2666	1487	n
427485	2667	1487	n
427975	2668	1488	n
428248	2666	1488	n
428501	2666	1488	n
428756	2667	1488	n
429016	2669	1488	n
429289	2667	1488	n
439699	2667	1488	n
440174	2667	1488	n
440425	2667	1488	n
440711	2667	1488	n
440962	2666	1488	n
441213	2667	1487	n
441464	2665	1488	n
451860	2667	1488	n
452349	2668	1488	n
452603	2668	1488	n
452858	2668	1488	n
453140	2667	1488	n
453391	2670	1488	n
453647	2669	1488	n
453898	2670	1488	n
464314	2667	1488	Time:00:00:00:00;;
465052	2667	1488	n
465302	2667	1488	n
465566	2667	1488	n
465843	2666	1487	n
466094	2667	1487	n
476458	2663	1488	n
476949	2666	1488	n
477222	2667	1487	n
477473	2670	1488	n
477728	2667	1488	n
477987	2667	1488	n
478261	2667	1488	n
488693	2667	1488	n
489168	2667	1488	n
489428	2668	1488	n
489705	2669	1488	n
489955	2667	1488	n
490206	2667	1488	n
490466	2666	1488	n
500859	2669	1488	n
501338	2667	1488	n
501590	2668	1488	n
501845	2669	1488	n
502127	2670	1488	n
502378	2666	1488	n
502636	2669	1488	n
513011	2667	1488	n
513532	2668	1487	n
513787	2668	1488	n
514038	2667	1488	n
514289	2667	1488	n
514573	2667	1488	n
514828	2669	1487	n
525224	2667	1488	Time:00:00:00:00;;
525934	2667	1488	n
526207	2667	1488	n
526457	2666	1488	n
526713	2666	1488	n
526973	2667	1488	n
537368	2666	1488	n
537853	2669	1488	n
538104	2670	1488	n
538364	2668	1488	n
538643	2667	1488	n
538894	2667	1488	n
539145	2667	1488	n
549518	2663	1488	n
550029	2667	1487	n
550280	2667	1488	n
550535	2669	1488	n
550789	2667	1488	n
551071	2667	1487	n
551322	2667	1488	n
561743	2667	1488	n
562220	2668	1488	n
562505	2667	1487	n
562761	2667	1488	n
563011	2667	1487	n
563262	2666	1488	n
563550	2669	1488	n
563804	2667	1487	n
574196	2669	1489	n
574694	2667	1488	n
574976	2667	1488	n
575227	2667	1487	n
575478	2669	1487	n
575733	2667	1488	n
576015	2667	1488	n
586444	2668	1488	n
586931	2666	1487	n
587182	2667	1488	n
587464	2667	1488	n
587719	2665	1487	n
587970	2666	1488	n
588220	2668	1488	n
598679	2669	1488	n
599163	2667	1488	n
599413	2668	1487	n
599671	2667	1488	n
599952	2667	1488	n
600203	2667	1488	n
600454	2667	1488	n
610819	2666	1486	n
611304	2666	1488	n
611580	2667	1488	n
611834	2667	1488	n
612085	2667	1488	n
612345	2667	1488	n
612629	2668	1488	n
623066	2669	1488	n
623545	2666	1488	n
623809	2669	1487	n
624083	2669	1488	n
624333	2669	1488	n
624587	2667	1488	n
624850	2668	1488	n
635297	2669	1487	n
635788	2667	1488	n
636039	2666	1488	n
636298	2669	1487	n
636578	2667	1488	n
636833	2667	1487	n
637083	2667	1488	n
647529	2668	1488	n
648043	2667	1488	n
648294	2668	1488	n
648549	2667	1488	n
648813	2668	1488	n
649086	2667	1487	n
649337	2667	1488	n
659774	2667	1488	n
660265	2667	1487	n
660543	2666	1488	n
660798	2667	1487	n
661049	2666	1488	n
661307	2667	1487	n
661587	2666	1487	n
671987	2669	1488	Time:00:00:00:00;;
672690	2667	1488	n
672941	2670	1488	n
673191	2669	1488	n
673442	2669	1488	n
673698	2670	1488	n
673949	2670	1488	n
684338	2669	1488	n
684595	2669	1488	n
684850	2668	1488	n
685101	2667	1488	n
685352	2669	1488	n
685604	2669	1488	n
696034	2667	1488	n
696285	2668	1488	n
696538	2666	1487	n
696793	2666	1487	n
697044	2667	1487	n
697294	2668	1488	n
697549	2663	1488	n
707953	2669	1488	n
708204	2668	1488	n
708455	2667	1488	n
708712	2669	1488	n
708963	2670	1488	n
709214	2668	1488	n
709465	2667	1488	n
719890	2669	1488	n
720141	2667	1488	n
720392	2669	1488	n
720648	2667	1488	n
720899	2670	1488	n
721150	2669	1488	n
721401	2670	1488	n
731792	2670	1488	n
732043	2667	1488	n
732294	2669	1488	n
732550	2669	1488	n
732805	2667	1488	n
733056	2668	1486	n
733306	2668	1488	n
743717	2668	1487	n
743968	2667	1488	n
744219	2667	1488	n
744469	2669	1488	n
744725	2669	1488	n
744976	2669	1488	n
745226	2667	1488	n
755634	2670	1488	n
755885	2671	1488	n
756136	2669	1488	n
756387	2669	1488	n
756644	2670	1488	n
756894	2670	1488	n
757145	2669	1488	n
767537	2670	1488	n
767792	2667	1488	n
768043	2669	1488	n
768294	2668	1488	n
768550	2670	1488	n
768805	2669	1488	n
769056	2668	1488	n
779471	2669	1488	n
779726	2668	1488	n
779977	2667	1487	n
780227	2667	1488	n
780478	2670	1488	n
780733	2667	1488	n
780984	2667	1488	n
791374	2667	1488	n
791629	2667	1488	n
791884	2665	1488	n
792135	2668	1488	n
792386	2668	1487	n
792642	2666	1488	n
792893	2667	1488	n
803276	2669	1488	n
803533	2670	1488	n
803787	2669	1488	n
804038	2670	1488	n
804289	2669	1488	n
804544	2670	1488	n
814973	2665	1488	n
815224	2669	1488	n
815475	2667	1486	n
815730	2667	1488	n
815981	2666	1487	n
816231	2667	1488	n
816482	2667	1488	n
826909	2667	1487	n
827160	2668	1488	n
827411	2669	1487	n
827671	2668	1488	n
827922	2667	1488	n
828172	2667	1487	n
828423	2667	1487	n
838829	2669	1488	n
839080	2669	1488	n
839331	2669	1488	n
839587	2670	1488	n
839842	2669	1488	n
840092	2667	1488	n
840343	2670	1488	n
850731	2667	1488	n
850982	2669	1488	n
851233	2668	1488	n
851483	2668	1488	n
851739	2669	1488	n
851990	2667	1488	n
852241	2669	1488	n
862673	2666	1488	n
862924	2667	1488	n
863175	2670	1488	n
863425	2667	1488	n
863681	2667	1488	n
863932	2670	1488	n
864182	2667	1488	n
874573	2667	1488	n
874828	2669	1488	n
875078	2667	1488	n
875329	2667	1488	n
875584	2669	1488	n
875839	2665	1488	n
876090	2666	1488	n
886492	2669	1487	n
886748	2669	1488	n
886999	2669	1488	n
887249	2670	1488	n
887505	2669	1488	n
887760	2668	1488	n
888011	2667	1488	n
898410	2670	1488	n
898671	2668	1488	n
898922	2669	1488	n
899172	2667	1488	n
899423	2670	1488	n
899678	2669	1488	n
899929	2667	1488	n
910313	2670	1488	n
910569	2669	1487	n
910824	2666	1487	n
911075	2666	1488	n
911326	2668	1488	n
911580	2667	1488	n
922009	2669	1488	n
922260	2669	1488	n
922515	2667	1488	n
922770	2668	1488	n
923021	2671	1488	n
923272	2667	1488	n
923526	2669	1488	n
933928	2671	1488	n
934179	2670	1488	n
934430	2669	1489	n
934685	2671	1488	n
934936	2670	1488	n
935186	2670	1488	n
935437	2670	1488	n
945865	2669	1488	n
946282	2669	1488	n
946560	2668	1488	n
946815	2667	1489	n
947066	2667	1488	n
947325	2669	1488	n
947604	2666	1488	n
958009	2667	1488	n
958485	2666	1488	n
958750	2669	1488	n
959023	2670	1488	n
959273	2669	1488	n
959529	2669	1488	n
959793	2669	1488	n
970223	2669	1488	n
970707	2668	1488	n
970958	2670	1488	n
971218	2671	1488	n
971491	2667	1488	n
971748	2670	1488	n
971999	2669	1488	n
982384	2668	1488	n
982800	2671	1488	n
983059	2671	1488	n
983333	2667	1488	n
983587	2668	1488	n
983841	2668	1488	n
984101	2669	1488	n
984374	2670	1488	n
994756	2667	1488	n
995233	2669	1488	n
995493	2669	1488	n
995771	2668	1488	n
996022	2669	1488	n
996272	2669	1488	n
996535	2667	1488	n
1007008	2669	1488	Time:00:00:00:00;;
1007707	2669	1488	n
1007967	2669	1488	n
1008240	2669	1488	n
1008492	2670	1488	n
1008748	2667	1488	n
1019160	2669	1488	n
1019675	2669	1488	n
1019926	2670	1488	n
1020177	2667	1488	n
1020437	2669	1488	n
1020715	2672	1488	n
1031080	2669	1488	n
1031560	2669	1488	n
1031815	2669	1488	n
1032097	2670	1488	n
1032348	2670	1488	n
1032604	2667	1488	n
1032859	2668	1488	n
1043276	2669	1488	n
1043770	2669	1488	n
1044021	2671	1488	n
1044272	2669	1488	n
1044556	2669	1488	n
1044811	2667	1487	n
1045062	2669	1488	n
1055471	2671	1488	n
1055984	2668	1488	n
1056235	2669	1488	n
1056486	2667	1488	n
1056743	2667	1488	n
1057025	2667	1487	n
1067391	2669	1488	Time:00:00:00:00;;
1068091	2669	1488	n
1068351	2670	1488	n
1068629	2667	1488	n
1068884	2669	1488	n
1069135	2667	1488	n
1079555	2666	1487	n
1080067	2667	1488	n
1080318	2663	1488	n
1080571	2669	1488	n
1080834	2666	1487	n
1081108	2669	1488	n
1081359	2666	1488	n
1091753	2665	1488	n
1092237	2668	1488	n
1092516	2667	1488	n
1092771	2670	1488	n
1093022	2666	1488	n
1093282	2670	1488	n
1093561	2668	1488	n
1103944	2669	1488	n
1104422	2669	1488	n
1104677	2670	1488	n
1104958	2669	1488	n
1105209	2667	1488	n
1105460	2667	1489	n
1115864	2668	1488	n
1116379	2667	1488	n
1116640	2667	1488	n
1116891	2668	1488	n
1117142	2667	1488	n
1117423	2667	1488	n
1117679	2666	1488	n
1128060	2667	1488	n
1128539	2667	1487	n
1128802	2667	1488	n
1129076	2667	1488	n
1129327	2668	1488	n
1129580	2666	1488	n
1129844	2667	1488	n
1140264	2666	1487	n
1140750	2667	1487	n
1141001	2666	1488	n
1141260	2669	1488	n
1141536	2668	1488	n
1141791	2669	1488	n
1152175	2667	1488	n
1152671	2667	1488	n
1152951	2668	1488	n
1153202	2667	1488	n
1153453	2666	1488	n
1153721	2669	1487	n
1153994	2669	1488	n
1164371	2667	1488	n
1164853	2669	1488	n
1165113	2667	1487	n
1165388	2669	1488	n
1165645	2670	1488	n
1165896	2667	1488	n
1166156	2672	1488	n
1176577	2669	1488	n
1177063	2668	1488	n
1177313	2667	1488	n
1177570	2667	1488	n
1177856	2668	1487	n
1178106	2669	1488	n
1188469	2670	1488	n
1188952	2669	1488	n
1189212	2671	1488	n
1189485	2667	1488	n
1189741	2669	1488	n
1189992	2669	1488	n
1190251	2667	1488	n
1200686	2669	1488	n
1201163	2667	1488	n
1201413	2669	1488	n
1201680	2670	1488	n
1201953	2669	1488	n
1202204	2669	1488	n
1202455	2669	1488	n
1212878	2667	1488	Time:00:00:00:00;;
1213571	2667	1488	n
1213826	2667	1488	n
1214077	2668	1488	n
1214328	2669	1488	n
1214585	2667	1488	n
1224953	2669	1488	n
1225204	2668	1488	n
1225455	2666	1488	n
1225712	2669	1488	n
1225963	2667	1488	n
1226214	2667	1488	n
1236634	2669	1488	n
1236885	2667	1488	n
1237136	2669	1488	n
1237387	2670	1488	n
1237644	2666	1488	n
1237894	2670	1488	n
1238145	2667	1488	n
1248587	2668	1488	n
1248843	2670	1488	n
1249094	2669	1488	n
1249345	2668	1488	n
1249601	2669	1488	n
1249856	2670	1488	n
1260246	2668	1488	n
1260501	2669	1488	n
1260756	2669	1488	n
1261007	2668	1488	n
1261258	2667	1488	n
1261515	2667	1488	n
1261771	2667	1487	n
1272131	2669	1488	n
1272382	2669	1488	n
1272643	2669	1488	n
1272894	2667	1488	n
1273145	2669	1488	n
1273396	2669	1488	n
1283792	2670	1488	n
1284043	2670	1488	n
1284294	2667	1488	n
1284549	2669	1488	n
1284804	2667	1488	n
1285055	2669	1488	n
1285306	2667	1488	n
1295683	2668	1488	n
1295933	2669	1488	n
1296184	2667	1488	n
1296435	2669	1489	n
1296691	2669	1488	n
1296941	2667	1488	n
1307339	2667	1488	n
1307594	2668	1488	n
1307849	2667	1488	n
1308100	2667	1488	n
1308351	2666	1489	n
1308604	2668	1488	n
1308859	2667	1488	n
1319224	2670	1488	n
1319475	2671	1488	n
1319731	2670	1488	n
1319982	2667	1488	n
1320233	2667	1488	n
1320484	2669	1488	n
1330885	2668	1488	n
1331136	2667	1488	n
1331387	2669	1488	n
1331644	2670	1488	n
1331895	2667	1488	n
1332146	2668	1488	n
1332397	2667	1488	n
1342774	2667	1488	n
1343025	2669	1488	n
1343276	2666	1488	n
1343533	2668	1488	n
1343788	2667	1488	n
1344039	2667	1488	n
1354431	2665	1488	n
1354687	2668	1488	n
1354937	2667	1488	n
1355188	2668	1488	n
1355439	2668	1487	n
1355695	2667	1488	n
1355946	2666	1488	n
1366316	2667	1488	n
1366569	2669	1488	n
1366824	2667	1488	n
1367075	2667	1488	n
1367326	2669	1488	n
1367580	2666	1488	n
1377977	2670	1488	n
1378228	2669	1488	n
1378479	2672	1488	n
1378734	2669	1488	n
1378985	2671	1488	n
1379236	2671	1488	n
1379487	2669	1489	n
1389863	2666	1488	n
1390114	2667	1488	n
1390365	2669	1488	n
1390622	2669	1488	n
1390876	2667	1488	n
1391127	2669	1488	n
1401529	2669	1488	n
1401784	2670	1488	n
1402035	2670	1488	n
1402286	2669	1488	n
1402539	2669	1488	n
1402793	2670	1488	n
1403044	2667	1488	n
1413409	2671	1488	n
1413668	2667	1489	n
1413919	2669	1488	n
1414169	2670	1488	n
1414420	2670	1488	n
1414676	2670	1488	n
1425070	2667	1488	n
1425321	2671	1489	n
1425578	2670	1488	n
1425833	2671	1488	n
1426084	2670	1488	n
1426335	2669	1489	n
1426588	2669	1488	n
1436955	2669	1488	n
1437206	2669	1488	n
1437457	2667	1488	n
1437713	2667	1488	n
1437964	2669	1488	n
1438215	2667	1488	n
1448616	2667	1488	n
1448871	2667	1488	n
1449122	2667	1488	n
1449373	2667	1488	n
1449630	2669	1487	n
1449885	2670	1488	n
1450136	2668	1488	n
1460505	2669	1488	n
1460760	2669	1488	n
1461011	2669	1488	n
1461262	2669	1488	n
1461518	2668	1488	n
1461774	2671	1488	n
1472162	2670	1488	n
1472413	2669	1488	n
1472671	2669	1488	n
1472922	2669	1488	n
1473173	2670	1488	n
1473423	2670	1488	n
1473679	2667	1488	n
1484048	2667	1488	n
1484299	2668	1488	n
1484552	2670	1488	n
1484807	2669	1488	n
1485058	2669	1488	n
1485309	2666	1488	n
1495713	2667	1488	n
1495964	2668	1488	n
1496215	2670	1488	n
1496466	2668	1487	n
1496721	2669	1488	n
1496972	2670	1488	n
1497223	2669	1488	n
1507597	2671	1489	n
1507852	2669	1488	n
1508103	2670	1488	n
1508354	2668	1488	n
1508607	2671	1488	n
1508862	2670	1488	n
1519255	2668	1488	n
1519512	2671	1488	n
1519767	2670	1488	n
1520018	2667	1488	n
1520269	2666	1488	n
1520526	2666	1488	n
1520782	2667	1488	n
1531140	2670	1488	n
1531391	2669	1488	n
1531648	2669	1488	n
1531899	2669	1487	n
1532150	2669	1488	n
1532401	2667	1488	n
1542801	2670	1488	n
1543052	2667	1488	n
1543303	2669	1488	n
1543556	2669	1488	n
1543811	2670	1488	n
1544061	2668	1488	n
1544312	2668	1488	n
1554691	2669	1488	n
1554942	2670	1488	n
1555193	2671	1488	n
1555443	2669	1488	n
1555699	2670	1488	n
1555950	2669	1488	n
1566347	2667	1488	n
1566604	2668	1488	n
1566859	2666	1488	n
1567110	2669	1487	n
1567361	2668	1488	n
1567615	2667	1488	n
1567870	2668	1488	n
1578233	2667	1488	n
1578484	2667	1488	n
1578740	2667	1488	n
1578991	2666	1487	n
1579242	2667	1488	n
1579494	2670	1488	n
1589894	2667	1487	n
1590145	2667	1488	n
1590396	2668	1488	n
1590653	2670	1488	n
1590904	2669	1488	n
1591155	2667	1488	n
1591406	2669	1488	n
1601783	2667	1488	n
1602034	2669	1488	n
1602285	2669	1488	n
1602538	2670	1488	n
1602793	2670	1488	n
1603044	2669	1488	n
1613440	2668	1488	n
1613696	2670	1488	n
1613947	2667	1488	n
1614198	2667	1488	n
1614449	2667	1487	n
1614705	2667	1488	n
1614956	2669	1488	n
1625325	2667	1488	n
1625580	2668	1488	n
1625835	2668	1488	n
1626085	2669	1487	n
1626336	2667	1488	n
1626590	2665	1488	n
1636986	2669	1488	n
1637237	2670	1488	n
1637488	2667	1488	n
1637748	2668	1488	n
1637999	2669	1488	n
1638250	2669	1488	n
1638505	2670	1488	n
1648871	2669	1488	n
1649122	2667	1488	n
1649373	2670	1488	n
1649630	2670	1488	n
1649885	2667	1488	n
1650136	2670	1488	n
1660535	2667	1488	n
1660789	2668	1488	n
1661040	2668	1488	n
1661290	2667	1488	n
1661546	2667	1488	n
1661802	2669	1488	n
1662053	2669	1488	n
1672418	2669	1488	n
1672674	2669	1488	n
1672925	2668	1488	n
1673176	2671	1488	n
1673427	2669	1488	n
1673682	2667	1488	n
1684079	2669	1488	n
1684330	2669	1488	n
1684587	2669	1488	n
1684842	2669	1487	n
1685093	2667	1488	n
1685344	2667	1488	n
1685598	2669	1488	n
1695964	2669	1488	n
1696215	2669	1488	n
1696466	2667	1488	n
1696721	2670	1488	n
1696972	2667	1489	n
1697223	2671	1488	n
1707625	2670	1488	n
1707880	2669	1488	n
1708131	2667	1488	n
1708382	2667	1488	n
1708643	2667	1488	n
1708894	2667	1488	n
1709145	2669	1488	n
1719515	2669	1488	n
1719770	2670	1488	n
1720021	2670	1488	n
1720272	2671	1488	n
1720527	2667	1488	n
1720782	2670	1488	n
1731171	2670	1488	n
1731422	2671	1488	n
1731678	2669	1488	n
1731929	2670	1488	n
1732179	2672	1490	n
1732430	2670	1489	n
1732685	2671	1488	n
1743056	2669	1487	n
1743307	2667	1488	n
1743563	2667	1488	n
1743818	2667	1487	n
1744069	2667	1488	n
1744320	2667	1488	n
1754720	2667	1488	n
1754970	2667	1488	n
1755221	2669	1488	n
1755472	2671	1488	n
1755728	2668	1487	n
1755979	2667	1488	n
1756230	2668	1488	n
1766605	2667	1488	n
1766860	2667	1488	n
1767111	2670	1488	n
1767362	2669	1488	n
1767619	2666	1488	n
1767874	2667	1488	n
1778264	2670	1488	n
1778518	2670	1488	n
1778773	2669	1488	n
1779024	2669	1488	n
1779275	2669	1488	n
1779529	2669	1487	n
1779784	2667	1488	n
1790149	2668	1488	n
1790400	2668	1488	n
1790658	2670	1488	n
1790909	2669	1488	n
1791160	2667	1488	n
1791411	2669	1488	n
1801810	2669	1488	n
1802061	2667	1488	n
1802312	2669	1488	n
1802566	2667	1488	n
1802821	2668	1488	n
1803072	2668	1488	n
1803323	2667	1488	n
1813700	2669	1488	n
1813950	2670	1488	n
1814201	2669	1489	n
1814452	2666	1488	n
1814712	2669	1488	n
1814963	2669	1488	n
1825356	2669	1488	n
1825612	2669	1488	n
1825867	2668	1488	n
1826118	2669	1488	n
1826368	2669	1488	n
1826622	2669	1488	n
1826877	2669	1488	n
1837241	2667	1488	n
1837493	2670	1488	n
1837749	2669	1488	n
1838000	2669	1488	n
1838250	2668	1488	n
1838505	2669	1488	n
1848902	2669	1488	n
1849153	2669	1488	n
1849404	2669	1487	n
1849662	2669	1488	n
1849913	2669	1488	n
1850164	2667	1488	n
1850415	2669	1488	n
1860791	2671	1488	n
1861041	2667	1488	n
1861292	2669	1488	n
1861547	2670	1488	n
1861802	2669	1488	n
1862053	2670	1488	n
1872449	2669	1488	n
1872706	2670	1489	n
1872957	2669	1488	n
1873208	2667	1488	n
1873459	2667	1488	n
1873715	2667	1488	n
1873965	2667	1489	n
1884334	2669	1488	n
1884587	2668	1488	n
1884842	2670	1488	n
1885093	2667	1488	n
1885344	2668	1488	n
1885598	2666	1488	n
1895995	2668	1488	n
1896246	2668	1488	n
1896501	2669	1488	n
1896757	2669	1488	n
1897007	2667	1487	n
1897258	2669	1487	n
1897515	2667	1488	n
1907880	2669	1488	n
1908131	2667	1488	n
1908382	2667	1488	n
1908643	2668	1488	n
1908894	2669	1488	n
1909145	2667	1489	n
1919546	2667	1487	n
1919802	2670	1487	n
1920053	2668	1487	n
1920304	2667	1488	n
1920561	2668	1487	n
1920816	2667	1487	n
1921067	2666	1488	n
1931426	2669	1487	n
1931682	2669	1488	n
1931933	2666	1488	n
1932183	2667	1488	n
1932434	2667	1488	n
1932690	2667	1488	n
1943096	2669	1488	n
1943481	2670	1488	n
1943736	2669	1488	n
1943987	2669	1488	n
1944247	2668	1488	n
1944526	2669	1488	n
1944782	2670	1489	n
1955145	2670	1488	n
1955634	2671	1488	n
1955908	2669	1488	n
1956159	2667	1487	n
1956409	2667	1488	n
1956676	2669	1488	n
1967100	2670	1488	n
1967580	2669	1488	n
1967835	2670	1487	n
1968094	2669	1488	n
1968367	2671	1488	n
1968621	2667	1488	n
1968876	2670	1488	n
1979244	2667	1488	n
1979587	2668	1488	n
1979850	2667	1488	n
1980124	2667	1488	n
1980375	2669	1488	n
1980630	2668	1488	n
1980893	2667	1488	n
1991293	2669	1488	n
1991780	2669	1488	n
1992031	2671	1489	n
1992291	2670	1488	n
1992570	2668	1488	n
1992825	2670	1489	n
2003187	2669	1488	Time:00:00:00:00;;
2003896	2670	1488	n
2004169	2671	1488	n
2004420	2667	1488	n
2004676	2671	1488	n
2004935	2671	1488	n
2015365	2669	1488	n
2015850	2667	1488	n
2016101	2669	1488	n
2016361	2669	1488	n
2016642	2667	1488	n
2016893	2669	1488	n
2017144	2667	1488	n
2027566	2669	1488	n
2028077	2668	1488	n
2028328	2667	1488	n
2028584	2667	1488	n
2028848	2669	1488	n
2029121	2669	1488	n
2029372	2666	1488	n
2039760	2669	1488	n
2040246	2669	1488	n
2040521	2669	1488	n
2040777	2667	1488	n
2041028	2670	1488	n
2041287	2669	1488	n
2051689	2669	1488	n
2052168	2669	1487	n
2052419	2669	1487	n
2052683	2669	1488	n
2052957	2667	1488	n
2053208	2670	1488	n
2053459	2663	1488	n
2063872	2670	1488	Time:00:00:00:00;;
2064598	2668	1488	n
2064853	2667	1488	n
2065104	2669	1488	n
2065386	2668	1488	n
2065643	2671	1488	n
2076034	2670	1488	n
2076515	2668	1488	n
2076779	2669	1488	n
2077052	2669	1488	n
2077303	2670	1488	n
2077556	2670	1488	n
2077842	2671	1489	n
2088229	2670	1488	n
2088714	2672	1488	n
2088965	2670	1488	n
2089224	2671	1488	n
2089501	2671	1488	n
2089756	2670	1488	n
2100149	2671	1488	n
2100645	2668	1488	n
2100919	2670	1488	n
2101170	2668	1487	n
2101421	2669	1487	n
2101684	2668	1488	n
2101957	2668	1488	n
2112345	2670	1488	n
2112836	2669	1488	n
2113096	2670	1488	n
2113369	2667	1488	n
2113622	2669	1488	n
2113877	2669	1488	n
2114137	2669	1488	n
2124554	2671	1488	n
2125035	2670	1488	n
2125286	2669	1488	n
2125548	2670	1488	n
2125826	2669	1488	n
2126077	2670	1488	n
2136460	2667	1488	n
2136941	2667	1488	n
2137223	2669	1488	n
2137474	2671	1488	n
2137729	2670	1488	n
2137980	2669	1488	n
2138263	2669	1488	n
2148660	2669	1488	n
2149137	2667	1488	n
2149388	2666	1487	n
2149653	2669	1488	n
2149927	2669	1488	n
2150178	2669	1488	n
2150429	2669	1488	n
2160851	2669	1488	n
2161365	2667	1488	n
2161622	2667	1488	n
2161877	2669	1488	n
2162136	2667	1488	n
2162410	2667	1488	n
2172823	2669	1487	n
2173307	2668	1488	n
2173569	2667	1488	n
2173846	2668	1488	n
2174097	2668	1488	n
2174348	2669	1488	n
2174612	2667	1488	n
2185037	2667	1488	n
2185518	2665	1488	n
2185773	2667	1488	n
2186033	2668	1488	n
2186306	2669	1488	n
2186563	2669	1488	n
2186818	2666	1488	n
2197249	2667	1488	n
2197770	2669	1488	n
2198021	2667	1488	n
2198272	2667	1488	n
2198535	2666	1488	n
2198815	2669	1488	n
2209204	2669	1488	n
2209688	2669	1488	n
2209947	2671	1487	n
2210221	2669	1488	n
2210472	2671	1488	n
2210727	2668	1488	n
2210987	2668	1488	Time:00:00:00:00;;
2221630	2667	1488	n
2221908	2669	1488	n
2222159	2669	1488	n
2222410	2670	1488	n
2222671	2670	1488	n
2222922	2669	1489	n
2233354	2669	1488	n
2233607	2670	1488	n
2233862	2667	1488	n
2234113	2669	1488	n
2234364	2669	1488	n
2234618	2670	1487	n
2244998	2669	1488	n
2245249	2668	1488	n
2245506	2670	1488	n
2245761	2670	1488	n
2246012	2667	1488	n
2246263	2670	1488	n
2246518	2669	1488	n
2256900	2670	1488	n
2257151	2671	1488	n
2257402	2669	1488	n
2257663	2670	1488	n
2257914	2670	1488	n
2258165	2669	1488	n
2268544	2667	1488	n
2268799	2669	1488	n
2269050	2668	1488	n
2269301	2669	1488	n
2269554	2670	1488	n
2269810	2669	1488	n
2270061	2671	1488	n
2280446	2671	1488	n
2280705	2671	1488	n
2280956	2669	1488	n
2281207	2670	1488	n
2281457	2668	1488	n
2281714	2667	1488	n
2292090	2669	1488	n
2292341	2668	1488	n
2292597	2669	1488	n
2292852	2669	1488	n
2293103	2668	1488	n
2293354	2669	1488	n
2293607	2667	1488	n
2303992	2668	1488	n
2304243	2669	1488	n
2304495	2669	1488	n
2304751	2667	1488	n
2305002	2670	1489	n
2305253	2671	1488	n
2315641	2668	1488	n
2315892	2670	1488	n
2316143	2667	1488	n
2316393	2670	1488	n
2316653	2669	1488	n
2316904	2667	1488	n
2317155	2669	1488	n
2327543	2667	1488	n
2327798	2669	1488	n
2328049	2667	1488	n
2328300	2669	1488	n
2328553	2669	1488	n
2328808	2667	1488	n
2339183	2669	1488	n
2339434	2668	1489	n
2339690	2671	1488	n
2339941	2671	1488	n
2340192	2671	1488	n
2340442	2669	1488	n
2340699	2671	1488	n
2351085	2670	1488	n
2351336	2667	1488	n
2351589	2669	1488	n
2351844	2670	1488	n
2352095	2670	1488	n
2352346	2669	1488	n
2362729	2669	1487	n
2362980	2669	1488	n
2363231	2669	1488	n
2363482	2671	1488	n
2363737	2669	1488	n
2363988	2669	1488	n
2364239	2670	1488	n
2374634	2669	1488	n
2374885	2669	1488	n
2375136	2669	1488	n
2375387	2669	1488	n
2375644	2670	1488	n
2375895	2667	1488	n
2386275	2670	1488	n
2386529	2671	1489	n
2386784	2671	1488	n
2387035	2671	1488	n
2387286	2668	1488	n
2387539	2670	1488	n
2387794	2669	1488	n
2398177	2670	1488	n
2398428	2671	1488	n
2398683	2670	1488	n
2398934	2670	1489	n
2399185	2670	1489	n
2399436	2670	1489	n
2409821	2670	1488	n
2410072	2669	1488	n
2410323	2669	1488	n
2410577	2669	1488	n
2410833	2669	1488	n
2411083	2670	1488	n
2411334	2669	1488	n
2421728	2667	1488	n
2421979	2671	1488	n
2422230	2670	1488	n
2422481	2670	1488	n
2422736	2669	1488	n
2422987	2667	1488	n
2433368	2671	1488	n
2433621	2671	1488	n
2433876	2667	1488	n
2434127	2671	1488	n
2434378	2670	1488	n
2434636	2670	1488	n
2434887	2668	1488	n
2445270	2670	1488	n
2445527	2671	1488	n
2445782	2670	1488	n
2446033	2670	1488	n
2446284	2670	1488	n
2446537	2670	1488	n
2456914	2670	1488	n
2457165	2669	1488	n
2457416	2670	1488	n
2457672	2669	1488	n
2457923	2669	1488	n
2458174	2669	1488	n
2458425	2669	1488	n
2468816	2667	1488	n
2469067	2668	1488	n
2469318	2667	1488	n
2469571	2669	1488	n
2469826	2670	1488	n
2470077	2669	1488	n
2480460	2669	1488	n
2480716	2670	1488	n
2480967	2669	1488	n
2481218	2669	1488	n
2481469	2669	1488	n
2481724	2669	1489	n
2481975	2666	1487	n
2492362	2667	1488	n
2492618	2670	1488	n
2492873	2670	1488	n
2493124	2668	1488	n
2493375	2668	1488	n
2493636	2667	1488	n
2504006	2669	1488	n
2504257	2668	1488	n
2504512	2670	1488	n
2504767	2670	1488	n
2505018	2668	1488	n
2505269	2667	1488	n
2505521	2670	1488	n
2515909	2670	1488	n
2516160	2671	1488	n
2516411	2670	1488	n
2516671	2670	1488	n
2516922	2669	1488	n
2517173	2671	1488	n
2527553	2670	1488	n
2527808	2671	1488	n
2528059	2672	1488	n
2528310	2669	1488	n
2528567	2669	1488	n
2528822	2670	1488	n
2529073	2671	1488	n
2539455	2668	1488	n
2539712	2670	1488	n
2539963	2666	1488	n
2540215	2670	1488	n
2540466	2667	1488	n
2540721	2669	1488	n
2551099	2670	1488	n
2551350	2669	1488	n
2551604	2669	1488	n
2551859	2667	1488	n
2552109	2668	1488	n
2552360	2669	1488	n
2552615	2667	1488	n
2563001	2671	1488	n
2563252	2669	1488	n
2563508	2670	1488	n
2563764	2670	1488	n
2564015	2671	1488	n
2564266	2670	1488	n
2574650	2669	1488	n
2574901	2670	1488	n
2575151	2669	1488	n
2575402	2669	1488	n
2575663	2669	1488	n
2575914	2669	1488	n
2576165	2669	1488	n
2586553	2670	1488	n
2586808	2667	1488	n
2587059	2670	1488	n
2587310	2669	1488	n
2587566	2669	1488	n
2587821	2669	1488	n
2598191	2669	1488	n
2598442	2667	1487	n
2598698	2669	1488	n
2598949	2667	1488	n
2599200	2669	1488	n
2599451	2670	1488	n
2599712	2670	1488	n
2610094	2671	1488	n
2610345	2670	1488	n
2610601	2671	1488	n
2610856	2670	1488	n
2611107	2669	1488	n
2611358	2670	1488	n
2621738	2670	1488	n
2621989	2671	1488	n
2622240	2670	1488	n
2622491	2670	1488	n
2622748	2670	1488	n
2622999	2670	1488	n
2623250	2670	1488	n
2633644	2670	1488	n
2633895	2667	1488	n
2634146	2670	1488	n
2634397	2670	1488	n
2634653	2668	1488	n
2634904	2668	1488	n
2645284	2667	1488	n
2645537	2669	1488	n
2645793	2669	1487	n
2646043	2671	1488	n
2646295	2669	1488	n
2646549	2669	1488	n
2646804	2670	1488	n
2657186	2671	1488	n
2657437	2670	1488	n
2657692	2670	1488	n
2657943	2670	1488	n
2658194	2669	1488	n
2658445	2670	1488	n
2668830	2668	1488	n
2669081	2671	1488	n
2669332	2669	1488	n
2669587	2667	1488	n
2669841	2669	1488	n
2670092	2671	1488	n
2670343	2669	1488	n
2680736	2669	1488	n
2680987	2669	1488	n
2681238	2669	1488	n
2681488	2669	1488	n
2681748	2668	1488	n
2681999	2669	1488	n
2692376	2669	1488	n
2692636	2669	1488	n
2692886	2669	1488	n
2693137	2670	1488	n
2693388	2668	1488	n
2693645	2669	1488	n
2693896	2670	1489	n
2704279	2669	1488	n
2704535	2668	1488	n
2704791	2669	1488	n
2705042	2669	1488	n
2705293	2670	1488	n
2705550	2669	1488	n
2715923	2668	1488	n
2716174	2669	1488	n
2716425	2668	1488	n
2716680	2669	1488	n
2716931	2668	1488	n
2717182	2669	1488	n
2717433	2669	1488	n
2727825	2667	1488	n
2728076	2670	1489	n
2728327	2669	1488	n
2728580	2669	1488	n
2728835	2669	1488	n
2729086	2667	1488	n
2739469	2670	1488	n
2739725	2672	1488	n
2739975	2671	1488	n
2740226	2669	1488	n
2740477	2669	1488	n
2740733	2670	1488	n
2740984	2670	1488	n
2751371	2670	1488	n
2751624	2670	1488	n
2751879	2669	1488	n
2752130	2669	1488	n
2752381	2669	1488	n
2752643	2670	1488	n
2763015	2671	1488	n
2763266	2671	1488	n
2763519	2669	1488	n
2763774	2669	1488	n
2764025	2670	1488	n
2764276	2669	1488	n
2764533	2669	1488	n
2774917	2667	1488	n
2775168	2668	1488	n
2775419	2670	1488	n
2775674	2669	1488	n
2775925	2670	1488	n
2776176	2667	1488	n
2786561	2670	1488	n
2786816	2670	1488	n
2787067	2669	1488	n
2787318	2669	1489	n
2787571	2669	1488	n
2787826	2670	1488	n
2788077	2669	1488	n
2798464	2669	1488	n
2798719	2670	1488	n
2798970	2669	1488	n
2799221	2670	1488	n
2799472	2671	1489	n
2799727	2666	1488	n
2810108	2670	1488	n
2810359	2671	1488	n
2810614	2669	1488	n
2810869	2670	1488	n
2811120	2671	1488	n
2811371	2669	1488	n
2811624	2669	1488	n
2822010	2670	1488	n
2822261	2667	1488	n
2822515	2669	1488	n
2822770	2669	1488	n
2823021	2668	1488	n
2823272	2670	1488	n
2833658	2671	1488	n
2833909	2671	1488	n
2834160	2671	1488	n
2834411	2671	1488	n
2834671	2669	1488	n
2834922	2669	1488	n
2835173	2671	1488	n
2845560	2669	1488	n
2845815	2669	1489	n
2846066	2669	1488	n
2846317	2669	1488	n
2846570	2666	1488	n
2846825	2669	1488	n
2857200	2669	1488	n
2857451	2670	1488	n
2857712	2670	1488	n
2857963	2669	1488	n
2858214	2669	1488	n
2858465	2670	1488	n
2858720	2668	1488	n
2869102	2670	1488	n
2869353	2671	1489	n
2869606	2672	1490	n
2869861	2671	1489	n
2870112	2670	1488	n
2870363	2671	1489	n
2880746	2669	1488	n
2880997	2670	1488	n
2881248	2671	1488	n
2881501	2670	1489	n
2881756	2670	1488	n
2882007	2669	1488	n
2882258	2670	1488	n
2892653	2670	1488	n
2892904	2670	1488	n
2893155	2668	1488	n
2893406	2670	1488	n
2893667	2669	1488	n
2893918	2669	1488	n
2904293	2670	1488	n
2904550	2669	1488	n
2904805	2670	1488	n
2905056	2669	1488	n
2905307	2670	1488	n
2905563	2668	1488	n
2905818	2669	1488	n
2916195	2670	1488	n
2916446	2671	1488	n
2916705	2669	1488	n
2916956	2670	1488	n
2917207	2671	1488	n
2917458	2667	1488	n
2927839	2670	1488	n
2928090	2671	1488	n
2928341	2671	1488	n
2928597	2671	1488	n
2928852	2671	1488	n
2929103	2670	1488	n
2929354	2670	1488	n
2939745	2671	1488	n
2939996	2669	1488	n
2940247	2669	1488	n
2940501	2669	1488	n
2940756	2668	1488	n
2941007	2670	1488	n
2951385	2669	1488	n
2951642	2669	1488	n
2951893	2669	1488	n
2952144	2667	1488	n
2952395	2669	1488	n
2952653	2669	1488	n
2952904	2669	1488	n
2963287	2669	1488	n
2963544	2668	1488	n
2963799	2669	1488	n
2964050	2669	1485	n
2964301	2667	1488	n
2964554	2669	1488	n
2974931	2671	1488	n
2975182	2669	1488	n
2975433	2669	1489	n
2975688	2669	1489	n
2975939	2669	1488	n
2976190	2667	1488	n
2976441	2669	1488	n
2986834	2670	1488	n
2987296	2669	1488	n
2987552	2669	1488	n
2987808	2669	1488	n
2988059	2669	1488	n
2988341	2667	1488	n
2988597	2669	1488	n
2999029	2670	1488	n
2999512	2669	1488	n
2999799	2670	1488	n
3000050	2669	1488	n
3000301	2667	1488	n
3000554	2667	1488	n
3010949	2671	1488	Time:00:00:00:00;;
3011655	2670	1488	n
3011906	2669	1488	n
3012166	2669	1488	n
3012440	2669	1488	n
3012696	2671	1487	n
3023110	2669	1488	n
3023597	2666	1489	n
3023874	2668	1488	n
3024125	2668	1488	n
3024376	2669	1488	n
3024646	2669	1487	n
3024919	2670	1488	n
3035306	2669	1488	n
3035788	2670	1488	n
3036047	2669	1488	n
3036320	2670	1488	n
3036573	2669	1488	n
3036828	2669	1488	n
3037087	2670	1488	n
3047516	2671	1488	n
3047997	2670	1488	n
3048248	2671	1488	n
3048514	2670	1488	n
3048792	2672	1488	n
3049043	2670	1488	n
3059421	2671	1487	Time:00:00:00:00;;
3060129	2669	1488	n
3060403	2669	1488	n
3060662	2669	1488	n
3060913	2669	1488	n
3061195	2669	1488	n
3071583	2671	1489	n
3072065	2671	1488	n
3072316	2671	1488	n
3072580	2669	1488	n
3072858	2669	1488	n
3073109	2669	1488	n
3073360	2670	1488	n
3083731	2671	1488	n
3084239	2670	1488	n
3084490	2667	1488	n
3084748	2667	1488	n
3085008	2667	1488	n
3085281	2670	1488	n
3095681	2670	1488	n
3096156	2668	1488	n
3096416	2670	1488	n
3096697	2670	1488	n
3096948	2669	1488	n
3097199	2669	1488	n
3097458	2669	1488	n
3107903	2671	1488	n
3108385	2670	1488	n
3108642	2669	1488	n
3108902	2670	1488	n
3109175	2671	1488	n
3109426	2670	1488	n
3109682	2669	1488	n
3120090	2670	1488	n
3120604	2669	1488	n
3120859	2670	1488	n
3121110	2670	1488	n
3121361	2669	1488	n
3121648	2670	1488	n
3121899	2667	1488	n
3132285	2670	1488	n
3132770	2668	1489	n
3133052	2669	1488	n
3133303	2670	1488	n
3133556	2670	1488	n
3133811	2669	1488	n
3144205	2670	1488	n
3144697	2672	1488	n
3144948	2669	1488	n
3145199	2670	1488	n
3145459	2667	1488	n
3145736	2669	1488	n
3145987	2670	1489	n
3156401	2669	1488	n
3156899	2669	1488	n
3157172	2668	1488	n
3157423	2668	1487	n
3157679	2668	1488	n
3157938	2669	1489	n
3158211	2670	1488	n
3168600	2668	1488	n
3169083	2667	1488	n
3169343	2671	1488	n
3169622	2669	1489	n
3169877	2671	1488	n
3170128	2669	1488	n
3180518	2671	1489	n
3181036	2670	1488	n
3181287	2671	1489	n
3181544	2671	1488	n
3181808	2671	1489	n
3182082	2670	1488	n
3182333	2669	1490	n
3192716	2671	1488	n
3193199	2669	1488	n
3193481	2671	1488	n
3193736	2672	1488	n
3193987	2669	1488	n
3194238	2671	1488	n
3194521	2671	1488	n
3204908	2670	1488	n
3205385	2671	1488	n
3205642	2669	1488	n
3205924	2670	1488	n
3206175	2667	1488	n
3206426	2667	1488	n
3216810	2671	1488	Time:00:00:00:00;;
3217411	2669	1488	n
3217671	2669	1488	n
3217922	2669	1488	n
3218173	2668	1488	n
3218424	2670	1488	n
3228816	2671	1488	n
3229067	2671	1488	n
3229318	2671	1489	n
3229571	2671	1488	n
3229826	2671	1488	n
3230077	2669	1488	n
3230328	2670	1488	n
3240705	2671	1488	n
3240956	2671	1488	n
3241207	2670	1488	n
3241458	2669	1488	n
3241714	2670	1488	n
3241965	2669	1488	n
3252362	2669	1488	n
3252619	2670	1488	n
3252874	2670	1488	n
3253125	2669	1488	n
3253376	2671	1488	n
3253636	2670	1488	n
3253886	2669	1488	n
3264248	2669	1488	n
3264505	2670	1488	n
3264761	2670	1488	n
3265012	2669	1488	n
3265263	2669	1488	n
3265518	2670	1488	n
3275909	2670	1489	n
3276160	2672	1488	n
3276411	2670	1488	n
3276671	2670	1488	n
3276922	2670	1488	n
3277173	2671	1488	n
3277424	2671	1488	n
3287798	2669	1488	n
3288049	2669	1488	n
3288300	2670	1488	n
3288553	2666	1487	n
3288808	2668	1488	n
3289059	2667	1488	n
3299455	2668	1488	n
3299712	2669	1488	n
3299963	2670	1488	n
3300214	2669	1488	n
3300465	2667	1488	n
3300719	2669	1487	n
3300970	2669	1488	n
3311340	2667	1488	n
3311595	2668	1489	n
3311850	2670	1488	n
3312101	2670	1488	n
3312352	2670	1488	n
3312605	2670	1488	n
3323001	2671	1488	n
3323252	2670	1489	n
3323508	2670	1488	n
3323763	2671	1488	n
3324014	2671	1488	n
3324265	2669	1488	n
3324518	2671	1488	n
3334886	2668	1488	n
3335137	2671	1488	n
3335388	2670	1488	n
3335645	2670	1488	n
3335896	2670	1488	n
3336147	2671	1488	n
3346553	2670	1488	n
3346808	2669	1488	n
3347059	2669	1488	n
3347310	2671	1488	n
3347567	2670	1488	n
3347822	2671	1488	n
3348073	2671	1488	n
3358433	2671	1490	n
3358688	2671	1488	n
3358939	2671	1488	n
3359190	2671	1488	n
3359441	2671	1489	n
3359696	2672	1489	n
3370094	2670	1488	n
3370345	2669	1488	n
3370600	2671	1488	n
3370855	2672	1489	n
3371106	2670	1488	n
3371357	2671	1489	n
3371612	2671	1488	n
3381979	2669	1488	n
3382230	2669	1489	n
3382481	2671	1488	n
3382736	2671	1488	n
3382987	2669	1488	n
3383238	2669	1488	n
3393645	2670	1488	n
3393896	2670	1488	n
3394147	2670	1488	n
3394398	2670	1488	n
3394658	2669	1488	n
3394909	2669	1488	n
3395160	2671	1488	n
3405529	2670	1489	n
3405784	2670	1488	n
3406035	2670	1488	n
3406286	2669	1488	n
3406539	2669	1488	n
3406793	2671	1488	n
3417186	2670	1488	n
3417437	2671	1489	n
3417693	2670	1488	n
3417944	2670	1487	n
3418195	2670	1488	n
3418446	2670	1488	n
3418705	2671	1488	n
3429071	2671	1488	n
3429322	2671	1488	n
3429577	2671	1488	n
3429832	2669	1488	n
3430083	2670	1488	n
3430334	2670	1488	n
3440732	2669	1488	n
3440983	2671	1488	n
3441234	2670	1488	n
3441485	2670	1488	n
3441741	2669	1488	n
3441992	2670	1488	n
3442243	2671	1489	n
3452621	2671	1488	n
3452876	2671	1488	n
3453127	2670	1488	n
3453378	2671	1488	n
3453636	2670	1488	n
3453887	2671	1488	n
3464279	2671	1489	n
3464536	2669	1487	n
3464791	2671	1489	n
3465042	2670	1488	n
3465293	2667	1488	n
3465550	2669	1488	n
3465805	2670	1488	n
3476164	2669	1488	n
3476415	2669	1487	n
3476671	2669	1488	n
3476922	2670	1488	n
3477173	2670	1488	n
3477424	2670	1488	n
3487825	2671	1488	n
3488076	2671	1488	n
3488327	2671	1489	n
3488584	2672	1488	n
3488840	2672	1488	n
3489091	2671	1488	n
3489342	2671	1488	n
3499715	2670	1488	n
3499966	2671	1488	n
3500217	2669	1488	n
3500468	2670	1488	n
3500723	2671	1489	n
3500974	2668	1488	n
3511371	2672	1488	n
3511624	2670	1489	n
3511879	2670	1488	n
3512130	2670	1488	n
3512381	2670	1488	n
3512640	2667	1488	n
3512891	2671	1488	n
3523256	2672	1488	n
3523513	2669	1488	n
3523768	2671	1489	n
3524019	2671	1488	n
3524270	2670	1488	n
3524526	2670	1488	n
3534917	2672	1488	n
3535168	2671	1488	n
3535419	2671	1488	n
3535674	2671	1488	n
3535925	2670	1488	n
3536176	2672	1488	n
3536427	2670	1488	n
3546803	2669	1488	n
3547054	2670	1488	n
3547305	2670	1488	n
3547560	2671	1488	n
3547815	2669	1488	n
3548066	2671	1489	n
3558464	2669	1488	n
3558719	2670	1488	n
3558970	2670	1488	n
3559221	2671	1488	n
3559472	2671	1488	n
3559727	2671	1488	n
3559978	2670	1488	n
3570349	2669	1489	n
3570603	2669	1488	n
3570858	2671	1488	n
3571109	2669	1488	n
3571360	2669	1488	n
3571614	2669	1488	n
3582010	2670	1489	n
3582261	2670	1488	n
3582518	2671	1489	n
3582774	2671	1488	n
3583024	2672	1488	n
3583275	2669	1488	n
3583533	2671	1488	n
3593895	2670	1488	n
3594146	2671	1488	n
3594397	2671	1488	n
3594658	2670	1489	n
3594909	2670	1488	n
3595160	2669	1488	n
3605560	2670	1488	n
3605815	2669	1488	n
3606066	2670	1488	n
3606317	2670	1488	n
3606570	2670	1488	n
3606825	2670	1488	n
3607076	2671	1488	n
3617441	2672	1488	n
3617697	2672	1488	n
3617948	2670	1488	n
3618199	2670	1488	n
3618450	2670	1488	n
3618707	2669	1488	n
3629102	2671	1488	n
3629353	2671	1488	n
3629607	2670	1488	n
3629862	2671	1488	n
3630113	2670	1488	n
3630364	2669	1487	n
3630618	2670	1488	n
3640988	2669	1488	n
3641239	2670	1488	n
3641491	2669	1488	n
3641748	2667	1488	n
3641999	2672	1488	n
3642250	2669	1488	n
3652654	2669	1489	n
3652904	2670	1488	n
3653155	2668	1488	n
3653406	2671	1488	n
3653667	2669	1488	n
3653918	2669	1488	n
3654169	2670	1488	n
3664536	2670	1488	n
3664792	2671	1488	n
3665043	2669	1488	n
3665293	2672	1488	n
3665550	2671	1488	n
3665805	2672	1489	n
3676195	2671	1488	n
3676446	2671	1488	n
3676705	2672	1489	n
3676955	2669	1488	n
3677206	2672	1489	n
3677457	2668	1488	n
3677713	2670	1488	n
3688080	2669	1488	n
3688331	2671	1488	n
3688587	2671	1488	n
3688842	2671	1488	n
3689092	2669	1488	n
3689343	2670	1488	n
3699741	2669	1488	n
3699992	2669	1488	n
3700243	2669	1488	n
3700495	2669	1488	n
3700751	2669	1488	n
3701002	2670	1488	n
3701253	2669	1489	n
3711634	2670	1488	n
3711885	2670	1488	n
3712136	2671	1488	n
3712387	2671	1489	n
3712644	2672	1489	n
3712894	2671	1488	n
3723287	2671	1488	n
3723543	2671	1488	n
3723798	2671	1489	n
3724049	2671	1488	n
3724300	2670	1488	n
3724553	2671	1488	n
3724808	2672	1488	n
3735173	2669	1488	n
3735424	2669	1488	n
3735680	2671	1488	n
3735931	2671	1488	n
3736182	2669	1488	n
3736432	2671	1489	n
3746834	2670	1488	n
3747085	2671	1488	n
3747336	2672	1488	n
3747590	2671	1488	n
3747845	2671	1488	n
3748096	2670	1488	n
3748347	2668	1488	n
3758724	2671	1488	n
3758975	2671	1488	n
3759226	2670	1488	n
3759477	2672	1488	n
3759732	2671	1488	n
3759983	2670	1488	n
3770380	2670	1488	n
3770639	2669	1488	n
3770891	2671	1488	n
3771141	2670	1488	n
3771392	2670	1490	n
3771653	2671	1488	n
3771904	2670	1488	n
3782265	2669	1488	n
3782518	2670	1489	n
3782773	2670	1488	n
3783025	2670	1488	n
3783276	2670	1488	n
3783532	2670	1488	n
3793926	2670	1488	n
3794177	2671	1488	n
3794428	2670	1488	n
3794683	2670	1488	n
3794934	2669	1488	n
3795185	2670	1488	n
3795436	2671	1489	n
3805811	2671	1488	n
3806062	2670	1488	n
3806313	2671	1488	n
3806569	2671	1488	n
3806824	2671	1488	n
3807075	2669	1488	n
3817472	2671	1488	n
3817728	2669	1488	n
3817979	2667	1488	n
3818230	2670	1488	n
3818481	2669	1488	n
3818736	2669	1488	n
3818987	2669	1488	n
3829358	2671	1489	n
3829615	2672	1488	n
3829870	2670	1488	n
3830120	2671	1488	n
3830371	2671	1489	n
3830624	2671	1488	n
3841019	2670	1488	n
3841270	2671	1489	n
3841526	2670	1488	n
3841782	2669	1488	n
3842032	2669	1488	n
3842283	2671	1488	n
3842536	2671	1488	n
3852904	2671	1490	n
3853155	2671	1488	n
3853406	2670	1488	n
3853667	2669	1488	n
3853918	2670	1488	n
3854169	2670	1488	n
3864569	2670	1488	n
3864824	2671	1488	n
3865075	2671	1488	n
3865326	2670	1488	n
3865580	2672	1488	n
3865835	2669	1488	n
3866086	2671	1488	n
3876450	2671	1489	n
3876707	2671	1488	n
3876958	2670	1488	n
3877209	2672	1488	n
3877460	2669	1488	n
3877716	2671	1489	n
3888111	2671	1489	n
3888362	2671	1488	n
3888619	2671	1488	n
3888874	2672	1488	n
3889125	2672	1488	n
3889376	2669	1488	n
3889636	2671	1488	n
3899996	2670	1488	n
3900247	2670	1488	n
3900501	2671	1489	n
3900756	2670	1490	n
3901007	2671	1489	n
3901258	2671	1489	n
3911662	2669	1488	n
3911913	2671	1490	n
3912164	2672	1488	n
3912415	2672	1488	n
3912671	2670	1489	n
3912922	2671	1488	n
3913173	2671	1488	n
3923549	2669	1488	n
3923805	2671	1488	n
3924056	2669	1488	n
3924306	2669	1488	n
3924563	2670	1488	n
3924818	2671	1488	n
3935204	2672	1488	n
3935455	2671	1489	n
3935712	2670	1488	n
3935963	2671	1488	n
3936214	2669	1489	n
3936465	2670	1488	n
3936720	2672	1489	n
3947089	2671	1488	n
3947340	2671	1489	n
3947595	2670	1489	n
3947850	2672	1489	n
3948101	2670	1489	n
3948352	2672	1489	n
3958750	2670	1488	n
3959001	2670	1489	n
3959252	2671	1488	n
3959508	2671	1488	n
3959763	2669	1488	n
3960014	2671	1488	n
3960265	2670	1488	n
3970643	2669	1488	n
3970894	2669	1488	n
3971145	2669	1488	n
3971396	2669	1488	n
3971653	2667	1488	n
3971904	2669	1488	n
3982296	2671	1488	n
3982618	2670	1488	n
3982882	2670	1488	n
3983155	2671	1488	n
3983406	2671	1488	n
3983667	2670	1488	n
3983927	2671	1488	n
3994363	2669	1488	n
3994847	2670	1488	n
3995098	2667	1488	n
3995358	2667	1488	n
3995640	2669	1488	n
3995891	2670	1488	n
4006309	2669	1489	Time:00:00:00:00;;
4007019	2668	1488	n
4007292	2670	1488	n
4007546	2669	1488	n
4007809	2669	1488	n
4008082	2669	1488	n
4018508	2670	1488	n
4018989	2668	1489	n
4019240	2669	1488	n
4019526	2671	1488	n
4019782	2671	1488	n
4020033	2670	1489	n
4020284	2671	1488	n
4030730	2670	1488	n
4031205	2671	1488	n
4031456	2669	1488	n
4031713	2670	1488	n
4031995	2670	1489	n
4032246	2669	1488	n
4032501	2671	1488	n
4042913	2669	1488	n
4043421	2669	1488	n
4043677	2669	1488	n
4043928	2669	1488	n
4044179	2669	1488	n
4044462	2670	1488	n
4054868	2669	1488	n
4055346	2669	1488	n
4055600	2670	1488	n
4055887	2670	1488	n
4056138	2670	1488	n
4056389	2667	1488	n
4056646	2671	1488	n
4067080	2671	1488	Time:00:00:00:00;;
4067786	2669	1488	n
4068037	2671	1488	n
4068296	2669	1488	n
4068573	2670	1488	n
4068828	2671	1488	n
4079190	2671	1488	n
4079681	2670	1488	n
4079955	2669	1488	n
4080205	2671	1488	n
4080456	2667	1488	n
4080722	2669	1488	n
4080995	2670	1488	n
4091385	2671	1488	n
4091869	2669	1488	n
4092119	2669	1488	n
4092401	2669	1488	n
4092662	2669	1488	n
4092913	2667	1488	n
4103288	2667	1488	n
4103806	2670	1488	n
4104057	2670	1488	n
4104308	2671	1488	n
4104563	2669	1488	n
4104847	2670	1488	n
4105097	2669	1488	n
4115505	2670	1488	n
4115992	2670	1488	n
4116274	2670	1488	n
4116529	2669	1488	n
4116784	2670	1488	n
4117035	2671	1489	n
4117317	2670	1489	n
4127701	2669	1488	n
4128177	2671	1488	n
4128428	2669	1488	n
4128693	2669	1488	n
4128966	2669	1488	n
4129217	2669	1488	n
4139582	2669	1488	n
4140071	2667	1488	n
4140344	2669	1487	n
4140601	2670	1488	n
4140856	2663	1487	n
4141116	2667	1487	n
4141389	2669	1488	n
4151795	2670	1488	n
4152272	2667	1489	n
4152538	2669	1488	n
4152815	2670	1488	n
4153066	2670	1488	n
4153317	2669	1488	n
4153579	2671	1489	n
4164017	2671	1488	n
4164495	2670	1488	n
4164751	2668	1489	n
4165010	2671	1488	n
4165284	2669	1488	n
4165537	2670	1488	n
4175963	2670	1489	n
4176446	2670	1488	n
4176734	2669	1488	n
4176985	2668	1488	n
4177236	2669	1488	n
4177487	2669	1488	n
4177774	2670	1488	n
4188175	2671	1488	n
4188662	2671	1488	n
4188913	2671	1488	n
4189195	2670	1488	n
4189446	2670	1488	n
4189705	2670	1487	n
4189956	2670	1488	n
4200371	2672	1488	n
4200872	2671	1488	n
4201123	2671	1488	n
4201373	2672	1489	n
4201662	2671	1488	n
4201913	2671	1488	n
4202164	2671	1488	n
4212569	2670	1488	Time:00:00:00:00;;
4213273	2670	1489	n
4213553	2671	1488	n
4213808	2672	1488	n
4214059	2671	1488	n
4224435	2670	1489	n
4224691	2671	1488	n
4224941	2670	1488	n
4225192	2671	1488	n
4225443	2672	1488	n
4225699	2670	1488	n
4225950	2670	1489	n
4236337	2669	1488	n
4236590	2670	1488	n
4236845	2671	1488	n
4237096	2669	1488	n
4237347	2669	1488	n
4237604	2669	1488	n
4247981	2672	1488	n
4248232	2671	1488	n
4248483	2670	1489	n
4248739	2672	1488	n
4248990	2671	1488	n
4249241	2670	1488	n
4249492	2671	1488	n
4259884	2669	1488	n
4260135	2668	1488	n
4260386	2668	1488	n
4260643	2669	1488	n
4260894	2669	1488	n
4261145	2669	1488	n
4271531	2671	1488	n
4271787	2671	1488	n
4272038	2670	1488	n
4272289	2671	1488	n
4272546	2669	1488	n
4272801	2669	1488	n
4273052	2669	1488	n
4283430	2671	1491	n
4283685	2670	1488	n
4283935	2671	1488	n
4284186	2671	1488	n
4284438	2670	1489	n
4284693	2672	1488	n
4295074	2671	1488	n
4295325	2671	1489	n
4295580	2669	1488	n
4295835	2671	1489	n
4296086	2670	1488	n
4296337	2671	1488	n
4296590	2671	1488	n
4306976	2669	1488	n
4307227	2671	1488	n
4307478	2672	1489	n
4307733	2669	1488	n
4307984	2672	1488	n
4308235	2670	1488	n
4318620	2671	1488	n
4318875	2670	1488	n
4319126	2671	1488	n
4319377	2671	1488	n
4319636	2670	1488	n
4319887	2669	1488	n
4320137	2671	1488	n
4330526	2671	1488	n
4330781	2671	1489	n
4331032	2671	1489	n
4331283	2671	1489	n
4331536	2671	1489	n
4331791	2671	1488	n
4342166	2671	1489	n
4342417	2671	1488	n
4342673	2671	1489	n
4342924	2671	1488	n
4343175	2672	1489	n
4343426	2671	1489	n
4343682	2671	1488	n
4354069	2672	1488	n
4354320	2670	1488	n
4354573	2670	1488	n
4354828	2672	1488	n
4355079	2670	1488	n
4355329	2669	1489	n
4365713	2670	1488	n
4365964	2669	1488	n
4366215	2670	1488	n
4366466	2669	1488	n
4366721	2670	1488	n
4366972	2671	1488	n
4367223	2670	1488	n
4377617	2671	1488	n
4377872	2671	1488	n
4378123	2671	1488	n
4378374	2672	1488	n
4378629	2669	1489	n
4378884	2671	1488	n
4389259	2671	1488	n
4389516	2670	1488	n
4389771	2669	1488	n
4390022	2671	1488	n
4390273	2669	1488	n
4390529	2669	1488	n
4390784	2669	1488	n
4401161	2670	1488	n
4401412	2670	1488	n
4401671	2671	1488	n
4401922	2671	1488	n
4402173	2669	1488	n
4402424	2670	1488	n
4412805	2671	1488	n
4413056	2670	1488	n
4413307	2670	1488	n
4413563	2670	1488	n
4413818	2669	1488	n
4414069	2669	1488	n
4414320	2671	1488	n
4424711	2672	1488	n
4424962	2672	1488	n
4425213	2671	1488	n
4425464	2667	1489	n
4425719	2671	1488	n
4425970	2671	1488	n
4436351	2670	1488	n
4436604	2672	1488	n
4436859	2671	1488	n
4437110	2670	1488	n
4437361	2671	1488	n
4437615	2671	1488	n
4437870	2669	1488	n
4448254	2671	1488	n
4448508	2670	1488	n
4448763	2670	1488	n
4449014	2670	1488	n
4449265	2671	1488	n
4449518	2669	1488	n
4459898	2669	1488	n
4460149	2672	1488	n
4460400	2669	1488	n
4460658	2671	1488	n
4460909	2672	1488	n
4461160	2671	1488	n
4461411	2671	1488	n
4471800	2669	1488	n
4472051	2671	1488	n
4472302	2670	1488	n
4472555	2672	1488	n
4472810	2671	1488	n
4473061	2671	1489	n
4483444	2670	1489	n
4483705	2670	1488	n
4483956	2669	1488	n
4484207	2669	1488	n
4484458	2667	1488	n
4484714	2669	1488	n
4484964	2670	1488	n
4495346	2671	1488	n
4495600	2671	1488	n
4495855	2669	1488	n
4496106	2671	1488	n
4496357	2669	1488	n
4496612	2669	1489	n
4506990	2671	1488	n
4507241	2671	1488	n
4507492	2669	1488	n
4507748	2670	1488	n
4507999	2669	1488	n
4508250	2672	1488	n
4508505	2670	1488	n
4518892	2670	1488	n
4519143	2670	1488	n
4519394	2671	1488	n
4519653	2670	1488	n
4519904	2670	1488	n
4520155	2669	1488	n
4530536	2670	1488	n
4530791	2671	1488	n
4531042	2672	1488	n
4531293	2670	1488	n
4531550	2670	1488	n
4531805	2671	1488	n
4532056	2669	1488	n
4542439	2670	1490	n
4542695	2670	1488	n
4542945	2670	1488	n
4543196	2668	1488	n
4543447	2671	1488	n
4543705	2669	1488	n
4554083	2669	1488	n
4554334	2671	1488	n
4554587	2671	1488	n
4554842	2669	1488	n
4555093	2672	1489	n
4555344	2669	1488	n
4555598	2671	1489	n
4565985	2672	1489	n
4566236	2670	1488	n
4566487	2669	1488	n
4566743	2671	1488	n
4566994	2671	1488	n
4567245	2670	1488	n
4577629	2671	1488	n
4577884	2671	1488	n
4578135	2671	1488	n
4578386	2671	1488	n
4578643	2670	1488	n
4578894	2670	1488	n
4579145	2670	1488	n
4589535	2670	1488	n
4589791	2671	1488	n
4590042	2669	1488	n
4590293	2669	1488	n
4590550	2670	1488	n
4590804	2670	1488	n
4601175	2671	1488	n
4601426	2671	1488	n
4601682	2671	1489	n
4601932	2670	1489	n
4602183	2670	1488	n
4602434	2671	1490	n
4602690	2670	1488	n
4613077	2669	1488	n
4613328	2669	1488	n
4613584	2670	1488	n
4613840	2670	1488	n
4614091	2669	1488	n
4614342	2671	1488	n
4624721	2669	1488	n
4624972	2669	1488	n
4625223	2670	1488	n
4625474	2672	1488	n
4625730	2669	1488	n
4625981	2671	1489	n
4626232	2669	1488	n
4636624	2672	1488	n
4636879	2671	1488	n
4637130	2671	1489	n
4637381	2671	1489	n
4637640	2669	1488	n
4637891	2672	1488	n
4648268	2670	1489	n
4648521	2671	1488	n
4648776	2672	1489	n
4649027	2671	1488	n
4649278	2671	1489	n
4649536	2670	1488	n
4649791	2671	1490	n
4660170	2669	1488	n
4660421	2671	1488	n
4660676	2669	1488	n
4660927	2670	1488	n
4661178	2669	1488	n
4661429	2670	1488	n
4671814	2669	1488	n
4672065	2669	1488	n
4672316	2669	1488	n
4672569	2671	1488	n
4672824	2669	1488	n
4673075	2671	1488	n
4673326	2671	1488	n
4683720	2670	1488	n
4683971	2671	1488	n
4684222	2671	1489	n
4684473	2672	1488	n
4684728	2672	1488	n
4684979	2671	1489	n
4695360	2670	1488	n
4695614	2670	1488	n
4695869	2670	1488	n
4696120	2670	1488	n
4696371	2670	1488	n
4696624	2672	1488	n
4696879	2670	1488	n
4707262	2669	1488	n
4707518	2670	1488	n
4707774	2670	1488	n
4708025	2670	1488	n
4708275	2669	1488	n
4708533	2669	1488	n
4718906	2670	1488	n
4719157	2671	1489	n
4719408	2671	1488	n
4719667	2671	1488	n
4719918	2671	1489	n
4720168	2671	1488	n
4720419	2671	1488	n
4730809	2671	1488	n
4731060	2673	1488	n
4731311	2671	1488	n
4731566	2672	1490	n
4731821	2671	1488	n
4732072	2669	1489	n
4742453	2671	1489	n
4742712	2671	1488	n
4742963	2671	1488	n
4743214	2672	1488	n
4743465	2669	1488	n
4743720	2669	1488	n
4743971	2669	1488	n
4754355	2670	1488	n
4754607	2671	1488	n
4754862	2670	1488	n
4755113	2670	1488	n
4755364	2671	1488	n
4755619	2671	1488	n
4765999	2671	1488	n
4766250	2670	1488	n
4766505	2670	1488	n
4766760	2669	1488	n
4767011	2669	1488	n
4767262	2669	1488	n
4767518	2669	1488	n
4777901	2671	1488	n
4778152	2670	1489	n
4778403	2671	1488	n
4778662	2670	1489	n
4778913	2671	1489	n
4779164	2670	1488	n
4789545	2667	1488	n
4789800	2672	1488	n
4790051	2666	1488	n
4790302	2669	1488	n
4790555	2669	1488	n
4790811	2669	1488	n
4791062	2669	1488	n
4801447	2669	1488	n
4801705	2670	1488	n
4801956	2671	1488	n
4802207	2671	1488	n
4802458	2670	1488	n
4802714	2669	1488	n
4813091	2671	1488	n
4813342	2671	1489	n
4813597	2670	1488	n
4813852	2669	1488	n
4814103	2671	1488	n
4814354	2671	1488	n
4814607	2670	1488	n
4824994	2671	1488	n
4825245	2672	1488	n
4825501	2672	1489	n
4825757	2672	1488	n
4826008	2671	1488	n
4826259	2670	1488	n
4836643	2669	1488	n
4836893	2670	1488	n
4837144	2669	1488	n
4837395	2669	1488	n
4837653	2669	1488	n
4837903	2669	1488	n
4838155	2670	1488	n
4848543	2669	1488	n
4848799	2671	1488	n
4849050	2669	1488	n
4849301	2671	1488	n
4849554	2671	1488	n
4849809	2669	1487	n
4860184	2669	1488	n
4860435	2671	1488	n
4860691	2671	1488	n
4860942	2671	1488	n
4861193	2669	1488	n
4861444	2670	1488	n
4861700	2670	1488	n
4872086	2671	1488	n
4872337	2669	1488	n
4872590	2671	1488	n
4872845	2671	1488	n
4873096	2670	1488	n
4873347	2667	1488	n
4883730	2669	1488	n
4883981	2670	1488	n
4884232	2671	1489	n
4884483	2669	1488	n
4884739	2670	1488	n
4884990	2670	1488	n
4885240	2672	1488	n
4895634	2672	1488	n
4895885	2671	1488	n
4896136	2671	1489	n
4896387	2669	1489	n
4896644	2672	1488	n
4896895	2672	1488	n
4907276	2672	1489	n
4907533	2671	1488	n
4907788	2671	1488	n
4908038	2670	1488	n
4908289	2669	1488	n
4908546	2670	1488	n
4908801	2670	1488	n
4919179	2671	1488	n
4919430	2672	1489	n
4919685	2671	1489	n
4919935	2672	1488	n
4920186	2671	1488	n
4920437	2669	1489	n
4930823	2670	1489	n
4931074	2670	1488	n
4931325	2671	1488	n
4931581	2671	1488	n
4931836	2669	1488	n
4932087	2671	1488	n
4932338	2669	1488	n
4942729	2670	1488	n
4942980	2669	1488	n
4943231	2671	1488	n
4943482	2671	1488	n
4943738	2671	1489	n
4943989	2669	1488	n
4954369	2670	1488	n
4954622	2671	1488	n
4954877	2670	1488	n
4955128	2672	1488	n
4955379	2669	1489	n
4955640	2669	1488	n
4955891	2670	1488	n
4966271	2668	1488	n
4966526	2669	1488	n
4966781	2668	1488	n
4967032	2667	1488	n
4967283	2667	1488	n
4967536	2671	1488	n
4977915	2671	1488	n
4978166	2670	1489	n
4978417	2669	1488	n
4978673	2671	1488	n
4978933	2670	1488	n
4979207	2671	1488	n
4979458	2669	1488	n
4989817	2671	1488	n
4990293	2671	1488	n
4990580	2671	1488	n
4990835	2670	1488	n
4991086	2671	1488	n
4991337	2669	1488	n
4991621	2671	1488	n
5002013	2670	1488	n
5002490	2671	1488	n
5002748	2670	1488	Time:00:00:00:00;;
5003244	2671	1488	n
5003501	2671	1488	n
5013881	2670	1488	n
5014366	2671	1488	n
5014646	2670	1488	n
5014897	2669	1488	n
5015148	2669	1488	n
5015407	2669	1488	n
5015688	2671	1488	n
5026094	2671	1488	n
5026572	2671	1488	n
5026836	2671	1488	n
5027109	2670	1488	n
5027360	2669	1489	n
5027615	2670	1489	n
5027878	2671	1488	n
5038298	2671	1489	n
5038783	2671	1488	n
5039034	2671	1489	n
5039294	2671	1489	n
5039569	2672	1488	n
5039824	2672	1488	n
5040075	2672	1488	n
5050485	2670	1488	n
5051001	2670	1489	n
5051252	2669	1488	n
5051508	2672	1489	n
5051773	2671	1489	n
5052046	2672	1488	n
5062405	2670	1488	Time:00:00:00:00;;
5063107	2669	1488	n
5063367	2669	1488	n
5063646	2669	1488	n
5063897	2669	1488	n
5064148	2669	1488	n
5074569	2670	1488	n
5075082	2669	1488	n
5075333	2669	1488	n
5075587	2670	1488	n
5075851	2670	1488	n
5076124	2667	1488	n
5076375	2669	1488	n
5086781	2670	1490	n
5087265	2671	1488	n
5087543	2670	1488	n
5087798	2671	1488	n
5088049	2669	1488	n
5088309	2669	1488	n
5088587	2670	1488	n
5098958	2668	1488	n
5099436	2671	1488	n
5099700	2669	1488	n
5099973	2669	1488	n
5100224	2670	1487	n
5100475	2670	1488	n
5110877	2669	1488	n
5111390	2669	1488	n
5111647	2666	1488	n
5111898	2669	1488	n
5112158	2667	1488	n
5112431	2669	1488	n
5112687	2669	1488	n
5123074	2669	1489	n
5123553	2668	1488	n
5123839	2670	1488	n
5124090	2668	1488	n
5124341	2669	1489	n
5124598	2670	1488	n
5124882	2669	1488	n
5135269	2669	1488	n
5135756	2670	1488	n
5136007	2667	1488	n
5136289	2669	1488	n
5136544	2669	1488	n
5136799	2670	1488	n
5147189	2669	1487	n
5147682	2667	1488	n
5147955	2666	1488	n
5148206	2667	1488	n
5148457	2666	1488	n
5148722	2667	1488	n
5148995	2666	1488	n
5159385	2669	1488	n
5159875	2669	1487	n
5160134	2667	1487	n
5160408	2667	1487	n
5160666	2669	1488	n
5160917	2667	1488	n
5161177	2669	1488	n
5171595	2670	1488	n
5172083	2671	1488	n
5172334	2670	1488	n
5172595	2671	1488	n
5172873	2669	1488	n
5173124	2669	1488	n
5183506	2668	1488	n
5183995	2669	1488	n
5184271	2671	1488	n
5184526	2667	1488	n
5184781	2670	1488	n
5185041	2669	1488	n
5185314	2671	1489	n
5195700	2670	1488	n
5196181	2669	1488	n
5196432	2667	1487	n
5196719	2667	1488	n
5196970	2669	1488	n
5197221	2669	1488	n
5197472	2669	1488	n
5207891	2671	1488	n
5208378	2669	1488	n
5208636	2667	1488	n
5208887	2669	1488	n
5209168	2669	1488	n
5209419	2670	1487	n
5219794	2671	1488	Time:00:00:00:00;;
5220327	2669	1488	n
5220584	2668	1488	n
5220840	2671	1488	n
5221091	2669	1488	n
5221342	2667	1488	n
5231735	2670	1486	n
5231986	2670	1488	n
5232237	2667	1488	n
5232488	2667	1488	n
5232748	2667	1488	n
5232999	2667	1488	n
5233250	2668	1488	n
5243690	2669	1488	n
5243941	2669	1488	n
5244192	2668	1488	n
5244443	2667	1488	n
5244699	2668	1488	n
5244950	2668	1488	n
5255346	2668	1488	n
5255600	2671	1488	n
5255856	2671	1488	n
5256106	2670	1488	n
5256357	2671	1488	n
5256612	2669	1488	n
5256867	2667	1488	n
5267231	2670	1488	n
5267482	2667	1488	n
5267738	2670	1488	n
5267989	2669	1488	n
5268240	2668	1488	n
5268492	2669	1488	n
5278892	2670	1488	n
5279143	2669	1488	n
5279394	2667	1488	n
5279652	2669	1488	n
5279903	2669	1488	n
5280154	2669	1488	n
5280405	2670	1488	n
5290782	2670	1489	n
5291033	2668	1488	n
5291284	2668	1488	n
5291537	2669	1488	n
5291792	2669	1488	n
5292043	2666	1488	n
5302439	2670	1488	n
5302695	2670	1488	n
5302946	2670	1488	n
5303197	2670	1488	n
5303448	2670	1488	n
5303705	2668	1487	n
5303956	2671	1489	n
5314324	2669	1488	n
5314580	2669	1488	n
5314835	2669	1488	n
5315086	2671	1488	n
5315337	2669	1488	n
5315590	2667	1488	n
5325985	2669	1488	n
5326236	2667	1488	n
5326487	2666	1488	n
5326744	2667	1488	n
5326995	2669	1487	n
5327246	2669	1488	n
5327501	2671	1488	n
5337870	2669	1487	n
5338121	2667	1488	n
5338372	2669	1487	n
5338625	2667	1488	n
5338880	2667	1488	n
5339131	2669	1487	n
5349535	2669	1488	n
5349789	2671	1488	n
5350040	2669	1488	n
5350291	2670	1488	n
5350546	2669	1488	n
5350801	2671	1488	n
5351052	2670	1488	n
5361416	2669	1488	n
5361673	2669	1488	n
5361924	2667	1488	n
5362175	2668	1488	n
5362426	2668	1487	n
5362681	2672	1488	n
5373077	2669	1488	n
5373328	2671	1488	n
5373583	2668	1488	n
5373839	2667	1487	n
5374090	2667	1488	n
5374341	2668	1488	n
5374598	2667	1488	n
5384963	2668	1488	n
5385214	2669	1488	n
5385465	2667	1488	n
5385721	2669	1488	n
5385972	2670	1488	n
5386223	2669	1488	n
5396624	2670	1488	n
5396879	2669	1488	n
5397130	2669	1488	n
5397381	2671	1488	n
5397640	2669	1488	n
5397891	2669	1488	n
5398142	2670	1488	n
5408515	2670	1488	n
5408771	2667	1488	n
5409022	2668	1488	n
5409273	2669	1488	n
5409529	2670	1488	n
5409784	2669	1488	n
5420170	2669	1488	n
5420421	2670	1487	n
5420676	2668	1488	n
5420927	2671	1488	n
5421178	2670	1488	n
5421429	2671	1488	n
5421684	2671	1488	n
5432055	2671	1488	n
5432306	2671	1488	n
5432563	2669	1488	n
5432818	2670	1488	n
5433069	2671	1488	n
5433320	2670	1488	n
5443719	2669	1488	n
5443970	2671	1488	n
5444220	2669	1488	n
5444471	2669	1488	n
5444727	2669	1488	n
5444978	2669	1488	n
5445229	2670	1488	n
5455603	2669	1488	n
5455859	2669	1488	n
5456109	2667	1488	n
5456360	2669	1488	n
5456614	2669	1488	n
5456869	2669	1488	n
5467262	2669	1488	n
5467518	2669	1488	n
5467773	2669	1488	n
5468024	2670	1488	n
5468275	2669	1488	n
5468533	2667	1488	n
5468788	2670	1488	n
5479148	2671	1488	n
5479399	2670	1488	n
5479658	2670	1488	n
5479909	2669	1488	n
5480160	2669	1488	n
5480411	2670	1488	n
5490809	2670	1488	n
5491060	2670	1488	n
5491311	2669	1488	n
5491566	2670	1488	n
5491821	2667	1488	n
5492072	2669	1488	n
5492323	2669	1488	n
5502699	2669	1488	n
5502950	2667	1488	n
5503201	2669	1488	n
5503452	2668	1488	n
5503712	2670	1488	n
5503963	2668	1488	n
5514355	2669	1488	n
5514612	2669	1488	n
5514867	2669	1488	n
5515118	2669	1488	n
5515369	2671	1488	n
5515622	2671	1488	n
5515877	2669	1488	n
5526240	2672	1488	n
5526492	2667	1487	n
5526748	2669	1489	n
5526999	2671	1488	n
5527250	2669	1488	n
5527505	2671	1488	n
5537901	2670	1488	n
5538152	2671	1488	n
5538403	2668	1488	n
5538663	2670	1489	n
5538914	2669	1488	n
5539165	2669	1488	n
5539416	2663	1486	n
5549789	2668	1488	n
5550039	2670	1489	n
5550291	2669	1488	n
5550546	2670	1488	n
5550801	2670	1488	n
5551052	2667	1488	n
5561447	2668	1488	n
5561705	2669	1488	n
5561956	2671	1488	n
5562207	2670	1488	n
5562458	2667	1488	n
5562713	2671	1488	n
5562964	2668	1488	n
5573333	2670	1488	n
5573587	2667	1488	n
5573841	2670	1488	n
5574092	2670	1488	n
5574343	2669	1488	n
5574598	2669	1488	n
5584994	2668	1488	n
5585245	2669	1488	n
5585501	2668	1489	n
5585757	2669	1488	n
5586008	2667	1488	n
5586259	2669	1488	n
5586515	2670	1488	n
5596879	2667	1488	n
5597130	2670	1488	n
5597381	2669	1488	n
5597640	2670	1488	n
5597891	2669	1488	n
5598142	2670	1488	n
5608546	2667	1488	n
5608800	2669	1488	n
5609051	2669	1488	n
5609302	2669	1488	n
5609556	2669	1488	n
5609811	2671	1488	n
5610061	2671	1488	n
5620425	2671	1488	n
5620681	2670	1488	n
5620932	2671	1488	n
5621183	2671	1488	n
5621434	2669	1488	n
5621689	2667	1488	n
5632086	2670	1488	n
5632337	2669	1488	n
5632590	2669	1488	n
5632846	2670	1488	n
5633097	2669	1488	n
5633348	2669	1488	n
5633604	2666	1488	n
5643971	2669	1488	n
5644222	2671	1488	n
5644473	2672	1488	n
5644729	2670	1487	n
5644980	2669	1488	n
5645231	2668	1488	n
5655636	2668	1488	n
5655887	2670	1488	n
5656137	2670	1488	n
5656388	2671	1488	n
5656646	2669	1488	n
5656896	2671	1488	n
5657147	2670	1488	n
5667521	2671	1489	n
5667776	2671	1488	n
5668027	2670	1488	n
5668278	2670	1488	n
5668533	2670	1487	n
5668787	2670	1488	n
5679179	2671	1488	n
5679430	2670	1488	n
5679685	2671	1488	n
5679936	2671	1488	n
5680187	2672	1490	n
5680438	2670	1489	n
5680693	2671	1488	n
5691064	2670	1488	n
5691315	2669	1489	n
5691569	2670	1488	n
5691824	2670	1488	n
5692075	2670	1488	n
5692326	2669	1488	n
5702729	2671	1489	n
5702980	2670	1488	n
5703231	2670	1488	n
5703482	2671	1488	n
5703737	2670	1488	n
5703988	2670	1488	n
5704239	2670	1488	n
5714615	2670	1489	n
5714870	2668	1488	n
5715121	2667	1488	n
5715372	2669	1488	n
5715625	2665	1488	n
5715880	2670	1488	n
5726271	2670	1489	n
5726526	2668	1488	n
5726782	2667	1488	n
5727032	2667	1488	n
5727283	2667	1488	n
5727536	2667	1488	n
5727792	2670	1487	n
5738156	2670	1488	n
5738407	2671	1488	n
5738666	2670	1488	n
5738917	2670	1488	n
5739168	2670	1488	n
5739419	2671	1488	n
5749817	2670	1488	n
5750068	2671	1488	n
5750319	2670	1488	n
5750572	2670	1488	n
5750827	2670	1488	n
5751078	2670	1489	n
5751329	2671	1489	n
5761708	2669	1488	n
5761959	2669	1488	n
5762210	2669	1488	n
5762461	2667	1488	n
5762716	2669	1488	n
5762967	2670	1488	n
5773364	2669	1488	n
5773618	2670	1488	n
5773873	2670	1488	n
5774124	2670	1488	n
5774375	2669	1488	n
5774636	2670	1488	n
5774887	2670	1488	n
5785249	2670	1488	n
5785505	2671	1488	n
5785760	2670	1488	n
5786011	2670	1488	n
5786262	2670	1488	n
5786518	2670	1488	n
5796910	2670	1490	n
5797161	2671	1488	n
5797412	2670	1488	n
5797671	2671	1489	n
5797922	2671	1488	n
5798173	2669	1488	n
5798424	2671	1488	n
5808798	2670	1488	n
5809049	2667	1488	n
5809300	2669	1488	n
5809553	2669	1488	n
5809808	2669	1488	n
5810059	2670	1488	n
5820456	2672	1488	n
5820712	2671	1488	n
5820963	2670	1488	n
5821214	2670	1488	n
5821465	2669	1488	n
5821720	2669	1488	n
5821971	2666	1488	n
5832341	2671	1488	n
5832598	2671	1489	n
5832853	2671	1488	n
5833104	2670	1488	n
5833354	2670	1488	n
5833607	2671	1488	n
5844002	2670	1488	n
5844253	2669	1489	n
5844508	2671	1488	n
5844763	2672	1488	n
5845014	2669	1488	n
5845265	2671	1488	n
5845518	2671	1488	n
5855888	2669	1488	n
5856139	2669	1488	n
5856390	2669	1488	n
5856647	2671	1488	n
5856898	2668	1488	n
5857149	2667	1488	n
5867552	2667	1488	n
5867807	2669	1488	n
5868058	2670	1488	n
5868309	2667	1488	n
5868563	2669	1488	n
5868818	2670	1488	n
5869069	2670	1488	n
5879434	2671	1488	n
5879690	2670	1488	n
5879941	2670	1488	n
5880192	2670	1488	n
5880442	2671	1488	n
5880699	2668	1488	n
5891095	2670	1488	n
5891346	2670	1488	n
5891600	2671	1488	n
5891856	2670	1488	n
5892106	2670	1488	n
5892357	2670	1488	n
5892612	2667	1488	n
5902980	2670	1488	n
5903231	2671	1488	n
5903482	2670	1488	n
5903738	2668	1488	n
5903989	2669	1488	n
5904240	2669	1488	n
5914646	2667	1488	n
5914897	2669	1488	n
5915148	2667	1488	n
5915399	2669	1488	n
5915658	2670	1488	n
5915909	2668	1487	n
5916160	2667	1489	n
5926532	2671	1488	n
5926788	2670	1488	n
5927039	2670	1488	n
5927290	2667	1488	n
5927546	2669	1488	n
5927801	2669	1488	n
5938187	2667	1488	n
5938438	2669	1488	n
5938693	2667	1488	n
5938944	2666	1487	n
5939195	2667	1487	n
5939446	2669	1488	n
5939705	2670	1488	n
5950073	2669	1488	n
5950324	2670	1488	n
5950580	2669	1488	n
5950835	2671	1488	n
5951086	2670	1488	n
5951337	2670	1488	n
5961734	2671	1488	n
5961985	2669	1488	n
5962236	2669	1488	n
5962487	2668	1488	n
5962744	2669	1488	n
5962994	2671	1488	n
5963245	2669	1488	n
5973621	2670	1488	n
5973876	2670	1488	n
5974127	2669	1488	n
5974378	2670	1488	n
5974640	2670	1488	n
5974891	2670	1488	n
5985280	2668	1488	n
5985696	2669	1488	n
5985947	2671	1488	n
5986206	2667	1488	n
5986480	2669	1488	n
5986735	2669	1488	n
5986986	2667	1488	n
5997424	2668	1488	n
5997936	2667	1488	n
5998187	2667	1488	n
5998438	2669	1488	n
5998702	2670	1489	n
5998975	2667	1488	n
6009379	2671	1488	Time:00:00:00:00;;
6010088	2669	1488	n
6010361	2671	1488	n
6010615	2667	1488	n
6010870	2669	1488	n
6011129	2668	1488	n
6021566	2671	1487	n
6022046	2672	1489	n
6022297	2670	1488	n
6022552	2669	1488	n
6022839	2669	1488	n
6023090	2671	1489	n
6023341	2670	1488	n
6033705	2670	1488	n
6034212	2670	1488	n
6034463	2666	1488	n
6034718	2670	1488	n
6034969	2667	1488	n
6035251	2671	1488	n
6035508	2670	1488	n
6045896	2671	1488	n
6046374	2670	1488	n
6046642	2670	1488	n
6046916	2670	1488	n
6047167	2671	1488	n
6047418	2671	1488	n
6057851	2670	1488	n
6058360	2671	1488	n
6058615	2669	1488	n
6058870	2671	1488	n
6059129	2671	1489	Time:00:00:00:00;;
6059622	2671	1488	n
6070047	2670	1488	n
6070535	2666	1488	n
6070813	2669	1488	n
6071064	2667	1488	n
6071315	2666	1487	n
6071576	2671	1488	n
6071854	2670	1488	n
6082260	2671	1488	n
6082743	2668	1488	n
6083003	2670	1488	n
6083276	2668	1488	n
6083533	2671	1488	n
6083788	2670	1488	n
6084047	2671	1488	n
6094464	2669	1489	n
6094943	2670	1489	n
6095194	2671	1488	n
6095454	2669	1489	n
6095734	2671	1488	n
6095985	2670	1488	n
6106341	2671	1489	n
6106833	2671	1489	n
6107115	2670	1488	n
6107366	2671	1489	n
6107621	2671	1490	n
6107876	2671	1488	n
6108159	2669	1488	n
6118556	2670	1488	n
6119036	2671	1488	n
6119287	2671	1488	n
6119553	2670	1488	n
6119830	2671	1488	n
6120081	2669	1488	n
6120332	2670	1488	n
6130770	2671	1488	n
6131256	2670	1489	n
6131512	2669	1488	n
6131768	2671	1489	n
6132028	2671	1488	n
6132301	2671	1488	n
6142721	2671	1488	n
6143196	2671	1488	n
6143456	2669	1488	n
6143737	2670	1489	n
6143988	2671	1488	n
6144239	2671	1488	n
6144501	2670	1488	n
6154934	2670	1488	n
6155416	2671	1488	n
6155673	2669	1488	n
6155932	2671	1488	n
6156206	2670	1488	n
6156457	2671	1489	n
6156713	2671	1488	n
6167130	2670	1488	n
6167645	2671	1488	n
6167896	2671	1489	n
6168147	2669	1488	n
6168407	2671	1488	n
6168688	2670	1488	n
6168939	2669	1488	n
6179325	2668	1488	n
6179823	2669	1488	n
6180098	2668	1488	n
6180349	2670	1488	n
6180604	2669	1488	n
6180868	2670	1488	n
6191331	2671	1489	n
6191823	2672	1488	n
6192074	2671	1488	n
6192333	2669	1488	n
6192612	2670	1488	n
6192867	2670	1488	n
6193118	2670	1488	n
6203532	2670	1488	n
6204046	2670	1488	n
6204297	2669	1488	n
6204553	2670	1488	n
6204817	2670	1488	n
6205090	2669	1488	n
6205341	2669	1488	n
6215727	2670	1488	Time:00:00:00:00;;
6216351	2667	1488	n
6216604	2669	1488	n
6216859	2669	1488	n
6217110	2668	1488	n
6227508	2669	1488	n
6227763	2670	1489	n
6228014	2671	1488	n
6228266	2669	1488	n
6228519	2670	1488	n
6228774	2669	1489	n
6229025	2670	1488	n
6239407	2670	1488	n
6239666	2670	1488	n
6239917	2669	1488	n
6240168	2671	1488	n
6240419	2671	1488	n
6240675	2669	1488	n
6251051	2668	1488	n
6251302	2669	1488	n
6251555	2671	1488	n
6251810	2670	1488	n
6252061	2670	1488	n
6252312	2670	1488	n
6252566	2669	1488	n
6262954	2669	1488	n
6263205	2669	1488	n
6263456	2668	1488	n
6263713	2668	1488	n
6263964	2667	1488	n
6264215	2667	1488	n
6274598	2670	1488	n
6274853	2669	1488	n
6275104	2670	1488	n
6275355	2670	1488	n
6275612	2670	1488	n
6275867	2669	1488	n
6276118	2669	1488	n
6286505	2670	1488	n
6286761	2672	1488	n
6287011	2669	1489	n
6287262	2671	1488	n
6287518	2669	1489	n
6287773	2669	1488	n
6298144	2670	1488	n
6298395	2670	1488	n
6298653	2671	1488	n
6298904	2669	1488	n
6299155	2670	1488	n
6299406	2669	1488	n
6299667	2669	1490	n
6310046	2669	1488	n
6310297	2671	1488	n
6310552	2670	1488	n
6310807	2672	1488	n
6311058	2669	1489	n
6311309	2671	1488	n
6321690	2671	1488	n
6321941	2671	1488	n
6322192	2672	1488	n
6322443	2671	1488	n
6322699	2670	1488	n
6322950	2671	1488	n
6323201	2671	1488	n
6333597	2669	1488	n
6333852	2669	1488	n
6334103	2671	1488	n
6334354	2667	1488	n
6334607	2671	1488	n
6334862	2669	1488	n
6345236	2671	1489	n
6345487	2670	1488	n
6345743	2668	1488	n
6345994	2669	1488	n
6346245	2669	1488	n
6346501	2670	1489	n
6346756	2672	1488	n
6357139	2669	1488	n
6357390	2671	1488	n
6357647	2671	1488	n
6357898	2671	1488	n
6358149	2668	1488	n
6358400	2671	1487	n
6368783	2671	1488	n
6369034	2671	1489	n
6369285	2671	1488	n
6369538	2672	1489	n
6369793	2672	1488	n
6370044	2671	1488	n
6370295	2671	1488	n
6380689	2669	1488	n
6380940	2670	1488	n
6381191	2670	1488	n
6381442	2671	1488	n
6381698	2669	1488	n
6381949	2670	1488	n
6392329	2670	1488	n
6392583	2670	1488	n
6392839	2670	1488	n
6393090	2669	1489	n
6393341	2670	1488	n
6393597	2670	1488	n
6393853	2670	1488	n
6404231	2672	1488	n
6404482	2671	1490	n
6404736	2671	1488	n
6404987	2671	1489	n
6405238	2670	1488	n
6405490	2669	1488	n
6415875	2671	1488	n
6416126	2671	1488	n
6416377	2671	1488	n
6416634	2672	1488	n
6416885	2670	1488	n
6417136	2671	1489	n
6417387	2669	1489	n
6427777	2669	1489	n
6428028	2670	1488	n
6428279	2669	1488	n
6428536	2667	1488	n
6428791	2669	1488	n
6429042	2669	1488	n
6439421	2669	1488	n
6439676	2669	1488	n
6439927	2669	1487	n
6440178	2669	1488	n
6440429	2671	1488	n
6440684	2669	1488	n
6440935	2670	1488	n
6451324	2670	1488	n
6451580	2670	1488	n
6451835	2671	1488	n
6452086	2669	1488	n
6452337	2669	1488	n
6452590	2669	1488	n
6462968	2669	1488	n
6463219	2671	1488	n
6463470	2670	1488	n
6463725	2671	1488	n
6463976	2671	1488	n
6464227	2670	1488	n
6464478	2671	1488	n
6474870	2671	1488	n
6475121	2671	1488	n
6475372	2670	1489	n
6475625	2670	1489	n
6475880	2672	1488	n
6476131	2670	1488	n
6486518	2671	1488	n
6486773	2670	1488	n
6487024	2672	1488	n
6487275	2671	1488	n
6487533	2671	1489	n
6487788	2671	1489	n
6488039	2671	1488	n
6498416	2670	1488	n
6498672	2671	1488	n
6498923	2671	1489	n
6499174	2671	1488	n
6499425	2671	1488	n
6499681	2670	1488	n
6510060	2670	1489	n
6510311	2670	1488	n
6510566	2670	1488	n
6510821	2669	1488	n
6511072	2669	1488	n
6511323	2671	1488	n
6511580	2668	1488	n
6521962	2669	1488	n
6522213	2670	1489	n
6522464	2669	1488	n
6522719	2671	1488	n
6522970	2669	1488	n
6523221	2671	1488	n
6533606	2670	1488	n
6533861	2671	1488	n
6534112	2670	1488	n
6534363	2670	1488	n
6534618	2670	1488	n
6534873	2670	1488	n
6535124	2672	1489	n
6545512	2670	1489	n
6545768	2671	1488	n
6546019	2671	1488	n
6546270	2671	1489	n
6546527	2670	1488	n
6546782	2671	1488	n
6557153	2670	1488	n
6557404	2671	1488	n
6557662	2669	1488	n
6557913	2667	1488	n
6558164	2670	1488	n
6558415	2669	1488	n
6558673	2670	1487	n
6569055	2669	1488	n
6569306	2668	1488	n
6569560	2669	1488	n
6569815	2670	1488	n
6570066	2671	1488	n
6570317	2672	1488	n
6580699	2670	1488	n
6580950	2670	1489	n
6581201	2671	1488	n
6581452	2667	1488	n
6581712	2671	1488	n
6581963	2671	1489	n
6582214	2670	1489	n
6592604	2671	1488	n
6592859	2670	1488	n
6593110	2670	1488	n
6593361	2669	1488	n
6593615	2671	1488	n
6593870	2672	1489	n
6604245	2670	1488	n
6604501	2671	1488	n
6604757	2671	1488	n
6605007	2671	1488	n
6605258	2671	1488	n
6605515	2668	1488	n
6605771	2670	1488	n
6616147	2669	1488	n
6616398	2669	1488	n
6616658	2669	1488	n
6616909	2670	1488	n
6617160	2669	1488	n
6617411	2669	1487	n
6627791	2671	1488	n
6628042	2670	1488	n
6628293	2670	1488	n
6628550	2668	1488	n
6628804	2670	1488	n
6629055	2669	1488	n
6629307	2669	1488	n
6639698	2670	1488	n
6639949	2671	1488	n
6640200	2670	1488	n
6640451	2669	1489	n
6640712	2671	1488	n
6640963	2669	1488	n
6651338	2671	1488	n
6651595	2670	1488	n
6651850	2669	1489	n
6652101	2670	1488	n
6652352	2671	1489	n
6652605	2670	1488	n
6652860	2669	1488	n
6663240	2670	1489	n
6663491	2670	1488	n
6663748	2669	1488	n
6663999	2670	1488	n
6664250	2670	1488	n
6664505	2670	1488	n
6674884	2671	1488	n
6675135	2670	1488	n
6675386	2670	1488	n
6675643	2670	1488	n
6675894	2670	1488	n
6676145	2669	1489	n
6676396	2671	1488	n
6686786	2669	1488	n
6687037	2669	1488	n
6687287	2670	1488	n
6687543	2669	1488	n
6687798	2667	1488	n
6688049	2668	1490	n
6698430	2670	1488	n
6698685	2671	1488	n
6698936	2671	1488	n
6699187	2669	1488	n
6699438	2671	1489	n
6699693	2670	1488	n
6699944	2671	1488	n
6710332	2669	1489	n
6710587	2671	1488	n
6710842	2670	1487	n
6711093	2669	1488	n
6711344	2671	1489	n
6711601	2670	1488	n
6721976	2670	1488	n
6722227	2672	1488	n
6722478	2672	1488	n
6722733	2670	1488	n
6722984	2670	1488	n
6723235	2671	1489	n
6723486	2669	1488	n
6733879	2669	1488	n
6734130	2670	1488	n
6734381	2668	1488	n
6734640	2669	1488	n
6734891	2671	1488	n
6735142	2668	1488	n
6745526	2668	1488	n
6745781	2670	1488	n
6746032	2668	1488	n
6746283	2670	1488	n
6746536	2671	1488	n
6746792	2671	1488	n
6747043	2670	1489	n
6757425	2671	1488	n
6757680	2669	1488	n
6757931	2670	1488	n
6758182	2670	1489	n
6758433	2670	1489	n
6758688	2671	1488	n
6769069	2672	1488	n
6769320	2671	1489	n
6769573	2671	1488	n
6769828	2671	1489	n
6770079	2671	1488	n
6770330	2671	1488	n
6770585	2671	1489	n
6780971	2670	1488	n
6781222	2669	1488	n
6781473	2672	1488	n
6781728	2670	1487	n
6781979	2667	1488	n
6782230	2669	1488	n
6792615	2671	1488	n
6792870	2669	1488	n
6793121	2669	1488	n
6793372	2670	1488	n
6793625	2671	1488	n
6793880	2671	1488	n
6794131	2670	1488	n
6804519	2670	1488	n
6804774	2670	1488	n
6805025	2671	1488	n
6805276	2669	1488	n
6805533	2671	1488	n
6805787	2671	1488	n
6816161	2671	1488	n
6816412	2671	1488	n
6816671	2671	1488	n
6816922	2670	1488	n
6817173	2670	1488	n
6817424	2671	1488	n
6817679	2672	1488	n
6828064	2671	1488	n
6828315	2669	1488	n
6828569	2669	1488	n
6828824	2669	1488	n
6829075	2671	1488	n
6829326	2671	1488	n
6839708	2670	1488	n
6839959	2671	1488	n
6840210	2670	1488	n
6840461	2668	1488	n
6840716	2670	1488	n
6840967	2671	1488	n
6841218	2671	1488	n
6851613	2671	1489	n
6851868	2670	1488	n
6852119	2671	1488	n
6852370	2671	1488	n
6852623	2671	1489	n
6852878	2672	1489	n
6863254	2669	1488	n
6863508	2670	1488	n
6863763	2669	1488	n
6864014	2671	1488	n
6864265	2668	1488	n
6864518	2669	1489	n
6864773	2671	1488	n
6875156	2669	1488	n
6875407	2669	1487	n
6875666	2669	1488	n
6875917	2669	1488	n
6876168	2668	1488	n
6876419	2668	1488	n
6886800	2669	1488	n
6887051	2671	1488	n
6887302	2669	1488	n
6887555	2669	1488	n
6887810	2667	1488	n
6888061	2670	1488	n
6888312	2669	1488	n
6898706	2671	1488	n
6898957	2671	1488	n
6899208	2671	1488	n
6899459	2670	1490	n
6899715	2672	1489	n
6899966	2671	1489	n
6910346	2669	1488	n
6910600	2670	1488	n
6910856	2669	1488	n
6911106	2671	1488	n
6911357	2670	1488	n
6911612	2671	1488	n
6911867	2670	1489	n
6922249	2669	1488	n
6922506	2670	1488	n
6922761	2669	1488	n
6923012	2669	1488	n
6923263	2669	1488	n
6923518	2671	1488	n
6933893	2672	1488	n
6934144	2669	1488	n
6934395	2670	1489	n
6934653	2671	1488	n
6934904	2669	1488	n
6935155	2670	1488	n
6935406	2670	1488	n
6945795	2672	1489	n
6946046	2671	1489	n
6946297	2672	1489	n
6946552	2671	1488	n
6946807	2670	1488	n
6947058	2670	1488	n
6957439	2669	1488	n
6957695	2670	1488	n
6957946	2670	1488	n
6958197	2671	1488	n
6958448	2667	1488	n
6958705	2670	1488	n
6958956	2670	1488	n
6969341	2670	1488	n
6969597	2670	1488	n
6969852	2670	1488	n
6970103	2670	1488	n
6970354	2670	1488	n
6970607	2669	1488	n
6980985	2671	1488	n
6981303	2670	1488	n
6981556	2669	1488	n
6981811	2670	1488	n
6982070	2670	1488	n
6982344	2671	1488	n
6982601	2671	1489	n
6992974	2671	1489	n
6993459	2667	1488	n
6993738	2671	1488	n
6993989	2670	1488	n
6994240	2671	1488	n
6994506	2671	1488	n
6994784	2670	1488	n
7005169	2670	1488	Time:00:00:00:00;;
7005869	2667	1487	n
7006151	2671	1488	n
7006402	2669	1488	n
7006663	2669	1488	n
7006914	2670	1488	n
7017330	2670	1488	n
7017826	2669	1488	n
7018077	2669	1488	n
7018328	2668	1488	n
7018614	2670	1488	n
7018870	2667	1488	n
7029250	2671	1488	n
7029733	2669	1488	n
7029993	2670	1488	n
7030266	2669	1488	n
7030519	2670	1489	n
7030774	2669	1488	n
7031034	2670	1488	n
7041446	2669	1488	n
7041931	2670	1488	n
7042182	2670	1488	n
7042442	2670	1488	n
7042720	2672	1488	n
7042971	2669	1488	n
7043222	2670	1488	n
7053648	2670	1489	n
7054159	2667	1488	n
7054410	2670	1488	n
7054671	2669	1488	n
7054931	2670	1488	n
7055205	2670	1488	n
7065613	2672	1489	Time:00:00:00:00;;
7066318	2669	1488	n
7066595	2671	1488	n
7066850	2669	1490	n
7067101	2671	1488	n
7067361	2669	1488	n
7077818	2669	1488	n
7078295	2671	1488	n
7078549	2669	1489	n
7078813	2670	1488	n
7079087	2670	1488	n
7079338	2670	1488	n
7079591	2672	1488	n
7090005	2670	1488	n
7090516	2672	1488	n
7090770	2670	1488	n
7091021	2670	1488	n
7091272	2669	1488	n
7091561	2669	1488	n
7091816	2667	1488	n
7102200	2670	1489	n
7102685	2672	1488	n
7102967	2670	1489	n
7103218	2670	1488	n
7103469	2670	1488	n
7103724	2669	1488	n
7114172	2670	1488	n
7114671	2671	1488	n
7114922	2671	1488	n
7115173	2672	1488	n
7115455	2670	1490	n
7115713	2671	1489	n
7115964	2670	1488	n
7126385	2671	1488	n
7126901	2669	1488	n
7127152	2672	1489	n
7127403	2670	1488	n
7127662	2670	1488	n
7127944	2670	1488	n
7128195	2670	1488	n
7138604	2671	1488	n
7139084	2670	1488	n
7139344	2670	1488	n
7139621	2671	1488	n
7139877	2669	1488	n
7140128	2670	1488	n
7150553	2670	1488	n
7151041	2670	1488	n
7151292	2670	1488	n
7151546	2669	1488	n
7151811	2670	1488	n
7152084	2668	1488	n
7152335	2669	1488	n
7162765	2670	1489	n
7163257	2669	1489	n
7163535	2671	1488	n
7163789	2671	1488	n
7164040	2672	1489	n
7164299	2671	1488	n
7164577	2670	1488	n
7174961	2671	1488	n
7175444	2672	1489	n
7175709	2671	1488	n
7175983	2671	1488	n
7176234	2671	1488	n
7176484	2671	1490	n
7176749	2671	1488	n
7187165	2672	1488	n
7187653	2671	1489	n
7187904	2671	1488	n
7188163	2672	1488	n
7188436	2672	1490	n
7188691	2671	1488	n
7199076	2672	1488	n
7199571	2672	1488	n
7199849	2671	1489	n
7200100	2672	1490	n
7200351	2672	1488	n
7200613	2672	1491	n
7200891	2672	1489	n
7211272	2672	1488	Time:00:00:00:00;;
7211971	2672	1489	n
7212253	2672	1489	n
7212509	2671	1489	n
7212764	2672	1489	n
7213015	2672	1489	n
7223381	2671	1489	n
7223640	2672	1489	n
7223891	2671	1488	n
7224142	2672	1488	n
7224393	2672	1489	n
7224653	2672	1488	n
7235042	2670	1488	n
7235293	2672	1489	n
7235550	2672	1489	n
7235805	2671	1488	n
7236056	2672	1488	n
7236307	2671	1488	n
7236563	2671	1488	n
7246928	2672	1488	n
7247179	2672	1488	n
7247430	2670	1489	n
7247685	2672	1489	n
7247936	2671	1489	n
7248187	2671	1488	n
7258589	2672	1488	n
7258845	2672	1490	n
7259096	2672	1488	n
7259347	2672	1489	n
7259601	2671	1489	n
7259856	2672	1488	n
7260107	2672	1489	n
7270474	2672	1488	n
7270729	2672	1488	n
7270980	2671	1489	n
7271231	2671	1489	n
7271482	2672	1488	n
7271738	2671	1489	n
7282135	2672	1491	n
7282386	2671	1488	n
7282643	2671	1488	n
7282894	2672	1488	n
7283145	2670	1488	n
7283396	2672	1488	n
7283653	2671	1489	n
7294020	2671	1489	n
7294271	2671	1489	n
7294526	2672	1488	n
7294781	2672	1489	n
7295032	2671	1490	n
7295283	2671	1488	n
7305685	2671	1488	n
7305936	2670	1488	n
7306187	2671	1489	n
7306438	2671	1489	n
7306694	2671	1488	n
7306945	2671	1488	n
7307196	2671	1488	n
7317569	2672	1489	n
7317824	2671	1488	n
7318075	2672	1489	n
7318326	2672	1489	n
7318580	2670	1490	n
7318835	2671	1488	n
7329227	2671	1490	n
7329478	2672	1488	n
7329734	2671	1488	n
7329985	2672	1490	n
7330236	2671	1488	n
7330487	2670	1489	n
7330742	2672	1490	n
7341113	2671	1490	n
7341364	2672	1489	n
7341619	2671	1489	n
7341874	2671	1488	n
7342125	2672	1488	n
7342376	2672	1489	n
7352774	2672	1488	n
7353025	2670	1488	n
7353276	2670	1488	n
7353533	2671	1488	n
7353788	2672	1488	n
7354039	2672	1488	n
7354290	2671	1488	n
7364664	2672	1488	n
7364915	2671	1488	n
7365166	2671	1489	n
7365417	2671	1488	n
7365673	2671	1488	n
7365924	2671	1488	n
7376320	2672	1488	n
7376573	2672	1489	n
7376828	2671	1488	n
7377079	2672	1489	n
7377330	2672	1489	n
7377584	2672	1488	n
7377840	2672	1489	n
7388205	2672	1488	n
7388456	2670	1488	n
7388712	2672	1489	n
7388963	2671	1490	n
7389214	2671	1490	n
7389465	2670	1489	n
7399866	2670	1488	n
7400117	2671	1488	n
7400368	2671	1488	n
7400621	2672	1488	n
7400876	2672	1488	n
7401127	2671	1489	n
7401378	2671	1488	n
7411755	2672	1488	n
7412007	2671	1489	n
7412258	2669	1489	n
7412512	2671	1489	n
7412768	2670	1488	n
7413019	2671	1488	n
7423412	2671	1488	n
7423671	2671	1489	n
7423922	2672	1489	n
7424173	2671	1489	n
7424424	2672	1488	n
7424679	2672	1489	n
7424930	2672	1489	n
7435298	2672	1488	n
7435552	2672	1489	n
7435807	2672	1489	n
7436058	2671	1488	n
7436309	2671	1489	n
7436567	2672	1489	n
7446959	2671	1488	n
7447210	2672	1488	n
7447461	2669	1490	n
7447716	2671	1490	n
7447967	2671	1489	n
7448218	2672	1488	n
7448469	2671	1489	n
7458844	2671	1488	n
7459095	2671	1488	n
7459346	2671	1488	n
7459600	2670	1489	n
7459856	2671	1488	n
7460106	2670	1488	n
7470508	2672	1488	n
7470763	2672	1489	n
7471014	2672	1489	n
7471265	2672	1489	n
7471518	2671	1488	n
7471773	2669	1490	n
7472024	2671	1490	n
7482390	2672	1488	n
7482647	2671	1488	n
7482898	2671	1490	n
7483149	2671	1488	n
7483400	2672	1488	n
7483658	2669	1489	n
7494051	2671	1490	n
7494302	2670	1488	n
7494555	2672	1488	n
7494810	2671	1488	n
7495061	2672	1488	n
7495312	2672	1488	n
7495567	2672	1488	n
7505936	2671	1488	n
7506187	2672	1489	n
7506438	2672	1488	n
7506693	2671	1488	n
7506944	2672	1490	n
7507195	2672	1488	n
7517597	2672	1489	n
7517852	2671	1488	n
7518103	2672	1490	n
7518354	2672	1489	n
7518607	2672	1488	n
7518862	2672	1489	n
7519113	2672	1489	n
7529483	2671	1488	n
7529739	2671	1488	n
7529990	2670	1489	n
7530241	2671	1488	n
7530493	2671	1488	n
7530748	2671	1488	n
7541144	2669	1488	n
7541395	2671	1488	n
7541653	2672	1488	n
7541904	2671	1489	n
7542155	2672	1489	n
7542406	2671	1488	n
7542667	2672	1488	n
7553029	2671	1489	n
7553280	2671	1489	n
7553535	2672	1489	n
7553789	2672	1489	n
7554040	2671	1488	n
7554291	2672	1489	n
7564695	2672	1489	n
7564945	2672	1488	n
7565197	2671	1489	n
7565448	2671	1489	n
7565705	2672	1488	n
7565956	2672	1488	n
7566207	2671	1489	n
7576580	2671	1488	n
7576835	2671	1488	n
7577086	2672	1489	n
7577337	2671	1488	n
7577590	2672	1488	n
7577845	2672	1489	n
7588236	2672	1489	n
7588487	2671	1488	n
7588744	2672	1490	n
7588995	2672	1489	n
7589246	2671	1489	n
7589501	2672	1488	n
7589756	2671	1488	n
7600121	2671	1488	n
7600372	2672	1489	n
7600625	2671	1488	n
7600880	2671	1489	n
7601131	2671	1489	n
7601382	2672	1488	n
7611782	2672	1490	n
7612033	2672	1489	n
7612284	2672	1489	n
7612537	2672	1488	n
7612793	2672	1488	n
7613044	2672	1489	n
7613295	2672	1490	n
7623673	2672	1489	n
7623924	2671	1489	n
7624175	2671	1488	n
7624426	2672	1488	n
7624681	2672	1489	n
7624932	2672	1488	n
7635329	2671	1489	n
7635583	2671	1489	n
7635839	2672	1488	n
7636090	2670	1489	n
7636341	2672	1488	n
7636598	2672	1488	n
7636853	2672	1488	n
7647214	2671	1488	n
7647465	2671	1489	n
7647720	2672	1488	n
7647971	2672	1488	n
7648223	2672	1488	n
7648474	2672	1489	n
7658875	2672	1488	n
7659126	2671	1488	n
7659377	2672	1488	n
7659634	2671	1488	n
7659885	2669	1488	n
7660136	2671	1488	n
7660387	2671	1488	n
7670765	2672	1489	n
7671016	2672	1489	n
7671267	2670	1488	n
7671520	2672	1489	n
7671775	2672	1488	n
7672026	2672	1489	n
7682421	2672	1488	n
7682676	2672	1489	n
7682927	2672	1489	n
7683178	2672	1491	n
7683429	2672	1490	n
7683684	2672	1491	n
7683935	2672	1490	n
7694306	2672	1491	n
7694563	2672	1489	n
7694818	2671	1489	n
7695069	2672	1489	n
7695320	2672	1489	n
7695573	2672	1489	n
7705967	2672	1488	n
7706218	2671	1489	n
7706469	2670	1489	n
7706725	2670	1488	n
7706975	2671	1489	n
7707227	2671	1489	n
7707478	2672	1488	n
7717853	2672	1488	n
7718104	2671	1488	n
7718355	2670	1489	n
7718612	2671	1488	n
7718867	2670	1488	n
7719118	2671	1488	n
7729518	2671	1489	n
7729773	2672	1488	n
7730024	2671	1489	n
7730275	2671	1489	n
7730533	2671	1489	n
7730788	2672	1489	n
7731039	2671	1488	n
7741399	2672	1488	n
7741658	2672	1489	n
7741909	2670	1488	n
7742160	2672	1489	n
7742411	2672	1490	n
7742672	2672	1488	n
7753060	2671	1489	n
7753311	2672	1490	n
7753566	2671	1490	n
7753821	2671	1489	n
7754072	2672	1489	n
7754323	2672	1489	n
7754578	2672	1489	n
7764945	2672	1488	n
7765196	2671	1488	n
7765447	2672	1488	n
7765705	2671	1489	n
7765956	2672	1488	n
7766207	2671	1488	n
7776606	2671	1489	n
7776861	2672	1488	n
7777112	2671	1489	n
7777363	2672	1490	n
7777618	2672	1489	n
7777873	2672	1489	n
7778124	2671	1488	n
7788492	2670	1488	n
7788748	2671	1490	n
7788999	2671	1489	n
7789250	2671	1489	n
7789505	2672	1488	n
7789761	2672	1489	n
7800152	2671	1488	n
7800403	2671	1488	n
7800662	2672	1488	n
7800913	2671	1488	n
7801164	2670	1488	n
7801415	2670	1488	n
7801672	2671	1488	n
7812038	2672	1488	n
7812289	2669	1488	n
7812546	2671	1489	n
7812801	2671	1488	n
7813052	2671	1488	n
7813303	2671	1489	n
7823703	2671	1488	n
7823954	2672	1489	n
7824205	2671	1489	n
7824456	2669	1488	n
7824713	2670	1489	n
7824964	2672	1489	n
7825215	2672	1488	n
7835586	2671	1488	n
7835841	2670	1488	n
7836092	2670	1489	n
7836343	2669	1490	n
7836598	2671	1488	n
7836853	2670	1489	n
7847245	2672	1488	n
7847501	2672	1488	n
7847756	2671	1488	n
7848007	2671	1488	n
7848258	2671	1488	n
7848516	2671	1488	n
7848770	2672	1489	n
7859130	2670	1488	n
7859381	2671	1488	n
7859640	2671	1489	n
7859891	2671	1489	n
7860142	2672	1489	n
7860393	2671	1490	n
7870791	2672	1489	n
7871042	2671	1489	n
7871293	2672	1488	n
7871550	2672	1490	n
7871805	2672	1488	n
7872056	2671	1489	n
7872307	2672	1490	n
7882681	2671	1489	n
7882932	2671	1489	n
7883183	2671	1489	n
7883434	2671	1490	n
7883689	2672	1488	n
7883940	2671	1488	n
7894337	2671	1489	n
7894590	2668	1488	n
7894845	2671	1488	n
7895096	2672	1489	n
7895347	2672	1488	n
7895604	2671	1489	n
7895859	2671	1488	n
7906223	2671	1488	n
7906474	2672	1488	n
7906730	2671	1488	n
7906981	2671	1488	n
7907232	2671	1488	n
7907483	2670	1488	n
7917884	2671	1489	n
7918135	2671	1488	n
7918386	2671	1488	n
7918643	2671	1489	n
7918894	2669	1488	n
7919145	2670	1489	n
7919396	2670	1488	n
7929773	2671	1488	n
7930024	2671	1488	n
7930275	2670	1488	n
7930533	2671	1488	n
7930788	2669	1488	n
7931039	2671	1488	n
7941430	2671	1488	n
7941685	2671	1488	n
7941936	2669	1488	n
7942187	2671	1488	n
7942438	2670	1488	n
7942693	2671	1489	n
7942944	2671	1488	n
7953315	2671	1488	n
7953569	2672	1489	n
7953824	2671	1489	n
7954075	2671	1489	n
7954326	2671	1488	n
7954580	2671	1488	n
7964976	2671	1488	n
7965227	2671	1490	n
7965478	2672	1490	n
7965734	2671	1489	n
7965985	2672	1488	n
7966235	2672	1488	n
7966486	2671	1489	n
7976861	2671	1489	n
7977112	2670	1488	n
7977363	2670	1488	n
7977618	2671	1489	n
7977873	2669	1489	n
7978124	2671	1489	n
7988526	2671	1489	n
7989006	2671	1488	n
7989265	2670	1488	n
7989543	2672	1488	n
7989799	2672	1489	n
7990050	2671	1488	n
7990310	2672	1489	n
8000732	2671	1489	n
8001208	2672	1490	n
8001459	2671	1488	n
8001715	2670	1490	n
8001997	2672	1489	n
8002248	2672	1488	n
8002501	2671	1488	n
8012914	2672	1488	Time:00:00:00:00;;
8013644	2670	1488	n
8013895	2671	1489	n
8014146	2669	1488	n
8014406	2671	1488	n
8014689	2669	1488	n
8025075	2671	1488	n
8025554	2671	1488	n
8025817	2670	1488	n
8026091	2671	1489	n
8026342	2671	1488	n
8026598	2671	1488	n
8036995	2671	1489	n
8037508	2672	1490	n
8037764	2671	1488	n
8038015	2671	1488	n
8038274	2672	1489	n
8038553	2671	1489	n
8038808	2672	1488	n
8049191	2672	1490	n
8049683	2671	1488	n
8049959	2672	1489	n
8050210	2671	1489	n
8050461	2671	1490	n
8050725	2672	1488	n
8050999	2671	1488	n
8061386	2671	1488	Time:00:00:00:00;;
8062089	2671	1489	n
8062371	2671	1488	n
8062624	2672	1488	n
8062879	2672	1488	n
8073255	2670	1489	n
8073748	2672	1490	n
8074022	2671	1488	n
8074273	2671	1488	n
8074529	2671	1488	n
8074791	2672	1488	n
8075064	2672	1490	n
8085467	2671	1489	n
8085948	2670	1488	n
8086208	2672	1488	n
8086482	2672	1488	n
8086737	2672	1489	n
8086988	2671	1488	n
8087248	2672	1488	n
8097668	2671	1488	n
8098145	2671	1490	n
8098396	2670	1489	n
8098662	2672	1488	n
8098935	2671	1488	n
8099186	2671	1488	n
8099437	2672	1489	n
8109859	2671	1489	n
8110372	2670	1488	n
8110625	2670	1488	n
8110880	2670	1488	n
8111140	2671	1490	n
8111413	2671	1488	n
8121779	2672	1488	n
8122256	2672	1488	n
8122519	2671	1489	n
8122797	2672	1488	n
8123048	2672	1490	n
8123299	2671	1488	n
8123560	2671	1488	n
8133984	2671	1489	n
8134460	2670	1488	n
8134716	2672	1488	n
8134967	2672	1488	n
8135248	2671	1488	n
8135505	2672	1488	n
8135760	2672	1488	n
8146170	2669	1488	n
8146689	2670	1488	n
8146940	2671	1488	n
8147191	2670	1488	n
8147442	2671	1488	n
8147729	2672	1488	n
8158090	2671	1489	n
8158578	2672	1488	n
8158833	2671	1489	n
8159092	2671	1488	n
8159366	2671	1489	n
8159622	2669	1488	n
8159877	2669	1488	n
8170286	2669	1488	n
8170803	2672	1488	n
8171054	2671	1488	n
8171305	2672	1489	n
8171569	2672	1489	n
8171853	2671	1488	n
8172104	2672	1488	n
8182481	2671	1490	n
8182971	2670	1488	n
8183244	2671	1488	n
8183496	2671	1488	n
8183752	2672	1489	n
8184011	2671	1488	n
8194453	2671	1488	n
8194942	2671	1489	n
8195193	2670	1488	n
8195453	2671	1489	n
8195735	2671	1488	n
8195985	2671	1490	n
8196237	2670	1488	n
8206600	2671	1488	n
8207114	2670	1488	n
8207365	2669	1488	n
8207622	2670	1488	n
8207877	2669	1488	n
8208159	2670	1488	n
8208410	2671	1488	n
8218798	2671	1488	Time:00:00:00:00;;
8219353	2670	1488	n
8219607	2672	1489	n
8219862	2671	1489	n
8220113	2672	1488	n
8230489	2671	1489	n
8230748	2671	1489	n
8230999	2670	1489	n
8231250	2672	1489	n
8231505	2672	1488	n
8231761	2671	1488	n
8232012	2672	1489	n
8242391	2671	1488	n
8242647	2671	1488	n
8242898	2669	1488	n
8243149	2672	1488	n
8243400	2671	1488	n
8243658	2671	1488	n
8254035	2670	1489	n
8254286	2671	1489	n
8254539	2672	1489	n
8254793	2672	1489	n
8255044	2672	1488	n
8255295	2670	1488	n
8255550	2671	1488	n
8265937	2671	1488	n
8266188	2672	1489	n
8266439	2672	1490	n
8266695	2672	1489	n
8266945	2671	1489	n
8267197	2670	1489	n
8277581	2672	1489	n
8277836	2669	1488	n
8278087	2671	1488	n
8278338	2669	1489	n
8278595	2670	1488	n
8278850	2670	1488	n
8279101	2669	1488	n
8289484	2670	1488	n
8289740	2671	1489	n
8289991	2671	1489	n
8290242	2671	1488	n
8290494	2670	1488	n
8290750	2669	1488	n
8301128	2671	1488	n
8301379	2672	1488	n
8301640	2671	1488	n
8301891	2672	1489	n
8302142	2671	1488	n
8302393	2671	1489	n
8302653	2671	1488	n
8313030	2672	1489	n
8313281	2671	1488	n
8313535	2671	1488	n
8313789	2672	1488	n
8314040	2672	1490	n
8314291	2672	1488	n
8324678	2671	1489	n
8324929	2671	1489	n
8325180	2672	1488	n
8325431	2671	1490	n
8325686	2671	1488	n
8325937	2671	1489	n
8326188	2672	1489	n
8336580	2671	1489	n
8336835	2672	1489	n
8337086	2671	1490	n
8337337	2672	1489	n
8337590	2672	1488	n
8337846	2672	1488	n
8348220	2671	1490	n
8348471	2672	1488	n
8348726	2672	1489	n
8348977	2672	1488	n
8349228	2672	1489	n
8349479	2672	1489	n
8349734	2671	1489	n
8360122	2671	1489	n
8360373	2672	1489	n
8360630	2672	1488	n
8360885	2671	1489	n
8361136	2671	1489	n
8361387	2671	1489	n
8371766	2672	1489	n
8372017	2671	1488	n
8372268	2672	1489	n
8372521	2671	1488	n
8372777	2671	1488	n
8373028	2672	1488	n
8373279	2672	1488	n
8383673	2672	1488	n
8383924	2669	1488	n
8384175	2671	1489	n
8384426	2670	1488	n
8384682	2671	1489	n
8384933	2671	1489	n
8395313	2672	1490	n
8395569	2672	1489	n
8395825	2672	1489	n
8396076	2671	1488	n
8396327	2672	1488	n
8396580	2671	1489	n
8396836	2672	1488	n
8407215	2672	1489	n
8407466	2671	1489	n
8407721	2671	1488	n
8407972	2670	1490	n
8408223	2671	1488	n
8408474	2672	1488	n
8418859	2669	1489	n
8419110	2672	1488	n
8419361	2669	1488	n
8419615	2671	1488	n
8419870	2669	1488	n
8420121	2670	1488	n
8420372	2671	1488	n
8430763	2669	1488	n
8431014	2670	1488	n
8431266	2671	1488	n
8431519	2670	1488	n
8431774	2669	1488	n
8432025	2670	1490	n
8442405	2671	1489	n
8442663	2671	1489	n
8442914	2672	1488	n
8443165	2671	1488	n
8443416	2671	1488	n
8443673	2672	1488	n
8443924	2671	1488	n
8454307	2671	1488	n
8454563	2672	1489	n
8454818	2672	1488	n
8455069	2672	1488	n
8455320	2670	1488	n
8455573	2672	1490	n
8465951	2672	1488	n
8466202	2671	1489	n
8466453	2671	1488	n
8466713	2671	1488	n
8466964	2670	1488	n
8467215	2671	1489	n
8467466	2671	1489	n
8477854	2671	1490	n
8478105	2671	1488	n
8478356	2672	1489	n
8478612	2672	1489	n
8478867	2672	1488	n
8479118	2671	1489	n
8489501	2670	1488	n
8489756	2670	1488	n
8490007	2672	1489	n
8490258	2670	1488	n
8490513	2671	1488	n
8490768	2671	1488	n
8491019	2672	1488	n
8501400	2672	1489	n
8501658	2670	1489	n
8501909	2672	1488	n
8502160	2671	1490	n
8502411	2672	1489	n
8502671	2670	1488	n
8513044	2670	1488	n
8513295	2671	1488	n
8513549	2670	1488	n
8513804	2671	1489	n
8514055	2671	1488	n
8514306	2670	1488	n
8514563	2670	1488	n
8524946	2672	1488	n
8525197	2671	1489	n
8525448	2671	1488	n
8525705	2672	1488	n
8525956	2671	1489	n
8526207	2671	1489	n
8536590	2672	1489	n
8536846	2672	1489	n
8537097	2672	1489	n
8537348	2671	1490	n
8537604	2672	1488	n
8537859	2672	1488	n
8538110	2672	1489	n
8548492	2672	1488	n
8548748	2670	1489	n
8548999	2670	1489	n
8549250	2670	1488	n
8549505	2672	1489	n
8549760	2665	1488	n
8560136	2671	1488	n
8560387	2670	1488	n
8560644	2672	1488	n
8560895	2670	1490	n
8561146	2671	1488	n
8561397	2671	1488	n
8561653	2672	1489	n
8572039	2671	1488	n
8572290	2670	1488	n
8572546	2669	1488	n
8572801	2672	1488	n
8573052	2671	1488	n
8573303	2672	1488	n
8583683	2672	1488	n
8583934	2672	1488	n
8584185	2672	1488	n
8584436	2672	1490	n
8584691	2672	1489	n
8584942	2672	1488	n
8585193	2672	1489	n
8595587	2672	1489	n
8595841	2670	1488	n
8596092	2671	1489	n
8596343	2671	1489	n
8596598	2670	1488	n
8596853	2672	1490	n
8607229	2672	1488	n
8607480	2672	1489	n
8607735	2672	1489	n
8607986	2672	1488	n
8608237	2671	1489	n
8608488	2671	1488	n
8608748	2671	1489	n
8619131	2670	1488	n
8619382	2671	1488	n
8619643	2671	1488	n
8619894	2672	1488	n
8620145	2672	1490	n
8620396	2672	1488	n
8630775	2672	1489	n
8631026	2671	1488	n
8631277	2670	1488	n
8631532	2669	1488	n
8631788	2672	1488	n
8632039	2671	1488	n
8632289	2670	1488	n
8642681	2671	1489	n
8642932	2672	1488	n
8643183	2671	1488	n
8643434	2671	1490	n
8643690	2671	1489	n
8643941	2672	1489	n
8654321	2672	1489	n
8654578	2673	1489	n
8654833	2672	1490	n
8655084	2672	1488	n
8655335	2672	1489	n
8655588	2671	1489	n
8655843	2672	1489	n
8666224	2672	1488	n
8666475	2673	1490	n
8666730	2672	1489	n
8666981	2672	1489	n
8667232	2670	1491	n
8667483	2672	1489	n
8677868	2671	1488	n
8678119	2671	1488	n
8678370	2670	1488	n
8678623	2670	1489	n
8678878	2671	1488	n
8679129	2670	1488	n
8679380	2671	1488	n
8689770	2672	1488	n
8690021	2671	1488	n
8690271	2671	1490	n
8690526	2671	1488	n
8690782	2671	1488	n
8691033	2672	1489	n
8701414	2672	1489	n
8701671	2672	1488	n
8701922	2672	1489	n
8702173	2672	1488	n
8702424	2672	1489	n
8702679	2672	1489	n
8702930	2672	1488	n
8713316	2672	1489	n
8713569	2671	1489	n
8713824	2671	1489	n
8714075	2671	1489	n
8714326	2671	1488	n
8714580	2672	1490	n
8724960	2672	1488	n
8725211	2671	1489	n
8725462	2670	1489	n
8725717	2671	1489	n
8725968	2671	1488	n
8726219	2670	1488	n
8726470	2671	1488	n
8736862	2671	1488	n
8737113	2671	1488	n
8737364	2670	1489	n
8737618	2672	1489	n
8737873	2671	1488	n
8738124	2672	1488	n
8748512	2672	1490	n
8748768	2672	1488	n
8749019	2671	1489	n
8749270	2671	1490	n
8749527	2670	1490	n
8749782	2672	1489	n
8750033	2671	1488	n
8760409	2670	1488	n
8760667	2672	1489	n
8760918	2671	1488	n
8761169	2671	1488	n
8761420	2671	1489	n
8761676	2672	1489	n
8772053	2672	1489	n
8772304	2672	1489	n
8772561	2672	1489	n
8772816	2671	1489	n
8773067	2671	1488	n
8773318	2672	1488	n
8773571	2670	1489	n
8783955	2672	1488	n
8784206	2672	1488	n
8784457	2671	1488	n
8784713	2672	1488	n
8784964	2670	1488	n
8785215	2671	1488	n
8795599	2672	1488	n
8795854	2672	1488	n
8796105	2672	1490	n
8796356	2671	1489	n
8796612	2672	1489	n
8796867	2672	1489	n
8797118	2671	1491	n
8807505	2670	1488	n
8807760	2672	1488	n
8808011	2669	1491	n
8808262	2671	1489	n
8808519	2670	1488	n
8808774	2672	1488	n
8819145	2670	1488	n
8819396	2670	1488	n
8819653	2671	1489	n
8819904	2671	1489	n
8820155	2671	1488	n
8820406	2671	1489	n
8820667	2672	1489	n
8831047	2671	1488	n
8831298	2672	1488	n
8831552	2672	1489	n
8831807	2672	1488	n
8832058	2671	1488	n
8832309	2671	1488	n
8842691	2672	1489	n
8842942	2672	1488	n
8843193	2672	1490	n
8843444	2672	1488	n
8843700	2671	1488	n
8843951	2671	1489	n
8844202	2672	1488	n
8854597	2671	1489	n
8854852	2671	1488	n
8855103	2670	1488	n
8855354	2671	1488	n
8855607	2672	1488	n
8855862	2670	1488	n
8866238	2670	1488	n
8866489	2670	1489	n
8866748	2671	1488	n
8866999	2670	1490	n
8867250	2671	1488	n
8867505	2672	1488	n
8867761	2671	1489	n
8878140	2672	1488	n
8878391	2671	1488	n
8878647	2672	1488	n
8878898	2672	1489	n
8879149	2672	1488	n
8879400	2671	1489	n
8889784	2672	1488	n
8890035	2671	1489	n
8890286	2672	1488	n
8890539	2672	1489	n
8890793	2671	1488	n
8891044	2671	1489	n
8891295	2670	1488	n
8901690	2672	1489	n
8901941	2672	1489	n
8902192	2672	1488	n
8902443	2671	1488	n
8902699	2672	1489	n
8902950	2671	1488	n
8913330	2672	1488	n
8913587	2672	1488	n
8913842	2672	1491	n
8914093	2672	1489	n
8914344	2672	1489	n
8914598	2672	1490	n
8914853	2672	1488	n
8925232	2672	1490	n
8925483	2671	1491	n
8925738	2672	1490	n
8925989	2672	1489	n
8926240	2672	1490	n
8926492	2672	1489	n
8936876	2671	1488	n
8937127	2672	1490	n
8937378	2672	1490	n
8937636	2671	1489	n
8937887	2672	1490	n
8938137	2672	1489	n
8938388	2672	1489	n
8948779	2672	1489	n
8949030	2671	1488	n
8949281	2671	1488	n
8949535	2672	1490	n
8949789	2671	1488	n
8950040	2671	1489	n
8960423	2672	1489	n
8960678	2671	1490	n
8960929	2672	1489	n
8961180	2670	1489	n
8961431	2671	1489	n
8961686	2672	1488	n
8961937	2672	1488	n
8972325	2672	1488	n
8972580	2671	1489	n
8972835	2672	1489	n
8973086	2670	1488	n
8973337	2672	1488	n
8973590	2671	1488	n
8983969	2672	1488	n
8984363	2671	1489	n
8984618	2672	1488	n
8984873	2672	1488	n
8985133	2672	1488	n
8985407	2670	1488	n
8985666	2672	1488	n
8996027	2671	1489	n
8996508	2671	1488	n
8996794	2670	1489	n
8997045	2671	1488	n
8997296	2671	1488	n
8997553	2672	1488	n
8997839	2672	1488	n
9008239	2671	1488	Time:00:00:00:00;;
9008937	2672	1488	n
9009197	2672	1489	n
9009470	2671	1489	n
9009726	2671	1488	n
9009977	2671	1489	n
9020400	2671	1489	n
9020915	2672	1489	n
9021166	2672	1491	n
9021417	2672	1488	n
9021682	2672	1489	n
9021955	2671	1489	n
9032372	2671	1488	n
9032854	2671	1488	n
9033113	2672	1488	n
9033387	2671	1489	n
9033645	2672	1488	n
9033896	2672	1490	n
9034155	2672	1488	n
9044587	2671	1488	n
9045068	2671	1488	n
9045319	2671	1488	n
9045584	2672	1488	n
9045862	2671	1488	n
9046113	2671	1488	n
9046364	2672	1489	n
9056798	2672	1488	n
9057307	2672	1488	n
9057563	2672	1488	n
9057818	2672	1489	n
9058078	2672	1488	n
9058351	2671	1490	n
9068753	2671	1489	Time:00:00:00:00;;
9069454	2672	1489	n
9069735	2672	1489	n
9069986	2671	1489	n
9070237	2672	1489	n
9070501	2672	1489	n
9080934	2671	1488	n
9081411	2671	1488	n
9081671	2671	1488	n
9081931	2671	1490	n
9082204	2672	1489	n
9082455	2672	1489	n
9082712	2671	1488	n
9093075	2672	1488	n
9093587	2670	1488	n
9093842	2672	1488	n
9094093	2671	1488	n
9094344	2672	1488	n
9094630	2671	1489	n
9094885	2671	1488	n
9105270	2672	1488	n
9105756	2672	1489	n
9106016	2672	1490	n
9106296	2672	1491	n
9106553	2672	1490	n
9106808	2672	1490	n
9117225	2670	1489	n
9117741	2670	1489	n
9117992	2670	1488	n
9118243	2670	1489	n
9118508	2671	1488	n
9118787	2671	1488	n
9119038	2670	1488	n
9129437	2672	1489	n
9129927	2672	1490	n
9130201	2669	1489	n
9130452	2670	1488	n
9130712	2671	1488	n
9130972	2672	1488	n
9131246	2671	1489	n
9141656	2672	1489	n
9142131	2671	1488	n
9142390	2672	1489	n
9142672	2671	1488	n
9142923	2672	1490	n
9143174	2672	1490	n
9143434	2672	1491	n
9153838	2672	1490	n
9154320	2670	1488	n
9154573	2672	1488	n
9154836	2670	1489	n
9155110	2672	1489	n
9155360	2672	1490	n
9165749	2671	1489	n
9166227	2671	1488	n
9166515	2672	1489	n
9166770	2672	1488	n
9167021	2672	1488	n
9167272	2672	1488	n
9167556	2672	1489	n
9177945	2671	1489	n
9178426	2671	1488	n
9178681	2671	1488	n
9178963	2671	1488	n
9179214	2672	1488	n
9179465	2671	1490	n
9179720	2671	1490	n
9190140	2672	1489	n
9190643	2672	1489	n
9190894	2672	1490	n
9191145	2672	1489	n
9191427	2672	1488	n
9191682	2672	1489	n
9202060	2672	1488	n
9202539	2671	1489	n
9202802	2672	1489	n
9203076	2672	1490	n
9203326	2670	1489	n
9203580	2671	1489	n
9203843	2671	1488	n
9214256	2672	1488	Time:00:00:00:00;;
9214910	2669	1489	n
9215161	2671	1488	n
9215412	2671	1488	n
9215672	2671	1489	n
9215923	2672	1488	n
9226279	2672	1489	n
9226536	2672	1490	n
9226791	2672	1488	n
9227042	2672	1489	n
9227293	2671	1489	n
9227550	2671	1488	n
9237940	2671	1488	n
9238191	2671	1490	n
9238442	2672	1489	n
9238698	2671	1489	n
9238949	2672	1489	n
9239200	2672	1490	n
9239451	2671	1488	n
9249825	2672	1489	n
9250076	2671	1488	n
9250327	2671	1489	n
9250584	2672	1488	n
9250839	2672	1488	n
9251090	2672	1488	n
9261486	2672	1488	n
9261742	2672	1489	n
9261994	2671	1489	n
9262245	2671	1488	n
9262501	2671	1488	n
9262757	2671	1488	n
9263008	2672	1488	n
9273371	2672	1489	n
9273624	2672	1489	n
9273879	2671	1488	n
9274130	2671	1489	n
9274381	2671	1490	n
9274640	2672	1489	n
9285032	2672	1488	n
9285283	2669	1489	n
9285536	2672	1489	n
9285792	2671	1489	n
9286043	2671	1490	n
9286294	2672	1489	n
9286549	2672	1489	n
9296918	2671	1488	n
9297169	2672	1488	n
9297420	2672	1488	n
9297676	2672	1488	n
9297927	2670	1489	n
9298178	2671	1488	n
9308583	2671	1489	n
9308838	2672	1489	n
9309089	2671	1489	n
9309340	2670	1489	n
9309595	2670	1488	n
9309850	2670	1488	n
9310101	2672	1489	n
9320464	2670	1489	n
9320719	2672	1489	n
9320970	2670	1489	n
9321221	2672	1489	n
9321472	2672	1488	n
9321727	2672	1489	n
9332125	2672	1490	n
9332376	2672	1488	n
9332636	2672	1489	n
9332886	2672	1488	n
9333137	2672	1489	n
9333388	2672	1489	n
9333646	2672	1489	n
9344010	2672	1488	n
9344261	2672	1489	n
9344515	2671	1488	n
9344771	2671	1489	n
9345022	2670	1489	n
9345273	2671	1488	n
9355676	2672	1489	n
9355927	2672	1489	n
9356178	2672	1488	n
9356429	2672	1491	n
9356684	2671	1489	n
9356935	2671	1488	n
9357186	2671	1489	n
9367560	2672	1489	n
9367815	2672	1489	n
9368066	2671	1490	n
9368317	2672	1489	n
9368570	2672	1488	n
9368825	2671	1489	n
9379217	2672	1488	n
9379468	2670	1490	n
9379723	2672	1489	n
9379974	2671	1489	n
9380225	2672	1488	n
9380476	2672	1489	n
9380732	2666	1488	n
9391103	2671	1489	n
9391354	2672	1488	n
9391607	2672	1488	n
9391862	2670	1488	n
9392113	2671	1490	n
9392364	2671	1488	n
9402764	2670	1489	n
9403015	2671	1489	n
9403266	2671	1490	n
9403519	2672	1488	n
9403774	2671	1488	n
9404025	2671	1489	n
9404276	2671	1488	n
9414656	2672	1489	n
9414907	2671	1488	n
9415158	2672	1488	n
9415409	2672	1489	n
9415667	2672	1489	n
9415918	2671	1488	n
9426310	2671	1487	n
9426567	2672	1488	n
9426822	2669	1488	n
9427073	2671	1488	n
9427324	2672	1488	n
9427580	2672	1488	n
9427835	2671	1488	n
9438195	2672	1488	n
9438446	2671	1488	n
9438705	2672	1488	n
9438956	2672	1488	n
9439207	2671	1489	n
9439458	2669	1488	n
9449856	2671	1488	n
9450107	2671	1490	n
9450358	2672	1488	n
9450614	2671	1488	n
9450869	2671	1488	n
9451120	2672	1488	n
9451371	2671	1488	n
9461746	2671	1490	n
9461997	2671	1489	n
9462248	2672	1490	n
9462501	2671	1488	n
9462756	2672	1489	n
9463007	2672	1488	n
9473402	2671	1488	n
9473662	2671	1488	n
9473913	2672	1488	n
9474164	2670	1488	n
9474415	2671	1488	n
9474672	2669	1489	n
9474923	2671	1488	n
9485288	2672	1488	n
9485543	2672	1489	n
9485798	2671	1488	n
9486049	2671	1488	n
9486300	2671	1489	n
9486554	2672	1488	n
9496949	2671	1488	n
9497200	2672	1488	n
9497451	2671	1489	n
9497712	2671	1489	n
9497963	2671	1489	n
9498214	2672	1489	n
9498465	2672	1489	n
9508834	2672	1490	n
9509085	2672	1489	n
9509336	2672	1490	n
9509590	2672	1489	n
9509845	2672	1490	n
9510096	2671	1489	n
9520501	2672	1488	n
9520757	2670	1488	n
9521008	2671	1489	n
9521259	2672	1488	n
9521515	2671	1489	n
9521770	2671	1488	n
9522021	2672	1488	n
9532380	2672	1488	n
9532639	2672	1489	n
9532890	2671	1489	n
9533141	2672	1488	n
9533392	2671	1488	n
9533653	2672	1489	n
9544041	2672	1489	n
9544292	2672	1490	n
9544546	2672	1489	n
9544801	2672	1490	n
9545052	2672	1488	n
9545303	2671	1488	n
9545556	2672	1489	n
9555926	2672	1490	n
9556177	2672	1489	n
9556428	2672	1488	n
9556684	2672	1489	n
9556934	2672	1489	n
9557186	2671	1489	n
9567587	2671	1488	n
9567843	2672	1489	n
9568094	2671	1489	n
9568345	2670	1489	n
9568602	2671	1488	n
9568857	2671	1490	n
9569108	2671	1489	n
9579473	2672	1489	n
9579729	2672	1488	n
9579980	2672	1488	n
9580230	2672	1488	n
9580481	2672	1488	n
9580736	2671	1489	n
9591134	2672	1488	n
9591385	2672	1489	n
9591642	2670	1488	n
9591893	2672	1489	n
9592144	2672	1488	n
9592395	2672	1489	n
9592653	2672	1489	n
9603019	2669	1489	n
9603270	2672	1489	n
9603526	2671	1489	n
9603782	2672	1488	n
9604032	2671	1489	n
9604283	2671	1489	n
9614684	2671	1489	n
9614936	2671	1488	n
9615187	2672	1489	n
9615438	2671	1488	n
9615693	2672	1488	n
9615944	2670	1488	n
9616195	2669	1490	n
9626569	2672	1488	n
9626824	2672	1489	n
9627075	2671	1490	n
9627326	2671	1490	n
9627580	2672	1489	n
9627835	2672	1488	n
9638226	2672	1489	n
9638477	2673	1488	n
9638733	2672	1490	n
9638984	2672	1490	n
9639235	2672	1490	n
9639486	2672	1490	n
9639743	2672	1489	n
9650111	2671	1488	n
9650362	2671	1489	n
9650619	2671	1489	n
9650874	2670	1488	n
9651125	2670	1489	n
9651376	2672	1493	n
9661772	2670	1489	n
9662023	2672	1489	n
9662274	2670	1489	n
9662529	2671	1489	n
9662784	2672	1488	n
9663035	2671	1489	n
9663286	2670	1488	n
9673662	2672	1491	n
9673913	2672	1489	n
9674164	2672	1489	n
9674415	2672	1490	n
9674672	2672	1490	n
9674923	2672	1488	n
9685319	2672	1489	n
9685572	2672	1490	n
9685827	2672	1489	n
9686078	2672	1490	n
9686329	2672	1488	n
9686584	2672	1491	n
9686840	2672	1491	n
9697204	2672	1488	n
9697455	2671	1488	n
9697712	2672	1489	n
9697963	2672	1489	n
9698214	2672	1491	n
9698465	2672	1489	n
9708865	2671	1488	n
9709116	2671	1488	n
9709367	2672	1488	n
9709621	2672	1489	n
9709876	2671	1488	n
9710127	2671	1488	n
9710378	2672	1489	n
9720754	2671	1488	n
9721005	2672	1489	n
9721256	2671	1489	n
9721513	2671	1488	n
9721768	2671	1489	n
9722019	2672	1488	n
9732411	2671	1488	n
9732671	2672	1489	n
9732922	2672	1489	n
9733173	2672	1488	n
9733424	2671	1489	n
9733680	2672	1488	n
9733931	2671	1488	n
9744296	2670	1488	n
9744552	2671	1488	n
9744808	2672	1488	n
9745059	2671	1489	n
9745310	2671	1488	n
9745567	2670	1488	n
9755957	2671	1488	n
9756208	2671	1489	n
9756459	2669	1489	n
9756715	2671	1488	n
9756966	2671	1488	n
9757217	2671	1488	n
9757468	2670	1488	n
9767843	2671	1489	n
9768094	2672	1489	n
9768345	2672	1489	n
9768600	2672	1489	n
9768856	2672	1489	n
9769107	2672	1489	n
9779508	2670	1488	n
9779763	2671	1488	n
9780014	2668	1488	n
9780265	2671	1488	n
9780518	2671	1488	n
9780773	2671	1489	n
9781024	2670	1488	n
9791389	2671	1488	n
9791646	2671	1488	n
9791897	2671	1488	n
9792148	2671	1489	n
9792399	2671	1488	n
9792658	2671	1488	n
9803050	2672	1489	n
9803301	2672	1490	n
9803554	2671	1490	n
9803810	2672	1489	n
9804060	2672	1489	n
9804311	2672	1488	n
9804566	2672	1488	n
9814935	2671	1488	n
9815186	2672	1488	n
9815437	2671	1490	n
9815693	2671	1488	n
9815944	2672	1488	n
9816195	2672	1489	n
9826596	2671	1488	n
9826851	2672	1488	n
9827102	2671	1488	n
9827353	2668	1488	n
9827607	2672	1488	n
9827862	2671	1488	n
9828113	2671	1488	n
9838481	2671	1488	n
9838736	2671	1488	n
9838987	2671	1489	n
9839238	2671	1488	n
9839489	2671	1488	n
9839748	2670	1490	n
9850142	2671	1488	n
9850393	2670	1488	n
9850653	2672	1489	n
9850904	2671	1489	n
9851155	2671	1488	n
9851406	2671	1488	n
9851667	2671	1489	n
9862028	2672	1491	n
9862279	2672	1489	n
9862535	2673	1490	n
9862791	2672	1489	n
9863042	2672	1489	n
9863293	2672	1490	n
9873693	2670	1488	n
9873944	2672	1488	n
9874195	2672	1489	n
9874446	2672	1488	n
9874705	2672	1488	n
9874956	2672	1491	n
9875207	2671	1489	n
9885580	2672	1490	n
9885835	2672	1488	n
9886086	2671	1488	n
9886337	2672	1489	n
9886590	2670	1488	n
9886845	2671	1488	n
9897235	2672	1490	n
9897486	2671	1489	n
9897742	2671	1490	n
9897994	2672	1488	n
9898245	2671	1489	n
9898501	2672	1491	n
9898756	2672	1488	n
9909120	2672	1489	n
9909371	2672	1490	n
9909624	2672	1489	n
9909879	2672	1490	n
9910130	2671	1488	n
9910381	2671	1488	n
9920781	2672	1488	n
9921032	2672	1489	n
9921283	2672	1489	n
9921536	2671	1489	n
9921792	2672	1490	n
9922042	2672	1488	n
9922293	2672	1488	n
9932671	2672	1489	n
9932921	2672	1490	n
9933172	2672	1489	n
9933423	2672	1489	n
9933679	2670	1489	n
9933930	2672	1489	n
9944327	2671	1489	n
9944584	2672	1489	n
9944840	2671	1488	n
9945091	2671	1490	n
9945342	2672	1489	n
9945598	2672	1489	n
9945853	2672	1489	n
9956213	2670	1488	n
9956464	2669	1488	n
9956719	2671	1488	n
9956970	2670	1489	n
9957221	2671	1489	n
9957472	2672	1488	n
9967874	2672	1489	n
9968125	2672	1488	n
9968376	2671	1489	n
9968636	2671	1488	n
9968887	2671	1489	n
9969138	2671	1489	n
9969388	2672	1489	n
9979764	2671	1488	n
9980046	2672	1489	n
9980319	2672	1489	n
9980572	2672	1490	n
9980827	2671	1489	n
9981087	2672	1489	n
9991512	2672	1490	n
9991993	2672	1489	n
9992244	2672	1489	n
9992509	2671	1489	n
9992787	2672	1489	n
9993038	2671	1489	n
9993289	2672	1488	n
10003706	2671	1489	Time:00:00:00:00;;
10004428	2672	1488	n
10004684	2672	1489	n
10004944	2671	1488	n
10005217	2672	1489	n
10005468	2671	1489	n
10015898	2671	1489	n
10016384	2671	1489	n
10016666	2671	1490	n
10016917	2671	1489	n
10017168	2672	1489	n
10017428	2672	1489	n
10027860	2671	1490	n
10028336	2672	1489	n
10028590	2672	1489	n
10028854	2672	1488	n
10029127	2672	1488	n
10029379	2672	1490	n
10039806	2671	1489	n
10040292	2672	1490	n
10040569	2671	1489	n
10040824	2672	1488	n
10041075	2672	1488	n
10041335	2671	1488	n
10041615	2670	1490	n
10052036	2672	1489	n
10052518	2672	1489	n
10052782	2672	1488	n
10053055	2671	1488	n
10053307	2672	1488	n
10053563	2670	1489	n
10063991	2671	1488	Time:00:00:00:00;;
10064722	2671	1489	n
10064973	2672	1489	n
10065224	2671	1490	n
10065512	2671	1488	n
10065768	2672	1488	n
10076186	2672	1490	n
10076673	2672	1488	n
10076955	2671	1489	n
10077206	2672	1489	n
10077457	2671	1490	n
10077714	2671	1488	n
10088141	2671	1489	n
10088629	2671	1488	n
10088885	2671	1488	n
10089136	2672	1488	n
10089418	2671	1488	n
10089674	2670	1488	n
10100095	2671	1488	n
10100577	2671	1488	n
10100861	2670	1488	n
10101113	2671	1488	n
10101364	2670	1488	n
10101619	2671	1488	n
10101905	2670	1488	n
10112325	2672	1489	n
10112814	2671	1488	n
10113065	2672	1488	n
10113347	2671	1489	n
10113604	2672	1488	n
10113859	2672	1488	n
10124280	2672	1490	n
10124796	2672	1489	n
10125047	2672	1488	n
10125298	2671	1489	n
10125552	2671	1489	n
10125837	2672	1488	n
10136217	2672	1489	n
10136701	2672	1489	n
10136953	2672	1489	n
10137212	2673	1489	n
10137486	2671	1488	n
10137743	2671	1488	n
10137994	2672	1488	n
10148378	2671	1488	n
10148895	2672	1488	n
10149146	2672	1489	n
10149397	2671	1488	n
10149667	2671	1489	n
10149941	2671	1490	n
10160332	2672	1489	n
10160821	2672	1489	n
10161081	2672	1489	n
10161355	2672	1488	n
10161612	2672	1488	n
10161868	2672	1489	n
10172269	2671	1488	n
10172790	2672	1489	n
10173041	2672	1490	n
10173292	2672	1489	n
10173558	2672	1488	n
10173836	2672	1488	n
10174087	2672	1490	n
10184518	2671	1488	n
10185010	2672	1488	n
10185283	2672	1489	n
10185536	2672	1488	n
10185792	2672	1489	n
10186052	2672	1491	n
10196479	2671	1488	n
10196965	2672	1488	n
10197216	2671	1488	n
10197476	2672	1488	n
10197753	2669	1489	n
10198005	2672	1489	n
10208391	2672	1488	n
10208877	2672	1489	n
10209159	2671	1488	n
10209410	2671	1489	n
10209671	2672	1489	n
10209922	2670	1488	n
10210204	2671	1490	n
10220572	2671	1488	Time:00:00:00:00;;
10221087	2672	1488	n
10221338	2671	1488	n
10221595	2669	1490	n
10221850	2672	1488	n
10232230	2671	1488	n
10232481	2672	1489	n
10232737	2672	1489	n
10232988	2671	1489	n
10233239	2671	1489	n
10233491	2672	1489	n
10243874	2672	1491	n
10244125	2672	1490	n
10244376	2671	1490	n
10244634	2672	1489	n
10244885	2672	1489	n
10245137	2672	1489	n
10255553	2672	1488	n
10255808	2672	1489	n
10256059	2672	1489	n
10256311	2672	1489	n
10256566	2672	1488	n
10256821	2672	1489	n
10257073	2672	1488	n
10267489	2671	1488	n
10267748	2670	1489	n
10267999	2670	1488	n
10268250	2671	1488	n
10268505	2671	1488	n
10268760	2671	1489	n
10279133	2670	1488	n
10279384	2671	1488	n
10279642	2670	1488	n
10279893	2671	1488	n
10280144	2672	1489	n
10280396	2671	1489	n
10290829	2672	1490	n
10291080	2672	1490	n
10291331	2671	1490	n
10291587	2672	1488	n
10291842	2672	1489	n
10292093	2672	1489	n
10302529	2672	1489	n
10302785	2671	1490	n
10303036	2672	1490	n
10303287	2672	1488	n
10303544	2672	1488	n
10303800	2671	1489	n
10314220	2672	1489	n
10314471	2672	1488	n
10314727	2671	1489	n
10314978	2669	1489	n
10315229	2672	1488	n
10315481	2672	1488	n
10315736	2670	1489	n
10326139	2670	1488	n
10326391	2671	1489	n
10326647	2672	1490	n
10326898	2672	1488	n
10327149	2670	1489	n
10327400	2672	1488	n
10337787	2671	1489	n
10338038	2672	1489	n
10338290	2670	1488	n
10338546	2672	1488	n
10338801	2672	1489	n
10339052	2671	1488	n
10349409	2672	1488	n
10349667	2672	1488	n
10349919	2671	1491	n
10350170	2671	1489	n
10350421	2672	1488	n
10350676	2671	1489	n
10361036	2670	1489	n
10361287	2672	1489	n
10361544	2671	1488	n
10361799	2672	1488	n
10362051	2671	1489	n
10362302	2671	1488	n
10372731	2672	1489	n
10372982	2671	1489	n
10373233	2670	1488	n
10373485	2671	1489	n
10373741	2671	1488	n
10373992	2671	1488	n
10384358	2672	1489	n
10384614	2669	1489	n
10384869	2669	1489	n
10385121	2671	1489	n
10385372	2672	1488	n
10385625	2672	1490	n
10385880	2671	1490	n
10396260	2672	1488	n
10396515	2670	1489	n
10396770	2671	1488	n
10397021	2670	1489	n
10397273	2671	1488	n
10397529	2671	1488	n
10407904	2671	1488	n
10408155	2671	1488	n
10408407	2671	1488	n
10408666	2669	1488	n
10408917	2669	1488	n
10409169	2671	1489	n
10419552	2672	1489	n
10419808	2671	1488	n
10420059	2672	1489	n
10420310	2672	1488	n
10420567	2671	1488	n
10420822	2671	1488	n
10431244	2672	1488	n
10431496	2672	1488	n
10431752	2672	1488	n
10432003	2672	1489	n
10432254	2671	1490	n
10432508	2671	1488	n
10442939	2669	1488	n
10443190	2670	1489	n
10443442	2669	1488	n
10443698	2670	1488	n
10443949	2669	1488	n
10444200	2671	1488	n
10454566	2671	1489	n
10454821	2672	1490	n
10455072	2672	1488	n
10455324	2670	1488	n
10455580	2671	1488	n
10455835	2671	1488	n
10456087	2669	1488	n
10466468	2672	1489	n
10466724	2671	1489	n
10466975	2672	1488	n
10467226	2672	1489	n
10467478	2672	1489	n
10467734	2671	1489	n
10478111	2672	1488	n
10478363	2671	1488	n
10478618	2672	1489	n
10478873	2672	1488	n
10479124	2672	1489	n
10479376	2672	1489	n
10489760	2671	1488	n
10490011	2672	1488	n
10490262	2671	1488	n
10490518	2670	1488	n
10490774	2671	1488	n
10491025	2670	1489	n
10501451	2671	1488	n
10501708	2672	1488	n
10501959	2672	1488	n
10502210	2672	1488	n
10502461	2669	1488	n
10502717	2672	1488	n
10513146	2672	1489	n
10513397	2672	1489	n
10513658	2672	1489	n
10513909	2671	1488	n
10514160	2672	1488	n
10514412	2672	1488	n
10524773	2672	1489	n
10525024	2672	1490	n
10525276	2671	1489	n
10525532	2671	1488	n
10525788	2672	1488	n
10526039	2672	1488	n
10526290	2671	1489	n
10536680	2670	1489	n
10536931	2672	1489	n
10537182	2671	1490	n
10537433	2671	1490	n
10537688	2672	1488	n
10537939	2670	1488	n
10548319	2672	1489	n
10548572	2672	1488	n
10548828	2671	1489	n
10549079	2671	1488	n
10549330	2671	1489	n
10549587	2672	1488	n
10559963	2672	1489	n
10560214	2672	1488	n
10560465	2670	1490	n
10560721	2672	1490	n
10560972	2671	1489	n
10561223	2672	1489	n
10571663	2672	1488	n
10571914	2672	1488	n
10572165	2672	1489	n
10572417	2671	1488	n
10572673	2672	1488	n
10572924	2671	1490	n
10583354	2672	1489	n
10583607	2672	1489	n
10583863	2671	1488	n
10584114	2671	1488	n
10584365	2671	1488	n
10584622	2671	1488	n
10595050	2670	1488	n
10595301	2671	1488	n
10595555	2671	1489	n
10595811	2670	1488	n
10596062	2670	1489	n
10596313	2671	1488	n
10596570	2672	1488	n
10606969	2672	1488	n
10607221	2671	1488	n
10607472	2672	1488	n
10607727	2671	1489	n
10607979	2671	1489	n
10608230	2672	1488	n
10618619	2672	1492	n
10618874	2671	1488	n
10619125	2671	1489	n
10619376	2671	1488	n
10619634	2671	1488	n
10619886	2671	1488	n
10630309	2671	1489	n
10630563	2672	1488	n
10630819	2671	1489	n
10631070	2671	1488	n
10631321	2672	1488	n
10631578	2671	1488	n
10641952	2671	1488	n
10642203	2672	1488	n
10642454	2670	1489	n
10642712	2672	1488	n
10642963	2672	1488	n
10643214	2672	1489	n
10653651	2671	1489	n
10653902	2672	1489	n
10654153	2671	1491	n
10654405	2672	1489	n
10654662	2671	1489	n
10654913	2672	1489	n
10665326	2672	1489	n
10665580	2671	1488	n
10665836	2671	1489	n
10666087	2672	1488	n
10666338	2671	1489	n
10666595	2671	1489	n
10666850	2671	1489	n
10677263	2672	1489	n
10677518	2671	1488	n
10677773	2671	1489	n
10678025	2672	1488	n
10678276	2669	1490	n
10678533	2671	1489	n
10688906	2672	1489	n
10689157	2672	1490	n
10689408	2672	1490	n
10689667	2671	1489	n
10689918	2671	1489	n
10690169	2672	1489	n
10700604	2672	1489	n
10700859	2672	1488	n
10701110	2671	1488	n
10701361	2672	1489	n
10701619	2673	1489	n
10701874	2672	1489	n
10712297	2671	1488	n
10712552	2671	1488	n
10712807	2672	1488	n
10713058	2671	1488	n
10713310	2672	1489	n
10713567	2671	1490	n
10723941	2672	1489	n
10724192	2671	1489	n
10724443	2669	1488	n
10724700	2672	1488	n
10724951	2672	1488	n
10725202	2671	1489	n
10735620	2672	1490	n
10735875	2670	1488	n
10736126	2672	1490	n
10736377	2671	1489	n
10736636	2671	1491	n
10736887	2672	1488	n
10737138	2672	1489	n
10747560	2672	1490	n
10747815	2672	1489	n
10748066	2670	1489	n
10748318	2672	1488	n
10748571	2671	1489	n
10748826	2671	1489	n
10759200	2670	1488	n
10759451	2671	1489	n
10759712	2670	1488	n
10759964	2671	1489	n
10760215	2671	1488	n
10760466	2670	1488	n
10770896	2671	1489	n
10771147	2671	1488	n
10771398	2672	1489	n
10771658	2672	1488	n
10771909	2672	1488	n
10772160	2671	1488	n
10782591	2672	1488	n
10782847	2671	1488	n
10783098	2671	1488	n
10783349	2672	1488	n
10783604	2671	1489	n
10783859	2670	1488	n
10794218	2671	1489	n
10794469	2671	1489	n
10794725	2670	1490	n
10794976	2669	1489	n
10795227	2672	1489	n
10795478	2672	1488	n
10795733	2671	1488	n
10806120	2671	1488	n
10806372	2672	1489	n
10806625	2672	1489	n
10806880	2672	1489	n
10807131	2672	1488	n
10807382	2672	1488	n
10817769	2672	1489	n
10818020	2672	1488	n
10818271	2671	1489	n
10818526	2671	1489	n
10818782	2670	1488	n
10819033	2671	1488	n
10829408	2671	1489	n
10829667	2672	1489	n
10829918	2672	1488	n
10830169	2672	1489	n
10830420	2672	1488	n
10830676	2671	1488	n
10841104	2669	1489	n
10841355	2672	1489	n
10841612	2672	1489	n
10841867	2670	1489	n
10842118	2672	1489	n
10842370	2671	1488	n
10852799	2671	1488	n
10853050	2670	1488	n
10853302	2671	1488	n
10853555	2672	1488	n
10853810	2670	1489	n
10854062	2671	1488	n
10864425	2671	1488	n
10864681	2671	1489	n
10864932	2671	1489	n
10865183	2671	1488	n
10865434	2671	1490	n
10865690	2671	1489	n
10865941	2672	1488	n
10876328	2672	1490	n
10876583	2671	1489	n
10876839	2672	1488	n
10877090	2672	1489	n
10877342	2671	1489	n
10877598	2671	1489	n
10887971	2672	1489	n
10888222	2671	1488	n
10888474	2672	1489	n
10888729	2670	1488	n
10888980	2669	1488	n
10889232	2671	1489	n
10899619	2671	1489	n
10899874	2672	1489	n
10900125	2671	1490	n
10900376	2670	1489	n
10900636	2671	1488	n
10900887	2670	1489	n
10911311	2672	1488	n
10911566	2672	1489	n
10911821	2672	1488	n
10912072	2672	1488	n
10912324	2672	1489	n
10912580	2672	1489	n
10923006	2672	1488	n
10923257	2672	1489	n
10923512	2672	1489	n
10923768	2672	1490	n
10924019	2671	1489	n
10924270	2671	1489	n
10934637	2672	1490	n
10934888	2671	1489	n
10935139	2672	1489	n
10935391	2671	1489	n
10935647	2671	1488	n
10935898	2671	1488	n
10936150	2672	1488	n
10946538	2672	1488	n
10946793	2672	1489	n
10947045	2672	1489	n
10947296	2671	1489	n
10947553	2670	1488	n
10947808	2672	1490	n
10958179	2671	1490	n
10958431	2671	1490	n
10958686	2672	1490	n
10958937	2672	1489	n
10959188	2672	1490	n
10959440	2672	1490	n
10969823	2672	1489	n
10970074	2672	1489	n
10970325	2672	1490	n
10970580	2670	1488	n
10970835	2669	1488	n
10971086	2671	1488	n
10981521	2672	1489	n
10981843	2672	1489	n
10982103	2672	1489	n
10982376	2672	1489	n
10982636	2671	1489	n
10982887	2671	1488	n
10993300	2673	1489	n
10993818	2672	1489	n
10994069	2672	1489	n
10994320	2672	1489	n
10994584	2671	1489	n
10994862	2672	1489	n
10995113	2672	1488	n
11005535	2672	1488	Time:00:00:00:00;;
11006239	2671	1488	n
11006518	2672	1489	n
11006774	2672	1489	n
11007033	2672	1488	n
11017459	2669	1488	n
11017941	2670	1488	n
11018192	2671	1488	n
11018452	2671	1488	n
11018735	2671	1488	n
11018986	2672	1490	n
11019237	2671	1489	n
11029598	2671	1489	n
11030108	2670	1488	n
11030360	2670	1488	n
11030614	2670	1488	n
11030870	2671	1489	n
11031152	2671	1488	n
11041569	2672	1488	n
11042050	2671	1490	n
11042301	2671	1489	n
11042587	2672	1489	n
11042842	2671	1489	n
11043093	2672	1488	n
11053508	2672	1488	n
11054023	2671	1488	n
11054275	2672	1488	n
11054529	2672	1488	n
11054785	2672	1489	n
11055067	2671	1488	n
11055318	2671	1489	n
11065738	2671	1489	Time:00:00:00:00;;
11066438	2670	1489	n
11066716	2672	1489	n
11066968	2672	1489	n
11067219	2670	1488	n
11077587	2675	1489	n
11078100	2671	1489	n
11078351	2672	1489	n
11078604	2672	1489	n
11078869	2671	1490	n
11079142	2672	1489	n
11089509	2672	1488	n
11089989	2672	1489	n
11090240	2672	1489	n
11090526	2671	1489	n
11090782	2672	1488	n
11091033	2671	1488	n
11091284	2672	1490	n
11101711	2672	1489	n
11102188	2672	1489	n
11102439	2672	1488	n
11102695	2672	1489	n
11102978	2667	1489	n
11103229	2670	1488	n
11113641	2671	1488	n
11114123	2671	1488	n
11114406	2671	1489	n
11114667	2672	1489	n
11114919	2671	1490	n
11115170	2671	1488	n
11125647	2672	1489	n
11126133	2672	1489	n
11126384	2671	1489	n
11126642	2671	1488	n
11126925	2672	1489	n
11127176	2672	1488	n
11127427	2671	1488	n
11137838	2672	1490	n
11138345	2672	1489	n
11138600	2672	1489	n
11138856	2672	1489	n
11139107	2672	1489	n
11139389	2672	1488	n
11149757	2671	1488	n
11150235	2672	1488	n
11150486	2670	1488	n
11150749	2671	1489	n
11151023	2672	1488	n
11151274	2672	1489	n
11161695	2672	1488	n
11162187	2672	1488	n
11162460	2669	1489	n
11162716	2672	1488	n
11162967	2671	1488	n
11163227	2671	1489	n
11163505	2672	1488	n
11173890	2671	1489	n
11174373	2672	1489	n
11174642	2672	1488	n
11174916	2671	1489	n
11175167	2672	1489	n
11175418	2671	1488	n
11185810	2671	1488	n
11186320	2672	1488	n
11186573	2672	1489	n
11186828	2672	1488	n
11187088	2672	1489	n
11187362	2671	1488	n
11197748	2671	1489	n
11198229	2671	1488	n
11198480	2672	1489	n
11198768	2672	1488	n
11199019	2672	1489	n
11199270	2671	1490	n
11199526	2671	1490	n
11209943	2671	1489	n
11210428	2670	1489	n
11210684	2671	1489	n
11210935	2671	1489	Time:00:00:00:00;;
11211431	2671	1491	n
11221828	2672	1490	n
11222102	2672	1490	n
11222353	2672	1488	n
11222607	2672	1488	n
11222862	2672	1489	n
11223113	2672	1489	n
11223364	2672	1488	n
11233753	2671	1491	n
11234004	2671	1488	n
11234255	2672	1489	n
11234512	2672	1489	n
11234768	2671	1488	n
11235019	2672	1488	n
11245391	2671	1490	n
11245648	2671	1488	n
11245899	2672	1490	n
11246150	2670	1488	n
11246401	2671	1488	n
11246663	2672	1490	n
11257087	2671	1488	n
11257338	2671	1488	n
11257595	2671	1488	n
11257850	2670	1488	n
11258102	2672	1488	n
11258353	2671	1488	n
11268735	2672	1490	n
11268986	2672	1489	n
11269237	2672	1490	n
11269489	2671	1490	n
11269748	2671	1488	n
11269999	2672	1491	n
11280426	2673	1489	n
11280682	2672	1488	n
11280933	2671	1488	n
11281184	2671	1488	n
11281435	2670	1489	n
11281691	2670	1488	n
11292105	2671	1490	n
11292356	2672	1488	n
11292612	2672	1489	n
11292867	2672	1489	n
11293118	2671	1489	n
11293369	2672	1489	n
11293622	2671	1488	n
11304041	2671	1489	n
11304292	2671	1489	n
11304549	2672	1488	n
11304804	2672	1488	n
11305056	2671	1488	n
11305307	2672	1489	n
11315690	2671	1490	n
11315941	2671	1489	n
11316192	2672	1489	n
11316443	2672	1489	n
11316699	2672	1488	n
11316950	2672	1488	n
11327381	2671	1488	n
11327640	2672	1488	n
11327891	2671	1489	n
11328142	2672	1489	n
11328393	2671	1489	n
11328653	2672	1489	n
11339076	2672	1489	n
11339327	2671	1489	n
11339584	2672	1489	n
11339840	2672	1488	n
11340091	2671	1489	n
11340342	2670	1489	n
11350722	2672	1489	n
11350974	2672	1491	n
11351225	2672	1489	n
11351476	2673	1489	n
11351731	2672	1490	n
11351982	2672	1488	n
11362399	2672	1488	n
11362658	2672	1489	n
11362910	2672	1491	n
11363161	2672	1490	n
11363412	2672	1488	n
11363673	2672	1489	n
11363924	2672	1488	n
11374335	2671	1488	n
11374589	2671	1488	n
11374845	2670	1488	n
11375096	2672	1488	n
11375347	2671	1489	n
11375604	2671	1488	n
11385979	2671	1488	n
11386230	2671	1488	n
11386481	2672	1488	n
11386737	2671	1488	n
11386988	2671	1489	n
11387239	2671	1490	n
11397679	2671	1488	n
11397930	2671	1489	n
11398181	2671	1488	n
11398433	2671	1491	n
11398688	2670	1489	n
11398939	2670	1488	n
11409370	2672	1489	n
11409624	2672	1488	n
11409879	2672	1490	n
11410130	2672	1488	n
11410381	2672	1489	n
11410640	2671	1489	n
11420997	2671	1488	n
11421248	2672	1488	n
11421506	2671	1490	n
11421761	2672	1489	n
11422012	2672	1488	n
11422263	2672	1488	n
11422518	2671	1488	n
11432899	2672	1490	n
11433151	2672	1490	n
11433402	2672	1488	n
11433662	2672	1489	n
11433913	2671	1490	n
11434165	2671	1489	n
11444549	2671	1488	n
11444804	2672	1489	n
11445056	2672	1488	n
11445307	2670	1488	n
11445563	2672	1489	n
11445819	2672	1488	n
11456186	2672	1490	n
11456437	2672	1490	n
11456693	2672	1488	n
11456944	2672	1489	n
11457195	2671	1489	n
11457446	2671	1488	n
11467882	2672	1489	n
11468133	2671	1488	n
11468384	2672	1489	n
11468642	2671	1489	n
11468893	2671	1490	n
11469144	2672	1489	n
11479581	2672	1490	n
11479837	2672	1489	n
11480088	2672	1488	n
11480339	2672	1489	n
11480595	2672	1488	n
11480850	2671	1488	n
11491273	2672	1489	n
11491529	2672	1489	n
11491785	2672	1489	n
11492036	2673	1490	n
11492287	2672	1490	n
11492543	2672	1490	n
11492798	2672	1489	n
11503193	2671	1489	n
11503444	2672	1489	n
11503705	2671	1488	n
11503956	2669	1488	n
11504207	2671	1489	n
11504458	2669	1489	n
11514836	2671	1489	n
11515088	2672	1488	n
11515339	2672	1489	n
11515595	2671	1488	n
11515850	2671	1488	n
11516101	2671	1489	n
11526463	2671	1488	n
11526719	2672	1490	n
11526970	2671	1489	n
11527221	2672	1488	n
11527472	2674	1489	n
11527728	2672	1489	n
11538090	2672	1488	n
11538341	2672	1491	n
11538597	2672	1490	n
11538853	2672	1489	n
11539104	2671	1489	n
11539355	2672	1488	n
11549785	2672	1488	n
11550036	2671	1488	n
11550288	2672	1489	n
11550543	2672	1488	n
11550799	2672	1489	n
11551050	2671	1489	n
11561412	2672	1489	n
11561671	2672	1489	n
11561923	2672	1488	n
11562174	2672	1488	n
11562425	2671	1488	n
11562681	2672	1488	n
11562932	2672	1488	n
11573314	2672	1489	n
11573569	2673	1489	n
11573824	2672	1490	n
11574075	2672	1489	n
11574326	2672	1489	n
11574580	2671	1489	n
11584958	2672	1489	n
11585209	2671	1488	n
11585461	2671	1489	n
11585716	2671	1489	n
11585967	2670	1489	n
11586218	2671	1488	n
11596603	2672	1488	n
11596859	2671	1490	n
11597110	2671	1488	n
11597361	2671	1488	n
11597615	2672	1488	n
11597870	2670	1488	n
11608297	2670	1488	n
11608552	2671	1489	n
11608808	2672	1489	n
11609059	2670	1489	n
11609310	2672	1488	n
11609567	2671	1488	n
11619992	2671	1489	n
11620243	2672	1490	n
11620496	2672	1488	n
11620751	2672	1489	n
11621003	2672	1489	n
11621254	2672	1489	n
11631619	2672	1490	n
11631874	2671	1491	n
11632126	2672	1489	n
11632377	2671	1489	n
11632634	2671	1489	n
11632886	2672	1489	n
11633137	2671	1488	n
11643526	2672	1490	n
11643781	2672	1488	n
11644033	2672	1490	n
11644284	2671	1490	n
11644537	2672	1489	n
11644793	2671	1489	n
11655165	2672	1489	n
11655417	2671	1488	n
11655673	2672	1488	n
11655924	2672	1488	n
11656175	2672	1489	n
11656426	2672	1488	n
11666809	2672	1489	n
11667060	2672	1490	n
11667311	2672	1490	n
11667566	2672	1488	n
11667821	2672	1489	n
11668073	2672	1488	n
11678508	2671	1488	n
11678763	2672	1490	n
11679014	2670	1487	n
11679266	2671	1488	n
11679519	2669	1488	n
11679774	2671	1490	n
11690200	2672	1489	n
11690451	2671	1489	n
11690712	2672	1488	n
11690963	2672	1488	n
11691214	2672	1490	n
11691465	2671	1488	n
11701827	2672	1491	n
11702078	2672	1488	n
11702330	2671	1489	n
11702584	2672	1489	n
11702840	2672	1489	n
11703091	2672	1488	n
11703342	2672	1489	n
11713733	2672	1490	n
11713985	2672	1488	n
11714236	2671	1488	n
11714487	2672	1488	n
11714743	2672	1489	n
11714994	2672	1489	n
11725373	2672	1488	n
11725629	2671	1488	n
11725884	2671	1489	n
11726135	2671	1489	n
11726386	2671	1488	n
11726644	2672	1488	n
11737016	2672	1489	n
11737267	2671	1488	n
11737521	2670	1488	n
11737776	2671	1488	n
11738028	2672	1490	n
11738279	2670	1489	n
11748716	2672	1489	n
11748967	2672	1489	n
11749219	2671	1489	n
11749470	2672	1489	n
11749725	2672	1490	n
11749976	2672	1488	n
11760407	2672	1490	n
11760666	2672	1490	n
11760917	2672	1489	n
11761168	2671	1489	n
11761419	2672	1488	n
11761675	2672	1489	n
11772034	2672	1488	n
11772285	2670	1488	n
11772538	2670	1489	n
11772793	2672	1488	n
11773045	2672	1488	n
11773296	2672	1488	n
11773553	2671	1489	n
11783936	2672	1488	n
11784188	2672	1490	n
11784439	2672	1489	n
11784695	2672	1488	n
11784946	2672	1489	n
11785197	2671	1488	n
11795584	2671	1489	n
11795840	2672	1488	n
11796091	2672	1488	n
11796342	2672	1488	n
11796597	2671	1490	n
11796852	2672	1489	n
11807224	2672	1488	n
11807475	2673	1488	n
11807731	2672	1488	n
11807982	2672	1489	n
11808234	2672	1489	n
11808485	2672	1490	n
11818920	2672	1488	n
11819171	2672	1489	n
11819422	2672	1488	n
11819678	2671	1490	n
11819929	2671	1488	n
11820180	2672	1489	n
11830615	2672	1488	n
11830870	2672	1489	n
11831122	2672	1488	n
11831373	2672	1488	n
11831630	2671	1488	n
11831886	2670	1488	n
11842311	2672	1489	n
11842566	2672	1488	n
11842821	2671	1489	n
11843072	2672	1488	n
11843323	2672	1489	n
11843580	2672	1488	n
11843835	2672	1488	n
11854230	2672	1489	n
11854482	2672	1489	n
11854737	2671	1488	n
11854988	2671	1489	n
11855239	2671	1488	n
11855491	2670	1488	n
11865874	2672	1491	n
11866125	2672	1489	n
11866377	2672	1488	n
11866634	2671	1488	n
11866886	2671	1489	n
11867137	2672	1488	n
11877505	2671	1489	n
11877760	2671	1488	n
11878011	2672	1488	n
11878262	2671	1489	n
11878518	2672	1488	n
11878774	2672	1490	n
11889214	2672	1490	n
11889465	2672	1491	n
11889720	2673	1490	n
11889971	2672	1488	n
11890223	2672	1489	n
11890474	2672	1489	n
11900909	2670	1489	n
11901160	2670	1489	n
11901411	2672	1489	n
11901671	2672	1489	n
11901923	2670	1488	n
11902174	2671	1489	n
11912588	2671	1490	n
11912844	2671	1489	n
11913095	2672	1488	n
11913346	2671	1488	n
11913601	2671	1489	n
11913856	2672	1488	n
11914107	2672	1488	n
11924529	2671	1488	n
11924785	2672	1488	n
11925036	2672	1489	n
11925287	2672	1489	n
11925543	2672	1489	n
11925799	2672	1489	n
11936168	2671	1488	n
11936419	2672	1490	n
11936675	2672	1489	n
11936926	2672	1490	n
11937177	2671	1490	n
11937429	2671	1490	n
11947864	2672	1489	n
11948115	2671	1488	n
11948366	2672	1488	n
11948621	2671	1488	n
11948876	2671	1488	n
11949127	2671	1488	n
11959490	2672	1488	n
11959748	2671	1489	n
11959999	2671	1489	n
11960250	2672	1489	n
11960505	2672	1488	n
11960761	2672	1489	n
11971202	2672	1489	n
11971453	2671	1490	n
11971712	2672	1490	n
11971964	2672	1489	n
11972215	2672	1488	n
11972466	2672	1490	n
11982881	2672	1488	n
11983252	2673	1490	n
11983508	2672	1490	n
11983764	2672	1490	n
11984015	2672	1489	n
11984297	2672	1489	n
11984552	2672	1489	n
11994990	2672	1489	n
11995468	2672	1489	n
11995754	2671	1490	n
11996005	2672	1488	n
11996256	2672	1489	n
11996513	2672	1488	n
12006928	2672	1488	Time:00:00:00:00;;
12007637	2672	1490	n
12007889	2672	1490	n
12008148	2672	1491	n
12008421	2671	1489	n
12008677	2672	1489	n
12019054	2672	1489	n
12019546	2671	1489	n
12019823	2672	1488	n
12020074	2672	1489	n
12020326	2672	1489	n
12020588	2672	1488	n
12031018	2670	1490	n
12031494	2671	1488	n
12031750	2672	1488	n
12032010	2672	1488	n
12032283	2671	1489	n
12032537	2672	1488	n
12042945	2671	1488	n
12043431	2672	1489	n
12043710	2672	1491	n
12043962	2671	1489	n
12044213	2671	1489	n
12044473	2672	1489	n
12044751	2670	1488	n
12055106	2671	1488	n
12055587	2671	1488	n
12055842	2670	1489	n
12056124	2671	1489	n
12056375	2670	1488	n
12056636	2671	1488	n
12067061	2672	1489	Time:00:00:00:00;;
12067794	2672	1491	n
12068045	2672	1489	n
12068297	2671	1488	n
12068561	2672	1489	n
12068838	2672	1489	n
12079256	2672	1489	n
12079741	2672	1490	n
12080001	2672	1491	n
12080274	2671	1488	n
12080529	2671	1488	n
12080785	2671	1489	n
12091211	2672	1490	n
12091727	2671	1488	n
12091978	2670	1488	n
12092229	2671	1489	n
12092489	2671	1489	n
12092770	2672	1488	n
12103165	2672	1489	n
12103648	2672	1489	n
12103908	2671	1489	n
12104181	2671	1489	n
12104433	2672	1490	n
12104688	2671	1489	n
12104948	2669	1489	n
12115404	2672	1488	n
12115894	2672	1490	n
12116145	2672	1488	n
12116405	2672	1489	n
12116690	2671	1489	n
12116941	2672	1488	n
12127350	2671	1488	n
12127842	2671	1489	n
12128116	2672	1489	n
12128367	2670	1488	n
12128621	2670	1488	n
12128885	2671	1488	n
12139287	2672	1490	n
12139771	2672	1490	n
12140022	2671	1488	n
12140282	2671	1488	n
12140560	2671	1488	n
12140816	2671	1488	n
12141067	2671	1489	n
12151448	2671	1489	n
12151962	2671	1488	n
12152214	2671	1488	n
12152465	2670	1488	n
12152720	2672	1489	n
12153009	2672	1489	n
12163402	2671	1488	n
12163888	2672	1490	n
12164139	2672	1489	n
12164421	2672	1488	n
12164677	2671	1488	n
12164928	2672	1488	n
12175339	2671	1491	n
12175861	2672	1489	n
12176112	2672	1490	n
12176363	2672	1490	n
12176618	2672	1489	n
12176905	2671	1489	n
12177156	2672	1490	n
12187588	2672	1491	n
12188072	2672	1489	n
12188354	2672	1489	n
12188607	2671	1489	n
12188862	2672	1490	n
12189113	2672	1490	n
12199546	2672	1488	n
12200041	2672	1491	n
12200292	2672	1491	n
12200550	2672	1488	n
12200834	2672	1489	n
12201085	2671	1489	n
12211461	2671	1489	Time:00:00:00:00;;
12212165	2672	1488	n
12212439	2671	1491	n
12212694	2671	1489	n
12212946	2672	1489	n
12213197	2672	1489	n
12223607	2672	1488	n
12223862	2672	1488	n
12224113	2672	1489	n
12224365	2672	1489	n
12224622	2672	1489	n
12224877	2672	1488	n
12235300	2672	1489	n
12235553	2672	1491	n
12235809	2672	1488	n
12236060	2672	1488	n
12236311	2672	1489	n
12236566	2672	1490	n
12246944	2672	1489	n
12247195	2672	1490	n
12247446	2672	1490	n
12247705	2671	1488	n
12247956	2671	1489	n
12248207	2671	1489	n
12258623	2672	1490	n
12258878	2672	1489	n
12259129	2671	1489	n
12259381	2672	1488	n
12259640	2672	1490	n
12259891	2672	1488	n
12260142	2671	1489	n
12270562	2672	1488	n
12270818	2672	1489	n
12271069	2671	1488	n
12271320	2671	1488	n
12271573	2672	1489	n
12271828	2671	1490	n
12282203	2672	1489	n
12282454	2671	1489	n
12282712	2672	1488	n
12282963	2672	1488	n
12283215	2672	1489	n
12283466	2670	1489	n
12293899	2672	1489	n
12294150	2672	1489	n
12294401	2672	1489	n
12294659	2672	1489	n
12294910	2671	1489	n
12295161	2672	1489	n
12305594	2671	1489	n
12305850	2672	1489	n
12306101	2671	1490	n
12306352	2671	1490	n
12306605	2672	1489	n
12306860	2670	1489	n
12317220	2672	1489	n
12317471	2673	1491	n
12317727	2672	1488	n
12317978	2672	1489	n
12318229	2672	1490	n
12318481	2672	1488	n
12318736	2671	1488	n
12329123	2672	1491	n
12329375	2672	1489	n
12329636	2672	1489	n
12329887	2672	1489	n
12330138	2672	1489	n
12330389	2671	1489	n
12340771	2672	1488	n
12341022	2672	1488	n
12341273	2671	1489	n
12341529	2671	1489	n
12341785	2670	1488	n
12342036	2672	1489	n
12352410	2671	1489	n
12352671	2671	1488	n
12352922	2670	1489	n
12353173	2671	1489	n
12353424	2670	1488	n
12353680	2671	1489	n
12364106	2671	1488	n
12364357	2671	1488	n
12364612	2672	1489	n
12364867	2672	1489	n
12365118	2671	1489	n
12365369	2672	1488	n
12375801	2672	1490	n
12376052	2672	1489	n
12376304	2672	1489	n
12376561	2672	1491	n
12376816	2672	1490	n
12377067	2672	1488	n
12387428	2672	1490	n
12387684	2672	1490	n
12387935	2672	1490	n
12388186	2672	1489	n
12388437	2670	1490	n
12388692	2672	1488	n
12388944	2671	1489	n
12399330	2670	1489	n
12399587	2671	1489	n
12399842	2671	1489	n
12400093	2672	1488	n
12400344	2671	1489	n
12400601	2672	1489	n
12410974	2672	1488	n
12411225	2671	1489	n
12411477	2672	1489	n
12411732	2672	1489	n
12411984	2671	1488	n
12412235	2672	1490	n
12422621	2672	1489	n
12422877	2672	1489	n
12423128	2671	1489	n
12423379	2672	1488	n
12423640	2671	1489	n
12423892	2672	1489	n
12434314	2672	1489	n
12434569	2671	1488	n
12434824	2671	1488	n
12435075	2671	1488	n
12435326	2671	1490	n
12435581	2672	1489	n
12446009	2672	1488	n
12446260	2671	1488	n
12446515	2672	1489	n
12446770	2671	1489	n
12447022	2672	1489	n
12447273	2672	1489	n
12457640	2672	1488	n
12457891	2671	1489	n
12458142	2672	1490	n
12458393	2671	1489	n
12458653	2672	1488	n
12458904	2672	1489	n
12459155	2672	1489	n
12469543	2672	1488	n
12469799	2673	1489	n
12470050	2672	1490	n
12470301	2672	1488	n
12470555	2671	1488	n
12470810	2672	1489	n
12481181	2670	1488	n
12481433	2670	1490	n
12481688	2672	1489	n
12481939	2671	1489	n
12482190	2672	1489	n
12482442	2671	1488	n
12492825	2671	1489	n
12493076	2671	1488	n
12493328	2670	1489	n
12493585	2671	1488	n
12493840	2671	1488	n
12494092	2671	1488	n
12504527	2672	1489	n
12504782	2672	1489	n
12505033	2672	1488	n
12505285	2671	1489	n
12505538	2671	1490	n
12505793	2672	1488	n
12516216	2672	1489	n
12516467	2671	1489	n
12516723	2672	1488	n
12516974	2671	1488	n
12517225	2669	1488	n
12517476	2672	1488	n
12527843	2671	1489	n
12528094	2671	1488	n
12528346	2671	1488	n
12528600	2671	1489	n
12528856	2671	1488	n
12529107	2672	1488	n
12529358	2672	1489	n
12539750	2672	1489	n
12540001	2672	1488	n
12540252	2671	1488	n
12540508	2673	1490	n
12540764	2672	1488	n
12541015	2671	1488	n
12551389	2671	1489	n
12551646	2671	1489	n
12551897	2672	1489	n
12552149	2672	1489	n
12552400	2672	1489	n
12552658	2672	1488	n
12563033	2671	1488	n
12563284	2672	1488	n
12563538	2671	1489	n
12563793	2672	1489	n
12564045	2672	1490	n
12564296	2672	1489	n
12574733	2671	1488	n
12574984	2672	1488	n
12575236	2671	1488	n
12575487	2670	1489	n
12575743	2671	1488	n
12575994	2672	1489	n
12586424	2672	1489	n
12586679	2672	1489	n
12586931	2673	1489	n
12587182	2672	1489	n
12587433	2672	1493	n
12587688	2672	1489	n
12598050	2672	1489	n
12598301	2672	1489	n
12598555	2672	1489	n
12598810	2670	1488	n
12599061	2672	1489	n
12599312	2672	1490	n
12599570	2671	1488	n
12609953	2672	1490	n
12610205	2672	1488	n
12610456	2670	1488	n
12610712	2671	1490	n
12610963	2672	1490	n
12611214	2672	1488	n
12621600	2671	1489	n
12621856	2672	1489	n
12622107	2672	1489	n
12622358	2671	1488	n
12622615	2672	1490	n
12622870	2672	1489	n
12633240	2672	1490	n
12633492	2672	1489	n
12633748	2672	1490	n
12633999	2672	1490	n
12634250	2671	1489	n
12634506	2672	1489	n
12644936	2672	1489	n
12645187	2671	1489	n
12645438	2671	1491	n
12645694	2672	1488	n
12645945	2672	1488	n
12646196	2672	1489	n
12656634	2672	1490	n
12656886	2672	1490	n
12657137	2672	1489	n
12657388	2671	1488	n
12657645	2671	1489	n
12657896	2671	1489	n
12668258	2672	1489	n
12668515	2671	1488	n
12668771	2672	1488	n
12669022	2672	1488	n
12669273	2671	1488	n
12669529	2672	1489	n
12669785	2671	1489	n
12680160	2672	1489	n
12680412	2671	1488	n
12680671	2671	1488	n
12680922	2672	1489	n
12681174	2672	1490	n
12681425	2672	1488	n
12691804	2672	1489	n
12692055	2672	1489	n
12692307	2672	1489	n
12692563	2671	1490	n
12692818	2672	1488	n
12693069	2671	1488	n
12703448	2671	1488	n
12703705	2672	1488	n
12703956	2671	1490	n
12704207	2672	1489	n
12704458	2670	1489	n
12704715	2672	1488	n
12715144	2671	1488	n
12715395	2672	1489	n
12715653	2671	1488	n
12715904	2671	1488	n
12716155	2671	1488	n
12716406	2669	1489	n
12726839	2672	1488	n
12727090	2671	1489	n
12727341	2672	1489	n
12727598	2671	1489	n
12727853	2671	1489	n
12728104	2671	1489	n
12738465	2671	1489	n
12738721	2671	1489	n
12738972	2669	1489	n
12739223	2671	1489	n
12739474	2673	1488	n
12739730	2672	1488	n
12739981	2671	1488	n
12750368	2671	1489	n
12750622	2671	1489	n
12750877	2672	1489	n
12751128	2671	1489	n
12751379	2672	1489	n
12751640	2670	1489	n
12762011	2671	1489	n
12762262	2671	1490	n
12762518	2672	1488	n
12762773	2671	1489	n
12763025	2672	1489	n
12763276	2672	1488	n
12773660	2672	1489	n
12773911	2671	1489	n
12774162	2672	1488	n
12774413	2672	1488	n
12774671	2672	1488	n
12774922	2671	1488	n
12785351	2671	1488	n
12785604	2672	1488	n
12785859	2672	1489	n
12786110	2671	1488	n
12786361	2671	1488	n
12786619	2672	1488	n
12797046	2671	1489	n
12797297	2671	1489	n
12797552	2672	1489	n
12797807	2671	1489	n
12798059	2670	1489	n
12798310	2671	1488	n
12808678	2672	1490	n
12808929	2672	1489	n
12809180	2672	1489	n
12809431	2672	1493	n
12809687	2672	1491	n
12809938	2672	1489	n
12810189	2672	1489	n
12820580	2672	1489	n
12820835	2672	1489	n
12821086	2671	1488	n
12821337	2672	1490	n
12821590	2671	1489	n
12821845	2672	1489	n
12832219	2672	1489	n
12832471	2672	1489	n
12832726	2671	1491	n
12832977	2672	1489	n
12833229	2672	1489	n
12833480	2672	1489	n
12843863	2671	1488	n
12844114	2671	1488	n
12844365	2672	1489	n
12844621	2672	1488	n
12844877	2672	1488	n
12845128	2671	1489	n
12855562	2672	1490	n
12855818	2671	1489	n
12856069	2672	1489	n
12856320	2672	1489	n
12856573	2672	1488	n
12856828	2672	1489	n
12867254	2672	1489	n
12867508	2672	1490	n
12867764	2672	1489	n
12868015	2672	1489	n
12868266	2672	1491	n
12868519	2672	1490	n
12878880	2672	1488	n
12879131	2671	1490	n
12879382	2672	1489	n
12879643	2672	1489	n
12879894	2672	1489	n
12880145	2672	1489	n
12880396	2672	1489	n
12890787	2672	1488	n
12891038	2671	1489	n
12891290	2671	1489	n
12891546	2670	1488	n
12891801	2671	1489	n
12892052	2672	1488	n
12902426	2671	1489	n
12902682	2672	1488	n
12902933	2672	1488	n
12903184	2672	1488	n
12903435	2672	1491	n
12903691	2672	1489	n
12914070	2671	1488	n
12914321	2670	1489	n
12914577	2672	1488	n
12914832	2672	1489	n
12915084	2671	1489	n
12915335	2672	1488	n
12925766	2670	1490	n
12926017	2670	1488	n
12926268	2670	1489	n
12926521	2672	1489	n
12926777	2672	1489	n
12927028	2672	1490	n
12937461	2671	1488	n
12937717	2671	1488	n
12937968	2671	1488	n
12938219	2671	1489	n
12938470	2672	1490	n
12938725	2671	1489	n
12949088	2672	1489	n
12949339	2672	1489	n
12949595	2672	1489	n
12949850	2671	1488	n
12950101	2672	1490	n
12950352	2672	1490	n
12950606	2672	1489	n
12960990	2672	1488	n
12961242	2670	1488	n
12961494	2672	1489	n
12961750	2671	1489	n
12962001	2671	1488	n
12962252	2672	1489	n
12972642	2671	1489	n
12972894	2672	1491	n
12973145	2672	1490	n
12973396	2672	1488	n
12973653	2672	1488	n
12973904	2671	1488	n
12984278	2672	1490	n
12984673	2672	1490	n
12984924	2672	1489	n
12985207	2672	1489	n
12985458	2671	1490	n
12985715	2672	1489	n
12996129	2672	1490	n
12996643	2672	1491	n
12996894	2672	1489	n
12997145	2671	1489	n
12997396	2672	1488	n
12997690	2671	1489	n
13008049	2672	1488	Time:00:00:00:00;;
13008749	2671	1488	n
13009009	2671	1488	n
13009283	2672	1490	n
13009536	2671	1489	n
13009791	2672	1488	n
13020210	2671	1488	n
13020727	2672	1489	n
13020978	2671	1488	n
13021230	2672	1488	n
13021490	2672	1490	n
13021770	2672	1488	n
13032147	2671	1489	n
13032624	2672	1489	n
13032888	2672	1488	n
13033163	2673	1490	n
13033414	2672	1490	n
13033672	2672	1489	n
13033932	2672	1488	n
13044403	2672	1488	n
13044889	2671	1488	n
13045140	2672	1488	n
13045400	2671	1488	n
13045682	2671	1488	n
13045933	2672	1490	n
13056349	2671	1488	n
13056843	2672	1489	n
13057116	2672	1488	n
13057367	2672	1488	n
13057621	2671	1488	n
13057885	2671	1489	n
13068275	2672	1488	Time:00:00:00:00;;
13068974	2672	1488	n
13069225	2672	1489	n
13069513	2671	1488	n
13069768	2672	1488	n
13070019	2672	1488	n
13080412	2671	1488	n
13080929	2672	1489	n
13081180	2672	1488	n
13081432	2672	1492	n
13081687	2672	1488	n
13081969	2671	1489	n
13092366	2669	1488	n
13092852	2671	1489	n
13093104	2672	1489	n
13093363	2672	1488	n
13093643	2671	1488	n
13093894	2671	1488	n
13094145	2671	1488	n
13104515	2671	1489	n
13105028	2671	1489	n
13105279	2672	1488	n
13105536	2671	1488	n
13105800	2672	1489	n
13106080	2671	1489	n
13116465	2671	1488	n
13116945	2671	1488	n
13117205	2671	1489	n
13117479	2673	1488	n
13117734	2672	1489	n
13117986	2671	1491	n
13128419	2672	1489	n
13128932	2672	1488	n
13129184	2672	1488	n
13129435	2671	1490	n
13129697	2671	1489	n
13129971	2671	1489	n
13130222	2672	1488	n
13140656	2671	1489	n
13141140	2671	1488	n
13141414	2672	1488	n
13141671	2672	1488	n
13141922	2671	1488	n
13142183	2672	1489	n
13152614	2671	1488	n
13153103	2672	1488	n
13153354	2671	1488	n
13153616	2671	1488	n
13153894	2671	1488	n
13154145	2671	1488	n
13164546	2672	1490	n
13165026	2672	1489	n
13165311	2672	1488	n
13165566	2672	1489	n
13165821	2672	1489	n
13166080	2672	1488	n
13166354	2672	1489	n
13176791	2672	1489	n
13177272	2671	1490	n
13177538	2671	1489	n
13177815	2671	1489	n
13178066	2672	1488	n
13178318	2672	1489	n
13188746	2672	1489	n
13189256	2672	1488	n
13189513	2672	1488	n
13189768	2670	1489	n
13190026	2672	1488	n
13190306	2671	1488	n
13200731	2671	1489	n
13201208	2671	1488	n
13201459	2669	1488	n
13201746	2669	1488	n
13201997	2672	1489	n
13202248	2670	1488	n
13202506	2671	1488	n
13212926	2672	1488	Time:00:00:00:00;;
13213598	2672	1488	n
13213853	2672	1488	n
13214105	2671	1490	n
13214356	2671	1488	n
13224760	2672	1489	n
13225011	2671	1488	n
13225263	2671	1488	n
13225518	2669	1488	n
13225773	2672	1490	n
13226024	2670	1489	n
13236439	2672	1490	n
13236695	2671	1488	n
13236946	2671	1488	n
13237197	2672	1489	n
13237449	2671	1488	n
13237706	2671	1489	n
13237957	2672	1489	n
13248375	2672	1489	n
13248636	2672	1488	n
13248887	2672	1489	n
13249138	2672	1489	n
13249389	2672	1488	n
13249646	2672	1488	n
13260019	2672	1490	n
13260270	2671	1489	n
13260526	2671	1488	n
13260782	2672	1490	n
13261033	2671	1488	n
13261284	2672	1488	n
13271719	2671	1489	n
13271970	2671	1489	n
13272221	2671	1488	n
13272472	2672	1488	n
13272728	2671	1488	n
13272979	2671	1488	n
13283410	2671	1489	n
13283671	2672	1490	n
13283922	2672	1488	n
13284173	2671	1489	n
13284425	2672	1489	n
13284680	2672	1489	n
13295037	2672	1490	n
13295288	2672	1489	n
13295543	2672	1489	n
13295798	2672	1489	n
13296050	2672	1489	n
13296301	2672	1489	n
13296554	2672	1489	n
13306939	2672	1490	n
13307191	2672	1489	n
13307442	2671	1488	n
13307698	2671	1488	n
13307949	2671	1488	n
13308200	2672	1488	n
13318587	2671	1489	n
13318842	2672	1488	n
13319093	2669	1489	n
13319344	2670	1488	n
13319601	2671	1489	n
13319856	2671	1488	n
13330226	2669	1488	n
13330477	2671	1488	n
13330733	2670	1488	n
13330984	2671	1488	n
13331236	2671	1489	n
13331487	2671	1489	n
13341922	2671	1489	n
13342173	2672	1488	n
13342424	2672	1488	n
13342679	2672	1489	n
13342930	2672	1489	n
13343182	2671	1489	n
13353617	2672	1489	n
13353873	2672	1489	n
13354124	2672	1488	n
13354375	2671	1489	n
13354636	2672	1490	n
13354887	2672	1488	n
13365244	2671	1489	n
13365501	2671	1489	n
13365757	2670	1490	n
13366008	2670	1490	n
13366259	2671	1488	n
13366516	2670	1488	n
13366771	2670	1488	n
13377146	2670	1488	n
13377398	2670	1488	n
13377658	2669	1488	n
13377909	2671	1488	n
13378160	2670	1488	n
13378411	2671	1488	n
13388792	2670	1488	n
13389043	2671	1488	n
13389294	2672	1488	n
13389549	2671	1489	n
13389805	2670	1488	n
13390056	2671	1490	n
13400434	2670	1490	n
13400690	2669	1488	n
13400941	2670	1488	n
13401192	2666	1488	n
13401443	2671	1488	n
13401699	2667	1488	n
13412130	2672	1488	n
13412381	2670	1489	n
13412640	2671	1489	n
13412891	2670	1489	n
13413142	2671	1489	n
13413393	2671	1489	n
13423825	2671	1488	n
13424076	2670	1488	n
13424328	2672	1489	n
13424584	2671	1489	n
13424840	2671	1488	n
13425091	2672	1488	n
13435452	2672	1490	n
13435712	2672	1489	n
13435963	2672	1489	n
13436214	2671	1488	n
13436466	2671	1488	n
13436721	2671	1489	n
13436972	2672	1488	n
13447354	2671	1489	n
13447607	2671	1490	n
13447863	2671	1488	n
13448114	2672	1490	n
13448365	2671	1489	n
13448622	2671	1489	n
13458998	2671	1489	n
13459250	2671	1488	n
13459505	2672	1489	n
13459760	2672	1489	n
13460011	2672	1488	n
13460262	2671	1489	n
13470648	2672	1489	n
13470899	2671	1489	n
13471151	2672	1489	n
13471402	2670	1488	n
13471663	2671	1488	n
13471914	2672	1491	n
13482337	2672	1488	n
13482590	2672	1488	n
13482845	2671	1488	n
13483097	2672	1488	n
13483348	2672	1488	n
13483604	2672	1490	n
13494032	2671	1489	n
13494283	2672	1489	n
13494537	2671	1489	n
13494792	2672	1489	n
13495043	2671	1488	n
13495295	2671	1489	n
13505664	2671	1488	n
13505915	2672	1489	n
13506166	2672	1488	n
13506417	2671	1488	n
13506673	2671	1488	n
13506924	2672	1488	n
13507175	2672	1489	n
13517566	2671	1490	n
13517821	2671	1488	n
13518072	2672	1488	n
13518323	2670	1488	n
13518580	2671	1488	n
13518835	2672	1488	n
13529205	2672	1490	n
13529456	2671	1489	n
13529713	2672	1489	n
13529964	2672	1488	n
13530215	2672	1489	n
13530467	2672	1489	n
13540849	2672	1488	n
13541100	2671	1489	n
13541352	2672	1490	n
13541605	2671	1488	n
13541860	2671	1489	n
13542111	2671	1488	n
13552549	2671	1488	n
13552805	2672	1489	n
13553056	2671	1489	n
13553307	2672	1489	n
13553563	2672	1489	n
13553819	2671	1489	n
13564240	2672	1489	n
13564492	2671	1489	n
13564748	2672	1489	n
13564999	2672	1489	n
13565250	2672	1489	n
13565506	2672	1489	n
13575867	2670	1488	n
13576118	2670	1488	n
13576369	2671	1488	n
13576623	2670	1488	n
13576878	2670	1489	n
13577129	2671	1489	n
13577381	2669	1488	n
13587774	2671	1488	n
13588025	2672	1489	n
13588276	2671	1488	n
13588533	2672	1488	n
13588788	2672	1488	n
13589039	2671	1488	n
13599413	2672	1488	n
13599671	2672	1489	n
13599922	2672	1489	n
13600173	2671	1489	n
13600424	2671	1489	n
13600680	2672	1489	n
13611056	2672	1490	n
13611307	2671	1488	n
13611562	2671	1490	n
13611818	2671	1488	n
13612069	2672	1489	n
13612320	2671	1488	n
13622754	2670	1488	n
13623005	2669	1488	n
13623256	2670	1488	n
13623513	2669	1490	n
13623768	2669	1488	n
13624020	2671	1488	n
13634447	2672	1488	n
13634705	2671	1490	n
13634956	2670	1488	n
13635207	2670	1488	n
13635459	2671	1488	n
13635715	2672	1488	n
13646074	2671	1488	n
13646325	2672	1488	n
13646580	2672	1489	n
13646835	2670	1489	n
13647086	2671	1488	n
13647337	2671	1489	n
13647590	2671	1489	n
13657976	2672	1489	n
13658228	2670	1489	n
13658479	2672	1488	n
13658734	2671	1488	n
13658985	2671	1489	n
13659237	2672	1488	n
13669622	2671	1488	n
13669877	2671	1489	n
13670129	2670	1489	n
13670380	2671	1488	n
13670640	2671	1488	n
13670891	2672	1489	n
13681264	2671	1489	n
13681518	2672	1489	n
13681773	2671	1488	n
13682024	2671	1488	n
13682276	2672	1489	n
13682533	2671	1489	n
13692960	2671	1488	n
13693211	2671	1488	n
13693462	2671	1489	n
13693718	2671	1488	n
13693969	2671	1489	n
13694220	2672	1489	n
13704660	2672	1488	n
13704911	2672	1489	n
13705162	2672	1491	n
13705413	2672	1489	n
13705671	2672	1489	n
13705922	2672	1489	n
13716282	2672	1488	n
13716535	2672	1488	n
13716791	2671	1490	n
13717042	2671	1489	n
13717293	2671	1490	n
13717550	2671	1489	n
13717805	2670	1488	n
13728184	2671	1488	n
13728436	2671	1488	n
13728691	2672	1488	n
13728943	2671	1489	n
13729194	2672	1488	n
13729445	2672	1488	n
13739828	2672	1490	n
13740080	2672	1489	n
13740331	2672	1490	n
13740587	2672	1490	n
13740842	2671	1488	n
13741093	2671	1489	n
13751471	2672	1488	n
13751727	2672	1488	n
13751978	2671	1488	n
13752229	2672	1488	n
13752480	2672	1488	n
13752735	2670	1488	n
13763167	2671	1488	n
13763418	2672	1488	n
13763674	2672	1490	n
13763925	2672	1489	n
13764176	2671	1489	n
13764428	2671	1489	n
13774862	2672	1488	n
13775113	2672	1489	n
13775365	2669	1489	n
13775622	2672	1489	n
13775877	2671	1488	n
13776128	2671	1489	n
13786489	2671	1489	n
13786748	2670	1489	n
13786999	2672	1490	n
13787250	2672	1489	n
13787505	2672	1489	n
13787760	2672	1490	n
13788012	2672	1489	n
13798391	2670	1489	n
13798648	2672	1488	n
13798899	2670	1488	n
13799150	2670	1488	n
13799402	2671	1488	n
13799662	2672	1488	n
13810035	2671	1488	n
13810286	2672	1488	n
13810544	2671	1489	n
13810799	2671	1488	n
13811050	2671	1489	n
13811302	2671	1489	n
13821683	2672	1489	n
13821935	2672	1488	n
13822186	2672	1489	n
13822437	2671	1490	n
13822692	2672	1488	n
13822944	2671	1490	n
13833375	2672	1489	n
13833629	2672	1489	n
13833885	2672	1489	n
13834136	2672	1490	n
13834387	2672	1491	n
13834644	2672	1489	n
13845070	2671	1489	n
13845321	2671	1488	n
13845577	2672	1489	n
13845832	2671	1488	n
13846084	2669	1489	n
13846335	2672	1489	n
13856701	2671	1488	n
13856952	2671	1488	n
13857204	2671	1488	n
13857455	2669	1488	n
13857713	2671	1488	n
13857964	2671	1489	n
13858215	2671	1488	n
13868603	2672	1488	n
13868859	2671	1488	n
13869110	2672	1489	n
13869361	2672	1489	n
13869615	2671	1489	n
13869870	2671	1488	n
13880243	2672	1491	n
13880496	2671	1489	n
13880751	2672	1489	n
13881003	2672	1488	n
13881254	2672	1488	n
13881508	2672	1490	n
13891886	2672	1490	n
13892137	2671	1489	n
13892388	2672	1489	n
13892646	2672	1489	n
13892897	2670	1489	n
13893148	2672	1489	n
13903587	2672	1490	n
13903842	2672	1488	n
13904094	2672	1489	n
13904345	2674	1488	n
13904602	2672	1488	n
13904857	2672	1488	n
13915277	2672	1488	n
13915532	2672	1490	n
13915788	2672	1488	n
13916039	2672	1489	n
13916290	2672	1489	n
13916546	2672	1489	n
13926973	2671	1489	n
13927224	2672	1489	n
13927476	2672	1489	n
13927731	2671	1488	n
13927982	2672	1488	n
13928233	2672	1489	n
13928484	2672	1489	n
13938893	2672	1489	n
13939144	2672	1488	n
13939396	2671	1489	n
13939653	2672	1488	n
13939904	2672	1489	n
13940155	2672	1489	n
13950538	2671	1488	n
13950793	2671	1489	n
13951044	2672	1488	n
13951295	2672	1489	n
13951553	2670	1489	n
13951808	2671	1489	n
13962232	2672	1489	n
13962483	2672	1489	n
13962739	2672	1491	n
13962990	2672	1489	n
13963241	2672	1489	n
13963493	2672	1488	n
13973876	2671	1488	n
13974127	2670	1488	n
13974378	2671	1490	n
13974636	2671	1489	n
13974887	2669	1488	n
13975138	2671	1488	n
13985574	2671	1489	n
13985986	2671	1489	n
13986246	2672	1490	n
13986522	2672	1489	n
13986777	2672	1489	n
13987028	2671	1490	n
13987288	2671	1488	n
13997726	2670	1488	n
13998203	2672	1489	n
13998454	2671	1489	n
13998721	2672	1488	n
13998995	2672	1488	n
13999246	2671	1488	n
14009674	2672	1489	Time:00:00:00:00;;
14010373	2672	1489	n
14010653	2672	1490	n
14010904	2672	1489	n
14011155	2672	1490	n
14021582	2672	1488	n
14022062	2672	1488	n
14022313	2672	1489	n
14022569	2671	1489	n
14022856	2670	1488	n
14023107	2671	1489	n
14023358	2672	1489	n
14033772	2671	1489	n
14034280	2672	1489	n
14034535	2671	1488	n
14034790	2672	1489	n
14035041	2671	1489	n
14035324	2671	1489	n
14045692	2672	1489	n
14046169	2671	1488	n
14046420	2672	1488	n
14046685	2672	1488	n
14046958	2671	1489	n
14047209	2672	1489	n
14057625	2671	1489	n
14058116	2671	1488	n
14058389	2672	1489	n
14058646	2672	1489	n
14058897	2672	1489	n
14059157	2672	1489	Time:00:00:00:00;;
14069757	2672	1491	n
14070234	2671	1488	n
14070485	2671	1488	n
14070772	2672	1489	n
14071023	2671	1489	n
14071274	2672	1490	n
14081642	2672	1489	n
14082150	2672	1489	n
14082401	2671	1489	n
14082663	2672	1489	n
14082914	2672	1489	n
14083196	2672	1488	n
14083447	2671	1489	n
14093884	2672	1490	n
14094360	2672	1489	n
14094647	2672	1489	n
14094898	2672	1489	n
14095149	2671	1489	n
14095401	2671	1490	n
14105839	2672	1489	n
14106332	2672	1488	n
14106586	2671	1488	n
14106842	2669	1488	n
14107102	2671	1488	n
14107375	2672	1489	n
14117758	2671	1489	n
14118234	2671	1488	n
14118496	2672	1488	n
14118774	2672	1489	n
14119025	2672	1489	n
14119276	2672	1490	n
14119538	2672	1489	n
14129945	2672	1490	n
14130422	2671	1488	n
14130678	2672	1489	n
14130938	2672	1489	n
14131211	2672	1488	n
14131463	2670	1489	n
14141891	2671	1488	n
14142374	2672	1489	n
14142654	2672	1490	n
14142905	2671	1488	n
14143156	2672	1490	n
14143415	2672	1488	n
14153820	2671	1488	n
14154302	2671	1488	n
14154555	2671	1489	n
14154811	2671	1488	n
14155093	2672	1488	n
14155344	2671	1488	n
14155601	2671	1488	n
14165989	2672	1490	n
14166501	2672	1488	n
14166756	2671	1489	n
14167007	2671	1488	n
14167259	2671	1488	n
14167546	2671	1488	n
14177944	2672	1488	n
14178425	2672	1489	n
14178681	2672	1488	n
14178940	2669	1489	n
14179214	2671	1488	n
14179465	2672	1489	n
14189863	2672	1488	n
14190351	2672	1490	n
14190640	2672	1489	n
14190891	2672	1488	n
14191142	2671	1489	n
14191402	2671	1488	n
14191685	2672	1489	n
14202041	2671	1488	n
14202520	2671	1488	n
14202785	2672	1488	n
14203059	2670	1489	n
14203310	2670	1488	n
14203567	2671	1488	n
14213996	2670	1489	Time:00:00:00:00;;
14214673	2672	1489	n
14214924	2672	1489	n
14215175	2672	1490	n
14215426	2671	1490	n
14215682	2671	1489	n
14226105	2672	1489	n
14226356	2672	1488	n
14226611	2672	1489	n
14226867	2672	1491	n
14227118	2672	1489	n
14227369	2672	1489	n
14237753	2672	1489	n
14238004	2672	1490	n
14238256	2672	1489	n
14238513	2671	1489	n
14238768	2672	1488	n
14239019	2672	1489	n
14249445	2670	1489	n
14249705	2672	1488	n
14249956	2672	1491	n
14250208	2673	1490	n
14250459	2669	1489	n
14250715	2672	1489	n
14261072	2670	1488	n
14261323	2671	1488	n
14261580	2672	1489	n
14261835	2671	1490	n
14262086	2672	1489	n
14262338	2672	1489	n
14272701	2672	1488	n
14272953	2672	1489	n
14273204	2671	1489	n
14273455	2670	1490	n
14273712	2671	1491	n
14273964	2672	1488	n
14284376	2669	1491	n
14284636	2671	1488	n
14284887	2671	1488	n
14285138	2671	1488	n
14285389	2671	1489	n
14285646	2671	1488	n
14285897	2672	1489	n
14296313	2671	1489	n
14296569	2671	1489	n
14296824	2671	1489	n
14297076	2672	1490	n
14297327	2672	1488	n
14297584	2671	1488	n
14307956	2672	1490	n
14308207	2672	1491	n
14308458	2671	1489	n
14308715	2672	1489	n
14308966	2672	1490	n
14309217	2671	1491	n
14319656	2672	1491	n
14319908	2673	1490	n
14320159	2672	1489	n
14320410	2672	1489	n
14320671	2672	1489	n
14320922	2672	1489	n
14331279	2672	1488	n
14331535	2672	1490	n
14331791	2671	1489	n
14332042	2671	1488	n
14332293	2671	1489	n
14332550	2672	1489	n
14342991	2672	1489	n
14343242	2671	1488	n
14343495	2672	1490	n
14343751	2672	1490	n
14344002	2671	1489	n
14344253	2672	1489	n
14354672	2672	1491	n
14354923	2672	1488	n
14355174	2672	1490	n
14355425	2672	1488	n
14355681	2672	1489	n
14355932	2672	1488	n
14356183	2672	1489	n
14366612	2671	1488	n
14366867	2671	1490	n
14367119	2671	1488	n
14367370	2672	1491	n
14367623	2672	1489	n
14367878	2672	1489	n
14378250	2672	1489	n
14378505	2671	1490	n
14378760	2671	1489	n
14379011	2672	1490	n
14379262	2670	1488	n
14379518	2671	1489	n
14389946	2672	1489	n
14390197	2671	1488	n
14390448	2671	1488	n
14390705	2671	1489	n
14390956	2671	1488	n
14391207	2671	1489	n
14401646	2672	1490	n
14401897	2672	1489	n
14402148	2672	1490	n
14402399	2672	1490	n
14402659	2672	1490	n
14402910	2671	1489	n
14413268	2672	1489	n
14413521	2672	1489	n
14413777	2672	1490	n
14414028	2672	1491	n
14414279	2672	1489	n
14414536	2672	1488	n
14414791	2672	1489	n
14425170	2672	1489	n
14425422	2672	1488	n
14425677	2671	1489	n
14425929	2672	1489	n
14426180	2672	1488	n
14426431	2672	1491	n
14436814	2672	1488	n
14437065	2672	1488	n
14437317	2670	1489	n
14437570	2672	1488	n
14437825	2671	1489	n
14438076	2671	1488	n
14448458	2671	1489	n
14448715	2672	1488	n
14448966	2672	1489	n
14449217	2672	1489	n
14449468	2671	1490	n
14449724	2672	1489	n
14460154	2670	1489	n
14460405	2671	1488	n
14460663	2669	1489	n
14460914	2670	1488	n
14461165	2671	1489	n
14461416	2672	1488	n
14471849	2671	1488	n
14472100	2671	1488	n
14472352	2671	1488	n
14472605	2670	1489	n
14472860	2672	1490	n
14473111	2670	1488	n
14483475	2673	1488	n
14483731	2672	1489	n
14483982	2672	1490	n
14484233	2672	1489	n
14484484	2671	1490	n
14484740	2672	1488	n
14484991	2672	1489	n
14495378	2672	1489	n
14495640	2672	1490	n
14495891	2671	1490	n
14496142	2672	1488	n
14496393	2672	1489	n
14496653	2672	1491	n
14507021	2672	1488	n
14507272	2672	1490	n
14507529	2672	1488	n
14507784	2672	1488	n
14508035	2671	1489	n
14508286	2672	1489	n
14518669	2672	1489	n
14518921	2672	1489	n
14519172	2671	1488	n
14519423	2671	1488	n
14519679	2672	1488	n
14519930	2671	1489	n
14530361	2672	1489	n
14530615	2672	1489	n
14530870	2671	1489	n
14531121	2672	1488	n
14531372	2672	1488	n
14531629	2672	1488	n
14542056	2671	1490	n
14542307	2672	1489	n
14542564	2672	1489	n
14542819	2672	1488	n
14543070	2672	1489	n
14543322	2672	1491	n
14553688	2672	1491	n
14553939	2672	1489	n
14554190	2671	1488	n
14554441	2671	1488	n
14554697	2672	1488	n
14554949	2672	1488	n
14555200	2672	1489	n
14565587	2672	1488	n
14565843	2672	1488	n
14566094	2671	1488	n
14566345	2672	1488	n
14566601	2672	1489	n
14566856	2672	1489	n
14577229	2672	1489	n
14577480	2672	1489	n
14577736	2672	1491	n
14577987	2672	1489	n
14578238	2672	1490	n
14578489	2671	1489	n
14588873	2672	1489	n
14589124	2672	1491	n
14589375	2672	1490	n
14589636	2672	1491	n
14589887	2672	1490	n
14590138	2672	1489	n
14600571	2672	1488	n
14600826	2672	1489	n
14601077	2672	1489	n
14601328	2672	1489	n
14601584	2672	1489	n
14601839	2672	1489	n
14612264	2672	1489	n
14612518	2672	1488	n
14612773	2672	1489	n
14613024	2672	1488	n
14613275	2671	1488	n
14613533	2672	1489	n
14623960	2672	1490	n
14624211	2672	1488	n
14624463	2671	1489	n
14624718	2672	1490	n
14624969	2672	1489	n
14625220	2671	1490	n
14625472	2672	1489	n
14635879	2670	1489	n
14636131	2671	1490	n
14636382	2672	1488	n
14636643	2671	1488	n
14636894	2672	1489	n
14637145	2672	1488	n
14647529	2672	1490	n
14647784	2672	1490	n
14648035	2671	1488	n
14648286	2672	1488	n
14648544	2672	1488	n
14648799	2672	1489	n
14659219	2672	1488	n
14659470	2671	1489	n
14659726	2671	1490	n
14659977	2672	1489	n
14660228	2672	1489	n
14660479	2672	1488	n
14670862	2671	1489	n
14671113	2672	1489	n
14671364	2672	1488	n
14671618	2671	1490	n
14671874	2672	1489	n
14672125	2672	1488	n
14682563	2672	1489	n
14682818	2671	1488	n
14683069	2672	1488	n
14683320	2672	1489	n
14683578	2672	1488	n
14683833	2672	1489	n
14694236	2672	1489	n
14694487	2671	1489	n
14694744	2672	1488	n
14694995	2671	1489	n
14695246	2671	1488	n
14695502	2672	1488	n
14695757	2672	1489	n
14706173	2672	1488	n
14706424	2672	1488	n
14706680	2672	1488	n
14706931	2671	1489	n
14707182	2672	1489	n
14707433	2672	1491	n
14717816	2672	1489	n
14718067	2672	1490	n
14718318	2672	1491	n
14718572	2672	1491	n
14718827	2672	1488	n
14719078	2671	1488	n
14729515	2672	1489	n
14729770	2672	1489	n
14730022	2671	1488	n
14730273	2673	1489	n
14730529	2672	1489	n
14730785	2672	1488	n
14741207	2671	1490	n
14741459	2669	1488	n
14741715	2672	1488	n
14741966	2671	1489	n
14742217	2671	1489	n
14742468	2670	1488	n
14752851	2672	1491	n
14753102	2672	1490	n
14753353	2672	1490	n
14753607	2672	1488	n
14753862	2672	1488	n
14754113	2672	1489	n
14764531	2672	1489	n
14764787	2672	1489	n
14765038	2672	1488	n
14765289	2672	1489	n
14765546	2671	1490	n
14765801	2671	1488	n
14766052	2672	1488	n
14776466	2670	1488	n
14776722	2672	1488	n
14776973	2671	1488	n
14777224	2672	1488	n
14777475	2672	1489	n
14777731	2672	1488	n
14788110	2671	1491	n
14788361	2672	1490	n
14788618	2670	1489	n
14788874	2671	1489	n
14789125	2671	1489	n
14789376	2672	1488	n
14799806	2672	1489	n
14800057	2672	1488	n
14800308	2672	1489	n
14800562	2671	1490	n
14800818	2672	1489	n
14801069	2672	1490	n
14811505	2672	1490	n
14811760	2672	1488	n
14812012	2671	1488	n
14812263	2672	1489	n
14812518	2672	1488	n
14812773	2672	1489	n
14823197	2671	1488	n
14823448	2671	1488	n
14823705	2672	1488	n
14823957	2671	1489	n
14824208	2670	1489	n
14824459	2671	1488	n
14824715	2671	1489	n
14835116	2671	1488	n
14835367	2671	1488	n
14835621	2672	1488	n
14835876	2669	1488	n
14836127	2671	1490	n
14836379	2672	1489	n
14846765	2672	1489	n
14847016	2672	1488	n
14847267	2672	1488	n
14847521	2671	1489	n
14847777	2672	1488	n
14848028	2672	1489	n
14858387	2672	1488	n
14858644	2672	1488	n
14858895	2671	1488	n
14859146	2672	1491	n
14859397	2671	1488	n
14859658	2672	1489	n
14870100	2672	1488	n
14870351	2672	1489	n
14870604	2672	1489	n
14870859	2671	1489	n
14871110	2672	1488	n
14871361	2671	1488	n
14881795	2672	1488	n
14882046	2672	1490	n
14882298	2672	1489	n
14882552	2672	1489	n
14882807	2672	1490	n
14883059	2672	1489	n
14893474	2672	1489	n
14893730	2672	1488	n
14893981	2672	1488	n
14894232	2672	1488	n
14894483	2671	1489	n
14894739	2671	1488	n
14894990	2672	1490	n
14905410	2672	1488	n
14905671	2672	1488	n
14905922	2672	1488	n
14906173	2672	1489	n
14906425	2671	1488	n
14906680	2672	1488	n
14917054	2671	1488	n
14917305	2671	1489	n
14917560	2672	1488	n
14917816	2672	1489	n
14918067	2672	1489	n
14918318	2672	1489	n
14928752	2672	1488	n
14929003	2672	1489	n
14929254	2671	1491	n
14929508	2671	1490	n
14929764	2671	1490	n
14930015	2672	1489	n
14940377	2671	1489	n
14940634	2672	1489	n
14940886	2672	1489	n
14941137	2671	1488	n
14941388	2671	1488	n
14941645	2671	1488	n
14952002	2672	1489	n
14952253	2671	1488	n
14952508	2672	1489	n
14952763	2670	1488	n
14953014	2671	1488	n
14953266	2671	1488	n
14963681	2671	1489	n
14963932	2672	1489	n
14964183	2672	1488	n
14964434	2671	1489	n
14964690	2671	1489	n
14964941	2669	1488	n
14965192	2671	1489	n
14975621	2672	1489	n
14975877	2672	1488	n
14976128	2672	1489	n
14976379	2672	1489	n
14976640	2672	1488	n
14976892	2671	1488	n
14987270	2672	1490	n
14987731	2672	1490	n
14987982	2672	1489	n
14988242	2671	1488	n
14988518	2672	1489	n
14988774	2672	1488	n
14999130	2671	1488	n
14999612	2672	1490	n
14999899	2672	1489	n
15000150	2672	1488	n
15000401	2672	1488	n
15000659	2672	1488	n
15011050	2671	1489	Time:00:00:00:00;;
15011760	2671	1488	n
15012011	2671	1489	n
15012271	2671	1489	n
15012549	2671	1490	n
15012804	2672	1489	n
15023194	2672	1489	n
15023688	2672	1490	n
15023962	2672	1489	n
15024213	2672	1488	n
15024464	2670	1488	n
15024728	2672	1490	n
15035155	2671	1488	n
15035639	2672	1488	n
15035890	2668	1488	n
15036150	2670	1488	n
15036424	2672	1488	n
15036680	2672	1488	n
15036931	2672	1488	n
15047291	2672	1489	n
15047807	2672	1490	n
15048058	2670	1490	n
15048309	2672	1488	n
15048567	2672	1488	n
15048853	2671	1488	n
15059246	2672	1488	Time:00:00:00:00;;
15059951	2672	1489	n
15060210	2672	1490	n
15060484	2671	1488	n
15060740	2672	1489	n
15060991	2672	1488	n
15071356	2672	1489	n
15071871	2672	1488	n
15072123	2672	1489	n
15072374	2672	1488	n
15072642	2671	1489	n
15072915	2671	1488	n
15083327	2671	1488	n
15083811	2671	1488	n
15084071	2672	1488	n
15084344	2672	1490	n
15084602	2671	1488	n
15084857	2672	1489	n
15095264	2672	1488	n
15095778	2672	1490	n
15096030	2672	1489	n
15096281	2671	1488	n
15096542	2671	1489	n
15096822	2672	1489	n
15097073	2670	1488	n
15107496	2671	1489	n
15107992	2672	1488	n
15108265	2672	1489	n
15108518	2672	1489	n
15108774	2672	1489	n
15109034	2672	1488	n
15119457	2670	1489	n
15119939	2672	1489	n
15120191	2672	1489	n
15120450	2671	1488	n
15120730	2671	1488	n
15120981	2672	1488	n
15131402	2671	1488	n
15131897	2671	1488	n
15132171	2672	1488	n
15132422	2672	1488	n
15132678	2672	1489	n
15132937	2672	1488	n
15133211	2672	1488	n
15143643	2671	1489	n
15144120	2672	1490	n
15144372	2671	1490	n
15144663	2672	1489	n
15144914	2672	1489	n
15145165	2671	1488	n
15155589	2672	1488	n
15156107	2671	1489	n
15156358	2672	1488	n
15156615	2672	1490	n
15156878	2671	1489	n
15157152	2672	1490	n
15167546	2672	1489	n
15168029	2672	1490	n
15168280	2672	1488	n
15168566	2671	1488	n
15168822	2672	1490	n
15169073	2670	1488	n
15169324	2671	1488	n
15179783	2672	1489	n
15180266	2672	1488	n
15180519	2672	1489	n
15180774	2672	1488	n
15181056	2672	1490	n
15181307	2671	1489	n
15191730	2672	1489	n
15192214	2671	1489	n
15192501	2672	1489	n
15192757	2672	1490	n
15193008	2672	1489	n
15193259	2672	1488	n
15203667	2671	1488	n
15204153	2672	1488	n
15204404	2671	1489	n
15204662	2671	1488	n
15204922	2672	1488	n
15205195	2671	1490	n
15205446	2671	1488	n
15215824	2672	1488	Time:00:00:00:00;;
15216448	2671	1488	n
15216705	2671	1489	n
15216956	2671	1489	n
15217207	2671	1488	n
15227574	2671	1490	n
15227829	2672	1488	n
15228080	2672	1488	n
15228331	2671	1489	n
15228587	2672	1488	n
15228842	2672	1489	n
15239215	2672	1489	n
15239466	2672	1489	n
15239722	2672	1488	n
15239973	2672	1488	n
15240224	2671	1488	n
15240475	2672	1489	n
15250894	2672	1489	n
15251145	2671	1488	n
15251396	2672	1488	n
15251653	2670	1488	n
15251904	2671	1488	n
15252155	2670	1488	n
15252407	2672	1488	n
15262830	2672	1489	n
15263081	2670	1488	n
15263333	2671	1488	n
15263587	2670	1488	n
15263842	2670	1488	n
15264093	2672	1488	n
15274474	2672	1488	n
15274730	2671	1488	n
15274981	2671	1488	n
15275232	2671	1488	n
15275484	2670	1488	n
15275740	2671	1488	n
15286170	2671	1489	n
15286421	2672	1488	n
15286676	2672	1490	n
15286927	2671	1489	n
15287178	2671	1488	n
15287430	2672	1490	n
15297865	2671	1488	n
15298116	2672	1488	n
15298367	2671	1488	n
15298621	2670	1489	n
15298876	2671	1490	n
15299128	2671	1489	n
15309493	2670	1490	n
15309749	2671	1488	n
15310000	2672	1488	n
15310252	2672	1489	n
15310508	2672	1488	n
15310764	2672	1489	n
15311015	2671	1488	n
15321394	2671	1488	n
15321653	2669	1488	n
15321904	2670	1488	n
15322155	2670	1488	n
15322406	2670	1488	n
15322666	2671	1488	n
15333038	2671	1488	n
15333289	2671	1488	n
15333546	2671	1488	n
15333801	2671	1488	n
15334052	2672	1489	n
15334303	2672	1488	n
15344685	2670	1488	n
15344936	2667	1488	n
15345187	2670	1489	n
15345439	2669	1488	n
15345695	2671	1488	n
15345946	2671	1488	n
15356377	2671	1488	n
15356634	2670	1488	n
15356885	2671	1488	n
15357137	2670	1488	n
15357388	2670	1489	n
15357645	2670	1488	n
15368072	2671	1488	n
15368323	2672	1489	n
15368580	2670	1488	n
15368835	2672	1488	n
15369086	2672	1488	n
15369337	2672	1488	n
15379701	2671	1488	n
15379953	2670	1488	n
15380204	2671	1489	n
15380455	2669	1488	n
15380713	2670	1488	n
15380964	2672	1488	n
15381215	2672	1488	n
15391603	2672	1488	n
15391859	2671	1488	n
15392110	2671	1488	n
15392361	2671	1488	n
15392619	2670	1488	n
15392874	2669	1488	n
15403245	2670	1488	n
15403501	2671	1488	n
15403756	2671	1489	n
15404007	2670	1489	n
15404259	2670	1488	n
15404515	2672	1488	n
15414889	2671	1488	n
15415140	2671	1488	n
15415391	2671	1488	n
15415648	2671	1488	n
15415899	2669	1488	n
15416150	2669	1488	n
15426587	2671	1488	n
15426842	2672	1489	n
15427093	2670	1491	n
15427344	2671	1488	n
15427601	2671	1488	n
15427856	2672	1489	n
15438280	2669	1488	n
15438535	2670	1488	n
15438791	2671	1488	n
15439042	2669	1488	n
15439293	2669	1489	n
15439550	2670	1488	n
15449976	2668	1488	n
15450227	2668	1488	n
15450478	2671	1488	n
15450733	2669	1488	n
15450985	2671	1488	n
15451236	2670	1488	n
15451487	2667	1488	n
15461895	2671	1488	n
15462147	2670	1488	n
15462398	2670	1489	n
15462658	2671	1488	n
15462909	2671	1488	n
15463160	2671	1488	n
15473543	2671	1488	n
15473799	2669	1488	n
15474050	2670	1488	n
15474301	2671	1488	n
15474554	2669	1488	n
15474810	2669	1488	n
15485235	2671	1489	n
15485486	2670	1488	n
15485743	2669	1488	n
15485994	2669	1488	n
15486245	2670	1488	n
15486501	2670	1488	n
15496879	2670	1488	n
15497130	2671	1488	n
15497381	2670	1488	n
15497640	2671	1488	n
15497891	2669	1488	n
15498142	2669	1489	n
15508577	2671	1489	n
15508832	2671	1491	n
15509083	2670	1488	n
15509335	2671	1488	n
15509588	2670	1489	n
15509843	2671	1489	n
15520253	2672	1488	n
15520508	2670	1488	n
15520764	2670	1488	n
15521015	2669	1488	n
15521266	2669	1488	n
15521519	2671	1488	n
15521774	2663	1488	n
15532189	2671	1489	n
15532440	2671	1488	n
15532696	2671	1488	n
15532948	2667	1488	n
15533199	2671	1488	n
15533450	2671	1488	n
15543833	2671	1488	n
15544084	2671	1488	n
15544336	2669	1489	n
15544589	2671	1488	n
15544844	2670	1488	n
15545096	2671	1488	n
15555532	2671	1488	n
15555788	2671	1488	n
15556039	2671	1488	n
15556290	2672	1488	n
15556547	2671	1489	n
15556802	2669	1488	n
15567224	2670	1488	n
15567475	2672	1488	n
15567731	2669	1488	n
15567982	2671	1488	n
15568233	2669	1488	n
15568485	2670	1488	n
15578867	2670	1488	n
15579118	2672	1488	n
15579369	2671	1488	n
15579623	2669	1488	n
15579878	2669	1488	n
15580129	2671	1488	n
15590546	2671	1488	n
15590801	2671	1488	n
15591052	2669	1489	n
15591303	2672	1488	n
15591561	2670	1488	n
15591816	2671	1488	n
15592067	2670	1489	n
15602483	2671	1488	n
15602739	2670	1488	n
15602990	2670	1488	n
15603241	2671	1488	n
15603493	2669	1488	n
15603749	2671	1488	n
15614126	2671	1488	n
15614377	2670	1488	n
15614634	2670	1488	n
15614885	2670	1488	n
15615137	2669	1488	n
15615388	2668	1488	n
15625822	2672	1488	n
15626073	2670	1488	n
15626324	2671	1488	n
15626580	2671	1489	n
15626835	2669	1488	n
15627086	2670	1490	n
15637519	2672	1489	n
15637774	2670	1488	n
15638025	2670	1488	n
15638277	2671	1489	n
15638532	2671	1488	n
15638788	2670	1488	n
15649144	2671	1488	n
15649395	2671	1488	n
15649653	2670	1488	n
15649904	2671	1488	n
15650155	2670	1488	n
15650406	2671	1488	n
15650667	2671	1488	n
15661046	2671	1488	n
15661298	2670	1488	n
15661552	2670	1488	n
15661807	2670	1488	n
15662059	2667	1488	n
15662310	2671	1488	n
15672695	2669	1488	n
15672946	2670	1488	n
15673197	2669	1488	n
15673448	2669	1488	n
15673705	2669	1488	n
15673956	2671	1488	n
15684334	2671	1488	n
15684587	2670	1488	n
15684843	2671	1488	n
15685094	2671	1489	n
15685345	2670	1489	n
15685601	2672	1488	n
15696030	2671	1488	n
15696281	2671	1488	n
15696535	2671	1488	n
15696790	2671	1488	n
15697041	2670	1488	n
15697292	2666	1488	n
15707729	2669	1488	n
15707980	2669	1488	n
15708231	2666	1488	n
15708483	2671	1488	n
15708739	2669	1488	n
15708990	2669	1490	n
15719352	2668	1488	n
15719605	2667	1488	n
15719861	2670	1488	n
15720112	2670	1488	n
15720363	2669	1488	n
15720618	2671	1489	n
15720873	2670	1488	n
15731254	2671	1488	n
15731508	2671	1489	n
15731764	2671	1489	n
15732015	2672	1488	n
15732266	2672	1489	n
15732519	2669	1488	n
15742898	2670	1488	n
15743149	2669	1489	n
15743401	2671	1488	n
15743658	2670	1488	n
15743909	2670	1488	n
15744160	2669	1488	n
15754546	2670	1488	n
15754801	2670	1488	n
15755052	2670	1488	n
15755303	2671	1488	n
15755561	2672	1488	n
15755816	2671	1488	n
15766237	2671	1489	n
15766488	2670	1488	n
15766748	2669	1489	n
15766999	2671	1488	n
15767250	2671	1490	n
15767505	2670	1489	n
15777932	2671	1489	n
15778183	2671	1488	n
15778435	2671	1489	n
15778690	2671	1488	n
15778941	2669	1488	n
15779192	2671	1488	n
15789564	2671	1489	n
15789819	2670	1488	n
15790070	2671	1488	n
15790321	2670	1488	n
15790577	2669	1488	n
15790833	2669	1488	n
15791084	2669	1488	n
15801461	2667	1488	n
15801717	2669	1488	n
15801968	2670	1488	n
15802219	2670	1488	n
15802471	2671	1488	n
15802726	2670	1488	n
15813105	2671	1488	n
15813356	2671	1488	n
15813612	2672	1489	n
15813867	2671	1488	n
15814118	2672	1489	n
15814369	2671	1489	n
15824753	2672	1488	n
15825005	2670	1488	n
15825256	2671	1488	n
15825513	2672	1488	n
15825768	2671	1488	n
15826019	2671	1488	n
15836445	2670	1488	n
15836705	2671	1488	n
15836956	2669	1489	n
15837208	2671	1488	n
15837459	2667	1488	n
15837715	2671	1488	n
15848140	2672	1488	n
15848391	2670	1488	n
15848648	2671	1488	n
15848900	2671	1488	n
15849151	2670	1488	n
15849402	2670	1488	n
15859767	2671	1488	n
15860018	2672	1488	n
15860270	2671	1488	n
15860527	2672	1490	n
15860782	2671	1488	n
15861033	2672	1488	n
15861285	2669	1489	n
15871674	2670	1489	n
15871925	2671	1488	n
15872176	2671	1488	n
15872427	2669	1488	n
15872683	2670	1488	n
15872934	2670	1488	n
15883313	2671	1488	n
15883569	2669	1488	n
15883825	2669	1488	n
15884076	2670	1488	n
15884327	2671	1488	n
15884584	2670	1488	n
15894956	2670	1488	n
15895207	2670	1488	n
15895459	2667	1488	n
15895715	2667	1488	n
15895966	2671	1488	n
15896217	2670	1488	n
15906656	2671	1488	n
15906907	2670	1488	n
15907159	2670	1489	n
15907410	2671	1489	n
15907668	2670	1488	n
15907919	2670	1488	n
15918347	2671	1488	n
15918604	2670	1488	n
15918859	2670	1488	n
15919110	2669	1488	n
15919362	2672	1488	n
15919619	2669	1488	n
15930043	2672	1489	n
15930294	2671	1488	n
15930549	2671	1488	n
15930805	2670	1488	n
15931056	2671	1488	n
15931307	2670	1488	n
15931564	2671	1488	n
15941963	2671	1488	n
15942215	2672	1488	n
15942466	2670	1489	n
15942721	2670	1489	n
15942972	2670	1488	n
15943224	2670	1489	n
15953612	2671	1488	n
15953867	2671	1488	n
15954118	2670	1488	n
15954369	2670	1488	n
15954622	2670	1490	n
15954878	2670	1488	n
15965302	2669	1488	n
15965555	2671	1488	n
15965811	2668	1488	n
15966062	2669	1488	n
15966313	2672	1488	n
15966570	2670	1488	n
15976946	2672	1488	n
15977197	2671	1488	n
15977448	2671	1489	n
15977705	2669	1488	n
15977956	2672	1488	n
15978207	2671	1488	n
15988646	2671	1488	n
15989122	2670	1488	n
15989382	2671	1488	n
15989662	2671	1488	n
15989914	2671	1488	n
15990165	2671	1488	n
15990425	2672	1488	n
16000871	2672	1489	n
16001348	2671	1488	n
16001604	2671	1488	n
16001868	2671	1488	n
16002141	2671	1488	n
16002392	2670	1488	n
16012826	2670	1488	Time:00:00:00:00;;
16013529	2669	1489	n
16013807	2672	1488	n
16014058	2671	1488	n
16014318	2671	1490	n
16014597	2670	1489	n
16025021	2672	1488	n
16025501	2672	1488	n
16025765	2668	1488	n
16026038	2671	1488	n
16026290	2669	1488	n
16026546	2669	1488	n
16036907	2671	1488	n
16037415	2671	1488	n
16037672	2671	1488	n
16037924	2672	1489	n
16038175	2670	1488	n
16038458	2669	1488	n
16048844	2671	1488	n
16049321	2671	1488	n
16049577	2667	1488	n
16049864	2671	1488	n
16050115	2667	1488	n
16050366	2668	1488	n
16050621	2672	1488	n
16061074	2671	1489	Time:00:00:00:00;;
16061783	2670	1488	n
16062034	2670	1488	n
16062294	2670	1488	n
16062570	2670	1488	n
16072994	2671	1488	n
16073471	2672	1489	n
16073736	2672	1489	n
16074009	2670	1488	n
16074260	2671	1488	n
16074515	2670	1489	n
16084931	2671	1488	n
16085439	2671	1490	n
16085695	2672	1488	n
16085946	2672	1489	n
16086206	2671	1488	n
16086480	2672	1488	n
16086735	2669	1488	n
16097126	2671	1488	n
16097615	2670	1488	n
16097892	2669	1488	n
16098143	2669	1489	n
16098394	2669	1488	n
16098661	2669	1488	n
16109055	2669	1488	n
16109543	2671	1489	n
16109799	2670	1489	n
16110059	2671	1488	n
16110333	2670	1488	n
16110587	2671	1488	n
16120984	2672	1490	n
16121461	2672	1489	n
16121748	2671	1488	n
16121999	2672	1488	n
16122250	2671	1489	n
16122513	2671	1490	n
16122791	2672	1488	n
16133179	2671	1489	n
16133662	2671	1488	n
16133914	2672	1489	n
16134196	2669	1488	n
16134447	2671	1488	n
16134705	2671	1488	n
16145099	2671	1489	n
16145611	2671	1488	n
16145867	2671	1489	n
16146118	2672	1488	n
16146369	2671	1488	n
16146658	2670	1488	n
16157036	2670	1488	n
16157520	2669	1488	n
16157776	2669	1488	n
16158036	2670	1488	n
16158310	2671	1488	n
16158567	2670	1488	n
16158822	2672	1488	n
16169231	2672	1488	n
16169750	2670	1488	n
16170001	2671	1488	n
16170252	2671	1488	n
16170515	2672	1489	n
16170793	2672	1489	n
16181151	2671	1488	n
16181642	2672	1488	n
16181902	2671	1490	n
16182176	2670	1488	n
16182427	2671	1488	n
16182683	2670	1489	n
16193089	2671	1488	n
16193606	2671	1488	n
16193861	2672	1489	n
16194112	2670	1488	n
16194372	2671	1489	n
16194653	2670	1488	n
16194904	2671	1488	n
16205284	2671	1489	n
16205770	2672	1489	n
16206052	2671	1488	n
16206303	2672	1489	n
16206560	2672	1488	n
16206816	2671	1488	n
16217204	2672	1488	Time:00:00:00:00;;
16217791	2672	1489	n
16218042	2672	1488	n
16218293	2672	1490	n
16218549	2672	1489	n
16218804	2670	1488	n
16229175	2670	1489	n
16229426	2671	1488	n
16229682	2671	1489	n
16229933	2672	1488	n
16230184	2671	1488	n
16230436	2672	1489	n
16240819	2671	1488	n
16241070	2671	1488	n
16241321	2671	1488	n
16241577	2671	1488	n
16241833	2671	1488	n
16242084	2669	1488	n
16252518	2671	1488	n
16252773	2672	1488	n
16253025	2672	1489	n
16253276	2672	1488	n
16253533	2672	1490	n
16253788	2672	1488	n
16264210	2672	1489	n
16264462	2667	1488	n
16264717	2670	1488	n
16264968	2669	1489	n
16265220	2671	1488	n
16265471	2672	1489	n
16275854	2671	1488	n
16276105	2671	1489	n
16276356	2670	1488	n
16276612	2669	1488	n
16276867	2669	1489	n
16277118	2670	1490	n
16287533	2671	1489	n
16287788	2671	1488	n
16288039	2670	1488	n
16288290	2670	1488	n
16288546	2670	1488	n
16288801	2671	1488	n
16289052	2671	1488	n
16299469	2671	1489	n
16299725	2671	1489	n
16299976	2671	1488	n
16300227	2672	1488	n
16300478	2672	1489	n
16300733	2671	1488	n
16311113	2672	1488	n
16311364	2672	1488	n
16311621	2671	1488	n
16311877	2670	1490	n
16312128	2672	1488	n
16312379	2669	1488	n
16322809	2670	1489	n
16323060	2671	1488	n
16323311	2672	1488	n
16323566	2671	1489	n
16323821	2671	1488	n
16324072	2671	1488	n
16334508	2671	1488	n
16334764	2671	1488	n
16335015	2670	1488	n
16335266	2670	1489	n
16335519	2670	1488	n
16335774	2671	1488	n
16346130	2671	1488	n
16346381	2671	1488	n
16346643	2671	1488	n
16346894	2671	1488	n
16347145	2672	1488	n
16347396	2671	1489	n
16347653	2672	1488	n
16358033	2666	1488	n
16358285	2671	1488	n
16358538	2672	1488	n
16358793	2669	1489	n
16359044	2671	1488	n
16359295	2671	1488	n
16369681	2671	1488	n
16369932	2670	1488	n
16370183	2669	1489	n
16370434	2671	1488	n
16370690	2672	1488	n
16370941	2670	1489	n
16381320	2670	1488	n
16381573	2671	1488	n
16381828	2669	1488	n
16382080	2670	1489	n
16382331	2669	1488	n
16382587	2671	1488	n
16393016	2671	1490	n
16393267	2672	1488	n
16393520	2670	1489	n
16393776	2671	1488	n
16394027	2672	1488	n
16394278	2672	1488	n
16404715	2668	1488	n
16404966	2669	1489	n
16405217	2671	1488	n
16405468	2671	1488	n
16405724	2669	1488	n
16405975	2669	1488	n
16416338	2670	1488	n
16416595	2672	1489	n
16416850	2671	1489	n
16417102	2671	1488	n
16417353	2671	1488	n
16417606	2672	1488	n
16417861	2671	1488	n
16428240	2670	1490	n
16428492	2669	1488	n
16428748	2670	1488	n
16428999	2669	1488	n
16429251	2669	1488	n
16429506	2671	1489	n
16439884	2671	1488	n
16440136	2672	1489	n
16440387	2672	1489	n
16440644	2671	1490	n
16440895	2671	1488	n
16441146	2671	1489	n
16451532	2671	1488	n
16451787	2671	1488	n
16452039	2671	1488	n
16452290	2671	1489	n
16452546	2670	1488	n
16452801	2670	1489	n
16463224	2671	1489	n
16463475	2672	1488	n
16463731	2671	1488	n
16463982	2670	1488	n
16464233	2670	1490	n
16464484	2669	1488	n
16474919	2670	1488	n
16475170	2671	1488	n
16475422	2670	1488	n
16475677	2669	1487	n
16475929	2670	1488	n
16476180	2670	1488	n
16486549	2669	1488	n
16486804	2671	1488	n
16487055	2670	1488	n
16487306	2672	1488	n
16487563	2670	1488	n
16487818	2671	1488	n
16488070	2670	1488	n
16498448	2671	1488	n
16498705	2670	1488	n
16498956	2671	1488	n
16499207	2670	1488	n
16499459	2669	1488	n
16499715	2670	1488	n
16510091	2671	1488	n
16510342	2671	1488	n
16510597	2671	1489	n
16510852	2670	1488	n
16511104	2670	1488	n
16511355	2669	1488	n
16521739	2669	1488	n
16521990	2671	1488	n
16522241	2671	1489	n
16522493	2671	1489	n
16522749	2671	1488	n
16523000	2670	1488	n
16533431	2671	1489	n
16533687	2672	1488	n
16533938	2671	1488	n
16534189	2672	1488	n
16534440	2672	1488	n
16534696	2670	1488	n
16545126	2671	1488	n
16545377	2672	1488	n
16545636	2671	1488	n
16545887	2671	1489	n
16546138	2672	1488	n
16546389	2671	1489	n
16556753	2670	1488	n
16557004	2671	1488	n
16557255	2671	1488	n
16557512	2672	1489	n
16557768	2669	1489	n
16558019	2670	1488	n
16558270	2671	1488	n
16568660	2671	1488	n
16568911	2671	1488	n
16569162	2671	1489	n
16569414	2671	1489	n
16569671	2671	1488	n
16569922	2670	1488	n
16580299	2671	1488	n
16580552	2669	1488	n
16580808	2667	1488	n
16581059	2669	1488	n
16581310	2668	1488	n
16581567	2670	1488	n
16591943	2671	1489	n
16592194	2670	1488	n
16592446	2670	1488	n
16592705	2670	1488	n
16592956	2671	1488	n
16593208	2670	1488	n
16603643	2670	1488	n
16603894	2671	1488	n
16604146	2671	1488	n
16604397	2671	1488	n
16604658	2671	1488	n
16604909	2671	1488	n
16615334	2672	1489	n
16615587	2672	1489	n
16615843	2672	1489	n
16616094	2670	1488	n
16616345	2671	1489	n
16616601	2670	1490	n
16627030	2670	1488	n
16627281	2670	1488	n
16627535	2670	1488	n
16627789	2670	1488	n
16628040	2671	1488	n
16628291	2670	1488	n
16628546	2669	1488	n
16638949	2669	1488	n
16639200	2669	1489	n
16639452	2668	1488	n
16639712	2670	1488	n
16639963	2670	1488	n
16640214	2669	1489	n
16650597	2671	1488	n
16650852	2672	1488	n
16651103	2672	1488	n
16651355	2671	1490	n
16651612	2671	1489	n
16651868	2671	1489	n
16662289	2671	1488	n
16662546	2672	1488	n
16662801	2672	1488	n
16663052	2671	1488	n
16663303	2670	1488	n
16663556	2672	1488	n
16673932	2671	1489	n
16674183	2671	1489	n
16674434	2671	1489	n
16674690	2670	1488	n
16674941	2671	1488	n
16675192	2671	1488	n
16685627	2671	1488	n
16685883	2669	1489	n
16686134	2671	1489	n
16686385	2671	1488	n
16686642	2672	1489	n
16686894	2670	1488	n
16697306	2671	1488	n
16697563	2671	1488	n
16697818	2672	1488	n
16698069	2672	1488	n
16698320	2672	1489	n
16698578	2672	1489	n
16698833	2671	1488	n
16709243	2672	1488	n
16709496	2672	1491	n
16709751	2672	1489	n
16710003	2672	1490	n
16710254	2672	1488	n
16710508	2672	1488	n
16720886	2667	1488	n
16721137	2670	1488	n
16721389	2670	1489	n
16721646	2671	1488	n
16721897	2670	1488	n
16722148	2669	1488	n
16732587	2671	1489	n
16732843	2671	1488	n
16733094	2671	1488	n
16733345	2672	1489	n
16733601	2671	1488	n
16733856	2671	1488	n
16744277	2670	1488	n
16744532	2671	1488	n
16744788	2671	1488	n
16745039	2672	1488	n
16745290	2671	1488	n
16745546	2671	1489	n
16755921	2672	1488	n
16756172	2669	1488	n
16756424	2671	1488	n
16756679	2670	1488	n
16756931	2669	1488	n
16757182	2671	1488	n
16767600	2671	1488	n
16767855	2672	1488	n
16768106	2672	1488	n
16768358	2670	1489	n
16768615	2669	1488	n
16768870	2672	1489	n
16769121	2670	1488	n
16779538	2671	1489	n
16779793	2672	1488	n
16780044	2672	1488	n
16780296	2671	1488	n
16780553	2672	1488	n
16780808	2672	1489	n
16791180	2670	1488	n
16791431	2671	1491	n
16791687	2671	1488	n
16791938	2672	1489	n
16792189	2672	1488	n
16792441	2671	1488	n
16802876	2670	1488	n
16803127	2671	1488	n
16803378	2672	1488	n
16803636	2670	1488	n
16803887	2670	1488	n
16804138	2670	1488	n
16814574	2670	1488	n
16814829	2672	1488	n
16815080	2671	1488	n
16815331	2672	1488	n
16815587	2672	1488	n
16815842	2671	1488	n
16826198	2671	1489	n
16826449	2672	1488	n
16826706	2671	1488	n
16826957	2672	1489	n
16827209	2671	1488	n
16827460	2669	1489	n
16827716	2671	1488	n
16838100	2670	1488	n
16838352	2672	1489	n
16838605	2671	1489	n
16838860	2670	1489	n
16839111	2672	1488	n
16839362	2671	1489	n
16849749	2669	1488	n
16850000	2671	1488	n
16850251	2669	1488	n
16850509	2670	1488	n
16850764	2670	1489	n
16851016	2671	1488	n
16861388	2671	1490	n
16861645	2671	1489	n
16861897	2669	1488	n
16862148	2670	1488	n
16862399	2671	1488	n
16862658	2671	1488	n
16873084	2671	1489	n
16873335	2672	1489	n
16873588	2671	1488	n
16873844	2670	1488	n
16874095	2671	1489	n
16874346	2671	1488	n
16884779	2672	1489	n
16885030	2671	1488	n
16885281	2671	1488	n
16885535	2671	1488	n
16885790	2671	1490	n
16886041	2671	1489	n
16896405	2671	1488	n
16896667	2670	1488	n
16896918	2670	1489	n
16897169	2671	1488	n
16897420	2671	1488	n
16897676	2672	1488	n
16897927	2670	1488	n
16908308	2668	1488	n
16908563	2670	1488	n
16908818	2670	1488	n
16909069	2671	1488	n
16909321	2671	1488	n
16909578	2670	1488	n
16919951	2671	1489	n
16920202	2671	1489	n
16920454	2671	1489	n
16920713	2672	1489	n
16920964	2670	1490	n
16921215	2671	1488	n
16931601	2670	1488	n
16931856	2671	1488	n
16932107	2667	1488	n
16932358	2671	1488	n
16932614	2671	1488	n
16932870	2671	1489	n
16943291	2671	1489	n
16943545	2670	1488	n
16943801	2671	1491	n
16944052	2671	1488	n
16944303	2671	1488	n
16944560	2671	1488	n
16954986	2671	1488	n
16955237	2671	1488	n
16955489	2671	1488	n
16955748	2670	1488	n
16956000	2669	1488	n
16956251	2671	1488	n
16966613	2672	1489	n
16966869	2671	1488	n
16967120	2671	1488	n
16967371	2671	1488	n
16967624	2672	1489	n
16967879	2669	1488	n
16968130	2672	1489	n
16978518	2669	1488	n
16978773	2671	1489	n
16979024	2669	1488	n
16979306	2671	1488	n
16979563	2670	1488	n
16979818	2671	1488	n
16990245	2671	1488	n
16990762	2669	1488	n
16991013	2671	1488	n
16991264	2669	1489	n
16991518	2670	1488	n
16991805	2671	1488	n
17002200	2671	1489	n
17002685	2671	1488	n
17002936	2671	1488	n
17003196	2672	1488	Time:00:00:00:00;;
17003695	2671	1488	n
17003946	2671	1488	n
17014309	2671	1488	n
17014827	2670	1489	n
17015078	2669	1488	n
17015329	2671	1489	n
17015593	2671	1488	n
17015871	2672	1488	n
17026264	2669	1488	n
17026751	2669	1488	n
17027011	2669	1488	n
17027284	2671	1488	n
17027537	2670	1488	n
17027793	2671	1488	n
17038217	2671	1488	n
17038735	2669	1488	n
17038986	2670	1488	n
17039237	2670	1488	n
17039501	2671	1488	n
17039779	2671	1488	n
17040030	2670	1488	n
17050448	2671	1488	n
17050933	2670	1488	n
17051215	2669	1488	n
17051466	2669	1488	n
17051722	2670	1488	n
17051973	2670	1488	n
17062410	2670	1488	Time:00:00:00:00;;
17063113	2671	1488	n
17063364	2671	1488	n
17063653	2669	1488	n
17063904	2671	1488	n
17064155	2669	1488	n
17074515	2670	1488	n
17075005	2671	1488	n
17075278	2671	1488	n
17075536	2670	1488	n
17075791	2671	1488	n
17076051	2669	1488	n
17086466	2670	1488	n
17086947	2669	1488	n
17087198	2671	1488	n
17087458	2667	1488	n
17087736	2668	1488	n
17087988	2670	1488	n
17098420	2669	1488	n
17098911	2670	1488	n
17099185	2669	1489	n
17099436	2672	1490	n
17099691	2672	1490	n
17099951	2670	1488	n
17100225	2671	1488	n
17110656	2671	1488	n
17111138	2666	1488	n
17111398	2669	1488	n
17111680	2670	1488	n
17111932	2671	1488	n
17112183	2670	1488	n
17122607	2670	1488	n
17123120	2670	1488	n
17123371	2671	1488	n
17123625	2671	1488	n
17123889	2670	1488	n
17124162	2671	1488	n
17134563	2672	1489	n
17135043	2669	1488	n
17135303	2672	1488	n
17135580	2671	1488	n
17135835	2671	1488	n
17136086	2670	1488	n
17136346	2670	1489	n
17146801	2671	1490	n
17147278	2672	1488	n
17147532	2671	1488	n
17147796	2671	1488	n
17148070	2671	1489	n
17148321	2672	1488	n
17158748	2671	1488	n
17159239	2669	1488	n
17159516	2671	1488	n
17159771	2670	1488	n
17160022	2669	1488	n
17160282	2670	1488	n
17170693	2670	1489	n
17171172	2670	1488	n
17171423	2671	1488	n
17171679	2671	1488	n
17171967	2669	1489	n
17172218	2669	1488	n
17172469	2669	1488	n
17182841	2671	1488	n
17183349	2671	1489	n
17183603	2671	1488	n
17183859	2671	1489	n
17184110	2670	1488	n
17184393	2671	1488	n
17194796	2672	1488	n
17195277	2671	1489	n
17195532	2671	1488	n
17195796	2671	1489	n
17196070	2671	1488	n
17196321	2669	1488	n
17206733	2670	1488	n
17207220	2670	1489	n
17207494	2671	1489	n
17207750	2670	1488	n
17208001	2670	1488	n
17208261	2672	1488	n
17208537	2671	1488	n
17218980	2671	1489	Time:00:00:00:00;;
17219538	2671	1489	n
17219793	2671	1489	n
17220044	2671	1488	n
17220295	2671	1488	n
17230729	2671	1488	n
17230980	2672	1489	n
17231231	2670	1488	n
17231482	2670	1488	n
17231738	2669	1489	n
17231989	2671	1488	n
17242354	2670	1489	n
17242607	2672	1488	n
17242863	2669	1488	n
17243114	2671	1488	n
17243365	2669	1488	n
17243622	2671	1488	n
17243877	2667	1488	n
17254256	2670	1488	n
17254512	2671	1488	n
17254767	2671	1488	n
17255018	2671	1488	n
17255270	2669	1488	n
17255527	2671	1489	n
17265900	2670	1488	n
17266152	2671	1488	n
17266403	2671	1488	n
17266662	2671	1488	n
17266913	2671	1488	n
17267164	2670	1488	n
17277550	2670	1489	n
17277805	2671	1490	n
17278056	2671	1488	n
17278307	2671	1488	n
17278563	2669	1489	n
17278818	2671	1488	n
17289240	2670	1488	n
17289491	2670	1488	n
17289748	2671	1489	n
17289999	2669	1488	n
17290251	2670	1488	n
17290506	2670	1488	n
17300935	2671	1488	n
17301186	2670	1488	n
17301437	2670	1488	n
17301693	2669	1488	n
17301944	2670	1489	n
17302195	2668	1488	n
17312566	2671	1488	n
17312821	2671	1489	n
17313072	2670	1489	n
17313323	2671	1489	n
17313580	2671	1488	n
17313835	2672	1489	n
17314087	2671	1488	n
17324464	2670	1488	n
17324719	2670	1489	n
17324971	2672	1488	n
17325222	2672	1489	n
17325473	2672	1488	n
17325728	2672	1489	n
17336108	2670	1488	n
17336359	2672	1488	n
17336614	2670	1489	n
17336870	2672	1488	n
17337121	2671	1488	n
17337372	2670	1488	n
17347755	2672	1488	n
17348007	2671	1488	n
17348258	2667	1488	n
17348512	2670	1491	n
17348768	2671	1488	n
17349019	2671	1488	n
17359447	2671	1488	n
17359705	2671	1488	n
17359956	2670	1488	n
17360207	2672	1488	n
17360459	2669	1488	n
17360715	2672	1488	n
17371142	2671	1489	n
17371393	2671	1488	n
17371653	2670	1488	n
17371904	2670	1488	n
17372155	2671	1488	n
17372406	2670	1489	n
17382769	2670	1488	n
17383020	2669	1488	n
17383272	2668	1489	n
17383526	2670	1488	n
17383782	2668	1488	n
17384033	2669	1488	n
17384284	2670	1488	n
17394676	2671	1488	n
17394927	2670	1488	n
17395178	2670	1488	n
17395429	2671	1488	n
17395685	2671	1488	n
17395936	2670	1488	n
17406315	2671	1488	n
17406569	2669	1488	n
17406824	2671	1488	n
17407075	2671	1489	n
17407326	2671	1488	n
17407580	2671	1488	n
17417959	2669	1488	n
17418210	2672	1489	n
17418462	2670	1488	n
17418717	2671	1489	n
17418968	2669	1488	n
17419219	2672	1488	n
17429659	2671	1489	n
17429910	2671	1488	n
17430162	2671	1488	n
17430413	2670	1488	n
17430671	2671	1488	n
17430922	2669	1488	n
17441350	2669	1489	n
17441603	2671	1488	n
17441859	2669	1488	n
17442110	2671	1488	n
17442361	2669	1488	n
17442615	2669	1488	n
17452977	2671	1488	n
17453228	2671	1488	n
17453479	2672	1488	n
17453735	2671	1488	n
17453986	2670	1489	n
17454237	2671	1488	n
17454488	2670	1488	n
17464879	2669	1488	n
17465131	2669	1489	n
17465382	2669	1488	n
17465643	2668	1488	n
17465894	2671	1488	n
17466145	2669	1488	n
17476529	2668	1488	n
17476784	2671	1488	n
17477035	2671	1488	n
17477287	2671	1488	n
17477544	2671	1488	n
17477799	2669	1488	n
17488166	2672	1489	n
17488417	2669	1488	n
17488674	2671	1489	n
17488925	2669	1488	n
17489176	2671	1488	n
17489427	2671	1488	n
17499862	2671	1489	n
17500113	2671	1488	n
17500364	2670	1488	n
17500618	2671	1489	n
17500874	2671	1488	n
17501125	2670	1488	n
17511563	2670	1488	n
17511818	2671	1488	n
17512069	2670	1488	n
17512320	2671	1488	n
17512578	2669	1488	n
17512833	2671	1488	n
17523253	2670	1488	n
17523508	2672	1488	n
17523763	2669	1488	n
17524015	2669	1488	n
17524266	2670	1488	n
17524519	2671	1488	n
17524774	2670	1488	n
17535173	2671	1488	n
17535425	2670	1488	n
17535680	2671	1488	n
17535931	2672	1488	n
17536182	2671	1489	n
17536434	2670	1489	n
17546816	2669	1488	n
17547067	2670	1488	n
17547318	2670	1488	n
17547572	2671	1488	n
17547827	2669	1488	n
17548078	2669	1488	n
17558443	2667	1488	n
17558699	2669	1488	n
17558951	2668	1488	n
17559202	2669	1488	n
17559453	2667	1488	n
17559712	2669	1488	n
17570070	2669	1488	n
17570321	2672	1488	n
17570578	2670	1488	n
17570833	2671	1489	n
17571084	2669	1488	n
17571336	2669	1488	n
17581765	2670	1489	n
17582016	2670	1488	n
17582267	2671	1488	n
17582521	2670	1487	n
17582777	2671	1488	n
17583028	2671	1488	n
17593392	2670	1488	n
17593653	2671	1488	n
17593904	2670	1488	n
17594155	2670	1488	n
17594406	2668	1488	n
17594666	2669	1488	n
17594918	2669	1488	n
17605294	2670	1488	n
17605549	2670	1488	n
17605805	2671	1488	n
17606056	2671	1489	n
17606307	2670	1488	n
17606564	2666	1488	n
17616938	2670	1489	n
17617189	2670	1488	n
17617440	2669	1488	n
17617697	2671	1489	n
17617948	2669	1488	n
17618199	2669	1489	n
17628587	2671	1488	n
17628842	2670	1488	n
17629094	2671	1488	n
17629345	2672	1489	n
17629602	2671	1488	n
17629857	2671	1487	n
17640277	2670	1489	n
17640532	2669	1488	n
17640788	2670	1488	n
17641039	2671	1488	n
17641290	2669	1488	n
17641546	2669	1488	n
17651972	2669	1488	n
17652223	2669	1488	n
17652474	2671	1488	n
17652730	2669	1488	n
17652981	2670	1488	n
17653232	2667	1488	n
17663599	2671	1488	n
17663855	2669	1489	n
17664106	2669	1488	n
17664357	2670	1488	n
17664612	2668	1488	n
17664867	2670	1488	n
17665118	2670	1488	n
17675505	2670	1488	n
17675760	2672	1488	n
17676012	2671	1488	n
17676263	2669	1488	n
17676518	2670	1488	n
17676774	2670	1489	n
17687145	2668	1488	n
17687397	2669	1488	n
17687653	2670	1488	n
17687904	2670	1488	n
17688156	2670	1488	n
17688407	2671	1488	n
17698791	2669	1488	n
17699043	2669	1488	n
17699294	2671	1488	n
17699549	2670	1488	n
17699804	2670	1488	n
17700056	2671	1488	n
17710485	2669	1488	n
17710741	2669	1489	n
17710992	2671	1489	n
17711243	2672	1488	n
17711495	2670	1488	n
17711750	2669	1488	n
17722180	2671	1488	n
17722431	2669	1490	n
17722687	2670	1488	n
17722938	2670	1488	n
17723189	2670	1489	n
17723441	2671	1488	n
17733807	2670	1488	n
17734058	2671	1488	n
17734309	2669	1488	n
17734566	2669	1488	n
17734822	2670	1488	n
17735073	2669	1488	n
17735324	2669	1488	n
17745713	2671	1488	n
17745965	2669	1488	n
17746216	2668	1488	n
17746467	2667	1488	n
17746722	2669	1488	n
17746974	2669	1488	n
17757353	2671	1488	n
17757607	2671	1488	n
17757862	2672	1489	n
17758113	2669	1489	n
17758364	2671	1488	n
17758622	2671	1488	n
17768996	2671	1488	n
17769247	2671	1489	n
17769501	2671	1488	n
17769756	2671	1488	n
17770008	2671	1488	n
17770259	2668	1488	n
17780696	2669	1488	n
17780947	2669	1488	n
17781198	2671	1488	n
17781449	2669	1488	n
17781707	2671	1488	n
17781958	2671	1488	n
17792387	2668	1488	n
17792644	2668	1489	n
17792895	2671	1488	n
17793146	2669	1488	n
17793397	2670	1488	n
17793659	2669	1488	n
17804083	2671	1488	n
17804334	2670	1489	n
17804587	2670	1488	n
17804843	2669	1488	n
17805094	2671	1488	n
17805345	2669	1488	n
17805601	2669	1488	n
17816003	2669	1488	n
17816255	2667	1489	n
17816508	2667	1488	n
17816764	2671	1488	n
17817015	2669	1488	n
17817266	2669	1488	n
17827655	2669	1488	n
17827906	2672	1489	n
17828157	2669	1488	n
17828408	2669	1488	n
17828667	2669	1488	n
17828918	2671	1488	n
17839342	2670	1488	n
17839598	2669	1489	n
17839853	2668	1488	n
17840104	2670	1489	n
17840355	2670	1488	n
17840613	2671	1488	n
17850986	2670	1488	n
17851237	2671	1488	n
17851488	2670	1488	n
17851749	2671	1488	n
17852000	2669	1488	n
17852251	2670	1488	n
17862685	2669	1488	n
17862936	2669	1488	n
17863187	2670	1488	n
17863438	2671	1488	n
17863694	2669	1488	n
17863946	2671	1488	n
17874360	2669	1488	n
17874614	2671	1488	n
17874870	2669	1488	n
17875121	2669	1488	n
17875372	2667	1488	n
17875625	2668	1488	n
17875880	2668	1488	n
17886296	2671	1488	n
17886552	2671	1489	n
17886808	2670	1488	n
17887059	2669	1489	n
17887310	2670	1489	n
17887567	2671	1489	n
17897940	2671	1488	n
17898191	2669	1488	n
17898442	2669	1488	n
17898699	2670	1488	n
17898950	2669	1488	n
17899201	2669	1488	n
17909640	2669	1488	n
17909891	2670	1488	n
17910142	2668	1488	n
17910394	2669	1488	n
17910653	2670	1488	n
17910904	2668	1488	n
17921263	2669	1488	n
17921518	2667	1488	n
17921773	2669	1488	n
17922024	2669	1488	n
17922276	2667	1488	n
17922533	2667	1488	n
17932975	2668	1488	n
17933226	2669	1488	n
17933477	2672	1487	n
17933733	2669	1488	n
17933984	2670	1488	n
17934235	2671	1488	n
17944658	2670	1488	n
17944909	2669	1488	n
17945161	2671	1488	n
17945412	2670	1488	n
17945672	2670	1488	n
17945923	2672	1488	n
17946174	2671	1488	n
17956595	2669	1488	n
17956850	2669	1488	n
17957101	2669	1488	n
17957352	2669	1488	n
17957605	2669	1488	n
17957861	2670	1488	n
17968234	2670	1488	n
17968485	2669	1488	n
17968742	2671	1488	n
17968993	2669	1488	n
17969244	2671	1488	n
17969501	2667	1488	n
17979930	2671	1488	n
17980203	2670	1488	n
17980454	2669	1488	n
17980712	2670	1488	n
17980994	2669	1488	n
17981246	2671	1488	n
17991625	2670	1488	n
17992106	2667	1488	n
17992388	2669	1488	n
17992646	2669	1488	n
17992897	2669	1488	n
17993148	2666	1488	n
17993430	2670	1488	n
18003855	2671	1488	Time:00:00:00:00;;
18004550	2671	1488	n
18004814	2671	1488	n
18005087	2671	1488	n
18005339	2669	1488	n
18015711	2669	1488	n
18016196	2670	1488	n
18016470	2670	1488	n
18016726	2668	1488	n
18016977	2670	1488	n
18017236	2669	1489	n
18027626	2670	1488	n
18028107	2672	1488	n
18028358	2670	1488	n
18028623	2669	1490	n
18028901	2669	1488	n
18029152	2669	1488	n
18029403	2670	1488	n
18039821	2671	1488	n
18040328	2670	1488	n
18040583	2670	1489	n
18040839	2670	1488	n
18041090	2669	1488	n
18041373	2671	1488	n
18051759	2670	1488	n
18052238	2671	1488	n
18052489	2668	1488	n
18052779	2670	1488	n
18053030	2670	1488	n
18053281	2671	1488	n
18063679	2669	1488	Time:00:00:00:00;;
18064380	2671	1488	n
18064663	2670	1488	n
18064914	2671	1489	n
18065174	2672	1489	n
18065447	2671	1488	n
18075840	2670	1488	n
18076317	2670	1488	n
18076579	2671	1489	n
18076857	2670	1489	n
18077108	2671	1488	n
18077359	2672	1489	n
18087777	2671	1488	n
18088285	2669	1488	n
18088538	2671	1488	n
18088793	2671	1488	n
18089053	2670	1488	n
18089326	2670	1488	n
18089580	2671	1488	n
18100024	2671	1488	n
18100516	2670	1488	n
18100793	2670	1488	n
18101044	2671	1489	n
18101296	2669	1489	n
18101557	2669	1488	n
18111987	2671	1488	n
18112469	2669	1488	n
18112725	2671	1488	n
18112985	2671	1488	n
18113258	2670	1488	n
18113515	2669	1488	n
18123898	2671	1488	n
18124376	2672	1489	n
18124666	2671	1488	n
18124917	2671	1488	n
18125169	2670	1488	n
18125420	2669	1488	n
18125706	2671	1488	n
18136076	2671	1488	n
18136555	2669	1488	n
18136810	2669	1488	n
18137092	2669	1488	n
18137343	2670	1488	n
18137598	2669	1488	n
18148031	2670	1488	n
18148543	2670	1488	n
18148799	2670	1488	n
18149050	2671	1488	n
18149301	2669	1489	n
18149587	2671	1488	n
18159951	2672	1490	n
18160433	2670	1489	n
18160689	2672	1488	n
18160949	2671	1488	n
18161222	2671	1488	n
18161474	2672	1488	n
18161729	2672	1489	n
18172129	2669	1488	n
18172648	2671	1488	n
18172899	2671	1488	n
18173150	2669	1488	n
18173410	2671	1488	n
18173694	2671	1488	n
18184084	2671	1488	n
18184569	2671	1488	n
18184833	2671	1488	n
18185107	2669	1488	n
18185358	2671	1488	n
18185615	2669	1488	n
18196003	2671	1488	n
18196518	2672	1489	n
18196774	2671	1488	n
18197025	2669	1488	n
18197285	2670	1488	n
18197563	2672	1488	n
18197818	2669	1488	n
18208181	2671	1489	n
18208672	2671	1489	n
18208954	2670	1488	n
18209205	2672	1488	n
18209457	2669	1489	n
18209713	2672	1488	n
18220136	2671	1488	Time:00:00:00:00;;
18220843	2669	1488	n
18221094	2670	1488	n
18221354	2669	1488	n
18221634	2671	1488	n
18221885	2671	1488	n
18232245	2670	1488	n
18232501	2671	1489	n
18232756	2671	1488	n
18233007	2672	1488	n
18233259	2671	1490	n
18233516	2671	1488	n
18243889	2669	1488	n
18244140	2671	1488	n
18244392	2671	1488	n
18244648	2670	1488	n
18244899	2671	1488	n
18245150	2671	1488	n
18255587	2671	1488	n
18255842	2671	1488	n
18256093	2670	1489	n
18256344	2671	1489	n
18256601	2670	1488	n
18256856	2668	1489	n
18267280	2672	1488	n
18267535	2672	1488	n
18267789	2671	1488	n
18268040	2669	1488	n
18268291	2670	1488	n
18268546	2667	1488	n
18278924	2670	1488	n
18279175	2671	1488	n
18279426	2672	1488	n
18279682	2672	1488	n
18279933	2671	1489	n
18280184	2669	1488	n
18290603	2671	1489	n
18290858	2669	1489	n
18291110	2671	1489	n
18291361	2671	1488	n
18291615	2671	1488	n
18291870	2671	1488	n
18292121	2671	1488	n
18302543	2670	1489	n
18302798	2667	1488	n
18303050	2671	1488	n
18303301	2670	1488	n
18303554	2671	1488	n
18303809	2670	1488	n
18314183	2669	1488	n
18314434	2671	1489	n
18314690	2671	1488	n
18314941	2670	1488	n
18315192	2671	1488	n
18315443	2670	1488	n
18325879	2672	1489	n
18326130	2672	1488	n
18326381	2671	1489	n
18326640	2672	1489	n
18326891	2672	1490	n
18327142	2672	1488	n
18337577	2672	1489	n
18337832	2671	1490	n
18338083	2671	1488	n
18338335	2671	1488	n
18338588	2671	1489	n
18338844	2671	1488	n
18349200	2667	1488	n
18349451	2669	1488	n
18349712	2671	1489	n
18349964	2670	1488	n
18350215	2671	1488	n
18350466	2669	1489	n
18350721	2671	1488	n
18361103	2672	1489	n
18361355	2672	1488	n
18361607	2671	1488	n
18361863	2671	1488	n
18362114	2671	1488	n
18362365	2670	1488	n
18372751	2670	1488	n
18373002	2672	1488	n
18373253	2671	1488	n
18373508	2671	1488	n
18373764	2671	1489	n
18374015	2670	1488	n
18384390	2671	1488	n
18384648	2672	1488	n
18384899	2671	1489	n
18385150	2671	1489	n
18385401	2671	1488	n
18385663	2672	1488	n
18396086	2671	1489	n
18396337	2672	1488	n
18396590	2671	1488	n
18396846	2669	1489	n
18397097	2672	1488	n
18397348	2672	1489	n
18407781	2671	1488	n
18408032	2671	1488	n
18408283	2671	1488	n
18408536	2672	1488	n
18408792	2671	1488	n
18409043	2670	1488	n
18419408	2671	1488	n
18419667	2671	1490	n
18419918	2672	1488	n
18420169	2672	1489	n
18420420	2672	1489	n
18420676	2670	1489	n
18420927	2672	1489	n
18431310	2672	1489	n
18431566	2672	1489	n
18431821	2671	1488	n
18432072	2671	1488	n
18432324	2671	1488	n
18432580	2670	1488	n
18442954	2670	1488	n
18443205	2671	1488	n
18443457	2671	1488	n
18443713	2670	1488	n
18443964	2671	1488	n
18444215	2671	1488	n
18454604	2672	1489	n
18454859	2670	1489	n
18455110	2670	1488	n
18455362	2669	1488	n
18455619	2670	1489	n
18455874	2671	1489	n
18466294	2671	1489	n
18466549	2671	1488	n
18466805	2671	1488	n
18467056	2672	1488	n
18467307	2671	1488	n
18467564	2671	1489	n
18477989	2671	1488	n
18478240	2671	1488	n
18478492	2671	1488	n
18478748	2671	1488	n
18478999	2671	1488	n
18479251	2669	1489	n
18489615	2670	1488	n
18489871	2671	1488	n
18490122	2670	1489	n
18490373	2670	1488	n
18490630	2672	1488	n
18490885	2671	1489	n
18491136	2670	1488	n
18501521	2670	1490	n
18501777	2672	1488	n
18502028	2670	1489	n
18502279	2670	1488	n
18502536	2672	1488	n
18502791	2671	1488	n
18513161	2672	1488	n
18513412	2671	1489	n
18513671	2672	1490	n
18513922	2672	1489	n
18514174	2672	1489	n
18514425	2670	1488	n
18524805	2670	1488	n
18525056	2671	1488	n
18525308	2671	1488	n
18525562	2671	1488	n
18525818	2672	1488	n
18526069	2670	1488	n
18536505	2672	1488	n
18536760	2670	1488	n
18537012	2671	1489	n
18537263	2672	1489	n
18537518	2671	1489	n
18537773	2671	1488	n
18548196	2670	1489	n
18548447	2672	1488	n
18548705	2672	1488	n
18548956	2672	1488	n
18549207	2672	1489	n
18549458	2671	1489	n
18559823	2672	1489	n
18560074	2671	1488	n
18560325	2672	1488	n
18560580	2671	1488	n
18560835	2671	1488	n
18561086	2672	1489	n
18561337	2671	1489	n
18571730	2669	1488	n
18571981	2671	1488	n
18572232	2671	1488	n
18572483	2670	1488	n
18572739	2671	1489	n
18572990	2672	1488	n
18583369	2672	1488	n
18583622	2669	1489	n
18583878	2671	1488	n
18584129	2669	1488	n
18584380	2672	1489	n
18584640	2671	1488	n
18595013	2672	1490	n
18595264	2672	1488	n
18595518	2672	1488	n
18595773	2670	1488	n
18596024	2672	1489	n
18596275	2671	1489	n
18606713	2671	1489	n
18606964	2672	1488	n
18607216	2671	1488	n
18607467	2670	1490	n
18607722	2672	1489	n
18607973	2669	1488	n
18618404	2672	1488	n
18618662	2671	1488	n
18618913	2669	1489	n
18619165	2671	1488	n
18619416	2671	1488	n
18619673	2671	1488	n
18630030	2671	1488	n
18630281	2669	1488	n
18630535	2670	1488	n
18630790	2670	1489	n
18631041	2670	1488	n
18631292	2671	1488	n
18631550	2672	1488	n
18641933	2671	1488	n
18642185	2672	1488	n
18642436	2671	1490	n
18642691	2672	1489	n
18642943	2672	1489	n
18643194	2671	1489	n
18653580	2672	1489	n
18653835	2670	1488	n
18654086	2671	1488	n
18654338	2671	1488	n
18654590	2671	1488	n
18654846	2671	1488	n
18665220	2671	1488	n
18665471	2672	1488	n
18665727	2669	1488	n
18665978	2669	1489	n
18666229	2672	1489	n
18666480	2671	1488	n
18676916	2671	1488	n
18677167	2670	1488	n
18677418	2670	1487	n
18677674	2670	1488	n
18677925	2670	1488	n
18678176	2670	1488	n
18688611	2672	1488	n
18688867	2670	1490	n
18689118	2671	1488	n
18689369	2670	1488	n
18689622	2669	1488	n
18689877	2671	1490	n
18700238	2667	1488	n
18700489	2667	1488	n
18700748	2669	1488	n
18700999	2667	1488	n
18701250	2668	1488	n
18701505	2671	1488	n
18701761	2669	1488	n
18712140	2670	1488	n
18712392	2671	1488	n
18712648	2669	1489	n
18712899	2671	1488	n
18713151	2671	1488	n
18713402	2670	1488	n
18723787	2671	1488	n
18724038	2669	1489	n
18724289	2669	1488	n
18724546	2670	1488	n
18724801	2672	1488	n
18725052	2671	1489	n
18735428	2670	1489	n
18735684	2672	1489	n
18735935	2669	1488	n
18736186	2671	1488	n
18736437	2671	1489	n
18736692	2671	1488	n
18747124	2670	1488	n
18747375	2669	1488	n
18747636	2671	1488	n
18747887	2671	1488	n
18748138	2670	1488	n
18748389	2670	1488	n
18758819	2671	1488	n
18759070	2671	1488	n
18759321	2671	1488	n
18759577	2671	1488	n
18759833	2671	1488	n
18760084	2670	1489	n
18770445	2671	1489	n
18770705	2671	1488	n
18770956	2671	1488	n
18771207	2672	1489	n
18771459	2669	1488	n
18771715	2672	1488	n
18771966	2671	1489	n
18782348	2671	1488	n
18782603	2672	1489	n
18782859	2671	1488	n
18783110	2671	1488	n
18783361	2671	1488	n
18783615	2669	1488	n
18793991	2670	1488	n
18794242	2671	1488	n
18794495	2672	1489	n
18794751	2669	1488	n
18795002	2672	1488	n
18795253	2670	1488	n
18805643	2672	1488	n
18805894	2671	1488	n
18806145	2670	1489	n
18806396	2669	1488	n
18806653	2672	1489	n
18806905	2671	1489	n
18817331	2672	1489	n
18817587	2671	1488	n
18817842	2669	1488	n
18818093	2670	1488	n
18818344	2670	1487	n
18818602	2671	1489	n
18829026	2671	1488	n
18829277	2669	1489	n
18829532	2671	1489	n
18829788	2670	1488	n
18830039	2671	1489	n
18830290	2672	1488	n
18840657	2671	1488	n
18840908	2671	1489	n
18841159	2671	1488	n
18841411	2669	1488	n
18841671	2670	1488	n
18841922	2670	1488	n
18842173	2671	1488	n
18852560	2671	1488	n
18852815	2669	1488	n
18853066	2669	1488	n
18853318	2669	1488	n
18853571	2670	1488	n
18853826	2667	1488	n
18864199	2671	1488	n
18864451	2670	1488	n
18864707	2671	1488	n
18864959	2671	1488	n
18865210	2671	1488	n
18865461	2667	1488	n
18875843	2668	1488	n
18876094	2670	1488	n
18876345	2667	1490	n
18876600	2669	1488	n
18876856	2670	1488	n
18877107	2669	1488	n
18887543	2671	1488	n
18887799	2671	1488	n
18888050	2671	1488	n
18888301	2669	1488	n
18888554	2671	1488	n
18888809	2671	1488	n
18899234	2671	1489	n
18899485	2670	1490	n
18899742	2672	1488	n
18899993	2671	1490	n
18900244	2670	1488	n
18900501	2670	1490	n
18910930	2672	1489	n
18911181	2669	1488	n
18911432	2671	1490	n
18911688	2671	1488	n
18911939	2670	1489	n
18912190	2671	1488	n
18912441	2670	1488	n
18922849	2669	1488	n
18923101	2669	1488	n
18923352	2670	1488	n
18923605	2670	1488	n
18923860	2669	1488	n
18924111	2670	1489	n
18934494	2670	1488	n
18934750	2672	1488	n
18935001	2671	1488	n
18935253	2670	1488	n
18935508	2670	1488	n
18935764	2670	1488	n
18946189	2672	1488	n
18946440	2671	1489	n
18946696	2671	1488	n
18946947	2670	1488	n
18947198	2669	1488	n
18947449	2669	1488	n
18957832	2671	1488	n
18958083	2670	1488	n
18958334	2669	1488	n
18958587	2670	1488	n
18958842	2670	1489	n
18959093	2669	1489	n
18969533	2671	1488	n
18969788	2670	1488	n
18970039	2672	1488	n
18970290	2670	1488	n
18970547	2670	1488	n
18970802	2669	1488	n
18981213	2671	1488	n
18981535	2671	1488	n
18981791	2670	1488	n
18982042	2671	1488	n
18982302	2669	1488	n
18982580	2670	1488	n
18982835	2670	1488	n
18993229	2670	1488	n
18993723	2672	1488	n
18993997	2671	1489	n
18994248	2672	1488	n
18994501	2671	1489	n
18994766	2670	1488	n
19005193	2669	1489	Time:00:00:00:00;;
19005893	2671	1488	n
19006145	2671	1488	n
19006427	2670	1488	n
19006682	2670	1488	n
19006933	2670	1488	n
19017293	2671	1488	n
19017811	2669	1488	n
19018062	2671	1488	n
19018313	2671	1488	n
19018570	2669	1488	n
19018854	2669	1488	n
19029247	2671	1488	n
19029729	2671	1488	n
19029981	2671	1488	n
19030241	2671	1488	n
19030518	2671	1488	n
19030773	2669	1488	n
19041201	2671	1488	n
19041694	2671	1488	n
19041967	2671	1488	n
19042219	2672	1488	n
19042470	2671	1488	n
19042734	2672	1488	n
19043008	2671	1488	n
19053431	2670	1489	n
19053915	2670	1488	n
19054175	2670	1488	n
19054449	2670	1488	n
19054706	2671	1488	n
19054957	2670	1488	n
19065386	2671	1488	Time:00:00:00:00;;
19066115	2671	1489	n
19066366	2671	1488	n
19066630	2672	1488	n
19066908	2670	1489	n
19067159	2670	1489	n
19077587	2671	1489	n
19078078	2672	1489	n
19078351	2671	1489	n
19078604	2672	1488	n
19078860	2671	1488	n
19079119	2671	1488	n
19089549	2670	1488	n
19090029	2672	1488	n
19090280	2672	1489	n
19090546	2671	1488	n
19090824	2672	1489	n
19091075	2670	1489	n
19101491	2671	1488	n
19101983	2671	1489	n
19102256	2672	1488	n
19102512	2671	1489	n
19102768	2671	1490	n
19103028	2671	1488	n
19103302	2672	1488	n
19113725	2670	1488	n
19114205	2671	1488	n
19114464	2669	1489	n
19114744	2669	1488	n
19114995	2669	1488	n
19115246	2671	1488	n
19125679	2671	1488	n
19126188	2671	1489	n
19126439	2672	1489	n
19126695	2672	1488	n
19126955	2670	1488	n
19127229	2671	1488	n
19137629	2672	1489	n
19138109	2671	1488	n
19138360	2672	1488	n
19138648	2671	1488	n
19138899	2671	1489	n
19139150	2670	1488	n
19139401	2672	1489	n
19149868	2669	1489	n
19150346	2671	1489	n
19150600	2671	1488	n
19150856	2671	1488	n
19151138	2671	1488	n
19151389	2670	1488	n
19161814	2671	1488	n
19162295	2670	1488	n
19162580	2668	1489	n
19162835	2669	1488	n
19163086	2669	1489	n
19163338	2671	1490	n
19173750	2671	1489	n
19174238	2671	1488	n
19174489	2671	1488	n
19174748	2669	1489	n
19175030	2671	1488	n
19175281	2670	1488	n
19175535	2672	1488	n
19185911	2671	1488	n
19186402	2671	1488	n
19186685	2670	1488	n
19186936	2671	1489	n
19187187	2670	1488	n
19187447	2670	1488	n
19197866	2670	1488	n
19198345	2670	1489	n
19198601	2671	1489	n
19198866	2670	1488	n
19199145	2671	1488	n
19199396	2671	1490	n
19209803	2671	1488	n
19210289	2671	1488	n
19210566	2671	1489	n
19210821	2670	1488	n
19211072	2672	1490	n
19211332	2671	1488	n
19211612	2671	1488	n
19222050	2670	1488	Time:00:00:00:00;;
19222729	2671	1488	n
19222980	2671	1488	n
19223231	2671	1488	n
19223483	2670	1488	n
19233884	2671	1488	n
19234135	2671	1489	n
19234386	2671	1488	n
19234644	2670	1488	n
19234895	2671	1488	n
19235146	2668	1488	n
19245563	2670	1488	n
19245818	2671	1488	n
19246069	2670	1488	n
19246321	2671	1488	n
19246578	2671	1489	n
19246833	2671	1489	n
19247084	2672	1488	n
19257505	2670	1488	n
19257760	2671	1489	n
19258012	2671	1489	n
19258263	2671	1488	n
19258518	2672	1488	n
19258774	2672	1488	n
19269143	2672	1488	n
19269394	2669	1488	n
19269652	2671	1488	n
19269904	2671	1488	n
19270155	2671	1488	n
19270406	2671	1488	n
19280839	2671	1488	n
19281090	2671	1488	n
19281341	2670	1488	n
19281597	2670	1488	n
19281853	2671	1488	n
19282104	2670	1488	n
19292465	2669	1488	n
19292720	2669	1488	n
19292971	2670	1488	n
19293222	2670	1489	n
19293473	2672	1488	n
19293729	2671	1488	n
19304091	2671	1488	n
19304342	2670	1489	n
19304597	2671	1489	n
19304852	2671	1488	n
19305103	2671	1488	n
19305354	2672	1489	n
19315770	2671	1488	n
19316021	2670	1488	n
19316272	2670	1489	n
19316529	2672	1488	n
19316784	2671	1488	n
19317036	2667	1488	n
19317287	2670	1488	n
19327711	2671	1489	n
19327962	2671	1490	n
19328213	2672	1488	n
19328464	2669	1489	n
19328719	2671	1489	n
19328970	2671	1488	n
19339350	2671	1489	n
19339603	2671	1488	n
19339859	2671	1488	n
19340110	2669	1488	n
19340361	2670	1488	n
19340615	2671	1488	n
19351046	2672	1491	n
19351297	2671	1489	n
19351552	2672	1488	n
19351808	2672	1488	n
19352059	2671	1489	n
19352310	2671	1488	n
19362677	2669	1489	n
19362928	2670	1488	n
19363179	2671	1488	n
19363431	2671	1490	n
19363687	2672	1488	n
19363938	2672	1488	n
19374299	2671	1488	n
19374552	2670	1488	n
19374807	2671	1488	n
19375059	2671	1489	n
19375310	2671	1488	n
19375567	2670	1488	n
19385978	2672	1489	n
19386229	2671	1489	n
19386480	2672	1489	n
19386736	2670	1490	n
19386987	2672	1488	n
19387238	2672	1489	n
19387489	2671	1488	n
19397914	2671	1488	n
19398166	2671	1490	n
19398417	2671	1488	n
19398673	2671	1489	n
19398924	2671	1491	n
19399175	2672	1488	n
19409564	2671	1488	n
19409819	2670	1488	n
19410070	2669	1488	n
19410321	2669	1488	n
19410577	2671	1490	n
19410833	2670	1489	n
19421254	2670	1488	n
19421508	2671	1488	n
19421763	2670	1489	n
19422015	2669	1489	n
19422266	2670	1488	n
19422519	2671	1488	n
19432880	2671	1488	n
19433131	2671	1489	n
19433382	2672	1489	n
19433643	2672	1488	n
19433894	2671	1489	n
19434145	2672	1488	n
19444512	2670	1489	n
19444768	2672	1489	n
19445019	2671	1490	n
19445270	2672	1488	n
19445526	2670	1488	n
19445782	2671	1488	n
19456185	2671	1488	n
19456436	2671	1489	n
19456692	2670	1488	n
19456943	2672	1488	n
19457194	2671	1489	n
19457446	2671	1488	n
19457705	2669	1488	n
19468121	2671	1488	n
19468372	2670	1488	n
19468630	2669	1489	n
19468885	2669	1488	n
19469136	2670	1488	n
19469387	2670	1489	n
19479770	2670	1488	n
19480021	2671	1488	n
19480272	2672	1489	n
19480529	2672	1488	n
19480785	2671	1489	n
19481036	2670	1488	n
19491461	2670	1489	n
19491716	2671	1489	n
19491967	2672	1489	n
19492218	2672	1488	n
19492470	2671	1489	n
19492725	2671	1488	n
19503088	2671	1489	n
19503339	2670	1488	n
19503594	2671	1488	n
19503850	2672	1488	n
19504101	2669	1488	n
19504352	2670	1488	n
19514718	2671	1489	n
19514969	2671	1488	n
19515220	2670	1488	n
19515471	2672	1488	n
19515727	2671	1489	n
19515978	2669	1488	n
19526393	2672	1489	n
19526653	2672	1490	n
19526904	2672	1488	n
19527155	2671	1488	n
19527406	2672	1488	n
19527667	2672	1491	n
19527918	2672	1490	n
19538329	2670	1488	n
19538584	2671	1488	n
19538840	2672	1490	n
19539091	2672	1488	n
19539342	2671	1490	n
19539597	2671	1490	n
19549973	2672	1489	n
19550224	2672	1489	n
19550476	2672	1488	n
19550731	2672	1488	n
19550983	2672	1490	n
19551234	2672	1489	n
19561673	2671	1489	n
19561924	2671	1488	n
19562175	2672	1488	n
19562427	2672	1488	n
19562682	2671	1489	n
19562933	2672	1489	n
19573295	2672	1489	n
19573549	2672	1489	n
19573805	2671	1488	n
19574056	2672	1489	n
19574307	2672	1490	n
19574563	2672	1488	n
19585007	2672	1490	n
19585258	2672	1488	n
19585515	2672	1489	n
19585771	2671	1489	n
19586022	2671	1489	n
19586273	2672	1489	n
19596686	2672	1488	n
19596937	2672	1488	n
19597188	2672	1488	n
19597439	2672	1488	n
19597695	2672	1489	n
19597946	2672	1488	n
19598197	2671	1489	n
19608629	2672	1490	n
19608885	2672	1489	n
19609136	2672	1489	n
19609387	2671	1489	n
19609644	2672	1489	n
19609895	2672	1490	n
19620266	2672	1490	n
19620519	2672	1489	n
19620774	2672	1489	n
19621025	2672	1489	n
19621277	2672	1489	n
19621532	2672	1488	n
19631962	2671	1489	n
19632213	2672	1488	n
19632464	2671	1489	n
19632719	2671	1488	n
19632970	2672	1488	n
19633221	2671	1489	n
19643662	2672	1488	n
19643913	2671	1489	n
19644164	2672	1489	n
19644415	2671	1488	n
19644672	2670	1488	n
19644923	2671	1489	n
19655284	2672	1489	n
19655538	2671	1489	n
19655793	2672	1489	n
19656044	2672	1490	n
19656295	2671	1490	n
19656550	2672	1489	n
19656805	2671	1489	n
19667186	2672	1489	n
19667438	2672	1492	n
19667693	2671	1491	n
19667944	2672	1491	n
19668195	2672	1489	n
19668446	2672	1489	n
19678830	2671	1489	n
19679081	2671	1489	n
19679333	2671	1488	n
19679586	2672	1488	n
19679842	2671	1488	n
19680093	2672	1488	n
19690474	2672	1488	n
19690730	2671	1489	n
19690981	2671	1488	n
19691232	2672	1490	n
19691483	2671	1488	n
19691739	2671	1491	n
19702170	2672	1490	n
19702421	2671	1489	n
19702676	2672	1488	n
19702927	2672	1490	n
19703178	2672	1488	n
19703430	2672	1491	n
19713865	2672	1488	n
19714116	2672	1488	n
19714368	2672	1489	n
19714621	2670	1489	n
19714876	2672	1489	n
19715127	2672	1488	n
19725493	2671	1488	n
19725749	2671	1488	n
19726000	2672	1488	n
19726251	2672	1488	n
19726508	2671	1488	n
19726764	2672	1491	n
19727015	2671	1488	n
19737394	2672	1490	n
19737653	2672	1489	n
19737904	2671	1488	n
19738155	2672	1488	n
19738406	2672	1489	n
19738667	2672	1488	n
19749038	2671	1489	n
19749289	2672	1491	n
19749546	2672	1490	n
19749801	2672	1488	n
19750052	2671	1491	n
19750303	2671	1490	n
19760685	2672	1491	n
19760936	2672	1490	n
19761187	2672	1489	n
19761438	2672	1490	n
19761694	2672	1488	n
19761945	2671	1489	n
19772377	2672	1488	n
19772634	2671	1488	n
19772886	2671	1488	n
19773137	2672	1488	n
19773388	2670	1488	n
19773645	2671	1488	n
19784072	2672	1490	n
19784323	2671	1490	n
19784580	2672	1488	n
19784835	2672	1490	n
19785086	2672	1488	n
19785337	2671	1489	n
19795701	2672	1489	n
19795953	2672	1488	n
19796204	2673	1489	n
19796455	2671	1489	n
19796712	2672	1490	n
19796964	2672	1491	n
19797215	2672	1489	n
19807603	2672	1491	n
19807859	2672	1489	n
19808110	2672	1489	n
19808361	2671	1488	n
19808615	2672	1488	n
19808870	2672	1488	n
19819245	2671	1488	n
19819501	2671	1488	n
19819756	2672	1488	n
19820007	2672	1488	n
19820258	2672	1489	n
19820516	2672	1489	n
19830889	2672	1490	n
19831140	2672	1489	n
19831391	2672	1489	n
19831648	2672	1490	n
19831899	2672	1488	n
19832150	2672	1490	n
19842587	2672	1488	n
19842842	2672	1489	n
19843093	2672	1490	n
19843344	2671	1490	n
19843601	2672	1490	n
19843857	2672	1488	n
19854280	2671	1488	n
19854535	2671	1488	n
19854789	2672	1489	n
19855040	2671	1488	n
19855291	2671	1490	n
19855546	2672	1489	n
19865907	2672	1490	n
19866158	2671	1489	n
19866409	2672	1489	n
19866667	2672	1489	n
19866918	2672	1490	n
19867170	2672	1488	n
19867421	2670	1488	n
19877809	2671	1490	n
19878061	2672	1488	n
19878312	2671	1488	n
19878566	2671	1489	n
19878821	2672	1489	n
19879073	2671	1489	n
19889453	2671	1489	n
19889712	2672	1489	n
19889963	2672	1489	n
19890214	2672	1488	n
19890466	2672	1489	n
19890721	2671	1488	n
19901096	2672	1489	n
19901347	2672	1488	n
19901604	2672	1488	n
19901859	2670	1490	n
19902110	2671	1489	n
19902362	2672	1488	n
19912792	2670	1488	n
19913043	2671	1488	n
19913294	2672	1490	n
19913549	2671	1490	n
19913804	2671	1488	n
19914055	2672	1489	n
19924487	2672	1490	n
19924744	2672	1488	n
19924995	2672	1489	n
19925246	2672	1490	n
19925501	2672	1488	n
19925757	2672	1489	n
19936114	2667	1488	n
19936365	2669	1488	n
19936621	2671	1489	n
19936877	2667	1488	n
19937128	2670	1488	n
19937379	2670	1488	n
19937640	2671	1488	n
19948016	2672	1490	n
19948268	2671	1489	n
19948521	2672	1488	n
19948776	2672	1489	n
19949028	2672	1489	n
19949279	2671	1488	n
19959665	2672	1488	n
19959916	2672	1488	n
19960167	2671	1489	n
19960418	2671	1488	n
19960674	2672	1489	n
19960925	2672	1489	n
19971304	2672	1488	n
19971560	2671	1488	n
19971815	2672	1489	n
19972066	2671	1490	n
19972318	2672	1488	n
19972571	2672	1490	n
19983000	2672	1489	n
19983349	2671	1488	n
19983604	2671	1489	n
19983859	2672	1489	n
19984119	2672	1490	n
19984392	2672	1488	n
19994781	2672	1489	n
19995258	2671	1489	n
19995515	2671	1488	n
19995801	2672	1489	n
19996052	2671	1488	n
19996303	2671	1488	n
19996569	2671	1488	n
20007020	2672	1488	Time:00:00:00:00;;
20007717	2672	1488	n
20007968	2672	1490	n
20008251	2672	1488	n
20008508	2673	1491	n
20018931	2672	1489	n
20019408	2672	1488	n
20019696	2672	1489	n
20019948	2672	1488	n
20020199	2672	1488	n
20020450	2671	1488	n
20020738	2672	1489	n
20031161	2671	1488	n
20031643	2672	1488	n
20031894	2671	1490	n
20032176	2671	1488	n
20032427	2672	1488	n
20032682	2671	1488	n
20043047	2672	1489	n
20043535	2672	1489	n
20043813	2672	1489	n
20044064	2671	1490	n
20044315	2671	1488	n
20044580	2672	1490	n
20054984	2672	1489	n
20055462	2672	1491	n
20055718	2672	1490	n
20055978	2672	1489	n
20056251	2672	1488	n
20056508	2672	1491	n
20056764	2671	1489	n
20067129	2672	1489	Time:00:00:00:00;;
20067857	2672	1488	n
20068108	2672	1488	n
20068359	2673	1488	n
20068648	2671	1488	n
20079065	2672	1489	n
20079546	2670	1488	n
20079801	2672	1488	n
20080083	2671	1489	n
20080334	2672	1490	n
20080587	2672	1491	n
20090985	2672	1488	n
20091493	2671	1489	n
20091749	2672	1490	n
20092000	2672	1488	n
20092251	2672	1489	n
20092535	2672	1488	n
20092791	2672	1488	n
20103180	2672	1491	n
20103667	2672	1489	n
20103927	2672	1488	n
20104201	2672	1488	n
20104452	2671	1488	n
20104713	2672	1488	n
20115118	2671	1488	n
20115640	2671	1488	n
20115891	2670	1489	n
20116142	2670	1488	n
20116402	2671	1488	n
20116685	2671	1488	n
20127124	2672	1489	n
20127603	2672	1488	n
20127868	2671	1488	n
20128141	2672	1488	n
20128392	2672	1489	n
20128653	2671	1488	n
20128913	2672	1488	n
20139328	2672	1488	n
20139811	2671	1488	n
20140062	2671	1489	n
20140322	2671	1489	n
20140601	2672	1489	n
20140856	2672	1488	n
20151239	2672	1489	n
20151734	2672	1489	n
20152007	2672	1490	n
20152258	2672	1489	n
20152516	2672	1489	n
20152779	2672	1489	n
20163176	2672	1490	n
20163664	2670	1489	n
20163915	2672	1489	n
20164166	2672	1489	n
20164449	2671	1488	n
20164706	2671	1489	n
20164958	2671	1488	n
20175371	2672	1489	n
20175886	2672	1488	n
20176138	2671	1491	n
20176389	2672	1490	n
20176646	2672	1490	n
20176928	2672	1488	n
20187291	2672	1488	n
20187782	2673	1490	n
20188033	2672	1489	n
20188316	2672	1489	n
20188569	2672	1490	n
20188825	2672	1490	n
20199229	2673	1490	n
20199727	2672	1489	n
20200007	2672	1488	n
20200258	2671	1488	n
20200515	2672	1491	n
20200779	2671	1489	n
20201053	2672	1488	n
20211424	2670	1488	n
20211906	2672	1489	n
20212166	2672	1489	n
20212439	2672	1490	n
20212695	2672	1488	n
20212946	2671	1490	n
20223344	2672	1488	Time:00:00:00:00;;
20224023	2671	1490	n
20224274	2672	1489	n
20224529	2672	1489	n
20224784	2672	1489	n
20225036	2672	1490	n
20235401	2672	1489	n
20235663	2672	1489	n
20235914	2670	1489	n
20236165	2672	1489	n
20236417	2672	1488	n
20236673	2672	1489	n
20247045	2672	1489	n
20247296	2672	1489	n
20247552	2671	1488	n
20247808	2671	1489	n
20248059	2670	1489	n
20248310	2670	1490	n
20258744	2672	1489	n
20258996	2672	1488	n
20259247	2672	1489	n
20259501	2671	1488	n
20259756	2672	1489	n
20260008	2672	1488	n
20270436	2671	1489	n
20270692	2672	1489	n
20270943	2672	1489	n
20271194	2671	1490	n
20271445	2672	1489	n
20271705	2672	1488	n
20282063	2672	1488	n
20282314	2672	1489	n
20282569	2672	1488	n
20282824	2672	1489	n
20283075	2672	1489	n
20283327	2672	1490	n
20283580	2672	1488	n
20293965	2671	1489	n
20294217	2672	1490	n
20294468	2672	1491	n
20294723	2672	1489	n
20294974	2672	1489	n
20295225	2672	1488	n
20305615	2672	1489	n
20305870	2672	1489	n
20306121	2673	1489	n
20306372	2672	1490	n
20306629	2672	1489	n
20306885	2672	1489	n
20317253	2671	1489	n
20317508	2672	1489	n
20317763	2672	1490	n
20318015	2672	1488	n
20318266	2672	1490	n
20318519	2671	1489	n
20328949	2672	1490	n
20329200	2672	1489	n
20329451	2672	1489	n
20329712	2672	1489	n
20329963	2672	1490	n
20330214	2672	1489	n
20340649	2672	1489	n
20340900	2671	1491	n
20341151	2671	1490	n
20341402	2672	1488	n
20341662	2672	1490	n
20341913	2672	1489	n
20352270	2672	1489	n
20352526	2671	1489	n
20352782	2672	1489	n
20353033	2672	1488	n
20353284	2672	1489	n
20353537	2672	1489	n
20353793	2672	1489	n
20364173	2673	1490	n
20364425	2673	1490	n
20364680	2672	1492	n
20364931	2672	1491	n
20365183	2672	1488	n
20365434	2672	1490	n
20375816	2672	1490	n
20376067	2672	1489	n
20376319	2672	1488	n
20376572	2672	1488	n
20376828	2672	1489	n
20377079	2671	1489	n
20387460	2671	1489	n
20387716	2671	1488	n
20387967	2672	1488	n
20388218	2670	1488	n
20388470	2672	1488	n
20388725	2672	1488	n
20399156	2672	1489	n
20399407	2671	1489	n
20399666	2672	1488	n
20399917	2672	1489	n
20400168	2672	1490	n
20400419	2671	1488	n
20410851	2672	1488	n
20411102	2672	1489	n
20411354	2672	1488	n
20411607	2672	1488	n
20411862	2672	1489	n
20412113	2670	1488	n
20422478	2673	1488	n
20422734	2670	1490	n
20422985	2671	1488	n
20423236	2672	1489	n
20423487	2672	1488	n
20423743	2672	1488	n
20423995	2672	1490	n
20434380	2672	1489	n
20434639	2672	1489	n
20434891	2672	1490	n
20435142	2672	1488	n
20435393	2672	1489	n
20435653	2672	1489	n
20446024	2672	1491	n
20446275	2672	1490	n
20446532	2672	1489	n
20446788	2671	1489	n
20447039	2672	1489	n
20447290	2672	1489	n
20457673	2672	1489	n
20457924	2672	1489	n
20458175	2672	1489	n
20458426	2672	1489	n
20458682	2672	1490	n
20458933	2672	1490	n
20469364	2672	1489	n
20469618	2672	1489	n
20469874	2672	1489	n
20470125	2672	1489	n
20470376	2672	1489	n
20470636	2672	1488	n
20481059	2669	1489	n
20481310	2672	1488	n
20481566	2672	1488	n
20481821	2671	1488	n
20482072	2671	1488	n
20482323	2671	1488	n
20492690	2672	1488	n
20492941	2672	1489	n
20493192	2671	1488	n
20493443	2671	1488	n
20493699	2672	1490	n
20493950	2672	1489	n
20494201	2672	1488	n
20504590	2672	1490	n
20504845	2671	1489	n
20505097	2672	1491	n
20505348	2672	1490	n
20505604	2672	1489	n
20505859	2672	1488	n
20516231	2672	1489	n
20516482	2672	1488	n
20516738	2671	1489	n
20516990	2669	1489	n
20517241	2670	1489	n
20517493	2671	1488	n
20527875	2672	1488	n
20528126	2672	1489	n
20528377	2672	1489	n
20528636	2670	1488	n
20528887	2671	1489	n
20529138	2671	1488	n
20539573	2672	1489	n
20539828	2672	1490	n
20540079	2671	1489	n
20540330	2671	1489	n
20540587	2672	1488	n
20540843	2672	1490	n
20551266	2672	1490	n
20551519	2672	1490	n
20551775	2672	1489	n
20552026	2672	1489	n
20552277	2672	1491	n
20552532	2672	1488	n
20562893	2671	1488	n
20563144	2671	1490	n
20563395	2672	1489	n
20563653	2671	1489	n
20563904	2672	1489	n
20564155	2671	1490	n
20564406	2671	1488	n
20574798	2670	1488	n
20575050	2671	1488	n
20575301	2672	1489	n
20575554	2672	1488	n
20575809	2672	1489	n
20576060	2671	1488	n
20586439	2671	1490	n
20586695	2671	1489	n
20586947	2672	1490	n
20587198	2672	1489	n
20587449	2672	1489	n
20587706	2671	1488	n
20598083	2672	1488	n
20598334	2669	1489	n
20598587	2672	1491	n
20598842	2671	1489	n
20599093	2671	1488	n
20599345	2671	1487	n
20609779	2672	1489	n
20610030	2672	1489	n
20610281	2670	1488	n
20610535	2672	1489	n
20610791	2672	1489	n
20611042	2671	1489	n
20621474	2673	1488	n
20621730	2671	1489	n
20621981	2672	1488	n
20622232	2672	1490	n
20622483	2671	1489	n
20622739	2672	1489	n
20633100	2672	1489	n
20633351	2672	1488	n
20633604	2672	1488	n
20633860	2672	1489	n
20634111	2670	1488	n
20634362	2672	1488	n
20634619	2671	1489	n
20645003	2672	1488	n
20645255	2671	1489	n
20645508	2672	1490	n
20645764	2672	1488	n
20646015	2672	1488	n
20646266	2671	1488	n
20656655	2672	1489	n
20656906	2672	1488	n
20657157	2671	1488	n
20657408	2671	1489	n
20657667	2671	1488	n
20657918	2672	1490	n
20668290	2672	1489	n
20668546	2672	1488	n
20668801	2671	1489	n
20669052	2672	1489	n
20669304	2671	1490	n
20669561	2671	1489	n
20679986	2672	1490	n
20680237	2672	1490	n
20680488	2672	1489	n
20680748	2671	1489	n
20681000	2672	1490	n
20681251	2671	1489	n
20691685	2672	1489	n
20691936	2672	1489	n
20692187	2671	1489	n
20692439	2672	1490	n
20692695	2672	1489	n
20692946	2671	1488	n
20703308	2671	1488	n
20703563	2672	1489	n
20703818	2671	1489	n
20704069	2671	1488	n
20704320	2671	1489	n
20704573	2672	1488	n
20704828	2672	1488	n
20715210	2672	1489	n
20715462	2672	1490	n
20715717	2671	1489	n
20715968	2672	1489	n
20716219	2672	1489	n
20716471	2672	1488	n
20726854	2671	1489	n
20727105	2672	1489	n
20727356	2672	1489	n
20727611	2672	1490	n
20727867	2672	1489	n
20728118	2672	1489	n
20738501	2671	1489	n
20738756	2671	1488	n
20739007	2671	1489	n
20739258	2671	1489	n
20739515	2672	1490	n
20739771	2671	1490	n
20750194	2672	1489	n
20750445	2672	1489	n
20750705	2672	1490	n
20750957	2671	1489	n
20751208	2672	1489	n
20751459	2670	1489	n
20761889	2672	1490	n
20762140	2672	1490	n
20762391	2672	1491	n
20762648	2672	1490	n
20762899	2672	1490	n
20763150	2672	1491	n
20773518	2672	1490	n
20773773	2672	1490	n
20774025	2672	1488	n
20774276	2671	1488	n
20774533	2672	1489	n
20774788	2673	1488	n
20775039	2669	1490	n
20785418	2672	1488	n
20785674	2672	1490	n
20785926	2672	1490	n
20786177	2672	1489	n
20786428	2672	1489	n
20786683	2671	1490	n
20797061	2672	1489	n
20797312	2672	1488	n
20797569	2671	1488	n
20797825	2671	1488	n
20798076	2671	1488	n
20798327	2671	1489	n
20808710	2672	1491	n
20808961	2672	1488	n
20809212	2672	1490	n
20809463	2672	1489	n
20809719	2672	1490	n
20809970	2672	1490	n
20820401	2672	1490	n
20820658	2672	1489	n
20820909	2672	1488	n
20821160	2671	1489	n
20821412	2672	1488	n
20821672	2672	1488	n
20832096	2671	1488	n
20832347	2671	1488	n
20832604	2671	1490	n
20832859	2671	1489	n
20833110	2671	1488	n
20833362	2672	1490	n
20843723	2672	1488	n
20843974	2671	1488	n
20844225	2672	1489	n
20844477	2673	1488	n
20844732	2672	1488	n
20844984	2672	1489	n
20845235	2672	1488	n
20855629	2672	1490	n
20855884	2672	1490	n
20856136	2672	1490	n
20856387	2672	1490	n
20856644	2672	1491	n
20856895	2672	1488	n
20867269	2671	1489	n
20867526	2672	1489	n
20867782	2672	1488	n
20868033	2672	1489	n
20868284	2672	1488	n
20868538	2672	1489	n
20878913	2672	1488	n
20879164	2671	1488	n
20879415	2672	1489	n
20879672	2672	1489	n
20879923	2672	1488	n
20880174	2672	1490	n
20890612	2672	1489	n
20890867	2672	1489	n
20891118	2672	1489	n
20891369	2672	1489	n
20891622	2672	1489	n
20891878	2672	1491	n
20902304	2672	1490	n
20902560	2672	1489	n
20902815	2672	1491	n
20903066	2672	1490	n
20903317	2672	1489	n
20903571	2672	1490	n
20914000	2672	1489	n
20914251	2672	1488	n
20914508	2672	1488	n
20914764	2672	1489	n
20915015	2671	1489	n
20915266	2672	1488	n
20915519	2671	1488	n
20925919	2672	1489	n
20926171	2672	1490	n
20926422	2672	1488	n
20926678	2672	1488	n
20926929	2672	1488	n
20927180	2672	1489	n
20937566	2672	1490	n
20937822	2672	1490	n
20938073	2672	1488	n
20938324	2671	1488	n
20938580	2672	1489	n
20938835	2672	1489	n
20949259	2672	1488	n
20949516	2672	1490	n
20949771	2672	1490	n
20950022	2672	1489	n
20950273	2671	1488	n
20950529	2672	1489	n
20960902	2671	1489	n
20961153	2672	1488	n
20961404	2672	1489	n
20961662	2672	1489	n
20961913	2672	1490	n
20962165	2671	1489	n
20972597	2671	1488	n
20972853	2672	1488	n
20973104	2671	1490	n
20973355	2671	1489	n
20973612	2671	1489	n
20973868	2671	1488	n
20984276	2672	1489	n
20984680	2671	1488	n
20984931	2672	1490	n
20985183	2672	1489	n
20985443	2672	1489	n
20985722	2672	1490	n
20985973	2671	1488	n
20996385	2673	1489	n
20996879	2669	1488	n
20997153	2672	1488	n
20997404	2671	1488	n
20997662	2670	1488	n
20997922	2672	1488	n
21008349	2671	1489	Time:00:00:00:00;;
21009045	2672	1489	n
21009297	2672	1490	n
21009584	2672	1489	n
21009839	2671	1489	n
21010091	2671	1489	n
210