ŠJ1497	n
23825	2192	1493	n
24319	2190	1491	n
24573	2191	1494	n
24827	2191	1494	n
25078	2191	1493	n
25369	2190	1493	n
25630	2190	1493	n
36003	2187	1491	n
36502	2187	1490	n
36763	2186	1491	n
37036	2189	1491	n
37286	2187	1491	n
37539	2187	1491	n
37802	2187	1491	n
38075	2187	1493	n
48498	2187	1490	n
48977	2190	1492	n
49236	2188	1493	n
49515	2190	1494	n
49771	2189	1494	n
50021	2188	1491	n
50280	2189	1491	n
60675	2189	1492	n
61149	2188	1493	n
61399	2184	1491	n
61666	2190	1494	n
61939	21
185058	2190	1493	n
185309	2190	1491	n
195690	2191	1494	n
196197	2190	1493	n
196448	2187	1493	n
196702	2191	1491	n
196962	2189	1491	n
197235	2190	1491	n
197492	2190	1493	n
207934	2189	1491	n
208416	2190	1494	n
208694	2190	1494	n
208945	2192	1493	n
209196	2189	1493	n
209455	2190	1492	n
209733	2189	1493	n
220146	2189	1493	n
220628	2191	1494	n
220879	2191	1492	n
221161	2191	1494	n
221412	2187	1492	n
221667	2188	1492	n
221918	2191	1492	n
232308	2189	1493	n
232800	2189	1495	n
233051	2190	1494	n
233301	2191	1492	n
233587	2190	1493	n
233842	2190	1492	n
234093	2189	1491	n
244469	2190	1492	n
244956	2189	1494	n
245229	2191	1492	n
245481	2190	1493	n
245737	2189	1493	n
245996	2188	1491	n
246269	2189	1494	n
256635	2191	1494	n
257110	2191	1489	n
257369	2189	1493	n
257653	2190	1493	n
257903	2191	1493	n
258154	2190	1493	n
258413	2190	1493	n
268844	2191	1492	n
269320	2190	1492	n
269573	2190	1492	n
269837	2191	1491	n
270110	2189	1495	n
270360	2191	1494	n
270615	2189	1493	n
280988	2190	1493	n
281499	2189	1493	n
281754	2191	1493	n
282005	2191	1493	n
282256	2191	1492	n
282539	2189	1493	n
282794	2190	1489	n
283045	2189	1493	n
293442	2190	1493	n
293954	2190	1494	n
294204	2189	1491	n
294455	2189	1493	n
294711	2189	1493	n
294970	2190	1491	n
295243	2190	1493	n
305608	2190	1493	n
306086	2191	1492	n
306345	2189	1491	n
306626	2190	1491	n
306877	2189	1491	n
307128	2189	1493	n
307387	2190	1494	n
317859	2191	1495	n
318333	2190	1493	n
318587	2190	1493	n
318851	2192	1495	n
319124	2189	1493	n
319375	2190	1493	n
319632	2190	1493	n
330012	2189	1494	n
330522	2190	1493	n
330775	2191	1493	n
331026	2190	1494	n
331285	2191	1491	n
331564	2190	1494	n
331819	2191	1493	n
342225	2189	1493	n
342720	2190	1493	n
342993	2191	1493	n
343244	2189	1493	n
343498	2192	1491	n
343762	2191	1494	n
344035	2191	1493	n
354473	2190	1491	n
354952	2192	1493	n
355212	2190	1493	n
355487	2191	1493	n
355743	2191	1493	n
355993	2190	1490	n
356253	2189	1494	n
366647	2191	1494	n
367121	2191	1493	n
367372	2191	1493	n
367629	2190	1493	n
367911	2191	1494	n
368162	2190	1494	n
368413	2191	1493	n
378778	2190	1491	n
379262	2191	1494	n
379538	2190	1493	n
379793	2190	1494	n
380044	2191	1492	n
380304	2191	1491	n
380581	2191	1491	n
391008	2189	1493	n
391488	2190	1494	n
391749	2191	1494	n
392022	2190	1493	n
392273	2190	1494	n
392530	2191	1494	n
392794	2191	1495	n
403255	2189	1493	n
403738	2189	1493	n
403989	2191	1493	n
404248	2190	1494	n
404523	2190	1493	n
404778	2191	1493	n
405029	2192	1493	n
415399	2189	1491	n
415912	2187	1491	n
416163	2191	1494	n
416414	2189	1494	n
416678	2190	1493	n
416952	2190	1493	n
417203	2187	1495	n
427613	2189	1493	n
428102	2190	1494	n
428375	2190	1493	n
428632	2191	1493	n
428883	2192	1494	n
429142	2191	1494	n
429415	2188	1492	n
429670	2189	1493	n
440067	2189	1493	n
440546	2190	1494	n
440832	2190	1493	n
441083	2189	1495	n
441334	2192	1495	n
441591	2191	1495	n
441877	2189	1495	n
452314	2191	1493	n
452805	2191	1493	n
453065	2191	1494	n
453338	2192	1494	n
453591	2190	1494	n
453846	2189	1494	n
454105	2191	1493	n
464575	2190	1493	Time:00:00:00:00;;
465301	2190	1493	n
465564	2189	1494	n
465842	2189	1493	n
466092	2189	1491	n
466343	2190	1493	n
476775	2191	1494	n
477282	2191	1493	n
477539	2188	1490	n
477794	2190	1491	n
478053	2189	1493	n
478326	2191	1495	n
478581	2190	1493	n
488988	2190	1494	n
489464	2192	1494	n
489750	2191	1495	n
490001	2191	1494	n
490251	2189	1493	n
490505	2190	1493	n
490790	2190	1494	n
501149	2190	1494	n
501633	2191	1493	n
501884	2191	1494	n
502144	2191	1492	n
502417	2190	1495	n
502672	2191	1493	n
502922	2189	1494	n
513310	2190	1493	n
513836	2190	1493	n
514087	2189	1493	n
514338	2190	1491	n
514601	2190	1493	n
514878	2191	1493	n
515129	2190	1493	n
525544	2189	1491	Time:00:00:00:00;;
526250	2189	1494	n
526525	2191	1493	n
526779	2189	1494	n
527039	2190	1493	n
527313	2190	1493	n
527567	2189	1493	n
537960	2189	1493	n
538446	2189	1493	n
538724	2192	1494	n
538975	2192	1493	n
539225	2189	1493	n
539487	2191	1493	n
539765	2192	1494	n
550122	2191	1491	n
550601	2190	1493	n
550856	2190	1493	n
551138	2189	1493	n
551389	2189	1494	n
551649	2191	1493	n
551900	2189	1493	n
562378	2191	1494	n
562862	2190	1493	n
563113	2189	1493	n
563363	2191	1492	n
563653	2191	1491	n
563904	2189	1491	n
564155	2190	1495	n
574519	2192	1494	n
575020	2190	1494	n
575293	2191	1494	n
575550	2190	1493	n
575805	2191	1494	n
576087	2191	1493	n
576338	2190	1491	n
586744	2190	1494	n
587220	2191	1494	n
587481	2191	1492	n
587759	2189	1493	n
588010	2191	1494	n
588261	2191	1494	n
588522	2191	1491	n
598991	2191	1493	n
599466	2191	1492	n
599721	2189	1493	n
599981	2190	1493	n
600254	2190	1493	n
600507	2191	1492	n
600762	2191	1494	n
611136	2191	1493	n
611652	2190	1495	n
611903	2191	1493	n
612154	2190	1493	n
612413	2189	1492	n
612698	2189	1491	n
612949	2192	1493	n
623365	2192	1493	n
623860	2191	1494	n
624133	2190	1494	n
624384	2190	1493	n
624645	2191	1493	n
624904	2192	1494	n
625185	2190	1494	n
635613	2190	1495	n
636099	2192	1494	n
636358	2190	1492	n
636639	2189	1493	n
636889	2190	1494	n
637140	2189	1495	n
637400	2189	1491	n
647826	2190	1495	n
648305	2191	1494	n
648558	2191	1493	n
648821	2189	1493	n
649095	2191	1493	n
649345	2192	1493	n
649601	2191	1492	n
659970	2191	1493	n
660487	2190	1493	n
660742	2191	1493	n
660993	2191	1494	n
661244	2191	1493	n
661530	2189	1494	n
661784	2191	1495	n
662035	2190	1495	n
672424	2192	1495	Time:00:00:00:00;;
673122	2191	1492	n
673373	2190	1493	n
673630	2191	1494	n
673880	2190	1494	n
674131	2190	1491	n
684505	2190	1492	n
684760	2191	1491	n
685010	2190	1493	n
685261	2190	1493	n
685515	2189	1492	n
685771	2191	1493	n
686022	2191	1493	n
696402	2191	1492	n
696658	2191	1492	n
696909	2191	1493	n
697160	2192	1493	n
697411	2191	1490	n
697666	2190	1494	n
708098	2192	1494	n
708349	2192	1493	n
708605	2191	1494	n
708860	2190	1495	n
709111	2191	1493	n
709362	2191	1495	n
709622	2192	1495	n
720017	2192	1493	n
720268	2192	1495	n
720521	2192	1494	n
720775	2192	1494	n
721026	2191	1494	n
721277	2190	1493	n
721532	2190	1494	n
731954	2189	1493	n
732205	2191	1493	n
732456	2191	1493	n
732711	2192	1493	n
732962	2191	1494	n
733213	2191	1493	n
733463	2191	1493	n
743856	2191	1494	n
744107	2191	1492	n
744358	2190	1492	n
744611	2190	1493	n
744866	2192	1491	n
745116	2190	1492	n
745367	2191	1493	n
755777	2191	1494	n
756027	2192	1494	n
756278	2192	1494	n
756532	2191	1492	n
756787	2191	1494	n
757038	2191	1493	n
757288	2192	1493	n
767700	2190	1493	n
767951	2191	1494	n
768202	2191	1493	n
768453	2190	1495	n
768708	2190	1491	n
768959	2191	1491	n
769210	2189	1490	n
779604	2191	1493	n
779859	2192	1494	n
780110	2191	1491	n
780361	2191	1492	n
780616	2191	1493	n
780871	2191	1493	n
781122	2190	1495	n
791538	2190	1493	n
791793	2191	1493	n
792044	2190	1494	n
792295	2191	1491	n
792549	2191	1495	n
792804	2192	1495	n
793055	2192	1494	n
803438	2187	1493	n
803698	2192	1493	n
803949	2190	1493	n
804200	2192	1495	n
804450	2189	1493	n
804705	2192	1493	n
804956	2192	1494	n
815340	2189	1494	n
815593	2190	1494	n
815848	2190	1494	n
816099	2190	1493	n
816350	2189	1492	n
816604	2191	1493	n
826967	2191	1493	n
827218	2191	1494	n
827469	2191	1493	n
827724	2191	1493	n
827975	2190	1493	n
828226	2190	1491	n
828477	2189	1493	n
838904	2190	1491	n
839155	2189	1491	n
839406	2191	1490	n
839661	2187	1493	n
839912	2187	1491	n
840163	2188	1489	n
840414	2190	1491	n
850806	2190	1493	n
851057	2190	1493	n
851308	2190	1491	n
851564	2191	1493	n
851819	2190	1493	n
852069	2191	1493	n
852320	2191	1493	n
862727	2189	1494	n
862978	2191	1493	n
863229	2190	1493	n
863480	2190	1493	n
863736	2188	1493	n
863987	2190	1494	n
864238	2190	1494	n
874650	2191	1493	n
874901	2192	1493	n
875152	2191	1494	n
875402	2192	1492	n
875659	2191	1494	n
875909	2191	1493	n
876160	2190	1493	n
886552	2191	1493	n
886807	2191	1494	n
887058	2191	1495	n
887309	2191	1493	n
887564	2191	1492	n
887819	2192	1494	n
888069	2192	1495	n
898487	2191	1494	n
898743	2191	1494	n
898993	2191	1494	n
899244	2192	1494	n
899499	2191	1494	n
899754	2192	1493	n
900005	2190	1494	n
910388	2189	1490	n
910649	2191	1492	n
910899	2191	1494	n
911150	2190	1493	n
911401	2191	1490	n
911658	2190	1493	n
911909	2191	1493	n
922290	2191	1492	n
922547	2191	1493	n
922802	2191	1493	n
923053	2190	1493	n
923304	2190	1491	n
923557	2191	1491	n
933917	2190	1493	n
934168	2191	1494	n
934419	2191	1494	n
934674	2191	1494	n
934925	2190	1493	n
935176	2190	1492	n
935426	2191	1493	n
945854	2192	1494	n
946262	2189	1495	n
946549	2189	1492	n
946804	2191	1494	n
947055	2189	1491	n
947306	2191	1495	n
947590	2189	1493	n
957998	2191	1494	n
958474	2190	1495	n
958730	2191	1494	n
959011	2192	1493	n
959262	2192	1494	n
959519	2192	1491	n
959774	2191	1495	n
970212	2191	1492	n
970703	2191	1494	n
970954	2192	1492	n
971205	2189	1493	n
971493	2190	1493	n
971748	2190	1493	n
971999	2191	1492	n
982373	2192	1493	n
982791	2192	1494	n
983051	2192	1494	n
983324	2192	1495	n
983576	2192	1493	n
983831	2192	1493	n
984091	2191	1494	n
984364	2190	1493	n
994745	2191	1493	n
995222	2191	1493	n
995473	2191	1494	n
995760	2192	1493	n
996011	2191	1493	n
996261	2192	1495	n
996516	2191	1494	n
1006997	2191	1494	Time:00:00:00:00;;
1007694	2192	1493	n
1007945	2192	1491	n
1008227	2191	1493	n
1008478	2192	1494	n
1008734	2191	1493	n
1019149	2192	1494	n
1019666	2190	1493	n
1019917	2192	1495	n
1020168	2191	1494	n
1020419	2191	1497	n
1020705	2192	1494	n
1031069	2191	1493	n
1031550	2191	1493	n
1031805	2192	1494	n
1032065	2192	1495	n
1032338	2191	1494	n
1032591	2192	1494	n
1032846	2192	1495	n
1043265	2190	1493	n
1043782	2191	1493	n
1044033	2190	1493	n
1044284	2191	1493	n
1044550	2190	1494	n
1044827	2191	1494	n
1045078	2192	1495	n
1055460	2192	1493	n
1055951	2190	1493	n
1056225	2190	1493	n
1056476	2190	1493	n
1056734	2190	1494	n
1056994	2191	1493	n
1067388	2192	1494	Time:00:00:00:00;;
1068090	2192	1494	n
1068341	2192	1494	n
1068629	2192	1493	n
1068880	2192	1494	n
1069130	2191	1494	n
1079547	2190	1492	n
1080059	2189	1492	n
1080310	2191	1491	n
1080567	2191	1493	n
1080822	2189	1492	n
1081103	2192	1493	n
1081354	2190	1493	n
1091740	2189	1494	n
1092216	2191	1491	n
1092475	2192	1494	n
1092757	2191	1493	n
1093008	2191	1491	n
1093259	2190	1492	n
1093522	2190	1493	n
1103942	2191	1495	n
1104419	2192	1498	n
1104674	2192	1494	n
1104934	2192	1493	n
1105207	2191	1494	n
1105458	2192	1495	n
1115853	2191	1493	n
1116344	2192	1491	n
1116626	2192	1495	n
1116877	2191	1494	n
1117128	2192	1493	n
1117387	2191	1492	n
1117671	2192	1494	n
1128049	2191	1494	n
1128529	2191	1495	n
1128793	2192	1494	n
1129067	2191	1493	n
1129318	2190	1493	n
1129573	2191	1494	n
1129837	2189	1493	n
1140253	2191	1495	n
1140736	2191	1492	n
1140987	2192	1493	n
1141238	2191	1493	n
1141522	2191	1493	n
1141777	2191	1495	n
1152164	2190	1494	n
1152648	2191	1492	n
1152937	2191	1493	n
1153188	2191	1493	n
1153439	2190	1493	n
1153699	2191	1492	n
1153981	2190	1493	n
1164360	2192	1494	n
1164842	2191	1495	n
1165093	2192	1494	n
1165353	2191	1494	n
1165634	2192	1493	n
1165885	2192	1494	n
1166136	2189	1493	n
1176557	2191	1493	n
1177074	2191	1494	n
1177324	2189	1493	n
1177581	2191	1493	n
1177845	2192	1494	n
1178118	2192	1493	n
1188530	2190	1493	n
1189013	2191	1493	n
1189272	2191	1491	n
1189549	2190	1493	n
1189804	2191	1492	n
1190055	2192	1493	n
1190314	2192	1493	n
1200741	2192	1494	n
1201217	2192	1495	n
1201468	2191	1495	n
1201732	2192	1494	n
1202005	2192	1493	n
1202256	2192	1495	n
1202513	2191	1495	n
1212953	2192	1495	Time:00:00:00:00;;
1213651	2192	1494	n
1213902	2191	1494	n
1214153	2192	1495	n
1214404	2191	1494	n
1214660	2191	1493	n
1225028	2191	1494	n
1225279	2192	1493	n
1225536	2192	1493	n
1225791	2191	1494	n
1226041	2191	1493	n
1226292	2192	1491	n
1236694	2191	1493	n
1236945	2191	1492	n
1237195	2191	1493	n
1237446	2189	1496	n
1237702	2192	1494	n
1237953	2192	1494	n
1238204	2191	1495	n
1248576	2192	1495	n
1248831	2192	1494	n
1249082	2192	1494	n
1249333	2192	1495	n
1249591	2192	1495	n
1249846	2192	1494	n
1260235	2192	1494	n
1260492	2192	1494	n
1260747	2192	1494	n
1260998	2192	1495	n
1261249	2192	1495	n
1261505	2191	1494	n
1261760	2191	1493	n
1272120	2192	1493	n
1272371	2190	1493	n
1272628	2191	1493	n
1272879	2190	1493	n
1273130	2190	1493	n
1273381	2191	1491	n
1283781	2192	1494	n
1284032	2191	1492	n
1284283	2191	1493	n
1284539	2192	1495	n
1284794	2192	1494	n
1285045	2192	1494	n
1285296	2192	1494	n
1295671	2190	1493	n
1295922	2191	1493	n
1296173	2191	1494	n
1296424	2192	1495	n
1296679	2192	1494	n
1296930	2192	1494	n
1307328	2191	1493	n
1307584	2191	1491	n
1307839	2191	1493	n
1308090	2191	1493	n
1308341	2191	1493	n
1308594	2191	1494	n
1308849	2191	1493	n
1319213	2191	1494	n
1319464	2192	1493	n
1319720	2191	1494	n
1319971	2191	1495	n
1320221	2191	1493	n
1320472	2191	1494	n
1330874	2192	1493	n
1331125	2191	1495	n
1331376	2192	1495	n
1331633	2192	1496	n
1331884	2191	1493	n
1332135	2192	1494	n
1332386	2192	1494	n
1342763	2191	1493	n
1343014	2192	1493	n
1343265	2192	1491	n
1343522	2190	1494	n
1343777	2192	1493	n
1344028	2189	1492	n
1354420	2192	1495	n
1354676	2192	1494	n
1354927	2192	1493	n
1355177	2191	1495	n
1355428	2192	1494	n
1355684	2192	1494	n
1355935	2191	1494	n
1366305	2192	1493	n
1366559	2191	1493	n
1366814	2192	1494	n
1367065	2192	1495	n
1367316	2192	1495	n
1367570	2192	1495	n
1377966	2192	1495	n
1378217	2192	1494	n
1378468	2192	1497	n
1378723	2192	1495	n
1378974	2191	1495	n
1379225	2192	1494	n
1379476	2191	1494	n
1389852	2191	1496	n
1390103	2191	1494	n
1390354	2191	1494	n
1390607	2191	1494	n
1390862	2191	1493	n
1391113	2191	1493	n
1401519	2191	1494	n
1401774	2192	1495	n
1402025	2191	1494	n
1402276	2191	1495	n
1402532	2192	1493	n
1402787	2191	1493	n
1403038	2191	1494	n
1413398	2192	1493	n
1413659	2191	1493	n
1413909	2192	1495	n
1414160	2192	1494	n
1414411	2192	1495	n
1414667	2192	1494	n
1425059	2192	1493	n
1425310	2192	1497	n
1425566	2192	1495	n
1425821	2192	1494	n
1426072	2192	1494	n
1426323	2192	1493	n
1426576	2192	1494	n
1436944	2191	1494	n
1437195	2192	1494	n
1437446	2189	1493	n
1437702	2192	1492	n
1437953	2192	1493	n
1438204	2191	1493	n
1448605	2191	1494	n
1448860	2190	1495	n
1449111	2191	1493	n
1449362	2192	1494	n
1449622	2192	1493	n
1449873	2191	1495	n
1450124	2191	1495	n
1460495	2192	1495	n
1460750	2192	1494	n
1461001	2192	1495	n
1461252	2192	1494	n
1461505	2192	1495	n
1461760	2190	1495	n
1472151	2191	1495	n
1472402	2192	1495	n
1472659	2192	1494	n
1472909	2192	1494	n
1473160	2191	1494	n
1473411	2191	1494	n
1473667	2192	1494	n
1484037	2192	1495	n
1484288	2192	1494	n
1484541	2192	1494	n
1484797	2191	1495	n
1485047	2192	1494	n
1485298	2191	1494	n
1495702	2192	1495	n
1495953	2191	1493	n
1496204	2191	1493	n
1496455	2191	1494	n
1496710	2191	1493	n
1496961	2192	1495	n
1497212	2191	1494	n
1507587	2192	1494	n
1507842	2192	1494	n
1508093	2192	1493	n
1508343	2192	1494	n
1508598	2191	1494	n
1508853	2191	1493	n
1519244	2192	1494	n
1519499	2192	1494	n
1519754	2192	1493	n
1520005	2192	1492	n
1520256	2191	1493	n
1520513	2189	1494	n
1520768	2190	1493	n
1531129	2192	1495	n
1531380	2191	1494	n
1531639	2192	1493	n
1531890	2191	1494	n
1532141	2191	1494	n
1532391	2191	1493	n
1542790	2192	1494	n
1543041	2192	1494	n
1543292	2192	1495	n
1543547	2191	1493	n
1543802	2191	1494	n
1544053	2189	1494	n
1544304	2191	1493	n
1554680	2192	1494	n
1554931	2192	1498	n
1555182	2192	1496	n
1555433	2192	1494	n
1555691	2192	1495	n
1555942	2192	1494	n
1566336	2192	1494	n
1566590	2191	1491	n
1566845	2191	1493	n
1567096	2191	1493	n
1567347	2191	1493	n
1567601	2189	1491	n
1567856	2189	1495	n
1578222	2191	1493	n
1578473	2191	1495	n
1578729	2192	1496	n
1578980	2191	1494	n
1579231	2191	1495	n
1579488	2191	1493	n
1589883	2191	1494	n
1590134	2191	1496	n
1590385	2192	1494	n
1590645	2191	1495	n
1590896	2191	1494	n
1591147	2191	1493	n
1591398	2192	1493	n
1601772	2192	1494	n
1602023	2192	1494	n
1602274	2191	1495	n
1602530	2190	1495	n
1602785	2190	1493	n
1603036	2191	1495	n
1613429	2191	1493	n
1613686	2191	1495	n
1613936	2191	1493	n
1614187	2191	1493	n
1614438	2190	1492	n
1614699	2191	1493	n
1614949	2190	1493	n
1625314	2191	1494	n
1625571	2192	1494	n
1625826	2191	1493	n
1626077	2191	1495	n
1626328	2191	1494	n
1626584	2191	1493	n
1636975	2190	1495	n
1637226	2192	1494	n
1637477	2190	1494	n
1637734	2191	1493	n
1637985	2192	1495	n
1638236	2190	1496	n
1638492	2192	1495	n
1648860	2191	1494	n
1649111	2192	1494	n
1649362	2192	1495	n
1649622	2192	1496	n
1649873	2192	1493	n
1650124	2191	1494	n
1660523	2191	1494	n
1660779	2190	1495	n
1661029	2191	1493	n
1661280	2190	1493	n
1661535	2191	1494	n
1661791	2191	1494	n
1662042	2190	1494	n
1672407	2191	1493	n
1672662	2192	1495	n
1672913	2191	1493	n
1673164	2191	1494	n
1673415	2191	1495	n
1673670	2191	1495	n
1684068	2193	1497	n
1684319	2192	1495	n
1684573	2192	1495	n
1684828	2192	1493	n
1685079	2192	1494	n
1685330	2191	1496	n
1685584	2192	1495	n
1695953	2192	1495	n
1696204	2192	1494	n
1696455	2192	1493	n
1696710	2192	1492	n
1696961	2189	1494	n
1697212	2192	1492	n
1707614	2189	1491	n
1707870	2190	1495	n
1708121	2189	1492	n
1708372	2191	1494	n
1708629	2190	1493	n
1708880	2190	1494	n
1709131	2191	1493	n
1719505	2191	1493	n
1719760	2192	1493	n
1720011	2192	1494	n
1720262	2192	1494	n
1720519	2192	1495	n
1720774	2192	1493	n
1731160	2190	1491	n
1731411	2191	1493	n
1731666	2191	1494	n
1731917	2191	1493	n
1732168	2192	1493	n
1732419	2191	1498	n
1732674	2191	1495	n
1743045	2190	1492	n
1743296	2189	1493	n
1743553	2190	1497	n
1743808	2191	1493	n
1744059	2190	1494	n
1744310	2191	1493	n
1754709	2192	1495	n
1754960	2191	1494	n
1755211	2190	1495	n
1755461	2193	1493	n
1755717	2192	1495	n
1755968	2192	1495	n
1756219	2190	1495	n
1766598	2192	1494	n
1766853	2192	1495	n
1767104	2191	1494	n
1767355	2192	1494	n
1767608	2192	1495	n
1767863	2191	1494	n
1778253	2191	1494	n
1778507	2192	1494	n
1778762	2192	1494	n
1779013	2192	1495	n
1779264	2192	1494	n
1779519	2192	1493	n
1779774	2191	1495	n
1790138	2191	1494	n
1790389	2190	1494	n
1790649	2191	1492	n
1790899	2190	1494	n
1791150	2190	1495	n
1791401	2191	1494	n
1801799	2192	1494	n
1802050	2190	1493	n
1802301	2190	1495	n
1802555	2190	1494	n
1802810	2191	1494	n
1803061	2189	1493	n
1803312	2189	1493	n
1813688	2191	1494	n
1813939	2191	1494	n
1814190	2191	1494	n
1814441	2191	1493	n
1814699	2192	1494	n
1814950	2191	1495	n
1825345	2192	1494	n
1825601	2191	1495	n
1825856	2191	1495	n
1826106	2192	1494	n
1826357	2191	1494	n
1826611	2192	1494	n
1826866	2191	1495	n
1837230	2191	1495	n
1837482	2191	1493	n
1837738	2189	1495	n
1837989	2189	1495	n
1838239	2191	1494	n
1838495	2190	1494	n
1848891	2191	1495	n
1849142	2192	1495	n
1849393	2191	1493	n
1849652	2192	1494	n
1849903	2192	1494	n
1850154	2192	1493	n
1850405	2191	1491	n
1860778	2192	1495	n
1861029	2191	1492	n
1861280	2190	1492	n
1861535	2190	1495	n
1861791	2192	1494	n
1862042	2191	1494	n
1872438	2190	1494	n
1872698	2190	1491	n
1872949	2189	1494	n
1873200	2189	1494	n
1873451	2190	1494	n
1873706	2191	1494	n
1873957	2191	1491	n
1884323	2192	1495	n
1884576	2192	1494	n
1884831	2192	1492	n
1885082	2191	1495	n
1885333	2192	1495	n
1885590	2192	1494	n
1895984	2191	1494	n
1896235	2190	1493	n
1896492	2191	1494	n
1896747	2191	1494	n
1896998	2191	1494	n
1897249	2191	1492	n
1897505	2191	1493	n
1907869	2192	1495	n
1908120	2191	1495	n
1908371	2192	1495	n
1908628	2191	1494	n
1908879	2191	1494	n
1909130	2191	1495	n
1919536	2190	1494	n
1919791	2192	1494	n
1920042	2191	1492	n
1920293	2191	1494	n
1920550	2192	1493	n
1920805	2191	1494	n
1921055	2192	1492	n
1931415	2191	1495	n
1931670	2192	1493	n
1931921	2192	1492	n
1932172	2191	1493	n
1932423	2192	1494	n
1932679	2191	1493	n
1943076	2192	1495	n
1943470	2191	1494	n
1943726	2192	1493	n
1943977	2192	1496	n
1944228	2192	1494	n
1944515	2191	1495	n
1944770	2191	1494	n
1955134	2191	1495	n
1955616	2191	1494	n
1955901	2191	1492	n
1956152	2191	1491	n
1956403	2190	1493	n
1956659	2192	1494	n
1967089	2191	1494	n
1967574	2190	1493	n
1967830	2191	1492	n
1968081	2190	1493	n
1968340	2192	1493	n
1968622	2190	1494	n
1968873	2191	1494	n
1979233	2191	1494	n
1979576	2191	1494	n
1979831	2192	1495	n
1980113	2190	1493	n
1980364	2191	1493	n
1980621	2189	1493	n
1980872	2192	1491	n
1991273	2191	1495	n
1991766	2190	1494	n
1992017	2192	1495	n
1992268	2191	1493	n
1992532	2192	1494	n
1992809	2192	1493	n
2003176	2192	1494	Time:00:00:00:00;;
2003882	2192	1495	n
2004156	2192	1493	n
2004407	2192	1493	n
2004662	2192	1493	n
2004922	2192	1494	n
2015363	2192	1494	n
2015850	2192	1493	n
2016101	2192	1495	n
2016360	2192	1495	n
2016639	2191	1493	n
2016890	2192	1494	n
2017141	2192	1494	n
2027556	2191	1494	n
2028067	2191	1493	n
2028318	2191	1494	n
2028573	2192	1493	n
2028835	2191	1494	n
2029108	2192	1494	n
2029359	2192	1493	n
2039750	2192	1495	n
2040226	2191	1491	n
2040513	2192	1497	n
2040768	2192	1495	n
2041019	2192	1494	n
2041270	2192	1494	n
2051669	2192	1494	n
2052157	2192	1493	n
2052408	2192	1491	n
2052663	2191	1495	n
2052923	2191	1494	n
2053196	2191	1494	n
2053447	2190	1494	n
2063861	2192	1495	Time:00:00:00:00;;
2064564	2192	1495	n
2064842	2192	1496	n
2065093	2192	1495	n
2065352	2191	1495	n
2065631	2190	1494	n
2076023	2190	1494	n
2076504	2192	1495	n
2076768	2192	1494	n
2077041	2192	1495	n
2077292	2191	1493	n
2077547	2191	1494	n
2077811	2192	1493	n
2088227	2192	1497	n
2088711	2192	1495	n
2088962	2192	1495	n
2089221	2192	1495	n
2089498	2192	1493	n
2089754	2192	1494	n
2100138	2191	1495	n
2100622	2191	1493	n
2100904	2191	1494	n
2101155	2191	1494	n
2101406	2192	1491	n
2101661	2192	1493	n
2101943	2190	1494	n
2112334	2191	1494	n
2112822	2192	1495	n
2113073	2191	1495	n
2113355	2190	1494	n
2113608	2192	1493	n
2113863	2192	1493	n
2114114	2192	1495	n
2124532	2192	1495	n
2125020	2192	1495	n
2125271	2190	1494	n
2125524	2192	1495	n
2125788	2191	1494	n
2126062	2191	1494	n
2136449	2190	1495	n
2136929	2192	1497	n
2137189	2192	1494	n
2137463	2192	1495	n
2137718	2191	1494	n
2137969	2191	1495	n
2138229	2192	1495	n
2148657	2191	1495	n
2149134	2191	1495	n
2149385	2192	1495	n
2149653	2191	1494	n
2149927	2192	1495	n
2150178	2192	1495	n
2150429	2191	1493	n
2160840	2191	1495	n
2161354	2192	1494	n
2161607	2192	1494	n
2161863	2192	1495	n
2162122	2191	1494	n
2162396	2191	1494	n
2172812	2191	1494	n
2173296	2192	1494	n
2173561	2192	1495	n
2173838	2192	1495	n
2174089	2192	1495	n
2174340	2192	1494	n
2174602	2192	1497	n
2185035	2191	1494	n
2185519	2191	1493	n
2185774	2191	1495	n
2186025	2192	1493	n
2186307	2192	1493	n
2186564	2191	1494	n
2186819	2190	1494	n
2197238	2191	1495	n
2197756	2192	1494	n
2198007	2192	1495	n
2198258	2192	1494	n
2198515	2192	1493	n
2198803	2192	1493	n
2209193	2192	1495	n
2209678	2191	1494	n
2209929	2192	1495	n
2210210	2192	1493	n
2210461	2192	1494	n
2210717	2191	1491	n
2210968	2191	1494	Time:00:00:00:00;;
2221622	2192	1495	n
2221895	2192	1495	n
2222146	2192	1494	n
2222397	2192	1494	n
2222657	2192	1495	n
2222908	2192	1495	n
2233343	2192	1494	n
2233598	2191	1495	n
2233853	2192	1495	n
2234104	2191	1497	n
2234355	2192	1496	n
2234608	2192	1493	n
2244987	2192	1494	n
2245238	2190	1494	n
2245494	2191	1493	n
2245750	2192	1494	n
2246001	2191	1494	n
2246252	2192	1493	n
2246505	2192	1494	n
2256889	2192	1494	n
2257140	2192	1493	n
2257390	2192	1493	n
2257648	2192	1493	n
2257899	2192	1494	n
2258150	2191	1495	n
2268533	2191	1495	n
2268788	2191	1494	n
2269039	2191	1494	n
2269290	2190	1494	n
2269547	2191	1494	n
2269802	2192	1494	n
2270053	2191	1493	n
2280435	2191	1494	n
2280691	2192	1493	n
2280942	2190	1493	n
2281193	2191	1491	n
2281444	2190	1493	n
2281700	2191	1494	n
2292079	2192	1495	n
2292330	2190	1494	n
2292584	2192	1494	n
2292839	2192	1493	n
2293090	2191	1494	n
2293341	2192	1494	n
2293594	2192	1493	n
2303981	2192	1493	n
2304232	2192	1495	n
2304487	2192	1494	n
2304742	2192	1494	n
2304993	2191	1495	n
2305244	2192	1494	n
2315629	2187	1493	n
2315880	2190	1492	n
2316132	2191	1492	n
2316382	2191	1495	n
2316639	2191	1493	n
2316890	2190	1492	n
2317141	2191	1493	n
2327533	2192	1495	n
2327788	2192	1494	n
2328039	2192	1493	n
2328290	2192	1495	n
2328547	2192	1494	n
2328802	2192	1495	n
2339172	2191	1496	n
2339423	2191	1499	n
2339678	2191	1494	n
2339929	2192	1493	n
2340180	2192	1494	n
2340431	2191	1495	n
2340692	2192	1494	n
2351074	2192	1496	n
2351325	2192	1495	n
2351581	2192	1495	n
2351836	2191	1495	n
2352087	2191	1494	n
2352338	2192	1493	n
2362718	2192	1494	n
2362969	2191	1495	n
2363220	2191	1495	n
2363471	2191	1493	n
2363727	2191	1493	n
2363978	2192	1495	n
2364229	2191	1492	n
2374624	2192	1495	n
2374875	2192	1494	n
2375126	2191	1494	n
2375377	2192	1493	n
2375633	2192	1495	n
2375884	2191	1495	n
2386264	2192	1495	n
2386518	2192	1493	n
2386774	2192	1494	n
2387025	2192	1494	n
2387276	2191	1494	n
2387532	2192	1495	n
2387787	2191	1494	n
2398166	2191	1495	n
2398417	2192	1495	n
2398671	2192	1494	n
2398922	2192	1495	n
2399173	2192	1494	n
2399424	2192	1495	n
2409810	2192	1494	n
2410061	2191	1494	n
2410312	2192	1495	n
2410566	2192	1494	n
2410821	2192	1494	n
2411072	2192	1495	n
2411323	2191	1495	n
2421717	2192	1494	n
2421968	2192	1495	n
2422219	2192	1495	n
2422470	2192	1493	n
2422726	2192	1493	n
2422977	2191	1495	n
2433357	2192	1494	n
2433610	2191	1495	n
2433866	2192	1497	n
2434117	2192	1495	n
2434368	2192	1495	n
2434626	2192	1494	n
2434877	2192	1493	n
2445259	2192	1494	n
2445515	2192	1495	n
2445770	2192	1495	n
2446021	2192	1497	n
2446272	2192	1492	n
2446525	2191	1495	n
2456903	2191	1494	n
2457154	2192	1494	n
2457405	2192	1491	n
2457660	2191	1494	n
2457911	2191	1494	n
2458162	2191	1493	n
2458413	2191	1493	n
2468805	2192	1493	n
2469056	2192	1493	n
2469307	2191	1493	n
2469559	2191	1494	n
2469814	2189	1493	n
2470065	2192	1494	n
2480449	2192	1495	n
2480704	2192	1495	n
2480955	2192	1495	n
2481206	2192	1493	n
2481457	2192	1494	n
2481712	2191	1494	n
2481963	2192	1494	n
2492351	2192	1495	n
2492605	2192	1493	n
2492860	2192	1493	n
2493111	2192	1492	n
2493362	2190	1493	n
2493622	2191	1494	n
2503995	2192	1494	n
2504246	2191	1493	n
2504501	2191	1493	n
2504756	2191	1495	n
2505007	2191	1495	n
2505258	2191	1495	n
2505515	2191	1493	n
2515898	2192	1493	n
2516149	2192	1494	n
2516400	2192	1492	n
2516657	2192	1494	n
2516908	2192	1494	n
2517159	2192	1495	n
2527542	2192	1493	n
2527797	2192	1494	n
2528048	2192	1494	n
2528299	2192	1493	n
2528556	2192	1495	n
2528811	2192	1497	n
2529062	2191	1493	n
2539444	2192	1495	n
2539700	2192	1494	n
2539951	2191	1494	n
2540202	2192	1495	n
2540453	2191	1494	n
2540708	2191	1495	n
2551088	2191	1493	n
2551339	2191	1495	n
2551592	2190	1493	n
2551847	2192	1494	n
2552098	2192	1495	n
2552349	2191	1494	n
2552604	2192	1495	n
2562990	2192	1494	n
2563241	2192	1494	n
2563494	2192	1494	n
2563750	2192	1495	n
2564001	2192	1493	n
2564252	2192	1494	n
2574638	2192	1495	n
2574889	2192	1495	n
2575140	2192	1495	n
2575391	2192	1495	n
2575649	2192	1494	n
2575900	2192	1498	n
2576151	2192	1496	n
2586538	2192	1493	n
2586793	2191	1494	n
2587044	2191	1493	n
2587295	2191	1494	n
2587549	2190	1494	n
2587805	2192	1494	n
2598180	2191	1494	n
2598431	2191	1493	n
2598691	2192	1493	n
2598942	2192	1495	n
2599193	2192	1495	n
2599444	2191	1494	n
2599700	2192	1494	n
2610083	2192	1495	n
2610334	2192	1494	n
2610590	2192	1497	n
2610845	2192	1495	n
2611096	2192	1495	n
2611347	2192	1497	n
2621727	2192	1494	n
2621978	2192	1494	n
2622229	2192	1497	n
2622482	2192	1495	n
2622737	2192	1493	n
2622988	2192	1495	n
2623239	2192	1494	n
2633633	2192	1493	n
2633884	2192	1493	n
2634135	2191	1493	n
2634386	2192	1493	n
2634644	2191	1493	n
2634895	2192	1493	n
2645273	2192	1494	n
2645530	2192	1494	n
2645784	2191	1495	n
2646035	2190	1494	n
2646286	2192	1494	n
2646539	2192	1494	n
2646794	2191	1493	n
2657175	2191	1494	n
2657426	2192	1495	n
2657681	2192	1494	n
2657932	2192	1495	n
2658183	2191	1495	n
2658434	2192	1493	n
2668819	2192	1493	n
2669070	2192	1495	n
2669321	2192	1491	n
2669574	2190	1494	n
2669829	2192	1495	n
2670080	2191	1494	n
2670331	2192	1493	n
2680725	2191	1495	n
2680976	2191	1493	n
2681227	2192	1493	n
2681478	2192	1494	n
2681734	2192	1495	n
2681985	2192	1495	n
2692365	2192	1494	n
2692626	2191	1495	n
2692877	2192	1495	n
2693128	2191	1495	n
2693379	2192	1493	n
2693639	2192	1494	n
2693890	2192	1495	n
2704268	2192	1493	n
2704521	2192	1495	n
2704775	2192	1495	n
2705026	2192	1495	n
2705277	2192	1494	n
2705533	2192	1495	n
2715912	2192	1494	n
2716163	2191	1494	n
2716414	2192	1493	n
2716669	2192	1493	n
2716920	2191	1494	n
2717171	2192	1494	n
2717422	2192	1494	n
2727814	2192	1494	n
2728065	2191	1495	n
2728316	2192	1494	n
2728570	2192	1494	n
2728826	2191	1495	n
2729076	2192	1495	n
2739458	2193	1495	n
2739713	2192	1494	n
2739964	2192	1495	n
2740215	2192	1495	n
2740466	2192	1494	n
2740721	2192	1493	n
2740972	2192	1494	n
2751360	2192	1494	n
2751615	2192	1495	n
2751870	2192	1495	n
2752121	2192	1494	n
2752372	2192	1497	n
2752629	2192	1494	n
2763004	2191	1494	n
2763255	2192	1493	n
2763508	2191	1493	n
2763763	2192	1494	n
2764014	2191	1497	n
2764265	2192	1494	n
2764522	2192	1495	n
2774906	2192	1494	n
2775157	2192	1494	n
2775408	2191	1493	n
2775663	2192	1493	n
2775914	2191	1495	n
2776165	2192	1495	n
2786550	2192	1493	n
2786805	2192	1494	n
2787056	2192	1494	n
2787307	2192	1493	n
2787564	2192	1494	n
2787819	2191	1494	n
2788070	2191	1495	n
2798453	2192	1495	n
2798708	2192	1494	n
2798959	2192	1494	n
2799210	2192	1494	n
2799461	2192	1495	n
2799716	2192	1494	n
2810097	2192	1493	n
2810348	2192	1495	n
2810605	2192	1494	n
2810860	2191	1494	n
2811111	2192	1495	n
2811362	2191	1493	n
2811622	2191	1494	n
2821999	2192	1493	n
2822250	2191	1494	n
2822504	2192	1494	n
2822759	2191	1494	n
2823010	2192	1493	n
2823261	2191	1493	n
2833647	2191	1495	n
2833898	2192	1495	n
2834149	2191	1495	n
2834400	2192	1493	n
2834657	2192	1495	n
2834908	2192	1494	n
2835159	2192	1493	n
2845550	2191	1493	n
2845805	2191	1495	n
2846056	2192	1493	n
2846307	2191	1494	n
2846564	2189	1495	n
2846819	2191	1492	n
2857189	2192	1494	n
2857440	2191	1494	n
2857698	2192	1494	n
2857949	2192	1493	n
2858200	2192	1494	n
2858451	2191	1494	n
2858705	2192	1493	n
2869091	2192	1497	n
2869342	2192	1495	n
2869598	2192	1494	n
2869853	2192	1497	n
2870104	2192	1495	n
2870355	2192	1494	n
2880735	2192	1494	n
2880986	2192	1494	n
2881237	2192	1495	n
2881491	2191	1495	n
2881747	2191	1495	n
2881997	2192	1494	n
2882248	2192	1495	n
2892642	2191	1495	n
2892893	2192	1493	n
2893144	2191	1494	n
2893395	2192	1494	n
2893654	2192	1495	n
2893905	2192	1494	n
2904282	2192	1495	n
2904539	2192	1495	n
2904794	2192	1493	n
2905045	2192	1494	n
2905296	2191	1494	n
2905553	2192	1492	n
2905808	2192	1494	n
2916184	2192	1495	n
2916435	2192	1493	n
2916691	2192	1495	n
2916942	2192	1495	n
2917193	2192	1495	n
2917444	2192	1494	n
2927828	2192	1494	n
2928079	2192	1494	n
2928330	2192	1494	n
2928584	2192	1495	n
2928839	2192	1494	n
2929090	2191	1493	n
2929341	2191	1494	n
2939734	2192	1493	n
2939985	2192	1494	n
2940236	2192	1493	n
2940492	2192	1493	n
2940747	2190	1495	n
2940998	2192	1494	n
2951374	2191	1492	n
2951631	2192	1493	n
2951882	2192	1497	n
2952133	2192	1494	n
2952384	2191	1494	n
2952644	2192	1494	n
2952895	2189	1494	n
2963276	2192	1495	n
2963532	2192	1494	n
2963787	2192	1495	n
2964038	2192	1494	n
2964289	2192	1495	n
2964542	2192	1495	n
2974920	2192	1494	n
2975171	2192	1495	n
2975422	2192	1495	n
2975677	2192	1494	n
2975928	2192	1494	n
2976179	2192	1494	n
2976430	2192	1493	n
2986823	2192	1493	n
2987262	2191	1493	n
2987538	2192	1493	n
2987794	2192	1494	n
2988044	2192	1493	n
2988304	2192	1493	n
2988584	2191	1494	n
2999018	2192	1497	n
2999498	2192	1494	n
2999763	2191	1493	n
3000036	2192	1494	n
3000287	2192	1497	n
3000540	2192	1495	n
3010938	2192	1494	Time:00:00:00:00;;
3011666	2192	1493	n
3011917	2192	1495	n
3012177	2192	1493	n
3012450	2190	1493	n
3012705	2192	1495	n
3023099	2191	1494	n
3023581	2192	1492	n
3023865	2192	1493	n
3024116	2191	1493	n
3024367	2192	1493	n
3024626	2190	1493	n
3024909	2192	1494	n
3035295	2192	1495	n
3035779	2192	1493	n
3036029	2192	1494	n
3036311	2192	1494	n
3036567	2191	1495	n
3036822	2191	1491	n
3037073	2192	1494	n
3047495	2192	1494	n
3047985	2192	1495	n
3048236	2192	1493	n
3048491	2192	1493	n
3048756	2192	1493	n
3049029	2192	1493	n
3059410	2192	1493	Time:00:00:00:00;;
3060118	2192	1494	n
3060391	2192	1494	n
3060653	2192	1494	n
3060904	2192	1494	n
3061163	2192	1494	n
3071580	2192	1495	n
3072061	2192	1495	n
3072312	2192	1495	n
3072575	2192	1494	n
3072853	2192	1494	n
3073104	2192	1493	n
3073355	2192	1494	n
3083720	2192	1493	n
3084228	2190	1494	n
3084479	2192	1495	n
3084736	2192	1494	n
3084987	2192	1494	n
3085268	2192	1494	n
3095670	2192	1493	n
3096145	2192	1494	n
3096396	2192	1494	n
3096663	2192	1495	n
3096939	2192	1495	n
3097190	2192	1495	n
3097441	2192	1494	n
3107883	2191	1494	n
3108374	2192	1494	n
3108630	2192	1494	n
3108881	2192	1492	n
3109141	2192	1494	n
3109414	2192	1493	n
3109669	2190	1494	n
3120079	2192	1493	n
3120570	2192	1497	n
3120849	2191	1494	n
3121100	2192	1494	n
3121351	2192	1493	n
3121612	2192	1493	n
3121890	2191	1495	n
3132274	2192	1494	n
3132762	2191	1495	n
3133021	2192	1495	n
3133295	2192	1494	n
3133549	2192	1494	n
3133804	2192	1495	n
3144194	2192	1493	n
3144708	2192	1494	n
3144959	2192	1492	n
3145210	2192	1493	n
3145470	2191	1495	n
3145749	2192	1493	n
3146000	2191	1494	n
3156390	2192	1492	n
3156888	2192	1493	n
3157161	2191	1493	n
3157412	2192	1495	n
3157668	2192	1493	n
3157927	2192	1493	n
3158201	2191	1495	n
3168590	2191	1494	n
3169073	2192	1495	n
3169324	2192	1494	n
3169608	2192	1494	n
3169863	2191	1493	n
3170114	2192	1495	n
3180507	2192	1495	n
3181025	2192	1494	n
3181276	2192	1493	n
3181532	2192	1495	n
3181787	2192	1494	n
3182069	2192	1495	n
3182320	2192	1494	n
3192705	2192	1493	n
3193188	2192	1494	n
3193448	2190	1494	n
3193725	2191	1494	n
3193976	2192	1494	n
3194227	2191	1493	n
3194491	2192	1494	n
3204906	2192	1494	n
3205383	2189	1491	n
3205644	2192	1494	n
3205904	2192	1493	n
3206177	2192	1494	n
3206428	2192	1493	n
3216799	2192	1493	Time:00:00:00:00;;
3217400	2191	1492	n
3217657	2192	1493	n
3217908	2192	1494	n
3218159	2192	1492	n
3218410	2192	1493	n
3228805	2192	1493	n
3229056	2192	1495	n
3229307	2192	1494	n
3229564	2192	1494	n
3229819	2192	1494	n
3230070	2191	1494	n
3230321	2192	1494	n
3240694	2192	1495	n
3240945	2192	1495	n
3241196	2191	1494	n
3241447	2190	1494	n
3241702	2191	1493	n
3241953	2192	1495	n
3252351	2192	1494	n
3252608	2191	1495	n
3252863	2192	1493	n
3253114	2191	1494	n
3253365	2192	1495	n
3253626	2191	1493	n
3253877	2192	1494	n
3264237	2192	1494	n
3264492	2192	1495	n
3264747	2192	1493	n
3264998	2192	1493	n
3265249	2192	1494	n
3265505	2192	1495	n
3275898	2192	1494	n
3276149	2192	1497	n
3276400	2192	1494	n
3276658	2191	1494	n
3276909	2192	1495	n
3277160	2192	1494	n
3277411	2192	1494	n
3287784	2192	1493	n
3288035	2192	1493	n
3288286	2192	1493	n
3288539	2191	1493	n
3288794	2192	1494	n
3289046	2192	1493	n
3299444	2192	1495	n
3299700	2192	1495	n
3299951	2192	1495	n
3300202	2192	1494	n
3300453	2192	1495	n
3300708	2192	1495	n
3300959	2189	1493	n
3311329	2192	1496	n
3311583	2192	1495	n
3311838	2192	1495	n
3312089	2192	1495	n
3312340	2191	1494	n
3312593	2192	1495	n
3322990	2192	1495	n
3323241	2192	1494	n
3323494	2192	1494	n
3323750	2192	1494	n
3324001	2192	1495	n
3324252	2192	1495	n
3324505	2192	1495	n
3334875	2191	1493	n
3335126	2192	1494	n
3335377	2192	1495	n
3335633	2192	1493	n
3335884	2189	1492	n
3336135	2190	1491	n
3346539	2192	1493	n
3346794	2192	1491	n
3347045	2192	1493	n
3347296	2192	1494	n
3347550	2192	1492	n
3347805	2192	1495	n
3348056	2192	1493	n
3358422	2192	1495	n
3358678	2192	1494	n
3358929	2192	1495	n
3359180	2191	1494	n
3359431	2192	1493	n
3359692	2192	1495	n
3370083	2192	1494	n
3370334	2192	1495	n
3370590	2192	1493	n
3370845	2192	1493	n
3371096	2192	1496	n
3371347	2192	1493	n
3371601	2192	1493	n
3381968	2192	1494	n
3382219	2192	1494	n
3382470	2192	1494	n
3382726	2191	1493	n
3382976	2191	1493	n
3383227	2192	1494	n
3393633	2192	1495	n
3393884	2191	1494	n
3394135	2192	1493	n
3394386	2190	1494	n
3394644	2191	1493	n
3394895	2192	1493	n
3395146	2191	1493	n
3405518	2192	1495	n
3405774	2192	1493	n
3406025	2192	1495	n
3406276	2192	1495	n
3406532	2192	1494	n
3406787	2192	1493	n
3417175	2192	1494	n
3417426	2192	1494	n
3417682	2192	1493	n
3417933	2192	1493	n
3418184	2192	1494	n
3418435	2190	1491	n
3418692	2192	1495	n
3429060	2191	1493	n
3429311	2192	1494	n
3429566	2192	1494	n
3429821	2192	1494	n
3430072	2191	1495	n
3430323	2190	1493	n
3440721	2192	1494	n
3440972	2192	1495	n
3441223	2192	1494	n
3441474	2191	1494	n
3441734	2191	1494	n
3441985	2191	1494	n
3442236	2192	1493	n
3452609	2192	1494	n
3452864	2192	1494	n
3453115	2192	1494	n
3453366	2192	1494	n
3453626	2192	1493	n
3453877	2191	1495	n
3464268	2191	1494	n
3464521	2191	1493	n
3464775	2192	1493	n
3465026	2191	1494	n
3465277	2190	1493	n
3465532	2192	1496	n
3465787	2191	1493	n
3476153	2192	1494	n
3476404	2192	1493	n
3476660	2192	1493	n
3476911	2192	1493	n
3477162	2192	1495	n
3477412	2191	1494	n
3487814	2192	1494	n
3488065	2192	1495	n
3488316	2192	1493	n
3488570	2191	1495	n
3488826	2192	1495	n
3489077	2192	1494	n
3489327	2192	1495	n
3499704	2192	1494	n
3499954	2192	1495	n
3500205	2192	1495	n
3500456	2193	1495	n
3500712	2192	1495	n
3500962	2192	1495	n
3511360	2192	1494	n
3511615	2191	1493	n
3511870	2192	1491	n
3512121	2191	1493	n
3512372	2192	1494	n
3512629	2191	1493	n
3512880	2192	1494	n
3523245	2192	1493	n
3523502	2192	1494	n
3523757	2192	1495	n
3524008	2192	1494	n
3524259	2192	1494	n
3524515	2191	1495	n
3534906	2192	1496	n
3535157	2192	1494	n
3535408	2192	1494	n
3535664	2192	1493	n
3535915	2192	1495	n
3536166	2192	1494	n
3536417	2192	1494	n
3546792	2192	1495	n
3547043	2192	1497	n
3547294	2192	1494	n
3547549	2192	1494	n
3547804	2192	1495	n
3548055	2192	1495	n
3558453	2192	1494	n
3558709	2192	1493	n
3558960	2192	1493	n
3559210	2191	1494	n
3559461	2192	1494	n
3559717	2191	1494	n
3559968	2191	1494	n
3570338	2192	1493	n
3570591	2192	1495	n
3570846	2192	1495	n
3571097	2192	1494	n
3571348	2192	1494	n
3571602	2192	1494	n
3581999	2192	1496	n
3582250	2192	1495	n
3582504	2192	1495	n
3582759	2192	1494	n
3583010	2192	1495	n
3583261	2192	1495	n
3583516	2191	1494	n
3593884	2192	1495	n
3594135	2192	1493	n
3594386	2191	1494	n
3594644	2192	1495	n
3594895	2192	1494	n
3595146	2192	1495	n
3605549	2192	1495	n
3605804	2192	1493	n
3606055	2192	1493	n
3606306	2192	1493	n
3606559	2191	1494	n
3606814	2192	1493	n
3607064	2192	1494	n
3617430	2192	1495	n
3617691	2192	1493	n
3617942	2191	1494	n
3618193	2190	1495	n
3618444	2191	1493	n
3618700	2191	1493	n
3629091	2192	1494	n
3629342	2191	1497	n
3629598	2192	1493	n
3629853	2192	1495	n
3630104	2192	1494	n
3630355	2191	1493	n
3630608	2192	1494	n
3640977	2191	1494	n
3641228	2192	1493	n
3641480	2192	1493	n
3641736	2192	1495	n
3641987	2191	1493	n
3642238	2192	1494	n
3652643	2192	1492	n
3652894	2192	1493	n
3653145	2192	1495	n
3653395	2191	1494	n
3653654	2191	1494	n
3653905	2192	1493	n
3654156	2192	1492	n
3664525	2192	1493	n
3664780	2192	1495	n
3665031	2192	1494	n
3665281	2192	1497	n
3665536	2192	1494	n
3665791	2192	1494	n
3676184	2192	1497	n
3676435	2192	1494	n
3676691	2192	1495	n
3676943	2192	1494	n
3677194	2192	1494	n
3677445	2191	1495	n
3677701	2192	1495	n
3688069	2192	1494	n
3688320	2192	1495	n
3688573	2192	1494	n
3688828	2192	1494	n
3689079	2192	1495	n
3689330	2192	1494	n
3699730	2192	1494	n
3699981	2192	1495	n
3700232	2191	1493	n
3700487	2191	1494	n
3700743	2192	1494	n
3700993	2191	1495	n
3701244	2191	1495	n
3711622	2192	1495	n
3711873	2192	1494	n
3712124	2192	1494	n
3712375	2192	1495	n
3712632	2193	1495	n
3712883	2192	1495	n
3723276	2192	1495	n
3723532	2192	1493	n
3723787	2192	1494	n
3724038	2192	1494	n
3724289	2192	1493	n
3724542	2191	1493	n
3724797	2191	1495	n
3735162	2192	1494	n
3735413	2191	1494	n
3735669	2192	1493	n
3735919	2192	1494	n
3736170	2192	1495	n
3736421	2192	1498	n
3746823	2192	1493	n
3747074	2192	1495	n
3747325	2192	1494	n
3747581	2192	1494	n
3747836	2192	1495	n
3748087	2190	1493	n
3748338	2191	1494	n
3758712	2192	1494	n
3758963	2192	1493	n
3759214	2192	1494	n
3759465	2192	1494	n
3759720	2192	1493	n
3759971	2191	1494	n
3770369	2192	1495	n
3770629	2192	1495	n
3770879	2192	1493	n
3771130	2191	1493	n
3771381	2191	1494	n
3771639	2190	1494	n
3771890	2192	1493	n
3782254	2192	1493	n
3782507	2192	1493	n
3782763	2191	1494	n
3783014	2192	1494	n
3783265	2192	1495	n
3783522	2192	1494	n
3793915	2192	1494	n
3794166	2191	1495	n
3794417	2192	1495	n
3794672	2192	1494	n
3794923	2191	1491	n
3795174	2191	1494	n
3795425	2190	1495	n
3805800	2192	1494	n
3806051	2192	1494	n
3806302	2192	1493	n
3806555	2192	1495	n
3806810	2192	1495	n
3807061	2192	1497	n
3817461	2192	1494	n
3817717	2192	1493	n
3817968	2191	1493	n
3818219	2190	1494	n
3818469	2191	1492	n
3818725	2191	1493	n
3818976	2191	1495	n
3829347	2192	1495	n
3829601	2192	1495	n
3829856	2192	1494	n
3830107	2192	1494	n
3830358	2191	1494	n
3830611	2191	1494	n
3841008	2192	1494	n
3841259	2192	1494	n
3841515	2192	1495	n
3841771	2192	1494	n
3842022	2192	1494	n
3842272	2192	1495	n
3842525	2192	1494	n
3852893	2192	1495	n
3853144	2192	1495	n
3853395	2192	1497	n
3853653	2192	1495	n
3853904	2192	1497	n
3854155	2192	1495	n
3864556	2192	1495	n
3864811	2191	1495	n
3865062	2192	1494	n
3865313	2192	1495	n
3865571	2192	1495	n
3865826	2192	1495	n
3866077	2192	1494	n
3876439	2190	1495	n
3876698	2192	1495	n
3876949	2192	1493	n
3877200	2192	1495	n
3877451	2190	1493	n
3877706	2192	1494	n
3888100	2192	1495	n
3888351	2192	1494	n
3888608	2192	1495	n
3888863	2192	1494	n
3889114	2192	1494	n
3889365	2192	1493	n
3889626	2192	1494	n
3899985	2192	1494	n
3900236	2192	1493	n
3900491	2192	1497	n
3900747	2192	1493	n
3900998	2192	1494	n
3901248	2192	1493	n
3911651	2191	1495	n
3911902	2192	1493	n
3912153	2192	1494	n
3912403	2190	1494	n
3912660	2192	1493	n
3912910	2191	1494	n
3913161	2192	1493	n
3923536	2192	1494	n
3923791	2192	1495	n
3924042	2192	1495	n
3924293	2192	1494	n
3924549	2191	1493	n
3924804	2191	1495	n
3935193	2191	1494	n
3935444	2191	1494	n
3935700	2192	1493	n
3935951	2192	1495	n
3936202	2192	1493	n
3936453	2191	1493	n
3936708	2192	1489	n
3947078	2192	1495	n
3947329	2192	1496	n
3947583	2191	1491	n
3947838	2192	1495	n
3948089	2192	1493	n
3948340	2192	1494	n
3958739	2192	1494	n
3958990	2192	1494	n
3959241	2192	1494	n
3959495	2192	1493	n
3959750	2191	1494	n
3960001	2192	1492	n
3960252	2192	1494	n
3970630	2191	1493	n
3970881	2192	1495	n
3971132	2192	1493	n
3971383	2192	1494	n
3971640	2192	1494	n
3971891	2192	1492	n
3982285	2192	1494	n
3982632	2191	1495	n
3982883	2192	1496	n
3983142	2192	1495	n
3983415	2192	1495	n
3983671	2192	1493	n
3983922	2192	1494	n
3994343	2192	1494	n
3994861	2190	1494	n
3995112	2191	1493	n
3995363	2192	1492	n
3995622	2192	1493	n
3995904	2192	1493	n
4006298	2192	1494	Time:00:00:00:00;;
4006998	2192	1494	n
4007280	2192	1493	n
4007536	2192	1494	n
4007792	2191	1494	n
4008043	2191	1493	n
4018499	2191	1495	n
4018988	2192	1494	n
4019239	2191	1495	n
4019495	2192	1494	n
4019781	2192	1494	n
4020032	2192	1495	n
4020283	2192	1497	n
4030710	2192	1495	n
4031216	2191	1494	n
4031467	2192	1494	n
4031722	2192	1497	n
4031973	2192	1495	n
4032233	2192	1495	n
4032513	2192	1493	n
4042902	2192	1493	n
4043379	2191	1494	n
4043648	2192	1495	n
4043923	2192	1495	n
4044174	2191	1493	n
4044425	2192	1495	n
4054857	2191	1494	n
4055366	2192	1494	n
4055626	2192	1495	n
4055877	2191	1493	n
4056136	2192	1493	n
4056410	2192	1492	n
4056665	2192	1494	n
4067069	2192	1495	Time:00:00:00:00;;
4067777	2192	1493	n
4068052	2191	1495	n
4068303	2191	1494	n
4068565	2192	1494	n
4068842	2192	1494	n
4079265	2192	1495	n
4079749	2192	1494	n
4080008	2192	1495	n
4080282	2192	1493	n
4080539	2192	1495	n
4080794	2192	1493	n
4081054	2191	1494	n
4091469	2191	1493	n
4091949	2192	1495	n
4092200	2192	1493	n
4092460	2193	1494	n
4092737	2192	1494	n
4092988	2192	1494	n
4103346	2192	1495	n
4103830	2192	1495	n
4104112	2192	1494	n
4104363	2192	1494	n
4104621	2192	1494	n
4104872	2192	1494	n
4105153	2192	1494	n
4115564	2192	1495	n
4116050	2192	1494	n
4116301	2191	1493	n
4116587	2192	1496	n
4116843	2192	1494	n
4117094	2192	1497	n
4117344	2192	1494	n
4127774	2192	1495	n
4128260	2191	1493	n
4128515	2191	1494	n
4128771	2192	1494	n
4129030	2192	1494	n
4129304	2192	1493	n
4139727	2192	1494	n
4140202	2191	1494	n
4140462	2193	1494	n
4140739	2192	1495	n
4140991	2191	1495	n
4141242	2192	1494	n
4141504	2192	1494	n
4151939	2192	1497	n
4152416	2192	1495	n
4152671	2192	1495	n
4152931	2192	1497	n
4153211	2191	1494	n
4153462	2193	1495	n
4153718	2192	1493	n
4164135	2193	1497	n
4164653	2192	1495	n
4164904	2192	1495	n
4165155	2192	1497	n
4165414	2192	1494	n
4165694	2192	1495	n
4165945	2192	1495	n
4176330	2191	1495	n
4176830	2191	1493	n
4177104	2192	1494	n
4177355	2192	1495	n
4177608	2192	1493	n
4177872	2192	1495	n
4188259	2191	1494	n
4188748	2192	1495	n
4188999	2191	1494	n
4189250	2191	1495	n
4189536	2192	1494	n
4189791	2192	1494	n
4190042	2191	1494	n
4200446	2192	1498	n
4200964	2192	1495	n
4201215	2192	1494	n
4201466	2192	1493	n
4201722	2192	1494	n
4202003	2193	1493	n
4202254	2192	1494	n
4212647	2192	1493	Time:00:00:00:00;;
4213338	2192	1494	n
4213591	2191	1495	n
4213846	2192	1494	n
4214097	2192	1493	n
4224513	2191	1495	n
4224768	2192	1493	n
4225019	2192	1494	n
4225270	2192	1495	n
4225524	2192	1494	n
4225779	2192	1495	n
4226030	2192	1494	n
4236413	2192	1494	n
4236668	2192	1494	n
4236919	2192	1494	n
4237170	2192	1493	n
4237421	2191	1495	n
4237676	2192	1491	n
4248057	2192	1495	n
4248308	2192	1494	n
4248564	2192	1495	n
4248819	2192	1494	n
4249070	2192	1495	n
4249321	2192	1495	n
4249574	2192	1493	n
4259959	2192	1494	n
4260210	2190	1494	n
4260461	2192	1494	n
4260716	2192	1495	n
4260967	2192	1495	n
4261218	2190	1493	n
4271603	2192	1493	n
4271858	2191	1493	n
4272109	2192	1494	n
4272360	2193	1494	n
4272616	2192	1493	n
4272871	2192	1495	n
4273122	2191	1493	n
4283507	2192	1494	n
4283763	2192	1493	n
4284013	2192	1493	n
4284264	2192	1494	n
4284519	2191	1493	n
4284774	2192	1493	n
4295149	2192	1495	n
4295400	2192	1494	n
4295658	2192	1494	n
4295909	2192	1494	n
4296160	2192	1493	n
4296411	2192	1494	n
4296666	2192	1493	n
4307051	2192	1494	n
4307302	2192	1494	n
4307555	2191	1493	n
4307810	2192	1497	n
4308061	2190	1494	n
4308312	2191	1495	n
4318695	2192	1491	n
4318946	2191	1493	n
4319197	2192	1494	n
4319448	2192	1495	n
4319703	2192	1493	n
4319954	2191	1495	n
4320205	2191	1493	n
4330602	2192	1494	n
4330857	2192	1494	n
4331108	2192	1495	n
4331359	2192	1494	n
4331616	2192	1494	n
4331871	2192	1494	n
4342242	2192	1494	n
4342499	2192	1495	n
4342754	2192	1495	n
4343005	2192	1493	n
4343256	2192	1495	n
4343513	2191	1493	n
4343769	2192	1495	n
4354144	2193	1494	n
4354395	2192	1495	n
4354653	2192	1494	n
4354904	2191	1494	n
4355155	2192	1495	n
4355406	2192	1494	n
4365788	2192	1495	n
4366039	2192	1495	n
4366290	2192	1495	n
4366547	2192	1494	n
4366802	2192	1495	n
4367053	2192	1493	n
4367304	2192	1495	n
4377694	2192	1497	n
4377945	2192	1494	n
4378196	2192	1494	n
4378447	2192	1495	n
4378702	2192	1494	n
4378953	2192	1494	n
4389334	2192	1493	n
4389590	2191	1494	n
4389845	2191	1493	n
4390096	2192	1494	n
4390347	2192	1494	n
4390601	2192	1495	n
4390856	2191	1497	n
4401236	2192	1495	n
4401491	2192	1495	n
4401747	2192	1493	n
4401998	2193	1495	n
4402249	2192	1494	n
4402505	2192	1493	n
4412880	2192	1493	n
4413131	2192	1494	n
4413382	2192	1494	n
4413639	2192	1494	n
4413890	2192	1494	n
4414141	2192	1497	n
4414392	2192	1496	n
4424783	2192	1495	n
4425034	2192	1494	n
4425285	2192	1495	n
4425538	2192	1495	n
4425793	2192	1495	n
4426044	2192	1495	n
4436427	2189	1493	n
4436683	2192	1492	n
4436934	2191	1494	n
4437185	2192	1494	n
4437436	2192	1494	n
4437693	2192	1495	n
4437944	2192	1496	n
4448329	2192	1493	n
4448583	2192	1495	n
4448838	2192	1495	n
4449089	2192	1493	n
4449340	2192	1495	n
4449593	2192	1494	n
4459973	2192	1494	n
4460224	2192	1494	n
4460475	2191	1495	n
4460734	2192	1494	n
4460985	2192	1495	n
4461236	2192	1493	n
4461492	2192	1495	n
4471875	2192	1494	n
4472126	2192	1494	n
4472377	2192	1496	n
4472634	2192	1495	n
4472885	2192	1495	n
4473136	2192	1495	n
4483520	2192	1495	n
4483774	2192	1494	n
4484025	2192	1495	n
4484276	2192	1496	n
4484532	2192	1494	n
4484787	2192	1495	n
4485038	2192	1495	n
4495421	2192	1499	n
4495676	2192	1494	n
4495927	2192	1493	n
4496178	2192	1494	n
4496429	2192	1495	n
4496686	2192	1492	n
4507065	2192	1495	n
4507316	2192	1495	n
4507570	2192	1494	n
4507826	2192	1495	n
4508077	2192	1495	n
4508328	2192	1494	n
4508584	2192	1495	n
4518968	2192	1495	n
4519219	2192	1495	n
4519470	2192	1494	n
4519725	2192	1494	n
4519976	2192	1495	n
4520227	2192	1494	n
4530612	2192	1494	n
4530867	2192	1495	n
4531118	2192	1494	n
4531369	2192	1497	n
4531629	2192	1494	n
4531880	2192	1494	n
4532131	2191	1494	n
4542519	2192	1495	n
4542774	2192	1494	n
4543025	2192	1495	n
4543276	2192	1493	n
4543532	2192	1494	n
4543787	2192	1495	n
4554158	2192	1494	n
4554409	2192	1494	n
4554664	2192	1492	n
4554915	2192	1495	n
4555166	2192	1495	n
4555417	2192	1497	n
4555673	2192	1497	n
4566060	2192	1495	n
4566311	2192	1493	n
4566566	2191	1495	n
4566821	2192	1494	n
4567072	2192	1494	n
4567323	2192	1494	n
4577704	2192	1494	n
4577955	2192	1491	n
4578206	2192	1497	n
4578457	2192	1494	n
4578712	2191	1495	n
4578963	2191	1494	n
4579214	2191	1493	n
4589606	2192	1495	n
4589861	2191	1495	n
4590112	2192	1494	n
4590363	2192	1495	n
4590621	2191	1493	n
4590872	2192	1494	n
4601250	2192	1494	n
4601504	2192	1494	n
4601760	2192	1494	n
4602011	2192	1494	n
4602262	2191	1495	n
4602515	2192	1493	n
4602771	2192	1495	n
4613153	2192	1492	n
4613404	2192	1491	n
4613660	2192	1495	n
4613911	2192	1494	n
4614162	2192	1494	n
4614413	2191	1494	n
4624797	2192	1494	n
4625048	2192	1494	n
4625299	2192	1495	n
4625556	2192	1494	n
4625811	2192	1494	n
4626062	2192	1493	n
4626313	2192	1493	n
4636703	2193	1495	n
4636954	2191	1495	n
4637205	2192	1494	n
4637456	2192	1495	n
4637711	2192	1495	n
4637962	2192	1494	n
4648343	2192	1495	n
4648598	2192	1493	n
4648853	2192	1495	n
4649104	2192	1494	n
4649355	2192	1493	n
4649608	2192	1493	n
4649863	2192	1498	n
4660245	2191	1494	n
4660502	2192	1493	n
4660757	2192	1493	n
4661008	2191	1494	n
4661258	2192	1493	n
4661515	2192	1494	n
4671889	2192	1495	n
4672140	2192	1493	n
4672391	2192	1494	n
4672649	2192	1495	n
4672900	2192	1492	n
4673151	2191	1494	n
4673402	2192	1493	n
4683791	2192	1494	n
4684042	2192	1493	n
4684293	2192	1494	n
4684549	2192	1495	n
4684804	2192	1495	n
4685055	2192	1494	n
4695435	2192	1495	n
4695691	2191	1493	n
4695942	2192	1493	n
4696193	2192	1494	n
4696444	2191	1494	n
4696700	2192	1494	n
4696951	2191	1493	n
4707338	2192	1493	n
4707591	2191	1494	n
4707846	2192	1495	n
4708097	2192	1493	n
4708348	2191	1494	n
4708602	2191	1494	n
4718982	2192	1493	n
4719233	2192	1494	n
4719487	2192	1493	n
4719742	2192	1493	n
4719993	2191	1492	n
4720244	2192	1494	n
4720499	2192	1493	n
4730884	2192	1493	n
4731135	2191	1495	n
4731386	2192	1494	n
4731644	2191	1495	n
4731895	2192	1493	n
4732146	2192	1495	n
4742528	2192	1493	n
4742783	2192	1494	n
4743034	2192	1493	n
4743285	2191	1493	n
4743539	2192	1495	n
4743794	2192	1493	n
4744045	2192	1494	n
4754430	2192	1495	n
4754685	2192	1495	n
4754936	2191	1493	n
4755187	2192	1495	n
4755438	2191	1495	n
4755699	2192	1494	n
4766074	2192	1495	n
4766325	2192	1493	n
4766582	2192	1495	n
4766837	2193	1494	n
4767088	2192	1497	n
4767338	2192	1494	n
4767591	2192	1493	n
4777976	2192	1495	n
4778227	2192	1495	n
4778478	2192	1493	n
4778734	2191	1494	n
4778985	2192	1495	n
4779236	2192	1495	n
4789624	2192	1495	n
4789875	2190	1491	n
4790126	2192	1494	n
4790377	2192	1494	n
4790633	2192	1494	n
4790884	2192	1493	n
4791135	2191	1493	n
4801525	2192	1494	n
4801780	2192	1493	n
4802031	2192	1495	n
4802281	2192	1495	n
4802536	2192	1494	n
4802791	2192	1495	n
4813167	2192	1495	n
4813418	2192	1495	n
4813673	2192	1497	n
4813924	2192	1495	n
4814175	2192	1495	n
4814426	2192	1494	n
4814682	2192	1494	n
4825069	2192	1493	n
4825320	2192	1494	n
4825573	2192	1495	n
4825828	2192	1495	n
4826079	2192	1494	n
4826330	2192	1494	n
4836713	2192	1493	n
4836964	2192	1494	n
4837215	2192	1495	n
4837466	2192	1494	n
4837721	2191	1494	n
4837972	2191	1493	n
4838223	2192	1493	n
4848615	2192	1495	n
4848870	2192	1493	n
4849121	2192	1495	n
4849372	2192	1495	n
4849629	2192	1494	n
4849880	2192	1494	n
4860259	2192	1494	n
4860515	2192	1495	n
4860770	2192	1495	n
4861021	2192	1493	n
4861272	2192	1492	n
4861525	2192	1494	n
4861780	2192	1493	n
4872161	2192	1494	n
4872412	2192	1494	n
4872667	2192	1494	n
4872918	2191	1495	n
4873169	2192	1494	n
4873420	2192	1495	n
4883805	2192	1494	n
4884056	2192	1494	n
4884307	2192	1494	n
4884564	2192	1495	n
4884819	2192	1494	n
4885070	2192	1494	n
4885321	2192	1494	n
4895712	2192	1493	n
4895963	2192	1494	n
4896214	2192	1495	n
4896465	2192	1494	n
4896720	2192	1493	n
4896971	2192	1494	n
4907352	2192	1495	n
4907608	2192	1495	n
4907863	2192	1495	n
4908114	2192	1494	n
4908365	2192	1493	n
4908622	2192	1494	n
4908873	2191	1494	n
4919254	2192	1493	n
4919507	2192	1494	n
4919762	2191	1495	n
4920013	2192	1495	n
4920264	2191	1495	n
4920518	2192	1495	n
4930898	2191	1494	n
4931149	2192	1497	n
4931400	2192	1494	n
4931657	2191	1493	n
4931908	2192	1494	n
4932159	2191	1494	n
4932410	2192	1491	n
4942800	2192	1493	n
4943051	2192	1495	n
4943301	2192	1495	n
4943555	2192	1493	n
4943811	2192	1493	n
4944062	2192	1495	n
4954444	2190	1494	n
4954700	2192	1494	n
4954951	2192	1494	n
4955202	2192	1495	n
4955453	2192	1494	n
4955708	2192	1495	n
4955959	2192	1495	n
4966346	2192	1495	n
4966601	2192	1493	n
4966856	2191	1494	n
4967107	2192	1495	n
4967358	2192	1495	n
4967611	2191	1494	n
4977990	2192	1494	n
4978241	2192	1493	n
4978495	2192	1492	n
4978750	2192	1494	n
4979001	2191	1494	n
4979283	2192	1492	n
4979539	2191	1493	n
4989979	2192	1495	n
4990455	2192	1495	n
4990741	2191	1494	n
4990992	2191	1493	n
4991243	2192	1495	n
4991498	2191	1494	n
4991785	2192	1494	n
5002174	2192	1495	n
5002659	2192	1494	n
5002910	2192	1495	Time:00:00:00:00;;
5003406	2192	1493	n
5003662	2192	1493	n
5003913	2192	1494	n
5014335	2192	1494	n
5014829	2192	1495	n
5015080	2192	1495	n
5015331	2192	1494	n
5015593	2192	1495	n
5015870	2191	1493	n
5026255	2192	1495	n
5026738	2192	1494	n
5026998	2192	1494	n
5027271	2192	1495	n
5027524	2192	1495	n
5027779	2192	1493	n
5028039	2192	1494	n
5038459	2192	1495	n
5038940	2192	1494	n
5039191	2192	1496	n
5039451	2192	1495	n
5039729	2192	1495	n
5039980	2192	1494	n
5040231	2192	1494	n
5050651	2192	1494	n
5051161	2192	1493	n
5051412	2192	1495	n
5051668	2192	1494	n
5051928	2192	1494	n
5052201	2192	1495	n
5062622	2192	1494	Time:00:00:00:00;;
5063314	2192	1494	n
5063601	2191	1494	n
5063856	2191	1495	n
5064107	2192	1495	n
5064358	2192	1493	n
5074823	2192	1494	n
5075300	2191	1494	n
5075555	2192	1494	n
5075810	2192	1494	n
5076092	2192	1497	n
5076343	2192	1494	n
5076598	2191	1498	n
5087010	2192	1493	n
5087522	2192	1495	n
5087776	2192	1493	n
5088027	2192	1494	n
5088278	2191	1494	n
5088567	2192	1494	n
5088822	2192	1494	n
5099205	2192	1497	n
5099691	2192	1494	n
5099973	2192	1494	n
5100224	2192	1494	n
5100475	2191	1495	n
5100735	2192	1493	n
5111177	2191	1495	n
5111677	2192	1494	n
5111928	2192	1494	n
5112179	2191	1494	n
5112438	2192	1495	n
5112721	2192	1495	n
5112972	2192	1497	n
5123391	2192	1493	n
5123883	2192	1495	n
5124157	2192	1494	n
5124408	2192	1494	n
5124664	2192	1493	n
5124923	2192	1493	n
5125197	2192	1493	n
5135608	2192	1494	n
5136088	2192	1495	n
5136347	2192	1497	n
5136629	2192	1494	n
5136880	2192	1495	n
5137131	2192	1494	n
5147558	2192	1494	n
5148071	2192	1493	n
5148322	2192	1494	n
5148575	2191	1494	n
5148839	2192	1494	n
5149112	2191	1494	n
5149363	2192	1494	n
5159770	2192	1494	n
5160261	2192	1493	n
5160538	2192	1495	n
5160793	2192	1493	n
5161044	2192	1494	n
5161304	2192	1493	n
5161584	2191	1493	n
5171966	2192	1495	n
5172449	2192	1496	n
5172713	2191	1494	n
5172987	2192	1497	n
5173238	2192	1495	n
5173495	2192	1497	n
5173759	2192	1493	n
5184171	2192	1495	n
5184657	2192	1493	n
5184908	2192	1494	n
5185168	2191	1494	n
5185441	2191	1495	n
5185699	2192	1493	n
5196081	2192	1494	n
5196567	2192	1495	n
5196853	2191	1493	n
5197104	2192	1494	n
5197355	2192	1494	n
5197608	2192	1495	n
5197892	2192	1494	n
5208278	2192	1494	n
5208766	2192	1495	n
5209017	2192	1493	n
5209298	2192	1494	n
5209553	2192	1495	n
5209808	2192	1494	n
5210059	2192	1494	n
5220473	2192	1494	Time:00:00:00:00;;
5220989	2192	1494	n
5221240	2192	1494	n
5221494	2192	1495	n
5221750	2192	1494	n
5232117	2192	1494	n
5232368	2192	1497	n
5232629	2192	1497	n
5232880	2192	1493	n
5233131	2191	1494	n
5233382	2191	1494	n
5233639	2192	1494	n
5244002	2192	1495	n
5244253	2192	1495	n
5244506	2192	1495	n
5244761	2192	1495	n
5245012	2192	1495	n
5245263	2192	1495	n
5255668	2193	1497	n
5255919	2192	1495	n
5256170	2192	1497	n
5256421	2192	1497	n
5256676	2192	1495	n
5256927	2192	1495	n
5257178	2192	1494	n
5267552	2192	1495	n
5267807	2194	1498	n
5268058	2192	1499	n
5268309	2193	1495	n
5268567	2192	1497	n
5268822	2192	1493	n
5279209	2192	1492	n
5279460	2192	1494	n
5279716	2192	1495	n
5279967	2191	1493	n
5280218	2191	1495	n
5280468	2192	1492	n
5280724	2190	1493	n
5291095	2192	1495	n
5291346	2192	1493	n
5291601	2192	1494	n
5291856	2191	1494	n
5292107	2192	1495	n
5292358	2192	1493	n
5302756	2192	1494	n
5303007	2192	1495	n
5303258	2192	1494	n
5303515	2192	1495	n
5303771	2192	1494	n
5304022	2192	1494	n
5304273	2192	1495	n
5314645	2192	1495	n
5314896	2192	1494	n
5315147	2192	1495	n
5315398	2192	1495	n
5315659	2192	1494	n
5315909	2192	1495	n
5326302	2192	1495	n
5326555	2192	1497	n
5326810	2192	1495	n
5327061	2192	1495	n
5327312	2192	1494	n
5327567	2192	1493	n
5327822	2191	1494	n
5338187	2191	1491	n
5338438	2192	1495	n
5338698	2192	1493	n
5338949	2191	1493	n
5339200	2192	1493	n
5339451	2191	1494	n
5349848	2192	1495	n
5350099	2192	1494	n
5350350	2192	1495	n
5350605	2192	1495	n
5350860	2192	1494	n
5351111	2192	1495	n
5351362	2192	1493	n
5361738	2192	1494	n
5361989	2189	1494	n
5362240	2191	1495	n
5362494	2192	1495	n
5362750	2191	1494	n
5363001	2192	1494	n
5373394	2192	1493	n
5373653	2192	1495	n
5373904	2192	1494	n
5374155	2192	1494	n
5374406	2192	1493	n
5374661	2192	1493	n
5374912	2192	1494	n
5385280	2192	1495	n
5385535	2192	1495	n
5385791	2192	1495	n
5386042	2192	1496	n
5386293	2192	1494	n
5386549	2192	1494	n
5396941	2192	1494	n
5397192	2192	1494	n
5397443	2191	1494	n
5397699	2191	1493	n
5397950	2192	1495	n
5398201	2192	1495	n
5398452	2191	1495	n
5408826	2192	1493	n
5409077	2192	1495	n
5409328	2191	1495	n
5409584	2191	1493	n
5409839	2192	1493	n
5410090	2191	1493	n
5420491	2192	1495	n
5420746	2192	1494	n
5420997	2191	1494	n
5421248	2191	1493	n
5421505	2192	1494	n
5421760	2192	1493	n
5422011	2192	1495	n
5432372	2192	1494	n
5432629	2192	1495	n
5432880	2192	1495	n
5433131	2192	1495	n
5433382	2192	1494	n
5433639	2192	1494	n
5444033	2192	1495	n
5444284	2192	1494	n
5444538	2192	1494	n
5444793	2192	1495	n
5445044	2192	1495	n
5445295	2192	1495	n
5445550	2192	1495	n
5455918	2192	1495	n
5456169	2192	1494	n
5456420	2192	1497	n
5456676	2192	1495	n
5456927	2192	1492	n
5457178	2192	1494	n
5467579	2193	1493	n
5467834	2192	1493	n
5468085	2192	1493	n
5468336	2192	1493	n
5468590	2192	1495	n
5468845	2192	1496	n
5469096	2192	1497	n
5479465	2192	1494	n
5479721	2192	1494	n
5479971	2192	1494	n
5480222	2192	1497	n
5480473	2192	1494	n
5480729	2192	1495	n
5491126	2192	1495	n
5491377	2192	1495	n
5491633	2192	1493	n
5491884	2192	1495	n
5492135	2192	1493	n
5492386	2192	1496	n
5492644	2192	1494	n
5503011	2192	1494	n
5503262	2192	1495	n
5503519	2192	1493	n
5503774	2190	1493	n
5504025	2192	1495	n
5504276	2192	1494	n
5514676	2192	1494	n
5514928	2192	1494	n
5515179	2191	1495	n
5515430	2192	1494	n
5515685	2192	1493	n
5515936	2192	1497	n
5516187	2192	1494	n
5526559	2192	1494	n
5526814	2192	1495	n
5527065	2192	1494	n
5527316	2192	1495	n
5527571	2192	1493	n
5527826	2192	1494	n
5538218	2192	1494	n
5538469	2192	1493	n
5538725	2192	1495	n
5538976	2192	1495	n
5539227	2192	1493	n
5539478	2191	1490	n
5539734	2192	1495	n
5550103	2191	1495	n
5550354	2191	1493	n
5550607	2192	1495	n
5550862	2191	1495	n
5551113	2192	1495	n
5551364	2192	1494	n
5561764	2192	1493	n
5562015	2191	1492	n
5562266	2192	1494	n
5562522	2192	1495	n
5562777	2192	1495	n
5563028	2192	1494	n
5563279	2192	1495	n
5573654	2192	1495	n
5573905	2192	1497	n
5574156	2192	1494	n
5574407	2192	1493	n
5574663	2192	1494	n
5574914	2192	1494	n
5585311	2191	1494	n
5585567	2192	1493	n
5585822	2192	1495	n
5586072	2192	1494	n
5586323	2192	1493	n
5586576	2192	1494	n
5586832	2192	1493	n
5597196	2191	1493	n
5597447	2192	1495	n
5597702	2192	1494	n
5597953	2191	1494	n
5598204	2192	1493	n
5598455	2192	1494	n
5608857	2192	1495	n
5609108	2192	1494	n
5609359	2192	1494	n
5609616	2192	1495	n
5609871	2192	1495	n
5610122	2192	1495	n
5610373	2192	1494	n
5620746	2192	1495	n
5620997	2192	1495	n
5621248	2192	1494	n
5621505	2192	1494	n
5621760	2192	1494	n
5622011	2192	1494	n
5632403	2192	1492	n
5632659	2191	1495	n
5632910	2192	1493	n
5633161	2192	1495	n
5633412	2191	1491	n
5633667	2192	1494	n
5633918	2192	1494	n
5644288	2192	1494	n
5644542	2191	1493	n
5644797	2191	1494	n
5645048	2192	1494	n
5645299	2192	1493	n
5645553	2192	1493	n
5655949	2192	1495	n
5656200	2192	1493	n
5656451	2191	1495	n
5656706	2192	1495	n
5656957	2192	1494	n
5657208	2192	1495	n
5657459	2193	1495	n
5667835	2192	1496	n
5668086	2192	1495	n
5668337	2192	1494	n
5668590	2192	1497	n
5668845	2192	1495	n
5669096	2192	1495	n
5679502	2192	1495	n
5679757	2192	1494	n
5680008	2192	1494	n
5680259	2192	1492	n
5680515	2192	1493	n
5680771	2192	1494	n
5681022	2192	1495	n
5691381	2192	1495	n
5691639	2192	1494	n
5691890	2192	1495	n
5692141	2192	1494	n
5692392	2192	1494	n
5692653	2192	1495	n
5703042	2192	1495	n
5703293	2192	1494	n
5703549	2192	1495	n
5703804	2192	1493	n
5704055	2191	1494	n
5704306	2192	1495	n
5704559	2192	1494	n
5714927	2192	1494	n
5715178	2192	1493	n
5715429	2192	1493	n
5715685	2192	1494	n
5715936	2192	1494	n
5716187	2192	1493	n
5726588	2192	1494	n
5726843	2192	1494	n
5727094	2191	1491	n
5727345	2192	1494	n
5727601	2192	1494	n
5727856	2191	1495	n
5728107	2192	1494	n
5738473	2192	1494	n
5738730	2192	1492	n
5738981	2192	1496	n
5739232	2192	1494	n
5739487	2192	1494	n
5739743	2192	1495	n
5750134	2193	1495	n
5750385	2192	1494	n
5750645	2192	1496	n
5750896	2192	1497	n
5751146	2192	1494	n
5751397	2192	1493	n
5751658	2192	1495	n
5762020	2191	1494	n
5762271	2192	1494	n
5762525	2192	1493	n
5762779	2192	1493	n
5763030	2191	1494	n
5763281	2192	1494	n
5773685	2192	1492	n
5773936	2191	1494	n
5774187	2192	1491	n
5774438	2192	1494	n
5774698	2191	1495	n
5774949	2192	1492	n
5775200	2192	1494	n
5785570	2192	1495	n
5785825	2192	1497	n
5786076	2192	1495	n
5786327	2192	1495	n
5786584	2192	1495	n
5786839	2192	1494	n
5797227	2192	1495	n
5797479	2192	1495	n
5797734	2192	1495	n
5797985	2192	1494	n
5798236	2192	1494	n
5798491	2192	1496	n
5798747	2192	1495	n
5809112	2192	1495	n
5809363	2192	1493	n
5809621	2192	1493	n
5809872	2192	1495	n
5810123	2191	1495	n
5810374	2191	1494	n
5820773	2192	1495	n
5821024	2192	1494	n
5821275	2192	1495	n
5821532	2191	1495	n
5821787	2191	1495	n
5822038	2192	1494	n
5822289	2191	1494	n
5832663	2192	1495	n
5832914	2191	1494	n
5833165	2192	1495	n
5833416	2192	1495	n
5833671	2192	1494	n
5833922	2192	1493	n
5844319	2192	1495	n
5844573	2192	1497	n
5844828	2193	1495	n
5845079	2191	1494	n
5845330	2192	1494	n
5845584	2192	1494	n
5845839	2192	1493	n
5856205	2192	1493	n
5856456	2193	1498	n
5856712	2192	1497	n
5856963	2192	1495	n
5857214	2192	1494	n
5857465	2192	1495	n
5867866	2192	1494	n
5868117	2191	1494	n
5868368	2192	1494	n
5868629	2192	1495	n
5868880	2191	1494	n
5869131	2191	1494	n
5869382	2192	1493	n
5879755	2192	1494	n
5880006	2192	1494	n
5880257	2192	1495	n
5880513	2192	1494	n
5880768	2192	1494	n
5881019	2192	1493	n
5891412	2192	1493	n
5891668	2191	1493	n
5891919	2190	1493	n
5892169	2191	1493	n
5892421	2192	1496	n
5892676	2192	1491	n
5892927	2191	1494	n
5903297	2192	1492	n
5903552	2192	1494	n
5903807	2192	1495	n
5904058	2192	1494	n
5904309	2192	1495	n
5904567	2192	1494	n
5914958	2192	1495	n
5915209	2192	1495	n
5915460	2193	1494	n
5915716	2192	1494	n
5915967	2192	1494	n
5916218	2192	1495	n
5916469	2192	1495	n
5926843	2192	1494	n
5927094	2192	1495	n
5927345	2192	1495	n
5927601	2192	1494	n
5927856	2191	1495	n
5928107	2192	1494	n
5938507	2192	1493	n
5938762	2192	1493	n
5939013	2193	1495	n
5939264	2192	1494	n
5939519	2192	1493	n
5939774	2192	1495	n
5940025	2192	1495	n
5950390	2193	1497	n
5950648	2192	1495	n
5950899	2192	1495	n
5951150	2192	1496	n
5951401	2192	1495	n
5951659	2192	1494	n
5962051	2192	1495	n
5962302	2192	1493	n
5962555	2192	1497	n
5962810	2192	1494	n
5963061	2192	1495	n
5963312	2192	1495	n
5963566	2192	1494	n
5973936	2192	1494	n
5974187	2192	1495	n
5974438	2192	1495	n
5974698	2192	1493	n
5974950	2192	1494	n
5975200	2192	1495	n
5985597	2192	1493	n
5986009	2192	1495	n
5986269	2192	1497	n
5986547	2192	1495	n
5986802	2192	1493	n
5987053	2192	1494	n
5987313	2192	1495	n
5997737	2192	1495	n
5998214	2192	1494	n
5998465	2192	1494	n
5998720	2192	1495	n
5999002	2192	1494	n
5999253	2192	1495	n
5999506	2192	1495	n
6009919	2192	1495	Time:00:00:00:00;;
6010648	2192	1494	n
6010899	2192	1493	n
6011150	2192	1495	n
6011433	2192	1493	n
6011691	2192	1495	n
6022080	2192	1495	n
6022559	2192	1493	n
6022822	2192	1494	n
6023096	2192	1495	n
6023346	2191	1495	n
6023601	2189	1493	n
6034000	2192	1494	n
6034512	2192	1495	n
6034768	2191	1493	n
6035019	2192	1495	n
6035279	2192	1495	n
6035556	2192	1496	n
6035811	2192	1497	n
6046196	2192	1494	n
6046690	2191	1494	n
6046963	2192	1494	n
6047214	2192	1495	n
6047465	2192	1494	n
6047729	2192	1495	n
6048002	2191	1494	n
6058392	2192	1495	n
6058880	2192	1495	n
6059140	2192	1494	Time:00:00:00:00;;
6059638	2192	1495	n
6059889	2192	1494	n
6070260	2192	1494	n
6070774	2192	1494	n
6071025	2192	1495	n
6071276	2192	1494	n
6071532	2192	1494	n
6071817	2192	1494	n
6072068	2192	1494	n
6082473	2192	1495	n
6082956	2192	1494	n
6083215	2192	1495	n
6083495	2192	1495	n
6083750	2192	1495	n
6084001	2192	1494	n
6084261	2192	1494	n
6094673	2192	1494	n
6095148	2192	1495	n
6095399	2191	1493	n
6095666	2192	1493	n
6095939	2192	1495	n
6096190	2192	1495	n
6096441	2191	1494	n
6106864	2192	1495	n
6107380	2192	1495	n
6107639	2192	1494	n
6107890	2192	1495	n
6108149	2192	1494	n
6108423	2192	1497	n
6118784	2192	1495	n
6119261	2192	1495	n
6119524	2192	1495	n
6119801	2192	1493	n
6120053	2192	1494	n
6120304	2192	1493	n
6120565	2192	1495	n
6130988	2192	1494	n
6131465	2192	1492	n
6131720	2192	1494	n
6131971	2192	1493	n
6132252	2191	1493	n
6132506	2192	1494	n
6132761	2191	1493	n
6143175	2192	1495	n
6143694	2192	1494	n
6143945	2192	1497	n
6144195	2192	1495	n
6144446	2192	1494	n
6144733	2192	1495	n
6155095	2192	1493	n
6155581	2192	1495	n
6155836	2192	1494	n
6156096	2191	1494	n
6156369	2189	1494	n
6156629	2191	1490	n
6156880	2191	1493	n
6167291	2192	1493	n
6167809	2192	1495	n
6168060	2192	1493	n
6168311	2191	1494	n
6168573	2192	1493	n
6168851	2192	1493	n
6169102	2192	1494	n
6179491	2191	1492	n
6179985	2192	1493	n
6180260	2192	1495	n
6180516	2191	1493	n
6180771	2191	1495	n
6181031	2192	1494	n
6191459	2192	1495	n
6191947	2192	1494	n
6192198	2192	1495	n
6192458	2192	1496	n
6192736	2192	1495	n
6192987	2192	1494	n
6193238	2192	1493	n
6203604	2192	1494	n
6204116	2192	1494	n
6204367	2191	1493	n
6204626	2192	1493	n
6204886	2191	1493	n
6205159	2191	1493	n
6205410	2191	1495	n
6215798	2192	1494	Time:00:00:00:00;;
6216421	2191	1495	n
6216677	2191	1493	n
6216928	2192	1493	n
6217179	2191	1493	n
6217429	2191	1493	n
6227787	2191	1493	n
6228038	2192	1495	n
6228289	2192	1494	n
6228542	2192	1494	n
6228797	2192	1495	n
6229048	2192	1495	n
6239487	2192	1494	n
6239742	2192	1493	n
6239993	2192	1495	n
6240244	2192	1495	n
6240499	2192	1495	n
6240754	2192	1494	n
6241005	2192	1495	n
6251419	2192	1495	n
6251675	2191	1493	n
6251926	2192	1497	n
6252177	2192	1494	n
6252428	2192	1494	n
6252684	2191	1494	n
6263098	2192	1494	n
6263349	2192	1494	n
6263605	2192	1495	n
6263860	2192	1494	n
6264111	2192	1493	n
6264362	2192	1494	n
6264622	2192	1494	n
6275052	2192	1494	n
6275303	2192	1495	n
6275556	2192	1497	n
6275811	2192	1495	n
6276062	2192	1495	n
6276313	2192	1494	n
6286715	2192	1495	n
6286966	2193	1494	n
6287217	2192	1495	n
6287468	2192	1495	n
6287724	2192	1495	n
6287975	2192	1494	n
6288226	2192	1495	n
6298601	2191	1494	n
6298856	2192	1493	n
6299107	2192	1493	n
6299358	2192	1495	n
6299611	2191	1493	n
6299866	2191	1495	n
6310259	2191	1495	n
6310515	2192	1495	n
6310770	2192	1494	n
6311021	2192	1494	n
6311272	2191	1495	n
6311525	2192	1495	n
6311779	2192	1497	n
6322144	2192	1494	n
6322395	2192	1494	n
6322654	2192	1494	n
6322905	2192	1495	n
6323156	2192	1493	n
6323407	2192	1493	n
6333805	2191	1493	n
6334056	2192	1493	n
6334307	2192	1494	n
6334564	2192	1493	n
6334819	2192	1491	n
6335070	2192	1494	n
6335321	2191	1493	n
6345694	2191	1493	n
6345945	2191	1495	n
6346196	2192	1494	n
6346447	2191	1495	n
6346703	2192	1493	n
6346954	2192	1495	n
6357351	2192	1495	n
6357608	2192	1494	n
6357863	2192	1494	n
6358114	2192	1493	n
6358365	2192	1494	n
6358626	2191	1494	n
6358877	2192	1495	n
6369237	2192	1495	n
6369495	2192	1495	n
6369750	2192	1494	n
6370001	2192	1495	n
6370252	2192	1494	n
6370505	2192	1495	n
6380898	2192	1493	n
6381149	2192	1495	n
6381400	2192	1493	n
6381657	2192	1495	n
6381908	2192	1493	n
6382159	2192	1495	n
6382410	2192	1494	n
6392784	2191	1493	n
6393035	2192	1494	n
6393286	2192	1493	n
6393539	2192	1494	n
6393794	2192	1494	n
6394045	2192	1493	n
6404444	2192	1498	n
6404700	2192	1494	n
6404951	2192	1495	n
6405202	2192	1495	n
6405453	2192	1495	n
6405708	2192	1494	n
6405959	2192	1495	n
6416329	2192	1494	n
6416584	2192	1494	n
6416839	2192	1497	n
6417090	2192	1494	n
6417341	2192	1495	n
6417593	2192	1495	n
6427990	2192	1495	n
6428241	2191	1493	n
6428498	2192	1496	n
6428754	2192	1493	n
6429005	2191	1493	n
6429256	2192	1494	n
6429513	2192	1494	n
6439875	2192	1494	n
6440126	2192	1495	n
6440377	2192	1495	n
6440634	2192	1493	n
6440885	2192	1493	n
6441136	2192	1494	n
6451539	2192	1495	n
6451794	2192	1495	n
6452045	2192	1494	n
6452296	2192	1494	n
6452553	2192	1494	n
6452808	2192	1494	n
6453059	2192	1495	n
6463422	2192	1498	n
6463677	2192	1497	n
6463929	2191	1494	n
6464180	2192	1494	n
6464431	2191	1493	n
6464692	2192	1495	n
6475083	2192	1494	n
6475334	2191	1493	n
6475590	2191	1491	n
6475845	2192	1493	n
6476096	2191	1493	n
6476347	2192	1494	n
6476601	2192	1493	n
6486968	2192	1494	n
6487219	2191	1494	n
6487470	2191	1494	n
6487726	2192	1495	n
6487977	2192	1495	n
6488228	2191	1494	n
6498633	2191	1495	n
6498884	2192	1494	n
6499135	2192	1494	n
6499386	2192	1494	n
6499644	2192	1495	n
6499895	2192	1494	n
6500146	2192	1498	n
6510518	2191	1494	n
6510774	2192	1495	n
6511025	2192	1497	n
6511276	2192	1493	n
6511532	2191	1491	n
6511787	2192	1497	n
6522175	2192	1494	n
6522426	2192	1493	n
6522682	2192	1494	n
6522933	2192	1495	n
6523184	2192	1494	n
6523435	2191	1493	n
6523692	2192	1494	n
6534060	2191	1494	n
6534311	2191	1494	n
6534567	2192	1493	n
6534822	2192	1494	n
6535073	2192	1495	n
6535324	2192	1494	n
6545721	2192	1494	n
6545972	2192	1495	n
6546223	2192	1494	n
6546474	2192	1495	n
6546734	2192	1495	n
6546985	2191	1493	n
6547236	2191	1494	n
6557609	2191	1493	n
6557864	2192	1494	n
6558115	2192	1494	n
6558366	2192	1493	n
6558626	2192	1493	n
6558877	2192	1495	n
6569268	2192	1495	n
6569521	2192	1495	n
6569777	2191	1493	n
6570028	2192	1493	n
6570279	2190	1494	n
6570536	2192	1493	n
6570791	2192	1494	n
6581153	2191	1494	n
6581404	2192	1492	n
6581660	2192	1495	n
6581911	2192	1494	n
6582162	2192	1495	n
6582413	2192	1495	n
6592814	2192	1494	n
6593065	2192	1495	n
6593316	2192	1495	n
6593573	2191	1495	n
6593828	2192	1495	n
6594079	2192	1495	n
6594330	2192	1495	n
6604704	2191	1493	n
6604955	2192	1493	n
6605206	2192	1495	n
6605457	2192	1494	n
6605712	2192	1494	n
6605963	2192	1493	n
6616360	2192	1493	n
6616615	2192	1494	n
6616870	2192	1494	n
6617121	2191	1493	n
6617372	2192	1494	n
6617629	2192	1494	n
6617880	2191	1493	n
6628245	2192	1494	n
6628502	2192	1495	n
6628757	2192	1495	n
6629008	2192	1493	n
6629259	2192	1494	n
6629515	2192	1495	n
6639906	2192	1495	n
6640157	2192	1495	n
6640408	2192	1495	n
6640664	2192	1495	n
6640915	2192	1494	n
6641166	2192	1494	n
6641417	2192	1495	n
6651792	2192	1493	n
6652043	2192	1494	n
6652294	2192	1494	n
6652549	2192	1494	n
6652804	2192	1494	n
6653055	2192	1495	n
6663453	2192	1495	n
6663708	2192	1494	n
6663959	2192	1494	n
6664210	2192	1493	n
6664461	2192	1494	n
6664717	2192	1494	n
6664968	2191	1493	n
6675338	2192	1495	n
6675591	2192	1497	n
6675847	2192	1497	n
6676097	2192	1495	n
6676349	2192	1494	n
6676605	2192	1494	n
6686999	2192	1497	n
6687250	2192	1493	n
6687504	2190	1493	n
6687760	2192	1493	n
6688010	2191	1494	n
6688262	2192	1493	n
6688515	2190	1493	n
6698884	2192	1494	n
6699135	2192	1494	n
6699386	2192	1494	n
6699643	2192	1494	n
6699895	2192	1493	n
6700146	2192	1493	n
6710549	2192	1494	n
6710804	2192	1494	n
6711055	2191	1494	n
6711306	2191	1494	n
6711559	2192	1494	n
6711814	2192	1494	n
6712065	2192	1495	n
6722430	2192	1495	n
6722687	2192	1495	n
6722937	2192	1494	n
6723188	2192	1494	n
6723439	2191	1493	n
6723699	2192	1496	n
6734091	2192	1494	n
6734342	2192	1494	n
6734598	2192	1494	n
6734853	2192	1494	n
6735104	2192	1492	n
6735355	2192	1493	n
6735608	2192	1494	n
6745977	2192	1493	n
6746228	2192	1495	n
6746480	2191	1493	n
6746736	2192	1495	n
6746987	2191	1494	n
6747238	2192	1494	n
6757643	2192	1497	n
6757894	2192	1495	n
6758145	2192	1495	n
6758395	2192	1495	n
6758654	2192	1494	n
6758905	2192	1497	n
6759156	2192	1494	n
6769525	2192	1495	n
6769780	2192	1495	n
6770031	2192	1495	n
6770282	2192	1494	n
6770536	2191	1494	n
6770791	2192	1492	n
6781184	2192	1493	n
6781435	2192	1495	n
6781692	2192	1494	n
6781943	2192	1495	n
6782194	2192	1495	n
6782445	2191	1494	n
6782701	2192	1494	n
6793069	2192	1494	n
6793320	2190	1494	n
6793573	2192	1495	n
6793828	2192	1494	n
6794079	2192	1494	n
6794330	2192	1493	n
6804730	2192	1495	n
6804981	2192	1494	n
6805232	2192	1494	n
6805487	2192	1495	n
6805743	2192	1495	n
6805993	2192	1493	n
6806244	2192	1493	n
6816622	2191	1495	n
6816873	2192	1494	n
6817124	2192	1494	n
6817375	2192	1495	n
6817632	2191	1497	n
6817883	2192	1494	n
6828276	2190	1494	n
6828532	2192	1494	n
6828787	2192	1493	n
6829038	2192	1493	n
6829289	2192	1494	n
6829542	2191	1494	n
6829797	2192	1493	n
6840162	2192	1493	n
6840413	2192	1494	n
6840668	2192	1495	n
6840919	2192	1493	n
6841170	2191	1494	n
6841421	2192	1497	n
6851823	2192	1495	n
6852074	2192	1493	n
6852325	2192	1495	n
6852581	2192	1494	n
6852836	2192	1495	n
6853087	2192	1494	n
6853338	2192	1492	n
6863712	2192	1494	n
6863963	2192	1494	n
6864214	2191	1497	n
6864465	2193	1494	n
6864720	2192	1494	n
6864971	2191	1493	n
6875369	2191	1494	n
6875629	2192	1495	n
6875880	2192	1494	n
6876131	2191	1494	n
6876382	2192	1493	n
6876639	2191	1495	n
6876890	2191	1494	n
6887254	2192	1494	n
6887507	2192	1494	n
6887763	2191	1493	n
6888014	2192	1495	n
6888265	2192	1493	n
6888522	2192	1492	n
6898915	2192	1495	n
6899166	2192	1493	n
6899417	2192	1497	n
6899673	2192	1494	n
6899924	2192	1495	n
6900175	2192	1492	n
6900425	2192	1491	n
6910800	2192	1493	n
6911051	2191	1493	n
6911302	2192	1491	n
6911555	2191	1493	n
6911810	2192	1493	n
6912061	2192	1494	n
6922461	2192	1493	n
6922717	2192	1495	n
6922968	2192	1495	n
6923219	2192	1493	n
6923470	2191	1493	n
6923726	2191	1494	n
6923977	2192	1493	n
6934347	2192	1495	n
6934601	2192	1494	n
6934856	2192	1495	n
6935107	2192	1494	n
6935358	2192	1494	n
6935611	2191	1493	n
6946008	2192	1494	n
6946259	2192	1494	n
6946515	2192	1497	n
6946771	2192	1495	n
6947022	2192	1495	n
6947273	2192	1495	n
6947530	2192	1492	n
6957893	2192	1492	n
6958144	2191	1494	n
6958395	2191	1493	n
6958654	2192	1494	n
6958905	2192	1493	n
6959156	2191	1495	n
6969556	2192	1493	n
6969811	2192	1493	n
6970062	2191	1494	n
6970313	2192	1493	n
6970567	2191	1492	n
6970822	2191	1493	n
6971073	2191	1494	n
6981439	2191	1494	n
6981765	2192	1494	n
6982016	2192	1495	n
6982276	2191	1494	n
6982553	2192	1495	n
6982808	2192	1493	n
6993186	2192	1494	n
6993680	2191	1494	n
6993953	2192	1493	n
6994205	2192	1494	n
6994455	2192	1494	n
6994718	2192	1495	n
6994991	2192	1494	n
7005383	2192	1493	Time:00:00:00:00;;
7006091	2192	1494	n
7006365	2192	1494	n
7006626	2192	1493	n
7006877	2191	1494	n
7007137	2192	1493	n
7017592	2192	1494	n
7018073	2192	1493	n
7018324	2191	1493	n
7018590	2192	1494	n
7018867	2192	1494	n
7019118	2192	1494	n
7029533	2192	1494	n
7030022	2192	1494	n
7030295	2192	1494	n
7030549	2192	1494	n
7030805	2192	1494	n
7031064	2192	1494	n
7031338	2192	1496	n
7041745	2191	1494	n
7042222	2191	1495	n
7042473	2191	1494	n
7042760	2192	1493	n
7043011	2192	1493	n
7043262	2192	1495	n
7043519	2192	1495	n
7053941	2192	1493	n
7054427	2192	1494	n
7054683	2191	1494	n
7054934	2190	1494	n
7055216	2191	1497	n
7055467	2192	1494	n
7055722	2192	1494	n
7066137	2193	1497	Time:00:00:00:00;;
7066868	2191	1494	n
7067119	2192	1493	n
7067370	2192	1495	n
7067637	2191	1493	n
7078092	2192	1495	n
7078573	2192	1497	n
7078828	2191	1494	n
7079088	2191	1495	n
7079362	2192	1494	n
7079622	2192	1493	n
7079873	2192	1495	n
7090304	2192	1494	n
7090818	2192	1493	n
7091069	2192	1493	n
7091320	2192	1494	n
7091584	2192	1493	n
7091861	2192	1494	n
7092112	2192	1495	n
7102504	2192	1495	n
7102994	2192	1495	n
7103268	2192	1493	n
7103521	2192	1495	n
7103776	2191	1494	n
7104036	2191	1493	n
7104309	2192	1494	n
7114700	2193	1493	n
7115183	2191	1496	n
7115443	2189	1494	n
7115721	2191	1494	n
7115972	2192	1493	n
7116223	2192	1495	n
7126615	2192	1495	n
7127127	2192	1494	n
7127378	2192	1495	n
7127639	2192	1496	n
7127899	2190	1494	n
7128173	2191	1495	n
7128424	2193	1495	n
7138811	2192	1493	n
7139286	2192	1494	n
7139574	2191	1493	n
7139829	2191	1493	n
7140080	2190	1493	n
7140331	2191	1494	n
7140622	2192	1494	n
7151007	2192	1494	n
7151487	2192	1493	n
7151742	2191	1493	n
7152024	2192	1495	n
7152275	2192	1495	n
7152530	2192	1493	n
7162926	2192	1495	n
7163418	2192	1497	n
7163696	2193	1494	n
7163947	2192	1495	n
7164198	2192	1494	n
7164458	2192	1494	n
7164736	2191	1493	n
7175123	2192	1494	n
7175608	2192	1495	n
7175872	2192	1494	n
7176145	2192	1493	n
7176396	2191	1493	n
7176654	2192	1494	n
7176914	2190	1493	n
7187327	2191	1494	n
7187813	2192	1492	n
7188064	2192	1493	n
7188323	2192	1494	n
7188601	2192	1495	n
7188856	2190	1495	n
7199221	2192	1495	n
7199723	2192	1495	n
7199997	2192	1497	n
7200248	2192	1494	n
7200505	2192	1495	n
7200769	2192	1495	n
7201042	2192	1493	n
7211434	2192	1494	Time:00:00:00:00;;
7212131	2192	1495	n
7212413	2192	1495	n
7212669	2192	1494	n
7212919	2192	1495	n
7213171	2192	1494	n
7223597	2192	1495	n
7223852	2191	1493	n
7224103	2191	1494	n
7224354	2192	1495	n
7224608	2191	1495	n
7224863	2192	1494	n
7235239	2192	1494	n
7235494	2192	1495	n
7235750	2192	1493	n
7236001	2192	1494	n
7236252	2192	1494	n
7236505	2192	1495	n
7236760	2190	1493	n
7247141	2192	1495	n
7247392	2192	1494	n
7247653	2192	1495	n
7247904	2192	1495	n
7248155	2192	1495	n
7248406	2192	1495	n
7258785	2192	1497	n
7259036	2192	1495	n
7259287	2191	1497	n
7259540	2192	1496	n
7259795	2191	1494	n
7260046	2192	1492	n
7260297	2192	1492	n
7270691	2192	1495	n
7270942	2191	1496	n
7271193	2192	1495	n
7271444	2191	1495	n
7271701	2192	1493	n
7271952	2192	1495	n
7282332	2192	1494	n
7282587	2192	1494	n
7282842	2192	1494	n
7283093	2193	1494	n
7283344	2192	1493	n
7283599	2192	1495	n
7283854	2192	1495	n
7294234	2192	1495	n
7294487	2192	1494	n
7294742	2192	1495	n
7294993	2192	1495	n
7295244	2192	1494	n
7295499	2192	1495	n
7305878	2192	1491	n
7306129	2189	1494	n
7306380	2192	1494	n
7306639	2192	1493	n
7306890	2192	1494	n
7307141	2192	1494	n
7307392	2192	1493	n
7317780	2192	1494	n
7318031	2192	1493	n
7318282	2192	1494	n
7318539	2192	1494	n
7318794	2191	1495	n
7319045	2192	1494	n
7329424	2192	1495	n
7329679	2192	1495	n
7329930	2192	1495	n
7330181	2192	1495	n
7330432	2191	1495	n
7330691	2192	1493	n
7330942	2192	1493	n
7341326	2192	1494	n
7341581	2192	1495	n
7341836	2192	1496	n
7342087	2192	1495	n
7342338	2192	1497	n
7342591	2192	1495	n
7352970	2192	1493	n
7353221	2192	1494	n
7353472	2192	1495	n
7353729	2192	1493	n
7353980	2192	1493	n
7354231	2192	1495	n
7354488	2192	1494	n
7364873	2192	1494	n
7365124	2192	1494	n
7365375	2192	1493	n
7365632	2192	1494	n
7365883	2192	1497	n
7366134	2191	1495	n
7376518	2192	1495	n
7376773	2192	1495	n
7377024	2192	1495	n
7377275	2191	1494	n
7377532	2192	1495	n
7377787	2192	1496	n
7378038	2192	1495	n
7388419	2192	1496	n
7388674	2192	1495	n
7388925	2192	1493	n
7389176	2192	1494	n
7389427	2192	1494	n
7389683	2192	1494	n
7400063	2190	1493	n
7400314	2191	1494	n
7400570	2191	1491	n
7400826	2192	1493	n
7401077	2192	1491	n
7401328	2192	1493	n
7401584	2191	1494	n
7411965	2192	1493	n
7412216	2192	1493	n
7412467	2192	1493	n
7412722	2191	1494	n
7412973	2192	1495	n
7413224	2191	1495	n
7423609	2192	1495	n
7423864	2192	1496	n
7424115	2192	1494	n
7424366	2192	1494	n
7424626	2190	1494	n
7424877	2192	1494	n
7425128	2192	1495	n
7435516	2192	1495	n
7435771	2191	1494	n
7436022	2192	1493	n
7436273	2192	1493	n
7436530	2192	1492	n
7436785	2192	1494	n
7447155	2192	1493	n
7447406	2192	1494	n
7447662	2192	1495	n
7447913	2191	1495	n
7448164	2192	1493	n
7448415	2192	1493	n
7448670	2192	1493	n
7459058	2191	1493	n
7459309	2192	1494	n
7459564	2191	1493	n
7459819	2192	1494	n
7460070	2192	1493	n
7460321	2192	1493	n
7470702	2191	1493	n
7470953	2191	1493	n
7471204	2191	1493	n
7471455	2192	1494	n
7471710	2192	1493	n
7471961	2192	1495	n
7472212	2192	1493	n
7482605	2191	1495	n
7482860	2191	1493	n
7483111	2191	1494	n
7483362	2192	1493	n
7483622	2192	1493	n
7483873	2192	1495	n
7494248	2192	1494	n
7494505	2191	1494	n
7494760	2192	1494	n
7495011	2192	1492	n
7495262	2191	1494	n
7495519	2192	1494	n
7495774	2191	1495	n
7506150	2192	1495	n
7506401	2192	1493	n
7506658	2192	1493	n
7506909	2192	1493	n
7507160	2192	1494	n
7507411	2191	1494	n
7517794	2192	1495	n
7518045	2192	1495	n
7518296	2192	1493	n
7518553	2192	1495	n
7518808	2192	1495	n
7519059	2192	1495	n
7519310	2192	1494	n
7529700	2192	1494	n
7529951	2192	1497	n
7530202	2192	1494	n
7530453	2192	1494	n
7530708	2192	1494	n
7530960	2192	1494	n
7541340	2192	1495	n
7541593	2192	1494	n
7541848	2192	1495	n
7542099	2192	1493	n
7542350	2192	1495	n
7542605	2192	1494	n
7542860	2192	1493	n
7553243	2192	1495	n
7553499	2192	1494	n
7553755	2192	1494	n
7554006	2192	1494	n
7554257	2192	1493	n
7554512	2192	1494	n
7564887	2192	1495	n
7565138	2192	1497	n
7565389	2192	1495	n
7565649	2192	1494	n
7565900	2192	1496	n
7566151	2192	1495	n
7566402	2192	1494	n
7576789	2192	1493	n
7577040	2192	1493	n
7577291	2191	1493	n
7577546	2192	1494	n
7577801	2192	1494	n
7578052	2192	1494	n
7588433	2192	1495	n
7588691	2192	1494	n
7588942	2192	1497	n
7589193	2192	1491	n
7589444	2192	1493	n
7589700	2191	1495	n
7589951	2192	1493	n
7600335	2191	1495	n
7600590	2192	1494	n
7600845	2192	1495	n
7601096	2192	1495	n
7601347	2191	1495	n
7601601	2192	1495	n
7611979	2192	1495	n
7612230	2192	1495	n
7612482	2192	1495	n
7612738	2192	1495	n
7612989	2192	1495	n
7613240	2190	1495	n
7613494	2191	1494	n
7623881	2192	1494	n
7624132	2192	1494	n
7624383	2192	1493	n
7624639	2192	1494	n
7624891	2192	1493	n
7625141	2192	1495	n
7635525	2192	1497	n
7635780	2192	1494	n
7636031	2192	1493	n
7636282	2192	1495	n
7636539	2192	1494	n
7636794	2192	1494	n
7637045	2192	1495	n
7647428	2192	1494	n
7647684	2192	1495	n
7647935	2192	1494	n
7648186	2192	1494	n
7648437	2192	1493	n
7648694	2192	1494	n
7659072	2192	1493	n
7659323	2191	1494	n
7659576	2189	1495	n
7659832	2192	1493	n
7660083	2189	1493	n
7660334	2191	1494	n
7660590	2192	1494	n
7670974	2192	1493	n
7671225	2192	1495	n
7671476	2191	1493	n
7671734	2192	1495	n
7671985	2192	1493	n
7672236	2191	1493	n
7682621	2192	1494	n
7682872	2192	1494	n
7683123	2192	1495	n
7683374	2192	1494	n
7683630	2192	1494	n
7683881	2192	1497	n
7684132	2192	1494	n
7694522	2192	1495	n
7694777	2192	1495	n
7695028	2192	1495	n
7695279	2192	1497	n
7695533	2193	1494	n
7695789	2192	1494	n
7706164	2191	1494	n
7706415	2191	1494	n
7706670	2192	1494	n
7706921	2192	1496	n
7707172	2192	1495	n
7707424	2192	1498	n
7707679	2192	1494	n
7718066	2191	1493	n
7718317	2191	1493	n
7718573	2192	1493	n
7718828	2191	1493	n
7719079	2192	1495	n
7719330	2192	1495	n
7729710	2192	1498	n
7729961	2192	1494	n
7730212	2192	1495	n
7730463	2193	1494	n
7730718	2192	1495	n
7730969	2192	1495	n
7731220	2192	1495	n
7741613	2192	1497	n
7741868	2192	1495	n
7742119	2192	1493	n
7742370	2192	1493	n
7742629	2192	1495	n
7742880	2191	1495	n
7753257	2192	1495	n
7753512	2192	1495	n
7753768	2192	1494	n
7754019	2192	1495	n
7754270	2193	1495	n
7754523	2192	1495	n
7754778	2192	1497	n
7765159	2192	1495	n
7765410	2192	1494	n
7765665	2192	1494	n
7765916	2192	1495	n
7766167	2192	1495	n
7766418	2192	1495	n
7776803	2192	1495	n
7777054	2193	1495	n
7777305	2192	1495	n
7777558	2192	1497	n
7777814	2192	1494	n
7778065	2192	1495	n
7778316	2192	1494	n
7788709	2192	1495	n
7788960	2192	1494	n
7789211	2193	1497	n
7789462	2194	1495	n
7789717	2191	1495	n
7789968	2192	1493	n
7800349	2192	1495	n
7800604	2191	1494	n
7800859	2191	1495	n
7801110	2192	1495	n
7801361	2192	1495	n
7801622	2192	1493	n
7801873	2191	1495	n
7812251	2192	1495	n
7812504	2192	1495	n
7812759	2192	1494	n
7813010	2192	1494	n
7813261	2192	1494	n
7813515	2192	1495	n
7823895	2192	1495	n
7824146	2192	1497	n
7824397	2193	1495	n
7824657	2193	1494	n
7824908	2192	1495	n
7825159	2192	1497	n
7825410	2192	1493	n
7835798	2192	1495	n
7836049	2192	1494	n
7836300	2192	1495	n
7836556	2192	1495	n
7836811	2192	1494	n
7837062	2192	1494	n
7847442	2191	1495	n
7847699	2192	1495	n
7847950	2192	1494	n
7848201	2192	1494	n
7848452	2191	1494	n
7848707	2192	1494	n
7848958	2192	1495	n
7859344	2192	1495	n
7859598	2192	1493	n
7859853	2192	1495	n
7860104	2192	1495	n
7860355	2192	1495	n
7860608	2192	1495	n
7870988	2192	1494	n
7871239	2192	1499	n
7871495	2193	1495	n
7871750	2192	1495	n
7872001	2192	1494	n
7872252	2192	1496	n
7872505	2192	1495	n
7882890	2192	1493	n
7883141	2192	1495	n
7883392	2192	1495	n
7883653	2192	1493	n
7883904	2192	1495	n
7884155	2192	1495	n
7894534	2192	1493	n
7894790	2192	1493	n
7895040	2192	1495	n
7895292	2192	1494	n
7895547	2192	1494	n
7895802	2191	1495	n
7896053	2191	1494	n
7906436	2192	1494	n
7906692	2192	1495	n
7906943	2192	1495	n
7907194	2192	1494	n
7907446	2192	1497	n
7907701	2192	1494	n
7918080	2192	1495	n
7918331	2192	1494	n
7918588	2192	1497	n
7918843	2192	1495	n
7919094	2192	1495	n
7919345	2191	1495	n
7919601	2192	1493	n
7929983	2192	1493	n
7930234	2192	1495	n
7930487	2192	1494	n
7930742	2191	1494	n
7930994	2191	1494	n
7931245	2192	1497	n
7941631	2192	1494	n
7941883	2192	1495	n
7942134	2192	1494	n
7942385	2192	1495	n
7942644	2192	1495	n
7942895	2192	1495	n
7943146	2192	1495	n
7953532	2192	1495	n
7953787	2192	1495	n
7954038	2192	1495	n
7954289	2192	1495	n
7954542	2192	1495	n
7954797	2192	1495	n
7965173	2192	1494	n
7965424	2192	1495	n
7965679	2194	1494	n
7965930	2191	1497	n
7966181	2192	1494	n
7966432	2192	1493	n
7966691	2192	1495	n
7977075	2192	1495	n
7977326	2192	1495	n
7977581	2192	1495	n
7977836	2192	1495	n
7978087	2192	1493	n
7978338	2192	1494	n
7988719	2191	1494	n
7989195	2191	1494	n
7989455	2190	1494	n
7989733	2192	1494	n
7989983	2192	1494	n
7990235	2192	1497	n
7990498	2192	1494	n
8000931	2192	1494	n
8001408	2191	1494	n
8001663	2192	1495	n
8001923	2192	1494	n
8002197	2192	1495	n
8002448	2191	1495	n
8002703	2192	1495	n
8013075	2192	1495	Time:00:00:00:00;;
8013804	2191	1495	n
8014055	2192	1494	n
8014306	2192	1494	n
8014590	2192	1495	n
8014845	2192	1495	n
8025237	2192	1494	n
8025723	2192	1494	n
8025982	2192	1493	n
8026256	2192	1493	n
8026513	2192	1493	n
8026768	2192	1494	n
8037139	2192	1494	n
8037656	2192	1495	n
8037907	2192	1494	n
8038158	2192	1494	n
8038418	2192	1495	n
8038696	2192	1495	n
8038947	2192	1494	n
8049353	2192	1493	n
8049849	2192	1495	n
8050124	2192	1494	n
8050375	2192	1495	n
8050632	2192	1494	n
8050892	2191	1493	n
8051166	2192	1494	n
8061552	2192	1495	Time:00:00:00:00;;
8062249	2192	1493	n
8062535	2191	1494	n
8062791	2192	1495	n
8063041	2192	1492	n
8063292	2192	1495	n
8073723	2192	1495	n
8074200	2191	1495	n
8074451	2192	1494	n
8074705	2192	1496	n
8074987	2192	1493	n
8075238	2192	1493	n
8085634	2192	1495	n
8086110	2192	1493	n
8086392	2192	1495	n
8086654	2192	1494	n
8086905	2192	1495	n
8087156	2192	1494	n
8087438	2192	1495	n
8097825	2192	1494	n
8098302	2192	1495	n
8098555	2192	1493	n
8098819	2192	1493	n
8099092	2191	1495	n
8099343	2191	1494	n
8099598	2191	1495	n
8110020	2192	1493	n
8110539	2192	1494	n
8110794	2192	1493	n
8111045	2192	1492	n
8111305	2192	1493	n
8111584	2192	1495	n
8121992	2192	1495	n
8122469	2193	1495	n
8122734	2192	1495	n
8123007	2192	1495	n
8123258	2192	1495	n
8123515	2192	1495	n
8123780	2192	1494	n
8134206	2192	1496	n
8134690	2192	1495	n
8134941	2191	1494	n
8135201	2192	1493	n
8135475	2192	1495	n
8135735	2192	1494	n
8135986	2192	1494	n
8146418	2192	1497	n
8146931	2192	1494	n
8147182	2191	1496	n
8147433	2192	1494	n
8147698	2192	1495	n
8147971	2192	1493	n
8158373	2192	1494	n
8158865	2191	1495	n
8159125	2192	1495	n
8159399	2192	1493	n
8159658	2192	1494	n
8159909	2192	1494	n
8160169	2192	1491	n
8170594	2192	1494	n
8171077	2192	1494	n
8171328	2192	1494	n
8171593	2192	1495	n
8171876	2192	1494	n
8172127	2192	1495	n
8172378	2192	1494	n
8182781	2192	1495	n
8183288	2191	1495	n
8183541	2192	1494	n
8183796	2192	1495	n
8184047	2192	1497	n
8184331	2192	1495	n
8184588	2192	1494	n
8194977	2192	1495	n
8195459	2193	1495	n
8195745	2192	1494	n
8195996	2192	1493	n
8196247	2192	1494	n
8196502	2192	1495	n
8206896	2192	1494	n
8207383	2192	1494	n
8207640	2192	1494	n
8207891	2192	1494	n
8208151	2192	1494	n
8208424	2191	1495	n
8208679	2192	1493	n
8219093	2192	1497	Time:00:00:00:00;;
8219659	2192	1495	n
8219910	2192	1494	n
8220161	2192	1494	n
8220412	2192	1495	n
8220667	2192	1495	n
8231029	2192	1494	n
8231280	2192	1494	n
8231535	2192	1495	n
8231791	2192	1495	n
8232042	2192	1494	n
8232293	2192	1494	n
8242695	2192	1495	n
8242946	2192	1494	n
8243197	2192	1495	n
8243448	2191	1494	n
8243703	2192	1495	n
8243954	2192	1494	n
8244205	2192	1494	n
8254581	2192	1494	n
8254836	2192	1495	n
8255087	2192	1495	n
8255338	2191	1495	n
8255591	2192	1494	n
8255846	2192	1494	n
8266236	2192	1495	n
8266491	2191	1494	n
8266746	2192	1495	n
8266997	2192	1495	n
8267248	2192	1494	n
8267505	2191	1495	n
8267760	2192	1492	n
8278122	2192	1493	n
8278373	2192	1498	n
8278630	2192	1494	n
8278881	2191	1494	n
8279132	2192	1495	n
8279383	2192	1493	n
8289783	2192	1495	n
8290034	2192	1497	n
8290285	2192	1494	n
8290538	2192	1495	n
8290794	2192	1493	n
8291045	2192	1494	n
8291296	2192	1495	n
8301673	2192	1497	n
8301923	2192	1495	n
8302174	2193	1495	n
8302425	2192	1495	n
8302681	2192	1494	n
8302932	2192	1498	n
8313329	2192	1497	n
8313584	2192	1493	n
8313839	2192	1495	n
8314090	2192	1495	n
8314341	2192	1495	n
8314594	2192	1494	n
8314849	2192	1495	n
8325214	2192	1495	n
8325465	2192	1494	n
8325720	2192	1494	n
8325972	2192	1495	n
8326222	2192	1495	n
8326473	2192	1495	n
8336875	2192	1493	n
8337126	2192	1495	n
8337377	2192	1493	n
8337633	2192	1493	n
8337884	2192	1493	n
8338135	2192	1494	n
8338386	2191	1493	n
8348765	2192	1494	n
8349016	2192	1497	n
8349267	2192	1495	n
8349522	2192	1495	n
8349775	2192	1495	n
8350026	2193	1495	n
8360421	2192	1498	n
8360677	2192	1493	n
8360928	2192	1494	n
8361179	2192	1495	n
8361430	2192	1495	n
8361685	2192	1495	n
8361936	2192	1495	n
8372307	2192	1494	n
8372564	2192	1495	n
8372819	2192	1493	n
8373070	2192	1494	n
8373321	2191	1496	n
8373574	2192	1493	n
8383968	2192	1494	n
8384219	2192	1494	n
8384470	2192	1496	n
8384726	2192	1494	n
8384977	2192	1494	n
8385228	2192	1494	n
8385479	2192	1494	n
8395853	2192	1492	n
8396104	2192	1495	n
8396355	2192	1494	n
8396608	2192	1495	n
8396863	2192	1495	n
8397114	2192	1495	n
8407518	2192	1493	n
8407774	2192	1497	n
8408025	2192	1495	n
8408276	2192	1494	n
8408532	2192	1494	n
8408787	2192	1493	n
8409038	2191	1494	n
8419399	2192	1494	n
8419657	2192	1494	n
8419908	2192	1494	n
8420159	2192	1495	n
8420410	2192	1493	n
8420666	2192	1494	n
8431060	2191	1495	n
8431311	2192	1494	n
8431567	2191	1494	n
8431822	2192	1495	n
8432073	2191	1495	n
8432324	2192	1495	n
8432576	2192	1494	n
8442945	2192	1495	n
8443196	2192	1495	n
8443447	2191	1494	n
8443702	2192	1495	n
8443953	2192	1494	n
8444204	2192	1497	n
8454606	2192	1493	n
8454861	2191	1495	n
8455112	2191	1493	n
8455363	2192	1495	n
8455621	2192	1493	n
8455872	2192	1495	n
8456123	2192	1493	n
8466498	2192	1494	n
8466754	2192	1495	n
8467005	2192	1495	n
8467256	2192	1495	n
8467513	2191	1495	n
8467768	2192	1495	n
8478153	2192	1495	n
8478404	2192	1493	n
8478660	2192	1494	n
8478911	2192	1494	n
8479162	2192	1495	n
8479413	2192	1495	n
8479668	2192	1494	n
8490038	2192	1495	n
8490289	2192	1497	n
8490542	2193	1495	n
8490797	2192	1498	n
8491048	2193	1495	n
8491299	2193	1494	n
8501703	2192	1494	n
8501954	2192	1494	n
8502205	2192	1495	n
8502456	2192	1495	n
8502712	2192	1494	n
8502963	2192	1494	n
8503213	2192	1494	n
8513590	2192	1497	n
8513845	2192	1495	n
8514096	2191	1494	n
8514347	2192	1495	n
8514601	2192	1493	n
8514856	2192	1495	n
8525245	2192	1495	n
8525502	2192	1495	n
8525757	2192	1497	n
8526008	2192	1495	n
8526259	2192	1494	n
8526515	2192	1495	n
8526771	2192	1493	n
8537130	2192	1494	n
8537381	2192	1495	n
8537639	2192	1495	n
8537890	2192	1493	n
8538141	2191	1495	n
8538392	2192	1494	n
8548791	2192	1494	n
8549042	2192	1495	n
8549293	2192	1495	n
8549549	2192	1494	n
8549804	2192	1494	n
8550055	2192	1494	n
8550306	2192	1494	n
8560682	2191	1493	n
8560933	2192	1494	n
8561184	2192	1492	n
8561435	2192	1494	n
8561691	2192	1494	n
8561942	2192	1494	n
8572338	2192	1495	n
8572591	2192	1493	n
8572846	2192	1493	n
8573097	2192	1495	n
8573348	2192	1494	n
8573605	2192	1493	n
8573860	2192	1493	n
8584223	2192	1495	n
8584474	2192	1494	n
8584734	2192	1494	n
8584985	2193	1493	n
8585236	2191	1495	n
8585491	2192	1494	n
8595884	2192	1493	n
8596135	2192	1495	n
8596386	2192	1494	n
8596644	2192	1493	n
8596895	2191	1495	n
8597146	2192	1494	n
8597397	2192	1493	n
8607773	2192	1495	n
8608024	2192	1495	n
8608275	2191	1495	n
8608530	2192	1494	n
8608785	2191	1493	n
8609036	2192	1495	n
8619430	2192	1493	n
8619686	2192	1495	n
8619937	2192	1495	n
8620188	2192	1495	n
8620439	2192	1494	n
8620699	2192	1494	n
8620950	2192	1495	n
8631315	2192	1493	n
8631570	2192	1495	n
8631825	2192	1494	n
8632076	2192	1493	n
8632327	2192	1493	n
8632584	2192	1494	n
8642976	2191	1495	n
8643227	2192	1495	n
8643479	2192	1498	n
8643734	2192	1495	n
8643985	2192	1494	n
8644236	2192	1495	n
8644491	2192	1493	n
8654862	2192	1495	n
8655113	2192	1495	n
8655364	2192	1495	n
8655622	2192	1493	n
8655873	2192	1495	n
8656124	2192	1495	n
8666525	2192	1494	n
8666780	2192	1494	n
8667031	2192	1496	n
8667282	2192	1493	n
8667536	2192	1493	n
8667791	2192	1493	n
8668042	2192	1494	n
8678408	2192	1495	n
8678664	2192	1494	n
8678915	2192	1495	n
8679166	2192	1494	n
8679417	2192	1495	n
8679672	2192	1495	n
8690069	2192	1495	n
8690320	2192	1495	n
8690573	2192	1495	n
8690828	2192	1494	n
8691079	2192	1495	n
8691330	2192	1494	n
8691584	2191	1493	n
8701954	2192	1495	n
8702205	2192	1496	n
8702456	2192	1494	n
8702712	2192	1495	n
8702963	2192	1495	n
8703214	2192	1495	n
8713615	2191	1494	n
8713870	2192	1493	n
8714121	2192	1495	n
8714372	2192	1495	n
8714629	2192	1495	n
8714880	2192	1495	n
8715131	2192	1494	n
8725504	2192	1493	n
8725760	2192	1494	n
8726011	2192	1494	n
8726262	2192	1494	n
8726519	2192	1493	n
8726774	2192	1495	n
8737161	2192	1494	n
8737412	2191	1495	n
8737668	2192	1495	n
8737919	2192	1495	n
8738170	2191	1495	n
8738421	2192	1494	n
8738676	2190	1493	n
8749047	2192	1493	n
8749298	2192	1495	n
8749553	2192	1495	n
8749808	2192	1495	n
8750059	2192	1497	n
8750310	2192	1495	n
8760709	2192	1495	n
8760960	2191	1495	n
8761212	2192	1495	n
8761462	2192	1495	n
8761718	2192	1494	n
8761969	2192	1493	n
8762220	2192	1495	n
8772598	2192	1493	n
8772853	2191	1495	n
8773104	2192	1496	n
8773355	2191	1493	n
8773608	2192	1494	n
8773863	2191	1494	n
8784254	2192	1495	n
8784507	2192	1495	n
8784763	2192	1495	n
8785014	2192	1494	n
8785265	2190	1493	n
8785522	2192	1495	n
8785777	2192	1494	n
8796139	2192	1498	n
8796390	2192	1494	n
8796648	2192	1494	n
8796899	2192	1495	n
8797150	2192	1495	n
8797401	2192	1493	n
8807800	2191	1494	n
8808051	2191	1493	n
8808302	2192	1495	n
8808555	2192	1494	n
8808810	2192	1495	n
8809062	2192	1495	n
8809313	2192	1494	n
8819690	2192	1495	n
8819941	2192	1495	n
8820191	2192	1495	n
8820442	2191	1495	n
8820699	2192	1495	n
8820950	2192	1495	n
8831346	2192	1493	n
8831600	2192	1495	n
8831856	2192	1494	n
8832107	2192	1494	n
8832358	2192	1493	n
8832611	2192	1495	n
8832866	2192	1495	n
8843232	2192	1495	n
8843487	2192	1495	n
8843743	2192	1494	n
8843994	2192	1497	n
8844244	2192	1495	n
8844502	2192	1493	n
8854893	2192	1494	n
8855144	2192	1493	n
8855395	2192	1494	n
8855654	2191	1495	n
8855905	2192	1494	n
8856156	2192	1493	n
8856407	2192	1492	n
8866778	2192	1493	n
8867029	2192	1493	n
8867280	2192	1494	n
8867536	2189	1492	n
8867791	2192	1492	n
8868041	2192	1493	n
8878439	2191	1494	n
8878698	2192	1495	n
8878949	2191	1495	n
8879200	2192	1494	n
8879451	2191	1495	n
8879706	2192	1494	n
8879957	2192	1495	n
8890324	2192	1497	n
8890581	2191	1494	n
8890836	2192	1494	n
8891087	2192	1491	n
8891338	2191	1494	n
8891591	2192	1495	n
8901985	2192	1493	n
8902236	2192	1494	n
8902491	2192	1494	n
8902747	2192	1493	n
8902998	2192	1494	n
8903249	2192	1495	n
8903505	2192	1494	n
8913870	2192	1494	n
8914121	2192	1494	n
8914372	2191	1494	n
8914629	2192	1493	n
8914880	2192	1493	n
8915131	2192	1494	n
8925535	2192	1495	n
8925791	2192	1495	n
8926042	2192	1495	n
8926293	2192	1495	n
8926549	2192	1495	n
8926805	2192	1494	n
8927055	2192	1495	n
8937417	2192	1498	n
8937673	2192	1494	n
8937924	2192	1494	n
8938175	2192	1495	n
8938426	2191	1494	n
8938681	2193	1494	n
8949078	2192	1494	n
8949329	2192	1495	n
8949584	2192	1495	n
8949839	2192	1495	n
8950090	2192	1495	n
8950341	2192	1495	n
8950594	2192	1494	n
8960963	2192	1495	n
8961214	2191	1493	n
8961465	2192	1495	n
8961720	2192	1493	n
8961971	2192	1495	n
8962222	2192	1497	n
8972629	2192	1495	n
8972880	2192	1493	n
8973131	2192	1495	n
8973382	2192	1495	n
8973639	2192	1494	n
8973890	2192	1494	n
8974141	2192	1494	n
8984515	2192	1494	n
8984905	2192	1494	n
8985155	2192	1497	n
8985438	2192	1494	n
8985699	2192	1495	n
8985949	2192	1493	n
8996343	2192	1494	n
8996839	2192	1494	n
8997112	2192	1495	n
8997363	2192	1494	n
8997621	2192	1495	n
8997880	2192	1495	n
8998154	2192	1494	n
9008541	2192	1494	Time:00:00:00:00;;
9009243	2192	1495	n
9009522	2192	1494	n
9009777	2192	1494	n
9010028	2192	1495	n
9010288	2192	1496	n
9020711	2192	1494	n
9021188	2192	1494	n
9021439	2192	1493	n
9021708	2192	1494	n
9021982	2192	1492	n
9022233	2192	1495	n
9022487	2192	1493	n
9032895	2191	1494	n
9033402	2192	1493	n
9033659	2192	1493	n
9033910	2192	1493	n
9034170	2191	1494	n
9034443	2190	1493	n
9044815	2192	1494	n
9045293	2192	1494	n
9045549	2192	1495	n
9045833	2192	1495	n
9046084	2192	1495	n
9046335	2192	1494	n
9046590	2192	1494	n
9057011	2192	1495	n
9057501	2192	1495	n
9057756	2192	1494	n
9058007	2192	1494	n
9058267	2192	1495	n
9058542	2192	1493	n
9058797	2191	1494	n
9069207	2192	1495	Time:00:00:00:00;;
9069919	2192	1495	n
9070192	2193	1495	n
9070443	2191	1495	n
9070708	2192	1494	n
9070981	2193	1494	n
9081368	2192	1493	n
9081856	2192	1495	n
9082116	2192	1495	n
9082389	2192	1496	n
9082649	2192	1494	n
9082900	2191	1493	n
9093288	2192	1494	n
9093802	2192	1494	n
9094053	2192	1493	n
9094304	2192	1494	n
9094566	2192	1495	n
9094844	2192	1495	n
9095095	2192	1494	n
9105487	2192	1495	n
9105969	2192	1494	n
9106258	2192	1495	n
9106513	2192	1494	n
9106768	2192	1495	n
9107019	2192	1495	n
9107301	2192	1495	n
9117684	2192	1494	n
9118160	2192	1493	n
9118411	2192	1493	n
9118698	2192	1493	n
9118949	2191	1495	n
9119200	2192	1495	n
9129599	2192	1495	n
9130088	2192	1493	n
9130362	2192	1494	n
9130622	2192	1494	n
9130873	2192	1495	n
9131133	2192	1495	n
9131406	2192	1493	n
9141795	2192	1494	n
9142270	2192	1495	n
9142536	2192	1493	n
9142813	2192	1494	n
9143064	2192	1495	n
9143316	2192	1494	n
9143577	2192	1494	n
9153999	2192	1493	n
9154483	2192	1493	n
9154738	2192	1495	n
9154998	2192	1494	n
9155271	2192	1493	n
9155524	2192	1495	n
9165910	2192	1495	n
9166397	2192	1494	n
9166679	2192	1494	n
9166930	2192	1495	n
9167181	2192	1493	n
9167441	2191	1494	n
9167721	2192	1493	n
9178106	2192	1495	n
9178590	2192	1497	n
9178845	2192	1495	n
9179127	2192	1495	n
9179378	2192	1494	n
9179634	2192	1495	n
9179885	2192	1494	n
9190302	2192	1495	n
9190801	2192	1494	n
9191052	2192	1495	n
9191303	2192	1493	n
9191590	2192	1496	n
9191846	2192	1496	n
9202204	2192	1495	n
9202691	2192	1497	n
9202950	2192	1495	n
9203224	2192	1494	n
9203475	2191	1494	n
9203734	2192	1491	n
9203994	2192	1495	n
9214418	2192	1498	Time:00:00:00:00;;
9215068	2192	1495	n
9215319	2192	1493	n
9215573	2192	1494	n
9215828	2192	1494	n
9216079	2192	1494	n
9226498	2192	1495	n
9226754	2192	1495	n
9227005	2192	1497	n
9227256	2192	1495	n
9227513	2192	1495	n
9227768	2192	1495	n
9238154	2192	1495	n
9238405	2192	1494	n
9238661	2192	1494	n
9238912	2192	1495	n
9239163	2192	1493	n
9239414	2192	1495	n
9239669	2192	1495	n
9250039	2192	1494	n
9250290	2192	1495	n
9250547	2192	1493	n
9250802	2192	1493	n
9251052	2191	1494	n
9251303	2192	1494	n
9261700	2192	1495	n
9261951	2192	1495	n
9262202	2192	1497	n
9262453	2192	1495	n
9262708	2192	1493	n
9262959	2192	1493	n
9263210	2192	1494	n
9273590	2192	1494	n
9273845	2192	1495	n
9274096	2192	1495	n
9274348	2192	1495	n
9274601	2192	1494	n
9274856	2192	1493	n
9285246	2192	1495	n
9285501	2192	1495	n
9285756	2193	1495	n
9286007	2192	1494	n
9286258	2192	1495	n
9286515	2192	1495	n
9286771	2192	1495	n
9297131	2192	1497	n
9297382	2192	1495	n
9297639	2192	1495	n
9297890	2192	1494	n
9298141	2192	1495	n
9298392	2192	1495	n
9308792	2192	1494	n
9309043	2192	1495	n
9309294	2191	1494	n
9309549	2192	1495	n
9309804	2191	1496	n
9310055	2192	1494	n
9310306	2192	1495	n
9320682	2192	1495	n
9320933	2192	1497	n
9321184	2192	1495	n
9321435	2192	1495	n
9321692	2192	1495	n
9321943	2192	1495	n
9332339	2192	1495	n
9332592	2192	1498	n
9332847	2192	1497	n
9333098	2193	1498	n
9333349	2192	1495	n
9333604	2192	1495	n
9333859	2192	1494	n
9344224	2192	1494	n
9344475	2191	1495	n
9344734	2192	1494	n
9344985	2192	1493	n
9345236	2192	1494	n
9345491	2192	1495	n
9355885	2192	1494	n
9356136	2191	1495	n
9356387	2192	1495	n
9356645	2192	1493	n
9356896	2192	1493	n
9357147	2192	1494	n
9357398	2192	1492	n
9367770	2192	1494	n
9368021	2192	1495	n
9368272	2192	1495	n
9368525	2192	1495	n
9368779	2192	1494	n
9369030	2192	1495	n
9379431	2192	1493	n
9379691	2192	1493	n
9379942	2192	1495	n
9380193	2191	1494	n
9380444	2190	1494	n
9380701	2190	1492	n
9380952	2192	1494	n
9391316	2192	1495	n
9391570	2192	1494	n
9391826	2192	1495	n
9392077	2192	1493	n
9392328	2192	1493	n
9392584	2192	1493	n
9402977	2192	1495	n
9403228	2192	1494	n
9403480	2192	1494	n
9403736	2192	1494	n
9403987	2192	1495	n
9404238	2192	1495	n
9404495	2192	1494	n
9414863	2192	1495	n
9415114	2192	1495	n
9415365	2192	1493	n
9415622	2192	1494	n
9415873	2192	1495	n
9416124	2192	1495	n
9426527	2192	1495	n
9426783	2192	1494	n
9427034	2192	1491	n
9427285	2191	1494	n
9427539	2192	1494	n
9427794	2192	1492	n
9428045	2191	1494	n
9438409	2192	1493	n
9438664	2192	1494	n
9438915	2192	1495	n
9439166	2192	1495	n
9439417	2192	1499	n
9439673	2192	1495	n
9450070	2192	1494	n
9450321	2192	1495	n
9450574	2192	1495	n
9450830	2192	1495	n
9451081	2192	1494	n
9451332	2192	1494	n
9451587	2192	1494	n
9461955	2192	1494	n
9462206	2192	1494	n
9462457	2192	1494	n
9462712	2191	1492	n
9462963	2192	1494	n
9463214	2191	1495	n
9473616	2192	1494	n
9473871	2192	1495	n
9474122	2192	1494	n
9474373	2192	1493	n
9474630	2192	1493	n
9474881	2192	1494	n
9475132	2192	1495	n
9485504	2192	1493	n
9485759	2192	1494	n
9486011	2192	1494	n
9486262	2192	1493	n
9486519	2192	1494	n
9486774	2192	1495	n
9497162	2192	1495	n
9497413	2192	1495	n
9497668	2192	1495	n
9497919	2192	1495	n
9498170	2192	1495	n
9498421	2192	1498	n
9498677	2192	1494	n
9509048	2192	1495	n
9509299	2192	1493	n
9509556	2192	1495	n
9509811	2192	1493	n
9510062	2192	1495	n
9510313	2191	1494	n
9520709	2191	1493	n
9520960	2191	1493	n
9521211	2191	1495	n
9521462	2192	1494	n
9521718	2191	1494	n
9521969	2192	1494	n
9522219	2192	1495	n
9532597	2192	1494	n
9532852	2192	1495	n
9533103	2192	1493	n
9533354	2192	1494	n
9533607	2192	1494	n
9533863	2192	1494	n
9544255	2192	1495	n
9544508	2192	1495	n
9544763	2192	1495	n
9545014	2192	1494	n
9545265	2192	1495	n
9545522	2192	1495	n
9545777	2192	1494	n
9556140	2192	1493	n
9556391	2192	1493	n
9556648	2191	1492	n
9556899	2192	1494	n
9557150	2191	1494	n
9557401	2189	1491	n
9567801	2192	1495	n
9568052	2192	1494	n
9568303	2191	1494	n
9568556	2192	1494	n
9568811	2192	1494	n
9569062	2192	1494	n
9569313	2192	1494	n
9579690	2191	1495	n
9579941	2191	1495	n
9580192	2192	1492	n
9580443	2190	1494	n
9580699	2192	1493	n
9580950	2192	1493	n
9591347	2192	1497	n
9591601	2192	1495	n
9591856	2192	1493	n
9592107	2192	1495	n
9592358	2192	1495	n
9592611	2192	1495	n
9592866	2192	1495	n
9603233	2192	1493	n
9603487	2192	1493	n
9603742	2191	1492	n
9603993	2191	1494	n
9604244	2192	1495	n
9604499	2192	1494	n
9614894	2192	1494	n
9615145	2191	1493	n
9615396	2192	1494	n
9615654	2192	1493	n
9615905	2192	1494	n
9616156	2192	1493	n
9616407	2192	1496	n
9626779	2192	1494	n
9627030	2192	1495	n
9627281	2192	1494	n
9627535	2192	1493	n
9627791	2192	1494	n
9628042	2192	1494	n
9638440	2192	1494	n
9638698	2192	1495	n
9638949	2192	1497	n
9639200	2192	1495	n
9639451	2192	1495	n
9639706	2192	1494	n
9639957	2192	1494	n
9650325	2192	1495	n
9650582	2191	1493	n
9650837	2191	1494	n
9651088	2192	1495	n
9651339	2191	1495	n
9651592	2192	1494	n
9661986	2192	1494	n
9662237	2192	1493	n
9662492	2192	1493	n
9662747	2192	1494	n
9662998	2191	1493	n
9663249	2191	1494	n
9663505	2192	1494	n
9673871	2192	1494	n
9674122	2192	1498	n
9674373	2192	1493	n
9674629	2192	1494	n
9674880	2192	1493	n
9675131	2191	1494	n
9685535	2192	1494	n
9685790	2192	1496	n
9686041	2192	1494	n
9686292	2192	1495	n
9686547	2192	1493	n
9686802	2193	1494	n
9687053	2192	1495	n
9697418	2192	1495	n
9697673	2192	1495	n
9697924	2192	1493	n
9698175	2192	1494	n
9698426	2192	1493	n
9698681	2192	1493	n
9709079	2192	1494	n
9709330	2191	1495	n
9709584	2192	1494	n
9709839	2192	1493	n
9710090	2192	1494	n
9710341	2192	1494	n
9710594	2192	1494	n
9720964	2192	1494	n
9721215	2192	1495	n
9721466	2192	1494	n
9721721	2192	1493	n
9721972	2192	1494	n
9722223	2192	1492	n
9732630	2191	1491	n
9732881	2192	1494	n
9733131	2192	1494	n
9733382	2192	1493	n
9733640	2192	1493	n
9733891	2192	1495	n
9734142	2190	1490	n
9744515	2191	1496	n
9744771	2192	1494	n
9745022	2192	1495	n
9745273	2192	1494	n
9745530	2192	1492	n
9745785	2190	1494	n
9756171	2192	1494	n
9756422	2191	1494	n
9756677	2192	1492	n
9756928	2192	1494	n
9757179	2191	1495	n
9757430	2191	1491	n
9757686	2192	1495	n
9768056	2192	1493	n
9768307	2192	1493	n
9768564	2191	1494	n
9768819	2191	1494	n
9769070	2191	1495	n
9769321	2191	1494	n
9779717	2192	1494	n
9779968	2192	1493	n
9780219	2191	1493	n
9780470	2191	1493	n
9780726	2192	1495	n
9780977	2192	1494	n
9781228	2192	1492	n
9791604	2191	1495	n
9791859	2192	1494	n
9792110	2192	1494	n
9792361	2191	1494	n
9792616	2192	1495	n
9792871	2192	1493	n
9803264	2192	1494	n
9803518	2191	1495	n
9803774	2192	1495	n
9804025	2192	1495	n
9804276	2192	1495	n
9804532	2192	1493	n
9804787	2192	1495	n
9815149	2192	1494	n
9815400	2191	1493	n
9815657	2192	1494	n
9815908	2192	1494	n
9816159	2192	1494	n
9816410	2192	1494	n
9826810	2192	1494	n
9827061	2191	1493	n
9827312	2192	1493	n
9827566	2192	1495	n
9827821	2192	1495	n
9828072	2192	1494	n
9828323	2192	1495	n
9838699	2192	1496	n
9838950	2192	1494	n
9839201	2192	1495	n
9839452	2192	1494	n
9839708	2192	1493	n
9839959	2191	1494	n
9850356	2192	1496	n
9850609	2191	1495	n
9850864	2192	1495	n
9851115	2192	1493	n
9851366	2192	1493	n
9851626	2192	1494	n
9851877	2192	1494	n
9862241	2192	1493	n
9862494	2192	1495	n
9862750	2192	1495	n
9863001	2191	1494	n
9863252	2192	1492	n
9863505	2192	1493	n
9873902	2192	1495	n
9874153	2192	1493	n
9874404	2191	1494	n
9874660	2192	1494	n
9874911	2192	1493	n
9875162	2192	1493	n
9875413	2192	1493	n
9885788	2192	1493	n
9886039	2191	1494	n
9886290	2192	1494	n
9886547	2192	1494	n
9886802	2192	1493	n
9887052	2190	1495	n
9897449	2191	1494	n
9897704	2192	1495	n
9897956	2193	1494	n
9898206	2192	1495	n
9898458	2192	1495	n
9898713	2192	1494	n
9898964	2192	1494	n
9909334	2191	1494	n
9909590	2192	1493	n
9909845	2189	1493	n
9910096	2191	1494	n
9910347	2191	1492	n
9910601	2191	1493	n
9920995	2192	1493	n
9921246	2192	1493	n
9921501	2190	1493	n
9921756	2192	1494	n
9922007	2192	1495	n
9922259	2192	1495	n
9922515	2191	1495	n
9932880	2192	1493	n
9933131	2191	1493	n
9933382	2192	1493	n
9933639	2192	1494	n
9933890	2191	1494	n
9934141	2192	1493	n
9944541	2192	1497	n
9944796	2192	1494	n
9945047	2192	1495	n
9945298	2192	1495	n
9945553	2192	1495	n
9945808	2192	1495	n
9946059	2192	1494	n
9956426	2191	1493	n
9956681	2192	1493	n
9956932	2192	1493	n
9957183	2191	1494	n
9957434	2190	1493	n
9957691	2192	1494	n
9968087	2192	1496	n
9968338	2192	1495	n
9968591	2192	1495	n
9968846	2192	1494	n
9969097	2192	1495	n
9969348	2192	1493	n
9969605	2191	1493	n
9979973	2191	1493	n
9980277	2192	1495	n
9980532	2191	1494	n
9980787	2192	1493	n
9981038	2192	1495	n
9981320	2192	1495	n
9991703	2192	1495	n
9992180	2192	1495	n
9992431	2192	1494	n
9992722	2192	1494	n
9992973	2192	1495	n
9993224	2191	1493	n
9993475	2191	1494	n
10003915	2192	1494	Time:00:00:00:00;;
10004622	2191	1495	n
10004873	2192	1494	n
10005133	2192	1494	n
10005406	2192	1494	n
10005662	2192	1495	n
10016059	2192	1493	n
10016549	2192	1493	n
10016827	2191	1493	n
10017078	2191	1493	n
10017329	2192	1494	n
10017590	2191	1494	n
10028020	2192	1494	n
10028502	2192	1495	n
10028757	2192	1495	n
10029017	2192	1494	n
10029290	2192	1493	n
10029547	2191	1494	n
10039934	2192	1493	n
10040420	2191	1498	n
10040698	2192	1493	n
10040950	2192	1493	n
10041201	2192	1495	n
10041461	2193	1498	n
10041739	2192	1495	n
10052112	2192	1494	n
10052593	2191	1494	n
10052849	2192	1493	n
10053131	2191	1495	n
10053382	2192	1493	n
10053639	2191	1495	n
10064066	2192	1493	Time:00:00:00:00;;
10064798	2192	1493	n
10065049	2192	1493	n
10065301	2191	1494	n
10065587	2191	1493	n
10065842	2192	1493	n
10076262	2192	1495	n
10076750	2191	1492	n
10077032	2191	1494	n
10077284	2192	1495	n
10077539	2192	1493	n
10077794	2192	1492	n
10088216	2190	1493	n
10088711	2192	1494	n
10088962	2191	1492	n
10089213	2192	1493	n
10089473	2191	1493	n
10089752	2192	1493	n
10100153	2192	1494	n
10100639	2192	1493	n
10100899	2191	1493	n
10101172	2192	1494	n
10101423	2192	1495	n
10101679	2192	1493	n
10101939	2192	1494	n
10112400	2192	1493	n
10112888	2192	1495	n
10113139	2192	1495	n
10113400	2192	1493	n
10113680	2192	1494	n
10113931	2192	1494	n
10124355	2192	1495	n
10124848	2192	1494	n
10125122	2192	1495	n
10125373	2192	1494	n
10125630	2192	1493	n
10125890	2192	1495	n
10136275	2192	1496	n
10136761	2192	1495	n
10137012	2192	1494	n
10137272	2192	1493	n
10137549	2192	1493	n
10137805	2192	1494	n
10138056	2192	1493	n
10148453	2191	1494	n
10148965	2192	1495	n
10149216	2192	1494	n
10149467	2192	1494	n
10149731	2192	1494	n
10150005	2192	1494	n
10160408	2192	1494	n
10160893	2192	1495	n
10161145	2192	1495	n
10161428	2192	1495	n
10161684	2192	1494	n
10161936	2192	1494	n
10172327	2192	1497	n
10172852	2192	1495	n
10173103	2192	1497	n
10173354	2192	1495	n
10173608	2193	1495	n
10173892	2192	1495	n
10174143	2192	1494	n
10184507	2192	1494	n
10184990	2192	1495	n
10185250	2192	1494	n
10185525	2192	1495	n
10185780	2192	1493	n
10186031	2191	1494	n
10196460	2192	1495	n
10196977	2192	1494	n
10197228	2192	1495	n
10197480	2192	1493	n
10197745	2192	1494	n
10198019	2192	1494	n
10208380	2191	1493	n
10208865	2192	1495	n
10209126	2192	1493	n
10209399	2192	1494	n
10209657	2192	1494	n
10209908	2193	1494	n
10210168	2192	1497	n
10220564	2192	1495	Time:00:00:00:00;;
10221079	2191	1494	n
10221330	2191	1492	n
10221587	2191	1491	n
10221843	2191	1493	n
10232219	2192	1495	n
10232470	2192	1494	n
10232726	2192	1494	n
10232977	2192	1494	n
10233228	2192	1493	n
10233480	2192	1494	n
10243863	2192	1495	n
10244114	2192	1495	n
10244365	2192	1494	n
10244627	2192	1494	n
10244878	2192	1497	n
10245129	2192	1494	n
10255542	2192	1495	n
10255797	2192	1494	n
10256048	2192	1494	n
10256299	2192	1495	n
10256556	2192	1494	n
10256811	2192	1494	n
10257062	2192	1494	n
10267479	2192	1495	n
10267735	2192	1497	n
10267986	2191	1495	n
10268238	2192	1494	n
10268495	2192	1494	n
10268750	2190	1494	n
10279122	2192	1492	n
10279373	2192	1494	n
10279630	2192	1495	n
10279881	2192	1493	n
10280132	2192	1495	n
10280383	2192	1493	n
10290818	2192	1493	n
10291069	2191	1497	n
10291320	2192	1494	n
10291573	2192	1495	n
10291828	2192	1493	n
10292079	2192	1495	n
10302519	2192	1494	n
10302774	2192	1495	n
10303025	2192	1495	n
10303276	2192	1497	n
10303533	2192	1495	n
10303789	2192	1494	n
10314209	2192	1495	n
10314460	2193	1497	n
10314716	2192	1494	n
10314967	2192	1493	n
10315218	2192	1493	n
10315470	2192	1494	n
10315726	2192	1495	n
10326128	2192	1495	n
10326379	2192	1495	n
10326639	2192	1495	n
10326890	2192	1494	n
10327141	2192	1494	n
10327393	2192	1493	n
10337775	2192	1495	n
10338026	2192	1494	n
10338277	2192	1495	n
10338532	2192	1494	n
10338787	2192	1495	n
10339039	2192	1495	n
10349398	2192	1495	n
10349659	2192	1495	n
10349910	2192	1495	n
10350161	2192	1495	n
10350412	2192	1494	n
10350668	2192	1495	n
10361025	2192	1493	n
10361276	2192	1495	n
10361532	2192	1495	n
10361787	2192	1495	n
10362038	2192	1494	n
10362290	2191	1497	n
10372720	2192	1495	n
10372971	2192	1493	n
10373222	2192	1493	n
10373474	2191	1494	n
10373730	2192	1495	n
10373981	2192	1494	n
10384347	2191	1494	n
10384601	2192	1495	n
10384856	2192	1495	n
10385107	2192	1493	n
10385359	2192	1494	n
10385616	2192	1493	n
10385871	2192	1495	n
10396249	2192	1494	n
10396504	2192	1495	n
10396759	2191	1492	n
10397011	2191	1491	n
10397262	2191	1495	n
10397519	2192	1494	n
10407893	2192	1494	n
10408145	2192	1495	n
10408396	2192	1494	n
10408654	2192	1495	n
10408905	2192	1493	n
10409156	2192	1494	n
10419539	2192	1494	n
10419794	2192	1495	n
10420045	2192	1497	n
10420297	2192	1495	n
10420554	2192	1495	n
10420809	2192	1493	n
10431233	2192	1494	n
10431487	2192	1494	n
10431742	2192	1495	n
10431994	2192	1495	n
10432245	2192	1495	n
10432502	2192	1495	n
10442928	2192	1494	n
10443179	2192	1495	n
10443430	2192	1494	n
10443692	2192	1494	n
10443943	2191	1494	n
10444194	2191	1495	n
10454555	2192	1494	n
10454810	2192	1494	n
10455061	2192	1494	n
10455312	2192	1494	n
10455567	2192	1497	n
10455822	2192	1494	n
10456073	2192	1493	n
10466457	2194	1495	n
10466713	2192	1495	n
10466964	2192	1495	n
10467215	2192	1494	n
10467466	2193	1495	n
10467722	2192	1494	n
10478100	2192	1497	n
10478351	2192	1495	n
10478608	2192	1497	n
10478863	2192	1495	n
10479115	2192	1495	n
10479366	2192	1498	n
10489748	2192	1495	n
10489999	2192	1494	n
10490251	2192	1495	n
10490504	2192	1495	n
10490760	2192	1494	n
10491011	2192	1495	n
10501440	2191	1494	n
10501699	2192	1494	n
10501950	2192	1493	n
10502201	2192	1497	n
10502452	2192	1497	n
10502708	2192	1495	n
10513135	2191	1494	n
10513386	2192	1495	n
10513644	2192	1493	n
10513896	2192	1494	n
10514147	2192	1492	n
10514398	2191	1494	n
10524762	2193	1494	n
10525013	2192	1495	n
10525264	2193	1495	n
10525519	2192	1494	n
10525774	2192	1497	n
10526025	2193	1495	n
10526276	2192	1494	n
10536668	2192	1494	n
10536919	2192	1495	n
10537171	2192	1495	n
10537422	2191	1494	n
10537677	2192	1495	n
10537928	2192	1494	n
10548308	2192	1495	n
10548564	2192	1494	n
10548819	2192	1493	n
10549070	2192	1495	n
10549321	2192	1493	n
10549574	2192	1494	n
10559952	2192	1498	n
10560203	2192	1495	n
10560454	2192	1495	n
10560710	2192	1495	n
10560961	2192	1493	n
10561212	2192	1493	n
10571652	2192	1495	n
10571903	2192	1495	n
10572154	2192	1495	n
10572405	2192	1493	n
10572661	2192	1495	n
10572913	2191	1494	n
10583343	2192	1495	n
10583598	2191	1493	n
10583853	2192	1494	n
10584105	2192	1494	n
10584356	2192	1493	n
10584609	2192	1495	n
10595039	2192	1494	n
10595290	2192	1495	n
10595547	2192	1495	n
10595803	2192	1493	n
10596054	2192	1495	n
10596305	2191	1495	n
10596559	2192	1496	n
10606958	2192	1493	n
10607210	2192	1493	n
10607461	2193	1495	n
10607717	2192	1494	n
10607968	2192	1495	n
10608219	2192	1495	n
10618608	2192	1493	n
10618863	2189	1493	n
10619114	2192	1495	n
10619365	2192	1495	n
10619627	2192	1494	n
10619878	2192	1492	n
10630298	2192	1494	n
10630552	2192	1495	n
10630807	2192	1495	n
10631059	2192	1495	n
10631310	2192	1492	n
10631566	2192	1497	n
10641941	2192	1495	n
10642192	2192	1497	n
10642443	2192	1494	n
10642699	2192	1495	n
10642951	2192	1495	n
10643202	2192	1495	n
10653640	2192	1495	n
10653892	2192	1494	n
10654143	2192	1494	n
10654394	2192	1495	n
10654653	2192	1496	n
10654904	2192	1494	n
10665315	2192	1494	n
10665570	2192	1495	n
10665826	2192	1495	n
10666077	2192	1493	n
10666328	2192	1493	n
10666584	2192	1495	n
10666839	2192	1494	n
10677252	2192	1493	n
10677505	2192	1494	n
10677760	2191	1495	n
10678012	2192	1493	n
10678263	2192	1494	n
10678518	2192	1494	n
10688895	2192	1495	n
10689146	2192	1497	n
10689398	2192	1494	n
10689658	2191	1493	n
10689909	2192	1494	n
10690160	2191	1493	n
10700593	2192	1495	n
10700848	2192	1493	n
10701099	2193	1495	n
10701350	2192	1495	n
10701605	2192	1493	n
10701860	2192	1495	n
10712218	2192	1494	n
10712469	2192	1493	n
10712725	2192	1493	n
10712976	2192	1494	n
10713227	2191	1492	n
10713479	2191	1494	n
10723844	2192	1494	n
10724095	2191	1494	n
10724346	2191	1495	n
10724601	2192	1494	n
10724856	2192	1495	n
10725107	2192	1495	n
10735523	2192	1494	n
10735778	2190	1495	n
10736030	2192	1495	n
10736281	2192	1494	n
10736536	2191	1494	n
10736791	2191	1495	n
10737042	2192	1494	n
10747459	2192	1495	n
10747715	2192	1494	n
10747966	2192	1493	n
10748217	2192	1495	n
10748469	2192	1494	n
10748725	2192	1494	n
10759103	2192	1495	n
10759354	2192	1495	n
10759608	2192	1494	n
10759863	2192	1497	n
10760114	2192	1495	n
10760365	2192	1493	n
10770799	2192	1493	n
10771050	2192	1494	n
10771301	2192	1491	n
10771555	2191	1494	n
10771810	2192	1494	n
10772062	2192	1496	n
10782426	2192	1495	n
10782681	2192	1498	n
10782932	2192	1494	n
10783184	2192	1494	n
10783435	2192	1494	n
10783692	2192	1495	n
10794051	2191	1495	n
10794302	2191	1493	n
10794555	2192	1493	n
10794811	2191	1494	n
10795062	2192	1494	n
10795313	2191	1493	n
10805730	2191	1493	n
10805981	2191	1494	n
10806232	2191	1494	n
10806488	2191	1494	n
10806743	2192	1493	n
10806994	2192	1494	n
10807246	2191	1494	n
10817671	2192	1495	n
10817922	2192	1494	n
10818173	2192	1495	n
10818424	2192	1495	n
10818680	2192	1495	n
10818931	2192	1495	n
10829310	2192	1494	n
10829566	2192	1493	n
10829821	2192	1491	n
10830073	2192	1493	n
10830324	2192	1495	n
10830576	2192	1492	n
10841006	2191	1492	n
10841257	2192	1494	n
10841512	2191	1490	n
10841768	2192	1494	n
10842019	2191	1493	n
10842270	2191	1493	n
10852637	2191	1493	n
10852888	2192	1494	n
10853139	2191	1495	n
10853391	2192	1494	n
10853649	2192	1494	n
10853900	2192	1495	n
10864259	2191	1494	n
10864515	2192	1493	n
10864771	2191	1495	n
10865022	2191	1494	n
10865273	2192	1494	n
10865530	2192	1493	n
10875938	2192	1494	n
10876189	2191	1494	n
10876440	2191	1490	n
10876698	2192	1494	n
10876949	2191	1493	n
10877201	2192	1494	n
10877452	2190	1494	n
10887874	2192	1496	n
10888125	2190	1494	n
10888377	2191	1493	n
10888634	2192	1494	n
10888885	2192	1491	n
10889136	2192	1494	n
10899521	2191	1494	n
10899775	2191	1492	n
10900026	2192	1495	n
10900277	2191	1493	n
10900532	2192	1493	n
10900787	2191	1493	n
10911214	2192	1494	n
10911465	2192	1495	n
10911720	2191	1493	n
10911971	2192	1494	n
10912222	2192	1495	n
10912473	2191	1493	n
10922841	2191	1493	n
10923092	2192	1493	n
10923343	2192	1494	n
10923598	2192	1494	n
10923853	2192	1493	n
10924104	2192	1494	n
10934466	2192	1493	n
10934722	2192	1494	n
10934973	2192	1493	n
10935224	2192	1494	n
10935475	2190	1492	n
10935735	2192	1494	n
10946145	2191	1495	n
10946396	2192	1494	n
10946657	2192	1491	n
10946908	2190	1493	n
10947159	2192	1495	n
10947410	2191	1492	n
10947666	2191	1493	n
10958082	2192	1495	n
10958334	2192	1493	n
10958590	2192	1491	n
10958846	2191	1495	n
10959097	2190	1493	n
10959348	2192	1493	n
10969729	2191	1493	n
10969980	2192	1495	n
10970231	2191	1495	n
10970488	2191	1494	n
10970743	2191	1493	n
10970994	2192	1493	n
10981421	2192	1495	n
10981743	2192	1495	n
10981994	2192	1495	n
10982254	2191	1494	n
10982532	2192	1494	n
10982787	2191	1494	n
10993203	2192	1495	n
10993697	2192	1494	n
10993971	2191	1494	n
10994222	2192	1493	n
10994473	2191	1494	n
10994738	2192	1495	n
10995012	2192	1494	n
11005433	2192	1494	Time:00:00:00:00;;
11006140	2192	1494	n
11006414	2192	1493	n
11006669	2192	1495	n
11006920	2191	1495	n
11017284	2192	1493	n
11017801	2191	1495	n
11018052	2191	1494	n
11018303	2192	1493	n
11018565	2192	1494	n
11018843	2191	1493	n
11029204	2192	1494	n
11029688	2192	1494	n
11029939	2192	1494	n
11030221	2191	1494	n
11030472	2191	1493	n
11030729	2191	1491	n
11030980	2190	1493	n
11041399	2192	1494	n
11041891	2192	1495	n
11042142	2192	1493	n
11042393	2192	1495	n
11042661	2192	1495	n
11042935	2192	1494	n
11053337	2192	1495	n
11053825	2192	1493	n
11054085	2192	1494	n
11054359	2192	1495	n
11054616	2192	1494	n
11054872	2192	1497	n
11065257	2192	1493	Time:00:00:00:00;;
11065988	2191	1494	n
11066239	2191	1495	n
11066505	2192	1492	n
11066783	2192	1495	n
11067034	2192	1494	n
11077418	2192	1497	n
11077908	2192	1495	n
11078182	2192	1493	n
11078433	2192	1492	n
11078691	2192	1493	n
11078951	2191	1494	n
11089363	2192	1495	n
11089848	2192	1493	n
11090099	2192	1496	n
11090350	2192	1496	n
11090639	2192	1495	n
11090890	2192	1495	n
11091142	2192	1494	n
11101519	2192	1494	n
11102032	2192	1494	n
11102283	2192	1493	n
11102539	2192	1495	n
11102794	2192	1493	n
11103077	2191	1493	n
11113470	2192	1494	n
11113957	2192	1495	n
11114208	2192	1494	n
11114468	2192	1495	n
11114747	2191	1492	n
11114998	2191	1493	n
11125407	2192	1495	n
11125897	2192	1493	n
11126170	2192	1494	n
11126421	2192	1497	n
11126677	2192	1495	n
11126937	2192	1495	n
11127211	2192	1494	n
11137573	2192	1495	n
11138053	2192	1495	n
11138313	2192	1495	n
11138590	2192	1494	n
11138845	2192	1494	n
11139096	2192	1495	n
11149525	2192	1494	n
11150038	2192	1493	n
11150289	2191	1494	n
11150542	2192	1494	n
11150806	2192	1493	n
11151080	2192	1492	n
11161459	2192	1495	n
11161946	2192	1493	n
11162197	2192	1494	n
11162480	2192	1494	n
11162736	2192	1494	n
11162988	2192	1495	n
11163239	2192	1495	n
11173721	2192	1494	n
11174204	2192	1495	n
11174455	2192	1495	n
11174718	2192	1495	n
11174992	2192	1495	n
11175243	2192	1493	n
11185665	2192	1495	n
11186144	2192	1494	n
11186425	2192	1496	n
11186682	2192	1495	n
11186933	2192	1495	n
11187184	2192	1494	n
11197581	2192	1495	n
11198073	2192	1494	n
11198324	2192	1493	n
11198581	2192	1494	n
11198869	2192	1494	n
11199120	2192	1495	n
11199371	2192	1493	n
11209764	2192	1494	n
11210249	2192	1493	n
11210525	2192	1493	n
11210780	2192	1493	n
11211031	2192	1495	n
11211290	2192	1493	Time:00:00:00:00;;
11221928	2193	1495	n
11222201	2192	1496	n
11222452	2191	1495	n
11222708	2192	1495	n
11222959	2192	1495	n
11233358	2192	1494	n
11233611	2192	1493	n
11233866	2192	1495	n
11234117	2191	1494	n
11234368	2192	1495	n
11234629	2192	1494	n
11234881	2192	1494	n
11245294	2191	1495	n
11245549	2192	1494	n
11245804	2192	1494	n
11246055	2192	1493	n
11246306	2191	1494	n
11246559	2192	1493	n
11256938	2192	1495	n
11257189	2192	1495	n
11257440	2192	1494	n
11257698	2192	1494	n
11257949	2192	1494	n
11258200	2192	1495	n
11268638	2192	1495	n
11268889	2192	1497	n
11269140	2192	1495	n
11269391	2193	1495	n
11269649	2192	1495	n
11269901	2192	1495	n
11280329	2192	1494	n
11280584	2192	1495	n
11280839	2191	1493	n
11281090	2192	1491	n
11281341	2191	1495	n
11281599	2192	1493	n
11292025	2192	1495	n
11292276	2192	1495	n
11292533	2192	1494	n
11292788	2191	1495	n
11293039	2192	1495	n
11293290	2192	1495	n
11293547	2192	1495	n
11303944	2192	1495	n
11304196	2192	1495	n
11304447	2190	1495	n
11304703	2192	1495	n
11304954	2192	1495	n
11305205	2192	1497	n
11315590	2192	1494	n
11315845	2192	1495	n
11316097	2192	1494	n
11316348	2192	1495	n
11316605	2192	1493	n
11316860	2192	1495	n
11327284	2192	1495	n
11327538	2192	1494	n
11327794	2192	1492	n
11328045	2192	1495	n
11328296	2192	1494	n
11328553	2192	1494	n
11338928	2192	1494	n
11339179	2192	1494	n
11339430	2192	1494	n
11339686	2192	1497	n
11339937	2192	1495	n
11340188	2192	1493	n
11350628	2192	1493	n
11350879	2192	1496	n
11351130	2192	1495	n
11351381	2192	1497	n
11351639	2192	1494	n
11351891	2192	1495	n
11362302	2192	1495	n
11362555	2192	1495	n
11362811	2191	1495	n
11363062	2192	1495	n
11363313	2192	1495	n
11363567	2192	1497	n
11363822	2192	1494	n
11374238	2192	1493	n
11374494	2192	1494	n
11374750	2191	1493	n
11375001	2191	1495	n
11375252	2192	1494	n
11375505	2191	1494	n
11385882	2190	1492	n
11386133	2192	1493	n
11386384	2191	1493	n
11386644	2192	1494	n
11386895	2192	1494	n
11387146	2192	1493	n
11397581	2192	1495	n
11397837	2191	1494	n
11398088	2192	1494	n
11398339	2192	1494	n
11398593	2192	1494	n
11398848	2192	1493	n
11409273	2192	1494	n
11409529	2192	1494	n
11409785	2192	1493	n
11410036	2192	1494	n
11410287	2192	1494	n
11410541	2192	1495	n
11420916	2191	1493	n
11421167	2192	1494	n
11421418	2191	1495	n
11421674	2191	1493	n
11421925	2192	1493	n
11422176	2192	1494	n
11432595	2192	1494	n
11432850	2192	1493	n
11433101	2192	1493	n
11433352	2192	1493	n
11433608	2192	1491	n
11433863	2191	1493	n
11434114	2192	1495	n
11444536	2192	1495	n
11444791	2191	1494	n
11445042	2191	1495	n
11445293	2191	1494	n
11445550	2192	1494	n
11445805	2191	1495	n
11456175	2187	1493	n
11456426	2191	1493	n
11456682	2191	1492	n
11456934	2191	1493	n
11457185	2192	1491	n
11457436	2192	1494	n
11467871	2191	1493	n
11468122	2192	1493	n
11468373	2191	1493	n
11468630	2191	1495	n
11468881	2192	1493	n
11469132	2191	1494	n
11479569	2192	1494	n
11479825	2192	1495	n
11480076	2192	1492	n
11480327	2191	1494	n
11480584	2192	1493	n
11480839	2192	1496	n
11491262	2192	1497	n
11491519	2192	1493	n
11491774	2192	1495	n
11492025	2192	1495	n
11492276	2192	1495	n
11492532	2192	1494	n
11492787	2192	1495	n
11503182	2192	1494	n
11503434	2190	1494	n
11503691	2191	1492	n
11503943	2192	1492	n
11504194	2192	1493	n
11504445	2190	1493	n
11514825	2191	1494	n
11515076	2191	1493	n
11515328	2191	1493	n
11515584	2192	1494	n
11515839	2192	1494	n
11516090	2190	1493	n
11526452	2191	1495	n
11526708	2191	1494	n
11526959	2192	1495	n
11527210	2192	1495	n
11527461	2192	1495	n
11527717	2192	1493	n
11538079	2192	1494	n
11538330	2192	1494	n
11538584	2192	1495	n
11538839	2192	1493	n
11539091	2192	1494	n
11539342	2192	1495	n
11549774	2192	1494	n
11550025	2192	1493	n
11550277	2192	1494	n
11550533	2192	1493	n
11550788	2192	1495	n
11551039	2191	1494	n
11561401	2191	1491	n
11561659	2192	1493	n
11561910	2191	1494	n
11562161	2191	1493	n
11562412	2192	1492	n
11562668	2192	1494	n
11562919	2191	1493	n
11573303	2192	1494	n
11573557	2191	1494	n
11573812	2192	1495	n
11574063	2192	1493	n
11574314	2192	1493	n
11574571	2192	1494	n
11584947	2192	1495	n
11585199	2192	1493	n
11585450	2191	1494	n
11585705	2192	1494	n
11585956	2191	1493	n
11586208	2192	1494	n
11596592	2192	1494	n
11596848	2192	1494	n
11597099	2192	1494	n
11597350	2192	1494	n
11597605	2192	1495	n
11597860	2192	1494	n
11608286	2192	1494	n
11608539	2192	1493	n
11608794	2192	1494	n
11609045	2191	1494	n
11609296	2192	1494	n
11609553	2192	1493	n
11619981	2192	1495	n
11620232	2192	1495	n
11620488	2192	1494	n
11620743	2192	1495	n
11620994	2192	1492	n
11621245	2192	1493	n
11631608	2192	1494	n
11631863	2192	1495	n
11632115	2192	1494	n
11632366	2192	1493	n
11632626	2190	1494	n
11632877	2192	1494	n
11633128	2191	1493	n
11643515	2192	1497	n
11643771	2192	1495	n
11644022	2192	1492	n
11644273	2192	1493	n
11644530	2192	1494	n
11644786	2191	1493	n
11655154	2191	1493	n
11655405	2192	1493	n
11655662	2192	1494	n
11655913	2191	1493	n
11656164	2192	1494	n
11656415	2192	1493	n
11666798	2192	1495	n
11667049	2192	1495	n
11667301	2192	1495	n
11667555	2193	1498	n
11667811	2192	1497	n
11668062	2192	1495	n
11678498	2192	1495	n
11678754	2192	1494	n
11679005	2192	1494	n
11679256	2192	1494	n
11679513	2192	1494	n
11679769	2192	1493	n
11690189	2192	1494	n
11690440	2192	1492	n
11690698	2192	1494	n
11690949	2191	1495	n
11691200	2192	1494	n
11691452	2192	1495	n
11701816	2192	1495	n
11702067	2192	1495	n
11702318	2192	1496	n
11702573	2192	1495	n
11702828	2192	1497	n
11703079	2192	1495	n
11703330	2192	1495	n
11713722	2192	1494	n
11713973	2192	1494	n
11714225	2192	1495	n
11714476	2192	1495	n
11714735	2192	1495	n
11714986	2192	1495	n
11725362	2192	1495	n
11725622	2192	1495	n
11725873	2192	1495	n
11726124	2192	1494	n
11726375	2192	1493	n
11726633	2192	1494	n
11737005	2192	1492	n
11737256	2192	1495	n
11737513	2192	1494	n
11737768	2192	1494	n
11738019	2191	1493	n
11738270	2191	1494	n
11748705	2191	1495	n
11748956	2192	1497	n
11749207	2192	1497	n
11749459	2193	1495	n
11749714	2192	1495	n
11749965	2192	1494	n
11760396	2192	1495	n
11760657	2192	1495	n
11760908	2192	1497	n
11761159	2192	1495	n
11761410	2192	1495	n
11761666	2193	1495	n
11772023	2191	1495	n
11772274	2192	1494	n
11772529	2192	1494	n
11772785	2191	1495	n
11773036	2192	1493	n
11773287	2192	1494	n
11773541	2192	1494	n
11783925	2192	1495	n
11784177	2192	1496	n
11784428	2192	1493	n
11784684	2193	1495	n
11784935	2192	1494	n
11785186	2192	1497	n
11795573	2192	1495	n
11795828	2192	1494	n
11796079	2192	1494	n
11796330	2192	1494	n
11796588	2192	1495	n
11796843	2192	1494	n
11807213	2192	1494	n
11807464	2192	1494	n
11807720	2192	1493	n
11807971	2192	1494	n
11808222	2192	1494	n
11808473	2192	1494	n
11818909	2192	1493	n
11819160	2192	1495	n
11819411	2192	1494	n
11819667	2192	1494	n
11819918	2192	1495	n
11820169	2192	1495	n
11830604	2192	1494	n
11830860	2192	1494	n
11831111	2192	1494	n
11831362	2192	1495	n
11831622	2192	1494	n
11831873	2191	1494	n
11842231	2192	1494	n
11842487	2192	1494	n
11842743	2192	1495	n
11842994	2192	1495	n
11843245	2192	1494	n
11843502	2192	1495	n
11843757	2192	1495	n
11854133	2192	1495	n
11854385	2192	1494	n
11854644	2192	1494	n
11854895	2191	1494	n
11855147	2191	1493	n
11855398	2191	1493	n
11865778	2192	1495	n
11866030	2192	1495	n
11866281	2192	1494	n
11866536	2192	1494	n
11866791	2192	1495	n
11867042	2192	1495	n
11877420	2193	1498	n
11877676	2192	1495	n
11877927	2192	1494	n
11878178	2192	1494	n
11878429	2192	1493	n
11878685	2192	1495	n
11889116	2192	1494	n
11889367	2192	1495	n
11889626	2192	1494	n
11889877	2192	1495	n
11890129	2192	1494	n
11890380	2192	1495	n
11900811	2192	1495	n
11901062	2192	1494	n
11901314	2192	1495	n
11901571	2192	1495	n
11901827	2192	1492	n
11902078	2192	1495	n
11912438	2192	1495	n
11912699	2191	1494	n
11912950	2192	1495	n
11913201	2192	1494	n
11913452	2191	1494	n
11913707	2192	1494	n
11913958	2192	1495	n
11924340	2191	1495	n
11924594	2192	1494	n
11924849	2192	1493	n
11925100	2192	1493	n
11925351	2192	1494	n
11925608	2192	1495	n
11935984	2192	1495	n
11936235	2192	1493	n
11936491	2192	1495	n
11936747	2192	1495	n
11936998	2192	1495	n
11937249	2192	1495	n
11947636	2192	1494	n
11947887	2192	1495	n
11948138	2192	1493	n
11948389	2192	1493	n
11948650	2192	1494	n
11948901	2192	1494	n
11959324	2192	1495	n
11959576	2192	1495	n
11959832	2192	1495	n
11960083	2192	1494	n
11960334	2192	1493	n
11960590	2192	1498	n
11971019	2192	1497	n
11971270	2192	1494	n
11971524	2192	1494	n
11971779	2192	1493	n
11972030	2190	1493	n
11972281	2192	1493	n
11982651	2192	1493	n
11982991	2192	1494	n
11983251	2192	1495	n
11983530	2192	1494	n
11983785	2192	1493	n
11984036	2192	1494	n
11984296	2192	1494	n
11994733	2192	1493	n
11995211	2192	1494	n
11995462	2193	1494	n
11995727	2192	1494	n
11996000	2192	1493	n
11996251	2192	1494	n
12006679	2192	1494	Time:00:00:00:00;;
12007378	2191	1494	n
12007659	2192	1494	n
12007910	2191	1495	n
12008170	2192	1494	n
12008444	2192	1493	n
12018870	2192	1495	n
12019348	2192	1497	n
12019614	2192	1494	n
12019892	2192	1494	n
12020143	2192	1495	n
12020394	2192	1495	n
12030759	2191	1495	n
12031265	2192	1494	n
12031522	2192	1494	n
12031777	2192	1494	n
12032029	2192	1492	n
12032311	2192	1493	n
12042698	2192	1494	n
12043175	2192	1494	n
12043426	2192	1494	n
12043691	2192	1494	n
12043966	2191	1494	n
12044217	2192	1494	n
12044468	2192	1494	n
12054837	2192	1495	n
12055347	2192	1494	n
12055601	2192	1495	n
12055856	2192	1495	n
12056116	2192	1495	n
12056390	2192	1493	n
12066808	2192	1495	Time:00:00:00:00;;
12067511	2192	1498	n
12067789	2192	1494	n
12068040	2192	1495	n
12068292	2192	1494	n
12078694	2192	1494	n
12079202	2192	1494	n
12079453	2191	1495	n
12079709	2192	1495	n
12079960	2191	1495	n
12080242	2192	1494	n
12080499	2192	1492	n
12090889	2192	1495	n
12091365	2192	1493	n
12091656	2192	1494	n
12091907	2192	1493	n
12092158	2192	1493	n
12092409	2192	1494	n
12102827	2192	1494	n
12103313	2192	1495	n
12103570	2192	1495	n
12103826	2192	1495	n
12104086	2191	1494	n
12104359	2192	1494	n
12114747	2192	1494	n
12115230	2192	1494	n
12115494	2192	1495	n
12115772	2192	1493	n
12116024	2192	1494	n
12116275	2191	1494	n
12116539	2192	1493	n
12126951	2192	1494	n
12127428	2192	1493	n
12127684	2191	1493	n
12127944	2192	1493	n
12128218	2192	1494	n
12128469	2192	1495	n
12138879	2192	1495	n
12139363	2192	1494	n
12139644	2192	1493	n
12139895	2191	1494	n
12140147	2192	1494	n
12140407	2191	1493	n
12150806	2192	1493	n
12151283	2192	1496	n
12151539	2192	1497	n
12151794	2192	1495	n
12152076	2191	1494	n
12152327	2192	1494	n
12152584	2192	1494	n
12162994	2192	1491	n
12163513	2192	1495	n
12163768	2191	1493	n
12164019	2192	1494	n
12164271	2192	1493	n
12164555	2192	1495	n
12174932	2191	1493	n
12175415	2192	1495	n
12175671	2192	1495	n
12175953	2192	1494	n
12176204	2192	1494	n
12176455	2192	1494	n
12186852	2192	1494	n
12187339	2192	1494	n
12187622	2192	1494	n
12187873	2192	1495	n
12188124	2192	1497	n
12188384	2192	1495	n
12188666	2192	1494	n
12199047	2192	1492	n
12199536	2192	1494	n
12199800	2192	1493	n
12200073	2192	1495	n
12200325	2192	1494	n
12200582	2192	1494	n
12210984	2192	1495	Time:00:00:00:00;;
12211715	2191	1495	n
12211966	2192	1494	n
12212226	2191	1493	n
12212505	2192	1495	n
12212760	2192	1493	n
12223197	2192	1494	n
12223448	2191	1494	n
12223704	2192	1495	n
12223955	2192	1494	n
12224206	2192	1494	n
12224458	2192	1495	n
12234823	2191	1494	n
12235074	2192	1493	n
12235326	2192	1495	n
12235581	2192	1494	n
12235836	2192	1494	n
12236087	2192	1495	n
12246450	2191	1494	n
12246705	2192	1494	n
12246956	2192	1494	n
12247207	2191	1493	n
12247459	2192	1493	n
12247714	2192	1494	n
12258145	2192	1494	n
12258396	2191	1495	n
12258657	2192	1493	n
12258908	2192	1493	n
12259159	2192	1494	n
12259411	2192	1493	n
12269772	2192	1495	n
12270023	2191	1495	n
12270274	2192	1493	n
12270529	2192	1495	n
12270785	2192	1497	n
12271036	2192	1493	n
12271287	2192	1494	n
12281679	2192	1494	n
12281930	2192	1494	n
12282181	2192	1494	n
12282433	2192	1494	n
12282691	2192	1495	n
12282942	2192	1494	n
12293318	2192	1495	n
12293573	2192	1495	n
12293828	2192	1494	n
12294079	2192	1493	n
12294330	2192	1494	n
12294587	2192	1495	n
12304962	2191	1493	n
12305213	2192	1495	n
12305465	2192	1493	n
12305720	2191	1493	n
12305971	2192	1494	n
12306222	2191	1493	n
12316662	2192	1494	n
12316913	2192	1494	n
12317164	2192	1493	n
12317416	2191	1494	n
12317671	2192	1493	n
12317922	2192	1494	n
12328353	2192	1495	n
12328607	2192	1493	n
12328863	2192	1493	n
12329114	2192	1497	n
12329365	2192	1495	n
12329627	2192	1493	n
12340049	2192	1495	n
12340300	2192	1495	n
12340555	2192	1495	n
12340811	2191	1493	n
12341062	2191	1494	n
12341313	2192	1493	n
12341567	2192	1494	n
12351968	2192	1495	n
12352220	2192	1494	n
12352471	2191	1494	n
12352727	2191	1494	n
12352978	2191	1495	n
12353230	2192	1494	n
12363622	2192	1494	n
12363873	2192	1495	n
12364124	2192	1494	n
12364375	2192	1495	n
12364633	2192	1495	n
12364884	2192	1495	n
12375308	2193	1495	n
12375563	2192	1495	n
12375819	2192	1495	n
12376070	2192	1497	n
12376321	2192	1496	n
12376574	2192	1495	n
12386951	2191	1493	n
12387202	2192	1496	n
12387453	2191	1494	n
12387709	2192	1493	n
12387960	2192	1493	n
12388211	2192	1495	n
12398651	2192	1493	n
12398902	2192	1493	n
12399153	2192	1494	n
12399404	2192	1494	n
12399660	2192	1495	n
12399911	2192	1493	n
12410325	2192	1496	n
12410581	2192	1495	n
12410836	2192	1495	n
12411087	2192	1494	n
12411338	2192	1494	n
12411592	2192	1494	n
12411847	2192	1494	n
12422262	2192	1493	n
12422519	2192	1494	n
12422774	2192	1494	n
12423025	2192	1494	n
12423276	2192	1494	n
12423532	2192	1494	n
12433905	2192	1493	n
12434156	2192	1493	n
12434407	2192	1492	n
12434663	2191	1495	n
12434914	2192	1494	n
12435165	2192	1494	n
12445603	2192	1495	n
12445859	2191	1494	n
12446110	2192	1494	n
12446361	2192	1494	n
12446616	2192	1494	n
12446871	2192	1494	n
12457228	2192	1497	n
12457480	2192	1494	n
12457736	2192	1494	n
12457987	2192	1494	n
12458238	2192	1494	n
12458494	2193	1495	n
12468940	2192	1494	n
12469191	2192	1494	n
12469442	2192	1494	n
12469699	2191	1495	n
12469950	2192	1495	n
12470201	2192	1495	n
12480622	2192	1495	n
12480873	2192	1495	n
12481124	2192	1493	n
12481375	2192	1493	n
12481632	2192	1494	n
12481883	2192	1493	n
12482135	2192	1493	n
12492557	2192	1494	n
12492813	2191	1494	n
12493064	2192	1495	n
12493315	2192	1494	n
12493570	2192	1495	n
12493826	2192	1495	n
12504199	2192	1495	n
12504450	2192	1495	n
12504705	2192	1495	n
12504957	2192	1495	n
12505208	2191	1494	n
12505459	2192	1494	n
12515895	2192	1494	n
12516146	2192	1494	n
12516397	2192	1493	n
12516657	2191	1493	n
12516909	2192	1493	n
12517160	2190	1495	n
12527590	2192	1495	n
12527846	2192	1494	n
12528097	2192	1495	n
12528348	2192	1494	n
12528605	2192	1494	n
12528860	2192	1495	n
12539217	2191	1494	n
12539468	2192	1494	n
12539724	2192	1495	n
12539975	2192	1493	n
12540226	2192	1495	n
12540478	2192	1494	n
12540734	2192	1494	n
12551119	2192	1495	n
12551371	2192	1494	n
12551628	2192	1496	n
12551880	2192	1496	n
12552131	2192	1494	n
12552382	2192	1495	n
12562768	2192	1495	n
12563019	2192	1493	n
12563270	2192	1495	n
12563523	2192	1494	n
12563779	2192	1493	n
12564030	2192	1495	n
12574407	2192	1494	n
12574662	2192	1493	n
12574914	2192	1493	n
12575165	2192	1495	n
12575416	2192	1498	n
12575671	2192	1494	n
12586103	2192	1495	n
12586354	2193	1495	n
12586607	2192	1495	n
12586863	2192	1495	n
12587114	2192	1498	n
12587365	2192	1498	n
12597798	2192	1497	n
12598049	2192	1498	n
12598300	2192	1495	n
12598555	2192	1494	n
12598811	2192	1495	n
12599062	2192	1495	n
12609424	2192	1497	n
12609679	2192	1494	n
12609931	2192	1494	n
12610182	2192	1495	n
12610433	2192	1494	n
12610691	2192	1495	n
12610942	2192	1494	n
12621327	2192	1495	n
12621584	2192	1494	n
12621839	2192	1495	n
12622090	2192	1496	n
12622341	2192	1493	n
12622598	2192	1495	n
12632970	2192	1495	n
12633222	2192	1495	n
12633473	2192	1495	n
12633729	2192	1497	n
12633980	2192	1495	n
12634231	2192	1494	n
12644621	2192	1495	n
12644872	2192	1495	n
12645123	2192	1495	n
12645374	2192	1495	n
12645631	2192	1495	n
12645882	2192	1498	n
12656310	2192	1495	n
12656566	2192	1493	n
12656821	2192	1495	n
12657073	2192	1494	n
12657324	2192	1495	n
12657577	2192	1493	n
12668005	2192	1494	n
12668256	2192	1496	n
12668512	2192	1495	n
12668768	2192	1495	n
12669019	2192	1493	n
12669270	2192	1495	n
12679637	2192	1497	n
12679888	2192	1493	n
12680139	2192	1494	n
12680390	2193	1494	n
12680649	2192	1495	n
12680900	2192	1494	n
12681151	2192	1495	n
12691539	2192	1494	n
12691794	2192	1494	n
12692045	2192	1493	n
12692296	2192	1495	n
12692553	2191	1494	n
12692809	2192	1495	n
12703178	2192	1495	n
12703430	2191	1494	n
12703686	2192	1497	n
12703937	2192	1495	n
12704188	2192	1493	n
12704439	2192	1494	n
12714822	2192	1495	n
12715073	2192	1495	n
12715324	2192	1493	n
12715581	2192	1494	n
12715837	2192	1494	n
12716088	2192	1495	n
12726521	2192	1495	n
12726777	2192	1495	n
12727028	2192	1495	n
12727279	2192	1494	n
12727536	2192	1495	n
12727792	2192	1495	n
12738213	2192	1492	n
12738464	2192	1493	n
12738720	2192	1495	n
12738971	2192	1491	n
12739222	2192	1493	n
12739474	2192	1493	n
12749839	2192	1493	n
12750090	2192	1495	n
12750342	2193	1494	n
12750598	2192	1495	n
12750854	2192	1494	n
12751105	2192	1495	n
12751356	2192	1494	n
12761747	2192	1495	n
12761998	2192	1497	n
12762249	2192	1495	n
12762504	2192	1495	n
12762760	2192	1495	n
12763011	2192	1495	n
12773385	2191	1494	n
12773645	2192	1496	n
12773896	2192	1498	n
12774147	2192	1493	n
12774398	2192	1495	n
12774659	2192	1493	n
12785029	2192	1495	n
12785280	2192	1495	n
12785535	2192	1495	n
12785790	2192	1495	n
12786042	2192	1495	n
12786293	2192	1495	n
12796729	2191	1494	n
12796980	2192	1494	n
12797231	2192	1493	n
12797487	2192	1495	n
12797743	2192	1497	n
12797994	2192	1494	n
12808420	2192	1497	n
12808676	2192	1494	n
12808927	2192	1494	n
12809178	2192	1495	n
12809429	2192	1495	n
12809685	2192	1495	n
12820047	2192	1494	n
12820298	2191	1494	n
12820553	2192	1495	n
12820808	2192	1496	n
12821059	2192	1493	n
12821310	2192	1493	n
12821566	2191	1495	n
12831949	2192	1493	n
12832201	2192	1495	n
12832452	2191	1495	n
12832707	2192	1495	n
12832958	2191	1493	n
12833209	2192	1493	n
12843598	2192	1495	n
12843853	2192	1495	n
12844105	2192	1495	n
12844356	2192	1495	n
12844609	2192	1494	n
12844864	2192	1495	n
12855237	2192	1495	n
12855492	2194	1495	n
12855747	2192	1494	n
12855998	2192	1496	n
12856249	2192	1494	n
12856505	2192	1495	n
12866933	2192	1497	n
12867184	2192	1494	n
12867435	2192	1494	n
12867692	2192	1495	n
12867943	2192	1496	n
12868195	2192	1495	n
12878633	2192	1495	n
12878884	2192	1495	n
12879135	2192	1493	n
12879386	2192	1495	n
12879644	2192	1494	n
12879896	2192	1493	n
12890254	2192	1494	n
12890507	2192	1495	n
12890763	2192	1493	n
12891014	2192	1494	n
12891265	2192	1495	n
12891522	2193	1495	n
12891778	2192	1494	n
12902157	2192	1495	n
12902409	2192	1495	n
12902664	2192	1495	n
12902915	2192	1497	n
12903167	2192	1495	n
12903418	2192	1495	n
12913800	2193	1497	n
12914052	2192	1493	n
12914303	2191	1498	n
12914556	2192	1494	n
12914811	2192	1493	n
12915063	2192	1493	n
12925444	2192	1495	n
12925700	2192	1497	n
12925952	2192	1494	n
12926203	2193	1494	n
12926454	2192	1494	n
12926709	2192	1497	n
12937140	2192	1495	n
12937391	2192	1494	n
12937649	2192	1493	n
12937900	2191	1495	n
12938151	2192	1495	n
12938402	2192	1493	n
12948835	2192	1494	n
12949086	2192	1495	n
12949338	2192	1495	n
12949591	2192	1495	n
12949846	2192	1494	n
12950097	2192	1494	n
12960462	2193	1497	n
12960718	2192	1492	n
12960969	2191	1493	n
12961220	2192	1494	n
12961471	2192	1495	n
12961728	2192	1495	n
12961979	2192	1495	n
12972364	2191	1493	n
12972622	2192	1494	n
12972873	2192	1493	n
12973124	2192	1495	n
12973375	2192	1494	n
12973632	2191	1494	n
12984015	2192	1495	n
12984401	2192	1493	n
12984658	2192	1494	n
12984909	2192	1494	n
12985169	2192	1495	n
12985443	2192	1493	n
12995876	2192	1497	n
12996353	2192	1495	n
12996616	2192	1495	n
12996894	2192	1495	n
12997145	2192	1495	n
12997396	2192	1495	n
13007830	2191	1494	Time:00:00:00:00;;
13008557	2192	1495	n
13008812	2191	1493	n
13009072	2191	1495	n
13009346	2192	1494	n
13009601	2192	1493	n
13020026	2192	1495	n
13020516	2192	1495	n
13020793	2192	1494	n
13021044	2192	1495	n
13021295	2192	1494	n
13021558	2192	1494	n
13031987	2192	1495	n
13032462	2193	1494	n
13032717	2192	1495	n
13032977	2192	1495	n
13033252	2192	1494	n
13033505	2192	1495	n
13033760	2192	1493	n
13044124	2192	1495	n
13044639	2192	1495	n
13044890	2192	1494	n
13045141	2192	1493	n
13045392	2192	1491	n
13045681	2192	1493	n
13056079	2192	1494	n
13056559	2192	1494	n
13056814	2192	1495	n
13057096	2192	1495	n
13057347	2192	1494	n
13057602	2192	1494	n
13068033	2192	1494	Time:00:00:00:00;;
13068767	2192	1497	n
13069018	2192	1497	n
13069269	2192	1494	n
13069533	2192	1495	n
13069810	2192	1495	n
13080177	2193	1495	n
13080661	2192	1495	n
13080921	2192	1495	n
13081194	2192	1494	n
13081446	2192	1495	n
13081702	2192	1495	n
13092096	2191	1494	n
13092607	2192	1494	n
13092863	2191	1495	n
13093114	2192	1495	n
13093374	2192	1494	n
13093656	2192	1495	n
13104034	2192	1494	n
13104515	2192	1495	n
13104777	2192	1495	n
13105051	2192	1494	n
13105302	2192	1495	n
13105555	2192	1495	n
13105818	2192	1494	n
13116238	2192	1495	n
13116724	2192	1494	n
13116976	2192	1493	n
13117227	2192	1495	n
13117513	2192	1495	n
13117768	2192	1494	n
13128149	2192	1495	n
13128632	2192	1495	n
13128915	2192	1495	n
13129166	2191	1494	n
13129417	2192	1495	n
13129672	2192	1495	n
13140087	2192	1494	n
13140573	2191	1495	n
13140828	2192	1494	n
13141079	2192	1493	n
13141339	2192	1493	n
13141622	2191	1495	n
13141873	2191	1493	n
13152282	2192	1494	n
13152776	2192	1495	n
13153057	2192	1493	n
13153308	2192	1495	n
13153564	2192	1494	n
13153827	2191	1493	n
13164288	2192	1495	n
13164772	2192	1494	n
13165023	2191	1498	n
13165283	2192	1495	n
13165564	2191	1494	n
13165819	2192	1493	n
13166070	2191	1494	n
13176432	2192	1493	n
13176953	2191	1494	n
13177204	2192	1494	n
13177455	2192	1493	n
13177719	2192	1492	n
13177992	2192	1493	n
13188403	2192	1494	n
13188887	2192	1493	n
13189147	2191	1494	n
13189421	2192	1493	n
13189676	2192	1494	n
13189927	2192	1491	n
13200340	2192	1495	n
13200862	2192	1494	n
13201113	2192	1494	n
13201364	2192	1495	n
13201632	2191	1493	n
13201906	2192	1495	n
13202157	2192	1493	n
13212573	2192	1493	Time:00:00:00:00;;
13213268	2192	1497	n
13213522	2192	1495	n
13213777	2192	1495	n
13214028	2192	1495	n
13224422	2192	1496	n
13224677	2192	1494	n
13224928	2192	1494	n
13225179	2192	1493	n
13225431	2192	1493	n
13225692	2192	1493	n
13236134	2192	1496	n
13236385	2192	1494	n
13236645	2192	1495	n
13236896	2192	1494	n
13237147	2192	1495	n
13237398	2191	1493	n
13247813	2192	1492	n
13248064	2192	1494	n
13248315	2192	1496	n
13248570	2192	1494	n
13248825	2192	1497	n
13249077	2192	1494	n
13249328	2192	1493	n
13259754	2192	1495	n
13260005	2191	1495	n
13260256	2192	1494	n
13260513	2192	1493	n
13260769	2194	1493	n
13261020	2192	1493	n
13271393	2191	1493	n
13271652	2191	1493	n
13271903	2192	1494	n
13272154	2192	1493	n
13272406	2192	1493	n
13272662	2192	1493	n
13283089	2192	1495	n
13283340	2192	1495	n
13283593	2192	1494	n
13283848	2192	1494	n
13284099	2192	1494	n
13284351	2191	1495	n
13294784	2192	1495	n
13295035	2193	1495	n
13295286	2192	1495	n
13295540	2192	1495	n
13295795	2190	1494	n
13296046	2192	1495	n
13306411	2192	1493	n
13306667	2192	1495	n
13306918	2191	1497	n
13307169	2192	1496	n
13307420	2192	1495	n
13307676	2192	1493	n
13307927	2192	1495	n
13318313	2192	1492	n
13318570	2192	1495	n
13318826	2192	1495	n
13319077	2192	1494	n
13319328	2192	1492	n
13319583	2192	1495	n
13329957	2192	1493	n
13330208	2192	1495	n
13330460	2192	1495	n
13330715	2192	1494	n
13330966	2192	1493	n
13331218	2191	1494	n
13341604	2192	1494	n
13341860	2192	1495	n
13342111	2192	1495	n
13342362	2192	1495	n
13342622	2192	1495	n
13342873	2191	1495	n
13353296	2192	1494	n
13353553	2192	1494	n
13353808	2191	1493	n
13354059	2192	1495	n
13354310	2192	1493	n
13354567	2192	1494	n
13364991	2192	1495	n
13365242	2192	1495	n
13365499	2191	1495	n
13365754	2192	1493	n
13366006	2192	1494	n
13366257	2192	1495	n
13376622	2192	1494	n
13376873	2192	1493	n
13377124	2192	1495	n
13377375	2192	1494	n
13377632	2192	1498	n
13377883	2191	1493	n
13378135	2191	1495	n
13388523	2192	1495	n
13388778	2192	1495	n
13389029	2192	1495	n
13389280	2192	1495	n
13389535	2192	1494	n
13389791	2192	1495	n
13400164	2192	1493	n
13400415	2192	1499	n
13400671	2192	1495	n
13400922	2192	1494	n
13401173	2192	1493	n
13401424	2192	1498	n
13411808	2191	1494	n
13412059	2192	1495	n
13412310	2191	1495	n
13412566	2192	1495	n
13412821	2191	1491	n
13413072	2192	1493	n
13423506	2192	1495	n
13423761	2192	1498	n
13424012	2192	1494	n
13424263	2192	1497	n
13424518	2191	1493	n
13424774	2192	1493	n
13435199	2192	1495	n
13435450	2192	1495	n
13435705	2192	1494	n
13435956	2192	1493	n
13436208	2192	1494	n
13436459	2192	1494	n
13446826	2192	1495	n
13447077	2191	1495	n
13447328	2192	1492	n
13447583	2192	1495	n
13447839	2192	1494	n
13448090	2191	1493	n
13448341	2191	1493	n
13458733	2192	1494	n
13458984	2191	1494	n
13459235	2192	1495	n
13459492	2192	1495	n
13459748	2192	1495	n
13459999	2192	1494	n
13470372	2192	1495	n
13470629	2192	1494	n
13470881	2192	1495	n
13471132	2192	1497	n
13471383	2192	1495	n
13471640	2192	1495	n
13482015	2192	1495	n
13482266	2192	1495	n
13482521	2192	1495	n
13482777	2192	1494	n
13483028	2192	1494	n
13483279	2192	1494	n
13493715	2192	1495	n
13493966	2192	1496	n
13494217	2192	1494	n
13494469	2192	1494	n
13494725	2192	1496	n
13494976	2192	1494	n
13505406	2192	1494	n
13505662	2192	1494	n
13505913	2192	1494	n
13506164	2192	1494	n
13506416	2192	1494	n
13506671	2192	1493	n
13517033	2192	1495	n
13517284	2192	1494	n
13517538	2192	1494	n
13517794	2192	1494	n
13518045	2192	1494	n
13518296	2192	1496	n
13518553	2192	1495	n
13528935	2192	1494	n
13529187	2192	1495	n
13529438	2192	1494	n
13529699	2192	1495	n
13529950	2192	1495	n
13530201	2192	1496	n
13540583	2192	1494	n
13540839	2192	1493	n
13541090	2191	1493	n
13541341	2192	1495	n
13541598	2192	1494	n
13541854	2192	1495	n
13552223	2192	1494	n
13552474	2192	1495	n
13552734	2192	1495	n
13552985	2192	1495	n
13553237	2192	1495	n
13553492	2192	1495	n
13563919	2192	1495	n
13564170	2192	1495	n
13564421	2192	1496	n
13564677	2192	1494	n
13564928	2192	1495	n
13565179	2192	1493	n
13575614	2192	1495	n
13575870	2192	1495	n
13576121	2191	1495	n
13576372	2191	1495	n
13576630	2192	1494	n
13576881	2190	1491	n
13587241	2192	1494	n
13587498	2192	1495	n
13587754	2192	1495	n
13588005	2192	1495	n
13588256	2192	1495	n
13588513	2192	1494	n
13588768	2192	1495	n
13599143	2192	1494	n
13599395	2192	1494	n
13599653	2192	1495	n
13599904	2192	1494	n
13600156	2192	1494	n
13600407	2192	1495	n
13610787	2192	1494	n
13611039	2192	1496	n
13611290	2192	1495	n
13611547	2192	1496	n
13611802	2192	1495	n
13612053	2192	1495	n
13622430	2192	1494	n
13622687	2192	1495	n
13622938	2192	1493	n
13623189	2192	1495	n
13623440	2192	1494	n
13623698	2192	1495	n
13634126	2192	1495	n
13634377	2191	1494	n
13634633	2192	1493	n
13634884	2192	1494	n
13635135	2192	1494	n
13635387	2192	1494	n
13645821	2192	1495	n
13646072	2192	1494	n
13646323	2192	1495	n
13646576	2192	1495	n
13646832	2192	1495	n
13647083	2192	1498	n
13657448	2192	1498	n
13657704	2192	1497	n
13657955	2193	1497	n
13658206	2192	1499	n
13658457	2193	1495	n
13658713	2192	1495	n
13658964	2192	1493	n
13669350	2192	1495	n
13669605	2192	1495	n
13669860	2192	1495	n
13670111	2192	1498	n
13670362	2193	1493	n
13670622	2192	1494	n
13680994	2192	1495	n
13681246	2191	1494	n
13681501	2192	1495	n
13681756	2192	1494	n
13682008	2192	1493	n
13682259	2191	1494	n
13692643	2192	1494	n
13692894	2191	1494	n
13693146	2192	1495	n
13693397	2192	1494	n
13693658	2192	1495	n
13693909	2192	1495	n
13704334	2192	1495	n
13704590	2192	1495	n
13704846	2192	1493	n
13705097	2192	1495	n
13705348	2192	1495	n
13705605	2192	1495	n
13716029	2192	1495	n
13716280	2192	1494	n
13716535	2192	1493	n
13716791	2192	1494	n
13717042	2192	1494	n
13717293	2192	1493	n
13727661	2192	1494	n
13727912	2192	1493	n
13728163	2192	1494	n
13728414	2192	1495	n
13728669	2192	1493	n
13728920	2192	1494	n
13729172	2192	1493	n
13739564	2192	1495	n
13739820	2192	1493	n
13740071	2192	1493	n
13740322	2192	1495	n
13740575	2192	1498	n
13740831	2192	1493	n
13751202	2192	1495	n
13751453	2192	1497	n
13751709	2192	1494	n
13751960	2192	1494	n
13752211	2192	1495	n
13752462	2192	1493	n
13762845	2192	1495	n
13763096	2192	1494	n
13763348	2192	1495	n
13763605	2192	1494	n
13763860	2192	1494	n
13764111	2192	1495	n
13774547	2192	1493	n
13774802	2192	1494	n
13775053	2192	1494	n
13775304	2192	1494	n
13775558	2192	1494	n
13775813	2192	1491	n
13786236	2192	1495	n
13786491	2192	1495	n
13786747	2192	1495	n
13786998	2192	1495	n
13787249	2192	1494	n
13787504	2192	1495	n
13797932	2192	1495	n
13798183	2192	1493	n
13798434	2192	1494	n
13798691	2192	1498	n
13798943	2192	1495	n
13799194	2192	1494	n
13799445	2191	1493	n
13809852	2192	1497	n
13810104	2192	1495	n
13810355	2192	1494	n
13810608	2192	1495	n
13810863	2192	1495	n
13811114	2192	1494	n
13821499	2193	1497	n
13821754	2192	1495	n
13822005	2192	1495	n
13822256	2192	1494	n
13822512	2192	1495	n
13822768	2192	1494	n
13833191	2192	1494	n
13833442	2192	1495	n
13833699	2192	1495	n
13833951	2192	1494	n
13834202	2192	1495	n
13834453	2191	1495	n
13844835	2192	1497	n
13845086	2192	1493	n
13845337	2192	1493	n
13845590	2192	1494	n
13845845	2192	1495	n
13846096	2192	1495	n
13856536	2192	1495	n
13856791	2192	1496	n
13857042	2192	1494	n
13857294	2192	1495	n
13857549	2192	1494	n
13857804	2192	1495	n
13868209	2192	1495	n
13868460	2193	1495	n
13868716	2192	1495	n
13868967	2192	1495	n
13869218	2192	1494	n
13869469	2192	1494	n
13869725	2192	1494	n
13880145	2192	1495	n
13880397	2192	1495	n
13880658	2192	1497	n
13880909	2192	1495	n
13881160	2192	1495	n
13881411	2192	1495	n
13891789	2192	1495	n
13892040	2192	1493	n
13892292	2192	1494	n
13892546	2192	1494	n
13892802	2192	1495	n
13893053	2192	1493	n
13903487	2192	1495	n
13903743	2192	1495	n
13903994	2192	1495	n
13904245	2192	1494	n
13904502	2192	1495	n
13904757	2192	1497	n
13915180	2193	1495	n
13915431	2193	1494	n
13915691	2192	1494	n
13915942	2192	1494	n
13916193	2192	1495	n
13916445	2191	1494	n
13926824	2192	1495	n
13927075	2192	1494	n
13927326	2192	1495	n
13927582	2192	1495	n
13927837	2193	1495	n
13928088	2192	1495	n
13938505	2191	1494	n
13938760	2192	1494	n
13939012	2192	1494	n
13939263	2192	1494	n
13939519	2192	1494	n
13939774	2192	1495	n
13940025	2192	1495	n
13950439	2192	1495	n
13950699	2192	1495	n
13950950	2192	1494	n
13951201	2192	1494	n
13951452	2192	1494	n
13951707	2192	1493	n
13962083	2192	1495	n
13962334	2192	1494	n
13962590	2192	1495	n
13962845	2192	1495	n
13963097	2192	1493	n
13963348	2192	1495	n
13973779	2191	1493	n
13974030	2192	1494	n
13974281	2191	1495	n
13974536	2191	1492	n
13974791	2192	1493	n
13975042	2190	1493	n
13985474	2192	1495	n
13985892	2192	1494	n
13986143	2192	1493	n
13986403	2192	1495	n
13986681	2192	1494	n
13986933	2192	1494	n
13997325	2192	1495	n
13997820	2192	1493	n
13998094	2192	1495	n
13998345	2192	1494	n
13998601	2192	1493	n
13998865	2192	1493	n
13999138	2192	1495	n
14009522	2192	1493	Time:00:00:00:00;;
14010217	2192	1495	n
14010505	2192	1495	n
14010760	2192	1497	n
14011011	2192	1494	n
14021406	2192	1493	n
14021920	2192	1494	n
14022171	2192	1495	n
14022422	2191	1495	n
14022678	2192	1493	n
14022960	2192	1495	n
14023211	2191	1494	n
14033590	2192	1495	n
14034070	2192	1495	n
14034330	2192	1493	n
14034608	2192	1495	n
14034863	2192	1495	n
14035114	2192	1493	n
14045541	2192	1495	n
14046054	2192	1494	n
14046305	2192	1494	n
14046559	2192	1494	n
14046823	2192	1494	n
14047096	2192	1495	n
14057459	2192	1494	n
14057942	2192	1496	n
14058202	2192	1495	n
14058476	2192	1493	n
14058734	2192	1494	n
14058985	2192	1495	n
14059245	2192	1495	Time:00:00:00:00;;
14069860	2192	1495	n
14070337	2192	1495	n
14070590	2192	1493	n
14070874	2192	1495	n
14071126	2192	1493	n
14081558	2192	1495	n
14082040	2192	1494	n
14082322	2192	1494	n
14082575	2192	1495	n
14082831	2192	1494	n
14083082	2192	1495	n
14083364	2192	1494	n
14093787	2192	1494	n
14094263	2192	1495	n
14094518	2192	1495	n
14094805	2192	1495	n
14095056	2192	1497	n
14095307	2192	1495	n
14105743	2192	1494	n
14106258	2192	1493	n
14106515	2192	1495	n
14106771	2192	1495	n
14107022	2192	1493	n
14107304	2192	1493	n
14117682	2192	1494	n
14118159	2192	1494	n
14118410	2192	1495	n
14118673	2192	1495	n
14118947	2192	1495	n
14119198	2192	1495	n
14119449	2191	1495	n
14129839	2192	1494	n
14130348	2192	1494	n
14130605	2192	1495	n
14130860	2192	1493	n
14131120	2192	1494	n
14131393	2192	1495	n
14141794	2192	1495	n
14142269	2192	1494	n
14142532	2192	1497	n
14142810	2192	1494	n
14143061	2193	1495	n
14143312	2193	1495	n
14153731	2192	1494	n
14154247	2192	1491	n
14154501	2192	1495	n
14154757	2192	1493	n
14155017	2192	1494	n
14155290	2192	1497	n
14155547	2192	1494	n
14165978	2192	1494	n
14166465	2192	1495	n
14166743	2192	1495	n
14166994	2192	1496	n
14167246	2192	1493	n
14167508	2192	1497	n
14177942	2192	1495	n
14178423	2192	1497	n
14178678	2192	1494	n
14178938	2192	1495	n
14179212	2192	1494	n
14179463	2194	1495	n
14189852	2192	1495	n
14190331	2192	1498	n
14190629	2192	1495	n
14190880	2192	1495	n
14191132	2192	1495	n
14191392	2192	1495	n
14191676	2192	1497	n
14202117	2192	1493	n
14202598	2192	1495	n
14202862	2192	1494	n
14203136	2192	1495	n
14203387	2192	1494	n
14203645	2192	1494	n
14214054	2192	1494	Time:00:00:00:00;;
14214732	2191	1493	n
14214983	2192	1495	n
14215235	2192	1495	n
14215492	2192	1494	n
14215747	2192	1494	n
14226180	2192	1494	n
14226431	2192	1494	n
14226691	2192	1495	n
14226943	2192	1494	n
14227194	2192	1494	n
14227445	2192	1495	n
14237824	2191	1494	n
14238075	2192	1493	n
14238326	2192	1495	n
14238581	2191	1495	n
14238836	2191	1494	n
14239088	2191	1492	n
14249522	2192	1491	n
14249777	2192	1494	n
14250028	2192	1492	n
14250279	2192	1493	n
14250536	2192	1493	n
14250791	2193	1495	n
14261215	2192	1495	n
14261466	2192	1494	n
14261722	2191	1495	n
14261973	2192	1493	n
14262224	2192	1494	n
14262475	2191	1493	n
14272842	2192	1493	n
14273093	2192	1494	n
14273344	2192	1495	n
14273601	2192	1495	n
14273856	2192	1495	n
14274107	2192	1495	n
14274358	2192	1495	n
14284748	2192	1495	n
14285000	2192	1494	n
14285251	2192	1494	n
14285504	2192	1494	n
14285760	2190	1493	n
14286011	2192	1494	n
14296388	2192	1493	n
14296649	2192	1495	n
14296900	2192	1495	n
14297151	2192	1495	n
14297402	2192	1493	n
14297659	2192	1494	n
14308032	2192	1495	n
14308283	2192	1495	n
14308538	2192	1494	n
14308794	2192	1493	n
14309045	2191	1494	n
14309296	2192	1497	n
14319732	2192	1495	n
14319983	2192	1494	n
14320234	2192	1495	n
14320488	2192	1494	n
14320743	2192	1495	n
14320994	2192	1495	n
14331423	2192	1495	n
14331679	2192	1495	n
14331930	2192	1495	n
14332181	2192	1497	n
14332432	2192	1495	n
14332691	2192	1496	n
14343049	2192	1495	n
14343300	2192	1495	n
14343555	2192	1494	n
14343811	2192	1493	n
14344062	2191	1496	n
14344313	2192	1495	n
14344567	2192	1494	n
14354952	2193	1494	n
14355204	2192	1496	n
14355455	2192	1495	n
14355711	2192	1494	n
14355962	2192	1495	n
14356213	2192	1495	n
14366601	2192	1495	n
14366856	2192	1495	n
14367107	2192	1494	n
14367358	2192	1495	n
14367611	2192	1495	n
14367866	2192	1496	n
14378239	2192	1493	n
14378495	2192	1494	n
14378750	2192	1494	n
14379002	2192	1495	n
14379253	2192	1493	n
14379506	2192	1494	n
14389935	2192	1494	n
14390186	2192	1495	n
14390437	2191	1495	n
14390694	2192	1494	n
14390945	2192	1495	n
14391196	2192	1495	n
14401635	2192	1498	n
14401886	2192	1495	n
14402137	2193	1497	n
14402388	2192	1497	n
14402649	2192	1497	n
14402900	2192	1497	n
14413257	2192	1495	n
14413512	2192	1495	n
14413768	2192	1494	n
14414019	2191	1494	n
14414270	2192	1493	n
14414524	2192	1495	n
14414779	2192	1495	n
14425159	2192	1494	n
14425411	2192	1494	n
14425666	2192	1495	n
14425918	2192	1494	n
14426169	2192	1494	n
14426420	2192	1497	n
14436803	2192	1493	n
14437054	2192	1494	n
14437306	2192	1494	n
14437559	2192	1494	n
14437814	2192	1497	n
14438065	2192	1495	n
14448447	2192	1495	n
14448703	2192	1498	n
14448954	2192	1495	n
14449205	2192	1497	n
14449456	2192	1495	n
14449712	2192	1493	n
14460143	2192	1493	n
14460394	2192	1494	n
14460653	2192	1494	n
14460904	2192	1497	n
14461155	2192	1494	n
14461406	2192	1494	n
14471838	2192	1493	n
14472089	2192	1493	n
14472341	2192	1494	n
14472594	2191	1495	n
14472849	2191	1495	n
14473100	2191	1494	n
14483464	2192	1494	n
14483720	2192	1494	n
14483971	2191	1494	n
14484222	2192	1497	n
14484473	2192	1497	n
14484729	2192	1497	n
14484980	2192	1494	n
14495367	2192	1495	n
14495626	2192	1495	n
14495877	2193	1494	n
14496128	2192	1494	n
14496380	2192	1494	n
14496639	2192	1495	n
14507010	2192	1495	n
14507261	2192	1493	n
14507516	2192	1493	n
14507771	2192	1496	n
14508022	2192	1493	n
14508274	2192	1493	n
14518659	2192	1494	n
14518910	2192	1494	n
14519161	2192	1494	n
14519412	2192	1495	n
14519668	2192	1494	n
14519919	2192	1497	n
14530350	2192	1496	n
14530604	2192	1495	n
14530860	2192	1494	n
14531111	2193	1493	n
14531362	2193	1495	n
14531622	2192	1495	n
14542045	2192	1497	n
14542296	2192	1494	n
14542553	2192	1495	n
14542808	2192	1495	n
14543060	2192	1495	n
14543311	2192	1494	n
14553676	2191	1494	n
14553928	2192	1495	n
14554179	2192	1494	n
14554430	2192	1494	n
14554686	2192	1495	n
14554937	2192	1495	n
14555188	2192	1495	n
14565576	2192	1494	n
14565832	2191	1494	n
14566083	2192	1497	n
14566334	2192	1495	n
14566591	2192	1495	n
14566846	2192	1495	n
14577218	2192	1494	n
14577469	2192	1495	n
14577725	2192	1493	n
14577976	2192	1495	n
14578228	2192	1493	n
14578480	2191	1494	n
14588862	2192	1494	n
14589113	2192	1495	n
14589364	2192	1495	n
14589622	2192	1494	n
14589873	2192	1494	n
14590124	2192	1494	n
14600564	2192	1495	n
14600819	2192	1494	n
14601070	2192	1493	n
14601321	2192	1495	n
14601574	2193	1494	n
14601830	2192	1497	n
14612253	2192	1495	n
14612506	2192	1495	n
14612762	2192	1495	n
14613013	2192	1495	n
14613264	2192	1494	n
14613519	2192	1495	n
14623879	2192	1495	n
14624130	2192	1497	n
14624382	2193	1493	n
14624639	2192	1495	n
14624890	2192	1498	n
14625141	2192	1495	n
14625392	2192	1495	n
14635785	2192	1495	n
14636036	2192	1493	n
14636287	2192	1493	n
14636540	2192	1494	n
14636795	2191	1493	n
14637046	2192	1493	n
14647425	2192	1495	n
14647681	2192	1493	n
14647933	2192	1495	n
14648184	2192	1494	n
14648435	2192	1497	n
14648692	2192	1494	n
14659069	2192	1494	n
14659320	2192	1494	n
14659574	2192	1496	n
14659829	2192	1495	n
14660080	2192	1495	n
14660331	2192	1495	n
14670765	2192	1495	n
14671016	2192	1494	n
14671267	2192	1495	n
14671521	2192	1495	n
14671775	2192	1495	n
14672026	2192	1494	n
14682460	2193	1495	n
14682716	2192	1495	n
14682967	2192	1495	n
14683218	2192	1495	n
14683469	2192	1493	n
14683725	2192	1494	n
14694087	2192	1495	n
14694338	2192	1495	n
14694591	2192	1494	n
14694847	2192	1495	n
14695098	2192	1495	n
14695349	2192	1495	n
14695604	2192	1497	n
14705989	2192	1495	n
14706241	2192	1495	n
14706494	2192	1495	n
14706750	2192	1494	n
14707001	2192	1497	n
14707252	2192	1495	n
14717643	2192	1494	n
14717894	2192	1497	n
14718145	2192	1495	n
14718396	2192	1495	n
14718658	2192	1495	n
14718909	2192	1495	n
14729277	2192	1497	n
14729532	2192	1494	n
14729787	2192	1497	n
14730039	2192	1497	n
14730290	2192	1497	n
14730547	2192	1495	n
14740973	2192	1494	n
14741224	2192	1495	n
14741475	2192	1495	n
14741735	2192	1495	n
14741986	2192	1496	n
14742237	2192	1495	n
14752673	2193	1495	n
14752924	2192	1495	n
14753175	2192	1495	n
14753426	2192	1494	n
14753682	2192	1497	n
14753933	2192	1498	n
14764294	2192	1497	n
14764549	2192	1495	n
14764804	2192	1495	n
14765055	2192	1497	n
14765306	2193	1498	n
14765559	2192	1495	n
14765815	2192	1494	n
14776197	2192	1495	n
14776449	2192	1495	n
14776704	2192	1495	n
14776955	2192	1495	n
14777206	2192	1495	n
14777457	2192	1493	n
14787840	2192	1494	n
14788091	2192	1495	n
14788343	2192	1497	n
14788598	2191	1493	n
14788853	2192	1493	n
14789104	2192	1495	n
14799487	2192	1495	n
14799742	2193	1495	n
14799994	2192	1498	n
14800245	2192	1498	n
14800502	2192	1494	n
14800757	2192	1495	n
14811180	2192	1495	n
14811431	2192	1491	n
14811691	2192	1494	n
14811942	2192	1497	n
14812194	2192	1494	n
14812445	2190	1493	n
14822875	2192	1494	n
14823126	2192	1495	n
14823377	2192	1495	n
14823634	2192	1494	n
14823885	2192	1495	n
14824136	2192	1494	n
14834504	2193	1495	n
14834760	2192	1495	n
14835011	2192	1494	n
14835262	2192	1495	n
14835519	2192	1497	n
14835774	2192	1493	n
14836025	2192	1497	n
14846404	2192	1495	n
14846660	2192	1497	n
14846912	2192	1497	n
14847163	2195	1495	n
14847414	2192	1495	n
14847669	2192	1495	n
14858048	2192	1494	n
14858299	2192	1494	n
14858556	2192	1492	n
14858811	2191	1495	n
14859062	2192	1495	n
14859313	2192	1496	n
14869697	2192	1493	n
14869948	2192	1497	n
14870199	2192	1495	n
14870450	2191	1495	n
14870705	2192	1494	n
14870956	2192	1494	n
14881388	2193	1495	n
14881649	2192	1497	n
14881900	2192	1493	n
14882151	2192	1495	n
14882402	2192	1494	n
14882659	2192	1495	n
14893083	2192	1498	n
14893334	2192	1494	n
14893590	2192	1494	n
14893845	2192	1498	n
14894097	2192	1497	n
14894348	2192	1495	n
14904779	2192	1494	n
14905030	2192	1495	n
14905281	2192	1495	n
14905536	2192	1494	n
14905791	2192	1495	n
14906042	2192	1494	n
14906293	2192	1495	n
14916702	2192	1495	n
14916953	2192	1494	n
14917205	2192	1497	n
14917456	2192	1495	n
14917712	2192	1495	n
14917963	2192	1495	n
14928342	2192	1494	n
14928598	2192	1493	n
14928853	2192	1495	n
14929104	2192	1495	n
14929356	2191	1494	n
14929609	2192	1494	n
14940038	2192	1495	n
14940289	2192	1495	n
14940542	2192	1498	n
14940797	2192	1497	n
14941048	2192	1497	n
14941300	2192	1493	n
14951685	2192	1495	n
14951936	2192	1493	n
14952187	2192	1494	n
14952438	2192	1494	n
14952699	2192	1494	n
14952950	2192	1496	n
14963376	2192	1495	n
14963633	2192	1494	n
14963884	2192	1494	n
14964135	2192	1495	n
14964387	2191	1495	n
14964645	2192	1494	n
14975055	2192	1495	n
14975306	2192	1495	n
14975559	2192	1495	n
14975814	2191	1495	n
14976065	2192	1493	n
14976317	2192	1494	n
14976574	2192	1495	n
14986992	2192	1494	n
14987431	2192	1494	n
14987714	2192	1494	n
14987965	2192	1494	n
14988216	2192	1494	n
14988476	2192	1494	n
14998946	2192	1494	n
14999423	2192	1497	n
14999678	2192	1495	n
14999938	2192	1495	n
15000212	2192	1494	n
15000463	2192	1494	n
15010900	2192	1495	Time:00:00:00:00;;
15011602	2191	1495	n
15011880	2192	1494	n
15012131	2192	1494	n
15012391	2191	1495	n
15012672	2192	1494	n
15023096	2192	1495	n
15023574	2192	1495	n
15023838	2192	1495	n
15024112	2193	1494	n
15024363	2191	1494	n
15024621	2192	1497	n
15035050	2192	1495	n
15035564	2191	1495	n
15035819	2192	1493	n
15036070	2192	1493	n
15036330	2192	1493	n
15036608	2192	1494	n
15036863	2192	1495	n
15047280	2192	1496	n
15047775	2192	1495	n
15048049	2192	1495	n
15048300	2192	1494	n
15048556	2192	1494	n
15048819	2192	1494	n
15059244	2192	1496	Time:00:00:00:00;;
15059945	2192	1495	n
15060205	2192	1495	n
15060479	2192	1496	n
15060736	2192	1496	n
15060987	2192	1494	n
15071344	2192	1495	n
15071862	2191	1495	n
15072113	2193	1495	n
15072364	2192	1495	n
15072622	2192	1495	n
15072904	2192	1495	n
15083316	2192	1494	n
15083801	2192	1494	n
15084053	2192	1495	n
15084335	2192	1493	n
15084590	2192	1494	n
15084845	2192	1493	n
15095253	2192	1495	n
15095747	2192	1497	n
15096020	2192	1493	n
15096271	2192	1494	n
15096525	2192	1493	n
15096786	2192	1495	n
15097062	2192	1494	n
15107488	2192	1494	n
15107974	2192	1494	n
15108234	2192	1494	n
15108513	2192	1495	n
15108769	2192	1496	n
15109020	2192	1497	n
15119438	2192	1494	n
15119956	2193	1494	n
15120207	2193	1494	n
15120458	2192	1497	n
15120722	2192	1494	n
15120996	2191	1495	n
15131391	2192	1494	n
15131875	2192	1493	n
15132135	2192	1493	n
15132409	2192	1493	n
15132664	2192	1495	n
15132915	2192	1495	n
15133176	2192	1495	n
15143636	2192	1495	n
15144114	2192	1495	n
15144365	2192	1494	n
15144635	2192	1495	n
15144909	2192	1494	n
15145160	2192	1495	n
15155582	2193	1494	n
15156077	2192	1495	n
15156350	2192	1495	n
15156605	2192	1495	n
15156860	2192	1494	n
15157120	2192	1495	n
15167536	2191	1495	n
15168018	2192	1494	n
15168269	2192	1497	n
15168532	2192	1495	n
15168810	2192	1495	n
15169061	2192	1495	n
15169313	2192	1495	n
15179679	2192	1494	n
15180192	2192	1494	n
15180443	2192	1492	n
15180700	2192	1495	n
15180960	2192	1494	n
15181233	2192	1493	n
15191633	2192	1496	n
15192117	2192	1497	n
15192368	2192	1498	n
15192659	2192	1495	n
15192910	2192	1494	n
15193161	2192	1497	n
15203583	2192	1495	n
15204096	2192	1494	n
15204347	2192	1497	n
15204601	2191	1494	n
15204857	2192	1495	n
15205139	2192	1494	n
15205390	2192	1495	n
15215813	2192	1493	Time:00:00:00:00;;
15216437	2192	1495	n
15216694	2192	1494	n
15216945	2192	1496	n
15217196	2192	1494	n
15227563	2192	1493	n
15227818	2191	1493	n
15228069	2192	1493	n
15228320	2192	1495	n
15228574	2192	1493	n
15228829	2192	1495	n
15239204	2192	1495	n
15239455	2192	1494	n
15239711	2192	1495	n
15239962	2193	1495	n
15240213	2192	1495	n
15240464	2192	1495	n
15250883	2192	1493	n
15251134	2192	1495	n
15251385	2192	1495	n
15251644	2192	1494	n
15251896	2192	1494	n
15252147	2192	1493	n
15252398	2192	1493	n
15262819	2192	1495	n
15263070	2193	1495	n
15263321	2192	1493	n
15263574	2192	1493	n
15263830	2192	1497	n
15264081	2191	1495	n
15274463	2194	1495	n
15274719	2193	1494	n
15274970	2192	1495	n
15275221	2192	1497	n
15275472	2192	1493	n
15275729	2192	1494	n
15286159	2192	1494	n
15286410	2193	1495	n
15286665	2193	1495	n
15286917	2192	1497	n
15287168	2192	1494	n
15287419	2192	1496	n
15297854	2192	1493	n
15298105	2192	1495	n
15298356	2192	1497	n
15298610	2191	1495	n
15298865	2191	1495	n
15299116	2192	1494	n
15309483	2192	1494	n
15309738	2192	1493	n
15309989	2192	1495	n
15310241	2192	1495	n
15310494	2193	1495	n
15310750	2192	1497	n
15311001	2192	1495	n
15321383	2192	1495	n
15321645	2192	1495	n
15321896	2192	1494	n
15322147	2192	1495	n
15322398	2192	1495	n
15322659	2192	1495	n
15333027	2192	1495	n
15333278	2192	1495	n
15333532	2192	1493	n
15333788	2192	1497	n
15334039	2192	1495	n
15334290	2192	1494	n
15344674	2192	1493	n
15344926	2192	1493	n
15345177	2192	1495	n
15345428	2192	1493	n
15345684	2192	1495	n
15345935	2192	1494	n
15356366	2192	1494	n
15356627	2192	1495	n
15356878	2192	1493	n
15357129	2192	1495	n
15357380	2192	1495	n
15357639	2192	1495	n
15368061	2192	1497	n
15368312	2192	1495	n
15368566	2192	1494	n
15368822	2192	1493	n
15369073	2192	1495	n
15369324	2192	1494	n
15379690	2193	1497	n
15379942	2192	1494	n
15380193	2192	1497	n
15380444	2192	1494	n
15380700	2192	1494	n
15380951	2192	1495	n
15381202	2192	1495	n
15391593	2192	1494	n
15391848	2192	1493	n
15392100	2192	1493	n
15392351	2192	1495	n
15392608	2192	1494	n
15392863	2192	1494	n
15403234	2192	1495	n
15403488	2192	1493	n
15403743	2192	1494	n
15403994	2192	1495	n
15404245	2192	1495	n
15404501	2192	1495	n
15414878	2192	1493	n
15415129	2192	1494	n
15415380	2192	1495	n
15415639	2192	1493	n
15415890	2192	1497	n
15416141	2192	1494	n
15426576	2192	1494	n
15426832	2192	1495	n
15427083	2192	1494	n
15427334	2192	1495	n
15427590	2192	1494	n
15427846	2192	1494	n
15438269	2192	1494	n
15438522	2192	1494	n
15438778	2192	1493	n
15439029	2192	1495	n
15439280	2193	1493	n
15439536	2191	1496	n
15449965	2192	1495	n
15450216	2192	1493	n
15450467	2192	1493	n
15450723	2192	1494	n
15450974	2192	1495	n
15451225	2192	1493	n
15451476	2192	1493	n
15461884	2192	1494	n
15462135	2192	1495	n
15462387	2192	1497	n
15462644	2192	1495	n
15462896	2192	1497	n
15463147	2192	1494	n
15473532	2192	1495	n
15473787	2192	1494	n
15474039	2192	1494	n
15474290	2192	1494	n
15474547	2192	1494	n
15474802	2191	1493	n
15485224	2192	1492	n
15485475	2192	1494	n
15485735	2192	1495	n
15485986	2192	1494	n
15486237	2192	1493	n
15486492	2192	1493	n
15496868	2192	1493	n
15497119	2192	1494	n
15497370	2192	1494	n
15497628	2192	1495	n
15497879	2192	1493	n
15498131	2191	1493	n
15508568	2192	1497	n
15508823	2192	1494	n
15509074	2192	1495	n
15509325	2192	1494	n
15509581	2192	1495	n
15509836	2192	1494	n
15520242	2191	1494	n
15520499	2192	1495	n
15520754	2191	1493	n
15521006	2192	1494	n
15521257	2192	1494	n
15521512	2192	1493	n
15521768	2192	1494	n
15532178	2192	1493	n
15532429	2192	1494	n
15532685	2192	1495	n
15532936	2192	1495	n
15533187	2192	1493	n
15533439	2192	1497	n
15543822	2192	1495	n
15544073	2192	1495	n
15544324	2192	1494	n
15544582	2194	1497	n
15544837	2192	1493	n
15545088	2192	1494	n
15555521	2192	1494	n
15555775	2192	1495	n
15556026	2192	1495	n
15556277	2192	1494	n
15556532	2192	1495	n
15556787	2192	1495	n
15567144	2192	1495	n
15567395	2192	1494	n
15567653	2192	1495	n
15567905	2192	1494	n
15568156	2192	1494	n
15568407	2192	1493	n
15578770	2192	1493	n
15579021	2192	1495	n
15579272	2192	1494	n
15579525	2192	1493	n
15579780	2192	1495	n
15580031	2192	1494	n
15590449	2192	1497	n
15590705	2192	1495	n
15590956	2192	1495	n
15591207	2192	1495	n
15591458	2192	1495	n
15591714	2192	1494	n
15591965	2192	1495	n
15602385	2193	1497	n
15602645	2193	1494	n
15602896	2192	1495	n
15603147	2192	1495	n
15603398	2192	1494	n
15603659	2192	1496	n
15614029	2192	1494	n
15614280	2192	1494	n
15614535	2192	1496	n
15614791	2192	1494	n
15615042	2192	1495	n
15615293	2190	1493	n
15625729	2192	1497	n
15625980	2192	1493	n
15626231	2192	1494	n
15626487	2192	1495	n
15626743	2192	1494	n
15626994	2192	1493	n
15637352	2192	1495	n
15637608	2192	1495	n
15637863	2192	1494	n
15638114	2192	1494	n
15638365	2192	1495	n
15638627	2192	1494	n
15649064	2192	1494	n
15649315	2192	1494	n
15649570	2192	1495	n
15649826	2192	1495	n
15650077	2191	1494	n
15650328	2192	1494	n
15660743	2191	1497	n
15660994	2192	1493	n
15661245	2192	1495	n
15661502	2192	1493	n
15661757	2192	1495	n
15662008	2192	1493	n
15662259	2192	1494	n
15672684	2193	1494	n
15672935	2192	1495	n
15673186	2192	1493	n
15673438	2192	1495	n
15673698	2192	1494	n
15673949	2192	1495	n
15684323	2192	1495	n
15684576	2192	1497	n
15684832	2192	1494	n
15685083	2192	1494	n
15685334	2192	1493	n
15685590	2192	1497	n
15696019	2191	1494	n
15696270	2192	1495	n
15696523	2192	1494	n
15696779	2192	1497	n
15697030	2192	1494	n
15697281	2190	1494	n
15707715	2192	1495	n
15707966	2192	1495	n
15708218	2193	1497	n
15708469	2192	1494	n
15708725	2192	1495	n
15708976	2192	1493	n
15719341	2192	1497	n
15719598	2192	1495	n
15719853	2192	1494	n
15720105	2192	1494	n
15720356	2192	1495	n
15720609	2192	1494	n
15720864	2192	1497	n
15731243	2192	1497	n
15731498	2192	1495	n
15731754	2192	1498	n
15732005	2192	1494	n
15732256	2192	1497	n
15732512	2192	1494	n
15742887	2192	1494	n
15743138	2192	1495	n
15743390	2192	1497	n
15743649	2192	1498	n
15743900	2192	1494	n
15744151	2192	1497	n
15754536	2192	1496	n
15754791	2192	1495	n
15755042	2192	1495	n
15755294	2192	1495	n
15755549	2192	1495	n
15755804	2192	1495	n
15766226	2192	1494	n
15766477	2193	1495	n
15766734	2192	1494	n
15766985	2194	1497	n
15767236	2192	1495	n
15767492	2193	1495	n
15777921	2192	1494	n
15778172	2192	1495	n
15778424	2192	1498	n
15778679	2192	1495	n
15778931	2192	1494	n
15779182	2191	1495	n
15789552	2192	1495	n
15789807	2192	1494	n
15790058	2192	1493	n
15790310	2192	1494	n
15790566	2192	1493	n
15790822	2191	1493	n
15791073	2192	1494	n
15801450	2191	1493	n
15801705	2192	1494	n
15801957	2192	1494	n
15802208	2192	1493	n
15802459	2192	1493	n
15802715	2192	1494	n
15813094	2193	1492	n
15813345	2192	1495	n
15813601	2192	1495	n
15813856	2192	1495	n
15814107	2192	1495	n
15814358	2192	1491	n
15824742	2192	1495	n
15824994	2192	1494	n
15825245	2192	1494	n
15825502	2192	1495	n
15825757	2192	1494	n
15826008	2192	1495	n
15836434	2192	1495	n
15836691	2192	1495	n
15836942	2192	1495	n
15837193	2191	1494	n
15837444	2192	1495	n
15837700	2192	1494	n
15848129	2192	1494	n
15848380	2192	1494	n
15848639	2192	1497	n
15848890	2192	1495	n
15849141	2192	1495	n
15849392	2192	1495	n
15859756	2192	1497	n
15860007	2193	1495	n
15860258	2192	1497	n
15860515	2194	1497	n
15860770	2192	1495	n
15861022	2192	1498	n
15861273	2192	1494	n
15871662	2192	1493	n
15871914	2191	1494	n
15872165	2192	1494	n
15872416	2192	1494	n
15872671	2192	1493	n
15872922	2191	1494	n
15883302	2192	1495	n
15883555	2192	1495	n
15883811	2192	1495	n
15884062	2193	1494	n
15884313	2192	1493	n
15884570	2192	1495	n
15894945	2193	1495	n
15895196	2192	1495	n
15895447	2192	1493	n
15895703	2192	1495	n
15895954	2192	1493	n
15896205	2192	1494	n
15906645	2192	1495	n
15906896	2192	1498	n
15907148	2192	1495	n
15907399	2192	1495	n
15907658	2192	1495	n
15907909	2193	1495	n
15918336	2191	1494	n
15918590	2192	1494	n
15918845	2191	1494	n
15919096	2191	1493	n
15919347	2192	1494	n
15919605	2192	1493	n
15930032	2192	1494	n
15930283	2192	1493	n
15930539	2192	1495	n
15930794	2192	1495	n
15931045	2192	1494	n
15931296	2192	1494	n
15931553	2192	1495	n
15941952	2192	1495	n
15942203	2192	1494	n
15942455	2192	1495	n
15942710	2193	1495	n
15942961	2192	1494	n
15943213	2193	1498	n
15953601	2192	1495	n
15953856	2192	1495	n
15954107	2192	1496	n
15954358	2192	1495	n
15954611	2192	1494	n
15954866	2193	1495	n
15965291	2192	1495	n
15965546	2192	1494	n
15965802	2192	1496	n
15966053	2192	1495	n
15966304	2192	1495	n
15966557	2192	1495	n
15976935	2192	1496	n
15977186	2192	1495	n
15977437	2192	1493	n
15977694	2192	1494	n
15977945	2192	1495	n
15978196	2192	1494	n
15988635	2192	1497	n
15989111	2192	1497	n
15989362	2192	1497	n
15989653	2192	1495	n
15989904	2192	1498	n
15990155	2192	1495	n
15990406	2192	1495	n
16000869	2192	1495	n
16001346	2192	1495	n
16001601	2192	1495	n
16001856	2192	1494	n
16002138	2192	1495	n
16002389	2192	1496	n
16012815	2192	1495	Time:00:00:00:00;;
16013518	2192	1491	n
16013796	2192	1493	n
16014047	2192	1495	n
16014299	2192	1495	n
16014584	2192	1495	n
16025010	2192	1493	n
16025491	2192	1493	n
16025747	2192	1493	n
16026029	2192	1494	n
16026280	2192	1495	n
16026535	2192	1494	n
16036896	2193	1495	n
16037381	2192	1495	n
16037661	2192	1495	n
16037912	2192	1495	n
16038163	2192	1495	n
16038423	2192	1495	n
16048833	2192	1494	n
16049310	2190	1491	n
16049566	2192	1495	n
16049830	2192	1496	n
16050106	2192	1494	n
16050357	2192	1494	n
16050611	2192	1494	n
16060977	2192	1495	Time:00:00:00:00;;
16061711	2192	1495	n
16061962	2192	1493	n
16062213	2192	1496	n
16062499	2192	1494	n
16072914	2192	1495	n
16073391	2192	1495	n
16073649	2192	1493	n
16073932	2192	1494	n
16074183	2192	1495	n
16074434	2192	1494	n
16084834	2192	1495	n
16085320	2192	1495	n
16085598	2192	1499	n
16085853	2192	1495	n
16086104	2192	1497	n
16086386	2192	1495	n
16086644	2192	1497	n
16097029	2192	1494	n
16097512	2192	1494	n
16097777	2192	1497	n
16098050	2192	1494	n
16098301	2192	1493	n
16098556	2192	1495	n
16108967	2192	1495	n
16109480	2192	1494	n
16109736	2192	1495	n
16109987	2192	1495	n
16110247	2192	1495	n
16110523	2192	1495	n
16120887	2193	1495	n
16121364	2192	1495	n
16121631	2192	1497	n
16121905	2192	1495	n
16122156	2192	1497	n
16122407	2192	1495	n
16122671	2192	1495	n
16133091	2192	1495	n
16133573	2193	1494	n
16133829	2192	1494	n
16134087	2192	1494	n
16134361	2192	1493	n
16134616	2192	1495	n
16145019	2192	1495	n
16145502	2192	1495	n
16145788	2192	1495	n
16146039	2192	1495	n
16146290	2192	1494	n
16146547	2192	1495	n
16156939	2192	1495	n
16157430	2192	1494	n
16157687	2192	1495	n
16157938	2192	1495	n
16158220	2192	1495	n
16158471	2192	1495	n
16158728	2192	1495	n
16169134	2192	1495	n
16169628	2193	1495	n
16169901	2192	1496	n
16170153	2192	1495	n
16170404	2191	1493	n
16170669	2192	1494	n
16181072	2192	1491	n
16181556	2191	1495	n
16181811	2192	1494	n
16182071	2192	1494	n
16182345	2192	1494	n
16182601	2192	1494	n
16192992	2191	1493	n
16193487	2192	1494	n
16193765	2192	1494	n
16194016	2192	1494	n
16194267	2192	1494	n
16194533	2192	1494	n
16194811	2192	1494	n
16205187	2193	1494	n
16205671	2192	1494	n
16205931	2192	1495	n
16206205	2192	1495	n
16206456	2193	1495	n
16206712	2192	1494	n
16217124	2192	1494	Time:00:00:00:00;;
16217732	2192	1494	n
16217983	2192	1493	n
16218234	2192	1494	n
16218492	2192	1494	n
16218747	2192	1494	n
16229164	2192	1495	n
16229415	2192	1494	n
16229671	2192	1494	n
16229922	2192	1494	n
16230173	2192	1494	n
16230424	2191	1498	n
16240808	2192	1495	n
16241059	2192	1494	n
16241310	2192	1494	n
16241566	2192	1495	n
16241821	2192	1494	n
16242072	2192	1495	n
16252506	2192	1495	n
16252761	2192	1497	n
16253012	2192	1496	n
16253263	2192	1498	n
16253518	2192	1497	n
16253774	2192	1495	n
16264199	2192	1497	n
16264450	2191	1495	n
16264705	2192	1495	n
16264957	2192	1495	n
16265208	2192	1495	n
16265459	2194	1495	n
16275843	2192	1494	n
16276094	2192	1495	n
16276345	2192	1495	n
16276601	2192	1495	n
16276856	2192	1495	n
16277107	2192	1493	n
16287522	2192	1493	n
16287778	2192	1495	n
16288029	2192	1495	n
16288280	2192	1494	n
16288536	2191	1495	n
16288791	2192	1495	n
16289042	2192	1495	n
16299458	2193	1495	n
16299714	2192	1495	n
16299965	2192	1494	n
16300216	2192	1494	n
16300467	2192	1494	n
16300722	2192	1495	n
16311102	2192	1495	n
16311353	2192	1496	n
16311607	2192	1497	n
16311863	2191	1495	n
16312114	2192	1496	n
16312365	2192	1493	n
16322798	2192	1494	n
16323049	2192	1492	n
16323300	2192	1494	n
16323555	2192	1495	n
16323811	2192	1495	n
16324062	2192	1495	n
16334499	2192	1495	n
16334754	2192	1495	n
16335005	2192	1495	n
16335256	2192	1494	n
16335512	2192	1495	n
16335768	2192	1495	n
16346189	2192	1494	n
16346440	2191	1494	n
16346698	2192	1494	n
16346950	2192	1494	n
16347201	2192	1494	n
16347452	2192	1495	n
16347707	2192	1495	n
16358108	2190	1492	n
16358360	2192	1494	n
16358615	2191	1495	n
16358870	2191	1494	n
16359122	2192	1494	n
16359373	2192	1494	n
16369757	2192	1498	n
16370008	2192	1495	n
16370259	2191	1495	n
16370515	2192	1494	n
16370771	2192	1495	n
16371022	2192	1495	n
16381378	2192	1493	n
16381639	2192	1493	n
16381891	2192	1493	n
16382142	2192	1495	n
16382393	2192	1495	n
16382653	2192	1494	n
16393091	2192	1495	n
16393342	2192	1495	n
16393599	2192	1497	n
16393854	2192	1497	n
16394105	2193	1495	n
16394356	2192	1495	n
16404786	2192	1497	n
16405037	2193	1495	n
16405289	2192	1495	n
16405542	2192	1497	n
16405797	2193	1495	n
16406048	2193	1495	n
16416465	2192	1495	n
16416720	2192	1495	n
16416972	2192	1495	n
16417223	2192	1494	n
16417474	2192	1495	n
16417735	2192	1495	n
16417986	2192	1497	n
16428402	2193	1498	n
16428659	2193	1497	n
16428910	2192	1497	n
16429161	2192	1495	n
16429412	2192	1494	n
16429668	2192	1497	n
16440045	2192	1497	n
16440296	2192	1498	n
16440553	2193	1498	n
16440808	2193	1497	n
16441060	2193	1495	n
16441311	2192	1497	n
16451743	2192	1497	n
16451994	2193	1495	n
16452245	2192	1497	n
16452503	2192	1497	n
16452758	2193	1497	n
16453009	2192	1495	n
16463368	2193	1495	n
16463629	2192	1496	n
16463880	2192	1495	n
16464132	2192	1495	n
16464383	2192	1495	n
16464640	2193	1495	n
16475080	2192	1495	n
16475331	2194	1495	n
16475587	2192	1495	n
16475842	2192	1495	n
16476093	2193	1495	n
16476344	2192	1497	n
16486759	2192	1495	n
16487010	2192	1498	n
16487261	2192	1496	n
16487515	2192	1494	n
16487771	2192	1495	n
16488022	2192	1495	n
16488273	2192	1494	n
16498700	2192	1496	n
16498951	2193	1495	n
16499202	2193	1495	n
16499453	2192	1498	n
16499709	2194	1497	n
16499960	2194	1494	n
16510339	2193	1497	n
16510592	2192	1494	n
16510848	2192	1495	n
16511099	2192	1495	n
16511350	2192	1498	n
16511604	2192	1495	n
16522035	2192	1497	n
16522286	2193	1497	n
16522539	2192	1495	n
16522795	2192	1496	n
16523046	2192	1497	n
16523297	2193	1495	n
16533730	2192	1495	n
16533981	2192	1493	n
16534232	2192	1497	n
16534488	2192	1495	n
16534743	2192	1494	n
16534994	2192	1495	n
16545357	2192	1495	n
16545610	2192	1497	n
16545866	2193	1493	n
16546117	2193	1495	n
16546368	2192	1497	n
16546629	2192	1494	n
16546881	2193	1495	n
16557259	2192	1495	n
16557515	2193	1498	n
16557771	2192	1498	n
16558022	2193	1498	n
16558273	2193	1495	n
16558530	2193	1498	n
16568903	2192	1498	n
16569155	2192	1495	n
16569406	2192	1493	n
16569662	2193	1497	n
16569913	2193	1497	n
16570164	2192	1497	n
16580553	2193	1497	n
16580808	2193	1494	n
16581059	2192	1494	n
16581311	2192	1494	n
16581566	2193	1497	n
16581822	2192	1494	n
16592243	2192	1497	n
16592498	2192	1495	n
16592754	2192	1494	n
16593005	2193	1495	n
16593256	2194	1498	n
16593513	2192	1497	n
16603938	2192	1496	n
16604189	2193	1495	n
16604440	2192	1498	n
16604698	2193	1495	n
16604950	2192	1498	n
16605201	2192	1498	n
16615564	2193	1495	n
16615819	2192	1497	n
16616071	2193	1495	n
16616322	2192	1498	n
16616575	2194	1498	n
16616831	2193	1498	n
16617082	2194	1497	n
16627467	2195	1495	n
16627723	2193	1498	n
16627974	2192	1495	n
16628225	2193	1497	n
16628476	2192	1495	n
16628734	2193	1497	n
16639110	2192	1495	n
16639361	2193	1494	n
16639622	2193	1495	n
16639873	2192	1494	n
16640124	2192	1495	n
16640375	2192	1495	n
16650758	2193	1498	n
16651010	2192	1497	n
16651261	2193	1498	n
16651515	2193	1495	n
16651771	2194	1497	n
16652022	2194	1495	n
16662450	2192	1497	n
16662705	2193	1497	n
16662956	2192	1496	n
16663208	2192	1497	n
16663459	2195	1497	n
16663714	2192	1498	n
16674145	2192	1496	n
16674396	2192	1497	n
16674657	2192	1494	n
16674908	2193	1497	n
16675159	2192	1495	n
16675411	2192	1494	n
16685772	2192	1495	n
16686023	2192	1498	n
16686274	2193	1494	n
16686529	2193	1494	n
16686785	2192	1495	n
16687036	2194	1497	n
16687287	2192	1498	n
16697679	2194	1497	n
16697930	2193	1496	n
16698181	2193	1497	n
16698433	2194	1497	n
16698691	2193	1495	n
16698943	2193	1497	n
16709318	2193	1499	n
16709573	2193	1498	n
16709828	2193	1497	n
16710079	2193	1495	n
16710330	2192	1494	n
16710587	2193	1495	n
16720962	2193	1495	n
16721213	2192	1495	n
16721464	2192	1498	n
16721720	2192	1496	n
16721971	2193	1497	n
16722222	2193	1495	n
16732662	2192	1496	n
16732913	2192	1495	n
16733164	2193	1495	n
16733416	2192	1497	n
16733671	2193	1496	n
16733922	2192	1494	n
16744353	2194	1498	n
16744608	2194	1497	n
16744863	2193	1495	n
16745114	2195	1495	n
16745365	2193	1497	n
16745627	2193	1499	n
16756049	2192	1495	n
16756300	2192	1495	n
16756555	2192	1494	n
16756811	2192	1495	n
16757062	2192	1495	n
16757313	2192	1495	n
16757567	2192	1495	n
16767968	2193	1495	n
16768219	2192	1496	n
16768471	2193	1495	n
16768727	2192	1493	n
16768978	2192	1495	n
16769229	2192	1495	n
16779622	2194	1495	n
16779873	2192	1494	n
16780124	2193	1498	n
16780376	2192	1498	n
16780632	2192	1495	n
16780884	2192	1496	n
16791308	2192	1497	n
16791564	2192	1495	n
16791819	2192	1497	n
16792070	2192	1495	n
16792321	2192	1495	n
16792574	2193	1495	n
16802951	2192	1497	n
16803202	2192	1495	n
16803453	2192	1495	n
16803708	2192	1494	n
16803959	2192	1495	n
16804211	2192	1495	n
16814651	2193	1495	n
16814902	2193	1497	n
16815153	2192	1495	n
16815404	2193	1494	n
16815660	2192	1494	n
16815912	2193	1494	n
16826325	2192	1497	n
16826581	2194	1495	n
16826836	2193	1495	n
16827087	2193	1495	n
16827339	2192	1498	n
16827592	2193	1497	n
16827847	2192	1494	n
16838262	2192	1498	n
16838519	2193	1498	n
16838774	2192	1495	n
16839025	2192	1495	n
16839276	2193	1495	n
16839532	2192	1495	n
16849905	2192	1493	n
16850156	2192	1495	n
16850408	2193	1494	n
16850663	2192	1495	n
16850915	2192	1495	n
16851166	2193	1495	n
16861603	2192	1495	n
16861859	2192	1498	n
16862110	2194	1498	n
16862361	2194	1497	n
16862616	2192	1495	n
16862871	2192	1497	n
16873228	2192	1497	n
16873479	2192	1495	n
16873736	2193	1495	n
16873987	2193	1498	n
16874238	2192	1497	n
16874495	2192	1495	n
16884940	2193	1497	n
16885191	2193	1495	n
16885442	2192	1496	n
16885700	2192	1497	n
16885951	2192	1496	n
16886202	2192	1498	n
16896622	2192	1495	n
16896873	2192	1495	n
16897124	2192	1495	n
16897375	2192	1494	n
16897632	2192	1496	n
16897883	2192	1498	n
16898134	2192	1495	n
16908557	2192	1495	n
16908813	2192	1495	n
16909064	2192	1495	n
16909315	2193	1495	n
16909570	2193	1495	n
16909826	2193	1495	n
16920199	2193	1498	n
16920450	2193	1498	n
16920705	2193	1497	n
16920957	2193	1498	n
16921208	2193	1497	n
16921459	2194	1495	n
16931895	2192	1495	n
16932146	2192	1494	n
16932397	2192	1495	n
16932658	2192	1493	n
16932909	2193	1495	n
16933160	2193	1495	n
16943590	2192	1494	n
16943846	2192	1495	n
16944097	2193	1496	n
16944348	2192	1495	n
16944605	2192	1494	n
16944860	2192	1495	n
16955217	2192	1495	n
16955468	2192	1495	n
16955724	2193	1495	n
16955975	2192	1497	n
16956226	2192	1498	n
16956478	2192	1494	n
16956735	2192	1497	n
16967119	2192	1497	n
16967371	2192	1493	n
16967628	2192	1497	n
16967879	2192	1495	n
16968130	2192	1495	n
16968382	2192	1495	n
16978768	2193	1495	n
16979028	2192	1494	n
16979301	2192	1495	n
16979556	2192	1498	n
16979811	2193	1494	n
16980071	2194	1495	n
16990487	2193	1497	n
16990968	2192	1495	n
16991219	2192	1495	n
16991470	2192	1495	n
16991757	2192	1493	n
16992008	2192	1495	n
17002413	2192	1495	n
17002894	2193	1495	Time:00:00:00:00;;
17003391	2192	1495	n
17003649	2192	1494	n
17003900	2193	1495	n
17004183	2193	1495	n
17014567	2193	1498	n
17015047	2192	1497	n
17015299	2192	1494	n
17015565	2193	1497	n
17015842	2192	1497	n
17016093	2192	1494	n
17026498	2192	1496	n
17026988	2192	1495	n
17027261	2193	1497	n
17027515	2192	1495	n
17027771	2192	1495	n
17028031	2192	1498	n
17038414	2192	1495	n
17038895	2193	1495	n
17039146	2192	1495	n
17039406	2192	1495	n
17039685	2192	1497	n
17039936	2193	1497	n
17040187	2193	1494	n
17050611	2195	1495	n
17051126	2194	1497	n
17051377	2192	1498	n
17051633	2192	1495	n
17051893	2192	1497	n
17052167	2193	1499	n
17062553	2193	1498	Time:00:00:00:00;;
17063249	2192	1497	n
17063536	2192	1495	n
17063791	2192	1497	n
17064042	2193	1498	n
17064293	2193	1495	n
17074764	2192	1495	n
17075249	2192	1495	n
17075504	2192	1494	n
17075760	2192	1495	n
17076042	2192	1494	n
17076293	2192	1497	n
17086718	2192	1497	n
17087195	2192	1494	n
17087477	2192	1498	n
17087735	2192	1498	n
17087986	2193	1499	n
17088237	2194	1495	n
17098638	2193	1497	n
17099125	2193	1495	n
17099376	2193	1497	n
17099633	2193	1495	n
17099892	2193	1495	n
17100166	2193	1495	n
17100417	2193	1498	n
17110812	2192	1498	n
17111303	2192	1495	n
17111581	2193	1495	n
17111836	2192	1495	n
17112087	2192	1495	n
17112347	2193	1495	n
17122775	2192	1495	n
17123252	2192	1495	n
17123505	2192	1498	n
17123769	2195	1495	n
17124043	2193	1495	n
17124294	2193	1497	n
17134686	2192	1497	n
17135170	2193	1498	n
17135444	2192	1497	n
17135700	2193	1497	n
17135951	2192	1495	n
17136210	2193	1494	n
17136487	2192	1497	n
17146864	2192	1497	n
17147342	2194	1495	n
17147599	2193	1498	n
17147885	2192	1497	n
17148136	2192	1497	n
17148387	2193	1495	n
17158819	2193	1495	n
17159332	2193	1495	n
17159587	2192	1495	n
17159842	2192	1495	n
17160093	2193	1495	n
17160375	2192	1497	n
17170739	2192	1495	n
17171218	2193	1497	n
17171469	2192	1495	n
17171734	2192	1495	n
17172013	2192	1495	n
17172264	2192	1495	n
17172522	2192	1495	n
17182917	2193	1498	n
17183425	2195	1499	n
17183681	2193	1495	n
17183932	2193	1499	n
17184192	2192	1497	n
17184467	2193	1495	n
17194871	2193	1497	n
17195352	2194	1497	n
17195616	2192	1497	n
17195894	2193	1495	n
17196145	2193	1495	n
17196396	2192	1494	n
17206791	2193	1497	n
17207300	2192	1496	n
17207555	2192	1495	n
17207811	2193	1497	n
17208071	2192	1495	n
17208345	2192	1497	n
17208601	2192	1497	n
17218969	2192	1495	Time:00:00:00:00;;
17219529	2193	1495	n
17219785	2192	1494	n
17220036	2192	1495	n
17220287	2192	1496	n
17230716	2192	1498	n
17230967	2193	1495	n
17231218	2193	1494	n
17231470	2192	1495	n
17231726	2193	1494	n
17231977	2193	1495	n
17242343	2192	1495	n
17242598	2193	1495	n
17242853	2192	1495	n
17243104	2192	1497	n
17243355	2193	1495	n
17243609	2192	1497	n
17243864	2192	1495	n
17254245	2193	1497	n
17254501	2193	1498	n
17254757	2192	1496	n
17255008	2192	1497	n
17255259	2192	1494	n
17255515	2192	1495	n
17265889	2192	1497	n
17266141	2192	1495	n
17266392	2192	1497	n
17266653	2192	1498	n
17266904	2193	1494	n
17267155	2192	1498	n
17277539	2193	1498	n
17277794	2193	1495	n
17278045	2192	1497	n
17278297	2193	1495	n
17278552	2192	1497	n
17278808	2192	1495	n
17289229	2192	1495	n
17289481	2192	1495	n
17289737	2192	1494	n
17289988	2192	1494	n
17290239	2192	1495	n
17290494	2192	1495	n
17300924	2192	1494	n
17301175	2192	1497	n
17301427	2192	1497	n
17301683	2193	1495	n
17301934	2192	1495	n
17302185	2193	1495	n
17312552	2194	1495	n
17312807	2192	1499	n
17313059	2193	1498	n
17313310	2192	1498	n
17313566	2192	1495	n
17313822	2192	1495	n
17314073	2192	1495	n
17324453	2193	1499	n
17324709	2193	1498	n
17324960	2193	1498	n
17325211	2193	1495	n
17325463	2195	1498	n
17325718	2192	1497	n
17336097	2192	1494	n
17336349	2192	1495	n
17336606	2192	1495	n
17336861	2192	1497	n
17337112	2192	1494	n
17337363	2192	1497	n
17347745	2192	1495	n
17347996	2192	1497	n
17348247	2193	1495	n
17348502	2192	1494	n
17348757	2192	1497	n
17349008	2192	1495	n
17359436	2193	1498	n
17359693	2193	1495	n
17359944	2193	1495	n
17360195	2192	1495	n
17360446	2192	1498	n
17360702	2193	1499	n
17371131	2192	1497	n
17371382	2193	1497	n
17371639	2192	1495	n
17371891	2192	1497	n
17372142	2193	1495	n
17372393	2193	1497	n
17382758	2192	1495	n
17383009	2192	1495	n
17383260	2193	1497	n
17383515	2193	1495	n
17383771	2192	1495	n
17384022	2192	1494	n
17384273	2192	1497	n
17394665	2193	1494	n
17394916	2193	1494	n
17395167	2193	1497	n
17395419	2192	1498	n
17395674	2192	1494	n
17395925	2192	1496	n
17406304	2193	1497	n
17406558	2193	1495	n
17406813	2193	1497	n
17407064	2193	1495	n
17407315	2193	1495	n
17407570	2192	1495	n
17417948	2193	1497	n
17418199	2194	1495	n
17418450	2192	1498	n
17418706	2192	1494	n
17418957	2192	1494	n
17419208	2192	1493	n
17429648	2192	1494	n
17429899	2192	1497	n
17430150	2192	1498	n
17430402	2192	1495	n
17430659	2192	1497	n
17430910	2192	1495	n
17441339	2192	1495	n
17441593	2192	1497	n
17441848	2192	1497	n
17442099	2193	1495	n
17442350	2192	1497	n
17442608	2193	1497	n
17453035	2192	1497	n
17453286	2193	1495	n
17453540	2194	1494	n
17453795	2194	1495	n
17454046	2192	1498	n
17454297	2193	1499	n
17454552	2194	1497	n
17464954	2192	1495	n
17465206	2193	1498	n
17465457	2192	1497	n
17465712	2192	1495	n
17465963	2192	1495	n
17466214	2193	1499	n
17476601	2192	1493	n
17476856	2192	1495	n
17477107	2192	1496	n
17477358	2192	1495	n
17477611	2192	1497	n
17477867	2193	1498	n
17488225	2194	1497	n
17488477	2193	1495	n
17488734	2192	1497	n
17488985	2194	1498	n
17489237	2195	1498	n
17489492	2192	1497	n
17499938	2193	1497	n
17500189	2194	1497	n
17500440	2193	1495	n
17500698	2194	1497	n
17500949	2194	1495	n
17501200	2193	1499	n
17511637	2192	1495	n
17511888	2192	1497	n
17512139	2192	1494	n
17512391	2192	1495	n
17512649	2192	1498	n
17512900	2192	1495	n
17523312	2194	1497	n
17523566	2192	1495	n
17523821	2194	1499	n
17524072	2192	1498	n
17524324	2192	1495	n
17524576	2192	1497	n
17524832	2192	1495	n
17535248	2192	1495	n
17535505	2192	1498	n
17535760	2192	1498	n
17536011	2192	1497	n
17536262	2193	1499	n
17536519	2193	1498	n
17546892	2195	1497	n
17547143	2192	1497	n
17547395	2194	1498	n
17547653	2193	1495	n
17547904	2193	1498	n
17548155	2193	1495	n
17558590	2193	1495	n
17558845	2192	1497	n
17559096	2193	1498	n
17559347	2193	1495	n
17559601	2193	1495	n
17559857	2193	1497	n
17570214	2193	1495	n
17570465	2193	1497	n
17570720	2192	1495	n
17570971	2192	1495	n
17571222	2192	1495	n
17571473	2192	1497	n
17581840	2192	1495	n
17582091	2193	1497	n
17582342	2193	1497	n
17582598	2194	1495	n
17582853	2192	1497	n
17583105	2193	1498	n
17593520	2193	1495	n
17593774	2192	1499	n
17594025	2195	1497	n
17594276	2195	1495	n
17594532	2192	1497	n
17594788	2192	1495	n
17595039	2194	1497	n
17605455	2192	1495	n
17605711	2192	1498	n
17605962	2193	1495	n
17606213	2192	1496	n
17606464	2193	1495	n
17606720	2192	1494	n
17617099	2192	1496	n
17617350	2192	1497	n
17617605	2192	1495	n
17617860	2192	1495	n
17618111	2192	1495	n
17618362	2192	1498	n
17628795	2193	1498	n
17629046	2192	1498	n
17629297	2192	1494	n
17629552	2193	1495	n
17629807	2192	1495	n
17630059	2192	1495	n
17640422	2192	1497	n
17640677	2192	1494	n
17640929	2194	1495	n
17641180	2192	1497	n
17641431	2192	1497	n
17641691	2193	1497	n
17652048	2193	1495	n
17652299	2193	1495	n
17652556	2192	1496	n
17652811	2192	1495	n
17653062	2193	1494	n
17653313	2192	1495	n
17663727	2192	1495	n
17663978	2192	1494	n
17664229	2193	1495	n
17664482	2194	1497	n
17664738	2192	1495	n
17664989	2192	1498	n
17665240	2193	1497	n
17675668	2193	1495	n
17675919	2192	1494	n
17676170	2192	1495	n
17676421	2193	1497	n
17676677	2192	1496	n
17676928	2193	1498	n
17687307	2193	1498	n
17687564	2193	1497	n
17687820	2192	1494	n
17688071	2192	1495	n
17688322	2192	1497	n
17688575	2192	1494	n
17699003	2193	1498	n
17699254	2193	1498	n
17699507	2192	1495	n
17699763	2193	1498	n
17700014	2192	1495	n
17700265	2192	1494	n
17710633	2192	1497	n
17710884	2195	1498	n
17711135	2195	1499	n
17711386	2192	1495	n
17711645	2192	1495	n
17711896	2192	1495	n
17722255	2192	1495	n
17722508	2192	1498	n
17722764	2192	1495	n
17723015	2192	1495	n
17723266	2192	1495	n
17723522	2192	1495	n
17733934	2192	1498	n
17734185	2192	1497	n
17734436	2192	1495	n
17734693	2192	1494	n
17734944	2193	1495	n
17735195	2192	1495	n
17735447	2192	1495	n
17745870	2193	1497	n
17746121	2192	1497	n
17746373	2193	1497	n
17746630	2192	1497	n
17746881	2192	1495	n
17747132	2192	1498	n
17757518	2194	1498	n
17757774	2193	1498	n
17758025	2192	1498	n
17758276	2193	1498	n
17758533	2194	1495	n
17758788	2193	1495	n
17769210	2192	1495	n
17769461	2197	1497	n
17769717	2193	1495	n
17769968	2192	1497	n
17770219	2192	1494	n
17770470	2192	1495	n
17780837	2194	1499	n
17781088	2193	1495	n
17781339	2193	1495	n
17781592	2194	1498	n
17781848	2192	1495	n
17782099	2193	1495	n
17792463	2194	1495	n
17792719	2192	1497	n
17792970	2192	1497	n
17793221	2194	1497	n
17793472	2192	1496	n
17793729	2192	1495	n
17804142	2192	1497	n
17804393	2194	1495	n
17804652	2193	1499	n
17804903	2193	1495	n
17805155	2193	1498	n
17805406	2193	1495	n
17805662	2192	1498	n
17816078	2192	1495	n
17816329	2192	1495	n
17816584	2193	1498	n
17816839	2193	1497	n
17817090	2193	1498	n
17817341	2192	1495	n
17827726	2192	1495	n
17827977	2192	1494	n
17828228	2192	1495	n
17828480	2193	1497	n
17828736	2192	1497	n
17828988	2193	1498	n
17839418	2193	1499	n
17839673	2194	1499	n
17839924	2193	1497	n
17840175	2193	1495	n
17840427	2193	1497	n
17840683	2193	1497	n
17851044	2194	1498	n
17851295	2193	1498	n
17851549	2194	1495	n
17851805	2193	1495	n
17852056	2193	1497	n
17852307	2192	1495	n
17862674	2193	1495	n
17862926	2192	1495	n
17863177	2193	1495	n
17863428	2192	1495	n
17863684	2192	1495	n
17863935	2193	1495	n
17874349	2192	1497	n
17874604	2192	1497	n
17874859	2192	1498	n
17875111	2193	1498	n
17875362	2192	1495	n
17875622	2194	1498	n
17875873	2193	1495	n
17886285	2194	1498	n
17886539	2195	1497	n
17886794	2193	1495	n
17887045	2193	1495	n
17887296	2192	1495	n
17887554	2195	1495	n
17897929	2194	1499	n
17898180	2193	1498	n
17898431	2192	1495	n
17898692	2194	1498	n
17898943	2193	1498	n
17899194	2194	1498	n
17909629	2192	1497	n
17909880	2193	1497	n
17910131	2192	1497	n
17910383	2192	1497	n
17910640	2192	1498	n
17910891	2192	1495	n
17921252	2192	1496	n
17921505	2193	1499	n
17921760	2192	1497	n
17922011	2192	1497	n
17922262	2192	1495	n
17922520	2192	1498	n
17932964	2194	1498	n
17933215	2193	1497	n
17933466	2194	1497	n
17933722	2194	1499	n
17933973	2194	1499	n
17934224	2193	1498	n
17944647	2193	1495	n
17944898	2194	1495	n
17945149	2193	1498	n
17945401	2194	1495	n
17945658	2193	1495	n
17945909	2194	1495	n
17946160	2192	1495	n
17956583	2192	1495	n
17956839	2193	1497	n
17957090	2193	1493	n
17957341	2192	1495	n
17957594	2192	1495	n
17957849	2192	1497	n
17968223	2193	1494	n
17968474	2192	1495	n
17968734	2192	1495	n
17968986	2193	1493	n
17969237	2192	1495	n
17969492	2193	1495	n
17979919	2193	1498	n
17980201	2193	1498	n
17980475	2194	1497	n
17980734	2194	1498	n
17980985	2193	1497	n
17981245	2194	1497	n
17991704	2192	1495	n
17992181	2194	1497	n
17992432	2192	1494	n
17992700	2192	1497	n
17992974	2193	1495	n
17993225	2192	1494	n
17993477	2191	1495	n
18003844	2193	1495	Time:00:00:00:00;;
18004571	2192	1497	n
18004826	2192	1497	n
18005078	2192	1495	n
18005360	2192	1497	n
18015764	2195	1498	n
18016241	2192	1495	n
18016495	2192	1495	n
18016781	2192	1497	n
18017032	2193	1495	n
18017283	2192	1495	n
18027702	2194	1497	n
18028186	2195	1497	n
18028460	2195	1498	n
18028715	2193	1495	n
18028966	2194	1497	n
18029226	2192	1498	n
18029505	2193	1497	n
18039897	2192	1498	n
18040374	2193	1497	n
18040640	2192	1495	n
18040914	2192	1497	n
18041165	2192	1495	n
18041416	2192	1497	n
18051816	2193	1497	n
18052327	2193	1494	n
18052584	2192	1495	n
18052839	2192	1495	n
18053098	2192	1497	n
18053372	2194	1494	n
18063754	2192	1495	Time:00:00:00:00;;
18064446	2192	1495	n
18064733	2193	1498	n
18064984	2193	1498	n
18065235	2193	1498	n
18065492	2194	1499	n
18075924	2192	1497	n
18076401	2192	1498	n
18076659	2193	1497	n
18076910	2192	1498	n
18077192	2193	1495	n
18077443	2192	1497	n
18087835	2193	1494	n
18088311	2193	1495	n
18088574	2192	1495	n
18088851	2192	1498	n
18089102	2192	1495	n
18089354	2192	1494	n
18089622	2192	1494	n
18100019	2193	1495	n
18100502	2193	1495	n
18100757	2193	1497	n
18101017	2192	1497	n
18101291	2193	1495	n
18101547	2192	1495	n
18111968	2193	1495	n
18112459	2194	1497	n
18112737	2192	1497	n
18112988	2192	1494	n
18113239	2192	1495	n
18113505	2193	1495	n
18123957	2192	1495	n
18124435	2192	1494	n
18124691	2192	1494	n
18124951	2192	1494	n
18125225	2192	1497	n
18125476	2192	1497	n
18125734	2192	1495	n
18136152	2193	1496	n
18136668	2193	1497	n
18136919	2193	1497	n
18137171	2192	1494	n
18137431	2192	1494	n
18137714	2192	1498	n
18148089	2193	1495	n
18148570	2192	1495	n
18148834	2192	1498	n
18149108	2192	1495	n
18149359	2193	1495	n
18149616	2193	1495	n
18160009	2194	1497	n
18160525	2192	1496	n
18160780	2193	1495	n
18161031	2193	1495	n
18161291	2194	1497	n
18161570	2194	1498	n
18161826	2192	1497	n
18172204	2193	1495	n
18172697	2192	1497	n
18172979	2192	1495	n
18173230	2193	1495	n
18173483	2192	1495	n
18173738	2193	1497	n
18184142	2193	1495	n
18184634	2194	1497	n
18184885	2193	1498	n
18185137	2194	1498	n
18185419	2192	1498	n
18185674	2193	1496	n
18196062	2192	1497	n
18196549	2193	1495	n
18196813	2192	1495	n
18197087	2193	1499	n
18197338	2192	1498	n
18197591	2194	1495	n
18197855	2193	1495	n
18208266	2193	1497	n
18208752	2193	1498	n
18209003	2194	1497	n
18209263	2193	1498	n
18209539	2192	1497	n
18209794	2194	1497	n
18220194	2192	1497	Time:00:00:00:00;;
18220735	2193	1498	n
18220986	2194	1495	n
18221237	2192	1497	n
18221495	2192	1497	n
18221750	2193	1498	n
18232148	2194	1497	n
18232399	2192	1495	n
18232657	2193	1495	n
18232909	2193	1497	n
18233160	2192	1494	n
18233411	2192	1493	n
18243792	2194	1499	n
18244043	2193	1497	n
18244295	2192	1495	n
18244549	2192	1498	n
18244804	2193	1497	n
18245055	2194	1495	n
18255418	2193	1498	n
18255674	2193	1497	n
18255925	2192	1496	n
18256176	2192	1495	n
18256427	2193	1494	n
18256684	2192	1495	n
18267045	2193	1496	n
18267296	2193	1498	n
18267553	2194	1495	n
18267808	2193	1498	n
18268059	2192	1495	n
18268310	2193	1497	n
18278740	2192	1497	n
18278991	2192	1497	n
18279242	2193	1498	n
18279499	2192	1497	n
18279754	2192	1495	n
18280005	2192	1495	n
18290367	2193	1498	n
18290626	2195	1499	n
18290877	2194	1497	n
18291129	2193	1499	n
18291380	2194	1500	n
18291639	2194	1497	n
18291890	2193	1498	n
18302269	2191	1495	n
18302522	2193	1498	n
18302778	2192	1495	n
18303029	2193	1497	n
18303280	2192	1495	n
18303535	2192	1497	n
18313913	2192	1497	n
18314164	2192	1495	n
18314416	2192	1499	n
18314671	2192	1495	n
18314922	2194	1497	n
18315173	2193	1495	n
18325559	2192	1498	n
18325814	2193	1495	n
18326065	2194	1499	n
18326317	2194	1499	n
18326573	2195	1498	n
18326829	2195	1499	n
18337253	2192	1499	n
18337506	2193	1497	n
18337761	2193	1498	n
18338012	2192	1499	n
18338263	2194	1498	n
18338519	2192	1497	n
18348948	2192	1496	n
18349199	2192	1497	n
18349451	2192	1495	n
18349706	2193	1496	n
18349957	2193	1495	n
18350208	2192	1497	n
18360574	2192	1495	n
18360830	2192	1494	n
18361081	2192	1495	n
18