11052	2790	1488	n
11603	2789	1488	n
11859	2790	1487	n
12120	2795	1488	n
12425	2789	1485	n
12680	2790	1490	n
12930	2790	1488	n
13190	2791	1488	n
13463	2789	1487	n
23882	2793	1488	n
24342	2791	1488	n
24621	2793	1488	n
24876	2796	1488	n
25126	2794	1488	n
25386	2790	1488	n
25679	2794	1488	n
36060	2790	1488	n
36545	2791	1488	n
36809	2793	1488	n
37089	2793	1488	n
37339	2787	1488	n
37594	2793	1487	n
37858	2794	1488	n
38131	2791	1488	n
48552	2795	1488	n
49039	2794	1488	n
49299	2795	1488	n
49577	2791	1488	n
49832	2793	1488	n
50083	2793	1488	n
50342	2795	1488	n
60737	2795	1488	n
61211	2794	1488	n
61462	2791	1488	n
61725	2795	1488	n
61999	2794	1488	n
62249	2794	1488	n
62505	2794	1488	n
62768	2794	1488	n
73224	2795	1488	n
73711	2795	1488	n
73962	2797	1488	n
74221	2797	1489	n
74496	2794	1488	n
74751	2791	1488	n
75002	2795	1488	n
85395	2795	1488	n
85907	2794	1488	n
86157	2795	1488	n
86408	2795	1488	n
86666	2795	1488	n
86948	2795	1488	n
87198	2795	1488	n
87449	2793	1488	n
97867	2794	1488	n
98372	2794	1488	n
98624	2793	1488	n
98879	2794	1488	n
99129	2791	1488	n
99411	2793	1488	n
99670	2791	1488	n
110062	2794	1488	n
110539	2790	1488	n
110825	2793	1488	n
111075	2790	1488	n
111326	2794	1488	n
111580	2794	1488	n
111865	2790	1488	n
122276	2791	1488	n
122759	2795	1488	n
123010	2793	1488	n
123269	2794	1488	n
123546	2794	1488	n
123801	2794	1488	n
124052	2794	1488	n
134420	2794	1488	n
134930	2795	1488	n
135181	2793	1488	n
135432	2793	1489	n
135696	2795	1487	n
135969	2795	1488	n
136220	2793	1488	n
146580	2791	1488	n
147067	2793	1487	n
147340	2794	1488	n
147595	2791	1488	n
147850	2791	1488	n
148108	2793	1488	n
148381	2793	1488	n
148639	2793	1487	n
159035	2793	1488	n
159515	2791	1488	n
159800	2795	1488	n
160051	2795	1488	n
160302	2793	1488	n
160555	2793	1488	n
160840	2792	1488	n
171196	2795	1488	n
171679	2796	1488	n
171930	2794	1488	n
172189	2794	1488	n
172462	2790	1488	n
172718	2794	1488	n
172968	2795	1488	n
183357	2794	1488	n
183874	2795	1488	n
184125	2795	1488	n
184375	2793	1488	n
184645	2793	1488	n
184918	2795	1488	n
185169	2795	1489	n
195590	2790	1488	n
196078	2791	1488	n
196352	2793	1488	n
196604	2793	1485	n
196859	2790	1488	n
197118	2791	1487	n
197391	2794	1488	n
207817	2795	1488	n
208292	2793	1487	n
208553	2795	1488	n
208830	2791	1488	n
209081	2794	1488	n
209332	2794	1488	n
209595	2793	1488	n
219988	2791	1488	n
220463	2791	1488	n
220718	2794	1488	n
220968	2793	1488	n
221250	2793	1488	n
221505	2793	1488	n
221760	2791	1488	n
232140	2791	1488	n
232653	2794	1488	n
232904	2791	1488	n
233155	2791	1488	n
233405	2791	1488	n
233693	2794	1488	n
233944	2789	1486	n
244353	2794	1488	n
244836	2791	1488	n
245118	2793	1488	n
245368	2794	1488	n
245621	2791	1488	n
245876	2791	1488	n
246158	2793	1488	n
256601	2790	1488	n
257079	2794	1488	n
257330	2794	1488	n
257614	2795	1488	n
257869	2793	1488	n
258120	2794	1488	n
258371	2791	1488	n
268831	2791	1488	n
269314	2794	1488	n
269569	2791	1488	n
269824	2791	1488	n
270106	2791	1488	n
270357	2791	1487	n
270612	2793	1488	n
280976	2794	1488	n
281460	2790	1488	n
281737	2794	1488	n
281988	2791	1488	n
282239	2793	1488	n
282505	2791	1488	n
282783	2791	1488	n
293205	2795	1488	n
293691	2793	1488	n
293951	2791	1488	n
294224	2790	1488	n
294475	2795	1488	n
294730	2791	1487	n
294989	2793	1488	n
295262	2791	1487	n
305664	2794	1488	n
306145	2791	1488	n
306404	2794	1488	n
306684	2795	1488	n
306935	2793	1488	n
307186	2794	1488	n
307445	2794	1488	n
317916	2795	1489	Time:00:00:00:00;;
318644	2795	1488	n
318904	2793	1488	n
319177	2793	1488	n
319428	2794	1488	n
319683	2791	1488	n
330120	2794	1488	n
330634	2794	1488	n
330885	2794	1488	n
331135	2793	1488	n
331395	2795	1488	n
331674	2791	1488	n
331925	2793	1488	n
342281	2793	1487	n
342763	2794	1488	n
343045	2790	1488	n
343295	2791	1488	n
343552	2790	1488	n
343807	2790	1487	n
344089	2793	1488	n
354501	2793	1488	n
354984	2794	1489	n
355235	2793	1488	n
355518	2794	1488	n
355773	2794	1489	n
356024	2793	1488	n
356275	2795	1488	n
366750	2794	1488	n
367233	2791	1488	n
367484	2791	1488	n
367739	2791	1488	n
368021	2793	1488	n
368272	2794	1488	n
368529	2793	1488	n
378903	2791	1488	Time:00:00:00:00;;
379630	2793	1488	n
379885	2794	1488	n
380136	2795	1488	n
380395	2793	1488	n
380680	2793	1488	n
380931	2793	1487	n
391306	2793	1488	n
391801	2790	1488	n
392074	2793	1488	n
392325	2795	1488	n
392580	2795	1488	n
392843	2793	1488	n
393116	2793	1488	n
403555	2796	1488	n
404035	2791	1488	n
404294	2795	1488	n
404569	2794	1488	n
404824	2795	1488	n
405075	2797	1488	n
405335	2793	1488	n
415727	2793	1488	n
416204	2791	1487	n
416455	2787	1487	n
416721	2794	1488	n
416994	2794	1488	n
417245	2791	1488	n
417501	2791	1487	n
427876	2794	1488	n
428393	2791	1488	n
428652	2794	1488	n
428903	2795	1488	n
429154	2794	1488	n
429436	2793	1488	n
429691	2796	1488	n
440089	2797	1488	n
440568	2795	1488	n
440853	2795	1488	n
441103	2795	1488	n
441354	2793	1488	n
441607	2794	1488	n
441893	2795	1488	n
452250	2794	1488	n
452733	2794	1488	n
452984	2791	1487	n
453243	2793	1488	n
453518	2791	1488	n
453773	2794	1488	n
454024	2793	1488	n
464411	2794	1488	n
464929	2794	1488	n
465179	2793	1488	n
465430	2790	1488	n
465692	2793	1488	n
465972	2793	1488	n
466223	2794	1488	n
476646	2793	1488	n
477131	2794	1488	n
477405	2794	1488	n
477662	2794	1488	n
477913	2791	1488	n
478172	2793	1488	n
478453	2793	1488	n
488872	2796	1488	n
489353	2794	1488	n
489614	2793	1488	n
489892	2794	1488	n
490143	2794	1488	n
490393	2794	1488	n
490661	2793	1488	n
501120	2793	1488	n
501603	2795	1488	n
501858	2794	1488	n
502117	2794	1488	n
502390	2791	1488	n
502647	2794	1488	n
502898	2793	1488	n
513264	2793	1488	n
513787	2793	1488	n
514038	2794	1488	n
514288	2793	1488	n
514543	2793	1488	n
514829	2793	1488	n
515080	2793	1488	n
525477	2797	1488	Time:00:00:00:00;;
526174	2794	1488	n
526425	2797	1488	n
526680	2794	1488	n
526931	2794	1488	n
527182	2796	1488	n
527432	2794	1488	n
537845	2793	1488	n
538096	2795	1488	n
538346	2795	1488	n
538600	2793	1488	n
538855	2794	1488	n
539106	2795	1488	n
539357	2795	1488	n
549751	2793	1488	n
550002	2793	1488	n
550253	2791	1488	n
550508	2795	1488	n
550764	2795	1488	n
551014	2793	1488	n
561374	2795	1488	n
561629	2792	1488	n
561883	2791	1488	n
562134	2795	1487	n
562385	2790	1488	n
562642	2791	1488	n
562893	2791	1488	n
573311	2791	1488	n
573565	2794	1488	n
573820	2794	1488	n
574071	2793	1487	n
574322	2791	1488	n
574577	2793	1488	n
574832	2793	1488	n
585213	2791	1488	n
585463	2790	1488	n
585719	2794	1487	n
585969	2791	1488	n
586220	2793	1488	n
586471	2793	1487	n
586726	2791	1488	n
597133	2791	1488	n
597384	2790	1488	n
597642	2795	1488	n
597892	2793	1488	n
598143	2795	1488	n
598394	2794	1488	n
598652	2795	1487	n
609052	2794	1488	n
609303	2791	1488	n
609555	2794	1488	n
609810	2794	1488	n
610061	2793	1487	n
610312	2791	1487	n
610566	2793	1488	n
620955	2794	1488	n
621206	2795	1488	n
621457	2790	1488	n
621713	2795	1488	n
621963	2793	1488	n
622214	2795	1488	n
622465	2791	1488	n
632892	2791	1488	n
633142	2790	1488	n
633393	2793	1488	n
633652	2794	1488	n
633903	2793	1488	n
634154	2791	1488	n
634405	2791	1488	n
644798	2796	1488	n
645048	2795	1488	n
645299	2793	1488	n
645552	2793	1488	n
645807	2793	1488	n
646058	2793	1488	n
646308	2794	1488	n
656701	2794	1488	n
656952	2794	1488	n
657203	2795	1488	n
657453	2791	1488	n
657711	2796	1488	n
657962	2793	1488	n
668324	2795	1488	n
668580	2795	1488	n
668834	2794	1487	n
669085	2795	1488	n
669336	2793	1488	n
669589	2797	1488	n
669845	2794	1488	n
680261	2795	1488	n
680515	2795	1488	n
680770	2796	1488	n
681021	2793	1488	n
681271	2794	1488	n
681526	2795	1488	n
681781	2794	1488	n
692163	2794	1488	n
692414	2794	1488	n
692670	2794	1488	n
692921	2795	1488	n
693172	2794	1488	n
693423	2794	1487	n
693678	2791	1488	n
704083	2797	1488	n
704334	2794	1488	n
704587	2795	1488	n
704842	2795	1488	n
705092	2797	1488	n
705343	2794	1488	n
705597	2794	1488	n
716002	2794	1488	n
716253	2794	1488	n
716507	2795	1488	n
716763	2796	1489	n
717014	2795	1489	n
717264	2795	1488	n
717518	2794	1488	n
727905	2794	1488	n
728156	2793	1488	n
728407	2795	1488	n
728665	2793	1488	n
728916	2795	1488	n
729166	2793	1488	n
729417	2795	1488	n
739842	2791	1488	n
740092	2793	1488	n
740343	2793	1488	n
740597	2794	1488	n
740852	2794	1488	n
741103	2795	1489	n
741354	2795	1488	n
751749	2795	1488	n
752000	2794	1488	n
752251	2794	1488	n
752508	2795	1488	n
752763	2796	1488	n
753014	2794	1488	n
753265	2795	1488	n
763656	2794	1488	n
763907	2790	1487	n
764158	2789	1487	n
764409	2793	1488	n
764667	2790	1488	n
764917	2795	1488	n
775274	2791	1488	n
775528	2794	1488	n
775783	2794	1488	n
776034	2793	1488	n
776285	2791	1487	n
776538	2795	1488	n
776792	2794	1488	n
787211	2795	1488	n
787461	2793	1488	n
787717	2794	1488	n
787967	2793	1488	n
788218	2794	1488	n
788469	2795	1487	n
788724	2791	1488	n
799113	2794	1488	n
799525	2796	1488	n
799812	2791	1488	n
800062	2794	1488	n
800313	2795	1488	n
800569	2796	1488	n
800853	2794	1488	n
811275	2791	1488	n
811758	2793	1488	n
812009	2791	1487	n
812291	2791	1488	n
812545	2794	1488	n
812800	2793	1487	n
813051	2795	1488	n
823508	2793	1488	n
823995	2794	1488	n
824246	2794	1488	n
824501	2793	1488	n
824787	2794	1488	n
825038	2794	1488	n
825289	2791	1488	n
835719	2798	1488	n
836126	2795	1488	n
836386	2797	1488	n
836669	2794	1489	n
836920	2795	1488	n
837171	2794	1488	n
837431	2794	1488	n
847879	2795	1488	n
848357	2795	1488	n
848611	2795	1488	n
848875	2796	1487	n
849148	2794	1488	n
849399	2794	1488	n
849657	2795	1488	n
849917	2795	1488	n
860343	2795	1488	Time:00:00:00:00;;
861040	2794	1488	n
861291	2795	1488	n
861577	2795	1488	n
861832	2795	1488	n
862083	2795	1488	n
872478	2795	1488	n
872990	2795	1488	n
873241	2793	1488	n
873493	2793	1488	n
873749	2793	1488	n
874030	2795	1488	n
874281	2794	1488	n
884712	2794	1488	n
885187	2794	1488	n
885468	2795	1488	n
885724	2794	1488	n
885974	2795	1488	n
886225	2794	1488	n
886512	2795	1488	n
896955	2791	1488	n
897433	2793	1488	n
897688	2795	1488	n
897969	2791	1488	n
898220	2791	1488	n
898471	2796	1488	n
898726	2795	1487	n
909168	2796	1488	n
909661	2793	1488	n
909912	2795	1488	n
910163	2794	1488	n
910444	2793	1488	n
910705	2794	1488	n
910955	2794	1488	n
921330	2794	1488	Time:00:00:00:00;;
922040	2795	1488	n
922313	2795	1488	n
922569	2796	1488	n
922833	2797	1488	n
923106	2794	1488	n
933530	2794	1488	n
934011	2796	1488	n
934271	2795	1488	n
934550	2795	1488	n
934805	2794	1488	n
935055	2795	1488	n
935315	2795	1488	n
935590	2795	1488	n
945980	2794	1488	n
946455	2794	1488	n
946721	2794	1488	n
946994	2795	1488	n
947245	2795	1488	n
947501	2796	1488	n
947765	2793	1488	n
958235	2795	1488	n
958719	2794	1488	n
958969	2794	1488	n
959229	2794	1488	n
959515	2794	1488	n
959770	2795	1488	n
960021	2795	1488	n
970389	2794	1488	n
970906	2793	1488	n
971157	2794	1488	n
971408	2797	1488	n
971675	2795	1488	n
971949	2794	1488	n
972200	2796	1488	n
982621	2796	1488	n
983101	2795	1488	n
983383	2795	1488	n
983642	2794	1488	n
983893	2791	1488	n
984143	2796	1488	n
984425	2796	1488	n
994849	2794	1488	n
995324	2791	1488	n
995579	2793	1488	n
995865	2791	1488	n
996116	2791	1488	n
996367	2793	1488	n
996621	2795	1488	n
1007105	2794	1488	n
1007589	2794	1488	n
1007844	2795	1488	n
1008095	2795	1488	n
1008377	2796	1488	n
1008635	2796	1488	n
1008886	2797	1488	n
1019292	2795	1488	n
1019809	2796	1488	n
1020060	2795	1488	n
1020310	2794	1488	n
1020566	2796	1488	n
1020851	2798	1488	n
1031247	2797	1488	n
1031736	2795	1488	n
1031986	2795	1488	n
1032268	2795	1488	n
1032521	2795	1488	n
1032776	2794	1488	n
1033027	2794	1488	n
1043460	2791	1488	n
1043956	2795	1488	n
1044207	2794	1487	n
1044458	2793	1488	n
1044745	2794	1488	n
1044996	2795	1488	n
1045247	2794	1488	n
1055606	2793	1488	n
1056096	2796	1488	n
1056369	2796	1488	n
1056622	2797	1489	n
1056877	2795	1488	n
1057137	2798	1488	n
1067558	2794	1488	Time:00:00:00:00;;
1068208	2797	1488	n
1068459	2794	1488	n
1068715	2796	1488	n
1068966	2795	1488	n
1069217	2797	1488	n
1079598	2797	1489	n
1079853	2796	1488	n
1080103	2797	1488	n
1080354	2795	1488	n
1080607	2795	1488	n
1080862	2795	1488	n
1081113	2795	1488	n
1091484	2794	1488	n
1091739	2794	1488	n
1091990	2796	1488	n
1092241	2794	1488	n
1092493	2794	1488	n
1092749	2795	1488	n
1103145	2797	1488	n
1103395	2794	1489	n
1103652	2797	1489	n
1103903	2795	1488	n
1104154	2795	1488	n
1104405	2795	1488	n
1104666	2795	1488	n
1115030	2796	1488	n
1115281	2797	1489	n
1115535	2795	1488	n
1115788	2795	1488	n
1116039	2795	1488	n
1116290	2795	1488	n
1126695	2796	1488	n
1126945	2796	1488	n
1127196	2797	1489	n
1127447	2795	1488	n
1127704	2797	1489	n
1127955	2795	1488	n
1128206	2793	1488	n
1138579	2795	1488	n
1138835	2795	1488	n
1139086	2794	1488	n
1139336	2795	1488	n
1139589	2797	1488	n
1139844	2794	1488	n
1150237	2795	1488	n
1150488	2796	1488	n
1150748	2795	1488	n
1150998	2796	1488	n
1151249	2796	1488	n
1151505	2797	1489	n
1151760	2793	1488	n
1162122	2796	1489	n
1162373	2793	1488	n
1162629	2797	1488	n
1162884	2796	1489	n
1163135	2794	1488	n
1163386	2795	1488	n
1173783	2796	1488	n
1174033	2795	1488	n
1174284	2795	1488	n
1174538	2797	1488	n
1174793	2794	1488	n
1175044	2795	1488	n
1175295	2797	1488	n
1185673	2796	1488	n
1185924	2791	1488	n
1186175	2795	1488	n
1186426	2797	1488	n
1186681	2795	1490	n
1186932	2794	1488	n
1197330	2795	1488	n
1197584	2797	1489	n
1197839	2797	1488	n
1198090	2797	1488	n
1198341	2795	1488	n
1198598	2793	1488	n
1198853	2796	1488	n
1209215	2795	1488	n
1209466	2792	1488	n
1209721	2795	1488	n
1209972	2795	1488	n
1210223	2795	1488	n
1210473	2798	1488	n
1220876	2794	1488	n
1221127	2795	1488	n
1221378	2793	1488	n
1221635	2793	1488	n
1221886	2795	1488	n
1222137	2793	1488	n
1222388	2795	1488	n
1232765	2795	1488	n
1233016	2796	1488	n
1233267	2796	1488	n
1233520	2794	1488	n
1233776	2794	1488	n
1234027	2796	1488	n
1244422	2795	1488	n
1244677	2796	1489	n
1244928	2795	1488	n
1245179	2795	1488	n
1245430	2795	1489	n
1245685	2795	1488	n
1245935	2797	1488	n
1256307	2794	1488	n
1256563	2795	1488	n
1256818	2794	1488	n
1257069	2793	1488	n
1257319	2797	1488	n
1257572	2794	1488	n
1267968	2795	1488	n
1268218	2795	1488	n
1268469	2795	1488	n
1268725	2796	1488	n
1268976	2795	1488	n
1269227	2794	1488	n
1269478	2795	1488	n
1279854	2794	1488	n
1280105	2794	1488	n
1280355	2797	1488	n
1280612	2795	1488	n
1280867	2797	1488	n
1281118	2795	1488	n
1291517	2795	1488	n
1291772	2793	1488	n
1292023	2794	1488	n
1292274	2795	1488	n
1292529	2795	1488	n
1292784	2794	1488	n
1293035	2795	1488	n
1303400	2795	1489	n
1303657	2795	1488	n
1303908	2795	1488	n
1304159	2795	1488	n
1304410	2794	1488	n
1304670	2796	1488	n
1315061	2795	1488	n
1315312	2795	1488	n
1315566	2794	1488	n
1315821	2791	1488	n
1316071	2795	1488	n
1316322	2794	1488	n
1316577	2791	1488	n
1326946	2795	1488	n
1327197	2795	1488	n
1327447	2795	1488	n
1327704	2796	1488	n
1327955	2793	1487	n
1328206	2794	1488	n
1338607	2794	1488	n
1338862	2793	1488	n
1339113	2793	1488	n
1339364	2794	1488	n
1339618	2797	1488	n
1339873	2795	1488	n
1340124	2794	1488	n
1350492	2794	1488	n
1350748	2794	1488	n
1350999	2794	1488	n
1351250	2797	1488	n
1351505	2796	1488	n
1351760	2795	1488	n
1362153	2794	1488	n
1362403	2798	1488	n
1362662	2795	1488	n
1362913	2795	1488	n
1363163	2797	1489	n
1363414	2797	1488	n
1363672	2794	1488	n
1374039	2795	1488	n
1374290	2794	1488	n
1374546	2797	1489	n
1374800	2797	1488	n
1375051	2796	1488	n
1375302	2795	1488	n
1385704	2795	1488	n
1385955	2795	1488	n
1386206	2795	1488	n
1386457	2793	1488	n
1386713	2794	1488	n
1386964	2794	1488	n
1387215	2795	1488	n
1397587	2795	1488	n
1397842	2795	1488	n
1398092	2794	1488	n
1398343	2795	1488	n
1398597	2795	1488	n
1398852	2795	1488	n
1409246	2795	1488	n
1409501	2796	1488	n
1409756	2795	1488	n
1410007	2795	1488	n
1410258	2795	1488	n
1410515	2795	1488	n
1410770	2794	1488	n
1421131	2795	1488	n
1421381	2795	1488	n
1421642	2794	1488	n
1421893	2796	1488	n
1422144	2795	1488	n
1422395	2795	1488	n
1432792	2796	1488	n
1433042	2793	1488	n
1433293	2794	1488	n
1433550	2793	1488	n
1433805	2794	1488	n
1434056	2793	1488	n
1434307	2794	1488	n
1444681	2794	1488	n
1444932	2797	1488	n
1445183	2794	1488	n
1445434	2795	1488	n
1445689	2796	1488	n
1445940	2794	1488	n
1456338	2795	1488	n
1456594	2795	1488	n
1456849	2795	1489	n
1457100	2797	1488	n
1457351	2795	1488	n
1457604	2797	1488	n
1457859	2795	1488	n
1468224	2796	1488	n
1468475	2798	1488	n
1468730	2793	1488	n
1468981	2795	1488	n
1469232	2794	1488	n
1469483	2791	1488	n
1479885	2795	1488	n
1480135	2795	1489	n
1480386	2793	1488	n
1480644	2795	1488	n
1480895	2794	1488	n
1481145	2793	1488	n
1481396	2794	1488	n
1491774	2794	1488	n
1492025	2795	1488	n
1492276	2794	1488	n
1492533	2793	1487	n
1492787	2793	1488	n
1493038	2794	1488	n
1503431	2795	1488	n
1503686	2797	1488	n
1503937	2797	1488	n
1504188	2795	1488	n
1504439	2794	1489	n
1504694	2795	1488	n
1504945	2795	1488	n
1515316	2797	1488	n
1515569	2794	1488	n
1515823	2793	1488	n
1516074	2793	1488	n
1516325	2795	1488	n
1516579	2791	1488	n
1526977	2793	1488	n
1527227	2795	1489	n
1527478	2798	1488	n
1527733	2795	1488	n
1527984	2795	1488	n
1528235	2796	1488	n
1528486	2794	1488	n
1538862	2795	1488	n
1539113	2795	1488	n
1539363	2796	1488	n
1539618	2795	1488	n
1539873	2795	1488	n
1540124	2794	1488	n
1550528	2795	1488	n
1550784	2795	1488	n
1551035	2795	1488	n
1551286	2795	1488	n
1551538	2796	1488	n
1551793	2797	1488	n
1552044	2795	1488	n
1562409	2795	1488	n
1562667	2794	1488	n
1562918	2794	1488	n
1563169	2795	1488	n
1563420	2795	1488	n
1563675	2791	1488	n
1574070	2798	1488	n
1574321	2795	1488	n
1574577	2796	1488	n
1574832	2797	1488	n
1575083	2795	1489	n
1575334	2794	1488	n
1575587	2795	1488	n
1585955	2795	1488	n
1586205	2795	1488	n
1586456	2795	1488	n
1586713	2798	1488	n
1586963	2797	1489	n
1587214	2797	1489	n
1597616	2797	1488	n
1597871	2795	1488	n
1598122	2795	1489	n
1598373	2797	1488	n
1598630	2797	1488	n
1598884	2795	1488	n
1599135	2794	1488	n
1609505	2794	1488	n
1609760	2795	1488	n
1610010	2794	1488	n
1610261	2793	1488	n
1610518	2794	1488	n
1610773	2793	1488	n
1621162	2794	1488	n
1621413	2793	1488	n
1621670	2794	1488	n
1621921	2795	1488	n
1622172	2793	1488	n
1622423	2795	1487	n
1622678	2793	1488	n
1633047	2795	1488	n
1633297	2796	1488	n
1633552	2795	1488	n
1633807	2795	1488	n
1634058	2795	1489	n
1634309	2795	1488	n
1644712	2795	1488	n
1644963	2794	1488	n
1645213	2796	1488	n
1645464	2793	1488	n
1645719	2794	1488	n
1645970	2795	1488	n
1646221	2793	1488	n
1656597	2795	1488	n
1656852	2795	1488	n
1657103	2793	1488	n
1657354	2794	1488	n
1657607	2795	1488	n
1657862	2795	1488	n
1668255	2793	1488	n
1668512	2795	1489	n
1668767	2795	1488	n
1669018	2793	1488	n
1669269	2794	1488	n
1669526	2795	1488	n
1669781	2795	1488	n
1680140	2794	1488	n
1680391	2796	1488	n
1680647	2794	1488	n
1680898	2796	1488	n
1681149	2794	1488	n
1681400	2796	1489	n
1691801	2795	1488	n
1692052	2790	1488	n
1692302	2794	1488	n
1692555	2795	1488	n
1692810	2795	1488	n
1693061	2794	1487	n
1693312	2793	1488	n
1703690	2793	1488	n
1703941	2795	1488	n
1704192	2795	1488	n
1704443	2795	1488	n
1704699	2795	1488	n
1704950	2795	1488	n
1715347	2795	1488	n
1715603	2795	1488	n
1715859	2794	1488	n
1716109	2795	1488	n
1716360	2795	1488	n
1716614	2795	1488	n
1716869	2795	1488	n
1727232	2796	1488	n
1727483	2795	1488	n
1727738	2795	1488	n
1727989	2794	1488	n
1728240	2793	1488	n
1728492	2794	1488	n
1738893	2795	1488	n
1739144	2794	1488	n
1739394	2793	1488	n
1739652	2793	1488	n
1739903	2796	1488	n
1740154	2791	1488	n
1740405	2794	1488	n
1750782	2795	1488	n
1751033	2793	1488	n
1751284	2795	1488	n
1751538	2791	1488	n
1751792	2794	1488	n
1752043	2794	1488	n
1762440	2794	1488	n
1762696	2795	1488	n
1762946	2795	1488	n
1763197	2795	1488	n
1763448	2794	1488	n
1763705	2794	1488	n
1763956	2795	1488	n
1774325	2795	1488	n
1774580	2791	1488	n
1774835	2794	1488	n
1775086	2793	1488	n
1775337	2797	1488	n
1775590	2796	1487	n
1785986	2796	1488	n
1786237	2795	1488	n
1786488	2795	1488	n
1786748	2795	1488	n
1786999	2793	1488	n
1787250	2797	1488	n
1787505	2797	1488	n
1797871	2794	1488	n
1798279	2794	1488	n
1798535	2794	1488	n
1798821	2795	1488	n
1799072	2791	1488	n
1799323	2793	1488	n
1809740	2794	1488	n
1810246	2792	1488	n
1810501	2795	1488	n
1810756	2797	1488	n
1811007	2794	1488	n
1811289	2796	1488	n
1811543	2796	1488	n
1821952	2794	1488	n
1822427	2795	1488	n
1822691	2793	1487	n
1822964	2794	1488	n
1823215	2787	1488	n
1823466	2791	1488	n
1823729	2795	1488	n
1834165	2793	1488	n
1834517	2793	1488	n
1834773	2791	1488	n
1835024	2791	1488	n
1835283	2793	1488	n
1835563	2793	1488	n
1845965	2793	1488	n
1846441	2794	1488	n
1846698	2793	1488	n
1846980	2795	1488	n
1847231	2793	1488	n
1847482	2797	1488	n
1847737	2795	1488	n
1858186	2795	1488	Time:00:00:00:00;;
1858883	2797	1488	n
1859134	2795	1488	n
1859416	2795	1487	n
1859672	2795	1488	n
1859923	2794	1488	n
1870286	2795	1488	n
1870780	2795	1488	n
1871054	2795	1488	n
1871305	2794	1488	n
1871560	2795	1488	n
1871824	2794	1488	n
1872097	2795	1488	n
1882482	2795	1488	n
1882962	2794	1488	n
1883222	2795	1488	n
1883501	2795	1488	n
1883756	2795	1488	n
1884007	2794	1488	n
1894385	2797	1488	n
1894901	2794	1489	n
1895152	2794	1488	n
1895403	2794	1488	n
1895671	2795	1488	n
1895944	2795	1488	n
1896195	2795	1488	n
1906600	2797	1488	n
1907084	2795	1488	n
1907366	2793	1488	n
1907621	2797	1489	n
1907876	2795	1488	n
1908127	2795	1488	n
1908409	2797	1488	n
1918798	2796	1488	Time:00:00:00:00;;
1919489	2793	1488	n
1919756	2795	1488	n
1920029	2795	1488	n
1920280	2795	1488	n
1920535	2795	1488	n
1930955	2794	1488	n
1931464	2792	1488	n
1931719	2795	1488	n
1931969	2793	1488	n
1932229	2795	1488	n
1932508	2794	1488	n
1942875	2797	1488	n
1943350	2795	1488	n
1943612	2791	1488	n
1943890	2794	1488	n
1944141	2793	1488	n
1944392	2795	1488	n
1944662	2793	1488	n
1955079	2794	1488	n
1955560	2796	1491	n
1955815	2793	1488	n
1956074	2793	1488	n
1956348	2795	1488	n
1956604	2790	1488	n
1956859	2793	1488	n
1967266	2794	1488	n
1967786	2793	1488	n
1968036	2793	1488	n
1968287	2795	1488	n
1968551	2794	1488	n
1968828	2795	1488	n
1979238	2795	1488	n
1979725	2797	1488	n
1979976	2794	1489	n
1980258	2794	1488	n
1980512	2794	1488	n
1980767	2795	1488	n
1981018	2795	1488	n
1991459	2791	1488	n
1991939	2795	1488	n
1992190	2797	1488	n
1992441	2795	1488	n
1992732	2795	1488	n
1992983	2795	1488	n
1993234	2795	1488	n
2003668	2795	1488	n
2004176	2793	1488	n
2004427	2795	1488	n
2004682	2794	1488	n
2004933	2795	1488	n
2005214	2795	1489	n
2015618	2794	1488	n
2016106	2794	1488	n
2016357	2795	1488	n
2016645	2793	1488	n
2016896	2794	1488	n
2017147	2791	1488	n
2017397	2794	1488	n
2027831	2796	1488	n
2028322	2795	1488	n
2028577	2795	1488	n
2028832	2797	1488	n
2029113	2793	1489	n
2029364	2796	1488	n
2029621	2794	1488	n
2040026	2797	1488	n
2040518	2795	1488	n
2040796	2794	1488	n
2041047	2795	1488	n
2041298	2795	1488	n
2041563	2795	1487	n
2041840	2795	1488	n
2052222	2794	1488	n
2052711	2794	1488	n
2052971	2794	1488	n
2053244	2793	1488	n
2053501	2793	1488	n
2053756	2795	1488	n
2064142	2791	1488	Time:00:00:00:00;;
2064873	2794	1488	n
2065124	2794	1488	n
2065384	2793	1488	n
2065666	2794	1488	n
2065917	2796	1488	n
2076303	2797	1488	n
2076555	2796	1488	n
2076810	2793	1488	n
2077061	2794	1488	n
2077312	2795	1488	n
2077569	2795	1488	n
2077824	2796	1488	n
2088189	2797	1488	n
2088440	2795	1488	n
2088695	2791	1489	n
2088946	2795	1488	n
2089197	2794	1488	n
2089448	2797	1488	n
2099850	2794	1488	n
2100101	2795	1488	n
2100352	2794	1488	n
2100605	2793	1488	n
2100860	2793	1488	n
2101111	2791	1488	n
2101362	2795	1488	n
2111739	2794	1488	n
2111990	2795	1488	n
2112241	2794	1488	n
2112492	2793	1488	n
2112748	2795	1488	n
2112999	2795	1488	n
2123396	2794	1488	n
2123653	2794	1488	n
2123904	2794	1488	n
2124155	2794	1488	n
2124406	2796	1488	n
2124667	2795	1488	n
2124917	2795	1488	n
2135281	2793	1488	n
2135535	2793	1488	n
2135788	2794	1487	n
2136039	2795	1488	n
2136290	2796	1488	n
2136545	2795	1488	n
2146942	2794	1488	n
2147193	2795	1488	n
2147444	2794	1488	n
2147700	2797	1488	n
2147951	2795	1488	n
2148202	2795	1488	n
2148453	2793	1488	n
2158827	2796	1488	n
2159078	2796	1488	n
2159329	2795	1488	n
2159583	2795	1488	n
2159839	2796	1488	n
2160090	2796	1488	n
2170488	2795	1488	n
2170748	2795	1488	n
2170999	2794	1488	n
2171250	2794	1488	n
2171505	2795	1488	n
2171760	2794	1488	n
2172011	2794	1488	n
2182374	2795	1488	n
2182629	2796	1488	n
2182884	2797	1488	n
2183135	2795	1488	n
2183386	2795	1488	n
2183642	2795	1488	n
2194035	2794	1488	n
2194286	2794	1488	n
2194538	2794	1488	n
2194793	2795	1488	n
2195044	2796	1488	n
2195295	2793	1488	n
2195549	2791	1488	n
2205920	2796	1488	n
2206171	2797	1489	n
2206422	2795	1488	n
2206677	2796	1488	n
2206928	2797	1488	n
2207179	2795	1489	n
2217582	2795	1488	n
2217838	2795	1488	n
2218089	2795	1488	n
2218340	2795	1488	n
2218595	2796	1488	n
2218850	2797	1489	n
2219101	2795	1488	n
2229466	2791	1488	n
2229721	2795	1487	n
2229972	2793	1488	n
2230223	2795	1488	n
2230474	2797	1488	n
2230729	2791	1488	n
2241127	2796	1488	n
2241378	2795	1488	n
2241635	2795	1488	n
2241886	2794	1488	n
2242137	2794	1488	n
2242388	2795	1488	n
2242645	2795	1488	n
2253012	2795	1488	n
2253263	2797	1488	n
2253517	2794	1489	n
2253773	2797	1488	n
2254024	2795	1488	n
2254274	2795	1488	n
2264677	2794	1488	n
2264928	2799	1488	n
2265179	2793	1488	n
2265430	2794	1489	n
2265685	2797	1488	n
2265936	2795	1488	n
2266187	2794	1488	n
2276562	2795	1488	n
2276817	2795	1489	n
2277068	2795	1488	n
2277319	2797	1488	n
2277572	2794	1488	n
2277827	2797	1488	n
2288220	2795	1488	n
2288471	2798	1488	n
2288726	2795	1488	n
2288977	2797	1488	n
2289228	2795	1488	n
2289479	2799	1488	n
2289734	2797	1488	n
2300105	2796	1488	n
2300356	2797	1488	n
2300611	2794	1488	n
2300866	2795	1488	n
2301117	2795	1488	n
2301368	2795	1488	n
2311766	2793	1487	n
2312017	2795	1488	n
2312268	2791	1488	n
2312520	2795	1488	n
2312776	2794	1488	n
2313027	2795	1488	n
2313278	2795	1488	n
2323656	2795	1488	n
2323907	2794	1488	n
2324158	2793	1489	n
2324409	2795	1488	n
2324667	2793	1488	n
2324918	2795	1488	n
2335312	2794	1488	n
2335566	2796	1488	n
2335821	2796	1488	n
2336072	2797	1488	n
2336323	2794	1488	n
2336580	2795	1488	n
2336835	2794	1488	n
2347197	2795	1488	n
2347448	2795	1488	n
2347705	2795	1488	n
2347956	2795	1488	n
2348207	2795	1488	n
2348458	2794	1488	n
2358858	2794	1488	n
2359109	2795	1489	n
2359360	2795	1488	n
2359614	2797	1488	n
2359869	2796	1488	n
2360120	2795	1488	n
2360371	2794	1488	n
2370748	2795	1488	n
2370999	2794	1488	n
2371250	2796	1488	n
2371505	2795	1488	n
2371760	2795	1488	n
2372011	2795	1488	n
2382405	2795	1488	n
2382666	2795	1488	n
2382917	2796	1489	n
2383168	2796	1488	n
2383419	2797	1488	n
2383674	2794	1488	n
2383925	2794	1488	n
2394290	2797	1488	n
2394546	2794	1489	n
2394801	2794	1488	n
2395052	2794	1488	n
2395303	2797	1488	n
2395560	2795	1488	n
2405951	2793	1488	n
2406202	2795	1488	n
2406453	2796	1488	n
2406712	2794	1488	n
2406963	2794	1488	n
2407213	2795	1488	n
2407464	2795	1488	n
2417836	2795	1488	n
2418087	2796	1488	n
2418338	2794	1488	n
2418594	2794	1489	n
2418849	2795	1488	n
2419100	2794	1488	n
2429501	2796	1488	n
2429756	2796	1489	n
2430007	2795	1488	n
2430258	2797	1488	n
2430515	2794	1488	n
2430770	2795	1488	n
2431021	2795	1488	n
2441382	2795	1488	n
2441642	2794	1489	n
2441893	2791	1488	n
2442144	2791	1488	n
2442395	2795	1488	n
2442652	2795	1488	n
2453043	2795	1488	n
2453294	2795	1488	n
2453548	2796	1488	n
2453804	2795	1489	n
2454055	2795	1488	n
2454306	2794	1488	n
2454563	2794	1488	n
2464929	2795	1488	n
2465180	2794	1489	n
2465431	2795	1490	n
2465686	2795	1489	n
2465937	2797	1488	n
2466188	2797	1488	n
2476590	2795	1488	n
2476845	2795	1488	n
2477096	2797	1489	n
2477347	2795	1488	n
2477604	2795	1488	n
2477859	2795	1488	n
2478110	2795	1488	n
2488475	2795	1488	n
2488731	2797	1488	n
2488982	2796	1488	n
2489233	2796	1488	n
2489483	2795	1488	n
2489739	2795	1489	n
2500136	2795	1488	n
2500387	2797	1488	n
2500643	2797	1488	n
2500894	2795	1488	n
2501145	2797	1488	n
2501396	2795	1488	n
2501653	2794	1488	n
2512021	2795	1488	n
2512272	2795	1488	n
2512528	2794	1488	n
2512784	2795	1488	n
2513035	2794	1488	n
2513286	2797	1488	n
2523686	2795	1489	n
2523937	2795	1488	n
2524188	2796	1488	n
2524439	2795	1488	n
2524695	2796	1488	n
2524946	2797	1488	n
2525197	2797	1488	n
2535569	2795	1488	n
2535824	2794	1488	n
2536075	2794	1488	n
2536326	2795	1488	n
2536580	2795	1488	n
2536835	2795	1488	n
2547228	2797	1489	n
2547479	2798	1488	n
2547734	2796	1488	n
2547985	2793	1488	n
2548236	2795	1488	n
2548487	2793	1488	n
2548742	2795	1488	n
2559114	2797	1488	n
2559365	2799	1488	n
2559621	2797	1488	n
2559876	2795	1489	n
2560127	2796	1488	n
2560378	2797	1488	n
2570775	2795	1489	n
2571026	2797	1488	n
2571277	2797	1488	n
2571532	2795	1488	n
2571787	2795	1489	n
2572038	2797	1488	n
2572289	2796	1488	n
2582664	2795	1488	n
2582915	2796	1488	n
2583166	2794	1488	n
2583417	2794	1487	n
2583673	2794	1488	n
2583924	2794	1488	n
2594321	2794	1488	n
2594577	2795	1488	n
2594832	2795	1488	n
2595083	2795	1488	n
2595334	2794	1488	n
2595587	2796	1488	n
2595843	2797	1488	n
2606206	2796	1488	n
2606457	2791	1488	n
2606713	2795	1488	n
2606964	2794	1489	n
2607215	2795	1488	n
2607466	2794	1488	n
2617867	2795	1489	n
2618118	2795	1488	n
2618369	2794	1489	n
2618622	2791	1488	n
2618877	2796	1488	n
2619128	2793	1488	n
2619379	2794	1488	n
2629756	2794	1488	n
2630007	2796	1488	n
2630258	2796	1488	n
2630515	2795	1487	n
2630770	2794	1488	n
2631021	2796	1488	n
2641413	2796	1488	n
2641670	2797	1488	n
2641921	2795	1488	n
2642172	2795	1488	n
2642423	2796	1488	n
2642679	2795	1489	n
2642929	2795	1488	n
2653299	2797	1488	n
2653552	2795	1488	n
2653807	2796	1488	n
2654058	2797	1488	n
2654309	2795	1488	n
2654563	2797	1489	n
2664960	2797	1488	n
2665211	2795	1488	n
2665461	2794	1488	n
2665717	2795	1488	n
2665968	2796	1488	n
2666219	2795	1488	n
2666469	2798	1488	n
2676845	2798	1488	n
2677096	2799	1488	n
2677347	2796	1488	n
2677603	2795	1488	n
2677858	2795	1488	n
2678109	2797	1488	n
2688512	2797	1488	n
2688767	2797	1488	n
2689018	2797	1489	n
2689269	2795	1488	n
2689526	2797	1489	n
2689781	2796	1488	n
2690032	2794	1488	n
2700391	2796	1488	n
2700647	2796	1489	n
2700898	2799	1490	n
2701149	2794	1488	n
2701400	2795	1488	n
2701658	2795	1488	n
2712052	2797	1488	n
2712303	2795	1488	n
2712555	2794	1488	n
2712810	2795	1488	n
2713061	2794	1488	n
2713312	2795	1488	n
2713569	2794	1488	n
2723937	2795	1489	n
2724188	2796	1488	n
2724439	2793	1489	n
2724694	2794	1488	n
2724945	2797	1488	n
2725196	2795	1489	n
2735598	2797	1488	n
2735853	2796	1488	n
2736104	2795	1488	n
2736355	2795	1488	n
2736612	2796	1489	n
2736867	2797	1488	n
2737118	2797	1488	n
2747484	2796	1488	n
2747739	2798	1488	n
2747990	2795	1489	n
2748241	2797	1489	n
2748493	2797	1488	n
2748749	2797	1488	n
2759145	2797	1488	n
2759396	2795	1488	n
2759653	2796	1488	n
2759904	2797	1488	n
2760155	2797	1488	n
2760405	2795	1488	n
2760667	2795	1488	n
2771030	2797	1488	n
2771281	2795	1488	n
2771535	2795	1488	n
2771788	2795	1489	n
2772039	2795	1488	n
2772290	2797	1488	n
2782695	2798	1493	n
2782946	2798	1488	n
2783197	2795	1488	n
2783448	2795	1488	n
2783705	2797	1489	n
2783956	2795	1488	n
2784207	2795	1490	n
2794579	2798	1489	n
2794834	2794	1488	n
2795085	2795	1488	n
2795336	2793	1488	n
2795589	2795	1488	n
2795844	2797	1489	n
2806237	2795	1488	n
2806488	2793	1488	n
2806748	2796	1488	n
2806999	2796	1488	n
2807250	2795	1488	n
2807505	2795	1488	n
2807760	2795	1488	n
2818122	2795	1489	n
2818373	2796	1488	n
2818629	2795	1488	n
2818884	2796	1488	n
2819135	2797	1488	n
2819386	2797	1488	n
2829783	2796	1488	n
2830034	2796	1488	n
2830285	2795	1488	n
2830538	2795	1488	n
2830793	2794	1488	n
2831044	2798	1488	n
2831294	2796	1488	n
2841673	2797	1488	n
2842149	2795	1489	n
2842400	2794	1488	n
2842666	2797	1488	n
2842940	2794	1488	n
2843191	2795	1488	n
2853588	2797	1488	n
2854077	2796	1490	n
2854350	2797	1489	n
2854603	2795	1489	n
2854858	2799	1489	n
2855118	2799	1488	n
2855392	2799	1488	n
2865784	2797	1489	Time:00:00:00:00;;
2866475	2798	1488	n
2866762	2796	1488	n
2867013	2795	1489	n
2867264	2797	1488	n
2867518	2797	1488	n
2877954	2796	1489	n
2878430	2797	1489	n
2878685	2798	1489	n
2878936	2795	1488	n
2879218	2797	1489	n
2879469	2797	1488	n
2879724	2797	1489	n
2890141	2797	1488	n
2890658	2796	1488	n
2890909	2797	1488	n
2891159	2796	1488	n
2891410	2795	1488	n
2891698	2798	1488	n
2902061	2798	1489	n
2902543	2795	1488	n
2902799	2798	1488	n
2903058	2794	1488	n
2903334	2798	1488	n
2903587	2797	1488	n
2903842	2797	1488	n
2914256	2798	1488	Time:00:00:00:00;;
2914991	2797	1489	n
2915242	2797	1488	n
2915508	2797	1488	n
2915786	2798	1488	n
2916037	2798	1489	n
2926435	2797	1490	n
2926924	2797	1489	n
2927198	2797	1488	n
2927449	2795	1488	n
2927706	2797	1488	n
2927966	2795	1488	n
2928239	2795	1488	n
2938618	2795	1488	n
2939098	2799	1488	n
2939349	2795	1488	n
2939639	2797	1488	n
2939890	2797	1488	n
2940141	2797	1489	n
2950535	2798	1488	n
2951047	2795	1489	n
2951298	2797	1488	n
2951552	2795	1488	n
2951807	2795	1488	n
2952089	2800	1488	n
2952340	2797	1489	n
2962733	2795	1488	n
2963215	2799	1488	n
2963475	2798	1488	n
2963753	2795	1489	n
2964004	2797	1489	n
2964254	2797	1488	n
2964518	2795	1488	n
2974925	2797	1488	n
2975402	2795	1488	n
2975662	2795	1488	n
2975922	2795	1488	n
2976195	2795	1488	n
2976446	2794	1488	n
2986845	2795	1488	n
2987330	2797	1488	n
2987605	2794	1488	n
2987860	2795	1488	n
2988111	2795	1488	n
2988371	2794	1488	n
2988652	2795	1488	n
2999040	2796	1488	n
2999520	2796	1489	n
2999783	2798	1487	n
3000057	2796	1488	n
3000308	2795	1488	n
3000562	2796	1488	n
3000826	2795	1489	n
3011245	2797	1488	n
3011735	2797	1488	n
3011986	2796	1488	n
3012246	2796	1488	n
3012521	2798	1488	n
3012776	2796	1488	n
3023156	2795	1488	n
3023642	2796	1488	n
3023923	2795	1488	n
3024174	2794	1488	n
3024425	2795	1488	n
3024681	2794	1487	n
3024969	2796	1488	n
3035351	2798	1488	n
3035838	2795	1488	n
3036089	2797	1488	n
3036349	2794	1488	n
3036624	2797	1488	n
3036879	2795	1488	n
3037130	2795	1488	n
3047552	2797	1488	n
3048068	2794	1488	n
3048319	2797	1488	n
3048572	2795	1488	n
3048835	2796	1488	n
3049109	2795	1488	n
3059521	2797	1488	n
3060003	2798	1488	n
3060263	2793	1488	n
3060538	2796	1488	n
3060793	2795	1488	n
3061044	2793	1488	n
3061304	2794	1488	n
3071735	2797	1488	Time:00:00:00:00;;
3072290	2797	1488	n
3072546	2793	1488	n
3072801	2794	1489	n
3073052	2795	1489	n
3073303	2795	1488	n
3083673	2797	1488	n
3083924	2795	1488	n
3084175	2795	1488	n
3084426	2795	1488	n
3084681	2794	1489	n
3084932	2795	1488	n
3095330	2794	1488	n
3095587	2794	1488	n
3095841	2794	1488	n
3096092	2795	1488	n
3096343	2796	1488	n
3096598	2795	1488	n
3096853	2795	1488	n
3107215	2794	1487	n
3107466	2794	1488	n
3107721	2796	1488	n
3107972	2796	1488	n
3108223	2795	1488	n
3108474	2798	1488	n
3118876	2798	1488	n
3119127	2795	1488	n
3119378	2797	1488	n
3119635	2795	1488	n
3119886	2791	1488	n
3120137	2797	1488	n
3120388	2795	1488	n
3130766	2794	1489	n
3131017	2797	1488	n
3131267	2799	1488	n
3131520	2796	1488	n
3131776	2795	1488	n
3132027	2796	1488	n
3142423	2795	1488	n
3142678	2796	1488	n
3142928	2796	1488	n
3143179	2797	1488	n
3143430	2797	1489	n
3143685	2798	1489	n
3143936	2795	1490	n
3154308	2794	1488	n
3154562	2796	1489	n
3154817	2797	1488	n
3155068	2794	1488	n
3155319	2795	1488	n
3155572	2795	1488	n
3165969	2795	1488	n
3166220	2796	1488	n
3166470	2797	1488	n
3166726	2793	1488	n
3166976	2795	1488	n
3167227	2794	1488	n
3167478	2797	1488	n
3177854	2797	1488	n
3178105	2795	1488	n
3178355	2799	1488	n
3178611	2798	1488	n
3178866	2797	1489	n
3179117	2797	1489	n
3189517	2796	1488	n
3189773	2795	1488	n
3190023	2795	1488	n
3190274	2797	1489	n
3190529	2795	1488	n
3190784	2798	1488	n
3191035	2795	1489	n
3201400	2797	1488	n
3201657	2796	1488	n
3201908	2797	1488	n
3202159	2795	1488	n
3202410	2795	1488	n
3202671	2796	1489	n
3213061	2795	1488	n
3213312	2797	1488	n
3213566	2795	1488	n
3213821	2797	1488	n
3214072	2795	1488	n
3214323	2795	1488	n
3214580	2797	1488	n
3224947	2797	1488	n
3225198	2798	1489	n
3225449	2795	1488	n
3225705	2795	1488	n
3225956	2794	1488	n
3226207	2794	1488	n
3236608	2800	1489	n
3236863	2798	1490	n
3237114	2797	1488	n
3237365	2795	1488	n
3237621	2794	1488	n
3237876	2797	1489	n
3238127	2797	1488	n
3248494	2797	1489	n
3248750	2797	1489	n
3249001	2797	1488	n
3249251	2797	1488	n
3249508	2795	1488	n
3249764	2795	1488	n
3260154	2795	1488	n
3260405	2799	1488	n
3260666	2798	1488	n
3260917	2799	1489	n
3261168	2795	1488	n
3261419	2797	1488	n
3261675	2798	1488	n
3272039	2796	1488	n
3272290	2797	1488	n
3272546	2797	1488	n
3272800	2797	1488	n
3273051	2795	1488	n
3273302	2796	1488	n
3283702	2795	1488	n
3283953	2794	1488	n
3284204	2796	1488	n
3284455	2795	1488	n
3284712	2795	1488	n
3284963	2795	1489	n
3285214	2794	1488	n
3295587	2796	1488	n
3295842	2795	1488	n
3296093	2795	1488	n
3296344	2795	1488	n
3296601	2796	1489	n
3296856	2797	1488	n
3307246	2799	1488	n
3307501	2799	1488	n
3307756	2798	1489	n
3308007	2798	1488	n
3308258	2796	1489	n
3308515	2797	1488	n
3308770	2797	1490	n
3319132	2795	1488	n
3319383	2797	1489	n
3319642	2797	1488	n
3319893	2796	1488	n
3320144	2795	1488	n
3320395	2795	1489	n
3330793	2795	1488	n
3331044	2795	1488	n
3331295	2794	1488	n
3331549	2791	1488	n
3331804	2794	1489	n
3332055	2795	1488	n
3332306	2795	1488	n
3342682	2795	1488	n
3342932	2796	1488	n
3343183	2794	1488	n
3343434	2795	1488	n
3343690	2797	1488	n
3343941	2796	1488	n
3354339	2798	1488	n
3354594	2796	1488	n
3354849	2797	1489	n
3355100	2797	1488	n
3355351	2797	1488	n
3355604	2795	1488	n
3355859	2797	1488	n
3366224	2796	1488	n
3366475	2799	1488	n
3366730	2797	1488	n
3366981	2795	1488	n
3367232	2797	1488	n
3367483	2795	1488	n
3377885	2797	1488	n
3378136	2794	1488	n
3378387	2796	1488	n
3378643	2796	1488	n
3378894	2794	1489	n
3379145	2795	1488	n
3379396	2795	1488	n
3389772	2797	1488	n
3390023	2798	1488	n
3390274	2794	1488	n
3390528	2794	1488	n
3390783	2795	1488	n
3391034	2795	1488	n
3401431	2797	1490	n
3401686	2795	1488	n
3401937	2797	1488	n
3402188	2795	1488	n
3402439	2797	1489	n
3402695	2795	1488	n
3402946	2795	1489	n
3413317	2794	1488	n
3413570	2792	1488	n
3413825	2794	1488	n
3414076	2794	1488	n
3414327	2795	1488	n
3414584	2791	1488	n
3424978	2795	1488	n
3425229	2796	1488	n
3425480	2795	1488	n
3425735	2795	1488	n
3425986	2795	1488	n
3426237	2795	1488	n
3426488	2794	1488	n
3436863	2797	1488	n
3437114	2796	1488	n
3437365	2797	1488	n
3437621	2797	1488	n
3437876	2795	1488	n
3438127	2795	1488	n
3448529	2797	1488	n
3448784	2798	1488	n
3449035	2795	1488	n
3449286	2798	1488	n
3449543	2796	1489	n
3449798	2796	1489	n
3450049	2797	1488	n
3460409	2795	1488	n
3460667	2797	1488	n
3460918	2797	1488	n
3461169	2797	1488	n
3461420	2795	1488	n
3461676	2796	1488	n
3472070	2797	1488	n
3472321	2797	1488	n
3472577	2796	1488	n
3472833	2795	1488	n
3473083	2795	1488	n
3473334	2795	1488	n
3473587	2797	1488	n
3483955	2798	1489	n
3484206	2797	1489	n
3484457	2795	1488	n
3484713	2795	1488	n
3484964	2797	1489	n
3485214	2797	1488	n
3495616	2796	1488	n
3495871	2795	1488	n
3496122	2797	1488	n
3496373	2797	1488	n
3496630	2795	1488	n
3496885	2797	1488	n
3497136	2797	1488	n
3507508	2795	1488	n
3507763	2795	1488	n
3508014	2797	1488	n
3508265	2797	1488	n
3508518	2795	1489	n
3508773	2798	1488	n
3519163	2796	1488	n
3519414	2795	1488	n
3519670	2795	1488	n
3519921	2796	1488	n
3520172	2795	1488	n
3520423	2796	1488	n
3520679	2795	1488	n
3531048	2796	1488	n
3531299	2797	1488	n
3531552	2795	1489	n
3531807	2797	1489	n
3532058	2796	1488	n
3532309	2795	1489	n
3542712	2795	1488	n
3542962	2797	1489	n
3543213	2797	1488	n
3543464	2794	1489	n
3543719	2795	1488	n
3543970	2797	1488	n
3544221	2796	1488	n
3554597	2795	1488	n
3554852	2797	1489	n
3555103	2795	1488	n
3555354	2795	1488	n
3555607	2795	1488	n
3555862	2797	1488	n
3566255	2796	1489	n
3566512	2797	1489	n
3566767	2797	1488	n
3567018	2795	1488	n
3567269	2795	1488	n
3567526	2797	1488	n
3567782	2797	1488	n
3578140	2796	1488	n
3578391	2795	1489	n
3578647	2797	1488	n
3578898	2797	1488	n
3579149	2796	1488	n
3579400	2794	1488	n
3589801	2794	1488	n
3590052	2797	1488	n
3590303	2797	1488	n
3590555	2792	1488	n
3590810	2797	1488	n
3591061	2794	1488	n
3591312	2796	1490	n
3601691	2797	1488	n
3601942	2796	1488	n
3602193	2795	1488	n
3602444	2795	1488	n
3602705	2796	1488	n
3602955	2799	1489	n
3613348	2798	1488	n
3613603	2797	1488	n
3613858	2797	1488	n
3614109	2797	1488	n
3614360	2797	1489	n
3614614	2796	1488	n
3614870	2797	1488	n
3625233	2795	1488	n
3625484	2795	1489	n
3625739	2797	1488	n
3625990	2797	1488	n
3626241	2798	1488	n
3626493	2795	1488	n
3636894	2793	1488	n
3637145	2795	1488	n
3637396	2795	1488	n
3637652	2797	1488	n
3637903	2794	1488	n
3638154	2794	1488	n
3638405	2795	1488	n
3648781	2795	1488	n
3649032	2797	1488	n
3649282	2795	1488	n
3649535	2795	1488	n
3649791	2794	1488	n
3650042	2796	1488	n
3660440	2795	1488	n
3660696	2794	1489	n
3660947	2795	1488	n
3661198	2796	1488	n
3661449	2796	1488	n
3661706	2795	1488	n
3661957	2795	1488	n
3672325	2797	1489	n
3672579	2796	1488	n
3672834	2797	1489	n
3673085	2798	1488	n
3673336	2798	1489	n
3673589	2798	1488	n
3683986	2798	1489	n
3684237	2796	1488	n
3684488	2794	1488	n
3684748	2795	1488	n
3684999	2795	1488	n
3685250	2797	1488	n
3685505	2795	1488	n
3695872	2796	1488	n
3696123	2797	1488	n
3696374	2797	1488	n
3696629	2797	1489	n
3696884	2794	1488	n
3697135	2796	1489	n
3707535	2797	1489	n
3707788	2796	1488	n
3708039	2795	1488	n
3708290	2799	1488	n
3708546	2797	1489	n
3708801	2796	1488	n
3709052	2795	1488	n
3719418	2795	1488	n
3719673	2798	1488	n
3719924	2797	1488	n
3720175	2798	1488	n
3720426	2798	1488	n
3720682	2797	1488	n
3731079	2796	1489	n
3731330	2795	1488	n
3731587	2795	1489	n
3731842	2795	1488	n
3732093	2793	1488	n
3732344	2795	1488	n
3732601	2795	1488	n
3742964	2796	1488	n
3743215	2795	1487	n
3743466	2795	1489	n
3743721	2797	1488	n
3743972	2797	1488	n
3744223	2797	1488	n
3754625	2795	1489	n
3754880	2797	1489	n
3755131	2795	1488	n
3755382	2796	1489	n
3755643	2797	1488	n
3755894	2795	1488	n
3756145	2796	1488	n
3766516	2795	1488	n
3766770	2795	1487	n
3767021	2793	1488	n
3767272	2798	1488	n
3767528	2796	1488	n
3767784	2795	1488	n
3778171	2795	1488	n
3778422	2798	1487	n
3778677	2797	1488	n
3778928	2794	1488	n
3779179	2794	1488	n
3779430	2795	1488	n
3779685	2796	1488	n
3790057	2795	1488	n
3790308	2797	1488	n
3790562	2795	1488	n
3790817	2797	1488	n
3791068	2796	1488	n
3791319	2796	1488	n
3801718	2797	1488	n
3801969	2795	1488	n
3802220	2795	1488	n
3802471	2798	1489	n
3802726	2797	1488	n
3802977	2795	1488	n
3803228	2797	1488	n
3813605	2795	1488	n
3813860	2795	1488	n
3814111	2794	1488	n
3814362	2794	1488	n
3814619	2797	1488	n
3814874	2795	1488	n
3825264	2794	1489	n
3825517	2794	1488	n
3825773	2795	1488	n
3826024	2795	1488	n
3826274	2796	1488	n
3826529	2795	1488	n
3826784	2795	1488	n
3837149	2795	1488	n
3837526	2795	1489	n
3837804	2797	1488	n
3838055	2797	1489	n
3838306	2797	1488	n
3838572	2796	1488	n
3849034	2795	1488	n
3849515	2797	1488	n
3849770	2795	1488	n
3850029	2799	1489	n
3850303	2795	1488	n
3850555	2795	1488	n
3850811	2797	1488	n
3861247	2794	1488	Time:00:00:00:00;;
3861975	2796	1488	n
3862226	2795	1488	n
3862485	2795	1488	n
3862765	2795	1488	n
3863016	2794	1488	n
3873425	2796	1488	n
3873914	2796	1488	n
3874187	2794	1488	n
3874438	2795	1488	n
3874694	2795	1488	n
3874945	2797	1488	n
3875227	2797	1488	n
3885646	2796	1488	n
3886120	2797	1488	n
3886371	2795	1489	n
3886662	2796	1488	n
3886913	2796	1488	n
3887164	2796	1488	n
3897593	2797	1489	n
3898107	2795	1488	n
3898358	2797	1488	n
3898614	2794	1488	n
3898869	2793	1488	n
3899151	2794	1487	n
3899402	2794	1487	n
3909806	2794	1489	n
3910284	2795	1488	n
3910569	2794	1488	n
3910824	2796	1488	n
3911075	2795	1488	n
3911326	2795	1488	n
3911611	2795	1488	n
3922001	2797	1489	Time:00:00:00:00;;
3922704	2795	1488	n
3922964	2794	1488	n
3923238	2795	1488	n
3923489	2795	1488	n
3923748	2797	1488	n
3934111	2794	1488	n
3934621	2795	1488	n
3934876	2795	1488	n
3935127	2797	1488	n
3935386	2796	1488	n
3935670	2796	1488	n
3946066	2797	1488	n
3946546	2796	1488	n
3946810	2796	1488	n
3947083	2793	1488	n
3947334	2797	1488	n
3947587	2795	1488	n
3947851	2795	1488	n
3958286	2795	1488	n
3958772	2796	1488	n
3959023	2796	1488	n
3959281	2795	1488	n
3959567	2794	1488	n
3959822	2795	1488	n
3960073	2793	1488	n
3970492	2797	1488	n
3971005	2797	1488	n
3971256	2798	1488	n
3971512	2799	1490	n
3971777	2797	1489	n
3972050	2795	1488	n
3972301	2797	1489	n
3982674	2797	1488	n
3983151	2797	1489	n
3983433	2798	1491	n
3983688	2799	1488	n
3983939	2798	1488	n
3984190	2796	1490	n
3994590	2797	1488	n
3995077	2797	1488	n
3995328	2798	1488	n
3995583	2796	1488	n
3995847	2794	1488	n
3996121	2793	1488	n
3996371	2798	1488	n
4006785	2797	1488	n
4007278	2795	1488	n
4007555	2795	1488	n
4007810	2793	1488	n
4008061	2795	1488	n
4008320	2794	1488	n
4008597	2795	1488	n
4018981	2795	1489	n
4019459	2792	1488	n
4019724	2797	1488	n
4019997	2797	1488	n
4020248	2797	1488	n
4020505	2798	1488	n
4030901	2795	1489	n
4031413	2793	1488	n
4031670	2796	1488	n
4031921	2794	1488	n
4032181	2795	1488	n
4032454	2794	1488	n
4032712	2795	1488	n
4043096	2797	1488	n
4043579	2795	1488	n
4043872	2796	1488	n
4044122	2796	1488	n
4044373	2795	1488	n
4044629	2793	1488	n
4044915	2794	1488	n
4055292	2797	1488	n
4055776	2796	1488	n
4056027	2794	1488	n
4056309	2797	1489	n
4056566	2798	1488	n
4056821	2797	1488	n
4067212	2798	1488	Time:00:00:00:00;;
4067886	2795	1488	n
4068137	2795	1488	n
4068388	2796	1488	n
4068645	2795	1487	n
4068896	2794	1488	n
4079287	2796	1488	n
4079544	2795	1489	n
4079799	2795	1488	n
4080050	2795	1488	n
4080301	2795	1488	n
4080554	2795	1488	n
4080809	2798	1488	n
4091172	2797	1488	n
4091423	2797	1488	n
4091678	2795	1488	n
4091929	2795	1488	n
4092180	2794	1488	n
4092431	2797	1489	n
4102833	2795	1488	n
4103084	2795	1488	n
4103335	2796	1488	n
4103588	2795	1488	n
4103843	2796	1488	n
4104094	2795	1488	n
4104345	2798	1488	n
4114723	2798	1488	n
4114974	2796	1489	n
4115225	2797	1489	n
4115476	2799	1488	n
4115732	2797	1488	n
4115983	2798	1488	n
4126380	2795	1488	n
4126639	2794	1488	n
4126890	2794	1488	n
4127141	2796	1488	n
4127392	2792	1488	n
4127653	2794	1488	n
4127904	2795	1488	n
4138265	2795	1488	n
4138518	2796	1488	n
4138773	2796	1488	n
4139024	2795	1488	n
4139275	2795	1488	n
4139529	2795	1488	n
4149926	2797	1488	n
4150177	2797	1488	n
4150428	2795	1488	n
4150683	2795	1488	n
4150934	2797	1488	n
4151185	2795	1489	n
4151436	2797	1488	n
4161811	2797	1488	n
4162062	2798	1488	n
4162313	2795	1488	n
4162569	2797	1488	n
4162824	2797	1488	n
4163075	2795	1488	n
4173472	2799	1488	n
4173727	2797	1488	n
4173978	2795	1489	n
4174229	2795	1488	n
4174480	2798	1488	n
4174735	2795	1488	n
4174986	2794	1488	n
4185357	2795	1488	n
4185611	2798	1488	n
4185866	2797	1489	n
4186117	2798	1488	n
4186368	2795	1488	n
4186621	2797	1488	n
4197018	2798	1489	n
4197269	2797	1488	n
4197526	2799	1488	n
4197781	2795	1488	n
4198032	2795	1488	n
4198283	2797	1488	n
4198536	2797	1489	n
4208904	2795	1488	n
4209155	2794	1488	n
4209406	2795	1488	n
4209666	2795	1488	n
4209917	2795	1488	n
4210168	2796	1488	n
4220568	2793	1488	n
4220823	2793	1488	n
4221074	2797	1488	n
4221325	2794	1488	n
4221580	2796	1488	n
4221835	2795	1488	n
4222086	2797	1488	n
4232450	2797	1488	n
4232707	2796	1488	n
4232958	2798	1488	n
4233209	2796	1488	n
4233460	2795	1488	n
4233715	2797	1488	n
4244111	2797	1488	n
4244362	2797	1488	n
4244619	2797	1488	n
4244874	2795	1488	n
4245124	2797	1490	n
4245375	2797	1488	n
4245635	2797	1488	n
4255996	2795	1488	n
4256247	2795	1488	n
4256500	2794	1488	n
4256756	2795	1488	n
4257007	2795	1488	n
4257258	2795	1488	n
4267661	2796	1488	n
4267912	2796	1490	n
4268163	2797	1488	n
4268414	2795	1488	n
4268672	2795	1488	n
4268923	2795	1488	n
4269174	2797	1488	n
4279545	2796	1488	n
4279800	2798	1488	n
4280051	2797	1488	n
4280302	2795	1488	n
4280555	2796	1488	n
4280810	2799	1489	n
4291203	2797	1488	n
4291454	2794	1488	n
4291711	2798	1489	n
4291962	2796	1488	n
4292213	2796	1488	n
4292464	2793	1488	n
4292719	2797	1488	n
4303089	2796	1488	n
4303340	2794	1488	n
4303595	2795	1488	n
4303850	2794	1488	n
4304101	2795	1488	n
4304352	2796	1488	n
4314750	2797	1489	n
4315001	2795	1488	n
4315252	2796	1488	n
4315507	2796	1488	n
4315763	2796	1488	n
4316014	2797	1488	n
4316265	2795	1488	n
4326642	2795	1489	n
4326893	2795	1489	n
4327144	2798	1488	n
4327395	2798	1488	n
4327652	2795	1489	n
4327903	2797	1488	n
4338296	2797	1488	n
4338552	2797	1488	n
4338807	2795	1490	n
4339058	2798	1488	n
4339309	2797	1488	n
4339566	2795	1487	n
4339821	2795	1488	n
4350181	2795	1489	n
4350432	2796	1490	n
4350687	2797	1488	n
4350938	2795	1488	n
4351189	2795	1488	n
4351440	2795	1488	n
4361842	2797	1489	n
4362093	2796	1488	n
4362343	2798	1488	n
4362600	2795	1488	n
4362855	2795	1488	n
4363106	2797	1488	n
4363357	2796	1488	n
4373731	2797	1488	n
4373982	2797	1488	n
4374233	2797	1488	n
4374484	2796	1488	n
4374740	2795	1488	n
4374991	2797	1489	n
4385388	2798	1490	n
4385645	2793	1488	n
4385896	2797	1488	n
4386147	2794	1488	n
4386398	2795	1488	n
4386658	2796	1487	n
4386909	2795	1489	n
4397274	2797	1488	n
4397528	2795	1488	n
4397783	2796	1488	n
4398034	2796	1488	n
4398285	2798	1488	n
4398538	2795	1489	n
4408935	2798	1488	n
4409186	2799	1488	n
4409437	2798	1490	n
4409692	2795	1488	n
4409943	2798	1488	n
4410194	2797	1488	n
4410445	2797	1488	n
4420820	2798	1488	n
4421071	2799	1489	n
4421322	2795	1488	n
4421577	2798	1488	n
4421832	2797	1488	n
4422083	2797	1489	n
4432481	2797	1488	n
4432736	2795	1489	n
4432987	2795	1488	n
4433238	2797	1488	n
4433489	2795	1487	n
4433748	2797	1488	n
4433999	2796	1488	n
4444366	2797	1488	n
4444621	2796	1488	n
4444876	2795	1488	n
4445127	2795	1488	n
4445378	2795	1488	n
4445635	2796	1488	n
4456027	2795	1488	n
4456278	2797	1488	n
4456532	2797	1488	n
4456787	2795	1488	n
4457038	2797	1488	n
4457289	2797	1489	n
4457545	2795	1489	n
4467912	2796	1488	n
4468163	2799	1489	n
4468414	2797	1488	n
4468671	2796	1488	n
4468922	2795	1488	n
4469173	2797	1488	n
4479575	2799	1489	n
4479830	2798	1488	n
4480081	2796	1488	n
4480332	2797	1488	n
4480586	2796	1488	n
4480841	2797	1488	n
4481092	2796	1488	n
4491459	2794	1488	n
4491715	2797	1488	n
4491966	2797	1488	n
4492217	2794	1488	n
4492467	2795	1488	n
4492722	2796	1488	n
4503120	2798	1488	n
4503371	2797	1488	n
4503624	2797	1489	n
4503879	2797	1488	n
4504130	2798	1488	n
4504381	2795	1488	n
4504639	2796	1488	n
4515005	2796	1488	n
4515256	2797	1489	n
4515512	2798	1489	n
4515767	2797	1488	n
4516018	2797	1488	n
4516269	2797	1488	n
4526670	2797	1489	n
4526921	2797	1488	n
4527172	2794	1488	n
4527423	2797	1488	n
4527678	2795	1488	n
4527929	2796	1488	n
4528180	2797	1488	n
4538553	2797	1489	n
4538808	2795	1488	n
4539059	2794	1488	n
4539310	2795	1488	n
4539566	2797	1488	n
4539821	2794	1488	n
4550212	2797	1488	n
4550463	2794	1488	n
4550718	2797	1489	n
4550969	2795	1488	n
4551220	2795	1488	n
4551471	2798	1488	n
4551727	2798	1488	n
4562097	2797	1487	n
4562348	2791	1488	n
4562603	2795	1488	n
4562858	2795	1488	n
4563109	2798	1488	n
4563360	2797	1488	n
4573758	2795	1489	n
4574009	2794	1488	n
4574260	2795	1488	n
4574514	2794	1488	n
4574770	2798	1489	n
4575021	2795	1488	n
4575272	2795	1488	n
4585651	2795	1488	n
4585901	2796	1488	n
4586152	2797	1488	n
4586403	2796	1488	n
4586662	2794	1487	n
4586913	2798	1488	n
4597305	2798	1488	n
4597560	2795	1488	n
4597815	2795	1488	n
4598066	2796	1488	n
4598317	2795	1488	n
4598570	2797	1488	n
4598825	2798	1488	n
4609190	2795	1488	n
4609441	2795	1489	n
4609697	2795	1488	n
4609948	2796	1488	n
4610199	2795	1488	n
4610450	2794	1488	n
4620851	2796	1488	n
4621102	2795	1488	n
4621353	2795	1488	n
4621606	2795	1488	n
4621861	2796	1488	n
4622112	2796	1488	n
4622363	2793	1488	n
4632740	2797	1488	n
4632991	2798	1489	n
4633242	2794	1488	n
4633495	2797	1488	n
4633750	2798	1488	n
4634001	2797	1488	n
4644397	2795	1488	n
4644658	2794	1488	n
4644909	2796	1488	n
4645160	2795	1488	n
4645411	2796	1488	n
4645671	2798	1488	n
4645922	2797	1488	n
4656282	2794	1488	n
4656535	2795	1488	n
4656790	2796	1488	n
4657041	2797	1488	n
4657292	2797	1488	n
4657546	2795	1488	n
4667943	2798	1488	n
4668194	2797	1489	n
4668445	2795	1488	n
4668704	2795	1488	n
4668955	2795	1488	n
4669206	2796	1488	n
4669457	2794	1488	n
4679829	2797	1490	n
4680080	2797	1488	n
4680331	2797	1488	n
4680586	2795	1488	n
4680841	2799	1490	n
4681092	2797	1489	n
4691490	2797	1488	n
4691748	2798	1489	n
4691999	2795	1488	n
4692249	2798	1488	n
4692505	2797	1488	n
4692760	2795	1488	n
4693011	2794	1488	n
4703375	2797	1488	n
4703635	2798	1488	n
4703886	2798	1489	n
4704137	2797	1488	n
4704388	2797	1488	n
4704645	2797	1488	n
4715036	2795	1488	n
4715287	2798	1489	n
4715543	2797	1488	n
4715798	2797	1489	n
4716049	2798	1489	n
4716300	2795	1488	n
4716553	2795	1488	n
4726921	2799	1489	n
4727172	2797	1488	n
4727423	2797	1489	n
4727678	2795	1490	n
4727929	2795	1488	n
4728180	2797	1488	n
4738583	2794	1488	n
4738839	2797	1488	n
4739089	2795	1488	n
4739340	2796	1488	n
4739597	2795	1488	n
4739852	2794	1488	n
4740103	2794	1488	n
4750467	2797	1488	n
4750722	2797	1488	n
4750973	2797	1488	n
4751224	2795	1488	n
4751475	2799	1489	n
4751731	2797	1488	n
4762128	2795	1488	n
4762379	2798	1488	n
4762640	2799	1488	n
4762891	2797	1488	n
4763142	2797	1489	n
4763392	2797	1488	n
4763653	2797	1490	n
4774014	2798	1489	n
4774265	2797	1489	n
4774518	2798	1488	n
4774773	2798	1488	n
4775024	2798	1488	n
4775275	2795	1488	n
4785679	2796	1489	n
4785930	2799	1489	n
4786181	2798	1488	n
4786432	2796	1490	n
4786687	2797	1488	n
4786938	2799	1488	n
4787189	2797	1489	n
4797563	2797	1488	n
4797818	2797	1488	n
4798069	2795	1489	n
4798320	2795	1489	n
4798573	2797	1489	n
4798828	2796	1488	n
4809221	2794	1488	n
4809472	2799	1488	n
4809727	2795	1489	n
4809978	2795	1488	n
4810229	2795	1490	n
4810480	2798	1488	n
4810735	2796	1488	n
4821106	2797	1488	n
4821357	2797	1488	n
4821612	2795	1488	n
4821867	2797	1488	n
4822118	2797	1488	n
4822369	2797	1488	n
4832767	2797	1489	n
4833040	2795	1488	n
4833291	2797	1488	n
4833577	2795	1489	n
4833832	2797	1488	n
4834083	2795	1488	n
4834334	2796	1488	n
4844743	2798	1488	n
4845229	2796	1488	n
4845479	2798	1488	n
4845735	2798	1488	n
4845995	2796	1488	n
4846268	2797	1488	n
4856645	2799	1489	Time:00:00:00:00;;
4857345	2799	1488	n
4857621	2799	1489	n
4857876	2798	1488	n
4858127	2797	1488	n
4858387	2799	1488	n
4868829	2797	1489	n
4869305	2798	1488	n
4869560	2795	1488	n
4869824	2797	1488	n
4870098	2798	1488	n
4870349	2799	1488	n
4870603	2799	1488	n
4881015	2795	1488	n
4881526	2796	1488	n
4881781	2796	1488	n
4882032	2796	1489	n
4882283	2797	1488	n
4882569	2795	1488	n
4882824	2797	1488	n
4893211	2795	1488	n
4893695	2796	1488	n
4893977	2798	1489	n
4894228	2797	1489	n
4894479	2799	1488	n
4894734	2798	1488	n
4905131	2798	1488	n
4905621	2795	1489	n
4905876	2797	1488	n
4906127	2797	1489	n
4906386	2799	1491	n
4906670	2798	1489	n
4906921	2799	1489	n
4917326	2797	1488	Time:00:00:00:00;;
4918034	2798	1490	n
4918307	2796	1488	n
4918562	2795	1488	n
4918826	2795	1488	n
4919099	2795	1488	n
4929487	2794	1488	n
4929974	2796	1488	n
4930234	2795	1488	n
4930512	2794	1488	n
4930767	2795	1489	n
4931018	2795	1488	n
4931278	2796	1488	n
4941696	2798	1488	n
4942172	2798	1490	n
4942423	2798	1488	n
4942688	2798	1488	n
4942961	2797	1489	n
4943212	2799	1489	n
4953603	2798	1488	n
4954084	2799	1488	n
4954366	2798	1489	n
4954621	2798	1489	n
4954876	2798	1489	n
4955127	2798	1489	n
4955409	2797	1488	n
4965799	2795	1489	n
4966281	2796	1488	n
4966535	2797	1488	n
4966820	2797	1488	n
4967071	2794	1488	n
4967322	2797	1489	n
4967577	2797	1488	n
4977995	2797	1488	n
4978480	2799	1488	n
4978735	2797	1488	n
4978986	2796	1488	n
4979246	2797	1488	n
4979526	2795	1488	n
4989915	2798	1489	n
4990390	2796	1488	n
4990656	2796	1488	n
4990929	2795	1488	n
4991180	2797	1488	n
4991431	2796	1489	n
4991696	2795	1488	n
5002119	2797	1488	n
5002600	2795	1490	n
5002855	2798	1488	n
5003115	2797	1488	n
5003388	2799	1488	n
5003645	2796	1488	n
5003896	2795	1489	n
5014306	2797	1488	n
5014828	2796	1488	n
5015079	2797	1489	n
5015330	2797	1488	n
5015595	2795	1488	n
5015873	2793	1488	n
5026278	2798	1488	n
5026768	2796	1488	n
5027027	2797	1488	n
5027300	2797	1488	n
5027553	2795	1489	n
5027808	2798	1488	n
5028068	2798	1489	n
5038501	2798	1489	n
5038983	2797	1488	n
5039234	2798	1489	n
5039485	2797	1489	n
5039772	2797	1489	n
5040023	2797	1488	n
5040274	2797	1488	n
5050708	2797	1488	n
5051220	2797	1488	n
5051471	2796	1488	n
5051727	2795	1488	n
5051978	2797	1488	n
5052261	2797	1488	n
5062662	2797	1488	n
5063139	2798	1488	n
5063390	2795	1488	n
5063681	2795	1488	n
5063932	2797	1488	n
5064183	2797	1488	n
5064434	2797	1488	Time:00:00:00:00;;
5075080	2797	1488	n
5075354	2796	1489	n
5075607	2794	1488	n
5075862	2797	1488	n
5076113	2795	1488	n
5076364	2797	1488	n
5086807	2798	1489	n
5087058	2798	1489	n
5087309	2799	1488	n
5087566	2798	1488	n
5087821	2798	1488	n
5088072	2797	1488	n
5098452	2794	1489	n
5098712	2799	1488	n
5098963	2797	1488	n
5099214	2796	1488	n
5099465	2795	1490	n
5099720	2799	1489	n
5099971	2795	1488	n
5110354	2799	1488	n
5110607	2797	1488	n
5110862	2795	1488	n
5111113	2798	1488	n
5111364	2797	1488	n
5111621	2797	1488	n
5121999	2799	1488	n
5122250	2798	1488	n
5122505	2797	1489	n
5122760	2797	1489	n
5123011	2797	1488	n
5123262	2797	1488	n
5123518	2797	1488	n
5133900	2795	1489	n
5134151	2795	1488	n
5134402	2797	1488	n
5134662	2795	1488	n
5134913	2797	1489	n
5135164	2797	1489	n
5145545	2797	1488	n
5145800	2797	1488	n
5146051	2797	1488	n
5146302	2795	1488	n
5146555	2797	1488	n
5146810	2796	1488	n
5147061	2795	1488	n
5157446	2799	1488	n
5157705	2797	1489	n
5157956	2796	1488	n
5158206	2795	1488	n
5158458	2793	1488	n
5158713	2797	1490	n
5169091	2798	1488	n
5169342	2794	1488	n
5169598	2797	1488	n
5169853	2797	1489	n
5170104	2796	1489	n
5170355	2797	1488	n
5170612	2796	1488	n
5180992	2791	1488	n
5181243	2795	1488	n
5181495	2794	1488	n
5181750	2797	1488	n
5182001	2796	1488	n
5182252	2797	1488	n
5192641	2797	1489	n
5192892	2795	1489	n
5193143	2797	1488	n
5193394	2795	1489	n
5193652	2797	1489	n
5193903	2795	1488	n
5194154	2797	1488	n
5204543	2797	1489	n
5204799	2798	1488	n
5205050	2798	1488	n
5205301	2797	1488	n
5205554	2797	1489	n
5205809	2799	1488	n
5216184	2797	1488	n
5216434	2799	1489	n
5216690	2799	1488	n
5216941	2795	1488	n
5217192	2797	1488	n
5217443	2799	1488	n
5217699	2794	1488	n
5228085	2797	1488	n
5228336	2799	1488	n
5228589	2795	1488	n
5228845	2795	1488	n
5229095	2795	1489	n
5229346	2795	1488	n
5239730	2798	1488	n
5239981	2797	1488	n
5240232	2796	1488	n
5240483	2795	1488	n
5240738	2797	1488	n
5240989	2795	1489	n
5241240	2795	1488	n
5251634	2798	1489	n
5251885	2797	1488	n
5252136	2797	1488	n
5252387	2796	1489	n
5252643	2797	1488	n
5252894	2796	1488	n
5263276	2799	1490	n
5263532	2798	1488	n
5263787	2798	1489	n
5264038	2799	1489	n
5264289	2797	1489	n
5264546	2797	1488	n
5264800	2796	1488	n
5275177	2797	1489	n
5275428	2797	1491	n
5275684	2797	1488	n
5275934	2795	1488	n
5276185	2795	1488	n
5276436	2795	1489	n
5286822	2798	1488	n
5287072	2795	1489	n
5287323	2797	1488	n
5287580	2795	1489	n
5287835	2797	1488	n
5288086	2797	1488	n
5288337	2797	1489	n
5298729	2799	1489	n
5298980	2797	1488	n
5299231	2797	1488	n
5299482	2798	1489	n
5299737	2798	1488	n
5299988	2799	1488	n
5310369	2798	1488	n
5310621	2795	1488	n
5310877	2797	1489	n
5311128	2797	1488	n
5311379	2795	1488	n
5311640	2795	1488	n
5311891	2795	1488	n
5322270	2799	1488	n
5322525	2795	1488	n
5322781	2796	1488	n
5323032	2795	1488	n
5323283	2797	1488	n
5323536	2795	1488	n
5333915	2795	1488	n
5334165	2798	1488	n
5334416	2797	1488	n
5334673	2795	1488	n
5334923	2796	1488	n
5335174	2797	1488	n
5335425	2795	1488	n
5345816	2795	1488	n
5346067	2796	1488	n
5346318	2797	1488	n
5346571	2799	1489	n
5346826	2795	1489	n
5347077	2797	1488	n
5357461	2794	1488	n
5357716	2795	1488	n
5357966	2798	1488	n
5358217	2797	1489	n
5358468	2798	1488	n
5358724	2795	1489	n
5358975	2797	1488	n
5369362	2797	1488	n
5369618	2795	1488	n
5369873	2795	1488	n
5370123	2797	1488	n
5370374	2797	1489	n
5370629	2795	1488	n
5381007	2799	1488	n
5381258	2799	1489	n
5381512	2795	1489	n
5381767	2799	1489	n
5382018	2799	1490	n
5382269	2798	1489	n
5382526	2797	1488	n
5392909	2799	1488	n
5393160	2798	1489	n
5393411	2798	1488	n
5393671	2797	1488	n
5393922	2797	1488	n
5394173	2800	1489	n
5404554	2797	1488	n
5404809	2797	1488	n
5405060	2795	1488	n
5405311	2795	1488	n
5405566	2795	1488	n
5405821	2793	1488	n
5406072	2794	1489	n
5416455	2795	1488	n
5416712	2795	1488	n
5416963	2797	1488	n
5417214	2795	1488	n
5417465	2795	1488	n
5417720	2798	1488	n
5428100	2799	1490	n
5428351	2795	1490	n
5428603	2798	1488	n
5428859	2798	1488	n
5429109	2795	1488	n
5429360	2798	1488	n
5429614	2797	1488	n
5440001	2797	1488	n
5440252	2795	1490	n
5440507	2798	1488	n
5440763	2797	1488	n
5441014	2795	1488	n
5441265	2795	1489	n
5451650	2794	1489	n
5451901	2794	1488	n
5452152	2794	1488	n
5452403	2795	1488	n
5452662	2797	1488	n
5452913	2798	1488	n
5453164	2795	1488	n
5463552	2795	1489	n
5463807	2796	1488	n
5464058	2795	1488	n
5464309	2794	1488	n
5464563	2795	1488	n
5464818	2795	1488	n
5475192	2794	1490	n
5475442	2798	1488	n
5475699	2797	1488	n
5475950	2795	1491	n
5476201	2797	1488	n
5476452	2795	1489	n
5476712	2797	1489	n
5487094	2797	1489	n
5487345	2796	1489	n
5487600	2796	1488	n
5487855	2794	1488	n
5488106	2797	1488	n
5488357	2793	1488	n
5498739	2794	1488	n
5498989	2795	1488	n
5499240	2794	1488	n
5499492	2794	1488	n
5499748	2795	1488	n
5499999	2794	1488	n
5500250	2794	1488	n
5510645	2797	1489	n
5510896	2797	1489	n
5511147	2797	1488	n
5511397	2798	1488	n
5511658	2796	1488	n
5511909	2795	1488	n
5522285	2797	1488	n
5522537	2798	1488	n
5522792	2798	1489	n
5523043	2797	1488	n
5523294	2797	1488	n
5523549	2797	1488	n
5523804	2794	1489	n
5534186	2795	1488	n
5534437	2796	1490	n
5534692	2796	1488	n
5534943	2797	1489	n
5535195	2797	1488	n
5535445	2797	1489	n
5545831	2796	1488	n
5546082	2798	1488	n
5546333	2797	1488	n
5546586	2795	1488	n
5546841	2795	1488	n
5547092	2795	1488	n
5547343	2796	1488	n
5557736	2795	1488	n
5557987	2794	1488	n
5558238	2795	1488	n
5558489	2795	1488	n
5558748	2795	1489	n
5558999	2797	1488	n
5569377	2798	1489	n
5569634	2795	1488	n
5569885	2797	1488	n
5570136	2796	1488	n
5570387	2795	1488	n
5570643	2796	1488	n
5570894	2797	1488	n
5581279	2795	1488	n
5581535	2798	1489	n
5581790	2797	1488	n
5582041	2798	1488	n
5582292	2794	1489	n
5582549	2795	1488	n
5592924	2797	1489	n
5593175	2795	1488	n
5593425	2797	1488	n
5593681	2795	1488	n
5593932	2793	1488	n
5594183	2795	1488	n
5594434	2794	1489	n
5604825	2798	1489	n
5605076	2798	1488	n
5605327	2797	1489	n
5605584	2798	1489	n
5605839	2796	1488	n
5606090	2797	1488	n
5616470	2797	1488	n
5616725	2797	1488	n
5616976	2797	1488	n
5617227	2796	1488	n
5617478	2800	1489	n
5617733	2799	1488	n
5617985	2797	1488	n
5628371	2795	1488	n
5628624	2797	1488	n
5628879	2795	1488	n
5629130	2795	1488	n
5629381	2797	1488	n
5629640	2795	1489	n
5640016	2798	1489	n
5640266	2795	1488	n
5640519	2797	1488	n
5640775	2797	1488	n
5641026	2798	1489	n
5641277	2798	1488	n
5641532	2795	1488	n
5651917	2797	1488	n
5652168	2798	1489	n
5652419	2799	1488	n
5652675	2798	1488	n
5652926	2797	1488	n
5653177	2796	1488	n
5663562	2796	1488	n
5663817	2797	1489	n
5664068	2797	1488	n
5664319	2798	1489	n
5664572	2796	1488	n
5664827	2798	1489	n
5665078	2798	1488	n
5675464	2794	1488	n
5675719	2795	1488	n
5675970	2795	1488	n
5676221	2795	1488	n
5676472	2798	1488	n
5676727	2797	1488	n
5687109	2795	1488	n
5687360	2797	1489	n
5687614	2794	1488	n
5687869	2796	1488	n
5688120	2797	1488	n
5688371	2795	1488	n
5688624	2798	1489	n
5699010	2799	1489	n
5699261	2797	1488	n
5699518	2795	1489	n
5699773	2796	1489	n
5700024	2794	1488	n
5700275	2795	1488	n
5710658	2797	1488	n
5710909	2797	1487	n
5711160	2791	1488	n
5711411	2797	1488	n
5711671	2795	1489	n
5711922	2795	1488	n
5712173	2798	1489	n
5722560	2798	1489	n
5722815	2797	1488	n
5723066	2795	1488	n
5723317	2796	1488	n
5723570	2796	1488	n
5723825	2796	1488	n
5734201	2798	1488	n
5734452	2795	1488	n
5734712	2797	1488	n
5734963	2796	1488	n
5735214	2796	1488	n
5735465	2795	1488	n
5735720	2797	1488	n
5746102	2796	1489	n
5746353	2798	1488	n
5746606	2795	1488	n
5746861	2798	1488	n
5747112	2797	1488	n
5747363	2798	1488	n
5757747	2795	1488	n
5757998	2795	1489	n
5758249	2797	1488	n
5758506	2797	1488	n
5758761	2794	1488	n
5759012	2794	1488	n
5759263	2795	1489	n
5769654	2797	1488	n
5769905	2797	1488	n
5770156	2793	1488	n
5770406	2795	1488	n
5770666	2797	1488	n
5770916	2795	1488	n
5781294	2798	1488	n
5781549	2798	1488	n
5781804	2798	1488	n
5782055	2799	1489	n
5782306	2797	1488	n
5782560	2797	1488	n
5782815	2794	1488	n
5793195	2797	1488	n
5793446	2796	1488	n
5793704	2797	1488	n
5793955	2797	1488	n
5794206	2796	1488	n
5794457	2795	1488	n
5804840	2795	1488	n
5805091	2798	1490	n
5805342	2796	1489	n
5805598	2795	1488	n
5805853	2796	1488	n
5806104	2796	1488	n
5806355	2794	1488	n
5816746	2797	1487	n
5816997	2796	1489	n
5817248	2795	1488	n
5817501	2797	1488	n
5817756	2795	1488	n
5818007	2797	1488	n
5828386	2797	1489	n
5828643	2798	1489	n
5828894	2797	1490	n
5829145	2797	1488	n
5829396	2797	1488	n
5829653	2795	1489	n
5829903	2797	1488	n
5840287	2795	1488	n
5840736	2795	1488	n
5841009	2797	1488	n
5841260	2795	1488	n
5841515	2793	1490	n
5841776	2795	1487	n
5842050	2791	1488	n
5852484	2794	1488	n
5852966	2797	1488	n
5853225	2795	1488	n
5853505	2797	1489	n
5853760	2795	1488	n
5854011	2798	1488	n
5864403	2795	1488	Time:00:00:00:00;;
5865133	2796	1488	n
5865384	2795	1488	n
5865651	2795	1488	n
5865924	2797	1489	n
5866175	2797	1488	n
5876569	2798	1488	n
5877058	2796	1489	n
5877331	2798	1489	n
5877586	2797	1488	n
5877841	2795	1488	n
5878101	2795	1488	n
5878375	2795	1488	n
5888763	2797	1488	n
5889239	2794	1488	n
5889490	2795	1488	n
5889778	2794	1488	n
5890029	2795	1488	n
5890280	2797	1488	n
5890535	2795	1488	n
5900956	2797	1488	n
5901441	2794	1488	n
5901698	2797	1488	n
5901948	2797	1488	n
5902230	2795	1490	n
5902481	2797	1488	n
5912876	2797	1488	Time:00:00:00:00;;
5913585	2796	1488	n
5913863	2796	1489	n
5914114	2797	1488	n
5914365	2798	1489	n
5914634	2795	1488	n
5925037	2795	1489	n
5925518	2796	1488	n
5925773	2796	1488	n
5926032	2798	1489	n
5926306	2795	1489	n
5926560	2797	1488	n
5926815	2797	1488	n
5937181	2796	1488	n
5937695	2795	1488	n
5937946	2795	1489	n
5938197	2795	1488	n
5938448	2795	1488	n
5938735	2797	1488	n
5949135	2795	1488	n
5949614	2795	1488	n
5949869	2795	1488	n
5950153	2795	1488	n
5950404	2794	1488	n
5950662	2794	1488	n
5950913	2795	1488	n
5961348	2795	1488	n
5961849	2797	1489	n
5962099	2795	1488	n
5962350	2799	1489	n
5962643	2797	1488	n
5962894	2797	1488	n
5963145	2798	1488	n
5973549	2794	1488	n
5974061	2795	1489	n
5974312	2795	1488	n
5974569	2796	1488	n
5974824	2795	1488	n
5975106	2797	1488	n
5975357	2795	1488	n
5985744	2796	1488	n
5986221	2795	1488	n
5986480	2798	1489	n
5986758	2798	1488	n
5987009	2796	1488	n
5987260	2798	1488	n
5997664	2798	1488	n
5998173	2794	1488	n
5998424	2797	1488	n
5998679	2797	1489	n
5998939	2794	1488	n
5999212	2795	1488	n
5999463	2795	1488	n
6009855	2796	1488	n
6010346	2794	1488	n
6010621	2797	1488	n
6010876	2795	1488	n
6011127	2798	1488	n
6011387	2795	1488	n
6011669	2797	1488	n
6022051	2795	1488	n
6022535	2798	1489	n
6022799	2798	1488	n
6023072	2797	1488	n
6023323	2797	1488	n
6023580	2799	1489	n
6033971	2795	1488	n
6034484	2795	1488	n
6034740	2795	1488	n
6034991	2798	1488	n
6035242	2797	1488	n
6035528	2793	1488	n
6035784	2796	1488	n
6046166	2797	1488	n
6046655	2797	1488	n
6046937	2797	1488	n
6047188	2799	1489	n
6047439	2795	1488	n
6047695	2797	1488	n
6047977	2795	1488	n
6058362	2798	1488	n
6058847	2795	1488	n
6059098	2795	1488	n
6059358	2798	1488	n
6059640	2795	1488	n
6059890	2797	1488	n
6070265	2795	1488	Time:00:00:00:00;;
6070873	2795	1488	n
6071124	2795	1488	n
6071375	2797	1488	n
6071635	2795	1488	n
6071886	2795	1488	n
6082271	2794	1488	n
6082526	2797	1488	n
6082781	2795	1488	n
6083032	2796	1488	n
6083283	2795	1488	n
6083536	2795	1488	n
6083791	2797	1488	n
6094156	2797	1491	n
6094407	2798	1488	n
6094666	2798	1488	n
6094917	2797	1488	n
6095168	2797	1489	n
6095419	2797	1488	n
6105817	2795	1488	n
6106068	2794	1488	n
6106319	2797	1488	n
6106572	2794	1488	n
6106827	2795	1488	n
6107078	2795	1488	n
6107329	2798	1489	n
6117706	2795	1488	n
6117957	2797	1488	n
6118208	2797	1488	n
6118459	2796	1488	n
6118715	2797	1488	n
6118966	2795	1488	n
6129363	2797	1489	n
6129618	2794	1488	n
6129873	2795	1488	n
6130124	2797	1488	n
6130375	2796	1489	n
6130635	2798	1488	n
6130886	2795	1488	n
6141249	2798	1488	n
6141506	2797	1488	n
6141761	2797	1488	n
6142012	2795	1488	n
6142263	2795	1488	n
6142518	2797	1489	n
6152910	2796	1488	n
6153161	2795	1488	n
6153412	2797	1488	n
6153671	2797	1488	n
6153922	2795	1488	n
6154173	2795	1488	n
6154424	2794	1488	n
6164798	2795	1488	n
6165049	2795	1488	n
6165299	2795	1488	n
6165552	2795	1488	n
6165807	2797	1488	n
6166058	2796	1488	n
6176456	2795	1489	n
6176712	2795	1488	n
6176963	2798	1489	n
6177214	2797	1489	n
6177465	2795	1488	n
6177720	2797	1488	n
6177971	2797	1488	n
6188341	2797	1488	n
6188597	2794	1488	n
6188852	2796	1488	n
6189103	2795	1488	n
6189354	2795	1488	n
6189607	2795	1488	n
6200002	2794	1488	n
6200253	2797	1488	n
6200507	2796	1488	n
6200763	2795	1489	n
6201014	2794	1488	n
6201265	2794	1488	n
6201518	2797	1488	n
6211887	2797	1488	n
6212138	2797	1488	n
6212389	2795	1488	n
6212646	2797	1488	n
6212897	2797	1489	n
6213148	2794	1488	n
6223552	2796	1489	n
6223807	2798	1489	n
6224058	2797	1488	n
6224309	2795	1488	n
6224563	2797	1488	n
6224818	2797	1488	n
6225069	2797	1488	n
6235434	2798	1489	n
6235689	2797	1490	n
6235940	2798	1488	n
6236191	2795	1488	n
6236442	2797	1489	n
6236699	2798	1488	n
6247095	2795	1488	n
6247346	2796	1488	n
6247600	2797	1488	n
6247855	2794	1488	n
6248106	2795	1488	n
6248357	2796	1488	n
6248612	2797	1488	n
6258980	2795	1488	n
6259231	2795	1488	n
6259482	2796	1488	n
6259737	2797	1488	n
6259988	2795	1488	n
6260239	2795	1488	n
6270645	2798	1488	n
6270896	2795	1489	n
6271147	2797	1488	n
6271398	2795	1488	n
6271658	2796	1488	n
6271909	2798	1488	n
6272160	2796	1488	n
6282529	2797	1488	n
6282784	2798	1488	n
6283036	2795	1488	n
6283287	2794	1488	n
6283544	2794	1488	n
6283799	2791	1488	n
6294187	2795	1488	n
6294438	2796	1489	n
6294693	2797	1488	n
6294944	2796	1488	n
6295195	2798	1488	n
6295446	2797	1488	n
6295704	2797	1488	n
6306072	2795	1488	n
6306323	2794	1488	n
6306579	2795	1488	n
6306835	2795	1488	n
6307086	2796	1488	n
6307337	2794	1488	n
6317733	2796	1488	n
6317984	2797	1488	n
6318235	2795	1488	n
6318486	2797	1488	n
6318742	2797	1488	n
6318993	2797	1488	n
6319244	2797	1488	n
6329621	2794	1488	n
6329876	2797	1488	n
6330127	2794	1488	n
6330378	2797	1488	n
6330635	2795	1488	n
6330886	2794	1488	n
6341280	2797	1488	n
6341535	2795	1488	n
6341788	2794	1488	n
6342039	2795	1488	n
6342290	2795	1488	n
6342545	2795	1488	n
6342800	2795	1488	n
6353165	2798	1489	n
6353416	2798	1488	n
6353672	2798	1490	n
6353923	2797	1488	n
6354174	2795	1488	n
6354425	2795	1488	n
6364826	2796	1488	n
6365077	2798	1489	n
6365328	2796	1489	n
6365583	2798	1488	n
6365839	2795	1488	n
6366090	2798	1488	n
6366341	2797	1488	n
6376715	2797	1489	n
6376966	2797	1488	n
6377217	2796	1489	n
6377468	2797	1488	n
6377724	2795	1488	n
6377975	2797	1488	n
6388372	2794	1488	n
6388624	2797	1488	n
6388879	2797	1488	n
6389130	2798	1489	n
6389381	2795	1488	n
6389643	2794	1488	n
6389894	2795	1488	n
6400257	2795	1488	n
6400512	2797	1489	n
6400767	2797	1488	n
6401018	2795	1488	n
6401269	2796	1488	n
6401526	2798	1488	n
6411918	2798	1488	n
6412169	2798	1488	n
6412420	2796	1488	n
6412675	2795	1488	n
6412926	2797	1488	n
6413177	2796	1488	n
6413428	2798	1489	n
6423804	2798	1489	n
6424055	2795	1488	n
6424306	2795	1489	n
6424562	2798	1488	n
6424818	2797	1488	n
6425068	2795	1488	n
6435465	2795	1488	n
6435720	2795	1488	n
6435971	2797	1488	n
6436222	2795	1488	n
6436473	2799	1488	n
6436728	2797	1488	n
6436980	2794	1488	n
6447350	2795	1488	n
6447603	2797	1489	n
6447858	2796	1488	n
6448109	2798	1488	n
6448360	2796	1488	n
6448614	2798	1488	n
6459011	2797	1488	n
6459262	2797	1490	n
6459518	2795	1489	n
6459773	2797	1489	n
6460024	2796	1488	n
6460275	2796	1488	n
6460532	2799	1488	n
6470896	2795	1488	n
6471147	2797	1488	n
6471398	2797	1488	n
6471658	2795	1488	n
6471909	2795	1489	n
6472160	2797	1488	n
6482562	2798	1488	n
6482818	2797	1488	n
6483068	2797	1488	n
6483320	2795	1488	n
6483572	2797	1489	n
6483828	2795	1489	n
6484079	2795	1490	n
6494442	2798	1488	n
6494698	2795	1489	n
6494949	2799	1488	n
6495200	2799	1488	n
6495451	2797	1488	n
6495712	2797	1488	n
6506103	2795	1488	n
6506354	2795	1488	n
6506607	2795	1489	n
6506862	2797	1488	n
6507112	2797	1488	n
6507364	2797	1488	n
6507618	2795	1488	n
6517989	2795	1488	n
6518240	2797	1488	n
6518491	2796	1488	n
6518748	2795	1488	n
6518999	2797	1488	n
6519250	2794	1489	n
6529654	2796	1489	n
6529905	2798	1489	n
6530156	2797	1488	n
6530407	2799	1489	n
6530666	2799	1488	n
6530917	2797	1488	n
6531168	2795	1488	n
6541537	2797	1489	n
6541792	2799	1489	n
6542043	2795	1488	n
6542294	2796	1489	n
6542549	2795	1489	n
6542804	2797	1488	n
6553196	2795	1488	n
6553447	2798	1488	n
6553705	2794	1488	n
6553956	2795	1488	n
6554207	2797	1488	n
6554458	2795	1488	n
6554714	2796	1488	n
6565081	2795	1488	n
6565332	2795	1488	n
6565586	2795	1488	n
6565841	2795	1488	n
6566092	2797	1488	n
6566343	2796	1488	n
6576742	2795	1488	n
6576993	2796	1488	n
6577244	2799	1489	n
6577501	2797	1488	n
6577756	2797	1488	n
6578007	2799	1488	n
6578258	2797	1488	n
6588635	2796	1488	n
6588886	2795	1488	n
6589137	2797	1489	n
6589388	2795	1488	n
6589645	2796	1488	n
6589896	2796	1488	n
6600288	2795	1488	n
6600543	2796	1488	n
6600798	2797	1489	n
6601049	2797	1488	n
6601300	2795	1488	n
6601553	2795	1488	n
6601808	2796	1488	n
6612174	2797	1488	n
6612425	2797	1488	n
6612680	2796	1488	n
6612931	2797	1488	n
6613182	2797	1488	n
6613433	2797	1489	n
6623835	2799	1490	n
6624086	2797	1489	n
6624337	2797	1488	n
6624589	2796	1488	n
6624845	2797	1490	n
6625096	2795	1488	n
6625347	2797	1488	n
6635724	2797	1488	n
6635975	2797	1488	n
6636226	2795	1488	n
6636477	2793	1489	n
6636733	2797	1488	n
6636984	2796	1488	n
6647381	2796	1488	n
6647639	2795	1488	n
6647890	2795	1488	n
6648141	2795	1488	n
6648392	2797	1488	n
6648653	2796	1488	n
6648904	2796	1488	n
6659266	2797	1489	n
6659519	2795	1488	n
6659774	2797	1488	n
6660025	2796	1488	n
6660276	2796	1488	n
6660533	2795	1488	n
6670927	2798	1490	n
6671178	2795	1489	n
6671429	2797	1489	n
6671684	2798	1489	n
6671935	2798	1489	n
6672186	2796	1488	n
6672437	2797	1490	n
6682812	2797	1488	n
6683063	2797	1488	n
6683314	2795	1488	n
6683569	2794	1488	n
6683824	2797	1488	n
6684075	2795	1488	n
6694473	2798	1488	n
6694728	2797	1488	n
6694979	2795	1488	n
6695230	2795	1488	n
6695481	2797	1488	n
6695736	2795	1488	n
6695987	2795	1488	n
6706359	2797	1489	n
6706614	2797	1488	n
6706869	2798	1488	n
6707120	2797	1489	n
6707371	2795	1488	n
6707624	2797	1488	n
6718020	2796	1488	n
6718271	2798	1489	n
6718526	2795	1488	n
6718781	2798	1488	n
6719032	2796	1488	n
6719283	2795	1489	n
6719536	2799	1488	n
6729905	2795	1488	n
6730156	2795	1488	n
6730407	2797	1488	n
6730666	2798	1488	n
6730917	2796	1488	n
6731168	2797	1488	n
6741569	2796	1489	n
6741824	2795	1488	n
6742075	2795	1489	n
6742326	2796	1489	n
6742580	2797	1488	n
6742835	2795	1488	n
6743086	2798	1488	n
6753451	2795	1489	n
6753712	2797	1488	n
6753963	2796	1489	n
6754214	2797	1488	n
6754465	2797	1488	n
6754720	2799	1488	n
6765112	2796	1488	n
6765363	2798	1489	n
6765618	2798	1488	n
6765873	2797	1489	n
6766124	2797	1489	n
6766375	2798	1488	n
6766635	2797	1489	n
6776997	2799	1488	n
6777248	2797	1488	n
6777501	2797	1488	n
6777756	2797	1489	n
6778007	2797	1488	n
6778258	2797	1488	n
6788662	2795	1488	n
6788913	2795	1488	n
6789164	2795	1488	n
6789415	2795	1488	n
6789672	2795	1489	n
6789923	2797	1488	n
6790174	2797	1488	n
6800550	2798	1489	n
6800805	2798	1489	n
6801056	2798	1488	n
6801307	2798	1488	n
6801563	2798	1488	n
6801818	2798	1489	n
6812205	2797	1488	n
6812456	2796	1488	n
6812712	2795	1488	n
6812963	2797	1488	n
6813214	2798	1488	n
6813465	2795	1488	n
6813720	2797	1488	n
6824090	2795	1488	n
6824341	2797	1488	n
6824597	2797	1488	n
6824852	2797	1488	n
6825103	2794	1488	n
6825354	2797	1489	n
6835751	2797	1488	n
6836091	2794	1488	n
6836342	2797	1488	n
6836629	2797	1488	n
6836884	2795	1489	n
6837135	2795	1489	n
6837386	2797	1488	n
6847809	2797	1488	n
6848295	2797	1488	n
6848549	2797	1489	n
6848804	2797	1488	n
6849064	2797	1488	n
6849337	2798	1489	n
6859764	2796	1488	Time:00:00:00:00;;
6860463	2793	1488	n
6860740	2796	1488	n
6860991	2797	1488	n
6861242	2796	1488	n
6861508	2797	1488	n
6871959	2796	1488	n
6872436	2795	1489	n
6872691	2795	1488	n
6872951	2795	1488	n
6873224	2795	1490	n
6873475	2798	1488	n
6873731	2794	1488	n
6884171	2799	1489	n
6884684	2797	1489	n
6884935	2799	1488	n
6885186	2797	1488	n
6885446	2798	1488	n
6885727	2799	1488	n
6885978	2797	1489	n
6896367	2797	1489	n
6896861	2799	1488	n
6897137	2797	1489	n
6897388	2797	1489	n
6897645	2798	1488	n
6897904	2798	1488	n
6908322	2797	1488	n
6908810	2797	1488	n
6909061	2795	1489	n
6909321	2797	1488	n
6909601	2796	1488	n
6909856	2795	1488	n
6910107	2799	1488	n
6920465	2794	1488	Time:00:00:00:00;;
6921193	2797	1489	n
6921444	2799	1488	n
6921705	2798	1488	n
6921986	2797	1488	n
6922237	2794	1488	n
6932649	2798	1489	n
6933126	2798	1488	n
6933386	2797	1488	n
6933669	2795	1489	n
6933920	2797	1488	n
6934171	2794	1488	n
6934431	2797	1488	n
6944846	2798	1488	n
6945322	2795	1488	n
6945577	2797	1488	n
6945841	2795	1488	n
6946114	2795	1489	n
6946365	2793	1488	n
6956743	2795	1488	n
6957229	2797	1488	n
6957508	2795	1489	n
6957763	2797	1488	n
6958014	2796	1488	n
6958274	2797	1488	n
6958552	2798	1489	n
6968955	2795	1488	n
6969438	2795	1489	n
6969703	2798	1488	n
6969976	2797	1489	n
6970227	2797	1489	n
6970478	2797	1488	n
6970742	2795	1488	n
6981160	2798	1490	n
6981642	2797	1489	n
6981893	2797	1489	n
6982144	2797	1488	n
6982426	2797	1490	n
6982682	2797	1489	n
6993106	2797	1488	n
6993587	2798	1488	n
6993871	2795	1488	n
6994121	2798	1488	n
6994372	2795	1488	n
6994630	2795	1488	n
6994915	2798	1488	n
7005318	2797	1488	n
7005803	2797	1488	n
7006054	2795	1488	n
7006343	2795	1488	n
7006597	2796	1488	n
7006852	2795	1488	n
7007103	2796	1488	n
7017535	2798	1488	n
7018024	2797	1489	n
7018275	2799	1489	n
7018532	2797	1488	n
7018821	2798	1488	n
7019072	2797	1489	n
7019322	2794	1488	n
7029714	2797	1489	n
7030205	2796	1488	n
7030478	2799	1488	n
7030733	2796	1489	n
7030984	2797	1488	n
7031244	2797	1488	n
7041630	2794	1490	n
7042113	2794	1488	n
7042364	2796	1488	n
7042627	2795	1488	n
7042905	2798	1488	n
7043156	2796	1488	n
7043407	2795	1489	n
7053825	2795	1488	n
7054339	2795	1488	n
7054594	2797	1488	n
7054850	2796	1488	n
7055109	2795	1488	n
7055383	2796	1488	n
7055642	2798	1489	n
7066021	2797	1488	Time:00:00:00:00;;
7066722	2797	1488	n
7066973	2797	1489	n
7067224	2796	1488	n
7067475	2798	1488	n
7077890	2796	1488	n
7078141	2797	1488	n
7078391	2796	1488	n
7078648	2798	1488	n
7078899	2796	1488	n
7079150	2795	1488	n
7079401	2795	1488	n
7089791	2797	1488	n
7090042	2795	1489	n
7090293	2798	1488	n
7090549	2795	1488	n
7090804	2797	1488	n
7091055	2795	1488	n
7101436	2793	1488	n
7101691	2797	1488	n
7101942	2795	1488	n
7102193	2795	1488	n
7102444	2796	1488	n
7102705	2797	1489	n
7102956	2795	1488	n
7113337	2795	1488	n
7113590	2797	1489	n
7113845	2795	1488	n
7114096	2798	1489	n
7114347	2797	1488	n
7114604	2797	1490	n
7124982	2798	1488	n
7125233	2797	1488	n
7125484	2795	1488	n
7125739	2797	1488	n
7125990	2797	1488	n
7126241	2797	1488	n
7126493	2797	1488	n
7136884	2796	1488	n
7137135	2796	1488	n
7137386	2797	1488	n
7137643	2797	1488	n
7137894	2795	1488	n
7138145	2795	1488	n
7148531	2798	1489	n
7148786	2798	1488	n
7149037	2796	1488	n
7149288	2798	1489	n
7149543	2795	1488	n
7149798	2796	1488	n
7150049	2797	1488	n
7160430	2797	1490	n
7160686	2797	1488	n
7160936	2797	1488	n
7161187	2798	1488	n
7161438	2797	1490	n
7161694	2797	1488	n
7172075	2797	1488	n
7172326	2796	1488	n
7172579	2796	1488	n
7172835	2798	1488	n
7173086	2795	1488	n
7173337	2791	1488	n
7173590	2794	1488	n
7183976	2794	1488	n
7184227	2797	1488	n
7184478	2798	1488	n
7184733	2794	1488	n
7184984	2795	1489	n
7185235	2794	1488	n
7195621	2799	1489	n
7195876	2796	1489	n
7196127	2795	1488	n
7196378	2797	1488	n
7196635	2795	1488	n
7196886	2797	1488	n
7197137	2794	1488	n
7207526	2796	1488	n
7207782	2796	1489	n
7208033	2796	1488	n
7208284	2797	1488	n
7208537	2795	1488	n
7208792	2795	1488	n
7219167	2795	1488	n
7219417	2795	1488	n
7219673	2795	1488	n
7219924	2795	1488	n
7220175	2795	1488	n
7220426	2796	1488	n
7220682	2795	1488	n
7231069	2796	1488	n
7231320	2797	1488	n
7231577	2797	1488	n
7231832	2796	1488	n
7232083	2795	1488	n
7232334	2795	1488	n
7242714	2795	1488	n
7242965	2795	1488	n
7243216	2795	1488	n
7243467	2794	1488	n
7243722	2795	1488	n
7243973	2797	1488	n
7244224	2789	1488	n
7254616	2795	1488	n
7254872	2797	1488	n
7255123	2797	1488	n
7255374	2794	1489	n
7255629	2795	1488	n
7255884	2795	1488	n
7266260	2798	1488	n
7266514	2795	1488	n
7266770	2793	1488	n
7267021	2798	1488	n
7267271	2797	1488	n
7267528	2798	1488	n
7267784	2795	1488	n
7278161	2797	1488	n
7278412	2799	1489	n
7278670	2797	1488	n
7278921	2797	1489	n
7279172	2798	1488	n
7279423	2798	1488	n
7289806	2798	1488	n
7290057	2798	1489	n
7290308	2799	1489	n
7290562	2796	1489	n
7290817	2799	1488	n
7291068	2799	1489	n
7291319	2799	1489	n
7301712	2795	1488	n
7301963	2797	1488	n
7302214	2797	1488	n
7302465	2795	1488	n
7302720	2797	1488	n
7302971	2797	1488	n
7313352	2797	1489	n
7313605	2798	1488	n
7313860	2795	1488	n
7314111	2797	1488	n
7314362	2797	1489	n
7314619	2797	1488	n
7314874	2797	1488	n
7325254	2796	1489	n
7325508	2798	1488	n
7325763	2797	1489	n
7326014	2795	1488	n
7326265	2797	1488	n
7326518	2795	1488	n
7336899	2799	1490	n
7337150	2797	1488	n
7337401	2798	1488	n
7337662	2797	1488	n
7337913	2797	1488	n
7338164	2799	1488	n
7338415	2797	1489	n
7348800	2797	1488	n
7349051	2798	1488	n
7349302	2796	1488	n
7349555	2794	1489	n
7349810	2797	1488	n
7350061	2797	1488	n
7360445	2796	1488	n
7360704	2797	1488	n
7360955	2797	1488	n
7361206	2798	1488	n
7361457	2793	1488	n
7361713	2795	1488	n
7361964	2794	1488	n
7372346	2795	1489	n
7372600	2797	1489	n
7372855	2796	1488	n
7373106	2797	1488	n
7373357	2796	1489	n
7373614	2799	1489	n
7383991	2797	1490	n
7384241	2799	1489	n
7384493	2798	1488	n
7384749	2799	1488	n
7385000	2797	1489	n
7385251	2798	1489	n
7385508	2799	1489	n
7395892	2795	1488	n
7396143	2795	1489	n
7396394	2795	1488	n
7396652	2798	1488	n
7396903	2799	1489	n
7397154	2797	1489	n
7407537	2797	1488	n
7407792	2797	1489	n
7408043	2796	1488	n
7408294	2797	1488	n
7408549	2795	1488	n
7408804	2798	1488	n
7409055	2797	1489	n
7419439	2799	1488	n
7419695	2795	1489	n
7419946	2797	1488	n
7420197	2799	1488	n
7420448	2798	1488	n
7420705	2799	1488	n
7431084	2797	1488	n
7431335	2791	1488	n
7431588	2795	1488	n
7431843	2797	1489	n
7432094	2791	1488	n
7432345	2793	1489	n
7432600	2794	1488	n
7442985	2799	1489	n
7443236	2797	1488	n
7443487	2795	1488	n
7443748	2795	1488	n
7443999	2796	1488	n
7444250	2796	1488	n
7454630	2797	1488	n
7454884	2797	1488	n
7455135	2797	1488	n
7455386	2798	1488	n
7455643	2797	1488	n
7455894	2797	1488	n
7456145	2797	1488	n
7466535	2797	1489	n
7466788	2798	1488	n
7467039	2798	1488	n
7467290	2797	1488	n
7467545	2795	1488	n
7467800	2797	1489	n
7478176	2796	1488	n
7478427	2795	1488	n
7478682	2797	1489	n
7478932	2797	1488	n
7479183	2798	1488	n
7479434	2797	1488	n
7479690	2796	1488	n
7490077	2796	1488	n
7490328	2797	1488	n
7490583	2797	1488	n
7490839	2797	1488	n
7491090	2794	1489	n
7491340	2794	1488	n
7501722	2797	1488	n
7501973	2797	1488	n
7502223	2794	1488	n
7502475	2799	1488	n
7502730	2795	1488	n
7502981	2794	1489	n
7503232	2796	1488	n
7513624	2796	1488	n
7513879	2795	1488	n
7514130	2795	1489	n
7514381	2797	1488	n
7514643	2797	1488	n
7514894	2797	1488	n
7525269	2795	1489	n
7525522	2797	1488	n
7525777	2794	1488	n
7526028	2796	1488	n
7526279	2794	1488	n
7526535	2796	1488	n
7526790	2795	1488	n
7537170	2794	1488	n
7537421	2796	1488	n
7537677	2796	1488	n
7537928	2797	1488	n
7538179	2795	1489	n
7538430	2797	1489	n
7548815	2799	1488	n
7549066	2797	1488	n
7549317	2798	1489	n
7549569	2798	1488	n
7549824	2797	1488	n
7550075	2797	1488	n
7550326	2798	1488	n
7560721	2799	1488	n
7560971	2797	1488	n
7561223	2795	1488	n
7561473	2800	1488	n
7561729	2797	1489	n
7561980	2799	1488	n
7572361	2797	1488	n
7572614	2797	1488	n
7572869	2798	1488	n
7573120	2797	1488	n
7573371	2797	1489	n
7573624	2793	1488	n
7573879	2795	1488	n
7584262	2797	1488	n
7584518	2797	1489	n
7584773	2798	1488	n
7585024	2797	1488	n
7585275	2795	1488	n
7585529	2795	1488	n
7595907	2797	1489	n
7596157	2798	1488	n
7596408	2798	1488	n
7596667	2797	1488	n
7596918	2796	1488	n
7597169	2795	1490	n
7597420	2798	1488	n
7607809	2794	1488	n
7608060	2799	1488	n
7608311	2795	1488	n
7608566	2795	1488	n
7608821	2795	1488	n
7609072	2795	1488	n
7619454	2793	1488	n
7619711	2795	1488	n
7619962	2797	1488	n
7620213	2797	1488	n
7620464	2794	1489	n
7620719	2795	1488	n
7620970	2797	1488	n
7631355	2795	1488	n
7631611	2798	1488	n
7631866	2795	1488	n
7632117	2794	1488	n
7632368	2795	1488	n
7632621	2795	1488	n
7643000	2795	1488	n
7643250	2796	1489	n
7643505	2798	1489	n
7643760	2795	1489	n
7644011	2796	1488	n
7644262	2797	1488	n
7644518	2797	1488	n
7654901	2795	1488	n
7655152	2794	1488	n
7655403	2795	1488	n
7655661	2797	1489	n
7655913	2795	1488	n
7656163	2797	1488	n
7666546	2797	1488	n
7666800	2797	1488	n
7667051	2795	1488	n
7667302	2795	1488	n
7667555	2791	1488	n
7667810	2794	1488	n
7668061	2794	1488	n
7678447	2798	1488	n
7678704	2795	1488	n
7678955	2796	1488	n
7679206	2795	1488	n
7679457	2793	1488	n
7679713	2795	1488	n
7690092	2798	1489	n
7690342	2798	1488	n
7690597	2796	1488	n
7690852	2797	1488	n
7691103	2797	1489	n
7691354	2798	1488	n
7691607	2795	1488	n
7701994	2795	1489	n
7702245	2797	1488	n
7702500	2798	1489	n
7702756	2797	1488	n
7703007	2798	1489	n
7703258	2795	1488	n
7713643	2795	1488	n
7713894	2794	1488	n
7714145	2797	1488	n
7714396	2797	1488	n
7714653	2796	1488	n
7714904	2796	1488	n
7715155	2794	1488	n
7725545	2797	1488	n
7725800	2797	1489	n
7726051	2797	1488	n
7726302	2797	1489	n
7726555	2797	1489	n
7726810	2797	1488	n
7737185	2796	1488	n
7737435	2796	1489	n
7737691	2797	1488	n
7737942	2798	1488	n
7738193	2797	1488	n
7738444	2797	1488	n
7738705	2796	1488	n
7749086	2795	1488	n
7749337	2797	1488	n
7749590	2795	1489	n
7749845	2798	1488	n
7750096	2793	1488	n
7750347	2796	1488	n
7760731	2797	1488	n
7760982	2797	1488	n
7761233	2794	1488	n
7761483	2795	1488	n
7761739	2795	1488	n
7761990	2795	1488	n
7762241	2797	1488	n
7772635	2798	1488	n
7772886	2795	1489	n
7773137	2795	1488	n
7773388	2797	1488	n
7773645	2796	1488	n
7773896	2797	1488	n
7784277	2795	1488	n
7784531	2794	1488	n
7784787	2796	1488	n
7785038	2795	1488	n
7785289	2795	1488	n
7785546	2795	1488	n
7785801	2794	1488	n
7796179	2795	1488	n
7796430	2797	1488	n
7796686	2796	1488	n
7796936	2796	1488	n
7797187	2797	1488	n
7797438	2795	1488	n
7807824	2794	1488	n
7808075	2795	1488	n
7808325	2797	1488	n
7808579	2795	1488	n
7808835	2798	1488	n
7809086	2797	1488	n
7809337	2797	1488	n
7819730	2797	1489	n
7819981	2795	1488	n
7820232	2799	1489	n
7820483	2799	1489	n
7820738	2796	1489	n
7820989	2798	1489	n
7831370	2795	1488	n
7831623	2793	1488	n
7831878	2793	1488	n
7832129	2797	1488	n
7832389	2795	1488	n
7832673	2799	1488	n
7832924	2794	1488	n
7843357	2797	1488	n
7843851	2795	1488	n
7844124	2797	1489	n
7844375	2795	1488	n
7844635	2794	1488	n
7844895	2795	1488	n
7845169	2794	1488	n
7855555	2797	1488	n
7856036	2796	1488	n
7856295	2795	1488	Time:00:00:00:00;;
7856794	2796	1488	n
7857045	2795	1488	n
7857304	2797	1489	n
7867728	2797	1489	n
7868204	2797	1488	n
7868455	2796	1488	n
7868720	2799	1489	n
7868994	2797	1488	n
7869245	2795	1488	n
7879639	2796	1488	n
7880115	2795	1488	n
7880397	2794	1488	n
7880658	2798	1489	n
7880909	2797	1489	n
7881160	2795	1489	n
7881442	2794	1488	n
7891830	2796	1488	n
7892307	2794	1488	n
7892563	2797	1488	n
7892847	2795	1488	n
7893098	2797	1489	n
7893349	2797	1488	n
7893603	2795	1488	n
7904026	2798	1488	n
7904518	2799	1488	n
7904773	2796	1488	n
7905024	2798	1489	n
7905284	2797	1489	n
7905563	2797	1489	n
7915946	2799	1488	Time:00:00:00:00;;
7916653	2797	1488	n
7916926	2795	1488	n
7917177	2791	1488	n
7917428	2794	1488	n
7917691	2794	1488	n
7928116	2797	1488	n
7928597	2795	1488	n
7928852	2797	1488	n
7929112	2794	1488	n
7929385	2795	1488	n
7929642	2795	1488	n
7929893	2797	1488	n
7940302	2796	1488	n
7940816	2799	1488	n
7941067	2795	1488	n
7941318	2797	1488	n
7941579	2797	1488	n
7941856	2795	1488	n
7942107	2797	1488	n
7952505	2798	1489	n
7952987	2798	1490	n
7953269	2798	1489	n
7953521	2798	1489	n
7953777	2797	1489	n
7954028	2798	1488	n
7964418	2798	1488	n
7964913	2798	1488	n
7965164	2797	1488	n
7965415	2797	1488	n
7965681	2798	1489	n
7965954	2794	1489	n
7966205	2795	1488	n
7976616	2798	1488	n
7977107	2795	1488	n
7977380	2799	1489	n
7977639	2799	1489	n
7977890	2797	1488	n
7978150	2797	1488	n
7978424	2797	1488	n
7988810	2800	1490	n
7989286	2799	1488	n
7989549	2799	1489	n
7989827	2800	1488	n
7990078	2798	1488	n
7990329	2798	1488	n
8000730	2798	1488	n
8001238	2797	1488	n
8001489	2797	1488	n
8001748	2798	1488	n
8002007	2797	1488	n
8002281	2796	1488	n
8002535	2798	1488	n
8012925	2798	1490	n
8013416	2795	1488	n
8013695	2795	1489	n
8013946	2798	1488	n
8014197	2797	1488	n
8014455	2798	1488	n
8014736	2796	1488	n
8025121	2797	1488	n
8025606	2798	1488	n
8025861	2797	1488	n
8026143	2797	1488	n
8026394	2796	1488	n
8026653	2797	1489	n
8037024	2795	1488	n
8037515	2799	1488	n
8037795	2799	1488	n
8038046	2798	1490	n
8038297	2797	1488	n
8038560	2796	1488	n
8038838	2797	1488	n
8049236	2794	1488	n
8049726	2795	1488	n
8049986	2799	1488	n
8050259	2795	1489	n
8050515	2797	1488	n
8050770	2797	1488	n
8051030	2795	1489	n
8061441	2797	1488	n
8061924	2798	1488	n
8062175	2798	1489	n
8062435	2797	1489	n
8062713	2797	1488	n
8062964	2797	1488	n
8073387	2799	1488	Time:00:00:00:00;;
8073928	2797	1488	n
8074179	2797	1489	n
8074430	2797	1489	n
8074684	2795	1488	n
8074935	2795	1489	n
8085341	2798	1489	n
8085597	2797	1489	n
8085852	2798	1488	n
8086103	2798	1489	n
8086354	2798	1489	n
8086607	2798	1488	n
8086862	2799	1489	n
8097226	2797	1489	n
8097477	2799	1489	n
8097732	2797	1488	n
8097983	2799	1488	n
8098234	2796	1488	n
8098485	2794	1489	n
8108887	2797	1489	n
8109138	2795	1488	n
8109389	2797	1488	n
8109646	2797	1488	n
8109897	2797	1488	n
8110148	2797	1488	n
8110399	2796	1489	n
8120776	2798	1489	n
8121027	2797	1488	n
8121278	2797	1489	n
8121535	2799	1488	n
8121791	2798	1489	n
8122042	2797	1490	n
8132433	2798	1490	n
8132688	2797	1489	n
8132939	2797	1489	n
8133190	2799	1488	n
8133441	2797	1489	n
8133697	2798	1488	n
8133948	2798	1489	n
8144319	2795	1488	n
8144572	2796	1488	n
8144827	2795	1489	n
8145078	2798	1488	n
8145329	2795	1488	n
8145584	2794	1488	n
8155980	2798	1488	n
8156231	2798	1488	n
8156482	2798	1489	n
8156737	2796	1488	n
8156988	2798	1488	n
8157239	2797	1488	n
8157490	2798	1490	n
8167865	2798	1488	n
8168116	2798	1488	n
8168367	2799	1488	n
8168621	2798	1489	n
8168876	2798	1489	n
8169127	2799	1489	n
8179529	2797	1489	n
8179784	2797	1488	n
8180035	2798	1488	n
8180286	2797	1488	n
8180543	2797	1488	n
8180799	2797	1488	n
8181050	2796	1489	n
8191411	2796	1488	n
8191671	2795	1488	n
8191922	2796	1490	n
8192173	2797	1488	n
8192424	2798	1488	n
8192679	2797	1488	n
8203072	2797	1488	n
8203323	2797	1488	n
8203580	2796	1488	n
8203835	2797	1488	n
8204086	2796	1488	n
8204337	2797	1488	n
8204590	2797	1488	n
8214957	2797	1488	n
8215208	2799	1488	n
8215459	2796	1488	n
8215715	2799	1488	n
8215966	2799	1489	n
8216217	2798	1489	n
8226618	2798	1488	n
8226873	2795	1490	n
8227124	2797	1489	n
8227375	2797	1488	n
8227635	2797	1488	n
8227886	2795	1488	n
8228137	2798	1488	n
8238507	2797	1488	n
8238763	2797	1488	n
8239014	2797	1488	n
8239265	2797	1488	n
8239518	2798	1489	n
8239773	2797	1488	n
8250165	2797	1488	n
8250416	2798	1488	n
8250672	2798	1488	n
8250923	2799	1488	n
8251174	2797	1488	n
8251425	2799	1488	n
8251680	2799	1488	n
8262050	2799	1489	n
8262301	2798	1488	n
8262554	2799	1488	n
8262809	2795	1488	n
8263060	2798	1489	n
8263311	2797	1488	n
8273715	2798	1489	n
8273966	2795	1488	n
8274217	2797	1488	n
8274468	2797	1488	n
8274723	2797	1488	n
8274974	2799	1489	n
8275225	2797	1488	n
8285600	2798	1488	n
8285855	2797	1488	n
8286106	2797	1488	n
8286357	2798	1489	n
8286614	2797	1488	n
8286869	2795	1488	n
8297257	2797	1488	n
8297511	2797	1488	n
8297767	2798	1488	n
8298018	2795	1488	n
8298269	2798	1488	n
8298521	2795	1491	n
8298777	2798	1488	n
8309142	2797	1489	n
8309393	2795	1488	n
8309652	2797	1490	n
8309903	2798	1488	n
8310154	2798	1489	n
8310405	2798	1488	n
8320803	2798	1488	n
8321054	2796	1489	n
8321305	2796	1489	n
8321560	2798	1489	n
8321815	2798	1489	n
8322066	2795	1488	n
8322317	2797	1488	n
8332693	2795	1488	n
8332944	2797	1488	n
8333195	2797	1488	n
8333446	2797	1488	n
8333704	2799	1489	n
8333955	2797	1488	n
8344350	2797	1489	n
8344603	2799	1489	n
8344858	2798	1489	n
8345109	2799	1489	n
8345360	2799	1488	n
8345614	2796	1488	n
8345869	2799	1489	n
8356235	2795	1488	n
8356486	2796	1488	n
8356742	2797	1488	n
8356993	2795	1490	n
8357244	2798	1488	n
8357501	2798	1490	n
8367896	2796	1489	n
8368147	2797	1488	n
8368398	2794	1488	n
8368658	2797	1488	n
8368909	2798	1488	n
8369160	2796	1488	n
8369411	2798	1488	n
8379785	2797	1488	n
8380035	2796	1488	n
8380286	2796	1488	n
8380543	2796	1488	n
8380799	2797	1488	n
8381050	2796	1488	n
8391442	2797	1488	n
8391698	2798	1488	n
8391949	2795	1488	n
8392200	2798	1488	n
8392451	2795	1488	n
8392712	2795	1489	n
8392963	2797	1489	n
8403327	2794	1488	n
8403583	2793	1488	n
8403839	2795	1489	n
8404090	2795	1488	n
8404341	2797	1488	n
8404597	2797	1488	n
8414988	2797	1488	n
8415239	2795	1488	n
8415490	2795	1488	n
8415747	2796	1489	n
8415998	2797	1488	n
8416249	2795	1488	n
8416505	2796	1488	n
8426874	2797	1490	n
8427125	2797	1488	n
8427376	2797	1488	n
8427635	2799	1488	n
8427886	2798	1489	n
8428137	2798	1488	n
8438537	2796	1488	n
8438792	2797	1488	n
8439043	2798	1488	n
8439294	2797	1488	n
8439549	2797	1488	n
8439804	2796	1488	n
8440055	2798	1489	n
8450420	2798	1488	n
8450675	2797	1488	n
8450926	2796	1488	n
8451177	2797	1490	n
8451428	2795	1488	n
8451684	2796	1489	n
8462081	2795	1488	n
8462332	2797	1489	n
8462586	2798	1488	n
8462841	2798	1488	n
8463092	2795	1488	n
8463343	2796	1488	n
8463597	2795	1488	n
8473966	2797	1488	n
8474217	2799	1489	n
8474468	2797	1489	n
8474723	2795	1489	n
8474974	2798	1489	n
8475225	2798	1489	n
8485627	2798	1488	n
8485882	2798	1490	n
8486133	2798	1488	n
8486384	2795	1488	n
8486642	2798	1488	n
8486893	2797	1488	n
8487144	2795	1488	n
8497518	2798	1488	n
8497773	2795	1488	n
8498024	2797	1488	n
8498275	2795	1488	n
8498532	2795	1488	n
8498787	2797	1488	n
8509173	2795	1488	n
8509424	2795	1488	n
8509679	2797	1488	n
8509930	2797	1488	n
8510181	2795	1488	n
8510432	2795	1490	n
8510687	2795	1488	n
8521059	2795	1488	n
8521310	2796	1488	n
8521566	2796	1488	n
8521822	2797	1488	n
8522072	2796	1488	n
8522323	2795	1489	n
8532722	2795	1489	n
8532973	2797	1488	n
8533224	2799	1489	n
8533475	2799	1488	n
8533731	2797	1488	n
8533982	2797	1488	n
8534233	2795	1488	n
8544607	2797	1489	n
8544862	2798	1488	n
8545113	2797	1488	n
8545364	2795	1488	n
8545618	2797	1488	n
8545873	2798	1488	n
8556266	2797	1488	n
8556519	2797	1488	n
8556773	2799	1488	n
8557024	2798	1488	n
8557275	2797	1489	n
8557532	2797	1488	n
8557787	2798	1488	n
8568151	2797	1489	n
8568402	2798	1489	n
8568662	2798	1489	n
8568913	2797	1489	n
8569164	2797	1489	n
8569415	2797	1488	n
8579812	2797	1488	n
8580063	2795	1488	n
8580314	2795	1488	n
8580569	2794	1488	n
8580824	2797	1488	n
8581074	2795	1488	n
8581325	2795	1488	n
8591701	2795	1488	n
8591952	2797	1488	n
8592203	2796	1488	n
8592454	2795	1488	n
8592712	2797	1488	n
8592963	2797	1489	n
8603358	2799	1488	n
8603614	2799	1488	n
8603869	2797	1488	n
8604120	2795	1488	n
8604371	2795	1488	n
8604624	2795	1488	n
8604879	2798	1488	n
8615244	2798	1488	n
8615501	2797	1490	n
8615756	2797	1489	n
8616007	2797	1488	n
8616258	2797	1488	n
8616515	2799	1488	n
8626905	2797	1488	n
8627156	2797	1489	n
8627407	2798	1488	n
8627665	2797	1488	n
8627916	2795	1488	n
8628167	2797	1488	n
8628418	2797	1488	n
8638792	2797	1488	n
8639043	2797	1488	n
8639294	2796	1489	n
8639549	2796	1488	n
8639804	2797	1489	n
8640055	2796	1489	n
8650451	2797	1488	n
8650712	2796	1488	n
8650963	2797	1488	n
8651214	2796	1489	n
8651465	2796	1489	n
8651720	2798	1488	n
8651971	2795	1488	n
8662336	2800	1488	n
8662589	2797	1488	n
8662844	2797	1488	n
8663095	2797	1488	n
8663346	2797	1489	n
8663601	2796	1488	n
8673997	2794	1487	n
8674248	2796	1488	n
8674501	2795	1489	n
8674756	2795	1489	n
8675007	2799	1488	n
8675258	2795	1488	n
8675515	2797	1489	n
8685882	2798	1488	n
8686133	2797	1488	n
8686384	2797	1488	n
8686642	2798	1488	n
8686893	2797	1488	n
8687144	2794	1488	n
8697546	2797	1488	n
8697801	2798	1488	n
8698052	2797	1488	n
8698303	2798	1488	n
8698555	2796	1488	n
8698811	2797	1488	n
8699062	2796	1488	n
8709429	2797	1488	n
8709684	2798	1488	n
8709935	2795	1488	n
8710186	2798	1488	n
8710437	2795	1488	n
8710692	2795	1489	n
8721090	2797	1489	n
8721341	2796	1488	n
8721597	2797	1488	n
8721852	2799	1488	n
8722103	2797	1488	n
8722354	2797	1488	n
8722607	2795	1488	n
8732975	2794	1488	n
8733226	2794	1488	n
8733477	2797	1488	n
8733732	2795	1488	n
8733983	2795	1488	n
8734234	2794	1488	n
8744640	2796	1488	n
8744891	2797	1488	n
8745142	2798	1488	n
8745393	2796	1488	n
8745653	2794	1488	n
8745904	2795	1488	n
8746155	2795	1488	n
8756526	2794	1488	n
8756781	2794	1488	n
8757032	2795	1488	n
8757283	2794	1488	n
8757536	2794	1488	n
8757791	2794	1488	n
8768182	2795	1488	n
8768433	2795	1489	n
8768688	2794	1488	n
8768939	2794	1488	n
8769190	2796	1488	n
8769441	2794	1488	n
8769697	2795	1488	n
8780067	2797	1487	n
8780318	2795	1488	n
8780571	2795	1488	n
8780826	2797	1488	n
8781077	2797	1489	n
8781328	2797	1488	n
8791729	2794	1488	n
8791980	2795	1488	n
8792231	2795	1489	n
8792481	2797	1488	n
8792737	2796	1488	n
8792988	2795	1488	n
8793239	2794	1488	n
8803618	2791	1488	n
8803873	2793	1488	n
8804124	2794	1488	n
8804375	2795	1487	n
8804635	2794	1487	n
8804886	2791	1488	n
8815275	2791	1488	n
8815529	2795	1488	n
8815784	2794	1488	n
8816035	2795	1488	n
8816286	2793	1488	n
8816543	2795	1488	n
8816798	2795	1488	n
8827160	2793	1488	n
8827411	2791	1487	n
8827671	2794	1488	n
8827922	2795	1488	n
8828173	2795	1488	n
8828424	2795	1487	n
8838821	2795	1488	n
8839229	2795	1488	n
8839480	2796	1488	n
8839766	2793	1488	n
8840017	2792	1488	n
8840269	2794	1488	n
8840521	2795	1488	n
8850948	2793	1488	n
8851433	2794	1488	n
8851689	2794	1488	n
8851940	2795	1488	n
8852200	2795	1488	n
8852473	2796	1487	n
8852729	2795	1488	n
8863126	2794	1488	Time:00:00:00:00;;
8863835	2795	1488	n
8864109	2793	1488	n
8864360	2793	1488	n
8864623	2795	1488	n
8875012	2795	1488	n
8875488	2794	1488	n
8875747	2794	1488	n
8876007	2796	1488	n
8876280	2794	1488	n
8876535	2794	1488	n
8876790	2793	1488	n
8887155	2794	1488	n
8887673	2796	1488	n
8887924	2795	1488	n
8888175	2791	1488	n
8888426	2793	1488	n
8888712	2798	1488	n
8888963	2791	1488	n
8899351	2793	1488	n
8899838	2795	1488	n
8900120	2795	1487	n
8900371	2795	1488	n
8900624	2795	1488	n
8900879	2791	1488	n
8911306	2795	1488	n
8911800	2795	1488	n
8912051	2794	1488	n
8912302	2791	1488	n
8912566	2791	1488	Time:00:00:00:00;;
8913060	2794	1488	n
8923432	2795	1489	n
8923921	2795	1488	n
8924195	2794	1487	n
8924445	2794	1488	n
8924704	2795	1488	n
8924964	2794	1488	n
8925238	2794	1488	n
8935627	2793	1488	n
8936109	2793	1488	n
8936368	2794	1488	n
8936648	2791	1488	n
8936899	2795	1488	n
8937150	2791	1488	n
8937409	2795	1487	n
8947833	2794	1488	n
8948308	2793	1488	n
8948562	2795	1488	n
8948817	2794	1488	n
8949099	2795	1488	n
8949350	2794	1487	n
8959726	2794	1488	n
8960210	2795	1487	n
8960470	2796	1488	n
8960748	2793	1488	n
8960999	2795	1488	n
8961250	2794	1488	n
8961516	2795	1488	n
8971939	2795	1488	n
8972416	2794	1487	n
8972672	2795	1488	n
8972932	2794	1488	n
8973206	2794	1488	n
8973457	2794	1488	n
8973713	2794	1488	n
8984135	2793	1488	n
8984652	2793	1488	n
8984903	2791	1488	n
8985155	2795	1488	n
8985414	2795	1488	n
8985694	2791	1488	n
8996090	2794	1488	n
8996569	2794	1488	n
8996832	2794	1488	n
8997108	2792	1487	n
8997359	2791	1488	n
8997615	2795	1488	n
8997879	2795	1488	n
9008302	2794	1488	n
9008789	2795	1488	n
9009040	2791	1488	n
9009300	2791	1488	n
9009577	2795	1488	n
9009832	2795	1488	n
9010083	2793	1488	n
9020446	2795	1488	n
9020962	2794	1488	n
9021213	2791	1488	n
9021464	2789	1488	n
9021719	2790	1488	n
9022002	2787	1488	n
9032400	2795	1488	n
9032889	2793	1488	n
9033140	2791	1489	n
9033423	2795	1488	n
9033679	2794	1488	n
9033930	2795	1488	n
9034181	2791	1488	n
9044613	2795	1487	n
9045107	2794	1488	n
9045358	2794	1488	n
9045614	2793	1488	n
9045901	2794	1488	n
9046152	2795	1488	n
9046403	2796	1488	n
9056809	2795	1488	n
9057318	2797	1488	n
9057571	2795	1488	n
9057826	2797	1488	n
9058077	2795	1488	n
9058359	2795	1488	n
9058615	2797	1488	n
9069005	2793	1488	Time:00:00:00:00;;
9069637	2794	1488	n
9069888	2793	1488	n
9070139	2794	1488	n
9070390	2791	1488	n
9080804	2793	1488	n
9081055	2793	1488	n
9081306	2794	1488	n
9081562	2791	1488	n
9081818	2793	1488	n
9082068	2794	1488	n
9082319	2793	1487	n
9092694	2794	1488	n
9092945	2793	1488	n
9093196	2795	1488	n
9093447	2794	1488	n
9093705	2794	1488	n
9093956	2791	1488	n
9104351	2795	1488	n
9104604	2795	1488	n
9104859	2795	1488	n
9105110	2796	1488	n
9105361	2797	1488	n
9105615	2795	1489	n
9105870	2797	1488	n
9116235	2797	1488	n
9116486	2795	1488	n
9116742	2794	1488	n
9116993	2794	1488	n
9117244	2795	1488	n
9117501	2794	1488	n
9127897	2795	1488	n
9128148	2795	1488	n
9128399	2795	1488	n
9128658	2793	1488	n
9128909	2795	1488	n
9129160	2795	1488	n
9129411	2795	1487	n
9139781	2797	1488	n
9140032	2797	1488	n
9140283	2797	1488	n
9140536	2797	1488	n
9140791	2793	1487	n
9141042	2795	1488	n
9151443	2795	1487	n
9151699	2794	1488	n
9151950	2795	1488	n
9152201	2795	1488	n
9152452	2794	1488	n
9152712	2795	1488	n
9152963	2795	1488	n
9163327	2794	1488	n
9163584	2795	1488	n
9163840	2794	1488	n
9164091	2791	1488	n
9164342	2794	1487	n
9164598	2795	1488	n
9174989	2794	1488	n
9175240	2797	1488	n
9175491	2794	1488	n
9175747	2794	1488	n
9175998	2793	1488	n
9176249	2793	1488	n
9176505	2794	1488	n
9186874	2795	1488	n
9187125	2794	1488	n
9187376	2793	1488	n
9187634	2794	1488	n
9187885	2795	1488	n
9188136	2795	1488	n
9198538	2794	1488	n
9198793	2795	1488	n
9199044	2795	1488	n
9199295	2791	1488	n
9199552	2795	1488	n
9199807	2797	1488	n
9200058	2795	1488	n
9210420	2794	1488	n
9210675	2793	1488	n
9210927	2795	1488	n
9211177	2794	1488	n
9211428	2795	1488	n
9211684	2794	1488	n
9222082	2792	1488	n
9222333	2793	1488	n
9222586	2795	1488	n
9222841	2793	1488	n
9223092	2795	1488	n
9223343	2795	1488	n
9223597	2796	1489	n
9233966	2797	1488	n
9234217	2795	1488	n
9234468	2797	1488	n
9234724	2795	1488	n
9234975	2797	1488	n
9235226	2795	1488	n
9245628	2794	1488	n
9245883	2793	1488	n
9246134	2794	1488	n
9246385	2793	1488	n
9246642	2794	1488	n
9246893	2793	1488	n
9247144	2795	1488	n
9257518	2794	1488	n
9257773	2793	1488	n
9258024	2791	1488	n
9258275	2794	1488	n
9258532	2795	1488	n
9258787	2796	1488	n
9269174	2795	1488	n
9269425	2795	1488	n
9269680	2794	1488	n
9269931	2795	1488	n
9270182	2795	1488	n
9270433	2796	1490	n
9270688	2796	1489	n
9281059	2797	1488	n
9281310	2795	1488	n
9281566	2795	1488	n
9281821	2797	1488	n
9282072	2796	1488	n
9282323	2795	1488	n
9292721	2794	1488	n
9292972	2795	1488	n
9293223	2794	1487	n
9293474	2798	1488	n
9293729	2793	1488	n
9293980	2795	1488	n
9294231	2796	1488	n
9304608	2795	1488	n
9304863	2795	1487	n
9305114	2795	1487	n
9305365	2795	1488	n
9305621	2791	1488	n
9305877	2794	1488	n
9316267	2793	1488	n
9316520	2794	1488	n
9316775	2795	1488	n
9317026	2793	1488	n
9317277	2796	1488	n
9317532	2794	1488	n
9317788	2794	1487	n
9328151	2797	1488	n
9328402	2795	1488	n
9328662	2794	1488	n
9328913	2795	1488	n
9329164	2795	1488	n
9329415	2793	1487	n
9339813	2795	1488	n
9340064	2795	1488	n
9340315	2795	1488	n
9340569	2795	1488	n
9340824	2796	1488	n
9341075	2795	1487	n
9341326	2791	1488	n
9351701	2794	1488	n
9351952	2794	1488	n
9352203	2795	1488	n
9352454	2793	1488	n
9352712	2796	1488	n
9352963	2794	1488	n
9363359	2797	1488	n
9363614	2796	1488	n
9363869	2797	1488	n
9364120	2795	1488	n
9364371	2795	1488	n
9364624	2795	1487	n
9364879	2795	1488	n
9375244	2793	1488	n
9375501	2789	1487	n
9375756	2795	1488	n
9376007	2793	1488	n
9376258	2794	1488	n
9376515	2793	1488	n
9386906	2794	1488	n
9387157	2795	1488	n
9387408	2794	1488	n
9387666	2794	1488	n
9387917	2797	1488	n
9388168	2794	1488	n
9388419	2794	1488	n
9398790	2796	1488	n
9399041	2795	1489	n
9399292	2797	1488	n
9399549	2797	1488	n
9399804	2799	1488	n
9400055	2797	1488	n
9410452	2795	1488	n
9410712	2796	1488	n
9410963	2796	1488	n
9411213	2796	1488	n
9411464	2794	1488	n
9411719	2793	1488	n
9411970	2796	1488	n
9422336	2795	1488	n
9422589	2794	1488	n
9422845	2794	1488	n
9423096	2797	1488	n
9423347	2795	1488	n
9423604	2795	1488	n
9433998	2794	1488	n
9434249	2794	1488	n
9434506	2795	1488	n
9434761	2793	1488	n
9435012	2793	1488	n
9435263	2797	1488	n
9435518	2795	1488	n
9445882	2795	1488	n
9446133	2796	1488	n
9446384	2795	1488	n
9446642	2795	1488	n
9446893	2794	1489	n
9447144	2795	1488	n
9457549	2794	1488	n
9457804	2794	1488	n
9458055	2797	1488	n
9458306	2795	1488	n
9458563	2795	1488	n
9458818	2795	1488	n
9459069	2794	1488	n
9469429	2791	1488	n
9469684	2795	1488	n
9469935	2795	1488	n
9470186	2794	1488	n
9470437	2793	1488	n
9470693	2794	1488	n
9481091	2796	1488	n
9481342	2795	1488	n
9481597	2794	1488	n
9481853	2795	1488	n
9482104	2795	1488	n
9482355	2794	1488	n
9482612	2795	1488	n
9492975	2796	1489	n
9493226	2794	1488	n
9493477	2798	1488	n
9493733	2796	1488	n
9493984	2797	1488	n
9494235	2797	1488	n
9504641	2796	1489	n
9504892	2798	1488	n
9505143	2795	1488	n
9505394	2797	1488	n
9505652	2797	1488	n
9505903	2795	1488	n
9506154	2794	1488	n
9516525	2796	1489	n
9516781	2794	1488	n
9517032	2795	1488	n
9517283	2795	1488	n
9517536	2796	1488	n
9517791	2793	1488	n
9528183	2795	1488	n
9528434	2795	1489	n
9528689	2793	1488	n
9528940	2796	1488	n
9529191	2794	1488	n
9529442	2794	1488	n
9529699	2795	1488	n
9540067	2798	1488	n
9540318	2796	1488	n
9540572	2795	1488	n
9540827	2796	1489	n
9541078	2796	1488	n
9541329	2795	1488	n
9551729	2794	1488	n
9551980	2799	1488	n
9552231	2795	1488	n
9552482	2795	1488	n
9552737	2794	1487	n
9552988	2793	1488	n
9553239	2795	1488	n
9563616	2795	1488	n
9563872	2797	1488	n
9564123	2797	1488	n
9564373	2796	1488	n
9564629	2795	1487	n
9564884	2795	1488	n
9575276	2794	1488	n
9575532	2796	1488	n
9575787	2794	1488	n
9576038	2795	1488	n
9576289	2795	1488	n
9576545	2796	1488	n
9576800	2796	1488	n
9587160	2796	1488	n
9587411	2795	1488	n
9587672	2795	1488	n
9587923	2796	1488	n
9588174	2795	1489	n
9588425	2796	1488	n
9598822	2796	1488	n
9599073	2794	1488	n
9599324	2794	1488	n
9599579	2794	1488	n
9599835	2795	1488	n
9600086	2795	1488	n
9600337	2795	1488	n
9610711	2795	1488	n
9610962	2795	1488	n
9611213	2795	1488	n
9611464	2794	1488	n
9611719	2795	1488	n
9611970	2795	1488	n
9622368	2794	1488	n
9622621	2797	1488	n
9622876	2794	1488	n
9623127	2796	1488	n
9623378	2793	1488	n
9623639	2795	1488	n
9623890	2797	1487	n
9634252	2794	1488	n
9634508	2797	1488	n
9634763	2797	1488	n
9635014	2796	1488	n
9635265	2797	1488	n
9635518	2794	1488	n
9645914	2796	1488	n
9646165	2795	1488	n
9646415	2794	1488	n
9646672	2794	1488	n
9646923	2798	1489	n
9647174	2797	1488	n
9647425	2797	1488	n
9657799	2795	1488	n
9658050	2795	1488	n
9658301	2796	1488	n
9658555	2794	1487	n
9658810	2794	1488	n
9659061	2795	1488	n
9669461	2793	1488	n
9669716	2796	1488	n
9669967	2794	1488	n
9670218	2797	1488	n
9670469	2795	1489	n
9670724	2797	1488	n
9670975	2797	1488	n
9681345	2796	1488	n
9681600	2796	1488	n
9681855	2795	1488	n
9682106	2797	1488	n
9682357	2796	1488	n
9682614	2796	1488	n
9693007	2795	1488	n
9693258	2796	1488	n
9693512	2794	1488	n
9693767	2795	1488	n
9694018	2795	1488	n
9694269	2794	1488	n
9694526	2793	1488	n
9704891	2795	1488	n
9705142	2795	1488	n
9705393	2795	1488	n
9705652	2794	1488	n
9705903	2794	1488	n
9706154	2795	1488	n
9716553	2796	1488	n
9716808	2796	1488	n
9717059	2795	1488	n
9717310	2795	1488	n
9717567	2795	1488	n
9717822	2797	1488	n
9718073	2797	1488	n
9728437	2797	1488	n
9728693	2796	1488	n
9728944	2797	1488	n
9729195	2797	1488	n
9729446	2795	1487	n
9729704	2793	1488	n
9740099	2795	1488	n
9740350	2795	1488	n
9740603	2795	1488	n
9740858	2795	1488	n
9741109	2794	1488	n
9741360	2795	1488	n
9741614	2794	1488	n
9751984	2794	1488	n
9752235	2794	1488	n
9752486	2795	1488	n
9752742	2795	1488	n
9752993	2794	1488	n
9753244	2794	1488	n
9763650	2794	1488	n
9763901	2796	1488	n
9764152	2795	1488	n
9764403	2794	1488	n
9764662	2796	1488	n
9764913	2796	1489	n
9765164	2797	1488	n
9775535	2795	1488	n
9775790	2794	1488	n
9776041	2797	1488	n
9776292	2794	1488	n
9776546	2795	1488	n
9776801	2795	1488	n
9787192	2794	1488	n
9787443	2793	1488	n
9787699	2794	1488	n
9787950	2795	1488	n
9788201	2798	1487	n
9788452	2794	1488	n
9788712	2797	1488	n
9799076	2795	1488	n
9799327	2794	1488	n
9799584	2795	1488	n
9799839	2797	1488	n
9800090	2795	1488	n
9800341	2795	1488	n
9810738	2795	1488	n
9810989	2796	1488	n
9811240	2795	1488	n
9811491	2796	1488	n
9811748	2796	1488	n
9811999	2795	1488	n
9812250	2795	1488	n
9822622	2795	1488	n
9822877	2795	1488	n
9823128	2795	1488	n
9823379	2797	1488	n
9823639	2795	1488	n
9823890	2793	1488	n
9834284	2795	1488	n
9834614	2795	1488	n
9834869	2795	1488	n
9835120	2795	1488	n
9835371	2797	1488	n
9835662	2797	1488	n
9835913	2795	1488	n
9846341	2796	1488	n
9846828	2795	1488	n
9847111	2794	1488	n
9847362	2795	1489	n
9847619	2795	1488	n
9847882	2795	1488	n
9848155	2794	1488	n
9858539	2795	1490	Time:00:00:00:00;;
9859233	2797	1488	n
9859493	2797	1488	n
9859771	2797	1488	n
9860022	2795	1488	n
9860273	2794	1487	n
9870703	2795	1488	n
9871211	2794	1488	n
9871462	2793	1488	n
9871717	2795	1488	n
9871977	2794	1488	n
9872251	2795	1488	n
9882618	2795	1488	n
9883097	2795	1488	n
9883357	2793	1488	n
9883639	2795	1488	n
9883890	2794	1488	n
9884141	2795	1489	n
9884400	2794	1488	n
9894823	2798	1488	n
9895300	2797	1488	n
9895553	2797	1488	n
9895817	2796	1488	n
9896090	2793	1488	n
9896341	2795	1488	n
9896598	2795	1488	n
9907010	2793	1488	n
9907526	2794	1488	n
9907782	2794	1488	n
9908033	2795	1488	n
9908293	2795	1488	n
9908569	2795	1488	n
9918930	2794	1488	Time:00:00:00:00;;
9919623	2795	1487	n
9919909	2795	1488	n
9920160	2793	1488	n
9920411	2793	1489	n
9920672	2797	1487	n
9931091	2795	1489	n
9931579	2795	1488	n
9931834	2795	1488	n
9932085	2794	1488	n
9932345	2794	1488	n
9932621	2797	1489	n
9932876	2794	1488	n
9943286	2795	1488	n
9943779	2798	1488	n
9944053	2795	1488	n
9944304	2795	1488	n
9944561	2795	1489	n
9944825	2795	1488	n
9945098	2795	1488	n
9955482	2794	1488	n
9955964	2795	1488	n
9956223	2793	1488	n
9956500	2797	1488	n
9956756	2794	1488	n
9957006	2797	1488	n
9967402	2795	1488	n
9967925	2795	1488	n
9968176	2795	1488	n
9968427	2794	1489	n
9968691	2795	1488	n
9968965	2794	1488	n
9969216	2797	1488	n
9979600	2795	1488	n
9980082	2797	1489	n
9980364	2795	1488	n
9980618	2796	1488	n
9980874	2797	1488	n
9981125	2798	1488	n
9981407	2795	1488	n
9991798	2795	1488	n
9992273	2791	1488	n
9992528	2795	1488	n
9992814	2795	1488	n
9993065	2793	1488	n
9993316	2793	1488	n
10003716	2796	1488	n
10004203	2797	1488	n
10004476	2798	1488	n
10004732	2791	1488	n
10004983	2795	1488	n
10005243	2795	1488	n
10005519	2795	1488	n
10015944	2794	1488	n
10016427	2794	1488	n
10016691	2795	1488	n
10016965	2795	1488	n
10017216	2795	1488	n
10017467	2795	1488	n
10027897	2793	1488	n
10028411	2795	1488	n
10028672	2795	1488	n
10028923	2795	1488	n
10029182	2795	1488	n
10029456	2793	1488	n
10039835	2797	1488	n
10040313	2795	1488	n
10040577	2798	1488	n
10040855	2795	1488	n
10041107	2795	1488	n
10041358	2794	1488	n
10041623	2797	1488	n
10052087	2794	1488	n
10052572	2794	1488	n
10052827	2795	1488	n
10053087	2795	1488	n
10053361	2794	1488	n
10053618	2796	1488	n
10064036	2797	1487	n
10064526	2796	1488	Time:00:00:00:00;;
10065018	2795	1489	n
10065269	2796	1488	n
10065535	2795	1489	n
10065814	2795	1488	n
10076232	2795	1488	n
10076483	2794	1488	n
10076739	2795	1488	n
10076990	2798	1488	n
10077241	2795	1488	n
10077493	2793	1488	n
10087876	2795	1488	n
10088127	2794	1488	n
10088378	2794	1488	n
10088639	2797	1488	n
10088891	2795	1488	n
10089142	2795	1488	n
10099577	2797	1488	n
10099832	2795	1488	n
10100083	2793	1488	n
10100334	2795	1488	n
10100588	2793	1488	n
10100843	2795	1488	n
10111267	2795	1488	n
10111520	2794	1488	n
10111776	2795	1488	n
10112027	2795	1488	n
10112278	2795	1488	n
10112535	2796	1488	n
10122963	2795	1488	n
10123214	2795	1488	n
10123465	2793	1488	n
10123720	2796	1488	n
10123972	2793	1488	n
10124223	2796	1488	n
10124474	2798	1488	n
10134882	2797	1488	n
10135133	2797	1488	n
10135384	2794	1488	n
10135642	2795	1488	n
10135893	2795	1488	n
10136144	2793	1488	n
10146529	2798	1488	n
10146784	2798	1488	n
10147035	2795	1488	n
10147287	2794	1488	n
10147543	2793	1488	n
10147799	2795	1488	n
10158221	2796	1488	n
10158472	2799	1488	n
10158728	2795	1488	n
10158979	2796	1488	n
10159230	2794	1488	n
10159482	2797	1488	n
10169865	2793	1488	n
10170116	2794	1488	n
10170367	2793	1488	n
10170621	2795	1488	n
10170876	2793	1488	n
10171127	2791	1487	n
10181566	2795	1488	n
10181822	2795	1488	n
10182073	2795	1488	n
10182324	2791	1487	n
10182580	2794	1488	n
10182835	2795	1488	n
10193240	2796	1488	n
10193491	2793	1488	n
10193748	2795	1488	n
10193999	2794	1488	n
10194250	2793	1488	n
10194505	2795	1488	n
10194760	2793	1488	n
10205176	2794	1488	n
10205427	2797	1488	n
10205682	2797	1489	n
10205934	2796	1488	n
10206185	2796	1488	n
10206436	2796	1489	n
10216820	2794	1488	n
10217071	2794	1488	n
10217322	2794	1488	n
10217577	2795	1488	n
10217832	2793	1488	n
10218083	2793	1488	n
10228517	2793	1488	n
10228773	2794	1488	n
10229024	2795	1488	n
10229275	2793	1488	n
10229532	2795	1488	n
10229787	2795	1488	n
10240211	2795	1488	n
10240462	2791	1489	n
10240717	2795	1488	n
10240969	2797	1488	n
10241220	2795	1488	n
10241471	2798	1488	n
10251855	2798	1488	n
10252106	2795	1488	n
10252357	2795	1488	n
10252614	2795	1488	n
10252869	2795	1488	n
10253121	2795	1488	n
10263534	2795	1488	n
10263788	2795	1488	n
10264039	2797	1489	n
10264291	2795	1488	n
10264545	2794	1488	n
10264800	2794	1488	n
10265051	2796	1488	n
10275470	2797	1488	n
10275726	2795	1488	n
10275977	2794	1488	n
10276228	2796	1488	n
10276479	2797	1488	n
10276735	2795	1488	n
10287114	2797	1488	n
10287365	2796	1488	n
10287621	2794	1488	n
10287876	2795	1488	n
10288128	2797	1488	n
10288379	2796	1488	n
10298809	2795	1489	n
10299060	2797	1488	n
10299312	2795	1488	n
10299566	2795	1488	n
10299821	2798	1488	n
10300072	2794	1488	n
10310507	2794	1488	n
10310763	2794	1488	n
10311014	2795	1488	n
10311265	2795	1488	n
10311519	2795	1488	n
10311774	2794	1488	n
10322131	2793	1488	n
10322382	2795	1488	n
10322642	2795	1488	n
10322893	2793	1488	n
10323145	2791	1488	n
10323396	2795	1488	n
10323653	2794	1488	n
10334034	2797	1488	n
10334285	2797	1488	n
10334538	2794	1488	n
10334793	2795	1488	n
10335044	2795	1488	n
10335295	2795	1488	n
10345681	2797	1488	n
10345933	2794	1487	n
10346184	2795	1488	n
10346435	2799	1488	n
10346690	2794	1488	n
10346942	2793	1488	n
10357321	2796	1489	n
10357577	2795	1488	n
10357832	2795	1488	n
10358083	2795	1488	n
10358335	2794	1488	n
10358588	2794	1488	n
10369016	2795	1489	n
10369267	2794	1489	n
10369521	2796	1488	n
10369776	2795	1488	n
10370027	2795	1488	n
10370279	2796	1489	n
10380716	2797	1488	n
10380967	2798	1488	n
10381218	2795	1488	n
10381469	2798	1489	n
10381725	2795	1488	n
10381976	2795	1488	n
10392339	2794	1488	n
10392594	2794	1488	n
10392849	2795	1488	n
10393100	2795	1489	n
10393352	2795	1488	n
10393605	2797	1488	n
10393860	2795	1488	n
10404241	2795	1488	n
10404493	2796	1488	n
10404749	2793	1488	n
10405001	2797	1488	n
10405252	2795	1488	n
10405508	2795	1488	n
10415885	2797	1488	n
10416136	2797	1488	n
10416387	2797	1488	n
10416645	2795	1488	n
10416896	2797	1488	n
10417147	2796	1488	n
10427532	2797	1488	n
10427787	2797	1490	n
10428038	2797	1491	n
10428290	2796	1488	n
10428546	2797	1488	n
10428802	2795	1488	n
10439224	2795	1488	n
10439475	2798	1488	n
10439731	2795	1488	n
10439982	2794	1488	n
10440233	2795	1488	n
10440484	2794	1488	n
10450920	2795	1488	n
10451171	2797	1488	n
10451422	2794	1488	n
10451678	2797	1488	n
10451929	2794	1488	n
10452180	2795	1488	n
10462549	2795	1488	n
10462804	2793	1488	n
10463055	2796	1488	n
10463306	2794	1488	n
10463563	2795	1488	n
10463818	2795	1488	n
10464069	2794	1488	n
10474449	2794	1488	n
10474706	2795	1488	n
10474957	2793	1488	n
10475208	2793	1488	n
10475459	2791	1488	n
10475715	2795	1487	n
10486092	2793	1487	n
10486343	2793	1488	n
10486597	2794	1488	n
10486853	2795	1488	n
10487104	2794	1488	n
10487355	2796	1488	n
10497740	2795	1488	n
10497991	2795	1488	n
10498242	2793	1488	n
10498495	2795	1488	n
10498750	2794	1488	n
10499001	2795	1488	n
10509431	2795	1489	n
10509687	2795	1488	n
10509938	2797	1488	n
10510189	2794	1488	n
10510440	2795	1488	n
10510697	2797	1488	n
10521127	2795	1488	n
10521378	2797	1488	n
10521639	2795	1488	n
10521891	2795	1488	n
10522142	2794	1488	n
10522393	2795	1488	n
10532754	2794	1488	n
10533005	2795	1488	n
10533256	2795	1488	n
10533511	2795	1488	n
10533767	2797	1487	n
10534018	2795	1488	n
10534269	2795	1488	n
10544661	2797	1489	n
10544912	2795	1488	n
10545163	2795	1488	n
10545414	2794	1488	n
10545672	2797	1488	n
10545923	2795	1488	n
10556300	2795	1489	n
10556553	2795	1489	n
10556808	2797	1488	n
10557059	2798	1488	n
10557311	2797	1489	n
10557566	2798	1488	n
10567944	2795	1488	n
10568195	2795	1489	n
10568446	2795	1488	n
10568704	2795	1488	n
10568955	2795	1488	n
10569207	2794	1488	n
10579643	2796	1489	n
10579894	2793	1488	n
10580146	2794	1488	n
10580397	2794	1488	n
10580658	2795	1488	n
10580909	2791	1488	n
10591335	2796	1488	n
10591588	2797	1489	n
10591844	2797	1488	n
10592095	2795	1489	n
10592346	2796	1489	n
10592601	2797	1488	n
10602961	2797	1488	n
10603212	2797	1488	n
10603463	2795	1488	n
10603718	2797	1488	n
10603970	2798	1488	n
10604221	2797	1488	n
10604472	2798	1488	n
10614864	2795	1488	n
10615115	2797	1488	n
10615366	2796	1488	n
10615621	2795	1488	n
10615876	2795	1488	n
10616127	2795	1488	n
10626512	2794	1488	n
10626768	2795	1488	n
10627019	2797	1488	n
10627270	2795	1487	n
10627526	2795	1488	n
10627781	2796	1488	n
10638151	2795	1488	n
10638402	2798	1488	n
10638662	2797	1488	n
10638913	2794	1488	n
10639164	2795	1489	n
10639415	2795	1488	n
10649846	2796	1488	n
10650097	2795	1488	n
10650348	2797	1488	n
10650603	2795	1489	n
10650858	2793	1488	n
10651109	2795	1488	n
10661545	2795	1488	n
10661801	2794	1488	n
10662052	2795	1488	n
10662303	2795	1488	n
10662560	2794	1488	n
10662815	2794	1488	n
10673238	2795	1488	n
10673489	2795	1488	n
10673748	2797	1488	n
10673999	2795	1488	n
10674250	2795	1489	n
10674505	2795	1488	n
10674760	2795	1488	n
10685157	2796	1488	n
10685408	2797	1488	n
10685667	2797	1488	n
10685918	2797	1488	n
10686169	2795	1488	n
10686420	2795	1488	n
10696801	2797	1488	n
10697052	2798	1488	n
10697303	2797	1489	n
10697560	2797	1488	n
10697815	2798	1488	n
10698067	2795	1487	n
10708428	2797	1488	n
10708683	2795	1488	n
10708934	2797	1488	n
10709185	2793	1488	n
10709437	2795	1488	n
10709692	2795	1488	n
10720054	2791	1488	n
10720305	2794	1488	n
10720560	2794	1488	n
10720815	2795	1488	n
10721067	2795	1489	n
10721318	2795	1488	n
10731750	2794	1488	n
10732001	2795	1488	n
10732252	2795	1489	n
10732508	2797	1488	n
10732763	2797	1488	n
10733014	2793	1488	n
10743376	2794	1488	n
10743635	2796	1487	n
10743886	2797	1488	n
10744138	2796	1488	n
10744389	2794	1487	n
10744646	2794	1488	n
10744897	2793	1488	n
10755279	2795	1488	n
10755535	2795	1489	n
10755790	2795	1488	n
10756041	2793	1488	n
10756293	2795	1488	n
10756550	2794	1488	n
10766922	2794	1488	n
10767173	2795	1488	n
10767424	2794	1488	n
10767680	2794	1488	n
10767931	2794	1488	n
10768182	2793	1488	n
10778569	2795	1488	n
10778824	2796	1488	n
10779075	2793	1488	n
10779326	2795	1488	n
10779584	2795	1488	n
10779840	2795	1488	n
10790261	2795	1488	n
10790518	2793	1488	n
10790773	2795	1488	n
10791024	2794	1488	n
10791276	2793	1488	n
10791533	2794	1488	n
10801957	2795	1488	n
10802208	2795	1488	n
10802459	2791	1488	n
10802715	2795	1488	n
10802966	2794	1488	n
10803217	2794	1488	n
10813584	2796	1488	n
10813839	2797	1488	n
10814090	2795	1489	n
10814342	2795	1488	n
10814597	2795	1488	n
10814852	2795	1489	n
10815103	2796	1488	n
10825486	2794	1488	n
10825742	2794	1488	n
10825993	2795	1488	n
10826244	2795	1488	n
10826501	2794	1488	n
10826756	2795	1488	n
10837130	2793	1488	n
10837505	2795	1488	n
10837783	2794	1488	n
10838034	2796	1488	n
10838285	2795	1488	n
10838547	2796	1488	n
10849006	2795	1489	n
10849483	2795	1489	n
10849739	2795	1488	n
10849999	2794	1488	n
10850273	2797	1488	n
10850529	2791	1488	n
10860952	2797	1488	Time:00:00:00:00;;
10861658	2798	1488	n
10861932	2795	1488	n
10862183	2795	1488	n
10862434	2795	1488	n
10862721	2795	1488	n
10873079	2795	1488	n
10873560	2796	1488	n
10873815	2795	1487	n
10874075	2795	1488	n
10874348	2794	1488	n
10874603	2794	1488	n
10885016	2795	1488	n
10885505	2795	1488	n
10885783	2795	1488	n
10886034	2795	1488	n
10886285	2795	1488	n
10886549	2793	1488	n
10886827	2795	1488	n
10897246	2795	1488	n
10897731	2795	1488	n
10897990	2795	1488	n
10898264	2795	1488	n
10898517	2795	1488	n
10898773	2795	1488	n
10909200	2796	1488	n
10909717	2794	1488	n
10909968	2795	1488	n
10910219	2795	1488	n
10910479	2798	1488	n
10910757	2795	1488	n
10921155	2795	1488	Time:00:00:00:00;;
10921862	2793	1487	n
10922135	2791	1488	n
10922386	2794	1488	n
10922643	2793	1488	n
10922903	2792	1488	n
10933307	2795	1488	n
10933792	2794	1488	n
10934044	2794	1488	n
10934304	2793	1488	n
10934580	2795	1488	n
10934835	2794	1488	n
10945218	2795	1488	n
10945701	2795	1488	n
10945983	2797	1488	n
10946234	2794	1488	n
10946485	2795	1488	n
10946742	2797	1488	n
10957155	2794	1488	n
10957647	2793	1488	n
10957898	2794	1488	n
10958149	2794	1488	n
10958431	2795	1488	n
10958687	2796	1488	n
10958938	2795	1488	n
10969351	2795	1488	n
10969850	2795	1488	n
10970124	2791	1488	n
10970375	2795	1487	n
10970635	2793	1488	n
10970895	2793	1488	n
10981357	2795	1488	n
10981843	2793	1488	n
10982094	2793	1488	n
10982376	2795	1488	n
10982634	2794	1488	n
10982885	2794	1488	n
10983136	2793	1488	n
10993589	2795	1489	n
10994076	2795	1488	n
10994327	2795	1488	n
10994584	2795	1488	n
10994871	2795	1488	n
10995122	2795	1488	n
11005545	2794	1488	n
11006027	2795	1488	n
11006286	2793	1488	n
11006569	2795	1488	n
11006824	2794	1488	n
11007075	2795	1488	n
11017501	2794	1488	n
11018012	2795	1488	n
11018263	2794	1488	n
11018518	2795	1488	n
11018782	2795	1488	n
11019057	2794	1488	n
11019309	2793	1488	n
11029730	2794	1487	n
11030221	2793	1488	n
11030495	2793	1488	n
11030751	2792	1488	n
11031002	2791	1488	n
11031262	2795	1488	n
11041684	2794	1488	n
11042163	2794	1488	n
11042414	2793	1488	n
11042681	2794	1488	n
11042954	2794	1488	n
11043205	2795	1488	n
11053639	2796	1488	n
11054131	2793	1488	n
11054405	2794	1488	n
11054666	2793	1488	n
11054918	2791	1487	n
11055178	2793	1486	n
11055451	2790	1488	n
11065865	2794	1488	Time:00:00:00:00;;
11066560	2795	1488	n
11066815	2795	1488	n
11067066	2791	1488	n
11067318	2791	1488	n
11077702	2791	1488	n
11077953	2795	1488	n
11078204	2794	1488	n
11078455	2794	1488	n
11078713	2795	1488	n
11078964	2795	1488	n
11089325	2795	1488	n
11089579	2797	1488	n
11089835	2795	1488	n
11090086	2797	1488	n
11090337	2798	1488	n
11090590	2795	1488	n
11090845	2791	1488	n
11101227	2795	1488	n
11101478	2797	1488	n
11101733	2793	1488	n
11101984	2794	1488	n
11102236	2794	1488	n
11102487	2793	1488	n
11112871	2794	1488	n
11113122	2794	1488	n
11113373	2795	1488	n
11113629	2794	1488	n
11113884	2796	1488	n
11114135	2795	1488	n
11124517	2795	1488	n
11124773	2796	1488	n
11125024	2794	1488	n
11125275	2797	1488	n
11125532	2795	1488	n
11125787	2795	1488	n
11136210	2794	1488	n
11136461	2791	1488	n
11136717	2795	1488	n
11136968	2794	1487	n
11137219	2797	1488	n
11137471	2798	1488	n
11147906	2795	1488	n
11148157	2794	1488	n
11148408	2795	1487	n
11148667	2794	1488	n
11148918	2794	1488	n
11149169	2794	1488	n
11159535	2795	1488	n
11159790	2795	1488	n
11160041	2794	1488	n
11160293	2795	1488	n
11160550	2795	1489	n
11160805	2795	1488	n
11161056	2795	1488	n
11171435	2799	1489	n
11171691	2797	1488	n
11171942	2796	1488	n
11172193	2795	1488	n
11172444	2795	1488	n
11172704	2796	1489	n
11183079	2797	1488	n
11183330	2795	1488	n
11183587	2796	1488	n
11183842	2795	1488	n
11184093	2796	1488	n
11184344	2794	1487	n
11194726	2794	1488	n
11194977	2795	1483	n
11195228	2795	1487	n
11195480	2796	1488	n
11195735	2795	1488	n
11195986	2794	1488	n
11206417	2794	1487	n
11206674	2795	1488	n
11206925	2795	1488	n
11207176	2795	1488	n
11207427	2795	1488	n
11207683	2794	1488	n
11218113	2795	1488	n
11218364	2795	1488	n
11218618	2798	1488	n
11218873	2795	1488	n
11219124	2797	1488	n
11219376	2793	1488	n
11229740	2794	1488	n
11229991	2791	1488	n
11230242	2789	1488	n
11230495	2795	1488	n
11230751	2794	1488	n
11231002	2795	1488	n
11231253	2794	1488	n
11241649	2793	1488	n
11241900	2796	1488	n
11242151	2794	1488	n
11242403	2794	1488	n
11242663	2795	1488	n
11242914	2795	1488	n
11253286	2794	1488	n
11253543	2794	1488	n
11253799	2795	1488	n
11254050	2795	1488	n
11254301	2795	1488	n
11254555	2793	1488	n
11264930	2795	1488	n
11265181	2795	1490	n
11265432	2795	1490	n
11265688	2795	1488	n
11265939	2793	1488	n
11266190	2794	1488	n
11276625	2795	1489	n
11276881	2795	1488	n
11277132	2795	1488	n
11277383	2797	1488	n
11277642	2795	1488	n
11277893	2794	1488	n
11288321	2797	1488	n
11288577	2795	1488	n
11288832	2794	1488	n
11289083	2795	1488	n
11289334	2794	1488	n
11289588	2794	1488	n
11300017	2796	1490	n
11300268	2795	1488	n
11300521	2797	1489	n
11300777	2798	1488	n
11301028	2795	1488	n
11301279	2796	1489	n
11301535	2795	1488	n
11311936	2796	1489	n
11312187	2795	1488	n
11312438	2795	1488	n
11312694	2795	1488	n
11312945	2797	1488	n
11313197	2795	1488	n
11323583	2795	1488	n
11323839	2794	1488	n
11324090	2795	1488	n
11324341	2795	1488	n
11324598	2795	1488	n
11324853	2793	1488	n
11335275	2793	1488	n
11335532	2794	1488	n
11335787	2794	1488	n
11336038	2795	1488	n
11336289	2793	1488	n
11336546	2794	1488	n
11346919	2794	1488	n
11347170	2794	1488	n
11347421	2795	1488	n
11347677	2795	1488	n
11347928	2795	1488	n
11348179	2794	1488	n
11358615	2795	1489	n
11358870	2795	1488	n
11359121	2796	1488	n
11359372	2797	1488	n
11359629	2795	1489	n
11359885	2797	1488	n
11370294	2794	1488	n
11370549	2795	1488	n
11370804	2795	1488	n
11371055	2797	1488	n
11371306	2794	1488	n
11371563	2795	1488	n
11371818	2796	1488	n
11382230	2795	1488	n
11382481	2795	1489	n
11382736	2795	1488	n
11382988	2795	1488	n
11383239	2794	1488	n
11383490	2794	1489	n
11393874	2797	1488	n
11394125	2796	1488	n
11394376	2796	1488	n
11394634	2796	1488	n
11394885	2799	1489	n
11395136	2798	1488	n
11405572	2795	1488	n
11405827	2799	1488	n
11406078	2798	1488	n
11406329	2796	1488	n
11406587	2791	1489	n
11406842	2795	1488	n
11417265	2794	1488	n
11417518	2794	1488	n
11417773	2795	1488	n
11418024	2795	1488	n
11418276	2795	1488	n
11418532	2797	1488	n
11428908	2797	1488	n
11429159	2795	1488	n
11429410	2795	1488	n
11429671	2796	1488	n
11429922	2797	1489	n
11430173	2797	1488	n
11440586	2797	1488	n
11440842	2795	1488	n
11441093	2798	1488	n
11441344	2794	1488	n
11441601	2798	1488	n
11441856	2798	1488	n
11442108	2796	1488	n
11452529	2794	1488	n
11452784	2794	1488	n
11453035	2795	1488	n
11453287	2794	1488	n
11453543	2795	1488	n
11453798	2795	1488	n
11464167	2794	1488	n
11464418	2791	1488	n
11464674	2795	1488	n
11464925	2796	1488	n
11465176	2794	1488	n
11465427	2796	1488	n
11475862	2797	1489	n
11476113	2795	1488	n
11476365	2796	1489	n
11476621	2797	1488	n
11476876	2797	1488	n
11477127	2795	1488	n
11487563	2797	1488	n
11487818	2796	1489	n
11488069	2796	1488	n
11488321	2797	1488	n
11488578	2795	1488	n
11488833	2797	1488	n
11499254	2795	1488	n
11499508	2795	1489	n
11499763	2795	1488	n
11500014	2795	1488	n
11500265	2797	1488	n
11500519	2795	1488	n
11500774	2797	1488	n
11511174	2795	1488	n
11511425	2795	1488	n
11511681	2795	1488	n
11511932	2794	1488	n
11512183	2796	1488	n
11512434	2795	1489	n
11522817	2796	1488	n
11523068	2798	1488	n
11523319	2797	1487	n
11523572	2795	1488	n
11523828	2797	1488	n
11524079	2797	1488	n
11534444	2796	1488	n
11534705	2795	1489	n
11534956	2796	1488	n
11535207	2795	1488	n
11535458	2791	1488	n
11535714	2797	1488	n
11546070	2795	1488	n
11546321	2793	1488	n
11546577	2795	1488	n
11546832	2793	1488	n
11547083	2795	1488	n
11547334	2794	1488	n
11557766	2796	1488	n
11558017	2796	1489	n
11558268	2795	1489	n
11558521	2795	1488	n
11558776	2795	1489	n
11559028	2797	1488	n
11569393	2795	1488	n
11569652	2797	1488	n
11569903	2795	1488	n
11570155	2794	1488	n
11570406	2797	1488	n
11570667	2797	1488	n
11570918	2797	1488	n
11581295	2796	1488	n
11581552	2798	1488	n
11581807	2794	1488	n
11582059	2797	1488	n
11582310	2791	1488	n
11582567	2798	1487	n
11592939	2794	1488	n
11593190	2794	1488	n
11593441	2794	1488	n
11593697	2794	1488	n
11593948	2795	1488	n
11594199	2794	1488	n
11604587	2795	1488	n
11604841	2797	1488	n
11605093	2797	1488	n
11605344	2795	1488	n
11605601	2794	1488	n
11605856	2797	1488	n
11616277	2797	1488	n
11616532	2796	1491	n
11616787	2798	1488	n
11617038	2795	1488	n
11617290	2797	1488	n
11617546	2795	1488	n
11627973	2790	1488	n
11628224	2795	1487	n
11628475	2791	1488	n
11628731	2794	1488	n
11628982	2794	1488	n
11629233	2791	1487	n
11639600	2794	1488	n
11639855	2796	1488	n
11640106	2795	1488	n
11640358	2795	1488	n
11640614	2795	1488	n
11640870	2796	1488	n
11641121	2794	1488	n
11651508	2796	1488	n
11651763	2797	1489	n
11652014	2795	1488	n
11652266	2795	1488	n
11652519	2798	1488	n
11652774	2797	1488	n
11663146	2795	1488	n
11663397	2795	1488	n
11663658	2796	1488	n
11663909	2797	1488	n
11664160	2793	1488	n
11664411	2797	1488	n
11674792	2795	1488	n
11675043	2794	1488	n
11675294	2795	1488	n
11675549	2798	1488	n
11675804	2797	1488	n
11676055	2795	1488	n
11686485	2794	1488	n
11686742	2795	1488	n
11686993	2797	1488	n
11687244	2796	1487	n
11687501	2797	1488	n
11687756	2795	1488	n
11698181	2797	1488	n
11698432	2797	1490	n
11698687	2795	1489	n
11698939	2797	1488	n
11699190	2797	1489	n
11699441	2795	1488	n
11709808	2796	1488	n
11710059	2796	1488	n
11710310	2795	1488	n
11710565	2795	1488	n
11710821	2794	1488	n
11711072	2795	1488	n
11711323	2797	1488	n
11721714	2793	1488	n
11721966	2793	1488	n
11722217	2793	1487	n
11722468	2793	1488	n
11722723	2795	1488	n
11722975	2795	1488	n
11733354	2796	1488	n
11733607	2793	1488	n
11733862	2795	1488	n
11734113	2793	1488	n
11734365	2794	1488	n
11734621	2795	1488	n
11744997	2797	1488	n
11745248	2795	1488	n
11745505	2795	1488	n
11745760	2795	1488	n
11746011	2796	1490	n
11746262	2795	1488	n
11756697	2798	1488	n
11756948	2797	1488	n
11757199	2796	1488	n
11757450	2797	1489	n
11757707	2795	1488	n
11757958	2798	1488	n
11768388	2795	1488	n
11768645	2794	1488	n
11768896	2797	1488	n
11769147	2795	1489	n
11769398	2795	1488	n
11769658	2797	1488	n
11780015	2795	1488	n
11780266	2795	1488	n
11780519	2795	1488	n
11780774	2796	1488	n
11781025	2797	1488	n
11781277	2795	1488	n
11781532	2796	1488	n
11791917	2795	1488	n
11792168	2795	1488	n
11792419	2797	1488	n
11792675	2796	1489	n
11792926	2797	1488	n
11793178	2797	1488	n
11803567	2794	1487	n
11803822	2797	1487	n
11804073	2798	1488	n
11804324	2794	1487	n
11804580	2793	1488	n
11804835	2794	1487	n
11815205	2795	1488	n
11815456	2795	1488	n
11815712	2797	1488	n
11815963	2795	1488	n
11816215	2795	1489	n
11816466	2794	1488	n
11826900	2795	1488	n
11827151	2797	1488	n
11827402	2797	1488	n
11827662	2794	1488	n
11827913	2794	1488	n
11828164	2794	1488	n
11838602	2797	1488	n
11839015	2798	1488	n
11839266	2798	1488	n
11839519	2795	1488	n
11839806	2795	1489	n
11840057	2794	1488	n
11850446	2796	1488	n
11850931	2795	1488	n
11851213	2793	1488	n
11851464	2793	1488	n
11851719	2795	1488	n
11851970	2793	1489	n
11852252	2797	1488	n
11862649	2795	1488	Time:00:00:00:00;;
11863339	2798	1488	n
11863603	2794	1488	n
11863881	2795	1488	n
11864132	2794	1488	n
11874531	2797	1488	n
11875021	2797	1488	n
11875295	2795	1488	n
11875549	2797	1488	n
11875805	2798	1489	n
11876064	2798	1488	n
11876338	2797	1488	n
11886710	2794	1489	n
11887186	2797	1489	n
11887437	2796	1488	n
11887728	2795	1488	n
11887979	2797	1488	n
11888230	2797	1488	n
11898665	2795	1489	n
11899174	2796	1488	n
11899425	2797	1488	n
11899681	2795	1488	n
11899939	2796	1488	n
11900212	2794	1488	n
11910581	2797	1488	n
11911063	2794	1488	n
11911314	2796	1488	n
11911600	2795	1488	n
11911856	2796	1488	n
11912107	2796	1488	n
11912358	2795	1488	Time:00:00:00:00;;
11922983	2798	1488	n
11923459	2794	1488	n
11923715	2797	1489	n
11923975	2798	1489	n
11924248	2797	1489	n
11934681	2794	1489	n
11935159	2797	1488	n
11935418	2795	1488	n
11935697	2799	1488	n
11935948	2795	1488	n
11936199	2797	1488	n
11936459	2791	1488	n
11946918	2796	1488	n
11947393	2795	1488	n
11947652	2794	1488	n
11947912	2795	1488	n
11948185	2795	1488	n
11948436	2795	1488	n
11958862	2797	1488	n
11959348	2800	1488	n
11959635	2795	1488	n
11959886	2798	1488	n
11960138	2797	1488	n
11960398	2795	1488	n
11970803	2795	1488	n
11971279	2794	1488	n
11971535	2797	1488	n
11971799	2796	1488	n
11972073	2795	1488	n
11972324	2794	1488	n
11972580	2797	1488	n
11982961	2797	1488	n
11983469	2797	1488	n
11983725	2795	1488	n
11983976	2794	1488	n
11984227	2796	1488	n
11984516	2798	1488	n
11994915	2794	1488	n
11995390	2794	1488	n
11995647	2794	1488	n
11995929	2795	1488	n
11996180	2795	1488	n
11996431	2797	1489	n
12006853	2796	1489	n
12007368	2796	1488	n
12007621	2797	1488	n
12007877	2796	1488	n
12008128	2795	1488	n
12008410	2795	1488	n
12008671	2793	1488	n
12019100	2796	1489	n
12019584	2794	1488	n
12019870	2795	1488	n
12020122	2797	1488	n
12020373	2797	1488	n
12020629	2797	1489	n
12031054	2795	1488	n
12031550	2796	1488	n
12031805	2795	1488	n
12032056	2796	1488	n
12032316	2797	1488	n
12032594	2795	1488	n
12042974	2794	1488	n
12043452	2793	1488	n
12043722	2795	1488	n
12044001	2794	1488	n
12044252	2795	1488	n
12044508	2797	1488	n
12044773	2794	1488	n
12055160	2799	1488	n
12055643	2797	1488	n
12055894	2797	1488	n
12056154	2796	1488	n
12056427	2796	1488	n
12056683	2798	1488	n
12067106	2796	1488	Time:00:00:00:00;;
12067782	2795	1488	n
12068033	2796	1488	n
12068284	2795	1488	n
12068538	2797	1488	n
12068793	2794	1488	n
12079216	2795	1488	n
12079467	2795	1488	n
12079723	2797	1488	n
12079974	2795	1489	n
12080225	2795	1488	n
12080476	2798	1488	n
12090860	2796	1488	n
12091111	2795	1488	n
12091362	2793	1488	n
12091618	2796	1488	n
12091873	2796	1488	n
12092124	2795	1488	n
12102560	2795	1488	n
12102815	2797	1489	n
12103066	2795	1488	n
12103317	2797	1488	n
12103571	2799	1488	n
12103826	2798	1488	n
12114251	2796	1488	n
12114508	2796	1488	n
12114764	2795	1488	n
12115015	2794	1488	n
12115266	2795	1488	n
12115519	2794	1488	n
12125895	2795	1488	n
12126146	2797	1488	n
12126397	2797	1488	n
12126658	2795	1488	n
12126909	2795	1488	n
12127160	2794	1488	n
12137573	2795	1488	n
12137829	2795	1488	n
12138080	2795	1488	n
12138331	2796	1489	n
12138586	2796	1488	n
12138842	2795	1488	n
12139093	2795	1488	n
12149515	2795	1488	n
12149771	2796	1488	n
12150022	2797	1488	n
12150273	2798	1488	n
12150528	2797	1488	n
12150784	2797	1489	n
12161154	2798	1488	n
12161405	2795	1488	n
12161666	2797	1488	n
12161917	2795	1488	n
12162169	2795	1488	n
12162420	2794	1488	n
12172849	2795	1488	n
12173100	2795	1488	n
12173352	2796	1489	n
12173605	2794	1488	n
12173860	2796	1488	n
12174111	2796	1488	n
12184549	2797	1488	n
12184804	2795	1488	n
12185056	2798	1488	n
12185307	2797	1488	n
12185563	2797	1489	n
12185818	2797	1488	n
12196241	2797	1488	n
12196492	2796	1489	n
12196749	2796	1488	n
12197000	2797	1488	n
12197251	2796	1488	n
12197508	2797	1488	n
12197764	2797	1489	n
12208160	2795	1488	n
12208411	2795	1488	n
12208671	2793	1488	n
12208922	2794	1488	n
12209173	2796	1488	n
12209425	2796	1488	n
12219804	2795	1488	n
12220055	2794	1488	n
12220306	2795	1487	n
12220563	2794	1488	n
12220818	2794	1488	n
12221069	2795	1488	n
12231430	2797	1489	n
12231685	2797	1488	n
12231936	2795	1489	n
12232187	2795	1489	n
12232439	2797	1489	n
12232695	2795	1488	n
12243056	2795	1488	n
12243307	2797	1488	n
12243562	2796	1488	n
12243817	2795	1488	n
12244068	2796	1488	n
12244319	2794	1488	n
12254752	2795	1488	n
12255003	2795	1488	n
12255254	2796	1488	n
12255508	2795	1489	n
12255763	2795	1488	n
12256015	2795	1488	n
12266379	2795	1488	n
12266640	2797	1488	n
12266891	2796	1488	n
12267142	2795	1488	n
12267393	2793	1488	n
12267652	2795	1488	n
12267903	2795	1488	n
12278281	2796	1489	n
12278535	2797	1488	n
12278788	2797	1488	n
12279040	2797	1488	n
12279291	2797	1488	n
12279546	2797	1488	n
12289925	2795	1488	n
12290176	2795	1488	n
12290427	2794	1488	n
12290682	2793	1488	n
12290934	2794	1488	n
12291185	2793	1488	n
12301571	2794	1488	n
12301826	2795	1489	n
12302077	2796	1488	n
12302329	2795	1488	n
12302583	2797	1488	n
12302839	2795	1488	n
12313264	2797	1488	n
12313518	2795	1488	n
12313773	2795	1488	n
12314024	2794	1488	n
12314275	2798	1490	n
12314532	2795	1488	n
12324960	2795	1489	n
12325211	2797	1489	n
12325462	2795	1488	n
12325717	2798	1488	n
12325969	2797	1488	n
12326220	2798	1488	n
12336586	2797	1488	n
12336841	2795	1488	n
12337092	2796	1488	n
12337343	2795	1488	n
12337601	2795	1488	n
12337856	2795	1488	n
12338107	2795	1488	n
12348489	2795	1488	n
12348748	2794	1488	n
12348999	2797	1488	n
12349250	2794	1488	n
12349505	2794	1488	n
12349760	2795	1488	n
12360132	2796	1488	n
12360383	2794	1488	n
12360642	2797	1488	n
12360893	2795	1488	n
12361144	2795	1488	n
12361395	2795	1488	n
12371780	2797	1489	n
12372031	2794	1489	n
12372282	2795	1488	n
12372535	2795	1488	n
12372791	2795	1488	n
12373042	2796	1489	n
12383471	2798	1488	n
12383727	2795	1488	n
12383978	2797	1488	n
12384229	2795	1488	n
12384480	2796	1488	n
12384735	2793	1488	n
12395167	2797	1488	n
12395418	2795	1488	n
12395674	2797	1488	n
12395925	2795	1488	n
12396176	2797	1488	n
12396427	2795	1488	n
12406794	2796	1488	n
12407045	2795	1489	n
12407296	2799	1489	n
12407552	2796	1489	n
12407807	2797	1488	n
12408058	2796	1488	n
12408310	2795	1488	n
12418700	2799	1488	n
12418951	2796	1488	n
12419203	2795	1489	n
12419454	2793	1488	n
12419712	2794	1488	n
12419963	2795	1488	n
12430340	2795	1487	n
12430595	2797	1488	n
12430850	2795	1489	n
12431101	2795	1488	n
12431352	2797	1488	n
12431605	2795	1488	n
12441984	2795	1488	n
12442235	2795	1488	n
12442486	2795	1488	n
12442742	2797	1488	n
12442993	2795	1488	n
12443244	2794	1488	n
12453683	2797	1488	n
12453935	2797	1488	n
12454186	2796	1488	n
12454437	2798	1489	n
12454692	2796	1488	n
12454943	2795	1488	n
12465375	2797	1488	n
12465635	2797	1488	n
12465886	2795	1488	n
12466137	2797	1488	n
12466388	2796	1488	n
12466646	2790	1487	n
12477071	2797	1488	n
12477322	2797	1488	n
12477577	2795	1489	n
12477832	2797	1488	n
12478083	2796	1488	n
12478334	2795	1488	n
12478587	2798	1488	n
12488990	2794	1488	n
12489241	2795	1488	n
12489493	2795	1488	n
12489749	2795	1488	n
12490001	2795	1488	n
12490252	2794	1488	n
12500642	2797	1488	n
12500893	2798	1488	n
12501145	2797	1489	n
12501396	2798	1489	n
12501653	2795	1488	n
12501904	2796	1488	n
12512329	2795	1488	n
12512587	2794	1488	n
12512842	2794	1488	n
12513093	2795	1488	n
12513344	2795	1488	n
12513601	2794	1488	n
12523972	2796	1488	n
12524223	2796	1488	n
12524474	2797	1488	n
12524730	2794	1488	n
12524981	2795	1488	n
12525232	2793	1488	n
12535672	2794	1488	n
12535923	2795	1488	n
12536174	2794	1488	n
12536426	2794	1488	n
12536681	2791	1489	n
12536932	2797	1488	n
12547347	2795	1488	n
12547604	2795	1488	n
12547859	2793	1488	n
12548110	2795	1488	n
12548361	2794	1488	n
12548618	2795	1488	n
12548874	2791	1487	n
12559284	2794	1488	n
12559537	2793	1488	n
12559792	2794	1488	n
12560044	2794	1487	n
12560295	2791	1488	n
12560549	2793	1487	n
12570927	2794	1488	n
12571178	2794	1488	n
12571429	2795	1488	n
12571684	2797	1488	n
12571935	2796	1488	n
12572186	2795	1488	n
12582622	2799	1488	n
12582878	2796	1488	n
12583129	2795	1488	n
12583380	2794	1488	n
12583639	2798	1488	n
12583890	2795	1488	n
12594249	2795	1488	n
12594505	2797	1488	n
12594760	2797	1488	n
12595011	2795	1488	n
12595262	2795	1488	n
12595518	2795	1488	n
12605962	2797	1488	n
12606213	2795	1488	n
12606464	2794	1489	n
12606719	2796	1488	n
12606970	2793	1488	n
12607221	2794	1488	n
12617645	2794	1488	n
12617896	2795	1488	n
12618147	2795	1488	n
12618398	2796	1488	n
12618658	2795	1488	n
12618909	2795	1488	n
12619160	2796	1488	n
12629580	2795	1488	n
12629835	2794	1488	n
12630086	2796	1488	n
12630337	2795	1488	n
12630595	2794	1488	n
12630850	2794	1488	n
12641221	2797	1488	n
12641472	2798	1488	n
12641727	2797	1488	n
12641979	2798	1488	n
12642230	2796	1488	n
12642481	2796	1488	n
12652916	2794	1488	n
12653167	2793	1488	n
12653418	2796	1488	n
12653674	2795	1488	n
12653925	2795	1488	n
12654177	2794	1488	n
12664612	2795	1488	n
12664867	2794	1488	n
12665118	2796	1488	n
12665369	2795	1488	n
12665623	2795	1488	n
12665878	2794	1488	n
12676239	2794	1489	n
12676490	2795	1488	n
12676747	2797	1488	n
12676999	2798	1488	n
12677250	2794	1488	n
12677505	2794	1488	n
12677760	2794	1488	n
12688141	2795	1488	n
12688392	2795	1487	n
12688653	2795	1488	n
12688904	2795	1488	n
12689155	2795	1488	n
12689406	2794	1488	n
12699787	2795	1488	n
12700038	2795	1488	n
12700289	2796	1488	n
12700546	2794	1488	n
12700801	2797	1488	n
12701052	2795	1488	n
12711429	2795	1488	n
12711684	2796	1488	n
12711935	2795	1488	n
12712186	2797	1488	n
12712438	2795	1488	n
12712693	2795	1488	n
12723124	2795	1488	n
12723375	2798	1488	n
12723635	2795	1488	n
12723886	2795	1488	n
12724137	2795	1489	n
12724389	2796	1488	n
12734820	2794	1488	n
12735071	2795	1488	n
12735322	2797	1488	n
12735577	2797	1488	n
12735832	2797	1489	n
12736083	2795	1489	n
12746446	2795	1488	n
12746704	2795	1488	n
12746956	2795	1488	n
12747207	2794	1488	n
12747458	2795	1488	n
12747714	2794	1488	n
12747965	2795	1488	n
12758349	2795	1488	n
12758603	2795	1488	n
12758858	2795	1488	n
12759110	2795	1487	n
12759361	2798	1488	n
12759615	2795	1488	n
12769992	2797	1488	n
12770243	2795	1488	n
12770495	2795	1488	n
12770751	2795	1488	n
12771002	2796	1488	n
12771253	2795	1488	n
12781642	2796	1488	n
12781893	2796	1488	n
12782144	2795	1488	n
12782396	2794	1488	n
12782653	2795	1489	n
12782904	2794	1488	n
12793331	2795	1488	n
12793586	2795	1488	n
12793841	2795	1488	n
12794092	2798	1488	n
12794343	2797	1488	n
12794601	2795	1488	n
12805027	2797	1488	n
12805278	2797	1488	n
12805535	2797	1488	n
12805791	2796	1488	n
12806042	2794	1488	n
12806293	2797	1488	n
12816658	2798	1490	n
12816909	2795	1488	n
12817160	2799	1488	n
12817411	2797	1488	n
12817672	2798	1488	n
12817923	2799	1488	n
12818175	2795	1488	n
12828560	2795	1488	n
12828815	2795	1488	n
12829066	2795	1488	n
12829318	2795	1488	n
12829571	2795	1488	n
12829826	2795	1488	n
12840200	2797	1488	n
12840672	2795	1488	n
12840924	2795	1488	n
12841175	2796	1488	n
12841426	2795	1488	n
12841713	2795	1488	n
12852154	2797	1489	n
12852639	2797	1489	n
12852890	2797	1488	n
12853172	2799	1488	n
12853424	2797	1488	n
12853679	2797	1488	n
12864091	2798	1488	Time:00:00:00:00;;
12864819	2794	1488	n
12865071	2795	1488	n
12865322	2795	1488	n
12865606	2796	1488	n
12865862	2797	1488	n
12876304	2795	1488	n
12876787	2795	1488	n
12877069	2797	1489	n
12877320	2796	1488	n
12877577	2796	1488	n
12877832	2797	1488	n
12888258	2795	1488	n
12888753	2796	1489	n
12889004	2795	1488	n
12889255	2795	1488	n
12889518	2795	1488	n
12889796	2798	1488	n
12890047	2795	1488	n
12900402	2795	1488	n
12900897	2798	1488	n
12901171	2797	1488	n
12901422	2794	1488	n
12901678	2798	1488	n
12901938	2798	1488	n
12912365	2797	1488	Time:00:00:00:00;;
12913069	2797	1488	n
12913329	2796	1488	n
12913605	2797	1488	n
12913860	2795	1489	n
12914111	2795	1489	n
12924466	2795	1488	n
12924978	2795	1488	n
12925229	2796	1488	n
12925481	2798	1488	n
12925736	2796	1488	n
12926018	2796	1488	n
12936438	2797	1488	n
12936919	2797	1489	n
12937171	2799	1488	n
12937453	2795	1489	n
12937712	2797	1488	n
12937963	2797	1488	n
12948375	2797	1488	n
12948890	2798	1489	n
12949141	2797	1488	n
12949392	2793	1488	n
12949653	2798	1488	n
12949937	2798	1489	n
12950188	2795	1488	n
12960607	2795	1488	n
12961093	2795	1488	n
12961376	2795	1488	n
12961635	2794	1488	n
12961886	2795	1488	n
12962138	2795	1488	n
12972563	2795	1488	n
12973051	2797	1488	n
12973302	2794	1488	n
12973555	2793	1488	n
12973818	2796	1488	n
12974092	2794	1488	n
12984518	2797	1488	n
12984999	2797	1489	n
12985259	2796	1488	n
12985535	2796	1488	n
12985791	2796	1488	n
12986042	2798	1489	n
12986302	2798	1488	n
12996749	2790	1488	n
12997226	2795	1488	n
12997477	2795	1488	n
12997742	2794	1488	n
12998015	2795	1488	n
12998266	2795	1488	n
13008701	2797	1488	n
13009192	2795	1488	n
13009466	2796	1488	n
13009721	2793	1488	n
13009972	2795	1488	n
13010232	2794	1488	n
13020656	2796	1488	n
13021135	2797	1488	n
13021386	2797	1488	n
13021652	2795	1488	n
13021926	2798	1490	n
13022177	2799	1489	n
13022428	2795	1488	n
13032798	2799	1489	n
13033311	2795	1488	n
13033565	2798	1489	n
13033821	2797	1489	n
13034080	2795	1489	n
13034354	2797	1488	n
13044753	2795	1488	n
13045236	2795	1488	n
13045488	2795	1489	n
13045779	2797	1488	n
13046030	2795	1489	n
13046281	2795	1488	n
13056709	2797	1488	n
13057218	2797	1488	n
13057469	2795	1488	n
13057725	2798	1488	n
13057976	2795	1488	n
13058258	2795	1489	n
13058515	2797	1488	n
13068935	2797	1488	Time:00:00:00:00;;
13069563	2795	1488	n
13069818	2797	1488	n
13070069	2796	1489	n
13070320	2795	1488	n
13080768	2798	1488	n
13081019	2797	1489	n
13081270	2795	1488	n
13081525	2796	1489	n
13081781	2794	1489	n
13082032	2797	1488	n
13092395	2795	1488	n
13092652	2795	1488	n
13092903	2796	1488	n
13093155	2795	1488	n
13093406	2795	1488	n
13093667	2798	1488	n
13093918	2795	1488	n
13104297	2795	1488	n
13104552	2794	1488	n
13104807	2795	1489	n
13105058	2794	1488	n
13105309	2798	1488	n
13105567	2795	1488	n
13115941	2798	1488	n
13116192	2796	1488	n
13116443	2797	1488	n
13116699	2797	1488	n
13116951	2798	1489	n
13117202	2795	1488	n
13127587	2797	1488	n
13127842	2797	1488	n
13128093	2798	1488	n
13128344	2796	1488	n
13128601	2797	1489	n
13128856	2795	1488	n
13139280	2796	1488	n
13139535	2795	1488	n
13139788	2797	1488	n
13140039	2795	1487	n
13140291	2793	1488	n
13140545	2795	1488	n
13150976	2797	1488	n
13151227	2797	1489	n
13151478	2797	1488	n
13151733	2797	1488	n
13151984	2797	1488	n
13152235	2798	1488	n
13162603	2795	1488	n
13162858	2798	1489	n
13163109	2796	1488	n
13163360	2795	1488	n
13163614	2797	1488	n
13163870	2797	1489	n
13164121	2797	1489	n
13174508	2794	1488	n
13174763	2797	1488	n
13175015	2795	1488	n
13175266	2795	1488	n
13175519	2796	1488	n
13175774	2798	1488	n
13186149	2797	1488	n
13186400	2795	1488	n
13186658	2798	1488	n
13186909	2798	1488	n
13187160	2795	1488	n
13187411	2795	1488	n
13197792	2798	1489	n
13198043	2797	1488	n
13198294	2797	1489	n
13198549	2797	1488	n
13198804	2797	1488	n
13199055	2795	1488	n
13209487	2797	1488	n
13209748	2798	1489	n
13209999	2798	1488	n
13210250	2796	1489	n
13210505	2798	1488	n
13210761	2798	1489	n
13221183	2794	1488	n
13221434	2794	1489	n
13221690	2795	1488	n
13221941	2794	1488	n
13222192	2796	1488	n
13222443	2791	1488	n
13232810	2798	1488	n
13233061	2793	1488	n
13233312	2796	1488	n
13233569	2794	1488	n
13233824	2795	1488	n
13234075	2795	1488	n
13234327	2794	1488	n
13244716	2795	1488	n
13244967	2797	1488	n
13245218	2796	1488	n
13245470	2797	1489	n
13245725	2796	1488	n
13245976	2795	1488	n
13256356	2797	1488	n
13256611	2796	1489	n
13256867	2798	1489	n
13257118	2797	1489	n
13257369	2796	1489	n
13257622	2795	1488	n
13268000	2797	1488	n
13268251	2795	1488	n
13268508	2796	1488	n
13268764	2794	1488	n
13269015	2796	1488	n
13269266	2794	1488	n
13279699	2797	1488	n
13279951	2795	1488	n
13280202	2795	1488	n
13280453	2795	1488	n
13280712	2798	1488	n
13280964	2797	1489	n
13291391	2798	1489	n
13291647	2797	1488	n
13291899	2797	1489	n
13292150	2795	1489	n
13292401	2798	1490	n
13292663	2797	1488	n
13303087	2798	1488	n
13303338	2798	1488	n
13303595	2797	1488	n
13303850	2796	1489	n
13304101	2796	1489	n
13304352	2793	1488	n
13304606	2797	1488	n
13315006	2798	1488	n
13315257	2797	1488	n
13315512	2795	1488	n
13315767	2797	1488	n
13316019	2797	1489	n
13316270	2797	1488	n
13326655	2794	1488	n
13326907	2796	1488	n
13327158	2796	1488	n
13327409	2797	1488	n
13327667	2797	1487	n
13327918	2797	1488	n
13338277	2795	1488	n
13338532	2796	1489	n
13338787	2795	1488	n
13339038	2797	1488	n
13339290	2793	1488	n
13339546	2794	1488	n
13349989	2795	1487	n
13350240	2795	1488	n
13350492	2796	1488	n
13350748	2796	1488	n
13350999	2793	1487	n
13351251	2795	1488	n
13361689	2795	1488	n
13361940	2795	1488	n
13362191	2797	1488	n
13362443	2797	1488	n
13362699	2796	1488	n
13362950	2795	1488	n
13373364	2796	1488	n
13373618	2798	1488	n
13373873	2795	1488	n
13374124	2797	1488	n
13374375	2798	1488	n
13374635	2794	1488	n
13374886	2797	1488	n
13385300	2795	1488	n
13385553	2798	1488	n
13385808	2795	1488	n
13386060	2796	1488	n
13386311	2796	1488	n
13386566	2795	1488	n
13396944	2797	1488	n
13397195	2797	1488	n
13397446	2795	1488	n
13397704	2795	1488	n
13397956	2795	1488	n
13398207	2796	1488	n
13408643	2795	1488	n
13408895	2795	1488	n
13409146	2795	1488	n
13409397	2795	1488	n
13409658	2794	1488	n
13409909	2795	1488	n
13420265	2797	1488	n
13420518	2795	1488	n
13420773	2798	1489	n
13421025	2795	1488	n
13421276	2798	1488	n
13421533	2796	1488	n
13431978	2796	1488	n
13432229	2797	1488	n
13432480	2798	1488	n
13432735	2795	1488	n
13432987	2797	1488	n
13433238	2797	1489	n
13443660	2795	1488	n
13443912	2795	1488	n
13444163	2797	1488	n
13444414	2795	1487	n
13444671	2795	1488	n
13444922	2797	1488	n
13445173	2797	1488	n
13455597	2795	1488	n
13455852	2797	1488	n
13456104	2796	1488	n
13456355	2795	1488	n
13456612	2797	1488	n
13456867	2795	1488	n
13467237	2797	1488	n
13467488	2796	1488	n
13467748	2795	1488	n
13467999	2797	1488	n
13468250	2796	1488	n
13468505	2797	1488	n
13478932	2797	1488	n
13479183	2795	1488	n
13479434	2793	1489	n
13479690	2795	1488	n
13479941	2795	1488	n
13480192	2794	1488	n
13490628	2795	1488	n
13490883	2797	1488	n
13491134	2795	1489	n
13491386	2798	1488	n
13491643	2795	1488	n
13491894	2794	1488	n
13502255	2796	1488	n
13502512	2795	1488	n
13502767	2795	1488	n
13503018	2794	1488	n
13503270	2795	1488	n
13503526	2794	1488	n
13503781	2795	1488	n
13514157	2796	1488	n
13514408	2796	1489	n
13514667	2795	1488	n
13514918	2795	1488	n
13515169	2797	1488	n
13515420	2793	1488	n
13525801	2791	1488	n
13526052	2795	1488	n
13526303	2794	1488	n
13526560	2794	1488	n
13526816	2795	1488	n
13527067	2797	1488	n
13537445	2795	1488	n
13537705	2793	1488	n
13537956	2796	1488	n
13538207	2795	1488	n
13538459	2793	1488	n
13538715	2797	1488	n
13549140	2794	1488	n
13549391	2794	1488	n
13549648	2794	1488	n
13549899	2794	1487	n
13550150	2795	1488	n
13550401	2797	1488	n
13560836	2795	1488	n
13561087	2795	1488	n
13561338	2795	1488	n
13561594	2797	1488	n
13561849	2795	1489	n
13562101	2795	1488	n
13572463	2793	1488	n
13572718	2795	1488	n
13572969	2795	1488	n
13573220	2797	1488	n
13573471	2797	1488	n
13573727	2797	1488	n
13573978	2793	1488	n
13584365	2795	1488	n
13584621	2794	1488	n
13584876	2795	1488	n
13585127	2799	1488	n
13585378	2797	1488	n
13585640	2796	1488	n
13596009	2798	1489	n
13596260	2797	1488	n
13596514	2797	1488	n
13596770	2797	1489	n
13597021	2797	1488	n
13597272	2797	1489	n
13607657	2796	1488	n
13607908	2798	1488	n
13608159	2795	1488	n
13608410	2797	1488	n
13608671	2795	1488	n
13608922	2795	1488	n
13619347	2795	1488	n
13619604	2796	1488	n
13619859	2798	1489	n
13620110	2795	1488	n
13620361	2797	1488	n
13620618	2793	1488	n
13631043	2797	1488	n
13631294	2795	1489	n
13631549	2795	1488	n
13631804	2797	1488	n
13632055	2795	1488	n
13632307	2795	1488	n
13642674	2797	1488	n
13642925	2797	1488	n
13643177	2795	1488	n
13643428	2795	1488	n
13643683	2797	1488	n
13643934	2795	1488	n
13644186	2798	1488	n
13654577	2797	1488	n
13654832	2797	1488	n
13655083	2798	1488	n
13655334	2797	1489	n
13655587	2797	1488	n
13655843	2797	1488	n
13666216	2795	1488	n
13666467	2794	1488	n
13666722	2794	1488	n
13666973	2795	1487	n
13667225	2797	1488	n
13667476	2798	1488	n
13677860	2794	1488	n
13678111	2795	1488	n
13678362	2796	1488	n
13678619	2795	1488	n
13678874	2794	1488	n
13679125	2795	1488	n
13689560	2796	1488	n
13689815	2795	1488	n
13690066	2797	1488	n
13690317	2795	1488	n
13690571	2797	1488	n
13690826	2794	1488	n
13701251	2797	1489	n
13701508	2797	1488	n
13701763	2795	1488	n
13702015	2797	1489	n
13702266	2797	1488	n
13702519	2798	1488	n
13712947	2794	1488	n
13713198	2794	1488	n
13713449	2793	1488	n
13713706	2794	1488	n
13713957	2797	1488	n
13714208	2794	1488	n
13714459	2794	1488	n
13724866	2796	1488	n
13725117	2793	1488	n
13725368	2795	1488	n
13725621	2795	1488	n
13725877	2795	1488	n
13726128	2795	1488	n
13736515	2795	1488	n
13736770	2797	1488	n
13737022	2797	1489	n
13737273	2795	1488	n
13737529	2796	1489	n
13737785	2797	1488	n
13748205	2794	1488	n
13748457	2794	1488	n
13748713	2795	1488	n
13748964	2795	1488	n
13749215	2793	1488	n
13749466	2794	1488	n
13759849	2795	1488	n
13760100	2795	1488	n
13760351	2797	1488	n
13760605	2794	1488	n
13760860	2794	1488	n
13761111	2795	1488	n
13771549	2796	1488	n
13771804	2798	1488	n
13772055	2796	1488	n
13772306	2798	1488	n
13772563	2797	1488	n
13772818	2795	1488	n
13783224	2795	1488	n
13783475	2799	1488	n
13783730	2798	1488	n
13783982	2797	1489	n
13784233	2795	1488	n
13784484	2795	1488	n
13784740	2795	1488	n
13795160	2793	1488	n
13795411	2795	1488	n
13795671	2795	1488	n
13795922	2795	1488	n
13796173	2794	1488	n
13796425	2797	1488	n
13806804	2796	1488	n
13807055	2797	1488	n
13807306	2797	1488	n
13807563	2795	1488	n
13807818	2795	1488	n
13808069	2796	1488	n
13818505	2797	1488	n
13818761	2798	1489	n
13819012	2797	1488	n
13819263	2798	1488	n
13819518	2797	1488	n
13819773	2795	1489	n
13830195	2795	1488	n
13830446	2797	1488	n
13830704	2797	1488	n
13830955	2797	1488	n
13831207	2795	1488	n
13831458	2795	1489	n
13841838	2794	1488	n
13842314	2795	1488	n
13842569	2795	1488	n
13842832	2796	1488	n
13843106	2795	1488	n
13843357	2795	1488	n
13843614	2794	1488	n
13853982	2795	1488	n
13854490	2793	1488	n
13854748	2795	1488	n
13854999	2795	1488	n
13855258	2797	1488	n
13855535	2795	1489	n
13865936	2797	1488	Time:00:00:00:00;;
13866644	2797	1488	n
13866918	2797	1488	n
13867169	2795	1488	n
13867420	2795	1488	n
13867684	2795	1488	n
13878141	2795	1488	n
13878621	2794	1488	n
13878876	2795	1488	n
13879127	2795	1487	n
13879409	2794	1488	n
13879668	2791	1488	n
13890086	2796	1488	n
13890566	2796	1488	n
13890852	2798	1488	n
13891103	2798	1488	n
13891355	2797	1488	n
13891612	2795	1488	n
13902050	2795	1488	n
13902532	2795	1488	n
13902787	2797	1488	n
13903038	2796	1488	n
13903323	2798	1488	n
13903580	2796	1488	n
13903835	2795	1488	n
13914271	2798	1488	Time:00:00:00:00;;
13915003	2795	1489	n
13915254	2797	1490	n
13915512	2798	1488	n
13915798	2796	1488	n
13926191	2796	1488	n
13926674	2795	1488	n
13926925	2793	1488	n
13927184	2797	1488	n
13927458	2794	1488	n
13927714	2796	1488	n
13927965	2795	1488	n
13938335	2796	1488	n
13938853	2797	1488	n
13939104	2797	1489	n
13939355	2798	1488	n
13939621	2795	1489	n
13939899	2795	1488	n
13950307	2795	1488	n
13950793	2798	1488	n
13951053	2797	1488	n
13951326	2797	1488	n
13951580	2798	1488	n
13951835	2797	1489	n
13962243	2795	1488	n
13962766	2795	1488	n
13963018	2795	1489	n
13963269	2795	1488	n
13963532	2795	1488	n
13963810	2796	1488	n
13964061	2795	1488	n
13974474	2799	1488	n
13974964	2795	1488	n
13975238	2795	1488	n
13975489	2794	1488	n
13975748	2794	1488	n
13976008	2795	1488	n
13986436	2797	1488	n
13986916	2794	1488	n
13987168	2795	1488	n
13987428	2795	1488	n
13987706	2797	1488	n
13987957	2795	1488	n
13998382	2796	1488	n
13998875	2795	1488	n
13999148	2795	1488	n
13999399	2794	1488	n
13999658	2795	1488	n
13999917	2795	1488	n
14000191	2794	1488	n
14010615	2795	1488	n
14011101	2795	1488	n
14011361	2797	1489	n
14011642	2792	1488	n
14011893	2791	1487	n
14012144	2794	1486	n
14022569	2795	1488	n
14023083	2794	1488	n
14023334	2797	1488	n
14023587	2796	1488	n
14023851	2794	1488	n
14024125	2795	1488	n
14034526	2795	1488	n
14035012	2794	1488	n
14035263	2794	1488	n
14035549	2797	1488	n
14035805	2795	1488	n
14036056	2797	1488	n
14036307	2795	1488	n
14046764	2798	1488	n
14047247	2795	1489	n
14047500	2796	1488	n
14047756	2796	1489	n
14048038	2797	1488	n
14048289	2797	1488	n
14058710	2795	1488	n
14059187	2794	1488	n
14059470	2796	1488	n
14059725	2795	1488	n
14059976	2795	1488	n
14060228	2794	1488	n
14070647	2795	1489	Time:00:00:00:00;;
14071225	2796	1488	n
14071476	2798	1488	n
14071732	2797	1489	n
14071983	2795	1488	n
14072234	2794	1488	n
14082639	2796	1488	n
14082890	2796	1488	n
14083141	2796	1488	n
14083392	2797	1488	n
14083653	2796	1488	n
14083904	2795	1488	n
14094326	2798	1489	n
14094580	2798	1488	n
14094835	2798	1488	n
14095086	2797	1489	n
14095337	2796	1488	n
14095595	2795	1488	n
14106022	2795	1488	n
14106273	2797	1488	n
14106529	2795	1488	n
14106784	2794	1488	n
14107036	2795	1488	n
14107287	2796	1488	n
14117653	2795	1488	n
14117904	2796	1488	n
14118155	2795	1488	n
14118407	2796	1488	n
14118666	2795	1488	n
14118917	2794	1488	n
14119168	2795	1488	n
14129553	2797	1488	n
14129808	2794	1488	n
14130059	2797	1489	n
14130311	2797	1489	n
14130566	2795	1488	n
14130821	2797	1488	n
14141195	2797	1489	n
14141446	2797	1489	n
14141704	2795	1489	n
14141955	2797	1489	n
14142206	2799	1488	n
14142458	2795	1488	n
14152839	2795	1488	n
14153090	2796	1488	n
14153341	2794	1488	n
14153597	2795	1488	n
14153853	2795	1488	n
14154104	2793	1488	n
14164536	2796	1488	n
14164792	2794	1488	n
14165043	2794	1488	n
14165294	2794	1488	n
14165549	2795	1488	n
14165804	2793	1488	n
14176230	2795	1488	n
14176481	2798	1488	n
14176736	2795	1488	n
14176987	2795	1488	n
14177238	2794	1488	n
14177490	2795	1488	n
14187856	2796	1489	n
14188107	2791	1488	n
14188358	2795	1488	n
14188614	2794	1488	n
14188869	2790	1488	n
14189121	2797	1488	n
14189372	2794	1488	n
14199763	2797	1488	n
14200015	2794	1488	n
14200266	2795	1488	n
14200519	2795	1488	n
14200775	2796	1488	n
14201026	2795	1488	n
14211402	2795	1488	n
14211662	2795	1488	n
14211913	2796	1488	n
14212164	2795	1488	n
14212415	2795	1488	n
14212672	2795	1488	n
14223046	2798	1489	n
14223297	2795	1488	n
14223552	2796	1488	n
14223807	2796	1488	n
14224058	2795	1489	n
14224309	2796	1488	n
14234745	2795	1488	n
14234997	2795	1488	n
14235248	2795	1488	n
14235505	2794	1488	n
14235760	2794	1488	n
14236012	2795	1488	n
14246437	2795	1488	n
14246692	2795	1488	n
14246944	2795	1488	n
14247195	2795	1488	n
14247446	2796	1488	n
14247704	2794	1488	n
14258064	2798	1489	n
14258315	2797	1488	n
14258569	2795	1488	n
14258824	2797	1489	n
14259075	2795	1488	n
14259326	2795	1488	n
14259580	2795	1489	n
14269966	2796	1488	n
14270217	2795	1488	n
14270468	2795	1489	n
14270724	2797	1489	n
14270975	2797	1488	n
14271226	2797	1489	n
14281614	2797	1488	n
14281870	2795	1489	n
14282121	2794	1488	n
14282372	2795	1488	n
14282629	2795	1488	n
14282884	2794	1488	n
14293254	2794	1489	n
14293508	2796	1488	n
14293763	2796	1488	n
14294014	2797	1488	n
14294266	2797	1488	n
14294519	2797	1488	n
14304949	2797	1488	n
14305200	2797	1489	n
14305451	2797	1490	n
14305712	2796	1488	n
14305963	2798	1489	n
14306214	2797	1488	n
14316649	2795	1488	n
14316900	2797	1488	n
14317151	2797	1488	n
14317402	2798	1489	n
14317663	2795	1490	n
14317914	2797	1488	n
14328271	2795	1488	n
14328526	2794	1488	n
14328781	2795	1488	n
14329032	2797	1488	n
14329284	2795	1488	n
14329537	2795	1488	n
14329792	2797	1488	n
14340174	2794	1489	n
14340425	2797	1488	n
14340681	2797	1488	n
14340932	2797	1488	n
14341183	2795	1488	n
14341434	2797	1488	n
14351817	2796	1488	n
14352068	2798	1488	n
14352319	2795	1488	n
14352572	2795	1488	n
14352827	2796	1488	n
14353079	2797	1488	n
14363461	2796	1488	n
14363716	2799	1488	n
14363967	2797	1488	n
14364218	2797	1488	n
14364470	2798	1488	n
14364725	2796	1488	n
14375156	2796	1488	n
14375407	2795	1488	n
14375666	2796	1488	n
14375917	2798	1488	n
14376168	2795	1489	n
14376419	2797	1488	n
14386852	2797	1488	n
14387103	2797	1488	n
14387354	2799	1490	n
14387607	2796	1488	n
14387862	2797	1489	n
14388113	2797	1488	n
14398479	2800	1488	n
14398734	2798	1488	n
14398985	2799	1488	n
14399237	2798	1489	n
14399488	2799	1489	n
14399748	2799	1488	n
14400000	2798	1489	n
14410381	2799	1489	n
14410642	2797	1488	n
14410893	2797	1488	n
14411145	2796	1489	n
14411396	2798	1489	n
14411653	2798	1488	n
14422025	2799	1489	n
14422276	2798	1489	n
14422532	2798	1488	n
14422787	2798	1488	n
14423038	2797	1489	n
14423289	2798	1489	n
14433673	2800	1489	n
14433924	2799	1490	n
14434175	2798	1489	n
14434426	2797	1489	n
14434682	2799	1489	n
14434933	2798	1489	n
14445364	2800	1489	n
14445621	2799	1488	n
14445876	2798	1488	n
14446128	2796	1489	n
14446379	2799	1490	n
14446640	2798	1490	n
14457060	2796	1489	n
14457311	2799	1488	n
14457566	2799	1488	n
14457821	2797	1488	n
14458072	2799	1489	n
14458323	2799	1490	n
14468690	2799	1488	n
14468941	2797	1488	n
14469192	2798	1489	n
14469443	2797	1488	n
14469700	2799	1489	n
14469951	2799	1489	n
14470202	2799	1488	n
14480595	2800	1489	n
14480850	2798	1488	n
14481101	2799	1488	n
14481352	2799	1489	n
14481606	2799	1489	n
14481861	2799	1488	n
14492232	2799	1489	n
14492483	2798	1488	n
14492739	2798	1488	n
14492990	2799	1490	n
14493241	2799	1488	n
14493493	2797	1488	n
14503876	2797	1488	n
14504127	2795	1488	n
14504378	2796	1488	n
14504640	2798	1489	n
14504891	2797	1488	n
14505142	2797	1489	n
14515577	2797	1488	n
14515832	2797	1489	n
14516083	2796	1488	n
14516334	2796	1488	n
14516588	2795	1488	n
14516843	2797	1488	n
14527267	2799	1490	n
14527520	2799	1489	n
14527776	2798	1489	n
14528027	2799	1489	n
14528278	2798	1489	n
14528535	2797	1489	n
14538963	2799	1488	n
14539214	2799	1488	n
14539465	2797	1488	n
14539720	2800	1489	n
14539972	2800	1489	n
14540223	2799	1489	n
14540474	2800	1489	n
14550882	2797	1488	n
14551133	2799	1488	n
14551384	2795	1488	n
14551642	2798	1488	n
14551893	2795	1489	n
14552144	2796	1488	n
14562529	2795	1488	n
14562784	2797	1488	n
14563035	2796	1488	n
14563287	2795	1488	n
14563543	2797	1488	n
14563798	2796	1489	n
14574221	2799	1489	n
14574472	2800	1490	n
14574728	2799	1489	n
14574979	2799	1488	n
14575230	2798	1489	n
14575482	2799	1488	n
14585865	2797	1488	n
14586116	2798	1488	n
14586367	2795	1488	n
14586621	2796	1488	n
14586876	2797	1488	n
14587127	2794	1488	n
14597566	2798	1488	n
14597822	2798	1489	n
14598073	2798	1488	n
14598324	2798	1488	n
14598580	2798	1488	n
14598835	2798	1488	n
14609240	2798	1489	n
14609491	2797	1489	n
14609747	2796	1488	n
14609999	2797	1489	n
14610250	2799	1489	n
14610505	2799	1490	n
14610760	2799	1488	n
14621176	2795	1488	n
14621427	2798	1489	n
14621682	2800	1489	n
14621933	2798	1490	n
14622185	2798	1488	n
14622436	2797	1490	n
14632820	2798	1488	n
14633071	2798	1489	n
14633322	2798	1488	n
14633577	2798	1489	n
14633832	2798	1489	n
14634083	2796	1488	n
14644517	2797	1488	n
14644773	2796	1488	n
14645024	2798	1489	n
14645275	2797	1488	n
14645532	2798	1488	n
14645787	2798	1489	n
14656211	2798	1490	n
14656462	2797	1489	n
14656717	2798	1488	n
14656968	2799	1489	n
14657220	2799	1488	n
14657471	2798	1488	n
14667855	2797	1489	n
14668106	2797	1488	n
14668357	2798	1488	n
14668612	2799	1489	n
14668867	2797	1488	n
14669118	2797	1488	n
14679534	2798	1488	n
14679788	2799	1488	n
14680040	2795	1488	n
14680291	2795	1488	n
14680545	2797	1488	n
14680800	2797	1488	n
14681051	2797	1488	n
14691470	2797	1488	n
14691726	2798	1488	n
14691977	2799	1488	n
14692228	2797	1488	n
14692479	2799	1488	n
14692735	2795	1488	n
14703114	2798	1489	n
14703365	2798	1490	n
14703621	2800	1489	n
14703877	2799	1490	n
14704128	2798	1490	n
14704379	2798	1489	n
14714809	2798	1489	n
14715060	2799	1489	n
14715312	2799	1488	n
14715566	2798	1489	n
14715821	2798	1488	n
14716072	2798	1489	n
14726507	2799	1489	n
14726763	2798	1488	n
14727014	2798	1489	n
14727265	2798	1489	n
14727519	2798	1488	n
14727774	2798	1489	n
14738131	2796	1488	n
14738382	2797	1488	n
14738642	2795	1488	n
14738893	2796	1488	n
14739145	2797	1488	n
14739396	2795	1488	n
14739653	2799	1488	n
14750034	2798	1488	n
14750285	2799	1488	n
14750538	2796	1489	n
14750793	2798	1491	n
14751044	2799	1489	n
14751295	2797	1488	n
14761681	2800	1488	n
14761932	2798	1488	n
14762184	2797	1488	n
14762435	2795	1489	n
14762691	2795	1488	n
14762942	2798	1488	n
14773321	2798	1488	n
14773577	2797	1488	n
14773832	2795	1489	n
14774083	2798	1488	n
14774334	2795	1488	n
14774587	2797	1488	n
14785016	2797	1488	n
14785267	2797	1488	n
14785521	2798	1488	n
14785776	2799	1488	n
14786027	2799	1489	n
14786278	2797	1488	n
14796716	2798	1489	n
14796967	2797	1489	n
14797218	2798	1488	n
14797469	2796	1489	n
14797725	2798	1488	n
14797976	2799	1488	n
14808339	2798	1490	n
14808594	2797	1489	n
14808849	2800	1488	n
14809100	2799	1489	n
14809352	2799	1488	n
14809605	2798	1489	n
14809860	2799	1488	n
14820241	2797	1489	n
14820493	2797	1488	n
14820749	2796	1488	n
14821000	2795	1488	n
14821251	2796	1488	n
14821508	2797	1489	n
14831885	2799	1489	n
14832136	2799	1488	n
14832396	2798	1489	n
14832679	2799	1489	n
14832930	2799	1489	n
14833181	2797	1488	n
14843604	2798	1488	n
14844116	2797	1488	n
14844367	2797	1488	n
14844621	2797	1488	n
14844885	2798	1490	n
14845159	2795	1490	n
14855537	2798	1489	n
14856018	2798	1488	n
14856278	2798	1489	Time:00:00:00:00;;
14856774	2799	1489	n
14857025	2797	1490	n
14857285	2797	1488	n
14867692	2798	1488	n
14868168	2799	1489	n
14868419	2798	1488	n
14868675	2799	1489	n
14868957	2797	1490	n
14869208	2798	1488	n
14879615	2800	1489	n
14880096	2800	1490	n
14880378	2797	1489	n
14880635	2799	1489	n
14880886	2799	1490	n
14881137	2798	1489	n
14891536	2798	1489	n
14892025	2799	1488	n
14892277	2799	1488	n
14892532	2799	1491	n
14892796	2798	1489	n
14893069	2798	1489	n
14893321	2799	1489	n
14903735	2798	1489	n
14904223	2798	1489	n
14904501	2798	1490	n
14904757	2797	1488	n
14905008	2797	1489	n
14905268	2797	1489	n
14915673	2798	1489	Time:00:00:00:00;;
14916365	2797	1489	n
14916634	2797	1488	n
14916907	2797	1489	n
14917159	2798	1488	n
14917410	2799	1489	n
14927798	2798	1489	n
14928306	2798	1488	n
14928562	2798	1488	n
14928818	2798	1488	n
14929069	2796	1488	n
14929351	2798	1488	n
14939751	2797	1489	n
14940228	2796	1489	n
14940479	2798	1488	n
14940766	2797	1489	n
14941017	2795	1488	n
14941268	2795	1488	n
14951690	2798	1489	n
14952198	2798	1488	n
14952449	2797	1488	n
14952706	2797	1488	n
14952957	2797	1488	n
14953239	2797	1488	n
14953491	2798	1488	n
14963847	2798	1489	n
14964329	2798	1489	n
14964595	2797	1489	n
14964873	2797	1488	n
14965124	2797	1489	n
14965375	2797	1489	n
14975801	2798	1489	n
14976310	2799	1489	n
14976567	2798	1489	n
14976822	2799	1489	n
14977082	2798	1489	n
14977355	2799	1489	n
14987739	2798	1488	n
14988215	2799	1488	n
14988474	2800	1488	n
14988752	2798	1489	n
14989004	2797	1488	n
14989255	2795	1489	n
14989518	2796	1488	n
14999909	2797	1488	n
15000386	2797	1488	n
15000643	2799	1489	n
15000894	2798	1488	n
15001176	2798	1488	n
15001427	2799	1489	n
15011854	2799	1490	n
15012337	2799	1490	n
15012621	2797	1488	n
15012876	2798	1488	n
15013127	2798	1488	n
15013378	2798	1490	n
15023791	2799	1490	n
15024278	2797	1489	n
15024535	2795	1489	n
15024791	2795	1488	n
15025079	2797	1488	n
15025330	2796	1488	n
15025587	2797	1489	n
15035952	2799	1489	n
15036437	2798	1489	n
15036715	2797	1489	n
15036967	2798	1488	n
15037218	2797	1488	n
15037478	2799	1488	n
15047906	2798	1488	n
15048387	2798	1488	n
15048645	2798	1488	n
15048905	2797	1489	n
15049178	2795	1488	n
15049429	2798	1489	n
15059844	2798	1488	n
15060330	2799	1488	n
15060606	2798	1489	n
15060862	2798	1489	n
15061113	2798	1488	n
15061373	2798	1489	n
15061652	2798	1489	n
15072091	2793	1489	Time:00:00:00:00;;
15072653	2794	1489	n
15072905	2795	1488	n
15073156	2795	1489	n
15073407	2797	1488	n
15083838	2795	1488	n
15084089	2797	1488	n
15084340	2797	1488	n
15084597	2798	1489	n
15084852	2798	1488	n
15085103	2797	1488	n
15095465	2795	1489	n
15095720	2797	1489	n
15095971	2798	1491	n
15096222	2798	1489	n
15096473	2800	1489	n
15096729	2800	1489	n
15096980	2799	1490	n
15107367	2798	1489	n
15107621	2799	1488	n
15107876	2795	1488	n
15108127	2799	1488	n
15108378	2798	1488	n
15108640	2798	1489	n
15119011	2797	1488	n
15119262	2798	1488	n
15119518	2798	1489	n
15119773	2797	1489	n
15120024	2798	1489	n
15120275	2798	1488	n
15130659	2799	1489	n
15130911	2795	1488	n
15131162	2798	1488	n
15131413	2797	1488	n
15131671	2797	1488	n
15131922	2797	1489	n
15142350	2799	1489	n
15142603	2796	1488	n
15142859	2797	1488	n
15143110	2796	1488	n
15143361	2799	1489	n
15143618	2798	1488	n
15154046	2798	1489	n
15154297	2798	1490	n
15154552	2797	1488	n
15154807	2798	1488	n
15155058	2797	1488	n
15155309	2795	1489	n
15165677	2798	1489	n
15165928	2798	1489	n
15166179	2799	1488	n
15166430	2797	1491	n
15166686	2797	1489	n
15166937	2799	1489	n
15167189	2797	1489	n
15177579	2797	1488	n
15177835	2799	1488	n
15178086	2798	1488	n
15178337	2797	1488	n
15178590	2797	1488	n
15178845	2797	1488	n
15189219	2797	1488	n
15189470	2797	1488	n
15189726	2796	1489	n
15189977	2798	1489	n
15190228	2799	1488	n
15190479	2799	1490	n
15200862	2799	1489	n
15201113	2799	1488	n
15201364	2797	1488	n
15201621	2799	1490	n
15201876	2800	1489	n
15202127	2797	1489	n
15212562	2798	1488	n
15212818	2798	1489	n
15213069	2797	1488	n
15213320	2797	1488	n
15213577	2795	1489	n
15213833	2797	1488	n
15224253	2797	1489	n
15224507	2798	1488	n
15224763	2798	1488	n
15225014	2796	1489	n
15225265	2795	1489	n
15225518	2797	1488	n
15235880	2798	1488	n
15236131	2797	1489	n
15236382	2798	1488	n
15236642	2799	1488	n
15236893	2799	1488	n
15237144	2797	1490	n
15237395	2799	1488	n
15247786	2796	1488	n
15248037	2798	1489	n
15248288	2797	1488	n
15248543	2796	1488	n
15248798	2797	1488	n
15249049	2795	1488	n
15259426	2798	1488	n
15259682	2796	1488	n
15259933	2797	1489	n
15260184	2795	1488	n
15260435	2797	1490	n
15260691	2795	1489	n
15271070	2798	1488	n
15271321	2798	1489	n
15271577	2797	1488	n
15271832	2797	1489	n
15272083	2799	1488	n
15272335	2798	1488	n
15282765	2798	1489	n
15283016	2797	1488	n
15283267	2799	1488	n
15283521	2798	1488	n
15283776	2797	1488	n
15284027	2795	1489	n
15294461	2794	1488	n
15294716	2797	1488	n
15294967	2797	1488	n
15295219	2798	1488	n
15295470	2798	1488	n
15295725	2795	1490	n
15306088	2798	1489	n
15306339	2797	1488	n
15306594	2795	1489	n
15306849	2798	1488	n
15307101	2795	1488	n
15307352	2797	1488	n
15307605	2799	1488	n
15317990	2799	1488	n
15318241	2797	1488	n
15318493	2798	1488	n
15318749	2797	1489	n
15319000	2797	1488	n
15319251	2795	1489	n
15329642	2798	1488	n
15329893	2798	1489	n
15330144	2797	1489	n
15330396	2797	1488	n
15330652	2797	1490	n
15330904	2797	1488	n
15341277	2798	1488	n
15341531	2798	1488	n
15341787	2798	1489	n
15342038	2798	1488	n
15342289	2798	1489	n
15342546	2798	1489	n
15352972	2795	1488	n
15353223	2796	1488	n
15353475	2799	1488	n
15353730	2797	1488	n
15353981	2796	1488	n
15354233	2797	1488	n
15364672	2795	1488	n
15364923	2798	1490	n
15365175	2798	1490	n
15365426	2797	1488	n
15365681	2797	1489	n
15365932	2798	1488	n
15376295	2797	1490	n
15376552	2798	1488	n
15376807	2798	1490	n
15377058	2797	1488	n
15377310	2798	1488	n
15377567	2799	1489	n
15377822	2799	1488	n
15388197	2797	1488	n
15388448	2794	1488	n
15388705	2797	1488	n
15388956	2797	1488	n
15389207	2797	1488	n
15389458	2794	1489	n
15399841	2797	1489	n
15400092	2797	1488	n
15400343	2796	1488	n
15400597	2796	1488	n
15400853	2797	1488	n
15401104	2795	1488	n
15411485	2795	1489	n
15411741	2795	1488	n
15411992	2797	1489	n
15412243	2794	1488	n
15412496	2795	1488	n
15412751	2791	1488	n
15423180	2797	1488	n
15423431	2795	1489	n
15423687	2796	1488	n
15423938	2797	1488	n
15424189	2798	1488	n
15424441	2796	1488	n
15434876	2798	1489	n
15435127	2795	1488	n
15435378	2798	1488	n
15435640	2798	1488	n
15435891	2797	1488	n
15436142	2797	1488	n
15446507	2797	1488	n
15446763	2797	1488	n
15447014	2798	1490	n
15447265	2799	1488	n
15447518	2799	1489	n
15447774	2797	1489	n
15448025	2797	1488	n
15458405	2799	1489	n
15458666	2799	1490	n
15458917	2799	1488	n
15459169	2799	1489	n
15459420	2798	1488	n
15459676	2798	1489	n
15470049	2796	1488	n
15470300	2796	1489	n
15470553	2795	1488	n
15470808	2797	1488	n
15471060	2798	1488	n
15471311	2795	1490	n
15481696	2798	1489	n
15481947	2798	1489	n
15482198	2798	1489	n
15482449	2796	1490	n
15482706	2798	1488	n
15482958	2796	1488	n
15493387	2799	1490	n
15493645	2796	1489	n
15493896	2798	1488	n
15494147	2798	1489	n
15494398	2798	1488	n
15494658	2796	1488	n
15505083	2799	1491	n
15505334	2797	1488	n
15505587	2798	1488	n
15505843	2795	1488	n
15506094	2796	1489	n
15506345	2798	1489	n
15516712	2799	1488	n
15516963	2799	1489	n
15517214	2799	1490	n
15517465	2797	1489	n
15517721	2799	1489	n
15517972	2799	1488	n
15518223	2798	1489	n
15528618	2795	1489	n
15528873	2797	1488	n
15529124	2797	1489	n
15529376	2799	1488	n
15529635	2797	1488	n
15529886	2797	1489	n
15540256	2800	1489	n
15540511	2799	1489	n
15540767	2798	1490	n
15541018	2798	1488	n
15541269	2799	1490	n
15541527	2798	1490	n
15551900	2799	1488	n
15552151	2797	1488	n
15552402	2799	1489	n
15552662	2799	1488	n
15552913	2797	1489	n
15553164	2797	1489	n
15563601	2798	1488	n
15563856	2798	1489	n
15564107	2798	1488	n
15564358	2798	1489	n
15564614	2798	1488	n
15564869	2798	1488	n
15575291	2799	1489	n
15575545	2799	1488	n
15575800	2798	1489	n
15576051	2798	1489	n
15576302	2797	1489	n
15576555	2799	1488	n
15586918	2799	1489	n
15587169	2799	1489	n
15587420	2799	1489	n
15587676	2800	1489	n
15587927	2799	1488	n
15588178	2798	1489	n
15588429	2798	1488	n
15598820	2799	1488	n
15599071	2799	1488	n
15599322	2799	1488	n
15599577	2798	1489	n
15599832	2797	1488	n
15600084	2796	1488	n
15610464	2797	1489	n
15610719	2797	1488	n
15610970	2799	1488	n
15611221	2799	1488	n
15611472	2800	1488	n
15611727	2798	1488	n
15622107	2798	1489	n
15622358	2798	1489	n
15622614	2798	1488	n
15622869	2797	1489	n
15623120	2799	1488	n
15623372	2798	1488	n
15633802	2799	1488	n
15634053	2799	1488	n
15634304	2798	1490	n
15634560	2798	1488	n
15634815	2797	1488	n
15635066	2798	1488	n
15645500	2797	1489	n
15645756	2795	1488	n
15646007	2796	1488	n
15646258	2795	1488	n
15646515	2799	1488	n
15646770	2799	1488	n
15657194	2797	1488	n
15657445	2798	1488	n
15657705	2798	1488	n
15657956	2797	1489	n
15658207	2796	1488	n
15658458	2795	1488	n
15658714	2797	1488	n
15669114	2797	1488	n
15669365	2799	1488	n
15669621	2797	1490	n
15669876	2800	1488	n
15670128	2798	1489	n
15670379	2799	1489	n
15680761	2798	1489	n
15681012	2798	1489	n
15681264	2797	1490	n
15681517	2799	1489	n
15681773	2795	1488	n
15682024	2797	1488	n
15692384	2797	1488	n
15692641	2798	1488	n
15692893	2796	1488	n
15693144	2795	1489	n
15693395	2797	1489	n
15693652	2799	1488	n
15704010	2798	1488	n
15704261	2799	1489	n
15704518	2798	1490	n
15704773	2797	1488	n
15705025	2798	1488	n
15705276	2796	1489	n
15715710	2798	1489	n
15715961	2799	1489	n
15716212	2798	1488	n
15716463	2797	1490	n
15716718	2797	1489	n
15716970	2799	1489	n
15727333	2799	1490	n
15727586	2799	1488	n
15727841	2798	1488	n
15728092	2799	1489	n
15728343	2798	1489	n
15728601	2799	1488	n
15728856	2799	1489	n
15739235	2797	1488	n
15739486	2797	1488	n
15739742	2797	1488	n
15739993	2798	1488	n
15740245	2799	1489	n
15740501	2795	1488	n
15750879	2796	1489	n
15751130	2796	1488	n
15751381	2797	1489	n
15751642	2798	1488	n
15751893	2796	1488	n
15752145	2797	1488	n
15762526	2799	1489	n
15762781	2799	1488	n
15763032	2797	1489	n
15763284	2797	1488	n
15763537	2797	1488	n
15763792	2797	1488	n
15774217	2797	1488	n
15774468	2799	1488	n
15774724	2799	1488	n
15774975	2797	1488	n
15775226	2799	1488	n
15775477	2800	1489	n
15785913	2798	1489	n
15786164	2798	1488	n
15786415	2796	1488	n
15786671	2796	1489	n
15786922	2795	1488	n
15787174	2796	1488	n
15797545	2795	1489	n
15797801	2797	1489	n
15798052	2795	1488	n
15798303	2795	1488	n
15798560	2798	1488	n
15798816	2798	1488	n
15799067	2796	1489	n
15809442	2798	1488	n
15809698	2798	1488	n
15809950	2797	1488	n
15810201	2799	1488	n
15810452	2796	1488	n
15810712	2797	1488	n
15821086	2797	1488	n
15821337	2795	1489	n
15821590	2797	1488	n
15821845	2792	1487	n
15822096	2793	1488	n
15822347	2794	1488	n
15832734	2796	1489	n
15833007	2797	1488	n
15833259	2797	1488	n
15833546	2797	1488	n
15833801	2798	1488	n
15834052	2798	1488	n
15844425	2797	1488	n
15844937	2797	1489	n
15845188	2797	1488	n
15845440	2797	1488	n
15845696	2797	1488	n
15845978	2799	1488	n
15856363	2797	1488	Time:00:00:00:00;;
15857061	2798	1488	n
15857321	2799	1489	n
15857601	2797	1488	n
15857856	2797	1488	n
15858107	2798	1488	n
15868490	2795	1488	n
15869004	2797	1488	n
15869255	2798	1488	n
15869512	2797	1488	n
15869777	2799	1488	n
15870050	2798	1488	n
15880443	2796	1488	n
15880924	2798	1488	n
15881175	2797	1488	n
15881457	2797	1488	n
15881713	2799	1488	n
15881964	2797	1488	n
15882215	2795	1488	n
15892684	2798	1489	n
15893161	2798	1489	n
15893412	2798	1488	n
15893678	2795	1489	n
15893952	2799	1488	n
15894203	2798	1488	n
15904627	2795	1488	n
15905111	2797	1488	n
15905393	2797	1488	n
15905653	2797	1489	n
15905904	2797	1488	n
15906155	2796	1488	n
15916592	2797	1488	Time:00:00:00:00;;
15917288	2796	1488	n
15917543	2796	1488	n
15917827	2798	1488	n
15918079	2797	1489	n
15918330	2795	1488	n
15928713	2798	1488	n
15929199	2797	1488	n
15929473	2797	1488	n
15929729	2797	1488	n
15929980	2798	1488	n
15930239	2798	1488	n
15940650	2798	1490	n
15941127	2797	1489	n
15941378	2797	1488	n
15941645	2799	1488	n
15941919	2796	1489	n
15942170	2797	1488	n
15942421	2797	1488	n
15952792	2798	1488	n
15953300	2797	1488	n
15953553	2798	1489	n
15953809	2795	1488	n
15954069	2794	1488	n
15954342	2794	1488	n
15964766	2798	1489	n
15965248	2797	1488	n
15965514	2796	1488	n
15965792	2795	1488	n
15966043	2795	1488	n
15966294	2799	1488	n
15976702	2796	1488	n
15977211	2798	1490	n
15977462	2796	1490	n
15977717	2800	1488	n
15977968	2797	1489	n
15978251	2799	1488	n
15978508	2797	1488	n
15988929	2797	1488	n
15989405	2797	1488	n
15989694	2797	1489	n
15989945	2797	1488	n
15990196	2795	1489	n
15990447	2797	1488	n
16000882	2797	1488	n
16001368	2795	1488	n
16001621	2797	1489	n
16001876	2798	1489	n
16002158	2797	1489	n
16002409	2796	1489	n
16012837	2798	1488	n
16013319	2797	1488	n
16013603	2797	1488	n
16013858	2797	1488	n
16014110	2798	1488	n
16014361	2797	1488	n
16014653	2795	1488	n
16025067	2799	1489	n
16025552	2798	1488	n
16025808	2799	1488	n
16026090	2797	1488	n
16026341	2798	1488	n
16026597	2797	1489	n
16037021	2797	1488	n
16037512	2797	1488	n
16037792	2795	1489	n
16038043	2797	1488	n
16038294	2795	1488	n
16038580	2798	1490	n
16048976	2798	1488	n
16049457	2795	1488	n
16049713	2798	1488	n
16049972	2796	1488	n
16050246	2795	1489	n
16050500	2797	1488	n
16050756	2795	1488	n
16061120	2799	1489	n
16061640	2799	1488	n
16061891	2797	1488	n
16062142	2797	1488	n
16062402	2797	1488	n
16062684	2797	1488	n
16073074	2797	1489	Time:00:00:00:00;;
16073612	2798	1488	n
16073868	2798	1490	n
16074119	2797	1489	n
16074370	2799	1489	n
16084736	2798	1489	n
16084987	2797	1488	n
16085238	2799	1488	n
16085489	2796	1489	n
16085748	2798	1488	n
16085999	2797	1488	n
16086250	2798	1489	n
16096660	2795	1488	n
16096911	2796	1488	n
16097162	2795	1488	n
16097413	2795	1488	n
16097671	2795	1488	n
16097922	2798	1488	n
16108299	2795	1488	n
16108552	2797	1488	n
16108807	2797	1488	n
16109058	2797	1488	n
16109309	2797	1488	n
16109566	2797	1488	n
16119994	2799	1489	n
16120246	2797	1489	n
16120501	2797	1488	n
16120756	2795	1488	n
16121007	2797	1488	n
16121259	2798	1489	n
16131642	2791	1488	n
16131893	2796	1488	n
16132144	2796	1488	n
16132395	2798	1488	n
16132652	2797	1488	n
16132903	2797	1488	n
16143333	2795	1489	n
16143586	2798	1488	n
16143841	2799	1489	n
16144092	2797	1489	n
16144343	2798	1488	n
16144601	2798	1488	n
16155012	2797	1488	n
16155263	2795	1488	n
16155517	2797	1488	n
16155773	2797	1488	n
16156024	2797	1488	n
16156275	2797	1488	n
16156532	2797	1488	n
16166949	2799	1488	n
16167200	2799	1488	n
16167451	2797	1488	n
16167711	2797	1488	n
16167963	2796	1488	n
16168214	2798	1489	n
16178597	2796	1488	n
16178852	2795	1488	n
16179104	2795	1488	n
16179355	2798	1488	n
16179612	2795	1488	n
16179867	2796	1488	n
16190287	2796	1488	n
16190542	2795	1488	n
16190798	2797	1488	n
16191049	2797	1488	n
16191300	2797	1488	n
16191554	2795	1489	n
16201914	2798	1489	n
16202165	2797	1488	n
16202416	2797	1488	n
16202673	2797	1489	n
16202924	2795	1488	n
16203175	2796	1488	n
16213546	2797	1489	n
16213801	2798	1488	n
16214052	2798	1488	n
16214303	2798	1488	n
16214560	2798	1489	n
16214815	2797	1490	n
16225220	2795	1488	n
16225471	2798	1488	n
16225726	2798	1488	n
16225977	2794	1488	n
16226228	2795	1488	n
16226480	2797	1488	n
16226735	2797	1488	n
16237156	2798	1489	n
16237407	2799	1488	n
16237666	2796	1488	n
16237917	2798	1488	n
16238168	2798	1488	n
16238419	2798	1488	n
16248800	2799	1490	n
16249051	2799	1488	n
16249302	2797	1488	n
16249555	2797	1488	n
16249810	2799	1489	n
16250062	2797	1488	n
16260501	2798	1488	n
16260756	2797	1488	n
16261007	2799	1488	n
16261259	2798	1490	n
16261516	2798	1489	n
16261771	2797	1488	n
16272191	2795	1488	n
16272442	2796	1488	n
16272699	2798	1488	n
16272950	2795	1489	n
16273201	2797	1489	n
16273452	2797	1488	n
16283835	2798	1488	n
16284086	2797	1489	n
16284337	2796	1489	n
16284590	2795	1488	n
16284845	2797	1489	n
16285096	2794	1488	n
16295518	2798	1488	n
16295773	2798	1489	n
16296024	2798	1488	n
16296275	2798	1489	n
16296532	2798	1489	n
16296787	2798	1488	n
16297038	2797	1488	n
16307450	2795	1488	n
16307707	2795	1488	n
16307958	2800	1488	n
16308209	2799	1488	n
16308460	2791	1488	n
16308716	2795	1488	n
16319094	2795	1489	n
16319345	2797	1489	n
16319600	2797	1488	n
16319855	2797	1488	n
16320106	2797	1488	n
16320358	2798	1488	n
16330789	2797	1489	n
16331040	2798	1488	n
16331292	2798	1488	n
16331546	2797	1488	n
16331801	2799	1489	n
16332052	2798	1488	n
16342485	2796	1488	n
16342741	2797	1489	n
16342992	2797	1488	n
16343243	2798	1488	n
16343496	2795	1488	n
16343751	2795	1489	n
16354111	2798	1489	n
16354362	2795	1488	n
16354619	2798	1488	n
16354874	2797	1488	n
16355125	2795	1488	n
16355376	2796	1488	n
16355634	2797	1488	n
16366014	2797	1489	n
16366265	2799	1488	n
16366518	2798	1488	n
16366774	2795	1489	n
16367025	2796	1488	n
16367276	2798	1488	n
16377661	2799	1489	n
16377912	2796	1488	n
16378164	2798	1489	n
16378415	2796	1489	n
16378672	2797	1488	n
16378923	2797	1488	n
16389301	2799	1488	n
16389554	2795	1488	n
16389809	2795	1488	n
16390060	2795	1488	n
16390311	2796	1488	n
16390566	2795	1488	n
16400996	2798	1488	n
16401247	2798	1489	n
16401501	2799	1489	n
16401756	2798	1489	n
16402007	2797	1489	n
16402258	2796	1489	n
16412696	2797	1488	n
16412947	2794	1488	n
16413198	2797	1488	n
16413450	2797	1488	n
16413707	2797	1488	n
16413958	2795	1489	n
16424319	2799	1489	n
16424572	2797	1489	n
16424827	2799	1488	n
16425079	2799	1489	n
16425330	2799	1488	n
16425587	2798	1488	n
16425842	2798	1488	n
16436221	2799	1488	n
16436472	2800	1489	n
16436728	2800	1489	n
16436979	2797	1488	n
16437230	2799	1490	n
16437481	2798	1489	n
16447865	2797	1488	n
16448116	2798	1488	n
16448367	2797	1488	n
16448621	2797	1488	n
16448876	2797	1488	n
16449127	2795	1488	n
16459512	2795	1488	n
16459768	2798	1488	n
16460019	2796	1488	n
16460270	2796	1488	n
16460526	2797	1489	n
16460781	2795	1488	n
16471204	2798	1488	n
16471455	2798	1489	n
16471713	2798	1489	n
16471964	2799	1489	n
16472215	2799	1488	n
16472466	2797	1489	n
16482900	2798	1488	n
16483151	2799	1489	n
16483402	2798	1488	n
16483662	2794	1488	n
16483913	2798	1488	n
16484164	2795	1488	n
16494529	2797	1488	n
16494784	2798	1488	n
16495035	2797	1489	n
16495287	2797	1488	n
16495544	2797	1488	n
16495800	2797	1488	n
16496051	2797	1488	n
16506429	2797	1488	n
16506684	2798	1488	n
16506935	2798	1489	n
16507186	2798	1488	n
16507438	2797	1488	n
16507693	2798	1488	n
16518072	2799	1489	n
16518323	2800	1488	n
16518579	2800	1489	n
16518835	2798	1489	n
16519086	2798	1489	n
16519337	2799	1489	n
16529720	2795	1488	n
16529971	2800	1489	n
16530222	2795	1489	n
16530473	2799	1488	n
16530729	2795	1488	n
16530980	2795	1488	n
16541411	2797	1488	n
16541672	2798	1489	n
16541923	2799	1488	n
16542174	2797	1488	n
16542425	2798	1488	n
16542681	2799	1488	n
16553107	2799	1488	n
16553358	2798	1489	n
16553614	2799	1489	n
16553869	2799	1488	n
16554120	2798	1488	n
16554371	2797	1489	n
16564734	2799	1489	n
16564985	2799	1491	n
16565236	2798	1489	n
16565487	2798	1489	n
16565748	2798	1488	n
16565999	2797	1490	n
16566251	2797	1489	n
16576642	2798	1488	n
16576893	2797	1488	n
16577145	2797	1488	n
16577396	2796	1488	n
16577653	2798	1488	n
16577904	2797	1488	n
16588280	2795	1489	n
16588535	2797	1489	n
16588788	2796	1488	n
16589039	2797	1488	n
16589291	2795	1488	n
16589545	2798	1488	n
16599924	2798	1489	n
16600175	2797	1489	n
16600426	2798	1488	n
16600681	2797	1490	n
16600933	2799	1488	n
16601184	2799	1488	n
16611620	2799	1489	n
16611875	2799	1490	n
16612126	2798	1488	n
16612377	2799	1488	n
16612635	2799	1488	n
16612886	2798	1488	n
16623315	2799	1488	n
16623568	2797	1488	n
16623824	2798	1489	n
16624075	2798	1488	n
16624326	2798	1489	n
16624580	2797	1489	n
16634941	2797	1488	n
16635192	2796	1488	n
16635443	2797	1488	n
16635699	2795	1488	n
16635951	2799	1488	n
16636202	2798	1488	n
16636453	2795	1490	n
16646844	2799	1489	n
16647095	2798	1489	n
16647346	2797	1488	n
16647603	2798	1488	n
16647859	2797	1489	n
16648110	2797	1488	n
16658487	2798	1488	n
16658743	2799	1489	n
16658994	2799	1488	n
16659246	2796	1490	n
16659500	2800	1488	n
16659756	2800	1488	n
16670131	2797	1488	n
16670382	2799	1488	n
16670642	2796	1488	n
16670893	2798	1488	n
16671145	2797	1488	n
16671396	2797	1489	n
16681826	2798	1489	n
16682077	2798	1488	n
16682328	2798	1488	n
16682583	2797	1489	n
16682839	2797	1489	n
16683090	2795	1488	n
16693526	2797	1488	n
16693781	2799	1489	n
16694032	2799	1489	n
16694283	2797	1489	n
16694537	2798	1489	n
16694792	2797	1489	n
16705149	2797	1488	n
16705400	2795	1488	n
16705657	2795	1489	n
16705909	2790	1488	n
16706160	2797	1488	n
16706411	2797	1487	n
16706672	2797	1488	n
16717051	2798	1489	n
16717302	2798	1489	n
16717555	2797	1488	n
16717810	2797	1488	n
16718062	2798	1488	n
16718313	2797	1488	n
16728699	2799	1490	n
16728950	2800	1488	n
16729201	2799	1490	n
16729452	2797	1489	n
16729713	2797	1489	n
16729964	2799	1489	n
16740339	2798	1488	n
16740594	2797	1488	n
16740849	2797	1488	n
16741101	2797	1488	n
16741352	2799	1489	n
16741605	2798	1489	n
16752034	2797	1488	n
16752285	2795	1488	n
16752538	2797	1488	n
16752793	2797	1488	n
16753044	2798	1490	n
16753296	2798	1488	n
16763730	2798	1489	n
16763981	2798	1490	n
16764232	2799	1488	n
16764483	2796	1489	n
16764739	2796	1488	n
16764991	2798	1489	n
16775356	2797	1489	n
16775611	2799	1488	n
16775867	2798	1488	n
16776118	2799	1489	n
16776369	2799	1489	n
16776622	2800	1490	n
16776877	2798	1489	n
16787259	2799	1489	n
16787514	2799	1489	n
16787770	2798	1488	n
16788021	2799	1488	n
16788272	2798	1490	n
16788529	2797	1489	n
16798902	2798	1489	n
16799153	2797	1489	n
16799404	2797	1488	n
16799662	2798	1489	n
16799913	2799	1488	n
16800164	2796	1488	n
16810549	2797	1489	n
16810804	2798	1489	n
16811055	2800	1489	n
16811307	2797	1488	n
16811563	2797	1488	n
16811819	2795	1489	n
16822241	2797	1488	n
16822493	2799	1488	n
16822749	2795	1488	n
16823001	2797	1490	n
16823252	2795	1488	n
16823508	2797	1490	n
16833937	2798	1489	n
16834232	2798	1488	n
16834493	2798	1489	n
16834771	2798	1489	n
16835022	2798	1488	n
16835273	2799	1489	n
16845702	2795	1488	n
16846210	2797	1488	n
16846461	2795	1488	n
16846717	2796	1489	n
16846977	2798	1488	n
16847250	2796	1489	n
16847505	2797	1488	n
16857897	2799	1490	Time:00:00:00:00;;
16858602	2799	1489	n
16858880	2796	1488	n
16859131	2798	1488	n
16859391	2797	1488	n
16869808	2799	1489	n
16870285	2799	1491	n
16870538	2799	1488	n
16870793	2799	1488	n
16871075	2798	1488	n
16871326	2799	1488	n
16871584	2797	1488	n
16881961	2797	1488	n
16882467	2796	1488	n
16882722	2799	1488	n
16882974	2796	1488	n
16883225	2796	1488	n
16883512	2796	1488	n
16893915	2797	1489	n
16894392	2798	1489	n
16894652	2798	1488	n
16894912	2798	1488	n
16895186	2798	1489	n
16895437	2797	1488	n
16905853	2798	1489	n
16906340	2799	1489	n
16906618	2797	1488	n
16906873	2797	1488	n
16907124	2798	1488	n
16907384	2797	1489	n
16907666	2800	1490	n
16918100	2799	1489	Time:00:00:00:00;;
16918809	2797	1489	n
16919083	2800	1489	n
16919334	2798	1489	n
16919587	2798	1489	n
16930020	2796	1489	n
16930532	2797	1488	n
16930787	2797	1488	n
16931038	2796	1489	n
16931298	2799	1488	n
16931577	2796	1488	n
16931832	2797	1488	n
16942250	2796	1489	n
16942744	2795	1488	n
16943018	2796	1489	n
16943269	2798	1488	n
16943526	2797	1489	n
16943790	2795	1488	n
16954211	2797	1488	n
16954695	2798	1488	n
16954946	2798	1488	n
16955206	2796	1488	n
16955479	2799	1488	n
16955735	2798	1488	n
16966141	2798	1488	n
16966642	2799	1488	n
16966916	2798	1490	n
16967167	2797	1489	n
16967418	2799	1488	n
16967682	2799	1488	n
16967957	2797	1489	n
16978389	2799	1489	n
16978876	2799	1488	n
16979136	2795	1489	n
16979409	2797	1487	n
16979671	2797	1488	n
16979922	2797	1488	n
16990342	2797	1488	n
16990858	2797	1488	n
16991109	2797	1488	n
16991360	2797	1488	n
16991622	2799	1488	n
16991900	2797	1488	n
17002263	2798	1488	n
17002749	2798	1488	n
17003000	2798	1489	n
17003282	2797	1489	n
17003535	2799	1491	n
17003791	2798	1489	n
17004042	2798	1489	n
17014441	2797	1488	n
17014942	2797	1488	n
17015193	2798	1488	n
17015444	2797	1488	n
17015736	2795	1488	n
17015987	2794	1487	n
17026395	2796	1489	n
17026885	2797	1488	n
17027167	2797	1488	n
17027418	2797	1488	n
17027674	2795	1488	n
17027925	2796	1488	n
17038316	2798	1489	n
17038810	2795	1489	n
17039061	2798	1489	n
17039313	2798	1489	n
17039577	2799	1489	n
17039855	2799	1488	n
17040106	2797	1488	n
17050495	2798	1490	n
17050989	2798	1489	n
17051263	2798	1489	n
17051517	2799	1489	n
17051773	2799	1488	n
17052033	2797	1489	n
17062456	2795	1488	n
17062938	2797	1488	n
17063189	2798	1488	n
17063449	2798	1488	n
17063729	2799	1489	n
17063980	2795	1488	n
17074368	2799	1488	Time:00:00:00:00;;
17074885	2797	1489	n
17075136	2797	1488	n
17075388	2795	1488	n
17075645	2795	1489	n
17075896	2797	1489	n
17086287	2799	1489	n
17086543	2799	1488	n
17086798	2797	1489	n
17087049	2798	1489	n
17087300	2798	1489	n
17087553	2798	1488	n
17097982	2799	1490	n
17098233	2799	1489	n
17098484	2799	1489	n
17098741	2798	1489	n
17098992	2798	1489	n
17099243	2798	1488	n
17109682	2799	1489	n
17109933	2798	1489	n
17110184	2799	1489	n
17110435	2798	1490	n
17110691	2798	1488	n
17110942	2796	1488	n
17121305	2799	1490	n
17121560	2795	1488	n
17121815	2797	1488	n
17122066	2797	1488	n
17122317	2797	1488	n
17122570	2797	1488	n
17122826	2795	1488	n
17133207	2799	1489	n
17133458	2797	1489	n
17133714	2798	1488	n
17133966	2799	1490	n
17134217	2799	1489	n
17134468	2799	1490	n
17144851	2797	1489	n
17145102	2798	1489	n
17145353	2797	1488	n
17145606	2799	1488	n
17145862	2797	1488	n
17146113	2796	1488	n
17156496	2797	1488	n
17156751	2797	1489	n
17157003	2798	1488	n
17157254	2798	1488	n
17157508	2798	1488	n
17157764	2798	1489	n
17168190	2797	1488	n
17168441	2797	1489	n
17168698	2798	1488	n
17168949	2798	1488	n
17169200	2797	1488	n
17169451	2795	1488	n
17179886	2799	1490	n
17180137	2799	1489	n
17180388	2799	1489	n
17180645	2798	1489	n
17180896	2797	1489	n
17181147	2799	1489	n
17191518	2797	1489	n
17191773	2797	1488	n
17192025	2799	1489	n
17192276	2796	1489	n
17192533	2797	1488	n
17192787	2797	1488	n
17193038	2798	1488	n
17203415	2799	1488	n
17203672	2799	1489	n
17203923	2797	1488	n
17204174	2798	1488	n
17204425	2797	1489	n
17204681	2797	1489	n
17215059	2798	1488	n
17215310	2798	1489	n
17215566	2798	1488	n
17215821	2797	1489	n
17216072	2798	1489	n
17216323	2798	1488	n
17226706	2799	1490	n
17226957	2799	1489	n
17227209	2799	1489	n
17227460	2796	1488	n
17227716	2798	1488	n
17227967	2799	1488	n
17238397	2798	1489	n
17238658	2798	1488	n
17238909	2798	1488	n
17239160	2798	1489	n
17239411	2798	1488	n
17239672	2799	1489	n
17250093	2798	1489	n
17250344	2798	1489	n
17250601	2798	1488	n
17250856	2797	1489	n
17251107	2798	1488	n
17251358	2798	1488	n
17261720	2798	1488	n
17261971	2797	1489	n
17262222	2798	1489	n
17262473	2800	1489	n
17262729	2800	1488	n
17262980	2798	1489	n
17263231	2797	1488	n
17273624	2798	1489	n
17273879	2798	1489	n
17274130	2798	1488	n
17274381	2798	1489	n
17274643	2798	1488	n
17274894	2799	1489	n
17285266	2799	1488	n
17285519	2795	1488	n
17285774	2798	1489	n
17286026	2798	1488	n
17286277	2797	1488	n
17286532	2797	1488	n
17296910	2797	1488	n
17297161	2799	1490	n
17297412	2799	1488	n
17297672	2799	1488	n
17297923	2798	1488	n
17298174	2798	1490	n
17308608	2799	1489	n
17308863	2799	1489	n
17309114	2799	1489	n
17309365	2799	1490	n
17309621	2800	1489	n
17309876	2799	1489	n
17320301	2798	1491	n
17320554	2800	1489	n
17320809	2799	1489	n
17321060	2799	1490	n
17321312	2799	1488	n
17321566	2798	1488	n
17331928	2796	1489	n
17332179	2798	1488	n
17332430	2798	1491	n
17332685	2798	1488	n
17332936	2798	1488	n
17333187	2797	1488	n
17333439	2798	1489	n
17343830	2795	1488	n
17344081	2797	1488	n
17344332	2798	1488	n
17344586	2795	1488	n
17344841	2797	1488	n
17345092	2797	1488	n
17355474	2800	1489	n
17355729	2797	1490	n
17355981	2797	1489	n
17356232	2798	1489	n
17356483	2798	1488	n
17356739	2797	1489	n
17367117	2798	1488	n
17367368	2796	1489	n
17367621	2797	1488	n
17367876	2797	1488	n
17368127	2797	1488	n
17368378	2797	1488	n
17378812	2797	1489	n
17379063	2797	1490	n
17379315	2799	1488	n
17379569	2796	1489	n
17379824	2800	1489	n
17380075	2795	1488	n
17390511	2797	1488	n
17390767	2797	1488	n
17391018	2799	1488	n
17391269	2797	1488	n
17391527	2798	1488	n
17391782	2797	1488	n
17402204	2797	1488	n
17402455	2798	1489	n
17402712	2795	1488	n
17402963	2798	1488	n
17403214	2799	1488	n
17403465	2796	1489	n
17403721	2797	1488	n
17414124	2799	1488	n
17414375	2795	1488	n
17414635	2795	1488	n
17414886	2798	1488	n
17415138	2799	1488	n
17415389	2797	1488	n
17425771	2795	1488	n
17426022	2798	1488	n
17426273	2795	1490	n
17426529	2796	1489	n
17426785	2797	1488	n
17427036	2797	1488	n
17437394	2799	1489	n
17437652	2798	1488	n
17437903	2798	1488	n
17438154	2795	1488	n
17438406	2798	1488	n
17438667	2798	1489	n
17449106	2798	1489	n
17449357	2798	1488	n
17449614	2797	1489	n
17449869	2799	1489	n
17450121	2799	1490	n
17450372	2798	1488	n
17460802	2798	1488	n
17461053	2796	1488	n
17461304	2798	1488	n
17461560	2797	1488	n
17461815	2797	1488	n
17462066	2797	1488	n
17472481	2798	1488	n
17472736	2799	1488	n
17472987	2798	1490	n
17473238	2796	1488	n
17473489	2797	1488	n
17473748	2798	1490	n
17473999	2797	1488	n
17484417	2799	1488	n
17484673	2798	1488	n
17484924	2798	1488	n
17485175	2798	1488	n
17485427	2798	1489	n
17485682	2798	1489	n
17496061	2798	1489	n
17496312	2797	1489	n
17496569	2797	1489	n
17496824	2798	1489	n
17497075	2799	1488	n
17497327	2796	1490	n
17507757	2797	1489	n
17508008	2798	1488	n
17508260	2797	1488	n
17508515	2798	1488	n
17508770	2797	1488	n
17509021	2796	1488	n
17519383	2797	1489	n
17519642	2799	1489	n
17519893	2799	1490	n
17520144	2797	1488	n
17520395	2797	1488	n
17520652	2797	1488	n
17531010	2799	1488	n
17531261	2798	1488	n
17531518	2798	1489	n
17531773	2798	1489	n
17532024	2798	1488	n
17532275	2799	1488	n
17542689	2798	1490	n
17542940	2800	1489	n
17543191	2797	1489	n
17543442	2798	1488	n
17543699	2797	1488	n
17543950	2795	1489	n
17544201	2795	1488	n
17554629	2799	1489	n
17554884	2799	1488	n
17555135	2797	1488	n
17555386	2797	1489	n
17555643	2797	1488	n
17555894	2798	1488	n
17566269	2797	1488	n
17566526	2798	1489	n
17566781	2799	1490	n
17567032	2795	1488	n
17567284	2798	1489	n
17567537	2799	1488	n
17577964	2797	1489	n
17578215	2797	1488	n
17578467	2799	1489	n
17578722	2799	1490	n
17578973	2797	1488	n
17579224	2798	1488	n
17589593	2798	1488	n
17589848	2796	1488	n
17590099	2796	1488	n
17590350	2797	1488	n
17590604	2797	1488	n
17590859	2798	1489	n
17601217	2795	1488	n
17601468	2797	1488	n
17601723	2795	1488	n
17601975	2795	1488	n
17602226	2797	1488	n
17602477	2798	1488	n
17612896	2799	1490	n
17613147	2795	1489	n
17613398	2797	1489	n
17613658	2799	1488	n
17613909	2799	1489	n
17614160	2798	1489	n
17614411	2799	1489	n
17624832	2800	1490	n
17625083	2799	1490	n
17625334	2799	1488	n
17625587	2800	1489	n
17625843	2798	1488	n
17626094	2799	1490	n
17636476	2800	1488	n
17636732	2797	1488	n
17636983	2799	1488	n
17637234	2797	1489	n
17637485	2797	1488	n
17637741	2799	1489	n
17648171	2797	1489	n
17648422	2797	1489	n
17648678	2797	1488	n
17648929	2798	1489	n
17649180	2797	1488	n
17649431	2797	1489	n
17659798	2798	1488	n
17660049	2799	1488	n
17660301	2800	1488	n
17660554	2797	1488	n
17660809	2800	1489	n
17661061	2799	1490	n
17671425	2799	1488	n
17671680	2797	1488	n
17671931	2799	1488	n
17672183	2798	1488	n
17672434	2797	1489	n
17672689	2799	1490	n
17683104	2797	1488	n
17683355	2797	1488	n
17683612	2797	1488	n
17683867	2797	1488	n
17684118	2797	1488	n
17684369	2796	1488	n
17684622	2797	1488	n
17695040	2799	1488	n
17695291	2798	1489	n
17695545	2797	1489	n
17695800	2797	1488	n
17696051	2799	1489	n
17696303	2798	1488	n
17706688	2799	1488	n
17706939	2799	1489	n
17707190	2799	1489	n
17707442	2798	1490	n
17707698	2798	1489	n
17707949	2799	1489	n
17718379	2799	1488	n
17718639	2798	1490	n
17718890	2799	1489	n
17719141	2799	1488	n
17719393	2799	1488	n
17719653	2798	1489	n
17730075	2798	1489	n
17730326	2798	1488	n
17730580	2798	1488	n
17730835	2796	1488	n
17731086	2795	1488	n
17731337	2797	1488	n
17741720	2798	1489	n
17741971	2797	1489	n
17742222	2796	1489	n
17742473	2799	1488	n
17742729	2797	1488	n
17742980	2798	1488	n
17753396	2798	1488	n
17753658	2799	1488	n
17753909	2800	1488	n
17754160	2799	1489	n
17754411	2798	1488	n
17754672	2798	1489	n
17754923	2798	1488	n
17765334	2797	1488	n
17765587	2797	1488	n
17765843	2797	1488	n
17766094	2795	1488	n
17766345	2796	1488	n
17766600	2798	1488	n
17776977	2797	1488	n
17777228	2795	1489	n
17777479	2798	1488	n
17777735	2798	1488	n
17777986	2797	1488	n
17778237	2799	1488	n
17788677	2799	1488	n
17788928	2798	1489	n
17789179	2799	1488	n
17789430	2799	1491	n
17789686	2798	1488	n
17789937	2799	1489	n
17800368	2798	1491	n
17800621	2798	1490	n
17800876	2800	1489	n
17801127	2798	1489	n
17801378	2799	1489	n
17801640	2799	1489	n
17812064	2797	1489	n
17812315	2799	1489	n
17812568	2795	1490	n
17812824	2796	1488	n
17813075	2797	1488	n
17813326	2796	1488	n
17813580	2797	1488	n
17823984	2797	1489	n
17824235	2798	1489	n
17824486	2796	1488	n
17824742	2797	1488	n
17824993	2795	1488	n
17825245	2798	1488	n
17835635	2799	1488	n
17835976	2799	1489	n
17836227	2800	1489	n
17836478	2800	1489	n
17836764	2799	1488	n
17837015	2798	1489	n
17847409	2799	1490	n
17847894	2797	1489	n
17848176	2799	1489	n
17848427	2800	1488	n
17848682	2799	1489	n
17848933	2799	1488	n
17859363	2798	1489	Time:00:00:00:00;;
17860069	2799	1488	n
17860320	2797	1490	n
17860584	2798	1488	n
17860862	2798	1488	n
17861113	2798	1488	n
17871490	2797	1488	n
17871982	2797	1488	n
17872256	2799	1488	n
17872512	2797	1489	n
17872767	2798	1488	n
17873027	2798	1488	n
17883430	2799	1490	n
17883910	2799	1490	n
17884162	2798	1488	n
17884422	2798	1488	n
17884700	2799	1490	n
17884951	2799	1489	n
17885202	2798	1489	n
17895577	2797	1489	n
17896090	2798	1488	n
17896341	2798	1488	n
17896597	2798	1488	n
17896853	2799	1488	n
17897137	2799	1489	n
17907546	2798	1489	n
17908027	2799	1488	n
17908278	2798	1488	n
17908567	2797	1489	n
17908822	2798	1489	n
17909073	2797	1488	n
17919480	2799	1488	Time:00:00:00:00;;
17920207	2799	1489	n
17920458	2797	1488	n
17920714	2798	1489	n
17920974	2798	1489	n
17921249	2797	1489	n
17931630	2798	1489	n
17932110	2799	1489	n
17932370	2798	1488	n
17932652	2799	1489	n
17932904	2797	1488	n
17933155	2799	1488	n
17943566	2796	1488	n
17944077	2798	1488	n
17944329	2798	1489	n
17944584	2797	1488	n
17944848	2798	1489	n
17945122	2797	1488	n
17955481	2800	1489	n
17955962	2799	1488	n
17956222	2797	1488	n
17956501	2800	1489	n
17956756	2799	1488	n
17957007	2799	1489	n
17957267	2799	1489	n
17967689	2797	1488	n
17968172	2798	1488	n
17968423	2799	1489	n
17968678	2799	1489	n
17968960	2797	1490	n
17969211	2799	1489	n
17979613	2799	1488	n
17980095	2800	1490	n
17980377	2799	1489	n
17980635	2799	1488	n
17980886	2798	1489	n
17981138	2799	1489	n
17991534	2798	1490	n
17992023	2797	1488	n
17992274	2798	1488	n
17992529	2797	1489	n
17992793	2797	1489	n
17993066	2799	1488	n
17993317	2799	1488	n
18003733	2800	1489	n
18004220	2798	1488	n
18004495	2797	1488	n
18004750	2799	1489	n
18005001	2799	1488	n
18005262	2799	1488	n
18015670	2799	1488	n
18016153	2799	1490	n
18016404	2798	1490	n
18016670	2798	1488	n
18016944	2798	1488	n
18017195	2798	1489	n
18027586	2798	1488	n
18028082	2797	1489	n
18028355	2797	1489	n
18028611	2798	1489	n
18028867	2798	1488	n
18029127	2799	1489	n
18029400	2797	1488	n
18039785	2799	1489	n
18040263	2798	1488	n
18040518	2797	1488	n
18040804	2798	1488	n
18041055	2797	1488	n
18041307	2797	1488	n
18051723	2797	1488	n
18052236	2797	1489	n
18052487	2798	1489	n
18052748	2797	1488	n
18052999	2797	1488	n
18053282	2797	1488	n
18063724	2797	1489	n
18064201	2798	1488	n
18064452	2795	1489	Time:00:00:00:00;;
18064954	2799	1489	n
18065205	2797	1488	n
18065456	2798	1488	n
18075885	2797	1489	n
18076136	2797	1488	n
18076388	2797	1490	n
18076645	2798	1488	n
18076896	2798	1488	n
18077147	2794	1488	n
18087582	2798	1489	n
18087837	2798	1488	n
18088089	2798	1489	n
18088340	2799	1489	n
18088597	2798	1489	n
18088852	2799	1488	n
18099260	2799	1490	n
18099514	2799	1490	n
18099770	2799	1489	n
18100021	2799	1489	n
18100272	2799	1489	n
18100528	2797	1488	n
18100784	2798	1490	n
18111196	2799	1489	n
18111447	2799	1490	n
18111704	2799	1489	n
18111955	2799	1489	n
18112206	2799	1489	n
18112458	2795	1489	n
18122840	2800	1488	n
18123091	2797	1488	n
18123342	2795	1488	n
18123597	2797	1488	n
18123852	2797	1489	n
18124103	2798	1489	n
18134538	2798	1488	n
18134793	2798	1489	n
18135044	2797	1488	n
18135295	2797	1489	n
18135552	2798	1488	n
18135808	2799	1490	n
18146231	2797	1488	n
18146482	2797	1489	n
18146738	2798	1488	n
18146989	2797	1488	n
18147240	2796	1488	n
18147492	2796	1489	n
18157875	2798	1489	n
18158126	2799	1488	n
18158377	2800	1488	n
18158634	2798	1488	n
18158885	2797	1489	n
18159136	2798	1488	n
18169553	2798	1488	n
18169809	2797	1488	n
18170060	2799	1489	n
18170311	2797	1488	n
18170566	2797	1488	n
18170821	2795	1488	n
18171072	2798	1488	n
18181490	2797	1488	n
18181748	2799	1488	n
18181999	2797	1489	n
18182250	2797	1489	n
18182505	2797	1488	n
18182760	2798	1489	n
18193134	2798	1489	n
18193385	2799	1489	n
18193642	2799	1489	n
18193893	2797	1488	n
18194144	2798	1489	n
18194395	2799	1489	n
18204829	2798	1490	n
18205080	2799	1490	n
18205332	2798	1490	n
18205586	2798	1490	n
18205841	2799	1488	n
18206092	2795	1488	n
18216528	2797	1488	n
18216783	2797	1489	n
18217034	2797	1489	n
18217286	2798	1489	n
18217539	2797	1488	n
18217793	2798	1488	n
18228151	2798	1488	n
18228402	2797	1488	n
18228662	2797	1488	n
18228913	2797	1488	n
18229164	2799	1489	n
18229415	2799	1488	n
18229672	2798	1488	n
18240054	2798	1488	n
18240305	2798	1489	n
18240560	2799	1490	n
18240815	2799	1489	n
18241066	2799	1489	n
18241318	2798	1491	n
18251701	2798	1488	n
18251952	2798	1489	n
18252203	2798	1489	n
18252454	2796	1491	n
18252712	2798	1488	n
18252963	2797	1488	n
18263341	2797	1489	n
18263597	2799	1488	n
18263852	2797	1488	n
18264104	2797	1488	n
18264355	2795	1488	n
18264612	2797	1488	n
18275036	2796	1488	n
18275287	2798	1489	n
18275542	2796	1488	n
18275798	2799	1489	n
18276049	2797	1490	n
18276300	2797	1488	n
18286732	2798	1489	n
18286983	2798	1488	n
18287234	2799	1490	n
18287485	2797	1490	n
18287742	2800	1489	n
18287993	2799	1488	n
18298359	2799	1489	n
18298614	2798	1489	n
18298870	2797	1489	n
18299121	2796	1488	n
18299372	2799	1488	n
18299629	2799	1489	n
18299884	2798	1489	n
18310261	2795	1488	n
18310518	2795	1488	n
18310773	2794	1488	n
18311024	2795	1488	n
18311276	2797	1488	n
18311533	2795	1488	n
18321905	2796	1488	n
18322156	2797	1488	n
18322407	2798	1488	n
18322666	2797	1488	n
18322917	2797	1489	n
18323168	2796	1488	n
18333552	2799	1488	n
18333807	2799	1489	n
18334058	2797	1488	n
18334309	2797	1488	n
18334566	2795	1488	n
18334822	2797	1488	n
18345244	2797	1488	n
18345501	2795	1488	n
18345756	2794	1489	n
18346007	2795	1488	n
18346258	2797	1489	n
18346516	2795	1488	n
18356940	2795	1488	n
18357191	2797	1488	n
18357442	2797	1488	n
18357699	2795	1488	n
18357950	2797	1488	n
18358201	2794	1488	n
18368566	2795	1488	n
18368822	2796	1488	n
18369073	2798	1489	n
18369324	2797	1488	n
18369580	2795	1488	n
18369835	2795	1488	n
18370086	2796	1488	n
18380469	2798	1488	n
18380725	2796	1488	n
18380976	2795	1488	n
18381227	2797	1490	n
18381478	2799	1488	n
18381734	2797	1488	n
18392112	2797	1488	n
18392363	2796	1488	n
18392617	2795	1488	n
18392873	2795	1488	n
18393124	2796	1488	n
18393375	2795	1488	n
18403760	2795	1488	n
18404011	2795	1488	n
18404262	2795	1488	n
18404518	2794	1488	n
18404773	2796	1488	n
18405025	2795	1488	n
18415451	2795	1488	n
18415712	2798	1488	n
18415963	2796	1488	n
18416214	2798	1488	n
18416465	2797	1488	n
18416720	2795	1488	n
18427147	2793	1489	n
18427398	2791	1488	n
18427658	2794	1488	n
18427909	2796	1488	n
18428160	2795	1488	n
18428411	2793	1488	n
18438774	2797	1488	n
18439025	2796	1488	n
18439276	2795	1488	n
18439532	2795	1488	n
18439787	2795	1488	n
18440038	2795	1488	n
18440289	2795	1488	n
18450680	2795	1488	n
18450932	2795	1488	n
18451183	2794	1488	n
18451434	2799	1488	n
18451690	2795	1488	n
18451941	2798	1488	n
18462320	2797	1489	n
18462577	2795	1488	n
18462832	2797	1489	n
18463083	2799	1488	n
18463334	2797	1488	n
18463588	2794	1488	n
18473964	2794	1488	n
18474215	2797	1488	n
18474466	2794	1488	n
18474722	2795	1488	n
18474973	2795	1488	n
18475224	2794	1488	n
18485664	2795	1489	n
18485915	2795	1488	n
18486166	2797	1488	n
18486417	2796	1487	n
18486673	2795	1488	n
18486925	2795	1489	n
18497355	2795	1489	n
18497612	2797	1489	n
18497867	2798	1488	n
18498118	2796	1488	n
18498370	2795	1488	n
18498623	2795	1488	n
18509051	2795	1488	n
18509302	2797	1488	n
18509555	2796	1488	n
18509810	2795	1488	n
18510061	2796	1488	n
18510313	2797	1488	n
18510569	2797	1488	n
18520970	2797	1488	n
18521221	2798	1488	n
18521472	2799	1488	n
18521728	2795	1488	n
18521979	2794	1488	n
18522230	2798	1488	n
18532618	2795	1488	n
18532873	2796	1488	n
18533124	2797	1488	n
18533375	2796	1488	n
18533635	2798	1488	n
18533886	2797	1488	n
18544309	2795	1488	n
18544566	2799	1491	n
18544822	2795	1489	n
18545073	2797	1489	n
18545324	2798	1488	n
18545580	2795	1488	n
18555952	2796	1488	n
18556203	2795	1488	n
18556455	2795	1488	n
18556712	2795	1488	n
18556963	2798	1488	n
18557214	2795	1488	n
18567652	2797	1488	n
18567903	2795	1488	n
18568154	2795	1488	n
18568406	2795	1488	n
18568667	2795	1488	n
18568918	2794	1488	n
18579327	2795	1488	n
18579584	2795	1488	n
18579839	2795	1488	n
18580091	2795	1488	n
18580342	2795	1489	n
18580597	2794	1488	n
18580852	2795	1488	n
18591264	2796	1488	n
18591517	2797	1488	n
18591773	2797	1488	n
18592024	2797	1488	n
18592275	2797	1488	n
18592532	2797	1488	n
18602907	2798	1489	n
18603158	2794	1489	n
18603409	2795	1488	n
18603667	2793	1488	n
18603918	2797	1488	n
18604169	2797	1488	n
18614604	2795	1488	n
18614860	2796	1488	n
18615111	2795	1488	n
18615362	2798	1488	n
18615619	2795	1488	n
18615874	2797	1489	n
18626298	2795	1488	n
18626552	2795	1488	n
18626807	2796	1488	n
18627058	2795	1488	n
18627309	2795	1488	n
18627566	2795	1489	n
18637942	2796	1488	n
18638193	2795	1488	n
18638444	2797	1488	n
18638705	2799	1489	n
18638956	2798	1488	n
18639207	2800	1488	n
18649620	2794	1488	n
18649876	2795	1488	n
18650127	2795	1488	n
18650378	2795	1488	n
18650640	2795	1488	n
18650891	2795	1487	n
18651142	2795	1488	n
18661562	2797	1489	n
18661818	2797	1488	n
18662069	2795	1488	n
18662320	2798	1488	n
18662577	2798	1488	n
18662832	2794	1488	n
18673201	2795	1488	n
18673452	2794	1488	n
18673712	2794	1488	n
18673963	2797	1488	n
18674214	2795	1489	n
18674465	2795	1488	n
18684896	2795	1489	n
18685147	2796	1488	n
18685398	2797	1488	n
18685658	2795	1489	n
18685909	2796	1488	n
18686160	2797	1489	n
18696592	2794	1488	n
18696847	2797	1488	n
18697098	2794	1488	n
18697349	2796	1488	n
18697603	2794	1488	n
18697859	2794	1488	n
18708219	2795	1488	n
18708470	2797	1488	n
18708725	2797	1488	n
18708976	2795	1488	n
18709227	2795	1488	n
18709479	2798	1488	n
18709734	2794	1488	n
18720121	2798	1490	n
18720372	2795	1489	n
18720629	2797	1488	n
18720884	2795	1489	n
18721136	2795	1488	n
18721387	2797	1488	n
18731769	2797	1490	n
18732020	2798	1488	n
18732271	2798	1489	n
18732528	2797	1489	n
18732784	2797	1490	n
18733035	2797	1488	n
18743409	2795	1488	n
18743667	2797	1488	n
18743918	2798	1489	n
18744169	2796	1488	n
18744420	2797	1487	n
18744676	2795	1488	n
18755104	2797	1488	n
18755355	2796	1488	n
18755611	2795	1488	n
18755866	2795	1488	n
18756118	2795	1488	n
18756369	2797	1488	n
18766800	2798	1488	n
18767051	2797	1488	n
18767302	2795	1488	n
18767555	2797	1488	n
18767811	2794	1488	n
18768062	2796	1488	n
18778426	2797	1488	n
18778681	2795	1487	n
18778932	2795	1488	n
18779184	2795	1488	n
18779435	2798	1489	n
18779690	2794	1488	n
18779942	2791	1488	n
18790329	2795	1488	n
18790583	2796	1488	n
18790839	2795	1488	n
18791090	2795	1488	n
18791342	2795	1488	n
18791597	2798	1488	n
18801972	2795	1490	n
18802223	2795	1488	n
18802474	2798	1488	n
18802730	2793	1488	n
18802981	2795	1488	n
18803232	2795	1488	n
18813621	2796	1489	n
18813876	2798	1488	n
18814128	2795	1488	n
18814379	2795	1488	n
18814639	2797	1488	n
18814890	2797	1489	n
18825311	2793	1488	n
18825566	2793	1488	n
18825821	2798	1488	n
18826072	2795	1488	n
18826323	2796	1488	n
18826579	2793	1488	n
18837007	2794	1488	n
18837369	2798	1488	n
18837635	2795	1488	n
18837909	2795	1488	n
18838160	2795	1488	n
18838411	2795	1488	n
18848858	2795	1488	n
18849367	2797	1488	n
18849621	2796	1488	n
18849876	2797	1488	n
18850136	2795	1488	n
18850410	2797	1488	n
18850671	2798	1489	n
18861054	2795	1488	Time:00:00:00:00;;
18861763	2797	1489	n
18862037	2794	1488	n
18862288	2797	1488	n
18862552	2795	1488	n
18872947	2797	1488	n
18873424	2795	1488	n
18873680	2797	1488	n
18873931	2795	1488	n
18874213	2795	1488	n
18874465	2791	1488	n
18874720	2795	1488	n
18885117	2795	1488	n
18885629	2797	1488	n
18885885	2794	1488	n
18886136	2794	1488	n
18886387	2795	1488	n
18886680	2797	1488	n
18897071	2795	1488	n
18897551	2796	1488	n
18897807	2795	1489	n
18898089	2797	1488	n
18898340	2797	1488	n
18898595	2797	1488	n
18908992	2799	1489	n
18909478	2799	1489	n
18909756	2797	1489	n
18910007	2797	1488	n
18910259	2795	1488	n
18910521	2791	1488	n
18910799	2795	1488	n
18921170	2794	1489	Time:00:00:00:00;;
18921878	2797	1488	n
18922152	2795	1488	n
18922403	2795	1488	n
18922662	2795	1488	n
18933090	2795	1488	n
18933603	2795	1488	n
18933859	2795	1488	n
18934110	2794	1488	n
18934370	2795	1488	n
18934653	2794	1488	n
18934904	2795	1488	n
18945320	2795	1488	n
18945812	2795	1488	n
18946085	2797	1489	n
18946336	2795	1488	n
18946590	2795	1488	n
18946853	2797	1488	n
18957283	2793	1488	n
18957769	2794	1488	n
18958020	2794	1488	n
18958280	2795	1488	n
18958555	2795	1488	n
18958811	2795	1488	n
18969211	2795	1488	n
18969700	2795	1488	n
18969982	2795	1488	n
18970234	2795	1488	n
18970485	2795	1488	n
18970741	2795	1488	n
18971023	2797	1488	n
18981459	2794	1488	n
18981941	2797	1488	n
18982192	2798	1488	n
18982474	2798	1488	n
18982730	2793	1488	n
18982981	2797	1488	n
18993412	2796	1488	n
18993927	2795	1488	n
18994178	2797	1489	n
18994429	2796	1489	n
18994684	2795	1488	n
18994966	2797	1488	n
19005333	2795	1488	n
19005819	2795	1488	n
19006070	2795	1488	n
19006359	2795	1488	n
19006614	2795	1488	n
19006869	2797	1488	n
19007120	2797	1488	n
19017514	2795	1488	n
19018004	2797	1488	n
19018255	2794	1488	n
19018512	2795	1488	n
19018776	2795	1488	n
19019051	2795	1488	n
19029465	2793	1490	n
19029951	2796	1488	n
19030211	2794	1488	n
19030485	2795	1488	n
19030741	2797	1488	n
19030992	2794	1488	n
19041386	2797	1488	n
19041906	2795	1489	n
19042157	2794	1488	n
19042408	2795	1488	n
19042676	2797	1488	n
19042949	2799	1488	n
19043200	2798	1488	n
19053569	2795	1488	n
19054065	2795	1488	n
19054338	2795	1488	n
19054594	2795	1488	n
19054850	2795	1488	n
19055110	2798	1488	n
19065527	2795	1489	Time:00:00:00:00;;
19066223	2795	1488	n
19066474	2796	1488	n
19066730	2795	1489	n
19066981	2795	1488	n
19067232	2797	1488	n
19077635	2795	1488	n
19077886	2797	1490	n
19078137	2797	1488	n
19078389	2798	1488	n
19078646	2797	1488	n
19078897	2795	1488	n
19089271	2795	1488	n
19089525	2793	1487	n
19089781	2793	1488	n
19090032	2793	1488	n
19090283	2789	1488	n
19090537	2794	1488	n
19100966	2794	1488	n
19101217	2795	1488	n
19101468	2795	1488	n
19101724	2795	1488	n
19101975	2795	1488	n
19102227	2794	1488	n
19112598	2794	1488	n
19112853	2795	1488	n
19113104	2797	1488	n
19113355	2795	1488	n
19113611	2795	1488	n
19113867	2795	1488	n
19124306	2796	1488	n
19124562	2795	1488	n
19124818	2797	1488	n
19125069	2795	1488	n
19125320	2795	1488	n
19125577	2794	1488	n
19135984	2794	1488	n
19136236	2796	1488	n
19136487	2794	1488	n
19136743	2794	1488	n
19136994	2795	1488	n
19137245	2793	1488	n
19137501	2796	1488	n
19147921	2797	1488	n
19148172	2794	1488	n
19148423	2795	1488	n
19148679	2796	1488	n
19148930	2796	1488	n
19149181	2795	1488	n
19159569	2797	1488	n
19159824	2798	1489	n
19160075	2797	1488	n
19160326	2797	1488	n
19160580	2796	1488	n
19160836	2799	1489	n
19171260	2795	1488	n
19171515	2797	1489	n
19171770	2797	1488	n
19172021	2795	1488	n
19172272	2798	1488	n
19172529	2795	1489	n
19182956	2794	1489	n
19183207	2797	1488	n
19183458	2793	1488	n
19183714	2795	1488	n
19183965	2795	1488	n
19184217	2795	1488	n
19194583	2796	1488	n
19194838	2797	1488	n
19195089	2797	1488	n
19195341	2797	1488	n
19195597	2794	1489	n
19195852	2795	1489	n
19196104	2796	1488	n
19206485	2794	1488	n
19206741	2799	1488	n
19206993	2797	1489	n
19207244	2795	1489	n
19207501	2796	1487	n
19207756	2797	1488	n
19218129	2797	1488	n
19218380	2797	1488	n
19218639	2797	1488	n
19218890	2800	1489	n
19219141	2799	1490	n
19219393	2799	1488	n
19229776	2791	1488	n
19230027	2795	1488	n
19230278	2795	1489	n
19230535	2795	1488	n
19230791	2796	1488	n
19231042	2797	1488	n
19241467	2794	1488	n
19241722	2797	1488	n
19241974	2796	1488	n
19242225	2795	1488	n
19242476	2799	1489	n
19242732	2795	1488	n
19253163	2795	1489	n
19253414	2798	1488	n
19253671	2797	1488	n
19253922	2797	1489	n
19254173	2794	1488	n
19254424	2795	1488	n
19264790	2795	1488	n
19265041	2797	1488	n
19265292	2796	1488	n
19265549	2797	1488	n
19265805	2796	1488	n
19266056	2795	1488	n
19266307	2791	1488	n
19276696	2797	1488	n
19276947	2795	1488	n
19277198	2797	1488	n
19277449	2798	1488	n
19277706	2797	1488	n
19277958	2797	1488	n
19288336	2795	1488	n
19288589	2794	1488	n
19288845	2796	1488	n
19289096	2795	1488	n
19289347	2797	1488	n
19289604	2797	1488	n
19299980	2795	1489	n
19300231	2797	1488	n
19300482	2797	1488	n
19300738	2795	1488	n
19300989	2793	1488	n
19301240	2795	1488	n
19311680	2795	1488	n
19311931	2795	1488	n
19312182	2795	1488	n
19312433	2793	1488	n
19312689	2795	1488	n
19312940	2797	1488	n
19323371	2795	1488	n
19323624	2796	1488	n
19323879	2794	1488	n
19324131	2798	1488	n
19324382	2795	1488	n
19324643	2795	1488	n
19335067	2795	1488	n
19335318	2794	1489	n
19335571	2798	1488	n
19335826	2795	1488	n
19336077	2797	1488	n
19336328	2795	1489	n
19336583	2798	1488	n
19346986	2797	1489	n
19347237	2796	1489	n
19347488	2797	1489	n
19347748	2797	1488	n
19347999	2798	1488	n
19348250	2797	1488	n
19358640	2797	1488	n
19358891	2798	1488	n
19359142	2795	1488	n
19359393	2797	1488	n
19359652	2796	1488	n
19359904	2796	1488	n
19370325	2796	1488	n
19370580	2796	1488	n
19370835	2795	1488	n
19371086	2795	1488	n
19371337	2795	1489	n
19371590	2797	1488	n
19381969	2799	1490	n
19382220	2798	1488	n
19382471	2799	1489	n
19382727	2798	1488	n
19382978	2797	1489	n
19383229	2798	1488	n
19393669	2797	1489	n
19393920	2797	1488	n
19394171	2795	1488	n
19394422	2797	1488	n
19394678	2799	1489	n
19394929	2797	1488	n
19405344	2797	1488	n
19405601	2797	1489	n
19405856	2795	1489	n
19406107	2795	1488	n
19406358	2795	1488	n
19406614	2797	1488	n
19406870	2797	1488	n
19417280	2798	1488	n
19417535	2797	1488	n
19417788	2795	1488	n
19418039	2797	1488	n
19418291	2795	1488	n
19418545	2795	1488	n
19428924	2797	1489	n
19429175	2796	1489	n
19429426	2797	1489	n
19429682	2797	1488	n
19429933	2798	1489	n
19430184	2798	1490	n
19440620	2797	1488	n
19440875	2798	1489	n
19441126	2797	1488	n
19441377	2796	1489	n
19441635	2795	1488	n
19441886	2797	1489	n
19452245	2798	1488	n
19452501	2795	1488	n
19452756	2797	1488	n
19453007	2797	1488	n
19453258	2797	1488	n
19453515	2798	1488	n
19463958	2795	1488	n
19464209	2795	1488	n
19464460	2796	1488	n
19464716	2795	1488	n
19464967	2796	1488	n
19465218	2794	1488	n
19475641	2798	1488	n
19475892	2797	1489	n
19476143	2795	1488	n
19476394	2795	1489	n
19476653	2799	1488	n
19476904	2795	1488	n
19477155	2795	1489	n
19487580	2795	1488	n
19487835	2791	1488	n
19488086	2797	1488	n
19488337	2793	1488	n
19488590	2795	1488	n
19488845	2795	1488	n
19499217	2796	1488	n
19499468	2795	1489	n
19499723	2795	1488	n
19499974	2794	1488	n
19500226	2797	1488	n
19500477	2799	1488	n
19510912	2797	1488	n
19511163	2795	1488	n
19511414	2799	1488	n
19511672	2798	1488	n
19511923	2797	1488	n
19512174	2795	1488	n
19522608	2797	1488	n
19522863	2795	1488	n
19523114	2795	1488	n
19523365	2796	1488	n
19523621	2799	1488	n
19523876	2797	1489	n
19534235	2796	1488	n
19534486	2795	1488	n
19534742	2795	1488	n
19534993	2797	1488	n
19535244	2794	1488	n
19535501	2794	1488	n
19535756	2797	1488	n
19546137	2797	1488	n
19546388	2797	1488	n
19546645	2796	1488	n
19546896	2798	1488	n
19547147	2795	1488	n
19547399	2796	1488	n
19557785	2797	1488	n
19558036	2798	1489	n
19558287	2797	1489	n
19558543	2798	1488	n
19558798	2799	1488	n
19559049	2798	1488	n
19569425	2797	1488	n
19569680	2795	1488	n
19569931	2797	1489	n
19570183	2795	1488	n
19570434	2797	1489	n
19570690	2797	1488	n
19581120	2798	1488	n
19581371	2795	1488	n
19581624	2798	1488	n
19581880	2795	1489	n
19582131	2797	1488	n
19582382	2795	1488	n
19592816	2797	1488	n
19593067	2797	1488	n
19593318	2798	1489	n
19593572	2797	1488	n
19593827	2799	1488	n
19594078	2797	1488	n
19604443	2797	1488	n
19604698	2797	1488	n
19604950	2796	1488	n
19605201	2795	1488	n
19605452	2794	1489	n
19605713	2796	1488	n
19605964	2797	1489	n
19616345	2798	1488	n
19616600	2796	1488	n
19616855	2795	1488	n
19617106	2798	1488	n
19617358	2797	1488	n
19617614	2795	1489	n
19627989	2795	1488	n
19628240	2794	1488	n
19628492	2798	1488	n
19628748	2794	1487	n
19628999	2795	1488	n
19629250	2796	1488	n
19639639	2797	1488	n
19639891	2794	1488	n
19640142	2795	1488	n
19640393	2794	1488	n
19640653	2795	1488	n
19640904	2797	1488	n
19651327	2797	1488	n
19651584	2795	1488	n
19651840	2795	1488	n
19652091	2796	1488	n
19652342	2797	1488	n
19652597	2798	1489	n
19663023	2796	1488	n
19663274	2795	1488	n
19663528	2795	1488	n
19663784	2796	1488	n
19664035	2798	1488	n
19664286	2794	1488	n
19674653	2796	1488	n
19674905	2797	1488	n
19675156	2795	1488	n
19675407	2793	1488	n
19675666	2796	1488	n
19675917	2796	1488	n
19676168	2795	1488	n
19686554	2795	1489	n
19686809	2797	1488	n
19687061	2797	1488	n
19687312	2794	1488	n
19687566	2797	1488	n
19687821	2797	1488	n
19698196	2797	1490	n
19698447	2799	1488	n
19698704	2798	1489	n
19698955	2799	1489	n
19699206	2795	1488	n
19699458	2798	1489	n
19709840	2795	1488	n
19710091	2795	1488	n
19710342	2796	1488	n
19710597	2798	1488	n
19710852	2797	1488	n
19711103	2795	1488	n
19721538	2795	1488	n
19721793	2796	1488	n
19722044	2797	1488	n
19722295	2797	1489	n
19722552	2795	1488	n
19722808	2796	1489	n
19733231	2797	1488	n
19733482	2797	1488	n
19733738	2796	1488	n
19733989	2797	1488	n
19734240	2795	1488	n
19734492	2796	1488	n
19744858	2796	1488	n
19745109	2795	1489	n
19745360	2796	1488	n
19745614	2798	1488	n
19745869	2796	1489	n
19746121	2795	1488	n
19746372	2796	1488	n
19756764	2795	1488	n
19757016	2795	1488	n
19757267	2795	1488	n
19757520	2795	1488	n
19757776	2795	1488	n
19758027	2795	1487	n
19768404	2797	1488	n
19768662	2795	1488	n
19768913	2795	1488	n
19769164	2795	1488	n
19769416	2795	1488	n
19769672	2797	1488	n
19780047	2796	1488	n
19780298	2794	1488	n
19780552	2797	1488	n
19780807	2795	1488	n
19781058	2795	1488	n
19781309	2796	1488	n
19791746	2795	1488	n
19791997	2795	1489	n
19792249	2796	1488	n
19792505	2797	1488	n
19792760	2797	1489	n
19793012	2796	1488	n
19803438	2795	1488	n
19803694	2795	1488	n
19803945	2794	1488	n
19804196	2791	1488	n
19804447	2795	1488	n
19804705	2795	1488	n
19815065	2797	1488	n
19815316	2795	1488	n
19815569	2797	1488	n
19815824	2796	1488	n
19816076	2794	1488	n
19816327	2795	1488	n
19816584	2795	1488	n
19826967	2797	1488	n
19827218	2795	1488	n
19827469	2797	1488	n
19827725	2795	1488	n
19827976	2798	1488	n
19828227	2797	1488	n
19838623	2797	1488	n
19839035	2796	1489	n
19839286	2797	1488	n
19839543	2796	1488	n
19839830	2794	1488	n
19840081	2794	1488	n
19850479	2798	1488	n
19850961	2796	1489	n
19851243	2796	1488	n
19851495	2795	1489	n
19851751	2795	1488	n
19852002	2795	1488	n
19862433	2795	1488	Time:00:00:00:00;;
19863136	2795	1488	n
19863387	2795	1488	n
19863653	2794	1488	n
19863926	2797	1489	n
19864177	2795	1488	n
19874563	2798	1488	n
19875053	2797	1488	n
19875327	2796	1488	n
19875584	2794	1488	n
19875840	2796	1488	n
19876099	2794	1488	n
19886508	2791	1488	n
19886988	2793	1488	n
19887239	2795	1488	n
19887501	2795	1488	n
19887779	2795	1488	n
19888030	2797	1488	n
19888281	2795	1488	n
19898648	2795	1488	n
19899157	2796	1488	n
19899408	2796	1488	n
19899667	2795	1488	n
19899918	2796	1488	n
19900200	2794	1488	n
19910618	2797	1488	n
19911101	2795	1488	n
19911352	2797	1488	n
19911642	2797	1488	n
19911893	2798	1488	n
19912144	2795	1488	n
19922552	2795	1488	Time:00:00:00:00;;
19923280	2795	1488	n
19923535	2797	1488	n
19923790	2795	1489	n
19924050	2795	1488	n
19924324	2795	1488	n
19934698	2797	1488	n
19935175	2795	1488	n
19935435	2795	1489	n
19935713	2795	1488	n
19935964	2795	1488	n
19936215	2795	1488	n
19946634	2796	1489	n
19947141	2795	1488	n
19947392	2797	1488	n
19947653	2797	1488	n
19947912	2795	1488	n
19948186	2797	1488	n
19958551	2797	1489	n
19959032	2795	1488	n
19959283	2797	1489	n
19959577	2798	1488	n
19959832	2797	1488	n
19960083	2796	1488	n
19960344	2797	1488	n
19970759	2796	1488	n
19971235	2795	1488	n
19971486	2795	1488	n
19971742	2797	1490	n
19972025	2795	1488	n
19972276	2795	1488	n
19982688	2796	1488	n
19983165	2797	1489	n
19983447	2797	1488	n
19983705	2795	1488	n
19983956	2795	1489	n
19984207	2797	1488	n
19994604	2797	1488	n
19995091	2795	1488	n
19995343	2795	1489	n
19995597	2794	1488	n
19995861	2795	1488	n
19996135	2794	1487	n
19996386	2795	1488	n
20006799	2797	1488	n
20007292	2796	1488	n
20007569	2797	1488	n
20007824	2795	1488	n
20008075	2795	1488	n
20008335	2797	1489	n
20018744	2795	1488	n
20019223	2795	1488	n
20019474	2797	1488	n
20019738	2795	1488	n
20020012	2794	1488	n
20020263	2795	1488	n
20030660	2797	1488	n
20031149	2796	1488	n
20031423	2795	1488	n
20031679	2795	1488	n
20031930	2797	1488	n
20032190	2794	1488	n
20032463	2796	1488	n
20042851	2795	1488	n
20043329	2796	1488	n
20043587	2797	1489	n
20043877	2797	1488	n
20044128	2799	1488	n
20044379	2798	1488	n
20054788	2797	1488	n
20055297	2795	1488	n
20055552	2795	1488	n
20055807	2794	1488	n
20056058	2795	1488	n
20056340	2797	1489	n
20066709	2797	1488	Time:00:00:00:00;;
20067377	2795	1488	n
20067635	2798	1489	n
20067886	2798	1488	n
20068137	2795	1488	n
20068389	2794	1488	n
20078782	2794	1488	n
20079033	2795	1488	n
20079284	2797	1488	n
20079537	2797	1488	n
20079793	2795	1488	n
20080044	2797	1488	n
20090409	2795	1488	n
20090667	2795	1489	n
20090919	2796	1488	n
20091170	2797	1488	n
20091421	2797	1488	n
20091677	2796	1488	n
20102036	2797	1489	n
20102287	2798	1488	n
20102543	2797	1488	n
20102798	2795	1489	n
20103049	2796	1488	n
20103300	2797	1489	n
20113715	2795	1488	n
20113966	2796	1488	n
20114217	2795	1488	n
20114468	2795	1488	n
20114724	2795	1488	n
20114975	2794	1488	n
20115226	2795	1488	n
20125657	2795	1488	n
20125908	2795	1488	n
20126159	2794	1488	n
20126410	2797	1489	n
20126670	2795	1488	n
20126922	2795	1488	n
20137295	2798	1489	n
20137549	2797	1488	n
20137804	2799	1488	n
20138055	2797	1490	n
20138306	2795	1489	n
20138563	2795	1488	n
20148990	2796	1488	n
20149241	2798	1488	n
20149493	2795	1489	n
20149750	2795	1488	n
20150001	2793	1488	n
20150252	2797	1488	n
20160617	2797	1489	n
20160872	2797	1488	n
20161124	2798	1488	n
20161375	2795	1488	n
20161635	2798	1488	n
20161886	2797	1488	n
20172243	2795	1488	n
20172495	2798	1489	n
20172750	2795	1488	n
20173002	2797	1489	n
20173253	2797	1488	n
20173507	2798	1488	n
20183922	2797	1488	n
20184173	2797	1488	n
20184424	2797	1488	n
20184679	2797	1489	n
20184930	2795	1488	n
20185181	2798	1488	n
20185432	2796	1490	n
20195859	2796	1488	n
20196110	2796	1488	n
20196361	2795	1488	n
20196618	2796	1488	n
20196873	2795	1488	n
20197124	2796	1488	n
20207508	2798	1488	n
20207764	2797	1488	n
20208015	2795	1488	n
20208266	2797	1488	n
20208519	2797	1488	n
20208775	2798	1489	n
20219197	2795	1488	n
20219448	2797	1488	n
20219706	2795	1488	n
20219957	2795	1488	n
20220208	2795	1488	n
20220459	2791	1488	n
20230824	2796	1489	n
20231075	2797	1490	n
20231327	2797	1488	n
20231583	2797	1488	n
20231839	2797	1489	n
20232090	2796	1488	n
20242451	2797	1488	n
20242712	2797	1488	n
20242963	2799	1489	n
20243214	2797	1488	n
20243466	2795	1488	n
20243721	2796	1488	n
20254130	2797	1489	n
20254381	2795	1488	n
20254639	2795	1488	n
20254890	2796	1488	n
20255142	2795	1488	n
20255393	2795	1488	n
20255653	2794	1488	n
20266066	2797	1488	n
20266317	2798	1488	n
20266570	2797	1488	n
20266825	2795	1488	n
20267076	2799	1488	n
20267328	2797	1488	n
20277714	2798	1488	n
20277965	2797	1491	n
20278216	2797	1488	n
20278468	2796	1488	n
20278723	2797	1489	n
20278974	2795	1488	n
20289405	2795	1488	n
20289666	2795	1488	n
20289917	2795	1488	n
20290169	2796	1489	n
20290420	2795	1487	n
20290676	2791	1488	n
20301101	2797	1488	n
20301352	2795	1489	n
20301605	2797	1488	n
20301860	2797	1488	n
20302112	2795	1488	n
20302363	2797	1488	n
20312745	2795	1488	n
20312996	2794	1488	n
20313247	2796	1488	n
20313501	2796	1489	n
20313756	2795	1488	n
20314007	2795	1488	n
20324423	2795	1488	n
20324679	2797	1488	n
20324930	2797	1488	n
20325181	2795	1489	n
20325432	2794	1488	n
20325688	2797	1488	n
20325939	2794	1488	n
20336360	2795	1488	n
20336614	2796	1487	n
20336869	2795	1489	n
20337120	2797	1488	n
20337371	2795	1488	n
20337624	2795	1488	n
20348004	2798	1488	n
20348255	2795	1488	n
20348512	2797	1488	n
20348767	2797	1489	n
20349018	2796	1488	n
20349270	2795	1488	n
20359703	2798	1488	n
20359955	2797	1488	n
20360206	2798	1488	n
20360457	2795	1488	n
20360713	2795	1488	n
20360964	2796	1488	n
20371395	2795	1488	n
20371652	2798	1487	n
20371904	2795	1488	n
20372155	2794	1488	n
20372406	2796	1488	n
20372667	2797	1490	n
20383091	2795	1488	n
20383342	2799	1489	n
20383597	2797	1488	n
20383852	2797	1488	n
20384103	2797	1489	n
20384354	2797	1489	n
20384607	2797	1489	n
20395010	2795	1488	n
20395261	2795	1488	n
20395518	2797	1488	n
20395773	2798	1489	n
20396024	2797	1489	n
20396276	2797	1489	n
20406659	2797	1488	n
20406910	2797	1489	n
20407161	2798	1488	n
20407412	2797	1488	n
20407672	2797	1489	n
20407923	2798	1489	n
20418280	2797	1488	n
20418535	2797	1488	n
20418788	2798	1488	n
20419040	2796	1488	n
20419291	2795	1488	n
20419545	2798	1488	n
20429906	2793	1488	n
20430157	2791	1488	n
20430409	2795	1488	n
20430667	2794	1488	n
20430918	2795	1489	n
20431169	2794	1488	n
20441602	2797	1489	n
20441857	2796	1488	n
20442108	2796	1488	n
20442360	2795	1489	n
20442614	2797	1488	n
20442869	2797	1490	n
20453229	2797	1488	n
20453480	2798	1488	n
20453735	2797	1488	n
20453986	2797	1488	n
20454237	2795	1488	n
20454489	2795	1488	n
20454748	2795	1488	n
20465131	2795	1488	n
20465382	2795	1488	n
20465642	2797	1488	n
20465893	2797	1488	n
20466144	2796	1488	n
20466395	2797	1488	n
20476779	2795	1488	n
20477030	2794	1488	n
20477281	2795	1488	n
20477535	2799	1488	n
20477790	2796	1488	n
20478041	2796	1488	n
20488419	2799	1488	n
20488674	2799	1489	n
20488925	2799	1489	n
20489176	2798	1488	n
20489427	2797	1488	n
20489683	2799	1488	n
20500114	2797	1488	n
20500365	2798	1489	n
20500621	2798	1488	n
20500876	2799	1488	n
20501127	2798	1488	n
20501379	2798	1488	n
20511810	2795	1488	n
20512061	2798	1488	n
20512312	2797	1488	n
20512569	2797	1489	n
20512824	2795	1488	n
20513075	2796	1488	n
20523436	2795	1490	n
20523691	2797	1488	n
20523942	2797	1488	n
20524194	2797	1488	n
20524445	2797	1488	n
20524705	2796	1488	n
20524956	2797	1489	n
20535339	2795	1488	n
20535594	2795	1488	n
20535850	2796	1488	n
20536101	2799	1488	n
20536352	2797	1489	n
20536605	2797	1488	n
20546982	2793	1488	n
20547233	2796	1490	n
20547484	2796	1488	n
20547740	2798	1488	n
20547991	2794	1488	n
20548243	2799	1488	n
20558635	2797	1489	n
20558886	2797	1488	n
20559138	2797	1488	n
20559389	2795	1488	n
20559646	2796	1489	n
20559897	2797	1488	n
20570321	2795	1488	n
20570577	2795	1488	n
20570832	2795	1488	n
20571083	2797	1488	n
20571334	2797	1488	n
20571588	2797	1489	n
20582017	2798	1488	n
20582268	2797	1488	n
20582521	2795	1488	n
20582776	2797	1489	n
20583028	2797	1488	n
20583279	2795	1489	n
20593648	2795	1489	n
20593899	2795	1488	n
20594150	2797	1488	n
20594401	2798	1488	n
20594662	2796	1488	n
20594913	2795	1488	n
20595164	2797	1488	n
20605552	2798	1488	n
20605807	2797	1488	n
20606058	2798	1488	n
20606310	2796	1488	n
20606567	2795	1489	n
20606822	2795	1488	n
20617190	2798	1490	n
20617441	2797	1489	n
20617697	2799	1489	n
20617948	2798	1489	n
20618199	2797	1488	n
20618451	2799	1489	n
20628834	2799	1489	n
20629085	2798	1489	n
20629336	2796	1489	n
20629589	2798	1488	n
20629845	2798	1488	n
20630096	2796	1489	n
20640535	2797	1488	n
20640790	2796	1488	n
20641042	2795	1488	n
20641293	2797	1488	n
20641549	2795	1489	n
20641804	2797	1488	n
20652225	2799	1488	n
20652476	2800	1489	n
20652732	2798	1488	n
20652983	2797	1489	n
20653234	2797	1489	n
20653485	2797	1488	n
20663851	2800	1488	n
20664102	2798	1489	n
20664353	2797	1488	n
20664606	2798	1488	n
20664862	2798	1489	n
20665113	2795	1488	n
20665364	2795	1488	n
20675758	2797	1488	n
20676010	2797	1488	n
20676261	2797	1488	n
20676518	2795	1490	n
20676773	2798	1488	n
20677024	2798	1488	n
20687397	2795	1488	n
20687658	2797	1489	n
20687909	2798	1488	n
20688160	2796	1488	n
20688411	2797	1488	n
20688672	2798	1488	n
20699041	2795	1489	n
20699292	2797	1488	n
20699546	2798	1489	n
20699802	2797	1488	n
20700053	2796	1488	n
20700304	2796	1488	n
20710740	2797	1488	n
20710992	2797	1488	n
20711243	2795	1488	n
20711495	2797	1489	n
20711751	2797	1488	n
20712002	2797	1488	n
20722432	2795	1490	n
20722687	2797	1488	n
20722938	2797	1488	n
20723190	2797	1488	n
20723441	2797	1488	n
20723697	2798	1488	n
20734059	2796	1489	n
20734310	2798	1488	n
20734567	2795	1488	n
20734822	2795	1488	n
20735073	2797	1488	n
20735324	2796	1488	n
20735580	2796	1488	n
20745961	2795	1488	n
20746212	2795	1488	n
20746463	2794	1488	n
20746718	2795	1488	n
20746969	2795	1488	n
20747221	2797	1488	n
20757607	2798	1488	n
20757862	2795	1489	n
20758113	2797	1488	n
20758364	2797	1489	n
20758621	2797	1489	n
20758877	2796	1488	n
20769249	2791	1487	n
20769504	2795	1488	n
20769760	2797	1488	n
20770011	2794	1488	n
20770262	2795	1488	n
20770518	2795	1488	n
20780944	2797	1488	n
20781195	2797	1488	n
20781446	2794	1488	n
20781705	2797	1488	n
20781956	2797	1488	n
20782207	2795	1489	n
20792644	2797	1489	n
20792895	2797	1489	n
20793146	2798	1489	n
20793397	2798	1488	n
20793658	2797	1488	n
20793909	2799	1488	n
20804266	2795	1489	n
20804519	2795	1489	n
20804774	2798	1488	n
20805025	2795	1488	n
20805276	2795	1488	n
20805533	2795	1488	n
20805787	2797	1488	n
20816169	2794	1488	n
20816420	2797	1488	n
20816676	2795	1488	n
20816927	2796	1488	n
20817178	2795	1488	n
20817429	2794	1489	n
20827812	2795	1488	n
20828063	2795	1488	n
20828314	2795	1488	n
20828569	2795	1488	n
20828824	2795	1488	n
20829075	2795	1488	n
20839464	2796	1489	n
20839877	2797	1489	n
20840128	2798	1488	n
20840379	2798	1488	n
20840669	2797	1489	n
20840921	2798	1488	n
20851307	2796	1488	n
20851792	2795	1488	n
20852075	2795	1488	n
20852326	2797	1488	n
20852580	2794	1488	n
20852835	2797	1488	n
20863227	2797	1488	Time:00:00:00:00;;
20863936	2795	1488	n
20864187	2795	1488	n
20864447	2797	1488	n
20864727	2795	1488	n
20864978	2795	1488	n
20875387	2794	1488	n
20875881	2794	1488	n
20876155	2795	1488	n
20876406	2796	1488	n
20876666	2795	1488	n
20876926	2797	1488	n
20887331	2794	1489	n
20887818	2796	1488	n
20888069	2798	1488	n
20888329	2797	1488	n
20888604	2798	1488	n
20888860	2796	1488	n
20889111	2794	1488	n
20899486	2795	1488	n
20900000	2794	1488	n
20900251	2795	1488	n
20900508	2791	1488	n
20900763	2795	1488	n
20901045	2797	1488	n
20911440	2797	1488	n
20911924	2795	1488	n
20912175	2794	1488	n
20912457	2791	1488	n
20912713	2795	1488	n
20912965	2794	1488	n
20923378	2794	1489	Time:00:00:00:00;;
20924112	2796	1488	n
20924363	2794	1488	n
20924618	2795	1488	n
20924882	2795	1488	n
20925155	2797	1488	n
20935594	2795	1488	n
20936075	2797	1488	n
20936335	2796	1488	n
20936614	2796	1488	n
20936870	2797	1488	n
20937121	2794	1488	n
20947549	2796	1488	n
20948060	2795	1488	n
20948311	2796	1488	n
20948566	2795	1489	n
20948830	2797	1488	n
20949104	2797	1488	n
20949355	2794	1488	n
20959779	2797	1488	n
20960265	2795	1488	n
20960549	2795	1488	n
20960804	2795	1488	n
20961056	2795	1488	n
20961316	2795	1487	n
20971733	2797	1488	n
20972209	2795	1488	n
20972460	2798	1488	n
20972723	2798	1489	n
20972997	2797	1488	n
20973248	2795	1489	n
20983670	2795	1489	n
20984156	2796	1488	n
20984429	2797	1490	n
20984684	2798	1488	n
20984936	2798	1488	n
20985195	2797	1488	n
20985469	2798	1488	n
20995827	2796	1488	n
20996302	2796	1488	n
20996555	2796	1488	n
20996841	2796	1488	n
20997092	2797	1488	n
20997344	2795	1488	n
21007781	2795	1488	n
21008297	2798	1488	n
21008552	2795	1488	n
21008807	2797	1488	n
21009058	2797	1488	n
21009341	2797	1488	n
21019719	2798	1488	n
21020197	2798	1489	n
21020449	2797	1488	n
21020736	2795	1490	n
21020987	2797	1488	n
21021238	2797	1488	n
21021490	2795	1488	n
21031880	2797	1488	n
21032370	2796	1488	n
21032624	2798	1488	n
21032879	2795	1488	n
21033139	2795	1488	n
21033412	2795	1488	n
21043834	2797	1488	n
21044313	2797	1489	n
21044577	2797	1488	n
21044861	2795	1488	n
21045112	2798	1489	n
21045363	2797	1489	n
21055771	2797	1488	n
21056279	2797	1488	n
21056535	2795	1488	n
21056790	2795	1488	n
21057050	2797	1489	n
21057324	2796	1489	n
21057580	2797	1488	n
21068019	2798	1489	Time:00:00:00:00;;
21068696	2798	1490	n
21068947	2797	1488	n
21069199	2796	1489	n
21069450	2798	1488	n
21079852	2799	1488	n
21080103	2797	1488	n
21080354	2797	1489	n
21080607	2799	1489	n
21080862	2798	1490	n
21081114	2796	1488	n
21091532	2797	1488	n
21091787	2798	1488	n
21092039	2798	1488	n
21092290	2797	1488	n
21092546	2795	1489	n
21092802	2796	1488	n
21093053	2798	1488	n
21103467	2795	1488	n
21103722	2798	1488	n
21103973	2797	1488	n
21104224	2795	1489	n
21104476	2800	1488	n
21104731	2797	1488	n
21115111	2795	1488	n
21115362	2791	1488	n
21115619	2794	1488	n
21115874	2795	1488	n
21116125	2795	1488	n
21116376	2798	1488	n
21126806	2795	1488	n
21127057	2797	1488	n
21127309	2795	1488	n
21127566	2798	1488	n
21127821	2795	1488	n
21128073	2798	1488	n
21138433	2795	1489	n
21138689	2795	1488	n
21138940	2798	1488	n
21139191	2797	1488	n
21139443	2794	1489	n
21139698	2795	1488	n
21150060	2797	1488	n
21150311	2794	1488	n
21150565	2798	1488	n
21150821	2797	1488	n
21151072	2797	1488	n
21151323	2796	1488	n
21161739	2798	1488	n
21161990	2798	1489	n
21162241	2799	1489	n
21162493	2797	1489	n
21162749	2798	1488	n
21163000	2797	1488	n
21163252	2797	1488	n
21173679	2795	1488	n
21173930	2797	1488	n
21174181	2795	1488	n
21174433	2799	1489	n
21174688	2797	1488	n
21174939	2795	1488	n
21185319	2795	1488	n
21185572	2797	1488	n
21185827	2797	1489	n
21186078	2797	1488	n
21186330	2795	1488	n
21186587	2797	1488	n
21197014	2795	1488	n
21197265	2798	1488	n
21197519	2797	1488	n
21197774	2797	1488	n
21198025	2797	1488	n
21198277	2798	1488	n
21208645	2796	1488	n
21208896	2796	1488	n
21209147	2797	1489	n
21209398	2794	1488	n
21209658	2791	1488	n
21209909	2795	1488	n
21220267	2795	1488	n
21220520	2795	1488	n
21220776	2798	1488	n
21221027	2797	1488	n
21221278	2795	1489	n
21221535	2797	1488	n
21231946	2795	1488	n
21232197	2796	1488	n
21232448	2798	1488	n
21232705	2796	1488	n
21232956	2795	1488	n
21233207	2797	1488	n
21233459	2794	1488	n
21243882	2800	1489	n
21244133	2799	1488	n
21244384	2798	1489	n
21244642	2798	1489	n
21244893	2798	1488	n
21245144	2799	1490	n
21255529	2795	1488	n
21255784	2795	1488	n
21256035	2797	1488	n
21256286	2795	1488	n
21256543	2795	1488	n
21256798	2796	1488	n
21267221	2797	1489	n
21267472	2799	1488	n
21267728	2797	1488	n
21267979	2795	1488	n
21268231	2795	1488	n
21268482	2795	1488	n
21278848	2796	1488	n
21279099	2795	1488	n
21279351	2795	1488	n
21279604	2798	1488	n
21279859	2795	1488	n
21280110	2796	1488	n
21290475	2800	1490	n
21290730	2797	1489	n
21290981	2799	1489	n
21291233	2797	1488	n
21291484	2795	1488	n
21291740	2798	1488	n
21302154	2795	1489	n
21302405	2796	1488	n
21302666	2798	1488	n
21302917	2797	1488	n
21303169	2796	1488	n
21303420	2795	1487	n
21303675	2797	1488	n
21314090	2798	1488	n
21314341	2798	1488	n
21314598	2797	1488	n
21314853	2798	1489	n
21315104	2797	1488	n
21315355	2795	1489	n
21325738	2797	1488	n
21325989	2797	1488	n
21326240	2797	1488	n
21326492	2797	1488	n
21326748	2798	1489	n
21327000	2797	1488	n
21337429	2799	1491	n
21337685	2797	1489	n
21337936	2799	1489	n
21338187	2799	1491	n
21338438	2798	1489	n
21338694	2798	1488	n
21349055	2797	1488	n
21349306	2795	1488	n
21349563	2795	1488	n
21349818	2794	1488	n
21350069	2795	1488	n
21350320	2795	1488	n
21360768	2795	1490	n
21361019	2798	1488	n
21361270	2797	1488	n
21361525	2797	1488	n
21361781	2798	1488	n
21362032	2795	1488	n
21372446	2799	1488	n
21372705	2795	1489	n
21372956	2797	1488	n
21373207	2795	1490	n
21373458	2795	1489	n
21373714	2798	1488	n
21373965	2798	1488	n
21384384	2798	1488	n
21384641	2797	1489	n
21384893	2796	1488	n
21385144	2795	1489	n
21385395	2795	1487	n
21385652	2795	1488	n
21396027	2796	1488	n
21396278	2796	1488	n
21396535	2795	1488	n
21396791	2794	1488	n
21397042	2795	1488	n
21397293	2797	1488	n
21407727	2795	1488	n
21407978	2796	1488	n
21408229	2797	1488	n
21408480	2799	1488	n
21408735	2795	1488	n
21408987	2795	1488	n
21419418	2795	1488	n
21419674	2797	1488	n
21419925	2795	1488	n
21420176	2795	1488	n
21420427	2797	1488	n
21420683	2797	1488	n
21431045	2795	1488	n
21431296	2789	1488	n
21431552	2796	1488	n
21431807	2796	1488	n
21432059	2798	1488	n
21432310	2796	1488	n
21432567	2795	1488	n
21442947	2797	1488	n
21443198	2796	1488	n
21443449	2795	1488	n
21443706	2795	1488	n
21443958	2797	1488	n
21444209	2797	1488	n
21454595	2794	1488	n
21454850	2797	1488	n
21455101	2793	1488	n
21455353	2794	1488	n
21455606	2793	1488	n
21455862	2798	1488	n
21466235	2797	1488	n
21466486	2794	1488	n
21466742	2795	1488	n
21466993	2796	1488	n
21467245	2795	1488	n
21467501	2795	1488	n
21477930	2795	1488	n
21478181	2798	1488	n
21478432	2797	1489	n
21478688	2797	1488	n
21478939	2795	1488	n
21479190	2795	1489	n
21489626	2797	1488	n
21489882	2798	1488	n
21490133	2794	1488	n
21490384	2798	1488	n
21490642	2795	1489	n
21490893	2797	1488	n
21501253	2797	1488	n
21501507	2797	1488	n
21501763	2797	1488	n
21502014	2795	1488	n
21502265	2798	1488	n
21502519	2797	1488	n
21502774	2798	1488	n
21513155	2797	1488	n
21513406	2798	1489	n
21513666	2797	1488	n
21513917	2797	1488	n
21514168	2798	1488	n
21514419	2795	1488	n
21524799	2797	1488	n
21525050	2796	1488	n
21525301	2795	1488	n
21525555	2796	1489	n
21525810	2799	1488	n
21526061	2797	1488	n
21536442	2795	1488	n
21536698	2795	1488	n
21536949	2796	1488	n
21537200	2796	1488	n
21537452	2795	1488	n
21537712	2796	1488	n
21548137	2798	1488	n
21548388	2798	1488	n
21548646	2797	1489	n
21548897	2798	1488	n
21549148	2798	1488	n
21549399	2797	1488	n
21559833	2795	1489	n
21560084	2796	1488	n
21560335	2795	1488	n
21560589	2797	1488	n
21560844	2797	1488	n
21561096	2796	1488	n
21571460	2794	1488	n
21571716	2798	1488	n
21571967	2797	1489	n
21572218	2799	1488	n
21572469	2798	1489	n
21572725	2797	1488	n
21572976	2795	1489	n
21583362	2797	1488	n
21583619	2797	1488	n
21583874	2796	1488	n
21584125	2795	1488	n
21584376	2797	1488	n
21584634	2797	1488	n
21595006	2798	1488	n
21595257	2797	1489	n
21595512	2799	1489	n
21595767	2798	1488	n
21596019	2797	1489	n
21596270	2797	1489	n
21606655	2797	1489	n
21606907	2799	1489	n
21607158	2797	1488	n
21607409	2795	1488	n
21607667	2795	1488	n
21607919	2799	1489	n
21618345	2797	1489	n
21618600	2799	1488	n
21618855	2798	1488	n
21619107	2797	1488	n
21619358	2797	1488	n
21619614	2797	1488	n
21630041	2795	1488	n
21630292	2798	1488	n
21630549	2795	1488	n
21630805	2797	1489	n
21631056	2798	1488	n
21631307	2795	1488	n
21641737	2796	1488	n
21641988	2797	1489	n
21642239	2797	1488	n
21642491	2794	1488	n
21642747	2795	1488	n
21642999	2796	1488	n
21643250	2797	1488	n
21653661	2794	1488	n
21653912	2796	1488	n
21654163	2795	1488	n
21654414	2794	1488	n
21654672	2797	1488	n
21654923	2795	1488	n
21665300	2795	1488	n
21665553	2797	1488	n
21665808	2794	1488	n
21666059	2797	1488	n
21666310	2797	1488	n
21666566	2793	1488	n
21676927	2797	1488	n
21677178	2796	1488	n
21677429	2797	1489	n
21677684	2797	1488	n
21677935	2797	1488	n
21678186	2799	1489	n
21688555	2796	1488	n
21688810	2798	1488	n
21689061	2796	1489	n
21689312	2796	1488	n
21689569	2794	1488	n
21689825	2795	1488	n
21700248	2796	1488	n
21700505	2794	1488	n
21700760	2795	1488	n
21701011	2795	1488	n
21701262	2795	1488	n
21701518	2794	1488	n
21711944	2794	1488	n
21712195	2794	1488	n
21712446	2794	1488	n
21712705	2797	1488	n
21712956	2797	1488	n
21713207	2795	1488	n
21713458	2795	1488	n
21723864	2798	1488	n
21724115	2797	1488	n
21724366	2797	1488	n
21724621	2798	1488	n
21724876	2797	1490	n
21725127	2797	1488	n
21735512	2797	1489	n
21735768	2798	1488	n
21736019	2797	1489	n
21736270	2798	1490	n
21736526	2798	1488	n
21736781	2798	1488	n
21747202	2796	1488	n
21747454	2795	1488	n
21747712	2795	1488	n
21747963	2795	1488	n
21748214	2798	1488	n
21748465	2794	1488	n
21758846	2795	1488	n
21759097	2797	1488	n
21759349	2795	1488	n
21759603	2796	1488	n
21759858	2795	1488	n
21760110	2795	1488	n
21770545	2795	1488	n
21770800	2797	1488	n
21771052	2797	1488	n
21771303	2797	1488	n
21771560	2795	1488	n
21771816	2798	1489	n
21782221	2796	1488	n
21782472	2798	1488	n
21782728	2797	1488	n
21782979	2797	1488	n
21783230	2797	1488	n
21783481	2797	1488	n
21783736	2793	1488	n
21794157	2795	1488	n
21794408	2797	1488	n
21794667	2795	1488	n
21794918	2794	1488	n
21795169	2794	1488	n
21795420	2797	1488	n
21805801	2795	1488	n
21806052	2794	1488	n
21806303	2795	1488	n
21806560	2795	1488	n
21806816	2797	1489	n
21807067	2795	1488	n
21817500	2797	1488	n
21817756	2796	1488	n
21818007	2795	1488	n
21818258	2798	1488	n
21818516	2795	1488	n
21818771	2798	1488	n
21829192	2797	1488	n
21829443	2794	1488	n
21829699	2794	1488	n
21829951	2796	1488	n
21830202	2798	1489	n
21830453	2795	1488	n
21840836	2796	1488	n
21841289	2794	1488	n
21841545	2795	1488	n
21841830	2794	1489	n
21842081	2794	1488	n
21842332	2795	1488	n
21842587	2797	1488	n
21852980	2795	1488	n
21853465	2795	1488	n
21853721	2793	1488	n
21853972	2798	1488	n
21854232	2795	1488	n
21854508	2796	1489	n
21864934	2798	1488	Time:00:00:00:00;;
21865644	2797	1488	n
21865917	2797	1488	n
21866169	2795	1488	n
21866420	2795	1488	n
21866684	2794	1488	n
21877139	2797	1488	n
21877618	2798	1488	n
21877874	2797	1488	n
21878134	2798	1489	n
21878408	2795	1488	n
21878666	2797	1488	n
21889084	2797	1488	n
21889575	2795	1488	n
21889853	2795	1488	n
21890104	2797	1488	n
21890355	2795	1488	n
21890620	2795	1488	n
21901046	2798	1489	n
21901528	2796	1488	n
21901784	2795	1488	n
21902044	2795	1489	n
21902318	2797	1488	n
21902571	2798	1488	n
21902826	2795	1489	n
21913182	2798	1488	Time:00:00:00:00;;
21913919	2797	1488	n
21914170	2796	1488	n
21914421	2797	1488	n
21914707	2798	1488	n
21925102	2795	1488	n
21925584	2797	1488	n
21925840	2795	1488	n
21926099	2795	1488	n
21926373	2797	1488	n
21926629	2797	1489	n
21937039	2795	1488	n
21937528	2796	1488	n
21937806	2796	1489	n
21938058	2797	1488	n
21938309	2797	1488	n
21938570	2796	1488	n
21938848	2796	1488	n
21949235	2795	1488	n
21949717	2797	1489	n
21949977	2797	1488	n
21950253	2796	1489	n
21950507	2796	1488	n
21950763	2796	1489	n
21961155	2798	1489	n
21961675	2793	1488	n
21961926	2793	1488	n
21962177	2795	1488	n
21962437	2795	1489	n
21962715	2795	1488	n
21973091	2794	1488	n
21973571	2794	1488	n
21973826	2797	1488	n
21974108	2795	1488	n
21974359	2797	1488	n
21974614	2797	1488	n
21974870	2796	1488	n
21985287	2797	1488	n
21985783	2795	1488	n
21986034	2795	1488	n
21986285	2795	1489	n
21986569	2793	1488	n
21986824	2794	1488	n
21997207	2796	1489	n
21997695	2795	1488	n
21997955	2797	1489	n
21998228	2797	1488	n
21998479	2798	1489	n
21998735	2797	1488	n
22009144	2795	1488	n
22009665	2795	1488	n
22009916	2795	1488	n
22010167	2796	1488	n
22010427	2795	1488	n
22010705	2795	1488	n
22010956	2797	1488	n
22021340	2797	1488	n
22021835	2797	1488	n
22022108	2798	1488	n
22022360	2795	1489	n
22022614	2797	1488	n
22022878	2795	1488	n
22033268	2799	1488	n
22033759	2799	1489	n
22034010	2798	1488	n
22034270	2795	1488	n
22034550	2797	1488	n
22034805	2797	1488	n
22045196	2797	1488	n
22045696	2797	1488	n
22045969	2797	1488	n
22046220	2797	1488	n
22046472	2800	1488	n
22046736	2797	1488	n
22047010	2798	1488	n
22057392	2798	1488	n
22057876	2797	1488	n
22058127	2797	1488	n
22058409	2796	1489	n
22058668	2795	1488	n
22058919	2795	1488	n
22069312	2798	1488	Time:00:00:00:00;;
22069944	2795	1488	n
22070195	2798	1488	n
22070447	2795	1488	n
22070706	2795	1489	n
22070957	2795	1488	n
22081370	2797	1488	n
22081624	2798	1489	n
22081879	2797	1488	n
22082130	2797	1488	n
22082381	2796	1489	n
22082643	2795	1488	n
22093014	2797	1489	n
22093265	2794	1488	n
22093518	2794	1488	n
22093773	2796	1488	n
22094025	2795	1488	n
22094276	2795	1486	n
22104713	2794	1488	n
22104964	2796	1488	n
22105215	2795	1488	n
22105467	2794	1488	n
22105722	2796	1488	n
22105973	2797	1488	n
22116405	2794	1488	n
22116666	2795	1488	n
22116917	2795	1488	n
22117169	2795	1489	n
22117420	2796	1488	n
22117676	2797	1489	n
22128101	2793	1488	n
22128352	2797	1488	n
22128605	2796	1488	n
22128861	2794	1488	n
22129112	2797	1488	n
22129363	2796	1488	n
22129618	2795	1488	n
22140020	2793	1488	n
22140271	2795	1488	n
22140528	2795	1488	n
22140784	2795	1488	n
22141035	2794	1488	n
22141287	2795	1488	n
22151668	2795	1488	n
22151919	2797	1488	n
22152170	2795	1488	n
22152422	2797	1488	n
22152677	2797	1488	n
22152929	2797	1488	n
22163290	2796	1488	n
22163546	2797	1488	n
22163801	2796	1488	n
22164052	2795	1488	n
22164303	2795	1489	n
22164560	2796	1488	n
22175002	2796	1488	n
22175253	2794	1488	n
22175507	2795	1488	n
22175763	2795	1488	n
22176014	2797	1488	n
22176265	2795	1488	n
22186701	2796	1489	n
22186953	2796	1488	n
22187204	2796	1488	n
22187455	2794	1488	n
22187712	2797	1488	n
22187964	2795	1488	n
22198377	2795	1488	n
22198634	2797	1488	n
22198885	2797	1488	n
22199136	2794	1488	n
22199388	2795	1489	n
22199645	2797	1489	n
22199896	2796	1488	n
22210314	2796	1488	n
22210569	2796	1488	n
22210824	2798	1488	n
22211075	2796	1488	n
22211326	2797	1489	n
22211584	2795	1488	n
22221957	2797	1488	n
22222208	2797	1489	n
22222459	2796	1488	n
22222715	2799	1489	n
22222966	2797	1489	n
22223218	2795	1489	n
22233657	2794	1488	n
22233908	2796	1488	n
22234159	2797	1488	n
22234410	2797	1488	n
22234671	2795	1489	n
22234922	2798	1488	n
22245279	2797	1488	n
22245535	2798	1488	n
22245790	2794	1488	n
22246042	2794	1488	n
22246293	2795	1488	n
22246549	2795	1488	n
22256992	2797	1488	n
22257243	2796	1488	n
22257495	2797	1488	n
22257751	2797	1488	n
22258002	2796	1488	n
22258253	2797	1488	n
22268671	2795	1488	n
22268923	2796	1487	n
22269174	2790	1488	n
22269425	2795	1488	n
22269681	2795	1488	n
22269932	2795	1487	n
22270183	2795	1488	n
22280611	2798	1489	n
22280867	2797	1488	n
22281118	2795	1488	n
22281369	2798	1489	n
22281622	2795	1488	n
22281878	2797	1488	n
22292251	2797	1489	n
22292508	2797	1488	n
22292763	2796	1489	n
22293015	2796	1488	n
22293266	2794	1488	n
22293519	2796	1488	n
22303946	2798	1488	n
22304197	2798	1488	n
22304448	2797	1488	n
22304706	2798	1489	n
22304957	2797	1488	n
22305208	2797	1488	n
22315646	2797	1488	n
22315897	2795	1490	n
22316149	2796	1488	n
22316400	2797	1488	n
22316658	2795	1488	n
22316909	2797	1489	n
22327269	2795	1488	n
22327526	2797	1488	n
22327781	2798	1490	n
22328033	2797	1490	n
22328284	2796	1489	n
22328537	2797	1489	n
22328792	2798	1488	n
22339171	2797	1489	n
22339422	2797	1488	n
22339678	2798	1488	n
22339929	2796	1489	n
22340180	2794	1488	n
22340431	2795	1490	n
22350815	2797	1488	n
22351066	2797	1488	n
22351317	2797	1488	n
22351570	2794	1488	n
22351826	2799	1489	n
22352077	2798	1490	n
22362459	2797	1488	n
22362715	2797	1489	n
22362966	2797	1488	n
22363217	2797	1488	n
22363468	2794	1488	n
22363724	2795	1488	n
22374154	2796	1488	n
22374405	2796	1488	n
22374666	2795	1488	n
22374918	2797	1488	n
22375169	2797	1488	n
22375420	2797	1488	n
22385850	2798	1489	n
22386101	2798	1488	n
22386352	2798	1488	n
22386605	2795	1488	n
22386861	2797	1488	n
22387112	2795	1488	n
22397476	2799	1488	n
22397731	2797	1488	n
22397983	2798	1490	n
22398234	2799	1488	n
22398485	2795	1488	n
22398741	2796	1488	n
22398993	2797	1488	n
22409379	2795	1488	n
22409639	2795	1488	n
22409890	2797	1488	n
22410141	2795	1488	n
22410393	2795	1488	n
22410653	2797	1488	n
22421022	2797	1488	n
22421273	2796	1488	n
22421528	2795	1488	n
22421784	2795	1488	n
22422035	2794	1489	n
22422286	2796	1488	n
22432670	2798	1488	n
22432921	2798	1488	n
22433172	2798	1489	n
22433424	2798	1488	n
22433679	2797	1488	n
22433930	2797	1488	n
22444361	2796	1488	n
22444618	2798	1488	n
22444873	2798	1488	n
22445125	2797	1488	n
22445376	2797	1489	n
22445635	2797	1488	n
22456057	2797	1490	n
22456308	2798	1488	n
22456562	2797	1488	n
22456818	2797	1488	n
22457069	2798	1488	n
22457320	2796	1488	n
22467688	2798	1488	n
22467939	2797	1488	n
22468191	2795	1488	n
22468442	2796	1488	n
22468698	2795	1489	n
22468949	2795	1488	n
22469201	2798	1488	n
22479588	2798	1488	n
22479844	2798	1489	n
22480095	2795	1488	n
22480346	2797	1488	n
22480604	2797	1489	n
22480859	2797	1489	n
22491230	2795	1489	n
22491481	2798	1488	n
22491736	2796	1489	n
22491987	2795	1489	n
22492239	2797	1488	n
22492490	2795	1488	n
22502874	2795	1489	n
22503125	2795	1488	n
22503376	2799	1488	n
22503634	2795	1488	n
22503885	2795	1488	n
22504136	2797	1488	n
22514572	2797	1488	n
22514827	2798	1488	n
22515078	2796	1489	n
22515329	2796	1488	n
22515587	2797	1488	n
22515843	2795	1488	n
22526265	2799	1489	n
22526518	2797	1488	n
22526773	2797	1488	n
22527024	2797	1489	n
22527276	2799	1488	n
22527533	2798	1488	n
22537961	2794	1489	n
22538212	2797	1488	n
22538463	2794	1488	n
22538718	2794	1488	n
22538970	2795	1488	n
22539221	2794	1488	n
22539472	2798	1488	n
22549880	2797	1488	n
22550131	2795	1488	n
22550382	2797	1488	n
22550642	2795	1488	n
22550893	2794	1488	n
22551144	2796	1489	n
22561529	2799	1488	n
22561784	2795	1488	n
22562035	2797	1488	n
22562287	2797	1489	n
22562543	2795	1488	n
22562798	2797	1488	n
22573219	2798	1489	n
22573470	2799	1489	n
22573726	2798	1489	n
22573977	2797	1488	n
22574228	2795	1488	n
22574479	2799	1488	n
22584862	2797	1488	n
22585113	2797	1488	n
22585364	2797	1488	n
22585621	2795	1488	n
22585876	2795	1488	n
22586128	2797	1488	n
22596563	2797	1488	n
22596818	2797	1489	n
22597069	2798	1488	n
22597321	2798	1488	n
22597577	2798	1488	n
22597832	2798	1488	n
22608237	2796	1488	n
22608488	2795	1488	n
22608748	2797	1488	n
22609000	2799	1488	n
22609251	2797	1488	n
22609508	2798	1488	n
22609764	2797	1488	n
22620174	2798	1488	n
22620425	2797	1489	n
22620681	2794	1488	n
22620932	2799	1488	n
22621183	2797	1489	n
22621434	2795	1488	n
22631817	2797	1488	n
22632068	2795	1489	n
22632319	2795	1488	n
22632572	2795	1488	n
22632828	2795	1488	n
22633079	2795	1488	n
22643518	2797	1488	n
22643773	2795	1488	n
22644025	2794	1488	n
22644276	2796	1488	n
22644533	2797	1488	n
22644787	2795	1489	n
22655208	2797	1488	n
22655459	2795	1488	n
22655715	2798	1488	n
22655966	2798	1488	n
22656217	2796	1488	n
22656469	2797	1489	n
22666852	2795	1488	n
22667103	2791	1488	n
22667354	2795	1488	n
22667607	2794	1488	n
22667862	2794	1488	n
22668113	2794	1488	n
22678532	2797	1488	n
22678787	2796	1488	n
22679038	2795	1489	n
22679290	2795	1488	n
22679546	2795	1488	n
22679802	2795	1488	n
22680053	2795	1488	n
22690467	2795	1488	n
22690722	2797	1488	n
22690973	2798	1489	n
22691224	2796	1488	n
22691476	2797	1488	n
22691732	2797	1489	n
22702111	2795	1488	n
22702362	2795	1488	n
22702619	2795	1488	n
22702874	2796	1489	n
22703125	2798	1488	n
22703376	2798	1488	n
22713806	2798	1488	n
22714057	2795	1488	n
22714309	2797	1488	n
22714566	2797	1488	n
22714821	2798	1488	n
22715073	2798	1488	n
22725508	2796	1488	n
22725764	2796	1488	n
22726015	2794	1488	n
22726266	2797	1488	n
22726519	2795	1488	n
22726775	2796	1488	n
22737198	2796	1488	n
22737449	2798	1488	n
22737706	2797	1489	n
22737957	2798	1488	n
22738208	2794	1488	n
22738460	2794	1488	n
22738716	2797	1488	n
22749117	2797	1488	n
22749368	2795	1488	n
22749621	2797	1488	n
22749877	2797	1488	n
22750128	2797	1488	n
22750379	2794	1488	n
22760765	2794	1488	n
22761016	2797	1488	n
22761268	2796	1488	n
22761521	2795	1488	n
22761777	2795	1488	n
22762028	2796	1488	n
22772388	2797	1488	n
22772645	2798	1488	n
22772896	2797	1488	n
22773147	2798	1488	n
22773398	2795	1488	n
22773658	2797	1488	n
22784100	2797	1488	n
22784351	2795	1488	n
22784605	2795	1488	n
22784860	2797	1488	n
22785111	2797	1488	n
22785362	2794	1488	n
22795796	2799	1489	n
22796047	2799	1489	n
22796298	2798	1488	n
22796552	2797	1488	n
22796807	2798	1489	n
22797058	2798	1489	n
22807475	2799	1489	n
22807730	2796	1488	n
22807981	2797	1488	n
22808233	2795	1488	n
22808484	2796	1488	n
22808740	2797	1488	n
22808991	2797	1488	n
22819411	2797	1489	n
22819671	2798	1488	n
22819922	2795	1488	n
22820173	2796	1488	n
22820425	2795	1488	n
22820680	2795	1488	n
22831055	2797	1488	n
22831306	2797	1488	n
22831562	2794	1488	n
22831818	2796	1489	n
22832069	2795	1489	n
22832329	2795	1489	n
22842761	2798	1488	n
22843238	2797	1488	n
22843489	2794	1488	n
22843757	2795	1488	n
22844030	2796	1488	n
22844282	2795	1487	n
22854709	2794	1488	n
22855194	2793	1488	n
22855468	2797	1488	n
22855724	2797	1488	n
22855975	2797	1488	n
22856235	2795	1490	Time:00:00:00:00;;
22866862	2796	1488	n
22867338	2795	1488	n
22867594	2797	1489	n
22867881	2795	1488	n
22868132	2797	1488	n
22868383	2795	1488	n
22878768	2798	1488	n
22879252	2797	1488	n
22879532	2798	1488	n
22879788	2796	1488	n
22880039	2797	1488	n
22880299	2795	1488	n
22880577	2796	1488	n
22890999	2797	1488	n
22891476	2798	1488	n
22891740	2797	1488	n
22892013	2795	1488	n
22892265	2796	1488	n
22892518	2795	1488	n
22902884	2795	1488	n
22903394	2793	1488	n
22903652	2797	1488	n
22903904	2794	1488	n
22904163	2791	1488	n
22904437	2795	1489	n
22914821	2798	1488	Time:00:00:00:00;;
22915517	2795	1488	n
22915804	2797	1488	n
22916055	2799	1488	n
22916306	2798	1488	n
22916563	2796	1489	n
22926965	2797	1488	n
22927451	2797	1488	n
22927712	2797	1488	n
22927963	2796	1489	n
22928246	2795	1489	n
22928501	2795	1489	n
22938902	2795	1488	n
22939379	2798	1488	n
22939648	2795	1488	n
22939921	2795	1488	n
22940173	2796	1488	n
22940424	2795	1488	n
22950822	2794	1488	n
22951330	2796	1488	n
22951587	2795	1488	n
22951842	2797	1488	n
22952102	2795	1488	n
22952375	2795	1488	n
22952635	2795	1488	n
22963017	2798	1488	n
22963511	2797	1488	n
22963788	2798	1488	n
22964040	2797	1488	n
22964291	2795	1488	n
22964553	2797	1488	n
22974963	2795	1489	n
22975441	2794	1488	n
22975697	2797	1488	n
22975957	2793	1488	n
22976231	2795	1488	n
22976482	2793	1487	n
22986875	2797	1488	n
22987351	2795	1489	n
22987642	2795	1488	n
22987893	2798	1488	n
22988144	2794	1488	n
22988395	2795	1488	n
22988684	2797	1488	n
22999070	2795	1488	n
22999552	2798	1488	n
22999807	2796	1488	n
23000090	2795	1488	n
23000341	2795	1488	n
23000597	2796	1488	n
23011007	2797	1489	n
23011501	2797	1488	n
23011779	2797	1488	n
23012030	2797	1488	n
23012281	2795	1488	n
23012546	2797	1489	n
23023013	2797	1488	n
23023493	2795	1489	n
23023749	2795	1488	n
23024031	2797	1488	n
23024283	2795	1488	n
23024536	2793	1488	n
23024791	2795	1488	n
23035210	2797	1488	n
23035705	2795	1488	n
23035956	2797	1488	n
23036207	2796	1488	n
23036467	2795	1488	n
23036745	2796	1488	n
23047128	2796	1488	n
23047614	2797	1488	n
23047878	2797	1489	n
23048151	2797	1488	n
23048403	2795	1488	n
23048662	2796	1488	n
23059065	2797	1489	n
23059579	2799	1488	n
23059835	2799	1488	n
23060086	2797	1488	n
23060345	2797	1488	n
23060621	2795	1488	n
23060876	2796	1488	n
23071261	2795	1488	Time:00:00:00:00;;
23071849	2797	1490	n
23072100	2795	1488	n
23072351	2795	1488	n
23072605	2797	1488	n
23083008	2795	1488	n
23083259	2796	1488	n
23083514	2795	1489	n
23083770	2798	1488	n
23084021	2797	1488	n
23084272	2797	1489	n
23094686	2795	1490	n
23094938	2797	1488	n
23095189	2797	1488	n
23095440	2800	1487	n
23095696	2796	1488	n
23095947	2795	1490	n
23096199	2795	1488	n
23106629	2795	1488	n
23106884	2795	1488	n
23107135	2795	1488	n
23107386	2794	1488	n
23107643	2795	1488	n
23107895	2794	1488	n
23118267	2797	1488	n
23118520	2796	1489	n
23118776	2795	1488	n
23119027	2795	1488	n
23119278	2796	1488	n
23119535	2797	1489	n
23129962	2795	1488	n
23130213	2794	1488	n
23130465	2794	1489	n
23130720	2796	1488	n
23130971	2793	1488	n
23131222	2795	1488	n
23141662	2797	1488	n
23141913	2797	1488	n
23142165	2799	1488	n
23142416	2797	1488	n
23142672	2795	1488	n
23142923	2797	1488	n
23153285	2794	1488	n
23153538	2797	1488	n
23153793	2795	1488	n
23154044	2798	1488	n
23154295	2794	1488	n
23154552	2795	1488	n
23154808	2795	1488	n
23165187	2798	1488	n
23165438	2798	1488	n
23165694	2795	1488	n
23165945	2797	1488	n
23166197	2795	1488	n
23166448	2794	1488	n
23176831	2795	1488	n
23177082	2794	1488	n
23177333	2795	1488	n
23177586	2795	1488	n
23177841	2797	1488	n
23178092	2797	1488	n
23188475	2799	1488	n
23188730	2797	1488	n
23188982	2795	1488	n
23189233	2797	1488	n
23189484	2797	1488	n
23189740	2795	1488	n
23200170	2795	1488	n
23200421	2793	1488	n
23200677	2797	1488	n
23200929	2797	1488	n
23201180	2797	1488	n
23201431	2796	1488	n
23211866	2795	1488	n
23212117	2797	1489	n
23212368	2796	1488	n
23212621	2795	1488	n
23212877	2796	1489	n
23213128	2794	1488	n
23223493	2797	1488	n
23223750	2798	1489	n
23224001	2798	1488	n
23224252	2797	1489	n
23224508	2797	1488	n
23224764	2795	1488	n
23225015	2794	1488	n
23235395	2798	1489	n
23235652	2798	1488	n
23235903	2798	1488	n
23236154	2797	1488	n
23236406	2799	1488	n
23236667	2799	1489	n
23247039	2798	1489	n
23247290	2798	1488	n
23247545	2795	1488	n
23247800	2795	1488	n
23248051	2795	1488	n
23248302	2798	1488	n
23258686	2794	1488	n
23258937	2797	1488	n
23259188	2795	1489	n
23259440	2796	1488	n
23259696	2794	1488	n
23259947	2794	1488	n
23270377	2798	1488	n
23270635	2798	1489	n
23270886	2798	1490	n
23271138	2797	1488	n
23271389	2798	1488	n
23271646	2797	1488	n
23282073	2796	1489	n
23282324	2798	1490	n
23282579	2796	1489	n
23282835	2797	1488	n
23283086	2797	1488	n
23283337	2794	1488	n
23293702	2795	1488	n
23293953	2796	1488	n
23294204	2797	1488	n
23294456	2795	1488	n
23294713	2798	1489	n
23294964	2797	1488	n
23295215	2796	1488	n
23305604	2797	1487	n
23305859	2796	1488	n
23306110	2795	1488	n
23306362	2797	1488	n
23306619	2796	1488	n
23306874	2794	1488	n
23317246	2797	1489	n
23317500	2797	1488	n
23317756	2795	1489	n
23318007	2796	1489	n
23318258	2798	1489	n
23318515	2797	1488	n
23328890	2795	1488	n
23329141	2795	1488	n
23329392	2795	1488	n
23329653	2795	1488	n
23329904	2795	1488	n
23330155	2791	1487	n
23340587	2795	1488	n
23340843	2796	1488	n
23341094	2794	1488	n
23341345	2796	1488	n
23341600	2797	1488	n
23341856	2795	1488	n
23352281	2797	1488	n
23352535	2795	1488	n
23352790	2795	1488	n
23353042	2794	1488	n
23353293	2795	1488	n
23353550	2797	1488	n
23363977	2797	1488	n
23364228	2796	1487	n
23364479	2799	1488	n
23364734	2797	1489	n
23364986	2797	1488	n
23365237	2797	1488	n
23365488	2795	1488	n
23375896	2795	1488	n
23376147	2794	1488	n
23376398	2796	1488	n
23376658	2795	1488	n
23376909	2797	1489	n
23377160	2796	1488	n
23387545	2795	1488	n
23387801	2795	1488	n
23388052	2797	1488	n
23388303	2796	1488	n
23388560	2795	1488	n
23388816	2795	1488	n
23399235	2797	1488	n
23399486	2795	1489	n
23399742	2795	1488	n
23399994	2797	1488	n
23400245	2797	1488	n
23400501	2798	1488	n
23410879	2797	1488	n
23411130	2796	1489	n
23411381	2796	1488	n
23411642	2795	1488	n
23411894	2797	1488	n
23412145	2794	1488	n
23422578	2795	1488	n
23422833	2795	1488	n
23423084	2795	1488	n
23423335	2795	1488	n
23423589	2796	1488	n
23423844	2795	1488	n
23434254	2794	1488	n
23434507	2796	1488	n
23434763	2795	1488	n
23435014	2794	1488	n
23435266	2795	1488	n
23435519	2794	1488	n
23435774	2795	1488	n
23446190	2797	1488	n
23446441	2795	1488	n
23446698	2797	1488	n
23446949	2796	1489	n
23447200	2797	1488	n
23447451	2795	1488	n
23457834	2799	1488	n
23458085	2795	1488	n
23458336	2797	1489	n
23458589	2798	1488	n
23458845	2796	1489	n
23459096	2797	1488	n
23469535	2798	1488	n
23469790	2799	1488	n
23470042	2798	1488	n
23470293	2798	1488	n
23470550	2798	1488	n
23470805	2798	1488	n
23481225	2797	1488	n
23481476	2798	1489	n
23481732	2797	1488	n
23481983	2795	1488	n
23482234	2797	1488	n
23482485	2794	1488	n
23492868	2797	1489	n
23493119	2797	1489	n
23493370	2797	1488	n
23493624	2798	1488	n
23493879	2797	1488	n
23494130	2798	1489	n
23504546	2797	1489	n
23504802	2798	1488	n
23505053	2794	1488	n
23505305	2798	1488	n
23505560	2795	1488	n
23505815	2790	1488	n
23506066	2791	1488	n
23516484	2796	1488	n
23516740	2797	1488	n
23516991	2796	1488	n
23517243	2798	1489	n
23517495	2798	1488	n
23517751	2796	1488	n
23528127	2795	1488	n
23528378	2797	1488	n
23528639	2795	1488	n
23528891	2797	1488	n
23529142	2798	1488	n
23529393	2795	1488	n
23539822	2798	1488	n
23540073	2795	1489	n
23540325	2797	1489	n
23540579	2797	1488	n
23540834	2797	1488	n
23541086	2797	1488	n
23551520	2793	1488	n
23551775	2795	1488	n
23552027	2797	1488	n
23552278	2795	1489	n
23552535	2797	1489	n
23552791	2795	1488	n
23563214	2797	1488	n
23563465	2794	1488	n
23563720	2796	1489	n
23563972	2798	1488	n
23564223	2795	1488	n
23564474	2800	1488	n
23564729	2798	1488	n
23575134	2797	1488	n
23575385	2798	1488	n
23575642	2798	1488	n
23575894	2798	1488	n
23576145	2797	1488	n
23576396	2795	1488	n
23586781	2798	1488	n
23587032	2797	1489	n
23587283	2797	1488	n
23587536	2797	1489	n
23587792	2795	1489	n
23588043	2797	1489	n
23598404	2799	1489	n
23598662	2797	1488	n
23598913	2798	1488	n
23599164	2799	1489	n
23599415	2797	1488	n
23599672	2796	1488	n
23610030	2797	1489	n
23610281	2797	1488	n
23610535	2798	1488	n
23610790	2795	1488	n
23611041	2798	1488	n
23611292	2797	1488	n
23621729	2798	1489	n
23621980	2799	1488	n
23622231	2798	1489	n
23622482	2799	1488	n
23622738	2796	1489	n
23622990	2795	1488	n
23633353	2799	1489	n
23633606	2799	1489	n
23633862	2798	1488	n
23634113	2797	1488	n
23634364	2798	1489	n
23634621	2797	1488	n
23634877	2798	1488	n
23645255	2795	1488	n
23645512	2796	1490	n
23645767	2799	1488	n
23646018	2797	1488	n
23646270	2798	1488	n
23646526	2797	1489	n
23656899	2796	1489	n
23657150	2797	1488	n
23657401	2797	1488	n
23657662	2795	1488	n
23657913	2797	1488	n
23658164	2797	1489	n
23668545	2798	1489	n
23668800	2797	1488	n
23669052	2797	1488	n
23669303	2798	1488	n
23669560	2798	1488	n
23669815	2797	1489	n
23680237	2797	1488	n
23680488	2798	1489	n
23680747	2798	1488	n
23680999	2799	1488	n
23681250	2797	1489	n
23681505	2799	1489	n
23691933	2797	1488	n
23692184	2797	1488	n
23692435	2797	1488	n
23692691	2797	1488	n
23692942	2795	1488	n
23693193	2795	1488	n
23703564	2797	1488	n
23703819	2798	1488	n
23704070	2795	1488	n
23704322	2797	1488	n
23704577	2798	1488	n
23704832	2798	1488	n
23705083	2795	1488	n
23715462	2794	1489	n
23715718	2798	1488	n
23715969	2798	1489	n
23716220	2797	1488	n
23716471	2800	1488	n
23716727	2798	1488	n
23727106	2799	1488	n
23727357	2797	1488	n
23727614	2795	1488	n
23727869	2794	1488	n
23728120	2793	1488	n
23728372	2795	1488	n
23738753	2791	1489	n
23739005	2795	1488	n
23739256	2798	1488	n
23739511	2797	1488	n
23739767	2794	1488	n
23740018	2797	1488	n
23750445	2797	1488	n
23750705	2795	1488	n
23750956	2798	1491	n
23751207	2797	1490	n
23751458	2798	1490	n
23751714	2798	1489	n
23762141	2797	1488	n
23762392	2797	1490	n
23762653	2798	1489	n
23762904	2796	1488	n
23763155	2795	1489	n
23763406	2798	1488	n
23773768	2797	1488	n
23774019	2795	1488	n
23774270	2792	1488	n
23774525	2795	1488	n
23774781	2797	1489	n
23775032	2797	1488	n
23775284	2794	1489	n
23785674	2795	1488	n
23785925	2797	1488	n
23786176	2795	1488	n
23786427	2798	1488	n
23786683	2797	1488	n
23786934	2797	1488	n
23797314	2797	1488	n
23797569	2797	1489	n
23797824	2797	1488	n
23798075	2797	1488	n
23798326	2797	1488	n
23798584	2795	1488	n
23808957	2796	1489	n
23809208	2796	1488	n
23809459	2794	1488	n
23809715	2795	1489	n
23809966	2797	1488	n
23810218	2797	1488	n
23820656	2795	1488	n
23820908	2797	1488	n
23821159	2795	1488	n
23821410	2797	1488	n
23821671	2795	1488	n
23821922	2798	1488	n
23832348	2796	1488	n
23832603	2795	1488	n
23832859	2795	1488	n
23833110	2795	1488	n
23833392	2795	1488	n
23833653	2795	1488	n
23844044	2797	1488	n
23844526	2797	1488	n
23844788	2796	1488	n
23845062	2795	1488	n
23845313	2797	1488	n
23845569	2795	1489	n
23845856	2795	1488	n
23856228	2797	1488	n
23856715	2797	1488	n
23856966	2796	1490	n
23857226	2795	1488	Time:00:00:00:00;;
23857724	2797	1488	n
23868142	2795	1488	n
23868629	2794	1488	n
23868907	2797	1488	n
23869159	2796	1488	n
23869410	2797	1488	n
23869679	2795	1488	n
23869953	2794	1488	n
23880372	2797	1488	n
23880855	2797	1488	n
23881115	2795	1488	n
23881388	2795	1488	n
23881645	2795	1488	n
23881897	2795	1488	n
23892326	2797	1488	n
23892841	2795	1488	n
23893092	2795	1488	n
23893343	2797	1488	n
23893606	2796	1488	n
23893884	2797	1488	n
23904264	2794	1488	n
23904751	2795	1488	n
23905011	2795	1488	n
23905285	2795	1488	n
23905538	2795	1488	n
23905793	2795	1488	n
23906053	2794	1488	n
23916526	2795	1488	Time:00:00:00:00;;
23917222	2795	1488	n
23917473	2797	1488	n
23917760	2795	1488	n
23918011	2796	1489	n
23928431	2796	1489	n
23928912	2795	1489	n
23929195	2795	1489	n
23929446	2795	1488	n
23929704	2797	1488	n
23929955	2796	1488	n
23930238	2795	1488	n
23940665	2795	1489	n
23941142	2795	1488	n
23941393	2797	1488	n
23941684	2794	1488	n
23941935	2795	1488	n
23942187	2796	1488	n
23952616	2795	1489	n
23953129	2795	1488	n
23953380	2797	1488	n
23953639	2795	1488	n
23953890	2797	1489	n
23954172	2797	1488	n
23964555	2795	1488	n
23965041	2795	1488	n
23965293	2798	1488	n
23965580	2796	1488	n
23965835	2796	1488	n
23966086	2795	1488	n
23966337	2795	1488	n
23976800	2797	1488	n
23977286	2797	1489	n
23977543	2795	1488	n
23977798	2797	1488	n
23978080	2796	1488	n
23978331	2797	1488	n
23988756	2795	1488	n
23989233	2795	1488	n
23989493	2793	1488	n
23989772	2798	1488	n
23990023	2795	1488	n
23990274	2794	1488	n
24000678	2796	1488	n
24001186	2795	1488	n
24001437	2795	1488	n
24001693	2795	1488	n
24001952	2796	1490	n
24002226	2797	1488	n
24002477	2798	1488	n
24012852	2797	1488	n
24013342	2797	1487	n
24013621	2795	1488	n
24013877	2796	1488	n
24014128	2795	1488	n
24014388	2795	1488	n
24024815	2798	1490	n
24025293	2797	1488	n
24025549	2795	1488	n
24025813	2797	1488	n
24026092	2798	1489	n
24026344	2798	1488	n
24036727	2795	1488	n
24037203	2799	1488	n
24037486	2795	1487	n
24037742	2794	1488	n
24037994	2795	1488	n
24038245	2796	1488	n
24038532	2795	1488	n
24048905	2795	1489	n
24049386	2796	1489	n
24049643	2797	1488	n
24049925	2794	1488	n
24050177	2796	1489	n
24050428	2795	1488	n
24060859	2798	1488	n
24061368	2796	1488	n
24061621	2795	1490	n
24061877	2797	1490	n
24062128	2797	1489	n
24062410	2796	1488	n
24072779	2793	1488	Time:00:00:00:00;;
24073334	2794	1488	n
24073588	2797	1488	n
24073843	2795	1488	n
24074094	2796	1488	n
24074346	2795	1488	n
24084770	2798	1488	n
24085021	2798	1488	n
24085272	2795	1489	n
24085529	2794	1488	n
24085785	2797	1488	n
24086036	2796	1489	n
24096394	2798	1488	n
24096652	2798	1488	n
24096904	2798	1488	n
24097155	2797	1488	n
24097406	2795	1488	n
24097667	2797	1488	n
24108090	2796	1488	n
24108341	2796	1488	n
24108598	2797	1489	n
24108853	2795	1488	n
24109104	2797	1488	n
24109355	2798	1488	n
24119786	2798	1489	n
24120037	2797	1488	n
24120288	2795	1488	n
24120543	2796	1489	n
24120798	2797	1489	n
24121049	2797	1488	n
24121300	2799	1490	n
24131709	2796	1488	n
24131961	2795	1488	n
24132212	2797	1488	n
24132463	2795	1488	n
24132718	2795	1488	n
24132970	2795	1488	n
24143349	2795	1489	n
24143603	2798	1488	n
24143859	2798	1488	n
24144110	2797	1488	n
24144361	2797	1488	n
24144618	2799	1489	n
24155044	2797	1488	n
24155295	2797	1488	n
24155552	2799	1489	n
24155807	2798	1489	n
24156058	2797	1488	n
24156310	2797	1488	n
24166692	2797	1488	n
24166943	2799	1488	n
24167194	2797	1488	n
24167445	2797	1488	n
24167704	2795	1488	n
24167956	2796	1489	n
24178383	2795	1488	n
24178642	2798	1489	n
24178893	2797	1488	n
24179144	2797	1488	n
24179395	2793	1488	n
24179652	2797	1488	n
24190062	2795	1488	n
24190313	2795	1488	n
24190569	2797	1488	n
24190824	2797	1488	n
24191075	2794	1488	n
24191326	2796	1489	n
24191584	2797	1488	n
24201999	2798	1488	n
24202250	2795	1488	n
24202505	2797	1488	n
24202761	2798	1488	n
24203012	2797	1489	n
24203263	2795	1489	n
24213649	2795	1489	n
24213900	2795	1488	n
24214151	2797	1488	n
24214402	2791	1487	n
24214663	2797	1488	n
24214914	2796	1488	n
24225337	2796	1488	n
24225594	2798	1488	n
24225850	2795	1488	n
24226101	2795	1488	n
24226352	2797	1489	n
24226605	2796	1488	n
24237033	2797	1488	n
24237284	2797	1489	n
24237538	2795	1488	n
24237793	2797	1488	n
24238044	2795	1488	n
24238295	2795	1489	n
24248681	2796	1488	n
24248932	2796	1488	n
24249184	2795	1489	n
24249435	2796	1490	n
24249691	2797	1488	n
24249942	2795	1488	n
24260355	2795	1488	n
24260611	2795	1488	n
24260867	2795	1488	n
24261118	2795	1488	n
24261369	2794	1488	n
24261622	2791	1488	n
24261877	2793	1488	n
24272292	2795	1488	n
24272549	2794	1488	n
24272804	2795	1488	n
24273056	2795	1488	n
24273307	2795	1488	n
24273563	2795	1488	n
24283936	2799	1488	n
24284187	2798	1488	n
24284438	2795	1488	n
24284694	2798	1488	n
24284945	2799	1488	n
24285197	2795	1488	n
24295634	2795	1488	n
24295885	2797	1488	n
24296136	2797	1488	n
24296388	2794	1489	n
24296645	2798	1488	n
24296896	2797	1488	n
24307327	2795	1488	n
24307583	2795	1488	n
24307839	2795	1487	n
24308090	2797	1488	n
24308342	2795	1488	n
24308597	2796	1489	n
24319023	2795	1488	n
24319274	2797	1488	n
24319528	2795	1488	n
24319784	2798	1488	n
24320035	2795	1488	n
24320286	2794	1488	n
24320543	2795	1489	n
24330942	2797	1488	n
24331193	2797	1488	n
24331444	2796	1488	n
24331705	2794	1488	n
24331956	2797	1488	n
24332207	2797	1488	n
24342588	2799	1488	n
24342843	2798	1489	n
24343095	2798	1489	n
24343346	2799	1491	n
24343600	2797	1489	n
24343856	2798	1488	n
24354213	2795	1488	n
24354464	2797	1489	n
24354719	2798	1488	n
24354970	2795	1488	n
24355222	2795	1488	n
24355473	2798	1490	n
24365839	2794	1488	n
24366090	2791	1488	n
24366341	2794	1489	n
24366597	2794	1488	n
24366852	2795	1488	n
24367103	2795	1488	n
24377537	2797	1488	n
24377792	2794	1488	n
24378044	2796	1488	n
24378295	2797	1489	n
24378552	2796	1488	n
24378807	2799	1489	n
24389231	2795	1488	n
24389482	2797	1488	n
24389738	2795	1488	n
24389989	2793	1488	n
24390240	2795	1488	n
24390492	2797	1488	n
24390748	2798	1488	n
24401150	2794	1488	n
24401401	2798	1488	n
24401662	2795	1488	n
24401913	2796	1488	n
24402164	2795	1488	n
24402415	2795	1488	n
24412798	2797	1488	n
24413049	2799	1489	n
24413300	2797	1488	n
24413553	2795	1488	n
24413809	2797	1488	n
24414060	2797	1489	n
24424420	2795	1487	n
24424676	2798	1488	n
24424927	2797	1489	n
24425178	2795	1488	n
24425429	2798	1488	n
24425685	2796	1488	n
24436046	2796	1488	n
24436297	2795	1489	n
24436552	2797	1488	n
24436807	2795	1488	n
24437058	2797	1488	n
24437309	2798	1488	n
24447742	2797	1489	n
24447993	2795	1488	n
24448244	2796	1488	n
24448501	2797	1488	n
24448756	2794	1489	n
24449007	2795	1488	n
24459369	2798	1488	n
24459622	2796	1488	n
24459877	2797	1488	n
24460128	2797	1489	n
24460379	2796	1489	n
24460639	2796	1488	n
24460890	2798	1488	n
24471271	2797	1488	n
24471526	2798	1488	n
24471782	2794	1488	n
24472033	2795	1488	n
24472284	2796	1488	n
24472538	2797	1489	n
24482915	2798	1489	n
24483166	2797	1488	n
24483417	2797	1488	n
24483674	2794	1488	n
24483925	2797	1488	n
24484176	2796	1488	n
24494562	2795	1488	n
24494817	2796	1488	n
24495068	2795	1488	n
24495320	2797	1489	n
24495573	2796	1488	n
24495828	2795	1488	n
24506254	2797	1490	n
24506508	2799	1488	n
24506763	2795	1489	n
24507014	2797	1488	n
24507266	2799	1488	n
24507519	2796	1488	n
24517950	2796	1488	n
24518201	2795	1488	n
24518452	2795	1488	n
24518712	2797	1488	n
24518964	2798	1489	n
24519215	2797	1488	n
24529576	2797	1489	n
24529831	2794	1488	n
24530082	2795	1488	n
24530333	2797	1488	n
24530587	2795	1488	n
24530842	2798	1488	n
24531093	2797	1488	n
24541479	2798	1489	n
24541735	2797	1488	n
24541986	2795	1488	n
24542237	2797	1488	n
24542488	2796	1489	n
24542748	2796	1488	n
24553122	2798	1489	n
24553373	2798	1488	n
24553629	2795	1489	n
24553884	2796	1488	n
24554135	2797	1488	n
24554386	2797	1489	n
24564770	2799	1488	n
24565021	2798	1488	n
24565272	2794	1488	n
24565529	2799	1488	n
24565784	2795	1488	n
24566036	2797	1489	n
24576461	2795	1488	n
24576717	2796	1488	n
24576968	2797	1488	n
24577219	2797	1488	n
24577470	2799	1488	n
24577726	2795	1489	n
24588157	2798	1488	n
24588408	2797	1488	n
24588667	2798	1488	n
24588918	2797	1488	n
24589169	2797	1489	n
24589420	2798	1488	n
24599784	2798	1488	n
24600035	2798	1489	n
24600286	2796	1489	n
24600543	2797	1488	n
24600799	2797	1488	n
24601050	2796	1489	n
24601301	2798	1489	n
24611690	2798	1489	n
24611942	2798	1488	n
24612193	2798	1488	n
24612444	2796	1488	n
24612705	2797	1488	n
24612956	2796	1489	n
24623330	2798	1488	n
24623587	2795	1488	n
24623842	2797	1488	n
24624093	2794	1488	n
24624344	2795	1488	n
24624601	2797	1489	n
24634974	2797	1488	n
24635225	2799	1490	n
24635476	2799	1488	n
24635732	2799	1488	n
24635983	2799	1489	n
24636234	2796	1489	n
24646674	2797	1489	n
24646925	2798	1489	n
24647176	2797	1489	n
24647427	2797	1489	n
24647683	2799	1488	n
24647934	2798	1488	n
24658365	2795	1488	n
24658621	2795	1488	n
24658877	2795	1488	n
24659128	2795	1488	n
24659379	2795	1488	n
24659639	2797	1488	n
24670061	2795	1488	n
24670312	2797	1488	n
24670569	2797	1488	n
24670824	2796	1488	n
24671075	2797	1488	n
24671327	2798	1489	n
24671584	2797	1488	n
24681980	2798	1488	n
24682231	2797	1489	n
24682482	2795	1488	n
24682738	2799	1488	n
24682990	2797	1488	n
24683241	2796	1489	n
24693629	2798	1488	n
24693884	2799	1489	n
24694135	2799	1488	n
24694386	2799	1489	n
24694643	2798	1489	n
24694894	2798	1488	n
24705319	2796	1488	n
24705572	2796	1489	n
24705828	2797	1488	n
24706079	2798	1488	n
24706330	2797	1488	n
24706587	2795	1488	n
24716962	2797	1489	n
24717213	2798	1488	n
24717464	2795	1489	n
24717719	2797	1489	n
24717971	2794	1489	n
24718222	2797	1489	n
24728662	2797	1488	n
24728913	2797	1490	n
24729165	2797	1488	n
24729416	2798	1488	n
24729672	2798	1488	n
24729924	2797	1488	n
24740337	2797	1488	n
24740590	2797	1488	n
24740845	2798	1488	n
24741097	2795	1488	n
24741348	2795	1488	n
24741604	2795	1488	n
24741859	2797	1488	n
24752274	2797	1489	n
24752528	2797	1488	n
24752784	2795	1488	n
24753035	2797	1488	n
24753286	2797	1488	n
24753544	2795	1488	n
24763917	2796	1488	n
24764168	2795	1488	n
24764419	2799	1488	n
24764675	2796	1488	n
24764926	2796	1488	n
24765177	2794	1488	n
24775617	2796	1488	n
24775873	2796	1488	n
24776124	2798	1488	n
24776375	2797	1488	n
24776635	2797	1489	n
24776886	2798	1488	n
24787308	2794	1487	n
24787562	2790	1488	n
24787818	2795	1488	n
24788069	2794	1488	n
24788320	2795	1488	n
24788577	2793	1488	n
24798952	2796	1488	n
24799203	2798	1489	n
24799454	2795	1489	n
24799712	2795	1488	n
24799963	2795	1488	n
24800214	2797	1488	n
24810634	2796	1489	n
24810885	2796	1489	n
24811136	2795	1488	n
24811387	2797	1489	n
24811645	2796	1488	n
24811896	2795	1488	n
24812147	2798	1488	n
24822569	2795	1488	n
24822824	2795	1488	n
24823075	2795	1488	n
24823326	2797	1488	n
24823584	2798	1488	n
24823840	2796	1489	n
24834211	2794	1488	n
24834512	2796	1488	n
24834798	2794	1488	n
24835049	2795	1488	n
24835301	2795	1488	n
24835554	2795	1488	n
24845992	2797	1488	n
24846478	2797	1488	n
24846733	2794	1488	n
24846985	2795	1488	n
24847267	2795	1488	n
24847521	2795	1488	n
24857913	2797	1489	Time:00:00:00:00;;
24858615	2796	1489	n
24858892	2795	1488	n
24859143	2796	1488	n
24859394	2797	1488	n
24859662	2796	1489	n
24870065	2794	1488	n
24870545	2797	1488	n
24870800	2797	1488	n
24871060	2796	1488	n
24871333	2795	1488	n
24871587	2797	1488	n
24882011	2795	1488	n
24882501	2797	1488	n
24882779	2797	1489	n
24883030	2797	1488	n
24883281	2797	1488	n
24883543	2792	1488	n
24883821	2795	1488	n
24894241	2796	1488	n
24894727	2795	1488	n
24894987	2797	1488	n
24895260	2796	1488	n
24895515	2793	1488	n
24895770	2795	1488	n
24906195	2797	1489	n
24906714	2795	1488	n
24906966	2798	1488	n
24907217	2795	1488	n
24907476	2797	1488	n
24907754	2797	1487	n
24918133	2797	1488	Time:00:00:00:00;;
24918835	2791	1488	n
24919117	2797	1488	n
24919369	2799	1488	n
24919622	2793	1488	n
24919877	2795	1488	n
24930354	2794	1488	n
24930840	2794	1488	n
24931092	2794	1488	n
24931343	2795	1488	n
24931629	2796	1488	n
24931885	2794	1488	n
24942300	2795	1488	n
24942785	2794	1488	n
24943067	2795	1488	n
24943318	2797	1488	n
24943571	2797	1488	n
24943826	2795	1488	n
24944109	2798	1488	n
24954535	2798	1489	n
24955017	2795	1488	n
24955268	2795	1488	n
24955552	2796	1489	n
24955807	2797	1488	n
24956058	2797	1488	n
24966484	2796	1488	n
24967003	2795	1488	n
24967254	2797	1488	n
24967508	2796	1488	n
24967764	2797	1488	n
24968047	2797	1488	n
24978421	2795	1487	n
24978902	2795	1488	n
24979153	2795	1488	n
24979414	2795	1488	n
24979694	2793	1488	n
24979945	2794	1488	n
24980196	2798	1488	n
24990586	2795	1491	n
24991098	2799	1488	n
24991349	2797	1488	n
24991603	2797	1490	n
24991867	2797	1489	n
24992141	2795	1489	n
25002538	2798	1488	n
25003019	2798	1488	n
25003279	2798	1488	n
25003555	2796	1488	n
25003810	2795	1489	n
25004062	2795	1488	n
25014474	2798	1488	n
25014992	2794	1488	n
25015244	2795	1488	n
25015501	2795	1488	n
25015765	2795	1487	n
25016039	2795	1488	n
25016290	2794	1488	n
25026725	2796	1488	n
25027218	2797	1488	n
25027492	2795	1488	n
25027748	2797	1488	n
25027999	2797	1488	n
25028259	2797	1488	n
25038688	2796	1488	n
25039167	2795	1490	n
25039418	2798	1487	n
25039682	2798	1489	n
25039956	2797	1489	n
25040207	2797	1488	n
25050596	2794	1489	n
25051081	2798	1488	n
25051363	2796	1488	n
25051618	2793	1488	n
25051873	2793	1488	n
25052125	2793	1487	n
25052408	2791	1488	n
25062778	2796	1488	n
25063255	2795	1488	n
25063512	2795	1488	n
25063799	2797	1488	n
25064050	2794	1488	n
25064301	2797	1488	n
25074732	2795	1488	Time:00:00:00:00;;
25075243	2796	1488	n
25075495	2795	1488	n
25075751	2796	1489	n
25076002	2797	1488	n
25086371	2797	1488	n
25086624	2797	1488	n
25086880	2799	1489	n
25087131	2795	1488	n
25087382	2795	1488	n
25087642	2794	1488	n
25087893	2797	1488	n
25098309	2797	1488	n
25098566	2795	1488	n
25098821	2794	1488	n
25099072	2795	1488	n
25099324	2795	1488	n
25099580	2797	1488	n
25109952	2798	1488	n
25110203	2797	1488	n
25110454	2797	1488	n
25110712	2795	1488	n
25110963	2797	1488	n
25111214	2796	1488	n
25121651	2797	1488	n
25121903	2798	1488	n
25122154	2797	1489	n
25122405	2797	1488	n
25122666	2797	1489	n
25122917	2795	1488	n
25133343	2797	1488	n
25133597	2797	1488	n
25133852	2797	1490	n
25134104	2798	1488	n
25134355	2797	1489	n
25134612	2797	1488	n
25145039	2795	1488	n
25145290	2795	1488	n
25145546	2799	1488	n
25145801	2797	1489	n
25146052	2796	1488	n
25146303	2797	1488	n
25146561	2796	1488	n
25156959	2795	1488	n
25157210	2797	1488	n
25157461	2794	1488	n
25157717	2797	1489	n
25157968	2796	1489	n
25158219	2795	1489	n
25168604	2797	1488	n
25168859	2798	1489	n
25169110	2797	1488	n
25169362	2798	1488	n
25169619	2795	1488	n
25169874	2797	1488	n
25180297	2797	1489	n
25180552	2798	1488	n
25180807	2797	1488	n
25181058	2797	1488	n
25181309	2796	1488	n
25181566	2797	1490	n
25191941	2798	1488	n
25192192	2798	1488	n
25192443	2798	1488	n
25192700	2795	1488	n
25192951	2796	1487	n
25193202	2793	1488	n
25203641	2797	1488	n
25203892	2797	1488	n
25204144	2796	1489	n
25204395	2795	1488	n
25204652	2795	1488	n
25204903	2794	1488	n
25215316	2795	1489	n
25215569	2797	1488	n
25215824	2797	1488	n
25216075	2797	1489	n
25216326	2797	1488	n
25216584	2795	1488	n
25216839	2797	1488	n
25227252	2797	1487	n
25227507	2795	1488	n
25227763	2796	1488	n
25228014	2798	1488	n
25228266	2795	1488	n
25228519	2797	1488	n
25238896	2797	1488	n
25239147	2797	1488	n
25239398	2795	1488	n
25239658	2794	1488	n
25239909	2795	1488	n
25240160	2794	1488	n
25250597	2797	1488	n
25250852	2799	1489	n
25251104	2795	1488	n
25251355	2795	1488	n
25251612	2795	1488	n
25251867	2795	1489	n
25262287	2798	1488	n
25262543	2798	1488	n
25262798	2798	1488	n
25263049	2799	1489	n
25263301	2796	1488	n
25263554	2796	1489	n
25273931	2797	1488	n
25274182	2795	1488	n
25274433	2795	1489	n
25274689	2794	1488	n
25274940	2796	1488	n
25275191	2797	1488	n
25285609	2797	1488	n
25285865	2796	1488	n
25286116	2796	1489	n
25286367	2798	1488	n
25286621	2796	1488	n
25286876	2794	1488	n
25287128	2795	1488	n
25297549	2797	1488	n
25297804	2798	1489	n
25298055	2797	1488	n
25298307	2798	1488	n
25298563	2798	1489	n
25298818	2798	1489	n
25309190	2795	1488	n
25309441	2794	1488	n
25309697	2795	1488	n
25309949	2791	1488	n
25310200	2794	1488	n
25310451	2795	1488	n
25320885	2798	1488	n
25321136	2796	1488	n
25321388	2795	1488	n
25321645	2797	1488	n
25321896	2795	1488	n
25322147	2798	1488	n
25332582	2797	1488	n
25332838	2795	1488	n
25333089	2795	1488	n
25333340	2798	1488	n
25333597	2795	1488	n
25333853	2797	1488	n
25344277	2797	1488	n
25344532	2797	1489	n
25344787	2799	1490	n
25345039	2798	1489	n
25345290	2799	1489	n
25345546	2799	1489	n
25345802	2797	1489	n
25356196	2798	1488	n
25356447	2797	1488	n
25356704	2799	1488	n
25356956	2795	1488	n
25357207	2797	1488	n
25357458	2797	1488	n
25367840	2798	1488	n
25368091	2795	1488	n
25368342	2795	1488	n
25368597	2797	1488	n
25368852	2798	1488	n
25369103	2797	1488	n
25379467	2795	1489	n
25379722	2796	1488	n
25379973	2795	1488	n
25380225	2795	1488	n
25380476	2799	1488	n
25380732	2795	1487	n
25391092	2799	1488	n
25391343	2797	1488	n
25391601	2796	1488	n
25391856	2797	1489	n
25392107	2797	1488	n
25392358	2795	1488	n
25402788	2796	1488	n
25403039	2797	1488	n
25403290	2795	1488	n
25403545	2799	1488	n
25403800	2797	1488	n
25404051	2793	1488	n
25414415	2795	1488	n
25414672	2795	1488	n
25414923	2796	1488	n
25415175	2795	1488	n
25415426	2795	1488	n
25415681	2797	1488	n
25415932	2795	1488	n
25426317	2797	1488	n
25426570	2793	1488	n
25426825	2795	1488	n
25427077	2795	1488	n
25427328	2797	1488	n
25427583	2799	1488	n
25437961	2798	1488	n
25438212	2796	1488	n
25438463	2795	1488	n
25438718	2798	1488	n
25438969	2798	1489	n
25439221	2797	1489	n
25449606	2795	1488	n
25449862	2795	1488	n
25450113	2795	1488	n
25450364	2796	1488	n
25450621	2794	1488	n
25450877	2795	1488	n
25461300	2795	1488	n
25461553	2797	1488	n
25461809	2797	1488	n
25462060	2797	1489	n
25462311	2798	1489	n
25462566	2794	1488	n
25472996	2795	1488	n
25473247	2795	1488	n
25473501	2795	1488	n
25473756	2797	1489	n
25474007	2797	1489	n
25474259	2797	1488	n
25484623	2798	1488	n
25484878	2797	1488	n
25485129	2798	1488	n
25485380	2796	1488	n
25485639	2798	1488	n
25485890	2795	1488	n
25486142	2795	1488	n
25496528	2794	1488	n
25496784	2795	1488	n
25497035	2795	1488	n
25497286	2795	1488	n
25497543	2795	1489	n
25497799	2795	1488	n
25508169	2796	1488	n
25508420	2795	1488	n
25508676	2797	1488	n
25508927	2796	1488	n
25509178	2797	1488	n
25509429	2794	1488	n
25519812	2796	1489	n
25520063	2797	1488	n
25520314	2797	1488	n
25520569	2798	1489	n
25520824	2797	1489	n
25521075	2798	1488	n
25531511	2799	1488	n
25531767	2797	1489	n
25532018	2794	1488	n
25532269	2796	1489	n
25532526	2798	1488	n
25532782	2795	1488	n
25543203	2795	1488	n
25543454	2796	1488	n
25543712	2795	1488	n
25543963	2795	1488	n
25544214	2798	1488	n
25544465	2795	1488	n
25554830	2797	1488	n
25555081	2795	1488	n
25555332	2798	1488	n
25555586	2798	1488	n
25555841	2796	1488	n
25556093	2795	1488	n
25556344	2795	1489	n
25566736	2798	1488	n
25566987	2795	1488	n
25567238	2799	1489	n
25567490	2797	1489	n
25567748	2795	1488	n
25567999	2798	1488	n
25578376	2798	1489	n
25578635	2799	1489	n
25578886	2797	1488	n
25579137	2795	1488	n
25579389	2797	1488	n
25579646	2795	1489	n
25590020	2796	1488	n
25590271	2795	1488	n
25590526	2795	1488	n
25590782	2796	1488	n
25591033	2795	1488	n
25591284	2797	1488	n
25601719	2796	1488	n
25601970	2794	1488	n
25602221	2795	1488	n
25602472	2797	1488	n
25602728	2795	1488	n
25602979	2795	1488	n
25613411	2797	1488	n
25613671	2799	1489	n
25613922	2799	1488	n
25614173	2795	1488	n
25614424	2796	1489	n
25614680	2795	1489	n
25625038	2794	1488	n
25625289	2793	1489	n
25625545	2796	1488	n
25625801	2796	1488	n
25626052	2797	1489	n
25626303	2796	1488	n
25626560	2797	1488	n
25636940	2795	1488	n
25637191	2795	1488	n
25637442	2795	1488	n
25637699	2797	1488	n
25637950	2791	1488	n
25638201	2794	1488	n
25648586	2795	1488	n
25648841	2795	1488	n
25649093	2797	1488	n
25649344	2795	1489	n
25649601	2795	1488	n
25649856	2797	1488	n
25660227	2795	1488	n
25660478	2798	1489	n
25660733	2796	1488	n
25660984	2795	1488	n
25661235	2795	1488	n
25661487	2794	1488	n
25671922	2794	1488	n
25672173	2796	1488	n
25672425	2795	1487	n
25672680	2797	1488	n
25672932	2795	1488	n
25673183	2795	1488	n
25683618	2794	1488	n
25683873	2796	1488	n
25684124	2796	1489	n
25684375	2795	1488	n
25684635	2795	1488	n
25684886	2793	1488	n
25695245	2796	1488	n
25695500	2795	1488	n
25695756	2795	1488	n
25696007	2797	1488	n
25696258	2798	1488	n
25696515	2795	1488	n
25696770	2795	1487	n
25707147	2797	1489	n
25707398	2797	1489	n
25707657	2797	1488	n
25707909	2797	1488	n
25708160	2794	1488	n
25708411	2795	1488	n
25718792	2797	1488	n
25719043	2796	1489	n
25719294	2795	1488	n
25719549	2795	1488	n
25719804	2795	1488	n
25720055	2795	1488	n
25730435	2795	1488	n
25730690	2797	1488	n
25730942	2795	1488	n
25731193	2795	1489	n
25731444	2795	1488	n
25731705	2796	1488	n
25742130	2796	1490	n
25742381	2797	1489	n
25742642	2799	1488	n
25742894	2797	1489	n
25743145	2797	1489	n
25743396	2797	1490	n
25753826	2797	1488	n
25754077	2795	1488	n
25754328	2797	1488	n
25754583	2795	1488	n
25754839	2797	1488	n
25755090	2796	1488	n
25765453	2797	1488	n
25765712	2795	1489	n
25765963	2795	1489	n
25766214	2795	1488	n
25766465	2794	1488	n
25766721	2799	1488	n
25766972	2795	1488	n
25777355	2795	1488	n
25777612	2797	1488	n
25777867	2795	1488	n
25778118	2795	1488	n
25778370	2797	1488	n
25778623	2793	1488	n
25788999	2794	1488	n
25789250	2797	1488	n
25789505	2797	1489	n
25789761	2796	1488	n
25790012	2794	1488	n
25790263	2795	1488	n
25800649	2798	1489	n
25800900	2800	1488	n
25801151	2796	1488	n
25801403	2795	1488	n
25801663	2793	1488	n
25801914	2791	1489	n
25812337	2797	1488	n
25812595	2795	1488	n
25812850	2797	1488	n
25813101	2798	1488	n
25813352	2795	1488	n
25813605	2795	1488	n
25824033	2794	1488	n
25824284	2797	1488	n
25824538	2795	1487	n
25824793	2795	1488	n
25825044	2796	1488	n
25825295	2794	1488	n
25835664	2793	1488	n
25835982	2798	1488	n
25836234	2795	1488	n
25836495	2795	1488	n
25836773	2795	1488	n
25837024	2797	1488	n
25837275	2798	1488	n
25847656	2798	1487	n
25848164	2795	1488	n
25848415	2791	1488	n
25848672	2794	1488	n
25848924	2794	1488	n
25849206	2795	1488	n
25859604	2794	1488	Time:00:00:00:00;;
25860299	2796	1489	n
25860587	2796	1488	n
25860842	2797	1488	n
25861094	2794	1488	n
25871512	2797	1488	n
25872002	2796	1488	n
25872275	2795	1488	n
25872533	2797	1488	n
25872787	2797	1489	n
25873047	2796	1489	n
25873321	2797	1488	n
25883705	2798	1488	n
25884180	2798	1488	n
25884440	2798	1488	n
25884718	2795	1488	n
25884969	2796	1488	n
25885220	2795	1488	n
25895621	2797	1489	n
25896133	2797	1488	n
25896384	2795	1488	n
25896642	2795	1488	n
25896902	2795	1488	n
25897175	2795	1488	n
25907558	2795	1488	n
25908042	2796	1488	n
25908302	2796	1489	n
25908580	2796	1488	n
25908835	2795	1488	n
25909086	2797	1488	n
25909347	2794	1488	n
25919766	2797	1488	Time:00:00:00:00;;
25920458	2793	1488	n
25920715	2794	1488	n
25920997	2795	1488	n
25921248	2794	1488	n
25931643	2794	1488	n
25932121	2795	1488	n
25932380	2794	1487	n
25932663	2795	1488	n
25932914	2795	1488	n
25933165	2795	1488	n
25933425	2794	1488	n
25943825	2795	1488	n
25944301	2794	1488	n
25944555	2794	1488	n
25944819	2795	1488	n
25945093	2795	1488	n
25945344	2794	1488	n
25955771	2795	1488	n
25956257	2794	1488	n
25956535	2794	1488	n
25956790	2795	1488	n
25957041	2795	1488	n
25957301	2795	1488	n
25967695	2796	1488	n
25968176	2797	1489	n
25968428	2795	1488	n
25968692	2798	1488	n
25968967	2797	1488	n
25969218	2797	1488	n
25969469	2798	1488	n
25979870	2794	1488	n
25980378	2794	1488	n
25980640	2790	1488	n
25980891	2791	1488	n
25981142	2794	1488	n
25981424	2795	1488	n
25991824	2795	1488	n
25992300	2795	1489	n
25992554	2795	1488	n
25992840	2795	1488	n
25993091	2794	1489	n
25993342	2795	1488	n
26003744	2797	1488	n
26004252	2797	1488	n
26004507	2795	1488	n
26004763	2796	1488	n
26005014	2795	1488	n
26005296	2797	1488	n
26005552	2795	1488	n
26015922	2799	1489	n
26016405	2797	1489	n
26016675	2797	1488	n
26016949	2795	1488	n
26017200	2795	1488	n
26017451	2794	1488	n
26027876	2796	1488	n
26028391	2795	1488	n
26028648	2794	1488	n
26028899	2796	1488	n
26029158	2795	1488	n
26029432	2795	1488	n
26039797	2796	1488	n
26040275	2798	1488	n
26040537	2795	1488	n
26040815	2795	1488	n
26041066	2794	1488	n
26041318	2798	1488	n
26041580	2795	1488	n
26051984	2797	1488	n
26052464	2795	1488	n
26052720	2797	1488	n
26052971	2797	1488	n
26053255	2796	1488	n
26053512	2795	1488	n
26063929	2797	1488	n
26064406	2797	1488	n
26064694	2795	1488	n
26064945	2797	1488	n
26065196	2795	1488	n
26065448	2796	1488	Time:00:00:00:00;;
26076058	2795	1488	n
26076332	2795	1488	n
26076586	2797	1488	n
26076841	2795	1488	n
26077093	2795	1489	n
26077344	2794	1488	n
26087773	2795	1489	n
26088024	2795	1488	n
26088275	2795	1488	n
26088533	2793	1488	n
26088787	2796	1488	n
26089038	2794	1488	n
26099464	2794	1488	n
26099719	2797	1488	n
26099970	2797	1489	n
26100221	2798	1488	n
26100473	2799	1488	n
26100728	2797	1488	n
26111160	2797	1488	n
26111411	2795	1488	n
26111671	2795	1488	n
26111922	2795	1488	n
26112173	2794	1488	n
26112424	2794	1489	n
26122786	2795	1488	n
26123037	2796	1488	n
26123288	2794	1487	n
26123543	2795	1488	n
26123799	2795	1489	n
26124050	2795	1488	n
26124301	2797	1488	n
26134693	2797	1488	n
26134945	2798	1488	n
26135196	2797	1488	n
26135447	2798	1488	n
26135704	2797	1489	n
26135955	2795	1488	n
26146332	2795	1488	n
26146586	2797	1488	n
26146842	2798	1488	n
26147093	2798	1489	n
26147344	2798	1488	n
26147601	2797	1488	n
26157976	2795	1488	n
26158227	2795	1488	n
26158478	2797	1488	n
26158733	2796	1488	n
26158985	2795	1488	n
26159236	2796	1488	n
26169676	2797	1488	n
26169927	2796	1488	n
26170178	2797	1489	n
26170429	2795	1488	n
26170684	2794	1488	n
26170935	2798	1488	n
26181367	2797	1488	n
26181621	2796	1488	n
26181876	2796	1488	n
26182127	2797	1488	n
26182378	2797	1488	n
26182640	2795	1489	n
26193063	2797	1488	n
26193314	2797	1488	n
26193569	2795	1488	n
26193824	2796	1488	n
26194075	2796	1488	n
26194326	2797	1489	n
26194580	2797	1489	n
26204982	2795	1488	n
26205233	2795	1488	n
26205484	2794	1488	n
26205741	2795	1488	n
26205992	2797	1488	n
26206243	2794	1488	n
26216635	2797	1489	n
26216886	2798	1488	n
26217137	2793	1489	n
26217389	2796	1488	n
26217646	2797	1488	n
26217897	2797	1488	n
26228321	2797	1488	n
26228577	2799	1489	n
26228832	2797	1489	n
26229083	2795	1488	n
26229335	2799	1488	n
26229588	2795	1488	n
26239965	2796	1488	n
26240216	2795	1488	n
26240467	2797	1489	n
26240723	2798	1488	n
26240974	2798	1488	n
26241225	2797	1488	n
26251665	2795	1488	n
26251916	2798	1488	n
26252167	2795	1488	n
26252418	2798	1488	n
26252674	2795	1488	n
26252926	2795	1488	n
26263340	2797	1488	n
26263595	2794	1488	n
26263850	2796	1488	n
26264101	2795	1487	n
26264353	2797	1488	n
26264607	2795	1488	n
26264862	2795	1488	n
26275276	2795	1489	n
26275533	2797	1488	n
26275787	2797	1488	n
26276038	2797	1489	n
26276290	2797	1489	n
26276546	2797	1488	n
26286920	2796	1489	n
26287171	2797	1489	n
26287422	2797	1488	n
26287677	2796	1488	n
26287929	2794	1488	n
26288180	2795	1488	n
26298616	2797	1488	n
26298872	2797	1488	n
26299123	2797	1488	n
26299374	2794	1488	n
26299629	2795	1489	n
26299885	2795	1488	n
26310242	2798	1488	n
26310495	2795	1489	n
26310750	2798	1488	n
26311001	2795	1488	n
26311252	2797	1488	n
26311508	2799	1489	n
26321955	2797	1488	n
26322206	2798	1489	n
26322457	2795	1488	n
26322713	2798	1488	n
26322964	2797	1488	n
26323216	2798	1488	n
26333638	2791	1488	n
26333889	2791	1488	n
26334140	2794	1488	n
26334392	2797	1489	n
26334653	2797	1488	n
26334904	2797	1488	n
26335155	2797	1488	n
26345572	2796	1488	n
26345827	2797	1488	n
26346078	2795	1488	n
26346329	2795	1488	n
26346587	2796	1488	n
26346842	2795	1488	n
26357214	2799	1488	n
26357465	2789	1488	n
26357720	2794	1488	n
26357971	2795	1488	n
26358223	2797	1488	n
26358474	2800	1488	n
26368909	2798	1488	n
26369160	2795	1488	n
26369412	2798	1488	n
26369671	2797	1488	n
26369922	2797	1489	n
26370173	2799	1488	n
26380605	2795	1488	n
26380860	2793	1488	n
26381111	2796	1488	n
26381362	2797	1488	n
26381618	2795	1488	n
26381873	2794	1488	n
26392231	2795	1488	n
26392482	2795	1488	n
26392738	2794	1488	n
26392989	2796	1488	n
26393240	2795	1488	n
26393492	2795	1488	n
26393749	2795	1488	n
26404134	2798	1489	n
26404385	2797	1488	n
26404642	2797	1488	n
26404893	2798	1489	n
26405145	2796	1488	n
26405396	2795	1488	n
26415781	2797	1489	n
26416032	2797	1489	n
26416283	2797	1488	n
26416536	2795	1488	n
26416792	2795	1488	n
26417043	2796	1488	n
26427421	2797	1488	n
26427677	2798	1489	n
26427928	2798	1489	n
26428179	2795	1488	n
26428430	2798	1488	n
26428686	2798	1488	n
26439116	2797	1488	n
26439367	2794	1488	n
26439621	2797	1489	n
26439876	2797	1489	n
26440127	2795	1488	n
26440378	2794	1489	n
26450812	2797	1489	n
26451063	2798	1490	n
26451314	2798	1488	n
26451569	2798	1489	n
26451824	2798	1488	n
26452075	2796	1490	n
26462439	2798	1489	n
26462695	2797	1488	n
26462946	2796	1488	n
26463197	2795	1488	n
26463448	2797	1488	n
26463705	2796	1488	n
26463956	2797	1488	n
26474341	2796	1488	n
26474597	2795	1488	n
26474853	2798	1488	n
26475104	2796	1488	n
26475355	2795	1488	n
26475611	2795	1488	n
26485985	2798	1488	n
26486236	2796	1488	n
26486487	2794	1488	n
26486748	2795	1488	n
26487000	2795	1488	n
26487251	2795	1488	n
26497635	2798	1488	n
26497886	2797	1488	n
26498137	2797	1488	n
26498389	2797	1489	n
26498646	2795	1488	n
26498897	2797	1488	n
26509324	2795	1488	n
26509580	2796	1488	n
26509835	2795	1488	n
26510086	2797	1488	n
26510337	2798	1488	n
26510595	2795	1488	n
26521020	2795	1488	n
26521271	2795	1488	n
26521526	2796	1488	n
26521782	2798	1488	n
26522033	2797	1488	n
26522284	2795	1488	n
26532650	2795	1489	n
26532901	2798	1488	n
26533153	2798	1488	n
26533404	2797	1490	n
26533662	2797	1488	n
26533913	2797	1488	n
26534165	2796	1488	n
26544552	2795	1490	n
26544807	2797	1488	n
26545058	2794	1488	n
26545309	2797	1489	n
26545566	2797	1488	n
26545822	2797	1488	n
26556192	2795	1488	n
26556443	2798	1488	n
26556700	2795	1488	n
26556951	2796	1488	n
26557202	2797	1488	n
26557453	2794	1488	n
26567836	2797	1488	n
26568087	2798	1488	n
26568338	2795	1488	n
26568595	2797	1488	n
26568850	2795	1488	n
26569101	2795	1488	n
26579535	2797	1488	n
26579790	2795	1488	n
26580041	2797	1488	n
26580292	2798	1488	n
26580550	2796	1488	n
26580805	2798	1488	n
26591227	2798	1490	n
26591478	2799	1488	n
26591733	2798	1490	n
26591985	2798	1489	n
26592236	2797	1488	n
26592487	2794	1488	n
26602854	2798	1488	n
26603105	2795	1488	n
26603356	2795	1488	n
26603611	2799	1488	n
26603866	2798	1488	n
26604118	2795	1488	n
26604369	2797	1488	n
26614760	2795	1488	n
26615011	2795	1488	n
26615263	2797	1488	n
26615518	2790	1488	n
26615773	2795	1488	n
26616024	2796	1488	n
26626400	2797	1488	n
26626658	2797	1490	n
26626909	2797	1488	n
26627160	2796	1488	n
26627411	2795	1488	n
26627672	2797	1488	n
26638044	2796	1488	n
26638295	2797	1488	n
26638552	2796	1488	n
26638807	2796	1489	n
26639059	2795	1488	n
26639310	2796	1488	n
26649743	2797	1488	n
26649995	2796	1488	n
26650246	2797	1488	n
26650500	2795	1488	n
26650756	2795	1488	n
26651007	2795	1488	n
26661435	2795	1488	n
26661690	2794	1488	n
26661942	2794	1488	n
26662193	2797	1488	n
26662444	2795	1488	n
26662705	2795	1488	n
26673131	2795	1490	n
26673382	2796	1488	n
26673642	2796	1489	n
26673893	2797	1488	n
26674145	2795	1488	n
26674396	2793	1488	n
26674653	2797	1488	n
26685050	2795	1488	n
26685301	2795	1488	n
26685555	2793	1488	n
26685810	2798	1488	n
26686062	2793	1488	n
26686313	2794	1488	n
26696698	2798	1488	n
26696950	2798	1488	n
26697201	2794	1488	n
26697452	2794	1488	n
26697712	2797	1488	n
26697964	2795	1488	n
26708320	2795	1488	n
26708573	2794	1488	n
26708828	2795	1488	n
26709079	2795	1488	n
26709330	2794	1488	n
26709587	2795	1488	n
26720032	2796	1488	n
26720283	2795	1488	n
26720537	2795	1488	n
26720792	2794	1488	n
26721043	2797	1488	n
26721294	2797	1488	n
26731729	2797	1488	n
26731980	2796	1488	n
26732231	2797	1488	n
26732482	2793	1488	n
26732738	2795	1488	n
26732989	2798	1488	n
26743407	2795	1488	n
26743666	2797	1488	n
26743917	2796	1489	n
26744168	2795	1488	n
26744419	2795	1488	n
26744675	2795	1488	n
26744926	2793	1488	n
26755344	2799	1488	n
26755601	2795	1488	n
26755856	2798	1489	n
26756108	2797	1488	n
26756359	2797	1488	n
26756614	2797	1489	n
26766987	2795	1490	n
26767238	2795	1488	n
26767489	2795	1488	n
26767748	2798	1488	n
26767999	2797	1488	n
26768250	2796	1488	n
26778687	2795	1488	n
26778938	2797	1488	n
26779189	2798	1488	n
26779440	2795	1488	n
26779697	2796	1488	n
26779948	2794	1488	n
26790309	2795	1488	n
26790566	2799	1488	n
26790821	2795	1488	n
26791073	2797	1488	n
26791324	2796	1488	n
26791580	2796	1488	n
26802022	2798	1488	n
26802273	2797	1488	n
26802529	2796	1489	n
26802784	2797	1488	n
26803036	2798	1488	n
26803287	2799	1488	n
26813700	2795	1488	n
26813952	2797	1488	n
26814203	2795	1488	n
26814454	2794	1488	n
26814712	2798	1488	n
26814963	2797	1488	n
26815214	2795	1488	n
26825643	2795	1488	n
26825895	2795	1488	n
26826146	2797	1488	n
26826397	2795	1488	n
26826658	2796	1488	n
26826909	2796	1489	n
26837281	2795	1487	n
26837652	2796	1488	n
26837934	2797	1488	n
26838185	2794	1488	n
26838437	2795	1490	n
26838692	2797	1488	n
26849132	2795	1488	n
26849621	2798	1488	n
26849876	2799	1489	n
26850127	2798	1488	n
26850410	2797	1488	n
26850671	2797	1488	n
26861052	2796	1488	Time:00:00:00:00;;
26861757	2797	1488	n
26862030	2795	1488	n
26862282	2797	1488	n
26862535	2797	1488	n
26862799	2795	1488	n
26873219	2795	1488	n
26873704	2795	1488	n
26873955	2795	1488	n
26874215	2795	1488	n
26874489	2795	1488	n
26874748	2798	1488	n
26885150	2795	1488	n
26885642	2798	1488	n
26885916	2795	1489	n
26886167	2795	1488	n
26886418	2797	1488	n
26886681	2797	1489	n
26886955	2795	1488	n
26897311	2796	1489	n
26897799	2797	1488	n
26898050	2798	1488	n
26898332	2797	1489	n
26898586	2797	1488	n
26898841	2797	1488	n
26909265	2796	1488	n
26909783	2796	1488	n
26910035	2796	1488	n
26910286	2797	1488	n
26910543	2795	1488	n
26910829	2795	1488	n
26921203	2797	1488	Time:00:00:00:00;;
26921905	2796	1489	n
26922165	2797	1488	n
26922438	2797	1489	n
26922694	2796	1488	n
26922945	2798	1488	n
26933329	2799	1488	n
26933847	2796	1488	n
26934099	2797	1489	n
26934350	2797	1488	n
26934612	2798	1488	n
26934890	2797	1488	n
26945283	2798	1490	n
26945765	2799	1488	n
26946025	2798	1489	n
26946299	2799	1488	n
26946552	2797	1488	n
26946807	2796	1489	n
26947067	2797	1488	n
26957528	2796	1488	n
26958010	2796	1488	n
26958262	2797	1488	n
26958526	2797	1488	n
26958803	2795	1488	n
26959054	2795	1488	n
26969467	2794	1488	n
26969964	2795	1488	n
26970238	2795	1488	n
26970489	2795	1488	n
26970748	2796	1488	n
26971008	2795	1488	n
26981431	2799	1489	n
26981912	2796	1488	n
26982164	2798	1488	n
26982423	2799	1488	n
26982701	2796	1488	n
26982952	2799	1488	n
26983204	2797	1488	n
26993569	2797	1488	n
26994079	2795	1488	n
26994331	2795	1488	n
26994587	2791	1488	n
26994842	2794	1488	n
26995124	2795	1488	n
27005526	2795	1488	n
27006008	2793	1488	n
27006259	2794	1488	n
27006521	2794	1488	n
27006806	2793	1488	n
27007057	2797	1488	n
27017475	2799	1489	n
27017964	2795	1488	n
27018238	2796	1488	n
27018489	2797	1489	n
27018748	2795	1488	n
27019006	2797	1488	n
27019281	2795	1488	n
27029709	2795	1488	n
27030191	2797	1488	n
27030451	2795	1488	n
27030734	2798	1488	n
27030985	2797	1488	n
27031237	2799	1489	n
27041664	2798	1488	n
27042174	2795	1489	n
27042425	2795	1488	n
27042681	2797	1488	n
27042941	2798	1488	n
27043214	2795	1489	n
27053596	2795	1488	n
27054083	2797	1488	n
27054343	2796	1488	n
27054621	2795	1488	n
27054876	2795	1488	n
27055128	2794	1488	n
27055388	2798	1488	n
27065852	2796	1488	Time:00:00:00:00;;
27066546	2797	1488	n
27066801	2796	1488	n
27067052	2795	1488	n
27067303	2795	1488	n
27077681	2797	1488	n
27077932	2790	1488	n
27078183	2793	1488	n
27078435	2794	1487	n
27078690	2793	1488	n
27078941	2796	1488	n
27089356	2795	1489	n
27089611	2795	1488	n
27089867	2794	1488	n
27090118	2795	1488	n
27090369	2794	1488	n
27090622	2794	1488	n
27090878	2794	1488	n
27101292	2794	1489	n
27101549	2795	1489	n
27101805	2795	1488	n
27102056	2797	1488	n
27102307	2795	1489	n
27102562	2795	1488	n
27112936	2795	1488	n
27113187	2797	1488	n
27113438	2797	1489	n
27113694	2794	1488	n
27113945	2797	1488	n
27114197	2794	1488	n
27124634	2797	1488	n
27124885	2797	1488	n
27125136	2797	1488	n
27125388	2795	1488	n
27125645	2795	1488	n
27125896	2795	1488	n
27136258	2796	1489	n
27136515	2795	1488	n
27136770	2794	1488	n
27137022	2797	1488	n
27137273	2795	1488	n
27137529	2794	1488	n
27147971	2796	1488	n
27148222	2794	1488	n
27148473	2798	1488	n
27148729	2796	1489	n
27148980	2795	1488	n
27149231	2796	1488	n
27159654	2797	1488	n
27159905	2794	1489	n
27160156	2797	1488	n
27160407	2797	1488	n
27160666	2797	1488	n
27160917	2795	1488	n
27161169	2796	1488	n
27171588	2798	1489	n
27171844	2797	1488	n
27172095	2798	1488	n
27172346	2794	1488	n
27172600	2795	1488	n
27172856	2794	1487	n
27183230	2797	1488	n
27183481	2796	1488	n
27183736	2795	1488	n
27183987	2797	1488	n
27184238	2795	1488	n
27184490	2794	1488	n
27194925	2795	1488	n
27195176	2797	1488	n
27195428	2795	1488	n
27195683	2796	1488	n
27195934	2795	1488	n
27196185	2798	1489	n
27206621	2797	1488	n
27206876	2798	1488	n
27207127	2795	1488	n
27207378	2797	1488	n
27207640	2797	1489	n
27207891	2796	1488	n
27218317	2796	1488	n
27218570	2796	1488	n
27218825	2795	1489	n
27219076	2796	1488	n
27219327	2794	1488	n
27219584	2796	1488	n
27219840	2794	1488	n
27230236	2795	1488	n
27230487	2797	1488	n
27230748	2797	1488	n
27231000	2795	1488	n
27231251	2797	1488	n
27231508	2797	1488	n
27241880	2796	1488	n
27242131	2795	1488	n
27242382	2795	1488	n
27242642	2795	1487	n
27242893	2794	1488	n
27243144	2797	1488	n
27253512	2797	1488	n
27253768	2795	1489	n
27254019	2795	1488	n
27254270	2795	1488	n
27254526	2795	1488	n
27254781	2794	1488	n
27265219	2795	1488	n
27265470	2797	1488	n
27265726	2793	1488	n
27265977	2794	1488	n
27266228	2795	1488	n
27266479	2797	1488	n
27276915	2795	1488	n
27277166	2795	1488	n
27277417	2797	1487	n
27277673	2794	1488	n
27277925	2795	1488	n
27278176	2796	1488	n
27288594	2795	1488	n
27288849	2795	1488	n
27289100	2796	1489	n
27289351	2794	1488	n
27289604	2794	1488	n
27289860	2795	1488	n
27290111	2794	1488	n
27300535	2797	1488	n
27300790	2797	1488	n
27301042	2798	1489	n
27301293	2799	1489	n
27301550	2795	1488	n
27301805	2798	1488	n
27312174	2795	1488	n
27312425	2795	1488	n
27312681	2795	1488	n
27312932	2794	1488	n
27313183	2794	1487	n
27313434	2794	1488	n
27323869	2794	1488	n
27324120	2794	1488	n
27324372	2796	1488	n
27324624	2795	1488	n
27324880	2796	1488	n
27325131	2794	1488	n
27335501	2796	1488	n
27335756	2798	1488	n
27336007	2797	1488	n
27336259	2797	1488	n
27336516	2795	1488	n
27336771	2798	1488	n
27347208	2797	1488	n
27347459	2795	1491	n
27347715	2795	1488	n
27347966	2795	1488	n
27348217	2794	1488	n
27348468	2795	1488	n
27358886	2797	1488	n
27359138	2796	1488	n
27359389	2796	1488	n
27359646	2797	1488	n
27359897	2797	1488	n
27360148	2796	1490	n
27360399	2795	1488	n
27370824	2794	1488	n
27371075	2795	1488	n
27371326	2796	1489	n
27371580	2797	1488	n
27371835	2796	1488	n
27372086	2794	1488	n
27382467	2794	1489	n
27382722	2797	1488	n
27382973	2796	1488	n
27383224	2798	1488	n
27383475	2797	1488	n
27383731	2797	1488	n
27394162	2797	1488	n
27394413	2796	1488	n
27394670	2795	1488	n
27394922	2795	1488	n
27395173	2796	1488	n
27395424	2795	1488	n
27405858	2797	1488	n
27406109	2797	1488	n
27406360	2796	1489	n
27406614	2795	1488	n
27406870	2797	1488	n
27407121	2799	1489	n
27417485	2799	1490	n
27417741	2799	1489	n
27417992	2800	1490	n
27418243	2798	1489	n
27418496	2799	1489	n
27418751	2798	1488	n
27419003	2800	1490	n
27429387	2800	1489	n
27429644	2799	1489	n
27429895	2798	1489	n
27430146	2799	1488	n
27430397	2799	1488	n
27430658	2799	1489	n
27441031	2798	1490	n
27441282	2797	1488	n
27441535	2798	1488	n
27441791	2796	1489	n
27442042	2798	1488	n
27442293	2796	1490	n
27452679	2796	1488	n
27452930	2797	1489	n
27453181	2798	1490	n
27453432	2798	1490	n
27453688	2799	1491	n
27453939	2798	1489	n
27464370	2798	1488	n
27464624	2798	1489	n
27464879	2799	1489	n
27465130	2798	1488	n
27465382	2798	1490	n
27465643	2797	1489	n
27476066	2800	1490	n
27476317	2797	1488	n
27476570	2800	1489	n
27476825	2798	1488	n
27477077	2799	1488	n
27477328	2798	1488	n
27487696	2798	1488	n
27487948	2798	1489	n
27488199	2796	1490	n
27488450	2799	1489	n
27488707	2798	1489	n
27488959	2799	1489	n
27489210	2798	1489	n
27499601	2795	1488	n
27499856	2798	1489	n
27500107	2798	1489	n
27500358	2795	1488	n
27500614	2799	1490	n
27500870	2798	1490	n
27511239	2798	1490	n
27511490	2797	1488	n
27511748	2798	1489	n
27511999	2798	1488	n
27512250	2799	1489	n
27512505	2798	1489	n
27522882	2798	1489	n
27523133	2798	1489	n
27523384	2799	1489	n
27523642	2798	1488	n
27523893	2795	1489	n
27524144	2794	1488	n
27534580	2797	1488	n
27534835	2797	1488	n
27535087	2797	1488	n
27535338	2797	1489	n
27535595	2795	1488	n
27535850	2797	1488	n
27546273	2800	1488	n
27546529	2798	1488	n
27546784	2798	1488	n
27547036	2797	1488	n
27547287	2797	1488	n
27547543	2797	1488	n
27557969	2797	1488	n
27558220	2799	1488	n
27558471	2800	1489	n
27558727	2798	1489	n
27558978	2798	1489	n
27559229	2799	1489	n
27559480	2799	1489	n
27569889	2795	1488	n
27570140	2795	1488	n
27570391	2798	1488	n
27570648	2797	1488	n
27570899	2794	1489	n
27571150	2797	1488	n
27581535	2797	1488	n
27581790	2795	1488	n
27582041	2798	1488	n
27582293	2795	1488	n
27582550	2798	1489	n
27582805	2798	1488	n
27593227	2795	1489	n
27593478	2800	1488	n
27593734	2798	1489	n
27593985	2795	1489	n
27594236	2797	1488	n
27594487	2798	1490	n
27604871	2797	1489	n
27605122	2799	1489	n
27605373	2797	1488	n
27605629	2798