segment_id,axis,configuration,transition,interval_number,start_time_s,end_time_s,start_amplitude_deg,end_amplitude_deg,measured_energy_loss_j,viscous_basis,quadratic_basis,friction_basis,theoretical_half_period_s,measured_half_period_s,predicted_energy_loss_j,energy_loss_residual_j,angle_equivalent_residual_deg
IN_BALL_P_R01,IN,BALL,-to+,1,10.68,11.21,59.586916295687395,53.493956376257444,0.0014060670418576367,10.227086168894797,54.612069691802304,2.079975760940016,0.5283182681968704,0.5300000000000011,0.0008629440338558166,-0.0005431230080018201,-2.352425276930238
IN_BALL_P_R01,IN,BALL,+to-,2,11.21,11.73,53.493956376257444,50.922004571415165,0.0005624172553414726,8.33620136517241,40.37671988068838,1.867291337367814,0.5210535720816623,0.5199999999999996,0.0006759773677672866,0.00011356011242581396,0.5192703670602051
IN_BALL_P_R01,IN,BALL,-to+,3,11.73,12.24,50.922004571415165,46.91582193034039,0.0008355263373306006,7.587053759397324,35.12155321838585,1.7775132829735971,0.51827283105942,0.5099999999999998,0.0006056582131591814,-0.00022986812417141917,-1.1019474396528925
IN_BALL_P_R01,IN,BALL,+to-,4,12.24,12.75,46.91582193034039,44.732168705122845,0.00043338337865649995,6.481404781814465,27.804326892607456,1.6376711279276033,0.514264004999266,0.5099999999999998,0.0005060369549906593,7.265357633415938e-05,0.3660514512052644
IN_BALL_P_R01,IN,BALL,-to+,5,12.75,13.27,44.732168705122845,42.04721572626208,0.0005103867880629449,5.911251459068767,24.249995086112943,1.5614472509239243,0.5122394831148189,0.5199999999999996,0.00045669005549378453,-5.3696732569160385e-05,-0.2824524734592786
IN_BALL_P_R01,IN,BALL,+to-,6,13.27,13.77,42.04721572626208,39.87506817295441,0.00039403992836394794,5.242648708062229,20.286065748646212,1.4677247114392242,0.5099011166369729,0.5,0.00040065216875640483,6.612240392456887e-06,0.036447833455248144
IN_BALL_P_R01,IN,BALL,-to+,7,13.77,14.280000000000001,39.87506817295441,37.63164387771065,0.000388606147817834,4.7285337467663355,17.397215704035563,1.3919024581505082,0.5081286086160443,0.5100000000000016,0.0003589461541470731,-2.9659993670760876e-05,-0.1712162822612995
IN_BALL_P_R01,IN,BALL,+to-,8,14.280000000000001,14.790000000000001,37.63164387771065,35.77330785365334,0.00030734935739692434,4.223248174823046,14.701649026130603,1.3135921772080343,0.5064076543447825,0.5099999999999998,0.00031915919924751417,1.180984185058983e-05,0.0714030859884666
IN_BALL_P_R01,IN,BALL,-to+,9,14.790000000000001,15.290000000000001,35.77330785365334,33.91820938587191,0.00029331743102597215,3.824822887952583,12.68264912346998,1.2487240127515933,0.5050651112008778,0.5,0.0002886424486372669,-4.674982388705245e-06,-0.029565831898432125
IN_BALL_P_R01,IN,BALL,+to-,10,15.290000000000001,15.8,33.91820938587191,32.26193369797301,0.0002502354510035833,3.4455681905072773,10.853259141805216,1.1839688603286174,0.5037987882066443,0.5099999999999998,0.00026030258525191834,1.0067134248335048e-05,0.06663072351003835
IN_BALL_P_R01,IN,BALL,-to+,11,15.8,16.3,32.26193369797301,30.694919351169066,0.00022643869270481249,3.122766546030331,9.371233222685062,1.1261539321794776,0.5027297509520822,0.5,0.00023672671152935083,1.0288018824538344e-05,0.07119353348518521
IN_BALL_P_R01,IN,BALL,+to-,12,16.3,16.8,30.694919351169066,29.142791892233372,0.00021423484033216306,2.8312508581287434,8.095461339435248,1.0714548126240435,0.5017711732171363,0.5,0.0002158637196531074,1.6288793209443377e-06,0.011800839732135658
IN_BALL_P_R01,IN,BALL,-to+,13,16.8,17.3,29.142791892233372,27.9043892826353,0.00016365095278377583,2.5559564131206725,6.948226420464415,1.0172753434859616,0.5008718273715163,0.5,0.00019652750103531648,3.2876548251540644e-05,0.248783217770116
IN_BALL_P_R01,IN,BALL,+to-,14,17.3,17.8,27.9043892826353,26.412298710005643,0.0001884735013928236,2.3459944803984283,6.112788620220295,0.974046937480409,0.5001897185135846,0.5,0.0001820115934687093,-6.461907924114286e-06,-0.05115562333137
IN_BALL_P_R01,IN,BALL,-to+,15,17.8,18.3,26.412298710005643,25.327630943343774,0.00013097202764826481,2.1045388813754378,5.196603126469886,0.9219631510196988,0.499409325099128,0.5,0.00016555366470101862,3.458163705275381e-05,0.28638960232891375
IN_BALL_P_R01,IN,BALL,+to-,16,18.3,18.8,25.327630943343774,23.91801094668254,0.00016252798578998977,1.9369704922902033,4.590198470310449,0.8841011033826924,0.4988702500335061,0.5,0.00015426995669973477,-8.258029090255e-06,-0.07162083074217221
IN_BALL_P_R01,IN,BALL,-to+,17,18.8,19.3,23.91801094668254,23.009654037157713,0.00010009068991044213,1.7292796646406505,3.87388013186952,0.8348960830953124,0.49820493149891176,0.5,0.00014042470422485377,4.0334014314411646e-05,0.3660410067289254
IN_BALL_P_R01,IN,BALL,+to-,18,19.3,19.79,23.009654037157713,21.62836434387027,0.00014516438409840373,1.6015136388564688,3.4535672446532604,0.8031884453864155,0.49779719143071327,0.48999999999999844,0.00013197395767960843,-1.3190426418795294e-05,-0.12550846378218788
IN_BALL_P_R01,IN,BALL,-to+,19,19.79,20.29,21.62836434387027,20.989400901113257,6.425790551630069e-05,1.4163963584646018,2.8736107621314018,0.7549723392429585,0.4972085013296628,0.5,0.00011979885656102089,5.5540951044720204e-05,0.5522815147390602
IN_BALL_P_R01,IN,BALL,+to-,20,20.29,20.79,20.989400901113257,19.63860408124471,0.0001297743254980937,1.3345228829451854,2.628565013659818,0.7326683074909821,0.49694891503413163,0.5,0.00011443198331555321,-1.5342342182540498e-05,-0.15969188815338092
IN_BALL_P_R01,IN,BALL,-to+,21,20.79,21.28,19.63860408124471,18.99967542489371,5.849619338559021e-05,1.169302523232498,2.156647142718225,0.6855166034266323,0.4964265170316882,0.490000000000002,0.0001036125028495154,4.511630946392519e-05,0.4927834096070269
IN_BALL_P_R01,IN,BALL,+to-,22,21.28,21.78,18.99967542489371,17.626274071420955,0.00011941987381856135,1.0948856487059004,1.954400013923689,0.6632137859492957,0.4961918527607382,0.5,9.873419529900595e-05,-2.0685678519555397e-05,-0.2378922186166456
IN_BALL_P_R01,IN,BALL,-to+,23,21.78,22.28,17.626274071420955,17.141804505529873,4.005737299225327e-05,0.9430727737487316,1.5628737138716264,0.6152730348104036,0.4957143346997558,0.5,8.87412267736186e-05,4.868385378136533e-05,0.5887998508735119
IN_BALL_P_R01,IN,BALL,+to-,24,22.28,22.77,17.141804505529873,15.73555583840326,0.00011012701581870576,0.8921824161965214,1.438253267594208,0.5983618567093896,0.49555462270897976,0.48999999999999844,8.537015370002905e-05,-2.4756862118676705e-05,-0.3161207109571582
IN_BALL_P_R01,IN,BALL,-to+,25,22.77,23.27,15.73555583840326,15.331050728616274,2.9978107849844188e-05,0.75235739402629,1.1141024022437462,0.5492745180231073,0.4951167297830929,0.5,7.60139508094895e-05,4.603584295964531e-05,0.6211764641881281
IN_BALL_P_R01,IN,BALL,+to-,26,23.27,23.76,15.331050728616274,13.913481811114732,9.903156536236597e-05,0.7143164571427268,1.030768660821667,0.5351546260092592,0.49499783081731097,0.490000000000002,7.343572321554846e-05,-2.5595842146817506e-05,-0.3663775755224962
IN_BALL_P_R01,IN,BALL,-to+,27,23.76,24.26,13.913481811114732,13.635888455027638,1.8291488613137616e-05,0.5887144895547345,0.7714404057230703,0.4856721360405917,0.4946059650101767,0.5,6.477374982967669e-05,4.6482261216539074e-05,0.705418489580612
IN_BALL_P_R01,IN,BALL,+to-,28,24.26,24.75,13.635888455027638,12.17577340148745,9.024704944629938e-05,0.5655262258337994,0.7263510480832032,0.47598229994983005,0.4945337387511043,0.48999999999999844,6.314250363918626e-05,-2.710454580711312e-05,-0.43851499532564503
IN_BALL_P_R01,IN,BALL,-to+,29,24.75,25.240000000000002,12.17577340148745,11.928672101384128,1.4278572499321087e-05,0.4511688443918713,0.5177084264742309,0.4250146696654109,0.49417808096356336,0.490000000000002,5.488781322300171e-05,4.060924072368062e-05,0.7027725217519512
IN_BALL_P_R01,IN,BALL,+to-,30,25.240000000000002,25.740000000000002,11.928672101384128,10.486448931694039,7.75727927359418e-05,0.4330831523518844,0.4869123186177243,0.41638920711988775,0.4941219155049794,0.5,5.3542344998686076e-05,-2.4030447737255724e-05,-0.44675913201344114
IN_BALL_P_R01,IN,BALL,-to+,31,25.740000000000002,26.23,10.486448931694039,10.241425188382475,1.2198660430235337e-05,0.33486288091078975,0.33112192830328735,0.36604612140060583,0.4938172806619908,0.48999999999999844,4.596278791067539e-05,3.3764127480440054e-05,0.6781897609261758
IN_BALL_P_R01,IN,BALL,+to-,32,26.23,26.72,10.241425188382475,8.7809129976091,6.678536811185437e-05,0.3194228225866789,0.30849707251854463,0.3574931792679094,0.493769452403603,0.48999999999999844,4.4718928937992956e-05,-2.2066439173861416e-05,-0.482552268357819
IN_BALL_P_R01,IN,BALL,-to+,33,26.72,27.22,8.7809129976091,8.622520938373754,6.631592301692715e-06,0.2349178951927154,0.1946062182828011,0.30651168627888753,0.4935079708466385,0.5,3.7543965637665704e-05,3.091237333597299e-05,0.7383253804942097
IN_BALL_P_R01,IN,BALL,+to-,34,27.22,27.71,8.622520938373754,7.097041296958928,5.7728664861691106e-05,0.22652924423000215,0.18427947040625192,0.30098276039354616,0.49348204049807187,0.490000000000002,3.678894925512675e-05,-2.093971560656436e-05,-0.5533155228504283
IN_BALL_P_R01,IN,BALL,-to+,35,27.71,28.19,7.097041296958928,6.936073931058253,5.441594291396273e-06,0.15352381619174982,0.10283088900003681,0.24773347556388384,0.49325657302817527,0.4800000000000004,2.9722877830455113e-05,2.428128353905884e-05,0.718262471860287
IN_BALL_P_R01,IN,BALL,+to-,36,28.19,28.68,6.936073931058253,5.401130797749477,4.564331546712035e-05,0.1466439302459189,0.09599809843139302,0.2421146545174254,0.49323534401605035,0.48999999999999844,2.8997375417732824e-05,-1.664594004938753e-05,-0.5597710652587922
IN_BALL_P_R01,IN,BALL,-to+,37,28.68,29.17,5.401130797749477,5.2268968684332755,4.465631253170515e-06,0.08894808147989901,0.045355105452493785,0.18853503150319265,0.49305743985514605,0.490000000000002,2.2244794160969743e-05,1.7779162907799227e-05,0.6936829407030929
IN_BALL_N_R01,IN,BALL,+to-,1,46.79,47.32,57.29990654105236,53.75348995640169,0.0008089584380961828,9.498756752942434,48.97161559600557,2.000144060452798,0.5254770394655482,0.5300000000000011,0.0007893741476202676,-1.9584290475915247e-05,-0.08584243965602491
IN_BALL_N_R01,IN,BALL,-to+,2,47.32,47.83,53.75348995640169,49.487326977366536,0.0009252923236609046,8.413457322414345,40.93163147017562,1.8763507683538252,0.5213433911306511,0.509999999999998,0.0006833541502343039,-0.0002419381734266007,-1.1152251447427042
IN_BALL_N_R01,IN,BALL,+to-,3,47.83,48.35,49.487326977366536,47.120043490046584,0.0004891336253688786,7.182389317665868,32.38085278330515,1.7274335875321187,0.5167926792077101,0.5200000000000031,0.0005686095384854791,7.947591311660042e-05,0.3846160333653375
IN_BALL_N_R01,IN,BALL,-to+,4,48.35,48.86,47.120043490046584,43.827235577220044,0.0006495690141270874,6.535916340666877,28.152200557811746,1.6447998051684656,0.5144590647536682,0.509999999999998,0.0005108284780692169,-0.00013874053605787055,-0.7032094469521868
IN_BALL_N_R01,IN,BALL,+to-,5,48.86,49.370000000000005,43.827235577220044,41.790309777713986,0.0003830444203990903,5.681867419919372,22.864558586346146,1.5298591257393745,0.5114329424702189,0.5100000000000051,0.00043723891276195397,5.419449236286367e-05,0.28817635913168066
IN_BALL_N_R01,IN,BALL,-to+,6,49.370000000000005,49.88,41.790309777713986,39.130309460276685,0.0004776476732650212,5.1805819960296535,19.929769407023873,1.4587570020989773,0.5096859636428777,0.509999999999998,0.00039555259041790236,-8.209508284711883e-05,-0.4571430950344904
IN_BALL_N_R01,IN,BALL,+to-,7,49.88,50.39,39.130309460276685,37.41277118750983,0.0002943925480387122,4.557871933036837,16.470413277456604,1.3659054748122268,0.5075450335642879,0.509999999999998,0.00034537336377052493,5.098081573181272e-05,0.29741997329422876
IN_BALL_N_R01,IN,BALL,-to+,8,50.39,50.89,37.41277118750983,35.21821588902249,0.000359653461150737,4.175368289741661,14.453935843924459,1.3059520790346308,0.5062456487626625,0.5,0.00031545178883856024,-4.420167231217675e-05,-0.26969595794370305
IN_BALL_N_R01,IN,BALL,+to-,9,50.89,51.4,35.21821588902249,33.64400850818273,0.0002463137426316932,3.709393108499504,12.116072838880648,1.2293476478832486,0.5046785025632703,0.509999999999998,0.00027994360027321124,3.362985764151805e-05,0.21492387883906655
IN_BALL_N_R01,IN,BALL,-to+,10,51.4,51.9,33.64400850818273,31.89593191714516,0.00026183559580670554,3.391092369883704,10.598201666371141,1.1743974440735485,0.5036178146398744,0.5,0.0002562887910509648,-5.54680475574077e-06,-0.03703034896339705
IN_BALL_N_R01,IN,BALL,+to-,11,51.9,52.4,31.89593191714516,30.361381039165334,0.00021953288976905426,3.0534640869653877,9.06243537366942,1.1133780598922605,0.5025012812068328,0.5,0.00023173033366239565,1.2197443893341387e-05,0.08525847228124438
IN_BALL_N_R01,IN,BALL,-to+,12,52.4,52.9,30.361381039165334,28.960533815338522,0.00019184089984468556,2.7709586969997635,7.839318405789711,1.059812129172025,0.501573720659366,0.5,0.0002115988405972839,1.9757940752598347e-05,0.1442714619314927
IN_BALL_N_R01,IN,BALL,+to-,13,52.9,53.4,28.960533815338522,27.475742120969883,0.00019428139607898236,2.5245143985347016,6.820894350572403,1.0109133364256253,0.5007694721279352,0.5,0.00019434119217494905,5.979609596668965e-08,0.0004569776834474484
IN_BALL_N_R01,IN,BALL,-to+,14,53.4,53.910000000000004,27.475742120969883,26.288808224314757,0.00014851927429995025,2.275336556777012,5.839642634283619,0.9590843288796291,0.49996090507101937,0.5100000000000051,0.00017717007693255325,2.8650802632603005e-05,0.22896691958489482
IN_BALL_N_R01,IN,BALL,+to-,15,53.910000000000004,54.4,26.288808224314757,24.87464138099127,0.00016898314541664546,2.0851221808241784,5.125075496831066,0.9176525198793131,0.49934675564509445,0.4899999999999949,0.00016424061151894482,-4.742533897700643e-06,-0.03968776849590218
IN_BALL_N_R01,IN,BALL,-to+,16,54.4,54.9,24.87464138099127,23.930392348198684,0.0001079584397912515,1.868982418153188,4.351317317118375,0.8682887847022538,0.49865211243881213,0.5,0.00014972155430313593,4.176311451188443e-05,0.3652732875145131
IN_BALL_N_R01,IN,BALL,+to-,17,54.9,55.4,23.930392348198684,22.49976345130377,0.00015605853114635562,1.7310541215670152,3.879828937649289,0.8353282755402487,0.4982106025996341,0.5,0.00014054239990770549,-1.5516131238650134e-05,-0.14223669103689546
IN_BALL_N_R01,IN,BALL,-to+,18,55.4,55.9,22.49976345130377,21.74822947297779,7.832727897091169e-05,1.531888280849834,3.231319378882515,0.7853899062902673,0.49757548902383697,0.5,0.00012738648100754158,4.905920203662989e-05,0.47070948279251407
IN_BALL_N_R01,IN,BALL,+to-,19,55.9,56.4,21.74822947297779,20.293315214202533,0.00014442351380619144,1.4320206012589014,2.9211883739038034,0.7591564215654671,0.49725809337653487,0.5,0.00012082400394674656,-2.359950985944488e-05,-0.23773373194945593
IN_BALL_N_R01,IN,BALL,-to+,20,56.4,56.89,20.293315214202533,19.681819044976024,5.784387989411793e-05,1.2480465839149866,2.377711620155508,0.708370333265785,0.49667525138029145,0.490000000000002,0.00010876904581818897,5.092516592407104e-05,0.5383524781339322
IN_BALL_N_R01,IN,BALL,+to-,21,56.89,57.39,19.681819044976024,18.281927252951135,0.00012600837213319583,1.1744225260099477,2.1708029248671346,0.6870250902331151,0.49644267664809927,0.5,0.00010394789260245672,-2.2060479530739107e-05,-0.24507511337196963
IN_BALL_N_R01,IN,BALL,-to+,22,57.39,57.89,18.281927252951135,17.77996475696565,4.299783259788733e-05,1.0141574255178307,1.74259281443967,0.6381596483481591,0.4959377262226204,0.5,9.342971824861934e-05,5.043188565073201e-05,0.5887467509538324
IN_BALL_N_R01,IN,BALL,+to-,23,57.89,58.38,17.77996475696565,16.365236699013497,0.00011493868655323042,0.9595074442570147,1.6038466148167578,0.620637851795208,0.49576595112064403,0.490000000000002,8.982707044800413e-05,-2.5111616105226296e-05,-0.30907961868966405
IN_BALL_N_R01,IN,BALL,-to+,24,58.38,58.88,16.365236699013497,15.989005625815631,2.900814407393003e-05,0.8135138706099615,1.2524999243801684,0.5712545265319875,0.49530808773534424,0.5,8.012639362765267e-05,5.1118249553722645e-05,0.6629944779569356
IN_BALL_N_R01,IN,BALL,+to-,25,58.88,59.370000000000005,15.989005625815631,14.545809117952993,0.00010516664508109594,0.7766894122704272,1.1685212263255593,0.5581215845807584,0.4951928333409026,0.490000000000002,7.765454397378793e-05,-2.751210110730801e-05,-0.3775371798899978
IN_BALL_N_R01,IN,BALL,-to+,26,59.370000000000005,59.870000000000005,14.545809117952993,14.213957142829907,2.280765677586441e-05,0.6432571115290642,0.8809881554412541,0.5077445229497839,0.49477599898846625,0.5,6.856759960281787e-05,4.5759942826953466e-05,0.6658073791698792
IN_BALL_N_R01,IN,BALL,+to-,27,59.870000000000005,60.36,14.213957142829907,12.796286318415698,9.161873902482594e-05,0.6143342507376774,0.822295494949009,0.49616070375949556,0.4946858078558414,0.4899999999999949,6.656284321126491e-05,-2.5055895813561036e-05,-0.3876947745858956
IN_BALL_N_R01,IN,BALL,-to+,28,60.36,60.86,12.796286318415698,12.52048745950064,1.672561382179288e-05,0.49820370111002504,0.600678565768206,0.44667465656851485,0.49432425341709785,0.5,5.833082850571785e-05,4.160521468392497e-05,0.6860531265889236
IN_BALL_N_R01,IN,BALL,+to-,29,60.86,61.35,12.52048745950064,11.075440187681297,8.176259122775174e-05,0.47701245053466296,0.5627901685980393,0.4370474602458927,0.4942583776107621,0.490000000000002,5.678897975242511e-05,-2.497361147532663e-05,-0.4413643467798236
IN_BALL_N_R01,IN,BALL,-to+,30,61.35,61.84,11.075440187681297,10.863400996299024,1.1165897813835425e-05,0.3734603514537321,0.3899576206768424,0.3866057947654747,0.4939369140555818,0.490000000000002,4.900357386215204e-05,3.783767604831661e-05,0.7185329642459145
IN_BALL_N_R01,IN,BALL,+to-,31,61.84,62.34,10.863400996299024,9.385867717152557,7.187741633971042e-05,0.35932399758565414,0.3680386781448294,0.3792042306997006,0.4938930864481178,0.5,4.7900458252661646e-05,-2.3976958087048772e-05,-0.4928637350220869
IN_BALL_N_R01,IN,BALL,-to+,32,62.34,62.83,9.385867717152557,9.225766582716085,7.164536984423983e-06,0.26835508135570657,0.23758306543347948,0.32762858964191194,0.4936113767290699,0.4899999999999949,4.046798393122598e-05,3.3303446946802e-05,0.7442096975357441
IN_BALL_N_R01,IN,BALL,+to-,33,62.83,63.32,9.225766582716085,7.703636313620073,6.200406174705121e-05,0.25929040092427597,0.22565191930297757,0.32204000577772296,0.49358333633201856,0.490000000000002,3.968778274202636e-05,-2.2316279005024848e-05,-0.547823544487215
IN_BALL_N_R01,IN,BALL,-to+,34,63.32,63.81,7.703636313620073,7.592357945442207,4.098438035280705e-06,0.1808634207918125,0.13148011588362926,0.26890763609773755,0.49334096547435696,0.490000000000002,3.2489985115793254e-05,2.839154708051255e-05,0.7708703914553945
IN_BALL_N_R01,IN,BALL,+to-,35,63.81,64.301,7.592357945442207,5.992446839241758,5.2364605248812944e-05,0.17568079259367245,0.12587089413719788,0.26502328827583704,0.4933249637486966,0.49099999999999966,3.19783308207457e-05,-2.0386274428067243e-05,-0.6228475715813568
IN_BALL_N_R01,IN,BALL,-to+,36,64.301,64.791,5.992446839241758,5.926795588220874,1.8863777730053374e-06,0.10947857590318248,0.06192920614329818,0.20917585519099202,0.4931207195331943,0.4899999999999949,2.481263495831509e-05,2.292625718530975e-05,0.7978981753508021
IN_BALL_N_R01,IN,BALL,+to-,37,64.791,65.351,5.926795588220874,4.3081751403354485,3.995397850759044e-05,0.10709422468031515,0.05991742558292975,0.2068841942142566,0.49311336895820507,0.5600000000000023,2.452558007575548e-05,-1.542839843183496e-05,-0.6250163737851527
IN_BALL_N_R01,IN,BALL,-to+,38,65.351,65.761,4.3081751403354485,4.175889665739881,2.7079437115281198e-06,0.05660138170901292,0.023024624990400314,0.15038368190284468,0.4929577975816636,0.4099999999999966,1.75933088243947e-05,1.488536511286658e-05,0.72716325038118
IN_BALL_P_R02,IN,BALL,-to+,1,78.801,79.331,59.57354233037861,54.41072313331427,0.0011977487040765974,10.22276410228205,54.57804122702046,2.0795089214826445,0.5283012437725264,0.5300000000000011,0.0008625018951155714,-0.00033524680896102597,-1.4445711007471351
IN_BALL_P_R02,IN,BALL,+to-,2,79.331,79.851,54.41072313331427,51.491867118790076,0.0006446276713071632,8.610437779600517,42.357191292616086,1.899292534134759,0.522084973156936,0.519999999999996,0.0007022667621927313,5.763909088556812e-05,0.26095996560366086
IN_BALL_P_R02,IN,BALL,-to+,3,79.851,80.371,51.491867118790076,47.4262723843257,0.0008548430356103631,7.750438454549533,36.2478955193089,1.797405238444586,0.5188747630093165,0.519999999999996,0.0006208046325763151,-0.00023403840303404797,-1.1128425365976975
IN_BALL_P_R02,IN,BALL,+to-,4,80.371,80.881,47.4262723843257,45.22758925188158,0.00044007084780164717,6.618033568688644,28.67883883599103,1.65548921010829,0.5147534053297477,0.5100000000000051,0.0005180704420785417,7.79995942768945e-05,0.3896778682506328
IN_BALL_P_R02,IN,BALL,-to+,5,80.881,81.391,45.22758925188158,42.09019991670339,0.0005993286999807203,6.038552853195744,25.03005648999465,1.5787406903698653,0.5126890481838119,0.5100000000000051,0.00046758519457811693,-0.00013174350540260337,-0.6895699000599227
IN_BALL_P_R02,IN,BALL,+to-,6,81.391,81.901,42.09019991670339,40.20494575386959,0.0003432809753411282,5.253066203074785,20.34606675149812,1.4692251427382343,0.509937260305502,0.5099999999999909,0.000401509824308232,5.8228848967103823e-05,0.3197707876097048
IN_BALL_P_R02,IN,BALL,-to+,7,81.901,82.411,40.20494575386959,37.66048371564777,0.0004424605758111062,4.805046031395649,17.818018860499226,1.4034173579814762,0.5083910149727783,0.5100000000000051,0.0003650754400372293,-7.738513577387692e-05,-0.44498283253325693
IN_BALL_P_R02,IN,BALL,+to-,8,82.411,82.911,37.66048371564777,36.01023197968804,0.0002737853472337656,4.229575979279375,14.734488829879206,1.314598877463523,0.5064290787391452,0.5,0.0003196499875186997,4.586464028493413e-05,0.27644133199366744
IN_BALL_P_R02,IN,BALL,-to+,9,82.911,83.421,36.01023197968804,34.0192932321912,0.00031612596954091126,3.8745943082301686,12.929533994733092,1.256994224905024,0.5052321340840709,0.5100000000000051,0.0002924130219349642,-2.371294760594706e-05,-0.1493349347303494
IN_BALL_P_R02,IN,BALL,+to-,10,83.421,83.921,34.0192932321912,32.440464890570894,0.0002394277061244014,3.465753835639602,10.948270125387062,1.1874973522063206,0.5038659051109562,0.5,0.00026179349935460586,2.236579323020447e-05,0.14747930226075437
IN_BALL_P_R02,IN,BALL,-to+,11,83.921,84.421,32.440464890570894,30.75433498677756,0.00024447586305404676,3.1568389433562385,9.524288484921458,1.132385846436168,0.5028422121500677,0.5,0.0002391915860338622,-5.2842770201845545e-06,-0.03644390853214246
IN_BALL_P_R02,IN,BALL,+to-,12,84.421,84.921,30.75433498677756,29.24895346391771,0.00020830454193258516,2.842056059292032,8.141650059382815,1.0735288095611104,0.5018065884675826,0.5,0.00021662984584972444,8.325303917139284e-06,0.060163825973744436
IN_BALL_P_R02,IN,BALL,-to+,13,84.921,85.431,29.24895346391771,27.92624123096468,0.00017515089253839877,2.5743566491024437,7.023100253074789,1.020981081415929,0.5009317610773582,0.5099999999999909,0.0001978090324750966,2.2658139936697835e-05,0.17110694051350775
IN_BALL_P_R02,IN,BALL,+to-,14,85.431,85.921,27.92624123096468,26.4518514894304,0.00018643224877276597,2.3496243793236293,6.12693139354125,0.9748097143730559,0.5002014832767462,0.4900000000000091,0.00018226089750551254,-4.171351267253428e-06,-0.03298800431957529
IN_BALL_P_R02,IN,BALL,-to+,15,85.921,86.431,26.4518514894304,25.373713212921526,0.0001303842108110625,2.110776233192803,5.219649550372438,0.9233438034782531,0.4994294305457299,0.5099999999999909,0.00016597578418861482,3.5591573377552325e-05,0.29429998629476434
IN_BALL_P_R02,IN,BALL,+to-,16,86.431,86.921,25.373713212921526,23.913850565183747,0.00016845495800295782,1.9439528023772037,4.614968624804812,0.8857096780445393,0.4988926715723921,0.4900000000000091,0.00015473801397744075,-1.3716944025517062e-05,-0.11887042562100283
IN_BALL_P_R02,IN,BALL,-to+,17,86.921,87.421,23.913850565183747,23.053398260616138,9.488769212378927e-05,1.7286836126130167,3.871882563626117,0.8347508583847265,0.498203026588933,0.5,0.0001403851715904985,4.5497479466709216e-05,0.4125724032240782
IN_BALL_P_R02,IN,BALL,+to-,18,87.421,87.921,23.053398260616138,21.609471238227133,0.00015182697180819176,1.6075571133558202,3.473087524963579,0.8047154068425708,0.4978164515616149,0.5,0.0001323726971366389,-1.9454274671552857e-05,-0.18501198580869407
IN_BALL_P_R02,IN,BALL,-to+,19,87.921,88.421,21.609471238227133,20.95771847793036,6.546989109058155e-05,1.4139413110669943,2.8661583635699905,0.7543128454441588,0.49720071047886555,0.5,0.00011963780688950154,5.4167915798919986e-05,0.5392386899054856
IN_BALL_P_R02,IN,BALL,+to-,20,88.421,88.911,20.95771847793036,19.47528381234125,0.0001417655210219785,1.330525314503646,2.6167862616441013,0.7315623822918786,0.496936252615665,0.4899999999999949,0.00011417011275838181,-2.75954082635967e-05,-0.2885556973202924
IN_BALL_P_R02,IN,BALL,-to+,21,88.911,89.411,19.47528381234125,18.92519918282828,5.0064051043527065e-05,1.1500518839486218,2.1036981707147966,0.6798156505714166,0.4963657751985957,0.5,0.00010235124899849307,5.228719795496601e-05,0.574509510322373
IN_BALL_P_R02,IN,BALL,+to-,22,89.411,89.911,18.92519918282828,17.485628817194996,0.0001244628870901804,1.0863677129277156,1.93167372459672,0.6606140746721876,0.4961650173492741,0.5,9.817524221644757e-05,-2.6287644873732838e-05,-0.3040417914425725
IN_BALL_P_R02,IN,BALL,-to+,23,89.911,90.401,17.485628817194996,17.049076117788058,3.586060769611934e-05,0.9281556482116176,1.5259897010801582,0.6103635892833087,0.4956675007588202,0.4899999999999949,8.775452425893263e-05,5.189391656281328e-05,0.631734262610414
IN_BALL_P_R02,IN,BALL,+to-,24,90.401,90.901,17.049076117788058,15.577312795321157,0.00011440153899981385,0.8826005486726662,1.4151756760594016,0.5951250253570683,0.49552457160136665,0.5,8.473376836751426e-05,-2.966777063229959e-05,-0.38166214040851104
IN_BALL_P_R02,IN,BALL,-to+,25,90.901,91.391,15.577312795321157,15.206254814919985,2.725487703123309e-05,0.7373595747853887,1.0809912035100013,0.5437507937827915,0.49506984134479315,0.4900000000000091,7.499951351102014e-05,4.7744636479787056e-05,0.6500120109670658
IN_BALL_P_R02,IN,BALL,+to-,26,91.391,91.891,15.206254814919985,13.750116401626963,0.00010074507129003533,0.7027771981996164,1.0059184043374323,0.5307984268351894,0.49496178403948543,0.5,7.265010948361719e-05,-2.809496180641814e-05,-0.4060650472538672
IN_BALL_P_R02,IN,BALL,-to+,27,91.891,92.381,13.750116401626963,13.489895222300586,1.6957900248077636e-05,0.5750121535883307,0.7446872520061198,0.47996960748173095,0.49456328082711287,0.4899999999999949,6.381126591178474e-05,4.6853365663707105e-05,0.7189703566624436
IN_BALL_P_R02,IN,BALL,+to-,28,92.381,92.881,13.489895222300586,11.98735010850998,9.168623206956138e-05,0.5535162306767881,0.7033547939700062,0.4708861747563952,0.4944963448303102,0.5,6.229277741681462e-05,-2.939345465274676e-05,-0.48168329243718755
IN_BALL_P_R02,IN,BALL,-to+,29,92.881,93.371,11.98735010850998,11.792598126048143,1.1104306385821676e-05,0.4373446154707023,0.4941120446887369,0.4184374559655974,0.4941351475449152,0.4899999999999949,5.386055432299731e-05,4.2756247937175634e-05,0.7498766469974435
IN_BALL_P_R02,IN,BALL,+to-,30,93.371,93.861,11.792598126048143,10.267176953951527,8.076304674758436e-05,0.423280593487359,0.4704849229756436,0.4116393293281067,0.4940914828188372,0.4900000000000091,5.280748611854578e-05,-2.795556062903858e-05,-0.5279982162581405
IN_BALL_P_R02,IN,BALL,-to+,31,93.861,94.361,10.267176953951527,10.120119313966669,7.202346325153109e-06,0.3210285081622727,0.3108250445038722,0.3583920854626727,0.4937744255371294,0.5,4.4849088119283704e-05,3.7646741794130595e-05,0.7686716566813594
IN_BALL_P_R02,IN,BALL,+to-,32,94.361,94.851,10.120119313966669,8.598315973508932,6.848613293326156e-05,0.31191298241924076,0.2976867196809676,0.35325880544677624,0.4937461952362727,0.4899999999999949,4.4107580604476616e-05,-2.4378552328784945e-05,-0.5416902705235817
IN_BALL_P_R02,IN,BALL,-to+,33,94.851,95.34100000000001,8.598315973508932,8.4660468249094,5.430785622052139e-06,0.22526070359292408,0.18273422785576182,0.3001378477291048,0.4934781196987579,0.4900000000000091,3.66739450604887e-05,3.124315943843656e-05,0.7609405836344103
IN_BALL_P_R02,IN,BALL,+to-,34,95.34100000000001,95.831,8.4660468249094,6.946137209165669,5.640005206612644e-05,0.21839139917221767,0.17444220909039218,0.2955207834453618,0.49345688998036025,0.4899999999999949,3.604723432704254e-05,-2.0352817739083896e-05,-0.5484664505541023
IN_BALL_P_R02,IN,BALL,-to+,35,95.831,96.321,6.946137209165669,6.758533674194705,6.19432623519448e-06,0.1470694326797992,0.09641613412530885,0.24246592919046192,0.4932366568805207,0.4899999999999949,2.9042627787278408e-05,2.2848301552083927e-05,0.6919913581741352
IN_BALL_P_R02,IN,BALL,+to-,36,96.321,96.831,6.758533674194705,5.222319565500535,4.436652370058711e-05,0.13923819640698168,0.08882007057058654,0.23591733044321464,0.49321249598912575,0.5100000000000051,2.8201265126967997e-05,-1.6165258573619112e-05,-0.5597137747945358
IN_BALL_P_R02,IN,BALL,-to+,37,96.831,97.301,5.222319565500535,5.150676424162733,1.7922804197008713e-06,0.08315860129303104,0.04100035009256168,0.182293342018608,0.49303960049140705,0.46999999999999886,2.1475790810029477e-05,1.9683510390328608e-05,0.7868123813376369
IN_BALL_N_R02,IN,BALL,+to-,1,106.901,107.421,58.0322862727302,54.977362549872666,0.0007049410129401799,9.729617159468225,50.73882612407505,2.0257089358380997,0.5263716625693676,0.5200000000000102,0.0008124880335295707,0.00010754702058939081,0.4660092441042348
IN_BALL_N_R02,IN,BALL,-to+,2,107.421,107.941,54.977362549872666,50.27121729283109,0.0010346756523151594,8.781798581958382,43.60970080872807,1.9190719811158066,0.522733194935458,0.519999999999996,0.0007188400594653678,-0.0003158355928497916,-1.4361509119422662
IN_BALL_N_R02,IN,BALL,+to-,3,107.941,108.461,50.27121729283109,47.85917923223408,0.0005042363056553662,7.40230388583765,33.86154570572313,1.7547965214908259,0.5175951876638302,0.519999999999996,0.0005886608447551376,8.442453909977138e-05,0.40381892871760766
IN_BALL_N_R02,IN,BALL,-to+,4,108.461,108.971,47.85917923223408,44.4933977955864,0.0006719191895846001,6.734890365627035,29.433607720526126,1.670600509809153,0.5151733042379721,0.5100000000000051,0.0005284254636542966,-0.00014349372593030346,-0.718686243207229
IN_BALL_N_R02,IN,BALL,+to-,5,108.971,109.48100000000001,44.4933977955864,42.33731556733453,0.0004100604344475567,5.850331759938499,23.879507872791866,1.553112573865139,0.5120248409921532,0.5100000000000051,0.0004515014803420541,4.1441045894497375e-05,0.21788259296608395
IN_BALL_N_R02,IN,BALL,-to+,6,109.48100000000001,109.991,42.33731556733453,39.757263856842435,0.00046883464762526917,5.313138425112615,20.69317148671932,1.477851106211677,0.5101458596053523,0.5099999999999909,0.0004064651227871145,-6.236952483815465e-05,-0.34319776644877475
IN_BALL_N_R02,IN,BALL,+to-,7,109.991,110.501,39.757263856842435,37.843021991139395,0.0003319281237154266,4.701346763994904,17.248476918783545,1.38779031177208,0.5080354838217377,0.5100000000000051,0.0003567748268065396,2.484670309111297e-05,0.14328519888793512
IN_BALL_N_R02,IN,BALL,-to+,8,110.501,111.011,37.843021991139395,35.74749187401366,0.000347327068472158,4.269728983965892,14.943426287887121,1.3209706653000057,0.5065651018326401,0.5099999999999909,0.0003227687193115998,-2.4558349160558204e-05,-0.1481597511775033
IN_BALL_N_R02,IN,BALL,+to-,9,111.011,111.511,35.74749187401366,34.07697555791766,0.00026457454872632437,3.8194178252159188,12.65593131052733,1.2478228650629126,0.5050469846528027,0.5,0.00028823368976769353,2.365914104136916e-05,0.14937786513190227
IN_BALL_N_R02,IN,BALL,-to+,10,111.511,112.021,34.07697555791766,32.36766373884113,0.00025916177502730963,3.47729742699844,11.002725430650075,1.1895108452145897,0.5039043015484719,0.5100000000000051,0.00026264699274461086,3.4852177173012302e-06,0.02298603996256388
IN_BALL_N_R02,IN,BALL,+to-,11,112.021,112.521,32.36766373884113,30.819745525859673,0.00022441397270238147,3.1429238001338597,9.461682940002257,1.1298446068423114,0.5027962723459186,0.5,0.00023818426192051203,1.3770289218130563e-05,0.09497908261162157
IN_BALL_N_R02,IN,BALL,-to+,12,112.521,113.021,30.819745525859673,29.39536561625347,0.00019772734399190248,2.8539741603547975,8.19269576878138,1.075812068106085,0.5018456616002998,0.5,0.00021747551667753443,1.974817268563195e-05,0.14225739097820714
IN_BALL_N_R02,IN,BALL,+to-,13,113.021,113.521,29.39536561625347,27.921869967097347,0.00019555995616158856,2.599836902256187,7.127217652992018,1.02609182966231,0.5010147977493106,0.5,0.00019958621340189365,4.026257240305085e-06,0.030336011285843224
IN_BALL_N_R02,IN,BALL,-to+,14,113.521,114.021,27.921869967097347,26.7803404138202,0.00014513886047356358,2.348898038423064,6.1241005725932585,0.974657128479139,0.500199129075701,0.5,0.0001822110073182416,3.707214684467802e-05,0.29157078376588724
IN_BALL_N_R02,IN,BALL,+to-,15,114.021,114.521,26.7803404138202,25.30883594581061,0.0001787956438557594,2.1629221059399666,5.413630698622145,0.9348102300521264,0.49959762884568354,0.5,0.00016951094922681108,-9.28469462894833e-06,-0.07641178415332603
IN_BALL_N_R02,IN,BALL,-to+,16,114.521,115.021,25.30883594581061,24.351214310101117,0.00011128497001959634,1.9341261984266596,4.58012076600517,0.8834450342029766,0.49886111747586154,0.5,0.00015407934121443182,4.279437119483547e-05,0.368246841817205
IN_BALL_N_R02,IN,BALL,+to-,17,115.021,115.521,24.351214310101117,22.904737344242292,0.0001604341729525452,1.791890351400459,4.085590368797852,0.8500177331400479,0.4984051704340897,0.5,0.0001445834329238211,-1.5850740028724097e-05,-0.14290672025812395
IN_BALL_N_R02,IN,BALL,-to+,18,115.521,116.021,22.904737344242292,22.13804575715748,8.12683466714401e-05,1.587064087874114,3.407043045653702,0.7995261619230597,0.4977511523379192,0.5,0.00013102096528782868,4.975261861638858e-05,0.4693663781820848
IN_BALL_N_R02,IN,BALL,+to-,19,116.021,116.511,22.13804575715748,20.677351323763546,0.00014754203764539832,1.4834112346622026,3.079487235646772,0.7727635768391181,0.4974213322364155,0.4899999999999949,0.0001241986584373652,-2.3343379208033108e-05,-0.2310976669907227
IN_BALL_N_R02,IN,BALL,-to+,20,116.511,117.011,20.677351323763546,20.10769884132206,5.49314978209194e-05,1.295405492548982,2.5140619693507995,0.7217757223825637,0.49682505821247785,0.5,0.00011186996784891926,5.693847002799986e-05,0.5904628217519234
IN_BALL_N_R02,IN,BALL,+to-,21,117.011,117.511,20.10769884132206,18.6494611637933,0.0001338989408243916,1.2254664367829886,2.313592432416032,0.7018910995610375,0.4966038811442984,0.5,0.00010729062459678876,-2.6608316227602833e-05,-0.2897722848980229
IN_BALL_N_R02,IN,BALL,-to+,22,117.511,118.001,18.6494611637933,18.186368707248157,4.049039826872225e-05,1.0551158601134223,1.849050402988485,0.6509890020620133,0.4960666032699496,0.4900000000000091,9.612311497733161e-05,5.563271670860936e-05,0.6362748310920148
IN_BALL_N_R02,IN,BALL,+to-,23,118.001,118.501,18.186368707248157,16.731145185516006,0.00012082036859323373,1.0036389268455244,1.7155927445581525,0.6348240258462902,0.49590464838339493,0.5,9.273718395792096e-05,-2.808318463531277e-05,-0.3382394283719787
IN_BALL_N_R02,IN,BALL,-to+,24,118.501,118.991,16.731145185516006,16.372292692320702,2.8291200743916872e-05,0.8501352854592616,1.3379110612117164,0.5840271422329035,0.4954228000092974,0.4899999999999949,8.257306574495046e-05,5.428186500103359e-05,0.6885232949007413
IN_BALL_N_R02,IN,BALL,+to-,25,118.991,119.491,16.372292692320702,14.91489710921334,0.00010875353803861276,0.8142125348959612,1.2541118516269314,0.5715008271624064,0.49531027534732075,0.5,8.01731734678428e-05,-2.8580364570769963e-05,-0.38299235999851217
IN_BALL_N_R02,IN,BALL,-to+,26,119.491,119.98100000000001,14.91489710921334,14.644807353473857,1.9067819875524424e-05,0.6761985973928015,0.9494521430895843,0.5206281243039141,0.49487879179594985,0.4900000000000091,7.083365795261304e-05,5.176583807708861e-05,0.7332463652319002
IN_BALL_N_R02,IN,BALL,+to-,27,119.98100000000001,120.48100000000001,14.644807353473857,13.147154543513352,9.95342221512483e-05,0.6520129173289586,0.8990194856997673,0.5112002132767917,0.49480331388356874,0.5,6.917161786030481e-05,-3.036260429094349e-05,-0.45684131669398914
IN_BALL_N_R02,IN,BALL,-to+,28,120.48100000000001,120.971,13.147154543513352,12.932574854578302,1.3398501088485051e-05,0.5258232210384105,0.6512758770789455,0.4589222681056802,0.49441015855751486,0.4899999999999949,6.031969617164998e-05,4.692119508316493e-05,0.751451934424414
IN_BALL_N_R02,IN,BALL,+to-,29,120.971,121.471,12.932574854578302,11.444064874876121,8.696677572563277e-05,0.5088442273728115,0.6200102002411263,0.45143202394603643,0.4943573425076755,0.5,5.909969421265466e-05,-2.7867081512978112e-05,-0.4769552750029194
IN_BALL_N_R02,IN,BALL,-to+,30,121.471,121.961,11.444064874876121,11.260982096762893,9.973434833607417e-06,0.3986812954471378,0.43009601174816775,0.3994732237568424,0.49401514159679766,0.4899999999999949,5.094451152890613e-05,4.097107669529872e-05,0.7521075213848851
IN_BALL_N_R02,IN,BALL,+to-,31,121.961,122.45100000000001,11.260982096762893,9.78169596422287,7.475117612319741e-05,0.3860525753478357,0.40983433624143717,0.39308242919329434,0.4939759658007223,0.4900000000000091,4.99767922662645e-05,-2.477438385693291e-05,-0.49025830088645617
IN_BALL_N_R02,IN,BALL,-to+,32,122.45100000000001,122.941,9.78169596422287,9.651791791688835,6.067509120797075e-06,0.29143181398471035,0.2688649696054307,0.34144560200946106,0.49368278675771116,0.4899999999999949,4.241728181726339e-05,3.6349772696466314e-05,0.7782412912028533
IN_BALL_N_R02,IN,BALL,+to-,33,122.941,123.441,9.651791791688835,8.131523821467452,6.502733381402655e-05,0.28375396590445545,0.25831462845567166,0.3369110909638657,0.49365902394638433,0.5,4.177431230874641e-05,-2.3253021505280137e-05,-0.543614273109592
IN_BALL_N_R02,IN,BALL,-to+,34,123.441,123.931,8.131523821467452,8.00726771695274,4.826945797853326e-06,0.2014913277900686,0.15459622759231828,0.28384372777791717,0.4934046735932855,0.4899999999999949,3.447505863965812e-05,2.9648112841804797e-05,0.7632068890531664
IN_BALL_N_R02,IN,BALL,+to-,35,123.931,124.421,8.00726771695274,6.5076152563095135,5.242642555413965e-05,0.1953867036990559,0.1476259372899129,0.27950637149894936,0.49338581680724924,0.4900000000000091,3.389566588382075e-05,-1.85307596703189e-05,-0.5300553261637146
IN_BALL_N_R02,IN,BALL,-to+,36,124.421,124.911,6.5076152563095135,6.346495892888029,4.9911304168216005e-06,0.1290981766325881,0.0792981996799117,0.2271586253512314,0.4931812182057574,0.4899999999999949,2.7083227262290788e-05,2.209209684546919e-05,0.7131577639390724
IN_BALL_N_R02,IN,BALL,+to-,37,124.911,125.471,6.346495892888029,4.7766220762616145,4.2103279713365635e-05,0.12278877137131998,0.0735575304387034,0.22153449859038696,0.49316175979458976,0.5600000000000023,2.636957689779983e-05,-1.5733702815565806e-05,-0.586632576827337
IN_BALL_N_R02,IN,BALL,-to+,38,125.471,125.891,4.7766220762616145,4.730510908081422,1.0574936609132715e-06,0.0695749280386003,0.031377536819871044,0.16673556470842568,0.4929977534280568,0.4200000000000017,1.957306087753609e-05,1.8515567216622817e-05,0.8073565283592897
IN_BALL_P_R03,IN,BALL,-to+,1,138.001,138.531,59.059582718213434,54.138141760372015,0.0011366675839110663,10.057223551859563,53.279650205077616,2.0615683465735337,0.5276506739309763,0.5300000000000011,0.0008456169052947719,-0.0002910506786162944,-1.2597776611264828
IN_BALL_P_R03,IN,BALL,+to-,2,138.531,139.05100000000002,54.138141760372015,51.114411543664524,0.000664913478031114,8.528509396491296,41.7624131260055,1.8897776492598612,0.5217760735593674,0.5200000000000102,0.0006943825274662783,2.9469049435164362e-05,0.13399655459713292
IN_BALL_P_R03,IN,BALL,-to+,3,139.05100000000002,139.571,51.114411543664524,47.38515485241303,0.0007816946705996372,7.642051229451501,35.49944065762746,1.7842295533126864,0.5184751702267069,0.5199999999999818,0.0006107447322932814,-0.00017094993830635578,-0.8154125880496168
IN_BALL_P_R03,IN,BALL,+to-,4,139.571,140.081,47.38515485241303,45.01455348673325,0.00047347003584622365,6.606981360599206,28.607777295050845,1.6540539374839502,0.5147137548565895,0.5099999999999909,0.0005170940706510005,4.362403480477687e-05,0.21840414895515087
IN_BALL_P_R03,IN,BALL,-to+,5,140.081,140.591,45.01455348673325,42.24792166323892,0.0005282509666403098,5.983663327232381,24.692741967019455,1.5713043393171775,0.5124950334999053,0.5100000000000193,0.00046287871737316696,-6.53722492671428e-05,-0.34234367062072446
IN_BALL_P_R03,IN,BALL,+to-,6,140.591,141.101,42.24792166323892,40.082532481920175,0.000394423358937017,5.2913715401884724,20.567181458216396,1.4747306702963163,0.510070239613066,0.5099999999999909,0.0004046676953672578,1.0244336430240782e-05,0.05623818825768117
IN_BALL_P_R03,IN,BALL,-to+,7,141.101,141.611,40.082532481920175,37.83963334333332,0.00039026746438227414,4.776587543959295,17.66112312932735,1.3991443286941632,0.5082933576636577,0.5099999999999909,0.0003627924836203636,-2.747498076191053e-05,-0.15789088688213623
IN_BALL_P_R03,IN,BALL,+to-,8,141.611,142.111,37.83963334333332,36.039284895715284,0.000299409203876859,4.268981979172352,14.939530521275085,1.3208523791771927,0.5065625700832131,0.5,0.0003227106285489064,2.3301424672047405e-05,0.1401057729456432
IN_BALL_P_R03,IN,BALL,-to+,9,142.111,142.621,36.039284895715284,34.21433125564033,0.0002905810792620231,3.8807182492498122,12.960017833283228,1.2580083629889858,0.505252698304518,0.5100000000000193,0.0002928777806475702,2.296701385547128e-06,0.014423500632471681
IN_BALL_P_R03,IN,BALL,+to-,10,142.621,143.121,34.21433125564033,32.54799412205108,0.0002537149940994386,3.504858284961899,11.133095667035228,1.194305463557859,0.503996016653006,0.5,0.00026468734438608665,1.0972350286648038e-05,0.07206113470884071
IN_BALL_P_R03,IN,BALL,-to+,11,143.121,143.621,32.54799412205108,31.045805559839547,0.00021903895321630565,3.1774452451301394,9.617245655628405,1.136139324699105,0.5029102695462484,0.5,0.00024068498957216652,2.164603635586087e-05,0.1484461847971641
IN_BALL_P_R03,IN,BALL,+to-,12,143.621,144.131,31.045805559839547,29.462300762676083,0.00022078371033736242,2.8953462221784876,8.370702437012472,1.083703051906323,0.5019813819981456,0.5099999999999909,0.00022041633607703802,-3.67374260324397e-07,-0.0026347975964123777
IN_BALL_P_R03,IN,BALL,-to+,13,144.131,144.631,29.462300762676083,28.284272185961427,0.00015741829246016128,2.611525700375022,7.175148307763361,1.0284283070430682,0.501052906188095,0.5,0.0002004024677066085,4.298417524644722e-05,0.321663347335318
IN_BALL_P_R03,IN,BALL,+to-,14,144.631,145.131,28.284272185961427,26.712698126974576,0.00020080653339228405,2.4094821001161826,6.361689858850887,0.9873073523505616,0.5003956271405322,0.5,0.00018638025990291987,-1.4426273489364185e-05,-0.11290094042965836
IN_BALL_P_R03,IN,BALL,-to+,15,145.131,145.631,26.712698126974576,25.760014344397067,0.00011655016418576478,2.152134048312253,5.373308624177685,0.9324490688140573,0.49956281523407525,0.5,0.000168778680825048,5.222851663928321e-05,0.4269122051553385
IN_BALL_P_R03,IN,BALL,+to-,16,145.631,146.131,25.760014344397067,24.20368626798904,0.00018189215703081293,2.0029626807293894,4.826053739830896,0.8991941313413946,0.49908230536114034,0.5,0.00015870093450156712,-2.3191222529245805e-05,-0.19842549419005515
IN_BALL_P_R03,IN,BALL,-to+,17,146.131,146.621,24.20368626798904,23.43075465361279,8.637716693350938e-05,1.770446739173498,4.012663596678703,0.8448680329922946,0.49833655848448327,0.4900000000000091,0.00014315771630406108,5.6780549370551704e-05,0.5080873853819878
IN_BALL_P_R03,IN,BALL,+to-,18,146.621,147.121,23.43075465361279,21.973712157067812,0.00015561649255452283,1.6601507828740176,3.6444881446163726,0.8178876298650534,0.497984174589302,0.5,0.0001358467487574924,-1.9769743797030416e-05,-0.18509979381850414
IN_BALL_P_R03,IN,BALL,-to+,19,147.121,147.621,21.973712157067812,21.32792985212237,6.593611784941045e-05,1.461638784276085,3.0120846206658958,0.7670272520526774,0.4973521505384395,0.5,0.0001227683806014096,5.683226275199914e-05,0.5566156541601566
IN_BALL_P_R03,IN,BALL,+to-,20,147.621,148.121,21.32792985212237,19.882250067165934,0.00014079379791966245,1.3776033574429474,2.756604392231527,0.7444851971078453,0.497085445698697,0.5,0.0001172549968234501,-2.3538801096212347e-05,-0.24169151422436178
IN_BALL_P_R03,IN,BALL,-to+,21,148.121,148.621,19.882250067165934,19.340017537843632,5.0364411689483076e-05,1.1983125621859585,2.2372577613646456,0.6940214527538185,0.4965181021671336,0.5,0.00010551256374580339,5.5148152056320315e-05,0.5937329432125088
IN_BALL_P_R03,IN,BALL,+to-,22,148.621,149.111,19.340017537843632,17.92376777898699,0.00012521454981932335,1.1342267470943272,2.0604985931990694,0.6750939668576368,0.4963158614424058,0.4899999999999807,0.00010131411017765614,-2.3900439641667213e-05,-0.270321062600393
IN_BALL_P_R03,IN,BALL,-to+,23,149.111,149.611,17.92376777898699,17.486025620642177,3.6840666127467286e-05,0.9750113774071075,1.6428199087615325,0.6256575242123885,0.4958146616641465,0.5,9.085031901561751e-05,5.4009652888150225e-05,0.6417431336520242
IN_BALL_P_R03,IN,BALL,+to-,24,149.611,150.101,17.486025620642177,16.057679411343177,0.00011406006956765821,0.9281975691970066,1.5260929450087952,0.6103774403365818,0.4956676323525679,0.4900000000000091,8.775729872369348e-05,-2.630277084396473e-05,-0.32937460348707337
IN_BALL_P_R03,IN,BALL,-to+,25,150.101,150.601,16.057679411343177,15.720287087985463,2.556232151197913e-05,0.7833481773456634,1.1835630789557121,0.5605187519152867,0.4952136671950044,0.5,7.810245923310286e-05,5.2540137721123726e-05,0.6934664958015309
IN_BALL_P_R03,IN,BALL,+to-,26,150.601,151.091,15.720287087985463,14.305219158672163,0.00010143694164755066,0.7509037621145886,1.1108786803792625,0.5487415380881957,0.4951121845387529,0.4900000000000091,7.59157393151405e-05,-2.552120233241016e-05,-0.3560174084357763
IN_BALL_P_R03,IN,BALL,-to+,27,151.091,151.591,14.305219158672163,14.024489621889035,1.901153572645939e-05,0.6222226081085385,0.838169705072058,0.49934634907640474,0.4947104006702717,0.5,6.711112343179296e-05,4.8099587705333565e-05,0.7102509583426456
IN_BALL_P_R03,IN,BALL,+to-,28,151.591,152.08100000000002,14.024489621889035,12.584850319226593,9.168257179724667e-05,0.5981165167236666,0.7899780166740452,0.48954703962747653,0.49463526076186193,0.4900000000000091,6.543185691770015e-05,-2.6250714879546525e-05,-0.4121892088629727
IN_BALL_P_R03,IN,BALL,-to+,29,152.08100000000002,152.58100000000002,12.584850319226593,12.392609588305167,1.1504546585135604e-05,0.4819169452855435,0.5714859358352139,0.43929414788232696,0.49427362114536344,0.5,5.714713069946789e-05,4.564258411433229e-05,0.762686260652931
IN_BALL_P_R03,IN,BALL,+to-,30,152.58100000000002,153.071,12.392609588305167,10.945436531021489,8.100043830517533e-05,0.46734194461417805,0.5457745713858294,0.4325836804602882,0.4942283257850529,0.4899999999999807,5.608037877316751e-05,-2.492005953200782e-05,-0.44521586384350703
IN_BALL_P_R03,IN,BALL,-to+,31,153.071,153.571,10.945436531021489,10.762898482595178,9.512603622454466e-06,0.3647610296546938,0.37641905292500943,0.3820678110687829,0.4939099415237697,0.5,4.8326101963285435e-05,3.881349834083097e-05,0.7447947506927483
IN_BALL_P_R03,IN,BALL,+to-,32,153.571,154.061,10.762898482595178,9.297277776400254,7.063898902113891e-05,0.3527183731381507,0.3579419049724113,0.3756960311583749,0.4938726113877818,0.4900000000000091,4.738093934958131e-05,-2.3258049671557598e-05,-0.48254583353266256
IN_BALL_P_R03,IN,BALL,-to+,33,154.061,154.55100000000002,9.297277776400254,9.21765335741498,3.544847185424346e-06,0.2633200887150454,0.2309306231291027,0.3245362173413632,0.49359580095254246,0.4900000000000091,4.003569321808002e-05,3.6490846032655674e-05,0.8196579507759757
IN_BALL_P_R03,IN,BALL,+to-,34,154.55100000000002,155.041,9.21765335741498,7.649134235155021,6.365899262289991e-05,0.2588351716583202,0.2250581480735373,0.32175680078880214,0.4935819282872592,0.4899999999999807,3.96483693467584e-05,-2.401062327614151e-05,-0.5915887792253459
IN_BALL_P_R03,IN,BALL,-to+,35,155.041,155.531,7.649134235155021,7.618139031955181,1.1394382317176355e-06,0.17831567879117338,0.1287124882011403,0.2670051546609466,0.49333309891629595,0.4900000000000091,3.223915427564117e-05,3.109971604392354e-05,0.845980044947894
IN_BALL_P_R03,IN,BALL,+to-,36,155.531,156.02100000000002,7.618139031955181,6.018571316628233,5.2552458147019875e-05,0.17687482263012624,0.12715597873174456,0.2659232179646228,0.4933286502385016,0.4900000000000091,3.209670632806155e-05,-2.0455751818958326e-05,-0.6226026102996086
IN_BALL_P_R03,IN,BALL,-to+,37,156.02100000000002,156.511,6.018571316628233,6.01179029033298,1.9665113826000704e-07,0.11043466517316386,0.06274209611254482,0.2100877714825056,0.4931236671118605,0.4899999999999807,2.492700305584438e-05,2.4730351917584373e-05,0.8527647896104342
IN_BALL_P_R03,IN,BALL,+to-,38,156.511,157.071,6.01179029033298,4.3852963072913065,4.0782508786316473e-05,0.11018609814602524,0.06253041890407442,0.20985106901147269,0.4931229007853651,0.5600000000000023,2.489730924101388e-05,-1.5885199545302592e-05,-0.6335145803777075
IN_BALL_P_R03,IN,BALL,-to+,39,157.071,157.481,4.3852963072913065,4.381370945203877,8.302539597609895e-08,0.05864535212727337,0.024282895618125282,0.15307571847556461,0.49296409183662315,0.4099999999999966,1.7917904680018993e-05,1.7834879284042894e-05,0.8432162007753403
IN_BALL_N_R03,IN,BALL,+to-,1,174.321,174.851,57.62554036208566,54.33588396594642,0.0007544657152664593,9.601123723126655,49.75282397153384,2.01151082511856,0.5258730522404361,0.5300000000000011,0.0007995993730693607,4.5133657802901386e-05,0.19676683807759934
IN_BALL_N_R03,IN,BALL,-to+,2,174.851,175.371,54.33588396594642,49.99275619983677,0.0009490171641836762,8.587911017185249,42.193390473158274,1.896680154374719,0.521999973672943,0.5200000000000102,0.0007000963805501273,-0.0002489207836335489,-1.1389003251134078
IN_BALL_N_R03,IN,BALL,+to-,3,175.371,175.881,49.99275619983677,47.531305638949114,0.0005121958471446398,7.323854414276128,33.3309383483612,1.7450763956679198,0.5173084000863146,0.5099999999999909,0.0005814852867460686,6.928943960142877e-05,0.33295743367060665
IN_BALL_N_R03,IN,BALL,-to+,4,175.881,176.401,47.531305638949114,44.25539338361653,0.0006508758211832994,6.646302988500903,28.860855855430607,1.6591555623428182,0.5148548732148779,0.5200000000000102,0.0005205701724778006,-0.00013030564870549876,-0.6557498622687575
IN_BALL_N_R03,IN,BALL,+to-,5,176.401,176.911,44.25539338361653,42.201923242069455,0.0003891999301771782,5.789889463460925,23.513735602158384,1.5448046526188448,0.511812196979858,0.5099999999999909,0.0004463697963867604,5.716986620958223e-05,0.30161960763440876
IN_BALL_N_R03,IN,BALL,-to+,6,176.911,177.411,42.201923242069455,39.55558408214935,0.0004792513988825546,5.280187006718342,20.502540069298785,1.473125022496064,0.510031399089062,0.5,0.0004037449574899332,-7.550644139262138e-05,-0.4168957936530597
IN_BALL_N_R03,IN,BALL,+to-,7,177.411,177.921,39.55558408214935,37.790454191253325,0.0003052289756120541,4.6549702838048725,16.995708223086396,1.3807503595659307,0.5078767679829826,0.5099999999999909,0.0003530788840894737,4.784990847741963e-05,0.27670362401783644
IN_BALL_N_R03,IN,BALL,-to+,8,177.921,178.431,37.790454191253325,35.69437166963307,0.0003469900751099342,4.258147586530506,14.883064234181012,1.3191357029229227,0.5065258551870777,0.5100000000000193,0.0003218683912806051,-2.512168382932912e-05,-0.15174551031815472
IN_BALL_N_R03,IN,BALL,+to-,9,178.431,178.931,35.69437166963307,34.020388157027135,0.00026475983649184713,3.808307357630018,12.60106866073448,1.2459686201313656,0.5050097315484935,0.5,0.0002873938997865939,2.2634063294746777e-05,0.14310214759006015
IN_BALL_N_R03,IN,BALL,-to+,10,178.931,179.441,34.020388157027135,32.33924696899599,0.00025460215353435687,3.465972787544209,10.949302180942537,1.1875355722932184,0.5038666332953162,0.5099999999999909,0.00026180968193058855,7.207528396231677e-06,0.047589692524388424
IN_BALL_N_R03,IN,BALL,+to-,11,179.441,179.941,32.33924696899599,30.806643857274757,0.00022206284911008872,3.1375001504839264,9.437317998994647,1.1288526744491532,0.5027783705854902,0.5,0.0002377918922306046,1.572904312051589e-05,0.10855333008205743
IN_BALL_N_R03,IN,BALL,-to+,12,179.941,180.441,30.806643857274757,29.432205237661115,0.0001908631677049291,2.8515850729023495,8.182454839770097,1.0753547335974611,0.5018378281894653,0.5,0.00021730594106401412,2.6442773359085025e-05,0.19041441017490487
IN_BALL_N_R03,IN,BALL,+to-,13,180.441,180.941,29.432205237661115,27.943774049622693,0.00019772732549168035,2.606267052747305,7.153571852508544,1.0273777750398132,0.5010357604021116,0.5,0.000200035167583121,2.3078420914406626e-06,0.017372245072440028
IN_BALL_N_R03,IN,BALL,-to+,14,180.941,181.441,27.943774049622693,26.832784599349633,0.00014143313481174063,2.352538764384986,6.138294158481391,0.9754217251985307,0.5002109297136145,0.5,0.00018246110095830657,4.102796614656595e-05,0.32227895908884
IN_BALL_N_R03,IN,BALL,+to-,15,181.441,181.941,26.832784599349633,25.396247826303775,0.00017498289301270988,2.1713041728716993,5.4450283823801,0.9366408774741573,0.4996246841003519,0.5,0.00017008023324881861,-4.902659763891267e-06,-0.040247743347167755
IN_BALL_N_R03,IN,BALL,-to+,16,181.941,182.441,25.396247826303775,24.43706943080541,0.00011183000328061855,1.9473716393889187,4.627113154845561,0.8864962844429076,0.498903651407993,0.5,0.0001549672598574008,4.313725657678226e-05,0.3699887344527601
IN_BALL_N_R03,IN,BALL,+to-,17,182.441,182.941,24.43706943080541,23.076834050814323,0.00015164519092390985,1.804427325803345,4.128427072355786,0.853014642212022,0.49844529969782364,0.5,0.00014541766372196997,-6.22752720193988e-06,-0.05585870444852371
IN_BALL_N_R03,IN,BALL,-to+,18,182.941,183.441,23.076834050814323,22.277548691204636,8.527847896328321e-05,1.6107994411235333,3.483575127102805,0.8055334702461008,0.49782678571341454,0.5,0.00013258665902382788,4.730818006054467e-05,0.4433994316421741
IN_BALL_N_R03,IN,BALL,+to-,19,183.441,183.931,22.277548691204636,20.878677058219925,0.00014236907642834476,1.5020171780932476,3.1374762424729323,0.7776331478697488,0.4974804792026798,0.4900000000000091,0.00012542161982031114,-1.6947456608033622e-05,-0.16651598844787735
IN_BALL_N_R03,IN,BALL,-to+,20,183.931,184.431,20.878677058219925,20.265049653961558,5.9669878465118527e-05,1.320577752924213,2.5875520194815396,0.728803316253083,0.49690474833298093,0.5,0.00011351852532044974,5.384864685533122e-05,0.5537609313865189
IN_BALL_N_R03,IN,BALL,+to-,21,184.431,184.931,20.265049653961558,18.883362142244987,0.00012810106299396867,1.2445950506283014,2.36787304550815,0.7073836790835335,0.496664339608696,0.5,0.00010854306197912655,-1.955800101484212e-05,-0.210945876220325
IN_BALL_N_R03,IN,BALL,-to+,22,184.931,185.421,18.883362142244987,18.341354680061357,4.787295542235282e-05,1.081597100064034,1.9189839970606,0.6591536864572497,0.49614998995229614,0.4899999999999807,9.786212633764478e-05,4.998917091529196e-05,0.5659646954957477
IN_BALL_N_R03,IN,BALL,+to-,23,185.421,185.921,18.341354680061357,16.969734517733265,0.00011512246787476783,1.0207260378632865,1.7595245872098482,0.6402340568862837,0.49595838666365516,0.5,9.386200618958728e-05,-2.1260461685180547e-05,-0.25330052523059426
IN_BALL_N_R03,IN,BALL,-to+,24,185.921,186.421,16.969734517733265,16.571711532274893,3.178266154165496e-05,0.874442468621085,1.395625024685047,0.5923554810475551,0.49549899088190935,0.5,8.419148431865816e-05,5.2408822777003196e-05,0.6563287386899508
IN_BALL_N_R03,IN,BALL,+to-,25,186.421,186.911,16.571711532274893,15.195837800843387,0.00010420658065538968,0.8340807979716818,1.3002376816000716,0.5784618578578229,0.4953724997444407,0.4900000000000091,8.150177451326874e-05,-2.2704806142120944e-05,-0.2997718145731408
IN_BALL_N_R03,IN,BALL,-to+,26,186.911,187.411,15.195837800843387,14.832469750586025,2.605046572954113e-05,0.7018181903509877,1.0038622170735125,0.5304348044474629,0.494958788668415,0.5,7.258473924763074e-05,4.653427351808961e-05,0.6490878158109084
IN_BALL_N_R03,IN,BALL,+to-,27,187.411,187.901,14.832469750586025,13.500336564154862,9.022230167932558e-05,0.6687712847261681,0.9338673867567748,0.5177508667003765,0.49485560857633876,0.4900000000000091,7.032422031325122e-05,-1.9898081366074365e-05,-0.29378875303202995
IN_BALL_N_R03,IN,BALL,-to+,28,187.901,188.391,13.500336564154862,13.274724362010055,1.4456203180755715e-05,0.5543709355778702,0.7049832121370042,0.47125064634376207,0.4944990056834508,0.4899999999999807,6.23533637364336e-05,4.789716055567788e-05,0.7475114145089375
IN_BALL_N_R03,IN,BALL,+to-,29,188.391,188.891,13.274724362010055,11.812297828992216,8.789356536357894e-05,0.5360483750847984,0.6703499253165089,0.46337529482355827,0.49444197518298777,0.5,6.10505493672552e-05,-2.6843015996323746e-05,-0.44661828267811005
IN_BALL_N_R03,IN,BALL,-to+,30,188.891,189.381,11.812297828992216,11.641390111332857,9.612950293777754e-06,0.42469282959564836,0.4728400133114913,0.41232697868418455,0.49409586679341405,0.4900000000000091,5.2913609074923004e-05,4.330065878114525e-05,0.769837957719253
IN_BALL_N_R03,IN,BALL,+to-,31,189.381,189.881,11.641390111332857,10.151674914360054,7.793070936597137e-05,0.4125185617158967,0.4526668350503151,0.4063611739037352,0.4940580789482869,0.5,5.199587652018324e-05,-2.593483284578813e-05,-0.49575355690654765
IN_BALL_N_R03,IN,BALL,-to+,32,189.881,190.371,10.151674914360054,10.039034426779983,5.4640792060718446e-06,0.3138579815943883,0.30047420706284717,0.3543603036953927,0.4937522183213186,0.4900000000000091,4.426633101602305e-05,3.8802251809951206e-05,0.7998976029421007
IN_BALL_N_R03,IN,BALL,+to-,33,190.371,190.861,10.039034426779983,8.540440476508374,6.694543784952605e-05,0.3069427270196709,0.2906029620973642,0.3504284089367446,0.493730804999878,0.4899999999999807,4.37005583101721e-05,-2.324487953935395e-05,-0.5203288534748698
IN_BALL_N_R03,IN,BALL,-to+,34,190.861,191.351,8.540440476508374,8.462289302689696,3.19727386294244e-06,0.22224193767759906,0.17907445652206108,0.2981176117713291,0.4934687897502494,0.4900000000000091,3.639936262107349e-05,3.320208875813105e-05,0.8115607607487101
IN_BALL_N_R03,IN,BALL,+to-,35,191.351,191.851,8.462289302689696,6.909692408925015,5.746354368054727e-05,0.2181978033517219,0.1742103796071225,0.29538962117646045,0.4934562917150667,0.5,3.6029473216651896e-05,-2.143407046389537e-05,-0.579105480127807
IN_BALL_N_R03,IN,BALL,-to+,36,191.851,192.341,6.909692408925015,6.8320107834679815,2.571804001748514e-06,0.1455313681519886,0.09490792281203421,0.24119376567159986,0.4932319113244243,0.4900000000000091,2.8878808868136777e-05,2.630700486638826e-05,0.7946059423728172
IN_BALL_N_R03,IN,BALL,+to-,37,192.341,192.841,6.8320107834679815,5.258305830047247,4.5862921046063436e-05,0.1422799250191359,0.09174577662735556,0.2384821654065473,0.4932218798229992,0.5,2.853023106961595e-05,-1.7332689976447487e-05,-0.5947218813382784
IN_BALL_N_R03,IN,BALL,-to+,38,192.841,193.311,5.258305830047247,5.199150554339095,1.4918906103677143e-06,0.0843081136556842,0.04185330593298178,0.18354949962227568,0.4930431423514106,0.46999999999999886,2.163028727558017e-05,2.0138396665212456e-05,0.7985118653213088
OUT_BALL_N_R01,OUT,BALL,+to-,1,220.891,221.421,52.965184693677124,49.85574960197725,0.0006356182584610503,7.95142047069068,37.09908922998726,1.84883372366314,0.5354128568978513,0.5300000000000011,0.0008852111186208024,0.0002495928601597521,1.220854736361462
OUT_BALL_N_R01,OUT,BALL,-to+,2,221.421,221.951,49.85574960197725,44.145002075036395,0.0010919626390215875,7.082038754792213,31.251305968797315,1.7402939632087109,0.5320177175222998,0.5300000000000011,0.000776184360602274,-0.0003157782784193135,-1.6507741145224457
OUT_BALL_N_R01,OUT,BALL,+to-,3,221.951,222.481,44.145002075036395,41.929001417046535,0.0003955407196379748,5.601122706200126,22.060232048672198,1.5409512690182279,0.5264071353152315,0.5300000000000011,0.0005979885866747421,0.00020244786703676733,1.1341351798530852
OUT_BALL_N_R01,OUT,BALL,-to+,4,222.481,223.001,41.929001417046535,37.63858920562838,0.0007179082950751441,5.068512229655414,19.01402824973015,1.4635982536016603,0.5244401514475068,0.5200000000000102,0.0005363644226911412,-0.00018154387238400287,-1.0847013270564412
OUT_BALL_N_R01,OUT,BALL,+to-,5,223.001,223.52100000000002,37.63858920562838,35.74817096108485,0.0002954365474225781,4.106849447785382,13.899864575784814,1.3138346148876243,0.5209537200702345,0.5200000000000102,0.0004286175615432484,0.0001331810141206703,0.8521504920282488
OUT_BALL_N_R01,OUT,BALL,-to+,6,223.52100000000002,224.041,35.74817096108485,32.35667099782401,0.0004966415505947156,3.7129480522924085,11.959948018741988,1.2478465696735128,0.5195491650892518,0.5199999999999818,0.00038584430134297937,-0.00011079724925173621,-0.7565094175365541
OUT_BALL_N_R01,OUT,BALL,+to-,7,224.041,224.561,32.35667099782401,30.753631427742217,0.0002194123672150175,3.053158189553921,8.931952625277981,1.129460887793176,0.5172262105071237,0.5200000000000102,0.0003160366394332431,9.662427221822562e-05,0.705919551490479
OUT_BALL_N_R01,OUT,BALL,-to+,8,224.561,225.08100000000002,30.753631427742217,27.879970532939566,0.00036798467093013943,2.7626038426824575,7.692974365263442,1.0735042507178125,0.5162148034727307,0.5200000000000102,0.00028603825301918374,-8.194641791095568e-05,-0.639867782588118
OUT_BALL_N_R01,OUT,BALL,+to-,9,225.08100000000002,225.591,27.879970532939566,26.52744394881387,0.00016172014917957187,2.276572911960853,5.761399226281896,0.9731945623175873,0.514538426943084,0.5099999999999909,0.00023687854475288697,7.51583955733151e-05,0.6285634060629142
OUT_BALL_N_R01,OUT,BALL,-to+,10,225.591,226.11100000000002,26.52744394881387,24.022090530963187,0.0002797600736159403,2.0634721195914505,4.974129741253655,0.9259824780900963,0.513809439586674,0.5200000000000102,0.0002157217457193764,-6.403832789656392e-05,-0.5734408779156711
OUT_BALL_N_R01,OUT,BALL,+to-,11,226.11100000000002,226.621,24.022090530963187,22.779841849349815,0.00012904277801210616,1.6955385716414577,3.7080718095296374,0.8385291459549209,0.5125593006142081,0.5099999999999909,0.0001797363958899445,5.069361787783834e-05,0.4879997741821871
OUT_BALL_N_R01,OUT,BALL,-to+,12,226.621,227.131,22.779841849349815,20.649503145331447,0.00020614455372597098,1.5261256971937498,3.1676755922497573,0.7951664867094967,0.5119872660830377,0.5099999999999909,0.00016338148297453882,-4.276307075143216e-05,-0.4418965992421963
OUT_BALL_N_R01,OUT,BALL,+to-,13,227.131,227.651,20.649503145331447,19.35218167929424,0.00011605718618739587,1.2558814292788678,2.3661727136730675,0.7208036375739177,0.5110793925237689,0.5200000000000102,0.00013752816088189314,2.147097469449727e-05,0.24000376243692098
OUT_BALL_N_R01,OUT,BALL,-to+,14,227.651,228.161,19.35218167929424,17.52012114808674,0.0001515350667429715,1.1039472155130594,1.950726414270156,0.6755185754956197,0.5105714525111594,0.5099999999999909,0.00012308969612629617,-2.8445370616675332e-05,-0.3438901756573158
OUT_BALL_N_R01,OUT,BALL,+to-,15,228.161,228.671,17.52012114808674,16.239481353192115,9.725826100692951e-05,0.9057945589649049,1.450488260668359,0.6115675987648053,0.5099116516472024,0.5099999999999909,0.00010430504142029802,7.046780413368504e-06,0.0927859441373164
OUT_BALL_N_R01,OUT,BALL,-to+,16,228.671,229.181,16.239481353192115,14.541758746760243,0.00011784561613664073,0.7787508938891042,1.156625468560482,0.5668648368588531,0.5094901971455974,0.5100000000000193,9.224357858887167e-05,-2.5602037547769056e-05,-0.36881785916745596
OUT_BALL_N_R01,OUT,BALL,+to-,17,229.181,229.691,14.541758746760243,13.37386341946467,7.368031131070738e-05,0.6249554406173251,0.8318018209359351,0.5076031383233011,0.5089816271598191,0.5099999999999909,7.754415247803602e-05,3.863841167328635e-06,0.06124409415022604
OUT_BALL_N_R01,OUT,BALL,-to+,18,229.691,230.201,13.37386341946467,11.851586778390985,8.693974094832922e-05,0.5288762101101182,0.6476968087421547,0.46683590076337195,0.5086648146191939,0.5099999999999909,6.824762935767012e-05,-1.8692111590659107e-05,-0.32728102966947076
OUT_BALL_N_R01,OUT,BALL,+to-,19,230.201,230.701,11.851586778390985,10.69574852841242,5.9100455343537696e-05,0.41558348356332747,0.45127297423394985,0.41369842173750043,0.5082921285956644,0.5,5.7077334907912095e-05,-2.0231204356256015e-06,-0.03956585984340038
OUT_BALL_N_R01,OUT,BALL,-to+,20,230.701,231.211,10.69574852841242,9.352424104440784,6.115610502727286e-05,0.3386159749092106,0.3319621188897363,0.37335205557226997,0.5080394825412262,0.5100000000000193,4.927769921751238e-05,-1.187840580976048e-05,-0.26090914674302873
OUT_BALL_N_R01,OUT,BALL,+to-,21,231.211,231.711,9.352424104440784,8.29387094350089,4.2467242643570253e-05,0.25901159906049914,0.22211820298706428,0.3264611873307474,0.5077786431696697,0.5,4.0913089063826e-05,-1.5541535797442512e-06,-0.03873881806994272
OUT_BALL_N_R01,OUT,BALL,-to+,22,231.711,232.211,8.29387094350089,7.034484595911848,4.393005405313086e-05,0.20375777192656433,0.15499963662776808,0.28951071139915824,0.5075978686724856,0.5,3.482537328782442e-05,-9.104680765306444e-06,-0.26100764220047584
OUT_BALL_N_R01,OUT,BALL,+to-,23,232.211,232.711,7.034484595911848,6.102138900189178,2.7894341732076045e-05,0.146621376983539,0.09462616178220025,0.2455498347589692,0.5074111717698252,0.5,2.8129225718297834e-05,2.3488398622178902e-07,0.007850719672385603
OUT_BALL_N_R01,OUT,BALL,-to+,24,232.711,233.211,6.102138900189178,5.048782433214645,2.6767402603419942e-05,0.1103522860065818,0.06179064601721824,0.21300483044465357,0.5072927848202596,0.5,2.353464400446827e-05,-3.2327585989516734e-06,-0.12721440593380917
OUT_BALL_N_R01,OUT,BALL,+to-,25,233.211,233.701,5.048782433214645,4.177716976688026,1.8324244279644394e-05,0.0755564294527113,0.0350099805903717,0.17623575335289254,0.5071792975373842,0.4899999999999807,1.869448438283008e-05,3.7024010318568716e-07,0.017599648517639732
OUT_BALL_P_R02,OUT,BALL,-to+,1,254.341,254.881,58.08030884095604,50.79306173835485,0.001549453433023055,9.472834935503933,48.05661444383395,2.027385239699709,0.5415465179084444,0.539999999999992,0.001083270591813435,-0.00046618284120962007,-2.191030842164067
OUT_BALL_P_R02,OUT,BALL,+to-,2,254.881,255.411,50.79306173835485,47.72320740052636,0.0006082796908559768,7.339548122197295,32.95027589784791,1.7730123290060935,0.5330153140124668,0.5300000000000011,0.0008081496510490963,0.00019986996019311955,1.0085792521094759
OUT_BALL_P_R02,OUT,BALL,-to+,3,255.411,255.941,47.72320740052636,42.69327252762661,0.0009333511888251396,6.511132135521613,27.588187956671444,1.6658541975026184,0.5298295898123232,0.5300000000000011,0.0007063313361555582,-0.0002270198526695814,-1.2230427696457138
OUT_BALL_P_R02,OUT,BALL,+to-,4,255.941,256.461,42.69327252762661,40.35353907573795,0.0004056632896823419,5.24948236117535,20.03270744957142,1.490276348116652,0.5251055595423674,0.5200000000000102,0.0005571509965910436,0.00015148770690870167,0.8736709420058514
OUT_BALL_P_R02,OUT,BALL,-to+,5,256.461,256.981,40.35353907573795,36.49028685490293,0.0006278265701101414,4.704608966815009,17.01830467581789,1.4086042434076331,0.5231111309091211,0.5199999999999818,0.0004950488616765468,-0.0001327777084335946,-0.8168762487847095
OUT_BALL_P_R02,OUT,BALL,+to-,6,256.981,257.50100000000003,36.49028685490293,34.58014698880063,0.00029036052137157355,3.865373385868686,12.699371555694142,1.2737513012305248,0.5200910851055585,0.5200000000000387,0.00040229996990101015,0.0001119394485294366,0.7363607847598905
OUT_BALL_P_R02,OUT,BALL,-to+,7,257.50100000000003,258.021,34.58014698880063,31.437990261827213,0.00044766433507491515,3.4788688906407983,10.852928574500364,1.2070748415563473,0.5187208144868319,0.5199999999999818,0.0003608119915221549,-8.685234355276024e-05,-0.6095403560996031
OUT_BALL_P_R02,OUT,BALL,+to-,8,258.021,258.541,31.437990261827213,29.763484336648688,0.00022294528001780213,2.8849560462905064,8.207323137715207,1.097392880557598,0.5166398548697787,0.5199999999999818,0.0002986147963556569,7.566951633785479e-05,0.56832126717993
OUT_BALL_P_R02,OUT,BALL,-to+,9,258.541,259.051,29.763484336648688,27.180353328727556,0.00032206592772258654,2.590061441823145,6.986432981765508,1.03894159708056,0.5156174819985844,0.5099999999999909,0.0002684405519958381,-5.362537572674845e-05,-0.4300661067739482
OUT_BALL_P_R02,OUT,BALL,+to-,10,259.051,259.571,27.180353328727556,25.683773240021317,0.0001742389188919118,2.1650832712782546,5.344773927167807,0.948773314883393,0.5141565828661642,0.5200000000000387,0.00022578010242299052,5.1541183531078735e-05,0.4426870686327305
OUT_BALL_P_R02,OUT,BALL,-to+,11,259.571,260.081,25.683773240021317,23.42280113640287,0.00024572179237005045,1.935668833170493,4.520574218464048,0.8965328147479676,0.5133739829185092,0.5099999999999909,0.0002031460673839494,-4.257572498610104e-05,-0.3917287100737442
OUT_BALL_P_R02,OUT,BALL,+to-,12,260.081,260.601,23.42280113640287,22.062191844554192,0.00013757468745923836,1.6127266661127257,3.4404103206435073,0.8176099997401991,0.512279399774228,0.5199999999999818,0.00017172611814299832,3.4151430683759956e-05,0.3377486291987504
OUT_BALL_P_R02,OUT,BALL,-to+,13,260.601,261.111,22.062191844554192,20.107348742371524,0.0001839308965217466,1.4322178182553946,2.8804620859610646,0.7701157757882233,0.5116711445248632,0.5099999999999909,0.00015436761614420814,-2.9563280377538462e-05,-0.3141874084297194
OUT_BALL_P_R02,OUT,BALL,+to-,14,261.111,261.621,20.107348742371524,18.811344981761223,0.00011292382585109205,1.1912198905355822,2.1861272579263735,0.7018788788022483,0.5108630019908268,0.5099999999999909,0.0001313768844396279,1.8453058588535845e-05,0.21177748196500973
OUT_BALL_P_R02,OUT,BALL,-to+,15,261.621,262.13100000000003,18.811344981761223,16.984625299203977,0.00014682948580895251,1.043448163837024,1.792833828373929,0.656639813320492,0.5103696874236922,0.5100000000000477,0.00011735219931308327,-2.947728649586924e-05,-0.3667142098557766
OUT_BALL_P_R02,OUT,BALL,+to-,16,262.13100000000003,262.641,16.984625299203977,15.78293829361599,8.865528564172491e-05,0.8515205497428241,1.32225704996286,0.5928752673772728,0.5097314535137139,0.5099999999999909,9.915708433074284e-05,1.050179868901793e-05,0.1423450798992188
OUT_BALL_P_R02,OUT,BALL,-to+,17,262.641,263.151,15.78293829361599,14.178731128715343,0.0001084587161493363,0.7357511660520184,1.0622670328363066,0.5509284777253891,0.509347826412161,0.5099999999999909,8.814879972098461e-05,-2.0309916428351687e-05,-0.3003930933003129
OUT_BALL_P_R02,OUT,BALL,+to-,18,263.151,263.661,14.178731128715343,13.045654269059511,6.974756156545605e-05,0.5942400332972929,0.7712929189390776,0.4949310839021893,0.5088802706766093,0.5099999999999909,7.458492056013596e-05,4.837358994679911e-06,0.07858353897974497
OUT_BALL_P_R02,OUT,BALL,-to+,19,263.661,264.171,13.045654269059511,11.555544699373707,8.30295800671528e-05,0.5033056965388213,0.6013309939893887,0.45537924014388537,0.5085806145623675,0.5099999999999909,6.575029951866752e-05,-1.727928054848529e-05,-0.3100978668522751
OUT_BALL_P_R02,OUT,BALL,+to-,20,264.171,264.681,11.555544699373707,10.517955252670117,5.1953350074912054e-05,0.3951244763216946,0.418381883579085,0.403364603730899,0.5082249288954186,0.5099999999999909,5.502490917508707e-05,3.0715591001750163e-06,0.06134298854200804
OUT_BALL_P_R02,OUT,BALL,-to+,21,264.681,265.181,10.517955252670117,9.127116957732616,6.20586096416961e-05,0.3274716671530533,0.3157176630222805,0.36714589947305126,0.5080029377698804,0.5,4.812820551150491e-05,-1.3930404130191189e-05,-0.31219622771495625
OUT_BALL_P_R02,OUT,BALL,+to-,22,265.181,265.681,9.127116957732616,8.194874735673276,3.671795137838803e-05,0.2466986496634666,0.2064750325357152,0.31859648425408454,0.507738339245275,0.5,3.958103244585908e-05,2.863081067471051e-06,0.07269075518754407
OUT_BALL_P_R02,OUT,BALL,-to+,23,265.681,266.19100000000003,8.194874735673276,6.928790778773176,4.3577375116848357e-05,0.1989278231874103,0.14952280168902748,0.28605509185199735,0.5075820771906235,0.5100000000000477,3.427790032260877e-05,-9.29947479423959e-06,-0.27017864816765863
OUT_BALL_P_R02,OUT,BALL,+to-,24,266.19100000000003,266.69100000000003,6.928790778773176,6.064673168886281,2.55725778269194e-05,0.14225180868941437,0.090428692444963,0.2418604245428279,0.5073969038149789,0.5,2.7593219815425886e-05,2.020641988506485e-06,0.06827844221198377
OUT_BALL_P_R02,OUT,BALL,-to+,25,266.69100000000003,267.181,6.064673168886281,4.875059110210058,2.9659029954098665e-05,0.10900215915638435,0.06066032109030297,0.21169702970884746,0.5072883797003638,0.48999999999995225,2.3356218579363273e-05,-6.302811374735392e-06,-0.25279917634131216
OUT_BALL_P_R02,OUT,BALL,+to-,26,267.181,267.681,4.875059110210058,4.142557933784671,1.506123821417377e-05,0.0704481783938431,0.03152059245400279,0.17017166540502124,0.5071626443695043,0.5,1.793057909572957e-05,2.8693408815558003e-06,0.13954903493254345
OUT_BALL_N_R02,OUT,BALL,+to-,1,279.562,280.092,52.196551895709305,49.26156872283848,0.0005942293581545566,7.7325101696480285,35.59699145905172,1.8220033775364306,0.5345506504401399,0.5299999999999727,0.0008574639045295694,0.0002632345463750128,1.3000106543986336
OUT_BALL_N_R02,OUT,BALL,-to+,2,280.092,280.622,49.26156872283848,43.51690926381523,0.0010874537667532227,6.920866747820806,30.202541355436654,1.719553137821979,0.5313967196766659,0.5300000000000296,0.0007563212579267938,-0.00033113250882642895,-1.748531181478731
OUT_BALL_N_R02,OUT,BALL,+to-,3,280.622,281.152,43.51690926381523,41.15472214051659,0.00041607279891795205,5.447722999186283,21.168032408491484,1.519026693890395,0.5258379257887945,0.5299999999999727,0.0005801015160060046,0.00016402871708805255,0.9311809941590569
OUT_BALL_N_R02,OUT,BALL,-to+,4,281.152,281.672,41.15472214051659,36.9895836790403,0.0006865064233782948,4.888121108312813,18.015807532561855,1.436570808190846,0.5237798438114237,0.5200000000000387,0.0005158025357583471,-0.00017070388761994773,-1.0354583089019391
OUT_BALL_N_R02,OUT,BALL,+to-,5,281.672,282.192,36.9895836790403,35.13596799884527,0.0002853895693380811,3.9695336778993933,13.212881999364663,1.2911800482824214,0.520462560616483,0.5199999999999818,0.00041361488778069594,0.00012822531844261482,0.8327918093911033
OUT_BALL_N_R02,OUT,BALL,-to+,6,282.192,282.712,35.13596799884527,31.776171167123913,0.0004843967969885734,3.5893674539378493,11.371141462064216,1.2264766549104262,0.5191112602779652,0.5199999999999818,0.00037259247292281835,-0.00011180432406575504,-0.775368455640531
OUT_BALL_N_R02,OUT,BALL,+to-,7,282.712,283.232,31.776171167123913,30.19559362445562,0.00021282748393329997,2.9463476074825996,8.469477103162895,1.1091976210872032,0.5168535949622647,0.5200000000000387,0.0003049557861486021,9.212830221530212e-05,0.6841753030305113
OUT_BALL_N_R02,OUT,BALL,-to+,8,283.232,283.742,30.19559362445562,27.444789505572565,0.00034680532070459856,2.66470731578771,7.289360448988557,1.0540250566819174,0.5158755979354492,0.5099999999999909,0.00027603394069399684,-7.077138001060173e-05,-0.5612933112479865
OUT_BALL_N_R02,OUT,BALL,+to-,9,283.742,284.262,27.444789505572565,26.02963176852183,0.00016652269063996796,2.206906499127361,5.499857142935289,0.9580038787780558,0.5142997074471608,0.5199999999999818,0.00022993579343324555,6.341310279327759e-05,0.5388890946876045
OUT_BALL_N_R02,OUT,BALL,-to+,10,284.262,284.772,26.02963176852183,23.629659907590796,0.00026357682773843765,1.9875834887634556,4.703088949045963,0.9086055548848408,0.5135507119907002,0.5099999999999909,0.0002082443867911627,-5.5332440947274955e-05,-0.503787052731503
OUT_BALL_N_R02,OUT,BALL,+to-,11,284.772,285.29200000000003,23.629659907590796,22.309268605709093,0.000134768953377029,1.6410832255888708,3.5313175448153467,0.8248307330279168,0.5123751832652845,0.5200000000000387,0.0001744655428917919,3.9696589514762914e-05,0.38891651486806184
OUT_BALL_N_R02,OUT,BALL,-to+,12,285.29200000000003,285.802,22.309268605709093,20.19412929046723,0.00020051445389426324,1.4642205867674105,2.9773269550116193,0.7787403817628566,0.5117787982004125,0.5099999999999909,0.00015743554458562812,-4.307890930863511e-05,-0.45439477838383785
OUT_BALL_N_R02,OUT,BALL,+to-,13,285.802,286.312,20.19412929046723,18.96308346646174,0.00010789579179496336,1.201457419726117,2.214317910547847,0.704908091384159,0.5108972405552156,0.5099999999999909,0.00013235007753905614,2.4454285744092782e-05,0.279007798080705
OUT_BALL_N_R02,OUT,BALL,-to+,14,286.312,286.822,18.96308346646174,17.10565674248197,0.00015039746007770478,1.0602528784030665,1.836247843509934,0.6619364856405141,0.5104257032790358,0.5099999999999909,0.00011894545549300674,-3.145200458469804e-05,-0.38841903105645814
OUT_BALL_N_R02,OUT,BALL,+to-,15,286.822,287.332,17.10565674248197,15.931004587241596,8.735278436114404e-05,0.8636428578441997,1.3505557494236702,0.5971000617445563,0.509771682079968,0.5099999999999909,0.00010030735857574124,1.2954574214597202e-05,0.17419996552790618
OUT_BALL_N_R02,OUT,BALL,-to+,16,287.332,287.842,15.931004587241596,14.236797088100806,0.00011531292529698829,0.7495647077013744,1.092288490249062,0.5560969663953721,0.5093935473966669,0.5099999999999909,8.946520854684844e-05,-2.5847716750139856e-05,-0.3797475441153282
OUT_BALL_N_R02,OUT,BALL,+to-,17,287.842,288.35200000000003,14.236797088100806,13.18758811893918,6.505055427607211e-05,0.5991014501872508,0.7807684617404743,0.49695796825140054,0.5088963079487662,0.5100000000000477,7.505399158852697e-05,1.0003437312454863e-05,0.16134450534997372
OUT_BALL_N_R02,OUT,BALL,-to+,18,288.35200000000003,288.862,13.18758811893918,11.60283972479049,8.89711948705407e-05,0.514286549175693,0.6211017977288664,0.4603336661447485,0.5086167669598789,0.5099999999999909,6.682416527926636e-05,-2.214702959127434e-05,-0.39446869151243424
OUT_BALL_N_R02,OUT,BALL,+to-,19,288.862,289.372,11.60283972479049,10.571967460427974,5.185096268005694e-05,0.39835852805664684,0.4235259039430583,0.40501551155757354,0.5082355493974476,0.5099999999999909,5.535023987465135e-05,3.4992771945944077e-06,0.06956976231432062
OUT_BALL_N_R02,OUT,BALL,-to+,20,289.372,289.872,10.571967460427974,9.181954298132949,6.236204385988199e-05,0.3308376071392683,0.3205954038080788,0.36903128119634293,0.5080139744975224,0.5,4.8476020482921086e-05,-1.3886023376960905e-05,-0.30950367770822734
OUT_BALL_N_R02,OUT,BALL,+to-,21,289.872,290.372,9.181954298132949,8.158741196564272,4.03440870689328e-05,0.2496679932720037,0.21021261951151518,0.32051066854012994,0.5077480577597557,0.5,3.990340756990651e-05,-4.406794990262895e-07,-0.011176434463593876
OUT_BALL_N_R02,OUT,BALL,-to+,22,290.372,290.882,8.158741196564272,6.883701125213083,4.365128998658718e-05,0.1971792815414446,0.14755630143567347,0.28479379339629685,0.5075763607707138,0.5099999999999909,3.407898685247569e-05,-9.57230313411149e-06,-0.2795981111330504
OUT_BALL_N_R02,OUT,BALL,+to-,23,290.882,291.372,6.883701125213083,5.9399773909932145,2.7564974579081054e-05,0.14040779110988108,0.08867642353342987,0.2402864987164135,0.5073908829643907,0.4900000000000091,2.7365751111510055e-05,-1.992234675709987e-07,-0.006820604493433874
OUT_BALL_N_R02,OUT,BALL,-to+,24,291.372,291.872,5.9399773909932145,4.902049864473799,2.5646924067636776e-05,0.10456833670349604,0.05699761538900279,0.20734432593370833,0.5072739142094514,0.5,2.276575820260739e-05,-2.881165865029385e-06,-0.11659879611548195
OUT_BALL_N_R02,OUT,BALL,+to-,25,291.872,292.362,4.902049864473799,4.03829517307736,1.7608070141443653e-05,0.07123011190813809,0.032046779798321746,0.1711138204640192,0.507165193389924,0.4900000000000091,1.8048640526898188e-05,4.4057038545453493e-07,0.021611745678783857
OUT_BALL_P_R03,OUT,BALL,-to+,1,306.502,307.032,58.257414154211716,50.90644235213602,0.0015658121445601722,9.527467390129964,48.46620779917264,2.033567381377884,0.5417715077552215,0.5299999999999727,0.001090546556862859,-0.00047526558769731323,-2.2296852710182784
OUT_BALL_P_R03,OUT,BALL,+to-,2,307.032,307.562,50.90644235213602,47.98213324717117,0.0005810655241705856,7.37096635516536,33.15950333532344,1.7769700590429203,0.533137487640336,0.5300000000000296,0.000812068812381158,0.0002310032882105724,1.1624363720741326
OUT_BALL_P_R03,OUT,BALL,-to+,3,307.562,308.092,47.98213324717117,42.81796989497687,0.0009614212256554277,6.579328095500086,28.018080980058233,1.6748924145875501,0.5300892777337912,0.5299999999999727,0.0007146006633672316,-0.00024682056228819606,-1.32531950391298
OUT_BALL_P_R03,OUT,BALL,+to-,4,308.092,308.622,42.81796989497687,40.45684234925682,0.0004102911566513063,5.279282159265895,20.202083543425424,1.494629107374314,0.5252154182886518,0.5300000000000296,0.0005605889707824452,0.0001502978141311389,0.864866798459457
OUT_BALL_P_R03,OUT,BALL,-to+,5,308.622,309.142,40.45684234925682,36.47879462525961,0.0006471276603018562,4.7280901890214775,17.1449140932419,1.4122102079096184,0.5231965268001494,0.5199999999999818,0.0004976950961567631,-0.00014943256414509307,-0.9184130379313833
OUT_BALL_P_R03,OUT,BALL,+to-,6,309.142,309.66200000000003,36.47879462525961,34.62887375184471,0.00028133535503342753,3.862991148446829,12.687704657142998,1.2733501467391823,0.5200826001073893,0.5200000000000387,0.0004020418497002079,0.00012070649466678035,0.7936711864479271
OUT_BALL_P_R03,OUT,BALL,-to+,7,309.66200000000003,310.182,34.62887375184471,31.46322203193394,0.0004514588130136758,3.4884909830974395,10.89774031023873,1.2087757264542638,0.5187547728134436,0.5199999999999818,0.0003618352420007201,-8.962357101295572e-05,-0.6283650192651025
OUT_BALL_P_R03,OUT,BALL,+to-,8,310.182,310.692,31.46322203193394,29.826761626629633,0.00021816469831063967,2.8895152764976477,8.226699103039838,1.0982736354865354,0.5166557175073317,0.5099999999999909,0.0002990850064843389,8.092030817369921e-05,0.6069651978267848
OUT_BALL_P_R03,OUT,BALL,-to+,9,310.692,311.212,29.826761626629633,27.183402997539176,0.00032992551193000014,2.6009291023028434,7.030273462211313,1.0411503911843734,0.5156550326652467,0.5199999999999818,0.0002695441951899891,-6.038131674001104e-05,-0.48373136996294086
OUT_BALL_P_R03,OUT,BALL,+to-,10,311.212,311.732,27.183402997539176,25.776356215136413,0.0001640905314804751,2.1655634095566727,5.34654602240213,0.9488797684071093,0.5141582251666438,0.5200000000000387,0.0002258277584303411,6.173722694986601e-05,0.5293723102457948
OUT_BALL_P_R03,OUT,BALL,-to+,11,311.732,312.242,25.776356215136413,23.414759482088556,0.0002570705340556323,1.9495007439243148,4.568969953553949,0.8997645702420685,0.5134210489120904,0.5099999999999909,0.00020450311328056893,-5.256742077506339e-05,-0.4828801638667232
OUT_BALL_P_R03,OUT,BALL,+to-,12,312.242,312.752,23.414759482088556,22.10886121420635,0.0001321491370945176,1.611629158663467,3.4369076137988586,0.8173292930500151,0.5122756938516404,0.5099999999999909,0.00017162016327826858,3.9471026183750984e-05,0.3900443859032575
OUT_BALL_P_R03,OUT,BALL,-to+,13,312.752,313.272,22.10886121420635,20.05562171992803,0.00019316591643216656,1.438236254316417,2.8985975806364745,0.7717448441087442,0.511691383784192,0.5199999999999818,0.00015494427167246503,-3.822164475970153e-05,-0.40625174888047294
OUT_BALL_P_R03,OUT,BALL,+to-,14,313.272,313.782,20.05562171992803,18.92622322752364,9.856110387087332e-05,1.1851380662244135,2.1694366758404287,0.7000732650944643,0.5108426656504248,0.5099999999999909,0.0001307988552079491,3.223775133707579e-05,0.36940209552911624
OUT_BALL_P_R03,OUT,BALL,-to+,15,313.782,314.29200000000003,18.92622322752364,17.04762438876289,0.00015172469620030032,1.0561585546510064,1.8256387175470323,0.6606498205754308,0.5104120535105364,0.5100000000000477,0.00011855724598859924,-3.316745021170108e-05,-0.41064865551721924
OUT_BALL_P_R03,OUT,BALL,+to-,16,314.29200000000003,314.802,17.04762438876289,15.965855207329719,8.039089610430793e-05,0.8578198918053259,1.3369376348225608,0.5950743504543965,0.5097523568471259,0.5099999999999909,9.975486189394248e-05,1.9363965789634556e-05,0.26056470705286
OUT_BALL_P_R03,OUT,BALL,-to+,17,314.802,315.312,15.965855207329719,14.30318698939824,0.00011353733559388182,0.752834474552772,1.0994353324643782,0.557313482529171,0.509404371996826,0.5099999999999909,8.977666984321395e-05,-2.3760665750667868e-05,-0.34794473034669404
OUT_BALL_P_R03,OUT,BALL,+to-,18,315.312,315.822,14.30318698939824,13.213670294057765,6.777292649253916e-05,0.6046837960021737,0.7916964805738999,0.4992754129868291,0.5089147256707499,0.5099999999999909,7.55922856028056e-05,7.81935911026644e-06,0.12570202266494448
OUT_BALL_P_R03,OUT,BALL,-to+,19,315.822,316.332,13.213670294057765,11.67700452407202,8.66152686752204e-05,0.516317203598183,0.6247811775622353,0.46124410580855063,0.5086234534955822,0.5099999999999909,6.702251153579759e-05,-1.959275713942281e-05,-0.34759018068818137
OUT_BALL_P_R03,OUT,BALL,+to-,20,316.332,316.832,11.67700452407202,10.653868329525002,5.1819470162231237e-05,0.4034563144459082,0.43167666803855176,0.40760435143066037,0.50825229191181,0.5,5.586235690046902e-05,4.042886738237782e-06,0.07982267632312437
OUT_BALL_P_R03,OUT,BALL,-to+,21,316.832,317.342,10.653868329525002,9.272093755290626,6.252691706591663e-05,0.33597417325902146,0.3280868267744018,0.371890160848319,0.5080308186276968,0.5099999999999909,4.900574287167716e-05,-1.3521174194239472e-05,-0.2987955081407212
OUT_BALL_P_R03,OUT,BALL,+to-,22,317.342,317.842,9.272093755290626,8.28293466057097,3.947971959772255e-05,0.254587322946955,0.21645360547392897,0.3236571291668537,0.5077641599158969,0.5,4.043587462096032e-05,9.561550232377726e-07,0.023956038731083523
OUT_BALL_P_R03,OUT,BALL,-to+,23,317.842,318.342,8.28293466057097,7.054515207949142,4.2875176238163296e-05,0.20322136187013462,0.15438815115754664,0.28912896310904473,0.5075961147988252,0.5,3.4764712419861264e-05,-8.110463818302032e-06,-0.2323689737761635
OUT_BALL_P_R03,OUT,BALL,+to-,24,318.342,318.842,7.054515207949142,6.1085341266223425,2.8358965125406926e-05,0.1474569105487317,0.09543598556335753,0.24624903502144996,0.5074139001982422,0.5,2.8231250990391056e-05,-1.2771413501586979e-07,-0.004260161919670639
OUT_BALL_P_R03,OUT,BALL,-to+,25,318.842,319.332,6.1085341266223425,5.140424801622121,2.481679451911443e-05,0.1105835752343597,0.061984977606527825,0.21322806595999216,0.5072935394715132,0.4900000000000091,2.3565147512793822e-05,-1.2516470063206092e-06,-0.04882648011125989
OUT_BALL_P_R03,OUT,BALL,+to-,26,319.332,319.822,5.140424801622121,4.323541318234948,1.762575150340828e-05,0.07832306951183443,0.03695018156855573,0.17943467547896472,0.5071883177290883,0.4900000000000091,1.910130662235305e-05,1.4755551189447678e-06,0.06838553217878786
OUT_BALL_N_R03,OUT,BALL,+to-,1,339.032,339.562,52.443771344707166,49.45097389164429,0.0006078153945678237,7.802635679743008,36.076043017092495,1.830632964256388,0.5348263068882595,0.5300000000000296,0.0008663311719645983,0.0002585157773967746,1.2727505994088433
OUT_BALL_N_R03,OUT,BALL,-to+,2,339.562,340.092,49.45097389164429,44.14341007471087,0.001011563765601956,6.972067852335577,30.534481735187388,1.726164625453893,0.5315937173426174,0.5299999999999727,0.0007626192931524587,-0.00024894447244949735,-1.3057172926784049
OUT_BALL_N_R03,OUT,BALL,+to-,3,340.092,340.622,44.14341007471087,41.79818218719396,0.00041808543834069155,5.6007314688274485,22.057941548990037,1.5408956977234816,0.5264056807881863,0.5300000000000296,0.0005979428259174021,0.0001798573875767106,1.0088299591817869
OUT_BALL_N_R03,OUT,BALL,-to+,4,340.622,341.142,41.79818218719396,37.66051735707694,0.0006915701919079093,5.03782509601478,18.842994770201443,1.4590318010299588,0.5243276148487918,0.5199999999999818,0.0005328553501853835,-0.0001587148417225259,-0.9493846533830417
OUT_BALL_N_R03,OUT,BALL,+to-,5,341.142,341.66200000000003,37.66051735707694,35.90311233827049,0.0002752193309506842,4.1115268456020955,13.923463672299336,1.3146000517709313,0.5209704793982782,0.5200000000000387,0.0004291303149041348,0.00015391098395345056,0.9827555784008816
OUT_BALL_N_R03,OUT,BALL,-to+,6,341.66200000000003,342.182,35.90311233827049,32.521570914699936,0.0004972267933178476,3.7445351904128503,12.111991810807421,1.2532550440324404,0.519661303199451,0.5199999999999818,0.00038924439182231376,-0.00010798240149553388,-0.7342604525546997
OUT_BALL_N_R03,OUT,BALL,+to-,7,342.182,342.702,32.521570914699936,31.00575457924891,0.000208702688872822,3.0838281217671466,9.066227444663568,1.1352169807646757,0.5173333799219867,0.5199999999999818,0.0003192298335266731,0.00011052714465385112,0.802739851311576
OUT_BALL_N_R03,OUT,BALL,-to+,8,342.702,343.222,31.00575457924891,28.247167206378233,0.00035664652294511973,2.8073856815619394,7.879964465287318,1.0823050089464052,0.5163702323443606,0.5199999999999818,0.00029063194733199986,-6.601457561311987e-05,-0.5105598243887917
OUT_BALL_N_R03,OUT,BALL,+to-,9,343.222,343.732,28.247167206378233,26.788592583224915,0.00017625735738814558,2.336165475162583,5.98826758477153,0.9860121442253376,0.5147429373658828,0.5100000000000477,0.00024283779329778885,6.658043590964326e-05,0.5509552248740875
OUT_BALL_N_R03,OUT,BALL,-to+,10,343.732,344.252,26.788592583224915,24.458910606588653,0.00026349762612335847,2.1038315349033447,5.120297978992277,0.9350982851052156,0.5139472242589507,0.5199999999999818,0.00021971045023026428,-4.378717589309419e-05,-0.38711228242797907
OUT_BALL_N_R03,OUT,BALL,+to-,11,344.252,344.762,24.458910606588653,23.133489989666728,0.00013987351954991442,1.7571688974914867,3.911519127303011,0.853777043071871,0.512767958029563,0.5099999999999909,0.00018571819408342227,4.584467453350784e-05,0.43440761446541193
OUT_BALL_N_R03,OUT,BALL,-to+,12,344.762,345.272,23.133489989666728,20.994576027847486,0.00021013934755420024,1.5734709673907392,3.315860526289315,0.8075111355936668,0.5121469047356814,0.5099999999999909,0.0001679395793918549,-4.2199768162345345e-05,-0.42950753019989313
OUT_BALL_N_R03,OUT,BALL,+to-,13,345.272,345.79200000000003,20.994576027847486,19.863889711811446,0.00010322561472470625,1.2979088521581785,2.4856965986120465,0.7328489534924227,0.511220210495304,0.5200000000000387,0.00014153244149986313,3.830682677515688e-05,0.419588705198604
OUT_BALL_N_R03,OUT,BALL,-to+,14,345.79200000000003,346.302,19.863889711811446,17.945040458156964,0.00016259911805725988,1.1627282610907026,2.1083032760953904,0.6933805554482746,0.5107677565067658,0.5099999999999909,0.00012866970046648685,-3.392941759077303e-05,-0.4003859052756961
OUT_BALL_N_R03,OUT,BALL,+to-,15,346.302,346.812,17.945040458156964,16.923857116131575,8.002491838302599e-05,0.9500363373611831,1.5578883033540034,0.6264000807968615,0.5100587067070365,0.5099999999999909,0.00010849873178348806,2.8473813400462067e-05,0.36334431399290645
OUT_BALL_N_R03,OUT,BALL,-to+,16,346.812,347.322,16.923857116131575,15.28500019311906,0.00011889944288420578,0.8454659696500004,1.308197632665799,0.5907540576271366,0.5097113652167109,0.5099999999999909,9.858244900484237e-05,-2.0316993879363412e-05,-0.28003084117978955
OUT_BALL_N_R03,OUT,BALL,+to-,17,347.322,347.832,15.28500019311906,14.267193176065186,6.789480945211453e-05,0.6902286631398201,0.9653205727037025,0.5335471590757934,0.5091972547858135,0.5099999999999909,8.380272692346861e-05,1.590791747135408e-05,0.23847150130607445
OUT_BALL_N_R03,OUT,BALL,-to+,18,347.832,348.342,14.267193176065186,12.790292268139984,9.036402052856128e-05,0.6016541012928482,0.7857592799589496,0.49801899188080906,0.5089047295695743,0.5099999999999909,7.530018275097196e-05,-1.5063837777589315e-05,-0.24619510766496555
OUT_BALL_N_R03,OUT,BALL,+to-,19,348.342,348.842,12.790292268139984,11.73127339624224,5.882175066161598e-05,0.4838453687722299,0.5668195333608408,0.4464654247428323,0.5085165672011674,0.5,6.384149137716353e-05,5.019740715547547e-06,0.09037344890645221
OUT_BALL_N_R03,OUT,BALL,-to+,20,348.842,349.35200000000003,11.73127339624224,10.453152230240056,6.431419348909047e-05,0.40720693633715177,0.43770637589490446,0.409498692432089,0.508264611206303,0.5100000000000477,5.623860698983771e-05,-8.075586499252755e-06,-0.1604834557377349
OUT_BALL_N_R03,OUT,BALL,+to-,21,349.35200000000003,349.85200000000003,10.453152230240056,9.445188222044997,4.554947768864357e-05,0.3234558555031338,0.30993080488482216,0.3648838472597547,0.5079897712484791,0.5,4.771250031860255e-05,2.1630226299589752e-06,0.04786489232262819
OUT_BALL_N_R03,OUT,BALL,-to+,22,349.85200000000003,350.362,9.445188222044997,8.22431326423373,4.904297105112171e-05,0.2641678953821841,0.2287812022214414,0.32969926589054893,0.5077955245814384,0.5099999999999909,4.146733631877848e-05,-7.5756347323432314e-06,-0.18858416531423497
OUT_BALL_N_R03,OUT,BALL,+to-,23,350.362,350.862,8.22431326423373,7.287290636130748,3.3073997549314135e-05,0.2003580734841882,0.15113776726113498,0.287082690352642,0.5075867532041475,0.5,3.4440318906312194e-05,1.3663213569980597e-06,0.03870895132796998
OUT_BALL_N_R03,OUT,BALL,-to+,24,350.862,351.35200000000003,7.287290636130748,6.1953389128049245,3.35259302588703e-05,0.1573402910469567,0.10518764396129889,0.2543744303004672,0.5074461781993156,0.4900000000000091,2.9427320628090285e-05,-4.098609630780018e-06,-0.13349118380525654
OUT_BALL_N_R03,OUT,BALL,+to-,25,351.35200000000003,351.85200000000003,6.1953389128049245,5.317270160289044,2.3034513577868682e-05,0.11374685415241051,0.06466309814157258,0.21625812461074365,0.5073038610228657,0.5,2.3980545106958643e-05,9.460315290899611e-07,0.03606208539417877
OUT_BALL_N_R03,OUT,BALL,-to+,26,351.85200000000003,352.342,5.317270160289044,4.454211251508624,1.9225699595087793e-05,0.08380238628180582,0.04089415637451706,0.1856077430301809,0.5072061838312221,0.48999999999995225,1.98939413721328e-05,6.682417770450071e-07,0.029997689474254307
OUT_BALL_P_R04,OUT,BALL,-to+,1,372.812,373.35200000000003,58.82768360262831,51.86414335398452,0.0014973245055579026,9.70424438278849,49.79889550542573,2.053473540374687,0.5425018358112261,0.5400000000000205,0.0011141650323031993,-0.0003831594732547033,-1.780846139246458
OUT_BALL_P_R04,OUT,BALL,+to-,2,373.35200000000003,373.882,51.86414335398452,48.533073261238314,0.0006692676266155033,7.638646351685295,34.958942283342125,1.8104001305067294,0.5341824764879733,0.5299999999999727,0.0008456265084303089,0.00017635888181480558,0.877647508101007
OUT_BALL_P_R04,OUT,BALL,-to+,3,373.882,374.41200000000003,48.533073261238314,43.40228669359573,0.0009644965813561183,6.725471548144395,28.946424352158065,1.6941238490404613,0.5306473210542662,0.5300000000000296,0.0007323905931445123,-0.000232105988211606,-1.2343106677449758
OUT_BALL_P_R04,OUT,BALL,+to-,4,374.41200000000003,374.932,43.40228669359573,40.870985684508405,0.0004441517116947957,5.419935821629521,21.007686351185097,1.5150256113955374,0.5257350518538401,0.5199999999999818,0.0005768732977247772,0.00013272158602998152,0.7563428311057391
OUT_BALL_P_R04,OUT,BALL,-to+,5,374.932,375.452,40.870985684508405,36.95290754465832,0.0006435751220704647,4.822763641373585,17.65844902031977,1.42666653746028,0.5235413353033728,0.5199999999999818,0.0005083920978898734,-0.00013518302418059132,-0.8228323913545869
OUT_BALL_P_R04,OUT,BALL,+to-,6,375.452,375.972,36.95290754465832,35.11416700397222,0.0002829011118953789,3.9618386375210815,13.174719716594254,1.2898998096786825,0.5204350850138993,0.5199999999999818,0.00041277704429571946,0.00012987593240034058,0.8441037676658671
OUT_BALL_P_R04,OUT,BALL,-to+,7,375.972,376.492,35.11416700397222,31.856790070874368,0.0004699992469648542,3.5850028179732307,11.350523365192299,1.225715656628936,0.5190958181521979,0.5200000000000387,0.0003721259201646196,-9.787332680023461e-05,-0.6782295627824739
OUT_BALL_P_R04,OUT,BALL,+to-,8,376.492,377.012,31.856790070874368,30.224318113213513,0.00022016386405641195,2.9610733511046754,8.53275876009133,1.112011751706791,0.516904910355066,0.5199999999999818,0.0003064798095624303,8.631594550601834e-05,0.6399941924884918
OUT_BALL_P_R04,OUT,BALL,-to+,9,377.012,377.532,30.224318113213513,27.472768311841165,0.0003472112521591967,2.669705302506722,7.309793363153556,1.0550277304914721,0.5158928966186699,0.5199999999999818,0.00027654344072742794,-7.066781143176873e-05,-0.5599683669778681
OUT_BALL_P_R04,OUT,BALL,+to-,10,377.532,378.04200000000003,27.472768311841165,26.122014926161103,0.00015927585668975083,2.211354167837359,5.516434997972919,0.9589805233583852,0.5143149362096749,0.5100000000000477,0.0002303782691844441,7.110241249469327e-05,0.6029765107524889
OUT_BALL_P_R04,OUT,BALL,-to+,11,378.04200000000003,378.562,26.122014926161103,23.694019300029403,0.00026744212579825225,2.00156294480753,4.752641111613134,0.9118303354332293,0.5135983377845813,0.5199999999999818,0.0002096195815342021,-5.782254426405016e-05,-0.5249075091064564
OUT_BALL_P_R04,OUT,BALL,+to-,12,378.562,379.072,23.694019300029403,22.440489468688074,0.0001284598808282324,1.6499547549254616,3.5599187161112105,0.8270772996331905,0.5124051626722866,0.5099999999999909,0.00017532332401239177,4.686344318415936e-05,0.4572910394486734
OUT_BALL_P_R04,OUT,BALL,-to+,13,379.072,379.582,22.440489468688074,20.303031994615296,0.0002037212935464357,1.4813573250820145,3.029629237301899,0.7833208539754397,0.5118364769749256,0.5099999999999909,0.00015907998160395568,-4.464131194248001e-05,-0.46835247873914515
OUT_BALL_P_R04,OUT,BALL,+to-,14,379.582,380.092,20.303031994615296,19.24789621205559,9.337133965627871e-05,1.2143654517106486,2.2500321225160604,0.7087095128875771,0.5109404218820717,0.5099999999999909,0.00013357749585923782,4.020615620295911e-05,0.4543402160277513
OUT_BALL_P_R04,OUT,BALL,-to+,15,380.092,380.612,19.24789621205559,17.329790097758895,0.00015742737481291968,1.0921513333930648,1.9195958353010065,0.6718783259650294,0.5105320911213173,0.5200000000000387,0.00012197064376151393,-3.545673105140575e-05,-0.4319871108648955
OUT_BALL_P_R04,OUT,BALL,+to-,16,380.612,381.122,17.329790097758895,16.308205395085487,7.731351174404049e-05,0.8863146871013127,1.404011918481346,0.6049237917708055,0.5098469497374466,0.5099999999999909,0.00010245790722896044,2.5144395484919948e-05,0.3322419192929244
OUT_BALL_P_R04,OUT,BALL,-to+,17,381.122,381.632,16.308205395085487,14.585274633339484,0.00012002077490185317,0.7853281051387504,1.171291911300276,0.5692637584714888,0.5095119863937596,0.5099999999999909,9.286918605192996e-05,-2.7151588849923207e-05,-0.389753733592008
OUT_BALL_P_R04,OUT,BALL,+to-,18,381.632,382.132,14.585274633339484,13.671522158100501,5.8337600945707375e-05,0.6286886976780007,0.8392591698717589,0.5091221293187654,0.5089939512028758,0.5,7.790314259974079e-05,1.9565541654033414e-05,0.3064553969482435
OUT_BALL_P_R04,OUT,BALL,-to+,19,382.132,382.642,13.671522158100501,12.10897284973236,9.117033662830959e-05,0.5526096125861103,0.6917434380681254,0.477226150836429,0.5087430090702032,0.5099999999999909,7.055576260866338e-05,-2.0614574019646204e-05,-0.3532979187505275
OUT_BALL_P_R04,OUT,BALL,+to-,20,382.642,383.152,12.10897284973236,11.25706842456546,4.512011099439223e-05,0.4337878002816124,0.4812270708715626,0.4226828905248605,0.5083519487193332,0.5099999999999909,5.889297144741694e-05,1.3772860453024712e-05,0.2600404216682279
OUT_BALL_P_R04,OUT,BALL,-to+,21,383.152,383.66200000000003,11.25706842456546,9.824812054066438,6.852956836388357e-05,0.3750167613116923,0.3868723612965094,0.39294581626191644,0.5081589133722626,0.5100000000000477,5.299404750242152e-05,-1.5535520861462047e-05,-0.3246813006581795
OUT_BALL_P_R04,OUT,BALL,+to-,22,383.66200000000003,384.16200000000003,9.824812054066438,8.983300272056043,3.5963477633710734e-05,0.2857964650942438,0.2574330991032144,0.342950637466173,0.5078663566729926,0.5,4.3771189586481156e-05,7.807711952770421e-06,0.18269152422000998
OUT_BALL_P_R04,OUT,BALL,-to+,23,384.16200000000003,384.672,8.983300272056043,7.7095065849168,4.8360891634815695e-05,0.23899528598096223,0.1968833212571904,0.31357633488536063,0.5077131295548701,0.5099999999999909,3.874114107298776e-05,-9.619750561827937e-06,-0.2533726069580862
OUT_BALL_P_R04,OUT,BALL,+to-,24,384.672,385.172,7.7095065849168,6.903930409181692,2.6797203316551716e-05,0.17608294048880058,0.12452667696196536,0.2691125472219639,0.5075074093197564,0.5,3.1646394455934674e-05,4.849191139382957e-06,0.1457749389502934
OUT_BALL_P_R04,OUT,BALL,-to+,25,385.172,385.672,6.903930409181692,5.74458996965772,3.340203456575954e-05,0.141233617341258,0.08945974892115692,0.24099263393755976,0.5073935793157557,0.5,2.7467715808262703e-05,-5.934318757496836e-06,-0.20596884109835747
OUT_BALL_P_R04,OUT,BALL,+to-,26,385.672,386.172,5.74458996965772,5.046375542027615,1.7171816076626752e-05,0.09780575803136006,0.05155961065954155,0.20052401829513672,0.5072518538558948,0.5,2.1850963559750847e-05,4.679147483124096e-06,0.19025524452675793
IN_SP00_P_R01,IN,SP00,-to+,1,8.379,8.729000000000001,53.57355096851081,51.92376620939804,0.0005245149030422291,12.640915655603209,92.70674010047087,1.870069712771021,0.34464890531808307,0.3500000000000014,0.0003291314892339961,-0.000195383413808233,-0.6145286643807936
IN_SP00_P_R01,IN,SP00,+to-,2,8.729000000000001,9.069,51.92376620939804,51.15323218334293,0.0002409927635720169,11.908152085390055,84.86313572618685,1.8124813607795425,0.3434545668150654,0.33999999999999986,0.00031288183114799325,7.188906757597634e-05,0.2298515292341259
IN_SP00_P_R01,IN,SP00,-to+,3,9.069,9.419,51.15323218334293,49.39418432201662,0.0005403636433674389,11.572326268183836,81.34215869048158,1.7855846492729235,0.34291213216895083,0.34999999999999964,0.000305466917714591,-0.00023489672565284793,-0.7646301904047693
IN_SP00_P_R01,IN,SP00,+to-,4,9.419,9.759,49.39418432201662,48.79291222833455,0.00018151119644096254,10.821240936897262,73.64055813005172,1.724182295512306,0.3417099671928221,0.33999999999999986,0.0002889517642092436,0.00010744056776828105,0.355904869581689
IN_SP00_P_R01,IN,SP00,-to+,5,9.759,10.099,48.79291222833455,47.09086847816198,0.0005047430279063293,10.569536327310988,71.11444082115014,1.7031939400420824,0.3413104529994661,0.33999999999999986,0.00028343703368532996,-0.0002213059942209993,-0.7462384098396952
IN_SP00_P_R01,IN,SP00,+to-,6,10.099,10.439,47.09086847816198,46.58246773254307,0.00014811994673241495,9.871139634555483,64.2541652348838,1.643781405135076,0.34021060605771325,0.33999999999999986,0.0002681823114343182,0.00012006236470190327,0.41209571589534416
IN_SP00_P_R01,IN,SP00,-to+,7,10.439,10.779,46.58246773254307,44.98967818362375,0.0004559800655059928,9.666616975962762,62.28752712133811,1.6260348712737878,0.3398909056775607,0.33999999999999986,0.00026372686813716333,-0.00019225319736882948,-0.6715403729821576
IN_SP00_P_R01,IN,SP00,+to-,8,10.779,11.119,44.98967818362375,44.39746181794578,0.0001663670928451102,9.03820484888444,56.36870965554396,1.570436027433793,0.33891525826731417,0.33999999999999986,0.00025006548646291015,8.369839361779995e-05,0.29793955634560076
IN_SP00_P_R01,IN,SP00,-to+,9,11.119,11.459,44.39746181794578,42.904468019235736,0.0004116230622824264,8.809372958870865,54.260862448164715,1.5497637765032424,0.3385624516501091,0.33999999999999986,0.00024509981250648075,-0.00016652324977594566,-0.6039776879831613
IN_SP00_P_R01,IN,SP00,+to-,10,11.459,11.809000000000001,42.904468019235736,41.31149470862891,0.0004266304270284377,8.244219942552682,49.16697903580641,1.497648461504547,0.3376966817934968,0.3500000000000014,0.000232850911962224,-0.00019377951506621368,-0.7235200166522084
IN_SP00_P_R01,IN,SP00,-to+,11,11.809000000000001,12.129,41.31149470862891,40.970544570400634,8.959811173340265e-05,7.659980113063601,44.07390481185965,1.4420432031715802,0.33680989114986143,0.3199999999999985,0.00022020081437623503,0.00013060270264283238,0.4969852930734384
IN_SP00_P_R01,IN,SP00,+to-,12,12.129,12.469,40.970544570400634,40.33205665349964,0.00016613960157570016,7.537476554049191,43.02894979866211,1.4301417981771536,0.3366249950829873,0.33999999999999986,0.00021754858295083121,5.1408981375131055e-05,0.1975678482249034
IN_SP00_P_R01,IN,SP00,-to+,13,12.469,12.809000000000001,40.33205665349964,39.05686898969471,0.0003253094857075396,7.310498845670492,41.11435608047722,1.407854365408909,0.3362833649613407,0.34000000000000163,0.00021263362156879358,-0.00011267586413874601,-0.44167143227485334
IN_SP00_P_R01,IN,SP00,+to-,14,12.809000000000001,13.139000000000001,39.05686898969471,38.4482212696757,0.00015217676630204814,6.866730291031964,37.453526836564635,1.363341918780488,0.33561897460169354,0.33000000000000007,0.0002030172303468841,5.0840464044835945e-05,0.20334107355391873
IN_SP00_P_R01,IN,SP00,-to+,15,13.139000000000001,13.479000000000001,38.4482212696757,37.31253599496118,0.00027852805143687386,6.659439891084418,35.78175214038108,1.342096105382311,0.33531021895082114,0.33999999999999986,0.00019851990423690364,-8.000814719997021e-05,-0.3262241870750753
IN_SP00_P_R01,IN,SP00,+to-,16,13.479000000000001,13.809000000000001,37.31253599496118,36.637588836465596,0.0001621505591323259,6.280530312119122,32.79064106525422,1.3024532107619418,0.3347484306281086,0.33000000000000007,0.0001902854913570211,2.8134932224695196e-05,0.1171101898275984
IN_SP00_P_R01,IN,SP00,-to+,17,13.809000000000001,14.149000000000001,36.637588836465596,35.605804471174906,0.0002429448436315332,6.0602324958009754,31.090991662950273,1.278893110376486,0.3344233352960841,0.33999999999999986,0.00018548729872173305,-5.745754490980016e-05,-0.2440183318037714
IN_SP00_P_R01,IN,SP00,+to-,18,14.149000000000001,14.479000000000001,35.605804471174906,34.95039891685761,0.0001511935246922425,5.7305669592307025,28.603148616882752,1.242877041686641,0.33393892526104074,0.33000000000000007,0.00017828764992924506,2.7094125237002567e-05,0.11744909968593377
IN_SP00_P_R01,IN,SP00,-to+,19,14.479000000000001,14.819,34.95039891685761,33.96967954238258,0.00022164888565405147,5.525644596728576,27.091082040557662,1.2199990719692504,0.33363906051019043,0.33999999999999986,0.00017379796732136423,-4.7850918332687235e-05,-0.21172111771796095
IN_SP00_P_R01,IN,SP00,+to-,20,14.819,15.149000000000001,33.96967954238258,33.26111045962291,0.00015668472453989117,5.225561405895427,24.925729309053885,1.1857655077238733,0.3332016585992838,0.33000000000000007,0.00016719897943482515,1.0514254894933978e-05,0.04754789270860527
IN_SP00_P_R01,IN,SP00,-to+,21,15.149000000000001,15.479000000000001,33.26111045962291,32.49270305690313,0.00016660807347160044,5.013668009280894,23.43258868609719,1.1610317807798884,0.33289401995848805,0.33000000000000007,0.0001625186307407222,-4.089442730878252e-06,-0.01886063773772596
IN_SP00_P_R01,IN,SP00,+to-,22,15.479000000000001,15.809000000000001,32.49270305690313,31.709484980787572,0.00016624632319405287,4.788568967338949,21.879750558760385,1.1342093024315723,0.3325683050251705,0.33000000000000007,0.0001575244050115466,-8.721918182506264e-06,-0.04109029698251765
IN_SP00_P_R01,IN,SP00,-to+,23,15.809000000000001,16.139,31.709484980787572,30.97078444219773,0.00015346382170624109,4.564177825292244,20.366841698944945,1.106869834052868,0.3322447316335831,0.3299999999999983,0.00015251953715211713,-9.442845541239532e-07,-0.004545297189955343
IN_SP00_P_R01,IN,SP00,+to-,24,16.139,16.479,30.97078444219773,30.21147525367285,0.00015434551270858537,4.357233354934656,19.003368609862424,1.0810843208835716,0.33194729910669707,0.33999999999999986,0.00014787689762580438,-6.468615082780993e-06,-0.03182238887652509
IN_SP00_P_R01,IN,SP00,-to+,25,16.479,16.809,30.21147525367285,29.557012494972795,0.00013024720690170305,4.14928649764669,17.66482876182104,1.0545794301227607,0.3316493699905926,0.33000000000000185,0.00014318191338794737,1.2934706486244325e-05,0.0649936215181184
IN_SP00_P_R01,IN,SP00,+to-,26,16.809,17.139,29.557012494972795,28.749952742599323,0.0001570379545330501,3.9739518450123543,16.56139037722617,1.0317343701807584,0.3313988962946318,0.3299999999999983,0.0001391968343218259,-1.7841120211224215e-05,-0.09168949675670011
IN_SP00_P_R01,IN,SP00,-to+,27,17.139,17.469,28.749952742599323,28.221016230469683,0.00010076305426019203,3.762728140478115,15.263488043025204,1.003562670302264,0.33109803708122915,0.33000000000000185,0.00013435956828347135,3.3596514023279326e-05,0.1763578920365853
IN_SP00_P_R01,IN,SP00,+to-,28,17.469,17.799,28.221016230469683,27.367355954647085,0.00015899471297680553,3.627297803794644,14.4497998595518,0.9850993029609096,0.330905640759197,0.3299999999999983,0.00013123456032403336,-2.776015265277217e-05,-0.14904596472083195
IN_SP00_P_R01,IN,SP00,-to+,29,17.799,18.129,27.367355954647085,26.869715854667504,9.060637812404891e-05,3.413761161266075,13.196976896729279,0.9553009379477352,0.3306030827173499,0.33000000000000185,0.00012626508266609017,3.565870454204126e-05,0.1958487457935936
IN_SP00_P_R01,IN,SP00,+to-,30,18.129,18.459,26.869715854667504,26.015585281167734,0.00015191960892370715,3.2921601987797176,12.500417885453013,0.9379300214785402,0.3304312222088344,0.3299999999999983,0.00012340952359146437,-2.8510085332242774e-05,-0.16028944666838532
IN_SP00_P_R01,IN,SP00,-to+,31,18.459,18.789,26.015585281167734,25.583349619025295,7.513983828408043e-05,3.088413652143355,11.361544347179805,0.9081152399795034,0.3301439677178104,0.33000000000000185,0.00011857780942621133,4.34379711421309e-05,0.2498727189932859
IN_SP00_P_R01,IN,SP00,+to-,32,18.789,19.119,25.583349619025295,24.686053929442473,0.00015223040877595262,2.987705485207347,10.811988159150863,0.8930273690816567,0.3300023072948186,0.3299999999999983,0.00011616551886981427,-3.606488990613835e-05,-0.21257605375152278
IN_SP00_P_R01,IN,SP00,-to+,33,19.119,19.449,24.686053929442473,24.358631706805475,5.428065318118904e-05,2.7838068999879693,9.727212535244762,0.8617058407873102,0.3297161484296853,0.33000000000000185,0.00011122646578236761,5.694581260117857e-05,0.34349806180441816
IN_SP00_P_R01,IN,SP00,+to-,34,19.449,19.779,24.358631706805475,23.407334436121463,0.00015383884711767053,2.7111457068239,9.349870905858063,0.8502766491288831,0.3296143837526607,0.3299999999999983,0.00010944687407608263,-4.43919730415879e-05,-0.27450464252852846
IN_SP00_P_R01,IN,SP00,-to+,35,19.779,20.109,23.407334436121463,23.134825416406013,4.3003785629246535e-05,2.5053355561004267,8.308200606172953,0.8170701100515396,0.3293267374638723,0.33000000000000185,0.00010434341767210449,6.133963204285796e-05,0.3887003666723476
IN_SP00_P_R01,IN,SP00,+to-,36,20.109,20.439,23.134825416406013,22.184218605927075,0.0001462791535260137,2.447835923992189,8.024506994893743,0.8075577507807062,0.32924653189216135,0.3299999999999983,0.00010289950011060372,-4.337965341540999e-05,-0.28190292336201156
IN_SP00_P_R01,IN,SP00,-to+,37,20.439,20.769000000000002,22.184218605927075,21.95003530468261,3.5142074598396935e-05,2.2523532446844987,7.084750879312747,0.7743753133112278,0.3289743679821364,0.33000000000000185,9.792372631410648e-05,6.278165171570954e-05,0.4183704118330846
IN_SP00_P_R01,IN,SP00,+to-,38,20.769000000000002,21.099,21.95003530468261,20.936553563958135,0.00014798989760995114,2.2054145861222363,6.864914934148372,0.7662007739914165,0.3289091345061733,0.3299999999999983,9.671224544484082e-05,-5.127765216511032e-05,-0.35116104208954013
IN_SP00_P_R01,IN,SP00,-to+,39,21.099,21.429000000000002,20.936553563958135,20.772026089827236,2.3394746952108205e-05,2.0078490468959305,5.965164117843369,0.7308235874224454,0.3286350631531067,0.33000000000000185,9.15325740423126e-05,6.813782709020439e-05,0.47919051038321053
IN_SP00_P_R01,IN,SP00,+to-,40,21.429000000000002,21.759,20.772026089827236,19.742362130823608,0.00014239658443095107,1.9766322769176619,5.826859222621525,0.7250804951552974,0.3285918312652296,0.3299999999999983,9.070122220356249e-05,-5.1695362227388586e-05,-0.3738020491908977
IN_SP00_P_R01,IN,SP00,-to+,41,21.759,22.079,19.742362130823608,19.64402274233956,1.3236558162982139e-05,1.7867139169007673,5.008978311432221,0.6891384426078309,0.3283292443385549,0.3200000000000003,8.555679339979478e-05,7.232023523681264e-05,0.5372942684721258
IN_SP00_P_R01,IN,SP00,+to-,42,22.079,22.409,19.64402274233956,18.59929790440061,0.00013669288705637966,1.7690676513464176,4.935083540628254,0.685705750380942,0.32830488346634695,0.3299999999999983,8.507063761801404e-05,-5.162224943836562e-05,-0.3945362500581241
IN_SP00_P_R01,IN,SP00,-to+,43,22.409,22.739,18.59929790440061,18.556858726342533,5.400665742346001e-06,1.5869125513625753,4.193948856643013,0.6492379739821444,0.32805378651365696,0.33000000000000185,7.995968270572896e-05,7.455901696338296e-05,0.5858950498638987
IN_SP00_P_R01,IN,SP00,+to-,44,22.739,23.069,18.556858726342533,17.456312060923818,0.00013588667332855594,1.579718557179605,4.165506216080562,0.6477565672042371,0.3280438835767135,0.3299999999999983,7.975410307951947e-05,-5.6132570249036465e-05,-0.45461090337918786
IN_SP00_P_R01,IN,SP00,-to+,45,23.069,23.329,17.456312060923818,14.264142518384126,0.0003484135974673961,1.3987811648273911,3.4716642421108403,0.6093402414374351,0.3277951575939255,0.26000000000000156,7.447655454532037e-05,-0.0002739370429220757,-2.509489866260065
IN_SP00_P_R01,IN,SP00,+to-,48,24.049,24.379,16.39476933309011,15.285762304919118,0.00012090935893777966,1.2345358805213946,2.8792059907080754,0.5722854099348347,0.32756994940693274,0.33000000000000185,6.948016257249276e-05,-5.1429196365286904e-05,-0.4717124496153716
IN_SP00_P_R01,IN,SP00,+to-,50,24.699,25.029,15.347994423480271,14.232168351468596,0.00011377394187151128,1.082494976467373,2.3645704098162743,0.5357460725349192,0.32736195846454724,0.3299999999999983,6.463855602616333e-05,-4.913538584534795e-05,-0.48188255824687615
IN_SP00_P_R01,IN,SP00,+to-,52,25.359,25.689,14.327690470218668,13.163094765231731,0.0001105267724860192,0.943808955741507,1.9254278822915298,0.5001307458238606,0.32717264020583897,0.3299999999999983,5.999595810241622e-05,-5.053081438360297e-05,-0.5324226433575427
IN_SP00_P_R01,IN,SP00,+to-,54,26.009,26.339000000000002,13.32536473103933,12.164781724271327,0.00010226808348663498,0.8167351962527538,1.5502555524715869,0.4651429771715299,0.32699951020325174,0.33000000000000185,5.550408263986652e-05,-4.6764000846768464e-05,-0.5306892923271637
IN_SP00_P_R01,IN,SP00,+to-,56,26.669,26.989,12.29809096256893,11.133716464610334,9.443799815837367e-05,0.6959533530143669,1.2196291904308676,0.42928435801317305,0.3268352498271012,0.3200000000000003,5.0966443569827366e-05,-4.34715545885463e-05,-0.5359738614106689
IN_SP00_P_R01,IN,SP00,+to-,58,27.319,27.639,11.30079599164782,10.126776213305343,8.71752950022925e-05,0.5878752684918683,0.9470077743990397,0.39447219630086416,0.32668851110535635,0.3200000000000003,4.6620490893791935e-05,-4.055480410850056e-05,-0.5461559860109423
IN_SP00_P_R01,IN,SP00,+to-,60,27.969,28.289,10.32042528845016,9.080011521634608,8.347942176558715e-05,0.4904655779979738,0.7217718319268062,0.3602508029790816,0.3265564545403171,0.3200000000000003,4.240069487126278e-05,-4.107872689432438e-05,-0.6103734573873011
IN_SP00_P_R01,IN,SP00,+to-,62,28.619,28.949,9.351966022877477,8.07460904745829,7.729057613975225e-05,0.40285669568670207,0.5373635012868113,0.3264451972677026,0.32643784432793477,0.33000000000000185,3.827885307587592e-05,-3.9011723063876334e-05,-0.6447210912893364
IN_SP00_P_R01,IN,SP00,+to-,64,29.269000000000002,29.599,8.360124434175955,7.068638206095926,6.924448848246875e-05,0.3220263209579638,0.3840875203171162,0.29182339450559674,0.32632854498709235,0.3299999999999983,3.41011064511047e-05,-3.5143382031364055e-05,-0.6554490335718975
IN_SP00_P_R01,IN,SP00,+to-,66,29.919,30.249000000000002,7.368920671939859,6.034982857817698,6.218029168299158e-05,0.2502540652292733,0.2631540036545972,0.2572238560872469,0.32623160143164753,0.33000000000000185,2.99655642447104e-05,-3.2214727438281175e-05,-0.6910786589218681
IN_SP00_P_R01,IN,SP00,+to-,68,30.569,30.929000000000002,6.36174663418816,5.052759789852872,5.1993737035747356e-05,0.18656125230424678,0.16939885510528344,0.22206684988850128,0.3261456552631518,0.360000000000003,2.5799087777952372e-05,-2.6194649257794985e-05,-0.659458379679999
IN_SP00_P_R01,IN,SP00,+to-,70,31.219,31.589000000000002,5.337638428665347,4.040521900426775,4.2353465840736183e-05,0.13135590406204925,0.10008923575907139,0.18631872972237357,0.3260712260537569,0.370000000000001,2.159445024776479e-05,-2.0759015592971395e-05,-0.6357516835782986
IN_SP00_P_R02,IN,SP00,-to+,1,49.729,50.089,62.713898767176175,60.061013385795455,0.0009301501342109637,17.022234312582768,143.83121905788119,2.189128040499274,0.3521165328648495,0.35999999999999943,0.00042855816573435235,-0.0005015919684766113,-1.4304649228764397
IN_SP00_P_R02,IN,SP00,+to-,2,50.089,50.439,60.061013385795455,59.70636092537929,0.00012253547214168575,15.696724569060075,127.64319522263473,2.096524871333036,0.34979583076768705,0.3500000000000014,0.0003980464792011182,0.00027551100705943245,0.7974058354660748
IN_SP00_P_R02,IN,SP00,-to+,3,50.439,50.789,59.70636092537929,57.34400270609634,0.0008047051994101509,15.522754702148493,125.56305422475957,2.084145165063914,0.3494953286973259,0.3500000000000014,0.00039407041287638434,-0.00041063478653376656,-1.2054075860893672
IN_SP00_P_R02,IN,SP00,+to-,4,50.789,51.139,57.34400270609634,57.04234619992124,0.00010127216622125501,14.38395447965044,112.21130719982796,2.0016833069878386,0.3475509882890078,0.3500000000000014,0.00036820354814960784,0.00026693138192835286,0.7950999575291113
IN_SP00_P_R02,IN,SP00,-to+,5,51.139,51.479,57.04234619992124,54.83079458929248,0.0007317433239057416,14.241084128842045,110.56936981016261,1.9911535085022025,0.34730979814711127,0.3399999999999963,0.00036497772758691763,-0.000366765596318824,-1.1084087369680584
IN_SP00_P_R02,IN,SP00,+to-,6,51.479,51.829,54.83079458929248,54.45210753792812,0.00012335808031848825,13.211695997440074,98.9652130095425,1.9139557941356915,0.3455896269704636,0.3500000000000014,0.0003418593448805658,0.00021850126456207755,0.6707582411954636
IN_SP00_P_R02,IN,SP00,-to+,7,51.829,52.169000000000004,54.45210753792812,52.46161272923156,0.0006387264456970865,13.038661526395417,97.05442439281812,1.9007371223737377,0.3453034696101567,0.3400000000000034,0.00033799415103789453,-0.00030073229465919196,-0.9371397928265602
IN_SP00_P_R02,IN,SP00,+to-,8,52.169000000000004,52.519,52.46161272923156,52.04998249723801,0.00013001261222930524,12.144995625630559,87.37443941668106,1.8312557460625183,0.34383897679074693,0.3499999999999943,0.000318123263424886,0.00018811065119558073,0.5955719459811318
IN_SP00_P_R02,IN,SP00,-to+,9,52.519,52.859,52.04998249723801,50.20899657351634,0.0005724881212734494,11.963553283651512,85.44849746359759,1.8168871403644473,0.34354434800778355,0.3400000000000034,0.00031410697686696165,-0.00025838114440648776,-0.8308566938537777
IN_SP00_P_R02,IN,SP00,+to-,10,52.859,53.199,50.20899657351634,49.702137692201745,0.00015498722542946731,11.166441800064376,77.1501172670518,1.7526246086608224,0.34226061069235963,0.3399999999999963,0.00029653080251708185,0.00014154357708761454,0.4628922480967001
IN_SP00_P_R02,IN,SP00,-to+,11,53.199,53.549,49.702137692201745,48.07309053568617,0.0004902256404420833,10.951154321331522,74.95527067813389,1.7349318960169928,0.3419168252982496,0.3500000000000014,0.00029180187149121893,-0.0001984237689508644,-0.659351046311316
IN_SP00_P_R02,IN,SP00,+to-,12,53.549,53.889,48.07309053568617,47.60535155648281,0.00013848876004150993,10.271615077565833,68.1609438768086,1.6780674229140964,0.3408397309580839,0.3400000000000034,0.00027692161973175654,0.0001384328596902466,0.4675488802046689
IN_SP00_P_R02,IN,SP00,-to+,13,53.889,54.229,47.60535155648281,46.063445346128404,0.0004491976858706695,10.080032161759464,66.2828258343823,1.6617402524600646,0.3405382471920828,0.3399999999999963,0.00027273823639110804,-0.00017645944947956144,-0.6056925921459044
IN_SP00_P_R02,IN,SP00,+to-,14,54.229,54.569,46.063445346128404,45.56537371079131,0.00014265951921731658,9.459780908254846,60.318598708665284,1.6079175722047994,0.3395686758424773,0.3400000000000034,0.0002592258900693213,0.0001165663708520047,0.4069705300251424
IN_SP00_P_R02,IN,SP00,-to+,15,54.569,54.909,45.56537371079131,44.1546651119278,0.00039745396582451463,9.263165635340172,58.46580180272326,1.5905315923099497,0.3392633759999632,0.3399999999999963,0.00025495152054243436,-0.00014250244528208028,-0.50578020202846
IN_SP00_P_R02,IN,SP00,+to-,16,54.909,55.249,44.1546651119278,43.5510299041158,0.000167041717528356,8.71631777415363,53.411093561534415,1.5412885726372212,0.3384193551373683,0.3400000000000034,0.00024308164238234987,7.603992485399387e-05,0.27478263658214225
IN_SP00_P_R02,IN,SP00,-to+,17,55.249,55.589,43.5510299041158,42.28619242225378,0.0003440217125195343,8.486894009577547,51.334507898773474,1.5202177289226622,0.3380674737017892,0.3399999999999963,0.00023810834757443565,-0.00010591336494509862,-0.3893954037469753
IN_SP00_P_R02,IN,SP00,+to-,18,55.589,55.919000000000004,42.28619242225378,41.6955231887954,0.0001578394169431861,8.015145654432311,47.148707869020505,1.4760665718004093,0.3373479925528433,0.3300000000000054,0.00022789019279502974,7.005077585184365e-05,0.26214399197698585
IN_SP00_P_R02,IN,SP00,-to+,19,55.919000000000004,56.259,41.6955231887954,40.58432318426317,0.0002920011364430407,7.799039723063989,45.26983373347455,1.45544832597225,0.33702021315739095,0.3399999999999963,0.00022321136979286456,-6.878976665017613e-05,-0.2617729231655096
IN_SP00_P_R02,IN,SP00,+to-,20,56.259,56.599000000000004,40.58432318426317,39.892260024093474,0.00017856371610611217,7.3997980963000245,41.864251571674,1.4166601285177234,0.3364176247439326,0.3400000000000034,0.00021456748215675054,3.600376605063837e-05,0.13953970708018404
IN_SP00_P_R02,IN,SP00,-to+,21,56.599000000000004,56.929,39.892260024093474,38.88011281206497,0.00025653051391530976,7.15600596671914,39.82738173594785,1.3925025669642872,0.3360515360167437,0.3299999999999983,0.00020928714252131114,-4.7243371393998625e-05,-0.18639741591131676
IN_SP00_P_R02,IN,SP00,+to-,22,56.929,57.269,38.88011281206497,38.20265467450735,0.00016860198478987258,6.80622927719806,36.96304141122247,1.3571719642347302,0.33552875519986847,0.3399999999999963,0.0002017050567440069,3.310307195413431e-05,0.13301038458575523
IN_SP00_P_R02,IN,SP00,-to+,23,57.269,57.599000000000004,38.20265467450735,37.23526258071267,0.0002363948591636518,6.576637982447646,35.12090803781917,1.3335242141451118,0.3351871678932045,0.3300000000000054,0.0001967221361211863,-3.967272304246551e-05,-0.16234965039339816
IN_SP00_P_R02,IN,SP00,+to-,24,57.599000000000004,57.939,37.23526258071267,36.55755212817876,0.00016251738048932995,6.255123384693947,32.593125976662094,1.2997558597561538,0.33471088031557844,0.3399999999999963,0.00018973256999877265,2.72151895094427e-05,0.11348885161299281
IN_SP00_P_R02,IN,SP00,-to+,25,57.939,58.269,36.55755212817876,35.667594755831246,0.00020950513790862093,6.034352172278638,30.893254797829076,1.276099302212359,0.3343852167970174,0.3299999999999983,0.00018492298962031087,-2.458214828831006e-05,-0.1044215163084872
IN_SP00_P_R02,IN,SP00,+to-,26,58.269,58.609,35.667594755831246,34.94858184939342,0.00016598940951517078,5.750066852681074,28.74842049036384,1.2450339295126365,0.3339675093331406,0.3400000000000034,0.00017871425831426054,1.2724848799089753e-05,0.05511960377849848
IN_SP00_P_R02,IN,SP00,-to+,27,58.609,58.939,34.94858184939342,34.129865765003956,0.00018540824718483634,5.525081329061468,27.08696280455255,1.2199356443492884,0.3336382375872075,0.3299999999999983,0.00017378560928470022,-1.162263790013612e-05,-0.05132220265670874
IN_SP00_P_R02,IN,SP00,+to-,28,58.939,59.279,34.129865765003956,33.38857638892676,0.00016453845758207349,5.274036870416286,25.271526257324684,1.1913570617260245,0.3332721793065025,0.3400000000000034,0.000168267168017654,3.7287104355805244e-06,0.016798711953830744
IN_SP00_P_R02,IN,SP00,-to+,29,59.279,59.609,33.38857638892676,32.63463032188872,0.00016406669712383575,5.051480572182521,23.696829750010036,1.1654811810808214,0.33294884479391373,0.3299999999999983,0.00016335524086876917,-7.114562550665786e-07,-0.0032693763254499617
IN_SP00_P_R02,IN,SP00,+to-,30,59.609,59.939,32.63463032188872,31.929619534242743,0.00015039917934724415,4.829777007292951,22.161415958828613,1.1391634985762702,0.33262784829275804,0.3299999999999983,0.00015844054403305177,8.04136468580762e-06,0.03769444162110792
IN_SP00_P_R02,IN,SP00,-to+,31,59.939,60.269,31.929619534242743,31.23854249375209,0.00014457272280742176,4.626729860220268,20.78501610548128,1.1145539795632684,0.332334820321942,0.3299999999999983,0.00015391758574671862,9.344862939296867e-06,0.044669429694518814
IN_SP00_P_R02,IN,SP00,+to-,32,60.269,60.609,31.23854249375209,30.442522656917596,0.00016299744919809673,4.431717110250564,19.490546722060028,1.0904308400802682,0.3320542432054207,0.3400000000000034,0.00014955109214035586,-1.344635705774087e-05,-0.06566655441854574
IN_SP00_P_R02,IN,SP00,-to+,33,60.609,60.939,30.442522656917596,29.905106345244842,0.0001078927771781151,4.2120485513959265,18.065444375461507,1.0626445059523684,0.33173919090347553,0.3299999999999983,0.00014460234133884182,3.670956416072671e-05,0.1828504814776431
IN_SP00_P_R02,IN,SP00,+to-,34,60.939,61.269,29.905106345244842,29.035891732147785,0.00017080686629226136,4.066758013578071,17.14254440966952,1.0438851377671412,0.3315313910914046,0.3299999999999983,0.00014130937263448555,-2.949749365777581e-05,-0.1501075877217828
IN_SP00_P_R02,IN,SP00,-to+,35,61.269,61.599000000000004,29.035891732147785,28.564752969855373,9.066010401812783e-05,3.836931903015664,15.715481516455688,1.0135438239571566,0.33120362045234913,0.3300000000000054,0.0001360637775051777,4.540367348704986e-05,0.23595130950647947
IN_SP00_P_R02,IN,SP00,+to-,36,61.599000000000004,61.929,28.564752969855373,27.688358369895408,0.00016502251858817958,3.7150380400899783,14.97529007414888,0.9970979786856096,0.33103024216368254,0.3299999999999983,0.00013326135017248408,-3.17611684156955e-05,-0.16867422319757802
IN_SP00_P_R02,IN,SP00,-to+,37,61.929,62.259,27.688358369895408,27.248547354766323,8.103079415775882e-05,3.4933263253958136,13.659417989790628,0.9665060360536097,0.3307157039196844,0.3299999999999983,0.00012812314645513448,4.709235229737567e-05,0.2556026339603189
IN_SP00_P_R02,IN,SP00,+to-,38,62.259,62.589,27.248547354766323,26.382424190498554,0.00015606500707726186,3.3845365540244754,13.028439588879598,0.9511537354525275,0.33056175039638075,0.3299999999999983,0.00012558059212201597,-3.0484414955245893e-05,-0.1691795428068217
IN_SP00_P_R02,IN,SP00,-to+,39,62.589,62.919000000000004,26.382424190498554,25.994835563500743,6.832357603220761e-05,3.1751503505904326,11.841994056734396,0.9209203335639989,0.33026614699082085,0.3300000000000054,0.00012064233142142032,5.231875538921271e-05,0.2967952949851859
IN_SP00_P_R02,IN,SP00,+to-,40,62.919000000000004,63.249,25.994835563500743,25.067063349201586,0.00015971716017296373,3.0835422119313436,11.334755361299704,0.9073909381952069,0.3301371104145429,0.3299999999999983,0.00011846150695508554,-4.1255653217878196e-05,-0.23964507339091018
IN_SP00_P_R02,IN,SP00,-to+,41,63.249,63.579,25.067063349201586,24.761405700161365,5.1431036638233615e-05,2.8695331290889228,10.178683656085077,0.8750055784991295,0.3298363534140559,0.3299999999999983,0.0001133124757676655,6.188143912943189e-05,0.3677645641792288
IN_SP00_P_R02,IN,SP00,+to-,42,63.579,63.909,24.761405700161365,23.80492134945735,0.00015711374661259498,2.800660846431733,9.815438720076822,0.8643361137798152,0.3297397687974468,0.3299999999999983,0.00011163771344882565,-4.547603316376932e-05,-0.2768478883189823
IN_SP00_P_R02,IN,SP00,-to+,43,63.909,64.239,23.80492134945735,23.563475500402014,3.873960765429489e-05,2.5903915599010734,8.733771082437109,0.8309485114526448,0.3294455071733812,0.3300000000000054,0.00010646437054730065,6.772476289300576e-05,0.4220964477925602
IN_SP00_P_R02,IN,SP00,+to-,44,64.239,64.569,23.563475500402014,22.584524399325975,0.00015324697173234469,2.538574188703469,8.473671834709986,0.8225204613900671,0.3293731329926287,0.3299999999999983,0.00010517432820766552,-4.8072643524679166e-05,-0.3070872745310897
IN_SP00_P_R02,IN,SP00,-to+,45,64.569,64.899,22.584524399325975,22.387358012085883,3.0119938992204582e-05,2.3337053502179623,7.471140370698614,0.7883486215304658,0.32908753567005583,0.3299999999999983,0.00010000759660653419,6.988765761432961e-05,0.45748731991439534
IN_SP00_P_R02,IN,SP00,+to-,46,64.899,65.229,22.387358012085883,21.40544098388583,0.00014626327979025877,2.2934602654419036,7.279145582542845,0.7814662162672623,0.329031534241647,0.3299999999999983,9.897914598446225e-05,-4.7284133805796524e-05,-0.3174311969464614
IN_SP00_P_R02,IN,SP00,-to+,47,65.229,65.559,21.40544098388583,21.23055551676525,2.5395075885054015e-05,2.098126241579966,6.371118389784841,0.7471908460202843,0.32876019994858585,0.3299999999999983,9.391630687695725e-05,6.852123099190323e-05,0.4718774179704199
IN_SP00_P_R02,IN,SP00,+to-,48,65.559,65.889,21.23055551676525,20.247492535341372,0.00013904508606695908,2.064227624486223,6.217649658762634,0.7410861915899996,0.32871319210817,0.3299999999999983,9.302470315876904e-05,-4.602038290819004e-05,-0.3253648235999609
IN_SP00_P_R02,IN,SP00,-to+,49,65.889,66.21900000000001,20.247492535341372,20.10946131263462,1.901809439912242e-05,1.8787091096007134,5.400045048250523,0.7067708200293625,0.3284563476419678,0.3300000000000125,8.806807529517919e-05,6.904998089605677e-05,0.5011569921836831
IN_SP00_P_R02,IN,SP00,+to-,50,66.21900000000001,66.539,20.10946131263462,19.085128393059698,0.0001372292553399794,1.853345809473921,5.2912576358371854,0.7019526214157897,0.3284212876982128,0.3199999999999932,8.73794865981693e-05,-4.984976874181011e-05,-0.3720932464333326
IN_SP00_P_R02,IN,SP00,-to+,51,66.539,66.869,19.085128393059698,19.031561288947167,6.9865286854596294e-06,1.670411475650769,4.528723207689719,0.6661966572494925,0.3281688042986907,0.3299999999999983,8.232433516996771e-05,7.533780648450808e-05,0.5776299158390201
IN_SP00_P_R02,IN,SP00,+to-,52,66.869,67.199,19.031561288947167,17.9586023325012,0.00013595052747655505,1.6611018003390896,4.49097741543052,0.6643268125744479,0.32815597342984465,0.3299999999999983,8.206258924582814e-05,-5.388793823072691e-05,-0.42529221612206564
IN_SP00_P_R02,IN,SP00,+to-,54,67.529,67.859,17.980428814320348,16.87054676725752,0.00013275643880373902,1.483598867580979,3.79170007179069,0.6276353674607005,0.3279116700037764,0.3299999999999983,7.697715822761748e-05,-5.5779280576121536e-05,-0.4663235526304468
IN_SP00_P_R02,IN,SP00,+to-,56,68.179,68.509,16.920266951265802,15.789624867552813,0.00012716566076807816,1.3145785788144297,3.1633428865301614,0.5906287372319423,0.32767963371302716,0.3299999999999983,7.194232367346123e-05,-5.522333709461693e-05,-0.4909880188967661
IN_SP00_P_R02,IN,SP00,+to-,58,68.839,69.169,15.888645926543658,14.70957408121655,0.00012426307675494753,1.1597910368870974,2.6220086376554343,0.5546183702035439,0.3274676410591025,0.3299999999999983,6.7128955199234e-05,-5.713412155571353e-05,-0.5421083014621926
IN_SP00_P_R02,IN,SP00,+to-,60,69.489,69.819,14.857252512091693,13.665392529964455,0.00011727352186734318,1.0146166915455943,2.1458993859178195,0.5186159482723973,0.32726925083083896,0.3299999999999983,6.23964414910481e-05,-5.487708037629508e-05,-0.5577100076786028
IN_SP00_P_R02,IN,SP00,+to-,62,70.149,70.46900000000001,13.821896898746502,12.608398182619194,0.00011080573169501212,0.8785476265372196,1.7293795375200747,0.48247521950863953,0.3270836856256605,0.3200000000000074,5.772102122175353e-05,-5.308471047325859e-05,-0.5813510096849785
IN_SP00_P_R02,IN,SP00,+to-,64,70.799,71.119,12.814624360061838,11.609050450438552,0.00010185684034922624,0.7554869556998213,1.3793056204862997,0.4473147749787008,0.3269161779329746,0.3199999999999932,5.324000659324956e-05,-4.861683375597668e-05,-0.5754164858802372
IN_SP00_P_R02,IN,SP00,+to-,66,71.449,71.779,11.81437976530621,10.625404647986102,9.24040349888044e-05,0.6424022679802417,1.081687930358848,0.4123996519711766,0.32676251411062346,0.3299999999999983,4.885155322700675e-05,-4.355248176179764e-05,-0.5603855718790749
IN_SP00_P_R02,IN,SP00,+to-,68,72.099,72.429,10.823666782038561,9.610532051608683,8.594901741469356e-05,0.5393724657614624,0.8323183733359802,0.3778172449706247,0.32662273334734027,0.3299999999999983,4.456057525540254e-05,-4.1388442159291024e-05,-0.5841697817164124
IN_SP00_P_R02,IN,SP00,+to-,70,72.759,73.07900000000001,9.81864850237257,8.586496938410265,7.870686869723675e-05,0.4440035782144101,0.6217217927106568,0.3427354889248232,0.326493532673822,0.3200000000000074,4.025957099987587e-05,-3.8447297697360876e-05,-0.6018786660236091
IN_SP00_P_R02,IN,SP00,+to-,72,73.409,73.729,8.836296881380544,7.576896526132315,7.18040058025137e-05,0.3597079380758615,0.45341352433536114,0.30844494852759463,0.32637948235656905,0.3199999999999932,3.610157634852338e-05,-3.570242945399031e-05,-0.6261871697159095
IN_SP00_P_R02,IN,SP00,+to-,74,74.059,74.379,7.832531775179369,6.553176852067316,6.398209032690665e-05,0.2827021565050246,0.315945047780667,0.27340693648791253,0.32627541692459966,0.3200000000000074,3.189523837937593e-05,-3.208685194753072e-05,-0.6415798391174931
IN_SP00_P_R02,IN,SP00,+to-,76,74.709,75.069,6.861932282788421,5.551192006043028,5.660112733776856e-05,0.21702810194234906,0.21253629818754652,0.23952662276709713,0.3261867569006278,0.35999999999999943,2.7864059408207316e-05,-2.8737067929561244e-05,-0.6654639718928443
IN_SP00_P_R02,IN,SP00,+to-,78,75.359,75.71900000000001,5.812441399551579,4.556425168968385,4.533269434985365e-05,0.15575140773951848,0.12922472744235622,0.20289248000280463,0.32610410933884326,0.36000000000001364,2.3540154014863242e-05,-2.1792540334990405e-05,-0.6037857817822453
IN_SP00_N_R01,IN,SP00,+to-,1,96.119,96.479,60.51379197495331,59.979188073816786,0.00018538459794382702,15.919950083061073,130.32763965005606,2.1123298256597143,0.3501827844684849,0.35999999999999943,0.00040315790738995475,0.00021777330944612773,0.6280027562282093
IN_SP00_N_R01,IN,SP00,-to+,2,96.479,96.82900000000001,59.979188073816786,57.706328646909675,0.000776837958855227,15.656517626143406,127.16150956206992,2.093668629122037,0.3497262974742874,0.3500000000000085,0.0003971269700349625,-0.00037971098882026456,-1.1108791801607507
IN_SP00_N_R01,IN,SP00,+to-,3,96.82900000000001,97.169,57.706328646909675,57.26814467055461,0.00014759175512958563,14.556329151797481,114.20229646706588,2.0143308682529963,0.3478427917093531,0.3399999999999892,0.00037210121913590333,0.0002245094640063177,0.6665427200693067
IN_SP00_N_R01,IN,SP00,-to+,4,97.169,97.519,57.26814467055461,55.06291782799225,0.0007316164685452827,14.347971698016034,111.79706698871267,1.9990353620192425,0.34749018622405087,0.3500000000000085,0.00036739070413896994,-0.00036422576440631275,-1.0977758041080634
IN_SP00_N_R01,IN,SP00,+to-,5,97.519,97.869,55.06291782799225,54.736693218208536,0.00010660731424442867,13.31823178493683,100.14745002309984,1.922058423707099,0.3457662358929931,0.3499999999999943,0.00034424204859326085,0.00023763473434883217,0.7271751879293074
IN_SP00_N_R01,IN,SP00,-to+,6,97.869,98.209,54.736693218208536,52.62552264134093,0.000679405480424122,13.16860889408339,98.4883204225609,1.91067103662358,0.34551829162327263,0.3400000000000034,0.00034089632701177235,-0.0003385091534123497,-1.0518168572515654
IN_SP00_N_R01,IN,SP00,+to-,7,98.209,98.559,52.62552264134093,52.23791264976778,0.00012271630585138194,12.217569112969036,88.14855443390867,1.8369772813484444,0.34395707655088414,0.3499999999999943,0.00031973137401653467,0.00019701506816515273,0.6222878268643955
IN_SP00_N_R01,IN,SP00,-to+,8,98.559,98.899,52.23791264976778,50.30095675388976,0.0006035130148835944,12.046246456701011,86.32457728343175,1.8234471402152863,0.34367851417290035,0.3400000000000034,0.000315936681088935,-0.00028757633379465945,-0.92292317957394
IN_SP00_N_R01,IN,SP00,+to-,9,98.899,99.249,50.30095675388976,49.80030838137586,0.00015330144951766655,11.20569619749646,77.55247103257099,1.7558346245173106,0.34232342810168825,0.3499999999999943,0.00029739385289968823,0.00014409240338202168,0.4705721829235844
IN_SP00_N_R01,IN,SP00,-to+,10,99.249,99.589,49.80030838137586,48.035946646758525,0.0005311891677817829,10.992710195576798,75.37736654573153,1.7383586995270732,0.3419830883321777,0.3400000000000034,0.00029271410070008826,-0.00023847506708169462,-0.7920712322575214
IN_SP00_N_R01,IN,SP00,+to-,11,99.589,99.929,48.035946646758525,47.57990643580758,0.0001349581919269433,10.256343256169915,68.01062014006652,1.6767708565965316,0.34081566355461557,0.3400000000000034,0.00027658796517988845,0.00014162977325294515,0.47858303564815946
IN_SP00_N_R01,IN,SP00,-to+,12,99.929,100.269,47.57990643580758,45.85010840154833,0.0005029455716670265,10.06965552468479,66.18157976094997,1.6608520501913646,0.34052194519000173,0.3400000000000034,0.0002725117917458321,-0.0002304337799211944,-0.7925087403201664
IN_SP00_N_R01,IN,SP00,+to-,13,100.269,100.60900000000001,45.85010840154833,45.32068504095081,0.000151049008139181,9.375340493992619,59.520614647909795,1.6004707080066656,0.3394374387409855,0.3400000000000034,0.0002573896950845125,0.00010634068694533147,0.3727203790204146
IN_SP00_N_R01,IN,SP00,-to+,14,100.60900000000001,100.949,45.32068504095081,43.777236058030844,0.0004324714017715246,9.167248534596009,57.568662959154615,1.5819903464478657,0.339114792473137,0.3399999999999892,0.0002528676834101126,-0.000179603718361412,-0.6409690758874564
IN_SP00_N_R01,IN,SP00,+to-,15,100.949,101.289,43.777236058030844,43.22495993602847,0.00015184995901193824,8.572545444007739,52.10667265963922,1.5281138132708432,0.3381986903094012,0.3400000000000034,0.00023996466778516924,8.8114708773231e-05,0.3204706907942024
IN_SP00_N_R01,IN,SP00,-to+,16,101.289,101.619,43.22495993602847,41.79842724629814,0.00038502567064786585,8.36411273710849,50.23408909380855,1.5088357398526686,0.33787969019524955,0.3299999999999983,0.00023544799887489503,-0.00014957767177297082,-0.5541758470386308
IN_SP00_N_R01,IN,SP00,+to-,17,101.619,101.959,41.79842724629814,41.25487878833502,0.00014393571629237595,7.836495577419913,45.59371793562962,1.4590403552064186,0.3370769434087668,0.3400000000000034,0.00022402227266677533,8.008655637439937e-05,0.30243196133403877
IN_SP00_N_R01,IN,SP00,-to+,18,101.959,102.299,41.25487878833502,39.922976022107285,0.00034612602924776923,7.6395755712649915,43.89929344504597,1.4400669347352297,0.33677906930388013,0.3400000000000034,0.00021975906275580086,-0.00012636696649196837,-0.4862527184418111
IN_SP00_N_R01,IN,SP00,+to-,19,102.299,102.629,39.922976022107285,39.30765712317969,0.00015671334881295614,7.166746749355359,39.916427409671506,1.3935747575610413,0.33606763508737325,0.3299999999999983,0.00020951983769029067,5.2806488877334525e-05,0.20733826883499182
IN_SP00_N_R01,IN,SP00,-to+,20,102.629,102.96900000000001,39.30765712317969,38.099917666685045,0.00030163988381643066,6.952994800586861,38.1564866152109,1.3720960760889758,0.33574776152803437,0.3400000000000034,0.00020488761979164225,-9.675226402478841e-05,-0.38738034892287104
IN_SP00_N_R01,IN,SP00,+to-,21,102.96900000000001,103.309,38.099917666685045,37.44360239789603,0.0001605712447845123,6.54213868953544,34.84674887603848,1.3299380160448189,0.33513594604971503,0.3399999999999892,0.000195972847791322,3.5401603006809696e-05,0.14469891913121755
IN_SP00_N_R01,IN,SP00,-to+,22,103.309,103.639,37.44360239789603,36.370879064855146,0.0002573054030192591,6.323733388874512,33.12739237631869,1.3070282913018592,0.33481231712702286,0.3299999999999983,0.00019122545304409,-6.607994997516911e-05,-0.2754876813042779
IN_SP00_N_R01,IN,SP00,+to-,23,103.639,103.979,36.370879064855146,35.67815723362426,0.00016273078242094543,5.974191149314929,30.43518599590505,1.269583183052797,0.334296666477327,0.3400000000000034,0.00018361065275797784,2.0879870337032412e-05,0.08888210150773757
IN_SP00_N_R01,IN,SP00,-to+,24,103.979,104.309,35.67815723362426,34.70531103100099,0.0002239430453712054,5.753403281640859,28.773300467091815,1.2454026295419502,0.33397240093095837,0.3299999999999983,0.00017878724078995107,-4.5155804581254334e-05,-0.1961620430733224
IN_SP00_N_R01,IN,SP00,+to-,25,104.309,104.639,34.70531103100099,33.99750416108542,0.00015952758926475704,5.449913954170567,26.539090532533837,1.2114438908393501,0.3335284838707485,0.3299999999999983,0.0001721355336521778,1.260794438742076e-05,0.055939746526475834
IN_SP00_N_R01,IN,SP00,-to+,26,104.639,104.979,33.99750416108542,33.065315637702064,0.0002056776344840693,5.2339665458142655,24.9855754962074,1.1867367701428266,0.33321388237526534,0.3400000000000034,0.00016738425679605796,-3.8293377688011326e-05,-0.17355437591160428
IN_SP00_N_R01,IN,SP00,+to-,27,104.979,105.309,33.065315637702064,32.36603098313016,0.0001509601830173919,4.955847276797566,23.03040233132141,1.154197252178139,0.3328102466949228,0.3299999999999983,0.000161238088683537,1.0277905666145103e-05,0.04760948855632291
IN_SP00_N_R01,IN,SP00,-to+,28,105.309,105.639,32.36603098313016,31.534792065052777,0.0001756987951194172,4.7519314961969155,21.63031664216934,1.129787612916237,0.33251539756149834,0.3299999999999983,0.0001567091358389377,-1.898965928047951e-05,-0.08984014598411358
IN_SP00_N_R01,IN,SP00,+to-,29,105.639,105.96900000000001,31.534792065052777,30.770882624103937,0.0001578480986741296,4.514826086161388,20.038882083178503,1.1007719009339056,0.3321737150686048,0.3300000000000125,0.00015141485359214767,-6.4332450819819145e-06,-0.03113360436777409
IN_SP00_N_R01,IN,SP00,-to+,30,105.96900000000001,106.309,30.770882624103937,30.039339547497907,0.00014788413862103334,4.302017605375917,18.644832635609365,1.0741064310706527,0.3318680984755356,0.3399999999999892,0.00014663333181026705,-1.2508068107662843e-06,-0.006187362998874646
IN_SP00_N_R01,IN,SP00,+to-,31,106.309,106.639,30.039339547497907,29.1867205932027,0.00016828280732492389,4.102819762285815,17.370130308618357,1.048570760456764,0.3315829250892445,0.3299999999999983,0.0001421282813197515,-2.6154526005172382e-05,-0.13251287645094276
IN_SP00_N_R01,IN,SP00,-to+,32,106.639,106.96900000000001,29.1867205932027,28.614515059902576,0.00011045841723497886,3.8763530636798675,15.957360128389224,1.0188087444220393,0.33125976049599254,0.3300000000000125,0.00013696696276248424,2.6508545527505382e-05,0.13732111843352654
IN_SP00_N_R01,IN,SP00,+to-,33,106.96900000000001,107.299,28.614515059902576,27.750940476712746,0.00016290674855613783,3.7278234156694565,15.052376862996889,0.9988350033136049,0.3310484126979775,0.3299999999999983,0.00013355600558405783,-2.935074297208e-05,-0.1555878804047899
IN_SP00_N_R01,IN,SP00,-to+,34,107.299,107.629,27.750940476712746,27.257545953137555,9.101217255715155e-05,3.508940961787707,13.750784660167147,0.9686905636872044,0.3307378216587346,0.3299999999999983,0.0001284868743923775,3.7474701835225936e-05,0.20315695152205163
IN_SP00_N_R01,IN,SP00,+to-,35,107.629,107.959,27.257545953137555,26.35816253423693,0.00016201528078811157,3.3867457979095703,13.04115532281761,0.9514678457918126,0.3305648742910919,0.3299999999999983,0.00012563237517741535,-3.638290561069622e-05,-0.2019676534761749
IN_SP00_N_R01,IN,SP00,-to+,36,107.959,108.289,26.35816253423693,25.955278515248093,7.093938247916296e-05,3.1693780030034318,11.809817015068395,0.920073441996494,0.33025801098726937,0.3299999999999983,0.0001205052978814766,4.956591540231365e-05,0.28149771486666414
IN_SP00_N_R01,IN,SP00,+to-,37,108.289,108.619,25.955278515248093,24.99472242934365,0.00016502266955080352,3.074265648098311,11.283799361527938,0.9060101367264489,0.3301240536066222,0.3299999999999983,0.00011823992914123467,-4.678274040956885e-05,-0.27230755558332836
IN_SP00_N_R01,IN,SP00,-to+,38,108.619,108.949,24.99472242934365,24.68097380740304,5.264087438467092e-05,2.8531596537175217,10.091933261700103,0.8724804040282449,0.32981338267916765,0.3299999999999983,0.00011291514860206885,6.0274274217397933e-05,0.3592445427164341
IN_SP00_N_R01,IN,SP00,+to-,39,108.949,109.279,24.68097380740304,23.694275237832766,0.00016147741538885915,2.782672403696646,9.721283169303229,0.8615285110753277,0.3297145586764267,0.3299999999999983,0.00011119876293855368,-5.027865245030546e-05,-0.3072210519781381
IN_SP00_N_R01,IN,SP00,-to+,40,109.279,109.60900000000001,23.694275237832766,23.418999563512365,4.394325454117003e-05,2.566582282477083,8.613937396076867,0.8270862335478886,0.32941224541785186,0.3300000000000125,0.00010587240605186981,6.192915151069977e-05,0.38794515162896437
IN_SP00_N_R01,IN,SP00,+to-,41,109.60900000000001,109.93900000000001,23.418999563512365,22.41150526262467,0.00015668869861201672,2.507811409810677,8.320488946776624,0.8174772998128113,0.32933019254636126,0.3299999999999983,0.00010440540359627934,-5.2283295015737385e-05,-0.3361725740105117
IN_SP00_N_R01,IN,SP00,-to+,42,109.93900000000001,110.269,22.41150526262467,22.183361535412942,3.457494789770777e-05,2.2983707896451167,7.30248339914572,0.7823091143216738,0.32903836549005594,0.3299999999999983,9.910488603034899e-05,6.452993813264122e-05,0.42580225774940883
IN_SP00_N_R01,IN,SP00,+to-,43,110.269,110.599,22.183361535412942,21.153820191678562,0.00015183877920714605,2.252180577624506,7.083938010058343,0.774345395906441,0.32897412793301695,0.3299999999999983,9.791928232125338e-05,-5.391949688589267e-05,-0.3655956978979843
IN_SP00_N_R01,IN,SP00,-to+,44,110.599,110.929,21.153820191678562,20.98320064601446,2.4498941047668225e-05,2.049439008455516,6.1510859442560815,0.7384076234392978,0.3286926918565241,0.3299999999999983,9.263443917567264e-05,6.813549812800442e-05,0.47452024216805777
IN_SP00_N_R01,IN,SP00,+to-,45,110.929,111.249,20.98320064601446,19.965655616919214,0.0001421652870789163,2.0167432280023707,6.004765486123611,0.7324518777591069,0.3286473843004122,0.3199999999999932,9.176875688802156e-05,-5.039653019089475e-05,-0.3607073563514323
IN_SP00_N_R01,IN,SP00,-to+,46,111.249,111.57900000000001,19.965655616919214,19.850126930077888,1.5712943338831953e-05,1.8271012214875704,5.1794641781947535,0.6969328556690799,0.32838502337238173,0.3300000000000125,8.666398467834465e-05,7.09510413395127e-05,0.5216641510529836
IN_SP00_N_R01,IN,SP00,+to-,47,111.57900000000001,111.909,19.850126930077888,18.766182735420426,0.00014315496398161902,1.8061501599720078,5.090788275793015,0.6929001437373067,0.32835608364214847,0.3299999999999983,8.609056568224785e-05,-5.706439829937117e-05,-0.43207513816009124
IN_SP00_N_R01,IN,SP00,-to+,48,111.909,112.239,18.766182735420426,18.72660067478817,5.081081113562089e-06,1.6153575229827142,4.307036524695599,0.6550633535280046,0.328092952893889,0.3299999999999983,8.076961151090654e-05,7.568853039734445e-05,0.5896201758679889
IN_SP00_N_R01,IN,SP00,+to-,49,112.239,112.569,18.72660067478817,17.56706380333221,0.00014424778266071964,1.6085884196441602,4.280034544548387,0.6536816789624909,0.32808363090858506,0.3299999999999983,8.057729090519107e-05,-6.367049175552857e-05,-0.5118069862908233
IN_SP00_N_R01,IN,SP00,+to-,51,112.889,113.21900000000001,17.587516812483482,16.456325366951184,0.00013226551541411743,1.4197832680621842,3.5500364413682934,0.6139201512553898,0.3278239942382152,0.3300000000000125,7.510040571039424e-05,-5.716510970372318e-05,-0.48889260859998285
IN_SP00_N_R01,IN,SP00,+to-,53,113.549,113.879,16.521755882104248,15.321824182215202,0.00013147798181683092,1.2536509020389663,2.9462526007538608,0.5767180767069184,0.32759613144409916,0.3299999999999983,7.007316458606872e-05,-6.14048172307622e-05,-0.5603998417219307
IN_SP00_N_R01,IN,SP00,+to-,55,114.199,114.529,15.438568869658894,14.215107072535025,0.00012505158269529015,1.0952605466081673,2.4064758331060507,0.538907717142894,0.3273794038717082,0.3299999999999983,6.505426983231528e-05,-5.999731286297487e-05,-0.5869819801864695
IN_SP00_N_R01,IN,SP00,+to-,57,114.85900000000001,115.179,14.383693995362245,13.129047638461714,0.00011916603113884974,0.9511773080410103,1.9479987768365015,0.5020856376368183,0.32718268898214276,0.3199999999999932,6.02489068316988e-05,-5.8917124307150936e-05,-0.6202999108090852
IN_SP00_N_R01,IN,SP00,+to-,59,115.509,115.839,13.335990297794353,12.075100008078993,0.00011076768900656988,0.8180345518704768,1.5539535733237642,0.4655138794210611,0.3270012788688507,0.3299999999999983,5.5551358494331996e-05,-5.521633051223788e-05,-0.6285256171498173
IN_SP00_N_R01,IN,SP00,+to-,61,116.159,116.489,12.276414717379083,11.001434389182506,0.00010273842275885645,0.6935080521087619,1.2132112173505594,0.4285277143171083,0.3268319272628735,0.3299999999999983,5.087138047096254e-05,-5.186704228789391e-05,-0.6436549483612727
IN_SP00_N_R01,IN,SP00,+to-,63,116.819,117.139,11.214399910540818,9.941665212881004,9.33212121814069e-05,0.5789387498307669,0.9255083040655517,0.3914564041485896,0.32667638823203093,0.3199999999999932,4.624659479459282e-05,-4.707461738681407e-05,-0.6420005240370262
IN_SP00_N_R01,IN,SP00,+to-,65,117.46900000000001,117.789,10.198071870917373,8.88360790468398,8.702285650261648e-05,0.4789242166895132,0.6964574594799502,0.35597986300505263,0.326540820511787,0.3199999999999932,4.187747725685511e-05,-4.514537924576137e-05,-0.681897552869781
IN_SP00_N_R01,IN,SP00,+to-,67,118.119,118.449,9.189368094149097,7.803590247176947,8.177972168631287e-05,0.3889885632528951,0.5098662464350981,0.32076945884123603,0.3264190826398229,0.3299999999999983,3.7591068065469906e-05,-4.418865362084297e-05,-0.748769541546206
IN_SP00_N_R01,IN,SP00,+to-,69,118.769,119.089,8.159443610622775,6.771376286801842,7.203449621725488e-05,0.30676784534342844,0.3571227286271051,0.2848183122723632,0.32630792675666703,0.3199999999999932,3.3260777507176836e-05,-3.877371871007804e-05,-0.7471311472789911
IN_SP00_N_R01,IN,SP00,+to-,71,119.419,119.74900000000001,7.13258905013403,5.713798313481471,6.339641353255114e-05,0.23447222799474354,0.2386631154668209,0.24897432623306742,0.32621029825644066,0.3300000000000125,2.8984854402556865e-05,-3.441155912999428e-05,-0.7700996195963782
IN_SP00_N_R01,IN,SP00,+to-,73,120.069,120.429,6.090829559167233,4.655207685629529,5.3694130538936185e-05,0.17101919530107199,0.14868095799674588,0.21261005997052596,0.32612469506390124,0.35999999999999943,2.4683874763533057e-05,-2.9010255775403128e-05,-0.7756279479467993
IN_SP00_P_R03,IN,SP00,-to+,1,135.629,135.979,62.753635560330935,59.935753259772405,0.000987587241163274,17.042407355592058,144.08211965053638,2.190515116248743,0.3521522841140862,0.35000000000002274,0.0004290255168608629,-0.0005585617243024112,-1.5935833379080377
IN_SP00_P_R03,IN,SP00,+to-,2,135.979,136.329,59.935753259772405,59.79631221351173,4.81695312486034e-05,15.635191542215866,126.90624743282548,2.0921524680919052,0.34968943672055786,0.3499999999999943,0.00039663939737663416,0.00034846986612803075,1.0087495035136336
IN_SP00_P_R03,IN,SP00,-to+,3,136.329,136.679,59.79631221351173,57.279628418173154,0.0008573830331290479,15.56680575481042,126.08877209249812,2.0872850573525565,0.3495713309071375,0.3499999999999943,0.00039507657597117165,-0.0004623064571578762,-1.3569030348010227
IN_SP00_P_R03,IN,SP00,+to-,4,136.679,137.029,57.279628418173154,57.08947333324527,6.383274273551489e-05,14.353416572614773,111.85971879625117,1.999436220432066,0.3474993842649629,0.3499999999999943,0.00036751368542558345,0.00030368094269006855,0.9046524788242449
IN_SP00_P_R03,IN,SP00,-to+,5,137.029,137.379,57.08947333324527,54.77454724141534,0.0007659014088504334,14.26336593392716,110.82494810279334,1.9927985557892638,0.3473473740617304,0.3499999999999943,0.00036548054086900676,-0.0004004208679814266,-1.2101840491998237
IN_SP00_P_R03,IN,SP00,+to-,6,137.379,137.729,54.77454724141534,54.40429466735753,0.00012053277515352805,13.185934406362655,98.67999437244654,1.91199239130375,0.3455469695183296,0.35000000000002274,0.00034128351666949674,0.0002207507415159687,0.6781009393853096
IN_SP00_P_R03,IN,SP00,-to+,7,137.729,138.06900000000002,54.40429466735753,52.453355907826236,0.0006258075159934891,13.01688222911924,96.81474709820648,1.8990681383411643,0.3452675121568456,0.3400000000000034,0.00033750806734905687,-0.0002882994486444322,-0.8987226630298988
IN_SP00_P_R03,IN,SP00,+to-,8,138.06900000000002,138.419,52.453355907826236,51.99320036513468,0.0001452752787037634,12.14134466765885,87.33555278769106,1.8309675286239742,0.34383303937956217,0.3499999999999943,0.00031804238951670886,0.00017276711081294546,0.5472337116624709
IN_SP00_P_R03,IN,SP00,-to+,9,138.419,138.75900000000001,51.99320036513468,50.17509772039599,0.0005650119442295423,11.938615819091728,85.18485457279412,1.8149050700414364,0.3435039248433138,0.3400000000000034,0.00031355544040885574,-0.0002514565038206866,-0.8091060002733097
IN_SP00_P_R03,IN,SP00,+to-,10,138.75900000000001,139.099,50.17509772039599,49.74091717799508,0.0001327685222922186,11.151986672095669,77.00212058785945,1.7514413154616224,0.34223748905216606,0.339999999999975,0.0002962130538297706,0.00016344453153755199,0.5344961617057472
IN_SP00_P_R03,IN,SP00,-to+,11,139.099,139.439,49.74091717799508,48.03120915605913,0.0005144848269346357,10.96756160047095,75.12183474671886,1.736285555435641,0.34194298208611357,0.3400000000000034,0.0002921620095791808,-0.00022232281735545491,-0.7387836961145308
IN_SP00_P_R03,IN,SP00,+to-,12,139.439,139.78900000000002,48.03120915605913,47.545101501260525,0.00014381113710812057,10.254396140033469,67.99146185809096,1.6766054869745572,0.34081259546147136,0.35000000000002274,0.00027654542740565807,0.0001327342902975375,0.448664563443243
IN_SP00_P_R03,IN,SP00,-to+,13,139.78900000000002,140.129,47.545101501260525,46.01211568798341,0.00044619101363966885,10.055469534494256,66.04324515300087,1.65963712878379,0.3404996630873701,0.339999999999975,0.00027220223989944,-0.00017398877374022887,-0.5977582649982741
IN_SP00_P_R03,IN,SP00,+to-,14,140.129,140.469,46.01211568798341,45.50491293895816,0.000145137049577601,9.439433476519326,60.1259997271245,1.6061258291276928,0.33953703537334295,0.3400000000000034,0.00025878335810384904,0.00011364630852624805,0.39715242978015364
IN_SP00_P_R03,IN,SP00,-to+,15,140.469,140.809,45.50491293895816,44.04913968642556,0.00040955239510786725,9.239423807054125,58.2433249392398,1.5884211132363786,0.33922657634605186,0.3400000000000034,0.0002544356386801579,-0.00015511675642770933,-0.551354975951119
IN_SP00_P_R03,IN,SP00,+to-,16,140.809,141.139,44.04913968642556,43.51639535937994,0.00014723670138633098,8.676012153243953,53.04436477295631,1.5376050403980572,0.3383574415393209,0.3300000000000125,0.00024220768456976693,9.497098318343594e-05,0.34363083245491244
IN_SP00_P_R03,IN,SP00,-to+,17,141.139,141.479,43.51639535937994,42.22446335440593,0.00035107290402042743,8.473814100279151,51.216916030875076,1.5190087552415221,0.33804745142644,0.3400000000000034,0.00023782490326824756,-0.00011324800075217988,-0.4167385620067253
IN_SP00_P_R03,IN,SP00,+to-,18,141.479,141.81900000000002,42.22446335440593,41.658695011479544,0.00015104090721252536,7.992435517941166,46.95010627917081,1.4739118208441455,0.3373134936032275,0.3400000000000034,0.0002273984702586127,7.635756304608733e-05,0.2860186501662322
IN_SP00_P_R03,IN,SP00,-to+,19,141.81900000000002,142.159,41.658695011479544,40.45881419465659,0.00031479222679015446,7.785654557444335,45.154271526610415,1.4541627800689099,0.3369999483465718,0.339999999999975,0.00022292158866858136,-9.18706381215731e-05,-0.35017320185491524
IN_SP00_P_R03,IN,SP00,+to-,20,142.159,142.489,40.45881419465659,39.85133922156837,0.00015646960677617974,7.355307374344998,41.49009118229151,1.412279038298751,0.33635070998839334,0.3300000000000125,0.00021360402812090586,5.7134421344726116e-05,0.22181667877442807
IN_SP00_P_R03,IN,SP00,-to+,21,142.489,142.829,39.85133922156837,38.7520303550221,0.0002781203295626897,7.141708260815462,39.70894742177675,1.391074161491044,0.33603010981337655,0.3400000000000034,0.00020897737791650907,-6.914295164618065e-05,-0.273292837159486
IN_SP00_P_R03,IN,SP00,+to-,22,142.829,143.169,38.7520303550221,38.1516519904137,0.00014912567494142798,6.762542995919939,36.61017791148119,1.3527010430558455,0.335463663430795,0.3400000000000034,0.0002007573516617055,5.163167672027753e-05,0.2078676245693286
IN_SP00_P_R03,IN,SP00,-to+,23,143.169,143.499,38.1516519904137,37.07604074989049,0.00026221498021068235,6.559500676939569,34.98463416512258,1.3317438846155343,0.3351617202996517,0.3299999999999841,0.00019634995101253772,-6.586502919814463e-05,-0.27017573670554595
IN_SP00_P_R03,IN,SP00,+to-,24,143.499,143.839,37.07604074989049,36.43390852553506,0.0001534788946566865,6.202923450149263,32.18853800105653,1.294197969378353,0.33463377790334703,0.3400000000000034,0.00018859620714495692,3.5117312488270404e-05,0.1469246961730249
IN_SP00_P_R03,IN,SP00,-to+,25,143.839,144.169,36.43390852553506,35.490543574946294,0.00022127801916946378,5.994472850331343,30.589363262893112,1.2717833262820386,0.33432650960671934,0.3300000000000125,0.00018405316035939636,-3.722485881006742e-05,-0.1586973282190271
IN_SP00_P_R03,IN,SP00,+to-,26,144.169,144.499,35.490543574946294,34.78973004420602,0.00016111770175616913,5.694275595200541,28.33342075081075,1.2388536774106635,0.33388575031201306,0.3299999999999841,0.0001774934125592268,1.6375710803057667e-05,0.07122897137286423
IN_SP00_P_R03,IN,SP00,-to+,27,144.499,144.839,34.78973004420602,33.94393269731887,0.00019070284414721383,5.47594350018494,26.72839911261285,1.2143906703027747,0.33356647579580423,0.3400000000000034,0.00017270714187540246,-1.7995702271811375e-05,-0.07981306783487666
IN_SP00_P_R03,IN,SP00,+to-,28,144.839,145.169,33.94393269731887,33.20485402913324,0.0001632551992185392,5.217789579892921,24.870434101578645,1.1848667732871483,0.33319035727532786,0.3300000000000125,0.000167027637997165,3.772438778625823e-06,0.01707822912498198
IN_SP00_P_R03,IN,SP00,-to+,29,145.169,145.499,33.20485402913324,32.42895528759277,0.00016795967638493636,4.997022315995805,23.316572549712955,1.1590680609049602,0.332869895298579,0.3299999999999841,0.00016215013901871617,-5.809537366220191e-06,-0.026837264666985924
IN_SP00_P_R03,IN,SP00,+to-,30,145.499,145.839,32.42895528759277,31.625557372115928,0.0001701791788016744,4.770114481770335,21.753992569926353,1.131984085501037,0.3325416515444618,0.3400000000000034,0.00015711383826687165,-1.306534053480276e-05,-0.06167958638136549
IN_SP00_P_R03,IN,SP00,-to+,31,145.839,146.169,31.625557372115928,30.952936109474752,0.00013953227041028907,4.540435983218153,20.208851443728708,1.103940207843577,0.33221056071771293,0.3300000000000125,0.00015198828915814972,1.245601874786065e-05,0.06004442501514489
IN_SP00_P_R03,IN,SP00,+to-,32,146.169,146.499,30.952936109474752,30.15892007861821,0.00016123253188356066,4.352289754135028,18.971176954381384,1.0804612965395568,0.331940205362855,0.3299999999999841,0.0001477656451284347,-1.3466886755125962e-05,-0.06631936048590045
IN_SP00_P_R03,IN,SP00,-to+,33,146.499,146.829,30.15892007861821,29.526798821063295,0.00012564282970900587,4.135073126006497,17.57451317064515,1.0527449084354297,0.33162904065853405,0.3300000000000125,0.000142859809101744,1.7216979392738126e-05,0.08661985323860318
IN_SP00_P_R03,IN,SP00,+to-,34,146.829,147.159,29.526798821063295,28.656701196375366,0.00016897654455142537,3.9659448366876955,16.511559032460177,1.030679714003069,0.3313874738289863,0.3299999999999841,0.00013901422057825474,-2.9962323973170633e-05,-0.15428115470311504
IN_SP00_P_R03,IN,SP00,-to+,35,147.159,147.489,28.656701196375366,28.114852842262838,0.00010289156322292349,3.7386788072362145,15.117929128281721,1.0003075772738965,0.33106384310449377,0.3300000000000125,0.00013380604851098466,3.091448528806117e-05,0.16280149727329565
IN_SP00_P_R03,IN,SP00,+to-,36,147.489,147.829,28.114852842262838,27.245759845347653,0.00016125833235688649,3.600402768827824,14.289959730515967,0.981393501622345,0.33086747973762765,0.3400000000000034,0.0001306115970060752,-3.064673535081128e-05,-0.16516732709983833
IN_SP00_P_R03,IN,SP00,-to+,37,147.829,148.159,27.245759845347653,26.751834715548036,8.956282220597475e-05,3.3838523340944673,13.0245022548945,0.9510564330179552,0.3305607829230956,0.3299999999999841,0.00012556455321436076,3.600173100838601e-05,0.19854337058187144
IN_SP00_P_R03,IN,SP00,+to-,38,148.159,148.489,26.751834715548036,25.830594988664014,0.00016298432979033946,3.263666912286757,12.339006083922936,0.9338151934712678,0.3303909976784378,0.3300000000000125,0.00012273749690975137,-4.0246832880588086e-05,-0.22748556252942945
IN_SP00_P_R03,IN,SP00,-to+,39,148.489,148.81900000000002,25.830594988664014,25.437538538092678,6.79206256937601e-05,3.04511442959808,11.12416514741121,0.9016578606026688,0.33008303495344504,0.3300000000000125,0.00011754271700904745,4.9622091315287356e-05,0.2871623256904748
IN_SP00_P_R03,IN,SP00,+to-,40,148.81900000000002,149.149,25.437538538092678,24.504274885427403,0.00015736701344450216,2.9540969182397094,10.630595135315236,0.8879376021853245,0.3299550796252036,0.3299999999999841,0.0001153566492759274,-4.201036416857476e-05,-0.2491393312550009
IN_SP00_P_R03,IN,SP00,-to+,41,149.149,149.479,24.504274885427403,24.14063420125418,5.9823609145387736e-05,2.7433515250756377,9.516513626813522,0.8553605551289288,0.3296594755537641,0.3300000000000125,0.00011023699041204382,5.0413381266656084e-05,0.3064396473009119
IN_SP00_P_R03,IN,SP00,+to-,42,149.479,149.809,24.14063420125418,23.172851534684515,0.00015510782969617096,2.6632854356502023,9.104027590378953,0.8426671006628738,0.32954741399400295,0.3299999999999841,0.00010826862960688281,-4.6839200089288146e-05,-0.29224589874053686
IN_SP00_P_R03,IN,SP00,-to+,43,149.809,150.139,23.172851534684515,22.895874505383645,4.328860321727408e-05,2.455820444571606,8.06370651438321,0.8088851127121315,0.3292576653018525,0.3300000000000125,0.00010310051080027178,5.9811907582997695e-05,0.38269907358687055
IN_SP00_P_R03,IN,SP00,+to-,44,150.139,150.459,22.895874505383645,21.866404641809932,0.00015656875443967037,2.3979521688401166,7.781038693860889,0.7992167904847456,0.3291770052182652,0.3199999999999932,0.00010163987692299335,-5.4928877516677025e-05,-0.36116314266108285
IN_SP00_P_R03,IN,SP00,-to+,45,150.459,150.78900000000002,21.866404641809932,21.664766521113272,2.986503762923467e-05,2.188768998209147,6.787507366011348,0.7632815131459093,0.32888601204705026,0.3300000000000125,9.62809533770571e-05,6.641591574782244e-05,0.44841642897333517
IN_SP00_P_R03,IN,SP00,+to-,46,150.78900000000002,151.119,21.664766521113272,20.632658976032637,0.00014873478149936547,2.1488889030685705,6.603235930069863,0.7562430149385284,0.3288306376582185,0.3299999999999841,9.524397992875574e-05,-5.3490801570609724e-05,-0.37118092281805304
IN_SP00_P_R03,IN,SP00,-to+,47,151.119,151.449,20.632658976032637,20.477827735741947,2.1714068163409683e-05,1.9503766832498453,5.7113683884110475,0.7202156651458627,0.32855548553762143,0.3300000000000125,8.99990439495444e-05,6.828497578613473e-05,0.4869029698936086
IN_SP00_P_R03,IN,SP00,+to-,48,151.449,151.779,20.477827735741947,19.386840610844764,0.0001485566503508413,1.9214094038437586,5.5848401601142745,0.7148110352898245,0.32851540239018245,0.3299999999999841,8.922113064084156e-05,-5.933551970999973e-05,-0.4357483152264819
IN_SP00_P_R03,IN,SP00,-to+,49,151.779,152.109,19.386840610844764,19.283285259632855,1.3694941023905849e-05,1.7233246301014058,4.7452334448528095,0.6767284004371796,0.32824176423526297,0.3300000000000125,8.380338946056204e-05,7.010844843665619e-05,0.5301303598122059
IN_SP00_P_R03,IN,SP00,+to-,50,152.109,152.429,19.283285259632855,18.16892612037206,0.00014289687636346625,1.7050721605224695,4.670170016223235,0.6731136367637658,0.32821659016555127,0.3199999999999932,8.329481906700951e-05,-5.960205729645674e-05,-0.4647900788477097
IN_SP00_P_R03,IN,SP00,-to+,51,152.429,152.75900000000001,18.16892612037206,18.158641207218185,1.280632312757672e-06,1.5147041511258945,3.911390851340064,0.634215164704184,0.3279544351567903,0.3300000000000125,7.788212050662185e-05,7.660148819386418e-05,0.6151958252381436
IN_SP00_P_R03,IN,SP00,+to-,52,152.75900000000001,153.089,18.158641207218185,17.044418443384636,0.00013457965158030055,1.512998772972182,3.904796798387918,0.6338561535085505,0.32795209000751185,0.3299999999999841,7.78326656532059e-05,-5.674698592709465e-05,-0.46981684402568913
IN_SP00_P_R03,IN,SP00,-to+,53,153.089,153.419,17.044418443384636,17.005767940907266,4.520133227999292e-06,1.3338511452682766,3.233071242637472,0.5949624418494173,0.3277060625957467,0.3300000000000125,7.252720779309555e-05,6.800707456509626e-05,0.5815110797702178
IN_SP00_P_R03,IN,SP00,+to-,54,153.419,153.739,17.005767940907266,15.844340160347176,0.00013117264377255134,1.327836437531023,3.211255873949019,0.5936132847978566,0.32769781369559153,0.3199999999999932,7.234499124069941e-05,-5.882765253185193e-05,-0.520862416000208
IN_SP00_P_R03,IN,SP00,+to-,56,154.06900000000002,154.399,15.877078492868527,14.717168144385031,0.00012222820974137596,1.1581096915572806,2.6163154407890805,0.5542145905962697,0.3274653409761253,0.3299999999999841,6.70754452161305e-05,-5.5152764525245456e-05,-0.5233748416615861
IN_SP00_P_R03,IN,SP00,+to-,58,154.729,155.049,14.789332735538492,13.592134402479452,0.00011722770792501798,1.005393465454564,2.116733928639413,0.516245100816253,0.32725666092318306,0.3199999999999932,6.208747487969765e-05,-5.5140233045320337e-05,-0.5631142615642439
IN_SP00_P_R03,IN,SP00,+to-,60,155.379,155.709,13.737433597587417,12.449294471173069,0.00011655603545562612,0.8678752302316862,1.6979896273122077,0.47952689410398036,0.32706914665988585,0.3300000000000125,5.7342778507538384e-05,-5.9213256948087736e-05,-0.654391738704158
IN_SP00_P_R03,IN,SP00,+to-,62,156.029,156.359,12.65749707051687,11.3497786470822,0.00010863069380228318,0.7371205239068557,1.329350171742156,0.44182999788411254,0.32689120369312036,0.3300000000000125,5.2546703832870486e-05,-5.60839899694127e-05,-0.6751358428432855
IN_SP00_P_R03,IN,SP00,+to-,64,156.679,157.00900000000001,11.56877243462064,10.295029657795324,9.648210592188319e-05,0.6160264991266312,1.0157974211843201,0.40382633879618124,0.3267267100859475,0.3300000000000125,4.778279088603821e-05,-4.869931503584498e-05,-0.6429080586875707
IN_SP00_P_R03,IN,SP00,+to-,66,157.339,157.659,10.525162679240827,9.195231319041484,9.096530108516962e-05,0.5100838105183926,0.7654857016892448,0.36739748612156053,0.3265830355867758,0.3199999999999932,4.327786973238039e-05,-4.768743135278923e-05,-0.6971843762618352
IN_SP00_P_R03,IN,SP00,+to-,68,157.989,158.309,9.451073856013172,8.12794782490958,8.075473882399946e-05,0.41142834429258707,0.5545978770928853,0.32990471327317267,0.326449442486075,0.3199999999999932,3.8698657631100964e-05,-4.20560811928985e-05,-0.6890525579411111
IN_SP00_P_R03,IN,SP00,+to-,70,158.639,158.959,8.368429211775469,7.044998118423285,7.08870718537421e-05,0.3226657158295294,0.3852316606648643,0.2921132859311115,0.32632940907803254,0.3199999999999932,3.4135916426925514e-05,-3.675115542681659e-05,-0.6861129866531536
IN_SP00_P_R03,IN,SP00,+to-,72,159.28900000000002,159.609,7.2964876998038575,5.974838978335975,6.100085874933605e-05,0.24536262604278333,0.2554782670746391,0.25469546838568985,0.32622499818224976,0.3199999999999932,2.9664779951307884e-05,-3.133607879802817e-05,-0.6789145454112557
IN_SP00_P_R03,IN,SP00,+to-,74,159.939,160.299,6.251715551671533,4.909305680933455,5.214092866137081e-05,0.18016760151426028,0.1607671677748186,0.21822604054960387,0.32613703214014456,0.36000000000001364,2.5345885512820495e-05,-2.6795043148550315e-05,-0.6898440172830703
IN_SP00_N_R02,IN,SP00,+to-,1,176.189,176.53900000000002,60.505103002843455,60.064600962116636,0.0001528115020185148,15.915654528347059,130.27582057738593,2.1120265233158526,0.3501753236656137,0.35000000000002274,0.00040305944518017006,0.00025024794316165527,0.7213753984616722
IN_SP00_N_R02,IN,SP00,-to+,2,176.53900000000002,176.889,60.064600962116636,57.678181630656894,0.0008158923277756141,15.698488356390996,127.66433851819663,2.096650101370978,0.34979888217921634,0.3499999999999943,0.00039808682401541793,-0.00041780550376019614,-1.2219591090895197
IN_SP00_N_R02,IN,SP00,+to-,3,176.889,177.239,57.678181630656894,57.379729106880404,0.00010057332801756197,14.54290834236761,114.04689153951993,2.0133483520365494,0.34782004067426403,0.3499999999999943,0.000371797528950477,0.00027122420093291503,0.8048600693361044
IN_SP00_N_R02,IN,SP00,-to+,4,177.239,177.589,57.379729106880404,54.94889634507049,0.0008064423504341909,14.400913840490084,112.40671130306501,2.0029303936349767,0.34757965873534136,0.3499999999999943,0.0003685867506367996,-0.0004378555997973913,-1.3197148103898084
IN_SP00_N_R02,IN,SP00,+to-,5,177.589,177.939,54.94889634507049,54.56035193431949,0.0001267462731478689,13.26585559544481,99.56567820553795,1.9180783231171163,0.345679369132414,0.3499999999999943,0.00034307035883424965,0.00021632408568638076,0.6631465467447875
IN_SP00_N_R02,IN,SP00,-to+,6,177.939,178.279,54.56035193431949,52.41002675976076,0.0006902611029836003,13.088024428605554,97.59834069010222,1.9045155646014642,0.3453850171963672,0.3400000000000034,0.0003390962058651383,-0.00035116489711846204,-1.093896787104199
IN_SP00_N_R02,IN,SP00,+to-,7,178.279,178.629,52.41002675976076,51.95302833318714,0.0001441970338830606,12.122193275621623,87.13165916062167,1.8294550560323208,0.34380190023283064,0.3499999999999943,0.000317618198685118,0.00017342116480205738,0.5496159472401164
IN_SP00_N_R02,IN,SP00,-to+,8,178.629,178.969,51.95302833318714,50.006657764457564,0.0006039800473613613,11.920986575154394,84.99863035480917,1.8135028015920345,0.34347535844723387,0.3400000000000034,0.0003131656052109107,-0.0002908144421504506,-0.9371260810549346
IN_SP00_N_R02,IN,SP00,+to-,9,178.969,179.309,50.006657764457564,49.55020592950643,0.00013921053978296636,11.08028087897162,76.26930329436749,1.745561651815543,0.3421228748779254,0.3400000000000034,0.0002946373342864349,0.00015542679450346853,0.509621312101666
IN_SP00_N_R02,IN,SP00,-to+,10,179.309,179.649,49.55020592950643,47.73415341206963,0.0005444482134052075,10.886976069815889,74.30487035766832,1.729628477022209,0.3418145798097914,0.3400000000000034,0.0002903935691365696,-0.0002540546442686379,-0.8473850256137863
IN_SP00_N_R02,IN,SP00,+to-,11,179.649,179.999,47.73415341206963,47.24044070414138,0.00014536328084996245,10.132630311048048,66.79678938060374,1.6662362853854011,0.3406209232927316,0.3499999999999943,0.00027388627813906575,0.0001285229972891033,0.4365149186206786
IN_SP00_N_R02,IN,SP00,-to+,12,179.999,180.339,47.24044070414138,45.634706070877286,0.0004647414002377554,9.93167059611302,64.83994278038016,1.649002460760831,0.34030543116662615,0.3400000000000034,0.00026950192097491195,-0.00019523947926284343,-0.6745526306139553
IN_SP00_N_R02,IN,SP00,+to-,13,180.339,180.679,45.634706070877286,45.13634869654977,0.00014169884609406598,9.290424597343685,58.72157081754492,1.5929517482333069,0.3393056447279232,0.3400000000000034,0.0002555438928025604,0.00011384504670849442,0.40039380189380097
IN_SP00_N_R02,IN,SP00,-to+,14,180.679,181.019,45.13634869654977,43.673948043301024,0.00040871696931394204,9.095283779615375,56.89847811328455,1.5755557941660887,0.3390034651634372,0.3400000000000034,0.00025130477902590573,-0.0001574121902880363,-0.5632098950259509
IN_SP00_N_R02,IN,SP00,+to-,15,181.019,181.34900000000002,43.673948043301024,43.14896608023419,0.00014410725749296655,8.533388057586219,51.7532018682414,1.5245083814010758,0.33813867935293795,0.3300000000000125,0.00023911595931078178,9.500870181781523e-05,0.34611497837731725
IN_SP00_N_R02,IN,SP00,-to+,16,181.34900000000002,181.689,43.14896608023419,41.85397323483516,0.0003494561979768869,8.335613447076312,49.979763510389624,1.5061830538628767,0.33783615596892475,0.339999999999975,0.00023483059839271656,-0.00011462559958417033,-0.42476331132808154
IN_SP00_N_R02,IN,SP00,+to-,17,181.689,182.029,41.85397323483516,41.24594658386143,0.00016108382158893904,7.8567475917480945,45.76914848959532,1.4609792759789106,0.33710763103337416,0.3400000000000034,0.00022446072424818855,6.337690265924951e-05,0.2392211997136073
IN_SP00_N_R02,IN,SP00,-to+,18,182.029,182.369,41.24594658386143,40.05029535804479,0.00031109375431229077,7.63635864697212,43.87178509522393,1.4397551419801788,0.336774210929754,0.3400000000000034,0.00021968941709020137,-9.14043372220894e-05,-0.35129514281571655
IN_SP00_N_R02,IN,SP00,+to-,19,182.369,182.699,40.05029535804479,39.406045431750194,0.00016447174640145067,7.211346693775664,40.28686662296796,1.3980190407881656,0.33613451402660066,0.3300000000000125,0.00021048601358880097,4.60142671873503e-05,0.1802408785840364
IN_SP00_N_R02,IN,SP00,-to+,20,182.699,183.03900000000002,39.406045431750194,38.362492180438295,0.00026165799563712065,6.986973261605169,38.434531966387716,1.3755304759490226,0.33579853713983226,0.3400000000000034,0.0002056241774350475,-5.6033818202073135e-05,-0.2234728764712323
IN_SP00_N_R02,IN,SP00,+to-,21,183.03900000000002,183.369,38.362492180438295,37.635751423949316,0.00017871013534757148,6.630478685522788,35.550158276138895,1.3391035956384536,0.33526716180210775,0.3299999999999841,0.0001978912015005471,1.9181066152975626e-05,0.07800099896198694
IN_SP00_N_R02,IN,SP00,-to+,22,183.369,183.709,37.635751423949316,36.68925388029646,0.00022837390227421943,6.387319551674281,33.62504794962856,1.3137355576201195,0.3349064236881329,0.3400000000000034,0.00019260833530928978,-3.576556696492964e-05,-0.14822900527107133
IN_SP00_N_R02,IN,SP00,+to-,23,183.709,184.03900000000002,36.68925388029646,35.96393600588756,0.00017162093658467192,6.076966096967546,31.219061613823193,1.2806965606225575,0.3344479899994891,0.3300000000000125,0.00018585209366180663,1.4231157077134712e-05,0.06014443157912876
IN_SP00_N_R02,IN,SP00,-to+,24,184.03900000000002,184.379,35.96393600588756,35.08597767296294,0.00020376420602225145,5.844017314281315,29.45168524973405,1.2553781905585535,0.3341053487761433,0.339999999999975,0.00018076826860621462,-2.2995937416036823e-05,-0.09908156957561963
IN_SP00_N_R02,IN,SP00,+to-,25,184.379,184.709,35.08597767296294,34.363326090290464,0.00016442221541332867,5.567748271701668,27.39956741570087,1.224731663348843,0.3337005934783642,0.3300000000000125,0.0001747214384347638,1.0299223021435132e-05,0.04526578397834881
IN_SP00_N_R02,IN,SP00,-to+,26,184.709,185.03900000000002,34.363326090290464,33.54831371364143,0.00018182953219932386,5.345063729423163,25.780988998172973,1.1995063644240775,0.33337560247153414,0.3300000000000125,0.00016983070449500047,-1.1998827704323391e-05,-0.05378175106769349
IN_SP00_N_R02,IN,SP00,+to-,27,185.03900000000002,185.379,33.54831371364143,32.82552997895652,0.00015802556697801576,5.099055715591257,24.030664243471033,1.1710570655900179,0.33301786983535603,0.339999999999975,0.00016440696259024213,6.381395612226374e-06,0.0291872920191088
IN_SP00_N_R02,IN,SP00,-to+,28,185.379,185.709,32.82552997895652,32.06915413141253,0.0001620925230065267,4.88546755098023,22.543937427506133,1.1458271536897924,0.33270837780336593,0.3300000000000125,0.0001596772931489624,-2.4152298575642937e-06,-0.011270157509053684
IN_SP00_N_R02,IN,SP00,+to-,29,185.709,186.03900000000002,32.06915413141253,31.3420172821908,0.0001526406460722238,4.6665883507079,21.052924979829278,1.119424655845382,0.33239227031348956,0.3300000000000125,0.00015480723988368222,2.1665938114584255e-06,0.01032097063179129
IN_SP00_N_R02,IN,SP00,-to+,30,186.03900000000002,186.379,31.3420172821908,30.63901268243791,0.00014458199806811862,4.460662169979911,19.68095480579702,1.0940427915823883,0.33209583546266114,0.339999999999975,0.00015020070379956354,5.618705731444922e-06,0.027319799486600866
IN_SP00_N_R02,IN,SP00,+to-,31,186.379,186.709,30.63901268243791,29.860121926239582,0.0001567264986570974,4.265776949795628,18.4107275457831,1.0695033017376827,0.33181615165041745,0.3300000000000125,0.00014581593998129624,-1.0910558675801166e-05,-0.05422227851701516
IN_SP00_N_R02,IN,SP00,-to+,32,186.709,187.03900000000002,29.860121926239582,29.29342608735677,0.0001117257198973975,4.054706985121698,17.06670992277708,1.0423148853196642,0.33151417587870957,0.3300000000000125,0.00014103547122696334,2.9309751329565837e-05,0.14866448325270312
IN_SP00_N_R02,IN,SP00,+to-,33,187.03900000000002,187.369,29.29342608735677,28.471019081274694,0.0001586642078952545,3.904358537186292,16.129929746542814,1.0225334688279515,0.33129966373803205,0.3299999999999841,0.00013760770796107536,-2.1056499934179134e-05,-0.10914159305945133
IN_SP00_N_R02,IN,SP00,-to+,34,187.369,187.699,28.471019081274694,27.958971323853465,9.669600355453969e-05,3.69101224486994,14.83078352170596,0.9938260487327488,0.3309961062863603,0.3300000000000125,0.00013270717984118188,3.601117628664219e-05,0.19069434121485632
IN_SP00_N_R02,IN,SP00,+to-,35,187.699,188.029,27.958971323853465,27.10165938366029,0.00015827804281165895,3.561086665326739,14.057353388015834,0.9759522101438416,0.33081172250759316,0.3299999999999841,0.00012969945037171447,-2.8578592439944484e-05,-0.15479430714274503
IN_SP00_N_R02,IN,SP00,-to+,36,188.029,188.359,27.10165938366029,26.631369663987858,8.489041193132829e-05,3.3485723399429794,12.822015243130117,0.9460263779977783,0.33051091122584264,0.3300000000000125,0.00012473671235168506,3.9846300420356775e-05,0.2207464002502857
IN_SP00_N_R02,IN,SP00,+to-,37,188.359,188.689,26.631369663987858,25.776180421170757,0.0001508314583763646,3.2346725271938066,12.175465600630892,0.9296101699046482,0.33035008342950384,0.3299999999999841,0.00012205246699987526,-2.877899137648934e-05,-0.16317057232086576
IN_SP00_N_R02,IN,SP00,-to+,38,188.689,189.019,25.776180421170757,25.35523989597958,7.255810439932038e-05,3.032434318089603,11.054962001075609,0.8997584338750567,0.3300651983771004,0.3300000000000125,0.0001172390081405533,4.468090374123292e-05,0.2592124056136932
IN_SP00_N_R02,IN,SP00,+to-,39,189.019,189.34900000000002,25.35523989597958,24.479246111710886,0.00014741321250969915,2.9352088575971287,10.529096617573408,0.8850648376357364,0.32992854804682664,0.3300000000000125,0.00011490118989809321,-3.2512022611605937e-05,-0.19319877674372993
IN_SP00_N_R02,IN,SP00,-to+,40,189.34900000000002,189.679,24.479246111710886,24.103881227970138,6.16787160222484e-05,2.7378038207435496,9.487738962920577,0.8544868861107492,0.32965170659112847,0.3299999999999841,0.00011010104090240833,4.842232488015993e-05,0.29468849250311413
IN_SP00_N_R02,IN,SP00,+to-,41,189.679,190.00900000000001,24.103881227970138,23.176479130131877,0.00014853803766055968,2.6552572922181836,9.06300151201551,0.8413841798754657,0.3295361850865671,0.3300000000000125,0.00010807050179905123,-4.046753586150845e-05,-0.25265762598970887
IN_SP00_N_R02,IN,SP00,-to+,42,190.00900000000001,190.339,23.176479130131877,22.886735217344206,4.527880620411885e-05,2.4565828091538386,8.067452593515616,0.8090117396811052,0.3292587283925945,0.3299999999999841,0.00010311969473183444,5.784088852771559e-05,0.37012962373743463
IN_SP00_N_R02,IN,SP00,+to-,43,190.339,190.669,22.886735217344206,21.894510967958556,0.0001509649877165143,2.3960541722994333,7.771824113014691,0.7988977691495929,0.32917436085938945,0.3300000000000125,0.00010159181889455558,-4.937316882195872e-05,-0.3245033431842831
IN_SP00_N_R02,IN,SP00,-to+,44,190.669,190.999,21.894510967958556,21.65990105640322,3.4766201264664906e-05,2.194356323471629,6.813457956703882,0.764262609009775,0.32889377278819865,0.3299999999999841,9.642582183549393e-05,6.165962057082903e-05,0.4160922820540258
IN_SP00_N_R02,IN,SP00,+to-,45,190.999,191.329,21.65990105640322,20.66217465116866,0.00014386026618641373,2.1479310357152595,6.59883061901344,0.7560731781808685,0.32882930804116595,0.3300000000000125,9.521900845716646e-05,-4.864125772924727e-05,-0.3373416116664373
IN_SP00_N_R02,IN,SP00,-to+,46,191.329,191.659,20.66217465116866,20.469930404140854,2.6974556746445664e-05,1.9559228403463849,5.7357005967178,0.7212459565700078,0.3285631619296416,0.3299999999999841,9.014759833843119e-05,6.317304159198552e-05,0.4502260493326106
IN_SP00_N_R02,IN,SP00,+to-,47,191.659,191.979,20.469930404140854,19.446483311766684,0.00013953368841716405,1.9199375877824418,5.578436376546043,0.7145353664127028,0.3285133662396982,0.3200000000000216,8.918151353263346e-05,-5.0352174884530585e-05,-0.3693165604762449
IN_SP00_N_R02,IN,SP00,-to+,48,191.979,192.309,19.446483311766684,19.35562018496651,1.2055860146402079e-05,1.7338804370356025,4.788824785331471,0.6788103234489191,0.32825632605085103,0.3299999999999841,8.409674001052408e-05,7.2040879864122e-05,0.5429607540614679
IN_SP00_N_R02,IN,SP00,+to-,49,192.309,192.639,19.35562018496651,18.282993288834902,0.00013820545326140367,1.717811730273328,4.722519846096988,0.675638601986279,0.3282341600496725,0.3300000000000125,8.364996110347251e-05,-5.455549215793116e-05,-0.4234046653858924
IN_SP00_N_R02,IN,SP00,-to+,50,192.639,192.969,18.282993288834902,18.22543610220865,7.201236803852427e-06,1.5336814041769258,3.985016933954526,0.6381968600203913,0.32798053568184166,0.3299999999999841,7.843121531483841e-05,7.122997851098599e-05,0.5693184526245834
IN_SP00_N_R02,IN,SP00,+to-,51,192.969,193.299,18.22543610220865,17.108669253190374,0.00013537306608644065,1.524091136847289,3.9477526966508183,0.6361877351907654,0.32796734471564787,0.3300000000000125,7.815400862747228e-05,-5.7219057458968365e-05,-0.47202399148315355
IN_SP00_N_R02,IN,SP00,-to+,52,193.299,193.619,17.108669253190374,17.093934677328395,1.7306758350026115e-06,1.3438793714263908,3.26955237946338,0.5972052182057828,0.327719817475241,0.3199999999999932,7.283038123757293e-05,7.109970540257032e-05,0.6053265313721071
IN_SP00_N_R02,IN,SP00,+to-,53,193.619,193.949,17.093934677328395,15.98542587586813,0.00012604551427819908,1.3415763359673638,3.2611622903391515,0.59669088448043,0.3277166584148562,0.3300000000000125,7.276082546749853e-05,-5.328468881070055e-05,-0.4686055323132241
IN_SP00_N_R02,IN,SP00,+to-,55,194.279,194.59900000000002,15.999278777553936,14.856235385508777,0.00012145462523223986,1.1759325596572443,2.6768738146674202,0.5584801852255392,0.3274897255704614,0.3200000000000216,6.764124154461276e-05,-5.38133836876271e-05,-0.5064443817108643
IN_SP00_N_R02,IN,SP00,+to-,57,194.929,195.25900000000001,14.941307004860482,13.775110353174671,0.00011551168493847158,1.0260886308192403,2.182360086167562,0.5215500035722156,0.3272849126518605,0.3300000000000125,6.277925440042491e-05,-5.273243053804667e-05,-0.5323731744218728
IN_SP00_N_R02,IN,SP00,+to-,59,195.589,195.909,13.881101091135129,12.6852735059602,0.00010974433007274774,0.8860669194103915,1.751609877196173,0.48454183568497095,0.32709393049088986,0.3199999999999932,5.798642793244798e-05,-5.175790214029976e-05,-0.5639690334560538
IN_SP00_N_R02,IN,SP00,+to-,61,196.239,196.559,12.861404128869385,11.63945808353879,0.00010356133728056621,0.7609983056245634,1.3944151965441227,0.4489476969567277,0.32692367344082374,0.3199999999999932,5.3446706284661937e-05,-5.011463099590427e-05,-0.5913038226673215
IN_SP00_N_R02,IN,SP00,+to-,63,196.889,197.219,11.824542936256965,10.584280167874843,9.625853148972007e-05,0.6435055239837126,1.0844739113266588,0.412754413562244,0.3267640120349814,0.3299999999999841,4.8895851208673986e-05,-4.7362680281046086e-05,-0.6102422421506065
IN_SP00_N_R02,IN,SP00,+to-,65,197.53900000000002,197.869,10.797957311925444,9.557124609606612,8.75745273591227e-05,0.536817904564915,0.8264154372271774,0.3769198151657907,0.3266192702293595,0.3299999999999841,4.4449918879075735e-05,-4.312460848004697e-05,-0.6110153305246612
IN_SP00_N_R02,IN,SP00,+to-,67,198.189,198.519,9.758433415208554,8.522981366089416,7.839167859954363e-05,0.4385825827419072,0.6103751855238685,0.3406335858640483,0.3264861939748408,0.3300000000000125,4.000343675295853e-05,-3.8388241846585096e-05,-0.6049865764759966
IN_SP00_N_R02,IN,SP00,+to-,69,198.84900000000002,199.169,8.739173689910352,7.480987793491005,7.089678608244413e-05,0.3518535498691874,0.4386491417582389,0.3050547095851952,0.32636886263093595,0.3199999999999932,3.5692782635951756e-05,-3.520400344649237e-05,-0.6247432800234423
IN_SP00_N_R02,IN,SP00,+to-,71,199.499,199.81900000000002,7.725925019241522,6.43511767103559,6.355182232136682e-05,0.27506618489354334,0.30323440680235364,0.26968565869594163,0.3262651040214909,0.3200000000000216,3.145081206562977e-05,-3.2101010255737045e-05,-0.6519930055151487
IN_SP00_N_R02,IN,SP00,+to-,73,200.149,200.50900000000001,6.699006063029884,5.42609684297017,5.3696963121816826e-05,0.20685169730833147,0.19776716231231722,0.23383942482186854,0.3261730262933254,0.36000000000001364,2.7190553242894102e-05,-2.6506409878922723e-05,-0.628332734005462
IN_SP00_N_R02,IN,SP00,+to-,75,200.78900000000002,201.159,5.657428655737927,4.402293642929624,4.395378445213908e-05,0.14755884000013253,0.11916552990022815,0.19748151447860723,0.32609306508538805,0.3699999999999761,2.290425394068991e-05,-2.104953051144917e-05,-0.6010739418458745
OUT_SP00_N_R01,OUT,SP00,+to-,1,217.559,217.919,56.68829067264288,56.091983673118456,0.00019062950528110382,13.785763686001916,104.25307553207622,1.9787946391304185,0.3542881146843971,0.36000000000001364,0.0008209600711118727,0.0006303305658307689,1.971724321967963
OUT_SP00_N_R01,OUT,SP00,-to+,2,217.919,218.269,56.091983673118456,52.62298941328416,0.0010819785263254614,13.51215721228433,101.21074444715744,1.9579795981416397,0.35380985746924865,0.3499999999999943,0.0008050914617678134,-0.00027688706455764804,-0.887608128884907
OUT_SP00_N_R01,OUT,SP00,+to-,3,218.269,218.619,52.62298941328416,51.938414860339435,0.00020786060430461384,11.966130559001018,84.56171847861619,1.8368888550078553,0.3511503341152411,0.3499999999999943,0.0007157846453827315,0.0005079240410781177,1.6728028202400276
OUT_SP00_N_R01,OUT,SP00,-to+,4,218.619,218.969,51.938414860339435,48.76895698763079,0.0009366707860519085,11.670446100409043,81.48612782786427,1.8129926951593478,0.35064980365806986,0.3499999999999943,0.0006987728347866116,-0.00023789795126529683,-0.8048840774763084
OUT_SP00_N_R01,OUT,SP00,+to-,5,218.969,219.31900000000002,48.76895698763079,48.00219405548917,0.00022004577712979152,10.343195857715433,68.13453099154582,1.7023577443953055,0.3484340854922382,0.35000000000002274,0.0006226721082477754,0.00040262633111798395,1.4029655398122602
OUT_SP00_N_R01,OUT,SP00,-to+,6,219.31900000000002,219.669,48.00219405548917,45.22037300325578,0.0007759175316818702,10.032605666889376,65.12120357475852,1.6755926688990712,0.3479227655929303,0.3499999999999943,0.000604923177788401,-0.00017099435389346916,-0.6129890798368827
OUT_SP00_N_R01,OUT,SP00,+to-,7,219.669,220.019,45.22037300325578,44.38543579975768,0.00022584151473718816,8.941021113773205,54.88317574009803,1.5784887957735396,0.34614670734295183,0.3499999999999943,0.0005427095047051322,0.0003168679899679441,1.1714521700477298
OUT_SP00_N_R01,OUT,SP00,-to+,8,220.019,220.359,44.38543579975768,41.821811616420774,0.0006723728192710142,8.624343585930847,52.01945675690504,1.549343989276668,0.3456374701162146,0.3400000000000034,0.0005247058530432596,-0.00014766696622775456,-0.5629778855670935
OUT_SP00_N_R01,OUT,SP00,+to-,9,220.359,220.709,41.821811616420774,41.015542044526086,0.0002047441215649462,7.6842738129651815,43.81523510018986,1.4598566237107087,0.34414132836320416,0.3499999999999943,0.00047136481216245675,0.00026662069059751057,1.0499269758557952
OUT_SP00_N_R01,OUT,SP00,-to+,10,220.709,221.049,41.015542044526086,38.781297169980576,0.0005500718262721118,7.398819049486419,41.415134444684405,1.4317125063342937,0.3436915539273427,0.3400000000000034,0.0004551942447371307,-9.487758153498108e-05,-0.3853429855188976
OUT_SP00_N_R01,OUT,SP00,+to-,11,221.049,221.399,38.781297169980576,37.91252832469489,0.00020689726604982762,6.633744739586684,35.20243754900828,1.3537226476210402,0.34249628011114963,0.3499999999999943,0.00041189944600483747,0.00020500217995500985,0.860803066302881
OUT_SP00_N_R01,OUT,SP00,-to+,12,221.399,221.739,37.91252832469489,35.91546007281261,0.00046040008283325417,6.346665701736258,32.95694598163005,1.3233968940430714,0.3420515633012326,0.3400000000000034,0.0003956659162631013,-6.473416657015285e-05,-0.28078188862394393
OUT_SP00_N_R01,OUT,SP00,+to-,13,221.739,222.079,35.91546007281261,34.96827849036173,0.00021082973208400022,5.709171777742744,28.146029370307236,1.2536860612782847,0.34107128147405313,0.3400000000000034,0.000359624828306438,0.00014879509622243777,0.6684748326191345
OUT_SP00_N_R01,OUT,SP00,-to+,14,222.079,222.419,34.96827849036173,33.164921746367526,0.0003877401534710075,5.417854171659773,26.031169989775567,1.220623186822249,0.34062661509112246,0.3400000000000034,0.00034315169954417875,-4.458845392682877e-05,-0.20736972786292268
OUT_SP00_N_R01,OUT,SP00,+to-,15,222.419,222.75900000000001,33.164921746367526,32.19438576982137,0.00020115046327368407,4.883075203578804,22.292050941200976,1.1576741612807622,0.3398156354223491,0.3400000000000034,0.0003128894356530242,0.00011173897237934011,0.5391257588207327
OUT_SP00_N_R01,OUT,SP00,-to+,16,222.75900000000001,223.09900000000002,32.19438576982137,30.58268186875754,0.0003222123548526048,4.606144818855661,20.43151775784316,1.1237960646811844,0.3393983479234258,0.3400000000000034,0.00029719898829307973,-2.5013366559525083e-05,-0.12511255613466327
OUT_SP00_N_R01,OUT,SP00,+to-,17,223.09900000000002,223.439,30.58268186875754,29.594672126429444,0.00019013230101015655,4.163250930740484,17.56859623688449,1.0675369853995829,0.3387347238909699,0.339999999999975,0.0002720612126927861,8.192891168262956e-05,0.42573281645942596
OUT_SP00_N_R01,OUT,SP00,-to+,18,223.439,223.779,29.594672126429444,28.09758334784283,0.00027724488494879887,3.902311772115701,15.949379744494129,1.0330489393087707,0.3383458733288891,0.3400000000000034,0.0002572159684123432,-2.0028916536455677e-05,-0.10815064529478731
OUT_SP00_N_R01,OUT,SP00,+to-,19,223.779,224.119,28.09758334784283,27.098285825479618,0.00017769935740347115,3.5223539173068055,13.685513755004088,0.980790682546777,0.33778246441762644,0.3400000000000034,0.00023553588119709756,5.783652379362641e-05,0.32524125713475593
OUT_SP00_N_R01,OUT,SP00,-to+,20,224.119,224.459,27.098285825479618,25.706541728405746,0.00023755124034162588,3.279153010899018,12.29742666643069,0.9459086186022577,0.33742357119601823,0.3400000000000034,0.00022160814701566173,-1.594309332596415e-05,-0.09340368207828396
OUT_SP00_N_R01,OUT,SP00,+to-,21,224.459,224.78900000000002,25.706541728405746,24.696305107502734,0.00016511740703577637,2.9544409281436814,10.521991477472868,0.8973275849239883,0.3369464774507989,0.3300000000000125,0.0002029318644731813,3.781445743740493e-05,0.23135692077442613
OUT_SP00_N_R01,OUT,SP00,-to+,22,224.78900000000002,225.129,24.696305107502734,23.49092913525447,0.00018888002897739415,2.729009632297542,9.34416085725365,0.8620636744060297,0.3366166477237585,0.339999999999975,0.00018989830775612427,1.0182787787301178e-06,0.006498231416226588
OUT_SP00_N_R01,OUT,SP00,+to-,23,225.129,225.469,23.49092913525447,22.57660553852719,0.00013732314413340856,2.471405801652144,8.055959440683615,0.8199881155257097,0.33624113278248596,0.3400000000000034,0.0001749194901262333,3.7596345992824733e-05,0.25032096203019966
OUT_SP00_N_R01,OUT,SP00,-to+,24,225.469,225.799,22.57660553852719,21.420120542957683,0.00016628200423826492,2.2842979195601583,7.160649952545216,0.7880722011425739,0.33596930282649057,0.3300000000000125,0.00016397050895936659,-2.3114952788983367e-06,-0.016076088574264562
OUT_SP00_N_R01,OUT,SP00,+to-,25,225.799,226.139,21.420120542957683,20.572684211390374,0.00011655452843791037,2.057934653537082,6.1251711302891305,0.7477032592973741,0.335641472719742,0.3400000000000034,0.00015062884628583992,3.407431784792955e-05,0.2477428556554383
OUT_SP00_N_R01,OUT,SP00,-to+,26,226.139,226.479,20.572684211390374,19.468239225092404,0.00014513857454579552,1.8993979752242705,5.432477994839848,0.7181221509236303,0.33541254028378187,0.3400000000000034,0.00014121002712462623,-3.928547421169288e-06,-0.02989417073732209
OUT_SP00_N_R01,OUT,SP00,+to-,27,226.479,226.809,19.468239225092404,18.636012818132144,0.00010427814397858027,1.7021324167708236,4.6099075407360965,0.6795697480875438,0.33512844618091997,0.3299999999999841,0.00012938556686907393,2.5107422890493662e-05,0.20037637667851194
OUT_SP00_N_R01,OUT,SP00,-to+,28,226.809,227.149,18.636012818132144,17.650309185187034,0.0001178194195110103,1.560505474359817,4.0475483717327405,0.6505195662405462,0.33492500079219345,0.3400000000000034,0.00012081055413277892,2.99113462176862e-06,0.025024193092481543
OUT_SP00_N_R01,OUT,SP00,+to-,29,227.149,227.479,17.650309185187034,16.82367103724254,9.402589323556033e-05,1.4005905700412689,3.442425446301499,0.6161120185530226,0.33469580517013664,0.3300000000000125,0.00011102408167215598,1.6998188436595648e-05,0.1494399963207365
OUT_SP00_N_R01,OUT,SP00,-to+,30,227.479,227.809,16.82367103724254,15.893034557501485,0.00010061062189690108,1.2730487741811782,2.9836500084498603,0.5872569037445837,0.3345134017709219,0.3299999999999841,0.00010312416022928761,2.5135383323865294e-06,0.023249679878262475
OUT_SP00_N_R01,OUT,SP00,+to-,31,227.809,228.149,15.893034557501485,15.077766114757186,8.35534660097234e-05,1.1366519992040087,2.5177337355404648,0.554771562323282,0.3343187197908289,0.3400000000000034,9.456346004881406e-05,1.1009994039090667e-05,0.10742851733054294
OUT_SP00_N_R01,OUT,SP00,-to+,32,228.149,228.479,15.077766114757186,14.2436606401489,8.103413738711542e-05,1.0234397155346944,2.1514688267257394,0.5263133250962921,0.3341574309476753,0.3300000000000125,8.735195965222155e-05,6.3178222651061295e-06,0.06503041526201396
OUT_SP00_N_R01,OUT,SP00,+to-,33,228.479,228.809,14.2436606401489,13.386653505620513,7.85534173917888e-05,0.9136931716275245,1.81515227801266,0.497197551414643,0.3340013397435344,0.3299999999999841,8.025020007928688e-05,1.6967826874980842e-06,0.018511496527027885
OUT_SP00_N_R01,OUT,SP00,-to+,34,228.809,229.149,13.386653505620513,12.57055735304243,7.035428951815035e-05,0.8073552240408708,1.5079191755258379,0.4672823589934384,0.33385034010284476,0.3400000000000034,7.324253149896336e-05,2.8882419808130084e-06,0.033502765209121925
OUT_SP00_N_R01,OUT,SP00,+to-,35,229.149,229.479,12.57055735304243,11.744286369709751,6.679465410292356e-05,0.7121572356217677,1.249413676973345,0.4387952292427473,0.3337153619632835,0.3300000000000125,6.683974917634912e-05,4.5095073425562926e-08,0.0005578354777764587
OUT_SP00_N_R01,OUT,SP00,-to+,36,229.479,229.809,11.744286369709751,10.980989260332933,5.772505859895399e-05,0.6218114640980825,1.019503405989123,0.4099529308970544,0.33358744033142884,0.3299999999999841,6.062382396247187e-05,2.898765363517882e-06,0.0383300236402492
OUT_SP00_N_R01,OUT,SP00,+to-,37,229.809,230.139,10.980989260332933,10.20050844975881,5.506237053024528e-05,0.5437610163651856,0.833801978151155,0.38330883543789285,0.3334770660097747,0.3300000000000125,5.5118306228454314e-05,5.593569820903108e-08,0.0007928536516545502
OUT_SP00_N_R01,OUT,SP00,-to+,38,230.139,230.469,10.20050844975881,9.486519890172147,4.685385869081046e-05,0.46933485931207286,0.6686870295187843,0.35606491565158765,0.33337193602176135,0.3299999999999841,4.97220914408758e-05,2.868232750065342e-06,0.043707651334270216
OUT_SP00_N_R01,OUT,SP00,+to-,39,230.469,230.799,9.486519890172147,8.687713682651527,4.842694476051016e-05,0.40602237011985914,0.538101642524976,0.33114201327886966,0.33328259586881354,0.3300000000000125,4.499063423112812e-05,-3.43631052938204e-06,-0.05668174947659113
OUT_SP00_N_R01,OUT,SP00,-to+,40,230.799,231.139,8.687713682651527,8.107391297817236,3.253190495089071e-05,0.3406020301862684,0.41347785058796455,0.3032584164656618,0.3331903693640858,0.3400000000000034,3.99275207101992e-05,7.395615759308491e-06,0.13192658210212144
OUT_SP00_N_R01,OUT,SP00,+to-,41,231.139,231.459,8.107391297817236,7.288415786765876,4.210925996660692e-05,0.29666458622983005,0.33613069604803425,0.28300134378889386,0.3331284785785505,0.3199999999999932,3.6400736152251865e-05,-5.708523814355057e-06,-0.11102311967238553
OUT_SP00_N_R01,OUT,SP00,-to+,42,231.459,231.78900000000002,7.288415786765876,6.754053578490307,2.50729495386099e-05,0.23980412413399713,0.2443042850583179,0.254413705466795,0.3330484440089971,0.3300000000000125,3.163884025053447e-05,6.565890711924572e-06,0.13993372175505298
OUT_SP00_N_R01,OUT,SP00,+to-,43,231.78900000000002,232.119,6.754053578490307,5.941362054575063,3.449018389649091e-05,0.20595441166987352,0.19445740293651695,0.23576094560152225,0.33300083043222184,0.3299999999999841,2.866670201161849e-05,-5.823481884872417e-06,-0.13721743867901606
OUT_SP00_N_R01,OUT,SP00,-to+,44,232.119,232.449,5.941362054575063,5.5380523857616275,1.5482679759180546e-05,0.15939887498637578,0.13241145961347442,0.20739265981077976,0.33293538354167707,0.3300000000000125,2.434905006374884e-05,8.866370304568296e-06,0.23096037276535877
OUT_SP00_N_R01,OUT,SP00,+to-,45,232.449,232.769,5.5380523857616275,4.731785379704979,2.7699545687264306e-05,0.13850302075367324,0.10725065749015117,0.19331449655893507,0.33290602318442175,0.3199999999999932,2.2296501142345583e-05,-5.403044544918724e-06,-0.15726830521814325
OUT_SP00_N_R01,OUT,SP00,-to+,46,232.769,233.09900000000002,4.731785379704979,4.422230433850063,9.482048294494131e-06,0.10112354151775914,0.06691345678432557,0.1651704687471639,0.3328535246091454,0.3300000000000125,1.8371069471505037e-05,8.889021177010906e-06,0.290194379636167
OUT_SP00_P_R01,OUT,SP00,-to+,1,255.929,256.279,61.2657496730487,57.752785940965055,0.001161810544670681,15.959576172935554,129.38733527927505,2.1385781009946787,0.3581726475664774,0.3499999999999943,0.0009477265655898505,-0.00021408397908083052,-0.6472238199264025
OUT_SP00_P_R01,OUT,SP00,+to-,2,256.279,256.639,57.752785940965055,57.02048026096257,0.00023677613066681887,14.27977759200816,109.81657913039228,2.0159525337386635,0.3551575678460735,0.36000000000001364,0.0008496608657247511,0.0006128847350579322,1.895528558957224
OUT_SP00_P_R01,OUT,SP00,-to+,3,256.639,256.98900000000003,57.02048026096257,53.416589223203246,0.0011360244030566933,13.93916199597135,105.97098897812423,1.9903902432444647,0.35455727139001947,0.35000000000002274,0.0008298653119162473,-0.00030615909114044596,-0.9710901650197445
OUT_SP00_P_R01,OUT,SP00,+to-,4,256.98900000000003,257.339,53.416589223203246,52.60845026799615,0.0002477824074197676,12.312834057757282,88.2133068169809,1.8645907142604337,0.35174050510163146,0.3499999999999659,0.0007357594844404021,0.00048797707702063445,1.591517414039039
OUT_SP00_P_R01,OUT,SP00,-to+,5,257.339,257.699,52.60845026799615,49.45392820664818,0.0009413270957900647,11.95981801015866,84.49568393701034,1.836381343096452,0.3511396215527323,0.36000000000001364,0.0007154212348849908,-0.0002259058609050739,-0.7569473167835749
OUT_SP00_P_R01,OUT,SP00,+to-,6,257.699,258.049,49.45392820664818,48.53815411669871,0.0002652805567569876,10.624148755818851,70.89732719956763,1.726267750501811,0.34889893433876984,0.3499999999999659,0.0006387463598306203,0.00037346580307363273,1.2892262804458712
OUT_SP00_P_R01,OUT,SP00,-to+,7,258.049,258.389,48.53815411669871,45.763698336623996,0.0007807189850418478,10.249269129015095,67.2186950114421,1.694301204353665,0.34827917233165795,0.34000000000003183,0.0006173022885281941,-0.00016341669651365371,-0.5806802592052264
OUT_SP00_P_R01,OUT,SP00,+to-,8,258.389,258.73900000000003,45.763698336623996,44.89063341560822,0.00023832029202692522,9.149832281732671,56.798132273080824,1.5974544277270821,0.3464839545071802,0.35000000000002274,0.0005545913857079659,0.0003162710936810407,1.15861945141489
OUT_SP00_P_R01,OUT,SP00,-to+,9,258.73900000000003,259.089,44.89063341560822,42.37326062009451,0.0006667211362949947,8.81534577762356,53.740814050886115,1.566978712816303,0.3459442939973635,0.3499999999999659,0.0005355623719100362,-0.00013115876438495847,-0.4951829644434043
OUT_SP00_P_R01,OUT,SP00,+to-,10,259.089,259.42900000000003,42.37326062009451,41.40621954202655,0.0002478498033702216,7.882339714855483,45.50596587988137,1.4791058252526068,0.3444546409766849,0.34000000000003183,0.0004825916158902253,0.0002347418125200037,0.9158864680488058
OUT_SP00_P_R01,OUT,SP00,-to+,11,259.42900000000003,259.779,41.40621954202655,39.17251708110176,0.0005544135561151576,7.536520737775012,42.567487350765354,1.4453497236239636,0.3439082616841942,0.3499999999999659,0.0004629934784926239,-9.142007762253371e-05,-0.36830326115814105
OUT_SP00_P_R01,OUT,SP00,+to-,12,259.779,260.119,39.17251708110176,38.15450619799753,0.00024412810116617787,6.764935074211812,36.24443000413455,1.3673787987178887,0.3427001917783187,0.34000000000003183,0.0004193195890765534,0.00017519148791037554,0.7305365279715244
OUT_SP00_P_R01,OUT,SP00,-to+,13,260.119,260.459,38.15450619799753,36.075766004267216,0.00048146314822069934,6.426035062213114,33.57295702363195,1.3318435152552808,0.342174310454458,0.339999999999975,0.0004001536150688354,-8.130953315186392e-05,-0.3510385485329853
OUT_SP00_P_R01,OUT,SP00,+to-,14,260.459,260.809,36.075766004267216,35.07879481145317,0.00022264817483391946,5.75918183467816,28.51445601401247,1.2592817939070033,0.34114782343184286,0.35000000000002274,0.0003624523070967275,0.000139804132262808,0.6260052849689632
OUT_SP00_P_R01,OUT,SP00,-to+,15,260.809,261.149,35.07879481145317,33.17984484207064,0.0004089525578835838,5.451476258569056,26.27249987956551,1.2244809341827225,0.34067783112501926,0.339999999999975,0.0003450532178243997,-6.389934005918412e-05,-0.29669968780361167
OUT_SP00_P_R01,OUT,SP00,+to-,16,261.149,261.48900000000003,33.17984484207064,32.22032044331235,0.0001989788116252148,4.8873929961126885,22.321476741760797,1.1581950755899815,0.3398221559644727,0.34000000000003183,0.0003131339464567361,0.00011415513483152131,0.5504774917135495
OUT_SP00_P_R01,OUT,SP00,-to+,17,261.48900000000003,261.829,32.22032044331235,30.50396259341923,0.00034287419444692515,4.613445334229939,20.479882534581925,1.124701355566879,0.3394093253640003,0.339999999999975,0.0002976128551360759,-4.5261339310849274e-05,-0.22656050428839358
OUT_SP00_P_R01,OUT,SP00,+to-,18,261.829,262.169,30.50396259341923,29.604559004306818,0.00017290186328124466,4.142165252850767,17.43585621597709,1.064789164320708,0.3387032435364417,0.339999999999975,0.00027086271351031054,9.796085022906588e-05,0.5095690353614907
OUT_SP00_P_R01,OUT,SP00,-to+,19,262.169,262.509,29.604559004306818,27.938545167446158,0.0003077965814524318,3.90488296305147,15.965083170898316,1.0333940564521762,0.3383496972339232,0.34000000000003183,0.00025736240235124197,-5.043417910118985e-05,-0.2729760018209148
OUT_SP00_P_R01,OUT,SP00,+to-,20,262.509,262.849,27.938545167446158,27.033674208890844,0.00016030731414964837,3.483088622114407,13.458116279322276,0.9752392027781719,0.3377244293198551,0.339999999999975,0.0002332902278944678,7.298291374481942e-05,0.4119552071224169
OUT_SP00_P_R01,OUT,SP00,-to+,21,262.849,263.17900000000003,27.033674208890844,25.561026831467963,0.00025043072166966316,3.2637168465851563,12.210981659580455,0.9436532477132371,0.33740083723824094,0.3300000000000409,0.00022072254766022516,-2.9708174009437997e-05,-0.17469286521148947
OUT_SP00_P_R01,OUT,SP00,+to-,22,263.17900000000003,263.519,25.561026831467963,24.593366410051097,0.0001574296848000745,2.921435739433039,10.346682707589077,0.8922481567994593,0.3368981163127146,0.339999999999975,0.00020102744464328635,4.359775984321185e-05,0.26797567007135437
OUT_SP00_P_R01,OUT,SP00,-to+,23,263.519,263.859,24.593366410051097,23.278305993193687,0.0002047968970488498,2.7065262300050925,9.22923665382058,0.858470436009539,0.336583814387953,0.339999999999975,0.00018859484885937162,-1.620204818947817e-05,-0.10403577824780753
OUT_SP00_P_R01,OUT,SP00,+to-,24,263.859,264.189,23.278305993193687,22.296185689313088,0.00014601128095482934,2.4272545033092587,7.841569417715424,0.8125661677359172,0.3361769201664559,0.3300000000000409,0.0001723416264983353,2.6330345543505945e-05,0.1771044689887458
OUT_SP00_P_R01,OUT,SP00,-to+,25,264.189,264.529,22.296185689313088,21.126944891044086,0.00016603090595215664,2.228351733394076,6.899782951111007,0.7782837018291097,0.33588817419942624,0.339999999999975,0.00016068357064532204,-5.3473353068346e-06,-0.03765692945367205
OUT_SP00_P_R01,OUT,SP00,+to-,26,264.529,264.869,21.126944891044086,20.168243740286165,0.0001297633110780437,2.0023846118892,5.8793358272318,0.737469498472228,0.335561194081873,0.34000000000003183,0.00014733624105352344,1.757292997547975e-05,0.12982862040535342
OUT_SP00_P_R01,OUT,SP00,-to+,27,264.869,265.199,20.168243740286165,19.06149385940462,0.00014261225735570906,1.8259304148610809,5.120921473113708,0.7040045152254594,0.3353066363797009,0.3299999999999841,0.0001368209372961589,-5.791320059550151e-06,-0.04494314343766193
OUT_SP00_P_R01,OUT,SP00,+to-,28,265.199,265.539,19.06149385940462,18.18044377792451,0.00010798700889674054,1.6321581919609225,4.329033972300359,0.6653716563905835,0.3350278748496193,0.339999999999975,0.00012515873716415095,1.717172826741041e-05,0.14010021839471026
OUT_SP00_P_R01,OUT,SP00,-to+,29,265.539,265.869,18.18044377792451,17.144460073539204,0.00012065433370755378,1.4855395461002128,3.759837129769612,0.634617206796999,0.33481748844422543,0.3300000000000409,0.00011623777367082874,-4.416560036725036e-06,-0.03792173690478582
OUT_SP00_P_R01,OUT,SP00,+to-,30,265.869,266.199,17.144460073539204,16.3148063165801,9.167186914376836e-05,1.3218306977611192,3.1565486953527313,0.5984545535199365,0.33458312585392613,0.3299999999999841,0.00010615668162151743,1.4484812477749066e-05,0.1310900957267667
OUT_SP00_P_R01,OUT,SP00,-to+,31,266.199,266.539,16.3148063165801,15.359152643453518,0.00010010802421421086,1.1975230037566837,2.7224189776637173,0.5694941740989822,0.3344055531371832,0.339999999999975,9.839967303699417e-05,-1.708351177216692e-06,-0.01630811481869022
OUT_SP00_P_R01,OUT,SP00,+to-,32,266.539,266.869,15.359152643453518,14.496533362638395,8.529681950278965e-05,1.0618511089088636,2.2735907208071953,0.5361355678893092,0.33421212347794294,0.3300000000000409,8.981070764645986e-05,4.51388814367021e-06,0.045649183545781
OUT_SP00_P_R01,OUT,SP00,-to+,33,266.869,267.209,14.496533362638395,13.609249691168479,8.2700103541045e-05,0.9463140369545482,1.913129507673001,0.5060244746064902,0.3340477093108407,0.339999999999975,8.237380464132802e-05,-3.262988997169855e-07,-0.0035008032682192587
OUT_SP00_P_R01,OUT,SP00,+to-,34,267.209,267.539,13.609249691168479,12.795626972402856,7.132943694334714e-05,0.8343485170485674,1.5841084814368642,0.47505243167382283,0.3338886478539999,0.3299999999999841,7.503463193034604e-05,3.7051949869988974e-06,0.0422631331297826
OUT_SP00_P_R01,OUT,SP00,-to+,35,267.539,267.869,12.795626972402856,11.931443472703307,7.102548768738077e-05,0.7378202379520952,1.3175033611342746,0.44665164105084687,0.3337517298709765,0.3300000000000409,6.857933493319733e-05,-2.4461527541834444e-06,-0.029762622957336584
OUT_SP00_P_R01,OUT,SP00,+to-,36,267.869,268.199,11.931443472703307,11.090218285719564,6.443694083303853e-05,0.6417425881558152,1.0688802580157395,0.41648594622851776,0.3336156462705276,0.3299999999999841,6.200838023101313e-05,-2.4285606020253974e-06,-0.031704608730130396
OUT_SP00_P_R01,OUT,SP00,-to+,37,268.199,268.529,11.090218285719564,10.32217610166187,5.476865640634987e-05,0.5546112722414046,0.8588688985500508,0.38712164770137525,0.3334924021424281,0.3299999999999841,5.5892284481719404e-05,1.1236280753695342e-06,0.015756955828281814
OUT_SP00_P_R01,OUT,SP00,+to-,38,268.529,268.859,10.32217610166187,9.508341076828193,5.3791320037994824e-05,0.4805786549048057,0.6928483202463915,0.36031191788934513,0.3333878108977661,0.3299999999999841,5.054785197945298e-05,-3.2434680585418448e-06,-0.04907159214366397
OUT_SP00_P_R01,OUT,SP00,-to+,39,268.859,269.199,9.508341076828193,8.796852256570547,4.344164707727958e-05,0.40788972409407676,0.5418166181676779,0.33190371638655014,0.3332852296889255,0.34000000000003183,4.5132350847852236e-05,1.690703770572654e-06,0.027690227770328
OUT_SP00_P_R01,OUT,SP00,+to-,40,269.199,269.529,8.796852256570547,7.968205738635298,4.636982497004002e-05,0.3492027625002796,0.42923228830835436,0.3070680713772981,0.33320248916745276,0.3299999999999841,4.0604996596383576e-05,-5.764828373656441e-06,-0.1030187913909662
OUT_SP00_P_R01,OUT,SP00,-to+,41,269.529,269.849,7.968205738635298,7.295618769668402,3.428779693039018e-05,0.286576083071435,0.3191361531397685,0.27814285123098537,0.3331142734800114,0.3199999999999932,3.5573721928486406e-05,1.2859249980962247e-06,0.025224467835548978
OUT_SP00_P_R01,OUT,SP00,+to-,42,269.849,270.17900000000003,7.295618769668402,6.531538682324553,3.530445089381115e-05,0.24027794408383624,0.24502853852363038,0.25466513700202287,0.3330491106613194,0.3300000000000409,3.167962888677523e-05,-3.624822007035923e-06,-0.07844998923324138
OUT_SP00_P_R01,OUT,SP00,-to+,43,270.17900000000003,270.509,6.531538682324553,5.939882082598554,2.466841869145027e-05,0.19261649737848127,0.17588006231894948,0.2279937104558708,0.33298207564153487,0.3299999999999841,2.7460298969405183e-05,2.7918802779549134e-06,0.06696120548121064
OUT_SP00_P_R01,OUT,SP00,+to-,44,270.509,270.839,5.939882082598554,5.237653973556706,2.625112715115096e-05,0.15931951796318294,0.13231260549373597,0.20734099904312508,0.33293527202152196,0.3299999999999841,2.4341409123053035e-05,-1.909718028097925e-06,-0.05108539829112349
OUT_SP00_P_R01,OUT,SP00,-to+,45,270.839,271.159,5.237653973556706,4.691648945921946,1.8137835241098757e-05,0.12389136658246094,0.0907365012220685,0.18282861383745708,0.332885498018519,0.3199999999999932,2.080632622298389e-05,2.668490981885132e-06,0.08032954097357438
OUT_SP00_P_R01,OUT,SP00,+to-,46,271.159,271.479,4.691648945921946,4.074690560499831,1.809937822728832e-05,0.09941589310859773,0.06522587024112496,0.16376944290811868,0.33285112695041175,0.3199999999999932,1.8181825056428557e-05,8.244682914023709e-08,0.002810373715931974
OUT_SP00_N_R02,OUT,SP00,+to-,1,298.909,299.269,56.284799788679436,55.33704491172522,0.0003009283230397453,13.600380371211383,102.18866250898414,1.9647101502765296,0.3539638155067805,0.36000000000001364,0.0008102061136708179,0.0005092777906310726,1.6039201697786971
OUT_SP00_N_R02,OUT,SP00,-to+,2,299.269,299.619,55.33704491172522,51.80051597810931,0.001092044163019515,13.169026459239326,97.4353132426171,1.93162726406716,0.353213342335631,0.35000000000002274,0.0007852178229217559,-0.00030682634009775904,-0.9934836162336098
OUT_SP00_N_R02,OUT,SP00,+to-,3,299.619,299.969,51.80051597810931,51.01856728110998,0.00023460695898909752,11.611266669648098,80.87489262093804,1.8081791160998768,0.350549932174831,0.3499999999999659,0.0006953706173487454,0.00046076365835964793,1.5357206270160355
OUT_SP00_N_R02,OUT,SP00,-to+,4,299.969,300.319,51.01856728110998,47.80697862023403,0.000936075604148425,11.278134683213088,77.46138267392212,1.7808839574112412,0.349989631330644,0.35000000000002274,0.0006762348885256882,-0.00025984071562273686,-0.8913727152891142
OUT_SP00_N_R02,OUT,SP00,+to-,5,300.319,300.669,47.80697862023403,47.029442983014285,0.000219759103650104,9.954194350817813,64.36734281762466,1.6687783647072392,0.3477941011385571,0.3499999999999659,0.0006004457175812444,0.00038068661393114044,1.3469072850493147
OUT_SP00_N_R02,OUT,SP00,-to+,6,300.669,301.019,47.029442983014285,44.1899184584618,0.0007788011173108936,9.644576745978863,61.41810364028283,1.6416372508650858,0.34728770595683284,0.35000000000002274,0.00058277904375772,-0.00019602207355317366,-0.714627281048715
OUT_SP00_N_R02,OUT,SP00,+to-,7,301.019,301.359,44.1899184584618,43.30871805974419,0.000233901660989188,8.550927530896343,51.36260857350115,1.542519146575951,0.3455197927593724,0.339999999999975,0.0005205347000262144,0.00028663303903702644,1.07984978742497
OUT_SP00_N_R02,OUT,SP00,-to+,8,301.359,301.709,43.30871805974419,40.81600001596272,0.000640976487835745,8.223548973868043,48.466419817754726,1.5117594499209326,0.3449967726366726,0.35000000000002274,0.0005019462616436952,-0.00013903022619204985,-0.5406373379270271
OUT_SP00_N_R02,OUT,SP00,+to-,9,301.709,302.049,40.81600001596272,39.92469739062449,0.00022160515395428196,7.328934346786251,40.83422095418211,1.4247471755452152,0.3435817582915964,0.339999999999975,0.00045123698373257363,0.00022963182977829168,0.923576845461596
OUT_SP00_N_R02,OUT,SP00,-to+,10,302.049,302.399,39.92469739062449,37.67284387350085,0.0005415786578496662,7.020489595020548,38.30219861299311,1.393634844657572,0.34309864440758947,0.35000000000002274,0.0004337778066466539,-0.00010780085120301223,-0.448201011865361
OUT_SP00_N_R02,OUT,SP00,+to-,11,302.399,302.73900000000003,37.67284387350085,36.74493069024316,0.00021539060503284398,6.268499555292711,32.35390038105105,1.315030328364728,0.3419308292774143,0.34000000000003183,0.0003912464883062864,0.0001758558832734424,0.7575874032757475
OUT_SP00_N_R02,OUT,SP00,-to+,12,302.73900000000003,303.079,36.74493069024316,34.67857845340459,0.0004629608134219557,5.970135824249498,30.085586006885897,1.2826400479237114,0.341471365487098,0.339999999999975,0.0003743785808872412,-8.858223253471449e-05,-0.3953513329662982
OUT_SP00_N_R02,OUT,SP00,+to-,13,303.079,303.419,34.67857845340459,33.74987635442192,0.00020044672855145683,5.330183105564361,25.405314781610574,1.210510747846146,0.340493194975017,0.339999999999975,0.0003381929403317235,0.00013774621178026664,0.6381934818054117
OUT_SP00_N_R02,OUT,SP00,-to+,14,303.419,303.769,33.74987635442192,31.79515314953669,0.0004061384409253872,5.053671935398227,23.46425155079817,1.1780929290512865,0.34007359994564834,0.35000000000002274,0.00032254758838995645,-8.359085253543074e-05,-0.4022989172417335
OUT_SP00_N_R02,OUT,SP00,+to-,15,303.769,304.109,31.79515314953669,30.932321517240453,0.0001723792545241614,4.494454681202806,19.69626969885448,1.1098602172705205,0.3392305608382147,0.339999999999975,0.0002908654776128208,0.00011848622308865939,0.5930684381340969
OUT_SP00_N_R02,OUT,SP00,-to+,16,304.109,304.439,30.932321517240453,29.216653310117287,0.00033001330995563363,4.25752159805603,18.166070537054424,1.0797417115226677,0.3388755938176967,0.3300000000000409,0.00027741738882626087,-5.259592112937276e-05,-0.27342466420802847
OUT_SP00_N_R02,OUT,SP00,+to-,17,304.439,304.779,29.216653310117287,28.256483228433716,0.0001771986098773063,3.80461191569213,15.356454367245721,1.019853593350493,0.3382006857500194,0.339999999999975,0.00025164925540639954,7.445064552909323e-05,0.40341425911720397
OUT_SP00_N_R02,OUT,SP00,-to+,18,304.779,305.119,28.256483228433716,26.819937510149835,0.00025493972461258286,3.5617962674595836,13.9151930635034,0.9863373347414507,0.3378407965947484,0.34000000000003183,0.0002377905833671626,-1.7149141245420248e-05,-0.09663021405067711
OUT_SP00_N_R02,OUT,SP00,+to-,19,305.119,305.459,26.819937510149835,25.803907090709345,0.00017287223581208825,3.2129039273478956,11.927842168029647,0.9361924294624895,0.3373260394500314,0.339999999999975,0.0002178058596662018,4.493362385411356e-05,0.26408711783579114
OUT_SP00_N_R02,OUT,SP00,-to+,20,305.459,305.799,25.803907090709345,24.410469540527906,0.00022695047308301378,2.976625168953959,10.640368080796387,0.9007262772231783,0.33697899683410876,0.339999999999975,0.00020421122439624316,-2.2739248686770612e-05,-0.1396117033038228
OUT_SP00_N_R02,OUT,SP00,+to-,21,305.799,306.129,24.410469540527906,23.487768414474687,0.0001437706724524425,2.6668014161636067,9.027332436492385,0.8520861308799987,0.3365258303114111,0.3300000000000409,0.00018629012144350302,4.251944899106051e-05,0.2728812409771781
OUT_SP00_N_R02,OUT,SP00,-to+,22,306.129,306.469,23.487768414474687,22.187320831276136,0.0001937389746321004,2.4707466407769116,8.052744673422191,0.8198777855570228,0.33624017379719506,0.339999999999975,0.0001748810282804875,-1.8857946351612877e-05,-0.12657878677388903
OUT_SP00_N_R02,OUT,SP00,+to-,23,306.469,306.809,22.187320831276136,21.424544439429347,0.00010876236691623832,2.206814652394457,6.800215014088613,0.7744836014041877,0.33585696121753295,0.34000000000003183,0.0001594164802462025,5.0654113329964194e-05,0.3552467417040668
OUT_SP00_N_R02,OUT,SP00,-to+,24,306.809,307.139,21.424544439429347,20.196332690261674,0.00016749439191737875,2.0587785718350426,6.128931478926707,0.7478576824157699,0.3356426928361636,0.3299999999999841,0.0001506788071524335,-1.6815584764945255e-05,-0.12330384980766568
OUT_SP00_N_R02,OUT,SP00,+to-,25,307.139,307.479,20.196332690261674,19.44198895919892,9.817503830293591e-05,1.8309869465045652,5.142169259541434,0.7049850045464606,0.3353139216360257,0.339999999999975,0.00013712355713626953,3.8948518833333617e-05,0.29926506091510674
OUT_SP00_N_R02,OUT,SP00,-to+,26,307.479,307.809,19.44198895919892,18.2738782195818,0.00014492599414133415,1.6975729386023013,4.591428505217205,0.6786534409488133,0.33512188978528645,0.3300000000000409,0.0001291107057592599,-1.5815288382074267e-05,-0.12746980538118352
OUT_SP00_N_R02,OUT,SP00,+to-,27,307.809,308.149,18.2738782195818,17.48866922798612,9.254493197908153e-05,1.500766623917112,3.8177068768609383,0.6378786840803634,0.3348393165475139,0.339999999999975,0.00011716864919552014,2.4623717216438608e-05,0.2089213579487487
OUT_SP00_N_R02,OUT,SP00,-to+,28,308.149,308.479,17.48866922798612,16.427107024760485,0.00011884941594571814,1.3751793693846632,3.3492936507382045,0.6104697196411453,0.3346594356016935,0.3299999999999841,0.00010945735530481151,-9.392060640906624e-06,-0.0838886241140218
OUT_SP00_N_R02,OUT,SP00,+to-,29,308.479,308.819,16.427107024760485,15.646649828978962,8.276093514488601e-05,1.2139946970570727,2.778713038122326,0.5734142083191203,0.33442906384316173,0.34000000000003183,9.943326197296494e-05,1.667232682807893e-05,0.1572231732688653
OUT_SP00_N_R02,OUT,SP00,-to+,30,308.819,309.149,15.646649828978962,14.64544748976118,0.00010041325303426607,1.101819029841705,2.4030147295306405,0.5461711128445811,0.33426906562852393,0.3299999999999841,9.235578480275252e-05,-8.057468231513547e-06,-0.08033853261706067
OUT_SP00_N_R02,OUT,SP00,+to-,31,309.149,309.479,14.64544748976118,13.88285710981915,7.21246718816425e-05,0.9657890788855126,1.9724332407603544,0.5112225582485422,0.33407540325227897,0.3299999999999841,8.363633094262905e-05,1.151165906098655e-05,0.121714462348731
OUT_SP00_N_R02,OUT,SP00,-to+,32,309.479,309.809,13.88285710981915,12.93634899173465,8.425749834774418e-05,0.8681302983607261,1.6811995211012807,0.48460313230049634,0.33393661125883556,0.3300000000000409,7.72643555654959e-05,-6.9931427822482836e-06,-0.07855670154103117
OUT_SP00_N_R02,OUT,SP00,+to-,33,309.809,310.149,12.93634899173465,12.159890870253257,6.475321954073812e-05,0.7540946800050948,1.3613011646244877,0.4515637661856367,0.33377480013140165,0.339999999999975,6.967712413779453e-05,4.923904597056407e-06,0.05904226053139368
OUT_SP00_N_R02,OUT,SP00,-to+,34,310.149,310.479,12.159890870253257,11.287185654753737,6.806638474030078e-05,0.6664940295046111,1.1312698753936643,0.42446026473823584,0.33365068541646953,0.3299999999999841,6.371694604227945e-05,-4.349438698021332e-06,-0.055765282057628256
OUT_SP00_N_R02,OUT,SP00,+to-,35,310.479,310.809,11.287185654753737,10.559354024274016,5.294097359023482e-05,0.5744462947419061,0.9053264839203589,0.39399710591864934,0.3335204440483701,0.3300000000000409,5.729965328067625e-05,4.35867969044143e-06,0.05992265348975216
OUT_SP00_N_R02,OUT,SP00,-to+,36,310.809,311.139,10.559354024274016,9.718316518125084,5.68297703611829e-05,0.5028778285185133,0.7416019205669044,0.36859098921458966,0.33341930246253176,0.3299999999999841,5.2173959577408686e-05,-4.655810783774214e-06,-0.06890185040469106
OUT_SP00_N_R02,OUT,SP00,+to-,37,311.139,311.469,9.718316518125084,8.991167854695101,4.5369725790656205e-05,0.4260764166157098,0.5784392205375394,0.3392332419844678,0.3333108850268322,0.3299999999999841,4.650531706079087e-05,1.1355912701346618e-06,0.01820020108789128
OUT_SP00_N_R02,OUT,SP00,-to+,38,311.469,311.799,8.991167854695101,8.17071286553429,4.69901120776051e-05,0.3647803624296371,0.4582611571056988,0.3138509653278092,0.33322444442115706,0.3299999999999841,4.182237719374047e-05,-5.167734883864631e-06,-0.0902287195282842
OUT_SP00_N_R02,OUT,SP00,+to-,39,311.799,312.129,8.17071286553429,7.49649603310086,3.5273627238107203e-05,0.301311861237711,0.34405745603121324,0.2852116834772681,0.3331350228793698,0.3300000000000409,3.6779390897638986e-05,1.505763659531783e-06,0.028780860577744764
OUT_SP00_N_R02,OUT,SP00,-to+,40,312.129,312.459,7.49649603310086,6.767645231315072,3.473557521611054e-05,0.25367974314144576,0.26580668047336625,0.26167707628060766,0.3330679685787161,0.3299999999999841,3.282493945779944e-05,-1.910635758311102e-06,-0.040090282263423725
OUT_SP00_N_R02,OUT,SP00,+to-,41,312.459,312.789,6.767645231315072,6.023234245323004,3.182901509500447e-05,0.2067835553318157,0.1956326318706554,0.23623538378668252,0.3330019964349547,0.3299999999999841,2.874098545322042e-05,-3.0880296417840545e-06,-0.07222174532659131
OUT_SP00_N_R02,OUT,SP00,-to+,42,312.789,313.109,6.023234245323004,5.468798975149794,2.130752897732176e-05,0.16381964112678363,0.13795702336945942,0.21025053839952457,0.33294159623588926,0.3199999999999932,2.47730004536692e-05,3.4654714763474398e-06,0.09017338987655622
OUT_SP00_N_R02,OUT,SP00,+to-,43,313.109,313.439,5.468798975149794,4.79079979090464,2.326976148232051e-05,0.1350623492659754,0.10327964834958013,0.19089709649211092,0.3329011896331052,0.3300000000000409,2.1950038397367962e-05,-1.3197230849525492e-06,-0.03845187477300243
OUT_SP00_N_R02,OUT,SP00,-to+,44,313.439,313.759,4.79079979090464,4.329253568535762,1.4085365271070558e-05,0.10366075453268034,0.06944723864294669,0.1672304603102837,0.3328570871467138,0.3199999999999932,1.8650382965052234e-05,4.565017693981676e-06,0.14958511436181868
OUT_SP00_P_R02,OUT,SP00,-to+,1,331.17900000000003,331.519,61.24214123828076,58.16378142436349,0.0010201357832055483,15.948039817182153,129.2495951776452,2.1377540111587927,0.35815162409099865,0.339999999999975,0.0009470505769100276,-7.308520629552067e-05,-0.2205152554443002
OUT_SP00_P_R02,OUT,SP00,+to-,2,331.519,331.879,58.16378142436349,57.22653458515807,0.00030407807901941904,14.472410020905068,112.01016174111422,2.0302989825309203,0.35549868666751605,0.36000000000001364,0.000860869400564513,0.000556791321545094,1.7161549086123151
OUT_SP00_P_R02,OUT,SP00,-to+,3,331.879,332.229,57.22653458515807,52.17907509065813,0.001580806627036275,14.034663395969568,107.04491178087935,1.9975828960348312,0.3547252130600587,0.3499999999999659,0.0008354125342959653,-0.0007453940927403097,-2.37924736890676
OUT_SP00_P_R02,OUT,SP00,+to-,4,332.229,332.579,52.17907509065813,51.28754249357046,0.00026868656648073257,11.774033455104615,82.55951496974207,1.821393321954686,0.3508248638283438,0.35000000000002274,0.0007047301338429142,0.0004360435673621816,1.4468275707300355
OUT_SP00_P_R02,OUT,SP00,-to+,5,332.579,332.92900000000003,51.28754249357046,48.261331771101304,0.0008868091761926398,11.392255912610002,78.6255143809203,1.7902729635386145,0.3501812127416748,0.35000000000002274,0.0006827871823157104,-0.0002040219938769294,-0.6961382433691756
OUT_SP00_P_R02,OUT,SP00,+to-,6,332.92900000000003,333.279,48.261331771101304,47.4894584161895,0.00021975150343863634,10.13710944865334,66.13025184338683,1.6846382816061283,0.3480945094093823,0.3499999999999659,0.0006108927053545273,0.000391141201915891,1.3738663171770884
OUT_SP00_P_R02,OUT,SP00,-to+,7,333.279,333.629,47.4894584161895,44.713464041550985,0.0007677493704078571,9.8272358158996,63.15268245820641,1.6576948187028768,0.3475861355382618,0.35000000000002274,0.0005931989806679547,-0.00017455038973990245,-0.6310698861304309
OUT_SP00_P_R02,OUT,SP00,+to-,8,333.629,333.979,44.713464041550985,43.88036043587188,0.00022333297654643193,8.748149181113513,53.133176464337204,1.5607943349943105,0.3458362395669158,0.3499999999999659,0.0005317421531370234,0.0003084091765905915,1.1504549734989533
OUT_SP00_P_R02,OUT,SP00,-to+,9,333.979,334.319,43.88036043587188,41.328900595506056,0.000662930545006118,8.435266754003125,50.333247539531705,1.5317135331356369,0.3453346909120319,0.34000000000003183,0.0005139653759601114,-0.0001489651690460066,-0.5732836499853593
OUT_SP00_P_R02,OUT,SP00,+to-,10,334.319,334.669,41.328900595506056,40.56602647474838,0.00019191193438331178,7.509176258060827,42.337845190463106,1.4426507832420516,0.34386518975482044,0.3499999999999659,0.0004614445295223685,0.0002695325951390567,1.07141811347698
OUT_SP00_P_R02,OUT,SP00,-to+,11,334.669,335.009,40.56602647474838,38.16779612075718,0.0005838630137064593,7.241815441713623,40.11376782629386,1.416021452871095,0.3434450602282545,0.34000000000003183,0.0004463046435370752,-0.00013755837016938405,-0.5649828281270484
OUT_SP00_P_R02,OUT,SP00,+to-,12,335.009,335.349,38.16779612075718,37.3738825349581,0.00018665824967207514,6.43040742485374,33.606999669714334,1.332307421074264,0.3421810769839854,0.339999999999975,0.00040040084511433125,0.0002137425954422561,0.9091041684030458
OUT_SP00_P_R02,OUT,SP00,-to+,13,335.349,335.699,37.3738825349581,35.20401467311952,0.0004929383013323402,6.171632343234745,31.611608787011974,1.304594608977247,0.34178141913145316,0.35000000000002274,0.0003857699752251555,-0.0001071683261071847,-0.4717166623242406
OUT_SP00_P_R02,OUT,SP00,+to-,14,335.699,336.039,35.20401467311952,34.36348585003901,0.00018405921080809842,5.489689445416535,26.547662314630852,1.2288519319326618,0.34073607379180904,0.339999999999975,0.00034721428039922645,0.00016315506959112803,0.7450608329599938
OUT_SP00_P_R02,OUT,SP00,-to+,15,336.039,336.379,34.36348585003901,32.42945120164328,0.0004086138442705774,5.235590891125941,24.7356423198343,1.1995119410913264,0.34034944906667897,0.34000000000003183,0.00033284184923798794,-7.577199503258945e-05,-0.35862393934283215
OUT_SP00_P_R02,OUT,SP00,+to-,16,336.379,336.719,32.42945120164328,31.487729631719166,0.00019133416992230597,4.672515114964725,20.872582133083085,1.1320013961670137,0.33949819193562447,0.339999999999975,0.00030096103069480253,0.00010962686077249656,0.539562888425954
OUT_SP00_P_R02,OUT,SP00,-to+,17,336.719,337.059,31.487729631719166,29.801109163534097,0.000329982974513905,4.40933682426612,19.141894049131793,1.099129112102562,0.33910288848232134,0.34000000000003183,0.00028603636172864106,-4.394661278526394e-05,-0.2246133472619462
OUT_SP00_P_R02,OUT,SP00,+to-,18,337.059,337.399,29.801109163534097,28.84932333230974,0.00017893321864634486,3.956166047667719,16.279348216104772,1.0402549512998465,0.33842599787469785,0.339999999999975,0.00026028238323456786,8.1349164588223e-05,0.43270943523552696
OUT_SP00_P_R02,OUT,SP00,-to+,19,337.399,337.73900000000003,28.84932333230974,27.33117624407725,0.0002743863378314539,3.7108116991138407,14.794173704534405,1.0070313582424544,0.33806149967626337,0.34000000000003183,0.0002462998274280569,-2.8086510403396985e-05,-0.1553947875147724
OUT_SP00_P_R02,OUT,SP00,+to-,20,337.73900000000003,338.079,27.33117624407725,26.382840897355784,0.00016445151912874336,3.3350833338896457,12.612319470710831,0.9540380278040107,0.3375059890407135,0.339999999999975,0.00022481528882842492,6.036376969968156e-05,0.34809312393804714
OUT_SP00_P_R02,OUT,SP00,-to+,21,338.079,338.409,26.382840897355784,24.891532565866214,0.0002476742533087519,3.110188531817726,11.362210558493533,0.9209348793773475,0.33717501812608025,0.3299999999999841,0.0002119027568738007,-3.577149643495118e-05,-0.21538300452776984
OUT_SP00_P_R02,OUT,SP00,+to-,22,338.409,338.749,24.891532565866214,24.069666422548767,0.0001307282407938374,2.7718980863367277,9.56468138436403,0.8688783982835154,0.3366793105618842,0.34000000000003183,0.00019238285215930908,6.165461136547166e-05,0.38760869825507344
OUT_SP00_P_R02,OUT,SP00,-to+,23,338.749,339.089,24.069666422548767,22.72789286147982,0.00020453522134955985,2.5935407355787983,8.658864737766459,0.8401898578604013,0.3364189878921191,0.339999999999975,0.000182033774321468,-2.2501447028091837e-05,-0.1476085957464659
OUT_SP00_P_R02,OUT,SP00,+to-,24,339.089,339.419,22.72789286147982,21.852887621947712,0.00012739673829191664,2.31476192450898,7.304036712230194,0.7933531249466766,0.33601350823130943,0.3299999999999841,0.00016575765705360553,3.8360918761688886e-05,0.26347361145486675
OUT_SP00_P_R02,OUT,SP00,-to+,25,339.419,339.759,21.852887621947712,20.61724239020122,0.00017178919653722415,2.1412914263835408,6.500252522204699,0.7628096801426029,0.33576206320307606,0.34000000000003183,0.0001555553009219069,-1.6233895615317252e-05,-0.11676489201129217
OUT_SP00_P_R02,OUT,SP00,+to-,26,339.759,340.09000000000003,20.61724239020122,19.87027319556192,9.921155554040981e-05,1.9075788761196075,5.467546135509863,0.7196775247815136,0.335424340369369,0.3310000000000173,0.00014169776725656607,4.248621171615626e-05,0.3198787321352625
OUT_SP00_P_R02,OUT,SP00,-to+,27,340.09000000000003,340.43,19.87027319556192,18.72901919626056,0.00014478573207753228,1.7727123590499612,4.899071421242195,0.6936033810666613,0.3352299955450196,0.339999999999975,0.0001336309799988811,-1.1154752078651182e-05,-0.0879243747893125
OUT_SP00_P_R02,OUT,SP00,+to-,28,340.43,340.76,18.72901919626056,17.92380956524896,9.71845996967213e-05,1.5760331051707277,4.108015141645262,0.6537661012879376,0.3349472848888576,0.3299999999999841,0.00012175463448051207,2.4570034783790774e-05,0.20356996783633122
OUT_SP00_P_R02,OUT,SP00,-to+,29,340.76,341.1,17.92380956524896,16.904746313889834,0.00011706820558958795,1.4441089247372227,3.6038730370948775,0.6256589828280955,0.3347581226799234,0.34000000000003183,0.00011369944441893026,-3.3687611706576984e-06,-0.02932423406221265
OUT_SP00_P_R02,OUT,SP00,+to-,30,341.1,341.43,16.904746313889834,16.09634568861554,8.813465926965098e-05,1.2852923638353062,3.026741152673487,0.5900869647835049,0.33453089676217856,0.3299999999999841,0.000103886626955508,1.575196768585703e-05,0.14448112705486968
OUT_SP00_P_R02,OUT,SP00,-to+,31,341.43,341.77,16.09634568861554,15.12023974316462,0.00010081090241229773,1.1657985669565512,2.6150798482295303,0.5618684596110702,0.33436028791172767,0.339999999999975,9.64036727450531e-05,-4.407229667244627e-06,-0.04267267681229675
OUT_SP00_P_R02,OUT,SP00,+to-,32,341.77,342.1,15.12023974316462,14.343232123624723,7.584473143001602e-05,1.029192844952893,2.1696170288088306,0.5277959344182488,0.3341656206127874,0.3300000000000409,8.772105265882847e-05,1.187632122881245e-05,0.1216685879129566
OUT_SP00_P_R02,OUT,SP00,-to+,33,342.1,342.43,14.343232123624723,13.442538110982813,8.301306385072244e-05,0.9264703905299052,1.853324932046024,0.5006732518701396,0.3340194994828314,0.3299999999999841,8.108334528507565e-05,-1.9297185656467916e-06,-0.020937283615909578
OUT_SP00_P_R02,OUT,SP00,+to-,34,342.43,342.76,13.442538110982813,12.630905574276344,7.027739559002427e-05,0.814090746188712,1.5268133880658377,0.46923309972293803,0.3338598974313716,0.3299999999999841,7.369060699110166e-05,3.4132114010773917e-06,0.03941879521990825
OUT_SP00_P_R02,OUT,SP00,-to+,35,342.76,343.1,12.630905574276344,11.758832281544104,7.071104302304794e-05,0.7189940632996829,1.267435804696759,0.4409017795592548,0.3337250493056451,0.34000000000003183,6.730423133162864e-05,-3.406811691419306e-06,-0.04201551390573761
OUT_SP00_P_R02,OUT,SP00,+to-,36,343.1,343.43,11.758832281544104,10.98967776128225,5.822671247922184e-05,0.6233493241392238,1.0232855548327133,0.4104606790054829,0.33358961636812845,0.3299999999999841,6.073094216904041e-05,2.504229689818565e-06,0.03307975052542966
OUT_SP00_P_R02,OUT,SP00,-to+,37,343.43,343.76,10.98967776128225,10.174968886943098,5.7431891560526835e-05,0.544620186674438,0.8357778698002095,0.3836121213351493,0.3334782803011806,0.3299999999999841,5.517970228538965e-05,-2.2521892751371875e-06,-0.03194850598234305
OUT_SP00_P_R02,OUT,SP00,+to-,38,343.76,344.09000000000003,10.174968886943098,9.445249980404272,4.772520134052658e-05,0.46699146303163336,0.6636874413225572,0.35517341673027947,0.33336862776379833,0.3300000000000409,4.9549476464697614e-05,1.8242751241710325e-06,0.02789300022635416
OUT_SP00_P_R02,OUT,SP00,-to+,39,344.09000000000003,344.42,9.445249980404272,8.644386186486205,4.832756872104103e-05,0.40250234988940475,0.5311219704205594,0.3297014216639689,0.3332776312343407,0.3299999999999841,4.4723105424572e-05,-3.604463296469034e-06,-0.05973113747537148
OUT_SP00_P_R02,OUT,SP00,+to-,40,344.42,344.75,8.644386186486205,7.919152682735813,4.009867637721384e-05,0.337217211335372,0.40733166679291377,0.3017460015362017,0.33318560003789965,0.3299999999999841,3.9659815832757884e-05,-4.3886054445595716e-07,-0.00793727559968585
OUT_SP00_P_R02,OUT,SP00,-to+,41,344.75,345.08,7.919152682735813,7.202336569627131,3.620375539233777e-05,0.2830620647355498,0.3132859030189901,0.2764305765637637,0.3331093260709484,0.3299999999999841,3.528399179256268e-05,-9.197635997750884e-07,-0.018210737026736916
OUT_SP00_P_R02,OUT,SP00,+to-,42,345.08,345.41,7.202336569627131,6.447002765678229,3.445365132542964e-05,0.2341778375914563,0.23575907038347932,0.25140897395357453,0.3330405283275745,0.3300000000000409,3.115289153978416e-05,-3.300759785645483e-06,-0.0723626464804182
OUT_SP00_P_R02,OUT,SP00,-to+,43,345.41,345.73,6.447002765678229,5.869593765054434,2.3776678930222478e-05,0.1876660662364081,0.1691446207340469,0.22504285029253113,0.332975115651607,0.3199999999999932,2.7006771229962206e-05,3.230092299739728e-06,0.07844142067943718
OUT_SP00_P_R02,OUT,SP00,+to-,44,345.73,346.06,5.869593765054434,5.18604890789305,2.5274918904702447e-05,0.15557332993174203,0.12767411903264392,0.20488747390946072,0.3329300076650112,0.3299999999999841,2.3979443426287874e-05,-1.2954754784145726e-06,-0.03503514107457361
OUT_SP00_P_R02,OUT,SP00,-to+,45,346.06,346.38,5.18604890789305,4.7367156658853835,1.4916692380077834e-05,0.12146309985296135,0.08808228277129151,0.18102725722437973,0.332882087432386,0.3199999999999932,2.0553640870859654e-05,5.6369484907818196e-06,0.1698005016887153
OUT_SP00_P_R02,OUT,SP00,+to-,46,346.38,346.7,4.7367156658853835,4.053679162547707,2.0092732026868826e-05,0.10133430768545892,0.06712274085775559,0.16534256820099116,0.33285382054389284,0.3199999999999932,1.839435610985968e-05,-1.6983759170091466e-06,-0.057734601592354176
OUT_SP00_P_R03,OUT,SP00,-to+,1,379.471,379.831,58.707337938603956,54.99626171872733,0.0011924816428363345,14.728779511924477,114.95029357151142,2.0492726842192392,0.35595451092558755,0.36000000000001364,0.0008758014952371732,-0.00031668014759916136,-0.9853558357494692
OUT_SP00_P_R03,OUT,SP00,+to-,2,379.831,380.181,54.99626171872733,54.37902202208841,0.00019333777055427007,13.015339020175688,95.75890473248926,1.919731686560615,0.3529473341587606,0.3499999999999659,0.0007763262579873768,0.0005829884874331068,1.8612084748620066
OUT_SP00_P_R03,OUT,SP00,-to+,3,380.181,380.531,54.37902202208841,51.031186362107626,0.001022175435052288,12.738895675823114,92.76650521457805,1.8981859565998946,0.35247066133561694,0.35000000000002274,0.0007603478459217701,-0.0002618275891305179,-0.8574174444796008
OUT_SP00_P_R03,OUT,SP00,+to-,4,380.531,380.88100000000003,51.031186362107626,50.26498855011808,0.00022742306765056932,11.28347767859995,77.51576319774969,1.7813244464352107,0.34999859253271765,0.35000000000002274,0.0006765415872524742,0.0004491185196019049,1.5130877731512404
OUT_SP00_P_R03,OUT,SP00,-to+,5,380.88100000000003,381.231,50.26498855011808,47.25802188544049,0.000867857592478208,10.961045125514573,74.25578929754661,1.7545790973536226,0.34945927856292885,0.3499999999999659,0.0006580456130695149,-0.0002098119794086931,-0.7268764280949063
OUT_SP00_P_R03,OUT,SP00,+to-,6,381.231,381.581,47.25802188544049,46.49843476216002,0.00021281744873039802,9.73514993402538,62.27628643182661,1.6496161597609502,0.3474355707225207,0.35000000000002274,0.0005879449638368441,0.00037512751510644605,1.338893709565023
OUT_SP00_P_R03,OUT,SP00,-to+,7,381.581,381.931,46.49843476216002,43.78676562933698,0.0007377806946973505,9.435613827527503,59.452731386160586,1.6231015672469575,0.34694741899886544,0.3499999999999659,0.0005708673354398235,-0.00016691335925752703,-0.6134228864611578
OUT_SP00_P_R03,OUT,SP00,+to-,8,381.931,382.281,43.78676562933698,42.91809160652619,0.00022890275491524472,8.400436304148286,50.024574887681034,1.5284464580620347,0.3452790178395756,0.35000000000002274,0.0005119875347039896,0.00028308477978874493,1.0742816937203086
OUT_SP00_P_R03,OUT,SP00,-to+,9,382.281,382.621,42.91809160652619,40.468313430036844,0.0006254258347023282,8.080271918875138,47.215995832379065,1.4981240144128494,0.3447687570937197,0.339999999999975,0.0004938167845623718,-0.0001316090501399564,-0.5154702645771566
OUT_SP00_P_R03,OUT,SP00,+to-,10,382.621,382.961,40.468313430036844,39.636471762543664,0.0002054684332030507,7.207890898963236,39.83434171115744,1.4126106241663656,0.34339188150036065,0.34000000000003183,0.00044438420202896846,0.00023891576882591775,0.9672451528215038
OUT_SP00_P_R03,OUT,SP00,-to+,11,382.961,383.31100000000004,39.636471762543664,37.35862689642682,0.0005442390128932283,6.922049356922439,37.50519357796409,1.383573872260294,0.3429449649712989,0.35000000000002274,0.0004282077754078741,-0.00011603123748535425,-0.48560236775396165
OUT_SP00_P_R03,OUT,SP00,+to-,12,383.31100000000004,383.651,37.35862689642682,36.5904263683728,0.00017735602144043218,6.166708118296617,31.57402407816569,1.3040620867335173,0.3417738300711231,0.339999999999975,0.0003854915836217036,0.00020813556218127142,0.9015123922696923
OUT_SP00_P_R03,OUT,SP00,-to+,13,383.651,383.991,36.5904263683728,34.44819053865617,0.000477715181929638,5.9211141649110655,29.718047432523388,1.277246829673314,0.3413960836567939,0.339999999999975,0.0003716072049223152,-0.00010610797700732279,-0.47579620415889823
OUT_SP00_P_R03,OUT,SP00,+to-,14,383.991,384.331,34.44819053865617,33.615399738152846,0.00017890346437593672,5.260941351067584,24.91454050007062,1.2024686925078183,0.34038795154260304,0.34000000000003183,0.00033427602360627486,0.00015537255923033815,0.7232487052567921
OUT_SP00_P_R03,OUT,SP00,-to+,15,384.331,384.681,33.615399738152846,31.728883502029255,0.00039090096544647945,5.014208363601412,23.191350261663214,1.1733988096096137,0.34001386436125697,0.3499999999999659,0.00032031383439728707,-7.058713104919238e-05,-0.340643194643633
OUT_SP00_P_R03,OUT,SP00,+to-,16,384.681,385.021,31.728883502029255,30.832876265049006,0.0001785821642608329,4.476040918555792,19.575901751951857,1.1075469701842389,0.3392029267712962,0.34000000000003183,0.0002898209675376942,0.00011123880327686131,0.5581170860901262
OUT_SP00_P_R03,OUT,SP00,-to+,17,385.021,385.361,30.832876265049006,29.143886597383617,0.0003240385014055861,4.230606591629324,17.99482016533751,1.076270417370234,0.3388353532827648,0.339999999999975,0.00027588850304072226,-4.814999836486386e-05,-0.2509637121924875
OUT_SP00_P_R03,OUT,SP00,+to-,18,385.361,385.69100000000003,29.143886597383617,28.28754131283081,0.00015793328820240123,3.7859413390122154,15.243986640304366,1.0173135559043822,0.3381729651895953,0.3300000000000409,0.0002505848680958995,9.265157989349828e-05,0.5023703740101128
OUT_SP00_P_R03,OUT,SP00,-to+,19,385.69100000000003,386.031,28.28754131283081,26.718252213228332,0.000278166659356904,3.5695301959064287,13.960376038489196,0.9874214664056339,0.3378522386376237,0.339999999999975,0.00023823256592607185,-3.993409343083212e-05,-0.22528285330540854
OUT_SP00_P_R03,OUT,SP00,+to-,20,386.031,386.371,26.718252213228332,26.024797408353738,0.00011823666523711473,3.188864680522694,11.794654109827098,0.932642942998193,0.33729067346229846,0.339999999999975,0.0002164251924117285,9.818852717461377e-05,0.5758695091163128
OUT_SP00_P_R03,OUT,SP00,-to+,21,386.371,386.711,26.024797408353738,24.49927859930767,0.0002498935791647728,3.0272515135142655,10.912140927856964,0.9084368038805198,0.3370532502486802,0.34000000000003183,0.0002071288330730855,-4.276474609168728e-05,-0.2610571178354988
OUT_SP00_P_R03,OUT,SP00,+to-,22,386.711,387.041,24.49927859930767,23.816451450188975,0.0001072672386399553,2.6860549515423378,9.125006035562423,0.8551861518426067,0.33655392922597216,0.3299999999999841,0.00018740743621695088,8.014019757699558e-05,0.5101425141438097
OUT_SP00_P_R03,OUT,SP00,-to+,23,387.041,387.38100000000003,23.816451450188975,22.4414864806902,0.0002073112946683854,2.5397505996695475,8.391568071535092,0.8313509878943518,0.3363406169630847,0.34000000000003183,0.00017890347488538026,-2.840781978300514e-05,-0.18840661758858196
OUT_SP00_P_R03,OUT,SP00,+to-,24,387.38100000000003,387.721,22.4414864806902,21.740517357985198,0.00010119123360260563,2.2572560306367264,7.034159290907026,0.7833556562596777,0.33593008027166804,0.339999999999975,0.00016238255574513937,6.119132214253374e-05,0.42388019563567786
OUT_SP00_P_R03,OUT,SP00,-to+,25,387.721,388.051,21.740517357985198,20.494093971593053,0.0001723706760887741,2.1194919806637027,6.401451075476136,0.7588872179676408,0.3357305117054893,0.3299999999999841,0.00015426853368821883,-1.810214240055528e-05,-0.1308951687051559
OUT_SP00_P_R03,OUT,SP00,+to-,26,388.051,388.391,20.494093971593053,19.81771202598301,8.946273468887746e-05,1.8850107462539545,5.370987244007337,0.71537883403484,0.33539179176154915,0.34000000000003183,0.0001403517924929613,5.088905780408383e-05,0.38474388447363844
OUT_SP00_P_R03,OUT,SP00,-to+,27,388.391,388.721,19.81771202598301,18.582064069452752,0.00015598098107885095,1.7634049408427068,4.860606779214574,0.6917686501309591,0.33521659798615094,0.3299999999999841,0.00013307212036675937,-2.2908860712091584e-05,-0.18147557582821924
OUT_SP00_P_R03,OUT,SP00,+to-,28,388.721,389.06100000000004,18.582064069452752,17.853665729363776,8.741100730244591e-05,1.5515332423576753,4.012744876576939,0.6486363996569736,0.3349121268864778,0.34000000000003183,0.00012026457370792519,3.285356640547927e-05,0.27376783340723393
OUT_SP00_P_R03,OUT,SP00,-to+,29,389.06100000000004,389.391,17.853665729363776,16.764320995126464,0.00012440842357642633,1.4328853947794635,3.5620007804869567,0.6232105010557455,0.33474204688834786,0.3299999999999841,0.00011301037395132501,-1.1398049625101312e-05,-0.09980207104423731
OUT_SP00_P_R03,OUT,SP00,+to-,30,389.391,389.731,16.764320995126464,15.989091387816853,8.390140643120158e-05,1.264122664329214,2.952364095843215,0.5851851964523381,0.3345006491834988,0.339999999999975,0.0001025677050715463,1.8666298640344713e-05,0.17247097039303377
OUT_SP00_P_R03,OUT,SP00,-to+,31,389.731,390.06100000000004,15.989091387816853,15.007035649958121,0.00010072670535342025,1.1503772349824837,2.5634217540409665,0.5581245782393472,0.3343382921277419,0.3300000000000409,9.543080572908187e-05,-5.295899624338385e-06,-0.05163283095107784
OUT_SP00_P_R03,OUT,SP00,+to-,32,390.06100000000004,390.391,15.007035649958121,14.259343661013116,7.250572112837144e-05,1.0138945425206947,2.1214705152848614,0.5238443661118729,0.3341438448045938,0.3299999999999841,8.673892506178379e-05,1.423320393341235e-05,0.14677430802507788
OUT_SP00_P_R03,OUT,SP00,-to+,33,390.391,390.731,14.259343661013116,13.313021327768062,8.6561494452132e-05,0.9156998204489534,1.8211297748638031,0.4977449921161221,0.33400419148242577,0.339999999999975,8.038116220841799e-05,-6.180332243714012e-06,-0.06756491427470221
OUT_SP00_P_R03,OUT,SP00,+to-,34,390.731,391.06100000000004,13.313021327768062,12.555412715389625,6.509269069451427e-05,0.79852302013769,1.4832621984645113,0.46471211111555977,0.3338378091534903,0.3300000000000409,7.265404629063613e-05,7.561355596121861e-06,0.08800537091054457
OUT_SP00_P_R03,OUT,SP00,-to+,35,391.06100000000004,391.391,12.555412715389625,11.65958721013297,7.212432224855906e-05,0.7104465930262202,1.2449177948809023,0.4382665816606214,0.3337129382475663,0.3299999999999841,6.67234101679881e-05,-5.400912080570964e-06,-0.06708174665055319
OUT_SP00_P_R03,OUT,SP00,+to-,36,391.391,391.721,11.65958721013297,10.903180908589146,5.680019877678588e-05,0.6128941661376982,0.9976646056962933,0.4069963724804806,0.33357482353952417,0.3299999999999841,6.000172601993507e-05,3.20152724314919e-06,0.04263431902546606
OUT_SP00_P_R03,OUT,SP00,-to+,37,391.721,392.051,10.903180908589146,10.04327418406805,6.000008650393502e-05,0.5360969272098153,0.8162453591904235,0.38059281159093494,0.333466234805938,0.3299999999999841,5.4569787213512786e-05,-5.4302992904222325e-06,-0.07782500531690065
OUT_SP00_P_R03,OUT,SP00,+to-,38,392.051,392.38100000000003,10.04327418406805,9.302296198549733,4.778968645527898e-05,0.45500038608069615,0.6383010281836454,0.350576404385069,0.3333517013229,0.3300000000000409,4.866336331106803e-05,8.736768557890512e-07,0.01354624508413873
OUT_SP00_P_R03,OUT,SP00,-to+,39,392.38100000000003,392.711,9.302296198549733,8.491476794083919,4.81345773323968e-05,0.39042742596838986,0.5074109922945483,0.32471139332089,0.3332606027367982,0.3299999999999841,4.3801438317101374e-05,-4.333139015295424e-06,-0.07299043792842033
OUT_SP00_P_R03,OUT,SP00,+to-,40,392.711,393.041,8.491476794083919,7.818936725457518,3.662085842170628e-05,0.3254062821010411,0.38612690127031124,0.29640845682691386,0.3331689599048113,0.3299999999999841,3.8720715258526596e-05,2.0998568368203147e-06,0.03856353494991504
OUT_SP00_P_R03,OUT,SP00,-to+,41,393.041,393.371,7.818936725457518,7.045773582799098,3.8390248135423975e-05,0.27595007027386426,0.3015564881018519,0.27293237972867523,0.3330993138354201,0.3299999999999841,3.469487579699164e-05,-3.6953723384323346e-06,-0.0744226503212499
OUT_SP00_P_R03,OUT,SP00,+to-,42,393.371,393.701,7.045773582799098,6.354403101262599,3.096305152374555e-05,0.22411540557901863,0.22073121115492433,0.24594389473976314,0.3330263730291207,0.3300000000000409,3.0276105957723877e-05,-6.869455660216744e-07,-0.015338636924900437
OUT_SP00_P_R03,OUT,SP00,-to+,43,393.701,394.021,6.354403101262599,5.710002090249746,2.5993964670605004e-05,0.1823172375078756,0.16196627468390243,0.22181051223194198,0.33296759611257243,0.3199999999999932,2.6513009842654268e-05,5.190451720492638e-07,0.01286727419280852
OUT_SP00_P_R03,OUT,SP00,+to-,44,394.021,394.351,5.710002090249746,5.072670519351965,2.2986022341601154e-05,0.14723271822010883,0.11754711983510882,0.19931667354123295,0.3329182880096195,0.3299999999999841,2.3164314987144502e-05,1.7829264554334787e-07,0.004943480187380696
OUT_SP00_P_R03,OUT,SP00,-to+,45,394.351,394.671,5.072670519351965,4.5855696627071945,1.574042889914579e-05,0.11621240003035083,0.08243356696669145,0.177069604863085,0.3328747130577984,0.3199999999999932,2.0001883268502955e-05,4.261454369357164e-06,0.13187390483764122
IN_SP01_P_R01,IN,SP01,-to+,1,10.32,10.74,60.45863695314955,57.9441671036539,0.0007392317386929268,13.237891445016553,90.1949996288472,2.1104045522007446,0.4203535368918037,0.41999999999999993,0.0003537498408080436,-0.0003854818978848832,-1.3110974238874709
IN_SP01_P_R01,IN,SP01,+to-,2,10.74,11.16,57.9441671036539,57.66761660519105,8.010533843382447e-05,12.219390628118239,80.14961612160756,2.022632996569094,0.41783256218657144,0.41999999999999993,0.0003313233234728147,0.00025121798503899024,0.8672879099410067
IN_SP01_P_R01,IN,SP01,-to+,3,11.16,11.58,57.66761660519105,55.43508430946445,0.0006375643747405167,12.109388726654732,79.08682527429468,2.0129795630766774,0.4175635361714072,0.41999999999999993,0.0003289082938128481,-0.00030865608092766857,-1.0807396156203515
IN_SP01_P_R01,IN,SP01,+to-,4,11.58,12.0,55.43508430946445,55.26955131065282,4.6611864102699934e-05,11.236380462961678,70.81088187046129,1.9350494846416038,0.41545034438932954,0.41999999999999993,0.0003097845395262713,0.00026317267542357134,0.9346064109617283
IN_SP01_P_R01,IN,SP01,-to+,5,12.0,12.41,55.26955131065282,53.07725825820655,0.0006083751737054979,11.17272844568211,70.21871212830632,1.929271292941678,0.4152977688469694,0.41000000000000014,0.00030839289017701505,-0.0002999822835284828,-1.0809266840512093
IN_SP01_P_R01,IN,SP01,+to-,6,12.41,12.83,53.07725825820655,52.850461221308976,6.196820949079135e-05,10.344074139899726,62.653662451958965,1.8527458290741097,0.41332964602982425,0.41999999999999993,0.00029030227157661833,0.000228334062085827,0.8356777664041036
IN_SP01_P_R01,IN,SP01,-to+,7,12.83,13.24,52.850461221308976,50.90832820449561,0.0005229550301261882,10.259888552963263,61.90037149946227,1.8448291190188502,0.41313156478021146,0.41000000000000014,0.0002884667059794887,-0.00023448832414669948,-0.8707932579211495
IN_SP01_P_R01,IN,SP01,+to-,8,13.24,13.65,50.90832820449561,50.54900731302447,9.521395741954164e-05,9.551035989691957,55.67293949702302,1.777035887708683,0.4114770747793686,0.41000000000000014,0.0002730217810356571,0.00017780782361611545,0.6710146571474124
IN_SP01_P_R01,IN,SP01,-to+,9,13.65,14.06,50.54900731302447,48.76571156921844,0.0004652185768817607,9.422280650865016,54.56435423241957,1.7644932224539378,0.4111790917528747,0.41000000000000014,0.0002702176647121418,-0.00019500091216961894,-0.7474556647935539
IN_SP01_P_R01,IN,SP01,+to-,10,14.06,14.47,48.76571156921844,48.41916519062863,8.896630248436612e-05,8.794511116377336,49.26175577311051,1.7022444579215048,0.4097371935144388,0.41000000000000014,0.0002565451638306967,0.00016757886134633056,0.6527612970867821
IN_SP01_P_R01,IN,SP01,-to+,11,14.47,14.88,48.41916519062863,46.72856223072328,0.00042712886887782535,8.674709565008978,48.2695326942403,1.690147707286995,0.4094640728778068,0.41000000000000014,0.0002539350481152349,-0.00017319382076259047,-0.6854871810439169
IN_SP01_P_R01,IN,SP01,+to-,12,14.88,15.290000000000001,46.72856223072328,46.40419849838533,8.062331290647802e-05,8.100646554328781,43.60534792780134,1.6311345312983747,0.4081642945530038,0.41000000000000014,0.00024141785754119193,0.00016079454463471392,0.6469077876933587
IN_SP01_P_R01,IN,SP01,-to+,13,15.290000000000001,15.700000000000001,46.40419849838533,44.8159840112641,0.0003884593408062119,7.992492569937243,42.74366361589872,1.619812101091665,0.40792105811639695,0.41000000000000014,0.00023905696333149747,-0.0001494023774747144,-0.610811476782223
IN_SP01_P_R01,IN,SP01,+to-,14,15.700000000000001,16.11,44.8159840112641,44.4543377893312,8.69710870363796e-05,7.472284253434445,38.67684858569913,1.5643729570353881,0.4067582921181163,0.40999999999999837,0.0002276837829331727,0.0001407126958967931,0.5851154919191955
IN_SP01_P_R01,IN,SP01,-to+,15,16.11,16.52,44.4543377893312,42.99074691874644,0.00034624264336999164,7.356019063561164,37.785869332719045,1.5517491224351334,0.4065000264470131,0.41000000000000014,0.0002251370083978278,-0.00012110563497216384,-0.5119077214895267
IN_SP01_P_R01,IN,SP01,+to-,16,16.52,16.92,42.99074691874644,42.570764348052826,9.763700824414061e-05,6.893882013768638,34.3110515676886,1.500660163247465,0.40547919610501404,0.40000000000000213,0.0002149906993022922,0.00011735369105815159,0.5047921418029168
IN_SP01_P_R01,IN,SP01,-to+,17,16.92,17.330000000000002,42.570764348052826,41.25392270144965,0.00030108258531254197,6.763773339458316,33.3523588182953,1.4860000059282783,0.4051934347643961,0.41000000000000014,0.00021212626540336767,-8.89563199091743e-05,-0.3890587310272942
IN_SP01_P_R01,IN,SP01,+to-,18,17.330000000000002,17.73,41.25392270144965,40.741737081323386,0.00011501109288557669,6.363133440819016,30.455879653236885,1.4400335610070603,0.40431797121412255,0.3999999999999986,0.00020327909262151127,8.826799973593458e-05,0.3930877319386194
IN_SP01_P_R01,IN,SP01,-to+,19,17.73,18.14,40.741737081323386,39.51784979786195,0.00026999780869546065,6.210320338998125,29.373651162010308,1.4221549101019157,0.40398581450795534,0.41000000000000014,0.000199892348148446,-7.010546054701466e-05,-0.3177786917679233
IN_SP01_P_R01,IN,SP01,+to-,20,18.14,18.54,39.51784979786195,38.969907203742466,0.00011865004381672462,5.852071017355202,26.88669089716847,1.3794331845625332,0.40321089862726384,0.3999999999999986,0.0001919210065831456,7.327096276642098e-05,0.3383743243945123
IN_SP01_P_R01,IN,SP01,-to+,21,18.54,18.94,38.969907203742466,37.88458589201885,0.00023088569172450394,5.694855967007893,25.817981925458515,1.3603063798039254,0.40287249259998664,0.40000000000000213,0.00018840699150264614,-4.24787002218578e-05,-0.19967607794717368
IN_SP01_P_R01,IN,SP01,+to-,22,18.94,19.34,37.88458589201885,37.315529856795386,0.00011884387208669659,5.3893023306220735,23.781528859329615,1.3224215191406437,0.40221765614719324,0.3999999999999986,0.00018154519839705898,6.270132631036239e-05,0.3002293755329691
IN_SP01_P_R01,IN,SP01,-to+,23,19.34,19.75,37.315529856795386,36.22326070978531,0.00022379303027544772,5.23221789046319,22.75590979624839,1.3025577162546553,0.4018824701537708,0.41000000000000014,0.00017799906062005127,-4.579396965539645e-05,-0.22350375562893346
IN_SP01_P_R01,IN,SP01,+to-,24,19.75,20.150000000000002,36.22326070978531,35.686106261185266,0.00010795254910730569,4.936769078763152,20.86716106954912,1.2644303303881035,0.401254712794765,0.40000000000000213,0.00017129034345196576,6.333779434466007e-05,0.31515748059925325
IN_SP01_P_R01,IN,SP01,-to+,25,20.150000000000002,20.55,35.686106261185266,34.70167678935189,0.00019420112582566767,4.794416197004933,19.976301859777813,1.2456801029484927,0.4009534833198716,0.3999999999999986,0.0001680376970026641,-2.6163428823003555e-05,-0.13262401803431265
IN_SP01_P_R01,IN,SP01,+to-,26,20.55,20.95,34.70167678935189,34.102710076173175,0.00011583448605408289,4.538599075680185,18.407538599413513,1.2113170318741706,0.4004141590417473,0.3999999999999986,0.00016215495902190753,4.6320472967824645e-05,0.23951671092485594
IN_SP01_P_R01,IN,SP01,-to+,27,20.95,21.35,34.102710076173175,33.195402883915705,0.00017208035272400595,4.386176284485029,17.49290459672048,1.1904091493645361,0.4000940316131082,0.40000000000000213,0.00015862452147112277,-1.3455831252883176e-05,-0.07094618717319663
IN_SP01_P_R01,IN,SP01,+to-,28,21.35,21.75,33.195402883915705,32.565337577887966,0.0001170799236079992,4.1599659429743445,16.163855245843425,1.1587381537007,0.3996205937645349,0.3999999999999986,0.00015334581536342184,3.6265891755422644e-05,0.19516381930059884
IN_SP01_P_R01,IN,SP01,-to+,29,21.75,22.150000000000002,32.565337577887966,31.73876581929981,0.00015056197811883556,4.0062098770457,15.280277761540164,1.1367447255151608,0.399299923396029,0.40000000000000213,0.00014972833971485007,-8.336384039854886e-07,-0.004576560396522142
IN_SP01_P_R01,IN,SP01,+to-,30,22.150000000000002,22.55,31.73876581929981,31.05089604230157,0.00012265209723999324,3.808664289270076,14.169162606932872,1.1078919281324346,0.3988892567970207,0.3999999999999986,0.0001450415071424578,2.2389409902464556e-05,0.12556577711527175
IN_SP01_P_R01,IN,SP01,-to+,31,22.55,22.95,31.05089604230157,30.33258266732809,0.0001254953673857812,3.6478879369794224,13.285345425108753,1.0838807432652777,0.39855612565938914,0.3999999999999986,0.00014119120698764156,1.5695839601860345e-05,0.08983963245945814
IN_SP01_P_R01,IN,SP01,+to-,32,22.95,23.34,30.33258266732809,29.589875436396845,0.00012695944247309395,3.483523302372335,12.401287341457191,1.058806876356478,0.3982165720655854,0.39000000000000057,0.0001372181457608976,1.025870328780364e-05,0.06001254904018939
IN_SP01_P_R01,IN,SP01,-to+,33,23.34,23.740000000000002,29.589875436396845,28.96934337899801,0.00010387828237284796,3.317383405761736,11.528198336731636,1.0328815032402379,0.39787438565616384,0.40000000000000213,0.00013316039868075272,2.9282116307904763e-05,0.17492013400068956
IN_SP01_P_R01,IN,SP01,+to-,34,23.740000000000002,24.14,28.96934337899801,28.19402938740596,0.00012695957179712294,3.1815537109763365,10.830096842312345,1.0112208482086695,0.39759539580248865,0.3999999999999986,0.00012980859020938188,2.84901841225894e-06,0.017398191828447505
IN_SP01_P_R01,IN,SP01,-to+,35,24.14,24.54,28.19402938740596,27.55714962652754,0.00010192391406307738,3.015672415292394,9.997199654113793,0.9841572844285478,0.3972556141334526,0.3999999999999986,0.0001256689342440181,2.374502018094071e-05,0.1483719013215758
IN_SP01_P_R01,IN,SP01,+to-,36,24.54,24.93,27.55714962652754,26.82047370445163,0.00011521459108250213,2.882604362564905,9.34507406199754,0.9619259868952625,0.39698378339252743,0.39000000000000057,0.00012230771131300656,7.093120230504434e-06,0.04535271830441712
IN_SP01_P_R01,IN,SP01,-to+,37,24.93,25.330000000000002,26.82047370445163,26.23693058661054,8.921222986173593e-05,2.73229399092809,8.626062346946645,0.936211146174483,0.3966775165875662,0.40000000000000213,0.00011846306215748499,2.9250832295749064e-05,0.19133080890732446
IN_SP01_P_R01,IN,SP01,+to-,38,25.330000000000002,25.73,26.23693058661054,25.4687464458602,0.00011465667014657877,2.6159861909142683,8.08284909834576,0.9158416487071224,0.3964411021773187,0.3999999999999986,0.0001154498791415683,7.932089949895315e-07,0.005314352890914981
IN_SP01_P_R01,IN,SP01,-to+,39,25.73,26.12,25.4687464458602,24.97043165763221,7.267618885691097e-05,2.4666076162912,7.402469901713048,0.8890269636717285,0.3961381922636665,0.39000000000000057,0.00011152582915739124,3.8849640300480274e-05,0.26637733166648125
IN_SP01_P_R01,IN,SP01,+to-,40,26.12,26.52,24.97043165763221,24.11916668017707,0.00012103804020642325,2.371981675038888,6.981784860839526,0.8716324961398151,0.39594673055338625,0.3999999999999986,0.00010900566460244916,-1.2032375603974094e-05,-0.08462336073633873
IN_SP01_P_R01,IN,SP01,-to+,41,26.52,26.91,24.11916668017707,23.7063366237141,5.7277630915163376e-05,2.214488952432569,6.299860956538946,0.8419177428128001,0.39562878759394415,0.39000000000000057,0.00010474551116554618,4.746788025038281e-05,0.3421252761587953
IN_SP01_P_R01,IN,SP01,+to-,42,26.91,27.310000000000002,23.7063366237141,22.795385893753615,0.00012308657569042456,2.140004282967195,5.9854928590644905,0.8275072553398543,0.39547873191664357,0.40000000000000213,0.00010269952812738896,-2.0387047563035602e-05,-0.15088079386064332
IN_SP01_P_R01,IN,SP01,-to+,43,27.310000000000002,27.7,22.795385893753615,22.420243048100264,4.936203582153635e-05,1.9800361580165207,5.328567668655042,0.7957090762173418,0.395157137731132,0.389999999999997,9.822991429503475e-05,4.8867878473498404e-05,0.3713866727859966
IN_SP01_P_R01,IN,SP01,+to-,44,27.7,28.1,22.420243048100264,21.524476902257845,0.00011471931107307486,1.9159198457104742,5.072429205422624,0.782614120573438,0.39502849838924287,0.40000000000000213,9.640690175271861e-05,-1.8312409320356252e-05,-0.14298786407353298
IN_SP01_P_R01,IN,SP01,-to+,45,28.1,28.490000000000002,21.524476902257845,21.176812683400673,4.3325097134167445e-05,1.7669915397658016,4.493821625785523,0.7513459834277382,0.394730264042597,0.39000000000000057,9.209435647022244e-05,4.8769259336055e-05,0.39135054647573064
IN_SP01_P_R01,IN,SP01,+to-,46,28.490000000000002,28.89,21.176812683400673,20.207384370054534,0.00011724661120969494,1.7107762449999382,4.281510182808242,0.7392102128068745,0.3946178963448461,0.3999999999999986,9.043559652002139e-05,-2.6811014689673548e-05,-0.22167844727082003
IN_SP01_P_R01,IN,SP01,-to+,47,28.89,29.28,20.207384370054534,19.967124224276784,2.824461941095038e-05,1.5587262649289395,3.724588024147663,0.7053707809469837,0.3943145285174082,0.39000000000000057,8.585330700940857e-05,5.760868759845819e-05,0.490042416156668
IN_SP01_P_R01,IN,SP01,+to-,48,29.28,29.67,19.967124224276784,18.941811685902753,0.00011688524478425006,1.5221150033313162,3.5943688363644037,0.6969841197366972,0.3942416045422483,0.39000000000000057,8.472721421721645e-05,-3.2158030567033604e-05,-0.28208515167176657
IN_SP01_P_R01,IN,SP01,-to+,49,29.67,30.07,18.941811685902753,18.75765810750781,2.036524622280379e-05,1.3706778257999597,3.07234614088124,0.661193960423482,0.3939404673034546,0.3999999999999986,7.996289102819795e-05,5.959764480539416e-05,0.5389139277137756
IN_SP01_P_R01,IN,SP01,+to-,50,30.07,30.46,18.75765810750781,17.719814106963945,0.00011118046895673404,1.34430432696787,2.984238828368878,0.6547657878788395,0.39388810534200824,0.39000000000000057,7.911411072045586e-05,-3.206635823627818e-05,-0.29932795617820074
IN_SP01_P_R01,IN,SP01,-to+,51,30.46,30.85,17.719814106963945,17.54171481643406,1.8463957210891953e-05,1.2003846020737687,2.518706181888415,0.618538198015719,0.3936027967423962,0.39000000000000057,7.436861075256884e-05,5.590465354167689e-05,0.5392438365679881
IN_SP01_P_R01,IN,SP01,+to-,52,30.85,31.25,17.54171481643406,16.513589438370307,0.00010305056379715857,1.1764936629278826,2.4439902499012893,0.612321359985294,0.3935555051356997,0.3999999999999986,7.356059745344928e-05,-2.948996634370929e-05,-0.2942145574369264
IN_SP01_P_R01,IN,SP01,-to+,53,31.25,31.64,16.513589438370307,16.352046161038544,1.5642188011570417e-05,1.0432068301851585,2.0411369994484936,0.5764330140442462,0.3932920320342308,0.39000000000000057,6.893101199441576e-05,5.328882398284534e-05,0.5503353120199632
IN_SP01_P_R01,IN,SP01,+to-,54,31.64,32.03,16.352046161038544,15.295209146113635,9.863707963701985e-05,1.022982834718472,1.9821404439116694,0.570794089896443,0.39325210853999853,0.39000000000000057,6.820886429009138e-05,-3.0428215346928468e-05,-0.3260154145262401
IN_SP01_P_R01,IN,SP01,-to+,55,32.03,32.43,15.295209146113635,15.200919390292405,8.488046141858925e-06,0.8955008692206365,1.6237823154822988,0.5339035187616668,0.3930007775374053,0.3999999999999986,6.351831299839413e-05,5.50302668565352e-05,0.6113055646075892
IN_SP01_P_R01,IN,SP01,+to-,56,32.43,32.82,15.200919390292405,14.12259913569406,9.342097991242671e-05,0.8845344318140922,1.5940767714557371,0.5306121853817028,0.39297918348211347,0.39000000000000057,6.31026056314191e-05,-3.0318374281007612e-05,-0.34994745946386985
IN_SP01_P_R01,IN,SP01,-to+,57,32.82,33.21,14.12259913569406,14.038755973747808,6.981969591749861e-06,0.7638756024886684,1.2795659123737742,0.4929717077143336,0.39274186807023204,0.39000000000000057,5.837937226441358e-05,5.139740267266372e-05,0.6172069807495925
IN_SP01_P_R01,IN,SP01,+to-,58,33.21,33.6,14.038755973747808,12.94015547150658,8.771525937391203e-05,0.7548608933852035,1.2570018922993844,0.49004502925184373,0.3927241578335337,0.39000000000000057,5.8014441121233776e-05,-2.9700818252678257e-05,-0.37198583512423183
IN_SP01_P_R01,IN,SP01,-to+,59,33.6,34.0,12.94015547150658,12.895414909294685,3.4235061336083412e-06,0.6416427053749628,0.9852836327038532,0.4516966373954982,0.3925019682382011,0.3999999999999986,5.326207237565337e-05,4.9838566242045026e-05,0.6513221620843548
IN_SP01_P_R01,IN,SP01,+to-,60,34.0,34.39,12.895414909294685,11.761453026249303,8.287242332073518e-05,0.6372251244639214,0.9751334628630561,0.4501348971559163,0.39249330770698265,0.39000000000000057,5.306965402751014e-05,-2.9802769293225046e-05,-0.4077912950145724
IN_SP01_P_R01,IN,SP01,+to-,62,34.78,35.17,11.77567247038797,10.586868319624953,7.890431559472157e-05,0.5315992063376489,0.743158078977399,0.41104851248944907,0.3922864305767483,0.39000000000000057,4.828094586328121e-05,-3.062336973144036e-05,-0.4613757277382966
IN_SP01_P_R01,IN,SP01,+to-,64,35.56,35.95,10.626799413703745,9.442499648389369,7.063188797513728e-05,0.4331072150431488,0.546603446045785,0.37094527743626676,0.39209386964962506,0.39000000000000057,4.341846496128747e-05,-2.7213423013849804e-05,-0.45628508143205937
IN_SP01_P_R01,IN,SP01,+to-,66,36.34,36.730000000000004,9.48827672061467,8.27762141625087,6.398756206108692e-05,0.3454006061921356,0.38934103802293407,0.3312033382301122,0.39192267355700927,0.39000000000000057,3.86457767792415e-05,-2.5341785281845416e-05,-0.47946186795275214
IN_SP01_P_R01,IN,SP01,+to-,68,37.12,37.51,8.345325481891638,7.090277569066916,5.7689698537833245e-05,0.26728557874539205,0.2650744295853723,0.29130681361918304,0.39177041965284276,0.39000000000000057,3.3895713181766566e-05,-2.379398535606668e-05,-0.5176313171262282
IN_SP01_P_R01,IN,SP01,+to-,70,37.9,38.29,7.203770831085393,5.853083121776584,5.256303948364764e-05,0.1992191685934508,0.17058962306137482,0.2514590391231368,0.3916379202301569,0.39000000000000057,2.9187767957178477e-05,-2.337527152646916e-05,-0.6006494523074999
IN_SP01_P_R01,IN,SP01,+to-,72,38.68,39.12,5.997569255034134,4.69622778835751,4.150691895765605e-05,0.13812479782805773,0.09849393690872987,0.20935466123345825,0.3915191262385008,0.4399999999999977,2.424720667458372e-05,-1.725971228307233e-05,-0.5411217474643054
IN_SP01_N_R01,IN,SP01,+to-,1,60.061,60.481,59.33235269557867,59.25470687037427,2.285086252921637e-05,12.777634279057303,85.6102166996859,2.071089814984761,0.4192075335321305,0.4200000000000017,0.000343600055972208,0.0003207491934429916,1.0898859450466611
IN_SP01_N_R01,IN,SP01,-to+,2,60.481,60.901,59.25470687037427,56.791982117721055,0.0007149953998523842,12.746144644357576,85.29924300429137,2.0683794643842717,0.4191295385158863,0.4200000000000017,0.000342906582688903,-0.0003720888171634812,-1.2815212540688417
IN_SP01_N_R01,IN,SP01,-to+,4,61.321,61.731,56.82494852599648,54.34154393616181,0.00070118076958692,11.776715843606471,75.89964601640368,1.9835648981098744,0.416753716041141,0.4100000000000037,0.00032161230534387457,-0.0003795684642430455,-1.34423007948593
IN_SP01_N_R01,IN,SP01,+to-,5,61.731,62.151,54.34154393616181,54.18293497619179,4.4066876481314544e-05,10.818683474803999,66.95350713956066,1.8968777246063657,0.41445277242308454,0.4200000000000017,0.0003006579786896862,0.0002565911022083717,0.9235425361116616
IN_SP01_N_R01,IN,SP01,-to+,6,62.151,62.561,54.18293497619179,52.0458373234386,0.0005850454546562306,10.758650633765042,66.40469475096158,1.8913412274570842,0.41431010375128363,0.4099999999999966,0.00029934732112711713,-0.00028569813352911347,-1.0435589453397023
IN_SP01_N_R01,IN,SP01,+to-,7,62.561,62.981,52.0458373234386,51.83673466898151,5.635509373335167e-05,9.963580787617323,59.271957136044946,1.8167424465027129,0.41243707559492193,0.4200000000000017,0.0002820085753987842,0.00022565348166543256,0.837275083620489
IN_SP01_N_R01,IN,SP01,-to+,8,62.981,63.391,51.83673466898151,49.90489588521779,0.0005129179900854231,9.887184321213999,58.60012618995798,1.8094433869128403,0.4122586939590623,0.4099999999999966,0.00028034402583831274,-0.0002325739642471104,-0.8759180433874024
IN_SP01_N_R01,IN,SP01,+to-,9,63.391,63.801,49.90489588521779,49.61897213061654,7.470901138108755e-05,9.193368733642192,52.61093687588889,1.7420094921240412,0.4106512134696342,0.4100000000000037,0.0002652324996722512,0.00019052348829116364,0.7291641741689885
IN_SP01_N_R01,IN,SP01,-to+,10,63.801,64.211,49.61897213061654,47.83493015936446,0.0004589330817258412,9.09253639604131,51.75767010633834,1.732028870269129,0.41041945832084564,0.4099999999999966,0.0002630365548820595,-0.0001958965268437817,-0.761491209939244
IN_SP01_N_R01,IN,SP01,+to-,11,64.211,64.621,47.83493015936446,47.505055279391186,8.347309845439506e-05,8.474370991766502,46.62470244054709,1.6697540574848915,0.40900879461899453,0.4099999999999966,0.00024956895008007584,0.00016609585162568078,0.6563883988859991
IN_SP01_N_R01,IN,SP01,-to+,12,64.621,65.031,47.505055279391186,45.88582276219417,0.00040331816179685315,8.362163852721194,45.711416762275306,1.6582392519345819,0.4087545869206382,0.4100000000000108,0.0002471226439518687,-0.00015619551784498443,-0.6270693187574662
IN_SP01_N_R01,IN,SP01,+to-,13,65.031,65.441,45.88582276219417,45.52946480058492,8.730893851552361e-05,7.820988921027886,41.38857455903374,1.6017173743736945,0.40753640635601873,0.4099999999999966,0.00023531090240963044,0.00014800196389410682,0.6040801097136701
IN_SP01_N_R01,IN,SP01,-to+,14,65.441,65.851,45.52946480058492,43.987215417339726,0.0003716865107252452,7.7040492060918435,40.472643115904916,1.5892781348821405,0.4072748714511963,0.4099999999999966,0.00023275481984786554,-0.00013893169087737968,-0.5764558031287588
IN_SP01_N_R01,IN,SP01,+to-,15,65.851,66.251,43.987215417339726,43.622585012231596,8.639261460355316e-05,7.20705645342586,36.65409439161865,1.5354434756331796,0.40616997961296547,0.4000000000000057,0.00022187081671835632,0.00013547820211480316,0.5718010571217663
IN_SP01_N_R01,IN,SP01,-to+,16,66.251,66.661,43.622585012231596,42.21610161293123,0.0003278236648449501,7.0917311911022205,35.785503990029504,1.5227154733891444,0.40591511459387636,0.4099999999999966,0.00021933947724370938,-0.00010848418760124075,-0.4654251487137507
IN_SP01_N_R01,IN,SP01,+to-,17,66.661,67.061,42.21610161293123,41.767780927817064,0.00010266455185635188,6.654776093310433,32.55598091939639,1.4736199410042776,0.4049545911800057,0.4000000000000057,0.0002097235259716354,0.00010705897411528352,0.4675092747449343
IN_SP01_N_R01,IN,SP01,-to+,18,67.061,67.471,41.767780927817064,40.47327015570235,0.00029139215852042836,6.518147085468071,31.566508847435404,1.4579705968841996,0.4046559039056243,0.4099999999999966,0.00020670737314753353,-8.468478537289483e-05,-0.3762044792397502
IN_SP01_N_R01,IN,SP01,+to-,19,67.471,67.871,40.47327015570235,40.02341196593787,9.948676807463684e-05,6.1309009156859595,28.816211076617687,1.412783646532328,0.40381356935119145,0.3999999999999915,0.0001981291896107914,9.864242153615457e-05,0.44603908704324535
IN_SP01_N_R01,IN,SP01,-to+,20,67.871,68.281,40.02341196593787,38.80285418658032,0.00026524699436087214,5.998872076006392,27.897178781688638,1.3970806333754247,0.4035278004618768,0.4100000000000108,0.00019519318219006528,-7.005381217080686e-05,-0.3223527899205015
IN_SP01_N_R01,IN,SP01,+to-,21,68.281,68.681,38.80285418658032,38.3213062167168,0.00010274686134699206,5.647318174735206,25.497604506764443,1.3544751294541852,0.40277036539269223,0.3999999999999915,0.0001873423337247017,8.459547237770963e-05,0.3964759366069245
IN_SP01_N_R01,IN,SP01,-to+,22,68.681,69.081,38.3213062167168,37.160949446473836,0.00024310429710697963,5.511316247400463,24.58822011452039,1.3376659342933597,0.40247869337036535,0.4000000000000057,0.00018429067182803983,-5.88136252789398e-05,-0.28071746501897604
IN_SP01_N_R01,IN,SP01,+to-,23,69.081,69.481,37.160949446473836,36.61627114330022,0.00011190991022964345,5.189919877649502,22.48225905860932,1.2971618420162654,0.4017923837633998,0.3999999999999915,0.00017704184433623324,6.513193410658979e-05,0.3170033618465592
IN_SP01_N_R01,IN,SP01,-to+,24,69.481,69.891,36.61627114330022,35.59251577570327,0.00020648377611902686,5.04215313990253,21.534754464677064,1.2781489825071544,0.40147823009507244,0.4100000000000108,0.00017368950752647152,-3.279426859255534e-05,-0.16259321927963044
IN_SP01_N_R01,IN,SP01,+to-,25,69.891,70.291,35.59251577570327,34.99293271643777,0.00011857144727863642,4.769812844902513,19.823617229469587,1.2424131787080912,0.40090150179865075,0.3999999999999915,0.00016747408056384146,4.890263328520504e-05,0.24728598119003414
IN_SP01_N_R01,IN,SP01,-to+,26,70.291,70.691,34.99293271643777,34.06422162112738,0.00018018088310425753,4.613600430391848,18.863137713242708,1.2214837816613648,0.400572014169799,0.4000000000000057,0.00016388497579134366,-1.6295907312913866e-05,-0.08399350692372848
IN_SP01_N_R01,IN,SP01,+to-,27,70.691,71.09100000000001,34.06422162112738,33.387283131622155,0.0001286471765998204,4.37646569077416,17.435151415186187,1.1890656488354263,0.40007366748214435,0.4000000000000057,0.00015839891173657976,2.9751735136759362e-05,0.1565520366372043
IN_SP01_N_R01,IN,SP01,-to+,28,71.09100000000001,71.491,33.387283131622155,32.56241617940723,0.00015366856103609904,4.207334301485587,16.439313915106197,1.16543603788474,0.3997195676444308,0.3999999999999915,0.00015445529393253777,7.867328964387304e-07,0.004223013203331733
IN_SP01_N_R01,IN,SP01,+to-,29,71.491,71.891,32.56241617940723,31.851263942604998,0.00012973534175843564,4.0055033464388945,15.276255169251778,1.1366427494706575,0.399298451967448,0.4000000000000057,0.0001497116577182762,1.9976315959840566e-05,0.10950069885088237
IN_SP01_N_R01,IN,SP01,-to+,30,71.891,72.291,31.851263942604998,31.146389019489312,0.00012605779581349204,3.8352719687206926,14.317217033753126,1.1118188534404148,0.39894448316625203,0.3999999999999915,0.00014567550882685145,1.9617713013359413e-05,0.10969529223165912
IN_SP01_N_R01,IN,SP01,+to-,31,72.291,72.681,31.146389019489312,30.26196306035634,0.00015457260779226659,3.6700103888838487,13.40584844473984,1.0872140769941936,0.3986019054916298,0.39000000000000057,0.00014172303511703565,-1.2849572675230938e-05,-0.07352132420136426
IN_SP01_N_R01,IN,SP01,-to+,32,72.681,73.081,30.26196306035634,29.710398912997494,9.435668639897981e-05,3.4675592783656306,12.316490031880369,1.0563417870402352,0.3981836470312544,0.4000000000000057,0.0001368301366239338,4.247345022495398e-05,0.24827855655418318
IN_SP01_N_R01,IN,SP01,+to-,33,73.081,73.481,29.710398912997494,28.86146571465903,0.00014214044458814057,3.344080119970194,11.667080500406101,1.0370885662255012,0.39792930105598784,0.3999999999999915,0.00013381544260842115,-8.32500197971942e-06,-0.04972058396517789
IN_SP01_N_R01,IN,SP01,-to+,34,73.481,73.881,28.86146571465903,28.346871705849985,8.432707926527713e-05,3.1582177738224115,10.71160808768668,1.0074552073445167,0.39754753390068165,0.4000000000000057,0.00012922941071582492,4.490233145054779e-05,0.2740091710251171
IN_SP01_N_R01,IN,SP01,+to-,35,73.881,74.281,28.346871705849985,27.45858781621572,0.000142284316402343,3.048036162016499,10.157976543959073,0.9894924878150075,0.39732182583249676,0.4000000000000057,0.0001264808215370918,-1.5803494865251205e-05,-0.0986605527220421
IN_SP01_N_R01,IN,SP01,-to+,36,74.281,74.671,27.45858781621572,26.97490284613203,7.571941351290886e-05,2.8622693238600454,9.246697948658223,0.9584855306819278,0.39694230075886855,0.39000000000000057,0.00012179065668445109,4.607124317154223e-05,0.2942957515300228
IN_SP01_N_R01,IN,SP01,+to-,37,74.671,75.071,26.97490284613203,26.06561541500548,0.00013897021516313384,2.7634820958689867,8.773690802497605,0.9416017401411865,0.3967409959019159,0.3999999999999915,0.00011926521818340966,-1.9704996979724186e-05,-0.12892919562093183
IN_SP01_N_R01,IN,SP01,-to+,38,75.071,75.471,26.06561541500548,25.59471640189491,7.022778242661656e-05,2.582304949401004,7.9277252717692965,0.9098616211008677,0.3963727321622117,0.4000000000000057,0.00011457060922389497,4.434282679727842e-05,0.29733153869669776
IN_SP01_N_R01,IN,SP01,+to-,39,75.471,75.861,25.59471640189491,24.741556518986126,0.00012419014105741148,2.4908120477066005,7.5113728774388715,0.8934241446545248,0.39618721872638346,0.39000000000000057,0.00011216604048635965,-1.2024100571051831e-05,-0.08260225308226157
IN_SP01_N_R01,IN,SP01,-to+,40,75.861,76.261,24.741556518986126,24.280631667659417,6.545309520161941e-05,2.3291215472781652,6.793924314353822,0.8636432466491497,0.3958601164268943,0.3999999999999915,0.00010785472569620295,4.2401630494583533e-05,0.29859416840198777
IN_SP01_N_R01,IN,SP01,+to-,41,76.261,76.651,24.280631667659417,23.441536028612248,0.00011618175690136143,2.2439579588505145,6.425694790017053,0.8475539341293168,0.39568821071081023,0.39000000000000057,0.00010554925908434801,-1.0632497817013417e-05,-0.07679004914512641
IN_SP01_N_R01,IN,SP01,-to+,42,76.651,77.051,23.441536028612248,23.005350488140486,5.887169865054243e-05,2.0928802897307106,5.789362508212021,0.8182639708483188,0.39538389992979583,0.4000000000000057,0.00010139393606271686,4.252223741217444e-05,0.3150501980351914
IN_SP01_N_R01,IN,SP01,+to-,43,77.051,77.441,23.005350488140486,22.14210963192442,0.00011342377787157336,2.0163704304860346,5.475558163513254,0.8030382231866724,0.39523010215938764,0.39000000000000057,9.925469157053663e-05,-1.416908630103673e-05,-0.10783645840426792
IN_SP01_N_R01,IN,SP01,-to+,44,77.441,77.84100000000001,22.14210963192442,21.741839012077893,5.119503561291447e-05,1.8690483054794136,4.8878370337639305,0.7729054328292617,0.3949345510482167,0.4000000000000057,9.506181667571167e-05,4.386678106279719e-05,0.3429736444276618
IN_SP01_N_R01,IN,SP01,+to-,45,77.84100000000001,78.231,21.741839012077893,20.85223832527798,0.0001105936180509646,1.8025889475221537,4.630009844166395,0.7589333523986208,0.39480147719329123,0.38999999999998636,9.313565264881847e-05,-1.745796540214613e-05,-0.1404281936590862
IN_SP01_N_R01,IN,SP01,-to+,46,78.231,78.631,20.85223832527798,20.55556625468392,3.5900687088900544e-05,1.6590970627231751,4.089351129702604,0.7278804303732982,0.3945146948670209,0.4000000000000057,8.889441901147271e-05,5.299373192257217e-05,0.43792316776775037
IN_SP01_N_R01,IN,SP01,+to-,47,78.631,79.021,20.55556625468392,19.587605509871544,0.00011370563516455898,1.6125394012696932,3.9187524018229305,0.7175246215121474,0.39442180200920224,0.39000000000000057,8.749190850386653e-05,-2.621372666069245e-05,-0.22315126773080712
IN_SP01_N_R01,IN,SP01,-to+,48,79.021,79.421,19.587605509871544,19.354601281597514,2.6584563642422207e-05,1.4651529656827138,3.3948407211267435,0.6837364174580822,0.39412823906214,0.4000000000000057,8.295597993633356e-05,5.637141629391135e-05,0.49407503828179994
IN_SP01_N_R01,IN,SP01,+to-,49,79.421,79.811,19.354601281597514,18.33336847112294,0.00011290183864386907,1.430709590637524,3.2760346061197283,0.6756030355491817,0.3940597455809516,0.39000000000000057,8.187306336690231e-05,-3.102877527696676e-05,-0.2806613631082397
IN_SP01_N_R01,IN,SP01,-to+,50,79.811,80.20100000000001,18.33336847112294,18.19942584548679,1.4370001347333476e-05,1.2844988218940223,2.7876185897981847,0.6399552856048285,0.3937694579022292,0.39000000000000057,7.716633978430948e-05,6.279633843697601e-05,0.5853238515428142
IN_SP01_N_R01,IN,SP01,+to-,51,80.20100000000001,80.601,18.19942584548679,17.084239493665255,0.00011568239011775454,1.2658970269443184,2.7273729947398433,0.6352798059525946,0.39373257958626146,0.3999999999999915,7.655369073959948e-05,-3.912869937815506e-05,-0.3771974514769048
IN_SP01_N_R01,IN,SP01,-to+,52,80.601,80.991,17.084239493665255,17.023752678575985,6.07186759359559e-06,1.116210946400849,2.258813590890855,0.5963524587274153,0.3934362653402444,0.39000000000000057,7.149335520633628e-05,6.54214876127407e-05,0.6517166554343865
IN_SP01_N_R01,IN,SP01,+to-,53,80.991,81.381,17.023752678575985,15.903002227488033,0.00010871647471074084,1.108357424351718,2.2350472344046572,0.5942410705727097,0.39342074032792285,0.39000000000000057,7.122090634594881e-05,-3.749556836479203e-05,-0.38653300073981056
IN_SP01_N_R01,IN,SP01,-to+,54,81.381,81.771,15.903002227488033,15.823984702995856,7.393098882086236e-06,0.9677929121973771,1.8240952719699282,0.5551194996433169,0.393143232294103,0.39000000000000057,6.620879119355602e-05,5.881569231146979e-05,0.6286227350078614
IN_SP01_N_R01,IN,SP01,+to-,55,81.771,82.171,15.823984702995856,14.690961144651695,0.00010205555974783265,0.9582376355030973,1.7971774486868053,0.5523612677049894,0.3931243927999152,0.4000000000000057,6.585793621865298e-05,-3.619762352917967e-05,-0.40186043824633233
IN_SP01_N_R01,IN,SP01,-to+,56,82.171,82.561,14.690961144651695,14.661315294106814,2.570889092709837e-06,0.8263817556911025,1.439634853750395,0.512811284513454,0.39286474430263485,0.39000000000000057,6.0861907919920166e-05,5.829101882721033e-05,0.6721747810451193
IN_SP01_N_R01,IN,SP01,+to-,57,82.561,82.95100000000001,14.661315294106814,13.511054708276486,9.582210105967046e-05,0.8230612888796744,1.4309750311931635,0.5117764491103294,0.39285821345174454,0.39000000000000057,6.073203780442795e-05,-3.5090063255242506e-05,-0.4212184710079095
IN_SP01_N_R01,IN,SP01,-to+,58,82.95100000000001,83.34100000000001,13.511054708276486,13.486730042525709,1.943510812443414e-06,0.6993402822628332,1.1210125169678113,0.4716247801530133,0.39261514409809106,0.39000000000000057,5.572498361803617e-05,5.378147280559276e-05,0.6731201758079944
IN_SP01_N_R01,IN,SP01,+to-,59,83.34100000000001,83.73100000000001,13.486730042525709,12.303721325170436,9.036571450948851e-05,0.6968317040821632,1.1149910969077526,0.470775689139417,0.3926102210535384,0.39000000000000057,5.561975269790414e-05,-3.474596181158438e-05,-0.45486328297978723
IN_SP01_N_R01,IN,SP01,+to-,61,84.131,84.521,12.323742923850116,11.098258960247048,8.513974761223289e-05,0.58211261090668,0.8514849653682283,0.4301797803810747,0.3923853175873051,0.39000000000000057,5.061843985052477e-05,-3.452130776170812e-05,-0.4968831110010869
IN_SP01_N_R01,IN,SP01,+to-,63,84.911,85.301,11.160890318666194,9.94600099552246,7.61608071075276e-05,0.47764788327472923,0.6330052796913462,0.38958856702936845,0.3921809097380527,0.39000000000000057,4.567285210933755e-05,-3.0487954998190047e-05,-0.4863235901279987
IN_SP01_N_R01,IN,SP01,+to-,65,85.691,86.08200000000001,10.026838814076932,8.76874427511579,7.031507599134392e-05,0.3856594620505931,0.45932607382108104,0.350002701744812,0.39200122301989837,0.39100000000000534,4.089802995445265e-05,-2.9417046036891272e-05,-0.5263264094033131
IN_SP01_N_R01,IN,SP01,+to-,67,86.47200000000001,86.862,8.850732315721974,7.573523350556696,6.244358912706815e-05,0.30059894502721973,0.3161262533714889,0.30894884024402147,0.3918353253569665,0.38999999999998636,3.599138792821804e-05,-2.6452201198850105e-05,-0.5410369501589547
IN_SP01_N_R01,IN,SP01,+to-,69,87.252,87.642,7.708675487268545,6.374364682038629,5.598697160574892e-05,0.2280966804777138,0.2089837788525018,0.2690835364412287,0.391694114599864,0.39000000000000057,3.126590946635234e-05,-2.4721062139396584e-05,-0.5891519759275796
IN_SP01_N_R01,IN,SP01,+to-,71,88.032,88.47200000000001,6.497869367258894,5.176227103528525,4.600587006080598e-05,0.16211379519489916,0.1252315856221378,0.22681842964629667,0.3915657562238506,0.44000000000001194,2.629253932216033e-05,-1.9713330738645648e-05,-0.5663058520240994
IN_SP01_N_R01,IN,SP01,+to-,73,88.812,89.232,5.286415066605528,4.00573538541794,3.550657906920465e-05,0.10732451642883625,0.06746424278102481,0.1845306970786036,0.3914592849245544,0.4200000000000017,2.1348408527163873e-05,-1.4158170542040778e-05,-0.5106575838215066
IN_SP01_P_R02,IN,SP01,-to+,1,102.58200000000001,103.002,60.14360254094718,57.61534074431379,0.0007407846165039635,13.10849820721057,88.89863445145363,2.099407776700712,0.4200302145803336,0.4199999999999875,0.00035089373490230385,-0.00038989088160165967,-1.3305706221234017
IN_SP01_P_R02,IN,SP01,+to-,2,103.002,103.412,57.61534074431379,57.423296507767304,5.5451502902881504e-05,12.088640830423302,78.8868619509277,2.011154791293432,0.41751286403490884,0.4100000000000108,0.00032845292987686823,0.00027300142697398675,0.9454807053474661
IN_SP01_P_R02,IN,SP01,-to+,3,103.412,103.83200000000001,57.423296507767304,55.11019853239972,0.0006583934671648218,12.012544636885254,78.15481147764774,2.004451182819002,0.41732720541377233,0.4200000000000017,0.00032678319692003955,-0.0003316102702447822,-1.1649492197652331
IN_SP01_P_R02,IN,SP01,+to-,4,103.83200000000001,104.252,55.11019853239972,54.94238852262501,4.706645758245633e-05,11.111595202848237,69.65144011825825,1.923708831636244,0.4151514203058354,0.4199999999999875,0.00030705661650580615,0.00025999015892334983,0.9269645041790507
IN_SP01_P_R02,IN,SP01,-to+,5,104.252,104.672,54.94238852262501,52.739514226572894,0.0006087401627981396,11.047368733566268,69.05701697050374,1.917851157259499,0.4149978662573288,0.4200000000000017,0.0003056530456442371,-0.0003030871171539025,-1.0967268776490677
IN_SP01_P_R02,IN,SP01,+to-,6,104.672,105.08200000000001,52.739514226572894,52.52293204069141,5.891696238502022e-05,10.218812139701479,61.53386215844623,1.8409563383121754,0.4130350390788136,0.4100000000000108,0.00028757120770856153,0.0002286542453235413,0.8405458254164795
IN_SP01_P_R02,IN,SP01,-to+,7,105.08200000000001,105.492,52.52293204069141,50.46559789123993,0.0005510374216539461,10.138827819197415,60.82216053849733,1.833396193822579,0.4128473152210576,0.4099999999999966,0.00028582770501726706,-0.00026520971663667906,-0.9901245790245901
IN_SP01_P_R02,IN,SP01,+to-,8,105.492,105.912,50.46559789123993,50.18947591043658,7.274706819372532e-05,9.392500452630083,54.30895210331433,1.761581684379288,0.4111102802584589,0.4200000000000017,0.0002695691141396886,0.00019682204594596327,0.747065716182517
IN_SP01_P_R02,IN,SP01,-to+,9,105.912,106.322,50.18947591043658,48.352802016053914,0.0004763883853707355,9.294205705892356,53.46864955847002,1.7519432089749938,0.41088344793609455,0.4099999999999966,0.00026742848789626544,-0.00020895989747447006,-0.8055921768874589
IN_SP01_P_R02,IN,SP01,+to-,10,106.322,106.732,48.352802016053914,48.04536609365831,7.844609875724147e-05,8.651849814449792,48.08093330968194,1.6878311954901857,0.40941203160285927,0.4099999999999966,0.00025343694251302965,0.0001749908437557882,0.6858009228513939
IN_SP01_P_R02,IN,SP01,-to+,11,106.732,107.142,48.04536609365831,46.346188784213325,0.00042669656054325494,8.54629429676853,47.21312269695345,1.6770996573207675,0.4091720355168231,0.4099999999999966,0.0002511366356685521,-0.00017555992487470286,-0.6990834632084976
IN_SP01_P_R02,IN,SP01,+to-,12,107.142,107.542,46.346188784213325,45.99389819815049,8.698918054134362e-05,7.973218099676465,42.590677325936696,1.6177871800707806,0.40787776439323475,0.4000000000000057,0.00023863610837472765,0.00015164692783338403,0.6141419035513486
IN_SP01_P_R02,IN,SP01,-to+,13,107.542,107.952,45.99389819815049,44.425498520192676,0.00038097955609086713,7.8566090445017,41.66886848906083,1.6054899187696268,0.4076161895181086,0.4099999999999966,0.00023608918441349002,-0.0001448903716773771,-0.5964596097022589
IN_SP01_P_R02,IN,SP01,+to-,14,107.952,108.36200000000001,44.425498520192676,44.079203185013405,8.27140146589159e-05,7.34678276600246,37.715374236740175,1.5507424420344615,0.4064795344149017,0.4100000000000108,0.0002249345981856447,0.0001422205835267288,0.5954281131449385
IN_SP01_P_R02,IN,SP01,-to+,15,108.36200000000001,108.772,44.079203185013405,42.580173413526474,0.00035207521398871675,7.236282520185132,36.875274365062964,1.5386544544681102,0.4062346587361742,0.4099999999999966,0.00022251193314653958,-0.00012956328084217717,-0.5516255285461494
IN_SP01_P_R02,IN,SP01,+to-,16,108.772,109.172,42.580173413526474,42.18008085602809,9.230794166804474e-05,6.766675926532356,33.37365080785611,1.4863284442723799,0.4051998019937997,0.3999999999999915,0.0002121902106295456,0.00011988226896150087,0.519607579491978
IN_SP01_P_R02,IN,SP01,-to+,17,109.172,109.58200000000001,42.18008085602809,40.80722056173146,0.00031132638238803986,6.643750928917439,32.47577214608266,1.4723625793902368,0.40493045979768516,0.4100000000000108,0.00020948032170948537,-0.0001018460606785545,-0.4491012519201458
IN_SP01_P_R02,IN,SP01,+to-,18,109.58200000000001,109.982,40.80722056173146,40.363920926480105,9.871628244601842e-05,6.229762981906451,29.510642262447416,1.424440714779488,0.40402802153835654,0.3999999999999915,0.00020032366435694245,0.00010160738191092403,0.4562813942859905
IN_SP01_P_R02,IN,SP01,-to+,19,109.982,110.392,40.363920926480105,39.080224276156684,0.0002807938536060724,6.098686807784195,28.591087212765647,1.4089666383634356,0.403743777523084,0.4099999999999966,0.00019741339942831338,-8.338045417775899e-05,-0.3811798929167762
IN_SP01_P_R02,IN,SP01,+to-,20,110.392,110.792,39.080224276156684,38.634657257511535,9.568321087855733e-05,5.7263493449508935,26.030941115317315,1.3641571720735037,0.4029402015726929,0.4000000000000057,0.00018911176612712441,9.342855524856708e-05,0.435066690796399
IN_SP01_P_R02,IN,SP01,-to+,21,110.792,111.19200000000001,38.634657257511535,37.45009786798843,0.0002498571087224225,5.5996407952100125,25.177590209534664,1.348603949046198,0.4026680304174725,0.4000000000000057,0.0001862735193570005,-6.358358936542198e-05,-0.301441078832436
IN_SP01_P_R02,IN,SP01,+to-,22,111.19200000000001,111.592,37.45009786798843,36.941854828312316,0.00010516885384972157,5.269169773595771,22.995850933773458,1.3072550259810136,0.40196122891334246,0.3999999999999915,0.00017883445861179012,7.366560476206856e-05,0.3559980618137192
IN_SP01_P_R02,IN,SP01,-to+,23,111.592,112.002,36.941854828312316,35.808628003370224,0.0002300415436166423,5.130242429788697,22.098003392741447,1.2895139970956289,0.40166540413205454,0.4099999999999966,0.00017568954959777466,-5.435199401886763e-05,-0.2677435245120977
IN_SP01_P_R02,IN,SP01,+to-,24,112.002,112.402,35.808628003370224,35.260178781123415,0.00010910482662113709,4.826714592469612,20.177318391162434,1.249956918561307,0.40102175900099396,0.4000000000000057,0.00016877693068568798,5.967210406455089e-05,0.2999591780784628
IN_SP01_P_R02,IN,SP01,-to+,25,112.402,112.802,35.260178781123415,34.27138275248666,0.00019299048160513504,4.682926237656992,19.28747374441442,1.2308124291448892,0.4007181198781852,0.4000000000000057,0.0001654800920547464,-2.751038955038865e-05,-0.14094905687257633
IN_SP01_P_R02,IN,SP01,+to-,26,112.802,113.202,34.27138275248666,33.652980792522456,0.00011824830188057334,4.4288516867665155,17.747450833115053,1.1962969364841782,0.400183569844749,0.3999999999999915,0.0001596150125808224,4.1366710700249055e-05,0.21633402256444542
IN_SP01_P_R02,IN,SP01,-to+,27,113.202,113.602,33.652980792522456,32.7566216905912,0.00016801857070155733,4.2733434066392295,16.825697390377208,1.1747106358798551,0.3998576349986896,0.4000000000000057,0.00015599766711074832,-1.2020903590809011e-05,-0.06412943771850534
IN_SP01_P_R02,IN,SP01,+to-,28,113.602,114.002,32.7566216905912,32.08153287512918,0.00012387977396934862,4.05259968482648,15.545151234701287,1.1434218006620156,0.3993965772524805,0.3999999999999915,0.0001508224470857672,2.6942673116418575e-05,0.14682455000143826
IN_SP01_P_R02,IN,SP01,-to+,29,114.002,114.402,32.08153287512918,31.280510959738802,0.00014399484757589054,3.890008514350938,14.623368117452364,1.119856755515614,0.3990581781735268,0.4000000000000057,0.00014697703035681308,2.982182780922538e-06,0.016589304057675835
IN_SP01_P_R02,IN,SP01,+to-,30,114.402,114.792,31.280510959738802,30.5721757860411,0.00012460476353213894,3.7011893121727453,13.576286400002271,1.091895815907227,0.3986664581487058,0.39000000000000057,0.00014247145623410594,1.7866692701967003e-05,0.10156534891289247
IN_SP01_P_R02,IN,SP01,-to+,31,114.792,115.19200000000001,30.5721757860411,29.86404510963533,0.00012198921281280022,3.537945521037997,12.691794139031373,1.0671702539298054,0.39832888749140655,0.4000000000000057,0.000138538002312985,1.654878950018477e-05,0.09606284562105437
IN_SP01_P_R02,IN,SP01,+to-,32,115.19200000000001,115.592,29.86404510963533,29.096120186646804,0.00012935320358699337,3.3782620526651344,11.845696577927681,1.042451830254495,0.39799965265288706,0.3999999999999915,0.00013465242721593924,5.299223628945878e-06,0.03145940978371036
IN_SP01_P_R02,IN,SP01,-to+,33,115.592,115.992,29.096120186646804,28.50990877889454,9.667379527626813e-05,3.209083101074821,10.970426765382754,1.0156461936259475,0.3976518845774827,0.4000000000000057,0.0001304905638470562,3.381676857078808e-05,0.20505752348260184
IN_SP01_P_R02,IN,SP01,+to-,34,115.992,116.392,28.50990877889454,27.649484259174006,0.00013862514495626416,3.0827414245186944,10.331318945153933,0.9951835552698916,0.3973928711694485,0.3999999999999915,0.0001273491195660824,-1.127602539018177e-05,-0.06998786235338389
IN_SP01_P_R02,IN,SP01,-to+,35,116.392,116.782,27.649484259174006,27.135229485943224,8.098438759664817e-05,2.9017174790507916,9.437850225943727,0.9651490736018631,0.39702278727932244,0.39000000000000057,0.00012279285255327997,4.180846495663179e-05,0.26548488092398304
IN_SP01_P_R02,IN,SP01,+to-,36,116.782,117.182,27.135229485943224,26.27430978218717,0.0001324265366370912,2.7960417697694515,8.928687989022686,0.9471981956279152,0.3968073050453613,0.4000000000000057,0.00012010012919422622,-1.2326407442864987e-05,-0.08013459750796448
IN_SP01_P_R02,IN,SP01,-to+,37,117.182,117.58200000000001,26.27430978218717,25.794876201379882,7.202713581870945e-05,2.6233631128496713,8.11695645135684,0.9171464287762405,0.3964560822349925,0.4000000000000057,0.00011564204653524824,4.3614910716538796e-05,0.29031269366769946
IN_SP01_P_R02,IN,SP01,+to-,38,117.58200000000001,117.97200000000001,25.794876201379882,24.89694730384011,0.000131569266291116,2.5295068568838737,7.686556644057211,0.9004110397168137,0.396265640053861,0.39000000000000057,0.00011318592931049518,-1.838333698062082e-05,-0.125460611349762
IN_SP01_P_R02,IN,SP01,-to+,39,117.97200000000001,118.372,24.89694730384011,24.48219772804353,5.929814005912152e-05,2.3581793830483666,6.921103690085827,0.86906740829507,0.3959188308376045,0.3999999999999915,0.00010863568793179456,4.9337547872673036e-05,0.3450813525379919
IN_SP01_P_R02,IN,SP01,+to-,40,118.372,118.762,24.48219772804353,23.578485386144564,0.0001259635814299448,2.281011236752941,6.585073785603547,0.8545899169572697,0.39576297178874964,0.39000000000000057,0.00010655543470923645,-1.9408146720708365e-05,-0.13924024480860053
IN_SP01_P_R02,IN,SP01,-to+,41,118.762,119.162,23.578485386144564,23.189994097323662,5.277720091519644e-05,2.117188111412412,5.890262597022031,0.8230444052431785,0.3954328068305777,0.4000000000000057,0.0001020685060966469,4.929130518145046e-05,0.3628310267155604
IN_SP01_P_R02,IN,SP01,+to-,42,119.162,119.552,23.189994097323662,22.259293226401027,0.00012306172705902143,2.0485888220420145,5.606997705801267,0.8094835010326965,0.3952948409423341,0.39000000000000057,0.00010015855071251694,-2.290317634650449e-05,-0.17321203212633618
IN_SP01_P_R02,IN,SP01,-to+,43,119.552,119.952,22.259293226401027,21.94196220863435,4.0865826684491006e-05,1.8887272395589048,4.965062363903908,0.7769959119351391,0.394973985111164,0.3999999999999915,9.562785917264595e-05,5.476203248815494e-05,0.42523718969387936
IN_SP01_P_R02,IN,SP01,+to-,44,119.952,120.342,21.94196220863435,20.97174634195511,0.00012147789661950502,1.8356697515306688,4.757768856833393,0.7659189697776727,0.3948676963251415,0.39000000000000057,9.40972708884578e-05,-2.7380625731047216e-05,-0.21868011280382824
IN_SP01_P_R02,IN,SP01,-to+,45,120.342,120.742,20.97174634195511,20.698029030504696,3.332317375879829e-05,1.6780350775006168,4.159429558763678,0.7320520471203866,0.3945525023987821,0.4000000000000057,8.946105281322214e-05,5.613787905442385e-05,0.46111738409568215
IN_SP01_P_R02,IN,SP01,+to-,46,120.742,121.132,20.698029030504696,19.72585022960392,0.00011496640379909599,1.6348155486924731,4.000077674306891,0.7224975105113536,0.3944662382762749,0.39000000000000057,8.816466671681707e-05,-2.6801737082278923e-05,-0.22663810635587686
IN_SP01_P_R02,IN,SP01,-to+,47,121.132,121.532,19.72585022960392,19.459905727136718,3.052520736328756e-05,1.4857787396986546,3.46665327949408,0.6885620685237357,0.39416927512437194,0.3999999999999915,8.360011142995318e-05,5.307490406666562e-05,0.4624036166788649
IN_SP01_P_R02,IN,SP01,+to-,48,121.532,121.922,19.459905727136718,18.477671384243752,0.00010928330809769814,1.4462261982935916,3.329382855106901,0.6792788541324739,0.3940905964571152,0.39000000000000057,8.236205593899724e-05,-2.6921252158700897e-05,-0.24196425858652426
IN_SP01_P_R02,IN,SP01,-to+,49,121.922,122.312,18.477671384243752,18.27899062122619,2.1441531958119488e-05,1.3046887824962052,2.8534994046100577,0.6449924075131835,0.39380949850170854,0.39000000000000057,7.782757175452209e-05,5.63860397964026e-05,0.522482060485793
IN_SP01_P_R02,IN,SP01,+to-,50,122.312,122.712,18.27899062122619,17.230079820610243,0.00010948036607950617,1.276930793650976,2.7630554219267323,0.6380571405631213,0.3937544527187874,0.4000000000000057,7.691748896641038e-05,-3.2562877113095795e-05,-0.31197444590453177
IN_SP01_P_R02,IN,SP01,-to+,51,122.712,123.102,17.230079820610243,17.11393602745875,1.1737155440405449e-05,1.1352590430281895,2.316802067400659,0.6014432465021653,0.3934739289604444,0.39000000000000057,7.215109897238485e-05,6.04139435319794e-05,0.5978197524369085
IN_SP01_P_R02,IN,SP01,+to-,52,123.102,123.492,17.11393602745875,16.044254563535972,0.00010447169496956086,1.1200767068374193,2.2705427461787613,0.5973890633096677,0.39344390804855817,0.39000000000000057,7.16271909518506e-05,-3.284450401771026e-05,-0.3362886657260234
IN_SP01_P_R02,IN,SP01,-to+,53,123.492,123.882,16.044254563535972,15.916419177395971,1.2046441038699429e-05,0.9849906601144734,1.8728757144932455,0.560050136323657,0.3931771479128464,0.39000000000000057,6.683679351226449e-05,5.479035247356506e-05,0.581428522326281
IN_SP01_P_R02,IN,SP01,+to-,54,123.882,124.282,15.916419177395971,14.843563703695942,9.739350746517091e-05,0.9694200216238835,1.8286921592194776,0.5555878395462542,0.3931464406714684,0.3999999999999915,6.62683976207154e-05,-3.112510984445551e-05,-0.34285916481132916
IN_SP01_P_R02,IN,SP01,-to+,55,124.282,124.672,14.843563703695942,14.766575961453587,6.733726425007455e-06,0.8435785702694715,1.4847609104849366,0.5181381187180364,0.39289857390147753,0.39000000000000057,6.153109013457129e-05,5.479736370956384e-05,0.6265067407243606
IN_SP01_P_R02,IN,SP01,+to-,56,124.672,125.062,14.766575961453587,13.658979267733448,9.30803254155857e-05,0.8348809024334182,1.4618796155616967,0.5154507395464247,0.3928814625600421,0.39000000000000057,6.119334752091089e-05,-3.188697789467481e-05,-0.3794288557850556
IN_SP01_P_R02,IN,SP01,-to+,57,125.062,125.452,13.658979267733448,13.610709838072468,3.894777496368542e-06,0.7146917795640803,1.158094998091415,0.47678832136718546,0.39264527588059134,0.39000000000000057,5.6365489455770334e-05,5.247071195940179e-05,0.6502890775271644
IN_SP01_P_R02,IN,SP01,+to-,58,125.452,125.842,13.610709838072468,12.427569195770092,9.122931252503914e-05,0.7096642581909228,1.1459065895772673,0.47510340041589766,0.3926354070136796,0.39000000000000057,5.615637744389141e-05,-3.5072935081147725e-05,-0.4548480803798621
IN_SP01_P_R02,IN,SP01,+to-,60,126.242,126.632,12.471306949002413,11.266370352676944,8.482446165640062e-05,0.5961018019754819,0.882341140239216,0.43533073657388127,0.39241271882273226,0.39000000000000057,5.124986445903678e-05,-3.357459719736384e-05,-0.4769203904798471
IN_SP01_P_R02,IN,SP01,+to-,62,127.022,127.412,11.298584541252692,10.084566467716588,7.709080178371258e-05,0.4894822195158532,0.6566621329786124,0.3943950021195851,0.3922040474414694,0.39000000000000057,4.625574992309213e-05,-3.083505186062045e-05,-0.48557816403589665
IN_SP01_P_R02,IN,SP01,+to-,64,127.802,128.192,10.146861769471856,8.922152280239839,6.943588484363588e-05,0.3949323519279511,0.47598379771430727,0.3541922932440435,0.3920193232646339,0.39000000000000057,4.140126328230549e-05,-2.803462156133039e-05,-0.49446498011825063
IN_SP01_P_R02,IN,SP01,+to-,66,128.582,128.972,8.991573391074235,7.713563498428894,6.354378499511696e-05,0.3102295038261821,0.3314337716036957,0.3138651212179142,0.39185409596094667,0.3900000000000148,3.657671175603526e-05,-2.6967073239081705e-05,-0.5423578705451703
IN_SP01_P_R02,IN,SP01,+to-,68,129.362,129.752,7.817388682706023,6.5144256290935365,5.56324619947902e-05,0.23456932186244467,0.21793955663475661,0.2728783428427248,0.39170671394965484,0.3900000000000148,3.1714207453675625e-05,-2.3918254541114576e-05,-0.5601752884001392
IN_SP01_P_R02,IN,SP01,+to-,70,130.142,130.582,6.63997213102523,5.305142515613921,4.753972938635512e-05,0.16927688741258962,0.133621091018706,0.23177875185410918,0.39157968366428236,0.4399999999999977,2.6874459906229948e-05,-2.066526948012517e-05,-0.5802302673748968
IN_SP01_P_R02,IN,SP01,+to-,72,130.922,131.362,5.4361426608903125,4.076277766341256,3.859356378050579e-05,0.11348724355614814,0.07335693285753032,0.18975717608132306,0.39147125581405345,0.4399999999999977,2.1957941534099526e-05,-1.6635622246406262e-05,-0.5861513037367829
IN_SP01_N_R02,IN,SP01,+to-,1,144.542,144.962,58.33268221276153,58.2132327550934,3.477606132035681e-05,12.374610576903551,81.6567409920702,2.0361947322644403,0.41821324085505646,0.4199999999999875,0.0003347333261926943,0.0002999572648723375,1.0302985664158162
IN_SP01_N_R02,IN,SP01,-to+,2,144.962,145.382,58.2132327550934,55.78473528282988,0.0006970779558638609,12.326803349003617,81.19162501028903,2.0320251596123793,0.41809585984620334,0.4200000000000159,0.0003336827735723331,-0.00036339518229152777,-1.2659103851093367
IN_SP01_N_R02,IN,SP01,+to-,3,145.382,145.792,55.78473528282988,55.59944360540031,5.2388545641147486e-05,11.371324514449917,72.0714195699146,1.947254606077663,0.4157744764982114,0.4099999999999966,0.0003127359880588517,0.0002603474424177042,0.9208156612892838
IN_SP01_N_R02,IN,SP01,-to+,4,145.792,146.212,55.59944360540031,53.422387362094184,0.0006067061011066054,11.299729857697637,71.40177579850129,1.9407867063822846,0.4156023948059269,0.4199999999999875,0.0003111699037809394,-0.00029553619732566606,-1.0604149494918351
IN_SP01_N_R02,IN,SP01,+to-,5,146.212,146.622,53.422387362094184,53.23169352837975,5.235182307825622e-05,10.472742576599746,63.81050105109133,1.8647931074887034,0.4136330508132356,0.410000000000025,0.0002931084372690465,0.00024075661419079025,0.8769662231912924
IN_SP01_N_R02,IN,SP01,-to+,6,146.622,147.042,53.23169352837975,51.19599089225138,0.000550649136151364,10.401566310689468,63.16974409983297,1.8581366369655685,0.41346511594127483,0.4199999999999875,0.0002915560250931927,-0.0002590931110581713,-0.9577946331004265
IN_SP01_N_R02,IN,SP01,+to-,7,147.042,147.452,51.19599089225138,50.98444229023801,5.634497272030847e-05,9.654656114128446,56.570211244944126,1.787077209781632,0.41171744866696136,0.4099999999999966,0.0002752786531490185,0.00021893368042871003,0.8219914836115114
IN_SP01_N_R02,IN,SP01,-to+,8,147.452,147.862,50.98444229023801,49.04991069350927,0.0005073506020963948,9.578406536166451,55.90950703023249,1.7796927705153833,0.41154051907591743,0.4099999999999966,0.0002736179010655731,-0.00023373270103082172,-0.8911821843475474
IN_SP01_N_R02,IN,SP01,+to-,9,147.862,148.272,49.04991069350927,48.81466083242783,6.070885301694316e-05,8.893294708460726,50.08471132034785,1.712164878821824,0.40996288816017085,0.4099999999999966,0.0002586970217751865,0.00019798816875824332,0.7672135803051526
IN_SP01_N_R02,IN,SP01,-to+,10,148.272,148.68200000000002,48.81466083242783,47.053513765902785,0.0004474983260550125,8.811490835103108,49.40290367405471,1.7039531095403633,0.40977595613758183,0.410000000000025,0.00025691506218275984,-0.00019058326387225264,-0.7500183202823191
IN_SP01_N_R02,IN,SP01,+to-,11,148.68200000000002,149.092,47.053513765902785,46.7301425814629,8.080755419912057e-05,8.20964130964504,44.47926156733093,1.64247747969496,0.40840994591299207,0.4099999999999966,0.00024379610446364702,0.00016298855026452647,0.6522376666248637
IN_SP01_N_R02,IN,SP01,-to+,12,149.092,149.502,46.7301425814629,45.13511558998202,0.0003922691754903403,8.101175073363432,43.60957220209789,1.6311896959458603,0.4081654844533022,0.4099999999999966,0.00024142939206862532,-0.00015083978342171498,-0.6133180277298865
IN_SP01_N_R02,IN,SP01,+to-,13,149.502,149.912,45.13511558998202,44.7770455559095,8.659821012082867e-05,7.575558978225376,39.47383375707745,1.5755127506268185,0.4069881920822078,0.4099999999999966,0.00022994433502559092,0.00014334612490476224,0.5927128081398688
IN_SP01_N_R02,IN,SP01,-to+,14,149.912,150.312,44.7770455559095,43.24611946571445,0.0003640770258607611,7.4597267445111415,38.58029606975338,1.563013748532231,0.40673036935255447,0.4000000000000057,0.00022740881087026984,-0.00013666821499049126,-0.574666065598059
IN_SP01_N_R02,IN,SP01,+to-,15,150.312,150.722,43.24611946571445,42.918696709473956,7.655089687706261e-05,6.973543139760524,34.902320919418656,1.5095743467750562,0.4056545121477165,0.4099999999999966,0.00021674264376379164,0.00014019174688672902,0.5996259688886931
IN_SP01_N_R02,IN,SP01,-to+,16,150.722,151.132,42.918696709473956,41.46084078209744,0.00033511649925403264,6.8714814694348805,34.1453736128419,1.4981451364903535,0.40542994609928634,0.4099999999999966,0.0002144978086907938,-0.00012061869056323885,-0.5247128383318814
IN_SP01_N_R02,IN,SP01,+to-,17,151.132,151.532,41.46084078209744,41.10122470571884,8.12100010875958e-05,6.425349110997565,30.900096599533388,1.4472563645854823,0.4044534821248009,0.4000000000000057,0.00020465589265000167,0.00012344589156240587,0.546645163232849
IN_SP01_N_R02,IN,SP01,-to+,18,151.532,151.942,41.10122470571884,39.73780269906637,0.0003025791137850846,6.3173977321962695,30.130654335241296,1.4347033954336625,0.40421845777797466,0.4099999999999966,0.00020226623941886737,-0.0001003128743662172,-0.4519993195569201
IN_SP01_N_R02,IN,SP01,+to-,19,151.942,152.342,39.73780269906637,39.28202319088439,9.925333579612548e-05,5.915733711150781,27.32342525664824,1.3871109892131952,0.403348219888697,0.4000000000000057,0.0001933410713503816,9.408773555425613e-05,0.43205750642720153
IN_SP01_N_R02,IN,SP01,-to+,20,152.342,152.742,39.28202319088439,38.08954412653335,0.000255121340142958,5.784166151871847,26.423370511565746,1.371201283051403,0.4030646095175197,0.39999999999997726,0.00019040450288162442,-6.471683726133357e-05,-0.3024916717334885
IN_SP01_N_R02,IN,SP01,+to-,21,152.742,153.142,38.08954412653335,37.57951544523243,0.00010708158684510319,5.446407415420569,24.157991380791458,1.3295759111833492,0.40233975237592373,0.4000000000000057,0.00018283107533035092,7.574948848524773e-05,0.3607929738617875
IN_SP01_N_R02,IN,SP01,-to+,22,153.142,153.552,37.57951544523243,36.435433263438114,0.00023570999908874413,5.304821282680328,23.22812093448671,1.3117725516467373,0.40203726790800226,0.4099999999999966,0.00017963973621682776,-5.607026287191637e-05,-0.27214765263338736
IN_SP01_N_R02,IN,SP01,+to-,23,153.552,153.952,36.435433263438114,35.92032122555236,0.00010407788053373834,4.993533262811312,21.225905496272805,1.2718365496753152,0.4013750536531835,0.4000000000000057,0.00017258352637929407,6.850564584555573e-05,0.33905344549648214
IN_SP01_N_R02,IN,SP01,-to+,24,153.952,154.352,35.92032122555236,34.86392676319398,0.0002094185568347491,4.856246800294916,20.361690955567862,1.2538557475197867,0.40108422324183307,0.4000000000000057,0.0001694522056595085,-3.996635117524061e-05,-0.20160407311554374
IN_SP01_N_R02,IN,SP01,+to-,25,154.352,154.752,34.86392676319398,34.295612232458055,0.00011040360591705918,4.580308887289855,18.66045898141908,1.2169806243838086,0.40050191840444727,0.4000000000000057,0.00016311762081757324,5.271401490051406e-05,0.2713499942514999
IN_SP01_N_R02,IN,SP01,-to+,26,154.752,155.15200000000002,34.295612232458055,33.313835428442296,0.00018696330390089675,4.434997892162553,17.784209801175688,1.1971427048872718,0.4001964711736363,0.4000000000000057,0.00015975753225158965,-2.7205771649307096e-05,-0.14286048766818935
IN_SP01_N_R02,IN,SP01,+to-,27,155.15200000000002,155.552,33.313835428442296,32.72475159679143,0.00010987499459021581,4.1891727735674635,16.333520598679538,1.1628722293877078,0.39968160978078365,0.39999999999997726,0.00015403017566667653,4.4155181076460724e-05,0.23673255945749708
IN_SP01_N_R02,IN,SP01,-to+,28,155.552,155.952,32.72475159679143,31.857871748719912,0.00015851417243016618,4.044853068380944,15.500816749887784,1.1423093245225644,0.3993804313150461,0.4000000000000057,0.00015063990694304515,-7.874265487121029e-06,-0.043062250253720374
IN_SP01_N_R02,IN,SP01,+to-,29,155.952,156.352,31.857871748719912,31.17801047450023,0.00012165066828600149,3.8368375594950757,14.32594419697334,1.1120495093864922,0.398947733516042,0.4000000000000057,0.00014571278605819127,2.4062117772189774e-05,0.13447362278458372
IN_SP01_N_R02,IN,SP01,-to+,30,156.352,156.752,31.17801047450023,30.45236643212185,0.00012723597441350793,3.677350026136539,13.445906738685977,1.0883178740026171,0.3986170981137854,0.4000000000000057,0.00014189933419740954,1.466335978390161e-05,0.08362657341848621
IN_SP01_N_R02,IN,SP01,+to-,31,156.752,157.15200000000002,30.45236643212185,29.689210425672098,0.00013088743579754063,3.5106812015511957,12.545981240699199,1.0629881185286492,0.3982726060000376,0.4000000000000057,0.00013787733685061395,6.989901053073324e-06,0.04075521464843988
IN_SP01_N_R02,IN,SP01,-to+,32,157.15200000000002,157.542,29.689210425672098,29.018637351195043,0.0001125147302323992,3.3393793220321175,11.642586376465594,1.0363489484908106,0.39791962953059,0.38999999999998636,0.00013370018765500224,2.1185457422603045e-05,0.12626183440839903
IN_SP01_N_R02,IN,SP01,+to-,33,157.542,157.942,29.018637351195043,28.29362077883314,0.00011900639576545568,3.192244316979474,10.884521341841307,1.012941532441119,0.3976173289713107,0.4000000000000057,0.0001300735878247203,1.1067192059264618e-05,0.0674236377598599
IN_SP01_N_R02,IN,SP01,-to+,34,157.942,158.342,28.29362077883314,27.678613765466807,9.878229473213974e-05,3.03674165833925,10.101771943896967,0.9876336798026413,0.39729871444099857,0.4000000000000057,0.00012619772455756907,2.7415429825429326e-05,0.1706844401623592
IN_SP01_N_R02,IN,SP01,+to-,35,158.342,158.742,27.678613765466807,26.85905300946465,0.0001285257715001319,2.9077598505026847,9.467242851474099,0.9661658851904427,0.3970351206760789,0.39999999999997726,0.00012294605549687413,-5.579716003257764e-06,-0.03557945793670272
IN_SP01_N_R02,IN,SP01,-to+,36,158.742,159.132,26.85905300946465,26.351540168694104,7.779648753108343e-05,2.740069369725631,8.662789851375239,0.9375578179656996,0.3966933390091239,0.3900000000000148,0.00011866326847915053,4.08667809480671e-05,0.2665974897636008
IN_SP01_N_R02,IN,SP01,+to-,37,159.132,159.532,26.351540168694104,25.524789979912004,0.0001237770139623251,2.6386365959740727,8.187723778123914,0.9198422778305082,0.3964871038980965,0.4000000000000057,0.00011603945391628092,-7.737560046044178e-06,-0.05168143524413169
IN_SP01_N_R02,IN,SP01,-to+,38,159.532,159.922,25.524789979912004,25.034642004399092,7.164435544891708e-05,2.477361944717253,7.450792168561499,0.8909832520590435,0.39615997269219105,0.38999999999998636,0.00011181049947560174,4.016614402668466e-05,0.2747919780029418
IN_SP01_N_R02,IN,SP01,+to-,39,159.922,160.322,25.034642004399092,24.240243445691625,0.00011335234396615833,2.3840740278911863,7.035091622518262,0.8738738600696738,0.39597117951293126,0.4000000000000057,0.00010932929660656125,-4.0230473595970776e-06,-0.028194189143746985
IN_SP01_N_R02,IN,SP01,-to+,40,160.322,160.722,24.240243445691625,23.767657700606772,6.580361290761737e-05,2.23656895251287,6.394066392439546,0.8461441192245882,0.39567330811539664,0.4000000000000057,0.00010534802542923436,3.954441252161699e-05,0.2839976690461165
IN_SP01_N_R02,IN,SP01,+to-,41,160.722,161.112,23.767657700606772,22.895567927474087,0.00011822225128466875,2.150989764602883,6.031523517768019,0.8296477647251457,0.3955008505191068,0.38999999999998636,0.000103002619906337,-1.5219631378331756e-05,-0.11226953139381292
IN_SP01_N_R02,IN,SP01,-to+,42,161.112,161.512,22.895567927474087,22.55561103196373,4.495292907657129e-05,1.9973324557856664,5.398375233228477,0.7992060888968742,0.3951918652711457,0.4000000000000057,9.871847326550133e-05,5.376554418893004e-05,0.4066017732769938
IN_SP01_N_R02,IN,SP01,+to-,43,161.512,161.90200000000002,22.55561103196373,21.60764102651961,0.00012197844715203506,1.938937151307567,5.1639013178283815,0.787339354613846,0.39507466207261543,0.3900000000000148,9.706355553491069e-05,-2.491489161712437e-05,-0.1936268340949036
IN_SP01_N_R02,IN,SP01,-to+,44,161.90200000000002,162.302,21.60764102651961,21.31148720979692,3.708541868200497e-05,1.7805703568183133,4.5456127373340545,0.7542489590035492,0.39475742334613967,0.39999999999997726,9.249237649441044e-05,5.540695781240548e-05,0.4424640288722751
IN_SP01_N_R02,IN,SP01,+to-,45,162.302,162.692,21.31148720979692,20.376034860951577,0.00011392998652206555,1.7324468902979473,4.362952354279034,0.7439112406152315,0.3946612000795755,0.3900000000000148,9.107716811939342e-05,-2.2852818402672133e-05,-0.18763703805262036
IN_SP01_N_R02,IN,SP01,-to+,46,162.692,163.082,20.376034860951577,20.095348188422992,3.323074400611029e-05,1.5846802400295463,3.8178256091177776,0.7112577936494999,0.3943662535283331,0.38999999999998636,8.664601047672234e-05,5.3415266470612045e-05,0.4511767299764356
IN_SP01_N_R02,IN,SP01,+to-,47,163.082,163.482,20.095348188422992,19.12686691908611,0.00011126076885509054,1.5416009152557293,3.663485607578295,0.7014599804453181,0.3942804115714719,0.4000000000000057,8.532773116586327e-05,-2.593303768922728e-05,-0.2257342144851961
IN_SP01_N_R02,IN,SP01,-to+,48,163.482,163.872,19.12686691908611,18.940898998010738,2.0759396927815654e-05,1.397434019917845,3.162595247296834,0.6676536066576728,0.39399361404596817,0.3900000000000148,8.081792339628987e-05,6.0058526468474217e-05,0.5380192134850613
IN_SP01_N_R02,IN,SP01,+to-,49,163.872,164.262,18.940898998010738,17.885453348500402,0.00011411010892445176,1.370546494667769,3.071905296157883,0.6611621016059646,0.39394020649800254,0.38999999999998636,7.995867925249248e-05,-3.4151429671959286e-05,-0.31587445299839834
IN_SP01_N_R02,IN,SP01,-to+,50,164.262,164.662,17.885453348500402,17.759413231554497,1.320433521441246e-05,1.2228163367949603,2.5895341572886204,0.6243200982863537,0.39364721804150804,0.4000000000000057,7.512173582014466e-05,6.191740060573219e-05,0.5910236837412287
IN_SP01_N_R02,IN,SP01,+to-,51,164.662,165.052,17.759413231554497,16.703719308830458,0.00010704269257640735,1.2057287232329372,2.5355210696833503,0.6199204682257442,0.3936133780462106,0.38999999999998636,7.454851479515252e-05,-3.249417778125484e-05,-0.32046485319750156
IN_SP01_N_R02,IN,SP01,-to+,52,165.052,165.442,16.703719308830458,16.547446399075657,1.5304384451785004e-05,1.067259884100671,2.112046637603387,0.583069798536086,0.39333953285678636,0.3900000000000148,6.978275589233676e-05,5.447837144055176e-05,0.5562779092269241
IN_SP01_N_R02,IN,SP01,+to-,53,165.442,165.842,16.547446399075657,15.494405234995353,9.9476360526232e-05,1.047470228276009,2.053647078615054,0.5776148449222995,0.39330045007650755,0.4000000000000057,6.90825410320261e-05,-3.03938194942059e-05,-0.3217396819175107
IN_SP01_N_R02,IN,SP01,-to+,54,165.842,166.232,15.494405234995353,15.39275452125641,9.265182195383858e-06,0.9188881102274892,1.6877377799143125,0.5408567739778293,0.39304684334922907,0.38999999999998636,6.439800471011232e-05,5.513282251472846e-05,0.6048763970189923
IN_SP01_N_R02,IN,SP01,+to-,55,166.232,166.622,15.39275452125641,14.305836029847473,9.534341836558055e-05,0.9069162509956941,1.654896718402015,0.5373084946943357,0.3930232600314838,0.3900000000000148,6.394884346854209e-05,-3.139457489703847e-05,-0.3578939469955119
IN_SP01_N_R02,IN,SP01,-to+,56,166.622,167.012,14.305836029847473,14.247101841086446,4.957647338562024e-06,0.7837614449106656,1.3298095872544897,0.4993678819425444,0.39278094556485843,0.38999999999998636,5.917805969012215e-05,5.422041235156012e-05,0.6423594856273045
IN_SP01_N_R02,IN,SP01,+to-,57,167.012,167.412,14.247101841086446,13.145381870156251,8.92871814629885e-05,0.7773597431073892,1.3135649226769408,0.4973176719878088,0.39276836414901506,0.4000000000000057,5.892187965687637e-05,-3.036530180611213e-05,-0.374673536433911
IN_SP01_N_R02,IN,SP01,-to+,58,167.412,167.802,13.145381870156251,13.118576879160756,2.0845102106242714e-06,0.6621002264482714,1.0327411410692948,0.4588603901323926,0.3925420833122236,0.38999999999998636,5.414580254349787e-05,5.2061292332873595e-05,0.6694630001602795
IN_SP01_N_R02,IN,SP01,+to-,59,167.802,168.192,13.118576879160756,12.010744582471402,8.248950797073855e-05,0.6594101557976397,1.0264584156353678,0.45792471943471497,0.39253680754251624,0.3900000000000148,5.403027373594695e-05,-2.8459234234791604e-05,-0.3822009426523574
IN_SP01_N_R02,IN,SP01,-to+,60,168.192,168.582,12.010744582471402,11.984031507514782,1.9006381255722434e-06,0.5529860421695779,0.7884239008302288,0.41925407716039514,0.3923282876200082,0.38999999999998636,4.9282050627918646e-05,4.73814125023464e-05,0.665935927114054
IN_SP01_N_R02,IN,SP01,+to-,61,168.582,168.972,11.984031507514782,10.827138343879161,7.830662773257232e-05,0.5505345937582078,0.7831903067775575,0.41832161493774506,0.39232348899682623,0.3900000000000148,4.916817737786808e-05,-2.9138450354704244e-05,-0.43048082062413434
IN_SP01_N_R02,IN,SP01,+to-,63,169.362,169.762,10.830919050602695,9.674381380421782,7.045884601573998e-05,0.4498739627158503,0.5786325278562666,0.3780703968999907,0.3921266268006285,0.4000000000000057,4.4278834008005756e-05,-2.618001200773422e-05,-0.42972114606582634
IN_SP01_N_R02,IN,SP01,+to-,65,170.15200000000002,170.542,9.703460160323559,8.5180052683467,6.424894994233788e-05,0.3612211607311347,0.4163833543207312,0.3387146572674859,0.39195353462567795,0.38999999999998636,3.954454058368807e-05,-2.4704409358649814e-05,-0.45581197191384454
IN_SP01_N_R02,IN,SP01,+to-,67,170.93200000000002,171.322,8.567849352813912,7.338102646668757,5.8238299333223424e-05,0.2817128522899611,0.2868161759816595,0.2990743620429361,0.39179852423851386,0.38999999999998636,3.481750909682035e-05,-2.342079023640307e-05,-0.4945385966091759
IN_SP01_N_R02,IN,SP01,+to-,69,171.71200000000002,172.102,7.408556405135571,6.127197707834703,5.16857588622293e-05,0.2106967809165903,0.1855385309299784,0.2586074041786613,0.39166025177917657,0.38999999999998636,3.0029882573419787e-05,-2.1655876288809512e-05,-0.5368667844639912
IN_SP01_N_R02,IN,SP01,+to-,71,172.492,172.922,6.220832791214903,4.946580965746019,4.243736790930687e-05,0.1485933470860136,0.10989885468693793,0.21714802884545809,0.391539472688751,0.4300000000000068,2.5159309327991394e-05,-1.7278058581315474e-05,-0.5187914575809918
OUT_SP01_N_R01,OUT,SP01,+to-,1,186.632,187.052,51.85073708977022,51.68329146305724,4.305392963058049e-05,9.667415943641332,56.008984657103774,1.809932163604866,0.4218605497591105,0.4199999999999875,0.0005917610776189357,0.0005487071479883552,2.1340346948197464
OUT_SP01_N_R01,OUT,SP01,-to+,2,187.052,187.472,51.68329146305724,48.17376710744136,0.0008789652937184218,9.607793840622406,55.498122088229195,1.804087208596452,0.42171497126368873,0.4200000000000159,0.0005883747906089083,-0.00029059050310951344,-1.1600856519220981
OUT_SP01_N_R01,OUT,SP01,+to-,3,187.472,187.892,48.17376710744136,47.6185002832186,0.00013485152226003154,8.39503149220305,45.43600260514618,1.681581698227593,0.4187922392109543,0.4199999999999875,0.0005195816786373068,0.0003847301563772753,1.584164958153239
OUT_SP01_N_R01,OUT,SP01,-to+,4,187.892,188.312,47.6185002832186,44.56123408306217,0.0007208835962951637,8.209709702519135,43.95553849104482,1.6621992296080337,0.4183519564373485,0.4200000000000159,0.0005090813786247878,-0.00021180221767037595,-0.89814631288472
OUT_SP01_N_R01,OUT,SP01,+to-,5,188.312,188.732,44.56123408306217,44.19880202213926,8.297606345038961e-05,7.222300067547662,36.3376992671387,1.5554805070027022,0.41603359189909794,0.4199999999999875,0.00045316392552641123,0.00037018786207602164,1.6169449418595183
OUT_SP01_N_R01,OUT,SP01,-to+,6,188.732,189.15200000000002,44.19880202213926,41.28079497870949,0.0006481724802723137,7.108996301086977,35.49362606636728,1.5428292414469156,0.4157704779779709,0.4200000000000159,0.00044674879008908206,-0.00020142369018323164,-0.9066911142330515
OUT_SP01_N_R01,OUT,SP01,+to-,7,189.15200000000002,189.562,41.28079497870949,40.94891210340321,7.143633331231012e-05,6.226364593785943,29.141821537949312,1.440971580438446,0.4137408842229505,0.4099999999999966,0.0003967594032083929,0.00032532306989608277,1.511401830013343
OUT_SP01_N_R01,OUT,SP01,-to+,8,189.562,189.982,40.94891210340321,38.27002463511061,0.0005590138898882533,6.129351107240226,28.468600404389896,1.4293866826282855,0.4135199431827037,0.4199999999999875,0.0003912613069215007,-0.00016775258296675258,-0.8038250359964126
OUT_SP01_N_R01,OUT,SP01,+to-,9,189.982,190.392,38.27002463511061,37.922906403882195,7.0104443954624e-05,5.371964608430422,23.391710020873685,1.3358758694040433,0.41180931793778114,0.4099999999999966,0.0003482880474319217,0.0002781836034772977,1.3774084390890833
OUT_SP01_N_R01,OUT,SP01,-to+,10,190.392,190.802,37.922906403882195,35.51750384682704,0.00047074170432240796,5.277203469388867,22.77954193953775,1.3237591573467735,0.4115970516312878,0.4099999999999966,0.00034290308483989426,-0.0001278386194825137,-0.6531835984182783
OUT_SP01_N_R01,OUT,SP01,+to-,11,190.802,191.21200000000002,35.51750384682704,35.028391320932506,9.245514946853166e-05,4.642153874391743,18.816222409287015,1.2397947684337671,0.41018445761557176,0.410000000000025,0.0003067436995456895,0.00021428855007715785,1.1336404337779435
OUT_SP01_N_R01,OUT,SP01,-to+,12,191.21200000000002,191.622,35.028391320932506,32.859936413878515,0.0003963241577223375,4.517683717408066,18.068712741114723,1.2227215204545558,0.40990959269537536,0.4099999999999966,0.00029963834491127073,-9.668581281106677e-05,-0.5289768702900406
OUT_SP01_N_R01,OUT,SP01,+to-,13,191.622,192.032,32.859936413878515,32.24019094251454,0.00010914790317537111,3.985062837890391,14.984221485632178,1.1470281648363163,0.40874072605704803,0.4099999999999966,0.00026914276738614507,0.00015999486421077396,0.9084518004570452
OUT_SP01_N_R01,OUT,SP01,-to+,14,192.032,192.442,32.24019094251454,30.2990097040222,0.0003298072333768348,3.8386449614755143,14.169860769161255,1.125394966837065,0.4084214608605519,0.4099999999999966,0.0002607283403585043,-6.907889301833049e-05,-0.4065654850561362
OUT_SP01_N_R01,OUT,SP01,+to-,15,192.442,192.852,30.2990097040222,29.590075339022157,0.00011583422742057246,3.3969130429981047,11.805325843562615,1.0576349588578,0.4074635675262573,0.4099999999999966,0.00023523718597799078,0.00011940295855741832,0.7307712280841769
OUT_SP01_N_R01,OUT,SP01,-to+,16,192.852,193.262,29.590075339022157,27.714394904885992,0.00029438348983545595,3.242014235932836,11.010245728668346,1.032888481158228,0.40712954171473476,0.4099999999999966,0.00022625377271412247,-6.812971712133348e-05,-0.4340728184484732
OUT_SP01_N_R01,OUT,SP01,+to-,17,193.262,193.662,27.714394904885992,27.17410331056234,8.151020826598654e-05,2.8489207438069553,9.076266603075764,0.9674148825764025,0.40628618263522165,0.4000000000000057,0.0002033244807157623,0.00012181427244977575,0.807444674988165
OUT_SP01_N_R01,OUT,SP01,-to+,18,193.662,194.072,27.17410331056234,25.37722080718905,0.0002603721173211035,2.740223016550064,8.563506540321688,0.948555148092808,0.40605406191412474,0.4099999999999966,0.0001969449131693998,-6.34272041517037e-05,-0.4377064792870933
OUT_SP01_N_R01,OUT,SP01,+to-,19,194.072,194.482,25.37722080718905,24.79640141498477,8.060990108553696e-05,2.393419278786371,6.994794487192498,0.885832116182124,0.4053165820375896,0.4099999999999966,0.0001764495971572849,9.583969607174795e-05,0.6905518419414892
OUT_SP01_N_R01,OUT,SP01,-to+,20,194.482,194.882,24.79640141498477,23.094352376461046,0.00022611574724345219,2.2861781033173094,6.531251632488721,0.8655576946753301,0.4050894853906997,0.4000000000000057,0.00017006127411382964,-5.6054473129622546e-05,-0.42192529805226486
OUT_SP01_N_R01,OUT,SP01,+to-,21,194.882,195.292,23.094352376461046,22.585549564020994,6.464716444116126e-05,1.985679851725296,5.289706717315206,0.8061449751700445,0.4044555184786622,0.4099999999999966,0.00015200289153635474,8.735572709519348e-05,0.6875273489448881
OUT_SP01_N_R01,OUT,SP01,-to+,22,195.292,195.692,22.585549564020994,21.035639916715184,0.00018849103424200552,1.8998528637256589,4.951252799524254,0.7883844065290723,0.4042750870230172,0.4000000000000057,0.0001467955698792002,-4.169546436280533e-05,-0.3428398191779591
OUT_SP01_N_R01,OUT,SP01,+to-,23,195.692,196.092,21.035639916715184,20.40624398787818,7.289414639817072e-05,1.6498261642587204,4.008560589912047,0.7342823536212514,0.40375107129830523,0.4000000000000057,0.00013147181158871187,5.857766519054115e-05,0.505779413579111
OUT_SP01_N_R01,OUT,SP01,-to+,24,196.092,196.502,20.40624398787818,18.945778273968482,0.00016095950297130766,1.5532214590847029,3.662324790888155,0.7123122911075442,0.4035492414338291,0.4099999999999966,0.00012547966354558958,-3.547983942571808e-05,-0.3219175336648055
OUT_SP01_N_R01,OUT,SP01,+to-,25,196.502,196.90200000000002,18.945778273968482,18.28213081416631,6.933890963028893e-05,1.3400767830733935,2.9360799931709143,0.6613324204671166,0.4031051824209947,0.4000000000000057,0.00011208536605549003,4.27464564252011e-05,0.40912697922296287
OUT_SP01_N_R01,OUT,SP01,-to+,26,196.90200000000002,197.302,18.28213081416631,16.94326788527626,0.00013260523024923528,1.2483295027693062,2.6402120389270127,0.6381667539750274,0.4029145663082531,0.39999999999997726,0.0001062332953296296,-2.6371934919605677e-05,-0.2662610112463416
OUT_SP01_N_R01,OUT,SP01,+to-,27,197.302,197.702,16.94326788527626,16.310847855181937,5.923465972356098e-05,1.0729906625844823,2.1046288534010786,0.5914316212909753,0.40255115671025565,0.4000000000000057,9.487007277444208e-05,3.5635413050881096e-05,0.38046026929444987
OUT_SP01_N_R01,OUT,SP01,-to+,28,197.702,198.112,16.310847855181937,14.987566965534585,0.00011683996531009741,0.9947179884484194,1.8788516533615656,0.56935599772956,0.40238929853816574,0.4099999999999966,8.970746654410055e-05,-2.7132498765996857e-05,-0.30728457544670246
OUT_SP01_N_R01,OUT,SP01,+to-,29,198.112,198.512,14.987566965534585,14.499457750433978,4.066147562597637e-05,0.8404178130801346,1.4595043038800957,0.523164780823428,0.40207089225839276,0.4000000000000057,7.932758068825815e-05,3.8666105062281776e-05,0.4641549483929494
OUT_SP01_N_R01,OUT,SP01,-to+,30,198.512,198.912,14.499457750433978,13.211178161416747,0.00010098255898254221,0.7867484313591772,1.3220808753548847,0.5061265549977664,0.40196034965627636,0.4000000000000057,7.564236794949882e-05,-2.5340191033043386e-05,-0.3232693204361455
OUT_SP01_N_R01,OUT,SP01,+to-,31,198.912,199.312,13.211178161416747,12.726541728632801,3.5601777449794464e-05,0.6535245634980431,1.0011530093399847,0.4611571139685862,0.40168640882908035,0.4000000000000057,6.628481390879845e-05,3.0683036459003985e-05,0.4176778260093755
OUT_SP01_N_R01,OUT,SP01,-to+,32,199.312,199.71200000000002,12.726541728632801,11.46155767838161,8.675371362826995e-05,0.606577628345152,0.895310274872689,0.44424011111418615,0.4015900302653061,0.4000000000000057,6.290238293518546e-05,-2.3851330693084487e-05,-0.34777692915388975
OUT_SP01_N_R01,OUT,SP01,+to-,33,199.71200000000002,200.112,11.46155767838161,10.968287859076554,3.1403109694716815e-05,0.49222537961374374,0.6546038993140266,0.4000838377899928,0.4013556122729942,0.39999999999997726,5.442592275481309e-05,2.3022813060096278e-05,0.36163373235599916
OUT_SP01_N_R01,OUT,SP01,-to+,34,200.112,200.512,10.968287859076554,9.832437124138796,6.711891608564186e-05,0.4508485986691783,0.5738662772467149,0.3828654728948114,0.4012709094084622,0.4000000000000057,5.125785527536781e-05,-1.5861060810274055e-05,-0.26841170296639205
OUT_SP01_N_R01,OUT,SP01,+to-,35,200.512,200.90200000000002,9.832437124138796,9.330638686248243,2.7340530532164643e-05,0.36244187739798517,0.41370481745268284,0.3432168026230888,0.40109014067294735,0.3900000000000148,4.425338938027846e-05,1.6912858848113816e-05,0.31041164386405407
OUT_SP01_N_R01,OUT,SP01,-to+,36,200.90200000000002,201.302,9.330638686248243,8.252578684829535,5.393481983887237e-05,0.3264412848746488,0.35364577760575044,0.32570073277797995,0.40101661051457943,0.39999999999997726,4.128726784047986e-05,-1.2647551998392507e-05,-0.252798078051749
OUT_SP01_N_R01,OUT,SP01,+to-,37,201.302,201.702,8.252578684829535,7.730175182365241,2.37731700338512e-05,0.2554420518077599,0.24482418850604293,0.2880693396603576,0.4008717349129199,0.4000000000000057,3.517883246324215e-05,1.1405662429390953e-05,0.2506328501365514
OUT_SP01_N_R01,OUT,SP01,-to+,38,201.702,202.092,7.730175182365241,6.720350918883374,4.157306952506002e-05,0.22415544120983782,0.20126294802726452,0.26983401737645313,0.40080795200234903,0.3900000000000148,3.234761940416804e-05,-9.225450120891983e-06,-0.22408647959862382
OUT_SP01_N_R01,OUT,SP01,+to-,39,202.092,202.492,6.720350918883374,6.202275258586524,1.9083652702496424e-05,0.16945528396113582,0.13230151374205112,0.23458450084788246,0.40069652204356715,0.39999999999997726,2.7111310884720858e-05,8.027658182224434e-06,0.2179310329176754
OUT_SP01_N_R01,OUT,SP01,-to+,40,202.492,202.882,6.202275258586524,5.256803711823058,3.08964874542429e-05,0.14435087970566451,0.10402331028195248,0.21650024875463508,0.4006454180382692,0.3900000000000148,2.4545152978728463e-05,-6.351334475514438e-06,-0.19435665323682347
OUT_SP01_N_R01,OUT,SP01,+to-,41,202.882,203.272,5.256803711823058,4.79668474708285,1.3196792470800035e-05,0.10371356423372502,0.06335577597850334,0.18349706580474306,0.40056274266500586,0.38999999999998636,2.0070604773423146e-05,6.873812302623111e-06,0.23966148659418532
OUT_SP01_P_R01,OUT,SP01,-to+,1,219.18200000000002,219.612,59.46319578318374,55.54698727868857,0.0010810047024438385,12.539093620623248,82.2640884453088,2.075657100349129,0.42909362187466266,0.4299999999999784,0.0007554977366575665,-0.00032550696578627207,-1.1790004398388734
OUT_SP01_P_R01,OUT,SP01,+to-,2,219.612,220.032,55.54698727868857,55.02910521427794,0.00013935003925352732,11.02308448179932,68.01198129529591,1.9389556351530413,0.42522011542413773,0.4200000000000159,0.0006688920819114782,0.0005295420426579509,1.9679893465846277
OUT_SP01_P_R01,OUT,SP01,-to+,3,220.032,220.46200000000002,55.02910521427794,51.6301015394075,0.0008922786799827953,10.828650546172184,66.24603146744005,1.9208781408310596,0.4247323652948124,0.4300000000000068,0.0006578127190915486,-0.00023446596089124667,-0.8930324375156214
OUT_SP01_P_R01,OUT,SP01,+to-,4,220.46200000000002,220.882,51.6301015394075,50.988655436039004,0.0001638858928724487,9.58888764297408,55.33643589227562,1.8022305300033075,0.42166884581326586,0.4199999999999875,0.0005873010915265185,0.00042341519865406977,1.6572299552608125
OUT_SP01_P_R01,OUT,SP01,-to+,5,220.882,221.302,50.988655436039004,47.79896147534964,0.0007925784051288921,9.362147142007545,53.408998492336856,1.7798398370475712,0.4211170706439067,0.4199999999999875,0.0005744277444023453,-0.0002181506607265468,-0.877823554136837
OUT_SP01_P_R01,OUT,SP01,+to-,6,221.302,221.722,47.79896147534964,47.393954668158614,9.78934606283532e-05,8.26973962852578,44.4333842236148,1.6684985135575552,0.41849439306647696,0.4200000000000159,0.0005124823963260161,0.00041458893569766293,1.7152421671968285
OUT_SP01_P_R01,OUT,SP01,-to+,7,221.722,222.142,47.393954668158614,44.32540949810122,0.0007207383496891455,8.135284204985208,43.36539171956806,1.6543611090006087,0.4181756025201555,0.4199999999999875,0.0005048651065294535,-0.00021587324315969203,-0.918970989337669
OUT_SP01_P_R01,OUT,SP01,+to-,8,222.142,222.552,44.32540949810122,43.98208852552235,7.828292983365765e-05,7.148485020013951,35.78708086384791,1.547248676073267,0.41586211140837176,0.4099999999999966,0.00044898460746288694,0.0003707016776292293,1.625762734862907
OUT_SP01_P_R01,OUT,SP01,-to+,9,222.552,222.972,43.98208852552235,41.28544127997902,0.0005978109351919485,7.041631827236734,34.994808892121036,1.535264513347966,0.4156143246454421,0.4200000000000159,0.0004429346296106145,-0.00015487630558133397,-0.6985623571175036
OUT_SP01_P_R01,OUT,SP01,+to-,10,222.972,223.382,41.28544127997902,40.81959059635801,0.00010014712774335497,6.227727700487425,29.1513168586054,1.4411337669488318,0.4137439915844157,0.4099999999999966,0.00039683664785885285,0.00029668952011549786,1.380095846790969
OUT_SP01_P_R01,OUT,SP01,-to+,11,223.382,223.802,40.81959059635801,38.33852442730044,0.0005174083178156514,6.091737339093108,28.208949987633986,1.4248725104451259,0.41343439321091746,0.4199999999999875,0.0003891293066236297,-0.00012827901119202172,-0.6150729279441621
OUT_SP01_P_R01,OUT,SP01,+to-,12,223.802,224.21200000000002,38.33852442730044,37.902172252677765,8.817301447417847e-05,5.390756850678553,23.513733924068635,1.3382669632253321,0.4118514589370747,0.410000000000025,0.0003493556795296168,0.00026118266505543834,1.2925422718971484
OUT_SP01_P_R01,OUT,SP01,-to+,13,224.21200000000002,224.622,37.902172252677765,35.58400746243344,0.0004539143728266991,5.27156790959928,22.743301646373634,1.3230353989345263,0.41158444010465645,0.4099999999999966,0.0003425827609288648,-0.00011133161189783432,-0.5685376696991553
OUT_SP01_P_R01,OUT,SP01,+to-,14,224.622,225.032,35.58400746243344,35.07474861201788,9.639730248310301e-05,4.659200183572791,18.91936012615039,1.2421161825473919,0.41022215141221696,0.4099999999999966,0.0003077162519914367,0.0002113189495083337,1.1163765819772147
OUT_SP01_P_R01,OUT,SP01,-to+,15,225.032,225.442,35.07474861201788,32.98899843068353,0.0003820766279845284,4.529412742902883,18.138729988341986,1.2243396951780463,0.40993546587187274,0.4099999999999966,0.0003003081952350417,-8.176843274948671e-05,-0.44634791563956155
OUT_SP01_P_R01,OUT,SP01,+to-,16,225.442,225.852,32.98899843068353,32.41512169667655,0.00010148939478480018,4.01588059172262,15.157511655445674,1.15153327910134,0.4088080367371775,0.4099999999999966,0.0002709119056993471,0.0001694225109145469,0.9580038487951134
OUT_SP01_P_R01,OUT,SP01,-to+,17,225.852,226.262,32.41512169667655,30.51044402292799,0.0003254006801167881,3.879710198936304,14.396758816382386,1.1315012020833128,0.40851091504322856,0.4099999999999966,0.0002630898655134483,-6.23108146033398e-05,-0.3647089879380631
OUT_SP01_P_R01,OUT,SP01,+to-,18,226.262,226.672,30.51044402292799,29.97307666653681,8.859125430348244e-05,3.4437783651590674,12.049437729215802,1.0650154088910355,0.4075648191282326,0.4099999999999966,0.00023795016445292907,0.00014935891014944663,0.9059619842673038
OUT_SP01_P_R01,OUT,SP01,-to+,19,226.672,227.082,29.97307666653681,28.148339516208303,0.0002901181146053274,3.3252692730613234,11.435327738260026,1.0462577495675076,0.40730895389133304,0.4099999999999966,0.00023108541820233573,-5.903269640299168e-05,-0.3712784430922406
OUT_SP01_P_R01,OUT,SP01,+to-,20,227.082,227.49200000000002,28.148339516208303,27.61671772968204,8.138123258237981e-05,2.9376954673225137,9.502250714702082,0.9825624070541253,0.4064761055429105,0.410000000000025,0.0002085211933326673,0.00012713996075028748,0.8305370719012063
OUT_SP01_P_R01,OUT,SP01,-to+,21,227.49200000000002,227.892,27.61671772968204,25.91118832486018,0.00025139289210651997,2.8291190056598174,8.982127281494341,0.9640053059536898,0.406243861803695,0.39999999999997726,0.00020216369779080354,-4.922919431571643e-05,-0.33397419449404175
OUT_SP01_P_R01,OUT,SP01,+to-,22,227.892,228.302,25.91118832486018,25.332027417705195,8.197880001900687e-05,2.4941086664701535,7.439442296518934,0.9044710987462484,0.405530212753799,0.4099999999999966,0.0001824244057211683,0.00010044560570216142,0.7096215172183146
OUT_SP01_P_R01,OUT,SP01,-to+,23,228.302,228.71200000000002,25.332027417705195,23.828705124060324,0.00020468845872680043,2.3849894389662896,6.957979117463027,0.884254569288865,0.4052987145694219,0.410000000000025,0.0001759483866836774,-2.874007204312304e-05,-0.2110737066997246
OUT_SP01_P_R01,OUT,SP01,+to-,24,228.71200000000002,229.112,23.828705124060324,23.189668092841213,8.344034878692277e-05,2.1128068191084792,5.804402214458597,0.8317787218033931,0.40472329464797757,0.39999999999997726,0.000159673369329717,7.623302054279423e-05,0.583835893967799
OUT_SP01_P_R01,OUT,SP01,-to+,25,229.112,229.522,23.189668092841213,21.741726211706816,0.00018111045577193517,2.001963507105616,5.35474989685454,0.8094721213295065,0.40448978307108036,0.4099999999999966,0.00015298814980897426,-2.8122305962960913e-05,-0.2248262304117058
OUT_SP01_P_R01,OUT,SP01,+to-,26,229.522,229.922,21.741726211706816,21.140113177185984,7.198543556019254e-05,1.7615934845723344,4.4218310785278465,0.7589294149228752,0.4039850224883874,0.4000000000000057,0.0001383524102621486,6.636697470195605e-05,0.554654609112579
OUT_SP01_P_R01,OUT,SP01,-to+,27,229.922,230.322,21.140113177185984,19.7352360492661,0.00016057564037589932,1.66613754148787,4.068034933263484,0.7379291583722697,0.4037851845899599,0.4000000000000057,0.00013247930659517627,-2.8096333780723055e-05,-0.2458088152263941
OUT_SP01_P_R01,OUT,SP01,+to-,28,230.322,230.732,19.7352360492661,19.147782171907895,6.40037833981366e-05,1.4533768200313615,3.3155241868715466,0.6888896954359426,0.403341014467392,0.4099999999999966,0.000119237361990545,5.5233578592408405e-05,0.5069549963732588
OUT_SP01_P_R01,OUT,SP01,-to+,29,230.732,231.132,19.147782171907895,17.860012798649937,0.0001337784694887736,1.368637778405081,3.0302875651223173,0.6683836867089273,0.40316458599874777,0.4000000000000057,0.00011389565536277314,-1.9882814126000458e-05,-0.19139058962808012
OUT_SP01_P_R01,OUT,SP01,+to-,30,231.132,231.532,17.860012798649937,17.186460840702072,6.638365720592219e-05,1.191638724978574,2.462669177100639,0.623432055569537,0.40279694233495994,0.4000000000000057,0.00010258689286503323,3.6203235659111046e-05,0.3673286600473786
OUT_SP01_P_R01,OUT,SP01,-to+,31,231.532,231.942,17.186460840702072,15.996098853860593,0.00011125884785395074,1.103867979087707,2.196004682509005,0.5999206568706477,0.4026150700219091,0.4099999999999966,9.689023645367266e-05,-1.4368611400278084e-05,-0.15372747012666146
OUT_SP01_P_R01,OUT,SP01,+to-,32,231.942,232.342,15.996098853860593,15.363808659712486,5.59363803262881e-05,0.956853182552632,1.7727192048965839,0.5583691849487172,0.4023110807007196,0.4000000000000057,8.718685326937854e-05,3.125047294309043e-05,0.35324536954811847
OUT_SP01_P_R01,OUT,SP01,-to+,33,232.342,232.74200000000002,15.363808659712486,14.236378233205716,9.427068527852844e-05,0.8829820798363754,1.57165516413825,0.5362980935167999,0.40215863753809644,0.4000000000000057,8.222088210872794e-05,-1.2049803169800503e-05,-0.1441073172654191
OUT_SP01_P_R01,OUT,SP01,+to-,34,232.74200000000002,233.142,14.236378233205716,13.589449819496712,5.091731754570729e-05,0.7585489250632002,1.2517035551672169,0.4969433474573857,0.4019023099352941,0.39999999999997726,7.368805849450991e-05,2.277074094880262e-05,0.2893114127033432
OUT_SP01_P_R01,OUT,SP01,-to+,35,233.142,233.542,13.589449819496712,12.538192221664257,7.778103150140959e-05,0.6913732722866055,1.0892989966743944,0.47436128576953346,0.40176416846736074,0.4000000000000057,6.897711800530232e-05,-8.803913496107266e-06,-0.11898853684265145
OUT_SP01_P_R01,OUT,SP01,+to-,36,233.542,233.942,12.538192221664257,11.847292564596458,4.776401562301047e-05,0.5888006288511216,0.8562688851407075,0.43766547303196796,0.40155355655667946,0.4000000000000057,6.16080612418151e-05,1.3844045618804624e-05,0.2002509273158031
OUT_SP01_P_R01,OUT,SP01,-to+,37,233.942,234.342,11.847292564596458,10.83696208170483,6.504023230777324e-05,0.5258391354719032,0.7227463524596104,0.41354852539850234,0.4014244695020497,0.4000000000000057,5.695687605040863e-05,-8.08335625736461e-06,-0.1255646717700786
OUT_SP01_P_R01,OUT,SP01,+to-,38,234.342,234.74200000000002,10.83696208170483,10.232488478365406,3.6175845281507534e-05,0.4401370279889517,0.5535473412317481,0.37828133847905604,0.40124899183703133,0.4000000000000057,5.042732187430538e-05,1.4251476592797843e-05,0.23813131083089273
OUT_SP01_P_R01,OUT,SP01,-to+,39,234.74200000000002,235.142,10.232488478365406,9.20032589265279,5.702092385260875e-05,0.392485105102027,0.46617024758962683,0.3571812292397218,0.4011515392520701,0.39999999999997726,4.6674311649948186e-05,-1.0346612202660567e-05,-0.18728636572778268
OUT_SP01_P_R01,OUT,SP01,+to-,40,235.142,235.532,9.20032589265279,8.563576135748916,3.2181332465337706e-05,0.31739889408447736,0.3390595363354879,0.3211519581665551,0.4009981491130614,0.3900000000000148,4.05297915288808e-05,8.348459063543095e-06,0.16518433252491818
OUT_SP01_P_R01,OUT,SP01,-to+,41,235.532,235.93200000000002,8.563576135748916,7.629219753969289,4.307479240647425e-05,0.27503458728241736,0.2735152606302583,0.29892519862806294,0.40091169562895773,0.4000000000000057,3.690414906625703e-05,-6.170643340217223e-06,-0.13384895842456349
OUT_SP01_P_R01,OUT,SP01,+to-,42,235.93200000000002,236.332,7.629219753969289,7.020735178107312,2.5394522415191955e-05,0.21834414624578374,0.1934891957991441,0.2663100081299116,0.40079610863304854,0.39999999999997726,3.181012852815512e-05,6.4156061129631664e-06,0.15372523866483145
OUT_SP01_P_R01,OUT,SP01,-to+,43,236.332,236.722,7.020735178107312,6.163008979956312,3.223033289803715e-05,0.18493024392758414,0.150828046589617,0.24506988953712622,0.40072803515740196,0.3900000000000148,2.8636457520003235e-05,-3.5938753780339125e-06,-0.09564072112969206
OUT_SP01_P_R01,OUT,SP01,+to-,44,236.722,237.112,6.163008979956312,5.598786563532697,1.8923405398584716e-05,0.14253000812503466,0.10206160361911781,0.21512959706042972,0.40064171225225653,0.38999999999998636,2.435396598399001e-05,5.430560585405296e-06,0.16191756034293125
OUT_SP01_P_R01,OUT,SP01,-to+,45,237.112,237.512,5.598786563532697,4.844143941856569,2.248014935853244e-05,0.11763979903691103,0.07653384656311989,0.1954345193001285,0.40059106843579145,0.4000000000000057,2.1658072880890117e-05,-8.22076477642324e-07,-0.027596323061571296
OUT_SP01_P_R01,OUT,SP01,+to-,46,237.512,237.892,4.844143941856569,4.342452871799473,1.3151165961502062e-05,0.08807544473903621,0.04958236137046932,0.16909252245186776,0.4005309433002207,0.37999999999999545,1.82016353548713e-05,5.0504693933692365e-06,0.1926648410704221
OUT_SP01_N_R02,OUT,SP01,+to-,1,253.602,254.022,53.00175986460281,52.79130334456765,5.494285143388961e-05,10.081508550926127,59.59742099578494,1.850110437977406,0.42287662830852624,0.4199999999999875,0.0006152927494551078,0.0005603498980212182,2.1463979419618324
OUT_SP01_N_R02,OUT,SP01,-to+,2,254.022,254.442,52.79130334456765,49.23097812050869,0.0009056977803005035,10.005242906959491,58.93126385011587,1.8427641195636002,0.42268883240316585,0.4200000000000159,0.0006109570461814847,-0.00029474073411901876,-1.1584482926053876
OUT_SP01_N_R02,OUT,SP01,+to-,3,254.442,254.862,49.23097812050869,48.95280200470065,6.881709095359543e-05,8.7528790221038,48.33840262324513,1.7184853243603326,0.41964710850049536,0.4199999999999875,0.0005398649700410163,0.00047104787908742085,1.904092992766236
OUT_SP01_N_R02,OUT,SP01,-to+,4,254.862,255.282,48.95280200470065,45.830886858417905,0.0007520351835806167,8.658088801895907,47.56403921033551,1.708775146117814,0.41942005531484877,0.4200000000000159,0.0005344910480166504,-0.00021754413556396626,-0.9029767958514666
OUT_SP01_N_R02,OUT,SP01,+to-,5,255.282,255.702,45.830886858417905,45.258541816189215,0.0001337283609480696,7.625530914035489,39.3925888749317,1.5997997495767855,0.41697480733929715,0.4199999999999875,0.0004759951110373248,0.00034226675008925517,1.464864009867615
OUT_SP01_N_R02,OUT,SP01,-to+,6,255.702,256.122,45.258541816189215,42.44686637095047,0.0006375676826344642,7.442547919778098,37.996529590711205,1.579821138688072,0.4165467521530759,0.4200000000000159,0.00046563418566575884,-0.00017193349696870532,-0.7581511732945928
OUT_SP01_N_R02,OUT,SP01,+to-,7,256.122,256.54200000000003,42.44686637095047,41.967602303482266,0.00010539385122532727,6.572715232262694,31.586218780742126,1.4816751506542847,0.4145331066839011,0.4200000000000159,0.000416380959075997,0.00031098710785066973,1.4141670504069022
OUT_SP01_N_R02,OUT,SP01,-to+,8,256.54200000000003,256.952,41.967602303482266,39.36722039665497,0.0005546489464617265,6.429330551436085,30.56658583520687,1.4649456787266442,0.41420448358692186,0.40999999999996817,0.00040825910094023816,-0.00014638984552148835,-0.6862662187480096
OUT_SP01_N_R02,OUT,SP01,+to-,9,256.952,257.362,39.36722039665497,38.965754718439946,8.299762150155979e-05,5.67661090162827,25.39498668718261,1.3741752265597946,0.4124943680461148,0.410000000000025,0.00036558589906960455,0.0002825882775680448,1.3668977541086305
OUT_SP01_N_R02,OUT,SP01,-to+,10,257.362,257.782,38.965754718439946,36.489449836526624,0.0004959627817909125,5.564240777192091,24.649875021306062,1.3601614307225862,0.41224121427022903,0.4199999999999591,0.0003592078307008334,-0.0001367549510900791,-0.6827540470392003
OUT_SP01_N_R02,OUT,SP01,+to-,11,257.782,258.192,36.489449836526624,36.13113347064884,6.945380323755171e-05,4.894188064216494,20.35966178298186,1.2737220837773924,0.4107430225331022,0.410000000000025,0.0003211111881695826,0.00025165738493203093,1.2983135331319728
OUT_SP01_N_R02,OUT,SP01,-to+,12,258.192,258.60200000000003,36.13113347064884,33.883985082876144,0.00042195834496091953,4.800549049956159,19.78161004872779,1.2612144830806966,0.4105351831381171,0.410000000000025,0.0003157760853407883,-0.00010618225962013124,-0.5654397021137652
OUT_SP01_N_R02,OUT,SP01,+to-,13,258.60200000000003,259.012,33.883985082876144,33.40296225831624,8.723385035850198e-05,4.232669863228151,16.39473337290629,1.1827742067856648,0.40928264683497945,0.40999999999996817,0.0002833398301449054,0.00019610597978640345,1.081359757589449
OUT_SP01_N_R02,OUT,SP01,-to+,14,259.012,259.422,33.40296225831624,31.33022264696306,0.00036319407952483903,4.115484711756221,15.72201963111243,1.1659833426540382,0.4090258554193202,0.410000000000025,0.0002766255563074241,-8.656852321741495e-05,-0.49401747705805693
OUT_SP01_N_R02,OUT,SP01,+to-,15,259.422,259.832,31.33022264696306,30.898645746707935,7.300109525053652e-05,3.6283768588680236,13.026727088295928,1.0936310811447967,0.40796450566066195,0.40999999999996817,0.00024861575782963405,0.00017561466257909753,1.0382180196017896
OUT_SP01_N_R02,OUT,SP01,-to+,16,259.832,260.232,30.898645746707935,28.853476133233052,0.00033345527177133956,3.53062174466076,12.506089585741952,1.0785662053747906,0.40775267737780085,0.4000000000000341,0.00024297170076593947,-9.048357100540009e-05,-0.5549302754201297
OUT_SP01_N_R02,OUT,SP01,+to-,17,260.232,260.642,28.853476133233052,28.510538174424877,5.387678326915467e-05,3.084737838904739,10.221791694353374,1.0071763183410376,0.4067913744917834,0.40999999999996817,0.0002171042015104108,0.0001632274182412561,1.0389780287455221
OUT_SP01_N_R02,OUT,SP01,-to+,18,260.642,261.052,28.510538174424877,26.652791540395665,0.00028154812683405206,3.0127943483448525,9.867587392341724,0.9952055253184949,0.4066370150894185,0.410000000000025,0.000212908465297485,-6.863966153656707e-05,-0.45288709955787565
OUT_SP01_N_R02,OUT,SP01,+to-,19,261.052,261.462,26.652791540395665,26.18462624379569,6.818360091260357e-05,2.637276335663512,8.087004084544978,0.9303579344551912,0.40583465238297717,0.40999999999996817,0.00019088467766706713,0.00012270107675446356,0.8424932889796334
OUT_SP01_N_R02,OUT,SP01,-to+,20,261.462,261.862,26.18462624379569,24.43662708770663,0.0002446126881321537,2.5464469959967313,7.674108755048696,0.9140158827167004,0.40564141462546716,0.4000000000000341,0.00018552184760561332,-5.909084052654038e-05,-0.4222460184965215
OUT_SP01_N_R02,OUT,SP01,+to-,21,261.862,262.272,24.43662708770663,23.940377535706496,6.655790822520478e-05,2.2209463229740196,6.254459730145846,0.8529992015250276,0.404951567646695,0.40999999999996817,0.00016616195180598988,9.96040435807851e-05,0.7426361318324884
OUT_SP01_N_R02,OUT,SP01,-to+,22,262.272,262.672,23.940377535706496,22.36148082131433,0.0002031869708988629,2.132474885984466,5.885430421426199,0.8356768243371294,0.40476477854504284,0.4000000000000341,0.00016085586081767802,-4.233111008118489e-05,-0.32893022408107825
OUT_SP01_N_R02,OUT,SP01,+to-,23,262.672,263.082,22.36148082131433,21.834767278603163,6.486005010061806e-05,1.8626425122217702,4.8068284069342635,0.7805629319070017,0.4041969487034721,0.40999999999996817,0.00014453012878750483,7.967007868688677e-05,0.646980098943781
OUT_SP01_N_R02,OUT,SP01,-to+,24,263.082,263.482,21.834767278603163,20.351170784518846,0.00017476590894765698,1.776587962708765,4.478286996568665,0.7621771608366944,0.40401644515889135,0.4000000000000341,0.00013927157996008007,-3.549432898757691e-05,-0.301304706674721
OUT_SP01_N_R02,OUT,SP01,+to-,25,263.482,263.862,20.351170784518846,19.741722906771177,6.838247440723704e-05,1.5449042248813363,3.633001954123201,0.7103898736510627,0.40353188134481704,0.37999999999999545,0.0001249616549613556,5.6579180554118546e-05,0.5042505298905494
OUT_SP01_N_R02,OUT,SP01,-to+,26,263.862,264.29200000000003,19.741722906771177,18.424664923690624,0.0001409473386073052,1.4543264781330045,3.318768665241266,0.6891161294790852,0.4033429932118696,0.4300000000000068,0.00011929698869209313,-2.1650349915212065e-05,-0.20230348920119634
OUT_SP01_N_R02,OUT,SP01,+to-,27,264.29200000000003,264.692,18.424664923690624,17.801696396441706,6.339724204695288e-05,1.2677646414871744,2.7020149421596873,0.6431421329902224,0.4029549187586068,0.39999999999997726,0.00010747786106490208,4.40806190179492e-05,0.43315295992577235
OUT_SP01_N_R02,OUT,SP01,-to+,28,264.692,265.092,17.801696396441706,16.522227986085994,0.00012357872853282397,1.1839087544375195,2.4387795039854816,0.6213964291166351,0.40278091326016,0.39999999999997726,0.00010208776207142628,-2.1490966461397686e-05,-0.2225014101853658
OUT_SP01_N_R02,OUT,SP01,+to-,29,265.092,265.502,16.522227986085994,15.889740426767453,5.778149613666882e-05,1.0205544230774215,1.9524354367628396,0.5767345562447049,0.40244269983433606,0.410000000000025,9.141844288665928e-05,3.3636946749990465e-05,0.36819472932520575
OUT_SP01_N_R02,OUT,SP01,-to+,30,265.502,265.902,15.889740426767453,14.726307977381218,0.00010054108323813695,0.9442221397731337,1.7377731564792536,0.554656575468682,0.4022850004452018,0.39999999999997726,8.634240971284061e-05,-1.4198673525296342e-05,-0.1643001366749111
OUT_SP01_N_R02,OUT,SP01,+to-,31,265.902,266.302,14.726307977381218,14.094281133583625,5.148583852335985e-05,0.8114734998595987,1.3848301314072573,0.5140451217360178,0.4020112625376147,0.4000000000000341,7.734549381453809e-05,2.5859655291178237e-05,0.31744483374336985
OUT_SP01_N_R02,OUT,SP01,-to+,32,266.302,266.702,14.094281133583625,12.97624780507316,8.565200523271182e-05,0.7435295199499767,1.2147448677374968,0.49198322296550595,0.4018714092523365,0.39999999999997726,7.264176216901801e-05,-1.3010243063693805e-05,-0.16982269757112614
OUT_SP01_N_R02,OUT,SP01,+to-,33,266.702,267.10200000000003,12.97624780507316,12.342527099450438,4.546099669651617e-05,0.630550017225366,0.9488656229474376,0.4529564975064279,0.4016392336678553,0.4000000000000341,6.463578841593498e-05,1.9174791719418808e-05,0.26729287701921167
OUT_SP01_N_R02,OUT,SP01,-to+,34,267.10200000000003,267.502,12.342527099450438,11.22869638658706,7.44676155532515e-05,0.5706110699982223,0.8169249338785376,0.4308354718040715,0.40151624839890476,0.39999999999997726,6.0275432814423165e-05,-1.419218273882833e-05,-0.2122726770056841
OUT_SP01_N_R02,OUT,SP01,+to-,35,267.502,267.902,11.22869638658706,10.631105859506706,3.708947199071261e-05,0.47246739744286953,0.6156099783322749,0.3919554453054685,0.40131515767600956,0.39999999999997726,5.292079178074939e-05,1.5831319790036782e-05,0.2550751830184851
OUT_SP01_N_R02,OUT,SP01,-to+,36,267.902,268.282,10.631105859506706,9.632413631961466,5.750627302476001e-05,0.42360411481315735,0.5226680577677737,0.37109560075290743,0.40121517110685695,0.37999999999999545,4.913634837787676e-05,-8.369924646883251e-06,-0.14535584437305044
OUT_SP01_N_R02,OUT,SP01,+to-,37,268.282,268.692,9.632413631961466,9.023989387353268,3.228137368339373e-05,0.3478669065717043,0.38901286628510545,0.33623466558342574,0.4010603660319476,0.410000000000025,4.306166277203484e-05,1.078028908864111e-05,0.20318089597325456
OUT_SP01_N_R02,OUT,SP01,-to+,38,268.692,269.092,9.023989387353268,7.990956641946525,5.0024376491269985e-05,0.3053643262881544,0.3199665678660537,0.31499665294868096,0.4009735833484193,0.39999999999997726,3.9513174341757013e-05,-1.0511202149512971e-05,-0.21705955579016498
OUT_SP01_N_R02,OUT,SP01,+to-,39,269.092,269.492,7.990956641946525,7.439508602165046,2.423307932394188e-05,0.23951895908559562,0.222299188641615,0.27893700757215295,0.4008392686236525,0.4000000000000341,3.375047913898622e-05,9.51739981504434e-06,0.2165771483131032
OUT_SP01_N_R02,OUT,SP01,-to+,40,269.492,269.882,7.439508602165046,6.440792782533742,3.95014211241082e-05,0.20762971745906006,0.17942664399471106,0.259687839676442,0.400774275931151,0.38999999999998636,3.0808530420515636e-05,-8.692890703592565e-06,-0.21977987900948576
OUT_SP01_N_R02,OUT,SP01,+to-,41,269.882,270.282,6.440792782533742,5.899441610631494,1.904588048372962e-05,0.15565935599643443,0.11648114560818162,0.22482608098780182,0.4006684354146778,0.39999999999997726,2.57164999873881e-05,6.670619503658481e-06,0.1896018541399074
OUT_SP01_N_R02,OUT,SP01,-to+,42,270.282,270.673,5.899441610631494,5.10447876283101,2.4949568702149955e-05,0.13060639346075958,0.08952797892425234,0.20592936026935377,0.40061744861654636,0.39100000000001955,2.3082696208336065e-05,-1.8668724938138902e-06,-0.059483287577087623
OUT_SP01_N_R02,OUT,SP01,+to-,43,270.673,271.063,5.10447876283101,4.555138048103882,1.5139986238463963e-05,0.09779253815589173,0.05800908568631131,0.17817992201905575,0.40055070150325855,0.38999999999998636,1.937479100768492e-05,4.234804769220958e-06,0.1536554744184673
OUT_SP01_P_R02,OUT,SP01,-to+,1,289.633,290.063,58.932508905161036,54.882854660919776,0.0011103406937623022,12.329021079294272,80.23949341701251,2.0571326337118774,0.42854926361301116,0.4300000000000068,0.0007434725931716773,-0.0003668681005906249,-1.3377693351399074
OUT_SP01_P_R02,OUT,SP01,+to-,2,290.063,290.493,54.882854660919776,54.16952022427608,0.0001901561959377907,10.774003510419199,65.75231948843278,1.9157730334531322,0.42459564118026905,0.4300000000000068,0.0006546998678506782,0.00046454367191288746,1.7426350831940358
OUT_SP01_P_R02,OUT,SP01,-to+,3,290.493,290.913,54.16952022427608,50.68376034271153,0.0009041957126602444,10.509124079886593,63.3757106221216,1.8908729642785493,0.423935159132543,0.4200000000000159,0.000639618156897062,-0.00026457755576318243,-1.019814177250514
OUT_SP01_P_R02,OUT,SP01,+to-,4,290.913,291.333,50.68376034271153,50.02380441994898,0.00016633939982701912,9.255190857802669,52.50732616666897,1.7691969905440916,0.42085768691608333,0.4200000000000159,0.0005683573601593084,0.00040201796033228934,1.5950079631287082
OUT_SP01_P_R02,OUT,SP01,-to+,5,291.333,291.753,50.02380441994898,46.833124087538074,0.0007812598990911187,9.025499774075882,50.58746574537894,1.7461601830036038,0.42030258046617336,0.4199999999999591,0.0005553254262778414,-0.00022593447281327725,-0.9226014732936942
OUT_SP01_P_R02,OUT,SP01,+to-,6,291.753,292.173,46.833124087538074,46.31520442111155,0.00012312562528362753,7.950704743035959,41.912817101775666,1.634784428645209,0.4177393766017673,0.4200000000000159,0.0004944099533296586,0.0003712843280460311,1.5617772514557606
OUT_SP01_P_R02,OUT,SP01,-to+,7,292.173,292.593,46.31520442111155,43.30230605659034,0.0006949563527384201,7.781914405463696,40.59839497194548,1.6167056217652618,0.41734188293437485,0.4200000000000159,0.00048485068780959394,-0.00021010566492882617,-0.9107824966037291
OUT_SP01_P_R02,OUT,SP01,+to-,8,292.593,293.01300000000003,43.30230605659034,42.78096842141381,0.00011647471376052801,6.83219987307389,33.45857739083878,1.5115356287875668,0.4151301828850782,0.4200000000000159,0.00043107602727964373,0.0003146013135191157,1.40814202259795
OUT_SP01_P_R02,OUT,SP01,-to+,9,293.01300000000003,293.423,42.78096842141381,40.09441341161732,0.0005819405899452368,6.673518791399949,32.30946474173067,1.493337512290784,0.41476469370555114,0.40999999999996817,0.00042209004937348535,-0.0001598505405717515,-0.7378896370947182
OUT_SP01_P_R02,OUT,SP01,+to-,10,293.423,293.843,40.09441341161732,39.63303936606365,9.680059861505666e-05,5.882781680173456,26.780590496379858,1.3995590513769893,0.41296027866698976,0.4200000000000159,0.00037728198770521404,0.0002804813890901574,1.33683557137154
OUT_SP01_P_R02,OUT,SP01,-to+,11,293.843,294.253,39.63303936606365,37.12484543153221,0.0005096974464020905,5.751582616664844,25.896090419602082,1.3834540590206736,0.4126635755022083,0.40999999999996817,0.0003698399065802289,-0.00013985753982186154,-0.6881765373789074
OUT_SP01_P_R02,OUT,SP01,+to-,12,294.253,294.663,37.12484543153221,36.64261062315535,9.474162052260165e-05,5.062307988935163,21.410970301184726,1.295901574148424,0.4111171149279827,0.410000000000025,0.00033068211479018355,0.0002359404942675819,1.200933471292643
OUT_SP01_P_R02,OUT,SP01,-to+,13,294.663,295.073,36.64261062315535,34.37654914799194,0.0004308159218950355,4.934471010540012,20.60999554904077,1.279068403800624,0.4108325484440884,0.40999999999996817,0.00032340533847820296,-0.00010741058341683253,-0.5649352990566264
OUT_SP01_P_R02,OUT,SP01,+to-,14,295.073,295.483,34.37654914799194,33.82317041726342,0.00010155353609665644,4.354272045658567,17.10245114872679,1.1999679362122215,0.4095497207301981,0.410000000000025,0.00029029884646371334,0.0001887453103670569,1.0284943127867592
OUT_SP01_P_R02,OUT,SP01,-to+,15,295.483,295.89300000000003,33.82317041726342,31.72001095669613,0.00037262454493450914,4.217768738730875,16.30868253784705,1.1806513744887819,0.40924996192695184,0.410000000000025,0.00028248650257074466,-9.013804236376448e-05,-0.5087266424304387
OUT_SP01_P_R02,OUT,SP01,+to-,16,295.89300000000003,296.303,31.72001095669613,31.19647033384871,8.943542321616915e-05,3.717757256598341,13.508803306198434,1.1072372599260478,0.40815852679424,0.40999999999996817,0.00025376895959377193,0.00016433353637760277,0.9619788176377465
OUT_SP01_P_R02,OUT,SP01,-to+,17,296.303,296.713,31.19647033384871,29.274173844995975,0.0003168381334065436,3.597945188535872,12.863905511363264,1.0889622446527891,0.40789852080565214,0.410000000000025,0.00024685965645351865,-6.997847695302493e-05,-0.4245482387492003
OUT_SP01_P_R02,OUT,SP01,+to-,18,296.713,297.123,29.274173844995975,28.671263904230955,9.5596270594591e-05,3.1741052770735716,10.667450163093612,1.0218614387927758,0.4069834060115626,0.40999999999996817,0.0002223068459007678,0.00012671057530617681,0.79913905128672
OUT_SP01_P_R02,OUT,SP01,-to+,19,297.123,297.533,28.671263904230955,26.907147198064006,0.0002692114836084309,3.0464109084693636,10.032583658200839,1.0008159116740687,0.4067091158941832,0.410000000000025,0.00021486983251505892,-5.4341651093371994e-05,-0.35608149629240426
OUT_SP01_P_R02,OUT,SP01,+to-,20,297.533,297.933,26.907147198064006,26.318209403469474,8.635675620331458e-05,2.6872680607696195,8.317276803415625,0.9392366218499674,0.40594114724149,0.39999999999997726,0.00019382988166709444,0.00010747312546377986,0.7329444692771534
OUT_SP01_P_R02,OUT,SP01,-to+,21,297.933,298.343,26.318209403469474,24.662660162221837,0.0002332125135396757,2.5722068814869163,7.79048472605162,0.9186788146397501,0.40569618540562113,0.410000000000025,0.00018704437085380075,-4.6168142685874965e-05,-0.3277310187976124
OUT_SP01_P_R02,OUT,SP01,+to-,22,298.343,298.743,24.662660162221837,23.99912269285749,8.948675937631502e-05,2.2618220896395522,6.427442136250205,0.8608892442624198,0.4050379708192456,0.39999999999997726,0.00016860659782977835,7.911983845346333e-05,0.5866642660195476
OUT_SP01_P_R02,OUT,SP01,-to+,23,298.743,299.153,23.99912269285749,22.4804262609709,0.00019614883487814884,2.142856802671492,5.928350859384212,0.837727417160902,0.4047866821197964,0.410000000000025,0.00016147961190493467,-3.466922297321417e-05,-0.2684210891418097
OUT_SP01_P_R02,OUT,SP01,+to-,24,299.153,299.553,22.4804262609709,21.85629706666585,7.708779432389982e-05,1.8823506862328527,4.883145801177843,0.7847149110114805,0.4042383274459014,0.39999999999997726,0.00014573061004479417,6.864281572089435e-05,0.5557530064150185
OUT_SP01_P_R02,OUT,SP01,-to+,25,299.553,299.963,21.85629706666585,20.38249707846416,0.00017381954454956383,1.7800665425258566,4.491418033789623,0.7629286922145954,0.4040237361542866,0.410000000000025,0.00013948469232377,-3.433485222579383e-05,-0.2911140394674056
OUT_SP01_P_R02,OUT,SP01,+to-,26,299.963,300.363,20.38249707846416,19.785709000201468,6.708260273109899e-05,1.5496324836723032,3.6496621091863455,0.7114833675946491,0.4035417500482579,0.39999999999997726,0.00012525617993957625,5.8173577208477263e-05,0.5175282263379729
OUT_SP01_P_R02,OUT,SP01,-to+,27,300.363,300.773,19.785709000201468,18.40358708642779,0.00014799541127440095,1.460773948460011,3.340824004215526,0.690651533789982,0.40335642831261165,0.410000000000025,0.00011970167578873767,-2.829373548566328e-05,-0.26422740655675564
OUT_SP01_P_R02,OUT,SP01,+to-,28,300.773,301.173,18.40358708642779,17.700848243917754,7.12824168089899e-05,1.2648812834473795,2.6928160854358274,0.6424063776713503,0.4029489312542597,0.39999999999997726,0.00010729339191300611,3.601097510401621e-05,0.3550125469163172
OUT_SP01_P_R02,OUT,SP01,-to+,29,301.173,301.573,17.700848243917754,16.49963208096369,0.00011561616745905996,1.1705995628627006,2.3978283969077476,0.6178761645044423,0.4027533202064673,0.39999999999997726,0.00010122724914197746,-1.4388918317082504e-05,-0.1494936658663658
OUT_SP01_P_R02,OUT,SP01,+to-,30,301.573,301.973,16.49963208096369,15.745207814375576,6.857506279244026e-05,1.0177769799346512,1.9444801986471443,0.575945810361,0.4024369579477875,0.4000000000000341,9.123484675394882e-05,2.265978396150856e-05,0.24928839590153384
OUT_SP01_P_R02,OUT,SP01,-to+,31,301.973,302.373,15.745207814375576,14.605027942998078,9.76964401067499e-05,0.9271904546246731,1.6910190033095718,0.5496114355431879,0.40224984324174184,0.39999999999997726,8.520078922073743e-05,-1.2495650886012468e-05,-0.14582982268243974
OUT_SP01_P_R02,OUT,SP01,+to-,32,302.373,302.773,14.605027942998078,13.877227583953324,5.86060774349388e-05,0.7982077358892871,1.3510430692411248,0.5098116499021823,0.40198394339114046,0.4000000000000341,7.643288892081413e-05,1.782681148587533e-05,0.22138100928209478
OUT_SP01_P_R02,OUT,SP01,-to+,33,302.773,303.173,13.877227583953324,12.789681270576667,8.209691715770197e-05,0.7208745489737348,1.1596979028858445,0.48440662477712665,0.40182481503107426,0.39999999999997726,7.105609576096385e-05,-1.1040821396738118e-05,-0.1462567020521719
OUT_SP01_P_R02,OUT,SP01,+to-,34,303.173,303.573,12.789681270576667,12.041868873437254,5.262948403894227e-05,0.6125956397520477,0.9086574091687689,0.4464440969044292,0.40160238026639306,0.39999999999997726,6.333880394671247e-05,1.0709319907770205e-05,0.15216765838561463
OUT_SP01_P_R02,OUT,SP01,-to+,35,303.573,303.973,12.041868873437254,11.023977297260656,6.661445086384167e-05,0.5432132970425095,0.7588373168422358,0.42034051986980087,0.40146007641912607,0.4000000000000341,5.825144412056938e-05,-8.36300674327229e-06,-0.1277879207745906
OUT_SP01_P_R02,OUT,SP01,+to-,36,303.973,304.373,11.023977297260656,10.305095927488244,4.3546745240521325e-05,0.4554295603654554,0.5826300711227711,0.3848094010046082,0.4012802840627397,0.39999999999997726,5.161168591081371e-05,8.064940670292388e-06,0.1331373340330828
OUT_SP01_P_R02,OUT,SP01,-to+,37,304.373,304.773,10.305095927488244,9.25007917256583,5.8646876954880404e-05,0.39806541209973234,0.4761426999102275,0.3597157073370574,0.40116294720940043,0.4000000000000341,4.71190603898877e-05,-1.1527816564992706e-05,-0.20737451741615656
OUT_SP01_P_R02,OUT,SP01,+to-,38,304.773,305.173,9.25007917256583,8.609860175564183,3.253018161126049e-05,0.32083634216074725,0.3445803652705595,0.3228886752628529,0.40100516682986836,0.39999999999997726,4.0818373321139005e-05,8.288191709878515e-06,0.1631171397022125
OUT_SP01_P_R02,OUT,SP01,-to+,39,305.173,305.563,8.609860175564183,7.652846921625597,4.4308477526294755e-05,0.27801210254932496,0.27796738811657634,0.300540816399864,0.400917769756987,0.38999999999998636,3.7163466692771996e-05,-7.145010833522759e-06,-0.15432239971862188
OUT_SP01_P_R02,OUT,SP01,+to-,40,305.563,305.963,7.652846921625597,6.989313607556485,2.7677251312184685e-05,0.21969737462331324,0.19529028782525581,0.26713475186695823,0.40079886639142276,0.4000000000000341,3.19356409924475e-05,4.258389680262815e-06,0.10208989308516363
OUT_SP01_P_R02,OUT,SP01,-to+,41,305.963,306.363,6.989313607556485,6.115996718974344,3.2621786770650384e-05,0.18327990401381875,0.14881398274618987,0.24397306981260697,0.40072467400191236,0.39999999999997726,2.8475635970285302e-05,-4.146150800365082e-06,-0.1109954059482714
OUT_SP01_P_R02,OUT,SP01,+to-,42,306.363,306.743,6.115996718974344,5.4959763396353996,2.0530818687521816e-05,0.14036511162356155,0.09974551036628264,0.21348855957454532,0.4006373064726706,0.37999999999999545,2.412567598011471e-05,3.5948572925928923e-06,0.10856234915991936
OUT_SP01_P_R02,OUT,SP01,-to+,43,306.743,307.14300000000003,5.4959763396353996,4.801604106880373,2.0397649320545812e-05,0.11336109212540488,0.07239714895356092,0.1918457654766877,0.4005823648582896,0.4000000000000341,2.117714715398909e-05,7.79497833443276e-07,0.026535329154448267
OUT_SP01_P_R02,OUT,SP01,+to-,44,307.14300000000003,307.523,4.801604106880373,4.192477935268769,1.5633491406114647e-05,0.08653589560019481,0.048288149840029146,0.16760760208468845,0.4005278131788136,0.37999999999999545,1.801185780945751e-05,2.378366403342864e-06,0.09266761734958444
OUT_SP01_N_R04,OUT,SP01,+to-,1,330.89300000000003,331.323,55.998954427242325,55.52547253256756,0.00012812908319042126,11.193944579162672,69.57574113046829,1.9547322648592678,0.4256503958912095,0.42999999999995,0.0006786331925538389,0.0005505041093634176,2.034299946288967
OUT_SP01_N_R04,OUT,SP01,-to+,2,331.323,331.743,55.52547253256756,51.5267824621428,0.0010523188339858515,11.014978324442808,67.93806751900843,1.9382046288379566,0.42519974036072977,0.4200000000000159,0.000668430050210143,-0.0003838887837757085,-1.4584370302994034
OUT_SP01_N_R04,OUT,SP01,+to-,3,331.743,332.163,51.5267824621428,51.268378467219264,6.61023831763917e-05,9.55220879808862,55.023182427809765,1.7986240138465246,0.42157941193905163,0.4200000000000159,0.0005852181966972601,0.0005191158135208684,2.0292987924241994
OUT_SP01_N_R04,OUT,SP01,-to+,4,332.163,332.593,51.268378467219264,47.5597428997358,0.00092176284675731,9.460738043343623,54.24443191256508,1.7896040128230797,0.4213566747426359,0.4300000000000068,0.0005800245405575091,-0.00034173830619980093,-1.374715421701109
OUT_SP01_N_R04,OUT,SP01,+to-,5,332.593,333.01300000000003,47.5597428997358,47.03731153635755,0.0001256744089196521,8.190205767503917,43.800639164161026,1.6601482100047702,0.4183057154952548,0.4200000000000159,0.0005079764282230443,0.0003823020193033922,1.5892326448428773
OUT_SP01_N_R04,OUT,SP01,-to+,6,333.01300000000003,333.423,47.03731153635755,44.006178555602155,0.0007078656732368977,8.017689890248356,42.43814160710041,1.6419119151915034,0.4178974982802309,0.40999999999996817,0.000498203977141342,-0.00020966169609555564,-0.8976821427096219
OUT_SP01_N_R04,OUT,SP01,+to-,7,333.423,333.843,44.006178555602155,43.407371140094064,0.00013543646329389927,7.049105863466244,35.05004051206142,1.5361054140315602,0.4156316394458578,0.4200000000000159,0.00044335781102113883,0.00030792134772723953,1.361411415870263
OUT_SP01_N_R04,OUT,SP01,-to+,8,333.843,334.26300000000003,43.407371140094064,40.68805115052635,0.0005961071108774787,6.864382712810709,33.69320348687402,1.5152030920596125,0.4152044492253008,0.4200000000000159,0.0004328983888745552,-0.00016320872200292346,-0.7444552803107088
OUT_SP01_N_R04,OUT,SP01,+to-,9,334.26300000000003,334.673,40.68805115052635,40.17151149624873,0.00010965165723531466,6.05358712077105,27.94638187787316,1.4202809175931035,0.4133476872595639,0.40999999999996817,0.000386966719409754,0.00027731506217443935,1.306352725142681
OUT_SP01_N_R04,OUT,SP01,-to+,10,334.673,335.093,40.17151149624873,37.75576929308122,0.0004972126913172015,5.9048381981021505,26.93022822082984,1.4022502822245881,0.41301023324393277,0.4200000000000159,0.0003785328396328759,-0.00011867985168432561,-0.5765715475098304
OUT_SP01_N_R04,OUT,SP01,+to-,11,335.093,335.503,37.75576929308122,37.13027552706857,0.00012447928360599333,5.231854930753016,22.488452760607945,1.3179249715752785,0.4114956072848871,0.40999999999996817,0.00034032524100395577,0.00021584595739796244,1.084595174609727
OUT_SP01_N_R04,OUT,SP01,-to+,12,335.503,335.913,37.13027552706857,35.01747387420566,0.00040720680436961645,5.063756130383386,21.420100442425802,1.296091120240039,0.41112034250517654,0.410000000000025,0.0003307645158376244,-7.644228853199205e-05,-0.39660005997390757
OUT_SP01_N_R04,OUT,SP01,+to-,13,335.913,336.323,35.01747387420566,34.35918806223644,0.000122631614882584,4.51492353065796,18.052248433172704,1.2223404296719669,0.40990350481068294,0.40999999999996817,0.0002994806999236373,0.0001768490850410533,0.9493196623522092
OUT_SP01_N_R04,OUT,SP01,-to+,14,336.323,336.733,34.35918806223644,32.35151873940516,0.00036131913979594546,4.34995845687149,17.07717987669939,1.1993619199959125,0.4095402362893065,0.410000000000025,0.00029005212709535514,-7.126701270059033e-05,-0.3959748032274459
OUT_SP01_N_R04,OUT,SP01,+to-,15,336.733,337.14300000000003,32.35151873940516,31.671141288961703,0.00011805571554674032,3.864755356056219,14.313992358491216,1.1292810400465307,0.40847833025390445,0.410000000000025,0.0002622300074084479,0.00014417429186170758,0.8308988710969727
OUT_SP01_N_R04,OUT,SP01,-to+,16,337.14300000000003,337.553,31.671141288961703,29.773405092670824,0.0003173401347398423,3.706494536099322,13.447742359079015,1.1055313867134051,0.40813406048153245,0.40999999999996817,0.0002531199804407902,-6.422015429905214e-05,-0.38402750619455917
OUT_SP01_N_R04,OUT,SP01,+to-,17,337.553,337.963,29.773405092670824,29.130506316253136,0.00010347308336309177,3.2817396826865863,11.212416568755348,1.0392878967943067,0.40721511412911643,0.410000000000025,0.0002285601751320852,0.00012508709176899344,0.7771868176326631
OUT_SP01_N_R04,OUT,SP01,-to+,18,337.963,338.363,29.130506316253136,27.3807416819391,0.00027113724523482416,3.1434489750618195,10.513870380683084,1.0168464959832435,0.4069174961718849,0.39999999999997726,0.0002205232673426519,-5.0613977892172265e-05,-0.3266209588458853
OUT_SP01_N_R04,OUT,SP01,+to-,19,338.363,338.773,27.3807416819391,26.730946023691292,9.674834360290179e-05,2.781554794542365,8.757325239629344,0.9557681879757746,0.40614226963928396,0.410000000000025,0.00019937295234376146,0.00010262460874085967,0.6892590129236319
OUT_SP01_N_R04,OUT,SP01,-to+,20,338.773,339.183,26.730946023691292,25.027097719623946,0.00024342448024251598,2.6525888227663117,8.157310635041599,0.9330860405725984,0.4058672613538023,0.40999999999996817,0.00019178726811915685,-5.163721212335913e-05,-0.361421063138273
OUT_SP01_N_R04,OUT,SP01,+to-,21,339.183,339.583,25.027097719623946,24.34091348250709,9.380050052574232e-05,2.328488124146487,6.712882130403887,0.873610514851605,0.4051790286926864,0.4000000000000341,0.00017258486065169286,7.878436012595054e-05,0.5763323507932498
OUT_SP01_N_R04,OUT,SP01,-to+,22,339.583,339.993,24.34091348250709,22.785043370723738,0.00020358625079341746,2.203746559925384,6.1821383589319785,0.8496581664256558,0.40491523017085246,0.40999999999996817,0.00016513201672356352,-3.8454234069853935e-05,-0.29387031285990023
OUT_SP01_N_R04,OUT,SP01,+to-,23,339.993,340.39300000000003,22.785043370723738,22.18097376198998,7.561467948176744e-05,1.933284069279395,5.082207714333414,0.7953480540576724,0.4043453347811023,0.4000000000000341,0.00014882683541339318,7.321215593162574e-05,0.5848736497244603
OUT_SP01_N_R04,OUT,SP01,-to+,24,340.39300000000003,340.803,22.18097376198998,20.70327288252968,0.00017681826321691493,1.8329274886632196,4.692514170165973,0.7742620468903963,0.4041345879856869,0.40999999999996817,0.00014271745496268246,-3.4100808254232466e-05,-0.2849784680394291
OUT_SP01_N_R04,OUT,SP01,+to-,25,340.803,341.20300000000003,20.70327288252968,20.075692658764993,7.157111134196695e-05,1.5984562371388993,3.823160351636488,0.7226805554780004,0.40364370335662925,0.4000000000000341,0.00012829097274418463,5.671986140221769e-05,0.49735269857195896
OUT_SP01_N_R04,OUT,SP01,-to+,26,341.20300000000003,341.603,20.075692658764993,18.6385137643133,0.00015592522406850036,1.5036296872963926,3.4886460459012962,0.7007738730278071,0.40344577013853367,0.39999999999997726,0.00012238578609054124,-3.353943797795912e-05,-0.30912835961685736
OUT_SP01_N_R04,OUT,SP01,+to-,27,341.603,342.01300000000003,18.6385137643133,18.01313752730689,6.436391283522091e-05,1.2972007604177307,2.7965179909221862,0.6506068657310989,0.4030160628899123,0.410000000000025,0.00010935774524979387,4.499383241457296e-05,0.43716941200495585
OUT_SP01_N_R04,OUT,SP01,-to+,28,342.01300000000003,342.413,18.01313752730689,16.741866356418257,0.00012428185427291934,1.212053624474473,2.5261317518083484,0.6287771169321104,0.4028392859847066,0.39999999999997726,0.00010390283300262855,-2.037902127029079e-05,-0.20845143454267895
OUT_SP01_N_R04,OUT,SP01,+to-,29,342.413,342.813,16.741866356418257,15.980557378700817,7.019800088752532e-05,1.04774647516341,2.03088613145887,0.5844013816967302,0.4024989299145707,0.39999999999997726,9.321175937625204e-05,2.301375848872672e-05,0.24958619674121457
OUT_SP01_N_R04,OUT,SP01,-to+,30,342.813,343.213,15.980557378700817,14.81256037155788,0.00010150521570754912,0.955002317850074,1.767584030629902,0.5578266851244073,0.4023072587115891,0.4000000000000341,8.706322995804878e-05,-1.4441985749500343e-05,-0.16617770762558193
OUT_SP01_N_R04,OUT,SP01,+to-,31,343.213,343.623,14.81256037155788,14.109879975659519,5.7439295830857725e-05,0.8209737238783006,1.4091963131867498,0.5170558982682393,0.4020308310363313,0.40999999999996817,7.799741895964582e-05,2.0558123128788092e-05,0.25149506724657084
OUT_SP01_N_R04,OUT,SP01,-to+,32,343.623,344.023,14.109879975659519,12.977325593289885,8.681687205523699e-05,0.7451710211499982,1.2187662269026445,0.4925277252729519,0.40187478604515603,0.4000000000000341,7.275630240961251e-05,-1.4060569645624478e-05,-0.18342172600979728
OUT_SP01_N_R04,OUT,SP01,+to-,33,344.023,344.423,12.977325593289885,12.250490761370894,5.1956332612150294e-05,0.6306544863485405,0.9491012668622338,0.4529941194124701,0.40163944813729585,0.39999999999997726,6.464331334591597e-05,1.2686980733765676e-05,0.1774813042860839
OUT_SP01_N_R04,OUT,SP01,-to+,34,344.423,344.823,12.250490761370894,11.15238822698594,7.289910870327005e-05,0.5621530971821105,0.7988409660760705,0.42762279754213817,0.40149890459526033,0.39999999999997726,5.965280697478411e-05,-1.3246301728485941e-05,-0.1995302156320387
OUT_SP01_N_R04,OUT,SP01,+to-,35,344.823,345.223,11.15238822698594,10.499799302078438,4.012284624047467e-05,0.46608025868241565,0.6031757735245826,0.38929178804311476,0.4013020830231914,0.4000000000000341,5.243128449301734e-05,1.2308438252542673e-05,0.20019285324061042
OUT_SP01_N_R04,OUT,SP01,-to+,36,345.223,345.613,10.499799302078438,9.467189579350615,5.859802434764618e-05,0.4132229367672664,0.5035821959622747,0.36651213723974285,0.4011939398426296,0.38999999999998636,4.831984160475052e-05,-1.0278182742895657e-05,-0.1811188672880873
OUT_SP01_N_R04,OUT,SP01,+to-,37,345.613,346.01300000000003,9.467189579350615,8.865318416981477,3.138406519586371e-05,0.3360522282753498,0.3693716824128689,0.3304672581403304,0.40103623596575344,0.4000000000000341,4.2086661583359856e-05,1.0702596387496144e-05,0.20524920754532347
OUT_SP01_N_R04,OUT,SP01,-to+,38,346.01300000000003,346.413,8.865318416981477,7.893688855284743,4.634836571201028e-05,0.29473343096752047,0.3034097059819314,0.3094579912280367,0.40095188723779196,0.39999999999997726,3.860663323714271e-05,-7.74173247486757e-06,-0.1622927989606953
OUT_SP01_N_R04,OUT,SP01,+to-,39,346.413,346.803,7.893688855284743,7.234958494844896,2.8384611303291354e-05,0.23372921881709935,0.21429005578376423,0.2755417213054019,0.40082746595179564,0.38999999999998636,3.3224794448321614e-05,4.84018314503026e-06,0.11232699273305498
OUT_SP01_N_R04,OUT,SP01,-to+,40,346.803,347.20300000000003,7.234958494844896,6.368024457636338,3.360744611570943e-05,0.19637843469187705,0.16504487538968682,0.25254769396035326,0.4007513537684053,0.4000000000000341,2.9740901993949268e-05,-3.866544121760161e-06,-0.09974000160669275
OUT_SP01_N_R04,OUT,SP01,+to-,41,347.20300000000003,347.603,6.368024457636338,5.735083925724035,2.1841867885183882e-05,0.1521641855325638,0.11258075472574791,0.22228598726656051,0.4006613208183061,0.39999999999997726,2.5357315492545345e-05,3.5154476073614635e-06,0.10187123080836151
OUT_SP01_N_R04,OUT,SP01,-to+,42,347.603,347.993,5.735083925724035,4.919551378772375,2.4785072863495654e-05,0.12343415788398503,0.08225658915309775,0.20019219476417266,0.40060285614833613,0.38999999999998636,2.23005369426521e-05,-2.484535920843553e-06,-0.08175093186657532
OUT_SP01_N_R04,OUT,SP01,+to-,43,347.993,348.383,4.919551378772375,4.32312616223381,1.5729711488375267e-05,0.09083781782556448,0.05193293257535713,0.17172473856120923,0.4005365598105469,0.38999999999998636,1.853936633679081e-05,2.8096548484155443e-06,0.10653351376764393
IN_SP02_P_R01,IN,SP02,-to+,1,8.45,8.93,60.60358963693895,58.41104735646934,0.0005700936722753985,11.484982816018334,67.72934528721483,2.115464355384199,0.4868688005249206,0.4800000000000004,0.0003267992447421045,-0.00024329442753329394,-0.9356370678349001
IN_SP02_P_R01,IN,SP02,+to-,2,8.93,9.42,58.41104735646934,57.9547481423333,0.000117004872738485,10.714933984671953,61.140749689306304,2.03893019181744,0.4843069785796386,0.4900000000000002,0.00030990435669039966,0.00019289948395191466,0.7522733734681052
IN_SP02_P_R01,IN,SP02,-to+,3,9.42,9.9,57.9547481423333,55.800385168620565,0.0005444428482302214,10.557390320893745,59.8187026737121,2.0230023444955667,0.483788821596227,0.4800000000000004,0.00030644850775590554,-0.0002379943404743159,-0.9416892757653126
IN_SP02_P_R01,IN,SP02,+to-,4,9.9,10.39,55.800385168620565,55.39418600854423,0.00010113684405243327,9.826513382563748,53.804568170452946,1.9478008901468802,0.48141082981591055,0.4900000000000002,0.00029041125828146677,0.0001892744142290335,0.7601873263333848
IN_SP02_P_R01,IN,SP02,-to+,5,10.39,10.870000000000001,55.39418600854423,53.443638495036566,0.00047868983593121544,9.691138742686341,52.71259876193422,1.9336218646225452,0.48097496918178667,0.4800000000000004,0.0002874389284275353,-0.00019125090750368013,-0.779264442403563
IN_SP02_P_R01,IN,SP02,+to-,6,10.870000000000001,11.35,53.443638495036566,52.895297901971034,0.00013244453426054009,9.052050039150105,47.65339863960452,1.8655349119679505,0.4789362895263792,0.47999999999999865,0.0002733919286153118,0.00014094739435477173,0.5835415050618207
IN_SP02_P_R01,IN,SP02,-to+,7,11.35,11.83,52.895297901971034,51.167174668539175,0.00041109950379181496,8.87570317530096,46.285842277745054,1.8463942144252867,0.4783791815855568,0.4800000000000004,0.00026951004789199217,-0.0001415894558998228,-0.595171610587475
IN_SP02_P_R01,IN,SP02,+to-,8,11.83,12.31,51.167174668539175,50.5503402778081,0.00014436822488224206,8.329632562470135,42.13165957890456,1.7860713338180938,0.4766686733105356,0.4800000000000004,0.00025746697790065165,0.0001130987530184096,0.48322865757520456
IN_SP02_P_R01,IN,SP02,-to+,9,12.31,12.780000000000001,50.5503402778081,48.97732281684879,0.0003623574190342337,8.13832766323257,40.70576502504126,1.7645397517025125,0.4760745887704137,0.47000000000000064,0.0002532380676095285,-0.00010911935142470517,-0.47367942656929335
IN_SP02_P_R01,IN,SP02,+to-,10,12.780000000000001,13.26,48.97732281684879,48.36007498559502,0.0001398663557307928,7.6592063459995785,37.20370370740563,1.7096310839323101,0.4745982506385853,0.47999999999999865,0.0002426181774160284,0.0001027518216852356,0.4534545285253615
IN_SP02_P_R01,IN,SP02,-to+,11,13.26,13.73,48.36007498559502,46.885097787493784,0.00032879522330609703,7.474666674673385,35.881758221210056,1.6880850700199648,0.47403396714011725,0.47000000000000064,0.00023851500299230106,-9.028022031379597e-05,-0.4049863866863473
IN_SP02_P_R01,IN,SP02,+to-,12,13.73,14.21,46.885097787493784,46.22587702387859,0.00014443122930361075,7.0417144801107,32.84079611968579,1.6365986530225505,0.4727194328286084,0.4800000000000004,0.00022885461948472384,8.442339018111309e-05,0.3853276402819253
IN_SP02_P_R01,IN,SP02,-to+,13,14.21,14.68,46.22587702387859,44.8504223710015,0.0002962330853058406,6.851908349021647,31.534974748953122,1.6135875073773576,0.4721472252489303,0.46999999999999886,0.0002246023616124499,-7.163072369339069e-05,-0.3325842091154306
IN_SP02_P_R01,IN,SP02,+to-,14,14.68,15.15,44.8504223710015,44.185552404040415,0.00014067161099986725,6.463325827803305,28.915097778108596,1.5655750825681958,0.47098342341974553,0.47000000000000064,0.00021585840669135318,7.518679569148593e-05,0.3553606981307824
IN_SP02_P_R01,IN,SP02,-to+,15,15.15,15.620000000000001,44.185552404040415,42.89593061946691,0.0002680786768215827,6.279135029684038,27.69892700081019,1.5423667425260021,0.47043532908847674,0.47000000000000064,0.00021169329864261551,-5.6385378178967196e-05,-0.27124230074102074
IN_SP02_P_R01,IN,SP02,+to-,16,15.620000000000001,16.09,42.89593061946691,42.22456585793272,0.0001370278781292254,5.9287128911748255,25.432040990191247,1.4973504500334966,0.46939881609185724,0.46999999999999886,0.0002037272470934164,6.6699368964191e-05,0.3267900690975914
IN_SP02_P_R01,IN,SP02,-to+,17,16.09,16.56,42.22456585793272,41.037438631057775,0.00023798277827153378,5.749892827324132,24.299467030663383,1.4739153988922202,0.4688730029718069,0.46999999999999886,0.0001996384678466221,-3.8344310424911685e-05,-0.19126913731540418
IN_SP02_P_R01,IN,SP02,+to-,18,16.56,17.03,41.037438631057775,40.31281288464868,0.00014252018841818206,5.439802096384098,22.375344807436413,1.4324768413941453,0.4679661321982436,0.4700000000000024,0.00019250481051728984,4.9984622099107784e-05,0.25413875121105517
IN_SP02_P_R01,IN,SP02,-to+,19,17.03,17.5,40.31281288464868,39.19585919380191,0.00021554532611365088,5.254385280450812,21.249545486140416,1.407182631155025,0.4674268398235127,0.46999999999999886,0.0001882100806052533,-2.733524550839757e-05,-0.14164872159781688
IN_SP02_P_R01,IN,SP02,+to-,20,17.5,17.96,39.19585919380191,38.487943819591,0.00013397939909015017,4.974368525073234,19.585392890552804,1.368193592159867,0.46661656208320174,0.46000000000000085,0.0001816773275769116,4.7697928486761435e-05,0.2520229404435559
IN_SP02_P_R01,IN,SP02,-to+,21,17.96,18.43,38.487943819591,37.47866849672229,0.00018743715869762653,4.800558879623025,18.57475673472172,1.343482683948931,0.4661161108663676,0.46999999999999886,0.00017759096159297746,-9.846197104649077e-06,-0.053017210406711014
IN_SP02_P_R01,IN,SP02,+to-,22,18.43,18.89,37.47866849672229,36.68463960148042,0.0001444733245795222,4.557711237180292,17.19209369792151,1.3082523290625552,0.46542005202771586,0.46000000000000085,0.00017183635862999265,2.7363034050470453e-05,0.15038669522149287
IN_SP02_P_R01,IN,SP02,-to+,23,18.89,19.36,36.68463960148042,35.825148185094214,0.0001533821095512715,4.370775431402523,16.151677328948733,1.2805354919066676,0.46488674960396087,0.46999999999999886,0.0001673670844025643,1.3984974851292796e-05,0.07836541808568324
IN_SP02_P_R01,IN,SP02,+to-,24,19.36,19.82,35.825148185094214,34.90619830858142,0.00016050253877988196,4.172546361195801,15.071723728331326,1.25053358168953,0.46432358487808734,0.46000000000000085,0.0001625860168433469,2.0834780634649544e-06,0.011928729615840412
IN_SP02_P_R01,IN,SP02,-to+,25,19.82,20.29,34.90619830858142,34.21903184482032,0.00011763832253653486,3.9653714840135104,13.969343822152704,1.218456179677643,0.463737576517531,0.46999999999999886,0.0001575382795535882,3.989995701705335e-05,0.23306816564907348
IN_SP02_P_R01,IN,SP02,+to-,26,20.29,20.75,34.21903184482032,33.215008588064315,0.00016818006223753127,3.813691021669165,13.179731082701894,1.1944695450738079,0.46331019200669027,0.46000000000000085,0.0001538062647218726,-1.4373797515658662e-05,-0.08580947202418904
IN_SP02_P_R01,IN,SP02,-to+,27,20.75,21.21,33.215008588064315,32.56634422710966,0.00010629662433467845,3.5970853084284253,12.078449959441677,1.1594225218798304,0.4627022758263691,0.46000000000000085,0.00014841764838842314,4.2121024053744685e-05,0.2570379013064179
IN_SP02_P_R01,IN,SP02,+to-,28,21.21,21.67,32.56634422710966,31.6032523087093,0.00015437286190073243,3.460328059546051,11.39947935073585,1.1367798642018232,0.46231990664353534,0.46000000000000085,0.00014497611840108042,-9.396743499652012e-06,-0.05862313537464691
IN_SP02_P_R01,IN,SP02,-to+,29,21.67,22.14,31.6032523087093,30.986928133737493,9.660933796592472e-05,3.2619185654528944,10.437544638511351,1.1031616142509535,0.4617671375498639,0.46999999999999886,0.00013992293872827207,4.331360076234735e-05,0.27631998223113796
IN_SP02_P_R01,IN,SP02,+to-,30,22.14,22.6,30.986928133737493,30.009604851404855,0.00014967567636211575,3.1378708163759197,9.850387793586039,1.081647842025162,0.4614227229791919,0.46000000000000085,0.00013672403009590164,-1.2951646266214106e-05,-0.08456812952479519
IN_SP02_P_R01,IN,SP02,-to+,31,22.6,23.06,30.009604851404855,29.458957047689545,8.241506286502082e-05,2.9458675023793015,8.963831797312979,1.0475328237589567,0.46089141409301243,0.4599999999999973,0.0001317059852052869,4.929092234026608e-05,0.32933098308298425
IN_SP02_P_R01,IN,SP02,+to-,32,23.06,23.52,29.458957047689545,28.45166087150576,0.00014715764065657624,2.8402400783075157,8.487925431806687,1.0283115893715415,0.4606000415799193,0.46000000000000085,0.00012890762125779165,-1.825001939878459e-05,-0.12492003766096378
IN_SP02_P_R01,IN,SP02,-to+,33,23.52,23.98,28.45166087150576,27.94380634171624,7.241458092766635e-05,2.6518009642709197,7.6603697497764385,0.9931503197372296,0.460081841922419,0.46000000000000085,0.00012384131429089807,5.142673336323172e-05,0.36066236467011886
IN_SP02_P_R01,IN,SP02,+to-,34,23.98,24.44,27.94380634171624,26.945122752870855,0.00013889611541021996,2.5591499893133243,7.263820435694873,0.9754228524052402,0.4598278077416464,0.46000000000000085,0.0001213123546280992,-1.7583760782120757e-05,-0.12642823719371105
IN_SP02_P_R01,IN,SP02,-to+,35,24.44,24.900000000000002,26.945122752870855,26.46399426460268,6.524615984576578e-05,2.3815820039772198,6.523473534803425,0.9405622187832695,0.45934232220807303,0.46000000000000085,0.00011638757589766801,5.114141605190223e-05,0.3771182849326064
IN_SP02_P_R01,IN,SP02,+to-,36,24.900000000000002,25.36,26.46399426460268,25.428898936226275,0.0001366642187680464,2.2982344662179424,6.185099177002213,0.9237676662924245,0.4591150646568304,0.4599999999999973,0.00011403742609140526,-2.2626792676641133e-05,-0.17137308587096975
IN_SP02_P_R01,IN,SP02,-to+,37,25.36,25.810000000000002,25.428898936226275,25.058333544504098,4.7689437097405684e-05,2.1237886275308067,5.49639531714501,0.8876360231880641,0.4586406941969934,0.45000000000000284,0.0001090294666570895,6.134002955968382e-05,0.47663494996987565
IN_SP02_P_R01,IN,SP02,+to-,38,25.810000000000002,26.27,25.058333544504098,23.97652379671735,0.00013546679197489747,2.062957555439763,5.2626046043529975,0.874700850829075,0.4584756813969764,0.4599999999999973,0.00010725225709034827,-2.8214534884549194e-05,-0.22531208599118732
IN_SP02_P_R01,IN,SP02,-to+,39,26.27,26.73,23.97652379671735,23.654179084868677,3.9277847666290516e-05,1.8902797774078581,4.617514957360238,0.8369385668709786,0.45800840410304655,0.46000000000000085,0.00010210983218102714,6.283198451473662e-05,0.5156476852965645
IN_SP02_P_R01,IN,SP02,+to-,40,26.73,27.19,23.654179084868677,22.5000774633317,0.00013650894651263108,1.8402456986036722,4.435855872476622,0.8256866137746752,0.4578733212645008,0.46000000000000085,0.0001005904925614555,-3.591845395117558e-05,-0.30366394446667727
IN_SP02_P_R01,IN,SP02,-to+,41,27.19,27.64,22.5000774633317,22.234993264788688,3.0441273358882715e-05,1.6664683841099255,3.823964061076626,0.7854008673778237,0.4574052400804662,0.4499999999999993,9.519794523032734e-05,6.475667187144462e-05,0.5639039783530233
IN_SP02_P_R01,IN,SP02,+to-,42,27.64,28.1,22.234993264788688,21.105337676547837,0.00012587699797231636,1.6277405358160875,3.6917334600554224,0.7761476832586519,0.4573011529211572,0.46000000000000085,9.396952725531263e-05,-3.1907470717003724e-05,-0.28634197964815095
IN_SP02_P_R01,IN,SP02,-to+,43,28.1,28.560000000000002,21.105337676547837,20.865166085107,2.5955585524474983e-05,1.46769134432942,3.1618889835446082,0.7367152644019396,0.4568718766135139,0.46000000000000085,8.877587573168173e-05,6.282029020720675e-05,0.581286752846764
IN_SP02_P_R01,IN,SP02,+to-,44,28.560000000000002,29.01,20.865166085107,19.719083683831368,0.00011994104086003935,1.4347081945327353,3.056110887596737,0.7283316943211451,0.4567835865707525,0.4499999999999993,8.76800939450244e-05,-3.226094691501495e-05,-0.3082605156495123
IN_SP02_P_R01,IN,SP02,-to+,45,29.01,29.47,19.719083683831368,19.54921024186272,1.7224754137938952e-05,1.2823753693483764,2.583338496293204,0.6883258715182998,0.45637659464907815,0.4599999999999973,8.249030910632543e-05,6.526555496838648e-05,0.6436597187373381
IN_SP02_P_R01,IN,SP02,+to-,46,29.47,29.92,19.54921024186272,18.371520348957624,0.00011546847264789708,1.2605099662398516,2.5176614106373183,0.6823961697702029,0.45631828066701513,0.45000000000000284,8.172646395315204e-05,-3.374200869474504e-05,-0.3441365609770569
IN_SP02_P_R01,IN,SP02,-to+,47,29.92,30.38,18.371520348957624,18.20629720460802,1.5646144686972085e-05,1.114004320658404,2.0923659013958242,0.6412870373728963,0.45592823074908856,0.4599999999999973,7.64677185098844e-05,6.0821573822912315e-05,0.642275039026076
IN_SP02_P_R01,IN,SP02,+to-,48,30.38,30.830000000000002,18.20629720460802,17.0209099792299,0.00010823996513496733,1.0941622245335751,2.036795415977894,0.6355196616340993,0.4558754939842022,0.45000000000000284,7.573496672056339e-05,-3.250499841440394e-05,-0.35597131476249094
IN_SP02_P_R01,IN,SP02,-to+,49,30.830000000000002,31.29,17.0209099792299,16.917794647670938,9.081752079242345e-06,0.9569574665439102,1.6664211894790228,0.5941418416462427,0.4555114129273405,0.4599999999999973,7.051256814417238e-05,6.143081606493003e-05,0.6974929569022229
IN_SP02_P_R01,IN,SP02,+to-,50,31.29,31.740000000000002,16.917794647670938,15.665906122752611,0.00010597618988181644,0.9454504374059346,1.6364928647422927,0.5905424375562638,0.4554809246802804,0.45000000000000284,7.006108499037327e-05,-3.591510489144317e-05,-0.424253913728356
IN_SP02_P_R01,IN,SP02,-to+,51,31.740000000000002,32.2,15.665906122752611,15.604696375983114,4.978199297252524e-06,0.8112302261810345,1.3010390210141385,0.546843284300744,0.4551258317344391,0.46000000000000085,6.461396894209991e-05,5.9635769644847387e-05,0.7332551323918279
IN_SP02_P_R01,IN,SP02,+to-,52,32.2,32.65,15.604696375983114,14.334809882300252,9.898454391943938e-05,0.8049278450425865,1.285923425033152,0.5447066610698647,0.4551091820123396,0.44999999999999574,6.434921422818028e-05,-3.46353296912591e-05,-0.4443323715479378
IN_SP02_P_R01,IN,SP02,-to+,53,32.65,33.1,14.334809882300252,14.265856935864416,5.139603509911751e-06,0.6796616095774245,0.9979962617117295,0.5003792601871204,0.4547786943181033,0.45000000000000284,5.888794579776597e-05,5.374834228785422e-05,0.7210879858715289
IN_SP02_P_R01,IN,SP02,+to-,54,33.1,33.56,14.265856935864416,13.033774909519023,8.773870006272135e-05,0.6731598577141426,0.9837230139034426,0.4979723482986072,0.4547615638219878,0.46000000000000085,5.8593074796305454e-05,-2.91456252664159e-05,-0.40927332098351754
IN_SP02_P_R01,IN,SP02,-to+,55,33.56,34.01,13.033774909519023,12.952346631458838,5.524678859126062e-06,0.5622055222823563,0.750992479255895,0.4549645722698659,0.4544695750166417,0.44999999999999574,5.335153132728863e-05,4.782685246816257e-05,0.7049202339316071
IN_SP02_P_R01,IN,SP02,+to-,56,34.01,34.47,12.952346631458838,11.711059922263743,7.999770591227724e-05,0.5552213985657568,0.7370523722671916,0.45212218915710656,0.4544512174852014,0.46000000000000085,5.300688395474971e-05,-2.699082195752753e-05,-0.4187956765116233
IN_SP02_P_R01,IN,SP02,-to+,57,34.47,34.92,11.711059922263743,11.688799324489786,1.3622181716414267e-06,0.4541224270285265,0.5453146048775842,0.408793109083707,0.454185773008832,0.45000000000000284,4.7778553056024516e-05,4.6416334884383086e-05,0.7585094487901471
IN_SP02_P_R01,IN,SP02,+to-,58,34.92,35.37,11.688799324489786,10.40369277908689,7.43019226126704e-05,0.45240140321180167,0.5422194937264372,0.4080160676344716,0.4541812590071541,0.44999999999999574,4.768521174400899e-05,-2.661671086866141e-05,-0.46034599324722497
IN_SP02_P_R01,IN,SP02,+to-,60,35.82,36.28,10.454567920593995,9.025592792601818,7.295099510153173e-05,0.36206359527069026,0.3882805456724947,0.3649332641754846,0.4539445361722411,0.46000000000000085,4.253158819079416e-05,-3.041940691073757e-05,-0.5958445013104289
IN_SP02_P_R01,IN,SP02,+to-,62,36.730000000000004,37.18,9.14348276456198,7.716837553750906,6.311339488001476e-05,0.2770595978545642,0.25995760561047165,0.3191677586819201,0.45372218435951106,0.44999999999999574,3.710019887510399e-05,-2.601319600491077e-05,-0.5879994709667827
IN_SP02_P_R01,IN,SP02,+to-,64,37.63,38.08,7.772756315412983,6.387054386593051,5.153828601276303e-05,0.20029028633430376,0.1598084289951137,0.27132037931827885,0.45352170012619214,0.44999999999999574,3.1463419322754233e-05,-2.0074866690008794e-05,-0.539736682915428
IN_SP02_P_R01,IN,SP02,-to+,65,38.08,38.53,6.387054386593051,6.353502739043469,1.1233787224762096e-06,0.13528395034773397,0.08872296756719185,0.222950257099991,0.453352177403056,0.45000000000000284,2.5802017951158394e-05,2.4678639228682183e-05,0.737070212391962
IN_SP02_P_R01,IN,SP02,+to-,66,38.53,39.04,6.353502739043469,4.972178742999125,4.113023075231938e-05,0.13386727944339205,0.08733323312977948,0.22177908366157323,0.4533484854958413,0.509999999999998,2.566534609245748e-05,-1.54648846598619e-05,-0.5193624871248709
IN_SP02_N_R01,IN,SP02,+to-,1,51.82,52.31,59.01675516083132,58.555374769937465,0.00011907394852646588,10.925519785734737,62.921805624011036,2.0600733827997244,0.48500272666421385,0.490000000000002,0.0003145237904455697,0.00019544984191910382,0.7573149453480681
IN_SP02_N_R01,IN,SP02,-to+,2,52.31,52.800000000000004,58.555374769937465,56.36851511682787,0.0005563031583498754,10.76496181639828,61.56243233048746,2.043968168949252,0.4844719379791833,0.490000000000002,0.00031100175465840037,-0.000245301403691475,-0.964235369665413
IN_SP02_N_R01,IN,SP02,+to-,3,52.800000000000004,53.28,56.36851511682787,55.99973359562106,9.245968507905348e-05,10.017158276398813,55.35414813962638,1.967632366497685,0.48202705844200316,0.4799999999999969,0.00029459583233577933,0.00020213614725672586,0.8062318959590679
IN_SP02_N_R01,IN,SP02,-to+,4,53.28,53.76,55.99973359562106,53.88829087075737,0.0005215470211357056,9.89323527452436,54.34532914052029,1.9547594629665406,0.4816261750580566,0.4799999999999969,0.0002918759312398513,-0.0002296710898958543,-0.9297530087554278
IN_SP02_N_R01,IN,SP02,+to-,5,53.76,54.24,53.88829087075737,53.38824579829266,0.00012151551862646975,9.196125998789485,48.77993401767257,1.8810562079342363,0.47939318066009434,0.480000000000004,0.00027656130841247024,0.0001550457897860005,0.6380225177095369
IN_SP02_N_R01,IN,SP02,-to+,6,54.24,54.72,53.38824579829266,51.614272265207234,0.00042469333846458765,9.03416904609502,47.51416382820029,1.8636013420884707,0.4788796945466657,0.4799999999999969,0.00027299845485119045,-0.0001516948836133972,-0.6336147419663983
IN_SP02_N_R01,IN,SP02,+to-,7,54.72,55.2,51.614272265207234,51.03954704602563,0.00013540279590339057,8.469488536900617,43.183839548629564,1.8016779840973163,0.47710467015557956,0.480000000000004,0.0002605550648139587,0.00012515226891056814,0.5312140207198218
IN_SP02_N_R01,IN,SP02,-to+,8,55.2,55.68,51.03954704602563,49.40681413241799,0.00037865176664218455,8.28989316725771,41.83418630063997,1.781616289359386,0.47654504691497146,0.4799999999999969,0.0002565889882317011,-0.00012206277841048346,-0.5263125387673838
IN_SP02_N_R01,IN,SP02,+to-,9,55.68,56.15,49.40681413241799,48.80135153588799,0.00013810881443447815,7.788769926302847,38.140854605459175,1.7246231590631191,0.4749958660667935,0.46999999999999886,0.0002454944607619249,0.00010738564632744674,0.4707714710592331
IN_SP02_N_R01,IN,SP02,-to+,10,56.15,56.63,48.80135153588799,47.296409164156266,0.0003377426027737983,7.606395450300807,36.82384395498482,1.703488527448874,0.4744365209770981,0.480000000000004,0.00024144474303174673,-9.629785974205157e-05,-0.4290799036725136
IN_SP02_N_R01,IN,SP02,+to-,11,56.63,57.1,47.296409164156266,46.6601581459954,0.00014036920766147636,7.161302522947522,33.67216419947612,1.6509561285698922,0.4730812270054848,0.46999999999999886,0.0002315281237260802,9.115891606460385e-05,0.41319357798718337
IN_SP02_N_R01,IN,SP02,-to+,12,57.1,57.58,46.6601581459954,45.31345577467059,0.0002922609609049919,6.976690522273703,32.3915442120547,1.6287467782977456,0.4725231270576887,0.4799999999999969,0.00022739915310612468,-6.48618077988672e-05,-0.29886831075185966
IN_SP02_N_R01,IN,SP02,+to-,13,57.58,58.050000000000004,45.31345577467059,44.575581403005735,0.00015729508800043924,6.593008183097967,29.78134092284473,1.581737997449679,0.47137068458561676,0.47000000000000597,0.0002187827163062136,6.148762830577437e-05,0.28843768835447114
IN_SP02_N_R01,IN,SP02,-to+,14,58.050000000000004,58.52,44.575581403005735,43.42085276331223,0.00024204802776072763,6.3868963615971275,28.408419245190107,1.5559813229464068,0.4707557173779233,0.46999999999999886,0.00021413182010835666,-2.7916207652370974e-05,-0.13317645771511913
IN_SP02_N_R01,IN,SP02,+to-,15,58.52,58.99,43.42085276331223,42.632628747395145,0.00016229999613792052,6.070251910267064,26.340171058203925,1.5156736894869531,0.46981649561334204,0.46999999999999886,0.0002069518535091319,4.465185737121137e-05,0.21685391022396638
IN_SP02_N_R01,IN,SP02,-to+,16,58.99,59.46,42.632628747395145,41.6013842196692,0.000208699471122471,5.858285841667196,24.98400480521711,1.4881594808448624,0.469191478132304,0.46999999999999886,0.00020211895049058787,-6.580520631883127e-06,-0.032515819309529334
IN_SP02_N_R01,IN,SP02,+to-,17,59.46,59.93,41.6013842196692,40.74558320499605,0.00017001665232274188,5.586134631012181,23.276968778475517,1.452162256040879,0.4683933096953757,0.46999999999999886,0.00019587842319744266,2.5861770874700785e-05,0.1301773897635991
IN_SP02_N_R01,IN,SP02,-to+,18,59.93,60.4,40.74558320499605,39.81837237448922,0.00018090370291047318,5.36476847076063,21.917503488776816,1.4222891651449694,0.46774762791302116,0.46999999999999886,0.0001907696341105897,9.865931200116516e-06,0.05056667329110638
IN_SP02_N_R01,IN,SP02,+to-,19,60.4,60.86,39.81837237448922,38.9445214839209,0.00016731039363503626,5.1295613128381135,20.502295242511966,1.389923401439979,0.46706502361896374,0.46000000000000085,0.00018530526585148983,1.7994872216453567e-05,0.09398509180478783
IN_SP02_N_R01,IN,SP02,-to+,20,60.86,61.33,38.9445214839209,38.12119085448132,0.00015477638332247968,4.912332678719453,19.22269087951883,1.3594202510161753,0.46643772333591205,0.46999999999999886,0.00018022174412938983,2.5445360806910144e-05,0.13535504726474804
IN_SP02_N_R01,IN,SP02,+to-,21,61.33,61.800000000000004,38.12119085448132,37.215840373720475,0.0001669516121011321,4.711636875281015,18.064457569259087,1.3306805903836991,0.4658608115193603,0.47000000000000597,0.0001754902021084921,8.53859000735999e-06,0.04630285415169557
IN_SP02_N_R01,IN,SP02,-to+,22,61.800000000000004,62.26,37.215840373720475,36.42165984426229,0.0001436221052948491,4.495431306797014,16.843127276781733,1.2990778968361185,0.46524213527828867,0.45999999999999375,0.00017035138677290223,2.6729281478053127e-05,0.14780249137760373
IN_SP02_N_R01,IN,SP02,+to-,23,62.26,62.730000000000004,36.42165984426229,35.51025598389764,0.0001615255679729136,4.309667173274503,15.81617328816331,1.2713557666475641,0.46471288460328497,0.47000000000000597,0.00016589800193401888,4.372433961105269e-06,0.02467108598948248
IN_SP02_N_R01,IN,SP02,-to+,24,62.730000000000004,63.190000000000005,35.51025598389764,34.804127568290376,0.00012269887963762681,4.100998206458028,14.687939206778669,1.2395417702900648,0.46412091000407835,0.46000000000000085,0.0001608489334545628,3.8150053816935994e-05,0.21955103950890484
IN_SP02_N_R01,IN,SP02,+to-,25,63.190000000000005,63.65,34.804127568290376,33.84035608881999,0.00016398407323747218,3.9426653496187516,13.850190634010287,1.2148932387015894,0.46367350954737224,0.45999999999999375,0.0001569816453190988,-7.002427918373382e-06,-0.041154367117698334
IN_SP02_N_R01,IN,SP02,-to+,26,63.65,64.12,33.84035608881999,33.211561577660724,0.00010480086684949953,3.7312951123203564,12.757119170138246,1.1812512675944389,0.46307861075129214,0.47000000000000597,0.00015176501197337322,4.6964145123873686e-05,0.2817786662196804
IN_SP02_N_R01,IN,SP02,+to-,27,64.12,64.58,33.211561577660724,32.25055420966378,0.0001568002610123924,3.5963519573941776,12.074774933328369,1.159302198518044,0.4627002224187976,0.45999999999999375,0.00014839927798039655,-8.400983031995853e-06,-0.05148787320214662
IN_SP02_N_R01,IN,SP02,-to+,28,64.58,65.04,32.25055420966378,31.60679327873959,0.00010273946778753521,3.394659089056972,11.078037535392628,1.1257567131031012,0.46213669422874826,0.46000000000000796,0.0001433118300024448,4.05723622149096e-05,0.2542232780090151
IN_SP02_N_R01,IN,SP02,+to-,29,65.04,65.5,31.60679327873959,30.65772055444266,0.00014807086681684463,3.2626378624119985,10.44098162423932,1.1032852174224395,0.4617691373011233,0.45999999999999375,0.00013994139536870732,-8.129471448137314e-06,-0.05210593800990064
IN_SP02_N_R01,IN,SP02,-to+,30,65.5,65.97,30.65772055444266,30.062404916400023,9.079880452632622e-05,3.0725497036285607,9.545706159476099,1.0701563296627317,0.4612417248888599,0.46999999999999886,0.0001350263078347873,4.4227503308461066e-05,0.2899730459474915
IN_SP02_N_R01,IN,SP02,+to-,31,65.97,66.42,30.062404916400023,29.06960077512834,0.00014782630822450358,2.9560926420587164,9.01035150248077,1.0493758937178221,0.4609196545872069,0.45000000000000284,0.00013197539877883143,-1.585090944567215e-05,-0.10645366076112159
IN_SP02_N_R01,IN,SP02,-to+,32,66.42,66.88,29.06960077512834,28.6053309781211,6.757438957571179e-05,2.766666675043025,8.161507927227497,1.0147204915325705,0.46039747309227796,0.45999999999999375,0.00012694129884793467,5.936690927222288e-05,0.40787919336071016
IN_SP02_N_R01,IN,SP02,+to-,33,66.88,67.34,28.6053309781211,27.489744356700374,0.000158290340780836,2.6801476366583006,7.783070569486905,0.9985144183818864,0.46015966282049936,0.46000000000000796,0.00012460986585661227,-3.3680474924223744e-05,-0.23736693932917285
IN_SP02_N_R01,IN,SP02,-to+,34,67.34,67.8,27.489744356700374,27.16252854892188,4.5328355450302144e-05,2.4776548140816947,6.920791268792634,0.9595730991119041,0.4596047689289131,0.45999999999999375,0.00011906538067631875,7.37370252260166e-05,0.5322912610340981
IN_SP02_N_R01,IN,SP02,+to-,35,67.8,68.26,27.16252854892188,25.99036206517903,0.00015824904401179368,2.4197134795096917,6.680244688479233,0.9481511126912889,0.45944642462118646,0.46000000000000796,0.00011745427406922774,-4.079476994256594e-05,-0.30216566828559044
IN_SP02_N_R01,IN,SP02,-to+,36,68.26,68.72,25.99036206517903,25.71286475090755,3.651390799031098e-05,2.2175865682972686,5.863381238749318,0.9072347836456143,0.45889554434375396,0.45999999999999375,0.00011173784565005476,7.522393765974379e-05,0.5716840901527327
IN_SP02_N_R01,IN,SP02,+to-,37,68.72,69.18,25.71286475090755,24.56523167519344,0.00014711902657503105,2.170982799680049,5.680067061155247,0.8975483000466568,0.45876885906216236,0.46000000000000796,0.00011039688572551915,-3.6722140849511896e-05,-0.2864540361305887
IN_SP02_N_R01,IN,SP02,-to+,38,69.18,69.64,24.56523167519344,24.324853635969635,3.00177315585119e-05,1.9833406051399851,4.9617198808198,0.8574883484946556,0.4582600245023364,0.45999999999999375,0.00010489988877160365,7.488215721309175e-05,0.5996460088153921
IN_SP02_N_R01,IN,SP02,+to-,39,69.64,70.09,24.324853635969635,23.13405680656435,0.0001446037073189673,1.9450801944180176,4.819218800935137,0.8490975720267686,0.4581565161191998,0.45000000000000284,0.00010375826915424825,-4.0845438164719046e-05,-0.33635197728867017
IN_SP02_N_R01,IN,SP02,-to+,40,70.09,70.55,23.13405680656435,22.905042841320963,2.702466432572122e-05,1.7608901080941541,4.152720177692032,0.8075309212359056,0.45765936268790813,0.45999999999999375,9.815118196709939e-05,7.112651764137816e-05,0.6027440266933093
IN_SP02_N_R01,IN,SP02,+to-,41,70.55,71.01,22.905042841320963,21.733384893054073,0.00013427077619817987,1.7264893876724796,4.031909109675155,0.7995368257828157,0.45756672059377324,0.46000000000000796,9.708185982444381e-05,-3.718891637373606e-05,-0.3245079196572717
IN_SP02_N_R01,IN,SP02,-to+,42,71.01,71.47,21.733384893054073,21.575691234497814,1.7559947653449947e-05,1.5556741109342285,3.4498042514605327,0.7586382479739785,0.4571076844612843,0.45999999999999375,9.165519506363354e-05,7.40952474101836e-05,0.6653975961920962
IN_SP02_N_R01,IN,SP02,+to-,43,71.47,71.92,21.575691234497814,20.35309972081867,0.00013199888818932025,1.5333475345075989,3.375959408768646,0.7531337008713337,0.4570478051887931,0.45000000000000284,9.093033534277477e-05,-4.1068552846545474e-05,-0.38037526158861695
IN_SP02_N_R01,IN,SP02,-to+,44,71.92,72.38,20.35309972081867,20.268477678298964,8.863904850103022e-06,1.3656111733335463,2.838412529041637,0.7104572062300489,0.45659882020144743,0.45999999999999375,8.535338936844052e-05,7.64894845183375e-05,0.730230742814223
IN_SP02_N_R01,IN,SP02,+to-,45,72.38,72.83,20.268477678298964,19.002211513973435,0.00012840126808271121,1.3543533505500531,2.8034503351314672,0.707503339706586,0.4565687414896663,0.45000000000000284,8.497012992547009e-05,-4.3431138157241125e-05,-0.4282999874044906
IN_SP02_N_R01,IN,SP02,-to+,46,72.83,73.29,19.002211513973435,18.960808447429123,4.0638610961735025e-06,1.1913571882175278,2.3136731012879324,0.6633023121584258,0.4561340255709332,0.46000000000000796,7.927603945063062e-05,7.521217835445712e-05,0.7662699791908859
IN_SP02_N_R01,IN,SP02,+to-,47,73.29,73.74,18.960808447429123,17.67873227028621,0.00012160418713526767,1.1862009421751425,2.2986929575447648,0.6618570724951847,0.4561202973990972,0.44999999999998863,7.90911273146266e-05,-4.251305982064107e-05,-0.44820696870604704
IN_SP02_N_R01,IN,SP02,-to+,48,73.74,74.2,17.67873227028621,17.659508489427125,1.7607479794545382e-06,1.0319806801127513,1.8658943109655788,0.617104171390133,0.45571036504526835,0.46000000000000796,7.340327014409675e-05,7.164252216464222e-05,0.7821903849362324
IN_SP02_N_R01,IN,SP02,+to-,49,74.2,74.65,17.659508489427125,16.382158631370192,0.00011282986693775626,1.029748690722442,1.8598526218842935,0.6164331348487871,0.4557044416890295,0.45000000000000284,7.331853377296331e-05,-3.951133316479295e-05,-0.4472995670124391
IN_SP02_N_R01,IN,SP02,+to-,51,75.11,75.56,16.382776907512135,15.078063499359871,0.00010673956201787883,0.8868484404853028,1.4868997599568166,0.5718667953115626,0.45532576777074857,0.45000000000000284,6.772552281167016e-05,-3.9014039206208676e-05,-0.476871361595731
IN_SP02_N_R01,IN,SP02,+to-,53,76.02,76.47,15.1381407351721,13.772627546673737,0.00010286015792976512,0.7576880654799129,1.174510484267616,0.5284207969180562,0.45498445124658266,0.45000000000000284,6.233584861072372e-05,-4.05243093190414e-05,-0.5379650423291777
IN_SP02_N_R01,IN,SP02,+to-,55,76.92,77.38,13.887776840300798,12.501630998793113,9.547760135665683e-05,0.6380598662882856,0.9078591763471249,0.4847748632909273,0.45466912314435176,0.45999999999999375,5.697918946385599e-05,-3.849841189280084e-05,-0.558907129989493
IN_SP02_N_R01,IN,SP02,+to-,57,77.83,78.28,12.60557144028801,11.231536036445988,8.562951814721204e-05,0.5259633983383235,0.6796072510533538,0.4400174514567791,0.4543743420652483,0.45000000000000284,5.15415030438067e-05,-3.4088015103405346e-05,-0.5469727991317773
IN_SP02_N_R01,IN,SP02,+to-,59,78.74,79.19,11.336058673404521,9.922671034222564,7.867062729950632e-05,0.42556347284976076,0.49471974602741137,0.3957030961003389,0.4541108872498006,0.45000000000000284,4.620802246442103e-05,-3.2462604835085284e-05,-0.5832047187426973
IN_SP02_N_R01,IN,SP02,+to-,61,79.64,80.09,10.063976707912635,8.61606181235541,7.090928957723461e-05,0.33555769953626063,0.3464514290536999,0.35129905879419027,0.4538751616124404,0.45000000000000284,4.090908687859252e-05,-3.000020269864209e-05,-0.6125655014705825
IN_SP02_N_R01,IN,SP02,+to-,63,80.54,80.991,8.776834135963812,7.288745301110409,6.274923609125002e-05,0.25531186002514367,0.22996843712961268,0.3063693071480003,0.4536653583009326,0.4509999999999934,3.558852261294951e-05,-2.7160713478300506e-05,-0.6440941917294178
IN_SP02_N_R01,IN,SP02,+to-,65,81.45100000000001,81.891,7.447746469860991,5.946506057466784,5.283065338481433e-05,0.18390505052370754,0.14060949694330774,0.25997539550571785,0.4534789499875769,0.4399999999999977,3.0132468304391406e-05,-2.2698185080422927e-05,-0.6449751389327479
IN_SP02_N_R01,IN,SP02,+to-,67,82.34100000000001,82.851,6.086542231695999,4.559328658240184,4.275257340104951e-05,0.12286046804373144,0.07678842193712969,0.21246040400955749,0.4533198048426492,0.5099999999999909,2.4578517250394196e-05,-1.8174056150655312e-05,-0.6491970277475854
OUT_SP02_N_R01,OUT,SP02,+to-,1,96.971,97.461,53.87911417370755,53.40475379853026,0.00010964822214909729,8.960771094338945,46.322873738327964,1.8807358807782815,0.4918151403357751,0.4899999999999949,0.0005594533254305756,0.0004498051032814783,1.9459422504159942
OUT_SP02_N_R01,OUT,SP02,-to+,2,97.461,97.95100000000001,53.40475379853026,50.10162001564393,0.0007444777283964487,8.811008215500106,45.18192294180738,1.8641775800026028,0.4913153560724031,0.4900000000000091,0.0005509573105381892,-0.00019352041785825958,-0.8585015880291738
OUT_SP02_N_R01,OUT,SP02,+to-,3,97.95100000000001,98.441,50.10162001564393,49.22051808947612,0.0001927652930491278,7.798146028509773,37.70620833579508,1.748876459712159,0.48798236160741193,0.4899999999999949,0.0004935022134001175,0.00030073692035098966,1.3746108783196156
OUT_SP02_N_R01,OUT,SP02,-to+,4,98.441,98.931,49.22051808947612,46.38220970971248,0.0006034619634323782,7.537003687521715,35.84920691251145,1.7181202003975746,0.4871360574403548,0.4899999999999949,0.0004786849563359522,-0.00012477700709642595,-0.5868131465701729
OUT_SP02_N_R01,OUT,SP02,+to-,5,98.931,99.411,46.38220970971248,45.49952304930918,0.00018206428200997552,6.722386684123151,30.2523313900345,1.619044547569932,0.48452934839893785,0.480000000000004,0.00043242894908512104,0.00025036466707514555,1.2138095622255667
OUT_SP02_N_R01,OUT,SP02,-to+,6,99.411,99.901,45.49952304930918,42.9053870836894,0.0005190773779310846,6.4774696637053655,28.62979949070906,1.588232970594991,0.48375530271575135,0.4899999999999949,0.0004185059402292043,-0.00010057143770188031,-0.5025718922731205
OUT_SP02_N_R01,OUT,SP02,+to-,7,99.901,100.381,42.9053870836894,42.0660092262995,0.00016271977086501033,5.781327287593071,24.177992675283175,1.4976805429060558,0.4815789895791712,0.480000000000004,0.0003788671148095053,0.00021614734394449496,1.1149700558863356
OUT_SP02_N_R01,OUT,SP02,-to+,8,100.381,100.861,42.0660092262995,39.6163718132746,0.0004597742945798641,5.563744017193206,22.836916448054176,1.4683807283464774,0.4809058765583648,0.480000000000004,0.0003664521016264229,-9.332219295344121e-05,-0.49717465071588374
OUT_SP02_N_R01,OUT,SP02,+to-,9,100.861,101.34100000000001,39.6163718132746,38.89958161399481,0.00013019262924787907,4.950582993471206,19.193495284500464,1.382872251671836,0.4790268288295984,0.480000000000004,0.0003313746991083737,0.0002011820698604946,1.1076233454205358
OUT_SP02_N_R01,OUT,SP02,-to+,10,101.34100000000001,101.821,38.89958161399481,36.461155596233574,0.00042778107062064585,4.77739048975983,18.202016628273643,1.3578515536249187,0.4785007741710647,0.47999999999998977,0.00032143683186689804,-0.00010634423875374781,-0.6061347896739891
OUT_SP02_N_R01,OUT,SP02,+to-,11,101.821,102.301,36.461155596233574,35.88688920793082,9.72885455171851e-05,4.209653894088932,15.074319515212052,1.2727344284724642,0.47679057405777114,0.480000000000004,0.0002887384043500602,0.0001914498588328751,1.1300688914352424
OUT_SP02_N_R01,OUT,SP02,-to+,12,102.301,102.781,35.88688920793082,33.66547523226059,0.0003636489274568793,4.080818428866268,14.391626698944362,1.2526887499536254,0.47640548376158504,0.480000000000004,0.00028128738577328915,-8.236154168359016e-05,-0.5030885749928767
OUT_SP02_N_R01,OUT,SP02,+to-,13,102.781,103.251,33.66547523226059,32.873642944154305,0.00012467815413602401,3.6001692084596173,11.937752931771408,1.1751467741031,0.4749784637731225,0.46999999999999886,0.0002533621179790668,0.0001286839638430428,0.8172667243913219
OUT_SP02_N_R01,OUT,SP02,-to+,14,103.251,103.73100000000001,32.873642944154305,30.888308502378937,0.0003009512817635284,3.4357078046498475,11.133089072258546,1.14750661300099,0.4744936438031304,0.480000000000004,0.00024375280788754004,-5.7198473875988366e-05,-0.37731163186354544
OUT_SP02_N_R01,OUT,SP02,+to-,15,103.73100000000001,104.20100000000001,30.888308502378937,30.073507013775078,0.00011862956620272639,3.0394156218156096,9.271377982744111,1.0782053674765424,0.47333254288593063,0.46999999999999886,0.00022045601232829944,0.00010182644612557304,0.6993841704671909
OUT_SP02_N_R01,OUT,SP02,-to+,16,104.20100000000001,104.681,30.073507013775078,28.25753450393679,0.000254003516466238,2.883470305289468,8.569917586245678,1.0497634300239655,0.4728783771001997,0.47999999999998977,0.000211223991865379,-4.277952460085899e-05,-0.30583509277648196
OUT_SP02_N_R01,OUT,SP02,+to-,17,104.681,105.151,28.25753450393679,27.32664224079679,0.00012458009923874564,2.5500697343995125,7.132455608782915,0.9863740311791991,0.47191253143603035,0.46999999999999886,0.00019133646162322615,6.67563623844805e-05,0.4988140011728528
OUT_SP02_N_R01,OUT,SP02,-to+,18,105.151,105.621,27.32664224079679,25.73889126096455,0.00020357076565297958,2.38679647282841,6.460769812970751,0.9538797612329302,0.471442064526102,0.46999999999999886,0.00018150948270501702,-2.2061282947962563e-05,-0.1720615567400832
OUT_SP02_N_R01,OUT,SP02,+to-,19,105.621,106.09100000000001,25.73889126096455,24.68566438129972,0.00012877150121768237,2.1203483002451184,5.412731696699988,0.8984567966332528,0.47067783582861983,0.4700000000000131,0.0001653217130607344,3.6550211843052046e-05,0.29894132792531364
OUT_SP02_N_R01,OUT,SP02,-to+,20,106.09100000000001,106.561,24.68566438129972,23.31715122858685,0.00015977087224896148,1.9520254156951342,4.782863312295428,0.861692242991938,0.4701972916340321,0.46999999999999886,0.0001549813308989449,-4.7895413500165696e-06,-0.04102371374549839
OUT_SP02_N_R01,OUT,SP02,+to-,21,106.561,107.031,23.31715122858685,22.238432271139978,0.00011987043667527016,1.7434202619053942,4.038810181760113,0.813922122248563,0.46960413316604377,0.46999999999999886,0.000142017678834722,2.2147242159451837e-05,0.1993009935427842
OUT_SP02_N_R01,OUT,SP02,-to+,22,107.031,107.501,22.238432271139978,20.842688174474823,0.00014708617591472113,1.587083673957837,3.5090741779432606,0.7762677272263059,0.46916131807495803,0.46999999999999886,0.00013217393897817174,-1.4912236936549382e-05,-0.14150311479964298
OUT_SP02_N_R01,OUT,SP02,+to-,23,107.501,107.971,20.842688174474823,19.95351298650107,8.895257132247694e-05,1.3954529893791843,2.8942761089989504,0.727547067222144,0.4686205304028381,0.46999999999999886,0.000119925367683689,3.0972796361212056e-05,0.30960280575494337
OUT_SP02_N_R01,OUT,SP02,-to+,24,107.971,108.441,19.95351298650107,18.55549206052509,0.00013232104659819706,1.2796685008596955,2.5422515087105664,0.6965089979077811,0.4682948421256568,0.46999999999999886,0.00011240823095475762,-1.9912815643439435e-05,-0.21038106257755548
OUT_SP02_N_R01,OUT,SP02,+to-,25,108.441,108.911,18.55549206052509,17.673145271482937,7.874027541958736e-05,1.1075823669583018,2.047822784160212,0.6477088615676595,0.4678122487983869,0.46999999999999886,0.00010103709314504613,2.2296817725458775e-05,0.2498509310268158
OUT_SP02_N_R01,OUT,SP02,-to+,26,108.911,109.37100000000001,17.673145271482937,16.325367859431683,0.0001130958726026409,1.0052631485515329,1.7710898434392404,0.6169091483412887,0.46752613387691494,0.46000000000000796,9.41407964976702e-05,-1.8955076104970698e-05,-0.22588476328072424
OUT_SP02_N_R01,OUT,SP02,+to-,27,109.37100000000001,109.84100000000001,16.325367859431683,15.482945919036878,6.625886016841726e-05,0.8584098064944848,1.397963116777018,0.5698628414926834,0.46711655914182637,0.46999999999999886,8.402337652708653e-05,1.776451635866927e-05,0.2258578476088153
OUT_SP02_N_R01,OUT,SP02,-to+,28,109.84100000000001,110.311,15.482945919036878,14.281115509214866,8.859356194374757e-05,0.772433347855494,1.1935011829656546,0.5404567683908258,0.46687735364047966,0.46999999999999886,7.795396158928251e-05,-1.0639600354465052e-05,-0.1443305873823328
OUT_SP02_N_R01,OUT,SP02,+to-,29,110.311,110.771,14.281115509214866,13.347820304688966,6.396338747995024e-05,0.657544441092421,0.9376108139750564,0.498504972986852,0.4665583767669954,0.45999999999999375,6.96318715624206e-05,5.668484082470358e-06,0.08270841698075042
OUT_SP02_N_R01,OUT,SP02,-to+,30,110.771,111.241,13.347820304688966,12.290805975596118,6.731456648460217e-05,0.5746449094329136,0.7661414629244624,0.4659268245627503,0.46632868892914725,0.46999999999999886,6.344088099241582e-05,-3.873685492186352e-06,-0.060826106758817604
OUT_SP02_N_R01,OUT,SP02,+to-,31,111.241,111.70100000000001,12.290805975596118,11.287675108228422,5.882583441675109e-05,0.48744612886284916,0.598656961663632,0.42903006399589216,0.46608751641904334,0.46000000000000796,5.671417503702241e-05,-2.111659379728675e-06,-0.03600873105734586
OUT_SP02_N_R01,OUT,SP02,-to+,32,111.70100000000001,112.161,11.287675108228422,10.211493514833002,5.7612811701663515e-05,0.41128048281365504,0.4640488870705925,0.39401419106798646,0.46587721633272433,0.45999999999999375,5.0608588857355544e-05,-7.004222844307971e-06,-0.13083383146458147
OUT_SP02_N_R01,OUT,SP02,+to-,33,112.161,112.62100000000001,10.211493514833002,9.425850345974885,3.845439635747493e-05,0.3367187010827653,0.34381468955642597,0.3564483667597686,0.4656716663280169,0.46000000000000796,4.435759661946104e-05,5.903200261986106e-06,0.12060448391181686
OUT_SP02_N_R01,OUT,SP02,-to+,34,112.62100000000001,113.09100000000001,9.425850345974885,8.340735208420533,4.809512082834195e-05,0.28696979815188517,0.27053441791046856,0.3290242466750168,0.4655346963887408,0.46999999999999886,3.998853050973743e-05,-8.106590318604518e-06,-0.18289698108765104
OUT_SP02_N_R01,OUT,SP02,+to-,35,113.09100000000001,113.551,8.340735208420533,7.531084991636736,3.208485752888763e-05,0.22476915970158295,0.1875552080704215,0.2911465828479075,0.4653636423449569,0.45999999999999375,3.422191054792696e-05,2.1370530190393305e-06,0.05392734071874108
OUT_SP02_N_R01,OUT,SP02,-to+,36,113.551,114.001,7.531084991636736,6.537285963694258,3.493127750308236e-05,0.18328703780936756,0.13812073220574236,0.26288445870318133,0.4652496872460415,0.45000000000000284,3.012029940805277e-05,-4.810978095029587e-06,-0.1368711871528728
OUT_SP02_N_R01,OUT,SP02,+to-,37,114.001,114.461,6.537285963694258,5.700451828184588,2.5602353593812328e-05,0.13813635841511002,0.09037820590469725,0.22819432842175058,0.4651257652736671,0.45999999999999375,2.5319062177399432e-05,-2.8329141641289605e-07,-0.009259532313699472
OUT_SP02_N_R01,OUT,SP02,-to+,38,114.461,114.911,5.700451828184588,4.932836157935009,2.0415207080726082e-05,0.10505148279581732,0.059942469762204534,0.1989833065063023,0.4650350328152918,0.45000000000000284,2.1474165001484364e-05,1.0589579207582819e-06,0.03981672150601731
OUT_SP02_N_R01,OUT,SP02,+to-,39,114.911,115.361,4.932836157935009,4.191295283181331,1.6929092064185655e-05,0.07867436837600282,0.03885123902941491,0.17218846483478584,0.4649627401969469,0.45000000000000284,1.810538635689279e-05,1.1762942927071337e-06,0.051524571289815156
OUT_SP02_P_R01,OUT,SP02,-to+,1,132.421,132.901,61.17119151070009,58.42439898990453,0.0006813152000181953,11.392362066448303,66.029790296774,2.1352773984594413,0.5001949477645716,0.4800000000000182,0.0006975921018903934,1.627690187219809e-05,0.0656157252576318
OUT_SP02_P_R01,OUT,SP02,+to-,2,132.901,133.401,58.42439898990453,57.79757751737328,0.000152759569647327,10.44860362765984,58.12594225020907,2.0393962517453668,0.49688171895777444,0.5,0.0006439197379484179,0.000491160168301091,2.015377533064884
OUT_SP02_P_R01,OUT,SP02,-to+,3,133.401,133.891,57.79757751737328,54.27566394351782,0.0008382881389528672,10.237855408670116,56.40396151549145,2.0175160547096276,0.49615259867359834,0.4899999999999807,0.0006319458861060601,-0.00020634225284680706,-0.8667725830906305
OUT_SP02_P_R01,OUT,SP02,+to-,4,133.891,134.381,54.27566394351782,53.72306721551082,0.0001283164878309172,9.086782937514794,47.28976523499218,1.8945780790407112,0.4922370802159224,0.4900000000000091,0.0005666024903285961,0.0004382860024976789,1.8874774108019479
OUT_SP02_P_R01,OUT,SP02,-to+,5,134.381,134.881,53.72306721551082,50.39593262899494,0.0007530350023704504,8.91138715981095,45.94566189482704,1.8752888143617716,0.4916501361459733,0.5,0.0005566517158118508,-0.0001963832865585996,-0.8675583781099743
OUT_SP02_P_R01,OUT,SP02,+to-,6,134.881,135.371,50.39593262899494,49.913986819131075,0.00010620756810992173,7.886233180620785,38.33926810476775,1.7591499079784072,0.4882690207649718,0.4900000000000091,0.0004984996016363114,0.0003922920335263897,1.7801268571621578
OUT_SP02_P_R01,OUT,SP02,-to+,7,135.371,135.851,49.913986819131075,46.85310084479199,0.0006567359155409872,7.742211551721189,37.305957859462666,1.7423268255817772,0.4878006479757241,0.47999999999998977,0.0004903287617370082,-0.00016640715380397903,-0.7754909443895597
OUT_SP02_P_R01,OUT,SP02,+to-,8,135.851,136.341,46.85310084479199,46.2765908695403,0.00012015858302792607,6.854692055075602,31.140631989971077,1.6354817490211138,0.4849493330298861,0.4900000000000091,0.00043994651516271786,0.0003197879321347918,1.534307000557634
OUT_SP02_P_R01,OUT,SP02,-to+,9,136.341,136.821,46.2765908695403,43.58540973209203,0.0005454890760519095,6.692868191052926,30.055266071196982,1.6153577545436477,0.48443582291423365,0.47999999999998977,0.0004307513796206851,-0.00011473769643122439,-0.5660086597753227
OUT_SP02_P_R01,OUT,SP02,+to-,10,136.821,137.311,43.58540973209203,42.816427753085215,0.00015109334798207844,5.960367966053224,25.299799389914387,1.521417811311571,0.4821353873063029,0.4900000000000091,0.0003890727139444957,0.00023797936596241728,1.211174897766377
OUT_SP02_P_R01,OUT,SP02,-to+,11,137.311,137.791,42.816427753085215,40.49006119228548,0.00044375571767941,5.758088164067251,24.033587235715753,1.4945752764672293,0.4815069375103676,0.47999999999998977,0.0003775418001027601,-6.621391757664989e-05,-0.3470992187348768
OUT_SP02_P_R01,OUT,SP02,+to-,12,137.791,138.27100000000002,40.49006119228548,39.679965677715515,0.0001497230251535736,5.165514729989821,20.447308846787518,1.4133697642787248,0.47968252402284733,0.4800000000000182,0.00034368776785363584,0.00019396474270006223,1.049462225887193
OUT_SP02_P_R01,OUT,SP02,-to+,13,138.27100000000002,138.751,39.679965677715515,37.429361002785846,0.0004025899584723441,4.966085754954356,19.283070612835495,1.3850920963089577,0.47907401697402296,0.47999999999998977,0.0003322635321077354,-7.032642636460872e-05,-0.393121599833035
OUT_SP02_P_R01,OUT,SP02,+to-,14,138.751,139.231,37.429361002785846,36.669760635920966,0.0001313604939745623,4.43108942177766,16.271431627583354,1.306531172832359,0.4774550293003369,0.47999999999998977,0.0003015163517403271,0.00017015585776576482,0.9839298065908763
OUT_SP02_P_R01,OUT,SP02,-to+,15,139.231,139.711,36.669760635920966,34.61935726801557,0.0003429445726980902,4.256916455961681,15.327327684429033,1.2800161180300609,0.4769321187194853,0.4800000000000182,0.0002914686069814524,-5.147596571663778e-05,-0.3077490356211086
OUT_SP02_P_R01,OUT,SP02,+to-,16,139.711,140.181,34.61935726801557,33.84199076607116,0.0001255124608939962,3.8030957619964436,12.955517087777158,1.2084435385022014,0.4755790958767972,0.46999999999999886,0.00026517860512485374,0.00013966614423085752,0.8650212772840302
OUT_SP02_P_R01,OUT,SP02,-to+,17,140.181,140.661,33.84199076607116,31.88371469860988,0.0003049848352542602,3.6373254209096673,12.122070777533231,1.1813083285949197,0.47508824012062423,0.47999999999998977,0.0002555289262535381,-4.9455909000722085e-05,-0.3175358179546063
OUT_SP02_P_R01,OUT,SP02,+to-,18,140.661,141.131,31.88371469860988,31.119061674390547,0.00011467933001899921,3.2352274022508745,10.177353213811065,1.1129515985145078,0.47390499906936895,0.46999999999999886,0.00023199428763750706,0.00011731495761850786,0.782220923317746
OUT_SP02_P_R01,OUT,SP02,-to+,19,141.131,141.611,31.119061674390547,29.20908303487871,0.00027545271257643094,3.0842904618154376,9.476555116960196,1.0862601726985892,0.4734635190708741,0.47999999999998977,0.00022310533112168533,-5.234738145474562e-05,-0.3629579471183849
OUT_SP02_P_R01,OUT,SP02,+to-,20,141.611,142.081,29.20908303487871,28.586664722079345,8.633237399772478e-05,2.722321606551882,7.864323634102604,1.0195893408941024,0.4724106677748352,0.46999999999999886,0.00020163891009477482,0.00011530653609705004,0.8313051458597617
OUT_SP02_P_R01,OUT,SP02,-to+,21,142.081,142.55100000000002,28.586664722079345,26.777174654461113,0.0002412704371855225,2.6090387535782775,7.380358740740855,0.9978628431279886,0.4720828559232851,0.4700000000000273,0.00019487050439645888,-4.639993278906363e-05,-0.34797768559622305
OUT_SP02_P_R01,OUT,SP02,+to-,22,142.55100000000002,143.02100000000002,26.777174654461113,26.124918324606778,8.33911669778599e-05,2.2928661680347098,6.084368727930839,0.9346997242038426,0.47117215450077693,0.46999999999999886,0.00017582572902759714,9.243456204973724e-05,0.7229866761485361
OUT_SP02_P_R01,OUT,SP02,-to+,23,143.02100000000002,143.501,26.124918324606778,24.303028038569877,0.00022275894646336134,2.183727929891872,5.656468740228763,0.911931683157978,0.4708592264849688,0.47999999999998977,0.0001691910110338559,-5.3567935429505445e-05,-0.43810042722693354
OUT_SP02_P_R01,OUT,SP02,+to-,24,143.501,143.971,24.303028038569877,23.664572920118076,7.448815495198506e-05,1.8925464432900054,4.5665052469044385,0.8483357149550876,0.4700278975980639,0.46999999999999886,0.00015130302593157642,7.681487097959136e-05,0.6583945306124285
OUT_SP02_P_R01,OUT,SP02,-to+,25,143.971,144.441,23.664572920118076,22.183684508005797,0.00016555892910711305,1.7952930829028135,4.219937379868882,0.826049427068699,0.4697513851687691,0.46999999999999886,0.00014525829931437428,-2.0300629792738772e-05,-0.18157963929199533
OUT_SP02_P_R01,OUT,SP02,+to-,26,144.441,144.911,22.183684508005797,21.318121387845007,9.206381990975344e-05,1.579340199389043,3.483480621768598,0.774356669776719,0.46913942321825486,0.46999999999999886,0.00013168312871251523,3.961930880276179e-05,0.3724881987692463
OUT_SP02_P_R01,OUT,SP02,-to+,27,144.911,145.381,21.318121387845007,20.0641372544425,0.00012717026864377497,1.459374912159546,3.0949907027195254,0.744142817115437,0.4688006765621241,0.46999999999999886,0.0001240359134119017,-3.1343552318732553e-06,-0.030906227738119938
OUT_SP02_P_R01,OUT,SP02,+to-,28,145.381,145.841,20.0641372544425,19.20958825520108,8.242678307698103e-05,1.2938058126279082,2.5844200959325643,0.7003705133241538,0.4683345661399831,0.46000000000000796,0.00011333136723340439,3.090458415642336e-05,0.3203963044158159
OUT_SP02_P_R01,OUT,SP02,-to+,29,145.841,146.311,19.20958825520108,17.91128851118543,0.00011861253272803413,1.1865782345437892,2.270394370333926,0.6705411260113832,0.468033565627707,0.46999999999999886,0.00010628935294812882,-1.2323179779905302e-05,-0.13488320753566502
OUT_SP02_P_R01,OUT,SP02,+to-,30,146.311,146.761,17.91128851118543,17.643991810934896,2.3424774706315213e-05,1.0323979904535874,1.843177331396745,0.6252219155896379,0.46760195111802666,0.44999999999998863,9.598077129709763e-05,7.255599659078242e-05,0.8279251829749885
OUT_SP02_P_R01,OUT,SP02,-to+,31,146.761,147.251,17.643991810934896,15.883932136354003,0.00014570412130569642,1.0019657568266604,1.7623949977416062,0.6158915005914616,0.46751692360063196,0.4900000000000091,9.391662837894336e-05,-5.1787492926753056e-05,-0.6255519289190468
OUT_SP02_P_R01,OUT,SP02,+to-,32,147.251,147.711,15.883932136354003,15.042778900691454,6.437080110300252e-05,0.8127986780053708,1.2881587257598819,0.5544538278854285,0.4669896053914694,0.46000000000000796,8.081862186917597e-05,1.644782076617345e-05,0.21492684844403823
OUT_SP02_P_R01,OUT,SP02,-to+,33,147.711,148.181,15.042778900691454,13.962045238131578,7.767911338181415e-05,0.7292942072380617,1.0950259142215684,0.525092040933198,0.4667574927474948,0.46999999999999886,7.486017306089584e-05,-2.8189403209183107e-06,-0.03921876038307535
OUT_SP02_P_R01,OUT,SP02,+to-,34,148.181,148.641,13.962045238131578,13.063141573043106,6.0285525356019006e-05,0.6285808492111196,0.8764007876597711,0.48736731943558353,0.4664780829345943,0.45999999999997954,6.74886910355852e-05,7.203165679566195e-06,0.10740365262998897
OUT_SP02_P_R01,OUT,SP02,-to+,35,148.641,149.111,13.063141573043106,12.020243167877206,6.500061761318417e-05,0.5504603283072623,0.7183240903698774,0.4559896622075071,0.4662617559061986,0.46999999999999886,6.159951213152042e-05,-3.4011054816637446e-06,-0.05456807408361978
OUT_SP02_P_R01,OUT,SP02,+to-,36,149.111,149.571,12.020243167877206,11.141773473648808,5.061820283411312e-05,0.4662703463347986,0.5600977646832712,0.4195856403396215,0.46602901482619785,0.46000000000000796,5.504077809620841e-05,4.42257526209529e-06,0.07675223668345944
OUT_SP02_P_R01,OUT,SP02,-to+,37,149.571,150.031,11.141773473648808,10.188429264795218,5.064049229335789e-05,0.4007378143466038,0.44633048137557546,0.38892126325307474,0.4658481332783487,0.46000000000000796,4.974301715151254e-05,-8.974751418453514e-07,-0.01689542933730297
OUT_SP02_P_R01,OUT,SP02,+to-,38,150.031,150.491,10.188429264795218,9.275058360326867,4.431411694802645e-05,0.3352018603416359,0.34149516919636125,0.3556432725544435,0.46566748803701313,0.46000000000000796,4.422700239702047e-05,-8.711455100597702e-08,-0.001795523846936082
OUT_SP02_P_R01,OUT,SP02,-to+,39,150.491,150.961,9.275058360326867,8.361672832852324,4.019025130189727e-05,0.2778739669268666,0.2577793899416741,0.32376061340466084,0.4655096687708607,0.46999999999999886,3.9168629469720924e-05,-1.021621832176343e-06,-0.02321768799589145
OUT_SP02_P_R01,OUT,SP02,+to-,40,150.961,151.411,8.361672832852324,7.5038185346694295,3.398158782433994e-05,0.22589779126691503,0.1889691936276332,0.29187744381566905,0.46536674416283896,0.44999999999998863,3.4330252336690705e-05,3.48664512350762e-07,0.008801841700873144
OUT_SP02_P_R01,OUT,SP02,-to+,41,151.411,151.871,7.5038185346694295,6.660527774265838,2.984231712548255e-05,0.18196343512085913,0.1366276568421138,0.2619326798043156,0.46524605279952214,0.46000000000000796,2.998514733154375e-05,1.4283020606119836e-07,0.004036090944584864
OUT_SP02_P_R01,OUT,SP02,+to-,42,151.871,152.33100000000002,6.660527774265838,5.805947371891573,2.6632051808542365e-05,0.14339008167837705,0.09558190279927051,0.23249627916293703,0.465140178866411,0.46000000000000796,2.5900564597612314e-05,-7.314872109300512e-07,-0.02347204958712877
OUT_SP02_P_R01,OUT,SP02,-to+,43,152.33100000000002,152.781,5.805947371891573,5.124198175611952,1.863624198526765e-05,0.10897363801287545,0.0633300766942186,0.20266579567403925,0.46504578575512007,0.44999999999998863,2.1948945300069264e-05,3.3127033148016155e-06,0.12118427638210555
OUT_SP02_P_R01,OUT,SP02,+to-,44,152.781,153.231,5.124198175611952,4.391002064659487,1.745440278068138e-05,0.08489428488909677,0.04354788705452483,0.17886825937823034,0.4649797837802896,0.44999999999998863,1.893110265472538e-05,1.4766998740440008e-06,0.06203037885825816
OUT_SP02_P_R02,OUT,SP02,-to+,1,168.841,169.341,57.67109795979098,54.22409232457483,0.0008196042519974716,10.195542722463701,56.06017339219535,2.0131010852770737,0.49600667477707266,0.5,0.0006295423017968304,-0.0001900619502006412,-0.7992220812681899
OUT_SP02_P_R02,OUT,SP02,+to-,2,169.341,169.83100000000002,54.22409232457483,53.60250134695148,0.0001441795485119151,9.070353167092026,47.16334470073999,1.892777889938433,0.4921819928410401,0.4900000000000091,0.000565670330721177,0.00042149078220926194,1.8171341584058973
OUT_SP02_P_R02,OUT,SP02,-to+,3,169.83100000000002,170.321,53.60250134695148,50.37678684507102,0.0007293921098678912,8.873310694183736,45.65548201415959,1.8710802716179973,0.49152304861162865,0.4899999999999807,0.0005544916411731595,-0.00017490046869473165,-0.7733898735289776
OUT_SP02_P_R02,OUT,SP02,+to-,4,170.321,170.811,50.37678684507102,49.793378988901814,0.000128435885821599,7.880489876324972,38.297890883398395,1.7584815940437115,0.48825031215573744,0.4900000000000091,0.0004981737791957969,0.00036973789337419794,1.679492133149233
OUT_SP02_P_R02,OUT,SP02,-to+,5,170.811,171.30100000000002,49.793378988901814,46.75517356963388,0.0006507652175524652,7.706349908488076,37.05005543988972,1.7381168180994033,0.4876842719160243,0.4900000000000091,0.0004882940728911041,-0.0001624711446613611,-0.7584346374324855
OUT_SP02_P_R02,OUT,SP02,+to-,6,171.30100000000002,171.791,46.75517356963388,46.14409299123859,0.00012712111947456507,6.827083591236136,30.95459174689291,1.632063442263083,0.4848615866965821,0.4899999999999807,0.0004383780021783948,0.0003112568827038297,1.496227654506815
OUT_SP02_P_R02,OUT,SP02,-to+,7,171.791,172.27100000000002,46.14409299123859,43.2461697941735,0.0005849571644077258,6.655919078716485,29.80917436489591,1.6107327060871046,0.48431884511598533,0.4800000000000182,0.0004286513380282474,-0.00015630582637947844,-0.7742686607975915
OUT_SP02_P_R02,OUT,SP02,+to-,8,172.27100000000002,172.751,43.2461697941735,42.698059150150875,0.00010723704099043224,5.870742473090629,24.73619414108084,1.509576103569692,0.48185657608476823,0.47999999999998977,0.000383964998405642,0.00027672795741520977,1.4144082976713803
OUT_SP02_P_R02,OUT,SP02,-to+,9,172.751,173.241,42.698059150150875,40.00839480899632,0.0005100159279520097,5.727232077945604,23.84228118935229,1.4904434327628493,0.48141132851410606,0.4900000000000091,0.00037578185200175447,-0.0001342340759502552,-0.707843495235295
OUT_SP02_P_R02,OUT,SP02,+to-,10,173.241,173.721,40.00839480899632,39.4305366107396,0.00010598924869092798,5.046503892126488,19.749885483612427,1.3965564357095872,0.47931906293813764,0.47999999999998977,0.0003368724085380427,0.00023088315984711472,1.2587801399540002
OUT_SP02_P_R02,OUT,SP02,-to+,11,173.721,174.201,39.4305366107396,36.97879475638983,0.00043519471033867077,4.905408353859517,18.933245674127264,1.3763853793711436,0.47888941775962923,0.47999999999998977,0.0003287840032645615,-0.00010641070707410926,-0.5994366980146641
OUT_SP02_P_R02,OUT,SP02,+to-,12,174.201,174.671,36.97879475638983,36.342211473555814,0.00010909418617446141,4.327384420851727,15.707090791588078,1.290803443836434,0.4771434367772198,0.46999999999999886,0.0002955363113369136,0.0001864421251624522,1.087916174114074
OUT_SP02_P_R02,OUT,SP02,-to+,13,174.671,175.151,36.342211473555814,34.082331271398665,0.00037398923486038285,4.1828155366709,14.931257606347646,1.2685824953392182,0.4767102631413855,0.4800000000000182,0.0002871873009214831,-8.680193393889975e-05,-0.5244783501955913
OUT_SP02_P_R02,OUT,SP02,+to-,14,175.151,175.631,34.082331271398665,33.4398275784084,0.00010248484962592348,3.688205653135752,12.375957694910152,1.1896977948826635,0.4752387090163155,0.47999999999998977,0.0002584936923350933,0.0001560088427091698,0.978054149005114
OUT_SP02_P_R02,OUT,SP02,-to+,15,175.631,176.101,33.4398275784084,31.346050103505473,0.0003219349469210192,3.5529329133937044,11.704766130492441,1.1672701850848577,0.4748390355774067,0.46999999999999886,0.0002506053033521637,-7.132964356885551e-05,-0.46388282007281384
OUT_SP02_P_R02,OUT,SP02,+to-,16,176.101,176.58100000000002,31.346050103505473,30.629917212895005,0.00010582790398039424,3.128738477480778,9.681224517742672,1.0941835636025596,0.4735933756281988,0.4800000000000182,0.00022572641747038044,0.00011989851348998619,0.8113428208620185
OUT_SP02_P_R02,OUT,SP02,-to+,17,176.58100000000002,177.05100000000002,30.629917212895005,28.74640094666256,0.0002677451096667745,2.989537923666609,9.045059384784869,1.0691858099566056,0.47318711474002856,0.46999999999999886,0.0002175076069011182,-5.023750276565627e-05,-0.3533916758443158
OUT_SP02_P_R02,OUT,SP02,+to-,18,177.05100000000002,177.52100000000002,28.74640094666256,27.978826227642266,0.0001046594714143451,2.6378912152844145,7.5026625089985135,1.003438689235353,0.47216627154220314,0.46999999999999886,0.00019659690303015293,9.193743161580783e-05,0.6742659749225283
OUT_SP02_P_R02,OUT,SP02,-to+,19,177.52100000000002,178.001,27.978826227642266,26.160012585776215,0.00023755795713574827,2.500641120550599,6.926814282862094,0.976645277031404,0.47176992986342103,0.47999999999998977,0.00018836817164390445,-4.9189785491843816e-05,-0.37659566331578825
OUT_SP02_P_R02,OUT,SP02,+to-,20,178.001,178.471,26.160012585776215,25.443714028313067,8.94874372404444e-05,2.189534600392583,5.678975469701865,0.9131567039699009,0.4708758573136383,0.46999999999999886,0.00016954488793709867,8.005745069665427e-05,0.6408124399531759
OUT_SP02_P_R02,OUT,SP02,-to+,21,178.471,178.941,25.443714028313067,23.788466794150235,0.00019788921234086874,2.072494262453354,5.231057934141319,0.8881531674598655,0.4705410417738603,0.46999999999999886,0.00016239177747230107,-3.549743486856767e-05,-0.29690849201304065
OUT_SP02_P_R02,OUT,SP02,+to-,22,178.941,179.411,23.788466794150235,23.00830875124252,8.892521867370838e-05,1.8139703309640747,4.285792966628661,0.8303741391185235,0.4698044442650289,0.46999999999999886,0.00014642222961863194,5.7497010944923565e-05,0.5044284363321571
OUT_SP02_P_R02,OUT,SP02,-to+,23,179.411,179.881,23.00830875124252,21.55172214053928,0.00015850332681777027,1.6979293666380348,3.8821403329981643,0.8031414860492139,0.46947513108063926,0.46999999999999886,0.0001391656762947332,-1.933765052303707e-05,-0.17770102940396545
OUT_SP02_P_R02,OUT,SP02,+to-,24,179.881,180.351,21.55172214053928,20.703114441462944,8.779333535251035e-05,1.4912953036489098,3.196873681512756,0.752297021654741,0.46889072643604673,0.46999999999999886,0.00012607893447768624,3.828559912517589e-05,0.37006404974187795
OUT_SP02_P_R02,OUT,SP02,-to+,25,180.351,180.821,20.703114441462944,19.286085968925853,0.00013906838468364112,1.376953399496391,2.83702274518461,0.7226750248414304,0.46856843980601603,0.46999999999999886,0.00011873070722187904,-2.0337677461762082e-05,-0.20722419131237496
OUT_SP02_P_R02,OUT,SP02,+to-,26,180.821,181.291,19.286085968925853,18.44026953833445,7.848959722460728e-05,1.1959915067474758,2.2974197133231535,0.6732113999608739,0.46805996260729776,0.46999999999999886,0.00010691141529495575,2.8421818070348474e-05,0.30627526802156974
OUT_SP02_P_R02,OUT,SP02,-to+,27,181.291,181.751,18.44026953833445,17.168253603435712,0.00011163353708762068,1.0939439840468326,2.0101723748921776,0.6436868367983017,0.4677740763285308,0.46000000000000796,0.00010012423716025828,-1.1509299927362407e-05,-0.13114080799365646
OUT_SP02_P_R02,OUT,SP02,+to-,28,181.751,182.221,17.168253603435712,16.187282448723217,8.080488812336018e-05,0.9489118853237758,1.6244664532432733,0.5992851043946681,0.4673688209710049,0.46999999999999886,9.029185072916029e-05,9.486962605800107e-06,0.11517029737146116
OUT_SP02_P_R02,OUT,SP02,-to+,29,182.221,182.691,16.187282448723217,15.061342534564801,8.703866546492778e-05,0.8440100621086931,1.3629758161722252,0.5650427513610206,0.4670764659013146,0.46999999999999886,8.301513238217861e-05,-4.023533082749166e-06,-0.05204794415366454
OUT_SP02_P_R02,OUT,SP02,+to-,30,182.691,183.151,15.061342534564801,14.075912589118607,7.114562444586199e-05,0.7310888010219427,1.099066142614368,0.5257400339976472,0.46676247682518374,0.46000000000000796,7.498957888857253e-05,3.843954442710545e-06,0.053241519195714966
OUT_SP02_P_R02,OUT,SP02,-to+,31,183.151,183.621,14.075912589118607,12.973276705968956,7.401302248696627e-05,0.6388430061736153,0.8979310960678549,0.4913420398060789,0.4665065264858054,0.46999999999999886,6.825035266627963e-05,-5.762669820686631e-06,-0.0858501417773306
OUT_SP02_P_R02,OUT,SP02,+to-,32,183.621,184.08100000000002,12.973276705968956,12.033507823944102,5.8397008141298965e-05,0.5429330373708622,0.7036514286598999,0.45285278658288514,0.4662409303153937,0.46000000000000796,6.102279947708196e-05,2.6257913357829963e-06,0.042255749151476826
OUT_SP02_P_R02,OUT,SP02,-to+,33,184.08100000000002,184.541,12.033507823944102,11.020799296242858,5.808529843801773e-05,0.46729762848826384,0.5619485910682653,0.4200486641846454,0.4660318522688033,0.45999999999997954,5.512235941577587e-05,-2.962939022241864e-06,-0.05165772814911996
OUT_SP02_P_R02,OUT,SP02,+to-,34,184.541,185.011,11.020799296242858,10.024326528821684,5.2231974273370064e-05,0.3920995639812267,0.4319846959409677,0.3846984678418236,0.46582430850112755,0.46999999999999886,4.9029643230554704e-05,-3.2023310428153602e-06,-0.06109275983369901
OUT_SP02_P_R02,OUT,SP02,-to+,35,185.011,185.471,10.024326528821684,9.082624140239902,4.48595563743279e-05,0.3245078737904836,0.3252912605204423,0.34991500644590523,0.465638034097319,0.46000000000000796,4.3301897190009675e-05,-1.5576591843182266e-06,-0.03269838096278057
OUT_SP02_P_R02,OUT,SP02,+to-,36,185.471,185.931,9.082624140239902,8.222608906882156,3.713612341692074e-05,0.266478150637848,0.2420912177886248,0.31704339193661096,0.4654783192828773,0.46000000000000796,3.813101812167333e-05,9.948947047525912e-07,0.023040007698357592
OUT_SP02_P_R02,OUT,SP02,-to+,37,185.931,186.391,8.222608906882156,7.331654276166648,3.4604716275980344e-05,0.21845440848427866,0.17970945577128422,0.28702319705781093,0.46534628885127866,0.45999999999997954,3.361281722383452e-05,-9.918990521458253e-07,-0.025537794988482396
OUT_SP02_P_R02,OUT,SP02,+to-,38,186.391,186.851,7.331654276166648,6.424673125857406,3.117609180137521e-05,0.17371648962955025,0.127447520371959,0.25592301347405927,0.46522340996360156,0.46000000000000796,2.9136246125586993e-05,-2.0398456757882185e-06,-0.05934298219639149
OUT_SP02_P_R02,OUT,SP02,-to+,39,186.851,187.30100000000002,6.424673125857406,5.694568338848298,2.212161542872051e-05,0.1334213012440788,0.08579138805474622,0.22426339882121554,0.4651128308430692,0.45000000000001705,2.479114315162294e-05,2.6695277229024297e-06,0.08810485785862776
OUT_SP02_P_R02,OUT,SP02,+to-,40,187.30100000000002,187.751,5.694568338848298,4.8910807427905905,2.1273762940440653e-05,0.10483485702257275,0.05975718178848566,0.19877793398545385,0.465034438941697,0.44999999999998863,2.144777061365049e-05,1.7400767320983773e-07,0.006572032498147906
OUT_SP02_P_R02,OUT,SP02,-to+,41,187.751,188.201,4.8910807427905905,4.230687413896836,1.507264987573779e-05,0.07734858532249969,0.0378734376172153,0.17073092588517141,0.4649591076184002,0.44999999999998863,1.7926455947381207e-05,2.8538060716434166e-06,0.12503601390747254
IN_SP03_P_R01,IN,SP03,-to+,1,6.3,6.86,60.35855036746892,57.807728108338004,0.0005716367621488382,9.902606665894691,50.55401200539882,2.106910871286332,0.5600477720193725,0.5600000000000005,0.00030476359213642637,-0.00026687317001241185,-1.1907733181901325
IN_SP03_P_R01,IN,SP03,+to-,2,6.86,7.42,57.807728108338004,57.589339552039235,4.822209133368621e-05,9.128466854105527,44.83444442175499,2.017870377176343,0.556648244417986,0.5599999999999996,0.000287492519665931,0.00023927042833224476,1.083608991887465
IN_SP03_P_R01,IN,SP03,-to+,3,7.42,7.98,57.589339552039235,55.175582635402726,0.000525060308891381,9.063376429237321,44.36330551246153,2.010247178464162,0.5563657866429811,0.5600000000000005,0.00028603658190837547,-0.00023902372698300558,-1.098735709166827
IN_SP03_P_R01,IN,SP03,+to-,4,7.98,8.53,55.175582635402726,54.974445593357125,4.308103518740313e-05,8.356766847716806,39.34988150774172,1.925991167387975,0.5533323026257126,0.5499999999999989,0.00027018232689051563,0.0002271012917031125,1.0602915738675682
IN_SP03_P_R01,IN,SP03,-to+,5,8.53,9.09,54.974445593357125,52.70778994276414,0.0004780458253039661,8.298960408748611,38.9481102220706,1.918970160125139,0.5530867612151679,0.5600000000000005,0.00026888080332555434,-0.00020916502197841175,-0.9916918798680747
IN_SP03_P_R01,IN,SP03,+to-,6,9.09,9.64,52.70778994276414,52.42381021011447,5.8907148904292044e-05,7.659223657460462,34.589325019043685,1.8398489519015755,0.5503952413222227,0.5500000000000007,0.0002544206136093567,0.00019551346470506463,0.9425308411375363
IN_SP03_P_R01,IN,SP03,-to+,7,9.64,10.19,52.42381021011447,50.43069687287017,0.000407049737446268,7.5806071329301465,34.06498881265995,1.8299361892142356,0.5500677132095944,0.5499999999999989,0.00025263562332683456,-0.00015441411411943343,-0.756048424959172
IN_SP03_P_R01,IN,SP03,+to-,8,10.19,10.74,50.43069687287017,50.024599961439804,8.153742890450264e-05,7.038635543556894,30.51997815429901,1.7603634090135853,0.5478286123286986,0.5500000000000007,0.00024027317012242336,0.00015873574121792072,0.790581211337647
IN_SP03_P_R01,IN,SP03,-to+,9,10.74,11.290000000000001,50.024599961439804,48.1709632186663,0.0003659830119731555,6.930336096903781,29.826489423697826,1.746187952640306,0.5473850800177291,0.5500000000000007,0.00023778962583249243,-0.00012819338614066306,-0.649247643066767
IN_SP03_P_R01,IN,SP03,+to-,10,11.290000000000001,11.83,48.1709632186663,47.71178570304601,8.906038643240321e-05,6.44530489122061,26.7835107185348,1.6814838240456242,0.5454142960282327,0.5399999999999991,0.00022660353252506357,0.00013754314609266036,0.7091430166527665
IN_SP03_P_R01,IN,SP03,-to+,11,11.83,12.38,47.71178570304601,46.032480080354816,0.0003201607001312233,6.32753822087131,26.06051556527686,1.665455505048221,0.5449395949982463,0.5500000000000007,0.0002238702974555024,-9.629040267572088e-05,-0.5050439569597356
IN_SP03_P_R01,IN,SP03,+to-,12,12.38,12.92,46.032480080354816,45.535144511290994,9.311636244469007e-05,5.905024435468685,23.519214271455894,1.6068366805217908,0.5432485490681328,0.5399999999999991,0.00021400033923793134,0.00012088397679324126,0.6456406916284352
IN_SP03_P_R01,IN,SP03,-to+,13,12.92,13.47,45.535144511290994,43.949464638460285,0.00029157933425516904,5.782385023443947,22.797310853342413,1.5894763941869041,0.542761194936056,0.5500000000000007,0.0002111149433319646,-8.046439092320443e-05,-0.4375711113503042
IN_SP03_P_R01,IN,SP03,+to-,14,13.47,14.01,43.949464638460285,43.39807971375333,9.946754758768818e-05,5.3990673407738825,20.588041184916893,1.5341257248599025,0.5412479143105504,0.5399999999999991,0.0002020285494362819,0.00010256100184859373,0.5685308770142955
IN_SP03_P_R01,IN,SP03,-to+,15,14.01,14.55,43.39807971375333,42.00678936583659,0.0002464854290940928,5.268548694576336,19.852436403449637,1.5148787600959077,0.5407360615964053,0.5400000000000009,0.00019890893627770356,-4.7576492816389225e-05,-0.26853956130885165
IN_SP03_P_R01,IN,SP03,+to-,16,14.55,15.09,42.00678936583659,41.4000528205009,0.00010544633256190964,4.945647025867066,18.07000536683335,1.4663135652511785,0.5394771012856356,0.5399999999999991,0.00019112764493774636,8.568131237583671e-05,0.49300662532890016
IN_SP03_P_R01,IN,SP03,-to+,17,15.09,15.63,41.4000528205009,40.06896093856723,0.0002269067953299281,4.807738984669976,17.325363854705827,1.4451344644346116,0.5389425759482317,0.5400000000000009,0.00018777429282050654,-3.913250250942157e-05,-0.22955586209838466
IN_SP03_P_R01,IN,SP03,+to-,18,15.63,16.17,40.06896093856723,39.41343968311949,0.00010948018281756595,4.511440586218273,15.76012834722257,1.398670592461991,0.5378004662970596,0.5400000000000009,0.00018050135540723612,7.102117258967017e-05,0.4252425699764345
IN_SP03_P_R01,IN,SP03,-to+,19,16.17,16.7,39.41343968311949,38.185051985581744,0.0002010690639451104,4.368703768809959,15.02337429723722,1.3757885840132513,0.5372533294038812,0.5299999999999976,0.00017696142325538994,-2.4107640689720452e-05,-0.14727756475049839
IN_SP03_P_R01,IN,SP03,+to-,20,16.7,17.240000000000002,38.185051985581744,37.49143171367194,0.00011115253621987434,4.106933340866155,13.702270572734848,1.3329097643871994,0.5362550212187128,0.5400000000000027,0.0001704008408540178,5.924830463414347e-05,0.36972232591355525
IN_SP03_P_R01,IN,SP03,-to+,21,17.240000000000002,17.78,37.49143171367194,36.302378812858066,0.0001864874648948242,3.9624329668293843,12.990076281056766,1.3086978493803907,0.5357067506252869,0.5399999999999991,0.0001667377475474839,-1.9749717347340305e-05,-0.12592287264262964
IN_SP03_P_R01,IN,SP03,+to-,22,17.78,18.31,36.302378812858066,35.62498045024421,0.000103923392634704,3.7203267002112597,11.824851668555338,1.2671920731812072,0.5347925702955568,0.5299999999999976,0.00016052644170564515,5.6603049070941145e-05,0.36895051704940535
IN_SP03_P_R01,IN,SP03,-to+,23,18.31,18.85,35.62498045024421,34.47450939757486,0.00017259566945588246,3.5855876945925265,11.191964388468763,1.2435464096307467,0.534286187816054,0.5400000000000027,0.00015702580240986843,-1.5569867046014033e-05,-0.10378232817350044
IN_SP03_P_R01,IN,SP03,+to-,24,18.85,19.38,34.47450939757486,33.68542559998379,0.00011550767218222125,3.3620947016718756,10.167524260394464,1.2033873939948163,0.5334499719049114,0.5299999999999976,0.00015114224439585912,3.5634572213637873e-05,0.24343353836605186
IN_SP03_P_R01,IN,SP03,-to+,25,19.38,19.91,33.68542559998379,32.63107710736141,0.00015064702118572885,3.212719571887103,9.500924911985738,1.1758431733106067,0.532893645699554,0.5300000000000011,0.00014715100956771905,-3.496011618009799e-06,-0.024467543685873283
IN_SP03_P_R01,IN,SP03,+to-,26,19.91,20.44,32.63107710736141,31.798644997392408,0.00011592641589437382,3.0181355853855396,8.655018332208375,1.1390394679912077,0.5321720099355449,0.5300000000000011,0.00014187293399480934,2.5946518100435518e-05,0.18631236616390442
IN_SP03_P_R01,IN,SP03,-to+,27,20.44,20.97,31.798644997392408,30.800779001485765,0.00013542438326267521,2.868577705022955,8.022609309268354,1.1099821057546424,0.5316196973665978,0.5299999999999976,0.00013774922474103386,2.3248414783586457e-06,0.01713023077568567
IN_SP03_P_R01,IN,SP03,+to-,28,20.97,21.51,30.800779001485765,29.870674928597065,0.00012271764641174916,2.694061455890477,7.304801662213158,1.075150011510116,0.530977764532667,0.5400000000000027,0.0001328553588532932,1.0137712441544034e-05,0.07683511194083084
IN_SP03_P_R01,IN,SP03,-to+,29,21.51,22.04,29.870674928597065,29.025443507943862,0.00010855406857000187,2.536101537337692,6.674381595936711,1.0426832545938818,0.5303990828356631,0.5299999999999976,0.00012834118107569133,1.9787112505689463e-05,0.15406642773415913
IN_SP03_P_R01,IN,SP03,+to-,30,22.04,22.57,29.025443507943862,28.000543753873757,0.00012780623477992733,2.396515964614323,6.133044550465378,1.0131791121304665,0.5298895612711804,0.5300000000000011,0.00012427760085851342,-3.528633921413908e-06,-0.02829633333880729
IN_SP03_P_R01,IN,SP03,-to+,31,22.57,23.09,28.000543753873757,27.25584995122185,9.02140207790685e-05,2.2323462968382377,5.51591617693426,0.9774033617076596,0.5292925032585774,0.5199999999999996,0.00011939837753915285,2.918435676008435e-05,0.24090774858509265
IN_SP03_P_R01,IN,SP03,+to-,32,23.09,23.62,27.25584995122185,26.252079805306046,0.00011803968511477432,2.1165757837555286,5.093842150426136,0.9514086441567143,0.5288728868786334,0.5300000000000011,0.00011588539885477613,-2.1542862599981886e-06,-0.018319098175078482
IN_SP03_P_R01,IN,SP03,-to+,33,23.62,24.150000000000002,26.252079805306046,25.525110176063738,8.291858396309672e-05,1.9652353141044239,4.55903007737863,0.9163704561978049,0.5283261075855517,0.5300000000000011,0.00011119205996167307,2.8273475998576348e-05,0.24787954052560027
IN_SP03_P_R01,IN,SP03,+to-,34,24.150000000000002,24.68,25.525110176063738,24.48457870086036,0.00011489693520906474,1.8590175734078973,4.195513057470083,0.8909944290132434,0.5279435386564241,0.5299999999999976,0.00010782214744890821,-7.074787760156525e-06,-0.06406992639660042
IN_SP03_P_R01,IN,SP03,-to+,35,24.68,25.2,24.48457870086036,23.891566798232873,6.347383912481954e-05,1.7119628497041195,3.7089612820024365,0.8546730285873781,0.527415490592641,0.5199999999999996,0.00010304007569382691,3.956623656900738e-05,0.369650628105926
IN_SP03_P_R01,IN,SP03,+to-,36,25.2,25.73,23.891566798232873,22.812957559880775,0.00011168762132258941,1.6307867162289011,3.4489726844552853,0.8339730081786467,0.5271247956929558,0.5300000000000011,0.0001003359200069827,-1.135170131560671e-05,-0.10962601733738538
IN_SP03_P_R01,IN,SP03,-to+,37,25.73,26.26,22.812957559880775,22.30537725573496,5.0869368475563786e-05,1.4880588550486078,3.007255084559557,0.796322443075302,0.5266150447576277,0.5300000000000011,9.545562073215673e-05,4.458625225659294e-05,0.4448852060638829
IN_SP03_P_R01,IN,SP03,+to-,38,26.26,26.78,22.30537725573496,21.168901421342593,0.00010995029353470846,1.423097571213891,2.812927433494687,0.7786045480240645,0.5263836093205707,0.5199999999999996,9.317560520699799e-05,-1.6774688327710475e-05,-0.17338485220944944
IN_SP03_P_R01,IN,SP03,-to+,39,26.78,27.310000000000002,21.168901421342593,20.75877309924082,3.8332349301737984e-05,1.2827860585483344,2.4081365420098413,0.7389340576650714,0.5258849432470623,0.5300000000000011,8.810778231931721e-05,4.977543301757923e-05,0.5325598773415372
IN_SP03_P_R01,IN,SP03,+to-,40,27.310000000000002,27.830000000000002,20.75877309924082,19.55606612761817,0.00010826800520616493,1.23389999876842,2.2720587456490686,0.7246178785123598,0.5257115919714139,0.5199999999999996,8.629117853044759e-05,-2.1976826675717336e-05,-0.24412749947984552
IN_SP03_P_R01,IN,SP03,-to+,41,27.830000000000002,28.35,19.55606612761817,19.21886210157759,2.9241739930029313e-05,1.09591041709326,1.9024039379459026,0.6826354853293493,0.5252233577883593,0.5199999999999996,8.099998931720398e-05,5.175824938717466e-05,0.5968545280649437
IN_SP03_P_R01,IN,SP03,+to-,42,28.35,28.88,19.21886210157759,18.001487164837986,0.00010148754799510898,1.0586632437996089,1.8064036429310664,0.6708648443185716,0.5250918426107807,0.5299999999999976,7.952585758069286e-05,-2.1961690414416124e-05,-0.26343240238959764
IN_SP03_P_R01,IN,SP03,-to+,43,28.88,29.400000000000002,18.001487164837986,17.753865309556343,1.9858167053260258e-05,0.9294639767878029,1.4864770165686672,0.6283704425638441,0.5246365501832497,0.5200000000000031,7.423660976997895e-05,5.4378442716718686e-05,0.678072671929424
IN_SP03_P_R01,IN,SP03,+to-,44,29.400000000000002,29.92,17.753865309556343,16.457723277523417,9.959216192684661e-05,0.9041965291553113,1.426360367133965,0.6197268092147209,0.5245476706836046,0.5199999999999996,7.316681996617314e-05,-2.6425341960673474e-05,-0.3439052374550699
IN_SP03_P_R01,IN,SP03,-to+,45,29.92,30.45,16.457723277523417,16.20089042697635,1.8863933211265553e-05,0.7775403658866219,1.137752768411893,0.5744829171497923,0.5241029460763922,0.5299999999999976,6.759909913296532e-05,4.873516592169977e-05,0.6635297615797472
IN_SP03_P_R01,IN,SP03,+to-,46,30.45,30.970000000000002,16.20089042697635,14.961154143583219,8.698819284347337e-05,0.7535622812795277,1.0855916934721348,0.5655177594111346,0.5240189012301871,0.5200000000000031,6.650200642738397e-05,-2.04861864160894e-05,-0.2919588548676849
IN_SP03_P_R01,IN,SP03,-to+,47,30.970000000000002,31.490000000000002,14.961154143583219,14.678614138989234,1.8879063395613174e-05,0.6430406385786654,0.8559675906493023,0.5222427994078392,0.5236321253275074,0.5199999999999996,6.123347930142151e-05,4.2354415905808336e-05,0.6338664418267398
IN_SP03_P_R01,IN,SP03,+to-,48,31.490000000000002,32.02,14.678614138989234,13.430924075558082,7.915296174312152e-05,0.6190648750331472,0.8085896765487548,0.5123802927103094,0.5235483530172259,0.5300000000000011,6.003883631833553e-05,-1.911412542478599e-05,-0.3012904713533073
IN_SP03_P_R01,IN,SP03,-to+,49,32.02,32.54,13.430924075558082,13.220104103428987,1.2693539551291864e-05,0.5185850357449949,0.6200910934755843,0.46882769340772834,0.5231977826616176,0.519999999999996,5.47887164845633e-05,4.2095176933271436e-05,0.6991350982717549
IN_SP03_P_R01,IN,SP03,+to-,50,32.54,33.06,13.220104103428987,11.894500256152389,7.528831641376243e-05,0.5024776223640631,0.591448427970899,0.46146868812249764,0.5231416609931447,0.5200000000000031,5.390554427997865e-05,-2.1382772133783783e-05,-0.3764787707932049
IN_SP03_P_R01,IN,SP03,-to+,51,33.06,33.58,11.894500256152389,11.731919855730885,8.694891876686216e-06,0.40697631183843164,0.43121305068653015,0.4151963846983362,0.5228093468441912,0.519999999999996,4.8376638862752596e-05,3.968174698606638e-05,0.7419841720300038
IN_SP03_P_R01,IN,SP03,+to-,52,33.58,34.1,11.731919855730885,10.314322676545107,7.080655193841306e-05,0.39595096964572846,0.4138199627363547,0.4095212581252041,0.5227710297727217,0.5200000000000031,4.7701307937527944e-05,-2.310524400088512e-05,-0.46257150496626187
IN_SP03_P_R01,IN,SP03,-to+,53,34.1,34.62,10.314322676545107,10.215007804121297,4.6232028027729005e-06,0.306196532201068,0.2814752473534722,0.36003778163765243,0.5224594661138409,0.519999999999996,4.183652238448095e-05,3.721331958170805e-05,0.7994102317602679
IN_SP03_P_R01,IN,SP03,+to-,54,34.62,35.14,10.215007804121297,8.750656764280233,6.302262163177563e-05,0.30033801690564427,0.2734394512228815,0.35657103859766526,0.5224391521177028,0.5200000000000031,4.142715866433315e-05,-2.159546296744248e-05,-0.5017639247730487
IN_SP03_P_R01,IN,SP03,-to+,55,35.14,35.660000000000004,8.750656764280233,8.638593786671054,4.425419185443898e-06,0.22049854901036867,0.1720420918482032,0.3054555444972068,0.5221625897521548,0.5200000000000031,3.5412224592466755e-05,3.098680540702286e-05,0.7846653574521896
IN_SP03_P_R01,IN,SP03,+to-,56,35.660000000000004,36.17,8.638593786671054,7.136535304500947,5.384610318111639e-05,0.2148938464936256,0.1655265719895084,0.30154380863946906,0.5221431944265179,0.509999999999998,3.495344215405333e-05,-1.8892661027063058e-05,-0.5270032080120801
IN_SP03_P_R01,IN,SP03,-to+,57,36.17,36.69,7.136535304500947,7.034316993327375,3.2937959151874736e-06,0.1467155280726091,0.09339302929644375,0.24911207649671527,0.5219074621023713,0.519999999999996,2.882268736803608e-05,2.5528891452848605e-05,0.7922530392194038
IN_SP03_P_R01,IN,SP03,+to-,58,36.69,37.2,7.034316993327375,5.459646452608567,4.476051083014461e-05,0.14254602148761142,0.08944111079708869,0.24554398432510136,0.5218930577683362,0.5100000000000051,2.8406649112976913e-05,-1.6353861717167695e-05,-0.5753092031475692
IN_SP03_P_R01,IN,SP03,-to+,59,37.2,37.72,5.459646452608567,5.332192284152627,3.131026913885875e-06,0.08589658203968466,0.04184323962635129,0.19057761318569608,0.521697489591956,0.519999999999996,2.201386762547364e-05,1.8882840711587765e-05,0.7686603567954258
IN_SP03_N_R01,IN,SP03,+to-,1,57.301,57.861000000000004,60.064350786095616,59.89513077111475,3.827592552385748e-05,9.812034339023702,49.873958236256264,2.0966413685804257,0.5596461573585412,0.5600000000000023,0.0003027466443363916,0.0002644707188125341,1.1692394663515602
IN_SP03_N_R01,IN,SP03,-to+,2,57.861000000000004,58.421,59.89513077111475,57.29814068419597,0.0005790007330857069,9.760088536128462,49.48521013311768,2.090734475737045,0.5594162889200514,0.5599999999999952,0.0003015894748695922,-0.0002774112582161147,-1.2441652961164813
IN_SP03_N_R01,IN,SP03,+to-,3,58.421,58.971000000000004,57.29814068419597,57.001249654520166,6.515607938180889e-05,8.976880986233166,43.739628468695585,2.0000824204202723,0.5559912402302847,0.5500000000000043,0.00028410079990961833,0.00021894472052780945,0.9976452145951097
IN_SP03_N_R01,IN,SP03,-to+,4,58.971000000000004,59.531,57.001249654520166,54.66981081678758,0.0005039146468942183,8.889044477289477,43.10909620427234,1.9897189684453143,0.5556118144896183,0.5599999999999952,0.00028213371828825933,-0.00022178092860595893,-1.0260328834138701
IN_SP03_N_R01,IN,SP03,+to-,5,59.531,60.091,54.66981081678758,54.41306784096222,5.463114603646983e-05,8.211728183379405,38.34426869804377,1.9083364003907075,0.552716969386926,0.5600000000000023,0.0002669152827666519,0.00021228413673018206,0.9976436399321086
IN_SP03_N_R01,IN,SP03,-to+,6,60.091,60.641,54.41306784096222,52.24544082312361,0.0004541600227018442,8.138509514097763,37.839717463942804,1.899374379871666,0.5524072678912341,0.5499999999999972,0.0002652641063905574,-0.0001888959163112868,-0.901513680607212
IN_SP03_N_R01,IN,SP03,+to-,7,60.641,61.191,52.24544082312361,51.93115295739405,6.477590283005056e-05,7.531404305104232,33.7381139700054,1.8237099230387268,0.5498630819728407,0.5500000000000043,0.0002515174798700014,0.00018674157703995085,0.9060551153349208
IN_SP03_N_R01,IN,SP03,-to+,8,61.191,61.751000000000005,51.93115295739405,49.94094569285715,0.00040366238332868113,7.445041483207506,33.166776919142706,1.8127392069266333,0.5495045634344209,0.5600000000000023,0.00024955296489694706,-0.00015410941843173407,-0.7597791560253074
IN_SP03_N_R01,IN,SP03,+to-,9,61.751000000000005,62.291000000000004,49.94094569285715,49.61533598729546,6.494807352022168e-05,6.908117225066192,29.684837372541132,1.743267867800076,0.5472942429356517,0.5399999999999991,0.00023727950135931378,0.0001723314278390921,0.8639626539661344
IN_SP03_N_R01,IN,SP03,-to+,10,62.291000000000004,62.841,49.61533598729546,47.76502511558082,0.0003630657466147542,6.821929002592484,29.13738806989776,1.7319019449230744,0.5469423902510766,0.5499999999999972,0.00023529871849016948,-0.00012776702812458473,-0.6511174643848553
IN_SP03_N_R01,IN,SP03,+to-,11,62.841,63.391,47.76502511558082,47.277460439432275,9.393803930920493e-05,6.3411437661899015,26.143720880206295,1.6673139111293407,0.5449943617282891,0.5499999999999972,0.0002241864399429307,0.00013024840063372576,0.6760235590765519
IN_SP03_N_R01,IN,SP03,-to+,12,63.391,63.931000000000004,47.277460439432275,45.63365002984095,0.0003112513838094917,6.217025699075657,25.387811042151483,1.6502946932989169,0.5444954726543297,0.5400000000000063,0.0002212986715695572,-8.99527122399345e-05,-0.47505052593760777
IN_SP03_N_R01,IN,SP03,+to-,13,63.931000000000004,64.481,45.63365002984095,45.10726644936065,9.786061677202472e-05,5.806584732997332,22.93918937451291,1.5929148854470665,0.5428572382909285,0.54999999999999,0.0002116850876651734,0.00011382447089314869,0.6122495831426549
IN_SP03_N_R01,IN,SP03,-to+,14,64.481,65.021,45.10726644936065,43.581059341771294,0.00027866942828178173,5.6777925019566915,22.187354017739008,1.5745406322314308,0.5423467850779157,0.5400000000000063,0.0002086461556688212,-7.002327261296053e-05,-0.38348970494413304
IN_SP03_N_R01,IN,SP03,+to-,15,65.021,65.561,43.581059341771294,43.0427526525089,9.646399014982303e-05,5.311702319732562,20.094699391160862,1.5212659540418836,0.5409051058616213,0.5400000000000063,0.00019994192589634872,0.00010347793574652569,0.5774451175623786
IN_SP03_N_R01,IN,SP03,-to+,16,65.561,66.101,43.0427526525089,41.59557172173549,0.0002545225055804559,5.185203094603052,19.387218321087833,1.502475505815606,0.5404101057373315,0.539999999999992,0.00019690939087310544,-5.761311470735045e-05,-0.3275717582223176
IN_SP03_N_R01,IN,SP03,+to-,17,66.101,66.641,41.59557172173549,40.966614019870796,0.00010840100302464926,4.851985442650111,17.563173924813793,1.4519593615874617,0.5391138682454796,0.5400000000000063,0.00018885226686837098,8.045126384372171e-05,0.4667870826395032
IN_SP03_N_R01,IN,SP03,-to+,18,66.641,67.181,40.966614019870796,39.66805060647786,0.00021948461124386714,4.710310384045291,16.80541823717334,1.43000459608083,0.5385660786409258,0.539999999999992,0.0001853934528269187,-3.409115841694843e-05,-0.20169333651870436
IN_SP03_N_R01,IN,SP03,+to-,19,67.181,67.721,39.66805060647786,38.96236971503215,0.00011680019556512383,4.423893557991663,15.306890383618263,1.3846761818615443,0.5374646480075512,0.5400000000000063,0.00017833312435821223,6.15329287930884e-05,0.3717659664543755
IN_SP03_N_R01,IN,SP03,-to+,20,67.721,68.251,38.96236971503215,37.73455640191126,0.00019900218012423044,4.2717132180595785,14.52929841812395,1.3600432718132718,0.5368826707274962,0.5300000000000011,0.00017454136386711,-2.4460816257120427e-05,-0.15091664410010755
IN_SP03_N_R01,IN,SP03,+to-,21,68.251,68.791,37.73455640191126,37.055958407833494,0.00010765958876061445,4.012809341610237,13.236963714959142,1.3171845019857125,0.5358976657010909,0.539999999999992,0.000168018351096252,6.035876233563756e-05,0.38045004740742644
IN_SP03_N_R01,IN,SP03,-to+,22,68.791,69.331,37.055958407833494,35.91323827505114,0.00017749848834142947,3.872940722575378,12.555226123083127,1.2934969633975404,0.5353681883925554,0.5400000000000063,0.00016445301553666002,-1.3045472804769451e-05,-0.08398424958164456
IN_SP03_N_R01,IN,SP03,+to-,23,69.331,69.861,35.91323827505114,35.17313755182996,0.00011239127899821308,3.6426400899627946,11.458564565369453,1.2536085059057827,0.5345003976644596,0.5300000000000011,0.00015851212332187504,4.6120844323661956e-05,0.30370535183684033
IN_SP03_N_R01,IN,SP03,-to+,24,69.861,70.391,35.17313755182996,34.09509452127277,0.0001600535627458056,3.4970073621654976,10.782107184855588,1.2277741170725809,0.533954203540448,0.5300000000000011,0.00015470585137821916,-5.347711367586447e-06,-0.036019054068028016
IN_SP03_N_R01,IN,SP03,+to-,25,70.391,70.931,34.09509452127277,33.33034676654001,0.0001108824851017046,3.289871733160832,9.84338309763886,1.1901433163497794,0.533180731666466,0.539999999999992,0.0001492187032229316,3.8336218121227006e-05,0.2643999102513341
IN_SP03_N_R01,IN,SP03,-to+,26,70.931,71.461,33.33034676654001,32.38159154653552,0.00013446350023356253,3.1465471729134165,9.210372474564195,1.1634485838151378,0.5326478504191873,0.5300000000000011,0.00014536653131708139,1.0903031083518857e-05,0.07692934851664632
IN_SP03_N_R01,IN,SP03,+to-,27,71.461,71.991,32.38159154653552,31.5453000528472,0.0001156516933330211,2.972934025994101,8.462231722709182,1.1303307790460149,0.5320048683995019,0.5300000000000011,0.0001406330479598706,2.498135462684949e-05,0.18064161726674702
IN_SP03_N_R01,IN,SP03,-to+,28,71.991,72.521,31.5453000528472,30.627953415257608,0.00012373463852284876,2.823777160104535,7.836244367582033,1.1011386989034497,0.5314546437504174,0.5300000000000011,0.0001365016838540528,1.276704533120405e-05,0.09465159597484708
IN_SP03_N_R01,IN,SP03,+to-,29,72.521,73.051,30.627953415257608,29.789145492939745,0.00011025222688110479,2.6643661433663133,7.184869383645689,1.0691172604873747,0.5308688066046048,0.5300000000000011,0.00013201314340966711,2.1760916528562322e-05,0.16555734691353416
IN_SP03_N_R01,IN,SP03,-to+,30,73.051,73.581,29.789145492939745,28.98981414465679,0.00010247320528080354,2.522472703903199,6.620867786197754,1.0398373404148555,0.530349258138733,0.5300000000000011,0.00012794762560983084,2.54744203290273e-05,0.198708897238398
IN_SP03_N_R01,IN,SP03,+to-,31,73.581,74.111,28.98981414465679,28.08036974554972,0.00011348964245440558,2.390715097103625,6.110874540762267,1.0119354127309694,0.5298684240028212,0.5300000000000011,0.00012410710283403047,1.0617460379624895e-05,0.08508167177565618
IN_SP03_N_R01,IN,SP03,-to+,32,74.111,74.641,28.08036974554972,27.335368678115685,9.049092458259993e-05,2.244931985032526,5.562462480206541,0.9801898144744899,0.5293381914707886,0.5300000000000011,0.00011977654122885665,2.9285616646256723e-05,0.24110331577191801
IN_SP03_N_R01,IN,SP03,+to-,33,74.641,75.171,27.335368678115685,26.431507542587482,0.00010676718257592037,2.1287962561944638,5.137872178925463,0.9541843713592975,0.5289171253318017,0.5300000000000011,0.00011625924258359802,9.492060007677656e-06,0.08035629457845388
IN_SP03_N_R01,IN,SP03,-to+,34,75.171,75.70100000000001,26.431507542587482,25.76362294185731,7.675136745105046e-05,1.9918902442479387,4.651802783286433,0.9226336657677338,0.5284222650424641,0.5300000000000011,0.00011202754743513026,3.52761799840798e-05,0.3069689150143631
IN_SP03_N_R01,IN,SP03,+to-,35,75.70100000000001,76.231,25.76362294185731,24.742510183084597,0.00011379900262141548,1.893552115249089,4.312610489009713,0.8993200951555154,0.5280678162021178,0.5299999999999869,0.00010892512913124102,-4.873873490174457e-06,-0.04373244429638583
IN_SP03_N_R01,IN,SP03,-to+,36,76.231,76.751,24.742510183084597,24.22643173251835,5.587467746321211e-05,1.7478676956019323,3.8259280342243325,0.8636765358061025,0.5275442472358307,0.5200000000000102,0.00010422101311910714,4.834633565589503e-05,0.44654249088696546
IN_SP03_N_R01,IN,SP03,+to-,37,76.751,77.281,24.22643173251835,23.13727967001145,0.00011428003459461176,1.6763902750219726,3.5942639734382547,0.8456619994841588,0.5272880344301218,0.5300000000000011,0.00010186105283920491,-1.2418981755406844e-05,-0.11835799653943356
IN_SP03_N_R01,IN,SP03,-to+,38,77.281,77.801,23.13727967001145,22.71982994476956,4.248497895935874e-05,1.53030600894018,3.135915222311479,0.8076434203928937,0.5267657494020663,0.519999999999996,9.69179598341356e-05,5.443298087477686e-05,0.5348474497902893
IN_SP03_N_R01,IN,SP03,+to-,39,77.801,78.331,22.71982994476956,21.56048064061575,0.0001141391712974989,1.4760342901009407,2.9709618260108654,0.7930716760588605,0.5265721782586602,0.5300000000000011,9.503651448026663e-05,-1.910265681723227e-05,-0.19402869166535686
IN_SP03_N_R01,IN,SP03,-to+,40,78.331,78.861,21.56048064061575,21.197450296651763,3.4571129221991395e-05,1.3303277397483542,2.5429582095966334,0.7526027509824822,0.5260537200751472,0.5300000000000011,8.984822891103493e-05,5.527709968904353e-05,0.58046211962641
IN_SP03_N_R01,IN,SP03,+to-,41,78.861,79.381,21.197450296651763,20.015457857790462,0.00010867172660214483,1.286223588084473,2.4178032624451706,0.739930601408844,0.5258971403765313,0.519999999999996,8.823447366419976e-05,-2.0437252937945065e-05,-0.22228642941582422
IN_SP03_N_R01,IN,SP03,-to+,42,79.381,79.911,20.015457857790462,19.69812940359117,2.8157775513375324e-05,1.1476708912817506,2.03851313412947,0.6986712818252291,0.5254063098293478,0.5300000000000011,8.301480408892771e-05,5.4857028575552386e-05,0.6182190714241473
IN_SP03_N_R01,IN,SP03,+to-,43,79.911,80.431,19.69812940359117,18.498760473728197,0.00010251326575632802,1.111791781815867,1.9438340261725136,0.6875944291531457,0.5252794681089562,0.519999999999996,8.16222452871282e-05,-2.0891020469199822e-05,-0.24441308364030306
IN_SP03_N_R01,IN,SP03,-to+,44,80.431,80.95100000000001,18.498760473728197,18.243987150987007,2.0976713009123657e-05,0.9812407309502382,1.6122044301088336,0.645728555608686,0.5248188427227619,0.5200000000000102,7.639108740331639e-05,5.541437439419273e-05,0.6730364597450539
IN_SP03_N_R01,IN,SP03,+to-,45,80.95100000000001,81.48100000000001,18.243987150987007,17.001003515720377,9.830255046273283e-05,0.9545409064177722,1.546947954592301,0.6368352889525262,0.5247248118018982,0.5300000000000011,7.528622998253421e-05,-2.3016320480198624e-05,-0.2910234633088277
IN_SP03_N_R01,IN,SP03,-to+,46,81.48100000000001,82.001,17.001003515720377,16.801042215597075,1.518629218646628e-05,0.8294819617650963,1.2534910593551851,0.5934469749849043,0.5242851672464376,0.519999999999996,6.992640681322744e-05,5.474011462676116e-05,0.7207749462626233
IN_SP03_N_R01,IN,SP03,+to-,47,82.001,82.521,16.801042215597075,15.523083982581198,9.292642035585482e-05,0.8101715420078002,1.2100292820301166,0.586467008857464,0.5242173966046316,0.519999999999996,6.906875375120038e-05,-2.3857666604654436e-05,-0.32809258485150655
IN_SP03_N_R01,IN,SP03,-to+,48,82.521,83.051,15.523083982581198,15.351505574158272,1.1930975988682379e-05,0.692063480441926,0.9555842242717538,0.541857851119272,0.5238035595785063,0.5300000000000011,6.361605039871395e-05,5.168507441003157e-05,0.7432786304601664
IN_SP03_N_R01,IN,SP03,+to-,49,83.051,83.571,15.351505574158272,14.012510686261322,8.865448471735203e-05,0.6769061437898266,0.9243960929458214,0.5358686348146487,0.5237505329290527,0.519999999999996,6.288761600127575e-05,-2.576686871607627e-05,-0.389161591460488
IN_SP03_N_R01,IN,SP03,-to+,50,83.571,84.09100000000001,14.012510686261322,13.874096211365304,8.712875100586229e-06,0.5643258229713927,0.7038403883930768,0.48912889589230046,0.5233572684671566,0.5200000000000102,5.723091424785373e-05,4.8518039147267505e-05,0.7707670775727007
IN_SP03_N_R01,IN,SP03,+to-,51,84.09100000000001,84.611,13.874096211365304,12.530635539122999,8.01542072984752e-05,0.5532661011045353,0.6832687687175903,0.4842973192535913,0.5233186905742535,0.519999999999996,5.664890030042511e-05,-2.350530699805009e-05,-0.3939622535171705
IN_SP03_N_R01,IN,SP03,-to+,52,84.611,85.131,12.530635539122999,12.420489696661644,6.21585125817364e-06,0.4515602541105833,0.5039260046783537,0.4374016950502221,0.5229643926737317,0.519999999999996,5.102474418317216e-05,4.4808892924998524e-05,0.7940203676039531
IN_SP03_N_R01,IN,SP03,+to-,53,85.131,85.651,12.420489696661644,11.02087531827746,7.427229833462373e-05,0.4436759783187002,0.4907948972752362,0.43355687983355484,0.5229369624619854,0.519999999999996,5.056556582405893e-05,-2.3706732510564798e-05,-0.4467272383135198
IN_SP03_N_R01,IN,SP03,-to+,54,85.651,86.171,11.02087531827746,10.92865641855059,4.586334885852351e-06,0.3494998809306943,0.34321535698264605,0.3847011215114393,0.522609703342853,0.5200000000000102,4.4754448237359046e-05,4.0168113351506694e-05,0.8076729915578391
IN_SP03_N_R01,IN,SP03,+to-,55,86.171,86.691,10.92865641855059,9.502016408670523,6.609400915097783e-05,0.343686412586534,0.33469218259774947,0.3814820746458386,0.5225895252204081,0.519999999999996,4.437303224495999e-05,-2.1720976906017847e-05,-0.4688354451996488
IN_SP03_N_R01,IN,SP03,-to+,56,86.691,87.221,9.502016408670523,9.393894444760829,4.636511024679677e-06,0.25993299708674533,0.22018033629187633,0.33168294381965535,0.5222991258082877,0.5300000000000011,3.849372578899235e-05,3.385721476431267e-05,0.7895393735015862
IN_SP03_N_R01,IN,SP03,+to-,57,87.221,87.73100000000001,9.393894444760829,7.930959520453504,5.755811931818423e-05,0.25405942096498946,0.21276259551048327,0.3279087752917621,0.5222787814773092,0.5100000000000051,3.80496911597676e-05,-1.950842815841663e-05,-0.4958255406433683
IN_SP03_N_R01,IN,SP03,-to+,58,87.73100000000001,88.251,7.930959520453504,7.827808538505018,3.6940721265206117e-06,0.18116328480907892,0.12813594394595307,0.2768427129486084,0.5220265215548778,0.519999999999996,3.206100773772022e-05,2.8366935611199605e-05,0.7921006325228426
IN_SP03_N_R01,IN,SP03,+to-,59,88.251,88.771,7.827808538505018,6.316044785295218,4.862004583624811e-05,0.17648602304388522,0.12320713907212637,0.27324206442527577,0.522010350270976,0.519999999999996,3.1640020353865696e-05,-1.6980025482382416e-05,-0.5279518354966197
IN_SP03_N_R01,IN,SP03,-to+,60,88.771,89.281,6.316044785295218,6.223072550977985,2.6523615278540427e-06,0.11493908441960747,0.06476403350170241,0.22047155441363978,0.521797719588922,0.5100000000000051,2.5487002931811398e-05,2.2834641403957357e-05,0.8004140370570348
IN_SP03_N_R01,IN,SP03,+to-,61,89.281,89.871,6.223072550977985,4.640478180136002,3.913419831278427e-05,0.11158224521682762,0.06194814508935152,0.21722621121009703,0.5217861311913404,0.5899999999999892,2.510955128846546e-05,-1.4024647024318814e-05,-0.5671413449250743
IN_SP03_N_R01,IN,SP03,-to+,62,89.871,90.321,4.640478180136002,4.534357955909915,2.2172357500109488e-06,0.062062509913989074,0.025699781198427182,0.16198324622065552,0.5216152849958978,0.45000000000000284,1.8698804366513052e-05,1.6481568616502103e-05,0.7888324492214944
OUT_SP03_N_R01,OUT,SP03,+to-,1,102.901,103.471,54.994585527692564,53.9617318289621,0.00020689042465050827,8.056888131860143,36.695768577298075,1.919673176455717,0.5701265828036504,0.5700000000000074,0.0005169885962666901,0.00031009817161618185,1.5480740947026221
OUT_SP03_N_R01,OUT,SP03,-to+,2,103.471,104.041,53.9617318289621,50.81752544584732,0.0006129422271977372,7.7713936675375255,34.7890589077436,1.8836197809872206,0.5688441647298914,0.5699999999999932,0.0005007280140480667,-0.00011221421314967046,-0.5755524089345532
OUT_SP03_N_R01,OUT,SP03,+to-,3,104.041,104.611,50.81752544584732,49.364170946393735,0.0002743660289065108,6.9293053141288565,29.355684766322,1.7738662734920703,0.5651209642626411,0.5700000000000074,0.00045270079088931026,0.00017833476198279944,0.9446383769727623
OUT_SP03_N_R01,OUT,SP03,-to+,4,104.611,105.171,49.364170946393735,46.59042144048785,0.0005070874209133194,6.554143336773103,27.030679564383938,1.7231346310637918,0.5634900619455514,0.5600000000000023,0.0004312603889439051,-7.58270319694143e-05,-0.414730568856827
OUT_SP03_N_R01,OUT,SP03,+to-,5,105.171,105.73100000000001,46.59042144048785,45.355376252673956,0.0002185494040546251,5.863588020410503,22.914229933836857,1.6263125080565446,0.5605315086066374,0.5600000000000023,0.00039169370832734245,0.00017314430427271734,0.9784373503068527
OUT_SP03_N_R01,OUT,SP03,-to+,6,105.73100000000001,106.291,45.355376252673956,42.667692129952584,0.0004595573972350501,5.567078568320134,21.21448129820122,1.5832012981800163,0.5592780498051956,0.5599999999999881,0.00037465289823733434,-8.490449899771577e-05,-0.49651154258119434
OUT_SP03_N_R01,OUT,SP03,+to-,7,106.291,106.851,42.667692129952584,41.54359832037066,0.000185495662097409,4.94573619870957,17.79211491016262,1.4893834237898897,0.5566834245276251,0.5600000000000023,0.0003388096802227212,0.00015331401812531222,0.9290598647610626
OUT_SP03_N_R01,OUT,SP03,-to+,8,106.851,107.401,41.54359832037066,39.20042532057992,0.00037352495046859415,4.695750969961687,16.470794976023516,1.4501451476329084,0.5556515268294894,0.5499999999999972,0.0003243261874574007,-4.919876301119348e-05,-0.30860904880478013
OUT_SP03_N_R01,OUT,SP03,+to-,9,107.401,107.961,39.20042532057992,37.88885003952756,0.0002011397448177854,4.19376350574705,13.919186928274053,1.3683529800525465,0.5535997433858308,0.5600000000000023,0.0002951041246853159,9.396437986753051e-05,0.6127017175644924
OUT_SP03_N_R01,OUT,SP03,-to+,10,107.961,108.511,37.88885003952756,35.93332167125886,0.0002890345859868592,3.9242126818072722,12.607560457339153,1.3225703659682793,0.5525090253183853,0.5499999999999972,0.00027932126061052705,-9.713325376332167e-06,-0.06571449340503005
OUT_SP03_N_R01,OUT,SP03,+to-,11,108.511,109.061,35.93332167125886,34.54595507667182,0.00019701265189281403,3.537797936047358,10.802437953051722,1.254309548683397,0.5509586141661612,0.5500000000000114,0.0002565574111410759,5.954475924826189e-05,0.4193050085920556
OUT_SP03_N_R01,OUT,SP03,-to+,12,109.061,109.611,34.54595507667182,32.63666937691827,0.0002599703279119828,3.275027929913322,9.627845186413435,1.2058813186679467,0.5499130501957993,0.5499999999999972,0.00024096627054678784,-1.9004057365194988e-05,-0.1395639897266928
OUT_SP03_N_R01,OUT,SP03,+to-,13,109.611,110.161,32.63666937691827,31.33487352643697,0.00016971106939792462,2.9290466385814087,8.150211184040808,1.13923467502406,0.5485470207206593,0.5499999999999972,0.00022026969982100205,5.055863042307743e-05,0.3878097041386722
OUT_SP03_N_R01,OUT,SP03,-to+,14,110.161,110.711,31.33487352643697,29.518284970238113,0.00022641263257281105,2.703649039411023,7.2318077225016415,1.093793427464663,0.5476635066040972,0.5499999999999972,0.00020666336627196534,-1.9749266300845718e-05,-0.15844870533373986
OUT_SP03_N_R01,OUT,SP03,+to-,15,110.711,111.261,29.518284970238113,28.210970796857588,0.00015531915990095156,2.40350782966985,6.066116993789428,1.030382524545223,0.5464947670711424,0.5499999999999972,0.00018836098802245684,3.304182812150527e-05,0.2781055037529893
OUT_SP03_N_R01,OUT,SP03,-to+,16,111.261,111.801,28.210970796857588,26.61624040149509,0.00018069998961116993,2.197980229034393,5.3075887289301065,0.9847486511782665,0.5456995019124093,0.5400000000000063,0.0001756828590655468,-5.017130545623122e-06,-0.04427621903135835
OUT_SP03_N_R01,OUT,SP03,+to-,17,111.801,112.351,26.61624040149509,25.21681927272254,0.0001505287804302212,1.9592424914876354,4.469383848076536,0.9290820590168536,0.5447808314685659,0.5499999999999972,0.00016077565500187537,1.0246874571654161e-05,0.09525976564914969
OUT_SP03_N_R01,OUT,SP03,-to+,18,112.351,112.891,25.21681927272254,23.694685654413153,0.00015508501260341084,1.7606725148648148,3.809287185757216,0.8802330463787404,0.5440208605735689,0.5400000000000063,0.00014819868894157617,-6.886323661834667e-06,-0.06758613446145786
OUT_SP03_N_R01,OUT,SP03,+to-,19,112.891,113.441,23.694685654413153,22.412737855457145,0.00012354829172657797,1.5563811689377087,3.167493634205424,0.8271005597891535,0.5432428716690428,0.5499999999999972,0.00013505301823808479,1.1504726511506815e-05,0.11937155094035484
OUT_SP03_N_R01,OUT,SP03,-to+,20,113.441,113.98100000000001,22.412737855457145,20.96235714867003,0.0001319098102040421,1.3938413548902007,2.6855499176816946,0.7823521399282002,0.5426266685540984,0.5400000000000063,0.00012441221584437234,-7.4975943596697705e-06,-0.08243568730035072
OUT_SP03_N_R01,OUT,SP03,+to-,21,113.98100000000001,114.521,20.96235714867003,19.67309984479633,0.00011017474074599158,1.22050422945489,2.2014282749445875,0.731724302446525,0.5419722304397324,0.539999999999992,0.00011284635500339967,2.671614257408083e-06,0.03126238831907358
OUT_SP03_N_R01,OUT,SP03,-to+,22,114.521,115.061,19.67309984479633,18.308680525280195,0.00010927441507155206,1.0758881751887268,1.8226285450083675,0.6867207327305628,0.5414283453524145,0.5400000000000063,0.00010298537020258258,-6.289044868969482e-06,-0.07852425072468938
OUT_SP03_N_R01,OUT,SP03,+to-,23,115.061,115.601,18.308680525280195,17.09975093659902,9.048017728367449e-05,0.9325969962540618,1.471426830931359,0.6390935137238086,0.5408913284150229,0.539999999999992,9.297820888550726e-05,2.4980316018327658e-06,0.03337624204235799
OUT_SP03_N_R01,OUT,SP03,-to+,24,115.601,116.141,17.09975093659902,15.80593103681293,9.018563769928374e-05,0.8140580395667258,1.200341272510559,0.5968939102292741,0.5404484860820058,0.5400000000000063,8.447816099115126e-05,-5.707476708132473e-06,-0.08187878066753078
OUT_SP03_N_R01,OUT,SP03,+to-,25,116.141,116.681,15.80593103681293,14.577465838477737,7.92277275908318e-05,0.6960014016601699,0.9492053868239979,0.5517310758710934,0.5400087073130543,0.539999999999992,7.576103364097245e-05,-3.4666939498593515e-06,-0.05375177892177512
OUT_SP03_N_R01,OUT,SP03,-to+,26,116.681,117.221,14.577465838477737,13.388702610560832,7.069484258614502e-05,0.5923682756237659,0.7454882883071494,0.5088495509568648,0.5396236908544711,0.5400000000000063,6.784576948468269e-05,-2.8490731014623285e-06,-0.04790749176220533
OUT_SP03_N_R01,OUT,SP03,+to-,27,117.221,117.751,13.388702610560832,12.131182452610568,6.835590108412446e-05,0.4999588237400649,0.5781636420535097,0.4673538862492933,0.5392811828815035,0.5300000000000011,6.051973113007562e-05,-7.836169954048845e-06,-0.1441564479257739
OUT_SP03_N_R01,OUT,SP03,-to+,28,117.751,118.291,12.131182452610568,11.104820968991243,5.087011239316521e-05,0.4106624568684082,0.43049672702171127,0.42345815191643077,0.5389509361128311,0.539999999999992,5.312480021775004e-05,2.2546878245848344e-06,0.04549024350919749
OUT_SP03_N_R01,OUT,SP03,+to-,29,118.291,118.821,11.104820968991243,9.810764594305141,5.780785505343435e-05,0.3442440173393905,0.3304539954794403,0.38763137750680865,0.5387057583434187,0.5300000000000011,4.7357997741792364e-05,-1.0449857311641987e-05,-0.23392006225395667
OUT_SP03_N_R01,OUT,SP03,-to+,30,118.821,119.361,9.810764594305141,8.842095456804554,3.863519383739388e-05,0.2688039752129871,0.2280569420364892,0.34246028861742084,0.5384277515173925,0.5400000000000063,4.042918607673385e-05,1.793992239339969e-06,0.0449787886754257
OUT_SP03_N_R01,OUT,SP03,+to-,31,119.361,119.891,8.842095456804554,7.597420156569715,4.3795827717351775e-05,0.2184062091967744,0.16704733232245061,0.308647356993743,0.5382423086294955,0.5300000000000011,3.549074388725272e-05,-8.305083830099054e-06,-0.23602543867496678
OUT_SP03_N_R01,OUT,SP03,-to+,32,119.891,120.421,7.597420156569715,6.782674893878758,2.5097266398854477e-05,0.16129761897058673,0.1060335346150028,0.26519999277904927,0.5380324427779483,0.5300000000000011,2.9454867032764472e-05,4.357600633909995e-06,0.14146180321285773
OUT_SP03_N_R01,OUT,SP03,+to-,33,120.421,120.941,6.782674893878758,5.518104516892214,3.334412954826897e-05,0.12858148547171858,0.07547495707701984,0.23676001798108262,0.5379123447084475,0.519999999999996,2.5691300638807294e-05,-7.652828909461673e-06,-0.29022632911311097
OUT_SP03_N_R01,OUT,SP03,-to+,34,120.941,121.471,5.518104516892214,4.82081364677066,1.546265098266415e-05,0.0851262499414644,0.040660759992785664,0.19261818457788035,0.5377529693651744,0.5300000000000011,2.0141430292302897e-05,4.678779309638748e-06,0.2109890449043454
OUT_SP03_P_R01,OUT,SP03,-to+,1,136.491,137.061,56.54932708740239,53.70768814086918,0.000573731764517961,8.494701190370185,39.68070553876933,1.9739438949247738,0.5721135584285272,0.5699999999999932,0.0005419100825256602,-3.182168199230087e-05,-0.1575936161137724
OUT_SP03_P_R01,OUT,SP03,+to-,2,137.061,137.631,53.70768814086918,52.793935648600296,0.00018019313536683158,7.7018364233486825,34.32936569725671,1.8747519833849586,0.5685332846865457,0.5699999999999932,0.0004967649226149434,0.00031657178724811184,1.6053064035991609
OUT_SP03_P_R01,OUT,SP03,-to+,3,137.631,138.201,52.793935648600296,49.998978969029054,0.000537514898674763,7.45383885917099,32.70611798647795,1.8428560043081665,0.5674298211195331,0.5699999999999932,0.0004826298496258521,-5.488504904891089e-05,-0.28536162533040776
OUT_SP03_P_R01,OUT,SP03,+to-,4,138.201,138.761,49.998978969029054,49.17268731253492,0.0001548351328265865,6.716896832114111,28.031853686472594,1.7452936112899138,0.5641955137803978,0.5600000000000023,0.0004405657466368174,0.0002857306138102309,1.5248139870869042
OUT_SP03_P_R01,OUT,SP03,-to+,5,138.761,139.331,49.17268731253492,46.63410263061526,0.0004635629439148857,6.505391403138995,26.733038197145788,1.7164505913147525,0.5632793604557681,0.5699999999999932,0.0004284717128227165,-3.5091231092169225e-05,-0.1921524932057733
OUT_SP03_P_R01,OUT,SP03,+to-,6,139.331,139.891,46.63410263061526,45.71064227876213,0.00016396273306698054,5.874199970397809,22.975834836754434,1.6278372692343706,0.5605765552192297,0.5600000000000023,0.0003923029448907732,0.00022834021182379264,1.286029124268397
OUT_SP03_P_R01,OUT,SP03,-to+,7,139.891,140.451,45.71064227876213,43.43574836367656,0.00039291431064473103,5.651669155122921,21.69512287631731,1.5956024219314455,0.5596346281216033,0.5600000000000023,0.0003795181367753602,-1.3396173869370824e-05,-0.07755602658014127
OUT_SP03_P_R01,OUT,SP03,+to-,8,140.451,141.011,43.43574836367656,42.45340361822223,0.00016471401616099937,5.119916167757135,18.731936436064437,1.5161936440277906,0.5574064512286816,0.5600000000000023,0.0003488783104805288,0.00018416429431952945,1.0983316125606941
OUT_SP03_P_R01,OUT,SP03,-to+,9,141.011,141.561,42.45340361822223,40.33204273042227,0.0003452018064700813,4.897627010581534,17.53528668732579,1.4819033436321034,0.5564843085124879,0.5500000000000114,0.0003360254878981562,-9.176318571925087e-06,-0.05638780299669784
OUT_SP03_P_R01,OUT,SP03,+to-,10,141.561,142.121,40.33204273042227,39.474055117652554,0.00013545864399166867,4.432947482999682,15.117667490230835,1.4078538794018247,0.55457400612557,0.5600000000000023,0.000309052851747945,0.00017359420775627633,1.0995259061721179
OUT_SP03_P_R01,OUT,SP03,-to+,11,142.121,142.671,39.474055117652554,37.43465300060457,0.0003121287309777563,4.251039790027862,14.203260226198,1.3779044618335095,0.5538324928364772,0.549999999999983,0.00029844887871599844,-1.367985226175786e-05,-0.08937737591256094
OUT_SP03_P_R01,OUT,SP03,+to-,12,142.671,143.231,37.43465300060457,36.61405069260373,0.00012161200686239742,3.832802793720908,12.172408494354269,1.306715898404249,0.5521408665578318,0.5600000000000023,0.00027395199958642815,0.00015233999272403073,1.0279369973793477
OUT_SP03_P_R01,OUT,SP03,-to+,13,143.231,143.781,36.61405069260373,34.74080988566082,0.00026887299795438197,3.6701936789866325,11.410694245793739,1.2780714741560908,0.5514880900043335,0.5500000000000114,0.00026437714456502466,-4.495853389357312e-06,-0.031321259513656025
OUT_SP03_P_R01,OUT,SP03,+to-,14,143.781,144.331,34.74080988566082,33.79119615100682,0.00013158839021342085,3.311359328474406,9.787613199805941,1.2126830346283524,0.5500571953090826,0.549999999999983,0.0002431280006791381,0.00011153961046571725,0.8049215708078971
OUT_SP03_P_R01,OUT,SP03,-to+,15,144.331,144.881,33.79119615100682,32.153368940807546,0.00021937035436157462,3.13608165526908,9.024799736220817,1.179535262044608,0.5493630088509679,0.5500000000000114,0.00023267946525679914,1.3309110895224512e-05,0.09936293297275163
OUT_SP03_P_R01,OUT,SP03,+to-,16,144.881,145.431,32.153368940807546,31.076168387276812,0.00013897326266891068,2.844367171634431,7.800975395160226,1.1223643072511469,0.5482145040921996,0.5500000000000114,0.00021517045044248904,7.619718777357836e-05,0.5906060088610914
OUT_SP03_P_R01,OUT,SP03,-to+,17,145.431,145.981,31.076168387276812,29.58860419137139,0.00018488763066249305,2.6598779555294465,7.05766218496771,1.0847629145243134,0.5474925141152521,0.549999999999983,0.0002040081772391505,1.9120546576657462e-05,0.1538352865353726
OUT_SP03_P_R01,OUT,SP03,+to-,18,145.981,146.52100000000002,29.58860419137139,28.472045952933197,0.00013335205806942928,2.414812207249891,6.108793501548401,1.0328371284176503,0.546538626673917,0.5400000000000205,0.00018905462889411948,5.57025708246902e-05,0.46639085371454686
OUT_SP03_P_R01,OUT,SP03,-to+,19,146.52100000000002,147.071,28.472045952933197,27.18611266726541,0.00014774499971458965,2.238320499420205,5.453835543675002,0.9938618933156215,0.5458552722686725,0.549999999999983,0.0001781817567669782,3.0436757052388556e-05,0.26490789943395676
OUT_SP03_P_R01,OUT,SP03,+to-,20,147.071,147.611,27.18611266726541,26.064746638706776,0.00012368275340276082,2.043036772343278,4.758177752142671,0.9489743537238381,0.5451026539754423,0.539999999999992,0.00016603231235831484,4.2349558955554026e-05,0.3839548966591513
OUT_SP03_P_R01,OUT,SP03,-to+,21,147.611,148.161,26.064746638706776,24.7972986493792,0.00013395142905832461,1.8797642248943869,4.2010199707427125,0.9098312950871162,0.544476202401057,0.5500000000000114,0.00015576298776931354,2.181155871098893e-05,0.20637669016069582
OUT_SP03_P_R01,OUT,SP03,+to-,22,148.161,148.701,24.7972986493792,23.703990173339864,0.00011051753069882526,1.7031472824589116,3.6246411568594645,0.86558901406402,0.5438013947512739,0.539999999999992,0.00014452006647687764,3.400253577805238e-05,0.33636922880461695
OUT_SP03_P_R01,OUT,SP03,-to+,23,148.701,149.251,23.703990173339864,22.504585484095998,0.00011583317598145806,1.5575927797261284,3.1711837571271833,0.827425348770324,0.5432474742379435,0.5500000000000114,0.00013513168772942368,1.9298511747965622e-05,0.19982446875024484
OUT_SP03_P_R01,OUT,SP03,+to-,24,149.251,149.791,22.504585484095998,21.446828351702024,9.741789493279075e-05,1.405196267180568,2.7183584846844213,0.7855582269879943,0.5426696362600578,0.539999999999992,0.00012516153213143523,2.7743637198644484e-05,0.3012343205304474
OUT_SP03_P_R01,OUT,SP03,-to+,25,149.791,150.33100000000002,21.446828351702024,20.283880633399615,0.00010194204602440666,1.277153203880987,2.3561369960061787,0.7486355376945374,0.542185804770508,0.5400000000000205,0.00011665395994747924,1.4711913923072572e-05,0.16782960225611368
OUT_SP03_P_R01,OUT,SP03,+to-,26,150.33100000000002,150.881,20.283880633399615,19.292448098318935,8.26060515117764e-05,1.1432857737299984,1.996222414808375,0.7080410042686723,0.5416815817136649,0.549999999999983,0.00010760780173289366,2.5001750221117258e-05,0.3000656599025033
OUT_SP03_P_R01,OUT,SP03,-to+,27,150.881,151.421,19.292448098318935,18.178661791483574,8.80463006021593e-05,1.0349010168926918,1.7196444988269244,0.6734334801715682,0.5412745453600301,0.539999999999992,0.00010014927210328258,1.2102971501123282e-05,0.15310026193029572
OUT_SP03_P_R01,OUT,SP03,+to-,28,151.421,151.961,18.178661791483574,17.096104267665332,8.072626897422664e-05,0.9194678244437747,1.4405097558353677,0.6345550037357585,0.5408422172351176,0.5400000000000205,9.204753601616882e-05,1.1321267041942184e-05,0.1518184931613566
OUT_SP03_P_R01,OUT,SP03,-to+,29,151.961,152.501,17.096104267665332,16.14646751767114,6.685371051675478e-05,0.8137124814581398,1.199578055333878,0.596766617470028,0.5404471969918394,0.539999999999992,8.445304059290255e-05,1.7599330076147762e-05,0.24999030253212629
OUT_SP03_P_R01,OUT,SP03,+to-,30,152.501,153.041,16.14646751767114,15.061547560918914,7.182280633608967e-05,0.7261892732338412,1.011552078167203,0.5636180414993542,0.540121042231778,0.539999999999992,7.801743939369968e-05,6.194633057610011e-06,0.09357167963741171
OUT_SP03_P_R01,OUT,SP03,-to+,31,153.041,153.571,15.061547560918914,14.125198809305838,5.8063009332093844e-05,0.6322194369732416,0.8218893361013159,0.5257471907675125,0.5397716314470623,0.5300000000000011,7.092289249770281e-05,1.285988316560897e-05,0.2073816305850529
OUT_SP03_P_R01,OUT,SP03,+to-,32,153.571,154.111,14.125198809305838,13.038525681268611,6.280492844232517e-05,0.5562967151679069,0.6785009782539093,0.493062453442339,0.5394899038821463,0.539999999999992,6.502001787955065e-05,2.21508943722548e-06,0.03832568797385244
OUT_SP03_P_R01,OUT,SP03,-to+,33,154.111,154.651,13.038525681268611,12.157645488920675,4.72856073014331e-05,0.4742180681930402,0.5341255660927161,0.45513040548794803,0.5391859125129317,0.5400000000000205,5.842393694423415e-05,1.1138329642801053e-05,0.20749310176890062
OUT_SP03_P_R01,OUT,SP03,+to-,34,154.651,155.181,12.157645488920675,11.072559547424326,5.376738378568443e-05,0.41245184196478785,0.43331164673614087,0.4243818861438031,0.5389575468791741,0.5300000000000011,5.327667543826148e-05,-4.907083474229508e-07,-0.00990289529686811
OUT_SP03_P_R01,OUT,SP03,-to+,35,155.181,155.721,11.072559547424326,10.294726657867438,3.548948340006959e-05,0.34225063597913014,0.32758942407235697,0.38650524145137544,0.5386984059919933,0.539999999999992,4.7180630898477895e-05,1.1691147498408304e-05,0.25623616736703975
OUT_SP03_P_R01,OUT,SP03,+to-,36,155.721,156.251,10.294726657867438,9.249778302510586,4.3650856361804206e-05,0.29593239153331113,0.26342097439935475,0.3593537515452372,0.5385276655481968,0.5300000000000011,4.297597090902785e-05,-6.748854527763542e-07,-0.016155712145714495
OUT_SP03_P_R01,OUT,SP03,-to+,37,156.251,156.781,9.249778302510586,8.476983106703988,2.930514807947857e-05,0.23898264717568968,0.1911922448235432,0.32287817291668364,0.5383179943671681,0.5300000000000011,3.7543384332204655e-05,8.238236252726083e-06,0.2172458273435601
OUT_SP03_P_R01,OUT,SP03,+to-,38,156.781,157.321,8.476983106703988,7.569013468424485,3.118891223976402e-05,0.20076167993149296,0.1472250157938598,0.2959025316958448,0.5381774369215054,0.539999999999992,3.3684181592463226e-05,2.495269352699205e-06,0.07264136329380153
OUT_SP03_P_R01,OUT,SP03,-to+,39,157.321,157.841,7.569013468424485,6.854786091759094,2.2067487647022684e-05,0.16009478804424818,0.10484997744269924,0.26420841230360625,0.5380280256279758,0.5200000000000102,2.9321159246237422e-05,7.253671599214738e-06,0.2347678800931055
OUT_SP03_P_R01,OUT,SP03,+to-,40,157.841,158.371,6.854786091759094,5.945646158854174,2.4942167365606437e-05,0.1313280425989214,0.07790558212898364,0.23927717364222068,0.5379224234707989,0.5300000000000011,2.6018448892980073e-05,1.0762815273736362e-06,0.039229960901583094
OUT_SP03_P_R01,OUT,SP03,-to+,41,158.371,158.881,5.945646158854174,5.434119317645121,1.2481683618706475e-05,0.09882071570138812,0.050855513717656876,0.2075422032611183,0.5378031770067534,0.5099999999999909,2.1978263132150623e-05,9.496579513444148e-06,0.3891894183655682
OUT_SP03_P_R01,OUT,SP03,+to-,42,158.881,159.411,5.434119317645121,4.624475488208595,1.746854779313808e-05,0.08255594206410773,0.038833399229643725,0.1896865480782699,0.5377435477452296,0.5300000000000011,1.9785338984091998e-05,2.3167911909539184e-06,0.1073792800267252
OUT_SP03_P_R01,OUT,SP03,-to+,43,159.411,159.921,4.624475488208595,4.292172842934019,6.357456804989869e-06,0.05979585625842659,0.0239393913921112,0.16142464689402436,0.5376601444719299,0.5099999999999909,1.6431944800798712e-05,1.0074487995808844e-05,0.5265901792777062
OUT_SP03_N_R02,OUT,SP03,+to-,1,187.171,187.741,55.14088861374632,53.935794612339606,0.0002415714865876217,8.097676230268807,36.97076487357415,1.92478011757065,0.5703106491082637,0.5700000000000216,0.0005193110376625853,0.00027773955107496365,1.3854950445543652
OUT_SP03_N_R02,OUT,SP03,-to+,2,187.741,188.311,53.935794612339606,50.791086324056025,0.0006128241162381606,7.764279978573216,34.741957642784705,1.8827144013294894,0.5688123427026535,0.5699999999999932,0.0005003227317694662,-0.00011250138446869439,-0.5772286409739054
OUT_SP03_N_R02,OUT,SP03,+to-,3,188.311,188.871,50.791086324056025,49.404644521077515,0.00026176160939630057,6.922399908549289,29.312343933221637,1.7729433740388825,0.5650907923633857,0.5600000000000023,0.00045230643460341747,0.0001905448252071169,1.0092116499759916
OUT_SP03_N_R02,OUT,SP03,-to+,4,188.871,189.441,49.404644521077515,46.522240992954835,0.0005268322411196061,6.564468235969689,27.09384937533843,1.7245474253403594,0.5635347213922088,0.5699999999999932,0.00043185090754584924,-9.498133357375689e-05,-0.5196068892365041
OUT_SP03_N_R02,OUT,SP03,+to-,5,189.441,190.001,46.522240992954835,45.201619066510915,0.00023325419393211856,5.847041191251705,22.818277029510533,1.623932561466676,0.5604612947998895,0.5600000000000023,0.00039074366298301645,0.0001574894690508979,0.8916428836195954
OUT_SP03_N_R02,OUT,SP03,-to+,6,190.001,190.561,45.201619066510915,42.54036225818455,0.00045388275397965244,5.53064477402555,21.008529365932723,1.5778341598857224,0.5591247180038255,0.5600000000000023,0.0003725564393790961,-8.132631460055633e-05,-0.4767988029681953
OUT_SP03_N_R02,OUT,SP03,+to-,7,190.561,191.111,42.54036225818455,41.24953420729868,0.00021214054529004097,4.9171241001369115,17.639226026200514,1.484938772792901,0.5565649732503479,0.549999999999983,0.0003371540032844834,0.00012501345799444244,0.7606630093312716
OUT_SP03_N_R02,OUT,SP03,-to+,8,191.111,191.671,41.24953420729868,38.86580697922482,0.0003775310913209582,4.631329230629373,16.135646961414903,1.4398803736627823,0.5553867035223344,0.5600000000000023,0.00032058691928729005,-5.694417203366814e-05,-0.35951895657125127
OUT_SP03_N_R02,OUT,SP03,+to-,9,191.671,192.221,38.86580697922482,37.52897222609751,0.0002034499901422312,4.12420808245496,13.57671996958276,1.356672596464129,0.5533175618095858,0.5500000000000114,0.00029103826253203233,8.758827238980113e-05,0.5755143584255022
OUT_SP03_N_R02,OUT,SP03,-to+,10,192.221,192.781,37.52897222609751,35.45337680635,0.00030377756715731523,3.8517028247613228,12.26197401598725,1.3100082604698147,0.5522169163077525,0.5600000000000023,0.00027506290707859303,-2.87146600787222e-05,-0.19618551369103923
OUT_SP03_N_R02,OUT,SP03,+to-,11,192.781,193.33100000000002,35.45337680635,33.94549647739959,0.0002112580680089405,3.4458205831671727,10.386300392415889,1.2375563124419993,0.5505918360411782,0.5500000000000114,0.00025111128611162304,3.985321810268255e-05,0.28444901522812277
OUT_SP03_N_R02,OUT,SP03,-to+,12,193.33100000000002,193.881,33.94549647739959,32.18705417088102,0.0002361195761590453,3.1642566458309918,9.14605270006828,1.1849213595095194,0.5494743869692454,0.549999999999983,0.00023436240314002028,-1.757173019025014e-06,-0.01308559909044045
OUT_SP03_N_R02,OUT,SP03,+to-,13,193.881,194.421,32.18705417088102,30.697832343691896,0.00019118732624554753,2.850231008846299,7.824997639712141,1.1235401435992947,0.5482375070925304,0.539999999999992,0.00021552402926510716,2.4336703019559632e-05,0.18956135777059938
OUT_SP03_N_R02,OUT,SP03,-to+,14,194.421,194.971,30.697832343691896,29.0305986313593,0.0002043163693631912,2.596478904405569,6.807903441103027,1.0715564952452623,0.5472451782757016,0.5500000000000114,0.0002001542968628975,-4.162072500293683e-06,-0.03396156065375116
OUT_SP03_N_R02,OUT,SP03,+to-,15,194.971,195.52100000000002,29.0305986313593,27.532237062000117,0.00017471946078595444,2.325807350976279,5.775452125800882,1.0133590598843587,0.5461936340690898,0.5500000000000114,0.00018358322868060605,8.863767894651606e-06,0.07601185731537641
OUT_SP03_N_R02,OUT,SP03,-to+,16,195.52100000000002,196.061,27.532237062000117,26.049114808582143,0.00016452164868276933,2.0947561290652232,4.939370697675358,0.9610563743430244,0.5453016231548046,0.539999999999992,0.00016926325849115183,4.741609808382502e-06,0.04274325443298279
OUT_SP03_N_R02,OUT,SP03,+to-,17,196.061,196.611,26.049114808582143,24.587963067917613,0.00015378428928262245,1.877534629454246,4.193570743908991,0.9092856412795417,0.5444676653174454,0.549999999999983,0.0001556219729012897,1.8376836186672382e-06,0.017459923052384488
OUT_SP03_N_R02,OUT,SP03,-to+,18,196.611,197.151,24.587963067917613,23.0811228434245,0.00014985792347382178,1.6747895312206207,3.53473658107708,0.858281823787857,0.5436933209945773,0.5400000000000205,0.00014270028304838695,-7.157640425434837e-06,-0.07196889849977987
OUT_SP03_N_R02,OUT,SP03,+to-,19,197.151,197.701,23.0811228434245,21.807230776832235,0.0001196960922043894,1.4774975684396776,2.930320992247322,0.8056831773500662,0.542943509754166,0.549999999999983,0.0001299111044318932,1.0215012227503796e-05,0.10871328186824905
OUT_SP03_N_R02,OUT,SP03,-to+,20,197.701,198.241,21.807230776832235,20.37833998543877,0.00012655644014232902,1.3201095254562139,2.4757443331607716,0.7612159555959265,0.5423479532141584,0.5400000000000205,0.00011952272255328852,-7.033717589040501e-06,-0.07941242525676402
OUT_SP03_N_R02,OUT,SP03,+to-,21,198.241,198.781,20.37833998543877,19.10017609369189,0.00010624290458620609,1.1538882176105651,2.0240032394721963,0.7113382576734397,0.5417214566821015,0.539999999999992,0.00010833057655975441,2.0876719735483202e-06,0.025115386430154128
OUT_SP03_N_R02,OUT,SP03,-to+,22,198.781,199.321,19.10017609369189,17.764856828962063,0.00010391052439068287,1.0144950377648794,1.669116838448688,0.6667219210912648,0.5411980312404943,0.539999999999992,9.872975368405757e-05,-5.180770706625297e-06,-0.06657483838007765
OUT_SP03_N_R02,OUT,SP03,+to-,23,199.321,199.861,17.764856828962063,16.456267638433562,9.47546439774626e-05,0.8782920616899113,1.3449710418465062,0.6201104856215743,0.5406882959867078,0.539999999999992,8.911202278037666e-05,-5.642621197085942e-06,-0.07792454607905741
OUT_SP03_N_R02,OUT,SP03,-to+,24,199.861,200.401,16.456267638433562,15.239557438804999,8.177415479339961e-05,0.7542020115772411,1.0705717314301468,0.5744321057601148,0.5402253564127758,0.5400000000000205,8.009372482003488e-05,-1.680429973364731e-06,-0.025002494694900117
OUT_SP03_N_R02,OUT,SP03,+to-,25,200.401,200.941,15.239557438804999,13.948717716762008,8.004830269082766e-05,0.647196421787737,0.8512362651798189,0.531960907707883,0.5398272677112916,0.539999999999992,7.206813243924723e-05,-7.980170251580427e-06,-0.1286835891202366
OUT_SP03_N_R02,OUT,SP03,-to+,26,200.941,201.481,13.948717716762008,12.851436288016192,6.2584850841741e-05,0.5425254725102431,0.6534844907947784,0.48690210117752575,0.5394388579389394,0.539999999999992,6.39302217906623e-05,1.3453709489213007e-06,0.023587625076143755
OUT_SP03_N_R02,OUT,SP03,+to-,27,201.481,202.011,12.851436288016192,11.553811718168722,6.750279975986638e-05,0.46074209168215,0.5115370347957795,0.44859975367232163,0.5391360594365312,0.5300000000000011,5.731579364015872e-05,-1.0187006119707662e-05,-0.19582338763328602
OUT_SP03_N_R02,OUT,SP03,-to+,28,202.011,202.541,11.553811718168722,10.480690175011052,5.047230484022987e-05,0.3725835374376629,0.3720638206566921,0.4033041112750947,0.5388103233565651,0.5300000000000011,4.9851107290651184e-05,-6.211975495786848e-07,-0.01320745568388131
OUT_SP03_N_R02,OUT,SP03,+to-,29,202.541,203.08100000000002,10.480690175011052,9.247233354477665,5.2003963129570567e-05,0.3067015567370059,0.27792293102920407,0.36584510287072713,0.5385673464256527,0.5400000000000205,4.396870569357254e-05,-8.035257435998029e-06,-0.19058070011694594
OUT_SP03_N_R02,OUT,SP03,-to+,30,203.08100000000002,203.61100000000002,9.247233354477665,8.241351254781092,3.7635342335193614e-05,0.23885133829372787,0.19103475070599,0.3227893374717503,0.538317511259188,0.5300000000000011,3.753045461831518e-05,-1.0488771687843114e-07,-0.0028033044324402654
OUT_SP03_N_R02,OUT,SP03,+to-,31,203.61100000000002,204.141,8.241351254781092,6.965794254484638,4.153842705032403e-05,0.189767657837176,0.13530226830945943,0.28767742841859223,0.5381370302475683,0.5299999999999727,3.2534174497482074e-05,-9.004252552841959e-06,-0.27649578971369587
OUT_SP03_N_R02,OUT,SP03,-to+,32,204.141,204.661,6.965794254484638,6.1960537229265515,2.1711486997470185e-05,0.13561270131009406,0.08174825289233514,0.2431520895145214,0.5379381477690651,0.5200000000000102,2.6524319504648493e-05,4.812832507178307e-06,0.17062877329010434
OUT_SP03_N_R02,OUT,SP03,+to-,33,204.661,205.181,6.1960537229265515,4.995852615719754,2.8803576157664925e-05,0.10731471292972442,0.05755010968274564,0.21628307619104156,0.5378343265619839,0.5200000000000102,2.3072810757135156e-05,-5.730765400529768e-06,-0.23878789178629914
OUT_SP03_N_R02,OUT,SP03,-to+,34,205.181,205.701,4.995852615719754,4.369358666737876,1.258738929253813e-05,0.0697815702159742,0.03017916625526327,0.17438815417736145,0.5376967310792665,0.5199999999999818,1.7952271563169467e-05,5.364882270631337e-06,0.26701720727396644
OUT_SP03_P_R02,OUT,SP03,-to+,1,223.751,224.321,60.73000223068967,57.251547713506824,0.0007336396062273519,9.718465813736877,48.39679204839504,2.1198769873380714,0.5778028174944785,0.5699999999999932,0.000611521645098301,-0.00012211796112905084,-0.5789171382171099
OUT_SP03_P_R02,OUT,SP03,+to-,2,224.321,224.891,57.251547713506824,55.69679383777442,0.00031898101095103617,8.695572190943858,41.074320853641396,1.9984560189266507,0.5730335752178692,0.5699999999999932,0.0005533397751132967,0.00023435876416226054,1.142259273483793
OUT_SP03_P_R02,OUT,SP03,-to+,3,224.891,225.46200000000002,55.69679383777442,52.52321592058458,0.0006326965158456661,8.253439119978971,38.026808088848426,1.9441848705473042,0.5710155380891428,0.5710000000000264,0.0005281786841838598,-0.0001045178316618063,-0.5241898355984344
OUT_SP03_P_R02,OUT,SP03,+to-,4,225.46200000000002,226.032,52.52321592058458,51.01246148972289,0.00029206020287888504,7.381025741869444,32.23424175304665,1.833406103100211,0.567107295003737,0.5699999999999932,0.0004784780538735924,0.00018641785099470735,0.9642650149989804
OUT_SP03_P_R02,OUT,SP03,-to+,5,226.032,226.592,51.01246148972289,48.100608498709576,0.0005453476165648244,6.980310482608709,29.676437624352975,1.7806708250849517,0.5653440006811966,0.5600000000000023,0.000455613306843787,-8.973430972103745e-05,-0.4790797492294588
OUT_SP03_P_R02,OUT,SP03,+to-,6,226.592,227.15200000000002,48.100608498709576,46.70694983346125,0.0002524914735692914,6.235380800285736,25.103667251695043,1.6790279810304976,0.5621174726240071,0.5600000000000023,0.0004130148068469048,0.0001605233332776134,0.8860070251348785
OUT_SP03_P_R02,OUT,SP03,-to+,7,227.15200000000002,227.71200000000002,46.70694983346125,43.93841738019673,0.0004844669011556785,5.89191644120522,23.07880070078551,1.6303801163154321,0.5606517885487784,0.5600000000000023,0.00039331996101514614,-9.114694014053233e-05,-0.5208172382330915
OUT_SP03_P_R02,OUT,SP03,+to-,8,227.71200000000002,228.272,43.93841738019673,42.62717742919926,0.0002212498332672262,5.2353828754802825,19.363463177127873,1.5337401027998683,0.557887602505862,0.5599999999999739,0.0003555435410709888,0.00013429370780376258,0.7958759990159233
OUT_SP03_P_R02,OUT,SP03,-to+,9,228.272,228.832,42.62717742919926,40.06850600469682,0.0004159828821645097,4.936624043471075,17.743378017250773,1.4879691939426782,0.5566456913764747,0.5600000000000023,0.0003382824479594206,-7.770043420508908e-05,-0.47788832086594935
OUT_SP03_P_R02,OUT,SP03,+to-,10,228.832,229.382,40.06850600469682,38.6427528381348,0.00022251142330868238,4.376700959402172,14.832963336333723,1.3986547122741562,0.5543443514289959,0.5500000000000114,0.0003057770277826868,8.326560447400444e-05,0.5335147945981925
OUT_SP03_P_R02,OUT,SP03,-to+,11,229.382,229.942,38.6427528381348,36.34616364978611,0.00034402197688016613,4.078141287053559,13.351428448478154,1.3488865381196713,0.5531309523920251,0.5600000000000023,0.0002883429066816523,-5.5679070198513825e-05,-0.371672158090132
OUT_SP03_P_R02,OUT,SP03,+to-,12,229.942,230.49200000000002,36.34616364978611,35.00378432500933,0.0001926692074914072,3.6178211256265347,11.16878896951727,1.2687204523148936,0.551278426960863,0.5500000000000114,0.00026128652293104976,6.861731543964257e-05,0.47806476229494976
OUT_SP03_P_R02,OUT,SP03,-to+,13,230.49200000000002,231.042,35.00378432500933,32.907516969953285,0.0002881541426839291,3.3606902322944174,10.005913138161274,1.2218625742587874,0.5502531300815344,0.549999999999983,0.00024605998480267666,-4.209415788125246e-05,-0.30621002591414187
OUT_SP03_P_R02,OUT,SP03,+to-,14,231.042,231.592,32.907516969953285,31.443668329148096,0.00019184760946882925,2.977016144852805,8.350252848097316,1.1486890395631855,0.5487357021516466,0.5500000000000114,0.00022315206606596854,3.1304456597139286e-05,0.23885489130238238
OUT_SP03_P_R02,OUT,SP03,-to+,15,231.592,232.142,31.443668329148096,29.572919881911524,0.00023372827486150798,2.722157836777711,7.305862774026675,1.0975910824973967,0.5477358682519382,0.549999999999983,0.000207784800547539,-2.5943474313968993e-05,-0.20764093903440373
OUT_SP03_P_R02,OUT,SP03,+to-,16,232.142,232.68200000000002,29.572919881911524,28.15117396400091,0.00016890007372748065,2.412288630296056,6.099257939245845,1.0322896427356976,0.5465288344279509,0.5400000000000205,0.00018889981268011466,1.999973895263401e-05,0.168346982206827
OUT_SP03_P_R02,OUT,SP03,-to+,17,232.68200000000002,233.232,28.15117396400091,26.34659125918436,0.00020334236147832212,2.1887902708085645,5.274455091408288,0.9826613479470391,0.545664037606,0.549999999999983,0.00017511282473149154,-2.822953674683058e-05,-0.25051557297564286
OUT_SP03_P_R02,OUT,SP03,+to-,18,233.232,233.782,26.34659125918436,24.979256911504855,0.00014573639072614346,1.9201835323335203,4.336815266916496,0.9196695282998516,0.5446310489935531,0.5500000000000114,0.0001583155983470853,1.2579207620941845e-05,0.11801839206277541
OUT_SP03_P_R02,OUT,SP03,-to+,19,233.782,234.322,24.979256911504855,23.255845787411662,0.00017330901305651048,1.7279838991308472,3.7039914102280447,0.8719405556146191,0.5438961112772108,0.539999999999992,0.00014611040113774032,-2.7198611918770164e-05,-0.2704569280685002
OUT_SP03_P_R02,OUT,SP03,+to-,20,234.322,234.862,23.255845787411662,21.91721022469659,0.00012653531361175518,1.4997576991622235,2.9966305656642036,0.8117821586527735,0.5430279278266256,0.539999999999992,0.00013136618116150835,4.830867549753166e-06,0.05110529097835083
OUT_SP03_P_R02,OUT,SP03,-to+,21,234.862,235.412,21.91721022469659,20.338188207717184,0.00014007362918426903,1.3333561801532903,2.513021309513732,0.7650549625454434,0.5423979901212282,0.5500000000000114,0.00012040431107752735,-1.9669318106741677e-05,-0.22172127378170528
OUT_SP03_P_R02,OUT,SP03,+to-,22,235.412,235.952,20.338188207717184,18.9550499325707,0.00011444993250062467,1.1493755837384243,2.0121635829671085,0.7099366962298985,0.5417044837563584,0.539999999999992,0.00010802308834748858,-6.426844153136087e-06,-0.07766713444834722
OUT_SP03_P_R02,OUT,SP03,-to+,23,235.952,236.49200000000002,18.9550499325707,17.564715013049913,0.00010721289011037286,0.999224888918981,1.6316338918174123,0.6616560624065757,0.5411407992258351,0.5400000000000205,9.766409406418948e-05,-9.548796046183382e-06,-0.12382558521311081
OUT_SP03_P_R02,OUT,SP03,+to-,24,236.49200000000002,237.032,17.564715013049913,16.130648894537075,0.0001022912112261373,0.858710203713328,1.300304066678581,0.6131242183043994,0.5406151499432804,0.539999999999992,8.770668150664009e-05,-1.458452971949721e-05,-0.20446169070240766
OUT_SP03_P_R02,OUT,SP03,-to+,25,237.032,237.572,16.130648894537075,14.855839493161165,8.380887214063743e-05,0.724772967833068,1.0085976729638642,0.5630658673857111,0.5401157700523586,0.539999999999992,7.791202481498094e-05,-5.896847325656483e-06,-0.08969457717788169
OUT_SP03_P_R02,OUT,SP03,+to-,26,237.572,238.102,14.855839493161165,13.452089591253381,8.447879766386619e-05,0.6151280702351536,0.7888196567667383,0.5185666246069359,0.5397081652681849,0.5300000000000011,6.960863272025741e-05,-1.4870164943608778e-05,-0.24708531717277682
OUT_SP03_P_R02,OUT,SP03,-to+,27,238.102,238.642,13.452089591253381,12.265738341921859,6.497926386903025e-05,0.5046903553130709,0.5863838519594443,0.4695665092812594,0.5392987014048743,0.539999999999992,6.090212232131463e-05,-4.077141547715621e-06,-0.07443660140547836
OUT_SP03_P_R02,OUT,SP03,+to-,28,238.642,239.18200000000002,12.265738341921859,11.035211299714598,6.115703994166832e-05,0.4198010019672332,0.444936519169658,0.42815503850929293,0.5389847008510986,0.5400000000000205,5.38987036504502e-05,-7.258336291218123e-06,-0.14604054485357942
OUT_SP03_P_R02,OUT,SP03,-to+,29,239.18200000000002,239.71200000000002,11.035211299714598,9.98634005955288,4.709005387228212e-05,0.33995013470253344,0.32429383591196453,0.38520154166660503,0.5386899213020419,0.5300000000000011,4.697559397990034e-05,-1.1445989238178497e-07,-0.002549413369945574
OUT_SP03_P_R02,OUT,SP03,+to-,30,239.71200000000002,240.24200000000002,9.98634005955288,8.646660859244218,5.3375897260165936e-05,0.27849583522813504,0.2404959463879423,0.3485890285260087,0.5384634392085881,0.5300000000000011,4.134699428322747e-05,-1.2028902976938468e-05,-0.30190600741007145
OUT_SP03_P_R02,OUT,SP03,-to+,31,240.24200000000002,240.782,8.646660859244218,7.6443629401070785,3.495124790092972e-05,0.20886948789450455,0.15623001342219708,0.30182540259426716,0.5382072426104367,0.539999999999992,3.4520015099052334e-05,-4.3123280187738815e-07,-0.012366317507080928
OUT_SP03_P_R02,OUT,SP03,+to-,32,240.782,241.302,7.6443629401070785,6.275706118629099,4.081726916342639e-05,0.16329516695066737,0.10800882204614083,0.2668386050446052,0.5380397786439275,0.5199999999999818,2.967621735415328e-05,-1.114105180927311e-05,-0.3735652662323077
OUT_SP03_P_R02,OUT,SP03,-to+,33,241.302,241.822,6.275706118629099,5.524134524663292,1.9013521008553614e-05,0.11008984682233915,0.059796433175497654,0.21906346931526324,0.5378445050225087,0.5200000000000102,2.3423882149893842e-05,4.410361141340228e-06,0.17433269655944153
OUT_SP03_P_R02,OUT,SP03,+to-,34,241.822,242.342,5.524134524663292,4.322360729035882,2.538334311560243e-05,0.08531230791830073,0.040794121271944185,0.19282867155693267,0.537753651394442,0.5200000000000102,2.016705682096603e-05,-5.2162862946364e-06,-0.24696042745136923
IN_SP04_P_R01,IN,SP04,-to+,1,6.829,7.469,57.74216719127842,55.23320021856403,0.00046487738392079396,7.931534634933161,33.885863129928836,2.0155818694497096,0.639180614138077,0.6400000000000006,0.0002738103066343006,-0.00019106707728649335,-1.0311163817022821
IN_SP04_P_R01,IN,SP04,+to-,2,7.469,8.109,55.23320021856403,54.892361631847606,6.209817604575e-05,7.291058418993889,29.922559186020454,1.9280024004543879,0.6355510033579461,0.6399999999999997,0.0002588600664581395,0.00019676189041238954,1.0799664343340982
IN_SP04_P_R01,IN,SP04,-to+,3,8.109,8.749,54.892361631847606,52.57436149233867,0.00041533570535430634,7.205778430895986,29.40655110921255,1.9161048893422963,0.6350732846941146,0.6400000000000006,0.0002568565562637195,-0.00015847914909058683,-0.8844162269079247
IN_SP04_P_R01,IN,SP04,+to-,4,8.749,9.389,52.57436149233867,52.18362975347613,6.878164551132014e-05,6.637029409187068,26.03827099189521,1.8351914203500586,0.6319199079903378,0.6399999999999988,0.00024340377636552702,0.00017462213085420687,0.9919837786806702
IN_SP04_P_R01,IN,SP04,-to+,5,9.389,10.019,52.18362975347613,49.98090522402813,0.00038086726548755345,6.5431136239861445,25.4945830142285,1.8215523096796709,0.6314045801285616,0.6300000000000008,0.0002411656361611358,-0.00013970162932641763,-0.8079068043967392
IN_SP04_P_R01,IN,SP04,+to-,6,10.019,10.649000000000001,49.98090522402813,49.60194109962104,6.432105283943074e-05,6.024446571379442,22.55821260917456,1.7446627185730497,0.6285854363197432,0.6300000000000008,0.0002287059213987773,0.00016438486855934655,0.9685142185355272
IN_SP04_P_R01,IN,SP04,-to+,7,10.649000000000001,11.279,49.60194109962104,47.568384588332435,0.0003389169099121703,5.93708186068541,22.07490035449264,1.7314343751373675,0.6281149921646035,0.629999999999999,0.0002265891148472553,-0.00011232779506491498,-0.673949641064851
IN_SP04_P_R01,IN,SP04,+to-,8,11.279,11.909,47.568384588332435,47.067695654006265,8.180182909475475e-05,5.477817880232754,19.58969142266479,1.6604498618426569,0.6256624495197503,0.6300000000000008,0.00021536285363474837,0.0001335610245399936,0.8174916747758919
IN_SP04_P_R01,IN,SP04,-to+,9,11.909,12.529,47.067695654006265,45.0594905308315,0.0003213795890523993,5.367236768593681,19.005558839981457,1.6429725209780701,0.6250770154340097,0.6199999999999992,0.00021263281877277132,-0.00010874677027962798,-0.679491325214069
IN_SP04_P_R01,IN,SP04,+to-,10,12.529,13.159,45.0594905308315,44.742381904238776,4.97477798085156e-05,4.9337863418023655,16.771225486265696,1.5728729380684345,0.6228009427517586,0.6300000000000008,0.00020181600968865787,0.00015206822988014226,0.9693314186968287
IN_SP04_P_R01,IN,SP04,-to+,11,13.159,13.779,44.742381904238776,42.80861315046042,0.0002973168336488476,4.8668314286999586,16.434132976794157,1.5618037588273939,0.6224519834874878,0.6199999999999992,0.00020012723555875778,-9.718959809008982e-05,-0.6320977038271457
IN_SP04_P_R01,IN,SP04,+to-,12,13.779,14.399000000000001,42.80861315046042,42.391653369721936,6.2724439762278e-05,4.467454461700551,14.469753060109772,1.494302495376154,0.620384840287161,0.620000000000001,0.00018994071499109242,0.0001272162752288144,0.8456664320578292
IN_SP04_P_R01,IN,SP04,-to+,13,14.399000000000001,15.029,42.391653369721936,40.68503476097473,0.0002515050290836864,4.38336766025034,14.066507926669201,1.4797478533315938,0.6199527151003189,0.629999999999999,0.00018776919238546665,-6.373583669821978e-05,-0.4324714474720047
IN_SP04_P_R01,IN,SP04,+to-,14,15.029,15.639000000000001,40.68503476097473,40.0821835109166,8.680622777663696e-05,4.0467920356244536,12.489752164831442,1.4201756257347065,0.618233682471926,0.6100000000000012,0.00017897150000938168,9.216527223274472e-05,0.6400657499493076
IN_SP04_P_R01,IN,SP04,-to+,15,15.639000000000001,16.259,40.0821835109166,38.54556561424622,0.00021636133988104763,3.930840117978365,11.960720971901587,1.3991321473081504,0.6176453734797636,0.6199999999999992,0.00017589802733633894,-4.0463312544708696e-05,-0.28736551031128266
IN_SP04_P_R01,IN,SP04,+to-,16,16.259,16.879,38.54556561424622,37.93480340866818,8.401670676811111e-05,3.6423126235545227,10.676941525606457,1.3454940640242141,0.6161900350587215,0.620000000000001,0.00016814326792616587,8.412656115805476e-05,0.6115579001472371
IN_SP04_P_R01,IN,SP04,-to+,17,16.879,17.499,37.93480340866818,36.442091224307134,0.0002005161239830674,3.5304554897025486,10.192086350855352,1.3241744411560556,0.6156290852222602,0.6199999999999974,0.00016509211347878004,-3.542401050428737e-05,-0.2637012705982995
IN_SP04_P_R01,IN,SP04,+to-,18,17.499,18.109,36.442091224307134,35.792157345726395,8.514089940725134e-05,3.2639048682775575,9.066637377455145,1.2720689563525818,0.61429962168794,0.610000000000003,0.00015770802247013632,7.256712306288498e-05,0.5539473885310162
IN_SP04_P_R01,IN,SP04,-to+,19,18.109,18.719,35.792157345726395,34.414830671037976,0.00017602298556203486,3.150898903748995,8.602570999391864,1.2493819841496,0.613739045104374,0.6099999999999994,0.0001545247702239822,-2.149821533805265e-05,-0.16821298881888858
IN_SP04_P_R01,IN,SP04,+to-,20,18.719,19.339,34.414830671037976,33.76776998610726,8.060500016288925e-05,2.917592785153441,7.669989334593126,1.2013042134518843,0.6125874082875606,0.6199999999999974,0.00014784121827832213,6.723621811543288e-05,0.5397392477089347
IN_SP04_P_R01,IN,SP04,-to+,21,19.339,19.949,33.76776998610726,32.49601687476751,0.0001544797770123798,2.8109023881138033,7.255287846128249,1.178717534627383,0.6120633060049081,0.610000000000003,0.0001447300252163817,-9.7497517959981e-06,-0.08026307966585144
IN_SP04_P_R01,IN,SP04,+to-,22,19.949,20.559,32.49601687476751,31.772024826776427,8.55845752837252e-05,2.606684270477001,6.482814126669954,1.1343249764966619,0.611064513774482,0.6099999999999994,0.00013866739212637944,5.3082816842654244e-05,0.4490444857724202
IN_SP04_P_R01,IN,SP04,-to+,23,20.559,21.169,31.772024826776427,30.5992006211054,0.00013496806188045165,2.4936869621482813,6.067768772474248,1.1090528865052593,0.6105143321497718,0.6099999999999994,0.0001352463049135393,2.7824303308764575e-07,0.002417790271869209
IN_SP04_P_R01,IN,SP04,+to-,24,21.169,21.779,30.5992006211054,29.802923238845118,8.90211726099306e-05,2.3156948839624025,5.432511123324609,1.0681135986331662,0.6096512264407379,0.6099999999999994,0.0001297498050643456,4.072863245441502e-05,0.36430690459459203
IN_SP04_P_R01,IN,SP04,-to+,25,21.779,22.389,29.802923238845118,28.779700469970727,0.00011125738106648241,2.198433746369682,5.026762653145676,1.0403182744739594,0.6090849584798097,0.6099999999999994,0.0001260493289501248,1.4791947883642387e-05,0.13603822591421902
IN_SP04_P_R01,IN,SP04,+to-,26,22.389,22.999,28.779700469970727,27.891971170334607,9.364246748462643e-05,2.0520352830834,4.534919665431748,1.0046010618774972,0.6083805785541517,0.6099999999999994,0.00012133040027356874,2.7687932788942314e-05,0.26247859535283075
IN_SP04_P_R01,IN,SP04,-to+,27,22.999,23.599,27.891971170334607,26.9058298020136,0.00010085502441793275,1.9289464603453634,4.1344588426649045,0.97361346358735,0.607790566274015,0.6000000000000014,0.00011726851993194291,1.641349551401016e-05,0.1604860762725967
IN_SP04_P_R01,IN,SP04,+to-,28,23.599,24.209,26.9058298020136,25.975007502237975,9.211192138006202e-05,1.7965103306933088,3.717404633882897,0.9391906360527027,0.6071579939615059,0.6099999999999994,0.00011279041948623257,2.067849810617055e-05,0.20896095970747675
IN_SP04_P_R01,IN,SP04,-to+,29,24.209,24.819,25.975007502237975,24.985947254725886,9.456375599293127e-05,1.6756752907916115,3.349830981594817,0.9066988082885621,0.6065828510155773,0.6099999999999994,0.00010859549463181152,1.4031738638880246e-05,0.14675879179144377
IN_SP04_P_R01,IN,SP04,+to-,30,24.819,25.419,24.985947254725886,23.996318490164636,9.117583440332215e-05,1.5517427361454392,2.9861657847382026,0.8721740926492101,0.6059949517628176,0.6000000000000014,0.000104171085457023,1.2995251053700852e-05,0.14104959354907634
IN_SP04_P_R01,IN,SP04,-to+,31,25.419,26.029,23.996318490164636,23.073410906110514,8.190187883157084e-05,1.4323638444482896,2.6491403721173454,0.8376295320211349,0.6054305447239279,0.6099999999999994,9.977703877601004e-05,1.787515994443919e-05,0.20142324653475685
IN_SP04_P_R01,IN,SP04,+to-,32,26.029,26.629,23.073410906110514,22.043232908703043,8.783046721309523e-05,1.3252222399964848,2.358218322609764,0.8054139799543933,0.6049255646334553,0.6000000000000014,9.570789604105076e-05,7.877428827955533e-06,0.09239441393637836
IN_SP04_P_R01,IN,SP04,-to+,33,26.629,27.229,22.043232908703043,21.238153330485044,6.598445831164403e-05,1.2104241805917537,2.0591695005825876,0.7694539840816694,0.6043861376410192,0.5999999999999979,9.119727523668643e-05,2.52128169250424e-05,0.30762027224306226
IN_SP04_P_R01,IN,SP04,+to-,34,27.229,27.829,21.238153330485044,20.20012504940943,8.16166709430484e-05,1.1242470188371927,1.8436537147596677,0.7413514053207269,0.6039823067505187,0.6000000000000014,8.769453784884103e-05,6.077866905792624e-06,0.07729929905103042
IN_SP04_P_R01,IN,SP04,-to+,35,27.829,28.439,20.20012504940943,19.441838001069584,5.714380613714383e-05,1.0177333880184347,1.5884094428780353,0.7051173828535535,0.6034844852545626,0.6099999999999994,8.320602406771699e-05,2.606221793057316e-05,0.3458379728958115
IN_SP04_P_R01,IN,SP04,+to-,36,28.439,29.039,19.441838001069584,18.369117137363993,7.72448127123002e-05,0.9432102035138218,1.417461555054818,0.6786481715160342,0.6031370355931192,0.6000000000000014,7.994614155333039e-05,2.7013288410301846e-06,0.037513580297282814
IN_SP04_P_R01,IN,SP04,-to+,37,29.039,29.639,18.369117137363993,17.660734776088184,4.868876635522751e-05,0.8425407213720658,1.1970228727002559,0.6412031494630344,0.6026687970376435,0.5999999999999979,7.536072691588024e-05,2.667196056065273e-05,0.3880530865479088
IN_SP04_P_R01,IN,SP04,+to-,38,29.639,30.239,17.660734776088184,16.542899531409866,7.305601249087525e-05,0.7791270918627387,1.064639349516109,0.6164759403284047,0.6023744987130502,0.6000000000000014,7.234886071163371e-05,-7.071517792415377e-07,-0.010820008078730932
IN_SP04_P_R01,IN,SP04,-to+,39,30.239,30.839000000000002,16.542899531409866,15.89072450910297,4.047845723488079e-05,0.6840348904644998,0.8760284508540888,0.5774561292994584,0.6019341257369093,0.6000000000000014,6.762097175390504e-05,2.7142514519024248e-05,0.437308525548954
IN_SP04_P_R01,IN,SP04,+to-,40,30.839000000000002,31.439,15.89072450910297,14.738374701000406,6.764074304980355e-05,0.6313766542605195,0.7769532469036697,0.5546909264224129,0.6016907501866017,0.5999999999999979,6.487603385200957e-05,-2.764709197793986e-06,-0.04709969574057392
IN_SP04_P_R01,IN,SP04,-to+,41,31.439,32.039,14.738374701000406,14.123954963684094,3.403091226515017e-05,0.5434305888208385,0.6205552654327536,0.5144663298501838,0.6012850498414773,0.6000000000000014,6.0048782602612663e-05,2.601787033746249e-05,0.4697439885541634
IN_SP04_P_R01,IN,SP04,+to-,42,32.039,32.639,14.123954963684094,12.907893126351501,6.31638514797291e-05,0.49920621920119745,0.5464314497268888,0.4930190350393671,0.6010814023056276,0.6000000000000014,5.7486303527718196e-05,-5.6775479520109e-06,-0.10930492113948098
IN_SP04_P_R01,IN,SP04,-to+,43,32.639,33.239,12.907893126351501,12.33305377960206,2.791344874179735e-05,0.4171622281143339,0.4175114335795051,0.45057046910075627,0.6007042397243131,0.5999999999999943,5.2436433879153956e-05,2.4522985137356605e-05,0.505015262148317
IN_SP04_P_R01,IN,SP04,+to-,44,33.239,33.839,12.33305377960206,11.068466359093083,5.699568705491212e-05,0.3809216369760634,0.3643396060990335,0.43050479055917407,0.6005379028133526,0.6000000000000014,5.0058853877429816e-05,-6.9368331774823046e-06,-0.15390732834254212
IN_SP04_P_R01,IN,SP04,-to+,45,33.839,34.429,11.068466359093083,10.53005278451103,2.2420466850664737e-05,0.30695412781843656,0.2636020757401958,0.38636236222480663,0.6001989073078156,0.5900000000000034,4.4848319981253044e-05,2.2427853130588307e-05,0.5385889698205429
IN_SP04_P_R01,IN,SP04,+to-,46,34.429,35.029,10.53005278451103,9.192194679805215,5.092032341430481e-05,0.27786887085583417,0.22705555003911335,0.36756818299702887,0.6000657921443076,0.6000000000000014,4.263764618457756e-05,-8.282677229727253e-06,-0.21761046245824636
IN_SP04_P_R01,IN,SP04,-to+,47,35.029,35.629,9.192194679805215,8.661892309642981,1.8288659516598738e-05,0.2118357281120846,0.1511636882874092,0.32086812529381387,0.5997639602467578,0.5999999999999943,3.716281605523117e-05,1.887415653863243e-05,0.5472776292008429
IN_SP04_P_R01,IN,SP04,+to-,48,35.629,36.219,8.661892309642981,7.247185107639862,4.350961605932046e-05,0.18812721771386293,0.1265183509087511,0.3023570805128924,0.5996557203130662,0.5900000000000034,3.4999357284116126e-05,-8.510258775204334e-06,-0.2767024772633248
IN_SP04_P_R01,IN,SP04,-to+,49,36.219,36.819,7.247185107639862,6.738618859790625,1.3760542678444934e-05,0.13174069735931937,0.07415170814121445,0.2529744832596305,0.5993985652402536,0.6000000000000014,2.924421766562762e-05,1.5483674987182688e-05,0.5722484080175622
IN_SP04_P_R01,IN,SP04,+to-,50,36.819,37.399,6.738618859790625,5.204940162386216,3.5460866448537215e-05,0.11391267974517924,0.059623835942855884,0.23522217228066505,0.5993173395000441,0.5799999999999983,2.7180596925224925e-05,-8.28026952331229e-06,-0.35811008357344165
IN_SP04_P_R01,IN,SP04,-to+,51,37.399,37.999,5.204940162386216,4.675364730471662,1.0135359332381631e-05,0.0679810743835769,0.02749140043073359,0.18168668640585559,0.5991082491866289,0.6000000000000014,2.0971668110431402e-05,1.0836308778049771e-05,0.5661982260466967
IN_SP04_N_R01,IN,SP04,+to-,1,52.93,53.57,58.35441422235402,58.11578082130073,4.5091349919793125e-05,8.091167635158518,34.8972505978233,2.036953322505368,0.6400969540848366,0.6400000000000006,0.00027751274723380684,0.0002324213973140137,1.2300245729916515
IN_SP04_N_R01,IN,SP04,-to+,2,53.57,54.21,58.11578082130073,55.37185501825246,0.0005099040143445138,8.028794367193015,34.50097529228548,2.028623445398144,0.6397383498598428,0.6400000000000006,0.0002760671224406198,-0.00023383689190389402,-1.258216741067787
IN_SP04_N_R01,IN,SP04,+to-,3,54.21,54.85,55.37185501825246,55.16356880551296,3.804276012509923e-05,7.325870319736843,30.13400207599508,1.9328423660109006,0.6357463831173812,0.6400000000000006,0.00025967697723312,0.0002216342171080208,1.2134589110757323
IN_SP04_N_R01,IN,SP04,-to+,4,54.85,55.49,55.16356880551296,52.71764242989681,0.00043941410033944715,7.273602194433319,29.816707658954765,1.9255718056132733,0.6354531125219438,0.6400000000000006,0.00025845022868569746,-0.0001809638716537497,-1.0072291657626053
IN_SP04_N_R01,IN,SP04,+to-,5,55.49,56.120000000000005,52.71764242989681,52.33906976609006,6.677491532661112e-05,6.671610912369405,26.23937441191697,1.8401928685815265,0.6321100412566008,0.6300000000000026,0.0002442266248014175,0.00017745170947480634,1.0060401248635948
IN_SP04_N_R01,IN,SP04,-to+,6,56.120000000000005,56.76,52.33906976609006,50.09915230160672,0.0003880431412465122,6.580406676296529,25.710043740502435,1.82697818969858,0.631609031514097,0.6399999999999935,0.0002420549932356019,-0.00014598814801091028,-0.8426397591283649
IN_SP04_N_R01,IN,SP04,+to-,7,56.76,57.39,50.09915230160672,49.732655879429444,6.231902993694043e-05,6.051819965095728,22.71032632978505,1.748790320242265,0.6287330968558856,0.6300000000000026,0.00022936802450319654,0.0001670489945662561,0.9824086562937066
IN_SP04_N_R01,IN,SP04,-to+,8,57.39,58.02,49.732655879429444,47.675936526343975,0.0003434048054984175,5.967153677767993,22.240886819266574,1.7359971817147197,0.6282767817036553,0.6300000000000026,0.000227318374233635,-0.00011608643126478248,-0.6952272866233763
IN_SP04_N_R01,IN,SP04,+to-,9,58.02,58.65,47.675936526343975,47.131601460774775,8.905523117395084e-05,5.50170118398485,19.716590054895494,1.6642041327130612,0.6257891486792743,0.6299999999999955,0.0002159510298936229,0.00012689579871967208,0.7756262292048282
IN_SP04_N_R01,IN,SP04,-to+,10,58.65,59.27,47.131601460774775,45.315146092006174,0.00029147593926416766,5.381295458272755,19.079509248242488,1.6452032544565778,0.6251513359791767,0.6200000000000045,0.0002129805263632332,-7.849541290093446e-05,-0.48915681828756163
IN_SP04_N_R01,IN,SP04,+to-,11,59.27,59.9,45.315146092006174,44.728306579589876,9.225724061627705e-05,4.988063579986859,17.046093719167853,1.581797000655498,0.6230843397169763,0.6299999999999955,0.0002031813143389496,0.00011092407372267255,0.7055743741592067
IN_SP04_N_R01,IN,SP04,-to+,12,59.9,60.52,44.728306579589876,42.9953996204195,0.00026685564493126874,4.863869032387678,16.41926914338017,1.561312437310573,0.6224365599852689,0.6200000000000045,0.00020005239760505447,-6.680324732621427e-05,-0.4337903361536259
IN_SP04_N_R01,IN,SP04,+to-,13,60.52,61.14,42.9953996204195,42.3468799046108,9.768975690236849e-05,4.505357560909468,14.652715010139927,1.5008225731740807,0.6205799761464822,0.6199999999999974,0.00019091633963287544,9.322658273050695e-05,0.6188873441371391
IN_SP04_N_R01,IN,SP04,-to+,14,61.14,61.77,42.3468799046108,40.738320632207994,0.00023707484228977166,4.37438143785972,14.023631055232988,1.4781849645641614,0.6199065978076764,0.6300000000000026,0.00018753653213451487,-4.9538310155256796e-05,-0.33610774742184685
IN_SP04_N_R01,IN,SP04,+to-,15,61.77,62.38,40.738320632207994,40.044381859189016,9.993789675224507e-05,4.057115222388019,12.537209036096714,1.4220356535303347,0.6182861560277346,0.6099999999999994,0.00017924401642361123,7.930611967136616e-05,0.5506745368824516
IN_SP04_N_R01,IN,SP04,-to+,16,62.38,63.0,40.044381859189016,38.5202672685896,0.00021445659643995875,3.9236208987729153,11.928028496269818,1.3978126207374733,0.6176088107416081,0.6199999999999974,0.0001757058945839383,-3.875070185602045e-05,-0.2753879795780932
IN_SP04_N_R01,IN,SP04,+to-,17,63.0,63.620000000000005,38.5202672685896,37.88427828834173,8.741340110045439e-05,3.637647359885143,10.65657396421787,1.3446109851701828,0.6161666031233239,0.6200000000000045,0.00016801653767363418,8.06031365731798e-05,0.5864368942778941
IN_SP04_N_R01,IN,SP04,-to+,18,63.620000000000005,64.24,37.88427828834173,36.39432649158298,0.00019991900294655688,3.521274535828732,10.152616014585755,1.3224107817467299,0.6155831241580938,0.6199999999999903,0.0001648404909938689,-3.507851195268797e-05,-0.2614249696010793
IN_SP04_N_R01,IN,SP04,+to-,19,64.24,64.85,36.39432649158298,35.74670504615423,8.474336589900518e-05,3.2555365919549484,9.032001479134998,1.2704016526478388,0.6142580479369188,0.6099999999999994,0.0001574734292719786,7.273006337297342e-05,0.5558110364144165
IN_SP04_N_R01,IN,SP04,-to+,20,64.85,65.47,35.74670504615423,34.35822673979262,0.0001772231949448256,3.1430656267858774,8.57069800267347,1.2477953995893258,0.6137002544464625,0.6200000000000045,0.000154302865465005,-2.29203294798206e-05,-0.17956792592779366
IN_SP04_N_R01,IN,SP04,+to-,21,65.47,66.08,34.35822673979262,33.63195005144394,9.024830159790645e-05,2.908185013505221,7.633120374465448,1.1993283635122765,0.6125411300857573,0.6099999999999994,0.00014756833071081702,5.732002911291057e-05,0.46128205707255804
IN_SP04_N_R01,IN,SP04,-to+,22,66.08,66.69,33.63195005144394,32.38762788318455,0.00015065400879383988,2.788745668668146,7.170112552307815,1.1739765245279459,0.6119546626372946,0.6099999999999994,0.0001440792706891514,-6.574738104688475e-06,-0.05430278068859939
IN_SP04_N_R01,IN,SP04,+to-,23,66.69,67.3,32.38762788318455,31.567917633056666,9.647838360930358e-05,2.5896163440561146,6.419548730109139,1.1305414869445836,0.6109812981327138,0.6099999999999994,0.00013815383694941832,4.167545334011474e-05,0.35408454890245716
IN_SP04_N_R01,IN,SP04,-to+,24,67.3,67.91,31.567917633056666,30.401702844528955,0.0001334295728708421,2.462260552485002,5.953943262223595,1.101928201390428,0.6103616280737022,0.6099999999999994,0.00013428573697314347,8.561641023013616e-07,0.007483003805909032
IN_SP04_N_R01,IN,SP04,+to-,25,67.91,68.52,30.401702844528955,29.506279209681946,9.93625955998724e-05,2.286339877388126,5.329970418583338,1.061219625699912,0.6095092934034544,0.6099999999999994,0.00012882965545881565,2.946705985894325e-05,0.2655449284036803
IN_SP04_N_R01,IN,SP04,-to+,26,68.52,69.13,29.506279209681946,28.30363660539902,0.0001291906357328255,2.1554942050073294,4.8807851090202305,1.0299634444434005,0.6088780617328484,0.6099999999999994,0.00012467710674106056,-4.513528991764932e-06,-0.04201591379061681
IN_SP04_N_R01,IN,SP04,+to-,27,69.13,69.73,28.30363660539902,27.414551725841722,9.233510862358733e-05,1.9855716361034805,4.317174447179487,0.9879832981044079,0.6080617421165926,0.6000000000000085,0.00011914846595141073,2.6813357327823406e-05,0.2581803579016954
IN_SP04_N_R01,IN,SP04,-to+,28,69.73,70.34,27.414551725841722,26.27095273335777,0.00011476236115557746,1.8642639569452664,3.928946902146356,0.9569483811484638,0.6074813247891871,0.6099999999999994,0.00011509612549472931,3.337643391518514e-07,0.0033258833499225588
IN_SP04_N_R01,IN,SP04,+to-,29,70.34,70.95,26.27095273335777,25.33679547991073,9.037102934460355e-05,1.7136529532852158,3.4639972701161135,0.917029245665794,0.6067634079921522,0.6099999999999994,0.00010992591819589633,1.9554888851292776e-05,0.20213489947629643
IN_SP04_N_R01,IN,SP04,-to+,30,70.95,71.55,25.33679547991073,24.334161631266298,9.359100142228836e-05,1.595177524285517,3.1120505637698126,0.8844210060577181,0.6062007652546855,0.5999999999999943,0.00010573673002449979,1.2145728602211428e-05,0.13011468035286639
IN_SP04_N_R01,IN,SP04,+to-,31,71.55,72.16,24.334161631266298,23.3033105214437,9.25204245660303e-05,1.4725963547967729,2.761233709091326,0.8494224823561424,0.6056205519239096,0.6099999999999994,0.00010127346497224383,8.753040406213534e-06,0.09752397657028437
IN_SP04_N_R01,IN,SP04,-to+,32,72.16,72.76,23.3033105214437,22.393809509277368,7.84866473740054e-05,1.3515325063959258,2.4286210719137227,0.8134389904276584,0.6050494330734895,0.6000000000000085,9.671900092795198e-05,1.8232353553946574e-05,0.21127377035504907
IN_SP04_N_R01,IN,SP04,+to-,33,72.76,73.37,22.393809509277368,21.298473031180258,9.05841092200534e-05,1.2489213635235454,2.157958961018673,0.7816914160026114,0.6045668444169783,0.6099999999999994,9.272861936379368e-05,2.1445101437402784e-06,0.025930866228770125
IN_SP04_N_R01,IN,SP04,-to+,34,73.37,73.97,21.298473031180258,20.519810413178966,6.176040880472658e-05,1.1305959296598491,1.8592612746323707,0.7434569600826249,0.6040120257530044,0.5999999999999943,8.795631511020905e-05,2.6195906305482474e-05,0.3302700938496119
IN_SP04_N_R01,IN,SP04,+to-,35,73.97,74.57000000000001,20.519810413178966,19.449390720185793,8.130401877677767e-05,1.0499836198000052,1.6643608021928953,0.7162765071899819,0.6036350636768573,0.6000000000000085,8.458511148159699e-05,3.2810927048193236e-06,0.04319706727869612
IN_SP04_N_R01,IN,SP04,-to+,36,74.57000000000001,75.17,19.449390720185793,18.753137370518296,5.0636389799521384e-05,0.9439387622062936,1.41910141349026,0.6789118111481465,0.6031404289556309,0.5999999999999943,7.997853376203645e-05,2.934214396251507e-05,0.40345372963748516
IN_SP04_N_R01,IN,SP04,+to-,37,75.17,75.77,18.753137370518296,17.606067058018287,7.953644531980738e-05,0.8779375724647251,1.2731226389364345,0.6546079843886721,0.6028332910330283,0.5999999999999943,7.699879686271736e-05,-2.5376484570900193e-06,-0.03659721760322253
IN_SP04_N_R01,IN,SP04,-to+,38,75.77,76.37,17.606067058018287,16.956147293817445,4.290767971213827e-05,0.7743348364751056,1.0548454608165723,0.6145676769786612,0.6023522786726073,0.6000000000000085,7.211694493004056e-05,2.9209265217902284e-05,0.4424284210867259
IN_SP04_N_R01,IN,SP04,+to-,39,76.37,76.97,16.956147293817445,15.764629536583316,7.458976957095929e-05,0.7184783668024595,0.942933939005933,0.5918811974604815,0.6020935033501046,0.5999999999999943,6.936534720894867e-05,-5.224422362010617e-06,-0.08345487431227143
IN_SP04_N_R01,IN,SP04,-to+,40,76.97,77.58,15.764629536583316,15.157456861223507,3.5972963716761016e-05,0.6214357499751989,0.7586963945884466,0.5502893815410534,0.6016448440832912,0.6099999999999994,6.434641467135063e-05,2.837345095458961e-05,0.4789014230358282
IN_SP04_N_R01,IN,SP04,+to-,41,77.58,78.17,15.157456861223507,13.885091182163793,7.090210028859943e-05,0.5746601126962804,0.6747527064807942,0.5290950569147108,0.601429003609859,0.5900000000000034,6.180105329393722e-05,-9.10104699466221e-06,-0.1633184609776125
IN_SP04_N_R01,IN,SP04,-to+,42,78.17,78.77,13.885091182163793,13.363125174386171,2.7324937301461463e-05,0.4825152019519441,0.5192799850389033,0.48468111613677983,0.6010046051434218,0.5999999999999943,5.64921467584208e-05,2.9167209456959336e-05,0.5571555046731856
IN_SP04_N_R01,IN,SP04,+to-,43,78.77,79.37,13.363125174386171,12.084102712358755,6.260586158941714e-05,0.44702085282712445,0.46309271212574765,0.46646106529836023,0.6008414061073788,0.6000000000000085,5.432356526619514e-05,-8.282296323221995e-06,-0.1692017778299272
IN_SP04_N_R01,IN,SP04,-to+,44,79.37,79.97,12.084102712358755,11.524959891183045,2.5421649258311362e-05,0.36573384695228717,0.3427821940625008,0.4218147589596751,0.6004682419383207,0.5999999999999943,4.9030974882864387e-05,2.3609325624553024e-05,0.5192791552623459
IN_SP04_N_R01,IN,SP04,+to-,45,79.97,80.57000000000001,11.524959891183045,10.204236339387448,5.5324940760027856e-05,0.33274096244960005,0.2974871075954566,0.40229699252286305,0.6003170130728185,0.6000000000000085,4.672619114308489e-05,-8.59874961694297e-06,-0.20526582680826655
IN_SP04_N_R01,IN,SP04,-to+,46,80.57000000000001,81.16,10.204236339387448,9.67318767365956,2.0370115489342427e-05,0.2609674941685686,0.20666715418897053,0.35619504354792897,0.5999884867201636,0.5899999999999892,4.130199265262147e-05,2.093187716327904e-05,0.5456918325458815
IN_SP04_N_R01,IN,SP04,+to-,47,81.16,81.76,9.67318767365956,8.292378053211035,4.791421254058078e-05,0.23455107672056216,0.17610777998980334,0.3376579481373802,0.5998677301708635,0.6000000000000085,3.912828356039495e-05,-8.785928980185832e-06,-0.2531900460251138
IN_SP04_N_R01,IN,SP04,-to+,48,81.76,82.35000000000001,8.292378053211035,7.740379206339526,1.710833032783846e-05,0.17243580843730794,0.11102873584268577,0.2894585996973002,0.5995841196353593,0.5900000000000034,3.349392394574086e-05,1.63855936179024e-05,0.5286777627668017
IN_SP04_N_R01,IN,SP04,+to-,49,82.35000000000001,82.95,7.740379206339526,6.260875874473939,4.0074718481490594e-05,0.15026393737028448,0.09032375279314366,0.27019020500706054,0.599482999308939,0.5999999999999943,3.124801576081503e-05,-8.82670272067556e-06,-0.3258606364218797
IN_SP04_N_R01,IN,SP04,-to+,50,82.95,83.54,6.260875874473939,5.710951768784302,1.2745356276247078e-05,0.0983429608349938,0.04782937493117402,0.21854579613649888,0.5992464342483963,0.5900000000000034,2.5244319334399392e-05,1.2498963058152314e-05,0.5392909032716712
IN_SP04_N_R01,IN,SP04,+to-,51,83.54,84.21000000000001,5.710951768784302,4.172100761958533,2.94589216032117e-05,0.0818343158822258,0.03630797479412349,0.19934982357575998,0.5991712851525894,0.6700000000000017,2.301801255018206e-05,-6.440909053029639e-06,-0.3364448166343921
OUT_SP04_N_R01,OUT,SP04,+to-,1,100.81,101.47,50.77425612722128,49.45268747920086,0.0002096273478667811,5.985789248224706,21.924156878182842,1.7723558893418323,0.6530748695015842,0.6599999999999966,0.0004078876183185476,0.00019826027045176647,1.2498786632133674
OUT_SP04_N_R01,OUT,SP04,-to+,2,101.47,102.12,49.45268747920086,45.939639965693196,0.0005370296999996926,5.690504018950254,20.340136662797363,1.7262244409436596,0.6513599774730463,0.6500000000000057,0.00039077008938542395,-0.00014625961061426866,-0.9566258239452697
OUT_SP04_N_R01,OUT,SP04,+to-,3,102.12,102.76,45.939639965693196,44.36549349058246,0.00023070842730277816,4.937532831221217,16.47673048285017,1.6035959491642422,0.6470587640680824,0.6400000000000006,0.0003468984961925838,0.00011619006888980565,0.7927514273904619
OUT_SP04_N_R01,OUT,SP04,-to+,4,102.76,103.41,44.36549349058246,41.24939592679345,0.00043768736465600415,4.6155734549020435,14.90593272581091,1.5486478713655516,0.645250255807104,0.6499999999999915,0.0003280187555266562,-0.00010966860912934798,-0.7806850225352228
OUT_SP04_N_R01,OUT,SP04,+to-,5,103.41,104.05,41.24939592679345,39.784207196462745,0.00019677450663610697,4.007221311044938,12.079895540817672,1.439875546762567,0.641881525524938,0.6400000000000006,0.0002920854634887404,9.531095685263346e-05,0.7096688344820836
OUT_SP04_N_R01,OUT,SP04,-to+,6,104.05,104.69,39.784207196462745,37.060912643160165,0.00034983072394734313,3.734749588363683,10.877678058284753,1.388730811747795,0.640392829381972,0.6400000000000006,0.00027585659898126904,-7.397412496607409e-05,-0.5758052547873094
OUT_SP04_N_R01,OUT,SP04,+to-,7,104.69,105.33,37.060912643160165,35.48081723848981,0.00019323853544042305,3.2518922484066297,8.850285638986216,1.2936698988342785,0.6377844451262282,0.6400000000000006,0.00024683531372983805,5.3596778289415005e-05,0.43824250284354593
OUT_SP04_N_R01,OUT,SP04,-to+,8,105.33,105.97,35.48081723848981,33.030264093762376,0.0002851308454233247,2.9860123350752934,7.793344526920496,1.2385141642200188,0.6363641254515637,0.6400000000000006,0.00023068147890297925,-5.444936652034544e-05,-0.46792866695243146
OUT_SP04_N_R01,OUT,SP04,+to-,9,105.97,106.60000000000001,33.030264093762376,31.580439874104123,0.00016017298307251742,2.5947718189406923,6.320090986421436,1.152973722478829,0.6342943184702906,0.6300000000000097,0.00020662793899465782,4.645495592214041e-05,0.42048117011424324
OUT_SP04_N_R01,OUT,SP04,-to+,10,106.60000000000001,107.23,31.580439874104123,29.219743376686477,0.00024693561264567485,2.3755476680814946,5.539778372231969,1.1023653100624409,0.6331448831794103,0.6299999999999955,0.0001929707226193185,-5.396489002635634e-05,-0.5158661184918072
OUT_SP04_N_R01,OUT,SP04,+to-,11,107.23,107.87,29.219743376686477,27.83910623050874,0.0001363126280324767,2.0383487222522834,4.407388863169311,1.0199614570219695,0.6313911370620772,0.6400000000000006,0.0001716473454391368,3.5334717406660103e-05,0.357877651083978
OUT_SP04_N_R01,OUT,SP04,-to+,12,107.87,108.5,27.83910623050874,25.65084549358915,0.00020356271356370486,1.8526081102924772,3.8209177508439276,0.9717681290696899,0.6304323965556633,0.6299999999999955,0.0001597017793713135,-4.386093419239136e-05,-0.47146810556193713
OUT_SP04_N_R01,OUT,SP04,+to-,13,108.5,109.13,25.65084549358915,24.156211387543472,0.00013010465577690584,1.5757551191378942,2.999612306109114,0.8953834195669613,0.6290128267282323,0.6299999999999955,0.00014156240028033557,1.1457744503429727e-05,0.13162211644270966
OUT_SP04_N_R01,OUT,SP04,-to+,14,109.13,109.75,24.156211387543472,22.04738309269861,0.00017104156098324557,1.3991335229496369,2.510942343478607,0.8432108470407631,0.6281130499495421,0.6200000000000045,0.00012973174353338686,-4.1309817449858706e-05,-0.5092937309896955
OUT_SP04_N_R01,OUT,SP04,+to-,15,109.75,110.38,22.04738309269861,20.686470020385038,0.00010249903705766215,1.1673218311466385,1.914769382906199,0.7695988528322418,0.6269389521486322,0.6299999999999955,0.00011380946429815585,1.13104272404937e-05,0.15016869320791676
OUT_SP04_N_R01,OUT,SP04,-to+,16,110.38,111.01,20.686470020385038,18.807600940976833,0.00013122535610852052,1.0286126398756708,1.58444421803236,0.7220940249416348,0.6262400838113577,0.6300000000000097,0.0001040113678765046,-2.7213988232015925e-05,-0.3896291963895229
OUT_SP04_N_R01,OUT,SP04,+to-,17,111.01,111.63,18.807600940976833,17.320223479043886,9.533955645305688e-05,0.851254045211814,1.1934466923151894,0.6565091216424589,0.625350457839025,0.6199999999999903,9.109709920874017e-05,-4.242457244316714e-06,-0.06618405141194265
OUT_SP04_N_R01,OUT,SP04,-to+,18,111.63,112.26,17.320223479043886,15.612945250102463,0.00010003861161554259,0.7225548884904892,0.9336330472115602,0.6045898537810858,0.6247076762235194,0.6300000000000097,8.137591673762942e-05,-1.8662694877913163e-05,-0.31848936508037634
OUT_SP04_N_R01,OUT,SP04,+to-,19,112.26,112.88,15.612945250102463,14.141111453374238,7.811653705423407e-05,0.5876544236888742,0.6850398787811411,0.544994601095795,0.6240364042048097,0.6199999999999903,7.076191573702814e-05,-7.354621317205934e-06,-0.13856838763088694
OUT_SP04_N_R01,OUT,SP04,-to+,20,112.88,113.49000000000001,14.141111453374238,12.559567372004201,7.549076847174659e-05,0.48241615978336594,0.5096739718423509,0.4936179095057221,0.6235144855217817,0.6100000000000136,6.207631707444352e-05,-1.3414451397303072e-05,-0.28102605275982845
OUT_SP04_N_R01,OUT,SP04,+to-,21,113.49000000000001,114.11,12.559567372004201,11.226715666907186,5.678274216014342e-05,0.38079883011389676,0.35754061686694494,0.43841160653504957,0.6230119737762951,0.6199999999999903,5.322006119066243e-05,-3.56268096948099e-06,-0.08362432238100018
OUT_SP04_N_R01,OUT,SP04,-to+,22,114.11,114.73,11.226715666907186,9.81254156430563,5.337286341916735e-05,0.30441808634358636,0.25561094952189234,0.39188630514552275,0.6226351933028051,0.6200000000000045,4.6137664911002785e-05,-7.235198508164565e-06,-0.19169986366914024
OUT_SP04_N_R01,OUT,SP04,+to-,23,114.73,115.35000000000001,9.81254156430563,8.617678494680503,3.955558381346072e-05,0.23266618029335198,0.1708282955824243,0.3425223165718562,0.6222819727441554,0.6200000000000045,3.9002003515448475e-05,-5.535802980122451e-07,-0.01672180269753464
OUT_SP04_N_R01,OUT,SP04,-to+,24,115.35000000000001,115.96000000000001,8.617678494680503,7.254551626387101,3.890589384999216e-05,0.17951580114631616,0.11579176943464378,0.30081372722096683,0.622020775885154,0.6099999999999994,3.327508221332733e-05,-5.630811636664831e-06,-0.19727935424022486
OUT_SP04_N_R01,OUT,SP04,+to-,25,115.96000000000001,116.57000000000001,7.254551626387101,6.027164243516475,2.934240479026307e-05,0.12726014984319045,0.06912337612947332,0.2532316232727289,0.621764349913542,0.6099999999999994,2.7077362457565543e-05,-2.2650423326975276e-06,-0.09474449158031746
OUT_SP04_N_R01,OUT,SP04,-to+,26,116.57000000000001,117.17,6.027164243516475,4.831284466243928,2.3390434403511058e-05,0.08786374417904787,0.03965957356155241,0.21038772121567156,0.6215712706284192,0.5999999999999943,2.1800834939769864e-05,-1.589599463741194e-06,-0.08126977524716303
OUT_SP04_P_R01,OUT,SP04,-to+,1,134.73,135.39000000000001,56.70851379349123,52.958199921108466,0.0006336668971981478,7.389274732742996,29.941764732858957,1.9795005592180832,0.6614531424358333,0.660000000000025,0.0004887839578441578,-0.00014488293935398992,-0.8573266281486367
OUT_SP04_P_R01,OUT,SP04,+to-,2,135.39000000000001,136.04,52.958199921108466,51.85390117054897,0.00018088092284589997,6.487772972396316,24.70141961006689,1.848589909105488,0.6560276673000931,0.6499999999999773,0.0004368989531835286,0.0002560180303376286,1.5629952049683309
OUT_SP04_P_R01,OUT,SP04,-to+,3,136.04,136.70000000000002,51.85390117054897,48.30694354148142,0.0005622701232409458,6.231787162451904,23.272112993266738,1.8100426108596426,0.6545159308735603,0.660000000000025,0.00042211743803888583,-0.00014015268520205996,-0.8839812732999645
OUT_SP04_P_R01,OUT,SP04,+to-,4,136.70000000000002,137.35,48.30694354148142,47.13172212101168,0.00017974389781154495,5.439776791926528,19.02507995552579,1.6862304327477213,0.6499164211611429,0.6499999999999773,0.00037620006109947784,0.0001964561632879329,1.2844688848133468
OUT_SP04_P_R01,OUT,SP04,-to+,5,137.35,138.0,47.13172212101168,43.82836906115217,0.0004868350310384472,5.187758453433667,17.7317628152523,1.6452074662933982,0.6484768777636288,0.6500000000000057,0.00036151781501379127,-0.00012531721602465596,-0.8502052031617174
OUT_SP04_P_R01,OUT,SP04,+to-,6,138.0,138.64000000000001,43.82836906115217,42.70355850174316,0.00015936802502769572,4.507945233714749,14.392184577686727,1.5298986917926427,0.6446496870757115,0.6400000000000148,0.00032168798954580746,0.00016231996451811174,1.1456267852057156
OUT_SP04_P_R01,OUT,SP04,-to+,7,138.64000000000001,139.29,42.70355850174316,39.65242741221476,0.0004152343347594081,4.2862725688074,13.352486866064565,1.4906353963468697,0.6434189843758346,0.6499999999999773,0.0003086149080121064,-0.00010661942674730168,-0.7833442075565074
OUT_SP04_P_R01,OUT,SP04,+to-,8,139.29,139.93,39.65242741221476,38.564562195823335,0.0001418559546995102,3.7106750981257446,10.773426253236313,1.3841308295024048,0.6402618823406523,0.6400000000000148,0.0002744179956391842,0.000132562040939674,1.0165767628172573
OUT_SP04_P_R01,OUT,SP04,-to+,9,139.93,140.57,38.564562195823335,35.88616753759841,0.00033492635667606833,3.514679291636415,9.936895183616341,1.3461571698145027,0.6391993339115773,0.6399999999999864,0.00026267502231743027,-7.225133435863806e-05,-0.5777388501355502
OUT_SP04_P_R01,OUT,SP04,+to-,10,140.57,141.20000000000002,35.88616753759841,34.67617260842099,0.0001444735310496836,3.0532094820574014,8.056330053316096,1.2526635589067965,0.6367220329771816,0.6300000000000239,0.0002347774147230122,9.03038836733286e-05,0.7562991646879565
OUT_SP04_P_R01,OUT,SP04,-to+,11,141.20000000000002,141.84,34.67617260842099,32.3260033130646,0.0002681416456714398,2.8547004768186746,7.287716207593773,1.2104267680136334,0.6356667768167489,0.6399999999999864,0.00022264928190986254,-4.549236376157729e-05,-0.39869696943531985
OUT_SP04_P_R01,OUT,SP04,+to-,12,141.84,142.47,32.3260033130646,31.025129851840816,0.00014121102919170792,2.4871370064366785,5.932775218171732,1.128390383647145,0.6337290481786995,0.6299999999999955,0.00019994054047667078,5.872951128496287e-05,0.5410202169228548
OUT_SP04_P_R01,OUT,SP04,-to+,13,142.47,143.11,31.025129851840816,28.811926807676063,0.0002281846874506293,2.2940165808651867,5.258266464532382,1.0829813335468055,0.6327192710650955,0.6400000000000148,0.00018785286960368338,-4.033181784694593e-05,-0.39116100918425506
OUT_SP04_P_R01,OUT,SP04,+to-,14,143.11,143.74,28.811926807676063,27.612048546473208,0.00011725753278877391,1.9825984399627845,4.228482103633908,1.0057259732751327,0.6311028303174057,0.6299999999999955,0.00016807848426188957,5.082095147311566e-05,0.5200334609905004
OUT_SP04_P_R01,OUT,SP04,-to+,15,143.74,144.37,27.612048546473208,25.47985395931064,0.0001969793572449446,1.8228782849095277,3.729627009318246,0.963842320712944,0.6302794151948695,0.6299999999999955,0.0001577743474853079,-3.9205009759636704e-05,-0.42434845617964473
OUT_SP04_P_R01,OUT,SP04,+to-,16,144.37,145.0,25.47985395931064,24.28095071656365,0.00010427223940156444,1.5550339192411995,2.9408116008519984,0.8894146890345678,0.6289070302542034,0.6299999999999955,0.000140185963580556,3.591372417899156e-05,0.41292193502661034
OUT_SP04_P_R01,OUT,SP04,-to+,17,145.0,145.63,24.28095071656365,22.318954660778967,0.00016042281820571866,1.4134843875291352,2.549570322961786,0.8475650710370243,0.6281859897359029,0.6299999999999955,0.00013070177565979358,-2.9721042545925085e-05,-0.3634752205496826
OUT_SP04_P_R01,OUT,SP04,+to-,18,145.63,146.25,22.318954660778967,21.10575910976957,9.278034316466482e-05,1.196026436276615,1.9856687271837796,0.7790784888678542,0.6270839191637246,0.6200000000000045,0.00011580943761222062,2.30290944475558e-05,0.3011227599176358
OUT_SP04_P_R01,OUT,SP04,-to+,19,146.25,146.88,21.10575910976957,19.37811625571479,0.00012356300025370196,1.0704336749463563,1.6818529288317214,0.7367299751965325,0.6264505054699897,0.6299999999999955,0.00010699027943687508,-1.6572720816826884e-05,-0.23170899032090908
OUT_SP04_P_R01,OUT,SP04,+to-,20,146.88,147.5,19.37811625571479,18.102107808703483,8.474547672313222e-05,0.9033682843326879,1.3045128583116732,0.676423862992917,0.625611401051493,0.6200000000000045,9.494349011305747e-05,1.019801338992525e-05,0.1535478094548188
OUT_SP04_P_R01,OUT,SP04,-to+,21,147.5,148.13,18.102107808703483,16.544498182478417,9.587598352266781e-05,0.7889159138538393,1.0649660793405191,0.6318827656257032,0.6250388233960658,0.6299999999999955,8.643094816331336e-05,-9.445035359354444e-06,-0.15344014667301625
OUT_SP04_P_R01,OUT,SP04,+to-,22,148.13,148.75,16.544498182478417,15.280843450909583,7.162030692346715e-05,0.6595573859891394,0.8143759532577538,0.577511932748932,0.6243938821477623,0.6200000000000045,7.648134121749634e-05,4.861034294029198e-06,0.08576540305387854
OUT_SP04_P_R01,OUT,SP04,-to+,23,148.75,149.37,15.280843450909583,13.846962349755433,7.453559231885349e-05,0.563012260761096,0.6424500065511494,0.5334020614003694,0.6239140564939636,0.6200000000000045,6.876461519853435e-05,-5.7709771203191395e-06,-0.11101647994857683
OUT_SP04_P_R01,OUT,SP04,+to-,24,149.37,149.99,13.846962349755433,12.606902883166368,5.865428966315238e-05,0.46261596551486056,0.4786460211600003,0.48335016880584586,0.6234164593676221,0.6200000000000045,6.0391853166550196e-05,1.7375635033978136e-06,0.03673456842426581
OUT_SP04_P_R01,OUT,SP04,-to+,25,149.99,150.61,12.606902883166368,11.201472884132755,5.9929413411666955e-05,0.3836673469422745,0.3615853162227979,0.4400639275808383,0.6230261395263259,0.6200000000000045,5.34779868591675e-05,-6.451426552499454e-06,-0.1512913373353657
OUT_SP04_P_R01,OUT,SP04,+to-,26,150.61,151.23,11.201472884132755,10.018003997348613,4.50443127685119e-05,0.30305340917217977,0.25389501642904533,0.3910051658019637,0.6226284687104956,0.6199999999999761,4.600688234340113e-05,9.625695748892286e-07,0.025289560931329846
OUT_SP04_P_R01,OUT,SP04,-to+,27,151.23,151.84,10.018003997348613,8.771412906192603,4.2065101498654504e-05,0.2424959785551675,0.1817627703070941,0.3496943084633731,0.6223303214225533,0.6100000000000136,4.001460482766036e-05,-2.050496670994143e-06,-0.060764870997943615
OUT_SP04_P_R01,OUT,SP04,+to-,28,151.84,152.45000000000002,8.771412906192603,7.6659023080553395,3.266913935419887e-05,0.18596995401692273,0.12209000316483898,0.30618007052997087,0.6220524730421124,0.6100000000000136,3.399647444169416e-05,1.3273350874952905e-06,0.04491579127866003
OUT_SP04_P_R01,OUT,SP04,-to+,29,152.45000000000002,153.07,7.6659023080553395,6.479687929153446,3.019353337884789e-05,0.1420873867007898,0.08154584192577378,0.2675904708235966,0.6218370716732577,0.6199999999999761,2.891009894099451e-05,-1.283434437853382e-06,-0.05042143215760856
OUT_SP04_P_R01,OUT,SP04,+to-,30,153.07,153.66,6.479687929153446,5.392244827179687,2.3247981360154255e-05,0.10154366205182444,0.049271562216349554,0.2261837777309214,0.6216382912452993,0.5900000000000034,2.3712835337456415e-05,4.6485397730216017e-07,0.021743593823390778
OUT_SP04_P_R01,OUT,SP04,-to+,31,153.66,154.27,5.392244827179687,4.574781406493416,1.4679913546096892e-05,0.07033521707320686,0.028406237516178278,0.18822485261583632,0.6214854318771652,0.6100000000000136,1.918369820758788e-05,4.503784661490987e-06,0.2507949367164048
