ISO-10303-21;
HEADER;
FILE_DESCRIPTION (( 'STEP AP214' ),
    '1' );
FILE_NAME ('DS1040-02RT.STEP',
    '2025-02-04T10:27:44',
    ( '' ),
    ( '' ),
    'SwSTEP 2.0',
    'SolidWorks 2021',
    '' );
FILE_SCHEMA (( 'AUTOMOTIVE_DESIGN' ));
ENDSEC;

DATA;
#1 = SURFACE_STYLE_FILL_AREA ( #1018 ) ;
#2 = ORIENTED_EDGE ( 'NONE', *, *, #5417, .F. ) ;
#3 = ORIENTED_EDGE ( 'NONE', *, *, #5164, .T. ) ;
#4 = DIRECTION ( 'NONE',  ( -1.000000000000000000, 0.000000000000000000, 0.000000000000000000 ) ) ;
#5 = CARTESIAN_POINT ( 'NONE',  ( -0.2404025471111667644, -4.900000000000000355, 1.093340699534055105 ) ) ;
#6 = CARTESIAN_POINT ( 'NONE',  ( -0.03705327225864163410, -4.899999999999999467, 1.845305213333761740 ) ) ;
#7 = DIRECTION ( 'NONE',  ( 1.000000000000000000, 0.000000000000000000, 0.000000000000000000 ) ) ;
#8 = CARTESIAN_POINT ( 'NONE',  ( 0.5143269230769229594, -4.900000000000000355, 2.199000000000000288 ) ) ;
#9 = SURFACE_SIDE_STYLE ('',( #4386 ) ) ;
#10 =( NAMED_UNIT ( * ) PLANE_ANGLE_UNIT ( ) SI_UNIT ( $, .RADIAN. ) );
#11 = CARTESIAN_POINT ( 'NONE',  ( -0.6699999999999995959, -2.449999999999990408, 8.001000000000001222 ) ) ;
#12 = VERTEX_POINT ( 'NONE', #4847 ) ;
#13 =( NAMED_UNIT ( * ) SI_UNIT ( $, .STERADIAN. ) SOLID_ANGLE_UNIT ( ) );
#14 = UNCERTAINTY_MEASURE_WITH_UNIT (LENGTH_MEASURE( 1.000000000000000082E-05 ), #5978, 'distance_accuracy_value', 'NONE');
#15 = FACE_OUTER_BOUND ( 'NONE', #5163, .T. ) ;
#16 =( LENGTH_UNIT ( ) NAMED_UNIT ( * ) SI_UNIT ( .MILLI., .METRE. ) );
#17 = ORIENTED_EDGE ( 'NONE', *, *, #3452, .F. ) ;
#18 = SURFACE_STYLE_FILL_AREA ( #3850 ) ;
#19 = LINE ( 'NONE', #2430, #5140 ) ;
#20 = DIRECTION ( 'NONE',  ( 0.000000000000000000, -1.000000000000000000, 0.000000000000000000 ) ) ;
#21 = CARTESIAN_POINT ( 'NONE',  ( 1.667354345529461268, -4.950000000000001066, 3.890948731912751590 ) ) ;
#22 = ORIENTED_EDGE ( 'NONE', *, *, #1939, .T. ) ;
#23 = B_SPLINE_CURVE_WITH_KNOTS ( 'NONE', 3,
 ( #956, #2036, #5436, #926, #5948, #6301, #4952, #988, #3896, #1910, #3871, #3998, #5884, #97, #453, #5822, #2860, #4817, #2897 ),
 .UNSPECIFIED., .F., .F.,
 ( 4, 1, 1, 1, 1, 1, 1, 1, 1, 1, 1, 1, 1, 1, 1, 1, 4 ),
 ( 0.000000000000000000, 0.06176215676807148003, 0.1211739926536282708, 0.1794214068253162375, 0.2368434346502754639, 0.2943217954133968695, 0.3531909627945242214, 0.4127207064163240235, 0.4745221507037173381, 0.5370567441421355559, 0.5995913375805559387, 0.6623669793543054407, 0.7252456446794917078, 0.7903164461250807848, 0.8577243009540925778, 0.9272319523784923190, 1.000000000000000000 ),
 .UNSPECIFIED. ) ;
#24 = FACE_OUTER_BOUND ( 'NONE', #2894, .T. ) ;
#25 = DIRECTION ( 'NONE',  ( 1.000000000000000000, 1.367242359578592995E-16, 0.000000000000000000 ) ) ;
#26 = FACE_OUTER_BOUND ( 'NONE', #1296, .T. ) ;
#27 = EDGE_CURVE ( 'NONE', #2612, #224, #4808, .T. ) ;
#28 = EDGE_CURVE ( 'NONE', #2345, #5673, #1514, .T. ) ;
#29 = CARTESIAN_POINT ( 'NONE',  ( -0.2601263801481266125, -4.900000000000001243, 0.7950601014748902573 ) ) ;
#30 = CARTESIAN_POINT ( 'NONE',  ( -1.372309002578743664, -4.950000000000000178, 1.517839069544936192 ) ) ;
#31 = LINE ( 'NONE', #5465, #2473 ) ;
#32 = PLANE ( 'NONE',  #2222 ) ;
#33 = ORIENTED_EDGE ( 'NONE', *, *, #2814, .F. ) ;
#34 =( GEOMETRIC_REPRESENTATION_CONTEXT ( 3 ) GLOBAL_UNCERTAINTY_ASSIGNED_CONTEXT ( ( #4258 ) ) GLOBAL_UNIT_ASSIGNED_CONTEXT ( ( #214, #724, #2206 ) ) REPRESENTATION_CONTEXT ( 'NONE', 'WORKASPACE' ) );
#35 = VERTEX_POINT ( 'NONE', #917 ) ;
#36 = CARTESIAN_POINT ( 'NONE',  ( -1.870000000000000107, -2.449999999999990408, 8.001000000000001222 ) ) ;
#37 = EDGE_CURVE ( 'NONE', #2279, #1183, #1900, .T. ) ;
#38 = SURFACE_SIDE_STYLE ('',( #3472 ) ) ;
#39 = ORIENTED_EDGE ( 'NONE', *, *, #1122, .T. ) ;
#40 =( GEOMETRIC_REPRESENTATION_CONTEXT ( 3 ) GLOBAL_UNCERTAINTY_ASSIGNED_CONTEXT ( ( #1409 ) ) GLOBAL_UNIT_ASSIGNED_CONTEXT ( ( #5868, #1007, #4903 ) ) REPRESENTATION_CONTEXT ( 'NONE', 'WORKASPACE' ) );
#41 = PRESENTATION_LAYER_ASSIGNMENT (  '', '', ( #4724 ) ) ;
#42 = UNCERTAINTY_MEASURE_WITH_UNIT (LENGTH_MEASURE( 1.000000000000000082E-05 ), #6008, 'distance_accuracy_value', 'NONE');
#43 = CARTESIAN_POINT ( 'NONE',  ( -1.107689747869109675, -4.900000000000000355, 1.137525343762166852 ) ) ;
#44 = ADVANCED_FACE ( 'NONE', ( #2367 ), #2399, .F. ) ;
#45 = CARTESIAN_POINT ( 'NONE',  ( -0.1134541315651168142, -4.950000000000000178, 1.966553162418226197 ) ) ;
#46 = PRESENTATION_LAYER_ASSIGNMENT (  '', '', ( #4633 ) ) ;
#47 = SURFACE_SIDE_STYLE ('',( #3940 ) ) ;
#48 = CARTESIAN_POINT ( 'NONE',  ( -1.102051282051282666, -4.950000000000000178, 4.318999999999999950 ) ) ;
#49 = VERTEX_POINT ( 'NONE', #3458 ) ;
#50 = LINE ( 'NONE', #3879, #1965 ) ;
#51 = COLOUR_RGB ( '',1.000000000000000000, 1.000000000000000000, 1.000000000000000000 ) ;
#52 = FACE_OUTER_BOUND ( 'NONE', #1391, .T. ) ;
#53 = CARTESIAN_POINT ( 'NONE',  ( -1.364027930381286779, -4.949999999999999289, 4.131179871662111758 ) ) ;
#54 = CARTESIAN_POINT ( 'NONE',  ( 3.270000000000000462, 4.950000000000000178, -0.001000000000000024307 ) ) ;
#55 = CARTESIAN_POINT ( 'NONE',  ( 1.294410763100100059, -4.949999999999999289, 3.370409267913571316 ) ) ;
#56 =( NAMED_UNIT ( * ) PLANE_ANGLE_UNIT ( ) SI_UNIT ( $, .RADIAN. ) );
#57 = MECHANICAL_DESIGN_GEOMETRIC_PRESENTATION_REPRESENTATION (  '', ( #4438 ), #4645 ) ;
#58 = ORIENTED_EDGE ( 'NONE', *, *, #4467, .T. ) ;
#59 = ORIENTED_EDGE ( 'NONE', *, *, #5939, .T. ) ;
#60 = DIRECTION ( 'NONE',  ( -0.000000000000000000, -0.000000000000000000, 1.000000000000000000 ) ) ;
#61 = CARTESIAN_POINT ( 'NONE',  ( -0.8600682525946894419, -4.899999999999999467, 0.8904941313878286246 ) ) ;
#62 = LINE ( 'NONE', #3865, #1511 ) ;
#63 = VERTEX_POINT ( 'NONE', #5425 ) ;
#64 = EDGE_CURVE ( 'NONE', #4577, #1094, #5394, .T. ) ;
#65 = ORIENTED_EDGE ( 'NONE', *, *, #3698, .F. ) ;
#66 = LINE ( 'NONE', #4889, #5309 ) ;
#67 = DIRECTION ( 'NONE',  ( 1.000000000000000000, 0.000000000000000000, 0.000000000000000000 ) ) ;
#68 = FACE_OUTER_BOUND ( 'NONE', #4436, .T. ) ;
#69 = CARTESIAN_POINT ( 'NONE',  ( -1.291873349213416899, -4.950000000000000178, 3.999978785180555718 ) ) ;
#70 = DIRECTION ( 'NONE',  ( 0.000000000000000000, -0.000000000000000000, 1.000000000000000000 ) ) ;
#71 = EDGE_CURVE ( 'NONE', #1733, #1331, #5938, .T. ) ;
#72 = CARTESIAN_POINT ( 'NONE',  ( -1.162307692307692708, -4.950000000000000178, 1.426764423076923416 ) ) ;
#73 = CARTESIAN_POINT ( 'NONE',  ( -0.4655600507730910387, -4.950000000000001954, 2.194217047456754610 ) ) ;
#74 = SURFACE_STYLE_FILL_AREA ( #3448 ) ;
#75 = ORIENTED_EDGE ( 'NONE', *, *, #2814, .T. ) ;
#76 = CARTESIAN_POINT ( 'NONE',  ( -1.434405334225934636, -4.900000000000000355, 3.891661015591274531 ) ) ;
#77 = PRESENTATION_LAYER_ASSIGNMENT (  '', '', ( #797 ) ) ;
#78 = DIRECTION ( 'NONE',  ( -1.000000000000000000, 0.000000000000000000, 0.000000000000000000 ) ) ;
#79 = DIRECTION ( 'NONE',  ( 0.2609090251427717555, 0.000000000000000000, -0.9653633930282671249 ) ) ;
#80 = CARTESIAN_POINT ( 'NONE',  ( 1.569999999999999396, -3.710000000000000853, -3.479999999999997762 ) ) ;
#81 = DIRECTION ( 'NONE',  ( 0.9653633930282671249, 0.000000000000000000, -0.2609090251427717555 ) ) ;
#82 = VECTOR ( 'NONE', #1369, 1000.000000000000000 ) ;
#83 = VERTEX_POINT ( 'NONE', #1422 ) ;
#84 = ORIENTED_EDGE ( 'NONE', *, *, #3063, .F. ) ;
#85 = SURFACE_SIDE_STYLE ('',( #1577 ) ) ;
#86 = VECTOR ( 'NONE', #2526, 1000.000000000000114 ) ;
#87 = CARTESIAN_POINT ( 'NONE',  ( -0.1856482414550275073, -4.950000000000000178, 0.8520969812119386644 ) ) ;
#88 = PRESENTATION_LAYER_ASSIGNMENT (  '', '', ( #2931 ) ) ;
#89 = CARTESIAN_POINT ( 'NONE',  ( -0.6614062500000003064, -4.900000000000000355, 2.218230769230769006 ) ) ;
#90 = CARTESIAN_POINT ( 'NONE',  ( 1.668260116798732096, -4.950000000000000178, 3.946026482516550082 ) ) ;
#91 = CARTESIAN_POINT ( 'NONE',  ( -1.213895752620250734, -4.900000000000001243, 0.9364978877753319386 ) ) ;
#92 =( GEOMETRIC_REPRESENTATION_CONTEXT ( 3 ) GLOBAL_UNCERTAINTY_ASSIGNED_CONTEXT ( ( #5620 ) ) GLOBAL_UNIT_ASSIGNED_CONTEXT ( ( #118, #2652, #4019 ) ) REPRESENTATION_CONTEXT ( 'NONE', 'WORKASPACE' ) );
#93 = ORIENTED_EDGE ( 'NONE', *, *, #3372, .F. ) ;
#94 = ORIENTED_EDGE ( 'NONE', *, *, #3533, .T. ) ;
#95 =( GEOMETRIC_REPRESENTATION_CONTEXT ( 3 ) GLOBAL_UNCERTAINTY_ASSIGNED_CONTEXT ( ( #14 ) ) GLOBAL_UNIT_ASSIGNED_CONTEXT ( ( #5978, #1120, #5175 ) ) REPRESENTATION_CONTEXT ( 'NONE', 'WORKASPACE' ) );
#96 = CARTESIAN_POINT ( 'NONE',  ( 1.488830784421191655, -4.899999999999999467, 3.922897996369986373 ) ) ;
#97 = CARTESIAN_POINT ( 'NONE',  ( 1.336911968165742870, -4.900000000000001243, 4.141733821787023651 ) ) ;
#98 = AXIS2_PLACEMENT_3D ( 'NONE', #318, #4498, #1269 ) ;
#99 = EDGE_CURVE ( 'NONE', #6044, #2885, #3365, .T. ) ;
#100 = FILL_AREA_STYLE_COLOUR ( '', #1003 ) ;
#101 = CARTESIAN_POINT ( 'NONE',  ( -1.124335916617327680, -4.950000000000000178, 2.058223720444909866 ) ) ;
#102 = DIRECTION ( 'NONE',  ( -1.807003620809174632E-16, -0.000000000000000000, 1.000000000000000000 ) ) ;
#103 =( LENGTH_UNIT ( ) NAMED_UNIT ( * ) SI_UNIT ( .MILLI., .METRE. ) );
#104 = CARTESIAN_POINT ( 'NONE',  ( -0.2755182788481818634, -4.899999999999998579, 1.854975479348065281 ) ) ;
#105 = EDGE_CURVE ( 'NONE', #470, #1986, #3886, .T. ) ;
#106 = EDGE_CURVE ( 'NONE', #378, #1069, #4146, .T. ) ;
#107 = LINE ( 'NONE', #4417, #6227 ) ;
#108 = EDGE_LOOP ( 'NONE', ( #1430, #3356, #3796, #2053 ) ) ;
#109 = DIRECTION ( 'NONE',  ( 0.5403350958123747105, 0.000000000000000000, -0.8414499297245390252 ) ) ;
#110 = SURFACE_STYLE_USAGE ( .BOTH. , #3483 ) ;
#111 = CARTESIAN_POINT ( 'NONE',  ( -1.242532378816389116, -4.950000000000000178, 4.271529861945060347 ) ) ;
#112 = DIRECTION ( 'NONE',  ( 0.000000000000000000, -0.000000000000000000, 1.000000000000000000 ) ) ;
#113 = DIRECTION ( 'NONE',  ( 0.000000000000000000, 1.000000000000000000, 0.000000000000000000 ) ) ;
#114 = B_SPLINE_SURFACE_WITH_KNOTS ( 'NONE', 3, 1, ( 
 ( #2187, #6293 ),
 ( #2338, #4303 ),
 ( #5750, #3275 ),
 ( #4750, #478 ),
 ( #1901, #512 ),
 ( #4848, #3859 ),
 ( #5367, #5330 ),
 ( #855, #6264 ),
 ( #4370, #918 ),
 ( #2400, #2792 ),
 ( #2917, #6328 ),
 ( #981, #4809 ),
 ( #5722, #379 ),
 ( #1803, #6237 ),
 ( #4782, #3798 ),
 ( #3366, #3771 ),
 ( #4270, #4241 ),
 ( #1333, #1838 ),
 ( #3333, #1363 ) ),
 .UNSPECIFIED., .F., .F., .F.,
 ( 4, 1, 1, 1, 1, 1, 1, 1, 1, 1, 1, 1, 1, 1, 1, 1, 4 ),
 ( 2, 2 ),
 ( 0.000000000000000000, 0.1114096600426603273, 0.2145263672558010426, 0.3094172254458344429, 0.3960871907990312635, 0.4742842164262458526, 0.5443738816396974656, 0.6064195628105361058, 0.6605816023749727650, 0.7097938180647572759, 0.7564506485918280898, 0.8007673253039317984, 0.8431682879413340270, 0.8842948685500483519, 0.9238845020552840515, 0.9623587101392162557, 1.000000000000000000 ),
 ( 0.000000000000000000, 1.000000000000000000 ),
 .UNSPECIFIED. ) ;
#115 = SURFACE_STYLE_FILL_AREA ( #3487 ) ;
#116 = ORIENTED_EDGE ( 'NONE', *, *, #2617, .F. ) ;
#117 = PRESENTATION_STYLE_ASSIGNMENT (( #2651 ) ) ;
#118 =( LENGTH_UNIT ( ) NAMED_UNIT ( * ) SI_UNIT ( .MILLI., .METRE. ) );
#119 = DIRECTION ( 'NONE',  ( -0.000000000000000000, -0.000000000000000000, -1.000000000000000000 ) ) ;
#120 = CARTESIAN_POINT ( 'NONE',  ( 0.03677628605789357019, -4.949999999999998401, 1.283912960790513758 ) ) ;
#121 = EDGE_CURVE ( 'NONE', #3868, #4028, #602, .T. ) ;
#122 = PLANE ( 'NONE',  #4174 ) ;
#123 = CARTESIAN_POINT ( 'NONE',  ( -0.4750215480779613197, -4.950000000000000178, 0.7020646734225793884 ) ) ;
#124 = SURFACE_STYLE_USAGE ( .BOTH. , #4025 ) ;
#125 = CARTESIAN_POINT ( 'NONE',  ( -1.362369208108823004, -4.899999999999998579, 1.285296950511629399 ) ) ;
#126 = VERTEX_POINT ( 'NONE', #1608 ) ;
#127 = ORIENTED_EDGE ( 'NONE', *, *, #1974, .T. ) ;
#128 = FILL_AREA_STYLE ('',( #4950 ) ) ;
#129 = PLANE ( 'NONE',  #3979 ) ;
#130 = CARTESIAN_POINT ( 'NONE',  ( 0.6700000000000000400, -2.449999999999990408, 8.001000000000001222 ) ) ;
#131 = SURFACE_STYLE_FILL_AREA ( #4500 ) ;
#132 = CARTESIAN_POINT ( 'NONE',  ( -1.470000000000000639, 3.709999999999999964, -3.850000000000000089 ) ) ;
#133 = CARTESIAN_POINT ( 'NONE',  ( -0.2558917288176915106, -4.950000000000000178, 1.826175808758482511 ) ) ;
#134 = VERTEX_POINT ( 'NONE', #6099 ) ;
#135 = PRESENTATION_LAYER_ASSIGNMENT (  '', '', ( #5445 ) ) ;
#136 = COLOUR_RGB ( '',1.000000000000000000, 1.000000000000000000, 1.000000000000000000 ) ;
#137 = CARTESIAN_POINT ( 'NONE',  ( -1.570000000000000950, 3.910000000000000142, -0.001000000000000132727 ) ) ;
#138 =( LENGTH_UNIT ( ) NAMED_UNIT ( * ) SI_UNIT ( .MILLI., .METRE. ) );
#139 = DIRECTION ( 'NONE',  ( -1.067636913544216258E-16, 0.7808688094430308313, 0.6246950475544235104 ) ) ;
#140 = COLOUR_RGB ( '',1.000000000000000000, 0.8705882352941176627, 0.5254901960784313930 ) ;
#141 = STYLED_ITEM ( 'NONE', ( #5584 ), #5577 ) ;
#142 = CARTESIAN_POINT ( 'NONE',  ( -1.102051282051282666, -4.950000000000000178, 2.918999999999999595 ) ) ;
#143 = ORIENTED_EDGE ( 'NONE', *, *, #693, .T. ) ;
#144 = EDGE_CURVE ( 'NONE', #3273, #964, #4383, .T. ) ;
#145 = CARTESIAN_POINT ( 'NONE',  ( 0.7958065932662015118, -4.899999999999999467, 3.059921426491651886 ) ) ;
#146 = PRESENTATION_LAYER_ASSIGNMENT (  '', '', ( #4525 ) ) ;
#147 = FILL_AREA_STYLE_COLOUR ( '', #2465 ) ;
#148 =( NAMED_UNIT ( * ) SI_UNIT ( $, .STERADIAN. ) SOLID_ANGLE_UNIT ( ) );
#149 =( LENGTH_UNIT ( ) NAMED_UNIT ( * ) SI_UNIT ( .MILLI., .METRE. ) );
#150 = VERTEX_POINT ( 'NONE', #3493 ) ;
#151 = MECHANICAL_DESIGN_GEOMETRIC_PRESENTATION_REPRESENTATION (  '', ( #1274 ), #4532 ) ;
#152 = ADVANCED_FACE ( 'NONE', ( #1112 ), #636, .F. ) ;
#153 = CARTESIAN_POINT ( 'NONE',  ( -3.270000000000000462, 4.450000000000001066, 8.300000000000000711 ) ) ;
#154 = CARTESIAN_POINT ( 'NONE',  ( -0.6699999999999995959, -2.449999999999990408, 4.801000000000000156 ) ) ;
#155 = DIRECTION ( 'NONE',  ( -1.275531967630005245E-16, 1.000000000000000000, -0.000000000000000000 ) ) ;
#156 = CARTESIAN_POINT ( 'NONE',  ( -1.570000000000000728, -3.710000000000000853, -3.850000000000000089 ) ) ;
#157 = LINE ( 'NONE', #4589, #4016 ) ;
#158 = CARTESIAN_POINT ( 'NONE',  ( 1.233076923076922737, -4.900000000000000355, 2.199000000000000288 ) ) ;
#159 = CARTESIAN_POINT ( 'NONE',  ( -1.288916798250017148, -4.900000000000000355, 1.057982756193093232 ) ) ;
#160 = ORIENTED_EDGE ( 'NONE', *, *, #27, .T. ) ;
#161 = VERTEX_POINT ( 'NONE', #5488 ) ;
#162 = MECHANICAL_DESIGN_GEOMETRIC_PRESENTATION_REPRESENTATION (  '', ( #2586 ), #6224 ) ;
#163 = CARTESIAN_POINT ( 'NONE',  ( 0.7710769230769229932, -4.900000000000000355, 2.918999999999999595 ) ) ;
#164 = DIRECTION ( 'NONE',  ( 0.000000000000000000, 1.000000000000000000, 0.000000000000000000 ) ) ;
#165 = DIRECTION ( 'NONE',  ( -0.8414499297245391363, 0.000000000000000000, -0.5403350958123747105 ) ) ;
#166 = CARTESIAN_POINT ( 'NONE',  ( 0.7898669871794867792, -4.900000000000000355, 3.043519230769230255 ) ) ;
#167 = FACE_OUTER_BOUND ( 'NONE', #4461, .T. ) ;
#168 = CARTESIAN_POINT ( 'NONE',  ( -0.9700000000000008615, -3.710000000000000853, -3.479999999999994209 ) ) ;
#169 = LINE ( 'NONE', #5414, #3150 ) ;
#170 = CARTESIAN_POINT ( 'NONE',  ( -3.270000000000000462, -4.950000000000000178, 8.800000000000000711 ) ) ;
#171 = B_SPLINE_SURFACE_WITH_KNOTS ( 'NONE', 3, 1, ( 
 ( #2038, #5951 ),
 ( #2964, #5888 ),
 ( #5016, #1556 ),
 ( #3547, #4443 ),
 ( #1623, #585 ),
 ( #3583, #550 ),
 ( #5439, #2069 ),
 ( #646, #5508 ),
 ( #5541, #2539 ),
 ( #4065, #1059 ),
 ( #4033, #101 ),
 ( #4411, #3094 ),
 ( #3511, #5056 ),
 ( #680, #5987 ),
 ( #3026, #2005 ),
 ( #1978, #3933 ),
 ( #4986, #2998 ),
 ( #1025, #4919 ),
 ( #1494, #3438 ) ),
 .UNSPECIFIED., .F., .F., .F.,
 ( 4, 1, 1, 1, 1, 1, 1, 1, 1, 1, 1, 1, 1, 1, 1, 1, 4 ),
 ( 2, 2 ),
 ( 0.000000000000000000, 0.07522634669089893478, 0.1465747215268523029, 0.2145002518264755020, 0.2795299716530229017, 0.3424029515883815211, 0.4034960527288083409, 0.4637616065030393808, 0.5238643590795867278, 0.5832517242549666303, 0.6413020392831351169, 0.6988977748564887404, 0.7562952438113087483, 0.8146278048129691474, 0.8743247683399979486, 0.9357832838625451677, 1.000000000000000000 ),
 ( 0.000000000000000000, 1.000000000000000000 ),
 .UNSPECIFIED. ) ;
#172 = CARTESIAN_POINT ( 'NONE',  ( -0.2166600957304616881, -4.950000000000001066, 1.142846417541327764 ) ) ;
#173 = VERTEX_POINT ( 'NONE', #2146 ) ;
#174 = ORIENTED_EDGE ( 'NONE', *, *, #5770, .F. ) ;
#175 = UNCERTAINTY_MEASURE_WITH_UNIT (LENGTH_MEASURE( 1.000000000000000082E-05 ), #859, 'distance_accuracy_value', 'NONE');
#176 = EDGE_CURVE ( 'NONE', #2979, #1448, #4050, .T. ) ;
#177 = STYLED_ITEM ( 'NONE', ( #5853 ), #1337 ) ;
#178 = VERTEX_POINT ( 'NONE', #3570 ) ;
#179 = CARTESIAN_POINT ( 'NONE',  ( 1.537572713565980687, -4.900000000000001243, 3.604550092611878309 ) ) ;
#180 = FACE_OUTER_BOUND ( 'NONE', #2656, .T. ) ;
#181 = CARTESIAN_POINT ( 'NONE',  ( 0.6700000000000000400, -5.621938507872650703, 4.800000000000000711 ) ) ;
#182 = CARTESIAN_POINT ( 'NONE',  ( -0.6602043269230772893, -4.900000000000000355, 2.045153846153846100 ) ) ;
#183 = ADVANCED_FACE ( 'NONE', ( #668 ), #3146, .F. ) ;
#184 = VECTOR ( 'NONE', #2965, 1000.000000000000000 ) ;
#185 = APPLICATION_PROTOCOL_DEFINITION ( 'draft international standard', 'automotive_design', 1998, #3788 ) ;
#186 = CARTESIAN_POINT ( 'NONE',  ( 1.488448416922539375, -4.900000000000000355, 3.954163832566307768 ) ) ;
#187 = SURFACE_STYLE_FILL_AREA ( #1613 ) ;
#188 = CARTESIAN_POINT ( 'NONE',  ( -1.241337713037318657, -4.899999999999999467, 0.9748699444154249605 ) ) ;
#189 = VERTEX_POINT ( 'NONE', #2840 ) ;
#190 = ORIENTED_EDGE ( 'NONE', *, *, #2203, .F. ) ;
#191 =( GEOMETRIC_REPRESENTATION_CONTEXT ( 3 ) GLOBAL_UNCERTAINTY_ASSIGNED_CONTEXT ( ( #1270 ) ) GLOBAL_UNIT_ASSIGNED_CONTEXT ( ( #2752, #1769, #5649 ) ) REPRESENTATION_CONTEXT ( 'NONE', 'WORKASPACE' ) );
#192 = AXIS2_PLACEMENT_3D ( 'NONE', #1493, #3093, #2997 ) ;
#193 = LINE ( 'NONE', #4531, #2775 ) ;
#194 =( GEOMETRIC_REPRESENTATION_CONTEXT ( 3 ) GLOBAL_UNCERTAINTY_ASSIGNED_CONTEXT ( ( #5184 ) ) GLOBAL_UNIT_ASSIGNED_CONTEXT ( ( #4523, #5531, #2214 ) ) REPRESENTATION_CONTEXT ( 'NONE', 'WORKASPACE' ) );
#195 = CARTESIAN_POINT ( 'NONE',  ( 1.569999999999999396, -3.710000000000000853, -3.850000000000000089 ) ) ;
#196 = FILL_AREA_STYLE_COLOUR ( '', #1307 ) ;
#197 = VECTOR ( 'NONE', #6045, 1000.000000000000000 ) ;
#198 = CARTESIAN_POINT ( 'NONE',  ( -1.591557328266857363, -4.950000000000000178, 3.808906606714673071 ) ) ;
#199 = DIRECTION ( 'NONE',  ( 0.2609090251427715890, 0.000000000000000000, -0.9653633930282671249 ) ) ;
#200 = AXIS2_PLACEMENT_3D ( 'NONE', #3554, #4038, #6028 ) ;
#201 = CARTESIAN_POINT ( 'NONE',  ( -0.4285127915711826607, -4.950000000000001066, 1.988712626920535964 ) ) ;
#202 = ORIENTED_EDGE ( 'NONE', *, *, #5111, .F. ) ;
#203 =( NAMED_UNIT ( * ) SI_UNIT ( $, .STERADIAN. ) SOLID_ANGLE_UNIT ( ) );
#204 = VECTOR ( 'NONE', #3392, 1000.000000000000000 ) ;
#205 = SURFACE_STYLE_USAGE ( .BOTH. , #5576 ) ;
#206 = CARTESIAN_POINT ( 'NONE',  ( -0.1626859564822430992, -4.899999999999999467, 1.492021363992232619 ) ) ;
#207 = CARTESIAN_POINT ( 'NONE',  ( -0.6632091346153849987, -4.950000000000001066, 0.8528461538461540314 ) ) ;
#208 = EDGE_LOOP ( 'NONE', ( #1150, #4516, #2533, #4152 ) ) ;
#209 = B_SPLINE_SURFACE_WITH_KNOTS ( 'NONE', 3, 1, ( 
 ( #679, #5466 ),
 ( #1050, #2031 ),
 ( #2351, #1851 ),
 ( #5767, #2060 ),
 ( #609, #2384 ),
 ( #461, #2803 ),
 ( #4318, #5799 ),
 ( #3463, #1083 ),
 ( #5280, #3993 ),
 ( #898, #3018 ),
 ( #1404, #2530 ),
 ( #3350, #5316 ),
 ( #2496, #4492 ),
 ( #2865, #4977 ),
 ( #4350, #5430 ),
 ( #2987, #1546 ),
 ( #4946, #576 ),
 ( #5977, #1583 ),
 ( #5255, #869 ) ),
 .UNSPECIFIED., .F., .F., .F.,
 ( 4, 1, 1, 1, 1, 1, 1, 1, 1, 1, 1, 1, 1, 1, 1, 1, 4 ),
 ( 2, 2 ),
 ( 0.000000000000000000, 0.05794487546232610087, 0.1160176254256830713, 0.1748257843638406639, 0.2346830900793708818, 0.2968270303289149425, 0.3640613359637883684, 0.4361924240497394023, 0.5142601195414410187, 0.5569758971654886759, 0.6048559283836539846, 0.6576752010734877585, 0.7157505846619324208, 0.7788397991664555153, 0.8475011894738634366, 0.9212282309463238894, 1.000000000000000000 ),
 ( 0.000000000000000000, 1.000000000000000000 ),
 .UNSPECIFIED. ) ;
#210 = ORIENTED_EDGE ( 'NONE', *, *, #3669, .T. ) ;
#211 = SURFACE_STYLE_FILL_AREA ( #5523 ) ;
#212 = CARTESIAN_POINT ( 'NONE',  ( -0.6602043269230774003, -4.900000000000001243, 2.045153846153846544 ) ) ;
#213 = ORIENTED_EDGE ( 'NONE', *, *, #4705, .F. ) ;
#214 =( LENGTH_UNIT ( ) NAMED_UNIT ( * ) SI_UNIT ( .MILLI., .METRE. ) );
#215 = FILL_AREA_STYLE_COLOUR ( '', #611 ) ;
#216 = B_SPLINE_CURVE_WITH_KNOTS ( 'NONE', 3,
 ( #3315, #1818, #3197, #3724, #2320, #2196, #331, #3284, #3754, #5699, #4162, #3782, #2708, #5764, #2835, #4794, #2230, #3261, #4219, #5636, #5729, #866, #5157, #2801, #4727, #4282, #5670 ),
 .UNSPECIFIED., .F., .F.,
 ( 4, 1, 1, 1, 1, 1, 1, 1, 1, 1, 1, 1, 1, 1, 1, 1, 1, 1, 1, 1, 1, 1, 1, 1, 4 ),
 ( 0.000000000000000000, 0.05085161579228469897, 0.09975246780941662839, 0.1474376477769318294, 0.1940857839327042589, 0.2391709270841440305, 0.2833398222454339144, 0.3265771497238439958, 0.3689362814999019857, 0.4105718726814495123, 0.4510505934949118334, 0.4908768629924158966, 0.5300443324843857607, 0.5689366633103305482, 0.6075778621311336281, 0.6464200964505126823, 0.6856793513063941248, 0.7247985849801966696, 0.7635130084045109733, 0.8021725263787546911, 0.8407403615726125601, 0.8796493769005858665, 0.9190706128663397312, 0.9590978622172243728, 1.000000000000000000 ),
 .UNSPECIFIED. ) ;
#217 = CARTESIAN_POINT ( 'NONE',  ( -0.1626690997974142294, -4.950000000000001066, 1.425045901667517878 ) ) ;
#218 = FACE_OUTER_BOUND ( 'NONE', #2154, .T. ) ;
#219 = SURFACE_STYLE_FILL_AREA ( #606 ) ;
#220 = CARTESIAN_POINT ( 'NONE',  ( 0.04412272862817897406, -4.950000000000000178, 1.336745568844278420 ) ) ;
#221 =( NAMED_UNIT ( * ) PLANE_ANGLE_UNIT ( ) SI_UNIT ( $, .RADIAN. ) );
#222 = CARTESIAN_POINT ( 'NONE',  ( 1.484820755446078389, -4.900000000000003020, 3.976755444584354038 ) ) ;
#223 = FILL_AREA_STYLE ('',( #4590 ) ) ;
#224 = VERTEX_POINT ( 'NONE', #3318 ) ;
#225 = ORIENTED_EDGE ( 'NONE', *, *, #4325, .F. ) ;
#226 = B_SPLINE_SURFACE_WITH_KNOTS ( 'NONE', 3, 1, ( 
 ( #446, #385 ),
 ( #2310, #1427 ),
 ( #5274, #5333 ),
 ( #480, #1049 ),
 ( #1119, #1455 ),
 ( #1545, #5842 ),
 ( #515, #2986 ),
 ( #1998, #3924 ),
 ( #1519, #3055 ),
 ( #2529, #3892 ),
 ( #1082, #3954 ),
 ( #2438, #542 ),
 ( #2466, #4975 ),
 ( #4883, #2956 ),
 ( #4457, #5879 ),
 ( #3499, #1487 ),
 ( #575, #2059 ),
 ( #3430, #90 ),
 ( #4433, #5400 ) ),
 .UNSPECIFIED., .F., .F., .F.,
 ( 4, 1, 1, 1, 1, 1, 1, 1, 1, 1, 1, 1, 1, 1, 1, 1, 4 ),
 ( 2, 2 ),
 ( 0.000000000000000000, 0.07471189030450110791, 0.1455392023749086938, 0.2133390572509724636, 0.2786150735384709254, 0.3420941969414989514, 0.4038900759591956824, 0.4650633525655205602, 0.5265767363834863435, 0.5873283340287678289, 0.6463804557031442855, 0.7043453083753257182, 0.7616719489990795289, 0.8194178590468653711, 0.8780393997816825502, 0.9377955090070554389, 1.000000000000000000 ),
 ( 0.000000000000000000, 1.000000000000000000 ),
 .UNSPECIFIED. ) ;
#227 = DIRECTION ( 'NONE',  ( -0.000000000000000000, -0.000000000000000000, -1.000000000000000000 ) ) ;
#228 = EDGE_CURVE ( 'NONE', #587, #2612, #1322, .T. ) ;
#229 = CARTESIAN_POINT ( 'NONE',  ( 1.552727260191353098, -4.900000000000002132, 4.208510301126900721 ) ) ;
#230 = CARTESIAN_POINT ( 'NONE',  ( 0.04888965450882545166, -4.900000000000000355, 1.464930426956593701 ) ) ;
#231 = FILL_AREA_STYLE_COLOUR ( '', #1110 ) ;
#232 =( LENGTH_UNIT ( ) NAMED_UNIT ( * ) SI_UNIT ( .MILLI., .METRE. ) );
#233 = LINE ( 'NONE', #2735, #1567 ) ;
#234 = FILL_AREA_STYLE_COLOUR ( '', #1601 ) ;
#235 = CARTESIAN_POINT ( 'NONE',  ( -0.2964278310720646070, -4.900000000000003020, 1.882307954387121951 ) ) ;
#236 = ORIENTED_EDGE ( 'NONE', *, *, #1700, .F. ) ;
#237 = DIRECTION ( 'NONE',  ( 0.000000000000000000, -0.000000000000000000, -1.000000000000000000 ) ) ;
#238 = CARTESIAN_POINT ( 'NONE',  ( 0.5143269230769229594, -4.900000000000000355, 2.199000000000000288 ) ) ;
#239 = CARTESIAN_POINT ( 'NONE',  ( 0.9538093358730753701, -4.950000000000000178, 4.242120592134414281 ) ) ;
#240 = CARTESIAN_POINT ( 'NONE',  ( 0.2907692307692305023, -4.900000000000000355, 0.6990000000000001767 ) ) ;
#241 = CARTESIAN_POINT ( 'NONE',  ( 1.177202005295171716, -4.949999999999998401, 4.153616862752056882 ) ) ;
#242 = CARTESIAN_POINT ( 'NONE',  ( 1.444615384615384412, -4.900000000000000355, 0.6990000000000001767 ) ) ;
#243 = ORIENTED_EDGE ( 'NONE', *, *, #37, .F. ) ;
#244 = VERTEX_POINT ( 'NONE', #5222 ) ;
#245 = EDGE_CURVE ( 'NONE', #2499, #745, #2744, .T. ) ;
#246 = CARTESIAN_POINT ( 'NONE',  ( -0.2897854716392677110, -4.899999999999997691, 2.120170329838734880 ) ) ;
#247 = CARTESIAN_POINT ( 'NONE',  ( -0.7592674147457059153, -4.900000000000000355, 2.036817092688030684 ) ) ;
#248 = MECHANICAL_DESIGN_GEOMETRIC_PRESENTATION_REPRESENTATION (  '', ( #4315 ), #5650 ) ;
#249 = ORIENTED_EDGE ( 'NONE', *, *, #4679, .F. ) ;
#250 = PRESENTATION_LAYER_ASSIGNMENT (  '', '', ( #346 ) ) ;
#251 = CARTESIAN_POINT ( 'NONE',  ( 1.110765723642607172, -4.950000000000000178, 3.216707648109436768 ) ) ;
#252 = FILL_AREA_STYLE_COLOUR ( '', #2730 ) ;
#253 = UNCERTAINTY_MEASURE_WITH_UNIT (LENGTH_MEASURE( 1.000000000000000082E-05 ), #3147, 'distance_accuracy_value', 'NONE');
#254 = CARTESIAN_POINT ( 'NONE',  ( -3.270000000000000462, 1.700000000000000178, 8.800000000000000711 ) ) ;
#255 = LINE ( 'NONE', #2184, #5031 ) ;
#256 = STYLED_ITEM ( 'NONE', ( #5493 ), #2401 ) ;
#257 = DIRECTION ( 'NONE',  ( -1.000000000000000000, 0.000000000000000000, 0.000000000000000000 ) ) ;
#258 = ORIENTED_EDGE ( 'NONE', *, *, #1699, .F. ) ;
#259 = ORIENTED_EDGE ( 'NONE', *, *, #5318, .F. ) ;
#260 = LINE ( 'NONE', #2699, #301 ) ;
#261 = CARTESIAN_POINT ( 'NONE',  ( 1.380311047077040332, -4.950000000000001954, 4.120677227991989433 ) ) ;
#262 = CARTESIAN_POINT ( 'NONE',  ( 2.770000000000000462, -1.699999999999999956, 1.800000000000000488 ) ) ;
#263 = SURFACE_SIDE_STYLE ('',( #5689 ) ) ;
#264 =( LENGTH_UNIT ( ) NAMED_UNIT ( * ) SI_UNIT ( .MILLI., .METRE. ) );
#265 = ADVANCED_FACE ( 'NONE', ( #817 ), #5477, .T. ) ;
#266 = FILL_AREA_STYLE ('',( #2665 ) ) ;
#267 = CARTESIAN_POINT ( 'NONE',  ( -0.2755182788481818634, -4.949999999999998401, 1.854975479348065281 ) ) ;
#268 = ORIENTED_EDGE ( 'NONE', *, *, #4184, .F. ) ;
#269 = CARTESIAN_POINT ( 'NONE',  ( 1.001605769230768939, -4.950000000000000178, 3.098487179487178889 ) ) ;
#270 = CARTESIAN_POINT ( 'NONE',  ( 1.569999999999999396, 3.910000000000000142, -3.479999999999997762 ) ) ;
#271 = CARTESIAN_POINT ( 'NONE',  ( -1.225662300607086364, -4.900000000000002132, 4.303644784815269908 ) ) ;
#272 = LINE ( 'NONE', #5187, #4849 ) ;
#273 = FILL_AREA_STYLE_COLOUR ( '', #1368 ) ;
#274 = EDGE_CURVE ( 'NONE', #1714, #5469, #1095, .T. ) ;
#275 = VERTEX_POINT ( 'NONE', #1528 ) ;
#276 = FILL_AREA_STYLE_COLOUR ( '', #2877 ) ;
#277 = CARTESIAN_POINT ( 'NONE',  ( -0.8519788110049142382, -4.949999999999997513, 2.010511926915531600 ) ) ;
#278 = PRESENTATION_STYLE_ASSIGNMENT (( #639 ) ) ;
#279 = ORIENTED_EDGE ( 'NONE', *, *, #653, .F. ) ;
#280 = CARTESIAN_POINT ( 'NONE',  ( 1.181383793238048874, -4.900000000000000355, 3.276261520706435615 ) ) ;
#281 = CARTESIAN_POINT ( 'NONE',  ( -0.3392960179171980450, -4.949999999999999289, 0.9713712711711781633 ) ) ;
#282 = FILL_AREA_STYLE ('',( #823 ) ) ;
#283 = DIRECTION ( 'NONE',  ( -1.000000000000000000, 0.000000000000000000, 0.000000000000000000 ) ) ;
#284 = CARTESIAN_POINT ( 'NONE',  ( 0.04830076637220709346, -4.900000000000002132, 1.391139720170956329 ) ) ;
#285 = ORIENTED_EDGE ( 'NONE', *, *, #1389, .F. ) ;
#286 = VERTEX_POINT ( 'NONE', #3412 ) ;
#287 = LINE ( 'NONE', #3157, #197 ) ;
#288 = DIRECTION ( 'NONE',  ( 0.000000000000000000, 0.000000000000000000, 1.000000000000000000 ) ) ;
#289 = VECTOR ( 'NONE', #5768, 1000.000000000000000 ) ;
#290 = FACE_OUTER_BOUND ( 'NONE', #2433, .T. ) ;
#291 = CARTESIAN_POINT ( 'NONE',  ( -1.604615384615384999, -4.900000000000000355, 3.968999999999999417 ) ) ;
#292 = PLANE ( 'NONE',  #2480 ) ;
#293 = MECHANICAL_DESIGN_GEOMETRIC_PRESENTATION_REPRESENTATION (  '', ( #454 ), #5087 ) ;
#294 = CARTESIAN_POINT ( 'NONE',  ( 0.7710769230769229932, -4.950000000000000178, 2.918999999999999595 ) ) ;
#295 = ORIENTED_EDGE ( 'NONE', *, *, #3488, .T. ) ;
#296 = PRESENTATION_STYLE_ASSIGNMENT (( #4931 ) ) ;
#297 = B_SPLINE_CURVE_WITH_KNOTS ( 'NONE', 3,
 ( #1532, #3037, #560, #2450, #5864, #2550, #1035 ),
 .UNSPECIFIED., .F., .F.,
 ( 4, 1, 1, 1, 4 ),
 ( 0.000000000000000000, 0.2526433275832366543, 0.5044398525799894673, 0.7504068042814572292, 1.000000000000000000 ),
 .UNSPECIFIED. ) ;
#298 = AXIS2_PLACEMENT_3D ( 'NONE', #156, #1678, #3053 ) ;
#299 = ADVANCED_FACE ( 'NONE', ( #5413 ), #4496, .T. ) ;
#300 = CARTESIAN_POINT ( 'NONE',  ( -0.6602043269230772893, -4.900000000000000355, 2.045153846153846100 ) ) ;
#301 = VECTOR ( 'NONE', #5178, 1000.000000000000000 ) ;
#302 = SURFACE_SIDE_STYLE ('',( #1400 ) ) ;
#303 = CARTESIAN_POINT ( 'NONE',  ( -3.270000000000000462, -4.950000000000000178, 6.799999999999995381 ) ) ;
#304 = CARTESIAN_POINT ( 'NONE',  ( -0.2119101279706146201, -4.899999999999998579, 2.066110545126630171 ) ) ;
#305 = PRESENTATION_LAYER_ASSIGNMENT (  '', '', ( #3343 ) ) ;
#306 = DIRECTION ( 'NONE',  ( -0.000000000000000000, 1.000000000000000000, -0.000000000000000000 ) ) ;
#307 = CARTESIAN_POINT ( 'NONE',  ( 0.6700000000000000400, -2.449999999999990408, 4.801000000000000156 ) ) ;
#308 = EDGE_LOOP ( 'NONE', ( #2459, #943, #2375 ) ) ;
#309 = ORIENTED_EDGE ( 'NONE', *, *, #5306, .F. ) ;
#310 = COLOUR_RGB ( '',1.000000000000000000, 1.000000000000000000, 1.000000000000000000 ) ;
#311 = EDGE_CURVE ( 'NONE', #1575, #1925, #2641, .T. ) ;
#312 =( LENGTH_UNIT ( ) NAMED_UNIT ( * ) SI_UNIT ( .MILLI., .METRE. ) );
#313 = DIRECTION ( 'NONE',  ( -0.000000000000000000, -0.000000000000000000, 1.000000000000000000 ) ) ;
#314 = ORIENTED_EDGE ( 'NONE', *, *, #4233, .F. ) ;
#315 = CARTESIAN_POINT ( 'NONE',  ( 1.267828928425283053, -4.899999999999999467, 3.348199777096476648 ) ) ;
#316 = CARTESIAN_POINT ( 'NONE',  ( -1.470000000000000417, -3.710000000000000853, -3.850000000000000089 ) ) ;
#317 = EDGE_CURVE ( 'NONE', #150, #3400, #1627, .T. ) ;
#318 = CARTESIAN_POINT ( 'NONE',  ( 0.000000000000000000, 0.000000000000000000, 1.800000000000000488 ) ) ;
#319 = DIRECTION ( 'NONE',  ( -1.000000000000000000, 0.000000000000000000, 0.000000000000000000 ) ) ;
#320 = DIRECTION ( 'NONE',  ( 0.000000000000000000, 0.000000000000000000, 1.000000000000000000 ) ) ;
#321 = CARTESIAN_POINT ( 'NONE',  ( 1.489025641025640612, -4.900000000000000355, 3.930858974358974134 ) ) ;
#322 = ORIENTED_EDGE ( 'NONE', *, *, #4705, .T. ) ;
#323 = ORIENTED_EDGE ( 'NONE', *, *, #4405, .F. ) ;
#324 = CARTESIAN_POINT ( 'NONE',  ( 1.080518721978244834, -4.900000000000000355, 4.120152759901196227 ) ) ;
#325 = CARTESIAN_POINT ( 'NONE',  ( 0.9685128205128203938, -4.900000000000000355, 3.906179487179486820 ) ) ;
#326 = FILL_AREA_STYLE_COLOUR ( '', #6076 ) ;
#327 = PLANE ( 'NONE',  #2010 ) ;
#328 = ORIENTED_EDGE ( 'NONE', *, *, #2425, .T. ) ;
#329 = CARTESIAN_POINT ( 'NONE',  ( 1.130677409758687579, -4.900000000000001243, 3.457759804190681407 ) ) ;
#330 = CARTESIAN_POINT ( 'NONE',  ( -0.6700000000000000400, -2.449999999999990408, 8.001000000000001222 ) ) ;
#331 = CARTESIAN_POINT ( 'NONE',  ( -0.1857799456033984165, -4.950000000000000178, 1.655220012804757834 ) ) ;
#332 = DIRECTION ( 'NONE',  ( -0.000000000000000000, -1.000000000000000000, -0.000000000000000000 ) ) ;
#333 = CARTESIAN_POINT ( 'NONE',  ( 0.9694952330310907529, -4.950000000000001066, 3.934398939359544656 ) ) ;
#334 = CARTESIAN_POINT ( 'NONE',  ( -0.1633730766634506060, -4.899999999999999467, 1.380142193239525916 ) ) ;
#335 = ORIENTED_EDGE ( 'NONE', *, *, #5632, .T. ) ;
#336 = CARTESIAN_POINT ( 'NONE',  ( 1.233817307692307352, -4.900000000000000355, 4.157461538461538098 ) ) ;
#337 = SURFACE_STYLE_USAGE ( .BOTH. , #2746 ) ;
#338 = DIRECTION ( 'NONE',  ( 1.000000000000000000, 0.000000000000000000, 0.000000000000000000 ) ) ;
#339 = AXIS2_PLACEMENT_3D ( 'NONE', #744, #6092, #1255 ) ;
#340 = EDGE_CURVE ( 'NONE', #2904, #413, #5992, .T. ) ;
#341 = ORIENTED_EDGE ( 'NONE', *, *, #317, .T. ) ;
#342 = VECTOR ( 'NONE', #2786, 1000.000000000000000 ) ;
#343 = PRESENTATION_LAYER_ASSIGNMENT (  '', '', ( #3383 ) ) ;
#344 = CARTESIAN_POINT ( 'NONE',  ( 2.540000000000000036, -6.449999999999990408, 0.000000000000000000 ) ) ;
#345 = CARTESIAN_POINT ( 'NONE',  ( 1.261193765907706377, -4.949999999999999289, 4.156797796990637117 ) ) ;
#346 = STYLED_ITEM ( 'NONE', ( #1754 ), #1891 ) ;
#347 = ADVANCED_FACE ( 'NONE', ( #1690 ), #4637, .F. ) ;
#348 = ORIENTED_EDGE ( 'NONE', *, *, #1236, .T. ) ;
#349 = MECHANICAL_DESIGN_GEOMETRIC_PRESENTATION_REPRESENTATION (  '', ( #1062 ), #1262 ) ;
#350 = ORIENTED_EDGE ( 'NONE', *, *, #429, .T. ) ;
#351 = CARTESIAN_POINT ( 'NONE',  ( 1.224085898619714952, -4.899999999999999467, 4.157238049196632090 ) ) ;
#352 = PRESENTATION_LAYER_ASSIGNMENT (  '', '', ( #961 ) ) ;
#353 =( NAMED_UNIT ( * ) PLANE_ANGLE_UNIT ( ) SI_UNIT ( $, .RADIAN. ) );
#354 =( GEOMETRIC_REPRESENTATION_CONTEXT ( 3 ) GLOBAL_UNCERTAINTY_ASSIGNED_CONTEXT ( ( #175 ) ) GLOBAL_UNIT_ASSIGNED_CONTEXT ( ( #859, #3863, #4755 ) ) REPRESENTATION_CONTEXT ( 'NONE', 'WORKASPACE' ) );
#355 = CARTESIAN_POINT ( 'NONE',  ( 0.7802697377268368317, -4.950000000000001066, 3.013548691261400236 ) ) ;
#356 = EDGE_LOOP ( 'NONE', ( #5787, #450, #93, #1002 ) ) ;
#357 = STYLED_ITEM ( 'NONE', ( #3278 ), #2388 ) ;
#358 = CARTESIAN_POINT ( 'NONE',  ( -0.7592674147457059153, -4.900000000000000355, 2.036817092688030684 ) ) ;
#359 = VECTOR ( 'NONE', #414, 1000.000000000000000 ) ;
#360 = DIRECTION ( 'NONE',  ( -0.000000000000000000, -0.000000000000000000, 1.000000000000000000 ) ) ;
#361 = PRESENTATION_STYLE_ASSIGNMENT (( #4726 ) ) ;
#362 = LINE ( 'NONE', #4702, #4422 ) ;
#363 = CARTESIAN_POINT ( 'NONE',  ( -1.470000000000000417, -3.910000000000001030, -3.850000000000000089 ) ) ;
#364 = CARTESIAN_POINT ( 'NONE',  ( 1.233076923076922737, -4.900000000000000355, 1.079709134615384647 ) ) ;
#365 =( NAMED_UNIT ( * ) PLANE_ANGLE_UNIT ( ) SI_UNIT ( $, .RADIAN. ) );
#366 = CARTESIAN_POINT ( 'NONE',  ( -0.6700000000000000400, -2.449999999999989519, 8.800000000000000711 ) ) ;
#367 = ORIENTED_EDGE ( 'NONE', *, *, #1499, .F. ) ;
#368 = CARTESIAN_POINT ( 'NONE',  ( 1.211180187940076314, -4.900000000000000355, 3.301567065358137043 ) ) ;
#369 = CARTESIAN_POINT ( 'NONE',  ( 0.8612240651809786041, -4.900000000000000355, 3.189403631216825463 ) ) ;
#370 = CARTESIAN_POINT ( 'NONE',  ( 1.453946578916150090, -4.950000000000000178, 4.276329552295953462 ) ) ;
#371 = B_SPLINE_CURVE_WITH_KNOTS ( 'NONE', 3,
 ( #667, #4553, #2588, #5005, #5459, #3012, #4971, #5971, #1576, #179, #1676, #1144, #3530, #5487, #3637, #2090, #4615, #3077, #2118 ),
 .UNSPECIFIED., .F., .F.,
 ( 4, 1, 1, 1, 1, 1, 1, 1, 1, 1, 1, 1, 1, 1, 1, 1, 4 ),
 ( 0.000000000000000000, 0.05794487546232610087, 0.1160176254256830713, 0.1748257843638406639, 0.2346830900793708818, 0.2968270303289149425, 0.3640613359637883684, 0.4361924240497394023, 0.5142601195414410187, 0.5569758971654886759, 0.6048559283836539846, 0.6576752010734877585, 0.7157505846619324208, 0.7788397991664555153, 0.8475011894738634366, 0.9212282309463238894, 1.000000000000000000 ),
 .UNSPECIFIED. ) ;
#372 = ADVANCED_FACE ( 'NONE', ( #651 ), #5061, .T. ) ;
#373 =( LENGTH_UNIT ( ) NAMED_UNIT ( * ) SI_UNIT ( .MILLI., .METRE. ) );
#374 = CARTESIAN_POINT ( 'NONE',  ( 1.686461538461538234, -4.900000000000000355, 2.918999999999999595 ) ) ;
#375 =( NAMED_UNIT ( * ) PLANE_ANGLE_UNIT ( ) SI_UNIT ( $, .RADIAN. ) );
#376 = DIRECTION ( 'NONE',  ( -1.000000000000000000, 0.000000000000000000, 0.000000000000000000 ) ) ;
#377 = ORIENTED_EDGE ( 'NONE', *, *, #5500, .F. ) ;
#378 = VERTEX_POINT ( 'NONE', #270 ) ;
#379 = CARTESIAN_POINT ( 'NONE',  ( 1.459400238922801130, -4.950000000000001954, 3.808648535583293526 ) ) ;
#380 = ADVANCED_FACE ( 'NONE', ( #3129 ), #4160, .T. ) ;
#381 = CARTESIAN_POINT ( 'NONE',  ( -1.316342305949406821, -4.900000000000001243, 4.178117614143100234 ) ) ;
#382 = CARTESIAN_POINT ( 'NONE',  ( 0.04923076923076886297, -4.900000000000001243, 1.446596153846154476 ) ) ;
#383 = CARTESIAN_POINT ( 'NONE',  ( -3.270000000000000462, 4.950000000000000178, 8.300000000000000711 ) ) ;
#384 = DIRECTION ( 'NONE',  ( -0.000000000000000000, -1.000000000000000000, -0.000000000000000000 ) ) ;
#385 = CARTESIAN_POINT ( 'NONE',  ( 1.237743589743589334, -4.950000000000000178, 4.318999999999999950 ) ) ;
#386 = FILL_AREA_STYLE ('',( #4630 ) ) ;
#387 = VERTEX_POINT ( 'NONE', #3434 ) ;
#388 = CARTESIAN_POINT ( 'NONE',  ( 1.390928612614181992, -4.900000000000000355, 3.704977834813843796 ) ) ;
#389 = FILL_AREA_STYLE ('',( #3753 ) ) ;
#390 = LINE ( 'NONE', #1788, #3720 ) ;
#391 = FILL_AREA_STYLE ('',( #488 ) ) ;
#392 = PRESENTATION_STYLE_ASSIGNMENT (( #447 ) ) ;
#393 = CARTESIAN_POINT ( 'NONE',  ( -0.7592674147457059153, -4.950000000000000178, 2.036817092688030684 ) ) ;
#394 = UNCERTAINTY_MEASURE_WITH_UNIT (LENGTH_MEASURE( 1.000000000000000082E-05 ), #533, 'distance_accuracy_value', 'NONE');
#395 = PRESENTATION_LAYER_ASSIGNMENT (  '', '', ( #4375 ) ) ;
#396 = STYLED_ITEM ( 'NONE', ( #2721 ), #1162 ) ;
#397 = CARTESIAN_POINT ( 'NONE',  ( 0.9727285291870937378, -4.949999999999999289, 3.961671791640577478 ) ) ;
#398 = UNCERTAINTY_MEASURE_WITH_UNIT (LENGTH_MEASURE( 1.000000000000000082E-05 ), #2575, 'distance_accuracy_value', 'NONE');
#399 = VECTOR ( 'NONE', #3899, 1000.000000000000114 ) ;
#400 = AXIS2_PLACEMENT_3D ( 'NONE', #5528, #5587, #4616 ) ;
#401 = CARTESIAN_POINT ( 'NONE',  ( -3.270000000000000462, -4.950000000000000178, 6.799999999999995381 ) ) ;
#402 = VECTOR ( 'NONE', #2297, 1000.000000000000114 ) ;
#403 = ORIENTED_EDGE ( 'NONE', *, *, #700, .F. ) ;
#404 = CARTESIAN_POINT ( 'NONE',  ( 1.001605769230768939, -4.950000000000000178, 3.098487179487178889 ) ) ;
#405 = CARTESIAN_POINT ( 'NONE',  ( -1.225662300607086364, -4.950000000000001954, 4.303644784815269908 ) ) ;
#406 = VECTOR ( 'NONE', #5861, 1000.000000000000000 ) ;
#407 = SURFACE_STYLE_USAGE ( .BOTH. , #4871 ) ;
#408 = DIRECTION ( 'NONE',  ( 1.275531967630005245E-16, -1.000000000000000000, 0.000000000000000000 ) ) ;
#409 = CARTESIAN_POINT ( 'NONE',  ( 1.322132548175710909, -4.950000000000001066, 3.394079400742936681 ) ) ;
#410 = CARTESIAN_POINT ( 'NONE',  ( 0.6700000000000002620, -6.449999999999990408, 8.001000000000001222 ) ) ;
#411 = CARTESIAN_POINT ( 'NONE',  ( 1.336911968165742870, -4.900000000000001243, 4.141733821787023651 ) ) ;
#412 = ORIENTED_EDGE ( 'NONE', *, *, #2048, .T. ) ;
#413 = VERTEX_POINT ( 'NONE', #2002 ) ;
#414 = DIRECTION ( 'NONE',  ( -1.000000000000000000, -0.000000000000000000, -0.000000000000000000 ) ) ;
#415 = CARTESIAN_POINT ( 'NONE',  ( -0.7641664680140574095, -4.900000000000002132, 0.6855724702486077904 ) ) ;
#416 = CARTESIAN_POINT ( 'NONE',  ( 0.6700000000000000400, -2.449999999999990408, 4.800000000000000711 ) ) ;
#417 = VERTEX_POINT ( 'NONE', #3962 ) ;
#418 = EDGE_CURVE ( 'NONE', #477, #1599, #2442, .T. ) ;
#419 = EDGE_CURVE ( 'NONE', #1173, #1488, #484, .T. ) ;
#420 = CARTESIAN_POINT ( 'NONE',  ( -0.6614062500000003064, -4.900000000000000355, 2.218230769230769006 ) ) ;
#421 = PRESENTATION_STYLE_ASSIGNMENT (( #5250 ) ) ;
#422 = SURFACE_STYLE_FILL_AREA ( #1847 ) ;
#423 =( NAMED_UNIT ( * ) PLANE_ANGLE_UNIT ( ) SI_UNIT ( $, .RADIAN. ) );
#424 = CARTESIAN_POINT ( 'NONE',  ( -1.078050254835857702, -4.950000000000000178, 0.8069032235124634633 ) ) ;
#425 = CARTESIAN_POINT ( 'NONE',  ( -0.1623076923076927081, -4.950000000000001066, 1.448098557692307775 ) ) ;
#426 = EDGE_CURVE ( 'NONE', #1239, #63, #66, .T. ) ;
#427 = CARTESIAN_POINT ( 'NONE',  ( 1.224085898619714952, -4.949999999999999289, 4.157238049196632090 ) ) ;
#428 = LINE ( 'NONE', #3320, #5964 ) ;
#429 = EDGE_CURVE ( 'NONE', #4081, #4714, #23, .T. ) ;
#430 = ORIENTED_EDGE ( 'NONE', *, *, #1005, .T. ) ;
#431 = UNCERTAINTY_MEASURE_WITH_UNIT (LENGTH_MEASURE( 1.000000000000000082E-05 ), #2227, 'distance_accuracy_value', 'NONE');
#432 = PRESENTATION_STYLE_ASSIGNMENT (( #4801 ) ) ;
#433 = PRESENTATION_STYLE_ASSIGNMENT (( #472 ) ) ;
#434 = CARTESIAN_POINT ( 'NONE',  ( 1.603610651687636723, -4.950000000000002842, 4.149639053394556854 ) ) ;
#435 = DIRECTION ( 'NONE',  ( 0.000000000000000000, 4.037784246375875275E-13, -1.000000000000000000 ) ) ;
#436 =( NAMED_UNIT ( * ) PLANE_ANGLE_UNIT ( ) SI_UNIT ( $, .RADIAN. ) );
#437 = CARTESIAN_POINT ( 'NONE',  ( -0.04150149118459579844, -4.899999999999999467, 1.041776439602797089 ) ) ;
#438 = MECHANICAL_DESIGN_GEOMETRIC_PRESENTATION_REPRESENTATION (  '', ( #4716 ), #2767 ) ;
#439 = CARTESIAN_POINT ( 'NONE',  ( 1.870000000000000551, -3.649999999999990141, 6.801000000000001933 ) ) ;
#440 = ORIENTED_EDGE ( 'NONE', *, *, #5632, .F. ) ;
#441 = CARTESIAN_POINT ( 'NONE',  ( 1.469999999999999973, -3.910000000000001030, -3.850000000000000089 ) ) ;
#442 = CARTESIAN_POINT ( 'NONE',  ( 3.020000000000000462, -1.699999999999999956, 3.300000000000000266 ) ) ;
#443 = LINE ( 'NONE', #5723, #359 ) ;
#444 = CARTESIAN_POINT ( 'NONE',  ( -1.341002818820658193, -4.899999999999999467, 1.192276586425710994 ) ) ;
#445 = AXIS2_PLACEMENT_3D ( 'NONE', #3186, #2662, #1621 ) ;
#446 = CARTESIAN_POINT ( 'NONE',  ( 1.237743589743589334, -4.900000000000000355, 4.318999999999999950 ) ) ;
#447 = SURFACE_STYLE_USAGE ( .BOTH. , #4565 ) ;
#448 = VECTOR ( 'NONE', #6034, 1000.000000000000000 ) ;
#449 = ORIENTED_EDGE ( 'NONE', *, *, #71, .F. ) ;
#450 = ORIENTED_EDGE ( 'NONE', *, *, #121, .F. ) ;
#451 = CARTESIAN_POINT ( 'NONE',  ( -1.009996234918222768, -4.899999999999999467, 2.137514736226421963 ) ) ;
#452 = COLOUR_RGB ( '',1.000000000000000000, 1.000000000000000000, 1.000000000000000000 ) ;
#453 = CARTESIAN_POINT ( 'NONE',  ( 1.312975866370717615, -4.900000000000000355, 4.148625244472364137 ) ) ;
#454 = STYLED_ITEM ( 'NONE', ( #2774 ), #5651 ) ;
#455 = VECTOR ( 'NONE', #5701, 1000.000000000000000 ) ;
#456 = B_SPLINE_CURVE_WITH_KNOTS ( 'NONE', 3,
 ( #3263, #1822, #6250, #393, #1254, #3201, #3784, #4193, #4796, #3287, #4319, #1732, #1791, #3757, #2352, #2234, #3807, #1852, #778 ),
 .UNSPECIFIED., .F., .F.,
 ( 4, 1, 1, 1, 1, 1, 1, 1, 1, 1, 1, 1, 1, 1, 1, 1, 4 ),
 ( 0.000000000000000000, 0.05594313335691826483, 0.1103820356898404936, 0.1640478588828495898, 0.2167594775435857102, 0.2696011346144469578, 0.3230085051908686555, 0.3775814436721359191, 0.4334493367080535786, 0.4909218580498928008, 0.5506247708713253308, 0.6131168723098182616, 0.6798607463518505645, 0.7513577440202003910, 0.8282611012589942145, 0.9107950320656291732, 1.000000000000000000 ),
 .UNSPECIFIED. ) ;
#457 = CARTESIAN_POINT ( 'NONE',  ( 1.233076923076922737, -4.900000000000000355, 1.079709134615384647 ) ) ;
#458 = EDGE_CURVE ( 'NONE', #2111, #5685, #1431, .T. ) ;
#459 = CARTESIAN_POINT ( 'NONE',  ( -1.368740829554302429, -4.950000000000001066, 1.332684172134450451 ) ) ;
#460 = MECHANICAL_DESIGN_GEOMETRIC_PRESENTATION_REPRESENTATION (  '', ( #2676 ), #3097 ) ;
#461 = CARTESIAN_POINT ( 'NONE',  ( 1.637327588810457923, -4.900000000000002132, 3.767415401426727595 ) ) ;
#462 = CARTESIAN_POINT ( 'NONE',  ( 0.8307755860468750697, -4.900000000000000355, 4.093781576941938560 ) ) ;
#463 = ORIENTED_EDGE ( 'NONE', *, *, #176, .F. ) ;
#464 = VECTOR ( 'NONE', #155, 1000.000000000000000 ) ;
#465 = CARTESIAN_POINT ( 'NONE',  ( 1.024303284362355404, -4.950000000000001066, 4.073603686376193522 ) ) ;
#466 = FACE_OUTER_BOUND ( 'NONE', #1753, .T. ) ;
#467 = VECTOR ( 'NONE', #2493, 1000.000000000000000 ) ;
#468 = EDGE_CURVE ( 'NONE', #4310, #2185, #4463, .T. ) ;
#469 = CARTESIAN_POINT ( 'NONE',  ( 1.686461538461538234, -4.900000000000000355, 3.098487179487178889 ) ) ;
#470 = VERTEX_POINT ( 'NONE', #1490 ) ;
#471 =( LENGTH_UNIT ( ) NAMED_UNIT ( * ) SI_UNIT ( .MILLI., .METRE. ) );
#472 = SURFACE_STYLE_USAGE ( .BOTH. , #4837 ) ;
#473 = CARTESIAN_POINT ( 'NONE',  ( 0.2907692307692305023, -4.950000000000000178, 2.199000000000000288 ) ) ;
#474 = LINE ( 'NONE', #2394, #1870 ) ;
#475 = CARTESIAN_POINT ( 'NONE',  ( 1.461888471791588318, -4.949999999999998401, 4.038951151320748778 ) ) ;
#476 = ORIENTED_EDGE ( 'NONE', *, *, #2350, .T. ) ;
#477 = VERTEX_POINT ( 'NONE', #5920 ) ;
#478 = CARTESIAN_POINT ( 'NONE',  ( 1.214347889233033495, -4.950000000000000178, 3.530278682448089622 ) ) ;
#479 = CARTESIAN_POINT ( 'NONE',  ( -1.083380396623696118, -4.900000000000000355, 1.089966371421184466 ) ) ;
#480 = CARTESIAN_POINT ( 'NONE',  ( 1.331422089267603415, -4.899999999999999467, 4.312657253342179864 ) ) ;
#481 = ORIENTED_EDGE ( 'NONE', *, *, #959, .T. ) ;
#482 = VERTEX_POINT ( 'NONE', #3373 ) ;
#483 = SURFACE_STYLE_USAGE ( .BOTH. , #1021 ) ;
#484 = LINE ( 'NONE', #5406, #4786 ) ;
#485 = CARTESIAN_POINT ( 'NONE',  ( -0.1435003660408739334, -4.900000000000001243, 2.002444828161038082 ) ) ;
#486 = CARTESIAN_POINT ( 'NONE',  ( 0.02829212544617857455, -4.900000000000001243, 1.657598385937758989 ) ) ;
#487 = VECTOR ( 'NONE', #3726, 1000.000000000000000 ) ;
#488 = FILL_AREA_STYLE_COLOUR ( '', #4731 ) ;
#489 = CARTESIAN_POINT ( 'NONE',  ( 1.101620746622228975, -4.900000000000001243, 4.305401092292759913 ) ) ;
#490 = ORIENTED_EDGE ( 'NONE', *, *, #2960, .T. ) ;
#491 = UNCERTAINTY_MEASURE_WITH_UNIT (LENGTH_MEASURE( 1.000000000000000082E-05 ), #4725, 'distance_accuracy_value', 'NONE');
#492 = CARTESIAN_POINT ( 'NONE',  ( -1.128021591228418830, -4.950000000000001066, 1.188448951658802821 ) ) ;
#493 = MECHANICAL_DESIGN_GEOMETRIC_PRESENTATION_REPRESENTATION (  '', ( #5494 ), #4068 ) ;
#494 = CARTESIAN_POINT ( 'NONE',  ( -1.869999999999999885, -3.649999999999990141, 5.301000000000002821 ) ) ;
#495 = CARTESIAN_POINT ( 'NONE',  ( -0.6699999999999995959, -2.449999999999990408, 8.001000000000001222 ) ) ;
#496 = AXIS2_PLACEMENT_3D ( 'NONE', #3245, #756, #1619 ) ;
#497 = EDGE_LOOP ( 'NONE', ( #3878, #622, #1482, #33 ) ) ;
#498 = EDGE_CURVE ( 'NONE', #2842, #1435, #5313, .T. ) ;
#499 = EDGE_CURVE ( 'NONE', #6024, #4239, #4069, .T. ) ;
#500 = FILL_AREA_STYLE_COLOUR ( '', #4820 ) ;
#501 = CARTESIAN_POINT ( 'NONE',  ( -0.9700000000000008615, 3.910000000000000142, -3.479999999999994209 ) ) ;
#502 = LINE ( 'NONE', #1895, #5760 ) ;
#503 = VECTOR ( 'NONE', #5136, 1000.000000000000000 ) ;
#504 = CARTESIAN_POINT ( 'NONE',  ( -1.364027930381286779, -4.899999999999999467, 4.131179871662111758 ) ) ;
#505 =( GEOMETRIC_REPRESENTATION_CONTEXT ( 3 ) GLOBAL_UNCERTAINTY_ASSIGNED_CONTEXT ( ( #2210 ) ) GLOBAL_UNIT_ASSIGNED_CONTEXT ( ( #2888, #5788, #5238 ) ) REPRESENTATION_CONTEXT ( 'NONE', 'WORKASPACE' ) );
#506 = LINE ( 'NONE', #3946, #2218 ) ;
#507 = VECTOR ( 'NONE', #1646, 1000.000000000000000 ) ;
#508 = ORIENTED_EDGE ( 'NONE', *, *, #1122, .F. ) ;
#509 = ADVANCED_FACE ( 'NONE', ( #582 ), #4530, .F. ) ;
#510 = DIRECTION ( 'NONE',  ( -0.000000000000000000, -1.000000000000000000, -0.000000000000000000 ) ) ;
#511 = ORIENTED_EDGE ( 'NONE', *, *, #5730, .F. ) ;
#512 = CARTESIAN_POINT ( 'NONE',  ( 1.259086324561462078, -4.950000000000004619, 3.570506907240221128 ) ) ;
#513 = CARTESIAN_POINT ( 'NONE',  ( -0.1518780215232964359, -4.899999999999999467, 0.8845506753633941566 ) ) ;
#514 = CARTESIAN_POINT ( 'NONE',  ( 0.8706996512911452379, -4.949999999999999289, 4.162046513128417224 ) ) ;
#515 = CARTESIAN_POINT ( 'NONE',  ( 1.453946578916150090, -4.900000000000000355, 4.276329552295953462 ) ) ;
#516 = CARTESIAN_POINT ( 'NONE',  ( -0.9524953856214767312, -4.900000000000001243, 0.7363992990259604632 ) ) ;
#517 = ORIENTED_EDGE ( 'NONE', *, *, #3110, .F. ) ;
#518 = ORIENTED_EDGE ( 'NONE', *, *, #4812, .F. ) ;
#519 = EDGE_CURVE ( 'NONE', #2678, #2446, #1298, .T. ) ;
#520 = LINE ( 'NONE', #3965, #2173 ) ;
#521 = CARTESIAN_POINT ( 'NONE',  ( 1.870000000000000107, -2.799499999999984556, 4.450500000000003453 ) ) ;
#522 = CARTESIAN_POINT ( 'NONE',  ( 0.9538093358730753701, -4.900000000000000355, 4.242120592134414281 ) ) ;
#523 = ORIENTED_EDGE ( 'NONE', *, *, #1823, .T. ) ;
#524 = CARTESIAN_POINT ( 'NONE',  ( -1.161983519640226392, -4.949999999999999289, 1.405108640495238426 ) ) ;
#525 = UNCERTAINTY_MEASURE_WITH_UNIT (LENGTH_MEASURE( 1.000000000000000082E-05 ), #1843, 'distance_accuracy_value', 'NONE');
#526 = PLANE ( 'NONE',  #4878 ) ;
#527 = FILL_AREA_STYLE_COLOUR ( '', #1717 ) ;
#528 = SURFACE_STYLE_USAGE ( .BOTH. , #2940 ) ;
#529 = ORIENTED_EDGE ( 'NONE', *, *, #1492, .F. ) ;
#530 = FACE_OUTER_BOUND ( 'NONE', #3426, .T. ) ;
#531 = CARTESIAN_POINT ( 'NONE',  ( 0.9604168275382544140, -4.900000000000001243, 3.308876580911946252 ) ) ;
#532 = LINE ( 'NONE', #2453, #2880 ) ;
#533 =( LENGTH_UNIT ( ) NAMED_UNIT ( * ) SI_UNIT ( .MILLI., .METRE. ) );
#534 = CARTESIAN_POINT ( 'NONE',  ( 1.444615384615384412, -4.900000000000000355, 0.6990000000000001767 ) ) ;
#535 = ADVANCED_FACE ( 'NONE', ( #5471 ), #129, .F. ) ;
#536 = ORIENTED_EDGE ( 'NONE', *, *, #2213, .T. ) ;
#537 = ORIENTED_EDGE ( 'NONE', *, *, #4048, .T. ) ;
#538 = DIRECTION ( 'NONE',  ( -0.000000000000000000, 1.000000000000000000, -0.000000000000000000 ) ) ;
#539 = CARTESIAN_POINT ( 'NONE',  ( -0.1208825073472956646, -4.949999999999998401, 0.9200248218735034289 ) ) ;
#540 = CARTESIAN_POINT ( 'NONE',  ( -1.143146694949832121, -4.900000000000000355, 1.243226521500661264 ) ) ;
#541 = ADVANCED_FACE ( 'NONE', ( #2272 ), #2065, .F. ) ;
#542 = CARTESIAN_POINT ( 'NONE',  ( 1.603610651687636723, -4.950000000000002842, 4.149639053394556854 ) ) ;
#543 = DIRECTION ( 'NONE',  ( -1.275531967630005245E-16, 1.000000000000000000, -0.000000000000000000 ) ) ;
#544 = ORIENTED_EDGE ( 'NONE', *, *, #64, .F. ) ;
#545 = VECTOR ( 'NONE', #2014, 1000.000000000000000 ) ;
#546 = ORIENTED_EDGE ( 'NONE', *, *, #4379, .T. ) ;
#547 = CARTESIAN_POINT ( 'NONE',  ( -0.6632091346153849987, -4.900000000000001243, 0.8528461538461540314 ) ) ;
#548 = MECHANICAL_DESIGN_GEOMETRIC_PRESENTATION_REPRESENTATION (  '', ( #3288 ), #3808 ) ;
#549 = SURFACE_STYLE_USAGE ( .BOTH. , #4348 ) ;
#550 = CARTESIAN_POINT ( 'NONE',  ( -1.325374500648916820, -4.950000000000001066, 1.758671575626935102 ) ) ;
#551 = CARTESIAN_POINT ( 'NONE',  ( 0.2907692307692305023, -4.950000000000000178, 0.6990000000000001767 ) ) ;
#552 = ORIENTED_EDGE ( 'NONE', *, *, #3372, .T. ) ;
#553 = AXIS2_PLACEMENT_3D ( 'NONE', #2017, #2115, #3566 ) ;
#554 =( GEOMETRIC_REPRESENTATION_CONTEXT ( 3 ) GLOBAL_UNCERTAINTY_ASSIGNED_CONTEXT ( ( #5352 ) ) GLOBAL_UNIT_ASSIGNED_CONTEXT ( ( #3404, #990, #5437 ) ) REPRESENTATION_CONTEXT ( 'NONE', 'WORKASPACE' ) );
#555 = CARTESIAN_POINT ( 'NONE',  ( -0.7657618213453717404, -4.950000000000000178, 0.8616042867902181657 ) ) ;
#556 = LINE ( 'NONE', #2574, #1406 ) ;
#557 = CARTESIAN_POINT ( 'NONE',  ( -0.1766881749987716244, -4.950000000000000178, 2.035261450661260962 ) ) ;
#558 = VECTOR ( 'NONE', #1790, 1000.000000000000114 ) ;
#559 = PLANE ( 'NONE',  #3048 ) ;
#560 = CARTESIAN_POINT ( 'NONE',  ( 0.7710207649089921844, -4.900000000000000355, 2.950966528239938658 ) ) ;
#561 = ORIENTED_EDGE ( 'NONE', *, *, #5378, .F. ) ;
#562 = MECHANICAL_DESIGN_GEOMETRIC_PRESENTATION_REPRESENTATION (  '', ( #2377 ), #5976 ) ;
#563 = FACE_OUTER_BOUND ( 'NONE', #3597, .T. ) ;
#564 = CARTESIAN_POINT ( 'NONE',  ( -1.217596153846154383, -4.900000000000001243, 4.319000000000000838 ) ) ;
#565 = DIRECTION ( 'NONE',  ( -0.000000000000000000, -1.000000000000000000, -0.000000000000000000 ) ) ;
#566 =( NAMED_UNIT ( * ) SI_UNIT ( $, .STERADIAN. ) SOLID_ANGLE_UNIT ( ) );
#567 = FACE_OUTER_BOUND ( 'NONE', #1275, .T. ) ;
#568 = PRESENTATION_LAYER_ASSIGNMENT (  '', '', ( #4951 ) ) ;
#569 = ORIENTED_EDGE ( 'NONE', *, *, #228, .F. ) ;
#570 = ORIENTED_EDGE ( 'NONE', *, *, #4869, .F. ) ;
#571 = DIRECTION ( 'NONE',  ( -0.000000000000000000, -1.000000000000000000, -0.000000000000000000 ) ) ;
#572 = EDGE_CURVE ( 'NONE', #820, #4846, #4652, .T. ) ;
#573 = CARTESIAN_POINT ( 'NONE',  ( -0.6623076923076925970, -4.949999999999999289, 0.6797692307692310143 ) ) ;
#574 = CARTESIAN_POINT ( 'NONE',  ( -1.162307692307692708, -4.900000000000000355, 1.426764423076923416 ) ) ;
#575 = CARTESIAN_POINT ( 'NONE',  ( 1.667764655841563526, -4.900000000000001243, 3.972465349045847471 ) ) ;
#576 = CARTESIAN_POINT ( 'NONE',  ( 1.322132548175710909, -4.950000000000001066, 3.394079400742936681 ) ) ;
#577 = CARTESIAN_POINT ( 'NONE',  ( -1.288916798250017148, -4.950000000000001066, 1.057982756193093232 ) ) ;
#578 = ORIENTED_EDGE ( 'NONE', *, *, #1572, .F. ) ;
#579 = VERTEX_POINT ( 'NONE', #1741 ) ;
#580 = EDGE_CURVE ( 'NONE', #4886, #224, #5201, .T. ) ;
#581 = EDGE_CURVE ( 'NONE', #5625, #4900, #2691, .T. ) ;
#582 = FACE_OUTER_BOUND ( 'NONE', #5677, .T. ) ;
#583 =( LENGTH_UNIT ( ) NAMED_UNIT ( * ) SI_UNIT ( .MILLI., .METRE. ) );
#584 =( LENGTH_UNIT ( ) NAMED_UNIT ( * ) SI_UNIT ( .MILLI., .METRE. ) );
#585 = CARTESIAN_POINT ( 'NONE',  ( -1.347406396559971631, -4.949999999999999289, 1.683443574461704006 ) ) ;
#586 = DIRECTION ( 'NONE',  ( 0.000000000000000000, 0.000000000000000000, 1.000000000000000000 ) ) ;
#587 = VERTEX_POINT ( 'NONE', #6166 ) ;
#588 = CARTESIAN_POINT ( 'NONE',  ( 0.9688450442904026350, -4.950000000000000178, 3.915722497707351035 ) ) ;
#589 = CARTESIAN_POINT ( 'NONE',  ( -0.2964278310720646070, -4.900000000000003020, 1.882307954387121951 ) ) ;
#590 = CARTESIAN_POINT ( 'NONE',  ( -0.05987131732764464087, -4.950000000000000178, 1.888153109564452148 ) ) ;
#591 = SURFACE_STYLE_FILL_AREA ( #2426 ) ;
#592 = ORIENTED_EDGE ( 'NONE', *, *, #4907, .F. ) ;
#593 = ADVANCED_FACE ( 'NONE', ( #1087 ), #643, .T. ) ;
#594 = VECTOR ( 'NONE', #1026, 1000.000000000000000 ) ;
#595 = CARTESIAN_POINT ( 'NONE',  ( -0.9700000000000008615, -3.910000000000001030, -3.850000000000000089 ) ) ;
#596 = DIRECTION ( 'NONE',  ( 1.000000000000000000, 0.000000000000000000, 0.000000000000000000 ) ) ;
#597 = VECTOR ( 'NONE', #360, 1000.000000000000000 ) ;
#598 = CARTESIAN_POINT ( 'NONE',  ( 1.469999999999999973, 0.000000000000000000, -3.850000000000000089 ) ) ;
#599 = VECTOR ( 'NONE', #3223, 1000.000000000000000 ) ;
#600 = EDGE_LOOP ( 'NONE', ( #1231, #4860, #5271, #3816, #2650, #5692 ) ) ;
#601 = DIRECTION ( 'NONE',  ( -0.000000000000000000, -0.000000000000000000, -1.000000000000000000 ) ) ;
#602 = LINE ( 'NONE', #4519, #3775 ) ;
#603 = AXIS2_PLACEMENT_3D ( 'NONE', #1817, #5921, #6302 ) ;
#604 = VECTOR ( 'NONE', #2492, 1000.000000000000114 ) ;
#605 = CARTESIAN_POINT ( 'NONE',  ( -0.001539447702852291336, -4.899999999999999467, 1.134017246907397025 ) ) ;
#606 = FILL_AREA_STYLE ('',( #2057 ) ) ;
#607 = CARTESIAN_POINT ( 'NONE',  ( 1.211180187940076314, -4.950000000000000178, 3.301567065358137043 ) ) ;
#608 = PLANE ( 'NONE',  #2685 ) ;
#609 = CARTESIAN_POINT ( 'NONE',  ( 1.651006270781631091, -4.899999999999998579, 3.808475985912895823 ) ) ;
#610 = CARTESIAN_POINT ( 'NONE',  ( 1.686461538461538234, -4.950000000000000178, 2.918999999999999595 ) ) ;
#611 = COLOUR_RGB ( '',1.000000000000000000, 1.000000000000000000, 1.000000000000000000 ) ;
#612 = ORIENTED_EDGE ( 'NONE', *, *, #2011, .F. ) ;
#613 = ORIENTED_EDGE ( 'NONE', *, *, #6171, .F. ) ;
#614 = MECHANICAL_DESIGN_GEOMETRIC_PRESENTATION_REPRESENTATION (  '', ( #2524 ), #3658 ) ;
#615 = CARTESIAN_POINT ( 'NONE',  ( 1.488436759468001469, -4.900000000000001243, 3.906799881613561620 ) ) ;
#616 = CARTESIAN_POINT ( 'NONE',  ( 1.870000000000000551, -2.449999999999989519, 8.800000000000000711 ) ) ;
#617 = CARTESIAN_POINT ( 'NONE',  ( -0.5671619700326705482, -4.899999999999998579, 0.6849298835978874234 ) ) ;
#618 = FILL_AREA_STYLE_COLOUR ( '', #2417 ) ;
#619 = CARTESIAN_POINT ( 'NONE',  ( -1.479476468983111248, -4.950000000000000178, 3.864762700940989504 ) ) ;
#620 = LINE ( 'NONE', #2540, #2114 ) ;
#621 = CARTESIAN_POINT ( 'NONE',  ( -0.2380777281850268989, -4.950000000000001066, 1.795362930045701688 ) ) ;
#622 = ORIENTED_EDGE ( 'NONE', *, *, #3296, .F. ) ;
#623 = CARTESIAN_POINT ( 'NONE',  ( -1.128021591228418830, -4.900000000000001243, 1.188448951658802821 ) ) ;
#624 = CARTESIAN_POINT ( 'NONE',  ( -1.102051282051282666, -4.900000000000000355, 2.918999999999999595 ) ) ;
#625 = CARTESIAN_POINT ( 'NONE',  ( -0.6482796767986340747, -4.900000000000000355, 2.044892056323907248 ) ) ;
#626 = EDGE_CURVE ( 'NONE', #134, #6044, #6201, .T. ) ;
#627 = EDGE_LOOP ( 'NONE', ( #4749, #953, #3971, #3274 ) ) ;
#628 = SURFACE_STYLE_FILL_AREA ( #4999 ) ;
#629 = FILL_AREA_STYLE ('',( #5000 ) ) ;
#630 =( NAMED_UNIT ( * ) SI_UNIT ( $, .STERADIAN. ) SOLID_ANGLE_UNIT ( ) );
#631 =( LENGTH_UNIT ( ) NAMED_UNIT ( * ) SI_UNIT ( .MILLI., .METRE. ) );
#632 = UNCERTAINTY_MEASURE_WITH_UNIT (LENGTH_MEASURE( 1.000000000000000082E-05 ), #3759, 'distance_accuracy_value', 'NONE');
#633 = CARTESIAN_POINT ( 'NONE',  ( -1.869999999999999885, -6.449999999999990408, 8.001000000000001222 ) ) ;
#634 = ORIENTED_EDGE ( 'NONE', *, *, #4285, .F. ) ;
#635 = FILL_AREA_STYLE_COLOUR ( '', #5130 ) ;
#636 = PLANE ( 'NONE',  #1014 ) ;
#637 = CARTESIAN_POINT ( 'NONE',  ( -0.6623076923076925970, -4.900000000000000355, 0.6797692307692310143 ) ) ;
#638 = DIRECTION ( 'NONE',  ( -0.000000000000000000, -1.000000000000000000, -0.000000000000000000 ) ) ;
#639 = SURFACE_STYLE_USAGE ( .BOTH. , #2776 ) ;
#640 = CARTESIAN_POINT ( 'NONE',  ( -1.869999999999999440, -6.449999999999990408, 6.801000000000001933 ) ) ;
#641 = ORIENTED_EDGE ( 'NONE', *, *, #3812, .T. ) ;
#642 = EDGE_LOOP ( 'NONE', ( #22, #4117, #3660, #75 ) ) ;
#643 = PLANE ( 'NONE',  #3246 ) ;
#644 = CARTESIAN_POINT ( 'NONE',  ( 2.770000000000000462, 1.699999999999999956, 3.300000000000000266 ) ) ;
#645 = CARTESIAN_POINT ( 'NONE',  ( -0.7657618213453717404, -4.950000000000000178, 0.8616042867902181657 ) ) ;
#646 = CARTESIAN_POINT ( 'NONE',  ( -1.263500239897594968, -4.899999999999999467, 1.894485640069700549 ) ) ;
#647 = STYLED_ITEM ( 'NONE', ( #5132 ), #4991 ) ;
#648 = LINE ( 'NONE', #4097, #4365 ) ;
#649 = ORIENTED_EDGE ( 'NONE', *, *, #692, .F. ) ;
#650 = VECTOR ( 'NONE', #2920, 1000.000000000000000 ) ;
#651 = FACE_OUTER_BOUND ( 'NONE', #854, .T. ) ;
#652 = STYLED_ITEM ( 'NONE', ( #6080 ), #5224 ) ;
#653 = EDGE_CURVE ( 'NONE', #83, #4965, #4983, .T. ) ;
#654 =( NAMED_UNIT ( * ) SI_UNIT ( $, .STERADIAN. ) SOLID_ANGLE_UNIT ( ) );
#655 = MECHANICAL_DESIGN_GEOMETRIC_PRESENTATION_REPRESENTATION (  '', ( #346 ), #1454 ) ;
#656 = FACE_OUTER_BOUND ( 'NONE', #3609, .T. ) ;
#657 = ORIENTED_EDGE ( 'NONE', *, *, #4285, .T. ) ;
#658 = ORIENTED_EDGE ( 'NONE', *, *, #6171, .T. ) ;
#659 =( NAMED_UNIT ( * ) PLANE_ANGLE_UNIT ( ) SI_UNIT ( $, .RADIAN. ) );
#660 = VECTOR ( 'NONE', #5872, 1000.000000000000000 ) ;
#661 = EDGE_CURVE ( 'NONE', #1723, #3778, #3222, .T. ) ;
#662 = CARTESIAN_POINT ( 'NONE',  ( -0.9771260461038637768, -4.900000000000000355, 1.936478798528307399 ) ) ;
#663 = AXIS2_PLACEMENT_3D ( 'NONE', #1888, #3846, #5802 ) ;
#664 = MECHANICAL_DESIGN_GEOMETRIC_PRESENTATION_REPRESENTATION (  '', ( #357 ), #354 ) ;
#665 = ORIENTED_EDGE ( 'NONE', *, *, #4358, .F. ) ;
#666 = MECHANICAL_DESIGN_GEOMETRIC_PRESENTATION_REPRESENTATION (  '', ( #4336 ), #1373 ) ;
#667 = CARTESIAN_POINT ( 'NONE',  ( 1.668512820512820349, -4.900000000000001243, 3.932541666666667712 ) ) ;
#668 = FACE_OUTER_BOUND ( 'NONE', #5874, .T. ) ;
#669 = CARTESIAN_POINT ( 'NONE',  ( -0.2404025471111667644, -4.950000000000000178, 1.093340699534055105 ) ) ;
#670 = FILL_AREA_STYLE_COLOUR ( '', #5364 ) ;
#671 = CARTESIAN_POINT ( 'NONE',  ( -0.6462739832631201331, -4.950000000000000178, 0.6800828627205967036 ) ) ;
#672 = CARTESIAN_POINT ( 'NONE',  ( 1.489025641025640612, -4.949999999999999289, 3.930858974358974134 ) ) ;
#673 = SURFACE_SIDE_STYLE ('',( #187 ) ) ;
#674 = CARTESIAN_POINT ( 'NONE',  ( -1.241337713037318657, -4.950000000000000178, 0.9748699444154249605 ) ) ;
#675 = ORIENTED_EDGE ( 'NONE', *, *, #785, .F. ) ;
#676 = ORIENTED_EDGE ( 'NONE', *, *, #3414, .T. ) ;
#677 = CARTESIAN_POINT ( 'NONE',  ( 1.522653554238256435, -4.900000000000000355, 4.234597478207096088 ) ) ;
#678 = CARTESIAN_POINT ( 'NONE',  ( 0.04821598553768939588, -4.900000000000001243, 1.501138863908449528 ) ) ;
#679 = CARTESIAN_POINT ( 'NONE',  ( 1.668512820512820349, -4.900000000000001243, 3.932541666666667712 ) ) ;
#680 = CARTESIAN_POINT ( 'NONE',  ( -0.9473121412021519028, -4.900000000000001243, 2.167288308334214708 ) ) ;
#681 = CARTESIAN_POINT ( 'NONE',  ( -0.3709889179873260834, -4.950000000000000178, 1.951816555120263530 ) ) ;
#682 = VERTEX_POINT ( 'NONE', #5806 ) ;
#683 = CARTESIAN_POINT ( 'NONE',  ( -0.6632091346153849987, -4.900000000000000355, 0.8528461538461540314 ) ) ;
#684 =( LENGTH_UNIT ( ) NAMED_UNIT ( * ) SI_UNIT ( .MILLI., .METRE. ) );
#685 = CARTESIAN_POINT ( 'NONE',  ( -1.364027930381286779, -4.899999999999999467, 4.131179871662111758 ) ) ;
#686 = CARTESIAN_POINT ( 'NONE',  ( 0.8307755860468750697, -4.950000000000000178, 4.093781576941938560 ) ) ;
#687 = DIRECTION ( 'NONE',  ( -0.000000000000000000, 1.000000000000000000, -0.000000000000000000 ) ) ;
#688 = ORIENTED_EDGE ( 'NONE', *, *, #919, .F. ) ;
#689 = VERTEX_POINT ( 'NONE', #1385 ) ;
#690 = CARTESIAN_POINT ( 'NONE',  ( -0.5126772450179659657, -4.899999999999999467, 2.204904498942947821 ) ) ;
#691 = CARTESIAN_POINT ( 'NONE',  ( -1.105747210720196438, -4.900000000000002132, 1.768235068570108925 ) ) ;
#692 = EDGE_CURVE ( 'NONE', #482, #4657, #5715, .T. ) ;
#693 = EDGE_CURVE ( 'NONE', #5535, #4338, #5780, .T. ) ;
#694 = ORIENTED_EDGE ( 'NONE', *, *, #2943, .F. ) ;
#695 = CARTESIAN_POINT ( 'NONE',  ( -0.1700581896817736360, -4.950000000000001066, 1.314730799022110430 ) ) ;
#696 = CARTESIAN_POINT ( 'NONE',  ( 2.540000000000000036, 0.000000000000000000, 4.801000000000000156 ) ) ;
#697 = CARTESIAN_POINT ( 'NONE',  ( 1.131094233516499958, -4.949999999999999289, 3.233927295436113791 ) ) ;
#698 = VECTOR ( 'NONE', #3692, 999.9999999999998863 ) ;
#699 = FACE_OUTER_BOUND ( 'NONE', #2874, .T. ) ;
#700 = EDGE_CURVE ( 'NONE', #4886, #587, #3881, .T. ) ;
#701 = LINE ( 'NONE', #610, #6022 ) ;
#702 = EDGE_LOOP ( 'NONE', ( #1972, #4930, #5126, #5918 ) ) ;
#703 = VERTEX_POINT ( 'NONE', #1326 ) ;
#704 = DIRECTION ( 'NONE',  ( 1.000000000000000000, 0.000000000000000000, 0.000000000000000000 ) ) ;
#705 =( GEOMETRIC_REPRESENTATION_CONTEXT ( 3 ) GLOBAL_UNCERTAINTY_ASSIGNED_CONTEXT ( ( #3443 ) ) GLOBAL_UNIT_ASSIGNED_CONTEXT ( ( #3683, #353, #1188 ) ) REPRESENTATION_CONTEXT ( 'NONE', 'WORKASPACE' ) );
#706 = LINE ( 'NONE', #3580, #1164 ) ;
#707 = SURFACE_STYLE_FILL_AREA ( #5663 ) ;
#708 = LINE ( 'NONE', #2070, #3856 ) ;
#709 = EDGE_CURVE ( 'NONE', #5432, #3678, #4296, .T. ) ;
#710 = PRESENTATION_LAYER_ASSIGNMENT (  '', '', ( #3446 ) ) ;
#711 = CARTESIAN_POINT ( 'NONE',  ( -0.2081683389844996290, -4.949999999999999289, 1.728332656255448185 ) ) ;
#712 = ORIENTED_EDGE ( 'NONE', *, *, #5927, .F. ) ;
#713 = DIRECTION ( 'NONE',  ( 0.000000000000000000, 0.000000000000000000, 1.000000000000000000 ) ) ;
#714 = VECTOR ( 'NONE', #3623, 1000.000000000000000 ) ;
#715 = CARTESIAN_POINT ( 'NONE',  ( -1.242532378816389116, -4.900000000000000355, 4.271529861945060347 ) ) ;
#716 = CARTESIAN_POINT ( 'NONE',  ( 0.8033334228665242049, -4.900000000000001243, 4.014277638380659319 ) ) ;
#717 = CARTESIAN_POINT ( 'NONE',  ( 1.205040815928792197, -4.950000000000001066, 4.156800664281568025 ) ) ;
#718 = CARTESIAN_POINT ( 'NONE',  ( -0.4199542255087583276, -4.900000000000002132, 0.9129928507601646759 ) ) ;
#719 = ORIENTED_EDGE ( 'NONE', *, *, #6285, .T. ) ;
#720 = ORIENTED_EDGE ( 'NONE', *, *, #3577, .T. ) ;
#721 = CARTESIAN_POINT ( 'NONE',  ( -0.3748894911444199951, -4.949999999999998401, 2.163643655340701688 ) ) ;
#722 = CARTESIAN_POINT ( 'NONE',  ( 0.7898669871794867792, -4.900000000000000355, 3.043519230769230255 ) ) ;
#723 = VERTEX_POINT ( 'NONE', #1831 ) ;
#724 =( NAMED_UNIT ( * ) PLANE_ANGLE_UNIT ( ) SI_UNIT ( $, .RADIAN. ) );
#725 = CARTESIAN_POINT ( 'NONE',  ( -0.3025704845232407569, -4.950000000000001066, 1.007435018825326933 ) ) ;
#726 = EDGE_CURVE ( 'NONE', #4914, #1448, #4262, .T. ) ;
#727 = CARTESIAN_POINT ( 'NONE',  ( 1.181383793238048874, -4.950000000000000178, 3.276261520706435615 ) ) ;
#728 = CARTESIAN_POINT ( 'NONE',  ( 0.000000000000000000, 0.000000000000000000, -3.850000000000000089 ) ) ;
#729 = ORIENTED_EDGE ( 'NONE', *, *, #3022, .F. ) ;
#730 = VERTEX_POINT ( 'NONE', #4295 ) ;
#731 = DIRECTION ( 'NONE',  ( -0.000000000000000000, -1.000000000000000000, -0.000000000000000000 ) ) ;
#732 = CARTESIAN_POINT ( 'NONE',  ( -3.270000000000000462, -1.699999999999999956, 1.800000000000000488 ) ) ;
#733 = ADVANCED_FACE ( 'NONE', ( #2300 ), #1894, .F. ) ;
#734 = LINE ( 'NONE', #262, #4320 ) ;
#735 = CARTESIAN_POINT ( 'NONE',  ( 2.540000000000000036, 0.000000000000000000, 8.001000000000001222 ) ) ;
#736 =( NAMED_UNIT ( * ) PLANE_ANGLE_UNIT ( ) SI_UNIT ( $, .RADIAN. ) );
#737 = VERTEX_POINT ( 'NONE', #1928 ) ;
#738 = DIRECTION ( 'NONE',  ( -1.000000000000000000, 0.000000000000000000, 0.000000000000000000 ) ) ;
#739 = CARTESIAN_POINT ( 'NONE',  ( 3.270000000000000462, -4.950000000000000178, 1.800000000000000488 ) ) ;
#740 = CARTESIAN_POINT ( 'NONE',  ( 0.9869635958686511223, -4.949999999999999289, 4.262838281858103429 ) ) ;
#741 = PRESENTATION_LAYER_ASSIGNMENT (  '', '', ( #4716 ) ) ;
#742 = CARTESIAN_POINT ( 'NONE',  ( 0.9969872865131258477, -4.950000000000000178, 4.033635038933119255 ) ) ;
#743 = CARTESIAN_POINT ( 'NONE',  ( -0.6453572903442240660, -4.950000000000001066, 0.8532929794568079318 ) ) ;
#744 = CARTESIAN_POINT ( 'NONE',  ( 0.2907692307692305023, -4.900000000000000355, 0.6990000000000001767 ) ) ;
#745 = VERTEX_POINT ( 'NONE', #3849 ) ;
#746 =( GEOMETRIC_REPRESENTATION_CONTEXT ( 3 ) GLOBAL_UNCERTAINTY_ASSIGNED_CONTEXT ( ( #5740 ) ) GLOBAL_UNIT_ASSIGNED_CONTEXT ( ( #2895, #1461, #3960 ) ) REPRESENTATION_CONTEXT ( 'NONE', 'WORKASPACE' ) );
#747 = CARTESIAN_POINT ( 'NONE',  ( -0.6614062500000003064, -4.950000000000001066, 2.218230769230769006 ) ) ;
#748 =( NAMED_UNIT ( * ) PLANE_ANGLE_UNIT ( ) SI_UNIT ( $, .RADIAN. ) );
#749 = PRESENTATION_LAYER_ASSIGNMENT (  '', '', ( #5655 ) ) ;
#750 = VECTOR ( 'NONE', #67, 1000.000000000000000 ) ;
#751 = ORIENTED_EDGE ( 'NONE', *, *, #2702, .F. ) ;
#752 =( GEOMETRIC_REPRESENTATION_CONTEXT ( 3 ) GLOBAL_UNCERTAINTY_ASSIGNED_CONTEXT ( ( #3844 ) ) GLOBAL_UNIT_ASSIGNED_CONTEXT ( ( #3713, #2879, #3882 ) ) REPRESENTATION_CONTEXT ( 'NONE', 'WORKASPACE' ) );
#753 = CARTESIAN_POINT ( 'NONE',  ( 1.280091346153845677, -4.950000000000000178, 3.358182692307691841 ) ) ;
#754 =( NAMED_UNIT ( * ) SI_UNIT ( $, .STERADIAN. ) SOLID_ANGLE_UNIT ( ) );
#755 = VECTOR ( 'NONE', #3845, 1000.000000000000000 ) ;
#756 = DIRECTION ( 'NONE',  ( -0.000000000000000000, 1.000000000000000000, 0.000000000000000000 ) ) ;
#757 = PLANE ( 'NONE',  #4884 ) ;
#758 = CARTESIAN_POINT ( 'NONE',  ( 0.5023076923076921219, -4.900000000000000355, 1.818290865384615707 ) ) ;
#759 = MECHANICAL_DESIGN_GEOMETRIC_PRESENTATION_REPRESENTATION (  '', ( #5254 ), #1273 ) ;
#760 = ORIENTED_EDGE ( 'NONE', *, *, #5501, .F. ) ;
#761 = ADVANCED_FACE ( 'NONE', ( #6231 ), #5742, .F. ) ;
#762 = EDGE_LOOP ( 'NONE', ( #5468, #1761, #4108, #2236, #5656, #4853 ) ) ;
#763 = DIRECTION ( 'NONE',  ( 0.000000000000000000, 0.000000000000000000, -1.000000000000000000 ) ) ;
#764 = COLOUR_RGB ( '',1.000000000000000000, 0.8705882352941176627, 0.5254901960784313930 ) ;
#765 = CARTESIAN_POINT ( 'NONE',  ( -0.9453436267981398800, -4.949999999999999289, 0.9385692820906487155 ) ) ;
#766 = SURFACE_STYLE_FILL_AREA ( #5117 ) ;
#767 = LINE ( 'NONE', #4662, #5705 ) ;
#768 = EDGE_LOOP ( 'NONE', ( #5954, #440, #2809, #658 ) ) ;
#769 = EDGE_CURVE ( 'NONE', #2904, #5338, #3419, .T. ) ;
#770 = COLOUR_RGB ( '',1.000000000000000000, 0.8705882352941176627, 0.5254901960784313930 ) ;
#771 = ADVANCED_FACE ( 'NONE', ( #2633 ), #1748, .T. ) ;
#772 = FILL_AREA_STYLE ('',( #2973 ) ) ;
#773 = SURFACE_STYLE_USAGE ( .BOTH. , #1630 ) ;
#774 = DIRECTION ( 'NONE',  ( 0.000000000000000000, 1.000000000000000000, 0.000000000000000000 ) ) ;
#775 = SURFACE_SIDE_STYLE ('',( #6088 ) ) ;
#776 = CARTESIAN_POINT ( 'NONE',  ( 0.6700000000000007061, -6.449999999999990408, 6.801000000000001933 ) ) ;
#777 =( NAMED_UNIT ( * ) PLANE_ANGLE_UNIT ( ) SI_UNIT ( $, .RADIAN. ) );
#778 = CARTESIAN_POINT ( 'NONE',  ( -1.162307692307692708, -4.950000000000001066, 1.426764423076923416 ) ) ;
#779 = ORIENTED_EDGE ( 'NONE', *, *, #5490, .T. ) ;
#780 = EDGE_LOOP ( 'NONE', ( #2226, #1336, #2618, #6308, #794, #6130, #5980, #3112, #3745, #3586, #3769, #1586 ) ) ;
#781 = CARTESIAN_POINT ( 'NONE',  ( -0.2119101279706146201, -4.899999999999998579, 2.066110545126630171 ) ) ;
#782 = SURFACE_STYLE_USAGE ( .BOTH. , #4678 ) ;
#783 = FILL_AREA_STYLE ('',( #5645 ) ) ;
#784 = LINE ( 'NONE', #1764, #4988 ) ;
#785 = EDGE_CURVE ( 'NONE', #387, #3678, #5082, .T. ) ;
#786 = ORIENTED_EDGE ( 'NONE', *, *, #3855, .F. ) ;
#787 = CARTESIAN_POINT ( 'NONE',  ( 1.012969826856976008, -4.900000000000000355, 3.113801977870066739 ) ) ;
#788 = SURFACE_SIDE_STYLE ('',( #3213 ) ) ;
#789 = DIRECTION ( 'NONE',  ( -0.000000000000000000, -1.000000000000000000, -0.000000000000000000 ) ) ;
#790 = PLANE ( 'NONE',  #6283 ) ;
#791 = CARTESIAN_POINT ( 'NONE',  ( 0.9699999999999993072, 3.709999999999999964, -3.479999999999997762 ) ) ;
#792 = VECTOR ( 'NONE', #4743, 1000.000000000000114 ) ;
#793 =( LENGTH_UNIT ( ) NAMED_UNIT ( * ) SI_UNIT ( .MILLI., .METRE. ) );
#794 = ORIENTED_EDGE ( 'NONE', *, *, #2824, .T. ) ;
#795 = ORIENTED_EDGE ( 'NONE', *, *, #3727, .T. ) ;
#796 = CARTESIAN_POINT ( 'NONE',  ( 1.569999999999999396, -3.710000000000000853, -0.001000000000000132727 ) ) ;
#797 = STYLED_ITEM ( 'NONE', ( #2866 ), #4468 ) ;
#798 = FACE_OUTER_BOUND ( 'NONE', #2145, .T. ) ;
#799 = CARTESIAN_POINT ( 'NONE',  ( 2.770000000000000462, 1.699999999999999956, 8.800000000000000711 ) ) ;
#800 = PRESENTATION_LAYER_ASSIGNMENT (  '', '', ( #2508 ) ) ;
#801 = PRESENTATION_LAYER_ASSIGNMENT (  '', '', ( #6115 ) ) ;
#802 = ORIENTED_EDGE ( 'NONE', *, *, #3227, .T. ) ;
#803 = PRESENTATION_LAYER_ASSIGNMENT (  '', '', ( #1813 ) ) ;
#804 = CARTESIAN_POINT ( 'NONE',  ( -0.6699999999999998179, -6.449999999999990408, 8.001000000000001222 ) ) ;
#805 = MECHANICAL_DESIGN_GEOMETRIC_PRESENTATION_REPRESENTATION (  '', ( #1008 ), #5182 ) ;
#806 = FILL_AREA_STYLE ('',( #3260 ) ) ;
#807 = CARTESIAN_POINT ( 'NONE',  ( 0.000000000000000000, -4.900000000000000355, 0.000000000000000000 ) ) ;
#808 = CARTESIAN_POINT ( 'NONE',  ( -0.3317004433121649165, -4.900000000000003020, 2.143133495149090795 ) ) ;
#809 = EDGE_CURVE ( 'NONE', #5207, #1435, #4209, .T. ) ;
#810 = CARTESIAN_POINT ( 'NONE',  ( -0.6699999999999995959, -2.449999999999989519, 8.800000000000000711 ) ) ;
#811 = AXIS2_PLACEMENT_3D ( 'NONE', #1067, #2907, #3980 ) ;
#812 = CARTESIAN_POINT ( 'NONE',  ( 1.069999999999999840, -3.910000000000001030, -3.850000000000000089 ) ) ;
#813 =( GEOMETRIC_REPRESENTATION_CONTEXT ( 3 ) GLOBAL_UNCERTAINTY_ASSIGNED_CONTEXT ( ( #2869 ) ) GLOBAL_UNIT_ASSIGNED_CONTEXT ( ( #4360, #4261, #3791 ) ) REPRESENTATION_CONTEXT ( 'NONE', 'WORKASPACE' ) );
#814 = LINE ( 'NONE', #4765, #698 ) ;
#815 = STYLED_ITEM ( 'NONE', ( #1206 ), #183 ) ;
#816 = ORIENTED_EDGE ( 'NONE', *, *, #311, .T. ) ;
#817 = FACE_OUTER_BOUND ( 'NONE', #1999, .T. ) ;
#818 = CARTESIAN_POINT ( 'NONE',  ( 1.221057692307691900, -4.900000000000000355, 0.6990000000000001767 ) ) ;
#819 = EDGE_CURVE ( 'NONE', #2398, #3760, #260, .T. ) ;
#820 = VERTEX_POINT ( 'NONE', #796 ) ;
#821 = CARTESIAN_POINT ( 'NONE',  ( 0.2907692307692305023, -4.900000000000000355, 2.199000000000000288 ) ) ;
#822 = CARTESIAN_POINT ( 'NONE',  ( -0.6700000000000000400, -2.449999999999990408, 4.800000000000000711 ) ) ;
#823 = FILL_AREA_STYLE_COLOUR ( '', #4372 ) ;
#824 = PRESENTATION_STYLE_ASSIGNMENT (( #5295 ) ) ;
#825 = SURFACE_STYLE_FILL_AREA ( #4777 ) ;
#826 = CARTESIAN_POINT ( 'NONE',  ( 1.430947836142798524, -4.949999999999999289, 3.758311073751641196 ) ) ;
#827 = CARTESIAN_POINT ( 'NONE',  ( 1.336911968165742870, -4.950000000000000178, 4.141733821787023651 ) ) ;
#828 = ORIENTED_EDGE ( 'NONE', *, *, #845, .F. ) ;
#829 = ORIENTED_EDGE ( 'NONE', *, *, #2291, .F. ) ;
#830 = CARTESIAN_POINT ( 'NONE',  ( 1.059917872371914038, -4.900000000000002132, 4.106840303237621725 ) ) ;
#831 = PRESENTATION_STYLE_ASSIGNMENT (( #5210 ) ) ;
#832 = DIRECTION ( 'NONE',  ( 0.000000000000000000, 0.000000000000000000, -1.000000000000000000 ) ) ;
#833 = DIRECTION ( 'NONE',  ( 1.000000000000000000, 0.000000000000000000, 0.000000000000000000 ) ) ;
#834 = ORIENTED_EDGE ( 'NONE', *, *, #4091, .T. ) ;
#835 = DIRECTION ( 'NONE',  ( 1.000000000000000000, 0.000000000000000000, 0.000000000000000000 ) ) ;
#836 = CARTESIAN_POINT ( 'NONE',  ( 0.9699999999999995293, -3.910000000000001030, -3.850000000000000089 ) ) ;
#837 = SURFACE_SIDE_STYLE ('',( #5698 ) ) ;
#838 = CARTESIAN_POINT ( 'NONE',  ( -0.1134541315651168142, -4.900000000000000355, 1.966553162418226197 ) ) ;
#839 = PLANE ( 'NONE',  #5045 ) ;
#840 = DIRECTION ( 'NONE',  ( 0.000000000000000000, 0.000000000000000000, -1.000000000000000000 ) ) ;
#841 = UNCERTAINTY_MEASURE_WITH_UNIT (LENGTH_MEASURE( 1.000000000000000082E-05 ), #1092, 'distance_accuracy_value', 'NONE');
#842 = EDGE_CURVE ( 'NONE', #4714, #1157, #5284, .T. ) ;
#843 = FILL_AREA_STYLE ('',( #5771 ) ) ;
#844 = ORIENTED_EDGE ( 'NONE', *, *, #1811, .F. ) ;
#845 = EDGE_CURVE ( 'NONE', #1683, #1785, #287, .T. ) ;
#846 = LINE ( 'NONE', #5713, #5845 ) ;
#847 = CARTESIAN_POINT ( 'NONE',  ( 0.9866117268255225614, -4.900000000000000355, 3.334397727813751544 ) ) ;
#848 = CARTESIAN_POINT ( 'NONE',  ( 1.652944513659435399, -4.949999999999999289, 4.048362181288251094 ) ) ;
#849 = SURFACE_STYLE_FILL_AREA ( #4333 ) ;
#850 =( NAMED_UNIT ( * ) PLANE_ANGLE_UNIT ( ) SI_UNIT ( $, .RADIAN. ) );
#851 = DIRECTION ( 'NONE',  ( -0.000000000000000000, -1.000000000000000000, -0.000000000000000000 ) ) ;
#852 = VECTOR ( 'NONE', #4134, 1000.000000000000000 ) ;
#853 = ORIENTED_EDGE ( 'NONE', *, *, #5967, .F. ) ;
#854 = EDGE_LOOP ( 'NONE', ( #5381, #4757, #5720, #335 ) ) ;
#855 = CARTESIAN_POINT ( 'NONE',  ( 1.364615542694300299, -4.900000000000000355, 3.675670563578561811 ) ) ;
#856 = CARTESIAN_POINT ( 'NONE',  ( -1.078050254835857702, -4.900000000000000355, 0.8069032235124634633 ) ) ;
#857 = LINE ( 'NONE', #6209, #3336 ) ;
#858 =( GEOMETRIC_REPRESENTATION_CONTEXT ( 3 ) GLOBAL_UNCERTAINTY_ASSIGNED_CONTEXT ( ( #632 ) ) GLOBAL_UNIT_ASSIGNED_CONTEXT ( ( #3759, #4229, #2095 ) ) REPRESENTATION_CONTEXT ( 'NONE', 'WORKASPACE' ) );
#859 =( LENGTH_UNIT ( ) NAMED_UNIT ( * ) SI_UNIT ( .MILLI., .METRE. ) );
#860 = LINE ( 'NONE', #4697, #82 ) ;
#861 = ORIENTED_EDGE ( 'NONE', *, *, #4812, .T. ) ;
#862 = CARTESIAN_POINT ( 'NONE',  ( -1.142894682782809923, -4.899999999999999467, 1.648624152813544352 ) ) ;
#863 = VECTOR ( 'NONE', #2148, 1000.000000000000000 ) ;
#864 =( LENGTH_UNIT ( ) NAMED_UNIT ( * ) SI_UNIT ( .MILLI., .METRE. ) );
#865 = FILL_AREA_STYLE_COLOUR ( '', #5968 ) ;
#866 = CARTESIAN_POINT ( 'NONE',  ( -0.5225924589899401118, -4.949999999999999289, 2.026884553686973511 ) ) ;
#867 = CARTESIAN_POINT ( 'NONE',  ( 1.569999999999999396, 3.709999999999999964, -0.001000000000000132727 ) ) ;
#868 = VECTOR ( 'NONE', #2454, 1000.000000000000000 ) ;
#869 = CARTESIAN_POINT ( 'NONE',  ( 1.280091346153845677, -4.950000000000000178, 3.358182692307691841 ) ) ;
#870 = LINE ( 'NONE', #2999, #184 ) ;
#871 = CARTESIAN_POINT ( 'NONE',  ( 0.9969872865131258477, -4.900000000000000355, 4.033635038933119255 ) ) ;
#872 = CARTESIAN_POINT ( 'NONE',  ( -0.6699999999999995959, -2.449999999999989519, 8.800000000000000711 ) ) ;
#873 = PLANE ( 'NONE',  #663 ) ;
#874 = ORIENTED_EDGE ( 'NONE', *, *, #919, .T. ) ;
#875 = UNCERTAINTY_MEASURE_WITH_UNIT (LENGTH_MEASURE( 1.000000000000000082E-05 ), #471, 'distance_accuracy_value', 'NONE');
#876 = CARTESIAN_POINT ( 'NONE',  ( 1.267828928425283053, -4.949999999999999289, 3.348199777096476648 ) ) ;
#877 = FILL_AREA_STYLE ('',( #912 ) ) ;
#878 = LINE ( 'NONE', #1743, #3864 ) ;
#879 = CARTESIAN_POINT ( 'NONE',  ( 1.488830784421191655, -4.949999999999999289, 3.922897996369986373 ) ) ;
#880 = ADVANCED_FACE ( 'NONE', ( #1648 ), #114, .T. ) ;
#881 = EDGE_CURVE ( 'NONE', #689, #4144, #3306, .T. ) ;
#882 = CARTESIAN_POINT ( 'NONE',  ( -1.070000000000001172, 3.910000000000000142, -3.850000000000000089 ) ) ;
#883 = ORIENTED_EDGE ( 'NONE', *, *, #5181, .F. ) ;
#884 = ORIENTED_EDGE ( 'NONE', *, *, #1132, .T. ) ;
#885 = LINE ( 'NONE', #5816, #3667 ) ;
#886 = FACE_OUTER_BOUND ( 'NONE', #108, .T. ) ;
#887 = DIRECTION ( 'NONE',  ( 0.000000000000000000, 1.000000000000000000, 0.000000000000000000 ) ) ;
#888 = CARTESIAN_POINT ( 'NONE',  ( -1.870000000000000107, -2.449999999999990408, 4.800000000000000711 ) ) ;
#889 = EDGE_CURVE ( 'NONE', #723, #1239, #3887, .T. ) ;
#890 = ORIENTED_EDGE ( 'NONE', *, *, #5548, .F. ) ;
#891 = CARTESIAN_POINT ( 'NONE',  ( -1.373324811568194193, -4.899999999999999467, 1.459241976356671744 ) ) ;
#892 = VECTOR ( 'NONE', #5473, 1000.000000000000000 ) ;
#893 = CARTESIAN_POINT ( 'NONE',  ( 2.540000000000000036, 0.000000000000000000, 4.800000000000000711 ) ) ;
#894 = DIRECTION ( 'NONE',  ( 0.000000000000000000, 0.000000000000000000, 1.000000000000000000 ) ) ;
#895 = CARTESIAN_POINT ( 'NONE',  ( 1.221746101620476033, -4.949999999999999289, 4.318668423090747943 ) ) ;
#896 = EDGE_CURVE ( 'NONE', #4657, #2440, #885, .T. ) ;
#897 = CARTESIAN_POINT ( 'NONE',  ( -1.373342463009662451, -4.950000000000001066, 1.380700688350334548 ) ) ;
#898 = CARTESIAN_POINT ( 'NONE',  ( 1.537572713565980687, -4.900000000000001243, 3.604550092611878309 ) ) ;
#899 = LINE ( 'NONE', #364, #289 ) ;
#900 = VECTOR ( 'NONE', #1751, 1000.000000000000227 ) ;
#901 =( GEOMETRIC_REPRESENTATION_CONTEXT ( 3 ) GLOBAL_UNCERTAINTY_ASSIGNED_CONTEXT ( ( #6153 ) ) GLOBAL_UNIT_ASSIGNED_CONTEXT ( ( #2785, #850, #3247 ) ) REPRESENTATION_CONTEXT ( 'NONE', 'WORKASPACE' ) );
#902 = COLOUR_RGB ( '',1.000000000000000000, 0.8705882352941176627, 0.5254901960784313930 ) ;
#903 = UNCERTAINTY_MEASURE_WITH_UNIT (LENGTH_MEASURE( 1.000000000000000082E-05 ), #5807, 'distance_accuracy_value', 'NONE');
#904 = AXIS2_PLACEMENT_3D ( 'NONE', #2158, #4124, #6078 ) ;
#905 = PLANE ( 'NONE',  #4326 ) ;
#906 = MECHANICAL_DESIGN_GEOMETRIC_PRESENTATION_REPRESENTATION (  '', ( #2123 ), #5405 ) ;
#907 = EDGE_LOOP ( 'NONE', ( #760, #6163, #4561, #4067 ) ) ;
#908 =( LENGTH_UNIT ( ) NAMED_UNIT ( * ) SI_UNIT ( .MILLI., .METRE. ) );
#909 = CARTESIAN_POINT ( 'NONE',  ( 0.7958065932662015118, -4.899999999999999467, 3.059921426491651886 ) ) ;
#910 = CARTESIAN_POINT ( 'NONE',  ( 1.661768500710183893, -4.950000000000001066, 4.011214840343712673 ) ) ;
#911 = VECTOR ( 'NONE', #1055, 1000.000000000000000 ) ;
#912 = FILL_AREA_STYLE_COLOUR ( '', #452 ) ;
#913 =( NAMED_UNIT ( * ) PLANE_ANGLE_UNIT ( ) SI_UNIT ( $, .RADIAN. ) );
#914 = SURFACE_SIDE_STYLE ('',( #6288 ) ) ;
#915 = CARTESIAN_POINT ( 'NONE',  ( 0.02703248078412566133, -4.899999999999998579, 1.232484358727993445 ) ) ;
#916 = VERTEX_POINT ( 'NONE', #946 ) ;
#917 = CARTESIAN_POINT ( 'NONE',  ( -1.470000000000000639, 3.709999999999999964, -3.850000000000000089 ) ) ;
#918 = CARTESIAN_POINT ( 'NONE',  ( 1.390928612614181992, -4.950000000000002842, 3.704977834813843796 ) ) ;
#919 = EDGE_CURVE ( 'NONE', #2446, #4527, #3369, .T. ) ;
#920 = CARTESIAN_POINT ( 'NONE',  ( -1.373342463009662451, -4.900000000000001243, 1.380700688350334548 ) ) ;
#921 = CARTESIAN_POINT ( 'NONE',  ( -1.869999999999999885, -3.649999999999990141, 8.001000000000001222 ) ) ;
#922 = ORIENTED_EDGE ( 'NONE', *, *, #4206, .T. ) ;
#923 = ORIENTED_EDGE ( 'NONE', *, *, #1319, .T. ) ;
#924 = CARTESIAN_POINT ( 'NONE',  ( -0.8064650200922037770, -4.900000000000000355, 2.025847709339410940 ) ) ;
#925 = EDGE_CURVE ( 'NONE', #1183, #2893, #5038, .T. ) ;
#926 = CARTESIAN_POINT ( 'NONE',  ( 1.484820755446078389, -4.900000000000003020, 3.976755444584354038 ) ) ;
#927 = DIRECTION ( 'NONE',  ( -0.000000000000000000, 1.000000000000000000, 0.000000000000000000 ) ) ;
#928 = CARTESIAN_POINT ( 'NONE',  ( -1.433825887486951611, -4.899999999999999467, 3.892397249344901500 ) ) ;
#929 = CARTESIAN_POINT ( 'NONE',  ( -1.604615384615384999, -4.900000000000000355, 3.803535256410256249 ) ) ;
#930 =( NAMED_UNIT ( * ) SI_UNIT ( $, .STERADIAN. ) SOLID_ANGLE_UNIT ( ) );
#931 = CARTESIAN_POINT ( 'NONE',  ( -1.352893657043767295, -4.950000000000001066, 1.238468448277985967 ) ) ;
#932 =( NAMED_UNIT ( * ) SI_UNIT ( $, .STERADIAN. ) SOLID_ANGLE_UNIT ( ) );
#933 = CARTESIAN_POINT ( 'NONE',  ( 0.7890256410256406561, -4.900000000000000355, 3.924128205128205149 ) ) ;
#934 = CARTESIAN_POINT ( 'NONE',  ( 1.102369298406293385, -4.950000000000001066, 4.131946019163768469 ) ) ;
#935 = CARTESIAN_POINT ( 'NONE',  ( -0.3317004433121649165, -4.950000000000002842, 2.143133495149090795 ) ) ;
#936 = DIRECTION ( 'NONE',  ( -1.000000000000000000, 0.000000000000000000, 0.000000000000000000 ) ) ;
#937 = DIRECTION ( 'NONE',  ( 0.000000000000000000, -1.000000000000000000, 0.000000000000000000 ) ) ;
#938 = CARTESIAN_POINT ( 'NONE',  ( 1.667764655841563526, -4.950000000000001066, 3.972465349045847471 ) ) ;
#939 = CARTESIAN_POINT ( 'NONE',  ( 0.04923076923076885603, -4.950000000000000178, 1.446596153846154253 ) ) ;
#940 = PLANE ( 'NONE',  #4540 ) ;
#941 = CARTESIAN_POINT ( 'NONE',  ( 1.431693357894830987, -4.950000000000002842, 3.492618653730502398 ) ) ;
#942 = PLANE ( 'NONE',  #5766 ) ;
#943 = ORIENTED_EDGE ( 'NONE', *, *, #4429, .F. ) ;
#944 = VECTOR ( 'NONE', #3006, 1000.000000000000114 ) ;
#945 = ORIENTED_EDGE ( 'NONE', *, *, #5847, .T. ) ;
#946 = CARTESIAN_POINT ( 'NONE',  ( -1.870000000000000107, -2.449999999999990408, 4.801000000000000156 ) ) ;
#947 = VECTOR ( 'NONE', #2859, 1000.000000000000000 ) ;
#948 = CARTESIAN_POINT ( 'NONE',  ( 1.569999999999999396, -3.910000000000001030, -3.479999999999997762 ) ) ;
#949 = DIRECTION ( 'NONE',  ( 1.000000000000000000, 0.000000000000000000, 0.000000000000000000 ) ) ;
#950 = MECHANICAL_DESIGN_GEOMETRIC_PRESENTATION_REPRESENTATION (  '', ( #4525 ), #1665 ) ;
#951 = MECHANICAL_DESIGN_GEOMETRIC_PRESENTATION_REPRESENTATION (  '', ( #141 ), #2777 ) ;
#952 = CARTESIAN_POINT ( 'NONE',  ( -0.7641664680140574095, -4.900000000000002132, 0.6855724702486077904 ) ) ;
#953 = ORIENTED_EDGE ( 'NONE', *, *, #2857, .T. ) ;
#954 = ORIENTED_EDGE ( 'NONE', *, *, #5847, .F. ) ;
#955 = VECTOR ( 'NONE', #3091, 1000.000000000000000 ) ;
#956 = CARTESIAN_POINT ( 'NONE',  ( 1.489025641025640612, -4.900000000000000355, 3.930858974358974134 ) ) ;
#957 = MECHANICAL_DESIGN_GEOMETRIC_PRESENTATION_REPRESENTATION (  '', ( #1268 ), #4938 ) ;
#958 = DIRECTION ( 'NONE',  ( -1.000000000000000000, 0.000000000000000000, 0.000000000000000000 ) ) ;
#959 = EDGE_CURVE ( 'NONE', #2887, #189, #5489, .T. ) ;
#960 = DIRECTION ( 'NONE',  ( -0.000000000000000000, -0.000000000000000000, -1.000000000000000000 ) ) ;
#961 = STYLED_ITEM ( 'NONE', ( #1358 ), #2237 ) ;
#962 = EDGE_CURVE ( 'NONE', #4308, #6263, #2435, .T. ) ;
#963 = LINE ( 'NONE', #1884, #3551 ) ;
#964 = VERTEX_POINT ( 'NONE', #4020 ) ;
#965 = VECTOR ( 'NONE', #3256, 1000.000000000000000 ) ;
#966 =( NAMED_UNIT ( * ) SI_UNIT ( $, .STERADIAN. ) SOLID_ANGLE_UNIT ( ) );
#967 = VECTOR ( 'NONE', #3672, 1000.000000000000000 ) ;
#968 = B_SPLINE_CURVE_WITH_KNOTS ( 'NONE', 3,
 ( #1931, #1480, #21, #1958, #5871, #3852, #2431, #5326, #1011, #3422, #2949, #4906, #5297, #941, #1040, #4424, #409, #55, #2362 ),
 .UNSPECIFIED., .F., .F.,
 ( 4, 1, 1, 1, 1, 1, 1, 1, 1, 1, 1, 1, 1, 1, 1, 1, 4 ),
 ( 0.000000000000000000, 0.05794487546232610087, 0.1160176254256830713, 0.1748257843638406639, 0.2346830900793708818, 0.2968270303289149425, 0.3640613359637883684, 0.4361924240497394023, 0.5142601195414410187, 0.5569758971654886759, 0.6048559283836539846, 0.6576752010734877585, 0.7157505846619324208, 0.7788397991664555153, 0.8475011894738634366, 0.9212282309463238894, 1.000000000000000000 ),
 .UNSPECIFIED. ) ;
#969 = ADVANCED_FACE ( 'NONE', ( #26 ), #1078, .F. ) ;
#970 = CARTESIAN_POINT ( 'NONE',  ( -1.570000000000000950, 3.709999999999999964, -0.001000000000000132727 ) ) ;
#971 = CARTESIAN_POINT ( 'NONE',  ( 1.233817307692307352, -4.900000000000000355, 4.157461538461538098 ) ) ;
#972 = EDGE_LOOP ( 'NONE', ( #2555, #4153, #2427, #3480 ) ) ;
#973 = VECTOR ( 'NONE', #3198, 1000.000000000000000 ) ;
#974 = CARTESIAN_POINT ( 'NONE',  ( 0.8324032130508710603, -4.900000000000001243, 3.141507030636325304 ) ) ;
#975 = CARTESIAN_POINT ( 'NONE',  ( 1.233076923076922737, -4.950000000000000178, 1.079709134615384647 ) ) ;
#976 = PRESENTATION_STYLE_ASSIGNMENT (( #5361 ) ) ;
#977 = CARTESIAN_POINT ( 'NONE',  ( -3.270000000000000462, 4.449999999999998401, 8.800000000000000711 ) ) ;
#978 = LINE ( 'NONE', #1991, #1314 ) ;
#979 = EDGE_CURVE ( 'NONE', #12, #4800, #3951, .T. ) ;
#980 = ORIENTED_EDGE ( 'NONE', *, *, #6246, .T. ) ;
#981 = CARTESIAN_POINT ( 'NONE',  ( 1.446467040875624610, -4.900000000000000355, 3.783577236226056240 ) ) ;
#982 = LINE ( 'NONE', #2919, #2788 ) ;
#983 = CARTESIAN_POINT ( 'NONE',  ( 1.190426264685290114, -4.950000000000000178, 4.318019262756992660 ) ) ;
#984 = CARTESIAN_POINT ( 'NONE',  ( -1.070000000000001172, -3.910000000000001030, -3.850000000000000089 ) ) ;
#985 = DIRECTION ( 'NONE',  ( 1.000000000000000000, 0.000000000000000000, -0.000000000000000000 ) ) ;
#986 = ORIENTED_EDGE ( 'NONE', *, *, #2659, .T. ) ;
#987 = ORIENTED_EDGE ( 'NONE', *, *, #3847, .T. ) ;
#988 = CARTESIAN_POINT ( 'NONE',  ( 1.449422814328488629, -4.900000000000001243, 4.057613147956500299 ) ) ;
#989 = CARTESIAN_POINT ( 'NONE',  ( 0.01575849223964658624, -4.899999999999998579, 1.706807429145969612 ) ) ;
#990 =( NAMED_UNIT ( * ) PLANE_ANGLE_UNIT ( ) SI_UNIT ( $, .RADIAN. ) );
#991 =( LENGTH_UNIT ( ) NAMED_UNIT ( * ) SI_UNIT ( .MILLI., .METRE. ) );
#992 = CARTESIAN_POINT ( 'NONE',  ( -1.288916798250017148, -4.950000000000000178, 1.057982756193093232 ) ) ;
#993 = DIRECTION ( 'NONE',  ( -0.000000000000000000, -1.000000000000000000, -0.000000000000000000 ) ) ;
#994 = ORIENTED_EDGE ( 'NONE', *, *, #997, .F. ) ;
#995 = UNCERTAINTY_MEASURE_WITH_UNIT (LENGTH_MEASURE( 1.000000000000000082E-05 ), #5915, 'distance_accuracy_value', 'NONE');
#996 = CARTESIAN_POINT ( 'NONE',  ( -1.021015816753664929, -4.950000000000001066, 1.006013512761436912 ) ) ;
#997 = EDGE_CURVE ( 'NONE', #3029, #5925, #1609, .T. ) ;
#998 = FILL_AREA_STYLE ('',( #4962 ) ) ;
#999 = MECHANICAL_DESIGN_GEOMETRIC_PRESENTATION_REPRESENTATION (  '', ( #797 ), #2207 ) ;
#1000 =( LENGTH_UNIT ( ) NAMED_UNIT ( * ) SI_UNIT ( .MILLI., .METRE. ) );
#1001 = PRESENTATION_STYLE_ASSIGNMENT (( #528 ) ) ;
#1002 = ORIENTED_EDGE ( 'NONE', *, *, #5522, .F. ) ;
#1003 = COLOUR_RGB ( '',1.000000000000000000, 1.000000000000000000, 1.000000000000000000 ) ;
#1004 = LINE ( 'NONE', #3041, #6025 ) ;
#1005 = EDGE_CURVE ( 'NONE', #5625, #3205, #4051, .T. ) ;
#1006 =( NAMED_UNIT ( * ) SI_UNIT ( $, .STERADIAN. ) SOLID_ANGLE_UNIT ( ) );
#1007 =( NAMED_UNIT ( * ) PLANE_ANGLE_UNIT ( ) SI_UNIT ( $, .RADIAN. ) );
#1008 = STYLED_ITEM ( 'NONE', ( #2333 ), #6214 ) ;
#1009 = DIRECTION ( 'NONE',  ( 0.000000000000000000, 1.000000000000000000, 0.000000000000000000 ) ) ;
#1010 = PRESENTATION_LAYER_ASSIGNMENT (  '', '', ( #3441 ) ) ;
#1011 = CARTESIAN_POINT ( 'NONE',  ( 1.565741069165648591, -4.949999999999998401, 3.641097308793078025 ) ) ;
#1012 = ORIENTED_EDGE ( 'NONE', *, *, #3423, .F. ) ;
#1013 = DIRECTION ( 'NONE',  ( -1.000000000000000000, 0.000000000000000000, 0.000000000000000000 ) ) ;
#1014 = AXIS2_PLACEMENT_3D ( 'NONE', #3599, #2091, #3531 ) ;
#1015 = CARTESIAN_POINT ( 'NONE',  ( -0.6462739832631201331, -4.949999999999999289, 0.6800828627205967036 ) ) ;
#1016 = CARTESIAN_POINT ( 'NONE',  ( -1.470000000000000639, 3.910000000000000142, -3.850000000000000089 ) ) ;
#1017 = B_SPLINE_CURVE_WITH_KNOTS ( 'NONE', 3,
 ( #3082, #4053, #5042, #607, #727, #2655, #697, #3535, #5077, #4618, #2625, #5008, #3603 ),
 .UNSPECIFIED., .F., .F.,
 ( 4, 1, 1, 1, 1, 1, 1, 1, 1, 1, 4 ),
 ( 0.000000000000000000, 0.1241996726524864647, 0.2368296581100267917, 0.3394949853062823042, 0.4312535100312247516, 0.5114548721194178693, 0.5812230366234579781, 0.6404953748643702482, 0.6883082049320188300, 0.8503329734146888308, 1.000000000000000000 ),
 .UNSPECIFIED. ) ;
#1018 = FILL_AREA_STYLE ('',( #5843 ) ) ;
#1019 = ORIENTED_EDGE ( 'NONE', *, *, #4551, .F. ) ;
#1020 = ORIENTED_EDGE ( 'NONE', *, *, #5417, .T. ) ;
#1021 = SURFACE_SIDE_STYLE ('',( #2001 ) ) ;
#1022 = CARTESIAN_POINT ( 'NONE',  ( -0.5591036786836696137, -4.899999999999999467, 0.8614911973693710756 ) ) ;
#1023 = CARTESIAN_POINT ( 'NONE',  ( -0.03705327225864163410, -4.950000000000000178, 1.845305213333761740 ) ) ;
#1024 =( LENGTH_UNIT ( ) NAMED_UNIT ( * ) SI_UNIT ( .MILLI., .METRE. ) );
#1025 = CARTESIAN_POINT ( 'NONE',  ( -0.6870828614167512338, -4.900000000000000355, 2.217637025471462131 ) ) ;
#1026 = DIRECTION ( 'NONE',  ( -0.000000000000000000, -0.000000000000000000, 1.000000000000000000 ) ) ;
#1027 = ORIENTED_EDGE ( 'NONE', *, *, #1346, .F. ) ;
#1028 = FILL_AREA_STYLE ('',( #4473 ) ) ;
#1029 = UNCERTAINTY_MEASURE_WITH_UNIT (LENGTH_MEASURE( 1.000000000000000082E-05 ), #1531, 'distance_accuracy_value', 'NONE');
#1030 = B_SPLINE_CURVE_WITH_KNOTS ( 'NONE', 3,
 ( #1194, #3131, #5669, #5635, #5063, #685, #1249, #2609, #715, #271, #2643 ),
 .UNSPECIFIED., .F., .F.,
 ( 4, 1, 1, 1, 1, 1, 1, 1, 4 ),
 ( 0.000000000000000000, 0.1426572507006134971, 0.2811689939054440868, 0.4169771923679741477, 0.5508524927475574318, 0.6783641702618123936, 0.7950324430070943027, 0.9019981783473510761, 1.000000000000000000 ),
 .UNSPECIFIED. ) ;
#1031 = CARTESIAN_POINT ( 'NONE',  ( -0.1702838143718245212, -4.899999999999999467, 1.576452033225398619 ) ) ;
#1032 = DIRECTION ( 'NONE',  ( 1.000000000000000000, 0.000000000000000000, 0.000000000000000000 ) ) ;
#1033 = LINE ( 'NONE', #469, #1722 ) ;
#1034 = EDGE_CURVE ( 'NONE', #2719, #1746, #2460, .T. ) ;
#1035 = CARTESIAN_POINT ( 'NONE',  ( 0.7898669871794867792, -4.900000000000000355, 3.043519230769230255 ) ) ;
#1036 = VERTEX_POINT ( 'NONE', #2054 ) ;
#1037 = DIRECTION ( 'NONE',  ( 8.761229676650542138E-17, 1.000000000000000000, -0.000000000000000000 ) ) ;
#1038 = SURFACE_STYLE_USAGE ( .BOTH. , #4011 ) ;
#1039 = CARTESIAN_POINT ( 'NONE',  ( -1.870000000000000107, -2.449999999999990408, 4.800000000000000711 ) ) ;
#1040 = CARTESIAN_POINT ( 'NONE',  ( 1.398321987348494666, -4.950000000000001066, 3.461864912571554154 ) ) ;
#1041 =( LENGTH_UNIT ( ) NAMED_UNIT ( * ) SI_UNIT ( .MILLI., .METRE. ) );
#1042 = ADVANCED_FACE ( 'NONE', ( #4910 ), #3921, .T. ) ;
#1043 = EDGE_CURVE ( 'NONE', #286, #4569, #2092, .T. ) ;
#1044 = ORIENTED_EDGE ( 'NONE', *, *, #2197, .T. ) ;
#1045 = ORIENTED_EDGE ( 'NONE', *, *, #881, .F. ) ;
#1046 = CARTESIAN_POINT ( 'NONE',  ( 0.7890256410256406561, -4.900000000000000355, 3.924128205128205149 ) ) ;
#1047 = CARTESIAN_POINT ( 'NONE',  ( -0.9700000000000008615, -3.910000000000001030, -0.001000000000000132727 ) ) ;
#1048 = CARTESIAN_POINT ( 'NONE',  ( -1.128021591228418830, -4.900000000000001243, 1.188448951658802821 ) ) ;
#1049 = CARTESIAN_POINT ( 'NONE',  ( 1.331422089267603415, -4.949999999999999289, 4.312657253342179864 ) ) ;
#1050 = CARTESIAN_POINT ( 'NONE',  ( 1.668126946038181568, -4.900000000000000355, 3.918687546312419556 ) ) ;
#1051 = CARTESIAN_POINT ( 'NONE',  ( -1.183371758905456872, -4.900000000000001243, 0.9009892675189148381 ) ) ;
#1052 = ORIENTED_EDGE ( 'NONE', *, *, #5730, .T. ) ;
#1053 = ORIENTED_EDGE ( 'NONE', *, *, #6085, .F. ) ;
#1054 = CARTESIAN_POINT ( 'NONE',  ( -0.1623076923076927081, -4.900000000000000355, 1.448098557692307775 ) ) ;
#1055 = DIRECTION ( 'NONE',  ( 1.000000000000000000, -0.000000000000000000, -0.000000000000000000 ) ) ;
#1056 =( GEOMETRIC_REPRESENTATION_CONTEXT ( 3 ) GLOBAL_UNCERTAINTY_ASSIGNED_CONTEXT ( ( #1855 ) ) GLOBAL_UNIT_ASSIGNED_CONTEXT ( ( #3451, #4932, #5932 ) ) REPRESENTATION_CONTEXT ( 'NONE', 'WORKASPACE' ) );
#1057 = CARTESIAN_POINT ( 'NONE',  ( 0.03728534543790169159, -4.900000000000001243, 1.606836291005684147 ) ) ;
#1058 = VECTOR ( 'NONE', #2193, 1000.000000000000000 ) ;
#1059 = CARTESIAN_POINT ( 'NONE',  ( -1.176133276256839943, -4.950000000000001066, 2.009547861341816066 ) ) ;
#1060 = DIRECTION ( 'NONE',  ( -0.000000000000000000, -1.000000000000000000, -0.000000000000000000 ) ) ;
#1061 = ORIENTED_EDGE ( 'NONE', *, *, #2462, .F. ) ;
#1062 = STYLED_ITEM ( 'NONE', ( #4103 ), #5240 ) ;
#1063 = CARTESIAN_POINT ( 'NONE',  ( -0.9453436267981398800, -4.949999999999999289, 0.9385692820906487155 ) ) ;
#1064 = CARTESIAN_POINT ( 'NONE',  ( -0.1857799456033984165, -4.900000000000000355, 1.655220012804757834 ) ) ;
#1065 = CARTESIAN_POINT ( 'NONE',  ( 0.04888965450882545166, -4.950000000000000178, 1.464930426956593701 ) ) ;
#1066 = PRESENTATION_LAYER_ASSIGNMENT (  '', '', ( #5254 ) ) ;
#1067 = CARTESIAN_POINT ( 'NONE',  ( 0.000000000000000000, 0.000000000000000000, 1.800000000000000488 ) ) ;
#1068 = FACE_OUTER_BOUND ( 'NONE', #642, .T. ) ;
#1069 = VERTEX_POINT ( 'NONE', #4940 ) ;
#1070 = CARTESIAN_POINT ( 'NONE',  ( 0.9699999999999993072, 3.910000000000000142, -3.850000000000000089 ) ) ;
#1071 = CARTESIAN_POINT ( 'NONE',  ( 1.112663461538461407, -4.900000000000000355, 3.442597756410255894 ) ) ;
#1072 = CARTESIAN_POINT ( 'NONE',  ( -1.316342305949406821, -4.950000000000001066, 4.178117614143100234 ) ) ;
#1073 = DIRECTION ( 'NONE',  ( 0.000000000000000000, 0.000000000000000000, -1.000000000000000000 ) ) ;
#1074 = LINE ( 'NONE', #3009, #1798 ) ;
#1075 = CARTESIAN_POINT ( 'NONE',  ( 0.6700000000000000400, -2.449999999999990408, 4.801000000000000156 ) ) ;
#1076 = VECTOR ( 'NONE', #2654, 1000.000000000000000 ) ;
#1077 = ORIENTED_EDGE ( 'NONE', *, *, #1200, .F. ) ;
#1078 = PLANE ( 'NONE',  #4985 ) ;
#1079 = ADVANCED_FACE ( 'NONE', ( #3571 ), #3427, .F. ) ;
#1080 = CARTESIAN_POINT ( 'NONE',  ( -0.6144524761884081476, -4.950000000000000178, 0.6807053164106005028 ) ) ;
#1081 = CARTESIAN_POINT ( 'NONE',  ( 0.8307755860468750697, -4.950000000000000178, 4.093781576941938560 ) ) ;
#1082 = CARTESIAN_POINT ( 'NONE',  ( 1.579845507032003438, -4.899999999999998579, 4.180031777401035598 ) ) ;
#1083 = CARTESIAN_POINT ( 'NONE',  ( 1.595030640459180749, -4.950000000000001066, 3.684088414512895149 ) ) ;
#1084 = CARTESIAN_POINT ( 'NONE',  ( -1.373677411986096164, -4.950000000000001954, 1.412931107150833476 ) ) ;
#1085 = ORIENTED_EDGE ( 'NONE', *, *, #889, .T. ) ;
#1086 = EDGE_LOOP ( 'NONE', ( #3417, #5498, #3332, #5047 ) ) ;
#1087 = FACE_OUTER_BOUND ( 'NONE', #2253, .T. ) ;
#1088 = EDGE_CURVE ( 'NONE', #2887, #2712, #3639, .T. ) ;
#1089 = CARTESIAN_POINT ( 'NONE',  ( -0.1134541315651168142, -4.900000000000000355, 1.966553162418226197 ) ) ;
#1090 = PRESENTATION_STYLE_ASSIGNMENT (( #3061 ) ) ;
#1091 = CARTESIAN_POINT ( 'NONE',  ( 0.9699999999999995293, -3.910000000000001030, -3.479999999999994209 ) ) ;
#1092 =( LENGTH_UNIT ( ) NAMED_UNIT ( * ) SI_UNIT ( .MILLI., .METRE. ) );
#1093 = DIRECTION ( 'NONE',  ( -0.000000000000000000, -0.000000000000000000, -1.000000000000000000 ) ) ;
#1094 = VERTEX_POINT ( 'NONE', #2181 ) ;
#1095 = LINE ( 'NONE', #4445, #406 ) ;
#1096 = SURFACE_STYLE_USAGE ( .BOTH. , #1594 ) ;
#1097 = ADVANCED_FACE ( 'NONE', ( #180 ), #1266, .F. ) ;
#1098 = FILL_AREA_STYLE ('',( #1163 ) ) ;
#1099 = LINE ( 'NONE', #3035, #6133 ) ;
#1100 = DIRECTION ( 'NONE',  ( 0.000000000000000000, 1.000000000000000000, 0.000000000000000000 ) ) ;
#1101 = ORIENTED_EDGE ( 'NONE', *, *, #4512, .F. ) ;
#1102 = FACE_OUTER_BOUND ( 'NONE', #2958, .T. ) ;
#1103 = STYLED_ITEM ( 'NONE', ( #3777 ), #4632 ) ;
#1104 = CARTESIAN_POINT ( 'NONE',  ( -1.217596153846154161, -4.900000000000000355, 4.318999999999999950 ) ) ;
#1105 = CARTESIAN_POINT ( 'NONE',  ( -1.217596153846154383, -4.950000000000001066, 4.319000000000000838 ) ) ;
#1106 =( NAMED_UNIT ( * ) SI_UNIT ( $, .STERADIAN. ) SOLID_ANGLE_UNIT ( ) );
#1107 = CARTESIAN_POINT ( 'NONE',  ( 0.6700000000000000400, -2.449999999999990408, 8.001000000000001222 ) ) ;
#1108 =( GEOMETRIC_REPRESENTATION_CONTEXT ( 3 ) GLOBAL_UNCERTAINTY_ASSIGNED_CONTEXT ( ( #5860 ) ) GLOBAL_UNIT_ASSIGNED_CONTEXT ( ( #864, #4312, #3723 ) ) REPRESENTATION_CONTEXT ( 'NONE', 'WORKASPACE' ) );
#1109 = VECTOR ( 'NONE', #4693, 1000.000000000000000 ) ;
#1110 = COLOUR_RGB ( '',0.1803921568627450955, 0.1803921568627450955, 0.1803921568627450955 ) ;
#1111 = VERTEX_POINT ( 'NONE', #316 ) ;
#1112 = FACE_OUTER_BOUND ( 'NONE', #5090, .T. ) ;
#1113 = DIRECTION ( 'NONE',  ( -1.000000000000000000, -0.000000000000000000, -0.000000000000000000 ) ) ;
#1114 = PRESENTATION_LAYER_ASSIGNMENT (  '', '', ( #1008 ) ) ;
#1115 = MECHANICAL_DESIGN_GEOMETRIC_PRESENTATION_REPRESENTATION (  '', ( #2220 ), #3038 ) ;
#1116 = CARTESIAN_POINT ( 'NONE',  ( -0.4301480857409363812, -4.949999999999999289, 0.7150305743888143439 ) ) ;
#1117 = MECHANICAL_DESIGN_GEOMETRIC_PRESENTATION_REPRESENTATION (  '', ( #4475 ), #4684 ) ;
#1118 = CARTESIAN_POINT ( 'NONE',  ( -0.09193787157320605641, -4.950000000000001066, 0.9578850766519285687 ) ) ;
#1119 = CARTESIAN_POINT ( 'NONE',  ( 1.374780319567271203, -4.900000000000000355, 4.304051326330434080 ) ) ;
#1120 =( NAMED_UNIT ( * ) PLANE_ANGLE_UNIT ( ) SI_UNIT ( $, .RADIAN. ) );
#1121 =( GEOMETRIC_REPRESENTATION_CONTEXT ( 3 ) GLOBAL_UNCERTAINTY_ASSIGNED_CONTEXT ( ( #6142 ) ) GLOBAL_UNIT_ASSIGNED_CONTEXT ( ( #3099, #1725, #6027 ) ) REPRESENTATION_CONTEXT ( 'NONE', 'WORKASPACE' ) );
#1122 = EDGE_CURVE ( 'NONE', #5835, #5865, #4367, .T. ) ;
#1123 = DIRECTION ( 'NONE',  ( 0.000000000000000000, 0.000000000000000000, -1.000000000000000000 ) ) ;
#1124 = EDGE_LOOP ( 'NONE', ( #2046, #2647, #1697, #1647 ) ) ;
#1125 = SURFACE_SIDE_STYLE ('',( #5012 ) ) ;
#1126 = CARTESIAN_POINT ( 'NONE',  ( 1.336911968165742870, -4.950000000000001066, 4.141733821787023651 ) ) ;
#1127 = SURFACE_STYLE_USAGE ( .BOTH. , #5595 ) ;
#1128 =( NAMED_UNIT ( * ) PLANE_ANGLE_UNIT ( ) SI_UNIT ( $, .RADIAN. ) );
#1129 = DIRECTION ( 'NONE',  ( 0.000000000000000000, 0.000000000000000000, -1.000000000000000000 ) ) ;
#1130 = CARTESIAN_POINT ( 'NONE',  ( -0.5557068109775122888, -4.950000000000001066, 2.035008084947162121 ) ) ;
#1131 = ORIENTED_EDGE ( 'NONE', *, *, #419, .F. ) ;
#1132 = EDGE_CURVE ( 'NONE', #2712, #2345, #3175, .T. ) ;
#1133 = CARTESIAN_POINT ( 'NONE',  ( 1.001605769230768939, -4.900000000000000355, 3.098487179487178889 ) ) ;
#1134 = CARTESIAN_POINT ( 'NONE',  ( -0.6700000000000000400, -2.449999999999990408, 4.800000000000000711 ) ) ;
#1135 = SURFACE_STYLE_USAGE ( .BOTH. , #3591 ) ;
#1136 = ORIENTED_EDGE ( 'NONE', *, *, #2102, .T. ) ;
#1137 = VERTEX_POINT ( 'NONE', #1207 ) ;
#1138 = CARTESIAN_POINT ( 'NONE',  ( -1.080504819028438090, -4.900000000000000355, 1.819323381091136449 ) ) ;
#1139 = LINE ( 'NONE', #4451, #487 ) ;
#1140 = UNCERTAINTY_MEASURE_WITH_UNIT (LENGTH_MEASURE( 1.000000000000000082E-05 ), #1911, 'distance_accuracy_value', 'NONE');
#1141 = B_SPLINE_SURFACE_WITH_KNOTS ( 'NONE', 3, 1, ( 
 ( #2590, #5229 ),
 ( #909, #1325 ),
 ( #2845, #1442 ),
 ( #3298, #1351 ),
 ( #369, #4232 ),
 ( #5714, #1416 ),
 ( #5291, #5200 ),
 ( #5779, #2391 ),
 ( #2750, #5264 ),
 ( #847, #2330 ),
 ( #6230, #3820 ),
 ( #2299, #1893 ),
 ( #2811, #2358 ),
 ( #4773, #2876 ),
 ( #2782, #1927 ) ),
 .UNSPECIFIED., .F., .F., .F.,
 ( 4, 1, 1, 1, 1, 1, 1, 1, 1, 1, 1, 1, 4 ),
 ( 2, 2 ),
 ( 0.000000000000000000, 0.1003881431397110058, 0.2044067930373086317, 0.3106860830942073659, 0.4221572938828003774, 0.4806854607703741622, 0.5432381544526690975, 0.6094995045645648091, 0.6795546087742241337, 0.7538412220511753192, 0.8316406764893856662, 0.9138127068095902583, 1.000000000000000000 ),
 ( 0.000000000000000000, 1.000000000000000000 ),
 .UNSPECIFIED. ) ;
#1142 =( NAMED_UNIT ( * ) PLANE_ANGLE_UNIT ( ) SI_UNIT ( $, .RADIAN. ) );
#1143 = ORIENTED_EDGE ( 'NONE', *, *, #809, .F. ) ;
#1144 = CARTESIAN_POINT ( 'NONE',  ( 1.488110845836004170, -4.900000000000001243, 3.548699269633762032 ) ) ;
#1145 = DIRECTION ( 'NONE',  ( 1.000000000000000000, 1.367242359578592995E-16, 0.000000000000000000 ) ) ;
#1146 = PRESENTATION_STYLE_ASSIGNMENT (( #5530 ) ) ;
#1147 = LINE ( 'NONE', #3179, #6062 ) ;
#1148 = CARTESIAN_POINT ( 'NONE',  ( -1.309082239731615083, -4.900000000000001243, 1.101842319594224628 ) ) ;
#1149 = ORIENTED_EDGE ( 'NONE', *, *, #2275, .T. ) ;
#1150 = ORIENTED_EDGE ( 'NONE', *, *, #5223, .F. ) ;
#1151 = CARTESIAN_POINT ( 'NONE',  ( -1.417222591915846097, -4.949999999999999289, 4.085260596303617930 ) ) ;
#1152 = CARTESIAN_POINT ( 'NONE',  ( 1.400460008758380059, -4.949999999999998401, 4.107712855179523892 ) ) ;
#1153 = CARTESIAN_POINT ( 'NONE',  ( 0.04923076923076885603, -4.900000000000000355, 1.446596153846154253 ) ) ;
#1154 = FILL_AREA_STYLE ('',( #5540 ) ) ;
#1155 = VECTOR ( 'NONE', #3949, 1000.000000000000000 ) ;
#1156 = CARTESIAN_POINT ( 'NONE',  ( -0.2081683389844996290, -4.899999999999999467, 1.728332656255448185 ) ) ;
#1157 = VERTEX_POINT ( 'NONE', #1677 ) ;
#1158 = COLOUR_RGB ( '',1.000000000000000000, 0.8705882352941176627, 0.5254901960784313930 ) ;
#1159 = SURFACE_STYLE_USAGE ( .BOTH. , #1192 ) ;
#1160 =( NAMED_UNIT ( * ) PLANE_ANGLE_UNIT ( ) SI_UNIT ( $, .RADIAN. ) );
#1161 = LINE ( 'NONE', #1662, #852 ) ;
#1162 = ADVANCED_FACE ( 'NONE', ( #3114 ), #1141, .T. ) ;
#1163 = FILL_AREA_STYLE_COLOUR ( '', #2268 ) ;
#1164 = VECTOR ( 'NONE', #4031, 1000.000000000000000 ) ;
#1165 = CARTESIAN_POINT ( 'NONE',  ( -0.1811515819136849392, -4.899999999999999467, 1.253367430971772611 ) ) ;
#1166 = COLOUR_RGB ( '',1.000000000000000000, 1.000000000000000000, 1.000000000000000000 ) ;
#1167 = FACE_OUTER_BOUND ( 'NONE', #5206, .T. ) ;
#1168 = VERTEX_POINT ( 'NONE', #3358 ) ;
#1169 = AXIS2_PLACEMENT_3D ( 'NONE', #598, #81, #2023 ) ;
#1170 = CARTESIAN_POINT ( 'NONE',  ( -0.6602043269230774003, -4.949999999999996625, 2.045153846153846544 ) ) ;
#1171 = VECTOR ( 'NONE', #960, 1000.000000000000000 ) ;
#1172 = EDGE_CURVE ( 'NONE', #1733, #189, #1863, .T. ) ;
#1173 = VERTEX_POINT ( 'NONE', #1384 ) ;
#1174 = PRESENTATION_STYLE_ASSIGNMENT (( #3598 ) ) ;
#1175 = CARTESIAN_POINT ( 'NONE',  ( 1.469999999999999973, 3.910000000000000142, -3.850000000000000089 ) ) ;
#1176 = B_SPLINE_SURFACE_WITH_KNOTS ( 'NONE', 3, 1, ( 
 ( #212, #1170 ),
 ( #2649, #3111 ),
 ( #5644, #5104 ),
 ( #247, #3172 ),
 ( #4646, #2553 ),
 ( #5001, #277 ),
 ( #2202, #2084 ),
 ( #4173, #3596 ),
 ( #662, #1737 ),
 ( #4046, #5069 ),
 ( #1603, #5524 ),
 ( #1138, #2584 ),
 ( #691, #2615 ),
 ( #4582, #4707 ),
 ( #6252, #2355 ),
 ( #4289, #6196 ),
 ( #2807, #3787 ),
 ( #4767, #6225 ),
 ( #1379, #2238 ) ),
 .UNSPECIFIED., .F., .F., .F.,
 ( 4, 1, 1, 1, 1, 1, 1, 1, 1, 1, 1, 1, 1, 1, 1, 1, 4 ),
 ( 2, 2 ),
 ( 0.000000000000000000, 0.05594313335691826483, 0.1103820356898404936, 0.1640478588828495898, 0.2167594775435857102, 0.2696011346144469578, 0.3230085051908686555, 0.3775814436721359191, 0.4334493367080535786, 0.4909218580498928008, 0.5506247708713253308, 0.6131168723098182616, 0.6798607463518505645, 0.7513577440202003910, 0.8282611012589942145, 0.9107950320656291732, 1.000000000000000000 ),
 ( 0.000000000000000000, 1.000000000000000000 ),
 .UNSPECIFIED. ) ;
#1177 = ADVANCED_FACE ( 'NONE', ( #3322 ), #4294, .T. ) ;
#1178 = CARTESIAN_POINT ( 'NONE',  ( 0.8079006094928048443, -4.949999999999997513, 3.093318998371475725 ) ) ;
#1179 = CARTESIAN_POINT ( 'NONE',  ( -0.1518780215232964359, -4.949999999999999289, 0.8845506753633941566 ) ) ;
#1180 = PRESENTATION_LAYER_ASSIGNMENT (  '', '', ( #1283 ) ) ;
#1181 = DIRECTION ( 'NONE',  ( 1.000000000000000000, 0.000000000000000000, 0.000000000000000000 ) ) ;
#1182 = CARTESIAN_POINT ( 'NONE',  ( -1.373677411986096164, -4.900000000000001243, 1.412931107150833476 ) ) ;
#1183 = VERTEX_POINT ( 'NONE', #5741 ) ;
#1184 = ORIENTED_EDGE ( 'NONE', *, *, #2547, .T. ) ;
#1185 = CARTESIAN_POINT ( 'NONE',  ( 0.9868279170552789470, -4.900000000000001243, 4.011235395070566589 ) ) ;
#1186 = CARTESIAN_POINT ( 'NONE',  ( 1.285468766258513362, -4.899999999999998579, 4.318182760476708459 ) ) ;
#1187 = CARTESIAN_POINT ( 'NONE',  ( -0.9844344884948730279, -4.950000000000000178, 0.9700134349902422848 ) ) ;
#1188 =( NAMED_UNIT ( * ) SI_UNIT ( $, .STERADIAN. ) SOLID_ANGLE_UNIT ( ) );
#1189 = CARTESIAN_POINT ( 'NONE',  ( 1.112663461538461407, -4.900000000000000355, 3.442597756410255894 ) ) ;
#1190 = ORIENTED_EDGE ( 'NONE', *, *, #581, .F. ) ;
#1191 = CARTESIAN_POINT ( 'NONE',  ( -1.523031917976532590, -4.899999999999999467, 3.840571802289065140 ) ) ;
#1192 = SURFACE_SIDE_STYLE ('',( #4541 ) ) ;
#1193 = FACE_OUTER_BOUND ( 'NONE', #2328, .T. ) ;
#1194 = CARTESIAN_POINT ( 'NONE',  ( -1.604615384615384999, -4.900000000000000355, 3.968999999999999417 ) ) ;
#1195 = CARTESIAN_POINT ( 'NONE',  ( -0.6246854423974944615, -4.900000000000000355, 2.044374076295398357 ) ) ;
#1196 = CARTESIAN_POINT ( 'NONE',  ( 0.9688450442904026350, -4.950000000000000178, 3.915722497707351035 ) ) ;
#1197 = FILL_AREA_STYLE ('',( #1696 ) ) ;
#1198 = EDGE_LOOP ( 'NONE', ( #3529, #4495, #3958, #1844 ) ) ;
#1199 = ORIENTED_EDGE ( 'NONE', *, *, #4622, .T. ) ;
#1200 = EDGE_CURVE ( 'NONE', #4338, #482, #1004, .T. ) ;
#1201 = CARTESIAN_POINT ( 'NONE',  ( -0.6444707603935747597, -4.900000000000001243, 2.217935043699853281 ) ) ;
#1202 =( LENGTH_UNIT ( ) NAMED_UNIT ( * ) SI_UNIT ( .MILLI., .METRE. ) );
#1203 = VERTEX_POINT ( 'NONE', #4902 ) ;
#1204 = EDGE_CURVE ( 'NONE', #4240, #1488, #1988, .T. ) ;
#1205 =( NAMED_UNIT ( * ) SI_UNIT ( $, .STERADIAN. ) SOLID_ANGLE_UNIT ( ) );
#1206 = PRESENTATION_STYLE_ASSIGNMENT (( #1641 ) ) ;
#1207 = CARTESIAN_POINT ( 'NONE',  ( 3.270000000000000462, -1.699999999999999956, 1.800000000000000488 ) ) ;
#1208 = COLOUR_RGB ( '',1.000000000000000000, 1.000000000000000000, 1.000000000000000000 ) ;
#1209 = CARTESIAN_POINT ( 'NONE',  ( 1.078031910144480632, -4.950000000000001066, 3.415137593673937211 ) ) ;
#1210 = CARTESIAN_POINT ( 'NONE',  ( -0.6870828614167512338, -4.950000000000000178, 2.217637025471462131 ) ) ;
#1211 = VECTOR ( 'NONE', #3317, 1000.000000000000000 ) ;
#1212 = ORIENTED_EDGE ( 'NONE', *, *, #5513, .T. ) ;
#1213 = ORIENTED_EDGE ( 'NONE', *, *, #4477, .T. ) ;
#1214 =( NAMED_UNIT ( * ) SI_UNIT ( $, .STERADIAN. ) SOLID_ANGLE_UNIT ( ) );
#1215 = CARTESIAN_POINT ( 'NONE',  ( 1.579845507032003438, -4.899999999999998579, 4.180031777401035598 ) ) ;
#1216 = FILL_AREA_STYLE ('',( #4533 ) ) ;
#1217 =( NAMED_UNIT ( * ) SI_UNIT ( $, .STERADIAN. ) SOLID_ANGLE_UNIT ( ) );
#1218 = VECTOR ( 'NONE', #5634, 1000.000000000000000 ) ;
#1219 =( NAMED_UNIT ( * ) SI_UNIT ( $, .STERADIAN. ) SOLID_ANGLE_UNIT ( ) );
#1220 = ORIENTED_EDGE ( 'NONE', *, *, #3543, .F. ) ;
#1221 = PLANE ( 'NONE',  #4222 ) ;
#1222 = CARTESIAN_POINT ( 'NONE',  ( -0.6246854423974944615, -4.950000000000000178, 2.044374076295398357 ) ) ;
#1223 = LINE ( 'NONE', #1341, #2087 ) ;
#1224 = CARTESIAN_POINT ( 'NONE',  ( 1.233817307692307352, -4.950000000000000178, 4.157461538461538098 ) ) ;
#1225 = CARTESIAN_POINT ( 'NONE',  ( -0.5103631726968977933, -4.900000000000000355, 0.8739588624136336303 ) ) ;
#1226 = B_SPLINE_SURFACE_WITH_KNOTS ( 'NONE', 3, 1, ( 
 ( #1054, #2103 ),
 ( #2162, #4503 ),
 ( #3549, #1624 ),
 ( #3585, #5119 ),
 ( #5990, #4066 ),
 ( #5089, #4538 ),
 ( #2638, #5544 ),
 ( #1657, #2666 ),
 ( #1156, #711 ),
 ( #3095, #5058 ),
 ( #4631, #621 ),
 ( #4599, #133 ),
 ( #6051, #267 ),
 ( #235, #4128 ),
 ( #3065, #2071 ),
 ( #4035, #2191 ),
 ( #4158, #681 ),
 ( #2605, #3028 ),
 ( #4568, #201 ),
 ( #4098, #6116 ),
 ( #5511, #4989 ),
 ( #2541, #3619 ),
 ( #1592, #1130 ),
 ( #4543, #2576 ),
 ( #1195, #1222 ),
 ( #625, #3655 ),
 ( #2109, #4575 ) ),
 .UNSPECIFIED., .F., .F., .F.,
 ( 4, 1, 1, 1, 1, 1, 1, 1, 1, 1, 1, 1, 1, 1, 1, 1, 1, 1, 1, 1, 1, 1, 1, 1, 4 ),
 ( 2, 2 ),
 ( 0.000000000000000000, 0.05085161579228469897, 0.09975246780941662839, 0.1474376477769318294, 0.1940857839327042589, 0.2391709270841440305, 0.2833398222454339144, 0.3265771497238439958, 0.3689362814999019857, 0.4105718726814495123, 0.4510505934949118334, 0.4908768629924158966, 0.5300443324843857607, 0.5689366633103305482, 0.6075778621311336281, 0.6464200964505126823, 0.6856793513063941248, 0.7247985849801966696, 0.7635130084045109733, 0.8021725263787546911, 0.8407403615726125601, 0.8796493769005858665, 0.9190706128663397312, 0.9590978622172243728, 1.000000000000000000 ),
 ( 0.000000000000000000, 1.000000000000000000 ),
 .UNSPECIFIED. ) ;
#1227 = ORIENTED_EDGE ( 'NONE', *, *, #5736, .T. ) ;
#1228 = LINE ( 'NONE', #4513, #3814 ) ;
#1229 = DIRECTION ( 'NONE',  ( 1.000000000000000000, 0.000000000000000000, 0.000000000000000000 ) ) ;
#1230 = EDGE_CURVE ( 'NONE', #5712, #2469, #4147, .T. ) ;
#1231 = ORIENTED_EDGE ( 'NONE', *, *, #6314, .T. ) ;
#1232 = CARTESIAN_POINT ( 'NONE',  ( 1.211180187940076314, -4.950000000000000178, 3.301567065358137043 ) ) ;
#1233 = CARTESIAN_POINT ( 'NONE',  ( -0.3781063701350367845, -4.950000000000000178, 0.9392661059114010280 ) ) ;
#1234 = FACE_OUTER_BOUND ( 'NONE', #1889, .T. ) ;
#1235 = CARTESIAN_POINT ( 'NONE',  ( -0.1856482414550275073, -4.950000000000001066, 0.8520969812119386644 ) ) ;
#1236 = EDGE_CURVE ( 'NONE', #3029, #4208, #2047, .T. ) ;
#1237 = ADVANCED_FACE ( 'NONE', ( #1102 ), #3523, .T. ) ;
#1238 = APPLICATION_PROTOCOL_DEFINITION ( 'draft international standard', 'automotive_design', 1998, #4110 ) ;
#1239 = VERTEX_POINT ( 'NONE', #3565 ) ;
#1240 = PRESENTATION_STYLE_ASSIGNMENT (( #3679 ) ) ;
#1241 = PLANE ( 'NONE',  #4722 ) ;
#1242 = PRESENTATION_STYLE_ASSIGNMENT (( #1127 ) ) ;
#1243 = CARTESIAN_POINT ( 'NONE',  ( 1.221057692307691900, -4.950000000000000178, 0.6990000000000001767 ) ) ;
#1244 =( NAMED_UNIT ( * ) PLANE_ANGLE_UNIT ( ) SI_UNIT ( $, .RADIAN. ) );
#1245 = FACE_OUTER_BOUND ( 'NONE', #5176, .T. ) ;
#1246 = ORIENTED_EDGE ( 'NONE', *, *, #6004, .F. ) ;
#1247 = DIRECTION ( 'NONE',  ( 0.000000000000000000, -1.000000000000000000, 0.000000000000000000 ) ) ;
#1248 = CARTESIAN_POINT ( 'NONE',  ( 1.211180187940076314, -4.900000000000000355, 3.301567065358137043 ) ) ;
#1249 = CARTESIAN_POINT ( 'NONE',  ( -1.316342305949406821, -4.900000000000001243, 4.178117614143100234 ) ) ;
#1250 = CARTESIAN_POINT ( 'NONE',  ( -0.2897854716392677110, -4.899999999999997691, 2.120170329838734880 ) ) ;
#1251 = VECTOR ( 'NONE', #4739, 1000.000000000000000 ) ;
#1252 = FILL_AREA_STYLE ('',( #4135 ) ) ;
#1253 = ADVANCED_FACE ( 'NONE', ( #3171 ), #1693, .T. ) ;
#1254 = CARTESIAN_POINT ( 'NONE',  ( -0.8064650200922037770, -4.950000000000000178, 2.025847709339410940 ) ) ;
#1255 = DIRECTION ( 'NONE',  ( 0.000000000000000000, 0.000000000000000000, -1.000000000000000000 ) ) ;
#1256 = ORIENTED_EDGE ( 'NONE', *, *, #4551, .T. ) ;
#1257 =( GEOMETRIC_REPRESENTATION_CONTEXT ( 3 ) GLOBAL_UNCERTAINTY_ASSIGNED_CONTEXT ( ( #3297 ) ) GLOBAL_UNIT_ASSIGNED_CONTEXT ( ( #4329, #4772, #3418 ) ) REPRESENTATION_CONTEXT ( 'NONE', 'WORKASPACE' ) );
#1258 = CARTESIAN_POINT ( 'NONE',  ( -0.1766881749987716244, -4.900000000000000355, 2.035261450661260962 ) ) ;
#1259 = LINE ( 'NONE', #4196, #2467 ) ;
#1260 = VECTOR ( 'NONE', #320, 1000.000000000000000 ) ;
#1261 = CARTESIAN_POINT ( 'NONE',  ( -1.570000000000000950, 3.709999999999999964, -3.850000000000000089 ) ) ;
#1262 =( GEOMETRIC_REPRESENTATION_CONTEXT ( 3 ) GLOBAL_UNCERTAINTY_ASSIGNED_CONTEXT ( ( #2329 ) ) GLOBAL_UNIT_ASSIGNED_CONTEXT ( ( #138, #4005, #654 ) ) REPRESENTATION_CONTEXT ( 'NONE', 'WORKASPACE' ) );
#1263 = ORIENTED_EDGE ( 'NONE', *, *, #1823, .F. ) ;
#1264 = PRESENTATION_LAYER_ASSIGNMENT (  '', '', ( #1559 ) ) ;
#1265 = CARTESIAN_POINT ( 'NONE',  ( 1.280091346153845677, -4.900000000000000355, 3.358182692307691841 ) ) ;
#1266 = PLANE ( 'NONE',  #2622 ) ;
#1267 = PRESENTATION_LAYER_ASSIGNMENT (  '', '', ( #454 ) ) ;
#1268 = STYLED_ITEM ( 'NONE', ( #278 ), #2483 ) ;
#1269 = DIRECTION ( 'NONE',  ( -1.000000000000000000, 0.000000000000000000, -0.000000000000000000 ) ) ;
#1270 = UNCERTAINTY_MEASURE_WITH_UNIT (LENGTH_MEASURE( 1.000000000000000082E-05 ), #2752, 'distance_accuracy_value', 'NONE');
#1271 =( NAMED_UNIT ( * ) PLANE_ANGLE_UNIT ( ) SI_UNIT ( $, .RADIAN. ) );
#1272 = SURFACE_STYLE_USAGE ( .BOTH. , #2247 ) ;
#1273 =( GEOMETRIC_REPRESENTATION_CONTEXT ( 3 ) GLOBAL_UNCERTAINTY_ASSIGNED_CONTEXT ( ( #6001 ) ) GLOBAL_UNIT_ASSIGNED_CONTEXT ( ( #3083, #5654, #3574 ) ) REPRESENTATION_CONTEXT ( 'NONE', 'WORKASPACE' ) );
#1274 = STYLED_ITEM ( 'NONE', ( #5108 ), #3014 ) ;
#1275 = EDGE_LOOP ( 'NONE', ( #3331, #259, #2516, #2952 ) ) ;
#1276 = ORIENTED_EDGE ( 'NONE', *, *, #4280, .F. ) ;
#1277 = CARTESIAN_POINT ( 'NONE',  ( 3.270000000000000462, 4.950000000000000178, 8.800000000000000711 ) ) ;
#1278 = ADVANCED_FACE ( 'NONE', ( #290 ), #3649, .F. ) ;
#1279 = DIRECTION ( 'NONE',  ( 1.807003620809174632E-16, -1.000000000000000000, 0.000000000000000000 ) ) ;
#1280 = CARTESIAN_POINT ( 'NONE',  ( 3.020000000000000018, 1.699999999999999956, 3.300000000000000266 ) ) ;
#1281 =( NAMED_UNIT ( * ) PLANE_ANGLE_UNIT ( ) SI_UNIT ( $, .RADIAN. ) );
#1282 = ORIENTED_EDGE ( 'NONE', *, *, #1005, .F. ) ;
#1283 = STYLED_ITEM ( 'NONE', ( #824 ), #3153 ) ;
#1284 = CARTESIAN_POINT ( 'NONE',  ( -1.015128530905781368, -4.900000000000000355, 1.903035480429482451 ) ) ;
#1285 = ADVANCED_FACE ( 'NONE', ( #2223 ), #3581, .F. ) ;
#1286 = CARTESIAN_POINT ( 'NONE',  ( 0.04923076923076885603, -4.900000000000000355, 1.446596153846154253 ) ) ;
#1287 = DIRECTION ( 'NONE',  ( 1.000000000000000000, 0.000000000000000000, -0.000000000000000000 ) ) ;
#1288 = DIRECTION ( 'NONE',  ( -0.000000000000000000, -1.000000000000000000, -0.000000000000000000 ) ) ;
#1289 = SURFACE_STYLE_FILL_AREA ( #3690 ) ;
#1290 = CARTESIAN_POINT ( 'NONE',  ( -3.020000000000000906, -1.699999999999999956, 1.800000000000000488 ) ) ;
#1291 = CARTESIAN_POINT ( 'NONE',  ( 0.6700000000000007061, -3.649999999999990141, 6.801000000000001933 ) ) ;
#1292 = ORIENTED_EDGE ( 'NONE', *, *, #4679, .T. ) ;
#1293 = SURFACE_STYLE_FILL_AREA ( #5674 ) ;
#1294 = SURFACE_STYLE_FILL_AREA ( #4647 ) ;
#1295 = CARTESIAN_POINT ( 'NONE',  ( -1.870000000000000107, -2.449999999999990408, 4.800000000000000711 ) ) ;
#1296 = EDGE_LOOP ( 'NONE', ( #2015, #511, #412 ) ) ;
#1297 = LINE ( 'NONE', #2689, #4510 ) ;
#1298 = LINE ( 'NONE', #163, #4478 ) ;
#1299 = SURFACE_STYLE_USAGE ( .BOTH. , #5745 ) ;
#1300 = CARTESIAN_POINT ( 'NONE',  ( 1.130677409758687579, -4.950000000000001066, 3.457759804190681407 ) ) ;
#1301 = FILL_AREA_STYLE_COLOUR ( '', #5665 ) ;
#1302 = ORIENTED_EDGE ( 'NONE', *, *, #709, .F. ) ;
#1303 = ORIENTED_EDGE ( 'NONE', *, *, #6132, .F. ) ;
#1304 = CARTESIAN_POINT ( 'NONE',  ( 0.9727285291870937378, -4.899999999999999467, 3.961671791640577478 ) ) ;
#1305 = SURFACE_SIDE_STYLE ('',( #4304 ) ) ;
#1306 = SURFACE_STYLE_FILL_AREA ( #4125 ) ;
#1307 = COLOUR_RGB ( '',1.000000000000000000, 1.000000000000000000, 1.000000000000000000 ) ;
#1308 = EDGE_CURVE ( 'NONE', #63, #5814, #2100, .T. ) ;
#1309 = CARTESIAN_POINT ( 'NONE',  ( 1.569999999999999396, -3.710000000000000853, -0.001000000000000132727 ) ) ;
#1310 = PRESENTATION_LAYER_ASSIGNMENT (  '', '', ( #1605 ) ) ;
#1311 = VERTEX_POINT ( 'NONE', #4627 ) ;
#1312 = PRESENTATION_LAYER_ASSIGNMENT (  '', '', ( #3248 ) ) ;
#1313 = CARTESIAN_POINT ( 'NONE',  ( -1.325374500648916820, -4.900000000000001243, 1.758671575626935102 ) ) ;
#1314 = VECTOR ( 'NONE', #3824, 1000.000000000000000 ) ;
#1315 =( NAMED_UNIT ( * ) PLANE_ANGLE_UNIT ( ) SI_UNIT ( $, .RADIAN. ) );
#1316 = CARTESIAN_POINT ( 'NONE',  ( -0.1623076923076927081, -4.900000000000000355, 1.448098557692307775 ) ) ;
#1317 =( NAMED_UNIT ( * ) PLANE_ANGLE_UNIT ( ) SI_UNIT ( $, .RADIAN. ) );
#1318 = CARTESIAN_POINT ( 'NONE',  ( -1.870000000000000107, -2.449999999999990408, 4.801000000000000156 ) ) ;
#1319 = EDGE_CURVE ( 'NONE', #4144, #1137, #734, .T. ) ;
#1320 = CARTESIAN_POINT ( 'NONE',  ( -1.162307692307692708, -4.900000000000000355, 1.426764423076923416 ) ) ;
#1321 = PRESENTATION_LAYER_ASSIGNMENT (  '', '', ( #4179 ) ) ;
#1322 = LINE ( 'NONE', #4287, #3345 ) ;
#1323 = ORIENTED_EDGE ( 'NONE', *, *, #4622, .F. ) ;
#1324 = CARTESIAN_POINT ( 'NONE',  ( 1.444615384615384412, -4.950000000000000178, 0.6990000000000001767 ) ) ;
#1325 = CARTESIAN_POINT ( 'NONE',  ( 0.7958065932662015118, -4.950000000000000178, 3.059921426491651886 ) ) ;
#1326 = CARTESIAN_POINT ( 'NONE',  ( -0.6614062500000003064, -4.950000000000000178, 2.218230769230769006 ) ) ;
#1327 =( NAMED_UNIT ( * ) SI_UNIT ( $, .STERADIAN. ) SOLID_ANGLE_UNIT ( ) );
#1328 = LINE ( 'NONE', #6102, #1407 ) ;
#1329 = LINE ( 'NONE', #4236, #342 ) ;
#1330 = CARTESIAN_POINT ( 'NONE',  ( 1.312975866370717615, -4.949999999999999289, 4.148625244472364137 ) ) ;
#1331 = VERTEX_POINT ( 'NONE', #5014 ) ;
#1332 = VERTEX_POINT ( 'NONE', #2601 ) ;
#1333 = CARTESIAN_POINT ( 'NONE',  ( 1.488830784421191655, -4.899999999999999467, 3.922897996369986373 ) ) ;
#1334 = DIRECTION ( 'NONE',  ( -0.2609090251427715890, 0.000000000000000000, 0.9653633930282671249 ) ) ;
#1335 =( NAMED_UNIT ( * ) SI_UNIT ( $, .STERADIAN. ) SOLID_ANGLE_UNIT ( ) );
#1336 = ORIENTED_EDGE ( 'NONE', *, *, #3513, .F. ) ;
#1337 = ADVANCED_BREP_SHAPE_REPRESENTATION ( 'DS1040-02RT', ( #5039, #2113 ), #4059 ) ;
#1338 = CARTESIAN_POINT ( 'NONE',  ( 1.569999999999999396, -3.910000000000001030, -3.850000000000000089 ) ) ;
#1339 = CARTESIAN_POINT ( 'NONE',  ( -3.270000000000000462, -4.950000000000000178, -0.001000000000000024307 ) ) ;
#1340 = CARTESIAN_POINT ( 'NONE',  ( 1.237743589743589334, -4.950000000000000178, 4.318999999999999950 ) ) ;
#1341 = CARTESIAN_POINT ( 'NONE',  ( 1.569999999999999396, 3.709999999999999964, -3.850000000000000089 ) ) ;
#1342 = DIRECTION ( 'NONE',  ( 1.275531967630005245E-16, -1.000000000000000000, 0.000000000000000000 ) ) ;
#1343 = UNCERTAINTY_MEASURE_WITH_UNIT (LENGTH_MEASURE( 1.000000000000000082E-05 ), #584, 'distance_accuracy_value', 'NONE');
#1344 = CARTESIAN_POINT ( 'NONE',  ( 1.041215549577736210, -4.899999999999998579, 4.091079358784575071 ) ) ;
#1345 = EDGE_CURVE ( 'NONE', #1683, #4408, #6077, .T. ) ;
#1346 = EDGE_CURVE ( 'NONE', #682, #5835, #2839, .T. ) ;
#1347 = LINE ( 'NONE', #1261, #2371 ) ;
#1348 = LINE ( 'NONE', #366, #402 ) ;
#1349 = PRESENTATION_LAYER_ASSIGNMENT (  '', '', ( #5239 ) ) ;
#1350 = ORIENTED_EDGE ( 'NONE', *, *, #4171, .T. ) ;
#1351 = CARTESIAN_POINT ( 'NONE',  ( 0.8324032130508710603, -4.950000000000001954, 3.141507030636325304 ) ) ;
#1352 = ADVANCED_FACE ( 'NONE', ( #798 ), #3833, .F. ) ;
#1353 = SURFACE_STYLE_FILL_AREA ( #3385 ) ;
#1354 = PRESENTATION_LAYER_ASSIGNMENT (  '', '', ( #3289 ) ) ;
#1355 = DIRECTION ( 'NONE',  ( 0.000000000000000000, -0.000000000000000000, -1.000000000000000000 ) ) ;
#1356 = CARTESIAN_POINT ( 'NONE',  ( -0.9700000000000008615, -3.710000000000000853, -3.479999999999994209 ) ) ;
#1357 = FACE_OUTER_BOUND ( 'NONE', #4401, .T. ) ;
#1358 = PRESENTATION_STYLE_ASSIGNMENT (( #5747 ) ) ;
#1359 = AXIS2_PLACEMENT_3D ( 'NONE', #4656, #2816, #1387 ) ;
#1360 = ORIENTED_EDGE ( 'NONE', *, *, #5305, .T. ) ;
#1361 = PRESENTATION_LAYER_ASSIGNMENT (  '', '', ( #1062 ) ) ;
#1362 = ORIENTED_EDGE ( 'NONE', *, *, #1424, .F. ) ;
#1363 = CARTESIAN_POINT ( 'NONE',  ( 1.489025641025640612, -4.950000000000002842, 3.930858974358974134 ) ) ;
#1364 = ADVANCED_FACE ( 'NONE', ( #6239 ), #5688, .T. ) ;
#1365 = CARTESIAN_POINT ( 'NONE',  ( 0.5143269230769229594, -4.900000000000000355, 2.199000000000000288 ) ) ;
#1366 = CARTESIAN_POINT ( 'NONE',  ( 0.04891823386902668241, -4.900000000000001243, 1.427959548162584191 ) ) ;
#1367 = CARTESIAN_POINT ( 'NONE',  ( -1.183371758905456872, -4.900000000000001243, 0.9009892675189148381 ) ) ;
#1368 = COLOUR_RGB ( '',1.000000000000000000, 1.000000000000000000, 1.000000000000000000 ) ;
#1369 = DIRECTION ( 'NONE',  ( 0.000000000000000000, -1.000000000000000000, 0.000000000000000000 ) ) ;
#1370 = ORIENTED_EDGE ( 'NONE', *, *, #5542, .F. ) ;
#1371 = LINE ( 'NONE', #3228, #1155 ) ;
#1372 = CARTESIAN_POINT ( 'NONE',  ( -1.162307692307692708, -4.900000000000000355, 1.426764423076923416 ) ) ;
#1373 =( GEOMETRIC_REPRESENTATION_CONTEXT ( 3 ) GLOBAL_UNCERTAINTY_ASSIGNED_CONTEXT ( ( #3785 ) ) GLOBAL_UNIT_ASSIGNED_CONTEXT ( ( #264, #5690, #1752 ) ) REPRESENTATION_CONTEXT ( 'NONE', 'WORKASPACE' ) );
#1374 = DIRECTION ( 'NONE',  ( 1.000000000000000000, 0.000000000000000000, -0.000000000000000000 ) ) ;
#1375 = CARTESIAN_POINT ( 'NONE',  ( 1.221746101620476033, -4.899999999999999467, 4.318668423090747943 ) ) ;
#1376 = CARTESIAN_POINT ( 'NONE',  ( -1.183371758905456872, -4.950000000000001066, 0.9009892675189148381 ) ) ;
#1377 =( GEOMETRIC_REPRESENTATION_CONTEXT ( 3 ) GLOBAL_UNCERTAINTY_ASSIGNED_CONTEXT ( ( #6220 ) ) GLOBAL_UNIT_ASSIGNED_CONTEXT ( ( #3755, #1317, #630 ) ) REPRESENTATION_CONTEXT ( 'NONE', 'WORKASPACE' ) );
#1378 = CARTESIAN_POINT ( 'NONE',  ( 0.7890256410256406561, -4.900000000000000355, 3.924128205128205149 ) ) ;
#1379 = CARTESIAN_POINT ( 'NONE',  ( -1.162307692307692708, -4.900000000000000355, 1.426764423076923416 ) ) ;
#1380 = EDGE_CURVE ( 'NONE', #12, #4691, #3614, .T. ) ;
#1381 = ORIENTED_EDGE ( 'NONE', *, *, #3783, .T. ) ;
#1382 = UNCERTAINTY_MEASURE_WITH_UNIT (LENGTH_MEASURE( 1.000000000000000082E-05 ), #2619, 'distance_accuracy_value', 'NONE');
#1383 = FILL_AREA_STYLE ('',( #1892 ) ) ;
#1384 = CARTESIAN_POINT ( 'NONE',  ( -0.9700000000000008615, -3.910000000000001030, -3.479999999999994209 ) ) ;
#1385 = CARTESIAN_POINT ( 'NONE',  ( 3.020000000000000462, -1.699999999999999956, 2.299999999999985612 ) ) ;
#1386 = FILL_AREA_STYLE_COLOUR ( '', #5558 ) ;
#1387 = DIRECTION ( 'NONE',  ( -0.000000000000000000, 0.000000000000000000, 1.000000000000000000 ) ) ;
#1388 = DIRECTION ( 'NONE',  ( -0.2609090251427715890, 0.000000000000000000, -0.9653633930282671249 ) ) ;
#1389 = EDGE_CURVE ( 'NONE', #3828, #2858, #5241, .T. ) ;
#1390 = ORIENTED_EDGE ( 'NONE', *, *, #5939, .F. ) ;
#1391 = EDGE_LOOP ( 'NONE', ( #1019, #3550, #1837, #3341 ) ) ;
#1392 = CARTESIAN_POINT ( 'NONE',  ( 0.7710581827498508289, -4.950000000000000178, 2.929667427671659663 ) ) ;
#1393 = CARTESIAN_POINT ( 'NONE',  ( 0.04412272862817897406, -4.949999999999999289, 1.336745568844278420 ) ) ;
#1394 =( LENGTH_UNIT ( ) NAMED_UNIT ( * ) SI_UNIT ( .MILLI., .METRE. ) );
#1395 = FACE_OUTER_BOUND ( 'NONE', #6292, .T. ) ;
#1396 = VERTEX_POINT ( 'NONE', #2794 ) ;
#1397 = ORIENTED_EDGE ( 'NONE', *, *, #626, .F. ) ;
#1398 = CARTESIAN_POINT ( 'NONE',  ( -0.7103127493227936462, -4.900000000000002132, 2.044158712657190957 ) ) ;
#1399 = VECTOR ( 'NONE', #1129, 1000.000000000000000 ) ;
#1400 = SURFACE_STYLE_FILL_AREA ( #2764 ) ;
#1401 = SURFACE_STYLE_USAGE ( .BOTH. , #2379 ) ;
#1403 = FILL_AREA_STYLE_COLOUR ( '', #3195 ) ;
#1402 = VECTOR ( 'NONE', #1661, 1000.000000000000000 ) ;
#1404 = CARTESIAN_POINT ( 'NONE',  ( 1.511352546226146565, -4.899999999999999467, 3.573914309273614975 ) ) ;
#1405 = CARTESIAN_POINT ( 'NONE',  ( 0.8033334228665242049, -4.900000000000001243, 4.014277638380659319 ) ) ;
#1406 = VECTOR ( 'NONE', #4925, 1000.000000000000000 ) ;
#1407 = VECTOR ( 'NONE', #1709, 1000.000000000000000 ) ;
#1408 = CARTESIAN_POINT ( 'NONE',  ( 1.080518721978244834, -4.900000000000000355, 4.120152759901196227 ) ) ;
#1409 = UNCERTAINTY_MEASURE_WITH_UNIT (LENGTH_MEASURE( 1.000000000000000082E-05 ), #5868, 'distance_accuracy_value', 'NONE');
#1410 = MECHANICAL_DESIGN_GEOMETRIC_PRESENTATION_REPRESENTATION (  '', ( #1820 ), #95 ) ;
#1411 = CARTESIAN_POINT ( 'NONE',  ( -0.6444707603935747597, -4.950000000000001066, 2.217935043699853281 ) ) ;
#1412 = LINE ( 'NONE', #5320, #3507 ) ;
#1413 = VECTOR ( 'NONE', #5909, 1000.000000000000000 ) ;
#1414 = VECTOR ( 'NONE', #687, 1000.000000000000000 ) ;
#1415 = ORIENTED_EDGE ( 'NONE', *, *, #6018, .F. ) ;
#1416 = CARTESIAN_POINT ( 'NONE',  ( 0.8892852216156530432, -4.950000000000001066, 3.228398226389145531 ) ) ;
#1417 = CARTESIAN_POINT ( 'NONE',  ( 1.579845507032003438, -4.949999999999998401, 4.180031777401035598 ) ) ;
#1418 = CARTESIAN_POINT ( 'NONE',  ( 1.870000000000000107, -2.449999999999990408, 4.800000000000000711 ) ) ;
#1419 = EDGE_CURVE ( 'NONE', #964, #5207, #4752, .T. ) ;
#1420 = CARTESIAN_POINT ( 'NONE',  ( 1.261193765907706377, -4.900000000000000355, 4.156797796990637117 ) ) ;
#1421 = ORIENTED_EDGE ( 'NONE', *, *, #4668, .T. ) ;
#1422 = CARTESIAN_POINT ( 'NONE',  ( 1.870000000000000329, -3.448749999999990656, 8.001000000000001222 ) ) ;
#1423 = CARTESIAN_POINT ( 'NONE',  ( 0.7802697377268368317, -4.950000000000001066, 3.013548691261400236 ) ) ;
#1424 = EDGE_CURVE ( 'NONE', #1918, #6024, #6140, .T. ) ;
#1425 = EDGE_CURVE ( 'NONE', #5534, #2499, #3862, .T. ) ;
#1426 = LINE ( 'NONE', #4882, #1449 ) ;
#1427 = CARTESIAN_POINT ( 'NONE',  ( 1.253932558929481189, -4.950000000000000178, 4.318722782262399917 ) ) ;
#1428 = CARTESIAN_POINT ( 'NONE',  ( -0.6795474906652040348, -4.900000000000000355, 0.6800242957220333784 ) ) ;
#1429 = ORIENTED_EDGE ( 'NONE', *, *, #311, .F. ) ;
#1430 = ORIENTED_EDGE ( 'NONE', *, *, #4898, .T. ) ;
#1431 = LINE ( 'NONE', #36, #3676 ) ;
#1432 = FACE_OUTER_BOUND ( 'NONE', #5388, .T. ) ;
#1433 = DIRECTION ( 'NONE',  ( 1.275531967630005245E-16, -1.000000000000000000, 0.000000000000000000 ) ) ;
#1434 = DIRECTION ( 'NONE',  ( -0.000000000000000000, 1.000000000000000000, -0.000000000000000000 ) ) ;
#1435 = VERTEX_POINT ( 'NONE', #3891 ) ;
#1436 = UNCERTAINTY_MEASURE_WITH_UNIT (LENGTH_MEASURE( 1.000000000000000082E-05 ), #2043, 'distance_accuracy_value', 'NONE');
#1437 = CARTESIAN_POINT ( 'NONE',  ( -1.161351405816942073, -4.949999999999998401, 1.362881392803755309 ) ) ;
#1438 = EDGE_CURVE ( 'NONE', #4208, #3205, #1968, .T. ) ;
#1439 = CARTESIAN_POINT ( 'NONE',  ( -0.6699999999999995959, -3.649999999999990141, 5.301000000000002821 ) ) ;
#1440 = VERTEX_POINT ( 'NONE', #2889 ) ;
#1441 = SURFACE_STYLE_USAGE ( .BOTH. , #4901 ) ;
#1442 = CARTESIAN_POINT ( 'NONE',  ( 0.8079006094928048443, -4.949999999999998401, 3.093318998371475725 ) ) ;
#1443 = FILL_AREA_STYLE_COLOUR ( '', #5286 ) ;
#1444 = CARTESIAN_POINT ( 'NONE',  ( 0.5023076923076921219, -4.900000000000000355, 1.818290865384615707 ) ) ;
#1445 = SURFACE_SIDE_STYLE ('',( #3008 ) ) ;
#1446 = VECTOR ( 'NONE', #4393, 1000.000000000000000 ) ;
#1447 = SURFACE_STYLE_USAGE ( .BOTH. , #3987 ) ;
#1448 = VERTEX_POINT ( 'NONE', #4974 ) ;
#1449 = VECTOR ( 'NONE', #3429, 1000.000000000000000 ) ;
#1450 = CARTESIAN_POINT ( 'NONE',  ( -0.6699999999999995959, -6.449999999999990408, 6.801000000000001933 ) ) ;
#1451 = ORIENTED_EDGE ( 'NONE', *, *, #1699, .T. ) ;
#1452 = CARTESIAN_POINT ( 'NONE',  ( -0.2217773330484108241, -4.949999999999999289, 0.8223602735642838724 ) ) ;
#1453 = CARTESIAN_POINT ( 'NONE',  ( 0.9232876422013530648, -4.949999999999999289, 4.218406342158410816 ) ) ;
#1454 =( GEOMETRIC_REPRESENTATION_CONTEXT ( 3 ) GLOBAL_UNCERTAINTY_ASSIGNED_CONTEXT ( ( #398 ) ) GLOBAL_UNIT_ASSIGNED_CONTEXT ( ( #2575, #4574, #2108 ) ) REPRESENTATION_CONTEXT ( 'NONE', 'WORKASPACE' ) );
#1455 = CARTESIAN_POINT ( 'NONE',  ( 1.374780319567271203, -4.950000000000000178, 4.304051326330434080 ) ) ;
#1456 = VECTOR ( 'NONE', #79, 1000.000000000000114 ) ;
#1457 = CARTESIAN_POINT ( 'NONE',  ( -0.7136952136968969240, -4.900000000000000355, 0.6805295155153724407 ) ) ;
#1458 = ORIENTED_EDGE ( 'NONE', *, *, #4485, .F. ) ;
#1459 = EDGE_CURVE ( 'NONE', #964, #2842, #1426, .T. ) ;
#1460 = ORIENTED_EDGE ( 'NONE', *, *, #4763, .F. ) ;
#1461 =( NAMED_UNIT ( * ) PLANE_ANGLE_UNIT ( ) SI_UNIT ( $, .RADIAN. ) );
#1462 = COLOUR_RGB ( '',1.000000000000000000, 1.000000000000000000, 1.000000000000000000 ) ;
#1463 = CARTESIAN_POINT ( 'NONE',  ( -0.1961616934517673438, -4.900000000000002132, 1.195854702436745853 ) ) ;
#1464 = PRESENTATION_LAYER_ASSIGNMENT (  '', '', ( #1268 ) ) ;
#1465 = CARTESIAN_POINT ( 'NONE',  ( -0.01665162120881905072, -4.900000000000000355, 1.800797864289751749 ) ) ;
#1466 = CARTESIAN_POINT ( 'NONE',  ( 0.000000000000000000, -2.449999999999989519, 8.800000000000000711 ) ) ;
#1467 = CARTESIAN_POINT ( 'NONE',  ( -1.341002818820658193, -4.949999999999999289, 1.192276586425710994 ) ) ;
#1468 = CARTESIAN_POINT ( 'NONE',  ( 1.237743589743589334, -4.900000000000000355, 4.318999999999999950 ) ) ;
#1469 = ORIENTED_EDGE ( 'NONE', *, *, #2581, .T. ) ;
#1470 = EDGE_CURVE ( 'NONE', #6263, #5432, #3915, .T. ) ;
#1471 = CARTESIAN_POINT ( 'NONE',  ( -1.021015816753664929, -4.900000000000001243, 1.006013512761436912 ) ) ;
#1472 = UNCERTAINTY_MEASURE_WITH_UNIT (LENGTH_MEASURE( 1.000000000000000082E-05 ), #3340, 'distance_accuracy_value', 'NONE');
#1473 = VECTOR ( 'NONE', #3572, 1000.000000000000000 ) ;
#1474 = PLANE ( 'NONE',  #2624 ) ;
#1475 = ORIENTED_EDGE ( 'NONE', *, *, #2545, .F. ) ;
#1476 = SURFACE_SIDE_STYLE ('',( #2844 ) ) ;
#1477 = CARTESIAN_POINT ( 'NONE',  ( 0.7898669871794867792, -4.900000000000000355, 3.043519230769230255 ) ) ;
#1478 = SURFACE_STYLE_FILL_AREA ( #2488 ) ;
#1479 =( NAMED_UNIT ( * ) PLANE_ANGLE_UNIT ( ) SI_UNIT ( $, .RADIAN. ) );
#1480 = CARTESIAN_POINT ( 'NONE',  ( 1.668126946038181568, -4.950000000000000178, 3.918687546312419556 ) ) ;
#1481 =( NAMED_UNIT ( * ) PLANE_ANGLE_UNIT ( ) SI_UNIT ( $, .RADIAN. ) );
#1482 = ORIENTED_EDGE ( 'NONE', *, *, #1425, .F. ) ;
#1483 = ORIENTED_EDGE ( 'NONE', *, *, #959, .F. ) ;
#1484 = DIRECTION ( 'NONE',  ( -1.367242359578592995E-16, 1.000000000000000000, 0.000000000000000000 ) ) ;
#1485 = CARTESIAN_POINT ( 'NONE',  ( -0.09193787157320605641, -4.950000000000000178, 0.9578850766519285687 ) ) ;
#1486 = CARTESIAN_POINT ( 'NONE',  ( 0.7944346251626887012, -4.949999999999999289, 3.970202567819044237 ) ) ;
#1487 = CARTESIAN_POINT ( 'NONE',  ( 1.661768500710183893, -4.950000000000001066, 4.011214840343712673 ) ) ;
#1488 = VERTEX_POINT ( 'NONE', #4850 ) ;
#1489 = VERTEX_POINT ( 'NONE', #89 ) ;
#1490 = CARTESIAN_POINT ( 'NONE',  ( -1.281538461538461959, -4.900000000000000355, 4.009945512820512370 ) ) ;
#1491 = CARTESIAN_POINT ( 'NONE',  ( -1.313353280649454558, -4.899999999999998579, 3.979264034030743247 ) ) ;
#1492 = EDGE_CURVE ( 'NONE', #4620, #4900, #4404, .T. ) ;
#1493 = CARTESIAN_POINT ( 'NONE',  ( 0.000000000000000000, 4.450000000000001066, 8.300000000000000711 ) ) ;
#1494 = CARTESIAN_POINT ( 'NONE',  ( -0.6614062500000003064, -4.900000000000000355, 2.218230769230769006 ) ) ;
#1495 = CARTESIAN_POINT ( 'NONE',  ( 1.569999999999999396, -3.910000000000001030, -3.850000000000000089 ) ) ;
#1496 = ORIENTED_EDGE ( 'NONE', *, *, #5223, .T. ) ;
#1497 = CARTESIAN_POINT ( 'NONE',  ( -0.8600682525946894419, -4.949999999999999289, 0.8904941313878286246 ) ) ;
#1498 = CARTESIAN_POINT ( 'NONE',  ( -0.2081683389844996290, -4.899999999999999467, 1.728332656255448185 ) ) ;
#1499 = EDGE_CURVE ( 'NONE', #1036, #703, #1702, .T. ) ;
#1500 = COLOUR_RGB ( '',1.000000000000000000, 0.8705882352941176627, 0.5254901960784313930 ) ;
#1501 = FACE_OUTER_BOUND ( 'NONE', #497, .T. ) ;
#1502 =( GEOMETRIC_REPRESENTATION_CONTEXT ( 3 ) GLOBAL_UNCERTAINTY_ASSIGNED_CONTEXT ( ( #995 ) ) GLOBAL_UNIT_ASSIGNED_CONTEXT ( ( #5915, #4825, #932 ) ) REPRESENTATION_CONTEXT ( 'NONE', 'WORKASPACE' ) );
#1503 = LINE ( 'NONE', #4479, #4111 ) ;
#1504 = ORIENTED_EDGE ( 'NONE', *, *, #3747, .T. ) ;
#1505 = VECTOR ( 'NONE', #6177, 1000.000000000000000 ) ;
#1506 = CARTESIAN_POINT ( 'NONE',  ( 0.8892852216156530432, -4.900000000000000355, 3.228398226389145531 ) ) ;
#1507 = CARTESIAN_POINT ( 'NONE',  ( -1.475528833936127882, -4.950000000000001066, 4.042636362067711708 ) ) ;
#1508 = DIRECTION ( 'NONE',  ( -0.000000000000000000, -0.7808688094430308313, -0.6246950475544235104 ) ) ;
#1509 = AXIS2_PLACEMENT_3D ( 'NONE', #1516, #3050, #4487 ) ;
#1510 = FACE_OUTER_BOUND ( 'NONE', #4592, .T. ) ;
#1511 = VECTOR ( 'NONE', #543, 1000.000000000000000 ) ;
#1512 = ORIENTED_EDGE ( 'NONE', *, *, #1438, .F. ) ;
#1513 = LINE ( 'NONE', #3391, #6260 ) ;
#1514 = LINE ( 'NONE', #4939, #1515 ) ;
#1515 = VECTOR ( 'NONE', #3920, 1000.000000000000000 ) ;
#1516 = CARTESIAN_POINT ( 'NONE',  ( 1.001605769230768939, -4.900000000000000355, 3.098487179487178889 ) ) ;
#1517 = CARTESIAN_POINT ( 'NONE',  ( 3.270000000000000462, 1.700000000000000178, 8.800000000000000711 ) ) ;
#1518 = DIRECTION ( 'NONE',  ( -1.000000000000000000, -0.000000000000000000, -0.000000000000000000 ) ) ;
#1519 = CARTESIAN_POINT ( 'NONE',  ( 1.522653554238256435, -4.900000000000000355, 4.234597478207096088 ) ) ;
#1520 = ORIENTED_EDGE ( 'NONE', *, *, #2626, .F. ) ;
#1521 = ORIENTED_EDGE ( 'NONE', *, *, #5260, .T. ) ;
#1522 = DIRECTION ( 'NONE',  ( -0.000000000000000000, -0.000000000000000000, -1.000000000000000000 ) ) ;
#1523 = DIRECTION ( 'NONE',  ( -0.000000000000000000, 1.000000000000000000, -0.000000000000000000 ) ) ;
#1524 = CARTESIAN_POINT ( 'NONE',  ( 0.02829212544617857455, -4.950000000000001954, 1.657598385937758989 ) ) ;
#1525 =( NAMED_UNIT ( * ) PLANE_ANGLE_UNIT ( ) SI_UNIT ( $, .RADIAN. ) );
#1526 = CARTESIAN_POINT ( 'NONE',  ( 1.221746101620476033, -4.899999999999999467, 4.318668423090747943 ) ) ;
#1527 = ORIENTED_EDGE ( 'NONE', *, *, #4358, .T. ) ;
#1528 = CARTESIAN_POINT ( 'NONE',  ( -0.6699999999999995959, -4.948749999999994209, 6.801000000000001933 ) ) ;
#1529 = DIRECTION ( 'NONE',  ( -0.000000000000000000, -0.000000000000000000, -1.000000000000000000 ) ) ;
#1530 = CARTESIAN_POINT ( 'NONE',  ( -0.5611197763822022289, -4.950000000000000178, 2.212879541608050449 ) ) ;
#1531 =( LENGTH_UNIT ( ) NAMED_UNIT ( * ) SI_UNIT ( .MILLI., .METRE. ) );
#1532 = CARTESIAN_POINT ( 'NONE',  ( 0.7710769230769229932, -4.900000000000000355, 2.918999999999999595 ) ) ;
#1533 = ORIENTED_EDGE ( 'NONE', *, *, #3747, .F. ) ;
#1534 = EDGE_CURVE ( 'NONE', #4713, #6093, #157, .T. ) ;
#1535 = EDGE_CURVE ( 'NONE', #5338, #3594, #1017, .T. ) ;
#1536 = FILL_AREA_STYLE ('',( #147 ) ) ;
#1537 = EDGE_LOOP ( 'NONE', ( #2356, #3384, #1362, #2186 ) ) ;
#1538 = EDGE_CURVE ( 'NONE', #4569, #4208, #255, .T. ) ;
#1539 = SURFACE_SIDE_STYLE ('',( #5937 ) ) ;
#1540 = CARTESIAN_POINT ( 'NONE',  ( -3.270000000000000462, -4.950000000000000178, 8.800000000000000711 ) ) ;
#1541 =( GEOMETRIC_REPRESENTATION_CONTEXT ( 3 ) GLOBAL_UNCERTAINTY_ASSIGNED_CONTEXT ( ( #3818 ) ) GLOBAL_UNIT_ASSIGNED_CONTEXT ( ( #2713, #3135, #4609 ) ) REPRESENTATION_CONTEXT ( 'NONE', 'WORKASPACE' ) );
#1542 = CARTESIAN_POINT ( 'NONE',  ( -0.04150149118459579844, -4.899999999999999467, 1.041776439602797089 ) ) ;
#1543 = CARTESIAN_POINT ( 'NONE',  ( 0.9866117268255225614, -4.950000000000000178, 3.334397727813751544 ) ) ;
#1544 = CARTESIAN_POINT ( 'NONE',  ( -1.347406396559971631, -4.949999999999999289, 1.683443574461704006 ) ) ;
#1545 = CARTESIAN_POINT ( 'NONE',  ( 1.415702407244466832, -4.899999999999999467, 4.292057298888876993 ) ) ;
#1546 = CARTESIAN_POINT ( 'NONE',  ( 1.362066269056055212, -4.950000000000000178, 3.428727814107232597 ) ) ;
#1547 = ORIENTED_EDGE ( 'NONE', *, *, #1308, .F. ) ;
#1548 = ORIENTED_EDGE ( 'NONE', *, *, #2241, .F. ) ;
#1549 = EDGE_CURVE ( 'NONE', #4965, #2185, #1147, .T. ) ;
#1550 = SURFACE_STYLE_FILL_AREA ( #128 ) ;
#1551 = CARTESIAN_POINT ( 'NONE',  ( 0.6700000000000007061, -3.649999999999990141, 6.801000000000001933 ) ) ;
#1552 = AXIS2_PLACEMENT_3D ( 'NONE', #888, #4211, #5789 ) ;
#1553 = SURFACE_SIDE_STYLE ('',( #2037 ) ) ;
#1554 = AXIS2_PLACEMENT_3D ( 'NONE', #3799, #2947, #5752 ) ;
#1555 = CARTESIAN_POINT ( 'NONE',  ( 0.5023076923076921219, -4.900000000000000355, 0.6990000000000001767 ) ) ;
#1556 = CARTESIAN_POINT ( 'NONE',  ( -1.372309002578743664, -4.950000000000000178, 1.517839069544936192 ) ) ;
#1557 = CARTESIAN_POINT ( 'NONE',  ( -1.570000000000000728, -3.910000000000001030, -3.479999999999994209 ) ) ;
#1558 = ORIENTED_EDGE ( 'NONE', *, *, #3240, .T. ) ;
#1559 = STYLED_ITEM ( 'NONE', ( #2911 ), #1827 ) ;
#1560 = CARTESIAN_POINT ( 'NONE',  ( -0.8600682525946894419, -4.899999999999999467, 0.8904941313878286246 ) ) ;
#1561 = CARTESIAN_POINT ( 'NONE',  ( -0.3991446019956378377, -4.899999999999998579, 1.971233929658173123 ) ) ;
#1562 = LINE ( 'NONE', #5606, #4521 ) ;
#1563 = MECHANICAL_DESIGN_GEOMETRIC_PRESENTATION_REPRESENTATION (  '', ( #4328 ), #2992 ) ;
#1564 =( GEOMETRIC_REPRESENTATION_CONTEXT ( 3 ) GLOBAL_UNCERTAINTY_ASSIGNED_CONTEXT ( ( #1637 ) ) GLOBAL_UNIT_ASSIGNED_CONTEXT ( ( #1664, #777, #4671 ) ) REPRESENTATION_CONTEXT ( 'NONE', 'WORKASPACE' ) );
#1565 = ORIENTED_EDGE ( 'NONE', *, *, #4981, .F. ) ;
#1566 = CARTESIAN_POINT ( 'NONE',  ( 1.078031910144480632, -4.900000000000001243, 3.415137593673937211 ) ) ;
#1567 = VECTOR ( 'NONE', #2701, 1000.000000000000000 ) ;
#1568 = PLANE ( 'NONE',  #2266 ) ;
#1569 =( NAMED_UNIT ( * ) SI_UNIT ( $, .STERADIAN. ) SOLID_ANGLE_UNIT ( ) );
#1570 = LINE ( 'NONE', #4423, #868 ) ;
#1571 = PLANE ( 'NONE',  #2419 ) ;
#1572 = EDGE_CURVE ( 'NONE', #1828, #4800, #6074, .T. ) ;
#1573 = PRESENTATION_STYLE_ASSIGNMENT (( #1447 ) ) ;
#1574 = STYLED_ITEM ( 'NONE', ( #4450 ), #3265 ) ;
#1575 = VERTEX_POINT ( 'NONE', #182 ) ;
#1576 = CARTESIAN_POINT ( 'NONE',  ( 1.565741069165648591, -4.899999999999998579, 3.641097308793078025 ) ) ;
#1577 = SURFACE_STYLE_FILL_AREA ( #1995 ) ;
#1578 = CARTESIAN_POINT ( 'NONE',  ( -0.09193787157320605641, -4.900000000000001243, 0.9578850766519285687 ) ) ;
#1579 = SURFACE_SIDE_STYLE ('',( #219 ) ) ;
#1580 = CARTESIAN_POINT ( 'NONE',  ( -1.069186450780428288, -4.950000000000000178, 2.101454857183637337 ) ) ;
#1581 = EDGE_CURVE ( 'NONE', #3829, #1723, #2125, .T. ) ;
#1582 =( NAMED_UNIT ( * ) PLANE_ANGLE_UNIT ( ) SI_UNIT ( $, .RADIAN. ) );
#1583 = CARTESIAN_POINT ( 'NONE',  ( 1.294410763100100059, -4.949999999999999289, 3.370409267913571316 ) ) ;
#1584 = CARTESIAN_POINT ( 'NONE',  ( -1.115690265083635335, -4.950000000000001066, 0.8358340810019976308 ) ) ;
#1585 = ORIENTED_EDGE ( 'NONE', *, *, #2942, .F. ) ;
#1586 = ORIENTED_EDGE ( 'NONE', *, *, #2011, .T. ) ;
#1587 = PRESENTATION_STYLE_ASSIGNMENT (( #2244 ) ) ;
#1588 = CARTESIAN_POINT ( 'NONE',  ( 1.640396510466052726, -4.900000000000000355, 4.083939115383251384 ) ) ;
#1589 = CARTESIAN_POINT ( 'NONE',  ( -1.054275035924330917, -4.949999999999999289, 1.046088179542357111 ) ) ;
#1590 =( NAMED_UNIT ( * ) SI_UNIT ( $, .STERADIAN. ) SOLID_ANGLE_UNIT ( ) );
#1591 =( LENGTH_UNIT ( ) NAMED_UNIT ( * ) SI_UNIT ( .MILLI., .METRE. ) );
#1592 = CARTESIAN_POINT ( 'NONE',  ( -0.5557068109775122888, -4.900000000000001243, 2.035008084947162121 ) ) ;
#1593 = ORIENTED_EDGE ( 'NONE', *, *, #726, .F. ) ;
#1594 = SURFACE_SIDE_STYLE ('',( #3974 ) ) ;
#1595 = CARTESIAN_POINT ( 'NONE',  ( 1.190426264685290114, -4.900000000000000355, 4.318019262756992660 ) ) ;
#1596 = CARTESIAN_POINT ( 'NONE',  ( -0.2696301550058976537, -4.950000000000001954, 1.048428091609807211 ) ) ;
#1597 = ORIENTED_EDGE ( 'NONE', *, *, #6087, .T. ) ;
#1598 = DIRECTION ( 'NONE',  ( -0.000000000000000000, 1.000000000000000000, -0.000000000000000000 ) ) ;
#1599 = VERTEX_POINT ( 'NONE', #3706 ) ;
#1600 = DIRECTION ( 'NONE',  ( 0.9653633930282671249, 0.000000000000000000, -0.2609090251427717555 ) ) ;
#1601 = COLOUR_RGB ( '',1.000000000000000000, 1.000000000000000000, 1.000000000000000000 ) ;
#1602 = PLANE ( 'NONE',  #553 ) ;
#1603 = CARTESIAN_POINT ( 'NONE',  ( -1.050555159036228092, -4.900000000000001243, 1.864617271804272836 ) ) ;
#1604 = AXIS2_PLACEMENT_3D ( 'NONE', #3130, #5993, #3556 ) ;
#1605 = STYLED_ITEM ( 'NONE', ( #1587 ), #593 ) ;
#1606 = MECHANICAL_DESIGN_GEOMETRIC_PRESENTATION_REPRESENTATION (  '', ( #1813 ), #5290 ) ;
#1607 = ORIENTED_EDGE ( 'NONE', *, *, #3141, .T. ) ;
#1608 = CARTESIAN_POINT ( 'NONE',  ( 1.870000000000000107, -2.449999999999990408, 4.800000000000000711 ) ) ;
#1609 = LINE ( 'NONE', #1540, #1920 ) ;
#1610 = CARTESIAN_POINT ( 'NONE',  ( 1.569999999999999396, 3.709999999999999964, -0.001000000000000132727 ) ) ;
#1611 = CARTESIAN_POINT ( 'NONE',  ( 0.7958065932662015118, -4.949999999999999289, 3.059921426491651886 ) ) ;
#1612 = CARTESIAN_POINT ( 'NONE',  ( 0.04923076923076885603, -4.950000000000000178, 1.446596153846154253 ) ) ;
#1613 = FILL_AREA_STYLE ('',( #5495 ) ) ;
#1614 = CARTESIAN_POINT ( 'NONE',  ( -1.362369208108823004, -4.949999999999999289, 1.285296950511629399 ) ) ;
#1615 =( GEOMETRIC_REPRESENTATION_CONTEXT ( 3 ) GLOBAL_UNCERTAINTY_ASSIGNED_CONTEXT ( ( #3703 ) ) GLOBAL_UNIT_ASSIGNED_CONTEXT ( ( #2326, #3810, #5734 ) ) REPRESENTATION_CONTEXT ( 'NONE', 'WORKASPACE' ) );
#1616 = EDGE_LOOP ( 'NONE', ( #4419, #1607, #3058, #3514 ) ) ;
#1617 = EDGE_CURVE ( 'NONE', #4949, #1993, #1834, .T. ) ;
#1618 = EDGE_CURVE ( 'NONE', #4078, #178, #1329, .T. ) ;
#1619 = DIRECTION ( 'NONE',  ( 0.000000000000000000, -0.000000000000000000, 1.000000000000000000 ) ) ;
#1620 = CARTESIAN_POINT ( 'NONE',  ( -0.2601263801481266125, -4.900000000000001243, 0.7950601014748902573 ) ) ;
#1621 = DIRECTION ( 'NONE',  ( 0.000000000000000000, 0.000000000000000000, 1.000000000000000000 ) ) ;
#1622 = LINE ( 'NONE', #3437, #4462 ) ;
#1623 = CARTESIAN_POINT ( 'NONE',  ( -1.347406396559971631, -4.899999999999999467, 1.683443574461704006 ) ) ;
#1624 = CARTESIAN_POINT ( 'NONE',  ( -0.1626859564822430992, -4.949999999999999289, 1.492021363992232619 ) ) ;
#1625 = ORIENTED_EDGE ( 'NONE', *, *, #3444, .T. ) ;
#1626 = EDGE_CURVE ( 'NONE', #5393, #4949, #4205, .T. ) ;
#1627 = LINE ( 'NONE', #6055, #714 ) ;
#1628 =( NAMED_UNIT ( * ) SI_UNIT ( $, .STERADIAN. ) SOLID_ANGLE_UNIT ( ) );
#1629 = CARTESIAN_POINT ( 'NONE',  ( -0.6632091346153849987, -4.949999999999999289, 0.8528461538461540314 ) ) ;
#1630 = SURFACE_SIDE_STYLE ('',( #5020 ) ) ;
#1631 = CARTESIAN_POINT ( 'NONE',  ( 0.9538093358730753701, -4.900000000000000355, 4.242120592134414281 ) ) ;
#1632 = CARTESIAN_POINT ( 'NONE',  ( -0.3025704845232407569, -4.950000000000001954, 1.007435018825326933 ) ) ;
#1633 = ORIENTED_EDGE ( 'NONE', *, *, #3641, .T. ) ;
#1634 = B_SPLINE_CURVE_WITH_KNOTS ( 'NONE', 3,
 ( #1224, #4607, #717, #241, #4729, #2233, #2769, #3133, #1695, #3628, #5579, #3656, #742, #2199, #5124, #2292, #333, #1196, #5608 ),
 .UNSPECIFIED., .F., .F.,
 ( 4, 1, 1, 1, 1, 1, 1, 1, 1, 1, 1, 1, 1, 1, 1, 1, 4 ),
 ( 0.000000000000000000, 0.07069648334337605422, 0.1383582132030686807, 0.2033698682591695006, 0.2657002133402300292, 0.3272558681973762873, 0.3865123433292941835, 0.4458582974819492728, 0.5051731438069391178, 0.5637797628070211342, 0.6223430642934402179, 0.6808235796100187143, 0.7397951568104407238, 0.8008011629883837745, 0.8642394615769078969, 0.9306310981734546850, 1.000000000000000000 ),
 .UNSPECIFIED. ) ;
#1635 = EDGE_CURVE ( 'NONE', #4182, #3173, #3307, .T. ) ;
#1636 = DIRECTION ( 'NONE',  ( -0.2609090251427715890, 0.000000000000000000, -0.9653633930282671249 ) ) ;
#1637 = UNCERTAINTY_MEASURE_WITH_UNIT (LENGTH_MEASURE( 1.000000000000000082E-05 ), #1664, 'distance_accuracy_value', 'NONE');
#1638 = B_SPLINE_SURFACE_WITH_KNOTS ( 'NONE', 3, 1, ( 
 ( #5065, #207 ),
 ( #4545, #743 ),
 ( #2079, #3657 ),
 ( #5609, #4642 ),
 ( #1225, #2110 ),
 ( #5099, #1667 ),
 ( #718, #3169 ),
 ( #2549, #6129 ),
 ( #5125, #3071 ),
 ( #3520, #1632 ),
 ( #5995, #1596 ),
 ( #2611, #2677 ),
 ( #3558, #172 ),
 ( #4075, #6030 ),
 ( #1165, #3592 ),
 ( #5549, #4576 ),
 ( #334, #2323 ),
 ( #2804, #4284 ),
 ( #2262, #425 ) ),
 .UNSPECIFIED., .F., .F., .F.,
 ( 4, 1, 1, 1, 1, 1, 1, 1, 1, 1, 1, 1, 1, 1, 1, 1, 4 ),
 ( 2, 2 ),
 ( 0.000000000000000000, 0.06105491174328313980, 0.1195453450847437094, 0.1768063562451034632, 0.2329564830316853408, 0.2885834899465033465, 0.3446666617213002826, 0.4016615108374462784, 0.4605400973082779958, 0.5204770623221881554, 0.5812128653554006208, 0.6434307597220103592, 0.7079608695212424863, 0.7753707435336738563, 0.8464136772813298792, 0.9211518871893693561, 1.000000000000000000 ),
 ( 0.000000000000000000, 1.000000000000000000 ),
 .UNSPECIFIED. ) ;
#1639 = EDGE_LOOP ( 'NONE', ( #536, #2727, #143, #4167, #2089, #4214, #4982, #779, #1597, #5416 ) ) ;
#1640 = SURFACE_SIDE_STYLE ('',( #6036 ) ) ;
#1641 = SURFACE_STYLE_USAGE ( .BOTH. , #2119 ) ;
#1642 = CARTESIAN_POINT ( 'NONE',  ( -0.1623076923076927081, -4.950000000000000178, 1.448098557692307775 ) ) ;
#1643 = DIRECTION ( 'NONE',  ( -0.000000000000000000, -0.000000000000000000, 1.000000000000000000 ) ) ;
#1644 = DIRECTION ( 'NONE',  ( 0.000000000000000000, 0.000000000000000000, 1.000000000000000000 ) ) ;
#1645 = DIRECTION ( 'NONE',  ( 0.000000000000000000, 0.000000000000000000, 1.000000000000000000 ) ) ;
#1646 = DIRECTION ( 'NONE',  ( -0.000000000000000000, -1.000000000000000000, -0.000000000000000000 ) ) ;
#1647 = ORIENTED_EDGE ( 'NONE', *, *, #4668, .F. ) ;
#1648 = FACE_OUTER_BOUND ( 'NONE', #6131, .T. ) ;
#1649 = CARTESIAN_POINT ( 'NONE',  ( -0.4750215480779613197, -4.900000000000000355, 0.7020646734225793884 ) ) ;
#1650 = CARTESIAN_POINT ( 'NONE',  ( -1.107689747869109675, -4.950000000000000178, 1.137525343762166852 ) ) ;
#1651 = CARTESIAN_POINT ( 'NONE',  ( 1.668512820512820349, -4.950000000000001066, 3.932541666666667712 ) ) ;
#1652 =( NAMED_UNIT ( * ) SI_UNIT ( $, .STERADIAN. ) SOLID_ANGLE_UNIT ( ) );
#1653 = CARTESIAN_POINT ( 'NONE',  ( -1.869999999999999885, -6.449999999999990408, 8.001000000000001222 ) ) ;
#1654 = AXIS2_PLACEMENT_3D ( 'NONE', #4043, #4899, #5898 ) ;
#1655 = EDGE_CURVE ( 'NONE', #3127, #2542, #5746, .T. ) ;
#1656 = CARTESIAN_POINT ( 'NONE',  ( -3.270000000000000462, -1.699999999999999956, 8.800000000000000711 ) ) ;
#1657 = CARTESIAN_POINT ( 'NONE',  ( -0.1957282865398183580, -4.899999999999999467, 1.692567201055930282 ) ) ;
#1658 = ORIENTED_EDGE ( 'NONE', *, *, #2559, .T. ) ;
#1659 = CARTESIAN_POINT ( 'NONE',  ( -1.313353280649454558, -4.899999999999998579, 3.979264034030743247 ) ) ;
#1660 = VECTOR ( 'NONE', #3750, 1000.000000000000000 ) ;
#1661 = DIRECTION ( 'NONE',  ( -1.367242359578592995E-16, 1.000000000000000000, -0.000000000000000000 ) ) ;
#1662 = CARTESIAN_POINT ( 'NONE',  ( -0.9700000000000008615, -3.710000000000000853, -3.850000000000000089 ) ) ;
#1663 = CARTESIAN_POINT ( 'NONE',  ( 0.8033334228665242049, -4.950000000000001066, 4.014277638380659319 ) ) ;
#1664 =( LENGTH_UNIT ( ) NAMED_UNIT ( * ) SI_UNIT ( .MILLI., .METRE. ) );
#1665 =( GEOMETRIC_REPRESENTATION_CONTEXT ( 3 ) GLOBAL_UNCERTAINTY_ASSIGNED_CONTEXT ( ( #4798 ) ) GLOBAL_UNIT_ASSIGNED_CONTEXT ( ( #2974, #5029, #2583 ) ) REPRESENTATION_CONTEXT ( 'NONE', 'WORKASPACE' ) );
#1666 = ADVANCED_FACE ( 'NONE', ( #1357 ), #4299, .F. ) ;
#1667 = CARTESIAN_POINT ( 'NONE',  ( -0.4636988061043291753, -4.950000000000001066, 0.8905561488572149020 ) ) ;
#1668 = COLOUR_RGB ( '',1.000000000000000000, 1.000000000000000000, 1.000000000000000000 ) ;
#1669 = PLANE ( 'NONE',  #2160 ) ;
#1670 = ORIENTED_EDGE ( 'NONE', *, *, #1626, .F. ) ;
#1671 = CARTESIAN_POINT ( 'NONE',  ( -0.4655600507730910387, -4.950000000000002842, 2.194217047456754610 ) ) ;
#1672 = DIRECTION ( 'NONE',  ( 0.000000000000000000, 1.000000000000000000, 0.000000000000000000 ) ) ;
#1673 = EDGE_CURVE ( 'NONE', #2457, #2398, #6203, .T. ) ;
#1674 = ORIENTED_EDGE ( 'NONE', *, *, #2348, .T. ) ;
#1675 = STYLED_ITEM ( 'NONE', ( #2503 ), #2778 ) ;
#1676 = CARTESIAN_POINT ( 'NONE',  ( 1.511352546226146565, -4.899999999999999467, 3.573914309273614975 ) ) ;
#1677 = CARTESIAN_POINT ( 'NONE',  ( 0.9685128205128203938, -4.900000000000000355, 3.906179487179486820 ) ) ;
#1678 = DIRECTION ( 'NONE',  ( 1.000000000000000000, 0.000000000000000000, 0.000000000000000000 ) ) ;
#1679 = CARTESIAN_POINT ( 'NONE',  ( -0.8808678519622531455, -4.950000000000000178, 2.190147594842954515 ) ) ;
#1680 = MECHANICAL_DESIGN_GEOMETRIC_PRESENTATION_REPRESENTATION (  '', ( #2793 ), #1377 ) ;
#1681 =( NAMED_UNIT ( * ) SI_UNIT ( $, .STERADIAN. ) SOLID_ANGLE_UNIT ( ) );
#1682 = ORIENTED_EDGE ( 'NONE', *, *, #1691, .T. ) ;
#1683 = VERTEX_POINT ( 'NONE', #1799 ) ;
#1684 = SURFACE_STYLE_FILL_AREA ( #3711 ) ;
#1685 = CARTESIAN_POINT ( 'NONE',  ( 1.237743589743589334, -4.900000000000000355, 4.318999999999999950 ) ) ;
#1686 = CARTESIAN_POINT ( 'NONE',  ( -1.161351405816942073, -4.949999999999998401, 1.362881392803755309 ) ) ;
#1687 = LINE ( 'NONE', #3187, #3664 ) ;
#1688 = PRESENTATION_STYLE_ASSIGNMENT (( #5212 ) ) ;
#1689 = VERTEX_POINT ( 'NONE', #1868 ) ;
#1690 = FACE_OUTER_BOUND ( 'NONE', #308, .T. ) ;
#1691 = EDGE_CURVE ( 'NONE', #5919, #12, #1860, .T. ) ;
#1692 = DIRECTION ( 'NONE',  ( -1.000000000000000000, 0.000000000000000000, 0.000000000000000000 ) ) ;
#1693 = B_SPLINE_SURFACE_WITH_KNOTS ( 'NONE', 3, 1, ( 
 ( #5582, #747 ),
 ( #1201, #3696 ),
 ( #3595, #4548 ),
 ( #5553, #5068 ),
 ( #690, #2613 ),
 ( #4581, #1671 ),
 ( #2176, #2716 ),
 ( #3632, #721 ),
 ( #2648, #4611 ),
 ( #246, #6094 ),
 ( #3663, #4169 ),
 ( #781, #6134 ),
 ( #1258, #5408 ),
 ( #485, #1945 ),
 ( #1089, #3999 ),
 ( #2411, #3470 ),
 ( #4384, #4954 ),
 ( #6, #1023 ),
 ( #1465, #4917 ),
 ( #3403, #5376 ),
 ( #989, #2475 ),
 ( #3963, #1524 ),
 ( #2501, #5949 ),
 ( #3509, #3124 ),
 ( #678, #4595 ),
 ( #230, #5538 ),
 ( #1153, #3613 ) ),
 .UNSPECIFIED., .F., .F., .F.,
 ( 4, 1, 1, 1, 1, 1, 1, 1, 1, 1, 1, 1, 1, 1, 1, 1, 1, 1, 1, 1, 1, 1, 1, 1, 4 ),
 ( 2, 2 ),
 ( 0.000000000000000000, 0.04309897056889696459, 0.08558676034507305130, 0.1269076657436392364, 0.1679674856215210843, 0.2084495586010658708, 0.2490254246415441741, 0.2892805341716790934, 0.3300098489827308912, 0.3705977240995771971, 0.4104659863326995395, 0.4500332158929482573, 0.4896882096042475263, 0.5291164230741912666, 0.5690368070925095889, 0.6097030542359446192, 0.6507589174942193244, 0.6925092624061776059, 0.7342191213706862341, 0.7767069111468622999, 0.8195518402403214608, 0.8633507288313336803, 0.9078385251300616909, 0.9533337036124183150, 1.000000000000000000 ),
 ( 0.000000000000000000, 1.000000000000000000 ),
 .UNSPECIFIED. ) ;
#1694 = CARTESIAN_POINT ( 'NONE',  ( 0.8158265295311238896, -4.950000000000001954, 4.055280087984814763 ) ) ;
#1695 = CARTESIAN_POINT ( 'NONE',  ( 1.059917872371914038, -4.950000000000001954, 4.106840303237621725 ) ) ;
#1696 = FILL_AREA_STYLE_COLOUR ( '', #310 ) ;
#1697 = ORIENTED_EDGE ( 'NONE', *, *, #572, .F. ) ;
#1698 = ORIENTED_EDGE ( 'NONE', *, *, #498, .T. ) ;
#1699 = EDGE_CURVE ( 'NONE', #417, #387, #4920, .T. ) ;
#1700 = EDGE_CURVE ( 'NONE', #2542, #5366, #706, .T. ) ;
#1701 = CARTESIAN_POINT ( 'NONE',  ( 0.2907692307692305023, -4.950000000000000178, 2.199000000000000288 ) ) ;
#1702 = B_SPLINE_CURVE_WITH_KNOTS ( 'NONE', 3,
 ( #3992, #5942, #30, #2370, #1544, #3497, #5463, #4341, #3152, #5590, #1710, #1580, #3643, #5532, #1679, #2150, #3117, #1210, #4113 ),
 .UNSPECIFIED., .F., .F.,
 ( 4, 1, 1, 1, 1, 1, 1, 1, 1, 1, 1, 1, 1, 1, 1, 1, 4 ),
 ( 0.000000000000000000, 0.07522634669089893478, 0.1465747215268523029, 0.2145002518264755020, 0.2795299716530229017, 0.3424029515883815211, 0.4034960527288083409, 0.4637616065030393808, 0.5238643590795867278, 0.5832517242549666303, 0.6413020392831351169, 0.6988977748564887404, 0.7562952438113087483, 0.8146278048129691474, 0.8743247683399979486, 0.9357832838625451677, 1.000000000000000000 ),
 .UNSPECIFIED. ) ;
#1703 = ORIENTED_EDGE ( 'NONE', *, *, #962, .T. ) ;
#1704 = CARTESIAN_POINT ( 'NONE',  ( 1.068754943409445213, -4.899999999999999467, 3.178520037782412544 ) ) ;
#1705 = CARTESIAN_POINT ( 'NONE',  ( -0.2166600957304616881, -4.950000000000000178, 1.142846417541327764 ) ) ;
#1706 = UNCERTAINTY_MEASURE_WITH_UNIT (LENGTH_MEASURE( 1.000000000000000082E-05 ), #1767, 'distance_accuracy_value', 'NONE');
#1707 = AXIS2_PLACEMENT_3D ( 'NONE', #5563, #1181, #3118 ) ;
#1708 = DIRECTION ( 'NONE',  ( -0.000000000000000000, 0.000000000000000000, 1.000000000000000000 ) ) ;
#1709 = DIRECTION ( 'NONE',  ( 1.000000000000000000, 0.000000000000000000, 0.000000000000000000 ) ) ;
#1710 = CARTESIAN_POINT ( 'NONE',  ( -1.124335916617327680, -4.950000000000000178, 2.058223720444909866 ) ) ;
#1711 = VECTOR ( 'NONE', #5085, 1000.000000000000000 ) ;
#1712 = ORIENTED_EDGE ( 'NONE', *, *, #5110, .F. ) ;
#1713 = MECHANICAL_DESIGN_GEOMETRIC_PRESENTATION_REPRESENTATION (  '', ( #2513 ), #4775 ) ;
#1714 = VERTEX_POINT ( 'NONE', #732 ) ;
#1715 = PRESENTATION_LAYER_ASSIGNMENT (  '', '', ( #3252 ) ) ;
#1716 = SURFACE_SIDE_STYLE ('',( #3122 ) ) ;
#1717 = COLOUR_RGB ( '',1.000000000000000000, 1.000000000000000000, 1.000000000000000000 ) ;
#1718 = LINE ( 'NONE', #130, #955 ) ;
#1719 = CARTESIAN_POINT ( 'NONE',  ( -1.083380396623696118, -4.950000000000000178, 1.089966371421184466 ) ) ;
#1720 = CARTESIAN_POINT ( 'NONE',  ( -0.6699999999999995959, -2.449999999999990408, 8.001000000000001222 ) ) ;
#1721 = VECTOR ( 'NONE', #1013, 1000.000000000000000 ) ;
#1722 = VECTOR ( 'NONE', #1984, 1000.000000000000000 ) ;
#1723 = VERTEX_POINT ( 'NONE', #4625 ) ;
#1724 = VECTOR ( 'NONE', #1523, 1000.000000000000000 ) ;
#1725 =( NAMED_UNIT ( * ) PLANE_ANGLE_UNIT ( ) SI_UNIT ( $, .RADIAN. ) );
#1726 = CARTESIAN_POINT ( 'NONE',  ( -0.6246854423974944615, -4.900000000000000355, 2.044374076295398357 ) ) ;
#1727 = CARTESIAN_POINT ( 'NONE',  ( -1.162307692307692708, -4.900000000000000355, 1.426764423076923416 ) ) ;
#1728 = CARTESIAN_POINT ( 'NONE',  ( -0.6614062500000003064, -4.900000000000000355, 2.218230769230769006 ) ) ;
#1729 = DIRECTION ( 'NONE',  ( -0.000000000000000000, -0.000000000000000000, 1.000000000000000000 ) ) ;
#1730 = CARTESIAN_POINT ( 'NONE',  ( 0.000000000000000000, -2.449999999999989519, 8.800000000000000711 ) ) ;
#1731 = CARTESIAN_POINT ( 'NONE',  ( -3.270000000000000462, -4.950000000000000178, 8.800000000000000711 ) ) ;
#1732 = CARTESIAN_POINT ( 'NONE',  ( -1.080504819028438090, -4.950000000000000178, 1.819323381091136449 ) ) ;
#1733 = VERTEX_POINT ( 'NONE', #4562 ) ;
#1734 = DIRECTION ( 'NONE',  ( 0.000000000000000000, 0.000000000000000000, -1.000000000000000000 ) ) ;
#1735 = ORIENTED_EDGE ( 'NONE', *, *, #4325, .T. ) ;
#1736 =( NAMED_UNIT ( * ) SI_UNIT ( $, .STERADIAN. ) SOLID_ANGLE_UNIT ( ) );
#1737 = CARTESIAN_POINT ( 'NONE',  ( -0.9771260461038637768, -4.949999999999995737, 1.936478798528307399 ) ) ;
#1738 = EDGE_CURVE ( 'NONE', #3173, #4378, #5384, .T. ) ;
#1739 = ORIENTED_EDGE ( 'NONE', *, *, #1780, .T. ) ;
#1740 = CARTESIAN_POINT ( 'NONE',  ( -0.2696301550058976537, -4.950000000000001066, 1.048428091609807211 ) ) ;
#1741 = CARTESIAN_POINT ( 'NONE',  ( 0.6700000000000002620, -3.649999999999990141, 5.301000000000002821 ) ) ;
#1742 = SURFACE_SIDE_STYLE ('',( #6037 ) ) ;
#1743 = CARTESIAN_POINT ( 'NONE',  ( -1.570000000000000728, -3.710000000000000853, -3.850000000000000089 ) ) ;
#1744 = CARTESIAN_POINT ( 'NONE',  ( 1.446467040875624610, -4.950000000000000178, 3.783577236226056240 ) ) ;
#1745 = EDGE_CURVE ( 'NONE', #2117, #5899, #1718, .T. ) ;
#1746 = VERTEX_POINT ( 'NONE', #5013 ) ;
#1747 = VERTEX_POINT ( 'NONE', #644 ) ;
#1748 = PLANE ( 'NONE',  #6122 ) ;
#1749 =( NAMED_UNIT ( * ) PLANE_ANGLE_UNIT ( ) SI_UNIT ( $, .RADIAN. ) );
#1750 = CARTESIAN_POINT ( 'NONE',  ( -0.6632091346153849987, -4.949999999999999289, 0.8528461538461540314 ) ) ;
#1751 = DIRECTION ( 'NONE',  ( -0.9950371902099890420, 0.000000000000000000, 0.09950371902099963695 ) ) ;
#1752 =( NAMED_UNIT ( * ) SI_UNIT ( $, .STERADIAN. ) SOLID_ANGLE_UNIT ( ) );
#1753 = EDGE_LOOP ( 'NONE', ( #3432, #2790, #4970, #3919 ) ) ;
#1754 = PRESENTATION_STYLE_ASSIGNMENT (( #773 ) ) ;
#1755 = DIRECTION ( 'NONE',  ( 0.000000000000000000, -0.000000000000000000, 1.000000000000000000 ) ) ;
#1756 = STYLED_ITEM ( 'NONE', ( #1174 ), #4941 ) ;
#1757 = CARTESIAN_POINT ( 'NONE',  ( 1.686461538461538234, -4.900000000000000355, 2.918999999999999595 ) ) ;
#1758 = FACE_BOUND ( 'NONE', #1124, .T. ) ;
#1759 = STYLED_ITEM ( 'NONE', ( #3714 ), #1364 ) ;
#1760 =( LENGTH_UNIT ( ) NAMED_UNIT ( * ) SI_UNIT ( .MILLI., .METRE. ) );
#1761 = ORIENTED_EDGE ( 'NONE', *, *, #6190, .T. ) ;
#1762 = CARTESIAN_POINT ( 'NONE',  ( 0.9786589334670722229, -4.900000000000000355, 3.987308617774737662 ) ) ;
#1763 = STYLED_ITEM ( 'NONE', ( #3042 ), #1890 ) ;
#1764 = CARTESIAN_POINT ( 'NONE',  ( 0.000000000000000000, 1.699999999999999956, 8.800000000000000711 ) ) ;
#1765 = EDGE_LOOP ( 'NONE', ( #657, #6282, #39, #1360 ) ) ;
#1766 = DIRECTION ( 'NONE',  ( -0.000000000000000000, -1.000000000000000000, -0.000000000000000000 ) ) ;
#1767 =( LENGTH_UNIT ( ) NAMED_UNIT ( * ) SI_UNIT ( .MILLI., .METRE. ) );
#1768 = VECTOR ( 'NONE', #1229, 1000.000000000000000 ) ;
#1769 =( NAMED_UNIT ( * ) PLANE_ANGLE_UNIT ( ) SI_UNIT ( $, .RADIAN. ) );
#1770 = EDGE_CURVE ( 'NONE', #1396, #4428, #193, .T. ) ;
#1771 = LINE ( 'NONE', #5652, #792 ) ;
#1772 = CARTESIAN_POINT ( 'NONE',  ( 1.334016202832106535, -4.949999999999999289, 3.643426090898437497 ) ) ;
#1773 = VECTOR ( 'NONE', #5251, 1000.000000000000000 ) ;
#1774 = CARTESIAN_POINT ( 'NONE',  ( 1.471606453752803967, -4.950000000000000178, 4.019040958700426991 ) ) ;
#1775 = AXIS2_PLACEMENT_3D ( 'NONE', #696, #1708, #6101 ) ;
#1776 = ORIENTED_EDGE ( 'NONE', *, *, #5350, .T. ) ;
#1777 = ORIENTED_EDGE ( 'NONE', *, *, #1626, .T. ) ;
#1778 = CARTESIAN_POINT ( 'NONE',  ( 1.024303284362355404, -4.900000000000001243, 4.073603686376193522 ) ) ;
#1779 = VECTOR ( 'NONE', #319, 1000.000000000000000 ) ;
#1780 = EDGE_CURVE ( 'NONE', #4949, #5535, #2099, .T. ) ;
#1781 = DIRECTION ( 'NONE',  ( -1.000000000000000000, 0.000000000000000000, 0.000000000000000000 ) ) ;
#1782 = FILL_AREA_STYLE_COLOUR ( '', #3970 ) ;
#1783 = FILL_AREA_STYLE ('',( #2761 ) ) ;
#1784 = CARTESIAN_POINT ( 'NONE',  ( 1.233076923076922737, -4.950000000000000178, 2.199000000000000288 ) ) ;
#1785 = VERTEX_POINT ( 'NONE', #5781 ) ;
#1786 = VECTOR ( 'NONE', #2170, 999.9999999999998863 ) ;
#1787 = CARTESIAN_POINT ( 'NONE',  ( 1.470171862401061125, -4.900000000000003020, 3.833445639350598011 ) ) ;
#1788 = CARTESIAN_POINT ( 'NONE',  ( 0.6700000000000004841, -4.950000000000000178, 8.800000000000000711 ) ) ;
#1789 = PRESENTATION_STYLE_ASSIGNMENT (( #5219 ) ) ;
#1790 = DIRECTION ( 'NONE',  ( 0.2425356250363296107, -0.000000000000000000, 0.9701425001453327646 ) ) ;
#1791 = CARTESIAN_POINT ( 'NONE',  ( -1.105747210720196438, -4.950000000000001954, 1.768235068570108925 ) ) ;
#1792 = CARTESIAN_POINT ( 'NONE',  ( 0.7710769230769229932, -4.950000000000000178, 2.918999999999999595 ) ) ;
#1793 = ORIENTED_EDGE ( 'NONE', *, *, #4316, .T. ) ;
#1794 = CARTESIAN_POINT ( 'NONE',  ( 1.110765723642607172, -4.900000000000000355, 3.216707648109436768 ) ) ;
#1795 = DIRECTION ( 'NONE',  ( 0.000000000000000000, -1.000000000000000000, 0.000000000000000000 ) ) ;
#1796 = CARTESIAN_POINT ( 'NONE',  ( 1.285468766258513362, -4.949999999999998401, 4.318182760476708459 ) ) ;
#1797 = FILL_AREA_STYLE_COLOUR ( '', #5470 ) ;
#1798 = VECTOR ( 'NONE', #596, 1000.000000000000000 ) ;
#1799 = CARTESIAN_POINT ( 'NONE',  ( 1.469999999999999973, 3.709999999999999964, -3.850000000000000089 ) ) ;
#1800 = CARTESIAN_POINT ( 'NONE',  ( -1.570000000000000728, -3.910000000000001030, -3.479999999999994209 ) ) ;
#1801 = ORIENTED_EDGE ( 'NONE', *, *, #4550, .T. ) ;
#1802 = ORIENTED_EDGE ( 'NONE', *, *, #5378, .T. ) ;
#1803 = CARTESIAN_POINT ( 'NONE',  ( 1.470171862401061125, -4.900000000000003020, 3.833445639350598011 ) ) ;
#1804 = VECTOR ( 'NONE', #5162, 1000.000000000000114 ) ;
#1805 = CARTESIAN_POINT ( 'NONE',  ( -1.368740829554302429, -4.900000000000001243, 1.332684172134450451 ) ) ;
#1806 = LINE ( 'NONE', #3773, #6118 ) ;
#1807 = CARTESIAN_POINT ( 'NONE',  ( -3.770000000000000906, 1.699999999999999956, 1.800000000000000488 ) ) ;
#1808 = MECHANICAL_DESIGN_GEOMETRIC_PRESENTATION_REPRESENTATION (  '', ( #6313 ), #4572 ) ;
#1809 = CARTESIAN_POINT ( 'NONE',  ( 0.7746249158164595361, -4.899999999999999467, 2.982466546866012536 ) ) ;
#1810 = ORIENTED_EDGE ( 'NONE', *, *, #726, .T. ) ;
#1811 = EDGE_CURVE ( 'NONE', #3400, #470, #4332, .T. ) ;
#1812 = ADVANCED_FACE ( 'NONE', ( #3184 ), #1956, .F. ) ;
#1813 = STYLED_ITEM ( 'NONE', ( #5661 ), #3707 ) ;
#1814 = CARTESIAN_POINT ( 'NONE',  ( -1.373846153846154383, -4.900000000000000355, 1.429168269230769450 ) ) ;
#1815 = AXIS2_PLACEMENT_3D ( 'NONE', #3326, #2847, #4334 ) ;
#1816 = MECHANICAL_DESIGN_GEOMETRIC_PRESENTATION_REPRESENTATION (  '', ( #3441 ), #5917 ) ;
#1817 = CARTESIAN_POINT ( 'NONE',  ( -1.470000000000000417, 0.000000000000000000, -3.850000000000000089 ) ) ;
#1818 = CARTESIAN_POINT ( 'NONE',  ( -0.1624354135753516559, -4.950000000000000178, 1.462929136100723948 ) ) ;
#1819 = DIRECTION ( 'NONE',  ( 0.000000000000000000, 0.000000000000000000, 1.000000000000000000 ) ) ;
#1820 = STYLED_ITEM ( 'NONE', ( #2531 ), #3978 ) ;
#1821 = CARTESIAN_POINT ( 'NONE',  ( -1.373677411986096164, -4.950000000000001066, 1.412931107150833476 ) ) ;
#1822 = CARTESIAN_POINT ( 'NONE',  ( -0.6770581931940566900, -4.950000000000000178, 2.044819135020045309 ) ) ;
#1823 = EDGE_CURVE ( 'NONE', #1746, #4428, #502, .T. ) ;
#1824 = VECTOR ( 'NONE', #2620, 1000.000000000000000 ) ;
#1825 = CARTESIAN_POINT ( 'NONE',  ( -1.570000000000000950, 3.910000000000000142, -3.850000000000000089 ) ) ;
#1826 = DIRECTION ( 'NONE',  ( -0.000000000000000000, -0.000000000000000000, 1.000000000000000000 ) ) ;
#1827 = ADVANCED_FACE ( 'NONE', ( #3360 ), #1241, .T. ) ;
#1828 = VERTEX_POINT ( 'NONE', #939 ) ;
#1829 = UNCERTAINTY_MEASURE_WITH_UNIT (LENGTH_MEASURE( 1.000000000000000082E-05 ), #908, 'distance_accuracy_value', 'NONE');
#1830 = CARTESIAN_POINT ( 'NONE',  ( 1.069999999999999840, 0.000000000000000000, -3.850000000000000089 ) ) ;
#1831 = CARTESIAN_POINT ( 'NONE',  ( -2.770000000000000906, -1.699999999999999956, 3.300000000000000266 ) ) ;
#1832 = PRESENTATION_STYLE_ASSIGNMENT (( #6258 ) ) ;
#1833 = CARTESIAN_POINT ( 'NONE',  ( -3.270000000000000462, 4.950000000000000178, 8.800000000000000711 ) ) ;
#1834 = LINE ( 'NONE', #6259, #2263 ) ;
#1835 = CARTESIAN_POINT ( 'NONE',  ( 0.5023076923076921219, -4.950000000000000178, 0.6990000000000001767 ) ) ;
#1836 = EDGE_LOOP ( 'NONE', ( #2756, #3039, #5018, #4649 ) ) ;
#1837 = ORIENTED_EDGE ( 'NONE', *, *, #6170, .T. ) ;
#1838 = CARTESIAN_POINT ( 'NONE',  ( 1.488830784421191655, -4.950000000000001954, 3.922897996369986373 ) ) ;
#1839 = CARTESIAN_POINT ( 'NONE',  ( -1.582186823394634345, -4.899999999999999467, 3.980550753931659358 ) ) ;
#1840 = CARTESIAN_POINT ( 'NONE',  ( 0.04891823386902668241, -4.950000000000000178, 1.427959548162584191 ) ) ;
#1841 = SURFACE_SIDE_STYLE ('',( #2732 ) ) ;
#1842 = LINE ( 'NONE', #5790, #3393 ) ;
#1843 =( LENGTH_UNIT ( ) NAMED_UNIT ( * ) SI_UNIT ( .MILLI., .METRE. ) );
#1844 = ORIENTED_EDGE ( 'NONE', *, *, #3233, .T. ) ;
#1845 = CARTESIAN_POINT ( 'NONE',  ( -1.372309002578743664, -4.900000000000000355, 1.517839069544936192 ) ) ;
#1846 =( NAMED_UNIT ( * ) SI_UNIT ( $, .STERADIAN. ) SOLID_ANGLE_UNIT ( ) );
#1847 = FILL_AREA_STYLE ('',( #865 ) ) ;
#1848 = CARTESIAN_POINT ( 'NONE',  ( -0.4196399403579310072, -4.900000000000001243, 2.180195575879539938 ) ) ;
#1849 = ADVANCED_FACE ( 'NONE', ( #5292, #1929 ), #4185, .T. ) ;
#1850 = LINE ( 'NONE', #3806, #3515 ) ;
#1851 = CARTESIAN_POINT ( 'NONE',  ( 1.667354345529461268, -4.950000000000001066, 3.890948731912751590 ) ) ;
#1852 = CARTESIAN_POINT ( 'NONE',  ( -1.161865441711354086, -4.950000000000000178, 1.453624033977423569 ) ) ;
#1853 = UNCERTAINTY_MEASURE_WITH_UNIT (LENGTH_MEASURE( 1.000000000000000082E-05 ), #4192, 'distance_accuracy_value', 'NONE');
#1854 = CARTESIAN_POINT ( 'NONE',  ( 1.041215549577736210, -4.949999999999998401, 4.091079358784575071 ) ) ;
#1855 = UNCERTAINTY_MEASURE_WITH_UNIT (LENGTH_MEASURE( 1.000000000000000082E-05 ), #3451, 'distance_accuracy_value', 'NONE');
#1856 = LINE ( 'NONE', #5283, #5249 ) ;
#1857 = EDGE_CURVE ( 'NONE', #5925, #2842, #474, .T. ) ;
#1858 = LINE ( 'NONE', #970, #3564 ) ;
#1859 = VECTOR ( 'NONE', #3449, 1000.000000000000000 ) ;
#1860 = B_SPLINE_CURVE_WITH_KNOTS ( 'NONE', 3,
 ( #2334, #5137, #284, #2215, #4335, #915, #5811, #3853, #4805, #437, #2848, #2363, #1897, #3327, #6289, #5298, #1620, #4120, #4593, #5568, #6017, #1649, #2131, #617, #3680, #3123, #3611 ),
 .UNSPECIFIED., .F., .F.,
 ( 4, 1, 1, 1, 1, 1, 1, 1, 1, 1, 1, 1, 1, 1, 1, 1, 1, 1, 1, 1, 1, 1, 1, 1, 4 ),
 ( 0.000000000000000000, 0.04755955690542653519, 0.09396210524321092772, 0.1391115332408221217, 0.1836263101269046960, 0.2274570284004935050, 0.2707025105518547359, 0.3136105321155537862, 0.3562604510849770034, 0.3983661529550378555, 0.4395565149792806658, 0.4800453830214204687, 0.5198884957050128319, 0.5596577503171974444, 0.5994212546627415428, 0.6392077550883983328, 0.6796683749857806989, 0.7200198525128485016, 0.7598588655624579635, 0.7995598848323807184, 0.8391991446364382989, 0.8789560762302789376, 0.9187942693024661045, 0.9590833628432750002, 1.000000000000000000 ),
 .UNSPECIFIED. ) ;
#1861 = ORIENTED_EDGE ( 'NONE', *, *, #4594, .F. ) ;
#1862 = PLANE ( 'NONE',  #3608 ) ;
#1863 = LINE ( 'NONE', #822, #5197 ) ;
#1864 = STYLED_ITEM ( 'NONE', ( #6060 ), #1253 ) ;
#1865 = CARTESIAN_POINT ( 'NONE',  ( 0.6700000000000000400, -2.449999999999990408, 4.800000000000000711 ) ) ;
#1866 = FACE_OUTER_BOUND ( 'NONE', #4893, .T. ) ;
#1867 = ADVANCED_FACE ( 'NONE', ( #3524 ), #3074, .F. ) ;
#1868 = CARTESIAN_POINT ( 'NONE',  ( -1.070000000000001172, -3.710000000000000853, -3.850000000000000089 ) ) ;
#1869 = LINE ( 'NONE', #882, #5358 ) ;
#1870 = VECTOR ( 'NONE', #1037, 1000.000000000000000 ) ;
#1871 = ORIENTED_EDGE ( 'NONE', *, *, #3889, .T. ) ;
#1872 = ORIENTED_EDGE ( 'NONE', *, *, #2348, .F. ) ;
#1873 = CARTESIAN_POINT ( 'NONE',  ( 0.04830076637220709346, -4.950000000000001066, 1.391139720170956329 ) ) ;
#1874 = CARTESIAN_POINT ( 'NONE',  ( -1.362369208108823004, -4.899999999999998579, 1.285296950511629399 ) ) ;
#1875 = CARTESIAN_POINT ( 'NONE',  ( 2.770000000000000462, -1.699999999999999956, 1.800000000000000488 ) ) ;
#1876 = CARTESIAN_POINT ( 'NONE',  ( 1.870000000000000551, -4.950000000000000178, 4.800000000000000711 ) ) ;
#1877 = ORIENTED_EDGE ( 'NONE', *, *, #3338, .T. ) ;
#1878 = ORIENTED_EDGE ( 'NONE', *, *, #5181, .T. ) ;
#1879 = CARTESIAN_POINT ( 'NONE',  ( 1.214347889233033495, -4.899999999999997691, 3.530278682448089622 ) ) ;
#1880 = PLANE ( 'NONE',  #4371 ) ;
#1881 = CARTESIAN_POINT ( 'NONE',  ( 1.870000000000000107, -2.449999999999989519, 8.800000000000000711 ) ) ;
#1882 = CARTESIAN_POINT ( 'NONE',  ( -1.523031917976532590, -4.899999999999999467, 3.840571802289065140 ) ) ;
#1883 = MECHANICAL_DESIGN_GEOMETRIC_PRESENTATION_REPRESENTATION (  '', ( #1283 ), #3633 ) ;
#1884 = CARTESIAN_POINT ( 'NONE',  ( 1.686461538461538234, -4.900000000000000355, 3.098487179487178889 ) ) ;
#1885 = ADVANCED_FACE ( 'NONE', ( #563 ), #1602, .F. ) ;
#1886 = CARTESIAN_POINT ( 'NONE',  ( 1.177202005295171716, -4.949999999999998401, 4.153616862752056882 ) ) ;
#1887 = FILL_AREA_STYLE ('',( #6279 ) ) ;
#1888 = CARTESIAN_POINT ( 'NONE',  ( 1.444615384615384412, -4.900000000000000355, 2.199000000000000288 ) ) ;
#1889 = EDGE_LOOP ( 'NONE', ( #5567, #5657, #786, #6316, #4207, #719 ) ) ;
#1890 = ADVANCED_FACE ( 'NONE', ( #52 ), #3943, .T. ) ;
#1891 = ADVANCED_FACE ( 'NONE', ( #5963 ), #1568, .T. ) ;
#1892 = FILL_AREA_STYLE_COLOUR ( '', #2063 ) ;
#1893 = CARTESIAN_POINT ( 'NONE',  ( 1.045220775095225152, -4.950000000000001954, 3.387736797112750775 ) ) ;
#1894 = PLANE ( 'NONE',  #4263 ) ;
#1895 = CARTESIAN_POINT ( 'NONE',  ( 0.9699999999999993072, 3.910000000000000142, -3.850000000000000089 ) ) ;
#1896 = DIRECTION ( 'NONE',  ( 1.000000000000000000, 0.000000000000000000, 0.000000000000000000 ) ) ;
#1897 = CARTESIAN_POINT ( 'NONE',  ( -0.1208825073472956646, -4.899999999999999467, 0.9200248218735034289 ) ) ;
#1898 = CARTESIAN_POINT ( 'NONE',  ( 1.449422814328488629, -4.950000000000000178, 4.057613147956500299 ) ) ;
#1899 = EDGE_LOOP ( 'NONE', ( #5581, #476, #4779, #5302 ) ) ;
#1900 = LINE ( 'NONE', #441, #2630 ) ;
#1901 = CARTESIAN_POINT ( 'NONE',  ( 1.259086324561462078, -4.900000000000002132, 3.570506907240221128 ) ) ;
#1902 = CARTESIAN_POINT ( 'NONE',  ( 0.6700000000000000400, -2.449999999999990408, 8.800000000000000711 ) ) ;
#1903 = PRESENTATION_STYLE_ASSIGNMENT (( #2765 ) ) ;
#1904 = FACE_OUTER_BOUND ( 'NONE', #5365, .T. ) ;
#1905 = ORIENTED_EDGE ( 'NONE', *, *, #3669, .F. ) ;
#1906 = ORIENTED_EDGE ( 'NONE', *, *, #3543, .T. ) ;
#1907 = EDGE_CURVE ( 'NONE', #4584, #1137, #4603, .T. ) ;
#1908 = CARTESIAN_POINT ( 'NONE',  ( -1.050555159036228092, -4.900000000000001243, 1.864617271804272836 ) ) ;
#1909 = PRESENTATION_LAYER_ASSIGNMENT (  '', '', ( #1103 ) ) ;
#1910 = CARTESIAN_POINT ( 'NONE',  ( 1.418492699113732103, -4.900000000000003020, 4.092116484477349658 ) ) ;
#1911 =( LENGTH_UNIT ( ) NAMED_UNIT ( * ) SI_UNIT ( .MILLI., .METRE. ) );
#1912 = SURFACE_STYLE_FILL_AREA ( #2380 ) ;
#1913 = CARTESIAN_POINT ( 'NONE',  ( 1.069999999999999840, -3.910000000000001030, -3.850000000000000089 ) ) ;
#1914 = VECTOR ( 'NONE', #2331, 1000.000000000000000 ) ;
#1915 = CARTESIAN_POINT ( 'NONE',  ( -1.150986218293242214, -4.950000000000001954, 0.8670242502433836984 ) ) ;
#1916 = CARTESIAN_POINT ( 'NONE',  ( -1.570000000000000950, 3.709999999999999964, -3.479999999999994209 ) ) ;
#1917 =( GEOMETRIC_REPRESENTATION_CONTEXT ( 3 ) GLOBAL_UNCERTAINTY_ASSIGNED_CONTEXT ( ( #1343 ) ) GLOBAL_UNIT_ASSIGNED_CONTEXT ( ( #584, #5054, #1590 ) ) REPRESENTATION_CONTEXT ( 'NONE', 'WORKASPACE' ) );
#1918 = VERTEX_POINT ( 'NONE', #1727 ) ;
#1919 = STYLED_ITEM ( 'NONE', ( #2149 ), #5969 ) ;
#1920 = VECTOR ( 'NONE', #119, 1000.000000000000000 ) ;
#1921 = VECTOR ( 'NONE', #4290, 1000.000000000000000 ) ;
#1922 = CARTESIAN_POINT ( 'NONE',  ( 0.04923076923076885603, -4.950000000000000178, 1.446596153846154253 ) ) ;
#1923 = PRESENTATION_LAYER_ASSIGNMENT (  '', '', ( #2832 ) ) ;
#1924 = CARTESIAN_POINT ( 'NONE',  ( -1.281538461538461959, -4.950000000000000178, 2.918999999999999595 ) ) ;
#1925 = VERTEX_POINT ( 'NONE', #3688 ) ;
#1926 = PRESENTATION_STYLE_ASSIGNMENT (( #1441 ) ) ;
#1927 = CARTESIAN_POINT ( 'NONE',  ( 1.112663461538461407, -4.950000000000001066, 3.442597756410255894 ) ) ;
#1928 = CARTESIAN_POINT ( 'NONE',  ( 0.5023076923076921219, -4.950000000000000178, 1.818290865384615707 ) ) ;
#1929 = FACE_OUTER_BOUND ( 'NONE', #2082, .T. ) ;
#1930 = LINE ( 'NONE', #2521, #4339 ) ;
#1931 = CARTESIAN_POINT ( 'NONE',  ( 1.668512820512820349, -4.950000000000001066, 3.932541666666667712 ) ) ;
#1932 = ADVANCED_FACE ( 'NONE', ( #5122, #5547, #4666, #3624, #4102 ), #4072, .F. ) ;
#1933 = FILL_AREA_STYLE ('',( #6323 ) ) ;
#1934 = ORIENTED_EDGE ( 'NONE', *, *, #2751, .F. ) ;
#1935 = DIRECTION ( 'NONE',  ( 0.000000000000000000, -0.000000000000000000, 1.000000000000000000 ) ) ;
#1936 = DIRECTION ( 'NONE',  ( -0.000000000000000000, -0.000000000000000000, -1.000000000000000000 ) ) ;
#1937 = CARTESIAN_POINT ( 'NONE',  ( -1.870000000000000107, -4.949999999999999289, 6.799999999999995381 ) ) ;
#1938 = CARTESIAN_POINT ( 'NONE',  ( -0.8140314180354011331, -4.900000000000000355, 0.8735218177870142098 ) ) ;
#1939 = EDGE_CURVE ( 'NONE', #5534, #161, #6154, .T. ) ;
#1940 = DIRECTION ( 'NONE',  ( 0.000000000000000000, 0.000000000000000000, -1.000000000000000000 ) ) ;
#1941 = CARTESIAN_POINT ( 'NONE',  ( -0.8133820768491099029, -4.899999999999998579, 0.6932656733630071511 ) ) ;
#1942 = ORIENTED_EDGE ( 'NONE', *, *, #4316, .F. ) ;
#1943 = ORIENTED_EDGE ( 'NONE', *, *, #1534, .F. ) ;
#1944 = CARTESIAN_POINT ( 'NONE',  ( -0.2166600957304616881, -4.900000000000000355, 1.142846417541327764 ) ) ;
#1945 = CARTESIAN_POINT ( 'NONE',  ( -0.1435003660408739334, -4.950000000000001954, 2.002444828161038082 ) ) ;
#1946 = CARTESIAN_POINT ( 'NONE',  ( 0.04444674375028859203, -4.900000000000000355, 1.554739873201401057 ) ) ;
#1947 = CARTESIAN_POINT ( 'NONE',  ( 1.144764679863603751, -4.900000000000001243, 4.313207378616532139 ) ) ;
#1948 = EDGE_LOOP ( 'NONE', ( #3020, #3321, #4247, #5113 ) ) ;
#1949 = UNCERTAINTY_MEASURE_WITH_UNIT (LENGTH_MEASURE( 1.000000000000000082E-05 ), #4227, 'distance_accuracy_value', 'NONE');
#1950 = CARTESIAN_POINT ( 'NONE',  ( -1.054275035924330917, -4.899999999999999467, 1.046088179542357111 ) ) ;
#1951 = CARTESIAN_POINT ( 'NONE',  ( -0.6108399411155470693, -4.950000000000001066, 2.217347786282604982 ) ) ;
#1952 =( NAMED_UNIT ( * ) SI_UNIT ( $, .STERADIAN. ) SOLID_ANGLE_UNIT ( ) );
#1953 = ORIENTED_EDGE ( 'NONE', *, *, #3627, .F. ) ;
#1954 = CARTESIAN_POINT ( 'NONE',  ( 1.014866858014604967, -4.900000000000000355, 3.360655277235862215 ) ) ;
#1955 = CARTESIAN_POINT ( 'NONE',  ( 0.9699999999999993072, 3.709999999999999964, -3.850000000000000089 ) ) ;
#1956 = PLANE ( 'NONE',  #5857 ) ;
#1957 = CARTESIAN_POINT ( 'NONE',  ( -1.582186823394634345, -4.949999999999999289, 3.980550753931659358 ) ) ;
#1958 = CARTESIAN_POINT ( 'NONE',  ( 1.661324095651544042, -4.950000000000001066, 3.849487384989453087 ) ) ;
#1959 = VECTOR ( 'NONE', #1598, 1000.000000000000000 ) ;
#1960 = CARTESIAN_POINT ( 'NONE',  ( -1.870000000000000107, -2.449999999999990408, 8.001000000000001222 ) ) ;
#1961 = EDGE_LOOP ( 'NONE', ( #1877, #3377, #6052, #1698 ) ) ;
#1962 = VECTOR ( 'NONE', #4744, 1000.000000000000000 ) ;
#1963 = PLANE ( 'NONE',  #4309 ) ;
#1964 = CARTESIAN_POINT ( 'NONE',  ( -1.870000000000000107, -4.950000000000000178, 8.800000000000000711 ) ) ;
#1965 = VECTOR ( 'NONE', #3912, 1000.000000000000000 ) ;
#1966 = EDGE_CURVE ( 'NONE', #6013, #4240, #1161, .T. ) ;
#1967 = CARTESIAN_POINT ( 'NONE',  ( -0.3431404625853785029, -4.899999999999999467, 0.7497900611920680358 ) ) ;
#1968 = LINE ( 'NONE', #4944, #4212 ) ;
#1969 = LINE ( 'NONE', #5129, #2074 ) ;
#1970 =( LENGTH_UNIT ( ) NAMED_UNIT ( * ) SI_UNIT ( .MILLI., .METRE. ) );
#1971 = EDGE_LOOP ( 'NONE', ( #5550, #4579, #5618, #816 ) ) ;
#1972 = ORIENTED_EDGE ( 'NONE', *, *, #2080, .F. ) ;
#1973 = VECTOR ( 'NONE', #2755, 1000.000000000000000 ) ;
#1974 = EDGE_CURVE ( 'NONE', #3695, #4090, #1030, .T. ) ;
#1975 = CARTESIAN_POINT ( 'NONE',  ( -0.2696301550058976537, -4.900000000000001243, 1.048428091609807211 ) ) ;
#1976 =( GEOMETRIC_REPRESENTATION_CONTEXT ( 3 ) GLOBAL_UNCERTAINTY_ASSIGNED_CONTEXT ( ( #4080 ) ) GLOBAL_UNIT_ASSIGNED_CONTEXT ( ( #5429, #1582, #3536 ) ) REPRESENTATION_CONTEXT ( 'NONE', 'WORKASPACE' ) );
#1977 = SURFACE_STYLE_USAGE ( .BOTH. , #4410 ) ;
#1978 = CARTESIAN_POINT ( 'NONE',  ( -0.8108499225714141945, -4.900000000000002132, 2.206151175429825084 ) ) ;
#1979 = LINE ( 'NONE', #551, #3330 ) ;
#1980 = EDGE_LOOP ( 'NONE', ( #5070, #5946, #3389, #6081 ) ) ;
#1981 =( GEOMETRIC_REPRESENTATION_CONTEXT ( 3 ) GLOBAL_UNCERTAINTY_ASSIGNED_CONTEXT ( ( #841 ) ) GLOBAL_UNIT_ASSIGNED_CONTEXT ( ( #1092, #1128, #4501 ) ) REPRESENTATION_CONTEXT ( 'NONE', 'WORKASPACE' ) );
#1982 = UNCERTAINTY_MEASURE_WITH_UNIT (LENGTH_MEASURE( 1.000000000000000082E-05 ), #684, 'distance_accuracy_value', 'NONE');
#1983 = VECTOR ( 'NONE', #565, 1000.000000000000000 ) ;
#1984 = DIRECTION ( 'NONE',  ( 0.000000000000000000, 0.000000000000000000, -1.000000000000000000 ) ) ;
#1985 =( NAMED_UNIT ( * ) PLANE_ANGLE_UNIT ( ) SI_UNIT ( $, .RADIAN. ) );
#1986 = VERTEX_POINT ( 'NONE', #3196 ) ;
#1987 = FACE_OUTER_BOUND ( 'NONE', #4737, .T. ) ;
#1988 = LINE ( 'NONE', #5998, #5555 ) ;
#1989 = CARTESIAN_POINT ( 'NONE',  ( 0.6700000000000000400, -5.621938507872650703, 4.800000000000000711 ) ) ;
#1990 = DIRECTION ( 'NONE',  ( -1.314184451497581259E-16, -1.000000000000000000, 0.000000000000000000 ) ) ;
#1991 = CARTESIAN_POINT ( 'NONE',  ( -3.770000000000000906, -1.699999999999999956, 1.800000000000000488 ) ) ;
#1992 = CARTESIAN_POINT ( 'NONE',  ( -1.870000000000000107, -2.449999999999989519, 8.800000000000000711 ) ) ;
#1993 = VERTEX_POINT ( 'NONE', #238 ) ;
#1994 = ORIENTED_EDGE ( 'NONE', *, *, #6294, .F. ) ;
#1995 = FILL_AREA_STYLE ('',( #5006 ) ) ;
#1996 = LINE ( 'NONE', #5369, #4945 ) ;
#1997 = CARTESIAN_POINT ( 'NONE',  ( 1.144764679863603751, -4.950000000000001066, 4.313207378616532139 ) ) ;
#1998 = CARTESIAN_POINT ( 'NONE',  ( 1.489542253161768581, -4.899999999999999467, 4.257113797321605553 ) ) ;
#1999 = EDGE_LOOP ( 'NONE', ( #116, #2163, #2639, #58 ) ) ;
#2000 = ORIENTED_EDGE ( 'NONE', *, *, #2789, .F. ) ;
#2001 = SURFACE_STYLE_FILL_AREA ( #3504 ) ;
#2002 = CARTESIAN_POINT ( 'NONE',  ( 1.001605769230768939, -4.900000000000000355, 3.098487179487178889 ) ) ;
#2003 = DIRECTION ( 'NONE',  ( 0.000000000000000000, 0.000000000000000000, 1.000000000000000000 ) ) ;
#2004 = EDGE_CURVE ( 'NONE', #4188, #4674, #5156, .T. ) ;
#2005 = CARTESIAN_POINT ( 'NONE',  ( -0.8808678519622531455, -4.950000000000000178, 2.190147594842954515 ) ) ;
#2006 = CARTESIAN_POINT ( 'NONE',  ( 0.7944346251626887012, -4.899999999999999467, 3.970202567819044237 ) ) ;
#2007 = ORIENTED_EDGE ( 'NONE', *, *, #5624, .T. ) ;
#2008 = PRESENTATION_LAYER_ASSIGNMENT (  '', '', ( #5497 ) ) ;
#2009 = CARTESIAN_POINT ( 'NONE',  ( 0.01575849223964658624, -4.949999999999998401, 1.706807429145969612 ) ) ;
#2010 = AXIS2_PLACEMENT_3D ( 'NONE', #3279, #5213, #2252 ) ;
#2011 = EDGE_CURVE ( 'NONE', #2885, #3029, #2195, .T. ) ;
#2012 = CARTESIAN_POINT ( 'NONE',  ( 3.020000000000000462, -1.699999999999999956, 1.800000000000000488 ) ) ;
#2013 = STYLED_ITEM ( 'NONE', ( #2273 ), #6053 ) ;
#2014 = DIRECTION ( 'NONE',  ( -0.000000000000000000, -1.000000000000000000, -0.000000000000000000 ) ) ;
#2015 = ORIENTED_EDGE ( 'NONE', *, *, #5710, .F. ) ;
#2016 = CARTESIAN_POINT ( 'NONE',  ( -1.479476468983111248, -4.950000000000000178, 3.864762700940989504 ) ) ;
#2017 = CARTESIAN_POINT ( 'NONE',  ( 0.9699999999999993072, 3.709999999999999964, -3.850000000000000089 ) ) ;
#2018 = LINE ( 'NONE', #1365, #4123 ) ;
#2019 = FACE_OUTER_BOUND ( 'NONE', #5112, .T. ) ;
#2020 = LINE ( 'NONE', #776, #6002 ) ;
#2021 = ADVANCED_FACE ( 'NONE', ( #5605 ), #1221, .F. ) ;
#2022 = VECTOR ( 'NONE', #313, 1000.000000000000000 ) ;
#2023 = DIRECTION ( 'NONE',  ( 0.000000000000000000, 1.000000000000000000, 0.000000000000000000 ) ) ;
#2024 = ORIENTED_EDGE ( 'NONE', *, *, #6190, .F. ) ;
#2025 = CARTESIAN_POINT ( 'NONE',  ( 1.870000000000000551, -2.449999999999990408, 8.001000000000001222 ) ) ;
#2026 = VERTEX_POINT ( 'NONE', #4218 ) ;
#2027 = VECTOR ( 'NONE', #2925, 1000.000000000000000 ) ;
#2028 = SURFACE_STYLE_FILL_AREA ( #5426 ) ;
#2029 = CARTESIAN_POINT ( 'NONE',  ( -0.02030635405410828598, -4.900000000000001243, 1.087124791514010314 ) ) ;
#2030 = CARTESIAN_POINT ( 'NONE',  ( -0.7152239967526450304, -4.899999999999999467, 0.8541508385696097161 ) ) ;
#2031 = CARTESIAN_POINT ( 'NONE',  ( 1.668126946038181568, -4.950000000000000178, 3.918687546312419556 ) ) ;
#2032 = CARTESIAN_POINT ( 'NONE',  ( -1.368740829554302429, -4.900000000000001243, 1.332684172134450451 ) ) ;
#2033 = ORIENTED_EDGE ( 'NONE', *, *, #5021, .F. ) ;
#2034 = ORIENTED_EDGE ( 'NONE', *, *, #2153, .T. ) ;
#2035 = CARTESIAN_POINT ( 'NONE',  ( 1.489025641025640612, -4.900000000000000355, 3.930858974358974134 ) ) ;
#2036 = CARTESIAN_POINT ( 'NONE',  ( 1.488830760977827739, -4.900000000000001243, 3.938727065551497653 ) ) ;
#2037 = SURFACE_STYLE_FILL_AREA ( #2410 ) ;
#2038 = CARTESIAN_POINT ( 'NONE',  ( -1.373846153846154383, -4.900000000000000355, 1.429168269230769450 ) ) ;
#2039 = ORIENTED_EDGE ( 'NONE', *, *, #3423, .T. ) ;
#2040 = CARTESIAN_POINT ( 'NONE',  ( -1.161351405816942073, -4.899999999999998579, 1.362881392803755309 ) ) ;
#2041 = ADVANCED_FACE ( 'NONE', ( #4250 ), #4818, .T. ) ;
#2042 = CARTESIAN_POINT ( 'NONE',  ( -0.2558917288176915106, -4.900000000000000355, 1.826175808758482511 ) ) ;
#2043 =( LENGTH_UNIT ( ) NAMED_UNIT ( * ) SI_UNIT ( .MILLI., .METRE. ) );
#2044 = SURFACE_SIDE_STYLE ('',( #74 ) ) ;
#2045 = CARTESIAN_POINT ( 'NONE',  ( 3.270000000000000462, -1.700000000000000178, 8.800000000000000711 ) ) ;
#2046 = ORIENTED_EDGE ( 'NONE', *, *, #4710, .F. ) ;
#2047 = LINE ( 'NONE', #2452, #944 ) ;
#2048 = EDGE_CURVE ( 'NONE', #83, #4620, #4701, .T. ) ;
#2049 = DIRECTION ( 'NONE',  ( 0.000000000000000000, 0.000000000000000000, -1.000000000000000000 ) ) ;
#2050 = FILL_AREA_STYLE ('',( #5452 ) ) ;
#2051 = FACE_OUTER_BOUND ( 'NONE', #5591, .T. ) ;
#2052 = LINE ( 'NONE', #633, #3817 ) ;
#2053 = ORIENTED_EDGE ( 'NONE', *, *, #468, .F. ) ;
#2054 = CARTESIAN_POINT ( 'NONE',  ( -1.373846153846154383, -4.950000000000000178, 1.429168269230769450 ) ) ;
#2055 = VECTOR ( 'NONE', #5448, 1000.000000000000000 ) ;
#2056 = CARTESIAN_POINT ( 'NONE',  ( 0.02703248078412566133, -4.949999999999997513, 1.232484358727993445 ) ) ;
#2057 = FILL_AREA_STYLE_COLOUR ( '', #5293 ) ;
#2058 = CARTESIAN_POINT ( 'NONE',  ( -0.5207357245509121046, -4.950000000000001954, 0.6922667053988554864 ) ) ;
#2059 = CARTESIAN_POINT ( 'NONE',  ( 1.667764655841563526, -4.950000000000001066, 3.972465349045847471 ) ) ;
#2060 = CARTESIAN_POINT ( 'NONE',  ( 1.661324095651544042, -4.950000000000001066, 3.849487384989453087 ) ) ;
#2061 = CARTESIAN_POINT ( 'NONE',  ( -1.266593851760314138, -4.900000000000001243, 1.015235199362890750 ) ) ;
#2062 = EDGE_LOOP ( 'NONE', ( #6236, #6117, #2248, #922, #1052, #2491 ) ) ;
#2063 = COLOUR_RGB ( '',0.5450980392156862253, 0.000000000000000000, 0.000000000000000000 ) ;
#2064 = VERTEX_POINT ( 'NONE', #4760 ) ;
#2065 = PLANE ( 'NONE',  #496 ) ;
#2066 = CARTESIAN_POINT ( 'NONE',  ( 1.374780319567271203, -4.900000000000000355, 4.304051326330434080 ) ) ;
#2067 = COLOUR_RGB ( '',1.000000000000000000, 1.000000000000000000, 1.000000000000000000 ) ;
#2068 = PRESENTATION_STYLE_ASSIGNMENT (( #2963 ) ) ;
#2069 = CARTESIAN_POINT ( 'NONE',  ( -1.297449009266726128, -4.950000000000000178, 1.828965873934041086 ) ) ;
#2070 = CARTESIAN_POINT ( 'NONE',  ( -1.869999999999999885, -3.649999999999990141, 8.001000000000001222 ) ) ;
#2071 = CARTESIAN_POINT ( 'NONE',  ( -0.3197782382544028246, -4.949999999999999289, 1.907115355154449743 ) ) ;
#2072 = ORIENTED_EDGE ( 'NONE', *, *, #5260, .F. ) ;
#2073 = MECHANICAL_DESIGN_GEOMETRIC_PRESENTATION_REPRESENTATION (  '', ( #4935 ), #5146 ) ;
#2074 = VECTOR ( 'NONE', #3209, 1000.000000000000000 ) ;
#2075 = FILL_AREA_STYLE_COLOUR ( '', #4276 ) ;
#2076 = CARTESIAN_POINT ( 'NONE',  ( 0.8956852189486844695, -4.950000000000001066, 4.191496955803736491 ) ) ;
#2077 = VECTOR ( 'NONE', #851, 1000.000000000000000 ) ;
#2078 = LINE ( 'NONE', #6089, #6070 ) ;
#2079 = CARTESIAN_POINT ( 'NONE',  ( -0.6104034295841220814, -4.899999999999999467, 0.8541678627429052373 ) ) ;
#2080 = EDGE_CURVE ( 'NONE', #2117, #4900, #5217, .T. ) ;
#2081 =( NAMED_UNIT ( * ) SI_UNIT ( $, .STERADIAN. ) SOLID_ANGLE_UNIT ( ) );
#2082 = EDGE_LOOP ( 'NONE', ( #2418, #3210, #3568, #3089 ) ) ;
#2083 = CARTESIAN_POINT ( 'NONE',  ( 0.9365342703543061420, -4.899999999999998579, 3.283926546400197211 ) ) ;
#2084 = CARTESIAN_POINT ( 'NONE',  ( -0.8954195150221586630, -4.949999999999994849, 1.990204940854382931 ) ) ;
#2085 = CARTESIAN_POINT ( 'NONE',  ( 0.7890256410256406561, -4.950000000000000178, 3.924128205128205149 ) ) ;
#2086 = UNCERTAINTY_MEASURE_WITH_UNIT (LENGTH_MEASURE( 1.000000000000000082E-05 ), #1041, 'distance_accuracy_value', 'NONE');
#2087 = VECTOR ( 'NONE', #1729, 1000.000000000000000 ) ;
#2088 = EDGE_CURVE ( 'NONE', #6093, #579, #5796, .T. ) ;
#2089 = ORIENTED_EDGE ( 'NONE', *, *, #692, .T. ) ;
#2090 = CARTESIAN_POINT ( 'NONE',  ( 1.362066269056055212, -4.900000000000000355, 3.428727814107232597 ) ) ;
#2091 = DIRECTION ( 'NONE',  ( -0.000000000000000000, 0.000000000000000000, -1.000000000000000000 ) ) ;
#2092 = LINE ( 'NONE', #5876, #6226 ) ;
#2093 = CARTESIAN_POINT ( 'NONE',  ( -0.5671619700326705482, -4.949999999999997513, 0.6849298835978874234 ) ) ;
#2094 = CARTESIAN_POINT ( 'NONE',  ( -0.5671619700326705482, -4.949999999999998401, 0.6849298835978874234 ) ) ;
#2095 =( NAMED_UNIT ( * ) SI_UNIT ( $, .STERADIAN. ) SOLID_ANGLE_UNIT ( ) );
#2096 = CARTESIAN_POINT ( 'NONE',  ( -1.373846153846154383, -4.900000000000000355, 1.429168269230769450 ) ) ;
#2097 = ORIENTED_EDGE ( 'NONE', *, *, #4280, .T. ) ;
#2098 = ORIENTED_EDGE ( 'NONE', *, *, #580, .T. ) ;
#2099 = LINE ( 'NONE', #5325, #2984 ) ;
#2100 = LINE ( 'NONE', #3544, #4514 ) ;
#2101 = SURFACE_STYLE_USAGE ( .BOTH. , #38 ) ;
#2102 = EDGE_CURVE ( 'NONE', #5066, #2457, #6187, .T. ) ;
#2103 = CARTESIAN_POINT ( 'NONE',  ( -0.1623076923076927081, -4.950000000000000178, 1.448098557692307775 ) ) ;
#2104 = ORIENTED_EDGE ( 'NONE', *, *, #2547, .F. ) ;
#2105 = DIRECTION ( 'NONE',  ( -1.000000000000000000, 0.000000000000000000, -0.000000000000000000 ) ) ;
#2106 = DIRECTION ( 'NONE',  ( -0.000000000000000000, 1.000000000000000000, -0.000000000000000000 ) ) ;
#2107 = PRESENTATION_LAYER_ASSIGNMENT (  '', '', ( #177 ) ) ;
#2108 =( NAMED_UNIT ( * ) SI_UNIT ( $, .STERADIAN. ) SOLID_ANGLE_UNIT ( ) );
#2109 = CARTESIAN_POINT ( 'NONE',  ( -0.6602043269230772893, -4.900000000000000355, 2.045153846153846100 ) ) ;
#2110 = CARTESIAN_POINT ( 'NONE',  ( -0.5103631726968977933, -4.950000000000001066, 0.8739588624136336303 ) ) ;
#2111 = VERTEX_POINT ( 'NONE', #330 ) ;
#2112 = ORIENTED_EDGE ( 'NONE', *, *, #3452, .T. ) ;
#2113 = AXIS2_PLACEMENT_3D ( 'NONE', #2216, #1645, #4151 ) ;
#2114 = VECTOR ( 'NONE', #4502, 1000.000000000000114 ) ;
#2115 = DIRECTION ( 'NONE',  ( -0.000000000000000000, 1.000000000000000000, 0.000000000000000000 ) ) ;
#2116 =( GEOMETRIC_REPRESENTATION_CONTEXT ( 3 ) GLOBAL_UNCERTAINTY_ASSIGNED_CONTEXT ( ( #2447 ) ) GLOBAL_UNIT_ASSIGNED_CONTEXT ( ( #232, #1244, #1652 ) ) REPRESENTATION_CONTEXT ( 'NONE', 'WORKASPACE' ) );
#2117 = VERTEX_POINT ( 'NONE', #2800 ) ;
#2118 = CARTESIAN_POINT ( 'NONE',  ( 1.280091346153845677, -4.900000000000000355, 3.358182692307691841 ) ) ;
#2119 = SURFACE_SIDE_STYLE ('',( #2589 ) ) ;
#2120 = VECTOR ( 'NONE', #571, 1000.000000000000000 ) ;
#2121 = ADVANCED_FACE ( 'NONE', ( #2258 ), #2144, .T. ) ;
#2122 = LINE ( 'NONE', #5172, #2578 ) ;
#2123 = STYLED_ITEM ( 'NONE', ( #4963 ), #4170 ) ;
#2124 =( NAMED_UNIT ( * ) SI_UNIT ( $, .STERADIAN. ) SOLID_ANGLE_UNIT ( ) );
#2125 = LINE ( 'NONE', #4087, #5755 ) ;
#2126 = PLANE ( 'NONE',  #1707 ) ;
#2127 = CARTESIAN_POINT ( 'NONE',  ( -1.213895752620250734, -4.950000000000001954, 0.9364978877753319386 ) ) ;
#2128 = VECTOR ( 'NONE', #4877, 1000.000000000000000 ) ;
#2129 = ORIENTED_EDGE ( 'NONE', *, *, #499, .T. ) ;
#2130 = VERTEX_POINT ( 'NONE', #1800 ) ;
#2131 = CARTESIAN_POINT ( 'NONE',  ( -0.5207357245509121046, -4.900000000000002132, 0.6922667053988554864 ) ) ;
#2132 = EDGE_CURVE ( 'NONE', #2893, #3304, #6261, .T. ) ;
#2133 = CARTESIAN_POINT ( 'NONE',  ( -0.8140314180354011331, -4.950000000000000178, 0.8735218177870142098 ) ) ;
#2134 = DIRECTION ( 'NONE',  ( -0.000000000000000000, -1.000000000000000000, -0.000000000000000000 ) ) ;
#2135 = ORIENTED_EDGE ( 'NONE', *, *, #71, .T. ) ;
#2136 = SURFACE_SIDE_STYLE ('',( #4665 ) ) ;
#2137 = PRESENTATION_STYLE_ASSIGNMENT (( #205 ) ) ;
#2138 = DIRECTION ( 'NONE',  ( 0.000000000000000000, -1.000000000000000000, 0.000000000000000000 ) ) ;
#2139 = FACE_OUTER_BOUND ( 'NONE', #5875, .T. ) ;
#2140 = CARTESIAN_POINT ( 'NONE',  ( -0.9700000000000008615, -3.710000000000000853, -0.001000000000000132727 ) ) ;
#2141 = SURFACE_SIDE_STYLE ('',( #4578 ) ) ;
#2142 = ORIENTED_EDGE ( 'NONE', *, *, #3966, .F. ) ;
#2143 = CARTESIAN_POINT ( 'NONE',  ( -1.470000000000000639, 3.910000000000000142, -3.850000000000000089 ) ) ;
#2144 = B_SPLINE_SURFACE_WITH_KNOTS ( 'NONE', 3, 1, ( 
 ( #321, #672 ),
 ( #2594, #4556 ),
 ( #186, #4088 ),
 ( #222, #6234 ),
 ( #4237, #4844 ),
 ( #4364, #1774 ),
 ( #4266, #475 ),
 ( #3854, #1898 ),
 ( #5684, #6204 ),
 ( #3766, #3303 ),
 ( #3272, #2397 ),
 ( #3743, #2817 ),
 ( #2278, #5813 ),
 ( #411, #827 ),
 ( #4712, #1330 ),
 ( #5300, #6290 ),
 ( #1420, #345 ),
 ( #4300, #3363 ),
 ( #3826, #4806 ) ),
 .UNSPECIFIED., .F., .F., .F.,
 ( 4, 1, 1, 1, 1, 1, 1, 1, 1, 1, 1, 1, 1, 1, 1, 1, 4 ),
 ( 2, 2 ),
 ( 0.000000000000000000, 0.06176215676807148003, 0.1211739926536282708, 0.1794214068253162375, 0.2368434346502754639, 0.2943217954133968695, 0.3531909627945242214, 0.4127207064163240235, 0.4745221507037173381, 0.5370567441421355559, 0.5995913375805559387, 0.6623669793543054407, 0.7252456446794917078, 0.7903164461250807848, 0.8577243009540925778, 0.9272319523784923190, 1.000000000000000000 ),
 ( 0.000000000000000000, 1.000000000000000000 ),
 .UNSPECIFIED. ) ;
#2145 = EDGE_LOOP ( 'NONE', ( #4327, #3522, #449, #4058 ) ) ;
#2146 = CARTESIAN_POINT ( 'NONE',  ( -2.770000000000000906, 1.699999999999999956, 8.800000000000000711 ) ) ;
#2147 = CARTESIAN_POINT ( 'NONE',  ( -1.870000000000000107, -4.385469253936326695, 6.036469253936333601 ) ) ;
#2148 = DIRECTION ( 'NONE',  ( -1.000000000000000000, 0.000000000000000000, 0.000000000000000000 ) ) ;
#2149 = PRESENTATION_STYLE_ASSIGNMENT (( #3151 ) ) ;
#2150 = CARTESIAN_POINT ( 'NONE',  ( -0.8108499225714141945, -4.950000000000001954, 2.206151175429825084 ) ) ;
#2151 = SURFACE_SIDE_STYLE ('',( #3994 ) ) ;
#2152 = ORIENTED_EDGE ( 'NONE', *, *, #5230, .T. ) ;
#2153 = EDGE_CURVE ( 'NONE', #3902, #3217, #5719, .T. ) ;
#2154 = EDGE_LOOP ( 'NONE', ( #2201, #2562, #3136 ) ) ;
#2155 = CARTESIAN_POINT ( 'NONE',  ( 1.041215549577736210, -4.899999999999998579, 4.091079358784575071 ) ) ;
#2156 = CARTESIAN_POINT ( 'NONE',  ( 1.488448416922539375, -4.950000000000000178, 3.954163832566307768 ) ) ;
#2157 = CARTESIAN_POINT ( 'NONE',  ( -3.270000000000000462, -4.950000000000000178, 8.800000000000000711 ) ) ;
#2158 = CARTESIAN_POINT ( 'NONE',  ( -3.020000000000000906, 1.700000000000000178, 3.300000000000000266 ) ) ;
#2159 = PLANE ( 'NONE',  #3735 ) ;
#2160 = AXIS2_PLACEMENT_3D ( 'NONE', #3659, #1734, #5641 ) ;
#2161 = SURFACE_SIDE_STYLE ('',( #4001 ) ) ;
#2162 = CARTESIAN_POINT ( 'NONE',  ( -0.1624354135753516559, -4.900000000000000355, 1.462929136100723948 ) ) ;
#2163 = ORIENTED_EDGE ( 'NONE', *, *, #4379, .F. ) ;
#2164 = EDGE_CURVE ( 'NONE', #1111, #1689, #4778, .T. ) ;
#2165 = CARTESIAN_POINT ( 'NONE',  ( -1.390188939177322114, -4.949999999999997513, 3.920233926890903664 ) ) ;
#2166 =( GEOMETRIC_REPRESENTATION_CONTEXT ( 3 ) GLOBAL_UNCERTAINTY_ASSIGNED_CONTEXT ( ( #4288 ) ) GLOBAL_UNIT_ASSIGNED_CONTEXT ( ( #6033, #659, #1736 ) ) REPRESENTATION_CONTEXT ( 'NONE', 'WORKASPACE' ) );
#2167 = CARTESIAN_POINT ( 'NONE',  ( 1.181383793238048874, -4.900000000000000355, 3.276261520706435615 ) ) ;
#2168 = DIRECTION ( 'NONE',  ( 0.000000000000000000, 0.000000000000000000, -1.000000000000000000 ) ) ;
#2169 = CARTESIAN_POINT ( 'NONE',  ( 0.7908620498535415821, -4.950000000000000178, 3.939770951389158782 ) ) ;
#2170 = DIRECTION ( 'NONE',  ( 0.2609090251427715890, 0.000000000000000000, -0.9653633930282671249 ) ) ;
#2171 = LINE ( 'NONE', #5188, #558 ) ;
#2172 = STYLED_ITEM ( 'NONE', ( #976 ), #1849 ) ;
#2173 = VECTOR ( 'NONE', #2003, 1000.000000000000000 ) ;
#2174 = SURFACE_STYLE_FILL_AREA ( #4076 ) ;
#2175 = ORIENTED_EDGE ( 'NONE', *, *, #3405, .T. ) ;
#2176 = CARTESIAN_POINT ( 'NONE',  ( -0.4196399403579310072, -4.900000000000001243, 2.180195575879539938 ) ) ;
#2177 =( GEOMETRIC_REPRESENTATION_CONTEXT ( 3 ) GLOBAL_UNCERTAINTY_ASSIGNED_CONTEXT ( ( #3047 ) ) GLOBAL_UNIT_ASSIGNED_CONTEXT ( ( #149, #1142, #3075 ) ) REPRESENTATION_CONTEXT ( 'NONE', 'WORKASPACE' ) );
#2178 = DIRECTION ( 'NONE',  ( 0.000000000000000000, 0.000000000000000000, -1.000000000000000000 ) ) ;
#2179 = ORIENTED_EDGE ( 'NONE', *, *, #3110, .T. ) ;
#2180 = VECTOR ( 'NONE', #60, 1000.000000000000000 ) ;
#2181 = CARTESIAN_POINT ( 'NONE',  ( -1.470000000000000417, -3.910000000000001030, -3.850000000000000089 ) ) ;
#2182 = CARTESIAN_POINT ( 'NONE',  ( 1.569999999999999396, 3.910000000000000142, -0.001000000000000132727 ) ) ;
#2183 = CARTESIAN_POINT ( 'NONE',  ( 0.6700000000000001510, -3.149999999999984368, 4.801000000000000156 ) ) ;
#2184 = CARTESIAN_POINT ( 'NONE',  ( -3.270000000000000462, -4.950000000000000178, 8.800000000000000711 ) ) ;
#2185 = VERTEX_POINT ( 'NONE', #439 ) ;
#2186 = ORIENTED_EDGE ( 'NONE', *, *, #5164, .F. ) ;
#2187 = CARTESIAN_POINT ( 'NONE',  ( 1.112663461538461407, -4.900000000000000355, 3.442597756410255894 ) ) ;
#2188 = CARTESIAN_POINT ( 'NONE',  ( 1.359369192341558508, -4.949999999999999289, 4.132349026382483359 ) ) ;
#2189 = DIRECTION ( 'NONE',  ( 0.000000000000000000, -1.000000000000000000, 0.000000000000000000 ) ) ;
#2190 = PRESENTATION_STYLE_ASSIGNMENT (( #5245 ) ) ;
#2191 = CARTESIAN_POINT ( 'NONE',  ( -0.3444451644323492379, -4.949999999999999289, 1.930445557770569698 ) ) ;
#2192 = ORIENTED_EDGE ( 'NONE', *, *, #1617, .F. ) ;
#2193 = DIRECTION ( 'NONE',  ( 0.000000000000000000, 1.000000000000000000, 0.000000000000000000 ) ) ;
#2194 = CARTESIAN_POINT ( 'NONE',  ( 1.280091346153845677, -4.900000000000000355, 3.358182692307691841 ) ) ;
#2195 = LINE ( 'NONE', #303, #4121 ) ;
#2196 = CARTESIAN_POINT ( 'NONE',  ( -0.1767999222272243487, -4.949999999999999289, 1.616612929034543455 ) ) ;
#2197 = EDGE_CURVE ( 'NONE', #3902, #4002, #2787, .T. ) ;
#2198 = DIRECTION ( 'NONE',  ( -1.000000000000000000, 0.000000000000000000, 0.000000000000000000 ) ) ;
#2199 = CARTESIAN_POINT ( 'NONE',  ( 0.9868279170552789470, -4.950000000000001066, 4.011235395070566589 ) ) ;
#2200 = DIRECTION ( 'NONE',  ( -0.000000000000000000, -0.000000000000000000, -1.000000000000000000 ) ) ;
#2201 = ORIENTED_EDGE ( 'NONE', *, *, #3328, .T. ) ;
#2202 = CARTESIAN_POINT ( 'NONE',  ( -0.8954195150221586630, -4.899999999999999467, 1.990204940854382931 ) ) ;
#2203 = EDGE_CURVE ( 'NONE', #587, #161, #1869, .T. ) ;
#2204 = CARTESIAN_POINT ( 'NONE',  ( 1.112663461538461407, -4.900000000000000355, 3.442597756410255894 ) ) ;
#2205 = ORIENTED_EDGE ( 'NONE', *, *, #6285, .F. ) ;
#2206 =( NAMED_UNIT ( * ) SI_UNIT ( $, .STERADIAN. ) SOLID_ANGLE_UNIT ( ) );
#2207 =( GEOMETRIC_REPRESENTATION_CONTEXT ( 3 ) GLOBAL_UNCERTAINTY_ASSIGNED_CONTEXT ( ( #5892 ) ) GLOBAL_UNIT_ASSIGNED_CONTEXT ( ( #4957, #6275, #3439 ) ) REPRESENTATION_CONTEXT ( 'NONE', 'WORKASPACE' ) );
#2208 = FILL_AREA_STYLE ('',( #252 ) ) ;
#2209 = DIRECTION ( 'NONE',  ( -0.000000000000000000, 1.000000000000000000, 0.000000000000000000 ) ) ;
#2210 = UNCERTAINTY_MEASURE_WITH_UNIT (LENGTH_MEASURE( 1.000000000000000082E-05 ), #2888, 'distance_accuracy_value', 'NONE');
#2211 = VECTOR ( 'NONE', #6040, 1000.000000000000000 ) ;
#2212 = FILL_AREA_STYLE_COLOUR ( '', #51 ) ;
#2213 = EDGE_CURVE ( 'NONE', #5366, #5774, #4747, .T. ) ;
#2214 =( NAMED_UNIT ( * ) SI_UNIT ( $, .STERADIAN. ) SOLID_ANGLE_UNIT ( ) );
#2215 = CARTESIAN_POINT ( 'NONE',  ( 0.04412272862817897406, -4.900000000000000355, 1.336745568844278420 ) ) ;
#2216 = CARTESIAN_POINT ( 'NONE',  ( 0.000000000000000000, 0.000000000000000000, 0.000000000000000000 ) ) ;
#2217 = ORIENTED_EDGE ( 'NONE', *, *, #5269, .F. ) ;
#2218 = VECTOR ( 'NONE', #1896, 1000.000000000000000 ) ;
#2219 = ORIENTED_EDGE ( 'NONE', *, *, #418, .F. ) ;
#2220 = STYLED_ITEM ( 'NONE', ( #2221 ), #771 ) ;
#2221 = PRESENTATION_STYLE_ASSIGNMENT (( #5114 ) ) ;
#2222 = AXIS2_PLACEMENT_3D ( 'NONE', #2373, #4434, #985 ) ;
#2223 = FACE_OUTER_BOUND ( 'NONE', #1616, .T. ) ;
#2224 = FACE_OUTER_BOUND ( 'NONE', #208, .T. ) ;
#2225 = AXIS2_PLACEMENT_3D ( 'NONE', #3066, #2573, #3194 ) ;
#2226 = ORIENTED_EDGE ( 'NONE', *, *, #997, .T. ) ;
#2227 =( LENGTH_UNIT ( ) NAMED_UNIT ( * ) SI_UNIT ( .MILLI., .METRE. ) );
#2228 = PRESENTATION_STYLE_ASSIGNMENT (( #3346 ) ) ;
#2229 = SURFACE_STYLE_FILL_AREA ( #2673 ) ;
#2230 = CARTESIAN_POINT ( 'NONE',  ( -0.3709889179873260834, -4.950000000000000178, 1.951816555120263530 ) ) ;
#2231 = PRESENTATION_STYLE_ASSIGNMENT (( #4669 ) ) ;
#2232 = CARTESIAN_POINT ( 'NONE',  ( -1.470000000000000417, -3.710000000000000853, -3.850000000000000089 ) ) ;
#2233 = CARTESIAN_POINT ( 'NONE',  ( 1.125819520331037937, -4.949999999999998401, 4.141315164911877567 ) ) ;
#2234 = CARTESIAN_POINT ( 'NONE',  ( -1.154001436049515883, -4.950000000000000178, 1.579932539369864886 ) ) ;
#2235 = LINE ( 'NONE', #4194, #5552 ) ;
#2236 = ORIENTED_EDGE ( 'NONE', *, *, #5501, .T. ) ;
#2237 = ADVANCED_FACE ( 'NONE', ( #5327 ), #942, .F. ) ;
#2238 = CARTESIAN_POINT ( 'NONE',  ( -1.162307692307692708, -4.949999999999995737, 1.426764423076923416 ) ) ;
#2239 = DIRECTION ( 'NONE',  ( -0.000000000000000000, -0.000000000000000000, 1.000000000000000000 ) ) ;
#2240 = ORIENTED_EDGE ( 'NONE', *, *, #769, .T. ) ;
#2241 = EDGE_CURVE ( 'NONE', #3828, #477, #2914, .T. ) ;
#2242 = CARTESIAN_POINT ( 'NONE',  ( 1.181383793238048874, -4.950000000000000178, 3.276261520706435615 ) ) ;
#2243 = CARTESIAN_POINT ( 'NONE',  ( -0.5103631726968977933, -4.950000000000000178, 0.8739588624136336303 ) ) ;
#2244 = SURFACE_STYLE_USAGE ( .BOTH. , #1125 ) ;
#2245 = FACE_OUTER_BOUND ( 'NONE', #1086, .T. ) ;
#2246 = DIRECTION ( 'NONE',  ( -1.000000000000000000, 0.000000000000000000, -0.000000000000000000 ) ) ;
#2247 = SURFACE_SIDE_STYLE ('',( #3825 ) ) ;
#2248 = ORIENTED_EDGE ( 'NONE', *, *, #1673, .F. ) ;
#2249 = EDGE_LOOP ( 'NONE', ( #5403, #1190, #2305, #2175, #3410, #4159, #5301, #1323 ) ) ;
#2250 = FILL_AREA_STYLE ('',( #3221 ) ) ;
#2251 = CARTESIAN_POINT ( 'NONE',  ( -1.604615384615384999, -4.900000000000000355, 3.803535256410256249 ) ) ;
#2252 = DIRECTION ( 'NONE',  ( -1.000000000000000000, 0.000000000000000000, 0.000000000000000000 ) ) ;
#2253 = EDGE_LOOP ( 'NONE', ( #4407, #3607, #1633, #1703 ) ) ;
#2254 = CARTESIAN_POINT ( 'NONE',  ( 1.298867306862278470, -4.900000000000001243, 3.608345045215863856 ) ) ;
#2255 = B_SPLINE_CURVE_WITH_KNOTS ( 'NONE', 3,
 ( #933, #6307, #2006, #1405, #2416, #462, #3873, #3409, #4921, #4859, #522, #3376, #5824, #5411, #489, #1947, #5855, #1526, #1468 ),
 .UNSPECIFIED., .F., .F.,
 ( 4, 1, 1, 1, 1, 1, 1, 1, 1, 1, 1, 1, 1, 1, 1, 1, 4 ),
 ( 0.000000000000000000, 0.07067529020333021550, 0.1374926938441242419, 0.2014728253723049034, 0.2628693217722893327, 0.3225500865261555772, 0.3807372513385549606, 0.4382197368560121764, 0.4954874370602855849, 0.5534836796953473970, 0.6113462062294290345, 0.6706437388141555100, 0.7315869484227135455, 0.7941831937999381807, 0.8594451119347497059, 0.9282076353998099938, 1.000000000000000000 ),
 .UNSPECIFIED. ) ;
#2256 =( NAMED_UNIT ( * ) SI_UNIT ( $, .STERADIAN. ) SOLID_ANGLE_UNIT ( ) );
#2257 = FILL_AREA_STYLE_COLOUR ( '', #4168 ) ;
#2258 = FACE_OUTER_BOUND ( 'NONE', #5642, .T. ) ;
#2259 = CARTESIAN_POINT ( 'NONE',  ( -0.6108399411155470693, -4.900000000000001243, 2.217347786282604982 ) ) ;
#2260 = CARTESIAN_POINT ( 'NONE',  ( 1.221057692307691900, -4.900000000000000355, 0.6990000000000001767 ) ) ;
#2261 = SURFACE_SIDE_STYLE ('',( #3691 ) ) ;
#2262 = CARTESIAN_POINT ( 'NONE',  ( -0.1623076923076927081, -4.900000000000000355, 1.448098557692307775 ) ) ;
#2263 = VECTOR ( 'NONE', #6169, 1000.000000000000000 ) ;
#2264 = CARTESIAN_POINT ( 'NONE',  ( 1.177202005295171716, -4.899999999999998579, 4.153616862752056882 ) ) ;
#2265 = DIRECTION ( 'NONE',  ( -0.000000000000000000, -0.000000000000000000, 1.000000000000000000 ) ) ;
#2266 = AXIS2_PLACEMENT_3D ( 'NONE', #5095, #6123, #1287 ) ;
#2267 = CARTESIAN_POINT ( 'NONE',  ( -1.570000000000000950, 3.910000000000000142, -3.479999999999994209 ) ) ;
#2268 = COLOUR_RGB ( '',1.000000000000000000, 1.000000000000000000, 1.000000000000000000 ) ;
#2269 = VECTOR ( 'NONE', #2365, 1000.000000000000000 ) ;
#2270 = SURFACE_STYLE_FILL_AREA ( #3268 ) ;
#2271 = VECTOR ( 'NONE', #4892, 1000.000000000000000 ) ;
#2272 = FACE_OUTER_BOUND ( 'NONE', #2856, .T. ) ;
#2273 = PRESENTATION_STYLE_ASSIGNMENT (( #1299 ) ) ;
#2274 = CARTESIAN_POINT ( 'NONE',  ( 1.259086324561462078, -4.950000000000001954, 3.570506907240221128 ) ) ;
#2275 = EDGE_CURVE ( 'NONE', #1747, #5890, #3947, .T. ) ;
#2276 = AXIS2_PLACEMENT_3D ( 'NONE', #1875, #2341, #4306 ) ;
#2277 = EDGE_CURVE ( 'NONE', #2858, #3950, #2052, .T. ) ;
#2278 = CARTESIAN_POINT ( 'NONE',  ( 1.359369192341558508, -4.899999999999999467, 4.132349026382483359 ) ) ;
#2279 = VERTEX_POINT ( 'NONE', #3424 ) ;
#2280 = EDGE_LOOP ( 'NONE', ( #1674, #1558, #2034, #5749 ) ) ;
#2281 = CARTESIAN_POINT ( 'NONE',  ( 0.9685128205128203938, -4.900000000000000355, 3.906179487179486820 ) ) ;
#2282 = AXIS2_PLACEMENT_3D ( 'NONE', #4203, #4742, #2361 ) ;
#2283 = CARTESIAN_POINT ( 'NONE',  ( -0.6623076923076925970, -4.900000000000000355, 0.6797692307692310143 ) ) ;
#2284 = ADVANCED_FACE ( 'NONE', ( #567 ), #4452, .T. ) ;
#2285 = DIRECTION ( 'NONE',  ( -1.000000000000000000, 0.000000000000000000, -0.000000000000000000 ) ) ;
#2286 = ORIENTED_EDGE ( 'NONE', *, *, #5989, .T. ) ;
#2287 = CARTESIAN_POINT ( 'NONE',  ( 1.165364409702314141, -4.900000000000003020, 3.486955288938125896 ) ) ;
#2288 = CARTESIAN_POINT ( 'NONE',  ( 1.444615384615384412, -4.900000000000000355, 0.6990000000000001767 ) ) ;
#2289 = CARTESIAN_POINT ( 'NONE',  ( -0.2496393513217479709, -4.900000000000002132, 2.094485036526637867 ) ) ;
#2290 = FACE_OUTER_BOUND ( 'NONE', #2249, .T. ) ;
#2291 = EDGE_CURVE ( 'NONE', #2737, #4002, #5456, .T. ) ;
#2292 = CARTESIAN_POINT ( 'NONE',  ( 0.9727285291870937378, -4.949999999999999289, 3.961671791640577478 ) ) ;
#2293 = CARTESIAN_POINT ( 'NONE',  ( 1.569999999999999396, -3.910000000000001030, -0.001000000000000132727 ) ) ;
#2294 = UNCERTAINTY_MEASURE_WITH_UNIT (LENGTH_MEASURE( 1.000000000000000082E-05 ), #373, 'distance_accuracy_value', 'NONE');
#2295 = CARTESIAN_POINT ( 'NONE',  ( 1.233817307692307352, -4.950000000000000178, 4.157461538461538098 ) ) ;
#2296 = SURFACE_STYLE_FILL_AREA ( #1887 ) ;
#2297 = DIRECTION ( 'NONE',  ( -1.067636913544216258E-16, 0.7808688094430308313, 0.6246950475544235104 ) ) ;
#2298 = ORIENTED_EDGE ( 'NONE', *, *, #5110, .T. ) ;
#2299 = CARTESIAN_POINT ( 'NONE',  ( 1.045220775095225152, -4.900000000000001243, 3.387736797112750775 ) ) ;
#2300 = FACE_OUTER_BOUND ( 'NONE', #972, .T. ) ;
#2301 = DIRECTION ( 'NONE',  ( -0.000000000000000000, 0.000000000000000000, 1.000000000000000000 ) ) ;
#2302 = CARTESIAN_POINT ( 'NONE',  ( 1.478691301326999108, -4.949999999999999289, 3.858074591018544552 ) ) ;
#2303 = CARTESIAN_POINT ( 'NONE',  ( 1.569999999999999396, -3.710000000000000853, -3.479999999999997762 ) ) ;
#2304 = VERTEX_POINT ( 'NONE', #3528 ) ;
#2305 = ORIENTED_EDGE ( 'NONE', *, *, #4092, .F. ) ;
#2306 = ADVANCED_FACE ( 'NONE', ( #5485 ), #2554, .F. ) ;
#2307 = DIRECTION ( 'NONE',  ( -0.000000000000000000, -1.000000000000000000, -0.000000000000000000 ) ) ;
#2308 = PRESENTATION_STYLE_ASSIGNMENT (( #3254 ) ) ;
#2309 = CARTESIAN_POINT ( 'NONE',  ( -0.9075517825929719784, -4.900000000000000355, 0.7188617585499482709 ) ) ;
#2310 = CARTESIAN_POINT ( 'NONE',  ( 1.253932558929481189, -4.900000000000000355, 4.318722782262399917 ) ) ;
#2311 = VECTOR ( 'NONE', #2134, 1000.000000000000000 ) ;
#2312 = CARTESIAN_POINT ( 'NONE',  ( 0.7710581827498508289, -4.900000000000000355, 2.929667427671659663 ) ) ;
#2313 = VECTOR ( 'NONE', #538, 1000.000000000000000 ) ;
#2314 = ORIENTED_EDGE ( 'NONE', *, *, #2758, .F. ) ;
#2315 = CIRCLE ( 'NONE', #2511, 0.5000000000000004441 ) ;
#2316 = LINE ( 'NONE', #6300, #947 ) ;
#2317 = ADVANCED_FACE ( 'NONE', ( #6210 ), #4245, .F. ) ;
#2318 = MECHANICAL_DESIGN_GEOMETRIC_PRESENTATION_REPRESENTATION (  '', ( #4682 ), #4466 ) ;
#2319 = PLANE ( 'NONE',  #5285 ) ;
#2320 = CARTESIAN_POINT ( 'NONE',  ( -0.1702838143718245212, -4.949999999999999289, 1.576452033225398619 ) ) ;
#2321 = VECTOR ( 'NONE', #2239, 1000.000000000000000 ) ;
#2322 = CARTESIAN_POINT ( 'NONE',  ( -1.038087001095573170, -4.950000000000000178, 0.7804983013033462980 ) ) ;
#2323 = CARTESIAN_POINT ( 'NONE',  ( -0.1633730766634506060, -4.950000000000000178, 1.380142193239525916 ) ) ;
#2324 = B_SPLINE_CURVE_WITH_KNOTS ( 'NONE', 3,
 ( #3081, #1611, #1178, #4554, #4086, #4489, #2592, #6038, #5041, #1543, #3642, #5941, #1209, #3116, #5076 ),
 .UNSPECIFIED., .F., .F.,
 ( 4, 1, 1, 1, 1, 1, 1, 1, 1, 1, 1, 1, 4 ),
 ( 0.000000000000000000, 0.1003881431397110058, 0.2044067930373086317, 0.3106860830942073659, 0.4221572938828003774, 0.4806854607703741622, 0.5432381544526690975, 0.6094995045645648091, 0.6795546087742241337, 0.7538412220511753192, 0.8316406764893856662, 0.9138127068095902583, 1.000000000000000000 ),
 .UNSPECIFIED. ) ;
#2325 = PRODUCT_RELATED_PRODUCT_CATEGORY ( 'part', '', ( #3682 ) ) ;
#2326 =( LENGTH_UNIT ( ) NAMED_UNIT ( * ) SI_UNIT ( .MILLI., .METRE. ) );
#2327 =( NAMED_UNIT ( * ) PLANE_ANGLE_UNIT ( ) SI_UNIT ( $, .RADIAN. ) );
#2328 = EDGE_LOOP ( 'NONE', ( #5664, #613, #1871, #3895 ) ) ;
#2329 = UNCERTAINTY_MEASURE_WITH_UNIT (LENGTH_MEASURE( 1.000000000000000082E-05 ), #138, 'distance_accuracy_value', 'NONE');
#2330 = CARTESIAN_POINT ( 'NONE',  ( 0.9866117268255225614, -4.950000000000001066, 3.334397727813751544 ) ) ;
#2331 = DIRECTION ( 'NONE',  ( 0.000000000000000000, 1.000000000000000000, 0.000000000000000000 ) ) ;
#2332 = CARTESIAN_POINT ( 'NONE',  ( 1.489025641025640612, -4.950000000000000178, 3.930858974358974134 ) ) ;
#2333 = PRESENTATION_STYLE_ASSIGNMENT (( #2976 ) ) ;
#2334 = CARTESIAN_POINT ( 'NONE',  ( 0.04923076923076885603, -4.900000000000000355, 1.446596153846154253 ) ) ;
#2335 = DIRECTION ( 'NONE',  ( 1.000000000000000000, -0.000000000000000000, -0.000000000000000000 ) ) ;
#2336 = ORIENTED_EDGE ( 'NONE', *, *, #5067, .T. ) ;
#2337 = VERTEX_POINT ( 'NONE', #5211 ) ;
#2338 = CARTESIAN_POINT ( 'NONE',  ( 1.130677409758687579, -4.900000000000001243, 3.457759804190681407 ) ) ;
#2339 = CARTESIAN_POINT ( 'NONE',  ( 1.280091346153845677, -4.900000000000000355, 3.358182692307691841 ) ) ;
#2340 = CARTESIAN_POINT ( 'NONE',  ( -0.7136952136968969240, -4.900000000000000355, 0.6805295155153724407 ) ) ;
#2341 = DIRECTION ( 'NONE',  ( 0.000000000000000000, -1.000000000000000000, 0.000000000000000000 ) ) ;
#2342 = ADVANCED_FACE ( 'NONE', ( #1395 ), #4275, .F. ) ;
#2343 = CARTESIAN_POINT ( 'NONE',  ( 1.870000000000000107, -4.950000000000000178, 6.799999999999995381 ) ) ;
#2344 = ORIENTED_EDGE ( 'NONE', *, *, #2682, .T. ) ;
#2345 = VERTEX_POINT ( 'NONE', #6267 ) ;
#2346 = CARTESIAN_POINT ( 'NONE',  ( -1.297449009266726128, -4.900000000000000355, 1.828965873934041086 ) ) ;
#2347 = SURFACE_SIDE_STYLE ('',( #3804 ) ) ;
#2348 = EDGE_CURVE ( 'NONE', #3926, #126, #6179, .T. ) ;
#2349 = CARTESIAN_POINT ( 'NONE',  ( -0.9075517825929719784, -4.950000000000000178, 0.7188617585499482709 ) ) ;
#2350 = EDGE_CURVE ( 'NONE', #5814, #5469, #4851, .T. ) ;
#2351 = CARTESIAN_POINT ( 'NONE',  ( 1.667354345529461268, -4.900000000000001243, 3.890948731912751590 ) ) ;
#2352 = CARTESIAN_POINT ( 'NONE',  ( -1.142894682782809923, -4.949999999999999289, 1.648624152813544352 ) ) ;
#2353 = CARTESIAN_POINT ( 'NONE',  ( 1.150773880177669239, -4.900000000000002132, 4.148752444356901492 ) ) ;
#2354 = UNCERTAINTY_MEASURE_WITH_UNIT (LENGTH_MEASURE( 1.000000000000000082E-05 ), #1394, 'distance_accuracy_value', 'NONE');
#2355 = CARTESIAN_POINT ( 'NONE',  ( -1.142894682782809923, -4.949999999999994849, 1.648624152813544352 ) ) ;
#2356 = ORIENTED_EDGE ( 'NONE', *, *, #3888, .F. ) ;
#2357 = FILL_AREA_STYLE_COLOUR ( '', #5447 ) ;
#2358 = CARTESIAN_POINT ( 'NONE',  ( 1.078031910144480632, -4.950000000000001954, 3.415137593673937211 ) ) ;
#2359 = DIRECTION ( 'NONE',  ( -0.000000000000000000, -0.000000000000000000, 1.000000000000000000 ) ) ;
#2360 = VECTOR ( 'NONE', #2912, 1000.000000000000000 ) ;
#2361 = DIRECTION ( 'NONE',  ( 1.000000000000000000, 0.000000000000000000, 0.000000000000000000 ) ) ;
#2362 = CARTESIAN_POINT ( 'NONE',  ( 1.280091346153845677, -4.950000000000000178, 3.358182692307691841 ) ) ;
#2363 = CARTESIAN_POINT ( 'NONE',  ( -0.09193787157320605641, -4.900000000000001243, 0.9578850766519285687 ) ) ;
#2364 = EDGE_CURVE ( 'NONE', #1599, #4337, #1842, .T. ) ;
#2365 = DIRECTION ( 'NONE',  ( -0.000000000000000000, -0.000000000000000000, 1.000000000000000000 ) ) ;
#2366 = ORIENTED_EDGE ( 'NONE', *, *, #5659, .T. ) ;
#2367 = FACE_OUTER_BOUND ( 'NONE', #3982, .T. ) ;
#2368 = CARTESIAN_POINT ( 'NONE',  ( 0.7746249158164595361, -4.949999999999999289, 2.982466546866012536 ) ) ;
#2369 = PRESENTATION_LAYER_ASSIGNMENT (  '', '', ( #4130 ) ) ;
#2370 = CARTESIAN_POINT ( 'NONE',  ( -1.362817751738208738, -4.950000000000000178, 1.603163987651380573 ) ) ;
#2371 = VECTOR ( 'NONE', #5615, 1000.000000000000000 ) ;
#2372 = CARTESIAN_POINT ( 'NONE',  ( 1.870000000000000107, -2.449999999999990408, 4.800000000000000711 ) ) ;
#2373 = CARTESIAN_POINT ( 'NONE',  ( -1.102051282051282666, -4.900000000000000355, 2.918999999999999595 ) ) ;
#2374 = ORIENTED_EDGE ( 'NONE', *, *, #3662, .T. ) ;
#2375 = ORIENTED_EDGE ( 'NONE', *, *, #4092, .T. ) ;
#2376 = CARTESIAN_POINT ( 'NONE',  ( -0.9370121947285252606, -4.900000000000002132, 1.965301201564062739 ) ) ;
#2377 = STYLED_ITEM ( 'NONE', ( #2308 ), #2906 ) ;
#2378 = CARTESIAN_POINT ( 'NONE',  ( -0.4636988061043291753, -4.900000000000000355, 0.8905561488572149020 ) ) ;
#2379 = SURFACE_SIDE_STYLE ('',( #422 ) ) ;
#2380 = FILL_AREA_STYLE ('',( #1403 ) ) ;
#2381 = B_SPLINE_CURVE_WITH_KNOTS ( 'NONE', 3,
 ( #5410, #69, #3968, #5924, #4956, #5472, #619, #5086, #3224, #198, #5118 ),
 .UNSPECIFIED., .F., .F.,
 ( 4, 1, 1, 1, 1, 1, 1, 1, 4 ),
 ( 0.000000000000000000, 0.1116703001015859759, 0.2320944808560173322, 0.3627434591045533008, 0.5025575097108855305, 0.6415251033312813211, 0.7710984952996683406, 0.8901617573732526489, 1.000000000000000000 ),
 .UNSPECIFIED. ) ;
#2382 =( LENGTH_UNIT ( ) NAMED_UNIT ( * ) SI_UNIT ( .MILLI., .METRE. ) );
#2383 = AXIS2_PLACEMENT_3D ( 'NONE', #595, #1009, #112 ) ;
#2384 = CARTESIAN_POINT ( 'NONE',  ( 1.651006270781631091, -4.949999999999998401, 3.808475985912895823 ) ) ;
#2385 = FILL_AREA_STYLE_COLOUR ( '', #1500 ) ;
#2386 = EDGE_LOOP ( 'NONE', ( #285, #5141, #1533, #2908 ) ) ;
#2387 = CARTESIAN_POINT ( 'NONE',  ( 0.9868279170552789470, -4.900000000000001243, 4.011235395070566589 ) ) ;
#2388 = ADVANCED_FACE ( 'NONE', ( #4213 ), #226, .T. ) ;
#2389 = SURFACE_STYLE_USAGE ( .BOTH. , #2937 ) ;
#2390 = ORIENTED_EDGE ( 'NONE', *, *, #2985, .F. ) ;
#2391 = CARTESIAN_POINT ( 'NONE',  ( 0.9365342703543061420, -4.949999999999999289, 3.283926546400197211 ) ) ;
#2392 = EDGE_CURVE ( 'NONE', #2796, #3273, #31, .T. ) ;
#2393 = CARTESIAN_POINT ( 'NONE',  ( 1.253932558929481189, -4.950000000000000178, 4.318722782262399917 ) ) ;
#2394 = CARTESIAN_POINT ( 'NONE',  ( -3.269999999999999574, 4.950000000000000178, -0.001000000000000024307 ) ) ;
#2395 = SURFACE_STYLE_USAGE ( .BOTH. , #1445 ) ;
#2396 = LINE ( 'NONE', #534, #4465 ) ;
#2397 = CARTESIAN_POINT ( 'NONE',  ( 1.400460008758380059, -4.949999999999997513, 4.107712855179523892 ) ) ;
#2398 = VERTEX_POINT ( 'NONE', #3396 ) ;
#2399 = PLANE ( 'NONE',  #4890 ) ;
#2400 = CARTESIAN_POINT ( 'NONE',  ( 1.412634181585046944, -4.900000000000001243, 3.732408703635755387 ) ) ;
#2401 = ADVANCED_FACE ( 'NONE', ( #3017 ), #608, .F. ) ;
#2402 = MECHANICAL_DESIGN_GEOMETRIC_PRESENTATION_REPRESENTATION (  '', ( #4375 ), #5195 ) ;
#2403 = CARTESIAN_POINT ( 'NONE',  ( -0.9844344884948730279, -4.900000000000000355, 0.9700134349902422848 ) ) ;
#2404 =( NAMED_UNIT ( * ) SI_UNIT ( $, .STERADIAN. ) SOLID_ANGLE_UNIT ( ) );
#2405 = ORIENTED_EDGE ( 'NONE', *, *, #1172, .F. ) ;
#2406 = ORIENTED_EDGE ( 'NONE', *, *, #2978, .T. ) ;
#2407 = LINE ( 'NONE', #4437, #3190 ) ;
#2408 =( GEOMETRIC_REPRESENTATION_CONTEXT ( 3 ) GLOBAL_UNCERTAINTY_ASSIGNED_CONTEXT ( ( #4415 ) ) GLOBAL_UNIT_ASSIGNED_CONTEXT ( ( #1591, #2604, #3161 ) ) REPRESENTATION_CONTEXT ( 'NONE', 'WORKASPACE' ) );
#2409 = CARTESIAN_POINT ( 'NONE',  ( -0.3781063701350367845, -4.900000000000000355, 0.9392661059114010280 ) ) ;
#2410 = FILL_AREA_STYLE ('',( #3931 ) ) ;
#2411 = CARTESIAN_POINT ( 'NONE',  ( -0.08530818522874836218, -4.900000000000000355, 1.928679775062734025 ) ) ;
#2412 = CARTESIAN_POINT ( 'NONE',  ( -1.564344504434660665, -4.900000000000000355, 3.820100432631314380 ) ) ;
#2413 = FILL_AREA_STYLE ('',( #4857 ) ) ;
#2414 = VECTOR ( 'NONE', #4687, 1000.000000000000000 ) ;
#2415 = CARTESIAN_POINT ( 'NONE',  ( -0.9524953856214767312, -4.950000000000001066, 0.7363992990259604632 ) ) ;
#2416 = CARTESIAN_POINT ( 'NONE',  ( 0.8158265295311238896, -4.900000000000002132, 4.055280087984814763 ) ) ;
#2417 = COLOUR_RGB ( '',1.000000000000000000, 0.8705882352941176627, 0.5254901960784313930 ) ;
#2418 = ORIENTED_EDGE ( 'NONE', *, *, #1380, .F. ) ;
#2419 = AXIS2_PLACEMENT_3D ( 'NONE', #1730, #5525, #4047 ) ;
#2420 = COLOUR_RGB ( '',1.000000000000000000, 0.8705882352941176627, 0.5254901960784313930 ) ;
#2421 = CARTESIAN_POINT ( 'NONE',  ( 0.9688450442904026350, -4.900000000000000355, 3.915722497707351035 ) ) ;
#2422 = UNCERTAINTY_MEASURE_WITH_UNIT (LENGTH_MEASURE( 1.000000000000000082E-05 ), #5571, 'distance_accuracy_value', 'NONE');
#2423 = MECHANICAL_DESIGN_GEOMETRIC_PRESENTATION_REPRESENTATION (  '', ( #6327 ), #5614 ) ;
#2424 = CARTESIAN_POINT ( 'NONE',  ( -1.470000000000000639, 0.000000000000000000, -3.850000000000000089 ) ) ;
#2425 = EDGE_CURVE ( 'NONE', #4577, #1173, #5371, .T. ) ;
#2426 = FILL_AREA_STYLE ('',( #4964 ) ) ;
#2427 = ORIENTED_EDGE ( 'NONE', *, *, #3240, .F. ) ;
#2428 = SURFACE_SIDE_STYLE ('',( #4867 ) ) ;
#2429 = CARTESIAN_POINT ( 'NONE',  ( 1.640396510466052726, -4.950000000000000178, 4.083939115383251384 ) ) ;
#2430 = CARTESIAN_POINT ( 'NONE',  ( -1.102051282051282666, -4.900000000000000355, 4.318999999999999950 ) ) ;
#2431 = CARTESIAN_POINT ( 'NONE',  ( 1.618639662279851787, -4.949999999999999289, 3.726142663789691500 ) ) ;
#2432 = EDGE_CURVE ( 'NONE', #3950, #4866, #1969, .T. ) ;
#2433 = EDGE_LOOP ( 'NONE', ( #3767, #3837, #994, #348, #4106, #1212, #3399, #2179, #5048, #4278 ) ) ;
#2434 = DIRECTION ( 'NONE',  ( -1.367242359578592995E-16, 1.000000000000000000, 0.000000000000000000 ) ) ;
#2435 = LINE ( 'NONE', #1046, #2120 ) ;
#2436 = CARTESIAN_POINT ( 'NONE',  ( -0.06548377986032428988, -4.949999999999999289, 0.9985958883864456404 ) ) ;
#2437 = CARTESIAN_POINT ( 'NONE',  ( 1.237743589743589334, -4.950000000000000178, 4.318999999999999950 ) ) ;
#2438 = CARTESIAN_POINT ( 'NONE',  ( 1.603610651687636723, -4.900000000000003020, 4.149639053394556854 ) ) ;
#2439 = CARTESIAN_POINT ( 'NONE',  ( -0.9075517825929719784, -4.950000000000001066, 0.7188617585499482709 ) ) ;
#2440 = VERTEX_POINT ( 'NONE', #4681 ) ;
#2441 = ORIENTED_EDGE ( 'NONE', *, *, #1438, .T. ) ;
#2442 = LINE ( 'NONE', #5340, #1724 ) ;
#2443 = SURFACE_STYLE_FILL_AREA ( #2476 ) ;
#2444 = DIRECTION ( 'NONE',  ( 2.370171394487659802E-13, -1.000000000000000000, 4.163870477186913597E-16 ) ) ;
#2445 = FACE_OUTER_BOUND ( 'NONE', #5640, .T. ) ;
#2446 = VERTEX_POINT ( 'NONE', #1792 ) ;
#2447 = UNCERTAINTY_MEASURE_WITH_UNIT (LENGTH_MEASURE( 1.000000000000000082E-05 ), #232, 'distance_accuracy_value', 'NONE');
#2448 = CARTESIAN_POINT ( 'NONE',  ( -0.9844344884948730279, -4.950000000000000178, 0.9700134349902422848 ) ) ;
#2449 = CARTESIAN_POINT ( 'NONE',  ( 0.9699999999999995293, -3.710000000000000853, -3.850000000000000089 ) ) ;
#2450 = CARTESIAN_POINT ( 'NONE',  ( 0.7746249158164595361, -4.899999999999999467, 2.982466546866012536 ) ) ;
#2451 = PLANE ( 'NONE',  #3717 ) ;
#2452 = CARTESIAN_POINT ( 'NONE',  ( -3.270000000000000462, -2.449999999999989519, 8.800000000000000711 ) ) ;
#2453 = CARTESIAN_POINT ( 'NONE',  ( 1.069999999999998730, 3.910000000000000142, -3.850000000000000089 ) ) ;
#2454 = DIRECTION ( 'NONE',  ( -0.000000000000000000, -1.000000000000000000, 0.000000000000000000 ) ) ;
#2455 = DIRECTION ( 'NONE',  ( 1.000000000000000000, 0.000000000000000000, 0.000000000000000000 ) ) ;
#2456 = MECHANICAL_DESIGN_GEOMETRIC_PRESENTATION_REPRESENTATION (  '', ( #3285 ), #6059 ) ;
#2457 = VERTEX_POINT ( 'NONE', #3666 ) ;
#2458 = VECTOR ( 'NONE', #1279, 1000.000000000000000 ) ;
#2459 = ORIENTED_EDGE ( 'NONE', *, *, #2960, .F. ) ;
#2460 = LINE ( 'NONE', #5395, #86 ) ;
#2461 = EDGE_CURVE ( 'NONE', #5246, #35, #1347, .T. ) ;
#2462 = EDGE_CURVE ( 'NONE', #1168, #5962, #6197, .T. ) ;
#2463 = LINE ( 'NONE', #4430, #2180 ) ;
#2464 = CARTESIAN_POINT ( 'NONE',  ( -1.161351405816942073, -4.899999999999998579, 1.362881392803755309 ) ) ;
#2465 = COLOUR_RGB ( '',1.000000000000000000, 1.000000000000000000, 1.000000000000000000 ) ;
#2466 = CARTESIAN_POINT ( 'NONE',  ( 1.623479456613844851, -4.900000000000000355, 4.117461967392935129 ) ) ;
#2467 = VECTOR ( 'NONE', #3237, 1000.000000000000227 ) ;
#2468 =( NAMED_UNIT ( * ) SI_UNIT ( $, .STERADIAN. ) SOLID_ANGLE_UNIT ( ) );
#2469 = VERTEX_POINT ( 'NONE', #2204 ) ;
#2470 = ORIENTED_EDGE ( 'NONE', *, *, #27, .F. ) ;
#2471 = PRESENTATION_LAYER_ASSIGNMENT (  '', '', ( #2676 ) ) ;
#2472 = CARTESIAN_POINT ( 'NONE',  ( -0.3392960179171980450, -4.899999999999999467, 0.9713712711711781633 ) ) ;
#2473 = VECTOR ( 'NONE', #5943, 1000.000000000000000 ) ;
#2474 = ADVANCED_FACE ( 'NONE', ( #5196 ), #4197, .F. ) ;
#2475 = CARTESIAN_POINT ( 'NONE',  ( 0.01575849223964658624, -4.949999999999999289, 1.706807429145969612 ) ) ;
#2476 = FILL_AREA_STYLE ('',( #2928 ) ) ;
#2477 = DIRECTION ( 'NONE',  ( 0.000000000000000000, -1.000000000000000000, -0.000000000000000000 ) ) ;
#2478 = SURFACE_STYLE_FILL_AREA ( #4388 ) ;
#2479 = ORIENTED_EDGE ( 'NONE', *, *, #1635, .F. ) ;
#2480 = AXIS2_PLACEMENT_3D ( 'NONE', #2663, #6079, #2189 ) ;
#2481 = CARTESIAN_POINT ( 'NONE',  ( -0.7152239967526450304, -4.899999999999999467, 0.8541508385696097161 ) ) ;
#2482 = FILL_AREA_STYLE_COLOUR ( '', #6015 ) ;
#2483 = ADVANCED_FACE ( 'NONE', ( #2747 ), #4255, .T. ) ;
#2484 = LINE ( 'NONE', #6310, #4980 ) ;
#2485 = LINE ( 'NONE', #5480, #1446 ) ;
#2486 = ORIENTED_EDGE ( 'NONE', *, *, #4898, .F. ) ;
#2487 = CARTESIAN_POINT ( 'NONE',  ( -1.313353280649454558, -4.949999999999998401, 3.979264034030743247 ) ) ;
#2488 = FILL_AREA_STYLE ('',( #4045 ) ) ;
#2489 = LINE ( 'NONE', #1039, #3109 ) ;
#2490 = DIRECTION ( 'NONE',  ( -0.000000000000000000, -0.7808688094430308313, -0.6246950475544235104 ) ) ;
#2491 = ORIENTED_EDGE ( 'NONE', *, *, #3023, .T. ) ;
#2492 = DIRECTION ( 'NONE',  ( 0.2609090251427717555, -0.000000000000000000, 0.9653633930282671249 ) ) ;
#2493 = DIRECTION ( 'NONE',  ( 0.000000000000000000, 0.000000000000000000, -1.000000000000000000 ) ) ;
#2494 = CARTESIAN_POINT ( 'NONE',  ( 0.9869635958686511223, -4.949999999999999289, 4.262838281858103429 ) ) ;
#2495 = FILL_AREA_STYLE_COLOUR ( '', #3731 ) ;
#2496 = CARTESIAN_POINT ( 'NONE',  ( 1.461221543587752691, -4.900000000000000355, 3.521909976175767731 ) ) ;
#2497 = CARTESIAN_POINT ( 'NONE',  ( -1.326072059756735033, -4.950000000000001066, 1.146827919058313716 ) ) ;
#2498 = EDGE_LOOP ( 'NONE', ( #4494, #4486, #490, #430 ) ) ;
#2499 = VERTEX_POINT ( 'NONE', #2267 ) ;
#2500 = DIRECTION ( 'NONE',  ( -0.000000000000000000, -0.000000000000000000, 1.000000000000000000 ) ) ;
#2501 = CARTESIAN_POINT ( 'NONE',  ( 0.03728534543790169159, -4.900000000000001243, 1.606836291005684147 ) ) ;
#2502 =( NAMED_UNIT ( * ) PLANE_ANGLE_UNIT ( ) SI_UNIT ( $, .RADIAN. ) );
#2503 = PRESENTATION_STYLE_ASSIGNMENT (( #2101 ) ) ;
#2504 = ORIENTED_EDGE ( 'NONE', *, *, #176, .T. ) ;
#2505 = ADVANCED_FACE ( 'NONE', ( #3907 ), #873, .T. ) ;
#2506 = VECTOR ( 'NONE', #833, 1000.000000000000000 ) ;
#2507 = CARTESIAN_POINT ( 'NONE',  ( -1.154119681536445619, -4.900000000000000355, 1.301316311214139931 ) ) ;
#2508 = STYLED_ITEM ( 'NONE', ( #3160 ), #5704 ) ;
#2509 = CARTESIAN_POINT ( 'NONE',  ( -0.3197782382544028246, -4.899999999999999467, 1.907115355154449743 ) ) ;
#2510 = SURFACE_STYLE_FILL_AREA ( #998 ) ;
#2511 = AXIS2_PLACEMENT_3D ( 'NONE', #4762, #2901, #4856 ) ;
#2512 =( NAMED_UNIT ( * ) PLANE_ANGLE_UNIT ( ) SI_UNIT ( $, .RADIAN. ) );
#2513 = STYLED_ITEM ( 'NONE', ( #2228 ), #5933 ) ;
#2514 = PLANE ( 'NONE',  #1654 ) ;
#2515 = COLOUR_RGB ( '',1.000000000000000000, 1.000000000000000000, 1.000000000000000000 ) ;
#2516 = ORIENTED_EDGE ( 'NONE', *, *, #1345, .F. ) ;
#2517 = CARTESIAN_POINT ( 'NONE',  ( -1.479476468983111248, -4.900000000000000355, 3.864762700940989504 ) ) ;
#2518 = AXIS2_PLACEMENT_3D ( 'NONE', #3119, #5079, #3019 ) ;
#2519 = PRESENTATION_STYLE_ASSIGNMENT (( #3984 ) ) ;
#2520 = CARTESIAN_POINT ( 'NONE',  ( -1.417222591915846097, -4.899999999999999467, 4.085260596303617930 ) ) ;
#2521 = CARTESIAN_POINT ( 'NONE',  ( -3.020000000000000906, 1.700000000000000178, 1.800000000000000488 ) ) ;
#2522 = AXIS2_PLACEMENT_3D ( 'NONE', #153, #4083, #3113 ) ;
#2523 =( NAMED_UNIT ( * ) PLANE_ANGLE_UNIT ( ) SI_UNIT ( $, .RADIAN. ) );
#2524 = STYLED_ITEM ( 'NONE', ( #2579 ), #4242 ) ;
#2525 = ORIENTED_EDGE ( 'NONE', *, *, #1655, .T. ) ;
#2526 = DIRECTION ( 'NONE',  ( -0.2609090251427717555, 0.000000000000000000, 0.9653633930282671249 ) ) ;
#2527 = CARTESIAN_POINT ( 'NONE',  ( -0.04150149118459579844, -4.949999999999998401, 1.041776439602797089 ) ) ;
#2528 = CARTESIAN_POINT ( 'NONE',  ( -0.2217773330484108241, -4.950000000000000178, 0.8223602735642838724 ) ) ;
#2529 = CARTESIAN_POINT ( 'NONE',  ( 1.552727260191353098, -4.900000000000002132, 4.208510301126900721 ) ) ;
#2530 = CARTESIAN_POINT ( 'NONE',  ( 1.511352546226146565, -4.949999999999999289, 3.573914309273614975 ) ) ;
#2531 = PRESENTATION_STYLE_ASSIGNMENT (( #4116 ) ) ;
#2532 = ORIENTED_EDGE ( 'NONE', *, *, #228, .T. ) ;
#2533 = ORIENTED_EDGE ( 'NONE', *, *, #881, .T. ) ;
#2534 = CARTESIAN_POINT ( 'NONE',  ( 0.6700000000000004841, -4.950000000000000178, 6.799999999999995381 ) ) ;
#2535 = CARTESIAN_POINT ( 'NONE',  ( -1.604615384615384999, -4.950000000000000178, 3.968999999999999417 ) ) ;
#2536 = CARTESIAN_POINT ( 'NONE',  ( 1.471606453752803967, -4.950000000000001066, 4.019040958700426991 ) ) ;
#2537 = EDGE_CURVE ( 'NONE', #3926, #3217, #1412, .T. ) ;
#2538 = FACE_OUTER_BOUND ( 'NONE', #1836, .T. ) ;
#2539 = CARTESIAN_POINT ( 'NONE',  ( -1.222507036003868119, -4.950000000000001954, 1.954489237451109807 ) ) ;
#2540 = CARTESIAN_POINT ( 'NONE',  ( 0.6700000000000000400, -2.449999999999989519, 8.800000000000000711 ) ) ;
#2541 = CARTESIAN_POINT ( 'NONE',  ( -0.5225924589899401118, -4.899999999999999467, 2.026884553686973511 ) ) ;
#2542 = VERTEX_POINT ( 'NONE', #2871 ) ;
#2543 = CARTESIAN_POINT ( 'NONE',  ( 1.110765723642607172, -4.900000000000000355, 3.216707648109436768 ) ) ;
#2544 = CARTESIAN_POINT ( 'NONE',  ( 1.870000000000000551, -3.649999999999990141, 8.001000000000001222 ) ) ;
#2545 = EDGE_CURVE ( 'NONE', #3911, #4965, #2548, .T. ) ;
#2546 = CARTESIAN_POINT ( 'NONE',  ( 1.101620746622228975, -4.900000000000001243, 4.305401092292759913 ) ) ;
#2547 = EDGE_CURVE ( 'NONE', #3304, #2279, #2078, .T. ) ;
#2548 = LINE ( 'NONE', #4508, #5257 ) ;
#2549 = CARTESIAN_POINT ( 'NONE',  ( -0.3781063701350367845, -4.900000000000000355, 0.9392661059114010280 ) ) ;
#2550 = CARTESIAN_POINT ( 'NONE',  ( 0.7866523358824722978, -4.900000000000000355, 3.033480434322768815 ) ) ;
#2551 = ORIENTED_EDGE ( 'NONE', *, *, #4405, .T. ) ;
#2552 = SURFACE_STYLE_USAGE ( .BOTH. , #4420 ) ;
#2553 = CARTESIAN_POINT ( 'NONE',  ( -0.8064650200922037770, -4.949999999999995737, 2.025847709339410940 ) ) ;
#2554 = PLANE ( 'NONE',  #3104 ) ;
#2555 = ORIENTED_EDGE ( 'NONE', *, *, #2291, .T. ) ;
#2556 = CARTESIAN_POINT ( 'NONE',  ( 3.270000000000000462, -2.449999999999990408, 8.800000000000000711 ) ) ;
#2557 =( NAMED_UNIT ( * ) PLANE_ANGLE_UNIT ( ) SI_UNIT ( $, .RADIAN. ) );
#2558 = LINE ( 'NONE', #1517, #467 ) ;
#2559 = EDGE_CURVE ( 'NONE', #63, #4552, #2171, .T. ) ;
#2560 = CARTESIAN_POINT ( 'NONE',  ( -0.1208825073472956646, -4.949999999999999289, 0.9200248218735034289 ) ) ;
#2561 = CARTESIAN_POINT ( 'NONE',  ( -1.352893657043767295, -4.950000000000001954, 1.238468448277985967 ) ) ;
#2562 = ORIENTED_EDGE ( 'NONE', *, *, #1745, .F. ) ;
#2563 = MECHANICAL_DESIGN_GEOMETRIC_PRESENTATION_REPRESENTATION (  '', ( #3088 ), #5134 ) ;
#2564 = CARTESIAN_POINT ( 'NONE',  ( 0.000000000000000000, -2.449999999999989519, 8.800000000000000711 ) ) ;
#2565 = CARTESIAN_POINT ( 'NONE',  ( 1.489542253161768581, -4.899999999999999467, 4.257113797321605553 ) ) ;
#2566 = CARTESIAN_POINT ( 'NONE',  ( -1.162307692307692708, -4.950000000000001066, 1.426764423076923416 ) ) ;
#2567 = SURFACE_STYLE_FILL_AREA ( #4095 ) ;
#2568 = CARTESIAN_POINT ( 'NONE',  ( 1.489025641025640612, -4.900000000000000355, 3.930858974358974134 ) ) ;
#2569 = FILL_AREA_STYLE ('',( #4536 ) ) ;
#2570 = SURFACE_STYLE_USAGE ( .BOTH. , #2161 ) ;
#2571 = ORIENTED_EDGE ( 'NONE', *, *, #1907, .F. ) ;
#2572 = AXIS2_PLACEMENT_3D ( 'NONE', #2686, #4708, #338 ) ;
#2573 = DIRECTION ( 'NONE',  ( 1.000000000000000000, 1.367242359578592995E-16, 0.000000000000000000 ) ) ;
#2574 = CARTESIAN_POINT ( 'NONE',  ( 0.04923076923076885603, -4.900000000000000355, 1.446596153846154253 ) ) ;
#2575 =( LENGTH_UNIT ( ) NAMED_UNIT ( * ) SI_UNIT ( .MILLI., .METRE. ) );
#2576 = CARTESIAN_POINT ( 'NONE',  ( -0.5896957528052699793, -4.949999999999999289, 2.041178663534509052 ) ) ;
#2577 = VECTOR ( 'NONE', #3834, 1000.000000000000000 ) ;
#2578 = VECTOR ( 'NONE', #1643, 1000.000000000000000 ) ;
#2579 = PRESENTATION_STYLE_ASSIGNMENT (( #5580 ) ) ;
#2580 = EDGE_LOOP ( 'NONE', ( #853, #890, #3539, #3440 ) ) ;
#2581 = EDGE_CURVE ( 'NONE', #4713, #2737, #4703, .T. ) ;
#2582 = AXIS2_PLACEMENT_3D ( 'NONE', #5782, #4776, #408 ) ;
#2583 =( NAMED_UNIT ( * ) SI_UNIT ( $, .STERADIAN. ) SOLID_ANGLE_UNIT ( ) );
#2584 = CARTESIAN_POINT ( 'NONE',  ( -1.080504819028438090, -4.949999999999995737, 1.819323381091136449 ) ) ;
#2585 = UNCERTAINTY_MEASURE_WITH_UNIT (LENGTH_MEASURE( 1.000000000000000082E-05 ), #1000, 'distance_accuracy_value', 'NONE');
#2586 = STYLED_ITEM ( 'NONE', ( #2231 ), #3489 ) ;
#2587 = EDGE_CURVE ( 'NONE', #4028, #3490, #4136, .T. ) ;
#2588 = CARTESIAN_POINT ( 'NONE',  ( 1.667354345529461268, -4.900000000000001243, 3.890948731912751590 ) ) ;
#2589 = SURFACE_STYLE_FILL_AREA ( #5037 ) ;
#2590 = CARTESIAN_POINT ( 'NONE',  ( 0.7898669871794867792, -4.900000000000000355, 3.043519230769230255 ) ) ;
#2591 = LINE ( 'NONE', #1610, #1473 ) ;
#2592 = CARTESIAN_POINT ( 'NONE',  ( 0.9149831813962298055, -4.950000000000001066, 3.259552181796486092 ) ) ;
#2593 = CARTESIAN_POINT ( 'NONE',  ( -0.6623076923076925970, -4.950000000000001066, 0.6797692307692310143 ) ) ;
#2594 = CARTESIAN_POINT ( 'NONE',  ( 1.488830760977827739, -4.900000000000001243, 3.938727065551497653 ) ) ;
#2595 = PLANE ( 'NONE',  #3137 ) ;
#2596 = CARTESIAN_POINT ( 'NONE',  ( -1.266593851760314138, -4.950000000000001954, 1.015235199362890750 ) ) ;
#2597 = EDGE_LOOP ( 'NONE', ( #5458, #675, #5646, #2240 ) ) ;
#2598 = ORIENTED_EDGE ( 'NONE', *, *, #2617, .T. ) ;
#2599 = B_SPLINE_SURFACE_WITH_KNOTS ( 'NONE', 3, 1, ( 
 ( #382, #4273 ),
 ( #1366, #1840 ),
 ( #3800, #1873 ),
 ( #3309, #1393 ),
 ( #4340, #120 ),
 ( #5007, #2056 ),
 ( #3015, #4022 ),
 ( #605, #3534 ),
 ( #2029, #5973 ),
 ( #1542, #2527 ),
 ( #5397, #2436 ),
 ( #1578, #1485 ),
 ( #4403, #539 ),
 ( #513, #3496 ),
 ( #3991, #87 ),
 ( #3394, #1452 ),
 ( #29, #3922 ),
 ( #5491, #5427 ),
 ( #1967, #3460 ),
 ( #2982, #5877 ),
 ( #3428, #1116 ),
 ( #3052, #4943 ),
 ( #5940, #5462 ),
 ( #4973, #2093 ),
 ( #5912, #1080 ),
 ( #4488, #1015 ),
 ( #637, #573 ) ),
 .UNSPECIFIED., .F., .F., .F.,
 ( 4, 1, 1, 1, 1, 1, 1, 1, 1, 1, 1, 1, 1, 1, 1, 1, 1, 1, 1, 1, 1, 1, 1, 1, 4 ),
 ( 2, 2 ),
 ( 0.000000000000000000, 0.04755955690542653519, 0.09396210524321092772, 0.1391115332408221217, 0.1836263101269046960, 0.2274570284004935050, 0.2707025105518547359, 0.3136105321155537862, 0.3562604510849770034, 0.3983661529550378555, 0.4395565149792806658, 0.4800453830214204687, 0.5198884957050128319, 0.5596577503171974444, 0.5994212546627415428, 0.6392077550883983328, 0.6796683749857806989, 0.7200198525128485016, 0.7598588655624579635, 0.7995598848323807184, 0.8391991446364382989, 0.8789560762302789376, 0.9187942693024661045, 0.9590833628432750002, 1.000000000000000000 ),
 ( 0.000000000000000000, 1.000000000000000000 ),
 .UNSPECIFIED. ) ;
#2600 = CARTESIAN_POINT ( 'NONE',  ( 1.603610651687636723, -4.900000000000003020, 4.149639053394556854 ) ) ;
#2601 = CARTESIAN_POINT ( 'NONE',  ( 1.870000000000000107, -2.449999999999990408, 8.001000000000001222 ) ) ;
#2602 = SURFACE_STYLE_FILL_AREA ( #1154 ) ;
#2603 = LINE ( 'NONE', #1295, #2321 ) ;
#2604 =( NAMED_UNIT ( * ) PLANE_ANGLE_UNIT ( ) SI_UNIT ( $, .RADIAN. ) );
#2605 = CARTESIAN_POINT ( 'NONE',  ( -0.3991446019956378377, -4.899999999999998579, 1.971233929658173123 ) ) ;
#2606 = ORIENTED_EDGE ( 'NONE', *, *, #3812, .F. ) ;
#2607 = FILL_AREA_STYLE ('',( #4505 ) ) ;
#2608 = CARTESIAN_POINT ( 'NONE',  ( -1.604615384615384999, -4.950000000000000178, 3.803535256410256249 ) ) ;
#2609 = CARTESIAN_POINT ( 'NONE',  ( -1.276156937761283805, -4.899999999999999467, 4.225479639996300385 ) ) ;
#2610 = SURFACE_STYLE_FILL_AREA ( #1098 ) ;
#2611 = CARTESIAN_POINT ( 'NONE',  ( -0.2404025471111667644, -4.900000000000000355, 1.093340699534055105 ) ) ;
#2612 = VERTEX_POINT ( 'NONE', #5160 ) ;
#2613 = CARTESIAN_POINT ( 'NONE',  ( -0.5126772450179659657, -4.950000000000000178, 2.204904498942947821 ) ) ;
#2614 = COLOUR_RGB ( '',1.000000000000000000, 1.000000000000000000, 1.000000000000000000 ) ;
#2615 = CARTESIAN_POINT ( 'NONE',  ( -1.105747210720196438, -4.949999999999997513, 1.768235068570108925 ) ) ;
#2616 = VECTOR ( 'NONE', #3062, 1000.000000000000000 ) ;
#2617 = EDGE_CURVE ( 'NONE', #4378, #2304, #1634, .T. ) ;
#2618 = ORIENTED_EDGE ( 'NONE', *, *, #2710, .F. ) ;
#2619 =( LENGTH_UNIT ( ) NAMED_UNIT ( * ) SI_UNIT ( .MILLI., .METRE. ) );
#2620 = DIRECTION ( 'NONE',  ( 1.000000000000000000, 0.000000000000000000, 0.000000000000000000 ) ) ;
#2621 = CARTESIAN_POINT ( 'NONE',  ( -0.9700000000000008615, -3.710000000000000853, -3.850000000000000089 ) ) ;
#2622 = AXIS2_PLACEMENT_3D ( 'NONE', #5133, #5074, #3670 ) ;
#2623 = DIRECTION ( 'NONE',  ( -0.000000000000000000, -1.000000000000000000, -0.000000000000000000 ) ) ;
#2624 = AXIS2_PLACEMENT_3D ( 'NONE', #2424, #3415, #937 ) ;
#2625 = CARTESIAN_POINT ( 'NONE',  ( 1.036636252265310532, -4.950000000000001954, 3.145696090474394246 ) ) ;
#2626 = EDGE_CURVE ( 'NONE', #916, #2712, #2742, .T. ) ;
#2627 = SHAPE_DEFINITION_REPRESENTATION ( #3051, #1337 ) ;
#2628 = DIRECTION ( 'NONE',  ( 0.000000000000000000, -0.000000000000000000, 1.000000000000000000 ) ) ;
#2629 = FACE_OUTER_BOUND ( 'NONE', #2966, .T. ) ;
#2630 = VECTOR ( 'NONE', #3989, 1000.000000000000000 ) ;
#2631 = ORIENTED_EDGE ( 'NONE', *, *, #4790, .F. ) ;
#2632 = ORIENTED_EDGE ( 'NONE', *, *, #4953, .T. ) ;
#2633 = FACE_OUTER_BOUND ( 'NONE', #5626, .T. ) ;
#2634 = CARTESIAN_POINT ( 'NONE',  ( 1.489025641025640612, -4.950000000000000178, 3.930858974358974134 ) ) ;
#2635 = B_SPLINE_SURFACE_WITH_KNOTS ( 'NONE', 3, 1, ( 
 ( #4819, #3453 ),
 ( #1839, #1957 ),
 ( #4751, #3007 ),
 ( #3944, #1507 ),
 ( #2520, #4397 ),
 ( #504, #53 ),
 ( #381, #1072 ),
 ( #5419, #3916 ),
 ( #4967, #111 ),
 ( #3985, #3484 ),
 ( #564, #1105 ) ),
 .UNSPECIFIED., .F., .F., .F.,
 ( 4, 1, 1, 1, 1, 1, 1, 1, 4 ),
 ( 2, 2 ),
 ( 0.000000000000000000, 0.1426572507006134971, 0.2811689939054440868, 0.4169771923679741477, 0.5508524927475574318, 0.6783641702618123936, 0.7950324430070943027, 0.9019981783473510761, 1.000000000000000000 ),
 ( 0.000000000000000000, 1.000000000000000000 ),
 .UNSPECIFIED. ) ;
#2636 = FILL_AREA_STYLE ('',( #196 ) ) ;
#2637 = PRESENTATION_STYLE_ASSIGNMENT (( #3189 ) ) ;
#2638 = CARTESIAN_POINT ( 'NONE',  ( -0.1857799456033984165, -4.900000000000000355, 1.655220012804757834 ) ) ;
#2639 = ORIENTED_EDGE ( 'NONE', *, *, #842, .T. ) ;
#2640 =( NAMED_UNIT ( * ) PLANE_ANGLE_UNIT ( ) SI_UNIT ( $, .RADIAN. ) );
#2641 = LINE ( 'NONE', #5121, #1218 ) ;
#2642 = CARTESIAN_POINT ( 'NONE',  ( -0.5557068109775122888, -4.900000000000001243, 2.035008084947162121 ) ) ;
#2643 = CARTESIAN_POINT ( 'NONE',  ( -1.217596153846154383, -4.900000000000001243, 4.319000000000000838 ) ) ;
#2644 = SURFACE_SIDE_STYLE ('',( #5519 ) ) ;
#2645 = EDGE_LOOP ( 'NONE', ( #2406, #5970, #1263, #3644 ) ) ;
#2646 = SURFACE_STYLE_USAGE ( .BOTH. , #3170 ) ;
#2647 = ORIENTED_EDGE ( 'NONE', *, *, #4357, .F. ) ;
#2648 = CARTESIAN_POINT ( 'NONE',  ( -0.3317004433121649165, -4.900000000000003020, 2.143133495149090795 ) ) ;
#2649 = CARTESIAN_POINT ( 'NONE',  ( -0.6770581931940566900, -4.900000000000000355, 2.044819135020045309 ) ) ;
#2650 = ORIENTED_EDGE ( 'NONE', *, *, #4429, .T. ) ;
#2651 = SURFACE_STYLE_USAGE ( .BOTH. , #1539 ) ;
#2652 =( NAMED_UNIT ( * ) PLANE_ANGLE_UNIT ( ) SI_UNIT ( $, .RADIAN. ) );
#2653 = CARTESIAN_POINT ( 'NONE',  ( -0.1961616934517673438, -4.950000000000001954, 1.195854702436745853 ) ) ;
#2654 = DIRECTION ( 'NONE',  ( 0.000000000000000000, 0.000000000000000000, 1.000000000000000000 ) ) ;
#2655 = CARTESIAN_POINT ( 'NONE',  ( 1.154360417225099189, -4.950000000000001954, 3.254072679593699835 ) ) ;
#2656 = EDGE_LOOP ( 'NONE', ( #1953, #1085, #4591, #5786, #3305, #4909 ) ) ;
#2657 = ORIENTED_EDGE ( 'NONE', *, *, #1966, .T. ) ;
#2658 =( LENGTH_UNIT ( ) NAMED_UNIT ( * ) SI_UNIT ( .MILLI., .METRE. ) );
#2659 = EDGE_CURVE ( 'NONE', #3273, #5828, #5098, .T. ) ;
#2660 =( GEOMETRIC_REPRESENTATION_CONTEXT ( 3 ) GLOBAL_UNCERTAINTY_ASSIGNED_CONTEXT ( ( #6254 ) ) GLOBAL_UNIT_ASSIGNED_CONTEXT ( ( #1760, #3593, #3107 ) ) REPRESENTATION_CONTEXT ( 'NONE', 'WORKASPACE' ) );
#2661 = CARTESIAN_POINT ( 'NONE',  ( 1.418492699113732103, -4.950000000000002842, 4.092116484477349658 ) ) ;
#2662 = DIRECTION ( 'NONE',  ( -1.000000000000000000, 0.000000000000000000, 0.000000000000000000 ) ) ;
#2663 = CARTESIAN_POINT ( 'NONE',  ( 1.069999999999998730, 0.000000000000000000, -3.850000000000000089 ) ) ;
#2664 = COLOUR_RGB ( '',1.000000000000000000, 1.000000000000000000, 1.000000000000000000 ) ;
#2665 = FILL_AREA_STYLE_COLOUR ( '', #4260 ) ;
#2666 = CARTESIAN_POINT ( 'NONE',  ( -0.1957282865398183580, -4.949999999999999289, 1.692567201055930282 ) ) ;
#2667 = EDGE_LOOP ( 'NONE', ( #2657, #3076, #1131, #4029 ) ) ;
#2668 = LINE ( 'NONE', #5633, #1058 ) ;
#2669 = MECHANICAL_DESIGN_GEOMETRIC_PRESENTATION_REPRESENTATION (  '', ( #5445 ), #4115 ) ;
#2670 = ADVANCED_FACE ( 'NONE', ( #2675 ), #839, .T. ) ;
#2671 = CARTESIAN_POINT ( 'NONE',  ( 1.233076923076922737, -4.900000000000000355, 2.199000000000000288 ) ) ;
#2672 = CARTESIAN_POINT ( 'NONE',  ( -0.5225924589899401118, -4.899999999999999467, 2.026884553686973511 ) ) ;
#2673 = FILL_AREA_STYLE ('',( #3165 ) ) ;
#2674 = CARTESIAN_POINT ( 'NONE',  ( -1.102051282051282666, -4.900000000000000355, 4.318999999999999950 ) ) ;
#2675 = FACE_OUTER_BOUND ( 'NONE', #4509, .T. ) ;
#2676 = STYLED_ITEM ( 'NONE', ( #361 ), #2021 ) ;
#2677 = CARTESIAN_POINT ( 'NONE',  ( -0.2404025471111667644, -4.950000000000001066, 1.093340699534055105 ) ) ;
#2678 = VERTEX_POINT ( 'NONE', #4221 ) ;
#2679 = VECTOR ( 'NONE', #3805, 1000.000000000000000 ) ;
#2680 = SURFACE_STYLE_USAGE ( .BOTH. , #2141 ) ;
#2681 = VERTEX_POINT ( 'NONE', #1290 ) ;
#2682 = EDGE_CURVE ( 'NONE', #4800, #1036, #6150, .T. ) ;
#2683 = SURFACE_STYLE_USAGE ( .BOTH. , #5028 ) ;
#2684 =( GEOMETRIC_REPRESENTATION_CONTEXT ( 3 ) GLOBAL_UNCERTAINTY_ASSIGNED_CONTEXT ( ( #5034 ) ) GLOBAL_UNIT_ASSIGNED_CONTEXT ( ( #6244, #3781, #3283 ) ) REPRESENTATION_CONTEXT ( 'NONE', 'WORKASPACE' ) );
#2685 = AXIS2_PLACEMENT_3D ( 'NONE', #6330, #4406, #1940 ) ;
#2686 = CARTESIAN_POINT ( 'NONE',  ( 0.000000000000000000, 0.000000000000000000, 8.001000000000001222 ) ) ;
#2687 = ORIENTED_EDGE ( 'NONE', *, *, #3100, .T. ) ;
#2688 = PRESENTATION_LAYER_ASSIGNMENT (  '', '', ( #4336 ) ) ;
#2689 = CARTESIAN_POINT ( 'NONE',  ( 1.221057692307691900, -4.900000000000000355, 0.6990000000000001767 ) ) ;
#2690 = CARTESIAN_POINT ( 'NONE',  ( -0.1633730766634506060, -4.949999999999999289, 1.380142193239525916 ) ) ;
#2691 = LINE ( 'NONE', #2564, #2414 ) ;
#2692 = LINE ( 'NONE', #4689, #2896 ) ;
#2693 = CARTESIAN_POINT ( 'NONE',  ( 2.770000000000000462, 1.699999999999999956, 1.800000000000000488 ) ) ;
#2694 = CARTESIAN_POINT ( 'NONE',  ( 1.112663461538461407, -4.950000000000000178, 3.442597756410255894 ) ) ;
#2695 = VECTOR ( 'NONE', #4905, 1000.000000000000000 ) ;
#2696 = PRODUCT_CONTEXT ( 'NONE', #3788, 'mechanical' ) ;
#2697 = ORIENTED_EDGE ( 'NONE', *, *, #2392, .T. ) ;
#2698 = ORIENTED_EDGE ( 'NONE', *, *, #1319, .F. ) ;
#2699 = CARTESIAN_POINT ( 'NONE',  ( 0.6700000000000002620, -6.449999999999990408, 8.001000000000001222 ) ) ;
#2700 = CARTESIAN_POINT ( 'NONE',  ( -0.9037344442310140114, -4.950000000000001066, 0.9122370282363596594 ) ) ;
#2701 = DIRECTION ( 'NONE',  ( 0.000000000000000000, 0.000000000000000000, -1.000000000000000000 ) ) ;
#2702 = EDGE_CURVE ( 'NONE', #6206, #4713, #4764, .T. ) ;
#2703 = SURFACE_SIDE_STYLE ('',( #6114 ) ) ;
#2704 = ORIENTED_EDGE ( 'NONE', *, *, #3776, .F. ) ;
#2705 = FACE_OUTER_BOUND ( 'NONE', #3371, .T. ) ;
#2706 =( LENGTH_UNIT ( ) NAMED_UNIT ( * ) SI_UNIT ( .MILLI., .METRE. ) );
#2707 = CARTESIAN_POINT ( 'NONE',  ( -1.102051282051282666, -4.950000000000000178, 4.318999999999999950 ) ) ;
#2708 = CARTESIAN_POINT ( 'NONE',  ( -0.2755182788481818634, -4.949999999999998401, 1.854975479348065281 ) ) ;
#2709 = DIRECTION ( 'NONE',  ( -0.000000000000000000, 1.000000000000000000, -0.000000000000000000 ) ) ;
#2710 = EDGE_CURVE ( 'NONE', #3155, #5936, #3901, .T. ) ;
#2711 = CARTESIAN_POINT ( 'NONE',  ( -1.870000000000000107, -2.449999999999989519, 8.800000000000000711 ) ) ;
#2712 = VERTEX_POINT ( 'NONE', #2929 ) ;
#2713 =( LENGTH_UNIT ( ) NAMED_UNIT ( * ) SI_UNIT ( .MILLI., .METRE. ) );
#2714 = VERTEX_POINT ( 'NONE', #867 ) ;
#2715 = VECTOR ( 'NONE', #6202, 1000.000000000000000 ) ;
#2716 = CARTESIAN_POINT ( 'NONE',  ( -0.4196399403579310072, -4.950000000000001954, 2.180195575879539938 ) ) ;
#2717 = PRESENTATION_STYLE_ASSIGNMENT (( #5167 ) ) ;
#2718 = DIRECTION ( 'NONE',  ( 1.000000000000000000, 0.000000000000000000, 0.000000000000000000 ) ) ;
#2719 = VERTEX_POINT ( 'NONE', #3349 ) ;
#2720 = CARTESIAN_POINT ( 'NONE',  ( 2.770000000000000462, 1.699999999999999956, 3.300000000000000266 ) ) ;
#2721 = PRESENTATION_STYLE_ASSIGNMENT (( #4202 ) ) ;
#2722 = CARTESIAN_POINT ( 'NONE',  ( -0.9700000000000008615, 3.709999999999999964, -3.850000000000000089 ) ) ;
#2723 = UNCERTAINTY_MEASURE_WITH_UNIT (LENGTH_MEASURE( 1.000000000000000082E-05 ), #5324, 'distance_accuracy_value', 'NONE');
#2724 = AXIS2_PLACEMENT_3D ( 'NONE', #893, #2833, #3839 ) ;
#2725 = DIRECTION ( 'NONE',  ( -1.000000000000000000, -0.000000000000000000, -0.000000000000000000 ) ) ;
#2726 = PRESENTATION_LAYER_ASSIGNMENT (  '', '', ( #3034 ) ) ;
#2727 = ORIENTED_EDGE ( 'NONE', *, *, #4399, .T. ) ;
#2728 = PRESENTATION_LAYER_ASSIGNMENT (  '', '', ( #1919 ) ) ;
#2729 = EDGE_LOOP ( 'NONE', ( #3234, #4813, #1942, #829 ) ) ;
#2730 = COLOUR_RGB ( '',1.000000000000000000, 1.000000000000000000, 1.000000000000000000 ) ;
#2731 = CARTESIAN_POINT ( 'NONE',  ( 1.177202005295171716, -4.899999999999998579, 4.153616862752056882 ) ) ;
#2732 = SURFACE_STYLE_FILL_AREA ( #2250 ) ;
#2733 =( NAMED_UNIT ( * ) PLANE_ANGLE_UNIT ( ) SI_UNIT ( $, .RADIAN. ) );
#2734 = COLOUR_RGB ( '',1.000000000000000000, 0.8705882352941176627, 0.5254901960784313930 ) ;
#2735 = CARTESIAN_POINT ( 'NONE',  ( 1.870000000000000107, -4.950000000000000178, 8.800000000000000711 ) ) ;
#2736 = CARTESIAN_POINT ( 'NONE',  ( 0.7802697377268368317, -4.900000000000001243, 3.013548691261400236 ) ) ;
#2737 = VERTEX_POINT ( 'NONE', #4387 ) ;
#2738 = CARTESIAN_POINT ( 'NONE',  ( 1.259086324561462078, -4.900000000000002132, 3.570506907240221128 ) ) ;
#2739 = UNCERTAINTY_MEASURE_WITH_UNIT (LENGTH_MEASURE( 1.000000000000000082E-05 ), #4298, 'distance_accuracy_value', 'NONE');
#2740 = LINE ( 'NONE', #1316, #4216 ) ;
#2741 = DIRECTION ( 'NONE',  ( -0.000000000000000000, -1.000000000000000000, -0.000000000000000000 ) ) ;
#2742 = LINE ( 'NONE', #1318, #2783 ) ;
#2743 = LINE ( 'NONE', #2293, #5906 ) ;
#2744 = LINE ( 'NONE', #1825, #3671 ) ;
#2745 = ADVANCED_FACE ( 'NONE', ( #2445 ), #4858, .T. ) ;
#2746 = SURFACE_SIDE_STYLE ('',( #4734 ) ) ;
#2747 = FACE_OUTER_BOUND ( 'NONE', #600, .T. ) ;
#2748 = EDGE_LOOP ( 'NONE', ( #2344, #3631, #3072, #5557 ) ) ;
#2749 =( NAMED_UNIT ( * ) PLANE_ANGLE_UNIT ( ) SI_UNIT ( $, .RADIAN. ) );
#2750 = CARTESIAN_POINT ( 'NONE',  ( 0.9604168275382544140, -4.900000000000001243, 3.308876580911946252 ) ) ;
#2751 = EDGE_CURVE ( 'NONE', #2719, #1069, #5315, .T. ) ;
#2752 =( LENGTH_UNIT ( ) NAMED_UNIT ( * ) SI_UNIT ( .MILLI., .METRE. ) );
#2753 = FACE_OUTER_BOUND ( 'NONE', #6235, .T. ) ;
#2754 = CARTESIAN_POINT ( 'NONE',  ( 1.470171862401061125, -4.950000000000002842, 3.833445639350598011 ) ) ;
#2755 = DIRECTION ( 'NONE',  ( 0.000000000000000000, 1.000000000000000000, 0.000000000000000000 ) ) ;
#2756 = ORIENTED_EDGE ( 'NONE', *, *, #3533, .F. ) ;
#2757 = EDGE_LOOP ( 'NONE', ( #5496, #5214, #17, #4958, #2314, #1061, #3709, #1220, #2192, #1670 ) ) ;
#2758 = EDGE_CURVE ( 'NONE', #5962, #4200, #1850, .T. ) ;
#2759 =( LENGTH_UNIT ( ) NAMED_UNIT ( * ) SI_UNIT ( .MILLI., .METRE. ) );
#2760 = CARTESIAN_POINT ( 'NONE',  ( -1.038087001095573170, -4.900000000000000355, 0.7804983013033462980 ) ) ;
#2761 = FILL_AREA_STYLE_COLOUR ( '', #4226 ) ;
#2762 = CARTESIAN_POINT ( 'NONE',  ( 0.7866523358824722978, -4.900000000000000355, 3.033480434322768815 ) ) ;
#2763 = CARTESIAN_POINT ( 'NONE',  ( -1.069186450780428288, -4.900000000000000355, 2.101454857183637337 ) ) ;
#2764 = FILL_AREA_STYLE ('',( #2257 ) ) ;
#2765 = SURFACE_STYLE_USAGE ( .BOTH. , #837 ) ;
#2766 = CARTESIAN_POINT ( 'NONE',  ( -0.05987131732764464087, -4.900000000000000355, 1.888153109564452148 ) ) ;
#2767 =( GEOMETRIC_REPRESENTATION_CONTEXT ( 3 ) GLOBAL_UNCERTAINTY_ASSIGNED_CONTEXT ( ( #1382 ) ) GLOBAL_UNIT_ASSIGNED_CONTEXT ( ( #2619, #5036, #1205 ) ) REPRESENTATION_CONTEXT ( 'NONE', 'WORKASPACE' ) );
#2768 = DIRECTION ( 'NONE',  ( -0.000000000000000000, -0.7808688094430308313, -0.6246950475544235104 ) ) ;
#2769 = CARTESIAN_POINT ( 'NONE',  ( 1.102369298406293385, -4.950000000000001066, 4.131946019163768469 ) ) ;
#2770 = FACE_BOUND ( 'NONE', #3935, .T. ) ;
#2771 = COLOUR_RGB ( '',1.000000000000000000, 0.8705882352941176627, 0.5254901960784313930 ) ;
#2772 = MECHANICAL_DESIGN_GEOMETRIC_PRESENTATION_REPRESENTATION (  '', ( #3289 ), #1257 ) ;
#2773 = SURFACE_STYLE_USAGE ( .BOTH. , #4706 ) ;
#2774 = PRESENTATION_STYLE_ASSIGNMENT (( #782 ) ) ;
#2775 = VECTOR ( 'NONE', #164, 1000.000000000000000 ) ;
#2776 = SURFACE_SIDE_STYLE ('',( #1294 ) ) ;
#2777 =( GEOMETRIC_REPRESENTATION_CONTEXT ( 3 ) GLOBAL_UNCERTAINTY_ASSIGNED_CONTEXT ( ( #4390 ) ) GLOBAL_UNIT_ASSIGNED_CONTEXT ( ( #1202, #748, #148 ) ) REPRESENTATION_CONTEXT ( 'NONE', 'WORKASPACE' ) );
#2778 = ADVANCED_FACE ( 'NONE', ( #167 ), #171, .T. ) ;
#2779 = EDGE_LOOP ( 'NONE', ( #1302, #5721, #1451, #3059 ) ) ;
#2780 = VECTOR ( 'NONE', #4014, 1000.000000000000000 ) ;
#2781 = SURFACE_SIDE_STYLE ('',( #2270 ) ) ;
#2782 = CARTESIAN_POINT ( 'NONE',  ( 1.112663461538461407, -4.900000000000000355, 3.442597756410255894 ) ) ;
#2783 = VECTOR ( 'NONE', #6128, 1000.000000000000000 ) ;
#2784 = DIRECTION ( 'NONE',  ( 0.000000000000000000, 0.000000000000000000, 1.000000000000000000 ) ) ;
#2785 =( LENGTH_UNIT ( ) NAMED_UNIT ( * ) SI_UNIT ( .MILLI., .METRE. ) );
#2786 = DIRECTION ( 'NONE',  ( 0.000000000000000000, 0.000000000000000000, -1.000000000000000000 ) ) ;
#2787 = LINE ( 'NONE', #3249, #2269 ) ;
#2788 = VECTOR ( 'NONE', #4880, 1000.000000000000000 ) ;
#2789 = EDGE_CURVE ( 'NONE', #1986, #3829, #2381, .T. ) ;
#2790 = ORIENTED_EDGE ( 'NONE', *, *, #4710, .T. ) ;
#2791 = ORIENTED_EDGE ( 'NONE', *, *, #5142, .T. ) ;
#2792 = CARTESIAN_POINT ( 'NONE',  ( 1.412634181585046944, -4.950000000000003730, 3.732408703635755387 ) ) ;
#2793 = STYLED_ITEM ( 'NONE', ( #1789 ), #3367 ) ;
#2794 = CARTESIAN_POINT ( 'NONE',  ( 0.9699999999999993072, 3.709999999999999964, -0.001000000000000132727 ) ) ;
#2795 = LINE ( 'NONE', #2544, #4074 ) ;
#2796 = VERTEX_POINT ( 'NONE', #3716 ) ;
#2797 = CARTESIAN_POINT ( 'NONE',  ( -1.161865441711354086, -4.900000000000000355, 1.453624033977423569 ) ) ;
#2798 = DIRECTION ( 'NONE',  ( 0.000000000000000000, 1.000000000000000000, 0.000000000000000000 ) ) ;
#2799 = FACE_OUTER_BOUND ( 'NONE', #3942, .T. ) ;
#2800 = CARTESIAN_POINT ( 'NONE',  ( 0.6700000000000000400, -2.449999999999990408, 8.001000000000001222 ) ) ;
#2801 = CARTESIAN_POINT ( 'NONE',  ( -0.5896957528052699793, -4.949999999999999289, 2.041178663534509052 ) ) ;
#2802 = CARTESIAN_POINT ( 'NONE',  ( 0.9699999999999993072, 3.910000000000000142, -3.850000000000000089 ) ) ;
#2803 = CARTESIAN_POINT ( 'NONE',  ( 1.637327588810457923, -4.950000000000001954, 3.767415401426727595 ) ) ;
#2804 = CARTESIAN_POINT ( 'NONE',  ( -0.1626690997974142294, -4.900000000000001243, 1.425045901667517878 ) ) ;
#2805 = UNCERTAINTY_MEASURE_WITH_UNIT (LENGTH_MEASURE( 1.000000000000000082E-05 ), #4234, 'distance_accuracy_value', 'NONE');
#2806 = CARTESIAN_POINT ( 'NONE',  ( 0.9969872865131258477, -4.950000000000000178, 4.033635038933119255 ) ) ;
#2807 = CARTESIAN_POINT ( 'NONE',  ( -1.161014013454146010, -4.900000000000001243, 1.505334606869031866 ) ) ;
#2808 = CARTESIAN_POINT ( 'NONE',  ( 1.686461538461538234, -4.950000000000000178, 3.098487179487178889 ) ) ;
#2809 = ORIENTED_EDGE ( 'NONE', *, *, #2758, .T. ) ;
#2810 = CARTESIAN_POINT ( 'NONE',  ( 1.131094233516499958, -4.899999999999999467, 3.233927295436113791 ) ) ;
#2811 = CARTESIAN_POINT ( 'NONE',  ( 1.078031910144480632, -4.900000000000001243, 3.415137593673937211 ) ) ;
#2812 = CARTESIAN_POINT ( 'NONE',  ( 1.489542253161768581, -4.949999999999999289, 4.257113797321605553 ) ) ;
#2813 = CARTESIAN_POINT ( 'NONE',  ( -1.281538461538461959, -4.900000000000000355, 2.918999999999999595 ) ) ;
#2814 = EDGE_CURVE ( 'NONE', #35, #5534, #4663, .T. ) ;
#2815 = DIRECTION ( 'NONE',  ( -0.000000000000000000, -0.000000000000000000, 1.000000000000000000 ) ) ;
#2816 = DIRECTION ( 'NONE',  ( -1.000000000000000000, 0.000000000000000000, -0.000000000000000000 ) ) ;
#2817 = CARTESIAN_POINT ( 'NONE',  ( 1.380311047077040332, -4.950000000000001066, 4.120677227991989433 ) ) ;
#2818 = PRESENTATION_LAYER_ASSIGNMENT (  '', '', ( #5494 ) ) ;
#2819 = ORIENTED_EDGE ( 'NONE', *, *, #3070, .F. ) ;
#2820 = ORIENTED_EDGE ( 'NONE', *, *, #2102, .F. ) ;
#2821 = DIRECTION ( 'NONE',  ( 1.000000000000000000, 0.000000000000000000, 0.000000000000000000 ) ) ;
#2822 = MECHANICAL_DESIGN_GEOMETRIC_PRESENTATION_REPRESENTATION (  '', ( #2508 ), #2116 ) ;
#2823 = ADVANCED_FACE ( 'NONE', ( #1245 ), #292, .T. ) ;
#2824 = EDGE_CURVE ( 'NONE', #3911, #3926, #233, .T. ) ;
#2825 = CARTESIAN_POINT ( 'NONE',  ( -0.6699999999999995959, -3.149999999999984368, 4.801000000000000156 ) ) ;
#2826 =( NAMED_UNIT ( * ) SI_UNIT ( $, .STERADIAN. ) SOLID_ANGLE_UNIT ( ) );
#2827 = SURFACE_STYLE_USAGE ( .BOTH. , #2957 ) ;
#2828 = VECTOR ( 'NONE', #5972, 1000.000000000000000 ) ;
#2829 = EDGE_LOOP ( 'NONE', ( #2972, #2631, #1458, #1735 ) ) ;
#2830 = AXIS2_PLACEMENT_3D ( 'NONE', #1280, #5147, #3616 ) ;
#2831 = CARTESIAN_POINT ( 'NONE',  ( 1.484498510865479570, -4.900000000000000355, 3.882607145964595663 ) ) ;
#2832 = STYLED_ITEM ( 'NONE', ( #3475 ), #299 ) ;
#2833 = DIRECTION ( 'NONE',  ( -0.000000000000000000, 0.000000000000000000, -1.000000000000000000 ) ) ;
#2834 = CARTESIAN_POINT ( 'NONE',  ( 0.6700000000000000400, -2.449999999999990408, 4.800000000000000711 ) ) ;
#2835 = CARTESIAN_POINT ( 'NONE',  ( -0.3197782382544028246, -4.949999999999999289, 1.907115355154449743 ) ) ;
#2836 = SURFACE_STYLE_FILL_AREA ( #391 ) ;
#2837 = LINE ( 'NONE', #307, #4673 ) ;
#2838 = AXIS2_PLACEMENT_3D ( 'NONE', #5696, #4723, #2798 ) ;
#2839 = B_SPLINE_CURVE_WITH_KNOTS ( 'NONE', 3,
 ( #2566, #5145, #1686, #4094, #5116, #4156, #1650, #1719, #1589, #3681, #1187, #765, #2700, #5504, #2133, #645, #3276, #5724, #1750 ),
 .UNSPECIFIED., .F., .F.,
 ( 4, 1, 1, 1, 1, 1, 1, 1, 1, 1, 1, 1, 1, 1, 1, 1, 4 ),
 ( 0.000000000000000000, 0.07596440262219977813, 0.1481252239748712951, 0.2172006111446034005, 0.2832999093723613804, 0.3472018681362410986, 0.4092995407059241697, 0.4704256161074026887, 0.5315880640528349854, 0.5917391729173696602, 0.6502577442905730365, 0.7073030399522860501, 0.7642084640229155346, 0.8211475320101307984, 0.8791188121552544477, 0.9384228183936667023, 1.000000000000000000 ),
 .UNSPECIFIED. ) ;
#2840 = CARTESIAN_POINT ( 'NONE',  ( -0.6699999999999995959, -2.449999999999990408, 4.801000000000000156 ) ) ;
#2841 = CARTESIAN_POINT ( 'NONE',  ( 1.444615384615384412, -4.900000000000000355, 2.199000000000000288 ) ) ;
#2842 = VERTEX_POINT ( 'NONE', #4597 ) ;
#2843 = UNCERTAINTY_MEASURE_WITH_UNIT (LENGTH_MEASURE( 1.000000000000000082E-05 ), #16, 'distance_accuracy_value', 'NONE');
#2844 = SURFACE_STYLE_FILL_AREA ( #5289 ) ;
#2845 = CARTESIAN_POINT ( 'NONE',  ( 0.8079006094928048443, -4.899999999999997691, 3.093318998371475725 ) ) ;
#2846 = SURFACE_SIDE_STYLE ('',( #4297 ) ) ;
#2847 = DIRECTION ( 'NONE',  ( -0.000000000000000000, 0.000000000000000000, 1.000000000000000000 ) ) ;
#2848 = CARTESIAN_POINT ( 'NONE',  ( -0.06548377986032428988, -4.900000000000000355, 0.9985958883864456404 ) ) ;
#2849 =( LENGTH_UNIT ( ) NAMED_UNIT ( * ) SI_UNIT ( .MILLI., .METRE. ) );
#2850 = ORIENTED_EDGE ( 'NONE', *, *, #809, .T. ) ;
#2851 = ORIENTED_EDGE ( 'NONE', *, *, #1549, .T. ) ;
#2852 = CARTESIAN_POINT ( 'NONE',  ( -1.373677411986096164, -4.900000000000001243, 1.412931107150833476 ) ) ;
#2853 = B_SPLINE_CURVE_WITH_KNOTS ( 'NONE', 3,
 ( #6272, #3932, #1491, #2899, #4855, #2863, #5886, #1882, #2412, #3347, #929 ),
 .UNSPECIFIED., .F., .F.,
 ( 4, 1, 1, 1, 1, 1, 1, 1, 4 ),
 ( 0.000000000000000000, 0.1116703001015859759, 0.2320944808560173322, 0.3627434591045533008, 0.5025575097108855305, 0.6415251033312813211, 0.7710984952996683406, 0.8901617573732526489, 1.000000000000000000 ),
 .UNSPECIFIED. ) ;
#2854 = CARTESIAN_POINT ( 'NONE',  ( 0.000000000000000000, 0.000000000000000000, 8.800000000000000711 ) ) ;
#2855 =( NAMED_UNIT ( * ) PLANE_ANGLE_UNIT ( ) SI_UNIT ( $, .RADIAN. ) );
#2856 = EDGE_LOOP ( 'NONE', ( #323, #1149, #1496, #1415, #1585, #3163 ) ) ;
#2857 = EDGE_CURVE ( 'NONE', #730, #745, #4696, .T. ) ;
#2858 = VERTEX_POINT ( 'NONE', #1653 ) ;
#2859 = DIRECTION ( 'NONE',  ( -0.000000000000000000, -1.000000000000000000, -0.000000000000000000 ) ) ;
#2860 = CARTESIAN_POINT ( 'NONE',  ( 1.261193765907706377, -4.900000000000000355, 4.156797796990637117 ) ) ;
#2861 = LINE ( 'NONE', #836, #597 ) ;
#2862 = CARTESIAN_POINT ( 'NONE',  ( 0.6700000000000000400, -4.385469253936326695, 6.036469253936333601 ) ) ;
#2863 = CARTESIAN_POINT ( 'NONE',  ( -1.434405334225934636, -4.900000000000000355, 3.891661015591274531 ) ) ;
#2864 = DIRECTION ( 'NONE',  ( 1.000000000000000000, 2.370171394487659802E-13, 0.000000000000000000 ) ) ;
#2865 = CARTESIAN_POINT ( 'NONE',  ( 1.431693357894830987, -4.900000000000003020, 3.492618653730502398 ) ) ;
#2866 = PRESENTATION_STYLE_ASSIGNMENT (( #5800 ) ) ;
#2867 = ADVANCED_FACE ( 'NONE', ( #4566 ), #2159, .T. ) ;
#2868 = DIRECTION ( 'NONE',  ( -0.000000000000000000, -0.000000000000000000, 1.000000000000000000 ) ) ;
#2869 = UNCERTAINTY_MEASURE_WITH_UNIT (LENGTH_MEASURE( 1.000000000000000082E-05 ), #4360, 'distance_accuracy_value', 'NONE');
#2870 = CARTESIAN_POINT ( 'NONE',  ( -0.2119101279706146201, -4.949999999999998401, 2.066110545126630171 ) ) ;
#2871 = CARTESIAN_POINT ( 'NONE',  ( 0.5023076923076921219, -4.900000000000000355, 0.6990000000000001767 ) ) ;
#2872 = CARTESIAN_POINT ( 'NONE',  ( 1.112663461538461407, -4.950000000000000178, 3.442597756410255894 ) ) ;
#2873 = VECTOR ( 'NONE', #835, 1000.000000000000000 ) ;
#2874 = EDGE_LOOP ( 'NONE', ( #649, #249, #3578, #3364 ) ) ;
#2875 = CARTESIAN_POINT ( 'NONE',  ( 1.012969826856976008, -4.950000000000000178, 3.113801977870066739 ) ) ;
#2876 = CARTESIAN_POINT ( 'NONE',  ( 1.100937516356728541, -4.950000000000001066, 3.433299981694235559 ) ) ;
#2877 = COLOUR_RGB ( '',1.000000000000000000, 1.000000000000000000, 1.000000000000000000 ) ;
#2878 = CARTESIAN_POINT ( 'NONE',  ( -1.276156937761283805, -4.949999999999999289, 4.225479639996300385 ) ) ;
#2879 =( NAMED_UNIT ( * ) PLANE_ANGLE_UNIT ( ) SI_UNIT ( $, .RADIAN. ) );
#2880 = VECTOR ( 'NONE', #1672, 1000.000000000000000 ) ;
#2881 = PLANE ( 'NONE',  #3519 ) ;
#2882 = LINE ( 'NONE', #5421, #3560 ) ;
#2883 = SURFACE_STYLE_FILL_AREA ( #3795 ) ;
#2884 = AXIS2_PLACEMENT_3D ( 'NONE', #4840, #5831, #435 ) ;
#2885 = VERTEX_POINT ( 'NONE', #1937 ) ;
#2886 = MECHANICAL_DESIGN_GEOMETRIC_PRESENTATION_REPRESENTATION (  '', ( #256 ), #1976 ) ;
#2887 = VERTEX_POINT ( 'NONE', #2825 ) ;
#2888 =( LENGTH_UNIT ( ) NAMED_UNIT ( * ) SI_UNIT ( .MILLI., .METRE. ) );
#2889 = CARTESIAN_POINT ( 'NONE',  ( -1.570000000000000728, -3.910000000000001030, -0.001000000000000132727 ) ) ;
#2890 = PRESENTATION_LAYER_ASSIGNMENT (  '', '', ( #2377 ) ) ;
#2891 = DIRECTION ( 'NONE',  ( -1.367242359578592995E-16, 1.000000000000000000, -0.000000000000000000 ) ) ;
#2892 = CARTESIAN_POINT ( 'NONE',  ( -0.7641664680140574095, -4.950000000000002842, 0.6855724702486077904 ) ) ;
#2893 = VERTEX_POINT ( 'NONE', #948 ) ;
#2894 = EDGE_LOOP ( 'NONE', ( #279, #4614, #2820, #5566 ) ) ;
#2895 =( LENGTH_UNIT ( ) NAMED_UNIT ( * ) SI_UNIT ( .MILLI., .METRE. ) );
#2896 = VECTOR ( 'NONE', #2623, 1000.000000000000000 ) ;
#2897 = CARTESIAN_POINT ( 'NONE',  ( 1.233817307692307352, -4.900000000000000355, 4.157461538461538098 ) ) ;
#2898 = MECHANICAL_DESIGN_GEOMETRIC_PRESENTATION_REPRESENTATION (  '', ( #6021 ), #813 ) ;
#2899 = CARTESIAN_POINT ( 'NONE',  ( -1.349662835571068253, -4.900000000000002132, 3.949947488484733427 ) ) ;
#2900 = EDGE_CURVE ( 'NONE', #5177, #2858, #443, .T. ) ;
#2901 = DIRECTION ( 'NONE',  ( 1.000000000000000000, -0.000000000000000000, -0.000000000000000000 ) ) ;
#2902 = CARTESIAN_POINT ( 'NONE',  ( -1.213895752620250734, -4.950000000000001066, 0.9364978877753319386 ) ) ;
#2903 = VECTOR ( 'NONE', #332, 1000.000000000000000 ) ;
#2904 = VERTEX_POINT ( 'NONE', #2339 ) ;
#2905 = UNCERTAINTY_MEASURE_WITH_UNIT (LENGTH_MEASURE( 1.000000000000000082E-05 ), #583, 'distance_accuracy_value', 'NONE');
#2906 = ADVANCED_FACE ( 'NONE', ( #4785 ), #2599, .T. ) ;
#2907 = DIRECTION ( 'NONE',  ( 0.000000000000000000, 0.000000000000000000, -1.000000000000000000 ) ) ;
#2908 = ORIENTED_EDGE ( 'NONE', *, *, #2277, .F. ) ;
#2909 = CARTESIAN_POINT ( 'NONE',  ( -1.281538461538461959, -4.900000000000000355, 2.918999999999999595 ) ) ;
#2910 = DIRECTION ( 'NONE',  ( 0.000000000000000000, -0.000000000000000000, 1.000000000000000000 ) ) ;
#2911 = PRESENTATION_STYLE_ASSIGNMENT (( #407 ) ) ;
#2912 = DIRECTION ( 'NONE',  ( -1.000000000000000000, 0.000000000000000000, 0.000000000000000000 ) ) ;
#2913 = FILL_AREA_STYLE_COLOUR ( '', #770 ) ;
#2914 = LINE ( 'NONE', #1992, #6069 ) ;
#2915 = ORIENTED_EDGE ( 'NONE', *, *, #1459, .F. ) ;
#2916 = ORIENTED_EDGE ( 'NONE', *, *, #5153, .T. ) ;
#2917 = CARTESIAN_POINT ( 'NONE',  ( 1.430947836142798524, -4.899999999999999467, 3.758311073751641196 ) ) ;
#2918 = MECHANICAL_DESIGN_GEOMETRIC_PRESENTATION_REPRESENTATION (  '', ( #177 ), #3239 ) ;
#2919 = CARTESIAN_POINT ( 'NONE',  ( -0.6700000000000000400, -2.449999999999990408, 4.800000000000000711 ) ) ;
#2920 = DIRECTION ( 'NONE',  ( 1.000000000000000000, -0.000000000000000000, -0.000000000000000000 ) ) ;
#2921 = DIRECTION ( 'NONE',  ( 0.2609090251427715890, -0.000000000000000000, 0.9653633930282671249 ) ) ;
#2922 = ORIENTED_EDGE ( 'NONE', *, *, #1618, .T. ) ;
#2923 = ORIENTED_EDGE ( 'NONE', *, *, #498, .F. ) ;
#2924 = AXIS2_PLACEMENT_3D ( 'NONE', #1495, #4412, #70 ) ;
#2925 = DIRECTION ( 'NONE',  ( 1.000000000000000000, 0.000000000000000000, 0.000000000000000000 ) ) ;
#2926 = SURFACE_STYLE_USAGE ( .BOTH. , #1553 ) ;
#2928 = FILL_AREA_STYLE_COLOUR ( '', #1166 ) ;
#2927 = PRESENTATION_LAYER_ASSIGNMENT (  '', '', ( #3435 ) ) ;
#2929 = CARTESIAN_POINT ( 'NONE',  ( -1.869999999999999885, -3.149999999999984368, 4.801000000000000156 ) ) ;
#2930 = CARTESIAN_POINT ( 'NONE',  ( -0.6699999999999998179, -6.449999999999990408, 8.001000000000001222 ) ) ;
#2931 = STYLED_ITEM ( 'NONE', ( #1090 ), #3625 ) ;
#2932 = VERTEX_POINT ( 'NONE', #4911 ) ;
#2933 = COLOUR_RGB ( '',1.000000000000000000, 0.8705882352941176627, 0.5254901960784313930 ) ;
#2934 = VECTOR ( 'NONE', #5679, 1000.000000000000000 ) ;
#2935 = CARTESIAN_POINT ( 'NONE',  ( -1.107689747869109675, -4.950000000000000178, 1.137525343762166852 ) ) ;
#2936 = UNCERTAINTY_MEASURE_WITH_UNIT (LENGTH_MEASURE( 1.000000000000000082E-05 ), #4138, 'distance_accuracy_value', 'NONE');
#2937 = SURFACE_SIDE_STYLE ('',( #2510 ) ) ;
#2938 = MECHANICAL_DESIGN_GEOMETRIC_PRESENTATION_REPRESENTATION (  '', ( #4179 ), #1615 ) ;
#2939 = LINE ( 'NONE', #3941, #3673 ) ;
#2940 = SURFACE_SIDE_STYLE ('',( #591 ) ) ;
#2941 = ORIENTED_EDGE ( 'NONE', *, *, #1618, .F. ) ;
#2942 = EDGE_CURVE ( 'NONE', #6253, #4584, #2558, .T. ) ;
#2943 = EDGE_CURVE ( 'NONE', #4144, #4623, #4522, .T. ) ;
#2944 = CARTESIAN_POINT ( 'NONE',  ( 1.001605769230768939, -4.900000000000000355, 3.098487179487178889 ) ) ;
#2945 = CARTESIAN_POINT ( 'NONE',  ( 1.100937516356728541, -4.900000000000000355, 3.433299981694235559 ) ) ;
#2946 =( NAMED_UNIT ( * ) PLANE_ANGLE_UNIT ( ) SI_UNIT ( $, .RADIAN. ) );
#2947 = DIRECTION ( 'NONE',  ( 0.000000000000000000, 1.000000000000000000, 0.000000000000000000 ) ) ;
#2948 = CARTESIAN_POINT ( 'NONE',  ( 0.9699999999999995293, -3.710000000000000853, -3.850000000000000089 ) ) ;
#2949 = CARTESIAN_POINT ( 'NONE',  ( 1.511352546226146565, -4.949999999999999289, 3.573914309273614975 ) ) ;
#2950 = ORIENTED_EDGE ( 'NONE', *, *, #6018, .T. ) ;
#2951 = EDGE_CURVE ( 'NONE', #3155, #3911, #1996, .T. ) ;
#2952 = ORIENTED_EDGE ( 'NONE', *, *, #4634, .F. ) ;
#2953 = CARTESIAN_POINT ( 'NONE',  ( 0.7866523358824722978, -4.950000000000000178, 3.033480434322768815 ) ) ;
#2954 = DIRECTION ( 'NONE',  ( -1.000000000000000000, 0.000000000000000000, 0.000000000000000000 ) ) ;
#2955 = CARTESIAN_POINT ( 'NONE',  ( 0.9538093358730753701, -4.950000000000000178, 4.242120592134414281 ) ) ;
#2956 = CARTESIAN_POINT ( 'NONE',  ( 1.640396510466052726, -4.950000000000000178, 4.083939115383251384 ) ) ;
#2957 = SURFACE_SIDE_STYLE ('',( #4787 ) ) ;
#2958 = EDGE_LOOP ( 'NONE', ( #2104, #4426, #5270, #243 ) ) ;
#2959 = ORIENTED_EDGE ( 'NONE', *, *, #4746, .T. ) ;
#2960 = EDGE_CURVE ( 'NONE', #2111, #5625, #982, .T. ) ;
#2961 = CARTESIAN_POINT ( 'NONE',  ( 3.270000000000000462, 4.950000000000000178, -0.001000000000000024307 ) ) ;
#2962 =( NAMED_UNIT ( * ) PLANE_ANGLE_UNIT ( ) SI_UNIT ( $, .RADIAN. ) );
#2963 = SURFACE_STYLE_USAGE ( .BOTH. , #5438 ) ;
#2964 = CARTESIAN_POINT ( 'NONE',  ( -1.373324811568194193, -4.899999999999999467, 1.459241976356671744 ) ) ;
#2965 = DIRECTION ( 'NONE',  ( -0.000000000000000000, -1.000000000000000000, -0.000000000000000000 ) ) ;
#2966 = EDGE_LOOP ( 'NONE', ( #5997, #6228, #3645, #802 ) ) ;
#2967 = CARTESIAN_POINT ( 'NONE',  ( -0.8140314180354011331, -4.950000000000000178, 0.8735218177870142098 ) ) ;
#2968 = DIRECTION ( 'NONE',  ( -0.000000000000000000, -0.000000000000000000, -1.000000000000000000 ) ) ;
#2969 = CARTESIAN_POINT ( 'NONE',  ( -0.6614062500000003064, -4.950000000000000178, 2.218230769230769006 ) ) ;
#2970 = PRESENTATION_STYLE_ASSIGNMENT (( #4006 ) ) ;
#2971 = LINE ( 'NONE', #3004, #2055 ) ;
#2972 = ORIENTED_EDGE ( 'NONE', *, *, #3405, .F. ) ;
#2973 = FILL_AREA_STYLE_COLOUR ( '', #2664 ) ;
#2974 =( LENGTH_UNIT ( ) NAMED_UNIT ( * ) SI_UNIT ( .MILLI., .METRE. ) );
#2975 = LINE ( 'NONE', #3526, #4142 ) ;
#2976 = SURFACE_STYLE_USAGE ( .BOTH. , #914 ) ;
#2977 = COLOUR_RGB ( '',1.000000000000000000, 1.000000000000000000, 1.000000000000000000 ) ;
#2978 = EDGE_CURVE ( 'NONE', #49, #1396, #2463, .T. ) ;
#2979 = VERTEX_POINT ( 'NONE', #4455 ) ;
#2980 = ORIENTED_EDGE ( 'NONE', *, *, #1538, .T. ) ;
#2981 = CARTESIAN_POINT ( 'NONE',  ( 1.469999999999999973, -3.910000000000001030, -3.850000000000000089 ) ) ;
#2982 = CARTESIAN_POINT ( 'NONE',  ( -0.3862377479396150726, -4.900000000000001243, 0.7310299466340782759 ) ) ;
#2983 = CARTESIAN_POINT ( 'NONE',  ( -0.9037344442310140114, -4.900000000000001243, 0.9122370282363596594 ) ) ;
#2984 = VECTOR ( 'NONE', #4362, 1000.000000000000000 ) ;
#2985 = EDGE_CURVE ( 'NONE', #1488, #1440, #3952, .T. ) ;
#2986 = CARTESIAN_POINT ( 'NONE',  ( 1.453946578916150090, -4.950000000000000178, 4.276329552295953462 ) ) ;
#2987 = CARTESIAN_POINT ( 'NONE',  ( 1.362066269056055212, -4.900000000000000355, 3.428727814107232597 ) ) ;
#2988 = CARTESIAN_POINT ( 'NONE',  ( -0.9961878421483516544, -4.950000000000001066, 0.7567505720810479009 ) ) ;
#2989 = ORIENTED_EDGE ( 'NONE', *, *, #819, .T. ) ;
#2990 = ORIENTED_EDGE ( 'NONE', *, *, #889, .F. ) ;
#2991 = FILL_AREA_STYLE_COLOUR ( '', #3486 ) ;
#2992 =( GEOMETRIC_REPRESENTATION_CONTEXT ( 3 ) GLOBAL_UNCERTAINTY_ASSIGNED_CONTEXT ( ( #2086 ) ) GLOBAL_UNIT_ASSIGNED_CONTEXT ( ( #1041, #56, #4425 ) ) REPRESENTATION_CONTEXT ( 'NONE', 'WORKASPACE' ) );
#2993 = CARTESIAN_POINT ( 'NONE',  ( -0.1626690997974142294, -4.900000000000001243, 1.425045901667517878 ) ) ;
#2994 = STYLED_ITEM ( 'NONE', ( #5895 ), #2505 ) ;
#2995 = CARTESIAN_POINT ( 'NONE',  ( -1.870000000000000107, -2.449999999999989519, 8.800000000000000711 ) ) ;
#2996 = CARTESIAN_POINT ( 'NONE',  ( 0.04923076923076885603, -4.900000000000000355, 1.446596153846154253 ) ) ;
#2997 = DIRECTION ( 'NONE',  ( 0.000000000000000000, 0.000000000000000000, 1.000000000000000000 ) ) ;
#2998 = CARTESIAN_POINT ( 'NONE',  ( -0.7373332367417190225, -4.949999999999999289, 2.216475040104009420 ) ) ;
#2999 = CARTESIAN_POINT ( 'NONE',  ( 1.233817307692307352, -4.900000000000000355, 4.157461538461538098 ) ) ;
#3000 = VERTEX_POINT ( 'NONE', #2182 ) ;
#3001 = CARTESIAN_POINT ( 'NONE',  ( -0.2222833121817703317, -4.899999999999999467, 1.762656636853738190 ) ) ;
#3002 = DIRECTION ( 'NONE',  ( 0.000000000000000000, 0.000000000000000000, -1.000000000000000000 ) ) ;
#3003 = SURFACE_STYLE_USAGE ( .BOTH. , #5356 ) ;
#3004 = CARTESIAN_POINT ( 'NONE',  ( 0.9699999999999995293, -3.710000000000000853, -0.001000000000000132727 ) ) ;
#3005 = ORIENTED_EDGE ( 'NONE', *, *, #3627, .T. ) ;
#3006 = DIRECTION ( 'NONE',  ( -0.000000000000000000, 0.7808688094430308313, 0.6246950475544235104 ) ) ;
#3007 = CARTESIAN_POINT ( 'NONE',  ( -1.537981457300628074, -4.950000000000000178, 4.003316605971175335 ) ) ;
#3008 = SURFACE_STYLE_FILL_AREA ( #5832 ) ;
#3009 = CARTESIAN_POINT ( 'NONE',  ( 0.6700000000000002620, -3.649999999999990141, 5.301000000000002821 ) ) ;
#3010 = DIRECTION ( 'NONE',  ( 3.614007241618349264E-16, 0.000000000000000000, -1.000000000000000000 ) ) ;
#3011 = ORIENTED_EDGE ( 'NONE', *, *, #4634, .T. ) ;
#3012 = CARTESIAN_POINT ( 'NONE',  ( 1.637327588810457923, -4.900000000000002132, 3.767415401426727595 ) ) ;
#3013 = SURFACE_STYLE_USAGE ( .BOTH. , #85 ) ;
#3014 = ADVANCED_FACE ( 'NONE', ( #3115 ), #3704, .F. ) ;
#3015 = CARTESIAN_POINT ( 'NONE',  ( 0.01397607919114228492, -4.899999999999999467, 1.182566826308319996 ) ) ;
#3016 = CARTESIAN_POINT ( 'NONE',  ( -0.7657618213453717404, -4.900000000000000355, 0.8616042867902181657 ) ) ;
#3017 = FACE_OUTER_BOUND ( 'NONE', #627, .T. ) ;
#3018 = CARTESIAN_POINT ( 'NONE',  ( 1.537572713565980687, -4.950000000000001066, 3.604550092611878309 ) ) ;
#3019 = DIRECTION ( 'NONE',  ( 0.000000000000000000, 0.000000000000000000, -1.000000000000000000 ) ) ;
#3020 = ORIENTED_EDGE ( 'NONE', *, *, #693, .F. ) ;
#3021 = EDGE_LOOP ( 'NONE', ( #6159, #3011, #4129, #5191 ) ) ;
#3022 = EDGE_CURVE ( 'NONE', #2130, #1440, #2122, .T. ) ;
#3023 = EDGE_CURVE ( 'NONE', #1332, #2117, #3640, .T. ) ;
#3024 = DIRECTION ( 'NONE',  ( -1.000000000000000000, 0.000000000000000000, 0.000000000000000000 ) ) ;
#3025 = CARTESIAN_POINT ( 'NONE',  ( 1.461888471791588318, -4.949999999999999289, 4.038951151320748778 ) ) ;
#3026 = CARTESIAN_POINT ( 'NONE',  ( -0.8808678519622531455, -4.900000000000000355, 2.190147594842954515 ) ) ;
#3027 = CARTESIAN_POINT ( 'NONE',  ( 1.870000000000000107, -2.449999999999989519, 8.800000000000000711 ) ) ;
#3028 = CARTESIAN_POINT ( 'NONE',  ( -0.3991446019956378377, -4.949999999999998401, 1.971233929658173123 ) ) ;
#3029 = VERTEX_POINT ( 'NONE', #4654 ) ;
#3030 = CARTESIAN_POINT ( 'NONE',  ( -1.083380396623696118, -4.950000000000000178, 1.089966371421184466 ) ) ;
#3031 = CARTESIAN_POINT ( 'NONE',  ( -0.4902188309914858322, -4.900000000000000355, 2.016812162577814149 ) ) ;
#3032 =( GEOMETRIC_REPRESENTATION_CONTEXT ( 3 ) GLOBAL_UNCERTAINTY_ASSIGNED_CONTEXT ( ( #2723 ) ) GLOBAL_UNIT_ASSIGNED_CONTEXT ( ( #5324, #2946, #1006 ) ) REPRESENTATION_CONTEXT ( 'NONE', 'WORKASPACE' ) );
#3033 = CARTESIAN_POINT ( 'NONE',  ( 1.022735256371622548, -4.950000000000000178, 4.280167350164756357 ) ) ;
#3034 = STYLED_ITEM ( 'NONE', ( #2068 ), #3635 ) ;
#3035 = CARTESIAN_POINT ( 'NONE',  ( -1.870000000000000107, -2.449999999999990408, 4.801000000000000156 ) ) ;
#3036 = MECHANICAL_DESIGN_GEOMETRIC_PRESENTATION_REPRESENTATION (  '', ( #2013 ), #901 ) ;
#3037 = CARTESIAN_POINT ( 'NONE',  ( 0.7710581827498508289, -4.900000000000000355, 2.929667427671659663 ) ) ;
#3038 =( GEOMETRIC_REPRESENTATION_CONTEXT ( 3 ) GLOBAL_UNCERTAINTY_ASSIGNED_CONTEXT ( ( #5171 ) ) GLOBAL_UNIT_ASSIGNED_CONTEXT ( ( #2658, #5208, #1214 ) ) REPRESENTATION_CONTEXT ( 'NONE', 'WORKASPACE' ) );
#3039 = ORIENTED_EDGE ( 'NONE', *, *, #1419, .F. ) ;
#3040 = ADVANCED_FACE ( 'NONE', ( #218 ), #790, .F. ) ;
#3041 = CARTESIAN_POINT ( 'NONE',  ( 0.5143269230769229594, -4.950000000000000178, 2.199000000000000288 ) ) ;
#3042 = PRESENTATION_STYLE_ASSIGNMENT (( #110 ) ) ;
#3043 = FILL_AREA_STYLE_COLOUR ( '', #2067 ) ;
#3044 = LINE ( 'NONE', #5390, #2695 ) ;
#3045 = STYLED_ITEM ( 'NONE', ( #5093 ), #372 ) ;
#3046 = LINE ( 'NONE', #1107, #3540 ) ;
#3047 = UNCERTAINTY_MEASURE_WITH_UNIT (LENGTH_MEASURE( 1.000000000000000082E-05 ), #149, 'distance_accuracy_value', 'NONE');
#3048 = AXIS2_PLACEMENT_3D ( 'NONE', #494, #5024, #5479 ) ;
#3049 = ORIENTED_EDGE ( 'NONE', *, *, #105, .T. ) ;
#3050 = DIRECTION ( 'NONE',  ( 0.000000000000000000, 0.000000000000000000, -1.000000000000000000 ) ) ;
#3051 = PRODUCT_DEFINITION_SHAPE ( 'NONE', 'NONE',  #5744 ) ;
#3052 = CARTESIAN_POINT ( 'NONE',  ( -0.4750215480779613197, -4.900000000000000355, 0.7020646734225793884 ) ) ;
#3053 = DIRECTION ( 'NONE',  ( 0.000000000000000000, 0.000000000000000000, -1.000000000000000000 ) ) ;
#3054 = CARTESIAN_POINT ( 'NONE',  ( -0.2601263801481266125, -4.950000000000001066, 0.7950601014748902573 ) ) ;
#3055 = CARTESIAN_POINT ( 'NONE',  ( 1.522653554238256435, -4.950000000000000178, 4.234597478207096088 ) ) ;
#3056 = SURFACE_STYLE_USAGE ( .BOTH. , #673 ) ;
#3057 = CARTESIAN_POINT ( 'NONE',  ( -1.373342463009662451, -4.950000000000001954, 1.380700688350334548 ) ) ;
#3058 = ORIENTED_EDGE ( 'NONE', *, *, #3488, .F. ) ;
#3059 = ORIENTED_EDGE ( 'NONE', *, *, #785, .T. ) ;
#3060 = CARTESIAN_POINT ( 'NONE',  ( 1.652944513659435399, -4.899999999999999467, 4.048362181288251094 ) ) ;
#3061 = SURFACE_STYLE_USAGE ( .BOTH. , #3510 ) ;
#3062 = DIRECTION ( 'NONE',  ( -0.000000000000000000, -1.000000000000000000, -0.000000000000000000 ) ) ;
#3063 = EDGE_CURVE ( 'NONE', #6024, #5835, #2692, .T. ) ;
#3064 = CARTESIAN_POINT ( 'NONE',  ( 1.444615384615384412, -4.950000000000000178, 2.199000000000000288 ) ) ;
#3065 = CARTESIAN_POINT ( 'NONE',  ( -0.3197782382544028246, -4.899999999999999467, 1.907115355154449743 ) ) ;
#3066 = CARTESIAN_POINT ( 'NONE',  ( -0.6700000000000000400, -2.449999999999990408, 4.800000000000000711 ) ) ;
#3067 = LINE ( 'NONE', #4573, #5103 ) ;
#3068 = CARTESIAN_POINT ( 'NONE',  ( -0.1623076923076927081, -4.950000000000000178, 1.448098557692307775 ) ) ;
#3069 = CARTESIAN_POINT ( 'NONE',  ( 0.7890256410256406561, -4.950000000000000178, 3.924128205128205149 ) ) ;
#3070 = EDGE_CURVE ( 'NONE', #4674, #4141, #3149, .T. ) ;
#3071 = CARTESIAN_POINT ( 'NONE',  ( -0.3392960179171980450, -4.950000000000000178, 0.9713712711711781633 ) ) ;
#3072 = ORIENTED_EDGE ( 'NONE', *, *, #5693, .T. ) ;
#3073 = ORIENTED_EDGE ( 'NONE', *, *, #4126, .F. ) ;
#3074 = PLANE ( 'NONE',  #3498 ) ;
#3075 =( NAMED_UNIT ( * ) SI_UNIT ( $, .STERADIAN. ) SOLID_ANGLE_UNIT ( ) );
#3076 = ORIENTED_EDGE ( 'NONE', *, *, #1204, .T. ) ;
#3077 = CARTESIAN_POINT ( 'NONE',  ( 1.294410763100100059, -4.899999999999999467, 3.370409267913571316 ) ) ;
#3078 = CARTESIAN_POINT ( 'NONE',  ( -0.6623076923076925970, -4.900000000000000355, 0.6797692307692310143 ) ) ;
#3079 = PRESENTATION_LAYER_ASSIGNMENT (  '', '', ( #647 ) ) ;
#3080 = LINE ( 'NONE', #254, #967 ) ;
#3081 = CARTESIAN_POINT ( 'NONE',  ( 0.7898669871794867792, -4.950000000000000178, 3.043519230769230255 ) ) ;
#3082 = CARTESIAN_POINT ( 'NONE',  ( 1.280091346153845677, -4.950000000000000178, 3.358182692307691841 ) ) ;
#3083 =( LENGTH_UNIT ( ) NAMED_UNIT ( * ) SI_UNIT ( .MILLI., .METRE. ) );
#3084 = CARTESIAN_POINT ( 'NONE',  ( -3.770000000000000906, 1.699999999999999956, 8.800000000000000711 ) ) ;
#3085 = VECTOR ( 'NONE', #1518, 1000.000000000000000 ) ;
#3086 = CARTESIAN_POINT ( 'NONE',  ( -1.150986218293242214, -4.900000000000002132, 0.8670242502433836984 ) ) ;
#3087 = ORIENTED_EDGE ( 'NONE', *, *, #418, .T. ) ;
#3088 = STYLED_ITEM ( 'NONE', ( #432 ), #5040 ) ;
#3089 = ORIENTED_EDGE ( 'NONE', *, *, #5153, .F. ) ;
#3090 = CARTESIAN_POINT ( 'NONE',  ( -1.364027930381286779, -4.949999999999999289, 4.131179871662111758 ) ) ;
#3091 = DIRECTION ( 'NONE',  ( 1.807003620809174632E-16, -1.000000000000000000, 0.000000000000000000 ) ) ;
#3092 = AXIS2_PLACEMENT_3D ( 'NONE', #170, #3102, #3590 ) ;
#3093 = DIRECTION ( 'NONE',  ( -1.000000000000000000, 0.000000000000000000, 0.000000000000000000 ) ) ;
#3094 = CARTESIAN_POINT ( 'NONE',  ( -1.069186450780428288, -4.950000000000000178, 2.101454857183637337 ) ) ;
#3095 = CARTESIAN_POINT ( 'NONE',  ( -0.2222833121817703317, -4.899999999999999467, 1.762656636853738190 ) ) ;
#3096 = ORIENTED_EDGE ( 'NONE', *, *, #6087, .F. ) ;
#3097 =( GEOMETRIC_REPRESENTATION_CONTEXT ( 3 ) GLOBAL_UNCERTAINTY_ASSIGNED_CONTEXT ( ( #1140 ) ) GLOBAL_UNIT_ASSIGNED_CONTEXT ( ( #1911, #1315, #3314 ) ) REPRESENTATION_CONTEXT ( 'NONE', 'WORKASPACE' ) );
#3098 = STYLED_ITEM ( 'NONE', ( #5638 ), #2670 ) ;
#3099 =( LENGTH_UNIT ( ) NAMED_UNIT ( * ) SI_UNIT ( .MILLI., .METRE. ) );
#3100 = EDGE_CURVE ( 'NONE', #4141, #1986, #4052, .T. ) ;
#3101 = LINE ( 'NONE', #137, #5193 ) ;
#3102 = DIRECTION ( 'NONE',  ( 0.000000000000000000, 1.000000000000000000, 0.000000000000000000 ) ) ;
#3103 = CARTESIAN_POINT ( 'NONE',  ( 0.8307755860468750697, -4.900000000000000355, 4.093781576941938560 ) ) ;
#3104 = AXIS2_PLACEMENT_3D ( 'NONE', #921, #5308, #4811 ) ;
#3105 = CARTESIAN_POINT ( 'NONE',  ( 1.870000000000000551, -2.449999999999990408, 8.001000000000001222 ) ) ;
#3106 = B_SPLINE_CURVE_WITH_KNOTS ( 'NONE', 3,
 ( #3229, #3281, #1398, #358, #924, #4281, #4816, #2376, #4345, #1284, #1908, #4721, #3870, #3312, #862, #6242, #4699, #2797, #1372 ),
 .UNSPECIFIED., .F., .F.,
 ( 4, 1, 1, 1, 1, 1, 1, 1, 1, 1, 1, 1, 1, 1, 1, 1, 4 ),
 ( 0.000000000000000000, 0.05594313335691826483, 0.1103820356898404936, 0.1640478588828495898, 0.2167594775435857102, 0.2696011346144469578, 0.3230085051908686555, 0.3775814436721359191, 0.4334493367080535786, 0.4909218580498928008, 0.5506247708713253308, 0.6131168723098182616, 0.6798607463518505645, 0.7513577440202003910, 0.8282611012589942145, 0.9107950320656291732, 1.000000000000000000 ),
 .UNSPECIFIED. ) ;
#3107 =( NAMED_UNIT ( * ) SI_UNIT ( $, .STERADIAN. ) SOLID_ANGLE_UNIT ( ) );
#3108 = EDGE_LOOP ( 'NONE', ( #2336, #2697, #986, #3294, #2072, #5010, #2980, #2441, #1282, #5979, #529, #1776, #1810, #463, #1905, #834 ) ) ;
#3109 = VECTOR ( 'NONE', #5870, 1000.000000000000000 ) ;
#3110 = EDGE_CURVE ( 'NONE', #5469, #5828, #3080, .T. ) ;
#3111 = CARTESIAN_POINT ( 'NONE',  ( -0.6770581931940566900, -4.949999999999995737, 2.044819135020045309 ) ) ;
#3112 = ORIENTED_EDGE ( 'NONE', *, *, #4107, .T. ) ;
#3113 = DIRECTION ( 'NONE',  ( 0.000000000000000000, 0.000000000000000000, -1.000000000000000000 ) ) ;
#3114 = FACE_OUTER_BOUND ( 'NONE', #2580, .T. ) ;
#3115 = FACE_OUTER_BOUND ( 'NONE', #2729, .T. ) ;
#3116 = CARTESIAN_POINT ( 'NONE',  ( 1.100937516356728541, -4.950000000000000178, 3.433299981694235559 ) ) ;
#3117 = CARTESIAN_POINT ( 'NONE',  ( -0.7373332367417190225, -4.949999999999999289, 2.216475040104009420 ) ) ;
#3118 = DIRECTION ( 'NONE',  ( 0.000000000000000000, 0.000000000000000000, -1.000000000000000000 ) ) ;
#3119 = CARTESIAN_POINT ( 'NONE',  ( -2.770000000000000906, -1.699999999999999956, 1.800000000000000488 ) ) ;
#3120 = ORIENTED_EDGE ( 'NONE', *, *, #5350, .F. ) ;
#3121 = EDGE_LOOP ( 'NONE', ( #4444, #3450, #5551, #4748 ) ) ;
#3122 = SURFACE_STYLE_FILL_AREA ( #6107 ) ;
#3123 = CARTESIAN_POINT ( 'NONE',  ( -0.6462739832631201331, -4.900000000000000355, 0.6800828627205967036 ) ) ;
#3124 = CARTESIAN_POINT ( 'NONE',  ( 0.04444674375028859203, -4.950000000000001066, 1.554739873201401057 ) ) ;
#3125 = FILL_AREA_STYLE_COLOUR ( '', #764 ) ;
#3126 = SURFACE_STYLE_USAGE ( .BOTH. , #6023 ) ;
#3127 = VERTEX_POINT ( 'NONE', #6143 ) ;
#3128 = FACE_OUTER_BOUND ( 'NONE', #4230, .T. ) ;
#3129 = FACE_OUTER_BOUND ( 'NONE', #4008, .T. ) ;
#3130 = CARTESIAN_POINT ( 'NONE',  ( 2.770000000000000462, -1.699999999999999956, 1.800000000000000488 ) ) ;
#3131 = CARTESIAN_POINT ( 'NONE',  ( -1.582186823394634345, -4.899999999999999467, 3.980550753931659358 ) ) ;
#3132 = CARTESIAN_POINT ( 'NONE',  ( 0.8706996512911452379, -4.949999999999999289, 4.162046513128417224 ) ) ;
#3133 = CARTESIAN_POINT ( 'NONE',  ( 1.080518721978244834, -4.950000000000000178, 4.120152759901196227 ) ) ;
#3134 = ORIENTED_EDGE ( 'NONE', *, *, #5989, .F. ) ;
#3135 =( NAMED_UNIT ( * ) PLANE_ANGLE_UNIT ( ) SI_UNIT ( $, .RADIAN. ) );
#3136 = ORIENTED_EDGE ( 'NONE', *, *, #2080, .T. ) ;
#3137 = AXIS2_PLACEMENT_3D ( 'NONE', #4055, #3537, #2628 ) ;
#3138 = MECHANICAL_DESIGN_GEOMETRIC_PRESENTATION_REPRESENTATION (  '', ( #5601 ), #2408 ) ;
#3139 = VECTOR ( 'NONE', #6157, 1000.000000000000000 ) ;
#3140 = AXIS2_PLACEMENT_3D ( 'NONE', #2621, #3701, #5559 ) ;
#3141 = EDGE_CURVE ( 'NONE', #3000, #2714, #2591, .T. ) ;
#3142 = ADVANCED_FACE ( 'NONE', ( #1234 ), #5135, .F. ) ;
#3143 = MECHANICAL_DESIGN_GEOMETRIC_PRESENTATION_REPRESENTATION (  '', ( #2931 ), #3765 ) ;
#3144 = ORIENTED_EDGE ( 'NONE', *, *, #2088, .F. ) ;
#3145 = PLANE ( 'NONE',  #5952 ) ;
#3146 = PLANE ( 'NONE',  #400 ) ;
#3147 =( LENGTH_UNIT ( ) NAMED_UNIT ( * ) SI_UNIT ( .MILLI., .METRE. ) );
#3148 = PRESENTATION_LAYER_ASSIGNMENT (  '', '', ( #815 ) ) ;
#3149 = LINE ( 'NONE', #4587, #1779 ) ;
#3150 = VECTOR ( 'NONE', #2106, 1000.000000000000000 ) ;
#3151 = SURFACE_STYLE_USAGE ( .BOTH. , #1579 ) ;
#3152 = CARTESIAN_POINT ( 'NONE',  ( -1.222507036003868119, -4.950000000000001954, 1.954489237451109807 ) ) ;
#3153 = ADVANCED_FACE ( 'NONE', ( #2245 ), #940, .T. ) ;
#3154 = COLOUR_RGB ( '',1.000000000000000000, 1.000000000000000000, 1.000000000000000000 ) ;
#3155 = VERTEX_POINT ( 'NONE', #5232 ) ;
#3156 = ORIENTED_EDGE ( 'NONE', *, *, #661, .T. ) ;
#3157 = CARTESIAN_POINT ( 'NONE',  ( 0.9699999999999993072, 3.709999999999999964, -3.850000000000000089 ) ) ;
#3158 = CARTESIAN_POINT ( 'NONE',  ( 1.667764655841563526, -4.900000000000001243, 3.972465349045847471 ) ) ;
#3159 = DIRECTION ( 'NONE',  ( -0.000000000000000000, 1.000000000000000000, -0.000000000000000000 ) ) ;
#3160 = PRESENTATION_STYLE_ASSIGNMENT (( #5596 ) ) ;
#3161 =( NAMED_UNIT ( * ) SI_UNIT ( $, .STERADIAN. ) SOLID_ANGLE_UNIT ( ) );
#3162 = ADVANCED_FACE ( 'NONE', ( #3762 ), #6233, .F. ) ;
#3163 = ORIENTED_EDGE ( 'NONE', *, *, #4091, .F. ) ;
#3164 = CARTESIAN_POINT ( 'NONE',  ( -1.434405334225934636, -4.950000000000000178, 3.891661015591274531 ) ) ;
#3165 = FILL_AREA_STYLE_COLOUR ( '', #4933 ) ;
#3166 = CARTESIAN_POINT ( 'NONE',  ( 0.8706996512911452379, -4.899999999999999467, 4.162046513128417224 ) ) ;
#3167 = LINE ( 'NONE', #810, #3742 ) ;
#3168 = DIRECTION ( 'NONE',  ( -0.2609090251427717555, 0.000000000000000000, -0.9653633930282671249 ) ) ;
#3169 = CARTESIAN_POINT ( 'NONE',  ( -0.4199542255087583276, -4.950000000000002842, 0.9129928507601646759 ) ) ;
#3170 = SURFACE_SIDE_STYLE ('',( #2174 ) ) ;
#3171 = FACE_OUTER_BOUND ( 'NONE', #4435, .T. ) ;
#3172 = CARTESIAN_POINT ( 'NONE',  ( -0.7592674147457059153, -4.949999999999995737, 2.036817092688030684 ) ) ;
#3173 = VERTEX_POINT ( 'NONE', #2332 ) ;
#3174 = CARTESIAN_POINT ( 'NONE',  ( 1.068754943409445213, -4.949999999999999289, 3.178520037782412544 ) ) ;
#3175 = LINE ( 'NONE', #2147, #3770 ) ;
#3176 = UNCERTAINTY_MEASURE_WITH_UNIT (LENGTH_MEASURE( 1.000000000000000082E-05 ), #103, 'distance_accuracy_value', 'NONE');
#3177 = FILL_AREA_STYLE ('',( #670 ) ) ;
#3178 = CARTESIAN_POINT ( 'NONE',  ( -1.102051282051282666, -4.900000000000000355, 4.318999999999999950 ) ) ;
#3179 = CARTESIAN_POINT ( 'NONE',  ( 1.870000000000000551, -6.449999999999990408, 6.801000000000001933 ) ) ;
#3180 = ORIENTED_EDGE ( 'NONE', *, *, #6170, .F. ) ;
#3181 = ORIENTED_EDGE ( 'NONE', *, *, #4399, .F. ) ;
#3182 = CARTESIAN_POINT ( 'NONE',  ( 1.150773880177669239, -4.900000000000002132, 4.148752444356901492 ) ) ;
#3183 = VECTOR ( 'NONE', #4259, 1000.000000000000114 ) ;
#3184 = FACE_OUTER_BOUND ( 'NONE', #6172, .T. ) ;
#3185 = ADVANCED_FACE ( 'NONE', ( #1866 ), #2881, .F. ) ;
#3186 = CARTESIAN_POINT ( 'NONE',  ( 1.569999999999999396, 3.709999999999999964, -3.850000000000000089 ) ) ;
#3187 = CARTESIAN_POINT ( 'NONE',  ( -0.6699999999999995959, -6.449999999999990408, 6.801000000000001933 ) ) ;
#3188 = DIRECTION ( 'NONE',  ( -0.000000000000000000, -0.000000000000000000, 1.000000000000000000 ) ) ;
#3189 = SURFACE_STYLE_USAGE ( .BOTH. , #5572 ) ;
#3190 = VECTOR ( 'NONE', #1522, 1000.000000000000000 ) ;
#3191 = SURFACE_STYLE_USAGE ( .BOTH. , #2703 ) ;
#3192 = ORIENTED_EDGE ( 'NONE', *, *, #1673, .T. ) ;
#3193 = VECTOR ( 'NONE', #3923, 999.9999999999998863 ) ;
#3194 = DIRECTION ( 'NONE',  ( -1.367242359578592995E-16, 1.000000000000000000, 0.000000000000000000 ) ) ;
#3195 = COLOUR_RGB ( '',1.000000000000000000, 1.000000000000000000, 1.000000000000000000 ) ;
#3196 = CARTESIAN_POINT ( 'NONE',  ( -1.281538461538461959, -4.950000000000000178, 4.009945512820512370 ) ) ;
#3197 = CARTESIAN_POINT ( 'NONE',  ( -0.1626859564822430992, -4.949999999999999289, 1.492021363992232619 ) ) ;
#3198 = DIRECTION ( 'NONE',  ( 0.000000000000000000, -1.000000000000000000, 0.000000000000000000 ) ) ;
#3199 = DIRECTION ( 'NONE',  ( 1.807003620809174632E-16, -1.000000000000000000, 0.000000000000000000 ) ) ;
#3200 = PRESENTATION_LAYER_ASSIGNMENT (  '', '', ( #1763 ) ) ;
#3201 = CARTESIAN_POINT ( 'NONE',  ( -0.8519788110049142382, -4.950000000000001954, 2.010511926915531600 ) ) ;
#3202 = ORIENTED_EDGE ( 'NONE', *, *, #1974, .F. ) ;
#3203 = COLOUR_RGB ( '',1.000000000000000000, 0.8705882352941176627, 0.5254901960784313930 ) ;
#3204 = STYLED_ITEM ( 'NONE', ( #2717 ), #2474 ) ;
#3205 = VERTEX_POINT ( 'NONE', #3918 ) ;
#3206 = DIRECTION ( 'NONE',  ( 0.000000000000000000, 1.000000000000000000, 0.000000000000000000 ) ) ;
#3207 = AXIS2_PLACEMENT_3D ( 'NONE', #928, #5185, #4347 ) ;
#3208 = PLANE ( 'NONE',  #6221 ) ;
#3209 = DIRECTION ( 'NONE',  ( 1.000000000000000000, 0.000000000000000000, 0.000000000000000000 ) ) ;
#3210 = ORIENTED_EDGE ( 'NONE', *, *, #1691, .F. ) ;
#3211 = PRESENTATION_LAYER_ASSIGNMENT (  '', '', ( #1675 ) ) ;
#3212 = CARTESIAN_POINT ( 'NONE',  ( 1.244446385329669669, -4.950000000000000178, 3.329163894425283043 ) ) ;
#3213 = SURFACE_STYLE_FILL_AREA ( #2208 ) ;
#3214 = CARTESIAN_POINT ( 'NONE',  ( -1.870000000000000107, -2.449999999999990408, 4.800000000000000711 ) ) ;
#3215 =( NAMED_UNIT ( * ) SI_UNIT ( $, .STERADIAN. ) SOLID_ANGLE_UNIT ( ) );
#3216 = AXIS2_PLACEMENT_3D ( 'NONE', #2674, #2198, #1819 ) ;
#3217 = VERTEX_POINT ( 'NONE', #6320 ) ;
#3218 = EDGE_CURVE ( 'NONE', #1168, #4657, #3044, .T. ) ;
#3219 = ORIENTED_EDGE ( 'NONE', *, *, #519, .F. ) ;
#3220 = DIRECTION ( 'NONE',  ( -1.000000000000000000, 0.000000000000000000, 0.000000000000000000 ) ) ;
#3221 = FILL_AREA_STYLE_COLOUR ( '', #5138 ) ;
#3222 = B_SPLINE_CURVE_WITH_KNOTS ( 'NONE', 3,
 ( #2535, #6016, #3579, #5536, #1151, #3090, #5050, #2878, #4870, #405, #3300 ),
 .UNSPECIFIED., .F., .F.,
 ( 4, 1, 1, 1, 1, 1, 1, 1, 4 ),
 ( 0.000000000000000000, 0.1426572507006134971, 0.2811689939054440868, 0.4169771923679741477, 0.5508524927475574318, 0.6783641702618123936, 0.7950324430070943027, 0.9019981783473510761, 1.000000000000000000 ),
 .UNSPECIFIED. ) ;
#3223 = DIRECTION ( 'NONE',  ( -0.000000000000000000, -0.000000000000000000, 1.000000000000000000 ) ) ;
#3224 = CARTESIAN_POINT ( 'NONE',  ( -1.564344504434660665, -4.950000000000000178, 3.820100432631314380 ) ) ;
#3225 = VERTEX_POINT ( 'NONE', #4363 ) ;
#3226 = EDGE_CURVE ( 'NONE', #737, #5366, #5966, .T. ) ;
#3227 = EDGE_CURVE ( 'NONE', #1689, #4577, #3485, .T. ) ;
#3228 = CARTESIAN_POINT ( 'NONE',  ( 1.569999999999999396, 3.910000000000000142, -3.850000000000000089 ) ) ;
#3229 = CARTESIAN_POINT ( 'NONE',  ( -0.6602043269230772893, -4.900000000000000355, 2.045153846153846100 ) ) ;
#3230 = CARTESIAN_POINT ( 'NONE',  ( -0.5611197763822022289, -4.900000000000000355, 2.212879541608050449 ) ) ;
#3231 = CARTESIAN_POINT ( 'NONE',  ( -0.6623076923076925970, -4.950000000000001066, 0.6797692307692310143 ) ) ;
#3232 = LINE ( 'NONE', #5190, #1211 ) ;
#3233 = EDGE_CURVE ( 'NONE', #5814, #2681, #1930, .T. ) ;
#3234 = ORIENTED_EDGE ( 'NONE', *, *, #2581, .F. ) ;
#3235 = VECTOR ( 'NONE', #3469, 1000.000000000000114 ) ;
#3236 = CARTESIAN_POINT ( 'NONE',  ( 1.024303284362355404, -4.900000000000001243, 4.073603686376193522 ) ) ;
#3237 = DIRECTION ( 'NONE',  ( -0.9950371902099890420, 0.000000000000000000, 0.09950371902099963695 ) ) ;
#3238 =( LENGTH_UNIT ( ) NAMED_UNIT ( * ) SI_UNIT ( .MILLI., .METRE. ) );
#3239 =( GEOMETRIC_REPRESENTATION_CONTEXT ( 3 ) GLOBAL_UNCERTAINTY_ASSIGNED_CONTEXT ( ( #5697 ) ) GLOBAL_UNIT_ASSIGNED_CONTEXT ( ( #991, #221, #5623 ) ) REPRESENTATION_CONTEXT ( 'NONE', 'WORKASPACE' ) );
#3240 = EDGE_CURVE ( 'NONE', #126, #3902, #3387, .T. ) ;
#3241 = ORIENTED_EDGE ( 'NONE', *, *, #6324, .F. ) ;
#3242 = CARTESIAN_POINT ( 'NONE',  ( 1.131094233516499958, -4.949999999999999289, 3.233927295436113791 ) ) ;
#3243 =( GEOMETRIC_REPRESENTATION_CONTEXT ( 3 ) GLOBAL_UNCERTAINTY_ASSIGNED_CONTEXT ( ( #525 ) ) GLOBAL_UNIT_ASSIGNED_CONTEXT ( ( #1843, #1281, #1335 ) ) REPRESENTATION_CONTEXT ( 'NONE', 'WORKASPACE' ) );
#3244 = PRESENTATION_STYLE_ASSIGNMENT (( #3494 ) ) ;
#3245 = CARTESIAN_POINT ( 'NONE',  ( 2.770000000000000462, 1.699999999999999956, 1.800000000000000488 ) ) ;
#3246 = AXIS2_PLACEMENT_3D ( 'NONE', #3702, #5680, #4060 ) ;
#3247 =( NAMED_UNIT ( * ) SI_UNIT ( $, .STERADIAN. ) SOLID_ANGLE_UNIT ( ) );
#3248 = STYLED_ITEM ( 'NONE', ( #4446 ), #3822 ) ;
#3249 = CARTESIAN_POINT ( 'NONE',  ( 0.6700000000000000400, -2.449999999999990408, 4.800000000000000711 ) ) ;
#3250 = ORIENTED_EDGE ( 'NONE', *, *, #99, .F. ) ;
#3251 = ORIENTED_EDGE ( 'NONE', *, *, #4171, .F. ) ;
#3252 = STYLED_ITEM ( 'NONE', ( #1240 ), #880 ) ;
#3253 = CARTESIAN_POINT ( 'NONE',  ( 0.9694952330310907529, -4.900000000000001243, 3.934398939359544656 ) ) ;
#3254 = SURFACE_STYLE_USAGE ( .BOTH. , #1305 ) ;
#3255 = DIRECTION ( 'NONE',  ( 0.000000000000000000, 0.000000000000000000, 1.000000000000000000 ) ) ;
#3256 = DIRECTION ( 'NONE',  ( 0.000000000000000000, 1.000000000000000000, 0.000000000000000000 ) ) ;
#3257 = CARTESIAN_POINT ( 'NONE',  ( 0.7710207649089921844, -4.900000000000000355, 2.950966528239938658 ) ) ;
#3258 = ORIENTED_EDGE ( 'NONE', *, *, #3348, .F. ) ;
#3259 = CARTESIAN_POINT ( 'NONE',  ( -0.6870828614167512338, -4.900000000000000355, 2.217637025471462131 ) ) ;
#3260 = FILL_AREA_STYLE_COLOUR ( '', #3860 ) ;
#3261 = CARTESIAN_POINT ( 'NONE',  ( -0.3991446019956378377, -4.949999999999998401, 1.971233929658173123 ) ) ;
#3262 = EDGE_CURVE ( 'NONE', #1331, #916, #2489, .T. ) ;
#3263 = CARTESIAN_POINT ( 'NONE',  ( -0.6602043269230772893, -4.950000000000000178, 2.045153846153846100 ) ) ;
#3264 = UNCERTAINTY_MEASURE_WITH_UNIT (LENGTH_MEASURE( 1.000000000000000082E-05 ), #1024, 'distance_accuracy_value', 'NONE');
#3265 = ADVANCED_FACE ( 'NONE', ( #2051 ), #5453, .F. ) ;
#3266 = CARTESIAN_POINT ( 'NONE',  ( -1.570000000000000950, 3.910000000000000142, -3.850000000000000089 ) ) ;
#3267 = EDGE_LOOP ( 'NONE', ( #5025, #3928, #569, #6136, #5686, #5882 ) ) ;
#3268 = FILL_AREA_STYLE ('',( #6138 ) ) ;
#3269 = FILL_AREA_STYLE_COLOUR ( '', #2420 ) ;
#3270 = CARTESIAN_POINT ( 'NONE',  ( 1.668260116798732096, -4.950000000000000178, 3.946026482516550082 ) ) ;
#3271 = DIRECTION ( 'NONE',  ( -1.000000000000000000, -0.000000000000000000, -0.000000000000000000 ) ) ;
#3272 = CARTESIAN_POINT ( 'NONE',  ( 1.400460008758380059, -4.899999999999998579, 4.107712855179523892 ) ) ;
#3273 = VERTEX_POINT ( 'NONE', #977 ) ;
#3274 = ORIENTED_EDGE ( 'NONE', *, *, #3296, .T. ) ;
#3275 = CARTESIAN_POINT ( 'NONE',  ( 1.165364409702314141, -4.950000000000005507, 3.486955288938125896 ) ) ;
#3276 = CARTESIAN_POINT ( 'NONE',  ( -0.7152239967526450304, -4.949999999999999289, 0.8541508385696097161 ) ) ;
#3277 = CARTESIAN_POINT ( 'NONE',  ( -1.470000000000000417, -3.710000000000000853, -3.850000000000000089 ) ) ;
#3278 = PRESENTATION_STYLE_ASSIGNMENT (( #6296 ) ) ;
#3279 = CARTESIAN_POINT ( 'NONE',  ( 2.540000000000000036, 0.000000000000000000, -3.850000000000000089 ) ) ;
#3280 = ORIENTED_EDGE ( 'NONE', *, *, #4101, .F. ) ;
#3281 = CARTESIAN_POINT ( 'NONE',  ( -0.6770581931940566900, -4.900000000000000355, 2.044819135020045309 ) ) ;
#3282 = CARTESIAN_POINT ( 'NONE',  ( 3.020000000000000018, 1.699999999999999956, 2.299999999999985612 ) ) ;
#3283 =( NAMED_UNIT ( * ) SI_UNIT ( $, .STERADIAN. ) SOLID_ANGLE_UNIT ( ) );
#3284 = CARTESIAN_POINT ( 'NONE',  ( -0.1957282865398183580, -4.949999999999999289, 1.692567201055930282 ) ) ;
#3285 = STYLED_ITEM ( 'NONE', ( #1001 ), #4754 ) ;
#3286 = CARTESIAN_POINT ( 'NONE',  ( 3.270000000000000462, -4.950000000000000178, 8.800000000000000711 ) ) ;
#3287 = CARTESIAN_POINT ( 'NONE',  ( -1.015128530905781368, -4.950000000000000178, 1.903035480429482451 ) ) ;
#3288 = STYLED_ITEM ( 'NONE', ( #5784 ), #1666 ) ;
#3289 = STYLED_ITEM ( 'NONE', ( #4395 ), #5039 ) ;
#3290 = EDGE_CURVE ( 'NONE', #3868, #244, #3421, .T. ) ;
#3291 =( NAMED_UNIT ( * ) SI_UNIT ( $, .STERADIAN. ) SOLID_ANGLE_UNIT ( ) );
#3292 = VECTOR ( 'NONE', #2168, 1000.000000000000000 ) ;
#3293 = CARTESIAN_POINT ( 'NONE',  ( 1.489025641025640612, -4.900000000000000355, 3.930858974358974134 ) ) ;
#3294 = ORIENTED_EDGE ( 'NONE', *, *, #5793, .F. ) ;
#3295 = MECHANICAL_DESIGN_GEOMETRIC_PRESENTATION_REPRESENTATION (  '', ( #4130 ), #2684 ) ;
#3296 = EDGE_CURVE ( 'NONE', #2499, #4402, #1570, .T. ) ;
#3297 = UNCERTAINTY_MEASURE_WITH_UNIT (LENGTH_MEASURE( 1.000000000000000082E-05 ), #4329, 'distance_accuracy_value', 'NONE');
#3298 = CARTESIAN_POINT ( 'NONE',  ( 0.8324032130508710603, -4.900000000000001243, 3.141507030636325304 ) ) ;
#3299 = VECTOR ( 'NONE', #2921, 999.9999999999998863 ) ;
#3300 = CARTESIAN_POINT ( 'NONE',  ( -1.217596153846154383, -4.950000000000001066, 4.319000000000000838 ) ) ;
#3301 = SURFACE_SIDE_STYLE ('',( #849 ) ) ;
#3302 = CARTESIAN_POINT ( 'NONE',  ( 1.484498510865479570, -4.950000000000000178, 3.882607145964595663 ) ) ;
#3303 = CARTESIAN_POINT ( 'NONE',  ( 1.418492699113732103, -4.950000000000001954, 4.092116484477349658 ) ) ;
#3304 = VERTEX_POINT ( 'NONE', #80 ) ;
#3305 = ORIENTED_EDGE ( 'NONE', *, *, #5513, .F. ) ;
#3306 = LINE ( 'NONE', #442, #4077 ) ;
#3307 = B_SPLINE_CURVE_WITH_KNOTS ( 'NONE', 3,
 ( #2694, #1300, #6144, #5174, #2274, #3794, #1772, #3764, #5718, #4181, #826, #1744, #4690, #2754, #2302, #3302, #4711, #879, #5653 ),
 .UNSPECIFIED., .F., .F.,
 ( 4, 1, 1, 1, 1, 1, 1, 1, 1, 1, 1, 1, 1, 1, 1, 1, 4 ),
 ( 0.000000000000000000, 0.1114096600426603273, 0.2145263672558010426, 0.3094172254458344429, 0.3960871907990312635, 0.4742842164262458526, 0.5443738816396974656, 0.6064195628105361058, 0.6605816023749727650, 0.7097938180647572759, 0.7564506485918280898, 0.8007673253039317984, 0.8431682879413340270, 0.8842948685500483519, 0.9238845020552840515, 0.9623587101392162557, 1.000000000000000000 ),
 .UNSPECIFIED. ) ;
#3308 = LINE ( 'NONE', #5901, #2360 ) ;
#3309 = CARTESIAN_POINT ( 'NONE',  ( 0.04412272862817897406, -4.900000000000000355, 1.336745568844278420 ) ) ;
#3310 = CARTESIAN_POINT ( 'NONE',  ( -1.326072059756735033, -4.900000000000000355, 1.146827919058313716 ) ) ;
#3311 = ORIENTED_EDGE ( 'NONE', *, *, #4843, .F. ) ;
#3312 = CARTESIAN_POINT ( 'NONE',  ( -1.126824142783870553, -4.900000000000000355, 1.711481831248794494 ) ) ;
#3313 = FACE_OUTER_BOUND ( 'NONE', #2280, .T. ) ;
#3314 =( NAMED_UNIT ( * ) SI_UNIT ( $, .STERADIAN. ) SOLID_ANGLE_UNIT ( ) );
#3315 = CARTESIAN_POINT ( 'NONE',  ( -0.1623076923076927081, -4.950000000000000178, 1.448098557692307775 ) ) ;
#3316 = CARTESIAN_POINT ( 'NONE',  ( -1.266593851760314138, -4.950000000000001066, 1.015235199362890750 ) ) ;
#3317 = DIRECTION ( 'NONE',  ( -0.000000000000000000, 1.000000000000000000, -0.000000000000000000 ) ) ;
#3318 = CARTESIAN_POINT ( 'NONE',  ( -0.9700000000000008615, 3.709999999999999964, -0.001000000000000132727 ) ) ;
#3319 = UNCERTAINTY_MEASURE_WITH_UNIT (LENGTH_MEASURE( 1.000000000000000082E-05 ), #5084, 'distance_accuracy_value', 'NONE');
#3320 = CARTESIAN_POINT ( 'NONE',  ( -2.770000000000000906, 1.699999999999999956, 1.800000000000000488 ) ) ;
#3321 = ORIENTED_EDGE ( 'NONE', *, *, #1780, .F. ) ;
#3322 = FACE_OUTER_BOUND ( 'NONE', #356, .T. ) ;
#3323 = DIRECTION ( 'NONE',  ( 1.000000000000000000, 0.000000000000000000, 0.000000000000000000 ) ) ;
#3324 =( NAMED_UNIT ( * ) SI_UNIT ( $, .STERADIAN. ) SOLID_ANGLE_UNIT ( ) );
#3325 = FILL_AREA_STYLE ('',( #1797 ) ) ;
#3326 = CARTESIAN_POINT ( 'NONE',  ( -1.869999999999999440, -6.449999999999990408, 6.801000000000001933 ) ) ;
#3327 = CARTESIAN_POINT ( 'NONE',  ( -0.1518780215232964359, -4.899999999999999467, 0.8845506753633941566 ) ) ;
#3328 = EDGE_CURVE ( 'NONE', #4900, #5899, #2975, .T. ) ;
#3329 = SURFACE_SIDE_STYLE ('',( #2883 ) ) ;
#3330 = VECTOR ( 'NONE', #586, 1000.000000000000000 ) ;
#3331 = ORIENTED_EDGE ( 'NONE', *, *, #106, .F. ) ;
#3332 = ORIENTED_EDGE ( 'NONE', *, *, #4485, .T. ) ;
#3333 = CARTESIAN_POINT ( 'NONE',  ( 1.489025641025640612, -4.900000000000000355, 3.930858974358974134 ) ) ;
#3334 = COLOUR_RGB ( '',1.000000000000000000, 1.000000000000000000, 1.000000000000000000 ) ;
#3335 = MECHANICAL_DESIGN_GEOMETRIC_PRESENTATION_REPRESENTATION (  '', ( #6115 ), #3032 ) ;
#3336 = VECTOR ( 'NONE', #384, 1000.000000000000000 ) ;
#3337 = CARTESIAN_POINT ( 'NONE',  ( -1.309082239731615083, -4.900000000000001243, 1.101842319594224628 ) ) ;
#3338 = EDGE_CURVE ( 'NONE', #1435, #5936, #3454, .T. ) ;
#3339 = SURFACE_STYLE_FILL_AREA ( #1783 ) ;
#3340 =( LENGTH_UNIT ( ) NAMED_UNIT ( * ) SI_UNIT ( .MILLI., .METRE. ) );
#3341 = ORIENTED_EDGE ( 'NONE', *, *, #5424, .T. ) ;
#3342 = ORIENTED_EDGE ( 'NONE', *, *, #6314, .F. ) ;
#3343 = STYLED_ITEM ( 'NONE', ( #4913 ), #3897 ) ;
#3344 = CARTESIAN_POINT ( 'NONE',  ( -1.362817751738208738, -4.900000000000000355, 1.603163987651380573 ) ) ;
#3345 = VECTOR ( 'NONE', #3352, 1000.000000000000000 ) ;
#3346 = SURFACE_STYLE_USAGE ( .BOTH. , #302 ) ;
#3347 = CARTESIAN_POINT ( 'NONE',  ( -1.591557328266857363, -4.900000000000000355, 3.808906606714673071 ) ) ;
#3348 = EDGE_CURVE ( 'NONE', #6064, #178, #5902, .T. ) ;
#3349 = CARTESIAN_POINT ( 'NONE',  ( 1.069999999999998730, 3.910000000000000142, -3.850000000000000089 ) ) ;
#3350 = CARTESIAN_POINT ( 'NONE',  ( 1.488110845836004170, -4.900000000000001243, 3.548699269633762032 ) ) ;
#3351 = CARTESIAN_POINT ( 'NONE',  ( 2.770000000000000462, 1.699999999999999956, 1.800000000000000488 ) ) ;
#3352 = DIRECTION ( 'NONE',  ( -0.000000000000000000, -0.000000000000000000, 1.000000000000000000 ) ) ;
#3353 = PRESENTATION_STYLE_ASSIGNMENT (( #2389 ) ) ;
#3354 = FILL_AREA_STYLE_COLOUR ( '', #4224 ) ;
#3355 = PLANE ( 'NONE',  #4784 ) ;
#3356 = ORIENTED_EDGE ( 'NONE', *, *, #6324, .T. ) ;
#3357 = SURFACE_STYLE_USAGE ( .BOTH. , #2428 ) ;
#3358 = CARTESIAN_POINT ( 'NONE',  ( 1.233076923076922737, -4.900000000000000355, 2.199000000000000288 ) ) ;
#3359 = SURFACE_STYLE_USAGE ( .BOTH. , #5265 ) ;
#3360 = FACE_OUTER_BOUND ( 'NONE', #5945, .T. ) ;
#3361 = DIRECTION ( 'NONE',  ( 0.000000000000000000, -1.000000000000000000, 0.000000000000000000 ) ) ;
#3362 = FILL_AREA_STYLE ('',( #5833 ) ) ;
#3363 = CARTESIAN_POINT ( 'NONE',  ( 1.243081150263872114, -4.950000000000000178, 4.157236936855066567 ) ) ;
#3364 = ORIENTED_EDGE ( 'NONE', *, *, #3218, .T. ) ;
#3365 = LINE ( 'NONE', #1964, #6232 ) ;
#3366 = CARTESIAN_POINT ( 'NONE',  ( 1.484498510865479570, -4.900000000000000355, 3.882607145964595663 ) ) ;
#3367 = ADVANCED_FACE ( 'NONE', ( #2019 ), #5484, .T. ) ;
#3368 = CARTESIAN_POINT ( 'NONE',  ( 0.8956852189486844695, -4.950000000000001066, 4.191496955803736491 ) ) ;
#3369 = B_SPLINE_CURVE_WITH_KNOTS ( 'NONE', 3,
 ( #3830, #1392, #5303, #2368, #1423, #2953, #3459 ),
 .UNSPECIFIED., .F., .F.,
 ( 4, 1, 1, 1, 4 ),
 ( 0.000000000000000000, 0.2526433275832366543, 0.5044398525799894673, 0.7504068042814572292, 1.000000000000000000 ),
 .UNSPECIFIED. ) ;
#3370 = ORIENTED_EDGE ( 'NONE', *, *, #4797, .T. ) ;
#3371 = EDGE_LOOP ( 'NONE', ( #2000, #4685, #1020, #2374 ) ) ;
#3372 = EDGE_CURVE ( 'NONE', #1311, #3868, #272, .T. ) ;
#3373 = CARTESIAN_POINT ( 'NONE',  ( 1.233076923076922737, -4.950000000000000178, 1.079709134615384647 ) ) ;
#3374 = CARTESIAN_POINT ( 'NONE',  ( 0.04888965450882545166, -4.900000000000000355, 1.464930426956593701 ) ) ;
#3375 = CARTESIAN_POINT ( 'NONE',  ( -0.7136952136968969240, -4.950000000000000178, 0.6805295155153724407 ) ) ;
#3376 = CARTESIAN_POINT ( 'NONE',  ( 0.9869635958686511223, -4.899999999999999467, 4.262838281858103429 ) ) ;
#3377 = ORIENTED_EDGE ( 'NONE', *, *, #3513, .T. ) ;
#3378 = CARTESIAN_POINT ( 'NONE',  ( -1.154119681536445619, -4.950000000000000178, 1.301316311214139931 ) ) ;
#3379 = COLOUR_RGB ( '',1.000000000000000000, 1.000000000000000000, 1.000000000000000000 ) ;
#3380 = CARTESIAN_POINT ( 'NONE',  ( -0.4196399403579310072, -4.950000000000001066, 2.180195575879539938 ) ) ;
#3381 = AXIS2_PLACEMENT_3D ( 'NONE', #6176, #1781, #3255 ) ;
#3382 = FILL_AREA_STYLE_COLOUR ( '', #4079 ) ;
#3383 = STYLED_ITEM ( 'NONE', ( #296 ), #5071 ) ;
#3384 = ORIENTED_EDGE ( 'NONE', *, *, #499, .F. ) ;
#3385 = FILL_AREA_STYLE ('',( #1443 ) ) ;
#3386 = DIRECTION ( 'NONE',  ( -1.367242359578592995E-16, 1.000000000000000000, 0.000000000000000000 ) ) ;
#3387 = LINE ( 'NONE', #3986, #3401 ) ;
#3388 = SURFACE_STYLE_USAGE ( .BOTH. , #5834 ) ;
#3389 = ORIENTED_EDGE ( 'NONE', *, *, #340, .T. ) ;
#3390 =( GEOMETRIC_REPRESENTATION_CONTEXT ( 3 ) GLOBAL_UNCERTAINTY_ASSIGNED_CONTEXT ( ( #2585 ) ) GLOBAL_UNIT_ASSIGNED_CONTEXT ( ( #1000, #4799, #5773 ) ) REPRESENTATION_CONTEXT ( 'NONE', 'WORKASPACE' ) );
#3391 = CARTESIAN_POINT ( 'NONE',  ( -0.6614062500000003064, -4.900000000000000355, 2.218230769230769006 ) ) ;
#3392 = DIRECTION ( 'NONE',  ( -0.000000000000000000, -1.000000000000000000, -0.000000000000000000 ) ) ;
#3393 = VECTOR ( 'NONE', #4342, 1000.000000000000000 ) ;
#3394 = CARTESIAN_POINT ( 'NONE',  ( -0.2217773330484108241, -4.900000000000000355, 0.8223602735642838724 ) ) ;
#3395 = CARTESIAN_POINT ( 'NONE',  ( 1.022735256371622548, -4.950000000000000178, 4.280167350164756357 ) ) ;
#3396 = CARTESIAN_POINT ( 'NONE',  ( 0.6700000000000002620, -6.449999999999990408, 8.001000000000001222 ) ) ;
#3397 = B_SPLINE_CURVE_WITH_KNOTS ( 'NONE', 3,
 ( #5215, #329, #2287, #1879, #2738, #2254, #6184, #3803, #388, #6270, #4248, #5759, #5247, #1787, #5276, #2831, #615, #96, #2035 ),
 .UNSPECIFIED., .F., .F.,
 ( 4, 1, 1, 1, 1, 1, 1, 1, 1, 1, 1, 1, 1, 1, 1, 1, 4 ),
 ( 0.000000000000000000, 0.1114096600426603273, 0.2145263672558010426, 0.3094172254458344429, 0.3960871907990312635, 0.4742842164262458526, 0.5443738816396974656, 0.6064195628105361058, 0.6605816023749727650, 0.7097938180647572759, 0.7564506485918280898, 0.8007673253039317984, 0.8431682879413340270, 0.8842948685500483519, 0.9238845020552840515, 0.9623587101392162557, 1.000000000000000000 ),
 .UNSPECIFIED. ) ;
#3398 = FILL_AREA_STYLE ('',( #6297 ) ) ;
#3399 = ORIENTED_EDGE ( 'NONE', *, *, #274, .T. ) ;
#3400 = VERTEX_POINT ( 'NONE', #5731 ) ;
#3401 = VECTOR ( 'NONE', #3945, 1000.000000000000000 ) ;
#3402 = CARTESIAN_POINT ( 'NONE',  ( -0.1633730766634506060, -4.899999999999999467, 1.380142193239525916 ) ) ;
#3403 = CARTESIAN_POINT ( 'NONE',  ( 0.0007855292848925844382, -4.900000000000001243, 1.754446597601494018 ) ) ;
#3404 =( LENGTH_UNIT ( ) NAMED_UNIT ( * ) SI_UNIT ( .MILLI., .METRE. ) );
#3405 = EDGE_CURVE ( 'NONE', #2064, #275, #3167, .T. ) ;
#3406 = CARTESIAN_POINT ( 'NONE',  ( -0.8611989616673784154, -4.950000000000000178, 0.7043723344427957889 ) ) ;
#3407 = COLOUR_RGB ( '',1.000000000000000000, 1.000000000000000000, 1.000000000000000000 ) ;
#3408 = EDGE_CURVE ( 'NONE', #161, #5246, #4728, .T. ) ;
#3409 = CARTESIAN_POINT ( 'NONE',  ( 0.8706996512911452379, -4.899999999999999467, 4.162046513128417224 ) ) ;
#3410 = ORIENTED_EDGE ( 'NONE', *, *, #5230, .F. ) ;
#3411 = UNCERTAINTY_MEASURE_WITH_UNIT (LENGTH_MEASURE( 1.000000000000000082E-05 ), #5934, 'distance_accuracy_value', 'NONE');
#3412 = CARTESIAN_POINT ( 'NONE',  ( -2.770000000000000906, -1.699999999999999956, 8.800000000000000711 ) ) ;
#3413 = CARTESIAN_POINT ( 'NONE',  ( 0.02829212544617857455, -4.950000000000001066, 1.657598385937758989 ) ) ;
#3414 = EDGE_CURVE ( 'NONE', #3400, #4141, #4163, .T. ) ;
#3415 = DIRECTION ( 'NONE',  ( -0.9653633930282671249, -0.000000000000000000, -0.2609090251427715890 ) ) ;
#3416 = DIRECTION ( 'NONE',  ( -0.000000000000000000, -1.000000000000000000, -0.000000000000000000 ) ) ;
#3417 = ORIENTED_EDGE ( 'NONE', *, *, #2277, .T. ) ;
#3418 =( NAMED_UNIT ( * ) SI_UNIT ( $, .STERADIAN. ) SOLID_ANGLE_UNIT ( ) );
#3419 = LINE ( 'NONE', #5389, #1109 ) ;
#3420 = LINE ( 'NONE', #4272, #1456 ) ;
#3421 = LINE ( 'NONE', #2948, #3929 ) ;
#3422 = CARTESIAN_POINT ( 'NONE',  ( 1.537572713565980687, -4.950000000000001066, 3.604550092611878309 ) ) ;
#3423 = EDGE_CURVE ( 'NONE', #2130, #1094, #5158, .T. ) ;
#3424 = CARTESIAN_POINT ( 'NONE',  ( 1.469999999999999973, -3.710000000000000853, -3.850000000000000089 ) ) ;
#3425 = ORIENTED_EDGE ( 'NONE', *, *, #4981, .T. ) ;
#3426 = EDGE_LOOP ( 'NONE', ( #3995, #3789, #1143, #94, #5373, #3732, #5825, #3651, #1593, #2286 ) ) ;
#3427 = PLANE ( 'NONE',  #3140 ) ;
#3428 = CARTESIAN_POINT ( 'NONE',  ( -0.4301480857409363812, -4.900000000000000355, 0.7150305743888143439 ) ) ;
#3429 = DIRECTION ( 'NONE',  ( -0.000000000000000000, -0.000000000000000000, -1.000000000000000000 ) ) ;
#3430 = CARTESIAN_POINT ( 'NONE',  ( 1.668260116798732096, -4.900000000000000355, 3.946026482516550082 ) ) ;
#3431 = CARTESIAN_POINT ( 'NONE',  ( -0.8611989616673784154, -4.950000000000001066, 0.7043723344427957889 ) ) ;
#3432 = ORIENTED_EDGE ( 'NONE', *, *, #5927, .T. ) ;
#3433 = ORIENTED_EDGE ( 'NONE', *, *, #2789, .T. ) ;
#3434 = CARTESIAN_POINT ( 'NONE',  ( 1.668512820512820349, -4.900000000000001243, 3.932541666666667712 ) ) ;
#3436 = CARTESIAN_POINT ( 'NONE',  ( 0.5023076923076921219, -4.950000000000000178, 0.6989999999999999547 ) ) ;
#3435 = STYLED_ITEM ( 'NONE', ( #392 ), #5775 ) ;
#3437 = CARTESIAN_POINT ( 'NONE',  ( -2.770000000000000906, -1.699999999999999956, 1.800000000000000488 ) ) ;
#3438 = CARTESIAN_POINT ( 'NONE',  ( -0.6614062500000003064, -4.950000000000000178, 2.218230769230769006 ) ) ;
#3439 =( NAMED_UNIT ( * ) SI_UNIT ( $, .STERADIAN. ) SOLID_ANGLE_UNIT ( ) );
#3440 = ORIENTED_EDGE ( 'NONE', *, *, #4512, .T. ) ;
#3441 = STYLED_ITEM ( 'NONE', ( #3532 ), #1042 ) ;
#3442 = CARTESIAN_POINT ( 'NONE',  ( -0.8140314180354011331, -4.900000000000000355, 0.8735218177870142098 ) ) ;
#3443 = UNCERTAINTY_MEASURE_WITH_UNIT (LENGTH_MEASURE( 1.000000000000000082E-05 ), #3683, 'distance_accuracy_value', 'NONE');
#3444 = EDGE_CURVE ( 'NONE', #5393, #5774, #4606, .T. ) ;
#3445 = CARTESIAN_POINT ( 'NONE',  ( -0.1660039842771005858, -4.900000000000002132, 1.534903640778916500 ) ) ;
#3446 = STYLED_ITEM ( 'NONE', ( #2970 ), #4199 ) ;
#3447 =( GEOMETRIC_REPRESENTATION_CONTEXT ( 3 ) GLOBAL_UNCERTAINTY_ASSIGNED_CONTEXT ( ( #3176 ) ) GLOBAL_UNIT_ASSIGNED_CONTEXT ( ( #103, #5382, #13 ) ) REPRESENTATION_CONTEXT ( 'NONE', 'WORKASPACE' ) );
#3448 = FILL_AREA_STYLE ('',( #527 ) ) ;
#3449 = DIRECTION ( 'NONE',  ( 0.000000000000000000, 0.000000000000000000, 1.000000000000000000 ) ) ;
#3450 = ORIENTED_EDGE ( 'NONE', *, *, #979, .F. ) ;
#3451 =( LENGTH_UNIT ( ) NAMED_UNIT ( * ) SI_UNIT ( .MILLI., .METRE. ) );
#3452 = EDGE_CURVE ( 'NONE', #5611, #3127, #4639, .T. ) ;
#3453 = CARTESIAN_POINT ( 'NONE',  ( -1.604615384615384999, -4.950000000000000178, 3.968999999999999417 ) ) ;
#3454 = LINE ( 'NONE', #54, #5165 ) ;
#3455 = PLANE ( 'NONE',  #1815 ) ;
#3456 = ORIENTED_EDGE ( 'NONE', *, *, #106, .T. ) ;
#3457 = FILL_AREA_STYLE ('',( #5908 ) ) ;
#3458 = CARTESIAN_POINT ( 'NONE',  ( 0.9699999999999993072, 3.709999999999999964, -3.479999999999997762 ) ) ;
#3459 = CARTESIAN_POINT ( 'NONE',  ( 0.7898669871794867792, -4.950000000000000178, 3.043519230769230255 ) ) ;
#3460 = CARTESIAN_POINT ( 'NONE',  ( -0.3431404625853785029, -4.949999999999998401, 0.7497900611920680358 ) ) ;
#3461 = CARTESIAN_POINT ( 'NONE',  ( 0.8033334228665242049, -4.950000000000001066, 4.014277638380659319 ) ) ;
#3462 = SURFACE_STYLE_FILL_AREA ( #4491 ) ;
#3463 = CARTESIAN_POINT ( 'NONE',  ( 1.595030640459180749, -4.900000000000001243, 3.684088414512895149 ) ) ;
#3464 = CARTESIAN_POINT ( 'NONE',  ( -0.9524953856214767312, -4.950000000000001954, 0.7363992990259604632 ) ) ;
#3465 = EDGE_LOOP ( 'NONE', ( #1012, #4183, #2704, #5739 ) ) ;
#3466 = ORIENTED_EDGE ( 'NONE', *, *, #2004, .F. ) ;
#3467 = CARTESIAN_POINT ( 'NONE',  ( 3.270000000000000462, 4.950000000000000178, 8.300000000000000711 ) ) ;
#3468 = CARTESIAN_POINT ( 'NONE',  ( -0.5103631726968977933, -4.900000000000000355, 0.8739588624136336303 ) ) ;
#3469 = DIRECTION ( 'NONE',  ( -0.000000000000000000, -0.7808688094430308313, -0.6246950475544235104 ) ) ;
#3470 = CARTESIAN_POINT ( 'NONE',  ( -0.08530818522874836218, -4.950000000000001066, 1.928679775062734025 ) ) ;
#3471 = PLANE ( 'NONE',  #3917 ) ;
#3472 = SURFACE_STYLE_FILL_AREA ( #2569 ) ;
#3473 = CARTESIAN_POINT ( 'NONE',  ( 1.569999999999999396, 3.709999999999999964, -3.479999999999997762 ) ) ;
#3474 = ORIENTED_EDGE ( 'NONE', *, *, #4137, .F. ) ;
#3475 = PRESENTATION_STYLE_ASSIGNMENT (( #4992 ) ) ;
#3476 = CARTESIAN_POINT ( 'NONE',  ( 0.9699999999999995293, -3.710000000000000853, -3.479999999999994209 ) ) ;
#3477 = CARTESIAN_POINT ( 'NONE',  ( 0.04444674375028859203, -4.950000000000000178, 1.554739873201401057 ) ) ;
#3478 = DIRECTION ( 'NONE',  ( -1.000000000000000000, -0.000000000000000000, 0.000000000000000000 ) ) ;
#3479 = ADVANCED_FACE ( 'NONE', ( #2290 ), #4252, .F. ) ;
#3480 = ORIENTED_EDGE ( 'NONE', *, *, #4101, .T. ) ;
#3481 = PRESENTATION_LAYER_ASSIGNMENT (  '', '', ( #3285 ) ) ;
#3482 = CARTESIAN_POINT ( 'NONE',  ( -1.564344504434660665, -4.950000000000000178, 3.820100432631314380 ) ) ;
#3483 = SURFACE_SIDE_STYLE ('',( #5483 ) ) ;
#3484 = CARTESIAN_POINT ( 'NONE',  ( -1.225662300607086364, -4.950000000000001954, 4.303644784815269908 ) ) ;
#3485 = LINE ( 'NONE', #5362, #4738 ) ;
#3486 = COLOUR_RGB ( '',1.000000000000000000, 0.8705882352941176627, 0.5254901960784313930 ) ;
#3487 = FILL_AREA_STYLE ('',( #4874 ) ) ;
#3488 = EDGE_CURVE ( 'NONE', #4408, #2714, #1223, .T. ) ;
#3489 = ADVANCED_FACE ( 'NONE', ( #5002 ), #5637, .T. ) ;
#3490 = VERTEX_POINT ( 'NONE', #1913 ) ;
#3491 = AXIS2_PLACEMENT_3D ( 'NONE', #5643, #1600, #3206 ) ;
#3492 = CARTESIAN_POINT ( 'NONE',  ( -0.9700000000000008615, 3.709999999999999964, -3.479999999999994209 ) ) ;
#3493 = CARTESIAN_POINT ( 'NONE',  ( -1.102051282051282666, -4.900000000000000355, 2.918999999999999595 ) ) ;
#3494 = SURFACE_STYLE_USAGE ( .BOTH. , #3990 ) ;
#3495 = MECHANICAL_DESIGN_GEOMETRIC_PRESENTATION_REPRESENTATION (  '', ( #4724 ), #6271 ) ;
#3496 = CARTESIAN_POINT ( 'NONE',  ( -0.1518780215232964359, -4.949999999999998401, 0.8845506753633941566 ) ) ;
#3497 = CARTESIAN_POINT ( 'NONE',  ( -1.325374500648916820, -4.950000000000001066, 1.758671575626935102 ) ) ;
#3498 = AXIS2_PLACEMENT_3D ( 'NONE', #1989, #78, #4934 ) ;
#3499 = CARTESIAN_POINT ( 'NONE',  ( 1.661768500710183893, -4.900000000000001243, 4.011214840343712673 ) ) ;
#3500 = MECHANICAL_DESIGN_GEOMETRIC_PRESENTATION_REPRESENTATION (  '', ( #5351 ), #4321 ) ;
#3501 = CARTESIAN_POINT ( 'NONE',  ( -1.341002818820658193, -4.899999999999999467, 1.192276586425710994 ) ) ;
#3502 = EDGE_LOOP ( 'NONE', ( #634, #1429, #3, #2097 ) ) ;
#3503 = ORIENTED_EDGE ( 'NONE', *, *, #2132, .T. ) ;
#3504 = FILL_AREA_STYLE ('',( #2991 ) ) ;
#3505 = COLOUR_RGB ( '',1.000000000000000000, 1.000000000000000000, 1.000000000000000000 ) ;
#3506 = CARTESIAN_POINT ( 'NONE',  ( -3.270000000000000462, -4.950000000000000178, 4.800000000000000711 ) ) ;
#3507 = VECTOR ( 'NONE', #936, 1000.000000000000000 ) ;
#3508 = PRESENTATION_STYLE_ASSIGNMENT (( #2926 ) ) ;
#3509 = CARTESIAN_POINT ( 'NONE',  ( 0.04444674375028859203, -4.900000000000000355, 1.554739873201401057 ) ) ;
#3510 = SURFACE_SIDE_STYLE ('',( #2567 ) ) ;
#3511 = CARTESIAN_POINT ( 'NONE',  ( -1.009996234918222768, -4.899999999999999467, 2.137514736226421963 ) ) ;
#3512 = CARTESIAN_POINT ( 'NONE',  ( -1.070000000000001172, -3.910000000000001030, -3.850000000000000089 ) ) ;
#3513 = EDGE_CURVE ( 'NONE', #5936, #5925, #4821, .T. ) ;
#3514 = ORIENTED_EDGE ( 'NONE', *, *, #5318, .T. ) ;
#3515 = VECTOR ( 'NONE', #5765, 1000.000000000000000 ) ;
#3516 = SURFACE_SIDE_STYLE ('',( #6309 ) ) ;
#3517 = CARTESIAN_POINT ( 'NONE',  ( -0.4285127915711826607, -4.900000000000001243, 1.988712626920535964 ) ) ;
#3518 = CARTESIAN_POINT ( 'NONE',  ( 0.9232876422013530648, -4.949999999999999289, 4.218406342158410816 ) ) ;
#3519 = AXIS2_PLACEMENT_3D ( 'NONE', #3823, #4803, #4873 ) ;
#3520 = CARTESIAN_POINT ( 'NONE',  ( -0.3025704845232407569, -4.900000000000001243, 1.007435018825326933 ) ) ;
#3521 = LINE ( 'NONE', #3910, #5027 ) ;
#3522 = ORIENTED_EDGE ( 'NONE', *, *, #3262, .F. ) ;
#3523 = PLANE ( 'NONE',  #3491 ) ;
#3524 = FACE_OUTER_BOUND ( 'NONE', #3797, .T. ) ;
#3525 = PRESENTATION_STYLE_ASSIGNMENT (( #1038 ) ) ;
#3526 = CARTESIAN_POINT ( 'NONE',  ( 0.6700000000000000400, -2.449999999999989519, 8.800000000000000711 ) ) ;
#3527 = B_SPLINE_SURFACE_WITH_KNOTS ( 'NONE', 3, 1, ( 
 ( #4966, #4189 ),
 ( #5666, #3983 ),
 ( #1659, #2487 ),
 ( #5602, #6054 ),
 ( #3652, #2165 ),
 ( #76, #3164 ),
 ( #2517, #2016 ),
 ( #1191, #5931 ),
 ( #4131, #3482 ),
 ( #4570, #4100 ),
 ( #3622, #5575 ) ),
 .UNSPECIFIED., .F., .F., .F.,
 ( 4, 1, 1, 1, 1, 1, 1, 1, 4 ),
 ( 2, 2 ),
 ( 0.000000000000000000, 0.1116703001015859759, 0.2320944808560173322, 0.3627434591045533008, 0.5025575097108855305, 0.6415251033312813211, 0.7710984952996683406, 0.8901617573732526489, 1.000000000000000000 ),
 ( 0.000000000000000000, 1.000000000000000000 ),
 .UNSPECIFIED. ) ;
#3528 = CARTESIAN_POINT ( 'NONE',  ( 0.9685128205128203938, -4.950000000000000178, 3.906179487179486820 ) ) ;
#3529 = ORIENTED_EDGE ( 'NONE', *, *, #3831, .F. ) ;
#3530 = CARTESIAN_POINT ( 'NONE',  ( 1.461221543587752691, -4.900000000000000355, 3.521909976175767731 ) ) ;
#3531 = DIRECTION ( 'NONE',  ( -1.000000000000000000, 0.000000000000000000, 0.000000000000000000 ) ) ;
#3532 = PRESENTATION_STYLE_ASSIGNMENT (( #3013 ) ) ;
#3533 = EDGE_CURVE ( 'NONE', #5207, #2796, #2315, .T. ) ;
#3534 = CARTESIAN_POINT ( 'NONE',  ( -0.001539447702852291336, -4.949999999999998401, 1.134017246907397025 ) ) ;
#3535 = CARTESIAN_POINT ( 'NONE',  ( 1.110765723642607172, -4.950000000000000178, 3.216707648109436768 ) ) ;
#3536 =( NAMED_UNIT ( * ) SI_UNIT ( $, .STERADIAN. ) SOLID_ANGLE_UNIT ( ) );
#3537 = DIRECTION ( 'NONE',  ( -0.000000000000000000, 1.000000000000000000, 0.000000000000000000 ) ) ;
#3538 = DIRECTION ( 'NONE',  ( -1.000000000000000000, 0.000000000000000000, 0.000000000000000000 ) ) ;
#3539 = ORIENTED_EDGE ( 'NONE', *, *, #1230, .T. ) ;
#3540 = VECTOR ( 'NONE', #3199, 1000.000000000000000 ) ;
#3541 = DIRECTION ( 'NONE',  ( -0.000000000000000000, -0.000000000000000000, 1.000000000000000000 ) ) ;
#3542 = CARTESIAN_POINT ( 'NONE',  ( 1.312975866370717615, -4.950000000000000178, 4.148625244472364137 ) ) ;
#3543 = EDGE_CURVE ( 'NONE', #1993, #5372, #5852, .T. ) ;
#3544 = CARTESIAN_POINT ( 'NONE',  ( -3.020000000000000906, 1.700000000000000178, 3.300000000000000266 ) ) ;
#3545 = LINE ( 'NONE', #325, #900 ) ;
#3546 = LINE ( 'NONE', #5506, #2616 ) ;
#3547 = CARTESIAN_POINT ( 'NONE',  ( -1.362817751738208738, -4.900000000000000355, 1.603163987651380573 ) ) ;
#3548 = FACE_OUTER_BOUND ( 'NONE', #2062, .T. ) ;
#3549 = CARTESIAN_POINT ( 'NONE',  ( -0.1626859564822430992, -4.899999999999999467, 1.492021363992232619 ) ) ;
#3550 = ORIENTED_EDGE ( 'NONE', *, *, #4797, .F. ) ;
#3551 = VECTOR ( 'NONE', #993, 1000.000000000000000 ) ;
#3552 = CARTESIAN_POINT ( 'NONE',  ( -0.6807634327365970073, -4.900000000000001243, 0.8532864669345422426 ) ) ;
#3553 = MECHANICAL_DESIGN_GEOMETRIC_PRESENTATION_REPRESENTATION (  '', ( #4675 ), #5904 ) ;
#3554 = CARTESIAN_POINT ( 'NONE',  ( 1.221057692307691900, -4.900000000000000355, 0.6990000000000001767 ) ) ;
#3555 = VECTOR ( 'NONE', #4839, 1000.000000000000000 ) ;
#3556 = DIRECTION ( 'NONE',  ( 0.000000000000000000, 0.000000000000000000, 1.000000000000000000 ) ) ;
#3557 = CARTESIAN_POINT ( 'NONE',  ( 1.060925081786316060, -4.949999999999999289, 4.294515096242623287 ) ) ;
#3558 = CARTESIAN_POINT ( 'NONE',  ( -0.2166600957304616881, -4.900000000000000355, 1.142846417541327764 ) ) ;
#3559 = ORIENTED_EDGE ( 'NONE', *, *, #6207, .T. ) ;
#3560 = VECTOR ( 'NONE', #4842, 1000.000000000000000 ) ;
#3561 = LINE ( 'NONE', #4929, #545 ) ;
#3562 =( GEOMETRIC_REPRESENTATION_CONTEXT ( 3 ) GLOBAL_UNCERTAINTY_ASSIGNED_CONTEXT ( ( #1706 ) ) GLOBAL_UNIT_ASSIGNED_CONTEXT ( ( #1767, #4084, #4740 ) ) REPRESENTATION_CONTEXT ( 'NONE', 'WORKASPACE' ) );
#3563 = ORIENTED_EDGE ( 'NONE', *, *, #2857, .F. ) ;
#3564 = VECTOR ( 'NONE', #3478, 1000.000000000000000 ) ;
#3565 = CARTESIAN_POINT ( 'NONE',  ( -3.020000000000000462, -1.699999999999999956, 2.299999999999985612 ) ) ;
#3566 = DIRECTION ( 'NONE',  ( 0.000000000000000000, -0.000000000000000000, 1.000000000000000000 ) ) ;
#3567 = UNCERTAINTY_MEASURE_WITH_UNIT (LENGTH_MEASURE( 1.000000000000000082E-05 ), #2382, 'distance_accuracy_value', 'NONE');
#3568 = ORIENTED_EDGE ( 'NONE', *, *, #5337, .F. ) ;
#3569 = LINE ( 'NONE', #5527, #4814 ) ;
#3570 = CARTESIAN_POINT ( 'NONE',  ( 1.686461538461538234, -4.950000000000000178, 2.918999999999999595 ) ) ;
#3571 = FACE_OUTER_BOUND ( 'NONE', #762, .T. ) ;
#3572 = DIRECTION ( 'NONE',  ( 0.000000000000000000, -1.000000000000000000, 0.000000000000000000 ) ) ;
#3573 = CARTESIAN_POINT ( 'NONE',  ( -0.3008242160522390796, -4.949999999999999289, 0.7709358389776591602 ) ) ;
#3574 =( NAMED_UNIT ( * ) SI_UNIT ( $, .STERADIAN. ) SOLID_ANGLE_UNIT ( ) );
#3575 = CARTESIAN_POINT ( 'NONE',  ( -1.368740829554302429, -4.950000000000001954, 1.332684172134450451 ) ) ;
#3576 = ORIENTED_EDGE ( 'NONE', *, *, #4184, .T. ) ;
#3577 = EDGE_CURVE ( 'NONE', #2542, #5393, #5950, .T. ) ;
#3578 = ORIENTED_EDGE ( 'NONE', *, *, #4291, .T. ) ;
#3579 = CARTESIAN_POINT ( 'NONE',  ( -1.537981457300628074, -4.950000000000000178, 4.003316605971175335 ) ) ;
#3580 = CARTESIAN_POINT ( 'NONE',  ( 0.5023076923076921219, -4.900000000000000355, 0.6990000000000001767 ) ) ;
#3581 = PLANE ( 'NONE',  #445 ) ;
#3582 = FACE_OUTER_BOUND ( 'NONE', #2597, .T. ) ;
#3583 = CARTESIAN_POINT ( 'NONE',  ( -1.325374500648916820, -4.900000000000001243, 1.758671575626935102 ) ) ;
#3584 = LINE ( 'NONE', #3064, #1399 ) ;
#3585 = CARTESIAN_POINT ( 'NONE',  ( -0.1660039842771005858, -4.900000000000002132, 1.534903640778916500 ) ) ;
#3586 = ORIENTED_EDGE ( 'NONE', *, *, #626, .T. ) ;
#3587 = ADVANCED_FACE ( 'NONE', ( #2538 ), #5539, .T. ) ;
#3588 = CARTESIAN_POINT ( 'NONE',  ( 1.094113433382002176, -4.900000000000001243, 3.201547940114489510 ) ) ;
#3589 = DIRECTION ( 'NONE',  ( -0.000000000000000000, -1.000000000000000000, -0.000000000000000000 ) ) ;
#3590 = DIRECTION ( 'NONE',  ( 0.000000000000000000, -0.000000000000000000, 1.000000000000000000 ) ) ;
#3591 = SURFACE_SIDE_STYLE ('',( #2610 ) ) ;
#3592 = CARTESIAN_POINT ( 'NONE',  ( -0.1811515819136849392, -4.950000000000000178, 1.253367430971772611 ) ) ;
#3593 =( NAMED_UNIT ( * ) PLANE_ANGLE_UNIT ( ) SI_UNIT ( $, .RADIAN. ) );
#3594 = VERTEX_POINT ( 'NONE', #4955 ) ;
#3595 = CARTESIAN_POINT ( 'NONE',  ( -0.6108399411155470693, -4.900000000000001243, 2.217347786282604982 ) ) ;
#3596 = CARTESIAN_POINT ( 'NONE',  ( -0.9370121947285252606, -4.949999999999997513, 1.965301201564062739 ) ) ;
#3597 = EDGE_LOOP ( 'NONE', ( #295, #980, #4815, #4915, #828, #5237 ) ) ;
#3598 = SURFACE_STYLE_USAGE ( .BOTH. , #1640 ) ;
#3599 = CARTESIAN_POINT ( 'NONE',  ( 0.000000000000000000, 0.000000000000000000, 4.800000000000000711 ) ) ;
#3600 = CARTESIAN_POINT ( 'NONE',  ( -0.5591036786836696137, -4.949999999999999289, 0.8614911973693710756 ) ) ;
#3601 = MECHANICAL_DESIGN_GEOMETRIC_PRESENTATION_REPRESENTATION (  '', ( #5751 ), #1541 ) ;
#3602 =( LENGTH_UNIT ( ) NAMED_UNIT ( * ) SI_UNIT ( .MILLI., .METRE. ) );
#3603 = CARTESIAN_POINT ( 'NONE',  ( 1.001605769230768939, -4.950000000000000178, 3.098487179487178889 ) ) ;
#3604 = CARTESIAN_POINT ( 'NONE',  ( -3.020000000000000906, 1.699999999999999956, 1.800000000000000488 ) ) ;
#3605 = PRESENTATION_LAYER_ASSIGNMENT (  '', '', ( #1864 ) ) ;
#3606 = CARTESIAN_POINT ( 'NONE',  ( -1.078050254835857702, -4.900000000000000355, 0.8069032235124634633 ) ) ;
#3607 = ORIENTED_EDGE ( 'NONE', *, *, #4467, .F. ) ;
#3608 = AXIS2_PLACEMENT_3D ( 'NONE', #1070, #1247, #237 ) ;
#3609 = EDGE_LOOP ( 'NONE', ( #508, #84, #2129, #5526 ) ) ;
#3610 = FILL_AREA_STYLE_COLOUR ( '', #5499 ) ;
#3611 = CARTESIAN_POINT ( 'NONE',  ( -0.6623076923076925970, -4.900000000000000355, 0.6797692307692310143 ) ) ;
#3612 = COLOUR_RGB ( '',1.000000000000000000, 1.000000000000000000, 1.000000000000000000 ) ;
#3613 = CARTESIAN_POINT ( 'NONE',  ( 0.04923076923076885603, -4.950000000000001066, 1.446596153846154253 ) ) ;
#3614 = B_SPLINE_CURVE_WITH_KNOTS ( 'NONE', 3,
 ( #2283, #4186, #2340, #415, #4274, #5209, #2309, #4305, #3801, #2760, #856, #4718, #4243, #1367, #6266, #5754, #6208, #4810, #3337, #3310, #444, #5307, #1874, #1805, #920, #2852, #3772 ),
 .UNSPECIFIED., .F., .F.,
 ( 4, 1, 1, 1, 1, 1, 1, 1, 1, 1, 1, 1, 1, 1, 1, 1, 1, 1, 1, 1, 1, 1, 1, 1, 4 ),
 ( 0.000000000000000000, 0.04469699988991691214, 0.08853356291858741067, 0.1314091332352274044, 0.1738139421467782275, 0.2157145332694448969, 0.2572471603264206430, 0.2988479641797118225, 0.3406041827148142409, 0.3820294481091343064, 0.4229697500404857591, 0.4636322295306196106, 0.5040475437003945069, 0.5445912057564574749, 0.5849639251690935682, 0.6262652162680830692, 0.6679794005009904723, 0.7099427472053505550, 0.7513818550852254807, 0.7926185649779642350, 0.8339484357458205599, 0.8750080506311037620, 0.9164455302232757949, 0.9579066137283073212, 1.000000000000000000 ),
 .UNSPECIFIED. ) ;
#3615 = VECTOR ( 'NONE', #2178, 1000.000000000000000 ) ;
#3616 = DIRECTION ( 'NONE',  ( 1.275531967630005245E-16, -1.000000000000000000, 0.000000000000000000 ) ) ;
#3617 = LINE ( 'NONE', #5629, #4769 ) ;
#3618 = LINE ( 'NONE', #1557, #892 ) ;
#3619 = CARTESIAN_POINT ( 'NONE',  ( -0.5225924589899401118, -4.949999999999999289, 2.026884553686973511 ) ) ;
#3620 = ORIENTED_EDGE ( 'NONE', *, *, #3727, .F. ) ;
#3621 = MECHANICAL_DESIGN_GEOMETRIC_PRESENTATION_REPRESENTATION (  '', ( #4633 ), #2177 ) ;
#3622 = CARTESIAN_POINT ( 'NONE',  ( -1.604615384615384999, -4.900000000000000355, 3.803535256410256249 ) ) ;
#3623 = DIRECTION ( 'NONE',  ( -1.000000000000000000, 0.000000000000000000, 0.000000000000000000 ) ) ;
#3624 = FACE_BOUND ( 'NONE', #4720, .T. ) ;
#3625 = ADVANCED_FACE ( 'NONE', ( #4442 ), #4063, .T. ) ;
#3626 = CARTESIAN_POINT ( 'NONE',  ( 0.8495156368917540224, -4.900000000000001243, 4.129126693963808492 ) ) ;
#3627 = EDGE_CURVE ( 'NONE', #723, #286, #1622, .T. ) ;
#3628 = CARTESIAN_POINT ( 'NONE',  ( 1.041215549577736210, -4.949999999999998401, 4.091079358784575071 ) ) ;
#3629 = DIRECTION ( 'NONE',  ( -1.000000000000000000, -0.000000000000000000, -0.000000000000000000 ) ) ;
#3630 = B_SPLINE_SURFACE_WITH_KNOTS ( 'NONE', 3, 1, ( 
 ( #4073, #3069 ),
 ( #5958, #2169 ),
 ( #6029, #4638 ),
 ( #716, #1663 ),
 ( #5518, #1694 ),
 ( #3103, #686 ),
 ( #3626, #5578 ),
 ( #3166, #3132 ),
 ( #5096, #2076 ),
 ( #4605, #3518 ),
 ( #1631, #239 ),
 ( #6086, #740 ),
 ( #5478, #3033 ),
 ( #4995, #3557 ),
 ( #2546, #4507 ),
 ( #4040, #5994 ),
 ( #1595, #5022 ),
 ( #1375, #895 ),
 ( #6215, #1340 ) ),
 .UNSPECIFIED., .F., .F., .F.,
 ( 4, 1, 1, 1, 1, 1, 1, 1, 1, 1, 1, 1, 1, 1, 1, 1, 4 ),
 ( 2, 2 ),
 ( 0.000000000000000000, 0.07067529020333021550, 0.1374926938441242419, 0.2014728253723049034, 0.2628693217722893327, 0.3225500865261555772, 0.3807372513385549606, 0.4382197368560121764, 0.4954874370602855849, 0.5534836796953473970, 0.6113462062294290345, 0.6706437388141555100, 0.7315869484227135455, 0.7941831937999381807, 0.8594451119347497059, 0.9282076353998099938, 1.000000000000000000 ),
 ( 0.000000000000000000, 1.000000000000000000 ),
 .UNSPECIFIED. ) ;
#3631 = ORIENTED_EDGE ( 'NONE', *, *, #1499, .T. ) ;
#3632 = CARTESIAN_POINT ( 'NONE',  ( -0.3748894911444199951, -4.899999999999997691, 2.163643655340701688 ) ) ;
#3633 =( GEOMETRIC_REPRESENTATION_CONTEXT ( 3 ) GLOBAL_UNCERTAINTY_ASSIGNED_CONTEXT ( ( #2805 ) ) GLOBAL_UNIT_ASSIGNED_CONTEXT ( ( #4234, #913, #1327 ) ) REPRESENTATION_CONTEXT ( 'NONE', 'WORKASPACE' ) );
#3634 = CARTESIAN_POINT ( 'NONE',  ( -3.270000000000000462, -1.700000000000000178, 8.800000000000000711 ) ) ;
#3635 = ADVANCED_FACE ( 'NONE', ( #68 ), #4564, .F. ) ;
#3636 = ORIENTED_EDGE ( 'NONE', *, *, #5693, .F. ) ;
#3637 = CARTESIAN_POINT ( 'NONE',  ( 1.398321987348494666, -4.900000000000001243, 3.461864912571554154 ) ) ;
#3638 = DIRECTION ( 'NONE',  ( -0.2609090251427717555, 0.000000000000000000, -0.9653633930282671249 ) ) ;
#3639 = LINE ( 'NONE', #5588, #2934 ) ;
#3640 = LINE ( 'NONE', #5621, #6185 ) ;
#3641 = EDGE_CURVE ( 'NONE', #1157, #4308, #3545, .T. ) ;
#3642 = CARTESIAN_POINT ( 'NONE',  ( 1.014866858014604967, -4.950000000000000178, 3.360655277235862215 ) ) ;
#3643 = CARTESIAN_POINT ( 'NONE',  ( -1.009996234918222768, -4.949999999999999289, 2.137514736226421963 ) ) ;
#3644 = ORIENTED_EDGE ( 'NONE', *, *, #6132, .T. ) ;
#3645 = ORIENTED_EDGE ( 'NONE', *, *, #2164, .T. ) ;
#3646 = B_SPLINE_SURFACE_WITH_KNOTS ( 'NONE', 3, 1, ( 
 ( #3893, #5819 ),
 ( #1428, #3955 ),
 ( #1457, #5334 ),
 ( #952, #2892 ),
 ( #1941, #5880 ),
 ( #4885, #3431 ),
 ( #5916, #2439 ),
 ( #516, #3464 ),
 ( #4526, #2988 ),
 ( #5533, #4056 ),
 ( #3606, #5431 ),
 ( #4947, #1584 ),
 ( #3086, #5944 ),
 ( #1051, #4089 ),
 ( #91, #2127 ),
 ( #188, #674 ),
 ( #2061, #2596 ),
 ( #159, #577 ),
 ( #1148, #6009 ),
 ( #5565, #2497 ),
 ( #3501, #4458 ),
 ( #5467, #2561 ),
 ( #125, #1614 ),
 ( #2032, #3575 ),
 ( #4978, #3057 ),
 ( #1182, #1084 ),
 ( #5046, #4027 ) ),
 .UNSPECIFIED., .F., .F., .F.,
 ( 4, 1, 1, 1, 1, 1, 1, 1, 1, 1, 1, 1, 1, 1, 1, 1, 1, 1, 1, 1, 1, 1, 1, 1, 4 ),
 ( 2, 2 ),
 ( 0.000000000000000000, 0.04469699988991691214, 0.08853356291858741067, 0.1314091332352274044, 0.1738139421467782275, 0.2157145332694448969, 0.2572471603264206430, 0.2988479641797118225, 0.3406041827148142409, 0.3820294481091343064, 0.4229697500404857591, 0.4636322295306196106, 0.5040475437003945069, 0.5445912057564574749, 0.5849639251690935682, 0.6262652162680830692, 0.6679794005009904723, 0.7099427472053505550, 0.7513818550852254807, 0.7926185649779642350, 0.8339484357458205599, 0.8750080506311037620, 0.9164455302232757949, 0.9579066137283073212, 1.000000000000000000 ),
 ( 0.000000000000000000, 1.000000000000000000 ),
 .UNSPECIFIED. ) ;
#3647 = CARTESIAN_POINT ( 'NONE',  ( -1.604615384615384999, -4.900000000000000355, 3.803535256410256249 ) ) ;
#3648 = CARTESIAN_POINT ( 'NONE',  ( 1.449422814328488629, -4.950000000000001066, 4.057613147956500299 ) ) ;
#3649 = PLANE ( 'NONE',  #5849 ) ;
#3650 = CARTESIAN_POINT ( 'NONE',  ( 1.569999999999999396, -3.710000000000000853, -3.850000000000000089 ) ) ;
#3651 = ORIENTED_EDGE ( 'NONE', *, *, #4783, .T. ) ;
#3652 = CARTESIAN_POINT ( 'NONE',  ( -1.390188939177322114, -4.899999999999997691, 3.920233926890903664 ) ) ;
#3653 = FILL_AREA_STYLE ('',( #2075 ) ) ;
#3654 = CARTESIAN_POINT ( 'NONE',  ( -1.570000000000000950, 3.910000000000000142, -3.850000000000000089 ) ) ;
#3655 = CARTESIAN_POINT ( 'NONE',  ( -0.6482796767986340747, -4.950000000000000178, 2.044892056323907248 ) ) ;
#3656 = CARTESIAN_POINT ( 'NONE',  ( 1.009289130061171491, -4.949999999999999289, 4.054577965304615006 ) ) ;
#3657 = CARTESIAN_POINT ( 'NONE',  ( -0.6104034295841220814, -4.950000000000000178, 0.8541678627429052373 ) ) ;
#3658 =( GEOMETRIC_REPRESENTATION_CONTEXT ( 3 ) GLOBAL_UNCERTAINTY_ASSIGNED_CONTEXT ( ( #2936 ) ) GLOBAL_UNIT_ASSIGNED_CONTEXT ( ( #4138, #6090, #4104 ) ) REPRESENTATION_CONTEXT ( 'NONE', 'WORKASPACE' ) );
#3659 = CARTESIAN_POINT ( 'NONE',  ( 2.540000000000000036, 0.000000000000000000, -3.850000000000000089 ) ) ;
#3660 = ORIENTED_EDGE ( 'NONE', *, *, #2461, .T. ) ;
#3661 = AXIS2_PLACEMENT_3D ( 'NONE', #1720, #4064, #3684 ) ;
#3662 = EDGE_CURVE ( 'NONE', #2026, #3829, #4157, .T. ) ;
#3663 = CARTESIAN_POINT ( 'NONE',  ( -0.2496393513217479709, -4.900000000000002132, 2.094485036526637867 ) ) ;
#3664 = VECTOR ( 'NONE', #3159, 1000.000000000000000 ) ;
#3665 = DIRECTION ( 'NONE',  ( -0.000000000000000000, -1.000000000000000000, -0.000000000000000000 ) ) ;
#3666 = CARTESIAN_POINT ( 'NONE',  ( 1.870000000000000329, -6.449999999999990408, 8.001000000000001222 ) ) ;
#3667 = VECTOR ( 'NONE', #2821, 1000.000000000000000 ) ;
#3668 = ORIENTED_EDGE ( 'NONE', *, *, #4357, .T. ) ;
#3669 = EDGE_CURVE ( 'NONE', #3737, #2979, #4661, .T. ) ;
#3670 = DIRECTION ( 'NONE',  ( 0.000000000000000000, -0.000000000000000000, -1.000000000000000000 ) ) ;
#3671 = VECTOR ( 'NONE', #2868, 1000.000000000000000 ) ;
#3672 = DIRECTION ( 'NONE',  ( 0.000000000000000000, -0.000000000000000000, 1.000000000000000000 ) ) ;
#3673 = VECTOR ( 'NONE', #5446, 1000.000000000000000 ) ;
#3674 = FILL_AREA_STYLE_COLOUR ( '', #3964 ) ;
#3675 = CARTESIAN_POINT ( 'NONE',  ( -0.04150149118459579844, -4.949999999999999289, 1.041776439602797089 ) ) ;
#3676 = VECTOR ( 'NONE', #4409, 1000.000000000000000 ) ;
#3677 = ORIENTED_EDGE ( 'NONE', *, *, #1419, .T. ) ;
#3678 = VERTEX_POINT ( 'NONE', #1651 ) ;
#3679 = SURFACE_STYLE_USAGE ( .BOTH. , #1716 ) ;
#3680 = CARTESIAN_POINT ( 'NONE',  ( -0.6144524761884081476, -4.900000000000001243, 0.6807053164106005028 ) ) ;
#3681 = CARTESIAN_POINT ( 'NONE',  ( -1.021015816753664929, -4.950000000000001066, 1.006013512761436912 ) ) ;
#3682 = PRODUCT ( 'DS1040-02RT', 'DS1040-02RT', '', ( #2696 ) ) ;
#3683 =( LENGTH_UNIT ( ) NAMED_UNIT ( * ) SI_UNIT ( .MILLI., .METRE. ) );
#3684 = DIRECTION ( 'NONE',  ( 0.000000000000000000, 0.000000000000000000, 1.000000000000000000 ) ) ;
#3685 = FACE_OUTER_BOUND ( 'NONE', #6145, .T. ) ;
#3686 = CARTESIAN_POINT ( 'NONE',  ( 1.870000000000000551, -6.449999999999990408, 6.801000000000001933 ) ) ;
#3687 = DIRECTION ( 'NONE',  ( 0.000000000000000000, 0.000000000000000000, -1.000000000000000000 ) ) ;
#3688 = CARTESIAN_POINT ( 'NONE',  ( -0.6602043269230772893, -4.950000000000000178, 2.045153846153846100 ) ) ;
#3689 = CARTESIAN_POINT ( 'NONE',  ( -0.3748894911444199951, -4.899999999999997691, 2.163643655340701688 ) ) ;
#3690 = FILL_AREA_STYLE ('',( #3725 ) ) ;
#3691 = SURFACE_STYLE_FILL_AREA ( #4165 ) ;
#3692 = DIRECTION ( 'NONE',  ( 0.2609090251427715890, 0.000000000000000000, 0.9653633930282671249 ) ) ;
#3693 = ORIENTED_EDGE ( 'NONE', *, *, #3070, .T. ) ;
#3694 = FACE_OUTER_BOUND ( 'NONE', #3021, .T. ) ;
#3695 = VERTEX_POINT ( 'NONE', #291 ) ;
#3696 = CARTESIAN_POINT ( 'NONE',  ( -0.6444707603935747597, -4.950000000000001954, 2.217935043699853281 ) ) ;
#3697 = CARTESIAN_POINT ( 'NONE',  ( -1.070000000000001172, -3.710000000000000853, -3.850000000000000089 ) ) ;
#3698 = EDGE_CURVE ( 'NONE', #3304, #820, #4695, .T. ) ;
#3699 = ORIENTED_EDGE ( 'NONE', *, *, #2004, .T. ) ;
#3700 = FACE_OUTER_BOUND ( 'NONE', #1980, .T. ) ;
#3701 = DIRECTION ( 'NONE',  ( 0.000000000000000000, -1.000000000000000000, -0.000000000000000000 ) ) ;
#3702 = CARTESIAN_POINT ( 'NONE',  ( 0.9685128205128203938, -4.900000000000000355, 3.906179487179486820 ) ) ;
#3703 = UNCERTAINTY_MEASURE_WITH_UNIT (LENGTH_MEASURE( 1.000000000000000082E-05 ), #2326, 'distance_accuracy_value', 'NONE');
#3704 = PLANE ( 'NONE',  #1775 ) ;
#3705 = DIRECTION ( 'NONE',  ( -0.5403350958123748216, 0.000000000000000000, 0.8414499297245390252 ) ) ;
#3706 = CARTESIAN_POINT ( 'NONE',  ( -1.869999999999999440, -3.649999999999990141, 6.801000000000001933 ) ) ;
#3707 = ADVANCED_FACE ( 'NONE', ( #2224 ), #5179, .F. ) ;
#3708 = ADVANCED_FACE ( 'NONE', ( #6048 ), #4596, .F. ) ;
#3709 = ORIENTED_EDGE ( 'NONE', *, *, #4291, .F. ) ;
#3710 = EDGE_LOOP ( 'NONE', ( #1246, #3180, #3202, #561, #2, #844, #3802 ) ) ;
#3711 = FILL_AREA_STYLE ('',( #3610 ) ) ;
#3712 = PRESENTATION_LAYER_ASSIGNMENT (  '', '', ( #1756 ) ) ;
#3713 =( LENGTH_UNIT ( ) NAMED_UNIT ( * ) SI_UNIT ( .MILLI., .METRE. ) );
#3714 = PRESENTATION_STYLE_ASSIGNMENT (( #4694 ) ) ;
#3715 = SURFACE_SIDE_STYLE ('',( #766 ) ) ;
#3716 = CARTESIAN_POINT ( 'NONE',  ( 3.270000000000000462, 4.449999999999998401, 8.800000000000000711 ) ) ;
#3717 = AXIS2_PLACEMENT_3D ( 'NONE', #5829, #4359, #5359 ) ;
#3718 = VERTEX_POINT ( 'NONE', #1243 ) ;
#3719 =( NAMED_UNIT ( * ) SI_UNIT ( $, .STERADIAN. ) SOLID_ANGLE_UNIT ( ) );
#3720 = VECTOR ( 'NONE', #1755, 1000.000000000000000 ) ;
#3721 = UNCERTAINTY_MEASURE_WITH_UNIT (LENGTH_MEASURE( 1.000000000000000082E-05 ), #631, 'distance_accuracy_value', 'NONE');
#3722 = CARTESIAN_POINT ( 'NONE',  ( 1.444615384615384412, -4.900000000000000355, 0.6990000000000001767 ) ) ;
#3723 =( NAMED_UNIT ( * ) SI_UNIT ( $, .STERADIAN. ) SOLID_ANGLE_UNIT ( ) );
#3724 = CARTESIAN_POINT ( 'NONE',  ( -0.1660039842771005858, -4.950000000000001954, 1.534903640778916500 ) ) ;
#3725 = FILL_AREA_STYLE_COLOUR ( '', #5574 ) ;
#3726 = DIRECTION ( 'NONE',  ( 1.807003620809174632E-16, -1.000000000000000000, 0.000000000000000000 ) ) ;
#3727 = EDGE_CURVE ( 'NONE', #275, #4337, #1687, .T. ) ;
#3728 = DIRECTION ( 'NONE',  ( 0.000000000000000000, -0.000000000000000000, 1.000000000000000000 ) ) ;
#3729 =( GEOMETRIC_REPRESENTATION_CONTEXT ( 3 ) GLOBAL_UNCERTAINTY_ASSIGNED_CONTEXT ( ( #903 ) ) GLOBAL_UNIT_ASSIGNED_CONTEXT ( ( #5807, #1749, #3324 ) ) REPRESENTATION_CONTEXT ( 'NONE', 'WORKASPACE' ) );
#3730 = FACE_OUTER_BOUND ( 'NONE', #1961, .T. ) ;
#3731 = COLOUR_RGB ( '',1.000000000000000000, 0.8705882352941176627, 0.5254901960784313930 ) ;
#3732 = ORIENTED_EDGE ( 'NONE', *, *, #2942, .T. ) ;
#3733 = CARTESIAN_POINT ( 'NONE',  ( 1.009289130061171491, -4.899999999999999467, 4.054577965304615006 ) ) ;
#3734 = VECTOR ( 'NONE', #6303, 1000.000000000000114 ) ;
#3735 = AXIS2_PLACEMENT_3D ( 'NONE', #5630, #5331, #887 ) ;
#3736 =( NAMED_UNIT ( * ) SI_UNIT ( $, .STERADIAN. ) SOLID_ANGLE_UNIT ( ) );
#3737 = VERTEX_POINT ( 'NONE', #799 ) ;
#3738 =( GEOMETRIC_REPRESENTATION_CONTEXT ( 3 ) GLOBAL_UNCERTAINTY_ASSIGNED_CONTEXT ( ( #2294 ) ) GLOBAL_UNIT_ASSIGNED_CONTEXT ( ( #373, #5681, #5266 ) ) REPRESENTATION_CONTEXT ( 'NONE', 'WORKASPACE' ) );
#3739 = CARTESIAN_POINT ( 'NONE',  ( 0.6700000000000000400, -2.449999999999989519, 8.800000000000000711 ) ) ;
#3740 = CARTESIAN_POINT ( 'NONE',  ( -0.6632091346153849987, -4.949999999999999289, 0.8528461538461540314 ) ) ;
#3741 = LINE ( 'NONE', #2693, #2715 ) ;
#3742 = VECTOR ( 'NONE', #2768, 1000.000000000000114 ) ;
#3743 = CARTESIAN_POINT ( 'NONE',  ( 1.380311047077040332, -4.900000000000002132, 4.120677227991989433 ) ) ;
#3744 = ORIENTED_EDGE ( 'NONE', *, *, #1088, .T. ) ;
#3745 = ORIENTED_EDGE ( 'NONE', *, *, #4017, .T. ) ;
#3746 = CARTESIAN_POINT ( 'NONE',  ( 0.9786589334670722229, -4.900000000000000355, 3.987308617774737662 ) ) ;
#3747 = EDGE_CURVE ( 'NONE', #3950, #477, #1806, .T. ) ;
#3748 = FILL_AREA_STYLE ('',( #231 ) ) ;
#3749 = CARTESIAN_POINT ( 'NONE',  ( 0.7898669871794867792, -4.950000000000000178, 3.043519230769230255 ) ) ;
#3750 = DIRECTION ( 'NONE',  ( -1.000000000000000000, 0.000000000000000000, 0.000000000000000000 ) ) ;
#3751 = EDGE_CURVE ( 'NONE', #413, #3594, #857, .T. ) ;
#3752 = DIRECTION ( 'NONE',  ( 0.000000000000000000, 0.6246950475544236214, -0.7808688094430309423 ) ) ;
#3753 = FILL_AREA_STYLE_COLOUR ( '', #1462 ) ;
#3754 = CARTESIAN_POINT ( 'NONE',  ( -0.2081683389844996290, -4.949999999999999289, 1.728332656255448185 ) ) ;
#3755 =( LENGTH_UNIT ( ) NAMED_UNIT ( * ) SI_UNIT ( .MILLI., .METRE. ) );
#3756 = DIRECTION ( 'NONE',  ( 0.2609090251427715890, 0.000000000000000000, -0.9653633930282671249 ) ) ;
#3757 = CARTESIAN_POINT ( 'NONE',  ( -1.126824142783870553, -4.950000000000000178, 1.711481831248794494 ) ) ;
#3758 = CARTESIAN_POINT ( 'NONE',  ( 0.9786589334670722229, -4.950000000000000178, 3.987308617774737662 ) ) ;
#3759 =( LENGTH_UNIT ( ) NAMED_UNIT ( * ) SI_UNIT ( .MILLI., .METRE. ) );
#3760 = VERTEX_POINT ( 'NONE', #4244 ) ;
#3761 = VECTOR ( 'NONE', #1434, 1000.000000000000000 ) ;
#3762 = FACE_OUTER_BOUND ( 'NONE', #6071, .T. ) ;
#3763 = DIRECTION ( 'NONE',  ( 0.000000000000000000, -0.000000000000000000, -1.000000000000000000 ) ) ;
#3764 = CARTESIAN_POINT ( 'NONE',  ( 1.364615542694300299, -4.950000000000000178, 3.675670563578561811 ) ) ;
#3765 =( GEOMETRIC_REPRESENTATION_CONTEXT ( 3 ) GLOBAL_UNCERTAINTY_ASSIGNED_CONTEXT ( ( #3264 ) ) GLOBAL_UNIT_ASSIGNED_CONTEXT ( ( #1024, #1525, #5923 ) ) REPRESENTATION_CONTEXT ( 'NONE', 'WORKASPACE' ) );
#3766 = CARTESIAN_POINT ( 'NONE',  ( 1.418492699113732103, -4.900000000000003020, 4.092116484477349658 ) ) ;
#3767 = ORIENTED_EDGE ( 'NONE', *, *, #1459, .T. ) ;
#3768 = VECTOR ( 'NONE', #5810, 1000.000000000000000 ) ;
#3769 = ORIENTED_EDGE ( 'NONE', *, *, #99, .T. ) ;
#3770 = VECTOR ( 'NONE', #6066, 1000.000000000000000 ) ;
#3771 = CARTESIAN_POINT ( 'NONE',  ( 1.484498510865479570, -4.950000000000002842, 3.882607145964595663 ) ) ;
#3772 = CARTESIAN_POINT ( 'NONE',  ( -1.373846153846154383, -4.900000000000000355, 1.429168269230769450 ) ) ;
#3773 = CARTESIAN_POINT ( 'NONE',  ( -1.869999999999999440, -6.449999999999990408, 6.801000000000001933 ) ) ;
#3774 = SURFACE_SIDE_STYLE ('',( #3339 ) ) ;
#3775 = VECTOR ( 'NONE', #5460, 1000.000000000000000 ) ;
#3776 = EDGE_CURVE ( 'NONE', #1111, #3225, #5725, .T. ) ;
#3777 = PRESENTATION_STYLE_ASSIGNMENT (( #3191 ) ) ;
#3778 = VERTEX_POINT ( 'NONE', #5242 ) ;
#3779 = CARTESIAN_POINT ( 'NONE',  ( -0.8108499225714141945, -4.900000000000002132, 2.206151175429825084 ) ) ;
#3780 = CARTESIAN_POINT ( 'NONE',  ( 0.000000000000000000, -2.449999999999989519, 8.800000000000000711 ) ) ;
#3781 =( NAMED_UNIT ( * ) PLANE_ANGLE_UNIT ( ) SI_UNIT ( $, .RADIAN. ) );
#3782 = CARTESIAN_POINT ( 'NONE',  ( -0.2558917288176915106, -4.950000000000000178, 1.826175808758482511 ) ) ;
#3783 = EDGE_CURVE ( 'NONE', #2185, #6206, #2795, .T. ) ;
#3784 = CARTESIAN_POINT ( 'NONE',  ( -0.8954195150221586630, -4.949999999999999289, 1.990204940854382931 ) ) ;
#3785 = UNCERTAINTY_MEASURE_WITH_UNIT (LENGTH_MEASURE( 1.000000000000000082E-05 ), #264, 'distance_accuracy_value', 'NONE');
#3786 = CARTESIAN_POINT ( 'NONE',  ( 1.059917872371914038, -4.950000000000001954, 4.106840303237621725 ) ) ;
#3787 = CARTESIAN_POINT ( 'NONE',  ( -1.161014013454146010, -4.949999999999996625, 1.505334606869031866 ) ) ;
#3788 = APPLICATION_CONTEXT ( 'automotive_design' ) ;
#3789 = ORIENTED_EDGE ( 'NONE', *, *, #3338, .F. ) ;
#3790 = DIRECTION ( 'NONE',  ( -0.2425356250363299992, 0.000000000000000000, 0.9701425001453326535 ) ) ;
#3791 =( NAMED_UNIT ( * ) SI_UNIT ( $, .STERADIAN. ) SOLID_ANGLE_UNIT ( ) );
#3792 = CARTESIAN_POINT ( 'NONE',  ( 1.374780319567271203, -4.950000000000000178, 4.304051326330434080 ) ) ;
#3793 = CARTESIAN_POINT ( 'NONE',  ( 1.221057692307691900, -4.950000000000000178, 0.6990000000000001767 ) ) ;
#3794 = CARTESIAN_POINT ( 'NONE',  ( 1.298867306862278470, -4.950000000000001066, 3.608345045215863856 ) ) ;
#3795 = FILL_AREA_STYLE ('',( #1301 ) ) ;
#3796 = ORIENTED_EDGE ( 'NONE', *, *, #3783, .F. ) ;
#3797 = EDGE_LOOP ( 'NONE', ( #2205, #5404, #2217, #5930, #1044, #1793, #5329, #2486 ) ) ;
#3798 = CARTESIAN_POINT ( 'NONE',  ( 1.478691301326999108, -4.950000000000001954, 3.858074591018544552 ) ) ;
#3799 = CARTESIAN_POINT ( 'NONE',  ( 0.6700000000000002620, -3.649999999999990141, 8.001000000000001222 ) ) ;
#3800 = CARTESIAN_POINT ( 'NONE',  ( 0.04830076637220709346, -4.900000000000002132, 1.391139720170956329 ) ) ;
#3801 = CARTESIAN_POINT ( 'NONE',  ( -0.9961878421483516544, -4.900000000000000355, 0.7567505720810479009 ) ) ;
#3802 = ORIENTED_EDGE ( 'NONE', *, *, #317, .F. ) ;
#3803 = CARTESIAN_POINT ( 'NONE',  ( 1.364615542694300299, -4.900000000000000355, 3.675670563578561811 ) ) ;
#3804 = SURFACE_STYLE_FILL_AREA ( #806 ) ;
#3805 = DIRECTION ( 'NONE',  ( 0.000000000000000000, 1.000000000000000000, 0.000000000000000000 ) ) ;
#3806 = CARTESIAN_POINT ( 'NONE',  ( 1.444615384615384412, -4.900000000000000355, 2.199000000000000288 ) ) ;
#3807 = CARTESIAN_POINT ( 'NONE',  ( -1.161014013454146010, -4.950000000000001066, 1.505334606869031866 ) ) ;
#3808 =( GEOMETRIC_REPRESENTATION_CONTEXT ( 3 ) GLOBAL_UNCERTAINTY_ASSIGNED_CONTEXT ( ( #6278 ) ) GLOBAL_UNIT_ASSIGNED_CONTEXT ( ( #793, #375, #5268 ) ) REPRESENTATION_CONTEXT ( 'NONE', 'WORKASPACE' ) );
#3809 = AXIS2_PLACEMENT_3D ( 'NONE', #2909, #6284, #3819 ) ;
#3810 =( NAMED_UNIT ( * ) PLANE_ANGLE_UNIT ( ) SI_UNIT ( $, .RADIAN. ) );
#3811 = EDGE_CURVE ( 'NONE', #745, #2612, #3101, .T. ) ;
#3812 = EDGE_CURVE ( 'NONE', #5919, #1828, #556, .T. ) ;
#3813 = DIRECTION ( 'NONE',  ( 0.000000000000000000, 0.7071067811865450192, 0.7071067811865500152 ) ) ;
#3814 = VECTOR ( 'NONE', #6095, 1000.000000000000000 ) ;
#3815 = CARTESIAN_POINT ( 'NONE',  ( -1.217596153846154383, -4.900000000000001243, 4.319000000000000838 ) ) ;
#3816 = ORIENTED_EDGE ( 'NONE', *, *, #4790, .T. ) ;
#3817 = VECTOR ( 'NONE', #3010, 1000.000000000000000 ) ;
#3818 = UNCERTAINTY_MEASURE_WITH_UNIT (LENGTH_MEASURE( 1.000000000000000082E-05 ), #2713, 'distance_accuracy_value', 'NONE');
#3819 = DIRECTION ( 'NONE',  ( 0.000000000000000000, 0.000000000000000000, -1.000000000000000000 ) ) ;
#3820 = CARTESIAN_POINT ( 'NONE',  ( 1.014866858014604967, -4.950000000000001066, 3.360655277235862215 ) ) ;
#3821 = PRESENTATION_LAYER_ASSIGNMENT (  '', '', ( #3204 ) ) ;
#3822 = ADVANCED_FACE ( 'NONE', ( #5928 ), #4474, .T. ) ;
#3823 = CARTESIAN_POINT ( 'NONE',  ( -1.870000000000000107, -5.621938507872650703, 4.800000000000000711 ) ) ;
#3824 = DIRECTION ( 'NONE',  ( 1.000000000000000000, 0.000000000000000000, 0.000000000000000000 ) ) ;
#3825 = SURFACE_STYLE_FILL_AREA ( #5683 ) ;
#3826 = CARTESIAN_POINT ( 'NONE',  ( 1.233817307692307352, -4.900000000000000355, 4.157461538461538098 ) ) ;
#3827 = MECHANICAL_DESIGN_GEOMETRIC_PRESENTATION_REPRESENTATION (  '', ( #1675 ), #1981 ) ;
#3828 = VERTEX_POINT ( 'NONE', #5444 ) ;
#3829 = VERTEX_POINT ( 'NONE', #2608 ) ;
#3830 = CARTESIAN_POINT ( 'NONE',  ( 0.7710769230769229932, -4.950000000000000178, 2.918999999999999595 ) ) ;
#3831 = EDGE_CURVE ( 'NONE', #1239, #2681, #3067, .T. ) ;
#3832 =( GEOMETRIC_REPRESENTATION_CONTEXT ( 3 ) GLOBAL_UNCERTAINTY_ASSIGNED_CONTEXT ( ( #394 ) ) GLOBAL_UNIT_ASSIGNED_CONTEXT ( ( #533, #4483, #1106 ) ) REPRESENTATION_CONTEXT ( 'NONE', 'WORKASPACE' ) );
#3833 = PLANE ( 'NONE',  #1552 ) ;
#3834 = DIRECTION ( 'NONE',  ( -1.000000000000000000, -0.000000000000000000, -0.000000000000000000 ) ) ;
#3835 = PRESENTATION_STYLE_ASSIGNMENT (( #4307 ) ) ;
#3836 = ORIENTED_EDGE ( 'NONE', *, *, #2824, .F. ) ;
#3837 = ORIENTED_EDGE ( 'NONE', *, *, #1857, .F. ) ;
#3838 = LINE ( 'NONE', #1338, #1660 ) ;
#3839 = DIRECTION ( 'NONE',  ( -1.000000000000000000, 0.000000000000000000, 0.000000000000000000 ) ) ;
#3840 = DIRECTION ( 'NONE',  ( -0.000000000000000000, -0.000000000000000000, 1.000000000000000000 ) ) ;
#3841 = PRESENTATION_STYLE_ASSIGNMENT (( #549 ) ) ;
#3842 = LINE ( 'NONE', #3934, #4166 ) ;
#3843 = CARTESIAN_POINT ( 'NONE',  ( 1.224085898619714952, -4.899999999999999467, 4.157238049196632090 ) ) ;
#3844 = UNCERTAINTY_MEASURE_WITH_UNIT (LENGTH_MEASURE( 1.000000000000000082E-05 ), #3713, 'distance_accuracy_value', 'NONE');
#3845 = DIRECTION ( 'NONE',  ( -0.000000000000000000, -1.000000000000000000, -0.000000000000000000 ) ) ;
#3846 = DIRECTION ( 'NONE',  ( -1.000000000000000000, 0.000000000000000000, 0.000000000000000000 ) ) ;
#3847 = EDGE_CURVE ( 'NONE', #150, #4674, #5516, .T. ) ;
#3848 = ORIENTED_EDGE ( 'NONE', *, *, #1770, .F. ) ;
#3849 = CARTESIAN_POINT ( 'NONE',  ( -1.570000000000000950, 3.910000000000000142, -0.001000000000000132727 ) ) ;
#3850 = FILL_AREA_STYLE ('',( #1386 ) ) ;
#3851 =( NAMED_UNIT ( * ) PLANE_ANGLE_UNIT ( ) SI_UNIT ( $, .RADIAN. ) );
#3852 = CARTESIAN_POINT ( 'NONE',  ( 1.637327588810457923, -4.950000000000001954, 3.767415401426727595 ) ) ;
#3853 = CARTESIAN_POINT ( 'NONE',  ( -0.001539447702852291336, -4.899999999999999467, 1.134017246907397025 ) ) ;
#3854 = CARTESIAN_POINT ( 'NONE',  ( 1.449422814328488629, -4.900000000000001243, 4.057613147956500299 ) ) ;
#3855 = EDGE_CURVE ( 'NONE', #5066, #4965, #169, .T. ) ;
#3856 = VECTOR ( 'NONE', #1093, 1000.000000000000000 ) ;
#3857 = ORIENTED_EDGE ( 'NONE', *, *, #2275, .F. ) ;
#3858 = CARTESIAN_POINT ( 'NONE',  ( -0.6700000000000000400, -2.449999999999990408, 4.800000000000000711 ) ) ;
#3859 = CARTESIAN_POINT ( 'NONE',  ( 1.298867306862278470, -4.950000000000003730, 3.608345045215863856 ) ) ;
#3860 = COLOUR_RGB ( '',1.000000000000000000, 1.000000000000000000, 1.000000000000000000 ) ;
#3861 = AXIS2_PLACEMENT_3D ( 'NONE', #1955, #3914, #5867 ) ;
#3862 = LINE ( 'NONE', #1016, #3193 ) ;
#3863 =( NAMED_UNIT ( * ) PLANE_ANGLE_UNIT ( ) SI_UNIT ( $, .RADIAN. ) );
#3864 = VECTOR ( 'NONE', #2815, 1000.000000000000000 ) ;
#3865 = CARTESIAN_POINT ( 'NONE',  ( -2.770000000000000906, 1.699999999999999956, 3.300000000000000266 ) ) ;
#3866 = MECHANICAL_DESIGN_GEOMETRIC_PRESENTATION_REPRESENTATION (  '', ( #3252 ), #505 ) ;
#3867 = EDGE_LOOP ( 'NONE', ( #3096, #5844, #2112, #2791 ) ) ;
#3868 = VERTEX_POINT ( 'NONE', #3476 ) ;
#3869 = PRESENTATION_LAYER_ASSIGNMENT (  '', '', ( #4475 ) ) ;
#3870 = CARTESIAN_POINT ( 'NONE',  ( -1.105747210720196438, -4.900000000000002132, 1.768235068570108925 ) ) ;
#3871 = CARTESIAN_POINT ( 'NONE',  ( 1.400460008758380059, -4.899999999999998579, 4.107712855179523892 ) ) ;
#3872 = DIRECTION ( 'NONE',  ( 0.000000000000000000, 1.000000000000000000, -0.000000000000000000 ) ) ;
#3873 = CARTESIAN_POINT ( 'NONE',  ( 0.8495156368917540224, -4.900000000000001243, 4.129126693963808492 ) ) ;
#3874 = EDGE_LOOP ( 'NONE', ( #2989, #4394, #1136, #3192 ) ) ;
#3875 = UNCERTAINTY_MEASURE_WITH_UNIT (LENGTH_MEASURE( 1.000000000000000082E-05 ), #5885, 'distance_accuracy_value', 'NONE');
#3876 = CARTESIAN_POINT ( 'NONE',  ( 0.04821598553768939588, -4.950000000000001066, 1.501138863908449528 ) ) ;
#3877 = FILL_AREA_STYLE ('',( #3382 ) ) ;
#3878 = ORIENTED_EDGE ( 'NONE', *, *, #4550, .F. ) ;
#3879 = CARTESIAN_POINT ( 'NONE',  ( -0.6700000000000000400, -2.799499999999984556, 4.450500000000003453 ) ) ;
#3880 = SURFACE_STYLE_FILL_AREA ( #4802 ) ;
#3881 = LINE ( 'NONE', #501, #3555 ) ;
#3882 =( NAMED_UNIT ( * ) SI_UNIT ( $, .STERADIAN. ) SOLID_ANGLE_UNIT ( ) );
#3883 = DIRECTION ( 'NONE',  ( 1.275531967630005245E-16, -1.000000000000000000, 0.000000000000000000 ) ) ;
#3884 = SURFACE_STYLE_FILL_AREA ( #1933 ) ;
#3885 = ORIENTED_EDGE ( 'NONE', *, *, #5464, .F. ) ;
#3886 = LINE ( 'NONE', #5837, #204 ) ;
#3887 = LINE ( 'NONE', #5838, #5709 ) ;
#3888 = EDGE_CURVE ( 'NONE', #4239, #1575, #6106, .T. ) ;
#3889 = EDGE_CURVE ( 'NONE', #4200, #5611, #4190, .T. ) ;
#3890 = FILL_AREA_STYLE_COLOUR ( '', #5161 ) ;
#3891 = CARTESIAN_POINT ( 'NONE',  ( 3.270000000000000462, 4.950000000000000178, -0.001000000000000024307 ) ) ;
#3892 = CARTESIAN_POINT ( 'NONE',  ( 1.552727260191353098, -4.950000000000001954, 4.208510301126900721 ) ) ;
#3893 = CARTESIAN_POINT ( 'NONE',  ( -0.6623076923076925970, -4.900000000000000355, 0.6797692307692310143 ) ) ;
#3894 = ORIENTED_EDGE ( 'NONE', *, *, #519, .T. ) ;
#3895 = ORIENTED_EDGE ( 'NONE', *, *, #4961, .T. ) ;
#3896 = CARTESIAN_POINT ( 'NONE',  ( 1.435002611223113789, -4.900000000000000355, 4.075492053146962945 ) ) ;
#3897 = ADVANCED_FACE ( 'NONE', ( #1904 ), #32, .T. ) ;
#3898 = CARTESIAN_POINT ( 'NONE',  ( -0.01665162120881905072, -4.900000000000000355, 1.800797864289751749 ) ) ;
#3899 = DIRECTION ( 'NONE',  ( 0.5403350958123747105, 0.000000000000000000, -0.8414499297245390252 ) ) ;
#3900 = SURFACE_STYLE_USAGE ( .BOTH. , #9 ) ;
#3901 = LINE ( 'NONE', #3286, #1171 ) ;
#3902 = VERTEX_POINT ( 'NONE', #416 ) ;
#3903 = CARTESIAN_POINT ( 'NONE',  ( -1.054275035924330917, -4.949999999999999289, 1.046088179542357111 ) ) ;
#3904 = UNCERTAINTY_MEASURE_WITH_UNIT (LENGTH_MEASURE( 1.000000000000000082E-05 ), #1970, 'distance_accuracy_value', 'NONE');
#3905 = EDGE_CURVE ( 'NONE', #723, #4552, #62, .T. ) ;
#3906 = CARTESIAN_POINT ( 'NONE',  ( -1.570000000000000950, 3.709999999999999964, -3.850000000000000089 ) ) ;
#3907 = FACE_OUTER_BOUND ( 'NONE', #768, .T. ) ;
#3908 = MECHANICAL_DESIGN_GEOMETRIC_PRESENTATION_REPRESENTATION (  '', ( #1864 ), #2166 ) ;
#3909 = PRESENTATION_LAYER_ASSIGNMENT (  '', '', ( #4315 ) ) ;
#3910 = CARTESIAN_POINT ( 'NONE',  ( 1.233076923076922737, -4.900000000000000355, 1.079709134615384647 ) ) ;
#3911 = VERTEX_POINT ( 'NONE', #2343 ) ;
#3912 = DIRECTION ( 'NONE',  ( -9.667863439835225446E-17, 0.7071067811865500152, -0.7071067811865450192 ) ) ;
#3913 = CARTESIAN_POINT ( 'NONE',  ( 1.045220775095225152, -4.900000000000001243, 3.387736797112750775 ) ) ;
#3914 = DIRECTION ( 'NONE',  ( 1.000000000000000000, -0.000000000000000000, 0.000000000000000000 ) ) ;
#3915 = B_SPLINE_CURVE_WITH_KNOTS ( 'NONE', 3,
 ( #5817, #4374, #1486, #3461, #5841, #1081, #6295, #514, #3368, #1453, #2955, #2494, #3395, #4912, #5370, #1997, #983, #4456, #2437 ),
 .UNSPECIFIED., .F., .F.,
 ( 4, 1, 1, 1, 1, 1, 1, 1, 1, 1, 1, 1, 1, 1, 1, 1, 4 ),
 ( 0.000000000000000000, 0.07067529020333021550, 0.1374926938441242419, 0.2014728253723049034, 0.2628693217722893327, 0.3225500865261555772, 0.3807372513385549606, 0.4382197368560121764, 0.4954874370602855849, 0.5534836796953473970, 0.6113462062294290345, 0.6706437388141555100, 0.7315869484227135455, 0.7941831937999381807, 0.8594451119347497059, 0.9282076353998099938, 1.000000000000000000 ),
 .UNSPECIFIED. ) ;
#3917 = AXIS2_PLACEMENT_3D ( 'NONE', #5850, #4441, #7 ) ;
#3916 = CARTESIAN_POINT ( 'NONE',  ( -1.276156937761283805, -4.949999999999999289, 4.225479639996300385 ) ) ;
#3918 = CARTESIAN_POINT ( 'NONE',  ( -1.870000000000000107, -2.449999999999990408, 8.800000000000000711 ) ) ;
#3919 = ORIENTED_EDGE ( 'NONE', *, *, #121, .T. ) ;
#3920 = DIRECTION ( 'NONE',  ( 1.000000000000000000, 0.000000000000000000, 0.000000000000000000 ) ) ;
#3921 = PLANE ( 'NONE',  #1509 ) ;
#3922 = CARTESIAN_POINT ( 'NONE',  ( -0.2601263801481266125, -4.950000000000000178, 0.7950601014748902573 ) ) ;
#3923 = DIRECTION ( 'NONE',  ( -0.2609090251427715890, 0.000000000000000000, 0.9653633930282671249 ) ) ;
#3924 = CARTESIAN_POINT ( 'NONE',  ( 1.489542253161768581, -4.949999999999999289, 4.257113797321605553 ) ) ;
#3925 = FACE_OUTER_BOUND ( 'NONE', #3121, .T. ) ;
#3926 = VERTEX_POINT ( 'NONE', #1876 ) ;
#3927 = ADVANCED_FACE ( 'NONE', ( #3925 ), #3646, .T. ) ;
#3928 = ORIENTED_EDGE ( 'NONE', *, *, #3811, .T. ) ;
#3929 = VECTOR ( 'NONE', #4012, 1000.000000000000000 ) ;
#3930 = CARTESIAN_POINT ( 'NONE',  ( -0.1811515819136849392, -4.899999999999999467, 1.253367430971772611 ) ) ;
#3931 = FILL_AREA_STYLE_COLOUR ( '', #2933 ) ;
#3932 = CARTESIAN_POINT ( 'NONE',  ( -1.291873349213416899, -4.900000000000000355, 3.999978785180555718 ) ) ;
#3933 = CARTESIAN_POINT ( 'NONE',  ( -0.8108499225714141945, -4.950000000000001954, 2.206151175429825084 ) ) ;
#3934 = CARTESIAN_POINT ( 'NONE',  ( 0.9685128205128203938, -4.900000000000000355, 3.906179487179486820 ) ) ;
#3935 = EDGE_LOOP ( 'NONE', ( #6091, #5080, #3848, #6212 ) ) ;
#3936 = ADVANCED_FACE ( 'NONE', ( #6041 ), #4559, .F. ) ;
#3937 = CARTESIAN_POINT ( 'NONE',  ( -0.9453436267981398800, -4.899999999999999467, 0.9385692820906487155 ) ) ;
#3938 = CARTESIAN_POINT ( 'NONE',  ( -0.1767999222272243487, -4.899999999999999467, 1.616612929034543455 ) ) ;
#3939 = CARTESIAN_POINT ( 'NONE',  ( -0.08530818522874836218, -4.950000000000000178, 1.928679775062734025 ) ) ;
#3940 = SURFACE_STYLE_FILL_AREA ( #5827 ) ;
#3941 = CARTESIAN_POINT ( 'NONE',  ( 1.001605769230768939, -4.900000000000000355, 3.098487179487178889 ) ) ;
#3942 = EDGE_LOOP ( 'NONE', ( #665, #1512, #6105, #612, #1390, #1548 ) ) ;
#3943 = PLANE ( 'NONE',  #5248 ) ;
#3944 = CARTESIAN_POINT ( 'NONE',  ( -1.475528833936127882, -4.900000000000001243, 4.042636362067711708 ) ) ;
#3945 = DIRECTION ( 'NONE',  ( -1.000000000000000000, -0.000000000000000000, -0.000000000000000000 ) ) ;
#3946 = CARTESIAN_POINT ( 'NONE',  ( -1.217596153846154161, -4.900000000000000355, 4.318999999999999950 ) ) ;
#3947 = LINE ( 'NONE', #4400, #660 ) ;
#3948 = ORIENTED_EDGE ( 'NONE', *, *, #5142, .F. ) ;
#3949 = DIRECTION ( 'NONE',  ( -0.000000000000000000, -0.000000000000000000, 1.000000000000000000 ) ) ;
#3950 = VERTEX_POINT ( 'NONE', #640 ) ;
#3951 = LINE ( 'NONE', #3078, #2828 ) ;
#3952 = LINE ( 'NONE', #1047, #863 ) ;
#3953 = CARTESIAN_POINT ( 'NONE',  ( -0.6807634327365970073, -4.900000000000001243, 0.8532864669345422426 ) ) ;
#3954 = CARTESIAN_POINT ( 'NONE',  ( 1.579845507032003438, -4.949999999999998401, 4.180031777401035598 ) ) ;
#3955 = CARTESIAN_POINT ( 'NONE',  ( -0.6795474906652040348, -4.950000000000001066, 0.6800242957220333784 ) ) ;
#3956 = ORIENTED_EDGE ( 'NONE', *, *, #4439, .F. ) ;
#3957 = MECHANICAL_DESIGN_GEOMETRIC_PRESENTATION_REPRESENTATION (  '', ( #3435 ), #1502 ) ;
#3958 = ORIENTED_EDGE ( 'NONE', *, *, #1308, .T. ) ;
#3959 = VECTOR ( 'NONE', #5982, 1000.000000000000114 ) ;
#3960 =( NAMED_UNIT ( * ) SI_UNIT ( $, .STERADIAN. ) SOLID_ANGLE_UNIT ( ) );
#3961 = PRESENTATION_LAYER_ASSIGNMENT (  '', '', ( #5601 ) ) ;
#3962 = CARTESIAN_POINT ( 'NONE',  ( 1.237743589743589334, -4.900000000000000355, 4.318999999999999950 ) ) ;
#3963 = CARTESIAN_POINT ( 'NONE',  ( 0.02829212544617857455, -4.900000000000001243, 1.657598385937758989 ) ) ;
#3965 = CARTESIAN_POINT ( 'NONE',  ( -1.604615384615384999, -4.900000000000000355, 3.803535256410256249 ) ) ;
#3964 = COLOUR_RGB ( '',1.000000000000000000, 1.000000000000000000, 1.000000000000000000 ) ;
#3966 = EDGE_CURVE ( 'NONE', #178, #2446, #701, .T. ) ;
#3967 = MECHANICAL_DESIGN_GEOMETRIC_PRESENTATION_REPRESENTATION (  '', ( #396 ), #3562 ) ;
#3968 = CARTESIAN_POINT ( 'NONE',  ( -1.313353280649454558, -4.949999999999998401, 3.979264034030743247 ) ) ;
#3969 = LINE ( 'NONE', #3351, #594 ) ;
#3970 = COLOUR_RGB ( '',0.1803921568627450955, 0.1803921568627450955, 0.1803921568627450955 ) ;
#3971 = ORIENTED_EDGE ( 'NONE', *, *, #245, .F. ) ;
#3972 = CARTESIAN_POINT ( 'NONE',  ( 0.6700000000000000400, -2.449999999999990408, 4.801000000000000156 ) ) ;
#3973 = CARTESIAN_POINT ( 'NONE',  ( -0.7152239967526450304, -4.949999999999999289, 0.8541508385696097161 ) ) ;
#3974 = SURFACE_STYLE_FILL_AREA ( #4993 ) ;
#3975 = MECHANICAL_DESIGN_GEOMETRIC_PRESENTATION_REPRESENTATION (  '', ( #3343 ), #5198 ) ;
#3976 = EDGE_CURVE ( 'NONE', #4691, #1036, #4493, .T. ) ;
#3977 = CARTESIAN_POINT ( 'NONE',  ( -0.3748894911444199951, -4.949999999999997513, 2.163643655340701688 ) ) ;
#3978 = ADVANCED_FACE ( 'NONE', ( #2629 ), #5009, .T. ) ;
#3979 = AXIS2_PLACEMENT_3D ( 'NONE', #3214, #2209, #6141 ) ;
#3980 = DIRECTION ( 'NONE',  ( -1.000000000000000000, 0.000000000000000000, -0.000000000000000000 ) ) ;
#3981 = CARTESIAN_POINT ( 'NONE',  ( -0.6623076923076925970, -4.950000000000001066, 0.6797692307692310143 ) ) ;
#3982 = EDGE_LOOP ( 'NONE', ( #795, #861, #6042, #481, #2405, #954, #5758, #2152 ) ) ;
#3983 = CARTESIAN_POINT ( 'NONE',  ( -1.291873349213416899, -4.950000000000000178, 3.999978785180555718 ) ) ;
#3984 = SURFACE_STYLE_USAGE ( .BOTH. , #5999 ) ;
#3985 = CARTESIAN_POINT ( 'NONE',  ( -1.225662300607086364, -4.900000000000002132, 4.303644784815269908 ) ) ;
#3986 = CARTESIAN_POINT ( 'NONE',  ( 1.270000000000000018, -2.449999999999990408, 4.800000000000000711 ) ) ;
#3987 = SURFACE_SIDE_STYLE ('',( #115 ) ) ;
#3988 = ORIENTED_EDGE ( 'NONE', *, *, #2951, .F. ) ;
#3989 = DIRECTION ( 'NONE',  ( 0.000000000000000000, -1.000000000000000000, 0.000000000000000000 ) ) ;
#3990 = SURFACE_SIDE_STYLE ('',( #2028 ) ) ;
#3991 = CARTESIAN_POINT ( 'NONE',  ( -0.1856482414550275073, -4.900000000000001243, 0.8520969812119386644 ) ) ;
#3992 = CARTESIAN_POINT ( 'NONE',  ( -1.373846153846154383, -4.950000000000000178, 1.429168269230769450 ) ) ;
#3993 = CARTESIAN_POINT ( 'NONE',  ( 1.565741069165648591, -4.949999999999998401, 3.641097308793078025 ) ) ;
#3994 = SURFACE_STYLE_FILL_AREA ( #223 ) ;
#3995 = ORIENTED_EDGE ( 'NONE', *, *, #2710, .T. ) ;
#3996 = ORIENTED_EDGE ( 'NONE', *, *, #3226, .F. ) ;
#3997 = PLANE ( 'NONE',  #5756 ) ;
#3998 = CARTESIAN_POINT ( 'NONE',  ( 1.380311047077040332, -4.900000000000002132, 4.120677227991989433 ) ) ;
#3999 = CARTESIAN_POINT ( 'NONE',  ( -0.1134541315651168142, -4.950000000000001066, 1.966553162418226197 ) ) ;
#4000 = DIRECTION ( 'NONE',  ( -1.000000000000000000, 0.000000000000000000, 0.000000000000000000 ) ) ;
#4001 = SURFACE_STYLE_FILL_AREA ( #5509 ) ;
#4002 = VERTEX_POINT ( 'NONE', #3972 ) ;
#4003 = CARTESIAN_POINT ( 'NONE',  ( 0.9694952330310907529, -4.900000000000001243, 3.934398939359544656 ) ) ;
#4004 = CARTESIAN_POINT ( 'NONE',  ( -0.3444451644323492379, -4.899999999999999467, 1.930445557770569698 ) ) ;
#4005 =( NAMED_UNIT ( * ) PLANE_ANGLE_UNIT ( ) SI_UNIT ( $, .RADIAN. ) );
#4006 = SURFACE_STYLE_USAGE ( .BOTH. , #2044 ) ;
#4007 = LINE ( 'NONE', #4997, #4613 ) ;
#4008 = EDGE_LOOP ( 'NONE', ( #190, #403, #4504, #4036 ) ) ;
#4009 = MECHANICAL_DESIGN_GEOMETRIC_PRESENTATION_REPRESENTATION (  '', ( #5239 ), #2660 ) ;
#4010 = DIRECTION ( 'NONE',  ( -1.000000000000000000, 0.000000000000000000, -0.000000000000000000 ) ) ;
#4011 = SURFACE_SIDE_STYLE ('',( #5869 ) ) ;
#4012 = DIRECTION ( 'NONE',  ( -0.000000000000000000, -0.000000000000000000, 1.000000000000000000 ) ) ;
#4013 = PRESENTATION_LAYER_ASSIGNMENT (  '', '', ( #652 ) ) ;
#4014 = DIRECTION ( 'NONE',  ( -1.000000000000000000, -0.000000000000000000, -0.000000000000000000 ) ) ;
#4015 = ORIENTED_EDGE ( 'NONE', *, *, #5659, .F. ) ;
#4016 = VECTOR ( 'NONE', #5109, 1000.000000000000000 ) ;
#4017 = EDGE_CURVE ( 'NONE', #5727, #134, #5858, .T. ) ;
#4018 = DIRECTION ( 'NONE',  ( 0.000000000000000000, 0.000000000000000000, 1.000000000000000000 ) ) ;
#4019 =( NAMED_UNIT ( * ) SI_UNIT ( $, .STERADIAN. ) SOLID_ANGLE_UNIT ( ) );
#4020 = CARTESIAN_POINT ( 'NONE',  ( -3.270000000000000462, 4.950000000000000178, 8.300000000000000711 ) ) ;
#4021 = VECTOR ( 'NONE', #3665, 1000.000000000000000 ) ;
#4022 = CARTESIAN_POINT ( 'NONE',  ( 0.01397607919114228492, -4.949999999999998401, 1.182566826308319996 ) ) ;
#4023 = CARTESIAN_POINT ( 'NONE',  ( -0.06548377986032428988, -4.950000000000000178, 0.9985958883864456404 ) ) ;
#4024 = VECTOR ( 'NONE', #3271, 1000.000000000000000 ) ;
#4025 = SURFACE_SIDE_STYLE ('',( #3462 ) ) ;
#4026 = PRESENTATION_LAYER_ASSIGNMENT (  '', '', ( #3098 ) ) ;
#4027 = CARTESIAN_POINT ( 'NONE',  ( -1.373846153846154383, -4.950000000000001066, 1.429168269230769450 ) ) ;
#4028 = VERTEX_POINT ( 'NONE', #1091 ) ;
#4029 = ORIENTED_EDGE ( 'NONE', *, *, #4567, .T. ) ;
#4030 = VECTOR ( 'NONE', #4793, 1000.000000000000000 ) ;
#4031 = DIRECTION ( 'NONE',  ( -0.000000000000000000, -1.000000000000000000, -0.000000000000000000 ) ) ;
#4032 =( GEOMETRIC_REPRESENTATION_CONTEXT ( 3 ) GLOBAL_UNCERTAINTY_ASSIGNED_CONTEXT ( ( #5769 ) ) GLOBAL_UNIT_ASSIGNED_CONTEXT ( ( #6180, #4096, #5597 ) ) REPRESENTATION_CONTEXT ( 'NONE', 'WORKASPACE' ) );
#4033 = CARTESIAN_POINT ( 'NONE',  ( -1.124335916617327680, -4.900000000000000355, 2.058223720444909866 ) ) ;
#4034 = PLANE ( 'NONE',  #4976 ) ;
#4035 = CARTESIAN_POINT ( 'NONE',  ( -0.3444451644323492379, -4.899999999999999467, 1.930445557770569698 ) ) ;
#4036 = ORIENTED_EDGE ( 'NONE', *, *, #3408, .F. ) ;
#4037 = AXIS2_PLACEMENT_3D ( 'NONE', #4795, #5253, #1433 ) ;
#4038 = DIRECTION ( 'NONE',  ( 0.8414499297245390252, -0.000000000000000000, 0.5403350958123748216 ) ) ;
#4039 = PLANE ( 'NONE',  #1604 ) ;
#4040 = CARTESIAN_POINT ( 'NONE',  ( 1.144764679863603751, -4.900000000000001243, 4.313207378616532139 ) ) ;
#4041 = CARTESIAN_POINT ( 'NONE',  ( -0.1623076923076927081, -4.900000000000000355, 1.448098557692307775 ) ) ;
#4042 = EDGE_LOOP ( 'NONE', ( #2298, #2922, #5227, #874, #4176, #5310, #4389, #2598, #4528, #4413, #5449, #3559, #4257 ) ) ;
#4043 = CARTESIAN_POINT ( 'NONE',  ( 0.000000000000000000, 0.000000000000000000, -3.850000000000000089 ) ) ;
#4044 = EDGE_LOOP ( 'NONE', ( #523, #5474, #3311, #3456, #1934, #4343 ) ) ;
#4045 = FILL_AREA_STYLE_COLOUR ( '', #4421 ) ;
#4046 = CARTESIAN_POINT ( 'NONE',  ( -1.015128530905781368, -4.900000000000000355, 1.903035480429482451 ) ) ;
#4047 = DIRECTION ( 'NONE',  ( 1.000000000000000000, -0.000000000000000000, 0.000000000000000000 ) ) ;
#4048 = EDGE_CURVE ( 'NONE', #5685, #3205, #2603, .T. ) ;
#4049 = ORIENTED_EDGE ( 'NONE', *, *, #2545, .T. ) ;
#4050 = LINE ( 'NONE', #5073, #1824 ) ;
#4051 = LINE ( 'NONE', #5461, #5296 ) ;
#4052 = LINE ( 'NONE', #5589, #1076 ) ;
#4053 = CARTESIAN_POINT ( 'NONE',  ( 1.267828928425283053, -4.949999999999999289, 3.348199777096476648 ) ) ;
#4054 = ADVANCED_FACE ( 'NONE', ( #4683 ), #3355, .F. ) ;
#4055 = CARTESIAN_POINT ( 'NONE',  ( -3.770000000000000906, 1.699999999999999956, 1.800000000000000488 ) ) ;
#4056 = CARTESIAN_POINT ( 'NONE',  ( -1.038087001095573170, -4.950000000000001066, 0.7804983013033462980 ) ) ;
#4057 = ORIENTED_EDGE ( 'NONE', *, *, #3262, .T. ) ;
#4058 = ORIENTED_EDGE ( 'NONE', *, *, #1172, .T. ) ;
#4059 =( GEOMETRIC_REPRESENTATION_CONTEXT ( 3 ) GLOBAL_UNCERTAINTY_ASSIGNED_CONTEXT ( ( #3721 ) ) GLOBAL_UNIT_ASSIGNED_CONTEXT ( ( #631, #2523, #566 ) ) REPRESENTATION_CONTEXT ( 'NONE', 'WORKASPACE' ) );
#4060 = DIRECTION ( 'NONE',  ( 0.9950371902099890420, 0.000000000000000000, -0.09950371902099965082 ) ) ;
#4061 = CARTESIAN_POINT ( 'NONE',  ( 1.253932558929481189, -4.900000000000000355, 4.318722782262399917 ) ) ;
#4062 = DIRECTION ( 'NONE',  ( -0.000000000000000000, -0.000000000000000000, -1.000000000000000000 ) ) ;
#4063 = PLANE ( 'NONE',  #5913 ) ;
#4064 = DIRECTION ( 'NONE',  ( -1.000000000000000000, 0.000000000000000000, 0.000000000000000000 ) ) ;
#4065 = CARTESIAN_POINT ( 'NONE',  ( -1.176133276256839943, -4.900000000000001243, 2.009547861341816066 ) ) ;
#4066 = CARTESIAN_POINT ( 'NONE',  ( -0.1702838143718245212, -4.949999999999999289, 1.576452033225398619 ) ) ;
#4067 = ORIENTED_EDGE ( 'NONE', *, *, #3227, .F. ) ;
#4068 =( GEOMETRIC_REPRESENTATION_CONTEXT ( 3 ) GLOBAL_UNCERTAINTY_ASSIGNED_CONTEXT ( ( #4923 ) ) GLOBAL_UNIT_ASSIGNED_CONTEXT ( ( #4756, #4664, #4277 ) ) REPRESENTATION_CONTEXT ( 'NONE', 'WORKASPACE' ) );
#4069 = B_SPLINE_CURVE_WITH_KNOTS ( 'NONE', 3,
 ( #547, #4854, #4916, #1022, #3468, #2378, #5848, #2409, #2472, #4382, #1975, #5, #1944, #1463, #3930, #4440, #3402, #2993, #5374 ),
 .UNSPECIFIED., .F., .F.,
 ( 4, 1, 1, 1, 1, 1, 1, 1, 1, 1, 1, 1, 1, 1, 1, 1, 4 ),
 ( 0.000000000000000000, 0.06105491174328313980, 0.1195453450847437094, 0.1768063562451034632, 0.2329564830316853408, 0.2885834899465033465, 0.3446666617213002826, 0.4016615108374462784, 0.4605400973082779958, 0.5204770623221881554, 0.5812128653554006208, 0.6434307597220103592, 0.7079608695212424863, 0.7753707435336738563, 0.8464136772813298792, 0.9211518871893693561, 1.000000000000000000 ),
 .UNSPECIFIED. ) ;
#4070 = CARTESIAN_POINT ( 'NONE',  ( 1.036636252265310532, -4.900000000000002132, 3.145696090474394246 ) ) ;
#4071 = CARTESIAN_POINT ( 'NONE',  ( -0.1623076923076927081, -4.900000000000000355, 1.448098557692307775 ) ) ;
#4072 = PLANE ( 'NONE',  #3092 ) ;
#4073 = CARTESIAN_POINT ( 'NONE',  ( 0.7890256410256406561, -4.900000000000000355, 3.924128205128205149 ) ) ;
#4074 = VECTOR ( 'NONE', #2968, 1000.000000000000000 ) ;
#4075 = CARTESIAN_POINT ( 'NONE',  ( -0.1961616934517673438, -4.900000000000002132, 1.195854702436745853 ) ) ;
#4076 = FILL_AREA_STYLE ('',( #4546 ) ) ;
#4077 = VECTOR ( 'NONE', #1936, 1000.000000000000000 ) ;
#4078 = VERTEX_POINT ( 'NONE', #2808 ) ;
#4079 = COLOUR_RGB ( '',1.000000000000000000, 0.8705882352941176627, 0.5254901960784313930 ) ;
#4080 = UNCERTAINTY_MEASURE_WITH_UNIT (LENGTH_MEASURE( 1.000000000000000082E-05 ), #5429, 'distance_accuracy_value', 'NONE');
#4081 = VERTEX_POINT ( 'NONE', #3293 ) ;
#4082 = FILL_AREA_STYLE ('',( #635 ) ) ;
#4083 = DIRECTION ( 'NONE',  ( -1.000000000000000000, -0.000000000000000000, -0.000000000000000000 ) ) ;
#4084 =( NAMED_UNIT ( * ) PLANE_ANGLE_UNIT ( ) SI_UNIT ( $, .RADIAN. ) );
#4085 = DIRECTION ( 'NONE',  ( 0.000000000000000000, 0.000000000000000000, 1.000000000000000000 ) ) ;
#4086 = CARTESIAN_POINT ( 'NONE',  ( 0.8612240651809786041, -4.950000000000000178, 3.189403631216825463 ) ) ;
#4087 = CARTESIAN_POINT ( 'NONE',  ( -1.604615384615384999, -4.950000000000000178, 3.803535256410256249 ) ) ;
#4088 = CARTESIAN_POINT ( 'NONE',  ( 1.488448416922539375, -4.949999999999999289, 3.954163832566307768 ) ) ;
#4089 = CARTESIAN_POINT ( 'NONE',  ( -1.183371758905456872, -4.950000000000001954, 0.9009892675189148381 ) ) ;
#4090 = VERTEX_POINT ( 'NONE', #3815 ) ;
#4091 = EDGE_CURVE ( 'NONE', #3737, #6253, #784, .T. ) ;
#4092 = EDGE_CURVE ( 'NONE', #2064, #5625, #1348, .T. ) ;
#4093 = CARTESIAN_POINT ( 'NONE',  ( 1.479770759764147403, -4.949999999999999289, 3.998511706712006397 ) ) ;
#4094 = CARTESIAN_POINT ( 'NONE',  ( -1.154119681536445619, -4.950000000000000178, 1.301316311214139931 ) ) ;
#4095 = FILL_AREA_STYLE ('',( #100 ) ) ;
#4096 =( NAMED_UNIT ( * ) PLANE_ANGLE_UNIT ( ) SI_UNIT ( $, .RADIAN. ) );
#4097 = CARTESIAN_POINT ( 'NONE',  ( -1.217596153846154161, -4.950000000000000178, 4.318999999999999950 ) ) ;
#4098 = CARTESIAN_POINT ( 'NONE',  ( -0.4590329443928453101, -4.899999999999999467, 2.003672123932434435 ) ) ;
#4099 = ORIENTED_EDGE ( 'NONE', *, *, #5583, .T. ) ;
#4100 = CARTESIAN_POINT ( 'NONE',  ( -1.591557328266857363, -4.950000000000000178, 3.808906606714673071 ) ) ;
#4101 = EDGE_CURVE ( 'NONE', #126, #2737, #4256, .T. ) ;
#4102 = FACE_BOUND ( 'NONE', #2748, .T. ) ;
#4103 = PRESENTATION_STYLE_ASSIGNMENT (( #1135 ) ) ;
#4104 =( NAMED_UNIT ( * ) SI_UNIT ( $, .STERADIAN. ) SOLID_ANGLE_UNIT ( ) );
#4105 = FILL_AREA_STYLE_COLOUR ( '', #4617 ) ;
#4106 = ORIENTED_EDGE ( 'NONE', *, *, #1538, .F. ) ;
#4107 = EDGE_CURVE ( 'NONE', #5199, #5727, #4198, .T. ) ;
#4108 = ORIENTED_EDGE ( 'NONE', *, *, #1966, .F. ) ;
#4109 = DIRECTION ( 'NONE',  ( -1.000000000000000000, 0.000000000000000000, 0.000000000000000000 ) ) ;
#4110 = APPLICATION_CONTEXT ( 'automotive_design' ) ;
#4111 = VECTOR ( 'NONE', #1100, 1000.000000000000000 ) ;
#4112 = SURFACE_STYLE_USAGE ( .BOTH. , #4180 ) ;
#4113 = CARTESIAN_POINT ( 'NONE',  ( -0.6614062500000003064, -4.950000000000000178, 2.218230769230769006 ) ) ;
#4114 = CARTESIAN_POINT ( 'NONE',  ( -3.270000000000000462, 1.699999999999999956, 8.800000000000000711 ) ) ;
#4115 =( GEOMETRIC_REPRESENTATION_CONTEXT ( 3 ) GLOBAL_UNCERTAINTY_ASSIGNED_CONTEXT ( ( #3319 ) ) GLOBAL_UNIT_ASSIGNED_CONTEXT ( ( #5084, #6047, #5053 ) ) REPRESENTATION_CONTEXT ( 'NONE', 'WORKASPACE' ) );
#4116 = SURFACE_STYLE_USAGE ( .BOTH. , #2151 ) ;
#4117 = ORIENTED_EDGE ( 'NONE', *, *, #3408, .T. ) ;
#4118 = EDGE_LOOP ( 'NONE', ( #5586, #236, #720, #1625 ) ) ;
#4119 = CARTESIAN_POINT ( 'NONE',  ( 1.125819520331037937, -4.899999999999998579, 4.141315164911877567 ) ) ;
#4120 = CARTESIAN_POINT ( 'NONE',  ( -0.3008242160522390796, -4.899999999999999467, 0.7709358389776591602 ) ) ;
#4121 = VECTOR ( 'NONE', #1692, 1000.000000000000000 ) ;
#4122 = DIRECTION ( 'NONE',  ( 1.000000000000000000, 0.000000000000000000, 0.000000000000000000 ) ) ;
#4123 = VECTOR ( 'NONE', #4904, 1000.000000000000000 ) ;
#4124 = DIRECTION ( 'NONE',  ( 1.000000000000000000, 1.275531967630005245E-16, -0.000000000000000000 ) ) ;
#4125 = FILL_AREA_STYLE ('',( #326 ) ) ;
#4126 = EDGE_CURVE ( 'NONE', #224, #730, #1858, .T. ) ;
#4127 = CARTESIAN_POINT ( 'NONE',  ( -2.770000000000000906, 1.699999999999999956, 3.300000000000000266 ) ) ;
#4128 = CARTESIAN_POINT ( 'NONE',  ( -0.2964278310720646070, -4.950000000000002842, 1.882307954387121951 ) ) ;
#4129 = ORIENTED_EDGE ( 'NONE', *, *, #845, .T. ) ;
#4130 = STYLED_ITEM ( 'NONE', ( #4313 ), #2041 ) ;
#4131 = CARTESIAN_POINT ( 'NONE',  ( -1.564344504434660665, -4.900000000000000355, 3.820100432631314380 ) ) ;
#4132 = VECTOR ( 'NONE', #3756, 999.9999999999998863 ) ;
#4133 = CARTESIAN_POINT ( 'NONE',  ( 1.131094233516499958, -4.899999999999999467, 3.233927295436113791 ) ) ;
#4134 = DIRECTION ( 'NONE',  ( -0.000000000000000000, -0.000000000000000000, 1.000000000000000000 ) ) ;
#4135 = FILL_AREA_STYLE_COLOUR ( '', #3407 ) ;
#4136 = LINE ( 'NONE', #812, #4132 ) ;
#4137 = EDGE_CURVE ( 'NONE', #413, #2932, #2939, .T. ) ;
#4138 =( LENGTH_UNIT ( ) NAMED_UNIT ( * ) SI_UNIT ( .MILLI., .METRE. ) );
#4139 = EDGE_LOOP ( 'NONE', ( #1475, #3988, #3134, #3120, #4356, #4692 ) ) ;
#4140 = FILL_AREA_STYLE ('',( #4105 ) ) ;
#4141 = VERTEX_POINT ( 'NONE', #1924 ) ;
#4142 = VECTOR ( 'NONE', #1508, 1000.000000000000114 ) ;
#4143 = LINE ( 'NONE', #3697, #5859 ) ;
#4144 = VERTEX_POINT ( 'NONE', #2012 ) ;
#4145 = DIRECTION ( 'NONE',  ( -1.000000000000000000, 0.000000000000000000, -0.000000000000000000 ) ) ;
#4146 = LINE ( 'NONE', #1175, #5716 ) ;
#4147 = B_SPLINE_CURVE_WITH_KNOTS ( 'NONE', 3,
 ( #1477, #145, #5450, #974, #4868, #1506, #5900, #2083, #531, #4396, #1954, #3913, #1566, #2945, #1071 ),
 .UNSPECIFIED., .F., .F.,
 ( 4, 1, 1, 1, 1, 1, 1, 1, 1, 1, 1, 1, 4 ),
 ( 0.000000000000000000, 0.1003881431397110058, 0.2044067930373086317, 0.3106860830942073659, 0.4221572938828003774, 0.4806854607703741622, 0.5432381544526690975, 0.6094995045645648091, 0.6795546087742241337, 0.7538412220511753192, 0.8316406764893856662, 0.9138127068095902583, 1.000000000000000000 ),
 .UNSPECIFIED. ) ;
#4148 = UNCERTAINTY_MEASURE_WITH_UNIT (LENGTH_MEASURE( 1.000000000000000082E-05 ), #5529, 'distance_accuracy_value', 'NONE');
#4149 = CARTESIAN_POINT ( 'NONE',  ( -0.9700000000000008615, -3.710000000000000853, -3.850000000000000089 ) ) ;
#4150 = CARTESIAN_POINT ( 'NONE',  ( 0.04891823386902668241, -4.950000000000001066, 1.427959548162584191 ) ) ;
#4151 = DIRECTION ( 'NONE',  ( 1.000000000000000000, 0.000000000000000000, 0.000000000000000000 ) ) ;
#4152 = ORIENTED_EDGE ( 'NONE', *, *, #2943, .T. ) ;
#4153 = ORIENTED_EDGE ( 'NONE', *, *, #2197, .F. ) ;
#4154 = FILL_AREA_STYLE_COLOUR ( '', #4269 ) ;
#4155 = CARTESIAN_POINT ( 'NONE',  ( 1.243081150263872114, -4.950000000000001066, 4.157236936855066567 ) ) ;
#4156 = CARTESIAN_POINT ( 'NONE',  ( -1.128021591228418830, -4.950000000000001066, 1.188448951658802821 ) ) ;
#4157 = LINE ( 'NONE', #2251, #1711 ) ;
#4158 = CARTESIAN_POINT ( 'NONE',  ( -0.3709889179873260834, -4.900000000000000355, 1.951816555120263530 ) ) ;
#4159 = ORIENTED_EDGE ( 'NONE', *, *, #4107, .F. ) ;
#4160 = PLANE ( 'NONE',  #2838 ) ;
#4161 = ADVANCED_FACE ( 'NONE', ( #6312 ), #5321, .F. ) ;
#4162 = CARTESIAN_POINT ( 'NONE',  ( -0.2380777281850268989, -4.950000000000001066, 1.795362930045701688 ) ) ;
#4163 = LINE ( 'NONE', #6156, #4544 ) ;
#4164 = LINE ( 'NONE', #5935, #4680 ) ;
#4165 = FILL_AREA_STYLE ('',( #273 ) ) ;
#4166 = VECTOR ( 'NONE', #1060, 1000.000000000000000 ) ;
#4167 = ORIENTED_EDGE ( 'NONE', *, *, #1200, .T. ) ;
#4168 = COLOUR_RGB ( '',1.000000000000000000, 0.8705882352941176627, 0.5254901960784313930 ) ;
#4169 = CARTESIAN_POINT ( 'NONE',  ( -0.2496393513217479709, -4.950000000000002842, 2.094485036526637867 ) ) ;
#4170 = ADVANCED_FACE ( 'NONE', ( #1501 ), #1474, .T. ) ;
#4171 = EDGE_CURVE ( 'NONE', #2932, #6064, #1033, .T. ) ;
#4172 = VECTOR ( 'NONE', #1334, 999.9999999999998863 ) ;
#4173 = CARTESIAN_POINT ( 'NONE',  ( -0.9370121947285252606, -4.900000000000002132, 1.965301201564062739 ) ) ;
#4175 = SURFACE_SIDE_STYLE ('',( #5708 ) ) ;
#4174 = AXIS2_PLACEMENT_3D ( 'NONE', #4149, #2246, #2301 ) ;
#4176 = ORIENTED_EDGE ( 'NONE', *, *, #5967, .T. ) ;
#4177 =( LENGTH_UNIT ( ) NAMED_UNIT ( * ) SI_UNIT ( .MILLI., .METRE. ) );
#4178 = DIRECTION ( 'NONE',  ( 0.000000000000000000, -1.000000000000000000, 0.000000000000000000 ) ) ;
#4179 = STYLED_ITEM ( 'NONE', ( #4733 ), #265 ) ;
#4180 = SURFACE_SIDE_STYLE ('',( #6005 ) ) ;
#4181 = CARTESIAN_POINT ( 'NONE',  ( 1.412634181585046944, -4.950000000000001066, 3.732408703635755387 ) ) ;
#4182 = VERTEX_POINT ( 'NONE', #2872 ) ;
#4183 = ORIENTED_EDGE ( 'NONE', *, *, #4586, .F. ) ;
#4184 = EDGE_CURVE ( 'NONE', #1311, #2279, #107, .T. ) ;
#4185 = PLANE ( 'NONE',  #2884 ) ;
#4186 = CARTESIAN_POINT ( 'NONE',  ( -0.6795474906652040348, -4.900000000000000355, 0.6800242957220333784 ) ) ;
#4187 = SURFACE_SIDE_STYLE ('',( #1306 ) ) ;
#4188 = VERTEX_POINT ( 'NONE', #48 ) ;
#4189 = CARTESIAN_POINT ( 'NONE',  ( -1.281538461538461959, -4.950000000000000178, 4.009945512820512370 ) ) ;
#4190 = LINE ( 'NONE', #3722, #4580 ) ;
#4191 = CARTESIAN_POINT ( 'NONE',  ( -2.770000000000000906, -1.699999999999999956, 8.800000000000000711 ) ) ;
#4192 =( LENGTH_UNIT ( ) NAMED_UNIT ( * ) SI_UNIT ( .MILLI., .METRE. ) );
#4193 = CARTESIAN_POINT ( 'NONE',  ( -0.9370121947285252606, -4.950000000000001954, 1.965301201564062739 ) ) ;
#4194 = CARTESIAN_POINT ( 'NONE',  ( -0.6699999999999995959, -3.649999999999990141, 8.001000000000001222 ) ) ;
#4195 = ORIENTED_EDGE ( 'NONE', *, *, #5548, .T. ) ;
#4196 = CARTESIAN_POINT ( 'NONE',  ( 0.9685128205128203938, -4.950000000000000178, 3.906179487179486820 ) ) ;
#4197 = PLANE ( 'NONE',  #4427 ) ;
#4198 = LINE ( 'NONE', #401, #1921 ) ;
#4199 = ADVANCED_FACE ( 'NONE', ( #15 ), #559, .F. ) ;
#4200 = VERTEX_POINT ( 'NONE', #242 ) ;
#4201 = CARTESIAN_POINT ( 'NONE',  ( 1.154360417225099189, -4.900000000000002132, 3.254072679593699835 ) ) ;
#4202 = SURFACE_STYLE_USAGE ( .BOTH. , #788 ) ;
#4203 = CARTESIAN_POINT ( 'NONE',  ( 0.6700000000000007061, -6.449999999999990408, 6.801000000000001933 ) ) ;
#4204 = CARTESIAN_POINT ( 'NONE',  ( -0.6632091346153849987, -4.900000000000001243, 0.8528461538461540314 ) ) ;
#4205 = LINE ( 'NONE', #5205, #1260 ) ;
#4206 = EDGE_CURVE ( 'NONE', #2457, #83, #4996, .T. ) ;
#4207 = ORIENTED_EDGE ( 'NONE', *, *, #6178, .T. ) ;
#4208 = VERTEX_POINT ( 'NONE', #4608 ) ;
#4209 = LINE ( 'NONE', #1277, #5809 ) ;
#4210 = COLOUR_RGB ( '',1.000000000000000000, 1.000000000000000000, 1.000000000000000000 ) ;
#4211 = DIRECTION ( 'NONE',  ( -0.000000000000000000, 1.000000000000000000, 0.000000000000000000 ) ) ;
#4212 = VECTOR ( 'NONE', #949, 1000.000000000000000 ) ;
#4213 = FACE_OUTER_BOUND ( 'NONE', #2779, .T. ) ;
#4214 = ORIENTED_EDGE ( 'NONE', *, *, #896, .T. ) ;
#4215 = CARTESIAN_POINT ( 'NONE',  ( -1.263500239897594968, -4.899999999999999467, 1.894485640069700549 ) ) ;
#4216 = VECTOR ( 'NONE', #4251, 1000.000000000000000 ) ;
#4217 = PRODUCT_DEFINITION_CONTEXT ( 'detailed design', #4110, 'design' ) ;
#4218 = CARTESIAN_POINT ( 'NONE',  ( -1.604615384615384999, -4.900000000000000355, 3.803535256410256249 ) ) ;
#4219 = CARTESIAN_POINT ( 'NONE',  ( -0.4285127915711826607, -4.950000000000001066, 1.988712626920535964 ) ) ;
#4220 = DIRECTION ( 'NONE',  ( -0.2609090251427715890, 0.000000000000000000, 0.9653633930282671249 ) ) ;
#4221 = CARTESIAN_POINT ( 'NONE',  ( 0.7710769230769229932, -4.900000000000000355, 2.918999999999999595 ) ) ;
#4222 = AXIS2_PLACEMENT_3D ( 'NONE', #807, #3872, #894 ) ;
#4223 = DIRECTION ( 'NONE',  ( -0.000000000000000000, -1.000000000000000000, -0.000000000000000000 ) ) ;
#4224 = COLOUR_RGB ( '',1.000000000000000000, 1.000000000000000000, 1.000000000000000000 ) ;
#4225 = CARTESIAN_POINT ( 'NONE',  ( 1.102369298406293385, -4.900000000000001243, 4.131946019163768469 ) ) ;
#4226 = COLOUR_RGB ( '',1.000000000000000000, 1.000000000000000000, 1.000000000000000000 ) ;
#4227 =( LENGTH_UNIT ( ) NAMED_UNIT ( * ) SI_UNIT ( .MILLI., .METRE. ) );
#4228 = VECTOR ( 'NONE', #4283, 1000.000000000000000 ) ;
#4229 =( NAMED_UNIT ( * ) PLANE_ANGLE_UNIT ( ) SI_UNIT ( $, .RADIAN. ) );
#4230 = EDGE_LOOP ( 'NONE', ( #1527, #3342, #537 ) ) ;
#4231 = LINE ( 'NONE', #3739, #3183 ) ;
#4232 = CARTESIAN_POINT ( 'NONE',  ( 0.8612240651809786041, -4.950000000000001066, 3.189403631216825463 ) ) ;
#4233 = EDGE_CURVE ( 'NONE', #189, #916, #1099, .T. ) ;
#4234 =( LENGTH_UNIT ( ) NAMED_UNIT ( * ) SI_UNIT ( .MILLI., .METRE. ) );
#4235 = CARTESIAN_POINT ( 'NONE',  ( -1.870000000000000107, -4.950000000000000178, 4.800000000000000711 ) ) ;
#4236 = CARTESIAN_POINT ( 'NONE',  ( 1.686461538461538234, -4.950000000000000178, 3.098487179487178889 ) ) ;
#4237 = CARTESIAN_POINT ( 'NONE',  ( 1.479770759764147403, -4.899999999999999467, 3.998511706712006397 ) ) ;
#4238 = B_SPLINE_CURVE_WITH_KNOTS ( 'NONE', 3,
 ( #2969, #1411, #1951, #1530, #4862, #73, #3380, #3977, #935, #4447, #4392, #2870, #557, #5319, #45, #3939, #590, #4830, #5385, #5894, #2009, #3413, #4926, #3477, #3876, #1065, #1922 ),
 .UNSPECIFIED., .F., .F.,
 ( 4, 1, 1, 1, 1, 1, 1, 1, 1, 1, 1, 1, 1, 1, 1, 1, 1, 1, 1, 1, 1, 1, 1, 1, 4 ),
 ( 0.000000000000000000, 0.04309897056889696459, 0.08558676034507305130, 0.1269076657436392364, 0.1679674856215210843, 0.2084495586010658708, 0.2490254246415441741, 0.2892805341716790934, 0.3300098489827308912, 0.3705977240995771971, 0.4104659863326995395, 0.4500332158929482573, 0.4896882096042475263, 0.5291164230741912666, 0.5690368070925095889, 0.6097030542359446192, 0.6507589174942193244, 0.6925092624061776059, 0.7342191213706862341, 0.7767069111468622999, 0.8195518402403214608, 0.8633507288313336803, 0.9078385251300616909, 0.9533337036124183150, 1.000000000000000000 ),
 .UNSPECIFIED. ) ;
#4239 = VERTEX_POINT ( 'NONE', #4041 ) ;
#4240 = VERTEX_POINT ( 'NONE', #2140 ) ;
#4241 = CARTESIAN_POINT ( 'NONE',  ( 1.488436759468001469, -4.950000000000003730, 3.906799881613561620 ) ) ;
#4242 = ADVANCED_FACE ( 'NONE', ( #656 ), #1638, .T. ) ;
#4243 = CARTESIAN_POINT ( 'NONE',  ( -1.150986218293242214, -4.900000000000002132, 0.8670242502433836984 ) ) ;
#4244 = CARTESIAN_POINT ( 'NONE',  ( 0.6700000000000007061, -6.449999999999990408, 6.801000000000001933 ) ) ;
#4245 = PLANE ( 'NONE',  #6183 ) ;
#4246 = CARTESIAN_POINT ( 'NONE',  ( 0.7710207649089921844, -4.950000000000000178, 2.950966528239938658 ) ) ;
#4247 = ORIENTED_EDGE ( 'NONE', *, *, #1617, .T. ) ;
#4248 = CARTESIAN_POINT ( 'NONE',  ( 1.430947836142798524, -4.899999999999999467, 3.758311073751641196 ) ) ;
#4249 =( NAMED_UNIT ( * ) PLANE_ANGLE_UNIT ( ) SI_UNIT ( $, .RADIAN. ) );
#4250 = FACE_OUTER_BOUND ( 'NONE', #3710, .T. ) ;
#4251 = DIRECTION ( 'NONE',  ( -0.000000000000000000, -1.000000000000000000, -0.000000000000000000 ) ) ;
#4252 = PLANE ( 'NONE',  #5675 ) ;
#4253 = CARTESIAN_POINT ( 'NONE',  ( -0.6699999999999995959, -3.649999999999990141, 6.801000000000001933 ) ) ;
#4254 = CARTESIAN_POINT ( 'NONE',  ( 1.205040815928792197, -4.900000000000001243, 4.156800664281568025 ) ) ;
#4255 = PLANE ( 'NONE',  #2572 ) ;
#4256 = LINE ( 'NONE', #4768, #2022 ) ;
#4257 = ORIENTED_EDGE ( 'NONE', *, *, #1535, .T. ) ;
#4258 = UNCERTAINTY_MEASURE_WITH_UNIT (LENGTH_MEASURE( 1.000000000000000082E-05 ), #214, 'distance_accuracy_value', 'NONE');
#4259 = DIRECTION ( 'NONE',  ( -0.000000000000000000, -0.7808688094430308313, -0.6246950475544235104 ) ) ;
#4260 = COLOUR_RGB ( '',1.000000000000000000, 0.8705882352941176627, 0.5254901960784313930 ) ;
#4261 =( NAMED_UNIT ( * ) PLANE_ANGLE_UNIT ( ) SI_UNIT ( $, .RADIAN. ) );
#4262 = LINE ( 'NONE', #5231, #1914 ) ;
#4263 = AXIS2_PLACEMENT_3D ( 'NONE', #1865, #5360, #2910 ) ;
#4264 = CARTESIAN_POINT ( 'NONE',  ( 0.9699999999999995293, -3.910000000000001030, -0.001000000000000132727 ) ) ;
#4265 = MECHANICAL_DESIGN_GEOMETRIC_PRESENTATION_REPRESENTATION (  '', ( #3034 ), #1917 ) ;
#4266 = CARTESIAN_POINT ( 'NONE',  ( 1.461888471791588318, -4.899999999999999467, 4.038951151320748778 ) ) ;
#4267 = ORIENTED_EDGE ( 'NONE', *, *, #4869, .T. ) ;
#4268 = ORIENTED_EDGE ( 'NONE', *, *, #4439, .T. ) ;
#4269 = COLOUR_RGB ( '',1.000000000000000000, 1.000000000000000000, 1.000000000000000000 ) ;
#4270 = CARTESIAN_POINT ( 'NONE',  ( 1.488436759468001469, -4.900000000000001243, 3.906799881613561620 ) ) ;
#4271 = MECHANICAL_DESIGN_GEOMETRIC_PRESENTATION_REPRESENTATION (  '', ( #3446 ), #4994 ) ;
#4272 = CARTESIAN_POINT ( 'NONE',  ( 1.069999999999998730, 3.709999999999999964, -3.850000000000000089 ) ) ;
#4273 = CARTESIAN_POINT ( 'NONE',  ( 0.04923076923076886297, -4.950000000000000178, 1.446596153846154476 ) ) ;
#4274 = CARTESIAN_POINT ( 'NONE',  ( -0.8133820768491099029, -4.899999999999998579, 0.6932656733630071511 ) ) ;
#4275 = PLANE ( 'NONE',  #2276 ) ;
#4276 = COLOUR_RGB ( '',1.000000000000000000, 1.000000000000000000, 1.000000000000000000 ) ;
#4277 =( NAMED_UNIT ( * ) SI_UNIT ( $, .STERADIAN. ) SOLID_ANGLE_UNIT ( ) );
#4278 = ORIENTED_EDGE ( 'NONE', *, *, #144, .T. ) ;
#4279 = EDGE_CURVE ( 'NONE', #5890, #689, #6193, .T. ) ;
#4280 = EDGE_CURVE ( 'NONE', #1918, #682, #5733, .T. ) ;
#4281 = CARTESIAN_POINT ( 'NONE',  ( -0.8519788110049142382, -4.900000000000002132, 2.010511926915531600 ) ) ;
#4282 = CARTESIAN_POINT ( 'NONE',  ( -0.6482796767986340747, -4.950000000000000178, 2.044892056323907248 ) ) ;
#4283 = DIRECTION ( 'NONE',  ( 1.000000000000000000, 0.000000000000000000, 0.000000000000000000 ) ) ;
#4284 = CARTESIAN_POINT ( 'NONE',  ( -0.1626690997974142294, -4.950000000000001954, 1.425045901667517878 ) ) ;
#4285 = EDGE_CURVE ( 'NONE', #1925, #682, #456, .T. ) ;
#4286 = UNCERTAINTY_MEASURE_WITH_UNIT (LENGTH_MEASURE( 1.000000000000000082E-05 ), #2759, 'distance_accuracy_value', 'NONE');
#4287 = CARTESIAN_POINT ( 'NONE',  ( -0.9700000000000008615, 3.910000000000000142, -3.850000000000000089 ) ) ;
#4288 = UNCERTAINTY_MEASURE_WITH_UNIT (LENGTH_MEASURE( 1.000000000000000082E-05 ), #6033, 'distance_accuracy_value', 'NONE');
#4289 = CARTESIAN_POINT ( 'NONE',  ( -1.154001436049515883, -4.900000000000000355, 1.579932539369864886 ) ) ;
#4290 = DIRECTION ( 'NONE',  ( -1.000000000000000000, 0.000000000000000000, 0.000000000000000000 ) ) ;
#4291 = EDGE_CURVE ( 'NONE', #5372, #1168, #899, .T. ) ;
#4292 = ORIENTED_EDGE ( 'NONE', *, *, #37, .T. ) ;
#4293 = FACE_OUTER_BOUND ( 'NONE', #4044, .T. ) ;
#4294 = PLANE ( 'NONE',  #4381 ) ;
#4295 = CARTESIAN_POINT ( 'NONE',  ( -1.570000000000000950, 3.709999999999999964, -0.001000000000000132727 ) ) ;
#4296 = B_SPLINE_CURVE_WITH_KNOTS ( 'NONE', 3,
 ( #6286, #2393, #1796, #5830, #3792, #4361, #370, #2812, #6319, #4741, #1417, #434, #4331, #2429, #848, #910, #938, #3270, #4774 ),
 .UNSPECIFIED., .F., .F.,
 ( 4, 1, 1, 1, 1, 1, 1, 1, 1, 1, 1, 1, 1, 1, 1, 1, 4 ),
 ( 0.000000000000000000, 0.07471189030450110791, 0.1455392023749086938, 0.2133390572509724636, 0.2786150735384709254, 0.3420941969414989514, 0.4038900759591956824, 0.4650633525655205602, 0.5265767363834863435, 0.5873283340287678289, 0.6463804557031442855, 0.7043453083753257182, 0.7616719489990795289, 0.8194178590468653711, 0.8780393997816825502, 0.9377955090070554389, 1.000000000000000000 ),
 .UNSPECIFIED. ) ;
#4297 = SURFACE_STYLE_FILL_AREA ( #3325 ) ;
#4298 =( LENGTH_UNIT ( ) NAMED_UNIT ( * ) SI_UNIT ( .MILLI., .METRE. ) );
#4299 = PLANE ( 'NONE',  #1359 ) ;
#4300 = CARTESIAN_POINT ( 'NONE',  ( 1.243081150263872114, -4.900000000000001243, 4.157236936855066567 ) ) ;
#4301 = ORIENTED_EDGE ( 'NONE', *, *, #2432, .F. ) ;
#4302 = ORIENTED_EDGE ( 'NONE', *, *, #419, .T. ) ;
#4303 = CARTESIAN_POINT ( 'NONE',  ( 1.130677409758687579, -4.950000000000003730, 3.457759804190681407 ) ) ;
#4304 = SURFACE_STYLE_FILL_AREA ( #5753 ) ;
#4305 = CARTESIAN_POINT ( 'NONE',  ( -0.9524953856214767312, -4.900000000000001243, 0.7363992990259604632 ) ) ;
#4306 = DIRECTION ( 'NONE',  ( 0.000000000000000000, -0.000000000000000000, -1.000000000000000000 ) ) ;
#4307 = SURFACE_STYLE_USAGE ( .BOTH. , #6269 ) ;
#4308 = VERTEX_POINT ( 'NONE', #1378 ) ;
#4309 = AXIS2_PLACEMENT_3D ( 'NONE', #2025, #4109, #4018 ) ;
#4310 = VERTEX_POINT ( 'NONE', #1291 ) ;
#4311 = CARTESIAN_POINT ( 'NONE',  ( -0.8808678519622531455, -4.900000000000000355, 2.190147594842954515 ) ) ;
#4312 =( NAMED_UNIT ( * ) PLANE_ANGLE_UNIT ( ) SI_UNIT ( $, .RADIAN. ) );
#4313 = PRESENTATION_STYLE_ASSIGNMENT (( #1401 ) ) ;
#4314 = CARTESIAN_POINT ( 'NONE',  ( 0.2907692307692305023, -4.900000000000000355, 0.6990000000000001767 ) ) ;
#4315 = STYLED_ITEM ( 'NONE', ( #1926 ), #5032 ) ;
#4316 = EDGE_CURVE ( 'NONE', #4002, #6093, #2837, .T. ) ;
#4317 = CARTESIAN_POINT ( 'NONE',  ( -0.8133820768491099029, -4.949999999999998401, 0.6932656733630071511 ) ) ;
#4318 = CARTESIAN_POINT ( 'NONE',  ( 1.618639662279851787, -4.899999999999999467, 3.726142663789691500 ) ) ;
#4319 = CARTESIAN_POINT ( 'NONE',  ( -1.050555159036228092, -4.950000000000001066, 1.864617271804272836 ) ) ;
#4320 = VECTOR ( 'NONE', #5570, 1000.000000000000000 ) ;
#4321 =( GEOMETRIC_REPRESENTATION_CONTEXT ( 3 ) GLOBAL_UNCERTAINTY_ASSIGNED_CONTEXT ( ( #3411 ) ) GLOBAL_UNIT_ASSIGNED_CONTEXT ( ( #5934, #1479, #1569 ) ) REPRESENTATION_CONTEXT ( 'NONE', 'WORKASPACE' ) );
#4322 = CARTESIAN_POINT ( 'NONE',  ( 1.150773880177669239, -4.950000000000001954, 4.148752444356901492 ) ) ;
#4323 = FACE_OUTER_BOUND ( 'NONE', #5183, .T. ) ;
#4324 = VECTOR ( 'NONE', #5658, 1000.000000000000000 ) ;
#4325 = EDGE_CURVE ( 'NONE', #4866, #275, #3232, .T. ) ;
#4326 = AXIS2_PLACEMENT_3D ( 'NONE', #5194, #3813, #5676 ) ;
#4327 = ORIENTED_EDGE ( 'NONE', *, *, #4233, .T. ) ;
#4328 = STYLED_ITEM ( 'NONE', ( #1573 ), #2284 ) ;
#4329 =( LENGTH_UNIT ( ) NAMED_UNIT ( * ) SI_UNIT ( .MILLI., .METRE. ) );
#4330 = COLOUR_RGB ( '',1.000000000000000000, 0.8705882352941176627, 0.5254901960784313930 ) ;
#4331 = CARTESIAN_POINT ( 'NONE',  ( 1.623479456613844851, -4.950000000000000178, 4.117461967392935129 ) ) ;
#4332 = LINE ( 'NONE', #2813, #4324 ) ;
#4333 = FILL_AREA_STYLE ('',( #4841 ) ) ;
#4334 = DIRECTION ( 'NONE',  ( 1.000000000000000000, 0.000000000000000000, 0.000000000000000000 ) ) ;
#4335 = CARTESIAN_POINT ( 'NONE',  ( 0.03677628605789357019, -4.899999999999999467, 1.283912960790513758 ) ) ;
#4336 = STYLED_ITEM ( 'NONE', ( #2637 ), #2823 ) ;
#4337 = VERTEX_POINT ( 'NONE', #4253 ) ;
#4338 = VERTEX_POINT ( 'NONE', #5256 ) ;
#4339 = VECTOR ( 'NONE', #3883, 1000.000000000000000 ) ;
#4340 = CARTESIAN_POINT ( 'NONE',  ( 0.03677628605789357019, -4.899999999999999467, 1.283912960790513758 ) ) ;
#4341 = CARTESIAN_POINT ( 'NONE',  ( -1.263500239897594968, -4.949999999999999289, 1.894485640069700549 ) ) ;
#4342 = DIRECTION ( 'NONE',  ( 1.000000000000000000, 0.000000000000000000, 0.000000000000000000 ) ) ;
#4343 = ORIENTED_EDGE ( 'NONE', *, *, #1034, .T. ) ;
#4344 = ORIENTED_EDGE ( 'NONE', *, *, #5522, .T. ) ;
#4345 = CARTESIAN_POINT ( 'NONE',  ( -0.9771260461038637768, -4.900000000000000355, 1.936478798528307399 ) ) ;
#4346 = DIRECTION ( 'NONE',  ( -1.275531967630005245E-16, 1.000000000000000000, 0.000000000000000000 ) ) ;
#4347 = DIRECTION ( 'NONE',  ( 0.000000000000000000, 3.043613236524687964E-13, -1.000000000000000000 ) ) ;
#4348 = SURFACE_SIDE_STYLE ('',( #1912 ) ) ;
#4349 = CARTESIAN_POINT ( 'NONE',  ( -1.309082239731615083, -4.950000000000001066, 1.101842319594224628 ) ) ;
#4350 = CARTESIAN_POINT ( 'NONE',  ( 1.398321987348494666, -4.900000000000001243, 3.461864912571554154 ) ) ;
#4351 = SURFACE_SIDE_STYLE ('',( #2478 ) ) ;
#4352 = ORIENTED_EDGE ( 'NONE', *, *, #3905, .T. ) ;
#4353 = EDGE_CURVE ( 'NONE', #5246, #4886, #814, .T. ) ;
#4354 = DIRECTION ( 'NONE',  ( -0.000000000000000000, 1.000000000000000000, 0.000000000000000000 ) ) ;
#4355 = MECHANICAL_DESIGN_GEOMETRIC_PRESENTATION_REPRESENTATION (  '', ( #1919 ), #194 ) ;
#4356 = ORIENTED_EDGE ( 'NONE', *, *, #2048, .F. ) ;
#4357 = EDGE_CURVE ( 'NONE', #4846, #6072, #2743, .T. ) ;
#4358 = EDGE_CURVE ( 'NONE', #3205, #3828, #5672, .T. ) ;
#4359 = DIRECTION ( 'NONE',  ( -1.000000000000000000, 0.000000000000000000, 0.000000000000000000 ) ) ;
#4360 =( LENGTH_UNIT ( ) NAMED_UNIT ( * ) SI_UNIT ( .MILLI., .METRE. ) );
#4361 = CARTESIAN_POINT ( 'NONE',  ( 1.415702407244466832, -4.949999999999999289, 4.292057298888876993 ) ) ;
#4362 = DIRECTION ( 'NONE',  ( -0.000000000000000000, -1.000000000000000000, -0.000000000000000000 ) ) ;
#4363 = CARTESIAN_POINT ( 'NONE',  ( -1.570000000000000728, -3.710000000000000853, -3.479999999999994209 ) ) ;
#4364 = CARTESIAN_POINT ( 'NONE',  ( 1.471606453752803967, -4.900000000000001243, 4.019040958700426991 ) ) ;
#4365 = VECTOR ( 'NONE', #5599, 1000.000000000000000 ) ;
#4366 = ORIENTED_EDGE ( 'NONE', *, *, #925, .T. ) ;
#4367 = B_SPLINE_CURVE_WITH_KNOTS ( 'NONE', 3,
 ( #3740, #4585, #6139, #3600, #2243, #6100, #5107, #1233, #281, #725, #1740, #669, #1705, #2653, #4651, #695, #2690, #217, #1642 ),
 .UNSPECIFIED., .F., .F.,
 ( 4, 1, 1, 1, 1, 1, 1, 1, 1, 1, 1, 1, 1, 1, 1, 1, 4 ),
 ( 0.000000000000000000, 0.06105491174328313980, 0.1195453450847437094, 0.1768063562451034632, 0.2329564830316853408, 0.2885834899465033465, 0.3446666617213002826, 0.4016615108374462784, 0.4605400973082779958, 0.5204770623221881554, 0.5812128653554006208, 0.6434307597220103592, 0.7079608695212424863, 0.7753707435336738563, 0.8464136772813298792, 0.9211518871893693561, 1.000000000000000000 ),
 .UNSPECIFIED. ) ;
#4368 = ADVANCED_FACE ( 'NONE', ( #4672, #1758, #3730, #2770, #4704 ), #5702, .T. ) ;
#4369 = CARTESIAN_POINT ( 'NONE',  ( -0.9700000000000008615, 3.709999999999999964, -0.001000000000000132727 ) ) ;
#4370 = CARTESIAN_POINT ( 'NONE',  ( 1.390928612614181992, -4.900000000000000355, 3.704977834813843796 ) ) ;
#4371 = AXIS2_PLACEMENT_3D ( 'NONE', #3780, #3752, #5795 ) ;
#4372 = COLOUR_RGB ( '',1.000000000000000000, 1.000000000000000000, 1.000000000000000000 ) ;
#4373 = AXIS2_PLACEMENT_3D ( 'NONE', #5797, #2444, #2864 ) ;
#4374 = CARTESIAN_POINT ( 'NONE',  ( 0.7908620498535415821, -4.950000000000000178, 3.939770951389158782 ) ) ;
#4375 = STYLED_ITEM ( 'NONE', ( #3508 ), #5961 ) ;
#4376 =( NAMED_UNIT ( * ) PLANE_ANGLE_UNIT ( ) SI_UNIT ( $, .RADIAN. ) );
#4377 = ORIENTED_EDGE ( 'NONE', *, *, #2461, .F. ) ;
#4378 = VERTEX_POINT ( 'NONE', #6218 ) ;
#4379 = EDGE_CURVE ( 'NONE', #4714, #4378, #870, .T. ) ;
#4380 = COLOUR_RGB ( '',1.000000000000000000, 1.000000000000000000, 1.000000000000000000 ) ;
#4381 = AXIS2_PLACEMENT_3D ( 'NONE', #1830, #6256, #1795 ) ;
#4382 = CARTESIAN_POINT ( 'NONE',  ( -0.3025704845232407569, -4.900000000000001243, 1.007435018825326933 ) ) ;
#4383 = CIRCLE ( 'NONE', #2522, 0.5000000000000004441 ) ;
#4384 = CARTESIAN_POINT ( 'NONE',  ( -0.05987131732764464087, -4.900000000000000355, 1.888153109564452148 ) ) ;
#4385 = FACE_OUTER_BOUND ( 'NONE', #4453, .T. ) ;
#4386 = SURFACE_STYLE_FILL_AREA ( #2413 ) ;
#4387 = CARTESIAN_POINT ( 'NONE',  ( 1.870000000000000551, -2.449999999999990408, 4.801000000000000156 ) ) ;
#4388 = FILL_AREA_STYLE ('',( #2385 ) ) ;
#4389 = ORIENTED_EDGE ( 'NONE', *, *, #1738, .T. ) ;
#4390 = UNCERTAINTY_MEASURE_WITH_UNIT (LENGTH_MEASURE( 1.000000000000000082E-05 ), #1202, 'distance_accuracy_value', 'NONE');
#4391 = CARTESIAN_POINT ( 'NONE',  ( -1.083380396623696118, -4.900000000000000355, 1.089966371421184466 ) ) ;
#4392 = CARTESIAN_POINT ( 'NONE',  ( -0.2496393513217479709, -4.950000000000001954, 2.094485036526637867 ) ) ;
#4393 = DIRECTION ( 'NONE',  ( -0.000000000000000000, -1.000000000000000000, -0.000000000000000000 ) ) ;
#4394 = ORIENTED_EDGE ( 'NONE', *, *, #4745, .T. ) ;
#4395 = PRESENTATION_STYLE_ASSIGNMENT (( #3357 ) ) ;
#4396 = CARTESIAN_POINT ( 'NONE',  ( 0.9866117268255225614, -4.900000000000000355, 3.334397727813751544 ) ) ;
#4397 = CARTESIAN_POINT ( 'NONE',  ( -1.417222591915846097, -4.949999999999999289, 4.085260596303617930 ) ) ;
#4398 = DIRECTION ( 'NONE',  ( -0.000000000000000000, -1.000000000000000000, -0.000000000000000000 ) ) ;
#4399 = EDGE_CURVE ( 'NONE', #5774, #5535, #1979, .T. ) ;
#4400 = CARTESIAN_POINT ( 'NONE',  ( 3.122941176470583891, 1.699999999999999956, 1.888235294117645235 ) ) ;
#4401 = EDGE_LOOP ( 'NONE', ( #5442, #6199, #4015, #3503 ) ) ;
#4402 = VERTEX_POINT ( 'NONE', #1916 ) ;
#4403 = CARTESIAN_POINT ( 'NONE',  ( -0.1208825073472956646, -4.899999999999999467, 0.9200248218735034289 ) ) ;
#4404 = LINE ( 'NONE', #1902, #3085 ) ;
#4405 = EDGE_CURVE ( 'NONE', #1747, #3737, #3969, .T. ) ;
#4406 = DIRECTION ( 'NONE',  ( 1.000000000000000000, -0.000000000000000000, 0.000000000000000000 ) ) ;
#4407 = ORIENTED_EDGE ( 'NONE', *, *, #5616, .F. ) ;
#4408 = VERTEX_POINT ( 'NONE', #3473 ) ;
#4409 = DIRECTION ( 'NONE',  ( -1.000000000000000000, -0.000000000000000000, -0.000000000000000000 ) ) ;
#4410 = SURFACE_SIDE_STYLE ('',( #2443 ) ) ;
#4411 = CARTESIAN_POINT ( 'NONE',  ( -1.069186450780428288, -4.900000000000000355, 2.101454857183637337 ) ) ;
#4412 = DIRECTION ( 'NONE',  ( 0.000000000000000000, 1.000000000000000000, 0.000000000000000000 ) ) ;
#4413 = ORIENTED_EDGE ( 'NONE', *, *, #1470, .T. ) ;
#4414 = CARTESIAN_POINT ( 'NONE',  ( -0.9037344442310140114, -4.900000000000001243, 0.9122370282363596594 ) ) ;
#4415 = UNCERTAINTY_MEASURE_WITH_UNIT (LENGTH_MEASURE( 1.000000000000000082E-05 ), #1591, 'distance_accuracy_value', 'NONE');
#4416 = CARTESIAN_POINT ( 'NONE',  ( -1.870000000000000107, -2.449999999999990408, 8.001000000000001222 ) ) ;
#4417 = CARTESIAN_POINT ( 'NONE',  ( 1.569999999999999396, -3.710000000000000853, -3.850000000000000089 ) ) ;
#4418 = AXIS2_PLACEMENT_3D ( 'NONE', #5092, #738, #713 ) ;
#4419 = ORIENTED_EDGE ( 'NONE', *, *, #4843, .T. ) ;
#4420 = SURFACE_SIDE_STYLE ('',( #628 ) ) ;
#4421 = COLOUR_RGB ( '',1.000000000000000000, 0.8705882352941176627, 0.5254901960784313930 ) ;
#4422 = VECTOR ( 'NONE', #1288, 1000.000000000000000 ) ;
#4423 = CARTESIAN_POINT ( 'NONE',  ( -1.570000000000000950, 3.709999999999999964, -3.479999999999994209 ) ) ;
#4424 = CARTESIAN_POINT ( 'NONE',  ( 1.362066269056055212, -4.950000000000000178, 3.428727814107232597 ) ) ;
#4425 =( NAMED_UNIT ( * ) SI_UNIT ( $, .STERADIAN. ) SOLID_ANGLE_UNIT ( ) );
#4426 = ORIENTED_EDGE ( 'NONE', *, *, #2132, .F. ) ;
#4427 = AXIS2_PLACEMENT_3D ( 'NONE', #3266, #5226, #6162 ) ;
#4428 = VERTEX_POINT ( 'NONE', #5441 ) ;
#4429 = EDGE_CURVE ( 'NONE', #2064, #2111, #5347, .T. ) ;
#4430 = CARTESIAN_POINT ( 'NONE',  ( 0.9699999999999993072, 3.709999999999999964, -3.850000000000000089 ) ) ;
#4431 = CARTESIAN_POINT ( 'NONE',  ( -1.107689747869109675, -4.900000000000000355, 1.137525343762166852 ) ) ;
#4432 = PRESENTATION_LAYER_ASSIGNMENT (  '', '', ( #5564 ) ) ;
#4433 = CARTESIAN_POINT ( 'NONE',  ( 1.668512820512820349, -4.900000000000001243, 3.932541666666667712 ) ) ;
#4434 = DIRECTION ( 'NONE',  ( 0.000000000000000000, -0.000000000000000000, 1.000000000000000000 ) ) ;
#4435 = EDGE_LOOP ( 'NONE', ( #3636, #570, #4937, #641 ) ) ;
#4436 = EDGE_LOOP ( 'NONE', ( #6058, #1421, #65, #1184, #268, #552 ) ) ;
#4437 = CARTESIAN_POINT ( 'NONE',  ( 3.020000000000000018, 1.699999999999999956, 3.300000000000000266 ) ) ;
#4438 = STYLED_ITEM ( 'NONE', ( #1146 ), #3142 ) ;
#4439 = EDGE_CURVE ( 'NONE', #2932, #4078, #963, .T. ) ;
#4440 = CARTESIAN_POINT ( 'NONE',  ( -0.1700581896817736360, -4.900000000000001243, 1.314730799022110430 ) ) ;
#4441 = DIRECTION ( 'NONE',  ( -0.000000000000000000, 0.000000000000000000, 1.000000000000000000 ) ) ;
#4442 = FACE_OUTER_BOUND ( 'NONE', #5748, .T. ) ;
#4443 = CARTESIAN_POINT ( 'NONE',  ( -1.362817751738208738, -4.950000000000000178, 1.603163987651380573 ) ) ;
#4444 = ORIENTED_EDGE ( 'NONE', *, *, #2682, .F. ) ;
#4445 = CARTESIAN_POINT ( 'NONE',  ( -3.270000000000000462, -4.950000000000000178, 1.800000000000000488 ) ) ;
#4446 = PRESENTATION_STYLE_ASSIGNMENT (( #1096 ) ) ;
#4447 = CARTESIAN_POINT ( 'NONE',  ( -0.2897854716392677110, -4.949999999999997513, 2.120170329838734880 ) ) ;
#4448 = ORIENTED_EDGE ( 'NONE', *, *, #3751, .F. ) ;
#4449 = CARTESIAN_POINT ( 'NONE',  ( -3.270000000000000462, 1.699999999999999956, 1.800000000000000488 ) ) ;
#4450 = PRESENTATION_STYLE_ASSIGNMENT (( #2395 ) ) ;
#4451 = CARTESIAN_POINT ( 'NONE',  ( -1.870000000000000107, -2.449999999999990408, 8.001000000000001222 ) ) ;
#4452 = PLANE ( 'NONE',  #1169 ) ;
#4453 = EDGE_LOOP ( 'NONE', ( #5102, #5856, #127, #3370 ) ) ;
#4454 = PRODUCT_DEFINITION_FORMATION_WITH_SPECIFIED_SOURCE ( 'ANY', '', #3682, .NOT_KNOWN. ) ;
#4455 = CARTESIAN_POINT ( 'NONE',  ( 2.770000000000000462, -1.699999999999999956, 8.800000000000000711 ) ) ;
#4456 = CARTESIAN_POINT ( 'NONE',  ( 1.221746101620476033, -4.949999999999999289, 4.318668423090747943 ) ) ;
#4457 = CARTESIAN_POINT ( 'NONE',  ( 1.652944513659435399, -4.899999999999999467, 4.048362181288251094 ) ) ;
#4458 = CARTESIAN_POINT ( 'NONE',  ( -1.341002818820658193, -4.950000000000000178, 1.192276586425710994 ) ) ;
#4459 = EDGE_LOOP ( 'NONE', ( #2366, #3668, #712, #4948, #202, #4366 ) ) ;
#4460 = PRESENTATION_LAYER_ASSIGNMENT (  '', '', ( #4675 ) ) ;
#4461 = EDGE_LOOP ( 'NONE', ( #367, #5481, #2916, #4267 ) ) ;
#4462 = VECTOR ( 'NONE', #5505, 1000.000000000000000 ) ;
#4463 = LINE ( 'NONE', #1551, #2027 ) ;
#4464 = LINE ( 'NONE', #2995, #3235 ) ;
#4465 = VECTOR ( 'NONE', #4398, 1000.000000000000000 ) ;
#4466 =( GEOMETRIC_REPRESENTATION_CONTEXT ( 3 ) GLOBAL_UNCERTAINTY_ASSIGNED_CONTEXT ( ( #253 ) ) GLOBAL_UNIT_ASSIGNED_CONTEXT ( ( #3147, #5648, #754 ) ) REPRESENTATION_CONTEXT ( 'NONE', 'WORKASPACE' ) );
#4467 = EDGE_CURVE ( 'NONE', #1157, #2304, #3842, .T. ) ;
#4468 = ADVANCED_FACE ( 'NONE', ( #5317 ), #4826, .F. ) ;
#4469 = DIRECTION ( 'NONE',  ( -0.000000000000000000, 0.000000000000000000, 1.000000000000000000 ) ) ;
#4470 =( GEOMETRIC_REPRESENTATION_CONTEXT ( 3 ) GLOBAL_UNCERTAINTY_ASSIGNED_CONTEXT ( ( #1982 ) ) GLOBAL_UNIT_ASSIGNED_CONTEXT ( ( #684, #1160, #1628 ) ) REPRESENTATION_CONTEXT ( 'NONE', 'WORKASPACE' ) );
#4471 = ORIENTED_EDGE ( 'NONE', *, *, #6178, .F. ) ;
#4472 = COLOUR_RGB ( '',1.000000000000000000, 1.000000000000000000, 1.000000000000000000 ) ;
#4473 = FILL_AREA_STYLE_COLOUR ( '', #4472 ) ;
#4474 = PLANE ( 'NONE',  #200 ) ;
#4475 = STYLED_ITEM ( 'NONE', ( #3835 ), #3927 ) ;
#4476 =( NAMED_UNIT ( * ) SI_UNIT ( $, .STERADIAN. ) SOLID_ANGLE_UNIT ( ) );
#4477 = EDGE_CURVE ( 'NONE', #4308, #417, #2255, .T. ) ;
#4478 = VECTOR ( 'NONE', #789, 1000.000000000000000 ) ;
#4479 = CARTESIAN_POINT ( 'NONE',  ( -1.570000000000000728, -3.710000000000000853, -0.001000000000000132727 ) ) ;
#4480 = EDGE_LOOP ( 'NONE', ( #3474, #5139, #592, #258, #4770, #6182, #5348, #5792, #883, #6032, #213, #1994, #3251 ) ) ;
#4481 = DIRECTION ( 'NONE',  ( 0.000000000000000000, -1.000000000000000000, 0.000000000000000000 ) ) ;
#4482 = CARTESIAN_POINT ( 'NONE',  ( 1.237743589743589334, -4.950000000000000178, 4.318999999999999950 ) ) ;
#4483 =( NAMED_UNIT ( * ) PLANE_ANGLE_UNIT ( ) SI_UNIT ( $, .RADIAN. ) );
#4484 = CARTESIAN_POINT ( 'NONE',  ( 1.686461538461538234, -4.900000000000000355, 2.918999999999999595 ) ) ;
#4485 = EDGE_CURVE ( 'NONE', #4866, #5177, #5380, .T. ) ;
#4486 = ORIENTED_EDGE ( 'NONE', *, *, #458, .F. ) ;
#4487 = DIRECTION ( 'NONE',  ( -1.000000000000000000, 0.000000000000000000, -0.000000000000000000 ) ) ;
#4488 = CARTESIAN_POINT ( 'NONE',  ( -0.6462739832631201331, -4.900000000000000355, 0.6800828627205967036 ) ) ;
#4489 = CARTESIAN_POINT ( 'NONE',  ( 0.8892852216156530432, -4.950000000000000178, 3.228398226389145531 ) ) ;
#4490 = CARTESIAN_POINT ( 'NONE',  ( -0.3862377479396150726, -4.950000000000001066, 0.7310299466340782759 ) ) ;
#4491 = FILL_AREA_STYLE ('',( #2495 ) ) ;
#4492 = CARTESIAN_POINT ( 'NONE',  ( 1.461221543587752691, -4.950000000000000178, 3.521909976175767731 ) ) ;
#4493 = LINE ( 'NONE', #2096, #507 ) ;
#4494 = ORIENTED_EDGE ( 'NONE', *, *, #4048, .F. ) ;
#4495 = ORIENTED_EDGE ( 'NONE', *, *, #426, .T. ) ;
#4496 = B_SPLINE_SURFACE_WITH_KNOTS ( 'NONE', 3, 1, ( 
 ( #5443, #72 ),
 ( #4959, #524 ),
 ( #2040, #1437 ),
 ( #2507, #3378 ),
 ( #4861, #5955 ),
 ( #623, #492 ),
 ( #43, #2935 ),
 ( #4391, #3030 ),
 ( #1950, #3903 ),
 ( #1471, #996 ),
 ( #4895, #2448 ),
 ( #3937, #1063 ),
 ( #4414, #5891 ),
 ( #1560, #1497 ),
 ( #3442, #2967 ),
 ( #4922, #555 ),
 ( #2481, #3973 ),
 ( #3552, #6083 ),
 ( #683, #6120 ) ),
 .UNSPECIFIED., .F., .F., .F.,
 ( 4, 1, 1, 1, 1, 1, 1, 1, 1, 1, 1, 1, 1, 1, 1, 1, 4 ),
 ( 2, 2 ),
 ( 0.000000000000000000, 0.07596440262219977813, 0.1481252239748712951, 0.2172006111446034005, 0.2832999093723613804, 0.3472018681362410986, 0.4092995407059241697, 0.4704256161074026887, 0.5315880640528349854, 0.5917391729173696602, 0.6502577442905730365, 0.7073030399522860501, 0.7642084640229155346, 0.8211475320101307984, 0.8791188121552544477, 0.9384228183936667023, 1.000000000000000000 ),
 ( 0.000000000000000000, 1.000000000000000000 ),
 .UNSPECIFIED. ) ;
#4497 = FACE_OUTER_BOUND ( 'NONE', #6173, .T. ) ;
#4498 = DIRECTION ( 'NONE',  ( 0.000000000000000000, 0.000000000000000000, -1.000000000000000000 ) ) ;
#4499 = CARTESIAN_POINT ( 'NONE',  ( 1.287735130544748197, -4.950000000000001066, 4.153626642570886318 ) ) ;
#4500 = FILL_AREA_STYLE ('',( #618 ) ) ;
#4501 =( NAMED_UNIT ( * ) SI_UNIT ( $, .STERADIAN. ) SOLID_ANGLE_UNIT ( ) );
#4502 = DIRECTION ( 'NONE',  ( -0.000000000000000000, -0.7808688094430308313, -0.6246950475544235104 ) ) ;
#4503 = CARTESIAN_POINT ( 'NONE',  ( -0.1624354135753516559, -4.950000000000000178, 1.462929136100723948 ) ) ;
#4504 = ORIENTED_EDGE ( 'NONE', *, *, #4353, .F. ) ;
#4505 = FILL_AREA_STYLE_COLOUR ( '', #2734 ) ;
#4506 = EDGE_CURVE ( 'NONE', #2440, #4990, #3584, .T. ) ;
#4507 = CARTESIAN_POINT ( 'NONE',  ( 1.101620746622228975, -4.950000000000001066, 4.305401092292759913 ) ) ;
#4508 = CARTESIAN_POINT ( 'NONE',  ( 1.870000000000000107, -2.449999999999989519, 8.800000000000000711 ) ) ;
#4509 = EDGE_LOOP ( 'NONE', ( #2142, #3258, #6325, #3894 ) ) ;
#4510 = VECTOR ( 'NONE', #1766, 1000.000000000000000 ) ;
#4511 = PRESENTATION_STYLE_ASSIGNMENT (( #2552 ) ) ;
#4512 = EDGE_CURVE ( 'NONE', #2469, #4182, #5057, .T. ) ;
#4513 = CARTESIAN_POINT ( 'NONE',  ( 1.069999999999999840, -3.710000000000000853, -3.850000000000000089 ) ) ;
#4514 = VECTOR ( 'NONE', #4062, 1000.000000000000000 ) ;
#4515 = UNCERTAINTY_MEASURE_WITH_UNIT (LENGTH_MEASURE( 1.000000000000000082E-05 ), #3238, 'distance_accuracy_value', 'NONE');
#4516 = ORIENTED_EDGE ( 'NONE', *, *, #4279, .T. ) ;
#4517 = PRESENTATION_LAYER_ASSIGNMENT (  '', '', ( #2172 ) ) ;
#4518 = CARTESIAN_POINT ( 'NONE',  ( 0.6700000000000000400, -2.449999999999990408, 8.800000000000000711 ) ) ;
#4519 = CARTESIAN_POINT ( 'NONE',  ( 0.9699999999999995293, -3.910000000000001030, -3.479999999999994209 ) ) ;
#4520 =( NAMED_UNIT ( * ) SI_UNIT ( $, .STERADIAN. ) SOLID_ANGLE_UNIT ( ) );
#4521 = VECTOR ( 'NONE', #5064, 1000.000000000000114 ) ;
#4522 = LINE ( 'NONE', #5840, #464 ) ;
#4523 =( LENGTH_UNIT ( ) NAMED_UNIT ( * ) SI_UNIT ( .MILLI., .METRE. ) );
#4524 = CARTESIAN_POINT ( 'NONE',  ( -0.4301480857409363812, -4.950000000000000178, 0.7150305743888143439 ) ) ;
#4525 = STYLED_ITEM ( 'NONE', ( #2519 ), #1885 ) ;
#4526 = CARTESIAN_POINT ( 'NONE',  ( -0.9961878421483516544, -4.900000000000000355, 0.7567505720810479009 ) ) ;
#4527 = VERTEX_POINT ( 'NONE', #4598 ) ;
#4528 = ORIENTED_EDGE ( 'NONE', *, *, #5616, .T. ) ;
#4529 = MECHANICAL_DESIGN_GEOMETRIC_PRESENTATION_REPRESENTATION (  '', ( #961 ), #6175 ) ;
#4530 = PLANE ( 'NONE',  #98 ) ;
#4531 = CARTESIAN_POINT ( 'NONE',  ( 0.9699999999999993072, 3.709999999999999964, -0.001000000000000132727 ) ) ;
#4532 =( GEOMETRIC_REPRESENTATION_CONTEXT ( 3 ) GLOBAL_UNCERTAINTY_ASSIGNED_CONTEXT ( ( #4732 ) ) GLOBAL_UNIT_ASSIGNED_CONTEXT ( ( #5560, #1271, #3215 ) ) REPRESENTATION_CONTEXT ( 'NONE', 'WORKASPACE' ) );
#4533 = FILL_AREA_STYLE_COLOUR ( '', #1158 ) ;
#4534 = CARTESIAN_POINT ( 'NONE',  ( 0.5143269230769229594, -4.900000000000000355, 2.199000000000000288 ) ) ;
#4535 = CARTESIAN_POINT ( 'NONE',  ( 0.2907692307692305023, -4.950000000000000178, 0.6990000000000001767 ) ) ;
#4536 = FILL_AREA_STYLE_COLOUR ( '', #4735 ) ;
#4537 = DIRECTION ( 'NONE',  ( 1.000000000000000000, 0.000000000000000000, 0.000000000000000000 ) ) ;
#4538 = CARTESIAN_POINT ( 'NONE',  ( -0.1767999222272243487, -4.949999999999999289, 1.616612929034543455 ) ) ;
#4539 = ORIENTED_EDGE ( 'NONE', *, *, #2364, .F. ) ;
#4540 = AXIS2_PLACEMENT_3D ( 'NONE', #5203, #3361, #1355 ) ;
#4541 = SURFACE_STYLE_FILL_AREA ( #3653 ) ;
#4542 = DIRECTION ( 'NONE',  ( 1.000000000000000000, 0.000000000000000000, 0.000000000000000000 ) ) ;
#4543 = CARTESIAN_POINT ( 'NONE',  ( -0.5896957528052699793, -4.899999999999999467, 2.041178663534509052 ) ) ;
#4544 = VECTOR ( 'NONE', #2741, 1000.000000000000000 ) ;
#4545 = CARTESIAN_POINT ( 'NONE',  ( -0.6453572903442240660, -4.900000000000000355, 0.8532929794568079318 ) ) ;
#4546 = FILL_AREA_STYLE_COLOUR ( '', #4210 ) ;
#4547 = ORIENTED_EDGE ( 'NONE', *, *, #3414, .F. ) ;
#4548 = CARTESIAN_POINT ( 'NONE',  ( -0.6108399411155470693, -4.950000000000001954, 2.217347786282604982 ) ) ;
#4549 = LINE ( 'NONE', #3634, #3615 ) ;
#4550 = EDGE_CURVE ( 'NONE', #4402, #35, #5988, .T. ) ;
#4551 = EDGE_CURVE ( 'NONE', #3778, #4188, #648, .T. ) ;
#4552 = VERTEX_POINT ( 'NONE', #4127 ) ;
#4553 = CARTESIAN_POINT ( 'NONE',  ( 1.668126946038181568, -4.900000000000000355, 3.918687546312419556 ) ) ;
#4554 = CARTESIAN_POINT ( 'NONE',  ( 0.8324032130508710603, -4.950000000000001066, 3.141507030636325304 ) ) ;
#4555 = CARTESIAN_POINT ( 'NONE',  ( -0.02030635405410828598, -4.950000000000001066, 1.087124791514010314 ) ) ;
#4556 = CARTESIAN_POINT ( 'NONE',  ( 1.488830760977827739, -4.950000000000000178, 3.938727065551497653 ) ) ;
#4557 =( NAMED_UNIT ( * ) PLANE_ANGLE_UNIT ( ) SI_UNIT ( $, .RADIAN. ) );
#4558 = ADVANCED_FACE ( 'NONE', ( #3548 ), #4034, .T. ) ;
#4559 = PLANE ( 'NONE',  #2518 ) ;
#4560 = ORIENTED_EDGE ( 'NONE', *, *, #1470, .F. ) ;
#4561 = ORIENTED_EDGE ( 'NONE', *, *, #2425, .F. ) ;
#4562 = CARTESIAN_POINT ( 'NONE',  ( -0.6700000000000000400, -2.449999999999990408, 4.800000000000000711 ) ) ;
#4563 = CARTESIAN_POINT ( 'NONE',  ( 1.469999999999999973, 3.709999999999999964, -3.850000000000000089 ) ) ;
#4564 = PLANE ( 'NONE',  #5502 ) ;
#4565 = SURFACE_SIDE_STYLE ('',( #2602 ) ) ;
#4566 = FACE_OUTER_BOUND ( 'NONE', #907, .T. ) ;
#4567 = EDGE_CURVE ( 'NONE', #1173, #6013, #5088, .T. ) ;
#4568 = CARTESIAN_POINT ( 'NONE',  ( -0.4285127915711826607, -4.900000000000001243, 1.988712626920535964 ) ) ;
#4569 = VERTEX_POINT ( 'NONE', #1656 ) ;
#4570 = CARTESIAN_POINT ( 'NONE',  ( -1.591557328266857363, -4.900000000000000355, 3.808906606714673071 ) ) ;
#4571 = SURFACE_STYLE_FILL_AREA ( #2607 ) ;
#4572 =( GEOMETRIC_REPRESENTATION_CONTEXT ( 3 ) GLOBAL_UNCERTAINTY_ASSIGNED_CONTEXT ( ( #1436 ) ) GLOBAL_UNIT_ASSIGNED_CONTEXT ( ( #2043, #4896, #966 ) ) REPRESENTATION_CONTEXT ( 'NONE', 'WORKASPACE' ) );
#4573 = CARTESIAN_POINT ( 'NONE',  ( -3.020000000000000462, -1.699999999999999956, 3.300000000000000266 ) ) ;
#4574 =( NAMED_UNIT ( * ) PLANE_ANGLE_UNIT ( ) SI_UNIT ( $, .RADIAN. ) );
#4575 = CARTESIAN_POINT ( 'NONE',  ( -0.6602043269230772893, -4.950000000000000178, 2.045153846153846100 ) ) ;
#4576 = CARTESIAN_POINT ( 'NONE',  ( -0.1700581896817736360, -4.950000000000001954, 1.314730799022110430 ) ) ;
#4577 = VERTEX_POINT ( 'NONE', #3512 ) ;
#4578 = SURFACE_STYLE_FILL_AREA ( #4140 ) ;
#4579 = ORIENTED_EDGE ( 'NONE', *, *, #5294, .F. ) ;
#4580 = VECTOR ( 'NONE', #5668, 1000.000000000000000 ) ;
#4581 = CARTESIAN_POINT ( 'NONE',  ( -0.4655600507730910387, -4.900000000000002132, 2.194217047456754610 ) ) ;
#4582 = CARTESIAN_POINT ( 'NONE',  ( -1.126824142783870553, -4.900000000000000355, 1.711481831248794494 ) ) ;
#4583 = CLOSED_SHELL ( 'NONE', ( #509, #2342, #541, #4161, #1097, #5777, #3936, #1812, #1867, #5455, #733, #44, #3185, #2306, #1352, #1932, #5023, #6043, #1278, #6277, #3479, #2317, #5839, #5905, #3587, #152, #347, #5105, #535, #5889, #969, #3040, #5896, #1042, #1364, #2670, #4632, #1162, #880, #2121, #265, #593, #5240, #2388, #5775, #4991, #3489, #3367, #3897, #5032, #5071, #771, #5418, #1890, #2041, #1891, #4822, #4941, #3625, #5818, #372, #2505, #5887, #3822, #1827, #2021, #3927, #2778, #1253, #2906, #1849, #5577, #5224, #4242, #299, #4054, #2237, #5704, #2483, #5386, #6214, #3153, #4199, #183, #4879, #4558, #3014, #3142, #6053, #5617, #3708, #3162, #3707, #2745, #4368, #2823, #4824, #2284, #5040, #761, #1885, #1285, #2867, #3978, #5933, #3265, #5969, #1079, #5961, #4170, #4754, #380, #2474, #2401, #5651, #5189, #1237, #4648, #1177, #4468, #1666, #3635, #5694 ) ) ;
#4584 = VERTEX_POINT ( 'NONE', #5953 ) ;
#4585 = CARTESIAN_POINT ( 'NONE',  ( -0.6453572903442240660, -4.950000000000000178, 0.8532929794568079318 ) ) ;
#4586 = EDGE_CURVE ( 'NONE', #3225, #2130, #3618, .T. ) ;
#4587 = CARTESIAN_POINT ( 'NONE',  ( -1.102051282051282666, -4.950000000000000178, 2.918999999999999595 ) ) ;
#4588 = FACE_OUTER_BOUND ( 'NONE', #2667, .T. ) ;
#4589 = CARTESIAN_POINT ( 'NONE',  ( 2.540000000000000036, -3.149999999999984368, 4.801000000000000156 ) ) ;
#4590 = FILL_AREA_STYLE_COLOUR ( '', #6127 ) ;
#4591 = ORIENTED_EDGE ( 'NONE', *, *, #3831, .T. ) ;
#4592 = EDGE_LOOP ( 'NONE', ( #6299, #3620, #225, #4301, #1504, #3087 ) ) ;
#4593 = CARTESIAN_POINT ( 'NONE',  ( -0.3431404625853785029, -4.899999999999999467, 0.7497900611920680358 ) ) ;
#4594 = EDGE_CURVE ( 'NONE', #1599, #2345, #708, .T. ) ;
#4595 = CARTESIAN_POINT ( 'NONE',  ( 0.04821598553768939588, -4.950000000000001954, 1.501138863908449528 ) ) ;
#4596 = PLANE ( 'NONE',  #904 ) ;
#4597 = CARTESIAN_POINT ( 'NONE',  ( -3.269999999999999574, 4.950000000000000178, -0.001000000000000024307 ) ) ;
#4598 = CARTESIAN_POINT ( 'NONE',  ( 0.7898669871794867792, -4.950000000000000178, 3.043519230769230255 ) ) ;
#4599 = CARTESIAN_POINT ( 'NONE',  ( -0.2558917288176915106, -4.900000000000000355, 1.826175808758482511 ) ) ;
#4600 = ORIENTED_EDGE ( 'NONE', *, *, #1034, .F. ) ;
#4601 = CARTESIAN_POINT ( 'NONE',  ( 1.267828928425283053, -4.899999999999999467, 3.348199777096476648 ) ) ;
#4602 = CARTESIAN_POINT ( 'NONE',  ( -0.5896957528052699793, -4.899999999999999467, 2.041178663534509052 ) ) ;
#4603 = LINE ( 'NONE', #739, #6065 ) ;
#4604 = B_SPLINE_SURFACE_WITH_KNOTS ( 'NONE', 3, 1, ( 
 ( #1265, #753 ),
 ( #315, #876 ),
 ( #6200, #3212 ),
 ( #368, #1232 ),
 ( #280, #2242 ),
 ( #4201, #5263 ),
 ( #2810, #3242 ),
 ( #1794, #251 ),
 ( #4650, #6098 ),
 ( #1704, #3174 ),
 ( #5169, #6164 ),
 ( #787, #2875 ),
 ( #2944, #404 ) ),
 .UNSPECIFIED., .F., .F., .F.,
 ( 4, 1, 1, 1, 1, 1, 1, 1, 1, 1, 4 ),
 ( 2, 2 ),
 ( 0.000000000000000000, 0.1241996726524864647, 0.2368296581100267917, 0.3394949853062823042, 0.4312535100312247516, 0.5114548721194178693, 0.5812230366234579781, 0.6404953748643702482, 0.6883082049320188300, 0.8503329734146888308, 1.000000000000000000 ),
 ( 0.000000000000000000, 1.000000000000000000 ),
 .UNSPECIFIED. ) ;
#4605 = CARTESIAN_POINT ( 'NONE',  ( 0.9232876422013530648, -4.899999999999999467, 4.218406342158410816 ) ) ;
#4606 = LINE ( 'NONE', #240, #2903 ) ;
#4607 = CARTESIAN_POINT ( 'NONE',  ( 1.224085898619714952, -4.949999999999999289, 4.157238049196632090 ) ) ;
#4608 = CARTESIAN_POINT ( 'NONE',  ( -3.270000000000000462, -2.449999999999990408, 8.800000000000000711 ) ) ;
#4609 =( NAMED_UNIT ( * ) SI_UNIT ( $, .STERADIAN. ) SOLID_ANGLE_UNIT ( ) );
#4610 = ORIENTED_EDGE ( 'NONE', *, *, #4353, .T. ) ;
#4611 = CARTESIAN_POINT ( 'NONE',  ( -0.3317004433121649165, -4.950000000000003730, 2.143133495149090795 ) ) ;
#4612 = LINE ( 'NONE', #5554, #448 ) ;
#4613 = VECTOR ( 'NONE', #5387, 1000.000000000000000 ) ;
#4614 = ORIENTED_EDGE ( 'NONE', *, *, #4206, .F. ) ;
#4615 = CARTESIAN_POINT ( 'NONE',  ( 1.322132548175710909, -4.900000000000001243, 3.394079400742936681 ) ) ;
#4616 = DIRECTION ( 'NONE',  ( -1.807003620809174878E-16, 1.000000000000000000, 0.000000000000000000 ) ) ;
#4617 = COLOUR_RGB ( '',1.000000000000000000, 0.8705882352941176627, 0.5254901960784313930 ) ;
#4618 = CARTESIAN_POINT ( 'NONE',  ( 1.068754943409445213, -4.949999999999999289, 3.178520037782412544 ) ) ;
#4619 = DIRECTION ( 'NONE',  ( -0.000000000000000000, 0.000000000000000000, -1.000000000000000000 ) ) ;
#4620 = VERTEX_POINT ( 'NONE', #3027 ) ;
#4621 = MECHANICAL_DESIGN_GEOMETRIC_PRESENTATION_REPRESENTATION (  '', ( #3383 ), #6265 ) ;
#4622 = EDGE_CURVE ( 'NONE', #5899, #6241, #620, .T. ) ;
#4623 = VERTEX_POINT ( 'NONE', #5726 ) ;
#4624 = CARTESIAN_POINT ( 'NONE',  ( 1.009289130061171491, -4.899999999999999467, 4.054577965304615006 ) ) ;
#4625 = CARTESIAN_POINT ( 'NONE',  ( -1.604615384615384999, -4.950000000000000178, 3.968999999999999417 ) ) ;
#4626 = VECTOR ( 'NONE', #6084, 1000.000000000000000 ) ;
#4627 = CARTESIAN_POINT ( 'NONE',  ( 1.069999999999999840, -3.710000000000000853, -3.850000000000000089 ) ) ;
#4628 = PRESENTATION_LAYER_ASSIGNMENT (  '', '', ( #5351 ) ) ;
#4629 = CARTESIAN_POINT ( 'NONE',  ( 2.770000000000000462, -1.699999999999999956, 8.800000000000000711 ) ) ;
#4630 = FILL_AREA_STYLE_COLOUR ( '', #2614 ) ;
#4631 = CARTESIAN_POINT ( 'NONE',  ( -0.2380777281850268989, -4.900000000000001243, 1.795362930045701688 ) ) ;
#4632 = ADVANCED_FACE ( 'NONE', ( #3685 ), #5585, .T. ) ;
#4633 = STYLED_ITEM ( 'NONE', ( #5363 ), #2306 ) ;
#4634 = EDGE_CURVE ( 'NONE', #1069, #1683, #860, .T. ) ;
#4635 = LINE ( 'NONE', #269, #2873 ) ;
#4636 = MECHANICAL_DESIGN_GEOMETRIC_PRESENTATION_REPRESENTATION (  '', ( #2994 ), #3390 ) ;
#4637 = PLANE ( 'NONE',  #2225 ) ;
#4638 = CARTESIAN_POINT ( 'NONE',  ( 0.7944346251626887012, -4.949999999999999289, 3.970202567819044237 ) ) ;
#4639 = LINE ( 'NONE', #2260, #5368 ) ;
#4640 = SURFACE_STYLE_USAGE ( .BOTH. , #2261 ) ;
#4641 = STYLED_ITEM ( 'NONE', ( #1688 ), #2867 ) ;
#4642 = CARTESIAN_POINT ( 'NONE',  ( -0.5591036786836696137, -4.950000000000000178, 0.8614911973693710756 ) ) ;
#4643 = ORIENTED_EDGE ( 'NONE', *, *, #1738, .F. ) ;
#4644 = EDGE_LOOP ( 'NONE', ( #1547, #1658, #2007, #5412, #517, #5236 ) ) ;
#4645 =( GEOMETRIC_REPRESENTATION_CONTEXT ( 3 ) GLOBAL_UNCERTAINTY_ASSIGNED_CONTEXT ( ( #5258 ) ) GLOBAL_UNIT_ASSIGNED_CONTEXT ( ( #3602, #3851, #5743 ) ) REPRESENTATION_CONTEXT ( 'NONE', 'WORKASPACE' ) );
#4646 = CARTESIAN_POINT ( 'NONE',  ( -0.8064650200922037770, -4.900000000000000355, 2.025847709339410940 ) ) ;
#4647 = FILL_AREA_STYLE ('',( #5737 ) ) ;
#4648 = ADVANCED_FACE ( 'NONE', ( #6151 ), #327, .T. ) ;
#4649 = ORIENTED_EDGE ( 'NONE', *, *, #2392, .F. ) ;
#4650 = CARTESIAN_POINT ( 'NONE',  ( 1.094113433382002176, -4.900000000000001243, 3.201547940114489510 ) ) ;
#4651 = CARTESIAN_POINT ( 'NONE',  ( -0.1811515819136849392, -4.949999999999999289, 1.253367430971772611 ) ) ;
#4652 = LINE ( 'NONE', #5170, #5192 ) ;
#4653 = UNCERTAINTY_MEASURE_WITH_UNIT (LENGTH_MEASURE( 1.000000000000000082E-05 ), #2706, 'distance_accuracy_value', 'NONE');
#4654 = CARTESIAN_POINT ( 'NONE',  ( -3.270000000000000462, -4.950000000000000178, 6.799999999999995381 ) ) ;
#4655 = LINE ( 'NONE', #3793, #5911 ) ;
#4656 = CARTESIAN_POINT ( 'NONE',  ( 1.569999999999999396, -3.710000000000000853, -3.850000000000000089 ) ) ;
#4657 = VERTEX_POINT ( 'NONE', #1784 ) ;
#4658 = ORIENTED_EDGE ( 'NONE', *, *, #2626, .T. ) ;
#4659 = SURFACE_SIDE_STYLE ('',( #1684 ) ) ;
#4660 = DIRECTION ( 'NONE',  ( 0.000000000000000000, 0.000000000000000000, -1.000000000000000000 ) ) ;
#4661 = LINE ( 'NONE', #4629, #1505 ) ;
#4662 = CARTESIAN_POINT ( 'NONE',  ( 1.870000000000000551, -2.449999999999990408, 8.001000000000001222 ) ) ;
#4663 = LINE ( 'NONE', #5180, #965 ) ;
#4664 =( NAMED_UNIT ( * ) PLANE_ANGLE_UNIT ( ) SI_UNIT ( $, .RADIAN. ) );
#4665 = SURFACE_STYLE_FILL_AREA ( #772 ) ;
#4666 = FACE_OUTER_BOUND ( 'NONE', #780, .T. ) ;
#4667 = CARTESIAN_POINT ( 'NONE',  ( -0.6444707603935747597, -4.900000000000001243, 2.217935043699853281 ) ) ;
#4668 = EDGE_CURVE ( 'NONE', #244, #820, #5691, .T. ) ;
#4669 = SURFACE_STYLE_USAGE ( .BOTH. , #775 ) ;
#4670 = LINE ( 'NONE', #4484, #3139 ) ;
#4671 =( NAMED_UNIT ( * ) SI_UNIT ( $, .STERADIAN. ) SOLID_ANGLE_UNIT ( ) );
#4672 = FACE_BOUND ( 'NONE', #5846, .T. ) ;
#4673 = VECTOR ( 'NONE', #6158, 1000.000000000000000 ) ;
#4674 = VERTEX_POINT ( 'NONE', #142 ) ;
#4675 = STYLED_ITEM ( 'NONE', ( #5044 ), #5818 ) ;
#4676 = VECTOR ( 'NONE', #3541, 1000.000000000000000 ) ;
#4677 = STYLED_ITEM ( 'NONE', ( #831 ), #3708 ) ;
#4678 = SURFACE_SIDE_STYLE ('',( #2296 ) ) ;
#4679 = EDGE_CURVE ( 'NONE', #5372, #482, #3521, .T. ) ;
#4681 = CARTESIAN_POINT ( 'NONE',  ( 1.444615384615384412, -4.950000000000000178, 2.199000000000000288 ) ) ;
#4680 = VECTOR ( 'NONE', #4968, 1000.000000000000000 ) ;
#4682 = STYLED_ITEM ( 'NONE', ( #3244 ), #1079 ) ;
#4683 = FACE_OUTER_BOUND ( 'NONE', #1765, .T. ) ;
#4684 =( GEOMETRIC_REPRESENTATION_CONTEXT ( 3 ) GLOBAL_UNCERTAINTY_ASSIGNED_CONTEXT ( ( #1472 ) ) GLOBAL_UNIT_ASSIGNED_CONTEXT ( ( #3340, #2855, #2468 ) ) REPRESENTATION_CONTEXT ( 'NONE', 'WORKASPACE' ) );
#4685 = ORIENTED_EDGE ( 'NONE', *, *, #105, .F. ) ;
#4686 = LINE ( 'NONE', #2720, #1251 ) ;
#4687 = DIRECTION ( 'NONE',  ( 1.000000000000000000, 0.000000000000000000, 0.000000000000000000 ) ) ;
#4688 = AXIS2_PLACEMENT_3D ( 'NONE', #2671, #3687, #2105 ) ;
#4689 = CARTESIAN_POINT ( 'NONE',  ( -0.6632091346153849987, -4.900000000000000355, 0.8528461538461540314 ) ) ;
#4690 = CARTESIAN_POINT ( 'NONE',  ( 1.459400238922801130, -4.949999999999999289, 3.808648535583293526 ) ) ;
#4691 = VERTEX_POINT ( 'NONE', #5929 ) ;
#4692 = ORIENTED_EDGE ( 'NONE', *, *, #653, .T. ) ;
#4693 = DIRECTION ( 'NONE',  ( -0.000000000000000000, -1.000000000000000000, -0.000000000000000000 ) ) ;
#4694 = SURFACE_STYLE_USAGE ( .BOTH. , #1841 ) ;
#4695 = LINE ( 'NONE', #3650, #599 ) ;
#4696 = LINE ( 'NONE', #6112, #5569 ) ;
#4697 = CARTESIAN_POINT ( 'NONE',  ( 1.469999999999999973, 3.709999999999999964, -3.850000000000000089 ) ) ;
#4698 = ORIENTED_EDGE ( 'NONE', *, *, #6004, .T. ) ;
#4699 = CARTESIAN_POINT ( 'NONE',  ( -1.161014013454146010, -4.900000000000001243, 1.505334606869031866 ) ) ;
#4700 = PLANE ( 'NONE',  #2724 ) ;
#4701 = LINE ( 'NONE', #1881, #3734 ) ;
#4702 = CARTESIAN_POINT ( 'NONE',  ( -1.870000000000000107, -5.621938507872650703, 4.800000000000000711 ) ) ;
#4703 = LINE ( 'NONE', #5220, #4833 ) ;
#4704 = FACE_BOUND ( 'NONE', #4709, .T. ) ;
#4705 = EDGE_CURVE ( 'NONE', #2678, #5712, #297, .T. ) ;
#4706 = SURFACE_SIDE_STYLE ('',( #1293 ) ) ;
#4707 = CARTESIAN_POINT ( 'NONE',  ( -1.126824142783870553, -4.949999999999995737, 1.711481831248794494 ) ) ;
#4708 = DIRECTION ( 'NONE',  ( -0.000000000000000000, 0.000000000000000000, 1.000000000000000000 ) ) ;
#4709 = EDGE_LOOP ( 'NONE', ( #2470, #5600, #3563, #3073 ) ) ;
#4710 = EDGE_CURVE ( 'NONE', #6072, #244, #2971, .T. ) ;
#4711 = CARTESIAN_POINT ( 'NONE',  ( 1.488436759468001469, -4.950000000000001066, 3.906799881613561620 ) ) ;
#4712 = CARTESIAN_POINT ( 'NONE',  ( 1.312975866370717615, -4.900000000000000355, 4.148625244472364137 ) ) ;
#4713 = VERTEX_POINT ( 'NONE', #4864 ) ;
#4714 = VERTEX_POINT ( 'NONE', #971 ) ;
#4715 = CARTESIAN_POINT ( 'NONE',  ( 0.9969872865131258477, -4.900000000000000355, 4.033635038933119255 ) ) ;
#4716 = STYLED_ITEM ( 'NONE', ( #117 ), #4879 ) ;
#4717 =( NAMED_UNIT ( * ) PLANE_ANGLE_UNIT ( ) SI_UNIT ( $, .RADIAN. ) );
#4718 = CARTESIAN_POINT ( 'NONE',  ( -1.115690265083635335, -4.900000000000000355, 0.8358340810019976308 ) ) ;
#4719 = CARTESIAN_POINT ( 'NONE',  ( 0.7898669871794867792, -4.900000000000000355, 3.043519230769230255 ) ) ;
#4720 = EDGE_LOOP ( 'NONE', ( #3699, #3693, #2687, #3433, #5512, #3156, #1256 ) ) ;
#4721 = CARTESIAN_POINT ( 'NONE',  ( -1.080504819028438090, -4.900000000000000355, 1.819323381091136449 ) ) ;
#4722 = AXIS2_PLACEMENT_3D ( 'NONE', #1444, #3220, #288 ) ;
#4723 = DIRECTION ( 'NONE',  ( 0.9653633930282671249, 0.000000000000000000, -0.2609090251427715890 ) ) ;
#4724 = STYLED_ITEM ( 'NONE', ( #5409 ), #5418 ) ;
#4725 =( LENGTH_UNIT ( ) NAMED_UNIT ( * ) SI_UNIT ( .MILLI., .METRE. ) );
#4726 = SURFACE_STYLE_USAGE ( .BOTH. , #5728 ) ;
#4727 = CARTESIAN_POINT ( 'NONE',  ( -0.6246854423974944615, -4.950000000000000178, 2.044374076295398357 ) ) ;
#4728 = LINE ( 'NONE', #5123, #973 ) ;
#4729 = CARTESIAN_POINT ( 'NONE',  ( 1.150773880177669239, -4.950000000000001954, 4.148752444356901492 ) ) ;
#4730 = DIRECTION ( 'NONE',  ( -1.000000000000000000, 0.000000000000000000, 0.000000000000000000 ) ) ;
#4731 = COLOUR_RGB ( '',0.1803921568627450955, 0.1803921568627450955, 0.1803921568627450955 ) ;
#4732 = UNCERTAINTY_MEASURE_WITH_UNIT (LENGTH_MEASURE( 1.000000000000000082E-05 ), #5560, 'distance_accuracy_value', 'NONE');
#4733 = PRESENTATION_STYLE_ASSIGNMENT (( #2773 ) ) ;
#4734 = SURFACE_STYLE_FILL_AREA ( #843 ) ;
#4735 = COLOUR_RGB ( '',1.000000000000000000, 1.000000000000000000, 1.000000000000000000 ) ;
#4736 = CARTESIAN_POINT ( 'NONE',  ( -3.270000000000000462, -4.950000000000000178, 8.800000000000000711 ) ) ;
#4737 = EDGE_LOOP ( 'NONE', ( #5907, #4547, #5127, #3049 ) ) ;
#4738 = VECTOR ( 'NONE', #20, 1000.000000000000000 ) ;
#4739 = DIRECTION ( 'NONE',  ( 1.275531967630005245E-16, -1.000000000000000000, 0.000000000000000000 ) ) ;
#4740 =( NAMED_UNIT ( * ) SI_UNIT ( $, .STERADIAN. ) SOLID_ANGLE_UNIT ( ) );
#4741 = CARTESIAN_POINT ( 'NONE',  ( 1.552727260191353098, -4.950000000000001954, 4.208510301126900721 ) ) ;
#4742 = DIRECTION ( 'NONE',  ( -0.000000000000000000, 0.000000000000000000, 1.000000000000000000 ) ) ;
#4743 = DIRECTION ( 'NONE',  ( -0.000000000000000000, -0.7808688094430308313, -0.6246950475544235104 ) ) ;
#4744 = DIRECTION ( 'NONE',  ( 0.000000000000000000, 0.000000000000000000, -1.000000000000000000 ) ) ;
#4745 = EDGE_CURVE ( 'NONE', #3760, #5066, #4007, .T. ) ;
#4746 = EDGE_CURVE ( 'NONE', #3695, #1723, #2485, .T. ) ;
#4747 = LINE ( 'NONE', #1835, #6274 ) ;
#4748 = ORIENTED_EDGE ( 'NONE', *, *, #3976, .T. ) ;
#4749 = ORIENTED_EDGE ( 'NONE', *, *, #5542, .T. ) ;
#4750 = CARTESIAN_POINT ( 'NONE',  ( 1.214347889233033495, -4.899999999999997691, 3.530278682448089622 ) ) ;
#4751 = CARTESIAN_POINT ( 'NONE',  ( -1.537981457300628074, -4.900000000000000355, 4.003316605971175335 ) ) ;
#4752 = LINE ( 'NONE', #383, #650 ) ;
#4753 = DIRECTION ( 'NONE',  ( -0.000000000000000000, 1.000000000000000000, -0.000000000000000000 ) ) ;
#4754 = ADVANCED_FACE ( 'NONE', ( #1068 ), #2514, .T. ) ;
#4755 =( NAMED_UNIT ( * ) SI_UNIT ( $, .STERADIAN. ) SOLID_ANGLE_UNIT ( ) );
#4756 =( LENGTH_UNIT ( ) NAMED_UNIT ( * ) SI_UNIT ( .MILLI., .METRE. ) );
#4757 = ORIENTED_EDGE ( 'NONE', *, *, #3218, .F. ) ;
#4758 = CARTESIAN_POINT ( 'NONE',  ( -1.124335916617327680, -4.900000000000000355, 2.058223720444909866 ) ) ;
#4759 = FACE_OUTER_BOUND ( 'NONE', #3465, .T. ) ;
#4760 = CARTESIAN_POINT ( 'NONE',  ( -0.6699999999999999289, -3.448749999999990656, 8.001000000000001222 ) ) ;
#4761 = CARTESIAN_POINT ( 'NONE',  ( 1.569999999999999396, 3.910000000000000142, -3.479999999999997762 ) ) ;
#4762 = CARTESIAN_POINT ( 'NONE',  ( 3.270000000000000462, 4.450000000000001066, 8.300000000000000711 ) ) ;
#4763 = EDGE_CURVE ( 'NONE', #1440, #4807, #1503, .T. ) ;
#4764 = LINE ( 'NONE', #521, #2271 ) ;
#4765 = CARTESIAN_POINT ( 'NONE',  ( -1.070000000000001172, 3.709999999999999964, -3.850000000000000089 ) ) ;
#4766 = CARTESIAN_POINT ( 'NONE',  ( 0.9727285291870937378, -4.899999999999999467, 3.961671791640577478 ) ) ;
#4767 = CARTESIAN_POINT ( 'NONE',  ( -1.161865441711354086, -4.900000000000000355, 1.453624033977423569 ) ) ;
#4768 = CARTESIAN_POINT ( 'NONE',  ( 1.870000000000000107, -2.449999999999990408, 4.800000000000000711 ) ) ;
#4769 = VECTOR ( 'NONE', #3188, 1000.000000000000000 ) ;
#4770 = ORIENTED_EDGE ( 'NONE', *, *, #4477, .F. ) ;
#4771 = UNCERTAINTY_MEASURE_WITH_UNIT (LENGTH_MEASURE( 1.000000000000000082E-05 ), #5017, 'distance_accuracy_value', 'NONE');
#4772 =( NAMED_UNIT ( * ) PLANE_ANGLE_UNIT ( ) SI_UNIT ( $, .RADIAN. ) );
#4773 = CARTESIAN_POINT ( 'NONE',  ( 1.100937516356728541, -4.900000000000000355, 3.433299981694235559 ) ) ;
#4774 = CARTESIAN_POINT ( 'NONE',  ( 1.668512820512820349, -4.950000000000001066, 3.932541666666667712 ) ) ;
#4775 =( GEOMETRIC_REPRESENTATION_CONTEXT ( 3 ) GLOBAL_UNCERTAINTY_ASSIGNED_CONTEXT ( ( #491 ) ) GLOBAL_UNIT_ASSIGNED_CONTEXT ( ( #4725, #4249, #1846 ) ) REPRESENTATION_CONTEXT ( 'NONE', 'WORKASPACE' ) );
#4776 = DIRECTION ( 'NONE',  ( 0.9701425001453327646, 1.237447772091868886E-16, -0.2425356250363296107 ) ) ;
#4777 = FILL_AREA_STYLE ('',( #3674 ) ) ;
#4778 = LINE ( 'NONE', #5785, #5457 ) ;
#4779 = ORIENTED_EDGE ( 'NONE', *, *, #274, .F. ) ;
#4780 = ORIENTED_EDGE ( 'NONE', *, *, #4279, .F. ) ;
#4781 = PRESENTATION_LAYER_ASSIGNMENT (  '', '', ( #3045 ) ) ;
#4782 = CARTESIAN_POINT ( 'NONE',  ( 1.478691301326999108, -4.899999999999999467, 3.858074591018544552 ) ) ;
#4783 = EDGE_CURVE ( 'NONE', #1137, #1448, #5996, .T. ) ;
#4784 = AXIS2_PLACEMENT_3D ( 'NONE', #4736, #5738, #6198 ) ;
#4785 = FACE_OUTER_BOUND ( 'NONE', #4887, .T. ) ;
#4786 = VECTOR ( 'NONE', #2500, 1000.000000000000000 ) ;
#4787 = SURFACE_STYLE_FILL_AREA ( #3398 ) ;
#4788 = ORIENTED_EDGE ( 'NONE', *, *, #1204, .F. ) ;
#4789 = CARTESIAN_POINT ( 'NONE',  ( -0.9473121412021519028, -4.900000000000001243, 2.167288308334214708 ) ) ;
#4790 = EDGE_CURVE ( 'NONE', #5177, #2064, #5415, .T. ) ;
#4791 =( NAMED_UNIT ( * ) PLANE_ANGLE_UNIT ( ) SI_UNIT ( $, .RADIAN. ) );
#4792 = CARTESIAN_POINT ( 'NONE',  ( 0.6700000000000000400, -3.448749999999990212, 8.001000000000001222 ) ) ;
#4793 = DIRECTION ( 'NONE',  ( -1.807003620809174632E-16, -0.000000000000000000, 1.000000000000000000 ) ) ;
#4794 = CARTESIAN_POINT ( 'NONE',  ( -0.3444451644323492379, -4.949999999999999289, 1.930445557770569698 ) ) ;
#4795 = CARTESIAN_POINT ( 'NONE',  ( 2.770000000000000018, 3.533223550335114624E-16, 3.300000000000000266 ) ) ;
#4796 = CARTESIAN_POINT ( 'NONE',  ( -0.9771260461038637768, -4.950000000000000178, 1.936478798528307399 ) ) ;
#4797 = EDGE_CURVE ( 'NONE', #4090, #3778, #3561, .T. ) ;
#4798 = UNCERTAINTY_MEASURE_WITH_UNIT (LENGTH_MEASURE( 1.000000000000000082E-05 ), #2974, 'distance_accuracy_value', 'NONE');
#4799 =( NAMED_UNIT ( * ) PLANE_ANGLE_UNIT ( ) SI_UNIT ( $, .RADIAN. ) );
#4800 = VERTEX_POINT ( 'NONE', #3981 ) ;
#4801 = SURFACE_STYLE_USAGE ( .BOTH. , #1476 ) ;
#4802 = FILL_AREA_STYLE ('',( #3269 ) ) ;
#4803 = DIRECTION ( 'NONE',  ( -1.000000000000000000, 0.000000000000000000, 0.000000000000000000 ) ) ;
#4804 = LINE ( 'NONE', #2232, #5808 ) ;
#4805 = CARTESIAN_POINT ( 'NONE',  ( -0.02030635405410828598, -4.900000000000001243, 1.087124791514010314 ) ) ;
#4806 = CARTESIAN_POINT ( 'NONE',  ( 1.233817307692307352, -4.949999999999999289, 4.157461538461538098 ) ) ;
#4807 = VERTEX_POINT ( 'NONE', #5610 ) ;
#4808 = LINE ( 'NONE', #4369, #1413 ) ;
#4809 = CARTESIAN_POINT ( 'NONE',  ( 1.446467040875624610, -4.950000000000002842, 3.783577236226056240 ) ) ;
#4810 = CARTESIAN_POINT ( 'NONE',  ( -1.288916798250017148, -4.900000000000000355, 1.057982756193093232 ) ) ;
#4811 = DIRECTION ( 'NONE',  ( 0.000000000000000000, -0.000000000000000000, 1.000000000000000000 ) ) ;
#4812 = EDGE_CURVE ( 'NONE', #4337, #5673, #2235, .T. ) ;
#4813 = ORIENTED_EDGE ( 'NONE', *, *, #1534, .T. ) ;
#4814 = VECTOR ( 'NONE', #601, 1000.000000000000000 ) ;
#4815 = ORIENTED_EDGE ( 'NONE', *, *, #2978, .F. ) ;
#4816 = CARTESIAN_POINT ( 'NONE',  ( -0.8954195150221586630, -4.899999999999999467, 1.990204940854382931 ) ) ;
#4817 = CARTESIAN_POINT ( 'NONE',  ( 1.243081150263872114, -4.900000000000001243, 4.157236936855066567 ) ) ;
#4818 = PLANE ( 'NONE',  #3207 ) ;
#4819 = CARTESIAN_POINT ( 'NONE',  ( -1.604615384615384999, -4.900000000000000355, 3.968999999999999417 ) ) ;
#4820 = COLOUR_RGB ( '',1.000000000000000000, 1.000000000000000000, 1.000000000000000000 ) ;
#4821 = LINE ( 'NONE', #5345, #5097 ) ;
#4822 = ADVANCED_FACE ( 'NONE', ( #1167 ), #6057, .T. ) ;
#4823 = SURFACE_SIDE_STYLE ('',( #2836 ) ) ;
#4824 = ADVANCED_FACE ( 'NONE', ( #3694 ), #1669, .T. ) ;
#4825 =( NAMED_UNIT ( * ) PLANE_ANGLE_UNIT ( ) SI_UNIT ( $, .RADIAN. ) );
#4826 = PLANE ( 'NONE',  #2924 ) ;
#4827 = PRESENTATION_LAYER_ASSIGNMENT (  '', '', ( #3288 ) ) ;
#4828 = PRESENTATION_LAYER_ASSIGNMENT (  '', '', ( #6268 ) ) ;
#4829 = CARTESIAN_POINT ( 'NONE',  ( 1.080518721978244834, -4.950000000000000178, 4.120152759901196227 ) ) ;
#4830 = CARTESIAN_POINT ( 'NONE',  ( -0.03705327225864163410, -4.949999999999999289, 1.845305213333761740 ) ) ;
#4831 = MECHANICAL_DESIGN_GEOMETRIC_PRESENTATION_REPRESENTATION (  '', ( #1559 ), #3729 ) ;
#4832 = PRESENTATION_LAYER_ASSIGNMENT (  '', '', ( #4935 ) ) ;
#4833 = VECTOR ( 'NONE', #306, 1000.000000000000000 ) ;
#4834 = DIRECTION ( 'NONE',  ( 1.000000000000000000, -0.000000000000000000, -0.000000000000000000 ) ) ;
#4835 = EDGE_LOOP ( 'NONE', ( #1483, #3744, #1520, #314 ) ) ;
#4836 =( NAMED_UNIT ( * ) SI_UNIT ( $, .STERADIAN. ) SOLID_ANGLE_UNIT ( ) );
#4837 = SURFACE_SIDE_STYLE ('',( #3880 ) ) ;
#4838 = PRESENTATION_LAYER_ASSIGNMENT (  '', '', ( #1274 ) ) ;
#4839 = DIRECTION ( 'NONE',  ( 0.000000000000000000, 1.000000000000000000, 0.000000000000000000 ) ) ;
#4840 = CARTESIAN_POINT ( 'NONE',  ( -1.179887560015414838, -4.900000000000002132, 0.8977596804433457534 ) ) ;
#4841 = FILL_AREA_STYLE_COLOUR ( '', #5262 ) ;
#4842 = DIRECTION ( 'NONE',  ( -0.000000000000000000, 1.000000000000000000, -0.000000000000000000 ) ) ;
#4843 = EDGE_CURVE ( 'NONE', #378, #3000, #1371, .T. ) ;
#4844 = CARTESIAN_POINT ( 'NONE',  ( 1.479770759764147403, -4.949999999999998401, 3.998511706712006397 ) ) ;
#4845 = MECHANICAL_DESIGN_GEOMETRIC_PRESENTATION_REPRESENTATION (  '', ( #4951 ), #3738 ) ;
#4846 = VERTEX_POINT ( 'NONE', #5836 ) ;
#4847 = CARTESIAN_POINT ( 'NONE',  ( -0.6623076923076925970, -4.900000000000000355, 0.6797692307692310143 ) ) ;
#4848 = CARTESIAN_POINT ( 'NONE',  ( 1.298867306862278470, -4.900000000000001243, 3.608345045215863856 ) ) ;
#4849 = VECTOR ( 'NONE', #4220, 999.9999999999998863 ) ;
#4850 = CARTESIAN_POINT ( 'NONE',  ( -0.9700000000000008615, -3.910000000000001030, -0.001000000000000132727 ) ) ;
#4851 = LINE ( 'NONE', #1807, #2577 ) ;
#4852 = ORIENTED_EDGE ( 'NONE', *, *, #962, .F. ) ;
#4853 = ORIENTED_EDGE ( 'NONE', *, *, #3776, .T. ) ;
#4854 = CARTESIAN_POINT ( 'NONE',  ( -0.6453572903442240660, -4.900000000000000355, 0.8532929794568079318 ) ) ;
#4855 = CARTESIAN_POINT ( 'NONE',  ( -1.390188939177322114, -4.899999999999997691, 3.920233926890903664 ) ) ;
#4856 = DIRECTION ( 'NONE',  ( 0.000000000000000000, 1.561251128379125123E-14, 1.000000000000000000 ) ) ;
#4857 = FILL_AREA_STYLE_COLOUR ( '', #4865 ) ;
#4858 = PLANE ( 'NONE',  #4037 ) ;
#4859 = CARTESIAN_POINT ( 'NONE',  ( 0.9232876422013530648, -4.899999999999999467, 4.218406342158410816 ) ) ;
#4860 = ORIENTED_EDGE ( 'NONE', *, *, #1389, .T. ) ;
#4861 = CARTESIAN_POINT ( 'NONE',  ( -1.143146694949832121, -4.900000000000000355, 1.243226521500661264 ) ) ;
#4862 = CARTESIAN_POINT ( 'NONE',  ( -0.5126772450179659657, -4.949999999999999289, 2.204904498942947821 ) ) ;
#4863 =( NAMED_UNIT ( * ) SI_UNIT ( $, .STERADIAN. ) SOLID_ANGLE_UNIT ( ) );
#4864 = CARTESIAN_POINT ( 'NONE',  ( 1.870000000000000551, -3.149999999999984368, 4.801000000000000156 ) ) ;
#4865 = COLOUR_RGB ( '',0.5450980392156862253, 0.000000000000000000, 0.000000000000000000 ) ;
#4866 = VERTEX_POINT ( 'NONE', #1450 ) ;
#4867 = SURFACE_STYLE_FILL_AREA ( #1383 ) ;
#4868 = CARTESIAN_POINT ( 'NONE',  ( 0.8612240651809786041, -4.900000000000000355, 3.189403631216825463 ) ) ;
#4869 = EDGE_CURVE ( 'NONE', #1489, #703, #1513, .T. ) ;
#4870 = CARTESIAN_POINT ( 'NONE',  ( -1.242532378816389116, -4.950000000000000178, 4.271529861945060347 ) ) ;
#4871 = SURFACE_SIDE_STYLE ('',( #18 ) ) ;
#4872 =( NAMED_UNIT ( * ) SI_UNIT ( $, .STERADIAN. ) SOLID_ANGLE_UNIT ( ) );
#4873 = DIRECTION ( 'NONE',  ( 0.000000000000000000, 0.000000000000000000, 1.000000000000000000 ) ) ;
#4874 = FILL_AREA_STYLE_COLOUR ( '', #5562 ) ;
#4875 = VECTOR ( 'NONE', #4223, 1000.000000000000000 ) ;
#4876 = ORIENTED_EDGE ( 'NONE', *, *, #5424, .F. ) ;
#4877 = DIRECTION ( 'NONE',  ( -1.000000000000000000, -0.000000000000000000, -0.000000000000000000 ) ) ;
#4878 = AXIS2_PLACEMENT_3D ( 'NONE', #2449, #1032, #3002 ) ;
#4879 = ADVANCED_FACE ( 'NONE', ( #24 ), #1963, .F. ) ;
#4880 = DIRECTION ( 'NONE',  ( -0.000000000000000000, -0.000000000000000000, 1.000000000000000000 ) ) ;
#4881 = MECHANICAL_DESIGN_GEOMETRIC_PRESENTATION_REPRESENTATION (  '', ( #3248 ), #4470 ) ;
#4882 = CARTESIAN_POINT ( 'NONE',  ( -3.270000000000000462, 4.950000000000000178, 8.800000000000000711 ) ) ;
#4883 = CARTESIAN_POINT ( 'NONE',  ( 1.640396510466052726, -4.900000000000000355, 4.083939115383251384 ) ) ;
#4884 = AXIS2_PLACEMENT_3D ( 'NONE', #1833, #5682, #6168 ) ;
#4885 = CARTESIAN_POINT ( 'NONE',  ( -0.8611989616673784154, -4.900000000000000355, 0.7043723344427957889 ) ) ;
#4886 = VERTEX_POINT ( 'NONE', #3492 ) ;
#4887 = EDGE_LOOP ( 'NONE', ( #578, #2606, #1682, #5311 ) ) ;
#4888 = AXIS2_PLACEMENT_3D ( 'NONE', #728, #4619, #257 ) ;
#4889 = CARTESIAN_POINT ( 'NONE',  ( -3.020000000000000906, 1.700000000000000178, 2.299999999999985612 ) ) ;
#4890 = AXIS2_PLACEMENT_3D ( 'NONE', #3858, #25, #2434 ) ;
#4891 = LINE ( 'NONE', #1466, #750 ) ;
#4892 = DIRECTION ( 'NONE',  ( -9.667863439835225446E-17, 0.7071067811865500152, -0.7071067811865450192 ) ) ;
#4893 = EDGE_LOOP ( 'NONE', ( #2219, #59, #3250, #309, #4057, #4658, #884, #1861 ) ) ;
#4894 = UNCERTAINTY_MEASURE_WITH_UNIT (LENGTH_MEASURE( 1.000000000000000082E-05 ), #312, 'distance_accuracy_value', 'NONE');
#4895 = CARTESIAN_POINT ( 'NONE',  ( -0.9844344884948730279, -4.900000000000000355, 0.9700134349902422848 ) ) ;
#4896 =( NAMED_UNIT ( * ) PLANE_ANGLE_UNIT ( ) SI_UNIT ( $, .RADIAN. ) );
#4897 =( LENGTH_UNIT ( ) NAMED_UNIT ( * ) SI_UNIT ( .MILLI., .METRE. ) );
#4898 = EDGE_CURVE ( 'NONE', #4310, #579, #3569, .T. ) ;
#4899 = DIRECTION ( 'NONE',  ( 0.000000000000000000, 0.000000000000000000, -1.000000000000000000 ) ) ;
#4900 = VERTEX_POINT ( 'NONE', #4518 ) ;
#4901 = SURFACE_SIDE_STYLE ('',( #6317 ) ) ;
#4902 = CARTESIAN_POINT ( 'NONE',  ( 2.770000000000000906, -1.699999999999999956, 3.300000000000000266 ) ) ;
#4903 =( NAMED_UNIT ( * ) SI_UNIT ( $, .STERADIAN. ) SOLID_ANGLE_UNIT ( ) );
#4904 = DIRECTION ( 'NONE',  ( -0.000000000000000000, -1.000000000000000000, -0.000000000000000000 ) ) ;
#4905 = DIRECTION ( 'NONE',  ( -0.000000000000000000, -1.000000000000000000, -0.000000000000000000 ) ) ;
#4906 = CARTESIAN_POINT ( 'NONE',  ( 1.488110845836004170, -4.950000000000001066, 3.548699269633762032 ) ) ;
#4907 = EDGE_CURVE ( 'NONE', #387, #2904, #371, .T. ) ;
#4908 = EDGE_LOOP ( 'NONE', ( #2941, #3956, #1350, #6097 ) ) ;
#4909 = ORIENTED_EDGE ( 'NONE', *, *, #1043, .F. ) ;
#4910 = FACE_OUTER_BOUND ( 'NONE', #5322, .T. ) ;
#4911 = CARTESIAN_POINT ( 'NONE',  ( 1.686461538461538234, -4.900000000000000355, 3.098487179487178889 ) ) ;
#4912 = CARTESIAN_POINT ( 'NONE',  ( 1.060925081786316060, -4.949999999999999289, 4.294515096242623287 ) ) ;
#4913 = PRESENTATION_STYLE_ASSIGNMENT (( #2827 ) ) ;
#4914 = VERTEX_POINT ( 'NONE', #2556 ) ;
#4915 = ORIENTED_EDGE ( 'NONE', *, *, #5434, .T. ) ;
#4916 = CARTESIAN_POINT ( 'NONE',  ( -0.6104034295841220814, -4.899999999999999467, 0.8541678627429052373 ) ) ;
#4917 = CARTESIAN_POINT ( 'NONE',  ( -0.01665162120881905072, -4.950000000000001066, 1.800797864289751749 ) ) ;
#4918 = CARTESIAN_POINT ( 'NONE',  ( -0.03705327225864163410, -4.899999999999999467, 1.845305213333761740 ) ) ;
#4919 = CARTESIAN_POINT ( 'NONE',  ( -0.6870828614167512338, -4.950000000000000178, 2.217637025471462131 ) ) ;
#4920 = B_SPLINE_CURVE_WITH_KNOTS ( 'NONE', 3,
 ( #1685, #4061, #1186, #5083, #2066, #5051, #5983, #2565, #677, #229, #1215, #2600, #5115, #1588, #3060, #6108, #3158, #4984, #5627 ),
 .UNSPECIFIED., .F., .F.,
 ( 4, 1, 1, 1, 1, 1, 1, 1, 1, 1, 1, 1, 1, 1, 1, 1, 4 ),
 ( 0.000000000000000000, 0.07471189030450110791, 0.1455392023749086938, 0.2133390572509724636, 0.2786150735384709254, 0.3420941969414989514, 0.4038900759591956824, 0.4650633525655205602, 0.5265767363834863435, 0.5873283340287678289, 0.6463804557031442855, 0.7043453083753257182, 0.7616719489990795289, 0.8194178590468653711, 0.8780393997816825502, 0.9377955090070554389, 1.000000000000000000 ),
 .UNSPECIFIED. ) ;
#4921 = CARTESIAN_POINT ( 'NONE',  ( 0.8956852189486844695, -4.900000000000001243, 4.191496955803736491 ) ) ;
#4922 = CARTESIAN_POINT ( 'NONE',  ( -0.7657618213453717404, -4.900000000000000355, 0.8616042867902181657 ) ) ;
#4923 = UNCERTAINTY_MEASURE_WITH_UNIT (LENGTH_MEASURE( 1.000000000000000082E-05 ), #4756, 'distance_accuracy_value', 'NONE');
#4924 = PRESENTATION_LAYER_ASSIGNMENT (  '', '', ( #5751 ) ) ;
#4925 = DIRECTION ( 'NONE',  ( -0.000000000000000000, -1.000000000000000000, -0.000000000000000000 ) ) ;
#4926 = CARTESIAN_POINT ( 'NONE',  ( 0.03728534543790169159, -4.950000000000001066, 1.606836291005684147 ) ) ;
#4927 = MECHANICAL_DESIGN_GEOMETRIC_PRESENTATION_REPRESENTATION (  '', ( #1759 ), #5959 ) ;
#4928 = PRESENTATION_LAYER_ASSIGNMENT (  '', '', ( #5244 ) ) ;
#4929 = CARTESIAN_POINT ( 'NONE',  ( -1.217596153846154383, -4.900000000000001243, 4.319000000000000838 ) ) ;
#4930 = ORIENTED_EDGE ( 'NONE', *, *, #3023, .F. ) ;
#4931 = SURFACE_STYLE_USAGE ( .BOTH. , #2136 ) ;
#4932 =( NAMED_UNIT ( * ) PLANE_ANGLE_UNIT ( ) SI_UNIT ( $, .RADIAN. ) );
#4933 = COLOUR_RGB ( '',1.000000000000000000, 1.000000000000000000, 1.000000000000000000 ) ;
#4934 = DIRECTION ( 'NONE',  ( 0.000000000000000000, 0.000000000000000000, 1.000000000000000000 ) ) ;
#4935 = STYLED_ITEM ( 'NONE', ( #6161 ), #5617 ) ;
#4936 = CARTESIAN_POINT ( 'NONE',  ( 1.686461538461538234, -4.900000000000000355, 2.918999999999999595 ) ) ;
#4937 = ORIENTED_EDGE ( 'NONE', *, *, #5337, .T. ) ;
#4938 =( GEOMETRIC_REPRESENTATION_CONTEXT ( 3 ) GLOBAL_UNCERTAINTY_ASSIGNED_CONTEXT ( ( #4515 ) ) GLOBAL_UNIT_ASSIGNED_CONTEXT ( ( #3238, #365, #3736 ) ) REPRESENTATION_CONTEXT ( 'NONE', 'WORKASPACE' ) );
#4939 = CARTESIAN_POINT ( 'NONE',  ( -1.869999999999999885, -3.649999999999990141, 5.301000000000002821 ) ) ;
#4940 = CARTESIAN_POINT ( 'NONE',  ( 1.469999999999999973, 3.910000000000000142, -3.850000000000000089 ) ) ;
#4941 = ADVANCED_FACE ( 'NONE', ( #5072 ), #3145, .T. ) ;
#4942 = EDGE_CURVE ( 'NONE', #6241, #5199, #4231, .T. ) ;
#4943 = CARTESIAN_POINT ( 'NONE',  ( -0.4750215480779613197, -4.949999999999999289, 0.7020646734225793884 ) ) ;
#4944 = CARTESIAN_POINT ( 'NONE',  ( 0.000000000000000000, -2.449999999999989519, 8.800000000000000711 ) ) ;
#4945 = VECTOR ( 'NONE', #2954, 1000.000000000000000 ) ;
#4946 = CARTESIAN_POINT ( 'NONE',  ( 1.322132548175710909, -4.900000000000001243, 3.394079400742936681 ) ) ;
#4947 = CARTESIAN_POINT ( 'NONE',  ( -1.115690265083635335, -4.900000000000000355, 0.8358340810019976308 ) ) ;
#4948 = ORIENTED_EDGE ( 'NONE', *, *, #2587, .T. ) ;
#4949 = VERTEX_POINT ( 'NONE', #6229 ) ;
#4950 = FILL_AREA_STYLE_COLOUR ( '', #136 ) ;
#4951 = STYLED_ITEM ( 'NONE', ( #1832 ), #3162 ) ;
#4952 = CARTESIAN_POINT ( 'NONE',  ( 1.461888471791588318, -4.899999999999999467, 4.038951151320748778 ) ) ;
#4953 = EDGE_CURVE ( 'NONE', #1747, #1203, #4686, .T. ) ;
#4954 = CARTESIAN_POINT ( 'NONE',  ( -0.05987131732764464087, -4.950000000000001066, 1.888153109564452148 ) ) ;
#4955 = CARTESIAN_POINT ( 'NONE',  ( 1.001605769230768939, -4.950000000000000178, 3.098487179487178889 ) ) ;
#4956 = CARTESIAN_POINT ( 'NONE',  ( -1.390188939177322114, -4.949999999999997513, 3.920233926890903664 ) ) ;
#4957 =( LENGTH_UNIT ( ) NAMED_UNIT ( * ) SI_UNIT ( .MILLI., .METRE. ) );
#4958 = ORIENTED_EDGE ( 'NONE', *, *, #3889, .F. ) ;
#4959 = CARTESIAN_POINT ( 'NONE',  ( -1.161983519640226392, -4.899999999999999467, 1.405108640495238426 ) ) ;
#4960 = CARTESIAN_POINT ( 'NONE',  ( -0.2380777281850268989, -4.900000000000001243, 1.795362930045701688 ) ) ;
#4961 = EDGE_CURVE ( 'NONE', #5611, #3718, #1297, .T. ) ;
#4962 = FILL_AREA_STYLE_COLOUR ( '', #5803 ) ;
#4963 = PRESENTATION_STYLE_ASSIGNMENT (( #3003 ) ) ;
#4964 = FILL_AREA_STYLE_COLOUR ( '', #5440 ) ;
#4965 = VERTEX_POINT ( 'NONE', #5619 ) ;
#4966 = CARTESIAN_POINT ( 'NONE',  ( -1.281538461538461959, -4.900000000000000355, 4.009945512820512370 ) ) ;
#4967 = CARTESIAN_POINT ( 'NONE',  ( -1.242532378816389116, -4.900000000000000355, 4.271529861945060347 ) ) ;
#4968 = DIRECTION ( 'NONE',  ( -1.000000000000000000, -0.000000000000000000, 0.000000000000000000 ) ) ;
#4969 = DIRECTION ( 'NONE',  ( -1.807003620809174878E-16, 1.000000000000000000, 0.000000000000000000 ) ) ;
#4970 = ORIENTED_EDGE ( 'NONE', *, *, #3290, .F. ) ;
#4971 = CARTESIAN_POINT ( 'NONE',  ( 1.618639662279851787, -4.899999999999999467, 3.726142663789691500 ) ) ;
#4972 = CARTESIAN_POINT ( 'NONE',  ( 1.870000000000000107, -2.449999999999990408, 4.800000000000000711 ) ) ;
#4973 = CARTESIAN_POINT ( 'NONE',  ( -0.5671619700326705482, -4.899999999999998579, 0.6849298835978874234 ) ) ;
#4974 = CARTESIAN_POINT ( 'NONE',  ( 3.270000000000000462, -1.699999999999999956, 8.800000000000000711 ) ) ;
#4975 = CARTESIAN_POINT ( 'NONE',  ( 1.623479456613844851, -4.950000000000000178, 4.117461967392935129 ) ) ;
#4976 = AXIS2_PLACEMENT_3D ( 'NONE', #735, #4469, #4537 ) ;
#4977 = CARTESIAN_POINT ( 'NONE',  ( 1.431693357894830987, -4.950000000000002842, 3.492618653730502398 ) ) ;
#4978 = CARTESIAN_POINT ( 'NONE',  ( -1.373342463009662451, -4.900000000000001243, 1.380700688350334548 ) ) ;
#4979 = ORIENTED_EDGE ( 'NONE', *, *, #1700, .T. ) ;
#4980 = VECTOR ( 'NONE', #5354, 1000.000000000000000 ) ;
#4981 = EDGE_CURVE ( 'NONE', #689, #1203, #846, .T. ) ;
#4982 = ORIENTED_EDGE ( 'NONE', *, *, #4506, .T. ) ;
#4983 = LINE ( 'NONE', #616, #3959 ) ;
#4984 = CARTESIAN_POINT ( 'NONE',  ( 1.668260116798732096, -4.900000000000000355, 3.946026482516550082 ) ) ;
#4985 = AXIS2_PLACEMENT_3D ( 'NONE', #4972, #1145, #1484 ) ;
#4986 = CARTESIAN_POINT ( 'NONE',  ( -0.7373332367417190225, -4.899999999999999467, 2.216475040104009420 ) ) ;
#4987 = DIRECTION ( 'NONE',  ( -0.000000000000000000, -1.000000000000000000, -0.000000000000000000 ) ) ;
#4988 = VECTOR ( 'NONE', #2718, 1000.000000000000000 ) ;
#4989 = CARTESIAN_POINT ( 'NONE',  ( -0.4902188309914858322, -4.950000000000000178, 2.016812162577814149 ) ) ;
#4990 = VERTEX_POINT ( 'NONE', #1324 ) ;
#4991 = ADVANCED_FACE ( 'NONE', ( #3700 ), #4604, .T. ) ;
#4992 = SURFACE_STYLE_USAGE ( .BOTH. , #3516 ) ;
#4993 = FILL_AREA_STYLE ('',( #2482 ) ) ;
#4994 =( GEOMETRIC_REPRESENTATION_CONTEXT ( 3 ) GLOBAL_UNCERTAINTY_ASSIGNED_CONTEXT ( ( #1029 ) ) GLOBAL_UNIT_ASSIGNED_CONTEXT ( ( #1531, #5863, #1952 ) ) REPRESENTATION_CONTEXT ( 'NONE', 'WORKASPACE' ) );
#4995 = CARTESIAN_POINT ( 'NONE',  ( 1.060925081786316060, -4.899999999999999467, 4.294515096242623287 ) ) ;
#4996 = LINE ( 'NONE', #3105, #1414 ) ;
#4997 = CARTESIAN_POINT ( 'NONE',  ( 0.6700000000000007061, -6.449999999999990408, 6.801000000000001933 ) ) ;
#4998 = ORIENTED_EDGE ( 'NONE', *, *, #2559, .F. ) ;
#4999 = FILL_AREA_STYLE ('',( #5482 ) ) ;
#5000 = FILL_AREA_STYLE_COLOUR ( '', #3612 ) ;
#5001 = CARTESIAN_POINT ( 'NONE',  ( -0.8519788110049142382, -4.900000000000002132, 2.010511926915531600 ) ) ;
#5002 = FACE_OUTER_BOUND ( 'NONE', #4480, .T. ) ;
#5003 =( NAMED_UNIT ( * ) SI_UNIT ( $, .STERADIAN. ) SOLID_ANGLE_UNIT ( ) );
#5004 = ORIENTED_EDGE ( 'NONE', *, *, #1581, .F. ) ;
#5005 = CARTESIAN_POINT ( 'NONE',  ( 1.661324095651544042, -4.900000000000001243, 3.849487384989453087 ) ) ;
#5006 = FILL_AREA_STYLE_COLOUR ( '', #2515 ) ;
#5007 = CARTESIAN_POINT ( 'NONE',  ( 0.02703248078412566133, -4.899999999999998579, 1.232484358727993445 ) ) ;
#5008 = CARTESIAN_POINT ( 'NONE',  ( 1.012969826856976008, -4.950000000000000178, 3.113801977870066739 ) ) ;
#5009 = PLANE ( 'NONE',  #4888 ) ;
#5010 = ORIENTED_EDGE ( 'NONE', *, *, #1043, .T. ) ;
#5011 = ORIENTED_EDGE ( 'NONE', *, *, #5434, .F. ) ;
#5012 = SURFACE_STYLE_FILL_AREA ( #282 ) ;
#5013 = CARTESIAN_POINT ( 'NONE',  ( 0.9699999999999993072, 3.910000000000000142, -3.479999999999997762 ) ) ;
#5014 = CARTESIAN_POINT ( 'NONE',  ( -1.870000000000000107, -2.449999999999990408, 4.800000000000000711 ) ) ;
#5015 = LINE ( 'NONE', #2568, #2311 ) ;
#5016 = CARTESIAN_POINT ( 'NONE',  ( -1.372309002578743664, -4.900000000000000355, 1.517839069544936192 ) ) ;
#5017 =( LENGTH_UNIT ( ) NAMED_UNIT ( * ) SI_UNIT ( .MILLI., .METRE. ) );
#5018 = ORIENTED_EDGE ( 'NONE', *, *, #144, .F. ) ;
#5019 = CARTESIAN_POINT ( 'NONE',  ( 1.244446385329669669, -4.900000000000000355, 3.329163894425283043 ) ) ;
#5020 = SURFACE_STYLE_FILL_AREA ( #629 ) ;
#5021 = EDGE_CURVE ( 'NONE', #5673, #2887, #50, .T. ) ;
#5022 = CARTESIAN_POINT ( 'NONE',  ( 1.190426264685290114, -4.950000000000000178, 4.318019262756992660 ) ) ;
#5023 = ADVANCED_FACE ( 'NONE', ( #530 ), #2451, .F. ) ;
#5024 = DIRECTION ( 'NONE',  ( 0.000000000000000000, 0.7071067811865450192, 0.7071067811865500152 ) ) ;
#5025 = ORIENTED_EDGE ( 'NONE', *, *, #245, .T. ) ;
#5026 = ORIENTED_EDGE ( 'NONE', *, *, #3444, .F. ) ;
#5027 = VECTOR ( 'NONE', #3416, 1000.000000000000000 ) ;
#5028 = SURFACE_SIDE_STYLE ('',( #211 ) ) ;
#5029 =( NAMED_UNIT ( * ) PLANE_ANGLE_UNIT ( ) SI_UNIT ( $, .RADIAN. ) );
#5030 = SURFACE_STYLE_USAGE ( .BOTH. , #6135 ) ;
#5031 = VECTOR ( 'NONE', #638, 1000.000000000000000 ) ;
#5032 = ADVANCED_FACE ( 'NONE', ( #1987 ), #5805, .T. ) ;
#5033 =( GEOMETRIC_REPRESENTATION_CONTEXT ( 3 ) GLOBAL_UNCERTAINTY_ASSIGNED_CONTEXT ( ( #4771 ) ) GLOBAL_UNIT_ASSIGNED_CONTEXT ( ( #5017, #736, #1219 ) ) REPRESENTATION_CONTEXT ( 'NONE', 'WORKASPACE' ) );
#5034 = UNCERTAINTY_MEASURE_WITH_UNIT (LENGTH_MEASURE( 1.000000000000000082E-05 ), #6244, 'distance_accuracy_value', 'NONE');
#5035 = ORIENTED_EDGE ( 'NONE', *, *, #580, .F. ) ;
#5036 =( NAMED_UNIT ( * ) PLANE_ANGLE_UNIT ( ) SI_UNIT ( $, .RADIAN. ) );
#5037 = FILL_AREA_STYLE ('',( #215 ) ) ;
#5038 = LINE ( 'NONE', #2981, #604 ) ;
#5039 = MANIFOLD_SOLID_BREP ( 'Бобышка-Вытянуть11', #4583 ) ;
#5040 = ADVANCED_FACE ( 'NONE', ( #4293 ), #1862, .F. ) ;
#5041 = CARTESIAN_POINT ( 'NONE',  ( 0.9604168275382544140, -4.950000000000001066, 3.308876580911946252 ) ) ;
#5042 = CARTESIAN_POINT ( 'NONE',  ( 1.244446385329669669, -4.950000000000000178, 3.329163894425283043 ) ) ;
#5043 = PRESENTATION_LAYER_ASSIGNMENT (  '', '', ( #4328 ) ) ;
#5044 = PRESENTATION_STYLE_ASSIGNMENT (( #3056 ) ) ;
#5045 = AXIS2_PLACEMENT_3D ( 'NONE', #1757, #3728, #5671 ) ;
#5046 = CARTESIAN_POINT ( 'NONE',  ( -1.373846153846154383, -4.900000000000000355, 1.429168269230769450 ) ) ;
#5047 = ORIENTED_EDGE ( 'NONE', *, *, #2900, .T. ) ;
#5048 = ORIENTED_EDGE ( 'NONE', *, *, #2659, .F. ) ;
#5049 = VECTOR ( 'NONE', #2891, 1000.000000000000000 ) ;
#5050 = CARTESIAN_POINT ( 'NONE',  ( -1.316342305949406821, -4.950000000000001066, 4.178117614143100234 ) ) ;
#5051 = CARTESIAN_POINT ( 'NONE',  ( 1.415702407244466832, -4.899999999999999467, 4.292057298888876993 ) ) ;
#5052 = PRESENTATION_LAYER_ASSIGNMENT (  '', '', ( #4641 ) ) ;
#5053 =( NAMED_UNIT ( * ) SI_UNIT ( $, .STERADIAN. ) SOLID_ANGLE_UNIT ( ) );
#5054 =( NAMED_UNIT ( * ) PLANE_ANGLE_UNIT ( ) SI_UNIT ( $, .RADIAN. ) );
#5055 = SURFACE_STYLE_FILL_AREA ( #2636 ) ;
#5056 = CARTESIAN_POINT ( 'NONE',  ( -1.009996234918222768, -4.949999999999999289, 2.137514736226421963 ) ) ;
#5057 = LINE ( 'NONE', #1189, #5392 ) ;
#5058 = CARTESIAN_POINT ( 'NONE',  ( -0.2222833121817703317, -4.949999999999999289, 1.762656636853738190 ) ) ;
#5059 = EDGE_LOOP ( 'NONE', ( #5804, #3005, #1521, #5081 ) ) ;
#5060 = PRESENTATION_LAYER_ASSIGNMENT (  '', '', ( #4438 ) ) ;
#5061 = PLANE ( 'NONE',  #4688 ) ;
#5062 = PRESENTATION_LAYER_ASSIGNMENT (  '', '', ( #6021 ) ) ;
#5063 = CARTESIAN_POINT ( 'NONE',  ( -1.417222591915846097, -4.899999999999999467, 4.085260596303617930 ) ) ;
#5064 = DIRECTION ( 'NONE',  ( -1.067636913544216258E-16, 0.7808688094430308313, 0.6246950475544235104 ) ) ;
#5065 = CARTESIAN_POINT ( 'NONE',  ( -0.6632091346153849987, -4.900000000000000355, 0.8528461538461540314 ) ) ;
#5066 = VERTEX_POINT ( 'NONE', #3686 ) ;
#5067 = EDGE_CURVE ( 'NONE', #6253, #2796, #2668, .T. ) ;
#5068 = CARTESIAN_POINT ( 'NONE',  ( -0.5611197763822022289, -4.950000000000001066, 2.212879541608050449 ) ) ;
#5069 = CARTESIAN_POINT ( 'NONE',  ( -1.015128530905781368, -4.949999999999995737, 1.903035480429482451 ) ) ;
#5070 = ORIENTED_EDGE ( 'NONE', *, *, #1535, .F. ) ;
#5071 = ADVANCED_FACE ( 'NONE', ( #2705 ), #3527, .T. ) ;
#5072 = FACE_OUTER_BOUND ( 'NONE', #1948, .T. ) ;
#5073 = CARTESIAN_POINT ( 'NONE',  ( 2.770000000000000462, -1.699999999999999956, 8.800000000000000711 ) ) ;
#5074 = DIRECTION ( 'NONE',  ( 0.000000000000000000, -1.000000000000000000, 0.000000000000000000 ) ) ;
#5075 = FILL_AREA_STYLE ('',( #2212 ) ) ;
#5076 = CARTESIAN_POINT ( 'NONE',  ( 1.112663461538461407, -4.950000000000000178, 3.442597756410255894 ) ) ;
#5077 = CARTESIAN_POINT ( 'NONE',  ( 1.094113433382002176, -4.950000000000001066, 3.201547940114489510 ) ) ;
#5078 = LINE ( 'NONE', #3084, #2211 ) ;
#5079 = DIRECTION ( 'NONE',  ( 1.000000000000000000, -0.000000000000000000, 0.000000000000000000 ) ) ;
#5080 = ORIENTED_EDGE ( 'NONE', *, *, #6096, .F. ) ;
#5081 = ORIENTED_EDGE ( 'NONE', *, *, #5624, .F. ) ;
#5082 = LINE ( 'NONE', #6147, #5604 ) ;
#5083 = CARTESIAN_POINT ( 'NONE',  ( 1.331422089267603415, -4.899999999999999467, 4.312657253342179864 ) ) ;
#5084 =( LENGTH_UNIT ( ) NAMED_UNIT ( * ) SI_UNIT ( .MILLI., .METRE. ) );
#5085 = DIRECTION ( 'NONE',  ( -0.000000000000000000, -1.000000000000000000, -0.000000000000000000 ) ) ;
#5086 = CARTESIAN_POINT ( 'NONE',  ( -1.523031917976532590, -4.949999999999999289, 3.840571802289065140 ) ) ;
#5087 =( GEOMETRIC_REPRESENTATION_CONTEXT ( 3 ) GLOBAL_UNCERTAINTY_ASSIGNED_CONTEXT ( ( #4894 ) ) GLOBAL_UNIT_ASSIGNED_CONTEXT ( ( #312, #5225, #4476 ) ) REPRESENTATION_CONTEXT ( 'NONE', 'WORKASPACE' ) );
#5088 = LINE ( 'NONE', #168, #6007 ) ;
#5089 = CARTESIAN_POINT ( 'NONE',  ( -0.1767999222272243487, -4.899999999999999467, 1.616612929034543455 ) ) ;
#5090 = EDGE_LOOP ( 'NONE', ( #945, #2135, #5433, #1397 ) ) ;
#5091 = MECHANICAL_DESIGN_GEOMETRIC_PRESENTATION_REPRESENTATION (  '', ( #1103 ), #3243 ) ;
#5092 = CARTESIAN_POINT ( 'NONE',  ( -1.870000000000000107, -5.621938507872650703, 4.800000000000000711 ) ) ;
#5093 = PRESENTATION_STYLE_ASSIGNMENT (( #1159 ) ) ;
#5094 = PLANE ( 'NONE',  #6113 ) ;
#5095 = CARTESIAN_POINT ( 'NONE',  ( 0.5023076923076921219, -4.900000000000000355, 0.6990000000000001767 ) ) ;
#5096 = CARTESIAN_POINT ( 'NONE',  ( 0.8956852189486844695, -4.900000000000001243, 4.191496955803736491 ) ) ;
#5097 = VECTOR ( 'NONE', #958, 1000.000000000000000 ) ;
#5098 = LINE ( 'NONE', #1731, #455 ) ;
#5099 = CARTESIAN_POINT ( 'NONE',  ( -0.4636988061043291753, -4.900000000000000355, 0.8905561488572149020 ) ) ;
#5100 = ORIENTED_EDGE ( 'NONE', *, *, #4763, .T. ) ;
#5101 = PRESENTATION_LAYER_ASSIGNMENT (  '', '', ( #2220 ) ) ;
#5102 = ORIENTED_EDGE ( 'NONE', *, *, #661, .F. ) ;
#5103 = VECTOR ( 'NONE', #1529, 1000.000000000000000 ) ;
#5104 = CARTESIAN_POINT ( 'NONE',  ( -0.7103127493227936462, -4.949999999999997513, 2.044158712657190957 ) ) ;
#5105 = ADVANCED_FACE ( 'NONE', ( #3128 ), #6082, .F. ) ;
#5106 = ORIENTED_EDGE ( 'NONE', *, *, #4586, .T. ) ;
#5107 = CARTESIAN_POINT ( 'NONE',  ( -0.4199542255087583276, -4.950000000000001954, 0.9129928507601646759 ) ) ;
#5108 = PRESENTATION_STYLE_ASSIGNMENT (( #4112 ) ) ;
#5109 = DIRECTION ( 'NONE',  ( -1.000000000000000000, 0.000000000000000000, 0.000000000000000000 ) ) ;
#5110 = EDGE_CURVE ( 'NONE', #3594, #4078, #4635, .T. ) ;
#5111 = EDGE_CURVE ( 'NONE', #1183, #3490, #3838, .T. ) ;
#5112 = EDGE_LOOP ( 'NONE', ( #3466, #4876, #4698, #987 ) ) ;
#5113 = ORIENTED_EDGE ( 'NONE', *, *, #5464, .T. ) ;
#5114 = SURFACE_STYLE_USAGE ( .BOTH. , #4659 ) ;
#5115 = CARTESIAN_POINT ( 'NONE',  ( 1.623479456613844851, -4.900000000000000355, 4.117461967392935129 ) ) ;
#5116 = CARTESIAN_POINT ( 'NONE',  ( -1.143146694949832121, -4.950000000000000178, 1.243226521500661264 ) ) ;
#5117 = FILL_AREA_STYLE ('',( #1782 ) ) ;
#5118 = CARTESIAN_POINT ( 'NONE',  ( -1.604615384615384999, -4.950000000000000178, 3.803535256410256249 ) ) ;
#5119 = CARTESIAN_POINT ( 'NONE',  ( -0.1660039842771005858, -4.950000000000001954, 1.534903640778916500 ) ) ;
#5120 = ORIENTED_EDGE ( 'NONE', *, *, #5111, .T. ) ;
#5121 = CARTESIAN_POINT ( 'NONE',  ( -0.6602043269230772893, -4.900000000000000355, 2.045153846153846100 ) ) ;
#5122 = FACE_BOUND ( 'NONE', #1639, .T. ) ;
#5123 = CARTESIAN_POINT ( 'NONE',  ( -1.070000000000001172, 3.709999999999999964, -3.850000000000000089 ) ) ;
#5124 = CARTESIAN_POINT ( 'NONE',  ( 0.9786589334670722229, -4.950000000000000178, 3.987308617774737662 ) ) ;
#5125 = CARTESIAN_POINT ( 'NONE',  ( -0.3392960179171980450, -4.899999999999999467, 0.9713712711711781633 ) ) ;
#5126 = ORIENTED_EDGE ( 'NONE', *, *, #5710, .T. ) ;
#5127 = ORIENTED_EDGE ( 'NONE', *, *, #1811, .T. ) ;
#5128 = SURFACE_STYLE_FILL_AREA ( #6000 ) ;
#5129 = CARTESIAN_POINT ( 'NONE',  ( -1.869999999999999440, -6.449999999999990408, 6.801000000000001933 ) ) ;
#5130 = COLOUR_RGB ( '',1.000000000000000000, 1.000000000000000000, 1.000000000000000000 ) ;
#5131 = ORIENTED_EDGE ( 'NONE', *, *, #28, .T. ) ;
#5132 = PRESENTATION_STYLE_ASSIGNMENT (( #5228 ) ) ;
#5133 = CARTESIAN_POINT ( 'NONE',  ( -3.770000000000000906, -1.699999999999999956, 1.800000000000000488 ) ) ;
#5134 =( GEOMETRIC_REPRESENTATION_CONTEXT ( 3 ) GLOBAL_UNCERTAINTY_ASSIGNED_CONTEXT ( ( #875 ) ) GLOBAL_UNIT_ASSIGNED_CONTEXT ( ( #471, #6119, #3719 ) ) REPRESENTATION_CONTEXT ( 'NONE', 'WORKASPACE' ) );
#5135 = PLANE ( 'NONE',  #2282 ) ;
#5136 = DIRECTION ( 'NONE',  ( 0.000000000000000000, 0.000000000000000000, -1.000000000000000000 ) ) ;
#5137 = CARTESIAN_POINT ( 'NONE',  ( 0.04891823386902668241, -4.900000000000001243, 1.427959548162584191 ) ) ;
#5138 = COLOUR_RGB ( '',1.000000000000000000, 1.000000000000000000, 1.000000000000000000 ) ;
#5139 = ORIENTED_EDGE ( 'NONE', *, *, #340, .F. ) ;
#5140 = VECTOR ( 'NONE', #2307, 1000.000000000000000 ) ;
#5141 = ORIENTED_EDGE ( 'NONE', *, *, #2241, .T. ) ;
#5142 = EDGE_CURVE ( 'NONE', #3127, #737, #2316, .T. ) ;
#5143 = SURFACE_SIDE_STYLE ('',( #6148 ) ) ;
#5144 = MECHANICAL_DESIGN_GEOMETRIC_PRESENTATION_REPRESENTATION (  '', ( #2172 ), #752 ) ;
#5145 = CARTESIAN_POINT ( 'NONE',  ( -1.161983519640226392, -4.949999999999999289, 1.405108640495238426 ) ) ;
#5146 =( GEOMETRIC_REPRESENTATION_CONTEXT ( 3 ) GLOBAL_UNCERTAINTY_ASSIGNED_CONTEXT ( ( #1949 ) ) GLOBAL_UNIT_ASSIGNED_CONTEXT ( ( #4227, #2327, #3291 ) ) REPRESENTATION_CONTEXT ( 'NONE', 'WORKASPACE' ) );
#5147 = DIRECTION ( 'NONE',  ( -1.000000000000000000, -1.275531967630005245E-16, 0.000000000000000000 ) ) ;
#5148 = CARTESIAN_POINT ( 'NONE',  ( -0.6699999999999997069, -4.949999999999999289, 6.799999999999995381 ) ) ;
#5149 = DIRECTION ( 'NONE',  ( 0.000000000000000000, 1.000000000000000000, 0.000000000000000000 ) ) ;
#5150 = CARTESIAN_POINT ( 'NONE',  ( 0.7866523358824722978, -4.950000000000000178, 3.033480434322768815 ) ) ;
#5151 = ORIENTED_EDGE ( 'NONE', *, *, #2985, .T. ) ;
#5152 = MECHANICAL_DESIGN_GEOMETRIC_PRESENTATION_REPRESENTATION (  '', ( #3098 ), #1564 ) ;
#5153 = EDGE_CURVE ( 'NONE', #4691, #1489, #5401, .T. ) ;
#5154 = CARTESIAN_POINT ( 'NONE',  ( 1.154360417225099189, -4.900000000000002132, 3.254072679593699835 ) ) ;
#5155 = CARTESIAN_POINT ( 'NONE',  ( -0.6482796767986340747, -4.900000000000000355, 2.044892056323907248 ) ) ;
#5156 = LINE ( 'NONE', #2707, #3292 ) ;
#5157 = CARTESIAN_POINT ( 'NONE',  ( -0.5557068109775122888, -4.950000000000001066, 2.035008084947162121 ) ) ;
#5158 = LINE ( 'NONE', #363, #1786 ) ;
#5159 = CARTESIAN_POINT ( 'NONE',  ( 3.270000000000000462, 1.699999999999998401, 8.800000000000000711 ) ) ;
#5160 = CARTESIAN_POINT ( 'NONE',  ( -0.9700000000000008615, 3.910000000000000142, -0.001000000000000132727 ) ) ;
#5161 = COLOUR_RGB ( '',1.000000000000000000, 1.000000000000000000, 1.000000000000000000 ) ;
#5162 = DIRECTION ( 'NONE',  ( -0.000000000000000000, -0.7808688094430308313, -0.6246950475544235104 ) ) ;
#5163 = EDGE_LOOP ( 'NONE', ( #5820, #5168, #2033, #5573 ) ) ;
#5164 = EDGE_CURVE ( 'NONE', #1575, #1918, #3106, .T. ) ;
#5165 = VECTOR ( 'NONE', #1990, 1000.000000000000000 ) ;
#5166 = LINE ( 'NONE', #2841, #755 ) ;
#5167 = SURFACE_STYLE_USAGE ( .BOTH. , #4175 ) ;
#5168 = ORIENTED_EDGE ( 'NONE', *, *, #1088, .F. ) ;
#5169 = CARTESIAN_POINT ( 'NONE',  ( 1.036636252265310532, -4.900000000000002132, 3.145696090474394246 ) ) ;
#5170 = CARTESIAN_POINT ( 'NONE',  ( 1.569999999999999396, -3.710000000000000853, -0.001000000000000132727 ) ) ;
#5171 = UNCERTAINTY_MEASURE_WITH_UNIT (LENGTH_MEASURE( 1.000000000000000082E-05 ), #2658, 'distance_accuracy_value', 'NONE');
#5172 = CARTESIAN_POINT ( 'NONE',  ( -1.570000000000000728, -3.910000000000001030, -3.850000000000000089 ) ) ;
#5173 = LINE ( 'NONE', #791, #3768 ) ;
#5174 = CARTESIAN_POINT ( 'NONE',  ( 1.214347889233033495, -4.949999999999997513, 3.530278682448089622 ) ) ;
#5175 =( NAMED_UNIT ( * ) SI_UNIT ( $, .STERADIAN. ) SOLID_ANGLE_UNIT ( ) );
#5176 = EDGE_LOOP ( 'NONE', ( #5011, #1303, #4600, #377 ) ) ;
#5177 = VERTEX_POINT ( 'NONE', #804 ) ;
#5178 = DIRECTION ( 'NONE',  ( 3.614007241618349264E-16, 0.000000000000000000, -1.000000000000000000 ) ) ;
#5179 = PLANE ( 'NONE',  #2830 ) ;
#5180 = CARTESIAN_POINT ( 'NONE',  ( -1.470000000000000639, 3.910000000000000142, -3.850000000000000089 ) ) ;
#5181 = EDGE_CURVE ( 'NONE', #2469, #4081, #3397, .T. ) ;
#5182 =( GEOMETRIC_REPRESENTATION_CONTEXT ( 3 ) GLOBAL_UNCERTAINTY_ASSIGNED_CONTEXT ( ( #2739 ) ) GLOBAL_UNIT_ASSIGNED_CONTEXT ( ( #4298, #436, #6322 ) ) REPRESENTATION_CONTEXT ( 'NONE', 'WORKASPACE' ) );
#5183 = EDGE_LOOP ( 'NONE', ( #2098, #5328, #1370, #1801, #4377, #4610 ) ) ;
#5184 = UNCERTAINTY_MEASURE_WITH_UNIT (LENGTH_MEASURE( 1.000000000000000082E-05 ), #4523, 'distance_accuracy_value', 'NONE');
#5185 = DIRECTION ( 'NONE',  ( 2.935190504616909319E-13, -1.000000000000000000, -3.043613236524687964E-13 ) ) ;
#5186 = CARTESIAN_POINT ( 'NONE',  ( -0.4655600507730910387, -4.900000000000002132, 2.194217047456754610 ) ) ;
#5187 = CARTESIAN_POINT ( 'NONE',  ( 1.069999999999999840, -3.710000000000000853, -3.850000000000000089 ) ) ;
#5188 = CARTESIAN_POINT ( 'NONE',  ( -3.181764705882347499, 1.699999999999999956, 1.652941176470589246 ) ) ;
#5189 = ADVANCED_FACE ( 'NONE', ( #4497 ), #3997, .F. ) ;
#5190 = CARTESIAN_POINT ( 'NONE',  ( -0.6699999999999995959, -6.449999999999990408, 6.801000000000001933 ) ) ;
#5191 = ORIENTED_EDGE ( 'NONE', *, *, #5500, .T. ) ;
#5192 = VECTOR ( 'NONE', #4178, 1000.000000000000000 ) ;
#5193 = VECTOR ( 'NONE', #4542, 1000.000000000000000 ) ;
#5194 = CARTESIAN_POINT ( 'NONE',  ( 0.6700000000000002620, -3.649999999999990141, 5.301000000000002821 ) ) ;
#5196 = FACE_OUTER_BOUND ( 'NONE', #3267, .T. ) ;
#5195 =( GEOMETRIC_REPRESENTATION_CONTEXT ( 3 ) GLOBAL_UNCERTAINTY_ASSIGNED_CONTEXT ( ( #3875 ) ) GLOBAL_UNIT_ASSIGNED_CONTEXT ( ( #5885, #2962, #2124 ) ) REPRESENTATION_CONTEXT ( 'NONE', 'WORKASPACE' ) );
#5197 = VECTOR ( 'NONE', #5323, 1000.000000000000000 ) ;
#5198 =( GEOMETRIC_REPRESENTATION_CONTEXT ( 3 ) GLOBAL_UNCERTAINTY_ASSIGNED_CONTEXT ( ( #3904 ) ) GLOBAL_UNIT_ASSIGNED_CONTEXT ( ( #1970, #4376, #2404 ) ) REPRESENTATION_CONTEXT ( 'NONE', 'WORKASPACE' ) );
#5199 = VERTEX_POINT ( 'NONE', #2534 ) ;
#5200 = CARTESIAN_POINT ( 'NONE',  ( 0.9149831813962298055, -4.950000000000001954, 3.259552181796486092 ) ) ;
#5201 = LINE ( 'NONE', #2722, #4676 ) ;
#5202 = PRESENTATION_LAYER_ASSIGNMENT (  '', '', ( #6327 ) ) ;
#5203 = CARTESIAN_POINT ( 'NONE',  ( 0.000000000000000000, -6.449999999999990408, 0.000000000000000000 ) ) ;
#5204 = DIRECTION ( 'NONE',  ( 0.000000000000000000, -1.000000000000000000, 0.000000000000000000 ) ) ;
#5205 = CARTESIAN_POINT ( 'NONE',  ( 0.2907692307692305023, -4.900000000000000355, 0.6990000000000001767 ) ) ;
#5206 = EDGE_LOOP ( 'NONE', ( #3181, #5026, #1777, #1739 ) ) ;
#5207 = VERTEX_POINT ( 'NONE', #3467 ) ;
#5208 =( NAMED_UNIT ( * ) PLANE_ANGLE_UNIT ( ) SI_UNIT ( $, .RADIAN. ) );
#5209 = CARTESIAN_POINT ( 'NONE',  ( -0.8611989616673784154, -4.900000000000000355, 0.7043723344427957889 ) ) ;
#5210 = SURFACE_STYLE_USAGE ( .BOTH. , #263 ) ;
#5211 = CARTESIAN_POINT ( 'NONE',  ( -1.102051282051282666, -4.900000000000000355, 4.318999999999999950 ) ) ;
#5212 = SURFACE_STYLE_USAGE ( .BOTH. , #4187 ) ;
#5213 = DIRECTION ( 'NONE',  ( -0.000000000000000000, 0.000000000000000000, -1.000000000000000000 ) ) ;
#5214 = ORIENTED_EDGE ( 'NONE', *, *, #1655, .F. ) ;
#5215 = CARTESIAN_POINT ( 'NONE',  ( 1.112663461538461407, -4.900000000000000355, 3.442597756410255894 ) ) ;
#5216 = PLANE ( 'NONE',  #603 ) ;
#5217 = LINE ( 'NONE', #2834, #5862 ) ;
#5218 = CARTESIAN_POINT ( 'NONE',  ( -0.08530818522874836218, -4.900000000000000355, 1.928679775062734025 ) ) ;
#5219 = SURFACE_STYLE_USAGE ( .BOTH. , #5700 ) ;
#5220 = CARTESIAN_POINT ( 'NONE',  ( 1.870000000000000551, -2.449999999999990408, 4.801000000000000156 ) ) ;
#5221 = CARTESIAN_POINT ( 'NONE',  ( 0.000000000000000000, 0.000000000000000000, -0.001000000000000024307 ) ) ;
#5222 = CARTESIAN_POINT ( 'NONE',  ( 0.9699999999999995293, -3.710000000000000853, -0.001000000000000132727 ) ) ;
#5223 = EDGE_CURVE ( 'NONE', #5890, #4623, #2407, .T. ) ;
#5224 = ADVANCED_FACE ( 'NONE', ( #5435 ), #1226, .T. ) ;
#5225 =( NAMED_UNIT ( * ) PLANE_ANGLE_UNIT ( ) SI_UNIT ( $, .RADIAN. ) );
#5226 = DIRECTION ( 'NONE',  ( 0.000000000000000000, -1.000000000000000000, 0.000000000000000000 ) ) ;
#5227 = ORIENTED_EDGE ( 'NONE', *, *, #3966, .T. ) ;
#5228 = SURFACE_STYLE_USAGE ( .BOTH. , #2781 ) ;
#5229 = CARTESIAN_POINT ( 'NONE',  ( 0.7898669871794867792, -4.950000000000001066, 3.043519230769230255 ) ) ;
#5230 = EDGE_CURVE ( 'NONE', #5727, #275, #1562, .T. ) ;
#5231 = CARTESIAN_POINT ( 'NONE',  ( 3.270000000000000462, -4.950000000000000178, 8.800000000000000711 ) ) ;
#5232 = CARTESIAN_POINT ( 'NONE',  ( 3.270000000000000462, -4.950000000000000178, 6.799999999999995381 ) ) ;
#5233 = FACE_OUTER_BOUND ( 'NONE', #3874, .T. ) ;
#5234 = FILL_AREA_STYLE_COLOUR ( '', #2771 ) ;
#5235 = CARTESIAN_POINT ( 'NONE',  ( 0.6700000000000000400, -5.621938507872650703, 4.800000000000000711 ) ) ;
#5236 = ORIENTED_EDGE ( 'NONE', *, *, #2350, .F. ) ;
#5237 = ORIENTED_EDGE ( 'NONE', *, *, #1345, .T. ) ;
#5238 =( NAMED_UNIT ( * ) SI_UNIT ( $, .STERADIAN. ) SOLID_ANGLE_UNIT ( ) );
#5239 = STYLED_ITEM ( 'NONE', ( #6031 ), #4822 ) ;
#5240 = ADVANCED_FACE ( 'NONE', ( #2139 ), #3630, .T. ) ;
#5241 = LINE ( 'NONE', #5660, #2458 ) ;
#5242 = CARTESIAN_POINT ( 'NONE',  ( -1.217596153846154383, -4.950000000000001066, 4.319000000000000838 ) ) ;
#5243 = VECTOR ( 'NONE', #5984, 1000.000000000000114 ) ;
#5244 = STYLED_ITEM ( 'NONE', ( #5339 ), #5189 ) ;
#5245 = SURFACE_STYLE_USAGE ( .BOTH. , #6211 ) ;
#5246 = VERTEX_POINT ( 'NONE', #5252 ) ;
#5247 = CARTESIAN_POINT ( 'NONE',  ( 1.459400238922801130, -4.899999999999999467, 3.808648535583293526 ) ) ;
#5248 = AXIS2_PLACEMENT_3D ( 'NONE', #1104, #2049, #4010 ) ;
#5249 = VECTOR ( 'NONE', #1826, 1000.000000000000000 ) ;
#5250 = SURFACE_STYLE_USAGE ( .BOTH. , #2347 ) ;
#5251 = DIRECTION ( 'NONE',  ( -0.000000000000000000, -0.7071067811865500152, 0.7071067811865450192 ) ) ;
#5252 = CARTESIAN_POINT ( 'NONE',  ( -1.070000000000001172, 3.709999999999999964, -3.850000000000000089 ) ) ;
#5253 = DIRECTION ( 'NONE',  ( 0.9701425001453326535, 1.237447772091868886E-16, 0.2425356250363299992 ) ) ;
#5254 = STYLED_ITEM ( 'NONE', ( #1903 ), #2121 ) ;
#5255 = CARTESIAN_POINT ( 'NONE',  ( 1.280091346153845677, -4.900000000000000355, 3.358182692307691841 ) ) ;
#5256 = CARTESIAN_POINT ( 'NONE',  ( 0.5143269230769229594, -4.950000000000000178, 2.199000000000000288 ) ) ;
#5257 = VECTOR ( 'NONE', #139, 1000.000000000000114 ) ;
#5258 = UNCERTAINTY_MEASURE_WITH_UNIT (LENGTH_MEASURE( 1.000000000000000082E-05 ), #3602, 'distance_accuracy_value', 'NONE');
#5259 = CARTESIAN_POINT ( 'NONE',  ( 1.205040815928792197, -4.950000000000001066, 4.156800664281568025 ) ) ;
#5260 = EDGE_CURVE ( 'NONE', #286, #173, #5278, .T. ) ;
#5261 = EDGE_LOOP ( 'NONE', ( #6146, #5131, #518, #4539 ) ) ;
#5262 = COLOUR_RGB ( '',0.1803921568627450955, 0.1803921568627450955, 0.1803921568627450955 ) ;
#5263 = CARTESIAN_POINT ( 'NONE',  ( 1.154360417225099189, -4.950000000000001954, 3.254072679593699835 ) ) ;
#5264 = CARTESIAN_POINT ( 'NONE',  ( 0.9604168275382544140, -4.950000000000001954, 3.308876580911946252 ) ) ;
#5265 = SURFACE_SIDE_STYLE ('',( #1353 ) ) ;
#5266 =( NAMED_UNIT ( * ) SI_UNIT ( $, .STERADIAN. ) SOLID_ANGLE_UNIT ( ) );
#5267 = LINE ( 'NONE', #3178, #503 ) ;
#5268 =( NAMED_UNIT ( * ) SI_UNIT ( $, .STERADIAN. ) SOLID_ANGLE_UNIT ( ) );
#5269 = EDGE_CURVE ( 'NONE', #3217, #5199, #390, .T. ) ;
#5270 = ORIENTED_EDGE ( 'NONE', *, *, #925, .F. ) ;
#5271 = ORIENTED_EDGE ( 'NONE', *, *, #2900, .F. ) ;
#5272 = DIRECTION ( 'NONE',  ( -0.2425356250363296107, -0.000000000000000000, -0.9701425001453327646 ) ) ;
#5273 =( NAMED_UNIT ( * ) SI_UNIT ( $, .STERADIAN. ) SOLID_ANGLE_UNIT ( ) );
#5274 = CARTESIAN_POINT ( 'NONE',  ( 1.285468766258513362, -4.899999999999998579, 4.318182760476708459 ) ) ;
#5275 = CARTESIAN_POINT ( 'NONE',  ( 0.7746249158164595361, -4.949999999999999289, 2.982466546866012536 ) ) ;
#5276 = CARTESIAN_POINT ( 'NONE',  ( 1.478691301326999108, -4.899999999999999467, 3.858074591018544552 ) ) ;
#5277 = CARTESIAN_POINT ( 'NONE',  ( 0.6700000000000000400, -2.449999999999990408, 4.800000000000000711 ) ) ;
#5278 = LINE ( 'NONE', #4191, #2679 ) ;
#5279 = CARTESIAN_POINT ( 'NONE',  ( -1.115690265083635335, -4.950000000000000178, 0.8358340810019976308 ) ) ;
#5280 = CARTESIAN_POINT ( 'NONE',  ( 1.565741069165648591, -4.899999999999998579, 3.641097308793078025 ) ) ;
#5281 = CARTESIAN_POINT ( 'NONE',  ( 3.020000000000000462, -1.699999999999999956, 2.299999999999985612 ) ) ;
#5282 = FILL_AREA_STYLE_COLOUR ( '', #3154 ) ;
#5283 = CARTESIAN_POINT ( 'NONE',  ( 2.770000000000000462, -1.699999999999999956, 1.800000000000000488 ) ) ;
#5284 = B_SPLINE_CURVE_WITH_KNOTS ( 'NONE', 3,
 ( #5593, #351, #5687, #2731, #3182, #4119, #6174, #324, #830, #2155, #1778, #4624, #4715, #1185, #3746, #1304, #3253, #6073, #2281 ),
 .UNSPECIFIED., .F., .F.,
 ( 4, 1, 1, 1, 1, 1, 1, 1, 1, 1, 1, 1, 1, 1, 1, 1, 4 ),
 ( 0.000000000000000000, 0.07069648334337605422, 0.1383582132030686807, 0.2033698682591695006, 0.2657002133402300292, 0.3272558681973762873, 0.3865123433292941835, 0.4458582974819492728, 0.5051731438069391178, 0.5637797628070211342, 0.6223430642934402179, 0.6808235796100187143, 0.7397951568104407238, 0.8008011629883837745, 0.8642394615769078969, 0.9306310981734546850, 1.000000000000000000 ),
 .UNSPECIFIED. ) ;
#5285 = AXIS2_PLACEMENT_3D ( 'NONE', #5277, #927, #6186 ) ;
#5286 = COLOUR_RGB ( '',1.000000000000000000, 0.8705882352941176627, 0.5254901960784313930 ) ;
#5287 = ORIENTED_EDGE ( 'NONE', *, *, #4137, .T. ) ;
#5288 = UNCERTAINTY_MEASURE_WITH_UNIT (LENGTH_MEASURE( 1.000000000000000082E-05 ), #4177, 'distance_accuracy_value', 'NONE');
#5289 = FILL_AREA_STYLE ('',( #2357 ) ) ;
#5290 =( GEOMETRIC_REPRESENTATION_CONTEXT ( 3 ) GLOBAL_UNCERTAINTY_ASSIGNED_CONTEXT ( ( #2422 ) ) GLOBAL_UNIT_ASSIGNED_CONTEXT ( ( #5571, #2733, #1217 ) ) REPRESENTATION_CONTEXT ( 'NONE', 'WORKASPACE' ) );
#5291 = CARTESIAN_POINT ( 'NONE',  ( 0.9149831813962298055, -4.900000000000001243, 3.259552181796486092 ) ) ;
#5292 = FACE_BOUND ( 'NONE', #1537, .T. ) ;
#5293 = COLOUR_RGB ( '',1.000000000000000000, 0.8705882352941176627, 0.5254901960784313930 ) ;
#5294 = EDGE_CURVE ( 'NONE', #4239, #5865, #2740, .T. ) ;
#5295 = SURFACE_STYLE_USAGE ( .BOTH. , #2846 ) ;
#5296 = VECTOR ( 'NONE', #1113, 1000.000000000000000 ) ;
#5297 = CARTESIAN_POINT ( 'NONE',  ( 1.461221543587752691, -4.950000000000000178, 3.521909976175767731 ) ) ;
#5298 = CARTESIAN_POINT ( 'NONE',  ( -0.2217773330484108241, -4.900000000000000355, 0.8223602735642838724 ) ) ;
#5299 = VECTOR ( 'NONE', #3589, 1000.000000000000000 ) ;
#5300 = CARTESIAN_POINT ( 'NONE',  ( 1.287735130544748197, -4.900000000000001243, 4.153626642570886318 ) ) ;
#5301 = ORIENTED_EDGE ( 'NONE', *, *, #4942, .F. ) ;
#5302 = ORIENTED_EDGE ( 'NONE', *, *, #6137, .T. ) ;
#5303 = CARTESIAN_POINT ( 'NONE',  ( 0.7710207649089921844, -4.950000000000000178, 2.950966528239938658 ) ) ;
#5304 = PRESENTATION_LAYER_ASSIGNMENT (  '', '', ( #2524 ) ) ;
#5305 = EDGE_CURVE ( 'NONE', #5865, #1925, #216, .T. ) ;
#5306 = EDGE_CURVE ( 'NONE', #1331, #6044, #362, .T. ) ;
#5307 = CARTESIAN_POINT ( 'NONE',  ( -1.352893657043767295, -4.900000000000001243, 1.238468448277985967 ) ) ;
#5308 = DIRECTION ( 'NONE',  ( 0.000000000000000000, 1.000000000000000000, 0.000000000000000000 ) ) ;
#5309 = VECTOR ( 'NONE', #4346, 1000.000000000000000 ) ;
#5310 = ORIENTED_EDGE ( 'NONE', *, *, #1635, .T. ) ;
#5311 = ORIENTED_EDGE ( 'NONE', *, *, #979, .T. ) ;
#5312 = CARTESIAN_POINT ( 'NONE',  ( -1.347406396559971631, -4.899999999999999467, 1.683443574461704006 ) ) ;
#5313 = LINE ( 'NONE', #2961, #911 ) ;
#5314 = FACE_OUTER_BOUND ( 'NONE', #702, .T. ) ;
#5315 = LINE ( 'NONE', #2802, #4228 ) ;
#5316 = CARTESIAN_POINT ( 'NONE',  ( 1.488110845836004170, -4.950000000000001066, 3.548699269633762032 ) ) ;
#5317 = FACE_OUTER_BOUND ( 'NONE', #4459, .T. ) ;
#5318 = EDGE_CURVE ( 'NONE', #4408, #378, #6124, .T. ) ;
#5319 = CARTESIAN_POINT ( 'NONE',  ( -0.1435003660408739334, -4.950000000000001066, 2.002444828161038082 ) ) ;
#5320 = CARTESIAN_POINT ( 'NONE',  ( -3.270000000000000462, -4.950000000000000178, 4.800000000000000711 ) ) ;
#5321 = PLANE ( 'NONE',  #811 ) ;
#5322 = EDGE_LOOP ( 'NONE', ( #1712, #4448, #5287, #4268 ) ) ;
#5323 = DIRECTION ( 'NONE',  ( -0.000000000000000000, -0.000000000000000000, 1.000000000000000000 ) ) ;
#5324 =( LENGTH_UNIT ( ) NAMED_UNIT ( * ) SI_UNIT ( .MILLI., .METRE. ) );
#5325 = CARTESIAN_POINT ( 'NONE',  ( 0.2907692307692305023, -4.900000000000000355, 2.199000000000000288 ) ) ;
#5326 = CARTESIAN_POINT ( 'NONE',  ( 1.595030640459180749, -4.950000000000001066, 3.684088414512895149 ) ) ;
#5327 = FACE_OUTER_BOUND ( 'NONE', #2386, .T. ) ;
#5328 = ORIENTED_EDGE ( 'NONE', *, *, #4126, .T. ) ;
#5329 = ORIENTED_EDGE ( 'NONE', *, *, #2088, .T. ) ;
#5330 = CARTESIAN_POINT ( 'NONE',  ( 1.334016202832106535, -4.950000000000001954, 3.643426090898437497 ) ) ;
#5331 = DIRECTION ( 'NONE',  ( 0.9653633930282671249, 0.000000000000000000, -0.2609090251427715890 ) ) ;
#5332 = CARTESIAN_POINT ( 'NONE',  ( -1.154119681536445619, -4.900000000000000355, 1.301316311214139931 ) ) ;
#5333 = CARTESIAN_POINT ( 'NONE',  ( 1.285468766258513362, -4.949999999999998401, 4.318182760476708459 ) ) ;
#5334 = CARTESIAN_POINT ( 'NONE',  ( -0.7136952136968969240, -4.950000000000001066, 0.6805295155153724407 ) ) ;
#5335 = EDGE_LOOP ( 'NONE', ( #3144, #1943, #751, #3241 ) ) ;
#5336 = MECHANICAL_DESIGN_GEOMETRIC_PRESENTATION_REPRESENTATION (  '', ( #1756 ), #34 ) ;
#5337 = EDGE_CURVE ( 'NONE', #1489, #5919, #6243, .T. ) ;
#5338 = VERTEX_POINT ( 'NONE', #5823 ) ;
#5339 = PRESENTATION_STYLE_ASSIGNMENT (( #483 ) ) ;
#5340 = CARTESIAN_POINT ( 'NONE',  ( -1.869999999999999440, -6.449999999999990408, 6.801000000000001933 ) ) ;
#5341 = PRESENTATION_LAYER_ASSIGNMENT (  '', '', ( #1759 ) ) ;
#5342 = PLANE ( 'NONE',  #298 ) ;
#5343 = FACE_OUTER_BOUND ( 'NONE', #4835, .T. ) ;
#5344 = MECHANICAL_DESIGN_GEOMETRIC_PRESENTATION_REPRESENTATION (  '', ( #652 ), #5033 ) ;
#5345 = CARTESIAN_POINT ( 'NONE',  ( 3.269999999999999130, -4.950000000000000178, -0.001000000000000024307 ) ) ;
#5346 = CARTESIAN_POINT ( 'NONE',  ( -1.241337713037318657, -4.949999999999999289, 0.9748699444154249605 ) ) ;
#5347 = LINE ( 'NONE', #11, #3761 ) ;
#5348 = ORIENTED_EDGE ( 'NONE', *, *, #842, .F. ) ;
#5349 = MECHANICAL_DESIGN_GEOMETRIC_PRESENTATION_REPRESENTATION (  '', ( #1763 ), #40 ) ;
#5350 = EDGE_CURVE ( 'NONE', #4620, #4914, #4891, .T. ) ;
#5351 = STYLED_ITEM ( 'NONE', ( #3525 ), #5455 ) ;
#5352 = UNCERTAINTY_MEASURE_WITH_UNIT (LENGTH_MEASURE( 1.000000000000000082E-05 ), #3404, 'distance_accuracy_value', 'NONE');
#5353 = CARTESIAN_POINT ( 'NONE',  ( 0.9685128205128203938, -4.950000000000000178, 3.906179487179486820 ) ) ;
#5354 = DIRECTION ( 'NONE',  ( -0.000000000000000000, -0.000000000000000000, 1.000000000000000000 ) ) ;
#5355 = PRESENTATION_LAYER_ASSIGNMENT (  '', '', ( #256 ) ) ;
#5356 = SURFACE_SIDE_STYLE ('',( #5897 ) ) ;
#5357 = ORIENTED_EDGE ( 'NONE', *, *, #5583, .F. ) ;
#5358 = VECTOR ( 'NONE', #1388, 999.9999999999998863 ) ;
#5359 = DIRECTION ( 'NONE',  ( 0.000000000000000000, 0.000000000000000000, 1.000000000000000000 ) ) ;
#5360 = DIRECTION ( 'NONE',  ( -0.000000000000000000, 1.000000000000000000, 0.000000000000000000 ) ) ;
#5361 = SURFACE_STYLE_USAGE ( .BOTH. , #5143 ) ;
#5362 = CARTESIAN_POINT ( 'NONE',  ( -1.070000000000001172, -3.910000000000001030, -3.850000000000000089 ) ) ;
#5363 = PRESENTATION_STYLE_ASSIGNMENT (( #3388 ) ) ;
#5364 = COLOUR_RGB ( '',1.000000000000000000, 1.000000000000000000, 1.000000000000000000 ) ;
#5365 = EDGE_LOOP ( 'NONE', ( #2819, #5423, #341, #676 ) ) ;
#5366 = VERTEX_POINT ( 'NONE', #3436 ) ;
#5367 = CARTESIAN_POINT ( 'NONE',  ( 1.334016202832106535, -4.899999999999999467, 3.643426090898437497 ) ) ;
#5368 = VECTOR ( 'NONE', #6189, 1000.000000000000114 ) ;
#5369 = CARTESIAN_POINT ( 'NONE',  ( -3.270000000000000462, -4.950000000000000178, 6.799999999999995381 ) ) ;
#5370 = CARTESIAN_POINT ( 'NONE',  ( 1.101620746622228975, -4.950000000000001066, 4.305401092292759913 ) ) ;
#5371 = LINE ( 'NONE', #984, #3299 ) ;
#5372 = VERTEX_POINT ( 'NONE', #457 ) ;
#5373 = ORIENTED_EDGE ( 'NONE', *, *, #5067, .F. ) ;
#5374 = CARTESIAN_POINT ( 'NONE',  ( -0.1623076923076927081, -4.900000000000000355, 1.448098557692307775 ) ) ;
#5375 = CARTESIAN_POINT ( 'NONE',  ( 3.269999999999999130, -4.950000000000000178, -0.001000000000000024307 ) ) ;
#5376 = CARTESIAN_POINT ( 'NONE',  ( 0.0007855292848925844382, -4.950000000000001954, 1.754446597601494018 ) ) ;
#5377 = CARTESIAN_POINT ( 'NONE',  ( 0.04821598553768939588, -4.900000000000001243, 1.501138863908449528 ) ) ;
#5378 = EDGE_CURVE ( 'NONE', #2026, #3695, #520, .T. ) ;
#5379 = CARTESIAN_POINT ( 'NONE',  ( -0.9961878421483516544, -4.950000000000000178, 0.7567505720810479009 ) ) ;
#5380 = LINE ( 'NONE', #2930, #6219 ) ;
#5381 = ORIENTED_EDGE ( 'NONE', *, *, #896, .F. ) ;
#5382 =( NAMED_UNIT ( * ) PLANE_ANGLE_UNIT ( ) SI_UNIT ( $, .RADIAN. ) );
#5383 = UNCERTAINTY_MEASURE_WITH_UNIT (LENGTH_MEASURE( 1.000000000000000082E-05 ), #4897, 'distance_accuracy_value', 'NONE');
#5384 = B_SPLINE_CURVE_WITH_KNOTS ( 'NONE', 3,
 ( #2634, #5537, #2156, #6075, #4093, #2536, #3025, #3648, #5594, #2661, #1152, #261, #2188, #1126, #3542, #4499, #6046, #4155, #5503 ),
 .UNSPECIFIED., .F., .F.,
 ( 4, 1, 1, 1, 1, 1, 1, 1, 1, 1, 1, 1, 1, 1, 1, 1, 4 ),
 ( 0.000000000000000000, 0.06176215676807148003, 0.1211739926536282708, 0.1794214068253162375, 0.2368434346502754639, 0.2943217954133968695, 0.3531909627945242214, 0.4127207064163240235, 0.4745221507037173381, 0.5370567441421355559, 0.5995913375805559387, 0.6623669793543054407, 0.7252456446794917078, 0.7903164461250807848, 0.8577243009540925778, 0.9272319523784923190, 1.000000000000000000 ),
 .UNSPECIFIED. ) ;
#5385 = CARTESIAN_POINT ( 'NONE',  ( -0.01665162120881905072, -4.950000000000000178, 1.800797864289751749 ) ) ;
#5386 = ADVANCED_FACE ( 'NONE', ( #5343 ), #3471, .F. ) ;
#5387 = DIRECTION ( 'NONE',  ( 1.000000000000000000, 0.000000000000000000, 0.000000000000000000 ) ) ;
#5388 = EDGE_LOOP ( 'NONE', ( #5486, #5100, #1053, #5106 ) ) ;
#5389 = CARTESIAN_POINT ( 'NONE',  ( 1.280091346153845677, -4.900000000000000355, 3.358182692307691841 ) ) ;
#5390 = CARTESIAN_POINT ( 'NONE',  ( 1.233076923076922737, -4.900000000000000355, 2.199000000000000288 ) ) ;
#5391 = LINE ( 'NONE', #5783, #6121 ) ;
#5392 = VECTOR ( 'NONE', #4987, 1000.000000000000000 ) ;
#5393 = VERTEX_POINT ( 'NONE', #4314 ) ;
#5394 = LINE ( 'NONE', #6326, #1721 ) ;
#5395 = CARTESIAN_POINT ( 'NONE',  ( 1.069999999999998730, 3.910000000000000142, -3.850000000000000089 ) ) ;
#5396 = VECTOR ( 'NONE', #2784, 1000.000000000000000 ) ;
#5397 = CARTESIAN_POINT ( 'NONE',  ( -0.06548377986032428988, -4.900000000000000355, 0.9985958883864456404 ) ) ;
#5398 = MECHANICAL_DESIGN_GEOMETRIC_PRESENTATION_REPRESENTATION (  '', ( #4677 ), #705 ) ;
#5399 = CARTESIAN_POINT ( 'NONE',  ( -1.054275035924330917, -4.899999999999999467, 1.046088179542357111 ) ) ;
#5400 = CARTESIAN_POINT ( 'NONE',  ( 1.668512820512820349, -4.950000000000001066, 3.932541666666667712 ) ) ;
#5401 = B_SPLINE_CURVE_WITH_KNOTS ( 'NONE', 3,
 ( #1814, #891, #1845, #3344, #5312, #1313, #2346, #4215, #5695, #5794, #4758, #2763, #451, #4789, #4311, #3779, #6213, #3259, #420 ),
 .UNSPECIFIED., .F., .F.,
 ( 4, 1, 1, 1, 1, 1, 1, 1, 1, 1, 1, 1, 1, 1, 1, 1, 4 ),
 ( 0.000000000000000000, 0.07522634669089893478, 0.1465747215268523029, 0.2145002518264755020, 0.2795299716530229017, 0.3424029515883815211, 0.4034960527288083409, 0.4637616065030393808, 0.5238643590795867278, 0.5832517242549666303, 0.6413020392831351169, 0.6988977748564887404, 0.7562952438113087483, 0.8146278048129691474, 0.8743247683399979486, 0.9357832838625451677, 1.000000000000000000 ),
 .UNSPECIFIED. ) ;
#5402 = AXIS2_PLACEMENT_3D ( 'NONE', #344, #5204, #3763 ) ;
#5403 = ORIENTED_EDGE ( 'NONE', *, *, #3328, .F. ) ;
#5404 = ORIENTED_EDGE ( 'NONE', *, *, #4942, .T. ) ;
#5405 =( GEOMETRIC_REPRESENTATION_CONTEXT ( 3 ) GLOBAL_UNCERTAINTY_ASSIGNED_CONTEXT ( ( #5383 ) ) GLOBAL_UNIT_ASSIGNED_CONTEXT ( ( #4897, #2512, #4863 ) ) REPRESENTATION_CONTEXT ( 'NONE', 'WORKASPACE' ) );
#5406 = CARTESIAN_POINT ( 'NONE',  ( -0.9700000000000008615, -3.910000000000001030, -3.850000000000000089 ) ) ;
#5407 = MECHANICAL_DESIGN_GEOMETRIC_PRESENTATION_REPRESENTATION (  '', ( #815 ), #92 ) ;
#5408 = CARTESIAN_POINT ( 'NONE',  ( -0.1766881749987716244, -4.950000000000001066, 2.035261450661260962 ) ) ;
#5409 = PRESENTATION_STYLE_ASSIGNMENT (( #1977 ) ) ;
#5410 = CARTESIAN_POINT ( 'NONE',  ( -1.281538461538461959, -4.950000000000000178, 4.009945512820512370 ) ) ;
#5411 = CARTESIAN_POINT ( 'NONE',  ( 1.060925081786316060, -4.899999999999999467, 4.294515096242623287 ) ) ;
#5412 = ORIENTED_EDGE ( 'NONE', *, *, #5793, .T. ) ;
#5413 = FACE_OUTER_BOUND ( 'NONE', #5791, .T. ) ;
#5414 = CARTESIAN_POINT ( 'NONE',  ( 1.870000000000000551, -6.449999999999990408, 6.801000000000001933 ) ) ;
#5415 = LINE ( 'NONE', #495, #1959 ) ;
#5416 = ORIENTED_EDGE ( 'NONE', *, *, #3226, .T. ) ;
#5417 = EDGE_CURVE ( 'NONE', #470, #2026, #2853, .T. ) ;
#5418 = ADVANCED_FACE ( 'NONE', ( #4385 ), #2635, .T. ) ;
#5419 = CARTESIAN_POINT ( 'NONE',  ( -1.276156937761283805, -4.899999999999999467, 4.225479639996300385 ) ) ;
#5420 = CARTESIAN_POINT ( 'NONE',  ( 0.5023076923076921219, -4.950000000000000178, 1.818290865384615707 ) ) ;
#5421 = CARTESIAN_POINT ( 'NONE',  ( 0.6700000000000007061, -6.449999999999990408, 6.801000000000001933 ) ) ;
#5422 = DIRECTION ( 'NONE',  ( 1.000000000000000000, 1.807003620809174878E-16, -0.000000000000000000 ) ) ;
#5423 = ORIENTED_EDGE ( 'NONE', *, *, #3847, .F. ) ;
#5424 = EDGE_CURVE ( 'NONE', #2337, #4188, #19, .T. ) ;
#5425 = CARTESIAN_POINT ( 'NONE',  ( -3.020000000000000906, 1.700000000000000178, 2.299999999999985612 ) ) ;
#5426 = FILL_AREA_STYLE ('',( #5910 ) ) ;
#5427 = CARTESIAN_POINT ( 'NONE',  ( -0.3008242160522390796, -4.949999999999998401, 0.7709358389776591602 ) ) ;
#5428 = CARTESIAN_POINT ( 'NONE',  ( -1.161983519640226392, -4.899999999999999467, 1.405108640495238426 ) ) ;
#5429 =( LENGTH_UNIT ( ) NAMED_UNIT ( * ) SI_UNIT ( .MILLI., .METRE. ) );
#5430 = CARTESIAN_POINT ( 'NONE',  ( 1.398321987348494666, -4.950000000000001066, 3.461864912571554154 ) ) ;
#5431 = CARTESIAN_POINT ( 'NONE',  ( -1.078050254835857702, -4.950000000000001066, 0.8069032235124634633 ) ) ;
#5432 = VERTEX_POINT ( 'NONE', #4482 ) ;
#5433 = ORIENTED_EDGE ( 'NONE', *, *, #5306, .T. ) ;
#5434 = EDGE_CURVE ( 'NONE', #49, #1785, #3420, .T. ) ;
#5435 = FACE_OUTER_BOUND ( 'NONE', #1971, .T. ) ;
#5436 = CARTESIAN_POINT ( 'NONE',  ( 1.488448416922539375, -4.900000000000000355, 3.954163832566307768 ) ) ;
#5437 =( NAMED_UNIT ( * ) SI_UNIT ( $, .STERADIAN. ) SOLID_ANGLE_UNIT ( ) );
#5438 = SURFACE_SIDE_STYLE ('',( #131 ) ) ;
#5439 = CARTESIAN_POINT ( 'NONE',  ( -1.297449009266726128, -4.900000000000000355, 1.828965873934041086 ) ) ;
#5440 = COLOUR_RGB ( '',1.000000000000000000, 0.8705882352941176627, 0.5254901960784313930 ) ;
#5441 = CARTESIAN_POINT ( 'NONE',  ( 0.9699999999999993072, 3.910000000000000142, -0.001000000000000132727 ) ) ;
#5442 = ORIENTED_EDGE ( 'NONE', *, *, #3698, .T. ) ;
#5443 = CARTESIAN_POINT ( 'NONE',  ( -1.162307692307692708, -4.900000000000000355, 1.426764423076923416 ) ) ;
#5444 = CARTESIAN_POINT ( 'NONE',  ( -1.870000000000000107, -3.448749999999990212, 8.001000000000001222 ) ) ;
#5445 = STYLED_ITEM ( 'NONE', ( #1242 ), #1285 ) ;
#5446 = DIRECTION ( 'NONE',  ( 1.000000000000000000, 0.000000000000000000, 0.000000000000000000 ) ) ;
#5447 = COLOUR_RGB ( '',1.000000000000000000, 0.8705882352941176627, 0.5254901960784313930 ) ;
#5448 = DIRECTION ( 'NONE',  ( 0.000000000000000000, 1.000000000000000000, 0.000000000000000000 ) ) ;
#5449 = ORIENTED_EDGE ( 'NONE', *, *, #709, .T. ) ;
#5450 = CARTESIAN_POINT ( 'NONE',  ( 0.8079006094928048443, -4.899999999999997691, 3.093318998371475725 ) ) ;
#5452 = FILL_AREA_STYLE_COLOUR ( '', #1668 ) ;
#5451 = PRESENTATION_LAYER_ASSIGNMENT (  '', '', ( #141 ) ) ;
#5453 = PLANE ( 'NONE',  #2383 ) ;
#5454 = CARTESIAN_POINT ( 'NONE',  ( 0.6700000000000007061, -4.948749999999994209, 6.801000000000001933 ) ) ;
#5455 = ADVANCED_FACE ( 'NONE', ( #886 ), #6238, .F. ) ;
#5456 = LINE ( 'NONE', #1075, #2780 ) ;
#5457 = VECTOR ( 'NONE', #2335, 1000.000000000000000 ) ;
#5458 = ORIENTED_EDGE ( 'NONE', *, *, #6207, .F. ) ;
#5459 = CARTESIAN_POINT ( 'NONE',  ( 1.651006270781631091, -4.899999999999998579, 3.808475985912895823 ) ) ;
#5460 = DIRECTION ( 'NONE',  ( 0.000000000000000000, -1.000000000000000000, 0.000000000000000000 ) ) ;
#5461 = CARTESIAN_POINT ( 'NONE',  ( -1.870000000000000107, -2.449999999999990408, 8.800000000000000711 ) ) ;
#5462 = CARTESIAN_POINT ( 'NONE',  ( -0.5207357245509121046, -4.950000000000001066, 0.6922667053988554864 ) ) ;
#5463 = CARTESIAN_POINT ( 'NONE',  ( -1.297449009266726128, -4.950000000000000178, 1.828965873934041086 ) ) ;
#5464 = EDGE_CURVE ( 'NONE', #1993, #4338, #2018, .T. ) ;
#5465 = CARTESIAN_POINT ( 'NONE',  ( 0.000000000000000000, 4.450000000000001066, 8.800000000000000711 ) ) ;
#5466 = CARTESIAN_POINT ( 'NONE',  ( 1.668512820512820349, -4.950000000000001066, 3.932541666666667712 ) ) ;
#5467 = CARTESIAN_POINT ( 'NONE',  ( -1.352893657043767295, -4.900000000000001243, 1.238468448277985967 ) ) ;
#5468 = ORIENTED_EDGE ( 'NONE', *, *, #6085, .T. ) ;
#5469 = VERTEX_POINT ( 'NONE', #4449 ) ;
#5470 = COLOUR_RGB ( '',1.000000000000000000, 1.000000000000000000, 1.000000000000000000 ) ;
#5471 = FACE_OUTER_BOUND ( 'NONE', #2498, .T. ) ;
#5472 = CARTESIAN_POINT ( 'NONE',  ( -1.434405334225934636, -4.950000000000000178, 3.891661015591274531 ) ) ;
#5473 = DIRECTION ( 'NONE',  ( 0.000000000000000000, -1.000000000000000000, 0.000000000000000000 ) ) ;
#5474 = ORIENTED_EDGE ( 'NONE', *, *, #6096, .T. ) ;
#5475 = CARTESIAN_POINT ( 'NONE',  ( 0.9685128205128203938, -4.900000000000000355, 3.906179487179486820 ) ) ;
#5476 = CARTESIAN_POINT ( 'NONE',  ( -0.4590329443928453101, -4.899999999999999467, 2.003672123932434435 ) ) ;
#5477 = B_SPLINE_SURFACE_WITH_KNOTS ( 'NONE', 3, 1, ( 
 ( #336, #2295 ),
 ( #3843, #427 ),
 ( #4254, #5259 ),
 ( #2264, #1886 ),
 ( #2353, #4322 ),
 ( #6251, #5801 ),
 ( #4225, #934 ),
 ( #1408, #4829 ),
 ( #6223, #3786 ),
 ( #1344, #1854 ),
 ( #3236, #465 ),
 ( #3733, #6194 ),
 ( #871, #2806 ),
 ( #2387, #6160 ),
 ( #1762, #3758 ),
 ( #4766, #397 ),
 ( #4003, #5926 ),
 ( #2421, #588 ),
 ( #5475, #5353 ) ),
 .UNSPECIFIED., .F., .F., .F.,
 ( 4, 1, 1, 1, 1, 1, 1, 1, 1, 1, 1, 1, 1, 1, 1, 1, 4 ),
 ( 2, 2 ),
 ( 0.000000000000000000, 0.07069648334337605422, 0.1383582132030686807, 0.2033698682591695006, 0.2657002133402300292, 0.3272558681973762873, 0.3865123433292941835, 0.4458582974819492728, 0.5051731438069391178, 0.5637797628070211342, 0.6223430642934402179, 0.6808235796100187143, 0.7397951568104407238, 0.8008011629883837745, 0.8642394615769078969, 0.9306310981734546850, 1.000000000000000000 ),
 ( 0.000000000000000000, 1.000000000000000000 ),
 .UNSPECIFIED. ) ;
#5478 = CARTESIAN_POINT ( 'NONE',  ( 1.022735256371622548, -4.900000000000000355, 4.280167350164756357 ) ) ;
#5479 = DIRECTION ( 'NONE',  ( 1.000000000000000000, -0.000000000000000000, 0.000000000000000000 ) ) ;
#5480 = CARTESIAN_POINT ( 'NONE',  ( -1.604615384615384999, -4.900000000000000355, 3.968999999999999417 ) ) ;
#5481 = ORIENTED_EDGE ( 'NONE', *, *, #3976, .F. ) ;
#5482 = FILL_AREA_STYLE_COLOUR ( '', #140 ) ;
#5483 = SURFACE_STYLE_FILL_AREA ( #1536 ) ;
#5484 = PLANE ( 'NONE',  #3216 ) ;
#5485 = FACE_OUTER_BOUND ( 'NONE', #5261, .T. ) ;
#5486 = ORIENTED_EDGE ( 'NONE', *, *, #3022, .T. ) ;
#5487 = CARTESIAN_POINT ( 'NONE',  ( 1.431693357894830987, -4.900000000000003020, 3.492618653730502398 ) ) ;
#5488 = CARTESIAN_POINT ( 'NONE',  ( -1.070000000000001172, 3.910000000000000142, -3.850000000000000089 ) ) ;
#5489 = LINE ( 'NONE', #154, #2313 ) ;
#5490 = EDGE_CURVE ( 'NONE', #4990, #3718, #3308, .T. ) ;
#5491 = CARTESIAN_POINT ( 'NONE',  ( -0.3008242160522390796, -4.899999999999999467, 0.7709358389776591602 ) ) ;
#5492 = CARTESIAN_POINT ( 'NONE',  ( 0.04830076637220709346, -4.950000000000001954, 1.391139720170956329 ) ) ;
#5493 = PRESENTATION_STYLE_ASSIGNMENT (( #124 ) ) ;
#5494 = STYLED_ITEM ( 'NONE', ( #2190 ), #4648 ) ;
#5495 = FILL_AREA_STYLE_COLOUR ( '', #1208 ) ;
#5496 = ORIENTED_EDGE ( 'NONE', *, *, #3577, .F. ) ;
#5497 = STYLED_ITEM ( 'NONE', ( #421 ), #5887 ) ;
#5498 = ORIENTED_EDGE ( 'NONE', *, *, #2432, .T. ) ;
#5499 = COLOUR_RGB ( '',1.000000000000000000, 1.000000000000000000, 1.000000000000000000 ) ;
#5500 = EDGE_CURVE ( 'NONE', #1785, #2719, #532, .T. ) ;
#5501 = EDGE_CURVE ( 'NONE', #6013, #1689, #4143, .T. ) ;
#5502 = AXIS2_PLACEMENT_3D ( 'NONE', #195, #2477, #5985 ) ;
#5503 = CARTESIAN_POINT ( 'NONE',  ( 1.233817307692307352, -4.950000000000000178, 4.157461538461538098 ) ) ;
#5504 = CARTESIAN_POINT ( 'NONE',  ( -0.8600682525946894419, -4.949999999999999289, 0.8904941313878286246 ) ) ;
#5505 = DIRECTION ( 'NONE',  ( -0.000000000000000000, -0.000000000000000000, 1.000000000000000000 ) ) ;
#5506 = CARTESIAN_POINT ( 'NONE',  ( 1.237743589743589334, -4.900000000000000355, 4.318999999999999950 ) ) ;
#5507 = PRESENTATION_LAYER_ASSIGNMENT (  '', '', ( #4682 ) ) ;
#5508 = CARTESIAN_POINT ( 'NONE',  ( -1.263500239897594968, -4.949999999999999289, 1.894485640069700549 ) ) ;
#5509 = FILL_AREA_STYLE ('',( #234 ) ) ;
#5510 = VECTOR ( 'NONE', #1123, 1000.000000000000000 ) ;
#5511 = CARTESIAN_POINT ( 'NONE',  ( -0.4902188309914858322, -4.900000000000000355, 2.016812162577814149 ) ) ;
#5512 = ORIENTED_EDGE ( 'NONE', *, *, #1581, .T. ) ;
#5513 = EDGE_CURVE ( 'NONE', #4569, #1714, #4549, .T. ) ;
#5514 = MECHANICAL_DESIGN_GEOMETRIC_PRESENTATION_REPRESENTATION (  '', ( #3045 ), #1121 ) ;
#5515 = CARTESIAN_POINT ( 'NONE',  ( 1.012969826856976008, -4.900000000000000355, 3.113801977870066739 ) ) ;
#5516 = LINE ( 'NONE', #624, #5299 ) ;
#5517 = LINE ( 'NONE', #1134, #1402 ) ;
#5518 = CARTESIAN_POINT ( 'NONE',  ( 0.8158265295311238896, -4.900000000000002132, 4.055280087984814763 ) ) ;
#5519 = SURFACE_STYLE_FILL_AREA ( #1197 ) ;
#5520 = PRESENTATION_STYLE_ASSIGNMENT (( #2680 ) ) ;
#5521 = ORIENTED_EDGE ( 'NONE', *, *, #700, .T. ) ;
#5522 = EDGE_CURVE ( 'NONE', #3490, #1311, #1228, .T. ) ;
#5523 = FILL_AREA_STYLE ('',( #276 ) ) ;
#5524 = CARTESIAN_POINT ( 'NONE',  ( -1.050555159036228092, -4.949999999999996625, 1.864617271804272836 ) ) ;
#5525 = DIRECTION ( 'NONE',  ( 0.000000000000000000, 0.6246950475544236214, -0.7808688094430309423 ) ) ;
#5526 = ORIENTED_EDGE ( 'NONE', *, *, #5294, .T. ) ;
#5527 = CARTESIAN_POINT ( 'NONE',  ( 0.6700000000000002620, -3.649999999999990141, 8.001000000000001222 ) ) ;
#5528 = CARTESIAN_POINT ( 'NONE',  ( 0.6700000000000000400, -2.449999999999990408, 8.001000000000001222 ) ) ;
#5529 =( LENGTH_UNIT ( ) NAMED_UNIT ( * ) SI_UNIT ( .MILLI., .METRE. ) );
#5530 = SURFACE_STYLE_USAGE ( .BOTH. , #1742 ) ;
#5531 =( NAMED_UNIT ( * ) PLANE_ANGLE_UNIT ( ) SI_UNIT ( $, .RADIAN. ) );
#5532 = CARTESIAN_POINT ( 'NONE',  ( -0.9473121412021519028, -4.950000000000001066, 2.167288308334214708 ) ) ;
#5533 = CARTESIAN_POINT ( 'NONE',  ( -1.038087001095573170, -4.900000000000000355, 0.7804983013033462980 ) ) ;
#5534 = VERTEX_POINT ( 'NONE', #2143 ) ;
#5535 = VERTEX_POINT ( 'NONE', #1701 ) ;
#5536 = CARTESIAN_POINT ( 'NONE',  ( -1.475528833936127882, -4.950000000000001066, 4.042636362067711708 ) ) ;
#5537 = CARTESIAN_POINT ( 'NONE',  ( 1.488830760977827739, -4.950000000000001066, 3.938727065551497653 ) ) ;
#5538 = CARTESIAN_POINT ( 'NONE',  ( 0.04888965450882545166, -4.950000000000001066, 1.464930426956593701 ) ) ;
#5539 = CYLINDRICAL_SURFACE ( 'NONE', #192, 0.5000000000000004441 ) ;
#5540 = FILL_AREA_STYLE_COLOUR ( '', #3334 ) ;
#5541 = CARTESIAN_POINT ( 'NONE',  ( -1.222507036003868119, -4.900000000000002132, 1.954489237451109807 ) ) ;
#5542 = EDGE_CURVE ( 'NONE', #4402, #730, #4612, .T. ) ;
#5543 = PRESENTATION_STYLE_ASSIGNMENT (( #2570 ) ) ;
#5544 = CARTESIAN_POINT ( 'NONE',  ( -0.1857799456033984165, -4.950000000000000178, 1.655220012804757834 ) ) ;
#5545 = CARTESIAN_POINT ( 'NONE',  ( 1.068754943409445213, -4.899999999999999467, 3.178520037782412544 ) ) ;
#5546 = CARTESIAN_POINT ( 'NONE',  ( -0.1624354135753516559, -4.900000000000000355, 1.462929136100723948 ) ) ;
#5547 = FACE_BOUND ( 'NONE', #4042, .T. ) ;
#5548 = EDGE_CURVE ( 'NONE', #5712, #4527, #6061, .T. ) ;
#5549 = CARTESIAN_POINT ( 'NONE',  ( -0.1700581896817736360, -4.900000000000001243, 1.314730799022110430 ) ) ;
#5550 = ORIENTED_EDGE ( 'NONE', *, *, #5305, .F. ) ;
#5551 = ORIENTED_EDGE ( 'NONE', *, *, #1380, .T. ) ;
#5552 = VECTOR ( 'NONE', #2200, 1000.000000000000000 ) ;
#5553 = CARTESIAN_POINT ( 'NONE',  ( -0.5611197763822022289, -4.900000000000000355, 2.212879541608050449 ) ) ;
#5554 = CARTESIAN_POINT ( 'NONE',  ( -1.570000000000000950, 3.709999999999999964, -3.850000000000000089 ) ) ;
#5555 = VECTOR ( 'NONE', #4481, 1000.000000000000000 ) ;
#5556 = UNCERTAINTY_MEASURE_WITH_UNIT (LENGTH_MEASURE( 1.000000000000000082E-05 ), #2849, 'distance_accuracy_value', 'NONE');
#5557 = ORIENTED_EDGE ( 'NONE', *, *, #1572, .T. ) ;
#5558 = COLOUR_RGB ( '',1.000000000000000000, 1.000000000000000000, 1.000000000000000000 ) ;
#5559 = DIRECTION ( 'NONE',  ( 0.000000000000000000, 0.000000000000000000, -1.000000000000000000 ) ) ;
#5560 =( LENGTH_UNIT ( ) NAMED_UNIT ( * ) SI_UNIT ( .MILLI., .METRE. ) );
#5561 = CARTESIAN_POINT ( 'NONE',  ( 0.03677628605789357019, -4.949999999999999289, 1.283912960790513758 ) ) ;
#5562 = COLOUR_RGB ( '',1.000000000000000000, 0.8705882352941176627, 0.5254901960784313930 ) ;
#5563 = CARTESIAN_POINT ( 'NONE',  ( 1.233076923076922737, -4.900000000000000355, 1.079709134615384647 ) ) ;
#5564 = STYLED_ITEM ( 'NONE', ( #6306 ), #2745 ) ;
#5565 = CARTESIAN_POINT ( 'NONE',  ( -1.326072059756735033, -4.900000000000000355, 1.146827919058313716 ) ) ;
#5566 = ORIENTED_EDGE ( 'NONE', *, *, #3855, .T. ) ;
#5567 = ORIENTED_EDGE ( 'NONE', *, *, #468, .T. ) ;
#5568 = CARTESIAN_POINT ( 'NONE',  ( -0.3862377479396150726, -4.900000000000001243, 0.7310299466340782759 ) ) ;
#5569 = VECTOR ( 'NONE', #5149, 1000.000000000000000 ) ;
#5570 = DIRECTION ( 'NONE',  ( 1.000000000000000000, 0.000000000000000000, 0.000000000000000000 ) ) ;
#5571 =( LENGTH_UNIT ( ) NAMED_UNIT ( * ) SI_UNIT ( .MILLI., .METRE. ) );
#5572 = SURFACE_SIDE_STYLE ('',( #707 ) ) ;
#5573 = ORIENTED_EDGE ( 'NONE', *, *, #28, .F. ) ;
#5574 = COLOUR_RGB ( '',1.000000000000000000, 1.000000000000000000, 1.000000000000000000 ) ;
#5575 = CARTESIAN_POINT ( 'NONE',  ( -1.604615384615384999, -4.950000000000000178, 3.803535256410256249 ) ) ;
#5576 = SURFACE_SIDE_STYLE ('',( #4571 ) ) ;
#5577 = ADVANCED_FACE ( 'NONE', ( #5613 ), #1176, .T. ) ;
#5578 = CARTESIAN_POINT ( 'NONE',  ( 0.8495156368917540224, -4.950000000000001066, 4.129126693963808492 ) ) ;
#5579 = CARTESIAN_POINT ( 'NONE',  ( 1.024303284362355404, -4.950000000000001066, 4.073603686376193522 ) ) ;
#5580 = SURFACE_STYLE_USAGE ( .BOTH. , #2644 ) ;
#5581 = ORIENTED_EDGE ( 'NONE', *, *, #3233, .F. ) ;
#5582 = CARTESIAN_POINT ( 'NONE',  ( -0.6614062500000003064, -4.900000000000000355, 2.218230769230769006 ) ) ;
#5583 = EDGE_CURVE ( 'NONE', #1203, #2979, #1856, .T. ) ;
#5584 = PRESENTATION_STYLE_ASSIGNMENT (( #5030 ) ) ;
#5585 = B_SPLINE_SURFACE_WITH_KNOTS ( 'NONE', 3, 1, ( 
 ( #5757, #294 ),
 ( #2312, #6181 ),
 ( #3257, #4246 ),
 ( #1809, #5275 ),
 ( #2736, #355 ),
 ( #2762, #5150 ),
 ( #4719, #3749 ) ),
 .UNSPECIFIED., .F., .F., .F.,
 ( 4, 1, 1, 1, 4 ),
 ( 2, 2 ),
 ( 0.000000000000000000, 0.2526433275832366543, 0.5044398525799894673, 0.7504068042814572292, 1.000000000000000000 ),
 ( 0.000000000000000000, 1.000000000000000000 ),
 .UNSPECIFIED. ) ;
#5586 = ORIENTED_EDGE ( 'NONE', *, *, #2213, .F. ) ;
#5587 = DIRECTION ( 'NONE',  ( 1.000000000000000000, 1.807003620809174878E-16, -0.000000000000000000 ) ) ;
#5588 = CARTESIAN_POINT ( 'NONE',  ( -0.000000000000000000, -3.149999999999984368, 4.801000000000000156 ) ) ;
#5589 = CARTESIAN_POINT ( 'NONE',  ( -1.281538461538461959, -4.950000000000000178, 2.918999999999999595 ) ) ;
#5590 = CARTESIAN_POINT ( 'NONE',  ( -1.176133276256839943, -4.950000000000001066, 2.009547861341816066 ) ) ;
#5591 = EDGE_LOOP ( 'NONE', ( #4302, #5151, #729, #2039, #544, #328 ) ) ;
#5592 = ORIENTED_EDGE ( 'NONE', *, *, #1424, .T. ) ;
#5593 = CARTESIAN_POINT ( 'NONE',  ( 1.233817307692307352, -4.900000000000000355, 4.157461538461538098 ) ) ;
#5594 = CARTESIAN_POINT ( 'NONE',  ( 1.435002611223113789, -4.950000000000000178, 4.075492053146962945 ) ) ;
#5595 = SURFACE_SIDE_STYLE ('',( #6110 ) ) ;
#5596 = SURFACE_STYLE_USAGE ( .BOTH. , #6049 ) ;
#5597 =( NAMED_UNIT ( * ) SI_UNIT ( $, .STERADIAN. ) SOLID_ANGLE_UNIT ( ) );
#5598 = MECHANICAL_DESIGN_GEOMETRIC_PRESENTATION_REPRESENTATION (  '', ( #5497 ), #1108 ) ;
#5599 = DIRECTION ( 'NONE',  ( 1.000000000000000000, 0.000000000000000000, 0.000000000000000000 ) ) ;
#5600 = ORIENTED_EDGE ( 'NONE', *, *, #3811, .F. ) ;
#5601 = STYLED_ITEM ( 'NONE', ( #5543 ), #4558 ) ;
#5602 = CARTESIAN_POINT ( 'NONE',  ( -1.349662835571068253, -4.900000000000002132, 3.949947488484733427 ) ) ;
#5603 = PRESENTATION_LAYER_ASSIGNMENT (  '', '', ( #2513 ) ) ;
#5604 = VECTOR ( 'NONE', #731, 1000.000000000000000 ) ;
#5605 = FACE_OUTER_BOUND ( 'NONE', #2757, .T. ) ;
#5606 = CARTESIAN_POINT ( 'NONE',  ( -0.6700000000000000400, -2.449999999999989519, 8.800000000000000711 ) ) ;
#5607 = DIRECTION ( 'NONE',  ( 1.000000000000000000, -0.000000000000000000, 0.000000000000000000 ) ) ;
#5608 = CARTESIAN_POINT ( 'NONE',  ( 0.9685128205128203938, -4.950000000000000178, 3.906179487179486820 ) ) ;
#5609 = CARTESIAN_POINT ( 'NONE',  ( -0.5591036786836696137, -4.899999999999999467, 0.8614911973693710756 ) ) ;
#5610 = CARTESIAN_POINT ( 'NONE',  ( -1.570000000000000728, -3.710000000000000853, -0.001000000000000132727 ) ) ;
#5611 = VERTEX_POINT ( 'NONE', #818 ) ;
#5612 = PRESENTATION_LAYER_ASSIGNMENT (  '', '', ( #1820 ) ) ;
#5613 = FACE_OUTER_BOUND ( 'NONE', #3502, .T. ) ;
#5614 =( GEOMETRIC_REPRESENTATION_CONTEXT ( 3 ) GLOBAL_UNCERTAINTY_ASSIGNED_CONTEXT ( ( #4653 ) ) GLOBAL_UNIT_ASSIGNED_CONTEXT ( ( #2706, #4791, #2256 ) ) REPRESENTATION_CONTEXT ( 'NONE', 'WORKASPACE' ) );
#5615 = DIRECTION ( 'NONE',  ( -1.000000000000000000, -0.000000000000000000, -0.000000000000000000 ) ) ;
#5616 = EDGE_CURVE ( 'NONE', #2304, #6263, #1259, .T. ) ;
#5617 = ADVANCED_FACE ( 'NONE', ( #5735 ), #905, .F. ) ;
#5618 = ORIENTED_EDGE ( 'NONE', *, *, #3888, .T. ) ;
#5619 = CARTESIAN_POINT ( 'NONE',  ( 1.870000000000000551, -4.948749999999994209, 6.801000000000001933 ) ) ;
#5620 = UNCERTAINTY_MEASURE_WITH_UNIT (LENGTH_MEASURE( 1.000000000000000082E-05 ), #118, 'distance_accuracy_value', 'NONE');
#5621 = CARTESIAN_POINT ( 'NONE',  ( 0.6700000000000000400, -2.449999999999990408, 8.001000000000001222 ) ) ;
#5622 = CARTESIAN_POINT ( 'NONE',  ( 0.01397607919114228492, -4.949999999999999289, 1.182566826308319996 ) ) ;
#5623 =( NAMED_UNIT ( * ) SI_UNIT ( $, .STERADIAN. ) SOLID_ANGLE_UNIT ( ) );
#5624 = EDGE_CURVE ( 'NONE', #4552, #173, #428, .T. ) ;
#5625 = VERTEX_POINT ( 'NONE', #872 ) ;
#5626 = EDGE_LOOP ( 'NONE', ( #5004, #6205, #1802, #2959 ) ) ;
#5627 = CARTESIAN_POINT ( 'NONE',  ( 1.668512820512820349, -4.900000000000001243, 3.932541666666667712 ) ) ;
#5628 = SURFACE_STYLE_USAGE ( .BOTH. , #3715 ) ;
#5629 = CARTESIAN_POINT ( 'NONE',  ( 1.870000000000000107, -2.449999999999990408, 4.800000000000000711 ) ) ;
#5630 = CARTESIAN_POINT ( 'NONE',  ( -1.070000000000001172, 0.000000000000000000, -3.850000000000000089 ) ) ;
#5631 = SURFACE_STYLE_FILL_AREA ( #266 ) ;
#5632 = EDGE_CURVE ( 'NONE', #5962, #2440, #5166, .T. ) ;
#5633 = CARTESIAN_POINT ( 'NONE',  ( 3.270000000000000462, -4.950000000000000178, 8.800000000000000711 ) ) ;
#5634 = DIRECTION ( 'NONE',  ( -0.000000000000000000, -1.000000000000000000, -0.000000000000000000 ) ) ;
#5635 = CARTESIAN_POINT ( 'NONE',  ( -1.475528833936127882, -4.900000000000001243, 4.042636362067711708 ) ) ;
#5636 = CARTESIAN_POINT ( 'NONE',  ( -0.4590329443928453101, -4.949999999999999289, 2.003672123932434435 ) ) ;
#5637 = PLANE ( 'NONE',  #4373 ) ;
#5638 = PRESENTATION_STYLE_ASSIGNMENT (( #4640 ) ) ;
#5639 = DIRECTION ( 'NONE',  ( -1.000000000000000000, 0.000000000000000000, 0.000000000000000000 ) ) ;
#5640 = EDGE_LOOP ( 'NONE', ( #1565, #4780, #3857, #2632 ) ) ;
#5641 = DIRECTION ( 'NONE',  ( -1.000000000000000000, 0.000000000000000000, -0.000000000000000000 ) ) ;
#5642 = EDGE_LOOP ( 'NONE', ( #4643, #174, #350, #546 ) ) ;
#5643 = CARTESIAN_POINT ( 'NONE',  ( 1.469999999999999973, 0.000000000000000000, -3.850000000000000089 ) ) ;
#5644 = CARTESIAN_POINT ( 'NONE',  ( -0.7103127493227936462, -4.900000000000002132, 2.044158712657190957 ) ) ;
#5645 = FILL_AREA_STYLE_COLOUR ( '', #4330 ) ;
#5646 = ORIENTED_EDGE ( 'NONE', *, *, #4907, .T. ) ;
#5647 =( NAMED_UNIT ( * ) SI_UNIT ( $, .STERADIAN. ) SOLID_ANGLE_UNIT ( ) );
#5648 =( NAMED_UNIT ( * ) PLANE_ANGLE_UNIT ( ) SI_UNIT ( $, .RADIAN. ) );
#5649 =( NAMED_UNIT ( * ) SI_UNIT ( $, .STERADIAN. ) SOLID_ANGLE_UNIT ( ) );
#5650 =( GEOMETRIC_REPRESENTATION_CONTEXT ( 3 ) GLOBAL_UNCERTAINTY_ASSIGNED_CONTEXT ( ( #1829 ) ) GLOBAL_UNIT_ASSIGNED_CONTEXT ( ( #908, #5778, #4836 ) ) REPRESENTATION_CONTEXT ( 'NONE', 'WORKASPACE' ) );
#5651 = ADVANCED_FACE ( 'NONE', ( #4323 ), #3208, .F. ) ;
#5652 = CARTESIAN_POINT ( 'NONE',  ( 3.270000000000000462, -2.449999999999989519, 8.800000000000000711 ) ) ;
#5653 = CARTESIAN_POINT ( 'NONE',  ( 1.489025641025640612, -4.950000000000000178, 3.930858974358974134 ) ) ;
#5654 =( NAMED_UNIT ( * ) PLANE_ANGLE_UNIT ( ) SI_UNIT ( $, .RADIAN. ) );
#5655 = STYLED_ITEM ( 'NONE', ( #4511 ), #1237 ) ;
#5656 = ORIENTED_EDGE ( 'NONE', *, *, #2164, .F. ) ;
#5657 = ORIENTED_EDGE ( 'NONE', *, *, #1549, .F. ) ;
#5658 = DIRECTION ( 'NONE',  ( 0.000000000000000000, 0.000000000000000000, 1.000000000000000000 ) ) ;
#5659 = EDGE_CURVE ( 'NONE', #2893, #4846, #2484, .T. ) ;
#5660 = CARTESIAN_POINT ( 'NONE',  ( -1.870000000000000107, -2.449999999999990408, 8.001000000000001222 ) ) ;
#5661 = PRESENTATION_STYLE_ASSIGNMENT (( #5628 ) ) ;
#5662 = MECHANICAL_DESIGN_GEOMETRIC_PRESENTATION_REPRESENTATION (  '', ( #3204 ), #858 ) ;
#5663 = FILL_AREA_STYLE ('',( #3125 ) ) ;
#5664 = ORIENTED_EDGE ( 'NONE', *, *, #5490, .F. ) ;
#5665 = COLOUR_RGB ( '',1.000000000000000000, 1.000000000000000000, 1.000000000000000000 ) ;
#5666 = CARTESIAN_POINT ( 'NONE',  ( -1.291873349213416899, -4.900000000000000355, 3.999978785180555718 ) ) ;
#5667 =( GEOMETRIC_REPRESENTATION_CONTEXT ( 3 ) GLOBAL_UNCERTAINTY_ASSIGNED_CONTEXT ( ( #3567 ) ) GLOBAL_UNIT_ASSIGNED_CONTEXT ( ( #2382, #10, #5732 ) ) REPRESENTATION_CONTEXT ( 'NONE', 'WORKASPACE' ) );
#5668 = DIRECTION ( 'NONE',  ( -1.000000000000000000, 0.000000000000000000, 0.000000000000000000 ) ) ;
#5669 = CARTESIAN_POINT ( 'NONE',  ( -1.537981457300628074, -4.900000000000000355, 4.003316605971175335 ) ) ;
#5670 = CARTESIAN_POINT ( 'NONE',  ( -0.6602043269230772893, -4.950000000000000178, 2.045153846153846100 ) ) ;
#5671 = DIRECTION ( 'NONE',  ( 1.000000000000000000, 0.000000000000000000, -0.000000000000000000 ) ) ;
#5672 = LINE ( 'NONE', #2711, #1804 ) ;
#5673 = VERTEX_POINT ( 'NONE', #1439 ) ;
#5674 = FILL_AREA_STYLE ('',( #5282 ) ) ;
#5675 = AXIS2_PLACEMENT_3D ( 'NONE', #6125, #6216, #5607 ) ;
#5676 = DIRECTION ( 'NONE',  ( 1.000000000000000000, -0.000000000000000000, 0.000000000000000000 ) ) ;
#5677 = EDGE_LOOP ( 'NONE', ( #694, #923, #2571, #2950 ) ) ;
#5678 = DIRECTION ( 'NONE',  ( 0.000000000000000000, 0.000000000000000000, -1.000000000000000000 ) ) ;
#5679 = DIRECTION ( 'NONE',  ( -1.000000000000000000, 0.000000000000000000, 0.000000000000000000 ) ) ;
#5680 = DIRECTION ( 'NONE',  ( 0.09950371902099966470, -0.000000000000000000, 0.9950371902099891530 ) ) ;
#5681 =( NAMED_UNIT ( * ) PLANE_ANGLE_UNIT ( ) SI_UNIT ( $, .RADIAN. ) );
#5682 = DIRECTION ( 'NONE',  ( 0.000000000000000000, -1.000000000000000000, 0.000000000000000000 ) ) ;
#5683 = FILL_AREA_STYLE ('',( #5234 ) ) ;
#5684 = CARTESIAN_POINT ( 'NONE',  ( 1.435002611223113789, -4.900000000000000355, 4.075492053146962945 ) ) ;
#5685 = VERTEX_POINT ( 'NONE', #4416 ) ;
#5686 = ORIENTED_EDGE ( 'NONE', *, *, #1939, .F. ) ;
#5687 = CARTESIAN_POINT ( 'NONE',  ( 1.205040815928792197, -4.900000000000001243, 4.156800664281568025 ) ) ;
#5688 = PLANE ( 'NONE',  #3381 ) ;
#5689 = SURFACE_STYLE_FILL_AREA ( #3748 ) ;
#5690 =( NAMED_UNIT ( * ) PLANE_ANGLE_UNIT ( ) SI_UNIT ( $, .RADIAN. ) );
#5691 = LINE ( 'NONE', #1309, #2506 ) ;
#5692 = ORIENTED_EDGE ( 'NONE', *, *, #458, .T. ) ;
#5693 = EDGE_CURVE ( 'NONE', #703, #1828, #4238, .T. ) ;
#5694 = ADVANCED_FACE ( 'NONE', ( #466 ), #526, .F. ) ;
#5695 = CARTESIAN_POINT ( 'NONE',  ( -1.222507036003868119, -4.900000000000002132, 1.954489237451109807 ) ) ;
#5696 = CARTESIAN_POINT ( 'NONE',  ( -1.070000000000001172, 0.000000000000000000, -3.850000000000000089 ) ) ;
#5697 = UNCERTAINTY_MEASURE_WITH_UNIT (LENGTH_MEASURE( 1.000000000000000082E-05 ), #991, 'distance_accuracy_value', 'NONE');
#5698 = SURFACE_STYLE_FILL_AREA ( #389 ) ;
#5699 = CARTESIAN_POINT ( 'NONE',  ( -0.2222833121817703317, -4.949999999999999289, 1.762656636853738190 ) ) ;
#5700 = SURFACE_SIDE_STYLE ('',( #1289 ) ) ;
#5701 = DIRECTION ( 'NONE',  ( -0.000000000000000000, -1.000000000000000000, -0.000000000000000000 ) ) ;
#5702 = PLANE ( 'NONE',  #5703 ) ;
#5703 = AXIS2_PLACEMENT_3D ( 'NONE', #5221, #840, #4730 ) ;
#5704 = ADVANCED_FACE ( 'NONE', ( #6020 ), #6111, .F. ) ;
#5705 = VECTOR ( 'NONE', #5986, 1000.000000000000000 ) ;
#5706 = VECTOR ( 'NONE', #4000, 1000.000000000000000 ) ;
#5708 = SURFACE_STYLE_FILL_AREA ( #783 ) ;
#5707 = PRESENTATION_LAYER_ASSIGNMENT (  '', '', ( #2013 ) ) ;
#5709 = VECTOR ( 'NONE', #5272, 1000.000000000000114 ) ;
#5710 = EDGE_CURVE ( 'NONE', #1332, #4620, #3617, .T. ) ;
#5711 = PRESENTATION_LAYER_ASSIGNMENT (  '', '', ( #2123 ) ) ;
#5712 = VERTEX_POINT ( 'NONE', #166 ) ;
#5713 = CARTESIAN_POINT ( 'NONE',  ( 3.122941176470584335, -1.699999999999999956, 1.888235294117645235 ) ) ;
#5714 = CARTESIAN_POINT ( 'NONE',  ( 0.8892852216156530432, -4.900000000000000355, 3.228398226389145531 ) ) ;
#5715 = LINE ( 'NONE', #975, #5396 ) ;
#5716 = VECTOR ( 'NONE', #3638, 1000.000000000000114 ) ;
#5717 = PLANE ( 'NONE',  #5402 ) ;
#5718 = CARTESIAN_POINT ( 'NONE',  ( 1.390928612614181992, -4.950000000000000178, 3.704977834813843796 ) ) ;
#5719 = LINE ( 'NONE', #5235, #2077 ) ;
#5720 = ORIENTED_EDGE ( 'NONE', *, *, #2462, .T. ) ;
#5721 = ORIENTED_EDGE ( 'NONE', *, *, #5736, .F. ) ;
#5722 = CARTESIAN_POINT ( 'NONE',  ( 1.459400238922801130, -4.899999999999999467, 3.808648535583293526 ) ) ;
#5723 = CARTESIAN_POINT ( 'NONE',  ( -1.869999999999999885, -6.449999999999990408, 8.001000000000001222 ) ) ;
#5724 = CARTESIAN_POINT ( 'NONE',  ( -0.6807634327365970073, -4.950000000000001066, 0.8532864669345422426 ) ) ;
#5725 = LINE ( 'NONE', #3277, #4172 ) ;
#5726 = CARTESIAN_POINT ( 'NONE',  ( 3.020000000000000018, 1.699999999999999956, 1.800000000000000488 ) ) ;
#5727 = VERTEX_POINT ( 'NONE', #5148 ) ;
#5728 = SURFACE_SIDE_STYLE ('',( #2229 ) ) ;
#5729 = CARTESIAN_POINT ( 'NONE',  ( -0.4902188309914858322, -4.950000000000000178, 2.016812162577814149 ) ) ;
#5730 = EDGE_CURVE ( 'NONE', #83, #1332, #767, .T. ) ;
#5731 = CARTESIAN_POINT ( 'NONE',  ( -1.281538461538461959, -4.900000000000000355, 2.918999999999999595 ) ) ;
#5732 =( NAMED_UNIT ( * ) SI_UNIT ( $, .STERADIAN. ) SOLID_ANGLE_UNIT ( ) );
#5733 = LINE ( 'NONE', #1320, #4875 ) ;
#5734 =( NAMED_UNIT ( * ) SI_UNIT ( $, .STERADIAN. ) SOLID_ANGLE_UNIT ( ) );
#5735 = FACE_OUTER_BOUND ( 'NONE', #5335, .T. ) ;
#5736 = EDGE_CURVE ( 'NONE', #417, #5432, #3546, .T. ) ;
#5737 = FILL_AREA_STYLE_COLOUR ( '', #5965 ) ;
#5738 = DIRECTION ( 'NONE',  ( 0.000000000000000000, 1.000000000000000000, 0.000000000000000000 ) ) ;
#5739 = ORIENTED_EDGE ( 'NONE', *, *, #6240, .F. ) ;
#5740 = UNCERTAINTY_MEASURE_WITH_UNIT (LENGTH_MEASURE( 1.000000000000000082E-05 ), #2895, 'distance_accuracy_value', 'NONE');
#5741 = CARTESIAN_POINT ( 'NONE',  ( 1.469999999999999973, -3.910000000000001030, -3.850000000000000089 ) ) ;
#5742 = PLANE ( 'NONE',  #3861 ) ;
#5743 =( NAMED_UNIT ( * ) SI_UNIT ( $, .STERADIAN. ) SOLID_ANGLE_UNIT ( ) );
#5744 = PRODUCT_DEFINITION ( 'UNKNOWN', '', #4454, #4217 ) ;
#5745 = SURFACE_SIDE_STYLE ('',( #825 ) ) ;
#5746 = LINE ( 'NONE', #758, #1962 ) ;
#5747 = SURFACE_STYLE_USAGE ( .BOTH. , #3329 ) ;
#5748 = EDGE_LOOP ( 'NONE', ( #1077, #3885, #1906, #1292 ) ) ;
#5749 = ORIENTED_EDGE ( 'NONE', *, *, #2537, .F. ) ;
#5750 = CARTESIAN_POINT ( 'NONE',  ( 1.165364409702314141, -4.900000000000003020, 3.486955288938125896 ) ) ;
#5751 = STYLED_ITEM ( 'NONE', ( #5520 ), #4824 ) ;
#5752 = DIRECTION ( 'NONE',  ( 0.000000000000000000, -0.000000000000000000, 1.000000000000000000 ) ) ;
#5753 = FILL_AREA_STYLE ('',( #3890 ) ) ;
#5754 = CARTESIAN_POINT ( 'NONE',  ( -1.241337713037318657, -4.899999999999999467, 0.9748699444154249605 ) ) ;
#5755 = VECTOR ( 'NONE', #1644, 1000.000000000000000 ) ;
#5756 = AXIS2_PLACEMENT_3D ( 'NONE', #5947, #4, #5883 ) ;
#5757 = CARTESIAN_POINT ( 'NONE',  ( 0.7710769230769229932, -4.900000000000000355, 2.918999999999999595 ) ) ;
#5758 = ORIENTED_EDGE ( 'NONE', *, *, #4017, .F. ) ;
#5759 = CARTESIAN_POINT ( 'NONE',  ( 1.446467040875624610, -4.900000000000000355, 3.783577236226056240 ) ) ;
#5760 = VECTOR ( 'NONE', #2359, 1000.000000000000000 ) ;
#5761 = MECHANICAL_DESIGN_GEOMETRIC_PRESENTATION_REPRESENTATION (  '', ( #6268 ), #554 ) ;
#5762 = DIRECTION ( 'NONE',  ( 0.000000000000000000, -0.000000000000000000, 1.000000000000000000 ) ) ;
#5763 = CARTESIAN_POINT ( 'NONE',  ( 1.870000000000000329, -6.449999999999990408, 8.001000000000001222 ) ) ;
#5764 = CARTESIAN_POINT ( 'NONE',  ( -0.2964278310720646070, -4.950000000000002842, 1.882307954387121951 ) ) ;
#5765 = DIRECTION ( 'NONE',  ( 0.000000000000000000, 0.000000000000000000, -1.000000000000000000 ) ) ;
#5766 = AXIS2_PLACEMENT_3D ( 'NONE', #1960, #5422, #4969 ) ;
#5767 = CARTESIAN_POINT ( 'NONE',  ( 1.661324095651544042, -4.900000000000001243, 3.849487384989453087 ) ) ;
#5768 = DIRECTION ( 'NONE',  ( 0.000000000000000000, 0.000000000000000000, 1.000000000000000000 ) ) ;
#5769 = UNCERTAINTY_MEASURE_WITH_UNIT (LENGTH_MEASURE( 1.000000000000000082E-05 ), #6180, 'distance_accuracy_value', 'NONE');
#5770 = EDGE_CURVE ( 'NONE', #4081, #3173, #5015, .T. ) ;
#5771 = FILL_AREA_STYLE_COLOUR ( '', #6067 ) ;
#5772 = MECHANICAL_DESIGN_GEOMETRIC_PRESENTATION_REPRESENTATION (  '', ( #4641 ), #4032 ) ;
#5773 =( NAMED_UNIT ( * ) SI_UNIT ( $, .STERADIAN. ) SOLID_ANGLE_UNIT ( ) );
#5774 = VERTEX_POINT ( 'NONE', #4535 ) ;
#5775 = ADVANCED_FACE ( 'NONE', ( #3582 ), #209, .T. ) ;
#5776 = MECHANICAL_DESIGN_GEOMETRIC_PRESENTATION_REPRESENTATION (  '', ( #1574 ), #3832 ) ;
#5777 = ADVANCED_FACE ( 'NONE', ( #6249 ), #2595, .F. ) ;
#5778 =( NAMED_UNIT ( * ) PLANE_ANGLE_UNIT ( ) SI_UNIT ( $, .RADIAN. ) );
#5779 = CARTESIAN_POINT ( 'NONE',  ( 0.9365342703543061420, -4.899999999999998579, 3.283926546400197211 ) ) ;
#5780 = LINE ( 'NONE', #473, #6222 ) ;
#5781 = CARTESIAN_POINT ( 'NONE',  ( 1.069999999999998730, 3.709999999999999964, -3.850000000000000089 ) ) ;
#5782 = CARTESIAN_POINT ( 'NONE',  ( -2.770000000000000906, -3.533223550335115610E-16, 3.300000000000000266 ) ) ;
#5783 = CARTESIAN_POINT ( 'NONE',  ( -0.9700000000000008615, -3.710000000000000853, -0.001000000000000132727 ) ) ;
#5784 = PRESENTATION_STYLE_ASSIGNMENT (( #1272 ) ) ;
#5785 = CARTESIAN_POINT ( 'NONE',  ( -0.9700000000000008615, -3.710000000000000853, -3.850000000000000089 ) ) ;
#5786 = ORIENTED_EDGE ( 'NONE', *, *, #6137, .F. ) ;
#5787 = ORIENTED_EDGE ( 'NONE', *, *, #2587, .F. ) ;
#5788 =( NAMED_UNIT ( * ) PLANE_ANGLE_UNIT ( ) SI_UNIT ( $, .RADIAN. ) );
#5789 = DIRECTION ( 'NONE',  ( 0.000000000000000000, -0.000000000000000000, 1.000000000000000000 ) ) ;
#5790 = CARTESIAN_POINT ( 'NONE',  ( -1.869999999999999440, -3.649999999999990141, 6.801000000000001933 ) ) ;
#5791 = EDGE_LOOP ( 'NONE', ( #1027, #1276, #5592, #6152 ) ) ;
#5792 = ORIENTED_EDGE ( 'NONE', *, *, #429, .F. ) ;
#5793 = EDGE_CURVE ( 'NONE', #173, #5828, #5078, .T. ) ;
#5794 = CARTESIAN_POINT ( 'NONE',  ( -1.176133276256839943, -4.900000000000001243, 2.009547861341816066 ) ) ;
#5795 = DIRECTION ( 'NONE',  ( 1.000000000000000000, -0.000000000000000000, 0.000000000000000000 ) ) ;
#5796 = LINE ( 'NONE', #2862, #1773 ) ;
#5797 = CARTESIAN_POINT ( 'NONE',  ( 0.7749210307109091200, -4.899999999999999467, 2.982105307541812245 ) ) ;
#5798 = CARTESIAN_POINT ( 'NONE',  ( -1.362369208108823004, -4.949999999999998401, 1.285296950511629399 ) ) ;
#5799 = CARTESIAN_POINT ( 'NONE',  ( 1.618639662279851787, -4.949999999999999289, 3.726142663789691500 ) ) ;
#5800 = SURFACE_STYLE_USAGE ( .BOTH. , #4351 ) ;
#5801 = CARTESIAN_POINT ( 'NONE',  ( 1.125819520331037937, -4.949999999999998401, 4.141315164911877567 ) ) ;
#5802 = DIRECTION ( 'NONE',  ( 0.000000000000000000, 0.000000000000000000, 1.000000000000000000 ) ) ;
#5803 = COLOUR_RGB ( '',1.000000000000000000, 0.8705882352941176627, 0.5254901960784313930 ) ;
#5804 = ORIENTED_EDGE ( 'NONE', *, *, #3905, .F. ) ;
#5805 = PLANE ( 'NONE',  #3809 ) ;
#5806 = CARTESIAN_POINT ( 'NONE',  ( -1.162307692307692708, -4.950000000000001066, 1.426764423076923416 ) ) ;
#5807 =( LENGTH_UNIT ( ) NAMED_UNIT ( * ) SI_UNIT ( .MILLI., .METRE. ) );
#5808 = VECTOR ( 'NONE', #113, 1000.000000000000000 ) ;
#5809 = VECTOR ( 'NONE', #227, 1000.000000000000000 ) ;
#5810 = DIRECTION ( 'NONE',  ( -0.000000000000000000, -1.000000000000000000, 0.000000000000000000 ) ) ;
#5811 = CARTESIAN_POINT ( 'NONE',  ( 0.01397607919114228492, -4.899999999999999467, 1.182566826308319996 ) ) ;
#5812 = COLOUR_RGB ( '',1.000000000000000000, 1.000000000000000000, 1.000000000000000000 ) ;
#5813 = CARTESIAN_POINT ( 'NONE',  ( 1.359369192341558508, -4.949999999999998401, 4.132349026382483359 ) ) ;
#5814 = VERTEX_POINT ( 'NONE', #3604 ) ;
#5815 = CARTESIAN_POINT ( 'NONE',  ( -1.270000000000000018, -2.449999999999990408, 4.800000000000000711 ) ) ;
#5816 = CARTESIAN_POINT ( 'NONE',  ( 1.233076923076922737, -4.950000000000000178, 2.199000000000000288 ) ) ;
#5817 = CARTESIAN_POINT ( 'NONE',  ( 0.7890256410256406561, -4.950000000000000178, 3.924128205128205149 ) ) ;
#5818 = ADVANCED_FACE ( 'NONE', ( #699 ), #2126, .T. ) ;
#5819 = CARTESIAN_POINT ( 'NONE',  ( -0.6623076923076925970, -4.950000000000001066, 0.6797692307692310143 ) ) ;
#5820 = ORIENTED_EDGE ( 'NONE', *, *, #1132, .F. ) ;
#5821 = ORIENTED_EDGE ( 'NONE', *, *, #4783, .F. ) ;
#5822 = CARTESIAN_POINT ( 'NONE',  ( 1.287735130544748197, -4.900000000000001243, 4.153626642570886318 ) ) ;
#5823 = CARTESIAN_POINT ( 'NONE',  ( 1.280091346153845677, -4.950000000000000178, 3.358182692307691841 ) ) ;
#5824 = CARTESIAN_POINT ( 'NONE',  ( 1.022735256371622548, -4.900000000000000355, 4.280167350164756357 ) ) ;
#5825 = ORIENTED_EDGE ( 'NONE', *, *, #1907, .T. ) ;
#5826 = DIRECTION ( 'NONE',  ( 0.000000000000000000, -0.000000000000000000, 1.000000000000000000 ) ) ;
#5827 = FILL_AREA_STYLE ('',( #3354 ) ) ;
#5828 = VERTEX_POINT ( 'NONE', #4114 ) ;
#5829 = CARTESIAN_POINT ( 'NONE',  ( 3.270000000000000462, -4.950000000000000178, 8.800000000000000711 ) ) ;
#5830 = CARTESIAN_POINT ( 'NONE',  ( 1.331422089267603415, -4.949999999999999289, 4.312657253342179864 ) ) ;
#5831 = DIRECTION ( 'NONE',  ( -5.973951822813853085E-15, -1.000000000000000000, -4.037784246375875275E-13 ) ) ;
#5832 = FILL_AREA_STYLE ('',( #2913 ) ) ;
#5833 = FILL_AREA_STYLE_COLOUR ( '', #6305 ) ;
#5834 = SURFACE_SIDE_STYLE ('',( #3884 ) ) ;
#5835 = VERTEX_POINT ( 'NONE', #1629 ) ;
#5836 = CARTESIAN_POINT ( 'NONE',  ( 1.569999999999999396, -3.910000000000001030, -0.001000000000000132727 ) ) ;
#5837 = CARTESIAN_POINT ( 'NONE',  ( -1.281538461538461959, -4.900000000000000355, 4.009945512820512370 ) ) ;
#5838 = CARTESIAN_POINT ( 'NONE',  ( -3.181764705882347055, -1.699999999999999956, 1.652941176470589246 ) ) ;
#5839 = ADVANCED_FACE ( 'NONE', ( #6056 ), #4039, .F. ) ;
#5840 = CARTESIAN_POINT ( 'NONE',  ( 3.020000000000000018, 1.699999999999999956, 1.800000000000000488 ) ) ;
#5841 = CARTESIAN_POINT ( 'NONE',  ( 0.8158265295311238896, -4.950000000000001954, 4.055280087984814763 ) ) ;
#5842 = CARTESIAN_POINT ( 'NONE',  ( 1.415702407244466832, -4.949999999999999289, 4.292057298888876993 ) ) ;
#5843 = FILL_AREA_STYLE_COLOUR ( '', #5812 ) ;
#5844 = ORIENTED_EDGE ( 'NONE', *, *, #4961, .F. ) ;
#5845 = VECTOR ( 'NONE', #3790, 1000.000000000000000 ) ;
#5846 = EDGE_LOOP ( 'NONE', ( #1460, #2390, #4788, #2024 ) ) ;
#5847 = EDGE_CURVE ( 'NONE', #134, #1733, #5517, .T. ) ;
#5848 = CARTESIAN_POINT ( 'NONE',  ( -0.4199542255087583276, -4.900000000000002132, 0.9129928507601646759 ) ) ;
#5849 = AXIS2_PLACEMENT_3D ( 'NONE', #2157, #4122, #4660 ) ;
#5850 = CARTESIAN_POINT ( 'NONE',  ( 0.000000000000000000, 0.000000000000000000, 4.801000000000000156 ) ) ;
#5851 =( GEOMETRIC_REPRESENTATION_CONTEXT ( 3 ) GLOBAL_UNCERTAINTY_ASSIGNED_CONTEXT ( ( #5288 ) ) GLOBAL_UNIT_ASSIGNED_CONTEXT ( ( #4177, #2749, #5647 ) ) REPRESENTATION_CONTEXT ( 'NONE', 'WORKASPACE' ) );
#5852 = LINE ( 'NONE', #8, #399 ) ;
#5853 = PRESENTATION_STYLE_ASSIGNMENT (( #3900 ) ) ;
#5854 = CARTESIAN_POINT ( 'NONE',  ( -1.326072059756735033, -4.950000000000000178, 1.146827919058313716 ) ) ;
#5855 = CARTESIAN_POINT ( 'NONE',  ( 1.190426264685290114, -4.900000000000000355, 4.318019262756992660 ) ) ;
#5856 = ORIENTED_EDGE ( 'NONE', *, *, #4746, .F. ) ;
#5857 = AXIS2_PLACEMENT_3D ( 'NONE', #1418, #6287, #3386 ) ;
#5858 = LINE ( 'NONE', #6012, #5510 ) ;
#5859 = VECTOR ( 'NONE', #1636, 999.9999999999998863 ) ;
#5860 = UNCERTAINTY_MEASURE_WITH_UNIT (LENGTH_MEASURE( 1.000000000000000082E-05 ), #864, 'distance_accuracy_value', 'NONE');
#5861 = DIRECTION ( 'NONE',  ( -0.000000000000000000, 1.000000000000000000, 0.000000000000000000 ) ) ;
#5862 = VECTOR ( 'NONE', #3840, 1000.000000000000000 ) ;
#5863 =( NAMED_UNIT ( * ) PLANE_ANGLE_UNIT ( ) SI_UNIT ( $, .RADIAN. ) );
#5864 = CARTESIAN_POINT ( 'NONE',  ( 0.7802697377268368317, -4.900000000000001243, 3.013548691261400236 ) ) ;
#5865 = VERTEX_POINT ( 'NONE', #3068 ) ;
#5866 = PRESENTATION_LAYER_ASSIGNMENT (  '', '', ( #357 ) ) ;
#5867 = DIRECTION ( 'NONE',  ( 0.000000000000000000, 0.000000000000000000, -1.000000000000000000 ) ) ;
#5868 =( LENGTH_UNIT ( ) NAMED_UNIT ( * ) SI_UNIT ( .MILLI., .METRE. ) );
#5869 = SURFACE_STYLE_FILL_AREA ( #2050 ) ;
#5870 = DIRECTION ( 'NONE',  ( -0.000000000000000000, -0.000000000000000000, 1.000000000000000000 ) ) ;
#5871 = CARTESIAN_POINT ( 'NONE',  ( 1.651006270781631091, -4.949999999999998401, 3.808475985912895823 ) ) ;
#5872 = DIRECTION ( 'NONE',  ( 0.2425356250363299992, 0.000000000000000000, -0.9701425001453326535 ) ) ;
#5873 = VECTOR ( 'NONE', #1073, 1000.000000000000000 ) ;
#5874 = EDGE_LOOP ( 'NONE', ( #6291, #1199, #4471, #5991 ) ) ;
#5875 = EDGE_LOOP ( 'NONE', ( #4560, #4852, #1213, #1227 ) ) ;
#5876 = CARTESIAN_POINT ( 'NONE',  ( 0.000000000000000000, -1.699999999999999956, 8.800000000000000711 ) ) ;
#5877 = CARTESIAN_POINT ( 'NONE',  ( -0.3862377479396150726, -4.950000000000000178, 0.7310299466340782759 ) ) ;
#5878 = CARTESIAN_POINT ( 'NONE',  ( -0.6632091346153849987, -4.900000000000001243, 0.8528461538461540314 ) ) ;
#5879 = CARTESIAN_POINT ( 'NONE',  ( 1.652944513659435399, -4.949999999999999289, 4.048362181288251094 ) ) ;
#5880 = CARTESIAN_POINT ( 'NONE',  ( -0.8133820768491099029, -4.949999999999999289, 0.6932656733630071511 ) ) ;
#5881 = ORIENTED_EDGE ( 'NONE', *, *, #2702, .T. ) ;
#5882 = ORIENTED_EDGE ( 'NONE', *, *, #1425, .T. ) ;
#5883 = DIRECTION ( 'NONE',  ( 0.000000000000000000, 0.000000000000000000, 1.000000000000000000 ) ) ;
#5884 = CARTESIAN_POINT ( 'NONE',  ( 1.359369192341558508, -4.899999999999999467, 4.132349026382483359 ) ) ;
#5885 =( LENGTH_UNIT ( ) NAMED_UNIT ( * ) SI_UNIT ( .MILLI., .METRE. ) );
#5886 = CARTESIAN_POINT ( 'NONE',  ( -1.479476468983111248, -4.900000000000000355, 3.864762700940989504 ) ) ;
#5887 = ADVANCED_FACE ( 'NONE', ( #1193 ), #5094, .T. ) ;
#5888 = CARTESIAN_POINT ( 'NONE',  ( -1.373324811568194193, -4.949999999999999289, 1.459241976356671744 ) ) ;
#5889 = ADVANCED_FACE ( 'NONE', ( #3313 ), #4700, .F. ) ;
#5890 = VERTEX_POINT ( 'NONE', #3282 ) ;
#5891 = CARTESIAN_POINT ( 'NONE',  ( -0.9037344442310140114, -4.950000000000001066, 0.9122370282363596594 ) ) ;
#5892 = UNCERTAINTY_MEASURE_WITH_UNIT (LENGTH_MEASURE( 1.000000000000000082E-05 ), #4957, 'distance_accuracy_value', 'NONE');
#5893 = CARTESIAN_POINT ( 'NONE',  ( -0.1957282865398183580, -4.899999999999999467, 1.692567201055930282 ) ) ;
#5894 = CARTESIAN_POINT ( 'NONE',  ( 0.0007855292848925844382, -4.950000000000001066, 1.754446597601494018 ) ) ;
#5895 = PRESENTATION_STYLE_ASSIGNMENT (( #6281 ) ) ;
#5896 = ADVANCED_FACE ( 'NONE', ( #5314 ), #2319, .F. ) ;
#5897 = SURFACE_STYLE_FILL_AREA ( #3877 ) ;
#5898 = DIRECTION ( 'NONE',  ( -1.000000000000000000, 0.000000000000000000, -0.000000000000000000 ) ) ;
#5899 = VERTEX_POINT ( 'NONE', #4792 ) ;
#5900 = CARTESIAN_POINT ( 'NONE',  ( 0.9149831813962298055, -4.900000000000001243, 3.259552181796486092 ) ) ;
#5901 = CARTESIAN_POINT ( 'NONE',  ( 1.444615384615384412, -4.950000000000000178, 0.6990000000000001767 ) ) ;
#5902 = LINE ( 'NONE', #4936, #1983 ) ;
#5903 = CARTESIAN_POINT ( 'NONE',  ( 1.870000000000000551, -3.649999999999990141, 5.301000000000002821 ) ) ;
#5904 =( GEOMETRIC_REPRESENTATION_CONTEXT ( 3 ) GLOBAL_UNCERTAINTY_ASSIGNED_CONTEXT ( ( #42 ) ) GLOBAL_UNIT_ASSIGNED_CONTEXT ( ( #6008, #4557, #1681 ) ) REPRESENTATION_CONTEXT ( 'NONE', 'WORKASPACE' ) );
#5905 = ADVANCED_FACE ( 'NONE', ( #2799 ), #1880, .F. ) ;
#5906 = VECTOR ( 'NONE', #5639, 1000.000000000000000 ) ;
#5907 = ORIENTED_EDGE ( 'NONE', *, *, #3100, .F. ) ;
#5908 = FILL_AREA_STYLE_COLOUR ( '', #2977 ) ;
#5909 = DIRECTION ( 'NONE',  ( 0.000000000000000000, -1.000000000000000000, 0.000000000000000000 ) ) ;
#5910 = FILL_AREA_STYLE_COLOUR ( '', #902 ) ;
#5911 = VECTOR ( 'NONE', #3705, 1000.000000000000114 ) ;
#5912 = CARTESIAN_POINT ( 'NONE',  ( -0.6144524761884081476, -4.900000000000001243, 0.6807053164106005028 ) ) ;
#5913 = AXIS2_PLACEMENT_3D ( 'NONE', #4534, #165, #6019 ) ;
#5914 = CARTESIAN_POINT ( 'NONE',  ( -0.9453436267981398800, -4.899999999999999467, 0.9385692820906487155 ) ) ;
#5915 =( LENGTH_UNIT ( ) NAMED_UNIT ( * ) SI_UNIT ( .MILLI., .METRE. ) );
#5916 = CARTESIAN_POINT ( 'NONE',  ( -0.9075517825929719784, -4.900000000000000355, 0.7188617585499482709 ) ) ;
#5917 =( GEOMETRIC_REPRESENTATION_CONTEXT ( 3 ) GLOBAL_UNCERTAINTY_ASSIGNED_CONTEXT ( ( #4148 ) ) GLOBAL_UNIT_ASSIGNED_CONTEXT ( ( #5529, #2557, #4520 ) ) REPRESENTATION_CONTEXT ( 'NONE', 'WORKASPACE' ) );
#5918 = ORIENTED_EDGE ( 'NONE', *, *, #1492, .T. ) ;
#5919 = VERTEX_POINT ( 'NONE', #1286 ) ;
#5920 = CARTESIAN_POINT ( 'NONE',  ( -1.869999999999999440, -4.948749999999995097, 6.801000000000001044 ) ) ;
#5921 = DIRECTION ( 'NONE',  ( -0.9653633930282671249, -0.000000000000000000, -0.2609090251427715890 ) ) ;
#5922 = CARTESIAN_POINT ( 'NONE',  ( 0.01575849223964658624, -4.899999999999998579, 1.706807429145969612 ) ) ;
#5923 =( NAMED_UNIT ( * ) SI_UNIT ( $, .STERADIAN. ) SOLID_ANGLE_UNIT ( ) );
#5924 = CARTESIAN_POINT ( 'NONE',  ( -1.349662835571068253, -4.950000000000001954, 3.949947488484733427 ) ) ;
#5925 = VERTEX_POINT ( 'NONE', #1339 ) ;
#5926 = CARTESIAN_POINT ( 'NONE',  ( 0.9694952330310907529, -4.950000000000001066, 3.934398939359544656 ) ) ;
#5927 = EDGE_CURVE ( 'NONE', #4028, #6072, #2861, .T. ) ;
#5928 = FACE_OUTER_BOUND ( 'NONE', #3867, .T. ) ;
#5929 = CARTESIAN_POINT ( 'NONE',  ( -1.373846153846154383, -4.900000000000000355, 1.429168269230769450 ) ) ;
#5930 = ORIENTED_EDGE ( 'NONE', *, *, #2153, .F. ) ;
#5931 = CARTESIAN_POINT ( 'NONE',  ( -1.523031917976532590, -4.949999999999999289, 3.840571802289065140 ) ) ;
#5932 =( NAMED_UNIT ( * ) SI_UNIT ( $, .STERADIAN. ) SOLID_ANGLE_UNIT ( ) );
#5933 = ADVANCED_FACE ( 'NONE', ( #4759 ), #5216, .T. ) ;
#5934 =( LENGTH_UNIT ( ) NAMED_UNIT ( * ) SI_UNIT ( .MILLI., .METRE. ) );
#5935 = CARTESIAN_POINT ( 'NONE',  ( 0.9699999999999993072, 3.709999999999999964, -0.001000000000000132727 ) ) ;
#5936 = VERTEX_POINT ( 'NONE', #5375 ) ;
#5937 = SURFACE_STYLE_FILL_AREA ( #3457 ) ;
#5938 = LINE ( 'NONE', #5815, #2128 ) ;
#5939 = EDGE_CURVE ( 'NONE', #477, #2885, #4464, .T. ) ;
#5940 = CARTESIAN_POINT ( 'NONE',  ( -0.5207357245509121046, -4.900000000000002132, 0.6922667053988554864 ) ) ;
#5941 = CARTESIAN_POINT ( 'NONE',  ( 1.045220775095225152, -4.950000000000001066, 3.387736797112750775 ) ) ;
#5942 = CARTESIAN_POINT ( 'NONE',  ( -1.373324811568194193, -4.949999999999999289, 1.459241976356671744 ) ) ;
#5943 = DIRECTION ( 'NONE',  ( -1.000000000000000000, 0.000000000000000000, 0.000000000000000000 ) ) ;
#5944 = CARTESIAN_POINT ( 'NONE',  ( -1.150986218293242214, -4.950000000000002842, 0.8670242502433836984 ) ) ;
#5945 = EDGE_LOOP ( 'NONE', ( #3996, #3948, #2525, #4979 ) ) ;
#5946 = ORIENTED_EDGE ( 'NONE', *, *, #769, .F. ) ;
#5947 = CARTESIAN_POINT ( 'NONE',  ( -0.9700000000000008615, 3.709999999999999964, -3.850000000000000089 ) ) ;
#5948 = CARTESIAN_POINT ( 'NONE',  ( 1.479770759764147403, -4.899999999999999467, 3.998511706712006397 ) ) ;
#5949 = CARTESIAN_POINT ( 'NONE',  ( 0.03728534543790169159, -4.950000000000001954, 1.606836291005684147 ) ) ;
#5950 = LINE ( 'NONE', #1555, #5706 ) ;
#5951 = CARTESIAN_POINT ( 'NONE',  ( -1.373846153846154383, -4.950000000000000178, 1.429168269230769450 ) ) ;
#5952 = AXIS2_PLACEMENT_3D ( 'NONE', #821, #5678, #4145 ) ;
#5953 = CARTESIAN_POINT ( 'NONE',  ( 3.270000000000000462, 1.699999999999999956, 1.800000000000000488 ) ) ;
#5954 = ORIENTED_EDGE ( 'NONE', *, *, #4506, .F. ) ;
#5955 = CARTESIAN_POINT ( 'NONE',  ( -1.143146694949832121, -4.950000000000000178, 1.243226521500661264 ) ) ;
#5956 = MECHANICAL_DESIGN_GEOMETRIC_PRESENTATION_REPRESENTATION (  '', ( #5244 ), #746 ) ;
#5957 = CARTESIAN_POINT ( 'NONE',  ( -0.3709889179873260834, -4.900000000000000355, 1.951816555120263530 ) ) ;
#5958 = CARTESIAN_POINT ( 'NONE',  ( 0.7908620498535415821, -4.900000000000000355, 3.939770951389158782 ) ) ;
#5959 =( GEOMETRIC_REPRESENTATION_CONTEXT ( 3 ) GLOBAL_UNCERTAINTY_ASSIGNED_CONTEXT ( ( #2354 ) ) GLOBAL_UNIT_ASSIGNED_CONTEXT ( ( #1394, #6149, #2826 ) ) REPRESENTATION_CONTEXT ( 'NONE', 'WORKASPACE' ) );
#5960 = VECTOR ( 'NONE', #774, 1000.000000000000000 ) ;
#5961 = ADVANCED_FACE ( 'NONE', ( #1432 ), #5342, .F. ) ;
#5962 = VERTEX_POINT ( 'NONE', #5974 ) ;
#5963 = FACE_OUTER_BOUND ( 'NONE', #4118, .T. ) ;
#5964 = VECTOR ( 'NONE', #2265, 1000.000000000000000 ) ;
#5965 = COLOUR_RGB ( '',1.000000000000000000, 1.000000000000000000, 1.000000000000000000 ) ;
#5966 = LINE ( 'NONE', #5420, #5873 ) ;
#5967 = EDGE_CURVE ( 'NONE', #4527, #4182, #2324, .T. ) ;
#5968 = COLOUR_RGB ( '',1.000000000000000000, 1.000000000000000000, 1.000000000000000000 ) ;
#5969 = ADVANCED_FACE ( 'NONE', ( #4588 ), #122, .F. ) ;
#5970 = ORIENTED_EDGE ( 'NONE', *, *, #1770, .T. ) ;
#5971 = CARTESIAN_POINT ( 'NONE',  ( 1.595030640459180749, -4.900000000000001243, 3.684088414512895149 ) ) ;
#5972 = DIRECTION ( 'NONE',  ( -0.000000000000000000, -1.000000000000000000, -0.000000000000000000 ) ) ;
#5973 = CARTESIAN_POINT ( 'NONE',  ( -0.02030635405410828598, -4.950000000000000178, 1.087124791514010314 ) ) ;
#5974 = CARTESIAN_POINT ( 'NONE',  ( 1.444615384615384412, -4.900000000000000355, 2.199000000000000288 ) ) ;
#5975 = CARTESIAN_POINT ( 'NONE',  ( -0.001539447702852291336, -4.949999999999999289, 1.134017246907397025 ) ) ;
#5976 =( GEOMETRIC_REPRESENTATION_CONTEXT ( 3 ) GLOBAL_UNCERTAINTY_ASSIGNED_CONTEXT ( ( #4286 ) ) GLOBAL_UNIT_ASSIGNED_CONTEXT ( ( #2759, #4717, #5273 ) ) REPRESENTATION_CONTEXT ( 'NONE', 'WORKASPACE' ) );
#5977 = CARTESIAN_POINT ( 'NONE',  ( 1.294410763100100059, -4.899999999999999467, 3.370409267913571316 ) ) ;
#5978 =( LENGTH_UNIT ( ) NAMED_UNIT ( * ) SI_UNIT ( .MILLI., .METRE. ) );
#5979 = ORIENTED_EDGE ( 'NONE', *, *, #581, .T. ) ;
#5980 = ORIENTED_EDGE ( 'NONE', *, *, #5269, .T. ) ;
#5981 = PRESENTATION_LAYER_ASSIGNMENT (  '', '', ( #2793 ) ) ;
#5982 = DIRECTION ( 'NONE',  ( -0.000000000000000000, -0.7808688094430308313, -0.6246950475544235104 ) ) ;
#5983 = CARTESIAN_POINT ( 'NONE',  ( 1.453946578916150090, -4.900000000000000355, 4.276329552295953462 ) ) ;
#5984 = DIRECTION ( 'NONE',  ( 0.2609090251427717555, 0.000000000000000000, 0.9653633930282671249 ) ) ;
#5985 = DIRECTION ( 'NONE',  ( 0.000000000000000000, 0.000000000000000000, -1.000000000000000000 ) ) ;
#5986 = DIRECTION ( 'NONE',  ( -0.000000000000000000, 1.000000000000000000, -0.000000000000000000 ) ) ;
#5987 = CARTESIAN_POINT ( 'NONE',  ( -0.9473121412021519028, -4.950000000000001066, 2.167288308334214708 ) ) ;
#5988 = LINE ( 'NONE', #132, #6109 ) ;
#5989 = EDGE_CURVE ( 'NONE', #4914, #3155, #1771, .T. ) ;
#5990 = CARTESIAN_POINT ( 'NONE',  ( -0.1702838143718245212, -4.899999999999999467, 1.576452033225398619 ) ) ;
#5991 = ORIENTED_EDGE ( 'NONE', *, *, #819, .F. ) ;
#5992 = B_SPLINE_CURVE_WITH_KNOTS ( 'NONE', 3,
 ( #2194, #4601, #5019, #1248, #2167, #5154, #4133, #2543, #3588, #5545, #4070, #5515, #1133 ),
 .UNSPECIFIED., .F., .F.,
 ( 4, 1, 1, 1, 1, 1, 1, 1, 1, 1, 4 ),
 ( 0.000000000000000000, 0.1241996726524864647, 0.2368296581100267917, 0.3394949853062823042, 0.4312535100312247516, 0.5114548721194178693, 0.5812230366234579781, 0.6404953748643702482, 0.6883082049320188300, 0.8503329734146888308, 1.000000000000000000 ),
 .UNSPECIFIED. ) ;
#5993 = DIRECTION ( 'NONE',  ( -1.000000000000000000, 0.000000000000000000, 0.000000000000000000 ) ) ;
#5994 = CARTESIAN_POINT ( 'NONE',  ( 1.144764679863603751, -4.950000000000001066, 4.313207378616532139 ) ) ;
#5995 = CARTESIAN_POINT ( 'NONE',  ( -0.2696301550058976537, -4.900000000000001243, 1.048428091609807211 ) ) ;
#5996 = LINE ( 'NONE', #2045, #1859 ) ;
#5997 = ORIENTED_EDGE ( 'NONE', *, *, #64, .T. ) ;
#5998 = CARTESIAN_POINT ( 'NONE',  ( -0.9700000000000008615, -3.710000000000000853, -0.001000000000000132727 ) ) ;
#5999 = SURFACE_SIDE_STYLE ('',( #1478 ) ) ;
#6000 = FILL_AREA_STYLE ('',( #3043 ) ) ;
#6001 = UNCERTAINTY_MEASURE_WITH_UNIT (LENGTH_MEASURE( 1.000000000000000082E-05 ), #3083, 'distance_accuracy_value', 'NONE');
#6002 = VECTOR ( 'NONE', #2709, 1000.000000000000000 ) ;
#6003 = DIRECTION ( 'NONE',  ( -1.000000000000000000, 0.000000000000000000, 0.000000000000000000 ) ) ;
#6004 = EDGE_CURVE ( 'NONE', #2337, #150, #5267, .T. ) ;
#6005 = SURFACE_STYLE_FILL_AREA ( #5075 ) ;
#6006 = CARTESIAN_POINT ( 'NONE',  ( -0.6144524761884081476, -4.950000000000001066, 0.6807053164106005028 ) ) ;
#6007 = VECTOR ( 'NONE', #6050, 1000.000000000000000 ) ;
#6008 =( LENGTH_UNIT ( ) NAMED_UNIT ( * ) SI_UNIT ( .MILLI., .METRE. ) );
#6009 = CARTESIAN_POINT ( 'NONE',  ( -1.309082239731615083, -4.950000000000001954, 1.101842319594224628 ) ) ;
#6010 = EDGE_LOOP ( 'NONE', ( #5120, #4344, #3576, #4292 ) ) ;
#6011 = PRESENTATION_LAYER_ASSIGNMENT (  '', '', ( #6313 ) ) ;
#6012 = CARTESIAN_POINT ( 'NONE',  ( -0.6699999999999995959, -4.950000000000000178, 8.800000000000000711 ) ) ;
#6013 = VERTEX_POINT ( 'NONE', #1356 ) ;
#6014 = MECHANICAL_DESIGN_GEOMETRIC_PRESENTATION_REPRESENTATION (  '', ( #1605 ), #191 ) ;
#6015 = COLOUR_RGB ( '',1.000000000000000000, 1.000000000000000000, 1.000000000000000000 ) ;
#6016 = CARTESIAN_POINT ( 'NONE',  ( -1.582186823394634345, -4.949999999999999289, 3.980550753931659358 ) ) ;
#6017 = CARTESIAN_POINT ( 'NONE',  ( -0.4301480857409363812, -4.900000000000000355, 0.7150305743888143439 ) ) ;
#6018 = EDGE_CURVE ( 'NONE', #4584, #4623, #3741, .T. ) ;
#6019 = DIRECTION ( 'NONE',  ( -0.5403350958123747105, 0.000000000000000000, 0.8414499297245391363 ) ) ;
#6020 = FACE_OUTER_BOUND ( 'NONE', #2829, .T. ) ;
#6021 = STYLED_ITEM ( 'NONE', ( #433 ), #1177 ) ;
#6022 = VECTOR ( 'NONE', #3538, 1000.000000000000000 ) ;
#6023 = SURFACE_SIDE_STYLE ('',( #1550 ) ) ;
#6024 = VERTEX_POINT ( 'NONE', #4204 ) ;
#6025 = VECTOR ( 'NONE', #109, 1000.000000000000114 ) ;
#6026 = MECHANICAL_DESIGN_GEOMETRIC_PRESENTATION_REPRESENTATION (  '', ( #2832 ), #3447 ) ;
#6027 =( NAMED_UNIT ( * ) SI_UNIT ( $, .STERADIAN. ) SOLID_ANGLE_UNIT ( ) );
#6028 = DIRECTION ( 'NONE',  ( 0.5403350958123748216, 0.000000000000000000, -0.8414499297245390252 ) ) ;
#6029 = CARTESIAN_POINT ( 'NONE',  ( 0.7944346251626887012, -4.899999999999999467, 3.970202567819044237 ) ) ;
#6030 = CARTESIAN_POINT ( 'NONE',  ( -0.1961616934517673438, -4.950000000000002842, 1.195854702436745853 ) ) ;
#6031 = PRESENTATION_STYLE_ASSIGNMENT (( #2646 ) ) ;
#6032 = ORIENTED_EDGE ( 'NONE', *, *, #1230, .F. ) ;
#6033 =( LENGTH_UNIT ( ) NAMED_UNIT ( * ) SI_UNIT ( .MILLI., .METRE. ) );
#6034 = DIRECTION ( 'NONE',  ( -0.000000000000000000, -0.000000000000000000, 1.000000000000000000 ) ) ;
#6035 = ORIENTED_EDGE ( 'NONE', *, *, #5770, .T. ) ;
#6036 = SURFACE_STYLE_FILL_AREA ( #4082 ) ;
#6037 = SURFACE_STYLE_FILL_AREA ( #3177 ) ;
#6038 = CARTESIAN_POINT ( 'NONE',  ( 0.9365342703543061420, -4.949999999999998401, 3.283926546400197211 ) ) ;
#6039 = CARTESIAN_POINT ( 'NONE',  ( -0.3431404625853785029, -4.949999999999999289, 0.7497900611920680358 ) ) ;
#6040 = DIRECTION ( 'NONE',  ( -1.000000000000000000, -0.000000000000000000, -0.000000000000000000 ) ) ;
#6041 = FACE_OUTER_BOUND ( 'NONE', #5059, .T. ) ;
#6042 = ORIENTED_EDGE ( 'NONE', *, *, #5021, .T. ) ;
#6043 = ADVANCED_FACE ( 'NONE', ( #2753 ), #757, .F. ) ;
#6044 = VERTEX_POINT ( 'NONE', #4235 ) ;
#6045 = DIRECTION ( 'NONE',  ( -1.000000000000000000, -0.000000000000000000, -0.000000000000000000 ) ) ;
#6046 = CARTESIAN_POINT ( 'NONE',  ( 1.261193765907706377, -4.950000000000000178, 4.156797796990637117 ) ) ;
#6047 =( NAMED_UNIT ( * ) PLANE_ANGLE_UNIT ( ) SI_UNIT ( $, .RADIAN. ) );
#6048 = FACE_OUTER_BOUND ( 'NONE', #1198, .T. ) ;
#6049 = SURFACE_SIDE_STYLE ('',( #5055 ) ) ;
#6050 = DIRECTION ( 'NONE',  ( 0.000000000000000000, 1.000000000000000000, 0.000000000000000000 ) ) ;
#6051 = CARTESIAN_POINT ( 'NONE',  ( -0.2755182788481818634, -4.899999999999998579, 1.854975479348065281 ) ) ;
#6052 = ORIENTED_EDGE ( 'NONE', *, *, #1857, .T. ) ;
#6053 = ADVANCED_FACE ( 'NONE', ( #5233 ), #5717, .T. ) ;
#6054 = CARTESIAN_POINT ( 'NONE',  ( -1.349662835571068253, -4.950000000000001954, 3.949947488484733427 ) ) ;
#6055 = CARTESIAN_POINT ( 'NONE',  ( -1.102051282051282666, -4.900000000000000355, 2.918999999999999595 ) ) ;
#6056 = FACE_OUTER_BOUND ( 'NONE', #6298, .T. ) ;
#6057 = PLANE ( 'NONE',  #339 ) ;
#6058 = ORIENTED_EDGE ( 'NONE', *, *, #3290, .T. ) ;
#6059 =( GEOMETRIC_REPRESENTATION_CONTEXT ( 3 ) GLOBAL_UNCERTAINTY_ASSIGNED_CONTEXT ( ( #2843 ) ) GLOBAL_UNIT_ASSIGNED_CONTEXT ( ( #16, #1985, #2081 ) ) REPRESENTATION_CONTEXT ( 'NONE', 'WORKASPACE' ) );
#6060 = PRESENTATION_STYLE_ASSIGNMENT (( #2683 ) ) ;
#6061 = LINE ( 'NONE', #722, #4021 ) ;
#6062 = VECTOR ( 'NONE', #6068, 1000.000000000000000 ) ;
#6063 = MECHANICAL_DESIGN_GEOMETRIC_PRESENTATION_REPRESENTATION (  '', ( #647 ), #5851 ) ;
#6064 = VERTEX_POINT ( 'NONE', #374 ) ;
#6065 = VECTOR ( 'NONE', #2138, 1000.000000000000000 ) ;
#6066 = DIRECTION ( 'NONE',  ( -0.000000000000000000, -0.7071067811865500152, 0.7071067811865450192 ) ) ;
#6067 = COLOUR_RGB ( '',1.000000000000000000, 1.000000000000000000, 1.000000000000000000 ) ;
#6068 = DIRECTION ( 'NONE',  ( -0.000000000000000000, 1.000000000000000000, -0.000000000000000000 ) ) ;
#6069 = VECTOR ( 'NONE', #2490, 1000.000000000000114 ) ;
#6070 = VECTOR ( 'NONE', #3168, 1000.000000000000114 ) ;
#6071 = EDGE_LOOP ( 'NONE', ( #4998, #6262, #2990, #4352 ) ) ;
#6072 = VERTEX_POINT ( 'NONE', #4264 ) ;
#6073 = CARTESIAN_POINT ( 'NONE',  ( 0.9688450442904026350, -4.900000000000000355, 3.915722497707351035 ) ) ;
#6074 = B_SPLINE_CURVE_WITH_KNOTS ( 'NONE', 3,
 ( #1612, #4150, #5492, #220, #5561, #6103, #5622, #5975, #4555, #3675, #4023, #1118, #2560, #1179, #1235, #2528, #3054, #3573, #6039, #4490, #4524, #123, #2058, #2094, #6006, #671, #2593 ),
 .UNSPECIFIED., .F., .F.,
 ( 4, 1, 1, 1, 1, 1, 1, 1, 1, 1, 1, 1, 1, 1, 1, 1, 1, 1, 1, 1, 1, 1, 1, 1, 4 ),
 ( 0.000000000000000000, 0.04755955690542653519, 0.09396210524321092772, 0.1391115332408221217, 0.1836263101269046960, 0.2274570284004935050, 0.2707025105518547359, 0.3136105321155537862, 0.3562604510849770034, 0.3983661529550378555, 0.4395565149792806658, 0.4800453830214204687, 0.5198884957050128319, 0.5596577503171974444, 0.5994212546627415428, 0.6392077550883983328, 0.6796683749857806989, 0.7200198525128485016, 0.7598588655624579635, 0.7995598848323807184, 0.8391991446364382989, 0.8789560762302789376, 0.9187942693024661045, 0.9590833628432750002, 1.000000000000000000 ),
 .UNSPECIFIED. ) ;
#6075 = CARTESIAN_POINT ( 'NONE',  ( 1.484820755446078389, -4.950000000000002842, 3.976755444584354038 ) ) ;
#6076 = COLOUR_RGB ( '',1.000000000000000000, 0.8705882352941176627, 0.5254901960784313930 ) ;
#6077 = LINE ( 'NONE', #4563, #5243 ) ;
#6078 = DIRECTION ( 'NONE',  ( -1.275531967630005245E-16, 1.000000000000000000, 0.000000000000000000 ) ) ;
#6079 = DIRECTION ( 'NONE',  ( -0.9653633930282671249, -0.000000000000000000, -0.2609090251427717555 ) ) ;
#6080 = PRESENTATION_STYLE_ASSIGNMENT (( #3126 ) ) ;
#6081 = ORIENTED_EDGE ( 'NONE', *, *, #3751, .T. ) ;
#6082 = PLANE ( 'NONE',  #4418 ) ;
#6083 = CARTESIAN_POINT ( 'NONE',  ( -0.6807634327365970073, -4.950000000000001066, 0.8532864669345422426 ) ) ;
#6084 = DIRECTION ( 'NONE',  ( 1.000000000000000000, 0.000000000000000000, 0.000000000000000000 ) ) ;
#6085 = EDGE_CURVE ( 'NONE', #3225, #4807, #878, .T. ) ;
#6086 = CARTESIAN_POINT ( 'NONE',  ( 0.9869635958686511223, -4.899999999999999467, 4.262838281858103429 ) ) ;
#6087 = EDGE_CURVE ( 'NONE', #3718, #737, #4655, .T. ) ;
#6088 = SURFACE_STYLE_FILL_AREA ( #1252 ) ;
#6089 = CARTESIAN_POINT ( 'NONE',  ( 1.469999999999999973, -3.710000000000000853, -3.850000000000000089 ) ) ;
#6090 =( NAMED_UNIT ( * ) PLANE_ANGLE_UNIT ( ) SI_UNIT ( $, .RADIAN. ) );
#6091 = ORIENTED_EDGE ( 'NONE', *, *, #3141, .F. ) ;
#6092 = DIRECTION ( 'NONE',  ( 1.000000000000000000, 0.000000000000000000, 0.000000000000000000 ) ) ;
#6093 = VERTEX_POINT ( 'NONE', #2183 ) ;
#6094 = CARTESIAN_POINT ( 'NONE',  ( -0.2897854716392677110, -4.949999999999998401, 2.120170329838734880 ) ) ;
#6095 = DIRECTION ( 'NONE',  ( 0.000000000000000000, 1.000000000000000000, 0.000000000000000000 ) ) ;
#6096 = EDGE_CURVE ( 'NONE', #4428, #3000, #1328, .T. ) ;
#6097 = ORIENTED_EDGE ( 'NONE', *, *, #3348, .T. ) ;
#6098 = CARTESIAN_POINT ( 'NONE',  ( 1.094113433382002176, -4.950000000000001066, 3.201547940114489510 ) ) ;
#6099 = CARTESIAN_POINT ( 'NONE',  ( -0.6699999999999997069, -4.950000000000000178, 4.800000000000000711 ) ) ;
#6100 = CARTESIAN_POINT ( 'NONE',  ( -0.4636988061043291753, -4.950000000000000178, 0.8905561488572149020 ) ) ;
#6101 = DIRECTION ( 'NONE',  ( 1.000000000000000000, 0.000000000000000000, 0.000000000000000000 ) ) ;
#6102 = CARTESIAN_POINT ( 'NONE',  ( 0.9699999999999993072, 3.910000000000000142, -0.001000000000000132727 ) ) ;
#6103 = CARTESIAN_POINT ( 'NONE',  ( 0.02703248078412566133, -4.949999999999998401, 1.232484358727993445 ) ) ;
#6104 = ORIENTED_EDGE ( 'NONE', *, *, #4953, .F. ) ;
#6105 = ORIENTED_EDGE ( 'NONE', *, *, #1236, .F. ) ;
#6106 = B_SPLINE_CURVE_WITH_KNOTS ( 'NONE', 3,
 ( #4071, #5546, #206, #3445, #1031, #3938, #1064, #5893, #1498, #3001, #4960, #2042, #104, #589, #2509, #4004, #5957, #1561, #3517, #5476, #3031, #2672, #2642, #4602, #1726, #5155, #300 ),
 .UNSPECIFIED., .F., .F.,
 ( 4, 1, 1, 1, 1, 1, 1, 1, 1, 1, 1, 1, 1, 1, 1, 1, 1, 1, 1, 1, 1, 1, 1, 1, 4 ),
 ( 0.000000000000000000, 0.05085161579228469897, 0.09975246780941662839, 0.1474376477769318294, 0.1940857839327042589, 0.2391709270841440305, 0.2833398222454339144, 0.3265771497238439958, 0.3689362814999019857, 0.4105718726814495123, 0.4510505934949118334, 0.4908768629924158966, 0.5300443324843857607, 0.5689366633103305482, 0.6075778621311336281, 0.6464200964505126823, 0.6856793513063941248, 0.7247985849801966696, 0.7635130084045109733, 0.8021725263787546911, 0.8407403615726125601, 0.8796493769005858665, 0.9190706128663397312, 0.9590978622172243728, 1.000000000000000000 ),
 .UNSPECIFIED. ) ;
#6107 = FILL_AREA_STYLE ('',( #4154 ) ) ;
#6108 = CARTESIAN_POINT ( 'NONE',  ( 1.661768500710183893, -4.900000000000001243, 4.011214840343712673 ) ) ;
#6109 = VECTOR ( 'NONE', #199, 999.9999999999998863 ) ;
#6110 = SURFACE_STYLE_FILL_AREA ( #1216 ) ;
#6111 = PLANE ( 'NONE',  #3661 ) ;
#6112 = CARTESIAN_POINT ( 'NONE',  ( -1.570000000000000950, 3.709999999999999964, -0.001000000000000132727 ) ) ;
#6113 = AXIS2_PLACEMENT_3D ( 'NONE', #2288, #5762, #1374 ) ;
#6114 = SURFACE_STYLE_FILL_AREA ( #386 ) ;
#6115 = STYLED_ITEM ( 'NONE', ( #6257 ), #761 ) ;
#6116 = CARTESIAN_POINT ( 'NONE',  ( -0.4590329443928453101, -4.949999999999999289, 2.003672123932434435 ) ) ;
#6117 = ORIENTED_EDGE ( 'NONE', *, *, #6248, .T. ) ;
#6118 = VECTOR ( 'NONE', #4753, 1000.000000000000000 ) ;
#6119 =( NAMED_UNIT ( * ) PLANE_ANGLE_UNIT ( ) SI_UNIT ( $, .RADIAN. ) );
#6120 = CARTESIAN_POINT ( 'NONE',  ( -0.6632091346153849987, -4.950000000000000178, 0.8528461538461540314 ) ) ;
#6121 = VECTOR ( 'NONE', #2455, 1000.000000000000000 ) ;
#6122 = AXIS2_PLACEMENT_3D ( 'NONE', #3647, #704, #763 ) ;
#6123 = DIRECTION ( 'NONE',  ( 0.000000000000000000, -0.000000000000000000, 1.000000000000000000 ) ) ;
#6124 = LINE ( 'NONE', #4761, #5960 ) ;
#6125 = CARTESIAN_POINT ( 'NONE',  ( 0.000000000000000000, -2.449999999999989519, 8.800000000000000711 ) ) ;
#6126 = FACE_OUTER_BOUND ( 'NONE', #4139, .T. ) ;
#6127 = COLOUR_RGB ( '',1.000000000000000000, 0.8705882352941176627, 0.5254901960784313930 ) ;
#6128 = DIRECTION ( 'NONE',  ( 1.807003620809174632E-16, -1.000000000000000000, 0.000000000000000000 ) ) ;
#6129 = CARTESIAN_POINT ( 'NONE',  ( -0.3781063701350367845, -4.950000000000001066, 0.9392661059114010280 ) ) ;
#6130 = ORIENTED_EDGE ( 'NONE', *, *, #2537, .T. ) ;
#6131 = EDGE_LOOP ( 'NONE', ( #2479, #1101, #1878, #6035 ) ) ;
#6132 = EDGE_CURVE ( 'NONE', #1746, #49, #5173, .T. ) ;
#6133 = VECTOR ( 'NONE', #3629, 1000.000000000000000 ) ;
#6134 = CARTESIAN_POINT ( 'NONE',  ( -0.2119101279706146201, -4.949999999999999289, 2.066110545126630171 ) ) ;
#6135 = SURFACE_SIDE_STYLE ('',( #5128 ) ) ;
#6136 = ORIENTED_EDGE ( 'NONE', *, *, #2203, .T. ) ;
#6137 = EDGE_CURVE ( 'NONE', #1714, #2681, #978, .T. ) ;
#6138 = FILL_AREA_STYLE_COLOUR ( '', #3379 ) ;
#6139 = CARTESIAN_POINT ( 'NONE',  ( -0.6104034295841220814, -4.949999999999999289, 0.8541678627429052373 ) ) ;
#6140 = B_SPLINE_CURVE_WITH_KNOTS ( 'NONE', 3,
 ( #574, #5428, #2464, #5332, #540, #1048, #4431, #479, #5399, #6329, #2403, #5914, #2983, #61, #1938, #3016, #2030, #3953, #5878 ),
 .UNSPECIFIED., .F., .F.,
 ( 4, 1, 1, 1, 1, 1, 1, 1, 1, 1, 1, 1, 1, 1, 1, 1, 4 ),
 ( 0.000000000000000000, 0.07596440262219977813, 0.1481252239748712951, 0.2172006111446034005, 0.2832999093723613804, 0.3472018681362410986, 0.4092995407059241697, 0.4704256161074026887, 0.5315880640528349854, 0.5917391729173696602, 0.6502577442905730365, 0.7073030399522860501, 0.7642084640229155346, 0.8211475320101307984, 0.8791188121552544477, 0.9384228183936667023, 1.000000000000000000 ),
 .UNSPECIFIED. ) ;
#6141 = DIRECTION ( 'NONE',  ( 0.000000000000000000, -0.000000000000000000, 1.000000000000000000 ) ) ;
#6142 = UNCERTAINTY_MEASURE_WITH_UNIT (LENGTH_MEASURE( 1.000000000000000082E-05 ), #3099, 'distance_accuracy_value', 'NONE');
#6143 = CARTESIAN_POINT ( 'NONE',  ( 0.5023076923076921219, -4.900000000000000355, 1.818290865384615707 ) ) ;
#6144 = CARTESIAN_POINT ( 'NONE',  ( 1.165364409702314141, -4.950000000000002842, 3.486955288938125896 ) ) ;
#6145 = EDGE_LOOP ( 'NONE', ( #688, #3219, #322, #4195 ) ) ;
#6146 = ORIENTED_EDGE ( 'NONE', *, *, #4594, .T. ) ;
#6147 = CARTESIAN_POINT ( 'NONE',  ( 1.668512820512820349, -4.900000000000001243, 3.932541666666667712 ) ) ;
#6148 = SURFACE_STYLE_FILL_AREA ( #877 ) ;
#6149 =( NAMED_UNIT ( * ) PLANE_ANGLE_UNIT ( ) SI_UNIT ( $, .RADIAN. ) );
#6150 = B_SPLINE_CURVE_WITH_KNOTS ( 'NONE', 3,
 ( #3231, #6191, #3375, #6247, #4317, #3406, #2349, #2415, #5379, #2322, #424, #5279, #1915, #1376, #2902, #5346, #3316, #992, #4349, #5854, #1467, #931, #5798, #459, #897, #1821, #6273 ),
 .UNSPECIFIED., .F., .F.,
 ( 4, 1, 1, 1, 1, 1, 1, 1, 1, 1, 1, 1, 1, 1, 1, 1, 1, 1, 1, 1, 1, 1, 1, 1, 4 ),
 ( 0.000000000000000000, 0.04469699988991691214, 0.08853356291858741067, 0.1314091332352274044, 0.1738139421467782275, 0.2157145332694448969, 0.2572471603264206430, 0.2988479641797118225, 0.3406041827148142409, 0.3820294481091343064, 0.4229697500404857591, 0.4636322295306196106, 0.5040475437003945069, 0.5445912057564574749, 0.5849639251690935682, 0.6262652162680830692, 0.6679794005009904723, 0.7099427472053505550, 0.7513818550852254807, 0.7926185649779642350, 0.8339484357458205599, 0.8750080506311037620, 0.9164455302232757949, 0.9579066137283073212, 1.000000000000000000 ),
 .UNSPECIFIED. ) ;
#6151 = FACE_OUTER_BOUND ( 'NONE', #6010, .T. ) ;
#6152 = ORIENTED_EDGE ( 'NONE', *, *, #3063, .T. ) ;
#6153 = UNCERTAINTY_MEASURE_WITH_UNIT (LENGTH_MEASURE( 1.000000000000000082E-05 ), #2785, 'distance_accuracy_value', 'NONE');
#6154 = LINE ( 'NONE', #3654, #4626 ) ;
#6155 = CARTESIAN_POINT ( 'NONE',  ( -0.1766881749987716244, -4.900000000000000355, 2.035261450661260962 ) ) ;
#6156 = CARTESIAN_POINT ( 'NONE',  ( -1.281538461538461959, -4.900000000000000355, 2.918999999999999595 ) ) ;
#6157 = DIRECTION ( 'NONE',  ( -1.000000000000000000, 0.000000000000000000, 0.000000000000000000 ) ) ;
#6158 = DIRECTION ( 'NONE',  ( 1.807003620809174632E-16, -1.000000000000000000, 0.000000000000000000 ) ) ;
#6159 = ORIENTED_EDGE ( 'NONE', *, *, #2751, .T. ) ;
#6160 = CARTESIAN_POINT ( 'NONE',  ( 0.9868279170552789470, -4.950000000000001066, 4.011235395070566589 ) ) ;
#6161 = PRESENTATION_STYLE_ASSIGNMENT (( #337 ) ) ;
#6162 = DIRECTION ( 'NONE',  ( 0.000000000000000000, -0.000000000000000000, -1.000000000000000000 ) ) ;
#6163 = ORIENTED_EDGE ( 'NONE', *, *, #4567, .F. ) ;
#6164 = CARTESIAN_POINT ( 'NONE',  ( 1.036636252265310532, -4.950000000000001954, 3.145696090474394246 ) ) ;
#6165 = MECHANICAL_DESIGN_GEOMETRIC_PRESENTATION_REPRESENTATION (  '', ( #5655 ), #1056 ) ;
#6166 = CARTESIAN_POINT ( 'NONE',  ( -0.9700000000000008615, 3.910000000000000142, -3.479999999999994209 ) ) ;
#6167 = PRESENTATION_LAYER_ASSIGNMENT (  '', '', ( #3088 ) ) ;
#6168 = DIRECTION ( 'NONE',  ( 0.000000000000000000, -0.000000000000000000, -1.000000000000000000 ) ) ;
#6169 = DIRECTION ( 'NONE',  ( 1.000000000000000000, 0.000000000000000000, 0.000000000000000000 ) ) ;
#6170 = EDGE_CURVE ( 'NONE', #4090, #2337, #506, .T. ) ;
#6171 = EDGE_CURVE ( 'NONE', #4200, #4990, #2396, .T. ) ;
#6172 = EDGE_LOOP ( 'NONE', ( #2851, #1381, #5881, #1469, #3280, #1872, #3836, #4049 ) ) ;
#6173 = EDGE_LOOP ( 'NONE', ( #2532, #160, #5035, #5521 ) ) ;
#6174 = CARTESIAN_POINT ( 'NONE',  ( 1.102369298406293385, -4.900000000000001243, 4.131946019163768469 ) ) ;
#6175 =( GEOMETRIC_REPRESENTATION_CONTEXT ( 3 ) GLOBAL_UNCERTAINTY_ASSIGNED_CONTEXT ( ( #5556 ) ) GLOBAL_UNIT_ASSIGNED_CONTEXT ( ( #2849, #1481, #5003 ) ) REPRESENTATION_CONTEXT ( 'NONE', 'WORKASPACE' ) );
#6176 = CARTESIAN_POINT ( 'NONE',  ( 1.686461538461538234, -4.900000000000000355, 3.098487179487178889 ) ) ;
#6177 = DIRECTION ( 'NONE',  ( -0.000000000000000000, -1.000000000000000000, -0.000000000000000000 ) ) ;
#6178 = EDGE_CURVE ( 'NONE', #3760, #6241, #2882, .T. ) ;
#6179 = LINE ( 'NONE', #2372, #5049 ) ;
#6180 =( LENGTH_UNIT ( ) NAMED_UNIT ( * ) SI_UNIT ( .MILLI., .METRE. ) );
#6181 = CARTESIAN_POINT ( 'NONE',  ( 0.7710581827498508289, -4.950000000000000178, 2.929667427671659663 ) ) ;
#6182 = ORIENTED_EDGE ( 'NONE', *, *, #3641, .F. ) ;
#6183 = AXIS2_PLACEMENT_3D ( 'NONE', #2854, #832, #2285 ) ;
#6184 = CARTESIAN_POINT ( 'NONE',  ( 1.334016202832106535, -4.899999999999999467, 3.643426090898437497 ) ) ;
#6185 = VECTOR ( 'NONE', #2725, 1000.000000000000000 ) ;
#6186 = DIRECTION ( 'NONE',  ( 0.000000000000000000, -0.000000000000000000, 1.000000000000000000 ) ) ;
#6187 = LINE ( 'NONE', #5763, #4030 ) ;
#6188 = CARTESIAN_POINT ( 'NONE',  ( -0.1435003660408739334, -4.900000000000001243, 2.002444828161038082 ) ) ;
#6189 = DIRECTION ( 'NONE',  ( -0.5403350958123748216, 0.000000000000000000, 0.8414499297245390252 ) ) ;
#6190 = EDGE_CURVE ( 'NONE', #4807, #4240, #5391, .T. ) ;
#6191 = CARTESIAN_POINT ( 'NONE',  ( -0.6795474906652040348, -4.950000000000000178, 0.6800242957220333784 ) ) ;
#6192 = PRESENTATION_LAYER_ASSIGNMENT (  '', '', ( #1574 ) ) ;
#6193 = LINE ( 'NONE', #5281, #6311 ) ;
#6194 = CARTESIAN_POINT ( 'NONE',  ( 1.009289130061171491, -4.949999999999999289, 4.054577965304615006 ) ) ;
#6195 = PRESENTATION_LAYER_ASSIGNMENT (  '', '', ( #2586 ) ) ;
#6196 = CARTESIAN_POINT ( 'NONE',  ( -1.154001436049515883, -4.949999999999995737, 1.579932539369864886 ) ) ;
#6197 = LINE ( 'NONE', #158, #1768 ) ;
#6198 = DIRECTION ( 'NONE',  ( 0.000000000000000000, -0.000000000000000000, 1.000000000000000000 ) ) ;
#6199 = ORIENTED_EDGE ( 'NONE', *, *, #572, .T. ) ;
#6200 = CARTESIAN_POINT ( 'NONE',  ( 1.244446385329669669, -4.900000000000000355, 3.329163894425283043 ) ) ;
#6201 = LINE ( 'NONE', #3506, #6315 ) ;
#6202 = DIRECTION ( 'NONE',  ( -1.000000000000000000, -0.000000000000000000, -0.000000000000000000 ) ) ;
#6203 = LINE ( 'NONE', #410, #4024 ) ;
#6204 = CARTESIAN_POINT ( 'NONE',  ( 1.435002611223113789, -4.949999999999999289, 4.075492053146962945 ) ) ;
#6205 = ORIENTED_EDGE ( 'NONE', *, *, #3662, .F. ) ;
#6206 = VERTEX_POINT ( 'NONE', #5903 ) ;
#6207 = EDGE_CURVE ( 'NONE', #3678, #5338, #968, .T. ) ;
#6208 = CARTESIAN_POINT ( 'NONE',  ( -1.266593851760314138, -4.900000000000001243, 1.015235199362890750 ) ) ;
#6209 = CARTESIAN_POINT ( 'NONE',  ( 1.001605769230768939, -4.900000000000000355, 3.098487179487178889 ) ) ;
#6210 = FACE_OUTER_BOUND ( 'NONE', #3108, .T. ) ;
#6211 = SURFACE_SIDE_STYLE ('',( #5631 ) ) ;
#6212 = ORIENTED_EDGE ( 'NONE', *, *, #6246, .F. ) ;
#6213 = CARTESIAN_POINT ( 'NONE',  ( -0.7373332367417190225, -4.899999999999999467, 2.216475040104009420 ) ) ;
#6214 = ADVANCED_FACE ( 'NONE', ( #1510 ), #3455, .F. ) ;
#6215 = CARTESIAN_POINT ( 'NONE',  ( 1.237743589743589334, -4.900000000000000355, 4.318999999999999950 ) ) ;
#6216 = DIRECTION ( 'NONE',  ( 0.000000000000000000, 0.6246950475544236214, -0.7808688094430309423 ) ) ;
#6217 = SURFACE_STYLE_USAGE ( .BOTH. , #4823 ) ;
#6218 = CARTESIAN_POINT ( 'NONE',  ( 1.233817307692307352, -4.950000000000000178, 4.157461538461538098 ) ) ;
#6219 = VECTOR ( 'NONE', #102, 1000.000000000000000 ) ;
#6220 = UNCERTAINTY_MEASURE_WITH_UNIT (LENGTH_MEASURE( 1.000000000000000082E-05 ), #3755, 'distance_accuracy_value', 'NONE');
#6221 = AXIS2_PLACEMENT_3D ( 'NONE', #3906, #4354, #5826 ) ;
#6222 = VECTOR ( 'NONE', #3323, 1000.000000000000000 ) ;
#6223 = CARTESIAN_POINT ( 'NONE',  ( 1.059917872371914038, -4.900000000000002132, 4.106840303237621725 ) ) ;
#6224 =( GEOMETRIC_REPRESENTATION_CONTEXT ( 3 ) GLOBAL_UNCERTAINTY_ASSIGNED_CONTEXT ( ( #1853 ) ) GLOBAL_UNIT_ASSIGNED_CONTEXT ( ( #4192, #423, #930 ) ) REPRESENTATION_CONTEXT ( 'NONE', 'WORKASPACE' ) );
#6225 = CARTESIAN_POINT ( 'NONE',  ( -1.161865441711354086, -4.949999999999995737, 1.453624033977423569 ) ) ;
#6226 = VECTOR ( 'NONE', #6003, 1000.000000000000000 ) ;
#6227 = VECTOR ( 'NONE', #4834, 1000.000000000000000 ) ;
#6228 = ORIENTED_EDGE ( 'NONE', *, *, #6240, .T. ) ;
#6229 = CARTESIAN_POINT ( 'NONE',  ( 0.2907692307692305023, -4.900000000000000355, 2.199000000000000288 ) ) ;
#6230 = CARTESIAN_POINT ( 'NONE',  ( 1.014866858014604967, -4.900000000000000355, 3.360655277235862215 ) ) ;
#6231 = FACE_OUTER_BOUND ( 'NONE', #2645, .T. ) ;
#6232 = VECTOR ( 'NONE', #1935, 1000.000000000000000 ) ;
#6233 = PLANE ( 'NONE',  #2582 ) ;
#6234 = CARTESIAN_POINT ( 'NONE',  ( 1.484820755446078389, -4.950000000000001954, 3.976755444584354038 ) ) ;
#6235 = EDGE_LOOP ( 'NONE', ( #2850, #2923, #2915, #3677 ) ) ;
#6236 = ORIENTED_EDGE ( 'NONE', *, *, #1745, .T. ) ;
#6237 = CARTESIAN_POINT ( 'NONE',  ( 1.470171862401061125, -4.950000000000005507, 3.833445639350598011 ) ) ;
#6238 = PLANE ( 'NONE',  #1554 ) ;
#6239 = FACE_OUTER_BOUND ( 'NONE', #4908, .T. ) ;
#6240 = EDGE_CURVE ( 'NONE', #1094, #1111, #4804, .T. ) ;
#6241 = VERTEX_POINT ( 'NONE', #5454 ) ;
#6242 = CARTESIAN_POINT ( 'NONE',  ( -1.154001436049515883, -4.900000000000000355, 1.579932539369864886 ) ) ;
#6243 = B_SPLINE_CURVE_WITH_KNOTS ( 'NONE', 3,
 ( #1728, #4667, #2259, #3230, #6245, #5186, #1848, #3689, #808, #1250, #2289, #304, #6155, #6188, #838, #5218, #2766, #4918, #3898, #6304, #5922, #486, #1057, #1946, #5377, #3374, #2996 ),
 .UNSPECIFIED., .F., .F.,
 ( 4, 1, 1, 1, 1, 1, 1, 1, 1, 1, 1, 1, 1, 1, 1, 1, 1, 1, 1, 1, 1, 1, 1, 1, 4 ),
 ( 0.000000000000000000, 0.04309897056889696459, 0.08558676034507305130, 0.1269076657436392364, 0.1679674856215210843, 0.2084495586010658708, 0.2490254246415441741, 0.2892805341716790934, 0.3300098489827308912, 0.3705977240995771971, 0.4104659863326995395, 0.4500332158929482573, 0.4896882096042475263, 0.5291164230741912666, 0.5690368070925095889, 0.6097030542359446192, 0.6507589174942193244, 0.6925092624061776059, 0.7342191213706862341, 0.7767069111468622999, 0.8195518402403214608, 0.8633507288313336803, 0.9078385251300616909, 0.9533337036124183150, 1.000000000000000000 ),
 .UNSPECIFIED. ) ;
#6244 =( LENGTH_UNIT ( ) NAMED_UNIT ( * ) SI_UNIT ( .MILLI., .METRE. ) );
#6245 = CARTESIAN_POINT ( 'NONE',  ( -0.5126772450179659657, -4.899999999999999467, 2.204904498942947821 ) ) ;
#6246 = EDGE_CURVE ( 'NONE', #2714, #1396, #4164, .T. ) ;
#6247 = CARTESIAN_POINT ( 'NONE',  ( -0.7641664680140574095, -4.950000000000001954, 0.6855724702486077904 ) ) ;
#6248 = EDGE_CURVE ( 'NONE', #5899, #2398, #3046, .T. ) ;
#6249 = FACE_OUTER_BOUND ( 'NONE', #4644, .T. ) ;
#6250 = CARTESIAN_POINT ( 'NONE',  ( -0.7103127493227936462, -4.950000000000001954, 2.044158712657190957 ) ) ;
#6251 = CARTESIAN_POINT ( 'NONE',  ( 1.125819520331037937, -4.899999999999998579, 4.141315164911877567 ) ) ;
#6252 = CARTESIAN_POINT ( 'NONE',  ( -1.142894682782809923, -4.899999999999999467, 1.648624152813544352 ) ) ;
#6253 = VERTEX_POINT ( 'NONE', #5159 ) ;
#6254 = UNCERTAINTY_MEASURE_WITH_UNIT (LENGTH_MEASURE( 1.000000000000000082E-05 ), #1760, 'distance_accuracy_value', 'NONE');
#6255 = FILL_AREA_STYLE ('',( #500 ) ) ;
#6256 = DIRECTION ( 'NONE',  ( -0.9653633930282671249, -0.000000000000000000, -0.2609090251427715890 ) ) ;
#6257 = PRESENTATION_STYLE_ASSIGNMENT (( #3359 ) ) ;
#6258 = SURFACE_STYLE_USAGE ( .BOTH. , #3301 ) ;
#6259 = CARTESIAN_POINT ( 'NONE',  ( 0.2907692307692305023, -4.900000000000000355, 2.199000000000000288 ) ) ;
#6260 = VECTOR ( 'NONE', #510, 1000.000000000000000 ) ;
#6261 = LINE ( 'NONE', #2303, #1973 ) ;
#6262 = ORIENTED_EDGE ( 'NONE', *, *, #426, .F. ) ;
#6263 = VERTEX_POINT ( 'NONE', #2085 ) ;
#6264 = CARTESIAN_POINT ( 'NONE',  ( 1.364615542694300299, -4.950000000000002842, 3.675670563578561811 ) ) ;
#6265 =( GEOMETRIC_REPRESENTATION_CONTEXT ( 3 ) GLOBAL_UNCERTAINTY_ASSIGNED_CONTEXT ( ( #431 ) ) GLOBAL_UNIT_ASSIGNED_CONTEXT ( ( #2227, #2640, #203 ) ) REPRESENTATION_CONTEXT ( 'NONE', 'WORKASPACE' ) );
#6266 = CARTESIAN_POINT ( 'NONE',  ( -1.213895752620250734, -4.900000000000001243, 0.9364978877753319386 ) ) ;
#6267 = CARTESIAN_POINT ( 'NONE',  ( -1.869999999999999885, -3.649999999999990141, 5.301000000000002821 ) ) ;
#6268 = STYLED_ITEM ( 'NONE', ( #3841 ), #5386 ) ;
#6269 = SURFACE_SIDE_STYLE ('',( #1 ) ) ;
#6270 = CARTESIAN_POINT ( 'NONE',  ( 1.412634181585046944, -4.900000000000001243, 3.732408703635755387 ) ) ;
#6271 =( GEOMETRIC_REPRESENTATION_CONTEXT ( 3 ) GLOBAL_UNCERTAINTY_ASSIGNED_CONTEXT ( ( #2905 ) ) GLOBAL_UNIT_ASSIGNED_CONTEXT ( ( #583, #2502, #4872 ) ) REPRESENTATION_CONTEXT ( 'NONE', 'WORKASPACE' ) );
#6272 = CARTESIAN_POINT ( 'NONE',  ( -1.281538461538461959, -4.900000000000000355, 4.009945512820512370 ) ) ;
#6273 = CARTESIAN_POINT ( 'NONE',  ( -1.373846153846154383, -4.950000000000000178, 1.429168269230769450 ) ) ;
#6274 = VECTOR ( 'NONE', #376, 1000.000000000000000 ) ;
#6275 =( NAMED_UNIT ( * ) PLANE_ANGLE_UNIT ( ) SI_UNIT ( $, .RADIAN. ) );
#6276 = PRESENTATION_LAYER_ASSIGNMENT (  '', '', ( #2994 ) ) ;
#6277 = ADVANCED_FACE ( 'NONE', ( #6126 ), #1571, .F. ) ;
#6278 = UNCERTAINTY_MEASURE_WITH_UNIT (LENGTH_MEASURE( 1.000000000000000082E-05 ), #793, 'distance_accuracy_value', 'NONE');
#6279 = FILL_AREA_STYLE_COLOUR ( '', #3203 ) ;
#6280 = MECHANICAL_DESIGN_GEOMETRIC_PRESENTATION_REPRESENTATION (  '', ( #5564 ), #5667 ) ;
#6281 = SURFACE_STYLE_USAGE ( .BOTH. , #47 ) ;
#6282 = ORIENTED_EDGE ( 'NONE', *, *, #1346, .T. ) ;
#6283 = AXIS2_PLACEMENT_3D ( 'NONE', #181, #283, #4085 ) ;
#6284 = DIRECTION ( 'NONE',  ( 1.000000000000000000, 0.000000000000000000, 0.000000000000000000 ) ) ;
#6285 = EDGE_CURVE ( 'NONE', #6241, #4310, #2020, .T. ) ;
#6286 = CARTESIAN_POINT ( 'NONE',  ( 1.237743589743589334, -4.950000000000000178, 4.318999999999999950 ) ) ;
#6287 = DIRECTION ( 'NONE',  ( 1.000000000000000000, 1.367242359578592995E-16, 0.000000000000000000 ) ) ;
#6288 = SURFACE_STYLE_FILL_AREA ( #3362 ) ;
#6289 = CARTESIAN_POINT ( 'NONE',  ( -0.1856482414550275073, -4.900000000000001243, 0.8520969812119386644 ) ) ;
#6290 = CARTESIAN_POINT ( 'NONE',  ( 1.287735130544748197, -4.950000000000000178, 4.153626642570886318 ) ) ;
#6291 = ORIENTED_EDGE ( 'NONE', *, *, #6248, .F. ) ;
#6292 = EDGE_LOOP ( 'NONE', ( #1045, #3425, #4099, #2504, #5821, #2698 ) ) ;
#6293 = CARTESIAN_POINT ( 'NONE',  ( 1.112663461538461407, -4.950000000000002842, 3.442597756410255894 ) ) ;
#6294 = EDGE_CURVE ( 'NONE', #6064, #2678, #4670, .T. ) ;
#6295 = CARTESIAN_POINT ( 'NONE',  ( 0.8495156368917540224, -4.950000000000001066, 4.129126693963808492 ) ) ;
#6296 = SURFACE_STYLE_USAGE ( .BOTH. , #3774 ) ;
#6297 = FILL_AREA_STYLE_COLOUR ( '', #4380 ) ;
#6298 = EDGE_LOOP ( 'NONE', ( #5357, #6104, #2551, #210 ) ) ;
#6299 = ORIENTED_EDGE ( 'NONE', *, *, #2364, .T. ) ;
#6300 = CARTESIAN_POINT ( 'NONE',  ( 0.5023076923076921219, -4.900000000000000355, 1.818290865384615707 ) ) ;
#6301 = CARTESIAN_POINT ( 'NONE',  ( 1.471606453752803967, -4.900000000000001243, 4.019040958700426991 ) ) ;
#6302 = DIRECTION ( 'NONE',  ( 0.000000000000000000, -1.000000000000000000, 0.000000000000000000 ) ) ;
#6303 = DIRECTION ( 'NONE',  ( -1.067636913544216258E-16, 0.7808688094430308313, 0.6246950475544235104 ) ) ;
#6304 = CARTESIAN_POINT ( 'NONE',  ( 0.0007855292848925844382, -4.900000000000001243, 1.754446597601494018 ) ) ;
#6305 = COLOUR_RGB ( '',1.000000000000000000, 1.000000000000000000, 1.000000000000000000 ) ;
#6306 = PRESENTATION_STYLE_ASSIGNMENT (( #6217 ) ) ;
#6307 = CARTESIAN_POINT ( 'NONE',  ( 0.7908620498535415821, -4.900000000000000355, 3.939770951389158782 ) ) ;
#6308 = ORIENTED_EDGE ( 'NONE', *, *, #2951, .T. ) ;
#6309 = SURFACE_STYLE_FILL_AREA ( #1028 ) ;
#6310 = CARTESIAN_POINT ( 'NONE',  ( 1.569999999999999396, -3.910000000000001030, -3.850000000000000089 ) ) ;
#6311 = VECTOR ( 'NONE', #1342, 1000.000000000000000 ) ;
#6312 = FACE_OUTER_BOUND ( 'NONE', #1899, .T. ) ;
#6313 = STYLED_ITEM ( 'NONE', ( #3353 ), #5694 ) ;
#6314 = EDGE_CURVE ( 'NONE', #5685, #3828, #1139, .T. ) ;
#6315 = VECTOR ( 'NONE', #3024, 1000.000000000000000 ) ;
#6316 = ORIENTED_EDGE ( 'NONE', *, *, #4745, .F. ) ;
#6317 = SURFACE_STYLE_FILL_AREA ( #6255 ) ;
#6318 = PRESENTATION_LAYER_ASSIGNMENT (  '', '', ( #4677 ) ) ;
#6319 = CARTESIAN_POINT ( 'NONE',  ( 1.522653554238256435, -4.950000000000000178, 4.234597478207096088 ) ) ;
#6320 = CARTESIAN_POINT ( 'NONE',  ( 0.6700000000000000400, -4.950000000000000178, 4.800000000000000711 ) ) ;
#6321 = PRESENTATION_LAYER_ASSIGNMENT (  '', '', ( #396 ) ) ;
#6322 =( NAMED_UNIT ( * ) SI_UNIT ( $, .STERADIAN. ) SOLID_ANGLE_UNIT ( ) );
#6323 = FILL_AREA_STYLE_COLOUR ( '', #3505 ) ;
#6324 = EDGE_CURVE ( 'NONE', #579, #6206, #1074, .T. ) ;
#6325 = ORIENTED_EDGE ( 'NONE', *, *, #6294, .T. ) ;
#6326 = CARTESIAN_POINT ( 'NONE',  ( -0.9700000000000008615, -3.910000000000001030, -3.850000000000000089 ) ) ;
#6327 = STYLED_ITEM ( 'NONE', ( #2137 ), #380 ) ;
#6328 = CARTESIAN_POINT ( 'NONE',  ( 1.430947836142798524, -4.950000000000001954, 3.758311073751641196 ) ) ;
#6329 = CARTESIAN_POINT ( 'NONE',  ( -1.021015816753664929, -4.900000000000001243, 1.006013512761436912 ) ) ;
#6330 = CARTESIAN_POINT ( 'NONE',  ( -1.570000000000000950, 3.709999999999999964, -3.850000000000000089 ) ) ;
ENDSEC;
END-ISO-10303-21;
