ISO-10303-21;
HEADER;
FILE_DESCRIPTION (( 'STEP AP214' ),
    '1' );
FILE_NAME ('DS1040-01RT.STEP',
    '2025-02-04T10:26:07',
    ( '' ),
    ( '' ),
    'SwSTEP 2.0',
    'SolidWorks 2021',
    '' );
FILE_SCHEMA (( 'AUTOMOTIVE_DESIGN' ));
ENDSEC;

DATA;
#1 = ADVANCED_FACE ( 'NONE', ( #2350 ), #1089, .F. ) ;
#2 = FACE_OUTER_BOUND ( 'NONE', #2213, .T. ) ;
#3 = SURFACE_STYLE_USAGE ( .BOTH. , #2100 ) ;
#4 = VECTOR ( 'NONE', #984, 1000.000000000000000 ) ;
#5 = VECTOR ( 'NONE', #1943, 1000.000000000000000 ) ;
#6 = ORIENTED_EDGE ( 'NONE', *, *, #1587, .F. ) ;
#7 = AXIS2_PLACEMENT_3D ( 'NONE', #3324, #1617, #3735 ) ;
#8 = ORIENTED_EDGE ( 'NONE', *, *, #46, .T. ) ;
#9 = DIRECTION ( 'NONE',  ( -0.000000000000000000, -1.000000000000000000, -0.000000000000000000 ) ) ;
#10 = SURFACE_SIDE_STYLE ('',( #3392 ) ) ;
#11 = MECHANICAL_DESIGN_GEOMETRIC_PRESENTATION_REPRESENTATION (  '', ( #892 ), #2288 ) ;
#12 = ORIENTED_EDGE ( 'NONE', *, *, #408, .F. ) ;
#13 = VECTOR ( 'NONE', #1190, 1000.000000000000000 ) ;
#14 = SURFACE_SIDE_STYLE ('',( #2736 ) ) ;
#15 = CARTESIAN_POINT ( 'NONE',  ( -1.403677411986095969, -4.900000000000001243, 1.412931107150833476 ) ) ;
#16 = CARTESIAN_POINT ( 'NONE',  ( -0.4601480857409359637, -4.949999999999995737, 0.7150305743888143439 ) ) ;
#17 = UNCERTAINTY_MEASURE_WITH_UNIT (LENGTH_MEASURE( 1.000000000000000082E-05 ), #1487, 'distance_accuracy_value', 'NONE');
#18 = CARTESIAN_POINT ( 'NONE',  ( 0.2000000000000005107, -3.910000000000001030, -3.850000000000000089 ) ) ;
#19 = COLOUR_RGB ( '',1.000000000000000000, 0.8705882352941176627, 0.5254901960784313930 ) ;
#20 = CARTESIAN_POINT ( 'NONE',  ( 0.05240384615384601624, -4.950000000000001066, 4.319000000000000838 ) ) ;
#21 = VECTOR ( 'NONE', #3278, 1000.000000000000000 ) ;
#22 = SURFACE_SIDE_STYLE ('',( #2766 ) ) ;
#23 = CARTESIAN_POINT ( 'NONE',  ( -0.8433820768491094855, -4.899999999999998579, 0.6932656733630071511 ) ) ;
#24 = EDGE_CURVE ( 'NONE', #3226, #3287, #3243, .T. ) ;
#25 = AXIS2_PLACEMENT_3D ( 'NONE', #2403, #844, #1801 ) ;
#26 = ORIENTED_EDGE ( 'NONE', *, *, #1246, .F. ) ;
#27 = DIRECTION ( 'NONE',  ( -0.000000000000000000, -0.000000000000000000, 1.000000000000000000 ) ) ;
#28 = CARTESIAN_POINT ( 'NONE',  ( -0.1472225919158462459, -4.899999999999999467, 4.085260596303617930 ) ) ;
#29 = EDGE_LOOP ( 'NONE', ( #1420, #1952, #789, #3348 ) ) ;
#30 = ORIENTED_EDGE ( 'NONE', *, *, #1921, .T. ) ;
#31 = EDGE_CURVE ( 'NONE', #3121, #567, #244, .T. ) ;
#32 = CARTESIAN_POINT ( 'NONE',  ( -1.243895752620250539, -4.900000000000001243, 0.9364978877753319386 ) ) ;
#33 = PLANE ( 'NONE',  #70 ) ;
#34 = LINE ( 'NONE', #1252, #2308 ) ;
#35 = CARTESIAN_POINT ( 'NONE',  ( 2.000000000000000000, 4.950000000000000178, -0.001000000000000024307 ) ) ;
#36 = UNCERTAINTY_MEASURE_WITH_UNIT (LENGTH_MEASURE( 1.000000000000000082E-05 ), #2527, 'distance_accuracy_value', 'NONE');
#37 = PLANE ( 'NONE',  #3132 ) ;
#38 = CARTESIAN_POINT ( 'NONE',  ( -0.2111515819136845495, -4.949999999999999289, 1.253367430971772611 ) ) ;
#39 = B_SPLINE_CURVE_WITH_KNOTS ( 'NONE', 3,
 ( #2683, #3901, #2078, #3747, #1276, #639, #1592, #345, #3439, #1318, #2472, #1871, #85, #1553, #38, #1846, #2497, #2537, #3385 ),
 .UNSPECIFIED., .F., .F.,
 ( 4, 1, 1, 1, 1, 1, 1, 1, 1, 1, 1, 1, 1, 1, 1, 1, 4 ),
 ( 0.000000000000000000, 0.06105491174328313980, 0.1195453450847437094, 0.1768063562451034632, 0.2329564830316853408, 0.2885834899465033465, 0.3446666617213002826, 0.4016615108374462784, 0.4605400973082779958, 0.5204770623221881554, 0.5812128653554006208, 0.6434307597220103592, 0.7079608695212424863, 0.7753707435336738563, 0.8464136772813298792, 0.9211518871893693561, 1.000000000000000000 ),
 .UNSPECIFIED. ) ;
#40 = CARTESIAN_POINT ( 'NONE',  ( -0.7070581931940564946, -4.950000000000000178, 2.044819135020045309 ) ) ;
#41 = CARTESIAN_POINT ( 'NONE',  ( -0.8433820768491094855, -4.949999999999998401, 0.6932656733630071511 ) ) ;
#42 = ORIENTED_EDGE ( 'NONE', *, *, #994, .F. ) ;
#43 = ORIENTED_EDGE ( 'NONE', *, *, #2701, .F. ) ;
#44 = SURFACE_SIDE_STYLE ('',( #107 ) ) ;
#45 = CARTESIAN_POINT ( 'NONE',  ( -0.2067999222272239868, -4.949999999999998401, 1.616612929034543455 ) ) ;
#46 = EDGE_CURVE ( 'NONE', #963, #3720, #2949, .T. ) ;
#47 = DIRECTION ( 'NONE',  ( -0.000000000000000000, 1.000000000000000000, -0.000000000000000000 ) ) ;
#48 = B_SPLINE_CURVE_WITH_KNOTS ( 'NONE', 3,
 ( #321, #40, #2803, #3095, #1301, #3647, #2785, #390, #1216, #1277, #663, #2172, #2498, #930, #2153, #1256, #3685, #996, #2473 ),
 .UNSPECIFIED., .F., .F.,
 ( 4, 1, 1, 1, 1, 1, 1, 1, 1, 1, 1, 1, 1, 1, 1, 1, 4 ),
 ( 0.000000000000000000, 0.05594313335691826483, 0.1103820356898404936, 0.1640478588828495898, 0.2167594775435857102, 0.2696011346144469578, 0.3230085051908686555, 0.3775814436721358081, 0.4334493367080535786, 0.4909218580498928008, 0.5506247708713253308, 0.6131168723098182616, 0.6798607463518505645, 0.7513577440202003910, 0.8282611012589942145, 0.9107950320656291732, 1.000000000000000000 ),
 .UNSPECIFIED. ) ;
#49 =( NAMED_UNIT ( * ) PLANE_ANGLE_UNIT ( ) SI_UNIT ( $, .RADIAN. ) );
#50 = ORIENTED_EDGE ( 'NONE', *, *, #102, .T. ) ;
#51 = CARTESIAN_POINT ( 'NONE',  ( -0.3346153846153847589, -4.950000000000000178, 3.803535256410256249 ) ) ;
#52 = CARTESIAN_POINT ( 'NONE',  ( -2.500000000000000444, 1.699999999999999956, 1.800000000000000488 ) ) ;
#53 = EDGE_CURVE ( 'NONE', #2522, #2552, #3511, .T. ) ;
#54 = LINE ( 'NONE', #3088, #2645 ) ;
#55 = UNCERTAINTY_MEASURE_WITH_UNIT (LENGTH_MEASURE( 1.000000000000000082E-05 ), #2409, 'distance_accuracy_value', 'NONE');
#56 = CARTESIAN_POINT ( 'NONE',  ( -1.371002818820657998, -4.949999999999999289, 1.192276586425710994 ) ) ;
#57 = DIRECTION ( 'NONE',  ( 1.000000000000000000, 0.000000000000000000, 0.000000000000000000 ) ) ;
#58 = CARTESIAN_POINT ( 'NONE',  ( -0.5999999999999998668, -2.449999999999992184, 4.801000000000000156 ) ) ;
#59 = CARTESIAN_POINT ( 'NONE',  ( -0.9824953856214765358, -4.900000000000001243, 0.7363992990259604632 ) ) ;
#60 = ORIENTED_EDGE ( 'NONE', *, *, #1755, .F. ) ;
#61 = CARTESIAN_POINT ( 'NONE',  ( -0.1201889391773222765, -4.949999999999999289, 3.920233926890903664 ) ) ;
#62 = CARTESIAN_POINT ( 'NONE',  ( -0.4496399403579305898, -4.950000000000001066, 2.180195575879539938 ) ) ;
#63 =( NAMED_UNIT ( * ) SI_UNIT ( $, .STERADIAN. ) SOLID_ANGLE_UNIT ( ) );
#64 = MECHANICAL_DESIGN_GEOMETRIC_PRESENTATION_REPRESENTATION (  '', ( #3827 ), #2044 ) ;
#65 = DIRECTION ( 'NONE',  ( -1.000000000000000000, 0.000000000000000000, 0.000000000000000000 ) ) ;
#66 = ORIENTED_EDGE ( 'NONE', *, *, #3702, .T. ) ;
#67 = ADVANCED_FACE ( 'NONE', ( #429 ), #2923, .T. ) ;
#68 = STYLED_ITEM ( 'NONE', ( #3331 ), #3001 ) ;
#69 = CARTESIAN_POINT ( 'NONE',  ( -0.3692960179171976276, -4.899999999999999467, 0.9713712711711781633 ) ) ;
#70 = AXIS2_PLACEMENT_3D ( 'NONE', #3661, #1251, #3678 ) ;
#71 = VERTEX_POINT ( 'NONE', #2115 ) ;
#72 = CARTESIAN_POINT ( 'NONE',  ( 0.2999999999999999334, -3.910000000000001030, -3.850000000000000089 ) ) ;
#74 = ORIENTED_EDGE ( 'NONE', *, *, #2902, .F. ) ;
#73 = CARTESIAN_POINT ( 'NONE',  ( -0.09402793038128687275, -4.900000000000001243, 4.131179871662112646 ) ) ;
#75 = CARTESIAN_POINT ( 'NONE',  ( 1.191057692307692317, -4.950000000000000178, 0.6990000000000001767 ) ) ;
#76 = DIRECTION ( 'NONE',  ( -0.000000000000000000, -0.000000000000000000, 1.000000000000000000 ) ) ;
#77 = COLOUR_RGB ( '',1.000000000000000000, 1.000000000000000000, 1.000000000000000000 ) ;
#78 = ADVANCED_FACE ( 'NONE', ( #1825 ), #366, .F. ) ;
#79 = COLOUR_RGB ( '',1.000000000000000000, 1.000000000000000000, 1.000000000000000000 ) ;
#80 = CARTESIAN_POINT ( 'NONE',  ( -0.2066881749987712624, -4.949999999999999289, 2.035261450661260962 ) ) ;
#81 = ORIENTED_EDGE ( 'NONE', *, *, #2516, .F. ) ;
#82 = LINE ( 'NONE', #137, #1157 ) ;
#83 = AXIS2_PLACEMENT_3D ( 'NONE', #2182, #671, #1884 ) ;
#84 = VECTOR ( 'NONE', #1827, 1000.000000000000000 ) ;
#85 = CARTESIAN_POINT ( 'NONE',  ( -0.2466600957304613817, -4.950000000000000178, 1.142846417541327764 ) ) ;
#86 = CARTESIAN_POINT ( 'NONE',  ( -0.2000000000000005107, -3.710000000000000853, -3.850000000000000089 ) ) ;
#87 = COLOUR_RGB ( '',1.000000000000000000, 1.000000000000000000, 1.000000000000000000 ) ;
#88 = ORIENTED_EDGE ( 'NONE', *, *, #3263, .F. ) ;
#89 = DIRECTION ( 'NONE',  ( 0.000000000000000000, -0.000000000000000000, 1.000000000000000000 ) ) ;
#90 = DIRECTION ( 'NONE',  ( -0.000000000000000000, -1.000000000000000000, 0.000000000000000000 ) ) ;
#91 = DIRECTION ( 'NONE',  ( 0.2609090251427717555, 0.000000000000000000, -0.9653633930282671249 ) ) ;
#92 = SURFACE_STYLE_FILL_AREA ( #1018 ) ;
#93 = ORIENTED_EDGE ( 'NONE', *, *, #2641, .T. ) ;
#94 = LINE ( 'NONE', #2184, #1401 ) ;
#95 = CARTESIAN_POINT ( 'NONE',  ( -0.2679814573006273903, -4.900000000000000355, 4.003316605971173558 ) ) ;
#96 = DIRECTION ( 'NONE',  ( -0.000000000000000000, -0.000000000000000000, 1.000000000000000000 ) ) ;
#97 =( GEOMETRIC_REPRESENTATION_CONTEXT ( 3 ) GLOBAL_UNCERTAINTY_ASSIGNED_CONTEXT ( ( #2207 ) ) GLOBAL_UNIT_ASSIGNED_CONTEXT ( ( #2379, #2711, #3302 ) ) REPRESENTATION_CONTEXT ( 'NONE', 'WORKASPACE' ) );
#98 = PRESENTATION_LAYER_ASSIGNMENT (  '', '', ( #985 ) ) ;
#99 = CARTESIAN_POINT ( 'NONE',  ( -0.4496399403579305898, -4.900000000000001243, 2.180195575879539938 ) ) ;
#100 = VERTEX_POINT ( 'NONE', #1525 ) ;
#101 = PLANE ( 'NONE',  #1349 ) ;
#102 = EDGE_CURVE ( 'NONE', #3175, #204, #2491, .T. ) ;
#103 = FILL_AREA_STYLE ('',( #1615 ) ) ;
#104 = EDGE_CURVE ( 'NONE', #1857, #2552, #3317, .T. ) ;
#105 = DIRECTION ( 'NONE',  ( 0.000000000000000000, 0.000000000000000000, -1.000000000000000000 ) ) ;
#106 = VERTEX_POINT ( 'NONE', #3296 ) ;
#107 = SURFACE_STYLE_FILL_AREA ( #2504 ) ;
#108 = LINE ( 'NONE', #2199, #1177 ) ;
#109 = FILL_AREA_STYLE ('',( #2847 ) ) ;
#110 = COLOUR_RGB ( '',1.000000000000000000, 1.000000000000000000, 1.000000000000000000 ) ;
#111 = DIRECTION ( 'NONE',  ( -1.000000000000000000, 0.000000000000000000, -0.000000000000000000 ) ) ;
#112 = VERTEX_POINT ( 'NONE', #946 ) ;
#114 = EDGE_LOOP ( 'NONE', ( #987, #3273, #1304, #2001, #43, #2441 ) ) ;
#113 = DIRECTION ( 'NONE',  ( 0.000000000000000000, 0.000000000000000000, -1.000000000000000000 ) ) ;
#115 = CARTESIAN_POINT ( 'NONE',  ( -0.3744451644323489314, -4.899999999999999467, 1.930445557770569698 ) ) ;
#116 = CARTESIAN_POINT ( 'NONE',  ( 1.203076923076922933, -4.950000000000000178, 2.199000000000000288 ) ) ;
#117 = CARTESIAN_POINT ( 'NONE',  ( -0.2796393513217476090, -4.950000000000001066, 2.094485036526637867 ) ) ;
#118 = ADVANCED_FACE ( 'NONE', ( #285 ), #3342, .F. ) ;
#119 = DIRECTION ( 'NONE',  ( 0.000000000000000000, 0.000000000000000000, 1.000000000000000000 ) ) ;
#120 = DIRECTION ( 'NONE',  ( -0.000000000000000000, -0.000000000000000000, -1.000000000000000000 ) ) ;
#121 = FACE_OUTER_BOUND ( 'NONE', #1765, .T. ) ;
#122 = EDGE_CURVE ( 'NONE', #182, #3818, #3938, .T. ) ;
#123 = CARTESIAN_POINT ( 'NONE',  ( -0.3215573282668570121, -4.949999999999999289, 3.808906606714672183 ) ) ;
#124 = CARTESIAN_POINT ( 'NONE',  ( -0.6914062500000000000, -4.900000000000000355, 2.218230769230769006 ) ) ;
#125 = CARTESIAN_POINT ( 'NONE',  ( 1.414615384615384830, -4.900000000000000355, 2.199000000000000288 ) ) ;
#126 = CARTESIAN_POINT ( 'NONE',  ( -0.6932091346153846922, -4.900000000000001243, 0.8528461538461540314 ) ) ;
#127 = ORIENTED_EDGE ( 'NONE', *, *, #732, .F. ) ;
#128 = MECHANICAL_DESIGN_GEOMETRIC_PRESENTATION_REPRESENTATION (  '', ( #3047 ), #2946 ) ;
#129 = SURFACE_STYLE_USAGE ( .BOTH. , #1960 ) ;
#130 = FACE_OUTER_BOUND ( 'NONE', #114, .T. ) ;
#131 = CARTESIAN_POINT ( 'NONE',  ( -0.2094764689831106197, -4.899999999999997691, 3.864762700940986839 ) ) ;
#132 =( NAMED_UNIT ( * ) SI_UNIT ( $, .STERADIAN. ) SOLID_ANGLE_UNIT ( ) );
#133 = VERTEX_POINT ( 'NONE', #20 ) ;
#134 = VECTOR ( 'NONE', #3857, 1000.000000000000000 ) ;
#135 = SURFACE_STYLE_USAGE ( .BOTH. , #1295 ) ;
#136 = DIRECTION ( 'NONE',  ( 0.000000000000000000, -1.000000000000000000, 0.000000000000000000 ) ) ;
#137 = CARTESIAN_POINT ( 'NONE',  ( -0.5999999999999998668, -6.449999999999992184, 6.801000000000001933 ) ) ;
#138 = PRESENTATION_LAYER_ASSIGNMENT (  '', '', ( #1845 ) ) ;
#139 = LINE ( 'NONE', #1356, #332 ) ;
#141 = VERTEX_POINT ( 'NONE', #2448 ) ;
#140 = CARTESIAN_POINT ( 'NONE',  ( -1.271337713037318462, -4.949999999999999289, 0.9748699444154249605 ) ) ;
#142 = AXIS2_PLACEMENT_3D ( 'NONE', #2990, #304, #3011 ) ;
#143 = CARTESIAN_POINT ( 'NONE',  ( -2.000000000000000000, 4.950000000000000178, -0.001000000000000024307 ) ) ;
#144 = CARTESIAN_POINT ( 'NONE',  ( 0.5999999999999998668, -2.449999999999991296, 8.800000000000000711 ) ) ;
#145 = ADVANCED_FACE ( 'NONE', ( #302 ), #1353, .T. ) ;
#146 = LINE ( 'NONE', #1998, #2823 ) ;
#147 = ORIENTED_EDGE ( 'NONE', *, *, #518, .T. ) ;
#148 = CARTESIAN_POINT ( 'NONE',  ( -1.403324811568193775, -4.899999999999999467, 1.459241976356671744 ) ) ;
#149 = DIRECTION ( 'NONE',  ( 0.9701425001453328756, 0.000000000000000000, -0.2425356250363290278 ) ) ;
#150 = CARTESIAN_POINT ( 'NONE',  ( 0.01923076923076921449, -4.900000000000000355, 1.446596153846154253 ) ) ;
#151 = ADVANCED_FACE ( 'NONE', ( #3550 ), #2942, .T. ) ;
#152 = SURFACE_STYLE_USAGE ( .BOTH. , #1719 ) ;
#153 = VERTEX_POINT ( 'NONE', #241 ) ;
#154 = PRESENTATION_LAYER_ASSIGNMENT (  '', '', ( #3783 ) ) ;
#155 = CARTESIAN_POINT ( 'NONE',  ( -0.01424150776035305009, -4.899999999999998579, 1.706807429145969612 ) ) ;
#156 = CARTESIAN_POINT ( 'NONE',  ( -0.09548377986032392795, -4.900000000000000355, 0.9985958883864456404 ) ) ;
#157 = CARTESIAN_POINT ( 'NONE',  ( -0.3055182788481815570, -4.899999999999998579, 1.854975479348065281 ) ) ;
#158 = LINE ( 'NONE', #1011, #3931 ) ;
#160 = ORIENTED_EDGE ( 'NONE', *, *, #488, .F. ) ;
#159 = PRESENTATION_STYLE_ASSIGNMENT (( #3474 ) ) ;
#161 = PRESENTATION_STYLE_ASSIGNMENT (( #3812 ) ) ;
#162 = PLANE ( 'NONE',  #2822 ) ;
#163 = CARTESIAN_POINT ( 'NONE',  ( 0.5999999999999998668, -2.449999999999992184, 4.800000000000000711 ) ) ;
#164 = CARTESIAN_POINT ( 'NONE',  ( 0.2999999999999999334, 3.709999999999999964, -3.850000000000000089 ) ) ;
#165 =( NAMED_UNIT ( * ) SI_UNIT ( $, .STERADIAN. ) SOLID_ANGLE_UNIT ( ) );
#166 = ADVANCED_FACE ( 'NONE', ( #1682 ), #553, .F. ) ;
#167 = ORIENTED_EDGE ( 'NONE', *, *, #1096, .F. ) ;
#168 = CARTESIAN_POINT ( 'NONE',  ( -1.039996234918222795, -4.949999999999997513, 2.137514736226421963 ) ) ;
#169 = CARTESIAN_POINT ( 'NONE',  ( -1.007126046103863137, -4.899999999999999467, 1.936478798528307177 ) ) ;
#170 = AXIS2_PLACEMENT_3D ( 'NONE', #3187, #2282, #3206 ) ;
#171 = SURFACE_STYLE_USAGE ( .BOTH. , #1718 ) ;
#172 =( NAMED_UNIT ( * ) SI_UNIT ( $, .STERADIAN. ) SOLID_ANGLE_UNIT ( ) );
#173 = ORIENTED_EDGE ( 'NONE', *, *, #1370, .F. ) ;
#174 = EDGE_CURVE ( 'NONE', #962, #2013, #3301, .T. ) ;
#175 = FILL_AREA_STYLE ('',( #1427 ) ) ;
#176 = CARTESIAN_POINT ( 'NONE',  ( -0.1818780215232961017, -4.899999999999999467, 0.8845506753633941566 ) ) ;
#177 =( LENGTH_UNIT ( ) NAMED_UNIT ( * ) SI_UNIT ( .MILLI., .METRE. ) );
#178 = CARTESIAN_POINT ( 'NONE',  ( -0.01153846153846170217, -4.950000000000000178, 2.918999999999999595 ) ) ;
#179 = CARTESIAN_POINT ( 'NONE',  ( 0.01891823386902704435, -4.950000000000001066, 1.427959548162584191 ) ) ;
#180 = CARTESIAN_POINT ( 'NONE',  ( -0.6753572903442238706, -4.949999999999999289, 0.8532929794568079318 ) ) ;
#182 = VERTEX_POINT ( 'NONE', #360 ) ;
#181 = FILL_AREA_STYLE ('',( #1379 ) ) ;
#183 = CARTESIAN_POINT ( 'NONE',  ( -0.04335328064945491444, -4.949999999999998401, 3.979264034030742359 ) ) ;
#184 = CARTESIAN_POINT ( 'NONE',  ( -0.2000000000000005107, 3.709999999999999964, -3.850000000000000089 ) ) ;
#185 = CARTESIAN_POINT ( 'NONE',  ( 0.2000000000000005107, 3.709999999999999964, -3.850000000000000089 ) ) ;
#186 = DIRECTION ( 'NONE',  ( -1.000000000000000000, 0.000000000000000000, 0.000000000000000000 ) ) ;
#187 = ORIENTED_EDGE ( 'NONE', *, *, #3146, .F. ) ;
#188 = CARTESIAN_POINT ( 'NONE',  ( -1.191865441711353890, -4.900000000000000355, 1.453624033977423791 ) ) ;
#189 = CARTESIAN_POINT ( 'NONE',  ( -0.08987131732764429282, -4.900000000000000355, 1.888153109564452148 ) ) ;
#190 = CARTESIAN_POINT ( 'NONE',  ( -1.191351405816941655, -4.899999999999998579, 1.362881392803755309 ) ) ;
#191 = FACE_OUTER_BOUND ( 'NONE', #3420, .T. ) ;
#192 = AXIS2_PLACEMENT_3D ( 'NONE', #849, #2007, #1405 ) ;
#193 = VERTEX_POINT ( 'NONE', #1501 ) ;
#194 = CARTESIAN_POINT ( 'NONE',  ( -0.7941664680140572141, -4.900000000000002132, 0.6855724702486077904 ) ) ;
#195 = CARTESIAN_POINT ( 'NONE',  ( -0.2517773330484104899, -4.900000000000000355, 0.8223602735642838724 ) ) ;
#196 = VECTOR ( 'NONE', #65, 1000.000000000000000 ) ;
#197 = STYLED_ITEM ( 'NONE', ( #3721 ), #426 ) ;
#198 = STYLED_ITEM ( 'NONE', ( #2039 ), #3280 ) ;
#199 = ORIENTED_EDGE ( 'NONE', *, *, #3263, .T. ) ;
#200 =( GEOMETRIC_REPRESENTATION_CONTEXT ( 3 ) GLOBAL_UNCERTAINTY_ASSIGNED_CONTEXT ( ( #3359 ) ) GLOBAL_UNIT_ASSIGNED_CONTEXT ( ( #3921, #3012, #1644 ) ) REPRESENTATION_CONTEXT ( 'NONE', 'WORKASPACE' ) );
#201 = CARTESIAN_POINT ( 'NONE',  ( -0.6546854423974941550, -4.900000000000000355, 2.044374076295398357 ) ) ;
#202 = CARTESIAN_POINT ( 'NONE',  ( -0.5999999999999998668, -2.449999999999991296, 8.800000000000000711 ) ) ;
#204 = VERTEX_POINT ( 'NONE', #2089 ) ;
#203 = CARTESIAN_POINT ( 'NONE',  ( -1.068087001095572530, -4.900000000000000355, 0.7804983013033462980 ) ) ;
#205 = VECTOR ( 'NONE', #1317, 1000.000000000000000 ) ;
#206 = FACE_OUTER_BOUND ( 'NONE', #1027, .T. ) ;
#207 = CARTESIAN_POINT ( 'NONE',  ( -0.5999999999999998668, -2.449999999999992184, 4.800000000000000711 ) ) ;
#208 = PLANE ( 'NONE',  #3204 ) ;
#209 = FACE_OUTER_BOUND ( 'NONE', #940, .T. ) ;
#210 = VECTOR ( 'NONE', #1523, 1000.000000000000000 ) ;
#211 = VECTOR ( 'NONE', #3548, 1000.000000000000000 ) ;
#212 = VERTEX_POINT ( 'NONE', #3617 ) ;
#213 = CARTESIAN_POINT ( 'NONE',  ( -0.6914062500000000000, -4.900000000000000355, 2.218230769230769006 ) ) ;
#214 = DIRECTION ( 'NONE',  ( 0.000000000000000000, 0.000000000000000000, -1.000000000000000000 ) ) ;
#215 = CARTESIAN_POINT ( 'NONE',  ( -0.02187334921341655206, -4.899999999999999467, 3.999978785180554830 ) ) ;
#216 = PRESENTATION_STYLE_ASSIGNMENT (( #152 ) ) ;
#217 = VERTEX_POINT ( 'NONE', #631 ) ;
#218 = VERTEX_POINT ( 'NONE', #907 ) ;
#219 = ORIENTED_EDGE ( 'NONE', *, *, #1149, .T. ) ;
#220 = PLANE ( 'NONE',  #1529 ) ;
#221 =( NAMED_UNIT ( * ) SI_UNIT ( $, .STERADIAN. ) SOLID_ANGLE_UNIT ( ) );
#222 = CARTESIAN_POINT ( 'NONE',  ( 0.5999999999999998668, -3.649999999999991918, 8.001000000000001222 ) ) ;
#223 = ADVANCED_FACE ( 'NONE', ( #2407, #3951, #885 ), #1173, .T. ) ;
#224 = CARTESIAN_POINT ( 'NONE',  ( -0.2680777281850265092, -4.950000000000000178, 1.795362930045701688 ) ) ;
#225 = VECTOR ( 'NONE', #871, 1000.000000000000000 ) ;
#226 = CARTESIAN_POINT ( 'NONE',  ( -0.1933730766634502718, -4.899999999999999467, 1.380142193239525916 ) ) ;
#227 = CARTESIAN_POINT ( 'NONE',  ( -0.07966283557106725033, -4.900000000000001243, 3.949947488484732538 ) ) ;
#228 = COLOUR_RGB ( '',0.1803921568627450955, 0.1803921568627450955, 0.1803921568627450955 ) ;
#229 = EDGE_CURVE ( 'NONE', #3003, #1226, #2737, .T. ) ;
#230 = CARTESIAN_POINT ( 'NONE',  ( -1.377406396559971657, -4.949999999999999289, 1.683443574461704006 ) ) ;
#231 = FILL_AREA_STYLE_COLOUR ( '', #790 ) ;
#232 = CARTESIAN_POINT ( 'NONE',  ( -0.9670121947285252872, -4.900000000000003020, 1.965301201564062739 ) ) ;
#233 =( LENGTH_UNIT ( ) NAMED_UNIT ( * ) SI_UNIT ( .MILLI., .METRE. ) );
#234 = ORIENTED_EDGE ( 'NONE', *, *, #3046, .F. ) ;
#235 = CARTESIAN_POINT ( 'NONE',  ( -0.9773121412021514853, -4.900000000000001243, 2.167288308334214708 ) ) ;
#236 =( LENGTH_UNIT ( ) NAMED_UNIT ( * ) SI_UNIT ( .MILLI., .METRE. ) );
#237 = FACE_OUTER_BOUND ( 'NONE', #2197, .T. ) ;
#238 = CARTESIAN_POINT ( 'NONE',  ( -1.158021591228418634, -4.900000000000001243, 1.188448951658802821 ) ) ;
#239 = CARTESIAN_POINT ( 'NONE',  ( 0.2999999999999999334, 3.709999999999999964, -0.001000000000000132727 ) ) ;
#240 = VERTEX_POINT ( 'NONE', #3677 ) ;
#241 = CARTESIAN_POINT ( 'NONE',  ( -0.2999999999999999334, -3.910000000000001030, -0.001000000000000132727 ) ) ;
#242 = CARTESIAN_POINT ( 'NONE',  ( 0.01412272862817933253, -4.900000000000000355, 1.336745568844278420 ) ) ;
#243 = DIRECTION ( 'NONE',  ( 0.000000000000000000, 0.000000000000000000, -1.000000000000000000 ) ) ;
#244 = LINE ( 'NONE', #494, #1179 ) ;
#245 = CARTESIAN_POINT ( 'NONE',  ( -0.4585127915711822433, -4.900000000000001243, 1.988712626920535964 ) ) ;
#246 = LINE ( 'NONE', #1154, #134 ) ;
#247 = DIRECTION ( 'NONE',  ( 0.9701425001453328756, 0.000000000000000000, 0.2425356250363290278 ) ) ;
#248 = FILL_AREA_STYLE ('',( #3344 ) ) ;
#249 = DIRECTION ( 'NONE',  ( -1.000000000000000000, -0.000000000000000000, -0.000000000000000000 ) ) ;
#250 = PRESENTATION_LAYER_ASSIGNMENT (  '', '', ( #1131 ) ) ;
#251 = FACE_OUTER_BOUND ( 'NONE', #664, .T. ) ;
#252 = CARTESIAN_POINT ( 'NONE',  ( -0.8819788110049137098, -4.950000000000001954, 2.010511926915531600 ) ) ;
#253 = PRODUCT_CONTEXT ( 'NONE', #3000, 'mechanical' ) ;
#254 = ORIENTED_EDGE ( 'NONE', *, *, #3936, .T. ) ;
#255 = LINE ( 'NONE', #548, #2927 ) ;
#256 = LINE ( 'NONE', #1497, #3559 ) ;
#257 = VERTEX_POINT ( 'NONE', #3660 ) ;
#258 = FILL_AREA_STYLE_COLOUR ( '', #2626 ) ;
#259 = ORIENTED_EDGE ( 'NONE', *, *, #1930, .T. ) ;
#260 = CARTESIAN_POINT ( 'NONE',  ( 0.5999999999999998668, -2.449999999999992184, 4.800000000000000711 ) ) ;
#261 = COLOUR_RGB ( '',1.000000000000000000, 1.000000000000000000, 1.000000000000000000 ) ;
#262 = AXIS2_PLACEMENT_3D ( 'NONE', #3476, #2332, #1362 ) ;
#263 = DIRECTION ( 'NONE',  ( -1.000000000000000000, 0.000000000000000000, 0.000000000000000000 ) ) ;
#264 = CARTESIAN_POINT ( 'NONE',  ( -0.8408499225714139991, -4.950000000000001954, 2.206151175429825084 ) ) ;
#265 = STYLED_ITEM ( 'NONE', ( #3304 ), #3338 ) ;
#266 = FILL_AREA_STYLE ('',( #231 ) ) ;
#267 = VECTOR ( 'NONE', #1900, 1000.000000000000000 ) ;
#268 = CARTESIAN_POINT ( 'NONE',  ( -1.135747210720196465, -4.900000000000002132, 1.768235068570109370 ) ) ;
#269 = VECTOR ( 'NONE', #1422, 1000.000000000000000 ) ;
#270 = EDGE_LOOP ( 'NONE', ( #1126, #199, #2695, #1267 ) ) ;
#271 = CARTESIAN_POINT ( 'NONE',  ( -0.9753436267981396846, -4.899999999999999467, 0.9385692820906487155 ) ) ;
#272 = PRESENTATION_LAYER_ASSIGNMENT (  '', '', ( #1863 ) ) ;
#273 = CARTESIAN_POINT ( 'NONE',  ( -1.377406396559971657, -4.899999999999999467, 1.683443574461704006 ) ) ;
#274 = EDGE_CURVE ( 'NONE', #3376, #824, #1250, .T. ) ;
#275 = CARTESIAN_POINT ( 'NONE',  ( -0.3121868233946341054, -4.949999999999999289, 3.980550753931658470 ) ) ;
#276 = CARTESIAN_POINT ( 'NONE',  ( 0.000000000000000000, -6.449999999999992184, 0.000000000000000000 ) ) ;
#277 = EDGE_LOOP ( 'NONE', ( #2258, #3604, #1922, #3200 ) ) ;
#278 = VERTEX_POINT ( 'NONE', #3314 ) ;
#279 = VERTEX_POINT ( 'NONE', #2464 ) ;
#280 = PRESENTATION_LAYER_ASSIGNMENT (  '', '', ( #412 ) ) ;
#281 = CARTESIAN_POINT ( 'NONE',  ( -1.398740829554301790, -4.900000000000001243, 1.332684172134450451 ) ) ;
#282 = EDGE_CURVE ( 'NONE', #1695, #1170, #596, .T. ) ;
#283 = FILL_AREA_STYLE_COLOUR ( '', #841 ) ;
#284 = VECTOR ( 'NONE', #1925, 1000.000000000000000 ) ;
#285 = FACE_OUTER_BOUND ( 'NONE', #350, .T. ) ;
#286 = DIRECTION ( 'NONE',  ( 1.000000000000000000, -0.000000000000000000, -0.000000000000000000 ) ) ;
#287 = SURFACE_STYLE_FILL_AREA ( #2973 ) ;
#288 =( GEOMETRIC_REPRESENTATION_CONTEXT ( 3 ) GLOBAL_UNCERTAINTY_ASSIGNED_CONTEXT ( ( #1522 ) ) GLOBAL_UNIT_ASSIGNED_CONTEXT ( ( #2299, #3471, #221 ) ) REPRESENTATION_CONTEXT ( 'NONE', 'WORKASPACE' ) );
#289 = PRESENTATION_LAYER_ASSIGNMENT (  '', '', ( #1869 ) ) ;
#290 = CARTESIAN_POINT ( 'NONE',  ( -1.206133276256839748, -4.950000000000001066, 2.009547861341816066 ) ) ;
#291 = PLANE ( 'NONE',  #604 ) ;
#292 =( LENGTH_UNIT ( ) NAMED_UNIT ( * ) SI_UNIT ( .MILLI., .METRE. ) );
#293 = VERTEX_POINT ( 'NONE', #941 ) ;
#294 = PRESENTATION_STYLE_ASSIGNMENT (( #2731 ) ) ;
#295 = CARTESIAN_POINT ( 'NONE',  ( -0.2999999999999999334, 3.709999999999999964, -3.850000000000000089 ) ) ;
#296 = EDGE_CURVE ( 'NONE', #1383, #2373, #298, .T. ) ;
#297 = PRESENTATION_STYLE_ASSIGNMENT (( #3932 ) ) ;
#298 = LINE ( 'NONE', #1821, #3245 ) ;
#299 = CARTESIAN_POINT ( 'NONE',  ( -0.2901263801481263060, -4.949999999999996625, 0.7950601014748902573 ) ) ;
#300 = CARTESIAN_POINT ( 'NONE',  ( -0.3346153846153847589, -4.900000000000000355, 3.803535256410256249 ) ) ;
#301 = EDGE_CURVE ( 'NONE', #1170, #1721, #3294, .T. ) ;
#302 = FACE_OUTER_BOUND ( 'NONE', #1083, .T. ) ;
#303 = LINE ( 'NONE', #2725, #205 ) ;
#304 = DIRECTION ( 'NONE',  ( -1.000000000000000000, 0.000000000000000000, 0.000000000000000000 ) ) ;
#305 = CARTESIAN_POINT ( 'NONE',  ( -0.01153846153846170217, -4.900000000000000355, 2.918999999999999595 ) ) ;
#306 = DIRECTION ( 'NONE',  ( -0.000000000000000000, -1.000000000000000000, -0.000000000000000000 ) ) ;
#307 = EDGE_LOOP ( 'NONE', ( #898, #2839, #1819, #1287 ) ) ;
#308 = CARTESIAN_POINT ( 'NONE',  ( -0.7107634327365965898, -4.900000000000001243, 0.8532864669345422426 ) ) ;
#309 = CARTESIAN_POINT ( 'NONE',  ( -0.1923076923076923739, -4.949999999999999289, 1.448098557692307775 ) ) ;
#310 = LINE ( 'NONE', #1463, #2359 ) ;
#311 = ORIENTED_EDGE ( 'NONE', *, *, #408, .T. ) ;
#312 = ORIENTED_EDGE ( 'NONE', *, *, #1409, .T. ) ;
#313 = CARTESIAN_POINT ( 'NONE',  ( 0.2999999999999999334, 3.910000000000000142, -3.479999999999997762 ) ) ;
#314 = CARTESIAN_POINT ( 'NONE',  ( -1.403846153846153966, -4.900000000000000355, 1.429168269230769450 ) ) ;
#315 = CARTESIAN_POINT ( 'NONE',  ( 1.191057692307692317, -4.900000000000000355, 0.6990000000000001767 ) ) ;
#316 = LINE ( 'NONE', #2972, #1526 ) ;
#317 = CARTESIAN_POINT ( 'NONE',  ( -0.2999999999999999334, -3.710000000000000853, -3.850000000000000089 ) ) ;
#318 = EDGE_CURVE ( 'NONE', #1878, #3720, #3336, .T. ) ;
#319 = CARTESIAN_POINT ( 'NONE',  ( -2.000000000000000000, -4.950000000000000178, 8.800000000000000711 ) ) ;
#320 = EDGE_CURVE ( 'NONE', #832, #153, #1805, .T. ) ;
#321 = CARTESIAN_POINT ( 'NONE',  ( -0.6902043269230769829, -4.950000000000000178, 2.045153846153846100 ) ) ;
#322 = CARTESIAN_POINT ( 'NONE',  ( -0.7941664680140572141, -4.950000000000001954, 0.6855724702486077904 ) ) ;
#323 =( GEOMETRIC_REPRESENTATION_CONTEXT ( 3 ) GLOBAL_UNCERTAINTY_ASSIGNED_CONTEXT ( ( #1130 ) ) GLOBAL_UNIT_ASSIGNED_CONTEXT ( ( #1580, #1285, #2200 ) ) REPRESENTATION_CONTEXT ( 'NONE', 'WORKASPACE' ) );
#324 = EDGE_LOOP ( 'NONE', ( #2201, #187, #865, #1395 ) ) ;
#325 = CARTESIAN_POINT ( 'NONE',  ( 0.4723076923076924283, -4.900000000000000355, 1.818290865384615707 ) ) ;
#326 = CARTESIAN_POINT ( 'NONE',  ( -0.1924354135753512940, -4.900000000000000355, 1.462929136100723948 ) ) ;
#327 = VECTOR ( 'NONE', #2277, 1000.000000000000000 ) ;
#328 = LINE ( 'NONE', #1854, #3087 ) ;
#329 = CARTESIAN_POINT ( 'NONE',  ( -1.749999999999999778, -1.699999999999999956, 3.300000000000000266 ) ) ;
#330 = ORIENTED_EDGE ( 'NONE', *, *, #819, .T. ) ;
#331 = EDGE_LOOP ( 'NONE', ( #3628, #396, #3353, #3930 ) ) ;
#332 = VECTOR ( 'NONE', #3079, 1000.000000000000000 ) ;
#333 = CARTESIAN_POINT ( 'NONE',  ( 0.2999999999999999334, -3.910000000000001030, -0.001000000000000132727 ) ) ;
#334 = LINE ( 'NONE', #1586, #959 ) ;
#335 = FILL_AREA_STYLE ('',( #283 ) ) ;
#336 = UNCERTAINTY_MEASURE_WITH_UNIT (LENGTH_MEASURE( 1.000000000000000082E-05 ), #2085, 'distance_accuracy_value', 'NONE');
#337 = CARTESIAN_POINT ( 'NONE',  ( 1.203076923076922933, -4.900000000000000355, 1.079709134615384647 ) ) ;
#338 = VECTOR ( 'NONE', #1912, 1000.000000000000000 ) ;
#339 =( GEOMETRIC_REPRESENTATION_CONTEXT ( 3 ) GLOBAL_UNCERTAINTY_ASSIGNED_CONTEXT ( ( #2782 ) ) GLOBAL_UNIT_ASSIGNED_CONTEXT ( ( #1972, #427, #3440 ) ) REPRESENTATION_CONTEXT ( 'NONE', 'WORKASPACE' ) );
#340 = UNCERTAINTY_MEASURE_WITH_UNIT (LENGTH_MEASURE( 1.000000000000000082E-05 ), #2685, 'distance_accuracy_value', 'NONE');
#341 = DIRECTION ( 'NONE',  ( -0.000000000000000000, -1.000000000000000000, -0.000000000000000000 ) ) ;
#342 =( GEOMETRIC_REPRESENTATION_CONTEXT ( 3 ) GLOBAL_UNCERTAINTY_ASSIGNED_CONTEXT ( ( #1839 ) ) GLOBAL_UNIT_ASSIGNED_CONTEXT ( ( #2739, #3953, #1231 ) ) REPRESENTATION_CONTEXT ( 'NONE', 'WORKASPACE' ) );
#343 = COLOUR_RGB ( '',1.000000000000000000, 1.000000000000000000, 1.000000000000000000 ) ;
#344 = EDGE_CURVE ( 'NONE', #106, #1784, #1519, .T. ) ;
#345 = CARTESIAN_POINT ( 'NONE',  ( -0.4081063701350364226, -4.950000000000000178, 0.9392661059114010280 ) ) ;
#346 = PRESENTATION_LAYER_ASSIGNMENT (  '', '', ( #2062 ) ) ;
#347 = CARTESIAN_POINT ( 'NONE',  ( -0.7095474906652036173, -4.900000000000000355, 0.6800242957220333784 ) ) ;
#348 = EDGE_CURVE ( 'NONE', #2291, #1542, #1786, .T. ) ;
#349 = COLOUR_RGB ( '',1.000000000000000000, 1.000000000000000000, 1.000000000000000000 ) ;
#350 = EDGE_LOOP ( 'NONE', ( #1282, #2697, #1984, #2307, #1125, #3398 ) ) ;
#351 =( NAMED_UNIT ( * ) PLANE_ANGLE_UNIT ( ) SI_UNIT ( $, .RADIAN. ) );
#352 = FILL_AREA_STYLE_COLOUR ( '', #77 ) ;
#353 = FACE_OUTER_BOUND ( 'NONE', #2605, .T. ) ;
#354 = CARTESIAN_POINT ( 'NONE',  ( 0.04433769939291457018, -4.950000000000000178, 4.303644784815269020 ) ) ;
#355 = ORIENTED_EDGE ( 'NONE', *, *, #1149, .F. ) ;
#356 = ORIENTED_EDGE ( 'NONE', *, *, #662, .F. ) ;
#357 = DIRECTION ( 'NONE',  ( 1.000000000000000000, -0.000000000000000000, 0.000000000000000000 ) ) ;
#358 = ORIENTED_EDGE ( 'NONE', *, *, #1824, .F. ) ;
#359 = AXIS2_PLACEMENT_3D ( 'NONE', #3668, #1593, #3364 ) ;
#360 = CARTESIAN_POINT ( 'NONE',  ( -2.000000000000000000, -1.699999999999999956, 8.800000000000000711 ) ) ;
#362 = ORIENTED_EDGE ( 'NONE', *, *, #1999, .T. ) ;
#361 = CARTESIAN_POINT ( 'NONE',  ( -0.6923076923076922906, -4.900000000000000355, 0.6797692307692310143 ) ) ;
#363 = DIRECTION ( 'NONE',  ( 0.000000000000000000, 1.000000000000000000, 0.000000000000000000 ) ) ;
#364 = CARTESIAN_POINT ( 'NONE',  ( -1.403677411986095969, -4.950000000000001066, 1.412931107150833476 ) ) ;
#365 = UNCERTAINTY_MEASURE_WITH_UNIT (LENGTH_MEASURE( 1.000000000000000082E-05 ), #995, 'distance_accuracy_value', 'NONE');
#366 = PLANE ( 'NONE',  #2521 ) ;
#367 = ORIENTED_EDGE ( 'NONE', *, *, #710, .T. ) ;
#368 = SURFACE_STYLE_USAGE ( .BOTH. , #2801 ) ;
#369 = SURFACE_STYLE_FILL_AREA ( #2784 ) ;
#370 = LINE ( 'NONE', #2434, #3407 ) ;
#371 = EDGE_CURVE ( 'NONE', #623, #2087, #2775, .T. ) ;
#372 = CARTESIAN_POINT ( 'NONE',  ( -0.7095474906652036173, -4.950000000000000178, 0.6800242957220333784 ) ) ;
#373 = ORIENTED_EDGE ( 'NONE', *, *, #2309, .F. ) ;
#374 = LINE ( 'NONE', #1576, #267 ) ;
#375 = CARTESIAN_POINT ( 'NONE',  ( -0.5911197763822019224, -4.950000000000000178, 2.212879541608050449 ) ) ;
#376 = ADVANCED_FACE ( 'NONE', ( #3914 ), #3600, .T. ) ;
#377 = LINE ( 'NONE', #1623, #516 ) ;
#378 = VERTEX_POINT ( 'NONE', #381 ) ;
#379 = ORIENTED_EDGE ( 'NONE', *, *, #2436, .F. ) ;
#380 = ORIENTED_EDGE ( 'NONE', *, *, #348, .F. ) ;
#381 = CARTESIAN_POINT ( 'NONE',  ( 0.5999999999999998668, -4.950000000000000178, 4.800000000000000711 ) ) ;
#382 = CARTESIAN_POINT ( 'NONE',  ( 0.05240384615384601624, -4.900000000000001243, 4.319000000000000838 ) ) ;
#383 = LINE ( 'NONE', #1588, #1234 ) ;
#384 = CARTESIAN_POINT ( 'NONE',  ( -0.9375517825929717830, -4.950000000000000178, 0.7188617585499482709 ) ) ;
#385 = AXIS2_PLACEMENT_3D ( 'NONE', #3300, #2354, #263 ) ;
#386 = CARTESIAN_POINT ( 'NONE',  ( -0.6408399411155467629, -4.900000000000001243, 2.217347786282604982 ) ) ;
#387 = ORIENTED_EDGE ( 'NONE', *, *, #778, .T. ) ;
#388 = FILL_AREA_STYLE_COLOUR ( '', #343 ) ;
#389 = FACE_OUTER_BOUND ( 'NONE', #2941, .T. ) ;
#390 = CARTESIAN_POINT ( 'NONE',  ( -0.9670121947285252872, -4.950000000000002842, 1.965301201564062739 ) ) ;
#391 = EDGE_LOOP ( 'NONE', ( #1348, #687, #1899, #1959 ) ) ;
#392 = CARTESIAN_POINT ( 'NONE',  ( 2.000000000000000000, -4.950000000000000178, 1.800000000000000488 ) ) ;
#393 = DIRECTION ( 'NONE',  ( -1.000000000000000000, 0.000000000000000000, -0.000000000000000000 ) ) ;
#394 =( GEOMETRIC_REPRESENTATION_CONTEXT ( 3 ) GLOBAL_UNCERTAINTY_ASSIGNED_CONTEXT ( ( #2487 ) ) GLOBAL_UNIT_ASSIGNED_CONTEXT ( ( #1798, #1879, #1000 ) ) REPRESENTATION_CONTEXT ( 'NONE', 'WORKASPACE' ) );
#395 = LINE ( 'NONE', #2790, #196 ) ;
#396 = ORIENTED_EDGE ( 'NONE', *, *, #2647, .F. ) ;
#397 = VECTOR ( 'NONE', #490, 1000.000000000000000 ) ;
#398 = CARTESIAN_POINT ( 'NONE',  ( -0.5403631726968974869, -4.900000000000000355, 0.8739588624136336303 ) ) ;
#399 = EDGE_CURVE ( 'NONE', #2291, #1316, #1626, .T. ) ;
#400 = VECTOR ( 'NONE', #2298, 1000.000000000000000 ) ;
#401 = ORIENTED_EDGE ( 'NONE', *, *, #920, .T. ) ;
#402 = B_SPLINE_CURVE_WITH_KNOTS ( 'NONE', 3,
 ( #1385, #215, #2272, #1103, #2594, #2318, #131, #785, #3197, #1346, #3482 ),
 .UNSPECIFIED., .F., .F.,
 ( 4, 1, 1, 1, 1, 1, 1, 1, 4 ),
 ( 0.000000000000000000, 0.1116703001015861979, 0.2320944808560174710, 0.3627434591045531342, 0.5025575097108854195, 0.6415251033312814322, 0.7710984952996684516, 0.8901617573732530930, 1.000000000000000000 ),
 .UNSPECIFIED. ) ;
#403 = SURFACE_STYLE_FILL_AREA ( #1923 ) ;
#404 = CARTESIAN_POINT ( 'NONE',  ( -0.3121868233946341054, -4.899999999999999467, 3.980550753931658470 ) ) ;
#405 = CARTESIAN_POINT ( 'NONE',  ( -0.2257282865398179961, -4.899999999999999467, 1.692567201055930282 ) ) ;
#406 = CARTESIAN_POINT ( 'NONE',  ( -0.8433820768491094855, -4.949999999999998401, 0.6932656733630071511 ) ) ;
#407 = STYLED_ITEM ( 'NONE', ( #3328 ), #1266 ) ;
#408 = EDGE_CURVE ( 'NONE', #2751, #917, #1327, .T. ) ;
#409 = ORIENTED_EDGE ( 'NONE', *, *, #3936, .F. ) ;
#410 = CARTESIAN_POINT ( 'NONE',  ( 0.4723076923076924283, -4.900000000000000355, 0.6990000000000001767 ) ) ;
#411 = COLOUR_RGB ( '',1.000000000000000000, 1.000000000000000000, 1.000000000000000000 ) ;
#412 = STYLED_ITEM ( 'NONE', ( #3072 ), #3681 ) ;
#413 = PLANE ( 'NONE',  #1928 ) ;
#414 = PLANE ( 'NONE',  #359 ) ;
#415 = ORIENTED_EDGE ( 'NONE', *, *, #3067, .F. ) ;
#416 = CARTESIAN_POINT ( 'NONE',  ( 0.02746762118361144311, -4.899999999999999467, 4.271529861945059459 ) ) ;
#417 = FACE_OUTER_BOUND ( 'NONE', #2484, .T. ) ;
#418 = CARTESIAN_POINT ( 'NONE',  ( -0.4081063701350364226, -4.900000000000000355, 0.9392661059114010280 ) ) ;
#419 = ORIENTED_EDGE ( 'NONE', *, *, #826, .F. ) ;
#420 = CARTESIAN_POINT ( 'NONE',  ( -1.403846153846153966, -4.900000000000000355, 1.429168269230769450 ) ) ;
#421 = CARTESIAN_POINT ( 'NONE',  ( 0.4723076923076924283, -4.900000000000000355, 0.6990000000000001767 ) ) ;
#422 = CARTESIAN_POINT ( 'NONE',  ( -0.3055182788481815570, -4.899999999999998579, 1.854975479348065281 ) ) ;
#423 = EDGE_CURVE ( 'NONE', #684, #1373, #1289, .T. ) ;
#424 = CARTESIAN_POINT ( 'NONE',  ( -0.6408399411155467629, -4.950000000000000178, 2.217347786282604982 ) ) ;
#425 = CIRCLE ( 'NONE', #2198, 0.5000000000000004441 ) ;
#426 = ADVANCED_FACE ( 'NONE', ( #3464 ), #1606, .F. ) ;
#427 =( NAMED_UNIT ( * ) PLANE_ANGLE_UNIT ( ) SI_UNIT ( $, .RADIAN. ) );
#428 = CARTESIAN_POINT ( 'NONE',  ( -1.318916798250017175, -4.950000000000000178, 1.057982756193093232 ) ) ;
#429 = FACE_OUTER_BOUND ( 'NONE', #2269, .T. ) ;
#430 = LINE ( 'NONE', #3425, #1340 ) ;
#431 = SURFACE_STYLE_USAGE ( .BOTH. , #2178 ) ;
#432 = ORIENTED_EDGE ( 'NONE', *, *, #2212, .F. ) ;
#433 = CARTESIAN_POINT ( 'NONE',  ( 0.01888965450882581359, -4.900000000000000355, 1.464930426956593701 ) ) ;
#434 = SURFACE_STYLE_USAGE ( .BOTH. , #3161 ) ;
#435 = CARTESIAN_POINT ( 'NONE',  ( -0.06705327225864127216, -4.899999999999999467, 1.845305213333761740 ) ) ;
#436 = CARTESIAN_POINT ( 'NONE',  ( -1.749999999999999778, 1.700000000000000178, 2.299999999999982059 ) ) ;
#437 = EDGE_CURVE ( 'NONE', #2400, #2160, #94, .T. ) ;
#438 = CARTESIAN_POINT ( 'NONE',  ( -0.4048894911444196887, -4.949999999999997513, 2.163643655340701688 ) ) ;
#439 = CARTESIAN_POINT ( 'NONE',  ( -0.5891036786836693073, -4.899999999999999467, 0.8614911973693710756 ) ) ;
#440 = CARTESIAN_POINT ( 'NONE',  ( -1.371002818820657998, -4.949999999999999289, 1.192276586425710994 ) ) ;
#441 = ORIENTED_EDGE ( 'NONE', *, *, #977, .F. ) ;
#442 = EDGE_CURVE ( 'NONE', #2805, #1649, #2795, .T. ) ;
#443 = LINE ( 'NONE', #756, #2760 ) ;
#444 = LINE ( 'NONE', #1655, #1872 ) ;
#445 =( NAMED_UNIT ( * ) SI_UNIT ( $, .STERADIAN. ) SOLID_ANGLE_UNIT ( ) );
#446 = CARTESIAN_POINT ( 'NONE',  ( -0.2000581896817733019, -4.900000000000001243, 1.314730799022110430 ) ) ;
#447 = ORIENTED_EDGE ( 'NONE', *, *, #874, .T. ) ;
#448 = CARTESIAN_POINT ( 'NONE',  ( 0.2999999999999999334, -3.710000000000000853, -3.850000000000000089 ) ) ;
#449 = CARTESIAN_POINT ( 'NONE',  ( -0.9254195150221582455, -4.899999999999998579, 1.990204940854382487 ) ) ;
#450 = PRESENTATION_LAYER_ASSIGNMENT (  '', '', ( #2169 ) ) ;
#451 = CARTESIAN_POINT ( 'NONE',  ( -0.6408399411155467629, -4.900000000000001243, 2.217347786282604982 ) ) ;
#452 = UNCERTAINTY_MEASURE_WITH_UNIT (LENGTH_MEASURE( 1.000000000000000082E-05 ), #2666, 'distance_accuracy_value', 'NONE');
#453 = CARTESIAN_POINT ( 'NONE',  ( -1.137689747869109480, -4.950000000000000178, 1.137525343762166852 ) ) ;
#454 = ORIENTED_EDGE ( 'NONE', *, *, #3305, .T. ) ;
#455 = COLOUR_RGB ( '',1.000000000000000000, 0.8705882352941176627, 0.5254901960784313930 ) ;
#456 = MECHANICAL_DESIGN_GEOMETRIC_PRESENTATION_REPRESENTATION (  '', ( #3127 ), #3692 ) ;
#457 = CARTESIAN_POINT ( 'NONE',  ( -0.08987131732764429282, -4.900000000000000355, 1.888153109564452148 ) ) ;
#458 = CARTESIAN_POINT ( 'NONE',  ( 0.01830076637220744151, -4.900000000000002132, 1.391139720170956329 ) ) ;
#459 = DIRECTION ( 'NONE',  ( 0.2425356250363290278, -0.000000000000000000, 0.9701425001453328756 ) ) ;
#460 = VECTOR ( 'NONE', #3722, 1000.000000000000000 ) ;
#461 = COLOUR_RGB ( '',1.000000000000000000, 1.000000000000000000, 1.000000000000000000 ) ;
#462 = CARTESIAN_POINT ( 'NONE',  ( -0.5202188309914854702, -4.900000000000000355, 2.016812162577814149 ) ) ;
#463 = CARTESIAN_POINT ( 'NONE',  ( -0.2466600957304613817, -4.949999999999999289, 1.142846417541327764 ) ) ;
#464 = EDGE_LOOP ( 'NONE', ( #3908, #3540, #432, #2475 ) ) ;
#465 = ADVANCED_FACE ( 'NONE', ( #2529 ), #2945, .T. ) ;
#466 = PRESENTATION_LAYER_ASSIGNMENT (  '', '', ( #2056 ) ) ;
#467 = CARTESIAN_POINT ( 'NONE',  ( -0.2999999999999999334, 3.709999999999999964, -0.001000000000000132727 ) ) ;
#468 = CARTESIAN_POINT ( 'NONE',  ( -0.7403127493227932288, -4.900000000000002132, 2.044158712657190957 ) ) ;
#469 = EDGE_CURVE ( 'NONE', #1310, #1323, #1438, .T. ) ;
#470 = VECTOR ( 'NONE', #729, 1000.000000000000000 ) ;
#471 = ORIENTED_EDGE ( 'NONE', *, *, #3427, .F. ) ;
#472 = CARTESIAN_POINT ( 'NONE',  ( -0.9108678519622529501, -4.949999999999998401, 2.190147594842954515 ) ) ;
#473 = CARTESIAN_POINT ( 'NONE',  ( 1.414615384615384830, -4.900000000000000355, 2.199000000000000288 ) ) ;
#474 = CARTESIAN_POINT ( 'NONE',  ( -0.5999999999999998668, -4.950000000000000178, 4.800000000000000711 ) ) ;
#475 = FACE_OUTER_BOUND ( 'NONE', #3029, .T. ) ;
#476 = SURFACE_SIDE_STYLE ('',( #3875 ) ) ;
#477 = LINE ( 'NONE', #2905, #3495 ) ;
#478 = CARTESIAN_POINT ( 'NONE',  ( -0.5403631726968974869, -4.949999999999999289, 0.8739588624136336303 ) ) ;
#479 = CARTESIAN_POINT ( 'NONE',  ( -1.026187842148351237, -4.950000000000000178, 0.7567505720810479009 ) ) ;
#480 = DIRECTION ( 'NONE',  ( -0.000000000000000000, -0.000000000000000000, 1.000000000000000000 ) ) ;
#481 =( NAMED_UNIT ( * ) PLANE_ANGLE_UNIT ( ) SI_UNIT ( $, .RADIAN. ) );
#482 = EDGE_CURVE ( 'NONE', #2939, #1033, #624, .T. ) ;
#483 = PLANE ( 'NONE',  #3592 ) ;
#484 = LINE ( 'NONE', #3519, #3380 ) ;
#485 = VERTEX_POINT ( 'NONE', #861 ) ;
#486 = CARTESIAN_POINT ( 'NONE',  ( -1.099186450780427871, -4.900000000000000355, 2.101454857183637337 ) ) ;
#487 = CARTESIAN_POINT ( 'NONE',  ( -0.9670121947285252872, -4.900000000000003020, 1.965301201564062739 ) ) ;
#488 = EDGE_CURVE ( 'NONE', #512, #966, #3052, .T. ) ;
#489 = FILL_AREA_STYLE_COLOUR ( '', #1300 ) ;
#490 = DIRECTION ( 'NONE',  ( 0.000000000000000000, 0.000000000000000000, 1.000000000000000000 ) ) ;
#491 = DIRECTION ( 'NONE',  ( -0.2425356250363290278, 0.000000000000000000, 0.9701425001453328756 ) ) ;
#492 = CARTESIAN_POINT ( 'NONE',  ( -0.5999999999999998668, -5.621938507872650703, 4.800000000000000711 ) ) ;
#493 = VECTOR ( 'NONE', #3898, 1000.000000000000000 ) ;
#494 = CARTESIAN_POINT ( 'NONE',  ( 1.852941176470582318, 1.699999999999999956, 1.888235294117644569 ) ) ;
#495 = CARTESIAN_POINT ( 'NONE',  ( -0.3744451644323489314, -4.899999999999999467, 1.930445557770569698 ) ) ;
#496 = LINE ( 'NONE', #3340, #1355 ) ;
#498 = VERTEX_POINT ( 'NONE', #1538 ) ;
#497 = CARTESIAN_POINT ( 'NONE',  ( -1.243895752620250539, -4.950000000000001066, 0.9364978877753319386 ) ) ;
#499 = CARTESIAN_POINT ( 'NONE',  ( -0.02187334921341655206, -4.899999999999999467, 3.999978785180554830 ) ) ;
#500 = CARTESIAN_POINT ( 'NONE',  ( -0.5999999999999998668, -2.449999999999992184, 8.800000000000000711 ) ) ;
#501 = PRESENTATION_STYLE_ASSIGNMENT (( #3499 ) ) ;
#502 = CARTESIAN_POINT ( 'NONE',  ( -0.8364650200922034706, -4.949999999999999289, 2.025847709339410940 ) ) ;
#503 = ORIENTED_EDGE ( 'NONE', *, *, #3749, .T. ) ;
#504 = CARTESIAN_POINT ( 'NONE',  ( -1.402309002578743469, -4.949999999999998401, 1.517839069544936192 ) ) ;
#505 = SURFACE_SIDE_STYLE ('',( #3481 ) ) ;
#506 = DIRECTION ( 'NONE',  ( 0.000000000000000000, 1.000000000000000000, 0.000000000000000000 ) ) ;
#507 = CARTESIAN_POINT ( 'NONE',  ( -0.7452239967526446129, -4.899999999999999467, 0.8541508385696097161 ) ) ;
#508 = EDGE_LOOP ( 'NONE', ( #2996, #3373, #234, #3573 ) ) ;
#509 = ORIENTED_EDGE ( 'NONE', *, *, #2818, .T. ) ;
#510 = EDGE_CURVE ( 'NONE', #2373, #3670, #2438, .T. ) ;
#511 = CARTESIAN_POINT ( 'NONE',  ( -0.5999999999999998668, -3.649999999999991918, 6.801000000000001933 ) ) ;
#512 = VERTEX_POINT ( 'NONE', #2126 ) ;
#513 = FILL_AREA_STYLE_COLOUR ( '', #110 ) ;
#514 = CARTESIAN_POINT ( 'NONE',  ( -0.5507357245509116872, -4.900000000000002132, 0.6922667053988554864 ) ) ;
#515 = CARTESIAN_POINT ( 'NONE',  ( -1.911764705882345483, 1.699999999999999956, 1.652941176470589246 ) ) ;
#516 = VECTOR ( 'NONE', #3738, 1000.000000000000000 ) ;
#517 = VECTOR ( 'NONE', #3158, 1000.000000000000000 ) ;
#518 = EDGE_CURVE ( 'NONE', #3917, #2455, #255, .T. ) ;
#519 = ORIENTED_EDGE ( 'NONE', *, *, #1556, .T. ) ;
#520 = VECTOR ( 'NONE', #1711, 1000.000000000000000 ) ;
#521 = CARTESIAN_POINT ( 'NONE',  ( -0.2517773330484104899, -4.950000000000000178, 0.8223602735642838724 ) ) ;
#522 = CARTESIAN_POINT ( 'NONE',  ( -0.1923076923076923739, -4.949999999999999289, 1.448098557692307775 ) ) ;
#523 = AXIS2_PLACEMENT_3D ( 'NONE', #1442, #590, #2670 ) ;
#524 =( NAMED_UNIT ( * ) SI_UNIT ( $, .STERADIAN. ) SOLID_ANGLE_UNIT ( ) );
#525 = PLANE ( 'NONE',  #2227 ) ;
#526 = CARTESIAN_POINT ( 'NONE',  ( 1.414615384615384830, -4.900000000000000355, 0.6990000000000001767 ) ) ;
#527 = SURFACE_STYLE_USAGE ( .BOTH. , #2335 ) ;
#528 = VECTOR ( 'NONE', #1894, 1000.000000000000000 ) ;
#529 = EDGE_LOOP ( 'NONE', ( #419, #1898, #845, #1380, #2826, #1446 ) ) ;
#530 = ORIENTED_EDGE ( 'NONE', *, *, #3489, .F. ) ;
#531 =( NAMED_UNIT ( * ) SI_UNIT ( $, .STERADIAN. ) SOLID_ANGLE_UNIT ( ) );
#532 = PLANE ( 'NONE',  #523 ) ;
#533 =( NAMED_UNIT ( * ) SI_UNIT ( $, .STERADIAN. ) SOLID_ANGLE_UNIT ( ) );
#534 = ORIENTED_EDGE ( 'NONE', *, *, #1634, .F. ) ;
#535 = CARTESIAN_POINT ( 'NONE',  ( -1.192307692307692291, -4.950000000000001066, 1.426764423076923416 ) ) ;
#536 = CARTESIAN_POINT ( 'NONE',  ( -1.180986218293242240, -4.900000000000002132, 0.8670242502433836984 ) ) ;
#537 = EDGE_CURVE ( 'NONE', #1383, #1040, #2420, .T. ) ;
#538 = MECHANICAL_DESIGN_GEOMETRIC_PRESENTATION_REPRESENTATION (  '', ( #1239 ), #981 ) ;
#539 = PRESENTATION_STYLE_ASSIGNMENT (( #2970 ) ) ;
#540 = CARTESIAN_POINT ( 'NONE',  ( -0.05030635405410792405, -4.950000000000001066, 1.087124791514010314 ) ) ;
#541 = EDGE_CURVE ( 'NONE', #218, #605, #2688, .T. ) ;
#542 = PRESENTATION_LAYER_ASSIGNMENT (  '', '', ( #2248 ) ) ;
#543 = LINE ( 'NONE', #3041, #3576 ) ;
#544 = SURFACE_SIDE_STYLE ('',( #1454 ) ) ;
#545 = PRESENTATION_STYLE_ASSIGNMENT (( #1775 ) ) ;
#546 = CARTESIAN_POINT ( 'NONE',  ( -1.007126046103863137, -4.899999999999999467, 1.936478798528307177 ) ) ;
#547 = ORIENTED_EDGE ( 'NONE', *, *, #2516, .T. ) ;
#548 = CARTESIAN_POINT ( 'NONE',  ( 0.5999999999999998668, -2.449999999999992184, 4.800000000000000711 ) ) ;
#549 = FACE_OUTER_BOUND ( 'NONE', #529, .T. ) ;
#550 = DIRECTION ( 'NONE',  ( 0.000000000000000000, -1.000000000000000000, 0.000000000000000000 ) ) ;
#551 = EDGE_LOOP ( 'NONE', ( #612, #938, #1689 ) ) ;
#552 = CARTESIAN_POINT ( 'NONE',  ( 0.2607692307692308642, -4.950000000000000178, 2.199000000000000288 ) ) ;
#553 = PLANE ( 'NONE',  #578 ) ;
#554 = CARTESIAN_POINT ( 'NONE',  ( -0.002967519215873970669, -4.949999999999993960, 1.232484358727993445 ) ) ;
#555 = SURFACE_STYLE_FILL_AREA ( #2757 ) ;
#556 = DIRECTION ( 'NONE',  ( 1.000000000000000000, -0.000000000000000000, 0.000000000000000000 ) ) ;
#557 = COLOUR_RGB ( '',0.1803921568627450955, 0.1803921568627450955, 0.1803921568627450955 ) ;
#558 = CARTESIAN_POINT ( 'NONE',  ( -0.5050215480779610688, -4.950000000000000178, 0.7020646734225793884 ) ) ;
#559 = B_SPLINE_SURFACE_WITH_KNOTS ( 'NONE', 3, 1, ( 
 ( #1909, #2341 ),
 ( #1444, #786 ),
 ( #190, #2963 ),
 ( #2319, #2615 ),
 ( #2914, #3525 ),
 ( #238, #806 ),
 ( #2672, #453 ),
 ( #1104, #2655 ),
 ( #2938, #3504 ),
 ( #1680, #3545 ),
 ( #1061, #3800 ),
 ( #3868, #3468 ),
 ( #3886, #2274 ),
 ( #2026, #3821 ),
 ( #3235, #2046 ),
 ( #1124, #1403 ),
 ( #507, #2257 ),
 ( #2595, #3258 ),
 ( #748, #1082 ) ),
 .UNSPECIFIED., .F., .F., .F.,
 ( 4, 1, 1, 1, 1, 1, 1, 1, 1, 1, 1, 1, 1, 1, 1, 1, 4 ),
 ( 2, 2 ),
 ( 0.000000000000000000, 0.07596440262219977813, 0.1481252239748712951, 0.2172006111446034005, 0.2832999093723613804, 0.3472018681362410986, 0.4092995407059241697, 0.4704256161074026887, 0.5315880640528349854, 0.5917391729173696602, 0.6502577442905730365, 0.7073030399522860501, 0.7642084640229155346, 0.8211475320101307984, 0.8791188121552544477, 0.9384228183936667023, 1.000000000000000000 ),
 ( 0.000000000000000000, 1.000000000000000000 ),
 .UNSPECIFIED. ) ;
#560 = FACE_OUTER_BOUND ( 'NONE', #2873, .T. ) ;
#561 = MECHANICAL_DESIGN_GEOMETRIC_PRESENTATION_REPRESENTATION (  '', ( #2021 ), #1957 ) ;
#562 = ADVANCED_FACE ( 'NONE', ( #3016 ), #3924, .T. ) ;
#563 = CARTESIAN_POINT ( 'NONE',  ( -1.252507036003867480, -4.950000000000001954, 1.954489237451109807 ) ) ;
#564 = PLANE ( 'NONE',  #1042 ) ;
#565 = CARTESIAN_POINT ( 'NONE',  ( 0.000000000000000000, 1.699999999999999956, 8.800000000000000711 ) ) ;
#566 = EDGE_CURVE ( 'NONE', #2367, #684, #430, .T. ) ;
#567 = VERTEX_POINT ( 'NONE', #2476 ) ;
#568 = CARTESIAN_POINT ( 'NONE',  ( -0.7452239967526446129, -4.899999999999999467, 0.8541508385696097161 ) ) ;
#569 = CARTESIAN_POINT ( 'NONE',  ( -1.402309002578743469, -4.900000000000000355, 1.517839069544936192 ) ) ;
#570 = FACE_OUTER_BOUND ( 'NONE', #749, .T. ) ;
#571 = FILL_AREA_STYLE_COLOUR ( '', #455 ) ;
#572 = ORIENTED_EDGE ( 'NONE', *, *, #2540, .T. ) ;
#573 = EDGE_LOOP ( 'NONE', ( #1974, #1448, #254, #2656 ) ) ;
#574 = LINE ( 'NONE', #3005, #13 ) ;
#575 = CARTESIAN_POINT ( 'NONE',  ( -0.5999999999999998668, -3.649999999999991918, 5.301000000000001044 ) ) ;
#576 = CARTESIAN_POINT ( 'NONE',  ( -0.1219378715732057222, -4.949999999999996625, 0.9578850766519285687 ) ) ;
#577 = FILL_AREA_STYLE_COLOUR ( '', #87 ) ;
#578 = AXIS2_PLACEMENT_3D ( 'NONE', #1065, #2636, #2276 ) ;
#579 = FILL_AREA_STYLE_COLOUR ( '', #854 ) ;
#580 = CARTESIAN_POINT ( 'NONE',  ( -0.8900682525946892465, -4.949999999999999289, 0.8904941313878286246 ) ) ;
#581 =( NAMED_UNIT ( * ) PLANE_ANGLE_UNIT ( ) SI_UNIT ( $, .RADIAN. ) );
#582 = AXIS2_PLACEMENT_3D ( 'NONE', #295, #904, #1224 ) ;
#583 = FACE_BOUND ( 'NONE', #3929, .T. ) ;
#584 = LINE ( 'NONE', #857, #2112 ) ;
#585 = VECTOR ( 'NONE', #1341, 1000.000000000000000 ) ;
#586 = VECTOR ( 'NONE', #2433, 1000.000000000000000 ) ;
#587 = CARTESIAN_POINT ( 'NONE',  ( 1.414615384615384830, -4.950000000000000178, 2.199000000000000288 ) ) ;
#588 = STYLED_ITEM ( 'NONE', ( #159 ), #3386 ) ;
#589 = ORIENTED_EDGE ( 'NONE', *, *, #2647, .T. ) ;
#590 = DIRECTION ( 'NONE',  ( -0.000000000000000000, 0.000000000000000000, -1.000000000000000000 ) ) ;
#591 = EDGE_CURVE ( 'NONE', #1169, #2216, #2543, .T. ) ;
#592 = DIRECTION ( 'NONE',  ( 0.000000000000000000, -0.000000000000000000, 1.000000000000000000 ) ) ;
#593 = B_SPLINE_CURVE_WITH_KNOTS ( 'NONE', 3,
 ( #2008, #770, #458, #3785, #3201, #3805, #3851, #788, #3220, #1107, #156, #1048, #1066, #176, #1704, #195, #2637, #1406, #2324, #3528, #2029, #808, #514, #1726, #2943, #2260, #2892 ),
 .UNSPECIFIED., .F., .F.,
 ( 4, 1, 1, 1, 1, 1, 1, 1, 1, 1, 1, 1, 1, 1, 1, 1, 1, 1, 1, 1, 1, 1, 1, 1, 4 ),
 ( 0.000000000000000000, 0.04755955690542653519, 0.09396210524321092772, 0.1391115332408221217, 0.1836263101269046960, 0.2274570284004935050, 0.2707025105518547359, 0.3136105321155537862, 0.3562604510849770034, 0.3983661529550378555, 0.4395565149792806658, 0.4800453830214204687, 0.5198884957050128319, 0.5596577503171974444, 0.5994212546627415428, 0.6392077550883983328, 0.6796683749857806989, 0.7200198525128485016, 0.7598588655624579635, 0.7995598848323807184, 0.8391991446364382989, 0.8789560762302789376, 0.9187942693024661045, 0.9590833628432750002, 1.000000000000000000 ),
 .UNSPECIFIED. ) ;
#594 = ORIENTED_EDGE ( 'NONE', *, *, #2693, .T. ) ;
#595 = PLANE ( 'NONE',  #3581 ) ;
#596 = LINE ( 'NONE', #2388, #2422 ) ;
#597 = DIRECTION ( 'NONE',  ( 0.8414499297245390252, -0.000000000000000000, 0.5403350958123748216 ) ) ;
#598 = STYLED_ITEM ( 'NONE', ( #3063 ), #1728 ) ;
#599 = UNCERTAINTY_MEASURE_WITH_UNIT (LENGTH_MEASURE( 1.000000000000000082E-05 ), #2050, 'distance_accuracy_value', 'NONE');
#600 = CARTESIAN_POINT ( 'NONE',  ( 0.2607692307692308642, -4.900000000000000355, 0.6990000000000001767 ) ) ;
#601 = CARTESIAN_POINT ( 'NONE',  ( -0.4162377479396146551, -4.950000000000001066, 0.7310299466340782759 ) ) ;
#602 = FILL_AREA_STYLE_COLOUR ( '', #733 ) ;
#603 = LINE ( 'NONE', #565, #2114 ) ;
#604 = AXIS2_PLACEMENT_3D ( 'NONE', #305, #2976, #2728 ) ;
#605 = VERTEX_POINT ( 'NONE', #1305 ) ;
#606 = EDGE_LOOP ( 'NONE', ( #2908, #1111, #2528, #330, #3736, #1583 ) ) ;
#607 = CARTESIAN_POINT ( 'NONE',  ( -1.192307692307692291, -4.900000000000000355, 1.426764423076923416 ) ) ;
#608 = CARTESIAN_POINT ( 'NONE',  ( -1.039996234918222795, -4.899999999999999467, 2.137514736226421963 ) ) ;
#609 = PLANE ( 'NONE',  #25 ) ;
#610 = CARTESIAN_POINT ( 'NONE',  ( -0.1472225919158462459, -4.949999999999999289, 4.085260596303617930 ) ) ;
#611 = VERTEX_POINT ( 'NONE', #2523 ) ;
#612 = ORIENTED_EDGE ( 'NONE', *, *, #2810, .F. ) ;
#613 = DIRECTION ( 'NONE',  ( 0.000000000000000000, -0.000000000000000000, -1.000000000000000000 ) ) ;
#614 = EDGE_CURVE ( 'NONE', #2552, #2805, #3246, .T. ) ;
#615 = CARTESIAN_POINT ( 'NONE',  ( 1.499999999999999556, -1.699999999999999956, 8.800000000000000711 ) ) ;
#616 = CARTESIAN_POINT ( 'NONE',  ( -0.4601480857409359637, -4.900000000000000355, 0.7150305743888143439 ) ) ;
#617 = UNCERTAINTY_MEASURE_WITH_UNIT (LENGTH_MEASURE( 1.000000000000000082E-05 ), #236, 'distance_accuracy_value', 'NONE');
#618 =( NAMED_UNIT ( * ) SI_UNIT ( $, .STERADIAN. ) SOLID_ANGLE_UNIT ( ) );
#619 = PRESENTATION_STYLE_ASSIGNMENT (( #3069 ) ) ;
#620 = FACE_BOUND ( 'NONE', #3415, .T. ) ;
#621 = CARTESIAN_POINT ( 'NONE',  ( -0.2999999999999999334, 3.709999999999999964, -3.850000000000000089 ) ) ;
#622 = EDGE_LOOP ( 'NONE', ( #2964, #1966, #670, #3194 ) ) ;
#623 = VERTEX_POINT ( 'NONE', #1337 ) ;
#624 = LINE ( 'NONE', #2981, #952 ) ;
#625 = CARTESIAN_POINT ( 'NONE',  ( -0.1153081852287480141, -4.950000000000000178, 1.928679775062734025 ) ) ;
#626 = DIRECTION ( 'NONE',  ( -0.000000000000000000, -0.000000000000000000, 1.000000000000000000 ) ) ;
#627 = CARTESIAN_POINT ( 'NONE',  ( -0.5999999999999998668, -2.449999999999992184, 4.800000000000000711 ) ) ;
#628 = ORIENTED_EDGE ( 'NONE', *, *, #819, .F. ) ;
#629 = ORIENTED_EDGE ( 'NONE', *, *, #1039, .T. ) ;
#630 = CARTESIAN_POINT ( 'NONE',  ( -0.2999999999999999334, -3.910000000000001030, -3.850000000000000089 ) ) ;
#631 = CARTESIAN_POINT ( 'NONE',  ( -0.3346153846153847589, -4.900000000000000355, 3.803535256410256249 ) ) ;
#632 = CARTESIAN_POINT ( 'NONE',  ( -0.6444524761884077302, -4.949999999999996625, 0.6807053164106005028 ) ) ;
#633 = PRESENTATION_STYLE_ASSIGNMENT (( #3662 ) ) ;
#634 = CARTESIAN_POINT ( 'NONE',  ( 0.1679487179487177406, -4.900000000000000355, 4.318999999999999950 ) ) ;
#635 = EDGE_CURVE ( 'NONE', #962, #3657, #3367, .T. ) ;
#636 = DIRECTION ( 'NONE',  ( -0.000000000000000000, -0.7808688094430309423, -0.6246950475544235104 ) ) ;
#637 = CARTESIAN_POINT ( 'NONE',  ( 0.2999999999999999334, 3.910000000000000142, -3.850000000000000089 ) ) ;
#638 = ADVANCED_FACE ( 'NONE', ( #701 ), #1260, .T. ) ;
#639 = CARTESIAN_POINT ( 'NONE',  ( -0.4936988061043287579, -4.950000000000000178, 0.8905561488572149020 ) ) ;
#640 =( NAMED_UNIT ( * ) SI_UNIT ( $, .STERADIAN. ) SOLID_ANGLE_UNIT ( ) );
#641 = VECTOR ( 'NONE', #2983, 1000.000000000000000 ) ;
#642 = ORIENTED_EDGE ( 'NONE', *, *, #1970, .F. ) ;
#643 = CARTESIAN_POINT ( 'NONE',  ( -0.5426772450179656593, -4.949999999999999289, 2.204904498942947821 ) ) ;
#644 = VECTOR ( 'NONE', #1607, 1000.000000000000000 ) ;
#645 = CARTESIAN_POINT ( 'NONE',  ( 0.04433769939291457018, -4.950000000000000178, 4.303644784815269020 ) ) ;
#646 = PLANE ( 'NONE',  #1151 ) ;
#647 = EDGE_LOOP ( 'NONE', ( #2480, #3593, #3441, #3598 ) ) ;
#648 = ORIENTED_EDGE ( 'NONE', *, *, #1800, .T. ) ;
#649 = MECHANICAL_DESIGN_GEOMETRIC_PRESENTATION_REPRESENTATION (  '', ( #407 ), #1663 ) ;
#650 = LINE ( 'NONE', #630, #3505 ) ;
#651 = ORIENTED_EDGE ( 'NONE', *, *, #1999, .F. ) ;
#652 = CARTESIAN_POINT ( 'NONE',  ( -2.000000000000000000, 4.950000000000000178, 8.300000000000000711 ) ) ;
#653 = DIRECTION ( 'NONE',  ( -1.000000000000000000, -0.000000000000000000, -0.000000000000000000 ) ) ;
#654 = CARTESIAN_POINT ( 'NONE',  ( -0.5202188309914854702, -4.900000000000000355, 2.016812162577814149 ) ) ;
#655 = CARTESIAN_POINT ( 'NONE',  ( -1.392369208108822365, -4.949999999999998401, 1.285296950511629399 ) ) ;
#656 = VECTOR ( 'NONE', #1724, 1000.000000000000000 ) ;
#657 = COLOUR_RGB ( '',0.5450980392156862253, 0.000000000000000000, 0.000000000000000000 ) ;
#658 = UNCERTAINTY_MEASURE_WITH_UNIT (LENGTH_MEASURE( 1.000000000000000082E-05 ), #3360, 'distance_accuracy_value', 'NONE');
#659 = EDGE_CURVE ( 'NONE', #3697, #2400, #374, .T. ) ;
#660 = DIRECTION ( 'NONE',  ( 0.000000000000000000, -0.000000000000000000, 1.000000000000000000 ) ) ;
#661 = SURFACE_STYLE_USAGE ( .BOTH. , #948 ) ;
#662 = EDGE_CURVE ( 'NONE', #1316, #1204, #3117, .T. ) ;
#663 = CARTESIAN_POINT ( 'NONE',  ( -1.080555159036227453, -4.950000000000000178, 1.864617271804272614 ) ) ;
#664 = EDGE_LOOP ( 'NONE', ( #3429, #1445, #2619, #3842 ) ) ;
#665 = ORIENTED_EDGE ( 'NONE', *, *, #2665, .F. ) ;
#666 = CARTESIAN_POINT ( 'NONE',  ( -0.04335328064945491444, -4.949999999999998401, 3.979264034030742359 ) ) ;
#667 = CARTESIAN_POINT ( 'NONE',  ( 0.02746762118361144311, -4.949999999999999289, 4.271529861945059459 ) ) ;
#668 = MECHANICAL_DESIGN_GEOMETRIC_PRESENTATION_REPRESENTATION (  '', ( #2584 ), #2721 ) ;
#669 = ORIENTED_EDGE ( 'NONE', *, *, #122, .T. ) ;
#670 = ORIENTED_EDGE ( 'NONE', *, *, #2837, .T. ) ;
#671 = DIRECTION ( 'NONE',  ( -1.000000000000000000, 0.000000000000000000, 0.000000000000000000 ) ) ;
#672 = EDGE_LOOP ( 'NONE', ( #1859, #1675, #1345, #3894, #1729, #1335 ) ) ;
#673 = FILL_AREA_STYLE ('',( #3399 ) ) ;
#674 = SURFACE_STYLE_FILL_AREA ( #3400 ) ;
#675 = CARTESIAN_POINT ( 'NONE',  ( -0.2067999222272239868, -4.899999999999999467, 1.616612929034543455 ) ) ;
#676 = LINE ( 'NONE', #3448, #3828 ) ;
#677 = DIRECTION ( 'NONE',  ( -0.000000000000000000, -1.000000000000000000, -0.000000000000000000 ) ) ;
#678 = ORIENTED_EDGE ( 'NONE', *, *, #442, .T. ) ;
#679 = PLANE ( 'NONE',  #3642 ) ;
#680 = AXIS2_PLACEMENT_3D ( 'NONE', #2395, #3282, #1771 ) ;
#681 = CARTESIAN_POINT ( 'NONE',  ( -2.000000000000000000, 1.699999999999999956, 1.800000000000000488 ) ) ;
#682 = FACE_OUTER_BOUND ( 'NONE', #2381, .T. ) ;
#683 = ADVANCED_FACE ( 'NONE', ( #1097 ), #162, .F. ) ;
#684 = VERTEX_POINT ( 'NONE', #184 ) ;
#685 = DIRECTION ( 'NONE',  ( -0.000000000000000000, -1.000000000000000000, -0.000000000000000000 ) ) ;
#686 = CARTESIAN_POINT ( 'NONE',  ( 1.749999999999999778, -1.699999999999999956, 1.800000000000000488 ) ) ;
#687 = ORIENTED_EDGE ( 'NONE', *, *, #920, .F. ) ;
#688 = ADVANCED_FACE ( 'NONE', ( #1735 ), #1954, .F. ) ;
#689 = CARTESIAN_POINT ( 'NONE',  ( 0.5999999999999998668, -2.449999999999992184, 4.800000000000000711 ) ) ;
#690 = ORIENTED_EDGE ( 'NONE', *, *, #977, .T. ) ;
#691 = DIRECTION ( 'NONE',  ( 0.000000000000000000, 1.000000000000000000, 0.000000000000000000 ) ) ;
#692 = LINE ( 'NONE', #2511, #1344 ) ;
#693 = CARTESIAN_POINT ( 'NONE',  ( -0.6744707603935745643, -4.900000000000001243, 2.217935043699853281 ) ) ;
#694 = UNCERTAINTY_MEASURE_WITH_UNIT (LENGTH_MEASURE( 1.000000000000000082E-05 ), #1423, 'distance_accuracy_value', 'NONE');
#695 = CARTESIAN_POINT ( 'NONE',  ( -1.180986218293242240, -4.950000000000001954, 0.8670242502433836984 ) ) ;
#696 = CARTESIAN_POINT ( 'NONE',  ( -0.4955600507730907323, -4.900000000000002132, 2.194217047456754610 ) ) ;
#697 =( NAMED_UNIT ( * ) SI_UNIT ( $, .STERADIAN. ) SOLID_ANGLE_UNIT ( ) );
#698 = SURFACE_SIDE_STYLE ('',( #2453 ) ) ;
#699 = SURFACE_STYLE_FILL_AREA ( #2154 ) ;
#700 = ORIENTED_EDGE ( 'NONE', *, *, #24, .T. ) ;
#701 = FACE_OUTER_BOUND ( 'NONE', #1904, .T. ) ;
#702 = EDGE_CURVE ( 'NONE', #512, #759, #3794, .T. ) ;
#703 = VECTOR ( 'NONE', #1889, 1000.000000000000000 ) ;
#704 = CARTESIAN_POINT ( 'NONE',  ( 0.04433769939291457018, -4.900000000000000355, 4.303644784815269020 ) ) ;
#705 = PLANE ( 'NONE',  #830 ) ;
#706 = CARTESIAN_POINT ( 'NONE',  ( -0.2996301550058972918, -4.900000000000001243, 1.048428091609807211 ) ) ;
#707 = ORIENTED_EDGE ( 'NONE', *, *, #3749, .F. ) ;
#708 =( NAMED_UNIT ( * ) SI_UNIT ( $, .STERADIAN. ) SOLID_ANGLE_UNIT ( ) );
#709 = LINE ( 'NONE', #3417, #644 ) ;
#710 = EDGE_CURVE ( 'NONE', #1681, #378, #443, .T. ) ;
#711 = CARTESIAN_POINT ( 'NONE',  ( -0.6902043269230769829, -4.900000000000000355, 2.045153846153846100 ) ) ;
#712 = VECTOR ( 'NONE', #2316, 1000.000000000000000 ) ;
#713 = CARTESIAN_POINT ( 'NONE',  ( 0.007285345437902050053, -4.900000000000001243, 1.606836291005684147 ) ) ;
#714 = FACE_OUTER_BOUND ( 'NONE', #1499, .T. ) ;
#715 = COLOUR_RGB ( '',1.000000000000000000, 1.000000000000000000, 1.000000000000000000 ) ;
#716 =( NAMED_UNIT ( * ) PLANE_ANGLE_UNIT ( ) SI_UNIT ( $, .RADIAN. ) );
#717 = DIRECTION ( 'NONE',  ( -0.000000000000000000, -0.000000000000000000, 1.000000000000000000 ) ) ;
#718 = CARTESIAN_POINT ( 'NONE',  ( -1.296593851760313498, -4.950000000000001066, 1.015235199362890750 ) ) ;
#719 = B_SPLINE_CURVE_WITH_KNOTS ( 'NONE', 3,
 ( #1908, #3125, #3143, #3700, #2166, #675, #3724, #405, #1608, #3432, #2835, #2205, #422, #2851, #2549, #115, #3759, #2797, #2467, #2235, #654, #969, #3679, #3447, #3160, #2186, #3744 ),
 .UNSPECIFIED., .F., .F.,
 ( 4, 1, 1, 1, 1, 1, 1, 1, 1, 1, 1, 1, 1, 1, 1, 1, 1, 1, 1, 1, 1, 1, 1, 1, 4 ),
 ( 0.000000000000000000, 0.05085161579228469897, 0.09975246780941662839, 0.1474376477769318294, 0.1940857839327042589, 0.2391709270841440305, 0.2833398222454339144, 0.3265771497238439958, 0.3689362814999019857, 0.4105718726814495123, 0.4510505934949118334, 0.4908768629924158966, 0.5300443324843857607, 0.5689366633103305482, 0.6075778621311336281, 0.6464200964505126823, 0.6856793513063941248, 0.7247985849801966696, 0.7635130084045109733, 0.8021725263787546911, 0.8407403615726125601, 0.8796493769005858665, 0.9190706128663397312, 0.9590978622172243728, 1.000000000000000000 ),
 .UNSPECIFIED. ) ;
#720 = ORIENTED_EDGE ( 'NONE', *, *, #3073, .T. ) ;
#721 = DIRECTION ( 'NONE',  ( -0.2609090251427717555, 0.000000000000000000, -0.9653633930282671249 ) ) ;
#722 = DIRECTION ( 'NONE',  ( -0.000000000000000000, 0.000000000000000000, 1.000000000000000000 ) ) ;
#723 = CARTESIAN_POINT ( 'NONE',  ( 1.499999999999999556, -1.699999999999999956, 1.800000000000000488 ) ) ;
#724 = DIRECTION ( 'NONE',  ( 0.000000000000000000, 0.000000000000000000, -1.000000000000000000 ) ) ;
#725 = EDGE_LOOP ( 'NONE', ( #1669, #1115, #2865, #1431, #12, #1942 ) ) ;
#726 = DIRECTION ( 'NONE',  ( 0.000000000000000000, -1.000000000000000000, 0.000000000000000000 ) ) ;
#727 = CARTESIAN_POINT ( 'NONE',  ( 1.499999999999999556, 1.699999999999999956, 1.800000000000000488 ) ) ;
#728 = MECHANICAL_DESIGN_GEOMETRIC_PRESENTATION_REPRESENTATION (  '', ( #1935 ), #2192 ) ;
#729 = DIRECTION ( 'NONE',  ( 0.000000000000000000, 0.000000000000000000, 1.000000000000000000 ) ) ;
#730 = UNCERTAINTY_MEASURE_WITH_UNIT (LENGTH_MEASURE( 1.000000000000000082E-05 ), #3742, 'distance_accuracy_value', 'NONE');
#731 = CARTESIAN_POINT ( 'NONE',  ( -1.318916798250017175, -4.950000000000000178, 1.057982756193093232 ) ) ;
#732 = EDGE_CURVE ( 'NONE', #1169, #240, #1417, .T. ) ;
#733 = COLOUR_RGB ( '',1.000000000000000000, 0.8705882352941176627, 0.5254901960784313930 ) ;
#734 = CARTESIAN_POINT ( 'NONE',  ( -0.02921447071510706664, -4.950000000000000178, 1.754446597601494018 ) ) ;
#735 = FILL_AREA_STYLE_COLOUR ( '', #2562 ) ;
#736 = EDGE_CURVE ( 'NONE', #378, #3917, #1978, .T. ) ;
#737 = CARTESIAN_POINT ( 'NONE',  ( -0.3617004433121644991, -4.950000000000002842, 2.143133495149090795 ) ) ;
#738 = CARTESIAN_POINT ( 'NONE',  ( -0.6932091346153846922, -4.949999999999999289, 0.8528461538461540314 ) ) ;
#740 = ORIENTED_EDGE ( 'NONE', *, *, #1483, .T. ) ;
#739 = CARTESIAN_POINT ( 'NONE',  ( -1.403677411986095969, -4.950000000000001066, 1.412931107150833476 ) ) ;
#741 = EDGE_LOOP ( 'NONE', ( #2633, #2349, #2575, #30 ) ) ;
#742 = SURFACE_STYLE_FILL_AREA ( #3536 ) ;
#743 = DIRECTION ( 'NONE',  ( -0.5403350958123748216, 0.000000000000000000, 0.8414499297245390252 ) ) ;
#744 =( LENGTH_UNIT ( ) NAMED_UNIT ( * ) SI_UNIT ( .MILLI., .METRE. ) );
#745 = ORIENTED_EDGE ( 'NONE', *, *, #3014, .T. ) ;
#746 = CARTESIAN_POINT ( 'NONE',  ( -0.7070581931940564946, -4.900000000000000355, 2.044819135020045309 ) ) ;
#747 = FACE_OUTER_BOUND ( 'NONE', #307, .T. ) ;
#748 = CARTESIAN_POINT ( 'NONE',  ( -0.6932091346153846922, -4.900000000000000355, 0.8528461538461540314 ) ) ;
#749 = EDGE_LOOP ( 'NONE', ( #922, #1510, #3756, #3729 ) ) ;
#750 = CARTESIAN_POINT ( 'NONE',  ( -0.2419101279706142582, -4.949999999999997513, 2.066110545126630171 ) ) ;
#751 = FACE_OUTER_BOUND ( 'NONE', #2934, .T. ) ;
#752 = CARTESIAN_POINT ( 'NONE',  ( 0.2607692307692308642, -4.900000000000000355, 2.199000000000000288 ) ) ;
#753 = ADVANCED_FACE ( 'NONE', ( #2586 ), #525, .T. ) ;
#754 = ADVANCED_FACE ( 'NONE', ( #2016 ), #1073, .T. ) ;
#755 = SURFACE_STYLE_FILL_AREA ( #3168 ) ;
#756 = CARTESIAN_POINT ( 'NONE',  ( 0.5999999999999998668, -4.950000000000000178, 8.800000000000000711 ) ) ;
#757 = CARTESIAN_POINT ( 'NONE',  ( 0.4723076923076924283, -4.900000000000000355, 0.6990000000000001767 ) ) ;
#758 = FILL_AREA_STYLE ('',( #1419 ) ) ;
#759 = VERTEX_POINT ( 'NONE', #780 ) ;
#760 = CARTESIAN_POINT ( 'NONE',  ( -0.2157799456033980823, -4.950000000000000178, 1.655220012804757834 ) ) ;
#761 = CARTESIAN_POINT ( 'NONE',  ( -1.172894682782809506, -4.899999999999999467, 1.648624152813545019 ) ) ;
#762 =( GEOMETRIC_REPRESENTATION_CONTEXT ( 3 ) GLOBAL_UNCERTAINTY_ASSIGNED_CONTEXT ( ( #2273 ) ) GLOBAL_UNIT_ASSIGNED_CONTEXT ( ( #989, #2203, #708 ) ) REPRESENTATION_CONTEXT ( 'NONE', 'WORKASPACE' ) );
#763 = DIRECTION ( 'NONE',  ( -0.000000000000000000, 1.000000000000000000, -0.000000000000000000 ) ) ;
#764 = UNCERTAINTY_MEASURE_WITH_UNIT (LENGTH_MEASURE( 1.000000000000000082E-05 ), #3053, 'distance_accuracy_value', 'NONE');
#765 = ORIENTED_EDGE ( 'NONE', *, *, #2048, .T. ) ;
#766 = PRESENTATION_LAYER_ASSIGNMENT (  '', '', ( #3248 ) ) ;
#767 = PRESENTATION_LAYER_ASSIGNMENT (  '', '', ( #3131 ) ) ;
#768 = ORIENTED_EDGE ( 'NONE', *, *, #2536, .F. ) ;
#769 =( NAMED_UNIT ( * ) SI_UNIT ( $, .STERADIAN. ) SOLID_ANGLE_UNIT ( ) );
#770 = CARTESIAN_POINT ( 'NONE',  ( 0.01891823386902704435, -4.900000000000001243, 1.427959548162584191 ) ) ;
#771 = FACE_OUTER_BOUND ( 'NONE', #2322, .T. ) ;
#772 = VECTOR ( 'NONE', #2630, 1000.000000000000000 ) ;
#773 = EDGE_CURVE ( 'NONE', #2373, #212, #3228, .T. ) ;
#774 = CARTESIAN_POINT ( 'NONE',  ( -0.6546854423974941550, -4.949999999999999289, 2.044374076295398357 ) ) ;
#775 = LINE ( 'NONE', #1933, #2326 ) ;
#776 = LINE ( 'NONE', #1688, #2399 ) ;
#777 = VECTOR ( 'NONE', #2329, 1000.000000000000000 ) ;
#778 = EDGE_CURVE ( 'NONE', #3157, #3035, #3578, .T. ) ;
#779 = CARTESIAN_POINT ( 'NONE',  ( -0.01153846153846170217, -4.900000000000000355, 4.009945512820512370 ) ) ;
#780 = CARTESIAN_POINT ( 'NONE',  ( 0.4723076923076924283, -4.900000000000000355, 0.6990000000000001767 ) ) ;
#781 =( NAMED_UNIT ( * ) SI_UNIT ( $, .STERADIAN. ) SOLID_ANGLE_UNIT ( ) );
#782 = ORIENTED_EDGE ( 'NONE', *, *, #3408, .F. ) ;
#783 = CARTESIAN_POINT ( 'NONE',  ( -1.252507036003867480, -4.950000000000000178, 1.954489237451109807 ) ) ;
#784 = CARTESIAN_POINT ( 'NONE',  ( -1.192307692307692291, -4.900000000000000355, 1.426764423076923416 ) ) ;
#785 = CARTESIAN_POINT ( 'NONE',  ( -0.2530319179765325166, -4.900000000000000355, 3.840571802289067360 ) ) ;
#786 = CARTESIAN_POINT ( 'NONE',  ( -1.191983519640225975, -4.949999999999999289, 1.405108640495238426 ) ) ;
#787 = COLOUR_RGB ( '',1.000000000000000000, 1.000000000000000000, 1.000000000000000000 ) ;
#789 = ORIENTED_EDGE ( 'NONE', *, *, #541, .F. ) ;
#788 = CARTESIAN_POINT ( 'NONE',  ( -0.03153944770285193461, -4.899999999999999467, 1.134017246907397025 ) ) ;
#790 = COLOUR_RGB ( '',1.000000000000000000, 1.000000000000000000, 1.000000000000000000 ) ;
#791 = FILL_AREA_STYLE_COLOUR ( '', #3787 ) ;
#792 = COLOUR_RGB ( '',1.000000000000000000, 1.000000000000000000, 1.000000000000000000 ) ;
#793 = CARTESIAN_POINT ( 'NONE',  ( -0.1508825073472953027, -4.949999999999999289, 0.9200248218735034289 ) ) ;
#794 = CARTESIAN_POINT ( 'NONE',  ( -0.1923076923076923739, -4.900000000000000355, 1.448098557692307775 ) ) ;
#796 = ORIENTED_EDGE ( 'NONE', *, *, #482, .T. ) ;
#795 = DIRECTION ( 'NONE',  ( -0.000000000000000000, -1.000000000000000000, -0.000000000000000000 ) ) ;
#797 = SURFACE_STYLE_FILL_AREA ( #2310 ) ;
#798 = CARTESIAN_POINT ( 'NONE',  ( 0.5999999999999998668, -2.449999999999992184, 4.800000000000000711 ) ) ;
#799 = FILL_AREA_STYLE_COLOUR ( '', #787 ) ;
#800 = EDGE_CURVE ( 'NONE', #623, #3521, #3902, .T. ) ;
#801 =( LENGTH_UNIT ( ) NAMED_UNIT ( * ) SI_UNIT ( .MILLI., .METRE. ) );
#802 = EDGE_LOOP ( 'NONE', ( #447, #1703, #509, #1326 ) ) ;
#803 = CARTESIAN_POINT ( 'NONE',  ( -0.2257282865398179961, -4.949999999999999289, 1.692567201055930282 ) ) ;
#804 = LINE ( 'NONE', #3465, #2499 ) ;
#805 = CARTESIAN_POINT ( 'NONE',  ( 0.01821598553768976128, -4.900000000000001243, 1.501138863908449528 ) ) ;
#806 = CARTESIAN_POINT ( 'NONE',  ( -1.158021591228418634, -4.950000000000001066, 1.188448951658802821 ) ) ;
#807 = SURFACE_STYLE_USAGE ( .BOTH. , #1105 ) ;
#808 = CARTESIAN_POINT ( 'NONE',  ( -0.5050215480779610688, -4.900000000000000355, 0.7020646734225793884 ) ) ;
#809 = LINE ( 'NONE', #2031, #2181 ) ;
#810 = VECTOR ( 'NONE', #480, 1000.000000000000000 ) ;
#811 = SURFACE_SIDE_STYLE ('',( #2327 ) ) ;
#812 = CARTESIAN_POINT ( 'NONE',  ( -0.6196957528052694508, -4.949999999999998401, 2.041178663534509052 ) ) ;
#813 = SURFACE_STYLE_FILL_AREA ( #2758 ) ;
#814 = FACE_OUTER_BOUND ( 'NONE', #1564, .T. ) ;
#815 = FILL_AREA_STYLE_COLOUR ( '', #3613 ) ;
#816 = CARTESIAN_POINT ( 'NONE',  ( -1.402309002578743469, -4.950000000000000178, 1.517839069544936192 ) ) ;
#817 = FILL_AREA_STYLE ('',( #602 ) ) ;
#818 = LINE ( 'NONE', #3864, #2560 ) ;
#819 = EDGE_CURVE ( 'NONE', #1763, #100, #3562, .T. ) ;
#820 = ORIENTED_EDGE ( 'NONE', *, *, #2922, .F. ) ;
#821 = CARTESIAN_POINT ( 'NONE',  ( -1.392817751738208543, -4.900000000000000355, 1.603163987651380573 ) ) ;
#822 = CARTESIAN_POINT ( 'NONE',  ( -1.392817751738208543, -4.900000000000000355, 1.603163987651380573 ) ) ;
#823 = CARTESIAN_POINT ( 'NONE',  ( -0.4048894911444196887, -4.899999999999997691, 2.163643655340701688 ) ) ;
#824 = VERTEX_POINT ( 'NONE', #2378 ) ;
#825 = SURFACE_STYLE_FILL_AREA ( #848 ) ;
#826 = EDGE_CURVE ( 'NONE', #1681, #71, #1137, .T. ) ;
#827 = CARTESIAN_POINT ( 'NONE',  ( -1.108050254835857507, -4.900000000000000355, 0.8069032235124634633 ) ) ;
#828 = CARTESIAN_POINT ( 'NONE',  ( -0.2517773330484104899, -4.900000000000000355, 0.8223602735642838724 ) ) ;
#829 = LINE ( 'NONE', #1748, #2781 ) ;
#830 = AXIS2_PLACEMENT_3D ( 'NONE', #1307, #3138, #1247 ) ;
#831 = VECTOR ( 'NONE', #9, 1000.000000000000000 ) ;
#832 = VERTEX_POINT ( 'NONE', #3284 ) ;
#833 = VECTOR ( 'NONE', #1005, 1000.000000000000000 ) ;
#834 = CARTESIAN_POINT ( 'NONE',  ( -0.5857068109775118714, -4.950000000000000178, 2.035008084947162121 ) ) ;
#835 = COLOUR_RGB ( '',1.000000000000000000, 1.000000000000000000, 1.000000000000000000 ) ;
#836 =( GEOMETRIC_REPRESENTATION_CONTEXT ( 3 ) GLOBAL_UNCERTAINTY_ASSIGNED_CONTEXT ( ( #3040 ) ) GLOBAL_UNIT_ASSIGNED_CONTEXT ( ( #2242, #3731, #3436 ) ) REPRESENTATION_CONTEXT ( 'NONE', 'WORKASPACE' ) );
#837 = STYLED_ITEM ( 'NONE', ( #2652 ), #2425 ) ;
#838 = DIRECTION ( 'NONE',  ( 0.000000000000000000, -0.000000000000000000, 1.000000000000000000 ) ) ;
#839 = SURFACE_STYLE_FILL_AREA ( #2079 ) ;
#840 = ORIENTED_EDGE ( 'NONE', *, *, #229, .T. ) ;
#841 = COLOUR_RGB ( '',1.000000000000000000, 1.000000000000000000, 1.000000000000000000 ) ;
#842 = CARTESIAN_POINT ( 'NONE',  ( -0.6914062500000000000, -4.949999999999998401, 2.218230769230769006 ) ) ;
#843 = DIRECTION ( 'NONE',  ( 1.000000000000000000, -0.000000000000000000, 0.000000000000000000 ) ) ;
#844 = DIRECTION ( 'NONE',  ( -5.973951822813906727E-15, -1.000000000000000000, -4.037784246375884363E-13 ) ) ;
#845 = ORIENTED_EDGE ( 'NONE', *, *, #1994, .F. ) ;
#846 = CIRCLE ( 'NONE', #2241, 0.5000000000000004441 ) ;
#847 = PRESENTATION_LAYER_ASSIGNMENT (  '', '', ( #2579 ) ) ;
#848 = FILL_AREA_STYLE ('',( #2555 ) ) ;
#849 = CARTESIAN_POINT ( 'NONE',  ( 1.203076923076922933, -4.900000000000000355, 2.199000000000000288 ) ) ;
#850 = CARTESIAN_POINT ( 'NONE',  ( -0.3308242160522387176, -4.949999999999994849, 0.7709358389776591602 ) ) ;
#851 = SURFACE_SIDE_STYLE ('',( #555 ) ) ;
#852 = ORIENTED_EDGE ( 'NONE', *, *, #3906, .F. ) ;
#853 = CARTESIAN_POINT ( 'NONE',  ( -0.09548377986032392795, -4.950000000000000178, 0.9985958883864456404 ) ) ;
#854 = COLOUR_RGB ( '',1.000000000000000000, 0.8705882352941176627, 0.5254901960784313930 ) ;
#855 = SURFACE_SIDE_STYLE ('',( #287 ) ) ;
#856 = FACE_BOUND ( 'NONE', #3567, .T. ) ;
#857 = CARTESIAN_POINT ( 'NONE',  ( -0.5999999999999998668, -6.449999999999992184, 8.001000000000001222 ) ) ;
#858 = PLANE ( 'NONE',  #3659 ) ;
#859 = DIRECTION ( 'NONE',  ( 0.000000000000000000, -1.000000000000000000, 0.000000000000000000 ) ) ;
#860 = ORIENTED_EDGE ( 'NONE', *, *, #174, .T. ) ;
#861 = CARTESIAN_POINT ( 'NONE',  ( -0.2999999999999999334, -3.910000000000001030, -3.479999999999997762 ) ) ;
#862 = CARTESIAN_POINT ( 'NONE',  ( -0.9108678519622529501, -4.900000000000000355, 2.190147594842954515 ) ) ;
#863 = DIRECTION ( 'NONE',  ( -0.9653633930282671249, -0.000000000000000000, -0.2609090251427717555 ) ) ;
#864 = CARTESIAN_POINT ( 'NONE',  ( -0.6914062500000000000, -4.950000000000000178, 2.218230769230769006 ) ) ;
#865 = ORIENTED_EDGE ( 'NONE', *, *, #1193, .T. ) ;
#866 = ORIENTED_EDGE ( 'NONE', *, *, #2128, .F. ) ;
#867 = LINE ( 'NONE', #2006, #3136 ) ;
#868 = DIRECTION ( 'NONE',  ( -1.000000000000000000, 0.000000000000000000, 0.000000000000000000 ) ) ;
#869 = CARTESIAN_POINT ( 'NONE',  ( 0.01891823386902704435, -4.900000000000001243, 1.427959548162584191 ) ) ;
#870 = FACE_OUTER_BOUND ( 'NONE', #1020, .T. ) ;
#871 = DIRECTION ( 'NONE',  ( -0.000000000000000000, -0.000000000000000000, -1.000000000000000000 ) ) ;
#872 = LINE ( 'NONE', #2682, #3355 ) ;
#873 =( GEOMETRIC_REPRESENTATION_CONTEXT ( 3 ) GLOBAL_UNCERTAINTY_ASSIGNED_CONTEXT ( ( #3665 ) ) GLOBAL_UNIT_ASSIGNED_CONTEXT ( ( #2059, #1034, #524 ) ) REPRESENTATION_CONTEXT ( 'NONE', 'WORKASPACE' ) );
#874 = EDGE_CURVE ( 'NONE', #2769, #1308, #584, .T. ) ;
#875 = CARTESIAN_POINT ( 'NONE',  ( -1.099186450780427871, -4.950000000000000178, 2.101454857183637337 ) ) ;
#876 = DIRECTION ( 'NONE',  ( 0.000000000000000000, 1.000000000000000000, 0.000000000000000000 ) ) ;
#877 = CARTESIAN_POINT ( 'NONE',  ( -0.9670121947285252872, -4.950000000000001954, 1.965301201564062739 ) ) ;
#878 = ORIENTED_EDGE ( 'NONE', *, *, #702, .T. ) ;
#879 = SURFACE_SIDE_STYLE ('',( #3614 ) ) ;
#880 = CARTESIAN_POINT ( 'NONE',  ( -0.5999999999999998668, -2.449999999999992184, 4.801000000000000156 ) ) ;
#881 = CARTESIAN_POINT ( 'NONE',  ( -0.006156937761283829726, -4.950000000000001066, 4.225479639996301273 ) ) ;
#882 = ORIENTED_EDGE ( 'NONE', *, *, #3354, .T. ) ;
#883 = ORIENTED_EDGE ( 'NONE', *, *, #1504, .T. ) ;
#884 = FACE_OUTER_BOUND ( 'NONE', #3084, .T. ) ;
#885 = FACE_BOUND ( 'NONE', #3870, .T. ) ;
#886 = SURFACE_SIDE_STYLE ('',( #2133 ) ) ;
#887 = DIRECTION ( 'NONE',  ( -1.000000000000000000, -0.000000000000000000, -0.000000000000000000 ) ) ;
#888 = DIRECTION ( 'NONE',  ( 0.000000000000000000, 0.000000000000000000, -1.000000000000000000 ) ) ;
#889 = VECTOR ( 'NONE', #1205, 1000.000000000000000 ) ;
#890 = ADVANCED_FACE ( 'NONE', ( #2397 ), #1388, .F. ) ;
#891 = PRESENTATION_LAYER_ASSIGNMENT (  '', '', ( #68 ) ) ;
#892 = STYLED_ITEM ( 'NONE', ( #1192 ), #998 ) ;
#893 =( NAMED_UNIT ( * ) PLANE_ANGLE_UNIT ( ) SI_UNIT ( $, .RADIAN. ) );
#894 = FACE_OUTER_BOUND ( 'NONE', #606, .T. ) ;
#895 = MECHANICAL_DESIGN_GEOMETRIC_PRESENTATION_REPRESENTATION (  '', ( #2824 ), #1087 ) ;
#896 = CARTESIAN_POINT ( 'NONE',  ( -1.110504819028437673, -4.949999999999999289, 1.819323381091136227 ) ) ;
#897 = ADVANCED_FACE ( 'NONE', ( #751 ), #3163, .F. ) ;
#898 = ORIENTED_EDGE ( 'NONE', *, *, #3653, .F. ) ;
#899 = ORIENTED_EDGE ( 'NONE', *, *, #1046, .F. ) ;
#900 = CARTESIAN_POINT ( 'NONE',  ( -1.014434488494872388, -4.900000000000000355, 0.9700134349902422848 ) ) ;
#901 = PRODUCT_DEFINITION_FORMATION_WITH_SPECIFIED_SOURCE ( 'ANY', '', #1635, .NOT_KNOWN. ) ;
#902 = CARTESIAN_POINT ( 'NONE',  ( 0.1679487179487177406, -4.900000000000000355, 2.918999999999999595 ) ) ;
#903 = SURFACE_STYLE_USAGE ( .BOTH. , #2440 ) ;
#904 = DIRECTION ( 'NONE',  ( -0.000000000000000000, 1.000000000000000000, 0.000000000000000000 ) ) ;
#905 = ORIENTED_EDGE ( 'NONE', *, *, #1650, .F. ) ;
#906 = VECTOR ( 'NONE', #1744, 1000.000000000000000 ) ;
#907 = CARTESIAN_POINT ( 'NONE',  ( -1.192307692307692291, -4.900000000000000355, 1.426764423076923416 ) ) ;
#908 = CARTESIAN_POINT ( 'NONE',  ( -0.3731404625853782520, -4.949999999999994849, 0.7497900611920680358 ) ) ;
#909 = FACE_OUTER_BOUND ( 'NONE', #1582, .T. ) ;
#910 = VECTOR ( 'NONE', #3110, 1000.000000000000000 ) ;
#911 = DIRECTION ( 'NONE',  ( 0.000000000000000000, -0.000000000000000000, 1.000000000000000000 ) ) ;
#912 = CARTESIAN_POINT ( 'NONE',  ( -0.7957618213453714340, -4.950000000000000178, 0.8616042867902181657 ) ) ;
#913 = CARTESIAN_POINT ( 'NONE',  ( 0.2607692307692308642, -4.950000000000000178, 2.199000000000000288 ) ) ;
#914 = B_SPLINE_CURVE_WITH_KNOTS ( 'NONE', 3,
 ( #3855, #179, #1392, #2304, #1112, #1153, #2663, #3265, #540, #1751, #853, #3512, #793, #2328, #3185, #521, #1730, #2950, #1254, #601, #2136, #558, #3281, #3362, #3644, #2988, #1196 ),
 .UNSPECIFIED., .F., .F.,
 ( 4, 1, 1, 1, 1, 1, 1, 1, 1, 1, 1, 1, 1, 1, 1, 1, 1, 1, 1, 1, 1, 1, 1, 1, 4 ),
 ( 0.000000000000000000, 0.04755955690542653519, 0.09396210524321092772, 0.1391115332408221217, 0.1836263101269046960, 0.2274570284004935050, 0.2707025105518547359, 0.3136105321155537862, 0.3562604510849770034, 0.3983661529550378555, 0.4395565149792806658, 0.4800453830214204687, 0.5198884957050128319, 0.5596577503171974444, 0.5994212546627415428, 0.6392077550883983328, 0.6796683749857806989, 0.7200198525128485016, 0.7598588655624579635, 0.7995598848323807184, 0.8391991446364382989, 0.8789560762302789376, 0.9187942693024661045, 0.9590833628432750002, 1.000000000000000000 ),
 .UNSPECIFIED. ) ;
#915 = DIRECTION ( 'NONE',  ( -1.000000000000000000, -0.000000000000000000, -0.000000000000000000 ) ) ;
#916 = CARTESIAN_POINT ( 'NONE',  ( -1.191014013454145370, -4.950000000000000178, 1.505334606869032088 ) ) ;
#917 = VERTEX_POINT ( 'NONE', #3485 ) ;
#918 = CARTESIAN_POINT ( 'NONE',  ( -0.6902043269230769829, -4.950000000000000178, 2.045153846153846100 ) ) ;
#919 = CARTESIAN_POINT ( 'NONE',  ( -0.1923076923076923739, -4.900000000000000355, 1.448098557692307775 ) ) ;
#920 = EDGE_CURVE ( 'NONE', #3105, #1169, #1665, .T. ) ;
#921 =( NAMED_UNIT ( * ) PLANE_ANGLE_UNIT ( ) SI_UNIT ( $, .RADIAN. ) );
#922 = ORIENTED_EDGE ( 'NONE', *, *, #174, .F. ) ;
#923 = DIRECTION ( 'NONE',  ( -1.000000000000000000, 0.000000000000000000, 0.000000000000000000 ) ) ;
#924 = CARTESIAN_POINT ( 'NONE',  ( 1.499999999999999556, -1.699999999999999956, 8.800000000000000711 ) ) ;
#925 = ADVANCED_FACE ( 'NONE', ( #2919 ), #220, .F. ) ;
#926 = LINE ( 'NONE', #202, #973 ) ;
#927 = SURFACE_STYLE_FILL_AREA ( #3666 ) ;
#928 = FACE_OUTER_BOUND ( 'NONE', #551, .T. ) ;
#929 = FILL_AREA_STYLE_COLOUR ( '', #2706 ) ;
#930 = CARTESIAN_POINT ( 'NONE',  ( -1.156824142783870135, -4.950000000000000178, 1.711481831248793828 ) ) ;
#931 = SURFACE_STYLE_USAGE ( .BOTH. , #2474 ) ;
#932 = EDGE_LOOP ( 'NONE', ( #2155, #1758, #3326, #2492 ) ) ;
#933 = CARTESIAN_POINT ( 'NONE',  ( -1.191983519640225975, -4.899999999999999467, 1.405108640495238426 ) ) ;
#934 = CARTESIAN_POINT ( 'NONE',  ( 0.01444674375028893662, -4.950000000000000178, 1.554739873201401057 ) ) ;
#935 = CARTESIAN_POINT ( 'NONE',  ( 1.499999999999999556, -1.699999999999999956, 1.800000000000000488 ) ) ;
#936 = DIRECTION ( 'NONE',  ( 0.000000000000000000, 0.000000000000000000, 1.000000000000000000 ) ) ;
#937 = ORIENTED_EDGE ( 'NONE', *, *, #800, .T. ) ;
#938 = ORIENTED_EDGE ( 'NONE', *, *, #537, .F. ) ;
#939 = FILL_AREA_STYLE ('',( #2720 ) ) ;
#940 = EDGE_LOOP ( 'NONE', ( #379, #1569, #2386, #2246 ) ) ;
#941 = CARTESIAN_POINT ( 'NONE',  ( 1.191057692307692317, -4.900000000000000355, 0.6990000000000001767 ) ) ;
#942 = CARTESIAN_POINT ( 'NONE',  ( -2.000000000000000000, -4.950000000000000178, 8.800000000000000711 ) ) ;
#943 = DIRECTION ( 'NONE',  ( 0.000000000000000000, -1.000000000000000000, 0.000000000000000000 ) ) ;
#944 = LINE ( 'NONE', #2150, #777 ) ;
#945 = EDGE_CURVE ( 'NONE', #212, #3175, #3181, .T. ) ;
#946 = CARTESIAN_POINT ( 'NONE',  ( 0.4723076923076924283, -4.950000000000000178, 0.6989999999999999547 ) ) ;
#947 = CARTESIAN_POINT ( 'NONE',  ( -0.2000000000000005107, -3.710000000000000853, -3.850000000000000089 ) ) ;
#948 = SURFACE_SIDE_STYLE ('',( #369 ) ) ;
#949 =( NAMED_UNIT ( * ) SI_UNIT ( $, .STERADIAN. ) SOLID_ANGLE_UNIT ( ) );
#950 = PLANE ( 'NONE',  #3134 ) ;
#951 = VECTOR ( 'NONE', #550, 1000.000000000000000 ) ;
#952 = VECTOR ( 'NONE', #3327, 1000.000000000000000 ) ;
#953 = B_SPLINE_CURVE_WITH_KNOTS ( 'NONE', 3,
 ( #3026, #1843, #3939, #2764, #2094, #1527, #2470, #1213, #3622, #3683, #3008, #3297, #1178, #580, #2783, #912, #2741, #3045, #1826 ),
 .UNSPECIFIED., .F., .F.,
 ( 4, 1, 1, 1, 1, 1, 1, 1, 1, 1, 1, 1, 1, 1, 1, 1, 4 ),
 ( 0.000000000000000000, 0.07596440262219977813, 0.1481252239748712951, 0.2172006111446034005, 0.2832999093723613804, 0.3472018681362410986, 0.4092995407059241697, 0.4704256161074026887, 0.5315880640528349854, 0.5917391729173696602, 0.6502577442905730365, 0.7073030399522860501, 0.7642084640229155346, 0.8211475320101307984, 0.8791188121552544477, 0.9384228183936667023, 1.000000000000000000 ),
 .UNSPECIFIED. ) ;
#954 = VERTEX_POINT ( 'NONE', #436 ) ;
#955 = VECTOR ( 'NONE', #3461, 1000.000000000000000 ) ;
#956 = ORIENTED_EDGE ( 'NONE', *, *, #3733, .F. ) ;
#957 = DIRECTION ( 'NONE',  ( 1.030227187274620279E-12, -1.000000000000000000, -1.155308383465049454E-12 ) ) ;
#958 = CARTESIAN_POINT ( 'NONE',  ( -0.4955600507730907323, -4.950000000000001954, 2.194217047456754610 ) ) ;
#959 = VECTOR ( 'NONE', #990, 1000.000000000000000 ) ;
#960 = CARTESIAN_POINT ( 'NONE',  ( 0.5999999999999998668, -6.449999999999992184, 6.801000000000001933 ) ) ;
#961 = SURFACE_STYLE_FILL_AREA ( #1903 ) ;
#962 = VERTEX_POINT ( 'NONE', #1352 ) ;
#963 = VERTEX_POINT ( 'NONE', #3241 ) ;
#964 = STYLED_ITEM ( 'NONE', ( #997 ), #3361 ) ;
#965 = STYLED_ITEM ( 'NONE', ( #3148 ), #1578 ) ;
#966 = VERTEX_POINT ( 'NONE', #2348 ) ;
#967 = FILL_AREA_STYLE_COLOUR ( '', #3249 ) ;
#968 = PLANE ( 'NONE',  #2933 ) ;
#969 = CARTESIAN_POINT ( 'NONE',  ( -0.5525924589899398054, -4.899999999999999467, 2.026884553686973511 ) ) ;
#970 = UNCERTAINTY_MEASURE_WITH_UNIT (LENGTH_MEASURE( 1.000000000000000082E-05 ), #1717, 'distance_accuracy_value', 'NONE');
#971 = DIRECTION ( 'NONE',  ( 0.000000000000000000, -0.000000000000000000, 1.000000000000000000 ) ) ;
#972 = MECHANICAL_DESIGN_GEOMETRIC_PRESENTATION_REPRESENTATION (  '', ( #412 ), #2828 ) ;
#973 = VECTOR ( 'NONE', #1840, 1000.000000000000000 ) ;
#974 = CARTESIAN_POINT ( 'NONE',  ( -0.01153846153846170217, -4.900000000000000355, 4.009945512820512370 ) ) ;
#975 = ORIENTED_EDGE ( 'NONE', *, *, #3189, .F. ) ;
#976 = CARTESIAN_POINT ( 'NONE',  ( 0.2607692307692308642, -4.900000000000000355, 2.199000000000000288 ) ) ;
#977 = EDGE_CURVE ( 'NONE', #1542, #1515, #2599, .T. ) ;
#978 = EDGE_CURVE ( 'NONE', #2628, #962, #593, .T. ) ;
#979 = DIRECTION ( 'NONE',  ( 0.000000000000000000, -1.000000000000000000, 0.000000000000000000 ) ) ;
#980 = CARTESIAN_POINT ( 'NONE',  ( -0.9375517825929717830, -4.900000000000000355, 0.7188617585499482709 ) ) ;
#981 =( GEOMETRIC_REPRESENTATION_CONTEXT ( 3 ) GLOBAL_UNCERTAINTY_ASSIGNED_CONTEXT ( ( #1888 ) ) GLOBAL_UNIT_ASSIGNED_CONTEXT ( ( #3413, #3102, #63 ) ) REPRESENTATION_CONTEXT ( 'NONE', 'WORKASPACE' ) );
#982 = ORIENTED_EDGE ( 'NONE', *, *, #2414, .T. ) ;
#983 = ORIENTED_EDGE ( 'NONE', *, *, #635, .T. ) ;
#984 = DIRECTION ( 'NONE',  ( -0.000000000000000000, -0.000000000000000000, -1.000000000000000000 ) ) ;
#985 = STYLED_ITEM ( 'NONE', ( #3091 ), #67 ) ;
#986 = ORIENTED_EDGE ( 'NONE', *, *, #2922, .T. ) ;
#987 = ORIENTED_EDGE ( 'NONE', *, *, #945, .F. ) ;
#988 = VECTOR ( 'NONE', #341, 1000.000000000000000 ) ;
#989 =( LENGTH_UNIT ( ) NAMED_UNIT ( * ) SI_UNIT ( .MILLI., .METRE. ) );
#990 = DIRECTION ( 'NONE',  ( -0.000000000000000000, -1.000000000000000000, -0.000000000000000000 ) ) ;
#991 = CARTESIAN_POINT ( 'NONE',  ( -0.6914062500000000000, -4.900000000000000355, 2.218230769230769006 ) ) ;
#992 = LINE ( 'NONE', #1271, #3059 ) ;
#993 = CARTESIAN_POINT ( 'NONE',  ( -0.2066881749987712624, -4.900000000000000355, 2.035261450661260962 ) ) ;
#994 = EDGE_CURVE ( 'NONE', #1797, #2455, #1428, .T. ) ;
#995 =( LENGTH_UNIT ( ) NAMED_UNIT ( * ) SI_UNIT ( .MILLI., .METRE. ) );
#996 = CARTESIAN_POINT ( 'NONE',  ( -1.191865441711353890, -4.950000000000000178, 1.453624033977423791 ) ) ;
#997 = PRESENTATION_STYLE_ASSIGNMENT (( #931 ) ) ;
#998 = ADVANCED_FACE ( 'NONE', ( #475 ), #3770, .T. ) ;
#999 = ORIENTED_EDGE ( 'NONE', *, *, #614, .F. ) ;
#1000 =( NAMED_UNIT ( * ) SI_UNIT ( $, .STERADIAN. ) SOLID_ANGLE_UNIT ( ) );
#1001 = SURFACE_SIDE_STYLE ('',( #2459 ) ) ;
#1002 = FILL_AREA_STYLE_COLOUR ( '', #1654 ) ;
#1003 = ORIENTED_EDGE ( 'NONE', *, *, #53, .T. ) ;
#1004 = DIRECTION ( 'NONE',  ( 0.000000000000000000, 0.000000000000000000, -1.000000000000000000 ) ) ;
#1005 = DIRECTION ( 'NONE',  ( -0.000000000000000000, -0.000000000000000000, -1.000000000000000000 ) ) ;
#1006 = CARTESIAN_POINT ( 'NONE',  ( -0.01153846153846170217, -4.900000000000000355, 4.009945512820512370 ) ) ;
#1007 = DIRECTION ( 'NONE',  ( -0.5403350958123748216, 0.000000000000000000, 0.8414499297245390252 ) ) ;
#1008 = CARTESIAN_POINT ( 'NONE',  ( -0.001707874553821069801, -4.900000000000001243, 1.657598385937758989 ) ) ;
#1009 = ORIENTED_EDGE ( 'NONE', *, *, #2947, .F. ) ;
#1010 = CARTESIAN_POINT ( 'NONE',  ( -0.2000000000000005107, -3.910000000000001030, -3.850000000000000089 ) ) ;
#1011 = CARTESIAN_POINT ( 'NONE',  ( -0.5999999999999998668, -3.649999999999991918, 8.001000000000001222 ) ) ;
#1012 = FACE_OUTER_BOUND ( 'NONE', #3945, .T. ) ;
#1013 = VECTOR ( 'NONE', #1565, 1000.000000000000000 ) ;
#1014 = ORIENTED_EDGE ( 'NONE', *, *, #3603, .F. ) ;
#1015 = CARTESIAN_POINT ( 'NONE',  ( -0.01153846153846170217, -4.950000000000000178, 4.009945512820512370 ) ) ;
#1016 = EDGE_CURVE ( 'NONE', #824, #3555, #3141, .T. ) ;
#1017 = LINE ( 'NONE', #3674, #2224 ) ;
#1018 = FILL_AREA_STYLE ('',( #1958 ) ) ;
#1019 = AXIS2_PLACEMENT_3D ( 'NONE', #2286, #3498, #2954 ) ;
#1020 = EDGE_LOOP ( 'NONE', ( #2944, #2461, #1638, #1398, #380, #3801, #3446, #3424, #1779, #3077 ) ) ;
#1021 = CARTESIAN_POINT ( 'NONE',  ( 0.1679487179487177406, -4.950000000000000178, 2.918999999999999595 ) ) ;
#1022 = LINE ( 'NONE', #1291, #1865 ) ;
#1023 = EDGE_CURVE ( 'NONE', #3750, #3635, #1962, .T. ) ;
#1024 = LINE ( 'NONE', #2815, #703 ) ;
#1025 = VECTOR ( 'NONE', #1591, 1000.000000000000000 ) ;
#1026 = CARTESIAN_POINT ( 'NONE',  ( -0.2796393513217476090, -4.900000000000002132, 2.094485036526637867 ) ) ;
#1027 = EDGE_LOOP ( 'NONE', ( #3255, #1478, #2508, #2189, #2088, #1834, #2419, #1742, #852, #74 ) ) ;
#1028 = SURFACE_STYLE_FILL_AREA ( #2821 ) ;
#1029 = PRESENTATION_STYLE_ASSIGNMENT (( #1426 ) ) ;
#1030 = CARTESIAN_POINT ( 'NONE',  ( 0.01888965450882581359, -4.950000000000000178, 1.464930426956593701 ) ) ;
#1031 = CARTESIAN_POINT ( 'NONE',  ( -0.6753572903442238706, -4.900000000000000355, 0.8532929794568079318 ) ) ;
#1033 = VERTEX_POINT ( 'NONE', #2850 ) ;
#1032 = CARTESIAN_POINT ( 'NONE',  ( -1.180986218293242240, -4.900000000000002132, 0.8670242502433836984 ) ) ;
#1034 =( NAMED_UNIT ( * ) PLANE_ANGLE_UNIT ( ) SI_UNIT ( $, .RADIAN. ) );
#1035 = CARTESIAN_POINT ( 'NONE',  ( -0.3346153846153847589, -4.950000000000000178, 3.803535256410256249 ) ) ;
#1036 =( NAMED_UNIT ( * ) PLANE_ANGLE_UNIT ( ) SI_UNIT ( $, .RADIAN. ) );
#1037 = AXIS2_PLACEMENT_3D ( 'NONE', #1901, #3119, #393 ) ;
#1038 = CARTESIAN_POINT ( 'NONE',  ( -0.1926690997974138675, -4.900000000000001243, 1.425045901667517878 ) ) ;
#1039 = EDGE_CURVE ( 'NONE', #217, #2805, #334, .T. ) ;
#1040 = VERTEX_POINT ( 'NONE', #1290 ) ;
#1041 = VECTOR ( 'NONE', #915, 1000.000000000000000 ) ;
#1042 = AXIS2_PLACEMENT_3D ( 'NONE', #1776, #2955, #876 ) ;
#1043 = CARTESIAN_POINT ( 'NONE',  ( 2.000000000000000000, -2.449999999999991296, 8.800000000000000711 ) ) ;
#1044 = CARTESIAN_POINT ( 'NONE',  ( -1.382893657043767099, -4.950000000000001066, 1.238468448277985967 ) ) ;
#1045 =( GEOMETRIC_REPRESENTATION_CONTEXT ( 3 ) GLOBAL_UNCERTAINTY_ASSIGNED_CONTEXT ( ( #2447 ) ) GLOBAL_UNIT_ASSIGNED_CONTEXT ( ( #3049, #3409, #949 ) ) REPRESENTATION_CONTEXT ( 'NONE', 'WORKASPACE' ) );
#1046 = EDGE_CURVE ( 'NONE', #759, #112, #3743, .T. ) ;
#1047 = CARTESIAN_POINT ( 'NONE',  ( -0.4048894911444196887, -4.949999999999996625, 2.163643655340701688 ) ) ;
#1048 = CARTESIAN_POINT ( 'NONE',  ( -0.1219378715732057222, -4.900000000000001243, 0.9578850766519285687 ) ) ;
#1049 = SURFACE_SIDE_STYLE ('',( #3261 ) ) ;
#1050 = CARTESIAN_POINT ( 'NONE',  ( -0.01424150776035305009, -4.949999999999998401, 1.706807429145969612 ) ) ;
#1051 = CARTESIAN_POINT ( 'NONE',  ( -0.3325704845232404505, -4.900000000000001243, 1.007435018825326933 ) ) ;
#1052 = CARTESIAN_POINT ( 'NONE',  ( -1.403342463009662255, -4.950000000000001066, 1.380700688350334548 ) ) ;
#1053 =( NAMED_UNIT ( * ) PLANE_ANGLE_UNIT ( ) SI_UNIT ( $, .RADIAN. ) );
#1054 = SURFACE_SIDE_STYLE ('',( #742 ) ) ;
#1055 = CARTESIAN_POINT ( 'NONE',  ( 1.203076923076922933, -4.950000000000000178, 2.199000000000000288 ) ) ;
#1056 = CARTESIAN_POINT ( 'NONE',  ( -0.7070581931940564946, -4.900000000000000355, 2.044819135020045309 ) ) ;
#1057 = ORIENTED_EDGE ( 'NONE', *, *, #3067, .T. ) ;
#1058 = CARTESIAN_POINT ( 'NONE',  ( -0.9108678519622529501, -4.900000000000000355, 2.190147594842954515 ) ) ;
#1059 = CARTESIAN_POINT ( 'NONE',  ( -0.7892674147457054978, -4.900000000000000355, 2.036817092688030684 ) ) ;
#1060 = CARTESIAN_POINT ( 'NONE',  ( -0.001707874553821069801, -4.900000000000001243, 1.657598385937758989 ) ) ;
#1061 = CARTESIAN_POINT ( 'NONE',  ( -1.014434488494872388, -4.900000000000000355, 0.9700134349902422848 ) ) ;
#1062 = VERTEX_POINT ( 'NONE', #1328 ) ;
#1063 = PRODUCT_DEFINITION ( 'UNKNOWN', '', #901, #2799 ) ;
#1064 = VERTEX_POINT ( 'NONE', #2185 ) ;
#1065 = CARTESIAN_POINT ( 'NONE',  ( -0.5999999999999998668, -2.449999999999992184, 8.001000000000001222 ) ) ;
#1066 = CARTESIAN_POINT ( 'NONE',  ( -0.1508825073472953027, -4.899999999999999467, 0.9200248218735034289 ) ) ;
#1067 = CARTESIAN_POINT ( 'NONE',  ( -0.2999999999999999334, 3.910000000000000142, -3.850000000000000089 ) ) ;
#1068 = ADVANCED_FACE ( 'NONE', ( #2204 ), #33, .F. ) ;
#1069 = CARTESIAN_POINT ( 'NONE',  ( -0.3744451644323489314, -4.949999999999998401, 1.930445557770569698 ) ) ;
#1070 = CARTESIAN_POINT ( 'NONE',  ( -0.2111515819136845495, -4.949999999999998401, 1.253367430971772611 ) ) ;
#1071 = ORIENTED_EDGE ( 'NONE', *, *, #3754, .F. ) ;
#1072 = FILL_AREA_STYLE_COLOUR ( '', #2344 ) ;
#1073 = CYLINDRICAL_SURFACE ( 'NONE', #1019, 0.5000000000000004441 ) ;
#1074 = CARTESIAN_POINT ( 'NONE',  ( -1.911764705882345483, -1.699999999999999956, 1.652941176470589246 ) ) ;
#1075 = VECTOR ( 'NONE', #1836, 1000.000000000000000 ) ;
#1076 = APPLICATION_PROTOCOL_DEFINITION ( 'draft international standard', 'automotive_design', 1998, #2365 ) ;
#1077 = ORIENTED_EDGE ( 'NONE', *, *, #2482, .T. ) ;
#1078 = CARTESIAN_POINT ( 'NONE',  ( -1.392817751738208543, -4.949999999999998401, 1.603163987651380573 ) ) ;
#1079 = CARTESIAN_POINT ( 'NONE',  ( -1.045128530905781172, -4.900000000000001243, 1.903035480429482451 ) ) ;
#1080 = MECHANICAL_DESIGN_GEOMETRIC_PRESENTATION_REPRESENTATION (  '', ( #197 ), #2557 ) ;
#1081 = CARTESIAN_POINT ( 'NONE',  ( -0.1434541315651164384, -4.900000000000000355, 1.966553162418226197 ) ) ;
#1082 = CARTESIAN_POINT ( 'NONE',  ( -0.6932091346153846922, -4.950000000000000178, 0.8528461538461540314 ) ) ;
#1083 = EDGE_LOOP ( 'NONE', ( #2141, #2896, #259, #1699 ) ) ;
#1084 = VECTOR ( 'NONE', #1691, 1000.000000000000000 ) ;
#1085 =( NAMED_UNIT ( * ) PLANE_ANGLE_UNIT ( ) SI_UNIT ( $, .RADIAN. ) );
#1086 = DIRECTION ( 'NONE',  ( 0.000000000000000000, 1.000000000000000000, 0.000000000000000000 ) ) ;
#1087 =( GEOMETRIC_REPRESENTATION_CONTEXT ( 3 ) GLOBAL_UNCERTAINTY_ASSIGNED_CONTEXT ( ( #2778 ) ) GLOBAL_UNIT_ASSIGNED_CONTEXT ( ( #1770, #1472, #1550 ) ) REPRESENTATION_CONTEXT ( 'NONE', 'WORKASPACE' ) );
#1088 = MECHANICAL_DESIGN_GEOMETRIC_PRESENTATION_REPRESENTATION (  '', ( #964 ), #1156 ) ;
#1089 = PLANE ( 'NONE',  #1110 ) ;
#1090 = EDGE_CURVE ( 'NONE', #1170, #2791, #2813, .T. ) ;
#1091 = CARTESIAN_POINT ( 'NONE',  ( -0.6782796767986337683, -4.900000000000000355, 2.044892056323907248 ) ) ;
#1092 = CARTESIAN_POINT ( 'NONE',  ( -0.4499542255087579101, -4.900000000000002132, 0.9129928507601646759 ) ) ;
#1094 = ORIENTED_EDGE ( 'NONE', *, *, #2992, .T. ) ;
#1093 = CARTESIAN_POINT ( 'NONE',  ( -1.213371758905456455, -4.900000000000001243, 0.9009892675189148381 ) ) ;
#1095 =( GEOMETRIC_REPRESENTATION_CONTEXT ( 3 ) GLOBAL_UNCERTAINTY_ASSIGNED_CONTEXT ( ( #599 ) ) GLOBAL_UNIT_ASSIGNED_CONTEXT ( ( #2050, #1766, #2675 ) ) REPRESENTATION_CONTEXT ( 'NONE', 'WORKASPACE' ) );
#1096 = EDGE_CURVE ( 'NONE', #3287, #106, #692, .T. ) ;
#1097 = FACE_OUTER_BOUND ( 'NONE', #2030, .T. ) ;
#1098 = LINE ( 'NONE', #124, #1677 ) ;
#1099 = CARTESIAN_POINT ( 'NONE',  ( -0.7070581931940564946, -4.949999999999999289, 2.044819135020045309 ) ) ;
#1100 = VERTEX_POINT ( 'NONE', #3378 ) ;
#1101 = CARTESIAN_POINT ( 'NONE',  ( -0.8408499225714139991, -4.950000000000000178, 2.206151175429825084 ) ) ;
#1102 = CARTESIAN_POINT ( 'NONE',  ( 1.203076923076922933, -4.900000000000000355, 2.199000000000000288 ) ) ;
#1103 = CARTESIAN_POINT ( 'NONE',  ( -0.07966283557106725033, -4.900000000000001243, 3.949947488484732538 ) ) ;
#1104 = CARTESIAN_POINT ( 'NONE',  ( -1.113380396623695923, -4.900000000000000355, 1.089966371421184466 ) ) ;
#1105 = SURFACE_SIDE_STYLE ('',( #3526 ) ) ;
#1106 = ORIENTED_EDGE ( 'NONE', *, *, #3266, .F. ) ;
#1107 = CARTESIAN_POINT ( 'NONE',  ( -0.07150149118459545039, -4.899999999999999467, 1.041776439602797089 ) ) ;
#1108 = CARTESIAN_POINT ( 'NONE',  ( 0.2999999999999999334, -3.710000000000000853, -3.850000000000000089 ) ) ;
#1109 = VECTOR ( 'NONE', #1118, 1000.000000000000000 ) ;
#1110 = AXIS2_PLACEMENT_3D ( 'NONE', #3279, #2707, #556 ) ;
#1111 = ORIENTED_EDGE ( 'NONE', *, *, #1634, .T. ) ;
#1112 = CARTESIAN_POINT ( 'NONE',  ( 0.006776286057893926920, -4.949999999999999289, 1.283912960790513758 ) ) ;
#1113 = CARTESIAN_POINT ( 'NONE',  ( -0.5999999999999998668, -6.449999999999992184, 8.001000000000001222 ) ) ;
#1115 = ORIENTED_EDGE ( 'NONE', *, *, #320, .T. ) ;
#1114 = CARTESIAN_POINT ( 'NONE',  ( -1.296593851760313498, -4.900000000000001243, 1.015235199362890750 ) ) ;
#1116 = EDGE_CURVE ( 'NONE', #2939, #2424, #2834, .T. ) ;
#1117 = CARTESIAN_POINT ( 'NONE',  ( -0.2094764689831106197, -4.949999999999997513, 3.864762700940986839 ) ) ;
#1118 = DIRECTION ( 'NONE',  ( 0.000000000000000000, 0.000000000000000000, 1.000000000000000000 ) ) ;
#1119 = SURFACE_STYLE_FILL_AREA ( #1397 ) ;
#1120 = EDGE_CURVE ( 'NONE', #1721, #212, #709, .T. ) ;
#1121 = ORIENTED_EDGE ( 'NONE', *, *, #659, .T. ) ;
#1122 = DIRECTION ( 'NONE',  ( 1.000000000000000000, 0.000000000000000000, -0.000000000000000000 ) ) ;
#1123 = CARTESIAN_POINT ( 'NONE',  ( -0.2066881749987712624, -4.900000000000000355, 2.035261450661260962 ) ) ;
#1124 = CARTESIAN_POINT ( 'NONE',  ( -0.7957618213453714340, -4.900000000000000355, 0.8616042867902181657 ) ) ;
#1125 = ORIENTED_EDGE ( 'NONE', *, *, #399, .F. ) ;
#1126 = ORIENTED_EDGE ( 'NONE', *, *, #3859, .T. ) ;
#1127 = DIRECTION ( 'NONE',  ( -0.000000000000000000, -0.7808688094430309423, -0.6246950475544235104 ) ) ;
#1128 = B_SPLINE_SURFACE_WITH_KNOTS ( 'NONE', 3, 1, ( 
 ( #2982, #3289 ),
 ( #2999, #275 ),
 ( #1481, #2716 ),
 ( #2177, #2829 ),
 ( #28, #1262 ),
 ( #3137, #1306 ),
 ( #3351, #3426 ),
 ( #3054, #2478 ),
 ( #416, #667 ),
 ( #704, #645 ),
 ( #3752, #2144 ) ),
 .UNSPECIFIED., .F., .F., .F.,
 ( 4, 1, 1, 1, 1, 1, 1, 1, 4 ),
 ( 2, 2 ),
 ( 0.000000000000000000, 0.1426572507006136081, 0.2811689939054440868, 0.4169771923679739811, 0.5508524927475575428, 0.6783641702618123936, 0.7950324430070943027, 0.9019981783473512982, 1.000000000000000000 ),
 ( 0.000000000000000000, 1.000000000000000000 ),
 .UNSPECIFIED. ) ;
#1129 = PRESENTATION_STYLE_ASSIGNMENT (( #3553 ) ) ;
#1130 = UNCERTAINTY_MEASURE_WITH_UNIT (LENGTH_MEASURE( 1.000000000000000082E-05 ), #1580, 'distance_accuracy_value', 'NONE');
#1131 = STYLED_ITEM ( 'NONE', ( #2353 ), #3497 ) ;
#1132 =( NAMED_UNIT ( * ) PLANE_ANGLE_UNIT ( ) SI_UNIT ( $, .RADIAN. ) );
#1133 = CARTESIAN_POINT ( 'NONE',  ( -0.5857068109775118714, -4.900000000000001243, 2.035008084947162121 ) ) ;
#1134 = SURFACE_STYLE_USAGE ( .BOTH. , #3663 ) ;
#1135 = FACE_OUTER_BOUND ( 'NONE', #2320, .T. ) ;
#1136 = PRESENTATION_STYLE_ASSIGNMENT (( #3321 ) ) ;
#1137 = LINE ( 'NONE', #1493, #2049 ) ;
#1138 = EDGE_LOOP ( 'NONE', ( #3099, #160, #878, #3718 ) ) ;
#1139 = CARTESIAN_POINT ( 'NONE',  ( -1.206133276256839748, -4.900000000000001243, 2.009547861341816066 ) ) ;
#1140 = CARTESIAN_POINT ( 'NONE',  ( -0.7170828614167508164, -4.900000000000000355, 2.217637025471462131 ) ) ;
#1141 = EDGE_CURVE ( 'NONE', #3670, #3555, #1861, .T. ) ;
#1142 = FILL_AREA_STYLE_COLOUR ( '', #3655 ) ;
#1143 = CARTESIAN_POINT ( 'NONE',  ( 0.2000000000000005107, -3.910000000000001030, -3.850000000000000089 ) ) ;
#1144 = ORIENTED_EDGE ( 'NONE', *, *, #1948, .T. ) ;
#1145 = DIRECTION ( 'NONE',  ( 1.000000000000000000, 0.000000000000000000, 0.000000000000000000 ) ) ;
#1146 = ORIENTED_EDGE ( 'NONE', *, *, #2280, .T. ) ;
#1147 = SURFACE_STYLE_USAGE ( .BOTH. , #2297 ) ;
#1148 = CARTESIAN_POINT ( 'NONE',  ( -0.2156482414550271176, -4.900000000000001243, 0.8520969812119386644 ) ) ;
#1149 = EDGE_CURVE ( 'NONE', #3720, #1797, #2796, .T. ) ;
#1150 = CARTESIAN_POINT ( 'NONE',  ( 0.2999999999999999334, 3.709999999999999964, -3.479999999999997762 ) ) ;
#1151 = AXIS2_PLACEMENT_3D ( 'NONE', #164, #186, #3211 ) ;
#1152 = STYLED_ITEM ( 'NONE', ( #545 ), #890 ) ;
#1153 = CARTESIAN_POINT ( 'NONE',  ( -0.002967519215873970669, -4.949999999999998401, 1.232484358727993445 ) ) ;
#1154 = CARTESIAN_POINT ( 'NONE',  ( 0.1679487179487177406, -4.950000000000000178, 4.318999999999999950 ) ) ;
#1155 = CARTESIAN_POINT ( 'NONE',  ( 0.2000000000000005107, 3.910000000000000142, -3.850000000000000089 ) ) ;
#1156 =( GEOMETRIC_REPRESENTATION_CONTEXT ( 3 ) GLOBAL_UNCERTAINTY_ASSIGNED_CONTEXT ( ( #2015 ) ) GLOBAL_UNIT_ASSIGNED_CONTEXT ( ( #3686, #1302, #640 ) ) REPRESENTATION_CONTEXT ( 'NONE', 'WORKASPACE' ) );
#1157 = VECTOR ( 'NONE', #2535, 1000.000000000000000 ) ;
#1158 = SURFACE_STYLE_FILL_AREA ( #248 ) ;
#1159 = CARTESIAN_POINT ( 'NONE',  ( -1.154335916617327262, -4.950000000000000178, 2.058223720444909866 ) ) ;
#1160 = SURFACE_SIDE_STYLE ('',( #1182 ) ) ;
#1161 = CARTESIAN_POINT ( 'NONE',  ( -1.192307692307692291, -4.900000000000000355, 1.426764423076923416 ) ) ;
#1162 = B_SPLINE_SURFACE_WITH_KNOTS ( 'NONE', 3, 1, ( 
 ( #2856, #738 ),
 ( #1031, #180 ),
 ( #2558, #3769 ),
 ( #439, #2264 ),
 ( #1687, #478 ),
 ( #3473, #2225 ),
 ( #1092, #2621 ),
 ( #3832, #3224 ),
 ( #1357, #1616 ),
 ( #1051, #2244 ),
 ( #3454, #3789 ),
 ( #2842, #1320 ),
 ( #3186, #463 ),
 ( #2895, #1378 ),
 ( #3809, #1070 ),
 ( #2281, #2951 ),
 ( #226, #2034 ),
 ( #2926, #3586 ),
 ( #3247, #522 ) ),
 .UNSPECIFIED., .F., .F., .F.,
 ( 4, 1, 1, 1, 1, 1, 1, 1, 1, 1, 1, 1, 1, 1, 1, 1, 4 ),
 ( 2, 2 ),
 ( 0.000000000000000000, 0.06105491174328313980, 0.1195453450847437094, 0.1768063562451034632, 0.2329564830316853408, 0.2885834899465033465, 0.3446666617213002826, 0.4016615108374462784, 0.4605400973082779958, 0.5204770623221881554, 0.5812128653554006208, 0.6434307597220103592, 0.7079608695212424863, 0.7753707435336738563, 0.8464136772813298792, 0.9211518871893693561, 1.000000000000000000 ),
 ( 0.000000000000000000, 1.000000000000000000 ),
 .UNSPECIFIED. ) ;
#1163 = ORIENTED_EDGE ( 'NONE', *, *, #3885, .T. ) ;
#1164 =( GEOMETRIC_REPRESENTATION_CONTEXT ( 3 ) GLOBAL_UNCERTAINTY_ASSIGNED_CONTEXT ( ( #17 ) ) GLOBAL_UNIT_ASSIGNED_CONTEXT ( ( #1487, #3935, #1175 ) ) REPRESENTATION_CONTEXT ( 'NONE', 'WORKASPACE' ) );
#1165 = CARTESIAN_POINT ( 'NONE',  ( -1.084275035924330277, -4.899999999999999467, 1.046088179542357111 ) ) ;
#1166 = CARTESIAN_POINT ( 'NONE',  ( -2.000000000000000000, 1.700000000000000178, 8.800000000000000711 ) ) ;
#1167 = DIRECTION ( 'NONE',  ( 0.000000000000000000, -1.000000000000000000, 0.000000000000000000 ) ) ;
#1168 = LINE ( 'NONE', #1143, #3434 ) ;
#1169 = VERTEX_POINT ( 'NONE', #3123 ) ;
#1170 = VERTEX_POINT ( 'NONE', #1269 ) ;
#1171 = ADVANCED_FACE ( 'NONE', ( #2485 ), #968, .F. ) ;
#1172 =( NAMED_UNIT ( * ) PLANE_ANGLE_UNIT ( ) SI_UNIT ( $, .RADIAN. ) );
#1173 = PLANE ( 'NONE',  #3896 ) ;
#1174 = CARTESIAN_POINT ( 'NONE',  ( -0.5971619700326701308, -4.899999999999998579, 0.6849298835978874234 ) ) ;
#1175 =( NAMED_UNIT ( * ) SI_UNIT ( $, .STERADIAN. ) SOLID_ANGLE_UNIT ( ) );
#1176 = ADVANCED_FACE ( 'NONE', ( #130 ), #3778, .F. ) ;
#1177 = VECTOR ( 'NONE', #2772, 1000.000000000000000 ) ;
#1178 = CARTESIAN_POINT ( 'NONE',  ( -0.9337344442310135939, -4.950000000000001066, 0.9122370282363596594 ) ) ;
#1179 = VECTOR ( 'NONE', #2987, 1000.000000000000000 ) ;
#1180 = LINE ( 'NONE', #2709, #2854 ) ;
#1181 = CARTESIAN_POINT ( 'NONE',  ( 2.000000000000000000, -1.699999999999999956, 8.800000000000000711 ) ) ;
#1182 = SURFACE_STYLE_FILL_AREA ( #266 ) ;
#1183 = CARTESIAN_POINT ( 'NONE',  ( -0.8819788110049137098, -4.900000000000003020, 2.010511926915531600 ) ) ;
#1184 = VERTEX_POINT ( 'NONE', #2613 ) ;
#1185 = FILL_AREA_STYLE_COLOUR ( '', #3900 ) ;
#1186 = DIRECTION ( 'NONE',  ( 1.000000000000000000, 0.000000000000000000, 0.000000000000000000 ) ) ;
#1187 = CARTESIAN_POINT ( 'NONE',  ( 1.749999999999999778, 1.699999999999999956, 1.800000000000000488 ) ) ;
#1188 = SURFACE_STYLE_USAGE ( .BOTH. , #3311 ) ;
#1189 = EDGE_LOOP ( 'NONE', ( #3509, #899, #1764, #2883 ) ) ;
#1190 = DIRECTION ( 'NONE',  ( 1.000000000000000000, 0.000000000000000000, 0.000000000000000000 ) ) ;
#1191 = CARTESIAN_POINT ( 'NONE',  ( -1.213371758905456455, -4.900000000000001243, 0.9009892675189148381 ) ) ;
#1192 = PRESENTATION_STYLE_ASSIGNMENT (( #2444 ) ) ;
#1193 = EDGE_CURVE ( 'NONE', #3121, #3376, #2255, .T. ) ;
#1194 = UNCERTAINTY_MEASURE_WITH_UNIT (LENGTH_MEASURE( 1.000000000000000082E-05 ), #3335, 'distance_accuracy_value', 'NONE');
#1195 = CARTESIAN_POINT ( 'NONE',  ( -2.000000000000000000, -1.700000000000000178, 8.800000000000000711 ) ) ;
#1196 = CARTESIAN_POINT ( 'NONE',  ( -0.6923076923076922906, -4.950000000000001066, 0.6797692307692310143 ) ) ;
#1197 = EDGE_CURVE ( 'NONE', #1785, #218, #3625, .T. ) ;
#1198 =( GEOMETRIC_REPRESENTATION_CONTEXT ( 3 ) GLOBAL_UNCERTAINTY_ASSIGNED_CONTEXT ( ( #2152 ) ) GLOBAL_UNIT_ASSIGNED_CONTEXT ( ( #3516, #1053, #2036 ) ) REPRESENTATION_CONTEXT ( 'NONE', 'WORKASPACE' ) );
#1199 =( NAMED_UNIT ( * ) SI_UNIT ( $, .STERADIAN. ) SOLID_ANGLE_UNIT ( ) );
#1200 = CARTESIAN_POINT ( 'NONE',  ( -0.9108678519622529501, -4.950000000000000178, 2.190147594842954515 ) ) ;
#1201 = FACE_OUTER_BOUND ( 'NONE', #2967, .T. ) ;
#1202 =( NAMED_UNIT ( * ) SI_UNIT ( $, .STERADIAN. ) SOLID_ANGLE_UNIT ( ) );
#1203 = VERTEX_POINT ( 'NONE', #1944 ) ;
#1204 = VERTEX_POINT ( 'NONE', #2002 ) ;
#1205 = DIRECTION ( 'NONE',  ( 1.000000000000000000, 0.000000000000000000, 0.000000000000000000 ) ) ;
#1206 =( NAMED_UNIT ( * ) PLANE_ANGLE_UNIT ( ) SI_UNIT ( $, .RADIAN. ) );
#1207 = FILL_AREA_STYLE_COLOUR ( '', #349 ) ;
#1208 = DIRECTION ( 'NONE',  ( -0.000000000000000000, -0.000000000000000000, -1.000000000000000000 ) ) ;
#1209 = CARTESIAN_POINT ( 'NONE',  ( 0.2000000000000005107, -3.910000000000001030, -3.850000000000000089 ) ) ;
#1210 = CARTESIAN_POINT ( 'NONE',  ( -1.382893657043767099, -4.900000000000001243, 1.238468448277985967 ) ) ;
#1211 = VECTOR ( 'NONE', #923, 1000.000000000000000 ) ;
#1212 = MECHANICAL_DESIGN_GEOMETRIC_PRESENTATION_REPRESENTATION (  '', ( #68 ), #3629 ) ;
#1213 = CARTESIAN_POINT ( 'NONE',  ( -1.113380396623695923, -4.950000000000000178, 1.089966371421184466 ) ) ;
#1214 = PRESENTATION_LAYER_ASSIGNMENT (  '', '', ( #198 ) ) ;
#1215 = EDGE_CURVE ( 'NONE', #3226, #2337, #1400, .T. ) ;
#1216 = CARTESIAN_POINT ( 'NONE',  ( -1.007126046103863137, -4.949999999999999289, 1.936478798528307177 ) ) ;
#1217 = VECTOR ( 'NONE', #3244, 1000.000000000000000 ) ;
#1218 = CARTESIAN_POINT ( 'NONE',  ( -1.172894682782809506, -4.899999999999999467, 1.648624152813545019 ) ) ;
#1219 = EDGE_CURVE ( 'NONE', #133, #3116, #1641, .T. ) ;
#1220 = ORIENTED_EDGE ( 'NONE', *, *, #659, .F. ) ;
#1221 = EDGE_LOOP ( 'NONE', ( #3237, #2247, #2418, #2047, #367, #2668, #986, #2792 ) ) ;
#1222 = CARTESIAN_POINT ( 'NONE',  ( -0.6782796767986337683, -4.950000000000000178, 2.044892056323907248 ) ) ;
#1223 = PRESENTATION_LAYER_ASSIGNMENT (  '', '', ( #837 ) ) ;
#1224 = DIRECTION ( 'NONE',  ( 0.000000000000000000, -0.000000000000000000, 1.000000000000000000 ) ) ;
#1225 = ORIENTED_EDGE ( 'NONE', *, *, #3165, .T. ) ;
#1226 = VERTEX_POINT ( 'NONE', #1021 ) ;
#1227 = MECHANICAL_DESIGN_GEOMETRIC_PRESENTATION_REPRESENTATION (  '', ( #3071 ), #1293 ) ;
#1228 =( NAMED_UNIT ( * ) PLANE_ANGLE_UNIT ( ) SI_UNIT ( $, .RADIAN. ) );
#1229 = CARTESIAN_POINT ( 'NONE',  ( -2.000000000000000000, -2.449999999999991296, 8.800000000000000711 ) ) ;
#1230 = CARTESIAN_POINT ( 'NONE',  ( 0.01830076637220744151, -4.949999999999997513, 1.391139720170956329 ) ) ;
#1231 =( NAMED_UNIT ( * ) SI_UNIT ( $, .STERADIAN. ) SOLID_ANGLE_UNIT ( ) );
#1232 = AXIS2_PLACEMENT_3D ( 'NONE', #3036, #357, #3950 ) ;
#1233 = CARTESIAN_POINT ( 'NONE',  ( 0.01923076923076921449, -4.900000000000000355, 1.446596153846154253 ) ) ;
#1234 = VECTOR ( 'NONE', #2814, 1000.000000000000000 ) ;
#1235 = VECTOR ( 'NONE', #677, 1000.000000000000000 ) ;
#1236 = UNCERTAINTY_MEASURE_WITH_UNIT (LENGTH_MEASURE( 1.000000000000000082E-05 ), #3920, 'distance_accuracy_value', 'NONE');
#1237 = SURFACE_STYLE_USAGE ( .BOTH. , #1867 ) ;
#1238 = FILL_AREA_STYLE_COLOUR ( '', #1534 ) ;
#1239 = STYLED_ITEM ( 'NONE', ( #1324 ), #2151 ) ;
#1240 = SURFACE_STYLE_USAGE ( .BOTH. , #22 ) ;
#1241 = VECTOR ( 'NONE', #1540, 1000.000000000000000 ) ;
#1242 = VERTEX_POINT ( 'NONE', #1102 ) ;
#1243 = CARTESIAN_POINT ( 'NONE',  ( -0.4585127915711822433, -4.950000000000001066, 1.988712626920535964 ) ) ;
#1244 = CARTESIAN_POINT ( 'NONE',  ( -0.1960039842771002239, -4.900000000000002132, 1.534903640778916500 ) ) ;
#1245 = DIRECTION ( 'NONE',  ( 0.000000000000000000, -0.000000000000000000, -1.000000000000000000 ) ) ;
#1246 = EDGE_CURVE ( 'NONE', #2266, #2769, #804, .T. ) ;
#1247 = DIRECTION ( 'NONE',  ( -1.000000000000000000, 0.000000000000000000, -0.000000000000000000 ) ) ;
#1248 = ORIENTED_EDGE ( 'NONE', *, *, #2482, .F. ) ;
#1249 = CARTESIAN_POINT ( 'NONE',  ( -0.2999999999999999334, 3.910000000000000142, -3.850000000000000089 ) ) ;
#1250 = LINE ( 'NONE', #615, #2869 ) ;
#1251 = DIRECTION ( 'NONE',  ( -0.000000000000000000, 1.000000000000000000, 0.000000000000000000 ) ) ;
#1252 = CARTESIAN_POINT ( 'NONE',  ( 2.000000000000000000, 4.950000000000000178, -0.001000000000000024307 ) ) ;
#1253 =( LENGTH_UNIT ( ) NAMED_UNIT ( * ) SI_UNIT ( .MILLI., .METRE. ) );
#1254 = CARTESIAN_POINT ( 'NONE',  ( -0.3731404625853782520, -4.949999999999999289, 0.7497900611920680358 ) ) ;
#1255 = LINE ( 'NONE', #1010, #3316 ) ;
#1256 = CARTESIAN_POINT ( 'NONE',  ( -1.184001436049515465, -4.950000000000000178, 1.579932539369864664 ) ) ;
#1257 = CARTESIAN_POINT ( 'NONE',  ( -0.8911989616673782200, -4.900000000000000355, 0.7043723344427957889 ) ) ;
#1258 = ORIENTED_EDGE ( 'NONE', *, *, #1298, .T. ) ;
#1259 = STYLED_ITEM ( 'NONE', ( #161 ), #3520 ) ;
#1260 = PLANE ( 'NONE',  #1975 ) ;
#1261 = CARTESIAN_POINT ( 'NONE',  ( -0.2157799456033980823, -4.900000000000000355, 1.655220012804757834 ) ) ;
#1262 = CARTESIAN_POINT ( 'NONE',  ( -0.1472225919158462459, -4.949999999999999289, 4.085260596303617930 ) ) ;
#1263 = CARTESIAN_POINT ( 'NONE',  ( -1.499999999999999556, 1.699999999999999956, 3.300000000000000266 ) ) ;
#1264 = ORIENTED_EDGE ( 'NONE', *, *, #1506, .F. ) ;
#1265 = DIRECTION ( 'NONE',  ( -1.000000000000000000, 0.000000000000000000, 0.000000000000000000 ) ) ;
#1266 = ADVANCED_FACE ( 'NONE', ( #2593 ), #1986, .T. ) ;
#1267 = ORIENTED_EDGE ( 'NONE', *, *, #1531, .T. ) ;
#1268 = PRESENTATION_STYLE_ASSIGNMENT (( #129 ) ) ;
#1269 = CARTESIAN_POINT ( 'NONE',  ( -2.000000000000000000, -4.950000000000000178, 6.799999999999997158 ) ) ;
#1270 = CARTESIAN_POINT ( 'NONE',  ( -0.5999999999999998668, -3.649999999999991918, 5.301000000000001044 ) ) ;
#1271 = CARTESIAN_POINT ( 'NONE',  ( -0.1923076923076923739, -4.900000000000000355, 1.448098557692307775 ) ) ;
#1272 = EDGE_CURVE ( 'NONE', #2013, #1835, #3773, .T. ) ;
#1273 = UNCERTAINTY_MEASURE_WITH_UNIT (LENGTH_MEASURE( 1.000000000000000082E-05 ), #3955, 'distance_accuracy_value', 'NONE');
#1274 =( NAMED_UNIT ( * ) SI_UNIT ( $, .STERADIAN. ) SOLID_ANGLE_UNIT ( ) );
#1275 = LINE ( 'NONE', #976, #1235 ) ;
#1276 = CARTESIAN_POINT ( 'NONE',  ( -0.5403631726968974869, -4.950000000000000178, 0.8739588624136336303 ) ) ;
#1277 = CARTESIAN_POINT ( 'NONE',  ( -1.045128530905781172, -4.950000000000001066, 1.903035480429482451 ) ) ;
#1278 = CARTESIAN_POINT ( 'NONE',  ( -0.9824953856214765358, -4.950000000000001066, 0.7363992990259604632 ) ) ;
#1279 = MECHANICAL_DESIGN_GEOMETRIC_PRESENTATION_REPRESENTATION (  '', ( #2556 ), #1399 ) ;
#1280 = VECTOR ( 'NONE', #1566, 1000.000000000000000 ) ;
#1281 = VERTEX_POINT ( 'NONE', #880 ) ;
#1282 = ORIENTED_EDGE ( 'NONE', *, *, #1193, .F. ) ;
#1283 = CARTESIAN_POINT ( 'NONE',  ( -0.2943445044346603701, -4.949999999999999289, 3.820100432631312604 ) ) ;
#1284 = SURFACE_STYLE_USAGE ( .BOTH. , #10 ) ;
#1285 =( NAMED_UNIT ( * ) PLANE_ANGLE_UNIT ( ) SI_UNIT ( $, .RADIAN. ) );
#1286 = EDGE_LOOP ( 'NONE', ( #1144, #2253, #768, #2845, #2228, #1464 ) ) ;
#1287 = ORIENTED_EDGE ( 'NONE', *, *, #2414, .F. ) ;
#1288 = ORIENTED_EDGE ( 'NONE', *, *, #1215, .T. ) ;
#1289 = LINE ( 'NONE', #2217, #2754 ) ;
#1290 = CARTESIAN_POINT ( 'NONE',  ( 0.5999999999999998668, -2.449999999999992184, 8.001000000000001222 ) ) ;
#1291 = CARTESIAN_POINT ( 'NONE',  ( 1.499999999999999556, -1.699999999999999956, 1.800000000000000488 ) ) ;
#1292 = CARTESIAN_POINT ( 'NONE',  ( -1.145690265083634696, -4.950000000000000178, 0.8358340810019976308 ) ) ;
#1293 =( GEOMETRIC_REPRESENTATION_CONTEXT ( 3 ) GLOBAL_UNCERTAINTY_ASSIGNED_CONTEXT ( ( #3620 ) ) GLOBAL_UNIT_ASSIGNED_CONTEXT ( ( #1633, #1172, #1404 ) ) REPRESENTATION_CONTEXT ( 'NONE', 'WORKASPACE' ) );
#1294 = EDGE_CURVE ( 'NONE', #2160, #2849, #1816, .T. ) ;
#1295 = SURFACE_SIDE_STYLE ('',( #927 ) ) ;
#1296 = PRESENTATION_LAYER_ASSIGNMENT (  '', '', ( #3775 ) ) ;
#1297 = PRESENTATION_STYLE_ASSIGNMENT (( #368 ) ) ;
#1298 = EDGE_CURVE ( 'NONE', #204, #3739, #1781, .T. ) ;
#1299 = DIRECTION ( 'NONE',  ( -0.000000000000000000, 0.000000000000000000, 1.000000000000000000 ) ) ;
#1300 = COLOUR_RGB ( '',1.000000000000000000, 0.8705882352941176627, 0.5254901960784313930 ) ;
#1301 = CARTESIAN_POINT ( 'NONE',  ( -0.8364650200922034706, -4.950000000000000178, 2.025847709339410940 ) ) ;
#1302 =( NAMED_UNIT ( * ) PLANE_ANGLE_UNIT ( ) SI_UNIT ( $, .RADIAN. ) );
#1303 = PRESENTATION_LAYER_ASSIGNMENT (  '', '', ( #1935 ) ) ;
#1304 = ORIENTED_EDGE ( 'NONE', *, *, #301, .F. ) ;
#1305 = CARTESIAN_POINT ( 'NONE',  ( -0.6932091346153846922, -4.900000000000001243, 0.8528461538461540314 ) ) ;
#1306 = CARTESIAN_POINT ( 'NONE',  ( -0.09402793038128687275, -4.950000000000001066, 4.131179871662112646 ) ) ;
#1307 = CARTESIAN_POINT ( 'NONE',  ( 0.05240384615384600930, -4.900000000000000355, 4.318999999999999950 ) ) ;
#1308 = VERTEX_POINT ( 'NONE', #3542 ) ;
#1309 = CARTESIAN_POINT ( 'NONE',  ( -0.4499542255087579101, -4.900000000000002132, 0.9129928507601646759 ) ) ;
#1310 = VERTEX_POINT ( 'NONE', #2043 ) ;
#1311 = DIRECTION ( 'NONE',  ( 0.000000000000000000, 0.000000000000000000, 1.000000000000000000 ) ) ;
#1312 = FILL_AREA_STYLE_COLOUR ( '', #3703 ) ;
#1313 = LINE ( 'NONE', #2531, #284 ) ;
#1314 = SURFACE_STYLE_FILL_AREA ( #2220 ) ;
#1315 = CARTESIAN_POINT ( 'NONE',  ( -0.1434541315651164384, -4.900000000000000355, 1.966553162418226197 ) ) ;
#1316 = VERTEX_POINT ( 'NONE', #3257 ) ;
#1317 = DIRECTION ( 'NONE',  ( -0.000000000000000000, -0.000000000000000000, -1.000000000000000000 ) ) ;
#1318 = CARTESIAN_POINT ( 'NONE',  ( -0.3325704845232404505, -4.950000000000001066, 1.007435018825326933 ) ) ;
#1319 = ADVANCED_FACE ( 'NONE', ( #2065 ), #532, .F. ) ;
#1320 = CARTESIAN_POINT ( 'NONE',  ( -0.2704025471111664580, -4.949999999999999289, 1.093340699534055105 ) ) ;
#1321 = SURFACE_STYLE_USAGE ( .BOTH. , #2196 ) ;
#1322 = ADVANCED_FACE ( 'NONE', ( #549 ), #2361, .F. ) ;
#1323 = VERTEX_POINT ( 'NONE', #2692 ) ;
#1324 = PRESENTATION_STYLE_ASSIGNMENT (( #3673 ) ) ;
#1325 = CARTESIAN_POINT ( 'NONE',  ( 0.05240384615384601624, -4.950000000000001066, 4.319000000000000838 ) ) ;
#1326 = ORIENTED_EDGE ( 'NONE', *, *, #1246, .T. ) ;
#1327 = LINE ( 'NONE', #72, #517 ) ;
#1328 = CARTESIAN_POINT ( 'NONE',  ( -0.2999999999999998224, -3.710000000000000853, -0.001000000000000132727 ) ) ;
#1329 = CARTESIAN_POINT ( 'NONE',  ( 0.5999999999999998668, -3.149999999999991473, 4.801000000000000156 ) ) ;
#1330 = CARTESIAN_POINT ( 'NONE',  ( -0.3346153846153847589, -4.950000000000000178, 3.803535256410256249 ) ) ;
#1331 = CARTESIAN_POINT ( 'NONE',  ( -0.06705327225864127216, -4.949999999999998401, 1.845305213333761740 ) ) ;
#1332 = DIRECTION ( 'NONE',  ( -0.2609090251427717555, 0.000000000000000000, 0.9653633930282671249 ) ) ;
#1333 = CARTESIAN_POINT ( 'NONE',  ( -1.339082239731614221, -4.900000000000001243, 1.101842319594224628 ) ) ;
#1334 = EDGE_CURVE ( 'NONE', #2424, #100, #2998, .T. ) ;
#1335 = ORIENTED_EDGE ( 'NONE', *, *, #2212, .T. ) ;
#1336 = VECTOR ( 'NONE', #3639, 1000.000000000000000 ) ;
#1337 = CARTESIAN_POINT ( 'NONE',  ( -2.000000000000000000, 4.950000000000000178, 8.300000000000000711 ) ) ;
#1338 = COLOUR_RGB ( '',1.000000000000000000, 1.000000000000000000, 1.000000000000000000 ) ;
#1339 = DIRECTION ( 'NONE',  ( -0.000000000000000000, -0.7808688094430309423, -0.6246950475544235104 ) ) ;
#1340 = VECTOR ( 'NONE', #1851, 1000.000000000000000 ) ;
#1341 = DIRECTION ( 'NONE',  ( -0.000000000000000000, 1.000000000000000000, -0.000000000000000000 ) ) ;
#1342 = EDGE_CURVE ( 'NONE', #1373, #2183, #1480, .T. ) ;
#1343 = CARTESIAN_POINT ( 'NONE',  ( -0.5891036786836693073, -4.899999999999999467, 0.8614911973693710756 ) ) ;
#1344 = VECTOR ( 'NONE', #113, 1000.000000000000000 ) ;
#1345 = ORIENTED_EDGE ( 'NONE', *, *, #1439, .F. ) ;
#1346 = CARTESIAN_POINT ( 'NONE',  ( -0.3215573282668570121, -4.899999999999999467, 3.808906606714672183 ) ) ;
#1347 = CARTESIAN_POINT ( 'NONE',  ( -1.213371758905456455, -4.950000000000001066, 0.9009892675189148381 ) ) ;
#1348 = ORIENTED_EDGE ( 'NONE', *, *, #591, .F. ) ;
#1349 = AXIS2_PLACEMENT_3D ( 'NONE', #410, #660, #2222 ) ;
#1350 = MECHANICAL_DESIGN_GEOMETRIC_PRESENTATION_REPRESENTATION (  '', ( #837 ), #2634 ) ;
#1351 = CARTESIAN_POINT ( 'NONE',  ( -0.6914062500000000000, -4.949999999999999289, 2.218230769230769006 ) ) ;
#1352 = CARTESIAN_POINT ( 'NONE',  ( -0.6923076923076922906, -4.900000000000000355, 0.6797692307692310143 ) ) ;
#1353 = B_SPLINE_SURFACE_WITH_KNOTS ( 'NONE', 3, 1, ( 
 ( #1505, #1351 ),
 ( #3405, #1664 ),
 ( #386, #424 ),
 ( #2188, #1931 ),
 ( #3746, #2239 ),
 ( #696, #1590 ),
 ( #99, #3784 ),
 ( #2551, #1047 ),
 ( #2819, #3470 ),
 ( #1910, #2838 ),
 ( #1026, #117 ),
 ( #1968, #750 ),
 ( #993, #80 ),
 ( #2514, #3728 ),
 ( #1315, #3128 ),
 ( #3180, #2598 ),
 ( #457, #2534 ),
 ( #435, #1331 ),
 ( #2891, #3804 ),
 ( #3450, #734 ),
 ( #155, #3162 ),
 ( #1008, #2221 ),
 ( #713, #3435 ),
 ( #3147, #1630 ),
 ( #1643, #2866 ),
 ( #1746, #2323 ),
 ( #1387, #3527 ) ),
 .UNSPECIFIED., .F., .F., .F.,
 ( 4, 1, 1, 1, 1, 1, 1, 1, 1, 1, 1, 1, 1, 1, 1, 1, 1, 1, 1, 1, 1, 1, 1, 1, 4 ),
 ( 2, 2 ),
 ( 0.000000000000000000, 0.04309897056889696459, 0.08558676034507305130, 0.1269076657436392364, 0.1679674856215210843, 0.2084495586010658708, 0.2490254246415441741, 0.2892805341716790934, 0.3300098489827308912, 0.3705977240995771971, 0.4104659863326995395, 0.4500332158929482573, 0.4896882096042475263, 0.5291164230741912666, 0.5690368070925095889, 0.6097030542359446192, 0.6507589174942193244, 0.6925092624061776059, 0.7342191213706862341, 0.7767069111468622999, 0.8195518402403214608, 0.8633507288313336803, 0.9078385251300616909, 0.9533337036124183150, 1.000000000000000000 ),
 ( 0.000000000000000000, 1.000000000000000000 ),
 .UNSPECIFIED. ) ;
#1354 = AXIS2_PLACEMENT_3D ( 'NONE', #319, #3561, #838 ) ;
#1355 = VECTOR ( 'NONE', #1823, 1000.000000000000000 ) ;
#1356 = CARTESIAN_POINT ( 'NONE',  ( 0.05240384615384601624, -4.900000000000001243, 4.319000000000000838 ) ) ;
#1357 = CARTESIAN_POINT ( 'NONE',  ( -0.3692960179171976276, -4.899999999999999467, 0.9713712711711781633 ) ) ;
#1359 = ORIENTED_EDGE ( 'NONE', *, *, #1694, .F. ) ;
#1358 = CARTESIAN_POINT ( 'NONE',  ( -1.392369208108822365, -4.949999999999998401, 1.285296950511629399 ) ) ;
#1360 = MECHANICAL_DESIGN_GEOMETRIC_PRESENTATION_REPRESENTATION (  '', ( #2579 ), #288 ) ;
#1361 = CARTESIAN_POINT ( 'NONE',  ( -0.3346153846153847589, -4.950000000000000178, 3.803535256410256249 ) ) ;
#1362 = DIRECTION ( 'NONE',  ( 0.000000000000000000, 0.000000000000000000, -1.000000000000000000 ) ) ;
#1363 = EDGE_CURVE ( 'NONE', #3035, #1203, #1581, .T. ) ;
#1364 = DIRECTION ( 'NONE',  ( -1.000000000000000000, -0.000000000000000000, -0.000000000000000000 ) ) ;
#1365 = SURFACE_STYLE_USAGE ( .BOTH. , #2566 ) ;
#1366 = COLOUR_RGB ( '',1.000000000000000000, 0.8705882352941176627, 0.5254901960784313930 ) ;
#1367 = EDGE_LOOP ( 'NONE', ( #3669, #1220, #1624, #2596 ) ) ;
#1368 = CARTESIAN_POINT ( 'NONE',  ( -1.293500239897594550, -4.899999999999999467, 1.894485640069700549 ) ) ;
#1369 = CARTESIAN_POINT ( 'NONE',  ( -1.156824142783870135, -4.900000000000000355, 1.711481831248793828 ) ) ;
#1370 = EDGE_CURVE ( 'NONE', #3635, #133, #139, .T. ) ;
#1371 = CARTESIAN_POINT ( 'NONE',  ( -0.3617004433121644991, -4.900000000000003020, 2.143133495149090795 ) ) ;
#1372 =( LENGTH_UNIT ( ) NAMED_UNIT ( * ) SI_UNIT ( .MILLI., .METRE. ) );
#1373 = VERTEX_POINT ( 'NONE', #2580 ) ;
#1374 =( LENGTH_UNIT ( ) NAMED_UNIT ( * ) SI_UNIT ( .MILLI., .METRE. ) );
#1375 = LINE ( 'NONE', #3786, #3847 ) ;
#1376 = VECTOR ( 'NONE', #1828, 1000.000000000000000 ) ;
#1377 = CARTESIAN_POINT ( 'NONE',  ( -0.2858917288176912042, -4.949999999999999289, 1.826175808758482511 ) ) ;
#1378 = CARTESIAN_POINT ( 'NONE',  ( -0.2261616934517669819, -4.950000000000001066, 1.195854702436745853 ) ) ;
#1380 = ORIENTED_EDGE ( 'NONE', *, *, #510, .F. ) ;
#1379 = FILL_AREA_STYLE_COLOUR ( '', #79 ) ;
#1381 = CARTESIAN_POINT ( 'NONE',  ( 0.2000000000000005107, -3.710000000000000853, -3.850000000000000089 ) ) ;
#1382 = LINE ( 'NONE', #1956, #955 ) ;
#1383 = VERTEX_POINT ( 'NONE', #3368 ) ;
#1384 = CARTESIAN_POINT ( 'NONE',  ( -0.1923076923076923739, -4.950000000000000178, 1.448098557692307775 ) ) ;
#1385 = CARTESIAN_POINT ( 'NONE',  ( -0.01153846153846170217, -4.900000000000000355, 4.009945512820512370 ) ) ;
#1386 = AXIS2_PLACEMENT_3D ( 'NONE', #2726, #247, #1733 ) ;
#1387 = CARTESIAN_POINT ( 'NONE',  ( 0.01923076923076921449, -4.900000000000000355, 1.446596153846154253 ) ) ;
#1388 = PLANE ( 'NONE',  #3381 ) ;
#1389 = PLANE ( 'NONE',  #2639 ) ;
#1390 = ADVANCED_FACE ( 'NONE', ( #3453 ), #3533, .T. ) ;
#1391 = ORIENTED_EDGE ( 'NONE', *, *, #1612, .F. ) ;
#1392 = CARTESIAN_POINT ( 'NONE',  ( 0.01830076637220744151, -4.950000000000001954, 1.391139720170956329 ) ) ;
#1393 = CARTESIAN_POINT ( 'NONE',  ( 2.000000000000000000, 4.450000000000001066, 8.300000000000000711 ) ) ;
#1395 = ORIENTED_EDGE ( 'NONE', *, *, #274, .T. ) ;
#1394 = CARTESIAN_POINT ( 'NONE',  ( -1.145690265083634696, -4.950000000000000178, 0.8358340810019976308 ) ) ;
#1396 = CARTESIAN_POINT ( 'NONE',  ( 0.000000000000000000, -4.900000000000000355, 0.000000000000000000 ) ) ;
#1397 = FILL_AREA_STYLE ('',( #3193 ) ) ;
#1398 = ORIENTED_EDGE ( 'NONE', *, *, #2572, .T. ) ;
#1399 =( GEOMETRIC_REPRESENTATION_CONTEXT ( 3 ) GLOBAL_UNCERTAINTY_ASSIGNED_CONTEXT ( ( #2490 ) ) GLOBAL_UNIT_ASSIGNED_CONTEXT ( ( #3433, #1927, #132 ) ) REPRESENTATION_CONTEXT ( 'NONE', 'WORKASPACE' ) );
#1400 = LINE ( 'NONE', #473, #3637 ) ;
#1401 = VECTOR ( 'NONE', #3140, 1000.000000000000114 ) ;
#1402 = CARTESIAN_POINT ( 'NONE',  ( -0.1153081852287480141, -4.900000000000000355, 1.928679775062734025 ) ) ;
#1403 = CARTESIAN_POINT ( 'NONE',  ( -0.7957618213453714340, -4.950000000000000178, 0.8616042867902181657 ) ) ;
#1404 =( NAMED_UNIT ( * ) SI_UNIT ( $, .STERADIAN. ) SOLID_ANGLE_UNIT ( ) );
#1405 = DIRECTION ( 'NONE',  ( -1.000000000000000000, 0.000000000000000000, -0.000000000000000000 ) ) ;
#1406 = CARTESIAN_POINT ( 'NONE',  ( -0.3308242160522387176, -4.899999999999999467, 0.7709358389776591602 ) ) ;
#1407 = COLOUR_RGB ( '',1.000000000000000000, 1.000000000000000000, 1.000000000000000000 ) ;
#1408 = DIRECTION ( 'NONE',  ( -1.000000000000000000, 0.000000000000000000, -0.000000000000000000 ) ) ;
#1409 = EDGE_CURVE ( 'NONE', #2013, #3157, #477, .T. ) ;
#1410 = VECTOR ( 'NONE', #1332, 1000.000000000000114 ) ;
#1411 = CARTESIAN_POINT ( 'NONE',  ( -0.6782796767986337683, -4.949999999999999289, 2.044892056323907248 ) ) ;
#1412 = EDGE_CURVE ( 'NONE', #278, #611, #2033, .T. ) ;
#1414 = VERTEX_POINT ( 'NONE', #1686 ) ;
#1413 = CARTESIAN_POINT ( 'NONE',  ( -1.318916798250017175, -4.900000000000000355, 1.057982756193093232 ) ) ;
#1415 = STYLED_ITEM ( 'NONE', ( #3616 ), #3807 ) ;
#1416 =( GEOMETRIC_REPRESENTATION_CONTEXT ( 3 ) GLOBAL_UNCERTAINTY_ASSIGNED_CONTEXT ( ( #658 ) ) GLOBAL_UNIT_ASSIGNED_CONTEXT ( ( #3360, #2779, #2058 ) ) REPRESENTATION_CONTEXT ( 'NONE', 'WORKASPACE' ) );
#1417 = LINE ( 'NONE', #2897, #2696 ) ;
#1418 = DIRECTION ( 'NONE',  ( 0.000000000000000000, 0.000000000000000000, -1.000000000000000000 ) ) ;
#1419 = FILL_AREA_STYLE_COLOUR ( '', #1603 ) ;
#1420 = ORIENTED_EDGE ( 'NONE', *, *, #1847, .F. ) ;
#1421 = CARTESIAN_POINT ( 'NONE',  ( -0.7673332367417186051, -4.899999999999999467, 2.216475040104009420 ) ) ;
#1422 = DIRECTION ( 'NONE',  ( 0.000000000000000000, 0.000000000000000000, 1.000000000000000000 ) ) ;
#1423 =( LENGTH_UNIT ( ) NAMED_UNIT ( * ) SI_UNIT ( .MILLI., .METRE. ) );
#1424 = ORIENTED_EDGE ( 'NONE', *, *, #635, .F. ) ;
#1425 = ORIENTED_EDGE ( 'NONE', *, *, #2978, .F. ) ;
#1426 = SURFACE_STYLE_USAGE ( .BOTH. , #3767 ) ;
#1427 = FILL_AREA_STYLE_COLOUR ( '', #3823 ) ;
#1428 = LINE ( 'NONE', #3874, #327 ) ;
#1429 = LINE ( 'NONE', #2921, #1430 ) ;
#1430 = VECTOR ( 'NONE', #1969, 1000.000000000000000 ) ;
#1431 = ORIENTED_EDGE ( 'NONE', *, *, #3653, .T. ) ;
#1432 = CARTESIAN_POINT ( 'NONE',  ( -0.6902043269230769829, -4.900000000000000355, 2.045153846153846100 ) ) ;
#1433 = EDGE_CURVE ( 'NONE', #1203, #3657, #914, .T. ) ;
#1434 = CARTESIAN_POINT ( 'NONE',  ( -0.2943445044346603701, -4.949999999999999289, 3.820100432631312604 ) ) ;
#1435 = FILL_AREA_STYLE_COLOUR ( '', #1596 ) ;
#1436 = CARTESIAN_POINT ( 'NONE',  ( -0.5999999999999998668, -6.449999999999992184, 6.801000000000001933 ) ) ;
#1437 = FACE_OUTER_BOUND ( 'NONE', #391, .T. ) ;
#1438 = B_SPLINE_CURVE_WITH_KNOTS ( 'NONE', 3,
 ( #1384, #2315, #2064, #3501, #2270, #2612, #760, #803, #2022, #3232, #2654, #1479, #1780, #3594, #1830, #3349, #1759, #2103, #1243, #2142, #3946, #1512, #1460, #2456, #2997, #1222, #918 ),
 .UNSPECIFIED., .F., .F.,
 ( 4, 1, 1, 1, 1, 1, 1, 1, 1, 1, 1, 1, 1, 1, 1, 1, 1, 1, 1, 1, 1, 1, 1, 1, 4 ),
 ( 0.000000000000000000, 0.05085161579228469897, 0.09975246780941662839, 0.1474376477769318294, 0.1940857839327042589, 0.2391709270841440305, 0.2833398222454339144, 0.3265771497238439958, 0.3689362814999019857, 0.4105718726814495123, 0.4510505934949118334, 0.4908768629924158966, 0.5300443324843857607, 0.5689366633103305482, 0.6075778621311336281, 0.6464200964505126823, 0.6856793513063941248, 0.7247985849801966696, 0.7635130084045109733, 0.8021725263787546911, 0.8407403615726125601, 0.8796493769005858665, 0.9190706128663397312, 0.9590978622172243728, 1.000000000000000000 ),
 .UNSPECIFIED. ) ;
#1439 = EDGE_CURVE ( 'NONE', #3811, #1885, #3318, .T. ) ;
#1440 = ORIENTED_EDGE ( 'NONE', *, *, #1219, .T. ) ;
#1441 = CARTESIAN_POINT ( 'NONE',  ( -0.7673332367417186051, -4.949999999999997513, 2.216475040104009420 ) ) ;
#1442 = CARTESIAN_POINT ( 'NONE',  ( 0.000000000000000000, 0.000000000000000000, 4.800000000000000711 ) ) ;
#1443 =( NAMED_UNIT ( * ) PLANE_ANGLE_UNIT ( ) SI_UNIT ( $, .RADIAN. ) );
#1444 = CARTESIAN_POINT ( 'NONE',  ( -1.191983519640225975, -4.899999999999999467, 1.405108640495238426 ) ) ;
#1445 = ORIENTED_EDGE ( 'NONE', *, *, #3583, .F. ) ;
#1446 = ORIENTED_EDGE ( 'NONE', *, *, #2171, .T. ) ;
#1447 = LINE ( 'NONE', #552, #3841 ) ;
#1448 = ORIENTED_EDGE ( 'NONE', *, *, #229, .F. ) ;
#1449 = STYLED_ITEM ( 'NONE', ( #2368 ), #151 ) ;
#1450 = CARTESIAN_POINT ( 'NONE',  ( -0.01602392080885735662, -4.949999999999994849, 1.182566826308319996 ) ) ;
#1451 = DIRECTION ( 'NONE',  ( -0.000000000000000000, -0.000000000000000000, 1.000000000000000000 ) ) ;
#1452 = CARTESIAN_POINT ( 'NONE',  ( -0.5525924589899398054, -4.899999999999999467, 2.026884553686973511 ) ) ;
#1453 = PLANE ( 'NONE',  #1469 ) ;
#1454 = SURFACE_STYLE_FILL_AREA ( #2664 ) ;
#1455 = DIRECTION ( 'NONE',  ( -0.000000000000000000, -0.7071067811865474617, 0.7071067811865474617 ) ) ;
#1456 = CARTESIAN_POINT ( 'NONE',  ( -0.6914062500000000000, -4.950000000000000178, 2.218230769230769006 ) ) ;
#1457 = EDGE_CURVE ( 'NONE', #3741, #2004, #953, .T. ) ;
#1458 = CARTESIAN_POINT ( 'NONE',  ( -0.9254195150221582455, -4.899999999999998579, 1.990204940854382487 ) ) ;
#1459 = ORIENTED_EDGE ( 'NONE', *, *, #978, .T. ) ;
#1460 = CARTESIAN_POINT ( 'NONE',  ( -0.5857068109775118714, -4.950000000000001066, 2.035008084947162121 ) ) ;
#1461 = CARTESIAN_POINT ( 'NONE',  ( -1.099186450780427871, -4.900000000000000355, 2.101454857183637337 ) ) ;
#1462 = ADVANCED_FACE ( 'NONE', ( #928 ), #3343, .F. ) ;
#1463 = CARTESIAN_POINT ( 'NONE',  ( -0.5999999999999998668, -4.950000000000000178, 8.800000000000000711 ) ) ;
#1464 = ORIENTED_EDGE ( 'NONE', *, *, #2881, .T. ) ;
#1465 = EDGE_LOOP ( 'NONE', ( #311, #982, #3034, #745 ) ) ;
#1466 = CARTESIAN_POINT ( 'NONE',  ( 0.000000000000000000, 0.000000000000000000, 8.001000000000001222 ) ) ;
#1467 = SURFACE_STYLE_USAGE ( .BOTH. , #2616 ) ;
#1468 = CARTESIAN_POINT ( 'NONE',  ( -0.07150149118459545039, -4.949999999999994849, 1.041776439602797089 ) ) ;
#1469 = AXIS2_PLACEMENT_3D ( 'NONE', #2681, #2375, #971 ) ;
#1470 = COLOUR_RGB ( '',1.000000000000000000, 0.8705882352941176627, 0.5254901960784313930 ) ;
#1471 = VECTOR ( 'NONE', #653, 1000.000000000000000 ) ;
#1472 =( NAMED_UNIT ( * ) PLANE_ANGLE_UNIT ( ) SI_UNIT ( $, .RADIAN. ) );
#1473 = MECHANICAL_DESIGN_GEOMETRIC_PRESENTATION_REPRESENTATION (  '', ( #965 ), #3145 ) ;
#1474 = PLANE ( 'NONE',  #142 ) ;
#1475 = PLANE ( 'NONE',  #7 ) ;
#1476 = B_SPLINE_SURFACE_WITH_KNOTS ( 'NONE', 3, 1, ( 
 ( #779, #3535 ),
 ( #499, #3793 ),
 ( #2953, #183 ),
 ( #227, #1976 ),
 ( #1710, #3860 ),
 ( #2331, #2928 ),
 ( #1953, #1117 ),
 ( #1995, #2285 ),
 ( #3458, #1434 ),
 ( #3496, #1690 ),
 ( #3190, #1361 ) ),
 .UNSPECIFIED., .F., .F., .F.,
 ( 4, 1, 1, 1, 1, 1, 1, 1, 4 ),
 ( 2, 2 ),
 ( 0.000000000000000000, 0.1116703001015861979, 0.2320944808560174710, 0.3627434591045531342, 0.5025575097108854195, 0.6415251033312814322, 0.7710984952996684516, 0.8901617573732530930, 1.000000000000000000 ),
 ( 0.000000000000000000, 1.000000000000000000 ),
 .UNSPECIFIED. ) ;
#1477 = ADVANCED_FACE ( 'NONE', ( #2074 ), #37, .T. ) ;
#1478 = ORIENTED_EDGE ( 'NONE', *, *, #702, .F. ) ;
#1479 = CARTESIAN_POINT ( 'NONE',  ( -0.2858917288176912042, -4.950000000000000178, 1.826175808758482511 ) ) ;
#1480 = LINE ( 'NONE', #2715, #3907 ) ;
#1481 = CARTESIAN_POINT ( 'NONE',  ( -0.2679814573006273903, -4.900000000000000355, 4.003316605971173558 ) ) ;
#1482 = DIRECTION ( 'NONE',  ( -0.000000000000000000, -0.000000000000000000, 1.000000000000000000 ) ) ;
#1483 = EDGE_CURVE ( 'NONE', #3521, #2674, #1792, .T. ) ;
#1484 = CARTESIAN_POINT ( 'NONE',  ( -1.339082239731614221, -4.900000000000001243, 1.101842319594224628 ) ) ;
#1485 = CARTESIAN_POINT ( 'NONE',  ( 0.006776286057893926920, -4.949999999999994849, 1.283912960790513758 ) ) ;
#1486 = VECTOR ( 'NONE', #506, 1000.000000000000000 ) ;
#1487 =( LENGTH_UNIT ( ) NAMED_UNIT ( * ) SI_UNIT ( .MILLI., .METRE. ) );
#1488 = DIRECTION ( 'NONE',  ( -0.000000000000000000, 1.000000000000000000, 0.000000000000000000 ) ) ;
#1489 = SURFACE_STYLE_FILL_AREA ( #2393 ) ;
#1490 = MECHANICAL_DESIGN_GEOMETRIC_PRESENTATION_REPRESENTATION (  '', ( #2248 ), #97 ) ;
#1491 = LINE ( 'NONE', #2412, #493 ) ;
#1492 = VECTOR ( 'NONE', #3422, 1000.000000000000000 ) ;
#1493 = CARTESIAN_POINT ( 'NONE',  ( 0.5999999999999998668, -2.449999999999991296, 8.800000000000000711 ) ) ;
#1494 = ORIENTED_EDGE ( 'NONE', *, *, #1439, .T. ) ;
#1495 = CARTESIAN_POINT ( 'NONE',  ( -0.6932091346153846922, -4.900000000000001243, 0.8528461538461540314 ) ) ;
#1496 = CARTESIAN_POINT ( 'NONE',  ( -1.206133276256839748, -4.900000000000001243, 2.009547861341816066 ) ) ;
#1497 = CARTESIAN_POINT ( 'NONE',  ( 0.2999999999999999334, -3.710000000000000853, -0.001000000000000132727 ) ) ;
#1498 = ORIENTED_EDGE ( 'NONE', *, *, #2858, .T. ) ;
#1499 = EDGE_LOOP ( 'NONE', ( #2145, #471, #2009, #840 ) ) ;
#1500 = PLANE ( 'NONE',  #2501 ) ;
#1501 = CARTESIAN_POINT ( 'NONE',  ( 0.1679487179487177406, -4.900000000000000355, 4.318999999999999950 ) ) ;
#1502 = CARTESIAN_POINT ( 'NONE',  ( -0.3308242160522387176, -4.899999999999999467, 0.7709358389776591602 ) ) ;
#1503 = FACE_OUTER_BOUND ( 'NONE', #331, .T. ) ;
#1504 = EDGE_CURVE ( 'NONE', #2087, #2674, #303, .T. ) ;
#1505 = CARTESIAN_POINT ( 'NONE',  ( -0.6914062500000000000, -4.900000000000000355, 2.218230769230769006 ) ) ;
#1506 = EDGE_CURVE ( 'NONE', #1308, #204, #82, .T. ) ;
#1507 = PLANE ( 'NONE',  #1941 ) ;
#1508 = DIRECTION ( 'NONE',  ( 0.000000000000000000, 0.000000000000000000, -1.000000000000000000 ) ) ;
#1509 = COLOUR_RGB ( '',0.1803921568627450955, 0.1803921568627450955, 0.1803921568627450955 ) ;
#1510 = ORIENTED_EDGE ( 'NONE', *, *, #978, .F. ) ;
#1511 = ORIENTED_EDGE ( 'NONE', *, *, #2096, .F. ) ;
#1512 = CARTESIAN_POINT ( 'NONE',  ( -0.5525924589899398054, -4.949999999999999289, 2.026884553686973511 ) ) ;
#1513 = CARTESIAN_POINT ( 'NONE',  ( -0.04665162120881869573, -4.950000000000000178, 1.800797864289751749 ) ) ;
#1514 = DIRECTION ( 'NONE',  ( 0.000000000000000000, -1.000000000000000000, 0.000000000000000000 ) ) ;
#1515 = VERTEX_POINT ( 'NONE', #3093 ) ;
#1516 = ORIENTED_EDGE ( 'NONE', *, *, #3046, .T. ) ;
#1517 = B_SPLINE_CURVE_WITH_KNOTS ( 'NONE', 3,
 ( #2187, #2532, #1864, #3745, #406, #3111, #384, #2550, #3419, #1589, #1568, #1292, #695, #1347, #2852, #3761, #2237, #731, #1946, #2513, #56, #1044, #655, #2864, #2574, #364, #1610 ),
 .UNSPECIFIED., .F., .F.,
 ( 4, 1, 1, 1, 1, 1, 1, 1, 1, 1, 1, 1, 1, 1, 1, 1, 1, 1, 1, 1, 1, 1, 1, 1, 4 ),
 ( 0.000000000000000000, 0.04469699988991691214, 0.08853356291858741067, 0.1314091332352274044, 0.1738139421467782275, 0.2157145332694448969, 0.2572471603264206430, 0.2988479641797118225, 0.3406041827148142409, 0.3820294481091343064, 0.4229697500404857591, 0.4636322295306196106, 0.5040475437003945069, 0.5445912057564574749, 0.5849639251690935682, 0.6262652162680830692, 0.6679794005009904723, 0.7099427472053505550, 0.7513818550852254807, 0.7926185649779642350, 0.8339484357458205599, 0.8750080506311037620, 0.9164455302232757949, 0.9579066137283073212, 1.000000000000000000 ),
 .UNSPECIFIED. ) ;
#1518 = DIRECTION ( 'NONE',  ( 0.2609090251427717555, -0.000000000000000000, 0.9653633930282671249 ) ) ;
#1519 = LINE ( 'NONE', #2443, #1211 ) ;
#1520 = CARTESIAN_POINT ( 'NONE',  ( -0.1818780215232961017, -4.949999999999994849, 0.8845506753633941566 ) ) ;
#1521 = SURFACE_STYLE_FILL_AREA ( #335 ) ;
#1522 = UNCERTAINTY_MEASURE_WITH_UNIT (LENGTH_MEASURE( 1.000000000000000082E-05 ), #2299, 'distance_accuracy_value', 'NONE');
#1523 = DIRECTION ( 'NONE',  ( -0.000000000000000000, -1.000000000000000000, -0.000000000000000000 ) ) ;
#1524 = COLOUR_RGB ( '',1.000000000000000000, 0.8705882352941176627, 0.5254901960784313930 ) ;
#1525 = CARTESIAN_POINT ( 'NONE',  ( -2.000000000000000000, 1.699999999999999956, 8.800000000000000711 ) ) ;
#1526 = VECTOR ( 'NONE', #1707, 1000.000000000000000 ) ;
#1527 = CARTESIAN_POINT ( 'NONE',  ( -1.158021591228418634, -4.950000000000001066, 1.188448951658802821 ) ) ;
#1528 = VECTOR ( 'NONE', #1311, 1000.000000000000000 ) ;
#1529 = AXIS2_PLACEMENT_3D ( 'NONE', #1683, #136, #3508 ) ;
#1530 = CARTESIAN_POINT ( 'NONE',  ( 0.000000000000000000, -2.449999999999992184, 4.800000000000000711 ) ) ;
#1531 = EDGE_CURVE ( 'NONE', #498, #485, #2191, .T. ) ;
#1532 = PRESENTATION_LAYER_ASSIGNMENT (  '', '', ( #588 ) ) ;
#1533 = FILL_AREA_STYLE ('',( #3074 ) ) ;
#1534 = COLOUR_RGB ( '',1.000000000000000000, 1.000000000000000000, 1.000000000000000000 ) ;
#1535 = CARTESIAN_POINT ( 'NONE',  ( -0.7436952136968966176, -4.950000000000000178, 0.6805295155153724407 ) ) ;
#1536 = AXIS2_PLACEMENT_3D ( 'NONE', #1249, #2483, #2442 ) ;
#1537 = ORIENTED_EDGE ( 'NONE', *, *, #3210, .T. ) ;
#1538 = CARTESIAN_POINT ( 'NONE',  ( -0.2999999999999999334, -3.710000000000000853, -3.479999999999997762 ) ) ;
#1539 = CARTESIAN_POINT ( 'NONE',  ( -0.1926859564822426818, -4.949999999999998401, 1.492021363992232619 ) ) ;
#1540 = DIRECTION ( 'NONE',  ( 1.000000000000000000, -0.000000000000000000, -0.000000000000000000 ) ) ;
#1541 = LINE ( 'NONE', #2404, #2820 ) ;
#1542 = VERTEX_POINT ( 'NONE', #1614 ) ;
#1543 = ORIENTED_EDGE ( 'NONE', *, *, #3885, .F. ) ;
#1544 = VECTOR ( 'NONE', #3486, 1000.000000000000000 ) ;
#1545 = DIRECTION ( 'NONE',  ( -0.000000000000000000, 0.7808688094430309423, 0.6246950475544235104 ) ) ;
#1546 = CARTESIAN_POINT ( 'NONE',  ( 0.02746762118361144311, -4.899999999999999467, 4.271529861945059459 ) ) ;
#1547 = LINE ( 'NONE', #1862, #3852 ) ;
#1548 = DIRECTION ( 'NONE',  ( -0.000000000000000000, -0.000000000000000000, -1.000000000000000000 ) ) ;
#1549 = UNCERTAINTY_MEASURE_WITH_UNIT (LENGTH_MEASURE( 1.000000000000000082E-05 ), #3658, 'distance_accuracy_value', 'NONE');
#1550 =( NAMED_UNIT ( * ) SI_UNIT ( $, .STERADIAN. ) SOLID_ANGLE_UNIT ( ) );
#1551 = VECTOR ( 'NONE', #1672, 1000.000000000000000 ) ;
#1552 = ORIENTED_EDGE ( 'NONE', *, *, #344, .F. ) ;
#1553 = CARTESIAN_POINT ( 'NONE',  ( -0.2261616934517669819, -4.950000000000001954, 1.195854702436745853 ) ) ;
#1554 = DIRECTION ( 'NONE',  ( 0.000000000000000000, 1.000000000000000000, 0.000000000000000000 ) ) ;
#1555 = PRESENTATION_STYLE_ASSIGNMENT (( #1321 ) ) ;
#1556 = EDGE_CURVE ( 'NONE', #3675, #498, #3707, .T. ) ;
#1557 = EDGE_LOOP ( 'NONE', ( #883, #1618, #2526, #2240 ) ) ;
#1558 = ORIENTED_EDGE ( 'NONE', *, *, #1844, .T. ) ;
#1559 = FACE_OUTER_BOUND ( 'NONE', #2303, .T. ) ;
#1560 = CARTESIAN_POINT ( 'NONE',  ( -1.403846153846153966, -4.950000000000000178, 1.429168269230769450 ) ) ;
#1561 = EDGE_LOOP ( 'NONE', ( #2984, #2730, #3928, #1225 ) ) ;
#1562 = ADVANCED_FACE ( 'NONE', ( #2553 ), #101, .T. ) ;
#1563 = DIRECTION ( 'NONE',  ( 0.000000000000000000, -1.000000000000000000, 0.000000000000000000 ) ) ;
#1564 = EDGE_LOOP ( 'NONE', ( #3463, #3834, #3129, #3694 ) ) ;
#1565 = DIRECTION ( 'NONE',  ( 1.000000000000000000, -0.000000000000000000, -0.000000000000000000 ) ) ;
#1566 = DIRECTION ( 'NONE',  ( 0.000000000000000000, 1.000000000000000000, 0.000000000000000000 ) ) ;
#1567 = CARTESIAN_POINT ( 'NONE',  ( -0.2999999999999999334, 3.709999999999999964, -0.001000000000000132727 ) ) ;
#1568 = CARTESIAN_POINT ( 'NONE',  ( -1.108050254835857507, -4.950000000000000178, 0.8069032235124634633 ) ) ;
#1569 = ORIENTED_EDGE ( 'NONE', *, *, #3165, .F. ) ;
#1570 = DIRECTION ( 'NONE',  ( 0.000000000000000000, 0.000000000000000000, 1.000000000000000000 ) ) ;
#1571 = CARTESIAN_POINT ( 'NONE',  ( 2.000000000000000000, -2.449999999999992184, 8.800000000000000711 ) ) ;
#1572 = LINE ( 'NONE', #2138, #2137 ) ;
#1573 = CARTESIAN_POINT ( 'NONE',  ( -0.8911989616673782200, -4.950000000000000178, 0.7043723344427957889 ) ) ;
#1574 = ORIENTED_EDGE ( 'NONE', *, *, #2665, .T. ) ;
#1575 = ORIENTED_EDGE ( 'NONE', *, *, #1090, .F. ) ;
#1576 = CARTESIAN_POINT ( 'NONE',  ( 0.4843269230769232658, -4.900000000000000355, 2.199000000000000288 ) ) ;
#1577 = CARTESIAN_POINT ( 'NONE',  ( -0.1924354135753512940, -4.949999999999999289, 1.462929136100723948 ) ) ;
#1578 = ADVANCED_FACE ( 'NONE', ( #714 ), #3130, .T. ) ;
#1579 = DIRECTION ( 'NONE',  ( 0.000000000000000000, -1.000000000000000000, 0.000000000000000000 ) ) ;
#1580 =( LENGTH_UNIT ( ) NAMED_UNIT ( * ) SI_UNIT ( .MILLI., .METRE. ) );
#1581 = B_SPLINE_CURVE_WITH_KNOTS ( 'NONE', 3,
 ( #2402, #2104, #1831, #375, #643, #958, #62, #438, #737, #1949, #2176, #3652, #3101, #3788, #2243, #625, #1646, #3166, #1513, #1852, #1050, #3672, #2439, #934, #2747, #1030, #2871 ),
 .UNSPECIFIED., .F., .F.,
 ( 4, 1, 1, 1, 1, 1, 1, 1, 1, 1, 1, 1, 1, 1, 1, 1, 1, 1, 1, 1, 1, 1, 1, 1, 4 ),
 ( 0.000000000000000000, 0.04309897056889696459, 0.08558676034507305130, 0.1269076657436392364, 0.1679674856215210843, 0.2084495586010658708, 0.2490254246415441741, 0.2892805341716790934, 0.3300098489827308912, 0.3705977240995771971, 0.4104659863326995395, 0.4500332158929482573, 0.4896882096042475263, 0.5291164230741912666, 0.5690368070925095889, 0.6097030542359446192, 0.6507589174942193244, 0.6925092624061776059, 0.7342191213706862341, 0.7767069111468622999, 0.8195518402403214608, 0.8633507288313336803, 0.9078385251300616909, 0.9533337036124183150, 1.000000000000000000 ),
 .UNSPECIFIED. ) ;
#1582 = EDGE_LOOP ( 'NONE', ( #1883, #3695, #3777, #765 ) ) ;
#1583 = ORIENTED_EDGE ( 'NONE', *, *, #1116, .F. ) ;
#1584 = EDGE_LOOP ( 'NONE', ( #530, #1248, #3414, #3772 ) ) ;
#1585 = FILL_AREA_STYLE_COLOUR ( '', #1524 ) ;
#1586 = CARTESIAN_POINT ( 'NONE',  ( -0.3346153846153847589, -4.900000000000000355, 3.803535256410256249 ) ) ;
#1587 = EDGE_CURVE ( 'NONE', #1100, #3584, #1275, .T. ) ;
#1588 = CARTESIAN_POINT ( 'NONE',  ( -0.6932091346153846922, -4.900000000000000355, 0.8528461538461540314 ) ) ;
#1589 = CARTESIAN_POINT ( 'NONE',  ( -1.068087001095572530, -4.950000000000000178, 0.7804983013033462980 ) ) ;
#1590 = CARTESIAN_POINT ( 'NONE',  ( -0.4955600507730907323, -4.950000000000001066, 2.194217047456754610 ) ) ;
#1591 = DIRECTION ( 'NONE',  ( 0.000000000000000000, -1.000000000000000000, 0.000000000000000000 ) ) ;
#1592 = CARTESIAN_POINT ( 'NONE',  ( -0.4499542255087579101, -4.950000000000001954, 0.9129928507601646759 ) ) ;
#1593 = DIRECTION ( 'NONE',  ( 1.000000000000000000, 0.000000000000000000, -0.000000000000000000 ) ) ;
#1594 = CARTESIAN_POINT ( 'NONE',  ( 1.499999999999999556, 1.699999999999999956, 8.800000000000000711 ) ) ;
#1595 = VECTOR ( 'NONE', #2643, 1000.000000000000000 ) ;
#1596 = COLOUR_RGB ( '',1.000000000000000000, 1.000000000000000000, 1.000000000000000000 ) ;
#1597 = EDGE_LOOP ( 'NONE', ( #2800, #66, #2920, #3500 ) ) ;
#1598 = CARTESIAN_POINT ( 'NONE',  ( -0.1644053342259345629, -4.950000000000001066, 3.891661015591276751 ) ) ;
#1599 = STYLED_ITEM ( 'NONE', ( #1297 ), #1562 ) ;
#1600 = CARTESIAN_POINT ( 'NONE',  ( 1.203076923076922933, -4.950000000000000178, 1.079709134615384647 ) ) ;
#1601 = MECHANICAL_DESIGN_GEOMETRIC_PRESENTATION_REPRESENTATION (  '', ( #2296 ), #3254 ) ;
#1602 = ADVANCED_FACE ( 'NONE', ( #1893 ), #3114, .T. ) ;
#1603 = COLOUR_RGB ( '',0.5450980392156862253, 0.000000000000000000, 0.000000000000000000 ) ;
#1604 = PRESENTATION_STYLE_ASSIGNMENT (( #2860 ) ) ;
#1605 = ORIENTED_EDGE ( 'NONE', *, *, #3754, .T. ) ;
#1606 = PLANE ( 'NONE',  #3560 ) ;
#1607 = DIRECTION ( 'NONE',  ( 1.000000000000000000, 0.000000000000000000, 0.000000000000000000 ) ) ;
#1608 = CARTESIAN_POINT ( 'NONE',  ( -0.2381683389844992393, -4.899999999999999467, 1.728332656255448185 ) ) ;
#1609 = UNCERTAINTY_MEASURE_WITH_UNIT (LENGTH_MEASURE( 1.000000000000000082E-05 ), #177, 'distance_accuracy_value', 'NONE');
#1610 = CARTESIAN_POINT ( 'NONE',  ( -1.403846153846153966, -4.950000000000000178, 1.429168269230769450 ) ) ;
#1611 = AXIS2_PLACEMENT_3D ( 'NONE', #1466, #2321, #1145 ) ;
#1612 = EDGE_CURVE ( 'NONE', #3004, #1988, #1429, .T. ) ;
#1613 = STYLED_ITEM ( 'NONE', ( #633 ), #1750 ) ;
#1614 = CARTESIAN_POINT ( 'NONE',  ( 2.000000000000000000, 4.449999999999998401, 8.800000000000000711 ) ) ;
#1615 = FILL_AREA_STYLE_COLOUR ( '', #715 ) ;
#1616 = CARTESIAN_POINT ( 'NONE',  ( -0.3692960179171976276, -4.949999999999998401, 0.9713712711711781633 ) ) ;
#1617 = DIRECTION ( 'NONE',  ( 0.9653633930282671249, 0.000000000000000000, -0.2609090251427717555 ) ) ;
#1618 = ORIENTED_EDGE ( 'NONE', *, *, #1483, .F. ) ;
#1619 = VECTOR ( 'NONE', #90, 1000.000000000000000 ) ;
#1620 = ORIENTED_EDGE ( 'NONE', *, *, #826, .T. ) ;
#1621 = CARTESIAN_POINT ( 'NONE',  ( -0.2094764689831106197, -4.949999999999997513, 3.864762700940986839 ) ) ;
#1622 = LINE ( 'NONE', #1832, #1241 ) ;
#1623 = CARTESIAN_POINT ( 'NONE',  ( -0.6902043269230769829, -4.900000000000000355, 2.045153846153846100 ) ) ;
#1624 = ORIENTED_EDGE ( 'NONE', *, *, #3865, .T. ) ;
#1625 = VECTOR ( 'NONE', #2469, 1000.000000000000000 ) ;
#1626 = LINE ( 'NONE', #2812, #5 ) ;
#1627 = CARTESIAN_POINT ( 'NONE',  ( -0.04634230594940622755, -4.899999999999999467, 4.178117614143099345 ) ) ;
#1628 = LINE ( 'NONE', #3379, #470 ) ;
#1629 = CARTESIAN_POINT ( 'NONE',  ( 0.5999999999999998668, -6.449999999999992184, 8.001000000000001222 ) ) ;
#1630 = CARTESIAN_POINT ( 'NONE',  ( 0.01444674375028893662, -4.949999999999999289, 1.554739873201401057 ) ) ;
#1631 = CARTESIAN_POINT ( 'NONE',  ( -0.2999999999999999334, -3.910000000000001030, -3.479999999999997762 ) ) ;
#1632 = EDGE_CURVE ( 'NONE', #1640, #212, #829, .T. ) ;
#1633 =( LENGTH_UNIT ( ) NAMED_UNIT ( * ) SI_UNIT ( .MILLI., .METRE. ) );
#1634 = EDGE_CURVE ( 'NONE', #954, #3152, #2660, .T. ) ;
#1635 = PRODUCT ( 'DS1040-01RT', 'DS1040-01RT', '', ( #253 ) ) ;
#1636 = CARTESIAN_POINT ( 'NONE',  ( -1.026187842148351237, -4.900000000000000355, 0.7567505720810479009 ) ) ;
#1637 = DIRECTION ( 'NONE',  ( 1.000000000000000000, 0.000000000000000000, 0.000000000000000000 ) ) ;
#1638 = ORIENTED_EDGE ( 'NONE', *, *, #1504, .F. ) ;
#1639 = APPLICATION_PROTOCOL_DEFINITION ( 'draft international standard', 'automotive_design', 1998, #3000 ) ;
#1640 = VERTEX_POINT ( 'NONE', #2600 ) ;
#1641 = LINE ( 'NONE', #2548, #772 ) ;
#1642 = DIRECTION ( 'NONE',  ( -0.000000000000000000, -0.000000000000000000, 1.000000000000000000 ) ) ;
#1643 = CARTESIAN_POINT ( 'NONE',  ( 0.01821598553768976128, -4.900000000000001243, 1.501138863908449528 ) ) ;
#1644 =( NAMED_UNIT ( * ) SI_UNIT ( $, .STERADIAN. ) SOLID_ANGLE_UNIT ( ) );
#1645 = DIRECTION ( 'NONE',  ( -1.000000000000000000, 0.000000000000000000, 0.000000000000000000 ) ) ;
#1646 = CARTESIAN_POINT ( 'NONE',  ( -0.08987131732764429282, -4.950000000000000178, 1.888153109564452148 ) ) ;
#1647 = FACE_OUTER_BOUND ( 'NONE', #2718, .T. ) ;
#1649 = VERTEX_POINT ( 'NONE', #3182 ) ;
#1648 = CARTESIAN_POINT ( 'NONE',  ( -1.382893657043767099, -4.900000000000001243, 1.238468448277985967 ) ) ;
#1650 = EDGE_CURVE ( 'NONE', #1414, #1885, #1375, .T. ) ;
#1651 = EDGE_LOOP ( 'NONE', ( #2140, #1906, #594, #700 ) ) ;
#1652 =( GEOMETRIC_REPRESENTATION_CONTEXT ( 3 ) GLOBAL_UNCERTAINTY_ASSIGNED_CONTEXT ( ( #2573 ) ) GLOBAL_UNIT_ASSIGNED_CONTEXT ( ( #1989, #2069, #2699 ) ) REPRESENTATION_CONTEXT ( 'NONE', 'WORKASPACE' ) );
#1653 = DIRECTION ( 'NONE',  ( 0.000000000000000000, 0.000000000000000000, -1.000000000000000000 ) ) ;
#1654 = COLOUR_RGB ( '',1.000000000000000000, 1.000000000000000000, 1.000000000000000000 ) ;
#1655 = CARTESIAN_POINT ( 'NONE',  ( 1.499999999999999556, 1.699999999999999956, 1.800000000000000488 ) ) ;
#1656 = VECTOR ( 'NONE', #721, 1000.000000000000114 ) ;
#1657 = LINE ( 'NONE', #3539, #585 ) ;
#1658 = ORIENTED_EDGE ( 'NONE', *, *, #566, .T. ) ;
#1659 =( NAMED_UNIT ( * ) SI_UNIT ( $, .STERADIAN. ) SOLID_ANGLE_UNIT ( ) );
#1660 = CARTESIAN_POINT ( 'NONE',  ( -0.3197854716392672936, -4.899999999999997691, 2.120170329838734880 ) ) ;
#1661 = CARTESIAN_POINT ( 'NONE',  ( 0.2607692307692308642, -4.900000000000000355, 0.6990000000000001767 ) ) ;
#1662 = ORIENTED_EDGE ( 'NONE', *, *, #2719, .F. ) ;
#1663 =( GEOMETRIC_REPRESENTATION_CONTEXT ( 3 ) GLOBAL_UNCERTAINTY_ASSIGNED_CONTEXT ( ( #617 ) ) GLOBAL_UNIT_ASSIGNED_CONTEXT ( ( #236, #1206, #3595 ) ) REPRESENTATION_CONTEXT ( 'NONE', 'WORKASPACE' ) );
#1664 = CARTESIAN_POINT ( 'NONE',  ( -0.6744707603935745643, -4.950000000000000178, 2.217935043699853281 ) ) ;
#1665 = LINE ( 'NONE', #2659, #400 ) ;
#1666 = MECHANICAL_DESIGN_GEOMETRIC_PRESENTATION_REPRESENTATION (  '', ( #1613 ), #1164 ) ;
#1667 = CARTESIAN_POINT ( 'NONE',  ( -0.2522833121817700253, -4.899999999999999467, 1.762656636853738190 ) ) ;
#1668 = DIRECTION ( 'NONE',  ( 1.000000000000000000, -0.000000000000000000, -0.000000000000000000 ) ) ;
#1669 = ORIENTED_EDGE ( 'NONE', *, *, #2590, .T. ) ;
#1670 = PLANE ( 'NONE',  #385 ) ;
#1671 = DIRECTION ( 'NONE',  ( -1.000000000000000000, 0.000000000000000000, 0.000000000000000000 ) ) ;
#1672 = DIRECTION ( 'NONE',  ( 1.000000000000000000, 0.000000000000000000, 0.000000000000000000 ) ) ;
#1673 = EDGE_CURVE ( 'NONE', #3869, #1414, #3853, .T. ) ;
#1674 = DIRECTION ( 'NONE',  ( -1.000000000000000000, 0.000000000000000000, 0.000000000000000000 ) ) ;
#1675 = ORIENTED_EDGE ( 'NONE', *, *, #1650, .T. ) ;
#1676 = FILL_AREA_STYLE_COLOUR ( '', #3836 ) ;
#1677 = VECTOR ( 'NONE', #3173, 1000.000000000000000 ) ;
#1678 = FILL_AREA_STYLE ('',( #489 ) ) ;
#1679 = ADVANCED_FACE ( 'NONE', ( #771 ), #1389, .F. ) ;
#1680 = CARTESIAN_POINT ( 'NONE',  ( -1.051015816753664733, -4.900000000000001243, 1.006013512761436912 ) ) ;
#1681 = VERTEX_POINT ( 'NONE', #3529 ) ;
#1682 = FACE_OUTER_BOUND ( 'NONE', #3207, .T. ) ;
#1683 = CARTESIAN_POINT ( 'NONE',  ( -2.500000000000000444, -1.699999999999999956, 1.800000000000000488 ) ) ;
#1684 = PRESENTATION_STYLE_ASSIGNMENT (( #3221 ) ) ;
#1685 = FILL_AREA_STYLE ('',( #2640 ) ) ;
#1686 = CARTESIAN_POINT ( 'NONE',  ( -0.2999999999999999334, 3.910000000000000142, -0.001000000000000132727 ) ) ;
#1687 = CARTESIAN_POINT ( 'NONE',  ( -0.5403631726968974869, -4.900000000000000355, 0.8739588624136336303 ) ) ;
#1689 = ORIENTED_EDGE ( 'NONE', *, *, #296, .T. ) ;
#1688 = CARTESIAN_POINT ( 'NONE',  ( -2.000000000000000000, -4.950000000000000178, 8.800000000000000711 ) ) ;
#1690 = CARTESIAN_POINT ( 'NONE',  ( -0.3215573282668570121, -4.949999999999999289, 3.808906606714672183 ) ) ;
#1691 = DIRECTION ( 'NONE',  ( 0.000000000000000000, -1.000000000000000000, 0.000000000000000000 ) ) ;
#1692 = CARTESIAN_POINT ( 'NONE',  ( 0.000000000000000000, 0.000000000000000000, 4.801000000000000156 ) ) ;
#1693 = CARTESIAN_POINT ( 'NONE',  ( -0.6902043269230770939, -4.950000000000000178, 2.045153846153846544 ) ) ;
#1694 = EDGE_CURVE ( 'NONE', #1040, #1640, #809, .T. ) ;
#1695 = VERTEX_POINT ( 'NONE', #3339 ) ;
#1696 = SURFACE_SIDE_STYLE ('',( #3541 ) ) ;
#1697 = CARTESIAN_POINT ( 'NONE',  ( -1.080555159036227453, -4.900000000000000355, 1.864617271804272614 ) ) ;
#1698 = FACE_OUTER_BOUND ( 'NONE', #802, .T. ) ;
#1699 = ORIENTED_EDGE ( 'NONE', *, *, #3299, .T. ) ;
#1700 = AXIS2_PLACEMENT_3D ( 'NONE', #1396, #1734, #2876 ) ;
#1701 = PLANE ( 'NONE',  #1232 ) ;
#1702 = ADVANCED_FACE ( 'NONE', ( #870 ), #1838, .F. ) ;
#1703 = ORIENTED_EDGE ( 'NONE', *, *, #2309, .T. ) ;
#1704 = CARTESIAN_POINT ( 'NONE',  ( -0.2156482414550271176, -4.900000000000001243, 0.8520969812119386644 ) ) ;
#1705 =( LENGTH_UNIT ( ) NAMED_UNIT ( * ) SI_UNIT ( .MILLI., .METRE. ) );
#1706 = CARTESIAN_POINT ( 'NONE',  ( -0.4585127915711822433, -4.950000000000000178, 1.988712626920535964 ) ) ;
#1707 = DIRECTION ( 'NONE',  ( 0.000000000000000000, -1.000000000000000000, 0.000000000000000000 ) ) ;
#1709 = ORIENTED_EDGE ( 'NONE', *, *, #320, .F. ) ;
#1708 = CARTESIAN_POINT ( 'NONE',  ( -1.271337713037318462, -4.899999999999999467, 0.9748699444154249605 ) ) ;
#1710 = CARTESIAN_POINT ( 'NONE',  ( -0.1201889391773222765, -4.899999999999999467, 3.920233926890903664 ) ) ;
#1711 = DIRECTION ( 'NONE',  ( -1.000000000000000000, -0.000000000000000000, -0.000000000000000000 ) ) ;
#1712 = CARTESIAN_POINT ( 'NONE',  ( -0.7892674147457054978, -4.949999999999999289, 2.036817092688030684 ) ) ;
#1713 = ORIENTED_EDGE ( 'NONE', *, *, #1023, .T. ) ;
#1714 = VECTOR ( 'NONE', #47, 1000.000000000000000 ) ;
#1715 = VERTEX_POINT ( 'NONE', #1150 ) ;
#1716 = CARTESIAN_POINT ( 'NONE',  ( -1.377406396559971657, -4.949999999999997513, 1.683443574461704006 ) ) ;
#1717 =( LENGTH_UNIT ( ) NAMED_UNIT ( * ) SI_UNIT ( .MILLI., .METRE. ) );
#1718 = SURFACE_SIDE_STYLE ('',( #2903 ) ) ;
#1719 = SURFACE_SIDE_STYLE ('',( #2295 ) ) ;
#1720 = ORIENTED_EDGE ( 'NONE', *, *, #2701, .T. ) ;
#1721 = VERTEX_POINT ( 'NONE', #2091 ) ;
#1722 = MECHANICAL_DESIGN_GEOMETRIC_PRESENTATION_REPRESENTATION (  '', ( #265 ), #2930 ) ;
#1723 = PRESENTATION_LAYER_ASSIGNMENT (  '', '', ( #1152 ) ) ;
#1724 = DIRECTION ( 'NONE',  ( 0.000000000000000000, -1.000000000000000000, 0.000000000000000000 ) ) ;
#1725 =( LENGTH_UNIT ( ) NAMED_UNIT ( * ) SI_UNIT ( .MILLI., .METRE. ) );
#1727 = EDGE_LOOP ( 'NONE', ( #3222, #1359, #2960, #2611 ) ) ;
#1726 = CARTESIAN_POINT ( 'NONE',  ( -0.5971619700326701308, -4.899999999999998579, 0.6849298835978874234 ) ) ;
#1728 = ADVANCED_FACE ( 'NONE', ( #1503 ), #3039, .T. ) ;
#1729 = ORIENTED_EDGE ( 'NONE', *, *, #1342, .F. ) ;
#1730 = CARTESIAN_POINT ( 'NONE',  ( -0.2901263801481263060, -4.950000000000001066, 0.7950601014748902573 ) ) ;
#1731 = FILL_AREA_STYLE_COLOUR ( '', #657 ) ;
#1732 = EDGE_CURVE ( 'NONE', #2337, #293, #3641, .T. ) ;
#1733 = DIRECTION ( 'NONE',  ( 0.000000000000000000, -1.000000000000000000, 0.000000000000000000 ) ) ;
#1734 = DIRECTION ( 'NONE',  ( 0.000000000000000000, 1.000000000000000000, -0.000000000000000000 ) ) ;
#1735 = FACE_OUTER_BOUND ( 'NONE', #622, .T. ) ;
#1736 = PRESENTATION_STYLE_ASSIGNMENT (( #3590 ) ) ;
#1737 = CARTESIAN_POINT ( 'NONE',  ( 0.01923076923076921449, -4.900000000000000355, 1.446596153846154253 ) ) ;
#1738 = EDGE_LOOP ( 'NONE', ( #42, #2082, #1106, #3923 ) ) ;
#1739 = CARTESIAN_POINT ( 'NONE',  ( -1.154335916617327262, -4.949999999999998401, 2.058223720444909866 ) ) ;
#1740 = CARTESIAN_POINT ( 'NONE',  ( -1.293500239897594550, -4.899999999999999467, 1.894485640069700549 ) ) ;
#1741 = FILL_AREA_STYLE ('',( #1207 ) ) ;
#1742 = ORIENTED_EDGE ( 'NONE', *, *, #3865, .F. ) ;
#1743 = ORIENTED_EDGE ( 'NONE', *, *, #510, .T. ) ;
#1744 = DIRECTION ( 'NONE',  ( 1.000000000000000000, 0.000000000000000000, 0.000000000000000000 ) ) ;
#1745 = MECHANICAL_DESIGN_GEOMETRIC_PRESENTATION_REPRESENTATION (  '', ( #2317 ), #2451 ) ;
#1746 = CARTESIAN_POINT ( 'NONE',  ( 0.01888965450882581359, -4.900000000000000355, 1.464930426956593701 ) ) ;
#1747 = CARTESIAN_POINT ( 'NONE',  ( 0.01923076923076921796, -4.949999999999996625, 1.446596153846154476 ) ) ;
#1748 = CARTESIAN_POINT ( 'NONE',  ( -0.5999999999999998668, -2.449999999999992184, 4.800000000000000711 ) ) ;
#1749 =( NAMED_UNIT ( * ) SI_UNIT ( $, .STERADIAN. ) SOLID_ANGLE_UNIT ( ) );
#1750 = ADVANCED_FACE ( 'NONE', ( #909 ), #2370, .T. ) ;
#1751 = CARTESIAN_POINT ( 'NONE',  ( -0.07150149118459545039, -4.949999999999999289, 1.041776439602797089 ) ) ;
#1752 = DIRECTION ( 'NONE',  ( 1.000000000000000000, 0.000000000000000000, 0.000000000000000000 ) ) ;
#1753 =( NAMED_UNIT ( * ) SI_UNIT ( $, .STERADIAN. ) SOLID_ANGLE_UNIT ( ) );
#1754 = CARTESIAN_POINT ( 'NONE',  ( -2.500000000000000444, -1.699999999999999956, 1.800000000000000488 ) ) ;
#1755 = EDGE_CURVE ( 'NONE', #2337, #106, #3580, .T. ) ;
#1756 = CARTESIAN_POINT ( 'NONE',  ( -1.007126046103863137, -4.949999999999998401, 1.936478798528307177 ) ) ;
#1757 = CARTESIAN_POINT ( 'NONE',  ( 0.000000000000000000, 0.000000000000000000, 0.000000000000000000 ) ) ;
#1758 = ORIENTED_EDGE ( 'NONE', *, *, #1870, .F. ) ;
#1759 = CARTESIAN_POINT ( 'NONE',  ( -0.4009889179873256659, -4.950000000000000178, 1.951816555120263530 ) ) ;
#1760 = DIRECTION ( 'NONE',  ( 0.000000000000000000, 0.6246950475544235104, -0.7808688094430309423 ) ) ;
#1761 =( NAMED_UNIT ( * ) SI_UNIT ( $, .STERADIAN. ) SOLID_ANGLE_UNIT ( ) );
#1762 = CARTESIAN_POINT ( 'NONE',  ( -2.000000000000000000, 4.950000000000000178, -0.001000000000000024307 ) ) ;
#1763 = VERTEX_POINT ( 'NONE', #3619 ) ;
#1764 = ORIENTED_EDGE ( 'NONE', *, *, #2301, .T. ) ;
#1765 = EDGE_LOOP ( 'NONE', ( #1965, #2385, #3456, #3797 ) ) ;
#1766 =( NAMED_UNIT ( * ) PLANE_ANGLE_UNIT ( ) SI_UNIT ( $, .RADIAN. ) );
#1767 = CARTESIAN_POINT ( 'NONE',  ( -0.5507357245509116872, -4.900000000000002132, 0.6922667053988554864 ) ) ;
#1768 = B_SPLINE_SURFACE_WITH_KNOTS ( 'NONE', 3, 1, ( 
 ( #3840, #1693 ),
 ( #1056, #1099 ),
 ( #468, #3230 ),
 ( #2609, #1712 ),
 ( #2312, #502 ),
 ( #1183, #252 ),
 ( #1458, #3270 ),
 ( #232, #877 ),
 ( #546, #1756 ),
 ( #1777, #2977 ),
 ( #2380, #3944 ),
 ( #3028, #896 ),
 ( #268, #2745 ),
 ( #2122, #3346 ),
 ( #1218, #3649 ),
 ( #3922, #3565 ),
 ( #2686, #916 ),
 ( #3905, #2081 ),
 ( #1161, #3591 ) ),
 .UNSPECIFIED., .F., .F., .F.,
 ( 4, 1, 1, 1, 1, 1, 1, 1, 1, 1, 1, 1, 1, 1, 1, 1, 4 ),
 ( 2, 2 ),
 ( 0.000000000000000000, 0.05594313335691826483, 0.1103820356898404936, 0.1640478588828495898, 0.2167594775435857102, 0.2696011346144469578, 0.3230085051908686555, 0.3775814436721358081, 0.4334493367080535786, 0.4909218580498928008, 0.5506247708713253308, 0.6131168723098182616, 0.6798607463518505645, 0.7513577440202003910, 0.8282611012589942145, 0.9107950320656291732, 1.000000000000000000 ),
 ( 0.000000000000000000, 1.000000000000000000 ),
 .UNSPECIFIED. ) ;
#1769 = DIRECTION ( 'NONE',  ( 0.000000000000000000, 0.000000000000000000, 1.000000000000000000 ) ) ;
#1770 =( LENGTH_UNIT ( ) NAMED_UNIT ( * ) SI_UNIT ( .MILLI., .METRE. ) );
#1771 = DIRECTION ( 'NONE',  ( -1.000000000000000000, 0.000000000000000000, -0.000000000000000000 ) ) ;
#1772 = EDGE_CURVE ( 'NONE', #1515, #623, #846, .T. ) ;
#1773 = PRESENTATION_STYLE_ASSIGNMENT (( #3227 ) ) ;
#1774 = PRESENTATION_LAYER_ASSIGNMENT (  '', '', ( #3537 ) ) ;
#1775 = SURFACE_STYLE_USAGE ( .BOTH. , #3269 ) ;
#1776 = CARTESIAN_POINT ( 'NONE',  ( 0.2000000000000005107, 0.000000000000000000, -3.850000000000000089 ) ) ;
#1777 = CARTESIAN_POINT ( 'NONE',  ( -1.045128530905781172, -4.900000000000001243, 1.903035480429482451 ) ) ;
#1778 = EDGE_CURVE ( 'NONE', #2674, #3469, #34, .T. ) ;
#1779 = ORIENTED_EDGE ( 'NONE', *, *, #1141, .F. ) ;
#1780 = CARTESIAN_POINT ( 'NONE',  ( -0.3055182788481815570, -4.949999999999998401, 1.854975479348065281 ) ) ;
#1781 = LINE ( 'NONE', #3274, #2878 ) ;
#1782 = PRESENTATION_STYLE_ASSIGNMENT (( #903 ) ) ;
#1783 = FILL_AREA_STYLE ('',( #571 ) ) ;
#1784 = VERTEX_POINT ( 'NONE', #75 ) ;
#1785 = VERTEX_POINT ( 'NONE', #711 ) ;
#1786 = LINE ( 'NONE', #2148, #3431 ) ;
#1787 = CARTESIAN_POINT ( 'NONE',  ( -0.03153944770285193461, -4.899999999999999467, 1.134017246907397025 ) ) ;
#1788 = SURFACE_STYLE_USAGE ( .BOTH. , #851 ) ;
#1789 = VECTOR ( 'NONE', #76, 1000.000000000000000 ) ;
#1790 = MECHANICAL_DESIGN_GEOMETRIC_PRESENTATION_REPRESENTATION (  '', ( #3131 ), #3632 ) ;
#1791 = MECHANICAL_DESIGN_GEOMETRIC_PRESENTATION_REPRESENTATION (  '', ( #2173 ), #2290 ) ;
#1792 = LINE ( 'NONE', #2449, #3312 ) ;
#1793 =( GEOMETRIC_REPRESENTATION_CONTEXT ( 3 ) GLOBAL_UNCERTAINTY_ASSIGNED_CONTEXT ( ( #1549 ) ) GLOBAL_UNIT_ASSIGNED_CONTEXT ( ( #3658, #49, #2162 ) ) REPRESENTATION_CONTEXT ( 'NONE', 'WORKASPACE' ) );
#1794 = SURFACE_SIDE_STYLE ('',( #1158 ) ) ;
#1795 = PRESENTATION_LAYER_ASSIGNMENT (  '', '', ( #3574 ) ) ;
#1796 = LINE ( 'NONE', #1737, #3903 ) ;
#1797 = VERTEX_POINT ( 'NONE', #1329 ) ;
#1798 =( LENGTH_UNIT ( ) NAMED_UNIT ( * ) SI_UNIT ( .MILLI., .METRE. ) );
#1799 = CARTESIAN_POINT ( 'NONE',  ( -1.403846153846153966, -4.900000000000000355, 1.429168269230769450 ) ) ;
#1800 = EDGE_CURVE ( 'NONE', #1856, #824, #1022, .T. ) ;
#1801 = DIRECTION ( 'NONE',  ( 0.000000000000000000, 4.037784246375884363E-13, -1.000000000000000000 ) ) ;
#1802 = SURFACE_STYLE_FILL_AREA ( #1783 ) ;
#1803 = ORIENTED_EDGE ( 'NONE', *, *, #2101, .T. ) ;
#1804 = LINE ( 'NONE', #1209, #3075 ) ;
#1805 = LINE ( 'NONE', #333, #1336 ) ;
#1806 = CARTESIAN_POINT ( 'NONE',  ( -0.2517773330484104899, -4.949999999999995737, 0.8223602735642838724 ) ) ;
#1807 = CARTESIAN_POINT ( 'NONE',  ( 1.414615384615384830, -4.900000000000000355, 0.6990000000000001767 ) ) ;
#1808 = B_SPLINE_CURVE_WITH_KNOTS ( 'NONE', 3,
 ( #2129, #2773, #2384, #2086, #610, #3290, #1817, #881, #2105, #354, #1325 ),
 .UNSPECIFIED., .F., .F.,
 ( 4, 1, 1, 1, 1, 1, 1, 1, 4 ),
 ( 0.000000000000000000, 0.1426572507006136081, 0.2811689939054440868, 0.4169771923679739811, 0.5508524927475575428, 0.6783641702618123936, 0.7950324430070943027, 0.9019981783473512982, 1.000000000000000000 ),
 .UNSPECIFIED. ) ;
#1809 = AXIS2_PLACEMENT_3D ( 'NONE', #2671, #863, #1167 ) ;
#1810 = SURFACE_SIDE_STYLE ('',( #1489 ) ) ;
#1811 =( NAMED_UNIT ( * ) SI_UNIT ( $, .STERADIAN. ) SOLID_ANGLE_UNIT ( ) );
#1812 = DIRECTION ( 'NONE',  ( 1.000000000000000000, 0.000000000000000000, 0.000000000000000000 ) ) ;
#1813 = DIRECTION ( 'NONE',  ( 1.000000000000000000, 0.000000000000000000, 0.000000000000000000 ) ) ;
#1814 = ORIENTED_EDGE ( 'NONE', *, *, #1412, .F. ) ;
#1815 = CARTESIAN_POINT ( 'NONE',  ( -0.9337344442310135939, -4.900000000000001243, 0.9122370282363596594 ) ) ;
#1816 = LINE ( 'NONE', #3031, #269 ) ;
#1817 = CARTESIAN_POINT ( 'NONE',  ( -0.04634230594940622755, -4.949999999999999289, 4.178117614143099345 ) ) ;
#1818 = ORIENTED_EDGE ( 'NONE', *, *, #710, .F. ) ;
#1819 = ORIENTED_EDGE ( 'NONE', *, *, #1556, .F. ) ;
#1820 = EDGE_CURVE ( 'NONE', #2735, #2160, #1313, .T. ) ;
#1821 = CARTESIAN_POINT ( 'NONE',  ( 0.5999999999999998668, -2.449999999999991296, 8.800000000000000711 ) ) ;
#1822 = CARTESIAN_POINT ( 'NONE',  ( -0.1219378715732057222, -4.900000000000001243, 0.9578850766519285687 ) ) ;
#1823 = DIRECTION ( 'NONE',  ( -0.000000000000000000, -1.000000000000000000, -0.000000000000000000 ) ) ;
#1824 = EDGE_CURVE ( 'NONE', #217, #3750, #1628, .T. ) ;
#1825 = FACE_OUTER_BOUND ( 'NONE', #270, .T. ) ;
#1826 = CARTESIAN_POINT ( 'NONE',  ( -0.6932091346153846922, -4.949999999999999289, 0.8528461538461540314 ) ) ;
#1827 = DIRECTION ( 'NONE',  ( -0.000000000000000000, -1.000000000000000000, -0.000000000000000000 ) ) ;
#1828 = DIRECTION ( 'NONE',  ( -0.000000000000000000, -0.000000000000000000, 1.000000000000000000 ) ) ;
#1829 = ORIENTED_EDGE ( 'NONE', *, *, #1948, .F. ) ;
#1830 = CARTESIAN_POINT ( 'NONE',  ( -0.3497782382544024071, -4.949999999999999289, 1.907115355154449743 ) ) ;
#1831 = CARTESIAN_POINT ( 'NONE',  ( -0.6408399411155467629, -4.950000000000001066, 2.217347786282604982 ) ) ;
#1832 = CARTESIAN_POINT ( 'NONE',  ( 0.2999999999999999334, -3.710000000000000853, -3.850000000000000089 ) ) ;
#1833 = CARTESIAN_POINT ( 'NONE',  ( -1.749999999999999778, 1.699999999999999956, 1.800000000000000488 ) ) ;
#1834 = ORIENTED_EDGE ( 'NONE', *, *, #2693, .F. ) ;
#1835 = VERTEX_POINT ( 'NONE', #1945 ) ;
#1836 = DIRECTION ( 'NONE',  ( -0.000000000000000000, -1.000000000000000000, -0.000000000000000000 ) ) ;
#1837 = CARTESIAN_POINT ( 'NONE',  ( -0.6762739832631198267, -4.949999999999995737, 0.6800828627205967036 ) ) ;
#1838 = PLANE ( 'NONE',  #3506 ) ;
#1839 = UNCERTAINTY_MEASURE_WITH_UNIT (LENGTH_MEASURE( 1.000000000000000082E-05 ), #2739, 'distance_accuracy_value', 'NONE');
#1840 = DIRECTION ( 'NONE',  ( -0.000000000000000000, -0.7808688094430309423, -0.6246950475544235104 ) ) ;
#1841 = SURFACE_STYLE_FILL_AREA ( #3066 ) ;
#1842 = COLOUR_RGB ( '',1.000000000000000000, 0.8705882352941176627, 0.5254901960784313930 ) ;
#1843 = CARTESIAN_POINT ( 'NONE',  ( -1.191983519640225975, -4.949999999999999289, 1.405108640495238426 ) ) ;
#1844 = EDGE_CURVE ( 'NONE', #2180, #1414, #2219, .T. ) ;
#1845 = STYLED_ITEM ( 'NONE', ( #3196 ), #1171 ) ;
#1846 = CARTESIAN_POINT ( 'NONE',  ( -0.2000581896817733019, -4.950000000000001066, 1.314730799022110430 ) ) ;
#1847 = EDGE_CURVE ( 'NONE', #2541, #1785, #719, .T. ) ;
#1848 = PRESENTATION_LAYER_ASSIGNMENT (  '', '', ( #407 ) ) ;
#1849 =( GEOMETRIC_REPRESENTATION_CONTEXT ( 3 ) GLOBAL_UNCERTAINTY_ASSIGNED_CONTEXT ( ( #36 ) ) GLOBAL_UNIT_ASSIGNED_CONTEXT ( ( #2527, #1905, #3740 ) ) REPRESENTATION_CONTEXT ( 'NONE', 'WORKASPACE' ) );
#1850 = ORIENTED_EDGE ( 'NONE', *, *, #1772, .T. ) ;
#1851 = DIRECTION ( 'NONE',  ( -1.000000000000000000, -0.000000000000000000, -0.000000000000000000 ) ) ;
#1852 = CARTESIAN_POINT ( 'NONE',  ( -0.02921447071510706664, -4.950000000000001066, 1.754446597601494018 ) ) ;
#1853 = VECTOR ( 'NONE', #1752, 1000.000000000000000 ) ;
#1854 = CARTESIAN_POINT ( 'NONE',  ( 0.2607692307692308642, -4.950000000000000178, 0.6990000000000001767 ) ) ;
#1855 = CARTESIAN_POINT ( 'NONE',  ( -0.2000000000000005107, 3.709999999999999964, -3.850000000000000089 ) ) ;
#1856 = VERTEX_POINT ( 'NONE', #3401 ) ;
#1857 = VERTEX_POINT ( 'NONE', #1006 ) ;
#1858 = CARTESIAN_POINT ( 'NONE',  ( 0.000000000000000000, -1.699999999999999956, 8.800000000000000711 ) ) ;
#1859 = ORIENTED_EDGE ( 'NONE', *, *, #1673, .T. ) ;
#1860 = DIRECTION ( 'NONE',  ( -0.000000000000000000, 0.000000000000000000, -1.000000000000000000 ) ) ;
#1861 = LINE ( 'NONE', #3086, #1280 ) ;
#1862 = CARTESIAN_POINT ( 'NONE',  ( 0.5999999999999998668, -2.449999999999992184, 8.001000000000001222 ) ) ;
#1863 = STYLED_ITEM ( 'NONE', ( #297 ), #3881 ) ;
#1864 = CARTESIAN_POINT ( 'NONE',  ( -0.7436952136968966176, -4.950000000000000178, 0.6805295155153724407 ) ) ;
#1865 = VECTOR ( 'NONE', #96, 1000.000000000000000 ) ;
#1866 = MECHANICAL_DESIGN_GEOMETRIC_PRESENTATION_REPRESENTATION (  '', ( #2062 ), #3019 ) ;
#1867 = SURFACE_SIDE_STYLE ('',( #1841 ) ) ;
#1868 = SURFACE_SIDE_STYLE ('',( #2853 ) ) ;
#1869 = STYLED_ITEM ( 'NONE', ( #501 ), #2262 ) ;
#1870 = EDGE_CURVE ( 'NONE', #2266, #1383, #1547, .T. ) ;
#1871 = CARTESIAN_POINT ( 'NONE',  ( -0.2704025471111664580, -4.950000000000000178, 1.093340699534055105 ) ) ;
#1872 = VECTOR ( 'NONE', #1364, 1000.000000000000000 ) ;
#1873 =( GEOMETRIC_REPRESENTATION_CONTEXT ( 3 ) GLOBAL_UNCERTAINTY_ASSIGNED_CONTEXT ( ( #3760 ) ) GLOBAL_UNIT_ASSIGNED_CONTEXT ( ( #1705, #1132, #1749 ) ) REPRESENTATION_CONTEXT ( 'NONE', 'WORKASPACE' ) );
#1874 = CARTESIAN_POINT ( 'NONE',  ( 0.5999999999999998668, -2.449999999999992184, 4.801000000000000156 ) ) ;
#1875 =( NAMED_UNIT ( * ) PLANE_ANGLE_UNIT ( ) SI_UNIT ( $, .RADIAN. ) );
#1876 = VECTOR ( 'NONE', #1554, 1000.000000000000000 ) ;
#1877 = EDGE_CURVE ( 'NONE', #2131, #1681, #54, .T. ) ;
#1878 = VERTEX_POINT ( 'NONE', #1270 ) ;
#1879 =( NAMED_UNIT ( * ) PLANE_ANGLE_UNIT ( ) SI_UNIT ( $, .RADIAN. ) );
#1880 = CARTESIAN_POINT ( 'NONE',  ( -0.2002838143718241870, -4.949999999999998401, 1.576452033225398619 ) ) ;
#1881 = FILL_AREA_STYLE ('',( #3737 ) ) ;
#1882 = CARTESIAN_POINT ( 'NONE',  ( 1.749999999999999778, -1.699999999999999956, 3.300000000000000266 ) ) ;
#1883 = ORIENTED_EDGE ( 'NONE', *, *, #442, .F. ) ;
#1884 = DIRECTION ( 'NONE',  ( 0.000000000000000000, 0.000000000000000000, 1.000000000000000000 ) ) ;
#1885 = VERTEX_POINT ( 'NONE', #2486 ) ;
#1886 = SURFACE_SIDE_STYLE ('',( #674 ) ) ;
#1887 = LINE ( 'NONE', #3418, #910 ) ;
#1888 = UNCERTAINTY_MEASURE_WITH_UNIT (LENGTH_MEASURE( 1.000000000000000082E-05 ), #3413, 'distance_accuracy_value', 'NONE');
#1889 = DIRECTION ( 'NONE',  ( -0.000000000000000000, -0.000000000000000000, 1.000000000000000000 ) ) ;
#1890 =( GEOMETRIC_REPRESENTATION_CONTEXT ( 3 ) GLOBAL_UNCERTAINTY_ASSIGNED_CONTEXT ( ( #2761 ) ) GLOBAL_UNIT_ASSIGNED_CONTEXT ( ( #3514, #2559, #2012 ) ) REPRESENTATION_CONTEXT ( 'NONE', 'WORKASPACE' ) );
#1891 =( NAMED_UNIT ( * ) PLANE_ANGLE_UNIT ( ) SI_UNIT ( $, .RADIAN. ) );
#1892 = ORIENTED_EDGE ( 'NONE', *, *, #2466, .T. ) ;
#1893 = FACE_OUTER_BOUND ( 'NONE', #2816, .T. ) ;
#1894 = DIRECTION ( 'NONE',  ( -0.000000000000000000, 1.000000000000000000, -0.000000000000000000 ) ) ;
#1895 = CARTESIAN_POINT ( 'NONE',  ( 0.4843269230769232658, -4.950000000000000178, 2.199000000000000288 ) ) ;
#1896 = FILL_AREA_STYLE_COLOUR ( '', #2762 ) ;
#1897 = MECHANICAL_DESIGN_GEOMETRIC_PRESENTATION_REPRESENTATION (  '', ( #1259 ), #1198 ) ;
#1898 = ORIENTED_EDGE ( 'NONE', *, *, #1877, .F. ) ;
#1899 = ORIENTED_EDGE ( 'NONE', *, *, #3826, .F. ) ;
#1900 = DIRECTION ( 'NONE',  ( -0.000000000000000000, -1.000000000000000000, -0.000000000000000000 ) ) ;
#1901 = CARTESIAN_POINT ( 'NONE',  ( 0.000000000000000000, 0.000000000000000000, -3.850000000000000089 ) ) ;
#1902 = EDGE_CURVE ( 'NONE', #3739, #963, #1887, .T. ) ;
#1903 = FILL_AREA_STYLE ('',( #1002 ) ) ;
#1904 = EDGE_LOOP ( 'NONE', ( #2844, #665, #2314, #358, #642, #866, #409 ) ) ;
#1905 =( NAMED_UNIT ( * ) PLANE_ANGLE_UNIT ( ) SI_UNIT ( $, .RADIAN. ) );
#1906 = ORIENTED_EDGE ( 'NONE', *, *, #2618, .F. ) ;
#1907 = CARTESIAN_POINT ( 'NONE',  ( 0.5999999999999998668, -2.799499999999991662, 4.450500000000000789 ) ) ;
#1908 = CARTESIAN_POINT ( 'NONE',  ( -0.1923076923076923739, -4.900000000000000355, 1.448098557692307775 ) ) ;
#1909 = CARTESIAN_POINT ( 'NONE',  ( -1.192307692307692291, -4.900000000000000355, 1.426764423076923416 ) ) ;
#1910 = CARTESIAN_POINT ( 'NONE',  ( -0.3197854716392672936, -4.899999999999997691, 2.120170329838734880 ) ) ;
#1911 = MECHANICAL_DESIGN_GEOMETRIC_PRESENTATION_REPRESENTATION (  '', ( #1449 ), #3557 ) ;
#1912 = DIRECTION ( 'NONE',  ( -1.000000000000000000, -0.000000000000000000, -0.000000000000000000 ) ) ;
#1913 = VECTOR ( 'NONE', #2694, 1000.000000000000000 ) ;
#1914 = PRESENTATION_LAYER_ASSIGNMENT (  '', '', ( #197 ) ) ;
#1915 = SURFACE_STYLE_USAGE ( .BOTH. , #698 ) ;
#1916 = ORIENTED_EDGE ( 'NONE', *, *, #2855, .T. ) ;
#1917 = PRESENTATION_STYLE_ASSIGNMENT (( #1938 ) ) ;
#1918 = LINE ( 'NONE', #2506, #1619 ) ;
#1919 = LINE ( 'NONE', #2507, #1714 ) ;
#1920 = CARTESIAN_POINT ( 'NONE',  ( -0.2111515819136845495, -4.899999999999999467, 1.253367430971772611 ) ) ;
#1921 = EDGE_CURVE ( 'NONE', #605, #2004, #383, .T. ) ;
#1922 = ORIENTED_EDGE ( 'NONE', *, *, #1272, .T. ) ;
#1923 = FILL_AREA_STYLE ('',( #967 ) ) ;
#1924 = DIRECTION ( 'NONE',  ( -0.000000000000000000, 0.7071067811865474617, -0.7071067811865474617 ) ) ;
#1925 = DIRECTION ( 'NONE',  ( -0.000000000000000000, -1.000000000000000000, -0.000000000000000000 ) ) ;
#1926 = UNCERTAINTY_MEASURE_WITH_UNIT (LENGTH_MEASURE( 1.000000000000000082E-05 ), #1725, 'distance_accuracy_value', 'NONE');
#1927 =( NAMED_UNIT ( * ) PLANE_ANGLE_UNIT ( ) SI_UNIT ( $, .RADIAN. ) );
#1928 = AXIS2_PLACEMENT_3D ( 'NONE', #2345, #3871, #119 ) ;
#1929 = MECHANICAL_DESIGN_GEOMETRIC_PRESENTATION_REPRESENTATION (  '', ( #3775 ), #3582 ) ;
#1930 = EDGE_CURVE ( 'NONE', #1835, #2628, #2005, .T. ) ;
#1931 = CARTESIAN_POINT ( 'NONE',  ( -0.5911197763822019224, -4.949999999999999289, 2.212879541608050449 ) ) ;
#1932 = FILL_AREA_STYLE ('',( #3406 ) ) ;
#1933 = CARTESIAN_POINT ( 'NONE',  ( 0.2999999999999999334, -3.910000000000001030, -3.850000000000000089 ) ) ;
#1934 = CARTESIAN_POINT ( 'NONE',  ( -1.108050254835857507, -4.950000000000000178, 0.8069032235124634633 ) ) ;
#1935 = STYLED_ITEM ( 'NONE', ( #1782 ), #2054 ) ;
#1936 = VECTOR ( 'NONE', #3854, 1000.000000000000000 ) ;
#1937 = ORIENTED_EDGE ( 'NONE', *, *, #3802, .T. ) ;
#1938 = SURFACE_STYLE_USAGE ( .BOTH. , #44 ) ;
#1939 = DIRECTION ( 'NONE',  ( -0.2609090251427717555, 0.000000000000000000, 0.9653633930282671249 ) ) ;
#1940 = CARTESIAN_POINT ( 'NONE',  ( 1.499999999999999556, 1.699999999999999956, 3.300000000000000266 ) ) ;
#1941 = AXIS2_PLACEMENT_3D ( 'NONE', #2416, #3323, #3027 ) ;
#1942 = ORIENTED_EDGE ( 'NONE', *, *, #3826, .T. ) ;
#1943 = DIRECTION ( 'NONE',  ( 0.000000000000000000, 0.000000000000000000, -1.000000000000000000 ) ) ;
#1944 = CARTESIAN_POINT ( 'NONE',  ( 0.01923076923076921449, -4.950000000000000178, 1.446596153846154253 ) ) ;
#1945 = CARTESIAN_POINT ( 'NONE',  ( -0.6914062500000000000, -4.900000000000000355, 2.218230769230769006 ) ) ;
#1946 = CARTESIAN_POINT ( 'NONE',  ( -1.339082239731614221, -4.950000000000001066, 1.101842319594224628 ) ) ;
#1947 = DIRECTION ( 'NONE',  ( -1.000000000000000000, 0.000000000000000000, 0.000000000000000000 ) ) ;
#1948 = EDGE_CURVE ( 'NONE', #1715, #279, #2913, .T. ) ;
#1949 = CARTESIAN_POINT ( 'NONE',  ( -0.3197854716392672936, -4.949999999999997513, 2.120170329838734880 ) ) ;
#1950 = DIRECTION ( 'NONE',  ( 0.000000000000000000, 1.561251128379125123E-14, 1.000000000000000000 ) ) ;
#1952 = ORIENTED_EDGE ( 'NONE', *, *, #3940, .F. ) ;
#1951 = CARTESIAN_POINT ( 'NONE',  ( -1.068087001095572530, -4.950000000000000178, 0.7804983013033462980 ) ) ;
#1953 = CARTESIAN_POINT ( 'NONE',  ( -0.2094764689831106197, -4.899999999999997691, 3.864762700940986839 ) ) ;
#1954 = PLANE ( 'NONE',  #262 ) ;
#1955 = CARTESIAN_POINT ( 'NONE',  ( -0.2000000000000005107, 3.910000000000000142, -3.850000000000000089 ) ) ;
#1956 = CARTESIAN_POINT ( 'NONE',  ( -2.000000000000000000, -4.950000000000000178, 8.800000000000000711 ) ) ;
#1957 =( GEOMETRIC_REPRESENTATION_CONTEXT ( 3 ) GLOBAL_UNCERTAINTY_ASSIGNED_CONTEXT ( ( #3704 ) ) GLOBAL_UNIT_ASSIGNED_CONTEXT ( ( #2989, #581, #1753 ) ) REPRESENTATION_CONTEXT ( 'NONE', 'WORKASPACE' ) );
#1958 = FILL_AREA_STYLE_COLOUR ( '', #411 ) ;
#1959 = ORIENTED_EDGE ( 'NONE', *, *, #3014, .F. ) ;
#1960 = SURFACE_SIDE_STYLE ('',( #3698 ) ) ;
#1961 = CARTESIAN_POINT ( 'NONE',  ( -0.8819788110049137098, -4.900000000000003020, 2.010511926915531600 ) ) ;
#1962 = B_SPLINE_CURVE_WITH_KNOTS ( 'NONE', 3,
 ( #2165, #404, #95, #2149, #3357, #73, #1627, #3699, #1546, #3109, #382 ),
 .UNSPECIFIED., .F., .F.,
 ( 4, 1, 1, 1, 1, 1, 1, 1, 4 ),
 ( 0.000000000000000000, 0.1426572507006136081, 0.2811689939054440868, 0.4169771923679739811, 0.5508524927475575428, 0.6783641702618123936, 0.7950324430070943027, 0.9019981783473512982, 1.000000000000000000 ),
 .UNSPECIFIED. ) ;
#1963 = PLANE ( 'NONE',  #1809 ) ;
#1964 = CARTESIAN_POINT ( 'NONE',  ( 0.2000000000000005107, 3.709999999999999964, -3.850000000000000089 ) ) ;
#1965 = ORIENTED_EDGE ( 'NONE', *, *, #1294, .F. ) ;
#1966 = ORIENTED_EDGE ( 'NONE', *, *, #2565, .T. ) ;
#1967 = MECHANICAL_DESIGN_GEOMETRIC_PRESENTATION_REPRESENTATION (  '', ( #3537 ), #3813 ) ;
#1968 = CARTESIAN_POINT ( 'NONE',  ( -0.2419101279706142582, -4.899999999999998579, 2.066110545126630171 ) ) ;
#1969 = DIRECTION ( 'NONE',  ( -0.000000000000000000, -1.000000000000000000, -0.000000000000000000 ) ) ;
#1970 = EDGE_CURVE ( 'NONE', #1857, #217, #402, .T. ) ;
#1971 =( NAMED_UNIT ( * ) SI_UNIT ( $, .STERADIAN. ) SOLID_ANGLE_UNIT ( ) );
#1972 =( LENGTH_UNIT ( ) NAMED_UNIT ( * ) SI_UNIT ( .MILLI., .METRE. ) );
#1974 = ORIENTED_EDGE ( 'NONE', *, *, #3073, .F. ) ;
#1973 = CARTESIAN_POINT ( 'NONE',  ( -1.213371758905456455, -4.950000000000001066, 0.9009892675189148381 ) ) ;
#1975 = AXIS2_PLACEMENT_3D ( 'NONE', #2806, #957, #3100 ) ;
#1976 = CARTESIAN_POINT ( 'NONE',  ( -0.07966283557106725033, -4.950000000000001066, 3.949947488484732538 ) ) ;
#1977 = EDGE_CURVE ( 'NONE', #2063, #3152, #3234, .T. ) ;
#1978 = LINE ( 'NONE', #798, #3310 ) ;
#1979 = VECTOR ( 'NONE', #2798, 1000.000000000000000 ) ;
#1980 = DIRECTION ( 'NONE',  ( -1.000000000000000000, 0.000000000000000000, 0.000000000000000000 ) ) ;
#1981 =( NAMED_UNIT ( * ) PLANE_ANGLE_UNIT ( ) SI_UNIT ( $, .RADIAN. ) );
#1982 = VECTOR ( 'NONE', #859, 1000.000000000000000 ) ;
#1983 = SURFACE_SIDE_STYLE ('',( #2019 ) ) ;
#1984 = ORIENTED_EDGE ( 'NONE', *, *, #3676, .T. ) ;
#1985 =( LENGTH_UNIT ( ) NAMED_UNIT ( * ) SI_UNIT ( .MILLI., .METRE. ) );
#1986 = PLANE ( 'NONE',  #2230 ) ;
#1987 = CARTESIAN_POINT ( 'NONE',  ( -0.4496399403579305898, -4.900000000000001243, 2.180195575879539938 ) ) ;
#1988 = VERTEX_POINT ( 'NONE', #474 ) ;
#1989 =( LENGTH_UNIT ( ) NAMED_UNIT ( * ) SI_UNIT ( .MILLI., .METRE. ) );
#1990 = DIRECTION ( 'NONE',  ( 0.000000000000000000, -0.000000000000000000, 1.000000000000000000 ) ) ;
#1991 = FILL_AREA_STYLE_COLOUR ( '', #3010 ) ;
#1992 = CARTESIAN_POINT ( 'NONE',  ( -0.2381683389844992393, -4.949999999999998401, 1.728332656255448185 ) ) ;
#1993 = ORIENTED_EDGE ( 'NONE', *, *, #3118, .T. ) ;
#1994 = EDGE_CURVE ( 'NONE', #3670, #2131, #2571, .T. ) ;
#1995 = CARTESIAN_POINT ( 'NONE',  ( -0.2530319179765325166, -4.900000000000000355, 3.840571802289067360 ) ) ;
#1996 = CARTESIAN_POINT ( 'NONE',  ( 0.4723076923076924283, -4.900000000000000355, 1.818290865384615707 ) ) ;
#1997 = CARTESIAN_POINT ( 'NONE',  ( 1.191057692307692317, -4.900000000000000355, 0.6990000000000001767 ) ) ;
#1998 = CARTESIAN_POINT ( 'NONE',  ( -0.2999999999999999334, -3.710000000000000853, -0.001000000000000132727 ) ) ;
#1999 = EDGE_CURVE ( 'NONE', #2124, #954, #2631, .T. ) ;
#2000 = VECTOR ( 'NONE', #3443, 1000.000000000000000 ) ;
#2001 = ORIENTED_EDGE ( 'NONE', *, *, #282, .F. ) ;
#2002 = CARTESIAN_POINT ( 'NONE',  ( 2.000000000000000000, -1.699999999999999956, 1.800000000000000488 ) ) ;
#2003 = CARTESIAN_POINT ( 'NONE',  ( -0.1735003660408735993, -4.900000000000001243, 2.002444828161038082 ) ) ;
#2004 = VERTEX_POINT ( 'NONE', #2339 ) ;
#2005 = B_SPLINE_CURVE_WITH_KNOTS ( 'NONE', 3,
 ( #991, #693, #451, #3844, #3544, #3503, #1987, #823, #1371, #1660, #3466, #2887, #1123, #2003, #1081, #1402, #189, #2045, #2863, #2025, #3799, #1060, #3780, #2294, #805, #433, #150 ),
 .UNSPECIFIED., .F., .F.,
 ( 4, 1, 1, 1, 1, 1, 1, 1, 1, 1, 1, 1, 1, 1, 1, 1, 1, 1, 1, 1, 1, 1, 1, 1, 4 ),
 ( 0.000000000000000000, 0.04309897056889696459, 0.08558676034507305130, 0.1269076657436392364, 0.1679674856215210843, 0.2084495586010658708, 0.2490254246415441741, 0.2892805341716790934, 0.3300098489827308912, 0.3705977240995771971, 0.4104659863326995395, 0.4500332158929482573, 0.4896882096042475263, 0.5291164230741912666, 0.5690368070925095889, 0.6097030542359446192, 0.6507589174942193244, 0.6925092624061776059, 0.7342191213706862341, 0.7767069111468622999, 0.8195518402403214608, 0.8633507288313336803, 0.9078385251300616909, 0.9533337036124183150, 1.000000000000000000 ),
 .UNSPECIFIED. ) ;
#2006 = CARTESIAN_POINT ( 'NONE',  ( 1.852941176470582318, -1.699999999999999956, 1.888235294117644569 ) ) ;
#2007 = DIRECTION ( 'NONE',  ( 0.000000000000000000, 0.000000000000000000, -1.000000000000000000 ) ) ;
#2008 = CARTESIAN_POINT ( 'NONE',  ( 0.01923076923076921449, -4.900000000000000355, 1.446596153846154253 ) ) ;
#2009 = ORIENTED_EDGE ( 'NONE', *, *, #2765, .T. ) ;
#2010 = CARTESIAN_POINT ( 'NONE',  ( -0.2680777281850265092, -4.900000000000001243, 1.795362930045701688 ) ) ;
#2011 = CARTESIAN_POINT ( 'NONE',  ( -1.499999999999999556, -1.699999999999999956, 1.800000000000000488 ) ) ;
#2013 = VERTEX_POINT ( 'NONE', #2256 ) ;
#2012 =( NAMED_UNIT ( * ) SI_UNIT ( $, .STERADIAN. ) SOLID_ANGLE_UNIT ( ) );
#2014 = SURFACE_SIDE_STYLE ('',( #797 ) ) ;
#2015 = UNCERTAINTY_MEASURE_WITH_UNIT (LENGTH_MEASURE( 1.000000000000000082E-05 ), #3686, 'distance_accuracy_value', 'NONE');
#2016 = FACE_OUTER_BOUND ( 'NONE', #2830, .T. ) ;
#2017 = LINE ( 'NONE', #1074, #2000 ) ;
#2018 = B_SPLINE_SURFACE_WITH_KNOTS ( 'NONE', 3, 1, ( 
 ( #3096, #3050 ),
 ( #347, #372 ),
 ( #3713, #1535 ),
 ( #2767, #322 ),
 ( #23, #41 ),
 ( #1257, #1573 ),
 ( #980, #2804 ),
 ( #59, #1278 ),
 ( #1636, #479 ),
 ( #203, #1951 ),
 ( #3833, #1934 ),
 ( #2245, #1394 ),
 ( #1032, #2857 ),
 ( #1093, #1973 ),
 ( #2622, #497 ),
 ( #1708, #140 ),
 ( #1114, #718 ),
 ( #1413, #428 ),
 ( #1333, #3810 ),
 ( #3169, #2644 ),
 ( #2265, #440 ),
 ( #1648, #3771 ),
 ( #3225, #1358 ),
 ( #3455, #2907 ),
 ( #2604, #1052 ),
 ( #2872, #739 ),
 ( #2582, #3858 ) ),
 .UNSPECIFIED., .F., .F., .F.,
 ( 4, 1, 1, 1, 1, 1, 1, 1, 1, 1, 1, 1, 1, 1, 1, 1, 1, 1, 1, 1, 1, 1, 1, 1, 4 ),
 ( 2, 2 ),
 ( 0.000000000000000000, 0.04469699988991691214, 0.08853356291858741067, 0.1314091332352274044, 0.1738139421467782275, 0.2157145332694448969, 0.2572471603264206430, 0.2988479641797118225, 0.3406041827148142409, 0.3820294481091343064, 0.4229697500404857591, 0.4636322295306196106, 0.5040475437003945069, 0.5445912057564574749, 0.5849639251690935682, 0.6262652162680830692, 0.6679794005009904723, 0.7099427472053505550, 0.7513818550852254807, 0.7926185649779642350, 0.8339484357458205599, 0.8750080506311037620, 0.9164455302232757949, 0.9579066137283073212, 1.000000000000000000 ),
 ( 0.000000000000000000, 1.000000000000000000 ),
 .UNSPECIFIED. ) ;
#2019 = SURFACE_STYLE_FILL_AREA ( #758 ) ;
#2020 = ORIENTED_EDGE ( 'NONE', *, *, #732, .T. ) ;
#2021 = STYLED_ITEM ( 'NONE', ( #3298 ), #3449 ) ;
#2022 = CARTESIAN_POINT ( 'NONE',  ( -0.2381683389844992393, -4.949999999999999289, 1.728332656255448185 ) ) ;
#2023 = DIRECTION ( 'NONE',  ( -1.000000000000000000, -0.000000000000000000, -0.000000000000000000 ) ) ;
#2024 = ADVANCED_FACE ( 'NONE', ( #747 ), #1963, .T. ) ;
#2025 = CARTESIAN_POINT ( 'NONE',  ( -0.02921447071510706664, -4.900000000000001243, 1.754446597601494018 ) ) ;
#2026 = CARTESIAN_POINT ( 'NONE',  ( -0.8900682525946892465, -4.899999999999999467, 0.8904941313878286246 ) ) ;
#2027 = ORIENTED_EDGE ( 'NONE', *, *, #3623, .T. ) ;
#2028 = CARTESIAN_POINT ( 'NONE',  ( -0.8911989616673782200, -4.900000000000000355, 0.7043723344427957889 ) ) ;
#2030 = EDGE_LOOP ( 'NONE', ( #1892, #1511, #2980, #147 ) ) ;
#2029 = CARTESIAN_POINT ( 'NONE',  ( -0.4601480857409359637, -4.900000000000000355, 0.7150305743888143439 ) ) ;
#2031 = CARTESIAN_POINT ( 'NONE',  ( -0.5999999999999998668, -2.449999999999992184, 8.001000000000001222 ) ) ;
#2032 = SURFACE_STYLE_USAGE ( .BOTH. , #811 ) ;
#2033 = LINE ( 'NONE', #2374, #1217 ) ;
#2034 = CARTESIAN_POINT ( 'NONE',  ( -0.1933730766634502718, -4.949999999999998401, 1.380142193239525916 ) ) ;
#2035 = DIRECTION ( 'NONE',  ( -0.000000000000000000, -1.000000000000000000, -0.000000000000000000 ) ) ;
#2036 =( NAMED_UNIT ( * ) SI_UNIT ( $, .STERADIAN. ) SOLID_ANGLE_UNIT ( ) );
#2037 = CARTESIAN_POINT ( 'NONE',  ( -1.403324811568193775, -4.949999999999999289, 1.459241976356671744 ) ) ;
#2038 = CARTESIAN_POINT ( 'NONE',  ( 0.2000000000000005107, 3.709999999999999964, -3.850000000000000089 ) ) ;
#2039 = PRESENTATION_STYLE_ASSIGNMENT (( #1365 ) ) ;
#2040 = EDGE_LOOP ( 'NONE', ( #937, #3188, #1575, #3347, #3098, #669, #1516, #2130, #782, #1850 ) ) ;
#2041 = VECTOR ( 'NONE', #1208, 1000.000000000000000 ) ;
#2042 = CARTESIAN_POINT ( 'NONE',  ( -1.327449009266725710, -4.949999999999998401, 1.828965873934041086 ) ) ;
#2043 = CARTESIAN_POINT ( 'NONE',  ( -0.1923076923076923739, -4.950000000000000178, 1.448098557692307775 ) ) ;
#2044 =( GEOMETRIC_REPRESENTATION_CONTEXT ( 3 ) GLOBAL_UNCERTAINTY_ASSIGNED_CONTEXT ( ( #3467 ) ) GLOBAL_UNIT_ASSIGNED_CONTEXT ( ( #1985, #2669, #531 ) ) REPRESENTATION_CONTEXT ( 'NONE', 'WORKASPACE' ) );
#2045 = CARTESIAN_POINT ( 'NONE',  ( -0.06705327225864127216, -4.899999999999999467, 1.845305213333761740 ) ) ;
#2046 = CARTESIAN_POINT ( 'NONE',  ( -0.8440314180354008267, -4.950000000000000178, 0.8735218177870142098 ) ) ;
#2047 = ORIENTED_EDGE ( 'NONE', *, *, #1877, .T. ) ;
#2048 = EDGE_CURVE ( 'NONE', #3750, #1649, #3926, .T. ) ;
#2049 = VECTOR ( 'NONE', #2355, 1000.000000000000000 ) ;
#2050 =( LENGTH_UNIT ( ) NAMED_UNIT ( * ) SI_UNIT ( .MILLI., .METRE. ) );
#2051 = VERTEX_POINT ( 'NONE', #1187 ) ;
#2052 = CARTESIAN_POINT ( 'NONE',  ( -1.145690265083634696, -4.900000000000000355, 0.8358340810019976308 ) ) ;
#2053 = VECTOR ( 'NONE', #1265, 1000.000000000000000 ) ;
#2054 = ADVANCED_FACE ( 'NONE', ( #3633, #570 ), #609, .T. ) ;
#2055 = SURFACE_SIDE_STYLE ('',( #3876 ) ) ;
#2056 = STYLED_ITEM ( 'NONE', ( #3205 ), #2597 ) ;
#2057 = CARTESIAN_POINT ( 'NONE',  ( -0.6902043269230769829, -4.949999999999999289, 2.045153846153846100 ) ) ;
#2058 =( NAMED_UNIT ( * ) SI_UNIT ( $, .STERADIAN. ) SOLID_ANGLE_UNIT ( ) );
#2059 =( LENGTH_UNIT ( ) NAMED_UNIT ( * ) SI_UNIT ( .MILLI., .METRE. ) );
#2060 = FILL_AREA_STYLE_COLOUR ( '', #3564 ) ;
#2061 = FILL_AREA_STYLE_COLOUR ( '', #1470 ) ;
#2062 = STYLED_ITEM ( 'NONE', ( #2614 ), #2024 ) ;
#2063 = VERTEX_POINT ( 'NONE', #3615 ) ;
#2064 = CARTESIAN_POINT ( 'NONE',  ( -0.1926859564822426818, -4.949999999999999289, 1.492021363992232619 ) ) ;
#2065 = FACE_OUTER_BOUND ( 'NONE', #1597, .T. ) ;
#2066 = SURFACE_STYLE_USAGE ( .BOTH. , #3018 ) ;
#2067 = CARTESIAN_POINT ( 'NONE',  ( 0.2999999999999999334, -3.710000000000000853, -0.001000000000000132727 ) ) ;
#2068 = FACE_OUTER_BOUND ( 'NONE', #3139, .T. ) ;
#2069 =( NAMED_UNIT ( * ) PLANE_ANGLE_UNIT ( ) SI_UNIT ( $, .RADIAN. ) );
#2070 = CARTESIAN_POINT ( 'NONE',  ( -0.3731404625853782520, -4.899999999999999467, 0.7497900611920680358 ) ) ;
#2071 = DIRECTION ( 'NONE',  ( 0.5403350958123748216, 0.000000000000000000, -0.8414499297245390252 ) ) ;
#2072 = ADVANCED_FACE ( 'NONE', ( #237 ), #1128, .T. ) ;
#2073 = FILL_AREA_STYLE ('',( #791 ) ) ;
#2074 = FACE_OUTER_BOUND ( 'NONE', #1367, .T. ) ;
#2075 = EDGE_CURVE ( 'NONE', #611, #3584, #328, .T. ) ;
#2076 = LINE ( 'NONE', #3064, #210 ) ;
#2077 = PLANE ( 'NONE',  #1386 ) ;
#2078 = CARTESIAN_POINT ( 'NONE',  ( -0.6404034295841218860, -4.949999999999999289, 0.8541678627429052373 ) ) ;
#2079 = FILL_AREA_STYLE ('',( #2060 ) ) ;
#2080 = SURFACE_SIDE_STYLE ('',( #2119 ) ) ;
#2081 = CARTESIAN_POINT ( 'NONE',  ( -1.191865441711353890, -4.949999999999999289, 1.453624033977423791 ) ) ;
#2082 = ORIENTED_EDGE ( 'NONE', *, *, #3733, .T. ) ;
#2083 = CARTESIAN_POINT ( 'NONE',  ( -1.184119681536445645, -4.900000000000000355, 1.301316311214139931 ) ) ;
#2084 = CARTESIAN_POINT ( 'NONE',  ( -0.7673332367417186051, -4.899999999999999467, 2.216475040104009420 ) ) ;
#2085 =( LENGTH_UNIT ( ) NAMED_UNIT ( * ) SI_UNIT ( .MILLI., .METRE. ) );
#2086 = CARTESIAN_POINT ( 'NONE',  ( -0.2055288339361273364, -4.950000000000001066, 4.042636362067712597 ) ) ;
#2087 = VERTEX_POINT ( 'NONE', #2158 ) ;
#2088 = ORIENTED_EDGE ( 'NONE', *, *, #1215, .F. ) ;
#2089 = CARTESIAN_POINT ( 'NONE',  ( -0.5999999999999998668, -4.948749999999995097, 6.801000000000001933 ) ) ;
#2090 = FILL_AREA_STYLE ('',( #258 ) ) ;
#2091 = CARTESIAN_POINT ( 'NONE',  ( -2.000000000000000000, -2.449999999999992184, 8.800000000000000711 ) ) ;
#2092 = B_SPLINE_CURVE_WITH_KNOTS ( 'NONE', 3,
 ( #126, #2545, #3755, #1343, #398, #2809, #1309, #418, #69, #3776, #706, #3462, #2567, #3174, #1920, #446, #2831, #1038, #3796 ),
 .UNSPECIFIED., .F., .F.,
 ( 4, 1, 1, 1, 1, 1, 1, 1, 1, 1, 1, 1, 1, 1, 1, 1, 4 ),
 ( 0.000000000000000000, 0.06105491174328313980, 0.1195453450847437094, 0.1768063562451034632, 0.2329564830316853408, 0.2885834899465033465, 0.3446666617213002826, 0.4016615108374462784, 0.4605400973082779958, 0.5204770623221881554, 0.5812128653554006208, 0.6434307597220103592, 0.7079608695212424863, 0.7753707435336738563, 0.8464136772813298792, 0.9211518871893693561, 1.000000000000000000 ),
 .UNSPECIFIED. ) ;
#2093 = DIRECTION ( 'NONE',  ( 0.000000000000000000, 0.000000000000000000, 1.000000000000000000 ) ) ;
#2094 = CARTESIAN_POINT ( 'NONE',  ( -1.173146694949831703, -4.950000000000000178, 1.243226521500661264 ) ) ;
#2095 = FILL_AREA_STYLE_COLOUR ( '', #557 ) ;
#2096 = EDGE_CURVE ( 'NONE', #3004, #1281, #2524, .T. ) ;
#2097 =( NAMED_UNIT ( * ) PLANE_ANGLE_UNIT ( ) SI_UNIT ( $, .RADIAN. ) );
#2098 = DIRECTION ( 'NONE',  ( -0.000000000000000000, -0.000000000000000000, -1.000000000000000000 ) ) ;
#2099 = FACE_OUTER_BOUND ( 'NONE', #1584, .T. ) ;
#2100 = SURFACE_SIDE_STYLE ('',( #2712 ) ) ;
#2101 = EDGE_CURVE ( 'NONE', #3869, #141, #1918, .T. ) ;
#2102 = ORIENTED_EDGE ( 'NONE', *, *, #3283, .F. ) ;
#2103 = CARTESIAN_POINT ( 'NONE',  ( -0.4291446019956375313, -4.949999999999998401, 1.971233929658173123 ) ) ;
#2104 = CARTESIAN_POINT ( 'NONE',  ( -0.6744707603935745643, -4.950000000000001066, 2.217935043699853281 ) ) ;
#2105 = CARTESIAN_POINT ( 'NONE',  ( 0.02746762118361144311, -4.949999999999999289, 4.271529861945059459 ) ) ;
#2106 = LINE ( 'NONE', #2463, #3319 ) ;
#2107 = MECHANICAL_DESIGN_GEOMETRIC_PRESENTATION_REPRESENTATION (  '', ( #2284 ), #394 ) ;
#2108 = CARTESIAN_POINT ( 'NONE',  ( 0.1679487179487177406, -4.900000000000000355, 2.918999999999999595 ) ) ;
#2109 = CARTESIAN_POINT ( 'NONE',  ( -0.01602392080885735662, -4.899999999999999467, 1.182566826308319996 ) ) ;
#2110 = DIRECTION ( 'NONE',  ( 0.000000000000000000, 0.000000000000000000, -1.000000000000000000 ) ) ;
#2111 = COLOUR_RGB ( '',1.000000000000000000, 1.000000000000000000, 1.000000000000000000 ) ;
#2112 = VECTOR ( 'NONE', #2710, 1000.000000000000000 ) ;
#2113 = UNCERTAINTY_MEASURE_WITH_UNIT (LENGTH_MEASURE( 1.000000000000000082E-05 ), #744, 'distance_accuracy_value', 'NONE');
#2114 = VECTOR ( 'NONE', #3285, 1000.000000000000000 ) ;
#2115 = CARTESIAN_POINT ( 'NONE',  ( 0.5999999999999998668, -4.948749999999995097, 6.801000000000001933 ) ) ;
#2116 = VECTOR ( 'NONE', #2383, 1000.000000000000000 ) ;
#2117 = DIRECTION ( 'NONE',  ( -0.5403350958123747105, 0.000000000000000000, 0.8414499297245391363 ) ) ;
#2118 = DIRECTION ( 'NONE',  ( -1.000000000000000000, 0.000000000000000000, 0.000000000000000000 ) ) ;
#2119 = SURFACE_STYLE_FILL_AREA ( #817 ) ;
#2120 = VECTOR ( 'NONE', #2118, 1000.000000000000000 ) ;
#2121 = EDGE_CURVE ( 'NONE', #3675, #2216, #1622, .T. ) ;
#2122 = CARTESIAN_POINT ( 'NONE',  ( -1.156824142783870135, -4.900000000000000355, 1.711481831248793828 ) ) ;
#2123 = STYLED_ITEM ( 'NONE', ( #2445 ), #2601 ) ;
#2124 = VERTEX_POINT ( 'NONE', #2846 ) ;
#2125 = VERTEX_POINT ( 'NONE', #960 ) ;
#2126 = CARTESIAN_POINT ( 'NONE',  ( 0.4723076923076924283, -4.900000000000000355, 1.818290865384615707 ) ) ;
#2127 = CARTESIAN_POINT ( 'NONE',  ( -1.355374500648916625, -4.900000000000001243, 1.758671575626935102 ) ) ;
#2128 = EDGE_CURVE ( 'NONE', #1184, #1857, #108, .T. ) ;
#2129 = CARTESIAN_POINT ( 'NONE',  ( -0.3346153846153847589, -4.950000000000000178, 3.968999999999999417 ) ) ;
#2130 = ORIENTED_EDGE ( 'NONE', *, *, #1334, .T. ) ;
#2131 = VERTEX_POINT ( 'NONE', #3369 ) ;
#2132 = CARTESIAN_POINT ( 'NONE',  ( -1.296593851760313498, -4.900000000000001243, 1.015235199362890750 ) ) ;
#2133 = SURFACE_STYLE_FILL_AREA ( #2090 ) ;
#2134 = UNCERTAINTY_MEASURE_WITH_UNIT (LENGTH_MEASURE( 1.000000000000000082E-05 ), #2827, 'distance_accuracy_value', 'NONE');
#2135 = AXIS2_PLACEMENT_3D ( 'NONE', #600, #3383, #3621 ) ;
#2136 = CARTESIAN_POINT ( 'NONE',  ( -0.4601480857409359637, -4.950000000000000178, 0.7150305743888143439 ) ) ;
#2137 = VECTOR ( 'NONE', #979, 1000.000000000000000 ) ;
#2138 = CARTESIAN_POINT ( 'NONE',  ( -0.5999999999999998668, -2.449999999999992184, 8.001000000000001222 ) ) ;
#2139 = LINE ( 'NONE', #2417, #1982 ) ;
#2140 = ORIENTED_EDGE ( 'NONE', *, *, #2193, .F. ) ;
#2141 = ORIENTED_EDGE ( 'NONE', *, *, #1363, .F. ) ;
#2142 = CARTESIAN_POINT ( 'NONE',  ( -0.4890329443928450037, -4.949999999999999289, 2.003672123932434435 ) ) ;
#2143 =( NAMED_UNIT ( * ) PLANE_ANGLE_UNIT ( ) SI_UNIT ( $, .RADIAN. ) );
#2144 = CARTESIAN_POINT ( 'NONE',  ( 0.05240384615384601624, -4.950000000000001066, 4.319000000000000838 ) ) ;
#2145 = ORIENTED_EDGE ( 'NONE', *, *, #2768, .F. ) ;
#2146 = FACE_OUTER_BOUND ( 'NONE', #1557, .T. ) ;
#2147 = ADVANCED_FACE ( 'NONE', ( #1559 ), #3393, .F. ) ;
#2148 = CARTESIAN_POINT ( 'NONE',  ( 2.000000000000000000, -4.950000000000000178, 8.800000000000000711 ) ) ;
#2149 = CARTESIAN_POINT ( 'NONE',  ( -0.2055288339361273364, -4.900000000000001243, 4.042636362067712597 ) ) ;
#2150 = CARTESIAN_POINT ( 'NONE',  ( -0.2999999999999999334, 3.709999999999999964, -0.001000000000000132727 ) ) ;
#2151 = ADVANCED_FACE ( 'NONE', ( #353 ), #2788, .T. ) ;
#2152 = UNCERTAINTY_MEASURE_WITH_UNIT (LENGTH_MEASURE( 1.000000000000000082E-05 ), #3516, 'distance_accuracy_value', 'NONE');
#2153 = CARTESIAN_POINT ( 'NONE',  ( -1.172894682782809506, -4.949999999999999289, 1.648624152813545019 ) ) ;
#2154 = FILL_AREA_STYLE ('',( #1896 ) ) ;
#2155 = ORIENTED_EDGE ( 'NONE', *, *, #2171, .F. ) ;
#2156 = CARTESIAN_POINT ( 'NONE',  ( -1.173146694949831703, -4.900000000000000355, 1.243226521500661264 ) ) ;
#2157 = CARTESIAN_POINT ( 'NONE',  ( -0.2067999222272239868, -4.899999999999999467, 1.616612929034543455 ) ) ;
#2158 = CARTESIAN_POINT ( 'NONE',  ( 2.000000000000000000, 4.950000000000000178, 8.300000000000000711 ) ) ;
#2159 = DIRECTION ( 'NONE',  ( 0.000000000000000000, 0.000000000000000000, -1.000000000000000000 ) ) ;
#2160 = VERTEX_POINT ( 'NONE', #1600 ) ;
#2161 = ORIENTED_EDGE ( 'NONE', *, *, #104, .F. ) ;
#2162 =( NAMED_UNIT ( * ) SI_UNIT ( $, .STERADIAN. ) SOLID_ANGLE_UNIT ( ) );
#2163 = EDGE_LOOP ( 'NONE', ( #2283, #3325, #1094, #1014, #2653, #1543 ) ) ;
#2164 = DIRECTION ( 'NONE',  ( -0.000000000000000000, 0.7808688094430309423, 0.6246950475544235104 ) ) ;
#2165 = CARTESIAN_POINT ( 'NONE',  ( -0.3346153846153847589, -4.900000000000000355, 3.968999999999999417 ) ) ;
#2166 = CARTESIAN_POINT ( 'NONE',  ( -0.2002838143718241870, -4.899999999999999467, 1.576452033225398619 ) ) ;
#2167 = UNCERTAINTY_MEASURE_WITH_UNIT (LENGTH_MEASURE( 1.000000000000000082E-05 ), #1374, 'distance_accuracy_value', 'NONE');
#2168 = EDGE_CURVE ( 'NONE', #2063, #2124, #2017, .T. ) ;
#2169 = STYLED_ITEM ( 'NONE', ( #1268 ), #376 ) ;
#2170 = PRESENTATION_LAYER_ASSIGNMENT (  '', '', ( #3127 ) ) ;
#2171 = EDGE_CURVE ( 'NONE', #1383, #71, #2268, .T. ) ;
#2172 = CARTESIAN_POINT ( 'NONE',  ( -1.110504819028437673, -4.950000000000000178, 1.819323381091136227 ) ) ;
#2173 = STYLED_ITEM ( 'NONE', ( #2807 ), #1390 ) ;
#2174 = FILL_AREA_STYLE ('',( #3365 ) ) ;
#2175 = ORIENTED_EDGE ( 'NONE', *, *, #1141, .T. ) ;
#2176 = CARTESIAN_POINT ( 'NONE',  ( -0.2796393513217476090, -4.950000000000001954, 2.094485036526637867 ) ) ;
#2177 = CARTESIAN_POINT ( 'NONE',  ( -0.2055288339361273364, -4.900000000000001243, 4.042636362067712597 ) ) ;
#2178 = SURFACE_SIDE_STYLE ('',( #961 ) ) ;
#2179 = ORIENTED_EDGE ( 'NONE', *, *, #518, .F. ) ;
#2180 = VERTEX_POINT ( 'NONE', #467 ) ;
#2181 = VECTOR ( 'NONE', #3242, 1000.000000000000000 ) ;
#2182 = CARTESIAN_POINT ( 'NONE',  ( 0.5999999999999998668, -2.449999999999992184, 8.001000000000001222 ) ) ;
#2183 = VERTEX_POINT ( 'NONE', #2311 ) ;
#2184 = CARTESIAN_POINT ( 'NONE',  ( 0.4843269230769232658, -4.950000000000000178, 2.199000000000000288 ) ) ;
#2185 = CARTESIAN_POINT ( 'NONE',  ( -1.499999999999999556, -1.699999999999999956, 8.800000000000000711 ) ) ;
#2186 = CARTESIAN_POINT ( 'NONE',  ( -0.6782796767986337683, -4.900000000000000355, 2.044892056323907248 ) ) ;
#2187 = CARTESIAN_POINT ( 'NONE',  ( -0.6923076923076922906, -4.950000000000001066, 0.6797692307692310143 ) ) ;
#2188 = CARTESIAN_POINT ( 'NONE',  ( -0.5911197763822019224, -4.900000000000000355, 2.212879541608050449 ) ) ;
#2189 = ORIENTED_EDGE ( 'NONE', *, *, #1732, .F. ) ;
#2190 = EDGE_CURVE ( 'NONE', #293, #512, #3460, .T. ) ;
#2191 = LINE ( 'NONE', #1631, #1025 ) ;
#2192 =( GEOMETRIC_REPRESENTATION_CONTEXT ( 3 ) GLOBAL_UNCERTAINTY_ASSIGNED_CONTEXT ( ( #336 ) ) GLOBAL_UNIT_ASSIGNED_CONTEXT ( ( #2085, #2748, #1761 ) ) REPRESENTATION_CONTEXT ( 'NONE', 'WORKASPACE' ) );
#2193 = EDGE_CURVE ( 'NONE', #2849, #3287, #2287, .T. ) ;
#2194 = COLOUR_RGB ( '',1.000000000000000000, 1.000000000000000000, 1.000000000000000000 ) ;
#2195 = LINE ( 'NONE', #621, #1376 ) ;
#2196 = SURFACE_SIDE_STYLE ('',( #699 ) ) ;
#2197 = EDGE_LOOP ( 'NONE', ( #415, #2679, #1713, #3782 ) ) ;
#2198 = AXIS2_PLACEMENT_3D ( 'NONE', #1393, #1668, #1950 ) ;
#2199 = CARTESIAN_POINT ( 'NONE',  ( -0.01153846153846170217, -4.900000000000000355, 2.918999999999999595 ) ) ;
#2200 =( NAMED_UNIT ( * ) SI_UNIT ( $, .STERADIAN. ) SOLID_ANGLE_UNIT ( ) );
#2201 = ORIENTED_EDGE ( 'NONE', *, *, #1800, .F. ) ;
#2202 = ORIENTED_EDGE ( 'NONE', *, *, #2540, .F. ) ;
#2203 =( NAMED_UNIT ( * ) PLANE_ANGLE_UNIT ( ) SI_UNIT ( $, .RADIAN. ) );
#2204 = FACE_OUTER_BOUND ( 'NONE', #1727, .T. ) ;
#2205 = CARTESIAN_POINT ( 'NONE',  ( -0.2858917288176912042, -4.900000000000000355, 1.826175808758482511 ) ) ;
#2206 = LINE ( 'NONE', #3726, #1979 ) ;
#2207 = UNCERTAINTY_MEASURE_WITH_UNIT (LENGTH_MEASURE( 1.000000000000000082E-05 ), #2379, 'distance_accuracy_value', 'NONE');
#2208 = PRESENTATION_STYLE_ASSIGNMENT (( #135 ) ) ;
#2209 = EDGE_LOOP ( 'NONE', ( #2811, #3479, #3057, #2346 ) ) ;
#2210 = CARTESIAN_POINT ( 'NONE',  ( 0.4843269230769232658, -4.900000000000000355, 2.199000000000000288 ) ) ;
#2211 = LINE ( 'NONE', #58, #1041 ) ;
#2212 = EDGE_CURVE ( 'NONE', #1373, #3869, #3154, .T. ) ;
#2213 = EDGE_LOOP ( 'NONE', ( #3849, #362, #93, #796 ) ) ;
#2214 = CARTESIAN_POINT ( 'NONE',  ( -0.2530319179765325166, -4.950000000000000178, 3.840571802289067360 ) ) ;
#2215 = EDGE_CURVE ( 'NONE', #2183, #2367, #2563, .T. ) ;
#2216 = VERTEX_POINT ( 'NONE', #1381 ) ;
#2217 = CARTESIAN_POINT ( 'NONE',  ( -0.2000000000000005107, 3.910000000000000142, -3.850000000000000089 ) ) ;
#2218 = CARTESIAN_POINT ( 'NONE',  ( -0.5971619700326701308, -4.949999999999993960, 0.6849298835978874234 ) ) ;
#2219 = LINE ( 'NONE', #1567, #3322 ) ;
#2220 = FILL_AREA_STYLE ('',( #3126 ) ) ;
#2221 = CARTESIAN_POINT ( 'NONE',  ( -0.001707874553821069801, -4.950000000000000178, 1.657598385937758989 ) ) ;
#2222 = DIRECTION ( 'NONE',  ( 1.000000000000000000, 0.000000000000000000, -0.000000000000000000 ) ) ;
#2223 = CARTESIAN_POINT ( 'NONE',  ( 1.749999999999999778, 1.699999999999999956, 3.300000000000000266 ) ) ;
#2224 = VECTOR ( 'NONE', #3371, 1000.000000000000000 ) ;
#2225 = CARTESIAN_POINT ( 'NONE',  ( -0.4936988061043287579, -4.949999999999999289, 0.8905561488572149020 ) ) ;
#2226 =( LENGTH_UNIT ( ) NAMED_UNIT ( * ) SI_UNIT ( .MILLI., .METRE. ) );
#2227 = AXIS2_PLACEMENT_3D ( 'NONE', #1996, #1671, #3517 ) ;
#2228 = ORIENTED_EDGE ( 'NONE', *, *, #566, .F. ) ;
#2229 = CARTESIAN_POINT ( 'NONE',  ( -0.07966283557106725033, -4.950000000000001066, 3.949947488484732538 ) ) ;
#2230 = AXIS2_PLACEMENT_3D ( 'NONE', #902, #3925, #1122 ) ;
#2231 = CARTESIAN_POINT ( 'NONE',  ( -0.5999999999999998668, -3.448749999999992433, 8.001000000000001222 ) ) ;
#2232 = MECHANICAL_DESIGN_GEOMETRIC_PRESENTATION_REPRESENTATION (  '', ( #1415 ), #3387 ) ;
#2233 = ORIENTED_EDGE ( 'NONE', *, *, #2259, .T. ) ;
#2234 = ADVANCED_FACE ( 'NONE', ( #2931 ), #208, .F. ) ;
#2235 = CARTESIAN_POINT ( 'NONE',  ( -0.4890329443928450037, -4.899999999999999467, 2.003672123932434435 ) ) ;
#2236 = UNCERTAINTY_MEASURE_WITH_UNIT (LENGTH_MEASURE( 1.000000000000000082E-05 ), #1253, 'distance_accuracy_value', 'NONE');
#2237 = CARTESIAN_POINT ( 'NONE',  ( -1.296593851760313498, -4.950000000000001066, 1.015235199362890750 ) ) ;
#2238 = PRESENTATION_LAYER_ASSIGNMENT (  '', '', ( #1415 ) ) ;
#2239 = CARTESIAN_POINT ( 'NONE',  ( -0.5426772450179656593, -4.949999999999998401, 2.204904498942947821 ) ) ;
#2240 = ORIENTED_EDGE ( 'NONE', *, *, #371, .T. ) ;
#2241 = AXIS2_PLACEMENT_3D ( 'NONE', #2390, #887, #2110 ) ;
#2242 =( LENGTH_UNIT ( ) NAMED_UNIT ( * ) SI_UNIT ( .MILLI., .METRE. ) );
#2243 = CARTESIAN_POINT ( 'NONE',  ( -0.1434541315651164384, -4.950000000000000178, 1.966553162418226197 ) ) ;
#2244 = CARTESIAN_POINT ( 'NONE',  ( -0.3325704845232404505, -4.950000000000000178, 1.007435018825326933 ) ) ;
#2246 = ORIENTED_EDGE ( 'NONE', *, *, #3472, .T. ) ;
#2245 = CARTESIAN_POINT ( 'NONE',  ( -1.145690265083634696, -4.900000000000000355, 0.8358340810019976308 ) ) ;
#2247 = ORIENTED_EDGE ( 'NONE', *, *, #3239, .F. ) ;
#2248 = STYLED_ITEM ( 'NONE', ( #3563 ), #2340 ) ;
#2249 = CARTESIAN_POINT ( 'NONE',  ( -1.327449009266725710, -4.950000000000000178, 1.828965873934041086 ) ) ;
#2250 =( NAMED_UNIT ( * ) SI_UNIT ( $, .STERADIAN. ) SOLID_ANGLE_UNIT ( ) );
#2251 = SURFACE_STYLE_FILL_AREA ( #109 ) ;
#2252 = SURFACE_SIDE_STYLE ('',( #92 ) ) ;
#2253 = ORIENTED_EDGE ( 'NONE', *, *, #2719, .T. ) ;
#2254 = DIRECTION ( 'NONE',  ( -0.9653633930282671249, -0.000000000000000000, -0.2609090251427717555 ) ) ;
#2255 = LINE ( 'NONE', #727, #712 ) ;
#2256 = CARTESIAN_POINT ( 'NONE',  ( -1.403846153846153966, -4.900000000000000355, 1.429168269230769450 ) ) ;
#2257 = CARTESIAN_POINT ( 'NONE',  ( -0.7452239967526446129, -4.949999999999999289, 0.8541508385696097161 ) ) ;
#2258 = ORIENTED_EDGE ( 'NONE', *, *, #778, .F. ) ;
#2259 = EDGE_CURVE ( 'NONE', #112, #611, #3518, .T. ) ;
#2260 = CARTESIAN_POINT ( 'NONE',  ( -0.6762739832631198267, -4.900000000000000355, 0.6800828627205967036 ) ) ;
#2261 = FILL_AREA_STYLE ('',( #388 ) ) ;
#2262 = ADVANCED_FACE ( 'NONE', ( #3477 ), #483, .F. ) ;
#2263 = FILL_AREA_STYLE ('',( #352 ) ) ;
#2264 = CARTESIAN_POINT ( 'NONE',  ( -0.5891036786836693073, -4.949999999999998401, 0.8614911973693710756 ) ) ;
#2266 = VERTEX_POINT ( 'NONE', #2859 ) ;
#2265 = CARTESIAN_POINT ( 'NONE',  ( -1.371002818820657998, -4.899999999999999467, 1.192276586425710994 ) ) ;
#2267 =( NAMED_UNIT ( * ) SI_UNIT ( $, .STERADIAN. ) SOLID_ANGLE_UNIT ( ) );
#2268 = LINE ( 'NONE', #144, #3856 ) ;
#2269 = EDGE_LOOP ( 'NONE', ( #3291, #1814, #3292, #2546 ) ) ;
#2270 = CARTESIAN_POINT ( 'NONE',  ( -0.2002838143718241870, -4.949999999999999289, 1.576452033225398619 ) ) ;
#2271 = FILL_AREA_STYLE ('',( #1676 ) ) ;
#2272 = CARTESIAN_POINT ( 'NONE',  ( -0.04335328064945491444, -4.899999999999998579, 3.979264034030742359 ) ) ;
#2273 = UNCERTAINTY_MEASURE_WITH_UNIT (LENGTH_MEASURE( 1.000000000000000082E-05 ), #989, 'distance_accuracy_value', 'NONE');
#2274 = CARTESIAN_POINT ( 'NONE',  ( -0.9337344442310135939, -4.950000000000001066, 0.9122370282363596594 ) ) ;
#2275 = ORIENTED_EDGE ( 'NONE', *, *, #3299, .F. ) ;
#2276 = DIRECTION ( 'NONE',  ( -0.000000000000000000, 0.000000000000000000, -1.000000000000000000 ) ) ;
#2277 = DIRECTION ( 'NONE',  ( -0.000000000000000000, 1.000000000000000000, -0.000000000000000000 ) ) ;
#2278 = EDGE_CURVE ( 'NONE', #1835, #3035, #1098, .T. ) ;
#2279 = CARTESIAN_POINT ( 'NONE',  ( -0.4009889179873256659, -4.949999999999999289, 1.951816555120263530 ) ) ;
#2280 = EDGE_CURVE ( 'NONE', #1316, #2051, #444, .T. ) ;
#2281 = CARTESIAN_POINT ( 'NONE',  ( -0.2000581896817733019, -4.900000000000001243, 1.314730799022110430 ) ) ;
#2283 = ORIENTED_EDGE ( 'NONE', *, *, #2565, .F. ) ;
#2282 = DIRECTION ( 'NONE',  ( 1.000000000000000000, 0.000000000000000000, 0.000000000000000000 ) ) ;
#2284 = STYLED_ITEM ( 'NONE', ( #294 ), #562 ) ;
#2285 = CARTESIAN_POINT ( 'NONE',  ( -0.2530319179765325166, -4.950000000000000178, 3.840571802289067360 ) ) ;
#2286 = CARTESIAN_POINT ( 'NONE',  ( 0.000000000000000000, 4.450000000000001066, 8.300000000000000711 ) ) ;
#2287 = LINE ( 'NONE', #1055, #1551 ) ;
#2288 =( GEOMETRIC_REPRESENTATION_CONTEXT ( 3 ) GLOBAL_UNCERTAINTY_ASSIGNED_CONTEXT ( ( #2888 ) ) GLOBAL_UNIT_ASSIGNED_CONTEXT ( ( #3315, #3934, #2738 ) ) REPRESENTATION_CONTEXT ( 'NONE', 'WORKASPACE' ) );
#2289 = MECHANICAL_DESIGN_GEOMETRIC_PRESENTATION_REPRESENTATION (  '', ( #3374 ), #3835 ) ;
#2290 =( GEOMETRIC_REPRESENTATION_CONTEXT ( 3 ) GLOBAL_UNCERTAINTY_ASSIGNED_CONTEXT ( ( #764 ) ) GLOBAL_UNIT_ASSIGNED_CONTEXT ( ( #3053, #2143, #1971 ) ) REPRESENTATION_CONTEXT ( 'NONE', 'WORKASPACE' ) );
#2291 = VERTEX_POINT ( 'NONE', #2909 ) ;
#2292 = CARTESIAN_POINT ( 'NONE',  ( -0.9773121412021514853, -4.949999999999999289, 2.167288308334214708 ) ) ;
#2293 = CARTESIAN_POINT ( 'NONE',  ( -1.184001436049515465, -4.900000000000000355, 1.579932539369864664 ) ) ;
#2294 = CARTESIAN_POINT ( 'NONE',  ( 0.01444674375028893662, -4.900000000000000355, 1.554739873201401057 ) ) ;
#2295 = SURFACE_STYLE_FILL_AREA ( #3845 ) ;
#2296 = STYLED_ITEM ( 'NONE', ( #1555 ), #3384 ) ;
#2297 = SURFACE_SIDE_STYLE ('',( #3890 ) ) ;
#2298 = DIRECTION ( 'NONE',  ( 0.000000000000000000, 1.000000000000000000, 0.000000000000000000 ) ) ;
#2299 =( LENGTH_UNIT ( ) NAMED_UNIT ( * ) SI_UNIT ( .MILLI., .METRE. ) );
#2300 = MECHANICAL_DESIGN_GEOMETRIC_PRESENTATION_REPRESENTATION (  '', ( #3574 ), #1095 ) ;
#2301 = EDGE_CURVE ( 'NONE', #759, #278, #3839, .T. ) ;
#2302 = MECHANICAL_DESIGN_GEOMETRIC_PRESENTATION_REPRESENTATION (  '', ( #598 ), #342 ) ;
#2303 = EDGE_LOOP ( 'NONE', ( #2713, #1937, #648, #3334, #1009, #707 ) ) ;
#2304 = CARTESIAN_POINT ( 'NONE',  ( 0.01412272862817933253, -4.950000000000000178, 1.336745568844278420 ) ) ;
#2305 = SURFACE_SIDE_STYLE ('',( #755 ) ) ;
#2307 = ORIENTED_EDGE ( 'NONE', *, *, #2280, .F. ) ;
#2306 = SURFACE_STYLE_FILL_AREA ( #181 ) ;
#2308 = VECTOR ( 'NONE', #943, 1000.000000000000000 ) ;
#2309 = EDGE_CURVE ( 'NONE', #1308, #2125, #3191, .T. ) ;
#2310 = FILL_AREA_STYLE ('',( #1072 ) ) ;
#2311 = CARTESIAN_POINT ( 'NONE',  ( 0.2000000000000005107, 3.910000000000000142, -3.850000000000000089 ) ) ;
#2312 = CARTESIAN_POINT ( 'NONE',  ( -0.8364650200922034706, -4.900000000000000355, 2.025847709339410940 ) ) ;
#2313 = PRESENTATION_LAYER_ASSIGNMENT (  '', '', ( #1239 ) ) ;
#2314 = ORIENTED_EDGE ( 'NONE', *, *, #1023, .F. ) ;
#2315 = CARTESIAN_POINT ( 'NONE',  ( -0.1924354135753512940, -4.950000000000000178, 1.462929136100723948 ) ) ;
#2316 = DIRECTION ( 'NONE',  ( -0.000000000000000000, -0.000000000000000000, 1.000000000000000000 ) ) ;
#2317 = STYLED_ITEM ( 'NONE', ( #3682 ), #78 ) ;
#2318 = CARTESIAN_POINT ( 'NONE',  ( -0.1644053342259345629, -4.900000000000001243, 3.891661015591276751 ) ) ;
#2319 = CARTESIAN_POINT ( 'NONE',  ( -1.184119681536445645, -4.900000000000000355, 1.301316311214139931 ) ) ;
#2320 = EDGE_LOOP ( 'NONE', ( #999, #2161, #3549, #629 ) ) ;
#2321 = DIRECTION ( 'NONE',  ( -0.000000000000000000, 0.000000000000000000, 1.000000000000000000 ) ) ;
#2322 = EDGE_LOOP ( 'NONE', ( #2020, #3866, #3791, #401 ) ) ;
#2323 = CARTESIAN_POINT ( 'NONE',  ( 0.01888965450882581359, -4.949999999999999289, 1.464930426956593701 ) ) ;
#2324 = CARTESIAN_POINT ( 'NONE',  ( -0.3731404625853782520, -4.899999999999999467, 0.7497900611920680358 ) ) ;
#2325 = DIRECTION ( 'NONE',  ( -0.000000000000000000, 0.000000000000000000, 1.000000000000000000 ) ) ;
#2326 = VECTOR ( 'NONE', #2906, 1000.000000000000000 ) ;
#2327 = SURFACE_STYLE_FILL_AREA ( #1685 ) ;
#2328 = CARTESIAN_POINT ( 'NONE',  ( -0.1818780215232961017, -4.949999999999999289, 0.8845506753633941566 ) ) ;
#2329 = DIRECTION ( 'NONE',  ( -1.000000000000000000, 0.000000000000000000, 0.000000000000000000 ) ) ;
#2330 = DIRECTION ( 'NONE',  ( -0.2609090251427717555, 0.000000000000000000, -0.9653633930282671249 ) ) ;
#2331 = CARTESIAN_POINT ( 'NONE',  ( -0.1644053342259345629, -4.900000000000001243, 3.891661015591276751 ) ) ;
#2332 = DIRECTION ( 'NONE',  ( 1.000000000000000000, -0.000000000000000000, 0.000000000000000000 ) ) ;
#2333 =( NAMED_UNIT ( * ) SI_UNIT ( $, .STERADIAN. ) SOLID_ANGLE_UNIT ( ) );
#2334 = ADVANCED_FACE ( 'NONE', ( #2099 ), #564, .T. ) ;
#2335 = SURFACE_SIDE_STYLE ('',( #2251 ) ) ;
#2336 = SHAPE_DEFINITION_REPRESENTATION ( #3611, #2425 ) ;
#2337 = VERTEX_POINT ( 'NONE', #526 ) ;
#2338 = CARTESIAN_POINT ( 'NONE',  ( -1.403324811568193775, -4.949999999999997513, 1.459241976356671744 ) ) ;
#2339 = CARTESIAN_POINT ( 'NONE',  ( -0.6932091346153846922, -4.949999999999999289, 0.8528461538461540314 ) ) ;
#2340 = ADVANCED_FACE ( 'NONE', ( #251 ), #291, .T. ) ;
#2341 = CARTESIAN_POINT ( 'NONE',  ( -1.192307692307692291, -4.950000000000000178, 1.426764423076923416 ) ) ;
#2342 = ORIENTED_EDGE ( 'NONE', *, *, #1778, .T. ) ;
#2343 = ORIENTED_EDGE ( 'NONE', *, *, #874, .F. ) ;
#2344 = COLOUR_RGB ( '',1.000000000000000000, 0.8705882352941176627, 0.5254901960784313930 ) ;
#2345 = CARTESIAN_POINT ( 'NONE',  ( 1.414615384615384830, -4.900000000000000355, 2.199000000000000288 ) ) ;
#2346 = ORIENTED_EDGE ( 'NONE', *, *, #3648, .T. ) ;
#2347 = CARTESIAN_POINT ( 'NONE',  ( -1.068087001095572530, -4.900000000000000355, 0.7804983013033462980 ) ) ;
#2349 = ORIENTED_EDGE ( 'NONE', *, *, #3472, .F. ) ;
#2348 = CARTESIAN_POINT ( 'NONE',  ( 0.4723076923076924283, -4.950000000000000178, 1.818290865384615707 ) ) ;
#2350 = FACE_OUTER_BOUND ( 'NONE', #3714, .T. ) ;
#2351 = CARTESIAN_POINT ( 'NONE',  ( -0.4890329443928450037, -4.949999999999998401, 2.003672123932434435 ) ) ;
#2352 = LINE ( 'NONE', #634, #1595 ) ;
#2353 = PRESENTATION_STYLE_ASSIGNMENT (( #3534 ) ) ;
#2354 = DIRECTION ( 'NONE',  ( -0.000000000000000000, 0.000000000000000000, -1.000000000000000000 ) ) ;
#2355 = DIRECTION ( 'NONE',  ( -0.000000000000000000, 0.7808688094430309423, 0.6246950475544235104 ) ) ;
#2356 = PLANE ( 'NONE',  #2627 ) ;
#2357 = PRESENTATION_LAYER_ASSIGNMENT (  '', '', ( #1449 ) ) ;
#2358 = ORIENTED_EDGE ( 'NONE', *, *, #274, .F. ) ;
#2359 = VECTOR ( 'NONE', #592, 1000.000000000000000 ) ;
#2360 = CARTESIAN_POINT ( 'NONE',  ( -1.206133276256839748, -4.949999999999999289, 2.009547861341816066 ) ) ;
#2361 = PLANE ( 'NONE',  #3706 ) ;
#2362 = CARTESIAN_POINT ( 'NONE',  ( -0.3346153846153847589, -4.900000000000000355, 3.968999999999999417 ) ) ;
#2363 = DIRECTION ( 'NONE',  ( -0.000000000000000000, 1.000000000000000000, 0.000000000000000000 ) ) ;
#2364 = ORIENTED_EDGE ( 'NONE', *, *, #3779, .T. ) ;
#2365 = APPLICATION_CONTEXT ( 'automotive_design' ) ;
#2366 = ADVANCED_FACE ( 'NONE', ( #894 ), #858, .F. ) ;
#2367 = VERTEX_POINT ( 'NONE', #2038 ) ;
#2368 = PRESENTATION_STYLE_ASSIGNMENT (( #1467 ) ) ;
#2369 = CARTESIAN_POINT ( 'NONE',  ( -0.03153944770285193461, -4.949999999999994849, 1.134017246907397025 ) ) ;
#2370 = PLANE ( 'NONE',  #3389 ) ;
#2371 = PRESENTATION_LAYER_ASSIGNMENT (  '', '', ( #2824 ) ) ;
#2372 = COLOUR_RGB ( '',1.000000000000000000, 1.000000000000000000, 1.000000000000000000 ) ;
#2373 = VERTEX_POINT ( 'NONE', #3943 ) ;
#2374 = CARTESIAN_POINT ( 'NONE',  ( 0.2607692307692308642, -4.900000000000000355, 0.6990000000000001767 ) ) ;
#2375 = DIRECTION ( 'NONE',  ( 0.000000000000000000, 1.000000000000000000, 0.000000000000000000 ) ) ;
#2376 = LINE ( 'NONE', #1155, #2539 ) ;
#2377 = CARTESIAN_POINT ( 'NONE',  ( -0.5999999999999998668, -4.385469253936321365, 6.036469253936330048 ) ) ;
#2378 = CARTESIAN_POINT ( 'NONE',  ( 1.499999999999999556, -1.699999999999999956, 8.800000000000000711 ) ) ;
#2379 =( LENGTH_UNIT ( ) NAMED_UNIT ( * ) SI_UNIT ( .MILLI., .METRE. ) );
#2380 = CARTESIAN_POINT ( 'NONE',  ( -1.080555159036227453, -4.900000000000000355, 1.864617271804272614 ) ) ;
#2381 = EDGE_LOOP ( 'NONE', ( #572, #3494, #3887, #2746 ) ) ;
#2382 = CARTESIAN_POINT ( 'NONE',  ( -1.051015816753664733, -4.900000000000001243, 1.006013512761436912 ) ) ;
#2383 = DIRECTION ( 'NONE',  ( 0.000000000000000000, -0.000000000000000000, 1.000000000000000000 ) ) ;
#2384 = CARTESIAN_POINT ( 'NONE',  ( -0.2679814573006273903, -4.950000000000000178, 4.003316605971173558 ) ) ;
#2385 = ORIENTED_EDGE ( 'NONE', *, *, #1820, .F. ) ;
#2386 = ORIENTED_EDGE ( 'NONE', *, *, #1197, .T. ) ;
#2387 = VECTOR ( 'NONE', #1812, 1000.000000000000000 ) ;
#2388 = CARTESIAN_POINT ( 'NONE',  ( -2.000000000000000000, -4.950000000000000178, 6.799999999999997158 ) ) ;
#2389 = CARTESIAN_POINT ( 'NONE',  ( 0.01412272862817933253, -4.949999999999995737, 1.336745568844278420 ) ) ;
#2390 = CARTESIAN_POINT ( 'NONE',  ( -2.000000000000000000, 4.450000000000001066, 8.300000000000000711 ) ) ;
#2391 = ADVANCED_FACE ( 'NONE', ( #1201 ), #1507, .F. ) ;
#2392 = ORIENTED_EDGE ( 'NONE', *, *, #591, .T. ) ;
#2393 = FILL_AREA_STYLE ('',( #1238 ) ) ;
#2394 = EDGE_CURVE ( 'NONE', #2735, #1242, #3538, .T. ) ;
#2395 = CARTESIAN_POINT ( 'NONE',  ( 0.000000000000000000, 0.000000000000000000, 1.800000000000000488 ) ) ;
#2396 = DIRECTION ( 'NONE',  ( 1.000000000000000000, 0.000000000000000000, 0.000000000000000000 ) ) ;
#2397 = FACE_OUTER_BOUND ( 'NONE', #725, .T. ) ;
#2398 = CARTESIAN_POINT ( 'NONE',  ( -2.500000000000000444, 1.699999999999999956, 1.800000000000000488 ) ) ;
#2399 = VECTOR ( 'NONE', #795, 1000.000000000000000 ) ;
#2400 = VERTEX_POINT ( 'NONE', #1895 ) ;
#2401 = FILL_AREA_STYLE ('',( #1185 ) ) ;
#2402 = CARTESIAN_POINT ( 'NONE',  ( -0.6914062500000000000, -4.950000000000000178, 2.218230769230769006 ) ) ;
#2403 = CARTESIAN_POINT ( 'NONE',  ( -1.209887560015414198, -4.900000000000002132, 0.8977596804433457534 ) ) ;
#2404 = CARTESIAN_POINT ( 'NONE',  ( -2.000000000000000000, -4.950000000000000178, 1.800000000000000488 ) ) ;
#2405 = ORIENTED_EDGE ( 'NONE', *, *, #1120, .T. ) ;
#2406 = CARTESIAN_POINT ( 'NONE',  ( -0.2999999999999999334, 3.910000000000000142, -3.479999999999997762 ) ) ;
#2407 = FACE_BOUND ( 'NONE', #3213, .T. ) ;
#2408 = DIRECTION ( 'NONE',  ( 0.000000000000000000, 0.000000000000000000, -1.000000000000000000 ) ) ;
#2409 =( LENGTH_UNIT ( ) NAMED_UNIT ( * ) SI_UNIT ( .MILLI., .METRE. ) );
#2410 = ADVANCED_FACE ( 'NONE', ( #2 ), #414, .F. ) ;
#2411 = DIRECTION ( 'NONE',  ( 1.000000000000000000, 0.000000000000000000, 0.000000000000000000 ) ) ;
#2412 = CARTESIAN_POINT ( 'NONE',  ( -1.192307692307692291, -4.900000000000000355, 1.426764423076923416 ) ) ;
#2413 = CARTESIAN_POINT ( 'NONE',  ( -0.01153846153846170217, -4.900000000000000355, 2.918999999999999595 ) ) ;
#2414 = EDGE_CURVE ( 'NONE', #917, #3675, #3734, .T. ) ;
#2415 = CARTESIAN_POINT ( 'NONE',  ( -0.7170828614167508164, -4.950000000000000178, 2.217637025471462131 ) ) ;
#2416 = CARTESIAN_POINT ( 'NONE',  ( -0.5999999999999998668, -5.621938507872650703, 4.800000000000000711 ) ) ;
#2417 = CARTESIAN_POINT ( 'NONE',  ( -0.5999999999999998668, -2.449999999999992184, 8.001000000000001222 ) ) ;
#2418 = ORIENTED_EDGE ( 'NONE', *, *, #2458, .F. ) ;
#2419 = ORIENTED_EDGE ( 'NONE', *, *, #2394, .F. ) ;
#2420 = LINE ( 'NONE', #3671, #3060 ) ;
#2421 = PRESENTATION_STYLE_ASSIGNMENT (( #2066 ) ) ;
#2422 = VECTOR ( 'NONE', #3061, 1000.000000000000000 ) ;
#2423 =( LENGTH_UNIT ( ) NAMED_UNIT ( * ) SI_UNIT ( .MILLI., .METRE. ) );
#2424 = VERTEX_POINT ( 'NONE', #681 ) ;
#2425 = ADVANCED_BREP_SHAPE_REPRESENTATION ( 'DS1040-01RT', ( #2601, #3569 ), #1849 ) ;
#2426 = AXIS2_PLACEMENT_3D ( 'NONE', #3081, #2159, #2460 ) ;
#2427 = FACE_OUTER_BOUND ( 'NONE', #672, .T. ) ;
#2428 = CARTESIAN_POINT ( 'NONE',  ( -1.403342463009662255, -4.900000000000001243, 1.380700688350334548 ) ) ;
#2429 = CARTESIAN_POINT ( 'NONE',  ( 0.006776286057893926920, -4.899999999999999467, 1.283912960790513758 ) ) ;
#2430 = VECTOR ( 'NONE', #1127, 1000.000000000000000 ) ;
#2431 = DIRECTION ( 'NONE',  ( 0.000000000000000000, 0.000000000000000000, -1.000000000000000000 ) ) ;
#2432 = PRESENTATION_LAYER_ASSIGNMENT (  '', '', ( #1599 ) ) ;
#2433 = DIRECTION ( 'NONE',  ( -0.000000000000000000, -0.000000000000000000, 1.000000000000000000 ) ) ;
#2434 = CARTESIAN_POINT ( 'NONE',  ( 2.000000000000000000, -4.950000000000000178, 8.800000000000000711 ) ) ;
#2435 = VECTOR ( 'NONE', #2396, 1000.000000000000000 ) ;
#2436 = EDGE_CURVE ( 'NONE', #1323, #3741, #48, .T. ) ;
#2437 = ORIENTED_EDGE ( 'NONE', *, *, #1673, .F. ) ;
#2438 = LINE ( 'NONE', #2771, #889 ) ;
#2439 = CARTESIAN_POINT ( 'NONE',  ( 0.007285345437902050053, -4.950000000000001066, 1.606836291005684147 ) ) ;
#2440 = SURFACE_SIDE_STYLE ('',( #3596 ) ) ;
#2441 = ORIENTED_EDGE ( 'NONE', *, *, #102, .F. ) ;
#2442 = DIRECTION ( 'NONE',  ( 0.000000000000000000, -0.000000000000000000, -1.000000000000000000 ) ) ;
#2443 = CARTESIAN_POINT ( 'NONE',  ( 1.414615384615384830, -4.950000000000000178, 0.6990000000000001767 ) ) ;
#2444 = SURFACE_STYLE_USAGE ( .BOTH. , #886 ) ;
#2445 = PRESENTATION_STYLE_ASSIGNMENT (( #1134 ) ) ;
#2446 = MECHANICAL_DESIGN_GEOMETRIC_PRESENTATION_REPRESENTATION (  '', ( #985 ), #3209 ) ;
#2447 = UNCERTAINTY_MEASURE_WITH_UNIT (LENGTH_MEASURE( 1.000000000000000082E-05 ), #3049, 'distance_accuracy_value', 'NONE');
#2448 = CARTESIAN_POINT ( 'NONE',  ( -0.2999999999999999334, 3.709999999999999964, -3.479999999999997762 ) ) ;
#2449 = CARTESIAN_POINT ( 'NONE',  ( 2.000000000000000000, 4.950000000000000178, -0.001000000000000024307 ) ) ;
#2450 = STYLED_ITEM ( 'NONE', ( #2519 ), #2410 ) ;
#2451 =( GEOMETRIC_REPRESENTATION_CONTEXT ( 3 ) GLOBAL_UNCERTAINTY_ASSIGNED_CONTEXT ( ( #2236 ) ) GLOBAL_UNIT_ASSIGNED_CONTEXT ( ( #1253, #3044, #1274 ) ) REPRESENTATION_CONTEXT ( 'NONE', 'WORKASPACE' ) );
#2452 = PRESENTATION_STYLE_ASSIGNMENT (( #1240 ) ) ;
#2453 = SURFACE_STYLE_FILL_AREA ( #1533 ) ;
#2454 = CARTESIAN_POINT ( 'NONE',  ( -0.5999999999999998668, -3.649999999999991918, 8.001000000000001222 ) ) ;
#2455 = VERTEX_POINT ( 'NONE', #1874 ) ;
#2456 = CARTESIAN_POINT ( 'NONE',  ( -0.6196957528052694508, -4.949999999999999289, 2.041178663534509052 ) ) ;
#2457 = CARTESIAN_POINT ( 'NONE',  ( -0.1960039842771002239, -4.950000000000001066, 1.534903640778916500 ) ) ;
#2458 = EDGE_CURVE ( 'NONE', #2131, #3469, #370, .T. ) ;
#2459 = SURFACE_STYLE_FILL_AREA ( #1881 ) ;
#2460 = DIRECTION ( 'NONE',  ( -1.000000000000000000, 0.000000000000000000, -0.000000000000000000 ) ) ;
#2461 = ORIENTED_EDGE ( 'NONE', *, *, #1778, .F. ) ;
#2462 = ORIENTED_EDGE ( 'NONE', *, *, #1433, .F. ) ;
#2463 = CARTESIAN_POINT ( 'NONE',  ( 0.4843269230769232658, -4.900000000000000355, 2.199000000000000288 ) ) ;
#2464 = CARTESIAN_POINT ( 'NONE',  ( 0.2999999999999998224, 3.709999999999999964, -0.001000000000000132727 ) ) ;
#2465 = CARTESIAN_POINT ( 'NONE',  ( -0.6444524761884077302, -4.900000000000001243, 0.6807053164106005028 ) ) ;
#2466 = EDGE_CURVE ( 'NONE', #2455, #1281, #2211, .T. ) ;
#2467 = CARTESIAN_POINT ( 'NONE',  ( -0.4585127915711822433, -4.900000000000001243, 1.988712626920535964 ) ) ;
#2468 = LINE ( 'NONE', #3878, #1853 ) ;
#2469 = DIRECTION ( 'NONE',  ( 0.000000000000000000, 0.000000000000000000, -1.000000000000000000 ) ) ;
#2470 = CARTESIAN_POINT ( 'NONE',  ( -1.137689747869109480, -4.950000000000000178, 1.137525343762166852 ) ) ;
#2471 = MECHANICAL_DESIGN_GEOMETRIC_PRESENTATION_REPRESENTATION (  '', ( #1131 ), #873 ) ;
#2472 = CARTESIAN_POINT ( 'NONE',  ( -0.2996301550058972918, -4.950000000000001066, 1.048428091609807211 ) ) ;
#2473 = CARTESIAN_POINT ( 'NONE',  ( -1.192307692307692291, -4.950000000000001066, 1.426764423076923416 ) ) ;
#2474 = SURFACE_SIDE_STYLE ('',( #3076 ) ) ;
#2475 = ORIENTED_EDGE ( 'NONE', *, *, #423, .F. ) ;
#2476 = CARTESIAN_POINT ( 'NONE',  ( 1.749999999999999778, 1.699999999999999956, 2.299999999999982059 ) ) ;
#2477 = CARTESIAN_POINT ( 'NONE',  ( -0.2157799456033980823, -4.949999999999999289, 1.655220012804757834 ) ) ;
#2478 = CARTESIAN_POINT ( 'NONE',  ( -0.006156937761283829726, -4.950000000000001066, 4.225479639996301273 ) ) ;
#2479 = LINE ( 'NONE', #1882, #4 ) ;
#2480 = ORIENTED_EDGE ( 'NONE', *, *, #2436, .T. ) ;
#2481 = ORIENTED_EDGE ( 'NONE', *, *, #3266, .T. ) ;
#2482 = EDGE_CURVE ( 'NONE', #1715, #3811, #3712, .T. ) ;
#2483 = DIRECTION ( 'NONE',  ( 0.000000000000000000, -1.000000000000000000, 0.000000000000000000 ) ) ;
#2484 = EDGE_LOOP ( 'NONE', ( #1494, #1605, #1829, #1077 ) ) ;
#2485 = FACE_OUTER_BOUND ( 'NONE', #2515, .T. ) ;
#2486 = CARTESIAN_POINT ( 'NONE',  ( 0.2999999999999999334, 3.910000000000000142, -0.001000000000000132727 ) ) ;
#2487 = UNCERTAINTY_MEASURE_WITH_UNIT (LENGTH_MEASURE( 1.000000000000000082E-05 ), #1798, 'distance_accuracy_value', 'NONE');
#2488 = FACE_OUTER_BOUND ( 'NONE', #741, .T. ) ;
#2489 = PRESENTATION_LAYER_ASSIGNMENT (  '', '', ( #2284 ) ) ;
#2490 = UNCERTAINTY_MEASURE_WITH_UNIT (LENGTH_MEASURE( 1.000000000000000082E-05 ), #3433, 'distance_accuracy_value', 'NONE');
#2491 = LINE ( 'NONE', #3643, #2588 ) ;
#2492 = ORIENTED_EDGE ( 'NONE', *, *, #3189, .T. ) ;
#2493 = VECTOR ( 'NONE', #91, 1000.000000000000114 ) ;
#2494 =( LENGTH_UNIT ( ) NAMED_UNIT ( * ) SI_UNIT ( .MILLI., .METRE. ) );
#2495 = MECHANICAL_DESIGN_GEOMETRIC_PRESENTATION_REPRESENTATION (  '', ( #1845 ), #3068 ) ;
#2496 = VECTOR ( 'NONE', #1924, 1000.000000000000114 ) ;
#2497 = CARTESIAN_POINT ( 'NONE',  ( -0.1933730766634502718, -4.949999999999999289, 1.380142193239525916 ) ) ;
#2498 = CARTESIAN_POINT ( 'NONE',  ( -1.135747210720196465, -4.950000000000001954, 1.768235068570109370 ) ) ;
#2499 = VECTOR ( 'NONE', #2023, 1000.000000000000000 ) ;
#2500 =( NAMED_UNIT ( * ) SI_UNIT ( $, .STERADIAN. ) SOLID_ANGLE_UNIT ( ) );
#2501 = AXIS2_PLACEMENT_3D ( 'NONE', #3397, #724, #111 ) ;
#2502 = ORIENTED_EDGE ( 'NONE', *, *, #1977, .T. ) ;
#2503 = ORIENTED_EDGE ( 'NONE', *, *, #1298, .F. ) ;
#2504 = FILL_AREA_STYLE ('',( #3078 ) ) ;
#2505 = PRESENTATION_LAYER_ASSIGNMENT (  '', '', ( #3071 ) ) ;
#2506 = CARTESIAN_POINT ( 'NONE',  ( -0.2999999999999999334, 3.709999999999999964, -3.479999999999997762 ) ) ;
#2507 = CARTESIAN_POINT ( 'NONE',  ( 0.5999999999999998668, -6.449999999999992184, 6.801000000000001933 ) ) ;
#2508 = ORIENTED_EDGE ( 'NONE', *, *, #2190, .F. ) ;
#2509 = ORIENTED_EDGE ( 'NONE', *, *, #1506, .T. ) ;
#2510 =( NAMED_UNIT ( * ) PLANE_ANGLE_UNIT ( ) SI_UNIT ( $, .RADIAN. ) );
#2511 = CARTESIAN_POINT ( 'NONE',  ( 1.414615384615384830, -4.950000000000000178, 2.199000000000000288 ) ) ;
#2512 = DIRECTION ( 'NONE',  ( -0.000000000000000000, 1.000000000000000000, -0.000000000000000000 ) ) ;
#2513 = CARTESIAN_POINT ( 'NONE',  ( -1.356072059756735282, -4.950000000000000178, 1.146827919058313716 ) ) ;
#2514 = CARTESIAN_POINT ( 'NONE',  ( -0.1735003660408735993, -4.900000000000001243, 2.002444828161038082 ) ) ;
#2515 = EDGE_LOOP ( 'NONE', ( #534, #651, #3082, #2502 ) ) ;
#2516 = EDGE_CURVE ( 'NONE', #3175, #2769, #1572, .T. ) ;
#2517 = MECHANICAL_DESIGN_GEOMETRIC_PRESENTATION_REPRESENTATION (  '', ( #1869 ), #3727 ) ;
#2518 = VECTOR ( 'NONE', #1980, 1000.000000000000000 ) ;
#2519 = PRESENTATION_STYLE_ASSIGNMENT (( #1915 ) ) ;
#2520 = CARTESIAN_POINT ( 'NONE',  ( 0.4723076923076924283, -4.950000000000000178, 1.818290865384615707 ) ) ;
#2521 = AXIS2_PLACEMENT_3D ( 'NONE', #317, #57, #2431 ) ;
#2522 = VERTEX_POINT ( 'NONE', #3345 ) ;
#2523 = CARTESIAN_POINT ( 'NONE',  ( 0.2607692307692308642, -4.950000000000000178, 0.6990000000000001767 ) ) ;
#2524 = LINE ( 'NONE', #3691, #2957 ) ;
#2525 = DIRECTION ( 'NONE',  ( -1.000000000000000000, 0.000000000000000000, 0.000000000000000000 ) ) ;
#2526 = ORIENTED_EDGE ( 'NONE', *, *, #800, .F. ) ;
#2527 =( LENGTH_UNIT ( ) NAMED_UNIT ( * ) SI_UNIT ( .MILLI., .METRE. ) );
#2528 = ORIENTED_EDGE ( 'NONE', *, *, #3515, .T. ) ;
#2529 = FACE_OUTER_BOUND ( 'NONE', #277, .T. ) ;
#2530 = SURFACE_STYLE_USAGE ( .BOTH. , #1886 ) ;
#2531 = CARTESIAN_POINT ( 'NONE',  ( 1.203076923076922933, -4.900000000000000355, 1.079709134615384647 ) ) ;
#2532 = CARTESIAN_POINT ( 'NONE',  ( -0.7095474906652036173, -4.950000000000000178, 0.6800242957220333784 ) ) ;
#2533 =( GEOMETRIC_REPRESENTATION_CONTEXT ( 3 ) GLOBAL_UNCERTAINTY_ASSIGNED_CONTEXT ( ( #2167 ) ) GLOBAL_UNIT_ASSIGNED_CONTEXT ( ( #1374, #1891, #2577 ) ) REPRESENTATION_CONTEXT ( 'NONE', 'WORKASPACE' ) );
#2534 = CARTESIAN_POINT ( 'NONE',  ( -0.08987131732764429282, -4.949999999999999289, 1.888153109564452148 ) ) ;
#2535 = DIRECTION ( 'NONE',  ( -0.000000000000000000, 1.000000000000000000, -0.000000000000000000 ) ) ;
#2536 = EDGE_CURVE ( 'NONE', #141, #2180, #2195, .T. ) ;
#2537 = CARTESIAN_POINT ( 'NONE',  ( -0.1926690997974138675, -4.950000000000001066, 1.425045901667517878 ) ) ;
#2538 = LINE ( 'NONE', #2011, #3664 ) ;
#2539 = VECTOR ( 'NONE', #2330, 1000.000000000000114 ) ;
#2540 = EDGE_CURVE ( 'NONE', #3739, #1878, #158, .T. ) ;
#2541 = VERTEX_POINT ( 'NONE', #794 ) ;
#2542 = ORIENTED_EDGE ( 'NONE', *, *, #24, .F. ) ;
#2543 = LINE ( 'NONE', #3689, #1656 ) ;
#2544 = PLANE ( 'NONE',  #2426 ) ;
#2545 = CARTESIAN_POINT ( 'NONE',  ( -0.6753572903442238706, -4.900000000000000355, 0.8532929794568079318 ) ) ;
#2546 = ORIENTED_EDGE ( 'NONE', *, *, #1587, .T. ) ;
#2547 = FILL_AREA_STYLE ('',( #1585 ) ) ;
#2548 = CARTESIAN_POINT ( 'NONE',  ( 0.05240384615384600930, -4.950000000000000178, 4.318999999999999950 ) ) ;
#2549 = CARTESIAN_POINT ( 'NONE',  ( -0.3497782382544024071, -4.899999999999999467, 1.907115355154449743 ) ) ;
#2550 = CARTESIAN_POINT ( 'NONE',  ( -0.9824953856214765358, -4.950000000000001066, 0.7363992990259604632 ) ) ;
#2551 = CARTESIAN_POINT ( 'NONE',  ( -0.4048894911444196887, -4.899999999999997691, 2.163643655340701688 ) ) ;
#2552 = VERTEX_POINT ( 'NONE', #3492 ) ;
#2553 = FACE_OUTER_BOUND ( 'NONE', #1189, .T. ) ;
#2554 = MECHANICAL_DESIGN_GEOMETRIC_PRESENTATION_REPRESENTATION (  '', ( #3370 ), #1652 ) ;
#2555 = FILL_AREA_STYLE_COLOUR ( '', #2372 ) ;
#2556 = STYLED_ITEM ( 'NONE', ( #2836 ), #2875 ) ;
#2557 =( GEOMETRIC_REPRESENTATION_CONTEXT ( 3 ) GLOBAL_UNCERTAINTY_ASSIGNED_CONTEXT ( ( #730 ) ) GLOBAL_UNIT_ASSIGNED_CONTEXT ( ( #3742, #2510, #3122 ) ) REPRESENTATION_CONTEXT ( 'NONE', 'WORKASPACE' ) );
#2558 = CARTESIAN_POINT ( 'NONE',  ( -0.6404034295841218860, -4.899999999999999467, 0.8541678627429052373 ) ) ;
#2559 =( NAMED_UNIT ( * ) PLANE_ANGLE_UNIT ( ) SI_UNIT ( $, .RADIAN. ) );
#2560 = VECTOR ( 'NONE', #1674, 1000.000000000000000 ) ;
#2561 = VECTOR ( 'NONE', #3430, 1000.000000000000000 ) ;
#2562 = COLOUR_RGB ( '',1.000000000000000000, 1.000000000000000000, 1.000000000000000000 ) ;
#2563 = LINE ( 'NONE', #185, #3332 ) ;
#2564 = MECHANICAL_DESIGN_GEOMETRIC_PRESENTATION_REPRESENTATION (  '', ( #1863 ), #1793 ) ;
#2565 = EDGE_CURVE ( 'NONE', #2063, #1064, #2538, .T. ) ;
#2566 = SURFACE_SIDE_STYLE ('',( #1119 ) ) ;
#2567 = CARTESIAN_POINT ( 'NONE',  ( -0.2466600957304613817, -4.900000000000000355, 1.142846417541327764 ) ) ;
#2568 = EDGE_LOOP ( 'NONE', ( #167, #2542, #1288, #2965 ) ) ;
#2569 = MECHANICAL_DESIGN_GEOMETRIC_PRESENTATION_REPRESENTATION (  '', ( #2123 ), #1416 ) ;
#2570 = SURFACE_SIDE_STYLE ('',( #403 ) ) ;
#2571 = LINE ( 'NONE', #1043, #2774 ) ;
#2572 = EDGE_CURVE ( 'NONE', #2087, #1542, #425, .T. ) ;
#2573 = UNCERTAINTY_MEASURE_WITH_UNIT (LENGTH_MEASURE( 1.000000000000000082E-05 ), #1989, 'distance_accuracy_value', 'NONE');
#2574 = CARTESIAN_POINT ( 'NONE',  ( -1.403342463009662255, -4.950000000000001066, 1.380700688350334548 ) ) ;
#2575 = ORIENTED_EDGE ( 'NONE', *, *, #541, .T. ) ;
#2576 = VECTOR ( 'NONE', #3358, 1000.000000000000000 ) ;
#2577 =( NAMED_UNIT ( * ) SI_UNIT ( $, .STERADIAN. ) SOLID_ANGLE_UNIT ( ) );
#2578 = CARTESIAN_POINT ( 'NONE',  ( -0.5999999999999998668, -2.449999999999991296, 8.800000000000000711 ) ) ;
#2579 = STYLED_ITEM ( 'NONE', ( #1129 ), #1602 ) ;
#2580 = CARTESIAN_POINT ( 'NONE',  ( -0.2000000000000005107, 3.910000000000000142, -3.850000000000000089 ) ) ;
#2581 = VECTOR ( 'NONE', #3330, 1000.000000000000000 ) ;
#2582 = CARTESIAN_POINT ( 'NONE',  ( -1.403846153846153966, -4.900000000000000355, 1.429168269230769450 ) ) ;
#2583 = FILL_AREA_STYLE ('',( #815 ) ) ;
#2584 = STYLED_ITEM ( 'NONE', ( #1736 ), #2334 ) ;
#2585 = PRESENTATION_LAYER_ASSIGNMENT (  '', '', ( #3656 ) ) ;
#2586 = FACE_OUTER_BOUND ( 'NONE', #1138, .T. ) ;
#2587 = DIRECTION ( 'NONE',  ( 1.000000000000000000, 0.000000000000000000, 0.000000000000000000 ) ) ;
#2588 = VECTOR ( 'NONE', #636, 1000.000000000000000 ) ;
#2589 = PLANE ( 'NONE',  #83 ) ;
#2590 = EDGE_CURVE ( 'NONE', #3105, #832, #775, .T. ) ;
#2591 = ORIENTED_EDGE ( 'NONE', *, *, #1844, .F. ) ;
#2592 = CARTESIAN_POINT ( 'NONE',  ( -1.252507036003867480, -4.900000000000002132, 1.954489237451109807 ) ) ;
#2593 = FACE_OUTER_BOUND ( 'NONE', #573, .T. ) ;
#2594 = CARTESIAN_POINT ( 'NONE',  ( -0.1201889391773222765, -4.899999999999999467, 3.920233926890903664 ) ) ;
#2595 = CARTESIAN_POINT ( 'NONE',  ( -0.7107634327365965898, -4.900000000000001243, 0.8532864669345422426 ) ) ;
#2596 = ORIENTED_EDGE ( 'NONE', *, *, #1820, .T. ) ;
#2597 = ADVANCED_FACE ( 'NONE', ( #1647 ), #1162, .T. ) ;
#2598 = CARTESIAN_POINT ( 'NONE',  ( -0.1153081852287480141, -4.949999999999999289, 1.928679775062734025 ) ) ;
#2599 = LINE ( 'NONE', #3551, #3490 ) ;
#2600 = CARTESIAN_POINT ( 'NONE',  ( -0.5999999999999998668, -2.449999999999992184, 8.001000000000001222 ) ) ;
#2601 = MANIFOLD_SOLID_BREP ( 'Бобышка-Вытянуть11', #2722 ) ;
#2602 = CARTESIAN_POINT ( 'NONE',  ( -0.3497782382544024071, -4.899999999999999467, 1.907115355154449743 ) ) ;
#2603 = FILL_AREA_STYLE_COLOUR ( '', #2704 ) ;
#2605 = EDGE_LOOP ( 'NONE', ( #3912, #3612, #1658, #3630 ) ) ;
#2604 = CARTESIAN_POINT ( 'NONE',  ( -1.403342463009662255, -4.900000000000001243, 1.380700688350334548 ) ) ;
#2606 = FACE_OUTER_BOUND ( 'NONE', #1465, .T. ) ;
#2607 = DIRECTION ( 'NONE',  ( 0.000000000000000000, 0.000000000000000000, -1.000000000000000000 ) ) ;
#2608 = SURFACE_STYLE_FILL_AREA ( #3795 ) ;
#2609 = CARTESIAN_POINT ( 'NONE',  ( -0.7892674147457054978, -4.900000000000000355, 2.036817092688030684 ) ) ;
#2610 = SURFACE_STYLE_USAGE ( .BOTH. , #1983 ) ;
#2611 = ORIENTED_EDGE ( 'NONE', *, *, #773, .T. ) ;
#2612 = CARTESIAN_POINT ( 'NONE',  ( -0.2067999222272239868, -4.949999999999999289, 1.616612929034543455 ) ) ;
#2613 = CARTESIAN_POINT ( 'NONE',  ( -0.01153846153846170217, -4.900000000000000355, 2.918999999999999595 ) ) ;
#2614 = PRESENTATION_STYLE_ASSIGNMENT (( #171 ) ) ;
#2615 = CARTESIAN_POINT ( 'NONE',  ( -1.184119681536445645, -4.950000000000000178, 1.301316311214139931 ) ) ;
#2616 = SURFACE_SIDE_STYLE ('',( #3484 ) ) ;
#2617 = DIRECTION ( 'NONE',  ( 0.000000000000000000, 0.000000000000000000, 1.000000000000000000 ) ) ;
#2618 = EDGE_CURVE ( 'NONE', #1242, #2849, #2076, .T. ) ;
#2619 = ORIENTED_EDGE ( 'NONE', *, *, #2128, .T. ) ;
#2620 = CARTESIAN_POINT ( 'NONE',  ( -0.2858917288176912042, -4.900000000000000355, 1.826175808758482511 ) ) ;
#2621 = CARTESIAN_POINT ( 'NONE',  ( -0.4499542255087579101, -4.950000000000001066, 0.9129928507601646759 ) ) ;
#2622 = CARTESIAN_POINT ( 'NONE',  ( -1.243895752620250539, -4.900000000000001243, 0.9364978877753319386 ) ) ;
#2623 = VECTOR ( 'NONE', #685, 1000.000000000000000 ) ;
#2624 = DIRECTION ( 'NONE',  ( -0.000000000000000000, 1.000000000000000000, 0.000000000000000000 ) ) ;
#2625 =( GEOMETRIC_REPRESENTATION_CONTEXT ( 3 ) GLOBAL_UNCERTAINTY_ASSIGNED_CONTEXT ( ( #2661 ) ) GLOBAL_UNIT_ASSIGNED_CONTEXT ( ( #1372, #3199, #172 ) ) REPRESENTATION_CONTEXT ( 'NONE', 'WORKASPACE' ) );
#2626 = COLOUR_RGB ( '',1.000000000000000000, 1.000000000000000000, 1.000000000000000000 ) ;
#2627 = AXIS2_PLACEMENT_3D ( 'NONE', #2993, #1813, #1508 ) ;
#2628 = VERTEX_POINT ( 'NONE', #1233 ) ;
#2629 = CARTESIAN_POINT ( 'NONE',  ( -1.377406396559971657, -4.899999999999999467, 1.683443574461704006 ) ) ;
#2630 = DIRECTION ( 'NONE',  ( 1.000000000000000000, 0.000000000000000000, 0.000000000000000000 ) ) ;
#2631 = LINE ( 'NONE', #3524, #1486 ) ;
#2632 = FILL_AREA_STYLE_COLOUR ( '', #1338 ) ;
#2633 = ORIENTED_EDGE ( 'NONE', *, *, #1457, .F. ) ;
#2634 =( GEOMETRIC_REPRESENTATION_CONTEXT ( 3 ) GLOBAL_UNCERTAINTY_ASSIGNED_CONTEXT ( ( #3341 ) ) GLOBAL_UNIT_ASSIGNED_CONTEXT ( ( #233, #2979, #165 ) ) REPRESENTATION_CONTEXT ( 'NONE', 'WORKASPACE' ) );
#2635 = FILL_AREA_STYLE_COLOUR ( '', #19 ) ;
#2636 = DIRECTION ( 'NONE',  ( 1.000000000000000000, 0.000000000000000000, -0.000000000000000000 ) ) ;
#2637 = CARTESIAN_POINT ( 'NONE',  ( -0.2901263801481263060, -4.900000000000001243, 0.7950601014748902573 ) ) ;
#2638 = PRESENTATION_LAYER_ASSIGNMENT (  '', '', ( #2123 ) ) ;
#2639 = AXIS2_PLACEMENT_3D ( 'NONE', #1108, #1408, #2325 ) ;
#2640 = FILL_AREA_STYLE_COLOUR ( '', #2194 ) ;
#2641 = EDGE_CURVE ( 'NONE', #954, #2939, #3558, .T. ) ;
#2642 = CARTESIAN_POINT ( 'NONE',  ( -0.4009889179873256659, -4.900000000000000355, 1.951816555120263530 ) ) ;
#2643 = DIRECTION ( 'NONE',  ( 0.000000000000000000, 0.000000000000000000, -1.000000000000000000 ) ) ;
#2644 = CARTESIAN_POINT ( 'NONE',  ( -1.356072059756735282, -4.950000000000000178, 1.146827919058313716 ) ) ;
#2645 = VECTOR ( 'NONE', #2777, 1000.000000000000000 ) ;
#2646 = PLANE ( 'NONE',  #1700 ) ;
#2647 = EDGE_CURVE ( 'NONE', #293, #1784, #496, .T. ) ;
#2648 = DIRECTION ( 'NONE',  ( -0.000000000000000000, -0.000000000000000000, 1.000000000000000000 ) ) ;
#2649 =( LENGTH_UNIT ( ) NAMED_UNIT ( * ) SI_UNIT ( .MILLI., .METRE. ) );
#2650 = PRESENTATION_STYLE_ASSIGNMENT (( #527 ) ) ;
#2651 =( GEOMETRIC_REPRESENTATION_CONTEXT ( 3 ) GLOBAL_UNCERTAINTY_ASSIGNED_CONTEXT ( ( #3402 ) ) GLOBAL_UNIT_ASSIGNED_CONTEXT ( ( #2733, #921, #533 ) ) REPRESENTATION_CONTEXT ( 'NONE', 'WORKASPACE' ) );
#2652 = PRESENTATION_STYLE_ASSIGNMENT (( #2610 ) ) ;
#2653 = ORIENTED_EDGE ( 'NONE', *, *, #122, .F. ) ;
#2654 = CARTESIAN_POINT ( 'NONE',  ( -0.2680777281850265092, -4.950000000000001066, 1.795362930045701688 ) ) ;
#2655 = CARTESIAN_POINT ( 'NONE',  ( -1.113380396623695923, -4.950000000000000178, 1.089966371421184466 ) ) ;
#2656 = ORIENTED_EDGE ( 'NONE', *, *, #3583, .T. ) ;
#2657 = PLANE ( 'NONE',  #1611 ) ;
#2658 = CARTESIAN_POINT ( 'NONE',  ( -0.9375517825929717830, -4.900000000000000355, 0.7188617585499482709 ) ) ;
#2659 = CARTESIAN_POINT ( 'NONE',  ( 0.2999999999999999334, -3.710000000000000853, -3.479999999999997762 ) ) ;
#2660 = LINE ( 'NONE', #515, #3262 ) ;
#2661 = UNCERTAINTY_MEASURE_WITH_UNIT (LENGTH_MEASURE( 1.000000000000000082E-05 ), #1372, 'distance_accuracy_value', 'NONE');
#2662 = ORIENTED_EDGE ( 'NONE', *, *, #3940, .T. ) ;
#2663 = CARTESIAN_POINT ( 'NONE',  ( -0.01602392080885735662, -4.949999999999999289, 1.182566826308319996 ) ) ;
#2664 = FILL_AREA_STYLE ('',( #2095 ) ) ;
#2665 = EDGE_CURVE ( 'NONE', #3635, #193, #543, .T. ) ;
#2666 =( LENGTH_UNIT ( ) NAMED_UNIT ( * ) SI_UNIT ( .MILLI., .METRE. ) );
#2667 = SURFACE_STYLE_USAGE ( .BOTH. , #1160 ) ;
#2668 = ORIENTED_EDGE ( 'NONE', *, *, #3575, .T. ) ;
#2669 =( NAMED_UNIT ( * ) PLANE_ANGLE_UNIT ( ) SI_UNIT ( $, .RADIAN. ) );
#2670 = DIRECTION ( 'NONE',  ( -1.000000000000000000, 0.000000000000000000, 0.000000000000000000 ) ) ;
#2671 = CARTESIAN_POINT ( 'NONE',  ( -0.2000000000000005107, 0.000000000000000000, -3.850000000000000089 ) ) ;
#2672 = CARTESIAN_POINT ( 'NONE',  ( -1.137689747869109480, -4.900000000000000355, 1.137525343762166852 ) ) ;
#2673 = EDGE_LOOP ( 'NONE', ( #3715, #173, #1574, #3051 ) ) ;
#2674 = VERTEX_POINT ( 'NONE', #35 ) ;
#2675 =( NAMED_UNIT ( * ) SI_UNIT ( $, .STERADIAN. ) SOLID_ANGLE_UNIT ( ) );
#2676 = ORIENTED_EDGE ( 'NONE', *, *, #3648, .F. ) ;
#2677 = CARTESIAN_POINT ( 'NONE',  ( -0.07150149118459545039, -4.899999999999999467, 1.041776439602797089 ) ) ;
#2678 = DIRECTION ( 'NONE',  ( 1.000000000000000000, 0.000000000000000000, 0.000000000000000000 ) ) ;
#2679 = ORIENTED_EDGE ( 'NONE', *, *, #2048, .F. ) ;
#2680 = CARTESIAN_POINT ( 'NONE',  ( -0.5202188309914854702, -4.949999999999999289, 2.016812162577814149 ) ) ;
#2681 = CARTESIAN_POINT ( 'NONE',  ( -2.000000000000000000, -4.950000000000000178, 8.800000000000000711 ) ) ;
#2682 = CARTESIAN_POINT ( 'NONE',  ( -0.2999999999999999334, -3.710000000000000853, -3.850000000000000089 ) ) ;
#2683 = CARTESIAN_POINT ( 'NONE',  ( -0.6932091346153846922, -4.949999999999999289, 0.8528461538461540314 ) ) ;
#2684 = CARTESIAN_POINT ( 'NONE',  ( -2.500000000000000444, 1.699999999999999956, 8.800000000000000711 ) ) ;
#2685 =( LENGTH_UNIT ( ) NAMED_UNIT ( * ) SI_UNIT ( .MILLI., .METRE. ) );
#2686 = CARTESIAN_POINT ( 'NONE',  ( -1.191014013454145370, -4.900000000000001243, 1.505334606869032088 ) ) ;
#2687 = MECHANICAL_DESIGN_GEOMETRIC_PRESENTATION_REPRESENTATION (  '', ( #2169 ), #762 ) ;
#2688 = B_SPLINE_CURVE_WITH_KNOTS ( 'NONE', 3,
 ( #607, #933, #3651, #2083, #2156, #2691, #3909, #3308, #1165, #2382, #900, #271, #1815, #2714, #3288, #3030, #568, #308, #1495 ),
 .UNSPECIFIED., .F., .F.,
 ( 4, 1, 1, 1, 1, 1, 1, 1, 1, 1, 1, 1, 1, 1, 1, 1, 4 ),
 ( 0.000000000000000000, 0.07596440262219977813, 0.1481252239748712951, 0.2172006111446034005, 0.2832999093723613804, 0.3472018681362410986, 0.4092995407059241697, 0.4704256161074026887, 0.5315880640528349854, 0.5917391729173696602, 0.6502577442905730365, 0.7073030399522860501, 0.7642084640229155346, 0.8211475320101307984, 0.8791188121552544477, 0.9384228183936667023, 1.000000000000000000 ),
 .UNSPECIFIED. ) ;
#2689 = ORIENTED_EDGE ( 'NONE', *, *, #3043, .T. ) ;
#2690 = VECTOR ( 'NONE', #3483, 1000.000000000000114 ) ;
#2691 = CARTESIAN_POINT ( 'NONE',  ( -1.158021591228418634, -4.900000000000001243, 1.188448951658802821 ) ) ;
#2692 = CARTESIAN_POINT ( 'NONE',  ( -0.6902043269230769829, -4.950000000000000178, 2.045153846153846100 ) ) ;
#2693 = EDGE_CURVE ( 'NONE', #1242, #3226, #2468, .T. ) ;
#2694 = DIRECTION ( 'NONE',  ( -0.000000000000000000, 1.000000000000000000, -0.000000000000000000 ) ) ;
#2695 = ORIENTED_EDGE ( 'NONE', *, *, #3445, .F. ) ;
#2696 = VECTOR ( 'NONE', #2648, 1000.000000000000000 ) ;
#2697 = ORIENTED_EDGE ( 'NONE', *, *, #31, .T. ) ;
#2698 = CARTESIAN_POINT ( 'NONE',  ( -0.000000000000000000, -3.149999999999991473, 4.801000000000000156 ) ) ;
#2699 =( NAMED_UNIT ( * ) SI_UNIT ( $, .STERADIAN. ) SOLID_ANGLE_UNIT ( ) );
#2700 = CARTESIAN_POINT ( 'NONE',  ( -0.1508825073472953027, -4.899999999999999467, 0.9200248218735034289 ) ) ;
#2701 = EDGE_CURVE ( 'NONE', #204, #1695, #926, .T. ) ;
#2702 = CARTESIAN_POINT ( 'NONE',  ( 1.414615384615384830, -4.900000000000000355, 0.6990000000000001767 ) ) ;
#2703 = PRESENTATION_LAYER_ASSIGNMENT (  '', '', ( #965 ) ) ;
#2704 = COLOUR_RGB ( '',1.000000000000000000, 1.000000000000000000, 1.000000000000000000 ) ;
#2705 = UNCERTAINTY_MEASURE_WITH_UNIT (LENGTH_MEASURE( 1.000000000000000082E-05 ), #2423, 'distance_accuracy_value', 'NONE');
#2706 = COLOUR_RGB ( '',1.000000000000000000, 1.000000000000000000, 1.000000000000000000 ) ;
#2707 = DIRECTION ( 'NONE',  ( 0.000000000000000000, 0.7071067811865475727, 0.7071067811865475727 ) ) ;
#2708 = MECHANICAL_DESIGN_GEOMETRIC_PRESENTATION_REPRESENTATION (  '', ( #2056 ), #339 ) ;
#2709 = CARTESIAN_POINT ( 'NONE',  ( 0.1679487179487177406, -4.900000000000000355, 4.318999999999999950 ) ) ;
#2710 = DIRECTION ( 'NONE',  ( 0.000000000000000000, 0.000000000000000000, -1.000000000000000000 ) ) ;
#2711 =( NAMED_UNIT ( * ) PLANE_ANGLE_UNIT ( ) SI_UNIT ( $, .RADIAN. ) );
#2712 = SURFACE_STYLE_FILL_AREA ( #3626 ) ;
#2713 = ORIENTED_EDGE ( 'NONE', *, *, #3124, .F. ) ;
#2714 = CARTESIAN_POINT ( 'NONE',  ( -0.8900682525946892465, -4.899999999999999467, 0.8904941313878286246 ) ) ;
#2715 = CARTESIAN_POINT ( 'NONE',  ( -0.2999999999999999334, 3.910000000000000142, -3.850000000000000089 ) ) ;
#2716 = CARTESIAN_POINT ( 'NONE',  ( -0.2679814573006273903, -4.950000000000000178, 4.003316605971173558 ) ) ;
#2717 =( NAMED_UNIT ( * ) SI_UNIT ( $, .STERADIAN. ) SOLID_ANGLE_UNIT ( ) );
#2718 = EDGE_LOOP ( 'NONE', ( #3597, #2861, #2662, #1498 ) ) ;
#2719 = EDGE_CURVE ( 'NONE', #279, #2180, #944, .T. ) ;
#2720 = FILL_AREA_STYLE_COLOUR ( '', #2952 ) ;
#2721 =( GEOMETRIC_REPRESENTATION_CONTEXT ( 3 ) GLOBAL_UNCERTAINTY_ASSIGNED_CONTEXT ( ( #340 ) ) GLOBAL_UNIT_ASSIGNED_CONTEXT ( ( #2685, #3252, #2333 ) ) REPRESENTATION_CONTEXT ( 'NONE', 'WORKASPACE' ) );
#2722 = CLOSED_SHELL ( 'NONE', ( #3410, #2147, #118, #3106, #925, #2366, #688, #2234, #897, #3361, #683, #3606, #1702, #3831, #3329, #1322, #3913, #3149, #1176, #754, #1319, #1462, #2391, #1068, #1578, #1266, #2340, #3497, #1750, #2072, #3167, #638, #1562, #67, #1602, #1477, #3386, #151, #3709, #562, #1728, #753, #3520, #3384, #465, #145, #998, #2054, #3280, #1390, #2597, #2875, #2789, #166, #3954, #3730, #2262, #3681, #2915, #1, #2410, #1171, #3552, #3449, #223, #376, #2151, #2334, #3881, #3807, #3001, #3183, #3338, #3543, #2024, #890, #1679, #426, #78 ) ) ;
#2723 = CARTESIAN_POINT ( 'NONE',  ( -1.392369208108822365, -4.899999999999998579, 1.285296950511629399 ) ) ;
#2724 =( NAMED_UNIT ( * ) PLANE_ANGLE_UNIT ( ) SI_UNIT ( $, .RADIAN. ) );
#2725 = CARTESIAN_POINT ( 'NONE',  ( 2.000000000000000000, 4.950000000000000178, 8.800000000000000711 ) ) ;
#2726 = CARTESIAN_POINT ( 'NONE',  ( 1.499999999999999556, 0.000000000000000000, 3.300000000000000266 ) ) ;
#2727 = LINE ( 'NONE', #3645, #2120 ) ;
#2728 = DIRECTION ( 'NONE',  ( 0.000000000000000000, 0.000000000000000000, -1.000000000000000000 ) ) ;
#2729 =( NAMED_UNIT ( * ) PLANE_ANGLE_UNIT ( ) SI_UNIT ( $, .RADIAN. ) );
#2730 = ORIENTED_EDGE ( 'NONE', *, *, #2858, .F. ) ;
#2731 = SURFACE_STYLE_USAGE ( .BOTH. , #879 ) ;
#2732 = CARTESIAN_POINT ( 'NONE',  ( -1.252507036003867480, -4.900000000000002132, 1.954489237451109807 ) ) ;
#2733 =( LENGTH_UNIT ( ) NAMED_UNIT ( * ) SI_UNIT ( .MILLI., .METRE. ) );
#2734 = LINE ( 'NONE', #1762, #1913 ) ;
#2735 = VERTEX_POINT ( 'NONE', #337 ) ;
#2736 = SURFACE_STYLE_FILL_AREA ( #939 ) ;
#2737 = LINE ( 'NONE', #2108, #1075 ) ;
#2738 =( NAMED_UNIT ( * ) SI_UNIT ( $, .STERADIAN. ) SOLID_ANGLE_UNIT ( ) );
#2739 =( LENGTH_UNIT ( ) NAMED_UNIT ( * ) SI_UNIT ( .MILLI., .METRE. ) );
#2740 = FILL_AREA_STYLE_COLOUR ( '', #792 ) ;
#2741 = CARTESIAN_POINT ( 'NONE',  ( -0.7452239967526446129, -4.949999999999999289, 0.8541508385696097161 ) ) ;
#2742 = EDGE_CURVE ( 'NONE', #567, #257, #316, .T. ) ;
#2743 = LINE ( 'NONE', #1754, #2435 ) ;
#2744 = CARTESIAN_POINT ( 'NONE',  ( 0.2999999999999999334, 3.910000000000000142, -3.479999999999997762 ) ) ;
#2745 = CARTESIAN_POINT ( 'NONE',  ( -1.135747210720196465, -4.950000000000001066, 1.768235068570109370 ) ) ;
#2746 = ORIENTED_EDGE ( 'NONE', *, *, #1902, .F. ) ;
#2747 = CARTESIAN_POINT ( 'NONE',  ( 0.01821598553768976128, -4.950000000000001066, 1.501138863908449528 ) ) ;
#2748 =( NAMED_UNIT ( * ) PLANE_ANGLE_UNIT ( ) SI_UNIT ( $, .RADIAN. ) );
#2749 = PRESENTATION_LAYER_ASSIGNMENT (  '', '', ( #3370 ) ) ;
#2750 = LINE ( 'NONE', #2067, #951 ) ;
#2751 = VERTEX_POINT ( 'NONE', #18 ) ;
#2752 = EDGE_LOOP ( 'NONE', ( #3547, #3395, #127, #2392, #3333, #519 ) ) ;
#2753 = DIRECTION ( 'NONE',  ( 0.5403350958123747105, 0.000000000000000000, -0.8414499297245390252 ) ) ;
#2754 = VECTOR ( 'NONE', #691, 1000.000000000000000 ) ;
#2755 = DIRECTION ( 'NONE',  ( -0.000000000000000000, -1.000000000000000000, -0.000000000000000000 ) ) ;
#2756 = CARTESIAN_POINT ( 'NONE',  ( -0.09548377986032392795, -4.900000000000000355, 0.9985958883864456404 ) ) ;
#2757 = FILL_AREA_STYLE ('',( #577 ) ) ;
#2758 = FILL_AREA_STYLE ('',( #1731 ) ) ;
#2759 = VECTOR ( 'NONE', #105, 1000.000000000000000 ) ;
#2760 = VECTOR ( 'NONE', #1653, 1000.000000000000000 ) ;
#2761 = UNCERTAINTY_MEASURE_WITH_UNIT (LENGTH_MEASURE( 1.000000000000000082E-05 ), #3514, 'distance_accuracy_value', 'NONE');
#2762 = COLOUR_RGB ( '',1.000000000000000000, 1.000000000000000000, 1.000000000000000000 ) ;
#2763 = AXIS2_PLACEMENT_3D ( 'NONE', #260, #2411, #888 ) ;
#2764 = CARTESIAN_POINT ( 'NONE',  ( -1.184119681536445645, -4.950000000000000178, 1.301316311214139931 ) ) ;
#2765 = EDGE_CURVE ( 'NONE', #193, #3003, #2352, .T. ) ;
#2766 = SURFACE_STYLE_FILL_AREA ( #103 ) ;
#2767 = CARTESIAN_POINT ( 'NONE',  ( -0.7941664680140572141, -4.900000000000002132, 0.6855724702486077904 ) ) ;
#2768 = EDGE_CURVE ( 'NONE', #3116, #1226, #246, .T. ) ;
#2769 = VERTEX_POINT ( 'NONE', #1113 ) ;
#2770 = EDGE_LOOP ( 'NONE', ( #1993, #8, #219, #3015, #2179, #2959, #1818, #1620 ) ) ;
#2771 = CARTESIAN_POINT ( 'NONE',  ( 0.000000000000000000, -2.449999999999991296, 8.800000000000000711 ) ) ;
#2772 = DIRECTION ( 'NONE',  ( 0.000000000000000000, 0.000000000000000000, 1.000000000000000000 ) ) ;
#2773 = CARTESIAN_POINT ( 'NONE',  ( -0.3121868233946341054, -4.949999999999999289, 3.980550753931658470 ) ) ;
#2774 = VECTOR ( 'NONE', #3177, 1000.000000000000000 ) ;
#2775 = LINE ( 'NONE', #652, #1013 ) ;
#2776 = CARTESIAN_POINT ( 'NONE',  ( -0.6762739832631198267, -4.900000000000000355, 0.6800828627205967036 ) ) ;
#2777 = DIRECTION ( 'NONE',  ( -1.000000000000000000, 0.000000000000000000, 0.000000000000000000 ) ) ;
#2778 = UNCERTAINTY_MEASURE_WITH_UNIT (LENGTH_MEASURE( 1.000000000000000082E-05 ), #1770, 'distance_accuracy_value', 'NONE');
#2779 =( NAMED_UNIT ( * ) PLANE_ANGLE_UNIT ( ) SI_UNIT ( $, .RADIAN. ) );
#2780 = PRESENTATION_LAYER_ASSIGNMENT (  '', '', ( #2450 ) ) ;
#2781 = VECTOR ( 'NONE', #1451, 1000.000000000000000 ) ;
#2782 = UNCERTAINTY_MEASURE_WITH_UNIT (LENGTH_MEASURE( 1.000000000000000082E-05 ), #1972, 'distance_accuracy_value', 'NONE');
#2783 = CARTESIAN_POINT ( 'NONE',  ( -0.8440314180354008267, -4.950000000000000178, 0.8735218177870142098 ) ) ;
#2784 = FILL_AREA_STYLE ('',( #929 ) ) ;
#2785 = CARTESIAN_POINT ( 'NONE',  ( -0.9254195150221582455, -4.949999999999998401, 1.990204940854382487 ) ) ;
#2786 = ORIENTED_EDGE ( 'NONE', *, *, #945, .T. ) ;
#2787 = CARTESIAN_POINT ( 'NONE',  ( 1.414615384615384830, -4.900000000000000355, 0.6990000000000001767 ) ) ;
#2788 = PLANE ( 'NONE',  #1037 ) ;
#2789 = ADVANCED_FACE ( 'NONE', ( #3532 ), #1453, .F. ) ;
#2790 = CARTESIAN_POINT ( 'NONE',  ( 0.1679487179487177406, -4.950000000000000178, 2.918999999999999595 ) ) ;
#2791 = VERTEX_POINT ( 'NONE', #3089 ) ;
#2792 = ORIENTED_EDGE ( 'NONE', *, *, #282, .T. ) ;
#2793 = CARTESIAN_POINT ( 'NONE',  ( -2.000000000000000000, 4.950000000000000178, 8.800000000000000711 ) ) ;
#2794 = ORIENTED_EDGE ( 'NONE', *, *, #1096, .T. ) ;
#2795 = LINE ( 'NONE', #51, #1528 ) ;
#2796 = LINE ( 'NONE', #1907, #2496 ) ;
#2797 = CARTESIAN_POINT ( 'NONE',  ( -0.4291446019956375313, -4.899999999999998579, 1.971233929658173123 ) ) ;
#2798 = DIRECTION ( 'NONE',  ( 0.000000000000000000, 1.000000000000000000, 0.000000000000000000 ) ) ;
#2799 = PRODUCT_DEFINITION_CONTEXT ( 'detailed design', #2365, 'design' ) ;
#2800 = ORIENTED_EDGE ( 'NONE', *, *, #736, .T. ) ;
#2801 = SURFACE_SIDE_STYLE ('',( #1028 ) ) ;
#2802 = LINE ( 'NONE', #2841, #528 ) ;
#2803 = CARTESIAN_POINT ( 'NONE',  ( -0.7403127493227932288, -4.950000000000001954, 2.044158712657190957 ) ) ;
#2804 = CARTESIAN_POINT ( 'NONE',  ( -0.9375517825929717830, -4.950000000000000178, 0.7188617585499482709 ) ) ;
#2805 = VERTEX_POINT ( 'NONE', #1330 ) ;
#2806 = CARTESIAN_POINT ( 'NONE',  ( -0.1638258874869518156, -4.899999999999999467, 3.892397249344903720 ) ) ;
#2807 = PRESENTATION_STYLE_ASSIGNMENT (( #1284 ) ) ;
#2808 = ORIENTED_EDGE ( 'NONE', *, *, #2840, .T. ) ;
#2809 = CARTESIAN_POINT ( 'NONE',  ( -0.4936988061043287579, -4.900000000000000355, 0.8905561488572149020 ) ) ;
#2810 = EDGE_CURVE ( 'NONE', #1040, #2373, #1024, .T. ) ;
#2811 = ORIENTED_EDGE ( 'NONE', *, *, #3676, .F. ) ;
#2812 = CARTESIAN_POINT ( 'NONE',  ( 2.000000000000000000, 1.700000000000000178, 8.800000000000000711 ) ) ;
#2813 = LINE ( 'NONE', #942, #833 ) ;
#2814 = DIRECTION ( 'NONE',  ( -0.000000000000000000, -1.000000000000000000, -0.000000000000000000 ) ) ;
#2815 = CARTESIAN_POINT ( 'NONE',  ( 0.5999999999999998668, -2.449999999999992184, 4.800000000000000711 ) ) ;
#2816 = EDGE_LOOP ( 'NONE', ( #3153, #6, #3092, #1121 ) ) ;
#2817 = AXIS2_PLACEMENT_3D ( 'NONE', #3416, #2254, #726 ) ;
#2818 = EDGE_CURVE ( 'NONE', #2125, #2266, #3403, .T. ) ;
#2819 = CARTESIAN_POINT ( 'NONE',  ( -0.3617004433121644991, -4.900000000000003020, 2.143133495149090795 ) ) ;
#2820 = VECTOR ( 'NONE', #2363, 1000.000000000000000 ) ;
#2821 = FILL_AREA_STYLE ('',( #735 ) ) ;
#2822 = AXIS2_PLACEMENT_3D ( 'NONE', #207, #2624, #3838 ) ;
#2823 = VECTOR ( 'NONE', #2880, 1000.000000000000000 ) ;
#2824 = STYLED_ITEM ( 'NONE', ( #619 ), #1477 ) ;
#2825 = DIRECTION ( 'NONE',  ( -0.000000000000000000, -0.000000000000000000, -1.000000000000000000 ) ) ;
#2826 = ORIENTED_EDGE ( 'NONE', *, *, #296, .F. ) ;
#2827 =( LENGTH_UNIT ( ) NAMED_UNIT ( * ) SI_UNIT ( .MILLI., .METRE. ) );
#2828 =( GEOMETRIC_REPRESENTATION_CONTEXT ( 3 ) GLOBAL_UNCERTAINTY_ASSIGNED_CONTEXT ( ( #365 ) ) GLOBAL_UNIT_ASSIGNED_CONTEXT ( ( #995, #716, #697 ) ) REPRESENTATION_CONTEXT ( 'NONE', 'WORKASPACE' ) );
#2829 = CARTESIAN_POINT ( 'NONE',  ( -0.2055288339361273364, -4.950000000000001066, 4.042636362067712597 ) ) ;
#2830 = EDGE_LOOP ( 'NONE', ( #2994, #2832, #3135, #441 ) ) ;
#2831 = CARTESIAN_POINT ( 'NONE',  ( -0.1933730766634502718, -4.899999999999999467, 1.380142193239525916 ) ) ;
#2832 = ORIENTED_EDGE ( 'NONE', *, *, #371, .F. ) ;
#2833 = DIRECTION ( 'NONE',  ( 0.000000000000000000, -1.000000000000000000, -0.000000000000000000 ) ) ;
#2834 = LINE ( 'NONE', #52, #1471 ) ;
#2835 = CARTESIAN_POINT ( 'NONE',  ( -0.2680777281850265092, -4.900000000000001243, 1.795362930045701688 ) ) ;
#2836 = PRESENTATION_STYLE_ASSIGNMENT (( #434 ) ) ;
#2837 = EDGE_CURVE ( 'NONE', #1064, #1763, #2206, .T. ) ;
#2838 = CARTESIAN_POINT ( 'NONE',  ( -0.3197854716392672936, -4.949999999999996625, 2.120170329838734880 ) ) ;
#2839 = ORIENTED_EDGE ( 'NONE', *, *, #1531, .F. ) ;
#2840 = EDGE_CURVE ( 'NONE', #1784, #966, #676, .T. ) ;
#2841 = CARTESIAN_POINT ( 'NONE',  ( 1.749999999999999778, 1.699999999999999956, 1.800000000000000488 ) ) ;
#2842 = CARTESIAN_POINT ( 'NONE',  ( -0.2704025471111664580, -4.900000000000000355, 1.093340699534055105 ) ) ;
#2843 = LINE ( 'NONE', #2520, #2759 ) ;
#2844 = ORIENTED_EDGE ( 'NONE', *, *, #2765, .F. ) ;
#2845 = ORIENTED_EDGE ( 'NONE', *, *, #3097, .T. ) ;
#2846 = CARTESIAN_POINT ( 'NONE',  ( -1.749999999999999778, -1.699999999999999956, 2.299999999999982059 ) ) ;
#2847 = FILL_AREA_STYLE_COLOUR ( '', #1842 ) ;
#2848 = LINE ( 'NONE', #3107, #2940 ) ;
#2849 = VERTEX_POINT ( 'NONE', #116 ) ;
#2850 = CARTESIAN_POINT ( 'NONE',  ( -1.749999999999999778, -1.699999999999999956, 1.800000000000000488 ) ) ;
#2851 = CARTESIAN_POINT ( 'NONE',  ( -0.3264278310720643006, -4.900000000000003020, 1.882307954387121951 ) ) ;
#2852 = CARTESIAN_POINT ( 'NONE',  ( -1.243895752620250539, -4.950000000000001066, 0.9364978877753319386 ) ) ;
#2853 = SURFACE_STYLE_FILL_AREA ( #1932 ) ;
#2854 = VECTOR ( 'NONE', #2035, 1000.000000000000000 ) ;
#2855 = EDGE_CURVE ( 'NONE', #3657, #3157, #1517, .T. ) ;
#2856 = CARTESIAN_POINT ( 'NONE',  ( -0.6932091346153846922, -4.900000000000000355, 0.8528461538461540314 ) ) ;
#2857 = CARTESIAN_POINT ( 'NONE',  ( -1.180986218293242240, -4.950000000000001954, 0.8670242502433836984 ) ) ;
#2858 = EDGE_CURVE ( 'NONE', #2541, #1310, #992, .T. ) ;
#2859 = CARTESIAN_POINT ( 'NONE',  ( 0.5999999999999998668, -6.449999999999992184, 8.001000000000001222 ) ) ;
#2860 = SURFACE_STYLE_USAGE ( .BOTH. , #2252 ) ;
#2861 = ORIENTED_EDGE ( 'NONE', *, *, #1921, .F. ) ;
#2862 = CARTESIAN_POINT ( 'NONE',  ( 0.000000000000000000, -2.449999999999991296, 8.800000000000000711 ) ) ;
#2863 = CARTESIAN_POINT ( 'NONE',  ( -0.04665162120881869573, -4.900000000000000355, 1.800797864289751749 ) ) ;
#2864 = CARTESIAN_POINT ( 'NONE',  ( -1.398740829554301790, -4.950000000000001066, 1.332684172134450451 ) ) ;
#2865 = ORIENTED_EDGE ( 'NONE', *, *, #3859, .F. ) ;
#2866 = CARTESIAN_POINT ( 'NONE',  ( 0.01821598553768976128, -4.950000000000000178, 1.501138863908449528 ) ) ;
#2867 = CARTESIAN_POINT ( 'NONE',  ( 0.2999999999999999334, -3.910000000000001030, -3.850000000000000089 ) ) ;
#2868 =( NAMED_UNIT ( * ) PLANE_ANGLE_UNIT ( ) SI_UNIT ( $, .RADIAN. ) );
#2869 = VECTOR ( 'NONE', #2755, 1000.000000000000000 ) ;
#2870 = AXIS2_PLACEMENT_3D ( 'NONE', #723, #2525, #936 ) ;
#2871 = CARTESIAN_POINT ( 'NONE',  ( 0.01923076923076921449, -4.950000000000000178, 1.446596153846154253 ) ) ;
#2873 = EDGE_LOOP ( 'NONE', ( #2676, #503, #356, #1146 ) ) ;
#2872 = CARTESIAN_POINT ( 'NONE',  ( -1.403677411986095969, -4.900000000000001243, 1.412931107150833476 ) ) ;
#2874 = PRESENTATION_LAYER_ASSIGNMENT (  '', '', ( #3374 ) ) ;
#2875 = ADVANCED_FACE ( 'NONE', ( #2488 ), #559, .T. ) ;
#2876 = DIRECTION ( 'NONE',  ( 0.000000000000000000, 0.000000000000000000, 1.000000000000000000 ) ) ;
#2877 = PRESENTATION_STYLE_ASSIGNMENT (( #3862 ) ) ;
#2878 = VECTOR ( 'NONE', #3570, 1000.000000000000000 ) ;
#2879 = SURFACE_SIDE_STYLE ('',( #2608 ) ) ;
#2880 = DIRECTION ( 'NONE',  ( 0.000000000000000000, 1.000000000000000000, 0.000000000000000000 ) ) ;
#2881 = EDGE_CURVE ( 'NONE', #2367, #1715, #3218, .T. ) ;
#2882 =( NAMED_UNIT ( * ) PLANE_ANGLE_UNIT ( ) SI_UNIT ( $, .RADIAN. ) );
#2883 = ORIENTED_EDGE ( 'NONE', *, *, #1412, .T. ) ;
#2884 = VECTOR ( 'NONE', #1548, 1000.000000000000000 ) ;
#2885 = CARTESIAN_POINT ( 'NONE',  ( -1.355374500648916625, -4.900000000000001243, 1.758671575626935102 ) ) ;
#2886 = CARTESIAN_POINT ( 'NONE',  ( -1.110504819028437673, -4.900000000000000355, 1.819323381091136227 ) ) ;
#2887 = CARTESIAN_POINT ( 'NONE',  ( -0.2419101279706142582, -4.899999999999998579, 2.066110545126630171 ) ) ;
#2888 = UNCERTAINTY_MEASURE_WITH_UNIT (LENGTH_MEASURE( 1.000000000000000082E-05 ), #3315, 'distance_accuracy_value', 'NONE');
#2889 = PLANE ( 'NONE',  #3307 ) ;
#2890 = PRESENTATION_LAYER_ASSIGNMENT (  '', '', ( #598 ) ) ;
#2891 = CARTESIAN_POINT ( 'NONE',  ( -0.04665162120881869573, -4.900000000000000355, 1.800797864289751749 ) ) ;
#2892 = CARTESIAN_POINT ( 'NONE',  ( -0.6923076923076922906, -4.900000000000000355, 0.6797692307692310143 ) ) ;
#2893 = DIRECTION ( 'NONE',  ( -1.000000000000000000, 0.000000000000000000, -0.000000000000000000 ) ) ;
#2894 = CARTESIAN_POINT ( 'NONE',  ( -0.2257282865398179961, -4.949999999999998401, 1.692567201055930282 ) ) ;
#2895 = CARTESIAN_POINT ( 'NONE',  ( -0.2261616934517669819, -4.900000000000002132, 1.195854702436745853 ) ) ;
#2896 = ORIENTED_EDGE ( 'NONE', *, *, #2278, .F. ) ;
#2897 = CARTESIAN_POINT ( 'NONE',  ( 0.2999999999999999334, -3.710000000000000853, -3.850000000000000089 ) ) ;
#2898 = CARTESIAN_POINT ( 'NONE',  ( 0.4723076923076924283, -4.950000000000000178, 0.6990000000000001767 ) ) ;
#2899 =( LENGTH_UNIT ( ) NAMED_UNIT ( * ) SI_UNIT ( .MILLI., .METRE. ) );
#2900 = ORIENTED_EDGE ( 'NONE', *, *, #2855, .F. ) ;
#2901 = CARTESIAN_POINT ( 'NONE',  ( -1.039996234918222795, -4.899999999999999467, 2.137514736226421963 ) ) ;
#2902 = EDGE_CURVE ( 'NONE', #278, #1100, #3178, .T. ) ;
#2903 = SURFACE_STYLE_FILL_AREA ( #1678 ) ;
#2904 = CARTESIAN_POINT ( 'NONE',  ( 0.01923076923076921796, -4.900000000000001243, 1.446596153846154476 ) ) ;
#2905 = CARTESIAN_POINT ( 'NONE',  ( -1.403846153846153966, -4.900000000000000355, 1.429168269230769450 ) ) ;
#2906 = DIRECTION ( 'NONE',  ( -0.000000000000000000, -0.000000000000000000, 1.000000000000000000 ) ) ;
#2908 = ORIENTED_EDGE ( 'NONE', *, *, #2641, .F. ) ;
#2907 = CARTESIAN_POINT ( 'NONE',  ( -1.398740829554301790, -4.950000000000001066, 1.332684172134450451 ) ) ;
#2909 = CARTESIAN_POINT ( 'NONE',  ( 2.000000000000000000, 1.699999999999998401, 8.800000000000000711 ) ) ;
#2910 = ORIENTED_EDGE ( 'NONE', *, *, #1870, .T. ) ;
#2911 = SURFACE_STYLE_USAGE ( .BOTH. , #1696 ) ;
#2912 =( NAMED_UNIT ( * ) PLANE_ANGLE_UNIT ( ) SI_UNIT ( $, .RADIAN. ) );
#2913 = LINE ( 'NONE', #2937, #3646 ) ;
#2914 = CARTESIAN_POINT ( 'NONE',  ( -1.173146694949831703, -4.900000000000000355, 1.243226521500661264 ) ) ;
#2915 = ADVANCED_FACE ( 'NONE', ( #1698 ), #2889, .T. ) ;
#2916 = LINE ( 'NONE', #239, #656 ) ;
#2917 = ORIENTED_EDGE ( 'NONE', *, *, #2768, .T. ) ;
#2918 = CARTESIAN_POINT ( 'NONE',  ( -0.7436952136968966176, -4.900000000000000355, 0.6805295155153724407 ) ) ;
#2920 = ORIENTED_EDGE ( 'NONE', *, *, #1612, .T. ) ;
#2919 = FACE_OUTER_BOUND ( 'NONE', #2163, .T. ) ;
#2921 = CARTESIAN_POINT ( 'NONE',  ( -0.5999999999999998668, -5.621938507872650703, 4.800000000000000711 ) ) ;
#2922 = EDGE_CURVE ( 'NONE', #1988, #1695, #310, .T. ) ;
#2923 = PLANE ( 'NONE',  #2135 ) ;
#2924 = CARTESIAN_POINT ( 'NONE',  ( -0.5525924589899398054, -4.949999999999998401, 2.026884553686973511 ) ) ;
#2925 = VECTOR ( 'NONE', #1545, 1000.000000000000000 ) ;
#2926 = CARTESIAN_POINT ( 'NONE',  ( -0.1926690997974138675, -4.900000000000001243, 1.425045901667517878 ) ) ;
#2927 = VECTOR ( 'NONE', #27, 1000.000000000000000 ) ;
#2928 = CARTESIAN_POINT ( 'NONE',  ( -0.1644053342259345629, -4.950000000000001066, 3.891661015591276751 ) ) ;
#2929 = CARTESIAN_POINT ( 'NONE',  ( -1.403846153846153966, -4.950000000000000178, 1.429168269230769450 ) ) ;
#2930 =( GEOMETRIC_REPRESENTATION_CONTEXT ( 3 ) GLOBAL_UNCERTAINTY_ASSIGNED_CONTEXT ( ( #3893 ) ) GLOBAL_UNIT_ASSIGNED_CONTEXT ( ( #292, #2729, #1202 ) ) REPRESENTATION_CONTEXT ( 'NONE', 'WORKASPACE' ) );
#2931 = FACE_OUTER_BOUND ( 'NONE', #2770, .T. ) ;
#2932 = VECTOR ( 'NONE', #2607, 1000.000000000000000 ) ;
#2933 = AXIS2_PLACEMENT_3D ( 'NONE', #3758, #149, #3233 ) ;
#2934 = EDGE_LOOP ( 'NONE', ( #2503, #1720, #820, #1391, #3650, #2481, #2027, #2202 ) ) ;
#2935 = CARTESIAN_POINT ( 'NONE',  ( -0.8408499225714139991, -4.900000000000002132, 2.206151175429825084 ) ) ;
#2936 = SURFACE_STYLE_USAGE ( .BOTH. , #505 ) ;
#2937 = CARTESIAN_POINT ( 'NONE',  ( 0.2999999999999999334, 3.709999999999999964, -3.850000000000000089 ) ) ;
#2938 = CARTESIAN_POINT ( 'NONE',  ( -1.084275035924330277, -4.899999999999999467, 1.046088179542357111 ) ) ;
#2939 = VERTEX_POINT ( 'NONE', #1833 ) ;
#2940 = VECTOR ( 'NONE', #3719, 1000.000000000000000 ) ;
#2941 = EDGE_LOOP ( 'NONE', ( #3108, #3412, #975, #373, #2509, #1258 ) ) ;
#2942 = PLANE ( 'NONE',  #192 ) ;
#2944 = ORIENTED_EDGE ( 'NONE', *, *, #2458, .T. ) ;
#2943 = CARTESIAN_POINT ( 'NONE',  ( -0.6444524761884077302, -4.900000000000001243, 0.6807053164106005028 ) ) ;
#2945 = B_SPLINE_SURFACE_WITH_KNOTS ( 'NONE', 3, 1, ( 
 ( #420, #3256 ),
 ( #148, #2338 ),
 ( #3819, #504 ),
 ( #821, #1078 ),
 ( #2629, #1716 ),
 ( #2885, #3798 ),
 ( #3883, #2042 ),
 ( #1368, #2961 ),
 ( #2592, #783 ),
 ( #1139, #2360 ),
 ( #3215, #1739 ),
 ( #486, #3195 ),
 ( #2901, #168 ),
 ( #235, #2292 ),
 ( #1058, #472 ),
 ( #2935, #1101 ),
 ( #1421, #1441 ),
 ( #3568, #3522 ),
 ( #213, #842 ) ),
 .UNSPECIFIED., .F., .F., .F.,
 ( 4, 1, 1, 1, 1, 1, 1, 1, 1, 1, 1, 1, 1, 1, 1, 1, 4 ),
 ( 2, 2 ),
 ( 0.000000000000000000, 0.07522634669089893478, 0.1465747215268523029, 0.2145002518264755020, 0.2795299716530229017, 0.3424029515883815211, 0.4034960527288083409, 0.4637616065030393808, 0.5238643590795867278, 0.5832517242549666303, 0.6413020392831351169, 0.6988977748564887404, 0.7562952438113087483, 0.8146278048129691474, 0.8743247683399979486, 0.9357832838625451677, 1.000000000000000000 ),
 ( 0.000000000000000000, 1.000000000000000000 ),
 .UNSPECIFIED. ) ;
#2946 =( GEOMETRIC_REPRESENTATION_CONTEXT ( 3 ) GLOBAL_UNCERTAINTY_ASSIGNED_CONTEXT ( ( #1236 ) ) GLOBAL_UNIT_ASSIGNED_CONTEXT ( ( #3920, #893, #1811 ) ) REPRESENTATION_CONTEXT ( 'NONE', 'WORKASPACE' ) );
#2947 = EDGE_CURVE ( 'NONE', #1204, #3555, #3056, .T. ) ;
#2948 = PRESENTATION_LAYER_ASSIGNMENT (  '', '', ( #1613 ) ) ;
#2949 = LINE ( 'NONE', #222, #225 ) ;
#2950 = CARTESIAN_POINT ( 'NONE',  ( -0.3308242160522387176, -4.949999999999999289, 0.7709358389776591602 ) ) ;
#2951 = CARTESIAN_POINT ( 'NONE',  ( -0.2000581896817733019, -4.950000000000000178, 1.314730799022110430 ) ) ;
#2952 = COLOUR_RGB ( '',1.000000000000000000, 0.8705882352941176627, 0.5254901960784313930 ) ;
#2953 = CARTESIAN_POINT ( 'NONE',  ( -0.04335328064945491444, -4.899999999999998579, 3.979264034030742359 ) ) ;
#2954 = DIRECTION ( 'NONE',  ( 0.000000000000000000, 0.000000000000000000, 1.000000000000000000 ) ) ;
#2955 = DIRECTION ( 'NONE',  ( 0.9653633930282671249, 0.000000000000000000, -0.2609090251427717555 ) ) ;
#2956 = FACE_OUTER_BOUND ( 'NONE', #2040, .T. ) ;
#2957 = VECTOR ( 'NONE', #626, 1000.000000000000000 ) ;
#2958 = PRESENTATION_LAYER_ASSIGNMENT (  '', '', ( #2317 ) ) ;
#2959 = ORIENTED_EDGE ( 'NONE', *, *, #736, .F. ) ;
#2960 = ORIENTED_EDGE ( 'NONE', *, *, #2810, .T. ) ;
#2961 = CARTESIAN_POINT ( 'NONE',  ( -1.293500239897594550, -4.949999999999997513, 1.894485640069700549 ) ) ;
#2962 = CARTESIAN_POINT ( 'NONE',  ( -0.6914062500000000000, -4.900000000000000355, 2.218230769230769006 ) ) ;
#2963 = CARTESIAN_POINT ( 'NONE',  ( -1.191351405816941655, -4.949999999999998401, 1.362881392803755309 ) ) ;
#2964 = ORIENTED_EDGE ( 'NONE', *, *, #1977, .F. ) ;
#2965 = ORIENTED_EDGE ( 'NONE', *, *, #1755, .T. ) ;
#2966 = CARTESIAN_POINT ( 'NONE',  ( -0.3346153846153847589, -4.900000000000000355, 3.968999999999999417 ) ) ;
#2967 = EDGE_LOOP ( 'NONE', ( #2786, #2102, #3083 ) ) ;
#2968 = FILL_AREA_STYLE ('',( #513 ) ) ;
#2969 = CARTESIAN_POINT ( 'NONE',  ( 0.01830076637220744151, -4.900000000000002132, 1.391139720170956329 ) ) ;
#2970 = SURFACE_STYLE_USAGE ( .BOTH. , #2055 ) ;
#2971 = DIRECTION ( 'NONE',  ( -0.000000000000000000, -1.000000000000000000, -0.000000000000000000 ) ) ;
#2972 = CARTESIAN_POINT ( 'NONE',  ( 1.749999999999999778, -1.699999999999999956, 2.299999999999982059 ) ) ;
#2973 = FILL_AREA_STYLE ('',( #3587 ) ) ;
#2974 = LINE ( 'NONE', #2377, #3260 ) ;
#2975 = CARTESIAN_POINT ( 'NONE',  ( -1.039996234918222795, -4.949999999999999289, 2.137514736226421963 ) ) ;
#2976 = DIRECTION ( 'NONE',  ( 1.000000000000000000, 0.000000000000000000, 0.000000000000000000 ) ) ;
#2977 = CARTESIAN_POINT ( 'NONE',  ( -1.045128530905781172, -4.950000000000000178, 1.903035480429482451 ) ) ;
#2978 = EDGE_CURVE ( 'NONE', #1062, #240, #256, .T. ) ;
#2979 =( NAMED_UNIT ( * ) PLANE_ANGLE_UNIT ( ) SI_UNIT ( $, .RADIAN. ) );
#2980 = ORIENTED_EDGE ( 'NONE', *, *, #3702, .F. ) ;
#2981 = CARTESIAN_POINT ( 'NONE',  ( -1.749999999999999778, 1.700000000000000178, 1.800000000000000488 ) ) ;
#2982 = CARTESIAN_POINT ( 'NONE',  ( -0.3346153846153847589, -4.900000000000000355, 3.968999999999999417 ) ) ;
#2983 = DIRECTION ( 'NONE',  ( 0.000000000000000000, 0.000000000000000000, 1.000000000000000000 ) ) ;
#2984 = ORIENTED_EDGE ( 'NONE', *, *, #469, .F. ) ;
#2985 = PRESENTATION_STYLE_ASSIGNMENT (( #1147 ) ) ;
#2986 = CARTESIAN_POINT ( 'NONE',  ( -0.5507357245509116872, -4.949999999999997513, 0.6922667053988554864 ) ) ;
#2987 = DIRECTION ( 'NONE',  ( 0.2425356250363290278, 0.000000000000000000, -0.9701425001453328756 ) ) ;
#2988 = CARTESIAN_POINT ( 'NONE',  ( -0.6762739832631198267, -4.950000000000000178, 0.6800828627205967036 ) ) ;
#2989 =( LENGTH_UNIT ( ) NAMED_UNIT ( * ) SI_UNIT ( .MILLI., .METRE. ) );
#2990 = CARTESIAN_POINT ( 'NONE',  ( 1.749999999999999778, 1.699999999999999956, 3.300000000000000266 ) ) ;
#2991 = CARTESIAN_POINT ( 'NONE',  ( -2.000000000000000000, 4.950000000000000178, 8.800000000000000711 ) ) ;
#2992 = EDGE_CURVE ( 'NONE', #2124, #1033, #3948, .T. ) ;
#2993 = CARTESIAN_POINT ( 'NONE',  ( -2.000000000000000000, -4.950000000000000178, 8.800000000000000711 ) ) ;
#2994 = ORIENTED_EDGE ( 'NONE', *, *, #2572, .F. ) ;
#2995 = MECHANICAL_DESIGN_GEOMETRIC_PRESENTATION_REPRESENTATION (  '', ( #3248 ), #323 ) ;
#2996 = ORIENTED_EDGE ( 'NONE', *, *, #482, .F. ) ;
#2997 = CARTESIAN_POINT ( 'NONE',  ( -0.6546854423974941550, -4.950000000000000178, 2.044374076295398357 ) ) ;
#2998 = LINE ( 'NONE', #1166, #2116 ) ;
#2999 = CARTESIAN_POINT ( 'NONE',  ( -0.3121868233946341054, -4.899999999999999467, 3.980550753931658470 ) ) ;
#3000 = APPLICATION_CONTEXT ( 'automotive_design' ) ;
#3001 = ADVANCED_FACE ( 'NONE', ( #3572 ), #3927, .F. ) ;
#3002 = DIRECTION ( 'NONE',  ( 0.000000000000000000, -1.000000000000000000, 0.000000000000000000 ) ) ;
#3003 = VERTEX_POINT ( 'NONE', #3654 ) ;
#3004 = VERTEX_POINT ( 'NONE', #627 ) ;
#3005 = CARTESIAN_POINT ( 'NONE',  ( 0.2607692307692308642, -4.900000000000000355, 2.199000000000000288 ) ) ;
#3006 = CARTESIAN_POINT ( 'NONE',  ( -1.271337713037318462, -4.899999999999999467, 0.9748699444154249605 ) ) ;
#3007 = CARTESIAN_POINT ( 'NONE',  ( -0.2156482414550271176, -4.949999999999996625, 0.8520969812119386644 ) ) ;
#3008 = CARTESIAN_POINT ( 'NONE',  ( -1.014434488494872388, -4.950000000000000178, 0.9700134349902422848 ) ) ;
#3009 = CARTESIAN_POINT ( 'NONE',  ( -0.5999999999999998668, -3.149999999999991473, 4.801000000000000156 ) ) ;
#3010 = COLOUR_RGB ( '',1.000000000000000000, 0.8705882352941176627, 0.5254901960784313930 ) ;
#3011 = DIRECTION ( 'NONE',  ( 0.000000000000000000, 0.000000000000000000, 1.000000000000000000 ) ) ;
#3012 =( NAMED_UNIT ( * ) PLANE_ANGLE_UNIT ( ) SI_UNIT ( $, .RADIAN. ) );
#3013 = DIRECTION ( 'NONE',  ( 0.000000000000000000, -0.000000000000000000, 1.000000000000000000 ) ) ;
#3014 = EDGE_CURVE ( 'NONE', #2216, #2751, #1168, .T. ) ;
#3015 = ORIENTED_EDGE ( 'NONE', *, *, #994, .T. ) ;
#3016 = FACE_OUTER_BOUND ( 'NONE', #3688, .T. ) ;
#3017 = CARTESIAN_POINT ( 'NONE',  ( -1.403324811568193775, -4.899999999999999467, 1.459241976356671744 ) ) ;
#3018 = SURFACE_SIDE_STYLE ('',( #3032 ) ) ;
#3019 =( GEOMETRIC_REPRESENTATION_CONTEXT ( 3 ) GLOBAL_UNCERTAINTY_ASSIGNED_CONTEXT ( ( #694 ) ) GLOBAL_UNIT_ASSIGNED_CONTEXT ( ( #1423, #1443, #3275 ) ) REPRESENTATION_CONTEXT ( 'NONE', 'WORKASPACE' ) );
#3020 = EDGE_CURVE ( 'NONE', #240, #832, #2750, .T. ) ;
#3021 = PRESENTATION_LAYER_ASSIGNMENT (  '', '', ( #2584 ) ) ;
#3022 = CARTESIAN_POINT ( 'NONE',  ( -1.318916798250017175, -4.900000000000000355, 1.057982756193093232 ) ) ;
#3023 = CARTESIAN_POINT ( 'NONE',  ( -0.09548377986032392795, -4.949999999999995737, 0.9985958883864456404 ) ) ;
#3024 = STYLED_ITEM ( 'NONE', ( #2208 ), #145 ) ;
#3025 = CARTESIAN_POINT ( 'NONE',  ( 1.499999999999999556, 1.699999999999999956, 1.800000000000000488 ) ) ;
#3026 = CARTESIAN_POINT ( 'NONE',  ( -1.192307692307692291, -4.950000000000001066, 1.426764423076923416 ) ) ;
#3027 = DIRECTION ( 'NONE',  ( 0.000000000000000000, 0.000000000000000000, 1.000000000000000000 ) ) ;
#3028 = CARTESIAN_POINT ( 'NONE',  ( -1.110504819028437673, -4.900000000000000355, 1.819323381091136227 ) ) ;
#3029 = EDGE_LOOP ( 'NONE', ( #2462, #2275, #1459, #983 ) ) ;
#3030 = CARTESIAN_POINT ( 'NONE',  ( -0.7957618213453714340, -4.900000000000000355, 0.8616042867902181657 ) ) ;
#3031 = CARTESIAN_POINT ( 'NONE',  ( 1.203076923076922933, -4.950000000000000178, 1.079709134615384647 ) ) ;
#3032 = SURFACE_STYLE_FILL_AREA ( #1741 ) ;
#3033 = CARTESIAN_POINT ( 'NONE',  ( 2.000000000000000000, -1.700000000000000178, 8.800000000000000711 ) ) ;
#3034 = ORIENTED_EDGE ( 'NONE', *, *, #2121, .T. ) ;
#3035 = VERTEX_POINT ( 'NONE', #864 ) ;
#3036 = CARTESIAN_POINT ( 'NONE',  ( -0.2999999999999999334, 3.709999999999999964, -3.850000000000000089 ) ) ;
#3037 = DIRECTION ( 'NONE',  ( 1.000000000000000000, 0.000000000000000000, 0.000000000000000000 ) ) ;
#3038 = CARTESIAN_POINT ( 'NONE',  ( -0.5050215480779610688, -4.900000000000000355, 0.7020646734225793884 ) ) ;
#3039 = PLANE ( 'NONE',  #3320 ) ;
#3040 = UNCERTAINTY_MEASURE_WITH_UNIT (LENGTH_MEASURE( 1.000000000000000082E-05 ), #2242, 'distance_accuracy_value', 'NONE');
#3041 = CARTESIAN_POINT ( 'NONE',  ( 0.05240384615384600930, -4.900000000000000355, 4.318999999999999950 ) ) ;
#3042 = PRESENTATION_LAYER_ASSIGNMENT (  '', '', ( #1259 ) ) ;
#3043 = EDGE_CURVE ( 'NONE', #2791, #3521, #2734, .T. ) ;
#3044 =( NAMED_UNIT ( * ) PLANE_ANGLE_UNIT ( ) SI_UNIT ( $, .RADIAN. ) );
#3045 = CARTESIAN_POINT ( 'NONE',  ( -0.7107634327365965898, -4.950000000000001066, 0.8532864669345422426 ) ) ;
#3046 = EDGE_CURVE ( 'NONE', #3818, #2424, #1541, .T. ) ;
#3047 = STYLED_ITEM ( 'NONE', ( #1136 ), #3552 ) ;
#3048 = PLANE ( 'NONE',  #1354 ) ;
#3049 =( LENGTH_UNIT ( ) NAMED_UNIT ( * ) SI_UNIT ( .MILLI., .METRE. ) );
#3050 = CARTESIAN_POINT ( 'NONE',  ( -0.6923076923076922906, -4.950000000000000178, 0.6797692307692310143 ) ) ;
#3051 = ORIENTED_EDGE ( 'NONE', *, *, #3427, .T. ) ;
#3052 = LINE ( 'NONE', #325, #831 ) ;
#3053 =( LENGTH_UNIT ( ) NAMED_UNIT ( * ) SI_UNIT ( .MILLI., .METRE. ) );
#3054 = CARTESIAN_POINT ( 'NONE',  ( -0.006156937761283829726, -4.900000000000001243, 4.225479639996301273 ) ) ;
#3055 = VECTOR ( 'NONE', #3037, 1000.000000000000000 ) ;
#3056 = LINE ( 'NONE', #3033, #641 ) ;
#3057 = ORIENTED_EDGE ( 'NONE', *, *, #3124, .T. ) ;
#3058 = ORIENTED_EDGE ( 'NONE', *, *, #537, .T. ) ;
#3059 = VECTOR ( 'NONE', #3781, 1000.000000000000000 ) ;
#3060 = VECTOR ( 'NONE', #3631, 1000.000000000000000 ) ;
#3061 = DIRECTION ( 'NONE',  ( -1.000000000000000000, 0.000000000000000000, 0.000000000000000000 ) ) ;
#3062 = CARTESIAN_POINT ( 'NONE',  ( -0.6923076923076922906, -4.949999999999995737, 0.6797692307692310143 ) ) ;
#3063 = PRESENTATION_STYLE_ASSIGNMENT (( #1788 ) ) ;
#3064 = CARTESIAN_POINT ( 'NONE',  ( 1.203076923076922933, -4.900000000000000355, 2.199000000000000288 ) ) ;
#3065 = AXIS2_PLACEMENT_3D ( 'NONE', #492, #3824, #2617 ) ;
#3066 = FILL_AREA_STYLE ('',( #579 ) ) ;
#3067 = EDGE_CURVE ( 'NONE', #1649, #133, #1808, .T. ) ;
#3068 =( GEOMETRIC_REPRESENTATION_CONTEXT ( 3 ) GLOBAL_UNCERTAINTY_ASSIGNED_CONTEXT ( ( #970 ) ) GLOBAL_UNIT_ASSIGNED_CONTEXT ( ( #1717, #2912, #1659 ) ) REPRESENTATION_CONTEXT ( 'NONE', 'WORKASPACE' ) );
#3069 = SURFACE_STYLE_USAGE ( .BOTH. , #1810 ) ;
#3070 = STYLED_ITEM ( 'NONE', ( #1604 ), #3954 ) ;
#3071 = STYLED_ITEM ( 'NONE', ( #2452 ), #3709 ) ;
#3072 = PRESENTATION_STYLE_ASSIGNMENT (( #661 ) ) ;
#3073 = EDGE_CURVE ( 'NONE', #1226, #2522, #395, .T. ) ;
#3074 = FILL_AREA_STYLE_COLOUR ( '', #228 ) ;
#3075 = VECTOR ( 'NONE', #1518, 1000.000000000000114 ) ;
#3076 = SURFACE_STYLE_FILL_AREA ( #2174 ) ;
#3077 = ORIENTED_EDGE ( 'NONE', *, *, #1994, .T. ) ;
#3078 = FILL_AREA_STYLE_COLOUR ( '', #3487 ) ;
#3079 = DIRECTION ( 'NONE',  ( -0.000000000000000000, -1.000000000000000000, -0.000000000000000000 ) ) ;
#3080 = DIRECTION ( 'NONE',  ( 0.000000000000000000, 0.000000000000000000, 1.000000000000000000 ) ) ;
#3081 = CARTESIAN_POINT ( 'NONE',  ( 0.000000000000000000, 0.000000000000000000, 1.800000000000000488 ) ) ;
#3082 = ORIENTED_EDGE ( 'NONE', *, *, #2168, .F. ) ;
#3083 = ORIENTED_EDGE ( 'NONE', *, *, #1632, .T. ) ;
#3084 = EDGE_LOOP ( 'NONE', ( #3687, #690, #3872, #628, #3231, #1163, #1537, #2405, #3236, #1743, #2175, #3170, #2358, #454 ) ) ;
#3085 = CARTESIAN_POINT ( 'NONE',  ( -1.356072059756735282, -4.900000000000000355, 1.146827919058313716 ) ) ;
#3086 = CARTESIAN_POINT ( 'NONE',  ( 2.000000000000000000, -4.950000000000000178, 8.800000000000000711 ) ) ;
#3087 = VECTOR ( 'NONE', #3080, 1000.000000000000000 ) ;
#3088 = CARTESIAN_POINT ( 'NONE',  ( -2.000000000000000000, -4.950000000000000178, 6.799999999999997158 ) ) ;
#3089 = CARTESIAN_POINT ( 'NONE',  ( -2.000000000000000000, -4.950000000000000178, -0.001000000000000024307 ) ) ;
#3090 = MECHANICAL_DESIGN_GEOMETRIC_PRESENTATION_REPRESENTATION (  '', ( #3656 ), #1873 ) ;
#3091 = PRESENTATION_STYLE_ASSIGNMENT (( #2032 ) ) ;
#3092 = ORIENTED_EDGE ( 'NONE', *, *, #3906, .T. ) ;
#3093 = CARTESIAN_POINT ( 'NONE',  ( -2.000000000000000000, 4.449999999999998401, 8.800000000000000711 ) ) ;
#3094 = DIRECTION ( 'NONE',  ( 0.2609090251427717555, 0.000000000000000000, -0.9653633930282671249 ) ) ;
#3095 = CARTESIAN_POINT ( 'NONE',  ( -0.7892674147457054978, -4.950000000000000178, 2.036817092688030684 ) ) ;
#3096 = CARTESIAN_POINT ( 'NONE',  ( -0.6923076923076922906, -4.900000000000000355, 0.6797692307692310143 ) ) ;
#3097 = EDGE_CURVE ( 'NONE', #141, #684, #3717, .T. ) ;
#3098 = ORIENTED_EDGE ( 'NONE', *, *, #3210, .F. ) ;
#3099 = ORIENTED_EDGE ( 'NONE', *, *, #3354, .F. ) ;
#3100 = DIRECTION ( 'NONE',  ( 0.000000000000000000, 1.155308383465049454E-12, -1.000000000000000000 ) ) ;
#3101 = CARTESIAN_POINT ( 'NONE',  ( -0.2066881749987712624, -4.950000000000000178, 2.035261450661260962 ) ) ;
#3102 =( NAMED_UNIT ( * ) PLANE_ANGLE_UNIT ( ) SI_UNIT ( $, .RADIAN. ) );
#3103 = FACE_OUTER_BOUND ( 'NONE', #324, .T. ) ;
#3104 = ORIENTED_EDGE ( 'NONE', *, *, #1294, .T. ) ;
#3105 = VERTEX_POINT ( 'NONE', #3428 ) ;
#3106 = ADVANCED_FACE ( 'NONE', ( #3155 ), #2544, .F. ) ;
#3107 = CARTESIAN_POINT ( 'NONE',  ( 0.1679487179487177406, -4.900000000000000355, 2.918999999999999595 ) ) ;
#3108 = ORIENTED_EDGE ( 'NONE', *, *, #1902, .T. ) ;
#3109 = CARTESIAN_POINT ( 'NONE',  ( 0.04433769939291457018, -4.900000000000000355, 4.303644784815269020 ) ) ;
#3110 = DIRECTION ( 'NONE',  ( 1.000000000000000000, 0.000000000000000000, 0.000000000000000000 ) ) ;
#3111 = CARTESIAN_POINT ( 'NONE',  ( -0.8911989616673782200, -4.950000000000000178, 0.7043723344427957889 ) ) ;
#3112 = VERTEX_POINT ( 'NONE', #686 ) ;
#3113 = COLOUR_RGB ( '',1.000000000000000000, 1.000000000000000000, 1.000000000000000000 ) ;
#3114 = PLANE ( 'NONE',  #3151 ) ;
#3115 = CARTESIAN_POINT ( 'NONE',  ( 0.05240384615384601624, -4.900000000000001243, 4.319000000000000838 ) ) ;
#3116 = VERTEX_POINT ( 'NONE', #3753 ) ;
#3117 = LINE ( 'NONE', #392, #1084 ) ;
#3118 = EDGE_CURVE ( 'NONE', #71, #963, #1919, .T. ) ;
#3119 = DIRECTION ( 'NONE',  ( 0.000000000000000000, 0.000000000000000000, -1.000000000000000000 ) ) ;
#3120 = FACE_OUTER_BOUND ( 'NONE', #932, .T. ) ;
#3121 = VERTEX_POINT ( 'NONE', #1940 ) ;
#3122 =( NAMED_UNIT ( * ) SI_UNIT ( $, .STERADIAN. ) SOLID_ANGLE_UNIT ( ) );
#3123 = CARTESIAN_POINT ( 'NONE',  ( 0.2999999999999999334, -3.710000000000000853, -3.479999999999997762 ) ) ;
#3124 = EDGE_CURVE ( 'NONE', #257, #3112, #2479, .T. ) ;
#3125 = CARTESIAN_POINT ( 'NONE',  ( -0.1924354135753512940, -4.900000000000000355, 1.462929136100723948 ) ) ;
#3126 = FILL_AREA_STYLE_COLOUR ( '', #2111 ) ;
#3127 = STYLED_ITEM ( 'NONE', ( #1917 ), #638 ) ;
#3128 = CARTESIAN_POINT ( 'NONE',  ( -0.1434541315651164384, -4.949999999999999289, 1.966553162418226197 ) ) ;
#3129 = ORIENTED_EDGE ( 'NONE', *, *, #31, .F. ) ;
#3130 = PLANE ( 'NONE',  #3264 ) ;
#3131 = STYLED_ITEM ( 'NONE', ( #2877 ), #753 ) ;
#3132 = AXIS2_PLACEMENT_3D ( 'NONE', #3918, #3605, #2117 ) ;
#3133 = DIRECTION ( 'NONE',  ( 1.000000000000000000, 0.000000000000000000, 0.000000000000000000 ) ) ;
#3134 = AXIS2_PLACEMENT_3D ( 'NONE', #2454, #3388, #3423 ) ;
#3135 = ORIENTED_EDGE ( 'NONE', *, *, #1772, .F. ) ;
#3136 = VECTOR ( 'NONE', #491, 1000.000000000000000 ) ;
#3137 = CARTESIAN_POINT ( 'NONE',  ( -0.09402793038128687275, -4.900000000000001243, 4.131179871662112646 ) ) ;
#3138 = DIRECTION ( 'NONE',  ( 0.000000000000000000, 0.000000000000000000, -1.000000000000000000 ) ) ;
#3139 = EDGE_LOOP ( 'NONE', ( #3822, #547, #26, #2910, #3058, #3372 ) ) ;
#3140 = DIRECTION ( 'NONE',  ( 0.5403350958123747105, 0.000000000000000000, -0.8414499297245390252 ) ) ;
#3142 = ORIENTED_EDGE ( 'NONE', *, *, #1433, .T. ) ;
#3141 = LINE ( 'NONE', #924, #460 ) ;
#3143 = CARTESIAN_POINT ( 'NONE',  ( -0.1926859564822426818, -4.899999999999999467, 1.492021363992232619 ) ) ;
#3144 = ORIENTED_EDGE ( 'NONE', *, *, #2536, .T. ) ;
#3145 =( GEOMETRIC_REPRESENTATION_CONTEXT ( 3 ) GLOBAL_UNCERTAINTY_ASSIGNED_CONTEXT ( ( #3198 ) ) GLOBAL_UNIT_ASSIGNED_CONTEXT ( ( #2494, #2868, #3164 ) ) REPRESENTATION_CONTEXT ( 'NONE', 'WORKASPACE' ) );
#3146 = EDGE_CURVE ( 'NONE', #3121, #1856, #1017, .T. ) ;
#3147 = CARTESIAN_POINT ( 'NONE',  ( 0.01444674375028893662, -4.900000000000000355, 1.554739873201401057 ) ) ;
#3148 = PRESENTATION_STYLE_ASSIGNMENT (( #3765 ) ) ;
#3149 = ADVANCED_FACE ( 'NONE', ( #3103 ), #3444, .F. ) ;
#3150 = FACE_OUTER_BOUND ( 'NONE', #2568, .T. ) ;
#3151 = AXIS2_PLACEMENT_3D ( 'NONE', #752, #243, #2893 ) ;
#3152 = VERTEX_POINT ( 'NONE', #1263 ) ;
#3153 = ORIENTED_EDGE ( 'NONE', *, *, #3779, .F. ) ;
#3154 = LINE ( 'NONE', #1955, #3723 ) ;
#3155 = FACE_OUTER_BOUND ( 'NONE', #508, .T. ) ;
#3156 =( NAMED_UNIT ( * ) SI_UNIT ( $, .STERADIAN. ) SOLID_ANGLE_UNIT ( ) );
#3157 = VERTEX_POINT ( 'NONE', #1560 ) ;
#3158 = DIRECTION ( 'NONE',  ( -1.000000000000000000, 0.000000000000000000, 0.000000000000000000 ) ) ;
#3159 = CARTESIAN_POINT ( 'NONE',  ( -1.135747210720196465, -4.900000000000002132, 1.768235068570109370 ) ) ;
#3160 = CARTESIAN_POINT ( 'NONE',  ( -0.6546854423974941550, -4.900000000000000355, 2.044374076295398357 ) ) ;
#3161 = SURFACE_SIDE_STYLE ('',( #1314 ) ) ;
#3162 = CARTESIAN_POINT ( 'NONE',  ( -0.01424150776035305009, -4.949999999999997513, 1.706807429145969612 ) ) ;
#3163 = PLANE ( 'NONE',  #3065 ) ;
#3164 =( NAMED_UNIT ( * ) SI_UNIT ( $, .STERADIAN. ) SOLID_ANGLE_UNIT ( ) );
#3165 = EDGE_CURVE ( 'NONE', #1785, #1323, #377, .T. ) ;
#3166 = CARTESIAN_POINT ( 'NONE',  ( -0.06705327225864127216, -4.949999999999999289, 1.845305213333761740 ) ) ;
#3167 = ADVANCED_FACE ( 'NONE', ( #3693 ), #705, .T. ) ;
#3168 = FILL_AREA_STYLE ('',( #2603 ) ) ;
#3170 = ORIENTED_EDGE ( 'NONE', *, *, #1016, .F. ) ;
#3169 = CARTESIAN_POINT ( 'NONE',  ( -1.356072059756735282, -4.900000000000000355, 1.146827919058313716 ) ) ;
#3171 = SURFACE_STYLE_FILL_AREA ( #2583 ) ;
#3172 = CARTESIAN_POINT ( 'NONE',  ( 0.4723076923076924283, -4.900000000000000355, 1.818290865384615707 ) ) ;
#3173 = DIRECTION ( 'NONE',  ( -0.000000000000000000, -1.000000000000000000, -0.000000000000000000 ) ) ;
#3174 = CARTESIAN_POINT ( 'NONE',  ( -0.2261616934517669819, -4.900000000000002132, 1.195854702436745853 ) ) ;
#3175 = VERTEX_POINT ( 'NONE', #2231 ) ;
#3176 = DIRECTION ( 'NONE',  ( 0.000000000000000000, 0.6246950475544235104, -0.7808688094430309423 ) ) ;
#3177 = DIRECTION ( 'NONE',  ( -0.000000000000000000, -0.7808688094430309423, -0.6246950475544235104 ) ) ;
#3178 = LINE ( 'NONE', #1661, #397 ) ;
#3179 = ORIENTED_EDGE ( 'NONE', *, *, #437, .T. ) ;
#3180 = CARTESIAN_POINT ( 'NONE',  ( -0.1153081852287480141, -4.900000000000000355, 1.928679775062734025 ) ) ;
#3181 = LINE ( 'NONE', #2578, #2430 ) ;
#3182 = CARTESIAN_POINT ( 'NONE',  ( -0.3346153846153847589, -4.950000000000000178, 3.968999999999999417 ) ) ;
#3183 = ADVANCED_FACE ( 'NONE', ( #417 ), #646, .F. ) ;
#3184 = PRESENTATION_LAYER_ASSIGNMENT (  '', '', ( #3762 ) ) ;
#3185 = CARTESIAN_POINT ( 'NONE',  ( -0.2156482414550271176, -4.950000000000001066, 0.8520969812119386644 ) ) ;
#3186 = CARTESIAN_POINT ( 'NONE',  ( -0.2466600957304613817, -4.900000000000000355, 1.142846417541327764 ) ) ;
#3188 = ORIENTED_EDGE ( 'NONE', *, *, #3043, .F. ) ;
#3187 = CARTESIAN_POINT ( 'NONE',  ( 1.203076923076922933, -4.900000000000000355, 1.079709134615384647 ) ) ;
#3189 = EDGE_CURVE ( 'NONE', #2125, #71, #1657, .T. ) ;
#3190 = CARTESIAN_POINT ( 'NONE',  ( -0.3346153846153847589, -4.900000000000000355, 3.803535256410256249 ) ) ;
#3191 = LINE ( 'NONE', #1436, #2387 ) ;
#3192 =( GEOMETRIC_REPRESENTATION_CONTEXT ( 3 ) GLOBAL_UNCERTAINTY_ASSIGNED_CONTEXT ( ( #2113 ) ) GLOBAL_UNIT_ASSIGNED_CONTEXT ( ( #744, #2882, #3156 ) ) REPRESENTATION_CONTEXT ( 'NONE', 'WORKASPACE' ) );
#3193 = FILL_AREA_STYLE_COLOUR ( '', #1407 ) ;
#3194 = ORIENTED_EDGE ( 'NONE', *, *, #3515, .F. ) ;
#3195 = CARTESIAN_POINT ( 'NONE',  ( -1.099186450780427871, -4.949999999999998401, 2.101454857183637337 ) ) ;
#3196 = PRESENTATION_STYLE_ASSIGNMENT (( #2530 ) ) ;
#3197 = CARTESIAN_POINT ( 'NONE',  ( -0.2943445044346603701, -4.899999999999999467, 3.820100432631312604 ) ) ;
#3198 = UNCERTAINTY_MEASURE_WITH_UNIT (LENGTH_MEASURE( 1.000000000000000082E-05 ), #2494, 'distance_accuracy_value', 'NONE');
#3199 =( NAMED_UNIT ( * ) PLANE_ANGLE_UNIT ( ) SI_UNIT ( $, .RADIAN. ) );
#3200 = ORIENTED_EDGE ( 'NONE', *, *, #2278, .T. ) ;
#3201 = CARTESIAN_POINT ( 'NONE',  ( 0.006776286057893926920, -4.899999999999999467, 1.283912960790513758 ) ) ;
#3202 = FILL_AREA_STYLE ('',( #1991 ) ) ;
#3203 = CARTESIAN_POINT ( 'NONE',  ( -0.4291446019956375313, -4.899999999999998579, 1.971233929658173123 ) ) ;
#3204 = AXIS2_PLACEMENT_3D ( 'NONE', #163, #2587, #1418 ) ;
#3205 = PRESENTATION_STYLE_ASSIGNMENT (( #3748 ) ) ;
#3207 = EDGE_LOOP ( 'NONE', ( #81, #50, #1264, #2343 ) ) ;
#3206 = DIRECTION ( 'NONE',  ( 0.000000000000000000, 0.000000000000000000, -1.000000000000000000 ) ) ;
#3208 = CARTESIAN_POINT ( 'NONE',  ( -1.499999999999999556, 1.699999999999999956, 1.800000000000000488 ) ) ;
#3209 =( GEOMETRIC_REPRESENTATION_CONTEXT ( 3 ) GLOBAL_UNCERTAINTY_ASSIGNED_CONTEXT ( ( #55 ) ) GLOBAL_UNIT_ASSIGNED_CONTEXT ( ( #2409, #2724, #618 ) ) REPRESENTATION_CONTEXT ( 'NONE', 'WORKASPACE' ) );
#3210 = EDGE_CURVE ( 'NONE', #182, #1721, #1382, .T. ) ;
#3211 = DIRECTION ( 'NONE',  ( 0.000000000000000000, 0.000000000000000000, 1.000000000000000000 ) ) ;
#3212 = AXIS2_PLACEMENT_3D ( 'NONE', #3025, #1488, #911 ) ;
#3213 = EDGE_LOOP ( 'NONE', ( #88, #1709, #3889, #1425 ) ) ;
#3214 = MECHANICAL_DESIGN_GEOMETRIC_PRESENTATION_REPRESENTATION (  '', ( #3024 ), #2533 ) ;
#3215 = CARTESIAN_POINT ( 'NONE',  ( -1.154335916617327262, -4.900000000000000355, 2.058223720444909866 ) ) ;
#3216 = CARTESIAN_POINT ( 'NONE',  ( -0.8364650200922034706, -4.900000000000000355, 2.025847709339410940 ) ) ;
#3217 = CARTESIAN_POINT ( 'NONE',  ( -1.499999999999999556, 1.699999999999999956, 3.300000000000000266 ) ) ;
#3218 = LINE ( 'NONE', #1964, #2690 ) ;
#3219 = CARTESIAN_POINT ( 'NONE',  ( -0.7095474906652036173, -4.900000000000000355, 0.6800242957220333784 ) ) ;
#3220 = CARTESIAN_POINT ( 'NONE',  ( -0.05030635405410792405, -4.900000000000001243, 1.087124791514010314 ) ) ;
#3221 = SURFACE_STYLE_USAGE ( .BOTH. , #476 ) ;
#3222 = ORIENTED_EDGE ( 'NONE', *, *, #1632, .F. ) ;
#3223 = CARTESIAN_POINT ( 'NONE',  ( -0.2381683389844992393, -4.899999999999999467, 1.728332656255448185 ) ) ;
#3224 = CARTESIAN_POINT ( 'NONE',  ( -0.4081063701350364226, -4.949999999999999289, 0.9392661059114010280 ) ) ;
#3226 = VERTEX_POINT ( 'NONE', #125 ) ;
#3225 = CARTESIAN_POINT ( 'NONE',  ( -1.392369208108822365, -4.899999999999998579, 1.285296950511629399 ) ) ;
#3227 = SURFACE_STYLE_USAGE ( .BOTH. , #2014 ) ;
#3228 = LINE ( 'NONE', #500, #520 ) ;
#3229 = DIRECTION ( 'NONE',  ( 0.000000000000000000, -1.000000000000000000, 0.000000000000000000 ) ) ;
#3230 = CARTESIAN_POINT ( 'NONE',  ( -0.7403127493227932288, -4.950000000000001066, 2.044158712657190957 ) ) ;
#3231 = ORIENTED_EDGE ( 'NONE', *, *, #2837, .F. ) ;
#3232 = CARTESIAN_POINT ( 'NONE',  ( -0.2522833121817700253, -4.949999999999999289, 1.762656636853738190 ) ) ;
#3233 = DIRECTION ( 'NONE',  ( 0.000000000000000000, -1.000000000000000000, 0.000000000000000000 ) ) ;
#3234 = LINE ( 'NONE', #3217, #3919 ) ;
#3235 = CARTESIAN_POINT ( 'NONE',  ( -0.8440314180354008267, -4.900000000000000355, 0.8735218177870142098 ) ) ;
#3236 = ORIENTED_EDGE ( 'NONE', *, *, #773, .F. ) ;
#3237 = ORIENTED_EDGE ( 'NONE', *, *, #1090, .T. ) ;
#3238 = CARTESIAN_POINT ( 'NONE',  ( 0.5999999999999998668, -3.649999999999991918, 5.301000000000001044 ) ) ;
#3239 = EDGE_CURVE ( 'NONE', #3469, #2791, #818, .T. ) ;
#3240 = CARTESIAN_POINT ( 'NONE',  ( -0.9824953856214765358, -4.900000000000001243, 0.7363992990259604632 ) ) ;
#3241 = CARTESIAN_POINT ( 'NONE',  ( 0.5999999999999998668, -3.649999999999991918, 6.801000000000001933 ) ) ;
#3242 = DIRECTION ( 'NONE',  ( -1.000000000000000000, -0.000000000000000000, -0.000000000000000000 ) ) ;
#3243 = LINE ( 'NONE', #3530, #1936 ) ;
#3244 = DIRECTION ( 'NONE',  ( -0.000000000000000000, -1.000000000000000000, -0.000000000000000000 ) ) ;
#3245 = VECTOR ( 'NONE', #2164, 1000.000000000000000 ) ;
#3246 = B_SPLINE_CURVE_WITH_KNOTS ( 'NONE', 3,
 ( #1015, #3774, #666, #2229, #61, #1598, #1621, #2214, #1283, #123, #1035 ),
 .UNSPECIFIED., .F., .F.,
 ( 4, 1, 1, 1, 1, 1, 1, 1, 4 ),
 ( 0.000000000000000000, 0.1116703001015861979, 0.2320944808560174710, 0.3627434591045531342, 0.5025575097108854195, 0.6415251033312814322, 0.7710984952996684516, 0.8901617573732530930, 1.000000000000000000 ),
 .UNSPECIFIED. ) ;
#3247 = CARTESIAN_POINT ( 'NONE',  ( -0.1923076923076923739, -4.900000000000000355, 1.448098557692307775 ) ) ;
#3248 = STYLED_ITEM ( 'NONE', ( #3394 ), #3167 ) ;
#3249 = COLOUR_RGB ( '',1.000000000000000000, 0.8705882352941176627, 0.5254901960784313930 ) ;
#3250 = LINE ( 'NONE', #3208, #810 ) ;
#3251 = CARTESIAN_POINT ( 'NONE',  ( -1.392817751738208543, -4.950000000000000178, 1.603163987651380573 ) ) ;
#3252 =( NAMED_UNIT ( * ) PLANE_ANGLE_UNIT ( ) SI_UNIT ( $, .RADIAN. ) );
#3253 = MECHANICAL_DESIGN_GEOMETRIC_PRESENTATION_REPRESENTATION (  '', ( #1152 ), #200 ) ;
#3254 =( GEOMETRIC_REPRESENTATION_CONTEXT ( 3 ) GLOBAL_UNCERTAINTY_ASSIGNED_CONTEXT ( ( #3861 ) ) GLOBAL_UNIT_ASSIGNED_CONTEXT ( ( #2226, #1875, #2500 ) ) REPRESENTATION_CONTEXT ( 'NONE', 'WORKASPACE' ) );
#3255 = ORIENTED_EDGE ( 'NONE', *, *, #2301, .F. ) ;
#3256 = CARTESIAN_POINT ( 'NONE',  ( -1.403846153846153966, -4.949999999999998401, 1.429168269230769450 ) ) ;
#3257 = CARTESIAN_POINT ( 'NONE',  ( 2.000000000000000000, 1.699999999999999956, 1.800000000000000488 ) ) ;
#3258 = CARTESIAN_POINT ( 'NONE',  ( -0.7107634327365965898, -4.950000000000001066, 0.8532864669345422426 ) ) ;
#3259 = PRODUCT_RELATED_PRODUCT_CATEGORY ( 'part', '', ( #1635 ) ) ;
#3260 = VECTOR ( 'NONE', #1455, 1000.000000000000114 ) ;
#3261 = SURFACE_STYLE_FILL_AREA ( #2261 ) ;
#3262 = VECTOR ( 'NONE', #459, 1000.000000000000000 ) ;
#3263 = EDGE_CURVE ( 'NONE', #153, #1062, #146, .T. ) ;
#3264 = AXIS2_PLACEMENT_3D ( 'NONE', #3451, #1645, #1570 ) ;
#3265 = CARTESIAN_POINT ( 'NONE',  ( -0.03153944770285193461, -4.949999999999999289, 1.134017246907397025 ) ) ;
#3266 = EDGE_CURVE ( 'NONE', #1281, #3475, #484, .T. ) ;
#3267 = PLANE ( 'NONE',  #680 ) ;
#3268 = VECTOR ( 'NONE', #743, 1000.000000000000114 ) ;
#3269 = SURFACE_SIDE_STYLE ('',( #839 ) ) ;
#3270 = CARTESIAN_POINT ( 'NONE',  ( -0.9254195150221582455, -4.949999999999997513, 1.990204940854382487 ) ) ;
#3271 = MECHANICAL_DESIGN_GEOMETRIC_PRESENTATION_REPRESENTATION (  '', ( #2450 ), #1045 ) ;
#3272 = DIRECTION ( 'NONE',  ( 1.000000000000000000, 0.000000000000000000, 0.000000000000000000 ) ) ;
#3273 = ORIENTED_EDGE ( 'NONE', *, *, #1120, .F. ) ;
#3274 = CARTESIAN_POINT ( 'NONE',  ( -0.5999999999999998668, -6.449999999999992184, 6.801000000000001933 ) ) ;
#3275 =( NAMED_UNIT ( * ) SI_UNIT ( $, .STERADIAN. ) SOLID_ANGLE_UNIT ( ) );
#3276 = CARTESIAN_POINT ( 'NONE',  ( 1.499999999999999556, -1.699999999999999956, 1.800000000000000488 ) ) ;
#3277 = CARTESIAN_POINT ( 'NONE',  ( -0.5050215480779610688, -4.949999999999995737, 0.7020646734225793884 ) ) ;
#3278 = DIRECTION ( 'NONE',  ( -0.000000000000000000, -1.000000000000000000, -0.000000000000000000 ) ) ;
#3279 = CARTESIAN_POINT ( 'NONE',  ( -0.5999999999999998668, -3.649999999999991918, 5.301000000000001044 ) ) ;
#3280 = ADVANCED_FACE ( 'NONE', ( #209 ), #1768, .T. ) ;
#3281 = CARTESIAN_POINT ( 'NONE',  ( -0.5507357245509116872, -4.950000000000001954, 0.6922667053988554864 ) ) ;
#3282 = DIRECTION ( 'NONE',  ( 0.000000000000000000, 0.000000000000000000, -1.000000000000000000 ) ) ;
#3283 = EDGE_CURVE ( 'NONE', #1640, #3175, #2139, .T. ) ;
#3284 = CARTESIAN_POINT ( 'NONE',  ( 0.2999999999999999334, -3.910000000000001030, -0.001000000000000132727 ) ) ;
#3285 = DIRECTION ( 'NONE',  ( 1.000000000000000000, 0.000000000000000000, 0.000000000000000000 ) ) ;
#3286 = PRESENTATION_LAYER_ASSIGNMENT (  '', '', ( #2021 ) ) ;
#3287 = VERTEX_POINT ( 'NONE', #587 ) ;
#3288 = CARTESIAN_POINT ( 'NONE',  ( -0.8440314180354008267, -4.900000000000000355, 0.8735218177870142098 ) ) ;
#3289 = CARTESIAN_POINT ( 'NONE',  ( -0.3346153846153847589, -4.950000000000000178, 3.968999999999999417 ) ) ;
#3290 = CARTESIAN_POINT ( 'NONE',  ( -0.09402793038128687275, -4.950000000000001066, 4.131179871662112646 ) ) ;
#3291 = ORIENTED_EDGE ( 'NONE', *, *, #2075, .F. ) ;
#3292 = ORIENTED_EDGE ( 'NONE', *, *, #2902, .T. ) ;
#3293 =( NAMED_UNIT ( * ) SI_UNIT ( $, .STERADIAN. ) SOLID_ANGLE_UNIT ( ) );
#3294 = LINE ( 'NONE', #1229, #2925 ) ;
#3295 = CARTESIAN_POINT ( 'NONE',  ( -0.05030635405410792405, -4.949999999999996625, 1.087124791514010314 ) ) ;
#3296 = CARTESIAN_POINT ( 'NONE',  ( 1.414615384615384830, -4.950000000000000178, 0.6990000000000001767 ) ) ;
#3297 = CARTESIAN_POINT ( 'NONE',  ( -0.9753436267981396846, -4.949999999999999289, 0.9385692820906487155 ) ) ;
#3298 = PRESENTATION_STYLE_ASSIGNMENT (( #3879 ) ) ;
#3299 = EDGE_CURVE ( 'NONE', #2628, #1203, #1796, .T. ) ;
#3300 = CARTESIAN_POINT ( 'NONE',  ( 0.000000000000000000, 0.000000000000000000, -3.850000000000000089 ) ) ;
#3301 = B_SPLINE_CURVE_WITH_KNOTS ( 'NONE', 3,
 ( #3507, #3219, #2918, #194, #3850, #2028, #2658, #3240, #3873, #2347, #827, #2052, #536, #1191, #32, #3006, #2132, #3022, #1484, #3085, #3933, #1210, #2723, #281, #2428, #15, #314 ),
 .UNSPECIFIED., .F., .F.,
 ( 4, 1, 1, 1, 1, 1, 1, 1, 1, 1, 1, 1, 1, 1, 1, 1, 1, 1, 1, 1, 1, 1, 1, 1, 4 ),
 ( 0.000000000000000000, 0.04469699988991691214, 0.08853356291858741067, 0.1314091332352274044, 0.1738139421467782275, 0.2157145332694448969, 0.2572471603264206430, 0.2988479641797118225, 0.3406041827148142409, 0.3820294481091343064, 0.4229697500404857591, 0.4636322295306196106, 0.5040475437003945069, 0.5445912057564574749, 0.5849639251690935682, 0.6262652162680830692, 0.6679794005009904723, 0.7099427472053505550, 0.7513818550852254807, 0.7926185649779642350, 0.8339484357458205599, 0.8750080506311037620, 0.9164455302232757949, 0.9579066137283073212, 1.000000000000000000 ),
 .UNSPECIFIED. ) ;
#3302 =( NAMED_UNIT ( * ) SI_UNIT ( $, .STERADIAN. ) SOLID_ANGLE_UNIT ( ) );
#3303 = MECHANICAL_DESIGN_GEOMETRIC_PRESENTATION_REPRESENTATION (  '', ( #588 ), #1890 ) ;
#3304 = PRESENTATION_STYLE_ASSIGNMENT (( #3 ) ) ;
#3305 = EDGE_CURVE ( 'NONE', #3376, #2291, #603, .T. ) ;
#3306 = ORIENTED_EDGE ( 'NONE', *, *, #344, .T. ) ;
#3307 = AXIS2_PLACEMENT_3D ( 'NONE', #276, #3002, #3352 ) ;
#3308 = CARTESIAN_POINT ( 'NONE',  ( -1.113380396623695923, -4.900000000000000355, 1.089966371421184466 ) ) ;
#3309 = CARTESIAN_POINT ( 'NONE',  ( -1.327449009266725710, -4.900000000000000355, 1.828965873934041086 ) ) ;
#3310 = VECTOR ( 'NONE', #3814, 1000.000000000000000 ) ;
#3311 = SURFACE_SIDE_STYLE ('',( #1802 ) ) ;
#3312 = VECTOR ( 'NONE', #286, 1000.000000000000000 ) ;
#3313 = PLANE ( 'NONE',  #1536 ) ;
#3314 = CARTESIAN_POINT ( 'NONE',  ( 0.2607692307692308642, -4.900000000000000355, 0.6990000000000001767 ) ) ;
#3315 =( LENGTH_UNIT ( ) NAMED_UNIT ( * ) SI_UNIT ( .MILLI., .METRE. ) );
#3316 = VECTOR ( 'NONE', #3094, 1000.000000000000114 ) ;
#3317 = LINE ( 'NONE', #974, #988 ) ;
#3318 = LINE ( 'NONE', #637, #586 ) ;
#3319 = VECTOR ( 'NONE', #2753, 1000.000000000000114 ) ;
#3320 = AXIS2_PLACEMENT_3D ( 'NONE', #315, #597, #2071 ) ;
#3321 = SURFACE_STYLE_USAGE ( .BOTH. , #1794 ) ;
#3322 = VECTOR ( 'NONE', #363, 1000.000000000000000 ) ;
#3323 = DIRECTION ( 'NONE',  ( -1.000000000000000000, 0.000000000000000000, 0.000000000000000000 ) ) ;
#3324 = CARTESIAN_POINT ( 'NONE',  ( 0.2000000000000005107, 0.000000000000000000, -3.850000000000000089 ) ) ;
#3325 = ORIENTED_EDGE ( 'NONE', *, *, #2168, .T. ) ;
#3326 = ORIENTED_EDGE ( 'NONE', *, *, #2818, .F. ) ;
#3327 = DIRECTION ( 'NONE',  ( 0.000000000000000000, -1.000000000000000000, 0.000000000000000000 ) ) ;
#3328 = PRESENTATION_STYLE_ASSIGNMENT (( #2936 ) ) ;
#3329 = ADVANCED_FACE ( 'NONE', ( #2956 ), #2356, .F. ) ;
#3330 = DIRECTION ( 'NONE',  ( -0.000000000000000000, -1.000000000000000000, -0.000000000000000000 ) ) ;
#3331 = PRESENTATION_STYLE_ASSIGNMENT (( #1188 ) ) ;
#3332 = VECTOR ( 'NONE', #3229, 1000.000000000000000 ) ;
#3333 = ORIENTED_EDGE ( 'NONE', *, *, #2121, .F. ) ;
#3334 = ORIENTED_EDGE ( 'NONE', *, *, #1016, .T. ) ;
#3335 =( LENGTH_UNIT ( ) NAMED_UNIT ( * ) SI_UNIT ( .MILLI., .METRE. ) );
#3336 = LINE ( 'NONE', #575, #3055 ) ;
#3337 = CARTESIAN_POINT ( 'NONE',  ( -0.4162377479396146551, -4.949999999999996625, 0.7310299466340782759 ) ) ;
#3338 = ADVANCED_FACE ( 'NONE', ( #1437 ), #1475, .T. ) ;
#3339 = CARTESIAN_POINT ( 'NONE',  ( -0.5999999999999998668, -4.949999999999999289, 6.799999999999997158 ) ) ;
#3340 = CARTESIAN_POINT ( 'NONE',  ( 1.191057692307692317, -4.900000000000000355, 0.6990000000000001767 ) ) ;
#3341 = UNCERTAINTY_MEASURE_WITH_UNIT (LENGTH_MEASURE( 1.000000000000000082E-05 ), #233, 'distance_accuracy_value', 'NONE');
#3342 = PLANE ( 'NONE',  #3212 ) ;
#3343 = PLANE ( 'NONE',  #2763 ) ;
#3344 = FILL_AREA_STYLE_COLOUR ( '', #1509 ) ;
#3345 = CARTESIAN_POINT ( 'NONE',  ( -0.01153846153846170217, -4.950000000000000178, 2.918999999999999595 ) ) ;
#3346 = CARTESIAN_POINT ( 'NONE',  ( -1.156824142783870135, -4.949999999999999289, 1.711481831248793828 ) ) ;
#3347 = ORIENTED_EDGE ( 'NONE', *, *, #301, .T. ) ;
#3348 = ORIENTED_EDGE ( 'NONE', *, *, #1197, .F. ) ;
#3349 = CARTESIAN_POINT ( 'NONE',  ( -0.3744451644323489314, -4.949999999999999289, 1.930445557770569698 ) ) ;
#3350 = CARTESIAN_POINT ( 'NONE',  ( -0.1926859564822426818, -4.899999999999999467, 1.492021363992232619 ) ) ;
#3351 = CARTESIAN_POINT ( 'NONE',  ( -0.04634230594940622755, -4.899999999999999467, 4.178117614143099345 ) ) ;
#3352 = DIRECTION ( 'NONE',  ( 0.000000000000000000, -0.000000000000000000, -1.000000000000000000 ) ) ;
#3353 = ORIENTED_EDGE ( 'NONE', *, *, #2190, .T. ) ;
#3354 = EDGE_CURVE ( 'NONE', #966, #112, #2843, .T. ) ;
#3355 = VECTOR ( 'NONE', #3607, 1000.000000000000000 ) ;
#3356 = DIRECTION ( 'NONE',  ( 0.000000000000000000, 1.000000000000000000, 0.000000000000000000 ) ) ;
#3357 = CARTESIAN_POINT ( 'NONE',  ( -0.1472225919158462459, -4.899999999999999467, 4.085260596303617930 ) ) ;
#3358 = DIRECTION ( 'NONE',  ( -1.000000000000000000, 0.000000000000000000, 0.000000000000000000 ) ) ;
#3359 = UNCERTAINTY_MEASURE_WITH_UNIT (LENGTH_MEASURE( 1.000000000000000082E-05 ), #3921, 'distance_accuracy_value', 'NONE');
#3360 =( LENGTH_UNIT ( ) NAMED_UNIT ( * ) SI_UNIT ( .MILLI., .METRE. ) );
#3361 = ADVANCED_FACE ( 'NONE', ( #682 ), #950, .F. ) ;
#3362 = CARTESIAN_POINT ( 'NONE',  ( -0.5971619700326701308, -4.949999999999998401, 0.6849298835978874234 ) ) ;
#3363 = CARTESIAN_POINT ( 'NONE',  ( -0.5999999999999998668, -6.449999999999992184, 6.801000000000001933 ) ) ;
#3364 = DIRECTION ( 'NONE',  ( -0.000000000000000000, 0.000000000000000000, -1.000000000000000000 ) ) ;
#3365 = FILL_AREA_STYLE_COLOUR ( '', #835 ) ;
#3366 = EDGE_LOOP ( 'NONE', ( #2342, #3846, #2689, #740 ) ) ;
#3367 = LINE ( 'NONE', #3391, #2623 ) ;
#3368 = CARTESIAN_POINT ( 'NONE',  ( 0.5999999999999998668, -3.448749999999992433, 8.001000000000001222 ) ) ;
#3369 = CARTESIAN_POINT ( 'NONE',  ( 2.000000000000000000, -4.950000000000000178, 6.799999999999997158 ) ) ;
#3370 = STYLED_ITEM ( 'NONE', ( #2985 ), #166 ) ;
#3371 = DIRECTION ( 'NONE',  ( 0.000000000000000000, -1.000000000000000000, 0.000000000000000000 ) ) ;
#3372 = ORIENTED_EDGE ( 'NONE', *, *, #1694, .T. ) ;
#3373 = ORIENTED_EDGE ( 'NONE', *, *, #1116, .T. ) ;
#3374 = STYLED_ITEM ( 'NONE', ( #2650 ), #3183 ) ;
#3375 = AXIS2_PLACEMENT_3D ( 'NONE', #2787, #89, #3751 ) ;
#3376 = VERTEX_POINT ( 'NONE', #1594 ) ;
#3377 = CARTESIAN_POINT ( 'NONE',  ( 0.000000000000000000, 0.000000000000000000, -0.001000000000000024307 ) ) ;
#3378 = CARTESIAN_POINT ( 'NONE',  ( 0.2607692307692308642, -4.900000000000000355, 2.199000000000000288 ) ) ;
#3379 = CARTESIAN_POINT ( 'NONE',  ( -0.3346153846153847589, -4.900000000000000355, 3.803535256410256249 ) ) ;
#3380 = VECTOR ( 'NONE', #3478, 1000.000000000000000 ) ;
#3381 = AXIS2_PLACEMENT_3D ( 'NONE', #2867, #1086, #1990 ) ;
#3382 = PRESENTATION_LAYER_ASSIGNMENT (  '', '', ( #2296 ) ) ;
#3383 = DIRECTION ( 'NONE',  ( 1.000000000000000000, 0.000000000000000000, 0.000000000000000000 ) ) ;
#3384 = ADVANCED_FACE ( 'NONE', ( #1012 ), #2018, .T. ) ;
#3385 = CARTESIAN_POINT ( 'NONE',  ( -0.1923076923076923739, -4.950000000000000178, 1.448098557692307775 ) ) ;
#3386 = ADVANCED_FACE ( 'NONE', ( #121 ), #3493, .T. ) ;
#3387 =( GEOMETRIC_REPRESENTATION_CONTEXT ( 3 ) GLOBAL_UNCERTAINTY_ASSIGNED_CONTEXT ( ( #1194 ) ) GLOBAL_UNIT_ASSIGNED_CONTEXT ( ( #3335, #1228, #3293 ) ) REPRESENTATION_CONTEXT ( 'NONE', 'WORKASPACE' ) );
#3388 = DIRECTION ( 'NONE',  ( 0.000000000000000000, 1.000000000000000000, 0.000000000000000000 ) ) ;
#3389 = AXIS2_PLACEMENT_3D ( 'NONE', #300, #2678, #2408 ) ;
#3390 = ORIENTED_EDGE ( 'NONE', *, *, #2075, .T. ) ;
#3391 = CARTESIAN_POINT ( 'NONE',  ( -0.6923076923076922906, -4.900000000000000355, 0.6797692307692310143 ) ) ;
#3392 = SURFACE_STYLE_FILL_AREA ( #2263 ) ;
#3393 = PLANE ( 'NONE',  #3513 ) ;
#3394 = PRESENTATION_STYLE_ASSIGNMENT (( #431 ) ) ;
#3395 = ORIENTED_EDGE ( 'NONE', *, *, #2978, .T. ) ;
#3396 = ORIENTED_EDGE ( 'NONE', *, *, #318, .F. ) ;
#3397 = CARTESIAN_POINT ( 'NONE',  ( 0.000000000000000000, 0.000000000000000000, 8.800000000000000711 ) ) ;
#3398 = ORIENTED_EDGE ( 'NONE', *, *, #3305, .F. ) ;
#3399 = FILL_AREA_STYLE_COLOUR ( '', #261 ) ;
#3400 = FILL_AREA_STYLE ('',( #1312 ) ) ;
#3401 = CARTESIAN_POINT ( 'NONE',  ( 1.499999999999999556, -1.699999999999999956, 3.300000000000000266 ) ) ;
#3402 = UNCERTAINTY_MEASURE_WITH_UNIT (LENGTH_MEASURE( 1.000000000000000082E-05 ), #2733, 'distance_accuracy_value', 'NONE');
#3403 = LINE ( 'NONE', #1629, #1789 ) ;
#3404 = VECTOR ( 'NONE', #2093, 1000.000000000000000 ) ;
#3405 = CARTESIAN_POINT ( 'NONE',  ( -0.6744707603935745643, -4.900000000000001243, 2.217935043699853281 ) ) ;
#3406 = FILL_AREA_STYLE_COLOUR ( '', #461 ) ;
#3407 = VECTOR ( 'NONE', #2825, 1000.000000000000000 ) ;
#3408 = EDGE_CURVE ( 'NONE', #1515, #100, #776, .T. ) ;
#3409 =( NAMED_UNIT ( * ) PLANE_ANGLE_UNIT ( ) SI_UNIT ( $, .RADIAN. ) );
#3410 = ADVANCED_FACE ( 'NONE', ( #560 ), #3267, .F. ) ;
#3411 = ORIENTED_EDGE ( 'NONE', *, *, #1732, .T. ) ;
#3412 = ORIENTED_EDGE ( 'NONE', *, *, #3118, .F. ) ;
#3413 =( LENGTH_UNIT ( ) NAMED_UNIT ( * ) SI_UNIT ( .MILLI., .METRE. ) );
#3414 = ORIENTED_EDGE ( 'NONE', *, *, #2881, .F. ) ;
#3415 = EDGE_LOOP ( 'NONE', ( #1916, #387, #3882, #3142 ) ) ;
#3416 = CARTESIAN_POINT ( 'NONE',  ( -0.2000000000000005107, 0.000000000000000000, -3.850000000000000089 ) ) ;
#3417 = CARTESIAN_POINT ( 'NONE',  ( 0.000000000000000000, -2.449999999999991296, 8.800000000000000711 ) ) ;
#3418 = CARTESIAN_POINT ( 'NONE',  ( -0.5999999999999998668, -3.649999999999991918, 6.801000000000001933 ) ) ;
#3419 = CARTESIAN_POINT ( 'NONE',  ( -1.026187842148351237, -4.950000000000000178, 0.7567505720810479009 ) ) ;
#3420 = EDGE_LOOP ( 'NONE', ( #3144, #1558, #2437, #1803 ) ) ;
#3421 = LINE ( 'NONE', #2223, #3710 ) ;
#3422 = DIRECTION ( 'NONE',  ( 0.000000000000000000, 1.000000000000000000, 0.000000000000000000 ) ) ;
#3423 = DIRECTION ( 'NONE',  ( 0.000000000000000000, -0.000000000000000000, 1.000000000000000000 ) ) ;
#3424 = ORIENTED_EDGE ( 'NONE', *, *, #2947, .T. ) ;
#3425 = CARTESIAN_POINT ( 'NONE',  ( -0.2999999999999999334, 3.709999999999999964, -3.850000000000000089 ) ) ;
#3426 = CARTESIAN_POINT ( 'NONE',  ( -0.04634230594940622755, -4.949999999999999289, 4.178117614143099345 ) ) ;
#3427 = EDGE_CURVE ( 'NONE', #193, #3116, #1180, .T. ) ;
#3428 = CARTESIAN_POINT ( 'NONE',  ( 0.2999999999999999334, -3.910000000000001030, -3.479999999999997762 ) ) ;
#3429 = ORIENTED_EDGE ( 'NONE', *, *, #53, .F. ) ;
#3430 = DIRECTION ( 'NONE',  ( -0.000000000000000000, -1.000000000000000000, -0.000000000000000000 ) ) ;
#3431 = VECTOR ( 'NONE', #3356, 1000.000000000000000 ) ;
#3432 = CARTESIAN_POINT ( 'NONE',  ( -0.2522833121817700253, -4.899999999999999467, 1.762656636853738190 ) ) ;
#3433 =( LENGTH_UNIT ( ) NAMED_UNIT ( * ) SI_UNIT ( .MILLI., .METRE. ) );
#3434 = VECTOR ( 'NONE', #1514, 1000.000000000000000 ) ;
#3435 = CARTESIAN_POINT ( 'NONE',  ( 0.007285345437902050053, -4.950000000000000178, 1.606836291005684147 ) ) ;
#3436 =( NAMED_UNIT ( * ) SI_UNIT ( $, .STERADIAN. ) SOLID_ANGLE_UNIT ( ) );
#3437 = VECTOR ( 'NONE', #2098, 1000.000000000000000 ) ;
#3438 = MECHANICAL_DESIGN_GEOMETRIC_PRESENTATION_REPRESENTATION (  '', ( #1599 ), #836 ) ;
#3439 = CARTESIAN_POINT ( 'NONE',  ( -0.3692960179171976276, -4.949999999999999289, 0.9713712711711781633 ) ) ;
#3440 =( NAMED_UNIT ( * ) SI_UNIT ( $, .STERADIAN. ) SOLID_ANGLE_UNIT ( ) );
#3441 = ORIENTED_EDGE ( 'NONE', *, *, #3627, .T. ) ;
#3442 =( NAMED_UNIT ( * ) SI_UNIT ( $, .STERADIAN. ) SOLID_ANGLE_UNIT ( ) );
#3443 = DIRECTION ( 'NONE',  ( -0.2425356250363290278, -0.000000000000000000, -0.9701425001453328756 ) ) ;
#3444 = PLANE ( 'NONE',  #2870 ) ;
#3445 = EDGE_CURVE ( 'NONE', #498, #1062, #872, .T. ) ;
#3446 = ORIENTED_EDGE ( 'NONE', *, *, #662, .T. ) ;
#3447 = CARTESIAN_POINT ( 'NONE',  ( -0.6196957528052694508, -4.899999999999999467, 2.041178663534509052 ) ) ;
#3448 = CARTESIAN_POINT ( 'NONE',  ( 1.191057692307692317, -4.950000000000000178, 0.6990000000000001767 ) ) ;
#3449 = ADVANCED_FACE ( 'NONE', ( #814 ), #2077, .T. ) ;
#3450 = CARTESIAN_POINT ( 'NONE',  ( -0.02921447071510706664, -4.900000000000001243, 1.754446597601494018 ) ) ;
#3451 = CARTESIAN_POINT ( 'NONE',  ( 0.1679487179487177406, -4.900000000000000355, 4.318999999999999950 ) ) ;
#3452 = MECHANICAL_DESIGN_GEOMETRIC_PRESENTATION_REPRESENTATION (  '', ( #3783 ), #2651 ) ;
#3453 = FACE_OUTER_BOUND ( 'NONE', #1561, .T. ) ;
#3454 = CARTESIAN_POINT ( 'NONE',  ( -0.2996301550058972918, -4.900000000000001243, 1.048428091609807211 ) ) ;
#3456 = ORIENTED_EDGE ( 'NONE', *, *, #2394, .T. ) ;
#3455 = CARTESIAN_POINT ( 'NONE',  ( -1.398740829554301790, -4.900000000000001243, 1.332684172134450451 ) ) ;
#3457 = ORIENTED_EDGE ( 'NONE', *, *, #3623, .F. ) ;
#3458 = CARTESIAN_POINT ( 'NONE',  ( -0.2943445044346603701, -4.899999999999999467, 3.820100432631312604 ) ) ;
#3459 = CARTESIAN_POINT ( 'NONE',  ( -1.293500239897594550, -4.949999999999999289, 1.894485640069700549 ) ) ;
#3460 = LINE ( 'NONE', #1997, #3268 ) ;
#3461 = DIRECTION ( 'NONE',  ( -0.000000000000000000, -1.000000000000000000, -0.000000000000000000 ) ) ;
#3462 = CARTESIAN_POINT ( 'NONE',  ( -0.2704025471111664580, -4.900000000000000355, 1.093340699534055105 ) ) ;
#3463 = ORIENTED_EDGE ( 'NONE', *, *, #3802, .F. ) ;
#3464 = FACE_OUTER_BOUND ( 'NONE', #2752, .T. ) ;
#3465 = CARTESIAN_POINT ( 'NONE',  ( -0.5999999999999998668, -6.449999999999992184, 8.001000000000001222 ) ) ;
#3466 = CARTESIAN_POINT ( 'NONE',  ( -0.2796393513217476090, -4.900000000000002132, 2.094485036526637867 ) ) ;
#3467 = UNCERTAINTY_MEASURE_WITH_UNIT (LENGTH_MEASURE( 1.000000000000000082E-05 ), #1985, 'distance_accuracy_value', 'NONE');
#3468 = CARTESIAN_POINT ( 'NONE',  ( -0.9753436267981396846, -4.949999999999999289, 0.9385692820906487155 ) ) ;
#3469 = VERTEX_POINT ( 'NONE', #3941 ) ;
#3470 = CARTESIAN_POINT ( 'NONE',  ( -0.3617004433121644991, -4.950000000000001954, 2.143133495149090795 ) ) ;
#3471 =( NAMED_UNIT ( * ) PLANE_ANGLE_UNIT ( ) SI_UNIT ( $, .RADIAN. ) );
#3472 = EDGE_CURVE ( 'NONE', #218, #3741, #1491, .T. ) ;
#3473 = CARTESIAN_POINT ( 'NONE',  ( -0.4936988061043287579, -4.900000000000000355, 0.8905561488572149020 ) ) ;
#3475 = VERTEX_POINT ( 'NONE', #3009 ) ;
#3474 = SURFACE_STYLE_USAGE ( .BOTH. , #3790 ) ;
#3476 = CARTESIAN_POINT ( 'NONE',  ( -1.499999999999999556, -1.699999999999999956, 1.800000000000000488 ) ) ;
#3477 = FACE_OUTER_BOUND ( 'NONE', #1738, .T. ) ;
#3478 = DIRECTION ( 'NONE',  ( 0.000000000000000000, -1.000000000000000000, 0.000000000000000000 ) ) ;
#3479 = ORIENTED_EDGE ( 'NONE', *, *, #2742, .T. ) ;
#3480 = PRESENTATION_STYLE_ASSIGNMENT (( #2911 ) ) ;
#3481 = SURFACE_STYLE_FILL_AREA ( #2271 ) ;
#3482 = CARTESIAN_POINT ( 'NONE',  ( -0.3346153846153847589, -4.900000000000000355, 3.803535256410256249 ) ) ;
#3483 = DIRECTION ( 'NONE',  ( 0.2609090251427717555, 0.000000000000000000, 0.9653633930282671249 ) ) ;
#3484 = SURFACE_STYLE_FILL_AREA ( #2968 ) ;
#3485 = CARTESIAN_POINT ( 'NONE',  ( -0.2000000000000005107, -3.910000000000001030, -3.850000000000000089 ) ) ;
#3486 = DIRECTION ( 'NONE',  ( -0.000000000000000000, -0.000000000000000000, 1.000000000000000000 ) ) ;
#3487 = COLOUR_RGB ( '',1.000000000000000000, 1.000000000000000000, 1.000000000000000000 ) ;
#3488 = MECHANICAL_DESIGN_GEOMETRIC_PRESENTATION_REPRESENTATION (  '', ( #3762 ), #2625 ) ;
#3489 = EDGE_CURVE ( 'NONE', #3811, #2183, #2376, .T. ) ;
#3490 = VECTOR ( 'NONE', #1947, 1000.000000000000000 ) ;
#3491 = CARTESIAN_POINT ( 'NONE',  ( -0.4291446019956375313, -4.949999999999997513, 1.971233929658173123 ) ) ;
#3492 = CARTESIAN_POINT ( 'NONE',  ( -0.01153846153846170217, -4.950000000000000178, 4.009945512820512370 ) ) ;
#3494 = ORIENTED_EDGE ( 'NONE', *, *, #318, .T. ) ;
#3493 = PLANE ( 'NONE',  #170 ) ;
#3495 = VECTOR ( 'NONE', #2971, 1000.000000000000000 ) ;
#3496 = CARTESIAN_POINT ( 'NONE',  ( -0.3215573282668570121, -4.899999999999999467, 3.808906606714672183 ) ) ;
#3497 = ADVANCED_FACE ( 'NONE', ( #1135 ), #1476, .T. ) ;
#3498 = DIRECTION ( 'NONE',  ( -1.000000000000000000, 0.000000000000000000, 0.000000000000000000 ) ) ;
#3499 = SURFACE_STYLE_USAGE ( .BOTH. , #2879 ) ;
#3500 = ORIENTED_EDGE ( 'NONE', *, *, #3575, .F. ) ;
#3501 = CARTESIAN_POINT ( 'NONE',  ( -0.1960039842771002239, -4.950000000000001954, 1.534903640778916500 ) ) ;
#3502 = CARTESIAN_POINT ( 'NONE',  ( -1.191014013454145370, -4.900000000000001243, 1.505334606869032088 ) ) ;
#3503 = CARTESIAN_POINT ( 'NONE',  ( -0.4955600507730907323, -4.900000000000002132, 2.194217047456754610 ) ) ;
#3504 = CARTESIAN_POINT ( 'NONE',  ( -1.084275035924330277, -4.949999999999999289, 1.046088179542357111 ) ) ;
#3505 = VECTOR ( 'NONE', #1482, 1000.000000000000000 ) ;
#3506 = AXIS2_PLACEMENT_3D ( 'NONE', #3602, #3916, #1769 ) ;
#3507 = CARTESIAN_POINT ( 'NONE',  ( -0.6923076923076922906, -4.900000000000000355, 0.6797692307692310143 ) ) ;
#3509 = ORIENTED_EDGE ( 'NONE', *, *, #2259, .F. ) ;
#3508 = DIRECTION ( 'NONE',  ( 0.000000000000000000, -0.000000000000000000, -1.000000000000000000 ) ) ;
#3510 =( NAMED_UNIT ( * ) SI_UNIT ( $, .STERADIAN. ) SOLID_ANGLE_UNIT ( ) );
#3511 = LINE ( 'NONE', #178, #3404 ) ;
#3512 = CARTESIAN_POINT ( 'NONE',  ( -0.1219378715732057222, -4.950000000000001066, 0.9578850766519285687 ) ) ;
#3513 = AXIS2_PLACEMENT_3D ( 'NONE', #935, #1579, #1245 ) ;
#3514 =( LENGTH_UNIT ( ) NAMED_UNIT ( * ) SI_UNIT ( .MILLI., .METRE. ) );
#3515 = EDGE_CURVE ( 'NONE', #3152, #1763, #3250, .T. ) ;
#3516 =( LENGTH_UNIT ( ) NAMED_UNIT ( * ) SI_UNIT ( .MILLI., .METRE. ) );
#3517 = DIRECTION ( 'NONE',  ( 0.000000000000000000, 0.000000000000000000, 1.000000000000000000 ) ) ;
#3518 = LINE ( 'NONE', #2898, #3588 ) ;
#3519 = CARTESIAN_POINT ( 'NONE',  ( -0.5999999999999998668, -2.449999999999992184, 4.801000000000000156 ) ) ;
#3520 = ADVANCED_FACE ( 'NONE', ( #206 ), #2646, .F. ) ;
#3521 = VERTEX_POINT ( 'NONE', #143 ) ;
#3522 = CARTESIAN_POINT ( 'NONE',  ( -0.7170828614167508164, -4.949999999999998401, 2.217637025471462131 ) ) ;
#3523 = DIRECTION ( 'NONE',  ( 1.000000000000000000, -0.000000000000000000, 0.000000000000000000 ) ) ;
#3524 = CARTESIAN_POINT ( 'NONE',  ( -1.749999999999999778, 1.700000000000000178, 2.299999999999982059 ) ) ;
#3525 = CARTESIAN_POINT ( 'NONE',  ( -1.173146694949831703, -4.950000000000000178, 1.243226521500661264 ) ) ;
#3526 = SURFACE_STYLE_FILL_AREA ( #3848 ) ;
#3527 = CARTESIAN_POINT ( 'NONE',  ( 0.01923076923076921449, -4.949999999999999289, 1.446596153846154253 ) ) ;
#3528 = CARTESIAN_POINT ( 'NONE',  ( -0.4162377479396146551, -4.900000000000001243, 0.7310299466340782759 ) ) ;
#3529 = CARTESIAN_POINT ( 'NONE',  ( 0.5999999999999998668, -4.949999999999999289, 6.799999999999997158 ) ) ;
#3530 = CARTESIAN_POINT ( 'NONE',  ( 1.414615384615384830, -4.900000000000000355, 2.199000000000000288 ) ) ;
#3531 = CARTESIAN_POINT ( 'NONE',  ( -0.3497782382544024071, -4.949999999999998401, 1.907115355154449743 ) ) ;
#3532 = FACE_OUTER_BOUND ( 'NONE', #647, .T. ) ;
#3533 = B_SPLINE_SURFACE_WITH_KNOTS ( 'NONE', 3, 1, ( 
 ( #919, #309 ),
 ( #326, #1577 ),
 ( #3350, #1539 ),
 ( #1244, #2457 ),
 ( #3716, #1880 ),
 ( #2157, #45 ),
 ( #1261, #2477 ),
 ( #3690, #2894 ),
 ( #3223, #1992 ),
 ( #1667, #3585 ),
 ( #2010, #224 ),
 ( #2620, #1377 ),
 ( #157, #3895 ),
 ( #3877, #3556 ),
 ( #2602, #3531 ),
 ( #495, #1069 ),
 ( #2642, #2279 ),
 ( #3203, #3491 ),
 ( #245, #1706 ),
 ( #3830, #2351 ),
 ( #462, #2680 ),
 ( #1452, #2924 ),
 ( #1133, #834 ),
 ( #3808, #812 ),
 ( #201, #774 ),
 ( #1091, #1411 ),
 ( #1432, #2057 ) ),
 .UNSPECIFIED., .F., .F., .F.,
 ( 4, 1, 1, 1, 1, 1, 1, 1, 1, 1, 1, 1, 1, 1, 1, 1, 1, 1, 1, 1, 1, 1, 1, 1, 4 ),
 ( 2, 2 ),
 ( 0.000000000000000000, 0.05085161579228469897, 0.09975246780941662839, 0.1474376477769318294, 0.1940857839327042589, 0.2391709270841440305, 0.2833398222454339144, 0.3265771497238439958, 0.3689362814999019857, 0.4105718726814495123, 0.4510505934949118334, 0.4908768629924158966, 0.5300443324843857607, 0.5689366633103305482, 0.6075778621311336281, 0.6464200964505126823, 0.6856793513063941248, 0.7247985849801966696, 0.7635130084045109733, 0.8021725263787546911, 0.8407403615726125601, 0.8796493769005858665, 0.9190706128663397312, 0.9590978622172243728, 1.000000000000000000 ),
 ( 0.000000000000000000, 1.000000000000000000 ),
 .UNSPECIFIED. ) ;
#3534 = SURFACE_STYLE_USAGE ( .BOTH. , #855 ) ;
#3535 = CARTESIAN_POINT ( 'NONE',  ( -0.01153846153846170217, -4.950000000000000178, 4.009945512820512370 ) ) ;
#3536 = FILL_AREA_STYLE ('',( #1435 ) ) ;
#3537 = STYLED_ITEM ( 'NONE', ( #1773 ), #3543 ) ;
#3538 = LINE ( 'NONE', #3863, #1109 ) ;
#3539 = CARTESIAN_POINT ( 'NONE',  ( 0.5999999999999998668, -6.449999999999992184, 6.801000000000001933 ) ) ;
#3540 = ORIENTED_EDGE ( 'NONE', *, *, #2101, .F. ) ;
#3541 = SURFACE_STYLE_FILL_AREA ( #673 ) ;
#3542 = CARTESIAN_POINT ( 'NONE',  ( -0.5999999999999998668, -6.449999999999992184, 6.801000000000001933 ) ) ;
#3543 = ADVANCED_FACE ( 'NONE', ( #2606 ), #1670, .T. ) ;
#3544 = CARTESIAN_POINT ( 'NONE',  ( -0.5426772450179656593, -4.899999999999999467, 2.204904498942947821 ) ) ;
#3545 = CARTESIAN_POINT ( 'NONE',  ( -1.051015816753664733, -4.950000000000001066, 1.006013512761436912 ) ) ;
#3546 = PRESENTATION_LAYER_ASSIGNMENT (  '', '', ( #3047 ) ) ;
#3547 = ORIENTED_EDGE ( 'NONE', *, *, #3445, .T. ) ;
#3548 = DIRECTION ( 'NONE',  ( -1.000000000000000000, 0.000000000000000000, 0.000000000000000000 ) ) ;
#3549 = ORIENTED_EDGE ( 'NONE', *, *, #1970, .T. ) ;
#3550 = FACE_OUTER_BOUND ( 'NONE', #1651, .T. ) ;
#3551 = CARTESIAN_POINT ( 'NONE',  ( 0.000000000000000000, 4.450000000000001066, 8.800000000000000711 ) ) ;
#3552 = ADVANCED_FACE ( 'NONE', ( #3624 ), #1474, .F. ) ;
#3553 = SURFACE_STYLE_USAGE ( .BOTH. , #1049 ) ;
#3554 = UNCERTAINTY_MEASURE_WITH_UNIT (LENGTH_MEASURE( 1.000000000000000082E-05 ), #2899, 'distance_accuracy_value', 'NONE');
#3555 = VERTEX_POINT ( 'NONE', #1181 ) ;
#3556 = CARTESIAN_POINT ( 'NONE',  ( -0.3264278310720643006, -4.950000000000001954, 1.882307954387121951 ) ) ;
#3557 =( GEOMETRIC_REPRESENTATION_CONTEXT ( 3 ) GLOBAL_UNCERTAINTY_ASSIGNED_CONTEXT ( ( #1926 ) ) GLOBAL_UNIT_ASSIGNED_CONTEXT ( ( #1725, #1085, #769 ) ) REPRESENTATION_CONTEXT ( 'NONE', 'WORKASPACE' ) );
#3558 = LINE ( 'NONE', #3680, #2884 ) ;
#3559 = VECTOR ( 'NONE', #3911, 1000.000000000000000 ) ;
#3560 = AXIS2_PLACEMENT_3D ( 'NONE', #448, #2833, #1004 ) ;
#3561 = DIRECTION ( 'NONE',  ( 0.000000000000000000, 1.000000000000000000, 0.000000000000000000 ) ) ;
#3562 = LINE ( 'NONE', #2684, #3829 ) ;
#3563 = PRESENTATION_STYLE_ASSIGNMENT (( #2667 ) ) ;
#3564 = COLOUR_RGB ( '',1.000000000000000000, 0.8705882352941176627, 0.5254901960784313930 ) ;
#3565 = CARTESIAN_POINT ( 'NONE',  ( -1.184001436049515465, -4.949999999999999289, 1.579932539369864664 ) ) ;
#3566 = AXIS2_PLACEMENT_3D ( 'NONE', #2862, #3176, #3523 ) ;
#3567 = EDGE_LOOP ( 'NONE', ( #2917, #720, #1003, #3803, #678, #1057, #1440 ) ) ;
#3568 = CARTESIAN_POINT ( 'NONE',  ( -0.7170828614167508164, -4.900000000000000355, 2.217637025471462131 ) ) ;
#3569 = AXIS2_PLACEMENT_3D ( 'NONE', #1757, #3817, #3272 ) ;
#3570 = DIRECTION ( 'NONE',  ( -0.000000000000000000, 1.000000000000000000, -0.000000000000000000 ) ) ;
#3571 = FILL_AREA_STYLE ('',( #1142 ) ) ;
#3572 = FACE_OUTER_BOUND ( 'NONE', #1286, .T. ) ;
#3573 = ORIENTED_EDGE ( 'NONE', *, *, #3603, .T. ) ;
#3574 = STYLED_ITEM ( 'NONE', ( #1029 ), #3730 ) ;
#3575 = EDGE_CURVE ( 'NONE', #378, #1988, #2727, .T. ) ;
#3576 = VECTOR ( 'NONE', #3897, 1000.000000000000000 ) ;
#3577 = LINE ( 'NONE', #3276, #906 ) ;
#3578 = B_SPLINE_CURVE_WITH_KNOTS ( 'NONE', 3,
 ( #2929, #2037, #816, #3251, #230, #3880, #2249, #3459, #563, #290, #1159, #875, #2975, #3609, #1200, #264, #3589, #2415, #1456 ),
 .UNSPECIFIED., .F., .F.,
 ( 4, 1, 1, 1, 1, 1, 1, 1, 1, 1, 1, 1, 1, 1, 1, 1, 4 ),
 ( 0.000000000000000000, 0.07522634669089893478, 0.1465747215268523029, 0.2145002518264755020, 0.2795299716530229017, 0.3424029515883815211, 0.4034960527288083409, 0.4637616065030393808, 0.5238643590795867278, 0.5832517242549666303, 0.6413020392831351169, 0.6988977748564887404, 0.7562952438113087483, 0.8146278048129691474, 0.8743247683399979486, 0.9357832838625451677, 1.000000000000000000 ),
 .UNSPECIFIED. ) ;
#3579 = CARTESIAN_POINT ( 'NONE',  ( 0.01891823386902704435, -4.949999999999996625, 1.427959548162584191 ) ) ;
#3580 = LINE ( 'NONE', #2702, #21 ) ;
#3581 = AXIS2_PLACEMENT_3D ( 'NONE', #2793, #1563, #613 ) ;
#3582 =( GEOMETRIC_REPRESENTATION_CONTEXT ( 3 ) GLOBAL_UNCERTAINTY_ASSIGNED_CONTEXT ( ( #1609 ) ) GLOBAL_UNIT_ASSIGNED_CONTEXT ( ( #177, #3825, #3510 ) ) REPRESENTATION_CONTEXT ( 'NONE', 'WORKASPACE' ) );
#3583 = EDGE_CURVE ( 'NONE', #1184, #2522, #3942, .T. ) ;
#3584 = VERTEX_POINT ( 'NONE', #913 ) ;
#3585 = CARTESIAN_POINT ( 'NONE',  ( -0.2522833121817700253, -4.949999999999998401, 1.762656636853738190 ) ) ;
#3586 = CARTESIAN_POINT ( 'NONE',  ( -0.1926690997974138675, -4.950000000000000178, 1.425045901667517878 ) ) ;
#3587 = FILL_AREA_STYLE_COLOUR ( '', #3113 ) ;
#3588 = VECTOR ( 'NONE', #3815, 1000.000000000000000 ) ;
#3589 = CARTESIAN_POINT ( 'NONE',  ( -0.7673332367417186051, -4.949999999999999289, 2.216475040104009420 ) ) ;
#3590 = SURFACE_STYLE_USAGE ( .BOTH. , #2080 ) ;
#3591 = CARTESIAN_POINT ( 'NONE',  ( -1.192307692307692291, -4.949999999999999289, 1.426764423076923416 ) ) ;
#3592 = AXIS2_PLACEMENT_3D ( 'NONE', #1692, #722, #1637 ) ;
#3593 = ORIENTED_EDGE ( 'NONE', *, *, #1457, .T. ) ;
#3594 = CARTESIAN_POINT ( 'NONE',  ( -0.3264278310720643006, -4.950000000000002842, 1.882307954387121951 ) ) ;
#3595 =( NAMED_UNIT ( * ) SI_UNIT ( $, .STERADIAN. ) SOLID_ANGLE_UNIT ( ) );
#3596 = SURFACE_STYLE_FILL_AREA ( #3571 ) ;
#3597 = ORIENTED_EDGE ( 'NONE', *, *, #3627, .F. ) ;
#3598 = ORIENTED_EDGE ( 'NONE', *, *, #469, .T. ) ;
#3599 = LINE ( 'NONE', #2698, #211 ) ;
#3600 = PLANE ( 'NONE',  #2817 ) ;
#3601 = CARTESIAN_POINT ( 'NONE',  ( -0.2901263801481263060, -4.900000000000001243, 0.7950601014748902573 ) ) ;
#3602 = CARTESIAN_POINT ( 'NONE',  ( 2.000000000000000000, -4.950000000000000178, 8.800000000000000711 ) ) ;
#3603 = EDGE_CURVE ( 'NONE', #3818, #1033, #2743, .T. ) ;
#3604 = ORIENTED_EDGE ( 'NONE', *, *, #1409, .F. ) ;
#3605 = DIRECTION ( 'NONE',  ( -0.8414499297245391363, 0.000000000000000000, -0.5403350958123747105 ) ) ;
#3606 = ADVANCED_FACE ( 'NONE', ( #583, #3608, #856, #620 ), #3048, .F. ) ;
#3607 = DIRECTION ( 'NONE',  ( -0.000000000000000000, -0.000000000000000000, 1.000000000000000000 ) ) ;
#3608 = FACE_OUTER_BOUND ( 'NONE', #1221, .T. ) ;
#3609 = CARTESIAN_POINT ( 'NONE',  ( -0.9773121412021514853, -4.950000000000001066, 2.167288308334214708 ) ) ;
#3610 = DIRECTION ( 'NONE',  ( -0.000000000000000000, 1.000000000000000000, 0.000000000000000000 ) ) ;
#3611 = PRODUCT_DEFINITION_SHAPE ( 'NONE', 'NONE',  #1063 ) ;
#3612 = ORIENTED_EDGE ( 'NONE', *, *, #2215, .T. ) ;
#3613 = COLOUR_RGB ( '',1.000000000000000000, 1.000000000000000000, 1.000000000000000000 ) ;
#3614 = SURFACE_STYLE_FILL_AREA ( #2401 ) ;
#3615 = CARTESIAN_POINT ( 'NONE',  ( -1.499999999999999556, -1.699999999999999956, 3.300000000000000266 ) ) ;
#3616 = PRESENTATION_STYLE_ASSIGNMENT (( #807 ) ) ;
#3617 = CARTESIAN_POINT ( 'NONE',  ( -0.5999999999999998668, -2.449999999999992184, 8.800000000000000711 ) ) ;
#3618 = CARTESIAN_POINT ( 'NONE',  ( -0.002967519215873970669, -4.899999999999998579, 1.232484358727993445 ) ) ;
#3619 = CARTESIAN_POINT ( 'NONE',  ( -1.499999999999999556, 1.699999999999999956, 8.800000000000000711 ) ) ;
#3620 = UNCERTAINTY_MEASURE_WITH_UNIT (LENGTH_MEASURE( 1.000000000000000082E-05 ), #1633, 'distance_accuracy_value', 'NONE');
#3621 = DIRECTION ( 'NONE',  ( 0.000000000000000000, 0.000000000000000000, -1.000000000000000000 ) ) ;
#3622 = CARTESIAN_POINT ( 'NONE',  ( -1.084275035924330277, -4.949999999999999289, 1.046088179542357111 ) ) ;
#3623 = EDGE_CURVE ( 'NONE', #3475, #1878, #2974, .T. ) ;
#3624 = FACE_OUTER_BOUND ( 'NONE', #2209, .T. ) ;
#3625 = B_SPLINE_CURVE_WITH_KNOTS ( 'NONE', 3,
 ( #3843, #746, #3820, #1059, #3216, #1961, #449, #487, #169, #1079, #1697, #2886, #3159, #1369, #761, #2293, #3502, #188, #784 ),
 .UNSPECIFIED., .F., .F.,
 ( 4, 1, 1, 1, 1, 1, 1, 1, 1, 1, 1, 1, 1, 1, 1, 1, 4 ),
 ( 0.000000000000000000, 0.05594313335691826483, 0.1103820356898404936, 0.1640478588828495898, 0.2167594775435857102, 0.2696011346144469578, 0.3230085051908686555, 0.3775814436721358081, 0.4334493367080535786, 0.4909218580498928008, 0.5506247708713253308, 0.6131168723098182616, 0.6798607463518505645, 0.7513577440202003910, 0.8282611012589942145, 0.9107950320656291732, 1.000000000000000000 ),
 .UNSPECIFIED. ) ;
#3626 = FILL_AREA_STYLE ('',( #2061 ) ) ;
#3627 = EDGE_CURVE ( 'NONE', #2004, #1310, #39, .T. ) ;
#3628 = ORIENTED_EDGE ( 'NONE', *, *, #2840, .F. ) ;
#3629 =( GEOMETRIC_REPRESENTATION_CONTEXT ( 3 ) GLOBAL_UNCERTAINTY_ASSIGNED_CONTEXT ( ( #2705 ) ) GLOBAL_UNIT_ASSIGNED_CONTEXT ( ( #2423, #3634, #2717 ) ) REPRESENTATION_CONTEXT ( 'NONE', 'WORKASPACE' ) );
#3630 = ORIENTED_EDGE ( 'NONE', *, *, #423, .T. ) ;
#3631 = DIRECTION ( 'NONE',  ( -0.000000000000000000, 1.000000000000000000, -0.000000000000000000 ) ) ;
#3632 =( GEOMETRIC_REPRESENTATION_CONTEXT ( 3 ) GLOBAL_UNCERTAINTY_ASSIGNED_CONTEXT ( ( #452 ) ) GLOBAL_UNIT_ASSIGNED_CONTEXT ( ( #2666, #481, #2267 ) ) REPRESENTATION_CONTEXT ( 'NONE', 'WORKASPACE' ) );
#3633 = FACE_BOUND ( 'NONE', #29, .T. ) ;
#3634 =( NAMED_UNIT ( * ) PLANE_ANGLE_UNIT ( ) SI_UNIT ( $, .RADIAN. ) );
#3635 = VERTEX_POINT ( 'NONE', #3115 ) ;
#3636 = PRESENTATION_LAYER_ASSIGNMENT (  '', '', ( #265 ) ) ;
#3637 = VECTOR ( 'NONE', #214, 1000.000000000000000 ) ;
#3638 = CARTESIAN_POINT ( 'NONE',  ( -2.000000000000000000, -1.699999999999999956, 1.800000000000000488 ) ) ;
#3639 = DIRECTION ( 'NONE',  ( -1.000000000000000000, 0.000000000000000000, 0.000000000000000000 ) ) ;
#3640 = CARTESIAN_POINT ( 'NONE',  ( -0.1508825073472953027, -4.949999999999994849, 0.9200248218735034289 ) ) ;
#3641 = LINE ( 'NONE', #1807, #2576 ) ;
#3642 = AXIS2_PLACEMENT_3D ( 'NONE', #3363, #1299, #3133 ) ;
#3643 = CARTESIAN_POINT ( 'NONE',  ( -0.5999999999999998668, -2.449999999999991296, 8.800000000000000711 ) ) ;
#3644 = CARTESIAN_POINT ( 'NONE',  ( -0.6444524761884077302, -4.950000000000001066, 0.6807053164106005028 ) ) ;
#3645 = CARTESIAN_POINT ( 'NONE',  ( -2.000000000000000000, -4.950000000000000178, 4.800000000000000711 ) ) ;
#3646 = VECTOR ( 'NONE', #1642, 1000.000000000000000 ) ;
#3647 = CARTESIAN_POINT ( 'NONE',  ( -0.8819788110049137098, -4.950000000000002842, 2.010511926915531600 ) ) ;
#3648 = EDGE_CURVE ( 'NONE', #3112, #2051, #2802, .T. ) ;
#3649 = CARTESIAN_POINT ( 'NONE',  ( -1.172894682782809506, -4.949999999999998401, 1.648624152813545019 ) ) ;
#3650 = ORIENTED_EDGE ( 'NONE', *, *, #2096, .T. ) ;
#3651 = CARTESIAN_POINT ( 'NONE',  ( -1.191351405816941655, -4.899999999999998579, 1.362881392803755309 ) ) ;
#3652 = CARTESIAN_POINT ( 'NONE',  ( -0.2419101279706142582, -4.949999999999998401, 2.066110545126630171 ) ) ;
#3653 = EDGE_CURVE ( 'NONE', #485, #917, #1255, .T. ) ;
#3654 = CARTESIAN_POINT ( 'NONE',  ( 0.1679487179487177406, -4.900000000000000355, 2.918999999999999595 ) ) ;
#3655 = COLOUR_RGB ( '',1.000000000000000000, 1.000000000000000000, 1.000000000000000000 ) ;
#3656 = STYLED_ITEM ( 'NONE', ( #539 ), #1 ) ;
#3657 = VERTEX_POINT ( 'NONE', #3711 ) ;
#3658 =( LENGTH_UNIT ( ) NAMED_UNIT ( * ) SI_UNIT ( .MILLI., .METRE. ) );
#3659 = AXIS2_PLACEMENT_3D ( 'NONE', #2398, #3610, #3013 ) ;
#3660 = CARTESIAN_POINT ( 'NONE',  ( 1.749999999999999778, -1.699999999999999956, 2.299999999999982059 ) ) ;
#3661 = CARTESIAN_POINT ( 'NONE',  ( -0.5999999999999998668, -2.449999999999992184, 4.800000000000000711 ) ) ;
#3662 = SURFACE_STYLE_USAGE ( .BOTH. , #3892 ) ;
#3663 = SURFACE_SIDE_STYLE ('',( #813 ) ) ;
#3664 = VECTOR ( 'NONE', #717, 1000.000000000000000 ) ;
#3665 = UNCERTAINTY_MEASURE_WITH_UNIT (LENGTH_MEASURE( 1.000000000000000082E-05 ), #2059, 'distance_accuracy_value', 'NONE');
#3666 = FILL_AREA_STYLE ('',( #2740 ) ) ;
#3667 = CARTESIAN_POINT ( 'NONE',  ( -0.2000000000000005107, -3.710000000000000853, -3.850000000000000089 ) ) ;
#3668 = CARTESIAN_POINT ( 'NONE',  ( -1.749999999999999778, 1.700000000000000178, 3.300000000000000266 ) ) ;
#3669 = ORIENTED_EDGE ( 'NONE', *, *, #437, .F. ) ;
#3670 = VERTEX_POINT ( 'NONE', #1571 ) ;
#3671 = CARTESIAN_POINT ( 'NONE',  ( 0.5999999999999998668, -2.449999999999992184, 8.001000000000001222 ) ) ;
#3672 = CARTESIAN_POINT ( 'NONE',  ( -0.001707874553821069801, -4.950000000000001066, 1.657598385937758989 ) ) ;
#3673 = SURFACE_STYLE_USAGE ( .BOTH. , #1001 ) ;
#3674 = CARTESIAN_POINT ( 'NONE',  ( 1.499999999999999556, 1.699999999999999956, 3.300000000000000266 ) ) ;
#3675 = VERTEX_POINT ( 'NONE', #3667 ) ;
#3676 = EDGE_CURVE ( 'NONE', #567, #2051, #3421, .T. ) ;
#3677 = CARTESIAN_POINT ( 'NONE',  ( 0.2999999999999999334, -3.710000000000000853, -0.001000000000000132727 ) ) ;
#3678 = DIRECTION ( 'NONE',  ( 0.000000000000000000, -0.000000000000000000, 1.000000000000000000 ) ) ;
#3679 = CARTESIAN_POINT ( 'NONE',  ( -0.5857068109775118714, -4.900000000000001243, 2.035008084947162121 ) ) ;
#3680 = CARTESIAN_POINT ( 'NONE',  ( -1.749999999999999778, 1.700000000000000178, 3.300000000000000266 ) ) ;
#3681 = ADVANCED_FACE ( 'NONE', ( #389 ), #679, .F. ) ;
#3682 = PRESENTATION_STYLE_ASSIGNMENT (( #1237 ) ) ;
#3683 = CARTESIAN_POINT ( 'NONE',  ( -1.051015816753664733, -4.950000000000001066, 1.006013512761436912 ) ) ;
#3684 = LINE ( 'NONE', #1530, #338 ) ;
#3685 = CARTESIAN_POINT ( 'NONE',  ( -1.191014013454145370, -4.950000000000001066, 1.505334606869032088 ) ) ;
#3686 =( LENGTH_UNIT ( ) NAMED_UNIT ( * ) SI_UNIT ( .MILLI., .METRE. ) );
#3687 = ORIENTED_EDGE ( 'NONE', *, *, #348, .T. ) ;
#3688 = EDGE_LOOP ( 'NONE', ( #1552, #60, #3411, #589 ) ) ;
#3689 = CARTESIAN_POINT ( 'NONE',  ( 0.2000000000000005107, -3.710000000000000853, -3.850000000000000089 ) ) ;
#3690 = CARTESIAN_POINT ( 'NONE',  ( -0.2257282865398179961, -4.899999999999999467, 1.692567201055930282 ) ) ;
#3691 = CARTESIAN_POINT ( 'NONE',  ( -0.5999999999999998668, -2.449999999999992184, 4.800000000000000711 ) ) ;
#3692 =( GEOMETRIC_REPRESENTATION_CONTEXT ( 3 ) GLOBAL_UNCERTAINTY_ASSIGNED_CONTEXT ( ( #2134 ) ) GLOBAL_UNIT_ASSIGNED_CONTEXT ( ( #2827, #351, #3442 ) ) REPRESENTATION_CONTEXT ( 'NONE', 'WORKASPACE' ) );
#3693 = FACE_OUTER_BOUND ( 'NONE', #2673, .T. ) ;
#3694 = ORIENTED_EDGE ( 'NONE', *, *, #3146, .T. ) ;
#3695 = ORIENTED_EDGE ( 'NONE', *, *, #1039, .F. ) ;
#3696 = LINE ( 'NONE', #1858, #2053 ) ;
#3697 = VERTEX_POINT ( 'NONE', #2210 ) ;
#3698 = SURFACE_STYLE_FILL_AREA ( #2547 ) ;
#3699 = CARTESIAN_POINT ( 'NONE',  ( -0.006156937761283829726, -4.900000000000001243, 4.225479639996301273 ) ) ;
#3700 = CARTESIAN_POINT ( 'NONE',  ( -0.1960039842771002239, -4.900000000000002132, 1.534903640778916500 ) ) ;
#3701 = MECHANICAL_DESIGN_GEOMETRIC_PRESENTATION_REPRESENTATION (  '', ( #198 ), #3764 ) ;
#3702 = EDGE_CURVE ( 'NONE', #3917, #3004, #3684, .T. ) ;
#3703 = COLOUR_RGB ( '',0.1803921568627450955, 0.1803921568627450955, 0.1803921568627450955 ) ;
#3704 = UNCERTAINTY_MEASURE_WITH_UNIT (LENGTH_MEASURE( 1.000000000000000082E-05 ), #2989, 'distance_accuracy_value', 'NONE');
#3705 = PRESENTATION_LAYER_ASSIGNMENT (  '', '', ( #964 ) ) ;
#3706 = AXIS2_PLACEMENT_3D ( 'NONE', #3910, #1760, #843 ) ;
#3707 = LINE ( 'NONE', #947, #1410 ) ;
#3708 = MECHANICAL_DESIGN_GEOMETRIC_PRESENTATION_REPRESENTATION (  '', ( #3070 ), #3192 ) ;
#3709 = ADVANCED_FACE ( 'NONE', ( #3150 ), #413, .T. ) ;
#3710 = VECTOR ( 'NONE', #3732, 1000.000000000000000 ) ;
#3711 = CARTESIAN_POINT ( 'NONE',  ( -0.6923076923076922906, -4.950000000000001066, 0.6797692307692310143 ) ) ;
#3712 = LINE ( 'NONE', #2744, #1492 ) ;
#3713 = CARTESIAN_POINT ( 'NONE',  ( -0.7436952136968966176, -4.900000000000000355, 0.6805295155153724407 ) ) ;
#3714 = EDGE_LOOP ( 'NONE', ( #3457, #956, #355, #3396 ) ) ;
#3715 = ORIENTED_EDGE ( 'NONE', *, *, #1219, .F. ) ;
#3716 = CARTESIAN_POINT ( 'NONE',  ( -0.2002838143718241870, -4.899999999999999467, 1.576452033225398619 ) ) ;
#3717 = LINE ( 'NONE', #1855, #2493 ) ;
#3718 = ORIENTED_EDGE ( 'NONE', *, *, #1046, .T. ) ;
#3719 = DIRECTION ( 'NONE',  ( -1.000000000000000000, 0.000000000000000000, 0.000000000000000000 ) ) ;
#3720 = VERTEX_POINT ( 'NONE', #3238 ) ;
#3721 = PRESENTATION_STYLE_ASSIGNMENT (( #3757 ) ) ;
#3722 = DIRECTION ( 'NONE',  ( 1.000000000000000000, 0.000000000000000000, 0.000000000000000000 ) ) ;
#3723 = VECTOR ( 'NONE', #1939, 1000.000000000000114 ) ;
#3724 = CARTESIAN_POINT ( 'NONE',  ( -0.2157799456033980823, -4.900000000000000355, 1.655220012804757834 ) ) ;
#3725 = UNCERTAINTY_MEASURE_WITH_UNIT (LENGTH_MEASURE( 1.000000000000000082E-05 ), #2649, 'distance_accuracy_value', 'NONE');
#3726 = CARTESIAN_POINT ( 'NONE',  ( -1.499999999999999556, -1.699999999999999956, 8.800000000000000711 ) ) ;
#3727 =( GEOMETRIC_REPRESENTATION_CONTEXT ( 3 ) GLOBAL_UNCERTAINTY_ASSIGNED_CONTEXT ( ( #3725 ) ) GLOBAL_UNIT_ASSIGNED_CONTEXT ( ( #2649, #1036, #2250 ) ) REPRESENTATION_CONTEXT ( 'NONE', 'WORKASPACE' ) );
#3728 = CARTESIAN_POINT ( 'NONE',  ( -0.1735003660408735993, -4.950000000000000178, 2.002444828161038082 ) ) ;
#3729 = ORIENTED_EDGE ( 'NONE', *, *, #1272, .F. ) ;
#3730 = ADVANCED_FACE ( 'NONE', ( #2068 ), #2657, .T. ) ;
#3731 =( NAMED_UNIT ( * ) PLANE_ANGLE_UNIT ( ) SI_UNIT ( $, .RADIAN. ) );
#3732 = DIRECTION ( 'NONE',  ( -0.000000000000000000, -0.000000000000000000, -1.000000000000000000 ) ) ;
#3733 = EDGE_CURVE ( 'NONE', #1797, #3475, #3599, .T. ) ;
#3734 = LINE ( 'NONE', #86, #1876 ) ;
#3735 = DIRECTION ( 'NONE',  ( 0.000000000000000000, 1.000000000000000000, 0.000000000000000000 ) ) ;
#3736 = ORIENTED_EDGE ( 'NONE', *, *, #1334, .F. ) ;
#3737 = FILL_AREA_STYLE_COLOUR ( '', #1366 ) ;
#3738 = DIRECTION ( 'NONE',  ( -0.000000000000000000, -1.000000000000000000, -0.000000000000000000 ) ) ;
#3739 = VERTEX_POINT ( 'NONE', #511 ) ;
#3740 =( NAMED_UNIT ( * ) SI_UNIT ( $, .STERADIAN. ) SOLID_ANGLE_UNIT ( ) );
#3741 = VERTEX_POINT ( 'NONE', #535 ) ;
#3742 =( LENGTH_UNIT ( ) NAMED_UNIT ( * ) SI_UNIT ( .MILLI., .METRE. ) );
#3743 = LINE ( 'NONE', #421, #2561 ) ;
#3744 = CARTESIAN_POINT ( 'NONE',  ( -0.6902043269230769829, -4.900000000000000355, 2.045153846153846100 ) ) ;
#3745 = CARTESIAN_POINT ( 'NONE',  ( -0.7941664680140572141, -4.950000000000001954, 0.6855724702486077904 ) ) ;
#3746 = CARTESIAN_POINT ( 'NONE',  ( -0.5426772450179656593, -4.899999999999999467, 2.204904498942947821 ) ) ;
#3747 = CARTESIAN_POINT ( 'NONE',  ( -0.5891036786836693073, -4.949999999999999289, 0.8614911973693710756 ) ) ;
#3748 = SURFACE_STYLE_USAGE ( .BOTH. , #2305 ) ;
#3749 = EDGE_CURVE ( 'NONE', #3112, #1204, #3577, .T. ) ;
#3750 = VERTEX_POINT ( 'NONE', #2966 ) ;
#3751 = DIRECTION ( 'NONE',  ( 1.000000000000000000, 0.000000000000000000, -0.000000000000000000 ) ) ;
#3752 = CARTESIAN_POINT ( 'NONE',  ( 0.05240384615384601624, -4.900000000000001243, 4.319000000000000838 ) ) ;
#3753 = CARTESIAN_POINT ( 'NONE',  ( 0.1679487179487176296, -4.950000000000000178, 4.318999999999999950 ) ) ;
#3754 = EDGE_CURVE ( 'NONE', #1885, #279, #2916, .T. ) ;
#3755 = CARTESIAN_POINT ( 'NONE',  ( -0.6404034295841218860, -4.899999999999999467, 0.8541678627429052373 ) ) ;
#3756 = ORIENTED_EDGE ( 'NONE', *, *, #1930, .F. ) ;
#3757 = SURFACE_STYLE_USAGE ( .BOTH. , #2570 ) ;
#3758 = CARTESIAN_POINT ( 'NONE',  ( -1.499999999999999556, 0.000000000000000000, 3.300000000000000266 ) ) ;
#3759 = CARTESIAN_POINT ( 'NONE',  ( -0.4009889179873256659, -4.900000000000000355, 1.951816555120263530 ) ) ;
#3760 = UNCERTAINTY_MEASURE_WITH_UNIT (LENGTH_MEASURE( 1.000000000000000082E-05 ), #1705, 'distance_accuracy_value', 'NONE');
#3761 = CARTESIAN_POINT ( 'NONE',  ( -1.271337713037318462, -4.949999999999999289, 0.9748699444154249605 ) ) ;
#3762 = STYLED_ITEM ( 'NONE', ( #216 ), #2915 ) ;
#3763 = PRESENTATION_LAYER_ASSIGNMENT (  '', '', ( #3827 ) ) ;
#3764 =( GEOMETRIC_REPRESENTATION_CONTEXT ( 3 ) GLOBAL_UNCERTAINTY_ASSIGNED_CONTEXT ( ( #3937 ) ) GLOBAL_UNIT_ASSIGNED_CONTEXT ( ( #801, #3816, #445 ) ) REPRESENTATION_CONTEXT ( 'NONE', 'WORKASPACE' ) );
#3765 = SURFACE_STYLE_USAGE ( .BOTH. , #1868 ) ;
#3766 = PRESENTATION_LAYER_ASSIGNMENT (  '', '', ( #2173 ) ) ;
#3767 = SURFACE_SIDE_STYLE ('',( #825 ) ) ;
#3768 = PRESENTATION_LAYER_ASSIGNMENT (  '', '', ( #3070 ) ) ;
#3769 = CARTESIAN_POINT ( 'NONE',  ( -0.6404034295841218860, -4.949999999999998401, 0.8541678627429052373 ) ) ;
#3770 = B_SPLINE_SURFACE_WITH_KNOTS ( 'NONE', 3, 1, ( 
 ( #2904, #1747 ),
 ( #869, #3579 ),
 ( #2969, #1230 ),
 ( #242, #2389 ),
 ( #2429, #1485 ),
 ( #3618, #554 ),
 ( #2109, #1450 ),
 ( #1787, #2369 ),
 ( #3952, #3295 ),
 ( #2677, #1468 ),
 ( #2756, #3023 ),
 ( #1822, #576 ),
 ( #2700, #3640 ),
 ( #3891, #1520 ),
 ( #1148, #3007 ),
 ( #828, #1806 ),
 ( #3601, #299 ),
 ( #1502, #850 ),
 ( #2070, #908 ),
 ( #3915, #3337 ),
 ( #616, #16 ),
 ( #3038, #3277 ),
 ( #1767, #2986 ),
 ( #1174, #2218 ),
 ( #2465, #632 ),
 ( #2776, #1837 ),
 ( #361, #3062 ) ),
 .UNSPECIFIED., .F., .F., .F.,
 ( 4, 1, 1, 1, 1, 1, 1, 1, 1, 1, 1, 1, 1, 1, 1, 1, 1, 1, 1, 1, 1, 1, 1, 1, 4 ),
 ( 2, 2 ),
 ( 0.000000000000000000, 0.04755955690542653519, 0.09396210524321092772, 0.1391115332408221217, 0.1836263101269046960, 0.2274570284004935050, 0.2707025105518547359, 0.3136105321155537862, 0.3562604510849770034, 0.3983661529550378555, 0.4395565149792806658, 0.4800453830214204687, 0.5198884957050128319, 0.5596577503171974444, 0.5994212546627415428, 0.6392077550883983328, 0.6796683749857806989, 0.7200198525128485016, 0.7598588655624579635, 0.7995598848323807184, 0.8391991446364382989, 0.8789560762302789376, 0.9187942693024661045, 0.9590833628432750002, 1.000000000000000000 ),
 ( 0.000000000000000000, 1.000000000000000000 ),
 .UNSPECIFIED. ) ;
#3772 = ORIENTED_EDGE ( 'NONE', *, *, #2215, .F. ) ;
#3771 = CARTESIAN_POINT ( 'NONE',  ( -1.382893657043767099, -4.950000000000001066, 1.238468448277985967 ) ) ;
#3773 = B_SPLINE_CURVE_WITH_KNOTS ( 'NONE', 3,
 ( #1799, #3017, #569, #822, #273, #2127, #3309, #1740, #2732, #1496, #3867, #1461, #608, #3947, #862, #3884, #2084, #1140, #2962 ),
 .UNSPECIFIED., .F., .F.,
 ( 4, 1, 1, 1, 1, 1, 1, 1, 1, 1, 1, 1, 1, 1, 1, 1, 4 ),
 ( 0.000000000000000000, 0.07522634669089893478, 0.1465747215268523029, 0.2145002518264755020, 0.2795299716530229017, 0.3424029515883815211, 0.4034960527288083409, 0.4637616065030393808, 0.5238643590795867278, 0.5832517242549666303, 0.6413020392831351169, 0.6988977748564887404, 0.7562952438113087483, 0.8146278048129691474, 0.8743247683399979486, 0.9357832838625451677, 1.000000000000000000 ),
 .UNSPECIFIED. ) ;
#3774 = CARTESIAN_POINT ( 'NONE',  ( -0.02187334921341655206, -4.949999999999999289, 3.999978785180554830 ) ) ;
#3775 = STYLED_ITEM ( 'NONE', ( #1684 ), #1679 ) ;
#3776 = CARTESIAN_POINT ( 'NONE',  ( -0.3325704845232404505, -4.900000000000001243, 1.007435018825326933 ) ) ;
#3777 = ORIENTED_EDGE ( 'NONE', *, *, #1824, .T. ) ;
#3778 = PLANE ( 'NONE',  #3566 ) ;
#3779 = EDGE_CURVE ( 'NONE', #3584, #2400, #1447, .T. ) ;
#3780 = CARTESIAN_POINT ( 'NONE',  ( 0.007285345437902050053, -4.900000000000001243, 1.606836291005684147 ) ) ;
#3781 = DIRECTION ( 'NONE',  ( -0.000000000000000000, -1.000000000000000000, -0.000000000000000000 ) ) ;
#3782 = ORIENTED_EDGE ( 'NONE', *, *, #1370, .T. ) ;
#3783 = STYLED_ITEM ( 'NONE', ( #2421 ), #2072 ) ;
#3784 = CARTESIAN_POINT ( 'NONE',  ( -0.4496399403579305898, -4.950000000000000178, 2.180195575879539938 ) ) ;
#3785 = CARTESIAN_POINT ( 'NONE',  ( 0.01412272862817933253, -4.900000000000000355, 1.336745568844278420 ) ) ;
#3786 = CARTESIAN_POINT ( 'NONE',  ( -0.2999999999999999334, 3.910000000000000142, -0.001000000000000132727 ) ) ;
#3787 = COLOUR_RGB ( '',1.000000000000000000, 1.000000000000000000, 1.000000000000000000 ) ;
#3788 = CARTESIAN_POINT ( 'NONE',  ( -0.1735003660408735993, -4.950000000000001066, 2.002444828161038082 ) ) ;
#3789 = CARTESIAN_POINT ( 'NONE',  ( -0.2996301550058972918, -4.950000000000000178, 1.048428091609807211 ) ) ;
#3791 = ORIENTED_EDGE ( 'NONE', *, *, #2590, .F. ) ;
#3790 = SURFACE_SIDE_STYLE ('',( #2306 ) ) ;
#3792 = PRESENTATION_LAYER_ASSIGNMENT (  '', '', ( #3024 ) ) ;
#3793 = CARTESIAN_POINT ( 'NONE',  ( -0.02187334921341655206, -4.949999999999999289, 3.999978785180554830 ) ) ;
#3794 = LINE ( 'NONE', #3172, #2932 ) ;
#3795 = FILL_AREA_STYLE ('',( #799 ) ) ;
#3796 = CARTESIAN_POINT ( 'NONE',  ( -0.1923076923076923739, -4.900000000000000355, 1.448098557692307775 ) ) ;
#3797 = ORIENTED_EDGE ( 'NONE', *, *, #2618, .T. ) ;
#3798 = CARTESIAN_POINT ( 'NONE',  ( -1.355374500648916625, -4.949999999999999289, 1.758671575626935102 ) ) ;
#3799 = CARTESIAN_POINT ( 'NONE',  ( -0.01424150776035305009, -4.899999999999998579, 1.706807429145969612 ) ) ;
#3800 = CARTESIAN_POINT ( 'NONE',  ( -1.014434488494872388, -4.950000000000000178, 0.9700134349902422848 ) ) ;
#3801 = ORIENTED_EDGE ( 'NONE', *, *, #399, .T. ) ;
#3802 = EDGE_CURVE ( 'NONE', #257, #1856, #867, .T. ) ;
#3803 = ORIENTED_EDGE ( 'NONE', *, *, #614, .T. ) ;
#3804 = CARTESIAN_POINT ( 'NONE',  ( -0.04665162120881869573, -4.949999999999999289, 1.800797864289751749 ) ) ;
#3805 = CARTESIAN_POINT ( 'NONE',  ( -0.002967519215873970669, -4.899999999999998579, 1.232484358727993445 ) ) ;
#3806 = DIRECTION ( 'NONE',  ( 1.000000000000000000, 0.000000000000000000, 0.000000000000000000 ) ) ;
#3807 = ADVANCED_FACE ( 'NONE', ( #191 ), #1701, .F. ) ;
#3808 = CARTESIAN_POINT ( 'NONE',  ( -0.6196957528052694508, -4.899999999999999467, 2.041178663534509052 ) ) ;
#3809 = CARTESIAN_POINT ( 'NONE',  ( -0.2111515819136845495, -4.899999999999999467, 1.253367430971772611 ) ) ;
#3811 = VERTEX_POINT ( 'NONE', #313 ) ;
#3810 = CARTESIAN_POINT ( 'NONE',  ( -1.339082239731614221, -4.950000000000001066, 1.101842319594224628 ) ) ;
#3812 = SURFACE_STYLE_USAGE ( .BOTH. , #3837 ) ;
#3813 =( GEOMETRIC_REPRESENTATION_CONTEXT ( 3 ) GLOBAL_UNCERTAINTY_ASSIGNED_CONTEXT ( ( #1273 ) ) GLOBAL_UNIT_ASSIGNED_CONTEXT ( ( #3955, #2097, #1199 ) ) REPRESENTATION_CONTEXT ( 'NONE', 'WORKASPACE' ) );
#3814 = DIRECTION ( 'NONE',  ( -0.000000000000000000, 1.000000000000000000, -0.000000000000000000 ) ) ;
#3815 = DIRECTION ( 'NONE',  ( -1.000000000000000000, 0.000000000000000000, 0.000000000000000000 ) ) ;
#3816 =( NAMED_UNIT ( * ) PLANE_ANGLE_UNIT ( ) SI_UNIT ( $, .RADIAN. ) );
#3817 = DIRECTION ( 'NONE',  ( 0.000000000000000000, 0.000000000000000000, 1.000000000000000000 ) ) ;
#3818 = VERTEX_POINT ( 'NONE', #3638 ) ;
#3819 = CARTESIAN_POINT ( 'NONE',  ( -1.402309002578743469, -4.900000000000000355, 1.517839069544936192 ) ) ;
#3820 = CARTESIAN_POINT ( 'NONE',  ( -0.7403127493227932288, -4.900000000000002132, 2.044158712657190957 ) ) ;
#3821 = CARTESIAN_POINT ( 'NONE',  ( -0.8900682525946892465, -4.949999999999999289, 0.8904941313878286246 ) ) ;
#3822 = ORIENTED_EDGE ( 'NONE', *, *, #3283, .T. ) ;
#3823 = COLOUR_RGB ( '',1.000000000000000000, 1.000000000000000000, 1.000000000000000000 ) ;
#3824 = DIRECTION ( 'NONE',  ( -1.000000000000000000, 0.000000000000000000, 0.000000000000000000 ) ) ;
#3825 =( NAMED_UNIT ( * ) PLANE_ANGLE_UNIT ( ) SI_UNIT ( $, .RADIAN. ) );
#3826 = EDGE_CURVE ( 'NONE', #2751, #3105, #1804, .T. ) ;
#3827 = STYLED_ITEM ( 'NONE', ( #3480 ), #465 ) ;
#3828 = VECTOR ( 'NONE', #1007, 1000.000000000000114 ) ;
#3829 = VECTOR ( 'NONE', #249, 1000.000000000000000 ) ;
#3830 = CARTESIAN_POINT ( 'NONE',  ( -0.4890329443928450037, -4.899999999999999467, 2.003672123932434435 ) ) ;
#3831 = ADVANCED_FACE ( 'NONE', ( #2146 ), #595, .F. ) ;
#3832 = CARTESIAN_POINT ( 'NONE',  ( -0.4081063701350364226, -4.900000000000000355, 0.9392661059114010280 ) ) ;
#3834 = ORIENTED_EDGE ( 'NONE', *, *, #2742, .F. ) ;
#3833 = CARTESIAN_POINT ( 'NONE',  ( -1.108050254835857507, -4.900000000000000355, 0.8069032235124634633 ) ) ;
#3835 =( GEOMETRIC_REPRESENTATION_CONTEXT ( 3 ) GLOBAL_UNCERTAINTY_ASSIGNED_CONTEXT ( ( #3554 ) ) GLOBAL_UNIT_ASSIGNED_CONTEXT ( ( #2899, #1981, #781 ) ) REPRESENTATION_CONTEXT ( 'NONE', 'WORKASPACE' ) );
#3836 = COLOUR_RGB ( '',1.000000000000000000, 1.000000000000000000, 1.000000000000000000 ) ;
#3837 = SURFACE_SIDE_STYLE ('',( #3171 ) ) ;
#3838 = DIRECTION ( 'NONE',  ( 0.000000000000000000, -0.000000000000000000, 1.000000000000000000 ) ) ;
#3839 = LINE ( 'NONE', #757, #2518 ) ;
#3840 = CARTESIAN_POINT ( 'NONE',  ( -0.6902043269230770939, -4.900000000000001243, 2.045153846153846544 ) ) ;
#3841 = VECTOR ( 'NONE', #3888, 1000.000000000000000 ) ;
#3842 = ORIENTED_EDGE ( 'NONE', *, *, #104, .T. ) ;
#3843 = CARTESIAN_POINT ( 'NONE',  ( -0.6902043269230769829, -4.900000000000000355, 2.045153846153846100 ) ) ;
#3844 = CARTESIAN_POINT ( 'NONE',  ( -0.5911197763822019224, -4.900000000000000355, 2.212879541608050449 ) ) ;
#3845 = FILL_AREA_STYLE ('',( #2632 ) ) ;
#3846 = ORIENTED_EDGE ( 'NONE', *, *, #3239, .T. ) ;
#3847 = VECTOR ( 'NONE', #3806, 1000.000000000000000 ) ;
#3848 = FILL_AREA_STYLE ('',( #2635 ) ) ;
#3849 = ORIENTED_EDGE ( 'NONE', *, *, #2992, .F. ) ;
#3850 = CARTESIAN_POINT ( 'NONE',  ( -0.8433820768491094855, -4.899999999999998579, 0.6932656733630071511 ) ) ;
#3851 = CARTESIAN_POINT ( 'NONE',  ( -0.01602392080885735662, -4.899999999999999467, 1.182566826308319996 ) ) ;
#3852 = VECTOR ( 'NONE', #2512, 1000.000000000000000 ) ;
#3853 = LINE ( 'NONE', #1067, #1544 ) ;
#3854 = DIRECTION ( 'NONE',  ( -0.000000000000000000, -1.000000000000000000, -0.000000000000000000 ) ) ;
#3855 = CARTESIAN_POINT ( 'NONE',  ( 0.01923076923076921449, -4.950000000000000178, 1.446596153846154253 ) ) ;
#3856 = VECTOR ( 'NONE', #1339, 1000.000000000000000 ) ;
#3857 = DIRECTION ( 'NONE',  ( 0.000000000000000000, 0.000000000000000000, -1.000000000000000000 ) ) ;
#3858 = CARTESIAN_POINT ( 'NONE',  ( -1.403846153846153966, -4.950000000000000178, 1.429168269230769450 ) ) ;
#3859 = EDGE_CURVE ( 'NONE', #485, #153, #650, .T. ) ;
#3860 = CARTESIAN_POINT ( 'NONE',  ( -0.1201889391773222765, -4.949999999999999289, 3.920233926890903664 ) ) ;
#3861 = UNCERTAINTY_MEASURE_WITH_UNIT (LENGTH_MEASURE( 1.000000000000000082E-05 ), #2226, 'distance_accuracy_value', 'NONE');
#3862 = SURFACE_STYLE_USAGE ( .BOTH. , #1054 ) ;
#3863 = CARTESIAN_POINT ( 'NONE',  ( 1.203076923076922933, -4.900000000000000355, 1.079709134615384647 ) ) ;
#3864 = CARTESIAN_POINT ( 'NONE',  ( 2.000000000000000000, -4.950000000000000178, -0.001000000000000024307 ) ) ;
#3865 = EDGE_CURVE ( 'NONE', #3697, #2735, #2106, .T. ) ;
#3866 = ORIENTED_EDGE ( 'NONE', *, *, #3020, .T. ) ;
#3867 = CARTESIAN_POINT ( 'NONE',  ( -1.154335916617327262, -4.900000000000000355, 2.058223720444909866 ) ) ;
#3868 = CARTESIAN_POINT ( 'NONE',  ( -0.9753436267981396846, -4.899999999999999467, 0.9385692820906487155 ) ) ;
#3869 = VERTEX_POINT ( 'NONE', #2406 ) ;
#3870 = EDGE_LOOP ( 'NONE', ( #1071, #905, #2591, #1662 ) ) ;
#3871 = DIRECTION ( 'NONE',  ( -1.000000000000000000, 0.000000000000000000, 0.000000000000000000 ) ) ;
#3872 = ORIENTED_EDGE ( 'NONE', *, *, #3408, .T. ) ;
#3873 = CARTESIAN_POINT ( 'NONE',  ( -1.026187842148351237, -4.900000000000000355, 0.7567505720810479009 ) ) ;
#3874 = CARTESIAN_POINT ( 'NONE',  ( 0.5999999999999998668, -2.449999999999992184, 4.801000000000000156 ) ) ;
#3875 = SURFACE_STYLE_FILL_AREA ( #3202 ) ;
#3876 = SURFACE_STYLE_FILL_AREA ( #2073 ) ;
#3877 = CARTESIAN_POINT ( 'NONE',  ( -0.3264278310720643006, -4.900000000000003020, 1.882307954387121951 ) ) ;
#3878 = CARTESIAN_POINT ( 'NONE',  ( 1.203076923076922933, -4.900000000000000355, 2.199000000000000288 ) ) ;
#3879 = SURFACE_STYLE_USAGE ( .BOTH. , #544 ) ;
#3880 = CARTESIAN_POINT ( 'NONE',  ( -1.355374500648916625, -4.950000000000001066, 1.758671575626935102 ) ) ;
#3881 = ADVANCED_FACE ( 'NONE', ( #2427 ), #3313, .F. ) ;
#3882 = ORIENTED_EDGE ( 'NONE', *, *, #1363, .T. ) ;
#3883 = CARTESIAN_POINT ( 'NONE',  ( -1.327449009266725710, -4.900000000000000355, 1.828965873934041086 ) ) ;
#3884 = CARTESIAN_POINT ( 'NONE',  ( -0.8408499225714139991, -4.900000000000002132, 2.206151175429825084 ) ) ;
#3885 = EDGE_CURVE ( 'NONE', #1064, #182, #3696, .T. ) ;
#3886 = CARTESIAN_POINT ( 'NONE',  ( -0.9337344442310135939, -4.900000000000001243, 0.9122370282363596594 ) ) ;
#3887 = ORIENTED_EDGE ( 'NONE', *, *, #46, .F. ) ;
#3888 = DIRECTION ( 'NONE',  ( 1.000000000000000000, 0.000000000000000000, 0.000000000000000000 ) ) ;
#3889 = ORIENTED_EDGE ( 'NONE', *, *, #3020, .F. ) ;
#3890 = SURFACE_STYLE_FILL_AREA ( #175 ) ;
#3891 = CARTESIAN_POINT ( 'NONE',  ( -0.1818780215232961017, -4.899999999999999467, 0.8845506753633941566 ) ) ;
#3892 = SURFACE_SIDE_STYLE ('',( #1521 ) ) ;
#3893 = UNCERTAINTY_MEASURE_WITH_UNIT (LENGTH_MEASURE( 1.000000000000000082E-05 ), #292, 'distance_accuracy_value', 'NONE');
#3894 = ORIENTED_EDGE ( 'NONE', *, *, #3489, .T. ) ;
#3895 = CARTESIAN_POINT ( 'NONE',  ( -0.3055182788481815570, -4.949999999999997513, 1.854975479348065281 ) ) ;
#3896 = AXIS2_PLACEMENT_3D ( 'NONE', #3377, #1860, #868 ) ;
#3897 = DIRECTION ( 'NONE',  ( 1.000000000000000000, 0.000000000000000000, 0.000000000000000000 ) ) ;
#3898 = DIRECTION ( 'NONE',  ( -0.000000000000000000, -1.000000000000000000, -0.000000000000000000 ) ) ;
#3899 = PRESENTATION_LAYER_ASSIGNMENT (  '', '', ( #2556 ) ) ;
#3900 = COLOUR_RGB ( '',1.000000000000000000, 1.000000000000000000, 1.000000000000000000 ) ;
#3901 = CARTESIAN_POINT ( 'NONE',  ( -0.6753572903442238706, -4.950000000000000178, 0.8532929794568079318 ) ) ;
#3902 = LINE ( 'NONE', #2991, #3437 ) ;
#3903 = VECTOR ( 'NONE', #306, 1000.000000000000000 ) ;
#3904 = PRESENTATION_LAYER_ASSIGNMENT (  '', '', ( #892 ) ) ;
#3905 = CARTESIAN_POINT ( 'NONE',  ( -1.191865441711353890, -4.900000000000000355, 1.453624033977423791 ) ) ;
#3906 = EDGE_CURVE ( 'NONE', #1100, #3697, #574, .T. ) ;
#3907 = VECTOR ( 'NONE', #1186, 1000.000000000000000 ) ;
#3908 = ORIENTED_EDGE ( 'NONE', *, *, #3097, .F. ) ;
#3909 = CARTESIAN_POINT ( 'NONE',  ( -1.137689747869109480, -4.900000000000000355, 1.137525343762166852 ) ) ;
#3910 = CARTESIAN_POINT ( 'NONE',  ( 0.000000000000000000, -2.449999999999991296, 8.800000000000000711 ) ) ;
#3911 = DIRECTION ( 'NONE',  ( 1.000000000000000000, 0.000000000000000000, 0.000000000000000000 ) ) ;
#3912 = ORIENTED_EDGE ( 'NONE', *, *, #1342, .T. ) ;
#3913 = ADVANCED_FACE ( 'NONE', ( #884 ), #1500, .F. ) ;
#3914 = FACE_OUTER_BOUND ( 'NONE', #464, .T. ) ;
#3915 = CARTESIAN_POINT ( 'NONE',  ( -0.4162377479396146551, -4.900000000000001243, 0.7310299466340782759 ) ) ;
#3916 = DIRECTION ( 'NONE',  ( -1.000000000000000000, 0.000000000000000000, 0.000000000000000000 ) ) ;
#3917 = VERTEX_POINT ( 'NONE', #689 ) ;
#3918 = CARTESIAN_POINT ( 'NONE',  ( 0.4843269230769232658, -4.900000000000000355, 2.199000000000000288 ) ) ;
#3919 = VECTOR ( 'NONE', #763, 1000.000000000000000 ) ;
#3920 =( LENGTH_UNIT ( ) NAMED_UNIT ( * ) SI_UNIT ( .MILLI., .METRE. ) );
#3921 =( LENGTH_UNIT ( ) NAMED_UNIT ( * ) SI_UNIT ( .MILLI., .METRE. ) );
#3922 = CARTESIAN_POINT ( 'NONE',  ( -1.184001436049515465, -4.900000000000000355, 1.579932539369864664 ) ) ;
#3923 = ORIENTED_EDGE ( 'NONE', *, *, #2466, .F. ) ;
#3924 = PLANE ( 'NONE',  #3375 ) ;
#3925 = DIRECTION ( 'NONE',  ( 0.000000000000000000, -0.000000000000000000, 1.000000000000000000 ) ) ;
#3926 = LINE ( 'NONE', #2362, #2581 ) ;
#3927 = PLANE ( 'NONE',  #582 ) ;
#3928 = ORIENTED_EDGE ( 'NONE', *, *, #1847, .T. ) ;
#3929 = EDGE_LOOP ( 'NONE', ( #2233, #3390, #2364, #3179, #3104, #3949, #2794, #3306, #2808, #882 ) ) ;
#3930 = ORIENTED_EDGE ( 'NONE', *, *, #488, .T. ) ;
#3931 = VECTOR ( 'NONE', #120, 1000.000000000000000 ) ;
#3932 = SURFACE_STYLE_USAGE ( .BOTH. , #14 ) ;
#3933 = CARTESIAN_POINT ( 'NONE',  ( -1.371002818820657998, -4.899999999999999467, 1.192276586425710994 ) ) ;
#3934 =( NAMED_UNIT ( * ) PLANE_ANGLE_UNIT ( ) SI_UNIT ( $, .RADIAN. ) );
#3935 =( NAMED_UNIT ( * ) PLANE_ANGLE_UNIT ( ) SI_UNIT ( $, .RADIAN. ) );
#3936 = EDGE_CURVE ( 'NONE', #3003, #1184, #2848, .T. ) ;
#3937 = UNCERTAINTY_MEASURE_WITH_UNIT (LENGTH_MEASURE( 1.000000000000000082E-05 ), #801, 'distance_accuracy_value', 'NONE');
#3938 = LINE ( 'NONE', #1195, #1625 ) ;
#3939 = CARTESIAN_POINT ( 'NONE',  ( -1.191351405816941655, -4.949999999999998401, 1.362881392803755309 ) ) ;
#3940 = EDGE_CURVE ( 'NONE', #605, #2541, #2092, .T. ) ;
#3941 = CARTESIAN_POINT ( 'NONE',  ( 2.000000000000000000, -4.950000000000000178, -0.001000000000000024307 ) ) ;
#3942 = LINE ( 'NONE', #2413, #84 ) ;
#3943 = CARTESIAN_POINT ( 'NONE',  ( 0.5999999999999998668, -2.449999999999991296, 8.800000000000000711 ) ) ;
#3944 = CARTESIAN_POINT ( 'NONE',  ( -1.080555159036227453, -4.949999999999999289, 1.864617271804272614 ) ) ;
#3945 = EDGE_LOOP ( 'NONE', ( #2900, #1424, #860, #312 ) ) ;
#3946 = CARTESIAN_POINT ( 'NONE',  ( -0.5202188309914854702, -4.950000000000000178, 2.016812162577814149 ) ) ;
#3947 = CARTESIAN_POINT ( 'NONE',  ( -0.9773121412021514853, -4.900000000000001243, 2.167288308334214708 ) ) ;
#3948 = LINE ( 'NONE', #329, #2041 ) ;
#3949 = ORIENTED_EDGE ( 'NONE', *, *, #2193, .T. ) ;
#3950 = DIRECTION ( 'NONE',  ( 0.000000000000000000, 0.000000000000000000, -1.000000000000000000 ) ) ;
#3951 = FACE_OUTER_BOUND ( 'NONE', #3366, .T. ) ;
#3952 = CARTESIAN_POINT ( 'NONE',  ( -0.05030635405410792405, -4.900000000000001243, 1.087124791514010314 ) ) ;
#3953 =( NAMED_UNIT ( * ) PLANE_ANGLE_UNIT ( ) SI_UNIT ( $, .RADIAN. ) );
#3954 = ADVANCED_FACE ( 'NONE', ( #3120 ), #2589, .F. ) ;
#3955 =( LENGTH_UNIT ( ) NAMED_UNIT ( * ) SI_UNIT ( .MILLI., .METRE. ) );
ENDSEC;
END-ISO-10303-21;
