8	2413	1621	n
23823	2413	1621	n
24316	2412	1618	n
24571	2412	1619	n
24826	2413	1621	n
25096	2413	1621	n
25369	2412	1617	n
25627	2413	1619	n
36001	2407	1618	n
36497	2407	1618	n
36783	2406	1617	n
37033	2406	1616	n
37284	2407	1617	n
37537	2407	1616	n
37822	2407	1617	n
38073	2410	1617	n
48493	2407	1616	n
48972	2409	1619	n
49253	2410	1618	n
49506	2409	1618	n
49761	2410	1618	n
50011	2411	1617	n
50293	2413	1617	n
60672	2409	1616	n
61146	2409	1618	n
61397	2410	1616	n
61664	2406	1618	n
619184800	2411	1619	n
185050	2413	1618	n
185301	2411	1618	n
195770	2409	1617	n
196254	2409	1618	n
196511	2411	1618	n
196766	2410	1619	n
197048	2410	1620	n
197299	2410	1617	n
197554	2409	1617	n
207931	2410	1618	n
208414	2411	1619	n
208692	2411	1617	n
208943	2411	1617	n
209194	2410	1618	n
209453	2409	1617	n
209731	2410	1618	n
220144	2410	1618	n
220627	2410	1618	n
220886	2411	1618	n
221159	2410	1617	n
221410	2411	1617	n
221665	2410	1618	n
221925	2411	1618	n
232314	2411	1619	n
232798	2412	1618	n
233049	2410	1619	n
233309	2411	1618	n
233585	2410	1620	n
233840	2411	1618	n
234091	2411	1619	n
244467	2412	1619	n
244977	2411	1618	n
245228	2410	1618	n
245480	2410	1618	n
245735	2411	1618	n
246017	2412	1619	n
246268	2413	1618	n
256632	2409	1618	n
257107	2410	1619	n
257366	2411	1618	n
257647	2410	1618	n
257898	2413	1617	n
258148	2409	1617	n
258408	2411	1617	n
268842	2411	1619	n
269317	2411	1618	n
269571	2411	1617	n
269835	2413	1619	n
270108	2409	1618	n
270359	2411	1618	n
270614	2411	1618	n
280986	2410	1619	n
281497	2410	1617	n
281752	2410	1617	n
282003	2407	1619	n
282262	2407	1619	n
282537	2411	1616	n
282792	2407	1616	n
283043	2409	1616	n
293440	2407	1619	n
293951	2410	1618	n
294202	2407	1619	n
294453	2410	1619	n
294717	2410	1617	n
294990	2410	1616	n
295240	2411	1618	n
305606	2412	1617	n
306084	2407	1620	n
306366	2411	1619	n
306625	2407	1617	n
306875	2411	1618	n
307126	2409	1617	n
307408	2410	1616	n
317770	2411	1617	n
318244	2412	1620	n
318500	2409	1618	n
318763	2411	1619	n
319037	2410	1617	n
319288	2411	1618	n
319540	2410	1617	n
329923	2411	1617	n
330430	2411	1619	n
330689	2410	1619	n
330940	2411	1619	n
331199	2411	1618	n
331472	2411	1617	n
331733	2410	1618	n
342154	2411	1619	n
342646	2412	1618	n
342919	2411	1618	n
343170	2412	1618	n
343421	2411	1622	n
343684	2409	1617	n
343957	2411	1618	n
354383	2412	1618	n
354867	2414	1617	n
355127	2411	1618	n
355400	2413	1619	n
355657	2411	1619	n
355907	2411	1619	n
356167	2411	1619	n
366644	2413	1618	n
367119	2411	1618	n
367370	2411	1619	n
367635	2411	1620	n
367909	2412	1619	n
368159	2412	1619	n
368410	2411	1617	n
378775	2413	1621	n
379282	2409	1617	n
379537	2410	1619	n
379792	2410	1617	n
380042	2410	1619	n
380324	2410	1619	n
380579	2410	1618	n
391006	2409	1618	n
391485	2411	1617	n
391772	2411	1620	n
392022	2411	1619	n
392273	2410	1618	n
392528	2410	1618	n
392814	2410	1618	n
403253	2411	1619	n
403736	2413	1619	n
403987	2413	1619	n
404268	2411	1618	n
404521	2411	1621	n
404776	2415	1621	n
405027	2413	1619	n
415476	2410	1617	n
415956	2409	1618	n
416207	2410	1618	n
416458	2414	1617	n
416745	2410	1619	n
416995	2410	1618	n
417246	2410	1617	n
427611	2411	1619	n
428099	2413	1619	n
428373	2410	1618	n
428630	2410	1618	n
428880	2411	1619	n
429140	2411	1617	n
429413	2411	1619	n
429668	2411	1618	n
440065	2411	1617	n
440554	2412	1620	n
440831	2411	1619	n
441082	2413	1618	n
441333	2413	1619	n
441597	2412	1619	n
441875	2412	1619	n
452312	2411	1618	n
452798	2411	1619	n
453058	2413	1618	n
453331	2411	1618	n
453586	2411	1618	n
453840	2413	1619	n
454100	2410	1619	n
464565	2411	1618	Time:00:00:00:00;;
465290	2409	1618	n
465554	2410	1618	n
465831	2412	1618	n
466082	2411	1618	n
466333	2411	1620	n
476772	2413	1617	n
477280	2411	1618	n
477537	2411	1618	n
477792	2409	1618	n
478051	2410	1617	n
478325	2411	1617	n
478580	2412	1619	n
488986	2411	1617	n
489469	2410	1619	n
489747	2411	1619	n
489997	2411	1619	n
490248	2411	1617	n
490511	2410	1619	n
490788	2412	1618	n
501147	2412	1617	n
501632	2413	1618	n
501891	2412	1619	n
502164	2409	1619	n
502415	2411	1621	n
502670	2408	1618	n
502929	2411	1617	n
513402	2412	1616	n
513891	2411	1619	n
514142	2411	1618	n
514401	2413	1618	n
514680	2412	1621	n
514931	2413	1620	n
515181	2413	1618	n
525542	2412	1619	Time:00:00:00:00;;
526269	2410	1619	n
526523	2410	1620	n
526777	2411	1619	n
527060	2412	1619	n
527311	2413	1620	n
527565	2411	1619	n
537958	2412	1618	n
538443	2411	1617	n
538721	2414	1619	n
538972	2411	1618	n
539223	2411	1620	n
539485	2410	1617	n
539763	2411	1619	n
550120	2410	1619	n
550599	2410	1618	n
550863	2411	1617	n
551136	2410	1617	n
551387	2410	1619	n
551647	2410	1618	n
551907	2410	1617	n
562376	2409	1618	n
562860	2410	1618	n
563111	2411	1618	n
563371	2410	1619	n
563654	2410	1619	n
563905	2411	1617	n
564156	2411	1617	n
574586	2411	1618	n
575109	2412	1620	n
575359	2410	1618	n
575614	2410	1618	n
575878	2413	1619	n
576151	2414	1619	n
576402	2414	1619	n
586827	2411	1621	n
587312	2413	1618	n
587588	2411	1619	n
587843	2413	1618	n
588094	2412	1618	n
588353	2411	1618	n
588632	2411	1619	n
598988	2411	1618	n
599464	2414	1619	n
599719	2413	1619	n
600000	2413	1617	n
600251	2413	1618	n
600504	2410	1618	n
600759	2410	1619	n
611211	2412	1618	n
611696	2413	1618	n
611947	2411	1619	n
612197	2411	1619	n
612490	2411	1619	n
612745	2411	1619	n
612996	2410	1618	n
623363	2411	1619	n
623878	2410	1619	n
624129	2413	1618	n
624380	2411	1618	n
624638	2411	1619	n
624927	2411	1619	n
625178	2410	1620	n
635611	2410	1619	n
636096	2409	1618	n
636378	2413	1619	n
636638	2411	1617	n
636888	2407	1619	n
637139	2411	1618	n
637421	2411	1621	n
647824	2413	1619	n
648302	2411	1618	n
648555	2411	1618	n
648819	2411	1618	n
649092	2410	1618	n
649343	2410	1617	n
649599	2410	1618	n
660055	2413	1618	n
660571	2412	1618	n
660826	2412	1618	n
661077	2411	1620	n
661359	2411	1618	n
661614	2410	1619	n
661869	2411	1619	n
662120	2411	1619	n
672513	2412	1618	Time:00:00:00:00;;
673188	2411	1618	n
673439	2410	1618	n
673697	2410	1619	n
673947	2412	1619	n
674198	2414	1617	n
684589	2410	1617	n
684844	2411	1618	n
685094	2412	1620	n
685345	2413	1618	n
685599	2411	1618	n
685854	2411	1618	n
686105	2411	1619	n
696489	2413	1619	n
696745	2411	1621	n
696996	2410	1619	n
697246	2411	1621	n
697503	2411	1619	n
697758	2412	1618	n
698009	2411	1619	n
708388	2414	1620	n
708647	2411	1619	n
708897	2413	1619	n
709148	2413	1619	n
709399	2412	1618	n
709656	2410	1619	n
720015	2413	1620	n
720266	2411	1618	n
720520	2413	1619	n
720773	2413	1619	n
721024	2411	1619	n
721275	2410	1618	n
721531	2411	1619	n
731952	2410	1619	n
732203	2412	1618	n
732453	2413	1619	n
732709	2411	1619	n
732959	2413	1619	n
733210	2411	1619	n
733461	2414	1619	n
743854	2411	1619	n
744105	2411	1619	n
744355	2411	1618	n
744609	2413	1618	n
744864	2411	1619	n
745114	2413	1618	n
745365	2411	1621	n
755774	2411	1620	n
756025	2412	1618	n
756276	2411	1618	n
756530	2411	1619	n
756785	2410	1618	n
757036	2412	1618	n
757287	2411	1619	n
767698	2411	1621	n
767948	2411	1619	n
768199	2409	1618	n
768450	2409	1621	n
768705	2411	1619	n
768956	2407	1618	n
769207	2413	1619	n
779601	2411	1618	n
779856	2411	1619	n
780106	2412	1619	n
780357	2411	1619	n
780614	2411	1618	n
780869	2410	1619	n
781120	2411	1618	n
791537	2413	1618	n
791792	2413	1620	n
792042	2413	1620	n
792293	2411	1619	n
792547	2413	1619	n
792802	2413	1619	n
793053	2410	1619	n
803436	2411	1619	n
803697	2412	1619	n
803947	2414	1619	n
804198	2414	1619	n
804449	2410	1619	n
804704	2411	1619	n
804954	2410	1621	n
815338	2411	1618	n
815591	2411	1618	n
815846	2411	1618	n
816097	2411	1619	n
816348	2412	1619	n
816603	2410	1621	n
826965	2411	1619	n
827215	2410	1619	n
827466	2412	1618	n
827721	2410	1618	n
827972	2412	1619	n
828223	2409	1619	n
828474	2411	1619	n
838902	2411	1619	n
839152	2411	1618	n
839403	2411	1618	n
839659	2411	1619	n
839910	2411	1619	n
840160	2413	1619	n
840411	2412	1619	n
850804	2410	1619	n
851054	2413	1618	n
851305	2411	1619	n
851562	2411	1619	n
851817	2411	1618	n
852068	2411	1619	n
852319	2411	1619	n
862725	2411	1619	n
862976	2411	1617	n
863227	2411	1618	n
863478	2412	1618	n
863734	2410	1619	n
863985	2413	1618	n
864236	2413	1618	n
874648	2413	1619	n
874898	2413	1618	n
875149	2410	1619	n
875400	2414	1617	n
875657	2413	1618	n
875908	2413	1619	n
876158	2413	1620	n
886551	2413	1618	n
886806	2413	1619	n
887056	2413	1619	n
887307	2413	1619	n
887562	2413	1620	n
887817	2411	1619	n
888068	2415	1621	n
898485	2413	1621	n
898740	2413	1619	n
898991	2415	1619	n
899242	2412	1619	n
899496	2409	1619	n
899752	2412	1617	n
900003	2413	1618	n
910386	2411	1619	n
910647	2411	1619	n
910898	2411	1619	n
911149	2411	1619	n
911399	2412	1617	n
911656	2412	1619	n
911907	2410	1618	n
922288	2411	1618	n
922540	2411	1618	n
922795	2413	1619	n
923046	2413	1619	n
923297	2411	1619	n
923551	2413	1619	n
933915	2414	1619	n
934165	2412	1619	n
934416	2413	1622	n
934671	2414	1621	n
934922	2414	1621	n
935173	2413	1621	n
935424	2413	1621	n
945852	2412	1619	n
946269	2413	1618	n
946547	2412	1618	n
946802	2410	1616	n
947053	2412	1620	n
947313	2411	1618	n
947588	2410	1619	n
957996	2412	1620	n
958471	2410	1621	n
958736	2410	1619	n
959009	2409	1619	n
959260	2413	1618	n
959514	2410	1619	n
959778	2413	1619	n
970210	2414	1619	n
970692	2413	1619	n
970942	2412	1619	n
971202	2411	1619	n
971475	2413	1618	n
971732	2413	1619	n
971983	2411	1621	n
982371	2411	1620	n
982788	2414	1618	n
983048	2411	1619	n
983321	2412	1619	n
983574	2411	1619	n
983829	2413	1621	n
984089	2411	1621	n
984362	2413	1619	n
994742	2413	1619	n
995219	2412	1621	n
995480	2411	1618	n
995758	2411	1619	n
996008	2410	1619	n
996259	2413	1619	n
996521	2411	1621	n
1006995	2413	1621	Time:00:00:00:00;;
1007692	2412	1619	n
1007952	2411	1618	n
1008225	2414	1620	n
1008476	2413	1619	n
1008732	2413	1620	n
1019147	2413	1618	n
1019664	2414	1619	n
1019915	2412	1619	n
1020166	2413	1619	n
1020425	2413	1620	n
1020703	2413	1619	n
1031067	2414	1622	n
1031547	2414	1620	n
1031802	2414	1619	n
1032085	2412	1619	n
1032336	2412	1619	n
1032589	2412	1619	n
1032844	2412	1619	n
1043262	2412	1620	n
1043759	2410	1618	n
1044010	2411	1620	n
1044260	2411	1620	n
1044548	2413	1618	n
1044803	2411	1618	n
1045054	2411	1620	n
1055458	2413	1620	n
1055948	2410	1618	n
1056222	2411	1620	n
1056473	2413	1619	n
1056733	2413	1619	n
1056993	2414	1619	n
1067378	2413	1619	Time:00:00:00:00;;
1068077	2411	1619	n
1068337	2412	1620	n
1068614	2413	1619	n
1068869	2411	1621	n
1069120	2414	1619	n
1079540	2411	1619	n
1080053	2411	1618	n
1080304	2410	1620	n
1080557	2413	1621	n
1080821	2413	1619	n
1081094	2411	1619	n
1081345	2411	1619	n
1091738	2410	1619	n
1092213	2411	1618	n
1092500	2411	1618	n
1092755	2412	1618	n
1093006	2411	1619	n
1093257	2412	1621	n
1093540	2414	1621	n
1103931	2413	1619	n
1104408	2414	1618	n
1104664	2415	1622	n
1104945	2414	1620	n
1105196	2411	1621	n
1105447	2411	1618	n
1115851	2414	1621	n
1116341	2414	1619	n
1116625	2410	1620	n
1116876	2413	1619	n
1117127	2411	1619	n
1117386	2413	1619	n
1117669	2413	1621	n
1128046	2411	1617	n
1128528	2411	1618	n
1128792	2410	1619	n
1129065	2411	1619	n
1129316	2413	1617	n
1129571	2410	1617	n
1129835	2410	1619	n
1140251	2413	1618	n
1140734	2413	1618	n
1140985	2410	1619	n
1141245	2411	1619	n
1141520	2413	1619	n
1141775	2411	1618	n
1152162	2413	1619	n
1152653	2411	1618	n
1152933	2413	1618	n
1153184	2411	1621	n
1153435	2410	1619	n
1153700	2413	1618	n
1153974	2411	1618	n
1164357	2413	1619	n
1164840	2410	1619	n
1165091	2413	1617	n
1165375	2415	1619	n
1165632	2411	1619	n
1165883	2411	1619	n
1166134	2410	1619	n
1176555	2411	1619	n
1177049	2411	1618	n
1177300	2412	1618	n
1177554	2411	1618	n
1177840	2414	1621	n
1178091	2412	1619	n
1188456	2415	1618	n
1188939	2412	1618	n
1189198	2413	1618	n
1189472	2411	1618	n
1189728	2412	1619	n
1189979	2411	1621	n
1190238	2414	1621	n
1200673	2413	1621	n
1201149	2411	1619	n
1201400	2411	1618	n
1201665	2413	1618	n
1201939	2411	1619	n
1202190	2412	1619	n
1202441	2410	1618	n
1212865	2410	1618	Time:00:00:00:00;;
1213558	2413	1619	n
1213813	2413	1618	n
1214064	2413	1619	n
1214315	2410	1619	n
1214572	2411	1619	n
1224940	2413	1617	n
1225191	2413	1620	n
1225442	2412	1619	n
1225698	2413	1618	n
1225949	2411	1619	n
1226200	2412	1617	n
1236623	2412	1618	n
1236874	2415	1621	n
1237125	2413	1621	n
1237376	2413	1622	n
1237632	2413	1621	n
1237883	2415	1621	n
1238134	2414	1619	n
1248574	2413	1619	n
1248830	2411	1619	n
1249081	2413	1621	n
1249331	2413	1619	n
1249586	2412	1619	n
1249841	2411	1619	n
1260233	2411	1621	n
1260486	2411	1619	n
1260741	2413	1619	n
1260992	2412	1618	n
1261243	2413	1619	n
1261500	2413	1621	n
1261755	2414	1621	n
1272118	2412	1619	n
1272369	2413	1618	n
1272627	2412	1619	n
1272877	2413	1621	n
1273128	2412	1619	n
1273379	2413	1619	n
1283779	2413	1619	n
1284030	2413	1619	n
1284281	2411	1621	n
1284537	2413	1619	n
1284792	2412	1621	n
1285043	2412	1619	n
1285294	2413	1620	n
1295669	2413	1619	n
1295920	2411	1618	n
1296171	2411	1621	n
1296422	2413	1622	n
1296677	2411	1619	n
1296928	2412	1618	n
1307326	2412	1618	n
1307582	2411	1620	n
1307837	2413	1618	n
1308088	2412	1619	n
1308339	2413	1619	n
1308592	2412	1618	n
1308847	2414	1618	n
1319211	2413	1621	n
1319462	2415	1618	n
1319717	2411	1619	n
1319968	2413	1619	n
1320219	2411	1619	n
1320470	2411	1619	n
1330872	2414	1619	n
1331123	2413	1621	n
1331374	2414	1621	n
1331630	2413	1618	n
1331881	2414	1621	n
1332132	2414	1621	n
1332383	2414	1621	n
1342761	2411	1618	n
1343012	2410	1619	n
1343263	2411	1618	n
1343517	2410	1617	n
1343772	2411	1620	n
1344023	2412	1620	n
1354418	2413	1620	n
1354673	2413	1619	n
1354924	2411	1619	n
1355175	2413	1619	n
1355425	2411	1619	n
1355681	2411	1619	n
1355932	2413	1620	n
1366303	2414	1619	n
1366556	2411	1619	n
1366811	2411	1619	n
1367062	2411	1618	n
1367313	2410	1619	n
1367568	2413	1619	n
1377964	2413	1619	n
1378215	2414	1619	n
1378466	2416	1621	n
1378721	2413	1619	n
1378972	2411	1621	n
1379222	2412	1618	n
1379474	2413	1619	n
1389850	2410	1618	n
1390101	2411	1619	n
1390352	2411	1618	n
1390606	2411	1618	n
1390861	2411	1618	n
1391112	2411	1619	n
1401514	2411	1619	n
1401770	2413	1621	n
1402021	2411	1617	n
1402271	2411	1619	n
1402528	2413	1617	n
1402784	2412	1619	n
1403035	2412	1621	n
1413396	2413	1619	n
1413656	2413	1619	n
1413907	2413	1619	n
1414158	2413	1618	n
1414409	2411	1618	n
1414664	2414	1621	n
1425057	2411	1621	n
1425308	2413	1621	n
1425565	2411	1619	n
1425820	2413	1618	n
1426071	2411	1619	n
1426321	2411	1621	n
1426574	2413	1618	n
1436942	2411	1619	n
1437193	2410	1621	n
1437444	2410	1619	n
1437700	2411	1620	n
1437950	2411	1618	n
1438201	2412	1619	n
1448603	2411	1619	n
1448858	2411	1619	n
1449109	2411	1618	n
1449360	2409	1619	n
1449620	2411	1620	n
1449871	2413	1619	n
1450122	2411	1617	n
1460493	2413	1620	n
1460748	2413	1618	n
1460999	2414	1619	n
1461250	2413	1619	n
1461503	2413	1619	n
1461758	2411	1620	n
1472149	2412	1620	n
1472400	2413	1618	n
1472656	2413	1619	n
1472907	2411	1619	n
1473157	2411	1620	n
1473408	2412	1619	n
1473664	2411	1617	n
1484035	2413	1619	n
1484286	2412	1619	n
1484539	2411	1619	n
1484794	2411	1619	n
1485045	2411	1621	n
1485296	2414	1618	n
1495700	2410	1619	n
1495951	2411	1620	n
1496201	2411	1618	n
1496452	2410	1618	n
1496707	2411	1619	n
1496958	2411	1619	n
1497209	2410	1619	n
1507585	2411	1621	n
1507840	2411	1619	n
1508091	2413	1618	n
1508342	2415	1619	n
1508597	2412	1619	n
1508852	2412	1617	n
1519242	2412	1621	n
1519496	2412	1617	n
1519752	2411	1619	n
1520002	2409	1618	n
1520253	2410	1619	n
1520506	2414	1619	n
1520761	2412	1619	n
1531127	2411	1618	n
1531378	2413	1619	n
1531637	2412	1618	n
1531888	2413	1619	n
1532139	2413	1621	n
1532390	2411	1618	n
1542788	2411	1619	n
1543039	2412	1619	n
1543290	2411	1617	n
1543545	2411	1618	n
1543800	2409	1619	n
1544050	2410	1619	n
1544301	2412	1619	n
1554677	2411	1619	n
1554928	2413	1619	n
1555179	2413	1620	n
1555430	2411	1619	n
1555689	2413	1619	n
1555940	2412	1619	n
1566334	2411	1618	n
1566588	2413	1619	n
1566843	2413	1618	n
1567094	2414	1621	n
1567345	2413	1619	n
1567599	2412	1620	n
1567854	2410	1620	n
1578220	2413	1619	n
1578471	2411	1618	n
1578727	2411	1619	n
1578978	2413	1620	n
1579229	2413	1619	n
1579481	2411	1619	n
1589881	2412	1620	n
1590132	2413	1619	n
1590383	2412	1619	n
1590642	2411	1619	n
1590893	2412	1619	n
1591144	2412	1621	n
1591395	2411	1618	n
1601770	2412	1619	n
1602021	2411	1619	n
1602271	2411	1619	n
1602528	2413	1618	n
1602784	2410	1619	n
1603035	2414	1618	n
1613427	2411	1618	n
1613683	2412	1618	n
1613934	2412	1618	n
1614185	2411	1619	n
1614436	2410	1619	n
1614697	2410	1617	n
1614948	2411	1618	n
1625312	2413	1619	n
1625569	2413	1621	n
1625824	2411	1619	n
1626075	2412	1619	n
1626326	2411	1617	n
1626582	2414	1619	n
1636973	2411	1619	n
1637224	2412	1621	n
1637475	2412	1619	n
1637733	2412	1619	n
1637984	2411	1621	n
1638235	2412	1621	n
1638490	2410	1620	n
1648858	2411	1619	n
1649109	2413	1619	n
1649360	2412	1620	n
1649614	2411	1620	n
1649869	2411	1619	n
1650120	2409	1619	n
1660521	2411	1619	n
1660776	2411	1617	n
1661027	2411	1619	n
1661278	2411	1617	n
1661535	2411	1617	n
1661790	2411	1619	n
1662041	2411	1621	n
1672405	2411	1617	n
1672660	2411	1619	n
1672911	2415	1619	n
1673162	2411	1618	n
1673413	2412	1618	n
1673668	2413	1619	n
1684066	2412	1619	n
1684317	2413	1619	n
1684571	2413	1620	n
1684826	2415	1620	n
1685077	2413	1622	n
1685328	2412	1619	n
1685582	2410	1621	n
1695951	2411	1620	n
1696202	2412	1618	n
1696453	2406	1619	n
1696708	2411	1619	n
1696959	2411	1620	n
1697210	2411	1620	n
1707612	2410	1619	n
1707867	2410	1619	n
1708118	2413	1618	n
1708369	2411	1618	n
1708627	2409	1619	n
1708878	2412	1619	n
1709129	2413	1619	n
1719503	2414	1621	n
1719758	2412	1621	n
1720009	2413	1621	n
1720260	2414	1619	n
1720514	2415	1618	n
1720769	2411	1620	n
1731158	2413	1619	n
1731409	2414	1619	n
1731664	2414	1621	n
1731915	2412	1621	n
1732166	2413	1621	n
1732417	2414	1621	n
1732672	2414	1619	n
1743043	2413	1619	n
1743294	2411	1618	n
1743548	2410	1619	n
1743803	2414	1619	n
1744054	2413	1620	n
1744304	2411	1620	n
1754706	2411	1619	n
1754957	2414	1619	n
1755208	2412	1619	n
1755459	2414	1618	n
1755714	2414	1619	n
1755965	2411	1619	n
1756216	2412	1618	n
1766592	2413	1621	n
1766847	2413	1619	n
1767098	2413	1621	n
1767349	2413	1620	n
1767603	2412	1619	n
1767858	2413	1619	n
1778251	2412	1619	n
1778504	2414	1619	n
1778759	2412	1621	n
1779010	2413	1619	n
1779260	2413	1621	n
1779518	2412	1619	n
1779772	2413	1618	n
1790136	2413	1620	n
1790387	2411	1619	n
1790647	2411	1619	n
1790898	2411	1620	n
1791149	2412	1619	n
1791400	2413	1619	n
1801797	2412	1618	n
1802048	2411	1618	n
1802299	2411	1618	n
1802554	2413	1619	n
1802809	2411	1619	n
1803060	2413	1618	n
1803310	2413	1619	n
1813686	2411	1618	n
1813937	2414	1621	n
1814188	2412	1619	n
1814439	2410	1619	n
1814697	2414	1618	n
1814947	2413	1620	n
1825343	2413	1621	n
1825599	2415	1618	n
1825854	2411	1619	n
1826105	2412	1619	n
1826356	2410	1620	n
1826609	2413	1617	n
1826864	2413	1621	n
1837228	2410	1620	n
1837480	2411	1619	n
1837735	2410	1618	n
1837986	2411	1618	n
1838237	2411	1618	n
1838493	2411	1619	n
1848889	2414	1619	n
1849140	2413	1619	n
1849391	2412	1619	n
1849651	2413	1619	n
1849902	2412	1617	n
1850153	2411	1619	n
1850404	2412	1618	n
1860777	2413	1620	n
1861028	2412	1618	n
1861279	2413	1619	n
1861534	2411	1619	n
1861789	2413	1618	n
1862040	2412	1618	n
1872436	2410	1619	n
1872697	2410	1620	n
1872948	2413	1617	n
1873198	2412	1620	n
1873449	2407	1617	n
1873704	2411	1618	n
1873955	2411	1619	n
1884321	2411	1617	n
1884574	2411	1620	n
1884829	2409	1619	n
1885080	2412	1618	n
1885331	2411	1619	n
1885585	2413	1618	n
1895982	2411	1618	n
1896233	2411	1617	n
1896486	2412	1618	n
1896741	2411	1619	n
1896992	2411	1618	n
1897243	2413	1621	n
1897500	2413	1619	n
1907867	2413	1619	n
1908118	2413	1620	n
1908369	2411	1619	n
1908627	2412	1620	n
1908878	2413	1618	n
1909128	2411	1620	n
1919531	2411	1619	n
1919786	2412	1618	n
1920037	2411	1620	n
1920288	2411	1618	n
1920545	2409	1619	n
1920800	2412	1619	n
1921051	2411	1619	n
1931413	2410	1619	n
1931668	2410	1619	n
1931919	2412	1619	n
1932170	2411	1619	n
1932421	2411	1619	n
1932676	2410	1619	n
1943074	2413	1619	n
1943467	2411	1619	n
1943723	2411	1619	n
1943974	2412	1619	n
1944234	2414	1618	n
1944514	2413	1621	n
1944769	2413	1619	n
1955132	2414	1620	n
1955622	2410	1617	n
1955896	2413	1618	n
1956146	2411	1617	n
1956397	2413	1618	n
1956664	2411	1619	n
1967087	2411	1619	n
1967564	2411	1619	n
1967820	2411	1618	n
1968071	2410	1618	n
1968352	2413	1618	n
1968606	2412	1619	n
1968861	2411	1619	n
1979230	2413	1619	n
1979573	2410	1618	n
1979838	2413	1621	n
1980111	2413	1618	n
1980362	2413	1617	n
1980619	2411	1620	n
1980879	2411	1618	n
1991280	2413	1619	n
1991764	2412	1619	n
1992015	2411	1619	n
1992266	2414	1619	n
1992551	2411	1619	n
1992806	2411	1618	n
2003174	2410	1621	Time:00:00:00:00;;
2003881	2413	1618	n
2004154	2413	1617	n
2004405	2411	1616	n
2004660	2412	1619	n
2004920	2410	1620	n
2015352	2411	1619	n
2015838	2413	1619	n
2016089	2411	1619	n
2016348	2412	1619	n
2016627	2413	1619	n
2016878	2411	1618	n
2017129	2411	1618	n
2027551	2413	1619	n
2028062	2411	1619	n
2028313	2412	1619	n
2028569	2411	1619	n
2028833	2411	1618	n
2029107	2412	1622	n
2029357	2413	1619	n
2039747	2414	1621	n
2040232	2413	1619	n
2040511	2413	1619	n
2040766	2410	1620	n
2041017	2411	1619	n
2041276	2413	1618	n
2051675	2410	1617	n
2052154	2411	1618	n
2052405	2413	1617	n
2052660	2410	1619	n
2052942	2410	1617	n
2053193	2410	1618	n
2053444	2411	1619	n
2063858	2412	1617	Time:00:00:00:00;;
2064587	2411	1617	n
2064842	2411	1619	n
2065093	2411	1618	n
2065375	2412	1619	n
2065632	2412	1618	n
2076020	2413	1621	n
2076503	2412	1619	n
2076765	2413	1620	n
2077038	2411	1618	n
2077289	2412	1619	n
2077545	2413	1618	n
2077808	2412	1619	n
2088225	2413	1619	n
2088709	2411	1619	n
2088960	2413	1618	n
2089219	2413	1621	n
2089497	2414	1619	n
2089752	2414	1619	n
2100136	2411	1620	n
2100630	2410	1619	n
2100903	2411	1619	n
2101154	2411	1620	n
2101405	2411	1617	n
2101669	2413	1618	n
2101942	2411	1620	n
2112331	2412	1617	n
2112821	2411	1619	n
2113080	2411	1618	n
2113354	2414	1619	n
2113606	2411	1619	n
2113862	2413	1619	n
2114121	2413	1618	n
2124539	2413	1619	n
2125020	2413	1619	n
2125271	2411	1619	n
2125528	2414	1619	n
2125814	2410	1619	n
2126065	2411	1618	n
2136447	2411	1618	n
2136927	2414	1617	n
2137209	2410	1617	n
2137460	2415	1617	n
2137715	2413	1618	n
2137966	2411	1619	n
2138248	2412	1621	n
2148647	2410	1619	n
2149124	2411	1619	n
2149375	2411	1619	n
2149640	2413	1618	n
2149914	2412	1619	n
2150165	2413	1619	n
2150416	2411	1623	n
2160838	2413	1621	n
2161352	2410	1619	n
2161606	2413	1619	n
2161861	2412	1621	n
2162121	2413	1621	n
2162394	2415	1621	n
2172810	2414	1622	n
2173293	2414	1621	n
2173555	2414	1622	n
2173833	2415	1621	n
2174083	2415	1622	n
2174334	2415	1620	n
2174597	2413	1621	n
2185023	2413	1619	n
2185503	2410	1622	n
2185758	2411	1619	n
2186018	2413	1619	n
2186292	2413	1620	n
2186548	2413	1619	n
2186803	2411	1619	n
2197236	2411	1619	n
2197757	2411	1619	n
2198008	2413	1620	n
2198259	2413	1619	n
2198520	2413	1619	n
2198800	2413	1620	n
2209191	2411	1620	n
2209677	2413	1619	n
2209937	2413	1617	n
2210210	2413	1621	n
2210461	2413	1618	n
2210717	2413	1619	n
2210976	2411	1620	Time:00:00:00:00;;
2221622	2413	1619	n
2221895	2413	1621	n
2222146	2413	1618	n
2222397	2411	1618	n
2222656	2413	1621	n
2222907	2411	1620	n
2233340	2413	1619	n
2233596	2413	1618	n
2233851	2412	1619	n
2234102	2413	1621	n
2234353	2414	1619	n
2234606	2412	1619	n
2244985	2414	1620	n
2245236	2412	1618	n
2245490	2411	1619	n
2245745	2411	1618	n
2245996	2411	1618	n
2246247	2409	1621	n
2246503	2413	1619	n
2256886	2412	1621	n
2257137	2411	1621	n
2257388	2415	1619	n
2257647	2411	1620	n
2257898	2413	1619	n
2258148	2412	1620	n
2268531	2413	1619	n
2268785	2411	1622	n
2269036	2411	1619	n
2269287	2412	1619	n
2269540	2410	1618	n
2269795	2411	1619	n
2270046	2410	1620	n
2280432	2412	1619	n
2280689	2411	1618	n
2280940	2410	1619	n
2281191	2412	1620	n
2281442	2409	1619	n
2281698	2411	1619	n
2292077	2414	1621	n
2292328	2414	1622	n
2292582	2413	1621	n
2292837	2414	1620	n
2293088	2412	1621	n
2293339	2414	1621	n
2293592	2413	1620	n
2303978	2413	1619	n
2304229	2414	1619	n
2304486	2413	1620	n
2304741	2411	1619	n
2304992	2413	1622	n
2305243	2414	1622	n
2315627	2413	1619	n
2315878	2410	1619	n
2316129	2410	1619	n
2316380	2411	1619	n
2316637	2410	1618	n
2316888	2411	1620	n
2317139	2410	1618	n
2327531	2413	1620	n
2327786	2412	1619	n
2328037	2411	1619	n
2328287	2414	1619	n
2328540	2413	1620	n
2328795	2412	1621	n
2339170	2414	1618	n
2339420	2414	1621	n
2339676	2414	1619	n
2339927	2412	1621	n
2340178	2413	1619	n
2340429	2415	1619	n
2340690	2414	1620	n
2351071	2412	1619	n
2351322	2412	1619	n
2351575	2410	1619	n
2351830	2410	1620	n
2352081	2413	1619	n
2352332	2411	1617	n
2362716	2413	1618	n
2362967	2411	1619	n
2363218	2413	1619	n
2363468	2410	1619	n
2363724	2411	1621	n
2363975	2411	1619	n
2364226	2413	1620	n
2374620	2414	1619	n
2374871	2413	1620	n
2375122	2413	1619	n
2375373	2414	1621	n
2375630	2413	1619	n
2375881	2412	1619	n
2386262	2414	1620	n
2386516	2413	1619	n
2386772	2414	1620	n
2387023	2413	1619	n
2387274	2413	1620	n
2387531	2413	1619	n
2387785	2414	1618	n
2398163	2413	1620	n
2398414	2412	1621	n
2398669	2411	1621	n
2398920	2413	1618	n
2399171	2413	1619	n
2399422	2413	1621	n
2409808	2410	1620	n
2410059	2413	1621	n
2410310	2413	1621	n
2410565	2414	1621	n
2410820	2412	1619	n
2411071	2414	1619	n
2411322	2412	1619	n
2421715	2410	1619	n
2421966	2411	1618	n
2422217	2411	1619	n
2422468	2410	1619	n
2422723	2411	1619	n
2422974	2412	1619	n
2433355	2412	1619	n
2433608	2411	1619	n
2433863	2413	1617	n
2434114	2411	1618	n
2434365	2413	1619	n
2434624	2411	1620	n
2434875	2411	1619	n
2445256	2411	1619	n
2445511	2414	1620	n
2445766	2411	1619	n
2446017	2411	1618	n
2446268	2412	1617	n
2446521	2411	1619	n
2456901	2411	1620	n
2457152	2412	1621	n
2457403	2411	1616	n
2457658	2411	1618	n
2457909	2411	1619	n
2458160	2411	1619	n
2458411	2411	1618	n
2468802	2410	1619	n
2469053	2410	1619	n
2469304	2411	1619	n
2469557	2411	1618	n
2469812	2413	1618	n
2470063	2411	1619	n
2480447	2412	1621	n
2480702	2413	1619	n
2480953	2414	1620	n
2481204	2413	1621	n
2481455	2415	1619	n
2481710	2414	1619	n
2481961	2413	1622	n
2492348	2412	1619	n
2492603	2413	1619	n
2492858	2411	1619	n
2493109	2411	1618	n
2493359	2412	1619	n
2493614	2412	1619	n
2503993	2412	1620	n
2504244	2412	1619	n
2504500	2413	1619	n
2504755	2413	1619	n
2505006	2413	1620	n
2505257	2414	1618	n
2505514	2411	1620	n
2515895	2413	1620	n
2516146	2413	1621	n
2516397	2413	1618	n
2516656	2414	1619	n
2516907	2411	1619	n
2517158	2411	1621	n
2527540	2414	1620	n
2527795	2413	1620	n
2528046	2413	1619	n
2528297	2414	1620	n
2528551	2413	1621	n
2528806	2413	1620	n
2529057	2413	1620	n
2539441	2411	1619	n
2539698	2413	1619	n
2539948	2411	1619	n
2540199	2411	1619	n
2540450	2407	1621	n
2540706	2410	1621	n
2551086	2411	1618	n
2551337	2411	1619	n
2551590	2411	1619	n
2551845	2411	1620	n
2552096	2413	1619	n
2552347	2412	1619	n
2552603	2412	1619	n
2562987	2414	1619	n
2563238	2413	1621	n
2563492	2414	1619	n
2563748	2413	1620	n
2563999	2413	1621	n
2564250	2413	1620	n
2574636	2413	1620	n
2574886	2413	1619	n
2575137	2414	1619	n
2575388	2414	1620	n
2575647	2414	1617	n
2575897	2411	1621	n
2576148	2414	1621	n
2586537	2411	1619	n
2586792	2413	1619	n
2587043	2413	1619	n
2587293	2413	1620	n
2587548	2412	1621	n
2587803	2413	1618	n
2598178	2414	1619	n
2598428	2411	1617	n
2598685	2411	1621	n
2598936	2413	1619	n
2599187	2413	1619	n
2599438	2411	1621	n
2599697	2413	1620	n
2610080	2414	1619	n
2610331	2413	1621	n
2610585	2411	1620	n
2610840	2414	1621	n
2611091	2414	1621	n
2611342	2411	1621	n
2621725	2412	1620	n
2621975	2411	1618	n
2622226	2410	1619	n
2622478	2412	1619	n
2622734	2411	1619	n
2622985	2412	1619	n
2623236	2415	1619	n
2633631	2413	1621	n
2633882	2413	1619	n
2634133	2411	1618	n
2634384	2411	1619	n
2634643	2413	1619	n
2634894	2413	1619	n
2645271	2413	1619	n
2645523	2411	1619	n
2645778	2411	1620	n
2646029	2414	1618	n
2646280	2413	1620	n
2646534	2411	1620	n
2646789	2411	1618	n
2657172	2413	1621	n
2657423	2413	1619	n
2657679	2413	1619	n
2657930	2414	1621	n
2658181	2413	1619	n
2658432	2414	1619	n
2668817	2411	1618	n
2669068	2411	1619	n
2669319	2412	1619	n
2669571	2413	1619	n
2669826	2413	1619	n
2670077	2411	1620	n
2670328	2412	1617	n
2680723	2411	1621	n
2680974	2413	1619	n
2681224	2411	1619	n
2681476	2413	1620	n
2681733	2413	1618	n
2681984	2412	1618	n
2692363	2413	1619	n
2692620	2412	1619	n
2692871	2414	1621	n
2693122	2410	1621	n
2693373	2414	1620	n
2693630	2412	1620	n
2693881	2412	1619	n
2704265	2413	1621	n
2704520	2413	1620	n
2704773	2413	1620	n
2705024	2415	1622	n
2705275	2414	1619	n
2705530	2414	1620	n
2715910	2411	1619	n
2716160	2411	1619	n
2716411	2411	1619	n
2716667	2411	1619	n
2716918	2414	1618	n
2717169	2413	1618	n
2717420	2411	1621	n
2727811	2411	1620	n
2728062	2413	1619	n
2728313	2413	1619	n
2728568	2411	1621	n
2728824	2413	1620	n
2729075	2414	1619	n
2739456	2415	1619	n
2739711	2413	1619	n
2739962	2414	1619	n
2740213	2413	1619	n
2740463	2415	1619	n
2740718	2413	1619	n
2740969	2414	1619	n
2751357	2413	1621	n
2751614	2411	1619	n
2751869	2413	1619	n
2752120	2411	1621	n
2752371	2414	1619	n
2752627	2414	1619	n
2763002	2412	1619	n
2763252	2412	1619	n
2763506	2411	1619	n
2763761	2411	1619	n
2764012	2413	1620	n
2764263	2412	1621	n
2764517	2411	1620	n
2774903	2410	1618	n
2775154	2413	1617	n
2775405	2414	1619	n
2775661	2413	1620	n
2775912	2411	1620	n
2776162	2413	1620	n
2786548	2413	1620	n
2786803	2412	1621	n
2787054	2411	1619	n
2787304	2411	1619	n
2787557	2411	1619	n
2787812	2410	1620	n
2788063	2414	1619	n
2798450	2413	1619	n
2798706	2411	1621	n
2798956	2413	1619	n
2799207	2413	1619	n
2799458	2413	1619	n
2799714	2413	1618	n
2810095	2412	1619	n
2810346	2415	1619	n
2810599	2412	1619	n
2810854	2412	1619	n
2811105	2411	1621	n
2811356	2413	1620	n
2811609	2413	1618	n
2821996	2414	1618	n
2822247	2413	1619	n
2822503	2411	1619	n
2822758	2410	1619	n
2823009	2411	1617	n
2823260	2413	1619	n
2833645	2414	1619	n
2833896	2415	1621	n
2834147	2414	1618	n
2834398	2412	1619	n
2834656	2413	1619	n
2834907	2414	1619	n
2835158	2414	1622	n
2845548	2411	1619	n
2845803	2414	1619	n
2846054	2414	1619	n
2846305	2415	1618	n
2846557	2414	1619	n
2846812	2413	1619	n
2857187	2413	1618	n
2857437	2411	1620	n
2857696	2414	1619	n
2857947	2411	1620	n
2858198	2412	1619	n
2858449	2409	1620	n
2858704	2412	1619	n
2869088	2414	1619	n
2869339	2413	1620	n
2869592	2412	1621	n
2869847	2415	1619	n
2870098	2413	1618	n
2870349	2411	1620	n
2880733	2414	1620	n
2880984	2412	1618	n
2881235	2413	1620	n
2881490	2413	1619	n
2881745	2414	1621	n
2881996	2412	1619	n
2882247	2411	1619	n
2892640	2412	1619	n
2892891	2411	1619	n
2893142	2414	1620	n
2893393	2412	1619	n
2893651	2413	1621	n
2893902	2415	1618	n
2904280	2413	1619	n
2904534	2412	1619	n
2904789	2411	1619	n
2905040	2411	1618	n
2905291	2413	1619	n
2905548	2413	1618	n
2905803	2413	1618	n
2916181	2413	1620	n
2916432	2413	1618	n
2916689	2413	1620	n
2916940	2413	1621	n
2917191	2413	1618	n
2917442	2412	1618	n
2927826	2413	1618	n
2928076	2413	1618	n
2928327	2411	1619	n
2928582	2413	1619	n
2928837	2413	1621	n
2929088	2412	1619	n
2929339	2411	1618	n
2939731	2412	1617	n
2939982	2412	1618	n
2940233	2414	1618	n
2940490	2413	1619	n
2940746	2411	1621	n
2940997	2411	1618	n
2951372	2413	1618	n
2951629	2412	1619	n
2951880	2413	1617	n
2952130	2414	1619	n
2952381	2411	1618	n
2952638	2413	1619	n
2952889	2414	1621	n
2963273	2414	1621	n
2963528	2414	1619	n
2963783	2412	1621	n
2964034	2411	1620	n
2964285	2412	1619	n
2964538	2411	1620	n
2974918	2411	1618	n
2975169	2410	1619	n
2975420	2413	1621	n
2975675	2411	1619	n
2975926	2413	1620	n
2976177	2415	1618	n
2976428	2410	1619	n
2986820	2411	1620	n
2987282	2412	1618	n
2987537	2413	1621	n
2987792	2413	1619	n
2988043	2412	1621	n
2988325	2411	1619	n
2988582	2413	1619	n
2999016	2411	1619	n
2999496	2411	1619	n
2999783	2411	1618	n
3000034	2412	1620	n
3000285	2412	1619	n
3000538	2410	1619	n
3010936	2413	1621	Time:00:00:00:00;;
3011643	2411	1619	n
3011894	2411	1620	n
3012153	2411	1619	n
3012427	2411	1619	n
3012683	2413	1620	n
3023097	2412	1619	n
3023583	2411	1618	n
3023861	2413	1618	n
3024112	2414	1619	n
3024363	2413	1620	n
3024630	2413	1618	n
3024904	2413	1621	n
3035292	2413	1621	n
3035777	2412	1620	n
3036037	2412	1618	n
3036310	2411	1621	n
3036565	2411	1618	n
3036820	2414	1621	n
3037080	2410	1619	n
3047500	2413	1620	n
3047981	2411	1619	n
3048232	2412	1618	n
3048486	2413	1619	n
3048772	2415	1620	n
3049023	2411	1618	n
3059408	2412	1619	Time:00:00:00:00;;
3060116	2413	1621	n
3060389	2411	1620	n
3060647	2414	1620	n
3060898	2413	1619	n
3061158	2411	1618	n
3071569	2414	1621	n
3072050	2414	1619	n
3072301	2415	1618	n
3072565	2414	1618	n
3072842	2413	1619	n
3073093	2414	1621	n
3073344	2412	1619	n
3083717	2415	1620	n
3084225	2414	1619	n
3084477	2413	1618	n
3084733	2413	1622	n
3084992	2413	1621	n
3085266	2411	1621	n
3095668	2413	1619	n
3096143	2413	1619	n
3096402	2411	1619	n
3096683	2412	1619	n
3096934	2412	1619	n
3097185	2414	1620	n
3097444	2410	1619	n
3107890	2413	1623	n
3108372	2413	1617	n
3108628	2413	1618	n
3108887	2411	1619	n
3109161	2410	1619	n
3109412	2411	1619	n
3109667	2413	1619	n
3120076	2414	1619	n
3120588	2412	1621	n
3120843	2414	1618	n
3121094	2411	1619	n
3121345	2413	1621	n
3121632	2411	1619	n
3121883	2412	1621	n
3132272	2411	1620	n
3132757	2413	1621	n
3133038	2413	1619	n
3133290	2412	1618	n
3133545	2414	1621	n
3133800	2413	1620	n
3144192	2413	1621	n
3144684	2414	1619	n
3144935	2414	1619	n
3145186	2413	1619	n
3145446	2411	1618	n
3145723	2415	1619	n
3145974	2414	1619	n
3156387	2413	1619	n
3156887	2412	1619	n
3157160	2413	1621	n
3157411	2411	1619	n
3157666	2413	1620	n
3157926	2410	1620	n
3158200	2411	1618	n
3168588	2411	1619	n
3169071	2414	1617	n
3169331	2411	1619	n
3169606	2415	1621	n
3169862	2411	1619	n
3170112	2414	1619	n
3180505	2413	1619	n
3181022	2411	1619	n
3181273	2413	1618	n
3181528	2414	1618	n
3181792	2411	1618	n
3182066	2410	1619	n
3182317	2409	1619	n
3192703	2413	1619	n
3193186	2411	1619	n
3193467	2413	1622	n
3193723	2412	1619	n
3193974	2414	1618	n
3194225	2413	1619	n
3194511	2411	1619	n
3204895	2415	1620	n
3205372	2413	1621	n
3205628	2411	1620	n
3205910	2411	1619	n
3206161	2413	1618	n
3206412	2411	1619	n
3216797	2413	1619	Time:00:00:00:00;;
3217397	2414	1619	n
3217655	2413	1619	n
3217906	2411	1619	n
3218157	2414	1620	n
3218408	2413	1619	n
3228803	2414	1621	n
3229054	2414	1620	n
3229305	2414	1621	n
3229557	2415	1621	n
3229812	2413	1620	n
3230063	2413	1619	n
3230314	2411	1619	n
3240692	2412	1619	n
3240943	2412	1618	n
3241194	2413	1618	n
3241445	2407	1619	n
3241701	2411	1618	n
3241952	2410	1618	n
3252349	2413	1620	n
3252603	2413	1619	n
3252858	2411	1619	n
3253109	2413	1619	n
3253360	2414	1622	n
3253620	2411	1620	n
3253871	2413	1619	n
3264235	2411	1619	n
3264489	2413	1619	n
3264745	2414	1622	n
3264995	2413	1618	n
3265246	2413	1618	n
3265503	2413	1621	n
3275896	2413	1619	n
3276147	2413	1621	n
3276398	2411	1619	n
3276655	2413	1619	n
3276906	2411	1619	n
3277157	2413	1619	n
3277408	2413	1617	n
3287783	2411	1619	n
3288034	2413	1621	n
3288285	2414	1619	n
3288538	2411	1621	n
3288793	2413	1619	n
3289044	2413	1619	n
3299442	2411	1618	n
3299698	2412	1621	n
3299949	2412	1621	n
3300200	2411	1618	n
3300451	2411	1619	n
3300706	2413	1619	n
3300957	2411	1618	n
3311327	2414	1620	n
3311581	2415	1620	n
3311836	2414	1621	n
3312087	2412	1621	n
3312338	2413	1619	n
3312591	2413	1620	n
3322988	2415	1619	n
3323239	2413	1621	n
3323492	2413	1621	n
3323748	2414	1622	n
3323999	2415	1621	n
3324250	2414	1621	n
3324503	2415	1619	n
3334873	2411	1619	n
3335124	2413	1621	n
3335375	2413	1618	n
3335631	2411	1619	n
3335882	2413	1619	n
3336133	2411	1619	n
3346537	2411	1621	n
3346792	2415	1618	n
3347043	2411	1619	n
3347294	2413	1621	n
3347551	2411	1618	n
3347806	2412	1621	n
3348057	2411	1619	n
3358420	2413	1623	n
3358675	2411	1621	n
3358926	2413	1621	n
3359177	2411	1621	n
3359428	2414	1617	n
3359684	2414	1621	n
3370081	2413	1619	n
3370332	2412	1621	n
3370588	2413	1619	n
3370844	2412	1619	n
3371094	2413	1622	n
3371345	2413	1621	n
3371599	2413	1621	n
3381966	2413	1622	n
3382217	2411	1618	n
3382468	2411	1619	n
3382723	2411	1618	n
3382974	2413	1619	n
3383225	2413	1619	n
3393631	2412	1619	n
3393882	2413	1619	n
3394133	2412	1620	n
3394384	2413	1620	n
3394643	2413	1619	n
3394894	2415	1622	n
3395145	2411	1617	n
3405518	2413	1619	n
3405772	2414	1622	n
3406023	2415	1620	n
3406274	2414	1618	n
3406530	2414	1619	n
3406785	2410	1619	n
3417173	2414	1619	n
3417424	2411	1621	n
3417679	2412	1618	n
3417930	2411	1619	n
3418181	2414	1617	n
3418432	2414	1618	n
3418689	2411	1619	n
3429058	2411	1619	n
3429309	2414	1621	n
3429564	2413	1619	n
3429820	2415	1620	n
3430071	2413	1619	n
3430321	2411	1619	n
3440719	2411	1619	n
3440970	2414	1618	n
3441221	2411	1619	n
3441472	2413	1620	n
3441728	2414	1621	n
3441978	2413	1619	n
3442229	2414	1621	n
3452607	2413	1619	n
3452862	2413	1621	n
3453113	2414	1621	n
3453364	2413	1620	n
3453625	2414	1621	n
3453876	2413	1621	n
3464266	2413	1618	n
3464520	2413	1619	n
3464773	2413	1617	n
3465024	2413	1619	n
3465275	2415	1620	n
3465531	2411	1618	n
3465787	2411	1618	n
3476151	2413	1621	n
3476402	2412	1618	n
3476658	2413	1621	n
3476909	2413	1619	n
3477160	2413	1619	n
3477411	2414	1619	n
3487812	2413	1619	n
3488063	2416	1620	n
3488314	2414	1621	n
3488568	2413	1619	n
3488824	2414	1622	n
3489075	2414	1620	n
3489326	2414	1619	n
3499701	2413	1621	n
3499952	2413	1621	n
3500202	2413	1622	n
3500453	2413	1619	n
3500709	2411	1619	n
3500960	2413	1619	n
3511358	2413	1618	n
3511614	2413	1621	n
3511869	2414	1621	n
3512120	2413	1619	n
3512371	2413	1620	n
3512628	2413	1620	n
3512879	2415	1619	n
3523243	2414	1622	n
3523500	2414	1619	n
3523755	2413	1620	n
3524006	2411	1620	n
3524257	2414	1621	n
3524514	2412	1618	n
3534904	2413	1622	n
3535155	2413	1619	n
3535406	2413	1619	n
3535661	2414	1618	n
3535912	2412	1621	n
3536163	2413	1619	n
3536414	2414	1620	n
3546790	2413	1621	n
3547041	2412	1618	n
3547292	2411	1619	n
3547548	2411	1619	n
3547803	2412	1619	n
3548054	2413	1617	n
3558451	2411	1621	n
3558706	2411	1619	n
3558957	2411	1620	n
3559208	2411	1618	n
3559459	2414	1619	n
3559714	2412	1619	n
3559965	2411	1618	n
3570336	2411	1618	n
3570589	2413	1621	n
3570844	2412	1620	n
3571095	2414	1619	n
3571346	2413	1620	n
3571599	2414	1619	n
3581997	2413	1619	n
3582248	2413	1619	n
3582502	2413	1620	n
3582758	2414	1619	n
3583008	2413	1620	n
3583259	2411	1619	n
3583514	2414	1621	n
3593882	2411	1619	n
3594133	2411	1620	n
3594384	2411	1621	n
3594642	2414	1620	n
3594893	2411	1618	n
3595144	2413	1618	n
3605548	2413	1619	n
3605803	2414	1619	n
3606054	2414	1620	n
3606305	2414	1618	n
3606562	2411	1621	n
3606817	2412	1620	n
3607068	2413	1620	n
3617428	2411	1619	n
3617684	2414	1620	n
3617934	2411	1619	n
3618185	2414	1621	n
3618437	2413	1621	n
3618697	2414	1620	n
3629089	2412	1620	n
3629340	2415	1619	n
3629596	2413	1621	n
3629851	2412	1619	n
3630102	2414	1620	n
3630353	2414	1622	n
3630606	2413	1619	n
3640975	2412	1621	n
3641226	2415	1619	n
3641477	2414	1619	n
3641734	2413	1621	n
3641985	2413	1621	n
3642235	2413	1619	n
3652640	2412	1618	n
3652891	2413	1619	n
3653142	2411	1618	n
3653393	2413	1620	n
3653652	2411	1618	n
3653903	2411	1619	n
3654154	2410	1619	n
3664523	2413	1620	n
3664778	2413	1622	n
3665029	2414	1620	n
3665280	2413	1622	n
3665534	2415	1619	n
3665789	2413	1619	n
3676182	2413	1619	n
3676433	2413	1620	n
3676689	2414	1620	n
3676940	2415	1620	n
3677191	2413	1619	n
3677442	2412	1619	n
3677698	2413	1622	n
3688067	2414	1619	n
3688318	2411	1619	n
3688571	2415	1621	n
3688826	2413	1621	n
3689077	2413	1618	n
3689328	2412	1621	n
3699728	2411	1620	n
3699979	2413	1618	n
3700230	2413	1618	n
3700485	2414	1619	n
3700741	2411	1619	n
3700992	2412	1619	n
3701243	2411	1619	n
3711619	2414	1621	n
3711870	2413	1621	n
3712121	2415	1619	n
3712372	2414	1621	n
3712628	2413	1619	n
3712879	2414	1619	n
3723274	2415	1621	n
3723530	2412	1621	n
3723785	2414	1623	n
3724036	2414	1621	n
3724287	2414	1621	n
3724540	2413	1622	n
3724795	2412	1621	n
3735160	2413	1619	n
3735411	2412	1619	n
3735666	2412	1619	n
3735917	2412	1619	n
3736168	2413	1618	n
3736419	2413	1622	n
3746821	2413	1618	n
3747072	2413	1621	n
3747323	2414	1619	n
3747579	2414	1621	n
3747834	2411	1620	n
3748085	2413	1620	n
3748336	2414	1621	n
3758710	2413	1618	n
3758961	2414	1621	n
3759212	2414	1619	n
3759463	2415	1619	n
3759718	2411	1617	n
3759969	2411	1620	n
3770367	2413	1620	n
3770627	2413	1621	n
3770878	2415	1622	n
3771129	2414	1618	n
3771380	2411	1619	n
3771637	2414	1619	n
3771888	2413	1620	n
3782252	2412	1620	n
3782505	2414	1619	n
3782761	2413	1620	n
3783012	2413	1620	n
3783263	2413	1618	n
3783517	2411	1619	n
3793913	2414	1621	n
3794164	2413	1621	n
3794415	2412	1620	n
3794670	2414	1621	n
3794921	2412	1620	n
3795172	2414	1619	n
3795423	2415	1621	n
3805798	2411	1621	n
3806049	2413	1620	n
3806300	2414	1619	n
3806554	2413	1618	n
3806809	2414	1619	n
3807059	2413	1619	n
3817459	2415	1621	n
3817714	2413	1618	n
3817965	2412	1618	n
3818216	2413	1620	n
3818467	2414	1619	n
3818723	2413	1621	n
3818974	2414	1619	n
3829345	2414	1619	n
3829599	2413	1619	n
3829854	2413	1618	n
3830105	2414	1619	n
3830356	2413	1619	n
3830609	2413	1620	n
3841006	2413	1621	n
3841257	2412	1621	n
3841513	2414	1621	n
3841768	2413	1621	n
3842019	2414	1619	n
3842270	2414	1621	n
3842523	2413	1619	n
3852891	2411	1619	n
3853142	2414	1620	n
3853393	2414	1621	n
3853651	2411	1621	n
3853902	2414	1619	n
3854153	2413	1619	n
3864554	2412	1619	n
3864809	2413	1619	n
3865060	2414	1621	n
3865311	2414	1621	n
3865565	2411	1622	n
3865820	2413	1621	n
3866071	2412	1621	n
3876437	2414	1620	n
3876697	2413	1619	n
3876948	2413	1619	n
3877199	2411	1618	n
3877450	2411	1621	n
3877705	2411	1617	n
3888098	2413	1620	n
3888349	2413	1621	n
3888603	2412	1620	n
3888858	2411	1619	n
3889109	2413	1621	n
3889360	2415	1619	n
3889620	2413	1621	n
3899983	2413	1619	n
3900234	2414	1619	n
3900489	2414	1621	n
3900745	2413	1619	n
3900996	2414	1621	n
3901247	2415	1621	n
3911648	2413	1619	n
3911899	2411	1620	n
3912150	2413	1621	n
3912401	2413	1619	n
3912657	2413	1621	n
3912908	2413	1619	n
3913159	2414	1620	n
3923534	2415	1618	n
3923789	2414	1618	n
3924039	2414	1621	n
3924290	2415	1619	n
3924545	2411	1621	n
3924800	2414	1621	n
3935191	2413	1621	n
3935442	2414	1622	n
3935698	2414	1621	n
3935949	2413	1622	n
3936200	2414	1620	n
3936451	2413	1621	n
3936706	2413	1620	n
3947076	2412	1619	n
3947327	2413	1619	n
3947581	2412	1619	n
3947837	2413	1618	n
3948088	2413	1619	n
3948339	2413	1619	n
3958737	2414	1621	n
3958988	2413	1619	n
3959239	2413	1619	n
3959493	2413	1621	n
3959748	2413	1619	n
3959999	2413	1619	n
3960250	2413	1620	n
3970628	2411	1619	n
3970879	2415	1621	n
3971130	2412	1620	n
3971381	2414	1620	n
3971638	2414	1621	n
3971889	2414	1620	n
3982283	2414	1621	n
3982629	2415	1621	n
3982880	2413	1620	n
3983140	2413	1621	n
3983413	2415	1619	n
3983669	2412	1619	n
3983919	2413	1622	n
3994341	2413	1620	n
3994856	2413	1620	n
3995106	2412	1621	n
3995357	2413	1619	n
3995628	2415	1620	n
3995901	2413	1619	n
4006296	2413	1619	Time:00:00:00:00;;
4007005	2414	1619	n
4007278	2415	1621	n
4007534	2413	1622	n
4007789	2413	1619	n
4008048	2413	1619	n
4018503	2414	1620	n
4018984	2415	1619	n
4019235	2413	1622	n
4019501	2415	1619	n
4019778	2416	1622	n
4020029	2415	1622	n
4020280	2413	1619	n
4030708	2414	1622	n
4031214	2414	1622	n
4031465	2416	1622	n
4031720	2415	1622	n
4031980	2414	1618	n
4032254	2415	1622	n
4032506	2414	1620	n
4042900	2413	1621	n
4043377	2412	1622	n
4043668	2414	1621	n
4043919	2414	1619	n
4044170	2411	1620	n
4044421	2414	1621	n
4054863	2413	1621	n
4055341	2413	1620	n
4055596	2415	1619	n
4055851	2411	1621	n
4056133	2411	1619	n
4056384	2414	1619	n
4056643	2413	1621	n
4067067	2413	1621	Time:00:00:00:00;;
4067799	2414	1621	n
4068050	2415	1620	n
4068301	2413	1620	n
4068589	2414	1618	n
4068844	2415	1622	n
4079262	2414	1618	n
4079747	2412	1618	n
4080006	2413	1620	n
4080280	2411	1621	n
4080534	2413	1621	n
4080789	2412	1619	n
4081048	2413	1619	n
4091457	2415	1621	n
4091937	2413	1622	n
4092188	2413	1619	n
4092448	2410	1618	n
4092726	2413	1619	n
4092977	2413	1619	n
4103344	2415	1618	n
4103837	2415	1621	n
4104111	2413	1621	n
4104362	2413	1621	n
4104619	2413	1621	n
4104879	2413	1619	n
4105152	2414	1619	n
4115562	2414	1620	n
4116049	2415	1619	n
4116309	2413	1620	n
4116589	2414	1620	n
4116844	2414	1621	n
4117095	2411	1621	n
4117355	2413	1620	n
4127781	2413	1620	n
4128258	2413	1619	n
4128513	2412	1619	n
4128769	2413	1621	n
4129051	2411	1619	n
4129302	2412	1619	n
4139725	2413	1619	n
4140200	2411	1621	n
4140485	2413	1621	n
4140740	2413	1621	n
4140991	2413	1621	n
4141243	2414	1619	n
4141528	2411	1619	n
4151937	2415	1621	n
4152414	2413	1621	n
4152669	2415	1621	n
4152958	2415	1620	n
4153209	2415	1621	n
4153460	2416	1621	n
4153716	2414	1619	n
4164132	2414	1622	n
4164627	2414	1620	n
4164878	2415	1621	n
4165129	2413	1620	n
4165413	2413	1621	n
4165668	2414	1621	n
4165919	2413	1621	n
4176328	2413	1620	n
4176825	2413	1619	n
4177099	2411	1620	n
4177350	2412	1619	n
4177606	2412	1619	n
4177870	2412	1619	n
4188334	2411	1619	n
4188819	2411	1619	n
4189070	2414	1619	n
4189352	2415	1621	n
4189606	2414	1621	n
4189861	2414	1619	n
4190112	2414	1619	n
4200534	2414	1620	n
4201021	2415	1621	n
4201272	2415	1619	n
4201528	2415	1621	n
4201792	2415	1621	n
4202066	2413	1622	n
4202317	2415	1620	n
4212730	2415	1618	Time:00:00:00:00;;
4213421	2413	1622	n
4213676	2414	1620	n
4213927	2412	1618	n
4214178	2415	1622	n
4214429	2413	1619	n
4224801	2415	1619	n
4225052	2414	1620	n
4225303	2416	1621	n
4225556	2414	1621	n
4225811	2414	1621	n
4226062	2415	1621	n
4236500	2414	1619	n
4236755	2414	1622	n
4237006	2415	1621	n
4237257	2413	1619	n
4237514	2413	1619	n
4237769	2414	1621	n
4238020	2413	1621	n
4248433	2411	1619	n
4248690	2413	1619	n
4248941	2413	1620	n
4249192	2412	1620	n
4249443	2413	1620	n
4249699	2413	1621	n
4260111	2414	1622	n
4260362	2413	1620	n
4260620	2413	1622	n
4260871	2413	1621	n
4261122	2411	1619	n
4261373	2414	1619	n
4261630	2413	1619	n
4272066	2414	1621	n
4272317	2413	1619	n
4272571	2413	1620	n
4272826	2415	1622	n
4273077	2414	1621	n
4273328	2414	1621	n
4283727	2413	1621	n
4283978	2416	1621	n
4284229	2415	1621	n
4284486	2415	1621	n
4284741	2413	1622	n
4284992	2413	1620	n
4285243	2415	1621	n
4295620	2414	1621	n
4295871	2416	1621	n
4296122	2415	1621	n
4296373	2415	1621	n
4296630	2414	1621	n
4296881	2414	1621	n
4307273	2413	1620	n
4307528	2413	1621	n
4307783	2414	1621	n
4308034	2413	1619	n
4308285	2412	1619	n
4308538	2414	1619	n
4308793	2413	1620	n
4319158	2415	1621	n
4319409	2413	1621	n
4319664	2414	1619	n
4319915	2415	1621	n
4320166	2414	1618	n
4320417	2414	1622	n
4330819	2414	1621	n
4331070	2413	1621	n
4331321	2415	1621	n
4331574	2414	1621	n
4331830	2415	1620	n
4332081	2413	1621	n
4332332	2414	1621	n
4342709	2415	1621	n
4342960	2414	1621	n
4343211	2415	1620	n
4343462	2415	1619	n
4343718	2411	1621	n
4343969	2415	1619	n
4354366	2413	1620	n
4354624	2411	1619	n
4354875	2415	1619	n
4355126	2414	1621	n
4355377	2414	1620	n
4355638	2413	1621	n
4355889	2415	1619	n
4366251	2412	1619	n
4366504	2412	1619	n
4366759	2413	1620	n
4367010	2411	1621	n
4367261	2414	1618	n
4367518	2411	1622	n
4377912	2414	1620	n
4378163	2413	1621	n
4378414	2414	1622	n
4378669	2413	1619	n
4378920	2414	1619	n
4379171	2415	1619	n
4379422	2413	1621	n
4389797	2413	1620	n
4390048	2411	1618	n
4390299	2414	1619	n
4390553	2414	1619	n
4390809	2410	1618	n
4391059	2414	1619	n
4401458	2414	1620	n
4401713	2413	1621	n
4401964	2413	1619	n
4402215	2413	1619	n
4402466	2415	1621	n
4402721	2412	1620	n
4402972	2412	1619	n
4413343	2411	1619	n
4413599	2412	1620	n
4413854	2413	1620	n
4414105	2413	1619	n
4414356	2413	1621	n
4414609	2413	1619	n
4425004	2414	1620	n
4425255	2415	1621	n
4425511	2415	1621	n
4425766	2413	1619	n
4426017	2414	1621	n
4426268	2413	1619	n
4426521	2415	1619	n
4436890	2416	1622	n
4437141	2414	1621	n
4437392	2413	1621	n
4437651	2414	1619	n
4437902	2414	1619	n
4438153	2413	1621	n
4448554	2413	1619	n
4448809	2413	1621	n
4449060	2413	1621	n
4449311	2413	1619	n
4449565	2413	1621	n
4449820	2414	1621	n
4450071	2413	1620	n
4460436	2413	1621	n
4460697	2414	1621	n
4460948	2415	1621	n
4461199	2414	1621	n
4461450	2414	1621	n
4461704	2413	1619	n
4472097	2414	1621	n
4472348	2414	1622	n
4472602	2415	1620	n
4472858	2413	1620	n
4473109	2413	1619	n
4473360	2411	1622	n
4473620	2413	1621	n
4483982	2413	1621	n
4484233	2414	1619	n
4484490	2413	1619	n
4484745	2413	1618	n
4484996	2411	1619	n
4485247	2411	1619	n
4495647	2413	1619	n
4495898	2412	1619	n
4496149	2411	1621	n
4496400	2411	1621	n
4496657	2414	1620	n
4496908	2413	1621	n
4497159	2411	1620	n
4507531	2414	1619	n
4507787	2412	1621	n
4508038	2414	1619	n
4508289	2412	1620	n
4508546	2414	1622	n
4508801	2415	1619	n
4519189	2413	1621	n
4519440	2413	1619	n
4519697	2412	1620	n
4519948	2414	1619	n
4520199	2412	1619	n
4520450	2413	1619	n
4520705	2413	1618	n
4531075	2412	1621	n
4531326	2413	1620	n
4531582	2413	1618	n
4531837	2415	1621	n
4532088	2414	1621	n
4532339	2413	1622	n
4542736	2415	1620	n
4542987	2412	1621	n
4543238	2411	1620	n
4543492	2415	1621	n
4543748	2413	1621	n
4543999	2414	1621	n
4544250	2415	1621	n
4554627	2413	1621	n
4554878	2414	1621	n
4555129	2414	1621	n
4555380	2415	1621	n
4555637	2413	1620	n
4555888	2415	1621	n
4566282	2411	1618	n
4566537	2411	1618	n
4566792	2410	1619	n
4567043	2411	1618	n
4567294	2413	1619	n
4567548	2411	1618	n
4567803	2416	1619	n
4578167	2414	1621	n
4578418	2413	1623	n
4578673	2414	1619	n
4578924	2415	1620	n
4579175	2411	1620	n
4579426	2411	1619	n
4589828	2414	1621	n
4590079	2415	1619	n
4590330	2414	1619	n
4590585	2413	1619	n
4590840	2413	1620	n
4591091	2411	1621	n
4591342	2413	1619	n
4601717	2414	1621	n
4601968	2414	1621	n
4602219	2414	1620	n
4602470	2413	1622	n
4602727	2415	1621	n
4602978	2413	1621	n
4613374	2413	1620	n
4613631	2413	1618	n
4613882	2413	1621	n
4614133	2414	1619	n
4614383	2413	1621	n
4614643	2412	1619	n
4614894	2414	1621	n
4625260	2411	1619	n
4625517	2413	1621	n
4625772	2413	1619	n
4626023	2411	1619	n
4626274	2413	1619	n
4626531	2413	1619	n
4636921	2412	1619	n
4637172	2413	1620	n
4637423	2415	1622	n
4637678	2414	1620	n
4637929	2415	1620	n
4638180	2413	1621	n
4638431	2413	1621	n
4648806	2414	1618	n
4649057	2414	1621	n
4649308	2415	1621	n
4649564	2413	1621	n
4649820	2414	1621	n
4650071	2415	1622	n
4660467	2414	1621	n
4660723	2413	1620	n
4660973	2414	1621	n
4661224	2413	1620	n
4661476	2410	1620	n
4661733	2413	1620	n
4661984	2413	1619	n
4672352	2412	1619	n
4672606	2413	1619	n
4672861	2414	1621	n
4673112	2413	1621	n
4673363	2413	1619	n
4673620	2414	1620	n
4684013	2413	1618	n
4684264	2414	1619	n
4684520	2414	1621	n
4684775	2414	1620	n
4685027	2413	1619	n
4685278	2415	1621	n
4685535	2414	1619	n
4695898	2414	1619	n
4696149	2414	1619	n
4696400	2415	1619	n
4696656	2414	1622	n
4696907	2414	1620	n
4697158	2413	1620	n
4707561	2413	1621	n
4707816	2414	1621	n
4708067	2413	1621	n
4708318	2414	1618	n
4708571	2412	1619	n
4708826	2413	1618	n
4709077	2413	1619	n
4719445	2412	1621	n
4719701	2413	1620	n
4719952	2412	1619	n
4720203	2411	1619	n
4720454	2412	1620	n
4720709	2414	1621	n
4731106	2413	1621	n
4731357	2413	1619	n
4731609	2415	1621	n
4731864	2414	1620	n
4732116	2413	1621	n
4732367	2412	1619	n
4732628	2412	1618	n
4742991	2413	1619	n
4743242	2411	1619	n
4743497	2411	1621	n
4743752	2411	1619	n
4744003	2411	1619	n
4744254	2411	1619	n
4754656	2413	1619	n
4754907	2411	1619	n
4755158	2413	1619	n
4755409	2413	1618	n
4755664	2414	1619	n
4755915	2413	1621	n
4756166	2414	1620	n
4766539	2412	1621	n
4766794	2414	1619	n
4767045	2413	1621	n
4767296	2413	1621	n
4767551	2411	1620	n
4767806	2414	1620	n
4778198	2413	1619	n
4778449	2413	1619	n
4778704	2414	1621	n
4778955	2414	1620	n
4779205	2413	1621	n
4779456	2415	1620	n
4779712	2413	1619	n
4790083	2414	1619	n
4790334	2411	1618	n
4790588	2414	1619	n
4790843	2413	1619	n
4791094	2414	1618	n
4791345	2411	1622	n
4801744	2413	1619	n
4801995	2413	1620	n
4802246	2411	1619	n
4802503	2413	1618	n
4802758	2413	1619	n
4803009	2413	1621	n
4803260	2413	1621	n
4813639	2414	1621	n
4813890	2411	1619	n
4814141	2413	1621	n
4814392	2413	1619	n
4814651	2414	1619	n
4814902	2415	1620	n
4825291	2413	1619	n
4825547	2413	1621	n
4825803	2413	1619	n
4826053	2415	1621	n
4826304	2414	1622	n
4826557	2415	1619	n
4826812	2411	1620	n
4837176	2411	1619	n
4837427	2411	1619	n
4837684	2411	1619	n
4837935	2411	1621	n
4838186	2413	1621	n
4838437	2411	1619	n
4848837	2413	1619	n
4849088	2413	1621	n
4849339	2413	1620	n
4849592	2411	1619	n
4849847	2412	1621	n
4850098	2414	1619	n
4850349	2413	1619	n
4860726	2414	1621	n
4860977	2412	1623	n
4861228	2414	1618	n
4861481	2411	1619	n
4861736	2413	1619	n
4861988	2414	1622	n
4872383	2412	1621	n
4872642	2413	1619	n
4872893	2413	1621	n
4873144	2413	1620	n
4873395	2413	1619	n
4873656	2415	1620	n
4873907	2411	1619	n
4884268	2413	1621	n
4884521	2414	1618	n
4884776	2414	1621	n
4885027	2413	1621	n
4885278	2413	1619	n
4885534	2415	1622	n
4895929	2413	1619	n
4896180	2413	1622	n
4896431	2414	1621	n
4896689	2413	1618	n
4896940	2413	1619	n
4897191	2411	1621	n
4897442	2411	1619	n
4907815	2415	1622	n
4908066	2413	1620	n
4908317	2415	1619	n
4908571	2415	1622	n
4908826	2415	1621	n
4909077	2413	1623	n
4919476	2413	1621	n
4919733	2414	1619	n
4919984	2411	1621	n
4920235	2413	1619	n
4920490	2413	1618	n
4920745	2411	1619	n
4920996	2411	1619	n
4931361	2413	1620	n
4931620	2414	1621	n
4931871	2414	1619	n
4932122	2412	1619	n
4932373	2413	1619	n
4932630	2414	1619	n
4943022	2412	1621	n
4943273	2411	1618	n
4943528	2415	1619	n
4943783	2413	1619	n
4944034	2415	1619	n
4944285	2413	1618	n
4944538	2414	1619	n
4954907	2415	1621	n
4955158	2415	1622	n
4955409	2414	1619	n
4955664	2413	1621	n
4955915	2413	1619	n
4956166	2415	1619	n
4966569	2414	1621	n
4966824	2411	1619	n
4967075	2413	1621	n
4967326	2413	1619	n
4967583	2413	1619	n
4967838	2415	1619	n
4968089	2413	1621	n
4978453	2412	1620	n
4978708	2414	1621	n
4978959	2413	1621	n
4979210	2414	1619	n
4979461	2416	1620	n
4979717	2412	1619	n
4990114	2415	1623	n
4990603	2415	1623	n
4990858	2415	1622	n
4991109	2415	1620	n
4991368	2413	1621	n
4991652	2414	1623	n
4991902	2413	1622	n
5002258	2414	1621	n
5002754	2413	1621	n
5003027	2413	1621	n
5003278	2414	1619	n
5003535	2414	1619	n
5003799	2415	1621	Time:00:00:00:00;;
5014439	2411	1619	n
5014922	2413	1619	n
5015182	2413	1619	n
5015455	2414	1620	n
5015711	2411	1619	n
5015962	2411	1619	n
5026322	2411	1619	n
5026834	2414	1618	n
5027085	2414	1619	n
5027336	2413	1621	n
5027589	2414	1620	n
5027874	2412	1619	n
5028125	2413	1620	n
5038537	2414	1619	n
5039018	2414	1621	n
5039277	2413	1619	n
5039554	2413	1621	n
5039809	2415	1620	n
5040060	2414	1621	n
5040319	2415	1620	n
5050735	2414	1619	n
5051214	2413	1620	n
5051465	2411	1618	n
5051729	2410	1618	n
5052003	2414	1620	n
5052254	2413	1619	n
5062620	2414	1619	Time:00:00:00:00;;
5063321	2414	1621	n
5063599	2414	1620	n
5063854	2411	1619	n
5064114	2413	1621	n
5064387	2413	1618	n
5074812	2412	1617	n
5075289	2416	1621	n
5075545	2415	1622	n
5075832	2414	1622	n
5076083	2415	1621	n
5076334	2413	1618	n
5076588	2412	1621	n
5087016	2414	1622	n
5087496	2414	1620	n
5087752	2414	1621	n
5088003	2413	1620	n
5088284	2414	1618	n
5088537	2414	1621	n
5088793	2413	1622	n
5099203	2414	1621	n
5099719	2413	1619	n
5099970	2413	1618	n
5100221	2414	1618	n
5100472	2415	1620	n
5100764	2413	1620	n
5111175	2413	1619	n
5111665	2415	1621	n
5111916	2415	1620	n
5112198	2414	1619	n
5112449	2413	1620	n
5112704	2413	1619	n
5112955	2411	1619	n
5123388	2415	1621	n
5123881	2415	1621	n
5124132	2414	1621	n
5124383	2414	1619	n
5124651	2414	1623	n
5124925	2414	1620	n
5125176	2415	1621	n
5135606	2415	1621	n
5136095	2413	1620	n
5136368	2414	1620	n
5136627	2414	1621	n
5136878	2415	1620	n
5137137	2414	1619	n
5147556	2412	1619	n
5148037	2413	1619	n
5148288	2414	1620	n
5148551	2415	1621	n
5148828	2414	1621	n
5149080	2415	1619	n
5149330	2413	1619	n
5159768	2413	1619	n
5160281	2413	1619	n
5160537	2411	1620	n
5160792	2413	1620	n
5161052	2413	1621	n
5161325	2413	1619	n
5161582	2414	1621	n
5171963	2413	1620	n
5172451	2411	1620	n
5172735	2415	1619	n
5172986	2413	1621	n
5173237	2415	1622	n
5173500	2415	1621	n
5173778	2414	1621	n
5184160	2411	1619	n
5184643	2414	1622	n
5184902	2412	1619	n
5185177	2413	1618	n
5185428	2413	1620	n
5185684	2413	1620	n
5196079	2413	1622	n
5196597	2413	1619	n
5196852	2414	1621	n
5197103	2415	1621	n
5197362	2413	1619	n
5197643	2414	1620	n
5197894	2413	1620	n
5208275	2415	1622	n
5208760	2414	1621	n
5209042	2415	1621	n
5209293	2414	1619	n
5209547	2415	1619	n
5209802	2413	1621	n
5210084	2414	1621	n
5220471	2414	1620	Time:00:00:00:00;;
5221009	2413	1621	n
5221260	2414	1621	n
5221517	2414	1621	n
5221772	2414	1621	n
5232184	2412	1618	n
5232435	2411	1620	n
5232691	2411	1619	n
5232942	2413	1619	n
5233193	2413	1620	n
5233444	2410	1619	n
5233700	2413	1618	n
5244068	2413	1619	n
5244319	2413	1619	n
5244572	2413	1619	n
5244828	2413	1619	n
5245079	2414	1620	n
5245330	2413	1618	n
5255730	2413	1619	n
5255981	2413	1620	n
5256232	2413	1621	n
5256485	2413	1620	n
5256741	2413	1618	n
5256991	2413	1618	n
5257242	2415	1619	n
5267619	2414	1622	n
5267870	2415	1621	n
5268121	2415	1621	n
5268372	2415	1619	n
5268628	2415	1621	n
5268879	2414	1622	n
5279277	2411	1619	n
5279531	2414	1620	n
5279786	2411	1619	n
5280037	2411	1620	n
5280288	2414	1621	n
5280540	2414	1619	n
5280796	2413	1623	n
5291161	2411	1619	n
5291412	2415	1620	n
5291668	2415	1621	n
5291919	2414	1619	n
5292170	2415	1621	n
5292421	2411	1622	n
5302823	2414	1621	n
5303074	2413	1619	n
5303325	2413	1619	n
5303580	2413	1621	n
5303835	2414	1619	n
5304086	2413	1621	n
5304337	2413	1621	n
5314712	2416	1621	n
5314963	2415	1621	n
5315214	2414	1619	n
5315465	2414	1619	n
5315720	2413	1619	n
5315971	2413	1621	n
5326369	2411	1619	n
5326627	2412	1618	n
5326878	2413	1618	n
5327129	2414	1621	n
5327380	2414	1620	n
5327638	2413	1619	n
5327889	2414	1619	n
5338253	2415	1621	n
5338506	2413	1620	n
5338762	2413	1621	n
5339013	2413	1621	n
5339264	2413	1620	n
5339520	2414	1618	n
5349915	2415	1619	n
5350166	2413	1619	n
5350417	2416	1625	n
5350672	2414	1621	n
5350923	2413	1621	n
5351174	2414	1619	n
5351425	2414	1622	n
5361800	2411	1621	n
5362051	2415	1619	n
5362302	2413	1620	n
5362555	2415	1619	n
5362810	2414	1620	n
5363061	2413	1621	n
5373462	2416	1619	n
5373717	2415	1619	n
5373968	2411	1619	n
5374219	2414	1619	n
5374470	2411	1619	n
5374726	2411	1619	n
5374977	2412	1621	n
5385346	2413	1622	n
5385603	2415	1619	n
5385858	2413	1621	n
5386109	2414	1621	n
5386360	2415	1621	n
5386620	2413	1619	n
5397008	2415	1620	n
5397259	2415	1621	n
5397513	2414	1622	n
5397769	2414	1622	n
5398020	2414	1621	n
5398271	2414	1620	n
5398523	2415	1621	n
5408892	2414	1620	n
5409143	2415	1621	n
5409394	2415	1620	n
5409652	2414	1621	n
5409903	2415	1619	n
5410154	2415	1620	n
5420554	2413	1619	n
5420809	2414	1621	n
5421060	2415	1620	n
5421311	2414	1621	n
5421565	2414	1619	n
5421820	2413	1621	n
5422071	2415	1621	n
5432438	2413	1622	n
5432696	2413	1620	n
5432947	2415	1621	n
5433198	2414	1621	n
5433449	2413	1621	n
5433704	2413	1622	n
5444100	2414	1620	n
5444351	2416	1623	n
5444606	2415	1622	n
5444861	2415	1621	n
5445112	2415	1621	n
5445363	2415	1622	n
5445625	2415	1619	n
5455985	2414	1621	n
5456236	2413	1620	n
5456493	2414	1618	n
5456748	2413	1621	n
5456999	2415	1621	n
5457250	2415	1622	n
5467651	2413	1620	n
5467902	2411	1617	n
5468153	2414	1619	n
5468404	2411	1620	n
5468660	2413	1619	n
5468911	2413	1619	n
5469162	2413	1619	n
5479537	2414	1622	n
5479792	2415	1619	n
5480043	2415	1620	n
5480294	2413	1619	n
5480551	2414	1622	n
5480806	2413	1620	n
5491193	2415	1621	n
5491444	2413	1621	n
5491699	2414	1622	n
5491950	2414	1620	n
5492202	2415	1619	n
5492453	2413	1621	n
5492708	2413	1621	n
5503077	2413	1619	n
5503328	2415	1619	n
5503585	2413	1619	n
5503841	2413	1621	n
5504092	2415	1619	n
5504342	2414	1619	n
5514739	2413	1619	n
5514990	2413	1619	n
5515241	2413	1620	n
5515497	2412	1619	n
5515752	2411	1620	n
5516003	2413	1620	n
5516254	2413	1619	n
5526628	2414	1619	n
5526879	2415	1622	n
5527130	2416	1620	n
5527381	2416	1622	n
5527638	2415	1621	n
5527889	2413	1623	n
5538285	2411	1619	n
5538538	2413	1619	n
5538793	2413	1621	n
5539044	2412	1620	n
5539295	2414	1619	n
5539552	2413	1621	n
5539807	2412	1619	n
5550170	2412	1619	n
5550421	2414	1619	n
5550677	2413	1622	n
5550928	2413	1621	n
5551179	2415	1619	n
5551430	2414	1619	n
5561832	2414	1622	n
5562083	2415	1621	n
5562334	2415	1622	n
5562588	2415	1621	n
5562843	2414	1621	n
5563094	2415	1621	n
5563345	2415	1623	n
5573720	2414	1619	n
5573971	2414	1622	n
5574222	2416	1621	n
5574473	2415	1621	n
5574733	2415	1622	n
5574984	2416	1622	n
5585378	2412	1621	n
5585637	2414	1621	n
5585888	2412	1621	n
5586139	2414	1618	n
5586390	2415	1619	n
5586652	2413	1621	n
5586902	2414	1619	n
5597262	2414	1619	n
5597517	2413	1622	n
5597772	2415	1620	n
5598023	2414	1619	n
5598274	2415	1622	n
5598531	2414	1621	n
5608924	2413	1622	n
5609175	2415	1622	n
5609426	2414	1621	n
5609682	2415	1621	n
5609933	2414	1621	n
5610184	2414	1620	n
5610435	2415	1619	n
5620808	2416	1621	n
5621059	2413	1622	n
5621310	2415	1618	n
5621564	2415	1621	n
5621819	2415	1619	n
5622070	2415	1622	n
5632470	2413	1619	n
5632726	2414	1620	n
5632977	2414	1621	n
5633228	2412	1621	n
5633480	2413	1622	n
5633735	2413	1621	n
5633986	2413	1619	n
5644355	2414	1621	n
5644609	2414	1621	n
5644864	2412	1621	n
5645115	2415	1619	n
5645366	2414	1619	n
5645628	2414	1621	n
5656017	2415	1621	n
5656268	2414	1622	n
5656521	2416	1622	n
5656776	2415	1620	n
5657027	2415	1621	n
5657278	2415	1621	n
5657534	2413	1621	n
5667901	2414	1619	n
5668152	2415	1619	n
5668403	2414	1619	n
5668659	2414	1621	n
5668910	2415	1619	n
5669161	2412	1619	n
5679563	2415	1621	n
5679818	2414	1620	n
5680069	2412	1621	n
5680319	2413	1619	n
5680573	2414	1619	n
5680828	2411	1619	n
5681079	2414	1621	n
5691447	2411	1622	n
5691703	2415	1619	n
5691954	2414	1621	n
5692205	2415	1622	n
5692456	2415	1621	n
5692711	2414	1621	n
5703109	2414	1621	n
5703360	2415	1621	n
5703620	2415	1622	n
5703871	2415	1621	n
5704122	2413	1621	n
5704373	2416	1622	n
5704630	2415	1619	n
5714993	2413	1619	n
5715244	2415	1618	n
5715499	2415	1621	n
5715754	2413	1621	n
5716005	2414	1621	n
5716256	2414	1619	n
5726659	2416	1622	n
5726910	2415	1622	n
5727161	2414	1621	n
5727412	2414	1619	n
5727667	2415	1621	n
5727918	2415	1619	n
5728169	2415	1619	n
5738545	2416	1622	n
5738800	2415	1619	n
5739051	2413	1621	n
5739302	2415	1622	n
5739554	2415	1621	n
5739810	2413	1621	n
5750202	2415	1622	n
5750453	2415	1621	n
5750707	2416	1621	n
5750958	2415	1621	n
5751209	2416	1621	n
5751460	2416	1621	n
5751716	2415	1620	n
5762086	2414	1620	n
5762337	2414	1621	n
5762590	2415	1621	n
5762846	2415	1623	n
5763097	2413	1619	n
5763347	2415	1622	n
5773748	2414	1621	n
5773999	2414	1622	n
5774250	2414	1620	n
5774503	2412	1619	n
5774758	2414	1620	n
5775009	2414	1621	n
5775260	2415	1622	n
5785637	2415	1619	n
5785888	2414	1622	n
5786139	2413	1621	n
5786390	2413	1621	n
5786651	2415	1621	n
5786902	2414	1621	n
5797294	2415	1621	n
5797548	2416	1622	n
5797803	2416	1621	n
5798054	2415	1621	n
5798305	2416	1622	n
5798558	2415	1622	n
5798813	2416	1623	n
5809178	2415	1620	n
5809429	2416	1619	n
5809689	2413	1618	n
5809940	2414	1622	n
5810191	2413	1619	n
5810442	2410	1618	n
5820840	2413	1620	n
5821091	2414	1619	n
5821342	2415	1621	n
5821596	2414	1621	n
5821851	2414	1620	n
5822102	2415	1621	n
5822353	2414	1620	n
5832730	2416	1620	n
5832981	2414	1620	n
5833232	2413	1622	n
5833485	2415	1621	n
5833741	2414	1621	n
5833992	2413	1621	n
5844387	2416	1622	n
5844647	2414	1621	n
5844898	2415	1622	n
5845149	2414	1619	n
5845400	2415	1619	n
5845656	2414	1621	n
5845907	2413	1623	n
5856271	2413	1621	n
5856528	2415	1621	n
5856784	2413	1619	n
5857035	2413	1620	n
5857286	2414	1619	n
5857539	2415	1621	n
5867933	2415	1620	n
5868184	2415	1621	n
5868435	2413	1621	n
5868691	2415	1621	n
5868942	2415	1621	n
5869193	2414	1621	n
5869444	2413	1620	n
5879817	2415	1621	n
5880068	2414	1623	n
5880319	2415	1622	n
5880572	2415	1621	n
5880827	2413	1620	n
5881078	2415	1621	n
5891480	2413	1622	n
5891735	2414	1619	n
5891986	2414	1619	n
5892237	2412	1619	n
5892493	2414	1622	n
5892749	2414	1619	n
5893000	2413	1620	n
5903363	2415	1621	n
5903624	2414	1619	n
5903875	2414	1621	n
5904126	2415	1621	n
5904377	2413	1621	n
5904638	2415	1622	n
5915025	2413	1619	n
5915276	2415	1621	n
5915530	2416	1620	n
5915785	2414	1618	n
5916036	2413	1619	n
5916287	2414	1619	n
5916540	2411	1621	n
5926910	2415	1621	n
5927161	2415	1621	n
5927412	2414	1621	n
5927668	2415	1620	n
5927919	2413	1622	n
5928170	2415	1621	n
5938572	2414	1620	n
5938827	2415	1622	n
5939078	2415	1622	n
5939329	2416	1620	n
5939586	2413	1620	n
5939841	2411	1621	n
5940092	2414	1621	n
5950456	2415	1619	n
5950712	2415	1619	n
5950963	2413	1622	n
5951214	2415	1620	n
5951465	2415	1620	n
5951720	2414	1622	n
5962118	2414	1622	n
5962369	2414	1619	n
5962627	2415	1620	n
5962878	2413	1619	n
5963129	2415	1621	n
5963380	2414	1622	n
5963638	2414	1621	n
5974002	2414	1621	n
5974253	2413	1621	n
5974506	2415	1621	n
5974762	2416	1621	n
5975013	2414	1621	n
5975264	2414	1621	n
5985668	2415	1620	n
5986076	2413	1621	n
5986336	2413	1621	n
5986614	2413	1619	n
5986869	2413	1621	n
5987120	2415	1618	n
5987401	2414	1619	n
5997807	2414	1621	n
5998284	2414	1619	n
5998537	2413	1621	n
5998801	2415	1621	n
5999074	2413	1620	n
5999325	2415	1619	n
5999580	2414	1621	n
6010003	2414	1621	Time:00:00:00:00;;
6010734	2415	1622	n
6010985	2413	1622	n
6011244	2415	1623	n
6011521	2416	1620	n
6011776	2414	1619	n
6022165	2415	1619	n
6022660	2413	1621	n
6022933	2414	1617	n
6023184	2414	1621	n
6023435	2413	1619	n
6023700	2410	1619	n
6034092	2414	1619	n
6034571	2414	1622	n
6034826	2414	1620	n
6035077	2415	1622	n
6035359	2414	1622	n
6035614	2415	1623	n
6035869	2416	1622	n
6046280	2415	1620	n
6046799	2416	1623	n
6047050	2416	1619	n
6047301	2415	1622	n
6047554	2415	1619	n
6047840	2413	1621	n
6048091	2415	1621	n
6058476	2415	1622	n
6058960	2415	1622	Time:00:00:00:00;;
6059458	2416	1621	n
6059714	2414	1621	n
6059965	2416	1621	n
6060224	2415	1622	n
6070650	2414	1621	n
6071126	2415	1622	n
6071377	2415	1623	n
6071647	2415	1621	n
6071921	2415	1622	n
6072172	2413	1620	n
6082559	2415	1620	n
6083049	2414	1621	n
6083323	2415	1622	n
6083580	2413	1621	n
6083835	2414	1621	n
6084095	2413	1621	n
6084368	2414	1620	n
6094752	2415	1623	n
6095227	2414	1621	n
6095490	2414	1621	n
6095767	2414	1622	n
6096018	2414	1622	n
6096269	2414	1621	n
6096532	2415	1621	n
6106957	2414	1622	n
6107439	2414	1622	n
6107697	2415	1622	n
6107948	2415	1622	n
6108229	2414	1621	n
6108486	2416	1621	n
6118868	2415	1620	n
6119344	2413	1621	n
6119632	2415	1622	n
6119883	2413	1619	n
6120134	2414	1619	n
6120385	2414	1621	n
6120677	2414	1621	n
6131063	2415	1621	n
6131545	2415	1619	n
6131800	2414	1620	n
6132060	2414	1619	n
6132333	2415	1621	n
6132589	2413	1620	n
6132844	2413	1619	n
6143260	2415	1622	n
6143778	2415	1622	n
6144029	2414	1622	n
6144280	2415	1622	n
6144546	2416	1622	n
6144823	2415	1619	n
6155232	2415	1619	n
6155721	2414	1620	n
6155981	2415	1620	n
6156254	2411	1619	n
6156511	2415	1620	n
6156766	2414	1621	n
6157026	2414	1621	n
6167444	2412	1622	n
6167927	2416	1622	n
6168178	2414	1619	n
6168438	2413	1621	n
6168719	2415	1619	n
6168970	2415	1620	n
6169221	2414	1622	n
6179661	2415	1622	n
6180174	2414	1620	n
6180425	2416	1619	n
6180681	2414	1621	n
6180941	2414	1622	n
6181214	2414	1620	n
6191612	2415	1623	n
6192100	2415	1622	n
6192359	2415	1622	n
6192643	2415	1622	n
6192894	2415	1623	n
6193145	2415	1622	n
6193405	2414	1619	n
6203832	2414	1620	n
6204310	2415	1621	n
6204564	2414	1619	n
6204828	2415	1621	n
6205102	2414	1622	n
6205353	2413	1622	n
6205606	2415	1620	n
6216020	2413	1620	Time:00:00:00:00;;
6216649	2414	1621	n
6216901	2413	1619	n
6217151	2415	1618	n
6217402	2415	1619	n
6217658	2416	1618	n
6228043	2415	1621	n
6228294	2414	1619	n
6228548	2415	1621	n
6228803	2415	1621	n
6229054	2414	1620	n
6229305	2414	1622	n
6239706	2415	1621	n
6239957	2415	1621	n
6240208	2415	1622	n
6240459	2415	1620	n
6240714	2414	1621	n
6240965	2412	1621	n
6241216	2415	1622	n
6251592	2414	1619	n
6251847	2415	1620	n
6252098	2413	1622	n
6252349	2415	1619	n
6252603	2414	1621	n
6252858	2414	1621	n
6263251	2415	1622	n
6263504	2414	1621	n
6263759	2414	1621	n
6264010	2414	1619	n
6264261	2414	1622	n
6264518	2415	1619	n
6264772	2414	1621	n
6275136	2415	1622	n
6275387	2415	1622	n
6275647	2415	1621	n
6275898	2414	1621	n
6276149	2414	1621	n
6276400	2415	1619	n
6286797	2414	1622	n
6287048	2414	1621	n
6287299	2414	1621	n
6287554	2415	1619	n
6287809	2415	1621	n
6288059	2414	1620	n
6288310	2414	1621	n
6298686	2414	1621	n
6298937	2414	1619	n
6299188	2414	1620	n
6299439	2410	1620	n
6299697	2415	1619	n
6299948	2414	1620	n
6310343	2415	1620	n
6310599	2415	1619	n
6310854	2415	1621	n
6311105	2415	1622	n
6311356	2414	1621	n
6311609	2415	1621	n
6311864	2415	1621	n
6322228	2415	1621	n
6322480	2415	1619	n
6322735	2415	1620	n
6322986	2415	1621	n
6323237	2415	1621	n
6323493	2415	1620	n
6333889	2414	1622	n
6334140	2415	1620	n
6334391	2415	1619	n
6334652	2414	1619	n
6334902	2415	1620	n
6335153	2412	1621	n
6335404	2413	1618	n
6345777	2416	1621	n
6346028	2413	1622	n
6346279	2414	1623	n
6346534	2415	1621	n
6346789	2413	1619	n
6347040	2415	1619	n
6357436	2415	1621	n
6357697	2414	1621	n
6357948	2415	1621	n
6358199	2413	1621	n
6358450	2414	1620	n
6358705	2415	1623	n
6358956	2414	1622	n
6369321	2414	1622	n
6369574	2414	1622	n
6369830	2414	1624	n
6370081	2414	1621	n
6370332	2415	1620	n
6370589	2414	1621	n
6380982	2414	1618	n
6381233	2414	1619	n
6381490	2414	1619	n
6381745	2414	1622	n
6381996	2413	1619	n
6382247	2411	1621	n
6382503	2412	1619	n
6392867	2414	1622	n
6393118	2416	1621	n
6393369	2415	1621	n
6393627	2415	1619	n
6393878	2412	1619	n
6394129	2414	1621	n
6404531	2415	1619	n
6404786	2415	1621	n
6405037	2415	1623	n
6405288	2413	1621	n
6405540	2413	1622	n
6405796	2413	1621	n
6406047	2413	1619	n
6416413	2415	1623	n
6416668	2413	1620	n
6416919	2414	1620	n
6417170	2415	1620	n
6417421	2415	1622	n
6417676	2414	1619	n
6428074	2413	1622	n
6428325	2415	1622	n
6428579	2412	1619	n
6428834	2412	1621	n
6429085	2412	1619	n
6429336	2414	1620	n
6429590	2414	1618	n
6439960	2414	1621	n
6440211	2414	1619	n
6440462	2416	1619	n
6440717	2414	1619	n
6440968	2414	1621	n
6441219	2414	1620	n
6451625	2415	1621	n
6451876	2416	1621	n
6452127	2415	1621	n
6452378	2414	1621	n
6452638	2414	1622	n
6452889	2415	1620	n
6453140	2413	1620	n
6463511	2414	1621	n
6463766	2414	1621	n
6464017	2413	1619	n
6464268	2413	1621	n
6464521	2414	1621	n
6464776	2415	1623	n
6475167	2414	1621	n
6475418	2414	1622	n
6475673	2413	1621	n
6475924	2413	1620	n
6476175	2414	1621	n
6476426	2413	1619	n
6476682	2410	1619	n
6487052	2414	1622	n
6487303	2415	1618	n
6487556	2414	1622	n
6487811	2414	1621	n
6488062	2414	1619	n
6488313	2414	1619	n
6498714	2415	1622	n
6498965	2414	1621	n
6499216	2414	1623	n
6499467	2414	1622	n
6499722	2415	1621	n
6499973	2415	1621	n
6500224	2416	1622	n
6510603	2413	1621	n
6510859	2415	1619	n
6511110	2414	1620	n
6511361	2414	1620	n
6511620	2415	1623	n
6511871	2415	1621	n
6522259	2415	1621	n
6522513	2415	1622	n
6522769	2413	1620	n
6523019	2414	1619	n
6523270	2415	1620	n
6523523	2414	1619	n
6523778	2414	1622	n
6534145	2414	1621	n
6534396	2413	1621	n
6534656	2414	1621	n
6534907	2413	1620	n
6535158	2413	1622	n
6535409	2414	1618	n
6545806	2415	1621	n
6546057	2415	1622	n
6546308	2414	1621	n
6546565	2415	1622	n
6546820	2415	1619	n
6547071	2413	1620	n
6547322	2416	1620	n
6557695	2412	1619	n
6557946	2414	1619	n
6558197	2414	1621	n
6558448	2415	1622	n
6558703	2415	1619	n
6558954	2413	1621	n
6569352	2415	1619	n
6569606	2411	1623	n
6569861	2414	1619	n
6570112	2413	1621	n
6570363	2415	1619	n
6570625	2414	1619	n
6570876	2414	1619	n
6581237	2413	1622	n
6581492	2414	1619	n
6581748	2413	1622	n
6581999	2414	1619	n
6582250	2414	1619	n
6582503	2414	1619	n
6592898	2413	1623	n
6593149	2413	1619	n
6593400	2415	1620	n
6593656	2414	1619	n
6593907	2413	1621	n
6594158	2414	1621	n
6594408	2413	1619	n
6604783	2414	1620	n
6605034	2414	1620	n
6605285	2415	1621	n
6605537	2413	1619	n
6605792	2414	1619	n
6606043	2413	1621	n
6616444	2413	1621	n
6616700	2413	1621	n
6616951	2413	1619	n
6617202	2414	1621	n
6617453	2413	1622	n
6617707	2415	1619	n
6617958	2413	1620	n
6628330	2413	1623	n
6628585	2415	1620	n
6628840	2416	1621	n
6629091	2415	1619	n
6629342	2415	1622	n
6629599	2413	1621	n
6639991	2416	1622	n
6640242	2415	1620	n
6640496	2416	1622	n
6640752	2411	1620	n
6641003	2414	1621	n
6641254	2414	1619	n
6641511	2413	1619	n
6651876	2415	1622	n
6652127	2414	1621	n
6652378	2414	1622	n
6652637	2415	1622	n
6652888	2414	1619	n
6653139	2413	1623	n
6663539	2413	1619	n
6663794	2414	1621	n
6664045	2415	1623	n
6664296	2416	1621	n
6664551	2414	1621	n
6664806	2415	1619	n
6665057	2415	1621	n
6675422	2416	1626	n
6675677	2414	1622	n
6675928	2416	1621	n
6676179	2413	1621	n
6676430	2415	1621	n
6676689	2413	1621	n
6687083	2414	1619	n
6687334	2412	1621	n
6687588	2413	1619	n
6687843	2411	1619	n
6688094	2412	1618	n
6688345	2415	1621	n
6688599	2414	1622	n
6698968	2413	1619	n
6699219	2413	1619	n
6699470	2413	1619	n
6699726	2413	1621	n
6699977	2414	1619	n
6700228	2414	1621	n
6710633	2415	1621	n
6710884	2413	1621	n
6711135	2413	1622	n
6711386	2414	1619	n
6711647	2415	1621	n
6711898	2414	1621	n
6712149	2415	1622	n
6722520	2415	1622	n
6722775	2416	1623	n
6723026	2414	1622	n
6723277	2415	1622	n
6723534	2414	1621	n
6723789	2415	1621	n
6734176	2411	1622	n
6734427	2413	1620	n
6734684	2411	1619	n
6734935	2414	1621	n
6735186	2413	1621	n
6735437	2413	1619	n
6735697	2414	1621	n
6746061	2414	1621	n
6746312	2414	1619	n
6746568	2414	1621	n
6746824	2411	1621	n
6747075	2414	1621	n
6747326	2415	1621	n
6757722	2414	1619	n
6757973	2414	1622	n
6758224	2415	1619	n
6758475	2414	1621	n
6758732	2414	1621	n
6758983	2414	1621	n
6759234	2415	1621	n
6769609	2413	1621	n
6769864	2413	1621	n
6770115	2415	1621	n
6770366	2413	1621	n
6770628	2413	1620	n
6770878	2413	1619	n
6781268	2414	1619	n
6781521	2413	1621	n
6781776	2414	1621	n
6782027	2413	1619	n
6782278	2415	1619	n
6782535	2413	1619	n
6782790	2413	1621	n
6793153	2413	1621	n
6793404	2415	1619	n
6793659	2415	1621	n
6793910	2416	1621	n
6794161	2414	1621	n
6794412	2415	1621	n
6804814	2414	1622	n
6805065	2416	1622	n
6805316	2416	1622	n
6805572	2416	1621	n
6805826	2416	1622	n
6806077	2414	1621	n
6806328	2415	1622	n
6816704	2415	1621	n
6816955	2415	1621	n
6817206	2416	1621	n
6817457	2416	1621	n
6817712	2415	1622	n
6817963	2414	1621	n
6828361	2415	1622	n
6828620	2415	1621	n
6828871	2415	1621	n
6829122	2415	1619	n
6829373	2414	1621	n
6829630	2415	1622	n
6829881	2415	1622	n
6840246	2416	1622	n
6840503	2414	1623	n
6840758	2414	1622	n
6841009	2416	1622	n
6841260	2414	1621	n
6841514	2415	1621	n
6851907	2415	1623	n
6852158	2416	1623	n
6852409	2416	1621	n
6852664	2415	1621	n
6852915	2416	1622	n
6853166	2415	1623	n
6853417	2416	1626	n
6863792	2415	1619	n
6864043	2414	1622	n
6864294	2415	1622	n
6864548	2414	1618	n
6864803	2415	1621	n
6865054	2415	1621	n
6875453	2415	1621	n
6875708	2415	1621	n
6875959	2415	1620	n
6876210	2414	1622	n
6876461	2416	1622	n
6876717	2415	1621	n
6876968	2414	1621	n
6887338	2415	1623	n
6887591	2415	1622	n
6887846	2415	1621	n
6888097	2416	1621	n
6888348	2416	1623	n
6888603	2416	1622	n
6898999	2416	1621	n
6899250	2416	1622	n
6899503	2416	1619	n
6899758	2416	1622	n
6900009	2415	1623	n
6900260	2415	1621	n
6900517	2416	1621	n
6910885	2414	1622	n
6911136	2415	1621	n
6911387	2415	1619	n
6911647	2415	1621	n
6911898	2415	1622	n
6912149	2415	1621	n
6922551	2415	1621	n
6922807	2416	1620	n
6923058	2416	1623	n
6923309	2416	1622	n
6923565	2414	1623	n
6923820	2415	1621	n
6924071	2415	1621	n
6934431	2416	1622	n
6934689	2416	1626	n
6934940	2416	1623	n
6935191	2415	1622	n
6935442	2414	1622	n
6935698	2416	1622	n
6946092	2415	1622	n
6946343	2415	1621	n
6946599	2415	1621	n
6946854	2416	1622	n
6947105	2415	1619	n
6947356	2416	1621	n
6947609	2416	1621	n
6957977	2413	1621	n
6958228	2414	1622	n
6958480	2414	1620	n
6958736	2414	1619	n
6958987	2411	1620	n
6959238	2414	1622	n
6969642	2414	1620	n
6969893	2416	1621	n
6970144	2415	1621	n
6970395	2415	1619	n
6970655	2414	1619	n
6970906	2415	1621	n
6971157	2415	1621	n
6981528	2415	1622	n
6981850	2414	1622	n
6982109	2415	1622	n
6982382	2416	1622	n
6982643	2416	1622	n
6982894	2416	1622	n
6993271	2415	1620	n
6993787	2415	1621	n
6994038	2414	1620	n
6994289	2415	1623	n
6994553	2413	1623	n
6994831	2413	1621	n
6995082	2415	1621	n
7005466	2414	1622	Time:00:00:00:00;;
7006170	2414	1621	n
7006444	2413	1621	n
7006699	2414	1621	n
7006950	2415	1622	n
7007232	2415	1622	n
7017649	2414	1626	n
7018126	2414	1622	n
7018377	2414	1622	n
7018667	2415	1621	n
7018918	2416	1622	n
7019169	2415	1622	n
7029531	2416	1622	n
7030018	2416	1623	n
7030291	2415	1624	n
7030548	2416	1623	n
7030803	2414	1622	n
7031062	2416	1620	n
7031336	2415	1621	n
7041743	2416	1621	n
7042220	2413	1623	n
7042481	2416	1623	n
7042758	2413	1622	n
7043009	2415	1622	n
7043260	2415	1620	n
7043522	2414	1621	n
7053947	2416	1623	n
7054425	2414	1619	n
7054681	2415	1621	n
7054941	2416	1620	n
7055215	2413	1621	n
7055466	2414	1621	n
7055721	2416	1621	n
7066135	2416	1622	Time:00:00:00:00;;
7066866	2415	1622	n
7067117	2415	1622	n
7067368	2416	1623	n
7067658	2415	1621	n
7078090	2415	1622	n
7078572	2415	1621	n
7078836	2415	1621	n
7079109	2413	1622	n
7079360	2416	1623	n
7079620	2415	1623	n
7079880	2415	1621	n
7090311	2415	1621	n
7090793	2416	1622	n
7091044	2416	1621	n
7091295	2414	1619	n
7091582	2414	1622	n
7091838	2414	1620	n
7092088	2415	1621	n
7102503	2414	1620	n
7103016	2416	1621	n
7103267	2415	1622	n
7103520	2416	1621	n
7103775	2416	1621	n
7104057	2413	1622	n
7104308	2415	1621	n
7114697	2416	1622	n
7115180	2416	1621	n
7115462	2416	1623	n
7115718	2416	1623	n
7115969	2415	1622	n
7116219	2416	1621	n
7126613	2415	1620	n
7127102	2416	1622	n
7127353	2413	1620	n
7127606	2415	1621	n
7127870	2411	1621	n
7128143	2414	1620	n
7128394	2415	1621	n
7138808	2415	1620	n
7139292	2415	1619	n
7139572	2415	1619	n
7139826	2415	1619	n
7140077	2416	1621	n
7140337	2414	1621	n
7140614	2414	1621	n
7151005	2414	1623	n
7151485	2415	1623	n
7151749	2416	1621	n
7152022	2416	1621	n
7152273	2416	1623	n
7152528	2415	1622	n
7162924	2416	1621	n
7163438	2415	1620	n
7163697	2416	1622	n
7163948	2415	1621	n
7164208	2415	1622	n
7164486	2415	1622	n
7164741	2415	1621	n
7175120	2414	1622	n
7175606	2414	1621	n
7175890	2416	1622	n
7176141	2414	1621	n
7176392	2414	1622	n
7176651	2414	1622	n
7176933	2415	1621	n
7187316	2416	1622	n
7187804	2416	1623	n
7188055	2415	1623	n
7188336	2415	1620	n
7188589	2415	1621	n
7188845	2414	1622	n
7199219	2416	1622	n
7199716	2415	1621	n
7199989	2415	1621	n
7200240	2416	1623	n
7200497	2415	1623	n
7200761	2415	1623	n
7201035	2416	1620	n
7211431	2415	1621	Time:00:00:00:00;;
7212138	2416	1621	n
7212412	2416	1621	n
7212667	2415	1621	n
7212918	2416	1621	n
7213169	2416	1621	n
7223595	2414	1621	n
7223850	2415	1621	n
7224101	2416	1622	n
7224352	2416	1621	n
7224606	2415	1622	n
7224861	2411	1620	n
7235237	2415	1621	n
7235493	2414	1621	n
7235748	2415	1622	n
7235999	2414	1621	n
7236250	2415	1623	n
7236503	2415	1621	n
7236758	2414	1621	n
7247138	2416	1622	n
7247389	2415	1623	n
7247647	2416	1622	n
7247898	2416	1623	n
7248149	2415	1622	n
7248400	2416	1621	n
7258783	2414	1623	n
7259034	2416	1623	n
7259285	2415	1623	n
7259537	2415	1622	n
7259792	2411	1620	n
7260043	2414	1621	n
7260294	2415	1619	n
7270690	2416	1621	n
7270941	2414	1620	n
7271192	2414	1622	n
7271443	2415	1621	n
7271698	2415	1621	n
7271949	2416	1622	n
7282330	2415	1623	n
7282586	2416	1621	n
7282841	2414	1621	n
7283092	2415	1623	n
7283343	2414	1622	n
7283599	2415	1622	n
7283854	2413	1621	n
7294231	2416	1621	n
7294485	2415	1621	n
7294741	2415	1623	n
7294992	2415	1623	n
7295242	2415	1623	n
7295497	2415	1622	n
7305876	2415	1622	n
7306126	2415	1622	n
7306377	2415	1621	n
7306637	2414	1621	n
7306888	2416	1621	n
7307139	2415	1621	n
7307390	2415	1621	n
7317777	2415	1622	n
7318028	2415	1620	n
7318279	2413	1621	n
7318534	2415	1623	n
7318789	2415	1621	n
7319040	2415	1621	n
7329422	2415	1623	n
7329677	2415	1622	n
7329928	2415	1622	n
7330179	2413	1621	n
7330430	2416	1621	n
7330689	2415	1621	n
7330940	2415	1623	n
7341323	2415	1621	n
7341579	2415	1622	n
7341834	2415	1622	n
7342085	2416	1620	n
7342336	2416	1623	n
7342589	2415	1619	n
7352968	2414	1622	n
7353218	2415	1625	n
7353470	2414	1622	n
7353726	2414	1621	n
7353977	2413	1621	n
7354228	2414	1622	n
7354480	2415	1622	n
7364870	2416	1623	n
7365121	2416	1624	n
7365372	2415	1622	n
7365629	2415	1622	n
7365880	2416	1621	n
7366131	2415	1619	n
7376516	2414	1621	n
7376771	2415	1621	n
7377022	2415	1622	n
7377273	2415	1622	n
7377528	2415	1622	n
7377784	2415	1620	n
7378035	2414	1620	n
7388416	2416	1623	n
7388672	2415	1621	n
7388922	2416	1622	n
7389173	2415	1621	n
7389424	2415	1621	n
7389680	2414	1622	n
7400061	2414	1623	n
7400312	2415	1622	n
7400568	2415	1621	n
7400824	2414	1620	n
7401075	2415	1622	n
7401326	2415	1622	n
7401583	2415	1622	n
7411962	2414	1619	n
7412213	2415	1621	n
7412464	2416	1621	n
7412720	2415	1621	n
7412971	2416	1621	n
7413222	2415	1622	n
7423607	2416	1622	n
7423862	2415	1622	n
7424113	2416	1622	n
7424364	2415	1623	n
7424625	2415	1619	n
7424876	2414	1622	n
7425127	2416	1621	n
7435513	2416	1621	n
7435769	2412	1620	n
7436020	2415	1621	n
7436271	2413	1619	n
7436528	2413	1621	n
7436784	2414	1619	n
7447153	2416	1622	n
7447404	2415	1619	n
7447659	2414	1621	n
7447910	2414	1622	n
7448161	2416	1622	n
7448412	2415	1621	n
7448667	2414	1621	n
7459055	2415	1622	n
7459306	2415	1621	n
7459562	2415	1623	n
7459817	2415	1622	n
7460068	2414	1622	n
7460319	2415	1622	n
7470700	2415	1621	n
7470951	2415	1622	n
7471202	2415	1621	n
7471453	2415	1622	n
7471707	2415	1621	n
7471958	2415	1620	n
7472209	2416	1621	n
7482602	2415	1621	n
7482857	2414	1621	n
7483108	2414	1622	n
7483359	2415	1622	n
7483614	2414	1621	n
7483869	2414	1619	n
7494246	2413	1621	n
7494500	2415	1622	n
7494755	2415	1622	n
7495006	2416	1621	n
7495257	2415	1619	n
7495513	2414	1621	n
7495769	2414	1621	n
7506147	2416	1621	n
7506398	2415	1621	n
7506656	2416	1620	n
7506907	2415	1622	n
7507158	2415	1621	n
7507409	2415	1623	n
7517792	2414	1622	n
7518043	2416	1622	n
7518293	2416	1623	n
7518548	2415	1622	n
7518803	2416	1621	n
7519054	2415	1622	n
7519305	2415	1621	n
7529698	2414	1622	n
7529949	2415	1622	n
7530200	2414	1621	n
7530450	2414	1623	n
7530706	2415	1620	n
7530957	2415	1622	n
7541338	2415	1621	n
7541591	2416	1622	n
7541846	2415	1619	n
7542097	2416	1624	n
7542348	2415	1622	n
7542603	2414	1621	n
7542858	2415	1621	n
7553240	2414	1621	n
7553497	2413	1623	n
7553752	2414	1623	n
7554003	2415	1621	n
7554254	2415	1620	n
7554511	2414	1621	n
7564885	2416	1619	n
7565135	2415	1621	n
7565386	2415	1622	n
7565647	2415	1622	n
7565898	2416	1622	n
7566149	2416	1623	n
7566400	2415	1619	n
7576786	2415	1623	n
7577037	2415	1621	n
7577288	2415	1622	n
7577545	2413	1622	n
7577800	2415	1622	n
7578051	2416	1622	n
7588431	2415	1622	n
7588689	2416	1621	n
7588940	2416	1622	n
7589191	2416	1622	n
7589442	2415	1622	n
7589698	2415	1621	n
7589949	2415	1619	n
7600332	2416	1625	n
7600589	2416	1623	n
7600844	2415	1622	n
7601095	2416	1621	n
7601346	2416	1623	n
7601599	2416	1621	n
7611977	2416	1622	n
7612228	2416	1623	n
7612480	2416	1622	n
7612735	2416	1621	n
7612986	2416	1622	n
7613237	2415	1622	n
7613493	2416	1619	n
7623878	2416	1622	n
7624129	2415	1622	n
7624380	2415	1623	n
7624637	2414	1622	n
7624888	2415	1622	n
7625139	2415	1621	n
7635523	2415	1622	n
7635777	2416	1622	n
7636028	2416	1619	n
7636279	2415	1622	n
7636534	2415	1620	n
7636789	2416	1622	n
7637040	2415	1623	n
7647425	2415	1621	n
7647681	2416	1622	n
7647932	2416	1622	n
7648183	2415	1622	n
7648434	2415	1620	n
7648691	2415	1620	n
7659070	2416	1621	n
7659321	2413	1620	n
7659574	2415	1619	n
7659829	2415	1619	n
7660080	2415	1620	n
7660331	2414	1621	n
7660586	2414	1621	n
7670971	2415	1623	n
7671222	2414	1621	n
7671473	2414	1621	n
7671732	2413	1620	n
7671983	2415	1621	n
7672234	2413	1622	n
7682619	2415	1621	n
7682870	2414	1622	n
7683121	2415	1619	n
7683372	2415	1621	n
7683628	2415	1622	n
7683879	2415	1622	n
7684130	2415	1623	n
7694520	2415	1623	n
7694773	2416	1623	n
7695024	2416	1623	n
7695275	2416	1622	n
7695530	2416	1622	n
7695785	2416	1623	n
7706162	2416	1621	n
7706412	2415	1623	n
7706668	2415	1621	n
7706919	2415	1622	n
7707170	2416	1623	n
7707421	2416	1623	n
7707676	2416	1621	n
7718063	2415	1623	n
7718314	2415	1622	n
7718569	2415	1623	n
7718824	2416	1621	n
7719075	2415	1621	n
7719326	2415	1622	n
7729708	2416	1621	n
7729958	2415	1623	n
7730209	2415	1622	n
7730460	2416	1623	n
7730716	2416	1621	n
7730967	2415	1620	n
7731217	2416	1622	n
7741610	2415	1621	n
7741866	2415	1622	n
7742117	2416	1623	n
7742368	2416	1622	n
7742627	2415	1621	n
7742878	2416	1622	n
7753255	2416	1622	n
7753511	2415	1621	n
7753767	2415	1622	n
7754018	2416	1621	n
7754269	2415	1622	n
7754522	2415	1621	n
7754777	2415	1621	n
7765156	2415	1622	n
7765407	2416	1622	n
7765663	2415	1621	n
7765914	2416	1623	n
7766165	2416	1621	n
7766416	2415	1623	n
7776801	2415	1622	n
7777051	2416	1622	n
7777302	2416	1623	n
7777556	2415	1621	n
7777811	2415	1622	n
7778062	2416	1623	n
7778313	2416	1623	n
7788707	2414	1620	n
7788958	2416	1621	n
7789209	2416	1621	n
7789459	2416	1619	n
7789715	2411	1621	n
7789966	2415	1621	n
7800347	2416	1620	n
7800603	2416	1620	n
7800858	2415	1621	n
7801109	2414	1621	n
7801360	2414	1621	n
7801620	2413	1621	n
7801871	2415	1619	n
7812248	2415	1621	n
7812502	2415	1622	n
7812758	2415	1621	n
7813009	2415	1621	n
7813260	2415	1623	n
7813514	2414	1621	n
7823893	2416	1622	n
7824144	2416	1623	n
7824395	2416	1621	n
7824655	2415	1623	n
7824906	2416	1623	n
7825157	2415	1623	n
7825408	2416	1621	n
7835795	2415	1621	n
7836046	2415	1621	n
7836297	2414	1621	n
7836554	2414	1621	n
7836809	2416	1621	n
7837060	2414	1622	n
7847440	2414	1621	n
7847697	2415	1621	n
7847948	2415	1621	n
7848199	2416	1622	n
7848450	2414	1622	n
7848705	2416	1621	n
7848956	2416	1622	n
7859341	2416	1623	n
7859596	2416	1623	n
7859851	2415	1623	n
7860102	2416	1622	n
7860353	2415	1623	n
7860606	2416	1623	n
7870986	2416	1621	n
7871236	2416	1623	n
7871493	2416	1621	n
7871748	2415	1622	n
7871999	2416	1623	n
7872250	2415	1622	n
7872503	2415	1622	n
7882887	2415	1621	n
7883138	2416	1622	n
7883389	2415	1622	n
7883647	2415	1622	n
7883898	2416	1623	n
7884149	2415	1623	n
7894532	2414	1622	n
7894787	2414	1621	n
7895038	2416	1620	n
7895289	2416	1622	n
7895545	2416	1621	n
7895800	2415	1619	n
7896051	2413	1619	n
7906433	2415	1623	n
7906690	2416	1624	n
7906941	2415	1621	n
7907192	2415	1620	n
7907443	2414	1622	n
7907699	2416	1622	n
7918078	2416	1621	n
7918329	2416	1621	n
7918585	2415	1622	n
7918841	2416	1621	n
7919091	2416	1622	n
7919342	2415	1623	n
7919599	2414	1621	n
7929980	2415	1622	n
7930231	2415	1622	n
7930485	2416	1621	n
7930741	2416	1619	n
7930992	2415	1622	n
7931243	2413	1622	n
7941629	2414	1622	n
7941880	2415	1621	n
7942131	2416	1621	n
7942382	2414	1622	n
7942643	2415	1622	n
7942894	2415	1619	n
7943145	2415	1620	n
7953530	2416	1623	n
7953785	2416	1622	n
7954036	2416	1622	n
7954287	2416	1621	n
7954540	2416	1622	n
7954795	2416	1623	n
7965171	2414	1621	n
7965421	2415	1623	n
7965677	2415	1621	n
7965928	2412	1621	n
7966179	2415	1623	n
7966430	2415	1621	n
7966690	2415	1620	n
7977072	2414	1623	n
7977323	2416	1622	n
7977579	2415	1621	n
7977834	2415	1621	n
7978085	2415	1621	n
7978336	2415	1623	n
7988717	2416	1622	n
7989192	2415	1622	n
7989452	2416	1623	n
7989730	2415	1622	n
7989981	2415	1622	n
7990232	2416	1622	n
7990497	2416	1621	n
8000929	2416	1622	n
8001405	2416	1621	n
8001660	2415	1622	n
8001920	2416	1623	n
8002193	2416	1622	n
8002444	2414	1623	n
8002700	2416	1623	n
8013073	2415	1623	Time:00:00:00:00;;
8013802	2414	1622	n
8014053	2415	1621	n
8014313	2415	1621	n
8014589	2414	1620	n
8014844	2415	1621	n
8025235	2416	1622	n
8025718	2415	1621	n
8026000	2414	1619	n
8026251	2415	1622	n
8026504	2415	1621	n
8026760	2413	1621	n
8037216	2416	1622	n
8037702	2416	1622	n
8037953	2416	1622	n
8038204	2416	1622	n
8038490	2416	1623	n
8038746	2416	1622	n
8038997	2416	1622	n
8049419	2416	1625	n
8049934	2416	1625	n
8050184	2416	1622	n
8050435	2414	1623	n
8050697	2415	1622	n
8050979	2415	1622	n
8051230	2415	1621	n
8061641	2415	1622	Time:00:00:00:00;;
8062343	2415	1622	n
8062624	2413	1621	n
8062875	2416	1622	n
8063126	2415	1621	n
8063408	2416	1621	n
8073793	2416	1623	n
8074270	2415	1619	n
8074523	2415	1621	n
8074786	2415	1622	n
8075060	2415	1621	n
8075311	2416	1623	n
8085697	2416	1623	n
8086182	2415	1623	n
8086455	2416	1622	n
8086711	2415	1623	n
8086962	2416	1621	n
8087222	2415	1622	n
8087501	2416	1623	n
8097908	2416	1622	n
8098385	2415	1620	n
8098652	2413	1622	n
8098925	2413	1622	n
8099176	2416	1621	n
8099427	2413	1618	n
8099693	2415	1621	n
8110113	2415	1623	n
8110599	2416	1622	n
8110854	2415	1622	n
8111114	2415	1622	n
8111387	2416	1621	n
8111647	2414	1621	n
8122060	2416	1621	n
8122539	2415	1623	n
8122825	2416	1623	n
8123076	2416	1621	n
8123327	2416	1623	n
8123582	2416	1623	n
8123866	2415	1621	n
8134272	2415	1621	n
8134756	2414	1621	n
8135007	2415	1620	n
8135289	2416	1623	n
8135545	2414	1621	n
8135800	2416	1622	n
8136051	2416	1621	n
8146489	2416	1621	n
8146980	2415	1622	n
8147231	2416	1619	n
8147485	2415	1620	n
8147772	2415	1622	n
8148023	2414	1621	n
8148274	2414	1622	n
8158667	2415	1622	n
8159158	2415	1621	n
8159432	2415	1621	n
8159690	2416	1620	n
8159941	2415	1623	n
8160223	2415	1621	n
8170583	2415	1623	n
8171066	2415	1623	n
8171317	2416	1622	n
8171580	2416	1621	n
8171864	2416	1621	n
8172115	2416	1623	n
8172365	2416	1622	n
8182778	2416	1622	n
8183285	2415	1623	n
8183538	2415	1621	n
8183794	2416	1623	n
8184053	2416	1623	n
8184328	2416	1622	n
8184583	2416	1622	n
8194975	2414	1621	n
8195465	2416	1621	n
8195742	2415	1622	n
8195993	2415	1625	n
8196244	2416	1619	n
8196505	2416	1621	n
8206903	2415	1621	n
8207380	2416	1621	n
8207637	2415	1620	n
8207888	2415	1621	n
8208170	2415	1623	n
8208421	2416	1623	n
8208677	2415	1622	n
8219090	2415	1622	Time:00:00:00:00;;
8219654	2415	1622	n
8219905	2415	1621	n
8220156	2416	1621	n
8220407	2416	1619	n
8220662	2416	1623	n
8231027	2414	1623	n
8231278	2414	1621	n
8231534	2411	1622	n
8231790	2413	1620	n
8232040	2415	1623	n
8232291	2413	1622	n
8242692	2415	1620	n
8242943	2415	1621	n
8243194	2415	1621	n
8243445	2413	1623	n
8243701	2416	1621	n
8243952	2416	1621	n
8244203	2415	1622	n
8254575	2415	1623	n
8254830	2415	1622	n
8255081	2415	1621	n
8255332	2416	1621	n
8255589	2415	1622	n
8255844	2415	1623	n
8266234	2416	1622	n
8266489	2416	1621	n
8266745	2415	1621	n
8266996	2416	1623	n
8267246	2415	1623	n
8267503	2416	1623	n
8267758	2416	1622	n
8278120	2414	1622	n
8278371	2415	1622	n
8278628	2416	1621	n
8278879	2416	1622	n
8279130	2416	1621	n
8279381	2414	1621	n
8289781	2415	1621	n
8290032	2416	1622	n
8290283	2416	1622	n
8290537	2416	1619	n
8290792	2415	1622	n
8291043	2415	1623	n
8291294	2416	1622	n
8301670	2415	1621	n
8301921	2415	1622	n
8302172	2416	1621	n
8302423	2415	1623	n
8302678	2416	1621	n
8302929	2415	1623	n
8313327	2415	1621	n
8313581	2415	1621	n
8313837	2416	1621	n
8314088	2415	1622	n
8314339	2415	1623	n
8314592	2415	1619	n
8314847	2415	1621	n
8325212	2416	1622	n
8325463	2416	1621	n
8325718	2416	1621	n
8325969	2413	1621	n
8326220	2416	1621	n
8326471	2413	1621	n
8336873	2415	1621	n
8337124	2413	1619	n
8337375	2416	1621	n
8337631	2415	1623	n
8337882	2413	1619	n
8338133	2415	1620	n
8338384	2414	1622	n
8348762	2416	1622	n
8349013	2416	1622	n
8349264	2414	1622	n
8349520	2415	1623	n
8349775	2414	1619	n
8350026	2416	1621	n
8360419	2415	1623	n
8360674	2415	1623	n
8360925	2416	1622	n
8361176	2416	1623	n
8361427	2416	1622	n
8361684	2416	1623	n
8361935	2416	1622	n
8372305	2415	1620	n
8372558	2415	1622	n
8372813	2415	1622	n
8373064	2415	1621	n
8373314	2416	1621	n
8373569	2415	1625	n
8383966	2414	1621	n
8384217	2415	1621	n
8384468	2415	1622	n
8384723	2415	1621	n
8384974	2416	1621	n
8385225	2414	1621	n
8385477	2415	1621	n
8395851	2416	1621	n
8396102	2415	1623	n
8396353	2416	1623	n
8396606	2416	1623	n
8396861	2416	1623	n
8397112	2416	1621	n
8407518	2415	1621	n
8407772	2414	1619	n
8408023	2414	1621	n
8408274	2416	1621	n
8408531	2415	1619	n
8408785	2415	1621	n
8409036	2416	1622	n
8419397	2415	1621	n
8419656	2415	1622	n
8419907	2415	1621	n
8420158	2415	1622	n
8420409	2415	1621	n
8420664	2415	1623	n
8431058	2416	1623	n
8431309	2414	1623	n
8431565	2415	1621	n
8431820	2415	1620	n
8432071	2415	1623	n
8432322	2416	1621	n
8432575	2414	1623	n
8442943	2415	1621	n
8443194	2416	1623	n
8443445	2415	1623	n
8443701	2416	1622	n
8443952	2416	1622	n
8444203	2416	1622	n
8454604	2413	1620	n
8454859	2415	1622	n
8455110	2414	1621	n
8455361	2415	1621	n
8455620	2415	1621	n
8455871	2411	1621	n
8456122	2414	1621	n
8466493	2415	1622	n
8466748	2415	1621	n
8466999	2415	1621	n
8467250	2416	1623	n
8467503	2415	1621	n
8467758	2415	1621	n
8478151	2414	1622	n
8478402	2416	1620	n
8478658	2416	1621	n
8478909	2415	1622	n
8479160	2416	1623	n
8479411	2415	1621	n
8479666	2415	1622	n
8490036	2416	1623	n
8490287	2416	1622	n
8490540	2416	1623	n
8490795	2416	1622	n
8491046	2415	1622	n
8491297	2415	1623	n
8501701	2415	1621	n
8501952	2415	1622	n
8502203	2415	1622	n
8502453	2415	1620	n
8502709	2416	1621	n
8502960	2415	1623	n
8503211	2415	1622	n
8513585	2416	1621	n
8513840	2415	1621	n
8514091	2415	1623	n
8514342	2415	1623	n
8514599	2416	1621	n
8514855	2416	1621	n
8525243	2416	1623	n
8525497	2416	1621	n
8525752	2414	1623	n
8526003	2416	1622	n
8526254	2416	1622	n
8526511	2415	1623	n
8526767	2415	1622	n
8537128	2415	1622	n
8537379	2415	1623	n
8537637	2415	1622	n
8537888	2416	1620	n
8538139	2416	1623	n
8538390	2415	1622	n
8548789	2415	1622	n
8549040	2416	1622	n
8549291	2416	1621	n
8549547	2416	1622	n
8549802	2414	1619	n
8550053	2415	1623	n
8550304	2414	1621	n
8560679	2414	1621	n
8560930	2415	1619	n
8561181	2416	1622	n
8561432	2414	1620	n
8561689	2415	1621	n
8561940	2415	1621	n
8572336	2416	1622	n
8572589	2416	1622	n
8572844	2416	1622	n
8573095	2416	1621	n
8573346	2416	1621	n
8573599	2416	1621	n
8573855	2416	1623	n
8584221	2416	1622	n
8584472	2415	1626	n
8584727	2415	1621	n
8584978	2413	1621	n
8585229	2416	1621	n
8585486	2415	1621	n
8595882	2416	1621	n
8596133	2415	1621	n
8596384	2416	1621	n
8596643	2415	1622	n
8596894	2414	1623	n
8597145	2416	1622	n
8597396	2415	1621	n
8607771	2415	1621	n
8608022	2416	1622	n
8608273	2415	1623	n
8608528	2415	1623	n
8608783	2415	1622	n
8609034	2416	1623	n
8619428	2416	1623	n
8619684	2416	1621	n
8619935	2415	1625	n
8620186	2416	1622	n
8620437	2415	1623	n
8620697	2415	1621	n
8620948	2416	1622	n
8631313	2414	1621	n
8631568	2416	1621	n
8631824	2415	1622	n
8632075	2416	1623	n
8632326	2416	1622	n
8632582	2413	1622	n
8642974	2416	1623	n
8643225	2415	1622	n
8643476	2413	1621	n
8643733	2415	1621	n
8643984	2415	1623	n
8644235	2415	1621	n
8644490	2415	1621	n
8654860	2416	1622	n
8655111	2416	1621	n
8655362	2416	1622	n
8655619	2414	1621	n
8655870	2416	1621	n
8656121	2415	1621	n
8666523	2415	1623	n
8666778	2415	1622	n
8667029	2416	1623	n
8667280	2415	1622	n
8667534	2416	1622	n
8667789	2416	1621	n
8668040	2415	1623	n
8678406	2414	1619	n
8678661	2414	1619	n
8678912	2415	1622	n
8679163	2415	1622	n
8679414	2416	1623	n
8679669	2416	1621	n
8690067	2415	1621	n
8690318	2415	1623	n
8690571	2414	1621	n
8690826	2416	1622	n
8691077	2414	1621	n
8691328	2415	1621	n
8691582	2415	1622	n
8701952	2416	1621	n
8702203	2416	1622	n
8702454	2415	1623	n
8702709	2416	1623	n
8702960	2416	1622	n
8703211	2415	1623	n
8713613	2416	1623	n
8713868	2415	1621	n
8714119	2415	1622	n
8714370	2416	1622	n
8714627	2416	1623	n
8714878	2415	1622	n
8715129	2416	1623	n
8725503	2415	1622	n
8725758	2416	1623	n
8726009	2413	1621	n
8726260	2415	1621	n
8726517	2416	1622	n
8726772	2414	1621	n
8737159	2415	1622	n
8737410	2414	1621	n
8737665	2415	1621	n
8737916	2414	1621	n
8738167	2414	1621	n
8738418	2414	1623	n
8738674	2415	1623	n
8749045	2416	1623	n
8749296	2415	1622	n
8749550	2415	1622	n
8749806	2415	1622	n
8750057	2415	1621	n
8750308	2416	1622	n
8760708	2415	1621	n
8760959	2415	1620	n
8761210	2414	1620	n
8761461	2416	1621	n
8761716	2415	1621	n
8761967	2415	1620	n
8762218	2415	1622	n
8772597	2415	1622	n
8772852	2415	1619	n
8773103	2415	1622	n
8773354	2415	1621	n
8773607	2415	1621	n
8773862	2414	1621	n
8784252	2414	1621	n
8784505	2415	1621	n
8784761	2415	1622	n
8785012	2416	1623	n
8785263	2416	1622	n
8785517	2416	1623	n
8785772	2415	1623	n
8796137	2416	1619	n
8796388	2415	1622	n
8796647	2414	1619	n
8796898	2415	1619	n
8797149	2415	1621	n
8797400	2414	1622	n
8807798	2415	1619	n
8808049	2415	1622	n
8808300	2416	1623	n
8808554	2414	1621	n
8808809	2415	1621	n
8809060	2415	1622	n
8809311	2414	1622	n
8819687	2416	1621	n
8819938	2415	1621	n
8820189	2415	1622	n
8820440	2415	1621	n
8820697	2415	1622	n
8820948	2416	1621	n
8831344	2415	1623	n
8831599	2416	1622	n
8831854	2416	1622	n
8832105	2416	1622	n
8832356	2415	1625	n
8832609	2415	1623	n
8832864	2415	1623	n
8843230	2416	1624	n
8843486	2416	1622	n
8843741	2416	1620	n
8843992	2414	1621	n
8844243	2415	1621	n
8844500	2416	1622	n
8854891	2414	1622	n
8855142	2415	1621	n
8855393	2415	1621	n
8855651	2415	1621	n
8855902	2415	1619	n
8856153	2415	1622	n
8856404	2415	1619	n
8866777	2414	1621	n
8867028	2416	1621	n
8867278	2416	1621	n
8867534	2414	1621	n
8867789	2415	1621	n
8868040	2414	1622	n
8878437	2414	1623	n
8878697	2415	1622	n
8878948	2415	1622	n
8879199	2415	1622	n
8879450	2415	1623	n
8879705	2416	1623	n
8879956	2416	1621	n
8890322	2416	1623	n
8890575	2415	1621	n
8890830	2415	1622	n
8891081	2415	1623	n
8891332	2415	1619	n
8891589	2415	1621	n
8901983	2415	1621	n
8902234	2414	1621	n
8902490	2416	1622	n
8902746	2415	1623	n
8902997	2415	1622	n
8903248	2416	1622	n
8903503	2415	1623	n
8913868	2415	1622	n
8914119	2416	1622	n
8914370	2415	1621	n
8914627	2415	1620	n
8914878	2415	1621	n
8915129	2415	1619	n
8925534	2416	1623	n
8925790	2416	1621	n
8926041	2416	1623	n
8926292	2416	1622	n
8926548	2416	1623	n
8926803	2416	1622	n
8927054	2414	1621	n
8937415	2416	1622	n
8937670	2415	1623	n
8937921	2413	1622	n
8938172	2416	1621	n
8938423	2410	1622	n
8938678	2416	1622	n
8949076	2414	1620	n
8949327	2415	1621	n
8949581	2415	1622	n
8949837	2415	1622	n
8950088	2415	1621	n
8950338	2413	1621	n
8950591	2414	1622	n
8960961	2416	1622	n
8961212	2415	1622	n
8961463	2416	1622	n
8961718	2415	1621	n
8961969	2416	1623	n
8962220	2416	1621	n
8972626	2415	1622	n
8972877	2415	1622	n
8973128	2415	1622	n
8973379	2416	1622	n
8973637	2416	1622	n
8973888	2415	1622	n
8974139	2416	1620	n
8984510	2416	1623	n
8984900	2415	1622	n
8985151	2416	1621	n
8985433	2414	1620	n
8985690	2415	1621	n
8985941	2416	1622	n
8996341	2416	1623	n
8996836	2415	1621	n
8997110	2415	1622	n
8997361	2416	1623	n
8997620	2416	1622	n
8997878	2416	1622	n
8998152	2416	1621	n
9008538	2416	1622	Time:00:00:00:00;;
9009241	2416	1623	n
9009520	2416	1622	n
9009775	2416	1622	n
9010026	2415	1621	n
9010286	2416	1622	n
9020708	2415	1622	n
9021185	2416	1623	n
9021437	2415	1622	n
9021706	2416	1622	n
9021979	2416	1621	n
9022230	2416	1625	n
9022486	2415	1623	n
9032893	2416	1622	n
9033400	2416	1621	n
9033656	2416	1620	n
9033907	2416	1623	n
9034166	2416	1622	n
9034440	2416	1623	n
9044813	2415	1622	n
9045290	2416	1622	n
9045545	2415	1622	n
9045829	2413	1623	n
9046080	2416	1623	n
9046331	2415	1623	n
9046585	2416	1622	n
9057008	2416	1623	n
9057499	2416	1623	n
9057755	2415	1622	n
9058006	2416	1622	n
9058265	2416	1623	n
9058545	2415	1622	n
9058800	2416	1622	n
9069205	2415	1621	Time:00:00:00:00;;
9069916	2416	1620	n
9070190	2416	1621	n
9070441	2413	1623	n
9070706	2414	1621	n
9070980	2411	1622	n
9081366	2416	1621	n
9081849	2415	1621	n
9082109	2416	1623	n
9082383	2416	1623	n
9082643	2416	1622	n
9082894	2416	1623	n
9093286	2415	1622	n
9093800	2416	1621	n
9094051	2416	1622	n
9094302	2416	1622	n
9094564	2416	1622	n
9094841	2416	1622	n
9095092	2416	1623	n
9105486	2416	1625	n
9105967	2416	1623	n
9106256	2416	1623	n
9106511	2416	1623	n
9106766	2416	1623	n
9107017	2416	1623	n
9107299	2416	1622	n
9117681	2415	1622	n
9118157	2416	1619	n
9118408	2415	1622	n
9118694	2415	1622	n
9118945	2415	1621	n
9119196	2415	1621	n
9129597	2416	1622	n
9130087	2416	1622	n
9130360	2416	1622	n
9130620	2416	1622	n
9130871	2416	1620	n
9131131	2416	1621	n
9131404	2416	1619	n
9141792	2416	1623	n
9142267	2416	1621	n
9142530	2416	1621	n
9142807	2416	1623	n
9143058	2416	1623	n
9143309	2416	1622	n
9143572	2416	1623	n
9153997	2416	1621	n
9154480	2416	1623	n
9154735	2416	1623	n
9154995	2415	1622	n
9155268	2416	1622	n
9155521	2416	1621	n
9165908	2415	1623	n
9166395	2416	1622	n
9166678	2415	1621	n
9166929	2415	1623	n
9167180	2416	1621	n
9167440	2414	1621	n
9167719	2415	1623	n
9178103	2415	1621	n
9178588	2416	1623	n
9178843	2416	1623	n
9179125	2415	1621	n
9179376	2415	1622	n
9179633	2415	1622	n
9179884	2416	1622	n
9190300	2416	1623	n
9190799	2416	1622	n
9191050	2416	1623	n
9191301	2416	1622	n
9191589	2415	1623	n
9191844	2415	1622	n
9202202	2411	1621	n
9202686	2416	1623	n
9202946	2415	1622	n
9203219	2416	1621	n
9203471	2416	1623	n
9203727	2415	1619	n
9203987	2416	1623	n
9214415	2416	1623	Time:00:00:00:00;;
9215065	2416	1622	n
9215316	2416	1622	n
9215572	2414	1621	n
9215826	2416	1623	n
9216077	2415	1621	n
9226493	2416	1623	n
9226748	2416	1622	n
9226999	2416	1622	n
9227250	2416	1622	n
9227503	2416	1622	n
9227758	2416	1623	n
9238152	2416	1621	n
9238403	2416	1622	n
9238659	2415	1623	n
9238909	2416	1621	n
9239160	2416	1625	n
9239411	2416	1622	n
9239667	2416	1622	n
9250036	2416	1623	n
9250287	2413	1623	n
9250540	2415	1622	n
9250795	2415	1622	n
9251046	2415	1623	n
9251297	2416	1621	n
9261698	2416	1623	n
9261949	2415	1621	n
9262200	2415	1621	n
9262450	2415	1621	n
9262706	2416	1623	n
9262957	2415	1623	n
9263208	2416	1622	n
9273585	2416	1622	n
9273841	2416	1623	n
9274092	2416	1623	n
9274342	2415	1622	n
9274599	2416	1625	n
9274854	2416	1623	n
9285244	2416	1621	n
9285501	2416	1623	n
9285755	2416	1623	n
9286006	2416	1622	n
9286257	2416	1622	n
9286514	2416	1623	n
9286769	2415	1622	n
9297128	2414	1623	n
9297379	2415	1622	n
9297637	2416	1622	n
9297888	2416	1621	n
9298139	2415	1623	n
9298390	2416	1623	n
9308790	2416	1621	n
9309041	2416	1622	n
9309291	2415	1623	n
9309547	2415	1623	n
9309803	2416	1620	n
9310054	2416	1623	n
9310305	2415	1622	n
9320679	2415	1623	n
9320930	2416	1622	n
9321181	2416	1621	n
9321432	2416	1622	n
9321689	2416	1622	n
9321940	2415	1623	n
9332337	2415	1621	n
9332590	2413	1622	n
9332845	2416	1621	n
9333096	2414	1619	n
9333347	2414	1622	n
9333604	2415	1619	n
9333859	2416	1622	n
9344221	2415	1624	n
9344472	2416	1623	n
9344733	2416	1621	n
9344984	2415	1624	n
9345235	2416	1622	n
9345490	2414	1623	n
9355883	2416	1622	n
9356134	2416	1622	n
9356385	2416	1623	n
9356642	2416	1622	n
9356893	2416	1623	n
9357144	2415	1621	n
9357395	2416	1623	n
9367767	2416	1623	n
9368018	2416	1623	n
9368269	2416	1624	n
9368523	2416	1622	n
9368778	2416	1624	n
9369029	2415	1622	n
9379429	2415	1619	n
9379690	2413	1623	n
9379940	2413	1622	n
9380191	2414	1621	n
9380443	2414	1621	n
9380699	2413	1618	n
9380950	2414	1622	n
9391313	2416	1622	n
9391568	2415	1622	n
9391824	2415	1619	n
9392075	2414	1621	n
9392326	2416	1621	n
9392582	2416	1622	n
9402975	2416	1623	n
9403226	2416	1625	n
9403477	2414	1623	n
9403733	2416	1622	n
9403984	2415	1621	n
9404235	2415	1622	n
9404490	2416	1623	n
9414860	2415	1622	n
9415111	2416	1623	n
9415362	2416	1621	n
9415620	2415	1622	n
9415871	2415	1622	n
9416122	2415	1623	n
9426525	2414	1622	n
9426780	2416	1622	n
9427031	2416	1623	n
9427282	2415	1622	n
9427537	2416	1622	n
9427792	2416	1622	n
9428043	2416	1622	n
9438406	2415	1621	n
9438662	2416	1621	n
9438913	2415	1621	n
9439164	2415	1622	n
9439415	2415	1622	n
9439670	2415	1621	n
9450068	2416	1623	n
9450319	2416	1622	n
9450572	2415	1622	n
9450827	2416	1622	n
9451078	2416	1623	n
9451329	2415	1621	n
9451586	2416	1623	n
9461952	2415	1622	n
9462203	2415	1621	n
9462454	2416	1623	n
9462710	2416	1621	n
9462961	2415	1623	n
9463212	2416	1622	n
9473614	2415	1622	n
9473868	2416	1623	n
9474119	2414	1621	n
9474370	2416	1621	n
9474627	2415	1621	n
9474878	2415	1621	n
9475129	2415	1621	n
9485502	2416	1622	n
9485758	2416	1621	n
9486009	2415	1622	n
9486260	2416	1621	n
9486514	2416	1623	n
9486769	2416	1621	n
9497160	2415	1623	n
9497411	2416	1622	n
9497666	2416	1623	n
9497917	2416	1623	n
9498168	2416	1623	n
9498419	2416	1623	n
9498675	2416	1623	n
9509045	2416	1623	n
9509296	2416	1622	n
9509551	2415	1622	n
9509806	2416	1623	n
9510057	2416	1622	n
9510308	2415	1622	n
9520707	2415	1621	n
9520958	2416	1622	n
9521209	2416	1622	n
9521460	2417	1625	n
9521715	2415	1622	n
9521966	2416	1621	n
9522217	2415	1622	n
9532594	2416	1621	n
9532849	2416	1622	n
9533100	2416	1622	n
9533351	2416	1621	n
9533606	2416	1621	n
9533861	2416	1623	n
9544253	2416	1622	n
9544506	2416	1623	n
9544761	2416	1623	n
9545012	2416	1623	n
9545263	2416	1621	n
9545520	2416	1622	n
9545776	2416	1623	n
9556137	2414	1621	n
9556388	2415	1620	n
9556647	2415	1622	n
9556898	2415	1620	n
9557149	2414	1620	n
9557400	2416	1619	n
9567799	2416	1622	n
9568050	2416	1623	n
9568301	2415	1622	n
9568554	2415	1622	n
9568809	2415	1621	n
9569060	2414	1621	n
9569311	2416	1621	n
9579688	2415	1622	n
9579939	2416	1622	n
9580190	2416	1621	n
9580441	2415	1621	n
9580697	2415	1623	n
9580948	2416	1623	n
9591345	2416	1623	n
9591599	2415	1623	n
9591854	2416	1623	n
9592105	2416	1621	n
9592356	2415	1622	n
9592609	2415	1621	n
9592864	2416	1623	n
9603230	2416	1622	n
9603485	2414	1622	n
9603741	2415	1622	n
9603992	2416	1622	n
9604243	2416	1622	n
9604500	2415	1621	n
9614892	2415	1621	n
9615143	2416	1622	n
9615394	2416	1623	n
9615652	2415	1621	n
9615903	2416	1621	n
9616153	2415	1623	n
9616404	2416	1621	n
9626776	2415	1623	n
9627027	2416	1621	n
9627278	2416	1622	n
9627534	2415	1623	n
9627789	2416	1622	n
9628040	2415	1621	n
9638438	2414	1622	n
9638697	2416	1621	n
9638948	2416	1623	n
9639199	2415	1621	n
9639450	2415	1622	n
9639705	2416	1621	n
9639955	2415	1622	n
9650322	2416	1623	n
9650575	2416	1622	n
9650830	2416	1621	n
9651081	2416	1624	n
9651332	2415	1623	n
9651589	2416	1621	n
9661984	2415	1621	n
9662235	2415	1621	n
9662490	2415	1622	n
9662745	2415	1622	n
9662996	2415	1622	n
9663247	2415	1621	n
9663503	2415	1622	n
9673868	2416	1623	n
9674119	2416	1623	n
9674370	2416	1623	n
9674627	2415	1622	n
9674878	2416	1622	n
9675129	2416	1623	n
9685533	2416	1621	n
9685789	2415	1622	n
9686040	2416	1623	n
9686291	2416	1623	n
9686548	2415	1622	n
9686803	2415	1622	n
9687054	2415	1621	n
9697415	2416	1625	n
9697671	2415	1621	n
9697922	2416	1622	n
9698173	2416	1621	n
9698424	2415	1622	n
9698680	2415	1619	n
9709077	2416	1621	n
9709328	2415	1622	n
9709582	2415	1622	n
9709837	2415	1622	n
9710088	2415	1621	n
9710339	2415	1621	n
9710592	2416	1623	n
9720961	2416	1623	n
9721212	2416	1621	n
9721463	2416	1622	n
9721718	2416	1622	n
9721969	2416	1621	n
9722220	2416	1624	n
9732627	2414	1619	n
9732878	2415	1621	n
9733129	2415	1619	n
9733380	2414	1621	n
9733637	2416	1620	n
9733888	2413	1621	n
9734139	2416	1623	n
9744513	2415	1622	n
9744769	2415	1622	n
9745020	2416	1622	n
9745271	2415	1621	n
9745523	2416	1621	n
9745778	2416	1622	n
9756169	2416	1621	n
9756420	2415	1622	n
9756675	2416	1623	n
9756926	2415	1621	n
9757177	2416	1622	n
9757428	2415	1621	n
9757684	2415	1622	n
9768053	2416	1622	n
9768304	2415	1623	n
9768557	2416	1622	n
9768812	2416	1623	n
9769063	2416	1622	n
9769314	2415	1621	n
9779715	2414	1619	n
9779966	2415	1620	n
9780217	2416	1622	n
9780468	2414	1621	n
9780724	2415	1621	n
9780974	2414	1622	n
9781225	2414	1621	n
9791602	2416	1622	n
9791857	2416	1623	n
9792108	2415	1622	n
9792359	2415	1622	n
9792614	2416	1623	n
9792869	2414	1622	n
9803262	2416	1621	n
9803517	2415	1622	n
9803772	2415	1623	n
9804023	2415	1622	n
9804274	2416	1623	n
9804531	2415	1621	n
9804785	2415	1623	n
9815146	2416	1623	n
9815397	2416	1621	n
9815655	2415	1623	n
9815906	2415	1623	n
9816157	2416	1623	n
9816408	2416	1622	n
9826808	2415	1621	n
9827059	2415	1623	n
9827310	2415	1623	n
9827564	2416	1622	n
9827820	2416	1622	n
9828071	2415	1622	n
9828322	2415	1622	n
9838697	2414	1622	n
9838948	2416	1622	n
9839199	2415	1621	n
9839450	2414	1619	n
9839704	2416	1621	n
9839955	2415	1623	n
9850354	2416	1621	n
9850607	2416	1622	n
9850862	2416	1622	n
9851113	2416	1622	n
9851364	2414	1621	n
9851625	2415	1622	n
9851876	2416	1622	n
9862238	2416	1622	n
9862492	2416	1622	n
9862748	2416	1621	n
9862999	2416	1622	n
9863250	2415	1621	n
9863503	2416	1622	n
9873900	2416	1622	n
9874151	2415	1621	n
9874401	2416	1620	n
9874658	2415	1622	n
9874909	2415	1622	n
9875160	2416	1620	n
9875411	2415	1622	n
9885785	2415	1623	n
9886036	2416	1620	n
9886287	2415	1623	n
9886540	2415	1622	n
9886795	2416	1622	n
9887046	2415	1621	n
9897447	2415	1623	n
9897702	2415	1623	n
9897953	2416	1623	n
9898204	2414	1622	n
9898455	2416	1621	n
9898710	2416	1621	n
9898961	2416	1623	n
9909331	2415	1621	n
9909585	2416	1620	n
9909841	2415	1618	n
9910092	2416	1623	n
9910342	2416	1618	n
9910599	2413	1621	n
9920993	2415	1621	n
9921244	2415	1620	n
9921500	2415	1621	n
9921755	2415	1621	n
9922006	2416	1621	n
9922257	2416	1623	n
9922514	2416	1622	n
9932877	2415	1623	n
9933128	2416	1622	n
9933379	2416	1622	n
9933637	2415	1622	n
9933888	2415	1623	n
9934139	2416	1622	n
9944539	2416	1621	n
9944794	2415	1623	n
9945045	2416	1622	n
9945296	2416	1623	n
9945551	2416	1621	n
9945806	2416	1621	n
9946057	2416	1621	n
9956423	2413	1623	n
9956679	2415	1622	n
9956930	2415	1621	n
9957181	2416	1622	n
9957432	2416	1621	n
9957689	2415	1622	n
9968085	2415	1623	n
9968336	2416	1622	n
9968588	2415	1621	n
9968844	2415	1621	n
9969095	2413	1622	n
9969345	2413	1621	n
9969599	2415	1625	n
9979979	2416	1622	n
9980275	2415	1623	n
9980531	2416	1620	n
9980786	2416	1621	n
9981045	2416	1621	n
9981319	2416	1623	n
9991701	2416	1621	n
9992177	2416	1623	n
9992428	2415	1623	n
9992719	2415	1623	n
9992970	2416	1619	n
9993221	2412	1619	n
9993482	2415	1623	n
10003921	2414	1621	Time:00:00:00:00;;
10004620	2415	1623	n
10004871	2416	1623	n
10005153	2416	1621	n
10005404	2415	1621	n
10005660	2414	1623	n
10016057	2416	1622	n
10016547	2414	1619	n
10016825	2415	1621	n
10017077	2415	1621	n
10017328	2415	1623	n
10017620	2415	1621	n
10028011	2415	1622	n
10028493	2415	1621	n
10028749	2415	1622	n
10029008	2415	1621	n
10029282	2416	1622	n
10029537	2415	1621	n
10039932	2416	1623	n
10040417	2416	1623	n
10040696	2415	1622	n
10040947	2414	1623	n
10041198	2414	1622	n
10041458	2415	1622	n
10041736	2415	1620	n
10052110	2415	1621	n
10052591	2415	1622	n
10052855	2415	1622	n
10053129	2414	1621	n
10053380	2415	1623	n
10053637	2415	1623	n
10064063	2415	1622	Time:00:00:00:00;;
10064795	2415	1621	n
10065046	2415	1623	n
10065298	2416	1621	n
10065586	2416	1623	n
10065841	2415	1619	n
10076260	2415	1622	n
10076745	2416	1623	n
10077027	2416	1621	n
10077278	2416	1621	n
10077534	2416	1622	n
10077789	2417	1621	n
10088222	2415	1621	n
10088704	2416	1622	n
10088955	2415	1622	n
10089206	2416	1623	n
10089493	2416	1622	n
10089749	2413	1620	n
10100151	2415	1621	n
10100638	2416	1621	n
10100920	2416	1621	n
10101171	2415	1621	n
10101422	2416	1622	n
10101678	2416	1622	n
10101960	2416	1621	n
10112398	2416	1622	n
10112887	2416	1625	n
10113138	2416	1623	n
10113420	2416	1625	n
10113675	2416	1623	n
10113926	2415	1622	n
10124352	2416	1622	n
10124869	2416	1622	n
10125120	2416	1622	n
10125371	2416	1625	n
10125629	2416	1622	n
10125911	2416	1623	n
10136273	2415	1621	n
10136759	2415	1623	n
10137010	2415	1623	n
10137270	2415	1622	n
10137547	2416	1623	n
10137803	2416	1621	n
10138054	2416	1623	n
10148451	2414	1622	n
10148963	2416	1622	n
10149214	2415	1622	n
10149465	2416	1620	n
10149729	2415	1622	n
10150003	2415	1621	n
10160405	2416	1620	n
10160892	2415	1623	n
10161152	2416	1622	n
10161426	2416	1623	n
10161683	2416	1623	n
10161934	2416	1622	n
10172325	2416	1625	n
10172848	2415	1623	n
10173099	2416	1622	n
10173350	2416	1622	n
10173615	2416	1626	n
10173893	2415	1622	n
10174144	2416	1621	n
10184505	2415	1621	n
10184988	2416	1623	n
10185270	2416	1623	n
10185523	2416	1622	n
10185778	2415	1622	n
10186029	2415	1622	n
10196457	2416	1623	n
10196952	2416	1622	n
10197203	2415	1621	n
10197454	2416	1622	n
10197740	2416	1624	n
10197991	2416	1622	n
10208378	2415	1623	n
10208862	2416	1622	n
10209122	2416	1622	n
10209396	2416	1621	n
10209657	2415	1623	n
10209908	2416	1621	n
10210168	2416	1622	n
10220558	2415	1622	Time:00:00:00:00;;
10221073	2415	1621	n
10221324	2416	1623	n
10221579	2415	1622	n
10221835	2415	1621	n
10232217	2416	1622	n
10232468	2415	1621	n
10232724	2413	1621	n
10232975	2415	1621	n
10233226	2415	1623	n
10233478	2415	1622	n
10243861	2416	1621	n
10244112	2416	1622	n
10244363	2416	1622	n
10244624	2415	1625	n
10244875	2415	1623	n
10245127	2415	1621	n
10255540	2416	1623	n
10255795	2416	1621	n
10256046	2416	1623	n
10256297	2415	1622	n
10256554	2416	1622	n
10256809	2415	1622	n
10257061	2416	1623	n
10267476	2415	1622	n
10267732	2416	1623	n
10267984	2415	1625	n
10268235	2415	1621	n
10268490	2415	1621	n
10268745	2415	1622	n
10279120	2415	1622	n
10279371	2415	1622	n
10279628	2416	1622	n
10279879	2414	1622	n
10280130	2415	1622	n
10280381	2415	1621	n
10290815	2416	1621	n
10291066	2415	1622	n
10291318	2416	1623	n
10291571	2416	1623	n
10291826	2416	1621	n
10292077	2416	1622	n
10302514	2415	1623	n
10302769	2416	1623	n
10303020	2416	1621	n
10303272	2415	1623	n
10303528	2416	1623	n
10303784	2416	1625	n
10314207	2415	1621	n
10314458	2417	1621	n
10314713	2415	1621	n
10314965	2415	1621	n
10315216	2415	1621	n
10315467	2415	1623	n
10315723	2415	1621	n
10326126	2416	1622	n
10326377	2415	1622	n
10326637	2416	1620	n
10326889	2416	1622	n
10327140	2415	1621	n
10327391	2416	1620	n
10337772	2416	1622	n
10338023	2415	1621	n
10338274	2415	1622	n
10338531	2415	1619	n
10338786	2415	1621	n
10339037	2416	1621	n
10349396	2415	1621	n
10349656	2416	1623	n
10349907	2415	1622	n
10350158	2415	1621	n
10350409	2415	1620	n
10350665	2415	1622	n
10361022	2416	1621	n
10361273	2416	1623	n
10361530	2415	1622	n
10361785	2414	1622	n
10362037	2415	1622	n
10362288	2416	1622	n
10372718	2415	1622	n
10372969	2416	1623	n
10373220	2415	1621	n
10373471	2415	1623	n
10373728	2415	1622	n
10373979	2414	1622	n
10384345	2416	1619	n
10384599	2416	1623	n
10384854	2416	1622	n
10385106	2415	1622	n
10385357	2414	1623	n
10385614	2416	1623	n
10385869	2415	1623	n
10396247	2415	1621	n
10396503	2416	1622	n
10396758	2416	1621	n
10397009	2416	1625	n
10397260	2416	1623	n
10397517	2414	1621	n
10407891	2415	1623	n
10408142	2415	1623	n
10408393	2416	1623	n
10408652	2416	1623	n
10408903	2415	1622	n
10409154	2416	1622	n
10419537	2416	1623	n
10419792	2415	1622	n
10420043	2416	1622	n
10420294	2416	1622	n
10420551	2415	1622	n
10420807	2415	1622	n
10431230	2415	1622	n
10431486	2416	1622	n
10431741	2416	1623	n
10431992	2416	1622	n
10432243	2415	1623	n
10432500	2416	1621	n
10442926	2415	1623	n
10443177	2414	1622	n
10443428	2415	1620	n
10443684	2416	1621	n
10443936	2415	1622	n
10444187	2416	1622	n
10454552	2416	1622	n
10454807	2416	1621	n
10455058	2416	1621	n
10455310	2415	1621	n
10455564	2415	1622	n
10455820	2416	1623	n
10456071	2415	1621	n
10466455	2416	1622	n
10466711	2416	1621	n
10466962	2416	1623	n
10467213	2416	1623	n
10467464	2418	1621	n
10467720	2415	1621	n
10478098	2416	1623	n
10478349	2416	1622	n
10478606	2416	1622	n
10478861	2416	1623	n
10479112	2415	1621	n
10479364	2416	1623	n
10489746	2415	1621	n
10489997	2416	1623	n
10490249	2415	1622	n
10490502	2416	1621	n
10490758	2415	1623	n
10491009	2415	1622	n
10501437	2414	1622	n
10501698	2416	1622	n
10501949	2415	1620	n
10502200	2415	1622	n
10502451	2414	1623	n
10502706	2415	1623	n
10513133	2416	1625	n
10513384	2416	1623	n
10513642	2416	1621	n
10513894	2415	1623	n
10514145	2415	1621	n
10514396	2416	1621	n
10524760	2415	1621	n
10525011	2415	1623	n
10525262	2416	1623	n
10525517	2416	1623	n
10525772	2415	1623	n
10526023	2415	1621	n
10526275	2415	1622	n
10536667	2415	1621	n
10536918	2415	1622	n
10537169	2414	1622	n
10537420	2416	1625	n
10537676	2416	1621	n
10537927	2415	1623	n
10548306	2416	1622	n
10548562	2416	1623	n
10548817	2416	1621	n
10549068	2416	1622	n
10549319	2416	1622	n
10549572	2415	1622	n
10559950	2416	1622	n
10560201	2416	1622	n
10560452	2416	1623	n
10560708	2415	1620	n
10560959	2415	1622	n
10561210	2416	1622	n
10571650	2415	1621	n
10571901	2411	1623	n
10572152	2415	1621	n
10572403	2415	1619	n
10572659	2416	1621	n
10572910	2415	1621	n
10583341	2416	1621	n
10583596	2416	1622	n
10583852	2416	1622	n
10584103	2416	1621	n
10584354	2415	1621	n
10584607	2415	1622	n
10595037	2416	1621	n
10595288	2416	1622	n
10595545	2415	1620	n
10595800	2413	1622	n
10596051	2415	1623	n
10596303	2416	1623	n
10596556	2415	1621	n
10606956	2416	1622	n
10607207	2416	1621	n
10607458	2416	1621	n
10607714	2414	1621	n
10607965	2416	1623	n
10608216	2416	1622	n
10618603	2414	1619	n
10618858	2415	1623	n
10619109	2414	1622	n
10619360	2415	1622	n
10619620	2414	1619	n
10619871	2414	1622	n
10630295	2415	1621	n
10630551	2416	1623	n
10630806	2415	1622	n
10631057	2415	1622	n
10631308	2416	1621	n
10631564	2416	1622	n
10641938	2416	1621	n
10642189	2416	1623	n
10642440	2415	1622	n
10642698	2416	1623	n
10642949	2416	1622	n
10643200	2415	1622	n
10653638	2416	1623	n
10653889	2415	1624	n
10654140	2416	1622	n
10654392	2416	1623	n
10654651	2416	1623	n
10654902	2416	1624	n
10665313	2416	1622	n
10665568	2416	1623	n
10665824	2416	1624	n
10666075	2416	1622	n
10666326	2415	1623	n
10666583	2415	1622	n
10666838	2416	1623	n
10677250	2416	1623	n
10677503	2416	1622	n
10677759	2415	1623	n
10678010	2416	1622	n
10678261	2415	1622	n
10678517	2416	1625	n
10688893	2416	1623	n
10689144	2416	1623	n
10689395	2416	1623	n
10689655	2415	1622	n
10689906	2416	1623	n
10690158	2416	1622	n
10700590	2416	1621	n
10700845	2416	1621	n
10701097	2416	1622	n
10701348	2416	1622	n
10701603	2416	1623	n
10701858	2416	1625	n
10712215	2415	1623	n
10712466	2416	1623	n
10712722	2416	1621	n
10712973	2415	1622	n
10713225	2416	1622	n
10713476	2416	1623	n
10723842	2416	1623	n
10724093	2416	1623	n
10724344	2416	1623	n
10724600	2415	1622	n
10724855	2416	1621	n
10725106	2415	1621	n
10735521	2416	1622	n
10735776	2416	1621	n
10736027	2416	1622	n
10736279	2416	1623	n
10736534	2416	1623	n
10736789	2416	1625	n
10737040	2416	1625	n
10747457	2417	1623	n
10747712	2416	1622	n
10747963	2415	1620	n
10748215	2416	1622	n
10748466	2416	1619	n
10748721	2415	1621	n
10759101	2416	1623	n
10759352	2415	1621	n
10759606	2415	1619	n
10759861	2416	1621	n
10760112	2415	1622	n
10760364	2416	1623	n
10770796	2416	1622	n
10771048	2416	1623	n
10771299	2416	1623	n
10771553	2415	1622	n
10771809	2415	1623	n
10772060	2416	1622	n
10782423	2416	1623	n
10782679	2416	1622	n
10782930	2416	1622	n
10783181	2416	1623	n
10783432	2416	1622	n
10783689	2416	1622	n
10794049	2416	1621	n
10794300	2415	1623	n
10794554	2415	1622	n
10794809	2416	1621	n
10795060	2414	1621	n
10795311	2415	1621	n
10805728	2416	1623	n
10805979	2416	1622	n
10806230	2416	1622	n
10806485	2416	1623	n
10806741	2416	1623	n
10806992	2415	1624	n
10807243	2415	1621	n
10817669	2416	1623	n
10817920	2416	1622	n
10818171	2416	1624	n
10818423	2416	1623	n
10818678	2416	1623	n
10818929	2416	1623	n
10829308	2416	1623	n
10829564	2416	1623	n
10829820	2416	1626	n
10830071	2416	1621	n
10830322	2416	1623	n
10830575	2416	1623	n
10841003	2416	1622	n
10841254	2416	1623	n
10841511	2416	1620	n
10841766	2416	1621	n
10842017	2416	1623	n
10842268	2415	1623	n
10852635	2415	1621	n
10852886	2416	1623	n
10853137	2415	1621	n
10853388	2415	1622	n
10853647	2415	1622	n
10853898	2415	1622	n
10864257	2415	1622	n
10864513	2416	1622	n
10864769	2415	1623	n
10865020	2416	1623	n
10865271	2415	1622	n
10865528	2416	1622	n
10875936	2416	1623	n
10876187	2415	1623	n
10876438	2415	1621	n
10876697	2416	1622	n
10876948	2416	1623	n
10877199	2415	1625	n
10877451	2415	1622	n
10887872	2415	1623	n
10888123	2416	1624	n
10888374	2416	1622	n
10888631	2416	1625	n
10888882	2416	1621	n
10889134	2415	1622	n
10899520	2416	1622	n
10899773	2416	1621	n
10900024	2415	1621	n
10900276	2415	1623	n
10900530	2415	1622	n
10900785	2416	1621	n
10911211	2416	1625	n
10911462	2416	1622	n
10911718	2416	1621	n
10911969	2416	1621	n
10912220	2415	1623	n
10912472	2415	1622	n
10922838	2416	1625	n
10923089	2416	1625	n
10923340	2416	1622	n
10923596	2416	1622	n
10923852	2416	1622	n
10924103	2416	1622	n
10934464	2417	1624	n
10934719	2416	1621	n
10934970	2416	1622	n
10935221	2416	1623	n
10935473	2416	1625	n
10935733	2416	1622	n
10946143	2416	1622	n
10946394	2416	1623	n
10946652	2416	1623	n
10946903	2416	1621	n
10947155	2416	1621	n
10947406	2415	1622	n
10947662	2416	1621	n
10958080	2416	1623	n
10958331	2416	1622	n
10958585	2416	1623	n
10958841	2416	1624	n
10959092	2416	1623	n
10959343	2416	1623	n
10969727	2415	1622	n
10969978	2414	1620	n
10970230	2416	1622	n
10970486	2415	1622	n
10970741	2415	1622	n
10970992	2415	1621	n
10981418	2416	1625	n
10981741	2415	1622	n
10981992	2416	1622	n
10982274	2416	1623	n
10982531	2416	1622	n
10982786	2415	1623	n
10993201	2416	1621	n
10993718	2416	1623	n
10993970	2416	1623	n
10994221	2415	1622	n
10994472	2416	1622	n
10994764	2416	1621	n
10995016	2414	1622	n
11005431	2416	1622	Time:00:00:00:00;;
11006138	2415	1623	n
11006411	2416	1621	n
11006667	2416	1622	n
11006918	2415	1622	n
11017351	2414	1622	n
11017868	2415	1621	n
11018119	2414	1623	n
11018370	2415	1621	n
11018636	2416	1622	n
11018909	2415	1622	n
11029288	2416	1622	n
11029770	2415	1621	n
11030030	2415	1622	n
11030303	2416	1620	n
11030557	2415	1621	n
11030812	2416	1622	n
11031072	2416	1621	n
11041497	2416	1623	n
11041979	2416	1623	n
11042230	2415	1622	n
11042493	2416	1623	n
11042771	2416	1623	n
11043022	2416	1624	n
11053403	2416	1621	n
11053895	2416	1623	n
11054169	2416	1625	n
11054420	2416	1623	n
11054676	2416	1623	n
11054927	2416	1620	n
11065348	2414	1623	Time:00:00:00:00;;
11066050	2414	1622	n
11066301	2415	1621	n
11066589	2415	1621	n
11066844	2416	1622	n
11067095	2416	1622	n
11077503	2416	1622	n
11077993	2416	1621	n
11078267	2416	1622	n
11078520	2415	1621	n
11078775	2415	1622	n
11079034	2416	1622	n
11089422	2416	1626	n
11089902	2416	1623	n
11090153	2416	1623	n
11090413	2415	1622	n
11090692	2415	1623	n
11090943	2416	1623	n
11091194	2416	1621	n
11101603	2416	1621	n
11102115	2415	1621	n
11102366	2414	1621	n
11102628	2414	1622	n
11102888	2413	1622	n
11103161	2415	1620	n
11113555	2415	1621	n
11114041	2416	1623	n
11114301	2417	1623	n
11114580	2415	1622	n
11114835	2416	1623	n
11115086	2416	1622	n
11125474	2415	1621	n
11125990	2416	1622	n
11126241	2415	1622	n
11126496	2415	1623	n
11126752	2415	1623	n
11127034	2416	1621	n
11127285	2415	1622	n
11137656	2416	1621	n
11138132	2416	1623	n
11138414	2416	1625	n
11138669	2416	1622	n
11138921	2416	1621	n
11139172	2416	1622	n
11149606	2415	1622	n
11150097	2416	1622	n
11150348	2413	1623	n
11150603	2416	1622	n
11150867	2415	1621	n
11151140	2415	1621	n
11161531	2416	1623	n
11162019	2416	1621	n
11162279	2416	1622	n
11162554	2415	1622	n
11162810	2415	1622	n
11163061	2415	1621	n
11163321	2416	1622	n
11173716	2416	1622	n
11174199	2415	1623	n
11174450	2415	1624	n
11174715	2416	1623	n
11174988	2416	1623	n
11175239	2416	1621	n
11185663	2416	1622	n
11186150	2415	1619	n
11186423	2415	1622	n
11186680	2416	1622	n
11186931	2413	1622	n
11187191	2415	1621	n
11197588	2416	1622	n
11198073	2415	1621	n
11198324	2416	1621	n
11198579	2415	1619	n
11198865	2416	1621	n
11199116	2415	1619	n
11199367	2415	1622	n
11209761	2415	1623	n
11210269	2415	1622	n
11210523	2415	1621	n
11210778	2415	1622	n
11211029	2415	1623	Time:00:00:00:00;;
11221664	2415	1622	n
11221938	2416	1622	n
11222189	2416	1621	n
11222440	2415	1623	n
11222697	2416	1621	n
11222949	2415	1622	n
11233356	2415	1621	n
11233609	2416	1621	n
11233864	2414	1622	n
11234115	2413	1623	n
11234366	2415	1622	n
11234628	2415	1619	n
11234879	2415	1623	n
11245292	2416	1622	n
11245547	2416	1622	n
11245803	2415	1623	n
11246054	2416	1623	n
11246305	2416	1622	n
11246562	2416	1622	n
11256936	2416	1623	n
11257187	2415	1622	n
11257438	2415	1622	n
11257697	2415	1621	n
11257948	2415	1622	n
11258199	2416	1622	n
11268635	2416	1622	n
11268886	2416	1623	n
11269137	2416	1623	n
11269389	2416	1622	n
11269647	2415	1623	n
11269898	2416	1623	n
11280327	2415	1622	n
11280581	2416	1623	n
11280837	2416	1623	n
11281088	2415	1622	n
11281339	2416	1619	n
11281592	2416	1622	n
11291954	2415	1623	n
11292205	2416	1622	n
11292456	2416	1622	n
11292712	2416	1621	n
11292963	2416	1623	n
11293214	2416	1621	n
11293465	2416	1623	n
11303856	2416	1623	n
11304107	2416	1623	n
11304358	2416	1622	n
11304614	2416	1623	n
11304869	2415	1623	n
11305120	2416	1623	n
11315502	2415	1621	n
11315758	2415	1623	n
11316009	2416	1621	n
11316260	2414	1622	n
11316517	2416	1623	n
11316773	2415	1623	n
11327143	2416	1622	n
11327394	2416	1622	n
11327652	2416	1622	n
11327903	2416	1622	n
11328154	2415	1620	n
11328405	2416	1621	n
11338838	2416	1619	n
11339089	2416	1622	n
11339341	2415	1623	n
11339596	2416	1623	n
11339852	2415	1621	n
11340103	2416	1621	n
11350537	2416	1623	n
11350792	2416	1623	n
11351043	2416	1622	n
11351294	2416	1623	n
11351552	2415	1623	n
11351807	2416	1622	n
11362230	2416	1623	n
11362485	2416	1623	n
11362741	2416	1622	n
11362992	2415	1622	n
11363243	2415	1621	n
11363500	2416	1623	n
11363755	2416	1622	n
11374150	2414	1622	n
11374401	2414	1621	n
11374657	2416	1621	n
11374909	2415	1622	n
11375160	2415	1621	n
11375411	2416	1622	n
11385793	2415	1622	n
11386044	2415	1621	n
11386295	2415	1621	n
11386551	2415	1621	n
11386806	2416	1622	n
11387057	2416	1622	n
11397420	2415	1625	n
11397675	2415	1621	n
11397927	2415	1621	n
11398178	2414	1622	n
11398429	2415	1621	n
11398689	2416	1619	n
11409046	2416	1625	n
11409297	2416	1621	n
11409554	2413	1622	n
11409809	2416	1623	n
11410060	2412	1619	n
11410312	2416	1621	n
11420742	2416	1623	n
11420993	2416	1622	n
11421244	2415	1622	n
11421499	2416	1623	n
11421755	2415	1623	n
11422006	2416	1622	n
11432369	2416	1621	n
11432627	2416	1622	n
11432878	2416	1622	n
11433129	2416	1622	n
11433380	2415	1622	n
11433637	2416	1622	n
11433888	2415	1621	n
11444271	2416	1623	n
11444528	2415	1623	n
11444784	2416	1622	n
11445035	2416	1621	n
11445286	2416	1622	n
11445540	2416	1623	n
11455915	2416	1621	n
11456166	2413	1623	n
11456417	2415	1623	n
11456672	2414	1622	n
11456924	2416	1622	n
11457175	2415	1623	n
11467562	2416	1622	n
11467817	2416	1622	n
11468068	2415	1622	n
11468319	2416	1621	n
11468573	2416	1623	n
11468828	2415	1622	n
11479253	2416	1623	n
11479506	2416	1623	n
11479762	2415	1622	n
11480013	2416	1622	n
11480264	2416	1621	n
11480520	2416	1622	n
11490949	2416	1622	n
11491200	2416	1623	n
11491451	2416	1623	n
11491706	2416	1622	n
11491958	2416	1622	n
11492209	2416	1623	n
11502576	2416	1623	n
11502831	2416	1621	n
11503082	2415	1621	n
11503333	2416	1623	n
11503588	2416	1623	n
11503844	2416	1622	n
11504095	2416	1622	n
11514480	2415	1623	n
11514735	2416	1623	n
11514986	2416	1621	n
11515237	2415	1622	n
11515493	2416	1623	n
11515748	2415	1623	n
11526122	2416	1622	n
11526373	2416	1623	n
11526630	2416	1623	n
11526881	2416	1622	n
11527132	2416	1623	n
11527383	2416	1622	n
11537769	2416	1623	n
11538021	2416	1621	n
11538272	2416	1623	n
11538528	2416	1621	n
11538784	2416	1622	n
11539035	2416	1624	n
11549461	2416	1622	n
11549717	2416	1622	n
11549968	2416	1623	n
11550219	2415	1621	n
11550470	2416	1622	n
11550727	2415	1623	n
11561157	2416	1621	n
11561408	2416	1623	n
11561664	2416	1623	n
11561915	2416	1622	n
11562166	2415	1623	n
11562417	2416	1623	n
11572784	2416	1623	n
11573035	2416	1623	n
11573286	2416	1622	n
11573540	2416	1623	n
11573795	2416	1622	n
11574046	2415	1623	n
11574297	2416	1623	n
11584690	2416	1623	n
11584941	2416	1623	n
11585193	2416	1622	n
11585444	2416	1626	n
11585700	2416	1621	n
11585951	2416	1623	n
11596330	2416	1623	n
11596585	2416	1623	n
11596840	2416	1623	n
11597091	2416	1626	n
11597342	2417	1623	n
11597599	2416	1623	n
11607973	2414	1621	n
11608224	2415	1622	n
11608475	2415	1621	n
11608733	2416	1623	n
11608984	2416	1621	n
11609235	2415	1623	n
11619672	2416	1622	n
11619923	2416	1622	n
11620174	2415	1624	n
11620426	2416	1622	n
11620682	2416	1625	n
11620933	2415	1623	n
11631364	2414	1621	n
11631625	2417	1621	n
11631876	2415	1623	n
11632127	2416	1623	n
11632378	2414	1622	n
11632637	2415	1622	n
11643060	2416	1622	n
11643311	2416	1623	n
11643565	2416	1622	n
11643820	2415	1623	n
11644071	2416	1623	n
11644322	2416	1621	n
11644580	2416	1622	n
11654980	2415	1622	n
11655231	2416	1623	n
11655485	2416	1623	n
11655741	2415	1623	n
11655992	2417	1621	n
11656243	2416	1623	n
11666629	2416	1623	n
11666880	2416	1623	n
11667131	2416	1622	n
11667382	2416	1621	n
11667643	2416	1622	n
11667894	2416	1622	n
11678318	2415	1621	n
11678571	2415	1623	n
11678827	2415	1623	n
11679078	2416	1621	n
11679329	2415	1621	n
11679586	2415	1622	n
11689962	2416	1622	n
11690213	2415	1619	n
11690464	2416	1622	n
11690720	2416	1621	n
11690971	2415	1623	n
11691222	2416	1622	n
11701662	2414	1621	n
11701913	2416	1622	n
11702165	2415	1622	n
11702416	2416	1625	n
11702671	2416	1623	n
11702923	2415	1621	n
11713337	2415	1622	n
11713590	2416	1619	n
11713845	2415	1622	n
11714096	2415	1622	n
11714347	2416	1622	n
11714603	2415	1622	n
11714858	2416	1625	n
11725273	2415	1621	n
11725528	2414	1622	n
11725784	2415	1623	n
11726035	2414	1619	n
11726286	2416	1623	n
11726540	2414	1622	n
11736917	2416	1622	n
11737168	2416	1621	n
11737419	2416	1626	n
11737675	2416	1623	n
11737926	2415	1619	n
11738177	2415	1621	n
11748612	2414	1622	n
11748868	2416	1623	n
11749119	2416	1622	n
11749370	2416	1622	n
11749627	2415	1622	n
11749879	2415	1622	n
11760239	2415	1621	n
11760493	2416	1622	n
11760749	2416	1623	n
11761000	2416	1622	n
11761251	2416	1622	n
11761504	2415	1622	n
11771952	2413	1622	n
11772203	2415	1621	n
11772454	2415	1619	n
11772710	2415	1622	n
11772961	2416	1619	n
11773212	2415	1622	n
11783635	2416	1623	n
11783886	2414	1623	n
11784137	2416	1623	n
11784389	2416	1621	n
11784647	2416	1619	n
11784898	2415	1622	n
11785149	2416	1621	n
11795571	2416	1622	n
11795827	2415	1622	n
11796078	2416	1620	n
11796329	2416	1621	n
11796586	2416	1622	n
11796841	2416	1622	n
11807211	2415	1623	n
11807462	2415	1623	n
11807718	2415	1622	n
11807969	2414	1620	n
11808220	2413	1618	n
11808471	2415	1619	n
11818906	2416	1623	n
11819157	2415	1623	n
11819408	2416	1621	n
11819664	2416	1621	n
11819915	2415	1622	n
11820166	2414	1621	n
11830602	2416	1622	n
11830857	2416	1623	n
11831108	2415	1625	n
11831359	2415	1621	n
11831614	2416	1623	n
11831870	2416	1620	n
11842229	2416	1622	n
11842486	2416	1623	n
11842741	2415	1622	n
11842992	2416	1622	n
11843244	2416	1621	n
11843500	2416	1623	n
11843755	2416	1623	n
11854131	2416	1622	n
11854382	2415	1623	n
11854643	2415	1622	n
11854894	2416	1621	n
11855145	2416	1623	n
11855396	2416	1619	n
11865777	2416	1622	n
11866028	2415	1621	n
11866279	2416	1623	n
11866534	2415	1622	n
11866789	2416	1623	n
11867040	2415	1620	n
11877418	2415	1624	n
11877673	2416	1621	n
11877924	2416	1622	n
11878175	2416	1622	n
11878426	2416	1622	n
11878683	2416	1622	n
11889113	2416	1622	n
11889364	2416	1621	n
11889624	2416	1622	n
11889875	2415	1623	n
11890126	2415	1623	n
11890378	2415	1622	n
11900809	2416	1621	n
11901060	2416	1623	n
11901311	2415	1622	n
11901565	2416	1622	n
11901820	2415	1623	n
11902071	2416	1622	n
11912436	2416	1622	n
11912697	2415	1621	n
11912948	2415	1619	n
11913199	2415	1621	n
11913450	2415	1622	n
11913706	2415	1621	n
11913957	2415	1622	n
11924338	2415	1621	n
11924591	2416	1622	n
11924847	2416	1623	n
11925098	2416	1622	n
11925349	2416	1622	n
11925606	2416	1623	n
11935982	2416	1623	n
11936233	2416	1621	n
11936490	2416	1623	n
11936746	2416	1623	n
11936997	2415	1625	n
11937248	2416	1623	n
11947633	2416	1621	n
11947884	2416	1621	n
11948135	2416	1622	n
11948386	2414	1622	n
11948647	2414	1622	n
11948898	2415	1621	n
11959321	2416	1621	n
11959574	2416	1622	n
11959830	2416	1621	n
11960081	2416	1623	n
11960332	2415	1622	n
11960589	2416	1625	n
11971017	2416	1623	n
11971268	2416	1622	n
11971521	2416	1623	n
11971776	2416	1622	n
11972028	2416	1622	n
11972279	2416	1623	n
11982648	2415	1622	n
11982989	2416	1623	n
11983271	2414	1622	n
11983523	2416	1621	n
11983778	2415	1621	n
11984030	2413	1621	n
11984312	2416	1621	n
11994722	2415	1623	n
11995200	2415	1621	n
11995451	2416	1625	n
11995715	2416	1622	n
11995989	2416	1622	n
11996240	2415	1621	n
12006677	2414	1623	Time:00:00:00:00;;
12007376	2415	1621	n
12007657	2416	1621	n
12007909	2415	1622	n
12008169	2416	1622	n
12008442	2415	1622	n
12018868	2416	1623	n
12019345	2416	1621	n
12019608	2416	1623	n
12019886	2416	1622	n
12020137	2416	1623	n
12020388	2416	1621	n
12030756	2415	1621	n
12031263	2415	1621	n
12031517	2416	1622	n
12031772	2416	1622	n
12032032	2415	1622	n
12032306	2414	1622	n
12042695	2416	1623	n
12043172	2416	1621	n
12043423	2416	1625	n
12043714	2416	1622	n
12043965	2416	1623	n
12044217	2416	1622	n
12044468	2415	1623	n
12054930	2416	1621	n
12055408	2416	1622	n
12055664	2416	1622	n
12055915	2416	1623	n
12056197	2416	1625	n
12056448	2416	1625	n
12066806	2417	1623	Time:00:00:00:00;;
12067511	2416	1623	n
12067789	2416	1626	n
12068040	2416	1624	n
12068291	2416	1624	n
12078692	2415	1619	n
12079200	2416	1622	n
12079451	2416	1625	n
12079707	2416	1625	n
12079967	2415	1620	n
12080240	2415	1621	n
12080497	2415	1622	n
12090887	2416	1623	n
12091372	2416	1623	n
12091654	2416	1625	n
12091905	2416	1623	n
12092156	2416	1625	n
12092416	2416	1625	n
12102833	2416	1621	n
12103310	2416	1623	n
12103564	2416	1621	n
12103820	2416	1624	n
12104102	2416	1625	n
12104353	2416	1622	n
12114745	2415	1623	n
12115227	2416	1623	n
12115513	2416	1622	n
12115769	2416	1621	n
12116020	2416	1623	n
12116271	2415	1619	n
12116555	2416	1621	n
12126940	2416	1623	n
12127417	2416	1626	n
12127672	2416	1622	n
12127932	2416	1623	n
12128206	2417	1622	n
12128457	2416	1623	n
12138876	2416	1623	n
12139361	2416	1625	n
12139643	2416	1625	n
12139894	2416	1623	n
12140145	2416	1621	n
12140405	2415	1622	n
12150797	2416	1625	n
12151274	2416	1621	n
12151531	2416	1623	n
12151794	2416	1622	n
12152068	2416	1623	n
12152319	2416	1623	n
12152572	2416	1621	n
12162992	2414	1622	n
12163510	2416	1622	n
12163766	2416	1621	n
12164017	2415	1620	n
12164277	2416	1619	n
12164554	2415	1621	n
12174929	2415	1621	n
12175412	2415	1623	n
12175677	2415	1623	n
12175950	2415	1621	n
12176201	2416	1621	n
12176453	2415	1621	n
12186850	2416	1621	n
12187359	2416	1625	n
12187620	2416	1622	n
12187871	2415	1622	n
12188123	2416	1623	n
12188405	2416	1619	n
12188661	2416	1621	n
12199045	2416	1622	n
12199531	2416	1623	n
12199815	2415	1622	n
12200066	2415	1623	n
12200317	2415	1622	n
12200571	2416	1623	n
12210981	2416	1623	Time:00:00:00:00;;
12211689	2416	1622	n
12211940	2413	1622	n
12212200	2416	1623	n
12212474	2415	1623	n
12212733	2416	1621	n
12223108	2416	1622	n
12223359	2416	1623	n
12223614	2415	1621	n
12223869	2416	1623	n
12224120	2416	1623	n
12224371	2416	1621	n
12234755	2416	1625	n
12235007	2415	1623	n
12235258	2416	1622	n
12235513	2416	1622	n
12235769	2416	1623	n
12236020	2416	1623	n
12246447	2415	1623	n
12246703	2416	1622	n
12246954	2416	1623	n
12247205	2415	1622	n
12247456	2416	1623	n
12247712	2416	1621	n
12258143	2415	1622	n
12258394	2415	1621	n
12258652	2416	1622	n
12258903	2415	1621	n
12259154	2416	1621	n
12259405	2415	1621	n
12269770	2413	1622	n
12270021	2415	1621	n
12270272	2415	1622	n
12270528	2416	1622	n
12270783	2415	1621	n
12271034	2416	1622	n
12271286	2416	1621	n
12281676	2415	1622	n
12281927	2415	1622	n
12282178	2416	1621	n
12282430	2415	1621	n
12282690	2416	1622	n
12282941	2414	1622	n
12293316	2414	1621	n
12293571	2415	1623	n
12293826	2415	1621	n
12294077	2415	1625	n
12294329	2414	1620	n
12294586	2416	1619	n
12304960	2416	1623	n
12305211	2415	1621	n
12305462	2416	1622	n
12305718	2416	1623	n
12305969	2416	1622	n
12306220	2414	1619	n
12316660	2416	1622	n
12316911	2416	1623	n
12317162	2415	1623	n
12317413	2416	1625	n
12317669	2415	1623	n
12317920	2416	1621	n
12328351	2416	1623	n
12328606	2416	1621	n
12328861	2415	1620	n
12329112	2416	1621	n
12329363	2416	1621	n
12329625	2416	1622	n
12340047	2415	1622	n
12340298	2413	1622	n
12340554	2416	1623	n
12340809	2415	1623	n
12341060	2416	1621	n
12341311	2415	1623	n
12341569	2416	1622	n
12351966	2415	1621	n
12352217	2415	1621	n
12352468	2416	1625	n
12352724	2416	1622	n
12352975	2416	1621	n
12353226	2416	1623	n
12363614	2416	1622	n
12363869	2415	1622	n
12364120	2416	1622	n
12364371	2416	1623	n
12364628	2416	1623	n
12364879	2416	1621	n
12375236	2416	1622	n
12375493	2415	1622	n
12375748	2415	1623	n
12375999	2415	1623	n
12376251	2415	1620	n
12376504	2415	1622	n
12386948	2416	1622	n
12387199	2415	1623	n
12387451	2413	1622	n
12387706	2416	1621	n
12387957	2416	1621	n
12388208	2416	1622	n
12398648	2416	1621	n
12398899	2416	1621	n
12399151	2416	1622	n
12399402	2416	1619	n
12399658	2415	1622	n
12399909	2414	1621	n
12410323	2416	1623	n
12410580	2416	1621	n
12410835	2416	1622	n
12411086	2416	1623	n
12411337	2416	1622	n
12411591	2416	1623	n
12411846	2416	1622	n
12422260	2416	1622	n
12422517	2416	1627	n
12422773	2416	1621	n
12423024	2416	1622	n
12423275	2416	1621	n
12423531	2416	1624	n
12433903	2413	1621	n
12434154	2414	1621	n
12434405	2415	1621	n
12434661	2415	1621	n
12434912	2415	1622	n
12435163	2415	1621	n
12445602	2416	1622	n
12445857	2414	1622	n
12446108	2415	1621	n
12446360	2415	1622	n
12446620	2415	1621	n
12446871	2415	1622	n
12457294	2416	1623	n
12457551	2416	1621	n
12457806	2416	1621	n
12458058	2416	1621	n
12458309	2415	1621	n
12458564	2416	1621	n
12468938	2415	1623	n
12469189	2416	1623	n
12469440	2414	1622	n
12469697	2416	1622	n
12469948	2416	1619	n
12470199	2415	1621	n
12480620	2415	1621	n
12480871	2414	1621	n
12481122	2415	1621	n
12481373	2414	1622	n
12481631	2415	1621	n
12481882	2415	1622	n
12482133	2416	1620	n
12492555	2415	1621	n
12492810	2416	1620	n
12493061	2415	1619	n
12493312	2416	1623	n
12493569	2415	1622	n
12493825	2416	1623	n
12504197	2416	1623	n
12504448	2415	1623	n
12504703	2416	1621	n
12504955	2416	1623	n
12505206	2416	1622	n
12505457	2416	1623	n
12515892	2413	1621	n
12516143	2415	1623	n
12516394	2416	1621	n
12516655	2416	1621	n
12516906	2414	1621	n
12517157	2415	1622	n
12527588	2415	1622	n
12527843	2415	1622	n
12528094	2416	1622	n
12528345	2416	1621	n
12528599	2415	1621	n
12528855	2416	1622	n
12539215	2415	1623	n
12539466	2416	1623	n
12539721	2416	1622	n
12539972	2415	1622	n
12540224	2415	1621	n
12540475	2416	1622	n
12540732	2416	1622	n
12551117	2416	1622	n
12551368	2416	1621	n
12551627	2415	1623	n
12551878	2416	1623	n
12552129	2416	1623	n
12552380	2416	1622	n
12562765	2416	1622	n
12563016	2415	1622	n
12563268	2415	1622	n
12563521	2416	1623	n
12563776	2415	1623	n
12564027	2416	1623	n
12574405	2415	1622	n
12574661	2416	1623	n
12574912	2416	1622	n
12575163	2416	1624	n
12575414	2416	1623	n
12575669	2416	1623	n
12586100	2416	1622	n
12586351	2416	1622	n
12586606	2416	1627	n
12586861	2416	1623	n
12587112	2416	1623	n
12587363	2416	1622	n
12597796	2416	1622	n
12598047	2416	1625	n
12598298	2416	1625	n
12598554	2416	1623	n
12598809	2416	1625	n
12599060	2415	1621	n
12609422	2414	1623	n
12609677	2416	1621	n
12609928	2415	1622	n
12610179	2416	1625	n
12610430	2416	1621	n
12610689	2415	1625	n
12610940	2417	1622	n
12621325	2416	1621	n
12621582	2415	1622	n
12621837	2416	1622	n
12622088	2416	1623	n
12622339	2416	1622	n
12622597	2416	1622	n
12632968	2416	1622	n
12633219	2415	1622	n
12633470	2415	1622	n
12633726	2415	1621	n
12633977	2415	1621	n
12634229	2414	1623	n
12644620	2416	1622	n
12644871	2415	1623	n
12645122	2416	1621	n
12645373	2417	1621	n
12645631	2416	1623	n
12645882	2414	1622	n
12656307	2416	1622	n
12656562	2416	1622	n
12656818	2416	1622	n
12657069	2416	1623	n
12657320	2416	1621	n
12657573	2414	1622	n
12668003	2416	1623	n
12668254	2415	1623	n
12668511	2415	1622	n
12668767	2415	1623	n
12669018	2416	1622	n
12669269	2415	1623	n
12679634	2416	1622	n
12679885	2416	1623	n
12680136	2416	1622	n
12680388	2415	1622	n
12680648	2416	1622	n
12680899	2415	1623	n
12681150	2416	1622	n
12691537	2416	1621	n
12691792	2411	1621	n
12692043	2415	1622	n
12692295	2415	1621	n
12692552	2414	1621	n
12692807	2414	1620	n
12703176	2415	1623	n
12703427	2416	1621	n
12703684	2416	1622	n
12703935	2416	1621	n
12704186	2415	1621	n
12704437	2415	1621	n
12714820	2414	1623	n
12715071	2415	1622	n
12715322	2416	1622	n
12715575	2415	1622	n
12715830	2415	1621	n
12716081	2415	1623	n
12726520	2416	1623	n
12726775	2416	1626	n
12727027	2416	1623	n
12727278	2416	1625	n
12727535	2415	1621	n
12727790	2416	1623	n
12738211	2416	1622	n
12738462	2416	1622	n
12738718	2416	1622	n
12738969	2416	1622	n
12739220	2415	1622	n
12739471	2415	1623	n
12749837	2415	1623	n
12750088	2414	1621	n
12750339	2416	1621	n
12750592	2416	1623	n
12750847	2416	1624	n
12751098	2416	1623	n
12751349	2416	1622	n
12761745	2415	1622	n
12761996	2415	1621	n
12762247	2415	1622	n
12762503	2416	1623	n
12762758	2416	1623	n
12763009	2415	1622	n
12773383	2415	1622	n
12773643	2416	1625	n
12773894	2416	1625	n
12774145	2416	1621	n
12774396	2415	1622	n
12774657	2416	1622	n
12785027	2415	1622	n
12785278	2415	1621	n
12785535	2416	1623	n
12785790	2416	1619	n
12786041	2415	1622	n
12786292	2416	1622	n
12796727	2415	1621	n
12796978	2415	1621	n
12797229	2416	1622	n
12797486	2416	1623	n
12797741	2415	1621	n
12797992	2416	1623	n
12808418	2415	1625	n
12808673	2416	1623	n
12808924	2416	1623	n
12809175	2416	1621	n
12809426	2416	1622	n
12809683	2416	1621	n
12820045	2416	1621	n
12820296	2416	1622	n
12820551	2415	1623	n
12820806	2416	1625	n
12821057	2416	1623	n
12821308	2416	1622	n
12821565	2416	1622	n
12831947	2416	1621	n
12832198	2416	1621	n
12832449	2414	1622	n
12832704	2416	1621	n
12832956	2415	1621	n
12833207	2415	1622	n
12843597	2415	1623	n
12843852	2416	1622	n
12844103	2415	1622	n
12844354	2416	1623	n
12844608	2415	1623	n
12844863	2416	1622	n
12855235	2416	1621	n
12855490	2416	1623	n
12855745	2416	1623	n
12855996	2416	1622	n
12856248	2416	1622	n
12856503	2416	1623	n
12866930	2416	1621	n
12867181	2416	1623	n
12867432	2416	1619	n
12867689	2414	1623	n
12867941	2414	1621	n
12868192	2413	1621	n
12878630	2416	1622	n
12878882	2416	1622	n
12879133	2415	1623	n
12879384	2416	1621	n
12879643	2416	1622	n
12879894	2415	1621	n
12890252	2414	1623	n
12890505	2415	1622	n
12890761	2415	1622	n
12891012	2414	1623	n
12891263	2416	1621	n
12891520	2416	1621	n
12891776	2415	1622	n
12902155	2416	1622	n
12902406	2416	1623	n
12902662	2416	1621	n
12902913	2416	1621	n
12903164	2415	1622	n
12903415	2415	1623	n
12913798	2416	1621	n
12914049	2415	1621	n
12914300	2415	1621	n
12914553	2416	1623	n
12914809	2415	1621	n
12915060	2416	1622	n
12925442	2413	1620	n
12925698	2415	1621	n
12925949	2416	1621	n
12926200	2416	1621	n
12926451	2413	1623	n
12926707	2416	1622	n
12937137	2416	1623	n
12937388	2416	1623	n
12937647	2416	1622	n
12937898	2415	1621	n
12938149	2416	1623	n
12938400	2416	1619	n
12948833	2415	1623	n
12949084	2416	1622	n
12949335	2416	1623	n
12949588	2416	1623	n
12949843	2416	1626	n
12950095	2415	1622	n
12960460	2416	1622	n
12960715	2414	1622	n
12960966	2415	1622	n
12961218	2415	1622	n
12961469	2416	1622	n
12961725	2416	1623	n
12961976	2416	1621	n
12972362	2416	1625	n
12972620	2416	1622	n
12972871	2416	1622	n
12973123	2414	1623	n
12973374	2415	1622	n
12973631	2415	1622	n
12984014	2416	1623	n
12984399	2416	1622	n
12984657	2416	1623	n
12984908	2416	1622	n
12985191	2416	1622	n
12985442	2415	1622	n
12995873	2416	1623	n
12996350	2416	1621	n
12996643	2416	1623	n
12996894	2416	1623	n
12997145	2416	1623	n
12997397	2416	1621	n
13007828	2416	1623	Time:00:00:00:00;;
13008531	2415	1623	n
13008786	2416	1623	n
13009045	2415	1621	n
13009319	2415	1622	n
13009572	2414	1622	n
13019955	2416	1622	n
13020441	2415	1620	n
13020719	2416	1619	n
13020971	2416	1621	n
13021222	2416	1622	n
13021486	2415	1621	n
13031892	2416	1623	n
13032367	2416	1623	n
13032627	2415	1621	n
13032887	2416	1623	n
13033161	2416	1624	n
13033412	2416	1622	n
13033668	2416	1622	n
13044036	2416	1623	n
13044551	2416	1623	n
13044806	2416	1623	n
13045057	2415	1619	n
13045308	2415	1621	n
13045597	2414	1622	n
13056008	2416	1621	n
13056490	2416	1622	n
13056745	2415	1622	n
13057027	2416	1622	n
13057278	2416	1622	n
13057534	2416	1623	n
13067944	2415	1622	Time:00:00:00:00;;
13068678	2416	1623	n
13068929	2416	1622	n
13069180	2416	1623	n
13069440	2416	1623	n
13069720	2416	1624	n
13080088	2416	1621	n
13080568	2416	1623	n
13080833	2416	1623	n
13081106	2416	1622	n
13081358	2416	1622	n
13081614	2416	1622	n
13092025	2415	1621	n
13092537	2415	1622	n
13092792	2416	1622	n
13093043	2416	1624	n
13093303	2416	1623	n
13093582	2415	1622	n
13103946	2415	1621	n
13104423	2416	1623	n
13104688	2415	1623	n
13104961	2416	1623	n
13105212	2416	1623	n
13105464	2416	1624	n
13105728	2415	1623	n
13116149	2416	1623	n
13116632	2416	1623	n
13116883	2416	1622	n
13117134	2416	1623	n
13117416	2416	1625	n
13117671	2416	1623	n
13128078	2416	1622	n
13128557	2416	1623	n
13128842	2416	1623	n
13129093	2416	1621	n
13129344	2415	1621	n
13129599	2416	1623	n
13139998	2416	1620	n
13140486	2415	1623	n
13140741	2415	1621	n
13140992	2416	1621	n
13141252	2416	1622	n
13141531	2416	1623	n
13141786	2415	1622	n
13152193	2415	1622	n
13152688	2416	1621	n
13152968	2415	1621	n
13153220	2415	1623	n
13153471	2415	1621	n
13153736	2415	1621	n
13164130	2415	1623	n
13164609	2416	1622	n
13164864	2416	1623	n
13165124	2416	1623	n
13165399	2416	1620	n
13165657	2415	1621	n
13176051	2415	1619	n
13176546	2415	1621	n
13176824	2415	1621	n
13177075	2414	1621	n
13177326	2415	1622	n
13177592	2415	1621	n
13177869	2416	1622	n
13188246	2415	1621	n
13188735	2415	1623	n
13188986	2416	1623	n
13189269	2415	1621	n
13189522	2416	1621	n
13189777	2415	1622	n
13200183	2416	1622	n
13200704	2416	1622	n
13200955	2415	1622	n
13201206	2416	1623	n
13201457	2416	1625	n
13201744	2416	1622	n
13212103	2413	1621	Time:00:00:00:00;;
13212802	2415	1622	n
13213053	2415	1622	n
13213305	2415	1621	n
13213557	2415	1619	n
13213813	2415	1622	n
13224177	2412	1621	n
13224428	2416	1621	n
13224685	2415	1621	n
13224936	2414	1621	n
13225187	2415	1620	n
13225438	2413	1621	n
13235804	2413	1622	n
13236055	2415	1621	n
13236306	2415	1619	n
13236562	2415	1619	n
13236817	2415	1620	n
13237068	2414	1621	n
13247431	2415	1621	n
13247689	2415	1622	n
13247941	2415	1622	n
13248192	2415	1622	n
13248443	2415	1622	n
13248699	2415	1621	n
13259110	2416	1620	n
13259361	2415	1621	n
13259620	2416	1621	n
13259871	2416	1621	n
13260122	2415	1621	n
13260374	2414	1619	n
13260631	2415	1622	n
13271046	2414	1620	n
13271297	2415	1621	n
13271554	2415	1621	n
13271809	2415	1622	n
13272061	2414	1620	n
13272312	2414	1622	n
13282694	2414	1622	n
13282945	2415	1619	n
13283196	2414	1621	n
13283448	2414	1621	n
13283703	2415	1621	n
13283955	2416	1622	n
13294385	2414	1620	n
13294643	2415	1622	n
13294894	2415	1621	n
13295145	2413	1622	n
13295396	2414	1619	n
13295657	2415	1622	n
13306081	2416	1620	n
13306332	2415	1619	n
13306589	2416	1622	n
13306844	2415	1621	n
13307095	2415	1622	n
13307346	2415	1622	n
13317724	2416	1619	n
13317975	2414	1623	n
13318226	2414	1621	n
13318478	2416	1622	n
13318734	2415	1621	n
13318985	2415	1621	n
13329403	2414	1619	n
13329659	2415	1621	n
13329910	2415	1619	n
13330161	2415	1623	n
13330412	2414	1622	n
13330668	2416	1621	n
13330919	2415	1622	n
13341340	2414	1622	n
13341597	2414	1622	n
13341852	2416	1622	n
13342103	2416	1622	n
13342354	2414	1621	n
13342608	2415	1622	n
13352983	2416	1623	n
13353234	2412	1620	n
13353490	2415	1621	n
13353745	2416	1623	n
13353996	2414	1622	n
13354247	2415	1622	n
13364683	2415	1621	n
13364934	2415	1620	n
13365185	2415	1622	n
13365436	2414	1622	n
13365697	2414	1622	n
13365948	2415	1621	n
13376374	2415	1621	n
13376631	2414	1620	n
13376882	2416	1623	n
13377133	2415	1621	n
13377384	2415	1621	n
13377643	2414	1623	n
13388001	2416	1622	n
13388252	2416	1621	n
13388505	2415	1621	n
13388761	2416	1621	n
13389012	2415	1622	n
13389264	2415	1623	n
13389520	2416	1621	n
13399903	2415	1619	n
13400154	2413	1620	n
13400405	2414	1618	n
13400661	2415	1621	n
13400912	2415	1620	n
13401163	2415	1622	n
13411551	2415	1621	n
13411806	2415	1622	n
13412057	2414	1621	n
13412308	2414	1619	n
13412565	2415	1621	n
13412820	2415	1621	n
13423191	2414	1622	n
13423442	2413	1622	n
13423698	2416	1621	n
13423949	2415	1621	n
13424200	2415	1621	n
13424452	2414	1622	n
13434886	2414	1621	n
13435137	2415	1621	n
13435388	2416	1621	n
13435647	2413	1623	n
13435898	2415	1620	n
13436149	2415	1621	n
13446582	2414	1621	n
13446837	2415	1621	n
13447088	2414	1621	n
13447339	2415	1622	n
13447597	2413	1621	n
13447852	2416	1621	n
13458278	2413	1622	n
13458534	2415	1622	n
13458790	2413	1621	n
13459041	2414	1620	n
13459292	2414	1622	n
13459547	2415	1621	n
13459802	2415	1619	n
13470197	2414	1622	n
13470448	2414	1622	n
13470703	2414	1622	n
13470955	2415	1622	n
13471206	2415	1619	n
13471457	2416	1620	n
13481841	2413	1622	n
13482092	2415	1621	n
13482343	2413	1619	n
13482599	2415	1622	n
13482854	2413	1620	n
13483105	2415	1622	n
13493468	2414	1621	n
13493724	2415	1621	n
13493975	2414	1622	n
13494226	2416	1619	n
13494478	2414	1621	n
13494735	2415	1621	n
13505093	2414	1621	n
13505344	2414	1619	n
13505599	2415	1619	n
13505854	2414	1621	n
13506105	2416	1623	n
13506356	2413	1621	n
13516789	2415	1621	n
13517040	2415	1621	n
13517291	2415	1621	n
13517547	2416	1619	n
13517803	2415	1621	n
13518054	2415	1621	n
13528416	2414	1623	n
13528671	2415	1621	n
13528922	2414	1622	n
13529173	2414	1621	n
13529425	2413	1618	n
13529681	2411	1619	n
13529932	2416	1621	n
13540318	2415	1619	n
13540571	2414	1621	n
13540826	2416	1622	n
13541078	2416	1621	n
13541329	2415	1620	n
13541586	2415	1619	n
13551962	2414	1619	n
13552213	2415	1621	n
13552464	2414	1622	n
13552720	2414	1619	n
13552971	2413	1620	n
13553222	2413	1621	n
13563608	2414	1620	n
13563863	2415	1621	n
13564114	2416	1621	n
13564365	2416	1622	n
13564624	2416	1621	n
13564876	2415	1621	n
13575301	2414	1620	n
13575554	2416	1621	n
13575810	2414	1620	n
13576061	2413	1620	n
13576312	2414	1621	n
13576569	2416	1619	n
13586997	2415	1621	n
13587248	2415	1621	n
13587502	2414	1623	n
13587758	2414	1621	n
13588009	2414	1621	n
13588260	2413	1623	n
13598628	2416	1621	n
13598879	2415	1621	n
13599131	2415	1622	n
13599382	2416	1621	n
13599643	2416	1621	n
13599894	2415	1620	n
13600145	2414	1622	n
13610531	2414	1621	n
13610786	2415	1622	n
13611037	2416	1622	n
13611289	2414	1623	n
13611546	2415	1622	n
13611801	2416	1619	n
13622170	2414	1621	n
13622421	2414	1622	n
13622677	2414	1621	n
13622928	2413	1620	n
13623179	2416	1619	n
13623430	2414	1619	n
13633813	2415	1622	n
13634064	2414	1621	n
13634315	2414	1621	n
13634572	2413	1621	n
13634827	2413	1621	n
13635078	2415	1619	n
13645513	2415	1622	n
13645768	2413	1621	n
13646020	2415	1621	n
13646271	2416	1620	n
13646528	2415	1621	n
13646784	2414	1621	n
13657204	2415	1621	n
13657455	2416	1623	n
13657710	2415	1619	n
13657962	2415	1622	n
13658213	2416	1622	n
13658464	2416	1621	n
13668831	2415	1621	n
13669082	2415	1622	n
13669333	2415	1621	n
13669588	2414	1619	n
13669843	2414	1619	n
13670095	2413	1619	n
13670346	2414	1621	n
13680737	2415	1619	n
13680989	2414	1619	n
13681240	2415	1621	n
13681497	2415	1622	n
13681753	2413	1621	n
13682004	2414	1621	n
13692377	2414	1622	n
13692638	2415	1622	n
13692889	2416	1623	n
13693140	2416	1621	n
13693391	2415	1623	n
13693651	2415	1621	n
13704021	2415	1621	n
13704272	2415	1621	n
13704528	2416	1621	n
13704783	2413	1620	n
13705034	2415	1622	n
13705285	2415	1621	n
13715721	2414	1622	n
13715972	2415	1622	n
13716223	2416	1622	n
13716474	2415	1622	n
13716732	2415	1620	n
13716983	2415	1621	n
13727412	2413	1621	n
13727667	2415	1621	n
13727918	2415	1620	n
13728169	2414	1619	n
13728421	2415	1623	n
13728676	2413	1622	n
13739039	2414	1622	n
13739290	2416	1621	n
13739545	2414	1622	n
13739800	2415	1621	n
13740051	2415	1621	n
13740303	2416	1623	n
13740556	2415	1623	n
13750941	2416	1622	n
13751192	2413	1621	n
13751443	2410	1619	n
13751699	2413	1621	n
13751951	2413	1619	n
13752202	2413	1620	n
13762588	2415	1621	n
13762843	2413	1619	n
13763095	2415	1622	n
13763346	2415	1619	n
13763600	2415	1619	n
13763855	2415	1622	n
13774228	2414	1623	n
13774480	2415	1622	n
13774736	2415	1621	n
13774987	2415	1622	n
13775238	2414	1619	n
13775493	2415	1621	n
13785923	2416	1621	n
13786174	2416	1621	n
13786425	2416	1622	n
13786682	2415	1620	n
13786933	2415	1622	n
13787184	2415	1621	n
13797623	2415	1622	n
13797874	2416	1619	n
13798126	2414	1621	n
13798377	2414	1619	n
13798638	2413	1620	n
13798889	2415	1622	n
13809246	2414	1622	n
13809503	2413	1620	n
13809758	2413	1620	n
13810009	2413	1621	n
13810260	2413	1621	n
13810518	2413	1622	n
13810772	2413	1619	n
13821148	2415	1622	n
13821399	2415	1620	n
13821657	2416	1621	n
13821908	2415	1619	n
13822159	2415	1622	n
13822410	2415	1622	n
13832792	2416	1622	n
13833043	2416	1622	n
13833294	2415	1622	n
13833551	2414	1622	n
13833806	2415	1621	n
13834057	2414	1622	n
13844436	2414	1621	n
13844697	2413	1621	n
13844948	2414	1621	n
13845199	2415	1622	n
13845450	2413	1621	n
13845706	2415	1620	n
13856131	2415	1619	n
13856382	2414	1622	n
13856643	2413	1623	n
13856894	2415	1622	n
13857145	2414	1621	n
13857396	2415	1620	n
13867827	2415	1621	n
13868078	2414	1622	n
13868329	2416	1621	n
13868586	2414	1621	n
13868841	2415	1622	n
13869092	2416	1622	n
13879454	2416	1623	n
13879709	2416	1622	n
13879960	2415	1622	n
13880212	2415	1623	n
13880463	2416	1621	n
13880718	2415	1621	n
13880969	2415	1621	n
13891356	2415	1621	n
13891609	2415	1623	n
13891864	2416	1622	n
13892115	2416	1621	n
13892367	2415	1621	n
13892628	2415	1623	n
13903000	2415	1621	n
13903251	2415	1621	n
13903504	2414	1619	n
13903760	2413	1621	n
13904011	2413	1619	n
13904262	2414	1621	n
13914647	2415	1623	n
13914898	2415	1622	n
13915149	2414	1621	n
13915400	2415	1619	n
13915657	2415	1623	n
13915908	2414	1621	n
13926338	2415	1621	n
13926591	2416	1621	n
13926847	2413	1622	n
13927098	2414	1622	n
13927349	2415	1622	n
13927606	2415	1621	n
13938034	2413	1621	n
13938285	2415	1621	n
13938538	2416	1619	n
13938793	2415	1621	n
13939044	2415	1625	n
13939295	2415	1621	n
13949665	2415	1622	n
13949916	2416	1622	n
13950168	2416	1621	n
13950419	2415	1623	n
13950674	2415	1621	n
13950926	2416	1621	n
13951177	2414	1622	n
13961569	2416	1622	n
13961825	2412	1621	n
13962076	2415	1622	n
13962327	2415	1619	n
13962582	2415	1621	n
13962837	2415	1623	n
13973207	2415	1619	n
13973458	2416	1621	n
13973714	2414	1621	n
13973965	2414	1621	n
13974216	2415	1622	n
13974467	2414	1621	n
13984851	2416	1622	n
13985245	2414	1621	n
13985521	2413	1621	n
13985777	2415	1621	n
13986028	2414	1620	n
13986287	2414	1623	n
13996712	2416	1622	n
13997189	2415	1622	n
13997440	2414	1622	n
13997706	2415	1623	n
13997980	2414	1623	n
13998231	2415	1621	n
14008626	2415	1621	Time:00:00:00:00;;
14009324	2415	1622	n
14009604	2414	1623	n
14009859	2415	1621	n
14010110	2416	1621	n
14010392	2415	1622	n
14020782	2415	1619	n
14021260	2415	1622	n
14021517	2415	1621	n
14021804	2414	1622	n
14022055	2416	1622	n
14022306	2415	1622	n
14032720	2415	1621	n
14033203	2415	1621	n
14033478	2415	1621	n
14033735	2415	1621	n
14033986	2414	1622	n
14034246	2414	1618	n
14034522	2415	1623	n
14044881	2416	1622	n
14045359	2416	1621	n
14045626	2416	1623	n
14045900	2415	1622	n
14046151	2416	1622	n
14046402	2416	1622	n
14056835	2413	1623	n
14057344	2415	1622	n
14057599	2414	1622	n
14057854	2416	1622	n
14058114	2415	1621	n
14058387	2415	1619	n
14068772	2415	1622	Time:00:00:00:00;;
14069464	2416	1622	n
14069751	2416	1621	n
14070002	2415	1621	n
14070253	2414	1619	n
14070506	2415	1622	n
14080898	2415	1623	n
14081384	2415	1623	n
14081642	2415	1621	n
14081894	2415	1619	n
14082176	2414	1619	n
14082427	2415	1619	n
14092853	2415	1621	n
14093328	2416	1622	n
14093591	2416	1621	n
14093868	2416	1622	n
14094119	2415	1621	n
14094370	2413	1621	n
14094638	2415	1621	n
14105083	2414	1618	n
14105565	2416	1621	n
14105820	2414	1619	n
14106080	2411	1621	n
14106361	2415	1622	n
14106620	2415	1623	n
14117037	2415	1622	n
14117528	2414	1620	n
14117806	2415	1620	n
14118057	2415	1622	n
14118308	2414	1620	n
14118571	2414	1622	n
14128992	2414	1622	n
14129469	2415	1622	n
14129724	2415	1622	n
14129984	2415	1619	n
14130258	2415	1623	n
14130513	2415	1621	n
14130769	2414	1622	n
14141136	2414	1622	n
14141651	2413	1621	n
14141902	2416	1621	n
14142153	2415	1623	n
14142413	2416	1622	n
14142691	2415	1621	n
14153090	2413	1622	n
14153579	2414	1622	n
14153843	2415	1621	n
14154117	2415	1619	n
14154368	2413	1620	n
14154627	2415	1622	n
14165044	2414	1619	n
14165555	2415	1623	n
14165811	2415	1620	n
14166062	2415	1622	n
14166322	2414	1622	n
14166599	2415	1623	n
14166854	2414	1621	n
14177275	2416	1621	n
14177774	2415	1622	n
14178047	2414	1623	n
14178298	2416	1621	n
14178554	2414	1619	n
14178818	2414	1622	n
14189237	2415	1621	n
14189724	2415	1622	n
14189976	2416	1622	n
14190227	2416	1622	n
14190520	2415	1622	n
14190776	2415	1621	n
14201166	2415	1620	n
14201651	2415	1619	n
14201933	2415	1623	n
14202184	2416	1619	n
14202435	2414	1621	n
14202692	2414	1622	n
14202974	2414	1621	n
14213413	2416	1621	Time:00:00:00:00;;
14214086	2415	1619	n
14214337	2416	1621	n
14214590	2415	1622	n
14214845	2416	1621	n
14225247	2416	1622	n
14225503	2416	1622	n
14225758	2416	1622	n
14226009	2416	1621	n
14226261	2416	1622	n
14226518	2416	1622	n
14236926	2414	1619	n
14237177	2415	1621	n
14237428	2412	1620	n
14237684	2415	1622	n
14237935	2412	1621	n
14238186	2415	1622	n
14238437	2413	1622	n
14248862	2415	1623	n
14249113	2415	1621	n
14249364	2415	1619	n
14249624	2415	1624	n
14249875	2415	1620	n
14250126	2415	1620	n
14260511	2416	1623	n
14260766	2415	1622	n
14261017	2416	1621	n
14261269	2415	1620	n
14261522	2415	1621	n
14261777	2414	1621	n
14272201	2415	1622	n
14272452	2413	1622	n
14272708	2416	1621	n
14272959	2416	1621	n
14273210	2414	1623	n
14273461	2415	1621	n
14283828	2415	1619	n
14284079	2414	1619	n
14284330	2413	1622	n
14284585	2413	1619	n
14284840	2414	1619	n
14285091	2414	1621	n
14295454	2415	1620	n
14295709	2415	1619	n
14295961	2415	1621	n
14296212	2415	1621	n
14296463	2416	1620	n
14296718	2414	1620	n
14307133	2414	1621	n
14307384	2414	1622	n
14307643	2415	1621	n
14307894	2415	1621	n
14308145	2415	1620	n
14308396	2414	1621	n
14308657	2413	1620	n
14319070	2415	1619	n
14319321	2414	1621	n
14319574	2415	1621	n
14319830	2415	1621	n
14320081	2416	1622	n
14320332	2416	1621	n
14330717	2413	1621	n
14330968	2414	1620	n
14331220	2415	1619	n
14331471	2415	1621	n
14331727	2415	1621	n
14331978	2414	1621	n
14342408	2415	1619	n
14342664	2415	1622	n
14342915	2416	1621	n
14343166	2416	1621	n
14343418	2414	1622	n
14343673	2415	1619	n
14354035	2415	1623	n
14354286	2416	1622	n
14354540	2416	1621	n
14354795	2415	1622	n
14355046	2416	1621	n
14355297	2416	1621	n
14365666	2414	1622	n
14365917	2416	1622	n
14366169	2415	1620	n
14366420	2415	1623	n
14366675	2414	1621	n
14366927	2415	1622	n
14377341	2416	1619	n
14377596	2415	1622	n
14377852	2415	1620	n
14378103	2416	1621	n
14378354	2415	1621	n
14378607	2416	1620	n
14378862	2411	1621	n
14389277	2414	1622	n
14389534	2414	1621	n
14389789	2415	1622	n
14390040	2415	1622	n
14390291	2415	1621	n
14390548	2415	1622	n
14400921	2415	1621	n
14401172	2416	1621	n
14401423	2415	1623	n
14401679	2416	1621	n
14401930	2415	1622	n
14402182	2415	1622	n
14412619	2414	1621	n
14412870	2415	1621	n
14413121	2415	1618	n
14413372	2415	1619	n
14413630	2413	1621	n
14413881	2415	1619	n
14424243	2415	1621	n
14424500	2415	1621	n
14424755	2414	1622	n
14425006	2416	1620	n
14425257	2415	1618	n
14425513	2416	1620	n
14435956	2415	1619	n
14436207	2414	1622	n
14436458	2415	1622	n
14436713	2415	1621	n
14436965	2415	1621	n
14437216	2414	1621	n
14447639	2416	1622	n
14447890	2414	1621	n
14448141	2414	1621	n
14448392	2416	1622	n
14448651	2416	1623	n
14448902	2415	1620	n
14449153	2416	1621	n
14459573	2414	1621	n
14459829	2413	1619	n
14460080	2414	1618	n
14460331	2414	1619	n
14460586	2416	1619	n
14460841	2412	1621	n
14471215	2414	1619	n
14471466	2415	1619	n
14471721	2415	1622	n
14471972	2415	1620	n
14472223	2414	1622	n
14472475	2413	1619	n
14482910	2414	1621	n
14483161	2414	1623	n
14483413	2415	1621	n
14483668	2416	1621	n
14483919	2415	1621	n
14484171	2415	1621	n
14494606	2415	1621	n
14494861	2416	1621	n
14495112	2413	1622	n
14495363	2414	1623	n
14495625	2416	1622	n
14495876	2415	1622	n
14506302	2415	1622	n
14506555	2414	1621	n
14506810	2415	1620	n
14507061	2414	1622	n
14507312	2413	1621	n
14507568	2414	1621	n
14507824	2415	1621	n
14518221	2413	1621	n
14518472	2413	1623	n
14518733	2415	1621	n
14518984	2414	1621	n
14519235	2413	1621	n
14519490	2415	1619	n
14529865	2414	1621	n
14530116	2415	1621	n
14530367	2414	1620	n
14530627	2416	1620	n
14530878	2414	1621	n
14531129	2414	1622	n
14541497	2416	1623	n
14541752	2414	1621	n
14542003	2415	1622	n
14542254	2415	1621	n
14542511	2415	1622	n
14542766	2415	1621	n
14553203	2415	1622	n
14553454	2415	1622	n
14553710	2415	1621	n
14553961	2416	1622	n
14554212	2415	1621	n
14554464	2416	1622	n
14564899	2415	1622	n
14565150	2415	1621	n
14565401	2413	1621	n
14565658	2415	1621	n
14565909	2415	1621	n
14566160	2415	1621	n
14576578	2416	1622	n
14576833	2415	1621	n
14577084	2416	1620	n
14577335	2415	1623	n
14577588	2415	1622	n
14577844	2415	1622	n
14578095	2415	1622	n
14588520	2416	1621	n
14588775	2415	1621	n
14589026	2414	1622	n
14589278	2416	1620	n
14589535	2414	1621	n
14589790	2411	1621	n
14600158	2416	1621	n
14600409	2415	1619	n
14600665	2414	1621	n
14600916	2414	1621	n
14601167	2413	1621	n
14601418	2415	1623	n
14611853	2415	1622	n
14612104	2415	1621	n
14612356	2415	1619	n
14612609	2414	1621	n
14612864	2413	1622	n
14613115	2414	1621	n
14623486	2415	1622	n
14623741	2415	1623	n
14623993	2415	1623	n
14624244	2414	1621	n
14624500	2416	1622	n
14624755	2413	1621	n
14635193	2415	1619	n
14635444	2411	1621	n
14635700	2415	1619	n
14635951	2415	1622	n
14636202	2415	1621	n
14636453	2414	1621	n
14646872	2414	1620	n
14647123	2414	1621	n
14647374	2414	1621	n
14647631	2414	1621	n
14647882	2415	1620	n
14648133	2414	1621	n
14648384	2414	1622	n
14658808	2416	1623	n
14659059	2415	1622	n
14659310	2416	1622	n
14659564	2416	1619	n
14659820	2415	1621	n
14660071	2416	1622	n
14670452	2415	1623	n
14670707	2415	1622	n
14670958	2415	1622	n
14671209	2415	1623	n
14671460	2416	1621	n
14671716	2414	1621	n
14682147	2414	1623	n
14682398	2415	1623	n
14682656	2414	1622	n
14682907	2413	1619	n
14683158	2416	1621	n
14683409	2414	1621	n
14693843	2415	1619	n
14694094	2413	1621	n
14694345	2414	1621	n
14694599	2414	1621	n
14694854	2414	1622	n
14695106	2415	1619	n
14705470	2416	1622	n
14705726	2415	1620	n
14705977	2416	1622	n
14706228	2413	1621	n
14706481	2415	1621	n
14706736	2415	1620	n
14706988	2414	1621	n
14717372	2415	1622	n
14717629	2414	1621	n
14717881	2414	1622	n
14718132	2414	1621	n
14718383	2414	1622	n
14718643	2415	1622	n
14729016	2415	1622	n
14729267	2416	1621	n
14729520	2416	1623	n
14729776	2416	1621	n
14730027	2415	1621	n
14730278	2413	1619	n
14740664	2415	1622	n
14740915	2415	1620	n
14741167	2415	1621	n
14741418	2413	1622	n
14741674	2414	1620	n
14741925	2414	1621	n
14752355	2415	1621	n
14752609	2416	1621	n
14752864	2415	1622	n
14753116	2416	1621	n
14753367	2415	1623	n
14753627	2416	1622	n
14764051	2415	1622	n
14764302	2416	1621	n
14764555	2415	1621	n
14764810	2416	1623	n
14765061	2415	1621	n
14765313	2416	1621	n
14775681	2415	1622	n
14775932	2415	1622	n
14776183	2415	1620	n
14776434	2413	1619	n
14776691	2414	1621	n
14776942	2414	1621	n
14777194	2413	1621	n
14787586	2415	1621	n
14787841	2414	1621	n
14788092	2415	1622	n
14788344	2415	1620	n
14788599	2415	1620	n
14788855	2415	1621	n
14799223	2414	1622	n
14799474	2416	1621	n
14799733	2415	1622	n
14799984	2414	1621	n
14800235	2415	1623	n
14800490	2413	1622	n
14810867	2414	1622	n
14811118	2413	1621	n
14811369	2414	1619	n
14811627	2414	1620	n
14811878	2416	1619	n
14812129	2414	1619	n
14822565	2415	1621	n
14822820	2415	1622	n
14823071	2415	1621	n
14823322	2416	1621	n
14823580	2415	1620	n
14823835	2415	1621	n
14834258	2413	1621	n
14834514	2414	1621	n
14834769	2415	1620	n
14835021	2415	1621	n
14835272	2416	1621	n
14835528	2415	1620	n
14845954	2416	1622	n
14846205	2416	1622	n
14846456	2416	1621	n
14846712	2415	1619	n
14846963	2414	1621	n
14847214	2416	1623	n
14847465	2416	1621	n
14857873	2415	1621	n
14858124	2414	1622	n
14858375	2413	1622	n
14858632	2415	1623	n
14858883	2416	1621	n
14859134	2415	1619	n
14869520	2414	1620	n
14869775	2415	1621	n
14870026	2415	1621	n
14870277	2415	1621	n
14870534	2415	1621	n
14870789	2415	1621	n
14881212	2416	1621	n
14881463	2416	1622	n
14881719	2415	1622	n
14881970	2414	1623	n
14882221	2416	1621	n
14882473	2415	1622	n
14892856	2415	1621	n
14893107	2416	1622	n
14893358	2415	1621	n
14893614	2414	1619	n
14893869	2415	1621	n
14894120	2414	1621	n
14904554	2415	1620	n
14904809	2414	1621	n
14905060	2415	1620	n
14905311	2415	1622	n
14905565	2415	1621	n
14905820	2414	1621	n
14916231	2415	1619	n
14916486	2415	1621	n
14916741	2415	1621	n
14916993	2414	1621	n
14917244	2414	1619	n
14917500	2414	1621	n
14917755	2414	1622	n
14928167	2414	1621	n
14928418	2414	1623	n
14928674	2415	1622	n
14928925	2415	1622	n
14929176	2415	1622	n
14929427	2415	1619	n
14939811	2416	1622	n
14940062	2413	1623	n
14940313	2415	1621	n
14940568	2414	1622	n
14940824	2415	1621	n
14941075	2415	1621	n
14951510	2415	1621	n
14951766	2415	1622	n
14952017	2415	1621	n
14952268	2411	1620	n
14952521	2415	1622	n
14952777	2416	1621	n
14963202	2415	1621	n
14963453	2413	1622	n
14963709	2415	1622	n
14963960	2415	1622	n
14964211	2415	1622	n
14964462	2416	1622	n
14974846	2415	1621	n
14975097	2416	1622	n
14975348	2414	1621	n
14975603	2416	1621	n
14975858	2416	1623	n
14976109	2415	1622	n
14986525	2415	1619	n
14986960	2416	1621	n
14987220	2415	1622	n
14987497	2414	1621	n
14987753	2413	1621	n
14988004	2415	1622	n
14988264	2413	1621	n
14998732	2413	1622	n
14999209	2413	1622	n
14999460	2416	1621	n
14999725	2414	1621	n
14999999	2415	1622	n
15000250	2414	1619	n
15010643	2416	1622	Time:00:00:00:00;;
15011342	2416	1621	n
15011624	2416	1622	n
15011876	2415	1621	n
15012127	2415	1621	n
15012409	2415	1618	n
15022783	2415	1623	n
15023259	2416	1621	n
15023514	2415	1621	n
15023778	2415	1621	n
15024052	2415	1623	n
15024303	2413	1621	n
15034739	2415	1621	n
15035224	2415	1622	n
15035503	2414	1621	n
15035758	2413	1623	n
15036009	2415	1622	n
15036269	2415	1619	n
15046662	2414	1619	n
15047139	2415	1621	n
15047390	2415	1621	n
15047661	2414	1622	n
15047934	2415	1622	n
15048185	2416	1621	n
15048437	2414	1620	n
15058836	2415	1622	Time:00:00:00:00;;
15059565	2415	1621	n
15059821	2416	1623	n
15060072	2416	1624	n
15060354	2414	1621	n
15070756	2415	1623	n
15071232	2416	1619	n
15071486	2415	1619	n
15071772	2416	1621	n
15072023	2416	1620	n
15072274	2414	1621	n
15072531	2415	1621	n
15082993	2415	1622	n
15083470	2415	1623	n
15083726	2415	1623	n
15083977	2415	1622	n
15084260	2415	1621	n
15084517	2416	1619	n
15094940	2414	1621	n
15095415	2416	1623	n
15095702	2415	1621	n
15095953	2415	1622	n
15096204	2415	1621	n
15096455	2415	1620	n
15106877	2416	1621	n
15107368	2414	1622	n
15107627	2415	1621	n
15107878	2414	1621	n
15108137	2414	1622	n
15108410	2415	1622	n
15108666	2416	1623	n
15119038	2413	1623	n
15119528	2415	1617	n
15119806	2413	1621	n
15120057	2413	1621	n
15120308	2415	1619	n
15120571	2414	1619	n
15130999	2415	1621	n
15131477	2415	1621	n
15131733	2414	1621	n
15131993	2415	1619	n
15132266	2414	1622	n
15132520	2414	1622	n
15142930	2414	1622	n
15143414	2414	1622	n
15143694	2414	1619	n
15143945	2415	1620	n
15144197	2415	1621	n
15144457	2415	1621	n
15144735	2416	1623	n
15155091	2416	1621	n
15155575	2415	1621	n
15155830	2416	1623	n
15156112	2415	1621	n
15156363	2415	1621	n
15156625	2416	1621	n
15167045	2415	1621	n
15167557	2415	1622	n
15167812	2415	1621	n
15168063	2415	1621	n
15168314	2416	1623	n
15168600	2416	1622	n
15178982	2415	1622	n
15179463	2416	1621	n
15179718	2416	1621	n
15180001	2415	1621	n
15180252	2416	1620	n
15180506	2414	1621	n
15180761	2414	1621	n
15191230	2414	1622	n
15191730	2414	1621	n
15191982	2416	1621	n
15192233	2415	1623	n
15192520	2414	1620	n
15192776	2413	1621	n
15203183	2415	1621	n
15203669	2414	1622	n
15203951	2415	1621	n
15204203	2415	1622	n
15204454	2415	1622	n
15204709	2415	1621	n
15215104	2413	1621	Time:00:00:00:00;;
15215734	2413	1623	n
15215985	2414	1620	n
15216236	2413	1621	n
15216493	2416	1621	n
15216749	2415	1623	n
15227161	2413	1621	n
15227412	2415	1620	n
15227668	2414	1619	n
15227919	2415	1622	n
15228170	2415	1621	n
15228422	2412	1623	n
15238805	2415	1621	n
15239056	2414	1621	n
15239307	2415	1622	n
15239565	2414	1621	n
15239820	2416	1621	n
15240071	2415	1621	n
15250503	2416	1625	n
15250758	2415	1625	n
15251009	2416	1621	n
15251261	2416	1621	n
15251518	2415	1621	n
15251772	2415	1619	n
15262180	2415	1622	n
15262431	2415	1621	n
15262689	2414	1619	n
15262941	2415	1621	n
15263192	2415	1620	n
15263443	2411	1621	n
15263699	2414	1619	n
15274116	2414	1622	n
15274367	2415	1621	n
15274627	2415	1622	n
15274878	2414	1621	n
15275129	2415	1621	n
15275381	2415	1622	n
15285764	2416	1621	n
15286015	2415	1622	n
15286266	2414	1622	n
15286520	2416	1623	n
15286775	2416	1623	n
15287026	2415	1623	n
15297455	2416	1623	n
15297711	2415	1621	n
15297962	2414	1620	n
15298213	2416	1621	n
15298464	2416	1621	n
15298719	2414	1621	n
15309081	2415	1620	n
15309332	2413	1620	n
15309588	2416	1618	n
15309844	2414	1621	n
15310095	2412	1621	n
15310346	2413	1619	n
15320708	2415	1621	n
15320959	2413	1622	n
15321210	2414	1622	n
15321461	2414	1620	n
15321717	2414	1619	n
15321968	2414	1620	n
15332387	2413	1621	n
15332647	2415	1619	n
15332898	2415	1619	n
15333149	2413	1621	n
15333401	2414	1618	n
15333657	2414	1621	n
15333908	2415	1621	n
15344323	2416	1621	n
15344580	2416	1622	n
15344835	2416	1622	n
15345086	2415	1622	n
15345338	2415	1621	n
15345591	2415	1621	n
15355967	2413	1621	n
15356218	2416	1622	n
15356469	2414	1621	n
15356725	2413	1620	n
15356976	2415	1619	n
15357228	2415	1621	n
15367667	2416	1622	n
15367918	2416	1622	n
15368169	2415	1622	n
15368420	2415	1624	n
15368676	2415	1621	n
15368927	2416	1620	n
15379289	2416	1621	n
15379545	2416	1622	n
15379800	2416	1621	n
15380051	2416	1623	n
15380302	2415	1622	n
15380555	2416	1623	n
15391002	2413	1621	n
15391253	2415	1623	n
15391506	2413	1620	n
15391762	2414	1622	n
15392013	2414	1623	n
15392264	2415	1619	n
15402681	2413	1619	n
15402932	2415	1622	n
15403183	2415	1622	n
15403434	2415	1621	n
15403691	2414	1621	n
15403942	2414	1621	n
15404194	2416	1621	n
15414624	2415	1621	n
15414876	2415	1622	n
15415127	2416	1622	n
15415378	2415	1621	n
15415637	2415	1622	n
15415889	2415	1622	n
15426261	2416	1623	n
15426518	2416	1622	n
15426772	2415	1623	n
15427023	2415	1625	n
15427274	2416	1623	n
15427531	2416	1622	n
15437956	2415	1622	n
15438207	2415	1621	n
15438458	2416	1621	n
15438714	2415	1621	n
15438965	2411	1621	n
15439216	2413	1621	n
15449656	2415	1620	n
15449907	2414	1621	n
15450158	2414	1622	n
15450409	2413	1620	n
15450665	2415	1623	n
15450916	2415	1621	n
15461279	2415	1623	n
15461533	2416	1621	n
15461789	2415	1621	n
15462040	2415	1619	n
15462291	2415	1621	n
15462548	2415	1621	n
15462803	2414	1622	n
15473181	2415	1620	n
15473432	2412	1622	n
15473689	2412	1620	n
15473940	2414	1619	n
15474192	2413	1621	n
15474443	2414	1620	n
15484825	2416	1620	n
15485076	2414	1621	n
15485327	2415	1621	n
15485582	2415	1623	n
15485837	2415	1622	n
15486088	2415	1621	n
15496468	2414	1619	n
15496724	2416	1619	n
15496975	2415	1619	n
15497226	2415	1621	n
15497478	2413	1621	n
15497734	2414	1621	n
15508163	2416	1622	n
15508414	2416	1623	n
15508669	2415	1622	n
15508921	2415	1622	n
15509172	2416	1622	n
15509423	2415	1622	n
15519859	2415	1621	n
15520110	2415	1621	n
15520361	2415	1620	n
15520619	2414	1621	n
15520870	2416	1623	n
15521121	2415	1620	n
15531489	2414	1621	n
15531745	2415	1621	n
15531996	2415	1621	n
15532247	2415	1622	n
15532503	2414	1621	n
15532758	2415	1620	n
15533009	2414	1621	n
15543388	2415	1623	n
15543647	2415	1621	n
15543898	2416	1622	n
15544149	2415	1622	n
15544400	2415	1621	n
15544657	2416	1622	n
15555032	2415	1622	n
15555283	2414	1620	n
15555537	2415	1621	n
15555792	2415	1621	n
15556043	2413	1621	n
15556294	2415	1622	n
15566680	2415	1621	n
15566931	2415	1621	n
15567182	2414	1622	n
15567434	2415	1622	n
15567691	2415	1621	n
15567942	2413	1619	n
15578371	2415	1619	n
15578629	2413	1622	n
15578880	2414	1621	n
15579131	2414	1621	n
15579382	2415	1621	n
15579643	2415	1621	n
15590067	2416	1623	n
15590318	2416	1623	n
15590571	2416	1620	n
15590826	2415	1623	n
15591078	2416	1621	n
15591329	2416	1622	n
15601697	2416	1623	n
15601948	2416	1622	n
15602199	2416	1623	n
15602450	2415	1625	n
15602706	2415	1620	n
15602957	2416	1623	n
15603208	2416	1623	n
15613599	2416	1622	n
15613854	2416	1622	n
15614105	2416	1623	n
15614356	2416	1623	n
15614609	2416	1623	n
15614865	2416	1621	n
15625240	2416	1622	n
15625497	2415	1621	n
15625752	2415	1623	n
15626003	2416	1621	n
15626254	2415	1622	n
15626511	2415	1621	n
15636883	2416	1623	n
15637134	2416	1626	n
15637385	2416	1623	n
15637643	2416	1623	n
15637894	2416	1625	n
15638145	2416	1623	n
15648582	2416	1623	n
15648837	2416	1621	n
15649088	2416	1622	n
15649339	2416	1623	n
15649597	2415	1620	n
15649852	2415	1621	n
15660274	2416	1623	n
15660530	2416	1623	n
15660785	2416	1623	n
15661037	2415	1622	n
15661288	2415	1621	n
15661545	2415	1621	n
15671970	2415	1623	n
15672221	2416	1621	n
15672472	2415	1623	n
15672733	2416	1622	n
15672984	2416	1622	n
15673236	2416	1623	n
15673493	2416	1622	n
15683890	2416	1623	n
15684141	2416	1623	n
15684392	2416	1623	n
15684651	2416	1622	n
15684902	2416	1622	n
15685153	2416	1623	n
15695537	2416	1622	n
15695792	2415	1623	n
15696043	2415	1623	n
15696294	2415	1621	n
15696551	2416	1623	n
15696806	2416	1623	n
15707228	2416	1623	n
15707481	2416	1623	n
15707736	2416	1623	n
15707987	2416	1623	n
15708238	2415	1623	n
15708493	2415	1622	n
15718872	2416	1622	n
15719123	2416	1623	n
15719375	2416	1622	n
15719632	2416	1623	n
15719883	2415	1622	n
15720134	2416	1623	n
15730568	2416	1625	n
15730824	2416	1623	n
15731076	2416	1626	n
15731327	2416	1623	n
15731582	2416	1621	n
15731837	2416	1622	n
15742247	2415	1622	n
15742503	2414	1623	n
15742758	2415	1621	n
15743010	2416	1622	n
15743261	2416	1623	n
15743518	2416	1622	n
15743772	2415	1621	n
15754183	2416	1623	n
15754434	2415	1622	n
15754691	2416	1622	n
15754942	2416	1623	n
15755193	2416	1621	n
15755444	2415	1626	n
15765827	2416	1623	n
15766078	2416	1623	n
15766329	2416	1623	n
15766586	2416	1623	n
15766842	2415	1621	n
15767093	2416	1622	n
15777528	2416	1623	n
15777784	2416	1623	n
15778035	2416	1625	n
15778286	2415	1623	n
15778540	2416	1622	n
15778795	2416	1622	n
15789218	2416	1623	n
15789469	2414	1623	n
15789725	2415	1624	n
15789976	2415	1623	n
15790227	2416	1623	n
15790480	2416	1623	n
15800862	2416	1622	n
15801113	2415	1623	n
15801364	2416	1623	n
15801625	2416	1625	n
15801876	2415	1622	n
15802127	2415	1621	n
15812541	2416	1622	n
15812796	2416	1622	n
15813047	2416	1621	n
15813298	2416	1623	n
15813554	2416	1625	n
15813809	2416	1623	n
15814061	2416	1622	n
15824477	2416	1623	n
15824734	2416	1623	n
15824985	2416	1623	n
15825236	2416	1623	n
15825493	2416	1622	n
15825749	2415	1623	n
15836121	2416	1622	n
15836372	2416	1623	n
15836629	2416	1623	n
15836880	2415	1621	n
15837131	2415	1622	n
15837382	2415	1623	n
15847816	2416	1621	n
15848067	2415	1622	n
15848318	2416	1621	n
15848571	2416	1621	n
15848827	2416	1623	n
15849078	2416	1623	n
15859518	2416	1622	n
15859772	2416	1622	n
15860023	2416	1622	n
15860275	2416	1623	n
15860531	2416	1622	n
15860787	2416	1622	n
15871208	2414	1621	n
15871459	2416	1623	n
15871714	2416	1619	n
15871965	2416	1622	n
15872216	2416	1621	n
15872467	2413	1620	n
15872723	2416	1625	n
15883127	2416	1623	n
15883378	2416	1625	n
15883637	2415	1621	n
15883888	2416	1622	n
15884140	2416	1623	n
15884391	2416	1622	n
15894773	2416	1622	n
15895024	2416	1622	n
15895275	2416	1622	n
15895530	2415	1623	n
15895785	2416	1623	n
15896037	2416	1622	n
15906398	2416	1621	n
15906656	2416	1623	n
15906907	2416	1622	n
15907158	2416	1621	n
15907409	2415	1621	n
15907665	2416	1625	n
15918023	2416	1623	n
15918274	2416	1622	n
15918531	2416	1622	n
15918785	2414	1622	n
15919037	2416	1621	n
15919288	2416	1623	n
15929719	2416	1622	n
15929970	2414	1622	n
15930221	2416	1622	n
15930472	2416	1623	n
15930733	2416	1621	n
15930984	2416	1622	n
15941346	2416	1623	n
15941603	2416	1623	n
15941858	2415	1623	n
15942109	2416	1622	n
15942361	2416	1621	n
15942620	2416	1623	n
15942871	2416	1625	n
15953248	2416	1623	n
15953502	2416	1623	n
15953758	2416	1622	n
15954009	2416	1621	n
15954260	2416	1622	n
15954517	2416	1624	n
15964892	2415	1622	n
15965143	2416	1622	n
15965394	2416	1622	n
15965652	2416	1621	n
15965903	2415	1622	n
15966155	2416	1621	n
15976538	2415	1619	n
15976793	2416	1622	n
15977044	2415	1621	n
15977296	2415	1622	n
15977551	2415	1622	n
15977806	2415	1622	n
15988231	2415	1622	n
15988726	2415	1623	n
15988977	2415	1622	n
15989228	2415	1622	n
15989514	2415	1621	n
15989769	2416	1622	n
16000169	2415	1625	n
16000654	2416	1623	n
16000936	2416	1623	n
16001187	2415	1622	n
16001439	2416	1622	n
16001697	2416	1623	n
16001979	2415	1621	n
16012416	2416	1627	Time:00:00:00:00;;
16013111	2416	1622	n
16013371	2416	1623	n
16013655	2416	1625	n
16013906	2416	1622	n
16024336	2416	1623	n
16024831	2416	1623	n
16025105	2416	1623	n
16025356	2416	1622	n
16025609	2415	1622	n
16025873	2416	1621	n
16026147	2415	1621	n
16036572	2416	1623	n
16037052	2416	1623	n
16037311	2416	1623	n
16037588	2416	1620	n
16037844	2416	1622	n
16038095	2416	1622	n
16048523	2416	1621	n
16049033	2416	1622	n
16049285	2416	1621	n
16049538	2415	1622	n
16049801	2415	1622	n
16050077	2414	1622	n
16060457	2416	1623	Time:00:00:00:00;;
16061163	2416	1621	n
16061436	2415	1620	n
16061697	2416	1623	n
16061948	2416	1622	n
16062208	2416	1622	n
16072684	2416	1624	n
16073160	2416	1622	n
16073412	2416	1625	n
16073676	2416	1625	n
16073949	2416	1623	n
16074201	2416	1626	n
16084628	2416	1622	n
16085114	2416	1623	n
16085387	2416	1623	n
16085648	2416	1623	n
16085899	2416	1621	n
16086159	2416	1623	n
16086432	2416	1622	n
16096855	2416	1623	n
16097332	2415	1622	n
16097597	2416	1621	n
16097874	2415	1621	n
16098125	2416	1622	n
16098376	2416	1623	n
16108808	2415	1621	n
16109322	2416	1623	n
16109575	2414	1621	n
16109830	2416	1621	n
16110090	2414	1619	n
16110364	2416	1622	n
16120746	2416	1623	n
16121223	2416	1621	n
16121474	2415	1622	n
16121763	2416	1622	n
16122014	2415	1622	n
16122266	2416	1623	n
16122520	2416	1621	n
16133002	2415	1623	n
16133480	2415	1623	n
16133735	2416	1623	n
16133994	2415	1623	n
16134267	2416	1622	n
16134520	2416	1621	n
16144947	2415	1621	n
16145425	2416	1621	n
16145713	2415	1622	n
16145964	2416	1622	n
16146215	2416	1622	n
16146467	2416	1621	n
16156868	2416	1623	n
16157358	2415	1623	n
16157614	2416	1622	n
16157869	2416	1622	n
16158151	2416	1623	n
16158402	2415	1620	n
16158658	2416	1622	n
16169046	2416	1623	n
16169537	2414	1621	n
16169814	2416	1621	n
16170065	2416	1623	n
16170317	2416	1623	n
16170582	2416	1623	n
16181000	2415	1621	n
16181485	2415	1622	n
16181741	2415	1623	n
16182001	2416	1622	n
16182275	2415	1621	n
16182531	2415	1622	n
16192920	2416	1621	n
16193412	2416	1622	n
16193690	2416	1623	n
16193941	2416	1621	n
16194192	2416	1622	n
16194452	2415	1623	n
16194730	2415	1622	n
16205098	2415	1622	n
16205579	2416	1625	n
16205843	2416	1625	n
16206117	2416	1622	n
16206369	2416	1624	n
16206627	2416	1625	n
16217052	2416	1623	Time:00:00:00:00;;
16217660	2416	1623	n
16217912	2416	1623	n
16218163	2416	1623	n
16218414	2416	1623	n
16218669	2416	1623	n
16229076	2416	1622	n
16229327	2416	1623	n
16229582	2416	1624	n
16229837	2416	1625	n
16230088	2416	1622	n
16230339	2416	1623	n
16240724	2416	1622	n
16240975	2415	1623	n
16241227	2416	1622	n
16241478	2416	1621	n
16241735	2416	1622	n
16241986	2416	1622	n
16252346	2416	1623	n
16252603	2416	1622	n
16252858	2416	1622	n
16253109	2416	1623	n
16253361	2415	1623	n
16253620	2416	1623	n
16264058	2415	1623	n
16264309	2415	1622	n
16264565	2415	1623	n
16264820	2415	1623	n
16265071	2416	1623	n
16265322	2416	1623	n
16275754	2416	1623	n
16276005	2415	1622	n
16276256	2416	1621	n
16276511	2416	1622	n
16276767	2415	1622	n
16277018	2416	1623	n
16287433	2415	1621	n
16287689	2416	1621	n
16287941	2416	1623	n
16288192	2416	1620	n
16288443	2414	1621	n
16288699	2414	1623	n
16288951	2416	1624	n
16299370	2416	1623	n
16299627	2416	1622	n
16299878	2416	1622	n
16300130	2416	1623	n
16300381	2416	1621	n
16300638	2416	1623	n
16311013	2416	1623	n
16311264	2416	1622	n
16311520	2415	1622	n
16311775	2414	1621	n
16312027	2415	1621	n
16312278	2416	1621	n
16322712	2416	1621	n
16322963	2416	1622	n
16323215	2416	1621	n
16323466	2416	1623	n
16323721	2415	1621	n
16323972	2416	1622	n
16334335	2416	1622	n
16334588	2416	1623	n
16334844	2415	1621	n
16335095	2416	1623	n
16335346	2416	1622	n
16335603	2416	1622	n
16346048	2416	1623	n
16346299	2416	1623	n
16346554	2416	1622	n
16346809	2416	1622	n
16347060	2416	1621	n
16347311	2416	1623	n
16357727	2413	1621	n
16357978	2416	1623	n
16358229	2416	1622	n
16358486	2416	1623	n
16358741	2416	1622	n
16358992	2416	1623	n
16359243	2416	1623	n
16369667	2416	1622	n
16369918	2416	1621	n
16370170	2415	1621	n
16370421	2415	1623	n
16370676	2416	1621	n
16370927	2415	1622	n
16381307	2416	1623	n
16381562	2416	1623	n
16381817	2416	1623	n
16382068	2416	1623	n
16382319	2416	1623	n
16382573	2416	1623	n
16393002	2416	1622	n
16393253	2416	1625	n
16393506	2416	1623	n
16393762	2416	1623	n
16394013	2416	1622	n
16394264	2416	1622	n
16404702	2415	1622	n
16404953	2416	1622	n
16405204	2416	1625	n
16405455	2416	1622	n
16405711	2415	1622	n
16405962	2415	1621	n
16416325	2416	1621	n
16416580	2416	1623	n
16416835	2416	1623	n
16417086	2415	1621	n
16417337	2416	1622	n
16417591	2415	1622	n
16417846	2415	1622	n
16428227	2416	1623	n
16428480	2416	1625	n
16428735	2416	1623	n
16428986	2415	1621	n
16429237	2416	1623	n
16429493	2416	1622	n
16439871	2416	1622	n
16440122	2416	1622	n
16440373	2416	1622	n
16440630	2416	1621	n
16440881	2415	1622	n
16441132	2416	1623	n
16451520	2416	1622	n
16451776	2416	1622	n
16452027	2416	1621	n
16452278	2415	1622	n
16452534	2416	1622	n
16452789	2415	1623	n
16463210	2416	1623	n
16463461	2416	1623	n
16463717	2416	1622	n
16463968	2416	1621	n
16464219	2415	1623	n
16464470	2416	1622	n
16474906	2416	1621	n
16475157	2416	1623	n
16475408	2416	1622	n
16475664	2416	1623	n
16475915	2416	1623	n
16476166	2416	1623	n
16486537	2416	1622	n
16486792	2415	1621	n
16487043	2416	1622	n
16487295	2415	1622	n
16487552	2416	1623	n
16487807	2416	1623	n
16488058	2416	1621	n
16498435	2415	1622	n
16498692	2416	1624	n
16498943	2416	1623	n
16499194	2416	1622	n
16499445	2415	1623	n
16499701	2416	1622	n
16510078	2416	1623	n
16510329	2416	1623	n
16510586	2415	1623	n
16510841	2416	1625	n
16511092	2416	1621	n
16511344	2416	1622	n
16521726	2415	1623	n
16521977	2416	1623	n
16522228	2416	1621	n
16522481	2416	1624	n
16522736	2416	1619	n
16522988	2415	1621	n
16533417	2416	1623	n
16533672	2415	1622	n
16533924	2415	1620	n
16534175	2416	1623	n
16534426	2415	1622	n
16534682	2416	1621	n
16545113	2415	1622	n
16545364	2416	1621	n
16545625	2416	1622	n
16545876	2416	1622	n
16546127	2415	1622	n
16546378	2416	1623	n
16556740	2413	1622	n
16556991	2416	1623	n
16557242	2416	1622	n
16557497	2416	1623	n
16557753	2416	1622	n
16558004	2416	1621	n
16558255	2416	1621	n
16568647	2416	1623	n
16568898	2416	1623	n
16569149	2416	1623	n
16569400	2415	1621	n
16569657	2416	1622	n
16569908	2416	1621	n
16580286	2416	1623	n
16580540	2416	1622	n
16580795	2416	1623	n
16581046	2415	1622	n
16581297	2416	1622	n
16581554	2415	1621	n
16591930	2416	1623	n
16592181	2416	1622	n
16592432	2416	1621	n
16592689	2415	1622	n
16592940	2415	1622	n
16593191	2415	1622	n
16603630	2416	1625	n
16603881	2416	1625	n
16604132	2416	1623	n
16604383	2416	1625	n
16604643	2416	1623	n
16604894	2416	1622	n
16615321	2416	1622	n
16615574	2416	1622	n
16615830	2415	1623	n
16616081	2416	1622	n
16616332	2416	1623	n
16616589	2415	1623	n
16627017	2415	1622	n
16627268	2415	1623	n
16627521	2416	1621	n
16627776	2415	1621	n
16628027	2416	1622	n
16628278	2416	1623	n
16628534	2415	1623	n
16638936	2415	1623	n
16639187	2416	1622	n
16639438	2415	1623	n
16639697	2415	1621	n
16639949	2415	1623	n
16640200	2415	1622	n
16650586	2415	1622	n
16650841	2416	1623	n
16651092	2416	1623	n
16651343	2416	1623	n
16651599	2416	1623	n
16651854	2415	1623	n
16662275	2416	1623	n
16662530	2416	1623	n
16662786	2416	1623	n
16663037	2416	1622	n
16663288	2416	1623	n
16663545	2416	1622	n
16673918	2416	1621	n
16674169	2416	1621	n
16674421	2416	1625	n
16674676	2416	1625	n
16674927	2416	1623	n
16675179	2416	1622	n
16685614	2416	1623	n
16685869	2416	1623	n
16686120	2415	1622	n
16686371	2416	1623	n
16686628	2416	1622	n
16686879	2417	1624	n
16697293	2416	1625	n
16697547	2416	1623	n
16697802	2416	1621	n
16698053	2416	1623	n
16698305	2416	1622	n
16698557	2416	1621	n
16698813	2416	1622	n
16709230	2416	1624	n
16709485	2416	1622	n
16709741	2416	1624	n
16709992	2417	1623	n
16710243	2415	1621	n
16710500	2415	1623	n
16720873	2415	1623	n
16721124	2415	1622	n
16721375	2415	1621	n
16721632	2416	1621	n
16721883	2415	1623	n
16722134	2415	1620	n
16732571	2415	1620	n
16732826	2416	1622	n
16733078	2416	1622	n
16733329	2416	1621	n
16733586	2416	1622	n
16733841	2415	1621	n
16744264	2416	1622	n
16744520	2416	1623	n
16744775	2416	1622	n
16745027	2416	1623	n
16745278	2416	1625	n
16745535	2416	1622	n
16755908	2416	1621	n
16756159	2416	1623	n
16756410	2415	1623	n
16756666	2416	1623	n
16756917	2416	1623	n
16757168	2415	1625	n
16767587	2415	1621	n
16767842	2416	1622	n
16768093	2416	1621	n
16768344	2416	1623	n
16768599	2416	1623	n
16768854	2416	1621	n
16769105	2415	1621	n
16779528	2416	1623	n
16779783	2416	1625	n
16780034	2416	1623	n
16780286	2416	1623	n
16780539	2416	1620	n
16780794	2416	1622	n
16791167	2416	1626	n
16791418	2416	1625	n
16791673	2416	1623	n
16791924	2415	1625	n
16792175	2416	1623	n
16792426	2416	1622	n
16802862	2416	1622	n
16803113	2416	1622	n
16803365	2416	1622	n
16803624	2416	1621	n
16803875	2416	1622	n
16804126	2415	1623	n
16814560	2416	1622	n
16814816	2416	1622	n
16815067	2416	1622	n
16815318	2414	1621	n
16815572	2416	1623	n
16815827	2415	1623	n
16826185	2416	1623	n
16826436	2416	1623	n
16826697	2416	1623	n
16826948	2416	1622	n
16827199	2416	1623	n
16827451	2416	1626	n
16827706	2416	1622	n
16838087	2416	1625	n
16838338	2416	1623	n
16838591	2416	1623	n
16838847	2416	1622	n
16839098	2416	1623	n
16839349	2416	1623	n
16849735	2416	1623	n
16849986	2416	1623	n
16850237	2416	1622	n
16850493	2416	1622	n
16850749	2415	1622	n
16851000	2416	1621	n
16861375	2415	1623	n
16861632	2415	1621	n
16861883	2415	1623	n
16862135	2415	1622	n
16862386	2416	1623	n
16862648	2415	1621	n
16873070	2416	1622	n
16873321	2416	1625	n
16873574	2416	1622	n
16873830	2416	1623	n
16874081	2415	1622	n
16874332	2416	1623	n
16884766	2416	1623	n
16885017	2416	1621	n
16885268	2416	1623	n
16885521	2416	1623	n
16885777	2416	1623	n
16886028	2416	1622	n
16896392	2415	1625	n
16896651	2415	1622	n
16896902	2416	1622	n
16897153	2415	1622	n
16897404	2416	1621	n
16897660	2416	1623	n
16897911	2415	1622	n
16908295	2416	1620	n
16908550	2415	1621	n
16908806	2416	1622	n
16909057	2415	1622	n
16909308	2416	1621	n
16909565	2416	1622	n
16919938	2416	1622	n
16920189	2416	1622	n
16920440	2415	1622	n
16920697	2416	1623	n
16920948	2416	1622	n
16921200	2416	1621	n
16931585	2416	1623	n
16931840	2415	1620	n
16932092	2416	1623	n
16932343	2416	1622	n
16932599	2416	1622	n
16932855	2416	1622	n
16943277	2416	1622	n
16943534	2414	1623	n
16943789	2416	1621	n
16944040	2415	1622	n
16944291	2416	1621	n
16944548	2416	1622	n
16954973	2416	1622	n
16955224	2415	1623	n
16955475	2416	1622	n
16955732	2416	1622	n
16955984	2415	1622	n
16956235	2415	1625	n
16966600	2416	1623	n
16966855	2415	1625	n
16967106	2416	1622	n
16967357	2416	1623	n
16967614	2416	1621	n
16967870	2416	1622	n
16968121	2416	1623	n
16978504	2416	1622	n
16978759	2414	1621	n
16979019	2415	1621	n
16979292	2414	1622	n
16979547	2415	1623	n
16979803	2416	1623	n
16990232	2416	1621	n
16990747	2415	1622	n
16990999	2416	1623	n
16991250	2416	1623	n
16991513	2415	1621	n
16991791	2416	1621	n
17002186	2416	1622	n
17002669	2416	1622	n
17002929	2416	1623	Time:00:00:00:00;;
17003417	2416	1625	n
17003673	2415	1622	n
17003933	2416	1622	n
17014390	2416	1620	n
17014877	2416	1623	n
17015128	2416	1623	n
17015387	2416	1623	n
17015670	2416	1623	n
17015921	2415	1623	n
17026336	2416	1622	n
17026830	2415	1621	n
17027104	2415	1623	n
17027355	2415	1623	n
17027608	2416	1623	n
17027872	2416	1623	n
17038282	2415	1623	n
17038768	2416	1623	n
17039019	2416	1622	n
17039278	2415	1622	n
17039554	2416	1622	n
17039809	2416	1621	n
17040060	2415	1623	n
17050435	2415	1623	n
17050951	2415	1622	n
17051202	2415	1622	n
17051453	2416	1623	n
17051709	2416	1622	n
17051991	2416	1623	n
17062388	2416	1622	Time:00:00:00:00;;
17063088	2411	1619	n
17063348	2414	1621	n
17063627	2415	1623	n
17063878	2416	1623	n
17064130	2415	1619	n
17074503	2416	1622	n
17075016	2415	1623	n
17075267	2416	1621	n
17075520	2415	1621	n
17075784	2415	1621	n
17076058	2415	1621	n
17086452	2414	1622	n
17086933	2415	1623	n
17087193	2415	1622	n
17087467	2416	1620	n
17087723	2415	1621	n
17087974	2415	1623	n
17098407	2416	1623	n
17098919	2416	1622	n
17099171	2415	1622	n
17099422	2415	1626	n
17099686	2416	1623	n
17099960	2415	1621	n
17100211	2415	1622	n
17110642	2416	1621	n
17111133	2414	1622	n
17111406	2415	1621	n
17111662	2414	1623	n
17111913	2414	1621	n
17112173	2413	1621	n
17122603	2416	1623	n
17123084	2415	1623	n
17123335	2416	1622	n
17123589	2415	1622	n
17123876	2415	1623	n
17124127	2415	1620	n
17134551	2415	1621	n
17135032	2414	1622	n
17135314	2415	1622	n
17135569	2416	1621	n
17135824	2415	1621	n
17136076	2415	1621	n
17136358	2416	1622	n
17146777	2416	1622	n
17147254	2416	1622	n
17147511	2415	1622	n
17147798	2416	1623	n
17148049	2416	1622	n
17148300	2416	1623	n
17158734	2415	1622	n
17159247	2414	1621	n
17159503	2415	1622	n
17159758	2415	1620	n
17160009	2415	1622	n
17160291	2416	1622	n
17170671	2416	1623	n
17171150	2416	1623	n
17171401	2416	1621	n
17171694	2415	1623	n
17171945	2415	1622	n
17172196	2415	1623	n
17172447	2415	1623	n
17182915	2415	1623	n
17183400	2416	1622	n
17183657	2415	1623	n
17183908	2416	1623	n
17184192	2416	1621	n
17184443	2415	1623	n
17194868	2416	1622	n
17195350	2416	1622	n
17195637	2415	1621	n
17195889	2416	1621	n
17196140	2416	1622	n
17196391	2415	1622	n
17206789	2416	1623	n
17207275	2416	1622	n
17207530	2416	1621	n
17207785	2416	1622	n
17208045	2416	1623	n
17208318	2416	1623	n
17208572	2416	1623	n
17218967	2416	1623	Time:00:00:00:00;;
17219528	2416	1622	n
17219784	2416	1623	n
17220035	2416	1625	n
17220286	2416	1623	n
17230714	2416	1625	n
17230965	2416	1625	n
17231216	2416	1625	n
17231467	2415	1623	n
17231723	2416	1623	n
17231974	2416	1622	n
17242341	2416	1621	n
17242596	2415	1623	n
17242852	2416	1622	n
17243103	2416	1622	n
17243354	2416	1622	n
17243607	2416	1623	n
17243862	2416	1623	n
17254243	2416	1623	n
17254500	2415	1623	n
17254755	2416	1623	n
17255007	2416	1622	n
17255258	2415	1622	n
17255514	2416	1622	n
17265887	2417	1623	n
17266138	2416	1622	n
17266389	2416	1623	n
17266647	2416	1623	n
17266898	2416	1623	n
17267149	2416	1625	n
17277534	2416	1623	n
17277789	2416	1625	n
17278041	2416	1623	n
17278292	2416	1623	n
17278548	2416	1623	n
17278803	2416	1622	n
17289226	2416	1623	n
17289478	2415	1622	n
17289734	2416	1622	n
17289985	2416	1623	n
17290237	2416	1624	n
17290493	2416	1622	n
17300922	2416	1623	n
17301173	2416	1623	n
17301424	2416	1623	n
17301680	2416	1622	n
17301931	2416	1622	n
17302182	2416	1623	n
17312550	2416	1622	n
17312805	2416	1623	n
17313057	2416	1623	n
17313308	2416	1626	n
17313565	2416	1621	n
17313820	2416	1622	n
17314071	2416	1622	n
17324451	2416	1623	n
17324706	2416	1623	n
17324958	2416	1622	n
17325209	2416	1623	n
17325460	2416	1622	n
17325716	2416	1622	n
17336095	2416	1621	n
17336346	2416	1623	n
17336603	2416	1622	n
17336858	2416	1623	n
17337109	2416	1621	n
17337361	2415	1622	n
17347742	2416	1622	n
17347993	2416	1622	n
17348244	2416	1622	n
17348499	2416	1623	n
17348755	2415	1622	n
17349006	2416	1623	n
17359433	2416	1623	n
17359690	2416	1622	n
17359941	2415	1623	n
17360192	2416	1623	n
17360443	2415	1622	n
17360700	2416	1623	n
17371129	2416	1622	n
17371380	2416	1622	n
17371637	2416	1622	n
17371888	2418	1622	n
17372140	2415	1621	n
17372391	2415	1623	n
17382756	2415	1625	n
17383007	2416	1622	n
17383258	2416	1623	n
17383513	2415	1624	n
17383769	2416	1623	n
17384020	2416	1623	n
17384271	2416	1622	n
17394663	2415	1624	n
17394914	2415	1621	n
17395165	2416	1622	n
17395416	2415	1627	n
17395672	2415	1621	n
17395923	2416	1621	n
17406302	2416	1623	n
17406555	2416	1622	n
17406811	2415	1622	n
17407062	2416	1623	n
17407313	2416	1622	n
17407568	2416	1622	n
17417946	2416	1623	n
17418197	2416	1622	n
17418448	2414	1623	n
17418703	2415	1622	n
17418954	2414	1623	n
17419206	2416	1623	n
17429646	2415	1621	n
17429897	2415	1620	n
17430148	2415	1620	n
17430399	2415	1619	n
17430657	2414	1622	n
17430908	2414	1623	n
17441337	2416	1623	n
17441590	2414	1623	n
17441845	2415	1623	n
17442096	2416	1625	n
17442347	2415	1621	n
17442603	2415	1623	n
17452964	2414	1621	n
17453215	2416	1622	n
17453466	2416	1622	n
17453721	2415	1621	n
17453972	2416	1623	n
17454223	2415	1622	n
17454475	2414	1622	n
17464866	2415	1621	n
17465117	2415	1621	n
17465368	2415	1622	n
17465627	2415	1621	n
17465878	2416	1621	n
17466129	2414	1623	n
17476513	2416	1622	n
17476769	2415	1621	n
17477020	2416	1622	n
17477271	2415	1622	n
17477528	2416	1622	n
17477784	2415	1622	n
17488153	2416	1622	n
17488404	2416	1621	n
17488660	2416	1623	n
17488911	2416	1621	n
17489162	2416	1623	n
17489413	2416	1623	n
17499848	2416	1623	n
17500099	2416	1622	n
17500350	2416	1622	n
17500606	2416	1623	n
17500861	2416	1622	n
17501112	2416	1622	n
17511547	2416	1619	n
17511802	2415	1620	n
17512053	2415	1622	n
17512305	2415	1622	n
17512558	2415	1620	n
17512813	2415	1625	n
17523171	2416	1622	n
17523422	2416	1625	n
17523677	2415	1621	n
17523929	2416	1620	n
17524180	2416	1619	n
17524431	2416	1621	n
17524689	2414	1623	n
17535073	2416	1623	n
17535324	2416	1622	n
17535579	2415	1623	n
17535835	2415	1622	n
17536086	2416	1621	n
17536337	2415	1622	n
17546721	2415	1623	n
17546972	2416	1622	n
17547223	2415	1621	n
17547474	2416	1621	n
17547733	2415	1619	n
17547984	2415	1618	n
17558361	2415	1618	n
17558620	2415	1621	n
17558871	2414	1621	n
17559122	2415	1621	n
17559374	2413	1622	n
17559631	2415	1621	n
17570056	2414	1621	n
17570307	2415	1622	n
17570565	2414	1622	n
17570820	2415	1622	n
17571071	2415	1622	n
17571322	2414	1621	n
17581752	2416	1623	n
17582003	2415	1620	n
17582254	2415	1623	n
17582511	2416	1621	n
17582767	2414	1623	n
17583018	2415	1621	n
17593379	2414	1619	n
17593637	2415	1622	n
17593888	2415	1621	n
17594139	2414	1621	n
17594391	2416	1619	n
17594652	2415	1622	n
17594903	2413	1622	n
17605281	2414	1621	n
17605537	2415	1621	n
17605792	2414	1621	n
17606043	2416	1621	n
17606295	2415	1621	n
17606552	2415	1622	n
17616925	2415	1622	n
17617176	2414	1622	n
17617427	2415	1622	n
17617684	2415	1622	n
17617935	2416	1622	n
17618186	2415	1622	n
17628571	2416	1623	n
17628826	2416	1622	n
17629077	2416	1622	n
17629329	2416	1622	n
17629586	2416	1622	n
17629841	2416	1622	n
17640263	2414	1622	n
17640520	2413	1621	n
17640775	2416	1621	n
17641027	2415	1621	n
17641278	2414	1620	n
17641535	2415	1622	n
17651959	2415	1622	n
17652210	2416	1623	n
17652461	2416	1622	n
17652717	2415	1621	n
17652968	2415	1622	n
17653219	2415	1621	n
17663586	2415	1623	n
17663841	2416	1623	n
17664092	2416	1622	n
17664344	2416	1623	n
17664599	2416	1622	n
17664855	2416	1622	n
17665106	2416	1625	n
17675492	2416	1621	n
17675748	2416	1621	n
17675999	2416	1622	n
17676250	2415	1621	n
17676504	2416	1621	n
17676759	2415	1623	n
17687132	2415	1621	n
17687383	2416	1620	n
17687642	2415	1621	n
17687894	2415	1619	n
17688145	2416	1623	n
17688396	2415	1622	n
17698777	2415	1623	n
17699028	2415	1622	n
17699279	2415	1621	n
17699534	2416	1620	n
17699789	2416	1619	n
17700041	2415	1623	n
17710471	2416	1621	n
17710727	2416	1622	n
17710979	2415	1621	n
17711230	2416	1622	n
17711486	2416	1623	n
17711741	2416	1621	n
17722167	2415	1622	n
17722418	2416	1626	n
17722674	2416	1625	n
17722925	2416	1621	n
17723176	2416	1622	n
17723427	2416	1621	n
17733794	2416	1621	n
17734045	2416	1622	n
17734296	2415	1622	n
17734551	2416	1621	n
17734806	2416	1621	n
17735057	2415	1623	n
17735309	2415	1621	n
17745701	2415	1621	n
17745952	2416	1621	n
17746203	2415	1619	n
17746454	2415	1623	n
17746710	2415	1621	n
17746961	2416	1622	n
17757340	2415	1623	n
17757597	2415	1623	n
17757852	2414	1620	n
17758103	2416	1622	n
17758354	2414	1623	n
17758607	2414	1621	n
17768983	2415	1619	n
17769234	2413	1620	n
17769490	2413	1621	n
17769745	2415	1621	n
17769996	2414	1619	n
17770247	2415	1621	n
17780683	2416	1620	n
17780934	2415	1622	n
17781185	2416	1621	n
17781436	2414	1622	n
17781697	2414	1621	n
17781948	2415	1621	n
17792374	2415	1619	n
17792631	2415	1621	n
17792882	2415	1623	n
17793133	2414	1621	n
17793384	2415	1621	n
17793643	2415	1622	n
17804001	2416	1622	n
17804252	2415	1621	n
17804505	2415	1623	n
17804761	2416	1623	n
17805012	2416	1621	n
17805263	2416	1622	n
17805520	2416	1623	n
17815903	2415	1621	n
17816154	2414	1621	n
17816405	2416	1619	n
17816661	2413	1621	n
17816912	2416	1622	n
17817163	2414	1621	n
17827551	2415	1621	n
17827806	2416	1621	n
17828057	2416	1621	n
17828308	2415	1621	n
17828565	2415	1623	n
17828820	2415	1621	n
17839191	2416	1623	n
17839442	2414	1621	n
17839698	2416	1621	n
17839949	2415	1622	n
17840200	2416	1622	n
17840451	2414	1623	n
17850886	2414	1622	n
17851137	2415	1623	n
17851389	2415	1621	n
17851647	2414	1622	n
17851898	2414	1619	n
17852149	2414	1621	n
17862582	2415	1622	n
17862837	2416	1622	n
17863088	2416	1622	n
17863339	2416	1621	n
17863597	2415	1621	n
17863852	2415	1623	n
17874278	2416	1621	n
17874535	2416	1621	n
17874790	2416	1622	n
17875041	2416	1622	n
17875292	2416	1623	n
17875547	2416	1621	n
17875802	2415	1622	n
17886197	2416	1622	n
17886448	2416	1625	n
17886703	2416	1622	n
17886955	2416	1622	n
17887206	2415	1622	n
17887457	2416	1621	n
17897841	2416	1623	n
17898092	2416	1622	n
17898343	2416	1621	n
17898599	2416	1623	n
17898854	2416	1621	n
17899105	2416	1622	n
17909468	2415	1622	n
17909724	2415	1621	n
17909975	2415	1622	n
17910226	2415	1622	n
17910478	2414	1619	n
17910734	2415	1621	n
17921093	2416	1623	n
17921344	2416	1620	n
17921599	2416	1621	n
17921854	2415	1622	n
17922105	2415	1622	n
17922356	2415	1621	n
17932789	2416	1623	n
17933040	2416	1623	n
17933291	2416	1622	n
17933547	2415	1622	n
17933803	2416	1623	n
17934054	2416	1622	n
17944416	2416	1626	n
17944671	2416	1623	n
17944922	2416	1622	n
17945174	2416	1623	n
17945425	2415	1621	n
17945681	2415	1625	n
17945932	2415	1620	n
17956318	2416	1622	n
17956571	2416	1622	n
17956826	2416	1622	n
17957078	2416	1622	n
17957329	2415	1621	n
17957586	2416	1623	n
17967962	2415	1623	n
17968213	2415	1622	n
17968464	2416	1621	n
17968720	2414	1622	n
17968971	2413	1621	n
17969222	2415	1621	n
17979608	2415	1621	n
17979885	2416	1622	n
17980146	2415	1622	n
17980419	2416	1626	n
17980675	2416	1621	n
17980926	2416	1622	n
17991301	2416	1621	n
17991816	2415	1619	n
17992067	2415	1622	n
17992318	2415	1619	n
17992580	2416	1622	n
17992858	2416	1621	n
18003239	2416	1622	Time:00:00:00:00;;
18003940	2415	1621	n
18004222	2415	1621	n
18004473	2414	1622	n
18004733	2416	1622	n
18004984	2415	1622	n
18015460	2417	1623	n
18015942	2415	1622	n
18016193	2416	1624	n
18016444	2416	1623	n
18016731	2415	1623	n
18016982	2416	1622	n
18027406	2416	1620	n
18027886	2416	1623	n
18028168	2416	1623	n
18028419	2416	1625	n
18028675	2416	1622	n
18028926	2416	1625	n
18029208	2415	1622	n
18039641	2415	1621	n
18040118	2416	1622	n
18040369	2416	1623	n
18040658	2415	1621	n
18040910	2415	1622	n
18041161	2414	1622	n
18051593	2415	1623	n
18052107	2416	1622	n
18052359	2416	1621	n
18052614	2416	1621	n
18052869	2416	1622	n
18053151	2415	1622	n
18063530	2416	1622	Time:00:00:00:00;;
18064226	2416	1622	n
18064490	2416	1623	n
18064768	2416	1623	n
18065019	2416	1622	n
18065270	2416	1622	n
18075658	2415	1623	n
18076167	2416	1623	n
18076418	2416	1626	n
18076674	2416	1623	n
18076934	2416	1621	n
18077208	2416	1623	n
18087608	2416	1623	n
18088088	2416	1623	n
18088348	2416	1622	n
18088628	2416	1621	n
18088879	2415	1621	n
18089130	2416	1621	n
18089390	2416	1623	n
18099847	2415	1622	n
18100324	2416	1622	n
18100579	2415	1622	n
18100844	2416	1624	n
18101117	2415	1622	n
18101368	2416	1623	n
18111792	2416	1622	n
18112283	2415	1622	n
18112562	2416	1623	n
18112817	2416	1622	n
18113068	2416	1623	n
18113328	2416	1625	n
18123755	2416	1623	n
18124233	2416	1621	n
18124490	2415	1622	n
18124755	2415	1622	n
18125028	2416	1622	n
18125279	2416	1623	n
18125534	2415	1621	n
18135977	2416	1621	n
18136486	2416	1622	n
18136741	2416	1622	n
18136992	2416	1622	n
18137252	2416	1622	n
18137530	2416	1623	n
18147931	2416	1623	n
18148408	2416	1621	n
18148664	2416	1623	n
18148946	2416	1623	n
18149197	2416	1622	n
18149448	2416	1622	n
18159869	2416	1621	n
18160382	2416	1623	n
18160643	2416	1621	n
18160894	2416	1623	n
18161145	2416	1625	n
18161428	2416	1623	n
18161685	2415	1622	n
18172116	2416	1623	n
18172603	2416	1621	n
18172887	2416	1622	n
18173138	2416	1623	n
18173389	2416	1623	n
18173648	2415	1622	n
18184079	2416	1622	n
18184562	2416	1622	n
18184817	2416	1623	n
18185068	2416	1622	n
18185350	2416	1621	n
18185606	2415	1623	n
18195990	2416	1623	n
18196471	2416	1622	n
18196758	2416	1625	n
18197009	2416	1621	n
18197260	2416	1623	n
18197517	2416	1623	n
18197804	2416	1623	n
18208171	2416	1622	n
18208657	2416	1622	n
18208908	2416	1623	n
18209168	2416	1623	n
18209442	2415	1623	n
18209698	2416	1623	n
18220122	2416	1623	Time:00:00:00:00;;
18220664	2415	1623	n
18220915	2416	1622	n
18221166	2416	1622	n
18221417	2416	1623	n
18221673	2416	1621	n
18232060	2416	1621	n
18232311	2416	1622	n
18232569	2416	1624	n
18232824	2416	1622	n
18233076	2416	1622	n
18233327	2415	1622	n
18243707	2416	1621	n
18243958	2416	1623	n
18244209	2416	1623	n
18244460	2416	1623	n
18244716	2416	1622	n
18244967	2416	1625	n
18255347	2417	1622	n
18255604	2416	1622	n
18255859	2416	1622	n
18256110	2412	1621	n
18256361	2416	1622	n
18256619	2414	1621	n
18267042	2416	1623	n
18267293	2416	1623	n
18267548	2416	1621	n
18267803	2416	1622	n
18268054	2416	1623	n
18268306	2415	1624	n
18278738	2416	1622	n
18278989	2416	1619	n
18279240	2416	1620	n
18279497	2416	1622	n
18279752	2416	1622	n
18280003	2415	1623	n
18290365	2415	1621	n
18290624	2416	1622	n
18290875	2415	1623	n
18291126	2416	1621	n
18291378	2416	1623	n
18291638	2416	1622	n
18291889	2416	1621	n
18302267	2416	1623	n
18302520	2415	1621	n
18302776	2416	1622	n
18303027	2415	1622	n
18303278	2415	1622	n
18303534	2415	1623	n
18313911	2416	1622	n
18314162	2415	1623	n
18314413	2415	1623	n
18314669	2415	1622	n
18314920	2416	1619	n
18315171	2415	1622	n
18325557	2416	1623	n
18325812	2416	1623	n
18326063	2417	1623	n
18326314	2416	1621	n
18326572	2415	1623	n
18326827	2416	1623	n
18337250	2416	1621	n
18337503	2415	1625	n
18337759	2416	1621	n
18338010	2416	1624	n
18338261	2416	1622	n
18338517	2416	1622	n
18348946	2415	1622	n
18349197	2416	1621	n
18349448	2415	1621	n
18349703	2415	1622	n
18349955	2416	1621	n
18350206	2416	1623	n
18360572	2415	1623	n
18360827	2416	1622	n
18361078	2415	1622	n
18361329	2415	1623	n
18361586	2416	1623	n
18361842	2416	1621	n
18362093	2416	1622	n
18372475	2416	1622	n
18372733	2416	1622	n
18372984	2416	1622	n
18373235	2416	1623	n
18373490	2416	1623	n
18373746	2416	1622	n
18384118	2416	1623	n
18384369	2416	1622	n
18384627	2416	1623	n
18384878	2415	1622	n
18385129	2416	1622	n
18385380	2416	1623	n
18395765	2416	1623	n
18396017	2415	1623	n
18396268	2415	1621	n
18396521	2416	1622	n
18396777	2416	1622	n
18397028	2416	1622	n
18407457	2416	1623	n
18407713	2414	1621	n
18407964	2416	1621	n
18408215	2415	1621	n
18408467	2415	1622	n
18408722	2415	1622	n
18419153	2416	1623	n
18419404	2416	1622	n
18419660	2416	1623	n
18419911	2416	1623	n
18420162	2416	1623	n
18420413	2416	1622	n
18430780	2415	1622	n
18431031	2416	1623	n
18431282	2415	1621	n
18431537	2416	1622	n
18431792	2416	1622	n
18432043	2418	1623	n
18432294	2416	1624	n
18442686	2416	1622	n
18442938	2416	1621	n
18443189	2416	1622	n
18443440	2415	1623	n
18443697	2415	1622	n
18443949	2416	1619	n
18454326	2416	1623	n
18454582	2415	1621	n
18454837	2416	1621	n
18455088	2415	1621	n
18455340	2416	1622	n
18455597	2416	1622	n
18465970	2416	1622	n
18466221	2416	1622	n
18466472	2416	1622	n
18466733	2416	1621	n
18466984	2416	1623	n
18467235	2416	1626	n
18477669	2414	1621	n
18477920	2415	1621	n
18478172	2414	1622	n
18478423	2416	1622	n
18478679	2415	1621	n
18478930	2414	1621	n
18489361	2416	1621	n
18489620	2415	1621	n
18489871	2415	1621	n
18490123	2415	1622	n
18490374	2415	1621	n
18490631	2416	1622	n
18501057	2416	1622	n
18501308	2416	1621	n
18501564	2416	1623	n
18501820	2416	1622	n
18502071	2415	1621	n
18502322	2416	1622	n
18502575	2416	1623	n
18512976	2416	1623	n
18513227	2415	1622	n
18513480	2416	1622	n
18513735	2416	1622	n
18513986	2415	1621	n
18514237	2416	1622	n
18524627	2416	1623	n
18524878	2415	1621	n
18525129	2416	1622	n
18525381	2415	1619	n
18525638	2415	1621	n
18525889	2416	1622	n
18536246	2416	1621	n
18536503	2415	1621	n
18536758	2415	1620	n
18537009	2415	1621	n
18537261	2415	1622	n
18537518	2415	1622	n
18547958	2416	1621	n
18548209	2416	1622	n
18548460	2416	1622	n
18548716	2416	1622	n
18548967	2416	1623	n
18549219	2416	1623	n
18559658	2416	1621	n
18559909	2415	1623	n
18560161	2415	1622	n
18560412	2416	1619	n
18560667	2414	1620	n
18560918	2416	1618	n
18571333	2415	1621	n
18571588	2416	1618	n
18571844	2415	1621	n
18572095	2415	1619	n
18572346	2414	1619	n
18572603	2414	1622	n
18572859	2414	1621	n
18583270	2416	1622	n
18583523	2416	1621	n
18583778	2415	1621	n
18584029	2416	1622	n
18584280	2416	1621	n
18584537	2416	1623	n
18594913	2415	1621	n
18595164	2415	1622	n
18595415	2416	1625	n
18595670	2416	1622	n
18595921	2416	1623	n
18596172	2416	1622	n
18606608	2416	1622	n
18606864	2416	1623	n
18607115	2416	1623	n
18607366	2416	1621	n
18607628	2413	1621	n
18607879	2415	1621	n
18618235	2416	1622	n
18618490	2416	1623	n
18618746	2416	1623	n
18618997	2416	1623	n
18619248	2415	1623	n
18619503	2416	1622	n
18629948	2416	1623	n
18630199	2415	1621	n
18630450	2415	1621	n
18630705	2415	1623	n
18630957	2416	1622	n
18631208	2415	1625	n
18641631	2416	1623	n
18641882	2416	1623	n
18642133	2416	1622	n
18642384	2416	1623	n
18642643	2416	1623	n
18642894	2416	1623	n
18643145	2415	1623	n
18653569	2415	1620	n
18653825	2414	1621	n
18654076	2414	1622	n
18654327	2414	1621	n
18654582	2415	1622	n
18654837	2416	1623	n
18665207	2416	1623	n
18665458	2417	1623	n
18665714	2416	1623	n
18665965	2416	1622	n
18666216	2416	1621	n
18666467	2416	1622	n
18676902	2416	1621	n
18677153	2415	1620	n
18677404	2416	1620	n
18677660	2416	1620	n
18677912	2416	1623	n
18678163	2416	1623	n
18688598	2415	1623	n
18688853	2416	1622	n
18689104	2414	1622	n
18689356	2416	1621	n
18689609	2416	1621	n
18689864	2416	1622	n
18700225	2414	1619	n
18700476	2415	1621	n
18700732	2415	1619	n
18700984	2413	1619	n
18701235	2415	1620	n
18701490	2415	1621	n
18701745	2415	1621	n
18712127	2415	1623	n
18712378	2416	1621	n
18712637	2415	1622	n
18712889	2416	1619	n
18713140	2416	1621	n
18713391	2415	1621	n
18723773	2415	1622	n
18724024	2416	1622	n
18724276	2416	1621	n
18724530	2416	1623	n
18724785	2416	1621	n
18725036	2416	1623	n
18735415	2415	1623	n
18735670	2416	1623	n
18735921	2414	1625	n
18736172	2416	1621	n
18736423	2415	1622	n
18736679	2415	1622	n
18747110	2414	1621	n
18747361	2415	1619	n
18747619	2415	1621	n
18747870	2415	1621	n
18748121	2415	1621	n
18748372	2414	1622	n
18758806	2414	1625	n
18759057	2415	1622	n
18759308	2416	1621	n
18759564	2416	1621	n
18759820	2415	1622	n
18760071	2415	1622	n
18770432	2416	1622	n
18770690	2414	1622	n
18770941	2415	1621	n
18771192	2416	1622	n
18771443	2415	1621	n
18771699	2416	1623	n
18771951	2416	1623	n
18782335	2416	1620	n
18782588	2416	1623	n
18782844	2416	1621	n
18783095	2416	1622	n
18783346	2415	1621	n
18783600	2416	1621	n
18793978	2415	1622	n
18794229	2415	1621	n
18794486	2416	1621	n
18794741	2415	1622	n
18794992	2415	1621	n
18795243	2416	1621	n
18805628	2416	1622	n
18805880	2416	1621	n
18806131	2416	1621	n
18806382	2416	1621	n
18806643	2416	1621	n
18806894	2416	1622	n
18817317	2416	1622	n
18817571	2416	1622	n
18817826	2416	1623	n
18818077	2416	1623	n
18818328	2415	1623	n
18818586	2416	1621	n
18829013	2416	1626	n
18829264	2416	1622	n
18829520	2415	1623	n
18829775	2416	1621	n
18830027	2415	1621	n
18830278	2415	1622	n
18840644	2416	1623	n
18840895	2416	1621	n
18841147	2415	1621	n
18841398	2414	1619	n
18841655	2414	1620	n
18841907	2416	1621	n
18842158	2416	1622	n
18852548	2416	1621	n
18852803	2416	1621	n
18853054	2416	1621	n
18853305	2416	1622	n
18853562	2416	1620	n
18853818	2416	1622	n
18864186	2415	1622	n
18864437	2416	1622	n
18864697	2415	1623	n
18864949	2416	1623	n
18865200	2415	1622	n
18865451	2416	1623	n
18875830	2416	1622	n
18876081	2415	1621	n
18876332	2415	1622	n
18876589	2416	1622	n
18876844	2415	1623	n
18877095	2414	1622	n
18887530	2415	1622	n
18887785	2416	1621	n
18888037	2416	1623	n
18888288	2416	1622	n
18888545	2416	1622	n
18888800	2416	1622	n
18899221	2416	1623	n
18899472	2415	1623	n
18899728	2416	1622	n
18899980	2416	1622	n
18900231	2415	1622	n
18900485	2415	1622	n
18910847	2416	1622	n
18911098	2416	1622	n
18911349	2416	1623	n
18911606	2416	1623	n
18911861	2416	1622	n
18912113	2415	1623	n
18912364	2416	1623	n
18922754	2415	1621	n
18923005	2414	1621	n
18923256	2416	1621	n
18923513	2416	1620	n
18923769	2415	1622	n
18924020	2416	1622	n
18934393	2416	1621	n
18934652	2416	1623	n
18934903	2416	1623	n
18935154	2415	1622	n
18935405	2416	1620	n
18935661	2415	1623	n
18946037	2416	1624	n
18946288	2416	1622	n
18946545	2416	1623	n
18946800	2416	1622	n
18947051	2416	1621	n
18947302	2416	1623	n
18957736	2416	1622	n
18957987	2416	1622	n
18958238	2416	1623	n
18958493	2416	1623	n
18958748	2416	1622	n
18958999	2415	1622	n
18969428	2415	1622	n
18969683	2415	1623	n
18969935	2415	1621	n
18970186	2414	1622	n
18970437	2414	1621	n
18970697	2414	1621	n
18981064	2414	1621	n
18981382	2413	1621	n
18981643	2415	1622	n
18981894	2415	1621	n
18982154	2415	1622	n
18982427	2416	1620	n
18982684	2416	1622	n
18993043	2415	1622	n
18993522	2416	1621	n
18993809	2416	1622	n
18994060	2416	1622	n
18994311	2416	1621	n
18994569	2416	1622	n
19005006	2416	1622	Time:00:00:00:00;;
19005707	2416	1623	n
19005958	2416	1621	n
19006240	2413	1622	n
19006497	2416	1622	n
19016901	2415	1622	n
19017377	2416	1622	n
19017647	2416	1621	n
19017920	2416	1623	n
19018171	2415	1622	n
19018423	2415	1623	n
19018687	2416	1621	n
19029102	2416	1621	n
19029581	2416	1621	n
19029837	2416	1622	n
19030096	2416	1622	n
19030370	2416	1621	n
19030627	2416	1622	n
19041016	2414	1621	n
19041504	2416	1622	n
19041782	2416	1622	n
19042033	2416	1622	n
19042284	2416	1622	n
19042546	2415	1621	n
19052953	2415	1623	n
19053432	2415	1622	n
19053689	2414	1619	n
19053949	2415	1621	n
19054222	2416	1622	n
19054474	2415	1622	n
19054732	2416	1623	n
19065148	2415	1622	Time:00:00:00:00;;
19065879	2416	1622	n
19066130	2416	1623	n
19066382	2416	1622	n
19066674	2416	1622	n
19077034	2416	1623	n
19077517	2416	1622	n
19077772	2416	1623	n
19078031	2416	1623	n
19078305	2416	1619	n
19078562	2416	1623	n
19078817	2416	1621	n
19089212	2416	1622	n
19089727	2416	1625	n
19089978	2416	1623	n
19090229	2416	1623	n
19090493	2415	1625	n
19090772	2416	1623	n
19101166	2415	1620	n
19101651	2416	1621	n
19101911	2415	1623	n
19102185	2415	1621	n
19102436	2414	1621	n
19102697	2416	1621	n
19113087	2415	1621	n
19113603	2416	1621	n
19113858	2415	1623	n
19114110	2415	1619	n
19114370	2416	1623	n
19114652	2415	1622	n
19114903	2416	1621	n
19125265	2416	1623	n
19125748	2415	1622	n
19126031	2416	1622	n
19126282	2416	1623	n
19126537	2416	1622	n
19126792	2416	1622	n
19137227	2416	1622	n
19137712	2416	1622	n
19137963	2415	1623	n
19138214	2416	1621	n
19138500	2416	1620	n
19138755	2413	1620	n
19149139	2416	1622	n
19149624	2415	1621	n
19149906	2416	1623	n
19150158	2415	1622	n
19150409	2416	1621	n
19150664	2415	1622	n
19150946	2416	1621	n
19161319	2414	1619	n
19161810	2416	1622	n
19162061	2416	1621	n
19162321	2416	1623	n
19162599	2415	1622	n
19162855	2414	1622	n
19173271	2415	1622	n
19173772	2416	1622	n
19174045	2416	1623	n
19174296	2416	1623	n
19174551	2416	1623	n
19174815	2415	1622	n
19185261	2416	1622	n
19185749	2416	1622	n
19186001	2416	1622	n
19186261	2416	1622	n
19186537	2416	1622	n
19186792	2416	1622	n
19187043	2416	1621	n
19197456	2416	1623	n
19197973	2416	1622	n
19198224	2416	1622	n
19198475	2416	1622	n
19198741	2416	1622	n
19199016	2415	1622	n
19209393	2416	1622	n
19209877	2416	1621	n
19210137	2416	1621	n
19210410	2416	1621	n
19210666	2416	1623	n
19210917	2415	1621	n
19221313	2416	1622	Time:00:00:00:00;;
19221834	2416	1622	n
19222085	2416	1626	n
19222336	2416	1623	n
19222589	2416	1623	n
19222845	2416	1623	n
19233233	2416	1621	n
19233490	2416	1621	n
19233746	2416	1622	n
19233997	2416	1621	n
19234248	2415	1622	n
19234503	2415	1622	n
19244945	2416	1623	n
19245196	2416	1623	n
19245448	2414	1621	n
19245703	2416	1622	n
19245954	2415	1621	n
19246206	2416	1622	n
19256645	2415	1623	n
19256896	2416	1622	n
19257147	2416	1623	n
19257399	2416	1621	n
19257656	2416	1622	n
19257907	2416	1622	n
19268320	2416	1622	n
19268573	2416	1623	n
19268829	2415	1622	n
19269080	2416	1621	n
19269331	2416	1622	n
19269586	2416	1623	n
19269841	2416	1621	n
19280256	2415	1622	n
19280511	2415	1622	n
19280766	2416	1622	n
19281017	2415	1623	n
19281269	2416	1623	n
19281522	2416	1619	n
19291900	2415	1621	n
19292151	2416	1622	n
19292402	2416	1623	n
19292658	2416	1622	n
19292910	2415	1622	n
19293161	2415	1623	n
19303600	2416	1622	n
19303855	2415	1622	n
19304106	2416	1621	n
19304357	2416	1623	n
19304615	2416	1622	n
19304870	2416	1621	n
19315291	2416	1619	n
19315547	2415	1622	n
19315803	2414	1621	n
19316054	2415	1622	n
19316305	2415	1622	n
19316562	2415	1621	n
19326934	2415	1621	n
19327185	2415	1621	n
19327436	2416	1623	n
19327697	2415	1621	n
19327948	2415	1621	n
19328199	2416	1621	n
19338613	2416	1621	n
19338868	2416	1623	n
19339120	2416	1622	n
19339371	2415	1622	n
19339628	2416	1623	n
19339879	2415	1622	n
19340130	2416	1621	n
19350553	2416	1622	n
19350809	2416	1622	n
19351060	2415	1622	n
19351311	2416	1623	n
19351565	2416	1623	n
19351821	2416	1623	n
19362193	2415	1621	n
19362444	2413	1622	n
19362700	2415	1622	n
19362951	2415	1622	n
19363202	2416	1621	n
19363453	2416	1622	n
19373888	2416	1622	n
19374139	2415	1623	n
19374391	2416	1621	n
19374652	2414	1621	n
19374903	2415	1622	n
19375154	2416	1621	n
19385584	2416	1623	n
19385839	2416	1622	n
19386090	2416	1623	n
19386341	2416	1622	n
19386597	2416	1626	n
19386852	2416	1623	n
19397211	2416	1622	n
19397462	2416	1623	n
19397718	2416	1622	n
19397969	2416	1623	n
19398220	2416	1622	n
19398471	2416	1623	n
19398727	2416	1623	n
19409113	2416	1623	n
19409364	2416	1622	n
19409624	2416	1621	n
19409875	2415	1619	n
19410126	2416	1623	n
19410377	2415	1620	n
19420761	2416	1621	n
19421012	2416	1623	n
19421264	2416	1621	n
19421520	2416	1622	n
19421776	2415	1621	n
19422027	2416	1623	n
19432401	2416	1620	n
19432657	2416	1623	n
19432908	2416	1621	n
19433160	2416	1621	n
19433411	2416	1621	n
19433666	2416	1623	n
19444096	2416	1623	n
19444347	2416	1621	n
19444602	2415	1623	n
19444858	2416	1623	n
19445109	2415	1621	n
19445360	2416	1623	n
19455792	2415	1621	n
19456043	2416	1622	n
19456294	2416	1621	n
19456551	2415	1622	n
19456807	2415	1619	n
19457058	2415	1621	n
19467419	2415	1625	n
19467674	2416	1624	n
19467926	2416	1620	n
19468177	2416	1623	n
19468428	2415	1621	n
19468684	2414	1621	n
19468935	2415	1622	n
19479321	2416	1625	n
19479574	2416	1622	n
19479830	2416	1622	n
19480081	2416	1622	n
19480332	2415	1623	n
19480589	2416	1622	n
19490965	2415	1622	n
19491216	2415	1622	n
19491467	2415	1622	n
19491723	2416	1620	n
19491975	2415	1623	n
19492226	2415	1622	n
19502609	2416	1622	n
19502865	2416	1623	n
19503116	2416	1622	n
19503367	2416	1620	n
19503627	2416	1623	n
19503878	2416	1621	n
19514303	2416	1621	n
19514557	2416	1624	n
19514812	2416	1622	n
19515063	2416	1622	n
19515314	2415	1621	n
19515572	2416	1622	n
19525999	2417	1622	n
19526250	2415	1623	n
19526503	2416	1622	n
19526759	2416	1622	n
19527010	2415	1622	n
19527261	2416	1623	n
19537630	2415	1619	n
19537881	2415	1621	n
19538133	2414	1619	n
19538384	2415	1621	n
19538643	2413	1621	n
19538894	2415	1620	n
19539145	2416	1620	n
19549534	2415	1622	n
19549790	2415	1623	n
19550041	2415	1621	n
19550292	2415	1623	n
19550547	2416	1621	n
19550803	2414	1621	n
19561172	2416	1622	n
19561423	2415	1623	n
19561679	2415	1622	n
19561930	2416	1621	n
19562181	2416	1622	n
19562432	2416	1623	n
19572816	2415	1623	n
19573067	2416	1623	n
19573318	2415	1622	n
19573571	2416	1622	n
19573826	2415	1622	n
19574077	2416	1622	n
19584517	2416	1623	n
19584773	2416	1622	n
19585024	2415	1621	n
19585275	2416	1623	n
19585530	2416	1621	n
19585785	2416	1623	n
19596207	2416	1622	n
19596458	2416	1622	n
19596714	2416	1620	n
19596965	2415	1622	n
19597216	2415	1622	n
19597467	2416	1622	n
19607834	2416	1622	n
19608085	2416	1623	n
19608336	2416	1621	n
19608589	2415	1622	n
19608845	2415	1620	n
19609096	2416	1623	n
19609347	2416	1621	n
19619740	2416	1621	n
19619992	2416	1622	n
19620243	2415	1622	n
19620500	2415	1622	n
19620755	2416	1622	n
19621006	2415	1619	n
19631380	2415	1622	n
19631637	2415	1622	n
19631888	2416	1622	n
19632140	2415	1621	n
19632391	2415	1621	n
19632652	2416	1621	n
19643023	2415	1621	n
19643274	2416	1622	n
19643530	2416	1621	n
19643785	2415	1622	n
19644037	2415	1623	n
19644288	2416	1622	n
19654723	2416	1624	n
19654974	2415	1621	n
19655225	2416	1622	n
19655477	2416	1622	n
19655733	2416	1621	n
19655984	2416	1622	n
19666414	2416	1621	n
19666669	2415	1621	n
19666921	2415	1623	n
19667172	2416	1622	n
19667423	2416	1622	n
19667679	2415	1622	n
19678041	2416	1621	n
19678292	2416	1621	n
19678548	2414	1622	n
19678803	2416	1621	n
19679054	2415	1620	n
19679306	2416	1620	n
19679563	2416	1622	n
19689943	2416	1621	n
19690194	2416	1625	n
19690445	2415	1623	n
19690701	2415	1621	n
19690952	2415	1619	n
19691203	2414	1621	n
19701589	2416	1622	n
19701844	2416	1622	n
19702095	2416	1623	n
19702347	2415	1621	n
19702604	2416	1622	n
19702859	2416	1621	n
19713231	2414	1623	n
19713486	2415	1622	n
19713741	2415	1620	n
19713993	2415	1621	n
19714244	2415	1622	n
19714500	2415	1621	n
19724926	2415	1623	n
19725177	2415	1619	n
19725429	2415	1621	n
19725690	2416	1620	n
19725941	2415	1621	n
19726192	2415	1622	n
19736626	2415	1622	n
19736877	2416	1627	n
19737128	2416	1622	n
19737380	2416	1622	n
19737638	2416	1621	n
19737889	2415	1623	n
19748249	2416	1621	n
19748502	2416	1622	n
19748758	2416	1623	n
19749009	2416	1621	n
19749260	2415	1622	n
19749517	2416	1623	n
19749772	2416	1621	n
19760151	2416	1623	n
19760402	2416	1621	n
19760658	2416	1623	n
19760910	2416	1621	n
19761161	2416	1621	n
19761412	2416	1622	n
19771795	2415	1623	n
19772046	2416	1622	n
19772297	2415	1621	n
19772554	2416	1622	n
19772809	2416	1622	n
19773061	2415	1621	n
19783438	2414	1623	n
19783697	2416	1620	n
19783948	2416	1622	n
19784199	2416	1621	n
19784450	2415	1622	n
19784705	2416	1622	n
19795133	2416	1623	n
19795384	2416	1622	n
19795643	2416	1622	n
19795894	2416	1622	n
19796145	2416	1623	n
19796396	2416	1621	n
19806829	2416	1622	n
19807080	2416	1622	n
19807331	2415	1622	n
19807585	2416	1623	n
19807841	2416	1622	n
19808092	2416	1621	n
19818456	2416	1621	n
19818711	2416	1621	n
19818962	2415	1621	n
19819214	2416	1621	n
19819465	2416	1619	n
19819720	2415	1622	n
19819971	2416	1620	n
19830358	2416	1623	n
19830614	2416	1625	n
19830869	2415	1621	n
19831120	2415	1621	n
19831371	2416	1622	n
19831628	2416	1623	n
19842002	2416	1621	n
19842253	2416	1621	n
19842506	2416	1623	n
19842762	2416	1623	n
19843013	2416	1619	n
19843264	2416	1623	n
19853650	2416	1622	n
19853901	2416	1621	n
19854152	2416	1621	n
19854403	2415	1622	n
19854659	2416	1622	n
19854910	2415	1622	n
19865341	2416	1623	n
19865596	2416	1621	n
19865851	2415	1622	n
19866103	2416	1622	n
19866354	2416	1621	n
19866607	2416	1621	n
19877037	2416	1622	n
19877288	2416	1623	n
19877545	2416	1621	n
19877800	2416	1621	n
19878051	2416	1622	n
19878303	2416	1621	n
19888668	2416	1622	n
19888919	2416	1621	n
19889170	2415	1623	n
19889422	2416	1623	n
19889677	2415	1622	n
19889929	2416	1621	n
19890180	2414	1623	n
19900572	2416	1623	n
19900827	2416	1621	n
19901078	2416	1622	n
19901329	2415	1619	n
19901586	2415	1622	n
19901842	2415	1622	n
19912210	2416	1621	n
19912461	2416	1622	n
19912717	2415	1622	n
19912968	2416	1621	n
19913219	2415	1621	n
19913470	2415	1622	n
19923853	2416	1622	n
19924104	2416	1620	n
19924355	2415	1621	n
19924609	2416	1622	n
19924864	2416	1621	n
19925115	2416	1623	n
19935554	2416	1622	n
19935809	2415	1621	n
19936061	2416	1623	n
19936312	2415	1622	n
19936569	2416	1623	n
19936824	2415	1622	n
19947244	2415	1622	n
19947499	2416	1623	n
19947755	2416	1622	n
19948006	2416	1623	n
19948257	2416	1623	n
19948514	2416	1623	n
19958940	2416	1622	n
19959191	2416	1621	n
19959442	2415	1623	n
19959698	2416	1622	n
19959949	2416	1621	n
19960201	2416	1622	n
19960452	2415	1625	n
19970860	2416	1623	n
19971111	2416	1625	n
19971362	2415	1621	n
19971620	2416	1621	n
19971871	2416	1623	n
19972122	2416	1623	n
19982505	2415	1623	n
19982850	2415	1622	n
19983101	2416	1622	n
19983383	2416	1622	n
19983643	2415	1623	n
19983894	2415	1622	n
19994285	2416	1621	n
19994801	2415	1621	n
19995052	2416	1622	n
19995303	2415	1619	n
19995557	2415	1623	n
19995841	2415	1621	n
20006239	2416	1622	Time:00:00:00:00;;
20006939	2416	1622	n
20007199	2416	1622	n
20007473	2415	1622	n
20007733	2415	1621	n
20007985	2416	1623	n
20018366	2416	1623	n
20018882	2415	1623	n
20019133	2416	1622	n
20019384	2415	1621	n
20019651	2416	1623	n
20019925	2416	1621	n
20030303	2415	1620	n
20030786	2415	1622	n
20031046	2415	1621	n
20031319	2416	1621	n
20031572	2414	1621	n
20031828	2416	1621	n
20032088	2414	1622	n
20042545	2415	1622	n
20043027	2415	1622	n
20043278	2416	1621	n
20043544	2416	1623	n
20043823	2415	1621	n
20044074	2415	1622	n
20054493	2416	1623	n
20054983	2416	1622	n
20055256	2416	1623	n
20055513	2416	1623	n
20055769	2416	1621	n
20056029	2416	1622	n
20066451	2415	1621	Time:00:00:00:00;;
20067146	2416	1620	n
20067398	2415	1619	n
20067686	2415	1621	n
20067937	2414	1621	n
20068188	2414	1620	n
20078588	2415	1625	n
20079077	2415	1621	n
20079351	2416	1622	n
20079606	2415	1619	n
20079861	2416	1621	n
20080121	2416	1623	n
20090511	2416	1622	n
20090991	2416	1621	n
20091242	2416	1622	n
20091504	2416	1623	n
20091782	2416	1622	n
20092033	2415	1622	n
20102443	2415	1623	n
20102934	2416	1622	n
20103207	2416	1623	n
20103459	2416	1623	n
20103714	2416	1622	n
20103974	2415	1622	n
20104248	2416	1622	n
20114643	2414	1621	n
20115126	2415	1622	n
20115386	2415	1622	n
20115669	2415	1622	n
20115920	2415	1622	n
20116172	2415	1623	n
20126561	2416	1622	n
20127073	2416	1622	n
20127324	2416	1622	n
20127579	2417	1622	n
20127835	2416	1621	n
20128117	2416	1622	n
20138499	2416	1623	n
20138980	2416	1625	n
20139231	2416	1625	n
20139517	2416	1623	n
20139772	2416	1623	n
20140024	2416	1623	n
20140275	2416	1623	n
20150695	2416	1623	n
20151181	2416	1623	n
20151432	2416	1623	n
20151690	2416	1622	n
20151950	2416	1621	n
20152223	2416	1621	n
20162611	2416	1621	n
20163099	2415	1621	n
20163358	2415	1622	n
20163638	2415	1622	n
20163889	2416	1622	n
20164140	2416	1622	n
20174548	2415	1621	n
20175066	2414	1623	n
20175317	2415	1622	n
20175571	2416	1622	n
20175835	2416	1621	n
20176109	2415	1622	n
20176360	2416	1622	n
20186747	2416	1622	n
20187234	2415	1624	n
20187513	2415	1623	n
20187769	2415	1620	n
20188020	2416	1619	n
20188280	2416	1622	n
20198676	2415	1621	n
20199159	2416	1621	n
20199410	2414	1621	n
20199666	2416	1621	n
20199948	2416	1621	n
20200199	2415	1623	n
20210601	2416	1622	n
20211081	2416	1622	Time:00:00:00:00;;
20211583	2415	1623	n
20211838	2416	1621	n
20212089	2416	1622	n
20212372	2416	1622	n
20222761	2416	1623	n
20223012	2416	1623	n
20223263	2416	1622	n
20223520	2416	1621	n
20223775	2416	1623	n
20224027	2416	1622	n
20234457	2416	1623	n
20234713	2416	1622	n
20234964	2416	1621	n
20235215	2416	1623	n
20235466	2416	1622	n
20235721	2415	1622	n
20246136	2415	1621	n
20246387	2415	1621	n
20246647	2414	1621	n
20246898	2414	1621	n
20247149	2416	1621	n
20247400	2416	1621	n
20247657	2416	1622	n
20258072	2416	1625	n
20258323	2416	1622	n
20258579	2415	1622	n
20258834	2416	1621	n
20259086	2416	1621	n
20259337	2416	1622	n
20269720	2416	1622	n
20269971	2416	1623	n
20270222	2415	1622	n
20270474	2415	1622	n
20270733	2416	1622	n
20270984	2415	1623	n
20281411	2416	1622	n
20281667	2416	1625	n
20281918	2416	1623	n
20282169	2416	1621	n
20282420	2415	1625	n
20282676	2416	1622	n
20293038	2415	1621	n
20293289	2416	1624	n
20293545	2416	1622	n
20293800	2416	1622	n
20294051	2415	1622	n
20294302	2415	1621	n
20304668	2415	1621	n
20304919	2415	1622	n
20305170	2415	1623	n
20305421	2415	1625	n
20305677	2415	1623	n
20305928	2414	1621	n
20316343	2416	1623	n
20316599	2416	1623	n
20316854	2416	1621	n
20317105	2416	1622	n
20317357	2416	1622	n
20317609	2415	1625	n
20317865	2416	1621	n
20328280	2416	1623	n
20328537	2416	1622	n
20328792	2415	1623	n
20329043	2416	1622	n
20329294	2416	1622	n
20329552	2416	1622	n
20339923	2416	1621	n
20340174	2416	1623	n
20340425	2415	1622	n
20340681	2415	1622	n
20340932	2415	1622	n
20341183	2415	1619	n
20351623	2416	1622	n
20351874	2415	1621	n
20352125	2415	1621	n
20352376	2416	1623	n
20352633	2416	1621	n
20352884	2415	1621	n
20363245	2415	1622	n
20363500	2416	1623	n
20363755	2416	1622	n
20364006	2416	1622	n
20364257	2416	1622	n
20364514	2416	1622	n
20374958	2416	1622	n
20375209	2416	1622	n
20375460	2416	1621	n
20375716	2415	1622	n
20375967	2415	1621	n
20376218	2414	1621	n
20386641	2416	1621	n
20386892	2415	1622	n
20387143	2415	1621	n
20387394	2415	1621	n
20387653	2416	1621	n
20387904	2414	1621	n
20388155	2416	1622	n
20398575	2416	1621	n
20398830	2416	1623	n
20399081	2416	1620	n
20399333	2416	1622	n
20399588	2415	1621	n
20399844	2416	1622	n
20410217	2416	1622	n
20410468	2415	1622	n
20410724	2416	1622	n
20410975	2416	1622	n
20411226	2415	1621	n
20411478	2415	1622	n
20421912	2415	1622	n
20422163	2415	1621	n
20422415	2416	1623	n
20422670	2416	1621	n
20422921	2415	1619	n
20423172	2416	1622	n
20433608	2415	1621	n
20433863	2415	1621	n
20434114	2415	1622	n
20434365	2416	1622	n
20434624	2415	1619	n
20434876	2415	1621	n
20445235	2416	1622	n
20445490	2416	1625	n
20445745	2416	1623	n
20445996	2416	1623	n
20446248	2415	1621	n
20446503	2415	1622	n
20446758	2415	1622	n
20457137	2416	1621	n
20457388	2415	1621	n
20457647	2416	1623	n
20457898	2416	1621	n
20458149	2416	1622	n
20458400	2416	1622	n
20468783	2416	1622	n
20469034	2416	1622	n
20469285	2416	1621	n
20469538	2416	1622	n
20469793	2414	1620	n
20470044	2415	1622	n
20480425	2416	1621	n
20480681	2415	1623	n
20480932	2415	1621	n
20481183	2416	1622	n
20481434	2415	1620	n
20481692	2416	1620	n
20492120	2415	1621	n
20492371	2416	1622	n
20492629	2416	1625	n
20492880	2416	1622	n
20493131	2416	1622	n
20493382	2416	1622	n
20503816	2416	1623	n
20504067	2416	1621	n
20504318	2416	1621	n
20504571	2416	1623	n
20504826	2416	1623	n
20505078	2416	1620	n
20515442	2414	1621	n
20515698	2415	1619	n
20515949	2415	1622	n
20516200	2416	1621	n
20516452	2415	1621	n
20516707	2415	1620	n
20516958	2416	1622	n
20527345	2415	1621	n
20527599	2415	1622	n
20527854	2416	1621	n
20528106	2415	1621	n
20528357	2415	1621	n
20528614	2416	1621	n
20538988	2416	1623	n
20539239	2416	1622	n
20539493	2416	1623	n
20539748	2415	1623	n
20539999	2416	1623	n
20540251	2416	1622	n
20550641	2416	1622	n
20550893	2415	1620	n
20551144	2415	1621	n
20551395	2415	1620	n
20551656	2415	1621	n
20551907	2415	1621	n
20562327	2415	1621	n
20562582	2416	1622	n
20562837	2416	1623	n
20563088	2415	1622	n
20563339	2416	1622	n
20563597	2416	1623	n
20574023	2416	1623	n
20574274	2416	1623	n
20574530	2416	1621	n
20574785	2416	1622	n
20575036	2415	1620	n
20575287	2416	1622	n
20585654	2416	1623	n
20585905	2416	1622	n
20586156	2416	1622	n
20586408	2416	1621	n
20586663	2416	1621	n
20586914	2416	1622	n
20587166	2416	1623	n
20597554	2415	1619	n
20597809	2415	1621	n
20598060	2415	1620	n
20598312	2416	1621	n
20598569	2415	1622	n
20598824	2415	1620	n
20609196	2416	1622	n
20609447	2415	1622	n
20609703	2415	1623	n
20609954	2416	1623	n
20610205	2416	1622	n
20610456	2416	1622	n
20620840	2416	1622	n
20621091	2416	1622	n
20621342	2416	1621	n
20621599	2416	1623	n
20621854	2416	1621	n
20622106	2416	1622	n
20632537	2416	1621	n
20632793	2416	1622	n
20633044	2416	1623	n
20633295	2415	1622	n
20633552	2416	1621	n
20633807	2416	1621	n
20644231	2416	1621	n
20644485	2416	1621	n
20644741	2415	1621	n
20644992	2415	1621	n
20645243	2415	1622	n
20645500	2415	1622	n
20655927	2416	1622	n
20656178	2416	1622	n
20656429	2416	1623	n
20656690	2416	1623	n
20656941	2416	1623	n
20657192	2415	1623	n
20657443	2414	1622	n
20667846	2416	1623	n
20668097	2416	1625	n
20668348	2416	1625	n
20668603	2416	1623	n
20668858	2416	1621	n
20669109	2416	1623	n
20679493	2416	1625	n
20679748	2416	1623	n
20679999	2416	1623	n
20680250	2416	1623	n
20680504	2416	1621	n
20680759	2416	1623	n
20691116	2416	1622	n
20691367	2416	1622	n
20691627	2415	1621	n
20691878	2416	1623	n
20692130	2416	1621	n
20692381	2415	1621	n
20702742	2416	1623	n
20702993	2416	1621	n
20703244	2416	1623	n
20703500	2415	1622	n
20703755	2415	1623	n
20704006	2416	1622	n
20714438	2416	1622	n
20714697	2416	1623	n
20714948	2416	1623	n
20715199	2417	1624	n
20715450	2416	1623	n
20715706	2415	1623	n
20726065	2416	1624	n
20726316	2416	1621	n
20726571	2416	1622	n
20726827	2416	1622	n
20727078	2416	1623	n
20727329	2416	1620	n
20727586	2416	1623	n
20737967	2416	1622	n
20738218	2416	1622	n
20738470	2415	1621	n
20738726	2415	1623	n
20738977	2416	1622	n
20739228	2416	1622	n
20749620	2416	1622	n
20749871	2416	1622	n
20750122	2416	1623	n
20750374	2416	1623	n
20750631	2416	1622	n
20750882	2416	1623	n
20761255	2416	1626	n
20761511	2416	1623	n
20761766	2416	1623	n
20762018	2416	1621	n
20762269	2416	1623	n
20762522	2416	1622	n
20772950	2416	1623	n
20773201	2414	1625	n
20773453	2416	1622	n
20773708	2416	1621	n
20773959	2415	1622	n
20774210	2416	1621	n
20784650	2415	1623	n
20784901	2416	1623	n
20785152	2415	1622	n
20785403	2416	1623	n
20785659	2416	1622	n
20785910	2416	1623	n
20796272	2416	1623	n
20796528	2416	1622	n
20796783	2416	1622	n
20797034	2416	1625	n
20797285	2416	1622	n
20797539	2415	1622	n
20797794	2416	1622	n
20808175	2416	1623	n
20808426	2416	1621	n
20808682	2416	1623	n
20808933	2416	1622	n
20809185	2416	1622	n
20809436	2415	1623	n
20819818	2416	1623	n
20820069	2416	1623	n
20820320	2416	1622	n
20820573	2415	1621	n
20820829	2416	1621	n
20821080	2416	1622	n
20831462	2416	1621	n
20831717	2415	1622	n
20831968	2415	1622	n
20832220	2416	1622	n
20832471	2416	1622	n
20832727	2416	1622	n
20843157	2416	1625	n
20843408	2416	1622	n
20843664	2416	1623	n
20843915	2416	1622	n
20844166	2416	1625	n
20844418	2415	1625	n
20854853	2416	1623	n
20855104	2416	1623	n
20855355	2416	1623	n
20855609	2416	1623	n
20855864	2416	1622	n
20856115	2416	1623	n
20866486	2416	1621	n
20866741	2416	1621	n
20866992	2416	1621	n
20867244	2416	1626	n
20867501	2416	1619	n
20867756	2415	1622	n
20868007	2416	1622	n
20878382	2416	1623	n
20878643	2415	1622	n
20878894	2416	1622	n
20879145	2416	1623	n
20879396	2416	1622	n
20879657	2416	1622	n
20890026	2416	1622	n
20890277	2416	1623	n
20890534	2416	1623	n
20890789	2416	1623	n
20891041	2416	1623	n
20891292	2416	1621	n
20901674	2416	1623	n
20901925	2416	1625	n
20902177	2416	1622	n
20902428	2415	1622	n
20902684	2416	1621	n
20902935	2416	1623	n
20913365	2416	1624	n
20913624	2416	1623	n
20913875	2415	1621	n
20914126	2416	1622	n
20914378	2416	1625	n
20914638	2416	1621	n
20925061	2416	1623	n
20925312	2416	1623	n
20925569	2416	1623	n
20925825	2416	1623	n
20926076	2416	1622	n
20926327	2415	1622	n
20936689	2416	1623	n
20936940	2416	1623	n
20937191	2416	1623	n
20937442	2416	1623	n
20937699	2416	1622	n
20937950	2416	1621	n
20938201	2416	1622	n
20948592	2416	1621	n
20948847	2415	1619	n
20949098	2415	1622	n
20949350	2413	1620	n
20949606	2415	1621	n
20949862	2413	1623	n
20960233	2415	1623	n
20960490	2416	1622	n
20960745	2416	1620	n
20960996	2416	1623	n
20961247	2415	1622	n
20961503	2415	1622	n
20971877	2416	1622	n
20972128	2416	1623	n
20972379	2415	1621	n
20972637	2416	1622	n
20972889	2415	1623	n
20973140	2416	1621	n
20983574	2416	1622	n
20983942	2416	1626	n
20984202	2416	1622	n
20984476	2416	1621	n
20984732	2416	1625	n
20984984	2416	1623	n
20995354	2416	1621	n
20995869	2413	1621	n
20996121	2415	1621	n
20996372	2414	1620	n
20996629	2416	1621	n
20996911	2415	1622	n
20997163	2414	1622	n
21007588	2416	1622	Time:00:00:00:00;;
21008291	2416	1622	n
21008568	2416	1623	n
21008824	2416	1621	n
21009075	2416	1622	n
21019506	2416	1622	n
21019996	2416	1622	n
21020247	2416	1623	n
21020503	2416	1622	n
21020765	2416	1623	n
21021038	2416	1623	n
21021289	2416	1622	n
21031652	2416	1623	n
21032136	2416	1623	n
21032409	2416	1619	n
21032665	2416	1623	n
21032916	2415	1622	n
21033176	2416	1623	n
21043634	2416	1623	n
21044112	2416	1621	n
21044363	2415	1621	n
21044633	2416	1622	n
21044907	2415	1622	n
21045158	2416	1623	n
21055559	2416	1621	n
21056050	2416	1619	n
21056324	2415	1622	n
21056579	2415	1621	n
21056835	2415	1622	n
21057095	2416	1623	n
21057368	2415	1621	n
21067787	2416	1625	Time:00:00:00:00;;
21068481	2414	1621	n
21068768	2416	1623	n
21069019	2415	1623	n
21069270	2416	1622	n
21079643	2415	1621	n
21080151	2416	1621	n
21080402	2416	1621	n
21080659	2413	1622	n
21080910	2416	1622	n
21081192	2416	1622	n
21091558	2416	1622	n
21092038	2416	1622	n
21092289	2415	1622	n
21092554	2416	1620	n
21092832	2416	1622	n
21093083	2415	1622	n
21093334	2415	1621	n
21103757	2415	1621	n
21104266	2415	1621	n
21104520	2416	1622	n
21104775	2416	1622	n
21105035	2415	1621	n
21105309	2416	1622	n
21115694	2415	1623	n
21116177	2416	1621	n
21116437	2415	1621	n
21116721	2416	1621	n
21116972	2416	1622	n
21117223	2416	1622	n
21127611	2415	1622	n
21128123	2414	1621	n
21128375	2415	1620	n
21128632	2416	1621	n
21128890	2414	1622	n
21129164	2415	1622	n
21129415	2416	1621	n
21139806	2416	1621	n
21140281	2415	1622	n
21140569	2415	1621	n
21140825	2415	1622	n
21141076	2416	1621	n
21141327	2415	1623	n
21151743	2416	1623	n
21152229	2416	1622	n
21152486	2416	1621	n
21152741	2416	1622	n
21153030	2416	1622	n
21153282	2416	1621	n
21163663	2416	1622	n
21164139	2416	1622	n
21164399	2416	1621	n
21164679	2416	1621	n
21164930	2415	1622	n
21165181	2416	1622	n
21165442	2415	1622	n
21175866	2416	1621	n
21176348	2416	1621	n
21176602	2415	1623	n
21176866	2414	1619	n
21177140	2416	1621	n
21177391	2416	1621	n
21187795	2416	1621	n
21188283	2415	1622	n
21188562	2416	1622	n
21188817	2416	1623	n
21189068	2416	1621	n
21189328	2416	1623	n
21199718	2416	1622	n
21200201	2416	1622	n
21200452	2414	1622	n
21200708	2415	1623	n
21200990	2416	1623	n
21201241	2415	1622	n
21201496	2415	1622	n
21211911	2416	1623	Time:00:00:00:00;;
21212644	2415	1621	n
21212895	2416	1622	n
21213146	2415	1621	n
21213397	2415	1621	n
21223814	2416	1622	n
21224065	2416	1622	n
21224316	2416	1623	n
21224571	2417	1623	n
21224826	2416	1621	n
21225078	2416	1623	n
21225329	2416	1620	n
21235720	2415	1622	n
21235971	2416	1623	n
21236223	2415	1623	n
21236474	2416	1623	n
21236733	2416	1621	n
21236984	2415	1623	n
21247360	2416	1623	n
21247620	2416	1624	n
21247871	2416	1623	n
21248122	2416	1623	n
21248374	2416	1623	n
21248631	2416	1622	n
21259003	2417	1623	n
21259254	2416	1624	n
21259511	2415	1621	n
21259767	2416	1621	n
21260018	2417	1621	n
21260269	2416	1621	n
21270703	2416	1625	n
21270954	2416	1625	n
21271205	2416	1622	n
21271456	2416	1623	n
21271712	2416	1620	n
21271963	2416	1622	n
21282394	2416	1623	n
21282652	2416	1621	n
21282904	2416	1622	n
21283155	2416	1623	n
21283406	2416	1621	n
21283662	2416	1623	n
21294021	2416	1622	n
21294272	2416	1622	n
21294528	2416	1626	n
21294783	2416	1623	n
21295035	2416	1624	n
21295286	2416	1623	n
21295539	2416	1623	n
21305923	2415	1622	n
21306174	2416	1623	n
21306426	2416	1622	n
21306682	2416	1623	n
21306933	2416	1623	n
21307185	2416	1622	n
21317571	2416	1622	n
21317826	2416	1623	n
21318078	2416	1622	n
21318329	2416	1621	n
21318586	2416	1622	n
21318841	2415	1623	n
21329211	2417	1622	n
21329462	2418	1626	n
21329718	2416	1623	n
21329969	2416	1623	n
21330220	2416	1625	n
21330471	2416	1621	n
21340906	2416	1625	n
21341157	2416	1622	n
21341409	2416	1623	n
21341664	2416	1622	n
21341915	2416	1622	n
21342167	2416	1623	n
21352602	2416	1621	n
21352857	2416	1623	n
21353108	2416	1621	n
21353359	2415	1622	n
21353620	2416	1624	n
21353871	2416	1623	n
21364229	2416	1622	n
21364486	2416	1622	n
21364741	2416	1622	n
21364992	2415	1625	n
21365244	2416	1621	n
21365501	2416	1623	n
21365756	2416	1623	n
21376131	2416	1625	n
21376382	2416	1623	n
21376642	2416	1623	n
21376894	2416	1623	n
21377145	2416	1623	n
21377396	2416	1622	n
21387777	2416	1623	n
21388028	2416	1622	n
21388279	2416	1624	n
21388534	2416	1622	n
21388789	2415	1623	n
21389040	2416	1622	n
21399418	2416	1626	n
21399673	2416	1623	n
21399924	2416	1622	n
21400175	2416	1622	n
21400426	2416	1622	n
21400683	2416	1621	n
21411113	2416	1622	n
21411364	2416	1622	n
21411624	2416	1622	n
21411875	2415	1623	n
21412126	2416	1624	n
21412377	2416	1623	n
21422809	2416	1626	n
21423060	2417	1623	n
21423311	2416	1623	n
21423565	2416	1622	n
21423821	2416	1623	n
21424072	2417	1622	n
21434436	2416	1622	n
21434697	2416	1625	n
21434948	2416	1622	n
21435199	2416	1623	n
21435451	2415	1623	n
21435706	2416	1623	n
21435957	2416	1621	n
21446338	2416	1623	n
21446591	2416	1626	n
21446847	2416	1622	n
21447098	2416	1623	n
21447349	2416	1625	n
21447606	2416	1623	n
21457982	2416	1622	n
21458233	2416	1622	n
21458490	2416	1622	n
21458746	2416	1622	n
21458997	2416	1623	n
21459248	2416	1623	n
21469633	2416	1623	n
21469884	2416	1623	n
21470135	2416	1622	n
21470387	2416	1621	n
21470647	2416	1623	n
21470898	2416	1623	n
21481321	2416	1622	n
21481574	2416	1623	n
21481830	2416	1622	n
21482081	2416	1622	n
21482332	2416	1622	n
21482589	2416	1622	n
21493017	2416	1623	n
21493268	2415	1623	n
21493521	2416	1622	n
21493777	2416	1623	n
21494028	2416	1621	n
21494279	2416	1622	n
21504648	2416	1625	n
21504899	2415	1621	n
21505151	2416	1621	n
21505402	2416	1619	n
21505658	2416	1623	n
21505909	2416	1623	n
21506160	2416	1622	n
21516550	2416	1621	n
21516806	2416	1622	n
21517057	2416	1622	n
21517308	2416	1623	n
21517564	2415	1623	n
21517820	2416	1621	n
21528190	2416	1622	n
21528441	2416	1622	n
21528698	2416	1621	n
21528949	2416	1623	n
21529200	2416	1622	n
21529451	2415	1623	n
21539833	2416	1625	n
21540084	2416	1622	n
21540335	2416	1622	n
21540588	2416	1622	n
21540844	2416	1622	n
21541095	2416	1622	n
21551534	2416	1623	n
21551790	2416	1625	n
21552041	2416	1622	n
21552292	2416	1623	n
21552549	2416	1621	n
21552804	2416	1623	n
21563224	2416	1624	n
21563475	2416	1622	n
21563732	2416	1621	n
21563984	2416	1621	n
21564235	2416	1622	n
21564490	2416	1623	n
21574851	2416	1623	n
21575102	2416	1622	n
21575353	2416	1622	n
21575606	2416	1622	n
21575862	2416	1621	n
21576113	2415	1623	n
21576364	2415	1623	n
21586757	2416	1623	n
21587008	2416	1623	n
21587260	2416	1622	n
21587517	2417	1623	n
21587772	2416	1622	n
21588023	2416	1625	n
21598397	2416	1623	n
21598656	2416	1623	n
21598907	2417	1623	n
21599158	2417	1623	n
21599409	2417	1622	n
21599665	2416	1623	n
21610041	2415	1623	n
21610292	2415	1622	n
21610547	2414	1621	n
21610802	2416	1622	n
21611054	2415	1622	n
21611305	2416	1621	n
21621739	2416	1622	n
21621990	2415	1621	n
21622241	2416	1623	n
21622496	2416	1622	n
21622752	2416	1622	n
21623003	2417	1622	n
21633432	2416	1621	n
21633690	2416	1622	n
21633941	2416	1622	n
21634192	2415	1623	n
21634443	2415	1623	n
21634699	2415	1623	n
21645059	2416	1623	n
21645310	2416	1621	n
21645564	2416	1622	n
21645820	2416	1622	n
21646071	2416	1621	n
21646322	2416	1622	n
21646575	2416	1622	n
21656961	2416	1620	n
21657212	2416	1622	n
21657463	2416	1623	n
21657719	2416	1621	n
21657970	2415	1623	n
21658221	2416	1622	n
21668607	2416	1623	n
21668862	2416	1622	n
21669113	2416	1623	n
21669365	2416	1622	n
21669624	2416	1623	n
21669875	2416	1623	n
21680248	2416	1623	n
21680502	2416	1622	n
21680758	2416	1625	n
21681009	2416	1623	n
21681260	2416	1623	n
21681518	2416	1622	n
21691943	2416	1623	n
21692194	2416	1623	n
21692445	2416	1623	n
21692701	2416	1623	n
21692953	2417	1623	n
21693204	2416	1625	n
21703643	2416	1622	n
21703894	2416	1626	n
21704146	2416	1621	n
21704397	2416	1622	n
21704657	2415	1622	n
21704908	2415	1622	n
21715266	2416	1623	n
21715520	2416	1623	n
21715775	2416	1622	n
21716026	2416	1622	n
21716277	2416	1622	n
21716534	2416	1623	n
21716790	2416	1621	n
21727168	2416	1622	n
21727419	2416	1627	n
21727675	2415	1622	n
21727926	2416	1622	n
21728177	2416	1623	n
21728429	2416	1623	n
21738812	2416	1622	n
21739063	2416	1622	n
21739314	2416	1622	n
21739572	2416	1623	n
21739827	2416	1622	n
21740078	2416	1623	n
21750456	2416	1620	n
21750711	2415	1621	n
21750963	2416	1622	n
21751214	2416	1622	n
21751465	2416	1621	n
21751720	2416	1621	n
21762151	2416	1623	n
21762402	2415	1620	n
21762658	2416	1621	n
21762910	2415	1622	n
21763161	2415	1622	n
21763412	2416	1623	n
21773847	2416	1623	n
21774098	2416	1623	n
21774349	2416	1623	n
21774606	2416	1622	n
21774861	2416	1623	n
21775113	2416	1623	n
21785474	2416	1625	n
21785733	2416	1623	n
21785984	2416	1623	n
21786235	2416	1623	n
21786490	2417	1623	n
21786745	2416	1622	n
21786996	2416	1622	n
21797376	2416	1621	n
21797633	2416	1622	n
21797884	2416	1621	n
21798135	2416	1623	n
21798386	2416	1621	n
21798647	2416	1622	n
21809020	2416	1623	n
21809271	2416	1621	n
21809528	2416	1625	n
21809784	2415	1623	n
21810035	2416	1622	n
21810286	2416	1621	n
21820666	2416	1623	n
21820918	2416	1623	n
21821169	2416	1623	n
21821420	2416	1625	n
21821676	2417	1623	n
21821927	2416	1623	n
21832358	2416	1622	n
21832614	2416	1621	n
21832869	2416	1622	n
21833120	2415	1621	n
21833371	2416	1620	n
21833628	2416	1621	n
21844054	2416	1622	n
21844305	2416	1622	n
21844562	2416	1623	n
21844817	2415	1622	n
21845069	2416	1621	n
21845320	2416	1623	n
21855685	2417	1623	n
21855936	2416	1624	n
21856187	2416	1624	n
21856438	2416	1623	n
21856696	2416	1622	n
21856948	2416	1623	n
21857199	2416	1622	n
21867589	2416	1623	n
21867844	2415	1623	n
21868095	2416	1622	n
21868346	2416	1623	n
21868604	2416	1626	n
21868859	2416	1622	n
21879227	2416	1621	n
21879480	2416	1621	n
21879735	2416	1622	n
21879986	2416	1623	n
21880238	2416	1623	n
21880492	2416	1623	n
21890871	2416	1621	n
21891122	2416	1622	n
21891373	2416	1623	n
21891630	2416	1623	n
21891882	2416	1622	n
21892133	2416	1621	n
21902572	2417	1623	n
21902827	2416	1623	n
21903078	2416	1625	n
21903329	2416	1623	n
21903586	2416	1622	n
21903842	2416	1621	n
21914262	2416	1622	n
21914517	2416	1622	n
21914772	2416	1625	n
21915024	2416	1623	n
21915275	2416	1625	n
21915531	2416	1622	n
21925958	2415	1622	n
21926209	2416	1622	n
21926460	2416	1622	n
21926715	2416	1621	n
21926967	2416	1621	n
21927218	2415	1622	n
21927469	2414	1622	n
21937877	2416	1622	n
21938128	2416	1622	n
21938379	2416	1622	n
21938638	2415	1623	n
21938889	2416	1622	n
21939140	2416	1621	n
21949523	2416	1623	n
21949778	2416	1623	n
21950029	2416	1623	n
21950280	2416	1621	n
21950537	2416	1622	n
21950793	2416	1622	n
21961216	2416	1622	n
21961467	2416	1622	n
21961723	2416	1622	n
21961975	2416	1623	n
21962226	2416	1622	n
21962478	2415	1623	n
21972860	2414	1621	n
21973111	2413	1619	n
21973363	2415	1621	n
21973620	2415	1621	n
21973871	2414	1621	n
21974122	2413	1621	n
21984558	2415	1622	n
21984948	2415	1620	n
21985199	2415	1621	n
21985486	2415	1621	n
21985741	2415	1621	n
21985993	2416	1622	n
21986244	2415	1621	n
21996712	2416	1619	n
21997189	2416	1622	n
21997440	2414	1621	n
21997698	2416	1622	n
21997980	2415	1621	n
21998231	2415	1619	n
22008658	2415	1620	Time:00:00:00:00;;
22009357	2414	1619	n
22009637	2413	1619	n
22009889	2414	1621	n
22010140	2415	1619	n
22020557	2416	1622	n
22021045	2415	1621	n
22021296	2416	1621	n
22021551	2415	1622	n
22021814	2414	1619	n
22022088	2414	1621	n
22022339	2415	1622	n
22032756	2414	1623	n
22033240	2415	1619	n
22033520	2415	1621	n
22033776	2413	1619	n
22034027	2415	1619	n
22034287	2414	1621	n
22044678	2415	1622	n
22045156	2415	1621	n
22045407	2415	1619	n
22045669	2415	1622	n
22045943	2416	1621	n
22046194	2414	1623	n
22056610	2414	1621	n
22057101	2415	1622	n
22057374	2414	1622	n
22057631	2414	1621	n
22057882	2415	1621	n
22058143	2414	1621	n
22058416	2415	1625	n
22068805	2416	1622	Time:00:00:00:00;;
22069503	2415	1622	n
22069789	2416	1621	n
22070041	2415	1619	n
22070292	2416	1621	n
22080690	2416	1624	n
22081175	2416	1621	n
22081449	2415	1621	n
22081704	2416	1623	n
22081955	2415	1621	n
22082215	2416	1622	n
22082493	2415	1622	n
22092868	2415	1621	n
22093344	2416	1622	n
22093608	2416	1622	n
22093886	2414	1623	n
22094137	2416	1621	n
22094388	2415	1621	n
22104822	2415	1622	n
22105330	2416	1619	n
22105585	2416	1622	n
22105840	2415	1622	n
22106100	2415	1621	n
22106381	2415	1621	n
22116743	2414	1620	n
22117219	2415	1621	n
22117480	2415	1621	n
22117758	2415	1622	n
22118009	2414	1621	n
22118261	2414	1619	n
22118526	2414	1621	n
22128930	2415	1622	n
22129406	2415	1622	n
22129662	2416	1622	n
22129913	2414	1620	n
22130196	2416	1622	n
22130447	2415	1621	n
22140875	2414	1621	n
22141351	2416	1622	n
22141638	2415	1621	n
22141889	2416	1619	n
22142140	2414	1621	n
22142392	2414	1621	n
22152795	2415	1622	n
22153288	2414	1621	n
22153545	2414	1622	n
22153800	2415	1622	n
22154060	2415	1621	n
22154333	2415	1622	n
22154588	2415	1621	n
22164973	2415	1622	n
22165458	2416	1621	n
22165737	2416	1622	n
22165989	2416	1622	n
22166240	2416	1622	n
22166502	2415	1621	n
22176927	2416	1622	n
22177409	2415	1619	n
22177664	2416	1623	n
22177924	2416	1623	n
22178198	2416	1622	n
22178449	2415	1621	n
22188848	2415	1622	n
22189335	2416	1621	n
22189614	2416	1622	n
22189869	2415	1621	n
22190120	2414	1621	n
22190380	2416	1621	n
22190666	2415	1621	n
22201026	2415	1621	n
22201505	2416	1622	n
22201761	2415	1621	n
22202043	2415	1621	n
22202294	2414	1620	n
22202551	2415	1621	n
22212980	2416	1622	Time:00:00:00:00;;
22213681	2416	1622	n
22213932	2416	1621	n
22214183	2416	1623	n
22214435	2416	1622	n
22214692	2416	1622	n
22225090	2415	1621	n
22225341	2416	1622	n
22225596	2415	1621	n
22225851	2416	1622	n
22226103	2416	1622	n
22226354	2416	1621	n
22236737	2415	1621	n
22236988	2415	1621	n
22237239	2415	1623	n
22237497	2415	1620	n
22237752	2414	1621	n
22238004	2414	1621	n
22248428	2414	1619	n
22248685	2415	1619	n
22248936	2415	1622	n
22249187	2415	1621	n
22249438	2413	1621	n
22249697	2414	1618	n
22260055	2415	1621	n
22260306	2416	1621	n
22260562	2415	1622	n
22260817	2416	1622	n
22261068	2416	1621	n
22261319	2416	1622	n
22271686	2416	1621	n
22271937	2414	1623	n
22272188	2416	1622	n
22272440	2414	1622	n
22272697	2416	1622	n
22272948	2414	1622	n
22283361	2416	1621	n
22283620	2416	1623	n
22283871	2415	1622	n
22284123	2413	1621	n
22284374	2415	1620	n
22284631	2415	1622	n
22284882	2415	1621	n
22295297	2415	1621	n
22295554	2415	1621	n
22295809	2415	1622	n
22296060	2416	1619	n
22296311	2414	1621	n
22296569	2416	1622	n
22306941	2415	1622	n
22307192	2414	1621	n
22307443	2415	1621	n
22307699	2415	1621	n
22307951	2416	1619	n
22308202	2415	1621	n
22318641	2415	1622	n
22318892	2414	1617	n
22319143	2415	1621	n
22319395	2413	1617	n
22319656	2415	1621	n
22319907	2415	1621	n
22330332	2416	1621	n
22330589	2414	1620	n
22330844	2415	1622	n
22331095	2416	1622	n
22331346	2415	1622	n
22331604	2415	1621	n
22341976	2415	1621	n
22342227	2415	1620	n
22342480	2415	1621	n
22342736	2415	1621	n
22342987	2414	1621	n
22343238	2415	1621	n
22353656	2415	1626	n
22353908	2416	1621	n
22354159	2416	1622	n
22354410	2416	1623	n
22354666	2416	1621	n
22354917	2416	1622	n
22355168	2416	1622	n
22365597	2416	1622	n
22365852	2416	1623	n
22366103	2416	1623	n
22366354	2416	1622	n
22366608	2416	1623	n
22366863	2416	1623	n
22377235	2415	1621	n
22377489	2416	1621	n
22377745	2415	1621	n
22377996	2416	1622	n
22378247	2415	1621	n
22378503	2415	1622	n
22388930	2415	1621	n
22389181	2416	1623	n
22389433	2416	1621	n
22389689	2415	1619	n
22389940	2416	1620	n
22390191	2416	1623	n
22400630	2416	1621	n
22400882	2416	1623	n
22401133	2415	1622	n
22401384	2416	1619	n
22401643	2416	1622	n
22401894	2416	1623	n
22412252	2415	1621	n
22412505	2414	1620	n
22412761	2415	1619	n
22413012	2416	1621	n
22413264	2416	1623	n
22413520	2416	1621	n
22413776	2416	1622	n
22424155	2415	1622	n
22424406	2416	1619	n
22424662	2416	1621	n
22424913	2415	1622	n
22425164	2415	1619	n
22425416	2414	1622	n
22435798	2415	1621	n
22436049	2416	1623	n
22436300	2416	1621	n
22436554	2414	1621	n
22436809	2415	1622	n
22437060	2415	1621	n
22447442	2415	1621	n
22447698	2416	1622	n
22447949	2415	1625	n
22448200	2415	1622	n
22448452	2415	1622	n
22448707	2415	1622	n
22459137	2415	1620	n
22459388	2415	1621	n
22459647	2414	1622	n
22459898	2415	1621	n
22460149	2416	1621	n
22460401	2415	1619	n
22470833	2415	1621	n
22471084	2416	1620	n
22471335	2415	1619	n
22471588	2414	1620	n
22471844	2414	1619	n
22472095	2414	1621	n
22482460	2416	1621	n
22482716	2416	1621	n
22482967	2415	1621	n
22483218	2415	1623	n
22483469	2416	1619	n
22483726	2416	1622	n
22483977	2416	1623	n
22494362	2414	1621	n
22494620	2416	1619	n
22494871	2415	1621	n
22495123	2416	1619	n
22495374	2415	1619	n
22495631	2415	1620	n
22506006	2415	1619	n
22506257	2415	1621	n
22506513	2416	1621	n
22506769	2415	1622	n
22507020	2414	1623	n
22507271	2415	1622	n
22517654	2415	1621	n
22517905	2415	1621	n
22518156	2416	1622	n
22518408	2415	1620	n
22518663	2416	1622	n
22518915	2416	1622	n
22529345	2415	1622	n
22529599	2415	1621	n
22529854	2415	1622	n
22530105	2414	1621	n
22530357	2416	1622	n
22530614	2416	1620	n
22541041	2415	1619	n
22541292	2413	1620	n
22541547	2415	1622	n
22541802	2415	1621	n
22542053	2414	1623	n
22542305	2414	1621	n
22552671	2416	1622	n
22552922	2416	1621	n
22553173	2415	1622	n
22553425	2413	1619	n
22553681	2414	1618	n
22553932	2415	1621	n
22554183	2415	1621	n
22564572	2416	1621	n
22564828	2415	1621	n
22565079	2414	1623	n
22565330	2415	1622	n
22565585	2416	1621	n
22565841	2415	1622	n
22576213	2416	1621	n
22576464	2416	1621	n
22576720	2415	1621	n
22576971	2414	1621	n
22577222	2415	1621	n
22577473	2414	1622	n
22587857	2416	1621	n
22588108	2414	1621	n
22588359	2415	1622	n
22588614	2414	1620	n
22588869	2415	1621	n
22589121	2415	1621	n
22599554	2415	1619	n
22599810	2415	1621	n
22600061	2416	1620	n
22600312	2414	1622	n
22600569	2415	1622	n
22600825	2414	1621	n
22611248	2415	1623	n
22611502	2416	1622	n
22611758	2415	1621	n
22612009	2415	1620	n
22612260	2414	1622	n
22612517	2416	1623	n
22622944	2415	1622	n
22623195	2414	1621	n
22623446	2413	1620	n
22623702	2415	1622	n
22623953	2415	1621	n
22624204	2415	1621	n
22624455	2415	1621	n
22634863	2415	1621	n
22635114	2415	1622	n
22635365	2416	1621	n
22635624	2415	1623	n
22635875	2414	1619	n
22636127	2415	1622	n
22646510	2416	1622	n
22646766	2414	1621	n
22647017	2415	1621	n
22647269	2415	1621	n
22647522	2415	1621	n
22647777	2414	1621	n
22658134	2415	1620	n
22658385	2414	1622	n
22658643	2415	1621	n
22658894	2416	1622	n
22659145	2414	1622	n
22659396	2415	1620	n
22669760	2415	1622	n
22670011	2416	1621	n
22670263	2415	1622	n
22670517	2415	1621	n
22670772	2416	1618	n
22671023	2415	1622	n
22681456	2416	1619	n
22681711	2415	1621	n
22681963	2415	1621	n
22682214	2416	1620	n
22682465	2416	1621	n
22682721	2414	1621	n
22693082	2416	1622	n
22693333	2414	1622	n
22693588	2414	1623	n
22693843	2414	1619	n
22694094	2415	1622	n
22694346	2415	1621	n
22694603	2415	1619	n
22704985	2415	1621	n
22705236	2415	1621	n
22705492	2416	1621	n
22705748	2414	1621	n
22705999	2415	1621	n
22706250	2415	1622	n
22716635	2413	1618	n
22716886	2414	1619	n
22717137	2412	1620	n
22717388	2414	1621	n
22717647	2414	1619	n
22717898	2414	1619	n
22728272	2416	1622	n
22728528	2415	1622	n
22728783	2415	1621	n
22729035	2415	1621	n
22729286	2415	1621	n
22729540	2415	1622	n
22739967	2416	1622	n
22740218	2415	1622	n
22740469	2415	1622	n
22740726	2415	1621	n
22740977	2416	1621	n
22741228	2414	1621	n
22751667	2416	1623	n
22751918	2416	1622	n
22752169	2415	1621	n
22752420	2416	1623	n
22752676	2416	1621	n
22752927	2414	1622	n
22763290	2414	1621	n
22763545	2413	1619	n
22763800	2414	1620	n
22764051	2414	1619	n
22764302	2416	1620	n
22764556	2416	1622	n
22764811	2414	1620	n
22775192	2415	1621	n
22775443	2413	1622	n
22775699	2416	1622	n
22775951	2415	1619	n
22776202	2415	1621	n
22776453	2415	1622	n
22786836	2415	1622	n
22787087	2415	1623	n
22787338	2415	1623	n
22787591	2415	1619	n
22787846	2414	1620	n
22788097	2413	1622	n
22798486	2416	1621	n
22798741	2416	1619	n
22798992	2414	1619	n
22799244	2416	1621	n
22799501	2415	1621	n
22799756	2416	1622	n
22810175	2416	1619	n
22810426	2415	1621	n
22810683	2413	1619	n
22810934	2414	1621	n
22811185	2414	1622	n
22811436	2413	1621	n
22821871	2415	1619	n
22822122	2415	1621	n
22822373	2414	1622	n
22822630	2416	1621	n
22822881	2416	1621	n
22823133	2414	1621	n
22833503	2416	1622	n
22833758	2415	1622	n
22834009	2415	1622	n
22834261	2416	1622	n
22834518	2414	1622	n
22834772	2414	1622	n
22835023	2415	1622	n
22845400	2416	1619	n
22845657	2414	1621	n
22845908	2414	1623	n
22846159	2414	1621	n
22846410	2415	1619	n
22846666	2416	1621	n
22857043	2415	1619	n
22857294	2411	1619	n
22857551	2415	1621	n
22857806	2415	1621	n
22858058	2415	1620	n
22858309	2414	1619	n
22868691	2414	1621	n
22868942	2415	1621	n
22869194	2414	1621	n
22869445	2413	1622	n
22869701	2415	1619	n
22869952	2416	1622	n
22880382	2414	1619	n
22880642	2415	1622	n
22880894	2415	1621	n
22881145	2415	1619	n
22881396	2415	1621	n
22881657	2415	1621	n
22892078	2416	1621	n
22892329	2414	1622	n
22892586	2415	1619	n
22892841	2414	1619	n
22893092	2416	1618	n
22893344	2414	1619	n
22903705	2414	1620	n
22903956	2415	1622	n
22904207	2415	1621	n
22904458	2416	1621	n
22904714	2415	1622	n
22904965	2415	1623	n
22905216	2413	1620	n
22915609	2415	1621	n
22915864	2416	1620	n
22916115	2415	1623	n
22916367	2415	1623	n
22916628	2416	1622	n
22916879	2416	1623	n
22927251	2416	1623	n
22927504	2416	1622	n
22927760	2415	1622	n
22928011	2416	1623	n
22928262	2416	1621	n
22928517	2416	1623	n
22938895	2415	1621	n
22939146	2415	1621	n
22939397	2414	1620	n
22939656	2415	1620	n
22939907	2416	1621	n
22940158	2415	1623	n
22950593	2416	1622	n
22950848	2414	1620	n
22951099	2416	1621	n
22951351	2416	1619	n
22951606	2415	1620	n
22951861	2412	1619	n
22962286	2414	1622	n
22962539	2416	1621	n
22962794	2415	1621	n
22963045	2416	1622	n
22963297	2416	1622	n
22963551	2416	1619	n
22973912	2416	1620	n
22974163	2415	1622	n
22974414	2415	1622	n
22974669	2416	1621	n
22974921	2416	1622	n
22975172	2415	1622	n
22975423	2415	1621	n
22985815	2416	1622	n
22986223	2416	1621	n
22986511	2416	1620	n
22986766	2416	1620	n
22987018	2414	1620	n
22987269	2414	1621	n
22997721	2414	1621	n
22998206	2415	1623	n
22998458	2416	1621	n
22998713	2415	1619	n
22998995	2415	1621	n
22999247	2416	1619	n
23009641	2414	1622	Time:00:00:00:00;;
23010340	2415	1620	n
23010624	2415	1621	n
23010875	2414	1620	n
23011127	2415	1621	n
23011387	2416	1621	n
23021792	2415	1621	n
23022268	2415	1621	n
23022522	2414	1621	n
23022786	2414	1619	n
23023059	2415	1619	n
23023310	2415	1621	n
23033737	2414	1623	n
23034222	2414	1621	n
23034500	2413	1621	n
23034755	2414	1622	n
23035006	2414	1619	n
23035266	2416	1621	n
23045668	2415	1620	n
23046145	2415	1622	n
23046396	2415	1621	n
23046657	2414	1622	n
23046940	2414	1621	n
23047191	2414	1619	n
23047442	2413	1621	n
23057833	2416	1622	n
23058343	2415	1621	n
23058599	2416	1621	n
23058854	2416	1621	n
23059106	2416	1621	Time:00:00:00:00;;
23069736	2415	1620	n
23070213	2415	1619	n
23070464	2415	1620	n
23070728	2415	1621	n
23071001	2414	1622	n
23071252	2415	1620	n
23071506	2414	1621	n
23081897	2415	1621	n
23082405	2414	1618	n
23082661	2415	1620	n
23082913	2415	1621	n
23083172	2415	1619	n
23083446	2411	1620	n
23093851	2414	1621	n
23094327	2416	1621	n
23094590	2416	1622	n
23094868	2416	1620	n
23095119	2416	1621	n
23095370	2415	1620	n
23105806	2415	1621	n
23106321	2416	1623	n
23106574	2416	1621	n
23106830	2416	1622	n
23107090	2416	1621	n
23107364	2415	1623	n
23107625	2416	1622	n
23118036	2413	1621	n
23118525	2415	1620	n
23118803	2416	1621	n
23119055	2415	1621	n
23119306	2415	1621	n
23119571	2415	1621	n
23129999	2416	1620	n
23130477	2414	1621	n
23130733	2415	1619	n
23130984	2415	1620	n
23131266	2415	1621	n
23131520	2416	1622	n
23141927	2414	1621	n
23142402	2414	1619	n
23142688	2416	1622	n
23142939	2416	1622	n
23143191	2415	1622	n
23143442	2413	1621	n
23143731	2414	1622	n
23154088	2415	1622	n
23154572	2416	1622	n
23154828	2415	1621	n
23155088	2416	1621	n
23155361	2415	1621	n
23155619	2416	1621	n
23166042	2415	1621	n
23166534	2415	1621	n
23166812	2415	1622	n
23167063	2415	1621	n
23167314	2416	1619	n
23167580	2416	1621	n
23177980	2415	1622	n
23178461	2416	1622	n
23178717	2414	1621	n
23178977	2416	1620	n
23179251	2415	1621	n
23179504	2415	1621	n
23179759	2415	1621	n
23190141	2415	1621	n
23190664	2414	1620	n
23190915	2414	1619	n
23191166	2415	1621	n
23191426	2414	1619	n
23191705	2414	1617	n
23202095	2414	1619	n
23202574	2414	1621	n
23202839	2414	1620	n
23203112	2414	1621	n
23203364	2415	1621	n
23203625	2415	1621	n
23214032	2415	1622	Time:00:00:00:00;;
23214709	2415	1620	n
23214960	2415	1622	n
23215211	2415	1622	n
23215463	2416	1621	n
23215718	2415	1621	n
23226090	2416	1621	n
23226341	2416	1621	n
23226596	2416	1621	n
23226851	2414	1622	n
23227103	2416	1622	n
23227354	2416	1621	n
23237721	2416	1622	n
23237972	2416	1621	n
23238223	2415	1621	n
23238474	2415	1621	n
23238733	2416	1623	n
23238984	2416	1623	n
23249412	2415	1619	n
23249667	2415	1621	n
23249919	2416	1619	n
23250170	2415	1621	n
23250421	2414	1622	n
23250677	2414	1621	n
23261039	2416	1620	n
23261290	2416	1623	n
23261545	2416	1619	n
23261800	2415	1621	n
23262051	2416	1621	n
23262303	2416	1623	n
23262556	2416	1622	n
23272941	2416	1621	n
23273192	2416	1623	n
23273443	2415	1622	n
23273700	2415	1622	n
23273951	2415	1620	n
23274202	2416	1622	n
23284588	2415	1622	n
23284843	2416	1623	n
23285095	2415	1622	n
23285346	2416	1621	n
23285600	2416	1621	n
23285855	2416	1622	n
23296228	2415	1621	n
23296480	2415	1619	n
23296736	2416	1621	n
23296987	2416	1621	n
23297238	2415	1622	n
23297492	2415	1619	n
23307923	2415	1620	n
23308174	2415	1622	n
23308426	2415	1621	n
23308682	2415	1621	n
23308933	2416	1620	n
23309184	2416	1621	n
23319623	2416	1623	n
23319875	2415	1622	n
23320126	2416	1622	n
23320377	2416	1621	n
23320638	2414	1619	n
23320889	2416	1621	n
23331246	2416	1621	n
23331503	2416	1622	n
23331758	2415	1619	n
23332010	2415	1626	n
23332261	2415	1622	n
23332518	2415	1622	n
23332772	2413	1619	n
23343148	2415	1621	n
23343399	2416	1620	n
23343657	2415	1621	n
23343908	2413	1619	n
23344159	2415	1622	n
23344410	2414	1619	n
23354792	2416	1621	n
23355043	2416	1621	n
23355294	2415	1619	n
23355551	2415	1621	n
23355807	2415	1621	n
23356058	2415	1621	n
23366436	2415	1622	n
23366697	2415	1622	n
23366948	2415	1622	n
23367199	2416	1622	n
23367451	2415	1621	n
23367706	2416	1623	n
23378131	2413	1619	n
23378382	2415	1619	n
23378643	2415	1621	n
23378894	2414	1621	n
23379145	2415	1621	n
23379396	2416	1619	n
23389827	2415	1621	n
23390078	2415	1621	n
23390329	2414	1619	n
23390586	2415	1621	n
23390841	2415	1620	n
23391092	2415	1619	n
23401454	2416	1622	n
23401709	2416	1621	n
23401961	2416	1622	n
23402212	2415	1620	n
23402463	2416	1622	n
23402718	2415	1622	n
23402969	2416	1621	n
23413356	2416	1622	n
23413609	2415	1622	n
23413864	2416	1622	n
23414116	2415	1623	n
23414367	2415	1621	n
23414627	2415	1622	n
23425000	2415	1621	n
23425251	2415	1623	n
23425504	2416	1622	n
23425760	2415	1621	n
23426011	2416	1621	n
23426262	2416	1621	n
23436647	2415	1620	n
23436898	2416	1622	n
23437150	2414	1619	n
23437401	2413	1620	n
23437657	2415	1620	n
23437908	2414	1620	n
23448338	2416	1623	n
23448591	2416	1623	n
23448847	2416	1621	n
23449098	2416	1622	n
23449349	2415	1622	n
23449606	2416	1622	n
23460034	2416	1625	n
23460285	2416	1622	n
23460538	2416	1623	n
23460794	2416	1622	n
23461045	2415	1621	n
23461296	2415	1621	n
23471665	2415	1621	n
23471916	2416	1620	n
23472168	2414	1621	n
23472419	2415	1623	n
23472675	2415	1621	n
23472926	2415	1622	n
23473177	2415	1621	n
23483569	2416	1621	n
23483825	2416	1621	n
23484076	2415	1621	n
23484327	2415	1621	n
23484582	2415	1621	n
23484837	2415	1621	n
23495207	2416	1621	n
23495458	2416	1622	n
23495714	2415	1619	n
23495965	2415	1621	n
23496216	2416	1621	n
23496467	2414	1621	n
23506851	2416	1623	n
23507102	2416	1622	n
23507353	2416	1624	n
23507606	2415	1622	n
23507862	2416	1623	n
23508113	2414	1622	n
23518550	2415	1622	n
23518806	2415	1622	n
23519057	2414	1621	n
23519308	2415	1620	n
23519565	2415	1622	n
23519820	2415	1621	n
23530242	2415	1622	n
23530496	2415	1620	n
23530752	2414	1622	n
23531003	2414	1621	n
23531254	2415	1621	n
23531511	2416	1622	n
23541938	2415	1622	n
23542189	2414	1621	n
23542440	2415	1622	n
23542697	2415	1621	n
23542949	2415	1620	n
23543200	2414	1622	n
23543451	2415	1622	n
23553857	2416	1623	n
23554108	2416	1622	n
23554359	2415	1622	n
23554620	2415	1623	n
23554871	2413	1621	n
23555122	2416	1623	n
23565503	2414	1621	n
23565758	2416	1621	n
23566009	2415	1619	n
23566261	2416	1619	n
23566518	2415	1621	n
23566772	2414	1621	n
23577196	2415	1621	n
23577448	2415	1622	n
23577703	2415	1619	n
23577954	2415	1621	n
23578205	2416	1621	n
23578457	2416	1621	n
23588840	2414	1621	n
23589091	2415	1622	n
23589343	2416	1621	n
23589599	2415	1623	n
23589855	2415	1621	n
23590106	2416	1622	n
23600538	2413	1621	n
23600793	2413	1620	n
23601044	2416	1621	n
23601296	2415	1620	n
23601551	2415	1623	n
23601806	2414	1619	n
23612215	2415	1619	n
23612466	2416	1619	n
23612721	2416	1621	n
23612972	2415	1621	n
23613224	2416	1621	n
23613475	2415	1621	n
23613733	2414	1620	n
23624151	2416	1621	n
23624402	2415	1619	n
23624659	2416	1621	n
23624910	2414	1623	n
23625161	2415	1623	n
23625412	2416	1622	n
23635795	2416	1622	n
23636046	2415	1621	n
23636297	2415	1621	n
23636554	2416	1622	n
23636809	2416	1621	n
23637060	2415	1622	n
23647493	2415	1621	n
23647748	2414	1622	n
23647999	2416	1621	n
23648251	2415	1622	n
23648504	2416	1620	n
23648759	2414	1621	n
23659116	2415	1620	n
23659367	2416	1623	n
23659627	2415	1622	n
23659878	2413	1622	n
23660129	2415	1621	n
23660380	2416	1622	n
23670743	2414	1622	n
23670994	2416	1623	n
23671245	2415	1620	n
23671500	2415	1621	n
23671755	2415	1621	n
23672006	2416	1621	n
23682422	2415	1623	n
23682677	2415	1620	n
23682929	2416	1621	n
23683180	2415	1622	n
23683431	2414	1621	n
23683690	2415	1623	n
23683941	2414	1621	n
23694358	2413	1620	n
23694614	2415	1622	n
23694869	2416	1621	n
23695120	2414	1621	n
23695371	2415	1619	n
23695629	2413	1621	n
23706002	2415	1622	n
23706253	2415	1625	n
23706506	2416	1621	n
23706762	2415	1621	n
23707013	2413	1621	n
23707264	2416	1621	n
23717702	2415	1621	n
23717953	2414	1621	n
23718204	2415	1620	n
23718455	2415	1620	n
23718711	2413	1621	n
23718962	2413	1622	n
23729324	2415	1621	n
23729579	2414	1619	n
23729835	2414	1620	n
23730086	2414	1619	n
23730337	2415	1621	n
23730590	2415	1619	n
23741037	2415	1622	n
23741288	2416	1619	n
23741545	2413	1619	n
23741800	2414	1621	n
23742052	2415	1621	n
23742303	2414	1619	n
23752716	2415	1618	n
23752967	2414	1622	n
23753218	2414	1622	n
23753469	2413	1621	n
23753726	2415	1620	n
23753977	2415	1622	n
23754228	2415	1621	n
23764656	2415	1621	n
23764907	2415	1623	n
23765158	2415	1622	n
23765409	2415	1622	n
23765665	2414	1622	n
23765916	2414	1622	n
23776296	2415	1619	n
23776551	2415	1620	n
23776806	2416	1622	n
23777057	2416	1621	n
23777308	2414	1621	n
23777565	2415	1620	n
23787991	2415	1621	n
23788242	2415	1621	n
23788497	2416	1621	n
23788753	2414	1621	n
23789004	2415	1619	n
23789255	2416	1621	n
23799691	2416	1619	n
23799942	2416	1621	n
23800193	2415	1622	n
23800445	2412	1622	n
23800700	2415	1621	n
23800952	2415	1622	n
23811314	2414	1622	n
23811568	2415	1619	n
23811824	2414	1622	n
23812075	2415	1620	n
23812326	2415	1619	n
23812583	2415	1621	n
23812838	2414	1622	n
23823216	2414	1621	n
23823467	2415	1622	n
23823723	2415	1621	n
23823974	2414	1621	n
23824226	2416	1619	n
23824477	2414	1621	n
23834860	2416	1621	n
23835111	2414	1621	n
23835362	2415	1621	n
23835620	2415	1621	n
23835871	2416	1620	n
23836123	2415	1622	n
23846505	2415	1621	n
23846760	2415	1621	n
23847012	2416	1624	n
23847263	2416	1621	n
23847520	2416	1623	n
23847776	2416	1621	n
23858198	2416	1624	n
23858449	2414	1621	n
23858705	2415	1622	n
23858956	2416	1621	n
23859208	2415	1622	n
23859459	2417	1621	n
23869894	2414	1622	n
23870145	2415	1621	n
23870396	2416	1619	n
23870657	2415	1622	n
23870908	2415	1621	n
23871159	2415	1621	n
23881523	2415	1620	n
23881778	2416	1622	n
23882029	2415	1623	n
23882280	2415	1622	n
23882537	2415	1621	n
23882793	2415	1622	n
23883044	2414	1620	n
23893423	2416	1623	n
23893679	2416	1621	n
23893930	2414	1622	n
23894182	2416	1622	n
23894433	2415	1622	n
23894689	2415	1620	n
23905067	2416	1623	n
23905318	2416	1621	n
23905571	2416	1622	n
23905826	2415	1623	n
23906077	2416	1623	n
23906329	2416	1621	n
23916715	2414	1621	n
23916966	2415	1620	n
23917218	2415	1619	n
23917469	2415	1621	n
23917725	2414	1621	n
23917976	2415	1620	n
23928406	2415	1619	n
23928662	2414	1620	n
23928913	2415	1621	n
23929165	2415	1621	n
23929416	2414	1623	n
23929671	2415	1620	n
23940102	2415	1622	n
23940353	2415	1619	n
23940606	2416	1621	n
23940862	2415	1622	n
23941113	2415	1621	n
23941364	2415	1621	n
23951729	2414	1621	n
23951980	2415	1620	n
23952231	2411	1619	n
23952485	2415	1619	n
23952741	2413	1621	n
23952992	2415	1622	n
23953243	2412	1621	n
23963640	2416	1621	n
23963891	2416	1625	n
23964142	2416	1620	n
23964393	2415	1622	n
23964652	2415	1622	n
23964903	2416	1622	n
23975275	2416	1622	n
23975531	2415	1621	n
23975786	2416	1621	n
23976037	2416	1622	n
23976288	2416	1621	n
23976545	2415	1622	n
23986918	2416	1621	n
23987349	2415	1622	n
23987637	2415	1623	n
23987888	2415	1622	n
23988140	2415	1618	n
23988391	2415	1622	n
23998838	2415	1621	n
23999323	2414	1622	n
23999579	2415	1621	n
23999834	2415	1623	n
24000117	2414	1621	n
24000368	2415	1621	n
24010776	2414	1619	Time:00:00:00:00;;
24011474	2415	1619	n
24011755	2414	1622	n
24012007	2415	1621	n
24012258	2414	1621	n
24012520	2416	1621	n
24022942	2415	1625	n
24023418	2415	1622	n
24023674	2415	1621	n
24023934	2416	1621	n
24024207	2416	1621	n
24024459	2416	1622	n
24034857	2416	1621	n
24035342	2416	1621	n
24035624	2414	1622	n
24035875	2416	1622	n
24036126	2416	1619	n
24036386	2416	1621	n
24036670	2416	1623	n
24047035	2415	1621	n
24047516	2414	1622	n
24047772	2415	1622	n
24048054	2413	1620	n
24048305	2415	1622	n
24048562	2415	1619	n
24058988	2415	1619	Time:00:00:00:00;;
24059724	2414	1621	n
24059975	2416	1622	n
24060227	2415	1622	n
24060514	2413	1622	n
24060770	2415	1621	n
24071185	2415	1621	n
24071669	2415	1622	n
24071952	2415	1622	n
24072203	2415	1622	n
24072454	2416	1622	n
24072710	2416	1621	n
24083138	2416	1621	n
24083630	2416	1621	n
24083881	2414	1622	n
24084132	2411	1619	n
24084392	2416	1622	n
24084674	2416	1621	n
24095076	2411	1620	n
24095553	2414	1622	n
24095818	2416	1621	n
24096091	2415	1619	n
24096342	2414	1621	n
24096599	2416	1621	n
24096863	2414	1618	n
24107323	2415	1621	n
24107815	2415	1621	n
24108066	2415	1622	n
24108326	2416	1622	n
24108603	2415	1621	n
24108858	2415	1621	n
24119277	2416	1621	n
24119770	2414	1622	n
24120044	2416	1620	n
24120295	2415	1622	n
24120551	2414	1621	n
24120814	2415	1621	n
24131198	2415	1621	n
24131681	2412	1619	n
24131932	2414	1621	n
24132192	2415	1619	n
24132466	2416	1621	n
24132721	2415	1620	n
24132972	2412	1619	n
24143376	2414	1619	n
24143892	2414	1621	n
24144143	2414	1619	n
24144394	2415	1623	n
24144659	2416	1621	n
24144933	2415	1621	n
24155330	2414	1621	n
24155821	2415	1622	n
24156081	2411	1623	n
24156355	2415	1621	n
24156609	2415	1621	n
24156864	2416	1622	n
24167250	2415	1622	n
24167767	2416	1621	n
24168018	2415	1619	n
24168269	2416	1621	n
24168523	2415	1620	n
24168810	2415	1621	n
24169061	2416	1621	n
24179428	2415	1620	n
24179914	2415	1620	n
24180173	2415	1622	n
24180448	2414	1621	n
24180703	2415	1620	n
24180955	2415	1621	n
24191382	2414	1621	n
24191907	2415	1619	n
24192158	2415	1621	n
24192409	2414	1619	n
24192671	2415	1621	n
24192945	2414	1620	n
24203303	2416	1622	n
24203788	2415	1621	n
24204048	2415	1620	n
24204322	2414	1617	n
24204575	2414	1620	n
24204830	2415	1620	n
24205090	2416	1621	n
24215486	2415	1623	Time:00:00:00:00;;
24216113	2413	1621	n
24216364	2413	1621	n
24216624	2411	1616	n
24216875	2413	1622	n
24227314	2413	1621	n
24227568	2415	1622	n
24227824	2416	1621	n
24228075	2414	1619	n
24228326	2415	1619	n
24228583	2414	1621	n
24238993	2415	1619	n
24239244	2416	1621	n
24239499	2416	1621	n
24239755	2415	1621	n
24240006	2415	1619	n
24240257	2415	1623	n
24240514	2415	1619	n
24250930	2415	1621	n
24251181	2415	1621	n
24251432	2416	1621	n
24251689	2415	1621	n
24251940	2414	1622	n
24252191	2415	1622	n
24262575	2413	1620	n
24262830	2415	1621	n
24263081	2414	1620	n
24263332	2414	1621	n
24263589	2414	1621	n
24263844	2414	1619	n
24274268	2415	1621	n
24274522	2415	1619	n
24274777	2415	1621	n
24275028	2415	1621	n
24275279	2414	1621	n
24275534	2416	1621	n
24285895	2415	1621	n
24286146	2416	1623	n
24286398	2415	1620	n
24286655	2414	1620	n
24286907	2416	1621	n
24287158	2415	1620	n
24297524	2416	1621	n
24297779	2416	1621	n
24298030	2415	1621	n
24298281	2415	1621	n
24298537	2416	1621	n
24298792	2416	1621	n
24309201	2414	1622	n
24309452	2415	1622	n
24309707	2415	1622	n
24309958	2415	1621	n
24310209	2415	1620	n
24310461	2416	1621	n
24310716	2416	1619	n
24321137	2415	1619	n
24321388	2415	1619	n
24321647	2414	1622	n
24321898	2416	1619	n
24322149	2413	1620	n
24322400	2413	1619	n
24332783	2414	1622	n
24333034	2416	1619	n
24333285	2416	1621	n
24333538	2416	1619	n
24333793	2415	1621	n
24334045	2415	1622	n
24344477	2415	1621	n
24344733	2416	1623	n
24344984	2416	1622	n
24345236	2416	1621	n
24345493	2416	1621	n
24345749	2415	1621	n
24356172	2415	1621	n
24356423	2414	1621	n
24356679	2415	1621	n
24356930	2415	1622	n
24357181	2416	1622	n
24357432	2416	1621	n
24367816	2414	1621	n
24368067	2414	1621	n
24368318	2415	1621	n
24368571	2415	1621	n
24368826	2415	1619	n
24369078	2413	1620	n
24379500	2416	1621	n
24379755	2415	1621	n
24380007	2416	1621	n
24380258	2416	1622	n
24380514	2415	1625	n
24380770	2415	1621	n
24381021	2414	1621	n
24391431	2415	1622	n
24391689	2415	1622	n
24391940	2415	1623	n
24392191	2416	1620	n
24392443	2412	1620	n
24392699	2415	1619	n
24403075	2415	1620	n
24403326	2415	1621	n
24403583	2415	1619	n
24403838	2414	1618	n
24404089	2416	1621	n
24404340	2415	1620	n
24414770	2415	1619	n
24415021	2415	1618	n
24415273	2415	1620	n
24415528	2411	1621	n
24415783	2415	1620	n
24416034	2414	1621	n
24426466	2416	1621	n
24426721	2414	1621	n
24426972	2415	1621	n
24427223	2415	1621	n
24427475	2413	1621	n
24427733	2416	1621	n
24438092	2415	1622	n
24438343	2416	1620	n
24438599	2413	1620	n
24438854	2414	1622	n
24439105	2413	1622	n
24439357	2414	1619	n
24439610	2413	1619	n
24449995	2416	1622	n
24450246	2415	1621	n
24450503	2415	1621	n
24450758	2416	1619	n
24451010	2415	1621	n
24451261	2415	1621	n
24461643	2415	1622	n
24461894	2415	1622	n
24462145	2415	1621	n
24462396	2415	1621	n
24462657	2416	1621	n
24462908	2415	1622	n
24473282	2416	1621	n
24473537	2415	1623	n
24473792	2414	1623	n
24474043	2415	1622	n
24474295	2415	1621	n
24474552	2416	1623	n
24484977	2416	1621	n
24485228	2415	1621	n
24485481	2415	1621	n
24485737	2415	1619	n
24485988	2415	1621	n
24486239	2416	1619	n
24496677	2415	1623	n
24496928	2415	1621	n
24497179	2415	1623	n
24497431	2416	1621	n
24497689	2414	1621	n
24497941	2415	1621	n
24508300	2415	1622	n
24508554	2416	1623	n
24508809	2415	1623	n
24509060	2416	1622	n
24509311	2416	1621	n
24509569	2416	1621	n
24509825	2416	1621	n
24520202	2416	1622	n
24520453	2416	1623	n
24520709	2416	1621	n
24520960	2416	1623	n
24521211	2416	1620	n
24521462	2416	1622	n
24531846	2415	1621	n
24532097	2416	1623	n
24532348	2415	1622	n
24532603	2415	1619	n
24532858	2416	1622	n
24533109	2416	1622	n
24543492	2415	1622	n
24543748	2416	1621	n
24543999	2415	1621	n
24544251	2414	1621	n
24544504	2415	1620	n
24544760	2413	1620	n
24555185	2415	1623	n
24555436	2415	1621	n
24555697	2416	1622	n
24555948	2416	1621	n
24556199	2413	1619	n
24556450	2415	1621	n
24566881	2415	1623	n
24567132	2416	1621	n
24567383	2416	1621	n
24567643	2415	1621	n
24567894	2415	1622	n
24568145	2415	1621	n
24578511	2411	1620	n
24578766	2415	1620	n
24579017	2414	1621	n
24579269	2414	1621	n
24579522	2415	1621	n
24579777	2415	1621	n
24580029	2415	1619	n
24590410	2416	1621	n
24590666	2415	1621	n
24590917	2414	1621	n
24591168	2416	1621	n
24591419	2415	1623	n
24591675	2414	1621	n
24602053	2414	1622	n
24602304	2415	1621	n
24602557	2415	1621	n
24602812	2416	1622	n
24603064	2416	1623	n
24603315	2415	1622	n
24613700	2415	1621	n
24613952	2416	1621	n
24614203	2415	1622	n
24614454	2416	1621	n
24614710	2415	1619	n
24614961	2414	1622	n
24625392	2415	1621	n
24625651	2416	1622	n
24625902	2415	1621	n
24626153	2416	1621	n
24626404	2415	1620	n
24626661	2415	1621	n
24637088	2415	1621	n
24637339	2415	1621	n
24637592	2416	1622	n
24637847	2416	1622	n
24638098	2415	1622	n
24638349	2416	1621	n
24648715	2416	1619	n
24648966	2415	1622	n
24649217	2416	1622	n
24649468	2415	1622	n
24649724	2416	1621	n
24649975	2416	1621	n
24650226	2416	1623	n
24660627	2415	1621	n
24660879	2416	1623	n
24661130	2415	1621	n
24661381	2416	1623	n
24661638	2415	1621	n
24661889	2415	1621	n
24672261	2416	1622	n
24672518	2416	1622	n
24672772	2416	1622	n
24673023	2416	1622	n
24673274	2416	1622	n
24673531	2415	1622	n
24683905	2416	1621	n
24684156	2416	1621	n
24684407	2415	1619	n
24684663	2416	1622	n
24684914	2416	1621	n
24685165	2415	1622	n
24695602	2416	1622	n
24695857	2415	1621	n
24696108	2416	1622	n
24696359	2416	1622	n
24696620	2416	1622	n
24696871	2416	1623	n
24707296	2416	1621	n
24707551	2415	1623	n
24707806	2416	1623	n
24708057	2415	1621	n
24708308	2415	1619	n
24708565	2415	1621	n
24718992	2414	1621	n
24719243	2414	1620	n
24719500	2415	1622	n
24719755	2415	1622	n
24720006	2415	1622	n
24720258	2413	1622	n
24720514	2415	1621	n
24730911	2416	1621	n
24731162	2415	1621	n
24731413	2416	1621	n
24731669	2415	1621	n
24731920	2415	1621	n
24732171	2414	1622	n
24742557	2416	1623	n
24742812	2416	1623	n
24743063	2416	1623	n
24743315	2416	1623	n
24743572	2416	1620	n
24743827	2416	1623	n
24754250	2415	1622	n
24754504	2414	1622	n
24754759	2414	1622	n
24755010	2414	1621	n
24755261	2416	1621	n
24755517	2415	1621	n
24765893	2414	1622	n
24766144	2416	1622	n
24766396	2415	1622	n
24766656	2415	1621	n
24766907	2415	1623	n
24767158	2415	1622	n
24777589	2415	1623	n
24777844	2416	1621	n
24778095	2415	1622	n
24778346	2415	1622	n
24778603	2416	1621	n
24778859	2416	1623	n
24789268	2414	1621	n
24789521	2415	1623	n
24789776	2415	1621	n
24790027	2415	1621	n
24790279	2415	1620	n
24790534	2416	1623	n
24790789	2415	1621	n
24801205	2416	1623	n
24801456	2416	1622	n
24801712	2416	1620	n
24801963	2415	1623	n
24802214	2415	1621	n
24802465	2416	1621	n
24812848	2416	1622	n
24813099	2414	1622	n
24813350	2416	1622	n
24813606	2416	1622	n
24813861	2415	1621	n
24814112	2416	1623	n
24824547	2415	1622	n
24824802	2415	1622	n
24825053	2416	1622	n
24825305	2416	1622	n
24825558	2416	1623	n
24825813	2416	1622	n
24836170	2415	1621	n
24836421	2416	1621	n
24836677	2415	1619	n
24836928	2415	1622	n
24837179	2415	1620	n
24837431	2416	1620	n
24847797	2416	1622	n
24848048	2416	1622	n
24848299	2415	1621	n
24848553	2415	1621	n
24848809	2415	1621	n
24849060	2415	1621	n
24859476	2416	1623	n
24859732	2416	1622	n
24859984	2416	1622	n
24860235	2415	1622	n
24860490	2416	1621	n
24860745	2415	1621	n
24860997	2415	1621	n
24871412	2416	1621	n
24871667	2416	1623	n
24871919	2416	1623	n
24872170	2416	1621	n
24872421	2415	1622	n
24872677	2416	1621	n
24883056	2416	1619	n
24883307	2414	1622	n
24883562	2414	1621	n
24883817	2416	1623	n
24884068	2415	1621	n
24884319	2414	1623	n
24894751	2415	1621	n
24895002	2415	1621	n
24895254	2416	1621	n
24895511	2414	1621	n
24895766	2415	1622	n
24896017	2415	1620	n
24906378	2416	1622	n
24906637	2416	1623	n
24906888	2415	1621	n
24907140	2416	1621	n
24907391	2416	1621	n
24907652	2415	1621	n
24918091	2416	1621	n
24918342	2416	1623	n
24918599	2416	1623	n
24918854	2415	1622	n
24919106	2415	1621	n
24919357	2415	1622	n
24929770	2414	1621	n
24930021	2414	1617	n
24930272	2415	1623	n
24930528	2415	1619	n
24930783	2415	1622	n
24931034	2415	1621	n
24931285	2414	1619	n
24941710	2415	1618	n
24941961	2414	1621	n
24942212	2416	1621	n
24942464	2416	1622	n
24942719	2416	1622	n
24942970	2416	1622	n
24953350	2415	1621	n
24953606	2415	1621	n
24953861	2415	1622	n
24954113	2416	1621	n
24954364	2416	1621	n
24954625	2416	1621	n
24965045	2416	1622	n
24965296	2415	1621	n
24965551	2415	1621	n
24965806	2415	1621	n
24966057	2416	1621	n
24966308	2416	1622	n
24976741	2415	1622	n
24976992	2414	1621	n
24977243	2415	1622	n
24977500	2415	1621	n
24977755	2414	1622	n
24978006	2415	1622	n
24988367	2415	1622	n
24988860	2416	1621	n
24989111	2415	1622	n
24989362	2415	1621	n
24989629	2415	1622	n
24989902	2415	1623	n
24990154	2416	1621	n
25000531	2416	1622	n
25001021	2416	1622	n
25001295	2416	1623	n
25001552	2416	1623	n
25001807	2416	1621	n
25002067	2415	1624	n
25012497	2415	1621	Time:00:00:00:00;;
25013192	2415	1622	n
25013452	2413	1620	n
25013730	2415	1622	n
25013981	2416	1621	n
25014233	2415	1621	n
25024596	2416	1623	n
25025108	2416	1621	n
25025359	2415	1623	n
25025614	2416	1619	n
25025869	2415	1622	n
25026152	2416	1621	n
25036551	2415	1621	n
25037031	2416	1621	n
25037282	2415	1621	n
25037568	2416	1621	n
25037824	2416	1622	n
25038075	2416	1623	n
25048503	2416	1623	n
25049015	2415	1622	n
25049266	2416	1622	n
25049520	2416	1622	n
25049775	2416	1623	n
25050059	2415	1621	n
25050310	2416	1621	n
25060735	2415	1621	Time:00:00:00:00;;
25061437	2413	1619	n
25061720	2415	1621	n
25061971	2416	1621	n
25062222	2416	1621	n
25072655	2416	1622	n
25073163	2416	1622	n
25073415	2415	1623	n
25073669	2415	1621	n
25073929	2415	1618	n
25074203	2416	1619	n
25074454	2415	1621	n
25084881	2416	1622	n
25085367	2416	1622	n
25085648	2416	1622	n
25085899	2416	1621	n
25086150	2415	1622	n
25086410	2415	1621	n
25096835	2415	1620	n
25097312	2416	1620	n
25097568	2416	1621	n
25097833	2415	1622	n
25098106	2415	1621	n
25098357	2415	1620	n
25108789	2414	1619	n
25109280	2416	1623	n
25109556	2415	1622	n
25109811	2416	1621	n
25110062	2416	1622	n
25110322	2414	1620	n
25110599	2415	1622	n
25121020	2415	1621	n
25121503	2414	1619	n
25121767	2415	1622	n
25122041	2414	1621	n
25122292	2416	1621	n
25122547	2416	1620	n
25132973	2416	1622	n
25133485	2416	1622	n
25133741	2416	1623	n
25133992	2415	1623	n
25134252	2415	1621	n
25134531	2415	1622	n
25144928	2416	1619	n
25145405	2415	1619	n
25145670	2414	1619	n
25145943	2415	1621	n
25146194	2416	1620	n
25146446	2414	1621	n
25146710	2415	1622	n
25157167	2416	1620	n
25157658	2415	1621	n
25157910	2414	1621	n
25158169	2415	1622	n
25158443	2414	1621	n
25158699	2414	1621	n
25169112	2415	1621	n
25169606	2415	1621	n
25169883	2415	1622	n
25170135	2416	1621	n
25170386	2415	1620	n
25170654	2415	1621	n
25181059	2416	1621	n
25181545	2416	1621	n
25181800	2416	1621	n
25182051	2415	1622	n
25182334	2415	1622	n
25182588	2414	1620	n
25182844	2415	1621	n
25193211	2416	1622	n
25193731	2414	1619	n
25193983	2415	1621	n
25194234	2415	1621	n
25194490	2415	1621	n
25194776	2415	1621	n
25205165	2413	1621	n
25205651	2414	1620	n
25205902	2415	1621	n
25206162	2415	1621	n
25206436	2413	1621	n
25206697	2415	1622	n
25217102	2416	1622	Time:00:00:00:00;;
25217710	2415	1620	n
25217961	2415	1622	n
25218212	2415	1621	n
25218463	2416	1621	n
25218718	2415	1620	n
25229091	2415	1622	n
25229342	2415	1620	n
25229597	2415	1622	n
25229852	2415	1621	n
25230103	2415	1621	n
25230354	2416	1622	n
25240786	2416	1622	n
25241037	2415	1621	n
25241289	2415	1622	n
25241545	2414	1622	n
25241801	2415	1619	n
25242052	2412	1621	n
25252486	2415	1623	n
25252741	2416	1621	n
25252993	2416	1621	n
25253244	2416	1621	n
25253500	2415	1622	n
25253755	2415	1622	n
25264178	2416	1621	n
25264429	2415	1622	n
25264690	2416	1620	n
25264941	2414	1622	n
25265192	2415	1621	n
25265443	2413	1621	n
25265700	2416	1622	n
25276097	2416	1619	n
25276348	2412	1622	n
25276603	2416	1619	n
25276858	2413	1621	n
25277109	2415	1621	n
25277360	2413	1622	n
25287745	2415	1621	n
25287997	2415	1622	n
25288248	2416	1623	n
25288503	2414	1621	n
25288758	2415	1622	n
25289009	2416	1620	n
25299368	2415	1622	n
25299627	2416	1621	n
25299878	2415	1621	n
25300129	2416	1619	n
25300380	2416	1621	n
25300637	2415	1622	n
25310993	2415	1622	n
25311244	2416	1621	n
25311499	2416	1622	n
25311755	2415	1622	n
25312006	2416	1623	n
25312257	2416	1622	n
25322693	2415	1619	n
25322944	2413	1621	n
25323196	2414	1619	n
25323447	2414	1621	n
25323702	2415	1622	n
25323954	2416	1621	n
25334316	2415	1620	n
25334571	2415	1621	n
25334826	2415	1621	n
25335077	2416	1621	n
25335329	2415	1619	n
25335586	2416	1620	n
25335841	2415	1621	n
25346218	2414	1621	n
25346469	2413	1622	n
25346726	2415	1621	n
25346977	2416	1622	n
25347228	2415	1619	n
25347481	2416	1622	n
25357862	2416	1620	n
25358113	2416	1622	n
25358364	2416	1622	n
25358624	2416	1619	n
25358875	2415	1622	n
25359126	2416	1622	n
25369511	2415	1619	n
25369766	2415	1621	n
25370018	2414	1621	n
25370269	2414	1619	n
25370522	2415	1619	n
25370778	2414	1621	n
25381201	2415	1621	n
25381452	2415	1622	n
25381708	2416	1621	n
25381959	2414	1619	n
25382211	2415	1620	n
25382462	2416	1619	n
25392897	2416	1622	n
25393148	2416	1621	n
25393399	2415	1621	n
25393656	2415	1623	n
25393908	2415	1621	n
25394159	2415	1621	n
25404528	2416	1621	n
25404783	2415	1621	n
25405034	2415	1621	n
25405286	2415	1621	n
25405539	2416	1620	n
25405794	2415	1620	n
25406046	2414	1621	n
25416426	2415	1621	n
25416682	2415	1622	n
25416934	2416	1621	n
25417185	2416	1622	n
25417436	2416	1619	n
25417697	2415	1621	n
25428070	2415	1621	n
25428321	2416	1622	n
25428574	2415	1621	n
25428830	2416	1622	n
25429081	2415	1621	n
25429332	2416	1621	n
25439717	2415	1622	n
25439968	2416	1621	n
25440220	2415	1623	n
25440471	2416	1622	n
25440727	2415	1621	n
25440978	2416	1621	n
25451408	2415	1619	n
25451664	2416	1622	n
25451915	2415	1622	n
25452166	2415	1621	n
25452417	2416	1622	n
25452673	2415	1621	n
25463104	2416	1621	n
25463355	2415	1622	n
25463609	2414	1621	n
25463864	2416	1621	n
25464115	2416	1619	n
25464366	2416	1621	n
25474731	2414	1621	n
25474982	2415	1622	n
25475233	2415	1623	n
25475490	2415	1623	n
25475746	2415	1621	n
25475997	2414	1621	n
25476248	2415	1621	n
25486641	2416	1622	n
25486892	2416	1622	n
25487143	2416	1623	n
25487394	2416	1621	n
25487653	2416	1622	n
25487904	2415	1621	n
25498277	2415	1618	n
25498534	2415	1621	n
25498789	2414	1621	n
25499040	2415	1620	n
25499291	2414	1619	n
25499548	2415	1621	n
25509921	2416	1622	n
25510172	2415	1621	n
25510423	2415	1623	n
25510679	2416	1621	n
25510930	2416	1621	n
25511181	2416	1623	n
25521619	2416	1621	n
25521870	2415	1621	n
25522121	2416	1622	n
25522372	2415	1622	n
25522630	2415	1622	n
25522881	2416	1621	n
25533312	2415	1621	n
25533569	2416	1621	n
25533824	2416	1622	n
25534076	2415	1622	n
25534327	2415	1622	n
25534582	2416	1619	n
25545008	2415	1621	n
25545259	2416	1622	n
25545513	2415	1621	n
25545768	2415	1621	n
25546019	2415	1621	n
25546271	2416	1622	n
25546528	2416	1622	n
25556927	2415	1621	n
25557178	2414	1621	n
25557429	2415	1621	n
25557690	2416	1623	n
25557941	2414	1621	n
25558192	2416	1623	n
25568573	2415	1619	n
25568828	2415	1622	n
25569080	2414	1621	n
25569331	2415	1623	n
25569586	2415	1621	n
25569841	2415	1618	n
25580198	2416	1622	n
25580449	2414	1621	n
25580704	2415	1620	n
25580955	2414	1620	n
25581207	2416	1621	n
25581458	2416	1622	n
25591823	2415	1622	n
25592075	2415	1618	n
25592326	2415	1621	n
25592582	2413	1619	n
25592837	2415	1621	n
25593088	2415	1622	n
25603521	2415	1621	n
25603776	2416	1622	n
25604027	2416	1622	n
25604279	2416	1621	n
25604534	2415	1622	n
25604789	2416	1622	n
25615146	2414	1621	n
25615397	2415	1620	n
25615656	2414	1622	n
25615907	2416	1619	n
25616158	2415	1621	n
25616409	2416	1619	n
25616665	2415	1622	n
25627048	2416	1622	n
25627299	2416	1622	n
25627554	2416	1622	n
25627809	2416	1622	n
25628060	2416	1622	n
25628311	2416	1623	n
25638696	2416	1619	n
25638948	2416	1621	n
25639199	2415	1622	n
25639450	2415	1622	n
25639705	2414	1623	n
25639957	2416	1621	n
25650336	2415	1621	n
25650589	2416	1621	n
25650844	2416	1619	n
25651095	2416	1620	n
25651347	2415	1621	n
25651604	2416	1622	n
25662031	2416	1622	n
25662282	2415	1622	n
25662537	2415	1621	n
25662792	2416	1622	n
25663043	2416	1623	n
25663294	2416	1622	n
25673727	2413	1621	n
25673978	2416	1619	n
25674229	2413	1621	n
25674486	2416	1621	n
25674741	2415	1619	n
25674992	2414	1621	n
25685354	2415	1622	n
25685607	2414	1622	n
25685862	2415	1621	n
25686113	2416	1620	n
25686365	2415	1622	n
25686624	2416	1621	n
25686875	2415	1620	n
25697256	2415	1621	n
25697511	2415	1621	n
25697767	2414	1621	n
25698018	2415	1622	n
25698269	2416	1619	n
25698523	2414	1622	n
25708900	2416	1623	n
25709151	2416	1623	n
25709402	2416	1622	n
25709658	2416	1622	n
25709910	2415	1622	n
25710161	2416	1623	n
25720548	2416	1621	n
25720803	2415	1621	n
25721054	2415	1622	n
25721306	2416	1621	n
25721562	2415	1621	n
25721817	2415	1622	n
25732238	2415	1622	n
25732492	2416	1621	n
25732748	2415	1620	n
25732999	2415	1621	n
25733250	2415	1622	n
25733503	2416	1622	n
25743934	2416	1621	n
25744185	2416	1621	n
25744436	2414	1622	n
25744696	2416	1623	n
25744948	2416	1623	n
25745199	2416	1622	n
25755561	2416	1623	n
25755816	2416	1621	n
25756067	2416	1621	n
25756318	2416	1622	n
25756571	2415	1621	n
25756826	2416	1622	n
25757078	2415	1622	n
25767463	2416	1621	n
25767719	2415	1621	n
25767970	2415	1622	n
25768221	2416	1621	n
25768472	2415	1621	n
25768733	2415	1622	n
25779107	2415	1621	n
25779358	2416	1621	n
25779614	2415	1621	n
25779869	2415	1621	n
25780120	2416	1622	n
25780371	2415	1621	n
25790755	2416	1623	n
25791006	2415	1622	n
25791258	2415	1623	n
25791514	2416	1621	n
25791769	2416	1621	n
25792021	2416	1622	n
25802446	2414	1622	n
25802702	2415	1620	n
25802953	2415	1621	n
25803204	2415	1621	n
25803455	2416	1623	n
25803711	2416	1621	n
25814142	2415	1623	n
25814393	2415	1621	n
25814652	2416	1622	n
25814903	2416	1621	n
25815154	2416	1619	n
25815405	2416	1621	n
25825769	2415	1622	n
25826020	2415	1622	n
25826271	2416	1623	n
25826528	2416	1619	n
25826784	2415	1621	n
25827035	2415	1622	n
25827286	2416	1621	n
25837676	2416	1621	n
25837927	2416	1622	n
25838178	2416	1622	n
25838429	2415	1623	n
25838690	2416	1621	n
25838941	2415	1619	n
25849315	2416	1622	n
25849572	2416	1621	n
25849827	2415	1622	n
25850078	2415	1623	n
25850329	2415	1621	n
25850586	2414	1622	n
25860958	2416	1621	n
25861209	2416	1622	n
25861460	2415	1619	n
25861716	2415	1619	n
25861967	2415	1621	n
25862218	2415	1622	n
25872658	2416	1621	n
25872909	2416	1621	n
25873160	2416	1620	n
25873411	2415	1620	n
25873667	2414	1619	n
25873918	2416	1622	n
25884349	2415	1622	n
25884603	2415	1622	n
25884858	2415	1624	n
25885110	2415	1620	n
25885361	2414	1623	n
25885620	2415	1622	n
25896045	2414	1619	n
25896296	2416	1621	n
25896551	2414	1621	n
25896806	2415	1620	n
25897057	2415	1623	n
25897308	2414	1622	n
25897565	2416	1620	n
25907965	2414	1621	n
25908216	2414	1621	n
25908467	2414	1622	n
25908723	2415	1619	n
25908974	2414	1621	n
25909226	2415	1621	n
25919609	2416	1622	n
25919865	2415	1619	n
25920116	2416	1622	n
25920367	2416	1622	n
25920627	2416	1619	n
25920878	2416	1622	n
25931235	2416	1623	n
25931490	2416	1622	n
25931745	2416	1623	n
25931996	2416	1622	n
25932248	2416	1621	n
25932503	2416	1623	n
25942947	2415	1622	n
25943198	2414	1621	n
25943449	2414	1623	n
25943705	2416	1622	n
25943956	2416	1621	n
25944207	2415	1619	n
25954647	2415	1621	n
25954898	2416	1622	n
25955150	2415	1621	n
25955401	2415	1621	n
25955657	2415	1623	n
25955908	2414	1622	n
25966322	2416	1622	n
25966575	2416	1622	n
25966830	2416	1622	n
25967081	2416	1622	n
25967333	2414	1621	n
25967588	2415	1622	n
25967844	2416	1624	n
25978258	2416	1622	n
25978514	2416	1622	n
25978770	2416	1622	n
25979021	2416	1619	n
25979272	2415	1623	n
25979528	2415	1622	n
25989902	2416	1622	n
25990387	2416	1621	n
25990669	2415	1621	n
25990920	2415	1622	n
25991172	2415	1622	n
25991432	2415	1621	n
26001839	2415	1621	n
26002316	2416	1622	n
26002571	2413	1620	n
26002835	2415	1622	n
26003108	2415	1622	n
26003360	2416	1621	n
26013760	2415	1621	Time:00:00:00:00;;
26014459	2416	1621	n
26014737	2416	1623	n
26014989	2416	1623	n
26015249	2416	1622	n
26015528	2416	1622	n
26025920	2416	1621	n
26026397	2416	1620	n
26026656	2416	1622	n
26026938	2416	1621	n
26027189	2415	1620	n
26027441	2415	1621	n
26037857	2416	1622	n
26038364	2415	1622	n
26038624	2415	1622	n
26038875	2415	1621	n
26039126	2416	1622	n
26039409	2416	1619	n
26039664	2416	1622	n
26050105	2416	1622	n
26050585	2415	1622	n
26050872	2416	1621	n
26051123	2415	1623	n
26051374	2416	1623	n
26051631	2416	1623	n
26062058	2416	1621	Time:00:00:00:00;;
26062767	2416	1621	n
26063018	2415	1623	n
26063301	2415	1620	n
26063554	2416	1621	n
26063809	2416	1620	n
26074168	2416	1621	n
26074664	2415	1621	n
26074938	2414	1622	n
26075189	2415	1619	n
26075440	2411	1620	n
26075706	2416	1621	n
26086131	2416	1621	n
26086609	2415	1621	n
26086865	2415	1622	n
26087124	2415	1622	n
26087398	2416	1620	n
26087656	2415	1623	n
26098077	2416	1621	n
26098566	2416	1621	n
26098843	2416	1620	n
26099095	2416	1621	n
26099346	2414	1622	n
26099612	2416	1622	n
26099890	2416	1621	n
26110307	2416	1622	n
26110799	2416	1622	n
26111059	2416	1622	n
26111333	2416	1622	n
26111588	2416	1622	n
26111844	2416	1621	n
26122261	2415	1621	n
26122780	2415	1622	n
26123032	2415	1619	n
26123283	2415	1621	n
26123546	2416	1622	n
26123824	2413	1619	n
26134199	2416	1622	n
26134682	2415	1622	n
26134933	2416	1622	n
26135215	2415	1621	n
26135466	2416	1623	n
26135722	2414	1621	n
26135973	2415	1620	n
26146360	2415	1621	n
26146856	2416	1622	n
26147107	2416	1623	n
26147358	2415	1621	n
26147647	2414	1621	n
26147899	2415	1619	n
26158313	2416	1623	n
26158806	2416	1619	n
26159088	2416	1620	n
26159340	2414	1621	n
26159597	2416	1622	n
26159852	2415	1621	n
26170251	2415	1620	n
26170746	2416	1622	n
26170997	2416	1621	n
26171248	2416	1621	n
26171513	2415	1622	n
26171791	2415	1619	n
26172043	2416	1622	n
26182412	2416	1622	n
26182907	2416	1621	n
26183181	2415	1622	n
26183432	2416	1621	n
26183689	2416	1622	n
26183949	2414	1622	n
26194375	2414	1622	n
26194866	2411	1622	n
26195118	2415	1619	n
26195378	2415	1621	n
26195658	2415	1621	n
26195909	2414	1621	n
26206304	2413	1621	n
26206800	2416	1621	n
26207074	2416	1623	n
26207325	2415	1622	n
26207582	2414	1620	n
26207846	2416	1620	n
26208120	2415	1622	n
26218553	2416	1623	Time:00:00:00:00;;
26219136	2415	1622	n
26219387	2415	1622	n
26219647	2415	1622	n
26219898	2415	1623	n
26230298	2416	1622	n
26230554	2416	1623	n
26230809	2416	1621	n
26231061	2416	1622	n
26231312	2416	1622	n
26231569	2416	1621	n
26241994	2416	1623	n
26242245	2416	1621	n
26242499	2416	1623	n
26242755	2416	1622	n
26243006	2415	1623	n
26243257	2415	1619	n
26243514	2416	1623	n
26253913	2415	1619	n
26254164	2414	1621	n
26254415	2416	1622	n
26254671	2414	1620	n
26254922	2416	1622	n
26255174	2415	1622	n
26265562	2415	1622	n
26265817	2416	1620	n
26266068	2416	1621	n
26266319	2416	1622	n
26266573	2414	1622	n
26266828	2415	1622	n
26277252	2416	1621	n
26277505	2415	1621	n
26277761	2415	1622	n
26278012	2416	1623	n
26278264	2415	1622	n
26278520	2415	1621	n
26288896	2416	1622	n
26289147	2416	1623	n
26289398	2416	1619	n
26289656	2416	1621	n
26289907	2416	1621	n
26290158	2416	1623	n
26300592	2415	1622	n
26300847	2415	1621	n
26301098	2416	1621	n
26301349	2415	1622	n
26301606	2415	1621	n
26301862	2416	1620	n
26312271	2416	1622	n
26312528	2416	1620	n
26312784	2416	1621	n
26313035	2416	1622	n
26313286	2416	1621	n
26313540	2415	1621	n
26313795	2415	1621	n
26324207	2416	1623	n
26324458	2417	1621	n
26324714	2416	1622	n
26324965	2416	1622	n
26325216	2416	1623	n
26325467	2416	1622	n
26335851	2416	1619	n
26336102	2416	1620	n
26336353	2415	1621	n
26336606	2416	1622	n
26336862	2415	1621	n
26337113	2416	1623	n
26347550	2415	1622	n
26347806	2416	1622	n
26348057	2415	1621	n
26348308	2414	1623	n
26348565	2415	1622	n
26348820	2415	1622	n
26359242	2416	1622	n
26359497	2416	1619	n
26359752	2415	1622	n
26360003	2415	1621	n
26360255	2416	1622	n
26360511	2416	1622	n
26370886	2416	1623	n
26371137	2416	1622	n
26371388	2416	1622	n
26371647	2415	1622	n
26371898	2416	1622	n
26372149	2415	1622	n
26382565	2415	1622	n
26382820	2415	1622	n
26383071	2415	1621	n
26383322	2416	1621	n
26383575	2415	1620	n
26383830	2416	1621	n
26384082	2416	1621	n
26394503	2414	1622	n
26394758	2415	1621	n
26395009	2415	1621	n
26395261	2416	1621	n
26395518	2415	1621	n
26395772	2416	1623	n
26406145	2416	1622	n
26406396	2416	1621	n
26406656	2416	1622	n
26406907	2416	1622	n
26407158	2416	1622	n
26407410	2416	1622	n
26417840	2416	1623	n
26418091	2416	1621	n
26418343	2415	1623	n
26418599	2416	1622	n
26418854	2416	1623	n
26419106	2416	1622	n
26429538	2416	1622	n
26429793	2416	1621	n
26430044	2416	1621	n
26430296	2415	1621	n
26430551	2416	1621	n
26430806	2416	1621	n
26441232	2415	1621	n
26441485	2416	1622	n
26441741	2416	1622	n
26441992	2416	1622	n
26442243	2415	1621	n
26442500	2416	1622	n
26442755	2416	1622	n
26453151	2416	1623	n
26453402	2416	1623	n
26453659	2416	1623	n
26453910	2415	1622	n
26454161	2416	1622	n
26454412	2416	1623	n
26464795	2416	1623	n
26465046	2416	1622	n
26465297	2416	1623	n
26465554	2416	1623	n
26465809	2416	1619	n
26466060	2415	1622	n
26476421	2416	1625	n
26476676	2416	1621	n
26476927	2416	1621	n
26477178	2416	1621	n
26477430	2415	1621	n
26477690	2415	1619	n
26488047	2416	1622	n
26488298	2415	1623	n
26488554	2416	1623	n
26488809	2415	1623	n
26489060	2415	1622	n
26489311	2415	1622	n
26499743	2416	1621	n
26499994	2416	1622	n
26500245	2416	1621	n
26500500	2416	1620	n
26500755	2415	1621	n
26501006	2416	1622	n
26511370	2415	1621	n
26511627	2416	1622	n
26511878	2416	1619	n
26512129	2415	1621	n
26512380	2415	1622	n
26512637	2415	1621	n
26512888	2411	1620	n
26523272	2415	1621	n
26523528	2415	1621	n
26523783	2415	1622	n
26524034	2415	1620	n
26524285	2416	1621	n
26524539	2414	1622	n
26534916	2415	1621	n
26535167	2414	1621	n
26535418	2416	1623	n
26535674	2415	1622	n
26535925	2416	1621	n
26536176	2415	1620	n
26546564	2416	1623	n
26546820	2416	1622	n
26547071	2415	1621	n
26547322	2415	1623	n
26547575	2416	1621	n
26547831	2415	1621	n
26558255	2416	1622	n
26558510	2414	1621	n
26558766	2414	1620	n
26559017	2416	1620	n
26559268	2416	1621	n
26559522	2416	1621	n
26569951	2415	1621	n
26570202	2415	1622	n
26570453	2414	1620	n
26570709	2414	1621	n
26570960	2415	1621	n
26571211	2416	1622	n
26581577	2415	1622	n
26581832	2415	1622	n
26582083	2416	1623	n
26582334	2416	1620	n
26582588	2416	1619	n
26582843	2415	1622	n
26583095	2415	1622	n
26593486	2416	1622	n
26593741	2416	1622	n
26593992	2415	1622	n
26594244	2416	1623	n
26594501	2416	1621	n
26594756	2415	1623	n
26605123	2416	1622	n
26605374	2414	1622	n
26605631	2416	1623	n
26605882	2416	1622	n
26606133	2415	1622	n
26606385	2416	1621	n
26616770	2414	1622	n
26617022	2415	1622	n
26617273	2415	1620	n
26617528	2415	1620	n
26617783	2415	1621	n
26618034	2415	1622	n
26628462	2416	1621	n
26628718	2414	1622	n
26628969	2415	1621	n
26629220	2415	1622	n
26629471	2415	1622	n
26629728	2414	1621	n
26640158	2416	1621	n
26640409	2415	1621	n
26640665	2415	1622	n
26640916	2415	1622	n
26641167	2416	1621	n
26641418	2415	1623	n
26651785	2415	1620	n
26652036	2415	1620	n
26652287	2416	1620	n
26652540	2416	1622	n
26652795	2416	1621	n
26653046	2415	1620	n
26653298	2415	1621	n
26663692	2416	1621	n
26663943	2416	1621	n
26664194	2414	1619	n
26664445	2414	1621	n
26664701	2414	1619	n
26664952	2415	1622	n
26675331	2416	1622	n
26675585	2415	1622	n
26675841	2415	1621	n
26676092	2416	1621	n
26676343	2416	1621	n
26676599	2416	1622	n
26686975	2415	1621	n
26687226	2416	1621	n
26687478	2414	1620	n
26687734	2415	1622	n
26687985	2416	1619	n
26688236	2416	1621	n
26698675	2415	1619	n
26698926	2415	1621	n
26699177	2416	1621	n
26699428	2416	1621	n
26699685	2416	1621	n
26699936	2415	1619	n
26710366	2413	1621	n
26710624	2415	1621	n
26710876	2414	1622	n
26711127	2415	1619	n
26711378	2413	1621	n
26711638	2415	1619	n
26722062	2415	1622	n
26722313	2415	1621	n
26722568	2416	1622	n
26722824	2415	1621	n
26723075	2416	1620	n
26723326	2416	1622	n
26723582	2415	1620	n
26733981	2416	1619	n
26734232	2415	1620	n
26734486	2415	1621	n
26734741	2415	1617	n
26734992	2416	1622	n
26735243	2415	1619	n
26745632	2415	1622	n
26745883	2414	1619	n
26746134	2414	1621	n
26746385	2415	1619	n
26746643	2415	1620	n
26746895	2415	1621	n
26757251	2414	1620	n
26757504	2414	1620	n
26757760	2414	1621	n
26758011	2415	1619	n
26758262	2415	1622	n
26758517	2416	1620	n
26768877	2416	1622	n
26769128	2415	1621	n
26769379	2413	1620	n
26769637	2414	1622	n
26769889	2414	1621	n
26770140	2416	1621	n
26780573	2416	1621	n
26780828	2415	1619	n
26781080	2414	1619	n
26781331	2416	1619	n
26781586	2415	1621	n
26781841	2414	1620	n
26792200	2415	1621	n
26792451	2414	1621	n
26792706	2415	1621	n
26792958	2415	1620	n
26793209	2415	1621	n
26793460	2415	1622	n
26793716	2415	1620	n
26804102	2416	1619	n
26804353	2415	1621	n
26804606	2413	1621	n
26804862	2416	1622	n
26805113	2414	1622	n
26805364	2416	1622	n
26815750	2415	1621	n
26816002	2416	1621	n
26816253	2415	1619	n
26816506	2415	1621	n
26816762	2415	1619	n
26817013	2414	1619	n
26827390	2415	1623	n
26827651	2415	1621	n
26827902	2414	1622	n
26828154	2415	1623	n
26828405	2415	1621	n
26828661	2414	1621	n
26839085	2415	1619	n
26839336	2415	1621	n
26839589	2415	1621	n
26839845	2415	1622	n
26840096	2416	1621	n
26840347	2415	1619	n
26850781	2416	1621	n
26851032	2415	1621	n
26851283	2416	1621	n
26851537	2415	1622	n
26851792	2416	1621	n
26852044	2415	1621	n
26862407	2415	1619	n
26862663	2416	1622	n
26862914	2416	1622	n
26863165	2416	1622	n
26863416	2415	1625	n
26863672	2415	1623	n
26863923	2416	1623	n
26874310	2414	1621	n
26874564	2414	1619	n
26874820	2416	1622	n
26875071	2415	1619	n
26875322	2415	1619	n
26875575	2414	1621	n
26885953	2415	1618	n
26886204	2414	1620	n
26886455	2416	1620	n
26886711	2413	1623	n
26886962	2414	1620	n
26887213	2416	1619	n
26897600	2415	1621	n
26897855	2415	1621	n
26898106	2416	1621	n
26898357	2416	1622	n
26898615	2415	1619	n
26898870	2414	1621	n
26909292	2415	1619	n
26909547	2413	1620	n
26909802	2415	1621	n
26910053	2415	1619	n
26910305	2415	1619	n
26910558	2411	1618	n
26920988	2415	1619	n
26921239	2414	1620	n
26921493	2413	1619	n
26921748	2413	1618	n
26922000	2415	1619	n
26922251	2414	1619	n
26932615	2416	1621	n
26932870	2415	1621	n
26933122	2415	1622	n
26933373	2416	1622	n
26933630	2416	1621	n
26933881	2415	1622	n
26934132	2415	1621	n
26944520	2414	1619	n
26944775	2415	1622	n
26945026	2416	1622	n
26945277	2416	1622	n
26945535	2416	1621	n
26945790	2415	1620	n
26956161	2414	1619	n
26956412	2414	1620	n
26956668	2416	1624	n
26956919	2416	1619	n
26957170	2415	1619	n
26957421	2416	1619	n
26967805	2415	1621	n
26968056	2415	1621	n
26968307	2415	1619	n
26968562	2415	1621	n
26968818	2415	1621	n
26969069	2415	1621	n
26979502	2415	1622	n
26979780	2416	1622	n
26980032	2415	1619	n
26980290	2416	1621	n
26980569	2414	1621	n
26980825	2416	1622	n
26991196	2416	1622	n
26991689	2416	1621	n
26991962	2416	1621	n
26992214	2416	1622	n
26992465	2416	1622	n
26992728	2415	1622	n
26993002	2416	1621	n
27003426	2416	1621	Time:00:00:00:00;;
27004131	2414	1620	n
27004405	2414	1619	n
27004661	2415	1621	n
27004912	2415	1621	n
27015276	2415	1620	n
27015792	2415	1620	n
27016043	2414	1621	n
27016294	2414	1619	n
27016551	2415	1621	n
27016838	2413	1622	n
27027197	2415	1621	n
27027680	2415	1622	n
27027931	2416	1622	n
27028191	2415	1621	n
27028465	2416	1622	n
27028720	2415	1622	n
27028971	2415	1621	n
27039392	2415	1621	n
27039905	2416	1622	n
27040156	2416	1620	n
27040407	2416	1618	n
27040672	2415	1622	n
27040946	2415	1622	n
27051329	2416	1622	n
27051818	2415	1622	n
27052078	2415	1621	n
27052352	2414	1621	n
27052606	2414	1621	n
27052861	2415	1621	n
27063250	2416	1621	Time:00:00:00:00;;
27063983	2415	1622	n
27064234	2415	1621	n
27064500	2416	1620	n
27064778	2414	1622	n
27065029	2415	1619	n
27075410	2415	1621	n
27075892	2415	1623	n
27076174	2415	1622	n
27076425	2416	1620	n
27076682	2415	1621	n
27076933	2416	1622	n
27087347	2414	1621	n
27087838	2414	1618	n
27088089	2412	1619	n
27088341	2411	1622	n
27088629	2415	1623	n
27088880	2415	1619	n
27089131	2415	1621	n
27099513	2416	1623	n
27100004	2415	1620	n
27100278	2416	1621	n
27100535	2415	1621	n
27100790	2415	1621	n
27101050	2415	1621	n
27111462	2416	1620	n
27111949	2416	1619	n
27112200	2415	1619	n
27112460	2416	1622	n
27112738	2415	1621	n
27112989	2416	1622	n
27123400	2416	1622	n
27123891	2416	1622	n
27124165	2415	1622	n
27124416	2415	1623	n
27124672	2415	1619	n
27124932	2416	1622	n
27125206	2416	1619	n
27135564	2415	1619	n
27136044	2415	1621	n
27136304	2415	1621	n
27136582	2416	1621	n
27136837	2415	1621	n
27137088	2415	1621	n
27147520	2416	1622	n
27148032	2414	1621	n
27148284	2415	1621	n
27148537	2415	1621	n
27148801	2416	1619	n
27149075	2415	1621	n
27159452	2415	1622	n
27159939	2416	1621	n
27160190	2414	1622	n
27160472	2416	1622	n
27160727	2415	1621	n
27160979	2415	1619	n
27161230	2414	1621	n
27171712	2416	1620	n
27172196	2416	1619	n
27172447	2414	1622	n
27172703	2416	1621	n
27172985	2415	1621	n
27173236	2416	1621	n
27183658	2415	1619	n
27184134	2415	1622	n
27184418	2415	1623	n
27184674	2416	1620	n
27184925	2415	1622	n
27185176	2415	1622	n
27195574	2415	1621	n
27196068	2416	1621	n
27196319	2415	1619	n
27196573	2415	1619	n
27196837	2414	1619	n
27197110	2414	1623	n
27197361	2415	1621	n
27207756	2415	1621	n
27208242	2414	1621	n
27208520	2415	1621	n
27208775	2415	1621	n
27209026	2416	1621	n
27209286	2415	1622	n
27219710	2414	1620	Time:00:00:00:00;;
27220244	2414	1619	n
27220501	2411	1618	n
27220756	2414	1619	n
27221007	2414	1620	n
27221258	2415	1619	n
27231648	2414	1621	n
27231899	2415	1619	n
27232150	2415	1621	n
27232401	2415	1617	n
27232658	2415	1619	n
27232909	2416	1621	n
27243287	2413	1619	n
27243540	2415	1622	n
27243795	2414	1620	n
27244046	2415	1621	n
27244297	2415	1619	n
27244554	2415	1621	n
27254931	2415	1621	n
27255182	2414	1619	n
27255433	2413	1621	n
27255690	2415	1621	n
27255941	2414	1619	n
27256192	2414	1621	n
27266631	2414	1620	n
27266882	2414	1621	n
27267133	2414	1619	n
27267384	2414	1621	n
27267643	2414	1621	n
27267894	2414	1621	n
27278322	2414	1621	n
27278575	2416	1619	n
27278830	2414	1619	n
27279081	2414	1620	n
27279332	2414	1620	n
27279588	2414	1620	n
27290018	2416	1621	n
27290269	2414	1621	n
27290522	2414	1620	n
27290778	2415	1619	n
27291029	2414	1621	n
27291280	2414	1619	n
27291537	2415	1618	n
27301937	2416	1621	n
27302188	2413	1621	n
27302439	2415	1619	n
27302697	2415	1621	n
27302948	2414	1620	n
27303199	2413	1620	n
27313585	2415	1619	n
27313840	2414	1620	n
27314091	2416	1620	n
27314343	2414	1621	n
27314599	2415	1621	n
27314854	2413	1619	n
27325276	2415	1619	n
27325531	2414	1619	n
27325786	2415	1621	n
27326037	2414	1620	n
27326288	2416	1619	n
27326545	2414	1620	n
27336920	2415	1623	n
27337171	2416	1621	n
27337423	2415	1623	n
27337679	2415	1621	n
27337930	2415	1621	n
27338181	2416	1622	n
27348619	2413	1620	n
27348870	2416	1621	n
27349121	2415	1619	n
27349373	2415	1619	n
27349630	2415	1621	n
27349881	2414	1619	n
27360295	2415	1620	n
27360552	2414	1619	n
27360807	2414	1621	n
27361058	2415	1621	n
27361310	2414	1618	n
27361565	2413	1621	n
27361820	2413	1621	n
27372231	2414	1619	n
27372485	2414	1622	n
27372741	2415	1619	n
27372992	2415	1620	n
27373243	2415	1620	n
27373500	2414	1621	n
27383875	2415	1620	n
27384126	2414	1620	n
27384377	2414	1620	n
27384638	2415	1620	n
27384889	2415	1621	n
27385140	2414	1621	n
27395572	2414	1621	n
27395828	2413	1621	n
27396079	2415	1622	n
27396331	2415	1619	n
27396585	2415	1622	n
27396841	2415	1619	n
27407266	2416	1621	n
27407519	2415	1622	n
27407773	2416	1621	n
27408025	2416	1622	n
27408276	2416	1621	n
27408530	2416	1621	n
27418909	2415	1621	n
27419160	2415	1621	n
27419411	2415	1619	n
27419666	2415	1622	n
27419918	2415	1622	n
27420169	2414	1622	n
27430588	2416	1622	n
27430843	2416	1623	n
27431094	2416	1622	n
27431345	2416	1622	n
27431599	2415	1621	n
27431855	2415	1621	n
27432106	2415	1619	n
27442530	2416	1621	n
27442786	2416	1622	n
27443037	2416	1622	n
27443288	2416	1622	n
27443545	2415	1621	n
27443801	2415	1620	n
27454168	2414	1621	n
27454419	2414	1623	n
27454675	2414	1619	n
27454926	2416	1622	n
27455177	2416	1622	n
27455428	2415	1619	n
27465863	2414	1621	n
27466115	2415	1621	n
27466366	2415	1619	n
27466624	2416	1621	n
27466875	2414	1621	n
27467127	2415	1622	n
27477561	2415	1620	n
27477816	2416	1621	n
27478068	2415	1621	n
27478319	2416	1619	n
27478572	2415	1619	n
27478828	2413	1620	n
27489186	2413	1620	n
27489437	2411	1621	n
27489697	2414	1619	n
27489949	2414	1619	n
27490200	2414	1618	n
27490451	2414	1619	n
27490707	2414	1622	n
27501088	2413	1619	n
27501339	2414	1619	n
27501597	2413	1619	n
27501852	2415	1619	n
27502103	2413	1619	n
27502354	2412	1619	n
27512736	2414	1620	n
27512987	2414	1621	n
27513238	2413	1620	n
27513493	2414	1620	n
27513748	2415	1620	n
27513999	2414	1620	n
27524376	2415	1621	n
27524632	2415	1621	n
27524884	2416	1621	n
27525135	2415	1621	n
27525386	2413	1619	n
27525648	2414	1623	n
27536071	2415	1619	n
27536322	2415	1622	n
27536580	2415	1621	n
27536835	2414	1622	n
27537086	2415	1621	n
27537337	2416	1621	n
27547767	2414	1621	n
27548018	2414	1622	n
27548269	2415	1622	n
27548523	2415	1618	n
27548778	2416	1623	n
27549029	2416	1619	n
27559394	2416	1620	n
27559652	2415	1622	n
27559903	2415	1622	n
27560155	2414	1619	n
27560406	2415	1620	n
27560662	2416	1621	n
27560913	2415	1621	n
27571296	2414	1621	n
27571551	2416	1621	n
27571806	2415	1621	n
27572057	2416	1619	n
27572308	2414	1621	n
27572565	2414	1619	n
27582940	2415	1621	n
27583191	2415	1619	n
27583442	2413	1619	n
27583698	2416	1621	n
27583949	2416	1619	n
27584201	2416	1622	n
27594589	2413	1621	n
27594844	2415	1622	n
27595095	2415	1621	n
27595346	2416	1621	n
27595604	2415	1622	n
27595859	2414	1619	n
27606278	2415	1621	n
27606533	2415	1621	n
27606789	2416	1621	n
27607040	2415	1618	n
27607291	2415	1621	n
27607548	2416	1622	n
27617974	2412	1619	n
27618225	2413	1619	n
27618477	2413	1619	n
27618733	2415	1619	n
27618984	2415	1619	n
27619235	2415	1621	n
27629601	2415	1620	n
27629856	2415	1621	n
27630107	2416	1620	n
27630358	2416	1619	n
27630614	2416	1621	n
27630869	2414	1620	n
27631121	2415	1621	n
27641505	2415	1620	n
27641761	2415	1622	n
27642012	2415	1622	n
27642264	2416	1622	n
27642520	2414	1621	n
27642776	2416	1622	n
27653147	2416	1622	n
27653398	2416	1621	n
27653656	2416	1623	n
27653907	2416	1622	n
27654158	2416	1621	n
27654409	2416	1619	n
27664791	2413	1619	n
27665042	2415	1621	n
27665293	2414	1619	n
27665548	2412	1621	n
27665803	2414	1622	n
27666054	2416	1619	n
27676490	2415	1621	n
27676745	2416	1619	n
27676997	2414	1619	n
27677248	2414	1622	n
27677503	2415	1621	n
27677758	2415	1622	n
27688182	2416	1620	n
27688433	2415	1620	n
27688690	2415	1621	n
27688941	2415	1621	n
27689192	2415	1622	n
27689443	2414	1619	n
27699809	2415	1622	n
27700060	2415	1621	n
27700311	2415	1621	n
27700565	2415	1623	n
27700820	2416	1622	n
27701071	2416	1622	n
27701322	2416	1622	n
27711716	2415	1619	n
27711967	2414	1621	n
27712218	2415	1620	n
27712469	2414	1621	n
27712726	2414	1617	n
27712977	2415	1619	n
27723355	2415	1621	n
27723609	2416	1622	n
27723864	2416	1619	n
27724115	2415	1621	n
27724367	2414	1620	n
27724627	2415	1620	n
27734998	2416	1619	n
27735249	2416	1621	n
27735502	2415	1621	n
27735758	2414	1621	n
27736009	2414	1621	n
27736260	2415	1621	n
27746698	2416	1621	n
27746949	2415	1620	n
27747200	2415	1621	n
27747451	2415	1623	n
27747707	2416	1622	n
27747958	2415	1623	n
27758389	2414	1621	n
27758647	2416	1622	n
27758898	2415	1620	n
27759149	2413	1621	n
27759400	2416	1619	n
27759657	2415	1623	n
27770016	2414	1620	n
27770267	2416	1621	n
27770520	2413	1622	n
27770776	2414	1619	n
27771027	2416	1619	n
27771278	2415	1621	n
27771535	2415	1619	n
27781918	2415	1621	n
27782169	2414	1622	n
27782421	2415	1621	n
27782676	2415	1621	n
27782927	2414	1620	n
27783179	2416	1619	n
27793565	2416	1621	n
27793820	2415	1620	n
27794071	2412	1619	n
27794323	2411	1619	n
27794580	2414	1617	n
27794835	2415	1621	n
27805206	2416	1622	n
27805457	2416	1621	n
27805712	2415	1619	n
27805963	2415	1621	n
27806215	2416	1619	n
27806466	2415	1620	n
27816901	2416	1619	n
27817152	2415	1621	n
27817404	2415	1619	n
27817660	2416	1621	n
27817911	2416	1621	n
27818162	2416	1622	n
27828597	2415	1622	n
27828852	2414	1621	n
27829103	2416	1621	n
27829354	2415	1621	n
27829608	2415	1623	n
27829863	2415	1621	n
27840224	2415	1621	n
27840475	2416	1621	n
27840733	2415	1622	n
27840984	2415	1620	n
27841235	2414	1619	n
27841490	2415	1621	n
27841746	2416	1622	n
27852126	2415	1620	n
27852377	2416	1621	n
27852637	2415	1619	n
27852889	2415	1620	n
27853140	2414	1620	n
27853391	2415	1621	n
27863772	2415	1621	n
27864023	2416	1621	n
27864274	2416	1621	n
27864531	2415	1621	n
27864786	2415	1621	n
27865037	2416	1622	n
27875413	2416	1623	n
27875668	2416	1621	n
27875919	2416	1623	n
27876170	2416	1621	n
27876422	2416	1623	n
27876677	2414	1622	n
27887108	2415	1621	n
27887359	2413	1619	n
27887614	2415	1621	n
27887869	2414	1619	n
27888120	2415	1622	n
27888372	2415	1618	n
27898804	2415	1619	n
27899055	2416	1621	n
27899306	2416	1619	n
27899562	2416	1621	n
27899817	2415	1621	n
27900068	2415	1620	n
27910431	2416	1619	n
27910689	2416	1621	n
27910940	2415	1623	n
27911192	2415	1622	n
27911443	2414	1619	n
27911699	2414	1622	n
27911950	2415	1621	n
27922333	2416	1621	n
27922588	2416	1621	n
27922843	2415	1619	n
27923094	2416	1622	n
27923346	2416	1621	n
27923600	2416	1623	n
27933977	2415	1619	n
27934228	2415	1620	n
27934480	2415	1620	n
27934736	2414	1619	n
27934987	2415	1621	n
27935238	2415	1619	n
27945627	2415	1621	n
27945878	2415	1619	n
27946129	2416	1622	n
27946381	2414	1621	n
27946638	2415	1621	n
27946889	2416	1623	n
27957316	2416	1622	n
27957571	2416	1621	n
27957826	2415	1623	n
27958077	2415	1623	n
27958329	2415	1619	n
27958586	2416	1622	n
27969012	2415	1621	n
27969263	2415	1621	n
27969520	2415	1621	n
27969776	2414	1621	n
27970027	2416	1621	n
27970278	2414	1619	n
27980643	2416	1621	n
27980939	2413	1619	n
27981190	2414	1619	n
27981473	2413	1622	n
27981733	2414	1619	n
27981985	2415	1620	n
27982236	2413	1621	n
27992634	2416	1620	n
27993120	2416	1620	n
27993371	2413	1621	n
27993628	2416	1620	n
27993888	2414	1621	n
27994161	2415	1621	n
28004585	2416	1621	Time:00:00:00:00;;
28005289	2415	1621	n
28005569	2413	1622	n
28005825	2416	1622	n
28006076	2415	1619	n
28016490	2415	1622	n
28017003	2414	1620	n
28017254	2415	1621	n
28017511	2414	1621	n
28017776	2415	1620	n
28018050	2415	1622	n
28018301	2415	1621	n
28028684	2414	1623	n
28029159	2416	1623	n
28029441	2414	1621	n
28029698	2416	1620	n
28029949	2416	1620	n
28030200	2414	1621	n
28040599	2415	1621	n
28041087	2414	1621	n
28041338	2415	1622	n
28041591	2416	1623	n
28041878	2415	1620	n
28042129	2415	1622	n
28052537	2416	1622	n
28053020	2416	1621	n
28053280	2416	1620	n
28053556	2416	1621	n
28053811	2416	1621	n
28054063	2415	1621	n
28054323	2416	1622	n
28064736	2415	1621	Time:00:00:00:00;;
28065428	2416	1621	n
28065693	2414	1620	n
28065967	2415	1622	n
28066218	2415	1621	n
28076622	2415	1622	n
28077108	2416	1621	n
28077382	2416	1621	n
28077643	2416	1622	n
28077894	2416	1622	n
28078154	2416	1619	n
28078428	2415	1619	n
28088796	2415	1619	n
28089272	2415	1621	n
28089528	2416	1621	n
28089814	2416	1623	n
28090065	2416	1621	n
28090316	2416	1622	n
28100750	2416	1620	n
28101259	2415	1621	n
28101513	2415	1622	n
28101769	2415	1621	n
28102020	2416	1621	n
28102302	2416	1622	n
28112672	2416	1621	n
28113154	2415	1621	n
28113405	2415	1619	n
28113692	2415	1619	n
28113943	2413	1620	n
28114195	2414	1621	n
28114446	2413	1621	n
28124848	2416	1621	n
28125357	2415	1623	n
28125609	2415	1621	n
28125865	2415	1620	n
28126125	2415	1621	n
28126399	2415	1621	n
28136802	2416	1620	n
28137278	2415	1621	n
28137540	2416	1621	n
28137818	2415	1620	n
28138069	2416	1621	n
28138321	2416	1621	n
28148723	2415	1619	n
28149231	2416	1621	n
28149485	2415	1621	n
28149741	2415	1622	n
28150001	2414	1619	n
28150275	2416	1621	n
28150530	2414	1619	n
28160901	2415	1621	n
28161390	2414	1619	n
28161675	2415	1619	n
28161926	2414	1621	n
28162178	2414	1620	n
28162438	2413	1619	n
28172864	2415	1619	n
28173348	2416	1622	n
28173603	2416	1621	n
28173858	2416	1622	n
28174140	2415	1621	n
28174391	2416	1621	n
28184775	2416	1619	n
28185253	2415	1622	n
28185537	2415	1619	n
28185792	2415	1621	n
28186044	2414	1621	n
28186295	2415	1622	n
28186582	2415	1619	n
28196953	2415	1619	n
28197434	2411	1622	n
28197691	2414	1620	n
28197951	2415	1621	n
28198225	2414	1621	n
28198477	2415	1622	n
28208907	2416	1621	n
28209394	2414	1621	n
28209678	2416	1621	n
28209929	2415	1622	n
28210180	2415	1619	n
28210440	2415	1621	n
28220828	2416	1621	Time:00:00:00:00;;
28221339	2416	1622	n
28221592	2416	1621	n
28221847	2415	1619	n
28222098	2414	1620	n
28222350	2415	1619	n
28232751	2415	1622	n
28233002	2415	1621	n
28233254	2415	1621	n
28233511	2415	1620	n
28233766	2415	1620	n
28234018	2416	1623	n
28244442	2414	1621	n
28244698	2414	1619	n
28244949	2414	1620	n
28245200	2414	1621	n
28245452	2412	1619	n
28245707	2414	1619	n
28256138	2414	1621	n
28256389	2415	1619	n
28256647	2414	1622	n
28256898	2416	1621	n
28257149	2415	1621	n
28257401	2415	1620	n
28267765	2415	1621	n
28268016	2416	1622	n
28268267	2415	1621	n
28268520	2416	1621	n
28268776	2416	1622	n
28269027	2416	1619	n
28269278	2415	1622	n
28279671	2415	1619	n
28279923	2414	1619	n
28280174	2415	1620	n
28280425	2415	1621	n
28280681	2415	1619	n
28280933	2414	1621	n
28291311	2415	1621	n
28291565	2415	1620	n
28291820	2415	1619	n
28292071	2415	1620	n
28292323	2413	1619	n
28292580	2415	1619	n
28302955	2415	1622	n
28303206	2415	1622	n
28303457	2416	1621	n
28303713	2416	1621	n
28303964	2415	1621	n
28304215	2414	1619	n
28314655	2416	1621	n
28314906	2414	1621	n
28315157	2415	1621	n
28315408	2414	1620	n
28315664	2415	1619	n
28315915	2415	1621	n
28326346	2415	1618	n
28326603	2415	1619	n
28326858	2414	1621	n
28327110	2414	1621	n
28327361	2413	1618	n
28327620	2413	1621	n
28338042	2414	1622	n
28338293	2414	1621	n
28338547	2415	1621	n
28338803	2415	1621	n
28339054	2415	1622	n
28339305	2415	1622	n
28339562	2415	1620	n
28349961	2415	1623	n
28350212	2416	1622	n
28350463	2417	1623	n
28350719	2415	1621	n
28350970	2416	1621	n
28351221	2416	1619	n
28361607	2415	1621	n
28361862	2416	1621	n
28362113	2414	1620	n
28362365	2414	1622	n
28362624	2415	1621	n
28362876	2416	1621	n
28373300	2413	1620	n
28373554	2415	1620	n
28373809	2414	1619	n
28374060	2415	1621	n
28374311	2414	1622	n
28374569	2413	1619	n
28384943	2415	1619	n
28385194	2414	1619	n
28385446	2414	1621	n
28385701	2415	1621	n
28385953	2416	1619	n
28386204	2415	1622	n
28396643	2415	1621	n
28396894	2415	1621	n
28397146	2413	1621	n
28397397	2416	1619	n
28397656	2416	1621	n
28397907	2416	1621	n
28408318	2416	1621	n
28408571	2415	1620	n
28408826	2416	1621	n
28409078	2416	1620	n
28409329	2415	1621	n
28409586	2414	1623	n
28409841	2415	1621	n
28420255	2413	1618	n
28420510	2413	1622	n
28420766	2414	1621	n
28421017	2415	1622	n
28421268	2415	1618	n
28421522	2415	1620	n
28431898	2416	1619	n
28432149	2414	1619	n
28432400	2414	1619	n
28432657	2416	1620	n
28432908	2415	1619	n
28433159	2415	1619	n
28443596	2415	1622	n
28443851	2414	1621	n
28444102	2414	1621	n
28444353	2415	1619	n
28444607	2416	1619	n
28444862	2415	1621	n
28455220	2416	1622	n
28455472	2413	1621	n
28455728	2414	1621	n
28455979	2415	1621	n
28456230	2414	1617	n
28456486	2413	1621	n
28466847	2415	1622	n
28467098	2415	1621	n
28467349	2414	1622	n
28467606	2415	1621	n
28467861	2416	1621	n
28468113	2415	1621	n
28478526	2414	1621	n
28478781	2414	1619	n
28479033	2415	1621	n
28479284	2414	1621	n
28479537	2416	1619	n
28479793	2414	1620	n
28480044	2413	1621	n
28490462	2416	1622	n
28490718	2416	1623	n
28490969	2416	1622	n
28491220	2416	1623	n
28491471	2414	1621	n
28491728	2416	1621	n
28502106	2415	1621	n
28502357	2415	1619	n
28502614	2414	1622	n
28502870	2415	1618	n
28503121	2415	1620	n
28503372	2415	1621	n
28513801	2416	1622	n
28514052	2414	1619	n
28514304	2415	1620	n
28514557	2414	1621	n
28514812	2416	1621	n
28515063	2416	1621	n
28525428	2415	1622	n
28525685	2415	1621	n
28525936	2416	1621	n
28526187	2416	1622	n
28526438	2416	1621	n
28526696	2414	1619	n
28537054	2415	1622	n
28537305	2416	1622	n
28537562	2416	1621	n
28537818	2416	1621	n
28538069	2415	1622	n
28538320	2416	1622	n
28548733	2413	1622	n
28548984	2413	1619	n
28549235	2413	1621	n
28549490	2415	1621	n
28549745	2415	1619	n
28549997	2415	1622	n
28550248	2416	1619	n
28560674	2416	1619	n
28560926	2416	1620	n
28561177	2414	1619	n
28561428	2415	1621	n
28561684	2415	1621	n
28561935	2416	1622	n
28572313	2415	1621	n
28572568	2415	1623	n
28572824	2414	1622	n
28573075	2415	1621	n
28573326	2415	1621	n
28573583	2416	1621	n
28584008	2415	1621	n
28584259	2414	1619	n
28584513	2416	1622	n
28584769	2415	1622	n
28585020	2416	1621	n
28585271	2415	1623	n
28595640	2415	1621	n
28595891	2416	1621	n
28596142	2416	1621	n
28596393	2416	1622	n
28596652	2414	1621	n
28596903	2415	1621	n
28607262	2415	1621	n
28607517	2415	1621	n
28607772	2415	1622	n
28608023	2415	1620	n
28608275	2415	1619	n
28608531	2414	1621	n
28618941	2416	1619	n
28619192	2416	1622	n
28619443	2414	1623	n
28619699	2415	1621	n
28619950	2415	1621	n
28620202	2415	1621	n
28620453	2415	1622	n
28630877	2415	1620	n
28631128	2415	1622	n
28631379	2416	1622	n
28631638	2416	1621	n
28631889	2416	1620	n
28632140	2414	1620	n
28642523	2415	1620	n
28642778	2415	1622	n
28643029	2414	1621	n
28643280	2415	1621	n
28643537	2415	1621	n
28643793	2415	1619	n
28654216	2415	1621	n
28654467	2416	1621	n
28654723	2414	1622	n
28654974	2415	1621	n
28655226	2415	1619	n
28655477	2413	1621	n
28665843	2416	1621	n
28666094	2416	1622	n
28666345	2416	1622	n
28666600	2416	1619	n
28666855	2415	1621	n
28667106	2414	1623	n
28677469	2415	1621	n
28677725	2415	1619	n
28677976	2413	1618	n
28678227	2415	1618	n
28678480	2414	1621	n
28678736	2415	1622	n
28689148	2415	1621	n
28689399	2415	1621	n
28689656	2416	1623	n
28689907	2415	1623	n
28690159	2415	1622	n
28690410	2415	1621	n
28690665	2416	1621	n
28701085	2414	1622	n
28701336	2415	1622	n
28701589	2416	1623	n
28701845	2416	1622	n
28702096	2415	1621	n
28702347	2416	1621	n
28712732	2415	1623	n
28712984	2416	1621	n
28713235	2415	1621	n
28713490	2416	1623	n
28713745	2416	1622	n
28713996	2416	1621	n
28724423	2415	1623	n
28724679	2416	1621	n
28724931	2415	1621	n
28725182	2415	1622	n
28725433	2414	1621	n
28725690	2415	1621	n
28736050	2415	1622	n
28736301	2414	1622	n
28736555	2414	1619	n
28736810	2415	1621	n
28737061	2415	1621	n
28737312	2416	1622	n
28747681	2415	1621	n
28747932	2416	1622	n
28748183	2416	1621	n
28748435	2416	1621	n
28748692	2416	1622	n
28748943	2416	1622	n
28759356	2416	1622	n
28759609	2416	1622	n
28759864	2415	1622	n
28760116	2416	1621	n
28760367	2415	1620	n
28760627	2415	1622	n
28760879	2416	1622	n
28771292	2416	1620	n
28771547	2415	1621	n
28771803	2416	1622	n
28772054	2415	1621	n
28772305	2413	1620	n
28772562	2415	1620	n
28782936	2415	1620	n
28783187	2415	1621	n
28783438	2412	1621	n
28783697	2414	1620	n
28783949	2415	1621	n
28784200	2413	1622	n
28794635	2415	1621	n
28794886	2415	1621	n
28795138	2416	1622	n
28795389	2416	1622	n
28795647	2416	1621	n
28795898	2414	1621	n
28806258	2416	1622	n
28806513	2415	1621	n
28806769	2415	1621	n
28807020	2414	1621	n
28807271	2415	1621	n
28807528	2415	1621	n
28817971	2415	1620	n
28818222	2415	1621	n
28818473	2415	1619	n
28818733	2415	1620	n
28818984	2415	1622	n
28819235	2415	1622	n
28829652	2414	1622	n
28829903	2415	1622	n
28830154	2416	1621	n
28830405	2416	1622	n
28830661	2415	1621	n
28830912	2415	1619	n
28831163	2415	1621	n
28841588	2416	1622	n
28841844	2416	1621	n
28842095	2416	1621	n
28842346	2416	1622	n
28842603	2416	1621	n
28842859	2415	1622	n
28853230	2414	1622	n
28853485	2415	1621	n
28853741	2415	1619	n
28853992	2415	1619	n
28854243	2413	1619	n
28854501	2416	1621	n
28864925	2414	1619	n
28865176	2415	1620	n
28865428	2415	1622	n
28865684	2414	1619	n
28865935	2415	1619	n
28866186	2415	1622	n
28876625	2415	1620	n
28876876	2415	1621	n
28877127	2416	1622	n
28877378	2416	1622	n
28877637	2415	1622	n
28877888	2414	1622	n
28888247	2416	1623	n
28888503	2416	1621	n
28888758	2416	1623	n
28889010	2416	1620	n
28889261	2416	1622	n
28889518	2415	1622	n
28889772	2416	1622	n
28900150	2415	1621	n
28900401	2415	1619	n
28900657	2415	1622	n
28900909	2416	1622	n
28901160	2414	1621	n
28901411	2414	1621	n
28911793	2416	1620	n
28912044	2415	1621	n
28912295	2416	1621	n
28912550	2416	1621	n
28912806	2415	1621	n
28913057	2416	1621	n
28923437	2413	1621	n
28923697	2416	1622	n
28923948	2415	1622	n
28924199	2416	1621	n
28924450	2414	1621	n
28924706	2416	1620	n
28935132	2416	1621	n
28935383	2416	1621	n
28935643	2416	1621	n
28935894	2416	1620	n
28936145	2416	1622	n
28936396	2415	1620	n
28946828	2415	1621	n
28947079	2414	1622	n
28947330	2414	1622	n
28947585	2416	1621	n
28947840	2415	1623	n
28948091	2415	1621	n
28958455	2415	1622	n
28958710	2416	1621	n
28958961	2415	1621	n
28959213	2416	1622	n
28959464	2416	1621	n
28959719	2416	1621	n
28959971	2414	1621	n
28970357	2415	1620	n
28970614	2416	1621	n
28970870	2414	1622	n
28971121	2415	1621	n
28971372	2415	1622	n
28971629	2415	1619	n
28982001	2415	1622	n
28982328	2415	1621	n
28982606	2416	1623	n
28982861	2414	1622	n
28983113	2415	1622	n
28983373	2416	1622	n
28993791	2416	1619	n
28994269	2416	1621	n
28994522	2416	1622	n
28994786	2415	1619	n
28995060	2415	1622	n
28995311	2415	1623	n
29005737	2413	1621	Time:00:00:00:00;;
29006436	2413	1622	n
29006719	2414	1622	n
29006971	2416	1621	n
29007231	2415	1619	n
29007506	2415	1621	n
29017881	2416	1622	n
29018358	2415	1622	n
29018614	2415	1619	n
29018900	2415	1622	n
29019151	2415	1621	n
29019403	2415	1619	n
29029801	2415	1621	n
29030285	2415	1620	n
29030565	2413	1619	n
29030820	2414	1621	n
29031071	2413	1619	n
29031331	2415	1621	n
29041738	2415	1620	n
29042215	2415	1622	n
29042466	2416	1622	n
29042728	2415	1619	n
29043002	2415	1621	n
29043253	2415	1620	n
29043506	2414	1620	n
29053933	2415	1622	n
29054443	2414	1622	n
29054699	2415	1622	n
29054951	2415	1621	n
29055211	2415	1622	n
29055490	2416	1619	n
29065853	2415	1621	Time:00:00:00:00;;
29066548	2415	1621	n
29066834	2416	1622	n
29067085	2415	1621	n
29067336	2416	1621	n
29067589	2416	1621	n
29077997	2416	1622	n
29078485	2413	1622	n
29078741	2415	1621	n
29078992	2416	1619	n
29079274	2415	1622	n
29079531	2415	1621	n
29089951	2416	1622	n
29090427	2415	1621	n
29090715	2415	1618	n
29090967	2416	1617	n
29091218	2415	1621	n
29091469	2414	1622	n
29101872	2416	1621	n
29102358	2415	1620	n
29102614	2414	1621	n
29102869	2416	1622	n
29103129	2416	1623	n
29103403	2416	1620	n
29103659	2415	1619	n
29114050	2415	1621	n
29114545	2416	1623	n
29114823	2416	1623	n
29115074	2416	1621	n
29115326	2415	1621	n
29115591	2416	1621	n
29126012	2416	1621	n
29126492	2416	1622	n
29126748	2416	1622	n
29127008	2416	1619	n
29127282	2416	1621	n
29127537	2414	1621	n
29137924	2415	1622	n
29138409	2415	1620	n
29138686	2416	1623	n
29138937	2416	1621	n
29139188	2415	1621	n
29139448	2415	1621	n
29139726	2415	1622	n
29150102	2416	1625	n
29150585	2415	1622	n
29150841	2416	1622	n
29151123	2416	1623	n
29151374	2416	1621	n
29151631	2415	1621	n
29162056	2415	1622	n
29162572	2415	1619	n
29162828	2413	1621	n
29163079	2412	1619	n
29163330	2413	1622	n
29163619	2413	1619	n
29173977	2415	1621	n
29174460	2417	1619	n
29174716	2415	1621	n
29174975	2414	1619	n
29175249	2415	1621	n
29175502	2416	1621	n
29175758	2415	1620	n
29186155	2415	1622	n
29186674	2415	1621	n
29186926	2415	1619	n
29187177	2416	1622	n
29187437	2415	1621	n
29187720	2416	1621	n
29198108	2416	1621	n
29198591	2415	1622	n
29198855	2414	1621	n
29199130	2415	1619	n
29199381	2414	1622	n
29199643	2415	1621	n
29210029	2415	1620	n
29210538	2415	1619	n
29210794	2414	1621	n
29211045	2416	1621	n
29211305	2413	1619	Time:00:00:00:00;;
29211802	2415	1619	n
29222172	2415	1620	n
29222446	2413	1621	n
29222702	2414	1619	n
29222953	2415	1621	n
29223204	2414	1619	n
29223456	2416	1619	n
29233868	2416	1621	n
29234119	2415	1619	n
29234370	2415	1619	n
29234627	2414	1622	n
29234878	2411	1620	n
29235129	2415	1621	n
29245518	2415	1622	n
29245772	2415	1619	n
29246023	2416	1621	n
29246275	2414	1623	n
29246531	2415	1622	n
29246787	2416	1620	n
29257191	2415	1621	n
29257442	2412	1619	n
29257698	2414	1621	n
29257949	2413	1620	n
29258200	2413	1622	n
29258452	2413	1621	n
29258707	2414	1619	n
29269127	2416	1621	n
29269378	2414	1621	n
29269637	2414	1622	n
29269888	2414	1620	n
29270140	2415	1622	n
29270391	2415	1622	n
29280773	2416	1622	n
29281024	2414	1621	n
29281275	2415	1622	n
29281530	2416	1621	n
29281785	2415	1621	n
29282037	2416	1619	n
29292466	2416	1622	n
29292721	2416	1622	n
29292973	2415	1621	n
29293224	2415	1621	n
29293475	2414	1620	n
29293733	2414	1621	n
29304162	2415	1620	n
29304413	2416	1621	n
29304668	2415	1619	n
29304920	2414	1620	n
29305171	2415	1621	n
29305422	2415	1621	n
29315789	2414	1619	n
29316040	2414	1621	n
29316291	2416	1620	n
29316547	2415	1620	n
29316803	2415	1621	n
29317054	2415	1619	n
29317305	2415	1619	n
29327696	2415	1620	n
29327947	2416	1620	n
29328198	2416	1620	n
29328449	2415	1619	n
29328704	2414	1621	n
29328955	2415	1621	n
29339335	2415	1622	n
29339588	2414	1620	n
29339843	2413	1622	n
29340094	2415	1621	n
29340346	2415	1621	n
29340600	2415	1621	n
29350978	2415	1621	n
29351229	2414	1622	n
29351486	2416	1621	n
29351741	2414	1619	n
29351992	2414	1621	n
29352243	2415	1621	n
29362678	2415	1621	n
29362929	2416	1621	n
29363180	2416	1620	n
29363432	2414	1621	n
29363690	2415	1621	n
29363941	2415	1621	n
29374369	2415	1623	n
29374626	2416	1620	n
29374878	2415	1622	n
29375129	2416	1622	n
29375380	2415	1621	n
29375637	2415	1620	n
29385996	2414	1620	n
29386247	2414	1621	n
29386502	2414	1620	n
29386758	2416	1619	n
29387009	2411	1621	n
29387260	2413	1617	n
29387517	2416	1623	n
29397898	2415	1621	n
29398149	2415	1621	n
29398401	2415	1619	n
29398657	2415	1620	n
29398908	2415	1621	n
29399159	2416	1623	n
29409547	2415	1619	n
29409803	2416	1622	n
29410054	2416	1621	n
29410305	2415	1620	n
29410562	2415	1621	n
29410818	2416	1619	n
29421186	2416	1621	n
29421437	2415	1623	n
29421697	2416	1621	n
29421949	2414	1622	n
29422200	2414	1621	n
29422451	2415	1622	n
29432881	2416	1622	n
29433132	2414	1620	n
29433384	2415	1619	n
29433643	2416	1621	n
29433894	2416	1622	n
29434145	2416	1621	n
29444577	2415	1621	n
29444832	2415	1621	n
29445083	2415	1620	n
29445334	2414	1621	n
29445588	2415	1622	n
29445844	2415	1621	n
29456204	2415	1620	n
29456455	2416	1621	n
29456711	2416	1620	n
29456962	2416	1622	n
29457213	2416	1622	n
29457464	2416	1621	n
29457720	2415	1622	n
29468106	2416	1623	n
29468357	2416	1622	n
29468614	2415	1621	n
29468870	2415	1621	n
29469121	2416	1621	n
29469372	2415	1621	n
29479754	2415	1619	n
29480005	2416	1622	n
29480256	2416	1621	n
29480513	2415	1623	n
29480769	2415	1623	n
29481020	2416	1621	n
29491393	2415	1619	n
29491652	2415	1621	n
29491903	2415	1619	n
29492154	2416	1621	n
29492405	2415	1619	n
29492661	2415	1620	n
29503088	2414	1622	n
29503339	2415	1623	n
29503592	2415	1621	n
29503848	2415	1620	n
29504099	2415	1622	n
29504350	2416	1622	n
29514784	2415	1622	n
29515035	2416	1621	n
29515286	2415	1621	n
29515540	2414	1622	n
29515795	2411	1619	n
29516046	2415	1619	n
29526411	2416	1619	n
29526666	2415	1620	n
29526918	2415	1622	n
29527169	2415	1620	n
29527420	2415	1622	n
29527675	2413	1620	n
29527927	2415	1621	n
29538313	2415	1622	n
29538568	2415	1623	n
29538824	2416	1621	n
29539075	2415	1622	n
29539326	2416	1619	n
29539583	2416	1623	n
29549957	2415	1621	n
29550208	2415	1623	n
29550459	2417	1622	n
29550715	2416	1622	n
29550966	2415	1621	n
29551217	2416	1621	n
29561606	2415	1619	n
29561861	2415	1620	n
29562113	2414	1619	n
29562364	2415	1621	n
29562625	2416	1619	n
29562877	2415	1621	n
29573296	2415	1623	n
29573551	2414	1621	n
29573806	2415	1621	n
29574057	2415	1621	n
29574309	2415	1621	n
29574565	2415	1621	n
29584992	2416	1622	n
29585243	2414	1621	n
29585500	2415	1623	n
29585755	2416	1622	n
29586007	2415	1619	n
29586258	2415	1620	n
29596623	2416	1623	n
29596874	2416	1621	n
29597126	2416	1621	n
29597377	2415	1621	n
29597638	2416	1621	n
29597889	2415	1621	n
29598140	2416	1622	n
29608523	2415	1621	n
29608778	2416	1622	n
29609029	2415	1621	n
29609280	2416	1621	n
29609537	2415	1622	n
29609793	2414	1621	n
29620165	2414	1622	n
29620416	2414	1621	n
29620672	2416	1622	n
29620923	2414	1622	n
29621174	2414	1621	n
29621425	2415	1623	n
29631808	2415	1622	n
29632059	2415	1621	n
29632310	2416	1621	n
29632564	2415	1619	n
29632820	2416	1621	n
29633071	2415	1621	n
29643506	2415	1619	n
29643761	2416	1621	n
29644013	2416	1619	n
29644264	2415	1622	n
29644520	2415	1622	n
29644776	2416	1621	n
29655199	2415	1621	n
29655450	2414	1620	n
29655706	2415	1619	n
29655957	2414	1621	n
29656208	2414	1622	n
29656459	2416	1619	n
29666826	2414	1619	n
29667077	2416	1620	n
29667328	2414	1620	n
29667585	2415	1622	n
29667841	2416	1621	n
29668092	2415	1620	n
29668343	2415	1620	n
29678733	2416	1622	n
29678984	2416	1621	n
29679235	2416	1619	n
29679490	2416	1622	n
29679745	2416	1621	n
29679996	2415	1622	n
29690372	2415	1622	n
29690629	2416	1621	n
29690880	2415	1620	n
29691131	2415	1620	n
29691382	2414	1621	n
29691643	2415	1622	n
29702016	2415	1619	n
29702267	2413	1619	n
29702520	2415	1621	n
29702775	2415	1620	n
29703027	2415	1619	n
29703278	2415	1621	n
29713716	2416	1621	n
29713967	2414	1620	n
29714218	2416	1621	n
29714469	2416	1620	n
29714726	2415	1622	n
29714977	2414	1621	n
29725407	2415	1618	n
29725662	2415	1622	n
29725914	2415	1621	n
29726165	2415	1621	n
29726416	2414	1622	n
29726672	2415	1621	n
29737034	2413	1620	n
29737285	2416	1621	n
29737538	2412	1619	n
29737793	2416	1621	n
29738045	2413	1622	n
29738296	2413	1619	n
29738551	2415	1621	n
29748936	2415	1619	n
29749187	2414	1622	n
29749438	2415	1621	n
29749696	2414	1619	n
29749948	2413	1622	n
29750199	2416	1621	n
29760586	2416	1621	n
29760841	2415	1621	n
29761092	2415	1621	n
29761343	2415	1621	n
29761599	2415	1621	n
29761854	2416	1620	n
29772223	2415	1621	n
29772474	2415	1621	n
29772733	2416	1623	n
29772984	2415	1622	n
29773235	2414	1622	n
29773490	2416	1621	n
29783918	2415	1621	n
29784169	2413	1620	n
29784421	2415	1623	n
29784676	2415	1620	n
29784927	2415	1619	n
29785179	2415	1620	n
29795614	2415	1622	n
29795869	2416	1621	n
29796120	2416	1621	n
29796372	2415	1619	n
29796628	2415	1622	n
29796879	2415	1621	n
29807241	2415	1622	n
29807496	2415	1619	n
29807752	2414	1621	n
29808003	2414	1621	n
29808254	2415	1622	n
29808511	2415	1620	n
29808767	2416	1620	n
29819143	2416	1622	n
29819394	2416	1622	n
29819652	2415	1622	n
29819904	2415	1623	n
29820155	2415	1622	n
29820406	2415	1619	n
29830787	2415	1621	n
29831038	2416	1621	n
29831289	2415	1622	n
29831545	2416	1621	n
29831800	2416	1621	n
29832051	2415	1622	n
29842431	2414	1621	n
29842689	2415	1621	n
29842940	2415	1621	n
29843192	2415	1622	n
29843443	2414	1620	n
29843699	2416	1621	n
29854126	2415	1621	n
29854377	2415	1622	n
29854637	2415	1621	n
29854889	2415	1621	n
29855140	2415	1620	n
29855391	2416	1622	n
29865822	2415	1621	n
29866073	2416	1622	n
29866324	2415	1621	n
29866579	2416	1619	n
29866835	2415	1620	n
29867086	2414	1622	n
29877449	2414	1621	n
29877704	2415	1619	n
29877955	2414	1621	n
29878206	2413	1620	n
29878457	2416	1619	n
29878713	2416	1622	n
29878964	2415	1620	n
29889351	2414	1622	n
29889606	2413	1621	n
29889861	2415	1619	n
29890112	2415	1623	n
29890363	2414	1621	n
29890625	2413	1621	n
29900995	2415	1622	n
29901246	2415	1621	n
29901503	2415	1619	n
29901758	2414	1620	n
29902009	2414	1619	n
29902261	2414	1621	n
29912643	2415	1619	n
29912894	2415	1620	n
29913145	2413	1619	n
29913396	2415	1617	n
29913657	2413	1620	n
29913908	2412	1619	n
29924333	2414	1619	n
29924588	2414	1621	n
29924843	2414	1619	n
29925094	2415	1619	n
29925346	2415	1621	n
29925600	2415	1619	n
29936029	2414	1619	n
29936280	2414	1621	n
29936537	2414	1620	n
29936792	2414	1619	n
29937044	2414	1621	n
29937295	2414	1621	n
29947725	2416	1619	n
29947976	2416	1621	n
29948227	2415	1621	n
29948480	2416	1621	n
29948735	2415	1621	n
29948986	2416	1621	n
29949237	2416	1621	n
29959649	2416	1622	n
29959901	2416	1622	n
29960152	2415	1621	n
29960403	2415	1617	n
29960659	2414	1621	n
29960910	2414	1619	n
29971288	2415	1621	n
29971545	2415	1622	n
29971800	2416	1621	n
29972051	2416	1619	n
29972303	2414	1619	n
29972556	2415	1618	n
29982983	2416	1621	n
29983324	2416	1621	n
29983608	2415	1620	n
29983863	2415	1620	n
29984114	2415	1621	n
29984366	2416	1622	n
29994766	2414	1621	n
29995252	2415	1621	n
29995506	2415	1620	n
29995761	2416	1622	n
29996021	2415	1622	n
29996295	2416	1621	n
30006703	2415	1621	Time:00:00:00:00;;
30007402	2416	1618	n
30007680	2415	1619	n
30007932	2414	1620	n
30008183	2415	1621	n
30008443	2413	1621	n
30018872	2416	1622	n
30019349	2416	1622	n
30019606	2415	1622	n
30019870	2415	1621	n
30020144	2415	1620	n
30020395	2415	1620	n
30030784	2416	1621	n
30031259	2413	1620	n
30031545	2415	1621	n
30031800	2415	1619	n
30032052	2415	1620	n
30032303	2415	1621	n
30032588	2416	1620	n
30042962	2415	1621	n
30043439	2415	1621	n
30043697	2416	1620	n
30043981	2415	1621	n
30044232	2416	1621	n
30044486	2415	1621	n
30054916	2415	1619	n
30055426	2415	1618	n
30055682	2416	1622	n
30055933	2415	1620	n
30056185	2415	1619	n
30056467	2416	1621	n
30066837	2414	1622	Time:00:00:00:00;;
30067534	2415	1622	n
30067798	2415	1620	n
30068072	2415	1621	n
30068323	2415	1619	n
30068579	2415	1620	n
30078980	2414	1622	n
30079493	2416	1621	n
30079748	2415	1622	n
30080000	2416	1621	n
30080260	2416	1621	n
30080537	2416	1623	n
30090934	2416	1622	n
30091410	2416	1621	n
30091674	2413	1619	n
30091948	2416	1621	n
30092199	2414	1618	n
30092450	2413	1621	n
30092714	2413	1619	n
30103173	2411	1619	n
30103658	2414	1620	n
30103909	2413	1621	n
30104169	2413	1622	n
30104442	2415	1621	n
30104698	2415	1620	n
30115118	2414	1621	n
30115619	2416	1623	n
30115893	2415	1621	n
30116144	2415	1622	n
30116395	2415	1621	n
30116665	2416	1621	n
30127065	2414	1621	n
30127547	2415	1622	n
30127803	2415	1619	n
30128054	2415	1622	n
30128336	2415	1620	n
30128589	2416	1621	n
30128845	2415	1619	n
30139217	2414	1622	n
30139711	2416	1620	n
30139985	2415	1621	n
30140236	2415	1620	n
30140493	2415	1621	n
30140780	2415	1619	n
30151171	2414	1619	n
30151657	2415	1619	n
30151909	2414	1621	n
30152169	2414	1621	n
30152442	2413	1619	n
30152698	2414	1621	n
30163109	2414	1621	n
30163605	2415	1621	n
30163883	2415	1621	n
30164134	2415	1621	n
30164385	2415	1621	n
30164652	2414	1621	n
30164925	2414	1621	n
30175356	2415	1621	n
30175844	2416	1622	n
30176104	2415	1621	n
30176378	2416	1621	n
30176638	2415	1622	n
30176889	2415	1622	n
30187310	2415	1622	n
30187830	2413	1622	n
30188082	2415	1621	n
30188333	2416	1622	n
30188596	2415	1620	n
30188874	2416	1621	n
30199230	2413	1621	n
30199721	2415	1619	n
30199981	2414	1620	n
30200254	2415	1621	n
30200512	2415	1621	n
30200767	2415	1621	n
30201027	2414	1619	n
30211417	2415	1623	Time:00:00:00:00;;
30212112	2415	1621	n
30212363	2415	1621	n
30212654	2416	1622	n
30212905	2415	1621	n
30223328	2414	1619	n
30223582	2415	1617	n
30223837	2413	1620	n
30224089	2413	1619	n
30224340	2414	1619	n
30224597	2415	1621	n
30235007	2414	1619	n
30235258	2415	1620	n
30235514	2414	1619	n
30235770	2415	1620	n
30236021	2414	1617	n
30236272	2412	1619	n
30236528	2413	1621	n
30246943	2414	1622	n
30247194	2414	1621	n
30247445	2413	1622	n
30247700	2414	1621	n
30247952	2415	1621	n
30248203	2415	1621	n
30258589	2416	1622	n
30258844	2415	1621	n
30259095	2415	1621	n
30259346	2415	1620	n
30259604	2416	1622	n
30259859	2416	1622	n
30270282	2415	1622	n
30270537	2415	1619	n
30270792	2415	1622	n
30271043	2415	1623	n
30271295	2415	1622	n
30271552	2414	1620	n
30281978	2415	1623	n
30282229	2415	1622	n
30282486	2415	1622	n
30282741	2415	1621	n
30282992	2414	1621	n
30283243	2415	1621	n
30293605	2416	1622	n
30293860	2415	1621	n
30294111	2415	1621	n
30294362	2415	1619	n
30294620	2416	1625	n
30294871	2415	1621	n
30295122	2415	1622	n
30305511	2415	1621	n
30305767	2416	1619	n
30306018	2415	1621	n
30306269	2416	1619	n
30306522	2416	1623	n
30306777	2415	1620	n
30317151	2416	1621	n
30317402	2415	1618	n
30317658	2413	1621	n
30317909	2415	1621	n
30318161	2413	1620	n
30318412	2416	1620	n
30328795	2415	1621	n
30329046	2414	1622	n
30329297	2416	1621	n
30329554	2414	1620	n
30329809	2414	1619	n
30330061	2414	1620	n
30340493	2416	1620	n
30340748	2416	1622	n
30341000	2416	1622	n
30341251	2414	1621	n
30341504	2415	1622	n
30341760	2415	1622	n
30352186	2416	1622	n
30352437	2415	1623	n
30352697	2415	1621	n
30352949	2414	1622	n
30353200	2415	1622	n
30353451	2415	1622	n
30363812	2414	1622	n
30364063	2415	1622	n
30364314	2414	1621	n
30364572	2413	1621	n
30364827	2416	1621	n
30365078	2414	1620	n
30365329	2414	1620	n
30375719	2415	1621	n
30375970	2415	1621	n
30376222	2416	1620	n
30376473	2416	1619	n
30376733	2416	1621	n
30376984	2414	1621	n
30387358	2416	1623	n
30387614	2416	1622	n
30387869	2416	1621	n
30388120	2414	1621	n
30388372	2416	1622	n
30388628	2415	1621	n
30399002	2416	1622	n
30399253	2416	1621	n
30399506	2414	1621	n
30399762	2416	1618	n
30400013	2415	1621	n
30400264	2413	1619	n
30410702	2415	1621	n
30410953	2413	1621	n
30411204	2413	1621	n
30411455	2415	1622	n
30411711	2415	1621	n
30411962	2415	1619	n
30422393	2415	1620	n
30422652	2415	1620	n
30422903	2414	1621	n
30423154	2415	1622	n
30423405	2416	1621	n
30423661	2414	1622	n
30434020	2415	1621	n
30434271	2415	1622	n
30434528	2416	1621	n
30434784	2414	1619	n
30435035	2415	1622	n
30435286	2415	1620	n
30435540	2414	1618	n
30445922	2414	1621	n
30446173	2416	1619	n
30446424	2414	1622	n
30446681	2414	1621	n
30446932	2415	1620	n
30447183	2415	1621	n
30457572	2415	1621	n
30457827	2414	1621	n
30458078	2416	1621	n
30458329	2414	1622	n
30458586	2415	1621	n
30458841	2415	1620	n
30469210	2415	1622	n
30469461	2418	1622	n
30469717	2416	1623	n
30469968	2415	1622	n
30470219	2415	1622	n
30470470	2414	1622	n
30480905	2416	1621	n
30481156	2415	1623	n
30481408	2416	1620	n
30481663	2415	1621	n
30481914	2416	1622	n
30482166	2415	1622	n
30492601	2416	1622	n
30492856	2415	1622	n
30493107	2413	1621	n
30493358	2415	1623	n
30493614	2415	1621	n
30493869	2414	1620	n
30504227	2416	1621	n
30504480	2416	1621	n
30504735	2415	1621	n
30504986	2415	1620	n
30505237	2415	1619	n
30505492	2416	1621	n
30505748	2414	1621	n
30516130	2415	1621	n
30516381	2415	1622	n
30516638	2415	1623	n
30516889	2415	1622	n
30517141	2415	1622	n
30517392	2415	1623	n
30527775	2415	1621	n
30528026	2415	1625	n
30528278	2416	1622	n
30528535	2416	1622	n
30528790	2415	1623	n
30529041	2415	1621	n
30539417	2416	1623	n
30539672	2415	1622	n
30539924	2415	1619	n
30540175	2413	1621	n
30540426	2415	1620	n
30540683	2416	1622	n
30551112	2414	1621	n
30551363	2416	1621	n
30551625	2414	1622	n
30551876	2413	1621	n
30552127	2415	1621	n
30552378	2415	1621	n
30562808	2414	1621	n
30563059	2415	1621	n
30563310	2415	1621	n
30563564	2416	1621	n
30563820	2415	1621	n
30564071	2415	1620	n
30574435	2414	1619	n
30574692	2415	1622	n
30574943	2415	1617	n
30575194	2415	1621	n
30575445	2411	1619	n
30575701	2412	1621	n
30575952	2413	1621	n
30586337	2415	1620	n
30586590	2413	1621	n
30586846	2414	1621	n
30587097	2414	1621	n
30587348	2415	1622	n
30587603	2414	1621	n
30597981	2415	1621	n
30598232	2414	1621	n
30598486	2415	1619	n
30598741	2414	1620	n
30598992	2415	1622	n
30599244	2414	1621	n
30609632	2416	1622	n
30609883	2414	1621	n
30610134	2416	1621	n
30610385	2415	1623	n
30610643	2416	1623	n
30610895	2415	1621	n
30621320	2414	1618	n
30621573	2414	1622	n
30621829	2411	1619	n
30622080	2414	1619	n
30622331	2413	1619	n
30622589	2413	1620	n
30633016	2415	1619	n
30633267	2414	1621	n
30633520	2415	1622	n
30633776	2415	1621	n
30634027	2414	1621	n
30634278	2415	1621	n
30644646	2415	1621	n
30644897	2415	1621	n
30645149	2416	1621	n
30645400	2415	1619	n
30645657	2415	1621	n
30645908	2414	1621	n
30646159	2415	1619	n
30656551	2415	1623	n
30656806	2416	1619	n
30657057	2413	1622	n
30657308	2414	1621	n
30657565	2415	1623	n
30657820	2415	1622	n
30668188	2415	1621	n
30668439	2413	1622	n
30668697	2415	1621	n
30668948	2415	1621	n
30669199	2415	1621	n
30669450	2414	1620	n
30679832	2413	1621	n
30680083	2414	1620	n
30680334	2414	1620	n
30680588	2413	1618	n
30680843	2415	1622	n
30681095	2414	1621	n
30691530	2416	1621	n
30691785	2415	1622	n
30692037	2414	1620	n
30692288	2415	1619	n
30692545	2415	1622	n
30692801	2415	1622	n
30703223	2415	1621	n
30703474	2414	1621	n
30703733	2415	1621	n
30703984	2415	1619	n
30704235	2414	1621	n
30704490	2415	1621	n
30714919	2412	1621	n
30715170	2415	1619	n
30715421	2415	1622	n
30715677	2415	1619	n
30715928	2415	1620	n
30716179	2413	1621	n
30716430	2414	1620	n
30726838	2415	1622	n
30727089	2415	1619	n
30727340	2415	1619	n
30727596	2415	1621	n
30727852	2414	1621	n
30728103	2415	1621	n
30738486	2415	1621	n
30738742	2416	1623	n
30738993	2416	1622	n
30739244	2415	1621	n
30739500	2415	1621	n
30739755	2413	1621	n
30750177	2414	1623	n
30750428	2416	1622	n
30750685	2416	1622	n
30750936	2415	1620	n
30751188	2416	1621	n
30751439	2415	1622	n
30761821	2413	1620	n
30762072	2415	1621	n
30762324	2414	1619	n
30762579	2414	1620	n
30762834	2415	1620	n
30763086	2416	1621	n
30773520	2415	1619	n
30773775	2415	1621	n
30774026	2414	1620	n
30774277	2413	1621	n
30774535	2415	1619	n
30774790	2414	1621	n
30785196	2414	1620	n
30785447	2413	1622	n
30785702	2415	1621	n
30785954	2413	1621	n
30786205	2414	1619	n
30786456	2415	1622	n
30786712	2415	1621	n
30797132	2413	1621	n
30797383	2413	1622	n
30797643	2415	1621	n
30797894	2413	1621	n
30798145	2415	1621	n
30798396	2413	1619	n
30808777	2415	1621	n
30809028	2413	1622	n
30809279	2415	1621	n
30809534	2413	1619	n
30809789	2414	1621	n
30810040	2415	1622	n
30820471	2415	1623	n
30820728	2416	1621	n
30820979	2414	1622	n
30821230	2416	1619	n
30821486	2415	1621	n
30821741	2415	1621	n
30832098	2415	1619	n
30832349	2415	1621	n
30832606	2416	1622	n
30832862	2416	1622	n
30833113	2414	1621	n
30833364	2416	1621	n
30843811	2416	1620	n
30844062	2415	1619	n
30844313	2415	1621	n
30844568	2413	1620	n
30844824	2415	1621	n
30845075	2415	1621	n
30855492	2415	1621	n
30855748	2415	1621	n
30855999	2415	1620	n
30856250	2415	1621	n
30856503	2415	1622	n
30856759	2415	1621	n
30857010	2414	1621	n
30867426	2415	1619	n
30867682	2416	1621	n
30867933	2415	1621	n
30868184	2414	1621	n
30868436	2414	1620	n
30868697	2415	1619	n
30879070	2414	1622	n
30879321	2414	1622	n
30879574	2415	1621	n
30879830	2416	1619	n
30880081	2415	1620	n
30880332	2414	1621	n
30890765	2415	1621	n
30891016	2414	1622	n
30891268	2415	1621	n
30891521	2415	1619	n
30891776	2414	1619	n
30892027	2414	1621	n
30902461	2416	1619	n
30902717	2415	1621	n
30902968	2414	1622	n
30903219	2415	1621	n
30903470	2414	1621	n
30903727	2415	1621	n
30914087	2415	1621	n
30914338	2415	1622	n
30914591	2415	1621	n
30914847	2415	1623	n
30915098	2414	1621	n
30915349	2416	1622	n
30915606	2415	1621	n
30925990	2415	1622	n
30926241	2416	1621	n
30926496	2416	1621	n
30926752	2415	1621	n
30927003	2415	1622	n
30927254	2413	1621	n
30937641	2415	1621	n
30937892	2415	1621	n
30938143	2414	1619	n
30938394	2415	1621	n
30938655	2414	1621	n
30938907	2415	1619	n
30949277	2414	1619	n
30949534	2414	1621	n
30949790	2413	1619	n
30950041	2414	1621	n
30950292	2413	1621	n
30950547	2413	1620	n
30960972	2416	1621	n
30961223	2415	1620	n
30961475	2414	1622	n
30961733	2415	1621	n
30961984	2415	1621	n
30962235	2413	1622	n
30972672	2413	1619	n
30972923	2413	1623	n
30973174	2415	1620	n
30973426	2414	1619	n
30973682	2414	1623	n
30973933	2412	1619	n
30984295	2415	1622	n
30984699	2414	1620	n
30984950	2414	1621	n
30985201	2413	1619	n
30985461	2415	1621	n
30985740	2414	1619	n
30985991	2415	1619	n
30996370	2414	1620	n
30996855	2414	1621	n
30997137	2413	1619	n
30997388	2414	1621	n
30997647	2415	1621	n
30997906	2415	1621	n
31008332	2415	1621	Time:00:00:00:00;;
31009029	2414	1620	n
31009280	2416	1622	n
31009565	2416	1619	n
31009820	2415	1623	n
31010072	2415	1622	n
31020433	2414	1620	n
31020925	2411	1619	n
31021198	2413	1619	n
31021450	2412	1621	n
31021705	2413	1619	n
31021965	2415	1620	n
31032405	2413	1617	n
31032885	2415	1619	n
31033136	2414	1621	n
31033396	2415	1618	n
31033680	2413	1619	n
31033931	2414	1621	n
31044342	2415	1620	n
31044837	2415	1621	n
31045110	2415	1622	n
31045361	2415	1620	n
31045619	2415	1620	n
31045878	2416	1623	n
31046152	2415	1622	n
31056574	2416	1621	n
31057057	2413	1620	n
31057316	2414	1619	n
31057592	2412	1619	n
31057847	2415	1620	n
31058098	2415	1621	n
31068458	2416	1620	Time:00:00:00:00;;
31069186	2414	1621	n
31069437	2414	1619	n
31069697	2415	1619	n
31069980	2414	1621	n
31080343	2414	1621	n
31080828	2415	1622	n
31081080	2414	1620	n
31081340	2415	1620	n
31081620	2415	1620	n
31081871	2414	1621	n
31082122	2415	1621	n
31092540	2415	1622	n
31093051	2416	1621	n
31093302	2415	1623	n
31093556	2415	1619	n
31093820	2415	1622	n
31094093	2415	1621	n
31104476	2415	1621	n
31104959	2414	1621	n
31105219	2414	1621	n
31105496	2415	1621	n
31105752	2415	1620	n
31106003	2415	1621	n
31116396	2414	1619	n
31116920	2414	1619	n
31117171	2414	1621	n
31117422	2415	1622	n
31117686	2414	1621	n
31117960	2415	1621	n
31118211	2415	1622	n
31128597	2414	1621	n
31129087	2413	1622	n
31129361	2414	1619	n
31129620	2414	1619	n
31129871	2414	1622	n
31130131	2415	1619	n
31140543	2415	1620	n
31141022	2415	1620	n
31141274	2416	1621	n
31141531	2415	1621	n
31141817	2416	1622	n
31142068	2416	1621	n
31152448	2413	1620	n
31152930	2414	1619	n
31153219	2414	1619	n
31153470	2413	1621	n
31153727	2415	1621	n
31153978	2415	1619	n
31154261	2414	1619	n
31164647	2413	1619	n
31165123	2415	1621	n
31165375	2415	1622	n
31165640	2415	1619	n
31165916	2414	1620	n
31166167	2414	1619	n
31176585	2415	1621	n
31177080	2415	1622	n
31177353	2415	1621	n
31177606	2415	1621	n
31177862	2415	1622	n
31178122	2413	1621	n
31188503	2415	1620	n
31188986	2413	1622	n
31189237	2414	1622	n
31189503	2416	1622	n
31189781	2416	1621	n
31190032	2414	1619	n
31190283	2413	1621	n
31200700	2414	1619	n
31201214	2415	1621	n
31201466	2416	1623	n
31201721	2416	1619	n
31201981	2415	1621	n
31202255	2415	1622	n
31212638	2415	1620	Time:00:00:00:00;;
31213329	2415	1621	n
31213586	2414	1621	n
31213841	2415	1621	n
31214092	2414	1625	n
31214343	2413	1622	n
31224764	2415	1620	n
31225015	2415	1621	n
31225267	2415	1621	n
31225520	2415	1621	n
31225776	2416	1622	n
31226027	2415	1621	n
31236403	2415	1619	n
31236659	2415	1621	n
31236910	2414	1620	n
31237161	2416	1620	n
31237412	2414	1620	n
31237668	2415	1621	n
31248098	2416	1623	n
31248349	2416	1621	n
31248606	2416	1623	n
31248862	2416	1622	n
31249113	2415	1623	n
31249364	2413	1619	n
31259794	2415	1621	n
31260045	2414	1621	n
31260296	2415	1621	n
31260551	2415	1621	n
31260806	2416	1621	n
31261057	2415	1619	n
31271421	2415	1626	n
31271676	2416	1623	n
31271927	2416	1623	n
31272178	2416	1621	n
31272430	2416	1621	n
31272690	2416	1623	n
31272941	2415	1621	n
31283323	2415	1619	n
31283579	2416	1622	n
31283834	2416	1621	n
31284086	2413	1619	n
31284337	2414	1618	n
31284590	2415	1620	n
31294967	2415	1623	n
31295218	2416	1621	n
31295469	2415	1622	n
31295726	2415	1622	n
31295977	2416	1622	n
31296228	2416	1622	n
31306620	2416	1622	n
31306871	2416	1621	n
31307123	2416	1623	n
31307374	2415	1621	n
31307631	2416	1622	n
31307882	2416	1623	n
31318306	2416	1623	n
31318562	2416	1623	n
31318817	2415	1622	n
31319068	2416	1621	n
31319319	2416	1623	n
31319573	2416	1623	n
31330002	2416	1623	n
31330253	2416	1621	n
31330506	2416	1622	n
31330762	2415	1622	n
31331013	2415	1621	n
31331264	2416	1621	n
31341633	2416	1622	n
31341884	2416	1623	n
31342135	2416	1623	n
31342387	2415	1622	n
31342647	2416	1621	n
31342898	2414	1622	n
31343149	2415	1621	n
31353537	2416	1622	n
31353792	2416	1623	n
31354044	2416	1624	n
31354295	2416	1621	n
31354551	2416	1621	n
31354806	2415	1622	n
31365175	2416	1622	n
31365426	2416	1621	n
31365683	2416	1621	n
31365934	2416	1622	n
31366185	2416	1622	n
31366436	2415	1622	n
31376818	2414	1622	n
31377069	2416	1622	n
31377320	2415	1622	n
31377573	2414	1622	n
31377829	2415	1619	n
31378080	2415	1622	n
31388517	2416	1622	n
31388772	2415	1621	n
31389023	2415	1622	n
31389275	2416	1622	n
31389531	2414	1620	n
31389787	2415	1621	n
31400209	2415	1621	n
31400460	2416	1622	n
31400715	2415	1622	n
31400967	2415	1623	n
31401218	2415	1620	n
31401469	2415	1621	n
31411836	2416	1623	n
31412087	2416	1621	n
31412338	2414	1622	n
31412591	2416	1623	n
31412847	2416	1621	n
31413098	2415	1621	n
31413349	2416	1621	n
31423742	2416	1622	n
31423993	2415	1622	n
31424244	2416	1622	n
31424499	2415	1621	n
31424755	2416	1622	n
31425006	2414	1622	n
31435382	2416	1620	n
31435643	2414	1623	n
31435894	2415	1622	n
31436145	2415	1621	n
31436396	2416	1620	n
31436657	2416	1619	n
31447026	2416	1623	n
31447277	2416	1623	n
31447534	2416	1621	n
31447789	2416	1622	n
31448041	2415	1622	n
31448292	2416	1623	n
31458726	2413	1619	n
31458977	2416	1620	n
31459228	2415	1619	n
31459480	2416	1620	n
31459736	2416	1620	n
31459987	2414	1620	n
31470417	2415	1622	n
31470672	2415	1621	n
31470923	2415	1621	n
31471175	2416	1622	n
31471426	2413	1621	n
31471682	2414	1622	n
31482044	2415	1623	n
31482295	2415	1621	n
31482550	2416	1621	n
31482806	2416	1623	n
31483057	2415	1621	n
31483308	2414	1621	n
31483565	2415	1620	n
31493946	2416	1623	n
31494197	2416	1623	n
31494448	2415	1622	n
31494703	2416	1622	n
31494954	2416	1622	n
31495206	2416	1623	n
31505592	2416	1621	n
31505847	2416	1621	n
31506098	2415	1621	n
31506350	2415	1623	n
31506606	2416	1620	n
31506862	2416	1621	n
31517233	2415	1623	n
31517490	2416	1622	n
31517745	2415	1618	n
31517996	2414	1621	n
31518248	2415	1622	n
31518503	2415	1623	n
31528928	2416	1623	n
31529179	2415	1622	n
31529431	2416	1623	n
31529689	2416	1622	n
31529941	2416	1622	n
31530192	2416	1623	n
31540628	2416	1622	n
31540879	2416	1622	n
31541131	2416	1623	n
31541382	2416	1623	n
31541643	2416	1622	n
31541894	2416	1622	n
31552251	2416	1621	n
31552504	2414	1621	n
31552759	2414	1621	n
31553011	2415	1623	n
31553262	2416	1622	n
31553517	2415	1622	n
31553772	2413	1622	n
31564153	2416	1622	n
31564404	2416	1621	n
31564660	2416	1621	n
31564911	2416	1621	n
31565163	2415	1623	n
31565414	2415	1621	n
31575797	2416	1622	n
31576048	2416	1622	n
31576299	2416	1622	n
31576554	2416	1622	n
31576809	2416	1621	n
31577060	2414	1621	n
31587441	2415	1622	n
31587697	2416	1621	n
31587948	2416	1623	n
31588200	2416	1622	n
31588451	2415	1623	n
31588706	2416	1623	n
31599136	2416	1621	n
31599387	2415	1622	n
31599648	2416	1621	n
31599899	2416	1621	n
31600150	2415	1622	n
31600401	2416	1623	n
31610832	2416	1622	n
31611083	2416	1622	n
31611334	2416	1623	n
31611588	2416	1622	n
31611843	2415	1624	n
31612095	2416	1623	n
31622459	2416	1623	n
31622714	2416	1623	n
31622965	2416	1622	n
31623217	2416	1622	n
31623468	2416	1621	n
31623724	2416	1621	n
31623975	2416	1622	n
31634361	2416	1621	n
31634619	2416	1621	n
31634870	2414	1621	n
31635121	2416	1623	n
31635372	2416	1619	n
31635630	2415	1622	n
31646005	2416	1622	n
31646256	2416	1621	n
31646511	2416	1622	n
31646767	2416	1622	n
31647018	2416	1622	n
31647269	2416	1621	n
31657652	2416	1621	n
31657903	2416	1621	n
31658154	2416	1621	n
31658406	2416	1618	n
31658661	2414	1622	n
31658913	2414	1621	n
31669343	2416	1621	n
31669599	2416	1622	n
31669854	2416	1622	n
31670105	2416	1623	n
31670357	2416	1622	n
31670614	2416	1621	n
31681039	2416	1619	n
31681290	2415	1621	n
31681545	2415	1621	n
31681800	2416	1620	n
31682051	2415	1621	n
31682303	2416	1620	n
31692670	2416	1622	n
31692921	2416	1622	n
31693172	2416	1621	n
31693423	2415	1622	n
3