‚ºJ1121	n
23823	2409	1120	n
24316	2407	1119	n
24569	2406	1118	n
24824	2406	1119	n
25075	2405	1119	n
25367	2407	1116	n
25626	2406	1120	n
36001	2407	1118	n
36497	2404	1115	n
36761	2406	1115	n
37034	2406	1118	n
37285	2403	1116	n
37538	2401	1117	n
37824	2405	1118	n
38075	2409	1117	n
48494	2402	1116	n
48973	2407	1117	n
49233	2406	1118	n
49507	2405	1115	n
49762	2411	1117	n
50013	2406	1118	n
50272	2402	1117	n
60672	2405	1118	n
61146	2405	1117	n
61397	2405	1117	n
61666	2407	1118	n
61939	2118	n
171704	2406	1120	n
171963	2407	1119	n
172237	2407	1117	n
172491	2410	1117	n
172746	2407	1118	n
173005	2406	1121	n
183394	2409	1118	n
183877	2409	1118	n
184128	2407	1118	n
184378	2408	1118	n
184670	2406	1119	n
184921	2407	1119	n
185172	2407	1119	n
195532	2407	1119	n
196020	2407	1119	n
196293	2407	1118	n
196549	2409	1118	n
196804	2407	1119	n
197064	2406	1118	n
197337	2406	1119	n
207758	2409	1117	n
208233	2409	1118	n
208498	2407	1119	n
208774	2406	1118	n
209025	2410	1119	n
209276	2406	1120	n
209538	2407	1118	n
220006	2405	1119	n
220487	2409	1119	n
220742	2405	1118	n
221001	2406	1117	n
221274	2406	1119	n
221529	2406	1118	n
221784	2403	1118	n
232150	2407	1118	n
232665	2407	1119	n
232916	2407	1119	n
233166	2406	1119	n
233426	2409	1118	n
233704	2410	1119	n
233955	2406	1118	n
244381	2409	1119	n
244870	2407	1119	n
245143	2410	1119	n
245394	2409	1120	n
245652	2407	1119	n
245912	2408	1118	n
246185	2407	1120	n
256546	2407	1119	n
257025	2409	1119	n
257276	2410	1119	n
257564	2407	1119	n
257818	2410	1120	n
258069	2407	1121	n
258320	2407	1120	n
268780	2409	1120	n
269256	2407	1119	n
269512	2408	1120	n
269767	2405	1119	n
270049	2405	1119	n
270299	2406	1118	n
270555	2406	1118	n
280917	2406	1117	n
281399	2406	1118	n
281679	2406	1119	n
281929	2407	1117	n
282180	2406	1117	n
282440	2405	1118	n
282719	2405	1118	n
293146	2407	1119	n
293628	2406	1120	n
293888	2409	1119	n
294161	2407	1120	n
294411	2410	1117	n
294667	2407	1120	n
294926	2407	1118	n
295199	2409	1118	n
305604	2406	1119	n
306082	2407	1118	n
306342	2407	1119	n
306626	2409	1119	n
306876	2409	1119	n
307127	2406	1119	n
307387	2407	1119	n
317848	2407	1118	n
318322	2406	1118	n
318575	2406	1118	n
318839	2406	1118	n
319112	2405	1118	n
319363	2405	1119	n
319620	2405	1117	n
330010	2407	1119	n
330521	2407	1119	n
330774	2407	1118	n
331025	2405	1118	n
331284	2407	1118	n
331563	2406	1118	n
331818	2406	1117	n
342222	2407	1118	n
342713	2409	1120	n
342986	2407	1118	n
343237	2410	1120	n
343491	2411	1120	n
343755	2407	1118	n
344028	2407	1118	n
354470	2405	1117	n
354949	2406	1118	n
355209	2406	1118	n
355487	2407	1119	n
355742	2406	1118	n
355993	2406	1117	n
356252	2405	1118	n
366644	2405	1118	n
367119	2407	1119	n
367370	2407	1118	n
367628	2409	1119	n
367910	2405	1117	n
368161	2407	1118	n
368411	2406	1118	n
378775	2407	1119	n
379259	2406	1117	n
379538	2406	1119	n
379793	2405	1119	n
380044	2406	1117	n
380303	2405	1119	n
380580	2407	1118	n
391006	2407	1120	n
391482	2407	1119	n
391746	2410	1119	n
392019	2409	1118	n
392270	2409	1119	n
392523	2407	1118	n
392787	2409	1119	n
403167	2408	1119	n
403648	2406	1118	n
403899	2407	1118	n
404158	2406	1118	n
404431	2406	1118	n
404691	2405	1117	n
404942	2407	1119	n
415328	2407	1119	n
415843	2406	1118	n
416094	2406	1119	n
416345	2406	1118	n
416609	2407	1119	n
416888	2406	1118	n
417139	2405	1116	n
427542	2407	1119	n
428021	2407	1121	n
428303	2408	1118	n
428556	2407	1120	n
428811	2407	1118	n
429061	2406	1118	n
429343	2407	1119	n
439771	2407	1118	n
440247	2407	1117	n
440501	2407	1120	n
440786	2403	1118	n
441037	2405	1119	n
441288	2400	1118	n
441541	2406	1119	n
441827	2405	1118	n
452226	2406	1118	n
452716	2406	1119	n
452967	2408	1118	n
453249	2407	1118	n
453504	2407	1117	n
453759	2405	1118	n
454010	2406	1119	n
464487	2406	1119	Time:00:00:00:00;;
465212	2406	1120	n
465463	2409	1118	n
465750	2406	1118	n
466001	2406	1119	n
466251	2406	1118	n
476690	2409	1119	n
477198	2407	1118	n
477449	2405	1119	n
477704	2405	1118	n
477955	2406	1119	n
478236	2407	1120	n
478491	2407	1118	n
488916	2407	1119	n
489391	2406	1119	n
489679	2405	1117	n
489930	2407	1118	n
490181	2406	1119	n
490431	2407	1117	n
490721	2406	1118	n
501147	2406	1119	n
501632	2406	1119	n
501882	2406	1118	n
502164	2407	1118	n
502415	2406	1119	n
502670	2406	1118	n
502921	2406	1118	n
513394	2406	1118	n
513891	2407	1118	n
514141	2407	1119	n
514392	2405	1118	n
514680	2407	1118	n
514931	2407	1118	n
515182	2411	1118	n
525541	2406	1119	Time:00:00:00:00;;
526246	2410	1119	n
526522	2407	1119	n
526777	2407	1119	n
527036	2407	1119	n
527310	2407	1119	n
527566	2407	1117	n
537958	2407	1118	n
538443	2406	1119	n
538721	2406	1117	n
538972	2407	1119	n
539223	2405	1119	n
539487	2405	1119	n
539765	2405	1118	n
550206	2406	1119	n
550690	2406	1118	n
550949	2407	1118	n
551222	2405	1118	n
551473	2405	1117	n
551729	2406	1119	n
551988	2409	1120	n
562375	2407	1119	n
562862	2407	1120	n
563113	2409	1118	n
563364	2408	1119	n
563655	2406	1119	n
563906	2407	1118	n
564156	2410	1119	n
574583	2405	1118	n
575106	2407	1119	n
575357	2407	1119	n
575610	2407	1118	n
575873	2409	1118	n
576147	2405	1119	n
576398	2407	1118	n
586827	2407	1120	n
587304	2407	1118	n
587589	2409	1119	n
587844	2406	1119	n
588095	2407	1119	n
588346	2407	1118	n
588633	2407	1119	n
599058	2407	1118	n
599538	2407	1120	n
599793	2408	1120	n
600075	2409	1120	n
600325	2407	1120	n
600580	2410	1119	n
600835	2407	1118	n
611296	2410	1118	n
611782	2409	1120	n
612033	2410	1119	n
612284	2409	1119	n
612575	2409	1119	n
612830	2407	1121	n
613081	2407	1118	n
623449	2405	1118	n
623960	2407	1120	n
624211	2407	1119	n
624462	2412	1119	n
624717	2407	1118	n
625006	2407	1118	n
625257	2407	1119	n
635683	2406	1119	n
636164	2408	1120	n
636446	2404	1119	n
636701	2408	1118	n
636952	2407	1117	n
637203	2407	1117	n
637487	2406	1118	n
647892	2409	1117	n
648371	2407	1117	n
648628	2406	1118	n
648888	2409	1119	n
649161	2405	1119	n
649412	2406	1117	n
649667	2406	1117	n
660054	2407	1118	n
660573	2406	1119	n
660827	2407	1119	n
661078	2406	1119	n
661337	2406	1119	n
661615	2405	1118	n
661870	2406	1115	n
662121	2403	1117	n
672512	2407	1119	Time:00:00:00:00;;
673209	2406	1119	n
673459	2411	1120	n
673715	2407	1119	n
673965	2409	1119	n
674216	2409	1119	n
684586	2409	1118	n
684841	2406	1118	n
685092	2407	1120	n
685343	2407	1117	n
685598	2408	1117	n
685853	2409	1119	n
686103	2407	1119	n
696491	2410	1119	n
696746	2407	1119	n
696997	2405	1120	n
697248	2410	1119	n
697504	2406	1118	n
697759	2410	1119	n
698010	2406	1119	n
708388	2407	1117	n
708648	2407	1118	n
708899	2409	1119	n
709149	2409	1118	n
709400	2410	1117	n
709657	2407	1119	n
720015	2408	1118	n
720265	2406	1118	n
720521	2406	1119	n
720776	2406	1119	n
721027	2409	1117	n
721278	2406	1119	n
721532	2407	1118	n
731951	2411	1119	n
732202	2410	1120	n
732453	2406	1119	n
732708	2407	1120	n
732959	2409	1118	n
733210	2407	1119	n
733460	2411	1121	n
743854	2410	1118	n
744105	2409	1119	n
744355	2407	1119	n
744608	2406	1119	n
744863	2407	1119	n
745114	2410	1120	n
745365	2407	1120	n
755774	2411	1118	n
756025	2407	1119	n
756276	2410	1119	n
756532	2409	1119	n
756786	2407	1117	n
757037	2409	1119	n
757288	2407	1116	n
767698	2409	1119	n
767948	2407	1117	n
768199	2409	1118	n
768450	2405	1119	n
768705	2407	1117	n
768956	2407	1118	n
769206	2410	1118	n
779599	2409	1118	n
779854	2405	1118	n
780105	2409	1118	n
780356	2407	1118	n
780608	2408	1119	n
780863	2405	1118	n
781114	2407	1119	n
791538	2407	1119	n
791793	2407	1119	n
792044	2409	1119	n
792295	2407	1117	n
792549	2409	1120	n
792804	2406	1118	n
793055	2407	1121	n
803436	2406	1118	n
803692	2407	1119	n
803943	2407	1118	n
804194	2407	1119	n
804445	2405	1119	n
804700	2409	1118	n
804951	2405	1118	n
815338	2407	1119	n
815591	2405	1118	n
815846	2405	1120	n
816096	2409	1117	n
816347	2409	1119	n
816601	2406	1118	n
826965	2407	1119	n
827215	2406	1119	n
827466	2411	1118	n
827721	2409	1119	n
827972	2407	1119	n
828223	2407	1119	n
828474	2409	1119	n
838901	2409	1118	n
839152	2405	1118	n
839403	2406	1118	n
839659	2407	1118	n
839910	2405	1119	n
840161	2407	1119	n
840411	2407	1118	n
850804	2406	1118	n
851054	2409	1119	n
851305	2407	1119	n
851558	2405	1117	n
851813	2406	1119	n
852064	2407	1118	n
852315	2407	1118	n
862726	2406	1118	n
862977	2406	1119	n
863228	2410	1118	n
863480	2406	1119	n
863735	2407	1120	n
863986	2409	1118	n
864237	2407	1118	n
874648	2410	1119	n
874898	2406	1119	n
875149	2407	1119	n
875400	2409	1118	n
875657	2406	1118	n
875908	2406	1119	n
876158	2407	1118	n
886552	2410	1119	n
886807	2407	1119	n
887058	2407	1119	n
887309	2406	1119	n
887563	2409	1119	n
887818	2406	1119	n
888069	2409	1119	n
898487	2406	1119	n
898742	2407	1120	n
898993	2407	1118	n
899243	2409	1118	n
899498	2409	1119	n
899753	2407	1119	n
900004	2409	1118	n
910386	2407	1119	n
910643	2407	1119	n
910894	2406	1121	n
911144	2407	1120	n
911395	2406	1118	n
911653	2405	1118	n
911904	2405	1121	n
922288	2407	1119	n
922541	2408	1119	n
922796	2409	1118	n
923047	2409	1119	n
923297	2406	1120	n
923552	2407	1119	n
933915	2407	1118	n
934165	2409	1119	n
934416	2406	1119	n
934671	2410	1119	n
934922	2407	1119	n
935172	2407	1119	n
935423	2407	1119	n
945852	2407	1119	n
946260	2405	1119	n
946546	2407	1119	n
946801	2407	1118	n
947052	2409	1119	n
947302	2407	1118	n
947590	2406	1118	n
957996	2410	1119	n
958471	2406	1118	n
958727	2407	1117	n
959009	2407	1120	n
959260	2409	1119	n
959514	2407	1119	n
959770	2409	1119	n
970217	2406	1118	n
970700	2406	1119	n
970951	2406	1119	n
971202	2405	1118	n
971486	2409	1118	n
971742	2405	1119	n
971992	2405	1117	n
982370	2407	1119	n
982786	2407	1119	n
983046	2406	1118	n
983319	2407	1117	n
983573	2407	1119	n
983827	2407	1120	n
984087	2407	1118	n
984360	2407	1118	n
994742	2409	1122	n
995219	2407	1119	n
995470	2406	1118	n
995758	2409	1119	n
996009	2409	1120	n
996260	2407	1119	n
996514	2410	1119	n
1006995	2410	1119	Time:00:00:00:00;;
1007694	2407	1121	n
1007945	2407	1118	n
1008226	2409	1118	n
1008478	2407	1118	n
1008734	2407	1118	n
1019147	2409	1119	n
1019666	2409	1119	n
1019917	2408	1119	n
1020168	2406	1120	n
1020419	2407	1117	n
1020705	2407	1120	n
1031067	2410	1119	n
1031546	2407	1119	n
1031801	2407	1118	n
1032061	2406	1119	n
1032334	2407	1118	n
1032590	2407	1120	n
1032845	2406	1118	n
1043262	2407	1119	n
1043782	2407	1118	n
1044033	2407	1119	n
1044284	2409	1119	n
1044549	2407	1119	n
1044827	2407	1120	n
1045077	2409	1119	n
1055458	2410	1119	n
1055948	2407	1118	n
1056221	2407	1120	n
1056472	2407	1119	n
1056728	2410	1121	n
1056988	2409	1119	n
1067386	2410	1118	Time:00:00:00:00;;
1068087	2406	1118	n
1068338	2406	1120	n
1068628	2405	1119	n
1068879	2406	1119	n
1069130	2406	1119	n
1079541	2407	1118	n
1080054	2409	1118	n
1080304	2407	1120	n
1080557	2409	1117	n
1080813	2406	1118	n
1081094	2406	1119	n
1081345	2407	1119	n
1091737	2408	1119	n
1092213	2407	1119	n
1092498	2408	1120	n
1092754	2407	1120	n
1093005	2406	1120	n
1093255	2410	1120	n
1093539	2409	1121	n
1103931	2411	1119	n
1104408	2407	1116	n
1104663	2406	1117	n
1104923	2410	1119	n
1105196	2407	1119	n
1105447	2406	1118	n
1115851	2409	1120	n
1116342	2406	1119	n
1116626	2407	1119	n
1116876	2407	1120	n
1117127	2410	1120	n
1117387	2411	1118	n
1117670	2410	1119	n
1128046	2410	1118	n
1128529	2406	1117	n
1128793	2411	1118	n
1129066	2408	1118	n
1129317	2407	1118	n
1129573	2406	1120	n
1129837	2407	1119	n
1140251	2407	1119	n
1140735	2408	1117	n
1140986	2406	1118	n
1141245	2407	1118	n
1141521	2406	1118	n
1141776	2407	1119	n
1152162	2407	1118	n
1152648	2407	1117	n
1152937	2410	1119	n
1153188	2409	1120	n
1153438	2406	1119	n
1153699	2407	1120	n
1153981	2407	1119	n
1164357	2407	1119	n
1164840	2407	1118	n
1165091	2407	1118	n
1165375	2407	1119	n
1165631	2407	1119	n
1165882	2407	1118	n
1166133	2406	1119	n
1176555	2409	1119	n
1177047	2409	1119	n
1177298	2407	1119	n
1177552	2411	1120	n
1177816	2409	1119	n
1178089	2407	1119	n
1188456	2411	1119	n
1188938	2409	1119	n
1189198	2407	1118	n
1189471	2407	1119	n
1189728	2409	1119	n
1189979	2409	1119	n
1190239	2407	1120	n
1200681	2407	1119	n
1201157	2405	1118	n
1201408	2407	1117	n
1201672	2410	1119	n
1201945	2407	1119	n
1202196	2407	1119	n
1202447	2405	1119	n
1212865	2407	1119	Time:00:00:00:00;;
1213557	2406	1117	n
1213812	2406	1118	n
1214063	2406	1119	n
1214314	2406	1118	n
1214571	2407	1118	n
1224940	2407	1119	n
1225191	2409	1119	n
1225441	2407	1121	n
1225698	2408	1119	n
1225949	2409	1118	n
1226200	2409	1119	n
1236621	2403	1119	n
1236872	2407	1120	n
1237123	2405	1117	n
1237374	2406	1119	n
1237631	2406	1119	n
1237882	2409	1118	n
1238133	2407	1119	n
1248574	2407	1119	n
1248829	2407	1119	n
1249080	2408	1120	n
1249331	2407	1119	n
1249587	2407	1119	n
1249842	2410	1119	n
1260233	2410	1119	n
1260486	2410	1119	n
1260742	2410	1122	n
1260992	2410	1121	n
1261243	2409	1119	n
1261498	2407	1119	n
1261753	2410	1119	n
1272118	2409	1119	n
1272369	2407	1119	n
1272628	2410	1120	n
1272879	2407	1119	n
1273130	2410	1118	n
1273381	2406	1119	n
1283779	2408	1120	n
1284030	2409	1117	n
1284280	2407	1119	n
1284535	2407	1117	n
1284790	2407	1118	n
1285041	2408	1118	n
1285291	2405	1117	n
1295669	2406	1118	n
1295920	2407	1119	n
1296171	2406	1118	n
1296422	2407	1120	n
1296677	2409	1119	n
1296928	2406	1119	n
1307326	2408	1120	n
1307580	2407	1119	n
1307835	2409	1119	n
1308086	2409	1119	n
1308337	2409	1119	n
1308590	2410	1120	n
1308845	2406	1119	n
1319211	2409	1119	n
1319462	2412	1120	n
1319717	2409	1118	n
1319967	2410	1120	n
1320219	2406	1120	n
1320469	2410	1119	n
1330872	2410	1119	n
1331123	2407	1119	n
1331373	2409	1118	n
1331630	2407	1119	n
1331881	2407	1120	n
1332131	2409	1120	n
1332382	2409	1120	n
1342761	2407	1119	n
1343012	2409	1120	n
1343263	2407	1118	n
1343518	2409	1118	n
1343773	2407	1119	n
1344024	2406	1118	n
1354418	2409	1121	n
1354673	2407	1118	n
1354924	2409	1119	n
1355175	2409	1119	n
1355426	2409	1118	n
1355682	2407	1119	n
1355933	2409	1119	n
1366303	2407	1120	n
1366556	2407	1119	n
1366811	2407	1119	n
1367062	2407	1118	n
1367312	2407	1120	n
1367566	2405	1119	n
1377964	2411	1120	n
1378215	2409	1119	n
1378465	2410	1118	n
1378721	2407	1120	n
1378971	2407	1119	n
1379222	2406	1120	n
1379473	2407	1119	n
1389850	2409	1120	n
1390101	2408	1119	n
1390351	2409	1121	n
1390607	2407	1118	n
1390862	2409	1119	n
1391113	2409	1118	n
1401514	2407	1120	n
1401770	2410	1119	n
1402021	2409	1119	n
1402272	2409	1118	n
1402524	2407	1119	n
1402779	2407	1119	n
1403030	2407	1119	n
1413396	2407	1120	n
1413657	2406	1119	n
1413908	2406	1118	n
1414159	2406	1117	n
1414409	2406	1118	n
1414665	2407	1118	n
1425057	2407	1119	n
1425308	2410	1119	n
1425563	2407	1121	n
1425818	2409	1119	n
1426069	2410	1120	n
1426320	2411	1118	n
1426573	2406	1119	n
1436942	2409	1118	n
1437193	2411	1118	n
1437443	2406	1119	n
1437700	2407	1119	n
1437950	2410	1119	n
1438201	2407	1119	n
1448603	2410	1121	n
1448858	2411	1121	n
1449108	2407	1119	n
1449359	2410	1120	n
1449615	2410	1119	n
1449870	2409	1119	n
1450121	2409	1119	n
1460491	2407	1118	n
1460746	2408	1118	n
1460997	2407	1120	n
1461248	2407	1119	n
1461504	2409	1119	n
1461760	2409	1118	n
1472149	2407	1119	n
1472399	2405	1117	n
1472657	2405	1118	n
1472908	2406	1119	n
1473159	2407	1119	n
1473410	2406	1119	n
1473665	2407	1118	n
1484035	2409	1120	n
1484286	2407	1119	n
1484538	2407	1118	n
1484793	2407	1118	n
1485044	2409	1119	n
1485295	2411	1119	n
1495699	2410	1120	n
1495950	2407	1118	n
1496201	2409	1120	n
1496452	2409	1120	n
1496707	2406	1118	n
1496958	2410	1119	n
1497209	2410	1119	n
1507587	2406	1118	n
1507842	2407	1118	n
1508092	2406	1117	n
1508343	2406	1120	n
1508598	2406	1120	n
1508853	2407	1119	n
1519242	2407	1118	n
1519498	2407	1117	n
1519753	2407	1119	n
1520004	2407	1119	n
1520255	2407	1117	n
1520512	2409	1119	n
1520768	2409	1119	n
1531127	2407	1119	n
1531378	2407	1120	n
1531634	2409	1118	n
1531885	2411	1120	n
1532136	2409	1119	n
1532387	2407	1118	n
1542788	2410	1118	n
1543038	2409	1119	n
1543289	2407	1120	n
1543546	2407	1119	n
1543801	2407	1117	n
1544052	2404	1119	n
1544303	2410	1118	n
1554677	2407	1118	n
1554928	2407	1118	n
1555179	2410	1121	n
1555430	2410	1119	n
1555691	2409	1119	n
1555941	2410	1119	n
1566334	2411	1120	n
1566590	2407	1119	n
1566845	2410	1118	n
1567096	2407	1119	n
1567346	2409	1119	n
1567600	2410	1118	n
1567855	2407	1119	n
1578220	2411	1121	n
1578471	2411	1120	n
1578727	2409	1119	n
1578977	2407	1120	n
1579228	2410	1119	n
1579481	2409	1121	n
1589881	2409	1119	n
1590131	2408	1118	n
1590382	2407	1119	n
1590639	2407	1119	n
1590890	2407	1117	n
1591141	2407	1117	n
1591392	2407	1118	n
1601769	2408	1119	n
1602020	2409	1120	n
1602271	2410	1120	n
1602524	2406	1119	n
1602779	2409	1120	n
1603030	2407	1117	n
1613427	2410	1118	n
1613682	2409	1119	n
1613933	2411	1120	n
1614184	2410	1120	n
1614435	2410	1120	n
1614691	2410	1119	n
1614942	2409	1119	n
1625312	2409	1120	n
1625565	2410	1120	n
1625820	2409	1120	n
1626071	2409	1121	n
1626322	2410	1119	n
1626576	2407	1119	n
1636973	2410	1119	n
1637223	2407	1119	n
1637474	2409	1119	n
1637734	2410	1119	n
1637985	2410	1120	n
1638236	2410	1119	n
1638491	2410	1120	n
1648858	2407	1120	n
1649109	2407	1118	n
1649359	2410	1119	n
1649615	2407	1119	n
1649870	2410	1119	n
1650120	2407	1120	n
1660521	2409	1120	n
1660776	2409	1118	n
1661027	2410	1120	n
1661278	2410	1119	n
1661532	2410	1119	n
1661787	2409	1120	n
1662038	2410	1120	n
1672405	2409	1119	n
1672660	2407	1120	n
1672911	2407	1119	n
1673162	2409	1121	n
1673413	2407	1118	n
1673668	2409	1118	n
1684066	2410	1119	n
1684317	2410	1120	n
1684573	2410	1119	n
1684828	2407	1118	n
1685079	2410	1119	n
1685329	2411	1119	n
1685584	2410	1119	n
1695951	2409	1120	n
1696202	2410	1118	n
1696452	2409	1118	n
1696708	2409	1119	n
1696959	2407	1120	n
1697209	2407	1118	n
1707612	2410	1120	n
1707867	2411	1120	n
1708118	2409	1120	n
1708369	2409	1119	n
1708628	2410	1121	n
1708879	2409	1120	n
1709130	2410	1120	n
1719500	2410	1120	n
1719756	2410	1120	n
1720007	2408	1119	n
1720257	2410	1119	n
1720512	2409	1119	n
1720768	2407	1117	n
1731158	2411	1119	n
1731408	2409	1120	n
1731664	2410	1120	n
1731915	2410	1121	n
1732166	2410	1120	n
1732417	2410	1120	n
1732672	2411	1118	n
1743043	2407	1119	n
1743294	2407	1118	n
1743548	2409	1119	n
1743803	2410	1119	n
1744054	2407	1119	n
1744305	2407	1117	n
1754706	2410	1120	n
1754957	2411	1119	n
1755208	2410	1119	n
1755459	2413	1120	n
1755713	2407	1119	n
1755964	2409	1119	n
1756215	2409	1121	n
1766592	2407	1118	n
1766847	2405	1119	n
1767098	2407	1119	n
1767349	2407	1118	n
1767604	2407	1119	n
1767859	2409	1118	n
1778251	2410	1118	n
1778504	2407	1119	n
1778759	2409	1118	n
1779010	2407	1119	n
1779261	2409	1119	n
1779515	2409	1118	n
1779770	2407	1118	n
1790136	2410	1118	n
1790387	2409	1119	n
1790644	2409	1120	n
1790895	2409	1119	n
1791146	2409	1118	n
1791397	2409	1119	n
1801797	2409	1119	n
1802047	2407	1120	n
1802298	2410	1119	n
1802555	2411	1119	n
1802810	2410	1120	n
1803061	2410	1119	n
1803312	2410	1120	n
1813686	2409	1119	n
1813937	2407	1120	n
1814188	2407	1118	n
1814439	2407	1118	n
1814698	2410	1120	n
1814949	2409	1119	n
1825343	2409	1120	n
1825597	2409	1118	n
1825853	2409	1118	n
1826103	2410	1120	n
1826354	2410	1121	n
1826607	2407	1118	n
1826862	2410	1119	n
1837228	2410	1118	n
1837479	2409	1118	n
1837735	2407	1121	n
1837986	2407	1119	n
1838237	2409	1121	n
1838494	2409	1121	n
1848889	2410	1120	n
1849140	2407	1119	n
1849390	2409	1120	n
1849648	2409	1121	n
1849899	2410	1119	n
1850150	2409	1119	n
1850401	2409	1120	n
1860777	2411	1120	n
1861028	2407	1119	n
1861279	2409	1119	n
1861535	2410	1121	n
1861790	2406	1118	n
1862041	2407	1118	n
1872436	2407	1119	n
1872692	2409	1120	n
1872943	2407	1119	n
1873194	2410	1119	n
1873445	2407	1120	n
1873701	2406	1118	n
1873952	2407	1119	n
1884321	2412	1121	n
1884573	2409	1120	n
1884829	2409	1121	n
1885080	2410	1121	n
1885331	2411	1120	n
1885587	2410	1120	n
1895982	2411	1120	n
1896233	2411	1119	n
1896486	2411	1120	n
1896742	2410	1120	n
1896993	2412	1119	n
1897243	2407	1118	n
1897498	2409	1118	n
1907867	2407	1119	n
1908118	2407	1118	n
1908369	2407	1119	n
1908628	2407	1117	n
1908879	2409	1119	n
1909130	2407	1119	n
1919531	2409	1118	n
1919786	2409	1119	n
1920038	2410	1119	n
1920288	2407	1118	n
1920541	2407	1119	n
1920796	2407	1119	n
1921047	2409	1119	n
1931413	2411	1119	n
1931668	2410	1119	n
1931919	2407	1120	n
1932170	2407	1120	n
1932421	2410	1120	n
1932676	2407	1119	n
1943074	2409	1119	n
1943467	2403	1121	n
1943722	2407	1119	n
1943973	2407	1119	n
1944233	2406	1119	n
1944512	2409	1119	n
1944767	2406	1117	n
1955132	2407	1118	n
1955609	2410	1119	n
1955895	2409	1119	n
1956146	2407	1119	n
1956397	2407	1118	n
1956657	2408	1119	n
1967086	2408	1119	n
1967572	2409	1120	n
1967827	2410	1120	n
1968078	2410	1120	n
1968360	2409	1120	n
1968615	2409	1117	n
1968870	2409	1120	n
1979230	2411	1120	n
1979573	2411	1119	n
1979828	2406	1120	n
1980110	2409	1120	n
1980361	2410	1118	n
1980615	2411	1119	n
1980870	2409	1119	n
1991271	2406	1119	n
1991766	2409	1119	n
1992017	2407	1118	n
1992268	2407	1119	n
1992532	2405	1119	n
1992810	2409	1119	n
2003174	2407	1120	Time:00:00:00:00;;
2003882	2407	1118	n
2004155	2411	1119	n
2004406	2407	1118	n
2004662	2408	1118	n
2004922	2407	1118	n
2015358	2410	1120	n
2015841	2409	1119	n
2016092	2409	1120	n
2016351	2409	1120	n
2016631	2409	1120	n
2016882	2407	1118	n
2017132	2411	1119	n
2027553	2407	1120	n
2028064	2410	1119	n
2028315	2410	1118	n
2028569	2407	1119	n
2028834	2411	1121	n
2029107	2407	1119	n
2029358	2410	1119	n
2039747	2406	1118	n
2040224	2410	1119	n
2040508	2410	1119	n
2040763	2410	1120	n
2041014	2407	1119	n
2041265	2409	1119	n
2051667	2409	1118	n
2052155	2409	1119	n
2052405	2407	1119	n
2052661	2411	1119	n
2052943	2410	1119	n
2053194	2410	1119	n
2053445	2406	1119	n
2063858	2409	1119	Time:00:00:00:00;;
2064564	2409	1119	n
2064841	2411	1121	n
2065092	2407	1119	n
2065352	2410	1120	n
2065631	2409	1120	n
2076020	2406	1119	n
2076501	2405	1117	n
2076765	2406	1119	n
2077038	2406	1117	n
2077289	2406	1119	n
2077542	2407	1117	n
2077805	2407	1119	n
2088225	2407	1119	n
2088710	2407	1118	n
2088961	2407	1119	n
2089220	2409	1118	n
2089498	2407	1118	n
2089753	2406	1118	n
2100136	2409	1119	n
2100621	2410	1119	n
2100903	2407	1119	n
2101154	2412	1119	n
2101405	2407	1117	n
2101660	2410	1120	n
2101942	2410	1119	n
2112331	2407	1119	n
2112822	2409	1119	n
2113073	2407	1119	n
2113354	2407	1119	n
2113607	2407	1119	n
2113862	2408	1120	n
2114113	2407	1118	n
2124532	2407	1119	n
2125022	2407	1119	n
2125272	2406	1118	n
2125529	2409	1119	n
2125814	2407	1119	n
2126065	2407	1118	n
2136447	2406	1119	n
2136927	2407	1118	n
2137187	2411	1119	n
2137461	2410	1119	n
2137716	2409	1119	n
2137967	2407	1119	n
2138227	2407	1119	n
2148653	2411	1119	n
2149130	2407	1120	n
2149381	2409	1119	n
2149648	2411	1119	n
2149921	2411	1119	n
2150172	2411	1119	n
2150423	2409	1121	n
2160838	2411	1121	n
2161352	2409	1119	n
2161607	2407	1119	n
2161862	2410	1119	n
2162122	2408	1120	n
2162395	2407	1119	n
2172810	2407	1119	n
2173293	2407	1120	n
2173557	2407	1119	n
2173835	2407	1119	n
2174086	2409	1119	n
2174336	2409	1118	n
2174598	2409	1119	n
2185032	2407	1119	n
2185515	2410	1119	n
2185770	2410	1118	n
2186030	2410	1119	n
2186303	2407	1119	n
2186556	2410	1119	n
2186811	2409	1119	n
2197236	2411	1119	n
2197758	2410	1120	n
2198009	2409	1120	n
2198260	2410	1119	n
2198523	2407	1119	n
2198802	2407	1121	n
2209190	2407	1119	n
2209675	2407	1121	n
2209926	2409	1119	n
2210208	2410	1119	n
2210459	2411	1120	n
2210714	2410	1118	n
2210965	2410	1119	Time:00:00:00:00;;
2221616	2409	1120	n
2221894	2410	1119	n
2222145	2411	1120	n
2222396	2409	1119	n
2222656	2410	1118	n
2222907	2406	1119	n
2233340	2410	1121	n
2233593	2409	1119	n
2233848	2409	1119	n
2234099	2411	1119	n
2234350	2410	1119	n
2234604	2406	1120	n
2244984	2411	1119	n
2245235	2410	1119	n
2245491	2410	1119	n
2245746	2407	1119	n
2245997	2407	1119	n
2246248	2410	1120	n
2246504	2407	1120	n
2256886	2409	1118	n
2257137	2407	1119	n
2257388	2410	1119	n
2257648	2407	1117	n
2257899	2410	1120	n
2258150	2407	1120	n
2268530	2410	1120	n
2268786	2407	1118	n
2269037	2407	1119	n
2269288	2409	1118	n
2269541	2407	1119	n
2269796	2409	1120	n
2270047	2407	1118	n
2280432	2409	1118	n
2280690	2410	1120	n
2280941	2409	1118	n
2281192	2409	1118	n
2281443	2407	1119	n
2281699	2410	1120	n
2292076	2411	1119	n
2292327	2410	1119	n
2292583	2410	1119	n
2292839	2409	1120	n
2293090	2410	1121	n
2293341	2410	1120	n
2293593	2409	1119	n
2303978	2409	1118	n
2304229	2409	1118	n
2304481	2407	1120	n
2304736	2409	1119	n
2304987	2407	1119	n
2305238	2409	1120	n
2315627	2407	1119	n
2315878	2409	1119	n
2316129	2407	1120	n
2316380	2411	1119	n
2316638	2409	1118	n
2316889	2407	1119	n
2317140	2408	1120	n
2327529	2407	1119	n
2327784	2407	1119	n
2328035	2410	1119	n
2328286	2407	1118	n
2328539	2410	1119	n
2328794	2406	1119	n
2339169	2411	1121	n
2339420	2406	1120	n
2339676	2410	1119	n
2339927	2409	1119	n
2340178	2409	1119	n
2340429	2409	1119	n
2340685	2411	1120	n
2351071	2410	1120	n
2351322	2411	1118	n
2351575	2410	1120	n
2351831	2408	1119	n
2352082	2410	1119	n
2352333	2411	1120	n
2362715	2407	1121	n
2362966	2411	1120	n
2363217	2407	1119	n
2363468	2409	1119	n
2363724	2409	1120	n
2363975	2409	1119	n
2364226	2410	1120	n
2374620	2410	1119	n
2374871	2409	1119	n
2375122	2407	1120	n
2375373	2411	1119	n
2375630	2410	1120	n
2375881	2410	1120	n
2386261	2410	1118	n
2386518	2407	1119	n
2386774	2407	1120	n
2387025	2407	1119	n
2387275	2410	1119	n
2387532	2408	1120	n
2387787	2409	1121	n
2398163	2410	1120	n
2398414	2409	1117	n
2398669	2410	1118	n
2398920	2410	1119	n
2399171	2407	1119	n
2399422	2409	1118	n
2409807	2409	1118	n
2410058	2411	1120	n
2410309	2411	1119	n
2410566	2411	1119	n
2410821	2412	1120	n
2411072	2411	1119	n
2411323	2410	1120	n
2421715	2407	1120	n
2421965	2411	1121	n
2422217	2413	1121	n
2422467	2411	1119	n
2422722	2407	1119	n
2422974	2411	1119	n
2433354	2407	1118	n
2433607	2407	1118	n
2433862	2409	1119	n
2434113	2408	1119	n
2434364	2407	1119	n
2434625	2409	1120	n
2434876	2410	1119	n
2445256	2407	1119	n
2445512	2407	1119	n
2445767	2409	1121	n
2446018	2407	1119	n
2446269	2409	1119	n
2446522	2407	1118	n
2456900	2411	1120	n
2457151	2411	1120	n
2457402	2411	1119	n
2457658	2409	1119	n
2457909	2406	1119	n
2458160	2410	1119	n
2458411	2410	1119	n
2468802	2407	1119	n
2469053	2409	1120	n
2469304	2410	1120	n
2469557	2411	1119	n
2469812	2410	1119	n
2470063	2411	1121	n
2480446	2407	1120	n
2480702	2407	1119	n
2480953	2410	1119	n
2481204	2410	1120	n
2481455	2409	1119	n
2481711	2411	1121	n
2481962	2409	1118	n
2492348	2410	1120	n
2492605	2409	1119	n
2492860	2407	1118	n
2493111	2410	1119	n
2493362	2407	1120	n
2493621	2409	1119	n
2503992	2407	1119	n
2504243	2411	1121	n
2504498	2409	1120	n
2504753	2409	1119	n
2505004	2411	1120	n
2505255	2411	1119	n
2505512	2410	1120	n
2515895	2409	1118	n
2516146	2406	1120	n
2516397	2411	1117	n
2516657	2409	1119	n
2516908	2407	1118	n
2517159	2411	1118	n
2527539	2407	1120	n
2527794	2410	1119	n
2528045	2409	1120	n
2528296	2409	1119	n
2528553	2409	1118	n
2528808	2409	1119	n
2529059	2409	1119	n
2539441	2407	1119	n
2539698	2407	1118	n
2539949	2409	1119	n
2540200	2410	1119	n
2540451	2406	1119	n
2540706	2407	1120	n
2551085	2411	1120	n
2551336	2409	1121	n
2551589	2411	1120	n
2551844	2410	1120	n
2552095	2407	1121	n
2552346	2410	1120	n
2552600	2411	1119	n
2562987	2409	1120	n
2563238	2407	1119	n
2563494	2410	1119	n
2563749	2411	1119	n
2564000	2409	1121	n
2564251	2410	1120	n
2574636	2409	1120	n
2574887	2410	1121	n
2575138	2410	1118	n
2575389	2409	1119	n
2575649	2410	1118	n
2575900	2410	1119	n
2576151	2407	1119	n
2586538	2407	1119	n
2586793	2411	1120	n
2587044	2409	1119	n
2587295	2409	1119	n
2587552	2411	1120	n
2587808	2407	1119	n
2598177	2407	1121	n
2598428	2410	1120	n
2598685	2409	1118	n
2598936	2409	1119	n
2599187	2410	1120	n
2599438	2407	1119	n
2599698	2411	1120	n
2610080	2409	1120	n
2610331	2410	1120	n
2610586	2407	1119	n
2610841	2410	1120	n
2611092	2410	1120	n
2611343	2409	1120	n
2621724	2407	1120	n
2621975	2409	1121	n
2622226	2410	1119	n
2622478	2409	1119	n
2622734	2409	1120	n
2622985	2409	1118	n
2623236	2407	1119	n
2633631	2410	1120	n
2633881	2410	1120	n
2634132	2409	1119	n
2634383	2411	1119	n
2634644	2410	1118	n
2634895	2413	1120	n
2645270	2409	1121	n
2645524	2407	1121	n
2645779	2410	1120	n
2646030	2411	1121	n
2646281	2410	1120	n
2646535	2409	1120	n
2646790	2410	1119	n
2657172	2409	1118	n
2657423	2411	1119	n
2657679	2407	1119	n
2657930	2410	1119	n
2658180	2408	1118	n
2658431	2409	1119	n
2668816	2409	1119	n
2669067	2411	1121	n
2669318	2410	1120	n
2669572	2407	1119	n
2669827	2410	1121	n
2670078	2410	1119	n
2670329	2410	1120	n
2680722	2411	1119	n
2680973	2410	1119	n
2681224	2409	1120	n
2681475	2407	1118	n
2681734	2409	1119	n
2681984	2409	1118	n
2692362	2409	1119	n
2692620	2409	1121	n
2692871	2407	1119	n
2693122	2409	1117	n
2693373	2406	1119	n
2693629	2409	1120	n
2693880	2409	1117	n
2704265	2409	1121	n
2704521	2410	1119	n
2704776	2411	1120	n
2705027	2410	1119	n
2705278	2409	1120	n
2705535	2409	1119	n
2715909	2410	1120	n
2716160	2410	1119	n
2716411	2410	1119	n
2716667	2407	1119	n
2716918	2409	1119	n
2717169	2409	1119	n
2717419	2411	1121	n
2727811	2411	1118	n
2728062	2411	1119	n
2728313	2411	1119	n
2728570	2411	1119	n
2728825	2410	1120	n
2729076	2409	1120	n
2739455	2411	1119	n
2739711	2411	1119	n
2739962	2410	1120	n
2740213	2407	1120	n
2740464	2410	1120	n
2740719	2410	1119	n
2740970	2410	1120	n
2751357	2408	1119	n
2751610	2410	1121	n
2751865	2410	1118	n
2752116	2407	1118	n
2752367	2409	1119	n
2752626	2409	1119	n
2763001	2411	1121	n
2763252	2410	1121	n
2763505	2410	1120	n
2763760	2411	1120	n
2764011	2411	1121	n
2764262	2410	1121	n
2764518	2411	1119	n
2774903	2410	1121	n
2775154	2411	1120	n
2775405	2410	1119	n
2775661	2413	1119	n
2775912	2410	1120	n
2776163	2410	1119	n
2786547	2410	1120	n
2786802	2412	1120	n
2787053	2411	1120	n
2787304	2410	1119	n
2787557	2410	1119	n
2787812	2407	1119	n
2788063	2410	1118	n
2798450	2407	1121	n
2798705	2409	1118	n
2798956	2411	1119	n
2799207	2409	1119	n
2799458	2411	1119	n
2799713	2410	1120	n
2810094	2411	1120	n
2810345	2411	1120	n
2810600	2410	1119	n
2810855	2409	1120	n
2811106	2409	1119	n
2811357	2410	1120	n
2811610	2410	1119	n
2821996	2409	1120	n
2822247	2407	1120	n
2822504	2409	1119	n
2822759	2410	1119	n
2823010	2409	1118	n
2823261	2411	1119	n
2833645	2411	1120	n
2833896	2407	1118	n
2834147	2410	1119	n
2834397	2411	1119	n
2834657	2411	1119	n
2834908	2406	1118	n
2835159	2409	1119	n
2845546	2407	1120	n
2845801	2410	1121	n
2846052	2411	1118	n
2846303	2410	1120	n
2846556	2410	1120	n
2846811	2410	1120	n
2857186	2410	1120	n
2857437	2409	1119	n
2857698	2410	1118	n
2857949	2410	1119	n
2858200	2410	1120	n
2858450	2410	1120	n
2858705	2407	1121	n
2869088	2411	1119	n
2869339	2411	1119	n
2869593	2407	1119	n
2869848	2410	1119	n
2870099	2407	1119	n
2870350	2405	1119	n
2880732	2407	1118	n
2880983	2411	1119	n
2881234	2409	1119	n
2881491	2409	1120	n
2881746	2407	1119	n
2881997	2407	1119	n
2882248	2409	1120	n
2892639	2407	1119	n
2892890	2410	1119	n
2893141	2409	1120	n
2893392	2407	1121	n
2893652	2411	1120	n
2893903	2410	1120	n
2904279	2410	1119	n
2904536	2410	1120	n
2904791	2407	1118	n
2905042	2411	1119	n
2905293	2410	1121	n
2905549	2410	1119	n
2905804	2407	1119	n
2916181	2407	1119	n
2916432	2407	1119	n
2916690	2407	1119	n
2916941	2407	1119	n
2917192	2407	1118	n
2917443	2407	1119	n
2927825	2410	1117	n
2928076	2410	1120	n
2928327	2409	1119	n
2928583	2407	1118	n
2928838	2411	1120	n
2929089	2409	1118	n
2929340	2409	1117	n
2939731	2407	1119	n
2939982	2410	1119	n
2940233	2410	1120	n
2940487	2410	1120	n
2940742	2407	1119	n
2940993	2409	1119	n
2951371	2410	1120	n
2951628	2411	1119	n
2951879	2410	1121	n
2952130	2409	1120	n
2952381	2409	1121	n
2952638	2409	1119	n
2952889	2407	1119	n
2963273	2407	1119	n
2963529	2410	1118	n
2963785	2409	1119	n
2964036	2407	1119	n
2964287	2409	1120	n
2964540	2410	1120	n
2974917	2409	1120	n
2975168	2410	1120	n
2975419	2409	1121	n
2975674	2411	1119	n
2975925	2409	1119	n
2976176	2407	1119	n
2976427	2410	1119	n
2986820	2410	1120	n
2987260	2411	1122	n
2987538	2411	1120	n
2987793	2411	1119	n
2988044	2411	1119	n
2988304	2409	1119	n
2988583	2411	1119	n
2999016	2410	1123	n
2999498	2410	1119	n
2999761	2411	1119	n
3000035	2410	1120	n
3000286	2411	1121	n
3000539	2410	1120	n
3010936	2410	1121	Time:00:00:00:00;;
3011665	2411	1120	n
3011916	2409	1120	n
3012176	2408	1119	n
3012449	2405	1117	n
3012704	2407	1119	n
3023097	2410	1119	n
3023575	2409	1119	n
3023861	2408	1118	n
3024112	2407	1119	n
3024363	2407	1118	n
3024628	2409	1120	n
3024902	2409	1118	n
3035292	2411	1119	n
3035778	2411	1121	n
3036029	2410	1120	n
3036311	2409	1119	n
3036566	2409	1119	n
3036821	2409	1120	n
3037072	2410	1121	n
3047494	2407	1119	n
3047984	2410	1119	n
3048235	2409	1120	n
3048492	2407	1119	n
3048778	2409	1118	n
3049029	2410	1119	n
3059408	2410	1119	Time:00:00:00:00;;
3060116	2410	1120	n
3060389	2411	1120	n
3060648	2410	1120	n
3060899	2407	1119	n
3061159	2411	1117	n
3071570	2410	1121	n
3072051	2410	1120	n
3072302	2411	1120	n
3072564	2410	1119	n
3072841	2410	1120	n
3073092	2409	1120	n
3073343	2410	1120	n
3083717	2411	1121	n
3084225	2409	1119	n
3084476	2411	1121	n
3084733	2410	1119	n
3084984	2411	1120	n
3085266	2409	1121	n
3095667	2410	1119	n
3096142	2409	1119	n
3096393	2407	1120	n
3096683	2409	1119	n
3096934	2409	1121	n
3097185	2409	1119	n
3097436	2409	1117	n
3107881	2409	1119	n
3108371	2410	1119	n
3108628	2409	1120	n
3108879	2410	1119	n
3109161	2409	1121	n
3109412	2411	1119	n
3109667	2409	1119	n
3120076	2413	1119	n
3120566	2412	1119	n
3120843	2411	1120	n
3121094	2410	1120	n
3121345	2411	1121	n
3121607	2410	1120	n
3121885	2411	1121	n
3132272	2411	1119	n
3132759	2411	1119	n
3133018	2409	1120	n
3133292	2409	1121	n
3133546	2410	1121	n
3133801	2409	1121	n
3144192	2410	1119	n
3144706	2411	1119	n
3144957	2407	1119	n
3145208	2407	1119	n
3145468	2409	1119	n
3145746	2409	1120	n
3145997	2411	1120	n
3156387	2407	1119	n
3156888	2410	1119	n
3157161	2409	1120	n
3157412	2409	1119	n
3157667	2407	1119	n
3157927	2409	1120	n
3158200	2410	1120	n
3168586	2412	1120	n
3169069	2410	1119	n
3169320	2410	1120	n
3169608	2409	1119	n
3169863	2410	1119	n
3170114	2411	1119	n
3180504	2407	1120	n
3181022	2409	1117	n
3181273	2411	1119	n
3181529	2410	1118	n
3181785	2408	1119	n
3182067	2409	1119	n
3182318	2407	1119	n
3192702	2410	1120	n
3193185	2411	1118	n
3193467	2411	1121	n
3193722	2411	1120	n
3193973	2410	1120	n
3194224	2410	1121	n
3194486	2410	1121	n
3204895	2410	1119	n
3205372	2409	1120	n
3205629	2410	1119	n
3205889	2410	1120	n
3206162	2411	1119	n
3206413	2409	1119	n
3216797	2410	1119	Time:00:00:00:00;;
3217397	2411	1119	n
3217657	2411	1120	n
3217908	2409	1119	n
3218159	2411	1120	n
3218410	2411	1120	n
3228803	2410	1119	n
3229054	2410	1120	n
3229304	2410	1119	n
3229558	2411	1120	n
3229813	2411	1118	n
3230064	2407	1120	n
3230315	2411	1120	n
3240692	2409	1119	n
3240943	2411	1119	n
3241194	2411	1120	n
3241445	2407	1120	n
3241701	2411	1118	n
3241952	2411	1119	n
3252349	2410	1120	n
3252604	2411	1119	n
3252859	2411	1120	n
3253110	2410	1119	n
3253361	2410	1119	n
3253616	2410	1120	n
3253871	2411	1119	n
3264235	2410	1120	n
3264491	2411	1120	n
3264746	2410	1120	n
3264997	2411	1121	n
3265248	2410	1119	n
3265504	2409	1121	n
3275896	2406	1118	n
3276147	2410	1120	n
3276397	2410	1118	n
3276658	2409	1119	n
3276909	2409	1119	n
3277160	2409	1119	n
3277411	2411	1118	n
3287784	2410	1120	n
3288035	2409	1119	n
3288286	2411	1119	n
3288538	2409	1119	n
3288794	2409	1119	n
3289045	2411	1120	n
3299442	2409	1119	n
3299699	2411	1119	n
3299950	2409	1119	n
3300201	2410	1119	n
3300452	2409	1119	n
3300707	2410	1120	n
3300958	2410	1118	n
3311327	2411	1119	n
3311583	2410	1119	n
3311838	2407	1119	n
3312089	2410	1121	n
3312340	2410	1118	n
3312593	2407	1119	n
3322988	2411	1119	n
3323239	2411	1119	n
3323494	2411	1122	n
3323749	2410	1121	n
3324000	2410	1120	n
3324251	2410	1120	n
3324504	2409	1119	n
3334873	2411	1120	n
3335124	2413	1120	n
3335375	2411	1121	n
3335632	2409	1119	n
3335883	2409	1119	n
3336133	2410	1120	n
3346538	2410	1120	n
3346793	2412	1119	n
3347044	2410	1120	n
3347295	2411	1121	n
3347549	2413	1120	n
3347804	2411	1117	n
3348055	2412	1120	n
3358420	2407	1121	n
3358675	2410	1120	n
3358926	2409	1121	n
3359177	2407	1117	n
3359428	2407	1119	n
3359684	2407	1118	n
3370081	2410	1119	n
3370332	2407	1119	n
3370586	2410	1120	n
3370841	2409	1118	n
3371092	2407	1119	n
3371343	2406	1119	n
3371598	2405	1118	n
3381966	2409	1118	n
3382217	2411	1119	n
3382468	2413	1119	n
3382723	2410	1118	n
3382974	2411	1120	n
3383225	2411	1120	n
3393631	2411	1121	n
3393882	2410	1120	n
3394133	2407	1119	n
3394384	2410	1119	n
3394644	2409	1120	n
3394895	2409	1119	n
3395146	2410	1119	n
3405515	2410	1119	n
3405770	2409	1118	n
3406021	2409	1119	n
3406272	2410	1119	n
3406525	2410	1119	n
3406779	2411	1119	n
3417173	2410	1119	n
3417424	2409	1121	n
3417679	2409	1119	n
3417930	2409	1119	n
3418181	2411	1120	n
3418432	2410	1119	n
3418690	2407	1119	n
3429058	2411	1121	n
3429309	2409	1121	n
3429563	2410	1120	n
3429818	2411	1120	n
3430069	2413	1120	n
3430320	2411	1119	n
3440719	2410	1121	n
3440970	2410	1119	n
3441221	2407	1120	n
3441472	2406	1120	n
3441728	2409	1119	n
3441979	2412	1120	n
3442230	2410	1119	n
3452607	2410	1120	n
3452862	2410	1118	n
3453113	2410	1119	n
3453364	2407	1119	n
3453626	2410	1119	n
3453876	2411	1121	n
3464266	2409	1119	n
3464521	2409	1119	n
3464776	2411	1121	n
3465027	2410	1119	n
3465278	2409	1118	n
3465535	2409	1118	n
3465790	2407	1119	n
3476151	2407	1120	n
3476402	2411	1119	n
3476658	2410	1119	n
3476909	2411	1120	n
3477160	2410	1120	n
3477411	2411	1119	n
3487812	2409	1119	n
3488063	2409	1120	n
3488314	2410	1119	n
3488570	2407	1120	n
3488825	2409	1118	n
3489076	2409	1120	n
3489327	2410	1120	n
3499701	2410	1119	n
3499952	2410	1121	n
3500203	2411	1120	n
3500454	2411	1118	n
3500709	2410	1120	n
3500960	2407	1120	n
3511358	2411	1119	n
3511610	2411	1119	n
3511866	2409	1119	n
3512116	2407	1119	n
3512367	2410	1121	n
3512629	2411	1120	n
3512880	2413	1120	n
3523243	2411	1119	n
3523497	2412	1121	n
3523753	2411	1121	n
3524004	2411	1120	n
3524255	2413	1120	n
3524508	2411	1120	n
3534904	2410	1120	n
3535155	2409	1121	n
3535405	2410	1119	n
3535661	2409	1120	n
3535912	2407	1119	n
3536163	2410	1121	n
3536414	2411	1120	n
3546790	2410	1119	n
3547041	2411	1119	n
3547291	2409	1121	n
3547546	2411	1119	n
3547801	2412	1120	n
3548052	2410	1120	n
3558451	2410	1120	n
3558705	2411	1120	n
3558956	2409	1119	n
3559207	2411	1120	n
3559458	2413	1120	n
3559714	2407	1120	n
3559965	2410	1119	n
3570336	2411	1119	n
3570589	2410	1119	n
3570844	2409	1119	n
3571095	2410	1119	n
3571346	2411	1119	n
3571600	2410	1119	n
3581997	2409	1119	n
3582248	2407	1119	n
3582504	2410	1120	n
3582759	2409	1119	n
3583010	2409	1119	n
3583261	2409	1121	n
3583518	2409	1119	n
3593882	2409	1119	n
3594133	2407	1121	n
3594384	2407	1120	n
3594644	2410	1120	n
3594895	2409	1119	n
3595145	2409	1119	n
3605549	2410	1119	n
3605804	2409	1120	n
3606055	2411	1120	n
3606306	2409	1118	n
3606558	2409	1120	n
3606814	2410	1119	n
3607064	2409	1120	n
3617428	2410	1120	n
3617684	2411	1118	n
3617935	2410	1120	n
3618186	2410	1121	n
3618437	2410	1119	n
3618698	2411	1119	n
3629089	2410	1120	n
3629340	2411	1120	n
3629592	2410	1120	n
3629848	2408	1120	n
3630099	2411	1120	n
3630349	2410	1119	n
3630604	2407	1119	n
3640975	2409	1118	n
3641226	2410	1120	n
3641477	2410	1120	n
3641733	2409	1120	n
3641984	2411	1120	n
3642235	2411	1117	n
3652640	2411	1119	n
3652891	2410	1120	n
3653142	2409	1121	n
3653393	2411	1119	n
3653652	2410	1120	n
3653903	2410	1121	n
3654154	2409	1119	n
3664523	2407	1119	n
3664778	2409	1118	n
3665029	2409	1119	n
3665280	2407	1119	n
3665535	2409	1120	n
3665790	2407	1119	n
3676182	2410	1120	n
3676433	2411	1120	n
3676691	2410	1120	n
3676942	2409	1119	n
3677193	2411	1119	n
3677444	2407	1119	n
3677700	2410	1119	n
3688067	2410	1120	n
3688318	2410	1120	n
3688572	2410	1120	n
3688827	2411	1120	n
3689078	2411	1121	n
3689329	2410	1119	n
3699728	2409	1120	n
3699979	2411	1121	n
3700230	2410	1120	n
3700482	2409	1121	n
3700737	2410	1120	n
3700988	2410	1120	n
3701239	2412	1120	n
3711621	2409	1119	n
3711872	2410	1119	n
3712123	2411	1119	n
3712374	2411	1120	n
3712631	2411	1120	n
3712882	2410	1120	n
3723274	2407	1119	n
3723529	2411	1118	n
3723784	2410	1119	n
3724035	2411	1119	n
3724286	2410	1120	n
3724539	2409	1119	n
3724794	2407	1119	n
3735160	2409	1119	n
3735411	2412	1119	n
3735666	2411	1120	n
3735917	2411	1119	n
3736168	2411	1120	n
3736419	2410	1120	n
3746821	2410	1119	n
3747072	2410	1120	n
3747322	2411	1119	n
3747576	2407	1120	n
3747831	2411	1120	n
3748082	2409	1120	n
3748333	2411	1119	n
3758710	2407	1119	n
3758961	2410	1118	n
3759212	2409	1118	n
3759463	2413	1120	n
3759719	2406	1119	n
3759969	2409	1119	n
3770367	2411	1120	n
3770625	2411	1120	n
3770876	2410	1120	n
3771127	2411	1119	n
3771378	2411	1121	n
3771639	2409	1119	n
3771890	2410	1119	n
3782252	2410	1119	n
3782505	2410	1120	n
3782760	2411	1119	n
3783011	2411	1119	n
3783262	2409	1119	n
3783519	2410	1120	n
3793913	2411	1121	n
3794164	2409	1120	n
3794414	2411	1120	n
3794670	2411	1120	n
3794921	2411	1120	n
3795171	2411	1121	n
3795422	2410	1121	n
3805798	2410	1121	n
3806049	2409	1119	n
3806300	2411	1119	n
3806555	2409	1119	n
3806810	2407	1118	n
3807061	2407	1119	n
3817459	2411	1119	n
3817714	2409	1119	n
3817965	2410	1121	n
3818216	2409	1119	n
3818467	2411	1119	n
3818722	2407	1121	n
3818973	2410	1121	n
3829345	2410	1119	n
3829600	2411	1119	n
3829855	2409	1121	n
3830106	2410	1120	n
3830357	2412	1119	n
3830610	2411	1120	n
3841006	2410	1120	n
3841257	2410	1118	n
3841512	2406	1120	n
3841767	2411	1120	n
3842018	2410	1120	n
3842269	2409	1119	n
3842522	2411	1119	n
3852891	2409	1119	n
3853142	2411	1119	n
3853393	2410	1120	n
3853651	2407	1120	n
3853902	2411	1120	n
3854153	2410	1118	n
3864555	2408	1120	n
3864810	2412	1120	n
3865061	2411	1120	n
3865312	2411	1119	n
3865566	2411	1120	n
3865821	2409	1121	n
3866072	2410	1119	n
3876437	2407	1120	n
3876698	2410	1118	n
3876949	2410	1121	n
3877200	2410	1121	n
3877451	2410	1120	n
3877706	2410	1120	n
3888098	2410	1119	n
3888349	2407	1119	n
3888604	2409	1118	n
3888859	2407	1119	n
3889110	2407	1118	n
3889361	2409	1120	n
3889616	2407	1121	n
3899983	2409	1119	n
3900234	2411	1119	n
3900487	2410	1119	n
3900742	2409	1119	n
3900993	2410	1119	n
3901244	2410	1118	n
3911648	2409	1120	n
3911899	2410	1119	n
3912150	2409	1119	n
3912401	2411	1119	n
3912657	2409	1120	n
3912908	2407	1119	n
3913159	2410	1116	n
3923536	2409	1121	n
3923791	2410	1119	n
3924042	2409	1120	n
3924293	2409	1120	n
3924549	2410	1118	n
3924804	2409	1119	n
3935191	2409	1119	n
3935442	2411	1119	n
3935699	2407	1120	n
3935950	2410	1119	n
3936201	2409	1119	n
3936452	2407	1120	n
3936707	2409	1120	n
3947076	2408	1119	n
3947327	2410	1120	n
3947583	2409	1119	n
3947838	2407	1119	n
3948089	2407	1119	n
3948340	2407	1119	n
3958737	2411	1122	n
3958988	2409	1120	n
3959238	2411	1121	n
3959494	2409	1119	n
3959749	2410	1120	n
3960000	2410	1120	n
3960251	2411	1119	n
3970628	2409	1120	n
3970879	2411	1119	n
3971130	2411	1121	n
3971381	2409	1120	n
3971638	2411	1120	n
3971889	2409	1120	n
3982283	2411	1119	n
3982629	2410	1118	n
3982880	2409	1120	n
3983140	2407	1119	n
3983413	2411	1119	n
3983668	2410	1121	n
3983919	2410	1118	n
3994341	2411	1120	n
3994856	2409	1119	n
3995107	2409	1119	n
3995358	2411	1119	n
3995628	2409	1119	n
3995902	2407	1120	n
4006295	2411	1121	Time:00:00:00:00;;
4006995	2411	1120	n
4007277	2410	1119	n
4007531	2411	1120	n
4007786	2410	1120	n
4008037	2408	1119	n
4018502	2410	1120	n
4018984	2410	1118	n
4019234	2411	1120	n
4019491	2410	1118	n
4019778	2409	1119	n
4020029	2411	1119	n
4020280	2407	1118	n
4030707	2409	1120	n
4031214	2407	1118	n
4031464	2411	1120	n
4031719	2409	1119	n
4031970	2409	1119	n
4032252	2409	1119	n
4032505	2409	1119	n
4042900	2406	1120	n
4043377	2411	1120	n
4043641	2411	1119	n
4043916	2413	1120	n
4044167	2411	1119	n
4044418	2411	1121	n
4054854	2410	1119	n
4055363	2411	1118	n
4055620	2410	1119	n
4055871	2410	1119	n
4056131	2410	1120	n
4056404	2411	1119	n
4056660	2411	1119	n
4067067	2411	1119	Time:00:00:00:00;;
4067773	2410	1120	n
4068047	2409	1121	n
4068298	2407	1119	n
4068564	2409	1119	n
4068841	2411	1120	n
4079262	2410	1120	n
4079749	2409	1118	n
4080009	2409	1120	n
4080282	2409	1119	n
4080539	2406	1119	n
4080794	2410	1119	n
4081053	2409	1120	n
4091466	2412	1119	n
4091946	2410	1119	n
4092197	2411	1120	n
4092457	2412	1120	n
4092735	2407	1119	n
4092986	2409	1119	n
4103344	2411	1119	n
4103830	2409	1120	n
4104112	2411	1120	n
4104363	2410	1120	n
4104620	2413	1121	n
4104871	2410	1121	n
4105153	2409	1121	n
4115558	2410	1120	n
4116045	2410	1119	n
4116296	2409	1119	n
4116584	2410	1120	n
4116839	2410	1120	n
4117090	2410	1120	n
4117341	2410	1120	n
4127772	2410	1119	n
4128257	2409	1119	n
4128512	2410	1120	n
4128768	2413	1120	n
4129050	2410	1117	n
4129301	2411	1119	n
4139724	2411	1119	n
4140200	2411	1119	n
4140459	2414	1120	n
4140737	2412	1119	n
4140988	2411	1119	n
4141239	2411	1119	n
4141504	2410	1119	n
4151937	2410	1120	n
4152414	2410	1120	n
4152669	2407	1119	n
4152928	2410	1119	n
4153209	2409	1120	n
4153460	2411	1120	n
4153715	2409	1120	n
4164132	2411	1121	n
4164648	2410	1120	n
4164899	2410	1121	n
4165150	2411	1119	n
4165410	2407	1119	n
4165689	2410	1119	n
4165940	2410	1118	n
4176328	2410	1121	n
4176828	2407	1121	n
4177101	2410	1121	n
4177352	2411	1119	n
4177607	2409	1119	n
4177871	2409	1119	n
4188334	2411	1120	n
4188819	2411	1119	n
4189070	2411	1120	n
4189330	2411	1120	n
4189607	2412	1120	n
4189862	2411	1120	n
4190113	2410	1120	n
4200536	2409	1119	n
4201054	2410	1119	n
4201305	2409	1119	n
4201558	2407	1120	n
4201822	2409	1121	n
4202095	2410	1120	n
4202346	2411	1121	n
4212730	2410	1121	Time:00:00:00:00;;
4213421	2407	1121	n
4213676	2411	1120	n
4213927	2410	1119	n
4214178	2410	1119	n
4214429	2410	1119	n
4224801	2408	1119	n
4225052	2409	1120	n
4225303	2409	1120	n
4225556	2411	1120	n
4225811	2410	1122	n
4226062	2412	1119	n
4236502	2409	1120	n
4236757	2410	1120	n
4237008	2407	1118	n
4237258	2407	1119	n
4237515	2407	1120	n
4237770	2409	1117	n
4238021	2406	1121	n
4248433	2409	1119	n
4248691	2407	1120	n
4248942	2410	1119	n
4249193	2409	1118	n
4249444	2405	1120	n
4249699	2407	1120	n
4260111	2410	1121	n
4260362	2410	1119	n
4260621	2409	1119	n
4260872	2409	1119	n
4261123	2411	1120	n
4261374	2407	1120	n
4261631	2409	1120	n
4272066	2411	1120	n
4272317	2411	1121	n
4272573	2410	1120	n
4272828	2409	1120	n
4273079	2410	1119	n
4273330	2410	1119	n
4283727	2409	1119	n
4283978	2410	1119	n
4284229	2409	1118	n
4284481	2410	1118	n
4284736	2410	1120	n
4284987	2406	1120	n
4285238	2409	1119	n
4295621	2409	1119	n
4295872	2410	1119	n
4296123	2409	1120	n
4296374	2410	1120	n
4296631	2408	1120	n
4296882	2407	1120	n
4307273	2410	1119	n
4307529	2411	1121	n
4307785	2412	1119	n
4308036	2409	1120	n
4308287	2411	1120	n
4308540	2409	1121	n
4308795	2410	1120	n
4319158	2410	1121	n
4319409	2410	1119	n
4319664	2411	1120	n
4319915	2410	1120	n
4320166	2411	1120	n
4320417	2411	1121	n
4330819	2409	1119	n
4331070	2407	1119	n
4331321	2407	1119	n
4331574	2407	1119	n
4331829	2407	1119	n
4332080	2410	1118	n
4332331	2409	1120	n
4342709	2410	1119	n
4342960	2409	1120	n
4343211	2409	1119	n
4343462	2414	1119	n
4343717	2411	1120	n
4343968	2409	1120	n
4354366	2409	1119	n
4354625	2411	1120	n
4354876	2409	1119	n
4355127	2409	1119	n
4355378	2411	1119	n
4355639	2411	1120	n
4355890	2410	1120	n
4366251	2410	1119	n
4366504	2411	1119	n
4366759	2411	1120	n
4367010	2411	1119	n
4367261	2411	1120	n
4367515	2410	1123	n
4377912	2411	1119	n
4378163	2407	1120	n
4378413	2411	1119	n
4378669	2410	1119	n
4378920	2410	1120	n
4379171	2410	1119	n
4379422	2409	1120	n
4389797	2411	1121	n
4390048	2410	1120	n
4390299	2411	1120	n
4390555	2410	1121	n
4390810	2410	1119	n
4391061	2410	1120	n
4401458	2413	1119	n
4401713	2410	1119	n
4401964	2411	1119	n
4402215	2412	1121	n
4402466	2411	1120	n
4402722	2411	1119	n
4402973	2409	1119	n
4413343	2409	1121	n
4413597	2409	1119	n
4413852	2410	1120	n
4414103	2407	1119	n
4414354	2407	1118	n
4414608	2406	1120	n
4425004	2407	1119	n
4425255	2410	1119	n
4425507	2411	1119	n
4425763	2407	1119	n
4426014	2407	1119	n
4426265	2409	1120	n
4426521	2410	1118	n
4436890	2407	1120	n
4437141	2410	1120	n
4437392	2409	1118	n
4437652	2410	1119	n
4437903	2411	1120	n
4438154	2410	1120	n
4448555	2411	1120	n
4448810	2412	1120	n
4449061	2411	1121	n
4449312	2411	1120	n
4449566	2407	1121	n
4449821	2410	1119	n
4450072	2411	1120	n
4460436	2411	1121	n
4460692	2410	1119	n
4460943	2407	1120	n
4461194	2409	1118	n
4461445	2406	1118	n
4461701	2410	1120	n
4472097	2408	1119	n
4472348	2409	1119	n
4472604	2410	1118	n
4472859	2410	1119	n
4473110	2409	1119	n
4473361	2410	1120	n
4473621	2408	1118	n
4483982	2411	1120	n
4484233	2407	1119	n
4484486	2410	1120	n
4484742	2410	1119	n
4484993	2409	1120	n
4485244	2410	1120	n
4495647	2412	1120	n
4495898	2411	1119	n
4496149	2407	1120	n
4496400	2411	1119	n
4496657	2409	1121	n
4496908	2410	1119	n
4497159	2411	1118	n
4507531	2409	1120	n
4507787	2409	1121	n
4508038	2409	1119	n
4508289	2410	1119	n
4508541	2408	1117	n
4508796	2407	1120	n
4519189	2409	1119	n
4519440	2407	1119	n
4519698	2411	1119	n
4519948	2411	1120	n
4520199	2408	1119	n
4520450	2409	1121	n
4520705	2410	1119	n
4531075	2410	1120	n
4531326	2412	1121	n
4531580	2411	1120	n
4531836	2411	1121	n
4532086	2411	1121	n
4532337	2411	1121	n
4542736	2410	1121	n
4542987	2410	1119	n
4543238	2415	1121	n
4543494	2411	1120	n
4543749	2411	1119	n
4544000	2411	1119	n
4544251	2410	1120	n
4554628	2410	1120	n
4554879	2409	1119	n
4555130	2410	1119	n
4555381	2409	1115	n
4555639	2409	1119	n
4555889	2409	1120	n
4566282	2407	1119	n
4566538	2409	1119	n
4566793	2410	1119	n
4567044	2409	1119	n
4567295	2407	1119	n
4567552	2409	1120	n
4567808	2409	1118	n
4578167	2407	1119	n
4578418	2410	1121	n
4578673	2411	1121	n
4578924	2410	1118	n
4579175	2410	1118	n
4579426	2410	1121	n
4589828	2410	1119	n
4590079	2411	1120	n
4590329	2409	1120	n
4590583	2410	1121	n
4590839	2407	1119	n
4591089	2409	1119	n
4591341	2410	1120	n
4601717	2409	1119	n
4601968	2412	1120	n
4602219	2407	1119	n
4602470	2411	1120	n
4602726	2407	1119	n
4602977	2410	1120	n
4613374	2411	1120	n
4613631	2411	1119	n
4613882	2410	1120	n
4614132	2410	1120	n
4614383	2409	1119	n
4614644	2407	1120	n
4614895	2410	1119	n
4625260	2411	1120	n
4625514	2412	1121	n
4625770	2410	1120	n
4626021	2411	1121	n
4626272	2411	1120	n
4626524	2411	1121	n
4636921	2409	1118	n
4637172	2407	1120	n
4637422	2407	1118	n
4637678	2407	1119	n
4637929	2410	1118	n
4638180	2410	1119	n
4638431	2409	1119	n
4648806	2410	1121	n
4649057	2410	1119	n
4649308	2407	1120	n
4649563	2407	1118	n
4649818	2411	1119	n
4650069	2409	1119	n
4660467	2412	1119	n
4660722	2409	1119	n
4660973	2410	1121	n
4661223	2411	1119	n
4661474	2409	1121	n
4661734	2410	1119	n
4661985	2410	1118	n
4672352	2411	1121	n
4672607	2411	1119	n
4672862	2409	1120	n
4673113	2410	1119	n
4673364	2411	1121	n
4673626	2410	1121	n
4684013	2407	1119	n
4684264	2406	1117	n
4684518	2408	1119	n
4684774	2411	1120	n
4685025	2409	1118	n
4685276	2409	1118	n
4685532	2410	1119	n
4695898	2411	1120	n
4696149	2410	1120	n
4696400	2410	1119	n
4696657	2407	1119	n
4696908	2410	1121	n
4697159	2409	1120	n
4707562	2411	1120	n
4707817	2411	1120	n
4708068	2409	1120	n
4708319	2412	1119	n
4708572	2411	1119	n
4708827	2411	1120	n
4709078	2410	1120	n
4719445	2406	1119	n
4719700	2411	1120	n
4719951	2411	1120	n
4720203	2411	1120	n
4720453	2407	1119	n
4720708	2410	1121	n
4731106	2407	1120	n
4731357	2409	1118	n
4731610	2408	1119	n
4731865	2409	1119	n
4732116	2410	1119	n
4732367	2409	1119	n
4732626	2407	1119	n
4742991	2409	1120	n
4743242	2410	1120	n
4743498	2410	1119	n
4743754	2411	1119	n
4744005	2410	1119	n
4744256	2411	1120	n
4754656	2410	1121	n
4754907	2411	1120	n
4755158	2411	1121	n
4755409	2411	1120	n
4755664	2411	1119	n
4755915	2411	1119	n
4756166	2413	1118	n
4766538	2410	1121	n
4766794	2409	1120	n
4767045	2410	1119	n
4767295	2410	1119	n
4767552	2410	1120	n
4767808	2410	1118	n
4778198	2407	1119	n
4778449	2410	1119	n
4778704	2410	1119	n
4778955	2411	1120	n
4779206	2409	1120	n
4779457	2411	1120	n
4779712	2409	1119	n
4790083	2410	1120	n
4790334	2411	1121	n
4790590	2407	1121	n
4790845	2410	1121	n
4791096	2411	1120	n
4791347	2411	1121	n
4801744	2413	1121	n
4801995	2413	1119	n
4802246	2413	1120	n
4802500	2412	1121	n
4802756	2412	1120	n
4803007	2414	1120	n
4803258	2413	1121	n
4813636	2410	1119	n
4813887	2413	1121	n
4814138	2411	1121	n
4814389	2409	1120	n
4814648	2411	1121	n
4814899	2412	1119	n
4825291	2410	1121	n
4825546	2412	1119	n
4825801	2410	1120	n
4826052	2413	1121	n
4826303	2411	1119	n
4826556	2410	1119	n
4826811	2411	1120	n
4837176	2410	1121	n
4837427	2411	1118	n
4837683	2409	1120	n
4837934	2411	1121	n
4838185	2412	1119	n
4838436	2411	1121	n
4848837	2411	1122	n
4849088	2413	1119	n
4849339	2411	1119	n
4849592	2411	1120	n
4849847	2411	1122	n
4850098	2411	1120	n
4850349	2413	1119	n
4860726	2412	1120	n
4860977	2411	1121	n
4861228	2413	1119	n
4861479	2411	1120	n
4861735	2413	1119	n
4861986	2411	1121	n
4872383	2411	1121	n
4872644	2411	1121	n
4872895	2411	1122	n
4873146	2414	1122	n
4873397	2411	1119	n
4873657	2411	1121	n
4873908	2410	1119	n
4884268	2411	1119	n
4884521	2412	1119	n
4884776	2413	1121	n
4885027	2411	1122	n
4885278	2413	1119	n
4885532	2412	1121	n
4895929	2411	1121	n
4896180	2412	1121	n
4896431	2411	1120	n
4896690	2411	1121	n
4896941	2411	1121	n
4897192	2414	1121	n
4897443	2410	1123	n
4907815	2412	1121	n
4908066	2411	1121	n
4908317	2411	1119	n
4908573	2411	1121	n
4908828	2410	1119	n
4909079	2409	1119	n
4919476	2411	1121	n
4919734	2411	1119	n
4919985	2411	1120	n
4920236	2410	1121	n
4920491	2412	1120	n
4920746	2411	1120	n
4920997	2411	1120	n
4931361	2411	1120	n
4931621	2413	1120	n
4931872	2411	1120	n
4932123	2413	1121	n
4932374	2412	1120	n
4932631	2411	1120	n
4943022	2411	1122	n
4943273	2412	1120	n
4943529	2411	1122	n
4943785	2412	1119	n
4944036	2411	1120	n
4944287	2412	1121	n
4944540	2410	1119	n
4954907	2410	1120	n
4955158	2411	1121	n
4955409	2410	1118	n
4955664	2409	1119	n
4955915	2412	1120	n
4956166	2411	1120	n
4966569	2408	1119	n
4966824	2411	1118	n
4967075	2410	1121	n
4967326	2412	1121	n
4967581	2411	1121	n
4967836	2411	1122	n
4968087	2410	1120	n
4978453	2413	1121	n
4978708	2411	1121	n
4978959	2413	1121	n
4979240	2413	1121	n
4979494	2411	1121	n
4979750	2414	1120	n
4990114	2411	1120	n
4990605	2412	1120	n
4990882	2410	1119	n
4991133	2411	1119	n
4991384	2411	1120	n
4991653	2411	1121	n
4991926	2410	1121	n
5002328	2413	1120	n
5002812	2411	1121	n
5003072	2411	1121	Time:00:00:00:00;;
5003564	2411	1119	n
5003819	2411	1121	n
5004079	2411	1120	n
5014518	2413	1121	n
5014999	2412	1121	n
5015250	2413	1120	n
5015515	2412	1120	n
5015793	2411	1119	n
5016044	2411	1120	n
5026460	2415	1121	n
5026950	2414	1120	n
5027223	2412	1120	n
5027474	2414	1120	n
5027734	2413	1121	n
5027994	2412	1121	n
5028267	2412	1119	n
5038677	2411	1120	n
5039154	2411	1119	n
5039414	2413	1121	n
5039691	2411	1121	n
5039942	2411	1119	n
5040193	2413	1122	n
5040453	2411	1122	n
5050895	2410	1120	n
5051373	2411	1121	n
5051631	2411	1121	n
5051890	2412	1122	n
5052164	2411	1120	n
5052415	2412	1121	n
5052670	2410	1121	n
5063065	2413	1120	Time:00:00:00:00;;
5063797	2414	1122	n
5064048	2413	1120	n
5064299	2414	1121	n
5064587	2413	1120	n
5074950	2411	1122	n
5075427	2413	1121	n
5075683	2411	1121	n
5075942	2413	1120	n
5076216	2411	1121	n
5076467	2414	1121	n
5076722	2411	1118	n
5087093	2412	1121	n
5087604	2411	1119	n
5087859	2411	1120	n
5088110	2411	1120	n
5088369	2413	1119	n
5088653	2411	1121	n
5088904	2411	1120	n
5099290	2412	1120	n
5099783	2411	1121	n
5100056	2410	1120	n
5100307	2410	1120	n
5100564	2412	1120	n
5100827	2412	1121	n
5111251	2413	1121	n
5111743	2414	1121	n
5111994	2413	1121	n
5112245	2413	1121	n
5112532	2411	1122	n
5112787	2411	1122	n
5113038	2411	1121	n
5123457	2414	1119	n
5123969	2411	1121	n
5124220	2411	1120	n
5124471	2409	1120	n
5124727	2411	1120	n
5125009	2411	1119	n
5125260	2411	1120	n
5135674	2412	1121	n
5136150	2412	1120	n
5136432	2411	1120	n
5136691	2411	1120	n
5136941	2410	1122	n
5137193	2412	1120	n
5137475	2413	1118	n
5147848	2411	1121	n
5148325	2413	1121	n
5148580	2413	1119	n
5148844	2413	1121	n
5149118	2411	1120	n
5149369	2412	1120	n
5159768	2412	1122	n
5160258	2413	1120	n
5160535	2411	1121	n
5160790	2415	1120	n
5161041	2413	1121	n
5161301	2413	1120	n
5161581	2413	1121	n
5171963	2411	1121	n
5172446	2409	1120	n
5172711	2411	1121	n
5172984	2409	1120	n
5173235	2410	1120	n
5173492	2413	1119	n
5173756	2413	1122	n
5184169	2413	1120	n
5184657	2413	1122	n
5184908	2412	1121	n
5185167	2413	1121	n
5185441	2408	1119	n
5185698	2413	1121	n
5196079	2411	1120	n
5196563	2412	1120	n
5196849	2412	1120	n
5197100	2411	1121	n
5197351	2412	1121	n
5197608	2413	1120	n
5197892	2413	1121	n
5208275	2410	1121	n
5208761	2412	1119	n
5209011	2412	1121	n
5209293	2412	1120	n
5209548	2411	1121	n
5209804	2412	1120	n
5210055	2406	1119	n
5220471	2411	1120	Time:00:00:00:00;;
5220985	2412	1121	n
5221236	2410	1119	n
5221491	2410	1120	n
5221746	2410	1121	n
5232115	2413	1119	n
5232366	2411	1119	n
5232625	2409	1120	n
5232876	2411	1121	n
5233127	2411	1121	n
5233378	2413	1120	n
5233639	2412	1121	n
5244000	2412	1121	n
5244250	2414	1122	n
5244504	2411	1121	n
5244759	2411	1119	n
5245010	2411	1120	n
5245261	2411	1119	n
5255665	2411	1120	n
5255916	2407	1119	n
5256167	2411	1120	n
5256418	2411	1120	n
5256673	2411	1120	n
5256924	2410	1119	n
5257175	2411	1121	n
5267549	2411	1121	n
5267804	2411	1120	n
5268055	2410	1119	n
5268306	2411	1120	n
5268558	2411	1121	n
5268814	2411	1119	n
5279207	2411	1121	n
5279458	2413	1121	n
5279713	2411	1121	n
5279964	2414	1122	n
5280215	2414	1121	n
5280466	2414	1120	n
5280721	2411	1121	n
5291093	2414	1121	n
5291344	2414	1121	n
5291600	2414	1121	n
5291855	2411	1122	n
5292106	2412	1121	n
5292357	2412	1120	n
5302754	2411	1120	n
5303005	2413	1121	n
5303256	2411	1118	n
5303512	2411	1120	n
5303768	2412	1119	n
5304019	2410	1119	n
5304270	2409	1120	n
5314643	2411	1121	n
5314894	2409	1121	n
5315145	2411	1120	n
5315396	2411	1118	n
5315657	2411	1121	n
5315908	2410	1122	n
5326300	2411	1119	n
5326555	2411	1120	n
5326810	2412	1119	n
5327061	2411	1121	n
5327312	2411	1120	n
5327566	2410	1121	n
5327821	2410	1121	n
5338185	2414	1122	n
5338436	2413	1120	n
5338692	2411	1120	n
5338943	2411	1121	n
5339194	2410	1119	n
5339445	2410	1120	n
5349846	2412	1121	n
5350097	2410	1121	n
5350348	2413	1119	n
5350604	2411	1121	n
5350859	2412	1120	n
5351110	2414	1122	n
5351361	2413	1120	n
5361735	2411	1119	n
5361986	2412	1120	n
5362237	2413	1119	n
5362494	2414	1121	n
5362750	2411	1120	n
5363001	2411	1122	n
5373392	2414	1121	n
5373653	2412	1119	n
5373904	2411	1120	n
5374155	2413	1120	n
5374406	2411	1120	n
5374661	2413	1119	n
5374912	2409	1121	n
5385278	2413	1121	n
5385532	2411	1120	n
5385787	2412	1121	n
5386038	2411	1121	n
5386289	2414	1121	n
5386541	2411	1121	n
5396939	2413	1122	n
5397190	2411	1120	n
5397441	2410	1121	n
5397698	2411	1120	n
5397949	2413	1121	n
5398200	2411	1119	n
5398451	2409	1121	n
5408824	2412	1121	n
5409074	2411	1122	n
5409325	2411	1121	n
5409580	2410	1121	n
5409836	2413	1120	n
5410087	2413	1119	n
5420487	2411	1120	n
5420742	2412	1120	n
5420993	2410	1119	n
5421244	2412	1122	n
5421501	2413	1122	n
5421757	2411	1121	n
5422007	2413	1121	n
5432370	2412	1121	n
5432628	2412	1121	n
5432879	2409	1120	n
5433130	2411	1119	n
5433381	2407	1120	n
5433639	2411	1120	n
5444031	2411	1121	n
5444282	2412	1120	n
5444538	2412	1121	n
5444793	2412	1119	n
5445044	2411	1119	n
5445295	2413	1122	n
5445552	2410	1119	n
5455916	2414	1120	n
5456167	2413	1120	n
5456418	2411	1123	n
5456673	2413	1122	n
5456924	2411	1121	n
5457175	2410	1121	n
5467577	2412	1120	n
5467832	2412	1120	n
5468083	2416	1120	n
5468334	2413	1121	n
5468590	2411	1121	n
5468845	2413	1120	n
5469096	2411	1120	n
5479463	2413	1120	n
5479718	2413	1120	n
5479969	2411	1120	n
5480220	2412	1121	n
5480471	2412	1121	n
5480727	2411	1119	n
5491124	2409	1119	n
5491374	2411	1121	n
5491631	2409	1120	n
5491882	2411	1120	n
5492133	2411	1119	n
5492384	2411	1119	n
5492644	2412	1121	n
5503009	2412	1121	n
5503260	2413	1121	n
5503514	2413	1120	n
5503769	2413	1121	n
5504020	2412	1120	n
5504271	2410	1121	n
5514674	2413	1121	n
5514925	2412	1120	n
5515176	2413	1121	n
5515427	2413	1120	n
5515683	2414	1121	n
5515934	2412	1121	n
5516185	2413	1121	n
5526557	2411	1120	n
5526812	2413	1121	n
5527063	2412	1120	n
5527314	2413	1120	n
5527571	2410	1119	n
5527826	2411	1119	n
5538216	2413	1121	n
5538467	2415	1119	n
5538722	2411	1120	n
5538973	2413	1121	n
5539224	2411	1121	n
5539475	2413	1121	n
5539734	2411	1121	n
5550101	2414	1120	n
5550352	2413	1121	n
5550607	2413	1120	n
5550862	2414	1120	n
5551113	2415	1121	n
5551364	2412	1121	n
5561762	2412	1120	n
5562012	2414	1122	n
5562263	2411	1122	n
5562518	2413	1121	n
5562773	2412	1121	n
5563024	2410	1119	n
5563275	2413	1121	n
5573652	2410	1121	n
5573903	2412	1121	n
5574154	2409	1120	n
5574405	2410	1120	n
5574660	2411	1121	n
5574911	2412	1120	n
5585309	2410	1121	n
5585563	2411	1120	n
5585818	2413	1120	n
5586069	2413	1120	n
5586320	2410	1120	n
5586573	2412	1119	n
5586829	2413	1121	n
5597194	2413	1121	n
5597445	2411	1122	n
5597700	2414	1121	n
5597951	2411	1122	n
5598202	2411	1119	n
5598453	2411	1122	n
5608855	2411	1120	n
5609106	2412	1121	n
5609357	2412	1121	n
5609610	2413	1120	n
5609865	2411	1120	n
5610116	2413	1121	n
5610367	2412	1121	n
5620744	2411	1121	n
5620995	2413	1121	n
5621246	2413	1122	n
5621501	2413	1121	n
5621756	2412	1121	n
5622007	2411	1120	n
5632401	2413	1120	n
5632658	2412	1120	n
5632909	2413	1121	n
5633160	2411	1119	n
5633411	2411	1119	n
5633666	2410	1121	n
5633917	2411	1121	n
5644286	2414	1122	n
5644539	2414	1121	n
5644794	2412	1121	n
5645045	2413	1121	n
5645296	2414	1121	n
5645552	2411	1121	n
5655947	2411	1120	n
5656198	2411	1121	n
5656448	2409	1119	n
5656704	2413	1119	n
5656955	2412	1122	n
5657206	2411	1121	n
5657457	2413	1121	n
5667833	2411	1121	n
5668084	2413	1121	n
5668334	2411	1120	n
5668589	2411	1120	n
5668845	2412	1120	n
5669095	2413	1121	n
5679497	2411	1120	n
5679753	2413	1121	n
5680004	2412	1119	n
5680255	2412	1121	n
5680507	2411	1121	n
5680763	2413	1121	n
5681014	2411	1120	n
5691379	2413	1121	n
5691639	2414	1120	n
5691889	2414	1122	n
5692140	2413	1122	n
5692391	2414	1121	n
5692652	2413	1122	n
5703040	2413	1119	n
5703290	2411	1119	n
5703546	2413	1121	n
5703801	2410	1121	n
5704052	2411	1122	n
5704303	2412	1120	n
5704556	2412	1120	n
5714925	2411	1121	n
5715176	2413	1120	n
5715426	2411	1119	n
5715683	2413	1120	n
5715934	2411	1121	n
5716185	2413	1121	n
5726586	2413	1123	n
5726841	2413	1121	n
5727092	2413	1122	n
5727342	2413	1120	n
5727598	2413	1121	n
5727853	2412	1121	n
5728104	2414	1120	n
5738471	2413	1121	n
5738727	2415	1121	n
5738978	2411	1120	n
5739229	2413	1122	n
5739481	2411	1122	n
5739736	2412	1121	n
5750132	2413	1120	n
5750383	2414	1122	n
5750639	2411	1121	n
5750890	2411	1122	n
5751141	2412	1122	n
5751392	2413	1121	n
5751652	2413	1121	n
5762018	2413	1121	n
5762269	2413	1121	n
5762521	2411	1121	n
5762777	2412	1121	n
5763028	2412	1121	n
5763279	2413	1121	n
5773682	2415	1121	n
5773933	2413	1121	n
5774184	2412	1122	n
5774435	2413	1121	n
5774692	2414	1120	n
5774943	2414	1122	n
5775194	2414	1121	n
5785570	2414	1118	n
5785825	2411	1121	n
5786076	2413	1121	n
5786327	2415	1121	n
5786584	2413	1120	n
5786839	2411	1120	n
5797225	2411	1121	n
5797476	2412	1121	n
5797733	2413	1121	n
5797984	2413	1120	n
5798235	2412	1120	n
5798491	2412	1119	n
5798746	2410	1121	n
5809110	2413	1120	n
5809361	2411	1121	n
5809615	2411	1121	n
5809870	2413	1121	n
5810121	2415	1121	n
5810372	2413	1120	n
5820771	2413	1121	n
5821021	2413	1121	n
5821272	2413	1122	n
5821529	2413	1121	n
5821785	2411	1122	n
5822036	2413	1122	n
5822287	2413	1122	n
5832660	2412	1121	n
5832911	2413	1121	n
5833162	2413	1121	n
5833413	2413	1120	n
5833668	2411	1122	n
5833919	2413	1121	n
5844317	2412	1121	n
5844573	2411	1120	n
5844828	2411	1121	n
5845079	2411	1120	n
5845330	2412	1120	n
5845584	2411	1120	n
5845839	2411	1120	n
5856203	2413	1123	n
5856453	2411	1121	n
5856709	2413	1120	n
5856960	2411	1121	n
5857211	2411	1120	n
5857462	2416	1119	n
5867864	2413	1122	n
5868115	2412	1121	n
5868365	2414	1121	n
5868625	2413	1121	n
5868876	2415	1120	n
5869127	2411	1120	n
5869378	2412	1121	n
5879752	2414	1121	n
5880003	2413	1121	n
5880254	2413	1121	n
5880507	2412	1120	n
5880763	2411	1122	n
5881013	2412	1122	n
5891410	2411	1119	n
5891665	2413	1119	n
5891916	2413	1119	n
5892167	2411	1121	n
5892418	2410	1123	n
5892673	2412	1121	n
5892924	2413	1120	n
5903295	2413	1121	n
5903549	2413	1121	n
5903804	2413	1122	n
5904055	2415	1123	n
5904306	2414	1122	n
5904558	2414	1121	n
5914956	2413	1120	n
5915206	2411	1121	n
5915458	2416	1121	n
5915713	2414	1120	n
5915964	2412	1121	n
5916215	2412	1120	n
5916466	2411	1120	n
5926841	2411	1120	n
5927092	2413	1121	n
5927342	2413	1120	n
5927597	2412	1120	n
5927852	2413	1121	n
5928103	2413	1121	n
5938504	2411	1121	n
5938759	2410	1121	n
5939010	2411	1121	n
5939261	2412	1121	n
5939518	2413	1120	n
5939773	2411	1119	n
5940025	2413	1122	n
5950388	2413	1121	n
5950648	2413	1122	n
5950899	2412	1122	n
5951150	2412	1120	n
5951401	2414	1119	n
5951658	2413	1120	n
5962049	2412	1120	n
5962300	2414	1120	n
5962555	2411	1121	n
5962810	2411	1120	n
5963061	2414	1121	n
5963312	2413	1122	n
5963566	2411	1122	n
5973934	2413	1121	n
5974185	2413	1121	n
5974435	2411	1121	n
5974692	2411	1122	n
5974943	2411	1121	n
5975194	2412	1121	n
5985595	2415	1121	n
5986007	2414	1120	n
5986267	2412	1121	n
5986546	2413	1122	n
5986802	2413	1121	n
5987052	2413	1121	n
5987312	2411	1121	n
5997734	2414	1121	n
5998211	2413	1121	n
5998462	2415	1120	n
5998727	2410	1121	n
5999000	2412	1121	n
5999251	2413	1119	n
5999504	2411	1120	n
6009917	2413	1121	Time:00:00:00:00;;
6010648	2413	1121	n
6010899	2413	1119	n
6011150	2413	1120	n
6011432	2411	1119	n
6011691	2413	1121	n
6022078	2411	1119	n
6022556	2412	1121	n
6022820	2411	1121	n
6023093	2411	1121	n
6023344	2411	1120	n
6023600	2412	1119	n
6033998	2412	1121	n
6034507	2412	1121	n
6034763	2413	1120	n
6035014	2412	1121	n
6035273	2414	1121	n
6035553	2413	1121	n
6035808	2413	1121	n
6046193	2412	1120	n
6046689	2412	1121	n
6046963	2413	1121	n
6047214	2412	1122	n
6047465	2414	1119	n
6047728	2413	1121	n
6048002	2415	1120	n
6058390	2413	1122	n
6058875	2413	1121	n
6059135	2411	1121	Time:00:00:00:00;;
6059632	2411	1119	n
6059883	2413	1121	n
6070257	2413	1121	n
6070773	2411	1120	n
6071024	2413	1121	n
6071275	2413	1121	n
6071532	2413	1121	n
6071816	2412	1120	n
6072067	2413	1119	n
6082471	2414	1122	n
6082953	2412	1119	n
6083212	2413	1121	n
6083492	2413	1121	n
6083747	2414	1121	n
6083998	2414	1120	n
6084281	2413	1120	n
6094671	2407	1119	n
6095146	2410	1119	n
6095396	2410	1119	n
6095665	2410	1121	n
6095938	2411	1120	n
6096189	2410	1121	n
6096440	2409	1120	n
6106862	2411	1119	n
6107377	2412	1120	n
6107634	2412	1122	n
6107885	2411	1120	n
6108144	2410	1121	n
6108418	2413	1121	n
6118782	2413	1121	n
6119258	2414	1122	n
6119523	2413	1121	n
6119801	2413	1120	n
6120052	2413	1121	n
6120303	2413	1121	n
6120564	2413	1122	n
6130986	2411	1121	n
6131463	2414	1119	n
6131718	2413	1121	n
6131969	2413	1120	n
6132251	2411	1119	n
6132504	2411	1122	n
6132759	2413	1118	n
6143173	2415	1123	n
6143690	2414	1122	n
6143941	2413	1120	n
6144192	2413	1121	n
6144443	2411	1122	n
6144730	2413	1121	n
6155093	2412	1121	n
6155576	2411	1120	n
6155831	2411	1121	n
6156112	2413	1121	n
6156363	2410	1120	n
6156621	2413	1120	n
6156872	2413	1121	n
6167288	2415	1120	n
6167785	2412	1120	n
6168036	2413	1120	n
6168287	2410	1119	n
6168553	2411	1121	n
6168830	2410	1119	n
6169081	2413	1120	n
6179487	2413	1121	n
6179980	2414	1122	n
6180255	2411	1122	n
6180512	2412	1122	n
6180767	2415	1122	n
6181027	2411	1121	n
6191457	2413	1120	n
6191945	2411	1121	n
6192196	2411	1122	n
6192455	2413	1121	n
6192733	2411	1121	n
6192984	2412	1120	n
6193235	2411	1121	n
6203603	2414	1120	n
6204115	2411	1120	n
6204366	2411	1119	n
6204625	2411	1119	n
6204885	2412	1120	n
6205158	2412	1120	n
6205409	2411	1119	n
6215796	2413	1121	Time:00:00:00:00;;
6216419	2413	1121	n
6216674	2413	1121	n
6216925	2413	1121	n
6217176	2413	1121	n
6217427	2412	1122	n
6227785	2411	1119	n
6228036	2414	1121	n
6228287	2411	1120	n
6228540	2412	1121	n
6228795	2410	1121	n
6229046	2411	1120	n
6239481	2414	1121	n
6239736	2412	1120	n
6239987	2411	1121	n
6240238	2412	1119	n
6240494	2411	1120	n
6240749	2414	1121	n
6241000	2411	1120	n
6251417	2413	1121	n
6251672	2413	1119	n
6251923	2411	1122	n
6252174	2414	1121	n
6252425	2412	1121	n
6252681	2413	1120	n
6263095	2411	1121	n
6263346	2413	1122	n
6263600	2411	1119	n
6263855	2413	1120	n
6264106	2413	1121	n
6264357	2413	1122	n
6264610	2412	1121	n
6275050	2413	1121	n
6275301	2413	1120	n
6275555	2413	1121	n
6275810	2411	1120	n
6276061	2411	1121	n
6276312	2411	1119	n
6286715	2413	1120	n
6286966	2414	1120	n
6287217	2413	1121	n
6287468	2413	1120	n
6287723	2411	1121	n
6287974	2412	1122	n
6288225	2412	1119	n
6298600	2411	1122	n
6298855	2412	1121	n
6299106	2411	1122	n
6299357	2414	1121	n
6299610	2411	1120	n
6299865	2410	1120	n
6310257	2414	1122	n
6310512	2414	1121	n
6310767	2411	1121	n
6311018	2413	1120	n
6311269	2410	1120	n
6311522	2409	1121	n
6311777	2411	1121	n
6322142	2410	1120	n
6322393	2412	1120	n
6322652	2410	1119	n
6322902	2412	1119	n
6323154	2411	1119	n
6323405	2410	1119	n
6333803	2411	1119	n
6334054	2412	1119	n
6334305	2413	1120	n
6334558	2411	1121	n
6334813	2413	1121	n
6335064	2413	1120	n
6335315	2412	1120	n
6345692	2413	1121	n
6345943	2410	1120	n
6346194	2411	1120	n
6346445	2411	1121	n
6346701	2411	1120	n
6346952	2412	1120	n
6357349	2411	1119	n
6357604	2411	1120	n
6357859	2412	1120	n
6358110	2407	1120	n
6358361	2409	1120	n
6358621	2411	1119	n
6358872	2409	1121	n
6369235	2411	1119	n
6369491	2413	1120	n
6369746	2411	1119	n
6369997	2411	1121	n
6370248	2412	1121	n
6370504	2412	1119	n
6380896	2414	1121	n
6381147	2411	1121	n
6381398	2410	1120	n
6381658	2411	1120	n
6381909	2413	1120	n
6382160	2411	1121	n
6382411	2414	1120	n
6392784	2414	1121	n
6393035	2413	1121	n
6393286	2413	1121	n
6393539	2414	1120	n
6393794	2411	1121	n
6394045	2411	1121	n
6404442	2409	1120	n
6404699	2411	1121	n
6404950	2411	1120	n
6405201	2411	1119	n
6405452	2412	1120	n
6405707	2411	1121	n
6405958	2411	1120	n
6416327	2413	1121	n
6416583	2414	1120	n
6416838	2412	1121	n
6417089	2411	1121	n
6417340	2412	1122	n
6417593	2411	1121	n
6427988	2411	1121	n
6428239	2412	1121	n
6428494	2411	1119	n
6428750	2413	1119	n
6429001	2414	1121	n
6429252	2412	1120	n
6429505	2412	1121	n
6439873	2413	1119	n
6440124	2412	1120	n
6440375	2413	1121	n
6440632	2412	1121	n
6440883	2413	1121	n
6441134	2412	1119	n
6451538	2410	1120	n
6451793	2410	1118	n
6452044	2409	1118	n
6452295	2410	1119	n
6452552	2407	1119	n
6452807	2410	1120	n
6453058	2410	1120	n
6463420	2413	1120	n
6463675	2410	1120	n
6463926	2413	1121	n
6464177	2411	1120	n
6464428	2411	1119	n
6464685	2413	1121	n
6475081	2411	1120	n
6475332	2411	1121	n
6475586	2413	1120	n
6475841	2411	1120	n
6476092	2409	1119	n
6476343	2411	1120	n
6476600	2411	1121	n
6486966	2413	1120	n
6487217	2411	1121	n
6487468	2414	1121	n
6487723	2411	1120	n
6487974	2413	1121	n
6488225	2410	1120	n
6498631	2411	1122	n
6498882	2410	1120	n
6499133	2411	1120	n
6499384	2413	1121	n
6499644	2410	1120	n
6499895	2410	1119	n
6500146	2407	1120	n
6510515	2413	1119	n
6510770	2411	1120	n
6511021	2413	1119	n
6511272	2414	1121	n
6511529	2411	1120	n
6511784	2412	1120	n
6522173	2411	1120	n
6522424	2414	1121	n
6522679	2413	1121	n
6522930	2411	1121	n
6523181	2410	1120	n
6523432	2412	1120	n
6523691	2413	1121	n
6534058	2413	1120	n
6534309	2411	1120	n
6534563	2413	1120	n
6534818	2411	1121	n
6535069	2412	1119	n
6535320	2411	1120	n
6545719	2411	1121	n
6545970	2412	1120	n
6546221	2409	1121	n
6546472	2411	1120	n
6546728	2410	1119	n
6546979	2411	1120	n
6547230	2413	1121	n
6557607	2413	1119	n
6557862	2413	1121	n
6558113	2413	1121	n
6558364	2413	1120	n
6558625	2412	1121	n
6558876	2414	1121	n
6569266	2414	1121	n
6569521	2413	1122	n
6569774	2412	1119	n
6570025	2411	1120	n
6570276	2411	1119	n
6570532	2412	1121	n
6570787	2413	1123	n
6581151	2413	1120	n
6581402	2411	1119	n
6581658	2412	1121	n
6581909	2411	1121	n
6582160	2410	1120	n
6582411	2412	1121	n
6592812	2413	1121	n
6593063	2415	1121	n
6593314	2411	1121	n
6593570	2412	1122	n
6593826	2413	1121	n
6594077	2411	1122	n
6594328	2411	1121	n
6604701	2413	1121	n
6604952	2414	1122	n
6605203	2412	1122	n
6605454	2413	1121	n
6605710	2413	1120	n
6605961	2414	1121	n
6616358	2414	1122	n
6616610	2413	1121	n
6616866	2414	1122	n
6617117	2412	1122	n
6617367	2412	1122	n
6617629	2411	1122	n
6617880	2414	1121	n
6628243	2411	1119	n
6628497	2410	1121	n
6628753	2412	1120	n
6629004	2411	1120	n
6629255	2413	1119	n
6629508	2410	1121	n
6639904	2413	1121	n
6640155	2413	1121	n
6640406	2413	1121	n
6640661	2413	1120	n
6640912	2413	1121	n
6641163	2413	1121	n
6641414	2411	1119	n
6651790	2412	1120	n
6652041	2413	1121	n
6652292	2413	1122	n
6652546	2413	1121	n
6652801	2413	1121	n
6653052	2412	1121	n
6663451	2410	1120	n
6663706	2413	1122	n
6663957	2415	1121	n
6664208	2410	1121	n
6664459	2415	1120	n
6664714	2413	1121	n
6664965	2411	1119	n
6675336	2413	1121	n
6675589	2411	1121	n
6675844	2410	1119	n
6676095	2411	1121	n
6676346	2410	1119	n
6676600	2411	1120	n
6686997	2413	1121	n
6687248	2411	1121	n
6687504	2415	1121	n
6687759	2413	1120	n
6688011	2412	1120	n
6688262	2410	1121	n
6688518	2412	1121	n
6698882	2412	1121	n
6699133	2414	1121	n
6699384	2411	1121	n
6699644	2411	1121	n
6699895	2413	1122	n
6700146	2413	1122	n
6710549	2413	1122	n
6710804	2413	1121	n
6711055	2414	1121	n
6711306	2411	1120	n
6711558	2411	1119	n
6711814	2409	1121	n
6712065	2415	1119	n
6722428	2414	1120	n
6722684	2411	1120	n
6722935	2413	1120	n
6723186	2411	1121	n
6723437	2410	1119	n
6723698	2412	1120	n
6734089	2414	1121	n
6734340	2414	1122	n
6734593	2413	1122	n
6734848	2414	1120	n
6735099	2412	1121	n
6735350	2411	1119	n
6735604	2413	1121	n
6745975	2413	1120	n
6746226	2413	1122	n
6746477	2415	1121	n
6746734	2414	1121	n
6746985	2415	1121	n
6747236	2412	1121	n
6757640	2413	1121	n
6757891	2411	1122	n
6758142	2411	1121	n
6758393	2413	1121	n
6758652	2411	1119	n
6758903	2412	1120	n
6759154	2411	1121	n
6769523	2411	1121	n
6769778	2409	1120	n
6770029	2414	1121	n
6770280	2413	1120	n
6770535	2413	1121	n
6770790	2413	1119	n
6781182	2413	1121	n
6781433	2413	1120	n
6781691	2411	1120	n
6781942	2414	1121	n
6782193	2414	1121	n
6782444	2412	1120	n
6782699	2413	1121	n
6793067	2413	1121	n
6793318	2413	1122	n
6793572	2413	1120	n
6793827	2413	1121	n
6794078	2412	1123	n
6794329	2413	1122	n
6804728	2414	1121	n
6804979	2413	1121	n
6805230	2413	1121	n
6805482	2411	1121	n
6805737	2413	1120	n
6805988	2413	1121	n
6806239	2411	1120	n
6816621	2413	1119	n
6816872	2412	1120	n
6817123	2411	1121	n
6817374	2413	1121	n
6817631	2413	1121	n
6817882	2411	1120	n
6828274	2412	1122	n
6828529	2413	1120	n
6828784	2411	1119	n
6829035	2412	1120	n
6829286	2411	1121	n
6829539	2411	1120	n
6829794	2413	1121	n
6840160	2414	1120	n
6840411	2411	1120	n
6840666	2414	1122	n
6840917	2414	1120	n
6841168	2413	1120	n
6841419	2415	1124	n
6851821	2413	1119	n
6852072	2413	1119	n
6852323	2411	1120	n
6852576	2411	1121	n
6852831	2413	1122	n
6853082	2411	1121	n
6853333	2409	1120	n
6863710	2411	1121	n
6863961	2411	1122	n
6864212	2411	1122	n
6864463	2416	1119	n
6864719	2412	1119	n
6864970	2411	1122	n
6875367	2413	1121	n
6875626	2411	1120	n
6875877	2413	1122	n
6876128	2412	1121	n
6876379	2412	1122	n
6876639	2411	1120	n
6876890	2413	1119	n
6887252	2413	1121	n
6887505	2411	1120	n
6887760	2411	1119	n
6888011	2410	1119	n
6888262	2411	1120	n
6888518	2410	1119	n
6898913	2413	1120	n
6899164	2411	1121	n
6899415	2412	1121	n
6899670	2412	1121	n
6899921	2412	1120	n
6900172	2413	1122	n
6900423	2412	1120	n
6910798	2412	1120	n
6911049	2414	1121	n
6911300	2412	1121	n
6911555	2415	1121	n
6911810	2413	1120	n
6912061	2412	1121	n
6922459	2416	1122	n
6922714	2411	1123	n
6922965	2414	1120	n
6923216	2413	1122	n
6923467	2414	1120	n
6923722	2413	1121	n
6923973	2414	1121	n
6934345	2413	1119	n
6934600	2414	1119	n
6934855	2411	1119	n
6935106	2411	1120	n
6935357	2411	1122	n
6935610	2410	1121	n
6946006	2413	1121	n
6946257	2412	1121	n
6946512	2411	1122	n
6946767	2413	1119	n
6947018	2413	1121	n
6947269	2412	1120	n
6947522	2410	1121	n
6957891	2411	1119	n
6958142	2413	1121	n
6958393	2411	1121	n
6958652	2413	1122	n
6958903	2413	1121	n
6959154	2413	1121	n
6969555	2413	1121	n
6969810	2411	1121	n
6970061	2413	1121	n
6970312	2412	1121	n
6970566	2414	1121	n
6970821	2411	1122	n
6971072	2410	1120	n
6981437	2414	1121	n
6981765	2414	1121	n
6982016	2411	1120	n
6982297	2411	1121	n
6982552	2411	1122	n
6982807	2414	1121	n
6993184	2412	1119	n
6993680	2412	1121	n
6993954	2411	1121	n
6994205	2413	1121	n
6994456	2414	1121	n
6994719	2410	1120	n
6994993	2411	1119	n
7005380	2415	1120	Time:00:00:00:00;;
7006086	2413	1122	n
7006359	2411	1121	n
7006615	2412	1119	n
7006870	2411	1122	n
7007130	2413	1122	n
7017590	2414	1121	n
7018071	2413	1120	n
7018322	2411	1120	n
7018584	2414	1120	n
7018862	2413	1121	n
7019113	2413	1121	n
7029530	2413	1122	n
7030018	2413	1120	n
7030292	2411	1120	n
7030549	2412	1121	n
7030804	2412	1119	n
7031064	2410	1119	n
7031337	2413	1121	n
7041743	2413	1119	n
7042220	2411	1120	n
7042481	2411	1121	n
7042759	2411	1121	n
7043010	2412	1119	n
7043261	2411	1120	n
7043524	2411	1121	n
7053947	2413	1121	n
7054424	2411	1122	n
7054680	2413	1121	n
7054931	2413	1122	n
7055213	2414	1121	n
7055464	2415	1121	n
7055719	2414	1120	n
7066135	2410	1120	Time:00:00:00:00;;
7066868	2414	1118	n
7067119	2413	1122	n
7067370	2414	1121	n
7067660	2411	1121	n
7078089	2410	1121	n
7078570	2413	1119	n
7078825	2411	1121	n
7079107	2413	1122	n
7079358	2413	1121	n
7079615	2411	1120	n
7079870	2413	1120	n
7090302	2412	1121	n
7090793	2414	1122	n
7091044	2414	1121	n
7091295	2414	1121	n
7091580	2413	1121	n
7091836	2412	1121	n
7092087	2413	1123	n
7102501	2414	1121	n
7102990	2413	1122	n
7103264	2413	1121	n
7103518	2415	1122	n
7103773	2411	1120	n
7104033	2413	1123	n
7104307	2413	1122	n
7114697	2414	1120	n
7115180	2413	1120	n
7115440	2411	1120	n
7115720	2413	1122	n
7115971	2412	1120	n
7116222	2413	1121	n
7126613	2412	1122	n
7127126	2413	1121	n
7127377	2413	1121	n
7127633	2413	1120	n
7127892	2414	1121	n
7128166	2411	1120	n
7128417	2413	1121	n
7138808	2413	1120	n
7139293	2413	1122	n
7139569	2413	1121	n
7139825	2413	1120	n
7140076	2414	1120	n
7140335	2415	1122	n
7140611	2413	1120	n
7151005	2413	1120	n
7151487	2415	1121	n
7151742	2412	1121	n
7152024	2411	1121	n
7152275	2411	1121	n
7152532	2412	1119	n
7162924	2413	1121	n
7163438	2411	1121	n
7163698	2412	1119	n
7163949	2412	1119	n
7164200	2413	1120	n
7164487	2413	1120	n
7164742	2413	1121	n
7175120	2411	1121	n
7175607	2413	1122	n
7175869	2414	1122	n
7176142	2413	1122	n
7176393	2413	1121	n
7176652	2411	1121	n
7176912	2411	1121	n
7187322	2411	1121	n
7187808	2414	1121	n
7188059	2411	1122	n
7188319	2415	1121	n
7188598	2414	1122	n
7188853	2411	1121	n
7199219	2411	1119	n
7199717	2410	1121	n
7199990	2412	1121	n
7200241	2412	1119	n
7200498	2411	1120	n
7200762	2411	1121	n
7201035	2413	1123	n
7211431	2413	1121	Time:00:00:00:00;;
7212131	2413	1120	n
7212413	2413	1120	n
7212668	2413	1121	n
7212919	2411	1121	n
7213170	2411	1121	n
7223595	2411	1120	n
7223850	2415	1121	n
7224101	2413	1121	n
7224352	2412	1120	n
7224607	2411	1121	n
7224862	2413	1120	n
7235236	2414	1122	n
7235491	2414	1121	n
7235746	2415	1124	n
7235997	2414	1121	n
7236248	2414	1122	n
7236504	2414	1121	n
7236760	2411	1120	n
7247138	2411	1121	n
7247389	2413	1121	n
7247648	2413	1120	n
7247899	2410	1121	n
7248150	2410	1119	n
7248401	2414	1119	n
7258782	2413	1121	n
7259033	2413	1121	n
7259284	2413	1122	n
7259538	2413	1121	n
7259793	2413	1120	n
7260044	2413	1120	n
7260295	2411	1121	n
7270689	2413	1121	n
7270940	2415	1122	n
7271191	2414	1121	n
7271442	2410	1121	n
7271699	2413	1121	n
7271950	2413	1120	n
7282329	2413	1120	n
7282583	2412	1122	n
7282839	2412	1123	n
7283089	2412	1122	n
7283340	2412	1121	n
7283593	2414	1120	n
7283848	2415	1121	n
7294231	2411	1121	n
7294487	2414	1119	n
7294742	2411	1120	n
7294993	2411	1122	n
7295244	2414	1120	n
7295501	2410	1120	n
7305875	2413	1120	n
7306126	2411	1120	n
7306377	2414	1119	n
7306634	2412	1121	n
7306885	2411	1120	n
7307136	2413	1121	n
7307387	2413	1120	n
7317777	2411	1121	n
7318028	2413	1122	n
7318279	2415	1121	n
7318536	2413	1120	n
7318791	2413	1120	n
7319042	2414	1122	n
7329421	2413	1121	n
7329677	2414	1121	n
7329928	2413	1121	n
7330179	2409	1119	n
7330430	2411	1121	n
7330691	2411	1118	n
7330942	2413	1120	n
7341323	2411	1120	n
7341576	2412	1121	n
7341831	2411	1122	n
7342082	2413	1121	n
7342333	2414	1120	n
7342590	2411	1121	n
7352967	2411	1120	n
7353218	2411	1121	n
7353469	2410	1121	n
7353725	2413	1121	n
7353976	2412	1120	n
7354227	2413	1121	n
7354479	2412	1120	n
7364870	2413	1122	n
7365121	2413	1121	n
7365372	2413	1121	n
7365629	2413	1121	n
7365880	2413	1121	n
7366131	2414	1119	n
7376517	2411	1121	n
7376772	2411	1121	n
7377023	2413	1119	n
7377274	2410	1119	n
7377529	2413	1121	n
7377785	2414	1121	n
7378036	2411	1122	n
7388416	2413	1123	n
7388671	2413	1121	n
7388922	2411	1122	n
7389173	2410	1121	n
7389424	2411	1121	n
7389680	2414	1119	n
7400060	2413	1121	n
7400311	2414	1120	n
7400565	2413	1121	n
7400821	2415	1122	n
7401071	2413	1123	n
7401322	2413	1122	n
7401576	2414	1121	n
7411962	2413	1119	n
7412213	2410	1120	n
7412464	2415	1121	n
7412720	2414	1121	n
7412971	2411	1120	n
7413222	2412	1122	n
7423606	2414	1121	n
7423862	2414	1121	n
7424113	2413	1120	n
7424364	2411	1122	n
7424621	2413	1121	n
7424872	2413	1120	n
7425123	2411	1120	n
7435512	2411	1121	n
7435767	2412	1119	n
7436018	2413	1120	n
7436269	2411	1121	n
7436522	2413	1121	n
7436777	2411	1121	n
7447152	2411	1121	n
7447403	2412	1119	n
7447660	2415	1121	n
7447911	2413	1122	n
7448161	2411	1121	n
7448412	2413	1119	n
7448668	2411	1122	n
7459055	2414	1121	n
7459306	2415	1122	n
7459563	2411	1122	n
7459818	2413	1120	n
7460069	2413	1122	n
7460320	2413	1121	n
7470699	2413	1120	n
7470951	2412	1121	n
7471201	2411	1120	n
7471452	2411	1121	n
7471708	2411	1122	n
7471959	2413	1120	n
7472210	2411	1122	n
7482602	2414	1122	n
7482858	2411	1122	n
7483109	2411	1121	n
7483360	2414	1121	n
7483615	2411	1120	n
7483870	2411	1121	n
7494245	2414	1122	n
7494501	2414	1120	n
7494756	2415	1122	n
7495007	2414	1121	n
7495258	2413	1121	n
7495515	2411	1121	n
7495770	2411	1122	n
7506147	2407	1121	n
7506398	2414	1120	n
7506657	2408	1119	n
7506908	2414	1119	n
7507159	2411	1120	n
7507410	2415	1119	n
7517791	2412	1119	n
7518042	2414	1121	n
7518293	2412	1121	n
7518548	2411	1120	n
7518803	2413	1121	n
7519054	2411	1120	n
7519305	2411	1120	n
7529698	2414	1121	n
7529949	2413	1122	n
7530200	2413	1120	n
7530451	2413	1121	n
7530706	2412	1122	n
7530957	2413	1122	n
7541337	2413	1121	n
7541591	2413	1122	n
7541846	2415	1122	n
7542097	2413	1122	n
7542348	2414	1121	n
7542604	2414	1121	n
7542860	2413	1121	n
7553240	2412	1121	n
7553494	2412	1121	n
7553749	2411	1122	n
7554000	2410	1121	n
7554251	2413	1121	n
7554504	2414	1121	n
7564884	2411	1122	n
7565135	2409	1121	n
7565387	2411	1119	n
7565644	2411	1121	n
7565895	2411	1121	n
7566146	2411	1122	n
7566397	2410	1120	n
7576786	2415	1121	n
7577037	2413	1122	n
7577288	2413	1121	n
7577541	2413	1121	n
7577796	2412	1120	n
7578047	2414	1121	n
7588430	2414	1120	n
7588691	2413	1121	n
7588942	2411	1120	n
7589193	2411	1121	n
7589444	2410	1121	n
7589700	2413	1121	n
7589951	2413	1122	n
7600332	2413	1122	n
7600586	2414	1122	n
7600842	2413	1121	n
7601092	2413	1120	n
7601343	2413	1120	n
7601601	2411	1121	n
7611976	2413	1121	n
7612227	2410	1119	n
7612479	2413	1121	n
7612735	2413	1121	n
7612986	2412	1121	n
7613237	2412	1121	n
7613494	2413	1121	n
7623878	2413	1121	n
7624129	2414	1122	n
7624380	2414	1123	n
7624638	2415	1120	n
7624889	2413	1122	n
7625140	2414	1121	n
7635522	2414	1120	n
7635778	2410	1120	n
7636029	2413	1121	n
7636280	2414	1120	n
7636535	2412	1119	n
7636790	2412	1119	n
7637041	2411	1120	n
7647425	2414	1120	n
7647681	2413	1121	n
7647932	2412	1120	n
7648183	2413	1121	n
7648434	2411	1121	n
7648691	2413	1121	n
7659069	2410	1119	n
7659320	2413	1120	n
7659573	2411	1120	n
7659829	2411	1122	n
7660080	2414	1121	n
7660331	2413	1120	n
7660587	2414	1122	n
7670971	2413	1121	n
7671222	2414	1121	n
7671473	2412	1121	n
7671729	2413	1121	n
7671980	2413	1123	n
7672231	2415	1121	n
7682615	2412	1121	n
7682870	2415	1121	n
7683121	2414	1120	n
7683372	2414	1123	n
7683629	2411	1121	n
7683880	2411	1121	n
7684132	2413	1121	n
7694521	2414	1121	n
7694774	2413	1123	n
7695025	2414	1122	n
7695276	2411	1121	n
7695531	2413	1119	n
7695786	2414	1120	n
7706161	2412	1121	n
7706412	2414	1120	n
7706668	2411	1121	n
7706919	2411	1121	n
7707170	2412	1121	n
7707421	2413	1122	n
7707676	2411	1122	n
7718063	2413	1121	n
7718314	2413	1121	n
7718569	2413	1122	n
7718825	2414	1121	n
7719076	2413	1121	n
7719327	2414	1122	n
7729707	2409	1120	n
7729958	2412	1121	n
7730209	2412	1121	n
7730460	2414	1121	n
7730715	2411	1121	n
7730966	2410	1121	n
7731217	2411	1119	n
7741610	2411	1121	n
7741865	2411	1121	n
7742116	2414	1121	n
7742367	2413	1122	n
7742629	2413	1121	n
7742880	2411	1119	n
7753254	2413	1122	n
7753507	2411	1120	n
7753763	2413	1121	n
7754014	2413	1121	n
7754265	2413	1121	n
7754521	2411	1121	n
7754777	2413	1121	n
7765156	2414	1122	n
7765407	2414	1121	n
7765663	2414	1121	n
7765914	2413	1121	n
7766164	2414	1121	n
7766415	2414	1122	n
7776800	2411	1121	n
7777051	2413	1120	n
7777302	2411	1120	n
7777556	2412	1121	n
7777811	2412	1121	n
7778062	2413	1120	n
7778313	2413	1120	n
7788706	2414	1122	n
7788957	2412	1121	n
7789208	2413	1121	n
7789460	2415	1121	n
7789715	2411	1122	n
7789966	2411	1122	n
7800346	2413	1121	n
7800600	2411	1121	n
7800855	2411	1121	n
7801106	2413	1121	n
7801357	2413	1121	n
7801610	2411	1120	n
7801865	2411	1121	n
7812248	2411	1121	n
7812504	2414	1120	n
7812759	2414	1120	n
7813010	2411	1122	n
7813261	2415	1120	n
7813518	2413	1120	n
7823892	2413	1123	n
7824143	2412	1121	n
7824394	2412	1120	n
7824653	2412	1122	n
7824904	2413	1121	n
7825155	2414	1122	n
7825406	2411	1122	n
7835795	2412	1121	n
7836046	2413	1121	n
7836297	2411	1121	n
7836552	2413	1121	n
7836807	2411	1120	n
7837058	2411	1120	n
7847439	2411	1119	n
7847698	2411	1120	n
7847949	2411	1119	n
7848200	2411	1119	n
7848451	2410	1121	n
7848707	2406	1119	n
7848958	2410	1119	n
7859341	2411	1120	n
7859598	2411	1121	n
7859853	2413	1120	n
7860104	2414	1120	n
7860355	2413	1121	n
7860608	2411	1121	n
7870985	2414	1122	n
7871236	2414	1122	n
7871491	2414	1122	n
7871747	2413	1122	n
7871998	2411	1122	n
7872249	2412	1121	n
7872504	2413	1121	n
7882887	2413	1122	n
7883138	2412	1121	n
7883389	2412	1119	n
7883648	2413	1122	n
7883899	2413	1123	n
7884150	2412	1122	n
7894531	2414	1120	n
7894786	2414	1119	n
7895037	2414	1120	n
7895288	2413	1121	n
7895541	2413	1121	n
7895796	2413	1120	n
7896047	2413	1119	n
7906433	2411	1119	n
7906690	2411	1121	n
7906941	2411	1120	n
7907193	2413	1120	n
7907443	2410	1121	n
7907699	2413	1121	n
7918077	2411	1121	n
7918328	2413	1120	n
7918583	2412	1121	n
7918838	2411	1119	n
7919089	2410	1120	n
7919340	2411	1119	n
7919593	2411	1120	n
7929980	2413	1120	n
7930231	2413	1121	n
7930487	2413	1123	n
7930742	2412	1121	n
7930993	2414	1121	n
7931244	2413	1120	n
7941629	2411	1122	n
7941880	2413	1121	n
7942131	2411	1121	n
7942382	2412	1121	n
7942639	2412	1121	n
7942890	2411	1120	n
7943141	2411	1121	n
7953531	2414	1122	n
7953786	2414	1121	n
7954037	2413	1121	n
7954288	2411	1121	n
7954541	2411	1121	n
7954796	2415	1120	n
7965170	2411	1120	n
7965421	2413	1121	n
7965677	2412	1120	n
7965928	2411	1121	n
7966179	2411	1121	n
7966430	2413	1120	n
7966686	2412	1121	n
7977072	2413	1122	n
7977323	2414	1122	n
7977576	2413	1121	n
7977831	2412	1121	n
7978082	2411	1119	n
7978333	2411	1121	n
7988716	2414	1120	n
7989192	2412	1121	n
7989452	2411	1121	n
7989730	2411	1120	n
7989981	2412	1121	n
7990232	2411	1121	n
7990498	2412	1121	n
8000929	2413	1122	n
8001405	2411	1120	n
8001661	2414	1122	n
8001921	2413	1122	n
8002194	2412	1121	n
8002445	2411	1122	n
8002701	2413	1121	n
8013073	2413	1120	Time:00:00:00:00;;
8013803	2413	1121	n
8014054	2412	1121	n
8014305	2411	1121	n
8014589	2412	1121	n
8014844	2411	1120	n
8025235	2414	1122	n
8025719	2411	1121	n
8026001	2412	1121	n
8026252	2411	1120	n
8026505	2411	1121	n
8026760	2413	1121	n
8037207	2410	1122	n
8037700	2410	1120	n
8037951	2411	1121	n
8038202	2411	1120	n
8038487	2413	1121	n
8038742	2411	1119	n
8038993	2411	1120	n
8049350	2414	1121	n
8049846	2411	1121	n
8050121	2411	1121	n
8050372	2411	1122	n
8050629	2411	1119	n
8050889	2411	1122	n
8051162	2413	1120	n
8061549	2411	1120	Time:00:00:00:00;;
8062254	2413	1119	n
8062532	2411	1119	n
8062786	2411	1120	n
8063037	2410	1121	n
8063297	2410	1120	n
8073720	2413	1120	n
8074197	2413	1120	n
8074448	2412	1121	n
8074704	2412	1121	n
8074986	2413	1121	n
8075237	2413	1120	n
8085631	2411	1120	n
8086108	2411	1119	n
8086390	2412	1120	n
8086648	2411	1120	n
8086899	2411	1119	n
8087150	2410	1120	n
8087432	2411	1121	n
8097822	2413	1121	n
8098299	2414	1121	n
8098555	2413	1120	n
8098819	2413	1121	n
8099092	2412	1121	n
8099343	2412	1121	n
8099598	2413	1121	n
8110018	2413	1122	n
8110535	2412	1120	n
8110790	2411	1121	n
8111041	2413	1120	n
8111301	2413	1121	n
8111581	2413	1120	n
8121990	2413	1122	n
8122467	2415	1122	n
8122731	2411	1120	n
8123005	2414	1120	n
8123256	2411	1121	n
8123512	2410	1120	n
8123777	2413	1121	n
8134203	2411	1120	n
8134687	2411	1121	n
8134938	2412	1121	n
8135198	2409	1120	n
8135471	2412	1119	n
8135729	2411	1119	n
8135980	2411	1121	n
8146416	2413	1122	n
8146929	2413	1120	n
8147180	2414	1120	n
8147431	2413	1120	n
8147700	2411	1122	n
8147973	2413	1121	n
8158370	2415	1121	n
8158861	2413	1122	n
8159120	2414	1122	n
8159394	2415	1121	n
8159653	2414	1122	n
8159904	2415	1120	n
8160163	2413	1120	n
8170588	2411	1121	n
8171071	2411	1122	n
8171322	2413	1121	n
8171584	2413	1121	n
8171868	2413	1121	n
8172119	2413	1121	n
8172370	2411	1121	n
8182778	2411	1120	n
8183286	2413	1121	n
8183539	2413	1119	n
8183794	2412	1120	n
8184053	2409	1120	n
8184329	2409	1120	n
8184583	2411	1120	n
8194975	2414	1122	n
8195456	2413	1122	n
8195742	2413	1121	n
8195993	2413	1121	n
8196244	2412	1121	n
8196501	2413	1121	n
8206894	2413	1121	n
8207380	2413	1121	n
8207638	2413	1120	n
8207889	2414	1121	n
8208171	2413	1122	n
8208422	2413	1121	n
8208677	2414	1121	n
8219090	2411	1120	Time:00:00:00:00;;
8219656	2412	1120	n
8219906	2413	1121	n
8220157	2412	1120	n
8220408	2412	1119	n
8220664	2411	1121	n
8231027	2413	1121	n
8231278	2411	1121	n
8231532	2413	1120	n
8231787	2411	1119	n
8232038	2411	1120	n
8232289	2410	1120	n
8242692	2414	1121	n
8242943	2411	1121	n
8243194	2413	1120	n
8243445	2413	1122	n
8243701	2412	1121	n
8243952	2412	1122	n
8244203	2413	1122	n
8254575	2411	1121	n
8254830	2411	1121	n
8255081	2414	1119	n
8255332	2413	1121	n
8255587	2410	1121	n
8255842	2413	1120	n
8266234	2412	1120	n
8266487	2414	1120	n
8266742	2411	1120	n
8266993	2411	1119	n
8267244	2411	1119	n
8267501	2414	1121	n
8267756	2413	1120	n
8278120	2415	1121	n
8278371	2414	1119	n
8278628	2413	1121	n
8278879	2413	1120	n
8279130	2413	1121	n
8279381	2411	1121	n
8289781	2413	1121	n
8290032	2413	1120	n
8290282	2413	1123	n
8290538	2413	1122	n
8290793	2414	1121	n
8291044	2414	1121	n
8291295	2413	1121	n
8301670	2416	1121	n
8301921	2410	1120	n
8302172	2408	1122	n
8302423	2413	1120	n
8302679	2411	1120	n
8302930	2412	1120	n
8313327	2414	1122	n
8313583	2414	1122	n
8313838	2413	1122	n
8314089	2413	1121	n
8314340	2412	1121	n
8314593	2414	1121	n
8314848	2411	1121	n
8325212	2412	1121	n
8325463	2415	1122	n
8325718	2413	1122	n
8325969	2413	1121	n
8326220	2415	1121	n
8326471	2413	1122	n
8336873	2412	1120	n
8337124	2414	1121	n
8337375	2413	1121	n
8337632	2413	1121	n
8337883	2413	1121	n
8338134	2413	1120	n
8338385	2414	1121	n
8348762	2413	1120	n
8349013	2413	1123	n
8349264	2413	1120	n
8349518	2411	1120	n
8349774	2411	1120	n
8350025	2413	1121	n
8360419	2413	1122	n
8360674	2412	1121	n
8360925	2414	1121	n
8361176	2413	1121	n
8361427	2411	1121	n
8361683	2414	1121	n
8361934	2411	1121	n
8372305	2411	1120	n
8372558	2414	1121	n
8372813	2413	1121	n
8373064	2413	1120	n
8373315	2414	1120	n
8373569	2413	1123	n
8383966	2413	1122	n
8384217	2412	1121	n
8384468	2414	1121	n
8384723	2413	1120	n
8384974	2414	1121	n
8385225	2412	1122	n
8385477	2412	1123	n
8395851	2411	1121	n
8396102	2414	1122	n
8396353	2413	1121	n
8396607	2413	1121	n
8396862	2413	1122	n
8397113	2410	1121	n
8407515	2413	1122	n
8407770	2411	1120	n
8408021	2410	1121	n
8408272	2407	1121	n
8408529	2413	1121	n
8408785	2412	1120	n
8409036	2413	1121	n
8419397	2412	1121	n
8419657	2413	1120	n
8419908	2413	1121	n
8420159	2411	1123	n
8420410	2414	1119	n
8420665	2414	1122	n
8431058	2414	1122	n
8431309	2414	1122	n
8431563	2414	1121	n
8431818	2414	1122	n
8432069	2414	1121	n
8432320	2413	1121	n
8432573	2416	1121	n
8442943	2412	1121	n
8443194	2413	1121	n
8443444	2413	1120	n
8443700	2413	1121	n
8443951	2413	1121	n
8444202	2412	1121	n
8454604	2411	1121	n
8454859	2412	1121	n
8455110	2412	1120	n
8455361	2413	1122	n
8455621	2413	1120	n
8455872	2411	1120	n
8456123	2414	1122	n
8466494	2413	1120	n
8466750	2415	1121	n
8467001	2411	1121	n
8467252	2413	1122	n
8467505	2412	1119	n
8467760	2414	1122	n
8478151	2413	1121	n
8478402	2414	1121	n
8478658	2413	1122	n
8478909	2413	1119	n
8479160	2413	1121	n
8479411	2411	1120	n
8479666	2411	1121	n
8490036	2412	1119	n
8490287	2411	1121	n
8490540	2413	1121	n
8490795	2412	1120	n
8491046	2411	1121	n
8491297	2413	1121	n
8501700	2411	1120	n
8501951	2411	1120	n
8502202	2414	1121	n
8502453	2413	1122	n
8502708	2414	1122	n
8502959	2412	1121	n
8503210	2413	1121	n
8513587	2413	1121	n
8513842	2413	1122	n
8514093	2411	1121	n
8514344	2413	1122	n
8514600	2414	1121	n
8514855	2413	1121	n
8525243	2413	1122	n
8525498	2412	1121	n
8525753	2412	1121	n
8526004	2411	1122	n
8526255	2411	1120	n
8526512	2411	1120	n
8526768	2414	1121	n
8537128	2413	1121	n
8537379	2411	1120	n
8537639	2410	1120	n
8537890	2415	1121	n
8538140	2413	1122	n
8538391	2412	1121	n
8548789	2413	1121	n
8549040	2414	1122	n
8549290	2413	1121	n
8549546	2414	1121	n
8549801	2413	1119	n
8550052	2414	1120	n
8550303	2411	1120	n
8560679	2415	1122	n
8560930	2414	1122	n
8561181	2413	1122	n
8561432	2413	1120	n
8561690	2414	1120	n
8561941	2415	1122	n
8572336	2414	1120	n
8572589	2412	1119	n
8572844	2411	1121	n
8573095	2413	1121	n
8573346	2411	1121	n
8573601	2413	1121	n
8573856	2411	1121	n
8584221	2413	1122	n
8584472	2412	1121	n
8584728	2414	1122	n
8584979	2411	1121	n
8585230	2412	1120	n
8585487	2411	1120	n
8595882	2410	1120	n
8596133	2413	1121	n
8596384	2414	1122	n
8596644	2415	1122	n
8596895	2414	1121	n
8597146	2413	1120	n
8597397	2414	1120	n
8607770	2413	1121	n
8608021	2413	1120	n
8608273	2414	1122	n
8608530	2412	1121	n
8608785	2414	1121	n
8609036	2413	1122	n
8619428	2412	1121	n
8619684	2411	1122	n
8619935	2412	1119	n
8620186	2411	1122	n
8620437	2414	1121	n
8620698	2411	1120	n
8620949	2412	1121	n
8631313	2413	1119	n
8631570	2413	1122	n
8631825	2411	1121	n
8632076	2412	1121	n
8632327	2413	1122	n
8632584	2414	1122	n
8642974	2414	1122	n
8643224	2414	1123	n
8643476	2413	1121	n
8643733	2413	1121	n
8643984	2414	1121	n
8644235	2414	1121	n
8644491	2414	1121	n
8654860	2411	1120	n
8655111	2413	1120	n
8655362	2414	1121	n
8655621	2413	1121	n
8655872	2415	1121	n
8656123	2414	1120	n
8666523	2412	1121	n
8666778	2413	1121	n
8667029	2413	1121	n
8667280	2414	1121	n
8667535	2412	1121	n
8667790	2413	1121	n
8668041	2415	1121	n
8678406	2413	1120	n
8678661	2413	1120	n
8678912	2413	1122	n
8679163	2413	1121	n
8679414	2414	1121	n
8679670	2412	1122	n
8690067	2413	1121	n
8690318	2413	1123	n
8690572	2414	1121	n
8690827	2414	1122	n
8691078	2414	1123	n
8691329	2414	1123	n
8691584	2414	1121	n
8701952	2413	1119	n
8702203	2416	1121	n
8702453	2413	1120	n
8702708	2412	1121	n
8702959	2413	1121	n
8703210	2414	1121	n
8713613	2414	1121	n
8713868	2413	1123	n
8714119	2414	1122	n
8714370	2411	1122	n
8714628	2414	1121	n
8714879	2413	1122	n
8715130	2413	1122	n
8725501	2412	1121	n
8725756	2411	1120	n
8726007	2412	1121	n
8726258	2413	1120	n
8726515	2415	1123	n
8726770	2414	1121	n
8737159	2414	1121	n
8737410	2414	1120	n
8737665	2414	1122	n
8737916	2411	1121	n
8738167	2413	1122	n
8738418	2415	1123	n
8738674	2414	1122	n
8749045	2413	1121	n
8749296	2411	1122	n
8749552	2411	1120	n
8749808	2413	1122	n
8750058	2414	1121	n
8750309	2413	1119	n
8760708	2415	1123	n
8760959	2415	1121	n
8761210	2411	1121	n
8761461	2415	1120	n
8761716	2415	1121	n
8761967	2413	1121	n
8762218	2413	1121	n
8772592	2413	1121	n
8772848	2414	1121	n
8773099	2413	1120	n
8773350	2411	1122	n
8773604	2413	1121	n
8773859	2413	1122	n
8784252	2413	1121	n
8784505	2413	1121	n
8784760	2414	1122	n
8785011	2414	1120	n
8785262	2414	1123	n
8785519	2413	1121	n
8785773	2413	1120	n
8796137	2414	1121	n
8796388	2413	1121	n
8796648	2413	1121	n
8796899	2411	1120	n
8797150	2412	1122	n
8797401	2413	1121	n
8807798	2414	1121	n
8808048	2413	1123	n
8808299	2415	1121	n
8808555	2414	1121	n
8808810	2414	1120	n
8809061	2412	1121	n
8809312	2415	1122	n
8819687	2413	1123	n
8819938	2415	1121	n
8820189	2413	1123	n
8820440	2413	1121	n
8820698	2415	1121	n
8820949	2413	1121	n
8831344	2407	1121	n
8831600	2411	1122	n
8831855	2410	1121	n
8832107	2409	1121	n
8832358	2414	1121	n
8832610	2413	1121	n
8832865	2411	1120	n
8843230	2411	1121	n
8843482	2411	1121	n
8843737	2411	1121	n
8843988	2411	1121	n
8844239	2413	1121	n
8844494	2412	1121	n
8854891	2413	1121	n
8855142	2414	1121	n
8855393	2413	1121	n
8855652	2415	1123	n
8855902	2414	1121	n
8856153	2414	1122	n
8856404	2413	1122	n
8866778	2415	1121	n
8867029	2413	1122	n
8867280	2413	1121	n
8867535	2414	1120	n
8867790	2413	1120	n
8868041	2415	1121	n
8878437	2411	1121	n
8878698	2413	1121	n
8878948	2412	1121	n
8879200	2412	1120	n
8879451	2409	1122	n
8879706	2411	1121	n
8879957	2410	1120	n
8890322	2412	1121	n
8890575	2411	1120	n
8890830	2413	1121	n
8891081	2413	1121	n
8891332	2412	1121	n
8891587	2413	1122	n
8901983	2414	1121	n
8902234	2413	1121	n
8902487	2414	1121	n
8902742	2412	1122	n
8902993	2414	1120	n
8903244	2414	1121	n
8903499	2411	1121	n
8913868	2413	1121	n
8914119	2414	1122	n
8914370	2413	1121	n
8914628	2411	1120	n
8914879	2413	1120	n
8915130	2413	1122	n
8925532	2414	1119	n
8925787	2414	1122	n
8926038	2413	1121	n
8926289	2415	1122	n
8926542	2411	1122	n
8926797	2411	1119	n
8927048	2414	1123	n
8937415	2412	1121	n
8937670	2413	1121	n
8937921	2413	1121	n
8938172	2411	1120	n
8938423	2411	1122	n
8938678	2411	1119	n
8949076	2413	1121	n
8949327	2412	1121	n
8949583	2413	1122	n
8949838	2413	1123	n
8950089	2414	1122	n
8950340	2412	1120	n
8950593	2413	1122	n
8960961	2415	1122	n
8961212	2415	1122	n
8961463	2416	1121	n
8961718	2414	1122	n
8961969	2413	1121	n
8962220	2413	1122	n
8972626	2411	1119	n
8972877	2413	1121	n
8973128	2414	1121	n
8973379	2414	1121	n
8973639	2414	1120	n
8973890	2412	1120	n
8974141	2413	1121	n
8984513	2413	1120	n
8984902	2413	1122	n
8985153	2413	1122	n
8985436	2411	1119	n
8985693	2413	1122	n
8985944	2411	1122	n
8996341	2414	1120	n
8996857	2414	1122	n
8997108	2413	1121	n
8997359	2414	1122	n
8997615	2413	1121	n
8997901	2413	1121	n
8998152	2413	1122	n
9008538	2413	1120	Time:00:00:00:00;;
9009240	2409	1121	n
9009518	2410	1121	n
9009773	2413	1120	n
9010024	2411	1121	n
9010284	2413	1122	n
9020710	2414	1120	n
9021187	2414	1120	n
9021438	2411	1121	n
9021706	2412	1121	n
9021980	2413	1121	n
9022231	2411	1121	n
9022487	2415	1122	n
9032893	2411	1122	n
9033399	2413	1120	n
9033657	2414	1121	n
9033908	2413	1122	n
9034168	2410	1122	n
9034441	2411	1120	n
9044813	2413	1122	n
9045290	2416	1122	n
9045546	2414	1122	n
9045832	2413	1121	n
9046083	2413	1120	n
9046334	2413	1122	n
9046590	2413	1122	n
9057008	2411	1121	n
9057498	2411	1121	n
9057754	2410	1120	n
9058004	2411	1121	n
9058286	2413	1121	n
9058539	2411	1120	n
9058794	2414	1120	n
9069205	2412	1121	Time:00:00:00:00;;
9069936	2413	1120	n
9070187	2410	1120	n
9070438	2410	1120	n
9070707	2411	1120	n
9070981	2413	1123	n
9081366	2414	1120	n
9081852	2411	1121	n
9082111	2414	1122	n
9082385	2415	1121	n
9082644	2415	1121	n
9082895	2414	1123	n
9093286	2411	1122	n
9093803	2413	1120	n
9094054	2410	1119	n
9094305	2411	1120	n
9094567	2412	1121	n
9094845	2414	1121	n
9095095	2411	1120	n
9105487	2411	1120	n
9105977	2409	1120	n
9106257	2413	1120	n
9106512	2413	1120	n
9106768	2411	1119	n
9107028	2413	1121	n
9107301	2411	1121	n
9117681	2411	1122	n
9118157	2414	1121	n
9118408	2413	1120	n
9118694	2413	1122	n
9118945	2412	1121	n
9119196	2411	1121	n
9129597	2414	1121	n
9130109	2415	1120	n
9130360	2414	1120	n
9130615	2414	1121	n
9130870	2413	1119	n
9131152	2411	1121	n
9131403	2413	1121	n
9141792	2413	1120	n
9142267	2413	1120	n
9142532	2413	1120	n
9142809	2411	1120	n
9143060	2411	1120	n
9143311	2412	1122	n
9143573	2411	1120	n
9153996	2411	1119	n
9154479	2413	1122	n
9154735	2413	1120	n
9154995	2412	1120	n
9155268	2412	1121	n
9155521	2413	1121	n
9165908	2413	1121	n
9166395	2414	1121	n
9166676	2411	1120	n
9166927	2415	1121	n
9167178	2413	1121	n
9167437	2411	1121	n
9167720	2414	1120	n
9178103	2413	1122	n
9178590	2415	1122	n
9178854	2413	1121	n
9179127	2415	1122	n
9179378	2416	1121	n
9179639	2414	1121	n
9179899	2413	1121	n
9190308	2413	1120	n
9190800	2412	1120	n
9191051	2413	1119	n
9191302	2414	1122	n
9191590	2411	1119	n
9191845	2412	1121	n
9202202	2412	1122	n
9202689	2413	1120	n
9202971	2412	1121	n
9203222	2411	1120	n
9203473	2412	1121	n
9203729	2412	1121	n
9204011	2413	1121	n
9214415	2413	1121	Time:00:00:00:00;;
9215065	2414	1121	n
9215316	2413	1121	n
9215573	2413	1121	n
9215828	2413	1120	n
9216079	2413	1121	n
9226493	2414	1120	n
9226749	2415	1122	n
9227000	2413	1121	n
9227251	2414	1121	n
9227504	2412	1121	n
9227759	2411	1120	n
9238152	2411	1120	n
9238402	2412	1121	n
9238659	2413	1121	n
9238910	2411	1120	n
9239161	2411	1120	n
9239412	2411	1120	n
9239667	2411	1120	n
9250036	2413	1121	n
9250287	2413	1120	n
9250540	2411	1119	n
9250795	2412	1120	n
9251046	2411	1120	n
9251297	2411	1120	n
9261698	2414	1121	n
9261948	2413	1122	n
9262199	2414	1120	n
9262450	2411	1121	n
9262705	2411	1120	n
9262956	2411	1119	n
9263207	2411	1121	n
9273586	2411	1121	n
9273841	2412	1121	n
9274092	2411	1120	n
9274343	2411	1122	n
9274598	2413	1119	n
9274853	2413	1122	n
9285244	2413	1121	n
9285498	2414	1120	n
9285753	2411	1119	n
9286004	2413	1121	n
9286255	2413	1120	n
9286512	2413	1120	n
9286768	2413	1120	n
9297128	2413	1121	n
9297379	2413	1121	n
9297639	2414	1120	n
9297890	2412	1121	n
9298141	2413	1121	n
9298392	2411	1122	n
9308790	2414	1120	n
9309040	2414	1121	n
9309291	2411	1122	n
9309546	2411	1120	n
9309801	2415	1121	n
9310052	2411	1120	n
9310303	2414	1122	n
9320680	2411	1121	n
9320931	2411	1120	n
9321182	2413	1120	n
9321432	2413	1121	n
9321691	2412	1119	n
9321942	2412	1121	n
9332337	2411	1121	n
9332590	2414	1120	n
9332845	2412	1121	n
9333096	2415	1120	n
9333347	2411	1121	n
9333601	2411	1120	n
9333856	2413	1121	n
9344221	2411	1123	n
9344472	2413	1121	n
9344728	2414	1122	n
9344979	2414	1122	n
9345230	2413	1122	n
9345487	2412	1121	n
9355883	2414	1121	n
9356133	2414	1121	n
9356384	2414	1122	n
9356644	2413	1121	n
9356895	2414	1121	n
9357146	2414	1122	n
9357397	2414	1121	n
9367767	2411	1121	n
9368018	2413	1121	n
9368269	2411	1120	n
9368522	2413	1120	n
9368777	2412	1120	n
9369028	2411	1120	n
9379429	2415	1121	n
9379685	2414	1121	n
9379936	2413	1121	n
9380187	2411	1121	n
9380438	2411	1120	n
9380698	2412	1121	n
9380949	2414	1121	n
9391313	2413	1122	n
9391570	2414	1122	n
9391826	2413	1122	n
9392077	2413	1121	n
9392328	2413	1121	n
9392583	2414	1122	n
9402975	2414	1122	n
9403226	2413	1121	n
9403477	2413	1121	n
9403734	2415	1121	n
9403985	2414	1122	n
9404236	2413	1122	n
9404491	2414	1122	n
9414860	2411	1120	n
9415111	2412	1120	n
9415362	2413	1121	n
9415621	2413	1121	n
9415872	2413	1121	n
9416123	2411	1122	n
9426524	2412	1121	n
9426779	2411	1120	n
9427030	2412	1121	n
9427281	2412	1121	n
9427535	2411	1121	n
9427790	2413	1121	n
9428041	2413	1121	n
9438406	2414	1119	n
9438662	2413	1121	n
9438913	2413	1121	n
9439164	2413	1122	n
9439415	2414	1123	n
9439670	2413	1122	n
9450068	2415	1122	n
9450319	2413	1122	n
9450572	2413	1120	n
9450827	2410	1119	n
9451078	2414	1121	n
9451329	2413	1120	n
9451584	2414	1121	n
9461952	2413	1121	n
9462203	2413	1121	n
9462454	2413	1122	n
9462710	2412	1122	n
9462961	2413	1121	n
9463212	2413	1122	n
9473614	2412	1122	n
9473869	2412	1121	n
9474120	2412	1122	n
9474371	2413	1122	n
9474628	2413	1121	n
9474879	2413	1121	n
9475130	2413	1120	n
9485504	2413	1122	n
9485759	2415	1123	n
9486010	2415	1123	n
9486261	2415	1122	n
9486518	2414	1121	n
9486774	2414	1121	n
9497160	2413	1121	n
9497410	2413	1121	n
9497666	2413	1121	n
9497917	2414	1121	n
9498168	2411	1121	n
9498419	2413	1122	n
9498674	2413	1120	n
9509045	2413	1120	n
9509296	2411	1120	n
9509553	2414	1121	n
9509808	2411	1122	n
9510059	2412	1122	n
9510310	2411	1121	n
9520707	2414	1121	n
9520957	2412	1121	n
9521208	2412	1121	n
9521459	2415	1122	n
9521715	2413	1120	n
9521966	2413	1121	n
9522217	2413	1122	n
9532594	2412	1120	n
9532849	2414	1121	n
9533100	2413	1122	n
9533351	2413	1121	n
9533608	2414	1121	n
9533863	2414	1121	n
9544253	2413	1122	n
9544506	2414	1122	n
9544761	2411	1120	n
9545012	2414	1121	n
9545263	2413	1122	n
9545518	2413	1122	n
9545773	2414	1120	n
9556137	2411	1120	n
9556388	2413	1121	n
9556648	2411	1121	n
9556899	2412	1121	n
9557150	2412	1120	n
9557401	2413	1120	n
9567799	2415	1120	n
9568050	2413	1120	n
9568300	2414	1121	n
9568555	2413	1122	n
9568810	2413	1120	n
9569061	2411	1122	n
9569312	2413	1122	n
9579687	2412	1121	n
9579938	2413	1121	n
9580189	2410	1121	n
9580440	2411	1120	n
9580698	2413	1120	n
9580949	2411	1122	n
9591345	2414	1121	n
9591600	2414	1121	n
9591855	2413	1122	n
9592106	2414	1121	n
9592357	2413	1122	n
9592610	2414	1122	n
9592866	2413	1122	n
9603230	2413	1120	n
9603487	2412	1120	n
9603742	2413	1120	n
9603993	2411	1121	n
9604244	2414	1120	n
9604501	2411	1121	n
9614892	2413	1122	n
9615142	2413	1122	n
9615393	2414	1120	n
9615652	2413	1121	n
9615903	2414	1121	n
9616154	2414	1122	n
9616405	2413	1122	n
9626776	2410	1122	n
9627027	2415	1122	n
9627278	2413	1121	n
9627535	2414	1122	n
9627790	2414	1120	n
9628041	2413	1120	n
9638438	2411	1121	n
9638698	2413	1121	n
9638949	2414	1119	n
9639200	2413	1120	n
9639451	2410	1121	n
9639706	2413	1120	n
9639957	2414	1123	n
9650322	2414	1122	n
9650575	2414	1122	n
9650830	2414	1122	n
9651082	2414	1122	n
9651333	2414	1121	n
9651590	2414	1122	n
9661984	2414	1123	n
9662234	2415	1122	n
9662491	2414	1122	n
9662746	2412	1121	n
9662997	2415	1123	n
9663248	2411	1122	n
9663504	2414	1121	n
9673868	2414	1120	n
9674119	2412	1121	n
9674370	2413	1121	n
9674628	2413	1121	n
9674879	2413	1120	n
9675130	2412	1121	n
9685535	2413	1119	n
9685790	2413	1121	n
9686041	2414	1120	n
9686292	2414	1120	n
9686549	2414	1122	n
9686804	2413	1122	n
9687055	2413	1121	n
9697415	2413	1122	n
9697670	2414	1122	n
9697921	2413	1122	n
9698172	2413	1121	n
9698423	2412	1123	n
9698679	2413	1122	n
9709077	2415	1121	n
9709327	2414	1122	n
9709584	2413	1120	n
9709839	2412	1123	n
9710090	2414	1121	n
9710341	2413	1122	n
9710598	2415	1122	n
9720961	2413	1121	n
9721212	2411	1120	n
9721463	2414	1120	n
9721719	2413	1121	n
9721970	2412	1120	n
9722221	2413	1121	n
9732627	2412	1120	n
9732878	2414	1121	n
9733129	2414	1122	n
9733380	2413	1121	n
9733638	2413	1120	n
9733889	2413	1121	n
9734140	2413	1121	n
9744512	2414	1122	n
9744767	2413	1121	n
9745018	2411	1121	n
9745269	2414	1122	n
9745522	2415	1121	n
9745777	2414	1122	n
9756169	2414	1121	n
9756419	2413	1123	n
9756675	2413	1121	n
9756926	2412	1122	n
9757177	2414	1121	n
9757428	2409	1122	n
9757684	2413	1119	n
9768053	2411	1120	n
9768304	2413	1120	n
9768557	2413	1120	n
9768812	2414	1120	n
9769063	2411	1120	n
9769314	2413	1120	n
9779715	2411	1121	n
9779966	2413	1121	n
9780217	2413	1120	n
9780468	2414	1121	n
9780723	2411	1120	n
9780974	2415	1120	n
9781225	2411	1121	n
9791603	2413	1121	n
9791858	2413	1121	n
9792109	2413	1122	n
9792360	2413	1121	n
9792615	2413	1121	n
9792870	2415	1121	n
9803262	2411	1120	n
9803518	2411	1122	n
9803773	2411	1119	n
9804024	2410	1121	n
9804275	2413	1120	n
9804532	2413	1120	n
9804787	2412	1121	n
9815146	2411	1120	n
9815397	2413	1120	n
9815657	2411	1122	n
9815908	2410	1121	n
9816159	2412	1120	n
9816410	2413	1119	n
9826808	2413	1121	n
9827059	2414	1120	n
9827310	2415	1122	n
9827566	2412	1121	n
9827821	2414	1122	n
9828072	2412	1121	n
9828323	2411	1121	n
9838697	2413	1123	n
9838948	2415	1122	n
9839199	2414	1121	n
9839449	2411	1122	n
9839705	2414	1122	n
9839956	2415	1120	n
9850354	2413	1120	n
9850607	2413	1120	n
9850862	2412	1121	n
9851113	2415	1120	n
9851364	2414	1122	n
9851626	2413	1121	n
9851877	2411	1120	n
9862238	2415	1121	n
9862494	2414	1121	n
9862749	2413	1121	n
9863000	2413	1121	n
9863251	2412	1122	n
9863504	2411	1121	n
9873900	2414	1123	n
9874151	2413	1121	n
9874402	2414	1119	n
9874658	2414	1122	n
9874909	2415	1121	n
9875160	2415	1122	n
9875411	2414	1121	n
9885785	2414	1121	n
9886036	2415	1121	n
9886287	2413	1121	n
9886540	2414	1119	n
9886795	2413	1121	n
9887046	2414	1122	n
9897447	2410	1119	n
9897702	2413	1121	n
9897953	2413	1122	n
9898204	2411	1121	n
9898455	2412	1121	n
9898710	2410	1120	n
9898961	2413	1121	n
9909331	2411	1121	n
9909586	2413	1120	n
9909841	2412	1121	n
9910092	2413	1121	n
9910343	2414	1121	n
9910598	2412	1121	n
9920993	2414	1121	n
9921244	2414	1121	n
9921498	2411	1122	n
9921754	2410	1122	n
9922005	2412	1120	n
9922256	2411	1122	n
9922513	2414	1121	n
9932877	2414	1121	n
9933128	2412	1122	n
9933379	2414	1121	n
9933639	2414	1121	n
9933889	2413	1120	n
9934140	2415	1121	n
9944539	2413	1121	n
9944794	2413	1121	n
9945045	2412	1120	n
9945296	2413	1119	n
9945553	2411	1120	n
9945808	2410	1120	n
9946059	2414	1122	n
9956423	2411	1123	n
9956679	2411	1122	n
9956930	2413	1119	n
9957181	2413	1122	n
9957432	2412	1121	n
9957691	2415	1122	n
9968085	2414	1122	n
9968336	2411	1121	n
9968589	2413	1121	n
9968844	2413	1120	n
9969095	2413	1120	n
9969346	2414	1121	n
9969600	2414	1121	n
9979970	2410	1120	n
9980274	2413	1121	n
9980529	2411	1120	n
9980785	2412	1121	n
9981044	2411	1120	n
9981318	2412	1120	n
9991700	2412	1121	n
9992177	2416	1120	n
9992428	2413	1122	n
9992716	2413	1123	n
9992967	2413	1121	n
9993218	2412	1120	n
9993469	2411	1119	n
10003913	2414	1122	Time:00:00:00:00;;
10004616	2413	1123	n
10004871	2412	1121	n
10005130	2411	1121	n
10005403	2414	1120	n
10005660	2413	1122	n
10016057	2414	1121	n
10016546	2413	1121	n
10016824	2412	1120	n
10017075	2412	1121	n
10017326	2411	1119	n
10017590	2412	1122	n
10028011	2414	1122	n
10028491	2413	1121	n
10028746	2413	1120	n
10029006	2413	1120	n
10029280	2413	1121	n
10029535	2411	1121	n
10039932	2413	1120	n
10040417	2412	1121	n
10040696	2412	1121	n
10040947	2413	1119	n
10041198	2410	1120	n
10041458	2414	1121	n
10041736	2412	1120	n
10052110	2413	1122	n
10052591	2413	1121	n
10052846	2413	1121	n
10053128	2412	1122	n
10053379	2414	1121	n
10053639	2412	1120	n
10064063	2412	1121	Time:00:00:00:00;;
10064794	2413	1120	n
10065045	2413	1121	n
10065297	2413	1122	n
10065583	2412	1120	n
10065838	2413	1120	n
10076260	2413	1122	n
10076746	2411	1120	n
10077028	2413	1119	n
10077279	2411	1121	n
10077535	2411	1120	n
10077790	2411	1118	n
10088213	2414	1120	n
10088704	2413	1121	n
10088955	2412	1121	n
10089207	2413	1122	n
10089494	2413	1121	n
10089750	2411	1121	n
10100151	2413	1122	n
10100634	2413	1122	n
10100894	2412	1121	n
10101167	2412	1121	n
10101418	2410	1122	n
10101674	2413	1121	n
10101934	2411	1120	n
10112320	2410	1121	n
10112812	2412	1118	n
10113063	2411	1119	n
10113323	2413	1120	n
10113600	2411	1120	n
10113856	2411	1120	n
10124266	2413	1119	n
10124760	2413	1119	n
10125033	2411	1120	n
10125284	2410	1121	n
10125538	2411	1119	n
10125802	2413	1119	n
10136212	2411	1119	n
10136698	2413	1120	n
10136949	2412	1122	n
10137209	2411	1121	n
10137487	2413	1122	n
10137743	2412	1120	n
10137994	2413	1121	n
10148365	2412	1120	n
10148883	2411	1120	n
10149135	2413	1121	n
10149386	2413	1122	n
10149644	2414	1121	n
10149926	2413	1121	n
10160318	2411	1122	n
10160807	2413	1120	n
10161058	2411	1121	n
10161341	2411	1120	n
10161598	2411	1121	n
10161853	2411	1120	n
10172256	2411	1120	n
10172779	2413	1122	n
10173030	2413	1122	n
10173281	2413	1120	n
10173538	2411	1121	n
10173823	2412	1121	n
10174074	2411	1122	n
10184505	2411	1120	n
10184988	2413	1120	n
10185270	2413	1120	n
10185523	2411	1121	n
10185778	2412	1121	n
10186029	2414	1119	n
10196457	2416	1121	n
10196951	2413	1121	n
10197202	2412	1120	n
10197454	2412	1121	n
10197718	2413	1121	n
10197991	2414	1122	n
10208378	2413	1120	n
10208863	2411	1119	n
10209122	2413	1122	n
10209396	2413	1121	n
10209657	2413	1121	n
10209908	2411	1119	n
10210168	2410	1120	n
10220558	2413	1121	Time:00:00:00:00;;
10221073	2411	1120	n
10221324	2411	1120	n
10221581	2411	1121	n
10221837	2411	1121	n
10232217	2413	1121	n
10232468	2414	1121	n
10232723	2411	1122	n
10232975	2413	1120	n
10233226	2413	1122	n
10233477	2414	1121	n
10243860	2414	1121	n
10244112	2413	1119	n
10244363	2411	1122	n
10244620	2407	1121	n
10244871	2409	1120	n
10245123	2413	1120	n
10255539	2413	1123	n
10255795	2411	1120	n
10256046	2413	1122	n
10256297	2414	1122	n
10256552	2412	1121	n
10256807	2413	1120	n
10257058	2410	1120	n
10267476	2412	1120	n
10267734	2411	1122	n
10267985	2413	1120	n
10268236	2412	1121	n
10268491	2414	1122	n
10268746	2413	1120	n
10279120	2414	1122	n
10279371	2414	1121	n
10279628	2413	1122	n
10279879	2414	1121	n
10280130	2412	1120	n
10280381	2412	1121	n
10290815	2413	1121	n
10291066	2413	1122	n
10291317	2413	1120	n
10291572	2413	1121	n
10291828	2413	1119	n
10292079	2412	1121	n
10302514	2414	1121	n
10302769	2413	1121	n
10303021	2413	1122	n
10303272	2413	1120	n
10303525	2413	1122	n
10303780	2413	1121	n
10314137	2411	1121	n
10314388	2412	1121	n
10314648	2412	1119	n
10314899	2412	1120	n
10315150	2414	1121	n
10315401	2411	1120	n
10315658	2413	1120	n
10326040	2413	1120	n
10326291	2412	1121	n
10326546	2411	1121	n
10326801	2413	1119	n
10327052	2411	1122	n
10327304	2411	1119	n
10337687	2411	1121	n
10337938	2411	1120	n
10338189	2410	1120	n
10338441	2410	1122	n
10338698	2413	1120	n
10338949	2411	1121	n
10349327	2411	1120	n
10349583	2412	1122	n
10349838	2411	1120	n
10350090	2413	1121	n
10350341	2410	1120	n
10350598	2412	1119	n
10361022	2414	1122	n
10361273	2413	1121	n
10361529	2412	1121	n
10361784	2413	1121	n
10362036	2413	1120	n
10362287	2413	1121	n
10372718	2411	1122	n
10372969	2411	1121	n
10373220	2412	1121	n
10373471	2411	1121	n
10373727	2412	1121	n
10373979	2412	1122	n
10384345	2414	1120	n
10384600	2413	1120	n
10384855	2412	1120	n
10385107	2411	1121	n
10385358	2412	1121	n
10385611	2411	1120	n
10385866	2411	1120	n
10396247	2412	1119	n
10396504	2412	1119	n
10396760	2411	1121	n
10397011	2413	1120	n
10397262	2412	1120	n
10397519	2413	1121	n
10407891	2413	1121	n
10408142	2410	1121	n
10408393	2413	1121	n
10408652	2411	1121	n
10408903	2411	1122	n
10409154	2414	1123	n
10419538	2411	1122	n
10419793	2414	1121	n
10420044	2410	1120	n
10420296	2412	1119	n
10420553	2413	1119	n
10420808	2409	1121	n
10431230	2411	1121	n
10431487	2413	1121	n
10431742	2412	1121	n
10431993	2411	1120	n
10432244	2411	1119	n
10432502	2413	1119	n
10442926	2412	1120	n
10443177	2412	1120	n
10443428	2414	1120	n
10443684	2412	1120	n
10443935	2411	1120	n
10444186	2411	1120	n
10454552	2413	1121	n
10454808	2414	1121	n
10455059	2414	1121	n
10455310	2414	1121	n
10455566	2413	1121	n
10455821	2414	1121	n
10456072	2412	1122	n
10466455	2411	1121	n
10466710	2411	1120	n
10466962	2411	1121	n
10467213	2413	1119	n
10467464	2413	1121	n
10467719	2411	1120	n
10478098	2413	1122	n
10478349	2413	1120	n
10478604	2412	1122	n
10478859	2412	1121	n
10479110	2413	1120	n
10479361	2413	1122	n
10489746	2415	1122	n
10489997	2413	1122	n
10490248	2415	1122	n
10490504	2413	1122	n
10490760	2413	1121	n
10491011	2413	1121	n
10501437	2412	1122	n
10501698	2414	1122	n
10501949	2413	1121	n
10502200	2411	1119	n
10502452	2413	1121	n
10502707	2413	1122	n
10513133	2414	1122	n
10513384	2413	1121	n
10513644	2414	1121	n
10513895	2413	1122	n
10514146	2411	1121	n
10514397	2413	1121	n
10524760	2411	1123	n
10525011	2413	1121	n
10525262	2413	1122	n
10525519	2413	1121	n
10525773	2413	1120	n
10526024	2413	1120	n
10526276	2411	1120	n
10536666	2411	1121	n
10536917	2413	1122	n
10537169	2413	1120	n
10537420	2414	1122	n
10537675	2413	1119	n
10537927	2412	1121	n
10548306	2413	1123	n
10548559	2414	1119	n
10548814	2414	1119	n
10549065	2413	1122	n
10549316	2412	1120	n
10549573	2413	1120	n
10559950	2414	1121	n
10560201	2414	1119	n
10560452	2410	1121	n
10560707	2412	1121	n
10560958	2411	1121	n
10561209	2413	1119	n
10571650	2414	1119	n
10571901	2412	1122	n
10572152	2413	1122	n
10572403	2413	1120	n
10572659	2413	1120	n
10572911	2411	1120	n
10583341	2413	1120	n
10583598	2412	1121	n
10583853	2414	1120	n
10584104	2413	1121	n
10584355	2413	1121	n
10584608	2412	1120	n
10595037	2414	1120	n
10595288	2413	1121	n
10595541	2411	1121	n
10595796	2413	1121	n
10596048	2413	1121	n
10596299	2412	1120	n
10596555	2411	1122	n
10606956	2413	1120	n
10607207	2413	1120	n
10607458	2415	1122	n
10607714	2413	1122	n
10607965	2413	1121	n
10608216	2410	1122	n
10618604	2413	1121	n
10618859	2413	1119	n
10619110	2413	1121	n
10619361	2412	1120	n
10619621	2411	1121	n
10619873	2413	1120	n
10630295	2413	1121	n
10630552	2414	1121	n
10630807	2414	1122	n
10631059	2413	1122	n
10631310	2414	1121	n
10631566	2411	1122	n
10641938	2412	1122	n
10642189	2412	1122	n
10642440	2411	1120	n
10642698	2411	1120	n
10642949	2409	1121	n
10643201	2411	1119	n
10653638	2411	1122	n
10653889	2413	1122	n
10654140	2411	1121	n
10654391	2411	1121	n
10654653	2411	1119	n
10654904	2411	1121	n
10665312	2414	1121	n
10665570	2413	1121	n
10665825	2413	1121	n
10666076	2413	1121	n
10666328	2414	1122	n
10666584	2414	1121	n
10666840	2412	1120	n
10677250	2411	1121	n
10677503	2413	1121	n
10677759	2414	1122	n
10678010	2414	1119	n
10678261	2414	1121	n
10678518	2414	1120	n
10688893	2413	1120	n
10689144	2411	1122	n
10689395	2411	1120	n
10689653	2411	1122	n
10689904	2411	1120	n
10690156	2412	1121	n
10700590	2413	1120	n
10700845	2413	1120	n
10701097	2411	1121	n
10701348	2413	1120	n
10701605	2414	1120	n
10701860	2412	1121	n
10712284	2412	1121	n
10712538	2413	1121	n
10712793	2413	1121	n
10713044	2412	1122	n
10713295	2414	1120	n
10713552	2411	1122	n
10723927	2413	1121	n
10724179	2414	1120	n
10724430	2411	1121	n
10724686	2415	1121	n
10724937	2412	1121	n
10725188	2413	1121	n
10735606	2412	1121	n
10735862	2411	1120	n
10736113	2413	1121	n
10736364	2411	1121	n
10736621	2413	1122	n
10736872	2413	1121	n
10737124	2413	1123	n
10747549	2412	1121	n
10747804	2411	1121	n
10748055	2410	1122	n
10748306	2413	1121	n
10748563	2411	1120	n
10748819	2410	1120	n
10759187	2411	1120	n
10759438	2413	1121	n
10759698	2413	1122	n
10759949	2413	1121	n
10760200	2413	1121	n
10760451	2413	1121	n
10770882	2413	1120	n
10771133	2415	1121	n
10771384	2413	1121	n
10771644	2413	1121	n
10771895	2411	1120	n
10772146	2414	1121	n
10782578	2411	1121	n
10782833	2413	1120	n
10783084	2414	1120	n
10783335	2413	1121	n
10783590	2413	1120	n
10783845	2413	1119	n
10794205	2414	1120	n
10794456	2413	1122	n
10794711	2411	1121	n
10794962	2413	1121	n
10795214	2413	1121	n
10795465	2415	1121	n
10795720	2411	1121	n
10806107	2412	1121	n
10806358	2413	1121	n
10806615	2414	1120	n
10806870	2414	1121	n
10807121	2413	1119	n
10807373	2414	1122	n
10817755	2414	1121	n
10818006	2413	1120	n
10818257	2411	1120	n
10818512	2413	1122	n
10818768	2414	1120	n
10819019	2414	1122	n
10829395	2411	1121	n
10829653	2411	1119	n
10829904	2411	1120	n
10830155	2411	1120	n
10830406	2411	1120	n
10830662	2414	1121	n
10841090	2415	1121	n
10841341	2411	1121	n
10841598	2414	1121	n
10841853	2414	1120	n
10842104	2411	1119	n
10842356	2413	1122	n
10852786	2414	1121	n
10853037	2414	1121	n
10853288	2415	1121	n
10853541	2415	1122	n
10853796	2413	1123	n
10854047	2413	1121	n
10864412	2413	1121	n
10864667	2413	1119	n
10864918	2412	1121	n
10865169	2413	1121	n
10865421	2413	1123	n
10865676	2410	1122	n
10865927	2413	1120	n
10876315	2411	1120	n
10876569	2411	1121	n
10876825	2412	1121	n
10877076	2414	1120	n
10877327	2412	1121	n
10877584	2411	1121	n
10887958	2413	1122	n
10888209	2415	1123	n
10888460	2414	1121	n
10888716	2414	1121	n
10888967	2415	1122	n
10889218	2415	1121	n
10899607	2414	1121	n
10899863	2413	1122	n
10900114	2413	1122	n
10900365	2413	1120	n
10900626	2414	1121	n
10900878	2413	1121	n
10911297	2414	1120	n
10911552	2411	1122	n
10911807	2413	1121	n
10912058	2414	1121	n
10912309	2411	1121	n
10912566	2412	1121	n
10922993	2413	1121	n
10923244	2413	1121	n
10923501	2412	1121	n
10923757	2413	1122	n
10924008	2411	1120	n
10924259	2413	1121	n
10934624	2414	1121	n
10934875	2414	1121	n
10935126	2414	1121	n
10935377	2414	1120	n
10935634	2411	1121	n
10935885	2413	1121	n
10936136	2412	1121	n
10946524	2415	1121	n
10946779	2414	1120	n
10947030	2414	1122	n
10947281	2411	1122	n
10947538	2411	1121	n
10947794	2413	1122	n
10958166	2412	1119	n
10958417	2410	1121	n
10958672	2411	1119	n
10958923	2411	1120	n
10959175	2411	1121	n
10959426	2413	1121	n
10969810	2413	1121	n
10970061	2413	1120	n
10970312	2414	1120	n
10970566	2414	1120	n
10970821	2410	1121	n
10971072	2413	1121	n
10981507	2412	1119	n
10981829	2414	1122	n
10982090	2414	1122	n
10982363	2415	1120	n
10982621	2413	1121	n
10982872	2413	1121	n
10993287	2415	1121	n
10993803	2413	1121	n
10994054	2413	1122	n
10994305	2413	1122	n
10994558	2410	1122	n
10994844	2413	1119	n
10995096	2409	1122	n
11005521	2413	1121	Time:00:00:00:00;;
11006225	2414	1121	n
11006504	2413	1121	n
11006760	2412	1120	n
11007011	2412	1122	n
11017437	2411	1122	n
11017928	2411	1121	n
11018179	2411	1121	n
11018430	2412	1121	n
11018722	2413	1121	n
11018973	2414	1120	n
11019224	2413	1119	n
11029587	2412	1122	n
11030075	2413	1122	n
11030348	2414	1119	n
11030604	2413	1121	n
11030859	2414	1121	n
11031119	2413	1122	n
11041563	2410	1120	n
11042044	2413	1122	n
11042295	2413	1121	n
11042557	2411	1119	n
11042835	2410	1119	n
11043086	2411	1120	n
11053494	2413	1120	n
11053986	2413	1121	n
11054259	2411	1121	n
11054514	2411	1121	n
11054769	2412	1120	n
11055029	2413	1120	n
11055303	2411	1121	n
11065724	2412	1121	Time:00:00:00:00;;
11066424	2412	1123	n
11066703	2412	1120	n
11066954	2413	1121	n
11067205	2414	1120	n
11077572	2413	1121	n
11078086	2414	1122	n
11078337	2414	1121	n
11078590	2414	1121	n
11078846	2413	1122	n
11079128	2413	1123	n
11089493	2411	1120	n
11089974	2411	1120	n
11090225	2413	1120	n
11090487	2410	1119	n
11090765	2411	1119	n
11091016	2413	1121	n
11091267	2413	1119	n
11101690	2411	1120	n
11102198	2413	1121	n
11102449	2413	1122	n
11102704	2414	1120	n
11102964	2413	1120	n
11103238	2411	1121	n
11113627	2413	1121	n
11114109	2413	1121	n
11114369	2413	1121	n
11114652	2413	1121	n
11114904	2411	1119	n
11115155	2413	1121	n
11125542	2412	1121	n
11126055	2412	1121	n
11126306	2414	1120	n
11126559	2411	1120	n
11126823	2410	1120	n
11127097	2411	1121	n
11127348	2413	1119	n
11137742	2413	1120	n
11138218	2412	1121	n
11138504	2411	1120	n
11138759	2413	1121	n
11139010	2410	1121	n
11139262	2412	1120	n
11149680	2414	1120	n
11150166	2413	1121	n
11150417	2413	1123	n
11150672	2411	1120	n
11150954	2413	1121	n
11151205	2413	1121	n
11161595	2410	1120	n
11162083	2414	1122	n
11162342	2413	1120	n
11162626	2413	1121	n
11162877	2411	1122	n
11163128	2413	1120	n
11163388	2413	1121	n
11173797	2413	1121	n
11174280	2413	1120	n
11174535	2412	1121	n
11174799	2411	1121	n
11175073	2410	1121	n
11175324	2411	1121	n
11185732	2411	1120	n
11186219	2410	1120	n
11186498	2412	1121	n
11186754	2411	1120	n
11187005	2412	1119	n
11187265	2411	1122	n
11197651	2414	1122	n
11198132	2413	1122	n
11198383	2414	1122	n
11198651	2413	1121	n
11198926	2411	1120	n
11199177	2413	1121	n
11199428	2413	1119	n
11209843	2413	1120	n
11210350	2413	1121	n
11210607	2414	1121	n
11210862	2413	1121	n
11211122	2412	1120	Time:00:00:00:00;;
11221729	2413	1121	n
11222002	2411	1120	n
11222253	2412	1120	n
11222507	2411	1119	n
11222762	2411	1120	n
11223013	2413	1121	n
11223264	2413	1120	n
11233652	2414	1120	n
11233903	2411	1120	n
11234154	2411	1121	n
11234406	2415	1120	n
11234662	2411	1120	n
11234913	2411	1120	n
11245292	2412	1122	n
11245549	2412	1121	n
11245804	2413	1121	n
11246055	2413	1121	n
11246306	2414	1121	n
11246563	2414	1121	n
11256936	2414	1122	n
11257187	2413	1122	n
11257438	2410	1121	n
11257698	2413	1119	n
11257949	2413	1121	n
11258200	2414	1123	n
11268636	2413	1120	n
11268887	2413	1121	n
11269138	2410	1120	n
11269389	2411	1119	n
11269648	2413	1121	n
11269899	2413	1122	n
11280327	2411	1121	n
11280583	2415	1123	n
11280838	2414	1121	n
11281090	2412	1120	n
11281341	2411	1121	n
11281598	2411	1121	n
11292023	2411	1121	n
11292274	2414	1121	n
11292529	2413	1120	n
11292784	2413	1120	n
11293036	2415	1121	n
11293287	2413	1120	n
11293540	2411	1119	n
11303942	2415	1121	n
11304193	2411	1120	n
11304444	2412	1121	n
11304700	2411	1121	n
11304951	2410	1120	n
11305203	2413	1119	n
11315589	2414	1120	n
11315845	2415	1121	n
11316096	2414	1122	n
11316347	2413	1121	n
11316601	2414	1120	n
11316856	2413	1122	n
11327281	2412	1121	n
11327538	2415	1119	n
11327794	2415	1120	n
11328045	2413	1121	n
11328296	2410	1120	n
11328553	2413	1121	n
11338925	2413	1121	n
11339176	2415	1122	n
11339427	2413	1121	n
11339684	2413	1121	n
11339935	2414	1121	n
11340186	2413	1122	n
11350625	2411	1121	n
11350876	2413	1120	n
11351127	2411	1120	n
11351379	2410	1120	n
11351639	2411	1121	n
11351890	2411	1120	n
11362299	2413	1120	n
11362555	2411	1120	n
11362810	2412	1121	n
11363061	2411	1119	n
11363313	2412	1120	n
11363570	2411	1121	n
11363826	2413	1121	n
11374236	2413	1121	n
11374491	2413	1121	n
11374746	2413	1122	n
11374997	2410	1121	n
11375248	2413	1121	n
11375504	2414	1119	n
11385880	2414	1122	n
11386131	2413	1121	n
11386382	2413	1121	n
11386639	2415	1121	n
11386890	2412	1121	n
11387141	2415	1121	n
11397581	2413	1121	n
11397836	2413	1122	n
11398088	2411	1120	n
11398339	2412	1122	n
11398592	2414	1122	n
11398848	2414	1121	n
11409271	2410	1120	n
11409524	2414	1121	n
11409779	2413	1122	n
11410030	2413	1121	n
11410281	2410	1122	n
11410535	2414	1120	n
11420913	2413	1121	n
11421165	2414	1121	n
11421416	2414	1122	n
11421671	2414	1120	n
11421922	2412	1119	n
11422173	2413	1121	n
11432592	2413	1121	n
11432848	2411	1121	n
11433099	2413	1121	n
11433350	2413	1120	n
11433607	2411	1120	n
11433863	2414	1121	n
11434114	2411	1121	n
11444536	2415	1120	n
11444790	2413	1120	n
11445042	2414	1121	n
11445293	2413	1119	n
11445549	2413	1120	n
11445804	2411	1119	n
11456173	2411	1121	n
11456424	2410	1123	n
11456679	2410	1119	n
11456930	2411	1119	n
11457181	2410	1119	n
11457432	2410	1120	n
11467868	2412	1121	n
11468119	2411	1121	n
11468370	2414	1121	n
11468628	2414	1121	n
11468879	2415	1120	n
11469130	2411	1120	n
11479569	2415	1121	n
11479825	2415	1120	n
11480076	2413	1121	n
11480327	2415	1121	n
11480584	2413	1119	n
11480839	2413	1120	n
11491260	2413	1121	n
11491514	2414	1120	n
11491770	2411	1121	n
11492021	2413	1122	n
11492272	2411	1121	n
11492529	2413	1122	n
11492785	2412	1121	n
11503180	2413	1120	n
11503431	2414	1120	n
11503691	2411	1121	n
11503942	2413	1119	n
11504193	2411	1120	n
11504444	2411	1120	n
11514823	2413	1120	n
11515074	2413	1122	n
11515325	2413	1121	n
11515580	2415	1121	n
11515836	2413	1121	n
11516087	2413	1120	n
11526450	2409	1120	n
11526705	2410	1119	n
11526956	2413	1122	n
11527207	2412	1121	n
11527458	2415	1122	n
11527713	2411	1119	n
11538076	2410	1120	n
11538327	2410	1119	n
11538584	2412	1121	n
11538839	2411	1122	n
11539090	2414	1121	n
11539341	2412	1122	n
11549772	2415	1120	n
11550023	2411	1121	n
11550274	2410	1121	n
11550529	2411	1120	n
11550784	2413	1122	n
11551035	2411	1120	n
11561399	2413	1120	n
11561656	2415	1121	n
11561908	2411	1121	n
11562159	2411	1121	n
11562410	2414	1120	n
11562665	2414	1120	n
11562916	2413	1122	n
11573301	2411	1119	n
11573555	2411	1120	n
11573810	2411	1120	n
11574061	2410	1120	n
11574312	2410	1120	n
11574566	2410	1121	n
11584945	2412	1121	n
11585196	2411	1120	n
11585447	2410	1121	n
11585703	2414	1121	n
11585954	2413	1119	n
11586205	2413	1121	n
11596589	2414	1120	n
11596845	2414	1121	n
11597096	2413	1122	n
11597347	2413	1121	n
11597604	2412	1121	n
11597860	2412	1121	n
11608283	2412	1121	n
11608538	2411	1121	n
11608793	2411	1120	n
11609044	2413	1121	n
11609295	2413	1119	n
11609552	2412	1119	n
11619979	2413	1120	n
11620230	2413	1120	n
11620482	2411	1121	n
11620738	2411	1121	n
11620989	2411	1119	n
11621240	2413	1121	n
11631606	2413	1122	n
11631861	2411	1120	n
11632112	2413	1121	n
11632363	2410	1120	n
11632621	2413	1121	n
11632873	2414	1121	n
11633124	2411	1121	n
11643512	2412	1121	n
11643767	2415	1121	n
11644018	2414	1120	n
11644270	2413	1120	n
11644523	2414	1120	n
11644779	2413	1122	n
11655152	2413	1121	n
11655403	2414	1120	n
11655659	2413	1122	n
11655910	2412	1120	n
11656162	2411	1120	n
11656413	2411	1120	n
11666796	2410	1121	n
11667047	2413	1120	n
11667298	2412	1120	n
11667552	2413	1121	n
11667807	2411	1121	n
11668059	2412	1122	n
11678494	2412	1119	n
11678749	2411	1121	n
11679000	2414	1121	n
11679252	2413	1120	n
11679505	2413	1120	n
11679760	2411	1120	n
11690187	2413	1121	n
11690438	2413	1122	n
11690698	2415	1122	n
11690949	2413	1121	n
11691200	2414	1121	n
11691451	2410	1122	n
11701814	2411	1120	n
11702065	2411	1121	n
11702316	2411	1120	n
11702573	2413	1119	n
11702828	2413	1122	n
11703079	2413	1122	n
11703330	2412	1121	n
11713720	2413	1122	n
11713971	2413	1121	n
11714222	2411	1119	n
11714474	2413	1120	n
11714734	2413	1120	n
11714985	2412	1122	n
11725360	2412	1120	n
11725615	2411	1120	n
11725870	2411	1120	n
11726121	2412	1121	n
11726372	2413	1120	n
11726629	2413	1121	n
11737003	2413	1120	n
11737254	2411	1121	n
11737507	2413	1122	n
11737762	2412	1119	n
11738014	2411	1120	n
11738265	2412	1121	n
11748702	2414	1120	n
11748953	2413	1122	n
11749204	2412	1121	n
11749455	2413	1120	n
11749711	2411	1121	n
11749962	2413	1120	n
11760394	2413	1120	n
11760652	2413	1122	n
11760903	2413	1121	n
11761154	2413	1121	n
11761406	2413	1119	n
11761661	2413	1121	n
11772021	2413	1121	n
11772272	2413	1121	n
11772525	2413	1121	n
11772780	2413	1122	n
11773031	2412	1122	n
11773282	2415	1121	n
11773539	2413	1121	n
11783923	2414	1121	n
11784174	2414	1122	n
11784425	2414	1122	n
11784681	2415	1122	n
11784932	2413	1120	n
11785183	2413	1122	n
11795573	2411	1119	n
11795828	2412	1121	n
11796079	2413	1120	n
11796330	2412	1121	n
11796588	2414	1120	n
11796843	2411	1120	n
11807211	2414	1120	n
11807462	2415	1119	n
11807717	2413	1121	n
11807968	2414	1121	n
11808220	2412	1120	n
11808471	2412	1120	n
11818906	2413	1122	n
11819157	2413	1121	n
11819408	2414	1120	n
11819664	2414	1120	n
11819915	2414	1121	n
11820166	2413	1121	n
11830602	2416	1122	n
11830857	2413	1122	n
11831108	2414	1121	n
11831359	2414	1121	n
11831615	2414	1121	n
11831870	2414	1121	n
11842229	2414	1121	n
11842481	2415	1120	n
11842736	2414	1121	n
11842988	2413	1119	n
11843239	2415	1122	n
11843495	2414	1122	n
11843750	2415	1120	n
11854131	2411	1120	n
11854382	2411	1120	n
11854639	2412	1122	n
11854890	2412	1120	n
11855141	2413	1119	n
11855393	2413	1120	n
11865777	2413	1120	n
11866028	2413	1121	n
11866279	2413	1121	n
11866535	2414	1122	n
11866791	2413	1121	n
11867042	2414	1122	n
11877418	2413	1121	n
11877673	2413	1121	n
11877924	2411	1120	n
11878175	2414	1120	n
11878427	2413	1121	n
11878683	2411	1122	n
11889113	2413	1122	n
11889364	2413	1120	n
11889626	2413	1120	n
11889877	2413	1121	n
11890128	2413	1121	n
11890379	2412	1121	n
11900809	2412	1119	n
11901060	2411	1120	n
11901311	2413	1120	n
11901566	2413	1121	n
11901821	2411	1121	n
11902072	2411	1121	n
11912436	2413	1121	n
11912692	2414	1121	n
11912944	2414	1121	n
11913195	2414	1121	n
11913446	2411	1121	n
11913702	2415	1121	n
11913953	2413	1121	n
11924338	2413	1122	n
11924591	2410	1121	n
11924846	2413	1121	n
11925097	2410	1120	n
11925348	2411	1120	n
11925604	2410	1120	n
11935982	2411	1120	n
11936233	2414	1120	n
11936486	2413	1120	n
11936742	2414	1122	n
11936993	2413	1120	n
11937244	2413	1120	n
11947632	2414	1121	n
11947883	2414	1120	n
11948135	2414	1121	n
11948386	2412	1121	n
11948644	2413	1120	n
11948895	2413	1121	n
11959321	2413	1120	n
11959574	2412	1121	n
11959830	2413	1121	n
11960081	2413	1121	n
11960332	2414	1121	n
11960587	2413	1119	n
11971017	2413	1121	n
11971268	2412	1122	n
11971521	2413	1121	n
11971776	2412	1120	n
11972027	2413	1123	n
11972278	2414	1123	n
11982648	2414	1121	n
11982989	2413	1121	n
11983249	2413	1120	n
11983524	2412	1120	n
11983779	2411	1121	n
11984030	2413	1121	n
11984290	2414	1121	n
11994730	2413	1120	n
11995208	2413	1121	n
11995459	2416	1121	n
11995723	2412	1120	n
11995996	2413	1121	n
11996247	2413	1119	n
12006677	2413	1121	Time:00:00:00:00;;
12007376	2414	1120	n
12007659	2414	1121	n
12007910	2413	1122	n
12008170	2413	1122	n
12008443	2411	1120	n
12018868	2412	1121	n
12019345	2414	1121	n
12019609	2411	1121	n
12019887	2411	1120	n
12020138	2411	1121	n
12020389	2411	1121	n
12030756	2413	1122	n
12031263	2411	1120	n
12031518	2413	1120	n
12031773	2412	1120	n
12032025	2413	1121	n
12032307	2414	1120	n
12042695	2414	1121	n
12043172	2414	1122	n
12043423	2413	1121	n
12043712	2413	1121	n
12043963	2413	1120	n
12044214	2413	1120	n
12044465	2414	1120	n
12054921	2415	1122	n
12055407	2414	1121	n
12055663	2412	1120	n
12055914	2413	1122	n
12056196	2413	1120	n
12056448	2411	1119	n
12066806	2413	1121	Time:00:00:00:00;;
12067512	2414	1122	n
12067791	2415	1119	n
12068042	2411	1120	n
12068293	2414	1123	n
12078691	2414	1123	n
12079200	2411	1121	n
12079451	2411	1121	n
12079707	2411	1120	n
12079967	2413	1120	n
12080240	2414	1120	n
12080494	2415	1121	n
12090887	2414	1122	n
12091363	2413	1121	n
12091653	2413	1120	n
12091904	2413	1121	n
12092155	2413	1123	n
12092406	2413	1121	n
12102824	2410	1121	n
12103310	2413	1122	n
12103566	2413	1122	n
12103821	2412	1120	n
12104103	2410	1120	n
12104354	2411	1121	n
12114744	2413	1119	n
12115227	2411	1121	n
12115491	2413	1121	n
12115769	2412	1120	n
12116020	2411	1120	n
12116271	2413	1121	n
12116535	2412	1121	n
12126946	2413	1123	n
12127423	2414	1122	n
12127679	2413	1122	n
12127939	2415	1121	n
12128213	2413	1122	n
12128464	2416	1121	n
12138876	2411	1121	n
12139361	2413	1121	n
12139644	2413	1120	n
12139895	2413	1120	n
12140146	2414	1121	n
12140406	2415	1123	n
12150796	2412	1120	n
12151274	2414	1121	n
12151529	2413	1119	n
12151793	2412	1123	n
12152067	2412	1121	n
12152318	2411	1120	n
12152573	2410	1120	n
12162992	2413	1121	n
12163512	2411	1121	n
12163768	2411	1122	n
12164019	2413	1122	n
12164279	2411	1121	n
12164555	2413	1121	n
12174929	2414	1121	n
12175412	2413	1120	n
12175668	2414	1122	n
12175950	2414	1120	n
12176201	2414	1121	n
12176452	2411	1122	n
12186849	2413	1120	n
12187359	2413	1121	n
12187615	2415	1121	n
12187870	2413	1121	n
12188121	2411	1119	n
12188403	2411	1120	n
12188659	2412	1121	n
12199045	2413	1120	n
12199532	2413	1121	n
12199797	2411	1122	n
12200070	2413	1122	n
12200322	2411	1120	n
12200575	2413	1120	n
12210981	2410	1121	Time:00:00:00:00;;
12211711	2411	1121	n
12211962	2411	1121	n
12212222	2412	1120	n
12212501	2411	1120	n
12212756	2413	1121	n
12223195	2413	1121	n
12223446	2410	1121	n
12223702	2414	1121	n
12223953	2413	1122	n
12224204	2413	1120	n
12224455	2413	1122	n
12234821	2413	1121	n
12235072	2410	1121	n
12235323	2414	1120	n
12235576	2413	1121	n
12235831	2411	1120	n
12236083	2413	1119	n
12246447	2411	1121	n
12246703	2414	1121	n
12246954	2413	1121	n
12247205	2411	1121	n
12247456	2413	1123	n
12247711	2414	1121	n
12258143	2415	1121	n
12258394	2413	1121	n
12258652	2415	1122	n
12258904	2414	1121	n
12259155	2412	1121	n
12259406	2414	1119	n
12269770	2413	1121	n
12270021	2414	1122	n
12270272	2413	1121	n
12270529	2411	1121	n
12270784	2413	1121	n
12271035	2415	1120	n
12271286	2413	1121	n
12281676	2415	1122	n
12281927	2413	1120	n
12282179	2412	1121	n
12282430	2411	1120	n
12282691	2413	1121	n
12282942	2413	1121	n
12293316	2414	1120	n
12293573	2413	1120	n
12293828	2413	1121	n
12294079	2413	1120	n
12294330	2412	1121	n
12294587	2413	1121	n
12304960	2415	1119	n
12305211	2414	1120	n
12305462	2416	1119	n
12305718	2411	1121	n
12305969	2412	1120	n
12306220	2414	1121	n
12316660	2411	1122	n
12316911	2412	1121	n
12317162	2413	1121	n
12317413	2412	1120	n
12317668	2411	1121	n
12317919	2414	1122	n
12328351	2411	1119	n
12328607	2413	1122	n
12328862	2413	1121	n
12329114	2413	1121	n
12329365	2411	1121	n
12329626	2413	1122	n
12340047	2413	1121	n
12340298	2413	1120	n
12340552	2415	1121	n
12340807	2413	1121	n
12341058	2414	1122	n
12341309	2413	1121	n
12341566	2412	1121	n
12351966	2415	1120	n
12352217	2411	1120	n
12352468	2413	1121	n
12352724	2413	1121	n
12352975	2414	1121	n
12353226	2413	1121	n
12363616	2412	1121	n
12363871	2413	1120	n
12364122	2410	1119	n
12364373	2411	1119	n
12364631	2410	1119	n
12364882	2411	1120	n
12375305	2413	1121	n
12375558	2412	1119	n
12375814	2413	1121	n
12376065	2413	1121	n
12376316	2414	1120	n
12376573	2411	1121	n
12386948	2413	1120	n
12387199	2412	1121	n
12387450	2413	1121	n
12387705	2415	1121	n
12387956	2410	1122	n
12388208	2411	1120	n
12398648	2412	1122	n
12398899	2411	1120	n
12399150	2413	1120	n
12399401	2413	1120	n
12399658	2411	1120	n
12399910	2413	1122	n
12410322	2413	1119	n
12410576	2413	1121	n
12410831	2413	1121	n
12411082	2411	1120	n
12411333	2413	1121	n
12411590	2412	1120	n
12411845	2413	1121	n
12422260	2412	1121	n
12422514	2413	1121	n
12422770	2411	1121	n
12423021	2411	1122	n
12423272	2412	1120	n
12423525	2412	1121	n
12433903	2414	1122	n
12434154	2414	1122	n
12434405	2413	1120	n
12434661	2413	1121	n
12434912	2413	1120	n
12435163	2411	1120	n
12445604	2411	1122	n
12445859	2411	1121	n
12446110	2413	1122	n
12446361	2414	1121	n
12446621	2415	1121	n
12446872	2413	1121	n
12457294	2413	1121	n
12457548	2413	1121	n
12457803	2411	1119	n
12458054	2414	1121	n
12458306	2410	1119	n
12458558	2413	1122	n
12468937	2413	1120	n
12469189	2411	1122	n
12469440	2410	1120	n
12469698	2411	1121	n
12469949	2413	1119	n
12470200	2407	1119	n
12480620	2413	1121	n
12480871	2415	1122	n
12481122	2413	1121	n
12481373	2412	1121	n
12481631	2414	1122	n
12481882	2413	1122	n
12482133	2411	1121	n
12492555	2413	1122	n
12492810	2413	1121	n
12493061	2413	1122	n
12493312	2414	1120	n
12493566	2414	1120	n
12493821	2413	1121	n
12504197	2413	1120	n
12504448	2411	1120	n
12504703	2413	1121	n
12504954	2411	1122	n
12505206	2413	1121	n
12505457	2415	1120	n
12515892	2411	1121	n
12516143	2410	1121	n
12516394	2414	1121	n
12516653	2411	1120	n
12516904	2412	1121	n
12517156	2413	1121	n
12527588	2416	1120	n
12527843	2414	1121	n
12528094	2413	1121	n
12528345	2413	1121	n
12528600	2415	1121	n
12528856	2413	1121	n
12539215	2413	1120	n
12539466	2414	1121	n
12539721	2411	1121	n
12539972	2412	1120	n
12540224	2413	1121	n
12540475	2416	1122	n
12540734	2412	1121	n
12551117	2414	1121	n
12551368	2411	1120	n
12551628	2411	1121	n
12551879	2412	1121	n
12552131	2414	1120	n
12552382	2413	1121	n
12562765	2413	1120	n
12563016	2411	1121	n
12563267	2412	1121	n
12563521	2413	1121	n
12563776	2411	1121	n
12564027	2413	1121	n
12574405	2414	1122	n
12574660	2410	1123	n
12574911	2411	1122	n
12575162	2413	1121	n
12575414	2411	1120	n
12575669	2411	1120	n
12586100	2410	1120	n
12586351	2413	1120	n
12586607	2411	1120	n
12586862	2411	1119	n
12587114	2412	1121	n
12587365	2411	1121	n
12597796	2412	1121	n
12598047	2414	1121	n
12598298	2413	1122	n
12598552	2413	1120	n
12598807	2412	1119	n
12599058	2413	1120	n
12609422	2413	1122	n
12609677	2411	1121	n
12609928	2410	1120	n
12610180	2413	1121	n
12610431	2411	1119	n
12610691	2413	1121	n
12610942	2411	1120	n
12621325	2413	1121	n
12621580	2411	1121	n
12621836	2413	1122	n
12622087	2413	1121	n
12622338	2413	1120	n
12622591	2412	1121	n
12632968	2412	1120	n
12633219	2411	1122	n
12633470	2411	1121	n
12633726	2411	1121	n
12633978	2410	1121	n
12634229	2413	1120	n
12644615	2413	1121	n
12644870	2413	1120	n
12645121	2412	1120	n
12645373	2414	1121	n
12645630	2412	1121	n
12645881	2413	1120	n
12656307	2413	1120	n
12656563	2413	1120	n
12656818	2412	1120	n
12657069	2413	1119	n
12657320	2413	1120	n
12657574	2414	1120	n
12668003	2413	1122	n
12668254	2413	1120	n
12668507	2413	1121	n
12668763	2413	1120	n
12669014	2410	1121	n
12669265	2414	1120	n
12679634	2411	1120	n
12679885	2410	1120	n
12680136	2412	1120	n
12680387	2410	1120	n
12680648	2413	1121	n
12680900	2412	1121	n
12681151	2413	1120	n
12691535	2411	1119	n
12691791	2413	1120	n
12692042	2411	1120	n
12692293	2409	1121	n
12692550	2413	1120	n
12692805	2413	1121	n
12703176	2412	1121	n
12703427	2413	1123	n
12703683	2413	1122	n
12703934	2414	1121	n
12704185	2412	1120	n
12704437	2411	1121	n
12714820	2413	1119	n
12715071	2413	1122	n
12715322	2413	1120	n
12715576	2413	1121	n
12715831	2413	1120	n
12716082	2411	1119	n
12726519	2411	1121	n
12726773	2411	1122	n
12727024	2413	1118	n
12727276	2414	1120	n
12727532	2413	1121	n
12727787	2413	1122	n
12738211	2410	1120	n
12738462	2413	1120	n
12738718	2413	1119	n
12738969	2412	1120	n
12739220	2413	1120	n
12739471	2411	1118	n
12749837	2413	1122	n
12750088	2414	1123	n
12750339	2412	1122	n
12750592	2413	1120	n
12750848	2413	1121	n
12751099	2412	1121	n
12751350	2412	1121	n
12761744	2413	1119	n
12761995	2410	1120	n
12762247	2410	1120	n
12762501	2410	1121	n
12762756	2409	1121	n
12763007	2415	1120	n
12773383	2411	1120	n
12773644	2411	1120	n
12773895	2412	1120	n
12774146	2410	1120	n
12774397	2411	1121	n
12774658	2409	1121	n
12785027	2413	1119	n
12785278	2411	1120	n
12785532	2411	1121	n
12785787	2412	1120	n
12786038	2412	1120	n
12786289	2411	1121	n
12796726	2412	1121	n
12796978	2412	1120	n
12797229	2410	1122	n
12797481	2412	1122	n
12797736	2413	1120	n
12797987	2413	1119	n
12808418	2411	1122	n
12808673	2412	1122	n
12808924	2411	1120	n
12809175	2411	1119	n
12809427	2411	1118	n
12809683	2411	1120	n
12820045	2413	1122	n
12820296	2411	1121	n
12820553	2412	1120	n
12820808	2411	1122	n
12821059	2411	1120	n
12821310	2412	1120	n
12821566	2411	1120	n
12831947	2413	1121	n
12832198	2413	1121	n
12832449	2411	1121	n
12832705	2411	1120	n
12832956	2410	1119	n
12833207	2412	1120	n
12843593	2414	1122	n
12843848	2414	1120	n
12844099	2411	1121	n
12844350	2412	1120	n
12844607	2413	1121	n
12844863	2412	1121	n
12855235	2413	1121	n
12855491	2410	1121	n
12855747	2410	1120	n
12855998	2411	1120	n
12856249	2413	1118	n
12856504	2412	1120	n
12866930	2411	1121	n
12867181	2413	1119	n
12867432	2411	1120	n
12867691	2412	1123	n
12867942	2411	1121	n
12868193	2411	1119	n
12878630	2411	1121	n
12878881	2411	1120	n
12879132	2410	1121	n
12879383	2411	1119	n
12879644	2411	1120	n
12879895	2412	1121	n
12890252	2414	1120	n
12890505	2411	1121	n
12890760	2411	1121	n
12891011	2413	1122	n
12891262	2414	1121	n
12891518	2412	1121	n
12891774	2414	1120	n
12902155	2413	1121	n
12902406	2412	1120	n
12902662	2413	1122	n
12902913	2414	1121	n
12903164	2413	1121	n
12903415	2413	1122	n
12913798	2413	1119	n
12914049	2413	1121	n
12914300	2411	1119	n
12914555	2413	1119	n
12914810	2413	1122	n
12915061	2411	1120	n
12925442	2412	1120	n
12925699	2412	1120	n
12925950	2415	1122	n
12926201	2414	1119	n
12926452	2411	1119	n
12926708	2412	1121	n
12937137	2414	1121	n
12937388	2414	1120	n
12937648	2413	1121	n
12937899	2409	1120	n
12938151	2413	1121	n
12938402	2411	1119	n
12948833	2412	1120	n
12949084	2412	1123	n
12949335	2411	1121	n
12949589	2413	1120	n
12949845	2411	1120	n
12950096	2409	1119	n
12960460	2414	1121	n
12960715	2410	1120	n
12960966	2411	1120	n
12961218	2413	1122	n
12961469	2410	1121	n
12961724	2411	1121	n
12961975	2413	1120	n
12972362	2413	1121	n
12972621	2412	1121	n
12972872	2411	1121	n
12973124	2413	1120	n
12973375	2413	1120	n
12973632	2413	1122	n
12984015	2412	1121	n
12984400	2411	1120	n
12984657	2411	1120	n
12984908	2410	1121	n
12985168	2414	1120	n
12985442	2411	1120	n
12995873	2413	1121	n
12996350	2411	1121	n
12996612	2412	1121	n
12996890	2413	1120	n
12997141	2410	1120	n
12997392	2410	1119	n
13007828	2413	1120	Time:00:00:00:00;;
13008553	2413	1119	n
13008808	2411	1121	n
13009068	2414	1121	n
13009341	2414	1122	n
13009598	2414	1121	n
13020023	2414	1120	n
13020514	2412	1122	n
13020792	2413	1122	n
13021044	2412	1120	n
13021295	2411	1122	n
13021556	2413	1121	n
13031978	2414	1121	n
13032453	2410	1122	n
13032708	2413	1120	n
13032968	2413	1121	n
13033242	2413	1121	n
13033498	2411	1121	n
13033753	2412	1122	n
13044122	2413	1121	n
13044638	2413	1121	n
13044889	2413	1121	n
13045140	2413	1122	n
13045392	2413	1120	n
13045680	2412	1122	n
13056076	2413	1120	n
13056556	2413	1122	n
13056812	2411	1119	n
13057094	2413	1121	n
13057345	2413	1121	n
13057600	2412	1121	n
13068031	2414	1121	Time:00:00:00:00;;
13068763	2413	1122	n
13069015	2413	1122	n
13069266	2414	1121	n
13069552	2411	1121	n
13069807	2412	1120	n
13080175	2411	1121	n
13080659	2409	1121	n
13080919	2411	1121	n
13081192	2412	1120	n
13081444	2411	1120	n
13081700	2411	1121	n
13092094	2414	1121	n
13092604	2411	1121	n
13092859	2415	1121	n
13093110	2411	1121	n
13093370	2413	1121	n
13093652	2411	1122	n
13104031	2413	1120	n
13104514	2413	1120	n
13104779	2413	1122	n
13105053	2413	1121	n
13105304	2414	1120	n
13105557	2414	1120	n
13105821	2413	1120	n
13116235	2412	1120	n
13116721	2411	1120	n
13116972	2411	1120	n
13117223	2412	1120	n
13117507	2411	1121	n
13117763	2412	1119	n
13128147	2411	1121	n
13128630	2413	1119	n
13128912	2411	1121	n
13129163	2413	1121	n
13129414	2414	1121	n
13129670	2412	1119	n
13140084	2415	1122	n
13140572	2411	1121	n
13140828	2413	1121	n
13141079	2413	1119	n
13141339	2412	1120	n
13141621	2411	1121	n
13141872	2415	1121	n
13152280	2414	1120	n
13152774	2414	1120	n
13153054	2413	1122	n
13153305	2413	1121	n
13153558	2414	1121	n
13153822	2413	1121	n
13164286	2413	1120	n
13164772	2413	1122	n
13165024	2413	1121	n
13165284	2413	1120	n
13165563	2413	1122	n
13165818	2414	1119	n
13166069	2414	1121	n
13176521	2412	1121	n
13177038	2413	1121	n
13177289	2415	1122	n
13177546	2414	1121	n
13177830	2413	1121	n
13178082	2413	1121	n
13188470	2414	1121	n
13188954	2413	1122	n
13189214	2411	1121	n
13189492	2414	1120	n
13189747	2415	1122	n
13189998	2414	1121	n
13200424	2414	1123	n
13200942	2413	1120	n
13201194	2414	1121	n
13201445	2411	1122	n
13201710	2413	1122	n
13201983	2413	1121	n
13202234	2413	1121	n
13212659	2414	1121	Time:00:00:00:00;;
13213350	2413	1121	n
13213608	2410	1121	n
13213863	2411	1122	n
13214114	2411	1120	n
13224491	2411	1121	n
13224746	2414	1120	n
13224997	2412	1120	n
13225248	2414	1121	n
13225504	2414	1120	n
13225759	2414	1121	n
13236131	2414	1121	n
13236383	2413	1120	n
13236644	2414	1121	n
13236895	2414	1121	n
13237146	2414	1120	n
13237397	2413	1120	n
13247810	2411	1119	n
13248062	2413	1119	n
13248313	2413	1121	n
13248570	2411	1120	n
13248825	2409	1121	n
13249077	2411	1119	n
13249328	2411	1120	n
13259751	2413	1122	n
13260002	2413	1121	n
13260254	2413	1120	n
13260507	2413	1120	n
13260762	2413	1121	n
13261014	2413	1121	n
13271391	2412	1119	n
13271648	2413	1122	n
13271899	2414	1121	n
13272150	2413	1119	n
13272401	2412	1119	n
13272658	2413	1121	n
13283086	2413	1122	n
13283337	2414	1122	n
13283590	2415	1121	n
13283846	2413	1122	n
13284097	2413	1122	n
13284348	2414	1122	n
13294782	2413	1120	n
13295033	2413	1120	n
13295284	2413	1122	n
13295538	2414	1121	n
13295793	2413	1120	n
13296044	2413	1119	n
13306409	2413	1121	n
13306664	2413	1120	n
13306915	2414	1120	n
13307166	2412	1121	n
13307417	2411	1122	n
13307673	2411	1122	n
13307924	2413	1121	n
13318311	2414	1120	n
13318565	2413	1121	n
13318821	2413	1121	n
13319072	2414	1121	n
13319323	2413	1120	n
13319576	2413	1121	n
13329955	2415	1120	n
13330206	2413	1121	n
13330457	2415	1121	n
13330713	2414	1121	n
13330964	2413	1121	n
13331215	2413	1121	n
13341601	2411	1119	n
13341856	2413	1120	n
13342107	2411	1120	n
13342358	2413	1120	n
13342615	2411	1119	n
13342871	2413	1120	n
13353293	2412	1120	n
13353548	2411	1122	n
13353804	2411	1121	n
13354055	2413	1121	n
13354306	2413	1122	n
13354559	2413	1119	n
13364989	2414	1121	n
13365240	2413	1122	n
13365494	2411	1120	n
13365749	2413	1121	n
13366001	2413	1121	n
13366252	2412	1122	n
13376616	2411	1121	n
13376871	2410	1122	n
13377122	2411	1119	n
13377373	2412	1119	n
13377630	2412	1121	n
13377881	2413	1121	n
13378132	2411	1121	n
13388521	2413	1121	n
13388776	2415	1121	n
13389028	2412	1121	n
13389279	2411	1119	n
13389536	2413	1119	n
13389791	2413	1120	n
13400162	2413	1120	n
13400413	2413	1120	n
13400668	2413	1121	n
13400919	2415	1121	n
13401170	2414	1119	n
13401421	2413	1122	n
13411806	2414	1119	n
13412057	2411	1121	n
13412308	2415	1121	n
13412563	2415	1121	n
13412818	2412	1122	n
13413069	2414	1120	n
13423504	2411	1121	n
13423759	2413	1123	n
13424010	2413	1120	n
13424261	2411	1120	n
13424518	2413	1121	n
13424773	2412	1121	n
13435197	2414	1121	n
13435448	2412	1123	n
13435703	2412	1121	n
13435955	2411	1121	n
13436206	2414	1121	n
13436457	2415	1120	n
13446824	2413	1121	n
13447075	2413	1119	n
13447326	2413	1121	n
13447581	2413	1122	n
13447836	2413	1121	n
13448087	2414	1121	n
13448338	2412	1120	n
13458730	2414	1122	n
13458982	2414	1122	n
13459233	2413	1121	n
13459487	2415	1120	n
13459742	2414	1122	n
13459993	2414	1121	n
13470370	2413	1121	n
13470628	2412	1121	n
13470879	2413	1121	n
13471130	2413	1121	n
13471381	2411	1120	n
13471638	2414	1121	n
13482013	2413	1121	n
13482264	2412	1120	n
13482518	2413	1122	n
13482773	2411	1122	n
13483024	2413	1120	n
13483276	2411	1121	n
13493713	2414	1121	n
13493964	2414	1120	n
13494215	2413	1120	n
13494466	2416	1120	n
13494721	2414	1123	n
13494973	2415	1121	n
13505404	2414	1120	n
13505660	2413	1122	n
13505911	2414	1122	n
13506162	2414	1120	n
13506413	2415	1122	n
13506668	2415	1121	n
13517031	2413	1121	n
13517282	2413	1121	n
13517538	2412	1121	n
13517794	2413	1121	n
13518045	2411	1120	n
13518296	2412	1121	n
13518553	2412	1120	n
13528933	2413	1122	n
13529184	2415	1121	n
13529435	2414	1120	n
13529692	2414	1122	n
13529943	2414	1122	n
13530194	2414	1120	n
13540580	2411	1122	n
13540836	2411	1122	n
13541087	2413	1122	n
13541338	2411	1121	n
13541592	2413	1122	n
13541847	2413	1122	n
13552221	2413	1121	n
13552472	2413	1121	n
13552728	2414	1122	n
13552979	2412	1122	n
13553230	2414	1122	n
13553487	2413	1121	n
13563916	2413	1121	n
13564167	2413	1120	n
13564418	2411	1122	n
13564674	2414	1122	n
13564925	2413	1120	n
13565177	2412	1120	n
13575612	2412	1121	n
13575867	2413	1122	n
13576119	2413	1121	n
13576370	2413	1121	n
13576628	2413	1119	n
13576879	2412	1119	n
13587239	2415	1121	n
13587494	2415	1120	n
13587750	2415	1122	n
13588001	2413	1122	n
13588252	2413	1120	n
13588505	2413	1121	n
13588761	2413	1121	n
13599141	2413	1121	n
13599392	2411	1120	n
13599653	2412	1119	n
13599904	2407	1121	n
13600155	2410	1120	n
13600407	2412	1121	n
13610785	2411	1120	n
13611036	2413	1121	n
13611287	2413	1120	n
13611540	2411	1120	n
13611796	2413	1120	n
13612047	2414	1120	n
13622428	2413	1122	n
13622684	2414	1120	n
13622935	2413	1121	n
13623186	2413	1119	n
13623437	2411	1121	n
13623699	2413	1121	n
13634123	2413	1122	n
13634374	2414	1121	n
13634631	2414	1123	n
13634883	2415	1120	n
13635134	2415	1120	n
13635385	2413	1122	n
13645819	2412	1119	n
13646070	2413	1120	n
13646321	2411	1121	n
13646574	2410	1121	n
13646830	2415	1120	n
13647081	2413	1120	n
13657446	2411	1121	n
13657702	2413	1121	n
13657953	2414	1120	n
13658204	2413	1121	n
13658455	2414	1121	n
13658710	2411	1120	n
13658962	2414	1121	n
13669348	2413	1121	n
13669605	2413	1122	n
13669860	2415	1122	n
13670111	2411	1121	n
13670362	2413	1120	n
13670621	2413	1122	n
13680992	2414	1121	n
13681243	2414	1121	n
13681498	2414	1121	n
13681753	2414	1122	n
13682004	2414	1122	n
13682256	2414	1122	n
13692641	2413	1121	n
13692893	2412	1121	n
13693144	2413	1122	n
13693395	2414	1119	n
13693653	2411	1120	n
13693904	2413	1121	n
13704331	2414	1121	n
13704586	2413	1121	n
13704841	2412	1120	n
13705093	2415	1120	n
13705344	2413	1121	n
13705600	2413	1120	n
13716027	2412	1121	n
13716278	2414	1121	n
13716532	2414	1121	n
13716787	2411	1121	n
13717038	2414	1122	n
13717289	2413	1121	n
13727658	2412	1120	n
13727909	2413	1120	n
13728160	2413	1123	n
13728411	2411	1120	n
13728667	2412	1121	n
13728918	2412	1122	n
13729169	2413	1120	n
13739558	2412	1122	n
13739813	2411	1120	n
13740064	2413	1121	n
13740315	2413	1120	n
13740573	2413	1121	n
13740829	2412	1121	n
13751200	2413	1120	n
13751451	2410	1121	n
13751706	2413	1121	n
13751958	2413	1121	n
13752209	2411	1121	n
13752460	2414	1122	n
13762843	2414	1122	n
13763094	2413	1122	n
13763345	2413	1121	n
13763600	2414	1120	n
13763856	2414	1122	n
13764107	2413	1119	n
13774540	2412	1121	n
13774795	2413	1119	n
13775047	2413	1121	n
13775298	2412	1122	n
13775552	2410	1119	n
13775808	2413	1122	n
13786234	2414	1120	n
13786487	2413	1119	n
13786742	2413	1121	n
13786993	2412	1121	n
13787245	2411	1120	n
13787502	2413	1122	n
13797930	2411	1120	n
13798181	2411	1121	n
13798432	2413	1121	n
13798690	2412	1120	n
13798941	2413	1120	n
13799193	2411	1120	n
13799444	2411	1121	n
13809850	2410	1121	n
13810101	2413	1120	n
13810352	2414	1120	n
13810607	2414	1121	n
13810862	2415	1122	n
13811113	2413	1121	n
13821498	2413	1120	n
13821754	2411	1119	n
13822005	2407	1119	n
13822256	2413	1121	n
13822512	2411	1120	n
13822768	2411	1121	n
13833188	2413	1120	n
13833439	2411	1119	n
13833697	2413	1119	n
13833949	2413	1122	n
13834200	2412	1121	n
13834451	2412	1121	n
13844832	2411	1121	n
13845083	2413	1121	n
13845334	2412	1121	n
13845589	2413	1122	n
13845845	2413	1121	n
13846096	2413	1122	n
13856531	2413	1122	n
13856786	2413	1120	n
13857038	2415	1121	n
13857289	2414	1121	n
13857542	2413	1121	n
13857797	2412	1121	n
13868206	2413	1120	n
13868457	2414	1120	n
13868713	2412	1121	n
13868964	2413	1121	n
13869216	2411	1121	n
13869467	2414	1120	n
13869722	2411	1121	n
13880143	2414	1121	n
13880394	2414	1120	n
13880653	2411	1120	n
13880904	2412	1120	n
13881155	2410	1121	n
13881406	2413	1118	n
13891787	2413	1121	n
13892038	2413	1122	n
13892289	2415	1120	n
13892546	2414	1122	n
13892801	2411	1121	n
13893053	2411	1120	n
13903487	2414	1122	n
13903742	2414	1121	n
13903993	2413	1120	n
13904244	2414	1121	n
13904502	2414	1122	n
13904756	2414	1120	n
13915178	2413	1121	n
13915429	2412	1120	n
13915685	2413	1121	n
13915936	2413	1121	n
13916187	2411	1120	n
13916438	2411	1121	n
13926821	2413	1121	n
13927073	2411	1122	n
13927324	2411	1121	n
13927581	2411	1122	n
13927836	2413	1123	n
13928087	2413	1120	n
13938504	2413	1121	n
13938759	2414	1121	n
13939010	2411	1122	n
13939262	2414	1121	n
13939519	2412	1121	n
13939773	2412	1122	n
13940024	2413	1121	n
13950437	2411	1121	n
13950698	2414	1122	n
13950949	2413	1123	n
13951200	2411	1121	n
13951451	2413	1120	n
13951706	2412	1122	n
13962081	2414	1121	n
13962332	2415	1120	n
13962586	2412	1122	n
13962842	2411	1121	n
13963093	2413	1121	n
13963344	2413	1121	n
13973776	2410	1120	n
13974027	2411	1121	n
13974278	2411	1120	n
13974535	2410	1119	n
13974790	2413	1119	n
13975041	2412	1121	n
13985472	2411	1120	n
13985886	2409	1120	n
13986137	2413	1120	n
13986397	2413	1121	n
13986680	2412	1118	n
13986931	2411	1119	n
13997322	2412	1121	n
13997815	2411	1119	n
13998089	2410	1119	n
13998340	2411	1120	n
13998593	2413	1119	n
13998857	2410	1118	n
13999131	2409	1122	n
14009521	2411	1119	Time:00:00:00:00;;
14010215	2411	1118	n
14010501	2413	1120	n
14010756	2411	1119	n
14011008	2412	1121	n
14021404	2412	1118	n
14021917	2413	1120	n
14022168	2413	1119	n
14022419	2414	1121	n
14022675	2413	1120	n
14022957	2412	1121	n
14023208	2414	1121	n
14033587	2414	1121	n
14034067	2413	1121	n
14034327	2414	1121	n
14034607	2413	1121	n
14034863	2414	1122	n
14035114	2413	1122	n
14045538	2412	1121	n
14046051	2411	1121	n
14046302	2410	1120	n
14046555	2412	1119	n
14046819	2411	1120	n
14047093	2410	1119	n
14057457	2414	1121	n
14057939	2413	1121	n
14058200	2411	1121	n
14058473	2412	1120	n
14058729	2413	1120	n
14058980	2411	1120	n
14059241	2413	1121	Time:00:00:00:00;;
14069860	2415	1123	n
14070336	2413	1121	n
14070590	2413	1121	n
14070876	2413	1120	n
14071127	2412	1121	n
14081555	2411	1121	n
14082037	2413	1121	n
14082319	2413	1121	n
14082572	2415	1120	n
14082827	2413	1121	n
14083078	2413	1122	n
14083361	2414	1123	n
14093785	2410	1120	n
14094260	2411	1120	n
14094514	2411	1119	n
14094801	2412	1120	n
14095052	2413	1121	n
14095303	2411	1122	n
14105740	2415	1121	n
14106256	2413	1122	n
14106512	2413	1121	n
14106767	2414	1121	n
14107019	2413	1121	n
14107301	2414	1120	n
14117680	2413	1121	n
14118156	2413	1121	n
14118407	2412	1121	n
14118671	2413	1121	n
14118945	2410	1119	n
14119196	2413	1119	n
14119447	2411	1121	n
14129837	2411	1119	n
14130345	2413	1121	n
14130600	2411	1122	n
14130856	2411	1121	n
14131115	2413	1119	n
14131389	2410	1121	n
14141791	2411	1121	n
14142266	2414	1120	n
14142528	2413	1121	n
14142805	2413	1120	n
14143057	2413	1121	n
14143308	2411	1120	n
14153729	2415	1121	n
14154244	2413	1121	n
14154501	2414	1121	n
14154756	2413	1120	n
14155016	2413	1120	n
14155290	2413	1121	n
14155547	2413	1122	n
14165976	2411	1120	n
14166463	2415	1121	n
14166740	2414	1122	n
14166991	2413	1121	n
14167243	2414	1120	n
14167505	2413	1120	n
14177939	2413	1121	n
14178420	2413	1123	n
14178676	2413	1121	n
14178936	2413	1120	n
14179209	2411	1121	n
14179460	2416	1121	n
14189850	2411	1120	n
14190328	2413	1120	n
14190625	2411	1119	n
14190876	2414	1122	n
14191128	2409	1119	n
14191379	2412	1120	n
14191671	2413	1120	n
14202028	2413	1120	n
14202507	2414	1120	n
14202763	2414	1120	n
14203021	2414	1122	n
14203295	2414	1121	n
14203552	2413	1121	n
14213982	2414	1122	Time:00:00:00:00;;
14214658	2414	1120	n
14214909	2413	1123	n
14215160	2414	1121	n
14215411	2412	1121	n
14215667	2412	1119	n
14226092	2412	1121	n
14226343	2414	1121	n
14226598	2414	1120	n
14226853	2413	1120	n
14227104	2413	1121	n
14227355	2411	1122	n
14237739	2413	1121	n
14237990	2413	1121	n
14238242	2411	1121	n
14238498	2411	1122	n
14238754	2412	1122	n
14239005	2413	1119	n
14249431	2414	1121	n
14249691	2413	1120	n
14249942	2414	1122	n
14250193	2414	1121	n
14250444	2414	1122	n
14250700	2414	1120	n
14261058	2415	1121	n
14261309	2413	1121	n
14261566	2414	1121	n
14261821	2413	1121	n
14262072	2411	1121	n
14262323	2413	1119	n
14272687	2411	1122	n
14272939	2413	1120	n
14273190	2411	1121	n
14273441	2411	1122	n
14273698	2413	1121	n
14273949	2412	1121	n
14284362	2411	1119	n
14284620	2414	1120	n
14284871	2414	1121	n
14285122	2412	1120	n
14285373	2413	1122	n
14285631	2412	1122	n
14285882	2411	1121	n
14296300	2411	1122	n
14296555	2415	1119	n
14296810	2415	1120	n
14297061	2413	1121	n
14297312	2415	1121	n
14297570	2414	1122	n
14307943	2413	1121	n
14308194	2411	1118	n
14308445	2414	1121	n
14308701	2412	1119	n
14308952	2414	1120	n
14309203	2410	1119	n
14319643	2413	1120	n
14319894	2411	1119	n
14320145	2413	1121	n
14320396	2413	1120	n
14320657	2413	1120	n
14320908	2413	1122	n
14331265	2413	1121	n
14331521	2411	1121	n
14331777	2412	1121	n
14332028	2414	1121	n
14332279	2411	1121	n
14332536	2414	1122	n
14342977	2415	1120	n
14343229	2413	1121	n
14343481	2413	1121	n
14343736	2413	1121	n
14343987	2411	1121	n
14344239	2411	1120	n
14354658	2411	1120	n
14354909	2412	1122	n
14355160	2413	1120	n
14355411	2411	1119	n
14355667	2414	1122	n
14355918	2411	1121	n
14356169	2413	1122	n
14366597	2414	1121	n
14366853	2414	1121	n
14367104	2413	1121	n
14367355	2413	1120	n
14367608	2411	1122	n
14367863	2414	1121	n
14378237	2412	1121	n
14378491	2414	1122	n
14378747	2413	1121	n
14378998	2414	1121	n
14379249	2413	1122	n
14379504	2413	1121	n
14389932	2411	1120	n
14390183	2412	1122	n
14390434	2411	1120	n
14390691	2414	1123	n
14390942	2411	1121	n
14391193	2410	1120	n
14401632	2412	1122	n
14401883	2412	1120	n
14402134	2413	1122	n
14402385	2413	1120	n
14402644	2413	1121	n
14402895	2413	1119	n
14413255	2411	1120	n
14413508	2411	1120	n
14413763	2411	1121	n
14414014	2410	1121	n
14414265	2410	1121	n
14414521	2411	1120	n
14414777	2412	1121	n
14425157	2410	1121	n
14425408	2412	1119	n
14425664	2414	1121	n
14425915	2414	1121	n
14426166	2413	1120	n
14426417	2414	1122	n
14436801	2414	1120	n
14437052	2411	1121	n
14437303	2413	1121	n
14437556	2413	1120	n
14437811	2413	1120	n
14438063	2413	1121	n
14448445	2409	1122	n
14448701	2413	1119	n
14448952	2411	1120	n
14449203	2411	1121	n
14449454	2413	1121	n
14449710	2411	1121	n
14460140	2414	1121	n
14460391	2411	1120	n
14460652	2414	1121	n
14460904	2411	1121	n
14461155	2412	1120	n
14461406	2412	1119	n
14471836	2413	1122	n
14472087	2413	1120	n
14472338	2415	1123	n
14472591	2415	1121	n
14472846	2413	1121	n
14473098	2413	1121	n
14483462	2413	1119	n
14483717	2409	1120	n
14483968	2406	1119	n
14484219	2407	1121	n
14484470	2410	1121	n
14484727	2410	1120	n
14484978	2410	1119	n
14495365	2414	1121	n
14495626	2410	1122	n
14495877	2412	1120	n
14496128	2411	1120	n
14496380	2414	1120	n
14496638	2413	1119	n
14507008	2412	1121	n
14507259	2413	1121	n
14507515	2412	1121	n
14507771	2412	1121	n
14508022	2413	1121	n
14508273	2413	1120	n
14518656	2414	1121	n
14518907	2414	1121	n
14519158	2415	1122	n
14519409	2413	1120	n
14519665	2414	1122	n
14519916	2412	1120	n
14530347	2411	1121	n
14530604	2413	1120	n
14530859	2411	1120	n
14531111	2412	1121	n
14531362	2411	1120	n
14531621	2411	1121	n
14542043	2413	1121	n
14542294	2413	1120	n
14542548	2414	1121	n
14542804	2414	1121	n
14543055	2413	1121	n
14543306	2415	1120	n
14553674	2413	1121	n
14553925	2413	1122	n
14554176	2412	1122	n
14554427	2414	1120	n
14554684	2413	1120	n
14554935	2411	1120	n
14555186	2413	1120	n
14565574	2414	1121	n
14565829	2414	1121	n
14566081	2413	1122	n
14566332	2415	1120	n
14566586	2414	1121	n
14566842	2414	1120	n
14577216	2414	1122	n
14577467	2413	1120	n
14577722	2414	1120	n
14577973	2412	1121	n
14578224	2414	1120	n
14578476	2411	1120	n
14588860	2411	1119	n
14589111	2411	1120	n
14589362	2413	1122	n
14589621	2412	1122	n
14589873	2413	1122	n
14590124	2413	1122	n
14600557	2415	1122	n
14600812	2414	1121	n
14601063	2413	1121	n
14601315	2415	1121	n
14601570	2413	1121	n
14601825	2414	1121	n
14612251	2413	1123	n
14612504	2414	1122	n
14612759	2415	1121	n
14613010	2414	1123	n
14613261	2414	1122	n
14613519	2414	1122	n
14623947	2415	1121	n
14624198	2414	1119	n
14624449	2412	1121	n
14624704	2412	1122	n
14624955	2414	1121	n
14625207	2411	1121	n
14625458	2416	1122	n
14635866	2414	1121	n
14636117	2413	1121	n
14636368	2412	1120	n
14636628	2410	1121	n
14636880	2413	1121	n
14637131	2414	1121	n
14647514	2414	1121	n
14647770	2412	1122	n
14648021	2413	1121	n
14648272	2412	1121	n
14648530	2413	1121	n
14648785	2413	1121	n
14659205	2411	1119	n
14659456	2414	1121	n
14659712	2411	1122	n
14659963	2411	1121	n
14660214	2413	1120	n
14660465	2413	1120	n
14670848	2413	1123	n
14671099	2412	1122	n
14671350	2411	1120	n
14671607	2413	1121	n
14671863	2413	1119	n
14672114	2415	1119	n
14682549	2413	1121	n
14682804	2411	1119	n
14683055	2411	1120	n
14683306	2413	1120	n
14683564	2414	1120	n
14683819	2413	1121	n
14694222	2411	1121	n
14694474	2413	1122	n
14694734	2415	1121	n
14694985	2415	1122	n
14695236	2411	1122	n
14695491	2413	1121	n
14695746	2415	1121	n
14706160	2413	1122	n
14706411	2411	1119	n
14706666	2414	1121	n
14706918	2411	1120	n
14707169	2413	1121	n
14707420	2411	1122	n
14717803	2414	1120	n
14718054	2413	1121	n
14718305	2412	1121	n
14718558	2411	1120	n
14718813	2412	1120	n
14719064	2411	1119	n
14729504	2413	1121	n
14729760	2414	1121	n
14730011	2415	1121	n
14730262	2414	1122	n
14730519	2415	1121	n
14730773	2413	1121	n
14741194	2411	1121	n
14741445	2410	1120	n
14741701	2413	1121	n
14741952	2412	1122	n
14742203	2409	1121	n
14742454	2411	1123	n
14752837	2413	1120	n
14753089	2411	1120	n
14753340	2413	1119	n
14753593	2412	1119	n
14753848	2414	1121	n
14754099	2413	1121	n
14764517	2413	1120	n
14764773	2412	1120	n
14765024	2414	1122	n
14765275	2412	1119	n
14765532	2413	1120	n
14765787	2413	1121	n
14766038	2411	1121	n
14776453	2411	1120	n
14776708	2413	1122	n
14776959	2413	1121	n
14777210	2411	1120	n
14777462	2415	1121	n
14777717	2414	1123	n
14788097	2414	1123	n
14788348	2412	1121	n
14788605	2411	1123	n
14788860	2414	1121	n
14789111	2413	1122	n
14789362	2414	1122	n
14799792	2414	1119	n
14800043	2414	1121	n
14800294	2411	1121	n
14800549	2413	1120	n
14800804	2415	1121	n
14801055	2415	1122	n
14811491	2413	1120	n
14811746	2415	1121	n
14811997	2414	1122	n
14812248	2412	1119	n
14812504	2413	1121	n
14812759	2411	1123	n
14823184	2415	1121	n
14823435	2413	1122	n
14823692	2413	1121	n
14823943	2414	1121	n
14824194	2415	1122	n
14824446	2413	1121	n
14824701	2413	1120	n
14835103	2414	1121	n
14835354	2413	1120	n
14835607	2414	1122	n
14835863	2411	1119	n
14836114	2414	1120	n
14836365	2414	1120	n
14846751	2412	1122	n
14847002	2411	1121	n
14847253	2414	1120	n
14847507	2413	1121	n
14847762	2411	1121	n
14848013	2414	1119	n
14858374	2411	1121	n
14858631	2413	1122	n
14858882	2411	1120	n
14859133	2412	1122	n
14859384	2412	1121	n
14859644	2414	1121	n
14870086	2415	1121	n
14870337	2415	1122	n
14870590	2415	1121	n
14870846	2411	1121	n
14871097	2413	1120	n
14871348	2414	1122	n
14881782	2413	1121	n
14882033	2414	1120	n
14882284	2413	1118	n
14882538	2411	1119	n
14882793	2413	1118	n
14883044	2414	1120	n
14893460	2414	1120	n
14893716	2412	1120	n
14893967	2413	1120	n
14894218	2412	1121	n
14894469	2410	1119	n
14894726	2413	1120	n
14894977	2413	1120	n
14905397	2411	1119	n
14905657	2412	1121	n
14905908	2415	1121	n
14906159	2413	1120	n
14906411	2414	1120	n
14906666	2414	1121	n
14917041	2414	1122	n
14917292	2413	1122	n
14917549	2413	1121	n
14917804	2414	1122	n
14918055	2413	1121	n
14918306	2414	1120	n
14928738	2411	1121	n
14928990	2411	1121	n
14929241	2411	1121	n
14929498	2411	1119	n
14929753	2414	1120	n
14930005	2411	1119	n
14940363	2414	1122	n
14940620	2413	1122	n
14940871	2413	1122	n
14941122	2411	1119	n
14941373	2413	1120	n
14941631	2412	1121	n
14951989	2414	1121	n
14952240	2415	1120	n
14952494	2415	1120	n
14952749	2413	1121	n
14953000	2413	1121	n
14953251	2413	1121	n
14963667	2413	1120	n
14963918	2415	1121	n
14964170	2413	1122	n
14964421	2414	1123	n
14964677	2413	1121	n
14964928	2413	1122	n
14965179	2413	1120	n
14975607	2411	1121	n
14975862	2411	1121	n
14976114	2411	1120	n
14976365	2415	1120	n
14976626	2415	1121	n
14976878	2411	1120	n
14987248	2415	1121	n
14987716	2414	1121	n
14987968	2414	1122	n
14988219	2413	1121	n
14988480	2411	1121	n
14988758	2411	1121	n
14999116	2415	1121	n
14999597	2413	1121	n
14999862	2413	1121	n
15000136	2412	1121	n
15000387	2414	1121	n
15000649	2415	1122	n
15011037	2414	1121	Time:00:00:00:00;;
15011769	2411	1120	n
15012020	2414	1121	n
15012280	2413	1120	n
15012556	2414	1120	n
15012812	2414	1120	n
15023180	2411	1121	n
15023665	2413	1121	n
15023947	2412	1121	n
15024198	2412	1120	n
15024450	2411	1122	n
15024704	2413	1121	n
15035134	2414	1121	n
15035629	2414	1119	n
15035880	2414	1122	n
15036131	2414	1122	n
15036413	2413	1121	n
15036669	2413	1120	n
15036920	2411	1120	n
15047278	2415	1123	n
15047771	2414	1120	n
15048045	2415	1121	n
15048296	2415	1122	n
15048553	2413	1121	n
15048816	2415	1121	n
15059240	2413	1121	Time:00:00:00:00;;
15059942	2411	1121	n
15060202	2413	1121	n
15060476	2412	1120	n
15060734	2411	1122	n
15060985	2413	1123	n
15071342	2413	1122	n
15071855	2413	1122	n
15072107	2413	1123	n
15072358	2412	1120	n
15072611	2413	1122	n
15072895	2411	1120	n
15083314	2413	1120	n
15083797	2413	1121	n
15084048	2413	1121	n
15084331	2414	1122	n
15084587	2411	1122	n
15084842	2412	1121	n
15095251	2415	1123	n
15095766	2415	1122	n
15096017	2411	1122	n
15096268	2413	1121	n
15096522	2415	1121	n
15096810	2413	1121	n
15097062	2413	1121	n
15107482	2413	1120	n
15107969	2414	1121	n
15108251	2412	1121	n
15108504	2413	1120	n
15108760	2411	1121	n
15109011	2412	1121	n
15119435	2412	1120	n
15119926	2414	1120	n
15120177	2411	1121	n
15120428	2412	1120	n
15120694	2413	1120	n
15120968	2413	1120	n
15131389	2415	1121	n
15131874	2415	1121	n
15132134	2412	1121	n
15132408	2413	1120	n
15132663	2413	1121	n
15132915	2412	1120	n
15133174	2413	1121	n
15143629	2414	1120	n
15144106	2413	1121	n
15144357	2413	1122	n
15144623	2413	1122	n
15144896	2413	1121	n
15145147	2414	1121	n
15155575	2413	1121	n
15156071	2414	1121	n
15156344	2413	1121	n
15156600	2413	1121	n
15156856	2413	1121	n
15157116	2411	1121	n
15167531	2412	1119	n
15168014	2413	1121	n
15168265	2414	1120	n
15168529	2413	1121	n
15168807	2414	1122	n
15169058	2413	1120	n
15169309	2413	1121	n
15179676	2413	1121	n
15180189	2414	1121	n
15180440	2412	1122	n
15180699	2413	1121	n
15180959	2413	1122	n
15181232	2414	1121	n
15191631	2411	1120	n
15192114	2411	1123	n
15192366	2413	1120	n
15192655	2413	1120	n
15192907	2413	1120	n
15193158	2413	1120	n
15203581	2414	1120	n
15204093	2411	1121	n
15204345	2410	1122	n
15204600	2413	1121	n
15204856	2411	1120	n
15205138	2413	1120	n
15205389	2411	1121	n
15215811	2413	1122	Time:00:00:00:00;;
15216434	2411	1120	n
15216691	2411	1121	n
15216942	2415	1120	n
15217193	2413	1120	n
15227560	2413	1120	n
15227816	2413	1121	n
15228067	2415	1121	n
15228318	2412	1120	n
15228573	2413	1121	n
15228828	2413	1121	n
15239201	2413	1121	n
15239453	2410	1120	n
15239708	2414	1122	n
15239959	2412	1119	n
15240210	2414	1121	n
15240462	2416	1120	n
15250880	2413	1120	n
15251132	2411	1120	n
15251383	2411	1122	n
15251644	2411	1121	n
15251895	2411	1121	n
15252146	2412	1121	n
15252397	2411	1119	n
15262817	2413	1121	n
15263068	2413	1122	n
15263319	2413	1121	n
15263573	2413	1120	n
15263828	2413	1120	n
15264079	2414	1121	n
15274461	2415	1121	n
15274716	2412	1121	n
15274967	2412	1121	n
15275218	2413	1119	n
15275470	2414	1120	n
15275726	2413	1119	n
15286156	2412	1122	n
15286407	2414	1120	n
15286663	2414	1121	n
15286914	2411	1121	n
15287165	2414	1121	n
15287416	2415	1122	n
15297852	2413	1121	n
15298103	2414	1122	n
15298354	2413	1120	n
15298607	2413	1121	n
15298862	2414	1120	n
15299113	2411	1121	n
15309479	2411	1121	n
15309736	2413	1122	n
15309987	2414	1121	n
15310238	2415	1121	n
15310494	2415	1119	n
15310750	2412	1121	n
15311001	2413	1121	n
15321381	2414	1120	n
15321638	2411	1122	n
15321889	2412	1119	n
15322140	2414	1121	n
15322392	2414	1120	n
15322653	2411	1120	n
15333025	2414	1122	n
15333276	2411	1120	n
15333532	2411	1121	n
15333787	2411	1119	n
15334038	2414	1120	n
15334289	2412	1119	n
15344672	2411	1121	n
15344923	2411	1120	n
15345174	2413	1121	n
15345425	2413	1122	n
15345681	2413	1122	n
15345932	2413	1121	n
15356363	2415	1121	n
15356621	2413	1121	n
15356873	2414	1122	n
15357124	2411	1121	n
15357375	2414	1121	n
15357632	2413	1121	n
15368059	2413	1122	n
15368310	2413	1121	n
15368566	2412	1122	n
15368821	2411	1120	n
15369072	2414	1121	n
15369323	2413	1121	n
15379688	2414	1121	n
15379939	2413	1120	n
15380190	2413	1121	n
15380441	2411	1120	n
15380699	2412	1121	n
15380950	2412	1120	n
15381201	2410	1120	n
15391590	2414	1119	n
15391845	2411	1122	n
15392096	2414	1121	n
15392347	2415	1121	n
15392604	2413	1122	n
15392860	2413	1121	n
15403232	2414	1121	n
15403487	2414	1121	n
15403742	2415	1121	n
15403994	2414	1121	n
15404245	2415	1121	n
15404502	2413	1123	n
15414876	2411	1121	n
15415127	2414	1122	n
15415378	2415	1122	n
15415639	2412	1121	n
15415890	2414	1119	n
15416141	2413	1121	n
15426573	2412	1121	n
15426829	2411	1121	n
15427080	2413	1121	n
15427331	2413	1121	n
15427586	2413	1121	n
15427842	2411	1121	n
15438267	2413	1119	n
15438521	2413	1121	n
15438775	2413	1122	n
15439026	2413	1121	n
15439277	2415	1121	n
15439532	2415	1120	n
15449894	2414	1121	n
15450145	2414	1122	n
15450396	2412	1121	n
15450657	2413	1121	n
15450908	2415	1121	n
15451159	2414	1121	n
15451410	2414	1121	n
15461796	2412	1120	n
15462047	2412	1122	n
15462298	2413	1119	n
15462555	2411	1120	n
15462810	2414	1119	n
15463061	2412	1121	n
15473440	2413	1120	n
15473698	2411	1120	n
15473949	2413	1120	n
15474200	2413	1121	n
15474451	2411	1121	n
15474707	2411	1119	n
15485083	2415	1121	n
15485334	2415	1120	n
15485589	2413	1121	n
15485845	2413	1122	n
15486096	2413	1121	n
15486347	2414	1121	n
15496778	2413	1122	n
15497029	2415	1121	n
15497280	2414	1122	n
15497535	2414	1121	n
15497790	2413	1122	n
15498041	2413	1122	n
15508474	2412	1122	n
15508734	2413	1121	n
15508985	2412	1121	n
15509236	2413	1122	n
15509491	2413	1121	n
15509746	2413	1119	n
15520170	2412	1120	n
15520421	2413	1123	n
15520676	2413	1120	n
15520927	2413	1120	n
15521178	2410	1121	n
15521430	2414	1120	n
15521686	2413	1121	n
15532090	2414	1121	n
15532341	2414	1123	n
15532598	2412	1119	n
15532853	2414	1122	n
15533104	2414	1120	n
15533355	2413	1121	n
15543737	2411	1123	n
15543988	2411	1121	n
15544239	2411	1121	n
15544493	2413	1120	n
15544749	2414	1121	n
15545000	2414	1119	n
15555360	2415	1121	n
15555615	2412	1121	n
15555870	2413	1123	n
15556121	2411	1121	n
15556372	2414	1121	n
15556629	2413	1122	n
15566986	2413	1121	n
15567237	2414	1121	n
15567494	2412	1120	n
15567750	2411	1122	n
15568001	2413	1122	n
15568252	2413	1121	n
15578686	2414	1120	n
15578937	2415	1122	n
15579188	2411	1120	n
15579439	2412	1121	n
15579699	2412	1121	n
15579950	2414	1121	n
15590309	2414	1121	n
15590566	2413	1120	n
15590821	2413	1122	n
15591072	2412	1120	n
15591323	2413	1120	n
15591576	2414	1121	n
15591832	2413	1121	n
15602211	2411	1122	n
15602462	2414	1121	n
15602718	2413	1121	n
15602969	2412	1121	n
15603220	2413	1123	n
15603471	2410	1121	n
15613855	2413	1121	n
15614106	2413	1122	n
15614357	2412	1121	n
15614610	2415	1120	n
15614865	2413	1121	n
15615117	2412	1120	n
15625501	2413	1122	n
15625756	2415	1121	n
15626007	2414	1121	n
15626258	2415	1121	n
15626515	2413	1121	n
15626770	2413	1121	n
15637193	2413	1121	n
15637444	2411	1120	n
15637700	2413	1119	n
15637952	2413	1120	n
15638203	2412	1120	n
15638454	2410	1121	n
15648889	2411	1120	n
15649140	2413	1121	n
15649391	2411	1121	n
15649652	2412	1121	n
15649904	2411	1121	n
15650155	2412	1120	n
15660521	2412	1120	n
15660777	2413	1122	n
15661028	2413	1121	n
15661279	2412	1120	n
15661536	2413	1122	n
15661791	2414	1122	n
15662043	2413	1122	n
15672418	2412	1122	n
15672674	2411	1121	n
15672925	2412	1121	n
15673176	2413	1122	n
15673427	2413	1121	n
15673683	2414	1121	n
15684062	2414	1120	n
15684313	2414	1121	n
15684570	2411	1122	n
15684826	2411	1121	n
15685077	2414	1121	n
15685328	2412	1121	n
15695710	2413	1119	n
15695961	2412	1121	n
15696212	2413	1121	n
15696463	2415	1122	n
15696719	2414	1120	n
15696970	2412	1121	n
15707401	2415	1120	n
15707657	2413	1123	n
15707909	2412	1122	n
15708160	2412	1121	n
15708411	2414	1121	n
15708666	2413	1120	n
15719097	2413	1123	n
15719348	2414	1121	n
15719604	2413	1122	n
15719860	2413	1120	n
15720111	2415	1119	n
15720362	2413	1122	n
15730793	2411	1121	n
15731044	2414	1121	n
15731295	2413	1122	n
15731549	2414	1120	n
15731805	2413	1120	n
15732056	2413	1121	n
15732307	2412	1121	n
15742716	2411	1121	n
15742967	2413	1121	n
15743218	2415	1122	n
15743470	2413	1120	n
15743725	2415	1121	n
15743976	2414	1121	n
15754356	2413	1123	n
15754609	2415	1122	n
15754864	2414	1120	n
15755115	2414	1120	n
15755366	2414	1121	n
15755626	2411	1123	n
15765983	2411	1122	n
15766234	2411	1119	n
15766487	2412	1119	n
15766743	2411	1120	n
15766994	2410	1120	n
15767245	2413	1120	n
15777608	2413	1120	n
15777863	2411	1121	n
15778115	2411	1121	n
15778366	2411	1121	n
15778625	2411	1121	n
15778876	2411	1120	n
15789304	2413	1121	n
15789557	2415	1121	n
15789812	2414	1119	n
15790063	2414	1121	n
15790314	2414	1122	n
15790569	2411	1121	n
15800931	2414	1122	n
15801182	2415	1121	n
15801433	2413	1121	n
15801691	2413	1122	n
15801942	2414	1121	n
15802193	2414	1120	n
15802444	2411	1120	n
15812833	2412	1121	n
15813084	2413	1121	n
15813335	2416	1122	n
15813589	2414	1121	n
15813845	2411	1122	n
15814096	2413	1120	n
15824477	2414	1122	n
15824734	2413	1122	n
15824985	2412	1120	n
15825236	2414	1122	n
15825491	2414	1121	n
15825746	2415	1121	n
15836121	2414	1121	n
15836372	2415	1122	n
15836629	2414	1120	n
15836880	2414	1121	n
15837131	2412	1120	n
15837382	2414	1121	n
15847816	2414	1121	n
15848067	2413	1121	n
15848318	2415	1122	n
15848572	2411	1122	n
15848827	2415	1120	n
15849078	2415	1121	n
15859515	2413	1122	n
15859770	2412	1121	n
15860022	2414	1121	n
15860273	2413	1121	n
15860529	2411	1121	n
15860785	2414	1121	n
15871208	2411	1121	n
15871459	2415	1121	n
15871714	2413	1121	n
15871966	2411	1120	n
15872217	2414	1120	n
15872468	2414	1121	n
15872723	2411	1121	n
15883127	2414	1121	n
15883378	2414	1123	n
15883639	2413	1121	n
15883890	2414	1120	n
15884141	2414	1121	n
15884392	2413	1121	n
15894773	2413	1121	n
15895024	2415	1121	n
15895275	2414	1121	n
15895532	2414	1121	n
15895787	2414	1120	n
15896038	2414	1121	n
15906398	2413	1120	n
15906658	2413	1121	n
15906909	2414	1122	n
15907160	2413	1120	n
15907411	2413	1121	n
15907667	2411	1121	n
15918023	2414	1120	n
15918274	2414	1121	n
15918529	2411	1120	n
15918785	2411	1121	n
15919036	2411	1120	n
15919287	2413	1119	n
15929719	2413	1122	n
15929970	2413	1121	n
15930221	2415	1124	n
15930472	2412	1122	n
15930728	2414	1121	n
15930980	2413	1120	n
15941346	2413	1120	n
15941600	2412	1121	n
15941855	2413	1120	n
15942106	2415	1122	n
15942357	2413	1120	n
15942610	2412	1119	n
15942866	2409	1120	n
15953248	2412	1121	n
15953504	2410	1121	n
15953759	2411	1121	n
15954011	2413	1120	n
15954262	2413	1122	n
15954519	2411	1121	n
15964892	2412	1121	n
15965143	2413	1121	n
15965394	2416	1121	n
15965653	2414	1121	n
15965904	2414	1122	n
15966155	2414	1121	n
15976538	2414	1121	n
15976793	2413	1120	n
15977044	2414	1120	n
15977295	2413	1122	n
15977552	2413	1123	n
15977808	2413	1122	n
15988231	2413	1121	n
15988723	2411	1121	n
15988974	2412	1121	n
15989225	2413	1122	n
15989491	2411	1121	n
15989770	2414	1122	n
16000169	2413	1121	n
16000653	2413	1120	n
16000913	2414	1121	n
16001186	2413	1119	n
16001437	2411	1121	n
16001698	2414	1120	n
16001958	2412	1121	n
16012419	2414	1124	Time:00:00:00:00;;
16013115	2412	1119	n
16013375	2412	1120	n
16013659	2413	1121	n
16013910	2414	1123	n
16024336	2415	1121	n
16024827	2414	1122	n
16025101	2415	1122	n
16025352	2415	1121	n
16025607	2414	1122	n
16025871	2413	1121	n
16026145	2414	1122	n
16036569	2413	1121	n
16037050	2413	1119	n
16037310	2411	1120	n
16037590	2413	1119	n
16037845	2411	1121	n
16038096	2414	1121	n
16048522	2415	1121	n
16049034	2414	1122	n
16049285	2415	1121	n
16049539	2414	1120	n
16049803	2414	1120	n
16050079	2414	1120	n
16060457	2415	1123	Time:00:00:00:00;;
16061153	2414	1122	n
16061435	2413	1121	n
16061693	2413	1121	n
16061944	2411	1121	n
16062195	2413	1121	n
16072586	2413	1121	n
16073076	2415	1119	n
16073327	2412	1119	n
16073583	2412	1122	n
16073848	2413	1121	n
16074121	2410	1119	n
16084540	2413	1119	n
16085021	2415	1121	n
16085280	2414	1121	n
16085556	2413	1122	n
16085811	2413	1122	n
16086062	2414	1121	n
16086323	2413	1122	n
16096772	2414	1121	n
16097249	2412	1121	n
16097504	2411	1121	n
16097766	2413	1121	n
16098039	2413	1121	n
16098291	2413	1121	n
16108726	2414	1121	n
16109217	2415	1122	n
16109494	2414	1121	n
16109749	2415	1121	n
16110001	2413	1120	n
16110260	2414	1122	n
16120681	2413	1121	n
16121158	2413	1121	n
16121409	2411	1119	n
16121673	2411	1119	n
16121947	2410	1121	n
16122198	2413	1120	n
16122449	2413	1119	n
16132821	2413	1121	n
16133329	2412	1123	n
16133583	2413	1121	n
16133838	2413	1121	n
16134098	2413	1121	n
16134372	2413	1121	n
16144775	2414	1122	n
16145253	2414	1122	n
16145506	2414	1121	n
16145793	2414	1121	n
16146044	2413	1121	n
16146295	2410	1121	n
16156729	2414	1122	n
16157242	2414	1122	n
16157498	2413	1122	n
16157753	2413	1122	n
16158012	2413	1122	n
16158285	2414	1121	n
16158538	2414	1121	n
16168960	2411	1120	n
16169439	2413	1120	n
16169726	2414	1121	n
16169977	2414	1121	n
16170229	2411	1121	n
16170481	2413	1121	n
16180922	2414	1120	n
16181404	2413	1119	n
16181660	2409	1120	n
16181911	2411	1120	n
16182194	2409	1120	n
16182445	2410	1120	n
16192851	2411	1121	n
16193334	2413	1119	n
16193626	2412	1121	n
16193877	2413	1121	n
16194128	2413	1121	n
16194379	2413	1121	n
16194670	2414	1122	n
16205098	2412	1121	n
16205581	2412	1119	n
16205836	2414	1122	n
16206119	2410	1119	n
16206370	2411	1121	n
16206628	2413	1121	n
16217052	2413	1121	Time:00:00:00:00;;
16217663	2414	1121	n
16217914	2412	1121	n
16218165	2414	1120	n
16218416	2413	1121	n
16218672	2411	1121	n
16229076	2413	1122	n
16229327	2414	1122	n
16229583	2412	1121	n
16229838	2413	1121	n
16230090	2414	1122	n
16230341	2413	1121	n
16240724	2413	1120	n
16240975	2413	1123	n
16241226	2414	1121	n
16241478	2411	1121	n
16241734	2411	1122	n
16241985	2414	1121	n
16252346	2413	1122	n
16252600	2413	1121	n
16252855	2414	1120	n
16253106	2413	1121	n
16253358	2415	1122	n
16253610	2413	1121	n
16263972	2413	1121	n
16264223	2411	1121	n
16264474	2413	1120	n
16264734	2413	1120	n
16264985	2413	1119	n
16265236	2413	1120	n
16275672	2411	1121	n
16275923	2415	1121	n
16276174	2413	1121	n
16276425	2414	1122	n
16276681	2413	1119	n
16276933	2413	1121	n
16287295	2412	1123	n
16287549	2413	1121	n
16287804	2413	1121	n
16288055	2415	1121	n
16288306	2413	1121	n
16288564	2413	1120	n
16288819	2413	1121	n
16299197	2413	1122	n
16299448	2411	1122	n
16299704	2413	1120	n
16299955	2413	1120	n
16300206	2413	1121	n
16300457	2415	1121	n
16310841	2411	1122	n
16311092	2413	1123	n
16311343	2413	1121	n
16311598	2413	1122	n
16311853	2413	1121	n
16312104	2412	1120	n
16322487	2414	1121	n
16322742	2413	1121	n
16322993	2414	1121	n
16323245	2414	1122	n
16323502	2414	1120	n
16323757	2412	1121	n
16334180	2412	1121	n
16334431	2413	1121	n
16334691	2414	1121	n
16334942	2412	1121	n
16335193	2414	1121	n
16335444	2413	1119	n
16345876	2413	1120	n
16346127	2413	1119	n
16346378	2413	1121	n
16346639	2411	1121	n
16346890	2414	1122	n
16347141	2414	1120	n
16357504	2413	1119	n
16357759	2413	1121	n
16358010	2414	1121	n
16358261	2411	1119	n
16358518	2412	1120	n
16358773	2411	1120	n
16359024	2413	1121	n
16369405	2415	1120	n
16369661	2414	1121	n
16369912	2414	1121	n
16370163	2413	1120	n
16370414	2414	1122	n
16370670	2413	1121	n
16381048	2414	1121	n
16381299	2414	1123	n
16381555	2410	1119	n
16381810	2413	1121	n
16382061	2414	1120	n
16382313	2412	1121	n
16392696	2413	1121	n
16392947	2413	1121	n
16393198	2411	1122	n
16393450	2411	1121	n
16393704	2413	1122	n
16393956	2413	1121	n
16404387	2411	1120	n
16404648	2413	1120	n
16404899	2411	1121	n
16405150	2412	1121	n
16405401	2411	1119	n
16405658	2413	1120	n
16416083	2414	1121	n
16416334	2415	1122	n
16416589	2413	1121	n
16416845	2413	1122	n
16417096	2411	1120	n
16417347	2412	1122	n
16427710	2414	1121	n
16427961	2411	1122	n
16428212	2414	1120	n
16428463	2415	1120	n
16428719	2414	1120	n
16428970	2413	1120	n
16429221	2414	1122	n
16439621	2413	1121	n
16439872	2413	1120	n
16440124	2414	1121	n
16440375	2412	1120	n
16440632	2413	1120	n
16440883	2413	1120	n
16451256	2411	1121	n
16451512	2413	1121	n
16451768	2414	1121	n
16452019	2414	1121	n
16452270	2415	1121	n
16452523	2414	1122	n
16462900	2414	1122	n
16463151	2415	1121	n
16463402	2414	1121	n
16463658	2414	1121	n
16463909	2414	1121	n
16464161	2413	1122	n
16474598	2411	1121	n
16474853	2412	1121	n
16475104	2413	1120	n
16475356	2413	1119	n
16475609	2414	1120	n
16475864	2414	1121	n
16486291	2413	1121	n
16486546	2414	1121	n
16486801	2413	1120	n
16487052	2413	1119	n
16487303	2411	1120	n
16487557	2411	1119	n
16497917	2414	1122	n
16498168	2413	1121	n
16498419	2413	1123	n
16498674	2415	1120	n
16498925	2414	1121	n
16499176	2413	1122	n
16499427	2413	1122	n
16509820	2414	1122	n
16510071	2413	1121	n
16510322	2414	1122	n
16510576	2414	1120	n
16510831	2415	1121	n
16511082	2414	1120	n
16521463	2414	1121	n
16521718	2412	1122	n
16521970	2410	1121	n
16522221	2411	1121	n
16522472	2411	1122	n
16522728	2413	1121	n
16533107	2412	1120	n
16533358	2413	1120	n
16533610	2413	1122	n
16533866	2411	1121	n
16534117	2411	1122	n
16534368	2415	1121	n
16544802	2411	1119	n
16545053	2415	1119	n
16545304	2414	1119	n
16545558	2414	1122	n
16545813	2413	1120	n
16546065	2412	1121	n
16556501	2411	1120	n
16556756	2413	1121	n
16557007	2414	1121	n
16557258	2411	1120	n
16557515	2413	1121	n
16557770	2414	1120	n
16568194	2413	1121	n
16568445	2412	1121	n
16568701	2412	1121	n
16568952	2413	1122	n
16569203	2414	1119	n
16569454	2413	1121	n
16569710	2413	1121	n
16580113	2413	1121	n
16580364	2412	1121	n
16580626	2414	1120	n
16580877	2413	1121	n
16581128	2411	1120	n
16581379	2411	1121	n
16591761	2415	1121	n
16592012	2415	1120	n
16592263	2411	1121	n
16592518	2414	1121	n
16592773	2414	1122	n
16593025	2413	1122	n
16603384	2413	1123	n
16603644	2416	1121	n
16603895	2411	1121	n
16604146	2410	1123	n
16604397	2413	1121	n
16604657	2411	1120	n
16615096	2414	1121	n
16615347	2413	1121	n
16615604	2413	1120	n
16615860	2415	1120	n
16616111	2412	1121	n
16616362	2413	1120	n
16626792	2413	1120	n
16627043	2414	1121	n
16627294	2414	1121	n
16627548	2414	1119	n
16627804	2415	1121	n
16628055	2415	1121	n
16638470	2414	1122	n
16638727	2413	1121	n
16638978	2415	1121	n
16639229	2414	1121	n
16639481	2414	1120	n
16639737	2413	1122	n
16639988	2414	1121	n
16650407	2412	1121	n
16650663	2413	1122	n
16650914	2412	1120	n
16651165	2413	1120	n
16651416	2415	1123	n
16651671	2415	1121	n
16662051	2414	1121	n
16662302	2414	1120	n
16662555	2413	1121	n
16662810	2413	1121	n
16663061	2413	1121	n
16663312	2413	1121	n
16673749	2413	1121	n
16674000	2414	1121	n
16674251	2413	1122	n
16674505	2411	1122	n
16674760	2413	1121	n
16675011	2413	1122	n
16685373	2412	1121	n
16685630	2411	1121	n
16685882	2414	1120	n
16686133	2414	1121	n
16686384	2414	1122	n
16686644	2411	1122	n
16697085	2413	1119	n
16697337	2413	1120	n
16697590	2412	1121	n
16697845	2411	1121	n
16698096	2413	1120	n
16698347	2412	1119	n
16708764	2410	1119	n
16709016	2415	1120	n
16709267	2414	1122	n
16709521	2412	1121	n
16709776	2413	1121	n
16710027	2415	1120	n
16710278	2415	1120	n
16720704	2414	1122	n
16720956	2413	1123	n
16721207	2413	1121	n
16721458	2414	1122	n
16721714	2413	1121	n
16721965	2413	1123	n
16732345	2415	1121	n
16732600	2411	1123	n
16732855	2413	1123	n
16733107	2414	1123	n
16733358	2413	1121	n
16733611	2413	1121	n
16744040	2412	1122	n
16744291	2413	1120	n
16744546	2413	1121	n
16744801	2414	1121	n
16745053	2414	1120	n
16745304	2412	1122	n
16755736	2413	1123	n
16755987	2414	1121	n
16756238	2412	1120	n
16756494	2414	1121	n
16756749	2415	1121	n
16757000	2413	1119	n
16767362	2415	1122	n
16767621	2413	1123	n
16767872	2413	1122	n
16768124	2414	1122	n
16768375	2413	1121	n
16768632	2413	1122	n
16768883	2410	1122	n
16779265	2414	1120	n
16779521	2411	1120	n
16779777	2413	1120	n
16780028	2411	1120	n
16780279	2413	1121	n
16780536	2411	1120	n
16790908	2411	1121	n
16791159	2413	1120	n
16791410	2411	1119	n
16791665	2414	1120	n
16791916	2414	1121	n
16792167	2411	1121	n
16802555	2414	1121	n
16802810	2413	1120	n
16803061	2413	1121	n
16803312	2414	1122	n
16803566	2414	1123	n
16803821	2413	1122	n
16814247	2413	1122	n
16814504	2413	1123	n
16814759	2413	1121	n
16815011	2413	1120	n
16815262	2414	1123	n
16815519	2412	1122	n
16825943	2413	1120	n
16826194	2413	1120	n
16826445	2413	1122	n
16826701	2414	1121	n
16826952	2414	1121	n
16827203	2413	1121	n
16837570	2413	1121	n
16837825	2414	1120	n
16838077	2412	1122	n
16838328	2411	1120	n
16838583	2414	1119	n
16838838	2414	1121	n
16839089	2413	1121	n
16849472	2413	1121	n
16849728	2413	1121	n
16849980	2413	1123	n
16850231	2412	1122	n
16850487	2415	1120	n
16850743	2414	1121	n
16861116	2414	1123	n
16861367	2414	1122	n
16861626	2414	1120	n
16861877	2415	1123	n
16862128	2414	1122	n
16862379	2413	1122	n
16872764	2414	1121	n
16873015	2413	1120	n
16873266	2413	1122	n
16873521	2412	1121	n
16873777	2411	1122	n
16874028	2413	1122	n
16884455	2413	1121	n
16884711	2413	1121	n
16884962	2411	1122	n
16885213	2411	1121	n
16885464	2414	1121	n
16885719	2414	1121	n
16896151	2413	1122	n
16896402	2411	1121	n
16896658	2413	1121	n
16896909	2413	1123	n
16897161	2415	1122	n
16897412	2414	1122	n
16907777	2413	1121	n
16908028	2415	1122	n
16908279	2415	1121	n
16908536	2414	1121	n
16908791	2415	1122	n
16909042	2413	1121	n
16909293	2414	1122	n
16919684	2413	1121	n
16919935	2411	1120	n
16920187	2414	1121	n
16920438	2411	1121	n
16920698	2414	1121	n
16920949	2411	1121	n
16931323	2414	1122	n
16931576	2413	1121	n
16931831	2414	1121	n
16932082	2413	1120	n
16932334	2414	1121	n
16932590	2411	1121	n
16942967	2414	1123	n
16943218	2414	1121	n
16943469	2414	1121	n
16943725	2413	1122	n
16943976	2413	1121	n
16944227	2414	1121	n
16954667	2414	1121	n
16954918	2415	1122	n
16955169	2414	1119	n
16955420	2413	1123	n
16955676	2414	1122	n
16955927	2413	1121	n
16966358	2413	1121	n
16966611	2413	1120	n
16966866	2412	1121	n
16967117	2414	1121	n
16967368	2414	1120	n
16967629	2411	1119	n
16977985	2412	1121	n
16978236	2411	1120	n
16978491	2414	1121	n
16978746	2412	1122	n
16978997	2415	1121	n
16979279	2413	1121	n
16979535	2413	1121	n
16989973	2414	1122	n
16990449	2412	1122	n
16990736	2415	1121	n
16990987	2414	1119	n
16991238	2414	1120	n
16991494	2413	1123	n
17001936	2414	1121	n
17002412	2410	1121	n
17002668	2413	1122	n
17002919	2413	1120	Time:00:00:00:00;;
17003416	2411	1122	n
17013830	2412	1121	n
17014307	2413	1120	n
17014573	2413	1121	n
17014851	2414	1121	n
17015102	2413	1120	n
17015353	2414	1121	n
17015621	2413	1120	n
17026032	2414	1121	n
17026512	2413	1120	n
17026768	2412	1122	n
17027028	2413	1120	n
17027301	2413	1122	n
17027555	2415	1121	n
17037946	2415	1121	n
17038431	2413	1121	n
17038713	2414	1119	n
17038965	2413	1122	n
17039216	2414	1122	n
17039475	2413	1122	n
17049882	2413	1121	n
17050361	2412	1121	n
17050621	2414	1120	n
17050881	2412	1121	n
17051155	2413	1121	n
17051406	2411	1119	n
17051662	2413	1120	n
17062078	2413	1122	Time:00:00:00:00;;
17062808	2411	1120	n
17063059	2412	1121	n
17063310	2413	1121	n
17063598	2412	1120	n
17073964	2415	1121	n
17074441	2412	1122	n
17074698	2415	1123	n
17074958	2415	1122	n
17075232	2415	1123	n
17075487	2416	1123	n
17075743	2415	1121	n
17086142	2415	1121	n
17086659	2414	1122	n
17086910	2414	1121	n
17087161	2415	1122	n
17087421	2413	1123	n
17087699	2412	1121	n
17098096	2411	1120	n
17098576	2411	1122	n
17098840	2413	1121	n
17099113	2411	1121	n
17099364	2411	1121	n
17099625	2411	1120	n
17110017	2411	1120	n
17110536	2413	1119	n
17110791	2413	1121	n
17111042	2413	1119	n
17111302	2414	1121	n
17111580	2412	1121	n
17111836	2414	1121	n
17122195	2413	1122	n
17122681	2415	1123	n
17122963	2413	1122	n
17123214	2413	1120	n
17123466	2415	1121	n
17123721	2412	1121	n
17134157	2411	1120	n
17134639	2411	1119	n
17134890	2410	1121	n
17135141	2413	1119	n
17135423	2412	1121	n
17135679	2409	1122	n
17146069	2413	1119	n
17146552	2413	1120	n
17146836	2413	1120	n
17147087	2413	1121	n
17147339	2411	1121	n
17147592	2413	1122	n
17147878	2413	1120	n
17158250	2414	1120	n
17158743	2414	1120	n
17158994	2412	1119	n
17159253	2414	1120	n
17159532	2413	1122	n
17159788	2415	1121	n
17170201	2412	1120	n
17170697	2413	1121	n
17170970	2411	1120	n
17171221	2413	1120	n
17171473	2411	1121	n
17171735	2413	1121	n
17182122	2413	1121	n
17182604	2413	1121	n
17182860	2413	1121	n
17183120	2413	1121	n
17183393	2414	1120	n
17183652	2413	1121	n
17183903	2413	1120	n
17194300	2411	1120	n
17194824	2411	1121	n
17195075	2411	1122	n
17195326	2412	1121	n
17195590	2413	1121	n
17195867	2413	1120	n
17206253	2414	1122	n
17206738	2413	1121	n
17206989	2413	1121	n
17207271	2414	1122	n
17207524	2414	1121	n
17207779	2414	1122	n
17218174	2413	1121	Time:00:00:00:00;;
17218760	2413	1120	n
17219011	2413	1121	n
17219262	2412	1121	n
17219518	2413	1121	n
17219773	2413	1121	n
17230163	2412	1120	n
17230414	2411	1121	n
17230669	2411	1120	n
17230920	2412	1120	n
17231171	2412	1121	n
17231423	2413	1122	n
17241788	2414	1122	n
17242039	2413	1122	n
17242290	2410	1121	n
17242546	2413	1120	n
17242801	2413	1122	n
17243052	2413	1121	n
17253486	2413	1120	n
17253742	2413	1120	n
17253993	2413	1121	n
17254244	2415	1120	n
17254501	2412	1120	n
17254756	2413	1121	n
17265180	2413	1121	n
17265431	2410	1119	n
17265691	2411	1119	n
17265942	2411	1120	n
17266193	2410	1120	n
17266444	2411	1119	n
17266700	2412	1120	n
17277100	2413	1121	n
17277351	2413	1121	n
17277607	2414	1121	n
17277863	2414	1120	n
17278114	2413	1120	n
17278365	2413	1121	n
17288747	2413	1121	n
17288998	2415	1121	n
17289249	2411	1120	n
17289504	2413	1120	n
17289759	2413	1121	n
17290010	2411	1121	n
17300370	2415	1120	n
17300628	2413	1122	n
17300879	2415	1120	n
17301130	2415	1121	n
17301381	2414	1121	n
17301638	2411	1119	n
17311996	2413	1120	n
17312247	2411	1120	n
17312504	2411	1119	n
17312759	2411	1120	n
17313011	2413	1121	n
17313262	2411	1121	n
17323696	2413	1120	n
17323947	2413	1120	n
17324198	2413	1121	n
17324449	2410	1120	n
17324705	2414	1120	n
17324956	2411	1120	n
17335319	2412	1122	n
17335572	2415	1120	n
17335827	2413	1121	n
17336078	2411	1120	n
17336330	2411	1121	n
17336587	2413	1121	n
17336842	2411	1120	n
17347221	2411	1121	n
17347472	2411	1121	n
17347729	2414	1121	n
17347980	2411	1120	n
17348231	2413	1121	n
17348487	2413	1121	n
17358865	2411	1121	n
17359116	2411	1121	n
17359367	2412	1119	n
17359629	2411	1120	n
17359880	2413	1120	n
17360131	2411	1121	n
17370512	2409	1120	n
17370767	2410	1121	n
17371019	2411	1121	n
17371270	2410	1120	n
17371523	2411	1121	n
17371779	2412	1120	n
17382203	2411	1120	n
17382454	2413	1120	n
17382710	2411	1120	n
17382961	2411	1120	n
17383212	2413	1121	n
17383463	2414	1119	n
17393899	2413	1121	n
17394150	2411	1121	n
17394401	2413	1121	n
17394658	2413	1120	n
17394909	2414	1121	n
17395161	2413	1120	n
17405532	2413	1119	n
17405787	2414	1119	n
17406038	2414	1119	n
17406289	2414	1120	n
17406542	2412	1121	n
17406797	2412	1120	n
17407048	2411	1119	n
17417428	2413	1120	n
17417684	2411	1121	n
17417935	2414	1120	n
17418186	2412	1121	n
17418437	2412	1120	n
17418698	2412	1121	n
17429072	2413	1122	n
17429323	2414	1121	n
17429576	2414	1121	n
17429831	2413	1123	n
17430082	2412	1119	n
17430334	2411	1122	n
17440720	2411	1121	n
17440971	2413	1119	n
17441222	2413	1121	n
17441473	2410	1122	n
17441735	2411	1120	n
17441986	2410	1120	n
17452411	2413	1121	n
17452667	2413	1121	n
17452918	2413	1119	n
17453169	2411	1120	n
17453420	2411	1123	n
17453676	2413	1121	n
17464107	2413	1121	n
17464358	2412	1120	n
17464611	2414	1120	n
17464866	2410	1120	n
17465117	2413	1121	n
17465368	2413	1120	n
17475734	2414	1120	n
17475985	2412	1121	n
17476236	2412	1121	n
17476491	2413	1121	n
17476746	2410	1119	n
17476997	2412	1120	n
17477248	2413	1122	n
17487642	2411	1121	n
17487893	2412	1121	n
17488144	2413	1120	n
17488395	2411	1117	n
17488653	2414	1120	n
17488904	2411	1119	n
17499280	2411	1121	n
17499535	2412	1120	n
17499790	2413	1119	n
17500041	2411	1121	n
17500292	2413	1121	n
17500549	2412	1120	n
17510923	2412	1121	n
17511174	2411	1122	n
17511425	2413	1121	n
17511681	2413	1120	n
17511932	2411	1121	n
17512183	2412	1121	n
17522621	2413	1121	n
17522872	2413	1120	n
17523124	2414	1121	n
17523375	2413	1120	n
17523632	2413	1121	n
17523883	2413	1123	n
17534314	2413	1121	n
17534570	2414	1119	n
17534826	2411	1120	n
17535077	2414	1119	n
17535328	2413	1121	n
17535583	2411	1121	n
17546010	2413	1121	n
17546261	2411	1121	n
17546515	2413	1120	n
17546771	2413	1122	n
17547022	2412	1120	n
17547273	2411	1120	n
17547529	2410	1120	n
17557930	2411	1121	n
17558181	2412	1120	n
17558432	2412	1120	n
17558691	2411	1121	n
17558942	2413	1121	n
17559193	2413	1120	n
17569575	2413	1120	n
17569831	2413	1120	n
17570082	2413	1121	n
17570333	2413	1121	n
17570590	2413	1119	n
17570845	2412	1120	n
17581268	2411	1119	n
17581521	2412	1120	n
17581777	2413	1119	n
17582028	2411	1122	n
17582279	2410	1121	n
17582536	2411	1121	n
17592912	2411	1121	n
17593163	2411	1121	n
17593414	2415	1121	n
17593670	2413	1120	n
17593921	2412	1121	n
17594172	2413	1120	n
17604608	2412	1120	n
17604863	2413	1123	n
17605114	2414	1120	n
17605365	2414	1121	n
17605625	2413	1121	n
17605877	2414	1121	n
17616286	2412	1121	n
17616540	2414	1122	n
17616795	2414	1121	n
17617046	2414	1122	n
17617297	2413	1120	n
17617552	2414	1121	n
17617807	2413	1120	n
17628223	2411	1122	n
17628474	2411	1121	n
17628734	2411	1121	n
17628985	2413	1122	n
17629236	2413	1122	n
17629491	2411	1120	n
17639867	2411	1120	n
17640118	2413	1119	n
17640369	2413	1119	n
17640628	2413	1121	n
17640879	2414	1121	n
17641130	2412	1121	n
17651565	2414	1121	n
17651821	2413	1121	n
17652072	2415	1119	n
17652323	2413	1121	n
17652576	2412	1121	n
17652832	2413	1120	n
17663189	2411	1121	n
17663440	2411	1121	n
17663698	2412	1121	n
17663949	2413	1121	n
17664200	2411	1120	n
17664452	2410	1121	n
17674816	2412	1121	n
17675067	2413	1120	n
17675318	2413	1121	n
17675572	2411	1120	n
17675827	2414	1122	n
17676078	2415	1122	n
17686498	2413	1120	n
17686753	2413	1120	n
17687005	2413	1122	n
17687256	2415	1122	n
17687512	2414	1122	n
17687768	2414	1121	n
17688019	2414	1120	n
17698431	2411	1119	n
17698691	2411	1120	n
17698942	2413	1122	n
17699193	2412	1121	n
17699444	2412	1123	n
17699701	2413	1121	n
17710075	2413	1119	n
17710326	2411	1121	n
17710581	2412	1119	n
17710836	2413	1120	n
17711087	2410	1120	n
17711338	2411	1121	n
17721770	2413	1120	n
17722021	2411	1119	n
17722272	2413	1120	n
17722529	2411	1121	n
17722785	2411	1119	n
17723036	2411	1120	n
17733396	2413	1121	n
17733657	2413	1122	n
17733908	2415	1121	n
17734159	2412	1120	n
17734410	2413	1119	n
17734666	2413	1121	n
17745023	2414	1121	n
17745274	2415	1121	n
17745529	2411	1121	n
17745784	2413	1122	n
17746036	2413	1121	n
17746287	2413	1122	n
17756701	2413	1121	n
17756952	2413	1122	n
17757204	2413	1121	n
17757455	2412	1122	n
17757711	2413	1120	n
17757962	2413	1121	n
17758213	2412	1121	n
17768643	2413	1121	n
17768894	2413	1121	n
17769145	2411	1119	n
17769396	2414	1119	n
17769657	2411	1122	n
17769908	2413	1122	n
17780282	2413	1122	n
17780538	2413	1122	n
17780794	2413	1120	n
17781045	2413	1122	n
17781296	2411	1122	n
17781553	2413	1121	n
17791977	2413	1120	n
17792228	2413	1120	n
17792481	2413	1122	n
17792736	2414	1121	n
17792987	2413	1121	n
17793239	2414	1121	n
17803604	2413	1121	n
17803859	2413	1121	n
17804111	2413	1121	n
17804362	2413	1121	n
17804621	2413	1121	n
17804873	2413	1120	n
17815231	2411	1120	n
17815487	2411	1122	n
17815742	2413	1122	n
17815994	2411	1121	n
17816245	2411	1120	n
17816502	2413	1120	n
17826909	2413	1120	n
17827161	2412	1120	n
17827412	2413	1121	n
17827667	2413	1121	n
17827919	2412	1121	n
17828170	2414	1121	n
17828421	2411	1122	n
17838846	2411	1121	n
17839097	2415	1121	n
17839348	2411	1120	n
17839605	2413	1121	n
17839860	2413	1120	n
17840111	2411	1119	n
17850494	2414	1121	n
17850750	2413	1120	n
17851001	2414	1120	n
17851252	2414	1121	n
17851505	2414	1121	n
17851761	2413	1121	n
17862185	2410	1121	n
17862436	2411	1121	n
17862693	2411	1121	n
17862944	2413	1120	n
17863195	2413	1121	n
17863446	2409	1121	n
17873811	2414	1121	n
17874062	2413	1122	n
17874313	2414	1121	n
17874570	2412	1122	n
17874826	2413	1121	n
17875077	2414	1120	n
17885438	2411	1120	n
17885698	2411	1120	n
17885949	2412	1118	n
17886200	2411	1122	n
17886451	2410	1122	n
17886707	2413	1121	n
17897116	2413	1119	n
17897368	2413	1121	n
17897629	2412	1121	n
17897880	2411	1121	n
17898131	2412	1121	n
17898382	2413	1119	n
17898639	2411	1122	n
17909053	2413	1122	n
17909304	2413	1121	n
17909557	2413	1121	n
17909813	2410	1121	n
17910064	2413	1121	n
17910315	2415	1121	n
17920701	2412	1121	n
17920952	2412	1119	n
17921203	2413	1120	n
17921454	2415	1121	n
17921710	2411	1121	n
17921961	2412	1119	n
17932392	2411	1119	n
17932653	2411	1121	n
17932904	2411	1120	n
17933155	2411	1121	n
17933407	2411	1119	n
17933662	2411	1120	n
17944019	2412	1121	n
17944270	2411	1120	n
17944524	2412	1121	n
17944779	2411	1121	n
17945030	2412	1120	n
17945281	2412	1121	n
17955650	2414	1121	n
17955901	2413	1119	n
17956152	2413	1122	n
17956403	2411	1119	n
17956660	2410	1120	n
17956911	2411	1119	n
17967324	2415	1121	n
17967580	2413	1121	n
17967836	2413	1121	n
17968087	2413	1121	n
17968338	2414	1122	n
17968591	2411	1120	n
17968846	2413	1120	n
17979261	2413	1121	n
17979538	2410	1120	n
17979793	2412	1121	n
17980053	2413	1121	n
17980327	2411	1121	n
17980583	2414	1120	n
17990991	2413	1121	n
17991467	2413	1121	n
17991754	2412	1120	n
17992005	2413	1118	n
17992256	2413	1120	n
17992512	2411	1121	n
18002911	2414	1121	Time:00:00:00:00;;
18003620	2414	1121	n
18003872	2412	1122	n
18004132	2413	1121	n
18004405	2413	1119	n
18004661	2413	1121	n
18015055	2413	1121	n
18015541	2413	1120	n
18015819	2411	1119	n
18016070	2411	1120	n
18016321	2413	1120	n
18016583	2411	1120	n
18027012	2414	1121	n
18027491	2413	1120	n
18027746	2412	1120	n
18028006	2413	1121	n
18028280	2413	1119	n
18028535	2414	1121	n
18038929	2413	1120	n
18039414	2411	1121	n
18039692	2412	1121	n
18039943	2414	1121	n
18040194	2412	1121	n
18040454	2413	1121	n
18040733	2414	1122	n
18051107	2415	1121	n
18051589	2414	1121	n
18051844	2415	1122	n
18052127	2414	1122	n
18052378	2415	1121	n
18052639	2412	1123	n
18063061	2413	1120	Time:00:00:00:00;;
18063790	2412	1123	n
18064041	2414	1121	n
18064292	2413	1120	n
18064576	2414	1123	n
18064831	2414	1121	n
18075257	2414	1121	n
18075743	2414	1121	n
18076025	2411	1120	n
18076276	2414	1120	n
18076532	2413	1122	n
18076788	2415	1119	n
18087211	2413	1122	n
18087703	2412	1122	n
18087954	2412	1121	n
18088205	2413	1121	n
18088465	2416	1121	n
18088743	2413	1121	n
18099149	2413	1122	n
18099632	2413	1121	n
18099891	2413	1121	n
18100165	2413	1121	n
18100416	2413	1121	n
18100671	2411	1120	n
18100931	2411	1120	n
18111318	2411	1120	n
18111809	2413	1120	n
18112060	2413	1120	n
18112320	2414	1121	n
18112598	2410	1121	n
18112853	2411	1121	n
18123263	2414	1121	n
18123758	2413	1120	n
18124032	2414	1121	n
18124283	2413	1120	n
18124538	2413	1122	n
18124802	2412	1121	n
18135209	2414	1123	n
18135693	2413	1121	n
18135944	2413	1121	n
18136204	2415	1121	n
18136478	2413	1120	n
18136734	2413	1122	n
18136985	2416	1121	n
18147362	2413	1121	n
18147881	2413	1120	n
18148132	2413	1121	n
18148383	2413	1120	n
18148644	2414	1122	n
18148927	2409	1121	n
18159316	2413	1121	n
18159807	2412	1120	n
18160058	2411	1120	n
18160340	2411	1120	n
18160593	2413	1121	n
18160848	2410	1120	n
18171254	2411	1121	n
18171751	2413	1121	n
18172031	2413	1121	n
18172282	2411	1120	n
18172539	2414	1121	n
18172803	2410	1121	n
18173076	2415	1120	n
18183504	2413	1120	n
18183984	2414	1122	n
18184244	2413	1121	n
18184521	2414	1120	n
18184777	2415	1122	n
18185028	2412	1122	n
18195455	2412	1121	n
18195972	2412	1120	n
18196223	2411	1121	n
18196474	2411	1119	n
18196741	2411	1121	n
18197015	2410	1121	n
18207375	2413	1121	n
18207863	2411	1120	n
18208123	2413	1121	n
18208396	2413	1120	n
18208657	2414	1121	n
18208908	2413	1120	n
18209168	2410	1120	n
18219555	2413	1121	Time:00:00:00:00;;
18220092	2414	1119	n
18220343	2413	1121	n
18220600	2412	1121	n
18220856	2412	1119	n
18231214	2412	1119	n
18231465	2416	1121	n
18231720	2414	1121	n
18231971	2413	1122	n
18232223	2411	1121	n
18232474	2412	1119	n
18242857	2412	1121	n
18243109	2413	1120	n
18243360	2413	1120	n
18243615	2413	1120	n
18243870	2411	1120	n
18244121	2411	1120	n
18254536	2413	1120	n
18254792	2412	1122	n
18255043	2414	1121	n
18255294	2412	1120	n
18255549	2412	1121	n
18255804	2411	1120	n
18256055	2412	1120	n
18266473	2413	1121	n
18266729	2413	1121	n
18266980	2414	1121	n
18267231	2413	1121	n
18267487	2414	1121	n
18267742	2414	1120	n
18278117	2414	1122	n
18278368	2413	1122	n
18278629	2413	1121	n
18278880	2415	1121	n
18279131	2414	1121	n
18279382	2414	1121	n
18289812	2414	1120	n
18290063	2411	1121	n
18290314	2414	1120	n
18290569	2412	1121	n
18290825	2411	1119	n
18291076	2414	1120	n
18301512	2411	1122	n
18301767	2414	1121	n
18302018	2414	1121	n
18302269	2412	1121	n
18302523	2413	1121	n
18302778	2413	1122	n
18313135	2411	1121	n
18313386	2414	1121	n
18313644	2415	1122	n
18313895	2413	1119	n
18314146	2413	1120	n
18314397	2414	1121	n
18314658	2413	1121	n
18325037	2413	1121	n
18325288	2411	1120	n
18325541	2413	1121	n
18325796	2413	1120	n
18326048	2407	1120	n
18326299	2410	1121	n
18336685	2415	1119	n
18336936	2413	1121	n
18337187	2414	1120	n
18337438	2411	1121	n
18337699	2415	1122	n
18337950	2413	1120	n
18348325	2413	1121	n
18348580	2413	1121	n
18348836	2411	1120	n
18349087	2413	1119	n
18349338	2411	1122	n
18349592	2413	1122	n
18360020	2414	1121	n
18360271	2414	1121	n
18360524	2412	1121	n
18360779	2414	1121	n
18361031	2413	1120	n
18361282	2413	1121	n
18371716	2411	1120	n
18371967	2411	1120	n
18372218	2412	1121	n
18372469	2413	1121	n
18372725	2411	1120	n
18372976	2413	1120	n
18383342	2412	1121	n
18383597	2411	1121	n
18383853	2413	1121	n
18384104	2415	1120	n
18384355	2413	1121	n
18384608	2412	1119	n
18384863	2413	1120	n
18395245	2413	1122	n
18395501	2413	1121	n
18395757	2415	1121	n
18396008	2412	1121	n
18396259	2413	1120	n
18396515	2413	1121	n
18406888	2414	1121	n
18407139	2413	1121	n
18407390	2413	1120	n
18407648	2413	1121	n
18407899	2414	1120	n
18408150	2414	1120	n
18418535	2413	1121	n
18418791	2412	1121	n
18419042	2413	1120	n
18419293	2411	1120	n
18419549	2412	1120	n
18419805	2414	1121	n
18430227	2413	1121	n
18430479	2413	1121	n
18430735	2413	1120	n
18430986	2413	1120	n
18431237	2413	1121	n
18431494	2413	1122	n
18441923	2414	1121	n
18442174	2413	1122	n
18442425	2414	1122	n
18442681	2414	1121	n
18442932	2413	1122	n
18443183	2414	1120	n
18453551	2416	1123	n
18453806	2415	1121	n
18454057	2413	1121	n
18454309	2413	1122	n
18454566	2413	1122	n
18454821	2414	1123	n
18455073	2415	1122	n
18465452	2413	1122	n
18465707	2413	1121	n
18465958	2413	1121	n
18466210	2411	1119	n
18466461	2414	1120	n
18466716	2411	1121	n
18477096	2413	1120	n
18477347	2410	1119	n
18477600	2413	1119	n
18477856	2412	1120	n
18478107	2416	1120	n
18478358	2414	1122	n
18488744	2413	1121	n
18488995	2415	1121	n
18489246	2415	1121	n
18489501	2415	1121	n
18489757	2413	1122	n
18490008	2411	1121	n
18500435	2413	1119	n
18500692	2413	1122	n
18500943	2413	1122	n
18501194	2414	1121	n
18501445	2411	1120	n
18501701	2412	1122	n
18512131	2413	1121	n
18512382	2411	1120	n
18512639	2412	1121	n
18512890	2414	1120	n
18513141	2412	1120	n
18513392	2410	1120	n
18523757	2411	1119	n
18524008	2411	1120	n
18524259	2413	1119	n
18524515	2414	1121	n
18524771	2411	1120	n
18525022	2413	1120	n
18525273	2411	1119	n
18535664	2413	1121	n
18535915	2413	1121	n
18536167	2412	1120	n
18536418	2413	1122	n
18536673	2414	1121	n
18536925	2412	1120	n
18547303	2411	1121	n
18547556	2411	1119	n
18547811	2411	1121	n
18548062	2410	1119	n
18548314	2413	1120	n
18548571	2410	1120	n
18558947	2411	1121	n
18559198	2412	1121	n
18559449	2409	1121	n
18559704	2413	1120	n
18559956	2414	1121	n
18560207	2412	1119	n
18570647	2414	1121	n
18570898	2413	1122	n
18571149	2415	1121	n
18571400	2412	1119	n
18571657	2411	1122	n
18571908	2413	1120	n
18582338	2413	1121	n
18582591	2415	1122	n
18582846	2413	1121	n
18583097	2414	1121	n
18583348	2411	1120	n
18583604	2413	1120	n
18593965	2412	1119	n
18594216	2413	1121	n
18594467	2414	1120	n
18594722	2411	1120	n
18594973	2411	1121	n
18595224	2411	1121	n
18595475	2411	1121	n
18605867	2414	1122	n
18606118	2412	1121	n
18606369	2413	1121	n
18606628	2414	1121	n
18606879	2413	1120	n
18607130	2412	1120	n
18617514	2414	1121	n
18617770	2411	1121	n
18618021	2413	1122	n
18618272	2411	1121	n
18618529	2414	1120	n
18618785	2412	1120	n
18629155	2413	1120	n
18629406	2412	1120	n
18629662	2413	1120	n
18629913	2413	1119	n
18630164	2414	1120	n
18630415	2411	1121	n
18640850	2411	1120	n
18641101	2413	1121	n
18641353	2413	1121	n
18641607	2413	1121	n
18641862	2413	1119	n
18642113	2413	1120	n
18652549	2411	1121	n
18652804	2414	1122	n
18653055	2413	1121	n
18653306	2413	1120	n
18653564	2411	1122	n
18653819	2414	1121	n
18664242	2413	1121	n
18664498	2413	1122	n
18664754	2413	1120	n
18665005	2412	1121	n
18665256	2413	1122	n
18665512	2413	1123	n
18665768	2413	1121	n
18676161	2411	1121	n
18676412	2412	1120	n
18676668	2414	1121	n
18676919	2414	1121	n
18677170	2414	1122	n
18677421	2413	1122	n
18687805	2412	1121	n
18688056	2410	1121	n
18688307	2412	1120	n
18688564	2413	1121	n
18688819	2412	1119	n
18689070	2413	1120	n
18699431	2414	1121	n
18699691	2411	1119	n
18699942	2413	1120	n
18700193	2414	1122	n
18700444	2413	1122	n
18700701	2413	1120	n
18711057	2413	1120	n
18711308	2412	1121	n
18711563	2414	1119	n
18711818	2413	1120	n
18712069	2415	1121	n
18712320	2410	1119	n
18722753	2414	1121	n
18723004	2413	1120	n
18723255	2416	1120	n
18723512	2411	1121	n
18723768	2412	1120	n
18724019	2411	1122	n
18734380	2411	1120	n
18734638	2411	1118	n
18734889	2413	1118	n
18735141	2413	1121	n
18735392	2412	1121	n
18735653	2413	1119	n
18735904	2411	1121	n
18746282	2411	1121	n
18746538	2413	1121	n
18746794	2410	1122	n
18747045	2413	1121	n
18747296	2415	1121	n
18747553	2415	1121	n
18757926	2415	1121	n
18758177	2413	1121	n
18758428	2413	1120	n
18758685	2413	1120	n
18758936	2413	1122	n
18759187	2412	1121	n
18769572	2413	1123	n
18769827	2411	1120	n
18770079	2414	1123	n
18770330	2411	1123	n
18770587	2413	1122	n
18770842	2413	1121	n
18781265	2414	1120	n
18781521	2413	1121	n
18781777	2411	1120	n
18782028	2411	1121	n
18782279	2410	1121	n
18782536	2411	1121	n
18792961	2413	1121	n
18793212	2414	1121	n
18793463	2416	1120	n
18793719	2414	1123	n
18793970	2415	1121	n
18794221	2414	1121	n
18804587	2414	1123	n
18804842	2414	1122	n
18805093	2413	1122	n
18805344	2413	1121	n
18805600	2413	1121	n
18805856	2413	1121	n
18806107	2414	1121	n
18816494	2411	1120	n
18816749	2411	1121	n
18817000	2415	1122	n
18817251	2412	1120	n
18817504	2414	1121	n
18817760	2411	1121	n
18828133	2411	1121	n
18828384	2413	1120	n
18828644	2411	1119	n
18828895	2411	1121	n
18829146	2415	1121	n
18829397	2411	1122	n
18839778	2414	1121	n
18840029	2413	1119	n
18840280	2413	1120	n
18840535	2411	1120	n
18840791	2413	1120	n
18841042	2413	1121	n
18851472	2411	1120	n
18851728	2411	1120	n
18851979	2413	1120	n
18852230	2414	1121	n
18852487	2413	1121	n
18852743	2413	1120	n
18863168	2414	1121	n
18863419	2415	1122	n
18863674	2411	1121	n
18863925	2414	1120	n
18864176	2412	1120	n
18864427	2411	1121	n
18874795	2414	1121	n
18875046	2414	1121	n
18875297	2414	1121	n
18875552	2414	1121	n
18875807	2414	1121	n
18876058	2414	1120	n
18876309	2412	1121	n
18886701	2415	1122	n
18886953	2412	1122	n
18887204	2415	1122	n
18887455	2411	1122	n
18887710	2414	1122	n
18887961	2414	1121	n
18898341	2415	1123	n
18898598	2416	1120	n
18898853	2413	1121	n
18899104	2412	1120	n
18899355	2411	1120	n
18899608	2412	1121	n
18909985	2412	1120	n
18910236	2413	1121	n
18910491	2413	1121	n
18910746	2413	1121	n
18910997	2415	1120	n
18911248	2411	1120	n
18921685	2413	1121	n
18921936	2412	1122	n
18922187	2414	1122	n
18922438	2413	1120	n
18922699	2413	1121	n
18922950	2413	1120	n
18933376	2415	1121	n
18933632	2414	1122	n
18933884	2413	1121	n
18934135	2413	1122	n
18934386	2414	1121	n
18934644	2414	1121	n
18945002	2409	1122	n
18945253	2413	1121	n
18945506	2411	1121	n
18945762	2412	1120	n
18946013	2411	1121	n
18946264	2413	1121	n
18946521	2413	1121	n
18956905	2410	1121	n
18957156	2411	1120	n
18957407	2412	1121	n
18957663	2414	1121	n
18957914	2411	1122	n
18958165	2411	1120	n
18968552	2415	1122	n
18968807	2413	1121	n
18969058	2414	1121	n
18969309	2412	1119	n
18969566	2413	1121	n
18969821	2415	1120	n
18980191	2415	1121	n
18980491	2413	1122	n
18980746	2413	1120	n
18980997	2413	1123	n
18981279	2414	1122	n
18981535	2414	1122	n
18991973	2413	1121	n
18992450	2411	1121	n
18992736	2414	1121	n
18992987	2414	1121	n
18993238	2413	1123	n
18993494	2413	1121	n
19003894	2414	1121	Time:00:00:00:00;;
19004599	2413	1121	n
19004854	2413	1121	n
19005114	2413	1121	n
19005387	2414	1122	n
19005648	2414	1121	n
19016037	2412	1119	n
19016524	2413	1121	n
19016802	2413	1121	n
19017053	2413	1120	n
19017304	2412	1121	n
19017567	2414	1121	n
19028000	2414	1121	n
19028476	2413	1120	n
19028734	2412	1121	n
19028993	2415	1122	n
19029267	2413	1122	n
19029521	2412	1120	n
19029777	2414	1120	n
19040136	2414	1121	n
19040652	2412	1120	n
19040903	2411	1119	n
19041154	2413	1120	n
19041405	2411	1121	n
19041692	2414	1120	n
19052090	2415	1120	n
19052572	2413	1121	n
19052828	2413	1122	n
19053110	2411	1119	n
19053361	2413	1120	n
19053621	2413	1121	n
19064044	2415	1120	Time:00:00:00:00;;
19064777	2414	1122	n
19065028	2414	1122	n
19065279	2415	1121	n
19065541	2414	1122	n
19065819	2414	1121	n
19076240	2413	1121	n
19076726	2411	1120	n
19076986	2413	1119	n
19077260	2411	1119	n
19077514	2411	1119	n
19077770	2413	1121	n
19088194	2411	1120	n
19088710	2415	1122	n
19088961	2413	1121	n
19089212	2412	1120	n
19089472	2410	1120	n
19089751	2413	1124	n
19090002	2411	1121	n
19100425	2412	1121	n
19100915	2413	1121	n
19101189	2414	1120	n
19101440	2411	1121	n
19101698	2413	1119	n
19101958	2415	1121	n
19112378	2414	1121	n
19112867	2414	1122	n
19113118	2413	1123	n
19113378	2413	1122	n
19113658	2413	1123	n
19113910	2413	1122	n
19124333	2413	1120	n
19124826	2413	1122	n
19125099	2411	1122	n
19125351	2412	1120	n
19125607	2414	1120	n
19125872	2413	1122	n
19126145	2413	1120	n
19136565	2413	1122	n
19137045	2414	1121	n
19137306	2413	1120	n
19137583	2411	1121	n
19137838	2413	1120	n
19138089	2414	1121	n
19148521	2413	1120	n
19149033	2413	1120	n
19149285	2412	1122	n
19149538	2412	1122	n
19149802	2414	1122	n
19150076	2414	1120	n
19160455	2414	1123	n
19160941	2412	1121	n
19161200	2412	1119	n
19161475	2412	1122	n
19161734	2414	1121	n
19161985	2412	1120	n
19162245	2413	1121	n
19172714	2412	1122	n
19173198	2413	1121	n
19173449	2410	1122	n
19173713	2414	1119	n
19173986	2411	1121	n
19174238	2413	1120	n
19184660	2414	1121	n
19185147	2413	1122	n
19185421	2414	1121	n
19185677	2413	1120	n
19185928	2413	1119	n
19186188	2413	1122	n
19196585	2413	1121	n
19197071	2413	1121	n
19197322	2414	1122	n
19197575	2415	1122	n
19197859	2415	1121	n
19198111	2414	1121	n
19198362	2412	1121	n
19208759	2412	1120	n
19209268	2415	1121	n
19209522	2411	1120	n
19209777	2410	1122	n
19210028	2413	1119	n
19210310	2414	1120	n
19220713	2411	1121	Time:00:00:00:00;;
19221223	2413	1120	n
19221475	2411	1121	n
19221734	2414	1122	n
19221985	2413	1121	n
19232352	2413	1119	n
19232607	2413	1120	n
19232862	2413	1122	n
19233113	2413	1122	n
19233364	2413	1120	n
19233625	2414	1121	n
19233877	2413	1121	n
19244290	2413	1122	n
19244547	2414	1121	n
19244802	2413	1120	n
19245053	2411	1119	n
19245304	2413	1120	n
19245558	2413	1122	n
19255933	2413	1119	n
19256184	2413	1120	n
19256435	2414	1121	n
19256692	2411	1121	n
19256943	2414	1120	n
19257195	2413	1121	n
19267633	2415	1119	n
19267884	2414	1121	n
19268135	2414	1121	n
19268386	2414	1120	n
19268644	2413	1121	n
19268895	2413	1120	n
19279324	2413	1121	n
19279581	2413	1120	n
19279836	2413	1123	n
19280087	2412	1121	n
19280338	2414	1122	n
19280592	2414	1122	n
19291020	2415	1121	n
19291271	2415	1121	n
19291524	2413	1120	n
19291778	2413	1121	n
19292030	2411	1119	n
19292281	2413	1122	n
19292535	2413	1121	n
19302940	2411	1121	n
19303191	2413	1120	n
19303442	2410	1120	n
19303699	2412	1122	n
19303950	2413	1121	n
19304201	2411	1122	n
19314586	2414	1121	n
19314841	2413	1124	n
19315093	2411	1121	n
19315344	2411	1121	n
19315600	2413	1120	n
19315856	2414	1121	n
19326278	2413	1121	n
19326535	2415	1120	n
19326790	2414	1121	n
19327042	2414	1121	n
19327293	2414	1121	n
19327549	2415	1121	n
19337922	2415	1122	n
19338173	2413	1121	n
19338424	2413	1122	n
19338680	2414	1121	n
19338932	2413	1121	n
19339183	2414	1120	n
19349621	2412	1120	n
19349873	2411	1121	n
19350124	2413	1121	n
19350375	2413	1121	n
19350632	2413	1120	n
19350883	2412	1121	n
19361296	2413	1120	n
19361552	2411	1120	n
19361807	2413	1119	n
19362058	2411	1121	n
19362309	2411	1119	n
19362566	2411	1120	n
19362821	2413	1119	n
19373233	2413	1120	n
19373487	2413	1121	n
19373742	2414	1121	n
19373993	2414	1120	n
19374244	2414	1121	n
19374501	2410	1120	n
19384877	2413	1120	n
19385128	2413	1119	n
19385379	2416	1119	n
19385639	2413	1121	n
19385890	2414	1120	n
19386141	2413	1121	n
19396574	2413	1119	n
19396830	2413	1120	n
19397081	2413	1119	n
19397332	2411	1120	n
19397587	2412	1120	n
19397842	2411	1121	n
19408199	2414	1121	n
19408450	2411	1122	n
19408705	2414	1121	n
19408956	2412	1121	n
19409208	2410	1120	n
19409459	2416	1120	n
19419826	2414	1122	n
19420077	2414	1121	n
19420328	2414	1120	n
19420583	2415	1121	n
19420838	2413	1121	n
19421089	2414	1120	n
19431507	2413	1120	n
19431762	2413	1120	n
19432013	2412	1121	n
19432264	2410	1119	n
19432521	2411	1121	n
19432777	2411	1120	n
19433028	2413	1121	n
19443441	2411	1121	n
19443698	2413	1120	n
19443949	2413	1121	n
19444200	2414	1120	n
19444451	2411	1121	n
19444707	2412	1121	n
19455085	2415	1121	n
19455336	2416	1123	n
19455589	2414	1122	n
19455844	2414	1121	n
19456096	2415	1121	n
19456347	2415	1121	n
19466780	2415	1121	n
19467031	2413	1119	n
19467282	2414	1121	n
19467538	2414	1121	n
19467793	2415	1122	n
19468045	2413	1120	n
19478406	2414	1120	n
19478662	2414	1122	n
19478913	2414	1121	n
19479164	2413	1120	n
19479415	2413	1120	n
19479670	2413	1120	n
19490033	2413	1120	n
19490284	2415	1120	n
19490538	2413	1122	n
19490793	2413	1121	n
19491044	2413	1121	n
19491295	2411	1121	n
19501711	2414	1121	n
19501963	2413	1121	n
19502214	2413	1121	n
19502465	2415	1121	n
19502720	2413	1122	n
19502971	2413	1121	n
19503223	2414	1121	n
19513652	2415	1122	n
19513903	2415	1121	n
19514154	2413	1121	n
19514405	2413	1120	n
19514661	2413	1119	n
19514912	2414	1123	n
19525292	2413	1121	n
19525549	2413	1120	n
19525804	2413	1121	n
19526055	2413	1121	n
19526306	2414	1122	n
19526563	2414	1120	n
19536987	2415	1121	n
19537238	2412	1122	n
19537494	2412	1121	n
19537750	2415	1119	n
19538001	2413	1122	n
19538252	2414	1122	n
19548614	2415	1120	n
19548870	2413	1120	n
19549121	2414	1122	n
19549372	2413	1120	n
19549629	2414	1121	n
19549880	2414	1121	n
19560241	2415	1121	n
19560498	2414	1122	n
19560754	2415	1123	n
19561005	2414	1120	n
19561256	2413	1119	n
19561512	2414	1121	n
19571919	2411	1119	n
19572171	2413	1120	n
19572422	2411	1122	n
19572677	2413	1120	n
19572929	2412	1121	n
19573180	2411	1120	n
19573431	2411	1119	n
19583856	2415	1120	n
19584107	2413	1121	n
19584358	2413	1121	n
19584611	2413	1121	n
19584866	2411	1120	n
19585117	2413	1120	n
19595504	2412	1121	n
19595759	2413	1120	n
19596010	2413	1121	n
19596262	2415	1123	n
19596519	2413	1121	n
19596773	2413	1120	n
19607195	2411	1121	n
19607446	2411	1119	n
19607702	2411	1120	n
19607953	2411	1119	n
19608204	2412	1120	n
19608455	2414	1121	n
19618821	2414	1121	n
19619072	2413	1121	n
19619323	2413	1120	n
19619576	2412	1120	n
19619831	2412	1120	n
19620082	2413	1121	n
19630448	2410	1121	n
19630703	2413	1123	n
19630954	2415	1120	n
19631205	2414	1122	n
19631456	2416	1121	n
19631712	2415	1122	n
19642126	2414	1121	n
19642378	2414	1123	n
19642634	2415	1121	n
19642885	2414	1121	n
19643136	2413	1122	n
19643387	2411	1122	n
19643648	2413	1123	n
19654063	2411	1123	n
19654314	2413	1121	n
19654569	2414	1121	n
19654825	2413	1121	n
19655076	2411	1121	n
19655327	2413	1122	n
19665711	2413	1121	n
19665962	2414	1122	n
19666213	2415	1122	n
19666465	2415	1119	n
19666720	2413	1121	n
19666971	2413	1121	n
19677402	2413	1119	n
19677658	2413	1121	n
19677910	2415	1122	n
19678161	2414	1121	n
19678412	2414	1121	n
19678668	2415	1121	n
19689029	2414	1121	n
19689280	2415	1120	n
19689535	2415	1121	n
19689790	2412	1121	n
19690041	2413	1121	n
19690292	2413	1123	n
19700660	2413	1121	n
19700911	2413	1121	n
19701162	2415	1122	n
19701413	2413	1122	n
19701669	2414	1122	n
19701920	2413	1121	n
19712334	2413	1120	n
19712589	2412	1121	n
19712845	2411	1121	n
19713096	2412	1121	n
19713347	2412	1119	n
19713604	2413	1120	n
19713860	2411	1120	n
19724271	2413	1121	n
19724524	2414	1121	n
19724779	2414	1122	n
19725030	2414	1122	n
19725281	2415	1122	n
19725538	2415	1122	n
19735915	2414	1121	n
19736166	2415	1122	n
19736417	2415	1123	n
19736672	2415	1121	n
19736924	2415	1121	n
19737175	2414	1122	n
19747610	2416	1121	n
19747865	2413	1121	n
19748116	2414	1120	n
19748368	2414	1120	n
19748629	2411	1121	n
19748880	2414	1120	n
19759236	2414	1120	n
19759491	2413	1122	n
19759746	2415	1121	n
19759998	2414	1119	n
19760249	2414	1121	n
19760504	2414	1121	n
19770948	2413	1121	n
19771200	2414	1122	n
19771451	2411	1120	n
19771706	2414	1121	n
19771958	2413	1122	n
19772209	2413	1121	n
19782632	2413	1121	n
19782883	2414	1123	n
19783134	2410	1120	n
19783385	2409	1122	n
19783644	2411	1121	n
19783895	2413	1120	n
19784146	2413	1120	n
19794570	2413	1122	n
19794826	2414	1119	n
19795077	2415	1119	n
19795328	2414	1122	n
19795583	2414	1121	n
19795838	2411	1120	n
19806208	2415	1121	n
19806459	2416	1122	n
19806715	2414	1121	n
19806966	2411	1122	n
19807217	2416	1121	n
19807468	2416	1121	n
19817903	2414	1122	n
19818154	2413	1121	n
19818405	2414	1119	n
19818661	2413	1121	n
19818912	2413	1123	n
19819164	2414	1119	n
19829599	2413	1121	n
19829854	2414	1121	n
19830105	2413	1120	n
19830356	2414	1121	n
19830610	2414	1121	n
19830865	2413	1121	n
19841226	2413	1120	n
19841477	2411	1120	n
19841734	2413	1119	n
19841985	2413	1121	n
19842236	2413	1121	n
19842491	2414	1121	n
19842746	2414	1121	n
19853128	2415	1122	n
19853379	2415	1121	n
19853639	2413	1120	n
19853890	2413	1121	n
19854141	2415	1121	n
19854392	2415	1122	n
19864774	2415	1121	n
19865025	2413	1120	n
19865276	2413	1122	n
19865532	2415	1122	n
19865787	2414	1122	n
19866038	2413	1120	n
19876416	2413	1122	n
19876671	2413	1120	n
19876922	2411	1121	n
19877173	2414	1121	n
19877424	2414	1122	n
19877680	2412	1122	n
19888111	2414	1121	n
19888362	2413	1120	n
19888620	2414	1121	n
19888871	2412	1120	n
19889122	2413	1121	n
19889374	2411	1120	n
19899807	2413	1121	n
19900058	2413	1123	n
19900309	2415	1121	n
19900566	2413	1122	n
19900821	2414	1120	n
19901072	2415	1122	n
19911434	2413	1120	n
19911691	2413	1121	n
19911942	2413	1121	n
19912193	2415	1120	n
19912444	2413	1122	n
19912700	2414	1120	n
19912952	2413	1121	n
19923336	2412	1124	n
19923589	2414	1121	n
19923845	2413	1121	n
19924096	2413	1123	n
19924347	2414	1121	n
19924601	2414	1119	n
19934980	2413	1121	n
19935231	2414	1122	n
19935487	2414	1121	n
19935742	2411	1122	n
19935993	2414	1122	n
19936244	2411	1121	n
19946629	2414	1122	n
19946880	2412	1121	n
19947131	2415	1122	n
19947383	2413	1121	n
19947639	2415	1121	n
19947890	2413	1121	n
19958318	2412	1122	n
19958572	2414	1121	n
19958827	2413	1121	n
19959078	2411	1119	n
19959329	2413	1122	n
19959587	2412	1122	n
19970014	2411	1121	n
19970265	2413	1120	n
19970521	2412	1119	n
19970777	2412	1121	n
19971028	2414	1121	n
19971279	2411	1122	n
19981645	2411	1122	n
19981963	2412	1122	n
19982223	2414	1122	n
19982501	2415	1121	n
19982756	2413	1121	n
19983007	2413	1121	n
19983267	2413	1120	n
19993728	2413	1121	n
19994206	2415	1121	n
19994457	2416	1121	n
19994722	2413	1121	n
19994995	2414	1121	n
19995246	2414	1121	n
20005674	2414	1123	Time:00:00:00:00;;
20006374	2414	1121	n
20006655	2413	1122	n
20006906	2413	1121	n
20007166	2413	1122	n
20007440	2413	1120	n
20017866	2414	1121	n
20018343	2413	1121	n
20018606	2412	1120	n
20018884	2412	1120	n
20019135	2411	1120	n
20019386	2411	1121	n
20029754	2414	1121	n
20030261	2413	1121	n
20030518	2412	1121	n
20030773	2412	1121	n
20031024	2415	1120	n
20031307	2411	1121	n
20041692	2413	1121	n
20042169	2413	1121	n
20042420	2414	1121	n
20042685	2414	1122	n
20042958	2414	1121	n
20043209	2414	1119	n
20043460	2416	1119	n
20053832	2414	1120	n
20054343	2413	1121	n
20054598	2413	1119	n
20054853	2411	1121	n
20055113	2413	1120	n
20055387	2411	1121	n
20065804	2413	1120	Time:00:00:00:00;;
20066507	2411	1121	n
20066784	2414	1120	n
20067036	2413	1120	n
20067287	2413	1121	n
20077689	2414	1122	n
20078199	2414	1119	n
20078450	2412	1120	n
20078705	2413	1121	n
20078956	2414	1120	n
20079238	2413	1121	n
20079494	2415	1121	n
20089885	2409	1120	n
20090360	2411	1122	n
20090652	2415	1121	n
20090903	2414	1120	n
20091155	2410	1119	n
20091406	2413	1121	n
20101821	2411	1121	n
20102307	2414	1122	n
20102563	2413	1120	n
20102818	2413	1121	n
20103101	2414	1121	n
20103352	2412	1121	n
20113741	2414	1120	n
20114223	2413	1121	n
20114486	2415	1120	n
20114766	2414	1120	n
20115017	2413	1119	n
20115268	2414	1122	n
20115531	2414	1121	n
20125945	2414	1119	n
20126422	2414	1122	n
20126678	2415	1122	n
20126938	2414	1121	n
20127212	2413	1120	n
20127463	2416	1120	n
20137874	2413	1122	n
20138359	2415	1121	n
20138639	2413	1121	n
20138890	2414	1119	n
20139141	2412	1120	n
20139401	2412	1121	n
20149799	2414	1121	n
20150276	2415	1122	n
20150531	2413	1123	n
20150787	2413	1120	n
20151068	2412	1121	n
20151320	2413	1121	n
20151573	2414	1121	n
20161990	2411	1121	n
20162506	2414	1121	n
20162762	2413	1120	n
20163013	2414	1121	n
20163264	2414	1121	n
20163553	2414	1122	n
20173926	2413	1122	n
20174409	2413	1122	n
20174665	2414	1122	n
20174947	2415	1123	n
20175198	2413	1121	n
20175449	2411	1120	n
20185846	2413	1121	n
20186333	2412	1120	n
20186608	2414	1119	n
20186864	2413	1120	n
20187115	2413	1121	n
20187374	2413	1122	n
20187656	2413	1120	n
20198042	2414	1121	n
20198524	2414	1121	n
20198788	2412	1120	n
20199063	2413	1121	n
20199315	2415	1119	n
20199569	2414	1121	n
20209979	2411	1121	n
20210491	2413	1120	n
20210746	2413	1120	n
20210997	2412	1121	n
20211257	2413	1121	Time:00:00:00:00;;
20211752	2414	1122	n
20222192	2414	1120	n
20222465	2415	1119	n
20222721	2413	1121	n
20222972	2411	1120	n
20223223	2415	1122	n
20223474	2411	1121	n
20233887	2412	1120	n
20234138	2411	1120	n
20234389	2413	1120	n
20234648	2412	1119	n
20234899	2410	1120	n
20235151	2410	1120	n
20245535	2414	1121	n
20245791	2411	1121	n
20246042	2413	1119	n
20246293	2413	1121	n
20246549	2413	1121	n
20246805	2411	1120	n
20257227	2414	1119	n
20257478	2412	1122	n
20257735	2414	1121	n
20257986	2415	1121	n
20258237	2414	1122	n
20258494	2413	1119	n
20268905	2410	1119	n
20269156	2411	1120	n
20269408	2414	1118	n
20269663	2413	1120	n
20269915	2412	1119	n
20270166	2413	1121	n
20270417	2410	1123	n
20280842	2411	1121	n
20281093	2413	1121	n
20281344	2413	1121	n
20281600	2412	1121	n
20281855	2411	1120	n
20282107	2414	1120	n
20292491	2413	1120	n
20292747	2411	1122	n
20292998	2413	1119	n
20293249	2413	1121	n
20293504	2414	1121	n
20293759	2413	1119	n
20304181	2415	1121	n
20304432	2414	1121	n
20304690	2415	1121	n
20304942	2413	1120	n
20305193	2412	1121	n
20305444	2411	1121	n
20315808	2411	1120	n
20316059	2413	1121	n
20316310	2412	1121	n
20316566	2412	1122	n
20316821	2413	1120	n
20317072	2413	1120	n
20327434	2414	1120	n
20327691	2414	1121	n
20327942	2411	1120	n
20328193	2411	1120	n
20328444	2410	1122	n
20328701	2411	1121	n
20339112	2414	1123	n
20339363	2413	1121	n
20339621	2414	1122	n
20339872	2414	1121	n
20340124	2412	1122	n
20340375	2414	1121	n
20340632	2415	1122	n
20351050	2413	1122	n
20351301	2413	1121	n
20351555	2413	1121	n
20351810	2413	1121	n
20352061	2413	1123	n
20352312	2412	1121	n
20362697	2413	1120	n
20362948	2414	1119	n
20363199	2415	1120	n
20363450	2413	1122	n
20363706	2414	1120	n
20363957	2412	1121	n
20374388	2413	1120	n
20374648	2412	1120	n
20374899	2411	1121	n
20375150	2411	1119	n
20375401	2411	1120	n
20375658	2415	1121	n
20386015	2414	1119	n
20386266	2413	1120	n
20386521	2415	1122	n
20386775	2414	1122	n
20387026	2413	1121	n
20387277	2415	1121	n
20397646	2415	1120	n
20397897	2414	1123	n
20398148	2413	1122	n
20398400	2414	1120	n
20398658	2413	1120	n
20398909	2415	1121	n
20409320	2413	1122	n
20409573	2413	1121	n
20409829	2412	1121	n
20410080	2413	1120	n
20410331	2413	1121	n
20410586	2415	1121	n
20410842	2413	1122	n
20421257	2413	1121	n
20421512	2412	1121	n
20421767	2411	1121	n
20422019	2413	1120	n
20422270	2411	1119	n
20422523	2411	1122	n
20432901	2413	1120	n
20433152	2413	1121	n
20433403	2413	1120	n
20433659	2411	1122	n
20433910	2413	1121	n
20434162	2411	1119	n
20444599	2412	1121	n
20444854	2411	1120	n
20445105	2414	1121	n
20445357	2413	1120	n
20445610	2414	1123	n
20445865	2411	1119	n
20456223	2411	1120	n
20456474	2411	1121	n
20456734	2413	1123	n
20456985	2411	1120	n
20457236	2413	1119	n
20457491	2414	1122	n
20467935	2415	1120	n
20468187	2412	1121	n
20468438	2413	1120	n
20468698	2412	1121	n
20468949	2413	1119	n
20469201	2413	1121	n
20479614	2412	1121	n
20479870	2414	1122	n
20480121	2415	1121	n
20480372	2414	1121	n
20480629	2415	1122	n
20480880	2413	1121	n
20481131	2411	1120	n
20491555	2412	1121	n
20491810	2409	1120	n
20492061	2412	1121	n
20492312	2413	1121	n
20492566	2412	1120	n
20492821	2413	1120	n
20503195	2409	1120	n
20503446	2410	1122	n
20503702	2411	1121	n
20503953	2413	1120	n
20504204	2413	1119	n
20504455	2411	1120	n
20514890	2413	1122	n
20515141	2414	1121	n
20515392	2415	1121	n
20515652	2413	1120	n
20515903	2413	1121	n
20516154	2414	1121	n
20526586	2413	1122	n
20526841	2414	1122	n
20527092	2412	1121	n
20527343	2415	1122	n
20527600	2414	1121	n
20527856	2414	1120	n
20538212	2412	1122	n
20538463	2413	1120	n
20538719	2412	1120	n
20538970	2413	1121	n
20539221	2413	1120	n
20539472	2411	1120	n
20539728	2411	1120	n
20550115	2413	1120	n
20550366	2413	1120	n
20550625	2413	1120	n
20550876	2414	1121	n
20551127	2414	1119	n
20551379	2413	1120	n
20561762	2413	1120	n
20562013	2414	1121	n
20562264	2414	1121	n
20562521	2412	1122	n
20562777	2416	1121	n
20563028	2413	1120	n
20573402	2414	1121	n
20573658	2414	1123	n
20573909	2415	1119	n
20574161	2413	1121	n
20574412	2414	1120	n
20574667	2411	1120	n
20585097	2413	1122	n
20585348	2414	1121	n
20585604	2411	1121	n
20585859	2410	1121	n
20586110	2413	1120	n
20586361	2411	1119	n
20596793	2413	1120	n
20597044	2414	1120	n
20597295	2413	1122	n
20597549	2411	1121	n
20597804	2413	1119	n
20598055	2415	1120	n
20608420	2415	1122	n
20608675	2415	1123	n
20608927	2415	1122	n
20609178	2413	1122	n
20609429	2415	1121	n
20609685	2414	1121	n
20609936	2415	1121	n
20620322	2413	1121	n
20620575	2412	1122	n
20620831	2411	1120	n
20621082	2413	1121	n
20621333	2413	1120	n
20621590	2411	1121	n
20631966	2411	1120	n
20632217	2413	1120	n
20632468	2411	1121	n
20632724	2411	1121	n
20632975	2411	1121	n
20633226	2413	1121	n
20643615	2413	1121	n
20643871	2413	1121	n
20644122	2414	1119	n
20644373	2413	1119	n
20644630	2413	1119	n
20644881	2411	1120	n
20655305	2413	1121	n
20655558	2413	1122	n
20655813	2415	1120	n
20656064	2414	1121	n
20656316	2413	1121	n
20656573	2413	1120	n
20667001	2412	1121	n
20667252	2414	1121	n
20667505	2410	1120	n
20667760	2414	1121	n
20668011	2413	1121	n
20668262	2411	1121	n
20678631	2413	1122	n
20678882	2413	1121	n
20679133	2413	1120	n
20679384	2411	1121	n
20679644	2411	1121	n
20679895	2413	1121	n
20680146	2413	1120	n
20690536	2413	1122	n
20690791	2415	1123	n
20691042	2412	1121	n
20691293	2414	1120	n
20691548	2413	1120	n
20691804	2413	1119	n
20702173	2414	1122	n
20702424	2414	1122	n
20702680	2414	1121	n
20702931	2413	1122	n
20703182	2414	1120	n
20703433	2413	1121	n
20713817	2413	1120	n
20714068	2414	1121	n
20714319	2415	1121	n
20714572	2412	1121	n
20714828	2415	1121	n
20715079	2415	1122	n
20725518	2413	1120	n
20725773	2413	1121	n
20726024	2413	1121	n
20726276	2412	1120	n
20726532	2413	1121	n
20726787	2413	1121	n
20737208	2414	1121	n
20737459	2416	1123	n
20737715	2413	1122	n
20737966	2412	1122	n
20738217	2413	1121	n
20738468	2413	1121	n
20748835	2414	1121	n
20749086	2414	1122	n
20749337	2414	1122	n
20749590	2415	1121	n
20749845	2412	1121	n
20750097	2415	1121	n
20750348	2413	1122	n
20760741	2414	1121	n
20760992	2415	1121	n
20761243	2412	1122	n
20761498	2412	1120	n
20761754	2412	1120	n
20762005	2413	1121	n
20772381	2412	1120	n
20772638	2412	1121	n
20772889	2413	1121	n
20773141	2413	1121	n
20773392	2413	1119	n
20773653	2414	1121	n
20784025	2414	1121	n
20784276	2415	1121	n
20784532	2414	1122	n
20784787	2415	1122	n
20785038	2413	1123	n
20785289	2413	1120	n
20795724	2413	1123	n
20795976	2414	1120	n
20796227	2412	1120	n
20796479	2413	1121	n
20796735	2413	1122	n
20796986	2415	1120	n
20807416	2413	1123	n
20807671	2414	1121	n
20807922	2414	1123	n
20808173	2414	1121	n
20808424	2414	1121	n
20808680	2413	1122	n
20819042	2413	1120	n
20819293	2414	1120	n
20819549	2411	1122	n
20819804	2412	1121	n
20820055	2413	1121	n
20820306	2413	1121	n
20820564	2414	1120	n
20830945	2415	1122	n
20831196	2411	1123	n
20831447	2411	1121	n
20831703	2413	1121	n
20831954	2413	1121	n
20832205	2414	1123	n
20842590	2413	1121	n
20842845	2412	1121	n
20843096	2415	1120	n
20843347	2410	1121	n
20843604	2411	1121	n
20843860	2413	1121	n
20854232	2412	1120	n
20854487	2413	1119	n
20854742	2414	1123	n
20854993	2413	1121	n
20855245	2413	1120	n
20855502	2413	1120	n
20865927	2413	1120	n
20866178	2411	1120	n
20866429	2413	1120	n
20866686	2414	1119	n
20866937	2412	1121	n
20867188	2413	1120	n
20877627	2413	1121	n
20877878	2411	1123	n
20878129	2414	1120	n
20878381	2413	1121	n
20878639	2414	1121	n
20878890	2412	1119	n
20889250	2410	1120	n
20889503	2413	1121	n
20889759	2411	1120	n
20890010	2411	1121	n
20890261	2411	1120	n
20890518	2413	1120	n
20890774	2412	1121	n
20901152	2411	1120	n
20901403	2411	1121	n
20901659	2415	1121	n
20901910	2412	1121	n
20902162	2415	1120	n
20902413	2411	1121	n
20912796	2414	1122	n
20913047	2414	1122	n
20913298	2413	1122	n
20913555	2415	1120	n
20913810	2414	1121	n
20914061	2414	1121	n
20924440	2413	1120	n
20924697	2414	1120	n
20924948	2413	1121	n
20925200	2413	1121	n
20925451	2413	1122	n