6	2415	1869	n
23824	2415	1872	n
24317	2416	1872	n
24571	2416	1871	n
24826	2415	1872	n
25096	2414	1871	n
25369	2416	1870	n
25628	2416	1871	n
36002	2413	1869	n
36509	2411	1869	n
36787	2411	1870	n
37037	2413	1870	n
37288	2413	1871	n
37549	2412	1868	n
37827	2411	1869	n
38077	2411	1869	n
48496	2413	1868	n
48975	2415	1871	n
49256	2411	1872	n
49509	2410	1870	n
49764	2414	1871	n
50014	2415	1871	n
50296	2416	1870	n
60673	2411	1869	n
61147	2411	1872	n
61397	2415	1870	n
61684	2416	1869	n
61971	n
74700	2415	1871	n
74951	2416	1871	n
85432	2415	1871	n
85912	2414	1871	n
86163	2415	1871	n
86414	2415	1872	n
86700	2415	1871	n
86951	2415	1871	n
87201	2414	1868	n
87452	2411	1870	n
97878	2415	1871	n
98360	2415	1871	n
98612	2415	1871	n
98867	2415	1871	n
99149	2414	1870	n
99400	2414	1870	n
99658	2416	1871	n
110073	2415	1871	n
110559	2415	1871	n
110837	2415	1872	n
111088	2415	1872	n
111339	2414	1870	n
111603	2413	1871	n
111880	2414	1871	n
122287	2415	1872	n
122773	2415	1871	n
123032	2414	1871	n
123305	2415	1872	n
123558	2415	1872	n
123813	2416	1872	n
124073	2416	1872	n
124346	2416	1871	n
134745	2413	1870	n
135220	2415	1870	n
135480	2414	1871	n
135758	2415	1871	n
136009	2415	1871	n
136260	2414	1872	n
136523	2415	1871	n
146996	2415	1871	n
147473	2413	1871	n
147728	2415	1872	n
147988	2414	1870	n
148261	2415	1871	n
148517	2414	1872	n
148772	2415	1871	n
159149	2415	1872	n
159662	2416	1872	n
159913	2414	1871	n
160164	2415	1871	n
160423	2415	1872	n
160701	2415	1871	n
160951	2416	1871	n
171311	2415	1872	n
171794	2416	1867	n
172076	2414	1871	n
172327	2414	1872	n
172584	2415	1869	n
172838	2413	1869	n
173120	2414	1870	n
183526	2413	1870	n
184007	2414	1872	n
184257	2415	1871	n
184541	2415	1870	n
184796	2415	1871	n
185046	2414	1871	n
185297	2414	1871	n
195689	2415	1872	n
196173	2415	1872	n
196424	2415	1872	n
196679	2416	1871	n
196939	2415	1872	n
197212	2415	1872	n
197463	2415	1871	n
207846	2415	1871	n
208330	2414	1871	n
208606	2414	1872	n
208861	2416	1871	n
209112	2415	1872	n
209372	2414	1872	n
209655	2414	1871	n
220076	2415	1871	n
220557	2414	1871	n
220821	2414	1870	n
221094	2415	1870	n
221345	2415	1870	n
221600	2414	1870	n
221863	2415	1870	n
232306	2415	1872	n
232792	2413	1871	n
233043	2413	1872	n
233303	2414	1871	n
233578	2413	1871	n
233833	2414	1872	n
234084	2415	1871	n
244468	2416	1871	n
244978	2415	1872	n
245229	2416	1872	n
245480	2415	1871	n
245736	2416	1872	n
246018	2415	1871	n
246268	2416	1871	n
256633	2414	1872	n
257108	2414	1871	n
257390	2413	1872	n
257650	2416	1871	n
257901	2413	1871	n
258152	2414	1870	n
258435	2416	1871	n
268843	2414	1871	n
269318	2414	1871	n
269575	2415	1872	n
269838	2415	1872	n
270111	2415	1871	n
270362	2415	1871	n
270617	2413	1871	n
280987	2414	1871	n
281496	2415	1872	n
281751	2414	1872	n
282001	2415	1870	n
282261	2415	1872	n
282541	2415	1871	n
282795	2416	1872	n
283046	2415	1870	n
293441	2414	1872	n
293954	2414	1872	n
294205	2415	1872	n
294456	2415	1871	n
294719	2416	1872	n
294992	2414	1871	n
295243	2415	1871	n
305606	2413	1869	n
306084	2414	1870	n
306366	2415	1872	n
306623	2413	1871	n
306874	2414	1871	n
307125	2415	1872	n
307406	2413	1869	n
317767	2414	1870	n
318241	2414	1872	n
318496	2414	1871	n
318758	2415	1871	n
319032	2415	1870	n
319282	2414	1871	n
319537	2415	1872	n
329924	2414	1871	n
330431	2415	1871	n
330687	2415	1871	n
330938	2416	1871	n
331197	2415	1871	n
331470	2415	1871	n
331726	2415	1872	n
342086	2415	1871	n
342572	2416	1872	n
342850	2415	1871	n
343101	2415	1870	n
343351	2415	1870	n
343614	2415	1870	n
343892	2415	1871	n
354299	2415	1872	n
354780	2414	1872	n
355031	2416	1870	n
355313	2413	1871	n
355568	2414	1871	n
355823	2415	1870	n
356074	2413	1870	n
366559	2414	1870	n
367038	2413	1870	n
367289	2415	1872	n
367542	2415	1870	n
367828	2415	1870	n
368079	2415	1872	n
368329	2414	1872	n
378712	2415	1871	n
379219	2415	1872	n
379470	2415	1872	n
379725	2416	1871	n
379976	2414	1871	n
380258	2414	1872	n
380514	2415	1871	n
390920	2414	1872	n
391395	2414	1871	n
391662	2416	1871	n
391935	2414	1872	n
392186	2414	1872	n
392437	2414	1872	n
392701	2413	1870	n
403082	2414	1870	n
403558	2415	1872	n
403813	2413	1871	n
404073	2415	1872	n
404346	2415	1871	n
404603	2415	1871	n
404857	2415	1872	n
415243	2415	1871	n
415759	2414	1871	n
416010	2414	1871	n
416260	2415	1871	n
416522	2416	1872	n
416800	2415	1870	n
417051	2415	1871	n
427473	2414	1871	n
427962	2416	1872	n
428235	2416	1872	n
428489	2415	1872	n
428744	2416	1872	n
429003	2415	1871	n
429277	2416	1872	n
439687	2415	1871	n
440162	2415	1872	n
440413	2415	1872	n
440699	2414	1871	n
440950	2414	1870	n
441200	2415	1871	n
441451	2414	1871	n
451848	2415	1871	n
452336	2415	1872	n
452592	2416	1871	n
452846	2415	1871	n
453128	2415	1871	n
453379	2414	1871	n
453635	2413	1871	n
453886	2416	1870	n
464302	2416	1872	Time:00:00:00:00;;
465039	2416	1872	n
465290	2415	1872	n
465554	2416	1872	n
465831	2415	1872	n
466082	2416	1872	n
476446	2414	1870	n
476936	2413	1872	n
477209	2416	1872	n
477460	2416	1869	n
477715	2414	1872	n
477974	2416	1871	n
478248	2415	1871	n
488681	2416	1872	n
489156	2415	1872	n
489416	2416	1871	n
489693	2415	1871	n
489944	2416	1871	n
490195	2415	1871	n
490454	2414	1872	n
500846	2414	1870	n
501325	2415	1870	n
501578	2413	1870	n
501833	2415	1870	n
502115	2415	1870	n
502365	2415	1870	n
502623	2414	1871	n
512998	2415	1872	n
513520	2413	1871	n
513775	2415	1871	n
514026	2415	1871	n
514277	2416	1872	n
514561	2415	1871	n
514815	2415	1870	n
525212	2415	1870	Time:00:00:00:00;;
525921	2416	1871	n
526194	2413	1871	n
526445	2413	1871	n
526701	2414	1869	n
526960	2414	1870	n
537356	2415	1870	n
537841	2415	1870	n
538092	2415	1870	n
538351	2416	1872	n
538631	2415	1869	n
538882	2414	1870	n
539132	2413	1869	n
549503	2415	1870	n
550014	2415	1871	n
550265	2415	1871	n
550520	2414	1871	n
550775	2416	1871	n
551056	2416	1871	n
551307	2413	1870	n
561731	2415	1871	n
562207	2416	1871	n
562493	2416	1871	n
562748	2416	1871	n
562999	2416	1869	n
563250	2416	1872	n
563537	2413	1870	n
563792	2414	1871	n
574184	2415	1870	n
574682	2416	1870	n
574964	2414	1871	n
575214	2415	1871	n
575465	2415	1871	n
575720	2416	1871	n
576003	2415	1870	n
586432	2416	1871	n
586919	2416	1871	n
587170	2414	1871	n
587452	2413	1871	n
587706	2413	1869	n
587957	2414	1871	n
588208	2413	1870	n
598674	2416	1872	n
599149	2415	1871	n
599400	2416	1870	n
599659	2415	1872	n
599941	2416	1870	n
600192	2415	1871	n
600443	2414	1871	n
610807	2416	1872	n
611292	2416	1871	n
611568	2415	1871	n
611823	2414	1870	n
612074	2414	1872	n
612333	2415	1870	n
612618	2415	1871	n
623053	2413	1871	n
623534	2415	1871	n
623797	2414	1870	n
624070	2414	1870	n
624321	2416	1869	n
624575	2414	1870	n
624838	2415	1870	n
635284	2416	1870	n
635776	2415	1872	n
636026	2414	1871	n
636286	2414	1870	n
636561	2416	1870	n
636815	2415	1871	n
637066	2415	1870	n
647517	2416	1871	n
648030	2415	1871	n
648281	2414	1870	n
648538	2413	1869	n
648802	2415	1869	n
649075	2416	1871	n
649326	2416	1871	n
659762	2414	1870	n
660251	2415	1870	n
660526	2413	1869	n
660781	2414	1870	n
661032	2414	1871	n
661290	2414	1870	n
661568	2414	1868	n
671975	2415	1868	Time:00:00:00:00;;
672678	2416	1870	n
672928	2416	1870	n
673179	2414	1871	n
673430	2416	1869	n
673686	2414	1871	n
673936	2415	1871	n
684326	2416	1871	n
684583	2416	1871	n
684838	2415	1871	n
685089	2415	1871	n
685340	2415	1870	n
685592	2416	1870	n
696022	2416	1871	n
696272	2415	1872	n
696525	2416	1871	n
696780	2416	1871	n
697031	2415	1871	n
697282	2414	1871	n
697538	2416	1870	n
707941	2415	1870	n
708192	2415	1871	n
708443	2415	1871	n
708700	2414	1869	n
708951	2415	1871	n
709201	2415	1870	n
709452	2413	1871	n
719878	2415	1871	n
720129	2416	1870	n
720380	2416	1871	n
720636	2416	1872	n
720887	2415	1871	n
721138	2415	1872	n
721388	2416	1871	n
731780	2415	1871	n
732031	2416	1871	n
732281	2416	1871	n
732538	2415	1871	n
732793	2415	1871	n
733043	2415	1871	n
733294	2415	1870	n
743705	2416	1871	n
743955	2416	1871	n
744206	2415	1872	n
744457	2415	1871	n
744712	2416	1870	n
744963	2415	1870	n
745214	2415	1870	n
755622	2415	1871	n
755873	2416	1871	n
756124	2415	1871	n
756375	2415	1870	n
756631	2416	1871	n
756882	2414	1871	n
757133	2415	1870	n
767524	2414	1869	n
767780	2414	1871	n
768030	2416	1871	n
768281	2415	1869	n
768538	2414	1871	n
768793	2415	1870	n
769044	2415	1869	n
779459	2416	1871	n
779714	2415	1871	n
779965	2415	1871	n
780215	2415	1871	n
780466	2416	1871	n
780721	2415	1871	n
780972	2416	1871	n
791362	2416	1871	n
791617	2415	1871	n
791872	2414	1870	n
792123	2413	1869	n
792373	2414	1870	n
792630	2414	1869	n
792881	2413	1869	n
803264	2416	1870	n
803521	2415	1871	n
803775	2416	1871	n
804026	2415	1872	n
804277	2414	1871	n
804534	2415	1870	n
814961	2415	1870	n
815211	2416	1872	n
815462	2416	1871	n
815718	2414	1871	n
815968	2415	1872	n
816219	2415	1870	n
816470	2415	1871	n
826897	2415	1870	n
827148	2416	1871	n
827398	2415	1869	n
827659	2416	1871	n
827909	2414	1871	n
828160	2415	1871	n
828411	2415	1870	n
838817	2415	1871	n
839068	2413	1871	n
839318	2416	1869	n
839575	2416	1871	n
839830	2414	1869	n
840080	2415	1870	n
840331	2413	1869	n
850719	2416	1871	n
850970	2416	1871	n
851221	2416	1871	n
851471	2414	1872	n
851727	2415	1870	n
851978	2415	1870	n
852229	2416	1871	n
862661	2415	1871	n
862912	2416	1872	n
863162	2415	1871	n
863413	2415	1872	n
863669	2416	1870	n
863919	2414	1871	n
864170	2415	1871	n
874560	2415	1871	n
874815	2415	1871	n
875066	2416	1872	n
875317	2415	1871	n
875571	2415	1871	n
875827	2415	1872	n
876078	2415	1870	n
886479	2415	1870	n
886735	2415	1870	n
886986	2415	1869	n
887237	2414	1869	n
887494	2415	1870	n
887749	2415	1870	n
888000	2416	1870	n
898398	2415	1871	n
898659	2415	1871	n
898910	2415	1869	n
899160	2415	1870	n
899411	2414	1869	n
899667	2416	1869	n
899917	2415	1870	n
910301	2415	1872	n
910557	2416	1871	n
910812	2416	1871	n
911063	2415	1871	n
911314	2415	1871	n
911568	2415	1871	n
921997	2414	1869	n
922248	2415	1871	n
922503	2413	1870	n
922758	2416	1871	n
923009	2415	1871	n
923259	2414	1870	n
923514	2414	1872	n
933916	2414	1870	n
934167	2414	1869	n
934417	2415	1871	n
934673	2415	1870	n
934924	2415	1870	n
935174	2415	1870	n
935425	2414	1870	n
945853	2414	1871	n
946270	2413	1871	n
946548	2415	1870	n
946803	2414	1869	n
947054	2416	1871	n
947313	2415	1870	n
947592	2414	1871	n
957997	2415	1871	n
958472	2414	1870	n
958737	2415	1870	n
959010	2415	1871	n
959261	2413	1870	n
959517	2415	1869	n
959781	2415	1872	n
970211	2415	1871	n
970695	2415	1870	n
970946	2413	1870	n
971206	2415	1871	n
971479	2414	1869	n
971735	2414	1871	n
971986	2413	1870	n
982372	2412	1871	n
982788	2413	1870	n
983048	2414	1871	n
983321	2413	1871	n
983575	2413	1870	n
983829	2413	1869	n
984089	2413	1870	n
984362	2413	1870	n
994743	2414	1871	n
995221	2415	1870	n
995481	2414	1870	n
995759	2415	1871	n
996009	2414	1870	n
996260	2415	1870	n
996523	2414	1869	n
1006995	2415	1871	Time:00:00:00:00;;
1007695	2415	1871	n
1007955	2414	1870	n
1008228	2415	1872	n
1008479	2414	1870	n
1008736	2414	1871	n
1019148	2415	1869	n
1019663	2413	1869	n
1019914	2414	1870	n
1020165	2413	1871	n
1020425	2414	1871	n
1020703	2413	1870	n
1031068	2413	1870	n
1031549	2414	1871	n
1031804	2411	1870	n
1032086	2413	1870	n
1032337	2413	1869	n
1032591	2414	1870	n
1032846	2414	1871	n
1043263	2415	1871	n
1043758	2416	1871	n
1044009	2414	1871	n
1044260	2413	1872	n
1044544	2415	1870	n
1044799	2413	1870	n
1045050	2415	1870	n
1055459	2416	1870	n
1055973	2413	1870	n
1056224	2414	1870	n
1056474	2412	1868	n
1056730	2415	1870	n
1057012	2412	1869	n
1067379	2414	1870	Time:00:00:00:00;;
1068079	2413	1871	n
1068339	2414	1871	n
1068618	2415	1870	n
1068873	2415	1870	n
1069124	2413	1871	n
1079542	2414	1871	n
1080054	2414	1870	n
1080305	2415	1871	n
1080558	2413	1871	n
1080822	2414	1870	n
1081096	2414	1870	n
1081347	2413	1869	n
1091740	2414	1871	n
1092225	2413	1872	n
1092504	2412	1871	n
1092759	2414	1871	n
1093010	2415	1870	n
1093269	2413	1871	n
1093549	2414	1870	n
1103932	2414	1870	n
1104409	2413	1869	n
1104665	2414	1871	n
1104946	2415	1870	n
1105197	2414	1871	n
1105448	2411	1870	n
1115852	2413	1871	n
1116366	2414	1871	n
1116623	2413	1870	n
1116874	2414	1871	n
1117125	2412	1870	n
1117407	2415	1869	n
1117662	2414	1869	n
1128047	2415	1872	n
1128526	2413	1871	n
1128790	2414	1871	n
1129063	2414	1871	n
1129314	2415	1870	n
1129568	2414	1871	n
1129831	2414	1870	n
1140252	2414	1871	n
1140737	2413	1872	n
1140988	2414	1871	n
1141248	2414	1871	n
1141523	2415	1871	n
1141778	2414	1871	n
1152163	2414	1870	n
1152659	2415	1871	n
1152939	2411	1871	n
1153190	2414	1871	n
1153441	2413	1871	n
1153709	2416	1871	n
1153982	2414	1871	n
1164358	2415	1869	n
1164841	2414	1871	n
1165101	2414	1870	n
1165376	2414	1871	n
1165633	2414	1871	n
1165884	2415	1871	n
1166143	2413	1871	n
1176566	2415	1872	n
1177051	2415	1872	n
1177302	2413	1872	n
1177557	2414	1872	n
1177843	2416	1871	n
1178094	2415	1871	n
1188457	2415	1871	n
1188940	2413	1871	n
1189200	2411	1869	n
1189473	2411	1869	n
1189729	2413	1870	n
1189980	2413	1870	n
1190240	2412	1869	n
1200673	2413	1871	n
1201150	2415	1871	n
1201401	2413	1871	n
1201667	2415	1870	n
1201941	2416	1871	n
1202192	2413	1871	n
1202443	2413	1872	n
1212866	2413	1871	Time:00:00:00:00;;
1213558	2415	1871	n
1213813	2415	1871	n
1214064	2414	1870	n
1214315	2415	1871	n
1214572	2415	1870	n
1224941	2415	1871	n
1225192	2416	1872	n
1225443	2416	1872	n
1225700	2414	1872	n
1225951	2415	1871	n
1226202	2415	1870	n
1236622	2416	1870	n
1236873	2414	1871	n
1237124	2416	1871	n
1237375	2415	1871	n
1237632	2414	1872	n
1237883	2414	1870	n
1238134	2415	1871	n
1248575	2414	1871	n
1248830	2413	1871	n
1249081	2415	1871	n
1249331	2415	1871	n
1249586	2415	1872	n
1249841	2412	1870	n
1260234	2415	1871	n
1260489	2416	1871	n
1260744	2415	1872	n
1260995	2415	1871	n
1261246	2416	1872	n
1261500	2414	1871	n
1261756	2415	1871	n
1272119	2416	1872	n
1272370	2416	1872	n
1272631	2415	1872	n
1272882	2415	1872	n
1273133	2416	1871	n
1273383	2414	1872	n
1283780	2415	1872	n
1284031	2414	1871	n
1284282	2415	1870	n
1284537	2414	1870	n
1284792	2415	1870	n
1285043	2414	1870	n
1285294	2415	1871	n
1295670	2414	1870	n
1295921	2413	1872	n
1296172	2413	1870	n
1296423	2414	1872	n
1296678	2411	1871	n
1296929	2413	1870	n
1307327	2416	1871	n
1307582	2416	1871	n
1307837	2415	1871	n
1308088	2414	1872	n
1308339	2416	1871	n
1308592	2414	1872	n
1308847	2416	1870	n
1319212	2416	1872	n
1319463	2416	1871	n
1319718	2414	1870	n
1319969	2414	1871	n
1320220	2411	1870	n
1320471	2413	1872	n
1330873	2416	1871	n
1331124	2415	1871	n
1331375	2414	1871	n
1331632	2415	1871	n
1331883	2416	1872	n
1332134	2413	1872	n
1332385	2414	1872	n
1342762	2415	1871	n
1343013	2415	1871	n
1343264	2414	1871	n
1343521	2414	1871	n
1343775	2413	1871	n
1344026	2414	1871	n
1354419	2416	1872	n
1354674	2414	1871	n
1354925	2415	1872	n
1355176	2415	1872	n
1355427	2413	1871	n
1355683	2415	1871	n
1355934	2414	1871	n
1366304	2415	1870	n
1366557	2413	1871	n
1366812	2413	1871	n
1367063	2414	1870	n
1367314	2415	1871	n
1367568	2414	1871	n
1377965	2415	1870	n
1378216	2415	1870	n
1378467	2415	1871	n
1378722	2415	1870	n
1378973	2414	1871	n
1379224	2414	1872	n
1379474	2414	1870	n
1389851	2415	1872	n
1390102	2414	1872	n
1390353	2413	1870	n
1390609	2414	1871	n
1390864	2413	1872	n
1391115	2414	1871	n
1401517	2415	1872	n
1401772	2415	1871	n
1402023	2415	1872	n
1402274	2414	1870	n
1402527	2415	1871	n
1402781	2414	1872	n
1403032	2415	1871	n
1413397	2415	1871	n
1413655	2414	1871	n
1413906	2415	1872	n
1414157	2415	1871	n
1414408	2414	1870	n
1414663	2415	1872	n
1425058	2414	1871	n
1425309	2414	1872	n
1425566	2413	1870	n
1425821	2413	1871	n
1426071	2415	1872	n
1426322	2413	1870	n
1426575	2413	1871	n
1436943	2415	1871	n
1437194	2414	1872	n
1437445	2411	1871	n
1437701	2414	1871	n
1437952	2414	1871	n
1438203	2415	1872	n
1448604	2416	1872	n
1448859	2415	1872	n
1449110	2415	1872	n
1449361	2416	1872	n
1449618	2414	1872	n
1449873	2415	1872	n
1450123	2413	1871	n
1460493	2415	1871	n
1460748	2415	1870	n
1460999	2414	1870	n
1461250	2414	1870	n
1461506	2415	1872	n
1461762	2415	1871	n
1472150	2414	1870	n
1472401	2415	1870	n
1472659	2414	1871	n
1472910	2413	1871	n
1473160	2413	1871	n
1473411	2415	1870	n
1473667	2414	1871	n
1484036	2415	1871	n
1484287	2415	1872	n
1484540	2414	1872	n
1484795	2414	1871	n
1485046	2413	1871	n
1485297	2416	1871	n
1495701	2415	1871	n
1495952	2416	1871	n
1496203	2414	1871	n
1496454	2414	1872	n
1496709	2414	1872	n
1496960	2416	1872	n
1497211	2414	1871	n
1507585	2413	1871	n
1507840	2414	1871	n
1508091	2414	1871	n
1508342	2415	1871	n
1508595	2414	1871	n
1508850	2414	1871	n
1519243	2415	1871	n
1519500	2414	1871	n
1519755	2413	1872	n
1520006	2415	1872	n
1520257	2413	1871	n
1520509	2415	1870	n
1520765	2414	1871	n
1531128	2415	1872	n
1531379	2415	1872	n
1531635	2415	1871	n
1531886	2414	1872	n
1532137	2415	1871	n
1532388	2414	1870	n
1542789	2415	1870	n
1543040	2414	1869	n
1543291	2413	1872	n
1543543	2415	1871	n
1543798	2413	1871	n
1544049	2416	1870	n
1544300	2415	1871	n
1554679	2415	1870	n
1554929	2415	1872	n
1555180	2416	1871	n
1555431	2415	1871	n
1555687	2414	1870	n
1555938	2414	1871	n
1566335	2414	1872	n
1566592	2415	1871	n
1566847	2415	1870	n
1567098	2415	1871	n
1567349	2413	1870	n
1567603	2413	1872	n
1567858	2416	1871	n
1578221	2413	1872	n
1578472	2413	1871	n
1578728	2414	1871	n
1578979	2415	1871	n
1579229	2414	1871	n
1579481	2413	1870	n
1589882	2415	1870	n
1590133	2414	1872	n
1590384	2413	1871	n
1590641	2413	1871	n
1590892	2414	1871	n
1591143	2414	1870	n
1591393	2412	1871	n
1601771	2414	1871	n
1602022	2415	1871	n
1602272	2413	1870	n
1602526	2415	1870	n
1602781	2414	1871	n
1603031	2411	1871	n
1613428	2416	1871	n
1613684	2416	1872	n
1613935	2415	1872	n
1614186	2415	1872	n
1614437	2416	1872	n
1614694	2415	1871	n
1614945	2414	1872	n
1625313	2415	1871	n
1625568	2415	1872	n
1625823	2413	1872	n
1626074	2415	1872	n
1626324	2415	1871	n
1626578	2415	1871	n
1636974	2416	1871	n
1637225	2414	1872	n
1637476	2415	1871	n
1637736	2415	1871	n
1637987	2415	1872	n
1638238	2415	1872	n
1638493	2415	1872	n
1648859	2415	1872	n
1649110	2415	1871	n
1649361	2415	1872	n
1649617	2413	1871	n
1649872	2415	1872	n
1650123	2415	1871	n
1660523	2416	1872	n
1660777	2416	1872	n
1661028	2415	1872	n
1661278	2416	1871	n
1661534	2416	1872	n
1661790	2415	1871	n
1662041	2416	1872	n
1672406	2416	1870	n
1672662	2414	1872	n
1672913	2416	1872	n
1673163	2416	1872	n
1673414	2416	1872	n
1673670	2416	1871	n
1684067	2415	1872	n
1684318	2414	1872	n
1684575	2415	1870	n
1684830	2415	1870	n
1685081	2416	1872	n
1685331	2414	1871	n
1685586	2415	1871	n
1695952	2415	1872	n
1696203	2414	1872	n
1696454	2414	1872	n
1696709	2416	1871	n
1696960	2415	1872	n
1697211	2415	1872	n
1707613	2415	1872	n
1707868	2416	1872	n
1708119	2416	1872	n
1708370	2415	1872	n
1708631	2416	1872	n
1708882	2415	1872	n
1709133	2416	1872	n
1719504	2414	1871	n
1719758	2413	1872	n
1720009	2415	1870	n
1720260	2415	1871	n
1720517	2414	1871	n
1720772	2414	1871	n
1731159	2416	1872	n
1731410	2415	1870	n
1731665	2415	1871	n
1731916	2416	1872	n
1732167	2415	1871	n
1732418	2414	1871	n
1732673	2414	1871	n
1743044	2416	1871	n
1743295	2416	1872	n
1743551	2416	1872	n
1743806	2416	1872	n
1744057	2415	1871	n
1744308	2415	1871	n
1754707	2415	1872	n
1754958	2415	1872	n
1755209	2414	1872	n
1755460	2416	1872	n
1755715	2415	1871	n
1755966	2416	1871	n
1756217	2414	1872	n
1766593	2415	1872	n
1766848	2415	1872	n
1767099	2415	1869	n
1767350	2416	1872	n
1767607	2416	1872	n
1767862	2415	1872	n
1778252	2416	1872	n
1778506	2416	1871	n
1778761	2415	1872	n
1779012	2416	1871	n
1779263	2412	1871	n
1779517	2415	1872	n
1779772	2414	1870	n
1790137	2416	1872	n
1790388	2416	1871	n
1790646	2415	1872	n
1790897	2416	1872	n
1791148	2415	1872	n
1791398	2414	1871	n
1801798	2416	1872	n
1802049	2415	1872	n
1802300	2415	1872	n
1802554	2416	1872	n
1802809	2416	1872	n
1803060	2415	1872	n
1803311	2414	1872	n
1813687	2414	1872	n
1813938	2415	1872	n
1814188	2415	1872	n
1814439	2415	1872	n
1814700	2416	1872	n
1814951	2414	1872	n
1825344	2415	1871	n
1825600	2415	1870	n
1825855	2415	1872	n
1826105	2414	1872	n
1826356	2413	1871	n
1826609	2416	1872	n
1826864	2415	1871	n
1837229	2415	1872	n
1837481	2416	1872	n
1837737	2416	1872	n
1837988	2416	1872	n
1838239	2416	1872	n
1838494	2416	1872	n
1848890	2414	1872	n
1849141	2416	1872	n
1849392	2416	1872	n
1849650	2415	1871	n
1849901	2416	1872	n
1850152	2416	1871	n
1850403	2415	1872	n
1860778	2416	1872	n
1861029	2415	1871	n
1861280	2415	1871	n
1861534	2415	1872	n
1861790	2415	1872	n
1862040	2414	1872	n
1872437	2415	1871	n
1872694	2414	1872	n
1872945	2414	1872	n
1873196	2414	1872	n
1873447	2414	1871	n
1873702	2415	1871	n
1873953	2416	1872	n
1884322	2415	1871	n
1884575	2415	1872	n
1884830	2415	1872	n
1885081	2415	1872	n
1885332	2416	1872	n
1885589	2415	1872	n
1895983	2415	1869	n
1896234	2416	1871	n
1896489	2414	1871	n
1896744	2415	1872	n
1896995	2416	1871	n
1897246	2415	1871	n
1897500	2415	1872	n
1907868	2415	1872	n
1908119	2415	1872	n
1908370	2415	1871	n
1908631	2415	1872	n
1908882	2416	1872	n
1909132	2415	1872	n
1919534	2415	1872	n
1919789	2416	1872	n
1920040	2416	1872	n
1920291	2416	1872	n
1920548	2415	1872	n
1920803	2416	1872	n
1921054	2415	1872	n
1931414	2415	1871	n
1931669	2416	1872	n
1931920	2416	1872	n
1932171	2415	1872	n
1932422	2415	1872	n
1932678	2415	1872	n
1943084	2415	1871	n
1943469	2415	1872	n
1943724	2414	1872	n
1943975	2416	1871	n
1944234	2414	1871	n
1944514	2415	1872	n
1944770	2416	1872	n
1955133	2416	1871	n
1955622	2415	1871	n
1955895	2414	1871	n
1956146	2415	1872	n
1956397	2415	1872	n
1956665	2416	1872	n
1967088	2415	1872	n
1967568	2415	1872	n
1967823	2415	1872	n
1968083	2415	1872	n
1968356	2415	1872	n
1968609	2415	1872	n
1968864	2414	1871	n
1979231	2416	1872	n
1979574	2416	1871	n
1979838	2415	1872	n
1980111	2415	1872	n
1980362	2416	1872	n
1980617	2415	1872	n
1980881	2415	1871	n
1991281	2415	1872	n
1991767	2416	1872	n
1992018	2414	1871	n
1992278	2415	1872	n
1992557	2415	1871	n
1992813	2415	1871	n
2003175	2415	1871	Time:00:00:00:00;;
2003884	2415	1871	n
2004157	2415	1872	n
2004408	2413	1870	n
2004664	2414	1872	n
2004924	2416	1872	n
2015353	2415	1872	n
2015837	2415	1871	n
2016088	2416	1871	n
2016348	2416	1872	n
2016631	2416	1870	n
2016882	2416	1871	n
2017133	2415	1872	n
2027554	2415	1872	n
2028065	2414	1871	n
2028316	2414	1872	n
2028571	2411	1871	n
2028836	2414	1871	n
2029109	2413	1870	n
2029360	2414	1871	n
2039749	2415	1871	n
2040234	2416	1871	n
2040509	2416	1871	n
2040765	2415	1871	n
2041016	2415	1870	n
2041275	2415	1871	n
2051677	2415	1871	n
2052156	2416	1871	n
2052407	2413	1871	n
2052671	2416	1872	n
2052944	2416	1872	n
2053195	2416	1872	n
2053446	2413	1872	n
2063859	2415	1872	Time:00:00:00:00;;
2064586	2416	1872	n
2064841	2416	1871	n
2065092	2415	1871	n
2065373	2416	1872	n
2065630	2415	1872	n
2076022	2415	1870	n
2076503	2414	1869	n
2076789	2413	1871	n
2077040	2415	1871	n
2077290	2414	1871	n
2077543	2414	1871	n
2077830	2415	1871	n
2088217	2415	1872	n
2088701	2416	1871	n
2088952	2415	1870	n
2089211	2414	1871	n
2089489	2415	1871	n
2089745	2413	1872	n
2100137	2415	1872	n
2100633	2415	1871	n
2100906	2415	1872	n
2101157	2415	1871	n
2101408	2415	1871	n
2101672	2414	1872	n
2101945	2415	1872	n
2112332	2414	1872	n
2112824	2413	1871	n
2113084	2415	1871	n
2113357	2414	1870	n
2113610	2415	1872	n
2113865	2414	1872	n
2114124	2415	1871	n
2124538	2415	1871	n
2125019	2413	1871	n
2125270	2414	1871	n
2125532	2415	1871	n
2125810	2415	1872	n
2126061	2414	1871	n
2136448	2411	1872	n
2136928	2416	1871	n
2137211	2415	1871	n
2137462	2416	1871	n
2137717	2416	1872	n
2137968	2416	1872	n
2138250	2416	1872	n
2148648	2415	1871	n
2149125	2415	1872	n
2149376	2416	1872	n
2149668	2415	1871	n
2149919	2415	1871	n
2150170	2415	1872	n
2150421	2416	1872	n
2160839	2415	1870	n
2161330	2414	1871	n
2161585	2414	1872	n
2161840	2414	1872	n
2162099	2415	1871	n
2162373	2415	1871	n
2172742	2415	1872	n
2173226	2416	1872	n
2173488	2415	1872	n
2173766	2416	1871	n
2174017	2416	1872	n
2174268	2415	1872	n
2174534	2415	1871	n
2184963	2414	1872	n
2185441	2415	1871	n
2185699	2416	1871	n
2185959	2414	1871	n
2186232	2415	1872	n
2186489	2415	1871	n
2186744	2415	1872	n
2197151	2416	1871	n
2197672	2416	1872	n
2197923	2415	1871	n
2198174	2416	1872	n
2198434	2415	1871	n
2198717	2416	1871	n
2209106	2415	1872	n
2209585	2415	1871	n
2209840	2414	1872	n
2210123	2412	1871	n
2210374	2415	1870	n
2210631	2415	1870	n
2210882	2415	1871	Time:00:00:00:00;;
2221531	2416	1872	n
2221809	2415	1871	n
2222060	2415	1872	n
2222311	2416	1871	n
2222568	2415	1870	n
2222823	2415	1871	n
2233186	2416	1871	n
2233437	2414	1871	n
2233694	2415	1871	n
2233945	2415	1872	n
2234195	2416	1872	n
2234446	2413	1872	n
2244847	2415	1872	n
2245098	2415	1872	n
2245349	2416	1872	n
2245602	2416	1872	n
2245857	2416	1872	n
2246108	2415	1872	n
2246359	2416	1872	n
2256736	2416	1872	n
2256987	2415	1871	n
2257238	2416	1872	n
2257493	2415	1871	n
2257748	2414	1871	n
2257999	2416	1872	n
2268393	2415	1871	n
2268651	2415	1872	n
2268902	2416	1872	n
2269153	2416	1872	n
2269404	2416	1871	n
2269660	2415	1872	n
2269911	2415	1872	n
2280279	2416	1872	n
2280533	2416	1872	n
2280788	2416	1872	n
2281039	2415	1872	n
2281290	2416	1871	n
2281543	2416	1872	n
2291940	2414	1872	n
2292191	2414	1871	n
2292442	2414	1871	n
2292699	2415	1871	n
2292950	2415	1871	n
2293201	2415	1870	n
2293452	2414	1872	n
2303825	2415	1872	n
2304076	2415	1871	n
2304327	2416	1872	n
2304582	2415	1871	n
2304837	2416	1872	n
2305088	2415	1872	n
2315489	2416	1871	n
2315744	2416	1870	n
2315995	2416	1870	n
2316246	2416	1870	n
2316500	2416	1871	n
2316756	2416	1870	n
2317006	2416	1871	n
2327371	2416	1872	n
2327630	2416	1871	n
2327881	2416	1871	n
2328132	2416	1871	n
2328383	2416	1870	n
2328641	2416	1869	n
2339032	2415	1871	n
2339283	2413	1870	n
2339537	2415	1870	n
2339792	2414	1871	n
2340043	2413	1870	n
2340294	2415	1870	n
2340551	2414	1871	n
2350917	2415	1870	n
2351168	2416	1871	n
2351419	2415	1872	n
2351674	2414	1871	n
2351925	2416	1871	n
2352176	2416	1869	n
2362578	2416	1871	n
2362833	2416	1872	n
2363084	2416	1871	n
2363335	2416	1872	n
2363592	2416	1872	n
2363847	2416	1872	n
2364098	2416	1871	n
2374464	2417	1871	n
2374719	2416	1871	n
2374970	2416	1872	n
2375221	2416	1872	n
2375472	2416	1871	n
2375728	2416	1871	n
2386125	2415	1870	n
2386376	2415	1871	n
2386633	2414	1871	n
2386884	2415	1871	n
2387135	2415	1871	n
2387386	2415	1871	n
2387646	2414	1870	n
2398010	2414	1871	n
2398261	2415	1871	n
2398517	2415	1870	n
2398773	2416	1870	n
2399023	2415	1870	n
2399274	2415	1870	n
2409675	2416	1871	n
2409926	2416	1870	n
2410177	2416	1870	n
2410428	2415	1870	n
2410684	2416	1869	n
2410935	2415	1872	n
2411186	2416	1869	n
2421558	2417	1871	n
2421813	2416	1870	n
2422064	2416	1871	n
2422315	2415	1869	n
2422572	2415	1871	n
2422828	2415	1872	n
2433217	2415	1872	n
2433468	2416	1872	n
2433723	2416	1871	n
2433974	2416	1870	n
2434225	2415	1871	n
2434476	2415	1869	n
2434736	2414	1871	n
2445102	2415	1871	n
2445353	2415	1869	n
2445609	2414	1871	n
2445864	2415	1870	n
2446115	2415	1871	n
2446366	2415	1872	n
2456763	2416	1871	n
2457014	2416	1870	n
2457265	2416	1871	n
2457520	2416	1871	n
2457775	2416	1871	n
2458026	2416	1871	n
2458277	2416	1871	n
2468653	2416	1871	n
2468904	2415	1867	n
2469155	2412	1869	n
2469406	2415	1869	n
2469662	2416	1869	n
2469913	2415	1870	n
2480310	2413	1870	n
2480565	2414	1870	n
2480820	2415	1870	n
2481071	2415	1868	n
2481322	2414	1871	n
2481575	2414	1870	n
2481830	2415	1872	n
2492195	2415	1872	n
2492446	2413	1871	n
2492701	2416	1872	n
2492952	2416	1869	n
2493203	2415	1872	n
2493454	2415	1872	n
2503856	2416	1871	n
2504107	2416	1871	n
2504358	2416	1872	n
2504611	2416	1871	n
2504866	2416	1872	n
2505117	2416	1872	n
2505368	2416	1871	n
2515745	2416	1871	n
2515996	2416	1870	n
2516247	2416	1870	n
2516503	2414	1871	n
2516758	2416	1870	n
2517009	2415	1871	n
2527402	2416	1869	n
2527659	2415	1870	n
2527910	2415	1871	n
2528161	2415	1870	n
2528411	2414	1871	n
2528667	2415	1870	n
2528918	2415	1872	n
2539287	2416	1871	n
2539540	2415	1871	n
2539795	2416	1870	n
2540046	2415	1871	n
2540297	2416	1870	n
2540554	2415	1872	n
2550948	2416	1871	n
2551199	2416	1871	n
2551450	2416	1872	n
2551705	2416	1872	n
2551956	2416	1871	n
2552207	2416	1871	n
2552458	2416	1872	n
2562834	2415	1870	n
2563085	2416	1871	n
2563336	2416	1870	n
2563592	2416	1870	n
2563847	2416	1871	n
2564098	2416	1870	n
2574500	2414	1869	n
2574756	2414	1869	n
2575007	2414	1870	n
2575258	2415	1871	n
2575515	2415	1871	n
2575770	2413	1872	n
2576021	2415	1871	n
2586380	2416	1871	n
2586641	2415	1872	n
2586892	2415	1871	n
2587143	2415	1871	n
2587394	2416	1871	n
2587655	2416	1871	n
2598041	2415	1872	n
2598292	2416	1871	n
2598549	2416	1871	n
2598804	2416	1870	n
2599055	2415	1871	n
2599306	2416	1872	n
2599559	2416	1872	n
2609926	2416	1871	n
2610177	2416	1871	n
2610428	2416	1871	n
2610684	2415	1871	n
2610935	2416	1870	n
2611186	2415	1868	n
2621587	2416	1872	n
2621842	2416	1871	n
2622093	2415	1871	n
2622344	2416	1871	n
2622600	2416	1870	n
2622855	2416	1870	n
2623106	2416	1871	n
2633472	2415	1870	n
2633728	2415	1871	n
2633978	2415	1871	n
2634229	2415	1871	n
2634481	2415	1872	n
2634737	2415	1870	n
2645133	2414	1871	n
2645384	2416	1869	n
2645641	2416	1871	n
2645892	2413	1869	n
2646142	2413	1870	n
2646393	2416	1872	n
2646655	2414	1871	n
2657019	2416	1869	n
2657270	2416	1872	n
2657523	2415	1871	n
2657778	2416	1871	n
2658029	2416	1870	n
2658280	2415	1871	n
2668684	2414	1871	n
2668935	2416	1870	n
2669186	2416	1870	n
2669437	2415	1871	n
2669694	2415	1871	n
2669945	2415	1871	n
2670196	2415	1871	n
2680568	2414	1870	n
2680823	2414	1869	n
2681074	2415	1869	n
2681325	2415	1869	n
2681578	2415	1871	n
2681833	2415	1869	n
2692226	2416	1869	n
2692477	2416	1871	n
2692736	2415	1871	n
2692987	2416	1872	n
2693238	2415	1869	n
2693493	2416	1871	n
2693748	2416	1869	n
2704111	2415	1870	n
2704362	2415	1869	n
2704617	2415	1871	n
2704872	2416	1869	n
2705123	2416	1870	n
2705374	2415	1871	n
2715772	2415	1870	n
2716023	2414	1871	n
2716274	2414	1869	n
2716526	2415	1871	n
2716781	2414	1870	n
2717032	2415	1870	n
2717283	2415	1871	n
2727661	2416	1872	n
2727912	2416	1870	n
2728163	2416	1871	n
2728414	2416	1871	n
2728670	2415	1871	n
2728920	2416	1870	n
2739318	2416	1871	n
2739575	2416	1870	n
2739830	2416	1869	n
2740081	2416	1870	n
2740332	2416	1869	n
2740589	2416	1869	n
2740844	2415	1870	n
2751204	2416	1871	n
2751455	2414	1870	n
2751710	2416	1871	n
2751961	2416	1872	n
2752212	2415	1870	n
2752463	2416	1869	n
2762865	2416	1871	n
2763116	2416	1871	n
2763367	2415	1872	n
2763628	2416	1871	n
2763879	2415	1869	n
2764130	2416	1872	n
2764380	2416	1872	n
2774754	2416	1870	n
2775005	2416	1869	n
2775256	2416	1871	n
2775509	2415	1871	n
2775764	2416	1871	n
2776015	2415	1871	n
2786411	2416	1870	n
2786666	2416	1871	n
2786917	2416	1871	n
2787168	2416	1870	n
2787419	2416	1872	n
2787674	2415	1870	n
2787925	2416	1870	n
2798296	2416	1870	n
2798550	2416	1872	n
2798805	2416	1871	n
2799056	2416	1871	n
2799307	2416	1872	n
2799560	2416	1872	n
2809957	2416	1871	n
2810208	2416	1871	n
2810459	2416	1871	n
2810714	2416	1871	n
2810965	2415	1871	n
2811216	2416	1871	n
2811467	2416	1872	n
2821842	2415	1871	n
2822093	2415	1870	n
2822344	2413	1872	n
2822600	2416	1871	n
2822855	2415	1870	n
2823106	2416	1870	n
2833506	2415	1871	n
2833761	2416	1871	n
2834012	2416	1870	n
2834263	2416	1871	n
2834517	2416	1869	n
2834773	2416	1871	n
2835024	2416	1872	n
2845389	2415	1871	n
2845650	2416	1871	n
2845901	2415	1870	n
2846152	2416	1871	n
2846403	2416	1869	n
2846660	2415	1870	n
2857050	2415	1871	n
2857301	2415	1870	n
2857557	2415	1872	n
2857812	2416	1872	n
2858063	2415	1872	n
2858314	2415	1871	n
2858568	2415	1872	n
2868935	2416	1871	n
2869186	2415	1871	n
2869437	2415	1869	n
2869694	2414	1870	n
2869945	2415	1869	n
2870196	2415	1870	n
2880596	2415	1870	n
2880851	2415	1871	n
2881102	2415	1871	n
2881353	2413	1871	n
2881610	2415	1871	n
2881865	2416	1870	n
2882116	2415	1868	n
2892482	2415	1871	n
2892738	2416	1870	n
2892989	2415	1870	n
2893240	2415	1869	n
2893496	2415	1870	n
2893751	2415	1870	n
2904142	2415	1871	n
2904393	2416	1871	n
2904654	2415	1871	n
2904905	2416	1871	n
2905156	2416	1871	n
2905407	2416	1871	n
2905662	2416	1871	n
2916027	2416	1871	n
2916278	2415	1871	n
2916534	2415	1871	n
2916788	2415	1871	n
2917040	2415	1871	n
2917290	2415	1870	n
2927690	2415	1869	n
2927941	2415	1871	n
2928192	2415	1871	n
2928443	2414	1872	n
2928700	2416	1871	n
2928951	2415	1869	n
2929202	2415	1869	n
2939576	2416	1871	n
2939831	2416	1871	n
2940082	2416	1872	n
2940333	2416	1871	n
2940588	2416	1869	n
2940844	2416	1871	n
2951235	2416	1872	n
2951489	2415	1871	n
2951744	2414	1871	n
2951995	2416	1870	n
2952246	2414	1871	n
2952500	2416	1870	n
2952756	2415	1872	n
2963120	2416	1871	n
2963371	2416	1872	n
2963630	2416	1871	n
2963881	2415	1871	n
2964132	2416	1871	n
2964383	2416	1870	n
2974781	2416	1870	n
2975032	2416	1871	n
2975283	2416	1870	n
2975537	2416	1869	n
2975792	2415	1871	n
2976043	2416	1872	n
2976294	2415	1871	n
2986670	2416	1872	n
2987109	2415	1871	n
2987382	2415	1870	n
2987641	2416	1872	n
2987892	2416	1871	n
2988151	2416	1871	n
2998552	2416	1870	n
2999032	2411	1871	n
2999283	2416	1871	n
2999549	2414	1870	n
2999827	2415	1869	n
3000078	2416	1868	n
3000329	2415	1870	n
3010764	2415	1871	Time:00:00:00:00;;
3011488	2415	1871	n
3011744	2416	1870	n
3011995	2416	1872	n
3012277	2415	1872	n
3012531	2416	1870	n
3022942	2416	1871	n
3023418	2416	1872	n
3023705	2416	1872	n
3023956	2416	1871	n
3024207	2416	1869	n
3024458	2416	1871	n
3024744	2416	1871	n
3035156	2417	1872	n
3035641	2416	1870	n
3035892	2416	1870	n
3036174	2416	1871	n
3036425	2416	1871	n
3036680	2416	1870	n
3047111	2415	1872	n
3047627	2415	1871	n
3047878	2416	1869	n
3048129	2416	1870	n
3048380	2416	1871	n
3048672	2415	1871	n
3048923	2415	1871	n
3059323	2416	1872	Time:00:00:00:00;;
3060033	2416	1872	n
3060306	2415	1871	n
3060559	2415	1870	n
3060814	2415	1870	n
3061074	2415	1871	n
3071506	2416	1871	n
3071987	2416	1872	n
3072238	2416	1871	n
3072503	2416	1871	n
3072781	2416	1871	n
3073032	2416	1872	n
3073283	2416	1872	n
3083718	2416	1871	n
3084227	2415	1870	n
3084478	2416	1871	n
3084736	2416	1871	n
3084995	2415	1871	n
3085269	2416	1870	n
3095669	2416	1872	n
3096144	2416	1871	n
3096403	2416	1870	n
3096684	2416	1869	n
3096935	2416	1871	n
3097186	2416	1871	n
3097446	2414	1871	n
3107891	2416	1870	n
3108373	2416	1871	n
3108630	2416	1871	n
3108890	2416	1871	n
3109163	2415	1871	n
3109414	2416	1871	n
3109669	2416	1871	n
3120078	2415	1871	n
3120589	2416	1872	n
3120844	2416	1872	n
3121095	2416	1872	n
3121354	2416	1871	n
3121634	2416	1871	n
3121885	2416	1871	n
3132273	2414	1870	n
3132758	2414	1870	n
3133040	2414	1870	n
3133291	2415	1870	n
3133543	2414	1872	n
3133798	2416	1871	n
3144193	2415	1870	n
3144686	2415	1871	n
3144937	2416	1870	n
3145188	2416	1870	n
3145448	2415	1872	n
3145726	2415	1871	n
3145977	2416	1870	n
3156388	2416	1871	n
3156887	2415	1871	n
3157160	2416	1872	n
3157411	2416	1871	n
3157666	2416	1871	n
3157926	2416	1871	n
3158199	2416	1871	n
3168588	2416	1872	n
3169071	2416	1871	n
3169331	2416	1872	n
3169610	2416	1872	n
3169865	2415	1871	n
3170116	2416	1872	n
3180506	2416	1871	n
3181024	2415	1869	n
3181275	2416	1871	n
3181532	2416	1870	n
3181796	2415	1871	n
3182069	2416	1871	n
3182320	2416	1870	n
3192704	2416	1871	n
3193195	2416	1870	n
3193468	2416	1871	n
3193724	2415	1871	n
3193974	2415	1870	n
3194234	2415	1871	n
3194509	2415	1871	n
3204896	2416	1871	n
3205373	2416	1871	n
3205630	2416	1871	n
3205912	2415	1870	n
3206163	2415	1870	n
3206414	2416	1870	n
3216798	2416	1871	Time:00:00:00:00;;
3217398	2416	1869	n
3217659	2416	1872	n
3217910	2415	1870	n
3218161	2416	1871	n
3218412	2415	1870	n
3228804	2416	1871	n
3229055	2417	1871	n
3229306	2415	1872	n
3229559	2416	1870	n
3229814	2416	1870	n
3230065	2416	1871	n
3230316	2416	1871	n
3240693	2416	1871	n
3240944	2416	1872	n
3241195	2416	1871	n
3241446	2416	1870	n
3241702	2416	1871	n
3241953	2416	1870	n
3252350	2416	1871	n
3252607	2416	1871	n
3252862	2416	1871	n
3253113	2416	1871	n
3253364	2416	1872	n
3253623	2415	1872	n
3253874	2416	1872	n
3264236	2416	1870	n
3264489	2416	1870	n
3264744	2415	1870	n
3264995	2416	1871	n
3265246	2415	1869	n
3265503	2415	1871	n
3275897	2414	1870	n
3276148	2415	1872	n
3276399	2415	1870	n
3276659	2415	1870	n
3276910	2416	1871	n
3277161	2415	1870	n
3277412	2415	1867	n
3287786	2416	1872	n
3288037	2416	1871	n
3288288	2416	1871	n
3288541	2417	1872	n
3288796	2416	1871	n
3289047	2415	1872	n
3299443	2416	1871	n
3299700	2416	1871	n
3299951	2416	1872	n
3300202	2416	1871	n
3300453	2415	1871	n
3300708	2416	1871	n
3300959	2415	1871	n
3311328	2416	1870	n
3311583	2415	1870	n
3311838	2416	1869	n
3312089	2416	1871	n
3312340	2416	1871	n
3312593	2415	1870	n
3322989	2415	1871	n
3323240	2416	1871	n
3323496	2415	1870	n
3323751	2416	1872	n
3324002	2415	1870	n
3324253	2416	1872	n
3324506	2414	1872	n
3334874	2416	1871	n
3335125	2414	1871	n
3335376	2415	1871	n
3335633	2415	1870	n
3335884	2416	1870	n
3336135	2415	1871	n
3346540	2415	1870	n
3346795	2416	1871	n
3347046	2416	1871	n
3347297	2416	1871	n
3347554	2416	1871	n
3347810	2416	1871	n
3348060	2416	1871	n
3358421	2415	1872	n
3358676	2416	1870	n
3358927	2416	1871	n
3359178	2416	1871	n
3359429	2415	1870	n
3359684	2416	1871	n
3370082	2416	1871	n
3370333	2416	1871	n
3370588	2416	1870	n
3370843	2416	1871	n
3371094	2416	1872	n
3371345	2415	1871	n
3371600	2416	1871	n
3381967	2416	1872	n
3382218	2416	1871	n
3382469	2417	1871	n
3382724	2416	1871	n
3382975	2415	1872	n
3383226	2416	1872	n
3393632	2416	1871	n
3393883	2416	1871	n
3394134	2416	1872	n
3394385	2416	1872	n
3394646	2416	1871	n
3394897	2416	1871	n
3395148	2416	1872	n
3405516	2416	1870	n
3405772	2416	1871	n
3406023	2416	1871	n
3406274	2416	1871	n
3406526	2416	1871	n
3406781	2416	1870	n
3417174	2415	1871	n
3417425	2416	1871	n
3417680	2416	1869	n
3417931	2414	1870	n
3418182	2415	1870	n
3418433	2416	1871	n
3418693	2414	1870	n
3429059	2416	1871	n
3429310	2416	1871	n
3429565	2416	1872	n
3429820	2416	1872	n
3430071	2416	1872	n
3430322	2416	1871	n
3440720	2416	1871	n
3440971	2416	1871	n
3441222	2415	1871	n
3441473	2413	1870	n
3441729	2412	1870	n
3441980	2415	1869	n
3442231	2416	1871	n
3452609	2416	1870	n
3452864	2416	1871	n
3453115	2416	1871	n
3453366	2416	1870	n
3453623	2415	1871	n
3453874	2415	1871	n
3464267	2415	1872	n
3464523	2415	1871	n
3464779	2415	1871	n
3465030	2416	1871	n
3465281	2416	1871	n
3465538	2416	1872	n
3465792	2416	1872	n
3476152	2416	1872	n
3476403	2416	1870	n
3476660	2416	1872	n
3476911	2416	1871	n
3477162	2416	1871	n
3477413	2416	1871	n
3487813	2416	1871	n
3488064	2415	1871	n
3488315	2415	1870	n
3488569	2416	1871	n
3488824	2415	1871	n
3489075	2415	1870	n
3489325	2414	1871	n
3499703	2415	1871	n
3499954	2416	1871	n
3500205	2414	1871	n
3500455	2416	1871	n
3500710	2415	1870	n
3500961	2415	1871	n
3511359	2416	1872	n
3511612	2416	1872	n
3511867	2416	1869	n
3512118	2416	1871	n
3512369	2415	1871	n
3512628	2416	1871	n
3512879	2416	1870	n
3523244	2416	1871	n
3523501	2416	1872	n
3523756	2416	1872	n
3524007	2416	1872	n
3524258	2416	1871	n
3524514	2416	1871	n
3534905	2416	1871	n
3535156	2415	1872	n
3535407	2416	1869	n
3535662	2416	1871	n
3535913	2416	1870	n
3536164	2416	1869	n
3536415	2416	1871	n
3546791	2416	1871	n
3547042	2416	1870	n
3547293	2416	1871	n
3547548	2416	1871	n
3547803	2416	1870	n
3548054	2415	1870	n
3558452	2416	1871	n
3558707	2416	1871	n
3558958	2416	1871	n
3559209	2416	1871	n
3559460	2416	1872	n
3559715	2416	1871	n
3559966	2416	1870	n
3570337	2416	1870	n
3570591	2416	1872	n
3570846	2416	1870	n
3571097	2416	1872	n
3571348	2416	1871	n
3571602	2415	1871	n
3581998	2416	1872	n
3582249	2416	1871	n
3582503	2416	1870	n
3582758	2415	1872	n
3583009	2416	1872	n
3583260	2416	1870	n
3583517	2415	1871	n
3593883	2415	1871	n
3594134	2415	1871	n
3594385	2415	1872	n
3594646	2415	1870	n
3594897	2416	1871	n
3595148	2415	1870	n
3605548	2416	1872	n
3605803	2416	1871	n
3606054	2416	1872	n
3606305	2416	1871	n
3606558	2416	1872	n
3606813	2416	1871	n
3607064	2416	1871	n
3617429	2415	1870	n
3617685	2416	1870	n
3617936	2415	1871	n
3618187	2415	1872	n
3618438	2416	1871	n
3618695	2415	1869	n
3629090	2415	1870	n
3629341	2416	1871	n
3629594	2415	1870	n
3629849	2416	1870	n
3630100	2416	1870	n
3630351	2415	1871	n
3630606	2415	1871	n
3640976	2416	1869	n
3641227	2415	1871	n
3641478	2416	1870	n
3641736	2416	1871	n
3641987	2416	1871	n
3642238	2416	1871	n
3652641	2415	1871	n
3652892	2416	1872	n
3653143	2415	1870	n
3653394	2415	1871	n
3653655	2416	1871	n
3653906	2414	1871	n
3654157	2416	1872	n
3664524	2416	1871	n
3664779	2416	1871	n
3665030	2415	1870	n
3665281	2416	1871	n
3665538	2416	1870	n
3665793	2416	1871	n
3676183	2416	1871	n
3676434	2415	1870	n
3676693	2415	1869	n
3676944	2416	1870	n
3677194	2415	1871	n
3677445	2413	1871	n
3677701	2415	1870	n
3688068	2415	1871	n
3688319	2416	1872	n
3688575	2416	1870	n
3688829	2416	1871	n
3689080	2416	1872	n
3689331	2416	1871	n
3699729	2416	1871	n
3699980	2416	1871	n
3700231	2416	1872	n
3700483	2416	1871	n
3700739	2416	1871	n
3700989	2416	1871	n
3701240	2416	1871	n
3711623	2416	1870	n
3711874	2415	1871	n
3712125	2416	1871	n
3712376	2414	1872	n
3712633	2416	1871	n
3712884	2415	1871	n
3723275	2416	1871	n
3723531	2416	1871	n
3723786	2416	1872	n
3724037	2415	1871	n
3724288	2416	1870	n
3724541	2416	1871	n
3724796	2416	1872	n
3735161	2416	1870	n
3735412	2416	1869	n
3735667	2416	1871	n
3735918	2416	1872	n
3736169	2415	1872	n
3736420	2416	1872	n
3746822	2416	1871	n
3747073	2416	1870	n
3747324	2415	1872	n
3747577	2415	1871	n
3747833	2416	1871	n
3748084	2416	1870	n
3748335	2415	1872	n
3758712	2416	1869	n
3758962	2415	1871	n
3759213	2416	1871	n
3759464	2416	1871	n
3759720	2416	1870	n
3759971	2416	1871	n
3770368	2416	1871	n
3770627	2416	1870	n
3770878	2416	1871	n
3771129	2415	1870	n
3771380	2416	1871	n
3771641	2416	1870	n
3771892	2416	1871	n
3782253	2416	1871	n
3782506	2416	1872	n
3782761	2416	1871	n
3783012	2416	1871	n
3783263	2415	1872	n
3783517	2416	1871	n
3793914	2416	1869	n
3794165	2413	1872	n
3794416	2415	1871	n
3794671	2414	1871	n
3794922	2414	1869	n
3795173	2415	1869	n
3795424	2415	1872	n
3805799	2415	1872	n
3806050	2415	1871	n
3806301	2416	1870	n
3806557	2415	1871	n
3806812	2416	1872	n
3807063	2416	1871	n
3817460	2416	1871	n
3817715	2416	1871	n
3817966	2416	1872	n
3818217	2416	1871	n
3818468	2415	1870	n
3818723	2415	1869	n
3818974	2416	1871	n
3829346	2415	1869	n
3829602	2415	1869	n
3829857	2416	1870	n
3830108	2416	1870	n
3830359	2415	1871	n
3830612	2416	1872	n
3841007	2415	1872	n
3841258	2415	1872	n
3841514	2414	1871	n
3841769	2416	1870	n
3842020	2414	1870	n
3842271	2416	1871	n
3842524	2414	1870	n
3852892	2415	1870	n
3853143	2415	1871	n
3853394	2415	1871	n
3853655	2413	1869	n
3853906	2415	1870	n
3854157	2415	1871	n
3864557	2416	1872	n
3864812	2416	1871	n
3865063	2416	1872	n
3865314	2416	1871	n
3865568	2416	1871	n
3865823	2416	1872	n
3866074	2416	1871	n
3876438	2416	1871	n
3876695	2414	1871	n
3876946	2414	1872	n
3877197	2415	1870	n
3877448	2414	1871	n
3877704	2415	1872	n
3888099	2414	1871	n
3888350	2415	1869	n
3888607	2414	1870	n
3888862	2414	1870	n
3889113	2413	1869	n
3889364	2411	1869	n
3889623	2414	1871	n
3899984	2416	1869	n
3900235	2414	1869	n
3900489	2414	1869	n
3900744	2414	1870	n
3900995	2415	1869	n
3901246	2415	1869	n
3911649	2415	1870	n
3911900	2416	1870	n
3912151	2414	1869	n
3912402	2414	1869	n
3912659	2414	1871	n
3912910	2412	1869	n
3913161	2413	1870	n
3923534	2416	1871	n
3923789	2415	1870	n
3924040	2414	1870	n
3924291	2415	1871	n
3924544	2415	1870	n
3924799	2415	1869	n
3935192	2415	1867	n
3935443	2411	1870	n
3935700	2413	1869	n
3935951	2414	1869	n
3936202	2414	1869	n
3936453	2412	1869	n
3936708	2415	1871	n
3947077	2413	1870	n
3947328	2415	1871	n
3947583	2414	1871	n
3947838	2415	1870	n
3948089	2415	1871	n
3948340	2414	1869	n
3958738	2413	1870	n
3958989	2415	1871	n
3959240	2416	1871	n
3959496	2416	1871	n
3959751	2416	1870	n
3960002	2415	1871	n
3960253	2415	1871	n
3970630	2415	1871	n
3970881	2413	1868	n
3971132	2413	1869	n
3971383	2412	1869	n
3971640	2413	1869	n
3971891	2412	1867	n
3982284	2415	1871	n
3982630	2416	1869	n
3982881	2412	1872	n
3983140	2416	1870	n
3983413	2416	1867	n
3983669	2416	1868	n
3983920	2413	1869	n
3994342	2415	1869	n
3994858	2414	1870	n
3995109	2414	1870	n
3995359	2415	1870	n
3995626	2414	1870	n
3995899	2415	1871	n
4006297	2416	1870	Time:00:00:00:00;;
4007006	2415	1870	n
4007279	2415	1870	n
4007534	2415	1870	n
4007789	2414	1870	n
4008048	2413	1870	n
4018496	2413	1870	n
4018978	2414	1869	n
4019228	2414	1868	n
4019493	2414	1867	n
4019771	2415	1869	n
4020022	2414	1870	n
4020273	2414	1870	n
4030709	2414	1871	n
4031215	2414	1870	n
4031466	2415	1869	n
4031721	2415	1869	n
4031981	2415	1871	n
4032254	2415	1872	n
4032507	2415	1869	n
4042901	2415	1871	n
4043386	2415	1871	n
4043670	2415	1870	n
4043921	2415	1871	n
4044172	2416	1871	n
4044431	2416	1869	n
4054864	2416	1871	n
4055342	2414	1870	n
4055595	2416	1871	n
4055850	2415	1871	n
4056132	2415	1870	n
4056383	2414	1871	n
4056641	2415	1870	n
4066999	2416	1871	Time:00:00:00:00;;
4067705	2414	1869	n
4067979	2415	1869	n
4068230	2416	1870	n
4068494	2414	1871	n
4068771	2415	1870	n
4079177	2415	1871	n
4079661	2415	1870	n
4079921	2415	1871	n
4080194	2415	1869	n
4080445	2413	1870	n
4080701	2415	1871	n
4080961	2415	1870	n
4091382	2415	1871	n
4091864	2416	1872	n
4092115	2415	1871	n
4092375	2416	1870	n
4092657	2415	1870	n
4092908	2416	1870	n
4103276	2416	1869	n
4103771	2414	1869	n
4104044	2415	1869	n
4104295	2413	1869	n
4104551	2415	1867	n
4104815	2411	1867	n
4105088	2415	1870	n
4115493	2416	1871	n
4115980	2415	1867	n
4116231	2415	1870	n
4116517	2413	1870	n
4116772	2415	1869	n
4117023	2414	1871	n
4117274	2413	1869	n
4127688	2414	1870	n
4128174	2416	1871	n
4128425	2416	1871	n
4128680	2416	1871	n
4128962	2415	1871	n
4129213	2414	1871	n
4139570	2416	1870	n
4140049	2414	1871	n
4140309	2415	1870	n
4140586	2414	1871	n
4140841	2414	1871	n
4141092	2416	1872	n
4141351	2415	1871	n
4151782	2414	1870	n
4152260	2414	1870	n
4152517	2415	1870	n
4152781	2414	1870	n
4153061	2413	1869	n
4153312	2414	1871	n
4153568	2414	1871	n
4163996	2415	1869	n
4164506	2414	1869	n
4164761	2413	1871	n
4165012	2414	1869	n
4165272	2413	1871	n
4165550	2415	1871	n
4175951	2416	1870	n
4176432	2415	1870	n
4176697	2414	1871	n
4176970	2416	1870	n
4177221	2415	1869	n
4177472	2414	1871	n
4177737	2415	1870	n
4188171	2415	1870	n
4188661	2414	1871	n
4188912	2415	1870	n
4189171	2414	1869	n
4189445	2413	1870	n
4189701	2414	1869	n
4189952	2413	1871	n
4200359	2414	1870	n
4200880	2415	1870	n
4201131	2414	1869	n
4201382	2415	1871	n
4201647	2414	1871	n
4201921	2415	1870	n
4202172	2413	1870	n
4212557	2414	1870	Time:00:00:00:00;;
4213252	2414	1868	n
4213506	2414	1870	n
4213761	2414	1871	n
4214012	2415	1867	n
4224423	2415	1872	n
4224678	2416	1871	n
4224929	2416	1870	n
4225180	2415	1870	n
4225431	2415	1870	n
4225687	2414	1869	n
4225938	2414	1870	n
4236324	2414	1870	n
4236578	2414	1869	n
4236833	2414	1869	n
4237084	2413	1871	n
4237335	2414	1870	n
4237592	2415	1869	n
4247969	2414	1871	n
4248220	2416	1872	n
4248471	2414	1871	n
4248726	2415	1869	n
4248977	2413	1871	n
4249228	2414	1869	n
4249480	2414	1867	n
4259871	2414	1870	n
4260122	2414	1870	n
4260373	2416	1871	n
4260630	2414	1869	n
4260881	2414	1871	n
4261132	2415	1869	n
4271519	2415	1871	n
4271775	2413	1869	n
4272026	2415	1871	n
4272277	2415	1869	n
4272534	2414	1871	n
4272789	2415	1870	n
4273040	2416	1869	n
4283417	2414	1871	n
4283672	2415	1870	n
4283923	2416	1869	n
4284174	2416	1870	n
4284425	2414	1872	n
4284681	2416	1870	n
4295062	2414	1871	n
4295313	2413	1869	n
4295568	2415	1871	n
4295823	2413	1870	n
4296074	2416	1871	n
4296325	2415	1869	n
4296578	2416	1869	n
4306963	2416	1871	n
4307214	2415	1869	n
4307465	2416	1871	n
4307721	2416	1869	n
4307972	2415	1870	n
4308223	2416	1870	n
4318608	2415	1870	n
4318863	2416	1871	n
4319114	2415	1869	n
4319365	2415	1869	n
4319622	2414	1870	n
4319873	2416	1871	n
4320124	2415	1871	n
4330514	2415	1871	n
4330769	2414	1869	n
4331020	2415	1869	n
4331271	2414	1871	n
4331524	2415	1867	n
4331780	2414	1868	n
4342154	2414	1871	n
4342405	2414	1869	n
4342661	2415	1869	n
4342912	2416	1871	n
4343162	2413	1869	n
4343413	2415	1869	n
4343669	2416	1869	n
4354056	2414	1870	n
4354307	2416	1868	n
4354560	2415	1872	n
4354815	2415	1870	n
4355066	2415	1871	n
4355317	2414	1870	n
4365701	2416	1870	n
4365952	2415	1869	n
4366203	2415	1871	n
4366454	2413	1871	n
4366709	2415	1871	n
4366960	2414	1869	n
4367211	2413	1869	n
4377605	2414	1869	n
4377860	2413	1869	n
4378110	2416	1871	n
4378362	2414	1867	n
4378617	2415	1870	n
4378872	2415	1869	n
4389247	2415	1869	n
4389504	2415	1869	n
4389759	2414	1870	n
4390010	2415	1870	n
4390261	2414	1870	n
4390517	2413	1869	n
4390772	2415	1870	n
4401148	2416	1871	n
4401399	2414	1870	n
4401659	2415	1870	n
4401910	2414	1868	n
4402161	2416	1870	n
4402412	2414	1870	n
4412793	2411	1870	n
4413044	2416	1870	n
4413294	2415	1871	n
4413551	2414	1868	n
4413806	2414	1869	n
4414057	2414	1869	n
4414307	2413	1869	n
4424699	2415	1869	n
4424950	2415	1870	n
4425201	2415	1869	n
4425452	2413	1867	n
4425707	2415	1868	n
4425958	2414	1870	n
4436339	2415	1870	n
4436592	2415	1870	n
4436847	2416	1871	n
4437098	2415	1869	n
4437349	2415	1870	n
4437603	2415	1871	n
4437858	2415	1870	n
4448241	2416	1870	n
4448495	2415	1870	n
4448751	2415	1871	n
4449002	2416	1870	n
4449253	2415	1869	n
4449506	2414	1870	n
4459886	2415	1869	n
4460137	2414	1870	n
4460388	2413	1871	n
4460646	2415	1871	n
4460897	2415	1869	n
4461148	2415	1871	n
4461398	2413	1869	n
4471787	2415	1872	n
4472038	2416	1870	n
4472289	2415	1870	n
4472543	2415	1871	n
4472798	2415	1869	n
4473049	2415	1871	n
4483432	2415	1871	n
4483688	2414	1870	n
4483939	2416	1871	n
4484190	2415	1871	n
4484441	2415	1870	n
4484701	2416	1871	n
4484952	2416	1869	n
4495333	2414	1870	n
4495588	2416	1870	n
4495843	2413	1869	n
4496094	2416	1868	n
4496345	2415	1870	n
4496600	2414	1868	n
4506978	2415	1871	n
4507229	2413	1870	n
4507480	2415	1871	n
4507737	2413	1869	n
4507988	2415	1871	n
4508239	2413	1869	n
4508493	2413	1869	n
4518879	2415	1871	n
4519130	2415	1870	n
4519381	2416	1870	n
4519641	2416	1869	n
4519892	2415	1870	n
4520143	2414	1869	n
4530524	2416	1871	n
4530779	2415	1869	n
4531030	2415	1870	n
4531281	2415	1871	n
4531538	2415	1871	n
4531793	2416	1872	n
4532044	2415	1871	n
4542426	2415	1871	n
4542682	2415	1870	n
4542933	2415	1871	n
4543184	2415	1870	n
4543435	2416	1869	n
4543694	2414	1869	n
4554071	2415	1870	n
4554322	2413	1869	n
4554575	2415	1870	n
4554829	2414	1871	n
4555080	2414	1870	n
4555331	2413	1870	n
4555586	2415	1869	n
4565972	2414	1870	n
4566223	2414	1870	n
4566474	2412	1869	n
4566730	2413	1870	n
4566981	2414	1869	n
4567232	2413	1868	n
4577617	2415	1870	n
4577871	2415	1871	n
4578122	2414	1870	n
4578373	2416	1871	n
4578630	2415	1870	n
4578881	2415	1869	n
4579132	2416	1869	n
4589523	2413	1871	n
4589778	2414	1869	n
4590029	2414	1871	n
4590280	2415	1868	n
4590534	2415	1871	n
4590790	2415	1869	n
4601163	2414	1870	n
4601414	2415	1869	n
4601669	2414	1871	n
4601920	2415	1870	n
4602171	2415	1870	n
4602422	2415	1871	n
4602677	2414	1867	n
4613064	2416	1871	n
4613315	2415	1871	n
4613572	2416	1871	n
4613828	2416	1870	n
4614079	2416	1871	n
4614330	2414	1870	n
4624709	2415	1870	n
4624960	2415	1871	n
4625210	2416	1871	n
4625461	2416	1872	n
4625717	2415	1870	n
4625968	2415	1872	n
4626219	2415	1870	n
4636611	2414	1871	n
4636867	2415	1870	n
4637117	2414	1869	n
4637368	2415	1870	n
4637627	2413	1870	n
4637879	2415	1871	n
4648256	2413	1871	n
4648509	2415	1870	n
4648764	2415	1870	n
4649015	2415	1871	n
4649266	2414	1868	n
4649523	2414	1869	n
4649779	2415	1871	n
4660157	2416	1870	n
4660408	2416	1870	n
4660664	2415	1871	n
4660915	2414	1870	n
4661166	2415	1871	n
4661417	2415	1871	n
4671802	2413	1871	n
4672053	2414	1870	n
4672304	2416	1869	n
4672557	2415	1870	n
4672812	2415	1868	n
4673063	2416	1871	n
4673314	2415	1870	n
4683707	2414	1870	n
4683958	2416	1870	n
4684209	2415	1870	n
4684460	2416	1871	n
4684715	2415	1871	n
4684966	2415	1869	n
4695348	2415	1869	n
4695602	2413	1869	n
4695857	2416	1870	n
4696108	2415	1871	n
4696359	2416	1871	n
4696612	2416	1869	n
4696867	2415	1871	n
4707249	2415	1870	n
4707506	2415	1870	n
4707762	2415	1870	n
4708013	2416	1871	n
4708263	2416	1870	n
4708520	2415	1871	n
4718894	2415	1870	n
4719145	2416	1871	n
4719396	2414	1870	n
4719654	2416	1872	n
4719905	2415	1871	n
4720156	2415	1870	n
4720407	2415	1867	n
4730796	2414	1869	n
4731047	2415	1870	n
4731298	2415	1869	n
4731554	2415	1870	n
4731809	2415	1870	n
4732060	2415	1871	n
4742441	2415	1870	n
4742700	2415	1870	n
4742951	2415	1871	n
4743202	2415	1868	n
4743453	2412	1869	n
4743707	2413	1870	n
4743958	2416	1871	n
4754342	2416	1871	n
4754595	2415	1871	n
4754850	2413	1871	n
4755101	2414	1871	n
4755352	2414	1871	n
4755607	2416	1871	n
4765987	2413	1868	n
4766238	2415	1870	n
4766493	2416	1870	n
4766748	2415	1870	n
4766999	2414	1870	n
4767250	2413	1870	n
4767506	2415	1870	n
4777888	2414	1868	n
4778139	2414	1869	n
4778390	2413	1867	n
4778650	2414	1867	n
4778901	2415	1871	n
4779152	2415	1870	n
4789533	2415	1870	n
4789788	2415	1869	n
4790039	2415	1869	n
4790290	2415	1870	n
4790543	2415	1870	n
4790798	2415	1869	n
4791049	2415	1869	n
4801434	2414	1871	n
4801693	2416	1869	n
4801944	2416	1870	n
4802195	2416	1871	n
4802445	2413	1871	n
4802702	2415	1871	n
4813079	2416	1871	n
4813330	2416	1869	n
4813586	2415	1870	n
4813841	2414	1869	n
4814092	2415	1870	n
4814343	2414	1869	n
4814600	2413	1871	n
4824981	2416	1870	n
4825232	2416	1869	n
4825489	2415	1870	n
4825744	2416	1870	n
4825995	2415	1869	n
4826246	2415	1870	n
4836630	2416	1870	n
4836881	2416	1871	n
4837132	2415	1870	n
4837383	2415	1870	n
4837641	2416	1871	n
4837892	2416	1871	n
4838143	2416	1871	n
4848531	2416	1871	n
4848786	2415	1871	n
4849037	2415	1870	n
4849288	2415	1869	n
4849541	2414	1870	n
4849796	2414	1870	n
4860172	2415	1869	n
4860423	2415	1872	n
4860678	2415	1871	n
4860929	2414	1869	n
4861180	2411	1867	n
4861431	2415	1869	n
4861687	2415	1870	n
4872073	2414	1871	n
4872324	2415	1869	n
4872578	2415	1869	n
4872833	2415	1869	n
4873084	2413	1869	n
4873335	2416	1869	n
4883718	2414	1870	n
4883969	2416	1872	n
4884220	2415	1869	n
4884470	2414	1870	n
4884726	2415	1870	n
4884977	2414	1870	n
4885228	2415	1870	n
4895622	2416	1870	n
4895873	2416	1871	n
4896124	2416	1870	n
4896375	2415	1869	n
4896632	2415	1871	n
4896883	2414	1869	n
4907264	2413	1870	n
4907521	2415	1870	n
4907775	2413	1871	n
4908026	2414	1870	n
4908277	2415	1870	n
4908534	2414	1870	n
4908789	2414	1871	n
4919166	2415	1869	n
4919417	2415	1871	n
4919673	2415	1870	n
4919924	2415	1869	n
4920175	2415	1869	n
4920426	2416	1872	n
4930811	2415	1870	n
4931062	2416	1869	n
4931313	2416	1870	n
4931568	2415	1870	n
4931823	2414	1867	n
4932074	2414	1868	n
4932325	2416	1870	n
4942717	2415	1870	n
4942968	2411	1868	n
4943219	2416	1871	n
4943470	2415	1867	n
4943725	2414	1871	n
4943976	2415	1869	n
4954357	2415	1871	n
4954610	2415	1871	n
4954865	2416	1869	n
4955116	2415	1871	n
4955367	2414	1871	n
4955628	2415	1871	n
4955879	2414	1869	n
4966258	2415	1871	n
4966514	2414	1871	n
4966769	2416	1870	n
4967020	2415	1869	n
4967271	2414	1870	n
4967524	2415	1870	n
4977903	2414	1870	n
4978154	2416	1871	n
4978404	2416	1867	n
4978661	2415	1870	n
4978920	2416	1869	n
4979194	2415	1870	n
4979445	2415	1869	n
4989804	2415	1870	n
4990281	2415	1871	n
4990568	2415	1870	n
4990823	2413	1869	n
4991074	2415	1871	n
4991325	2416	1869	n
4991609	2415	1869	n
5002001	2415	1870	n
5002477	2413	1869	n
5002736	2415	1870	Time:00:00:00:00;;
5003233	2416	1871	n
5003489	2415	1871	n
5013869	2414	1871	n
5014354	2415	1871	n
5014633	2415	1871	n
5014884	2415	1871	n
5015135	2415	1870	n
5015395	2415	1871	n
5015676	2415	1871	n
5026082	2416	1870	n
5026560	2416	1871	n
5026824	2415	1870	n
5027097	2416	1869	n
5027348	2416	1870	n
5027602	2416	1871	n
5027866	2416	1872	n
5038286	2414	1870	n
5038771	2414	1869	n
5039022	2415	1872	n
5039281	2415	1870	n
5039557	2416	1869	n
5039812	2415	1871	n
5040063	2414	1870	n
5050473	2414	1869	n
5050988	2416	1870	n
5051239	2416	1870	n
5051496	2415	1871	n
5051761	2415	1871	n
5052034	2415	1869	n
5062393	2416	1869	Time:00:00:00:00;;
5063095	2414	1872	n
5063355	2415	1870	n
5063634	2416	1869	n
5063885	2413	1870	n
5064136	2414	1870	n
5074557	2411	1867	n
5075069	2411	1869	n
5075320	2414	1871	n
5075575	2413	1870	n
5075838	2414	1869	n
5076112	2413	1869	n
5076363	2415	1869	n
5086769	2416	1871	n
5087253	2416	1870	n
5087531	2415	1870	n
5087786	2414	1870	n
5088037	2414	1871	n
5088297	2416	1869	n
5088575	2415	1869	n
5098946	2416	1870	n
5099423	2417	1872	n
5099688	2415	1871	n
5099961	2416	1871	n
5100212	2416	1870	n
5100463	2416	1871	n
5110865	2415	1871	n
5111378	2415	1871	n
5111635	2416	1871	n
5111886	2415	1871	n
5112146	2415	1871	n
5112419	2416	1872	n
5112675	2416	1870	n
5123062	2415	1870	n
5123541	2415	1871	n
5123827	2413	1870	n
5124078	2415	1870	n
5124329	2414	1870	n
5124586	2415	1870	n
5124870	2415	1870	n
5135257	2416	1871	n
5135740	2414	1870	n
5135991	2415	1870	n
5136273	2416	1871	n
5136526	2415	1870	n
5136781	2415	1868	n
5147177	2415	1870	n
5147670	2416	1872	n
5147943	2416	1871	n
5148194	2416	1872	n
5148445	2415	1871	n
5148710	2416	1870	n
5148983	2416	1871	n
5159372	2415	1870	n
5159862	2415	1870	n
5160122	2416	1871	n
5160395	2414	1871	n
5160654	2415	1871	n
5160905	2416	1869	n
5161165	2416	1871	n
5171579	2415	1870	n
5172066	2415	1871	n
5172317	2415	1870	n
5172580	2415	1870	n
5172858	2415	1871	n
5173109	2415	1871	n
5183493	2416	1871	n
5183983	2414	1871	n
5184258	2415	1871	n
5184514	2415	1871	n
5184770	2416	1871	n
5185030	2414	1870	n
5185303	2414	1870	n
5195688	2416	1870	n
5196169	2416	1870	n
5196420	2415	1870	n
5196707	2415	1871	n
5196958	2415	1870	n
5197209	2416	1872	n
5197460	2415	1870	n
5207879	2413	1871	n
5208365	2414	1870	n
5208623	2416	1871	n
5208874	2416	1872	n
5209156	2416	1870	n
5209407	2415	1870	n
5219782	2414	1871	Time:00:00:00:00;;
5220315	2416	1872	n
5220572	2415	1870	n
5220827	2416	1870	n
5221078	2415	1871	n
5221329	2414	1869	n
5231723	2416	1871	n
5231974	2416	1872	n
5232225	2415	1871	n
5232476	2414	1870	n
5232736	2415	1871	n
5232987	2416	1870	n
5233238	2416	1871	n
5243678	2415	1871	n
5243928	2416	1871	n
5244179	2416	1871	n
5244430	2416	1871	n
5244687	2415	1869	n
5244938	2415	1871	n
5255334	2414	1870	n
5255588	2416	1871	n
5255843	2415	1871	n
5256094	2414	1870	n
5256345	2415	1870	n
5256600	2415	1870	n
5256855	2414	1870	n
5267219	2416	1871	n
5267470	2415	1870	n
5267726	2416	1871	n
5267977	2415	1871	n
5268227	2416	1871	n
5268479	2415	1869	n
5278880	2416	1871	n
5279131	2416	1871	n
5279382	2416	1872	n
5279640	2415	1872	n
5279891	2416	1871	n
5280142	2416	1870	n
5280393	2415	1872	n
5290770	2415	1872	n
5291021	2415	1871	n
5291272	2416	1870	n
5291525	2416	1869	n
5291781	2415	1870	n
5292032	2415	1871	n
5302427	2415	1871	n
5302683	2416	1870	n
5302934	2415	1870	n
5303185	2416	1870	n
5303436	2415	1869	n
5303693	2415	1871	n
5303944	2415	1870	n
5314312	2415	1870	n
5314568	2416	1872	n
5314823	2415	1870	n
5315074	2415	1871	n
5315325	2415	1871	n
5315578	2414	1872	n
5325973	2415	1871	n
5326224	2416	1871	n
5326475	2414	1870	n
5326731	2416	1871	n
5326982	2415	1871	n
5327233	2416	1871	n
5327489	2416	1871	n
5337858	2414	1870	n
5338109	2416	1872	n
5338360	2414	1871	n
5338613	2415	1869	n
5338868	2415	1870	n
5339119	2415	1871	n
5349523	2415	1871	n
5349777	2415	1869	n
5350028	2415	1870	n
5350278	2415	1870	n
5350534	2414	1870	n
5350789	2414	1870	n
5351040	2414	1870	n
5361404	2414	1870	n
5361660	2414	1871	n
5361911	2415	1870	n
5362162	2415	1871	n
5362413	2416	1870	n
5362668	2416	1871	n
5373065	2416	1871	n
5373316	2415	1870	n
5373572	2416	1871	n
5373828	2415	1869	n
5374079	2415	1871	n
5374330	2415	1870	n
5374586	2415	1871	n
5384951	2415	1869	n
5385202	2415	1872	n
5385453	2413	1871	n
5385708	2415	1869	n
5385959	2413	1870	n
5386209	2415	1871	n
5396612	2414	1869	n
5396867	2415	1870	n
5397118	2416	1869	n
5397369	2415	1871	n
5397628	2415	1871	n
5397879	2416	1869	n
5398130	2415	1871	n
5408503	2414	1871	n
5408758	2416	1871	n
5409009	2415	1870	n
5409260	2415	1870	n
5409517	2415	1871	n
5409772	2415	1870	n
5420158	2416	1871	n
5420409	2415	1869	n
5420664	2415	1870	n
5420915	2415	1871	n
5421166	2415	1869	n
5421417	2416	1872	n
5421672	2416	1870	n
5432043	2415	1870	n
5432294	2415	1869	n
5432551	2415	1870	n
5432806	2415	1869	n
5433057	2415	1871	n
5433308	2414	1871	n
5443706	2416	1872	n
5443957	2415	1870	n
5444208	2416	1872	n
5444459	2415	1871	n
5444715	2415	1870	n
5444966	2415	1870	n
5445217	2415	1871	n
5455591	2415	1870	n
5455846	2415	1871	n
5456097	2416	1871	n
5456348	2415	1870	n
5456602	2416	1870	n
5456858	2415	1870	n
5467250	2415	1871	n
5467506	2414	1870	n
5467761	2415	1871	n
5468012	2415	1869	n
5468263	2414	1870	n
5468520	2415	1870	n
5468776	2414	1869	n
5479136	2416	1871	n
5479387	2414	1870	n
5479646	2415	1870	n
5479897	2415	1871	n
5480148	2415	1869	n
5480399	2415	1867	n
5490797	2414	1871	n
5491048	2416	1871	n
5491299	2415	1870	n
5491554	2415	1872	n
5491809	2415	1869	n
5492060	2415	1871	n
5492311	2415	1870	n
5502687	2416	1871	n
5502937	2416	1871	n
5503188	2416	1870	n
5503439	2414	1871	n
5503700	2416	1872	n
5503951	2416	1870	n
5514343	2416	1871	n
5514600	2416	1871	n
5514855	2415	1871	n
5515106	2415	1871	n
5515357	2415	1870	n
5515610	2415	1869	n
5515865	2413	1869	n
5526228	2415	1870	n
5526480	2415	1871	n
5526736	2413	1871	n
5526987	2415	1870	n
5527238	2416	1869	n
5527493	2415	1871	n
5537889	2416	1870	n
5538140	2416	1871	n
5538391	2415	1869	n
5538650	2416	1871	n
5538901	2415	1872	n
5539152	2415	1870	n
5539403	2415	1870	n
5549776	2415	1871	n
5550027	2415	1871	n
5550278	2415	1871	n
5550534	2416	1871	n
5550790	2416	1871	n
5551041	2416	1871	n
5561435	2416	1869	n
5561693	2415	1871	n
5561944	2415	1871	n
5562195	2415	1871	n
5562446	2415	1869	n
5562702	2415	1869	n
5562953	2414	1871	n
5573321	2415	1871	n
5573574	2416	1870	n
5573829	2415	1870	n
5574080	2415	1871	n
5574331	2415	1871	n
5574585	2415	1871	n
5584982	2415	1870	n
5585233	2416	1870	n
5585489	2416	1871	n
5585744	2416	1870	n
5585995	2415	1870	n
5586246	2415	1871	n
5586503	2416	1872	n
5596867	2415	1870	n
5597118	2416	1871	n
5597369	2415	1871	n
5597628	2415	1870	n
5597879	2415	1871	n
5598130	2416	1870	n
5608534	2414	1872	n
5608788	2414	1867	n
5609039	2413	1870	n
5609290	2415	1870	n
5609543	2416	1870	n
5609799	2414	1870	n
5610050	2415	1870	n
5620413	2414	1870	n
5620668	2415	1871	n
5620919	2416	1871	n
5621170	2416	1871	n
5621421	2416	1872	n
5621676	2415	1871	n
5632074	2415	1871	n
5632325	2416	1870	n
5632578	2416	1871	n
5632833	2416	1871	n
5633084	2416	1872	n
5633335	2416	1870	n
5633592	2416	1872	n
5643959	2416	1871	n
5644210	2416	1872	n
5644461	2416	1871	n
5644716	2416	1871	n
5644967	2416	1871	n
5645218	2415	1870	n
5655623	2415	1870	n
5655874	2415	1871	n
5656125	2415	1870	n
5656376	2415	1871	n
5656633	2416	1870	n
5656884	2415	1870	n
5657135	2414	1871	n
5667508	2416	1870	n
5667764	2416	1871	n
5668015	2414	1871	n
5668266	2415	1871	n
5668520	2415	1871	n
5668776	2415	1871	n
5679167	2416	1870	n
5679418	2416	1872	n
5679672	2416	1871	n
5679923	2416	1871	n
5680174	2416	1871	n
5680425	2416	1872	n
5680681	2415	1870	n
5691052	2415	1871	n
5691303	2415	1870	n
5691557	2416	1870	n
5691812	2416	1870	n
5692063	2415	1870	n
5692314	2415	1870	n
5702717	2416	1870	n
5702968	2415	1870	n
5703219	2415	1869	n
5703470	2415	1869	n
5703725	2415	1871	n
5703976	2415	1870	n
5704227	2415	1871	n
5714602	2416	1871	n
5714857	2416	1870	n
5715108	2416	1871	n
5715359	2415	1869	n
5715612	2416	1871	n
5715867	2415	1871	n
5726259	2416	1870	n
5726514	2415	1871	n
5726769	2416	1871	n
5727020	2415	1872	n
5727271	2415	1871	n
5727524	2416	1871	n
5727780	2416	1871	n
5738144	2416	1870	n
5738395	2416	1871	n
5738654	2415	1871	n
5738905	2416	1870	n
5739155	2415	1871	n
5739406	2414	1869	n
5749805	2416	1871	n
5750056	2415	1869	n
5750307	2414	1869	n
5750560	2415	1870	n
5750815	2415	1870	n
5751066	2415	1869	n
5751317	2415	1871	n
5761696	2416	1872	n
5761946	2416	1872	n
5762197	2416	1872	n
5762448	2414	1871	n
5762704	2416	1872	n
5762955	2416	1871	n
5773352	2416	1871	n
5773606	2414	1872	n
5773862	2415	1870	n
5774112	2415	1870	n
5774363	2415	1871	n
5774623	2416	1871	n
5774874	2416	1871	n
5785237	2414	1871	n
5785493	2415	1871	n
5785748	2414	1869	n
5785999	2415	1870	n
5786250	2415	1870	n
5786506	2416	1869	n
5796898	2416	1871	n
5797149	2414	1872	n
5797400	2415	1869	n
5797659	2415	1870	n
5797910	2414	1870	n
5798161	2415	1870	n
5798412	2415	1870	n
5808786	2415	1869	n
5809037	2416	1871	n
5809288	2416	1870	n
5809541	2416	1870	n
5809796	2415	1872	n
5810047	2415	1870	n
5820444	2414	1871	n
5820700	2416	1869	n
5820951	2416	1870	n
5821202	2416	1870	n
5821453	2414	1870	n
5821708	2415	1870	n
5821959	2415	1871	n
5832329	2415	1870	n
5832585	2415	1871	n
5832840	2414	1871	n
5833091	2415	1870	n
5833342	2414	1870	n
5833595	2416	1870	n
5843990	2415	1869	n
5844241	2416	1870	n
5844496	2416	1871	n
5844752	2415	1870	n
5845003	2414	1867	n
5845254	2414	1870	n
5845507	2415	1870	n
5855876	2415	1872	n
5856127	2415	1870	n
5856378	2415	1870	n
5856635	2414	1870	n
5856886	2416	1871	n
5857137	2416	1870	n
5867540	2415	1871	n
5867795	2416	1871	n
5868046	2415	1871	n
5868297	2414	1869	n
5868551	2415	1871	n
5868806	2414	1870	n
5869057	2416	1869	n
5879422	2414	1870	n
5879678	2415	1871	n
5879929	2416	1871	n
5880180	2415	1871	n
5880431	2416	1867	n
5880687	2416	1870	n
5891083	2415	1871	n
5891334	2414	1871	n
5891588	2416	1870	n
5891843	2414	1871	n
5892094	2415	1871	n
5892345	2416	1871	n
5892600	2415	1870	n
5902968	2416	1871	n
5903219	2416	1872	n
5903470	2416	1871	n
5903726	2415	1871	n
5903977	2415	1871	n
5904228	2415	1871	n
5914633	2416	1871	n
5914884	2414	1871	n
5915135	2415	1871	n
5915386	2415	1869	n
5915646	2415	1869	n
5915897	2415	1871	n
5916148	2415	1870	n
5926517	2415	1870	n
5926772	2416	1870	n
5927023	2413	1870	n
5927274	2415	1870	n
5927531	2416	1870	n
5927787	2413	1871	n
5938175	2415	1871	n
5938426	2416	1872	n
5938681	2415	1870	n
5938932	2416	1871	n
5939183	2416	1870	n
5939434	2414	1871	n
5939692	2416	1871	n
5950061	2416	1871	n
5950312	2416	1871	n
5950568	2416	1869	n
5950823	2415	1871	n
5951074	2415	1871	n
5951325	2415	1872	n
5961722	2415	1869	n
5961973	2415	1870	n
5962224	2414	1871	n
5962475	2415	1871	n
5962731	2416	1872	n
5962982	2415	1869	n
5963232	2415	1870	n
5973609	2415	1871	n
5973864	2416	1871	n
5974115	2416	1870	n
5974366	2415	1870	n
5974623	2415	1871	n
5974874	2415	1871	n
5985268	2416	1871	n
5985683	2415	1870	n
5985934	2415	1870	n
5986194	2416	1870	n
5986467	2416	1872	n
5986722	2416	1871	n
5986974	2415	1872	n
5997412	2416	1870	n
5997924	2415	1871	n
5998175	2416	1870	n
5998426	2416	1872	n
5998690	2415	1871	n
5998963	2416	1871	n
6009367	2415	1871	Time:00:00:00:00;;
6010075	2416	1870	n
6010348	2415	1871	n
6010602	2413	1870	n
6010858	2414	1871	n
6011117	2415	1871	n
6021554	2416	1871	n
6022034	2415	1870	n
6022285	2414	1869	n
6022540	2415	1869	n
6022826	2416	1869	n
6023077	2416	1871	n
6023328	2415	1871	n
6033693	2416	1870	n
6034200	2416	1871	n
6034451	2415	1872	n
6034706	2416	1872	n
6034957	2415	1871	n
6035239	2416	1870	n
6035496	2416	1871	n
6045884	2415	1871	n
6046361	2413	1869	n
6046630	2415	1870	n
6046904	2411	1871	n
6047155	2415	1868	n
6047406	2413	1867	n
6057839	2414	1871	n
6058348	2416	1870	n
6058602	2415	1871	n
6058857	2416	1871	n
6059117	2416	1870	Time:00:00:00:00;;
6059610	2416	1872	n
6070035	2415	1870	n
6070523	2415	1871	n
6070801	2415	1871	n
6071051	2415	1871	n
6071302	2416	1870	n
6071564	2416	1872	n
6071842	2416	1870	n
6082247	2415	1871	n
6082730	2415	1872	n
6082990	2416	1870	n
6083264	2416	1869	n
6083521	2415	1871	n
6083775	2414	1871	n
6084035	2415	1871	n
6094452	2414	1870	n
6094931	2415	1871	n
6095182	2415	1871	n
6095441	2414	1870	n
6095723	2415	1869	n
6095974	2415	1869	n
6106398	2414	1869	n
6106901	2415	1871	n
6107174	2413	1871	n
6107425	2415	1871	n
6107680	2414	1869	n
6107940	2415	1870	n
6108213	2415	1870	n
6118610	2416	1871	n
6119091	2415	1870	n
6119342	2415	1870	n
6119630	2415	1871	n
6119881	2416	1870	n
6120132	2415	1871	n
6120383	2415	1869	n
6130833	2416	1871	n
6131310	2414	1871	n
6131565	2415	1870	n
6131820	2416	1870	n
6132102	2415	1871	n
6132353	2415	1870	n
6132610	2415	1871	n
6143002	2416	1871	n
6143517	2415	1870	n
6143772	2415	1869	n
6144023	2416	1871	n
6144274	2416	1870	n
6144558	2415	1872	n
6154922	2415	1871	n
6155404	2414	1867	n
6155660	2415	1870	n
6155920	2414	1871	n
6156193	2414	1869	n
6156444	2415	1871	n
6156701	2416	1867	n
6167118	2415	1871	n
6167633	2414	1872	n
6167884	2414	1869	n
6168135	2415	1870	n
6168395	2415	1871	n
6168676	2415	1869	n
6168927	2415	1870	n
6179313	2415	1870	n
6179812	2415	1871	n
6180086	2416	1871	n
6180337	2416	1870	n
6180592	2415	1871	n
6180856	2414	1870	n
6191319	2415	1870	n
6191810	2415	1871	n
6192061	2415	1871	n
6192320	2415	1870	n
6192595	2415	1871	n
6192850	2415	1871	n
6193101	2415	1870	n
6203520	2416	1870	n
6204033	2416	1872	n
6204284	2415	1871	n
6204541	2415	1871	n
6204805	2416	1869	n
6205078	2416	1872	n
6205329	2416	1871	n
6215715	2415	1870	Time:00:00:00:00;;
6216339	2415	1871	n
6216592	2416	1872	n
6216847	2416	1871	n
6217098	2415	1872	n
6227496	2414	1870	n
6227751	2416	1871	n
6228002	2415	1870	n
6228253	2416	1869	n
6228506	2416	1869	n
6228761	2416	1871	n
6229013	2416	1871	n
6239394	2416	1871	n
6239654	2416	1871	n
6239905	2415	1870	n
6240156	2416	1870	n
6240407	2416	1870	n
6240662	2415	1871	n
6251039	2415	1870	n
6251290	2416	1870	n
6251543	2416	1871	n
6251798	2416	1870	n
6252049	2414	1872	n
6252300	2416	1870	n
6252557	2415	1871	n
6262941	2416	1871	n
6263192	2416	1871	n
6263443	2415	1871	n
6263700	2415	1871	n
6263951	2416	1871	n
6264202	2416	1871	n
6274586	2415	1871	n
6274841	2415	1870	n
6275092	2415	1871	n
6275343	2415	1870	n
6275595	2415	1871	n
6275850	2415	1871	n
6276101	2416	1870	n
6286493	2415	1869	n
6286748	2415	1871	n
6286999	2416	1870	n
6287250	2416	1871	n
6287506	2414	1869	n
6287762	2415	1870	n
6298132	2415	1870	n
6298383	2414	1869	n
6298641	2415	1870	n
6298892	2415	1870	n
6299142	2415	1870	n
6299393	2416	1871	n
6299654	2415	1867	n
6310033	2415	1869	n
6310284	2414	1869	n
6310540	2415	1869	n
6310795	2413	1870	n
6311046	2416	1869	n
6311297	2412	1870	n
6321678	2416	1869	n
6321929	2414	1872	n
6322180	2415	1871	n
6322431	2415	1867	n
6322687	2415	1871	n
6322938	2415	1869	n
6323189	2413	1871	n
6333585	2413	1871	n
6333840	2415	1871	n
6334091	2415	1871	n
6334342	2416	1871	n
6334595	2416	1871	n
6334850	2416	1871	n
6345224	2416	1871	n
6345475	2416	1871	n
6345730	2415	1870	n
6345982	2415	1870	n
6346233	2416	1871	n
6346489	2415	1871	n
6346744	2416	1870	n
6357126	2414	1871	n
6357377	2415	1869	n
6357634	2415	1871	n
6357885	2415	1871	n
6358136	2415	1870	n
6358387	2414	1870	n
6368771	2415	1871	n
6369022	2415	1869	n
6369273	2413	1871	n
6369526	2415	1869	n
6369781	2415	1870	n
6370032	2414	1869	n
6370283	2415	1869	n
6380677	2415	1870	n
6380928	2416	1871	n
6381179	2415	1869	n
6381430	2414	1871	n
6381686	2415	1870	n
6381937	2415	1871	n
6392317	2416	1870	n
6392571	2416	1870	n
6392827	2415	1871	n
6393078	2415	1872	n
6393329	2415	1870	n
6393585	2416	1870	n
6393841	2415	1871	n
6404218	2415	1870	n
6404469	2414	1870	n
6404724	2414	1870	n
6404975	2415	1869	n
6405226	2414	1868	n
6405477	2413	1871	n
6415863	2415	1870	n
6416114	2414	1870	n
6416365	2416	1870	n
6416622	2415	1870	n
6416873	2414	1869	n
6417124	2416	1871	n
6417375	2415	1870	n
6427764	2415	1871	n
6428015	2415	1871	n
6428266	2415	1870	n
6428523	2416	1871	n
6428779	2415	1869	n
6429030	2415	1869	n
6439409	2415	1868	n
6439664	2415	1872	n
6439915	2415	1870	n
6440166	2416	1871	n
6440417	2415	1872	n
6440672	2416	1871	n
6440923	2415	1870	n
6451311	2415	1872	n
6451568	2415	1870	n
6451823	2416	1870	n
6452074	2415	1871	n
6452325	2415	1869	n
6452578	2415	1870	n
6462956	2415	1869	n
6463207	2415	1870	n
6463458	2415	1870	n
6463713	2415	1871	n
6463964	2415	1869	n
6464215	2415	1869	n
6464466	2416	1870	n
6474857	2415	1870	n
6475108	2416	1871	n
6475359	2415	1871	n
6475612	2415	1871	n
6475867	2414	1869	n
6476118	2414	1872	n
6486506	2414	1870	n
6486761	2414	1870	n
6487012	2415	1871	n
6487263	2415	1869	n
6487521	2413	1869	n
6487775	2413	1869	n
6488026	2412	1870	n
6498403	2415	1869	n
6498660	2415	1871	n
6498911	2415	1870	n
6499162	2415	1870	n
6499413	2414	1869	n
6499669	2415	1871	n
6510048	2416	1869	n
6510299	2416	1870	n
6510554	2416	1869	n
6510809	2414	1870	n
6511060	2416	1871	n
6511311	2415	1871	n
6511568	2415	1871	n
6521949	2415	1871	n
6522200	2414	1870	n
6522451	2415	1871	n
6522707	2416	1871	n
6522958	2416	1869	n
6523208	2416	1871	n
6533594	2415	1870	n
6533849	2416	1870	n
6534100	2415	1870	n
6534351	2415	1869	n
6534606	2416	1870	n
6534861	2414	1869	n
6535112	2414	1871	n
6545500	2414	1868	n
6545756	2414	1869	n
6546007	2416	1867	n
6546258	2415	1871	n
6546514	2415	1870	n
6546770	2414	1871	n
6557141	2416	1871	n
6557392	2415	1869	n
6557650	2414	1871	n
6557901	2415	1871	n
6558152	2416	1869	n
6558402	2416	1871	n
6558660	2416	1870	n
6569042	2416	1870	n
6569293	2415	1870	n
6569548	2415	1871	n
6569803	2415	1871	n
6570054	2415	1870	n
6570305	2416	1870	n
6580687	2416	1869	n
6580938	2415	1870	n
6581189	2416	1871	n
6581439	2414	1871	n
6581700	2415	1870	n
6581951	2416	1870	n
6582202	2413	1870	n
6592592	2415	1872	n
6592847	2415	1867	n
6593098	2415	1870	n
6593349	2415	1867	n
6593603	2415	1869	n
6593858	2415	1870	n
6604233	2416	1872	n
6604489	2416	1870	n
6604744	2416	1871	n
6604995	2415	1870	n
6605246	2416	1871	n
6605503	2416	1870	n
6605758	2415	1870	n
6616134	2416	1870	n
6616385	2416	1870	n
6616646	2416	1871	n
6616897	2415	1871	n
6617148	2416	1872	n
6617399	2415	1871	n
6627779	2416	1872	n
6628030	2416	1870	n
6628281	2415	1870	n
6628537	2416	1870	n
6628793	2415	1872	n
6629043	2416	1870	n
6629295	2415	1870	n
6639686	2414	1870	n
6639937	2416	1869	n
6640188	2415	1871	n
6640439	2413	1869	n
6640700	2415	1869	n
6640951	2415	1870	n
6651326	2416	1870	n
6651583	2416	1872	n
6651838	2415	1871	n
6652089	2415	1872	n
6652340	2416	1871	n
6652593	2415	1871	n
6652848	2416	1871	n
6663227	2415	1870	n
6663479	2416	1870	n
6663736	2413	1870	n
6663987	2416	1870	n
6664237	2412	1871	n
6664493	2413	1869	n
6674872	2416	1871	n
6675123	2416	1870	n
6675374	2416	1871	n
6675630	2416	1871	n
6675881	2416	1870	n
6676132	2416	1871	n
6676383	2416	1872	n
6686773	2416	1872	n
6687024	2415	1870	n
6687275	2415	1871	n
6687531	2416	1871	n
6687786	2415	1871	n
6688037	2416	1872	n
6698418	2416	1872	n
6698672	2416	1869	n
6698923	2416	1870	n
6699174	2416	1871	n
6699425	2416	1872	n
6699681	2416	1871	n
6699932	2416	1871	n
6710319	2415	1870	n
6710575	2415	1870	n
6710829	2416	1870	n
6711080	2415	1869	n
6711331	2415	1870	n
6711585	2416	1871	n
6721964	2415	1870	n
6722215	2415	1871	n
6722466	2416	1870	n
6722721	2416	1870	n
6722972	2415	1871	n
6723223	2416	1871	n
6723474	2415	1871	n
6733866	2414	1872	n
6734117	2416	1871	n
6734368	2416	1871	n
6734627	2416	1872	n
6734878	2416	1871	n
6735129	2416	1872	n
6745514	2416	1872	n
6745769	2416	1872	n
6746020	2416	1871	n
6746271	2415	1871	n
6746524	2416	1872	n
6746779	2415	1871	n
6747030	2416	1871	n
6757412	2416	1870	n
6757668	2415	1869	n
6757919	2415	1871	n
6758170	2416	1869	n
6758420	2415	1872	n
6758676	2415	1871	n
6769057	2416	1871	n
6769308	2415	1872	n
6769560	2416	1871	n
6769815	2415	1870	n
6770066	2415	1871	n
6770317	2414	1870	n
6770572	2415	1871	n
6780958	2415	1871	n
6781209	2416	1870	n
6781460	2416	1871	n
6781716	2416	1870	n
6781967	2416	1870	n
6782218	2415	1870	n
6792603	2416	1871	n
6792858	2416	1871	n
6793109	2415	1872	n
6793360	2416	1870	n
6793612	2416	1871	n
6793868	2415	1872	n
6794118	2415	1870	n
6804506	2416	1872	n
6804761	2416	1868	n
6805012	2416	1871	n
6805263	2415	1870	n
6805520	2416	1871	n
6805776	2415	1870	n
6816149	2415	1871	n
6816400	2414	1869	n
6816659	2414	1871	n
6816910	2416	1871	n
6817161	2416	1872	n
6817412	2415	1870	n
6817668	2415	1870	n
6828051	2416	1870	n
6828302	2415	1871	n
6828557	2416	1870	n
6828812	2415	1870	n
6829063	2416	1870	n
6829314	2416	1870	n
6839696	2416	1871	n
6839947	2416	1871	n
6840197	2416	1868	n
6840448	2411	1871	n
6840704	2415	1870	n
6840955	2414	1870	n
6841206	2415	1870	n
6851600	2415	1871	n
6851855	2416	1871	n
6852106	2416	1870	n
6852357	2415	1869	n
6852610	2416	1870	n
6852865	2412	1871	n
6863242	2416	1871	n
6863496	2415	1870	n
6863751	2415	1871	n
6864002	2415	1870	n
6864253	2415	1870	n
6864506	2415	1871	n
6864761	2416	1871	n
6875143	2416	1872	n
6875394	2416	1871	n
6875654	2416	1871	n
6875905	2415	1871	n
6876156	2416	1872	n
6876407	2415	1870	n
6886788	2413	1871	n
6887039	2415	1870	n
6887290	2415	1869	n
6887543	2415	1869	n
6887798	2416	1871	n
6888049	2415	1869	n
6888300	2415	1870	n
6898694	2415	1869	n
6898945	2415	1871	n
6899196	2414	1867	n
6899447	2413	1870	n
6899702	2415	1871	n
6899953	2416	1869	n
6910334	2415	1871	n
6910588	2415	1871	n
6910843	2415	1871	n
6911094	2415	1870	n
6911345	2415	1871	n
6911600	2415	1871	n
6911855	2415	1871	n
6922236	2416	1871	n
6922493	2416	1871	n
6922748	2415	1869	n
6922999	2416	1871	n
6923250	2415	1870	n
6923506	2416	1871	n
6933881	2415	1871	n
6934132	2416	1871	n
6934383	2416	1871	n
6934641	2415	1870	n
6934892	2414	1870	n
6935143	2415	1871	n
6935394	2413	1871	n
6945782	2415	1870	n
6946033	2416	1871	n
6946284	2415	1870	n
6946540	2415	1870	n
6946795	2416	1871	n
6947046	2414	1871	n
6957427	2415	1871	n
6957683	2416	1871	n
6957934	2416	1871	n
6958185	2416	1871	n
6958436	2416	1869	n
6958693	2416	1872	n
6958944	2416	1872	n
6969328	2415	1870	n
6969585	2415	1870	n
6969840	2415	1870	n
6970091	2415	1870	n
6970342	2416	1870	n
6970595	2416	1869	n
6980973	2415	1871	n
6981291	2416	1871	n
6981548	2416	1872	n
6981803	2414	1870	n
6982063	2415	1870	n
6982337	2416	1871	n
6982592	2415	1872	n
6992961	2415	1869	n
6993447	2413	1871	n
6993725	2415	1870	n
6993976	2415	1871	n
6994227	2415	1871	n
6994489	2415	1869	n
6994767	2415	1870	n
7005157	2416	1871	Time:00:00:00:00;;
7005856	2416	1871	n
7006138	2416	1872	n
7006389	2416	1872	n
7006650	2416	1872	n
7006901	2416	1871	n
7017318	2416	1871	n
7017813	2416	1871	n
7018064	2415	1869	n
7018315	2414	1871	n
7018577	2416	1871	n
7018855	2415	1870	n
7029238	2415	1871	n
7029721	2416	1871	n
7029981	2414	1870	n
7030254	2415	1869	n
7030507	2414	1871	n
7030763	2415	1871	n
7031023	2416	1871	n
7041440	2414	1869	n
7041926	2416	1872	n
7042177	2416	1870	n
7042437	2415	1870	n
7042716	2416	1870	n
7042967	2415	1871	n
7043218	2416	1870	n
7053636	2416	1870	n
7054147	2415	1870	n
7054398	2416	1870	n
7054659	2416	1871	n
7054919	2416	1871	n
7055193	2416	1871	n
7065601	2416	1871	Time:00:00:00:00;;
7066304	2415	1870	n
7066583	2415	1870	n
7066838	2415	1871	n
7067089	2414	1871	n
7067349	2414	1871	n
7077805	2415	1871	n
7078282	2416	1871	n
7078537	2415	1871	n
7078801	2416	1870	n
7079075	2415	1871	n
7079326	2415	1869	n
7079583	2415	1869	n
7089992	2415	1872	n
7090503	2416	1871	n
7090758	2416	1871	n
7091009	2416	1871	n
7091260	2415	1871	n
7091544	2416	1871	n
7091799	2415	1870	n
7102188	2415	1871	n
7102672	2416	1872	n
7102954	2416	1870	n
7103205	2416	1870	n
7103456	2416	1872	n
7103712	2416	1870	n
7114160	2415	1871	n
7114659	2415	1869	n
7114910	2416	1871	n
7115161	2414	1870	n
7115443	2413	1871	n
7115700	2416	1870	n
7115951	2416	1869	n
7126372	2414	1870	n
7126888	2416	1871	n
7127139	2414	1868	n
7127390	2416	1870	n
7127650	2415	1871	n
7127932	2416	1870	n
7128183	2416	1871	n
7138592	2415	1871	n
7139072	2416	1870	n
7139331	2416	1871	n
7139609	2416	1870	n
7139864	2415	1871	n
7140115	2415	1870	n
7150541	2415	1871	n
7151051	2415	1871	n
7151302	2415	1870	n
7151557	2414	1869	n
7151821	2416	1868	n
7152094	2413	1870	n
7152345	2414	1869	n
7162753	2415	1871	n
7163245	2416	1871	n
7163523	2415	1871	n
7163779	2415	1871	n
7164030	2415	1870	n
7164289	2416	1871	n
7164568	2414	1871	n
7174949	2415	1871	n
7175432	2415	1869	n
7175697	2415	1869	n
7175970	2415	1870	n
7176221	2415	1870	n
7176472	2415	1871	n
7176737	2416	1869	n
7187152	2415	1871	n
7187641	2415	1871	n
7187892	2416	1871	n
7188151	2416	1870	n
7188425	2415	1872	n
7188680	2415	1871	n
7199064	2415	1869	n
7199551	2415	1870	n
7199837	2416	1870	n
7200088	2413	1869	n
7200339	2415	1871	n
7200592	2416	1869	n
7200878	2415	1869	n
7211259	2416	1871	Time:00:00:00:00;;
7211959	2416	1870	n
7212241	2415	1869	n
7212495	2415	1871	n
7212751	2416	1871	n
7213002	2416	1870	n
7223369	2416	1871	n
7223628	2416	1871	n
7223878	2416	1872	n
7224129	2416	1872	n
7224380	2416	1870	n
7224641	2416	1870	n
7235030	2416	1871	n
7235281	2415	1871	n
7235538	2415	1871	n
7235792	2415	1872	n
7236043	2415	1871	n
7236294	2416	1870	n
7236551	2415	1869	n
7246916	2415	1870	n
7247167	2416	1870	n
7247418	2415	1872	n
7247673	2416	1870	n
7247924	2415	1870	n
7248175	2416	1871	n
7258577	2416	1871	n
7258832	2416	1870	n
7259083	2415	1870	n
7259334	2415	1871	n
7259589	2416	1871	n
7259844	2415	1870	n
7260095	2415	1872	n
7270462	2416	1871	n
7270717	2416	1871	n
7270968	2415	1870	n
7271219	2416	1870	n
7271470	2416	1869	n
7271726	2416	1871	n
7282123	2415	1867	n
7282374	2415	1870	n
7282631	2414	1871	n
7282882	2413	1867	n
7283133	2415	1871	n
7283384	2415	1867	n
7283641	2416	1870	n
7294008	2416	1871	n
7294259	2416	1870	n
7294514	2416	1870	n
7294769	2416	1870	n
7295020	2415	1871	n
7295271	2413	1871	n
7305673	2416	1869	n
7305924	2416	1871	n
7306175	2416	1871	n
7306425	2416	1872	n
7306681	2415	1871	n
7306932	2416	1872	n
7307183	2416	1871	n
7317557	2416	1870	n
7317812	2416	1871	n
7318063	2416	1870	n
7318314	2415	1871	n
7318568	2416	1871	n
7318823	2415	1870	n
7329215	2416	1870	n
7329466	2416	1871	n
7329721	2416	1871	n
7329972	2415	1869	n
7330223	2415	1871	n
7330474	2415	1870	n
7330730	2416	1869	n
7341101	2416	1869	n
7341352	2416	1871	n
7341606	2416	1871	n
7341861	2415	1871	n
7342112	2416	1870	n
7342363	2416	1871	n
7352762	2416	1871	n
7353013	2415	1871	n
7353264	2416	1869	n
7353520	2416	1871	n
7353776	2416	1871	n
7354027	2416	1871	n
7354278	2416	1870	n
7364651	2416	1870	n
7364902	2416	1871	n
7365153	2416	1870	n
7365404	2416	1870	n
7365661	2416	1869	n
7365912	2416	1872	n
7376308	2415	1870	n
7376561	2416	1871	n
7376816	2414	1869	n
7377067	2414	1870	n
7377317	2416	1870	n
7377572	2415	1870	n
7377828	2416	1871	n
7388193	2416	1871	n
7388444	2414	1871	n
7388700	2416	1870	n
7388951	2415	1870	n
7389202	2414	1871	n
7389453	2413	1871	n
7399854	2415	1871	n
7400105	2416	1871	n
7400356	2416	1871	n
7400609	2416	1870	n
7400864	2415	1870	n
7401115	2416	1871	n
7401366	2416	1870	n
7411743	2416	1871	n
7411994	2416	1871	n
7412245	2415	1871	n
7412500	2416	1871	n
7412755	2415	1871	n
7413006	2416	1870	n
7423400	2415	1869	n
7423659	2416	1872	n
7423910	2415	1870	n
7424161	2415	1871	n
7424412	2416	1869	n
7424668	2416	1871	n
7424918	2416	1871	n
7435286	2416	1871	n
7435540	2416	1871	n
7435795	2416	1868	n
7436046	2416	1872	n
7436297	2415	1871	n
7436551	2415	1871	n
7446947	2415	1872	n
7447198	2416	1871	n
7447449	2415	1871	n
7447704	2416	1872	n
7447955	2415	1871	n
7448206	2415	1871	n
7448457	2415	1872	n
7458832	2415	1870	n
7459083	2415	1871	n
7459334	2416	1870	n
7459588	2414	1870	n
7459843	2416	1868	n
7460094	2415	1870	n
7470496	2415	1871	n
7470751	2415	1870	n
7471002	2415	1869	n
7471253	2415	1869	n
7471506	2415	1869	n
7471762	2415	1870	n
7472013	2416	1870	n
7482378	2416	1871	n
7482635	2415	1870	n
7482886	2415	1871	n
7483137	2416	1871	n
7483388	2416	1871	n
7483646	2416	1869	n
7494039	2416	1871	n
7494290	2416	1871	n
7494543	2416	1872	n
7494798	2416	1872	n
7495049	2416	1872	n
7495300	2416	1872	n
7495557	2416	1870	n
7505924	2416	1871	n
7506175	2416	1871	n
7506426	2415	1872	n
7506681	2416	1871	n
7506932	2416	1870	n
7507183	2415	1870	n
7517585	2416	1871	n
7517840	2416	1872	n
7518091	2415	1871	n
7518342	2416	1871	n
7518595	2415	1872	n
7518850	2416	1871	n
7519101	2416	1871	n
7529471	2414	1871	n
7529727	2415	1871	n
7529978	2416	1871	n
7530229	2416	1871	n
7530480	2416	1872	n
7530736	2415	1872	n
7541132	2416	1871	n
7541383	2414	1871	n
7541641	2416	1871	n
7541892	2416	1871	n
7542143	2416	1871	n
7542393	2415	1872	n
7542655	2416	1871	n
7553017	2416	1871	n
7553268	2416	1870	n
7553523	2416	1870	n
7553778	2416	1870	n
7554029	2416	1870	n
7554280	2414	1869	n
7564682	2416	1870	n
7564933	2415	1871	n
7565184	2414	1870	n
7565435	2415	1870	n
7565692	2416	1870	n
7565944	2416	1869	n
7566195	2415	1870	n
7576568	2415	1870	n
7576823	2416	1871	n
7577074	2416	1870	n
7577325	2415	1870	n
7577578	2416	1871	n
7577833	2415	1870	n
7588224	2416	1871	n
7588475	2416	1872	n
7588731	2416	1871	n
7588982	2415	1869	n
7589233	2416	1871	n
7589489	2415	1871	n
7589744	2415	1870	n
7600109	2415	1870	n
7600360	2416	1870	n
7600612	2416	1871	n
7600868	2415	1871	n
7601119	2415	1870	n
7601370	2416	1872	n
7611770	2416	1871	n
7612021	2415	1870	n
7612272	2415	1871	n
7612524	2415	1870	n
7612780	2415	1869	n
7613031	2414	1870	n
7613282	2415	1870	n
7623660	2416	1871	n
7623911	2415	1871	n
7624162	2415	1870	n
7624413	2415	1872	n
7624669	2415	1871	n
7624920	2416	1870	n
7635317	2414	1871	n
7635571	2414	1870	n
7635827	2415	1870	n
7636078	2415	1871	n
7636329	2415	1870	n
7636585	2415	1870	n
7636841	2416	1870	n
7647202	2415	1870	n
7647453	2415	1870	n
7647708	2416	1870	n
7647959	2415	1870	n
7648210	2416	1870	n
7648461	2416	1870	n
7658863	2415	1871	n
7659114	2415	1869	n
7659365	2414	1870	n
7659622	2415	1871	n
7659873	2415	1871	n
7660124	2416	1869	n
7660375	2414	1871	n
7670752	2415	1872	n
7671003	2415	1871	n
7671254	2416	1870	n
7671507	2415	1871	n
7671762	2415	1870	n
7672013	2415	1871	n
7682409	2416	1869	n
7682664	2415	1870	n
7682915	2414	1869	n
7683166	2415	1870	n
7683417	2416	1870	n
7683672	2415	1871	n
7683923	2415	1871	n
7694294	2415	1870	n
7694551	2415	1871	n
7694806	2416	1871	n
7695057	2416	1871	n
7695308	2415	1870	n
7695561	2414	1869	n
7705955	2416	1871	n
7706206	2415	1871	n
7706457	2415	1871	n
7706712	2416	1872	n
7706963	2416	1871	n
7707214	2416	1870	n
7707465	2416	1869	n
7717841	2415	1871	n
7718092	2416	1869	n
7718343	2416	1870	n
7718600	2416	1872	n
7718855	2416	1871	n
7719106	2415	1871	n
7729506	2415	1871	n
7729761	2414	1869	n
7730012	2416	1870	n
7730263	2416	1870	n
7730517	2415	1871	n
7730772	2413	1870	n
7731023	2416	1870	n
7741387	2416	1870	n
7741646	2415	1870	n
7741897	2416	1870	n
7742148	2415	1871	n
7742399	2415	1869	n
7742660	2415	1869	n
7753048	2416	1871	n
7753299	2416	1869	n
7753554	2415	1871	n
7753809	2415	1870	n
7754060	2416	1871	n
7754311	2416	1871	n
7754568	2416	1872	n
7764933	2416	1870	n
7765184	2415	1872	n
7765435	2416	1870	n
7765693	2416	1872	n
7765944	2415	1870	n
7766195	2416	1871	n
7776594	2416	1871	n
7776849	2416	1871	n
7777100	2416	1869	n
7777351	2414	1870	n
7777606	2415	1871	n
7777861	2416	1871	n
7778112	2414	1871	n
7788479	2414	1870	n
7788736	2416	1870	n
7788987	2415	1871	n
7789238	2415	1871	n
7789493	2415	1870	n
7789748	2415	1870	n
7800140	2416	1871	n
7800391	2416	1871	n
7800650	2416	1871	n
7800901	2416	1872	n
7801152	2415	1872	n
7801403	2415	1869	n
7801659	2416	1871	n
7812026	2416	1871	n
7812277	2415	1871	n
7812534	2415	1870	n
7812788	2414	1867	n
7813039	2416	1870	n
7813290	2415	1869	n
7823691	2415	1870	n
7823942	2416	1870	n
7824193	2416	1871	n
7824444	2416	1871	n
7824701	2416	1872	n
7824952	2416	1872	n
7825203	2416	1870	n
7835574	2416	1871	n
7835829	2415	1870	n
7836081	2415	1870	n
7836332	2415	1869	n
7836586	2416	1870	n
7836841	2416	1872	n
7847233	2416	1871	n
7847489	2415	1870	n
7847744	2416	1871	n
7847995	2416	1871	n
7848246	2416	1870	n
7848503	2415	1871	n
7848759	2415	1870	n
7859118	2416	1870	n
7859369	2416	1870	n
7859628	2415	1871	n
7859879	2415	1871	n
7860130	2416	1870	n
7860380	2416	1871	n
7870779	2415	1871	n
7871030	2416	1871	n
7871281	2415	1871	n
7871537	2416	1871	n
7871793	2416	1871	n
7872044	2414	1871	n
7872295	2414	1871	n
7882668	2416	1870	n
7882919	2416	1872	n
7883170	2416	1871	n
7883421	2416	1872	n
7883677	2416	1871	n
7883928	2416	1872	n
7894325	2416	1872	n
7894578	2416	1871	n
7894833	2415	1871	n
7895084	2416	1871	n
7895335	2416	1870	n
7895592	2415	1871	n
7895847	2416	1869	n
7906211	2416	1871	n
7906462	2416	1869	n
7906718	2415	1870	n
7906969	2415	1871	n
7907220	2416	1871	n
7907471	2414	1871	n
7917872	2415	1870	n
7918123	2416	1870	n
7918374	2415	1870	n
7918631	2415	1869	n
7918881	2416	1870	n
7919132	2414	1871	n
7919383	2415	1869	n
7929761	2416	1871	n
7930012	2415	1871	n
7930263	2416	1870	n
7930517	2416	1870	n
7930772	2416	1871	n
7931023	2416	1871	n
7941418	2415	1871	n
7941673	2416	1871	n
7941924	2416	1871	n
7942175	2415	1871	n
7942426	2416	1870	n
7942681	2416	1871	n
7942932	2415	1871	n
7953303	2415	1871	n
7953557	2416	1871	n
7953812	2416	1871	n
7954063	2416	1871	n
7954314	2415	1871	n
7954568	2416	1871	n
7964964	2415	1870	n
7965215	2415	1870	n
7965466	2416	1871	n
7965721	2416	1869	n
7965972	2415	1871	n
7966223	2416	1871	n
7966474	2415	1869	n
7976849	2415	1871	n
7977100	2415	1870	n
7977351	2415	1869	n
7977606	2416	1870	n
7977861	2415	1870	n
7978112	2415	1870	n
7988514	2414	1869	n
7988994	2416	1870	n
7989245	2416	1870	n
7989531	2416	1871	n
7989787	2416	1871	n
7990038	2415	1871	n
7990296	2414	1871	n
8000720	2415	1870	n
8001196	2416	1870	n
8001447	2413	1872	n
8001703	2416	1870	n
8001985	2416	1871	n
8002236	2415	1870	n
8002489	2415	1870	n
8012902	2416	1870	Time:00:00:00:00;;
8013632	2416	1871	n
8013883	2415	1871	n
8014134	2416	1871	n
8014393	2416	1871	n
8014677	2415	1870	n
8025063	2416	1870	n
8025541	2416	1871	n
8025805	2416	1869	n
8026079	2416	1871	n
8026330	2416	1871	n
8026586	2415	1870	n
8036983	2415	1869	n
8037493	2415	1872	n
8037748	2415	1870	n
8037999	2416	1870	n
8038259	2415	1871	n
8038537	2413	1870	n
8038792	2415	1870	n
8049178	2416	1870	n
8049671	2416	1871	n
8049947	2416	1870	n
8050197	2416	1869	n
8050448	2413	1869	n
8050713	2415	1869	n
8050986	2416	1871	n
8061374	2416	1871	Time:00:00:00:00;;
8062077	2415	1871	n
8062358	2415	1872	n
8062612	2415	1871	n
8062867	2416	1872	n
8073243	2416	1871	n
8073738	2416	1872	n
8074011	2416	1871	n
8074262	2416	1871	n
8074517	2416	1871	n
8074777	2416	1872	n
8075051	2415	1871	n
8085455	2415	1871	n
8085936	2415	1870	n
8086195	2416	1871	n
8086469	2416	1870	n
8086724	2413	1870	n
8086975	2414	1869	n
8087235	2416	1870	n
8097655	2416	1871	n
8098133	2416	1870	n
8098384	2415	1871	n
8098649	2415	1871	n
8098923	2416	1870	n
8099174	2416	1870	n
8099425	2416	1872	n
8109847	2416	1872	n
8110360	2416	1870	n
8110617	2416	1871	n
8110872	2416	1871	n
8111132	2416	1871	n
8111405	2416	1869	n
8121767	2416	1868	n
8122244	2415	1869	n
8122501	2415	1869	n
8122787	2415	1870	n
8123038	2416	1870	n
8123289	2414	1871	n
8123542	2414	1871	n
8133971	2415	1871	n
8134447	2414	1872	n
8134703	2415	1871	n
8134954	2415	1871	n
8135236	2416	1869	n
8135493	2416	1871	n
8135748	2415	1871	n
8146158	2416	1871	n
8146672	2416	1871	n
8146923	2416	1871	n
8147174	2416	1869	n
8147425	2416	1872	n
8147712	2415	1871	n
8158078	2416	1869	n
8158566	2415	1869	n
8158821	2415	1871	n
8159081	2416	1872	n
8159354	2416	1872	n
8159609	2416	1871	n
8159864	2416	1870	n
8170273	2416	1871	n
8170791	2416	1870	n
8171042	2415	1870	n
8171293	2415	1869	n
8171557	2415	1869	n
8171840	2415	1869	n
8172091	2415	1870	n
8182469	2416	1870	n
8182958	2416	1871	n
8183232	2415	1870	n
8183484	2416	1870	n
8183740	2415	1871	n
8183999	2415	1869	n
8194441	2415	1871	n
8194930	2416	1871	n
8195181	2415	1871	n
8195441	2416	1871	n
8195723	2415	1871	n
8195974	2416	1869	n
8196225	2416	1870	n
8206588	2416	1871	n
8207101	2416	1871	n
8207352	2416	1870	n
8207610	2416	1870	n
8207865	2415	1871	n
8208146	2416	1870	n
8208397	2415	1871	n
8218780	2416	1871	Time:00:00:00:00;;
8219335	2416	1871	n
8219592	2415	1871	n
8219847	2416	1872	n
8220098	2416	1871	n
8230477	2415	1871	n
8230736	2415	1871	n
8230987	2416	1870	n
8231238	2416	1871	n
8231493	2414	1870	n
8231748	2416	1870	n
8231999	2416	1870	n
8242378	2416	1871	n
8242635	2415	1871	n
8242886	2416	1870	n
8243137	2416	1871	n
8243388	2416	1871	n
8243646	2416	1871	n
8254023	2414	1869	n
8254274	2415	1870	n
8254527	2416	1869	n
8254781	2416	1870	n
8255032	2415	1870	n
8255284	2415	1871	n
8255541	2416	1869	n
8265924	2415	1870	n
8266175	2416	1871	n
8266426	2415	1871	n
8266682	2415	1869	n
8266933	2415	1871	n
8267184	2416	1870	n
8277569	2416	1871	n
8277824	2415	1870	n
8278075	2415	1870	n
8278326	2416	1870	n
8278583	2415	1871	n
8278838	2416	1870	n
8279089	2416	1869	n
8289471	2415	1870	n
8289727	2415	1869	n
8289978	2414	1869	n
8290229	2416	1870	n
8290481	2414	1872	n
8290737	2415	1871	n
8301116	2416	1871	n
8301367	2416	1871	n
8301628	2415	1871	n
8301879	2415	1870	n
8302130	2415	1871	n
8302381	2416	1871	n
8302641	2416	1870	n
8313017	2415	1871	n
8313268	2413	1870	n
8313523	2414	1869	n
8313777	2415	1869	n
8314028	2414	1870	n
8314279	2415	1871	n
8324666	2415	1872	n
8324916	2415	1871	n
8325167	2416	1871	n
8325418	2416	1871	n
8325674	2416	1870	n
8325924	2416	1870	n
8326176	2415	1871	n
8336568	2416	1870	n
8336823	2416	1872	n
8337074	2416	1871	n
8337325	2416	1871	n
8337578	2415	1871	n
8337833	2415	1871	n
8348208	2414	1870	n
8348459	2416	1871	n
8348714	2415	1871	n
8348965	2416	1871	n
8349216	2415	1870	n
8349467	2416	1869	n
8349722	2415	1869	n
8360109	2416	1869	n
8360360	2414	1870	n
8360617	2416	1870	n
8360872	2415	1870	n
8361123	2414	1870	n
8361374	2415	1870	n
8371754	2415	1870	n
8372005	2416	1870	n
8372256	2416	1870	n
8372509	2415	1870	n
8372764	2416	1872	n
8373015	2414	1870	n
8373266	2416	1871	n
8383661	2416	1872	n
8383912	2416	1872	n
8384163	2416	1871	n
8384414	2416	1870	n
8384669	2416	1870	n
8384920	2416	1872	n
8395301	2414	1869	n
8395557	2415	1870	n
8395812	2415	1871	n
8396063	2416	1871	n
8396314	2416	1870	n
8396568	2416	1871	n
8396823	2416	1871	n
8407202	2415	1870	n
8407453	2415	1870	n
8407709	2416	1872	n
8407960	2415	1870	n
8408211	2415	1872	n
8408462	2416	1871	n
8418847	2416	1871	n
8419098	2416	1871	n
8419349	2414	1870	n
8419602	2416	1870	n
8419858	2416	1872	n
8420109	2415	1871	n
8420360	2415	1871	n
8430751	2415	1870	n
8431002	2415	1870	n
8431253	2416	1870	n
8431506	2411	1871	n
8431762	2416	1870	n
8432013	2414	1871	n
8442393	2415	1871	n
8442651	2414	1871	n
8442901	2416	1872	n
8443152	2415	1871	n
8443403	2416	1868	n
8443660	2415	1869	n
8443911	2415	1869	n
8454294	2416	1871	n
8454551	2416	1872	n
8454806	2416	1872	n
8455057	2416	1871	n
8455308	2416	1871	n
8455561	2415	1871	n
8465939	2415	1870	n
8466190	2415	1870	n
8466441	2415	1871	n
8466701	2416	1870	n
8466952	2415	1871	n
8467203	2416	1870	n
8467454	2416	1872	n
8477841	2415	1870	n
8478092	2416	1871	n
8478343	2415	1870	n
8478600	2416	1869	n
8478855	2415	1871	n
8479106	2415	1871	n
8489489	2415	1871	n
8489744	2416	1871	n
8489995	2416	1869	n
8490246	2416	1871	n
8490501	2416	1871	n
8490756	2416	1871	n
8491007	2415	1871	n
8501387	2416	1870	n
8501646	2416	1871	n
8501897	2416	1872	n
8502148	2415	1871	n
8502399	2415	1869	n
8502659	2416	1871	n
8513032	2416	1872	n
8513283	2416	1871	n
8513537	2416	1871	n
8513792	2416	1871	n
8514043	2416	1870	n
8514294	2416	1872	n
8514551	2416	1871	n
8524933	2414	1870	n
8525184	2415	1868	n
8525435	2414	1869	n
8525693	2416	1868	n
8525944	2415	1871	n
8526195	2414	1870	n
8536578	2416	1871	n
8536833	2416	1871	n
8537084	2416	1871	n
8537335	2416	1869	n
8537592	2416	1870	n
8537847	2415	1871	n
8538098	2415	1870	n
8548480	2416	1871	n
8548736	2416	1870	n
8548987	2416	1871	n
8549238	2416	1871	n
8549493	2415	1872	n
8549749	2416	1870	n
8560124	2416	1871	n
8560375	2416	1871	n
8560632	2416	1871	n
8560883	2416	1871	n
8561134	2415	1872	n
8561385	2415	1871	n
8561641	2416	1871	n
8572026	2416	1871	n
8572277	2416	1870	n
8572534	2416	1870	n
8572788	2416	1871	n
8573039	2414	1869	n
8573290	2415	1870	n
8583671	2416	1870	n
8583922	2414	1869	n
8584173	2416	1869	n
8584424	2413	1870	n
8584679	2413	1871	n
8584930	2415	1869	n
8585181	2416	1869	n
8595575	2416	1871	n
8595829	2416	1871	n
8596080	2415	1871	n
8596332	2416	1871	n
8596586	2416	1870	n
8596841	2416	1872	n
8607217	2416	1869	n
8607468	2413	1869	n
8607723	2411	1869	n
8607974	2413	1867	n
8608225	2415	1871	n
8608476	2415	1867	n
8608736	2415	1870	n
8619118	2416	1870	n
8619369	2416	1871	n
8619631	2416	1871	n
8619882	2416	1871	n
8620133	2416	1871	n
8620383	2415	1870	n
8630763	2416	1871	n
8631014	2416	1869	n
8631265	2416	1871	n
8631520	2416	1871	n
8631775	2416	1872	n
8632026	2416	1870	n
8632277	2416	1872	n
8642669	2416	1871	n
8642920	2416	1869	n
8643171	2416	1871	n
8643422	2416	1872	n
8643678	2416	1871	n
8643929	2416	1871	n
8654309	2415	1871	n
8654565	2416	1870	n
8654820	2415	1871	n
8655071	2415	1870	n
8655322	2416	1869	n
8655575	2415	1870	n
8655831	2415	1871	n
8666211	2416	1871	n
8666462	2416	1871	n
8666718	2416	1870	n
8666969	2415	1871	n
8667220	2416	1869	n
8667471	2415	1870	n
8677856	2415	1871	n
8678107	2416	1872	n
8678358	2416	1872	n
8678611	2416	1871	n
8678866	2416	1872	n
8679117	2416	1870	n
8679368	2416	1871	n
8689757	2416	1870	n
8690008	2416	1871	n
8690259	2416	1872	n
8690514	2416	1871	n
8690769	2416	1871	n
8691020	2415	1871	n
8701402	2416	1870	n
8701658	2415	1870	n
8701909	2416	1869	n
8702160	2416	1870	n
8702411	2416	1871	n
8702667	2416	1871	n
8702918	2416	1871	n
8713303	2415	1870	n
8713557	2416	1871	n
8713812	2416	1871	n
8714063	2416	1871	n
8714314	2415	1871	n
8714568	2416	1871	n
8724948	2416	1871	n
8725199	2416	1871	n
8725450	2414	1872	n
8725705	2416	1871	n
8725956	2416	1869	n
8726207	2415	1871	n
8726458	2416	1870	n
8736849	2416	1872	n
8737100	2416	1872	n
8737351	2416	1871	n
8737606	2416	1871	n
8737861	2415	1871	n
8738112	2416	1871	n
8748500	2416	1870	n
8748755	2415	1870	n
8749006	2416	1871	n
8749257	2416	1872	n
8749514	2414	1871	n
8749770	2415	1871	n
8750021	2416	1869	n
8760396	2416	1870	n
8760655	2415	1872	n
8760906	2415	1869	n
8761157	2416	1870	n
8761408	2416	1871	n
8761664	2415	1870	n
8772041	2416	1871	n
8772292	2416	1871	n
8772548	2416	1872	n
8772803	2416	1871	n
8773055	2416	1871	n
8773306	2415	1871	n
8773559	2416	1870	n
8783942	2416	1871	n
8784193	2416	1870	n
8784444	2413	1869	n
8784701	2415	1871	n
8784952	2415	1870	n
8785203	2415	1869	n
8795587	2416	1871	n
8795842	2416	1869	n
8796093	2416	1870	n
8796344	2416	1871	n
8796600	2416	1869	n
8796855	2416	1871	n
8797106	2416	1870	n
8807493	2416	1870	n
8807748	2415	1870	n
8807999	2414	1870	n
8808250	2415	1870	n
8808506	2415	1870	n
8808761	2415	1871	n
8819133	2414	1868	n
8819384	2416	1871	n
8819641	2415	1870	n
8819892	2414	1870	n
8820143	2416	1869	n
8820394	2416	1871	n
8820655	2415	1871	n
8831034	2415	1870	n
8831285	2416	1871	n
8831540	2416	1871	n
8831795	2414	1870	n
8832046	2416	1870	n
8832297	2416	1870	n
8842679	2415	1869	n
8842930	2414	1869	n
8843181	2415	1869	n
8843432	2415	1870	n
8843688	2415	1870	n
8843939	2415	1869	n
8844190	2416	1870	n
8854585	2415	1871	n
8854840	2416	1872	n
8855091	2416	1869	n
8855342	2416	1870	n
8855595	2415	1871	n
8855850	2416	1870	n
8866226	2416	1871	n
8866477	2416	1871	n
8866736	2414	1872	n
8866987	2416	1870	n
8867238	2414	1871	n
8867493	2415	1869	n
8867748	2415	1871	n
8878127	2416	1870	n
8878378	2415	1871	n
8878635	2415	1870	n
8878886	2415	1869	n
8879137	2415	1870	n
8879388	2416	1871	n
8889772	2416	1871	n
8890023	2416	1871	n
8890274	2415	1871	n
8890526	2416	1869	n
8890781	2414	1870	n
8891032	2416	1869	n
8891283	2415	1869	n
8901678	2416	1871	n
8901929	2415	1871	n
8902180	2416	1872	n
8902431	2416	1872	n
8902687	2416	1871	n
8902938	2416	1871	n
8913318	2416	1870	n
8913575	2416	1871	n
8913830	2416	1872	n
8914081	2416	1869	n
8914332	2416	1871	n
8914586	2416	1871	n
8914841	2416	1871	n
8925219	2416	1871	n
8925470	2416	1870	n
8925726	2416	1871	n
8925977	2416	1870	n
8926228	2416	1871	n
8926480	2415	1869	n
8936864	2415	1872	n
8937115	2416	1870	n
8937366	2416	1870	n
8937623	2415	1870	n
8937874	2415	1871	n
8938125	2415	1870	n
8938376	2416	1870	n
8948766	2416	1871	n
8949017	2416	1871	n
8949268	2416	1871	n
8949523	2416	1871	n
8949777	2416	1871	n
8950028	2416	1871	n
8960411	2416	1869	n
8960666	2415	1871	n
8960917	2414	1870	n
8961168	2413	1870	n
8961419	2414	1871	n
8961674	2413	1871	n
8961926	2415	1870	n
8972312	2415	1871	n
8972568	2415	1870	n
8972823	2415	1870	n
8973074	2415	1871	n
8973325	2415	1869	n
8973578	2415	1869	n
8983957	2415	1871	n
8984350	2416	1870	n
8984607	2415	1870	n
8984862	2414	1870	n
8985122	2415	1870	n
8985396	2416	1871	n
8985655	2415	1871	n
8996014	2415	1871	n
8996496	2416	1871	n
8996781	2416	1871	n
8997032	2415	1871	n
8997283	2415	1871	n
8997540	2416	1871	n
8997827	2416	1870	n
9008227	2415	1869	Time:00:00:00:00;;
9008925	2416	1871	n
9009185	2415	1871	n
9009458	2415	1871	n
9009713	2416	1871	n
9009964	2415	1870	n
9020388	2415	1871	n
9020906	2416	1871	n
9021157	2415	1869	n
9021408	2416	1869	n
9021673	2415	1870	n
9021946	2416	1871	n
9032360	2415	1870	n
9032842	2416	1871	n
9033101	2416	1871	n
9033376	2416	1870	n
9033633	2416	1871	n
9033884	2416	1871	n
9034144	2415	1869	n
9044575	2416	1872	n
9045056	2415	1870	n
9045307	2416	1871	n
9045572	2416	1869	n
9045850	2416	1871	n
9046101	2415	1869	n
9046352	2414	1870	n
9056786	2416	1870	n
9057295	2415	1870	n
9057551	2415	1870	n
9057806	2415	1870	n
9058066	2413	1870	n
9058339	2415	1869	n
9068741	2416	1870	Time:00:00:00:00;;
9069442	2416	1870	n
9069722	2415	1871	n
9069973	2416	1871	n
9070224	2415	1871	n
9070489	2415	1869	n
9080919	2416	1871	n
9081396	2416	1871	n
9081654	2416	1872	n
9081914	2416	1870	n
9082188	2416	1872	n
9082439	2414	1870	n
9082695	2415	1872	n
9093062	2415	1871	n
9093575	2416	1871	n
9093830	2415	1870	n
9094081	2414	1869	n
9094332	2416	1870	n
9094617	2416	1870	n
9094872	2415	1870	n
9105258	2415	1871	n
9105744	2415	1869	n
9106004	2416	1870	n
9106284	2416	1871	n
9106541	2415	1871	n
9106796	2415	1869	n
9117213	2415	1869	n
9117705	2416	1870	n
9117956	2415	1871	n
9118207	2416	1869	n
9118467	2416	1871	n
9118745	2414	1870	n
9118996	2415	1871	n
9129356	2414	1871	n
9129849	2416	1871	n
9130123	2415	1871	n
9130374	2416	1870	n
9130631	2416	1870	n
9130891	2415	1872	n
9131164	2415	1871	n
9141575	2416	1870	n
9142054	2415	1871	n
9142313	2415	1871	n
9142592	2415	1871	n
9142847	2415	1869	n
9143098	2415	1870	n
9153524	2414	1870	n
9154044	2415	1872	n
9154295	2416	1872	n
9154551	2415	1870	n
9154815	2416	1869	n
9155089	2415	1870	n
9155340	2416	1871	n
9165737	2415	1871	n
9166215	2415	1871	n
9166503	2415	1871	n
9166758	2416	1870	n
9167009	2416	1871	n
9167269	2415	1870	n
9167544	2414	1871	n
9177933	2416	1871	n
9178414	2416	1868	n
9178669	2416	1871	n
9178951	2416	1869	n
9179202	2416	1869	n
9179453	2414	1870	n
9179709	2416	1869	n
9190128	2415	1869	n
9190628	2416	1869	n
9190879	2414	1870	n
9191130	2415	1870	n
9191412	2414	1869	n
9191667	2415	1871	n
9202048	2415	1870	n
9202526	2415	1870	n
9202790	2415	1870	n
9203063	2415	1871	n
9203314	2415	1871	n
9203568	2416	1871	n
9203832	2414	1869	n
9214243	2415	1870	Time:00:00:00:00;;
9214897	2416	1870	n
9215148	2416	1871	n
9215399	2416	1870	n
9215660	2415	1871	n
9215911	2415	1871	n
9226267	2414	1870	n
9226523	2413	1870	n
9226778	2416	1870	n
9227029	2415	1869	n
9227280	2415	1869	n
9227537	2416	1870	n
9237928	2416	1870	n
9238179	2415	1869	n
9238430	2415	1871	n
9238686	2416	1871	n
9238937	2416	1870	n
9239188	2415	1870	n
9239439	2413	1872	n
9249813	2416	1872	n
9250064	2416	1871	n
9250315	2415	1871	n
9250568	2415	1872	n
9250823	2416	1871	n
9251074	2416	1872	n
9261474	2415	1871	n
9261730	2415	1871	n
9261981	2416	1871	n
9262232	2415	1871	n
9262489	2416	1870	n
9262745	2416	1870	n
9262995	2415	1871	n
9273359	2415	1869	n
9273612	2415	1869	n
9273867	2415	1870	n
9274118	2415	1870	n
9274369	2415	1871	n
9274628	2414	1871	n
9285020	2416	1870	n
9285271	2415	1871	n
9285524	2415	1869	n
9285779	2413	1870	n
9286030	2416	1870	n
9286281	2414	1869	n
9286538	2416	1871	n
9296906	2416	1871	n
9297157	2415	1871	n
9297408	2416	1871	n
9297664	2415	1871	n
9297914	2416	1871	n
9298165	2416	1871	n
9308570	2415	1870	n
9308826	2415	1871	n
9309077	2415	1871	n
9309328	2415	1869	n
9309583	2416	1871	n
9309838	2414	1871	n
9310089	2415	1870	n
9320452	2415	1871	n
9320707	2416	1870	n
9320958	2414	1871	n
9321209	2416	1871	n
9321460	2415	1871	n
9321715	2416	1871	n
9332113	2415	1870	n
9332364	2416	1869	n
9332623	2416	1870	n
9332874	2416	1869	n
9333125	2416	1870	n
9333376	2415	1871	n
9333633	2415	1871	n
9343998	2416	1870	n
9344249	2415	1871	n
9344503	2416	1871	n
9344758	2415	1870	n
9345009	2416	1871	n
9345260	2416	1870	n
9355663	2415	1870	n
9355914	2415	1871	n
9356165	2416	1870	n
9356416	2416	1871	n
9356672	2416	1870	n
9356923	2415	1871	n
9357174	2415	1869	n
9367548	2415	1870	n
9367803	2416	1871	n
9368054	2415	1871	n
9368305	2415	1871	n
9368558	2415	1870	n
9368813	2414	1869	n
9379205	2415	1871	n
9379456	2415	1870	n
9379710	2416	1870	n
9379961	2415	1870	n
9380212	2416	1871	n
9380463	2416	1870	n
9380719	2416	1870	n
9391091	2415	1871	n
9391342	2414	1871	n
9391595	2415	1871	n
9391850	2416	1870	n
9392101	2416	1871	n
9392352	2416	1871	n
9402752	2416	1872	n
9403003	2416	1871	n
9403254	2414	1870	n
9403507	2416	1871	n
9403762	2415	1871	n
9404013	2416	1870	n
9404264	2416	1871	n
9414644	2416	1871	n
9414895	2416	1871	n
9415145	2416	1871	n
9415396	2415	1871	n
9415655	2415	1871	n
9415906	2415	1871	n
9426298	2415	1871	n
9426555	2415	1870	n
9426810	2416	1871	n
9427061	2416	1870	n
9427312	2416	1871	n
9427568	2415	1871	n
9427823	2416	1872	n
9438183	2415	1871	n
9438434	2416	1869	n
9438692	2415	1870	n
9438943	2416	1871	n
9439194	2416	1870	n
9439445	2413	1871	n
9449844	2416	1871	n
9450095	2416	1869	n
9450346	2415	1871	n
9450602	2415	1871	n
9450857	2416	1870	n
9451108	2416	1869	n
9451359	2414	1870	n
9461733	2416	1870	n
9461984	2416	1869	n
9462235	2415	1869	n
9462489	2416	1871	n
9462744	2416	1869	n
9462995	2416	1870	n
9473390	2416	1871	n
9473650	2416	1870	n
9473901	2416	1870	n
9474152	2416	1871	n
9474403	2416	1870	n
9474660	2415	1872	n
9474911	2415	1870	n
9485276	2416	1871	n
9485531	2416	1871	n
9485786	2415	1871	n
9486037	2416	1871	n
9486288	2416	1870	n
9486541	2415	1872	n
9496937	2415	1872	n
9497188	2415	1871	n
9497439	2415	1870	n
9497695	2415	1870	n
9497946	2415	1870	n
9498197	2416	1870	n
9498448	2413	1870	n
9508822	2415	1870	n
9509073	2415	1871	n
9509324	2416	1871	n
9509577	2414	1871	n
9509833	2414	1871	n
9510084	2415	1871	n
9520484	2416	1872	n
9520740	2416	1872	n
9520991	2415	1870	n
9521242	2416	1871	n
9521496	2416	1871	n
9521751	2416	1870	n
9522002	2416	1870	n
9532368	2416	1871	n
9532627	2416	1872	n
9532878	2416	1872	n
9533129	2416	1872	n
9533380	2416	1870	n
9533641	2415	1870	n
9544029	2415	1870	n
9544280	2414	1869	n
9544534	2416	1869	n
9544789	2415	1870	n
9545041	2415	1871	n
9545292	2414	1869	n
9545549	2415	1869	n
9555914	2414	1870	n
9556165	2414	1870	n
9556416	2415	1868	n
9556671	2415	1869	n
9556922	2415	1870	n
9557173	2415	1871	n
9567575	2416	1871	n
9567830	2414	1870	n
9568081	2416	1870	n
9568332	2415	1871	n
9568589	2415	1870	n
9568845	2413	1869	n
9569096	2415	1869	n
9579461	2416	1869	n
9579716	2415	1871	n
9579967	2413	1869	n
9580218	2415	1869	n
9580469	2415	1870	n
9580725	2414	1872	n
9591122	2415	1872	n
9591373	2416	1871	n
9591630	2416	1870	n
9591881	2415	1871	n
9592132	2415	1870	n
9592383	2416	1870	n
9592640	2416	1871	n
9603007	2415	1871	n
9603258	2415	1871	n
9603514	2415	1870	n
9603769	2415	1869	n
9604020	2415	1871	n
9604271	2416	1872	n
9614672	2416	1872	n
9614923	2416	1871	n
9615174	2416	1871	n
9615425	2416	1872	n
9615680	2416	1871	n
9615931	2416	1871	n
9616182	2416	1870	n
9626557	2416	1871	n
9626812	2416	1871	n
9627063	2416	1871	n
9627314	2415	1871	n
9627568	2415	1871	n
9627823	2416	1871	n
9638214	2416	1869	n
9638465	2416	1871	n
9638720	2414	1869	n
9638972	2415	1869	n
9639223	2415	1869	n
9639474	2415	1870	n
9639730	2415	1869	n
9650099	2416	1871	n
9650350	2416	1870	n
9650607	2416	1872	n
9650862	2416	1872	n
9651113	2416	1870	n
9651364	2416	1871	n
9661760	2416	1871	n
9662011	2416	1871	n
9662262	2415	1871	n
9662516	2416	1872	n
9662772	2416	1871	n
9663023	2415	1870	n
9663274	2415	1871	n
9673650	2415	1870	n
9673901	2416	1872	n
9674152	2414	1870	n
9674403	2415	1871	n
9674660	2415	1871	n
9674911	2416	1870	n
9685307	2416	1868	n
9685560	2416	1872	n
9685815	2416	1871	n
9686066	2415	1871	n
9686317	2414	1870	n
9686572	2416	1870	n
9686827	2415	1870	n
9697192	2416	1871	n
9697443	2415	1871	n
9697700	2416	1871	n
9697951	2416	1871	n
9698202	2416	1871	n
9698453	2415	1870	n
9708853	2416	1872	n
9709104	2416	1872	n
9709355	2416	1871	n
9709609	2416	1872	n
9709864	2416	1872	n
9710115	2415	1870	n
9710366	2416	1872	n
9720742	2415	1870	n
9720993	2416	1870	n
9721244	2415	1872	n
9721500	2415	1870	n
9721756	2415	1872	n
9722007	2416	1870	n
9732399	2415	1870	n
9732659	2414	1871	n
9732910	2416	1871	n
9733161	2415	1869	n
9733412	2415	1871	n
9733667	2415	1870	n
9733919	2415	1870	n
9744284	2416	1872	n
9744540	2416	1872	n
9744796	2416	1872	n
9745047	2416	1871	n
9745298	2416	1872	n
9745554	2415	1870	n
9755945	2414	1867	n
9756196	2414	1871	n
9756447	2416	1871	n
9756703	2416	1871	n
9756954	2415	1871	n
9757204	2415	1870	n
9757455	2414	1871	n
9767831	2415	1871	n
9768082	2416	1870	n
9768333	2416	1870	n
9768588	2415	1869	n
9768844	2415	1871	n
9769094	2414	1870	n
9779496	2415	1871	n
9779752	2416	1869	n
9780003	2415	1872	n
9780254	2416	1870	n
9780507	2416	1871	n
9780762	2415	1871	n
9781013	2415	1870	n
9791377	2415	1870	n
9791634	2415	1871	n
9791885	2416	1870	n
9792136	2416	1871	n
9792387	2416	1871	n
9792646	2416	1871	n
9803038	2416	1870	n
9803289	2415	1870	n
9803542	2415	1871	n
9803797	2416	1869	n
9804048	2415	1869	n
9804299	2415	1868	n
9804554	2416	1872	n
9814923	2415	1871	n
9815174	2416	1870	n
9815425	2416	1872	n
9815680	2415	1870	n
9815931	2415	1870	n
9816182	2415	1869	n
9826584	2416	1871	n
9826839	2416	1870	n
9827090	2414	1870	n
9827341	2416	1871	n
9827594	2416	1871	n
9827849	2415	1870	n
9828100	2416	1869	n
9838469	2416	1871	n
9838724	2414	1871	n
9838975	2416	1871	n
9839226	2416	1871	n
9839477	2415	1871	n
9839736	2415	1871	n
9850130	2416	1871	n
9850381	2413	1871	n
9850641	2415	1869	n
9850892	2416	1869	n
9851143	2416	1871	n
9851394	2416	1869	n
9851655	2416	1869	n
9862016	2414	1870	n
9862267	2416	1870	n
9862523	2415	1870	n
9862779	2415	1871	n
9863030	2415	1871	n
9863280	2416	1870	n
9873681	2416	1871	n
9873932	2415	1870	n
9874183	2415	1870	n
9874434	2416	1870	n
9874693	2416	1870	n
9874944	2416	1870	n
9875195	2416	1871	n
9885568	2416	1872	n
9885823	2416	1871	n
9886074	2415	1871	n
9886325	2416	1872	n
9886578	2416	1869	n
9886833	2416	1870	n
9897223	2415	1870	n
9897474	2415	1869	n
9897730	2415	1871	n
9897981	2416	1870	n
9898232	2416	1872	n
9898489	2415	1870	n
9898744	2416	1870	n
9909108	2416	1871	n
9909359	2415	1869	n
9909612	2416	1870	n
9909867	2415	1871	n
9910118	2415	1870	n
9910369	2416	1868	n
9920769	2416	1870	n
9921020	2415	1871	n
9921271	2416	1870	n
9921524	2415	1871	n
9921779	2416	1871	n
9922030	2416	1871	n
9922281	2416	1871	n
9932658	2415	1869	n
9932909	2415	1871	n
9933160	2415	1871	n
9933411	2415	1867	n
9933666	2416	1871	n
9933917	2415	1869	n
9944315	2416	1871	n
9944572	2416	1869	n
9944827	2415	1871	n
9945078	2416	1871	n
9945329	2416	1871	n
9945586	2416	1869	n
9945841	2415	1870	n
9956201	2415	1869	n
9956452	2413	1871	n
9956707	2416	1871	n
9956958	2416	1871	n
9957209	2416	1871	n
9957460	2416	1870	n
9967862	2416	1872	n
9968113	2416	1872	n
9968364	2416	1871	n
9968623	2415	1872	n
9968874	2416	1871	n
9969125	2416	1871	n
9969376	2416	1871	n
9979751	2416	1870	n
9980033	2416	1870	n
9980307	2416	1871	n
9980560	2416	1871	n
9980816	2415	1871	n
9981075	2413	1871	n
9991500	2416	1872	n
9991981	2416	1870	n
9992232	2416	1871	n
9992496	2416	1871	n
9992774	2416	1871	n
9993025	2416	1871	n
9993276	2416	1871	n
10003694	2416	1871	Time:00:00:00:00;;
10004416	2416	1872	n
10004672	2416	1870	n
10004932	2416	1872	n
10005205	2416	1871	n
10005456	2416	1871	n
10015886	2414	1870	n
10016372	2416	1871	n
10016655	2416	1872	n
10016906	2416	1869	n
10017157	2416	1871	n
10017417	2416	1872	n
10027848	2416	1871	n
10028323	2415	1872	n
10028577	2416	1870	n
10028841	2416	1869	n
10029114	2416	1870	n
10029366	2415	1872	n
10039794	2415	1871	n
10040280	2416	1871	n
10040557	2416	1870	n
10040812	2416	1871	n
10041063	2415	1870	n
10041323	2416	1871	n
10041600	2416	1872	n
10052024	2416	1872	n
10052505	2416	1871	n
10052770	2416	1870	n
10053043	2416	1869	n
10053294	2415	1872	n
10053551	2415	1870	n
10063978	2416	1871	Time:00:00:00:00;;
10064710	2416	1872	n
10064961	2416	1869	n
10065212	2415	1869	n
10065500	2416	1872	n
10065756	2416	1871	n
10076174	2416	1871	n
10076661	2416	1870	n
10076943	2415	1871	n
10077194	2415	1871	n
10077445	2415	1869	n
10077702	2415	1870	n
10088128	2416	1869	n
10088617	2415	1871	n
10088872	2415	1870	n
10089124	2416	1869	n
10089406	2416	1869	n
10089662	2416	1871	n
10100083	2416	1871	n
10100565	2416	1872	n
10100849	2416	1871	n
10101101	2416	1871	n
10101352	2415	1872	n
10101606	2416	1872	n
10101893	2416	1871	n
10112313	2416	1871	n
10112802	2416	1870	n
10113053	2415	1869	n
10113335	2416	1870	n
10113592	2415	1867	n
10113847	2416	1870	n
10124267	2416	1871	n
10124783	2416	1870	n
10125034	2415	1871	n
10125285	2416	1870	n
10125540	2415	1871	n
10125825	2416	1871	n
10136205	2416	1871	n
10136689	2416	1871	n
10136940	2416	1871	n
10137200	2415	1871	n
10137474	2415	1871	n
10137731	2416	1871	n
10137982	2416	1871	n
10148366	2416	1871	n
10148882	2416	1872	n
10149133	2416	1872	n
10149384	2416	1872	n
10149650	2416	1871	n
10149924	2415	1871	n
10160319	2416	1871	n
10160810	2416	1871	n
10161070	2416	1870	n
10161345	2416	1869	n
10161600	2416	1870	n
10161855	2415	1869	n
10172257	2415	1870	n
10172778	2415	1871	n
10173029	2416	1870	n
10173280	2416	1870	n
10173546	2415	1871	n
10173824	2416	1871	n
10174075	2416	1869	n
10184506	2415	1872	n
10184997	2415	1871	n
10185271	2415	1870	n
10185524	2416	1871	n
10185779	2416	1872	n
10186039	2416	1870	n
10196467	2416	1871	n
10196953	2416	1871	n
10197204	2416	1871	n
10197464	2415	1869	n
10197741	2416	1871	n
10197993	2416	1870	n
10208379	2416	1871	n
10208865	2416	1869	n
10209147	2416	1871	n
10209398	2415	1871	n
10209659	2415	1870	n
10209910	2416	1871	n
10210192	2416	1871	n
10220559	2416	1871	Time:00:00:00:00;;
10221074	2416	1871	n
10221325	2416	1871	n
10221578	2416	1870	n
10221833	2416	1871	n
10232218	2416	1872	n
10232469	2417	1872	n
10232724	2416	1871	n
10232975	2416	1871	n
10233227	2416	1872	n
10233478	2416	1872	n
10243862	2416	1871	n
10244113	2415	1871	n
10244364	2415	1871	n
10244623	2416	1870	n
10244875	2416	1869	n
10245126	2415	1872	n
10255541	2416	1872	n
10255796	2416	1870	n
10256047	2416	1871	n
10256298	2416	1870	n
10256554	2415	1872	n
10256809	2416	1871	n
10257060	2416	1870	n
10267477	2414	1870	n
10267736	2416	1871	n
10267987	2416	1871	n
10268238	2416	1871	n
10268493	2416	1871	n
10268748	2414	1870	n
10279121	2416	1871	n
10279372	2416	1869	n
10279630	2416	1870	n
10279881	2416	1871	n
10280132	2416	1871	n
10280383	2415	1869	n
10290816	2416	1870	n
10291068	2416	1871	n
10291319	2415	1871	n
10291575	2416	1871	n
10291830	2415	1869	n
10292081	2414	1871	n
10302517	2416	1871	n
10302773	2415	1870	n
10303024	2416	1870	n
10303275	2416	1870	n
10303531	2415	1870	n
10303786	2416	1871	n
10314208	2416	1871	n
10314459	2416	1872	n
10314715	2416	1871	n
10314966	2415	1872	n
10315217	2416	1871	n
10315468	2417	1871	n
10315723	2416	1870	n
10326127	2415	1869	n
10326378	2416	1871	n
10326635	2416	1871	n
10326886	2415	1870	n
10327137	2416	1871	n
10327388	2415	1871	n
10337775	2416	1871	n
10338026	2415	1871	n
10338277	2415	1871	n
10338534	2415	1871	n
10338789	2416	1870	n
10339040	2415	1871	n
10349397	2416	1870	n
10349656	2416	1871	n
10349907	2416	1871	n
10350158	2416	1871	n
10350409	2416	1870	n
10350665	2416	1871	n
10361023	2416	1871	n
10361275	2416	1871	n
10361532	2415	1871	n
10361787	2416	1870	n
10362038	2415	1870	n
10362290	2416	1870	n
10372719	2415	1871	n
10372970	2415	1871	n
10373221	2415	1871	n
10373472	2416	1872	n
10373729	2416	1869	n
10373980	2415	1869	n
10384346	2416	1871	n
10384602	2416	1871	n
10384858	2416	1870	n
10385109	2416	1871	n
10385360	2416	1870	n
10385617	2416	1870	n
10385873	2416	1871	n
10396248	2416	1870	n
10396503	2416	1871	n
10396758	2416	1871	n
10397009	2415	1871	n
10397261	2416	1870	n
10397517	2416	1871	n
10407892	2415	1871	n
10408143	2416	1871	n
10408394	2416	1871	n
10408654	2416	1870	n
10408905	2416	1871	n
10409156	2416	1869	n
10419540	2415	1869	n
10419795	2416	1870	n
10420047	2416	1871	n
10420298	2415	1871	n
10420555	2415	1869	n
10420810	2416	1869	n
10431231	2416	1871	n
10431484	2416	1871	n
10431740	2416	1872	n
10431991	2416	1870	n
10432242	2416	1870	n
10432496	2416	1871	n
10442927	2416	1871	n
10443178	2416	1871	n
10443429	2416	1869	n
10443686	2414	1870	n
10443937	2416	1871	n
10444188	2415	1870	n
10454554	2414	1871	n
10454809	2416	1870	n
10455060	2416	1871	n
10455312	2415	1869	n
10455568	2415	1869	n
10455823	2416	1871	n
10456074	2414	1870	n
10466456	2415	1871	n
10466712	2414	1869	n
10466963	2413	1871	n
10467214	2415	1871	n
10467465	2416	1869	n
10467721	2414	1869	n
10478099	2413	1870	n
10478350	2415	1871	n
10478606	2416	1869	n
10478861	2415	1870	n
10479112	2416	1869	n
10479363	2415	1869	n
10489747	2415	1870	n
10489999	2416	1871	n
10490250	2415	1870	n
10490506	2416	1871	n
10490762	2415	1870	n
10491013	2415	1871	n
10501438	2415	1869	n
10501695	2415	1871	n
10501946	2416	1870	n
10502197	2416	1871	n
10502449	2414	1871	n
10502704	2416	1871	n
10513134	2415	1871	n
10513385	2415	1871	n
10513646	2415	1870	n
10513897	2415	1870	n
10514148	2416	1870	n
10514400	2415	1869	n
10524761	2416	1869	n
10525012	2414	1870	n
10525263	2415	1871	n
10525520	2415	1870	n
10525775	2413	1871	n
10526027	2414	1870	n
10526278	2415	1870	n
10536667	2416	1870	n
10536918	2416	1871	n
10537169	2416	1871	n
10537421	2416	1872	n
10537676	2416	1871	n
10537927	2416	1871	n
10548307	2416	1871	n
10548560	2416	1871	n
10548815	2415	1871	n
10549066	2416	1869	n
10549318	2416	1871	n
10549575	2413	1869	n
10559951	2415	1869	n
10560202	2415	1870	n
10560453	2415	1871	n
10560708	2416	1870	n
10560960	2414	1869	n
10561211	2415	1870	n
10571651	2415	1870	n
10571902	2414	1870	n
10572153	2415	1870	n
10572405	2416	1869	n
10572661	2413	1869	n
10572912	2413	1870	n
10583342	2416	1871	n
10583595	2416	1871	n
10583850	2415	1870	n
10584102	2416	1871	n
10584353	2416	1871	n
10584610	2416	1871	n
10595038	2415	1868	n
10595289	2413	1869	n
10595542	2414	1869	n
10595798	2414	1871	n
10596049	2414	1870	n
10596300	2415	1868	n
10596554	2414	1867	n
10606957	2413	1869	n
10607208	2415	1870	n
10607460	2416	1869	n
10607715	2415	1870	n
10607966	2414	1869	n
10608217	2415	1870	n
10618607	2415	1869	n
10618862	2416	1870	n
10619113	2416	1871	n
10619364	2416	1870	n
10619623	2415	1871	n
10619875	2416	1872	n
10630296	2416	1871	n
10630551	2415	1871	n
10630806	2415	1870	n
10631057	2416	1870	n
10631308	2415	1871	n
10631565	2416	1869	n
10641939	2415	1871	n
10642190	2416	1869	n
10642442	2414	1869	n
10642700	2414	1870	n
10642951	2415	1870	n
10643202	2415	1871	n
10653639	2415	1869	n
10653890	2415	1869	n
10654141	2416	1871	n
10654392	2415	1871	n
10654650	2416	1870	n
10654901	2415	1871	n
10665314	2415	1869	n
10665568	2416	1871	n
10665823	2414	1870	n
10666074	2416	1871	n
10666326	2416	1871	n
10666583	2416	1871	n
10666838	2415	1869	n
10677251	2415	1872	n
10677506	2414	1869	n
10677761	2416	1870	n
10678012	2414	1869	n
10678264	2415	1870	n
10678521	2416	1870	n
10688894	2416	1869	n
10689145	2415	1871	n
10689396	2415	1870	n
10689655	2415	1869	n
10689906	2416	1870	n
10690157	2415	1870	n
10700591	2415	1871	n
10700847	2415	1871	n
10701098	2416	1870	n
10701349	2416	1872	n
10701603	2416	1870	n
10701858	2416	1871	n
10712216	2416	1871	n
10712468	2416	1871	n
10712723	2414	1869	n
10712974	2415	1867	n
10713225	2414	1869	n
10713477	2415	1871	n
10723843	2415	1871	n
10724094	2415	1871	n
10724345	2416	1872	n
10724603	2415	1869	n
10724858	2416	1871	n
10725109	2415	1872	n
10735522	2415	1870	n
10735777	2416	1871	n
10736028	2416	1871	n
10736279	2415	1869	n
10736534	2415	1871	n
10736789	2414	1870	n
10737040	2416	1870	n
10747458	2416	1871	n
10747714	2416	1871	n
10747965	2416	1870	n
10748216	2416	1871	n
10748467	2416	1871	n
10748723	2416	1870	n
10759102	2416	1871	n
10759353	2416	1870	n
10759609	2415	1871	n
10759865	2415	1870	n
10760116	2416	1871	n
10760367	2416	1871	n
10770797	2415	1871	n
10771049	2415	1867	n
10771300	2416	1867	n
10771554	2416	1870	n
10771809	2414	1869	n
10772060	2411	1870	n
10782424	2416	1872	n
10782680	2416	1871	n
10782931	2415	1869	n
10783183	2415	1870	n
10783434	2414	1870	n
10783693	2415	1871	n
10794050	2416	1871	n
10794301	2416	1870	n
10794557	2416	1869	n
10794812	2416	1870	n
10795064	2416	1871	n
10795315	2416	1872	n
10805729	2415	1870	n
10805980	2415	1871	n
10806231	2416	1871	n
10806483	2415	1871	n
10806739	2416	1871	n
10806990	2416	1871	n
10807241	2416	1871	n
10817670	2415	1871	n
10817922	2415	1870	n
10818173	2416	1869	n
10818424	2415	1872	n
10818679	2415	1871	n
10818930	2415	1869	n
10829309	2415	1870	n
10829566	2416	1871	n
10829821	2416	1870	n
10830072	2416	1870	n
10830323	2414	1871	n
10830577	2416	1870	n
10841004	2416	1870	n
10841255	2415	1869	n
10841509	2416	1871	n
10841765	2416	1871	n
10842016	2415	1871	n
10842267	2416	1871	n
10852636	2416	1872	n
10852887	2416	1870	n
10853138	2416	1871	n
10853390	2415	1872	n
10853651	2415	1870	n
10853902	2416	1871	n
10864258	2416	1869	n
10864514	2415	1871	n
10864770	2416	1871	n
10865021	2415	1871	n
10865272	2416	1869	n
10865525	2415	1869	n
10875937	2416	1869	n
10876188	2416	1871	n
10876439	2416	1871	n
10876700	2415	1871	n
10876951	2416	1871	n
10877202	2415	1871	n
10877454	2415	1871	n
10887873	2416	1871	n
10888124	2416	1871	n
10888375	2416	1872	n
10888633	2417	1871	n
10888884	2416	1870	n
10889135	2415	1871	n
10899520	2416	1871	n
10899776	2416	1871	n
10900027	2416	1872	n
10900278	2416	1871	n
10900534	2416	1872	n
10900790	2416	1871	n
10911212	2415	1871	n
10911464	2416	1870	n
10911719	2415	1869	n
10911970	2416	1869	n
10912221	2416	1871	n
10912472	2413	1870	n
10922839	2416	1871	n
10923091	2416	1870	n
10923342	2416	1871	n
10923595	2416	1870	n
10923850	2416	1872	n
10924101	2416	1871	n
10934465	2417	1872	n
10934721	2416	1870	n
10934972	2416	1871	n
10935223	2416	1872	n
10935474	2416	1872	n
10935730	2415	1872	n
10946144	2416	1871	n
10946395	2416	1871	n
10946654	2416	1870	n
10946905	2416	1871	n
10947156	2415	1870	n
10947407	2415	1871	n
10947663	2415	1870	n
10958081	2416	1871	n
10958332	2416	1871	n
10958589	2415	1871	n
10958844	2416	1871	n
10959095	2416	1870	n
10959347	2416	1870	n
10969728	2416	1871	n
10969980	2415	1869	n
10970231	2416	1871	n
10970483	2415	1872	n
10970738	2416	1871	n
10970989	2416	1870	n
10981419	2416	1872	n
10981741	2416	1870	n
10982001	2416	1871	n
10982275	2416	1872	n
10982531	2416	1872	n
10982787	2416	1872	n
10993202	2416	1871	n
10993718	2415	1869	n
10993969	2415	1870	n
10994220	2416	1871	n
10994481	2415	1870	n
10994760	2415	1870	n
10995011	2415	1870	n
11005432	2415	1870	Time:00:00:00:00;;
11006141	2415	1871	n
11006415	2415	1871	n
11006670	2416	1870	n
11006921	2415	1870	n
11017352	2416	1870	n
11017844	2416	1870	n
11018095	2415	1871	n
11018346	2415	1870	n
11018634	2415	1871	n
11018886	2416	1871	n
11029289	2416	1871	n
11029773	2416	1871	n
11030055	2416	1870	n
11030306	2416	1871	n
11030559	2416	1872	n
11030815	2415	1872	n
11031097	2416	1872	n
11041489	2416	1872	n
11041970	2416	1871	n
11042221	2416	1870	n
11042483	2415	1871	n
11042761	2416	1872	n
11043012	2415	1871	n
11053404	2416	1871	n
11053898	2416	1871	n
11054171	2416	1870	n
11054422	2416	1872	n
11054678	2416	1871	n
11054938	2415	1869	n
11065342	2416	1871	Time:00:00:00:00;;
11066044	2416	1871	n
11066303	2416	1871	n
11066583	2416	1871	n
11066838	2416	1869	n
11067090	2416	1872	n
11077506	2416	1870	n
11078020	2416	1871	n
11078271	2416	1872	n
11078524	2416	1869	n
11078779	2416	1871	n
11079062	2415	1870	n
11089423	2415	1872	n
11089903	2416	1871	n
11090154	2416	1869	n
11090437	2415	1871	n
11090694	2416	1870	n
11090945	2416	1871	n
11091197	2416	1871	n
11101607	2415	1870	n
11102096	2416	1870	n
11102347	2416	1870	n
11102602	2416	1871	n
11102866	2416	1871	n
11103140	2416	1871	n
11113557	2416	1872	n
11114043	2416	1871	n
11114302	2415	1871	n
11114578	2416	1872	n
11114833	2416	1871	n
11115085	2416	1871	n
11125475	2415	1869	n
11125989	2414	1869	n
11126240	2416	1871	n
11126496	2416	1870	n
11126760	2416	1869	n
11127034	2415	1870	n
11127285	2416	1870	n
11137657	2416	1871	n
11138142	2416	1872	n
11138415	2416	1870	n
11138671	2416	1870	n
11138922	2416	1871	n
11139182	2416	1871	n
11149617	2416	1871	n
11150098	2416	1871	n
11150349	2415	1871	n
11150603	2416	1871	n
11150888	2416	1872	n
11151139	2416	1871	n
11161531	2416	1869	n
11162018	2416	1871	n
11162300	2416	1871	n
11162557	2416	1869	n
11162813	2416	1871	n
11163064	2416	1871	n
11163346	2416	1872	n
11173710	2415	1871	n
11174193	2416	1871	n
11174445	2414	1871	n
11174710	2416	1871	n
11174983	2415	1871	n
11175234	2415	1871	n
11185664	2415	1871	n
11186151	2415	1871	n
11186425	2416	1872	n
11186680	2415	1871	n
11186931	2416	1872	n
11187191	2414	1871	n
11197580	2416	1872	n
11198065	2416	1872	n
11198316	2416	1872	n
11198580	2416	1871	n
11198860	2416	1872	n
11199111	2415	1871	n
11199362	2416	1872	n
11209762	2416	1871	n
11210270	2416	1869	n
11210523	2416	1871	n
11210779	2416	1871	n
11211039	2416	1871	Time:00:00:00:00;;
11221666	2416	1871	n
11221939	2415	1871	n
11222191	2416	1870	n
11222442	2415	1871	n
11222700	2416	1872	n
11222951	2415	1870	n
11233357	2415	1870	n
11233610	2416	1871	n
11233865	2416	1872	n
11234116	2416	1871	n
11234367	2416	1871	n
11234627	2416	1871	n
11234879	2415	1870	n
11245293	2416	1871	n
11245548	2416	1872	n
11245803	2416	1872	n
11246055	2416	1871	n
11246306	2416	1870	n
11246559	2416	1870	n
11256937	2415	1869	n
11257188	2414	1869	n
11257439	2414	1872	n
11257700	2416	1870	n
11257951	2413	1870	n
11258202	2415	1870	n
11268637	2414	1869	n
11268888	2416	1870	n
11269139	2416	1872	n
11269390	2415	1871	n
11269650	2415	1870	n
11269901	2415	1871	n
11280328	2416	1871	n
11280583	2416	1871	n
11280838	2415	1871	n
11281089	2415	1871	n
11281340	2416	1872	n
11281593	2416	1871	n
11291955	2415	1870	n
11292206	2416	1871	n
11292457	2416	1872	n
11292713	2416	1871	n
11292964	2416	1871	n
11293215	2416	1871	n
11293466	2417	1871	n
11303857	2416	1871	n
11304108	2416	1871	n
11304359	2416	1871	n
11304612	2415	1872	n
11304868	2416	1872	n
11305119	2416	1871	n
11315506	2416	1870	n
11315762	2416	1871	n
11316013	2416	1872	n
11316264	2416	1871	n
11316521	2416	1871	n
11316775	2416	1871	n
11327144	2416	1872	n
11327395	2415	1869	n
11327654	2415	1871	n
11327905	2416	1870	n
11328156	2415	1870	n
11328407	2416	1869	n
11338839	2416	1871	n
11339091	2416	1869	n
11339342	2416	1872	n
11339595	2416	1871	n
11339850	2415	1871	n
11340101	2416	1870	n
11350540	2416	1869	n
11350796	2415	1868	n
11351047	2416	1871	n
11351298	2416	1869	n
11351555	2415	1870	n
11351810	2415	1870	n
11362231	2416	1872	n
11362483	2415	1871	n
11362738	2416	1871	n
11362990	2416	1872	n
11363241	2416	1872	n
11363496	2415	1871	n
11363752	2416	1872	n
11374151	2416	1870	n
11374402	2416	1869	n
11374659	2416	1871	n
11374910	2416	1872	n
11375161	2416	1872	n
11375412	2416	1871	n
11385794	2416	1871	n
11386045	2416	1871	n
11386296	2416	1871	n
11386551	2417	1871	n
11386806	2416	1871	n
11387057	2416	1872	n
11397421	2416	1872	n
11397676	2416	1871	n
11397927	2415	1872	n
11398178	2416	1871	n
11398429	2416	1871	n
11398686	2416	1871	n
11409047	2416	1871	n
11409299	2416	1871	n
11409554	2416	1871	n
11409809	2416	1871	n
11410060	2416	1872	n
11410312	2415	1872	n
11420743	2416	1872	n
11420994	2416	1872	n
11421245	2416	1871	n
11421500	2416	1872	n
11421756	2416	1872	n
11422007	2416	1871	n
11432370	2416	1872	n
11432631	2416	1871	n
11432882	2415	1869	n
11433133	2416	1870	n
11433384	2416	1870	n
11433641	2414	1870	n
11433892	2415	1871	n
11444272	2416	1871	n
11444526	2416	1871	n
11444781	2416	1871	n
11445032	2415	1870	n
11445283	2416	1871	n
11445540	2415	1871	n
11455916	2416	1871	n
11456167	2416	1870	n
11456418	2415	1871	n
11456674	2416	1871	n
11456925	2416	1872	n
11457176	2416	1871	n
11467561	2416	1871	n
11467816	2415	1870	n
11468067	2416	1870	n
11468318	2416	1870	n
11468575	2416	1871	n
11468830	2416	1871	n
11479254	2416	1871	n
11479508	2416	1870	n
11479763	2416	1870	n
11480014	2416	1870	n
11480266	2416	1871	n
11480520	2416	1871	n
11490950	2416	1871	n
11491201	2416	1869	n
11491452	2416	1871	n
11491707	2416	1871	n
11491958	2415	1871	n
11492209	2416	1870	n
11502577	2416	1872	n
11502833	2416	1871	n
11503084	2416	1870	n
11503335	2416	1871	n
11503592	2416	1872	n
11503847	2416	1871	n
11504098	2416	1870	n
11514480	2416	1872	n
11514736	2415	1871	n
11514987	2416	1872	n
11515238	2416	1871	n
11515493	2416	1871	n
11515748	2416	1871	n
11526123	2416	1871	n
11526374	2416	1871	n
11526632	2416	1871	n
11526883	2415	1872	n
11527134	2415	1872	n
11527385	2416	1872	n
11537771	2415	1871	n
11538022	2416	1872	n
11538273	2416	1871	n
11538526	2416	1870	n
11538781	2416	1872	n
11539032	2416	1871	n
11549462	2418	1871	n
11549718	2416	1871	n
11549969	2416	1872	n
11550220	2416	1872	n
11550472	2416	1871	n
11550728	2415	1872	n
11561158	2416	1871	n
11561409	2416	1869	n
11561665	2416	1872	n
11561916	2416	1871	n
11562167	2416	1872	n
11562418	2416	1871	n
11572785	2415	1871	n
11573036	2416	1872	n
11573287	2416	1871	n
11573540	2416	1871	n
11573795	2416	1871	n
11574047	2416	1871	n
11574298	2416	1871	n
11584691	2416	1869	n
11584943	2416	1871	n
11585194	2416	1872	n
11585445	2416	1871	n
11585701	2416	1870	n
11585952	2416	1872	n
11596331	2416	1872	n
11596585	2416	1872	n
11596841	2416	1870	n
11597092	2416	1871	n
11597343	2416	1871	n
11597600	2416	1870	n
11607974	2416	1871	n
11608225	2415	1871	n
11608476	2416	1871	n
11608736	2416	1872	n
11608987	2416	1870	n
11609238	2416	1868	n
11619674	2415	1871	n
11619925	2416	1871	n
11620176	2416	1869	n
11620427	2415	1871	n
11620683	2416	1871	n
11620934	2415	1871	n
11631365	2416	1871	n
11631622	2416	1872	n
11631873	2416	1869	n
11632124	2416	1871	n
11632376	2415	1872	n
11632633	2416	1868	n
11642992	2416	1871	n
11643243	2416	1872	n
11643500	2416	1871	n
11643755	2416	1871	n
11644007	2416	1869	n
11644258	2416	1872	n
11644514	2416	1870	n
11654894	2416	1871	n
11655145	2415	1870	n
11655397	2413	1870	n
11655655	2415	1871	n
11655906	2415	1868	n
11656157	2416	1870	n
11666540	2416	1871	n
11666795	2415	1871	n
11667046	2416	1872	n
11667298	2415	1871	n
11667555	2416	1871	n
11667810	2415	1871	n
11678182	2416	1871	n
11678433	2416	1871	n
11678693	2416	1870	n
11678944	2416	1871	n
11679195	2416	1872	n
11679446	2416	1872	n
11689877	2416	1871	n
11690128	2416	1871	n
11690379	2416	1871	n
11690636	2416	1870	n
11690887	2415	1871	n
11691138	2416	1870	n
11701573	2416	1871	n
11701828	2416	1871	n
11702079	2416	1871	n
11702331	2415	1870	n
11702585	2415	1870	n
11702841	2415	1871	n
11713200	2416	1871	n
11713451	2415	1871	n
11713706	2416	1870	n
11713958	2416	1871	n
11714209	2415	1869	n
11714460	2416	1871	n
11714716	2416	1870	n
11725102	2416	1871	n
11725353	2416	1871	n
11725609	2416	1871	n
11725865	2416	1871	n
11726116	2416	1872	n
11726367	2416	1872	n
11736750	2415	1872	n
11737001	2416	1872	n
11737252	2416	1871	n
11737506	2416	1871	n
11737761	2416	1871	n
11738012	2416	1872	n
11748389	2416	1870	n
11748646	2416	1871	n
11748897	2416	1871	n
11749149	2416	1871	n
11749400	2416	1870	n
11749659	2416	1871	n
11760084	2416	1871	n
11760336	2416	1871	n
11760592	2415	1871	n
11760847	2416	1872	n
11761098	2415	1871	n
11761349	2415	1870	n
11771780	2416	1872	n
11772031	2416	1871	n
11772282	2416	1871	n
11772537	2416	1871	n
11772792	2416	1871	n
11773044	2415	1871	n
11783407	2416	1872	n
11783662	2416	1871	n
11783913	2416	1871	n
11784165	2416	1871	n
11784416	2416	1870	n
11784671	2416	1871	n
11784923	2416	1872	n
11795309	2416	1870	n
11795565	2415	1870	n
11795820	2416	1871	n
11796071	2416	1871	n
11796322	2416	1871	n
11796576	2416	1870	n
11806953	2416	1872	n
11807204	2416	1872	n
11807456	2416	1871	n
11807711	2416	1871	n
11807962	2415	1870	n
11808213	2416	1871	n
11818602	2416	1871	n
11818858	2416	1871	n
11819109	2416	1871	n
11819360	2416	1870	n
11819617	2416	1871	n
11819873	2416	1871	n
11830292	2416	1870	n
11830548	2415	1871	n
11830803	2416	1871	n
11831054	2415	1870	n
11831305	2415	1870	n
11831559	2416	1871	n
11841988	2415	1871	n
11842239	2415	1870	n
11842496	2416	1871	n
11842752	2416	1871	n
11843003	2416	1871	n
11843254	2416	1869	n
11853615	2416	1872	n
11853871	2416	1871	n
11854122	2416	1871	n
11854373	2416	1871	n
11854630	2416	1871	n
11854882	2416	1871	n
11855133	2416	1871	n
11865523	2416	1871	n
11865779	2416	1872	n
11866030	2416	1872	n
11866281	2416	1872	n
11866538	2416	1872	n
11866793	2416	1872	n
11877161	2416	1869	n
11877412	2416	1870	n
11877668	2416	1870	n
11877919	2415	1870	n
11878171	2415	1869	n
11878422	2416	1872	n
11888804	2416	1871	n
11889055	2416	1870	n
11889306	2416	1871	n
11889559	2416	1871	n
11889815	2416	1870	n
11890066	2415	1871	n
11900503	2416	1871	n
11900758	2417	1870	n
11901009	2416	1872	n
11901261	2417	1872	n
11901517	2416	1871	n
11901772	2416	1871	n
11912195	2416	1871	n
11912446	2415	1870	n
11912702	2416	1872	n
11912953	2416	1872	n
11913205	2417	1872	n
11913456	2416	1872	n
11923822	2415	1872	n
11924073	2416	1871	n
11924324	2416	1871	n
11924577	2416	1871	n
11924833	2417	1870	n
11925084	2416	1871	n
11925335	2416	1871	n
11935729	2416	1870	n
11935980	2415	1871	n
11936231	2416	1870	n
11936483	2415	1870	n
11936739	2416	1870	n
11936990	2416	1870	n
11947368	2416	1871	n
11947627	2416	1870	n
11947878	2415	1869	n
11948130	2416	1872	n
11948381	2416	1871	n
11948641	2416	1871	n
11959012	2416	1872	n
11959263	2416	1871	n
11959520	2416	1872	n
11959776	2417	1871	n
11960027	2416	1871	n
11960278	2416	1872	n
11970712	2416	1872	n
11970963	2416	1871	n
11971214	2416	1871	n
11971466	2416	1872	n
11971721	2416	1871	n
11971972	2416	1871	n
11982403	2416	1869	n
11982750	2416	1869	n
11983001	2416	1870	n
11983283	2415	1871	n
11983538	2416	1870	n
11983792	2416	1870	n
11994168	2416	1871	n
11994683	2416	1871	n
11994934	2416	1872	n
11995185	2416	1872	n
11995437	2416	1872	n
11995724	2416	1871	n
11995975	2416	1870	n
12006363	2414	1870	Time:00:00:00:00;;
12007069	2416	1871	n
12007343	2416	1870	n
12007600	2416	1872	n
12007855	2416	1871	n
12018266	2416	1871	n
12018783	2416	1872	n
12019034	2416	1871	n
12019285	2416	1871	n
12019551	2416	1871	n
12019829	2416	1871	n
12020080	2416	1872	n
12030516	2416	1872	n
12031005	2416	1872	n
12031279	2416	1872	n
12031534	2416	1872	n
12031789	2416	1871	n
12032048	2417	1872	n
12042476	2416	1871	n
12042962	2416	1872	n
12043213	2416	1872	n
12043473	2416	1871	n
12043753	2416	1872	n
12044004	2417	1872	n
12054388	2417	1872	n
12054883	2416	1872	n
12055157	2417	1872	n
12055408	2416	1871	n
12055664	2416	1871	n
12055924	2416	1872	n
12056197	2416	1872	n
12066572	2416	1871	Time:00:00:00:00;;
12067268	2416	1870	n
12067554	2416	1871	n
12067810	2416	1872	n
12068061	2416	1872	n
12078489	2417	1872	n
12079001	2416	1872	n
12079252	2417	1872	n
12079506	2416	1872	n
12079761	2416	1872	n
12080043	2417	1872	n
12080295	2416	1872	n
12090721	2416	1872	n
12091197	2416	1872	n
12091479	2416	1872	n
12091736	2417	1872	n
12091987	2417	1872	n
12092238	2416	1872	n
12102674	2416	1872	n
12103160	2416	1871	n
12103411	2416	1871	n
12103666	2416	1872	n
12103926	2416	1872	n
12104199	2416	1871	n
12114607	2416	1872	n
12115094	2416	1871	n
12115353	2416	1872	n
12115633	2416	1870	n
12115884	2416	1871	n
12116135	2416	1870	n
12116395	2416	1870	n
12126854	2416	1871	n
12127331	2416	1872	n
12127585	2416	1872	n
12127849	2416	1871	n
12128123	2416	1872	n
12128374	2416	1872	n
12138808	2416	1872	n
12139293	2416	1871	n
12139572	2416	1871	n
12139828	2416	1871	n
12140079	2416	1871	n
12140339	2416	1871	n
12150729	2416	1871	n
12151206	2416	1872	n
12151457	2416	1872	n
12151721	2416	1872	n
12151995	2416	1872	n
12152246	2416	1871	n
12152503	2416	1870	n
12162907	2416	1871	n
12163422	2417	1872	n
12163677	2416	1872	n
12163929	2416	1870	n
12164188	2416	1872	n
12164462	2417	1871	n
12174861	2417	1872	n
12175345	2416	1872	n
12175599	2416	1872	n
12175884	2416	1870	n
12176135	2416	1871	n
12176386	2418	1871	n
12186781	2416	1872	n
12187291	2417	1872	n
12187548	2417	1872	n
12187804	2416	1871	n
12188055	2417	1872	n
12188336	2416	1872	n
12188592	2416	1872	n
12198959	2417	1872	n
12199442	2416	1872	n
12199708	2416	1872	n
12199982	2416	1871	n
12200233	2416	1871	n
12200489	2416	1872	n
12210913	2416	1871	Time:00:00:00:00;;
12211643	2416	1872	n
12211895	2417	1872	n
12212154	2416	1872	n
12212428	2416	1871	n
12212684	2416	1872	n
12223109	2417	1872	n
12223360	2418	1872	n
12223617	2416	1872	n
12223873	2417	1872	n
12224124	2416	1872	n
12224375	2416	1871	n
12234757	2416	1872	n
12235008	2416	1871	n
12235259	2416	1871	n
12235517	2417	1872	n
12235772	2416	1872	n
12236023	2416	1872	n
12246448	2415	1872	n
12246704	2416	1872	n
12246955	2416	1872	n
12247206	2416	1872	n
12247458	2416	1871	n
12247713	2416	1871	n
12258144	2416	1872	n
12258395	2416	1872	n
12258654	2417	1871	n
12258905	2416	1872	n
12259156	2416	1871	n
12259407	2416	1871	n
12269771	2417	1872	n
12270022	2416	1872	n
12270273	2416	1872	n
12270526	2416	1870	n
12270781	2416	1872	n
12271032	2416	1871	n
12271283	2416	1872	n
12281678	2416	1871	n
12281929	2416	1872	n
12282180	2416	1871	n
12282431	2416	1870	n
12282688	2416	1871	n
12282939	2415	1872	n
12293317	2416	1872	n
12293572	2416	1871	n
12293828	2416	1872	n
12294079	2417	1871	n
12294330	2416	1871	n
12294585	2417	1871	n
12304961	2416	1871	n
12305212	2417	1872	n
12305463	2418	1872	n
12305719	2417	1872	n
12305970	2416	1871	n
12306221	2416	1872	n
12316661	2416	1872	n
12316912	2417	1872	n
12317163	2416	1871	n
12317414	2416	1870	n
12317670	2416	1871	n
12317921	2416	1871	n
12328352	2416	1872	n
12328606	2416	1871	n
12328862	2416	1871	n
12329113	2416	1872	n
12329364	2416	1871	n
12329623	2416	1872	n
12340048	2416	1872	n
12340299	2416	1872	n
12340554	2416	1872	n
12340809	2416	1872	n
12341060	2416	1872	n
12341311	2416	1870	n
12341568	2416	1872	n
12351967	2416	1870	n
12352218	2417	1871	n
12352469	2416	1872	n
12352724	2416	1872	n
12352975	2416	1872	n
12353227	2416	1871	n
12363613	2417	1871	n
12363868	2416	1871	n
12364119	2416	1872	n
12364370	2416	1872	n
12364630	2416	1870	n
12364881	2416	1872	n
12375306	2416	1871	n
12375560	2416	1872	n
12375815	2416	1872	n
12376066	2416	1871	n
12376318	2416	1871	n
12376575	2416	1871	n
12386949	2416	1872	n
12387201	2416	1872	n
12387452	2416	1872	n
12387707	2416	1872	n
12387958	2416	1872	n
12388209	2416	1872	n
12398649	2418	1872	n
12398901	2416	1872	n
12399152	2416	1872	n
12399403	2416	1871	n
12399660	2416	1872	n
12399911	2417	1872	n
12410324	2416	1872	n
12410577	2416	1872	n
12410833	2416	1871	n
12411084	2417	1872	n
12411335	2417	1872	n
12411592	2418	1871	n
12411847	2416	1872	n
12422261	2416	1872	n
12422517	2417	1872	n
12422773	2416	1872	n
12423024	2416	1872	n
12423275	2416	1871	n
12423531	2417	1871	n
12433904	2417	1872	n
12434155	2416	1871	n
12434406	2416	1871	n
12434662	2416	1871	n
12434913	2416	1871	n
12435164	2416	1872	n
12445604	2416	1871	n
12445859	2416	1872	n
12446110	2416	1871	n
12446361	2417	1872	n
12446617	2416	1871	n
12446872	2416	1870	n
12457295	2417	1872	n
12457551	2416	1872	n
12457806	2416	1871	n
12458058	2416	1872	n
12458309	2417	1871	n
12458566	2416	1871	n
12468939	2416	1872	n
12469190	2416	1871	n
12469441	2416	1872	n
12469700	2416	1871	n
12469951	2416	1871	n
12470202	2416	1871	n
12480618	2416	1871	n
12480873	2417	1872	n
12481124	2417	1872	n
12481375	2417	1872	n
12481633	2417	1872	n
12481884	2416	1872	n
12482135	2417	1872	n
12492557	2416	1872	n
12492812	2416	1872	n
12493063	2416	1872	n
12493314	2416	1872	n
12493568	2416	1872	n
12493824	2416	1872	n
12504198	2418	1872	n
12504449	2416	1872	n
12504705	2416	1872	n
12504956	2416	1871	n
12505207	2417	1872	n
12505458	2417	1872	n
12515893	2416	1872	n
12516144	2417	1872	n
12516396	2416	1872	n
12516654	2416	1871	n
12516905	2417	1871	n
12517156	2416	1872	n
12527589	2416	1871	n
12527844	2416	1872	n
12528095	2416	1872	n
12528347	2417	1872	n
12528602	2417	1872	n
12528858	2417	1872	n
12539216	2416	1872	n
12539467	2418	1871	n
12539723	2416	1872	n
12539974	2416	1872	n
12540225	2416	1871	n
12540476	2416	1872	n
12540737	2418	1872	n
12551118	2416	1871	n
12551369	2417	1872	n
12551631	2416	1872	n
12551882	2416	1871	n
12552133	2417	1871	n
12552384	2417	1872	n
12562766	2416	1872	n
12563018	2417	1872	n
12563269	2416	1872	n
12563523	2416	1872	n
12563779	2416	1872	n
12564030	2416	1872	n
12574406	2416	1869	n
12574662	2416	1872	n
12574913	2416	1871	n
12575164	2416	1871	n
12575415	2416	1871	n
12575670	2416	1871	n
12586101	2416	1872	n
12586352	2416	1872	n
12586609	2416	1872	n
12586865	2417	1871	n
12587116	2416	1872	n
12587367	2416	1871	n
12597797	2416	1872	n
12598048	2418	1872	n
12598299	2416	1872	n
12598554	2416	1871	n
12598809	2416	1872	n
12599060	2416	1872	n
12609423	2416	1872	n
12609678	2416	1872	n
12609929	2416	1872	n
12610181	2418	1872	n
12610432	2416	1872	n
12610688	2416	1872	n
12610939	2416	1872	n
12621326	2416	1872	n
12621583	2416	1871	n
12621838	2416	1872	n
12622089	2416	1872	n
12622341	2416	1872	n
12622594	2416	1871	n
12632969	2417	1872	n
12633220	2416	1872	n
12633471	2416	1871	n
12633727	2416	1871	n
12633978	2416	1872	n
12634230	2416	1872	n
12644617	2416	1872	n
12644872	2416	1872	n
12645123	2416	1872	n
12645374	2416	1870	n
12645631	2416	1871	n
12645883	2416	1872	n
12656308	2416	1872	n
12656565	2416	1872	n
12656821	2417	1872	n
12657072	2416	1872	n
12657323	2417	1872	n
12657576	2416	1872	n
12668004	2416	1872	n
12668255	2417	1871	n
12668509	2416	1872	n
12668764	2416	1872	n
12669015	2416	1870	n
12669266	2416	1872	n
12679635	2416	1872	n
12679886	2417	1872	n
12680137	2416	1872	n
12680388	2416	1872	n
12680646	2416	1872	n
12680897	2416	1872	n
12681149	2416	1871	n
12691537	2416	1872	n
12691792	2416	1871	n
12692043	2416	1872	n
12692294	2416	1872	n
12692551	2416	1872	n
12692806	2416	1871	n
12703177	2417	1872	n
12703428	2416	1871	n
12703684	2416	1872	n
12703936	2416	1872	n
12704187	2416	1872	n
12704438	2416	1871	n
12714821	2416	1872	n
12715072	2417	1871	n
12715323	2417	1871	n
12715577	2416	1872	n
12715832	2417	1867	n
12716084	2416	1872	n
12726520	2416	1872	n
12726776	2416	1872	n
12727027	2416	1872	n
12727278	2416	1872	n
12727534	2416	1871	n
12727789	2416	1872	n
12738212	2416	1872	n
12738463	2417	1872	n
12738719	2416	1872	n
12738970	2416	1872	n
12739221	2417	1872	n
12739472	2416	1872	n
12749838	2416	1872	n
12750089	2417	1872	n
12750340	2416	1872	n
12750594	2416	1872	n
12750849	2416	1872	n
12751100	2416	1872	n
12751351	2416	1872	n
12761745	2416	1871	n
12761996	2416	1872	n
12762247	2417	1871	n
12762503	2416	1871	n
12762758	2417	1871	n
12763009	2416	1872	n
12773384	2416	1871	n
12773641	2416	1872	n
12773892	2416	1872	n
12774144	2416	1872	n
12774395	2416	1871	n
12774654	2416	1871	n
12785028	2417	1872	n
12785279	2416	1872	n
12785533	2416	1872	n
12785789	2418	1872	n
12786040	2417	1872	n
12786291	2417	1872	n
12796728	2418	1872	n
12796979	2417	1872	n
12797230	2416	1872	n
12797483	2417	1871	n
12797738	2416	1872	n
12797989	2416	1872	n
12808419	2417	1872	n
12808674	2418	1872	n
12808925	2418	1872	n
12809177	2416	1872	n
12809428	2416	1872	n
12809684	2416	1870	n
12820046	2416	1871	n
12820297	2416	1872	n
12820554	2416	1872	n
12820809	2416	1872	n
12821061	2416	1871	n
12821312	2416	1871	n
12821568	2416	1871	n
12831948	2416	1872	n
12832199	2417	1872	n
12832450	2416	1872	n
12832706	2419	1871	n
12832957	2418	1871	n
12833208	2417	1872	n
12843595	2416	1872	n
12843850	2418	1872	n
12844101	2417	1872	n
12844352	2416	1872	n
12844609	2416	1871	n
12844865	2416	1872	n
12855236	2416	1872	n
12855489	2416	1872	n
12855745	2416	1871	n
12855996	2416	1872	n
12856247	2416	1872	n
12856503	2416	1872	n
12866931	2416	1872	n
12867183	2416	1872	n
12867434	2416	1870	n
12867692	2416	1872	n
12867944	2416	1872	n
12868195	2416	1872	n
12878631	2416	1872	n
12878882	2416	1872	n
12879134	2416	1872	n
12879385	2416	1872	n
12879646	2417	1872	n
12879897	2416	1872	n
12890323	2416	1872	n
12890576	2416	1872	n
12890832	2416	1872	n
12891083	2417	1872	n
12891334	2415	1872	n
12891589	2416	1872	n
12891844	2416	1871	n
12902242	2417	1872	n
12902496	2416	1872	n
12902752	2416	1872	n
12903003	2416	1872	n
12903254	2418	1872	n
12903507	2416	1872	n
12913886	2416	1872	n
12914137	2417	1872	n
12914388	2416	1872	n
12914646	2416	1872	n
12914897	2417	1872	n
12915149	2416	1872	n
12925517	2417	1871	n
12925773	2417	1872	n
12926024	2417	1872	n
12926275	2416	1871	n
12926531	2416	1872	n
12926787	2416	1872	n
12937224	2416	1872	n
12937475	2416	1871	n
12937736	2416	1870	n
12937987	2416	1872	n
12938239	2416	1872	n
12938493	2416	1872	n
12948920	2416	1871	n
12949171	2416	1872	n
12949422	2416	1872	n
12949678	2416	1872	n
12949929	2416	1871	n
12950180	2416	1872	n
12960599	2416	1872	n
12960854	2417	1872	n
12961105	2416	1872	n
12961356	2417	1872	n
12961610	2416	1872	n
12961865	2416	1872	n
12962116	2416	1872	n
12972540	2417	1872	n
12972795	2416	1872	n
12973046	2416	1872	n
12973298	2416	1872	n
12973555	2416	1871	n
12973810	2416	1872	n
12984179	2416	1872	n
12984567	2416	1871	n
12984823	2416	1871	n
12985083	2416	1872	n
12985357	2416	1872	n
12985610	2417	1872	n
12996047	2416	1871	n
12996537	2416	1871	n
12996815	2416	1871	n
12997066	2416	1871	n
12997317	2416	1872	n
12997578	2416	1872	n
13007968	2416	1872	Time:00:00:00:00;;
13008667	2416	1872	n
13008927	2417	1872	n
13009200	2417	1872	n
13009451	2416	1872	n
13009707	2417	1872	n
13020111	2416	1872	n
13020628	2416	1871	n
13020879	2416	1872	n
13021130	2416	1872	n
13021390	2417	1872	n
13021673	2417	1872	n
13032065	2416	1872	n
13032542	2416	1871	n
13032797	2416	1872	n
13033081	2416	1871	n
13033332	2416	1871	n
13033589	2416	1872	n
13033852	2416	1871	n
13044305	2416	1872	n
13044790	2417	1870	n
13045042	2416	1871	n
13045293	2416	1872	n
13045577	2416	1872	n
13045832	2416	1871	n
13056249	2416	1872	n
13056738	2417	1872	n
13057020	2416	1871	n
13057271	2416	1872	n
13057524	2416	1872	n
13057780	2416	1872	n
13068187	2416	1870	Time:00:00:00:00;;
13068895	2416	1871	n
13069146	2416	1871	n
13069405	2416	1870	n
13069684	2416	1871	n
13069935	2416	1872	n
13080314	2416	1872	n
13080806	2416	1872	n
13081080	2416	1872	n
13081331	2416	1872	n
13081586	2416	1871	n
13081850	2416	1872	n
13092268	2416	1872	n
13092750	2416	1872	n
13093001	2417	1871	n
13093261	2416	1872	n
13093541	2416	1872	n
13093796	2416	1872	n
13094047	2416	1872	n
13104412	2416	1870	n
13104925	2416	1872	n
13105176	2415	1872	n
13105427	2416	1871	n
13105692	2416	1871	n
13105973	2416	1872	n
13116367	2416	1872	n
13116853	2416	1872	n
13117104	2416	1871	n
13117386	2416	1872	n
13117646	2416	1871	n
13117897	2416	1872	n
13128320	2416	1872	n
13128837	2416	1872	n
13129088	2416	1872	n
13129339	2416	1872	n
13129593	2416	1872	n
13129877	2416	1872	n
13130128	2416	1872	n
13140554	2416	1872	n
13141034	2417	1871	n
13141316	2417	1872	n
13141572	2416	1872	n
13141828	2416	1872	n
13142079	2416	1872	n
13152506	2416	1872	n
13153004	2417	1872	n
13153255	2416	1872	n
13153509	2416	1872	n
13153795	2417	1872	n
13154046	2417	1872	n
13164459	2418	1872	n
13164939	2416	1872	n
13165223	2416	1872	n
13165474	2416	1872	n
13165730	2416	1871	n
13165982	2416	1872	n
13166264	2416	1872	n
13176693	2416	1872	n
13177174	2416	1872	n
13177425	2416	1872	n
13177712	2416	1871	n
13177963	2416	1872	n
13178215	2416	1872	n
13188648	2416	1872	n
13189158	2416	1872	n
13189409	2418	1871	n
13189665	2418	1871	n
13189916	2416	1872	n
13190204	2416	1872	n
13200581	2416	1872	n
13201062	2415	1871	n
13201313	2416	1872	n
13201575	2416	1872	n
13201852	2416	1872	n
13202104	2416	1872	n
13202355	2416	1871	n
13212747	2416	1871	Time:00:00:00:00;;
13213437	2416	1871	n
13213695	2416	1872	n
13213946	2416	1872	n
13214197	2416	1872	n
13224575	2416	1871	n
13224830	2415	1872	n
13225081	2416	1872	n
13225333	2416	1872	n
13225590	2416	1872	n
13225845	2416	1872	n
13236202	2416	1872	n
13236453	2416	1872	n
13236708	2416	1872	n
13236960	2416	1872	n
13237211	2417	1872	n
13237462	2418	1872	n
13237717	2416	1872	n
13248104	2416	1872	n
13248355	2416	1872	n
13248609	2417	1872	n
13248864	2416	1872	n
13249115	2416	1872	n
13249367	2416	1871	n
13259753	2416	1872	n
13260004	2416	1871	n
13260255	2416	1871	n
13260508	2416	1872	n
13260764	2416	1872	n
13261015	2416	1871	n
13271392	2418	1872	n
13271650	2416	1872	n
13271901	2418	1872	n
13272152	2416	1872	n
13272403	2416	1872	n
13272660	2416	1872	n
13283087	2417	1872	n
13283339	2417	1872	n
13283592	2417	1872	n
13283847	2416	1871	n
13284098	2416	1871	n
13284349	2416	1871	n
13294783	2416	1872	n
13295034	2416	1871	n
13295285	2416	1872	n
13295540	2416	1872	n
13295795	2416	1872	n
13296046	2417	1872	n
13306410	2416	1869	n
13306666	2416	1872	n
13306917	2417	1870	n
13307168	2416	1871	n
13307419	2416	1872	n
13307675	2417	1871	n
13307926	2416	1872	n
13318312	2416	1872	n
13318568	2417	1872	n
13318823	2417	1872	n
13319074	2416	1871	n
13319325	2416	1872	n
13319578	2416	1872	n
13329956	2416	1871	n
13330207	2416	1872	n
13330458	2417	1872	n
13330714	2416	1872	n
13330965	2416	1872	n
13331216	2416	1872	n
13341602	2416	1872	n
13341857	2416	1872	n
13342108	2416	1872	n
13342360	2416	1871	n
13342612	2416	1872	n
13342868	2416	1872	n
13353294	2416	1872	n
13353551	2416	1872	n
13353806	2416	1872	n
13354057	2416	1872	n
13354308	2416	1871	n
13354565	2416	1871	n
13364990	2417	1872	n
13365241	2416	1872	n
13365496	2416	1872	n
13365751	2417	1872	n
13366002	2417	1871	n
13366253	2417	1872	n
13376617	2417	1871	n
13376872	2417	1872	n
13377123	2416	1872	n
13377374	2417	1872	n
13377632	2418	1870	n
13377883	2416	1872	n
13378134	2416	1871	n
13388523	2416	1872	n
13388778	2417	1871	n
13389030	2416	1871	n
13389281	2417	1871	n
13389538	2416	1872	n
13389793	2417	1872	n
13400163	2416	1871	n
13400414	2416	1871	n
13400670	2416	1870	n
13400921	2416	1872	n
13401172	2416	1871	n
13401423	2416	1872	n
13411807	2416	1872	n
13412058	2417	1872	n
13412309	2418	1872	n
13412565	2417	1872	n
13412820	2416	1872	n
13413072	2416	1871	n
13423506	2416	1872	n
13423761	2417	1872	n
13424012	2416	1872	n
13424263	2416	1872	n
13424521	2416	1871	n
13424775	2416	1871	n
13435198	2417	1871	n
13435449	2416	1872	n
13435705	2416	1872	n
13435956	2416	1872	n
13436207	2416	1872	n
13436458	2416	1871	n
13446825	2416	1871	n
13447076	2416	1872	n
13447327	2416	1872	n
13447582	2416	1872	n
13447838	2416	1872	n
13448089	2416	1872	n
13448340	2416	1872	n
13458732	2416	1872	n
13458983	2416	1872	n
13459234	2416	1872	n
13459489	2417	1871	n
13459744	2416	1872	n
13459995	2417	1872	n
13470371	2416	1872	n
13470630	2416	1871	n
13470881	2416	1872	n
13471132	2416	1871	n
13471383	2416	1871	n
13471640	2416	1871	n
13482014	2416	1872	n
13482265	2416	1872	n
13482520	2416	1872	n
13482775	2416	1872	n
13483026	2417	1872	n
13483278	2416	1872	n
13493714	2417	1872	n
13493965	2416	1872	n
13494216	2416	1872	n
13494467	2418	1872	n
13494723	2416	1871	n
13494974	2417	1872	n
13505405	2418	1872	n
13505661	2417	1872	n
13505912	2417	1872	n
13506163	2417	1872	n
13506415	2417	1871	n
13506670	2416	1871	n
13517032	2416	1871	n
13517283	2416	1872	n
13517537	2416	1871	n
13517793	2416	1872	n
13518044	2416	1872	n
13518295	2416	1871	n
13518551	2416	1871	n
13528934	2416	1872	n
13529185	2416	1872	n
13529436	2416	1872	n
13529693	2417	1872	n
13529944	2416	1871	n
13530195	2417	1872	n
13540582	2416	1872	n
13540838	2417	1871	n
13541089	2416	1872	n
13541340	2416	1872	n
13541593	2416	1872	n
13541849	2417	1872	n
13552222	2417	1872	n
13552473	2416	1871	n
13552730	2416	1872	n
13552981	2416	1872	n
13553232	2416	1871	n
13553489	2416	1869	n
13563917	2416	1872	n
13564169	2417	1872	n
13564420	2416	1872	n
13564676	2416	1872	n
13564927	2416	1872	n
13565178	2416	1872	n
13575613	2416	1872	n
13575868	2416	1872	n
13576119	2416	1872	n
13576370	2416	1872	n
13576630	2416	1872	n
13576882	2416	1872	n
13587240	2417	1872	n
13587496	2418	1872	n
13587751	2416	1872	n
13588002	2416	1872	n
13588254	2416	1872	n
13588507	2416	1872	n
13588762	2417	1872	n
13599142	2416	1872	n
13599393	2416	1872	n
13599654	2416	1872	n
13599906	2416	1872	n
13600157	2416	1871	n
13600408	2416	1871	n
13610786	2416	1872	n
13611037	2416	1871	n
13611288	2416	1871	n
13611541	2416	1871	n
13611797	2416	1872	n
13612048	2416	1871	n
13622429	2416	1872	n
13622685	2416	1872	n
13622936	2416	1872	n
13623187	2416	1872	n
13623439	2416	1871	n
13623696	2417	1871	n
13634124	2416	1872	n
13634376	2416	1871	n
13634633	2416	1871	n
13634884	2416	1872	n
13635135	2418	1872	n
13635386	2416	1872	n
13645820	2416	1872	n
13646071	2416	1872	n
13646322	2416	1872	n
13646575	2416	1872	n
13646831	2416	1872	n
13647082	2416	1872	n
13657447	2415	1872	n
13657703	2417	1872	n
13657954	2416	1872	n
13658205	2416	1871	n
13658456	2416	1872	n
13658712	2416	1871	n
13658963	2416	1872	n
13669349	2417	1872	n
13669606	2416	1872	n
13669862	2417	1872	n
13670113	2417	1872	n
13670364	2417	1872	n
13670623	2416	1872	n
13680993	2416	1872	n
13681244	2416	1872	n
13681500	2416	1872	n
13681755	2416	1872	n
13682006	2416	1871	n
13682258	2418	1872	n
13692643	2416	1872	n
13692895	2417	1871	n
13693146	2416	1871	n
13693397	2416	1871	n
13693655	2417	1872	n
13693906	2417	1872	n
13704332	2416	1872	n
13704589	2416	1871	n
13704844	2416	1871	n
13705096	2416	1872	n
13705347	2416	1872	n
13705602	2416	1871	n
13716028	2417	1871	n
13716279	2417	1872	n
13716534	2418	1872	n
13716788	2416	1872	n
13717040	2417	1872	n
13717291	2416	1872	n
13727659	2416	1871	n
13727910	2416	1871	n
13728162	2416	1872	n
13728413	2416	1872	n
13728668	2416	1872	n
13728920	2413	1872	n
13729171	2416	1871	n
13739559	2416	1872	n
13739815	2417	1872	n
13740066	2416	1872	n
13740317	2416	1872	n
13740572	2418	1872	n
13740827	2417	1872	n
13751201	2416	1872	n
13751452	2416	1872	n
13751707	2417	1872	n
13751958	2416	1872	n
13752209	2416	1871	n
13752461	2417	1872	n
13762844	2417	1872	n
13763095	2416	1872	n
13763346	2416	1872	n
13763602	2416	1872	n
13763857	2416	1872	n
13764109	2417	1872	n
13774541	2416	1872	n
13774797	2416	1872	n
13775048	2416	1871	n
13775299	2417	1871	n
13775554	2416	1872	n
13775809	2416	1871	n
13786235	2416	1872	n
13786488	2416	1871	n
13786744	2416	1872	n
13786995	2416	1872	n
13787246	2416	1871	n
13787503	2416	1872	n
13797931	2417	1872	n
13798182	2416	1872	n
13798433	2416	1872	n
13798693	2416	1872	n
13798944	2417	1872	n
13799195	2416	1871	n
13799446	2416	1872	n
13809851	2416	1872	n
13810102	2416	1872	n
13810353	2416	1872	n
13810609	2416	1872	n
13810865	2416	1872	n
13811116	2416	1872	n
13821500	2416	1871	n
13821755	2416	1872	n
13822007	2416	1871	n
13822258	2416	1871	n
13822514	2416	1871	n
13822770	2416	1872	n
13833189	2416	1872	n
13833441	2416	1872	n
13833701	2416	1871	n
13833952	2416	1872	n
13834203	2416	1872	n
13834454	2416	1872	n
13844833	2416	1872	n
13845084	2416	1871	n
13845336	2416	1872	n
13845592	2416	1872	n
13845847	2416	1872	n
13846098	2416	1871	n
13856534	2417	1872	n
13856789	2416	1872	n
13857040	2416	1872	n
13857291	2416	1872	n
13857544	2416	1872	n
13857799	2417	1872	n
13868208	2415	1871	n
13868459	2416	1872	n
13868715	2416	1871	n
13868966	2416	1872	n
13869217	2416	1871	n
13869468	2417	1871	n
13869724	2416	1872	n
13880144	2416	1872	n
13880395	2416	1872	n
13880654	2416	1872	n
13880905	2416	1872	n
13881156	2416	1872	n
13881407	2417	1870	n
13891788	2416	1872	n
13892039	2416	1872	n
13892290	2416	1872	n
13892543	2416	1872	n
13892799	2416	1872	n
13893050	2416	1871	n
13903489	2416	1872	n
13903744	2416	1872	n
13903995	2418	1872	n
13904247	2417	1871	n
13904504	2416	1872	n
13904759	2416	1871	n
13915179	2416	1872	n
13915430	2416	1872	n
13915687	2416	1872	n
13915938	2416	1871	n
13916189	2416	1872	n
13916440	2416	1872	n
13926823	2416	1871	n
13927074	2416	1872	n
13927325	2416	1872	n
13927578	2417	1872	n
13927833	2416	1872	n
13928084	2416	1872	n
13938506	2416	1872	n
13938761	2416	1872	n
13939013	2416	1872	n
13939264	2416	1872	n
13939521	2416	1872	n
13939775	2417	1872	n
13940027	2416	1872	n
13950438	2416	1870	n
13950695	2419	1870	n
13950946	2416	1872	n
13951198	2416	1870	n
13951449	2415	1871	n
13951705	2416	1870	n
13962082	2416	1872	n
13962333	2416	1870	n
13962588	2416	1872	n
13962844	2416	1871	n
13963095	2416	1872	n
13963346	2416	1871	n
13973777	2416	1871	n
13974029	2416	1871	n
13974280	2416	1871	n
13974534	2416	1871	n
13974789	2416	1872	n
13975040	2416	1872	n
13985473	2416	1871	n
13985886	2416	1871	n
13986138	2416	1871	n
13986420	2416	1872	n
13986675	2416	1871	n
13986926	2416	1872	n
13997324	2416	1872	n
13997817	2416	1871	n
13998091	2416	1871	n
13998342	2416	1871	n
13998595	2416	1871	n
13998859	2416	1871	n
13999133	2416	1872	n
14009523	2416	1872	Time:00:00:00:00;;
14010226	2416	1872	n
14010503	2416	1872	n
14010758	2417	1871	n
14011009	2416	1872	n
14021405	2416	1872	n
14021919	2416	1871	n
14022170	2416	1872	n
14022421	2416	1872	n
14022685	2417	1871	n
14022959	2416	1872	n
14023210	2416	1872	n
14033589	2416	1872	n
14034069	2416	1872	n
14034351	2416	1872	n
14034606	2416	1872	n
14034861	2416	1872	n
14035112	2416	1872	n
14045540	2416	1871	n
14046030	2416	1872	n
14046281	2416	1872	n
14046537	2416	1871	n
14046821	2416	1872	n
14047072	2416	1872	n
14057458	2417	1872	n
14057941	2416	1871	n
14058201	2416	1872	n
14058474	2416	1872	n
14058731	2416	1872	n
14058982	2416	1872	n
14059242	2416	1872	Time:00:00:00:00;;
14069862	2416	1871	n
14070338	2416	1872	n
14070601	2417	1872	n
14070878	2416	1872	n
14071129	2417	1872	n
14081557	2417	1872	n
14082047	2416	1872	n
14082320	2416	1872	n
14082575	2417	1872	n
14082829	2416	1871	n
14083089	2416	1872	n
14083363	2416	1872	n
14093786	2416	1871	n
14094261	2416	1872	n
14094523	2416	1871	n
14094801	2416	1872	n
14095052	2416	1871	n
14095303	2415	1872	n
14105742	2416	1871	n
14106257	2416	1871	n
14106514	2416	1872	n
14106770	2417	1872	n
14107029	2417	1871	n
14107303	2416	1872	n
14117681	2418	1872	n
14118157	2416	1872	n
14118408	2417	1872	n
14118695	2417	1871	n
14118946	2416	1872	n
14119197	2416	1872	n
14119448	2416	1871	n
14129838	2416	1871	n
14130324	2416	1872	n
14130577	2416	1871	n
14130832	2416	1872	n
14131115	2416	1871	n
14131366	2416	1872	n
14141792	2416	1872	n
14142268	2416	1872	n
14142531	2416	1872	n
14142809	2416	1871	n
14143060	2417	1872	n
14143311	2416	1871	n
14153730	2416	1872	n
14154245	2417	1871	n
14154500	2417	1872	n
14154756	2416	1872	n
14155016	2416	1871	n
14155289	2416	1872	n
14155542	2416	1872	n
14165977	2416	1872	n
14166464	2419	1872	n
14166742	2416	1872	n
14166993	2417	1872	n
14167244	2417	1871	n
14167506	2417	1872	n
14177931	2416	1872	n
14178413	2416	1869	n
14178668	2416	1871	n
14178928	2416	1871	n
14179201	2416	1871	n
14179453	2415	1871	n
14189851	2416	1871	n
14190338	2416	1871	n
14190628	2416	1872	n
14190879	2416	1872	n
14191130	2416	1872	n
14191390	2417	1872	n
14191673	2416	1872	n
14202029	2416	1872	n
14202508	2417	1872	n
14202772	2416	1872	n
14203046	2416	1871	n
14203297	2417	1871	n
14203551	2416	1872	n
14213983	2418	1872	Time:00:00:00:00;;
14214661	2416	1872	n
14214912	2416	1872	n
14215163	2416	1868	n
14215414	2416	1871	n
14215670	2416	1872	n
14226093	2416	1872	n
14226344	2416	1872	n
14226600	2416	1871	n
14226855	2416	1871	n
14227106	2416	1871	n
14227357	2416	1871	n
14237741	2416	1872	n
14237992	2416	1871	n
14238244	2416	1870	n
14238500	2416	1871	n
14238756	2416	1871	n
14239007	2416	1871	n
14249432	2416	1871	n
14249693	2416	1871	n
14249944	2416	1871	n
14250195	2416	1872	n
14250446	2416	1871	n
14250703	2416	1871	n
14261128	2416	1870	n
14261379	2416	1872	n
14261636	2416	1871	n
14261887	2416	1871	n
14262138	2416	1871	n
14262389	2416	1871	n
14272772	2416	1872	n
14273023	2416	1871	n
14273274	2416	1872	n
14273531	2416	1872	n
14273787	2416	1872	n
14274038	2416	1871	n
14284451	2416	1872	n
14284706	2416	1872	n
14284957	2416	1872	n
14285208	2417	1871	n
14285460	2419	1872	n
14285715	2418	1872	n
14285966	2416	1872	n
14296387	2416	1871	n
14296646	2416	1871	n
14296898	2416	1871	n
14297149	2416	1872	n
14297400	2416	1871	n
14297659	2417	1871	n
14308031	2416	1872	n
14308282	2416	1872	n
14308537	2416	1872	n
14308792	2416	1870	n
14309043	2416	1871	n
14309294	2416	1871	n
14319731	2416	1872	n
14319982	2416	1871	n
14320233	2416	1871	n
14320489	2416	1872	n
14320744	2416	1869	n
14320995	2416	1872	n
14331422	2416	1873	n
14331678	2416	1872	n
14331929	2416	1872	n
14332180	2416	1872	n
14332431	2416	1872	n
14332688	2416	1872	n
14343048	2416	1872	n
14343299	2417	1872	n
14343554	2416	1872	n
14343809	2416	1872	n
14344060	2416	1872	n
14344311	2416	1871	n
14344568	2416	1872	n
14354951	2416	1872	n
14355202	2416	1871	n
14355454	2416	1872	n
14355709	2416	1872	n
14355960	2416	1872	n
14356211	2416	1871	n
14366600	2416	1871	n
14366855	2416	1872	n
14367106	2416	1872	n
14367358	2416	1872	n
14367611	2416	1872	n
14367866	2416	1872	n
14378238	2416	1872	n
14378493	2419	1872	n
14378748	2416	1872	n
14378999	2417	1872	n
14379250	2417	1872	n
14379506	2416	1871	n
14389933	2416	1871	n
14390185	2416	1872	n
14390436	2416	1870	n
14390693	2416	1871	n
14390944	2416	1872	n
14391195	2416	1871	n
14401633	2416	1872	n
14401884	2416	1872	n
14402136	2416	1871	n
14402387	2416	1871	n
14402646	2416	1871	n
14402897	2416	1871	n
14413256	2416	1872	n
14413509	2416	1872	n
14413765	2416	1872	n
14414016	2416	1872	n
14414267	2416	1872	n
14414523	2416	1871	n
14414779	2416	1872	n
14425158	2416	1871	n
14425409	2416	1871	n
14425665	2416	1872	n
14425916	2416	1872	n
14426167	2416	1872	n
14426418	2416	1872	n
14436802	2417	1871	n
14437053	2416	1872	n
14437304	2417	1870	n
14437558	2417	1872	n
14437813	2416	1871	n
14438064	2416	1872	n
14448446	2416	1872	n
14448702	2416	1872	n
14448953	2416	1872	n
14449204	2417	1872	n
14449456	2417	1872	n
14449711	2416	1872	n
14460141	2416	1871	n
14460393	2416	1872	n
14460651	2416	1872	n
14460902	2418	1871	n
14461153	2417	1871	n
14461404	2416	1870	n
14471837	2416	1870	n
14472088	2416	1871	n
14472339	2416	1871	n
14472592	2416	1871	n
14472848	2416	1871	n
14473099	2416	1871	n
14483463	2417	1871	n
14483718	2416	1870	n
14483970	2416	1871	n
14484221	2417	1872	n
14484472	2416	1871	n
14484728	2416	1871	n
14484980	2416	1872	n
14495366	2417	1872	n
14495628	2416	1871	n
14495879	2416	1871	n
14496130	2416	1872	n
14496381	2416	1872	n
14496641	2416	1872	n
14507009	2416	1872	n
14507260	2416	1872	n
14507516	2416	1871	n
14507772	2416	1871	n
14508023	2416	1872	n
14508274	2416	1872	n
14518657	2417	1872	n
14518908	2416	1872	n
14519159	2417	1872	n
14519411	2417	1872	n
14519666	2417	1872	n
14519917	2416	1872	n
14530348	2416	1871	n
14530602	2416	1872	n
14530858	2416	1871	n
14531109	2416	1871	n
14531360	2416	1871	n
14531613	2416	1872	n
14542044	2416	1872	n
14542295	2416	1871	n
14542551	2416	1872	n
14542807	2416	1872	n
14543058	2416	1872	n
14543309	2416	1872	n
14553675	2418	1872	n
14553926	2417	1872	n
14554177	2417	1872	n
14554429	2416	1872	n
14554685	2417	1872	n
14554936	2417	1872	n
14555187	2416	1872	n
14565575	2416	1872	n
14565831	2416	1872	n
14566082	2416	1872	n
14566333	2416	1872	n
14566588	2417	1872	n
14566844	2416	1872	n
14577217	2416	1871	n
14577468	2417	1871	n
14577724	2416	1872	n
14577975	2417	1872	n
14578226	2416	1871	n
14578477	2416	1872	n
14588861	2416	1872	n
14589112	2417	1872	n
14589363	2416	1872	n
14589623	2416	1872	n
14589875	2416	1872	n
14590126	2416	1871	n
14600558	2416	1872	n
14600814	2416	1872	n
14601065	2416	1871	n
14601316	2416	1872	n
14601571	2416	1872	n
14601827	2416	1872	n
14612252	2415	1872	n
14612506	2416	1872	n
14612761	2416	1870	n
14613012	2416	1871	n
14613263	2416	1869	n
14613521	2416	1871	n
14623948	2416	1872	n
14624199	2416	1872	n
14624450	2415	1872	n
14624706	2416	1872	n
14624957	2416	1872	n
14625208	2416	1871	n
14625459	2417	1872	n
14635867	2416	1871	n
14636118	2416	1872	n
14636369	2416	1872	n
14636631	2417	1872	n
14636882	2417	1872	n
14637133	2416	1872	n
14647516	2417	1872	n
14647772	2417	1872	n
14648023	2416	1872	n
14648275	2416	1872	n
14648532	2416	1872	n
14648787	2417	1872	n
14659206	2416	1872	n
14659458	2417	1872	n
14659713	2416	1872	n
14659964	2416	1872	n
14660216	2416	1872	n
14660467	2417	1872	n
14670849	2416	1871	n
14671100	2416	1872	n
14671352	2416	1871	n
14671606	2416	1871	n
14671861	2416	1872	n
14672113	2416	1872	n
14682551	2417	1872	n
14682806	2417	1872	n
14683057	2416	1872	n
14683308	2416	1872	n
14683565	2416	1872	n
14683821	2416	1872	n
14694224	2416	1872	n
14694475	2417	1871	n
14694731	2416	1872	n
14694982	2417	1871	n
14695234	2416	1872	n
14695489	2416	1872	n
14695745	2416	1872	n
14706161	2416	1871	n
14706412	2416	1871	n
14706667	2417	1872	n
14706918	2416	1872	n
14707170	2416	1872	n
14707421	2416	1872	n
14717804	2417	1871	n
14718055	2416	1872	n
14718306	2416	1872	n
14718560	2416	1871	n
14718815	2416	1871	n
14719066	2416	1872	n
14729503	2416	1872	n
14729758	2417	1872	n
14730010	2416	1872	n
14730261	2416	1872	n
14730517	2416	1872	n
14730773	2416	1872	n
14741195	2416	1872	n
14741446	2416	1872	n
14741703	2416	1871	n
14741954	2417	1872	n
14742205	2417	1872	n
14742456	2416	1872	n
14752839	2416	1871	n
14753090	2416	1871	n
14753341	2416	1872	n
14753595	2416	1871	n
14753850	2416	1872	n
14754101	2416	1871	n
14764519	2416	1871	n
14764775	2415	1872	n
14765026	2416	1872	n
14765277	2416	1872	n
14765534	2416	1871	n
14765789	2416	1871	n
14766040	2416	1871	n
14776454	2416	1872	n
14776710	2417	1871	n
14776961	2416	1872	n
14777212	2416	1872	n
14777463	2418	1872	n
14777719	2417	1872	n
14788098	2417	1871	n
14788349	2416	1871	n
14788603	2416	1871	n
14788858	2416	1872	n
14789109	2416	1872	n
14789361	2416	1872	n
14799793	2416	1872	n
14800045	2416	1872	n
14800296	2416	1871	n
14800550	2416	1872	n
14800805	2416	1872	n
14801057	2416	1872	n
14811493	2416	1872	n
14811749	2416	1872	n
14812000	2416	1872	n
14812251	2416	1872	n
14812506	2416	1872	n
14812761	2416	1871	n
14823185	2418	1872	n
14823436	2417	1871	n
14823693	2416	1871	n
14823944	2416	1871	n
14824195	2416	1872	n
14824446	2416	1871	n
14824702	2416	1872	n
14835104	2416	1872	n
14835355	2416	1871	n
14835609	2417	1872	n
14835864	2416	1872	n
14836115	2416	1871	n
14836367	2416	1871	n
14846752	2416	1872	n
14847004	2416	1872	n
14847255	2416	1872	n
14847508	2416	1872	n
14847764	2416	1872	n
14848015	2416	1872	n
14858375	2416	1872	n
14858631	2416	1872	n
14858883	2416	1871	n
14859134	2416	1872	n
14859385	2416	1872	n
14859646	2417	1872	n
14870087	2417	1872	n
14870339	2417	1872	n
14870592	2417	1872	n
14870847	2417	1872	n
14871098	2416	1872	n
14871349	2417	1872	n
14881783	2416	1872	n
14882034	2416	1872	n
14882285	2416	1872	n
14882540	2416	1871	n
14882795	2416	1872	n
14883047	2417	1872	n
14893462	2419	1872	n
14893717	2416	1872	n
14893969	2416	1872	n
14894220	2416	1872	n
14894471	2416	1872	n
14894727	2416	1872	n
14894978	2416	1872	n
14905398	2416	1872	n
14905659	2416	1872	n
14905910	2416	1872	n
14906161	2417	1871	n
14906412	2418	1872	n
14906668	2417	1872	n
14917042	2417	1872	n
14917293	2417	1872	n
14917548	2416	1872	n
14917803	2416	1872	n
14918055	2417	1871	n
14918306	2417	1872	n
14928740	2416	1872	n
14928991	2416	1872	n
14929242	2416	1872	n
14929496	2416	1872	n
14929752	2416	1871	n
14930003	2416	1871	n
14940364	2416	1872	n
14940622	2417	1872	n
14940873	2416	1871	n
14941125	2416	1872	n
14941376	2417	1872	n
14941633	2416	1872	n
14951990	2418	1873	n
14952241	2416	1872	n
14952496	2418	1872	n
14952751	2416	1872	n
14953002	2417	1872	n
14953253	2417	1871	n
14963669	2416	1872	n
14963920	2416	1872	n
14964171	2416	1872	n
14964422	2417	1872	n
14964678	2416	1872	n
14964929	2417	1872	n
14965180	2416	1872	n
14975609	2416	1872	n
14975864	2417	1872	n
14976115	2416	1872	n
14976367	2416	1871	n
14976628	2417	1872	n
14976879	2416	1871	n
14987258	2416	1871	n
14987718	2416	1872	n
14987970	2416	1871	n
14988230	2416	1872	n
14988506	2416	1872	n
14988762	2416	1872	n
14999117	2416	1872	n
14999600	2416	1871	n
14999886	2417	1871	n
15000137	2416	1872	n
15000388	2416	1872	n
15000646	2417	1872	n
15011038	2416	1871	Time:00:00:00:00;;
15011747	2416	1872	n
15011999	2416	1872	n
15012259	2416	1872	n
15012538	2416	1871	n
15012793	2416	1872	n
15023181	2416	1872	n
15023675	2416	1871	n
15023948	2416	1872	n
15024199	2417	1872	n
15024450	2416	1872	n
15024715	2416	1872	n
15035144	2417	1871	n
15035627	2416	1872	n
15035879	2416	1872	n
15036139	2416	1871	n
15036412	2416	1871	n
15036668	2416	1872	n
15036919	2417	1872	n
15047279	2417	1872	n
15047795	2417	1872	n
15048046	2417	1872	n
15048297	2418	1872	n
15048551	2417	1872	n
15048838	2417	1872	n
15059233	2417	1872	Time:00:00:00:00;;
15059938	2416	1871	n
15060198	2417	1871	n
15060472	2416	1872	n
15060728	2416	1871	n
15060979	2417	1871	n
15071343	2416	1872	n
15071859	2416	1872	n
15072110	2416	1872	n
15072361	2416	1871	n
15072630	2416	1871	n
15072904	2416	1871	n
15083315	2417	1872	n
15083798	2417	1872	n
15084058	2416	1872	n
15084332	2417	1872	n
15084589	2416	1872	n
15084844	2416	1872	n
15095252	2416	1871	n
15095766	2416	1872	n
15096017	2417	1872	n
15096268	2416	1871	n
15096532	2417	1872	n
15096812	2416	1871	n
15097063	2417	1871	n
15107483	2416	1871	n
15107979	2417	1871	n
15108253	2416	1872	n
15108506	2418	1872	n
15108762	2417	1872	n
15109021	2416	1872	n
15119445	2416	1872	n
15119927	2416	1871	n
15120179	2416	1872	n
15120430	2416	1871	n
15120717	2417	1872	n
15120968	2416	1872	n
15131390	2417	1871	n
15131876	2417	1872	n
15132158	2416	1872	n
15132409	2416	1870	n
15132665	2416	1871	n
15132916	2416	1872	n
15133198	2416	1871	n
15143631	2416	1872	n
15144108	2416	1871	n
15144359	2416	1872	n
15144650	2416	1870	n
15144901	2416	1871	n
15145152	2416	1872	n
15155577	2417	1872	n
15156095	2416	1872	n
15156346	2416	1872	n
15156602	2416	1872	n
15156858	2416	1871	n
15157140	2416	1871	n
15167534	2416	1872	n
15168016	2416	1872	n
15168267	2416	1872	n
15168554	2416	1871	n
15168809	2416	1872	n
15169060	2416	1872	n
15169312	2416	1872	n
15179763	2416	1872	n
15180254	2416	1872	n
15180507	2417	1871	n
15180763	2416	1872	n
15181045	2416	1872	n
15181296	2417	1872	n
15191717	2417	1872	n
15192201	2416	1871	n
15192484	2416	1872	n
15192740	2416	1872	n
15192991	2416	1872	n
15193242	2416	1872	n
15203655	2417	1872	n
15204141	2417	1871	n
15204392	2416	1872	n
15204650	2417	1872	n
15204910	2416	1872	n
15205183	2416	1872	n
15205435	2416	1871	n
15215812	2416	1872	Time:00:00:00:00;;
15216436	2417	1871	n
15216693	2417	1872	n
15216944	2417	1872	n
15217195	2418	1872	n
15227562	2418	1872	n
15227817	2416	1872	n
15228068	2417	1870	n
15228319	2417	1872	n
15228575	2417	1872	n
15228830	2416	1872	n
15239203	2416	1872	n
15239454	2416	1872	n
15239709	2416	1872	n
15239961	2416	1871	n
15240212	2416	1871	n
15240463	2417	1872	n
15250882	2417	1871	n
15251133	2416	1872	n
15251384	2417	1871	n
15251641	2416	1872	n
15251892	2416	1872	n
15252143	2416	1872	n
15252395	2416	1871	n
15262818	2417	1872	n
15263069	2417	1871	n
15263320	2417	1872	n
15263574	2416	1872	n
15263830	2416	1872	n
15264081	2416	1872	n
15274462	2417	1871	n
15274717	2416	1870	n
15274969	2416	1872	n
15275220	2416	1872	n
15275471	2415	1870	n
15275727	2416	1872	n
15286157	2416	1872	n
15286409	2416	1871	n
15286664	2417	1872	n
15286915	2417	1872	n
15287166	2417	1872	n
15287417	2416	1871	n
15297853	2416	1872	n
15298104	2416	1872	n
15298355	2416	1872	n
15298609	2416	1872	n
15298864	2416	1872	n
15299115	2417	1871	n
15309481	2416	1871	n
15309737	2416	1872	n
15309988	2416	1872	n
15310239	2417	1872	n
15310496	2416	1872	n
15310752	2416	1872	n
15311003	2418	1872	n
15321382	2416	1872	n
15321640	2416	1872	n
15321892	2416	1872	n
15322143	2416	1872	n
15322394	2416	1871	n
15322655	2416	1872	n
15333026	2417	1871	n
15333277	2417	1871	n
15333534	2417	1872	n
15333789	2416	1872	n
15334040	2416	1872	n
15334291	2416	1872	n
15344673	2416	1871	n
15344924	2416	1872	n
15345175	2417	1872	n
15345426	2417	1873	n
15345682	2417	1872	n
15345933	2416	1872	n
15356364	2416	1872	n
15356622	2416	1872	n
15356873	2416	1872	n
15357125	2416	1872	n
15357376	2416	1872	n
15357633	2417	1872	n
15368060	2416	1872	n
15368311	2416	1871	n
15368568	2417	1872	n
15368823	2416	1872	n
15369074	2416	1872	n
15369325	2416	1872	n
15379689	2416	1872	n
15379940	2416	1872	n
15380191	2417	1872	n
15380443	2416	1871	n
15380700	2416	1872	n
15380951	2417	1872	n
15381202	2417	1872	n
15391591	2416	1872	n
15391847	2417	1872	n
15392098	2417	1872	n
15392349	2417	1872	n
15392603	2417	1871	n
15392859	2418	1872	n
15403233	2417	1872	n
15403489	2417	1872	n
15403744	2417	1872	n
15403995	2416	1872	n
15404247	2419	1872	n
15404504	2417	1872	n
15414877	2416	1871	n
15415128	2416	1871	n
15415379	2416	1871	n
15415636	2416	1871	n
15415887	2416	1872	n
15416138	2417	1871	n
15426575	2416	1872	n
15426830	2417	1872	n
15427081	2416	1872	n
15427332	2416	1872	n
15427589	2416	1872	n
15427844	2416	1872	n
15438268	2417	1872	n
15438523	2418	1872	n
15438778	2417	1872	n
15439029	2416	1872	n
15439280	2416	1871	n
15439538	2417	1872	n
15449964	2417	1872	n
15450215	2417	1872	n
15450466	2417	1872	n
15450722	2416	1871	n
15450973	2416	1872	n
15451224	2416	1871	n
15451475	2416	1872	n
15461883	2416	1872	n
15462134	2416	1872	n
15462385	2416	1871	n
15462646	2416	1871	n
15462897	2417	1872	n
15463148	2417	1872	n
15473531	2416	1872	n
15473786	2417	1870	n
15474037	2416	1871	n
15474289	2415	1872	n
15474542	2416	1871	n
15474797	2416	1872	n
15485222	2416	1872	n
15485474	2416	1872	n
15485731	2417	1871	n
15485982	2416	1872	n
15486233	2416	1872	n
15486489	2416	1871	n
15496866	2415	1870	n
15497117	2416	1871	n
15497368	2416	1872	n
15497627	2416	1871	n
15497878	2416	1870	n
15498130	2417	1872	n
15508565	2416	1871	n
15508820	2416	1871	n
15509071	2416	1871	n
15509322	2416	1872	n
15509575	2416	1872	n
15509831	2416	1871	n
15520241	2416	1872	n
15520496	2417	1872	n
15520751	2416	1872	n
15521002	2416	1872	n
15521254	2417	1872	n
15521507	2416	1872	n
15521762	2417	1872	n
15532177	2417	1871	n
15532428	2416	1871	n
15532685	2416	1872	n
15532936	2417	1872	n
15533187	2417	1871	n
15533438	2416	1872	n
15543821	2416	1871	n
15544072	2417	1872	n
15544323	2416	1871	n
15544577	2416	1872	n
15544832	2416	1871	n
15545084	2416	1872	n
15555520	2418	1872	n
15555776	2417	1871	n
15556027	2416	1872	n
15556278	2416	1872	n
15556534	2417	1872	n
15556790	2416	1872	n
15567212	2416	1872	n
15567463	2419	1872	n
15567719	2416	1872	n
15567970	2416	1872	n
15568221	2416	1871	n
15568472	2416	1872	n
15578855	2418	1872	n
15579106	2417	1871	n
15579357	2418	1872	n
15579610	2418	1872	n
15579866	2418	1872	n
15580117	2416	1872	n
15590534	2416	1872	n
15590789	2417	1870	n
15591040	2416	1871	n
15591291	2417	1871	n
15591544	2416	1872	n
15591799	2417	1871	n
15592050	2416	1872	n
15602471	2416	1872	n
15602727	2416	1872	n
15602978	2416	1872	n
15603229	2417	1872	n
15603481	2416	1872	n
15603738	2417	1872	n
15614114	2419	1872	n
15614365	2417	1872	n
15614622	2416	1872	n
15614874	2417	1872	n
15615125	2416	1872	n
15615376	2417	1872	n
15625809	2416	1872	n
15626061	2416	1872	n
15626312	2417	1872	n
15626568	2419	1872	n
15626823	2417	1873	n
15627074	2418	1872	n
15637507	2416	1872	n
15637762	2416	1871	n
15638013	2416	1872	n
15638264	2417	1872	n
15638520	2417	1872	n
15638775	2416	1871	n
15649132	2417	1871	n
15649383	2416	1872	n
15649641	2416	1871	n
15649892	2416	1872	n
15650143	2416	1871	n
15650394	2416	1872	n
15650655	2416	1872	n
15661034	2417	1872	n
15661285	2416	1872	n
15661540	2416	1872	n
15661795	2418	1872	n
15662046	2416	1872	n
15662298	2417	1872	n
15672683	2416	1872	n
15672934	2417	1872	n
15673185	2416	1871	n
15673436	2416	1872	n
15673692	2416	1871	n
15673944	2416	1872	n
15684322	2416	1872	n
15684575	2417	1872	n
15684830	2417	1871	n
15685081	2417	1871	n
15685332	2416	1872	n
15685589	2416	1872	n
15696017	2417	1872	n
15696269	2417	1871	n
15696523	2416	1872	n
15696777	2416	1872	n
15697028	2416	1872	n
15697279	2417	1872	n
15707717	2416	1872	n
15707968	2417	1872	n
15708219	2417	1872	n
15708470	2417	1872	n
15708726	2416	1872	n
15708977	2417	1872	n
15719340	2416	1871	n
15719593	2416	1872	n
15719848	2416	1871	n
15720099	2416	1872	n
15720350	2416	1871	n
15720606	2416	1872	n
15720861	2416	1872	n
15731242	2417	1871	n
15731496	2416	1871	n
15731752	2416	1871	n
15732003	2416	1872	n
15732254	2416	1872	n
15732507	2416	1871	n
15742886	2417	1872	n
15743137	2417	1872	n
15743388	2416	1872	n
15743646	2416	1872	n
15743897	2419	1872	n
15744148	2416	1872	n
15754534	2417	1872	n
15754789	2417	1872	n
15755040	2416	1872	n
15755291	2417	1872	n
15755548	2417	1872	n
15755804	2416	1872	n
15766224	2416	1872	n
15766476	2416	1872	n
15766736	2417	1872	n
15766987	2417	1872	n
15767239	2416	1872	n
15767493	2416	1872	n
15777920	2417	1872	n
15778171	2416	1872	n
15778422	2416	1872	n
15778678	2416	1872	n
15778929	2416	1872	n
15779180	2417	1872	n
15789552	2417	1872	n
15789807	2417	1872	n
15790058	2417	1872	n
15790309	2416	1872	n
15790565	2417	1872	n
15790820	2416	1872	n
15791072	2416	1872	n
15801449	2416	1872	n
15801705	2417	1871	n
15801956	2417	1872	n
15802207	2417	1872	n
15802458	2417	1872	n
15802714	2419	1872	n
15813093	2416	1871	n
15813344	2417	1871	n
15813599	2416	1870	n
15813855	2416	1872	n
15814106	2417	1872	n
15814357	2417	1872	n
15824741	2417	1872	n
15824992	2417	1872	n
15825244	2416	1872	n
15825500	2416	1872	n
15825756	2416	1872	n
15826007	2417	1872	n
15836432	2417	1871	n
15836693	2416	1872	n
15836944	2416	1872	n
15837195	2417	1872	n
15837446	2416	1872	n
15837703	2416	1872	n
15848128	2416	1872	n
15848379	2416	1871	n
15848636	2416	1871	n
15848887	2416	1872	n
15849138	2416	1872	n
15849389	2416	1871	n
15859755	2416	1872	n
15860006	2416	1871	n
15860257	2416	1872	n
15860514	2416	1871	n
15860770	2418	1872	n
15861021	2416	1872	n
15861272	2416	1871	n
15871662	2416	1872	n
15871913	2416	1872	n
15872164	2416	1872	n
15872415	2416	1871	n
15872671	2417	1872	n
15872922	2416	1872	n
15883301	2416	1872	n
15883557	2416	1872	n
15883813	2416	1872	n
15884064	2416	1872	n
15884315	2416	1872	n
15884572	2417	1871	n
15894944	2416	1872	n
15895195	2416	1869	n
15895446	2416	1872	n
15895702	2416	1872	n
15895954	2416	1871	n
15896205	2416	1872	n
15906644	2416	1872	n
15906895	2418	1872	n
15907146	2416	1871	n
15907397	2417	1871	n
15907656	2416	1872	n
15907907	2416	1872	n
15918335	2417	1871	n
15918592	2416	1872	n
15918847	2417	1872	n
15919098	2417	1872	n
15919349	2416	1872	n
15919606	2416	1871	n
15930031	2417	1872	n
15930282	2417	1872	n
15930537	2416	1872	n
15930792	2417	1872	n
15931043	2418	1872	n
15931294	2417	1872	n
15931551	2416	1872	n
15941951	2416	1872	n
15942202	2416	1872	n
15942453	2416	1872	n
15942709	2417	1871	n
15942960	2416	1872	n
15943211	2417	1871	n
15953600	2416	1872	n
15953855	2416	1871	n
15954106	2417	1872	n
15954357	2418	1872	n
15954610	2417	1872	n
15954866	2417	1872	n
15965289	2417	1872	n
15965543	2417	1872	n
15965798	2417	1872	n
15966050	2416	1871	n
15966301	2417	1872	n
15966557	2417	1872	n
15976933	2417	1872	n
15977184	2416	1872	n
15977436	2417	1872	n
15977693	2417	1872	n
15977944	2417	1872	n
15978195	2417	1872	n
15988633	2417	1872	n
15989109	2416	1872	n
15989369	2416	1872	n
15989650	2416	1872	n
15989901	2416	1872	n
15990152	2416	1872	n
15990412	2416	1871	n
16000859	2416	1872	n
16001335	2418	1871	n
16001592	2417	1872	n
16001855	2417	1872	n
16002129	2416	1872	n
16002380	2416	1871	n
16012813	2417	1872	Time:00:00:00:00;;
16013517	2417	1871	n
16013795	2417	1872	n
16014046	2417	1872	n
16014305	2416	1872	n
16014583	2417	1872	n
16025009	2416	1872	n
16025489	2416	1872	n
16025753	2416	1872	n
16026026	2416	1871	n
16026278	2416	1872	n
16026534	2416	1872	n
16036895	2417	1871	n
16037403	2416	1870	n
16037660	2416	1871	n
16037911	2417	1872	n
16038162	2416	1872	n
16038444	2416	1871	n
16048832	2416	1872	n
16049309	2418	1872	n
16049565	2417	1873	n
16049852	2417	1870	n
16050103	2417	1872	n
16050354	2416	1872	n
16050609	2416	1872	n
16061062	2416	1872	Time:00:00:00:00;;
16061770	2416	1872	n
16062021	2417	1871	n
16062281	2416	1871	n
16062557	2417	1872	n
16072982	2416	1872	n
16073459	2416	1872	n
16073723	2416	1871	n
16073997	2417	1871	n
16074248	2416	1872	n
16074503	2416	1872	n
16084919	2416	1872	n
16085427	2416	1872	n
16085683	2416	1872	n
16085934	2416	1871	n
16086194	2417	1871	n
16086468	2418	1872	n
16086723	2416	1872	n
16097114	2417	1871	n
16097602	2416	1872	n
16097880	2416	1871	n
16098131	2416	1871	n
16098382	2416	1872	n
16098649	2416	1872	n
16109042	2417	1872	n
16109526	2417	1871	n
16109781	2416	1872	n
16110041	2418	1872	n
16110315	2416	1872	n
16110572	2416	1872	n
16120972	2417	1872	n
16121449	2416	1872	n
16121736	2416	1872	n
16121987	2416	1872	n
16122238	2416	1872	n
16122493	2416	1872	n
16122780	2416	1871	n
16133167	2416	1872	n
16133650	2417	1872	n
16133901	2416	1872	n
16134184	2416	1871	n
16134435	2416	1871	n
16134693	2417	1871	n
16145087	2418	1872	n
16145599	2417	1872	n
16145855	2416	1872	n
16146106	2417	1872	n
16146357	2417	1872	n
16146646	2416	1872	n
16157024	2417	1872	n
16157508	2416	1872	n
16157763	2416	1871	n
16158023	2416	1872	n
16158297	2418	1872	n
16158551	2416	1872	n
16158806	2416	1871	n
16169219	2416	1872	n
16169737	2417	1872	n
16169989	2417	1871	n
16170240	2416	1872	n
16170503	2416	1871	n
16170781	2416	1872	n
16181139	2417	1872	n
16181630	2419	1872	n
16181890	2417	1872	n
16182164	2417	1872	n
16182415	2416	1871	n
16182671	2417	1872	n
16193077	2416	1872	n
16193593	2416	1872	n
16193848	2417	1872	n
16194099	2418	1872	n
16194360	2417	1872	n
16194641	2416	1872	n
16194892	2416	1871	n
16205272	2416	1872	n
16205758	2416	1871	n
16206040	2416	1872	n
16206291	2416	1872	n
16206548	2416	1872	n
16206804	2416	1872	n
16217192	2416	1870	Time:00:00:00:00;;
16217779	2416	1872	n
16218030	2416	1872	n
16218281	2417	1872	n
16218538	2416	1871	n
16218793	2416	1872	n
16229163	2416	1872	n
16229414	2416	1871	n
16229670	2416	1872	n
16229921	2417	1872	n
16230172	2417	1872	n
16230423	2416	1873	n
16240807	2417	1872	n
16241058	2416	1872	n
16241309	2417	1872	n
16241565	2417	1872	n
16241820	2417	1872	n
16242072	2417	1872	n
16252506	2416	1872	n
16252761	2416	1871	n
16253012	2416	1872	n
16253263	2417	1872	n
16253521	2416	1872	n
16253775	2417	1872	n
16264198	2416	1872	n
16264449	2416	1872	n
16264705	2416	1871	n
16264956	2416	1872	n
16265207	2417	1872	n
16265458	2417	1871	n
16275842	2416	1872	n
16276093	2417	1872	n
16276344	2417	1872	n
16276600	2417	1871	n
16276855	2418	1872	n
16277106	2416	1872	n
16287521	2417	1872	n
16287775	2418	1872	n
16288027	2417	1872	n
16288278	2417	1873	n
16288534	2417	1872	n
16288789	2418	1872	n
16289040	2418	1872	n
16299457	2416	1871	n
16299713	2417	1871	n
16299964	2417	1872	n
16300215	2416	1872	n
16300466	2418	1872	n
16300721	2416	1872	n
16311101	2417	1871	n
16311352	2417	1871	n
16311606	2416	1872	n
16311862	2416	1872	n
16312113	2417	1872	n
16312364	2416	1871	n
16322796	2418	1872	n
16323047	2416	1872	n
16323299	2416	1872	n
16323554	2417	1872	n
16323809	2416	1872	n
16324060	2418	1872	n
16334496	2416	1871	n
16334752	2417	1871	n
16335003	2416	1872	n
16335254	2416	1872	n
16335508	2416	1872	n
16335763	2416	1872	n
16346188	2417	1872	n
16346439	2416	1871	n
16346700	2416	1871	n
16346951	2416	1872	n
16347202	2416	1872	n
16347453	2416	1872	n
16347709	2417	1872	n
16358107	2417	1872	n
16358358	2416	1872	n
16358612	2417	1872	n
16358867	2419	1872	n
16359118	2416	1872	n
16359370	2416	1872	n
16369755	2417	1872	n
16370007	2417	1872	n
16370258	2417	1872	n
16370515	2417	1872	n
16370770	2417	1872	n
16371022	2416	1870	n
16381446	2416	1872	n
16381703	2416	1871	n
16381954	2416	1870	n
16382205	2416	1871	n
16382456	2416	1872	n
16382712	2417	1872	n
16393089	2416	1872	n
16393340	2416	1872	n
16393594	2416	1872	n
16393849	2416	1872	n
16394100	2416	1872	n
16394351	2416	1871	n
16404785	2416	1872	n
16405036	2416	1872	n
16405287	2417	1871	n
16405540	2417	1872	n
16405795	2417	1872	n
16406046	2417	1872	n
16416464	2419	1872	n
16416719	2416	1872	n
16416971	2416	1872	n
16417222	2416	1872	n
16417473	2417	1872	n
16417729	2416	1872	n
16417980	2417	1872	n
16428401	2416	1871	n
16428659	2416	1871	n
16428910	2416	1872	n
16429161	2416	1872	n
16429412	2417	1871	n
16429668	2416	1871	n
16440044	2416	1872	n
16440295	2417	1872	n
16440551	2416	1872	n
16440807	2416	1872	n
16441058	2416	1872	n
16441309	2416	1871	n
16451742	2416	1872	n
16451993	2418	1872	n
16452244	2416	1871	n
16452500	2417	1872	n
16452755	2416	1871	n
16453007	2416	1872	n
16463366	2416	1872	n
16463628	2418	1872	n
16463879	2416	1871	n
16464130	2418	1872	n
16464381	2416	1872	n
16464641	2416	1872	n
16475079	2416	1872	n
16475330	2417	1872	n
16475585	2416	1871	n
16475840	2416	1871	n
16476091	2417	1872	n
16476342	2418	1872	n
16486758	2416	1872	n
16487009	2416	1872	n
16487260	2416	1872	n
16487516	2417	1871	n
16487772	2417	1872	n
16488023	2416	1872	n
16488274	2416	1872	n
16498698	2417	1872	n
16498949	2417	1872	n
16499200	2416	1872	n
16499452	2416	1872	n
16499706	2416	1872	n
16499958	2416	1872	n
16510338	2417	1872	n
16510591	2416	1870	n
16510847	2416	1872	n
16511098	2416	1872	n
16511349	2417	1871	n
16511606	2416	1871	n
16522033	2416	1871	n
16522284	2416	1871	n
16522540	2417	1872	n
16522795	2416	1872	n
16523046	2416	1871	n
16523298	2416	1871	n
16533729	2416	1872	n
16533980	2416	1871	n
16534231	2418	1872	n
16534484	2417	1872	n
16534739	2416	1872	n
16534990	2416	1872	n
16545356	2416	1872	n
16545609	2417	1872	n
16545864	2417	1872	n
16546116	2416	1871	n
16546367	2417	1871	n
16546628	2416	1872	n
16546879	2416	1872	n
16557258	2416	1871	n
16557514	2416	1872	n
16557770	2416	1872	n
16558021	2417	1872	n
16558272	2416	1872	n
16558525	2417	1872	n
16568902	2417	1872	n
16569153	2416	1871	n
16569404	2417	1871	n
16569661	2417	1872	n
16569912	2417	1872	n
16570163	2416	1872	n
16580551	2417	1872	n
16580807	2416	1872	n
16581058	2416	1872	n
16581309	2416	1872	n
16581565	2417	1872	n
16581821	2416	1872	n
16592241	2417	1872	n
16592496	2416	1872	n
16592751	2417	1872	n
16593002	2417	1871	n
16593253	2416	1871	n
16593507	2417	1872	n
16603937	2417	1872	n
16604188	2416	1872	n
16604439	2416	1872	n
16604700	2417	1871	n
16604951	2416	1872	n
16605203	2417	1871	n
16615563	2418	1872	n
16615818	2417	1871	n
16616069	2416	1872	n
16616321	2416	1872	n
16616575	2416	1871	n
16616830	2416	1871	n
16617081	2416	1870	n
16627466	2418	1872	n
16627721	2416	1872	n
16627972	2416	1872	n
16628224	2416	1871	n
16628475	2417	1871	n
16628731	2416	1872	n
16639109	2416	1872	n
16639360	2416	1872	n
16639617	2416	1872	n
16639872	2417	1872	n
16640124	2417	1871	n
16640375	2416	1871	n
16650757	2416	1871	n
16651008	2416	1872	n
16651260	2416	1872	n
16651517	2416	1870	n
16651772	2416	1871	n
16652024	2416	1870	n
16662448	2416	1872	n
16662704	2416	1871	n
16662955	2418	1872	n
16663206	2416	1872	n
16663458	2417	1872	n
16663713	2416	1871	n
16674144	2417	1872	n
16674395	2417	1872	n
16674654	2417	1870	n
16674905	2417	1872	n
16675156	2416	1872	n
16675407	2417	1871	n
16685771	2417	1871	n
16686022	2416	1871	n
16686273	2416	1872	n
16686526	2417	1868	n
16686781	2416	1872	n
16687032	2416	1871	n
16687283	2415	1870	n
16697678	2416	1871	n
16697929	2417	1870	n
16698180	2416	1872	n
16698431	2416	1872	n
16698688	2416	1872	n
16698939	2416	1871	n
16709317	2417	1872	n
16709572	2416	1872	n
16709827	2416	1871	n
16710079	2417	1871	n
16710330	2418	1872	n
16710585	2416	1872	n
16720961	2416	1872	n
16721212	2417	1872	n
16721463	2418	1871	n
16721719	2418	1872	n
16721970	2418	1872	n
16722221	2417	1872	n
16732661	2417	1871	n
16732912	2416	1871	n
16733163	2416	1871	n
16733414	2416	1872	n
16733670	2416	1871	n
16733921	2415	1871	n
16744352	2416	1872	n
16744607	2416	1872	n
16744862	2416	1871	n
16745113	2418	1872	n
16745364	2416	1872	n
16745623	2417	1872	n
16756048	2418	1872	n
16756299	2418	1872	n
16756554	2418	1872	n
16756809	2418	1872	n
16757060	2417	1872	n
16757311	2418	1872	n
16757568	2416	1872	n
16767967	2417	1872	n
16768218	2419	1872	n
16768469	2419	1872	n
16768725	2416	1872	n
16768976	2417	1872	n
16769227	2418	1871	n
16779613	2416	1871	n
16779868	2416	1871	n
16780119	2417	1872	n
16780370	2417	1872	n
16780630	2417	1872	n
16780882	2418	1872	n
16791306	2417	1872	n
16791560	2417	1872	n
16791815	2416	1872	n
16792066	2417	1872	n
16792318	2416	1872	n
16792575	2417	1871	n
16802949	2417	1872	n
16803200	2417	1872	n
16803452	2416	1872	n
16803707	2417	1872	n
16803958	2417	1872	n
16804209	2417	1872	n
16814649	2419	1872	n
16814901	2416	1872	n
16815152	2418	1872	n
16815403	2416	1872	n
16815660	2417	1872	n
16815911	2418	1872	n
16826324	2417	1872	n
16826577	2417	1872	n
16826833	2416	1872	n
16827084	2416	1871	n
16827335	2417	1871	n
16827592	2416	1872	n
16827847	2416	1871	n
16838261	2418	1872	n
16838517	2416	1872	n
16838772	2416	1871	n
16839024	2416	1871	n
16839275	2416	1872	n
16839531	2416	1872	n
16849904	2417	1872	n
16850155	2417	1872	n
16850406	2416	1871	n
16850662	2418	1872	n
16850913	2416	1872	n
16851164	2418	1871	n
16861604	2417	1872	n
16861859	2417	1872	n
16862110	2417	1872	n
16862361	2416	1872	n
16862617	2419	1872	n
16862872	2417	1871	n
16873295	2417	1872	n
16873551	2417	1872	n
16873806	2416	1872	n
16874057	2416	1872	n
16874309	2417	1870	n
16874566	2416	1871	n
16884939	2417	1872	n
16885190	2416	1872	n
16885441	2415	1872	n
16885700	2416	1871	n
16885951	2416	1871	n
16886202	2416	1872	n
16896618	2416	1872	n
16896873	2417	1872	n
16897124	2417	1872	n
16897375	2417	1873	n
16897633	2417	1872	n
16897884	2417	1872	n
16898135	2417	1872	n
16908557	2416	1872	n
16908812	2417	1872	n
16909063	2417	1871	n
16909314	2417	1870	n
16909568	2415	1869	n
16909823	2416	1872	n
16920198	2419	1872	n
16920449	2416	1872	n
16920705	2418	1872	n
16920956	2417	1871	n
16921207	2417	1871	n
16921458	2416	1872	n
16931893	2417	1872	n
16932145	2416	1872	n
16932396	2417	1872	n
16932655	2416	1871	n
16932906	2417	1872	n
16933157	2416	1871	n
16943589	2416	1872	n
16943844	2416	1872	n
16944095	2416	1872	n
16944347	2417	1871	n
16944602	2418	1872	n
16944858	2416	1872	n
16955216	2416	1871	n
16955467	2416	1871	n
16955723	2416	1872	n
16955974	2416	1872	n
16956225	2416	1871	n
16956476	2417	1871	n
16956737	2416	1872	n
16967118	2416	1872	n
16967369	2416	1872	n
16967631	2417	1872	n
16967882	2418	1872	n
16968133	2417	1872	n
16968384	2417	1872	n
16978766	2416	1872	n
16979017	2416	1872	n
16979269	2416	1872	n
16979523	2420	1872	n
16979779	2419	1872	n
16980038	2419	1872	n
16990475	2417	1872	n
16990957	2417	1872	n
16991208	2417	1872	n
16991468	2418	1872	n
16991745	2418	1872	n
16991996	2416	1872	n
17002412	2416	1870	n
17002902	2416	1872	n
17003175	2416	1872	n
17003426	2416	1872	n
17003682	2416	1871	n
17003942	2416	1872	Time:00:00:00:00;;
17014577	2417	1872	n
17015058	2417	1871	n
17015318	2417	1872	n
17015594	2417	1872	n
17015849	2416	1872	n
17016100	2416	1872	n
17026496	2417	1872	n
17027008	2416	1872	n
17027259	2417	1872	n
17027514	2416	1871	n
17027769	2417	1872	n
17028052	2419	1872	n
17038413	2416	1872	n
17038893	2416	1872	n
17039144	2416	1872	n
17039404	2416	1871	n
17039683	2417	1872	n
17039934	2418	1872	n
17040185	2418	1872	n
17050610	2416	1872	n
17051124	2416	1872	n
17051375	2416	1870	n
17051632	2416	1871	n
17051892	2416	1871	n
17052165	2416	1872	n
17062551	2418	1870	Time:00:00:00:00;;
17063256	2417	1871	n
17063533	2416	1871	n
17063789	2416	1872	n
17064040	2417	1872	n
17064300	2417	1872	n
17074771	2418	1872	n
17075248	2418	1872	n
17075503	2418	1872	n
17075767	2417	1871	n
17076041	2416	1872	n
17076292	2416	1872	n
17086717	2416	1871	n
17087202	2416	1871	n
17087476	2417	1872	n
17087737	2416	1871	n
17087988	2416	1870	n
17088248	2417	1872	n
17098642	2416	1872	n
17099119	2416	1871	n
17099370	2416	1872	n
17099637	2416	1872	n
17099910	2416	1872	n
17100162	2416	1871	n
17100413	2416	1870	n
17110811	2417	1872	n
17111324	2416	1871	n
17111577	2417	1872	n
17111833	2417	1872	n
17112084	2416	1872	n
17112366	2417	1872	n
17122764	2417	1872	n
17123242	2417	1872	n
17123496	2418	1872	n
17123782	2417	1872	n
17124033	2418	1872	n
17124284	2417	1872	n
17134685	2416	1871	n
17135170	2417	1872	n
17135444	2416	1872	n
17135701	2418	1872	n
17135952	2418	1872	n
17136212	2417	1872	n
17136489	2416	1872	n
17146863	2416	1872	n
17147340	2417	1872	n
17147603	2416	1872	n
17147880	2416	1871	n
17148132	2417	1871	n
17148383	2418	1870	n
17158817	2418	1872	n
17159331	2416	1872	n
17159585	2416	1872	n
17159841	2416	1872	n
17160101	2416	1872	n
17160374	2417	1872	n
17170738	2416	1872	n
17171217	2416	1871	n
17171477	2416	1872	n
17171758	2418	1872	n
17172009	2418	1871	n
17172260	2417	1872	n
17172526	2417	1872	n
17182925	2416	1871	n
17183401	2416	1872	n
17183659	2416	1872	n
17183911	2417	1872	n
17184192	2416	1872	n
17184444	2416	1870	n
17194869	2417	1872	n
17195353	2416	1872	n
17195641	2417	1871	n
17195892	2416	1872	n
17196143	2417	1872	n
17196395	2417	1871	n
17206790	2418	1872	n
17207276	2418	1872	n
17207531	2416	1872	n
17207787	2417	1873	n
17208047	2416	1872	n
17208320	2417	1872	n
17208575	2418	1872	n
17218968	2418	1872	Time:00:00:00:00;;
17219551	2416	1872	n
17219806	2417	1872	n
17220057	2416	1871	n
17220308	2416	1872	n
17230717	2418	1872	n
17230968	2416	1872	n
17231219	2417	1871	n
17231470	2417	1871	n
17231726	2416	1872	n
17231977	2417	1872	n
17242342	2416	1872	n
17242595	2416	1872	n
17242850	2416	1872	n
17243101	2416	1872	n
17243352	2418	1872	n
17243610	2418	1872	n
17243865	2416	1872	n
17254244	2416	1872	n
17254500	2416	1872	n
17254755	2418	1872	n
17255006	2417	1872	n
17255258	2418	1872	n
17255515	2418	1872	n
17265888	2416	1870	n
17266139	2417	1871	n
17266390	2416	1872	n
17266650	2416	1872	n
17266901	2416	1871	n
17267153	2416	1872	n
17277538	2416	1871	n
17277793	2416	1872	n
17278044	2416	1872	n
17278295	2416	1872	n
17278551	2416	1872	n
17278806	2417	1872	n
17289227	2418	1872	n
17289479	2416	1872	n
17289736	2417	1872	n
17289987	2416	1872	n
17290238	2417	1872	n
17290493	2418	1872	n
17300923	2416	1872	n
17301174	2416	1872	n
17301425	2416	1872	n
17301681	2417	1872	n
17301932	2417	1872	n
17302183	2417	1872	n
17312554	2417	1872	n
17312809	2416	1871	n
17313060	2416	1872	n
17313311	2417	1871	n
17313568	2416	1872	n
17313823	2417	1872	n
17314074	2417	1872	n
17324452	2417	1872	n
17324707	2417	1871	n
17324958	2419	1872	n
17325209	2417	1872	n
17325460	2419	1872	n
17325716	2417	1872	n
17336096	2417	1872	n
17336347	2417	1872	n
17336602	2417	1872	n
17336858	2417	1871	n
17337109	2418	1872	n
17337360	2416	1872	n
17347743	2418	1871	n
17347994	2418	1872	n
17348245	2418	1872	n
17348500	2417	1872	n
17348756	2416	1871	n
17349007	2416	1872	n
17359434	2417	1872	n
17359693	2416	1872	n
17359944	2417	1872	n
17360195	2418	1872	n
17360446	2416	1872	n
17360702	2417	1872	n
17371130	2417	1872	n
17371381	2416	1872	n
17371641	2416	1872	n
17371892	2417	1872	n
17372143	2416	1872	n
17372394	2418	1872	n
17382757	2416	1872	n
17383008	2416	1872	n
17383259	2418	1872	n
17383514	2418	1872	n
17383770	2417	1872	n
17384021	2419	1871	n
17384272	2418	1872	n
17394664	2416	1872	n
17394915	2419	1871	n
17395166	2416	1870	n
17395417	2417	1871	n
17395672	2416	1872	n
17395923	2416	1871	n
17406303	2416	1872	n
17406557	2416	1872	n
17406812	2416	1872	n
17407063	2416	1872	n
17407315	2418	1872	n
17407572	2417	1870	n
17417947	2416	1871	n
17418198	2416	1871	n
17418449	2416	1872	n
17418705	2416	1871	n
17418956	2416	1871	n
17419207	2416	1871	n
17429647	2416	1872	n
17429898	2417	1872	n
17430149	2417	1871	n
17430400	2416	1871	n
17430659	2416	1872	n
17430910	2416	1872	n
17441338	2416	1872	n
17441591	2416	1872	n
17441847	2416	1871	n
17442098	2416	1871	n
17442349	2416	1872	n
17442603	2416	1871	n
17452965	2417	1872	n
17453216	2416	1871	n
17453467	2418	1872	n
17453723	2416	1871	n
17453974	2417	1872	n
17454225	2416	1872	n
17454476	2416	1872	n
17464867	2416	1872	n
17465118	2416	1872	n
17465369	2416	1871	n
17465631	2417	1872	n
17465882	2416	1872	n
17466133	2417	1871	n
17476517	2416	1872	n
17476772	2419	1872	n
17477024	2417	1871	n
17477275	2416	1871	n
17477532	2416	1872	n
17477787	2417	1871	n
17488154	2416	1872	n
17488405	2416	1871	n
17488662	2417	1871	n
17488913	2416	1870	n
17489164	2416	1872	n
17489415	2416	1871	n
17499849	2416	1871	n
17500100	2416	1872	n
17500352	2416	1872	n
17500606	2416	1871	n
17500861	2416	1871	n
17501112	2416	1871	n
17511551	2416	1872	n
17511806	2416	1872	n
17512057	2417	1872	n
17512308	2416	1872	n
17512566	2416	1872	n
17512821	2417	1871	n
17523241	2416	1872	n
17523496	2417	1872	n
17523751	2416	1872	n
17524002	2416	1872	n
17524254	2418	1872	n
17524507	2417	1872	n
17524762	2416	1872	n
17535161	2417	1872	n
17535412	2416	1871	n
17535667	2417	1872	n
17535919	2416	1872	n
17536170	2416	1872	n
17536421	2416	1872	n
17546804	2416	1872	n
17547055	2417	1872	n
17547306	2416	1871	n
17547559	2416	1871	n
17547815	2416	1872	n
17548066	2416	1871	n
17558431	2416	1872	n
17558687	2416	1872	n
17558938	2416	1872	n
17559189	2416	1871	n
17559440	2415	1871	n
17559701	2416	1872	n
17570057	2416	1872	n
17570309	2416	1871	n
17570566	2416	1870	n
17570821	2416	1872	n
17571072	2416	1871	n
17571323	2416	1872	n
17581753	2417	1872	n
17582004	2416	1871	n
17582255	2416	1872	n
17582509	2416	1872	n
17582765	2416	1872	n
17583016	2416	1871	n
17593380	2416	1872	n
17593641	2416	1872	n
17593892	2416	1871	n
17594143	2416	1872	n
17594394	2416	1872	n
17594654	2416	1870	n
17594905	2417	1871	n
17605282	2416	1872	n
17605537	2417	1872	n
17605793	2416	1872	n
17606044	2416	1872	n
17606295	2418	1872	n
17606551	2417	1871	n
17616926	2416	1871	n
17617177	2416	1871	n
17617428	2416	1871	n
17617684	2416	1871	n
17617935	2416	1870	n
17618187	2416	1872	n
17628575	2416	1872	n
17628830	2416	1871	n
17629081	2416	1872	n
17629332	2416	1872	n
17629589	2416	1871	n
17629845	2416	1871	n
17640264	2416	1871	n
17640520	2416	1872	n
17640775	2416	1871	n
17641027	2416	1871	n
17641278	2416	1871	n
17641534	2416	1872	n
17651960	2416	1872	n
17652211	2416	1872	n
17652462	2416	1872	n
17652717	2416	1872	n
17652969	2416	1872	n
17653220	2416	1871	n
17663587	2417	1872	n
17663842	2416	1872	n
17664093	2416	1872	n
17664344	2416	1871	n
17664600	2416	1871	n
17664855	2417	1871	n
17665106	2416	1871	n
17675493	2416	1871	n
17675749	2416	1872	n
17676000	2416	1871	n
17676251	2416	1870	n
17676506	2416	1871	n
17676761	2416	1872	n
17687133	2416	1872	n
17687384	2416	1871	n
17687641	2416	1872	n
17687892	2416	1872	n
17688143	2416	1872	n
17688395	2416	1871	n
17698779	2416	1871	n
17699030	2417	1872	n
17699281	2416	1872	n
17699537	2416	1871	n
17699792	2417	1872	n
17700043	2417	1871	n
17710472	2416	1871	n
17710729	2416	1871	n
17710980	2416	1872	n
17711231	2416	1872	n
17711484	2416	1871	n
17711739	2416	1869	n
17722168	2416	1871	n
17722419	2417	1872	n
17722675	2416	1871	n
17722926	2416	1871	n
17723177	2417	1872	n
17723428	2416	1871	n
17733795	2416	1872	n
17734046	2417	1872	n
17734297	2416	1872	n
17734554	2417	1872	n
17734809	2416	1872	n
17735061	2416	1872	n
17735312	2418	1872	n
17745702	2416	1872	n
17745953	2416	1872	n
17746204	2416	1872	n
17746455	2416	1872	n
17746711	2416	1872	n
17746962	2416	1872	n
17757341	2416	1872	n
17757595	2416	1871	n
17757850	2416	1871	n
17758101	2416	1871	n
17758352	2416	1872	n
17758609	2416	1871	n
17768984	2416	1871	n
17769235	2417	1871	n
17769489	2416	1870	n
17769744	2416	1871	n
17769995	2416	1871	n
17770246	2415	1871	n
17780684	2417	1872	n
17780935	2416	1872	n
17781186	2416	1871	n
17781438	2416	1871	n
17781695	2417	1871	n
17781946	2416	1871	n
17792375	2417	1871	n
17792631	2416	1870	n
17792883	2415	1870	n
17793134	2417	1871	n
17793385	2416	1871	n
17793646	2416	1871	n
17804071	2416	1869	n
17804322	2416	1871	n
17804575	2416	1872	n
17804830	2416	1871	n
17805081	2416	1872	n
17805333	2417	1872	n
17805589	2416	1871	n
17815991	2416	1872	n
17816242	2416	1872	n
17816496	2416	1871	n
17816752	2416	1871	n
17817003	2416	1872	n
17817254	2416	1872	n
17827642	2416	1872	n
17827893	2417	1872	n
17828145	2416	1872	n
17828396	2417	1872	n
17828655	2416	1872	n
17828906	2416	1872	n
17839329	2416	1870	n
17839586	2416	1872	n
17839841	2416	1872	n
17840092	2416	1872	n
17840343	2416	1872	n
17840600	2417	1872	n
17850973	2416	1872	n
17851224	2416	1871	n
17851476	2416	1872	n
17851736	2416	1871	n
17851987	2416	1871	n
17852238	2416	1871	n
17862673	2416	1872	n
17862924	2416	1872	n
17863175	2416	1871	n
17863426	2417	1872	n
17863682	2416	1872	n
17863933	2416	1871	n
17874348	2416	1871	n
17874602	2416	1872	n
17874857	2418	1872	n
17875108	2416	1872	n
17875360	2416	1872	n
17875612	2417	1872	n
17875868	2416	1872	n
17886284	2416	1871	n
17886540	2416	1871	n
17886795	2416	1872	n
17887047	2416	1872	n
17887298	2416	1870	n
17887555	2416	1872	n
17897928	2416	1871	n
17898179	2417	1871	n
17898430	2416	1871	n
17898687	2416	1870	n
17898938	2416	1872	n
17899189	2416	1871	n
17909628	2416	1872	n
17909879	2416	1870	n
17910130	2416	1872	n
17910381	2417	1872	n
17910641	2416	1872	n
17910892	2416	1872	n
17921250	2416	1872	n
17921506	2416	1872	n
17921761	2417	1872	n
17922012	2416	1871	n
17922263	2416	1872	n
17922520	2416	1870	n
17932963	2416	1872	n
17933214	2416	1872	n
17933465	2417	1871	n
17933721	2416	1872	n
17933972	2416	1871	n
17934223	2417	1872	n
17944646	2416	1871	n
17944897	2416	1872	n
17945148	2417	1872	n
17945399	2416	1871	n
17945660	2416	1872	n
17945911	2416	1872	n
17946162	2416	1872	n
17956582	2416	1872	n
17956838	2417	1872	n
17957089	2417	1872	n
17957340	2416	1872	n
17957593	2417	1872	n
17957848	2418	1872	n
17968222	2416	1869	n
17968473	2416	1870	n
17968729	2416	1872	n
17968980	2415	1871	n
17969232	2416	1871	n
17969484	2416	1870	n
17979917	2417	1871	n
17980222	2416	1871	n
17980473	2416	1871	n
17980731	2416	1871	n
17980990	2416	1872	n
17981264	2416	1870	n
17991703	2417	1871	n
17992179	2417	1872	n
17992439	2416	1872	n
17992722	2416	1872	n
17992974	2417	1871	n
17993225	2416	1872	n
17993489	2416	1871	n
18003938	2417	1872	Time:00:00:00:00;;
18004635	2416	1872	n
18004886	2418	1872	n
18005168	2416	1872	n
18005420	2416	1872	n
18015849	2416	1870	n
18016326	2416	1872	n
18016610	2416	1871	n
18016865	2416	1870	n
18017116	2416	1871	n
18017367	2416	1871	n
18017657	2416	1872	n
18028079	2416	1872	n
18028557	2417	1872	n
18028812	2416	1871	n
18029094	2416	1871	n
18029346	2417	1871	n
18029603	2416	1872	n
18039965	2416	1872	n
18040450	2416	1871	n
18040729	2416	1872	n
18040980	2416	1871	n
18041231	2416	1871	n
18041496	2416	1871	n
18051902	2417	1871	n
18052381	2416	1870	n
18052641	2418	1872	n
18052901	2416	1872	n
18053174	2416	1871	n
18053425	2416	1872	n
18053681	2416	1872	n
18064046	2417	1872	Time:00:00:00:00;;
18064779	2417	1872	n
18065031	2416	1872	n
18065282	2416	1872	n
18065568	2416	1872	n
18075982	2416	1872	n
18076460	2417	1872	n
18076716	2416	1871	n
18076998	2416	1871	n
18077249	2416	1871	n
18077506	2416	1872	n
18087903	2417	1872	n
18088410	2416	1872	n
18088666	2418	1872	n
18088917	2417	1872	n
18089169	2416	1872	n
18089451	2416	1872	n
18089706	2416	1872	n
18100098	2416	1872	n
18100578	2416	1872	n
18100842	2416	1872	n
18101116	2416	1872	n
18101367	2418	1872	n
18101628	2416	1870	n
18112035	2417	1871	n
18112555	2416	1872	n
18112810	2416	1871	n
18113061	2416	1872	n
18113321	2416	1872	n
18113600	2416	1872	n
18124042	2416	1872	n
18124523	2416	1871	n
18124787	2416	1872	n
18125061	2416	1872	n
18125312	2417	1872	n
18125568	2416	1872	n
18125832	2417	1872	n
18136243	2416	1871	n
18136727	2417	1872	n
18136978	2417	1872	n
18137238	2416	1871	n
18137517	2416	1872	n
18137773	2417	1871	n
18148157	2418	1872	n
18148649	2417	1871	n
18148923	2417	1872	n
18149174	2416	1872	n
18149426	2416	1872	n
18149688	2416	1871	n
18160094	2416	1872	n
18160577	2416	1872	n
18160833	2416	1872	n
18161092	2416	1872	n
18161367	2416	1872	n
18161628	2416	1871	n
18161879	2415	1872	n
18172289	2419	1872	n
18172810	2417	1872	n
18173061	2417	1872	n
18173313	2416	1872	n
18173577	2416	1872	n
18173855	2417	1872	n
18184295	2418	1872	n
18184783	2417	1872	n
18185043	2417	1872	n
18185317	2417	1872	n
18185572	2416	1871	n
18185827	2417	1872	n
18186087	2417	1872	n
18196541	2416	1872	n
18197026	2416	1872	n
18197277	2416	1871	n
18197543	2416	1871	n
18197820	2416	1870	n
18198071	2417	1872	n
18208480	2417	1871	n
18208973	2416	1871	n
18209246	2417	1872	n
18209503	2416	1872	n
18209758	2416	1872	n
18210018	2416	1871	n
18220434	2416	1872	Time:00:00:00:00;;
18220953	2416	1872	n
18221204	2416	1872	n
18221455	2416	1872	n
18221710	2416	1871	n
18221962	2416	1872	n
18232319	2416	1872	n
18232574	2416	1871	n
18232830	2416	1872	n
18233081	2416	1872	n
18233332	2416	1870	n
18233589	2416	1871	n
18243963	2416	1872	n
18244214	2416	1872	n
18244465	2417	1871	n
18244721	2416	1871	n
18244972	2416	1872	n
18245223	2416	1872	n
18255663	2417	1872	n
18255914	2417	1872	n
18256165	2417	1872	n
18256416	2416	1871	n
18256672	2416	1872	n
18256923	2416	1871	n
18267354	2416	1872	n
18267609	2417	1872	n
18267864	2417	1871	n
18268116	2416	1871	n
18268367	2416	1872	n
18268628	2416	1872	n
18279050	2416	1872	n
18279301	2416	1871	n
18279557	2416	1871	n
18279813	2416	1871	n
18280064	2417	1871	n
18280315	2416	1872	n
18280572	2416	1872	n
18290969	2416	1872	n
18291220	2416	1871	n
18291471	2416	1871	n
18291727	2417	1872	n
18291978	2416	1871	n
18292230	2416	1872	n
18302617	2416	1872	n
18302872	2417	1872	n
18303123	2417	1872	n
18303374	2416	1872	n
18303632	2417	1872	n
18303883	2416	1872	n
18314240	2418	1872	n
18314496	2418	1872	n
18314751	2417	1872	n
18315002	2417	1872	n
18315254	2418	1872	n
18315507	2416	1872	n
18325952	2417	1872	n
18326203	2417	1872	n
18326455	2418	1872	n
18326710	2418	1872	n
18326961	2417	1872	n
18327213	2417	1871	n
18337652	2417	1872	n
18337903	2417	1871	n
18338155	2418	1872	n
18338406	2418	1872	n
18338662	2417	1872	n
18338913	2416	1872	n
18349327	2416	1872	n
18349582	2417	1872	n
18349838	2417	1872	n
18350089	2418	1873	n
18350340	2417	1872	n
18350594	2418	1872	n
18350849	2417	1872	n
18361263	2416	1872	n
18361520	2417	1872	n
18361776	2416	1871	n
18362027	2416	1872	n
18362278	2416	1872	n
18362534	2416	1871	n
18372907	2417	1872	n
18373158	2417	1872	n
18373409	2418	1871	n
18373665	2417	1872	n
18373916	2417	1872	n
18374167	2417	1872	n
18384605	2416	1871	n
18384860	2416	1872	n
18385111	2416	1871	n
18385362	2417	1872	n
18385618	2416	1872	n
18385873	2416	1872	n
18396298	2417	1872	n
18396555	2418	1872	n
18396810	2418	1872	n
18397061	2417	1872	n
18397312	2416	1872	n
18397568	2416	1872	n
18407942	2416	1872	n
18408193	2416	1872	n
18408444	2416	1872	n
18408701	2417	1872	n
18408952	2418	1872	n
18409203	2417	1872	n
18419623	2416	1872	n
18419875	2417	1872	n
18420126	2417	1871	n
18420377	2416	1872	n
18420634	2416	1872	n
18420885	2416	1872	n
18421136	2417	1872	n
18431559	2417	1872	n
18431815	2417	1872	n
18432066	2417	1872	n
18432317	2416	1872	n
18432572	2418	1872	n
18432827	2418	1872	n
18443201	2418	1872	n
18443452	2416	1872	n
18443707	2418	1872	n
18443958	2417	1872	n
18444209	2416	1872	n
18444461	2422	1872	n
18454896	2417	1872	n
18455148	2416	1872	n
18455399	2416	1872	n
18455659	2417	1872	n
18455910	2416	1872	n
18456162	2417	1871	n
18466592	2417	1872	n
18466847	2417	1872	n
18467098	2419	1872	n
18467350	2417	1872	n
18467607	2417	1872	n
18467862	2416	1872	n
18478218	2416	1872	n
18478469	2417	1872	n
18478724	2416	1872	n
18478976	2417	1872	n
18479227	2416	1872	n
18479478	2416	1871	n
18479736	2416	1872	n
18490121	2417	1871	n
18490372	2417	1872	n
18490630	2417	1871	n
18490881	2416	1872	n
18491132	2417	1872	n
18491383	2416	1872	n
18501768	2417	1872	n
18502019	2416	1872	n
18502271	2416	1871	n
18502524	2417	1872	n
18502779	2417	1872	n
18503030	2416	1872	n
18513408	2416	1871	n
18513664	2417	1872	n
18513915	2417	1872	n
18514166	2418	1872	n
18514417	2416	1872	n
18514673	2418	1872	n
18525103	2417	1872	n
18525355	2416	1872	n
18525609	2418	1872	n
18525864	2417	1872	n
18526115	2417	1872	n
18526366	2416	1872	n
18536799	2416	1872	n
18537050	2418	1872	n
18537301	2417	1873	n
18537557	2418	1872	n
18537812	2416	1872	n
18538063	2416	1872	n
18548426	2416	1872	n
18548682	2416	1872	n
18548933	2416	1869	n
18549184	2417	1871	n
18549435	2416	1871	n
18549693	2416	1872	n
18549944	2416	1871	n
18560328	2417	1872	n
18560585	2417	1871	n
18560840	2416	1872	n
18561092	2416	1872	n
18561343	2416	1872	n
18561600	2417	1871	n
18571972	2417	1872	n
18572223	2418	1872	n
18572474	2416	1872	n
18572731	2416	1872	n
18572982	2418	1872	n
18573233	2417	1872	n
18583622	2417	1872	n
18583873	2418	1872	n
18584125	2416	1871	n
18584376	2417	1872	n
18584633	2416	1871	n
18584884	2416	1872	n
18595311	2416	1871	n
18595568	2416	1872	n
18595823	2418	1870	n
18596074	2416	1872	n
18596325	2417	1871	n
18596578	2416	1871	n
18607007	2416	1872	n
18607258	2417	1872	n
18607514	2417	1872	n
18607769	2416	1872	n
18608021	2418	1872	n
18608272	2416	1872	n
18618637	2418	1872	n
18618888	2417	1872	n
18619140	2418	1872	n
18619391	2416	1872	n
18619651	2416	1872	n
18619902	2417	1872	n
18620153	2416	1872	n
18630540	2416	1872	n
18630795	2416	1871	n
18631046	2416	1872	n
18631297	2416	1871	n
18631554	2416	1871	n
18631810	2416	1872	n
18642179	2416	1872	n
18642430	2416	1871	n
18642687	2417	1872	n
18642938	2416	1872	n
18643189	2416	1872	n
18643440	2416	1871	n
18653823	2416	1872	n
18654074	2417	1872	n
18654325	2416	1872	n
18654578	2416	1872	n
18654833	2416	1872	n
18655084	2416	1871	n
18665523	2418	1872	n
18665779	2416	1872	n
18666030	2417	1872	n
18666281	2417	1872	n
18666537	2417	1872	n
18666793	2416	1872	n
18677214	2416	1872	n
18677465	2417	1872	n
18677721	2416	1872	n
18677972	2416	1872	n
18678223	2417	1871	n
18678474	2416	1872	n
18688841	2416	1871	n
18689092	2416	1872	n
18689343	2416	1872	n
18689600	2416	1871	n
18689855	2416	1871	n
18690106	2416	1872	n
18690358	2416	1871	n
18700748	2417	1872	n
18700999	2416	1872	n
18701250	2416	1871	n
18701506	2416	1872	n
18701762	2416	1871	n
18702013	2416	1871	n
18712387	2416	1872	n
18712646	2418	1872	n
18712897	2417	1872	n
18713149	2417	1872	n
18713400	2417	1872	n
18713659	2416	1872	n
18724031	2417	1872	n
18724282	2417	1872	n
18724537	2416	1872	n
18724792	2416	1872	n
18725043	2416	1872	n
18725294	2416	1872	n
18735731	2416	1872	n
18735982	2419	1872	n
18736233	2417	1871	n
18736489	2418	1872	n
18736744	2417	1872	n
18736995	2416	1872	n
18747422	2416	1872	n
18747678	2417	1872	n
18747929	2417	1871	n
18748180	2416	1871	n
18748431	2416	1872	n
18748688	2416	1872	n
18759048	2417	1872	n
18759299	2417	1872	n
18759554	2416	1872	n
18759809	2416	1872	n
18760060	2416	1872	n
18760311	2416	1872	n
18760568	2417	1871	n
18770951	2417	1872	n
18771202	2416	1872	n
18771453	2416	1872	n
18771709	2416	1871	n
18771960	2417	1872	n
18772211	2416	1872	n
18782600	2416	1872	n
18782855	2416	1872	n
18783106	2416	1871	n
18783357	2417	1871	n
18783611	2416	1871	n
18783866	2416	1871	n
18794238	2417	1872	n
18794493	2418	1872	n
18794748	2416	1872	n
18795000	2416	1872	n
18795251	2417	1871	n
18795506	2417	1872	n
18805933	2416	1871	n
18806184	2417	1872	n
18806436	2417	1871	n
18806693	2417	1872	n
18806944	2416	1872	n
18807195	2416	1872	n
18817633	2416	1872	n
18817884	2416	1871	n
18818136	2416	1871	n
18818387	2416	1872	n
18818646	2416	1872	n
18818897	2416	1872	n
18829256	2416	1872	n
18829509	2417	1872	n
18829764	2416	1872	n
18830016	2416	1872	n
18830267	2416	1872	n
18830524	2417	1872	n
18830779	2417	1872	n
18841158	2417	1872	n
18841409	2419	1872	n
18841665	2416	1872	n
18841916	2417	1871	n
18842167	2416	1871	n
18842418	2417	1872	n
18852802	2416	1872	n
18853053	2416	1872	n
18853304	2417	1872	n
18853558	2416	1872	n
18853813	2416	1872	n
18854064	2416	1872	n
18864446	2416	1872	n
18864702	2417	1871	n
18864953	2417	1872	n
18865205	2417	1872	n
18865456	2416	1871	n
18865711	2416	1871	n
18876141	2417	1871	n
18876392	2416	1872	n
18876650	2417	1872	n
18876901	2417	1872	n
18877152	2417	1872	n
18877403	2416	1872	n
18887837	2418	1872	n
18888088	2417	1872	n
18888339	2419	1872	n
18888593	2418	1872	n
18888848	2417	1872	n
18889099	2418	1872	n
18899463	2419	1872	n
18899719	2417	1871	n
18899970	2417	1872	n
18900221	2417	1871	n
18900472	2416	1872	n
18900728	2416	1872	n
18900979	2416	1872	n
18911366	2416	1872	n
18911628	2417	1872	n
18911879	2417	1871	n
18912130	2417	1872	n
18912381	2416	1872	n
18912641	2416	1871	n
18923009	2417	1872	n
18923260	2417	1872	n
18923517	2417	1872	n
18923772	2417	1871	n
18924024	2417	1872	n
18924275	2416	1872	n
18934657	2416	1872	n
18934908	2417	1872	n
18935159	2416	1871	n
18935411	2416	1871	n
18935666	2417	1871	n
18935917	2416	1872	n
18946348	2416	1872	n
18946602	2416	1872	n
18946858	2416	1872	n
18947109	2416	1872	n
18947360	2416	1872	n
18947617	2416	1872	n
18958044	2416	1872	n
18958295	2416	1871	n
18958551	2416	1872	n
18958807	2416	1871	n
18959058	2416	1872	n
18959309	2416	1872	n
18969675	2416	1872	n
18969926	2417	1872	n
18970177	2417	1872	n
18970429	2418	1872	n
18970685	2416	1872	n
18970936	2417	1872	n
18971187	2418	1872	n
18981575	2417	1872	n
18981898	2417	1872	n
18982158	2416	1872	n
18982431	2417	1872	n
18982688	2416	1871	n
18982939	2417	1872	n
18993303	2417	1872	n
18993819	2417	1872	n
18994070	2417	1872	n
18994321	2417	1872	n
18994583	2416	1871	n
18994861	2416	1872	n
19005257	2416	1872	Time:00:00:00:00;;
19005955	2417	1872	n
19006237	2416	1872	n
19006493	2417	1872	n
19006748	2416	1871	n
19007007	2416	1872	n
19017462	2420	1871	n
19017943	2417	1871	n
19018195	2417	1872	n
19018446	2417	1872	n
19018732	2417	1872	n
19018983	2418	1872	n
19029407	2416	1872	n
19029887	2416	1872	n
19030169	2415	1872	n
19030420	2417	1873	n
19030676	2416	1871	n
19030927	2416	1872	n
19041345	2417	1872	n
19041838	2416	1872	n
19042090	2417	1872	n
19042341	2416	1871	n
19042630	2416	1872	n
19042881	2417	1872	n
19043132	2417	1871	n
19053508	2416	1872	n
19054001	2416	1872	n
19054275	2417	1872	n
19054532	2417	1872	n
19054788	2417	1873	n
19055048	2418	1872	n
19065459	2418	1872	Time:00:00:00:00;;
19066155	2418	1872	n
19066415	2416	1872	n
19066692	2419	1871	n
19066944	2418	1872	n
19067195	2417	1872	n
19077575	2417	1871	n
19078088	2416	1871	n
19078339	2417	1872	n
19078592	2416	1871	n
19078857	2416	1872	n
19079130	2416	1872	n
19089526	2416	1872	n
19090006	2416	1871	n
19090257	2418	1872	n
19090542	2416	1872	n
19090797	2416	1872	n
19091048	2416	1872	n
19101478	2416	1871	n
19101992	2417	1871	n
19102244	2416	1871	n
19102500	2416	1872	n
19102756	2416	1872	n
19103038	2416	1872	n
19103290	2416	1871	n
19113713	2416	1872	n
19114194	2417	1872	n
19114477	2416	1872	n
19114736	2417	1872	n
19114987	2416	1871	n
19115238	2416	1871	n
19125667	2417	1872	n
19126153	2417	1872	n
19126404	2418	1870	n
19126660	2417	1872	n
19126942	2417	1872	n
19127194	2416	1872	n
19137617	2417	1872	n
19138097	2418	1872	n
19138379	2416	1872	n
19138635	2417	1872	n
19138887	2417	1872	n
19139138	2418	1872	n
19139420	2417	1872	n
19149847	2418	1872	n
19150325	2417	1872	n
19150578	2417	1872	n
19150864	2416	1872	n
19151115	2418	1872	n
19151367	2416	1871	n
19161801	2416	1872	n
19162316	2416	1871	n
19162571	2417	1871	n
19162827	2416	1871	n
19163078	2416	1871	n
19163360	2416	1872	n
19173738	2418	1872	n
19174221	2419	1872	n
19174472	2418	1872	n
19174735	2416	1872	n
19175009	2417	1872	n
19175260	2417	1872	n
19175517	2416	1872	n
19185899	2417	1872	n
19186408	2416	1871	n
19186664	2416	1872	n
19186915	2417	1872	n
19187175	2416	1872	n
19187449	2416	1872	n
19197853	2417	1872	n
19198334	2418	1871	n
19198597	2417	1872	n
19198877	2418	1872	n
19199128	2417	1872	n
19199379	2416	1872	n
19209791	2416	1872	n
19210299	2416	1871	n
19210554	2416	1872	n
19210809	2416	1871	n
19211068	2416	1872	Time:00:00:00:00;;
19211559	2417	1872	n
19222003	2418	1872	n
19222277	2416	1872	n
19222534	2416	1872	n
19222789	2417	1872	n
19223040	2416	1872	n
19223291	2417	1872	n
19233703	2417	1872	n
19233954	2418	1872	n
19234205	2416	1872	n
19234456	2416	1872	n
19234712	2418	1872	n
19234963	2417	1872	n
19245343	2416	1872	n
19245600	2416	1872	n
19245855	2418	1872	n
19246106	2418	1872	n
19246358	2417	1873	n
19246611	2418	1872	n
19257022	2416	1872	n
19257273	2416	1872	n
19257526	2416	1871	n
19257781	2416	1872	n
19258032	2416	1872	n
19258283	2416	1871	n
19258541	2416	1869	n
19268958	2416	1872	n
19269209	2416	1872	n
19269460	2418	1871	n
19269716	2416	1872	n
19269967	2416	1872	n
19270219	2416	1872	n
19280606	2416	1871	n
19280861	2416	1871	n
19281112	2416	1872	n
19281363	2416	1871	n
19281623	2418	1872	n
19281875	2416	1872	n
19292297	2416	1871	n
19292554	2416	1872	n
19292809	2417	1872	n
19293061	2416	1871	n
19293312	2416	1872	n
19293568	2416	1873	n
19303993	2416	1872	n
19304244	2416	1872	n
19304500	2416	1872	n
19304755	2416	1871	n
19305006	2416	1872	n
19305257	2416	1872	n
19315623	2418	1872	n
19315874	2416	1871	n
19316126	2418	1872	n
19316377	2417	1872	n
19316634	2416	1872	n
19316885	2416	1872	n
19317136	2418	1871	n
19327524	2416	1871	n
19327780	2416	1872	n
19328031	2416	1872	n
19328282	2416	1872	n
19328537	2418	1872	n
19328793	2417	1872	n
19339166	2417	1871	n
19339417	2416	1872	n
19339673	2416	1872	n
19339924	2416	1872	n
19340175	2416	1872	n
19340426	2416	1872	n
19350809	2417	1872	n
19351060	2416	1872	n
19351311	2416	1871	n
19351568	2416	1872	n
19351823	2416	1871	n
19352074	2416	1872	n
19362506	2416	1872	n
19362761	2418	1871	n
19363013	2416	1872	n
19363264	2418	1872	n
19363521	2417	1872	n
19363775	2418	1872	n
19374200	2416	1872	n
19374451	2416	1872	n
19374707	2416	1872	n
19374958	2416	1872	n
19375209	2416	1872	n
19375460	2417	1871	n
19385827	2417	1871	n
19386078	2416	1872	n
19386329	2416	1872	n
19386585	2416	1872	n
19386841	2416	1871	n
19387092	2416	1872	n
19387343	2416	1872	n
19397734	2416	1872	n
19397985	2416	1872	n
19398236	2416	1872	n
19398493	2417	1872	n
19398749	2416	1872	n
19399000	2416	1871	n
19409373	2416	1872	n
19409630	2417	1872	n
19409881	2416	1872	n
19410133	2416	1871	n
19410384	2416	1872	n
19410641	2416	1871	n
19421017	2417	1872	n
19421268	2416	1872	n
19421523	2416	1872	n
19421777	2416	1872	n
19422028	2416	1872	n
19422279	2416	1872	n
19432717	2416	1872	n
19432968	2416	1871	n
19433219	2416	1872	n
19433470	2416	1871	n
19433726	2417	1872	n
19433977	2416	1872	n
19444408	2417	1871	n
19444664	2416	1872	n
19444915	2416	1872	n
19445166	2417	1872	n
19445417	2417	1872	n
19445673	2416	1872	n
19456035	2416	1872	n
19456286	2418	1872	n
19456540	2417	1872	n
19456795	2418	1872	n
19457046	2416	1871	n
19457298	2416	1872	n
19457555	2415	1872	n
19467937	2418	1872	n
19468188	2418	1872	n
19468439	2416	1872	n
19468700	2420	1873	n
19468951	2416	1872	n
19469202	2417	1872	n
19479585	2416	1872	n
19479840	2417	1872	n
19480091	2417	1872	n
19480342	2416	1872	n
19480595	2416	1872	n
19480851	2416	1871	n
19491224	2416	1872	n
19491475	2416	1872	n
19491731	2416	1872	n
19491983	2417	1872	n
19492234	2417	1871	n
19492489	2416	1872	n
19502919	2417	1872	n
19503170	2417	1872	n
19503422	2417	1873	n
19503677	2416	1872	n
19503928	2416	1872	n
19504179	2416	1872	n
19514615	2416	1872	n
19514871	2416	1872	n
19515122	2416	1872	n
19515373	2416	1872	n
19515630	2416	1871	n
19515881	2416	1872	n
19526242	2417	1872	n
19526496	2416	1872	n
19526751	2416	1871	n
19527002	2416	1872	n
19527254	2416	1872	n
19527507	2416	1872	n
19527762	2417	1871	n
19538144	2416	1872	n
19538395	2417	1872	n
19538654	2417	1872	n
19538905	2417	1872	n
19539156	2416	1872	n
19539407	2416	1871	n
19549788	2419	1872	n
19550039	2417	1872	n
19550290	2416	1872	n
19550543	2416	1872	n
19550799	2417	1872	n
19551050	2417	1872	n
19561432	2416	1871	n
19561693	2416	1871	n
19561944	2416	1871	n
19562196	2417	1872	n
19562447	2415	1872	n
19562703	2416	1872	n
19573127	2416	1872	n
19573379	2416	1872	n
19573635	2416	1872	n
19573886	2416	1872	n
19574137	2416	1871	n
19574388	2416	1871	n
19584823	2417	1872	n
19585074	2418	1872	n
19585325	2416	1872	n
19585578	2416	1872	n
19585834	2416	1872	n
19586085	2416	1872	n
19596450	2416	1872	n
19596705	2418	1872	n
19596957	2417	1872	n
19597208	2416	1872	n
19597459	2418	1872	n
19597714	2416	1872	n
19597965	2416	1872	n
19608352	2416	1872	n
19608609	2417	1872	n
19608865	2417	1872	n
19609116	2417	1871	n
19609367	2416	1872	n
19609628	2416	1871	n
19619996	2416	1872	n
19620247	2416	1872	n
19620503	2416	1872	n
19620758	2416	1872	n
19621009	2416	1871	n
19621260	2416	1872	n
19631644	2416	1872	n
19631896	2418	1872	n
19632147	2416	1872	n
19632398	2416	1872	n
19632659	2417	1871	n
19632910	2416	1872	n
19643334	2416	1872	n
19643589	2416	1872	n
19643844	2416	1872	n
19644095	2416	1872	n
19644346	2416	1872	n
19644602	2416	1872	n
19655030	2416	1872	n
19655281	2417	1871	n
19655538	2416	1869	n
19655793	2416	1871	n
19656044	2416	1872	n
19656295	2416	1872	n
19666661	2416	1872	n
19666913	2416	1871	n
19667164	2416	1872	n
19667415	2416	1871	n
19667670	2416	1872	n
19667921	2416	1872	n
19668172	2416	1872	n
19678565	2416	1872	n
19678821	2416	1872	n
19679072	2416	1872	n
19679323	2416	1872	n
19679576	2416	1872	n
19679832	2416	1872	n
19690203	2417	1871	n
19690454	2417	1872	n
19690710	2416	1872	n
19690961	2416	1872	n
19691212	2416	1872	n
19691463	2418	1872	n
19701847	2418	1872	n
19702098	2417	1872	n
19702349	2416	1872	n
19702606	2416	1872	n
19702862	2417	1871	n
19703113	2416	1870	n
19713548	2416	1872	n
19713803	2416	1872	n
19714054	2416	1872	n
19714306	2416	1871	n
19714559	2416	1870	n
19714814	2416	1871	n
19725238	2417	1872	n
19725493	2417	1872	n
19725749	2417	1872	n
19726000	2416	1872	n
19726251	2416	1873	n
19726506	2417	1872	n
19736934	2416	1870	n
19737185	2416	1871	n
19737436	2416	1872	n
19737693	2417	1872	n
19737944	2417	1872	n
19738195	2416	1872	n
19738446	2415	1871	n
19748853	2416	1872	n
19749104	2416	1872	n
19749355	2416	1872	n
19749609	2416	1872	n
19749864	2416	1871	n
19750115	2417	1872	n
19760503	2416	1872	n
19760759	2416	1872	n
19761010	2416	1872	n
19761261	2416	1871	n
19761517	2416	1871	n
19761773	2416	1872	n
19772192	2416	1872	n
19772444	2416	1871	n
19772701	2416	1872	n
19772952	2416	1872	n
19773203	2416	1872	n
19773454	2416	1872	n
19783836	2416	1872	n
19784087	2416	1872	n
19784339	2416	1871	n
19784592	2416	1871	n
19784847	2418	1872	n
19785098	2417	1872	n
19795538	2416	1872	n
19795793	2416	1871	n
19796044	2416	1872	n
19796295	2416	1872	n
19796550	2416	1872	n
19796806	2416	1872	n
19807211	2416	1872	n
19807462	2419	1871	n
19807717	2416	1872	n
19807969	2417	1872	n
19808220	2417	1872	n
19808471	2416	1872	n
19808727	2416	1873	n
19819147	2416	1872	n
19819398	2418	1872	n
19819659	2416	1872	n
19819910	2417	1872	n
19820161	2416	1872	n
19820412	2417	1872	n
19830791	2416	1872	n
19831042	2415	1871	n
19831293	2418	1871	n
19831548	2415	1871	n
19831803	2416	1871	n
19832055	2416	1870	n
19842489	2417	1872	n
19842744	2416	1872	n
19842995	2416	1872	n
19843246	2416	1872	n
19843504	2416	1872	n
19843759	2416	1872	n
19854182	2416	1872	n
19854433	2417	1872	n
19854693	2416	1871	n
19854944	2416	1871	n
19855195	2417	1872	n
19855446	2416	1872	n
19865825	2416	1872	n
19866076	2416	1872	n
19866327	2416	1872	n
19866582	2416	1872	n
19866838	2417	1872	n
19867089	2417	1872	n
19877506	2416	1871	n
19877761	2416	1872	n
19878012	2416	1872	n
19878264	2416	1872	n
19878521	2417	1872	n
19878775	2416	1872	n
19879026	2417	1872	n
19889441	2416	1872	n
19889700	2416	1871	n
19889951	2416	1871	n
19890203	2416	1872	n
19890454	2416	1872	n
19890709	2416	1872	n
19901084	2416	1872	n
19901335	2417	1871	n
19901592	2416	1872	n
19901847	2416	1872	n
19902098	2416	1873	n
19902349	2417	1872	n
19912779	2417	1872	n
19913031	2418	1872	n
19913282	2416	1872	n
19913537	2416	1872	n
19913792	2416	1872	n
19914044	2416	1872	n
19924475	2416	1872	n
19924731	2416	1872	n
19924982	2416	1872	n
19925233	2417	1872	n
19925489	2416	1872	n
19925745	2416	1872	n
19936102	2417	1872	n
19936353	2416	1872	n
19936609	2416	1872	n
19936865	2417	1872	n
19937116	2417	1872	n
19937367	2418	1872	n
19937628	2416	1872	n
19948004	2416	1872	n
19948255	2416	1871	n
19948509	2417	1872	n
19948764	2416	1872	n
19949015	2416	1872	n
19949267	2416	1872	n
19959652	2416	1872	n
19959904	2416	1871	n
19960155	2417	1871	n
19960406	2416	1871	n
19960662	2416	1871	n
19960913	2416	1872	n
19971292	2417	1872	n
19971549	2416	1872	n
19971804	2416	1872	n
19972055	2417	1872	n
19972306	2416	1872	n
19972560	2416	1871	n
19982987	2416	1872	n
19983359	2417	1872	n
19983612	2416	1872	n
19983867	2416	1872	n
19984128	2417	1872	n
19984401	2418	1872	n
19994769	2417	1872	n
19995246	2416	1872	n
19995503	2416	1872	n
19995790	2417	1872	n
19996041	2416	1872	n
19996292	2416	1872	n
19996548	2416	1872	n
20006999	2416	1872	Time:00:00:00:00;;
20007705	2416	1872	n
20007956	2416	1871	n
20008215	2416	1871	n
20008493	2416	1871	n
20018919	2417	1872	n
20019396	2417	1872	n
20019664	2416	1872	n
20019937	2416	1872	n
20020189	2416	1872	n
20020440	2416	1872	n
20020707	2416	1872	n
20031149	2416	1872	n
20031630	2419	1872	n
20031881	2417	1872	n
20032141	2417	1872	n
20032415	2416	1869	n
20032670	2416	1872	n
20043035	2416	1871	n
20043523	2417	1872	n
20043803	2416	1872	n
20044054	2416	1872	n
20044305	2416	1871	n
20044567	2416	1872	n
20054981	2417	1872	n
20055459	2418	1872	n
20055714	2416	1872	n
20055974	2416	1872	n
20056248	2416	1872	n
20056503	2417	1872	n
20056758	2416	1872	n
20067116	2416	1871	Time:00:00:00:00;;
20067845	2416	1872	n
20068096	2416	1872	n
20068347	2416	1871	n
20068635	2416	1872	n
20079052	2417	1871	n
20079533	2417	1871	n
20079789	2416	1872	n
20080049	2416	1872	n
20080322	2416	1872	n
20080576	2416	1872	n
20090973	2416	1871	n
20091458	2418	1872	n
20091736	2416	1872	n
20091987	2416	1871	n
20092238	2416	1872	n
20092503	2416	1872	n
20092781	2416	1871	n
20103168	2416	1871	n
20103655	2416	1872	n
20103915	2416	1871	n
20104188	2416	1871	n
20104439	2416	1872	n
20104700	2416	1872	n
20115105	2416	1872	n
20115628	2416	1872	n
20115879	2416	1872	n
20116130	2416	1872	n
20116390	2417	1872	n
20116673	2417	1872	n
20127112	2417	1872	n
20127591	2416	1872	n
20127856	2419	1872	n
20128129	2416	1872	n
20128380	2416	1872	n
20128641	2416	1872	n
20128901	2416	1872	n
20139316	2416	1872	n
20139797	2416	1871	n
20140049	2416	1871	n
20140309	2416	1871	n
20140586	2416	1872	n
20140841	2416	1871	n
20151227	2417	1872	n
20151713	2416	1872	n
20151995	2416	1871	n
20152246	2416	1871	n
20152503	2416	1872	n
20152766	2417	1872	n
20163164	2416	1872	n
20163657	2416	1872	n
20163909	2416	1872	n
20164160	2417	1872	n
20164442	2416	1872	n
20164700	2417	1872	n
20164951	2416	1870	n
20175359	2416	1872	n
20175879	2416	1871	n
20176130	2416	1872	n
20176381	2416	1872	n
20176641	2418	1872	n
20176923	2416	1870	n
20187279	2416	1872	n
20187765	2416	1872	n
20188016	2417	1872	n
20188276	2416	1872	n
20188555	2417	1872	n
20188810	2416	1872	n
20199217	2416	1872	n
20199717	2416	1871	n
20199990	2417	1871	n
20200242	2416	1872	n
20200496	2416	1872	n
20200760	2416	1872	n
20201034	2416	1871	n
20211412	2416	1872	Time:00:00:00:00;;
20212115	2416	1871	n
20212389	2416	1871	n
20212651	2416	1872	n
20212902	2418	1871	n
20223298	2416	1869	n
20223555	2416	1871	n
20223810	2416	1871	n
20224061	2416	1872	n
20224312	2416	1871	n
20224568	2416	1871	n
20224823	2416	1871	n
20235217	2416	1872	n
20235468	2417	1871	n
20235724	2416	1872	n
20235975	2416	1872	n
20236226	2417	1872	n
20236477	2416	1872	n
20246861	2416	1872	n
20247112	2416	1872	n
20247363	2416	1872	n
20247623	2416	1872	n
20247875	2416	1872	n
20248126	2416	1872	n
20258489	2416	1872	n
20258745	2416	1872	n
20258996	2416	1872	n
20259247	2417	1871	n
20259503	2416	1872	n
20259758	2416	1872	n
20270199	2416	1871	n
20270450	2416	1871	n
20270706	2416	1872	n
20270957	2416	1871	n
20271208	2416	1872	n
20271459	2416	1872	n
20281895	2416	1872	n
20282146	2416	1872	n
20282397	2416	1872	n
20282656	2416	1871	n
20282907	2416	1872	n
20283158	2415	1872	n
20293574	2416	1872	n
20293829	2416	1872	n
20294080	2416	1872	n
20294331	2416	1872	n
20294586	2416	1871	n
20294841	2416	1872	n
20295092	2416	1871	n
20305517	2416	1872	n
20305772	2416	1871	n
20306023	2418	1872	n
20306274	2416	1872	n
20306532	2417	1871	n
20306787	2416	1871	n
20317154	2417	1872	n
20317405	2417	1870	n
20317661	2417	1872	n
20317912	2416	1871	n
20318164	2416	1872	n
20318415	2416	1872	n
20328849	2416	1872	n
20329101	2416	1872	n
20329352	2416	1871	n
20329606	2416	1872	n
20329861	2416	1872	n
20330113	2416	1871	n
20340476	2417	1872	n
20340736	2416	1872	n
20340987	2417	1871	n
20341238	2417	1872	n
20341493	2417	1872	n
20341749	2416	1872	n
20352189	2417	1872	n
20352440	2416	1872	n
20352700	2417	1872	n
20352952	2416	1872	n
20353203	2416	1871	n
20353454	2415	1871	n
20363868	2416	1872	n
20364119	2417	1872	n
20364370	2418	1872	n
20364631	2416	1872	n
20364882	2417	1872	n
20365133	2418	1872	n
20365384	2416	1872	n
20375804	2416	1872	n
20376055	2416	1872	n
20376307	2416	1872	n
20376560	2417	1872	n
20376815	2416	1872	n
20377067	2416	1871	n
20387448	2416	1872	n
20387704	2416	1872	n
20387955	2416	1872	n
20388206	2416	1872	n
20388457	2418	1872	n
20388713	2416	1872	n
20399143	2416	1872	n
20399394	2416	1872	n
20399654	2416	1872	n
20399905	2416	1871	n
20400156	2416	1871	n
20400407	2416	1871	n
20410839	2416	1872	n
20411090	2416	1872	n
20411341	2416	1872	n
20411594	2417	1872	n
20411850	2416	1872	n
20412101	2416	1872	n
20422466	2418	1872	n
20422722	2416	1871	n
20422973	2416	1872	n
20423224	2416	1872	n
20423475	2416	1871	n
20423732	2416	1871	n
20423983	2416	1872	n
20434368	2417	1871	n
20434627	2416	1872	n
20434878	2417	1872	n
20435129	2417	1871	n
20435381	2417	1872	n
20435641	2416	1872	n
20446012	2416	1872	n
20446263	2416	1872	n
20446520	2416	1871	n
20446775	2416	1872	n
20447027	2417	1871	n
20447278	2417	1872	n
20457660	2416	1871	n
20457912	2416	1872	n
20458163	2416	1872	n
20458414	2416	1871	n
20458670	2416	1871	n
20458921	2416	1871	n
20469351	2416	1872	n
20469606	2416	1871	n
20469861	2416	1872	n
20470112	2416	1872	n
20470363	2417	1872	n
20470623	2416	1872	n
20481047	2417	1872	n
20481298	2416	1872	n
20481555	2416	1871	n
20481810	2416	1872	n
20482061	2416	1872	n
20482312	2416	1872	n
20492677	2416	1870	n
20492928	2416	1872	n
20493180	2416	1872	n
20493431	2417	1871	n
20493687	2416	1872	n
20493938	2416	1872	n
20494189	2416	1872	n
20504578	2417	1872	n
20504834	2417	1872	n
20505085	2419	1873	n
20505336	2416	1872	n
20505592	2417	1871	n
20505847	2416	1872	n
20516219	2417	1872	n
20516470	2416	1872	n
20516726	2416	1872	n
20516977	2416	1872	n
20517228	2416	1872	n
20517480	2416	1872	n
20527863	2417	1872	n
20528114	2416	1872	n
20528365	2416	1872	n
20528623	2416	1872	n
20528875	2416	1872	n
20529126	2416	1872	n
20539560	2416	1872	n
20539815	2416	1872	n
20540067	2416	1872	n
20540318	2416	1872	n
20540575	2416	1872	n
20540830	2417	1872	n
20551254	2416	1871	n
20551507	2416	1872	n
20551762	2416	1872	n
20552014	2416	1872	n
20552265	2416	1872	n
20552520	2417	1872	n
20562881	2417	1872	n
20563132	2418	1873	n
20563383	2416	1872	n
20563641	2418	1872	n
20563892	2417	1872	n
20564143	2417	1872	n
20564394	2416	1872	n
20574786	2415	1871	n
20575037	2416	1871	n
20575288	2416	1871	n
20575542	2416	1872	n
20575797	2416	1871	n
20576048	2416	1872	n
20586427	2417	1872	n
20586683	2416	1872	n
20586934	2416	1872	n
20587185	2417	1872	n
20587436	2416	1872	n
20587693	2416	1871	n
20598071	2416	1872	n
20598322	2417	1872	n
20598575	2417	1872	n
20598830	2417	1872	n
20599082	2416	1872	n
20599333	2416	1872	n
20609766	2416	1872	n
20610018	2417	1872	n
20610269	2417	1872	n
20610523	2418	1872	n
20610777	2417	1872	n
20611028	2417	1872	n
20621462	2418	1872	n
20621718	2416	1872	n
20621969	2417	1872	n
20622220	2416	1871	n
20622471	2416	1872	n
20622727	2416	1872	n
20633088	2417	1872	n
20633339	2416	1872	n
20633592	2416	1871	n
20633847	2416	1872	n
20634099	2417	1872	n
20634350	2417	1872	n
20634607	2417	1872	n
20644991	2418	1872	n
20645242	2417	1872	n
20645496	2417	1872	n
20645752	2418	1872	n
20646003	2417	1872	n
20646254	2417	1872	n
20656643	2418	1872	n
20656894	2416	1872	n
20657145	2416	1872	n
20657396	2417	1872	n
20657655	2417	1872	n
20657906	2416	1872	n
20668278	2416	1872	n
20668534	2416	1872	n
20668789	2417	1872	n
20669040	2416	1872	n
20669291	2416	1872	n
20669549	2416	1871	n
20679973	2416	1871	n
20680224	2416	1871	n
20680476	2416	1872	n
20680737	2416	1872	n
20680988	2416	1872	n
20681239	2416	1872	n
20691673	2417	1872	n
20691924	2416	1872	n
20692175	2417	1872	n
20692426	2417	1873	n
20692682	2416	1872	n
20692933	2417	1872	n
20703296	2416	1872	n
20703550	2417	1872	n
20703806	2417	1872	n
20704057	2417	1872	n
20704308	2416	1872	n
20704561	2416	1872	n
20704816	2417	1872	n
20715198	2416	1871	n
20715449	2416	1872	n
20715705	2416	1872	n
20715956	2416	1872	n
20716207	2416	1871	n
20716458	2419	1872	n
20726842	2416	1872	n
20727093	2416	1872	n
20727345	2416	1872	n
20727599	2417	1872	n
20727855	2416	1872	n
20728106	2418	1872	n
20738489	2416	1872	n
20738744	2416	1873	n
20738995	2419	1872	n
20739246	2416	1872	n
20739503	2416	1872	n
20739758	2416	1872	n
20750181	2416	1872	n
20750432	2416	1871	n
20750693	2416	1872	n
20750944	2417	1871	n
20751196	2416	1872	n
20751447	2416	1872	n
20761877	2417	1872	n
20762128	2417	1872	n
20762379	2416	1872	n
20762636	2416	1872	n
20762887	2416	1871	n
20763138	2416	1871	n
20773506	2416	1872	n
20773761	2416	1872	n
20774012	2418	1872	n
20774263	2416	1872	n
20774520	2416	1872	n
20774775	2416	1872	n
20775027	2417	1872	n
20785406	2417	1871	n
20785662	2416	1872	n
20785913	2418	1872	n
20786164	2417	1872	n
20786416	2416	1872	n
20786671	2418	1872	n
20797049	2418	1872	n
20797300	2416	1872	n
20797557	2416	1872	n
20797813	2417	1871	n
20798064	2416	1872	n
20798315	2416	1871	n
20808697	2416	1872	n
20808948	2416	1872	n
20809200	2416	1872	n
20809451	2416	1872	n
20809706	2416	1871	n
20809957	2416	1872	n
20820388	2416	1872	n
20820646	2416	1872	n
20820897	2416	1872	n
20821148	2416	1872	n
20821399	2416	1871	n
20821660	2417	1872	n
20832084	2416	1872	n
20832335	2418	1872	n
20832592	2417	1872	n
20832847	2416	1872	n
20833098	2417	1872	n
20833350	2416	1872	n
20843780	2416	1872	n
20844031	2417	1872	n
20844282	2416	1872	n
20844537	2416	1872	n
20844792	2417	1872	n
20845043	2416	1872	n
20845294	2417	1872	n
20855704	2416	1872	n
20855955	2416	1872	n
20856206	2416	1872	n
20856457	2416	1872	n
20856713	2416	1872	n
20856964	2416	1872	n
20867343	2418	1872	n
20867600	2416	1872	n
20867855	2416	1872	n
20868106	2417	1872	n
20868357	2416	1872	n
20868610	2416	1872	n
20879038	2417	1872	n
20879290	2417	1872	n
20879543	2417	1872	n
20879798	2416	1872	n
20880050	2418	1872	n
20880301	2418	1872	n
20890687	2416	1872	n
20890938	2417	1872	n
20891189	2416	1872	n
20891440	2416	1872	n
20891701	2417	1872	n
20891952	2417	1872	n
20902378	2417	1872	n
20902635	2417	1872	n
20902886	2417	1872	n
20903137	2418	1872	n
20903388	2416	1872	n
20903646	2416	1872	n
20914057	2417	1872	n
20