º¢šJn
23834	2415	1742	n
24318	2414	1744	n
24601	2415	1744	n
24856	2416	1744	n
25107	2415	1744	n
25357	2415	1744	n
25657	2414	1744	n
36097	2411	1742	n
36594	2412	1742	n
36857	2415	1741	n
37130	2410	1743	n
37380	2409	1739	n
37638	2413	1741	n
37898	2410	1737	n
38171	2411	1743	n
48591	2411	1741	n
49069	2414	1743	n
49328	2412	1743	n
49603	2413	1743	n
49858	2414	1743	n
50108	2414	1744	n
50366	2414	1742	n
60764	2413	1741	n
61248	2411	1742	n
61504	2415	1741	n
61759	2411	1742	n
62041	2413	
74237	2415	1744	n
74525	2413	1744	n
74780	2411	1742	n
75030	2413	1743	n
85432	2413	1744	n
85921	2413	1743	n
86194	2409	1741	n
86444	2413	1743	n
86701	2412	1743	n
86959	2414	1743	n
87232	2413	1743	n
87482	2411	1744	n
97887	2413	1743	n
98370	2413	1744	n
98649	2415	1744	n
98900	2413	1743	n
99150	2414	1744	n
99409	2413	1743	n
99690	2414	1743	n
110082	2415	1743	n
110563	2413	1743	n
110827	2415	1743	n
111101	2413	1743	n
111352	2413	1742	n
111609	2414	1743	n
111872	2413	1743	n
122296	2414	1744	n
122781	2413	1744	n
123032	2413	1743	n
123291	2411	1744	n
123566	2414	1743	n
123821	2414	1744	n
124072	2413	1744	n
134457	2411	1743	n
134968	2415	1743	n
135218	2414	1743	n
135469	2416	1743	n
135724	2413	1743	n
136006	2413	1743	n
136256	2412	1743	n
136511	2414	1743	n
146912	2414	1744	n
147419	2415	1744	n
147674	2415	1744	n
147925	2416	1744	n
148176	2415	1744	n
148457	2412	1743	n
148712	2415	1743	n
159072	2414	1744	n
159550	2414	1744	n
159814	2413	1744	n
160087	2415	1742	n
160338	2414	1744	n
160594	2415	1743	n
160857	2413	1744	n
171242	2414	1742	n
171726	2411	1743	n
171976	2413	1744	n
172236	2411	1744	n
172514	2413	1743	n
172770	2413	1744	n
173020	2415	1743	n
183395	2414	1744	n
183912	2413	1743	n
184162	2415	1743	n
184413	2413	1742	n
184678	2415	1742	n
184951	2415	1744	n
185202	2413	1743	n
195612	2413	1744	n
196092	2414	1744	n
196374	2411	1743	n
196631	2413	1743	n
196881	2411	1744	n
197132	2415	1744	n
197414	2411	1743	n
207856	2415	1744	n
208330	2415	1743	n
208583	2415	1744	n
208867	2413	1744	n
209118	2415	1743	n
209369	2413	1743	n
209626	2414	1744	n
220017	2413	1743	n
220504	2415	1743	n
220759	2416	1744	n
221010	2415	1743	n
221292	2413	1744	n
221549	2413	1742	n
221804	2413	1742	n
232161	2413	1743	n
232651	2415	1744	n
232924	2414	1742	n
233175	2414	1743	n
233426	2415	1744	n
233690	2413	1743	n
233963	2415	1743	n
244391	2415	1744	n
244872	2415	1744	n
245131	2415	1744	n
245404	2416	1743	n
245663	2416	1744	n
245913	2414	1744	n
246172	2414	1744	n
256565	2415	1744	n
257044	2414	1743	n
257295	2414	1744	n
257557	2415	1744	n
257834	2416	1743	n
258085	2413	1743	n
258336	2415	1744	n
268716	2416	1743	n
269224	2415	1743	n
269474	2414	1744	n
269730	2412	1743	n
269980	2414	1744	n
270261	2413	1743	n
270514	2413	1744	n
280927	2414	1743	n
281402	2415	1742	n
281689	2415	1744	n
281940	2414	1744	n
282191	2414	1743	n
282442	2414	1744	n
282732	2414	1744	n
293157	2413	1743	n
293638	2413	1743	n
293889	2414	1743	n
294170	2413	1744	n
294421	2413	1743	n
294676	2413	1743	n
294927	2414	1743	n
295209	2414	1743	n
305618	2413	1743	n
306096	2413	1744	n
306347	2415	1744	n
306611	2416	1744	n
306888	2414	1743	n
307139	2413	1743	n
307390	2415	1742	n
317777	2414	1744	n
318282	2414	1743	n
318535	2414	1743	n
318789	2415	1744	n
319049	2413	1743	n
319322	2415	1743	n
319576	2415	1743	n
330020	2415	1744	n
330508	2415	1744	n
330785	2415	1744	n
331035	2415	1744	n
331286	2414	1743	n
331548	2415	1744	n
331825	2415	1744	n
342233	2416	1744	n
342715	2415	1744	n
342974	2414	1743	n
343247	2414	1744	n
343501	2416	1743	n
343756	2414	1744	n
344015	2413	1743	n
354403	2415	1744	n
354885	2414	1743	n
355136	2415	1744	n
355387	2413	1743	n
355678	2416	1743	n
355929	2415	1743	n
356180	2415	1744	n
366559	2415	1744	n
367069	2413	1744	n
367319	2415	1744	n
367576	2415	1744	n
367831	2416	1744	n
368113	2414	1744	n
368364	2415	1744	n
378786	2414	1744	n
379261	2414	1744	n
379548	2416	1744	n
379803	2415	1743	n
380054	2414	1744	n
380305	2415	1744	n
380591	2415	1744	n
391016	2415	1743	n
391497	2414	1743	n
391752	2413	1744	n
392034	2413	1743	n
392285	2414	1742	n
392540	2415	1743	n
392795	2415	1743	n
403263	2416	1744	n
403754	2413	1744	n
404005	2413	1744	n
404256	2414	1744	n
404542	2414	1743	n
404797	2414	1744	n
405047	2414	1743	n
415407	2416	1744	n
415900	2415	1744	n
416173	2416	1744	n
416424	2414	1744	n
416679	2415	1744	n
416939	2414	1744	n
417213	2415	1744	n
427621	2416	1744	n
428101	2414	1743	n
428360	2415	1744	n
428640	2415	1744	n
428890	2416	1744	n
429141	2416	1744	n
429400	2415	1743	n
429680	2416	1744	n
440076	2414	1743	n
440557	2414	1743	n
440820	2413	1744	n
441094	2416	1744	n
441344	2414	1744	n
441600	2413	1744	n
441864	2415	1744	n
452331	2415	1744	n
452820	2416	1744	n
453071	2415	1744	n
453330	2415	1743	n
453608	2415	1744	n
453863	2415	1743	n
454114	2415	1744	n
464483	2416	1744	Time:00:00:00:00;;
465246	2415	1743	n
465501	2416	1743	n
465765	2415	1744	n
466038	2416	1744	n
466289	2415	1744	n
476701	2415	1744	n
477177	2416	1744	n
477459	2413	1744	n
477714	2414	1743	n
477965	2415	1743	n
478216	2413	1744	n
478501	2413	1744	n
488927	2415	1743	n
489402	2415	1744	n
489662	2413	1744	n
489944	2414	1743	n
490195	2414	1743	n
490445	2413	1744	n
490702	2414	1744	n
501166	2415	1744	n
501653	2415	1744	n
501904	2413	1743	n
502155	2412	1744	n
502436	2414	1744	n
502692	2414	1744	n
502943	2414	1744	n
513318	2416	1744	n
513843	2415	1743	n
514094	2414	1744	n
514345	2414	1743	n
514600	2415	1744	n
514886	2416	1744	n
515137	2414	1744	n
525552	2414	1744	Time:00:00:00:00;;
526257	2415	1744	n
526532	2415	1744	n
526787	2415	1743	n
527038	2415	1744	n
527298	2414	1744	n
527576	2415	1744	n
537969	2415	1744	n
538445	2415	1744	n
538708	2415	1744	n
538982	2414	1744	n
539233	2415	1744	n
539483	2415	1744	n
539748	2415	1744	n
550139	2415	1744	n
550617	2416	1744	n
550872	2416	1743	n
551132	2416	1744	n
551405	2416	1744	n
551663	2416	1744	n
551914	2415	1744	n
562291	2415	1744	n
562806	2415	1744	n
563057	2416	1744	n
563307	2415	1744	n
563562	2415	1744	n
563848	2416	1744	n
564099	2414	1744	n
574525	2415	1744	n
575016	2414	1744	n
575298	2416	1744	n
575551	2416	1743	n
575805	2416	1744	n
576056	2415	1744	n
576338	2416	1744	n
586754	2416	1743	n
587230	2416	1744	n
587481	2414	1744	n
587768	2414	1744	n
588019	2415	1744	n
588269	2413	1744	n
588525	2415	1744	n
598999	2416	1744	n
599483	2414	1743	n
599739	2415	1744	n
599989	2414	1744	n
600271	2414	1744	n
600525	2413	1744	n
600780	2416	1744	n
611144	2413	1742	n
611638	2413	1742	n
611911	2413	1743	n
612162	2412	1744	n
612413	2415	1742	n
612678	2414	1744	n
612958	2415	1744	n
623373	2415	1743	n
623858	2414	1744	n
624118	2413	1743	n
624391	2413	1743	n
624649	2413	1744	n
624899	2415	1744	n
625158	2415	1743	n
635621	2414	1744	n
636106	2414	1744	n
636357	2415	1744	n
636619	2415	1744	n
636896	2415	1744	n
637147	2415	1744	n
637398	2416	1744	n
647834	2415	1743	n
648344	2416	1744	n
648600	2414	1744	n
648855	2416	1744	n
649114	2415	1744	n
649387	2415	1744	n
649643	2415	1744	n
660065	2415	1744	n
660562	2415	1744	n
660840	2414	1744	n
661091	2415	1743	n
661342	2415	1744	n
661603	2413	1744	n
661881	2414	1744	n
662132	2414	1744	n
672522	2415	1744	Time:00:00:00:00;;
673220	2416	1744	n
673471	2416	1744	n
673726	2414	1744	n
673977	2416	1744	n
674228	2413	1744	n
684597	2415	1744	n
684852	2415	1744	n
685103	2416	1744	n
685353	2416	1744	n
685608	2415	1744	n
685863	2415	1744	n
686114	2415	1743	n
696501	2415	1744	n
696756	2414	1743	n
697007	2414	1743	n
697257	2413	1743	n
697515	2413	1744	n
697770	2413	1744	n
698021	2413	1743	n
708399	2415	1744	n
708658	2415	1743	n
708909	2416	1744	n
709160	2414	1744	n
709411	2415	1743	n
709668	2414	1743	n
720025	2415	1743	n
720276	2415	1744	n
720531	2414	1744	n
720785	2413	1743	n
721035	2414	1744	n
721286	2415	1743	n
721542	2416	1744	n
731962	2415	1744	n
732213	2415	1744	n
732464	2415	1744	n
732718	2416	1744	n
732969	2416	1744	n
733220	2414	1744	n
733471	2416	1744	n
743864	2416	1744	n
744115	2414	1744	n
744366	2413	1743	n
744619	2414	1744	n
744874	2415	1743	n
745125	2412	1743	n
745375	2416	1744	n
755785	2414	1744	n
756036	2414	1743	n
756286	2413	1744	n
756542	2414	1743	n
756797	2415	1743	n
757047	2414	1743	n
757298	2414	1743	n
767708	2416	1744	n
767959	2416	1744	n
768210	2415	1744	n
768460	2414	1743	n
768715	2415	1744	n
768966	2414	1744	n
769217	2416	1744	n
779612	2414	1744	n
779867	2415	1744	n
780117	2416	1744	n
780368	2416	1744	n
780621	2415	1744	n
780876	2416	1744	n
781127	2414	1744	n
791549	2415	1743	n
791804	2414	1744	n
792054	2413	1744	n
792305	2415	1744	n
792559	2414	1743	n
792814	2416	1744	n
793065	2412	1744	n
803446	2414	1744	n
803703	2415	1744	n
803954	2415	1744	n
804204	2415	1744	n
804455	2414	1744	n
804711	2415	1744	n
804962	2413	1744	n
815349	2415	1744	n
815601	2415	1744	n
815856	2416	1743	n
816107	2415	1744	n
816358	2416	1744	n
816615	2415	1744	n
826975	2414	1744	n
827226	2416	1744	n
827477	2416	1744	n
827732	2415	1744	n
827983	2416	1744	n
828234	2414	1744	n
828485	2413	1744	n
838912	2415	1744	n
839163	2415	1743	n
839414	2415	1741	n
839670	2414	1742	n
839920	2413	1743	n
840171	2413	1744	n
840422	2413	1743	n
850814	2414	1743	n
851065	2415	1744	n
851316	2413	1744	n
851569	2415	1744	n
851824	2415	1744	n
852074	2415	1743	n
852325	2416	1743	n
862737	2416	1744	n
862987	2416	1744	n
863238	2416	1744	n
863490	2415	1743	n
863746	2414	1744	n
863996	2416	1744	n
864247	2416	1744	n
874658	2415	1743	n
874909	2415	1744	n
875160	2414	1743	n
875411	2413	1742	n
875668	2415	1743	n
875919	2413	1744	n
876170	2413	1743	n
886563	2413	1743	n
886818	2414	1743	n
887069	2414	1744	n
887319	2413	1743	n
887576	2414	1743	n
887831	2412	1744	n
888082	2413	1744	n
898497	2415	1743	n
898752	2415	1744	n
899002	2415	1744	n
899253	2413	1743	n
899508	2413	1743	n
899763	2414	1743	n
900014	2413	1744	n
910396	2416	1744	n
910654	2415	1744	n
910905	2415	1743	n
911156	2415	1744	n
911407	2415	1743	n
911667	2414	1743	n
911918	2414	1744	n
922299	2415	1744	n
922551	2412	1743	n
922806	2415	1743	n
923057	2412	1742	n
923308	2414	1744	n
923562	2414	1744	n
933925	2416	1744	n
934176	2416	1744	n
934427	2414	1744	n
934682	2415	1744	n
934933	2414	1743	n
935184	2415	1744	n
935435	2415	1744	n
945862	2414	1744	n
946271	2415	1743	n
946534	2414	1744	n
946811	2415	1743	n
947062	2414	1743	n
947313	2415	1744	n
947574	2415	1744	n
958015	2414	1744	n
958492	2413	1743	n
958747	2414	1743	n
959006	2415	1744	n
959279	2416	1744	n
959532	2415	1744	n
959787	2416	1744	n
970150	2415	1744	n
970665	2416	1743	n
970916	2413	1744	n
971167	2415	1744	n
971418	2415	1743	n
971704	2413	1743	n
971955	2413	1742	n
982381	2415	1744	n
982797	2414	1743	n
983047	2415	1744	n
983307	2413	1744	n
983583	2414	1743	n
983837	2415	1744	n
984088	2414	1744	n
994456	2413	1744	n
994969	2416	1744	n
995220	2415	1744	n
995470	2416	1744	n
995733	2415	1744	n
996007	2413	1744	n
996258	2415	1744	n
996515	2415	1742	n
1006911	2415	1744	Time:00:00:00:00;;
1007640	2414	1743	n
1007890	2415	1744	n
1008141	2414	1742	n
1008423	2413	1743	n
1008678	2415	1742	n
1019072	2415	1744	n
1019551	2415	1744	n
1019815	2416	1743	n
1020088	2414	1743	n
1020339	2414	1743	n
1020594	2415	1744	n
1030991	2415	1744	n
1031501	2414	1743	n
1031756	2415	1743	n
1032007	2414	1743	n
1032267	2414	1743	n
1032545	2416	1744	n
1032800	2416	1744	n
1043187	2415	1744	n
1043679	2415	1744	n
1043954	2413	1744	n
1044205	2415	1744	n
1044456	2414	1744	n
1044721	2415	1744	n
1044994	2415	1743	n
1055383	2416	1743	n
1055871	2413	1744	n
1056130	2413	1744	n
1056404	2414	1744	n
1056662	2413	1743	n
1056913	2414	1743	n
1067302	2415	1743	Time:00:00:00:00;;
1068036	2415	1743	n
1068287	2413	1743	n
1068542	2412	1743	n
1068826	2414	1743	n
1069077	2415	1744	n
1079463	2413	1744	n
1079945	2415	1743	n
1080204	2415	1742	n
1080478	2416	1744	n
1080733	2415	1743	n
1080984	2414	1744	n
1081244	2414	1743	n
1091681	2415	1744	n
1092156	2415	1743	n
1092407	2415	1742	n
1092675	2416	1744	n
1092949	2416	1744	n
1093200	2415	1744	n
1103562	2414	1744	n
1104052	2416	1744	n
1104325	2416	1744	n
1104580	2415	1744	n
1104835	2415	1744	n
1105095	2415	1743	n
1105368	2415	1744	n
1115774	2415	1744	n
1116257	2413	1743	n
1116518	2415	1744	n
1116796	2415	1743	n
1117047	2414	1743	n
1117298	2415	1744	n
1117560	2415	1744	n
1127980	2415	1744	n
1128457	2413	1744	n
1128712	2415	1744	n
1128963	2413	1744	n
1129245	2415	1744	n
1129502	2415	1744	n
1129756	2415	1744	n
1140167	2413	1744	n
1140680	2414	1744	n
1140931	2411	1744	n
1141182	2414	1743	n
1141433	2413	1742	n
1141723	2413	1743	n
1152086	2414	1743	n
1152565	2415	1744	n
1152820	2413	1742	n
1153080	2414	1743	n
1153360	2415	1744	n
1153615	2414	1743	n
1153870	2414	1744	n
1164282	2414	1743	n
1164798	2415	1743	n
1165049	2414	1744	n
1165300	2416	1744	n
1165566	2416	1744	n
1165845	2415	1744	n
1166096	2414	1743	n
1176478	2416	1743	n
1176972	2414	1743	n
1177245	2414	1744	n
1177502	2414	1744	n
1177757	2416	1744	n
1178017	2415	1744	n
1188406	2414	1743	n
1188892	2414	1744	n
1189143	2414	1743	n
1189402	2413	1743	n
1189684	2413	1743	n
1189935	2413	1744	n
1190186	2415	1744	n
1200597	2415	1744	n
1201115	2416	1744	n
1201366	2414	1744	n
1201619	2415	1744	n
1201882	2415	1744	n
1202156	2413	1743	n
1202407	2413	1743	n
1212788	2415	1742	Time:00:00:00:00;;
1213479	2414	1744	n
1213735	2414	1744	n
1213985	2415	1744	n
1214236	2414	1743	n
1214488	2413	1743	n
1224864	2415	1744	n
1225115	2416	1744	n
1225365	2415	1744	n
1225618	2415	1744	n
1225873	2416	1743	n
1226124	2415	1744	n
1236562	2416	1744	n
1236817	2415	1743	n
1237068	2414	1744	n
1237319	2415	1743	n
1237574	2415	1744	n
1237829	2414	1744	n
1238080	2413	1744	n
1248501	2415	1743	n
1248756	2414	1743	n
1249007	2414	1743	n
1249258	2413	1742	n
1249515	2414	1743	n
1249770	2414	1743	n
1260175	2416	1743	n
1260426	2415	1744	n
1260681	2415	1744	n
1260931	2415	1743	n
1261182	2414	1744	n
1261433	2415	1744	n
1261689	2415	1744	n
1272129	2415	1744	n
1272379	2414	1744	n
1272638	2413	1743	n
1272889	2415	1744	n
1273140	2413	1743	n
1273391	2416	1743	n
1283789	2415	1743	n
1284040	2415	1744	n
1284291	2414	1744	n
1284546	2416	1744	n
1284801	2415	1744	n
1285052	2415	1743	n
1285303	2415	1744	n
1295680	2415	1744	n
1295931	2415	1744	n
1296181	2414	1744	n
1296432	2415	1744	n
1296688	2415	1743	n
1296939	2414	1744	n
1307336	2415	1744	n
1307591	2416	1743	n
1307846	2414	1744	n
1308097	2416	1744	n
1308348	2415	1744	n
1308601	2415	1744	n
1308856	2416	1744	n
1319222	2414	1743	n
1319472	2413	1743	n
1319728	2413	1744	n
1319979	2415	1744	n
1320230	2415	1744	n
1320480	2415	1744	n
1330882	2416	1744	n
1331133	2415	1744	n
1331384	2414	1744	n
1331641	2414	1744	n
1331892	2415	1744	n
1332143	2413	1744	n
1332394	2414	1743	n
1342772	2416	1743	n
1343023	2415	1742	n
1343274	2415	1743	n
1343528	2416	1743	n
1343784	2414	1743	n
1344035	2415	1743	n
1354428	2415	1744	n
1354684	2413	1744	n
1354935	2414	1743	n
1355186	2414	1744	n
1355437	2415	1744	n
1355693	2414	1744	n
1355944	2415	1744	n
1366314	2415	1744	n
1366566	2414	1744	n
1366821	2414	1744	n
1367072	2414	1744	n
1367323	2415	1743	n
1367580	2415	1744	n
1377974	2415	1744	n
1378225	2414	1744	n
1378476	2416	1744	n
1378731	2414	1743	n
1378982	2416	1743	n
1379233	2415	1744	n
1379484	2415	1743	n
1389861	2415	1744	n
1390111	2415	1744	n
1390362	2415	1744	n
1390617	2415	1743	n
1390872	2415	1744	n
1391123	2415	1744	n
1401525	2415	1744	n
1401780	2415	1743	n
1402031	2415	1744	n
1402282	2415	1744	n
1402535	2415	1744	n
1402789	2416	1744	n
1403040	2415	1744	n
1413407	2416	1743	n
1413667	2416	1743	n
1413918	2415	1744	n
1414169	2415	1744	n
1414420	2415	1744	n
1414675	2414	1744	n
1425067	2415	1744	n
1425318	2414	1744	n
1425573	2416	1744	n
1425828	2416	1743	n
1426079	2413	1743	n
1426330	2413	1743	n
1426583	2414	1744	n
1436953	2415	1744	n
1437204	2416	1744	n
1437454	2416	1744	n
1437710	2416	1744	n
1437961	2416	1744	n
1438212	2415	1744	n
1448613	2416	1744	n
1448869	2416	1744	n
1449120	2416	1744	n
1449370	2416	1744	n
1449625	2415	1743	n
1449880	2416	1744	n
1450131	2415	1744	n
1460504	2414	1744	n
1460760	2416	1744	n
1461010	2416	1744	n
1461261	2415	1744	n
1461514	2414	1744	n
1461770	2414	1743	n
1472159	2414	1743	n
1472410	2414	1744	n
1472667	2415	1743	n
1472918	2413	1743	n
1473169	2414	1744	n
1473420	2415	1744	n
1473675	2414	1743	n
1484046	2416	1744	n
1484296	2415	1744	n
1484549	2415	1744	n
1484804	2416	1744	n
1485055	2415	1744	n
1485306	2416	1744	n
1495710	2416	1744	n
1495961	2416	1743	n
1496212	2414	1743	n
1496463	2415	1743	n
1496718	2414	1744	n
1496969	2415	1744	n
1497220	2415	1744	n
1507597	2413	1744	n
1507852	2414	1744	n
1508103	2414	1743	n
1508354	2416	1744	n
1508611	2414	1744	n
1508866	2415	1744	n
1519252	2416	1744	n
1519509	2416	1744	n
1519764	2416	1744	n
1520015	2416	1744	n
1520266	2415	1744	n
1520523	2415	1744	n
1520778	2415	1744	n
1531138	2415	1744	n
1531388	2416	1744	n
1531649	2416	1744	n
1531900	2416	1744	n
1532151	2414	1744	n
1532401	2415	1744	n
1542798	2415	1744	n
1543049	2414	1743	n
1543300	2416	1743	n
1543556	2415	1743	n
1543811	2415	1744	n
1544062	2412	1744	n
1544313	2415	1743	n
1554687	2416	1744	n
1554938	2415	1744	n
1555189	2414	1743	n
1555440	2416	1743	n
1555701	2414	1744	n
1555952	2416	1744	n
1566344	2414	1744	n
1566600	2414	1743	n
1566855	2415	1744	n
1567106	2415	1743	n
1567357	2415	1744	n
1567611	2415	1744	n
1567866	2416	1744	n
1578231	2414	1744	n
1578481	2414	1744	n
1578737	2415	1744	n
1578988	2416	1744	n
1579239	2415	1744	n
1579492	2415	1744	n
1589891	2415	1744	n
1590142	2415	1744	n
1590393	2415	1744	n
1590654	2414	1744	n
1590905	2414	1744	n
1591156	2416	1744	n
1591407	2415	1744	n
1601780	2415	1744	n
1602031	2416	1744	n
1602282	2416	1744	n
1602535	2415	1744	n
1602789	2416	1744	n
1603040	2416	1744	n
1613437	2416	1744	n
1613694	2416	1744	n
1613945	2415	1744	n
1614195	2416	1744	n
1614446	2414	1744	n
1614703	2415	1744	n
1614954	2415	1743	n
1625323	2416	1744	n
1625576	2416	1744	n
1625831	2416	1744	n
1626082	2415	1744	n
1626333	2414	1743	n
1626586	2415	1744	n
1636983	2415	1743	n
1637234	2415	1744	n
1637485	2413	1744	n
1637744	2414	1743	n
1637995	2413	1744	n
1638246	2414	1743	n
1638501	2414	1744	n
1648869	2415	1744	n
1649119	2414	1744	n
1649370	2414	1744	n
1649625	2415	1744	n
1649880	2415	1744	n
1650131	2414	1744	n
1660532	2415	1744	n
1660787	2416	1744	n
1661038	2415	1744	n
1661289	2415	1744	n
1661546	2416	1744	n
1661800	2415	1744	n
1662051	2415	1744	n
1672416	2411	1743	n
1672671	2416	1744	n
1672922	2415	1744	n
1673173	2414	1744	n
1673424	2415	1743	n
1673679	2414	1743	n
1684076	2414	1744	n
1684327	2414	1744	n
1684583	2414	1744	n
1684838	2415	1744	n
1685089	2414	1744	n
1685339	2415	1743	n
1685594	2415	1743	n
1695962	2415	1744	n
1696212	2416	1744	n
1696463	2415	1744	n
1696718	2415	1744	n
1696969	2416	1744	n
1697220	2416	1744	n
1707622	2415	1744	n
1707878	2416	1744	n
1708129	2416	1744	n
1708380	2415	1744	n
1708638	2416	1744	n
1708889	2416	1744	n
1709140	2415	1744	n
1719511	2414	1744	n
1719766	2413	1744	n
1720017	2415	1744	n
1720268	2413	1743	n
1720525	2413	1743	n
1720780	2414	1744	n
1731168	2416	1744	n
1731419	2415	1744	n
1731675	2415	1743	n
1731926	2415	1744	n
1732177	2414	1744	n
1732428	2415	1744	n
1732683	2414	1744	n
1743054	2415	1744	n
1743305	2415	1744	n
1743559	2415	1744	n
1743814	2415	1744	n
1744065	2414	1744	n
1744315	2416	1744	n
1754717	2415	1744	n
1754968	2415	1744	n
1755218	2416	1743	n
1755469	2416	1744	n
1755725	2415	1744	n
1755976	2416	1744	n
1756227	2413	1744	n
1766603	2413	1744	n
1766858	2414	1743	n
1767109	2413	1743	n
1767360	2413	1743	n
1767614	2415	1743	n
1767869	2415	1744	n
1778261	2415	1744	n
1778514	2414	1744	n
1778770	2414	1744	n
1779020	2414	1744	n
1779271	2416	1744	n
1779526	2415	1744	n
1779781	2414	1744	n
1790147	2416	1744	n
1790397	2416	1744	n
1790659	2415	1744	n
1790910	2415	1743	n
1791160	2415	1742	n
1791411	2415	1744	n
1801807	2415	1744	n
1802058	2416	1744	n
1802309	2415	1744	n
1802566	2416	1744	n
1802821	2414	1743	n
1803072	2415	1744	n
1803323	2415	1744	n
1813697	2416	1744	n
1813948	2415	1743	n
1814199	2414	1744	n
1814450	2414	1744	n
1814708	2415	1744	n
1814958	2416	1744	n
1825353	2414	1744	n
1825608	2415	1744	n
1825863	2415	1744	n
1826114	2415	1743	n
1826365	2415	1744	n
1826618	2414	1744	n
1826873	2415	1744	n
1837239	2414	1744	n
1837491	2415	1744	n
1837747	2415	1744	n
1837998	2415	1744	n
1838248	2416	1744	n
1838504	2416	1744	n
1848899	2411	1744	n
1849150	2416	1744	n
1849401	2414	1743	n
1849662	2415	1744	n
1849913	2416	1744	n
1850164	2414	1743	n
1850415	2414	1742	n
1860788	2416	1744	n
1861039	2416	1744	n
1861290	2414	1744	n
1861545	2415	1744	n
1861800	2415	1744	n
1862051	2415	1744	n
1872446	2416	1744	n
1872703	2416	1744	n
1872954	2416	1744	n
1873205	2416	1744	n
1873456	2414	1744	n
1873712	2416	1744	n
1873962	2415	1744	n
1884332	2416	1745	n
1884585	2416	1744	n
1884840	2416	1745	n
1885091	2416	1744	n
1885342	2416	1744	n
1885597	2416	1744	n
1895992	2416	1744	n
1896243	2416	1744	n
1896497	2415	1744	n
1896752	2416	1744	n
1897003	2416	1744	n
1897254	2416	1744	n
1897509	2415	1744	n
1907878	2416	1744	n
1908128	2416	1744	n
1908379	2416	1744	n
1908638	2415	1744	n
1908889	2415	1744	n
1909140	2415	1745	n
1919542	2416	1744	n
1919797	2416	1744	n
1920047	2416	1744	n
1920298	2416	1744	n
1920551	2415	1744	n
1920806	2416	1744	n
1921057	2416	1744	n
1931424	2415	1744	n
1931679	2415	1744	n
1931930	2415	1744	n
1932181	2416	1744	n
1932432	2416	1747	n
1932687	2416	1744	n
1943084	2416	1744	n
1943456	2413	1744	n
1943734	2415	1743	n
1943985	2415	1744	n
1944236	2416	1744	n
1944502	2416	1744	n
1944780	2416	1744	n
1955142	2415	1744	n
1955620	2416	1744	n
1955875	2416	1744	n
1956157	2415	1743	n
1956408	2416	1744	n
1956668	2416	1744	n
1967028	2416	1744	n
1967514	2415	1744	n
1967792	2414	1743	n
1968043	2416	1744	n
1968294	2415	1744	n
1968559	2415	1744	n
1968836	2416	1744	n
1979241	2415	1744	n
1979584	2416	1744	n
1979839	2416	1744	n
1980090	2414	1744	n
1980372	2414	1744	n
1980632	2416	1744	n
1980883	2415	1744	n
1991281	2416	1744	n
1991797	2416	1744	n
1992048	2415	1744	n
1992299	2416	1744	n
1992552	2415	1744	n
1992838	2415	1744	n
2003253	2415	1744	Time:00:00:00:00;;
2003950	2415	1744	n
2004210	2416	1744	n
2004483	2415	1744	n
2004739	2416	1744	n
2004990	2416	1744	n
2015362	2416	1744	n
2015880	2416	1744	n
2016131	2416	1744	n
2016382	2415	1744	n
2016647	2415	1744	n
2016921	2416	1744	n
2017172	2416	1744	n
2027562	2416	1744	n
2028050	2416	1744	n
2028324	2416	1744	n
2028580	2415	1744	n
2028836	2414	1744	n
2029096	2414	1744	n
2029369	2415	1744	n
2039758	2416	1743	n
2040234	2416	1744	n
2040497	2416	1744	n
2040775	2416	1744	n
2041026	2416	1744	n
2041277	2415	1744	n
2051678	2416	1744	n
2052188	2415	1744	n
2052439	2416	1743	n
2052695	2415	1744	n
2052946	2415	1743	n
2053228	2416	1744	n
2053479	2414	1744	n
2063869	2416	1744	Time:00:00:00:00;;
2064574	2416	1745	n
2064851	2416	1744	n
2065102	2416	1744	n
2065353	2416	1743	n
2065618	2416	1744	n
2076031	2416	1744	n
2076514	2416	1744	n
2076770	2416	1744	n
2077029	2416	1744	n
2077302	2415	1744	n
2077559	2413	1743	n
2077814	2416	1743	n
2088227	2415	1744	n
2088742	2416	1744	n
2088993	2414	1744	n
2089244	2413	1744	n
2089509	2416	1744	n
2089786	2414	1744	n
2100146	2416	1744	n
2100631	2415	1744	n
2100890	2416	1744	n
2101163	2415	1744	n
2101414	2416	1743	n
2101670	2415	1744	n
2101929	2415	1744	n
2112350	2416	1744	n
2112842	2414	1743	n
2113093	2413	1742	n
2113344	2415	1744	n
2113636	2415	1743	n
2113887	2413	1744	n
2114138	2415	1744	n
2124542	2416	1744	n
2125056	2416	1744	n
2125306	2415	1744	n
2125562	2415	1744	n
2125817	2416	1745	n
2126099	2416	1744	n
2136457	2414	1744	n
2136938	2416	1744	n
2137189	2416	1744	n
2137448	2415	1744	n
2137731	2416	1744	n
2137982	2416	1744	n
2138233	2416	1744	n
2148657	2416	1744	n
2149165	2416	1744	n
2149416	2415	1744	n
2149672	2416	1744	n
2149931	2416	1744	n
2150205	2416	1744	n
2150456	2414	1744	n
2160848	2416	1744	n
2161339	2415	1743	n
2161617	2416	1744	n
2161872	2416	1744	n
2162123	2416	1744	n
2162383	2416	1744	n
2172820	2415	1744	n
2173304	2415	1744	n
2173558	2415	1744	n
2173822	2416	1744	n
2174096	2416	1743	n
2174346	2415	1743	n
2174600	2416	1744	n
2184964	2416	1744	n
2185473	2416	1744	n
2185729	2416	1744	n
2185980	2416	1744	n
2186238	2415	1744	n
2186514	2416	1744	n
2186769	2416	1744	n
2197160	2416	1744	n
2197650	2416	1744	n
2197932	2415	1744	n
2198183	2416	1744	n
2198434	2416	1745	n
2198689	2416	1744	n
2209115	2415	1744	n
2209603	2415	1744	n
2209858	2416	1744	n
2210109	2416	1744	n
2210391	2415	1744	n
2210649	2414	1744	n
2210900	2416	1744	n
2221259	2415	1744	Time:00:00:00:00;;
2221780	2415	1744	n
2222030	2416	1744	n
2222281	2415	1744	n
2222534	2416	1744	n
2222789	2415	1744	n
2233195	2416	1744	n
2233446	2416	1744	n
2233703	2416	1744	n
2233954	2415	1744	n
2234205	2415	1744	n
2234456	2416	1744	n
2244856	2415	1744	n
2245107	2415	1744	n
2245358	2415	1744	n
2245615	2414	1744	n
2245870	2415	1743	n
2246121	2415	1744	n
2246372	2415	1744	n
2256746	2416	1744	n
2256997	2415	1742	n
2257248	2416	1744	n
2257504	2415	1744	n
2257760	2415	1744	n
2258011	2416	1744	n
2268402	2416	1744	n
2268662	2416	1743	n
2268913	2416	1744	n
2269164	2416	1744	n
2269415	2416	1744	n
2269670	2416	1744	n
2269921	2416	1744	n
2280288	2416	1744	n
2280543	2416	1744	n
2280798	2415	1744	n
2281049	2416	1744	n
2281300	2416	1744	n
2281557	2416	1744	n
2291949	2415	1744	n
2292200	2414	1744	n
2292451	2414	1744	n
2292708	2416	1744	n
2292959	2415	1744	n
2293210	2415	1744	n
2293461	2415	1744	n
2303834	2415	1744	n
2304085	2416	1744	n
2304336	2414	1744	n
2304591	2415	1744	n
2304846	2415	1744	n
2305097	2415	1744	n
2315501	2415	1743	n
2315757	2415	1745	n
2316008	2415	1744	n
2316259	2416	1744	n
2316514	2415	1744	n
2316770	2416	1744	n
2317020	2416	1744	n
2327380	2416	1744	n
2327638	2416	1745	n
2327889	2416	1744	n
2328140	2416	1744	n
2328391	2416	1744	n
2328649	2415	1744	n
2339041	2416	1744	n
2339292	2416	1744	n
2339548	2416	1744	n
2339804	2415	1744	n
2340055	2416	1744	n
2340306	2415	1744	n
2340563	2416	1744	n
2350926	2416	1744	n
2351177	2415	1744	n
2351428	2415	1745	n
2351684	2415	1744	n
2351935	2416	1744	n
2352186	2416	1744	n
2362587	2415	1744	n
2362842	2416	1744	n
2363093	2416	1744	n
2363344	2415	1744	n
2363600	2415	1744	n
2363855	2415	1744	n
2364106	2416	1744	n
2374473	2416	1744	n
2374729	2416	1744	n
2374980	2416	1744	n
2375231	2416	1744	n
2375482	2416	1744	n
2375739	2416	1744	n
2386134	2416	1744	n
2386385	2415	1744	n
2386642	2416	1744	n
2386893	2415	1744	n
2387144	2415	1744	n
2387395	2416	1744	n
2387655	2415	1744	n
2398019	2416	1744	n
2398270	2415	1744	n
2398525	2415	1744	n
2398780	2415	1744	n
2399031	2415	1744	n
2399282	2415	1744	n
2409684	2416	1744	n
2409935	2416	1744	n
2410186	2416	1744	n
2410437	2415	1744	n
2410693	2416	1744	n
2410944	2416	1744	n
2411195	2415	1744	n
2421567	2416	1744	n
2421823	2414	1744	n
2422074	2411	1743	n
2422325	2413	1742	n
2422580	2415	1744	n
2422835	2413	1744	n
2433226	2414	1744	n
2433477	2414	1744	n
2433732	2415	1744	n
2433983	2415	1744	n
2434234	2416	1744	n
2434485	2416	1744	n
2434744	2416	1744	n
2445111	2416	1744	n
2445362	2416	1744	n
2445617	2416	1744	n
2445872	2416	1744	n
2446123	2416	1745	n
2446374	2416	1744	n
2456772	2416	1744	n
2457023	2416	1744	n
2457274	2416	1744	n
2457529	2415	1744	n
2457784	2416	1744	n
2458035	2416	1744	n
2458286	2416	1744	n
2468663	2415	1744	n
2468914	2415	1744	n
2469165	2416	1744	n
2469416	2415	1744	n
2469671	2414	1744	n
2469922	2415	1744	n
2480319	2414	1744	n
2480576	2415	1744	n
2480831	2415	1744	n
2481082	2416	1744	n
2481333	2415	1743	n
2481586	2415	1743	n
2481842	2416	1743	n
2492204	2416	1743	n
2492455	2415	1744	n
2492711	2416	1744	n
2492962	2415	1744	n
2493213	2415	1743	n
2493464	2416	1744	n
2503865	2416	1744	n
2504116	2416	1744	n
2504367	2415	1744	n
2504620	2416	1744	n
2504875	2416	1744	n
2505126	2415	1744	n
2505377	2415	1744	n
2515755	2415	1744	n
2516006	2416	1744	n
2516257	2415	1744	n
2516511	2416	1744	n
2516766	2416	1744	n
2517017	2415	1743	n
2527411	2416	1743	n
2527667	2416	1744	n
2527918	2415	1744	n
2528169	2415	1744	n
2528420	2416	1743	n
2528675	2414	1744	n
2528926	2416	1744	n
2539296	2416	1744	n
2539549	2416	1744	n
2539805	2416	1744	n
2540056	2415	1744	n
2540306	2415	1744	n
2540562	2416	1744	n
2550957	2416	1744	n
2551208	2416	1744	n
2551459	2415	1744	n
2551715	2416	1744	n
2551966	2416	1744	n
2552217	2416	1744	n
2552467	2416	1744	n
2562843	2416	1744	n
2563094	2414	1744	n
2563345	2415	1744	n
2563599	2416	1744	n
2563854	2415	1743	n
2564105	2416	1744	n
2574508	2416	1744	n
2574764	2415	1744	n
2575015	2415	1743	n
2575266	2416	1744	n
2575523	2415	1744	n
2575778	2415	1744	n
2576029	2415	1744	n
2586389	2416	1744	n
2586649	2415	1743	n
2586900	2415	1744	n
2587151	2415	1743	n
2587402	2416	1743	n
2587663	2415	1744	n
2598050	2416	1744	n
2598301	2413	1744	n
2598556	2416	1744	n
2598811	2415	1744	n
2599062	2414	1744	n
2599313	2413	1744	n
2599566	2415	1744	n
2609935	2415	1744	n
2610186	2414	1744	n
2610437	2416	1744	n
2610693	2415	1744	n
2610944	2416	1744	n
2611195	2415	1744	n
2621596	2416	1744	n
2621852	2415	1744	n
2622103	2415	1744	n
2622353	2416	1744	n
2622608	2416	1744	n
2622864	2416	1744	n
2623115	2416	1744	n
2633481	2415	1744	n
2633737	2415	1744	n
2633988	2416	1744	n
2634239	2416	1744	n
2634492	2415	1744	n
2634747	2416	1744	n
2645142	2416	1744	n
2645393	2416	1744	n
2645654	2416	1743	n
2645905	2415	1744	n
2646156	2415	1743	n
2646407	2414	1744	n
2646667	2416	1744	n
2657028	2413	1744	n
2657279	2415	1744	n
2657532	2415	1744	n
2657787	2414	1744	n
2658038	2416	1744	n
2658290	2414	1744	n
2668693	2416	1744	n
2668944	2416	1744	n
2669195	2415	1744	n
2669446	2416	1743	n
2669703	2416	1745	n
2669954	2416	1744	n
2670205	2416	1744	n
2680580	2416	1744	n
2680836	2416	1744	n
2681087	2415	1744	n
2681338	2416	1744	n
2681594	2415	1744	n
2681849	2416	1744	n
2692235	2416	1744	n
2692487	2413	1744	n
2692744	2415	1744	n
2692995	2416	1743	n
2693246	2415	1744	n
2693501	2416	1744	n
2693757	2416	1744	n
2704120	2416	1744	n
2704371	2416	1744	n
2704632	2415	1745	n
2704883	2416	1744	n
2705134	2414	1744	n
2705385	2415	1744	n
2715781	2416	1744	n
2716032	2416	1744	n
2716283	2416	1744	n
2716539	2416	1744	n
2716794	2416	1743	n
2717045	2416	1744	n
2717296	2416	1744	n
2727670	2416	1744	n
2727921	2416	1744	n
2728172	2415	1744	n
2728423	2414	1743	n
2728678	2416	1744	n
2728929	2416	1744	n
2739327	2415	1744	n
2739583	2415	1743	n
2739838	2416	1744	n
2740089	2415	1744	n
2740340	2415	1744	n
2740594	2416	1744	n
2740849	2416	1744	n
2751213	2416	1744	n
2751464	2416	1744	n
2751720	2415	1744	n
2751971	2416	1744	n
2752222	2414	1744	n
2752472	2416	1744	n
2762874	2416	1743	n
2763125	2416	1744	n
2763376	2416	1744	n
2763635	2415	1744	n
2763886	2416	1744	n
2764137	2416	1744	n
2764388	2416	1744	n
2774763	2414	1744	n
2775014	2415	1744	n
2775265	2414	1745	n
2775518	2415	1744	n
2775773	2415	1743	n
2776024	2416	1742	n
2786420	2415	1744	n
2786676	2416	1744	n
2786926	2415	1744	n
2787177	2414	1744	n
2787428	2415	1744	n
2787684	2414	1744	n
2787934	2415	1743	n
2798305	2415	1744	n
2798559	2415	1743	n
2798815	2416	1744	n
2799066	2416	1744	n
2799317	2416	1744	n
2799574	2416	1744	n
2809966	2416	1744	n
2810217	2416	1744	n
2810468	2416	1744	n
2810724	2416	1744	n
2810975	2416	1744	n
2811225	2416	1744	n
2811476	2416	1744	n
2821851	2416	1744	n
2822102	2415	1744	n
2822353	2416	1744	n
2822608	2416	1744	n
2822863	2415	1744	n
2823114	2416	1743	n
2833514	2414	1744	n
2833770	2415	1744	n
2834021	2415	1744	n
2834271	2415	1744	n
2834526	2415	1744	n
2834781	2416	1744	n
2835032	2416	1743	n
2845398	2416	1744	n
2845658	2415	1743	n
2845909	2416	1744	n
2846160	2416	1744	n
2846411	2415	1743	n
2846667	2416	1744	n
2857059	2416	1744	n
2857310	2416	1744	n
2857565	2416	1744	n
2857820	2416	1744	n
2858071	2415	1744	n
2858322	2416	1744	n
2858576	2415	1744	n
2868944	2416	1742	n
2869195	2415	1744	n
2869446	2414	1744	n
2869703	2415	1744	n
2869954	2415	1744	n
2870205	2415	1744	n
2880605	2416	1743	n
2880860	2416	1744	n
2881111	2416	1744	n
2881362	2415	1744	n
2881617	2416	1744	n
2881872	2416	1744	n
2882123	2416	1744	n
2892492	2416	1744	n
2892747	2416	1744	n
2892997	2416	1744	n
2893248	2416	1744	n
2893504	2415	1744	n
2893760	2415	1744	n
2904151	2416	1744	n
2904402	2416	1744	n
2904663	2416	1744	n
2904914	2416	1744	n
2905165	2416	1744	n
2905416	2416	1743	n
2905671	2414	1743	n
2916036	2416	1744	n
2916287	2416	1744	n
2916542	2416	1744	n
2916797	2416	1744	n
2917048	2416	1744	n
2917299	2416	1744	n
2927700	2416	1744	n
2927951	2416	1744	n
2928202	2414	1744	n
2928452	2415	1744	n
2928709	2416	1744	n
2928960	2415	1744	n
2929211	2415	1744	n
2939586	2416	1744	n
2939841	2416	1744	n
2940092	2415	1744	n
2940343	2415	1744	n
2940597	2416	1744	n
2940852	2416	1744	n
2951244	2416	1744	n
2951501	2413	1742	n
2951757	2416	1744	n
2952008	2416	1744	n
2952259	2416	1743	n
2952514	2415	1744	n
2952770	2415	1744	n
2963129	2415	1744	n
2963380	2415	1743	n
2963638	2415	1744	n
2963889	2414	1744	n
2964140	2415	1744	n
2964391	2415	1743	n
2974790	2416	1744	n
2975041	2416	1744	n
2975292	2414	1743	n
2975549	2415	1744	n
2975804	2416	1743	n
2976054	2414	1744	n
2976305	2415	1744	n
2986680	2416	1744	n
2987110	2415	1744	n
2987361	2415	1745	n
2987649	2415	1743	n
2987900	2416	1744	n
2988151	2416	1743	n
2998561	2416	1744	n
2999073	2414	1744	n
2999324	2416	1745	n
2999580	2416	1744	n
2999835	2416	1744	n
3000118	2416	1744	n
3000369	2416	1743	n
3010773	2415	1744	Time:00:00:00:00;;
3011471	2416	1744	n
3011750	2416	1744	n
3012001	2415	1742	n
3012252	2416	1744	n
3012514	2415	1744	n
3022952	2415	1744	n
3023428	2416	1747	n
3023683	2416	1744	n
3023943	2416	1744	n
3024216	2416	1744	n
3024467	2416	1744	n
3024722	2415	1744	n
3035078	2416	1744	n
3035591	2415	1744	n
3035846	2416	1744	n
3036097	2416	1744	n
3036356	2413	1744	n
3036638	2415	1744	n
3047033	2414	1744	n
3047514	2415	1744	n
3047778	2416	1744	n
3048051	2416	1744	n
3048302	2415	1744	n
3048559	2416	1744	n
3048823	2415	1744	n
3059255	2414	1743	Time:00:00:00:00;;
3059959	2414	1744	n
3060210	2415	1744	n
3060497	2415	1744	n
3060752	2415	1744	n
3061003	2416	1744	n
3071442	2416	1744	n
3071957	2416	1744	n
3072208	2416	1744	n
3072459	2416	1744	n
3072715	2416	1744	n
3072997	2416	1744	n
3073247	2416	1744	n
3083645	2414	1744	n
3084121	2416	1744	n
3084403	2416	1744	n
3084662	2413	1744	n
3084913	2416	1744	n
3085164	2415	1743	n
3095592	2415	1744	n
3096080	2416	1744	n
3096331	2415	1744	n
3096584	2416	1744	n
3096848	2416	1744	n
3097124	2415	1744	n
3097375	2416	1744	n
3107804	2416	1744	n
3108296	2416	1744	n
3108573	2416	1744	n
3108828	2415	1744	n
3109079	2415	1744	n
3109339	2416	1744	n
3109618	2416	1744	n
3120018	2416	1744	n
3120497	2416	1744	n
3120761	2416	1744	n
3121035	2415	1744	n
3121286	2415	1744	n
3121542	2416	1744	n
3121805	2416	1745	n
3132206	2416	1744	n
3132691	2415	1744	n
3132942	2416	1744	n
3133202	2416	1744	n
3133475	2416	1744	n
3133731	2416	1744	n
3144116	2415	1744	n
3144606	2416	1743	n
3144883	2416	1744	n
3145134	2415	1744	n
3145385	2416	1744	n
3145649	2415	1744	n
3145922	2416	1744	n
3156312	2416	1744	n
3156804	2415	1744	n
3157055	2416	1744	n
3157337	2415	1744	n
3157594	2415	1744	n
3157849	2416	1744	n
3158100	2415	1744	n
3168511	2416	1744	n
3169002	2415	1744	n
3169253	2416	1744	n
3169508	2416	1744	n
3169794	2415	1744	n
3170045	2415	1744	n
3180427	2416	1746	n
3180914	2416	1744	n
3181174	2416	1744	n
3181447	2415	1744	n
3181708	2416	1744	n
3181959	2415	1744	n
3182219	2414	1744	n
3192623	2416	1744	n
3193111	2416	1744	n
3193362	2416	1744	n
3193626	2416	1744	n
3193903	2416	1744	n
3194154	2416	1744	n
3194405	2415	1744	n
3204819	2416	1744	n
3205327	2416	1744	n
3205583	2416	1744	n
3205838	2415	1744	n
3206098	2415	1744	n
3206371	2416	1744	n
3216738	2415	1744	Time:00:00:00:00;;
3217339	2414	1744	n
3217593	2415	1744	n
3217848	2415	1744	n
3218099	2416	1744	n
3218350	2416	1744	n
3228745	2415	1743	n
3228996	2415	1744	n
3229247	2415	1744	n
3229501	2415	1744	n
3229757	2415	1744	n
3230008	2416	1744	n
3230259	2415	1744	n
3240703	2414	1744	n
3240954	2416	1744	n
3241205	2416	1744	n
3241456	2415	1744	n
3241712	2416	1744	n
3241963	2415	1744	n
3252359	2416	1745	n
3252614	2416	1745	n
3252869	2416	1745	n
3253120	2416	1744	n
3253371	2416	1744	n
3253632	2416	1744	n
3253883	2414	1744	n
3264246	2416	1744	n
3264501	2416	1744	n
3264757	2415	1744	n
3265007	2416	1744	n
3265258	2415	1744	n
3265514	2415	1744	n
3275906	2416	1744	n
3276157	2415	1744	n
3276408	2416	1743	n
3276667	2415	1744	n
3276918	2417	1744	n
3277169	2416	1744	n
3277420	2415	1744	n
3287794	2416	1744	n
3288045	2416	1744	n
3288296	2416	1744	n
3288549	2416	1744	n
3288804	2416	1744	n
3289055	2415	1744	n
3299452	2416	1744	n
3299709	2416	1744	n
3299960	2416	1744	n
3300211	2416	1744	n
3300462	2415	1744	n
3300717	2416	1744	n
3300968	2415	1744	n
3311338	2416	1744	n
3311594	2416	1744	n
3311849	2416	1744	n
3312100	2416	1744	n
3312351	2415	1744	n
3312603	2416	1744	n
3322998	2416	1744	n
3323249	2416	1744	n
3323504	2416	1744	n
3323759	2416	1744	n
3324010	2416	1744	n
3324261	2416	1744	n
3324514	2416	1744	n
3334884	2416	1744	n
3335135	2415	1744	n
3335386	2415	1744	n
3335642	2415	1743	n
3335893	2416	1744	n
3336144	2416	1744	n
3346548	2416	1744	n
3346803	2416	1744	n
3347054	2415	1744	n
3347305	2416	1744	n
3347559	2416	1744	n
3347815	2415	1744	n
3348066	2416	1744	n
3358431	2416	1745	n
3358686	2415	1744	n
3358937	2415	1744	n
3359188	2415	1744	n
3359439	2416	1744	n
3359695	2415	1744	n
3370091	2415	1744	n
3370342	2415	1745	n
3370597	2415	1744	n
3370852	2415	1744	n
3371103	2415	1744	n
3371354	2415	1744	n
3371611	2416	1744	n
3381977	2416	1744	n
3382227	2416	1744	n
3382478	2416	1745	n
3382734	2416	1744	n
3382985	2416	1744	n
3383236	2416	1744	n
3393642	2416	1744	n
3393893	2416	1744	n
3394144	2413	1744	n
3394395	2416	1743	n
3394654	2415	1744	n
3394905	2416	1744	n
3395156	2415	1744	n
3405529	2415	1744	n
3405784	2416	1744	n
3406035	2416	1744	n
3406286	2415	1744	n
3406542	2416	1744	n
3406797	2416	1744	n
3417183	2416	1744	n
3417434	2415	1744	n
3417690	2416	1744	n
3417941	2416	1745	n
3418192	2416	1744	n
3418443	2416	1744	n
3418701	2415	1744	n
3429069	2416	1744	n
3429320	2416	1744	n
3429576	2416	1745	n
3429831	2416	1744	n
3430082	2416	1744	n
3430333	2416	1744	n
3440729	2416	1744	n
3440980	2416	1744	n
3441231	2416	1744	n
3441482	2413	1743	n
3441739	2414	1744	n
3441990	2415	1744	n
3442241	2415	1744	n
3452617	2416	1744	n
3452873	2416	1744	n
3453123	2416	1744	n
3453374	2416	1744	n
3453636	2415	1744	n
3453887	2416	1744	n
3464276	2416	1744	n
3464531	2416	1744	n
3464785	2416	1744	n
3465036	2416	1744	n
3465287	2416	1744	n
3465542	2416	1744	n
3465797	2416	1744	n
3476162	2416	1744	n
3476413	2416	1744	n
3476669	2416	1744	n
3476920	2416	1744	n
3477170	2415	1744	n
3477421	2415	1744	n
3487822	2416	1744	n
3488073	2415	1744	n
3488324	2415	1744	n
3488579	2415	1744	n
3488835	2415	1743	n
3489086	2415	1744	n
3489337	2416	1744	n
3499712	2416	1744	n
3499963	2416	1744	n
3500214	2416	1744	n
3500465	2416	1744	n
3500720	2416	1744	n
3500971	2416	1744	n
3511368	2416	1744	n
3511625	2416	1744	n
3511880	2416	1744	n
3512131	2416	1744	n
3512382	2416	1744	n
3512639	2416	1745	n
3512890	2415	1744	n
3523254	2416	1744	n
3523508	2416	1744	n
3523764	2416	1744	n
3524015	2416	1744	n
3524265	2416	1744	n
3524522	2415	1744	n
3534914	2416	1744	n
3535165	2415	1744	n
3535416	2416	1744	n
3535672	2416	1744	n
3535923	2416	1744	n
3536174	2414	1744	n
3536425	2415	1744	n
3546801	2416	1744	n
3547051	2416	1744	n
3547302	2416	1745	n
3547559	2417	1744	n
3547814	2416	1744	n
3548065	2415	1744	n
3558461	2416	1744	n
3558717	2416	1744	n
3558968	2416	1744	n
3559219	2416	1744	n
3559470	2418	1744	n
3559725	2416	1744	n
3559976	2416	1744	n
3570347	2416	1744	n
3570600	2414	1744	n
3570855	2414	1744	n
3571105	2416	1744	n
3571356	2416	1744	n
3571610	2416	1744	n
3582007	2416	1745	n
3582258	2416	1744	n
3582514	2416	1744	n
3582769	2416	1744	n
3583020	2414	1744	n
3583271	2415	1744	n
3583525	2416	1744	n
3593893	2416	1744	n
3594143	2415	1744	n
3594394	2416	1744	n
3594653	2416	1744	n
3594904	2416	1744	n
3595155	2415	1744	n
3605559	2416	1745	n
3605814	2416	1744	n
3606065	2416	1744	n
3606316	2416	1744	n
3606569	2416	1744	n
3606824	2416	1744	n
3607075	2415	1744	n
3617439	2415	1744	n
3617695	2416	1743	n
3617946	2416	1744	n
3618197	2415	1744	n
3618448	2415	1744	n
3618708	2414	1744	n
3629099	2416	1744	n
3629350	2416	1744	n
3629603	2416	1744	n
3629858	2415	1744	n
3630109	2416	1744	n
3630360	2416	1744	n
3630614	2416	1744	n
3640986	2416	1744	n
3641237	2416	1745	n
3641488	2416	1744	n
3641744	2415	1744	n
3641995	2415	1744	n
3642246	2415	1744	n
3652651	2416	1744	n
3652902	2416	1744	n
3653153	2415	1743	n
3653404	2416	1744	n
3653662	2416	1744	n
3653913	2415	1744	n
3654164	2415	1744	n
3664534	2415	1744	n
3664789	2416	1744	n
3665040	2414	1744	n
3665291	2415	1744	n
3665545	2415	1744	n
3665800	2416	1744	n
3676192	2416	1744	n
3676443	2416	1743	n
3676701	2415	1744	n
3676952	2416	1744	n
3677203	2415	1744	n
3677454	2415	1744	n
3677710	2416	1744	n
3688078	2416	1744	n
3688329	2416	1745	n
3688583	2416	1744	n
3688837	2416	1744	n
3689088	2416	1744	n
3689339	2416	1744	n
3699738	2415	1744	n
3699989	2416	1744	n
3700240	2416	1744	n
3700492	2416	1745	n
3700748	2416	1745	n
3700999	2415	1744	n
3701250	2416	1744	n
3711632	2415	1744	n
3711882	2416	1744	n
3712133	2416	1744	n
3712384	2416	1744	n
3712642	2415	1744	n
3712893	2415	1744	n
3723284	2417	1744	n
3723539	2416	1744	n
3723794	2415	1744	n
3724045	2416	1744	n
3724296	2416	1744	n
3724549	2415	1744	n
3724805	2416	1744	n
3735171	2416	1744	n
3735422	2416	1744	n
3735677	2416	1744	n
3735928	2415	1744	n
3736179	2416	1744	n
3736429	2416	1745	n
3746831	2414	1744	n
3747082	2416	1744	n
3747333	2415	1743	n
3747586	2415	1743	n
3747841	2415	1744	n
3748092	2414	1744	n
3748343	2416	1744	n
3758721	2416	1744	n
3758972	2416	1744	n
3759223	2416	1744	n
3759474	2416	1744	n
3759729	2416	1744	n
3759981	2416	1744	n
3770377	2415	1744	n
3770639	2416	1744	n
3770890	2416	1744	n
3771141	2416	1744	n
3771392	2416	1744	n
3771649	2416	1744	n
3771900	2416	1744	n
3782263	2416	1744	n
3782515	2416	1744	n
3782770	2416	1744	n
3783021	2416	1744	n
3783272	2416	1745	n
3783529	2416	1744	n
3793923	2416	1744	n
3794174	2416	1744	n
3794425	2416	1745	n
3794681	2415	1744	n
3794931	2415	1744	n
3795182	2414	1743	n
3795433	2415	1744	n
3805809	2415	1744	n
3806059	2416	1744	n
3806310	2415	1744	n
3806565	2416	1744	n
3806820	2416	1744	n
3807071	2416	1744	n
3817469	2416	1744	n
3817725	2416	1744	n
3817976	2416	1744	n
3818227	2416	1744	n
3818478	2416	1744	n
3818733	2416	1744	n
3818984	2416	1744	n
3829356	2415	1744	n
3829611	2416	1744	n
3829866	2416	1744	n
3830117	2416	1744	n
3830368	2416	1745	n
3830621	2416	1744	n
3841016	2416	1744	n
3841267	2415	1744	n
3841522	2416	1744	n
3841777	2415	1744	n
3842028	2415	1744	n
3842279	2415	1744	n
3842532	2416	1744	n
3852902	2416	1744	n
3853153	2415	1744	n
3853403	2415	1744	n
3853662	2414	1743	n
3853913	2415	1744	n
3854164	2416	1744	n
3864565	2416	1744	n
3864820	2416	1744	n
3865071	2416	1744	n
3865322	2415	1744	n
3865576	2416	1744	n
3865831	2415	1744	n
3866082	2415	1744	n
3876448	2415	1744	n
3876708	2416	1744	n
3876959	2416	1744	n
3877210	2416	1744	n
3877461	2415	1744	n
3877715	2416	1744	n
3888108	2416	1744	n
3888359	2415	1744	n
3888614	2415	1744	n
3888869	2415	1744	n
3889120	2415	1744	n
3889371	2415	1744	n
3889632	2415	1744	n
3899994	2415	1744	n
3900244	2416	1744	n
3900501	2416	1744	n
3900757	2416	1744	n
3901008	2416	1744	n
3901259	2414	1744	n
3911659	2416	1744	n
3911910	2416	1744	n
3912161	2416	1744	n
3912412	2415	1744	n
3912668	2415	1745	n
3912919	2416	1744	n
3913170	2416	1744	n
3923546	2416	1744	n
3923801	2416	1745	n
3924052	2416	1744	n
3924303	2416	1744	n
3924560	2416	1743	n
3924815	2414	1744	n
3935201	2416	1744	n
3935452	2415	1744	n
3935709	2416	1745	n
3935959	2416	1744	n
3936210	2416	1744	n
3936461	2415	1744	n
3936716	2416	1744	n
3947087	2416	1744	n
3947338	2416	1744	n
3947594	2416	1744	n
3947849	2416	1744	n
3948100	2416	1744	n
3948351	2416	1744	n
3958747	2416	1744	n
3958998	2416	1744	n
3959249	2416	1744	n
3959505	2416	1744	n
3959760	2416	1744	n
3960011	2416	1744	n
3960262	2416	1745	n
3970639	2415	1744	n
3970890	2415	1744	n
3971141	2416	1744	n
3971392	2416	1744	n
3971649	2415	1744	n
3971900	2416	1744	n
3982302	2416	1744	n
3982649	2416	1744	n
3982900	2416	1744	n
3983150	2416	1744	n
3983410	2416	1744	n
3983690	2416	1744	n
3983941	2416	1744	n
3994351	2416	1744	n
3994845	2416	1744	n
3995119	2416	1744	n
3995370	2416	1744	n
3995625	2416	1744	n
3995889	2416	1744	n
4006306	2416	1744	Time:00:00:00:00;;
4007005	2416	1744	n
4007256	2416	1744	n
4007543	2416	1744	n
4007798	2416	1744	n
4008049	2416	1744	n
4018432	2416	1744	n
4018945	2415	1744	n
4019196	2415	1744	n
4019447	2415	1744	n
4019703	2416	1744	n
4019985	2416	1744	n
4020236	2416	1744	n
4030632	2416	1744	n
4031107	2416	1744	n
4031366	2416	1744	n
4031649	2416	1744	n
4031900	2416	1744	n
4032151	2415	1744	n
4032411	2416	1744	n
4042832	2416	1744	n
4043308	2416	1745	n
4043565	2416	1744	n
4043829	2416	1744	n
4044104	2416	1744	n
4044355	2416	1744	n
4054726	2416	1744	n
4055213	2416	1744	n
4055487	2413	1744	n
4055744	2416	1744	n
4055995	2414	1744	n
4056254	2416	1745	n
4056531	2416	1744	n
4066939	2416	1744	Time:00:00:00:00;;
4067640	2416	1744	n
4067923	2416	1744	n
4068174	2416	1744	n
4068425	2416	1744	n
4068680	2416	1744	n
4079101	2416	1744	n
4079591	2416	1744	n
4079846	2415	1744	n
4080097	2416	1744	n
4080378	2416	1744	n
4080639	2415	1744	n
4080890	2416	1744	n
4091297	2416	1744	n
4091811	2416	1744	n
4092062	2416	1744	n
4092313	2416	1745	n
4092566	2416	1744	n
4092850	2416	1745	n
4103216	2416	1745	n
4103704	2416	1744	n
4103955	2416	1744	n
4104215	2416	1744	n
4104489	2416	1744	n
4104745	2416	1744	n
4104996	2415	1744	n
4115412	2414	1744	n
4115931	2416	1744	n
4116182	2415	1744	n
4116433	2415	1745	n
4116697	2415	1744	n
4116971	2416	1744	n
4117222	2416	1744	n
4127610	2416	1744	n
4128100	2415	1744	n
4128373	2415	1744	n
4128632	2415	1744	n
4128883	2415	1744	n
4129142	2416	1744	n
4139579	2416	1744	n
4140060	2416	1744	n
4140310	2415	1744	n
4140574	2416	1744	n
4140851	2415	1745	n
4141102	2416	1744	n
4141353	2416	1744	n
4151727	2416	1744	n
4152236	2415	1744	n
4152487	2415	1744	n
4152744	2416	1744	n
4152995	2415	1744	n
4153284	2415	1744	n
4153539	2416	1744	n
4163918	2416	1744	n
4164395	2416	1744	n
4164684	2416	1744	n
4164935	2415	1744	n
4165186	2416	1744	n
4165437	2416	1744	n
4175873	2416	1744	n
4176363	2416	1744	n
4176617	2416	1744	n
4176872	2416	1744	n
4177132	2416	1744	n
4177405	2416	1744	n
4177663	2415	1744	n
4188086	2416	1744	n
4188580	2415	1744	n
4188858	2415	1744	n
4189109	2416	1744	n
4189360	2415	1742	n
4189625	2416	1744	n
4189903	2414	1744	n
4200299	2416	1744	n
4200790	2415	1744	n
4201050	2415	1744	n
4201323	2415	1744	n
4201580	2416	1744	n
4201836	2416	1744	n
4202096	2416	1744	n
4212487	2416	1744	Time:00:00:00:00;;
4213184	2416	1744	n
4213435	2415	1744	n
4213690	2416	1744	n
4213941	2416	1744	n
4224363	2417	1745	n
4224617	2417	1744	n
4224872	2416	1744	n
4225123	2416	1744	n
4225374	2416	1744	n
4225632	2416	1744	n
4225883	2416	1744	n
4236248	2416	1744	n
4236504	2416	1744	n
4236759	2416	1744	n
4237010	2416	1744	n
4237261	2416	1744	n
4237514	2416	1744	n
4247909	2416	1744	n
4248160	2416	1744	n
4248411	2416	1744	n
4248668	2416	1744	n
4248919	2415	1744	n
4249170	2416	1744	n
4249421	2416	1744	n
4259794	2416	1744	n
4260045	2416	1744	n
4260296	2416	1744	n
4260549	2416	1744	n
4260804	2416	1744	n
4261055	2415	1744	n
4271455	2416	1744	n
4271711	2416	1744	n
4271962	2416	1744	n
4272213	2416	1744	n
4272464	2416	1744	n
4272719	2416	1744	n
4272970	2416	1744	n
4283341	2416	1744	n
4283598	2416	1745	n
4283853	2416	1744	n
4284104	2416	1744	n
4284354	2416	1744	n
4284610	2416	1744	n
4295002	2416	1744	n
4295253	2416	1744	n
4295508	2415	1743	n
4295763	2416	1744	n
4296014	2416	1745	n
4296265	2416	1744	n
4296518	2416	1744	n
4306887	2416	1744	n
4307138	2416	1744	n
4307389	2416	1744	n
4307649	2416	1744	n
4307900	2416	1744	n
4308151	2416	1744	n
4318549	2416	1744	n
4318804	2416	1744	n
4319055	2416	1744	n
4319306	2416	1744	n
4319563	2416	1744	n
4319818	2416	1745	n
4320069	2415	1744	n
4330433	2416	1744	n
4330688	2415	1744	n
4330940	2416	1744	n
4331191	2416	1744	n
4331442	2415	1744	n
4331701	2415	1744	n
4342094	2416	1744	n
4342345	2416	1744	n
4342599	2416	1744	n
4342854	2416	1744	n
4343106	2416	1744	n
4343356	2415	1744	n
4343610	2416	1745	n
4353979	2416	1745	n
4354230	2416	1746	n
4354481	2416	1745	n
4354737	2416	1744	n
4354988	2416	1744	n
4355239	2416	1745	n
4365645	2416	1744	n
4365896	2416	1744	n
4366147	2416	1744	n
4366398	2416	1744	n
4366658	2415	1744	n
4366909	2415	1744	n
4367160	2415	1744	n
4377532	2416	1744	n
4377787	2416	1744	n
4378038	2416	1744	n
4378289	2416	1744	n
4378546	2416	1744	n
4378801	2416	1744	n
4389187	2416	1744	n
4389438	2415	1744	n
4389695	2416	1744	n
4389946	2416	1744	n
4390197	2416	1744	n
4390448	2416	1744	n
4390708	2416	1744	n
4401072	2416	1744	n
4401323	2416	1744	n
4401580	2416	1744	n
4401836	2416	1746	n
4402087	2416	1744	n
4402338	2416	1744	n
4412733	2416	1744	n
4412984	2416	1744	n
4413235	2416	1745	n
4413486	2416	1744	n
4413744	2416	1744	n
4413995	2415	1744	n
4414246	2416	1744	n
4424618	2416	1744	n
4424873	2416	1744	n
4425124	2416	1744	n
4425375	2416	1744	n
4425636	2414	1744	n
4425887	2416	1744	n
4436279	2416	1744	n
4436532	2416	1744	n
4436788	2417	1744	n
4437039	2416	1744	n
4437290	2416	1744	n
4437547	2415	1744	n
4437802	2416	1744	n
4448164	2416	1744	n
4448415	2416	1744	n
4448671	2416	1744	n
4448922	2416	1744	n
4449173	2416	1744	n
4449424	2416	1744	n
4459825	2416	1744	n
4460076	2416	1744	n
4460327	2416	1744	n
4460583	2416	1744	n
4460838	2416	1744	n
4461089	2415	1744	n
4461340	2416	1743	n
4471715	2415	1744	n
4471966	2416	1744	n
4472217	2416	1744	n
4472468	2416	1744	n
4472723	2416	1745	n
4472974	2416	1744	n
4483372	2416	1744	n
4483632	2416	1744	n
4483882	2416	1744	n
4484134	2415	1744	n
4484385	2416	1744	n
4484642	2416	1744	n
4484893	2416	1744	n
4495257	2416	1744	n
4495511	2416	1744	n
4495767	2416	1744	n
4496017	2416	1744	n
4496268	2416	1744	n
4496525	2416	1744	n
4506918	2416	1744	n
4507169	2416	1744	n
4507420	2415	1744	n
4507675	2415	1744	n
4507926	2416	1744	n
4508177	2416	1744	n
4508428	2415	1744	n
4518803	2416	1744	n
4519054	2416	1744	n
4519305	2416	1744	n
4519559	2416	1744	n
4519814	2416	1744	n
4520065	2414	1744	n
4530464	2416	1744	n
4530720	2416	1744	n
4530971	2415	1744	n
4531222	2416	1744	n
4531472	2417	1744	n
4531728	2416	1743	n
4531979	2415	1744	n
4542349	2416	1744	n
4542602	2416	1744	n
4542857	2416	1744	n
4543108	2416	1743	n
4543359	2416	1744	n
4543614	2414	1744	n
4554010	2416	1744	n
4554261	2416	1744	n
4554514	2416	1744	n
4554769	2416	1744	n
4555020	2416	1744	n
4555271	2415	1744	n
4555529	2416	1744	n
4565896	2415	1744	n
4566147	2416	1744	n
4566398	2416	1744	n
4566659	2415	1744	n
4566910	2416	1745	n
4567161	2416	1744	n
4577557	2416	1745	n
4577812	2416	1744	n
4578063	2415	1744	n
4578314	2416	1744	n
4578567	2416	1744	n
4578822	2416	1744	n
4579073	2416	1744	n
4589442	2416	1744	n
4589701	2416	1744	n
4589952	2416	1744	n
4590203	2416	1744	n
4590454	2415	1744	n
4590710	2416	1744	n
4601103	2416	1744	n
4601354	2416	1744	n
4601611	2416	1744	n
4601866	2416	1744	n
4602117	2416	1744	n
4602368	2416	1744	n
4602621	2415	1744	n
4612988	2416	1744	n
4613239	2416	1744	n
4613491	2415	1744	n
4613747	2416	1744	n
4613998	2415	1744	n
4614249	2416	1744	n
4624654	2416	1744	n
4624905	2416	1744	n
4625156	2416	1744	n
4625406	2416	1744	n
4625667	2416	1744	n
4625918	2417	1744	n
4626169	2416	1744	n
4636540	2416	1744	n
4636795	2416	1744	n
4637046	2416	1744	n
4637297	2415	1744	n
4637550	2416	1744	n
4637805	2416	1745	n
4648195	2416	1744	n
4648446	2416	1744	n
4648703	2416	1744	n
4648954	2416	1744	n
4649205	2416	1744	n
4649456	2416	1744	n
4649711	2416	1744	n
4660081	2416	1744	n
4660332	2416	1745	n
4660585	2416	1744	n
4660840	2416	1744	n
4661091	2416	1744	n
4661342	2416	1744	n
4671742	2417	1744	n
4671993	2416	1744	n
4672244	2416	1744	n
4672501	2417	1744	n
4672757	2416	1744	n
4673008	2415	1744	n
4673259	2414	1744	n
4683631	2416	1744	n
4683881	2415	1744	n
4684132	2416	1744	n
4684383	2416	1744	n
4684640	2415	1743	n
4684891	2416	1744	n
4695288	2416	1744	n
4695542	2416	1745	n
4695797	2416	1744	n
4696048	2416	1744	n
4696299	2416	1745	n
4696552	2416	1744	n
4696807	2416	1744	n
4707173	2416	1744	n
4707424	2416	1744	n
4707679	2415	1744	n
4707930	2416	1744	n
4708181	2415	1744	n
4708432	2415	1744	n
4718834	2414	1744	n
4719085	2416	1743	n
4719336	2415	1744	n
4719591	2415	1744	n
4719846	2416	1744	n
4720097	2414	1744	n
4720348	2415	1744	n
4730723	2416	1744	n
4730974	2416	1744	n
4731225	2416	1745	n
4731476	2416	1744	n
4731731	2416	1745	n
4731982	2416	1744	n
4742380	2416	1744	n
4742638	2415	1744	n
4742889	2416	1744	n
4743140	2415	1744	n
4743391	2415	1744	n
4743649	2416	1744	n
4743900	2416	1744	n
4754266	2416	1744	n
4754523	2416	1744	n
4754778	2416	1744	n
4755029	2415	1744	n
4755280	2416	1743	n
4755533	2415	1744	n
4765927	2416	1744	n
4766178	2415	1744	n
4766429	2415	1744	n
4766685	2416	1744	n
4766935	2415	1744	n
4767187	2415	1744	n
4767438	2416	1744	n
4777812	2416	1744	n
4778063	2416	1744	n
4778314	2416	1744	n
4778567	2416	1744	n
4778822	2416	1744	n
4779073	2415	1744	n
4789473	2416	1744	n
4789729	2416	1744	n
4789980	2416	1745	n
4790231	2416	1744	n
4790482	2416	1744	n
4790739	2416	1744	n
4790990	2416	1744	n
4801358	2416	1745	n
4801615	2416	1744	n
4801870	2416	1744	n
4802121	2416	1744	n
4802372	2416	1745	n
4802632	2416	1744	n
4813019	2416	1744	n
4813270	2416	1745	n
4813525	2416	1744	n
4813780	2416	1744	n
4814031	2415	1744	n
4814282	2416	1744	n
4814535	2416	1744	n
4824904	2416	1744	n
4825155	2416	1744	n
4825406	2416	1744	n
4825667	2416	1744	n
4825918	2416	1744	n
4826169	2415	1744	n
4836565	2417	1744	n
4836820	2416	1744	n
4837071	2416	1744	n
4837322	2416	1744	n
4837576	2416	1744	n
4837831	2416	1744	n
4838082	2416	1744	n
4848451	2415	1744	n
4848708	2416	1744	n
4848959	2416	1744	n
4849210	2416	1744	n
4849461	2415	1744	n
4849716	2416	1745	n
4860112	2416	1744	n
4860363	2416	1744	n
4860617	2416	1744	n
4860872	2416	1744	n
4861123	2416	1744	n
4861374	2416	1744	n
4861632	2416	1744	n
4871997	2416	1744	n
4872248	2415	1744	n
4872504	2416	1744	n
4872759	2416	1744	n
4873010	2415	1744	n
4873261	2416	1744	n
4883663	2416	1744	n
4883914	2416	1744	n
4884164	2416	1744	n
4884415	2416	1744	n
4884670	2416	1744	n
4884921	2416	1744	n
4885172	2416	1744	n
4895549	2416	1744	n
4895804	2416	1744	n
4896055	2416	1744	n
4896306	2416	1744	n
4896563	2415	1744	n
4896818	2415	1743	n
4907204	2416	1744	n
4907455	2415	1744	n
4907711	2415	1744	n
4907962	2416	1744	n
4908213	2415	1744	n
4908464	2416	1743	n
4908720	2416	1744	n
4919089	2416	1744	n
4919340	2416	1744	n
4919597	2416	1744	n
4919852	2416	1744	n
4920103	2416	1744	n
4920354	2416	1744	n
4930750	2416	1744	n
4931001	2416	1744	n
4931252	2416	1744	n
4931509	2416	1744	n
4931764	2416	1744	n
4932015	2416	1744	n
4932266	2416	1745	n
4942640	2416	1744	n
4942891	2416	1744	n
4943142	2416	1744	n
4943393	2416	1744	n
4943650	2416	1744	n
4943901	2416	1744	n
4954297	2415	1744	n
4954551	2416	1744	n
4954806	2416	1744	n
4955057	2416	1744	n
4955308	2416	1744	n
4955562	2416	1745	n
4955817	2416	1744	n
4966182	2416	1744	n
4966433	2416	1746	n
4966688	2416	1744	n
4966939	2416	1744	n
4967191	2416	1744	n
4967442	2416	1744	n
4977843	2416	1744	n
4978094	2416	1744	n
4978345	2416	1744	n
4978599	2416	1744	n
4978855	2415	1744	n
4979105	2416	1745	n
4979365	2416	1744	n
4989814	2416	1744	n
4990290	2416	1744	n
4990545	2415	1744	n
4990809	2416	1744	n
4991082	2416	1744	n
4991333	2416	1744	n
4991586	2416	1744	n
5002011	2416	1744	n
5002522	2416	1744	n
5002777	2416	1744	n
5003029	2416	1744	n
5003288	2415	1744	Time:00:00:00:00;;
5003783	2416	1744	n
5014172	2416	1744	n
5014663	2416	1744	n
5014936	2415	1744	n
5015187	2415	1744	n
5015438	2416	1744	n
5015703	2416	1744	n
5026100	2416	1744	n
5026580	2415	1744	n
5026835	2416	1745	n
5027086	2416	1744	n
5027368	2416	1744	n
5027621	2414	1743	n
5027876	2416	1744	n
5038287	2416	1744	n
5038803	2416	1744	n
5039055	2416	1744	n
5039305	2416	1744	n
5039562	2416	1744	n
5039848	2416	1744	n
5040099	2416	1744	n
5050483	2415	1744	n
5050967	2415	1744	n
5051249	2415	1744	n
5051505	2416	1744	n
5051760	2416	1744	n
5052011	2416	1744	n
5062402	2416	1744	Time:00:00:00:00;;
5063112	2416	1744	n
5063363	2416	1744	n
5063626	2416	1744	n
5063903	2416	1744	n
5064154	2416	1744	n
5074565	2416	1744	n
5075055	2415	1744	n
5075329	2416	1744	n
5075583	2415	1744	n
5075838	2416	1743	n
5076098	2415	1744	n
5076371	2415	1744	n
5086777	2416	1744	n
5087253	2415	1744	n
5087515	2416	1744	n
5087793	2416	1744	n
5088044	2416	1744	n
5088295	2416	1744	n
5098664	2416	1744	n
5099173	2416	1745	n
5099424	2416	1744	n
5099679	2416	1744	n
5099930	2416	1744	n
5100212	2416	1744	n
5100463	2415	1744	n
5110874	2416	1744	n
5111356	2416	1744	n
5111643	2416	1744	n
5111894	2416	1744	n
5112145	2416	1744	n
5112396	2415	1744	n
5112688	2416	1744	n
5123071	2416	1744	n
5123551	2416	1743	n
5123806	2416	1744	n
5124065	2415	1744	n
5124339	2416	1744	n
5124594	2416	1744	n
5124849	2416	1744	n
5135267	2416	1744	n
5135781	2416	1744	n
5136032	2416	1744	n
5136283	2415	1744	n
5136549	2416	1744	n
5136826	2416	1744	n
5147186	2416	1744	n
5147670	2416	1744	n
5147930	2416	1744	n
5148203	2416	1744	n
5148454	2415	1744	n
5148710	2416	1744	n
5148970	2416	1744	n
5159391	2416	1744	n
5159879	2416	1744	n
5160130	2415	1744	n
5160390	2415	1743	n
5160671	2416	1744	n
5160922	2415	1744	n
5161173	2415	1744	n
5171583	2415	1743	n
5172103	2416	1744	n
5172354	2415	1744	n
5172611	2416	1744	n
5172875	2416	1744	n
5173148	2415	1744	n
5183567	2416	1744	n
5184047	2416	1744	n
5184298	2416	1744	n
5184584	2416	1744	n
5184839	2415	1745	n
5185090	2416	1744	n
5185348	2416	1744	n
5195787	2415	1744	n
5196268	2415	1744	n
5196525	2416	1744	n
5196780	2416	1744	n
5197061	2416	1744	n
5197312	2416	1744	n
5197565	2416	1744	n
5207975	2415	1745	n
5208485	2415	1744	n
5208744	2415	1744	n
5208995	2415	1744	n
5209246	2415	1744	n
5209531	2415	1744	n
5219930	2416	1744	Time:00:00:00:00;;
5220463	2415	1744	n
5220718	2416	1744	n
5220969	2415	1744	n
5221220	2415	1744	n
5221471	2416	1744	n
5231883	2416	1744	n
5232134	2416	1744	n
5232385	2416	1744	n
5232642	2416	1744	n
5232893	2416	1744	n
5233144	2416	1744	n
5233395	2415	1744	n
5243773	2416	1744	n
5244024	2418	1744	n
5244275	2416	1744	n
5244532	2416	1744	n
5244787	2416	1745	n
5245038	2416	1744	n
5255429	2416	1744	n
5255684	2416	1744	n
5255935	2416	1744	n
5256186	2416	1744	n
5256437	2416	1744	n
5256693	2416	1744	n
5256944	2416	1744	n
5267315	2416	1744	n
5267569	2416	1744	n
5267824	2416	1744	n
5268075	2416	1744	n
5268326	2416	1744	n
5268580	2415	1744	n
5278976	2416	1744	n
5279227	2416	1744	n
5279478	2416	1744	n
5279734	2415	1744	n
5279985	2416	1744	n
5280236	2416	1744	n
5280488	2415	1744	n
5290861	2416	1744	n
5291112	2416	1744	n
5291363	2416	1744	n
5291617	2416	1744	n
5291872	2413	1744	n
5292123	2416	1744	n
5302529	2416	1744	n
5302784	2415	1744	n
5303035	2416	1744	n
5303286	2416	1744	n
5303542	2416	1744	n
5303797	2416	1744	n
5304048	2416	1744	n
5314407	2415	1744	n
5314667	2416	1743	n
5314918	2416	1744	n
5315169	2415	1743	n
5315420	2415	1743	n
5315676	2416	1744	n
5326068	2416	1744	n
5326319	2416	1744	n
5326576	2417	1744	n
5326831	2416	1744	n
5327082	2416	1744	n
5327333	2416	1744	n
5327586	2416	1744	n
5337953	2416	1744	n
5338204	2416	1744	n
5338455	2415	1744	n
5338711	2416	1744	n
5338962	2416	1744	n
5339213	2416	1744	n
5349614	2416	1744	n
5349870	2416	1744	n
5350121	2416	1745	n
5350371	2415	1744	n
5350632	2416	1744	n
5350883	2416	1744	n
5351133	2416	1744	n
5361504	2417	1746	n
5361759	2416	1744	n
5362010	2416	1744	n
5362261	2416	1744	n
5362514	2416	1744	n
5362769	2416	1744	n
5373161	2417	1744	n
5373412	2416	1744	n
5373669	2416	1744	n
5373920	2416	1744	n
5374170	2417	1745	n
5374422	2416	1744	n
5374677	2416	1744	n
5385046	2416	1744	n
5385297	2416	1744	n
5385550	2416	1744	n
5385806	2416	1744	n
5386057	2416	1744	n
5386308	2416	1744	n
5396711	2416	1744	n
5396962	2416	1744	n
5397213	2416	1744	n
5397464	2416	1744	n
5397719	2416	1744	n
5397970	2416	1744	n
5398221	2415	1744	n
5408596	2416	1744	n
5408852	2416	1744	n
5409103	2416	1744	n
5409354	2416	1744	n
5409608	2416	1744	n
5409863	2416	1744	n
5420253	2416	1744	n
5420508	2416	1744	n
5420763	2416	1744	n
5421014	2417	1744	n
5421265	2416	1744	n
5421522	2416	1743	n
5421778	2416	1744	n
5432138	2416	1744	n
5432389	2416	1744	n
5432649	2416	1744	n
5432900	2416	1744	n
5433151	2418	1744	n
5433402	2416	1744	n
5443799	2416	1744	n
5444050	2416	1743	n
5444301	2416	1744	n
5444556	2416	1744	n
5444811	2416	1744	n
5445062	2416	1744	n
5445313	2416	1744	n
5455690	2416	1746	n
5455941	2417	1745	n
5456192	2417	1744	n
5456443	2418	1744	n
5456701	2417	1744	n
5456952	2417	1744	n
5467346	2417	1744	n
5467599	2417	1744	n
5467855	2416	1744	n
5468105	2417	1743	n
5468356	2416	1744	n
5468611	2416	1743	n
5468866	2416	1744	n
5479231	2416	1744	n
5479483	2416	1744	n
5479739	2416	1744	n
5479990	2417	1744	n
5480241	2416	1744	n
5480497	2418	1744	n
5490892	2416	1745	n
5491143	2416	1744	n
5491394	2416	1744	n
5491654	2417	1745	n
5491905	2416	1744	n
5492156	2416	1744	n
5492407	2416	1744	n
5502781	2418	1744	n
5503032	2416	1744	n
5503283	2417	1744	n
5503540	2417	1744	n
5503796	2416	1744	n
5504047	2416	1744	n
5514438	2416	1743	n
5514695	2416	1744	n
5514946	2416	1744	n
5515197	2416	1744	n
5515448	2416	1744	n
5515708	2417	1744	n
5515959	2416	1744	n
5526323	2416	1744	n
5526580	2417	1744	n
5526836	2417	1744	n
5527087	2416	1744	n
5527338	2417	1744	n
5527594	2416	1744	n
5537984	2417	1744	n
5538235	2417	1744	n
5538487	2417	1745	n
5538744	2418	1744	n
5538995	2417	1744	n
5539246	2418	1745	n
5539501	2417	1744	n
5549870	2419	1746	n
5550121	2417	1744	n
5550372	2417	1745	n
5550632	2417	1744	n
5550883	2417	1744	n
5551133	2417	1744	n
5561534	2418	1744	n
5561789	2417	1744	n
5562040	2420	1744	n
5562291	2417	1744	n
5562545	2416	1744	n
5562801	2417	1744	n
5563052	2418	1744	n
5573416	2416	1743	n
5573672	2417	1744	n
5573923	2416	1744	n
5574174	2417	1744	n
5574425	2416	1744	n
5574680	2416	1744	n
5585077	2417	1744	n
5585328	2418	1744	n
5585583	2416	1744	n
5585837	2418	1744	n
5586088	2417	1744	n
5586339	2418	1744	n
5586594	2416	1744	n
5596962	2416	1744	n
5597213	2417	1744	n
5597464	2418	1744	n
5597720	2418	1744	n
5597971	2416	1744	n
5598222	2417	1744	n
5608623	2419	1744	n
5608879	2417	1745	n
5609130	2417	1744	n
5609381	2417	1745	n
5609638	2418	1745	n
5609889	2417	1744	n
5610140	2417	1745	n
5620514	2418	1745	n
5620770	2418	1744	n
5621021	2417	1744	n
5621272	2417	1744	n
5621529	2417	1744	n
5621784	2416	1744	n
5632169	2419	1744	n
5632420	2418	1744	n
5632676	2417	1744	n
5632927	2416	1744	n
5633178	2417	1744	n
5633429	2417	1745	n
5633684	2417	1744	n
5644055	2418	1744	n
5644306	2418	1744	n
5644562	2418	1744	n
5644817	2418	1744	n
5645068	2416	1744	n
5645319	2417	1744	n
5655719	2417	1745	n
5655970	2419	1744	n
5656221	2418	1744	n
5656472	2420	1744	n
5656727	2418	1744	n
5656978	2418	1744	n
5657229	2417	1744	n
5667603	2417	1744	n
5667858	2418	1744	n
5668109	2418	1744	n
5668360	2418	1744	n
5668615	2417	1744	n
5668870	2416	1745	n
5679262	2417	1744	n
5679515	2418	1745	n
5679770	2418	1744	n
5680021	2421	1744	n
5680272	2418	1744	n
5680529	2418	1744	n
5680784	2418	1745	n
5691147	2416	1744	n
5691398	2416	1744	n
5691658	2418	1744	n
5691909	2416	1744	n
5692160	2417	1744	n
5692411	2417	1743	n
5702808	2417	1744	n
5703059	2416	1744	n
5703310	2416	1744	n
5703565	2417	1744	n
5703820	2421	1744	n
5704071	2418	1744	n
5704322	2416	1744	n
5714698	2418	1744	n
5714949	2417	1744	n
5715200	2416	1744	n
5715451	2416	1744	n
5715708	2416	1744	n
5715959	2416	1744	n
5726354	2419	1744	n
5726610	2417	1744	n
5726865	2418	1745	n
5727116	2418	1745	n
5727367	2419	1744	n
5727620	2417	1744	n
5727875	2418	1745	n
5738240	2417	1744	n
5738497	2418	1744	n
5738753	2417	1744	n
5739004	2416	1744	n
5739255	2418	1744	n
5739512	2417	1744	n
5749901	2417	1744	n
5750152	2418	1744	n
5750403	2416	1744	n
5750662	2417	1744	n
5750913	2417	1744	n
5751164	2416	1744	n
5751414	2416	1744	n
5761788	2417	1744	n
5762039	2417	1744	n
5762290	2417	1744	n
5762545	2418	1744	n
5762801	2417	1744	n
5763052	2417	1744	n
5773447	2417	1744	n
5773708	2417	1744	n
5773959	2417	1744	n
5774210	2418	1744	n
5774461	2416	1745	n
5774716	2417	1744	n
5774967	2418	1744	n
5785332	2417	1744	n
5785586	2417	1744	n
5785841	2417	1744	n
5786092	2416	1744	n
5786342	2416	1744	n
5786597	2417	1744	n
5796993	2417	1744	n
5797244	2417	1744	n
5797501	2417	1744	n
5797757	2416	1744	n
5798008	2417	1744	n
5798258	2417	1744	n
5798514	2417	1744	n
5808878	2418	1745	n
5809129	2417	1744	n
5809380	2419	1744	n
5809638	2418	1744	n
5809889	2417	1744	n
5810140	2417	1744	n
5820545	2418	1744	n
5820801	2419	1744	n
5821051	2418	1744	n
5821302	2416	1744	n
5821559	2418	1744	n
5821814	2419	1744	n
5822065	2418	1744	n
5832425	2419	1745	n
5832680	2418	1744	n
5832931	2418	1744	n
5833182	2419	1744	n
5833433	2419	1744	n
5833689	2417	1744	n
5844086	2418	1744	n
5844337	2417	1744	n
5844594	2419	1744	n
5844849	2418	1744	n
5845100	2418	1744	n
5845351	2417	1744	n
5845603	2419	1744	n
5855971	2418	1745	n
5856223	2418	1744	n
5856474	2422	1744	n
5856729	2421	1746	n
5856980	2419	1745	n
5857231	2419	1744	n
5867637	2420	1744	n
5867888	2417	1744	n
5868139	2421	1744	n
5868390	2419	1744	n
5868649	2419	1744	n
5868900	2417	1744	n
5869151	2419	1744	n
5879522	2419	1744	n
5879777	2418	1744	n
5880028	2418	1744	n
5880279	2418	1744	n
5880533	2417	1744	n
5880788	2419	1744	n
5891178	2419	1744	n
5891429	2419	1744	n
5891684	2418	1744	n
5891935	2418	1744	n
5892186	2419	1744	n
5892437	2419	1744	n
5892693	2419	1744	n
5903063	2421	1745	n
5903314	2418	1744	n
5903567	2419	1744	n
5903823	2420	1744	n
5904074	2419	1744	n
5904325	2418	1744	n
5914725	2419	1744	n
5914976	2419	1744	n
5915227	2418	1744	n
5915478	2421	1744	n
5915733	2417	1744	n
5915984	2418	1744	n
5916235	2420	1744	n
5926614	2418	1744	n
5926869	2419	1744	n
5927120	2421	1744	n
5927371	2422	1744	n
5927632	2421	1744	n
5927883	2419	1744	n
5938271	2420	1744	n
5938528	2419	1744	n
5938784	2419	1744	n
5939035	2421	1744	n
5939286	2418	1744	n
5939542	2421	1744	n
5939797	2418	1744	n
5950156	2421	1744	n
5950407	2419	1744	n
5950667	2422	1744	n
5950918	2419	1744	n
5951169	2419	1744	n
5951420	2420	1744	n
5961817	2420	1744	n
5962068	2419	1744	n
5962319	2421	1744	n
5962576	2421	1744	n
5962831	2419	1744	n
5963082	2419	1744	n
5963333	2419	1745	n
5973707	2419	1744	n
5973958	2418	1744	n
5974209	2421	1744	n
5974460	2417	1744	n
5974715	2417	1744	n
5974966	2421	1744	n
5985363	2419	1744	n
5985791	2422	1744	n
5986042	2422	1744	n
5986293	2420	1744	n
5986557	2421	1745	n
5986834	2421	1745	n
5987085	2421	1744	n
5997492	2419	1744	n
5997982	2419	1744	n
5998255	2418	1744	n
5998511	2416	1744	n
5998766	2419	1745	n
5999026	2418	1743	n
5999299	2416	1744	n
6009673	2422	1744	Time:00:00:00:00;;
6010363	2419	1744	n
6010654	2420	1744	n
6010905	2420	1744	n
6011156	2419	1744	n
6021554	2423	1744	n
6022067	2421	1744	n
6022318	2422	1745	n
6022573	2423	1744	n
6022828	2423	1744	n
6023110	2423	1744	n
6023361	2422	1745	n
6033767	2422	1744	n
6034243	2422	1744	n
6034508	2422	1744	n
6034785	2422	1745	n
6035036	2423	1744	n
6035287	2422	1745	n
6035548	2422	1746	n
6045980	2423	1744	n
6046458	2419	1744	n
6046713	2421	1744	n
6046973	2422	1744	n
6047246	2423	1744	n
6047501	2422	1744	n
6057935	2421	1744	n
6058422	2421	1743	n
6058700	2423	1744	n
6058950	2421	1744	n
6059202	2422	1743	n
6059461	2421	1745	Time:00:00:00:00;;
6070113	2423	1744	n
6070593	2420	1744	n
6070857	2422	1744	n
6071130	2422	1744	n
6071381	2422	1744	n
6071638	2423	1744	n
6071898	2422	1744	n
6082334	2422	1745	n
6082821	2422	1745	n
6083072	2421	1744	n
6083331	2423	1745	n
6083611	2422	1745	n
6083866	2422	1744	n
6084117	2423	1744	n
6094542	2421	1744	n
6095052	2419	1744	n
6095303	2421	1744	n
6095559	2419	1744	n
6095823	2421	1744	n
6096097	2421	1744	n
6106497	2421	1745	n
6106986	2423	1744	n
6107246	2417	1743	n
6107525	2421	1744	n
6107780	2420	1744	n
6108031	2422	1744	n
6108291	2421	1744	n
6118719	2421	1744	n
6119195	2423	1744	n
6119446	2421	1744	n
6119711	2423	1744	n
6119985	2423	1745	n
6120236	2423	1744	n
6120487	2422	1744	n
6130902	2421	1744	n
6131410	2421	1743	n
6131667	2419	1742	n
6131918	2420	1742	n
6132169	2419	1744	n
6132451	2418	1744	n
6132708	2418	1744	n
6143098	2422	1744	n
6143576	2421	1744	n
6143862	2422	1744	n
6144113	2421	1744	n
6144364	2422	1744	n
6144617	2422	1744	n
6155017	2421	1744	n
6155514	2421	1744	n
6155770	2421	1744	n
6156021	2423	1744	n
6156280	2423	1744	n
6156559	2421	1744	n
6156814	2423	1744	n
6167213	2421	1745	n
6167708	2422	1744	n
6167982	2422	1744	n
6168233	2423	1745	n
6168484	2421	1744	n
6168753	2423	1744	n
6169027	2422	1744	n
6179409	2421	1743	n
6179898	2421	1744	n
6180158	2421	1744	n
6180432	2421	1744	n
6180687	2419	1744	n
6180938	2421	1744	n
6191328	2421	1744	n
6191852	2421	1744	n
6192103	2421	1744	n
6192354	2419	1744	n
6192619	2421	1744	n
6192897	2422	1744	n
6193148	2421	1744	n
6203528	2422	1744	n
6204009	2422	1744	n
6204291	2423	1744	n
6204546	2421	1744	n
6204800	2419	1745	n
6205051	2422	1745	n
6205333	2423	1744	n
6215725	2421	1744	Time:00:00:00:00;;
6216348	2421	1744	n
6216601	2423	1745	n
6216856	2422	1744	n
6217107	2422	1744	n
6227508	2421	1744	n
6227763	2421	1744	n
6228014	2422	1745	n
6228265	2423	1745	n
6228518	2419	1744	n
6228773	2423	1744	n
6229024	2420	1744	n
6239404	2421	1744	n
6239663	2421	1744	n
6239913	2422	1745	n
6240164	2423	1744	n
6240415	2419	1743	n
6240671	2421	1744	n
6251048	2421	1744	n
6251299	2423	1745	n
6251552	2423	1744	n
6251807	2422	1744	n
6252058	2422	1744	n
6252309	2422	1745	n
6252566	2422	1744	n
6262951	2423	1744	n
6263202	2422	1744	n
6263453	2420	1744	n
6263709	2421	1744	n
6263960	2419	1745	n
6264211	2421	1744	n
6274595	2422	1744	n
6274850	2422	1744	n
6275101	2421	1744	n
6275352	2419	1744	n
6275608	2419	1744	n
6275863	2421	1744	n
6276114	2420	1744	n
6286501	2421	1744	n
6286756	2421	1745	n
6287007	2422	1745	n
6287258	2422	1744	n
6287515	2421	1744	n
6287770	2422	1744	n
6298141	2421	1744	n
6298392	2420	1744	n
6298649	2422	1744	n
6298900	2421	1744	n
6299151	2421	1744	n
6299402	2421	1744	n
6299663	2419	1744	n
6310043	2419	1744	n
6310294	2421	1744	n
6310548	2422	1744	n
6310803	2419	1744	n
6311054	2422	1744	n
6311305	2421	1744	n
6321687	2421	1744	n
6321938	2421	1744	n
6322189	2421	1744	n
6322440	2422	1744	n
6322696	2421	1744	n
6322947	2421	1745	n
6323198	2421	1744	n
6333594	2422	1744	n
6333849	2423	1744	n
6334100	2420	1744	n
6334351	2422	1744	n
6334604	2422	1744	n
6334859	2423	1744	n
6345233	2421	1745	n
6345484	2423	1744	n
6345744	2421	1744	n
6345995	2422	1745	n
6346246	2421	1744	n
6346501	2422	1744	n
6346757	2421	1744	n
6357136	2419	1744	n
6357387	2421	1744	n
6357643	2420	1744	n
6357894	2421	1743	n
6358145	2419	1744	n
6358396	2420	1744	n
6368780	2421	1744	n
6369031	2421	1744	n
6369282	2421	1744	n
6369535	2419	1744	n
6369789	2421	1744	n
6370041	2419	1745	n
6370291	2419	1744	n
6380686	2421	1744	n
6380937	2421	1744	n
6381188	2420	1744	n
6381439	2422	1744	n
6381695	2421	1744	n
6381946	2421	1744	n
6392326	2421	1744	n
6392583	2421	1744	n
6392838	2419	1744	n
6393089	2419	1744	n
6393340	2421	1744	n
6393597	2422	1744	n
6393852	2423	1744	n
6404228	2421	1744	n
6404479	2422	1744	n
6404734	2421	1745	n
6404985	2420	1744	n
6405236	2419	1744	n
6405488	2419	1744	n
6415872	2420	1744	n
6416123	2421	1744	n
6416374	2422	1744	n
6416632	2421	1744	n
6416883	2419	1744	n
6417133	2421	1744	n
6417384	2421	1744	n
6427774	2418	1744	n
6428025	2421	1744	n
6428276	2422	1744	n
6428531	2421	1744	n
6428785	2421	1744	n
6429036	2421	1744	n
6439418	2421	1744	n
6439674	2421	1744	n
6439925	2422	1744	n
6440176	2421	1744	n
6440427	2420	1744	n
6440682	2419	1744	n
6440933	2422	1744	n
6451321	2419	1744	n
6451576	2422	1744	n
6451831	2423	1744	n
6452082	2422	1744	n
6452333	2421	1745	n
6452586	2422	1744	n
6462965	2419	1744	n
6463216	2419	1744	n
6463467	2423	1744	n
6463723	2421	1744	n
6463974	2419	1744	n
6464224	2422	1744	n
6464475	2419	1744	n
6474867	2421	1744	n
6475118	2422	1744	n
6475369	2421	1744	n
6475626	2419	1744	n
6475881	2421	1744	n
6476132	2419	1744	n
6486514	2420	1744	n
6486769	2419	1744	n
6487020	2421	1744	n
6487271	2420	1744	n
6487529	2420	1744	n
6487784	2418	1743	n
6488034	2419	1744	n
6498413	2419	1744	n
6498669	2419	1744	n
6498920	2419	1744	n
6499171	2421	1744	n
6499422	2419	1743	n
6499678	2419	1744	n
6510057	2419	1744	n
6510308	2421	1744	n
6510562	2419	1744	n
6510818	2421	1744	n
6511068	2421	1745	n
6511319	2420	1744	n
6511576	2421	1744	n
6521959	2421	1744	n
6522210	2421	1744	n
6522461	2418	1745	n
6522716	2420	1744	n
6522967	2420	1744	n
6523218	2418	1744	n
6533603	2422	1744	n
6533858	2421	1744	n
6534109	2422	1744	n
6534360	2419	1744	n
6534615	2420	1744	n
6534870	2419	1744	n
6535121	2419	1744	n
6545512	2419	1744	n
6545767	2420	1744	n
6546018	2419	1744	n
6546269	2417	1744	n
6546525	2421	1744	n
6546780	2419	1744	n
6557150	2419	1744	n
6557401	2417	1744	n
6557662	2419	1744	n
6557913	2419	1744	n
6558164	2421	1744	n
6558416	2419	1744	n
6558671	2419	1744	n
6569052	2421	1744	n
6569303	2417	1744	n
6569559	2418	1744	n
6569814	2418	1744	n
6570065	2418	1744	n
6570316	2418	1744	n
6580696	2418	1744	n
6580947	2417	1744	n
6581198	2419	1744	n
6581449	2418	1744	n
6581708	2418	1744	n
6581959	2419	1744	n
6582210	2419	1744	n
6592600	2417	1744	n
6592855	2418	1744	n
6593106	2418	1744	n
6593357	2418	1744	n
6593611	2419	1744	n
6593866	2417	1744	n
6604242	2419	1745	n
6604497	2421	1744	n
6604752	2419	1744	n
6605003	2419	1744	n
6605254	2419	1744	n
6605511	2421	1744	n
6605767	2420	1744	n
6616144	2419	1744	n
6616395	2419	1744	n
6616654	2416	1744	n
6616905	2418	1743	n
6617156	2417	1744	n
6617407	2417	1744	n
6627788	2419	1744	n
6628039	2418	1744	n
6628290	2419	1744	n
6628545	2419	1744	n
6628800	2419	1744	n
6629051	2418	1744	n
6629302	2417	1744	n
6639695	2417	1744	n
6639946	2418	1744	n
6640197	2418	1744	n
6640448	2417	1744	n
6640708	2419	1744	n
6640959	2418	1744	n
6651335	2419	1745	n
6651591	2420	1744	n
6651846	2419	1744	n
6652096	2418	1744	n
6652348	2417	1744	n
6652601	2418	1744	n
6652856	2418	1744	n
6663237	2419	1744	n
6663488	2419	1744	n
6663744	2418	1744	n
6663995	2420	1744	n
6664246	2418	1744	n
6664501	2417	1744	n
6674881	2418	1744	n
6675132	2418	1744	n
6675383	2419	1744	n
6675640	2418	1744	n
6675891	2418	1744	n
6676142	2417	1744	n
6676393	2418	1744	n
6686783	2419	1744	n
6687034	2418	1744	n
6687285	2419	1745	n
6687542	2419	1744	n
6687797	2417	1745	n
6688048	2421	1744	n
6698427	2419	1745	n
6698683	2418	1744	n
6698934	2418	1744	n
6699185	2418	1744	n
6699436	2421	1744	n
6699692	2419	1744	n
6699943	2419	1744	n
6710329	2419	1744	n
6710583	2418	1744	n
6710838	2418	1744	n
6711089	2419	1744	n
6711340	2419	1744	n
6711594	2418	1744	n
6721973	2419	1744	n
6722224	2419	1744	n
6722475	2419	1744	n
6722730	2419	1744	n
6722981	2418	1744	n
6723232	2418	1744	n
6723483	2419	1744	n
6733876	2419	1744	n
6734127	2418	1744	n
6734378	2419	1744	n
6734639	2419	1744	n
6734890	2419	1744	n
6735141	2420	1745	n
6745523	2419	1744	n
6745779	2421	1744	n
6746029	2420	1744	n
6746280	2419	1744	n
6746534	2420	1745	n
6746789	2421	1744	n
6747040	2421	1744	n
6757422	2418	1744	n
6757677	2419	1745	n
6757928	2419	1744	n
6758179	2419	1744	n
6758430	2417	1744	n
6758686	2418	1744	n
6769066	2417	1744	n
6769317	2418	1744	n
6769574	2420	1745	n
6769829	2420	1744	n
6770080	2419	1744	n
6770331	2418	1744	n
6770584	2419	1744	n
6780968	2420	1744	n
6781219	2420	1744	n
6781470	2421	1744	n
6781725	2421	1744	n
6781976	2417	1744	n
6782227	2419	1744	n
6792612	2421	1744	n
6792867	2420	1744	n
6793118	2418	1744	n
6793369	2418	1744	n
6793625	2416	1744	n
6793881	2416	1744	n
6794132	2420	1744	n
6804516	2419	1744	n
6804772	2420	1744	n
6805023	2419	1744	n
6805274	2419	1744	n
6805528	2418	1744	n
6805784	2419	1744	n
6816158	2419	1744	n
6816409	2419	1744	n
6816667	2418	1744	n
6816918	2420	1744	n
6817169	2419	1745	n
6817420	2421	1744	n
6817675	2420	1744	n
6828061	2419	1744	n
6828312	2420	1745	n
6828565	2421	1744	n
6828820	2418	1744	n
6829071	2421	1744	n
6829322	2421	1744	n
6839705	2421	1744	n
6839956	2419	1744	n
6840207	2419	1744	n
6840458	2417	1744	n
6840713	2420	1744	n
6840964	2421	1744	n
6841215	2421	1744	n
6851612	2419	1744	n
6851867	2418	1744	n
6852118	2419	1744	n
6852369	2418	1744	n
6852626	2417	1744	n
6852881	2419	1744	n
6863251	2421	1744	n
6863508	2419	1745	n
6863764	2419	1744	n
6864015	2421	1745	n
6864266	2420	1744	n
6864523	2419	1744	n
6864778	2421	1744	n
6875153	2420	1745	n
6875404	2419	1744	n
6875662	2421	1744	n
6875913	2418	1744	n
6876164	2420	1744	n
6876415	2419	1744	n
6886797	2419	1744	n
6887048	2419	1744	n
6887299	2419	1744	n
6887552	2418	1744	n
6887807	2418	1744	n
6888058	2420	1744	n
6888309	2421	1744	n
6898703	2417	1744	n
6898954	2419	1744	n
6899205	2419	1744	n
6899456	2417	1744	n
6899712	2419	1744	n
6899963	2418	1744	n
6910343	2419	1744	n
6910600	2418	1744	n
6910855	2421	1744	n
6911106	2418	1744	n
6911357	2418	1744	n
6911611	2421	1744	n
6911866	2418	1744	n
6922246	2419	1744	n
6922501	2421	1744	n
6922756	2420	1744	n
6923007	2419	1744	n
6923258	2421	1744	n
6923514	2419	1744	n
6933890	2419	1744	n
6934141	2421	1744	n
6934392	2418	1744	n
6934649	2419	1744	n
6934900	2419	1744	n
6935151	2419	1744	n
6935402	2419	1744	n
6945792	2419	1744	n
6946043	2419	1744	n
6946294	2419	1744	n
6946548	2418	1744	n
6946803	2421	1745	n
6947054	2418	1744	n
6957436	2419	1744	n
6957692	2419	1744	n
6957943	2421	1744	n
6958194	2421	1744	n
6958445	2419	1744	n
6958702	2421	1744	n
6958953	2420	1744	n
6969338	2419	1744	n
6969594	2419	1744	n
6969849	2419	1744	n
6970100	2419	1744	n
6970351	2421	1744	n
6970603	2416	1744	n
6980982	2419	1744	n
6981286	2419	1744	n
6981565	2420	1744	n
6981820	2419	1744	n
6982071	2418	1744	n
6982331	2420	1744	n
6982608	2421	1744	n
6992971	2419	1744	n
6993448	2419	1744	n
6993708	2422	1744	n
6993990	2419	1744	n
6994241	2419	1744	n
6994497	2421	1744	n
6994753	2420	1744	n
7005166	2421	1744	Time:00:00:00:00;;
7005873	2419	1744	n
7006124	2420	1744	n
7006383	2420	1744	n
7006665	2418	1744	n
7006916	2420	1744	n
7017328	2419	1744	n
7017824	2419	1744	n
7018097	2419	1744	n
7018348	2417	1743	n
7018601	2418	1744	n
7018865	2421	1744	n
7029250	2417	1744	n
7029736	2419	1744	n
7029987	2419	1744	n
7030247	2417	1744	n
7030525	2418	1744	n
7030780	2421	1744	n
7031031	2418	1744	n
7041443	2419	1744	n
7041958	2418	1743	n
7042209	2421	1744	n
7042460	2417	1745	n
7042724	2421	1744	n
7042998	2420	1744	n
7043249	2421	1744	n
7053646	2420	1744	n
7054125	2421	1744	n
7054407	2420	1744	n
7054667	2419	1744	n
7054918	2419	1744	n
7055169	2419	1744	n
7065619	2418	1744	Time:00:00:00:00;;
7066315	2417	1744	n
7066568	2420	1743	n
7066852	2419	1744	n
7067103	2420	1744	n
7067354	2418	1744	n
7077719	2419	1744	n
7078205	2419	1744	n
7078479	2419	1744	n
7078734	2419	1744	n
7078985	2419	1744	n
7079245	2417	1744	n
7079525	2417	1744	n
7089916	2421	1744	n
7090392	2419	1744	n
7090658	2418	1744	n
7090931	2419	1744	n
7091182	2418	1744	n
7091433	2419	1745	n
7091697	2421	1744	n
7102120	2418	1744	n
7102599	2417	1743	n
7102855	2418	1744	n
7103114	2422	1744	n
7103388	2416	1744	n
7103644	2420	1744	n
7114031	2419	1744	n
7114515	2419	1744	n
7114802	2419	1744	n
7115053	2419	1744	n
7115304	2419	1744	n
7115559	2419	1744	n
7115845	2419	1744	n
7126227	2421	1744	n
7126714	2421	1744	n
7126965	2421	1744	n
7127248	2423	1744	n
7127504	2422	1745	n
7127760	2421	1744	n
7128011	2421	1744	n
7138422	2419	1744	n
7138911	2419	1744	n
7139162	2421	1744	n
7139413	2421	1744	n
7139678	2420	1744	n
7139951	2419	1744	n
7150325	2418	1744	n
7150813	2419	1744	n
7151072	2418	1744	n
7151345	2421	1744	n
7151600	2419	1744	n
7151855	2419	1744	n
7152115	2420	1744	n
7162546	2421	1744	n
7163033	2419	1744	n
7163284	2421	1744	n
7163549	2419	1744	n
7163827	2418	1744	n
7164078	2419	1744	n
7164329	2419	1744	n
7174738	2420	1744	n
7175252	2418	1744	n
7175509	2419	1744	n
7175764	2420	1744	n
7176024	2420	1744	n
7176298	2420	1744	n
7186688	2420	1744	n
7187166	2419	1744	n
7187426	2421	1744	n
7187704	2418	1744	n
7187956	2420	1744	n
7188207	2419	1744	n
7188467	2421	1744	n
7198910	2417	1744	n
7199393	2419	1744	n
7199650	2418	1744	n
7199909	2417	1744	n
7200183	2418	1744	n
7200434	2416	1744	n
7200689	2417	1744	n
7211045	2419	1743	Time:00:00:00:00;;
7211776	2418	1744	n
7212027	2420	1744	n
7212278	2417	1744	n
7212542	2418	1744	n
7212819	2418	1744	n
7223206	2419	1744	n
7223457	2417	1744	n
7223713	2417	1744	n
7223964	2418	1744	n
7224215	2419	1744	n
7224466	2418	1744	n
7234867	2419	1744	n
7235118	2419	1744	n
7235369	2421	1744	n
7235625	2419	1744	n
7235880	2419	1744	n
7236131	2421	1744	n
7236382	2417	1744	n
7246757	2419	1744	n
7247007	2419	1744	n
7247258	2419	1744	n
7247515	2420	1744	n
7247770	2422	1745	n
7248021	2417	1744	n
7258413	2421	1744	n
7258670	2421	1744	n
7258921	2419	1744	n
7259172	2418	1744	n
7259423	2418	1744	n
7259678	2419	1744	n
7259929	2419	1744	n
7270298	2421	1744	n
7270551	2421	1744	n
7270807	2421	1744	n
7271058	2421	1744	n
7271308	2418	1744	n
7271566	2421	1744	n
7281959	2419	1744	n
7282210	2419	1744	n
7282461	2418	1744	n
7282717	2419	1744	n
7282967	2419	1744	n
7283218	2419	1744	n
7283469	2421	1744	n
7293845	2418	1744	n
7294096	2421	1744	n
7294347	2419	1744	n
7294600	2419	1744	n
7294855	2419	1744	n
7295106	2420	1744	n
7305511	2419	1744	n
7305766	2419	1744	n
7306017	2419	1744	n
7306268	2421	1745	n
7306525	2419	1744	n
7306780	2421	1744	n
7307031	2421	1744	n
7317391	2419	1744	n
7317649	2421	1744	n
7317900	2422	1744	n
7318151	2421	1744	n
7318401	2421	1745	n
7318663	2421	1744	n
7329052	2421	1744	n
7329303	2419	1744	n
7329559	2419	1744	n
7329814	2418	1744	n
7330065	2419	1744	n
7330316	2421	1744	n
7330574	2419	1744	n
7340937	2417	1744	n
7341189	2418	1744	n
7341440	2418	1744	n
7341696	2418	1744	n
7341947	2419	1744	n
7342198	2418	1745	n
7352598	2419	1744	n
7352854	2421	1744	n
7353104	2420	1744	n
7353356	2421	1744	n
7353611	2420	1743	n
7353866	2419	1744	n
7354117	2419	1744	n
7364483	2419	1744	n
7364740	2419	1744	n
7364991	2419	1744	n
7365242	2419	1744	n
7365497	2419	1744	n
7365753	2421	1744	n
7376144	2418	1744	n
7376395	2419	1744	n
7376654	2418	1744	n
7376905	2419	1744	n
7377156	2418	1744	n
7377407	2418	1744	n
7377667	2419	1744	n
7388030	2420	1744	n
7388281	2417	1744	n
7388534	2418	1744	n
7388789	2417	1744	n
7389040	2417	1744	n
7389291	2417	1744	n
7399696	2421	1744	n
7399947	2421	1744	n
7400198	2420	1744	n
7400449	2418	1744	n
7400709	2420	1744	n
7400960	2420	1744	n
7401211	2419	1744	n
7411580	2419	1743	n
7411835	2419	1744	n
7412086	2419	1744	n
7412337	2419	1744	n
7412594	2421	1743	n
7412849	2417	1744	n
7423237	2419	1744	n
7423489	2418	1744	n
7423745	2419	1744	n
7423996	2422	1743	n
7424247	2418	1744	n
7424504	2418	1744	n
7424760	2421	1744	n
7435122	2419	1744	n
7435373	2419	1745	n
7435631	2420	1744	n
7435881	2422	1744	n
7436133	2420	1744	n
7436384	2420	1745	n
7446783	2419	1744	n
7447034	2419	1744	n
7447285	2420	1744	n
7447542	2417	1744	n
7447797	2418	1744	n
7448048	2419	1744	n
7448299	2419	1744	n
7458673	2419	1744	n
7458924	2419	1744	n
7459175	2418	1744	n
7459426	2419	1744	n
7459681	2418	1744	n
7459932	2419	1744	n
7470329	2418	1744	n
7470583	2418	1744	n
7470838	2421	1744	n
7471089	2419	1744	n
7471339	2419	1744	n
7471594	2417	1744	n
7471849	2419	1744	n
7482215	2421	1745	n
7482466	2423	1744	n
7482722	2420	1744	n
7482973	2420	1744	n
7483224	2419	1744	n
7483475	2422	1744	n
7493876	2421	1744	n
7494127	2420	1745	n
7494378	2420	1745	n
7494639	2420	1745	n
7494890	2419	1744	n
7495141	2422	1744	n
7495392	2421	1744	n
7505766	2419	1744	n
7506017	2419	1744	n
7506268	2418	1744	n
7506523	2419	1744	n
7506778	2419	1744	n
7507029	2418	1744	n
7517422	2419	1744	n
7517678	2418	1744	n
7517929	2418	1744	n
7518180	2419	1744	n
7518431	2418	1746	n
7518686	2418	1744	n
7518937	2418	1744	n
7529307	2419	1744	n
7529562	2421	1744	n
7529817	2421	1744	n
7530068	2421	1744	n
7530319	2422	1744	n
7530574	2421	1745	n
7540968	2419	1745	n
7541219	2419	1744	n
7541470	2422	1744	n
7541726	2419	1745	n
7541977	2421	1744	n
7542228	2421	1744	n
7542479	2418	1745	n
7552853	2419	1744	n
7553104	2421	1744	n
7553355	2422	1744	n
7553611	2421	1744	n
7553866	2420	1744	n
7554117	2420	1744	n
7564517	2419	1744	n
7564773	2419	1744	n
7565023	2420	1744	n
7565274	2418	1744	n
7565529	2418	1744	n
7565784	2422	1744	n
7566035	2419	1744	n
7576400	2420	1744	n
7576658	2421	1744	n
7576910	2420	1744	n
7577160	2421	1744	n
7577411	2421	1744	n
7577668	2419	1744	n
7588061	2419	1744	n
7588312	2418	1744	n
7588565	2422	1744	n
7588820	2416	1743	n
7589071	2419	1744	n
7589322	2418	1744	n
7589576	2419	1744	n
7599946	2418	1744	n
7600198	2419	1744	n
7600449	2418	1744	n
7600709	2419	1744	n
7600960	2419	1744	n
7601211	2418	1744	n
7611607	2419	1744	n
7611863	2421	1744	n
7612114	2421	1744	n
7612364	2419	1744	n
7612617	2419	1744	n
7612873	2421	1744	n
7613123	2420	1744	n
7623497	2419	1744	n
7623752	2421	1744	n
7624003	2419	1745	n
7624254	2421	1745	n
7624512	2421	1744	n
7624767	2420	1745	n
7635153	2418	1744	n
7635404	2419	1744	n
7635663	2417	1744	n
7635914	2418	1744	n
7636165	2418	1744	n
7636416	2418	1743	n
7636672	2418	1744	n
7647038	2419	1744	n
7647289	2419	1744	n
7647546	2419	1744	n
7647801	2419	1744	n
7648052	2419	1744	n
7648303	2418	1744	n
7658704	2422	1744	n
7658955	2421	1744	n
7659206	2421	1744	n
7659457	2418	1744	n
7659712	2419	1744	n
7659963	2419	1744	n
7660214	2419	1744	n
7670591	2420	1744	n
7670846	2420	1744	n
7671097	2419	1744	n
7671349	2418	1744	n
7671602	2420	1744	n
7671857	2421	1744	n
7682246	2420	1744	n
7682501	2419	1744	n
7682756	2419	1745	n
7683007	2419	1744	n
7683258	2418	1744	n
7683515	2420	1744	n
7683770	2419	1744	n
7694131	2418	1744	n
7694382	2422	1744	n
7694639	2421	1744	n
7694890	2418	1744	n
7695141	2419	1744	n
7695392	2418	1744	n
7705792	2422	1744	n
7706043	2420	1744	n
7706294	2419	1744	n
7706548	2421	1744	n
7706803	2420	1744	n
7707054	2420	1744	n
7707305	2420	1744	n
7717681	2421	1745	n
7717932	2422	1744	n
7718183	2421	1744	n
7718434	2419	1744	n
7718690	2421	1744	n
7718941	2421	1744	n
7729338	2421	1744	n
7729593	2419	1744	n
7729848	2419	1744	n
7730099	2421	1744	n
7730350	2419	1744	n
7730603	2418	1744	n
7730858	2421	1744	n
7741223	2418	1744	n
7741475	2421	1744	n
7741730	2419	1744	n
7741980	2419	1744	n
7742231	2419	1744	n
7742482	2418	1744	n
7752884	2419	1744	n
7753135	2420	1744	n
7753386	2420	1744	n
7753643	2419	1744	n
7753894	2418	1744	n
7754145	2418	1743	n
7754396	2418	1744	n
7764775	2419	1744	n
7765026	2419	1744	n
7765277	2419	1744	n
7765531	2418	1744	n
7765787	2421	1744	n
7766038	2419	1744	n
7776431	2419	1745	n
7776687	2418	1745	n
7776938	2419	1744	n
7777189	2421	1744	n
7777440	2419	1744	n
7777696	2418	1744	n
7777947	2418	1744	n
7788316	2419	1744	n
7788569	2419	1744	n
7788824	2418	1744	n
7789075	2418	1744	n
7789326	2419	1744	n
7789583	2419	1744	n
7799977	2419	1744	n
7800228	2421	1746	n
7800479	2421	1745	n
7800735	2422	1744	n
7800986	2419	1744	n
7801237	2420	1744	n
7801489	2421	1744	n
7811862	2419	1745	n
7812113	2422	1744	n
7812365	2418	1744	n
7812618	2419	1744	n
7812873	2420	1744	n
7813124	2419	1743	n
7823529	2419	1744	n
7823784	2421	1744	n
7824035	2421	1744	n
7824285	2420	1745	n
7824542	2419	1744	n
7824797	2419	1744	n
7825048	2418	1744	n
7835408	2421	1744	n
7835667	2421	1745	n
7835918	2421	1744	n
7836169	2418	1744	n
7836420	2421	1744	n
7836676	2420	1744	n
7847069	2419	1745	n
7847320	2420	1744	n
7847576	2421	1745	n
7847831	2421	1744	n
7848082	2418	1744	n
7848333	2422	1744	n
7848586	2420	1745	n
7858955	2419	1744	n
7859206	2419	1745	n
7859457	2418	1744	n
7859713	2421	1744	n
7859964	2420	1744	n
7860215	2421	1744	n
7870616	2419	1744	n
7870872	2421	1744	n
7871123	2419	1744	n
7871373	2419	1744	n
7871631	2418	1744	n
7871881	2418	1744	n
7872132	2419	1744	n
7882504	2422	1744	n
7882760	2419	1744	n
7883011	2420	1744	n
7883262	2420	1744	n
7883515	2421	1744	n
7883770	2421	1744	n
7894162	2420	1744	n
7894413	2419	1744	n
7894670	2421	1744	n
7894921	2421	1744	n
7895172	2419	1744	n
7895423	2419	1744	n
7895678	2419	1744	n
7906047	2419	1744	n
7906298	2418	1744	n
7906551	2419	1744	n
7906807	2419	1744	n
7907058	2419	1744	n
7907309	2420	1744	n
7917712	2419	1744	n
7917963	2419	1744	n
7918214	2418	1744	n
7918465	2419	1744	n
7918721	2420	1744	n
7918971	2419	1744	n
7919222	2420	1744	n
7929597	2419	1744	n
7929852	2420	1744	n
7930103	2419	1744	n
7930354	2419	1744	n
7930611	2420	1745	n
7930866	2419	1744	n
7941254	2418	1744	n
7941511	2420	1744	n
7941766	2419	1744	n
7942017	2421	1744	n
7942268	2421	1745	n
7942525	2419	1744	n
7942781	2418	1744	n
7953140	2418	1745	n
7953391	2419	1744	n
7953649	2419	1744	n
7953900	2421	1744	n
7954151	2417	1744	n
7954402	2420	1744	n
7964801	2421	1744	n
7965052	2419	1744	n
7965303	2420	1744	n
7965559	2421	1744	n
7965814	2421	1744	n
7966065	2421	1744	n
7966316	2421	1745	n
7976691	2420	1744	n
7976942	2421	1744	n
7977193	2421	1744	n
7977444	2421	1744	n
7977701	2422	1744	n
7977952	2419	1744	n
7988347	2419	1745	n
7988842	2420	1744	n
7989093	2418	1744	n
7989344	2419	1744	n
7989609	2421	1744	n
7989886	2418	1744	n
7990137	2419	1744	n
8000549	2419	1744	n
8001037	2421	1744	n
8001310	2419	1743	n
8001565	2418	1744	n
8001820	2421	1744	n
8002080	2419	1744	n
8002353	2419	1744	n
8012743	2419	1744	Time:00:00:00:00;;
8013434	2419	1744	n
8013721	2421	1745	n
8013972	2419	1745	n
8014223	2422	1744	n
8024607	2418	1744	n
8025096	2419	1744	n
8025370	2419	1744	n
8025625	2421	1744	n
8025881	2421	1744	n
8026140	2421	1744	n
8026414	2422	1744	n
8036819	2421	1744	n
8037296	2419	1744	n
8037559	2419	1744	n
8037836	2419	1744	n
8038087	2419	1744	n
8038338	2421	1744	n
8038602	2422	1744	n
8049042	2420	1744	n
8049525	2419	1744	n
8049780	2421	1744	n
8050040	2419	1744	n
8050316	2418	1744	n
8050569	2420	1744	n
8050824	2422	1744	n
8061212	2422	1745	Time:00:00:00:00;;
8061942	2421	1744	n
8062193	2421	1744	n
8062444	2421	1745	n
8062731	2421	1744	n
8073097	2419	1744	n
8073580	2419	1744	n
8073835	2420	1744	n
8074117	2418	1744	n
8074368	2418	1744	n
8074621	2418	1744	n
8074876	2419	1744	n
8085310	2419	1744	n
8085804	2420	1744	n
8086055	2420	1744	n
8086306	2418	1744	n
8086568	2419	1744	n
8086846	2420	1744	n
8087097	2420	1744	n
8097529	2419	1744	n
8098019	2419	1744	n
8098293	2421	1744	n
8098549	2420	1744	n
8098804	2418	1744	n
8099085	2418	1744	n
8109477	2420	1744	n
8109963	2418	1744	n
8110214	2421	1744	n
8110474	2419	1744	n
8110752	2418	1744	n
8111003	2419	1744	n
8111254	2421	1744	n
8121694	2419	1744	n
8122203	2419	1744	n
8122454	2417	1744	n
8122710	2419	1744	n
8122970	2419	1744	n
8123243	2417	1744	n
8123497	2420	1744	n
8133886	2418	1744	n
8134371	2421	1744	n
8134654	2418	1744	n
8134905	2420	1744	n
8135156	2419	1744	n
8135416	2421	1743	n
8135694	2421	1744	n
8146082	2421	1744	n
8146562	2420	1744	n
8146826	2420	1744	n
8147100	2420	1744	n
8147350	2422	1744	n
8147603	2419	1744	n
8158001	2419	1744	n
8158517	2419	1744	n
8158772	2419	1744	n
8159023	2419	1744	n
8159283	2418	1744	n
8159563	2419	1744	n
8159818	2419	1744	n
8170197	2418	1744	n
8170685	2418	1744	n
8170967	2419	1744	n
8171218	2418	1744	n
8171469	2422	1743	n
8171725	2417	1744	n
8172013	2420	1744	n
8182393	2416	1744	n
8182879	2418	1743	n
8183130	2418	1744	n
8183413	2418	1744	n
8183669	2421	1744	n
8183920	2419	1744	n
8194312	2419	1744	n
8194812	2418	1744	n
8195085	2421	1744	n
8195336	2419	1744	n
8195591	2419	1744	n
8195855	2418	1744	n
8196128	2419	1744	n
8206511	2417	1744	n
8206993	2419	1744	n
8207253	2417	1744	n
8207532	2417	1744	n
8207787	2418	1744	n
8208038	2417	1744	n
8208298	2419	1744	n
8218708	2419	1743	Time:00:00:00:00;;
8219263	2418	1744	n
8219516	2417	1744	n
8219772	2418	1744	n
8220023	2419	1743	n
8230400	2419	1744	n
8230658	2418	1744	n
8230909	2419	1744	n
8231160	2418	1744	n
8231411	2421	1743	n
8231668	2418	1744	n
8231920	2421	1744	n
8242302	2419	1744	n
8242557	2420	1744	n
8242812	2419	1744	n
8243063	2418	1744	n
8243314	2421	1744	n
8243567	2419	1744	n
8253946	2419	1743	n
8254197	2418	1744	n
8254448	2416	1744	n
8254708	2417	1744	n
8254959	2420	1744	n
8255210	2419	1744	n
8255461	2417	1744	n
8265848	2419	1744	n
8266099	2420	1744	n
8266350	2418	1744	n
8266603	2419	1744	n
8266858	2420	1744	n
8267109	2419	1744	n
8277497	2420	1745	n
8277752	2421	1744	n
8278003	2421	1744	n
8278254	2419	1744	n
8278511	2421	1744	n
8278767	2421	1744	n
8279018	2421	1744	n
8289394	2421	1744	n
8289654	2419	1744	n
8289905	2421	1744	n
8290156	2421	1744	n
8290407	2421	1744	n
8290668	2419	1744	n
8301038	2420	1744	n
8301289	2419	1745	n
8301546	2419	1744	n
8301800	2419	1744	n
8302051	2421	1744	n
8302302	2419	1744	n
8302559	2419	1744	n
8312941	2419	1744	n
8313192	2419	1743	n
8313443	2419	1744	n
8313701	2421	1744	n
8313952	2419	1744	n
8314203	2419	1744	n
8324585	2419	1744	n
8324841	2419	1744	n
8325092	2419	1744	n
8325343	2421	1744	n
8325600	2420	1744	n
8325855	2419	1744	n
8326106	2420	1744	n
8336487	2419	1744	n
8336744	2421	1744	n
8336995	2421	1744	n
8337246	2421	1744	n
8337501	2420	1744	n
8337757	2420	1744	n
8348131	2418	1744	n
8348382	2421	1743	n
8348639	2419	1744	n
8348890	2419	1744	n
8349141	2419	1745	n
8349392	2422	1744	n
8349649	2422	1744	n
8360033	2421	1744	n
8360284	2419	1744	n
8360539	2419	1744	n
8360794	2419	1744	n
8361045	2419	1744	n
8361296	2421	1744	n
8371677	2421	1744	n
8371928	2421	1744	n
8372179	2421	1744	n
8372430	2422	1745	n
8372686	2422	1745	n
8372937	2418	1744	n
8373188	2422	1744	n
8383583	2421	1744	n
8383838	2421	1744	n
8384089	2421	1744	n
8384340	2421	1743	n
8384594	2423	1744	n
8384849	2420	1744	n
8395223	2420	1744	n
8395474	2421	1744	n
8395730	2419	1744	n
8395981	2421	1744	n
8396232	2418	1744	n
8396483	2419	1743	n
8396739	2420	1744	n
8407126	2421	1744	n
8407377	2418	1744	n
8407636	2419	1744	n
8407887	2420	1744	n
8408138	2421	1744	n
8408389	2420	1744	n
8418770	2420	1744	n
8419021	2420	1743	n
8419272	2419	1744	n
8419529	2419	1744	n
8419784	2420	1744	n
8420035	2422	1744	n
8420286	2421	1744	n
8430676	2419	1744	n
8430927	2421	1744	n
8431179	2418	1744	n
8431430	2423	1745	n
8431685	2421	1744	n
8431936	2421	1744	n
8442316	2418	1744	n
8442569	2419	1744	n
8442824	2419	1744	n
8443075	2418	1744	n
8443326	2420	1744	n
8443583	2421	1744	n
8443838	2419	1744	n
8454218	2421	1744	n
8454469	2423	1744	n
8454724	2419	1744	n
8454975	2420	1744	n
8455226	2421	1744	n
8455477	2421	1745	n
8465862	2422	1745	n
8466113	2420	1744	n
8466364	2421	1744	n
8466617	2421	1744	n
8466872	2419	1745	n
8467124	2421	1744	n
8467375	2421	1744	n
8477764	2420	1744	n
8478015	2421	1744	n
8478266	2421	1744	n
8478523	2420	1744	n
8478778	2418	1744	n
8479029	2421	1744	n
8489408	2422	1744	n
8489667	2420	1744	n
8489918	2420	1744	n
8490169	2422	1744	n
8490420	2421	1744	n
8490675	2420	1744	n
8490926	2421	1744	n
8501311	2419	1744	n
8501565	2419	1744	n
8501820	2421	1744	n
8502071	2418	1744	n
8502322	2419	1744	n
8502576	2421	1745	n
8512955	2421	1744	n
8513206	2419	1744	n
8513457	2420	1744	n
8513712	2421	1744	n
8513963	2422	1744	n
8514214	2421	1744	n
8514465	2422	1745	n
8524857	2417	1744	n
8525108	2417	1744	n
8525359	2418	1744	n
8525614	2418	1744	n
8525869	2419	1744	n
8526120	2419	1744	n
8536504	2421	1744	n
8536759	2421	1744	n
8537011	2422	1744	n
8537261	2419	1744	n
8537515	2419	1744	n
8537770	2419	1744	n
8538021	2421	1744	n
8548403	2422	1744	n
8548662	2421	1744	n
8548913	2421	1744	n
8549164	2421	1744	n
8549415	2419	1744	n
8549671	2422	1744	n
8560047	2419	1743	n
8560298	2419	1744	n
8560551	2421	1744	n
8560807	2420	1744	n
8561058	2419	1744	n
8561309	2420	1744	n
8561566	2419	1744	n
8571949	2419	1744	n
8572200	2421	1744	n
8572451	2419	1744	n
8572708	2421	1744	n
8572959	2419	1744	n
8573210	2420	1744	n
8583593	2420	1744	n
8583848	2421	1744	n
8584099	2421	1745	n
8584350	2422	1745	n
8584603	2422	1744	n
8584858	2421	1745	n
8585109	2423	1744	n
8595502	2422	1744	n
8595757	2422	1744	n
8596008	2421	1744	n
8596259	2420	1744	n
8596514	2421	1744	n
8596770	2420	1744	n
8607140	2418	1743	n
8607391	2419	1744	n
8607649	2419	1744	n
8607900	2419	1744	n
8608151	2419	1744	n
8608402	2419	1744	n
8608663	2421	1744	n
8619042	2420	1744	n
8619293	2421	1744	n
8619548	2419	1744	n
8619803	2422	1744	n
8620054	2421	1744	n
8620305	2420	1744	n
8630686	2421	1744	n
8630937	2423	1744	n
8631188	2422	1744	n
8631439	2422	1744	n
8631695	2422	1744	n
8631946	2422	1744	n
8632197	2421	1744	n
8642593	2422	1745	n
8642849	2422	1744	n
8643100	2422	1744	n
8643351	2422	1744	n
8643603	2419	1744	n
8643858	2421	1744	n
8654232	2419	1744	n
8654483	2421	1744	n
8654739	2421	1744	n
8654990	2422	1744	n
8655241	2422	1744	n
8655497	2420	1744	n
8655753	2422	1744	n
8666134	2421	1744	n
8666385	2421	1744	n
8666642	2421	1745	n
8666893	2421	1744	n
8667144	2419	1744	n
8667395	2421	1744	n
8677778	2421	1744	n
8678029	2419	1744	n
8678280	2422	1744	n
8678533	2421	1744	n
8678789	2421	1745	n
8679040	2421	1744	n
8679290	2421	1744	n
8689685	2421	1744	n
8689936	2419	1744	n
8690187	2421	1745	n
8690438	2421	1745	n
8690694	2419	1744	n
8690945	2419	1744	n
8701325	2421	1744	n
8701580	2421	1744	n
8701835	2421	1744	n
8702086	2419	1744	n
8702337	2419	1744	n
8702594	2421	1744	n
8702849	2420	1744	n
8713227	2421	1744	n
8713478	2422	1744	n
8713733	2421	1744	n
8713984	2419	1744	n
8714235	2422	1744	n
8714487	2419	1744	n
8724871	2422	1745	n
8725122	2421	1745	n
8725373	2421	1744	n
8725631	2420	1744	n
8725882	2419	1744	n
8726132	2421	1744	n
8726383	2422	1744	n
8736773	2419	1744	n
8737024	2419	1744	n
8737275	2418	1744	n
8737532	2419	1744	n
8737787	2419	1744	n
8738038	2419	1744	n
8748417	2421	1744	n
8748672	2421	1744	n
8748923	2420	1744	n
8749174	2421	1744	n
8749425	2421	1744	n
8749680	2419	1744	n
8749931	2419	1744	n
8760319	2420	1744	n
8760574	2419	1744	n
8760829	2421	1744	n
8761080	2422	1744	n
8761331	2419	1744	n
8761584	2420	1744	n
8771963	2422	1744	n
8772214	2419	1745	n
8772465	2422	1744	n
8772721	2419	1744	n
8772972	2421	1744	n
8773222	2423	1744	n
8773473	2423	1744	n
8783866	2419	1744	n
8784117	2421	1744	n
8784368	2420	1744	n
8784621	2421	1744	n
8784876	2419	1745	n
8785127	2421	1745	n
8795514	2419	1744	n
8795769	2421	1744	n
8796020	2421	1744	n
8796271	2422	1745	n
8796525	2421	1744	n
8796781	2420	1744	n
8797032	2419	1744	n
8807412	2421	1744	n
8807668	2420	1744	n
8807920	2422	1745	n
8808170	2422	1744	n
8808421	2421	1744	n
8808677	2421	1744	n
8819056	2421	1744	n
8819307	2419	1744	n
8819562	2422	1744	n
8819817	2421	1746	n
8820068	2419	1744	n
8820319	2418	1744	n
8820574	2421	1744	n
8830958	2421	1744	n
8831209	2420	1744	n
8831460	2418	1744	n
8831715	2419	1744	n
8831966	2419	1744	n
8832217	2419	1744	n
8842602	2421	1744	n
8842857	2421	1744	n
8843108	2420	1744	n
8843359	2419	1744	n
8843614	2419	1744	n
8843869	2419	1744	n
8844120	2419	1744	n
8854508	2420	1744	n
8854763	2421	1744	n
8855014	2422	1744	n
8855265	2421	1744	n
8855522	2422	1745	n
8855778	2421	1744	n
8866148	2422	1744	n
8866399	2422	1744	n
8866659	2422	1744	n
8866910	2421	1744	n
8867161	2421	1744	n
8867412	2422	1744	n
8867669	2421	1744	n
8878051	2419	1744	n
8878302	2420	1744	n
8878556	2422	1744	n
8878812	2418	1744	n
8879063	2419	1745	n
8879314	2421	1744	n
8889695	2418	1744	n
8889946	2421	1744	n
8890197	2418	1744	n
8890448	2419	1744	n
8890708	2420	1744	n
8890959	2420	1744	n
8891210	2420	1743	n
8901600	2421	1744	n
8901855	2419	1744	n
8902106	2422	1744	n
8902357	2421	1744	n
8902611	2421	1744	n
8902866	2419	1744	n
8913241	2420	1744	n
8913497	2419	1745	n
8913752	2418	1744	n
8914003	2421	1744	n
8914254	2416	1743	n
8914511	2422	1744	n
8914767	2417	1744	n
8925143	2422	1744	n
8925394	2418	1744	n
8925654	2421	1744	n
8925905	2421	1745	n
8926156	2419	1744	n
8926407	2419	1744	n
8936787	2421	1744	n
8937038	2421	1744	n
8937289	2421	1744	n
8937546	2422	1744	n
8937801	2419	1744	n
8938052	2421	1743	n
8938303	2421	1745	n
8948693	2423	1745	n
8948944	2422	1745	n
8949195	2421	1744	n
8949446	2422	1744	n
8949703	2423	1744	n
8949954	2421	1745	n
8960333	2420	1744	n
8960586	2419	1744	n
8960841	2419	1745	n
8961092	2419	1744	n
8961343	2420	1744	n
8961600	2419	1744	n
8961855	2421	1744	n
8972236	2420	1744	n
8972487	2420	1744	n
8972744	2422	1744	n
8972995	2421	1744	n
8973246	2419	1744	n
8973501	2419	1744	n
8983880	2422	1744	n
8984243	2421	1744	n
8984508	2420	1744	n
8984785	2419	1744	n
8985036	2419	1744	n
8985287	2419	1744	n
8985549	2421	1744	n
8995956	2421	1744	n
8996433	2421	1744	n
8996689	2420	1744	n
8996948	2421	1744	n
8997222	2421	1744	n
8997473	2423	1744	n
8997728	2420	1745	n
9008150	2419	1744	Time:00:00:00:00;;
9008879	2420	1744	n
9009130	2422	1744	n
9009390	2421	1744	n
9009670	2422	1744	n
9009921	2421	1744	n
9020312	2420	1744	n
9020797	2420	1744	n
9021079	2419	1744	n
9021330	2419	1744	n
9021583	2420	1744	n
9021838	2422	1744	n
9032231	2419	1744	n
9032723	2422	1744	n
9032974	2423	1744	n
9033225	2422	1744	n
9033511	2421	1744	n
9033766	2420	1744	n
9034017	2421	1744	n
9044427	2423	1745	n
9044916	2419	1744	n
9045190	2419	1744	n
9045441	2421	1745	n
9045701	2421	1744	n
9045960	2419	1743	n
9046234	2419	1744	n
9056632	2419	1744	n
9057110	2419	1744	n
9057370	2418	1744	n
9057649	2417	1744	n
9057900	2421	1744	n
9058151	2419	1744	n
9068532	2422	1744	Time:00:00:00:00;;
9069260	2421	1744	n
9069514	2419	1744	n
9069778	2421	1744	n
9070052	2420	1744	n
9070303	2421	1744	n
9080708	2421	1745	n
9081185	2423	1744	n
9081467	2422	1745	n
9081722	2421	1743	n
9081973	2421	1744	n
9082224	2422	1744	n
9082512	2421	1744	n
9092899	2419	1744	n
9093374	2422	1744	n
9093636	2417	1744	n
9093918	2418	1744	n
9094169	2418	1744	n
9094420	2419	1743	n
9094675	2418	1744	n
9105096	2421	1744	n
9105584	2420	1744	n
9105839	2421	1744	n
9106090	2419	1744	n
9106350	2421	1745	n
9106638	2419	1744	n
9117014	2421	1744	n
9117492	2420	1744	n
9117753	2422	1744	n
9118026	2422	1744	n
9118278	2421	1744	n
9118531	2421	1744	n
9118794	2421	1744	n
9129212	2422	1745	n
9129698	2419	1744	n
9129949	2421	1744	n
9130208	2422	1744	n
9130482	2421	1744	n
9130739	2421	1744	n
9130990	2421	1744	n
9141406	2419	1744	n
9141923	2419	1744	n
9142174	2420	1744	n
9142425	2419	1744	n
9142689	2419	1744	n
9142962	2419	1744	n
9153378	2422	1744	n
9153871	2419	1744	n
9154130	2419	1744	n
9154404	2420	1744	n
9154663	2419	1744	n
9154914	2421	1744	n
9155173	2420	1744	n
9165604	2419	1745	n
9166086	2419	1744	n
9166337	2420	1744	n
9166602	2419	1744	n
9166879	2419	1744	n
9167130	2421	1744	n
9167381	2421	1744	n
9177803	2421	1744	n
9178315	2420	1744	n
9178568	2421	1746	n
9178823	2420	1744	n
9179083	2417	1744	n
9179356	2421	1744	n
9189758	2419	1744	n
9190237	2421	1744	n
9190488	2421	1744	n
9190781	2421	1744	n
9191032	2422	1744	n
9191283	2421	1744	n
9191539	2420	1744	n
9201980	2423	1745	n
9202457	2419	1744	n
9202712	2422	1745	n
9202963	2422	1744	n
9203245	2421	1744	n
9203502	2422	1744	n
9203757	2418	1744	n
9214167	2422	1744	Time:00:00:00:00;;
9214846	2423	1744	n
9215097	2421	1744	n
9215348	2422	1744	n
9215600	2421	1744	n
9215856	2421	1744	n
9226276	2421	1745	n
9226531	2421	1744	n
9226785	2419	1744	n
9227036	2422	1744	n
9227287	2422	1744	n
9227542	2419	1744	n
9237937	2422	1744	n
9238188	2423	1745	n
9238439	2420	1745	n
9238695	2421	1744	n
9238946	2423	1744	n
9239197	2419	1744	n
9239448	2419	1744	n
9249822	2421	1745	n
9250073	2422	1744	n
9250325	2422	1744	n
9250579	2422	1745	n
9250835	2423	1744	n
9251086	2426	1744	n
9261483	2421	1744	n
9261740	2419	1744	n
9261991	2422	1744	n
9262242	2418	1744	n
9262497	2421	1744	n
9262752	2421	1744	n
9263003	2421	1744	n
9273368	2419	1744	n
9273621	2419	1744	n
9273876	2419	1744	n
9274127	2420	1744	n
9274378	2420	1744	n
9274639	2419	1744	n
9285029	2421	1744	n
9285280	2421	1744	n
9285533	2422	1744	n
9285789	2419	1744	n
9286040	2419	1744	n
9286291	2419	1744	n
9286545	2423	1744	n
9296915	2420	1744	n
9297166	2421	1744	n
9297417	2423	1744	n
9297673	2419	1744	n
9297924	2421	1744	n
9298175	2422	1744	n
9308578	2421	1744	n
9308833	2419	1744	n
9309084	2421	1744	n
9309335	2422	1744	n
9309591	2422	1745	n
9309846	2423	1745	n
9310097	2420	1744	n
9320461	2419	1745	n
9320717	2421	1744	n
9320968	2419	1744	n
9321219	2422	1744	n
9321470	2423	1744	n
9321725	2419	1745	n
9332122	2421	1744	n
9332373	2419	1744	n
9332631	2421	1744	n
9332881	2420	1744	n
9333132	2421	1744	n
9333383	2419	1744	n
9333640	2421	1744	n
9344007	2422	1744	n
9344258	2421	1745	n
9344514	2422	1745	n
9344770	2421	1744	n
9345021	2422	1744	n
9345272	2422	1744	n
9355673	2419	1744	n
9355924	2422	1744	n
9356175	2419	1744	n
9356426	2421	1745	n
9356681	2419	1744	n
9356932	2420	1745	n
9357183	2422	1744	n
9367559	2421	1744	n
9367814	2421	1744	n
9368065	2419	1744	n
9368316	2421	1744	n
9368569	2421	1744	n
9368824	2419	1744	n
9379214	2419	1744	n
9379465	2421	1744	n
9379721	2420	1745	n
9379972	2420	1744	n
9380223	2419	1744	n
9380474	2422	1743	n
9380729	2421	1744	n
9391100	2422	1744	n
9391351	2422	1744	n
9391608	2422	1744	n
9391863	2421	1744	n
9392114	2421	1745	n
9392365	2419	1744	n
9402761	2421	1744	n
9403012	2422	1744	n
9403263	2421	1744	n
9403516	2419	1744	n
9403772	2421	1744	n
9404023	2419	1744	n
9404274	2419	1744	n
9414652	2422	1744	n
9414903	2419	1744	n
9415154	2420	1744	n
9415405	2419	1744	n
9415663	2421	1744	n
9415914	2421	1745	n
9426307	2422	1744	n
9426562	2421	1744	n
9426817	2423	1744	n
9427068	2421	1745	n
9427319	2420	1744	n
9427576	2420	1744	n
9427831	2419	1745	n
9438192	2422	1744	n
9438443	2422	1745	n
9438701	2420	1744	n
9438952	2422	1744	n
9439203	2423	1744	n
9439454	2417	1744	n
9449853	2421	1744	n
9450104	2422	1744	n
9450355	2421	1744	n
9450611	2421	1745	n
9450866	2421	1744	n
9451117	2421	1745	n
9451368	2419	1744	n
9461743	2420	1744	n
9461994	2419	1744	n
9462245	2421	1744	n
9462502	2421	1744	n
9462756	2422	1744	n
9463007	2422	1744	n
9473399	2422	1744	n
9473658	2422	1745	n
9473909	2422	1745	n
9474160	2421	1744	n
9474411	2422	1744	n
9474669	2420	1744	n
9474920	2423	1745	n
9485285	2423	1744	n
9485542	2421	1744	n
9485797	2419	1744	n
9486048	2419	1744	n
9486299	2419	1744	n
9486552	2419	1744	n
9496946	2421	1744	n
9497197	2419	1744	n
9497448	2421	1744	n
9497708	2422	1744	n
9497959	2421	1744	n
9498210	2419	1744	n
9498461	2419	1744	n
9508831	2419	1744	n
9509082	2420	1744	n
9509333	2420	1744	n
9509586	2419	1744	n
9509841	2419	1744	n
9510092	2420	1744	n
9520497	2422	1744	n
9520752	2421	1744	n
9521003	2422	1744	n
9521254	2421	1744	n
9521511	2421	1745	n
9521767	2423	1744	n
9522018	2421	1744	n
9532377	2418	1747	n
9532636	2418	1743	n
9532887	2419	1744	n
9533138	2419	1744	n
9533389	2417	1744	n
9533649	2421	1744	n
9544038	2422	1744	n
9544289	2422	1744	n
9544546	2421	1744	n
9544801	2420	1744	n
9545052	2422	1744	n
9545303	2421	1744	n
9545560	2421	1745	n
9555923	2421	1744	n
9556174	2421	1744	n
9556425	2421	1744	n
9556680	2419	1744	n
9556931	2419	1744	n
9557182	2421	1744	n
9567584	2422	1745	n
9567840	2423	1744	n
9568091	2422	1744	n
9568342	2424	1745	n
9568597	2420	1744	n
9568852	2419	1744	n
9569103	2421	1744	n
9579470	2423	1744	n
9579726	2421	1744	n
9579977	2422	1744	n
9580228	2420	1744	n
9580479	2419	1744	n
9580734	2419	1744	n
9591131	2422	1744	n
9591382	2421	1744	n
9591639	2419	1744	n
9591890	2421	1744	n
9592141	2422	1744	n
9592392	2422	1744	n
9592649	2419	1744	n
9603016	2422	1745	n
9603267	2421	1745	n
9603522	2422	1745	n
9603778	2423	1744	n
9604028	2423	1744	n
9604280	2421	1744	n
9614681	2421	1744	n
9614932	2422	1744	n
9615183	2421	1744	n
9615434	2421	1744	n
9615690	2421	1744	n
9615941	2421	1744	n
9616192	2420	1744	n
9626565	2422	1744	n
9626820	2419	1744	n
9627071	2420	1744	n
9627322	2421	1744	n
9627576	2421	1744	n
9627831	2419	1744	n
9638223	2419	1744	n
9638474	2423	1744	n
9638730	2421	1744	n
9638981	2419	1744	n
9639232	2420	1744	n
9639483	2420	1744	n
9639739	2420	1744	n
9650108	2422	1744	n
9650359	2421	1744	n
9650614	2421	1744	n
9650869	2423	1744	n
9651120	2421	1744	n
9651371	2419	1744	n
9661769	2423	1744	n
9662020	2423	1744	n
9662271	2422	1744	n
9662525	2423	1744	n
9662781	2420	1744	n
9663032	2418	1744	n
9663283	2421	1744	n
9673660	2421	1744	n
9673911	2420	1744	n
9674162	2419	1744	n
9674413	2421	1743	n
9674669	2419	1744	n
9674920	2418	1744	n
9685316	2419	1744	n
9685569	2421	1744	n
9685824	2420	1744	n
9686075	2420	1744	n
9686326	2420	1744	n
9686583	2419	1744	n
9686839	2420	1744	n
9697201	2422	1744	n
9697452	2420	1744	n
9697709	2421	1744	n
9697960	2419	1744	n
9698211	2421	1744	n
9698462	2419	1744	n
9708862	2421	1744	n
9709113	2417	1745	n
9709364	2422	1744	n
9709617	2420	1744	n
9709872	2417	1744	n
9710123	2421	1743	n
9710374	2419	1744	n
9720752	2422	1744	n
9721003	2421	1744	n
9721254	2421	1744	n
9721508	2420	1744	n
9721764	2419	1744	n
9722015	2421	1744	n
9732408	2421	1744	n
9732667	2421	1744	n
9732918	2418	1744	n
9733169	2421	1744	n
9733420	2421	1744	n
9733676	2419	1745	n
9733927	2420	1744	n
9744293	2421	1744	n
9744548	2421	1744	n
9744803	2421	1745	n
9745055	2421	1744	n
9745306	2422	1744	n
9745563	2422	1744	n
9755954	2421	1744	n
9756205	2421	1744	n
9756456	2418	1744	n
9756712	2418	1744	n
9756963	2419	1744	n
9757214	2419	1744	n
9757465	2419	1744	n
9767840	2421	1744	n
9768091	2421	1744	n
9768342	2420	1744	n
9768597	2419	1744	n
9768852	2422	1744	n
9769103	2421	1744	n
9779504	2421	1744	n
9779760	2422	1744	n
9780011	2422	1744	n
9780261	2421	1744	n
9780514	2421	1744	n
9780770	2422	1744	n
9781021	2421	1744	n
9791386	2419	1744	n
9791643	2421	1744	n
9791894	2421	1744	n
9792145	2422	1744	n
9792396	2422	1745	n
9792654	2420	1744	n
9803047	2419	1744	n
9803298	2421	1744	n
9803551	2419	1744	n
9803807	2420	1744	n
9804057	2419	1744	n
9804309	2422	1744	n
9804566	2419	1744	n
9814932	2421	1744	n
9815183	2420	1744	n
9815434	2420	1744	n
9815690	2421	1744	n
9815941	2419	1744	n
9816192	2420	1744	n
9826593	2422	1744	n
9826848	2421	1744	n
9827099	2421	1744	n
9827350	2421	1744	n
9827603	2422	1744	n
9827858	2422	1744	n
9828109	2422	1744	n
9838478	2422	1744	n
9838734	2419	1744	n
9838985	2419	1744	n
9839236	2421	1745	n
9839488	2421	1744	n
9839744	2421	1744	n
9850139	2419	1744	n
9850390	2419	1744	n
9850648	2419	1744	n
9850899	2421	1745	n
9851150	2421	1745	n
9851401	2421	1744	n
9851663	2420	1744	n
9862025	2420	1744	n
9862276	2422	1744	n
9862531	2419	1744	n
9862785	2419	1744	n
9863036	2420	1744	n
9863287	2421	1744	n
9873691	2423	1745	n
9873942	2422	1744	n
9874193	2419	1744	n
9874444	2421	1744	n
9874701	2419	1744	n
9874952	2421	1744	n
9875203	2421	1744	n
9885576	2420	1744	n
9885831	2418	1743	n
9886082	2416	1744	n
9886333	2418	1744	n
9886586	2419	1743	n
9886841	2419	1744	n
9897232	2421	1744	n
9897483	2419	1744	n
9897739	2419	1744	n
9897990	2419	1744	n
9898241	2420	1744	n
9898497	2420	1744	n
9898753	2419	1744	n
9909117	2422	1745	n
9909368	2419	1744	n
9909621	2419	1744	n
9909876	2419	1744	n
9910127	2421	1744	n
9910378	2422	1744	n
9920778	2421	1744	n
9921029	2422	1744	n
9921280	2421	1744	n
9921533	2419	1744	n
9921789	2420	1744	n
9922040	2419	1744	n
9922291	2421	1744	n
9932667	2420	1744	n
9932918	2422	1744	n
9933169	2419	1744	n
9933420	2419	1744	n
9933675	2419	1744	n
9933927	2419	1744	n
9944324	2421	1744	n
9944579	2420	1744	n
9944835	2421	1744	n
9945086	2421	1744	n
9945337	2419	1744	n
9945594	2422	1744	n
9945849	2419	1744	n
9956210	2423	1744	n
9956461	2420	1744	n
9956717	2423	1746	n
9956968	2422	1744	n
9957219	2422	1744	n
9957470	2423	1744	n
9967871	2421	1744	n
9968122	2418	1744	n
9968373	2421	1744	n
9968631	2419	1744	n
9968881	2421	1744	n
9969132	2421	1744	n
9969383	2419	1744	n
9979761	2420	1744	n
9980034	2419	1743	n
9980294	2418	1744	n
9980574	2419	1744	n
9980829	2421	1744	n
9981080	2418	1744	n
9991509	2421	1744	n
9992021	2421	1744	n
9992272	2419	1744	n
9992529	2422	1744	n
9992792	2421	1744	n
9993066	2419	1744	n
9993316	2420	1744	n
10003703	2421	1744	Time:00:00:00:00;;
10004403	2421	1744	n
10004684	2421	1745	n
10004936	2422	1744	n
10005187	2421	1744	n
10005469	2423	1745	n
10015896	2420	1744	n
10016372	2419	1744	n
10016632	2419	1744	n
10016914	2419	1744	n
10017165	2427	1744	n
10017416	2420	1744	n
10027849	2418	1744	n
10028356	2419	1744	n
10028610	2419	1744	n
10028866	2421	1744	n
10029117	2418	1744	n
10029399	2419	1744	n
10039803	2421	1744	n
10040280	2420	1744	n
10040533	2419	1744	n
10040820	2418	1744	n
10041071	2419	1744	n
10041322	2422	1744	n
10041576	2419	1744	n
10052034	2422	1745	n
10052525	2421	1744	n
10052780	2423	1744	n
10053031	2419	1744	n
10053313	2419	1744	n
10053566	2421	1745	n
10063988	2419	1743	Time:00:00:00:00;;
10064698	2421	1744	n
10064972	2421	1744	n
10065223	2421	1744	n
10065474	2422	1744	n
10065739	2421	1744	n
10076184	2421	1744	n
10076669	2417	1744	n
10076920	2419	1744	n
10077180	2420	1744	n
10077454	2419	1744	n
10077710	2420	1744	n
10088138	2422	1744	n
10088631	2421	1744	n
10088904	2420	1744	n
10089155	2421	1744	n
10089406	2420	1744	n
10089676	2422	1744	n
10100092	2419	1744	n
10100573	2421	1744	n
10100829	2419	1744	n
10101089	2421	1744	n
10101362	2422	1744	n
10101617	2421	1744	n
10101873	2419	1744	n
10112237	2419	1744	n
10112759	2418	1744	n
10113010	2422	1744	n
10113261	2419	1744	n
10113525	2421	1744	n
10113803	2419	1744	n
10124191	2422	1744	n
10124679	2420	1744	n
10124939	2421	1744	n
10125213	2421	1745	n
10125464	2421	1744	n
10125719	2421	1744	n
10136144	2421	1744	n
10136658	2421	1744	n
10136909	2421	1744	n
10137161	2421	1744	n
10137420	2422	1744	n
10137698	2421	1745	n
10137949	2421	1744	n
10148376	2421	1744	n
10148871	2421	1744	n
10149145	2418	1744	n
10149396	2423	1744	n
10149654	2422	1745	n
10149914	2421	1744	n
10160337	2420	1744	n
10160825	2422	1744	n
10161076	2420	1744	n
10161327	2421	1744	n
10161614	2421	1744	n
10161869	2421	1744	n
10172266	2421	1744	n
10172758	2419	1744	n
10173040	2421	1744	n
10173292	2419	1744	n
10173549	2419	1744	n
10173804	2419	1744	n
10174086	2422	1744	n
10184515	2422	1744	n
10184998	2422	1744	n
10185250	2422	1744	n
10185534	2419	1745	n
10185789	2421	1744	n
10186040	2421	1744	n
10196468	2421	1744	n
10196984	2419	1744	n
10197235	2421	1743	n
10197487	2420	1744	n
10197744	2419	1744	n
10198026	2421	1744	n
10208388	2419	1744	n
10208873	2423	1745	n
10209124	2421	1745	n
10209384	2421	1744	n
10209666	2420	1744	n
10209917	2421	1744	n
10210168	2419	1744	n
10220568	2422	1744	Time:00:00:00:00;;
10221106	2421	1745	n
10221357	2421	1744	n
10221611	2419	1744	n
10221866	2419	1744	n
10232227	2421	1744	n
10232479	2421	1744	n
10232735	2421	1744	n
10232986	2422	1745	n
10233237	2422	1744	n
10233489	2421	1744	n
10243871	2419	1744	n
10244123	2420	1744	n
10244374	2421	1744	n
10244632	2419	1744	n
10244883	2421	1744	n
10245134	2420	1744	n
10255550	2420	1744	n
10255805	2421	1744	n
10256057	2421	1744	n
10256308	2420	1744	n
10256563	2422	1744	n
10256818	2419	1744	n
10257069	2419	1744	n
10267487	2419	1745	n
10267744	2421	1744	n
10267995	2420	1744	n
10268246	2422	1744	n
10268501	2423	1744	n
10268756	2419	1744	n
10279130	2422	1744	n
10279381	2423	1745	n
10279639	2423	1744	n
10279890	2423	1744	n
10280141	2420	1744	n
10280392	2422	1745	n
10290826	2421	1744	n
10291077	2423	1744	n
10291328	2421	1744	n
10291583	2421	1744	n
10291838	2422	1744	n
10292089	2419	1744	n
10302525	2419	1744	n
10302780	2420	1744	n
10303031	2419	1744	n
10303282	2421	1744	n
10303540	2419	1744	n
10303795	2419	1744	n
10314217	2422	1744	n
10314468	2422	1744	n
10314724	2421	1744	n
10314975	2421	1745	n
10315226	2422	1744	n
10315478	2421	1744	n
10315733	2419	1744	n
10326137	2421	1744	n
10326388	2422	1744	n
10326644	2419	1744	n
10326896	2420	1744	n
10327147	2419	1744	n
10327398	2424	1744	n
10337783	2421	1744	n
10338034	2419	1744	n
10338285	2421	1744	n
10338542	2419	1744	n
10338797	2422	1744	n
10339048	2421	1744	n
10349406	2421	1743	n
10349667	2419	1744	n
10349919	2420	1744	n
10350170	2418	1744	n
10350421	2419	1744	n
10350677	2419	1744	n
10361033	2422	1744	n
10361284	2423	1744	n
10361539	2422	1744	n
10361795	2422	1744	n
10362046	2421	1745	n
10362297	2421	1744	n
10372728	2420	1744	n
10372980	2421	1744	n
10373231	2419	1744	n
10373482	2419	1744	n
10373739	2421	1744	n
10373990	2421	1744	n
10384355	2422	1745	n
10384611	2422	1744	n
10384866	2420	1744	n
10385118	2421	1744	n
10385369	2422	1745	n
10385626	2422	1744	n
10385881	2421	1744	n
10396258	2421	1744	n
10396514	2422	1744	n
10396770	2421	1744	n
10397021	2422	1744	n
10397272	2421	1744	n
10397529	2423	1744	n
10407902	2423	1744	n
10408153	2423	1744	n
10408404	2423	1744	n
10408663	2422	1744	n
10408914	2422	1744	n
10409165	2421	1744	n
10419548	2419	1744	n
10419803	2421	1744	n
10420054	2420	1744	n
10420305	2419	1744	n
10420563	2419	1744	n
10420818	2421	1744	n
10431241	2421	1743	n
10431497	2420	1744	n
10431753	2421	1744	n
10432004	2421	1745	n
10432255	2418	1744	n
10432512	2418	1744	n
10442936	2421	1744	n
10443187	2421	1744	n
10443439	2422	1744	n
10443695	2421	1744	n
10443946	2421	1744	n
10444198	2421	1744	n
10454563	2420	1745	n
10454818	2419	1744	n
10455070	2418	1744	n
10455321	2421	1744	n
10455576	2422	1744	n
10455832	2422	1744	n
10456083	2423	1744	n
10466466	2422	1744	n
10466721	2422	1744	n
10466973	2420	1744	n
10467224	2421	1744	n
10467475	2421	1744	n
10467730	2421	1744	n
10478109	2422	1744	n
10478360	2421	1744	n
10478614	2419	1744	n
10478869	2419	1744	n
10479121	2421	1744	n
10479372	2421	1744	n
10489757	2421	1744	n
10490008	2423	1745	n
10490259	2422	1744	n
10490514	2422	1744	n
10490769	2423	1744	n
10491020	2421	1744	n
10501448	2419	1744	n
10501708	2420	1744	n
10501959	2421	1744	n
10502210	2423	1744	n
10502462	2418	1744	n
10502717	2421	1744	n
10513143	2421	1745	n
10513395	2420	1745	n
10513654	2422	1744	n
10513905	2421	1744	n
10514157	2421	1744	n
10514408	2421	1744	n
10524770	2422	1744	n
10525022	2420	1744	n
10525273	2419	1744	n
10525528	2421	1744	n
10525784	2421	1744	n
10526035	2420	1744	n
10526286	2420	1744	n
10536677	2422	1745	n
10536928	2423	1744	n
10537180	2422	1744	n
10537431	2421	1745	n
10537686	2422	1744	n
10537938	2422	1744	n
10548317	2421	1744	n
10548573	2418	1744	n
10548829	2421	1744	n
10549080	2421	1744	n
10549331	2419	1744	n
10549584	2420	1744	n
10559960	2422	1744	n
10560212	2423	1745	n
10560463	2421	1744	n
10560718	2421	1744	n
10560969	2421	1744	n
10561220	2419	1744	n
10571660	2423	1744	n
10571912	2422	1744	n
10572163	2421	1744	n
10572414	2421	1745	n
10572670	2423	1744	n
10572921	2422	1744	n
10583351	2422	1744	n
10583608	2421	1744	n
10583864	2421	1744	n
10584115	2422	1745	n
10584366	2423	1744	n
10584620	2420	1744	n
10595047	2419	1744	n
10595298	2419	1744	n
10595551	2418	1744	n
10595807	2421	1744	n
10596058	2419	1744	n
10596309	2421	1744	n
10596566	2419	1744	n
10606967	2420	1744	n
10607218	2419	1744	n
10607469	2422	1744	n
10607724	2420	1744	n
10607976	2419	1744	n
10608227	2419	1744	n
10618614	2421	1744	n
10618869	2422	1744	n
10619120	2421	1744	n
10619372	2423	1744	n
10619632	2422	1744	n
10619883	2422	1744	n
10630306	2421	1744	n
10630563	2421	1744	n
10630818	2421	1745	n
10631069	2421	1744	n
10631320	2421	1744	n
10631576	2422	1744	n
10641949	2421	1744	n
10642200	2418	1744	n
10642451	2419	1744	n
10642708	2419	1744	n
10642959	2421	1744	n
10643211	2418	1744	n
10653649	2421	1744	n
10653900	2421	1744	n
10654151	2420	1744	n
10654402	2421	1744	n
10654663	2421	1744	n
10654914	2419	1744	n
10665323	2419	1744	n
10665580	2421	1744	n
10665836	2421	1744	n
10666087	2423	1744	n
10666338	2421	1744	n
10666593	2421	1744	n
10666848	2420	1744	n
10677261	2423	1744	n
10677514	2421	1744	n
10677769	2419	1744	n
10678020	2421	1744	n
10678272	2421	1744	n
10678529	2422	1744	n
10688903	2420	1744	n
10689155	2420	1744	n
10689406	2419	1744	n
10689664	2421	1744	n
10689915	2418	1744	n
10690166	2421	1744	n
10700601	2422	1744	n
10700856	2420	1744	n
10701107	2420	1744	n
10701358	2421	1744	n
10701616	2421	1744	n
10701871	2419	1744	n
10712294	2423	1746	n
10712548	2421	1744	n
10712803	2422	1745	n
10713055	2420	1744	n
10713306	2422	1744	n
10713563	2422	1744	n
10723938	2419	1744	n
10724189	2419	1744	n
10724441	2419	1744	n
10724701	2419	1744	n
10724952	2421	1744	n
10725203	2418	1744	n
10735617	2421	1744	n
10735872	2421	1745	n
10736124	2422	1744	n
10736375	2421	1744	n
10736636	2419	1744	n
10736888	2419	1744	n
10737139	2421	1744	n
10747559	2421	1744	n
10747814	2419	1744	n
10748065	2419	1744	n
10748317	2419	1744	n
10748574	2421	1744	n
10748829	2421	1744	n
10759197	2419	1744	n
10759449	2419	1744	n
10759709	2421	1744	n
10759960	2419	1744	n
10760211	2419	1744	n
10760463	2417	1744	n
10770893	2422	1744	n
10771144	2421	1744	n
10771395	2421	1744	n
10771654	2419	1744	n
10771906	2421	1745	n
10772157	2420	1744	n
10782588	2421	1744	n
10782844	2421	1744	n
10783095	2420	1744	n
10783346	2421	1744	n
10783600	2420	1744	n
10783855	2419	1744	n
10794215	2421	1744	n
10794466	2422	1744	n
10794722	2421	1744	n
10794973	2422	1744	n
10795224	2422	1744	n
10795475	2423	1744	n
10795731	2421	1744	n
10806118	2422	1744	n
10806369	2421	1744	n
10806626	2422	1744	n
10806881	2422	1744	n
10807132	2419	1744	n
10807384	2422	1745	n
10817766	2418	1744	n
10818017	2421	1744	n
10818268	2420	1744	n
10818525	2418	1743	n
10818781	2419	1744	n
10819032	2419	1744	n
10829405	2422	1744	n
10829663	2420	1744	n
10829915	2421	1744	n
10830166	2421	1744	n
10830417	2423	1744	n
10830672	2418	1744	n
10841101	2421	1744	n
10841352	2422	1744	n
10841608	2421	1743	n
10841863	2420	1744	n
10842114	2421	1744	n
10842365	2418	1744	n
10852796	2421	1744	n
10853048	2422	1745	n
10853299	2423	1744	n
10853552	2421	1744	n
10853807	2419	1744	n
10854058	2421	1744	n
10864422	2421	1744	n
10864678	2421	1744	n
10864929	2420	1744	n
10865180	2420	1744	n
10865431	2421	1745	n
10865687	2421	1745	n
10865938	2419	1744	n
10876326	2421	1744	n
10876580	2421	1744	n
10876836	2421	1744	n
10877087	2420	1745	n
10877338	2421	1744	n
10877593	2421	1745	n
10887969	2422	1744	n
10888220	2422	1744	n
10888471	2426	1745	n
10888727	2421	1744	n
10888978	2423	1744	n
10889229	2422	1744	n
10899618	2421	1744	n
10899873	2421	1744	n
10900124	2417	1744	n
10900375	2421	1744	n
10900637	2422	1744	n
10900888	2419	1744	n
10911308	2421	1744	n
10911562	2419	1744	n
10911817	2420	1746	n
10912068	2420	1744	n
10912320	2419	1743	n
10912576	2419	1744	n
10923003	2421	1746	n
10923255	2422	1745	n
10923512	2419	1744	n
10923767	2420	1744	n
10924018	2422	1744	n
10924269	2421	1745	n
10934635	2421	1744	n
10934886	2421	1744	n
10935137	2421	1744	n
10935388	2422	1744	n
10935649	2421	1744	n
10935900	2421	1745	n
10936152	2421	1744	n
10946535	2420	1744	n
10946790	2420	1744	n
10947041	2421	1745	n
10947292	2422	1744	n
10947549	2419	1744	n
10947804	2419	1744	n
10958177	2420	1744	n
10958428	2421	1744	n
10958683	2418	1744	n
10958934	2421	1744	n
10959186	2419	1743	n
10959437	2421	1744	n
10969820	2419	1744	n
10970071	2423	1745	n
10970323	2421	1744	n
10970576	2422	1744	n
10970831	2422	1744	n
10971083	2421	1744	n
10981518	2420	1744	n
10981840	2421	1744	n
10982091	2422	1744	n
10982351	2421	1744	n
10982631	2422	1744	n
10982882	2421	1744	n
10993297	2421	1744	n
10993790	2421	1744	n
10994064	2419	1744	n
10994315	2421	1744	n
10994568	2421	1744	n
10994833	2421	1744	n
10995106	2422	1744	n
11005531	2421	1744	Time:00:00:00:00;;
11006226	2419	1744	n
11006514	2421	1744	n
11006770	2420	1744	n
11007021	2421	1744	n
11017447	2422	1744	n
11017966	2421	1744	n
11018217	2423	1744	n
11018468	2423	1744	n
11018723	2420	1744	n
11019006	2419	1744	n
11019257	2422	1744	n
11029682	2421	1745	n
11030158	2421	1744	n
11030440	2421	1744	n
11030696	2421	1744	n
11030947	2420	1744	n
11031199	2421	1744	n
11041637	2421	1744	n
11042122	2423	1744	n
11042373	2420	1744	n
11042632	2423	1744	n
11042914	2419	1744	n
11043165	2421	1744	n
11053586	2421	1744	n
11054070	2418	1744	n
11054352	2421	1744	n
11054608	2420	1744	n
11054863	2422	1745	n
11055114	2419	1744	n
11055397	2422	1745	n
11065817	2421	1744	Time:00:00:00:00;;
11066514	2421	1744	n
11066778	2421	1745	n
11067051	2419	1745	n
11067303	2422	1744	n
11077736	2418	1744	n
11078223	2418	1744	n
11078501	2422	1744	n
11078757	2418	1744	n
11079008	2419	1744	n
11079267	2419	1744	n
11079545	2421	1744	n
11089967	2421	1744	n
11090442	2420	1744	n
11090709	2421	1744	n
11090983	2421	1744	n
11091234	2421	1744	n
11091486	2422	1744	n
11101851	2422	1746	n
11102360	2421	1744	n
11102614	2420	1744	n
11102870	2421	1745	n
11103130	2422	1745	n
11103404	2422	1744	n
11113788	2422	1744	n
11114270	2422	1744	n
11114525	2421	1744	n
11114812	2421	1744	n
11115063	2419	1746	n
11115314	2421	1744	n
11115576	2421	1744	n
11126028	2420	1744	n
11126508	2419	1744	n
11126764	2420	1744	n
11127015	2419	1744	n
11127298	2421	1744	n
11127551	2419	1744	n
11137973	2419	1744	n
11138449	2421	1744	n
11138737	2422	1744	n
11138988	2421	1744	n
11139239	2421	1744	n
11139492	2419	1744	n
11149936	2419	1744	n
11150414	2422	1744	n
11150670	2421	1744	n
11150921	2421	1744	n
11151203	2422	1744	n
11151455	2419	1744	n
11151711	2420	1744	n
11162072	2420	1744	n
11162566	2419	1744	n
11162843	2422	1744	n
11163094	2423	1744	n
11163346	2421	1745	n
11163611	2421	1744	n
11174026	2421	1744	n
11174514	2420	1745	n
11174770	2421	1744	n
11175030	2419	1744	n
11175303	2422	1744	n
11175559	2419	1744	n
11185979	2421	1744	n
11186466	2421	1744	n
11186744	2421	1744	n
11186995	2421	1744	n
11187247	2420	1744	n
11187511	2420	1744	n
11187789	2421	1744	n
11198211	2419	1744	n
11198701	2421	1744	n
11198961	2419	1744	n
11199236	2422	1744	n
11199488	2421	1744	n
11199744	2422	1744	n
11210164	2419	1744	n
11210681	2419	1744	n
11210932	2421	1744	n
11211183	2419	1744	n
11211443	2420	1744	Time:00:00:00:00;;
11211939	2419	1744	n
11222361	2421	1744	n
11222640	2420	1744	n
11222891	2422	1744	n
11223142	2421	1744	n
11223393	2421	1744	n
11223654	2419	1744	n
11234090	2421	1744	n
11234341	2423	1744	n
11234596	2422	1745	n
11234852	2421	1744	n
11235103	2420	1744	n
11235354	2422	1744	n
11245786	2423	1744	n
11246037	2423	1745	n
11246288	2422	1745	n
11246545	2422	1744	n
11246801	2422	1744	n
11247052	2421	1744	n
11257412	2421	1744	n
11257669	2419	1744	n
11257920	2419	1744	n
11258171	2421	1744	n
11258422	2420	1744	n
11258678	2419	1744	n
11269038	2419	1744	n
11269290	2420	1744	n
11269545	2421	1744	n
11269801	2421	1744	n
11270052	2418	1744	n
11270303	2420	1744	n
11280717	2422	1745	n
11280968	2421	1744	n
11281219	2422	1744	n
11281470	2423	1744	n
11281726	2421	1744	n
11281977	2421	1745	n
11282228	2419	1744	n
11292658	2421	1744	n
11292909	2421	1744	n
11293160	2421	1744	n
11293411	2421	1744	n
11293668	2421	1744	n
11293920	2421	1744	n
11304297	2421	1744	n
11304551	2419	1744	n
11304806	2419	1744	n
11305058	2419	1744	n
11305309	2423	1744	n
11305566	2422	1744	n
11315993	2421	1744	n
11316244	2421	1744	n
11316501	2420	1744	n
11316757	2421	1744	n
11317008	2422	1744	n
11317259	2421	1744	n
11327620	2423	1744	n
11327875	2423	1745	n
11328126	2421	1744	n
11328378	2421	1744	n
11328639	2422	1745	n
11328890	2422	1744	n
11339332	2420	1744	n
11339586	2422	1744	n
11339841	2421	1744	n
11340092	2420	1744	n
11340343	2420	1744	n
11340600	2422	1744	n
11351011	2419	1743	n
11351262	2419	1744	n
11351516	2419	1743	n
11351771	2418	1744	n
11352022	2420	1743	n
11352273	2419	1744	n
11352528	2419	1744	n
11362948	2420	1744	n
11363199	2419	1744	n
11363450	2420	1744	n
11363708	2421	1744	n
11363959	2420	1744	n
11364210	2421	1745	n
11374597	2421	1744	n
11374852	2422	1745	n
11375103	2420	1744	n
11375355	2422	1744	n
11375611	2420	1744	n
11375866	2419	1744	n
11386287	2421	1744	n
11386542	2420	1744	n
11386797	2419	1744	n
11387048	2418	1744	n
11387299	2418	1744	n
11387557	2417	1744	n
11397982	2418	1744	n
11398234	2420	1744	n
11398485	2421	1744	n
11398744	2421	1744	n
11398995	2423	1744	n
11399246	2421	1744	n
11409609	2421	1744	n
11409865	2420	1744	n
11410116	2421	1744	n
11410367	2419	1744	n
11410620	2422	1744	n
11410876	2421	1744	n
11411127	2421	1744	n
11421514	2421	1744	n
11421769	2423	1744	n
11422020	2422	1744	n
11422272	2421	1744	n
11422529	2421	1744	n
11422784	2422	1744	n
11433156	2421	1744	n
11433407	2422	1744	n
11433667	2419	1744	n
11433918	2419	1743	n
11434169	2420	1744	n
11434421	2420	1744	n
11444798	2419	1744	n
11445050	2419	1744	n
11445301	2421	1744	n
11445556	2422	1744	n
11445811	2418	1745	n
11446062	2422	1744	n
11456497	2421	1744	n
11456752	2421	1744	n
11457003	2421	1744	n
11457254	2422	1744	n
11457511	2421	1744	n
11457767	2423	1744	n
11468189	2421	1746	n
11468441	2420	1744	n
11468701	2421	1744	n
11468952	2421	1744	n
11469204	2421	1743	n
11469455	2419	1744	n
11479816	2419	1744	n
11480068	2421	1744	n
11480319	2421	1744	n
11480574	2419	1744	n
11480829	2420	1744	n
11481080	2421	1744	n
11481331	2422	1744	n
11491723	2419	1744	n
11491974	2421	1744	n
11492226	2420	1744	n
11492477	2423	1744	n
11492732	2421	1744	n
11492983	2419	1744	n
11503363	2419	1744	n
11503617	2422	1745	n
11503872	2422	1744	n
11504124	2426	1744	n
11504375	2422	1744	n
11504636	2421	1744	n
11515006	2421	1744	n
11515257	2422	1744	n
11515514	2422	1744	n
11515770	2419	1744	n
11516021	2421	1744	n
11516272	2419	1744	n
11526706	2419	1744	n
11526957	2422	1744	n
11527209	2421	1744	n
11527460	2417	1744	n
11527715	2419	1744	n
11527966	2422	1747	n
11538397	2418	1744	n
11538658	2422	1744	n
11538909	2419	1744	n
11539161	2417	1744	n
11539412	2420	1744	n
11539669	2422	1744	n
11550093	2420	1744	n
11550344	2421	1744	n
11550600	2420	1744	n
11550855	2419	1744	n
11551106	2420	1744	n
11551357	2420	1744	n
11551615	2419	1744	n
11562013	2421	1744	n
11562264	2419	1743	n
11562517	2416	1744	n
11562773	2419	1744	n
11563024	2422	1743	n
11563275	2419	1744	n
11573661	2422	1744	n
11573912	2420	1744	n
11574163	2419	1744	n
11574414	2419	1744	n
11574670	2420	1744	n
11574922	2419	1744	n
11585283	2420	1744	n
11585539	2421	1744	n
11585795	2421	1744	n
11586046	2420	1744	n
11586297	2419	1744	n
11586550	2418	1743	n
11596996	2421	1744	n
11597247	2423	1745	n
11597504	2421	1745	n
11597760	2421	1744	n
11598011	2420	1744	n
11598262	2421	1744	n
11608696	2419	1744	n
11608947	2421	1744	n
11609198	2417	1744	n
11609449	2418	1744	n
11609708	2418	1744	n
11609959	2420	1744	n
11620370	2419	1744	n
11620625	2419	1744	n
11620880	2418	1744	n
11621132	2421	1744	n
11621383	2419	1744	n
11621640	2420	1744	n
11621891	2421	1744	n
11632307	2422	1744	n
11632562	2419	1744	n
11632817	2419	1744	n
11633068	2419	1744	n
11633320	2422	1744	n
11633576	2422	1744	n
11643950	2421	1744	n
11644201	2420	1744	n
11644453	2419	1744	n
11644709	2419	1744	n
11644960	2421	1744	n
11645211	2421	1743	n
11655650	2419	1744	n
11655901	2420	1744	n
11656153	2419	1744	n
11656404	2420	1744	n
11656663	2418	1744	n
11656914	2419	1744	n
11667272	2421	1744	n
11667529	2418	1744	n
11667784	2421	1744	n
11668035	2419	1744	n
11668286	2418	1744	n
11668542	2419	1744	n
11678984	2421	1744	n
11679236	2421	1744	n
11679487	2421	1745	n
11679744	2421	1744	n
11679995	2422	1744	n
11680246	2422	1744	n
11690665	2422	1744	n
11690917	2422	1745	n
11691168	2421	1745	n
11691419	2421	1744	n
11691675	2420	1744	n
11691926	2422	1744	n
11692177	2421	1744	n
11702603	2421	1744	n
11702858	2419	1744	n
11703109	2420	1744	n
11703360	2419	1744	n
11703618	2420	1744	n
11703873	2421	1744	n
11714243	2419	1744	n
11714497	2418	1744	n
11714752	2419	1744	n
11715003	2420	1744	n
11715255	2418	1744	n
11715512	2421	1744	n
11725939	2423	1744	n
11726190	2422	1745	n
11726441	2421	1745	n
11726701	2422	1744	n
11726952	2423	1744	n
11727203	2421	1744	n
11737639	2422	1744	n
11737890	2421	1744	n
11738141	2421	1744	n
11738392	2421	1744	n
11738650	2421	1744	n
11738901	2419	1744	n
11749261	2420	1744	n
11749515	2421	1744	n
11749770	2421	1744	n
11750021	2420	1744	n
11750272	2420	1744	n
11750529	2422	1744	n
11750784	2419	1744	n
11761164	2419	1744	n
11761415	2421	1744	n
11761670	2420	1744	n
11761922	2421	1744	n
11762173	2421	1744	n
11762424	2418	1744	n
11772808	2421	1744	n
11773059	2419	1744	n
11773310	2422	1744	n
11773565	2421	1744	n
11773820	2423	1744	n
11774071	2419	1744	n
11784451	2419	1744	n
11784708	2421	1743	n
11784959	2421	1744	n
11785211	2419	1744	n
11785462	2418	1743	n
11785717	2419	1744	n
11796147	2419	1744	n
11796398	2421	1744	n
11796659	2420	1744	n
11796910	2418	1744	n
11797161	2419	1744	n
11797412	2420	1744	n
11807842	2419	1744	n
11808094	2419	1744	n
11808345	2419	1744	n
11808599	2419	1744	n
11808855	2419	1744	n
11809106	2419	1744	n
11819469	2423	1744	n
11819725	2425	1744	n
11819976	2421	1744	n
11820227	2421	1745	n
11820478	2419	1744	n
11820734	2420	1744	n
11820986	2421	1744	n
11831372	2419	1744	n
11831632	2422	1745	n
11831883	2419	1744	n
11832134	2419	1744	n
11832385	2420	1744	n
11832642	2421	1744	n
11843016	2421	1744	n
11843267	2421	1744	n
11843522	2419	1744	n
11843778	2419	1744	n
11844029	2420	1744	n
11844280	2422	1744	n
11854663	2421	1744	n
11854914	2421	1744	n
11855165	2420	1744	n
11855416	2419	1743	n
11855672	2419	1744	n
11855923	2419	1744	n
11866354	2419	1744	n
11866610	2419	1744	n
11866866	2421	1744	n
11867117	2422	1744	n
11867368	2419	1744	n
11867621	2421	1744	n
11878049	2419	1744	n
11878300	2419	1744	n
11878556	2419	1744	n
11878811	2419	1744	n
11879063	2421	1744	n
11879314	2421	1744	n
11889681	2420	1744	n
11889932	2419	1744	n
11890183	2420	1744	n
11890434	2421	1744	n
11890690	2420	1744	n
11890941	2419	1744	n
11891192	2421	1744	n
11901583	2421	1744	n
11901838	2423	1744	n
11902089	2421	1744	n
11902340	2421	1744	n
11902597	2419	1744	n
11902853	2422	1744	n
11913223	2422	1744	n
11913474	2423	1745	n
11913730	2421	1744	n
11913981	2420	1744	n
11914232	2421	1744	n
11914483	2421	1744	n
11924866	2419	1744	n
11925117	2421	1744	n
11925369	2421	1744	n
11925626	2420	1744	n
11925881	2420	1744	n
11926132	2421	1744	n
11936565	2418	1744	n
11936820	2422	1744	n
11937071	2419	1744	n
11937322	2419	1744	n
11937576	2421	1744	n
11937832	2422	1744	n
11948257	2423	1746	n
11948514	2423	1745	n
11948770	2419	1744	n
11949021	2421	1744	n
11949272	2420	1744	n
11949529	2421	1744	n
11959953	2421	1744	n
11960204	2421	1744	n
11960456	2421	1746	n
11960712	2421	1744	n
11960963	2421	1744	n
11961214	2421	1744	n
11961465	2421	1744	n
11971873	2421	1744	n
11972124	2420	1744	n
11972375	2420	1744	n
11972636	2421	1744	n
11972888	2421	1744	n
11973139	2420	1744	n
11983522	2422	1744	n
11983889	2421	1744	n
11984140	2422	1745	n
11984400	2421	1744	n
11984680	2421	1744	n
11984931	2421	1744	n
11995298	2423	1744	n
11995782	2421	1744	n
11996064	2420	1744	n
11996315	2419	1744	n
11996569	2422	1744	n
11996824	2421	1744	n
12007252	2421	1744	Time:00:00:00:00;;
12007959	2420	1744	n
12008210	2421	1744	n
12008470	2424	1744	n
12008748	2422	1744	n
12008999	2422	1744	n
12019379	2421	1744	n
12019876	2419	1744	n
12020149	2421	1744	n
12020400	2421	1744	n
12020658	2417	1743	n
12020918	2419	1744	n
12031325	2419	1744	n
12031810	2421	1744	n
12032061	2419	1744	n
12032321	2422	1744	n
12032600	2421	1744	n
12032856	2419	1745	n
12033107	2421	1744	n
12043549	2420	1744	n
12044062	2418	1744	n
12044314	2419	1744	n
12044567	2419	1744	n
12044831	2420	1744	n
12045104	2421	1745	n
12055504	2420	1744	n
12055987	2419	1744	n
12056246	2419	1744	n
12056525	2419	1743	n
12056781	2418	1744	n
12057032	2421	1744	n
12067454	2417	1744	Time:00:00:00:00;;
12068183	2419	1744	n
12068434	2419	1744	n
12068690	2419	1744	n
12068972	2421	1744	n
12069223	2421	1744	n
12079600	2421	1744	n
12080082	2421	1745	n
12080364	2421	1744	n
12080617	2421	1744	n
12080873	2421	1744	n
12081124	2419	1744	n
12091522	2421	1744	n
12092009	2421	1745	n
12092260	2421	1744	n
12092514	2421	1744	n
12092778	2421	1744	n
12093052	2419	1744	n
12103456	2419	1744	n
12103938	2420	1744	n
12104198	2419	1744	n
12104472	2422	1744	n
12104728	2419	1744	n
12104979	2419	1744	n
12105239	2421	1744	n
12115665	2421	1744	n
12116148	2421	1744	n
12116399	2422	1744	n
12116667	2422	1744	n
12116941	2421	1744	n
12117192	2422	1744	n
12127574	2421	1744	n
12128063	2419	1744	n
12128337	2420	1744	n
12128594	2423	1744	n
12128849	2421	1744	n
12129109	2421	1745	n
12139520	2419	1744	n
12140000	2420	1744	n
12140251	2421	1744	n
12140508	2420	1744	n
12140795	2419	1744	n
12141046	2419	1744	n
12141297	2419	1744	n
12151708	2421	1744	n
12152216	2418	1744	n
12152467	2422	1744	n
12152723	2419	1744	n
12152974	2419	1744	n
12153263	2420	1744	n
12163623	2420	1744	n
12164105	2421	1744	n
12164356	2423	1745	n
12164619	2422	1744	n
12164897	2422	1745	n
12165148	2422	1744	n
12175561	2419	1744	n
12176057	2421	1744	n
12176331	2421	1744	n
12176584	2419	1744	n
12176840	2421	1744	n
12177100	2421	1744	n
12177373	2420	1745	n
12187761	2419	1744	n
12188240	2419	1744	n
12188504	2419	1744	n
12188782	2419	1744	n
12189033	2419	1744	n
12189284	2419	1744	n
12199681	2419	1744	n
12200195	2421	1744	n
12200446	2420	1744	n
12200703	2419	1744	n
12200963	2419	1744	n
12201237	2419	1744	n
12211613	2421	1744	Time:00:00:00:00;;
12212308	2419	1744	n
12212594	2419	1744	n
12212849	2417	1744	n
12213100	2419	1744	n
12213351	2417	1744	n
12223774	2419	1744	n
12224025	2420	1744	n
12224276	2418	1744	n
12224531	2419	1744	n
12224785	2421	1744	n
12225036	2420	1744	n
12235469	2422	1744	n
12235725	2419	1744	n
12235976	2419	1744	n
12236227	2419	1744	n
12236478	2419	1744	n
12236734	2419	1744	n
12247148	2421	1743	n
12247399	2420	1744	n
12247658	2419	1744	n
12247909	2419	1744	n
12248160	2419	1743	n
12248411	2419	1744	n
12248668	2420	1744	n
12259086	2421	1744	n
12259337	2420	1744	n
12259593	2419	1744	n
12259849	2423	1744	n
12260100	2420	1744	n
12260351	2421	1743	n
12270732	2421	1744	n
12270983	2418	1744	n
12271235	2421	1744	n
12271486	2419	1744	n
12271744	2419	1744	n
12271995	2419	1744	n
12282424	2420	1744	n
12282679	2419	1744	n
12282931	2419	1744	n
12283182	2419	1744	n
12283433	2419	1744	n
12283689	2421	1744	n
12294051	2422	1744	n
12294302	2421	1744	n
12294559	2421	1744	n
12294814	2419	1744	n
12295065	2421	1744	n
12295317	2421	1745	n
12305763	2420	1744	n
12306014	2422	1744	n
12306266	2419	1745	n
12306523	2421	1744	n
12306778	2421	1744	n
12307029	2423	1744	n
12317442	2419	1744	n
12317701	2421	1743	n
12317952	2421	1744	n
12318203	2419	1744	n
12318454	2418	1744	n
12318710	2420	1744	n
12318961	2421	1744	n
12329379	2421	1744	n
12329638	2421	1744	n
12329890	2421	1744	n
12330141	2419	1744	n
12330392	2420	1744	n
12330649	2419	1744	n
12341022	2421	1744	n
12341273	2419	1744	n
12341528	2421	1744	n
12341784	2421	1744	n
12342035	2421	1744	n
12342286	2421	1744	n
12352722	2422	1744	n
12352973	2421	1744	n
12353224	2422	1744	n
12353476	2425	1744	n
12353731	2421	1744	n
12353982	2421	1744	n
12364413	2421	1744	n
12364670	2420	1744	n
12364921	2421	1744	n
12365172	2419	1744	n
12365423	2422	1744	n
12365679	2419	1744	n
12376040	2421	1744	n
12376292	2422	1744	n
12376549	2419	1744	n
12376804	2419	1744	n
12377055	2419	1744	n
12377306	2418	1744	n
12377563	2419	1744	n
12387943	2421	1744	n
12388194	2422	1745	n
12388445	2419	1744	n
12388702	2421	1744	n
12388953	2422	1744	n
12389205	2421	1744	n
12399591	2421	1744	n
12399846	2419	1745	n
12400097	2421	1744	n
12400348	2421	1744	n
12400601	2421	1744	n
12400857	2421	1744	n
12411230	2419	1743	n
12411481	2419	1744	n
12411738	2420	1744	n
12411989	2420	1744	n
12412240	2420	1744	n
12412497	2421	1744	n
12422926	2419	1744	n
12423177	2419	1744	n
12423428	2418	1744	n
12423684	2419	1744	n
12423935	2422	1744	n
12424186	2421	1744	n
12434621	2421	1744	n
12434876	2421	1744	n
12435128	2421	1744	n
12435379	2421	1745	n
12435639	2421	1744	n
12435890	2421	1744	n
12446247	2421	1744	n
12446504	2421	1744	n
12446760	2421	1744	n
12447011	2420	1743	n
12447262	2419	1744	n
12447515	2418	1744	n
12447771	2418	1744	n
12458151	2419	1744	n
12458402	2418	1744	n
12458663	2419	1744	n
12458914	2420	1744	n
12459165	2419	1744	n
12459416	2418	1744	n
12469794	2421	1744	n
12470045	2420	1744	n
12470296	2421	1744	n
12470549	2421	1744	n
12470805	2421	1744	n
12471056	2421	1744	n
12481437	2421	1744	n
12481694	2422	1744	n
12481945	2421	1744	n
12482196	2420	1744	n
12482447	2419	1744	n
12482708	2421	1744	n
12493133	2419	1744	n
12493384	2420	1744	n
12493642	2421	1744	n
12493893	2419	1744	n
12494144	2421	1744	n
12494395	2421	1744	n
12504828	2421	1744	n
12505080	2419	1744	n
12505331	2419	1744	n
12505584	2419	1744	n
12505839	2419	1744	n
12506091	2421	1744	n
12516455	2419	1744	n
12516711	2421	1744	n
12516963	2420	1744	n
12517214	2421	1745	n
12517465	2421	1745	n
12517720	2421	1744	n
12517971	2420	1744	n
12528358	2422	1744	n
12528614	2422	1744	n
12528870	2422	1744	n
12529121	2419	1744	n
12529372	2420	1744	n
12529632	2421	1744	n
12540002	2418	1744	n
12540253	2419	1744	n
12540508	2421	1744	n
12540763	2422	1744	n
12541014	2421	1744	n
12541266	2419	1744	n
12551652	2421	1744	n
12551903	2420	1744	n
12552154	2421	1744	n
12552405	2421	1744	n
12552663	2421	1744	n
12552914	2420	1744	n
12563341	2421	1744	n
12563596	2421	1744	n
12563852	2421	1744	n
12564103	2422	1744	n
12564354	2421	1744	n
12564611	2421	1744	n
12575036	2421	1744	n
12575288	2421	1744	n
12575542	2421	1744	n
12575797	2421	1744	n
12576048	2421	1744	n
12576299	2421	1744	n
12586667	2419	1744	n
12586918	2420	1744	n
12587169	2421	1744	n
12587420	2420	1744	n
12587676	2421	1744	n
12587927	2421	1744	n
12588178	2421	1744	n
12598568	2421	1744	n
12598824	2421	1744	n
12599075	2419	1744	n
12599326	2418	1744	n
12599583	2419	1744	n
12599839	2421	1744	n
12610209	2421	1744	n
12610460	2419	1744	n
12610715	2419	1744	n
12610966	2423	1744	n
12611217	2421	1744	n
12611468	2423	1744	n
12621852	2422	1744	n
12622103	2421	1744	n
12622355	2419	1744	n
12622610	2419	1744	n
12622866	2421	1744	n
12623117	2421	1744	n
12633550	2421	1744	n
12633805	2421	1744	n
12634056	2421	1744	n
12634307	2419	1744	n
12634563	2421	1744	n
12634818	2419	1744	n
12645243	2419	1744	n
12645497	2421	1744	n
12645752	2419	1744	n
12646004	2419	1744	n
12646255	2419	1744	n
12646512	2418	1744	n
12656939	2421	1744	n
12657191	2421	1744	n
12657442	2421	1744	n
12657701	2419	1744	n
12657952	2421	1744	n
12658203	2419	1744	n
12658454	2419	1744	n
12668859	2419	1743	n
12669110	2423	1744	n
12669361	2420	1744	n
12669618	2419	1744	n
12669873	2421	1744	n
12670124	2422	1744	n
12680508	2421	1744	n
12680764	2421	1744	n
12681015	2422	1745	n
12681266	2420	1744	n
12681522	2419	1744	n
12681778	2423	1744	n
12692198	2422	1744	n
12692449	2421	1744	n
12692708	2423	1744	n
12692960	2422	1744	n
12693211	2421	1744	n
12693462	2420	1744	n
12703842	2419	1744	n
12704093	2420	1744	n
12704344	2421	1744	n
12704600	2422	1745	n
12704855	2421	1744	n
12705106	2422	1744	n
12715542	2421	1744	n
12715798	2422	1744	n
12716049	2422	1745	n
12716300	2419	1744	n
12716556	2421	1744	n
12716812	2419	1744	n
12727216	2422	1744	n
12727467	2423	1744	n
12727723	2422	1744	n
12727974	2423	1745	n
12728225	2422	1744	n
12728476	2423	1744	n
12728732	2421	1744	n
12739153	2421	1745	n
12739404	2421	1744	n
12739663	2419	1744	n
12739914	2421	1744	n
12740165	2422	1744	n
12740416	2422	1744	n
12750796	2422	1744	n
12751048	2419	1745	n
12751299	2421	1744	n
12751551	2421	1744	n
12751807	2423	1746	n
12752058	2421	1744	n
12762497	2419	1744	n
12762752	2417	1744	n
12763004	2421	1743	n
12763255	2421	1744	n
12763512	2419	1744	n
12763767	2419	1744	n
12774187	2421	1744	n
12774439	2421	1744	n
12774695	2421	1744	n
12774946	2421	1744	n
12775198	2421	1744	n
12775449	2421	1744	n
12785831	2421	1744	n
12786083	2423	1744	n
12786334	2421	1744	n
12786586	2421	1744	n
12786842	2421	1744	n
12787093	2421	1744	n
12797514	2419	1744	n
12797769	2423	1744	n
12798020	2422	1744	n
12798271	2421	1745	n
12798529	2421	1744	n
12798784	2418	1744	n
12799035	2421	1744	n
12809447	2421	1744	n
12809703	2420	1744	n
12809955	2419	1744	n
12810206	2419	1744	n
12810457	2420	1744	n
12810712	2419	1744	n
12821090	2420	1745	n
12821341	2419	1744	n
12821596	2422	1744	n
12821852	2419	1744	n
12822103	2421	1744	n
12822354	2419	1744	n
12832786	2422	1744	n
12833037	2422	1744	n
12833288	2421	1744	n
12833545	2422	1744	n
12833801	2421	1744	n
12834052	2419	1744	n
12844481	2418	1744	n
12844738	2419	1744	n
12844989	2419	1745	n
12845240	2422	1744	n
12845497	2418	1743	n
12845753	2421	1744	n
12856177	2420	1744	n
12856428	2419	1744	n
12856684	2422	1744	n
12856935	2419	1744	n
12857186	2421	1744	n
12857438	2420	1744	n
12857694	2421	1744	n
12868097	2421	1744	n
12868348	2421	1744	n
12868601	2422	1744	n
12868856	2422	1744	n
12869107	2421	1744	n
12869359	2421	1744	n
12879745	2422	1744	n
12879996	2421	1744	n
12880247	2423	1744	n
12880504	2423	1745	n
12880760	2421	1744	n
12881011	2423	1744	n
12891436	2422	1744	n
12891692	2422	1744	n
12891943	2420	1744	n
12892194	2421	1744	n
12892446	2419	1744	n
12892703	2419	1744	n
12903079	2423	1744	n
12903330	2422	1744	n
12903583	2422	1744	n
12903838	2419	1744	n
12904089	2419	1745	n
12904340	2422	1744	n
12914774	2421	1744	n
12915025	2421	1744	n
12915277	2423	1745	n
12915531	2421	1744	n
12915785	2421	1744	n
12916036	2420	1744	n
12926453	2418	1744	n
12926710	2422	1744	n
12926961	2421	1744	n
12927212	2421	1744	n
12927463	2419	1744	n
12927719	2421	1744	n
12927970	2421	1744	n
12938391	2419	1744	n
12938649	2419	1744	n
12938900	2420	1744	n
12939151	2419	1744	n
12939402	2420	1744	n
12939662	2419	1744	n
12950033	2419	1744	n
12950284	2422	1744	n
12950539	2422	1744	n
12950795	2420	1744	n
12951046	2423	1744	n
12951297	2422	1744	n
12961733	2421	1744	n
12961984	2421	1744	n
12962235	2421	1744	n
12962487	2421	1744	n
12962744	2422	1746	n
12962996	2420	1744	n
12973356	2421	1745	n
12973610	2421	1744	n
12973865	2422	1744	n
12974116	2421	1744	n
12974368	2421	1744	n
12974621	2421	1744	n
12984982	2421	1744	n
12985376	2419	1744	n
12985658	2420	1744	n
12985909	2421	1744	n
12986161	2420	1744	n
12986421	2420	1744	n
12986698	2421	1744	n
12997127	2419	1744	n
12997608	2421	1744	n
12997872	2420	1744	n
12998146	2420	1744	n
12998397	2420	1744	n
12998655	2421	1744	n
13009011	2421	1744	Time:00:00:00:00;;
13009743	2422	1744	n
13009994	2421	1745	n
13010254	2421	1745	n
13010531	2419	1744	n
13020897	2419	1744	n
13021375	2419	1744	n
13021636	2419	1744	n
13021918	2421	1744	n
13022169	2419	1744	n
13022420	2420	1744	n
13022675	2419	1744	n
13033092	2421	1744	n
13033583	2419	1744	n
13033838	2419	1744	n
13034089	2419	1744	n
13034349	2418	1743	n
13034632	2421	1744	n
13045030	2421	1744	n
13045511	2421	1744	n
13045775	2422	1744	n
13046048	2420	1744	n
13046300	2422	1744	n
13046557	2419	1744	n
13056950	2419	1744	n
13057460	2419	1744	n
13057715	2420	1744	n
13057966	2422	1744	n
13058226	2421	1744	n
13058504	2421	1744	n
13058760	2421	1744	n
13069145	2421	1744	Time:00:00:00:00;;
13069857	2419	1744	n
13070131	2419	1744	n
13070382	2420	1744	n
13070647	2418	1744	n
13081056	2421	1744	n
13081539	2419	1744	n
13081795	2422	1746	n
13082046	2419	1744	n
13082328	2419	1744	n
13082583	2421	1744	n
13082838	2419	1744	n
13093209	2422	1745	n
13093721	2421	1745	n
13093973	2419	1745	n
13094224	2422	1744	n
13094475	2423	1744	n
13094762	2422	1745	n
13105163	2422	1744	n
13105649	2421	1744	n
13105900	2422	1744	n
13106160	2421	1744	n
13106440	2420	1745	n
13106701	2419	1744	n
13117100	2421	1744	n
13117591	2420	1744	n
13117868	2422	1744	n
13118120	2419	1744	n
13118371	2422	1744	n
13118641	2421	1744	n
13118916	2421	1744	n
13129347	2421	1744	n
13129835	2419	1744	n
13130095	2419	1744	n
13130368	2419	1744	n
13130625	2419	1744	n
13130881	2419	1744	n
13141302	2423	1744	n
13141815	2422	1744	n
13142066	2419	1744	n
13142318	2423	1744	n
13142583	2421	1744	n
13142861	2419	1744	n
13153222	2419	1744	n
13153714	2419	1744	n
13153974	2419	1744	n
13154248	2421	1743	n
13154504	2422	1744	n
13154760	2421	1744	n
13155019	2422	1744	n
13165409	2421	1744	n
13165895	2419	1744	n
13166146	2420	1745	n
13166405	2420	1744	n
13166686	2421	1744	n
13166937	2419	1744	n
13177354	2422	1744	n
13177844	2423	1744	n
13178126	2421	1744	n
13178377	2422	1744	n
13178639	2422	1744	n
13178898	2420	1744	n
13189344	2421	1746	n
13189830	2421	1744	n
13190081	2421	1744	n
13190332	2421	1744	n
13190625	2422	1745	n
13190881	2421	1744	n
13191132	2421	1744	n
13201542	2421	1744	n
13202054	2422	1744	n
13202305	2420	1744	n
13202559	2421	1744	n
13202814	2420	1744	n
13203097	2421	1744	n
13213476	2421	1744	Time:00:00:00:00;;
13214149	2419	1744	n
13214400	2420	1744	n
13214658	2421	1744	n
13214909	2421	1744	n
13215160	2419	1744	n
13225522	2421	1744	n
13225778	2423	1744	n
13226029	2423	1744	n
13226280	2423	1744	n
13226534	2421	1744	n
13226789	2422	1744	n
13237160	2421	1745	n
13237412	2422	1745	n
13237668	2421	1745	n
13237919	2421	1746	n
13238171	2421	1744	n
13238422	2423	1744	n
13248856	2421	1744	n
13249107	2420	1744	n
13249358	2420	1744	n
13249615	2420	1744	n
13249870	2420	1744	n
13250121	2421	1744	n
13260482	2421	1744	n
13260738	2421	1744	n
13260990	2421	1744	n
13261241	2421	1744	n
13261497	2421	1744	n
13261753	2422	1744	n
13272194	2421	1744	n
13272445	2422	1744	n
13272702	2423	1744	n
13272954	2423	1744	n
13273205	2423	1744	n
13273456	2421	1744	n
13283873	2422	1744	n
13284124	2421	1744	n
13284375	2422	1744	n
13284636	2420	1744	n
13284888	2422	1744	n
13285139	2420	1744	n
13285390	2419	1746	n
13295811	2420	1744	n
13296062	2418	1744	n
13296313	2420	1743	n
13296566	2419	1744	n
13296821	2420	1744	n
13297072	2420	1744	n
13307453	2421	1744	n
13307710	2422	1744	n
13307961	2419	1744	n
13308212	2421	1744	n
13308463	2421	1745	n
13308719	2421	1744	n
13319149	2422	1744	n
13319400	2421	1745	n
13319658	2422	1744	n
13319909	2421	1744	n
13320160	2425	1744	n
13320412	2420	1744	n
13330844	2421	1744	n
13331095	2419	1744	n
13331347	2421	1744	n
13331600	2419	1744	n
13331855	2419	1744	n
13332106	2421	1744	n
13342471	2423	1744	n
13342727	2419	1744	n
13342978	2421	1744	n
13343229	2420	1744	n
13343481	2422	1744	n
13343737	2421	1744	n
13343988	2419	1744	n
13354374	2423	1745	n
13354632	2422	1745	n
13354883	2421	1746	n
13355134	2423	1745	n
13355385	2423	1744	n
13355642	2422	1744	n
13366018	2422	1744	n
13366269	2422	1745	n
13366525	2422	1744	n
13366780	2421	1745	n
13367031	2422	1744	n
13367283	2422	1744	n
13377666	2420	1744	n
13377917	2419	1744	n
13378168	2421	1744	n
13378419	2421	1744	n
13378675	2419	1744	n
13378926	2423	1744	n
13389357	2421	1744	n
13389611	2421	1744	n
13389866	2422	1745	n
13390117	2422	1744	n
13390368	2422	1744	n
13390626	2420	1744	n
13401052	2423	1745	n
13401304	2423	1744	n
13401558	2423	1744	n
13401814	2422	1744	n
13402065	2419	1744	n
13402316	2422	1744	n
13412684	2421	1745	n
13412935	2422	1745	n
13413186	2421	1745	n
13413437	2422	1745	n
13413693	2422	1744	n
13413945	2422	1745	n
13414196	2421	1744	n
13424584	2420	1744	n
13424839	2419	1744	n
13425091	2421	1744	n
13425342	2422	1745	n
13425597	2421	1744	n
13425852	2422	1744	n
13436226	2420	1744	n
13436477	2423	1744	n
13436732	2422	1744	n
13436983	2419	1743	n
13437234	2419	1744	n
13437485	2419	1744	n
13447868	2420	1744	n
13448120	2418	1744	n
13448371	2419	1744	n
13448625	2421	1744	n
13448881	2419	1745	n
13449132	2420	1744	n
13459566	2421	1744	n
13459821	2421	1744	n
13460072	2419	1744	n
13460324	2421	1744	n
13460581	2421	1744	n
13460836	2421	1744	n
13471259	2419	1744	n
13471514	2421	1744	n
13471769	2420	1744	n
13472021	2421	1744	n
13472272	2419	1744	n
13472529	2421	1744	n
13482955	2419	1744	n
13483206	2420	1744	n
13483458	2419	1744	n
13483713	2420	1744	n
13483965	2419	1744	n
13484216	2420	1743	n
13484467	2421	1744	n
13494876	2425	1744	n
13495127	2421	1744	n
13495378	2422	1744	n
13495639	2421	1744	n
13495890	2423	1744	n
13496141	2422	1744	n
13506522	2422	1744	n
13506778	2421	1744	n
13507029	2421	1743	n
13507280	2420	1744	n
13507533	2421	1744	n
13507789	2421	1745	n
13518145	2422	1744	n
13518397	2421	1744	n
13518654	2421	1744	n
13518905	2421	1744	n
13519157	2419	1744	n
13519408	2421	1744	n
13529772	2419	1745	n
13530023	2422	1744	n
13530274	2421	1744	n
13530529	2420	1744	n
13530784	2421	1744	n
13531035	2421	1744	n
13541467	2425	1745	n
13541723	2423	1744	n
13541974	2422	1746	n
13542225	2422	1744	n
13542477	2422	1744	n
13542732	2421	1744	n
13553094	2423	1744	n
13553345	2422	1744	n
13553600	2422	1744	n
13553855	2421	1744	n
13554106	2421	1744	n
13554357	2419	1744	n
13554611	2421	1744	n
13564997	2421	1745	n
13565248	2419	1744	n
13565504	2422	1744	n
13565760	2421	1744	n
13566011	2420	1744	n
13566262	2422	1744	n
13576648	2420	1745	n
13576899	2421	1744	n
13577150	2421	1744	n
13577401	2421	1744	n
13577663	2421	1744	n
13577914	2419	1744	n
13588283	2421	1744	n
13588539	2422	1744	n
13588795	2422	1744	n
13589046	2422	1744	n
13589297	2423	1744	n
13589551	2422	1744	n
13599979	2420	1744	n
13600230	2421	1744	n
13600481	2418	1744	n
13600738	2420	1744	n
13600989	2421	1744	n
13601240	2421	1744	n
13611679	2422	1744	n
13611930	2421	1744	n
13612181	2421	1744	n
13612432	2421	1744	n
13612688	2422	1744	n
13612939	2422	1744	n
13623301	2422	1744	n
13623556	2422	1745	n
13623811	2423	1745	n
13624063	2421	1744	n
13624314	2422	1744	n
13624567	2421	1744	n
13624822	2421	1744	n
13635204	2423	1744	n
13635455	2418	1744	n
13635711	2420	1744	n
13635962	2421	1744	n
13636213	2422	1744	n
13636465	2423	1745	n
13646848	2419	1744	n
13647099	2421	1745	n
13647350	2420	1744	n
13647603	2423	1744	n
13647858	2422	1744	n
13648109	2419	1744	n
13658497	2421	1744	n
13658753	2422	1744	n
13659004	2422	1744	n
13659255	2420	1745	n
13659512	2421	1744	n
13659767	2419	1744	n
13670187	2422	1746	n
13670438	2421	1744	n
13670694	2423	1744	n
13670945	2421	1744	n
13671197	2421	1745	n
13671448	2421	1744	n
13681882	2421	1744	n
13682133	2418	1744	n
13682385	2418	1744	n
13682642	2420	1744	n
13682893	2421	1744	n
13683144	2417	1744	n
13693514	2421	1744	n
13693770	2422	1744	n
13694021	2421	1744	n
13694272	2423	1744	n
13694529	2421	1744	n
13694784	2421	1744	n
13695035	2419	1744	n
13705412	2422	1744	n
13705668	2421	1745	n
13705920	2421	1744	n
13706171	2421	1744	n
13706422	2419	1744	n
13706677	2422	1745	n
13717056	2421	1744	n
13717307	2420	1744	n
13717562	2423	1744	n
13717817	2422	1744	n
13718068	2423	1744	n
13718319	2420	1744	n
13728703	2425	1744	n
13728954	2420	1744	n
13729205	2422	1744	n
13729456	2419	1744	n
13729712	2421	1744	n
13729964	2422	1744	n
13740394	2420	1744	n
13740654	2419	1744	n
13740905	2421	1744	n
13741156	2420	1744	n
13741408	2421	1744	n
13741668	2421	1744	n
13752089	2421	1744	n
13752340	2421	1744	n
13752597	2420	1744	n
13752853	2421	1745	n
13753104	2423	1744	n
13753355	2419	1744	n
13763716	2422	1744	n
13763968	2422	1744	n
13764219	2422	1744	n
13764470	2423	1744	n
13764726	2422	1744	n
13764977	2421	1745	n
13765228	2423	1744	n
13775620	2420	1745	n
13775876	2419	1744	n
13776127	2421	1744	n
13776378	2419	1744	n
13776639	2421	1745	n
13776890	2421	1744	n
13787263	2419	1744	n
13787516	2421	1744	n
13787771	2419	1744	n
13788023	2421	1744	n
13788274	2419	1744	n
13788528	2421	1745	n
13798906	2421	1744	n
13799158	2421	1744	n
13799409	2420	1744	n
13799668	2421	1744	n
13799919	2420	1744	n
13800170	2422	1744	n
13810604	2420	1744	n
13810860	2421	1744	n
13811111	2423	1744	n
13811362	2423	1744	n
13811617	2421	1745	n
13811873	2421	1744	n
13822297	2419	1744	n
13822551	2419	1744	n
13822807	2421	1744	n
13823058	2419	1745	n
13823309	2419	1744	n
13823566	2421	1744	n
13833993	2422	1744	n
13834245	2420	1744	n
13834502	2421	1744	n
13834757	2419	1744	n
13835008	2419	1744	n
13835260	2421	1744	n
13835514	2420	1744	n
13845913	2421	1744	n
13846164	2419	1744	n
13846415	2421	1744	n
13846670	2420	1744	n
13846922	2420	1744	n
13847173	2421	1744	n
13857562	2421	1744	n
13857818	2421	1744	n
13858069	2421	1744	n
13858320	2420	1745	n
13858576	2422	1744	n
13858831	2423	1745	n
13869252	2421	1744	n
13869509	2421	1744	n
13869764	2419	1744	n
13870015	2420	1744	n
13870267	2421	1744	n
13870522	2419	1744	n
13880896	2421	1744	n
13881147	2419	1744	n
13881398	2420	1744	n
13881659	2419	1744	n
13881910	2421	1744	n
13882161	2422	1744	n
13892591	2421	1744	n
13892847	2421	1744	n
13893098	2421	1744	n
13893349	2420	1744	n
13893603	2420	1744	n
13893858	2421	1744	n
13904270	2419	1743	n
13904525	2422	1744	n
13904780	2421	1744	n
13905031	2420	1744	n
13905282	2422	1744	n
13905539	2420	1744	n
13905795	2420	1744	n
13916207	2421	1745	n
13916458	2418	1744	n
13916713	2421	1743	n
13916964	2420	1744	n
13917216	2422	1744	n
13917467	2421	1744	n
13927850	2421	1744	n
13928102	2421	1744	n
13928353	2420	1744	n
13928608	2421	1744	n
13928863	2420	1744	n
13929114	2421	1745	n
13939548	2420	1744	n
13939803	2420	1744	n
13940055	2419	1744	n
13940306	2421	1744	n
13940563	2422	1744	n
13940818	2422	1744	n
13951241	2421	1744	n
13951497	2421	1744	n
13951752	2421	1744	n
13952004	2419	1744	n
13952255	2421	1744	n
13952512	2421	1744	n
13962884	2421	1744	n
13963136	2422	1744	n
13963387	2419	1744	n
13963643	2421	1745	n
13963894	2421	1744	n
13964145	2419	1744	n
13974563	2420	1744	n
13974818	2419	1744	n
13975069	2421	1744	n
13975321	2422	1744	n
13975576	2419	1744	n
13975832	2421	1744	n
13976083	2421	1744	n
13986504	2422	1744	n
13986947	2422	1744	n
13987199	2422	1744	n
13987450	2421	1745	n
13987716	2423	1745	n
13987990	2423	1744	n
13998368	2419	1744	n
13998852	2419	1744	n
13999111	2420	1744	n
13999385	2421	1744	n
13999642	2421	1745	n
13999893	2422	1744	n
14010322	2419	1744	Time:00:00:00:00;;
14011052	2419	1744	n
14011303	2419	1744	n
14011568	2421	1744	n
14011847	2421	1744	n
14012098	2421	1744	n
14022522	2421	1744	n
14023012	2422	1744	n
14023285	2422	1744	n
14023542	2421	1744	n
14023797	2420	1744	n
14024057	2423	1744	n
14034481	2421	1746	n
14034962	2421	1745	n
14035214	2422	1744	n
14035474	2422	1744	n
14035752	2423	1744	n
14036003	2421	1744	n
14036254	2422	1743	n
14046619	2420	1744	n
14047131	2421	1744	n
14047383	2422	1744	n
14047640	2421	1744	n
14047891	2419	1744	n
14048173	2419	1744	n
14058576	2421	1744	n
14059058	2421	1745	n
14059310	2421	1744	n
14059574	2421	1744	Time:00:00:00:00;;
14060068	2421	1744	n
14070473	2426	1745	n
14070963	2423	1744	n
14071236	2421	1744	n
14071488	2418	1744	n
14071744	2421	1746	n
14072004	2422	1744	n
14072278	2419	1745	n
14082673	2419	1744	n
14083150	2419	1744	n
14083410	2423	1744	n
14083690	2421	1744	n
14083941	2423	1744	n
14084193	2421	1745	n
14094588	2420	1745	n
14095099	2419	1744	n
14095350	2421	1744	n
14095603	2421	1744	n
14095867	2421	1744	n
14096141	2422	1744	n
14106527	2421	1744	n
14107016	2423	1744	n
14107267	2419	1744	n
14107551	2421	1744	n
14107806	2421	1745	n
14108058	2421	1744	n
14108309	2423	1744	n
14118726	2419	1744	n
14119211	2421	1745	n
14119462	2419	1744	n
14119718	2422	1745	n
14120000	2421	1744	n
14120251	2421	1744	n
14130646	2419	1744	n
14131123	2421	1744	n
14131383	2422	1744	n
14131667	2420	1744	n
14131918	2418	1744	n
14132169	2420	1744	n
14142578	2419	1744	n
14143089	2419	1744	n
14143340	2421	1743	n
14143594	2419	1745	n
14143858	2419	1744	n
14144134	2421	1744	n
14144385	2422	1744	n
14154778	2423	1745	n
14155269	2419	1744	n
14155546	2420	1744	n
14155801	2421	1745	n
14156052	2420	1744	n
14156312	2419	1744	n
14166779	2421	1744	n
14167258	2421	1744	n
14167514	2421	1744	n
14167779	2419	1744	n
14168052	2419	1744	n
14168303	2421	1743	n
14168559	2419	1743	n
14178924	2420	1744	n
14179436	2420	1744	n
14179692	2419	1744	n
14179943	2420	1744	n
14180203	2419	1744	n
14180478	2418	1743	n
14190895	2420	1744	n
14191379	2419	1744	n
14191647	2419	1744	n
14191920	2420	1743	n
14192171	2419	1743	n
14192423	2421	1744	n
14202832	2419	1744	n
14203341	2422	1744	n
14203597	2422	1744	n
14203853	2422	1744	n
14204104	2421	1744	n
14204386	2418	1744	n
14204644	2419	1744	n
14215063	2418	1744	Time:00:00:00:00;;
14215718	2421	1744	n
14215969	2419	1744	n
14216220	2420	1744	n
14216471	2424	1744	n
14226844	2421	1744	n
14227095	2419	1744	n
14227346	2419	1744	n
14227599	2419	1744	n
14227855	2419	1743	n
14228106	2420	1744	n
14238546	2422	1744	n
14238801	2421	1744	n
14239052	2423	1744	n
14239303	2420	1744	n
14239560	2422	1744	n
14239815	2421	1744	n
14250218	2421	1745	n
14250469	2423	1744	n
14250725	2420	1744	n
14250976	2421	1744	n
14251227	2419	1744	n
14251478	2419	1744	n
14251735	2421	1744	n
14262156	2421	1744	n
14262407	2421	1744	n
14262667	2419	1743	n
14262918	2419	1744	n
14263169	2419	1744	n
14263421	2419	1743	n
14273798	2421	1744	n
14274050	2421	1744	n
14274301	2420	1744	n
14274556	2422	1744	n
14274811	2421	1744	n
14275062	2421	1744	n
14285497	2421	1744	n
14285752	2419	1743	n
14286003	2421	1744	n
14286254	2419	1744	n
14286512	2422	1744	n
14286766	2419	1744	n
14297189	2421	1744	n
14297441	2419	1744	n
14297701	2420	1744	n
14297952	2419	1744	n
14298203	2419	1744	n
14298455	2420	1745	n
14308833	2421	1744	n
14309084	2419	1744	n
14309336	2421	1744	n
14309591	2422	1744	n
14309846	2421	1744	n
14310097	2421	1744	n
14320514	2417	1744	n
14320769	2419	1744	n
14321020	2419	1744	n
14321272	2421	1744	n
14321529	2418	1744	n
14321784	2421	1743	n
14322035	2420	1744	n
14332449	2419	1745	n
14332709	2421	1744	n
14332960	2419	1744	n
14333211	2422	1744	n
14333462	2419	1744	n
14333718	2420	1744	n
14344092	2422	1744	n
14344344	2421	1744	n
14344600	2420	1744	n
14344855	2419	1743	n
14345106	2419	1744	n
14345358	2419	1744	n
14355788	2419	1744	n
14356039	2419	1744	n
14356290	2418	1744	n
14356545	2421	1744	n
14356801	2420	1744	n
14357052	2419	1744	n
14367483	2419	1744	n
14367744	2421	1744	n
14367995	2421	1744	n
14368246	2418	1744	n
14368501	2422	1744	n
14368757	2419	1744	n
14379179	2420	1744	n
14379430	2421	1746	n
14379686	2421	1744	n
14379937	2422	1744	n
14380189	2421	1744	n
14380440	2422	1744	n
14380696	2421	1744	n
14391099	2419	1744	n
14391350	2420	1745	n
14391603	2419	1744	n
14391858	2421	1743	n
14392109	2418	1742	n
14392360	2420	1744	n
14402747	2421	1744	n
14402998	2419	1744	n
14403249	2419	1744	n
14403504	2420	1744	n
14403760	2421	1744	n
14404011	2418	1744	n
14414369	2422	1744	n
14414625	2419	1744	n
14414880	2421	1744	n
14415132	2421	1744	n
14415383	2419	1744	n
14415640	2421	1744	n
14426082	2422	1744	n
14426333	2422	1745	n
14426586	2421	1744	n
14426841	2419	1744	n
14427092	2423	1744	n
14427344	2421	1744	n
14437777	2422	1744	n
14438029	2419	1744	n
14438280	2419	1744	n
14438533	2421	1744	n
14438789	2420	1744	n
14439040	2420	1744	n
14449456	2418	1744	n
14449712	2421	1744	n
14449963	2421	1744	n
14450214	2421	1745	n
14450466	2421	1744	n
14450721	2420	1744	n
14450972	2421	1744	n
14461393	2419	1744	n
14461650	2422	1744	n
14461901	2424	1744	n
14462152	2419	1744	n
14462403	2421	1744	n
14462662	2423	1744	n
14473036	2420	1744	n
14473287	2421	1744	n
14473542	2419	1744	n
14473797	2420	1744	n
14474048	2418	1744	n
14474299	2421	1744	n
14484736	2421	1744	n
14484987	2422	1744	n
14485238	2420	1744	n
14485490	2419	1744	n
14485746	2419	1744	n
14485997	2419	1744	n
14496359	2422	1744	n
14496614	2421	1744	n
14496869	2423	1744	n
14497120	2419	1744	n
14497371	2418	1744	n
14497632	2419	1744	n
14508071	2421	1744	n
14508322	2419	1744	n
14508577	2422	1744	n
14508832	2421	1745	n
14509083	2420	1744	n
14509334	2421	1745	n
14519750	2419	1744	n
14520001	2419	1744	n
14520253	2421	1744	n
14520508	2419	1744	n
14520763	2419	1744	n
14521014	2418	1744	n
14521266	2421	1744	n
14531691	2419	1744	n
14531942	2421	1744	n
14532193	2420	1744	n
14532445	2419	1744	n
14532701	2418	1744	n
14532953	2419	1744	n
14543330	2419	1744	n
14543584	2417	1744	n
14543839	2417	1744	n
14544090	2418	1744	n
14544342	2420	1744	n
14544597	2421	1744	n
14555026	2421	1744	n
14555277	2421	1744	n
14555531	2421	1744	n
14555787	2419	1744	n
14556038	2419	1744	n
14556289	2418	1744	n
14566725	2417	1744	n
14566976	2417	1744	n
14567227	2417	1743	n
14567478	2418	1744	n
14567734	2419	1744	n
14567986	2419	1744	n
14578347	2421	1744	n
14578601	2420	1744	n
14578856	2419	1743	n
14579107	2422	1744	n
14579358	2419	1744	n
14579614	2420	1743	n
14579869	2418	1744	n
14590251	2419	1744	n
14590504	2421	1745	n
14590760	2422	1744	n
14591011	2422	1744	n
14591262	2421	1744	n
14591515	2419	1744	n
14601894	2421	1744	n
14602145	2419	1744	n
14602396	2419	1744	n
14602654	2421	1745	n
14602905	2419	1744	n
14603156	2418	1744	n
14613542	2421	1744	n
14613798	2421	1744	n
14614049	2419	1744	n
14614300	2419	1743	n
14614556	2419	1744	n
14614811	2419	1744	n
14625233	2419	1744	n
14625484	2420	1744	n
14625745	2419	1744	n
14625996	2419	1744	n
14626247	2418	1744	n
14626504	2419	1744	n
14636928	2421	1744	n
14637180	2421	1744	n
14637431	2419	1744	n
14637686	2420	1744	n
14637937	2421	1744	n
14638189	2422	1744	n
14648560	2422	1744	n
14648815	2419	1744	n
14649067	2419	1745	n
14649318	2420	1744	n
14649573	2421	1744	n
14649829	2421	1744	n
14650080	2417	1744	n
14660458	2418	1744	n
14660713	2421	1746	n
14660964	2418	1744	n
14661215	2417	1744	n
14661467	2419	1743	n
14661722	2421	1744	n
14672102	2420	1744	n
14672353	2420	1744	n
14672608	2421	1744	n
14672863	2419	1744	n
14673114	2421	1744	n
14673365	2422	1744	n
14683749	2421	1744	n
14684000	2420	1744	n
14684252	2421	1744	n
14684509	2422	1744	n
14684764	2421	1744	n
14685015	2420	1744	n
14695441	2420	1744	n
14695701	2421	1744	n
14695953	2422	1744	n
14696204	2419	1744	n
14696455	2418	1744	n
14696711	2421	1744	n
14707136	2418	1744	n
14707388	2419	1744	n
14707644	2419	1744	n
14707895	2419	1744	n
14708147	2419	1744	n
14708398	2420	1744	n
14718762	2418	1744	n
14719013	2419	1744	n
14719265	2419	1744	n
14719518	2419	1744	n
14719773	2420	1744	n
14720025	2419	1743	n
14720276	2418	1744	n
14730670	2420	1744	n
14730921	2421	1745	n
14731172	2421	1744	n
14731423	2422	1745	n
14731679	2421	1745	n
14731930	2420	1744	n
14742309	2422	1744	n
14742566	2421	1744	n
14742821	2421	1743	n
14743072	2419	1744	n
14743323	2419	1745	n
14743580	2421	1744	n
14753952	2419	1744	n
14754203	2419	1743	n
14754455	2419	1744	n
14754711	2419	1744	n
14754962	2421	1744	n
14755213	2420	1744	n
14765652	2422	1744	n
14765904	2420	1744	n
14766155	2421	1744	n
14766406	2421	1744	n
14766664	2420	1745	n
14766915	2419	1744	n
14777343	2422	1744	n
14777600	2422	1744	n
14777855	2419	1744	n
14778107	2421	1745	n
14778358	2421	1745	n
14778615	2422	1744	n
14789039	2419	1744	n
14789290	2419	1744	n
14789545	2420	1744	n
14789801	2420	1744	n
14790052	2420	1745	n
14790303	2419	1744	n
14790560	2419	1744	n
14800959	2421	1744	n
14801210	2421	1744	n
14801461	2421	1744	n
14801717	2421	1744	n
14801968	2418	1744	n
14802219	2418	1744	n
14812608	2421	1744	n
14812863	2422	1744	n
14813115	2422	1744	n
14813366	2419	1744	n
14813619	2422	1744	n
14813874	2421	1744	n
14824298	2419	1745	n
14824551	2421	1744	n
14824807	2421	1744	n
14825058	2419	1745	n
14825309	2421	1744	n
14825566	2421	1744	n
14835942	2422	1744	n
14836193	2421	1744	n
14836444	2421	1744	n
14836701	2421	1744	n
14836952	2421	1744	n
14837203	2418	1744	n
14847642	2421	1744	n
14847893	2419	1744	n
14848144	2420	1744	n
14848395	2420	1744	n
14848654	2418	1744	n
14848905	2418	1744	n
14859316	2419	1744	n
14859573	2421	1744	n
14859829	2422	1744	n
14860080	2422	1744	n
14860331	2421	1744	n
14860584	2422	1744	n
14860840	2419	1743	n
14871253	2420	1744	n
14871508	2421	1744	n
14871763	2420	1744	n
14872015	2422	1744	n
14872266	2420	1744	n
14872523	2418	1744	n
14882896	2420	1744	n
14883147	2421	1744	n
14883399	2419	1744	n
14883658	2420	1744	n
14883909	2421	1744	n
14884160	2421	1744	n
14894598	2419	1744	n
14894853	2419	1744	n
14895104	2420	1744	n
14895355	2417	1744	n
14895611	2418	1744	n
14895866	2417	1744	n
14906287	2419	1744	n
14906542	2420	1744	n
14906797	2420	1744	n
14907048	2419	1744	n
14907299	2418	1743	n
14907552	2420	1744	n
14917931	2419	1744	n
14918182	2418	1744	n
14918434	2422	1744	n
14918689	2418	1744	n
14918941	2417	1744	n
14919192	2419	1744	n
14929610	2419	1744	n
14929865	2421	1744	n
14930117	2421	1744	n
14930368	2419	1744	n
14930621	2423	1744	n
14930876	2420	1744	n
14931127	2421	1744	n
14941548	2420	1744	n
14941804	2421	1744	n
14942055	2420	1744	n
14942306	2421	1744	n
14942563	2421	1744	n
14942818	2420	1744	n
14953190	2419	1744	n
14953442	2419	1742	n
14953701	2421	1744	n
14953953	2420	1744	n
14954204	2422	1744	n
14954455	2419	1745	n
14964886	2421	1744	n
14965137	2416	1744	n
14965388	2420	1744	n
14965649	2421	1744	n
14965900	2419	1744	n
14966151	2419	1744	n
14976582	2421	1744	n
14976837	2419	1744	n
14977088	2421	1744	n
14977339	2420	1744	n
14977594	2419	1744	n
14977849	2419	1744	n
14988207	2421	1744	n
14988677	2421	1744	n
14988951	2421	1745	n
14989202	2420	1744	n
14989453	2419	1744	n
14989718	2421	1744	n
14989992	2422	1744	n
15000369	2421	1744	n
15000852	2419	1744	n
15001112	2421	1744	n
15001386	2419	1744	n
15001643	2419	1744	n
15001894	2419	1744	n
15012323	2419	1744	Time:00:00:00:00;;
15013053	2419	1743	n
15013304	2419	1744	n
15013568	2419	1744	n
15013846	2419	1744	n
15014097	2418	1744	n
15024522	2419	1744	n
15025011	2419	1744	n
15025285	2419	1744	n
15025542	2419	1744	n
15025797	2419	1744	n
15026057	2421	1744	n
15036481	2421	1744	n
15036962	2421	1744	n
15037214	2422	1744	n
15037465	2421	1743	n
15037751	2421	1744	n
15038003	2419	1744	n
15048427	2419	1745	n
15048909	2421	1744	n
15049191	2422	1744	n
15049442	2420	1744	n
15049701	2421	1744	n
15049952	2419	1744	n
15050236	2421	1744	n
15060662	2421	1744	Time:00:00:00:00;;
15061355	2421	1743	n
15061642	2419	1744	n
15061894	2418	1744	n
15062145	2421	1744	n
15072579	2421	1744	n
15073091	2421	1744	n
15073343	2420	1744	n
15073597	2419	1744	n
15073852	2419	1744	n
15074135	2419	1744	n
15074386	2421	1744	n
15084808	2424	1744	n
15085284	2422	1744	n
15085569	2420	1744	n
15085824	2418	1744	n
15086075	2419	1744	n
15086326	2421	1744	n
15096762	2418	1742	n
15097248	2419	1744	n
15097504	2419	1744	n
15097759	2419	1744	n
15098019	2421	1744	n
15098293	2419	1744	n
15108719	2419	1744	n
15109201	2419	1744	n
15109461	2419	1744	n
15109739	2420	1744	n
15109990	2422	1744	n
15110241	2422	1744	n
15110504	2420	1744	n
15120947	2423	1744	n
15121424	2420	1744	n
15121679	2422	1744	n
15121939	2420	1744	n
15122213	2419	1744	n
15122464	2421	1744	n
15132901	2422	1744	n
15133386	2421	1744	n
15133669	2421	1744	n
15133920	2422	1744	n
15134171	2420	1744	n
15134430	2421	1744	n
15144837	2421	1744	n
15145315	2422	1744	n
15145568	2419	1744	n
15145832	2420	1744	n
15146106	2421	1744	n
15146357	2421	1744	n
15146611	2420	1745	n
15156999	2422	1744	n
15157514	2422	1744	n
15157769	2421	1744	n
15158021	2419	1744	n
15158281	2421	1744	n
15158560	2419	1744	n
15168953	2421	1744	n
15169432	2423	1745	n
15169687	2422	1744	n
15169969	2423	1744	n
15170220	2419	1745	n
15170471	2426	1744	n
15180890	2421	1744	n
15181404	2421	1744	n
15181662	2422	1744	n
15181913	2422	1745	n
15182164	2423	1744	n
15182447	2419	1744	n
15182708	2421	1745	n
15193137	2419	1744	n
15193625	2419	1744	n
15193911	2420	1744	n
15194162	2422	1744	n
15194413	2420	1744	n
15194670	2422	1744	n
15205100	2422	1744	n
15205583	2421	1744	n
15205838	2421	1744	n
15206090	2422	1744	n
15206372	2421	1744	n
15206632	2420	1744	n
15217012	2421	1744	Time:00:00:00:00;;
15217619	2422	1744	n
15217874	2422	1744	n
15218125	2421	1744	n
15218376	2420	1744	n
15218636	2421	1744	n
15229000	2418	1744	n
15229251	2421	1744	n
15229508	2421	1744	n
15229764	2420	1744	n
15230015	2421	1744	n
15230266	2419	1744	n
15240631	2419	1744	n
15240882	2419	1744	n
15241133	2419	1744	n
15241384	2418	1743	n
15241641	2419	1744	n
15241893	2419	1744	n
15252322	2421	1744	n
15252576	2421	1744	n
15252832	2423	1744	n
15253083	2419	1744	n
15253334	2421	1745	n
15253591	2421	1745	n
15264018	2422	1745	n
15264269	2422	1744	n
15264525	2423	1744	n
15264780	2422	1744	n
15265031	2419	1744	n
15265283	2422	1745	n
15265540	2423	1744	n
15275938	2421	1744	n
15276189	2419	1745	n
15276440	2422	1744	n
15276696	2420	1744	n
15276947	2421	1744	n
15277198	2419	1744	n
15287583	2420	1744	n
15287839	2420	1744	n
15288090	2421	1744	n
15288341	2422	1744	n
15288597	2421	1744	n
15288852	2420	1744	n
15299277	2420	1744	n
15299531	2421	1744	n
15299786	2421	1744	n
15300037	2420	1744	n
15300288	2420	1744	n
15300546	2420	1745	n
15310921	2422	1744	n
15311172	2421	1744	n
15311423	2422	1744	n
15311678	2421	1744	n
15311929	2421	1744	n
15312181	2420	1744	n
15322616	2422	1744	n
15322872	2421	1744	n
15323123	2421	1744	n
15323374	2419	1743	n
15323632	2422	1744	n
15323883	2419	1744	n
15334295	2421	1744	n
15334548	2420	1744	n
15334804	2419	1744	n
15335055	2421	1744	n
15335306	2421	1744	n
15335563	2420	1744	n
15335819	2421	1744	n
15346232	2421	1744	n
15346483	2421	1744	n
15346739	2421	1744	n
15346990	2420	1744	n
15347241	2423	1744	n
15347497	2422	1744	n
15357875	2421	1744	n
15358126	2422	1744	n
15358378	2421	1744	n
15358639	2425	1744	n
15358890	2423	1744	n
15359141	2422	1745	n
15369576	2419	1744	n
15369831	2421	1744	n
15370082	2420	1744	n
15370333	2423	1744	n
15370586	2420	1744	n
15370842	2419	1744	n
15381266	2419	1743	n
15381522	2419	1744	n
15381777	2418	1744	n
15382029	2420	1744	n
15382280	2420	1744	n
15382533	2420	1744	n
15392909	2423	1744	n
15393160	2422	1744	n
15393412	2419	1744	n
15393669	2419	1744	n
15393920	2420	1744	n
15394171	2419	1744	n
15404588	2422	1744	n
15404843	2419	1744	n
15405095	2419	1744	n
15405346	2417	1744	n
15405600	2421	1744	n
15405855	2420	1746	n
15406106	2420	1744	n
15416531	2419	1744	n
15416787	2421	1744	n
15417038	2421	1744	n
15417289	2420	1744	n
15417546	2420	1744	n
15417801	2422	1745	n
15428168	2419	1744	n
15428420	2419	1743	n
15428675	2421	1744	n
15428926	2419	1744	n
15429177	2421	1744	n
15429429	2419	1746	n
15439864	2419	1745	n
15440115	2421	1744	n
15440366	2421	1744	n
15440619	2421	1744	n
15440875	2421	1744	n
15441126	2421	1744	n
15451565	2420	1744	n
15451821	2420	1744	n
15452072	2421	1744	n
15452323	2421	1744	n
15452580	2421	1744	n
15452836	2422	1744	n
15463255	2417	1742	n
15463511	2419	1744	n
15463766	2419	1744	n
15464018	2419	1744	n
15464269	2421	1744	n
15464525	2421	1744	n
15464781	2420	1744	n
15475176	2420	1744	n
15475427	2420	1744	n
15475682	2420	1744	n
15475933	2419	1744	n
15476185	2419	1744	n
15476436	2419	1743	n
15486818	2419	1745	n
15487070	2421	1744	n
15487321	2420	1744	n
15487576	2421	1745	n
15487831	2421	1744	n
15488082	2419	1744	n
15498445	2421	1744	n
15498702	2421	1744	n
15498954	2419	1744	n
15499205	2420	1744	n
15499456	2419	1744	n
15499712	2421	1744	n
15510072	2421	1744	n
15510323	2420	1744	n
15510580	2421	1745	n
15510836	2421	1744	n
15511087	2419	1744	n
15511338	2421	1744	n
15521767	2421	1744	n
15522018	2422	1744	n
15522270	2422	1744	n
15522524	2423	1745	n
15522780	2422	1744	n
15523031	2421	1744	n
15533394	2422	1744	n
15533654	2419	1744	n
15533905	2422	1746	n
15534156	2422	1745	n
15534407	2421	1744	n
15534668	2421	1744	n
15534919	2423	1744	n
15545297	2420	1744	n
15545550	2420	1745	n
15545805	2421	1744	n
15546056	2419	1744	n
15546307	2419	1744	n
15546562	2419	1744	n
15556941	2422	1744	n
15557192	2421	1744	n
15557443	2421	1744	n
15557701	2421	1744	n
15557953	2421	1744	n
15558204	2421	1744	n
15568586	2421	1744	n
15568841	2423	1744	n
15569093	2421	1744	n
15569344	2422	1745	n
15569600	2422	1744	n
15569855	2422	1744	n
15580279	2421	1744	n
15580532	2421	1744	n
15580788	2418	1744	n
15581039	2421	1745	n
15581290	2423	1744	n
15581545	2420	1744	n
15591974	2419	1744	n
15592225	2421	1744	n
15592477	2423	1744	n
15592732	2421	1744	n
15592983	2420	1744	n
15593234	2422	1744	n
15603601	2421	1744	n
15603857	2421	1744	n
15604108	2422	1744	n
15604359	2421	1744	n
15604614	2420	1744	n
15604869	2422	1744	n
15605121	2421	1744	n
15615508	2422	1745	n
15615763	2421	1744	n
15616015	2422	1744	n
15616266	2422	1744	n
15616523	2421	1745	n
15616779	2422	1744	n
15627148	2419	1744	n
15627399	2419	1744	n
15627658	2421	1744	n
15627909	2421	1744	n
15628160	2420	1744	n
15628411	2420	1743	n
15638794	2420	1744	n
15639045	2421	1744	n
15639296	2421	1744	n
15639549	2421	1744	n
15639805	2419	1744	n
15640056	2420	1743	n
15650487	2420	1744	n
15650744	2419	1744	n
15650996	2420	1744	n
15651247	2423	1744	n
15651502	2421	1744	n
15651757	2421	1745	n
15662182	2421	1744	n
15662433	2421	1747	n
15662689	2423	1744	n
15662941	2423	1744	n
15663192	2421	1744	n
15663443	2421	1744	n
15673809	2420	1744	n
15674060	2421	1744	n
15674312	2421	1744	n
15674565	2421	1744	n
15674820	2421	1744	n
15675071	2421	1744	n
15675323	2422	1744	n
15685715	2419	1744	n
15685967	2419	1744	n
15686218	2421	1744	n
15686469	2422	1744	n
15686725	2422	1744	n
15686976	2421	1744	n
15697356	2421	1744	n
15697610	2423	1744	n
15697866	2423	1744	n
15698117	2423	1744	n
15698368	2421	1744	n
15698621	2423	1744	n
15708998	2420	1745	n
15709250	2420	1744	n
15709504	2421	1744	n
15709759	2421	1744	n
15710011	2421	1744	n
15710262	2419	1744	n
15720698	2421	1744	n
15720949	2422	1744	n
15721200	2422	1744	n
15721451	2419	1744	n
15721709	2422	1745	n
15721960	2419	1744	n
15732389	2422	1744	n
15732649	2421	1744	n
15732900	2420	1744	n
15733151	2421	1744	n
15733402	2421	1744	n
15733662	2422	1744	n
15744085	2421	1745	n
15744336	2423	1744	n
15744593	2423	1744	n
15744849	2423	1744	n
15745100	2423	1745	n
15745351	2423	1744	n
15745608	2421	1745	n
15756006	2422	1744	n
15756257	2421	1744	n
15756511	2422	1744	n
15756766	2422	1744	n
15757018	2421	1744	n
15757269	2419	1744	n
15767653	2420	1744	n
15767905	2422	1744	n
15768156	2419	1745	n
15768407	2422	1744	n
15768667	2419	1744	n
15768919	2421	1744	n
15779275	2421	1744	n
15779531	2421	1744	n
15779787	2421	1744	n
15780038	2420	1744	n
15780289	2420	1744	n
15780545	2422	1744	n
15790988	2422	1744	n
15791239	2420	1744	n
15791491	2422	1744	n
15791747	2421	1744	n
15791998	2421	1744	n
15792249	2421	1744	n
15802688	2421	1744	n
15802939	2419	1744	n
15803190	2417	1744	n
15803441	2419	1744	n
15803701	2422	1744	n
15803953	2422	1744	n
15814362	2420	1744	n
15814617	2421	1744	n
15814872	2422	1744	n
15815124	2421	1744	n
15815375	2422	1744	n
15815636	2419	1744	n
15815887	2423	1744	n
15826299	2423	1744	n
15826551	2422	1744	n
15826807	2422	1744	n
15827058	2421	1744	n
15827309	2421	1744	n
15827566	2421	1744	n
15837942	2422	1744	n
15838194	2419	1744	n
15838445	2421	1744	n
15838702	2421	1744	n
15838953	2420	1744	n
15839204	2421	1744	n
15849642	2420	1744	n
15849894	2420	1744	n
15850145	2419	1744	n
15850396	2419	1744	n
15850654	2418	1744	n
15850905	2419	1744	n
15861265	2421	1744	n
15861518	2421	1744	n
15861773	2419	1744	n
15862025	2419	1744	n
15862276	2421	1744	n
15862531	2421	1744	n
15872977	2423	1744	n
15873229	2421	1744	n
15873480	2420	1744	n
15873736	2421	1744	n
15873987	2419	1744	n
15874238	2421	1744	n
15884660	2420	1744	n
15884911	2422	1744	n
15885162	2423	1744	n
15885413	2421	1744	n
15885670	2421	1744	n
15885921	2421	1744	n
15886172	2421	1744	n
15896596	2421	1744	n
15896852	2421	1745	n
15897103	2422	1744	n
15897354	2420	1744	n
15897611	2418	1744	n
15897866	2419	1744	n
15908236	2419	1744	n
15908488	2419	1745	n
15908744	2419	1744	n
15908996	2422	1744	n
15909247	2419	1744	n
15909502	2419	1744	n
15919932	2421	1744	n
15920183	2421	1744	n
15920434	2421	1744	n
15920690	2422	1744	n
15920941	2421	1744	n
15921192	2422	1744	n
15931631	2423	1745	n
15931882	2421	1744	n
15932133	2421	1744	n
15932384	2421	1744	n
15932641	2421	1744	n
15932892	2421	1744	n
15943254	2420	1744	n
15943511	2421	1744	n
15943767	2421	1744	n
15944018	2419	1744	n
15944269	2419	1744	n
15944525	2421	1744	n
15944781	2421	1744	n
15955157	2421	1744	n
15955408	2423	1744	n
15955668	2421	1744	n
15955919	2421	1744	n
15956171	2419	1744	n
15956422	2421	1744	n
15966801	2423	1744	n
15967052	2422	1744	n
15967303	2422	1744	n
15967559	2420	1744	n
15967814	2420	1744	n
15968066	2419	1744	n
15978443	2420	1744	n
15978702	2419	1744	n
15978953	2418	1744	n
15979213	2417	1744	n
15979487	2419	1743	n
15979744	2419	1744	n
15990139	2421	1744	n
15990617	2423	1744	n
15990901	2423	1744	n
15991153	2422	1744	n
15991404	2420	1743	n
15991671	2421	1744	n
16002085	2420	1744	n
16002565	2421	1744	n
16002820	2421	1744	n
16003071	2421	1744	Time:00:00:00:00;;
16003575	2421	1744	n
16003830	2419	1744	n
16014203	2421	1744	n
16014697	2421	1746	n
16014971	2422	1744	n
16015222	2421	1744	n
16015473	2422	1744	n
16015737	2422	1744	n
16026157	2419	1744	n
16026640	2419	1744	n
16026891	2421	1745	n
16027151	2420	1744	n
16027424	2421	1744	n
16027680	2421	1744	n
16027931	2421	1744	n
16038302	2422	1744	n
16038816	2422	1744	n
16039067	2419	1744	n
16039318	2422	1744	n
16039582	2421	1744	n
16039860	2420	1744	n
16050256	2421	1744	n
16050746	2421	1744	n
16050997	2420	1744	n
16051280	2420	1745	n
16051533	2421	1744	n
16051788	2422	1744	n
16062209	2421	1744	Time:00:00:00:00;;
16062941	2422	1744	n
16063192	2421	1744	n
16063443	2419	1744	n
16063733	2420	1744	n
16063984	2419	1744	n
16074353	2422	1744	n
16074840	2419	1744	n
16075100	2421	1744	n
16075374	2421	1744	n
16075632	2421	1744	n
16075883	2423	1744	n
16086273	2421	1744	n
16086791	2420	1744	n
16087042	2422	1744	n
16087293	2419	1744	n
16087559	2422	1744	n
16087837	2421	1744	n
16098211	2421	1744	n
16098695	2421	1744	n
16098955	2422	1744	n
16099228	2421	1744	n
16099480	2419	1744	n
16099736	2419	1744	n
16099996	2420	1744	n
16110415	2421	1744	n
16110902	2423	1744	n
16111153	2419	1744	n
16111413	2421	1744	n
16111692	2419	1744	n
16111943	2422	1744	n
16122326	2423	1744	n
16122814	2421	1743	n
16123097	2419	1744	n
16123348	2420	1744	n
16123601	2420	1744	n
16123856	2420	1744	n
16134263	2421	1744	n
16134758	2421	1745	n
16135009	2421	1744	n
16135260	2420	1744	n
16135549	2422	1744	n
16135804	2422	1744	n
16136055	2421	1744	n
16146458	2419	1745	n
16146949	2421	1744	n
16147223	2421	1744	n
16147474	2425	1744	n
16147729	2422	1744	n
16147990	2421	1744	n
16158378	2421	1744	n
16158867	2421	1744	n
16159119	2421	1744	n
16159379	2421	1744	n
16159659	2422	1744	n
16159910	2421	1744	n
16170316	2421	1744	n
16170814	2421	1744	n
16171088	2421	1744	n
16171339	2421	1744	n
16171594	2421	1744	n
16171857	2421	1744	n
16172137	2421	1744	n
16182514	2421	1745	n
16182995	2419	1744	n
16183255	2423	1744	n
16183531	2422	1745	n
16183787	2420	1744	n
16184038	2420	1745	n
16194431	2422	1745	n
16194951	2419	1744	n
16195202	2421	1745	n
16195453	2418	1744	n
16195717	2421	1744	n
16195991	2422	1744	n
16206368	2422	1744	n
16206853	2423	1745	n
16207104	2422	1745	n
16207386	2421	1744	n
16207643	2421	1744	n
16207894	2421	1744	n
16208145	2421	1744	n
16218565	2422	1744	Time:00:00:00:00;;
16219125	2421	1744	n
16219376	2421	1744	n
16219636	2421	1744	n
16219887	2421	1744	n
16230311	2422	1744	n
16230565	2421	1744	n
16230820	2421	1745	n
16231071	2422	1744	n
16231323	2421	1744	n
16231577	2421	1744	n
16241990	2422	1744	n
16242241	2421	1744	n
16242497	2423	1744	n
16242752	2422	1744	n
16243004	2422	1744	n
16243255	2417	1744	n
16243512	2423	1744	n
16253927	2419	1744	n
16254178	2422	1744	n
16254429	2419	1744	n
16254684	2419	1744	n
16254936	2422	1744	n
16255187	2421	1744	n
16265576	2420	1744	n
16265831	2421	1744	n
16266082	2421	1744	n
16266333	2421	1743	n
16266586	2421	1744	n
16266842	2421	1744	n
16277266	2420	1744	n
16277522	2423	1744	n
16277778	2419	1744	n
16278029	2420	1744	n
16278280	2419	1744	n
16278533	2419	1744	n
16288961	2419	1744	n
16289213	2418	1744	n
16289464	2419	1744	n
16289719	2419	1744	n
16289970	2419	1744	n
16290221	2421	1744	n
16300587	2419	1744	n
16300843	2421	1744	n
16301094	2418	1744	n
16301345	2421	1744	n
16301600	2419	1744	n
16301855	2421	1744	n
16302106	2421	1744	n
16312492	2420	1745	n
16312747	2422	1744	n
16312999	2423	1745	n
16313250	2421	1744	n
16313504	2422	1745	n
16313760	2421	1744	n
16324134	2423	1744	n
16324385	2422	1744	n
16324642	2420	1744	n
16324893	2423	1744	n
16325144	2421	1744	n
16325395	2423	1744	n
16335781	2420	1744	n
16336032	2418	1743	n
16336283	2416	1744	n
16336539	2419	1744	n
16336795	2419	1744	n
16337046	2417	1744	n
16347473	2423	1744	n
16347729	2422	1744	n
16347980	2421	1744	n
16348231	2423	1744	n
16348482	2419	1744	n
16348739	2419	1744	n
16359168	2420	1744	n
16359419	2418	1744	n
16359675	2421	1744	n
16359926	2422	1744	n
16360178	2420	1744	n
16360429	2421	1745	n
16370795	2423	1745	n
16371047	2421	1744	n
16371298	2422	1744	n
16371551	2422	1744	n
16371806	2421	1744	n
16372058	2421	1744	n
16372309	2421	1744	n
16382702	2421	1744	n
16382953	2421	1744	n
16383204	2420	1744	n
16383456	2419	1744	n
16383712	2421	1744	n
16383963	2423	1744	n
16394342	2421	1744	n
16394596	2421	1744	n
16394852	2421	1744	n
16395103	2419	1744	n
16395354	2420	1744	n
16395611	2421	1744	n
16405985	2421	1744	n
16406236	2421	1744	n
16406488	2421	1744	n
16406744	2421	1744	n
16406995	2422	1744	n
16407247	2420	1744	n
16417685	2421	1745	n
16417936	2423	1744	n
16418188	2423	1744	n
16418439	2420	1746	n
16418695	2422	1745	n
16418946	2421	1745	n
16429376	2419	1743	n
16429635	2420	1744	n
16429887	2421	1744	n
16430138	2419	1744	n
16430389	2421	1744	n
16430649	2422	1744	n
16441072	2422	1744	n
16441324	2421	1744	n
16441580	2420	1744	n
16441836	2422	1744	n
16442087	2422	1744	n
16442338	2421	1744	n
16442593	2422	1744	n
16452992	2421	1744	n
16453243	2421	1744	n
16453497	2421	1744	n
16453752	2422	1744	n
16454003	2422	1744	n
16454255	2422	1744	n
16464642	2423	1744	n
16464893	2421	1745	n
16465145	2423	1744	n
16465396	2421	1744	n
16465654	2421	1744	n
16465905	2422	1744	n
16476261	2421	1744	n
16476515	2419	1744	n
16476770	2421	1744	n
16477021	2421	1744	n
16477272	2420	1744	n
16477528	2419	1744	n
16487974	2422	1744	n
16488225	2421	1744	n
16488476	2425	1745	n
16488732	2421	1744	n
16488983	2419	1744	n
16489234	2421	1744	n
16499674	2421	1744	n
16499925	2421	1744	n
16500176	2419	1744	n
16500427	2423	1745	n
16500683	2421	1744	n
16500934	2422	1744	n
16511348	2421	1744	n
16511601	2419	1744	n
16511857	2422	1744	n
16512108	2418	1744	n
16512359	2420	1744	n
16512614	2422	1744	n
16512870	2422	1744	n
16523286	2420	1744	n
16523542	2419	1744	n
16523797	2421	1744	n
16524048	2420	1744	n
16524299	2421	1744	n
16524556	2419	1744	n
16534928	2422	1744	n
16535180	2423	1745	n
16535431	2422	1745	n
16535686	2420	1744	n
16535938	2422	1744	n
16536189	2420	1744	n
16546624	2422	1745	n
16546880	2421	1745	n
16547131	2422	1744	n
16547382	2421	1744	n
16547639	2422	1745	n
16547890	2423	1744	n
16558251	2421	1744	n
16558508	2421	1744	n
16558764	2422	1744	n
16559015	2421	1744	n
16559266	2421	1744	n
16559522	2420	1744	n
16569963	2421	1744	n
16570215	2421	1744	n
16570466	2422	1745	n
16570721	2423	1745	n
16570973	2421	1744	n
16571224	2422	1744	n
16581647	2422	1744	n
16581898	2423	1744	n
16582149	2423	1744	n
16582400	2422	1744	n
16582659	2423	1744	n
16582910	2421	1744	n
16583161	2421	1744	n
16593583	2423	1744	n
16593838	2422	1744	n
16594089	2422	1744	n
16594340	2423	1744	n
16594598	2422	1744	n
16594853	2421	1744	n
16605222	2421	1744	n
16605473	2422	1744	n
16605729	2422	1746	n
16605980	2419	1744	n
16606231	2420	1744	n
16606483	2422	1744	n
16616918	2421	1745	n
16617169	2421	1744	n
16617420	2420	1744	n
16617675	2421	1744	n
16617926	2422	1744	n
16618178	2422	1745	n
16628613	2423	1744	n
16628869	2422	1744	n
16629120	2422	1745	n
16629371	2421	1744	n
16629632	2420	1744	n
16629883	2423	1745	n
16640240	2419	1744	n
16640497	2420	1744	n
16640753	2420	1744	n
16641004	2419	1745	n
16641255	2421	1744	n
16641512	2422	1744	n
16641767	2418	1744	n
16652143	2421	1744	n
16652394	2421	1744	n
16652654	2421	1744	n
16652905	2421	1744	n
16653156	2423	1744	n
16653408	2422	1744	n
16663788	2423	1745	n
16664039	2422	1744	n
16664290	2423	1744	n
16664545	2422	1744	n
16664800	2421	1744	n
16665052	2421	1744	n
16675430	2422	1745	n
16675686	2422	1745	n
16675937	2422	1745	n
16676188	2422	1744	n
16676440	2422	1744	n
16676696	2423	1745	n
16687126	2421	1744	n
16687377	2421	1744	n
16687636	2419	1744	n
16687887	2422	1744	n
16688138	2421	1744	n
16688389	2421	1744	n
16698821	2422	1744	n
16699072	2421	1744	n
16699324	2419	1745	n
16699580	2421	1744	n
16699836	2421	1744	n
16700087	2421	1744	n
16710447	2418	1745	n
16710708	2421	1744	n
16710960	2423	1744	n
16711211	2421	1745	n
16711462	2419	1745	n
16711717	2420	1744	n
16711968	2421	1744	n
16722351	2421	1744	n
16722608	2421	1745	n
16722863	2421	1744	n
16723114	2423	1744	n
16723366	2422	1744	n
16723619	2421	1744	n
16733994	2423	1744	n
16734245	2421	1744	n
16734502	2423	1744	n
16734757	2422	1744	n
16735009	2421	1744	n
16735260	2422	1744	n
16745644	2422	1744	n
16745896	2421	1744	n
16746147	2421	1744	n
16746398	2420	1744	n
16746659	2421	1744	n
16746910	2421	1744	n
16757333	2421	1745	n
16757586	2423	1744	n
16757841	2421	1744	n
16758093	2422	1744	n
16758344	2421	1744	n
16758600	2421	1744	n
16769028	2423	1744	n
16769280	2419	1744	n
16769533	2422	1744	n
16769788	2421	1744	n
16770039	2422	1744	n
16770291	2422	1744	n
16780660	2421	1744	n
16780911	2422	1743	n
16781162	2420	1744	n
16781413	2419	1743	n
16781670	2422	1744	n
16781921	2419	1744	n
16782172	2421	1744	n
16792562	2419	1744	n
16792817	2420	1743	n
16793068	2419	1744	n
16793320	2422	1744	n
16793576	2421	1744	n
16793831	2420	1744	n
16804202	2421	1744	n
16804453	2422	1744	n
16804709	2419	1744	n
16804960	2421	1744	n
16805212	2422	1745	n
16805463	2419	1744	n
16815845	2419	1744	n
16816096	2421	1745	n
16816348	2421	1744	n
16816601	2421	1744	n
16816856	2422	1744	n
16817107	2422	1744	n
16827545	2422	1744	n
16827800	2421	1744	n
16828052	2422	1744	n
16828303	2420	1744	n
16828559	2420	1744	n
16828814	2423	1744	n
16839236	2419	1744	n
16839488	2419	1744	n
16839745	2422	1744	n
16839996	2420	1744	n
16840247	2422	1744	n
16840504	2421	1744	n
16850932	2421	1744	n
16851183	2421	1744	n
16851435	2421	1745	n
16851691	2421	1745	n
16851942	2421	1744	n
16852193	2423	1745	n
16852444	2422	1744	n
16862852	2419	1744	n
16863103	2423	1744	n
16863354	2421	1744	n
16863610	2419	1744	n
16863866	2419	1744	n
16864117	2426	1744	n
16874501	2419	1744	n
16874757	2419	1744	n
16875008	2420	1744	n
16875259	2421	1744	n
16875514	2420	1744	n
16875769	2421	1744	n
16886191	2421	1744	n
16886442	2422	1744	n
16886701	2421	1744	n
16886952	2421	1744	n
16887203	2421	1744	n
16887454	2418	1744	n
16897834	2421	1744	n
16898085	2421	1745	n
16898336	2421	1745	n
16898591	2420	1744	n
16898846	2421	1744	n
16899097	2422	1744	n
16909531	2421	1744	n
16909787	2421	1744	n
16910038	2422	1745	n
16910289	2421	1744	n
16910546	2420	1744	n
16910802	2421	1744	n
16921208	2422	1745	n
16921459	2418	1744	n
16921715	2421	1744	n
16921966	2421	1744	n
16922217	2419	1744	n
16922468	2423	1744	n
16922724	2420	1744	n
16933146	2421	1744	n
16933397	2421	1744	n
16933654	2422	1745	n
16933905	2423	1744	n
16934156	2421	1745	n
16934408	2423	1744	n
16944788	2423	1744	n
16945039	2422	1744	n
16945290	2422	1744	n
16945545	2421	1744	n
16945801	2422	1744	n
16946052	2421	1744	n
16956484	2421	1744	n
16956744	2422	1744	n
16956996	2423	1745	n
16957247	2421	1744	n
16957502	2421	1744	n
16957757	2421	1744	n
16968179	2421	1744	n
16968431	2419	1745	n
16968686	2420	1744	n
16968937	2421	1744	n
16969189	2420	1744	n
16969440	2420	1744	n
16979823	2423	1745	n
16980074	2421	1744	n
16980325	2421	1744	n
16980580	2422	1744	n
16980836	2422	1745	n
16981087	2422	1745	n
16991508	2421	1744	n
16991906	2422	1745	n
16992181	2419	1744	n
16992432	2422	1747	n
16992687	2422	1744	n
16992947	2423	1744	n
16993221	2422	1744	n
17003618	2420	1744	n
17004099	2421	1744	n
17004358	2418	1744	n
17004638	2421	1744	n
17004889	2419	1744	n
17005140	2422	1744	n
17015551	2421	1744	Time:00:00:00:00;;
17016276	2420	1744	n
17016531	2420	1744	n
17016795	2420	1744	n
17017068	2420	1744	n
17017320	2420	1744	n
17027680	2421	1744	n
17028157	2420	1744	n
17028439	2421	1744	n
17028696	2420	1744	n
17028947	2419	1744	n
17029198	2421	1744	n
17039632	2419	1744	n
17040116	2420	1744	n
17040367	2419	1744	n
17040620	2419	1744	n
17040884	2416	1744	n
17041157	2420	1744	n
17051567	2419	1744	n
17052049	2421	1744	n
17052309	2421	1744	n
17052584	2422	1744	n
17052840	2421	1744	n
17053091	2421	1744	n
17053351	2420	1744	n
17063813	2425	1744	n
17064292	2421	1744	n
17064549	2422	1744	n
17064812	2422	1746	n
17065086	2421	1745	n
17065337	2420	1744	n
17075768	2421	1744	Time:00:00:00:00;;
17076469	2423	1745	n
17076747	2421	1744	n
17076998	2421	1745	n
17077258	2423	1745	n
17077534	2420	1744	n
17087964	2422	1744	n
17088441	2421	1744	n
17088710	2419	1745	n
17088983	2422	1744	n
17089234	2419	1744	n
17089486	2421	1744	n
17099918	2421	1744	n
17100424	2422	1744	n
17100680	2420	1744	n
17100931	2419	1744	n
17101191	2419	1744	n
17101464	2421	1744	n
17111855	2421	1744	n
17112333	2422	1744	n
17112595	2421	1744	n
17112879	2422	1745	n
17113130	2423	1744	n
17113382	2421	1744	n
17113647	2422	1744	n
17124111	2422	1745	n
17124591	2423	1744	n
17124846	2421	1744	n
17125106	2423	1744	n
17125380	2422	1744	n
17125638	2423	1745	n
17136057	2419	1744	n
17136548	2421	1744	n
17136826	2419	1744	n
17137077	2419	1744	n
17137328	2419	1744	n
17137592	2419	1744	n
17147986	2421	1744	n
17148461	2420	1745	n
17148717	2420	1744	n
17148968	2422	1744	n
17149250	2421	1744	n
17149504	2421	1744	n
17149760	2419	1744	n
17160155	2419	1744	n
17160681	2421	1744	n
17160932	2422	1744	n
17161183	2420	1744	n
17161434	2422	1743	n
17161724	2421	1744	n
17172109	2421	1744	n
17172591	2421	1744	n
17172846	2419	1744	n
17173129	2421	1744	n
17173380	2419	1744	n
17173638	2421	1744	n
17184029	2420	1744	n
17184525	2423	1744	n
17184803	2423	1744	n
17185054	2421	1744	n
17185305	2422	1746	n
17185567	2423	1744	n
17185845	2421	1744	n
17196207	2423	1744	n
17196693	2420	1745	n
17196952	2422	1744	n
17197231	2421	1745	n
17197482	2421	1744	n
17197739	2423	1744	n
17208162	2422	1745	n
17208678	2419	1745	n
17208929	2423	1745	n
17209181	2423	1744	n
17209440	2422	1744	n
17209724	2425	1744	n
17220082	2419	1744	Time:00:00:00:00;;
17220759	2421	1744	n
17221010	2419	1744	n
17221261	2421	1744	n
17221515	2419	1744	n
17221770	2418	1744	n
17232139	2423	1744	n
17232390	2421	1745	n
17232648	2423	1744	n
17232900	2421	1744	n
17233151	2423	1744	n
17233402	2419	1744	n
17243783	2421	1745	n
17244034	2422	1744	n
17244285	2423	1744	n
17244542	2421	1744	n
17244797	2422	1744	n
17245048	2421	1744	n
17255478	2422	1745	n
17255734	2422	1745	n
17255985	2423	1744	n
17256237	2421	1744	n
17256488	2421	1744	n
17256745	2421	1745	n
17267157	2421	1744	n
17267408	2419	1744	n
17267667	2421	1744	n
17267919	2422	1744	n
17268170	2419	1744	n
17268421	2420	1744	n
17268677	2421	1744	n
17279094	2420	1744	n
17279345	2421	1744	n
17279599	2419	1744	n
17279855	2419	1744	n
17280106	2423	1744	n
17280357	2419	1744	n
17290742	2419	1744	n
17290993	2421	1744	n
17291244	2420	1744	n
17291502	2421	1745	n
17291757	2422	1744	n
17292008	2421	1744	n
17302433	2423	1747	n
17302689	2420	1744	n
17302940	2421	1744	n
17303191	2419	1744	n
17303442	2419	1744	n
17303701	2421	1744	n
17314060	2419	1744	n
17314311	2421	1744	n
17314565	2418	1744	n
17314820	2419	1744	n
17315071	2420	1744	n
17315323	2419	1744	n
17325691	2421	1744	n
17325942	2421	1744	n
17326193	2422	1745	n
17326444	2421	1744	n
17326701	2422	1744	n
17326952	2421	1745	n
17337365	2422	1744	n
17337618	2421	1744	n
17337874	2422	1744	n
17338125	2419	1744	n
17338376	2421	1744	n
17338636	2421	1744	n
17338887	2421	1744	n
17349302	2419	1742	n
17349557	2419	1744	n
17349812	2420	1744	n
17350063	2421	1744	n
17350314	2420	1744	n
17350568	2421	1744	n
17360945	2422	1744	n
17361197	2422	1744	n
17361448	2419	1744	n
17361708	2421	1744	n
17361959	2420	1744	n
17362210	2419	1744	n
17372645	2422	1745	n
17372897	2421	1744	n
17373148	2423	1744	n
17373399	2420	1744	n
17373659	2421	1744	n
17373910	2421	1744	n
17384267	2421	1744	n
17384522	2422	1745	n
17384778	2421	1744	n
17385029	2420	1744	n
17385280	2421	1744	n
17385533	2421	1744	n
17395893	2420	1744	n
17396145	2419	1744	n
17396396	2421	1744	n
17396654	2421	1744	n
17396905	2419	1744	n
17397156	2422	1744	n
17407572	2422	1744	n
17407828	2419	1744	n
17408079	2419	1744	n
17408330	2420	1744	n
17408583	2421	1744	n
17408838	2421	1745	n
17409089	2421	1744	n
17419514	2422	1744	n
17419770	2423	1745	n
17420021	2422	1743	n
17420272	2421	1744	n
17420529	2419	1744	n
17420784	2421	1744	n
17431152	2422	1744	n
17431404	2421	1744	n
17431662	2421	1744	n
17431914	2422	1744	n
17432165	2419	1744	n
17432416	2421	1744	n
17442848	2422	1744	n
17443099	2420	1744	n
17443350	2421	1744	n
17443603	2421	1744	n
17443859	2421	1744	n
17444110	2421	1744	n
17454475	2423	1744	n
17454730	2421	1744	n
17454981	2421	1744	n
17455232	2419	1744	n
17455484	2421	1744	n
17455745	2419	1744	n
17466187	2421	1744	n
17466438	2422	1744	n
17466695	2421	1744	n
17466946	2419	1745	n
17467197	2421	1745	n
17467449	2419	1744	n
17477866	2420	1744	n
17478117	2420	1744	n
17478368	2421	1744	n
17478625	2421	1744	n
17478881	2420	1744	n
17479132	2420	1744	n
17479383	2421	1744	n
17489803	2419	1744	n
17490054	2419	1744	n
17490305	2419	1744	n
17490559	2421	1744	n
17490814	2421	1744	n
17491066	2418	1744	n
17501446	2419	1744	n
17501703	2421	1744	n
17501954	2422	1744	n
17502205	2421	1744	n
17502457	2418	1744	n
17502712	2420	1744	n
17513142	2421	1745	n
17513393	2423	1744	n
17513654	2422	1744	n
17513905	2422	1744	n
17514156	2422	1744	n
17514407	2421	1744	n
17524837	2422	1744	n
17525089	2419	1744	n
17525340	2421	1744	n
17525597	2421	1744	n
17525852	2420	1745	n
17526103	2419	1744	n
17536464	2422	1744	n
17536720	2423	1744	n
17536971	2421	1744	n
17537222	2420	1744	n
17537473	2422	1744	n
17537729	2421	1744	n
17537980	2419	1744	n
17548367	2421	1744	n
17548620	2421	1744	n
17548876	2421	1744	n
17549127	2421	1744	n
17549378	2421	1744	n
17549639	2423	1745	n
17560011	2422	1744	n
17560262	2420	1744	n
17560515	2422	1744	n
17560770	2421	1744	n
17561022	2421	1744	n
17561273	2422	1744	n
17571658	2420	1744	n
17571909	2421	1744	n
17572160	2419	1744	n
17572411	2419	1744	n
17572668	2422	1744	n
17572919	2419	1744	n
17583349	2421	1745	n
17583602	2421	1745	n
17583857	2421	1744	n
17584108	2421	1744	n
17584360	2421	1744	n
17584614	2422	1744	n
17595044	2422	1744	n
17595296	2422	1744	n
17595549	2421	1744	n
17595804	2422	1744	n
17596055	2423	1744	n
17596306	2420	1746	n
17606676	2422	1744	n
17606927	2421	1744	n
17607178	2423	1745	n
17607429	2423	1747	n
17607684	2420	1744	n
17607935	2421	1744	n
17608187	2422	1744	n
17618576	2421	1744	n
17618832	2419	1744	n
17619083	2422	1744	n
17619334	2421	1744	n
17619587	2423	1744	n
17619842	2421	1745	n
17630218	2420	1744	n
17630469	2425	1744	n
17630724	2421	1744	n
17630975	2420	1744	n
17631226	2421	1744	n
17631478	2419	1744	n
17641861	2420	1744	n
17642112	2421	1744	n
17642364	2421	1744	n
17642617	2421	1744	n
17642872	2419	1744	n
17643124	2421	1744	n
17653563	2421	1744	n
17653818	2423	1746	n
17654069	2422	1744	n
17654320	2421	1744	n
17654576	2421	1745	n
17654831	2422	1744	n
17665252	2423	1744	n
17665508	2421	1744	n
17665763	2421	1744	n
17666015	2421	1745	n
17666266	2422	1744	n
17666523	2421	1744	n
17676948	2421	1744	n
17677200	2421	1744	n
17677451	2422	1744	n
17677709	2419	1744	n
17677960	2421	1744	n
17678211	2421	1744	n
17678462	2417	1744	n
17688868	2420	1745	n
17689119	2421	1745	n
17689370	2422	1744	n
17689625	2421	1744	n
17689881	2421	1744	n
17690132	2419	1744	n
17700514	2419	1744	n
17700769	2419	1743	n
17701020	2419	1744	n
17701271	2417	1744	n
17701529	2419	1744	n
17701784	2419	1744	n
17712207	2420	1744	n
17712458	2419	1744	n
17712714	2421	1744	n
17712965	2421	1744	n
17713216	2421	1744	n
17713467	2421	1745	n
17723851	2421	1744	n
17724102	2421	1744	n
17724353	2421	1744	n
17724608	2421	1744	n
17724863	2423	1744	n
17725114	2419	1744	n
17735548	2422	1744	n
17735803	2423	1744	n
17736055	2421	1745	n
17736306	2423	1744	n
17736563	2422	1744	n
17736818	2422	1744	n
17747225	2421	1745	n
17747476	2423	1744	n
17747732	2421	1745	n
17747983	2421	1744	n
17748234	2422	1744	n
17748485	2419	1744	n
17748744	2423	1744	n
17759162	2420	1744	n
17759413	2423	1744	n
17759669	2421	1745	n
17759920	2422	1744	n
17760171	2419	1744	n
17760422	2421	1744	n
17770805	2422	1744	n
17771056	2421	1744	n
17771308	2423	1744	n
17771562	2421	1744	n
17771818	2421	1744	n
17772069	2420	1744	n
17782504	2423	1744	n
17782759	2421	1745	n
17783010	2421	1744	n
17783262	2422	1744	n
17783515	2421	1744	n
17783770	2421	1744	n
17794127	2421	1744	n
17794378	2419	1744	n
17794639	2421	1745	n
17794890	2421	1745	n
17795141	2421	1744	n
17795392	2421	1744	n
17805753	2422	1744	n
17806004	2419	1744	n
17806256	2419	1744	n
17806511	2422	1744	n
17806766	2420	1744	n
17807017	2419	1744	n
17817432	2422	1745	n
17817688	2421	1744	n
17817939	2421	1744	n
17818190	2421	1744	n
17818441	2422	1744	n
17818701	2421	1744	n
17818952	2422	1744	n
17829369	2423	1745	n
17829625	2422	1744	n
17829881	2421	1744	n
17830132	2420	1744	n
17830383	2421	1744	n
17830640	2421	1744	n
17841012	2421	1744	n
17841264	2422	1744	n
17841517	2419	1744	n
17841773	2419	1744	n
17842024	2420	1744	n
17842275	2421	1744	n
17852712	2422	1744	n
17852964	2421	1744	n
17853215	2421	1745	n
17853466	2420	1744	n
17853722	2422	1744	n
17853973	2419	1744	n
17864335	2422	1744	n
17864591	2421	1744	n
17864846	2421	1744	n
17865097	2419	1744	n
17865348	2422	1744	n
17865601	2423	1744	n
17876047	2422	1745	n
17876298	2420	1744	n
17876551	2421	1744	n
17876807	2421	1744	n
17877058	2419	1744	n
17877309	2419	1744	n
17887726	2423	1744	n
17887977	2420	1744	n
17888228	2420	1744	n
17888480	2419	1744	n
17888735	2421	1745	n
17888987	2422	1744	n
17889238	2419	1744	n
17899667	2418	1744	n
17899918	2418	1743	n
17900169	2419	1744	n
17900420	2419	1744	n
17900676	2420	1744	n
17900927	2422	1744	n
17911306	2421	1744	n
17911562	2421	1744	n
17911817	2421	1744	n
17912068	2421	1745	n
17912319	2419	1744	n
17912576	2421	1744	n
17923002	2417	1744	n
17923253	2419	1744	n
17923508	2421	1743	n
17923764	2419	1744	n
17924015	2419	1744	n
17924266	2419	1744	n
17934701	2419	1744	n
17934953	2421	1744	n
17935204	2419	1743	n
17935455	2418	1744	n
17935711	2419	1744	n
17935962	2421	1744	n
17946324	2420	1744	n
17946579	2420	1744	n
17946835	2422	1744	n
17947086	2423	1745	n
17947337	2422	1744	n
17947594	2423	1744	n
17947849	2421	1744	n
17958227	2422	1744	n
17958478	2421	1745	n
17958733	2420	1744	n
17958984	2421	1744	n
17959236	2419	1744	n
17959487	2421	1745	n
17969871	2419	1744	n
17970122	2419	1744	n
17970373	2421	1744	n
17970631	2418	1744	n
17970882	2419	1744	n
17971133	2421	1744	n
17981516	2421	1744	n
17981838	2421	1744	n
17982089	2418	1744	n
17982349	2421	1744	n
17982632	2421	1744	n
17982883	2420	1744	n
17993296	2423	1744	n
17993791	2421	1744	n
17994064	2420	1744	n
17994315	2419	1744	n
17994568	2421	1745	n
17994832	2421	1744	n
18005224	2421	1744	Time:00:00:00:00;;
18005921	2422	1744	n
18006172	2423	1745	n
18006454	2422	1744	n
18006710	2421	1744	n
18006961	2422	1744	n
18017359	2420	1743	n
18017875	2419	1744	n
18018126	2421	1744	n
18018377	2422	1744	n
18018636	2421	1744	n
18018918	2419	1744	n
18029313	2421	1744	n
18029797	2421	1744	n
18030048	2421	1744	n
18030308	2419	1744	n
18030584	2420	1745	n
18030840	2419	1744	n
18031091	2419	1744	n
18041458	2421	1744	n
18041970	2421	1745	n
18042222	2422	1745	n
18042473	2423	1744	n
18042737	2422	1744	n
18043011	2422	1744	n
18053412	2422	1744	n
18053897	2419	1744	n
18054156	2419	1744	n
18054430	2422	1744	n
18054686	2423	1745	n
18054937	2423	1744	n
18065366	2421	1745	Time:00:00:00:00;;
18066096	2420	1744	n
18066347	2421	1743	n
18066609	2421	1744	n
18066887	2421	1744	n
18067138	2421	1744	n
18077565	2422	1744	n
18078056	2419	1744	n
18078330	2421	1744	n
18078583	2421	1745	n
18078838	2419	1744	n
18079098	2418	1744	n
18089531	2422	1744	n
18090011	2421	1744	n
18090263	2422	1744	n
18090516	2419	1744	n
18090803	2422	1744	n
18091054	2422	1744	n
18091305	2421	1744	n
18101750	2419	1744	n
18102258	2422	1744	n
18102514	2421	1744	n
18102770	2421	1744	n
18103021	2419	1744	n
18103303	2421	1744	n
18113705	2420	1744	n
18114187	2421	1744	n
18114438	2420	1744	n
18114730	2421	1744	n
18114981	2419	1744	n
18115232	2422	1744	n
18125658	2419	1744	n
18126167	2420	1744	n
18126418	2420	1744	n
18126674	2419	1744	n
18126925	2421	1744	n
18127207	2419	1744	n
18127458	2419	1744	n
18137886	2422	1744	n
18138362	2421	1744	n
18138649	2422	1744	n
18138900	2419	1744	n
18139152	2421	1744	n
18139403	2422	1744	n
18149839	2420	1744	n
18150325	2421	1744	n
18150579	2419	1744	n
18150835	2421	1744	n
18151117	2421	1744	n
18151368	2420	1744	n
18161776	2421	1744	n
18162260	2420	1745	n
18162525	2420	1744	n
18162803	2418	1744	n
18163054	2419	1744	n
18163305	2419	1744	n
18163568	2419	1742	n
18174023	2423	1745	n
18174511	2423	1745	n
18174766	2421	1744	n
18175026	2419	1744	n
18175300	2420	1744	n
18175557	2421	1744	n
18185978	2421	1745	n
18186465	2419	1744	n
18186743	2421	1744	n
18186994	2419	1744	n
18187245	2422	1744	n
18187509	2419	1744	n
18197898	2419	1744	n
18198379	2420	1744	n
18198638	2421	1743	n
18198898	2419	1744	n
18199173	2417	1744	n
18199424	2419	1744	n
18199679	2419	1744	n
18210076	2421	1744	n
18210586	2421	1744	n
18210842	2421	1744	n
18211093	2421	1744	n
18211353	2419	1744	Time:00:00:00:00;;
18221980	2422	1744	n
18222253	2421	1744	n
18222508	2421	1744	n
18222764	2421	1744	n
18223015	2422	1744	n
18223266	2422	1744	n
18233675	2419	1744	n
18233926	2419	1744	n
18234178	2419	1744	n
18234429	2418	1744	n
18234684	2421	1744	n
18234935	2417	1744	n
18235186	2420	1744	n
18245618	2420	1744	n
18245873	2418	1744	n
18246124	2416	1744	n
18246375	2419	1744	n
18246637	2421	1744	n
18246888	2419	1744	n
18257255	2421	1744	n
18257511	2421	1744	n
18257766	2422	1744	n
18258017	2421	1744	n
18258269	2421	1744	n
18258525	2421	1744	n
18268951	2421	1744	n
18269202	2421	1744	n
18269453	2419	1744	n
18269710	2421	1744	n
18269961	2423	1744	n
18270212	2422	1744	n
18280651	2418	1744	n
18280902	2421	1747	n
18281153	2419	1744	n
18281404	2421	1744	n
18281663	2421	1744	n
18281914	2421	1744	n
18292272	2422	1744	n
18292528	2418	1744	n
18292784	2420	1743	n
18293035	2419	1744	n
18293286	2419	1744	n
18293542	2420	1744	n
18293797	2419	1744	n
18304176	2421	1744	n
18304427	2421	1744	n
18304683	2421	1744	n
18304934	2419	1744	n
18305185	2419	1744	n
18305436	2420	1744	n
18315819	2420	1744	n
18316070	2421	1744	n
18316321	2421	1745	n
18316576	2421	1744	n
18316831	2423	1744	n
18317082	2420	1744	n
18327462	2421	1744	n
18327718	2419	1744	n
18327969	2422	1744	n
18328220	2421	1744	n
18328471	2423	1745	n
18328727	2422	1744	n
18339158	2418	1744	n
18339409	2419	1744	n
18339667	2421	1744	n
18339918	2419	1744	n
18340169	2420	1744	n
18340420	2419	1744	n
18350853	2421	1744	n
18351105	2419	1744	n
18351356	2422	1745	n
18351610	2419	1744	n
18351866	2421	1744	n
18352117	2421	1744	n
18362480	2419	1744	n
18362737	2421	1744	n
18362988	2419	1744	n
18363239	2418	1744	n
18363491	2419	1744	n
18363747	2419	1743	n
18363998	2423	1744	n
18374383	2420	1744	n
18374640	2421	1745	n
18374891	2421	1744	n
18375142	2420	1744	n
18375394	2423	1744	n
18375654	2419	1744	n
18386027	2420	1744	n
18386278	2420	1744	n
18386531	2421	1744	n
18386787	2422	1744	n
18387038	2421	1744	n
18387289	2419	1744	n
18397675	2420	1744	n
18397926	2422	1744	n
18398177	2423	1744	n
18398428	2422	1744	n
18398684	2421	1744	n
18398935	2422	1744	n
18409366	2420	1744	n
18409619	2419	1744	n
18409874	2417	1744	n
18410126	2419	1744	n
18410377	2418	1744	n
18410636	2419	1744	n
18421061	2418	1744	n
18421313	2422	1744	n
18421566	2421	1744	n
18421821	2421	1744	n
18422072	2421	1744	n
18422323	2421	1744	n
18432692	2421	1744	n
18432943	2421	1744	n
18433194	2420	1745	n
18433445	2421	1744	n
18433702	2422	1744	n
18433953	2419	1744	n
18434204	2421	1744	n
18444594	2422	1744	n
18444849	2419	1744	n
18445100	2421	1744	n
18445351	2421	1744	n
18445609	2420	1744	n
18445864	2419	1744	n
18456234	2418	1744	n
18456485	2420	1744	n
18456744	2421	1744	n
18456995	2421	1744	n
18457246	2423	1744	n
18457501	2422	1744	n
18467877	2421	1744	n
18468128	2420	1744	n
18468380	2420	1744	n
18468638	2421	1745	n
18468889	2422	1744	n
18469140	2421	1744	n
18479576	2423	1744	n
18479831	2420	1744	n
18480082	2423	1744	n
18480333	2422	1744	n
18480586	2422	1744	n
18480841	2421	1745	n
18491268	2421	1745	n
18491525	2422	1746	n
18491780	2422	1744	n
18492031	2419	1744	n
18492283	2421	1744	n
18492540	2422	1744	n
18502964	2419	1744	n
18503215	2420	1744	n
18503467	2423	1744	n
18503722	2421	1744	n
18503973	2419	1744	n
18504224	2421	1744	n
18504476	2421	1744	n
18514884	2423	1744	n
18515135	2422	1744	n
18515386	2421	1744	n
18515643	2421	1744	n
18515894	2422	1744	n
18516145	2421	1744	n
18526531	2421	1745	n
18526785	2421	1744	n
18527036	2422	1744	n
18527287	2423	1744	n
18527542	2423	1744	n
18527797	2422	1744	n
18538154	2421	1744	n
18538406	2422	1744	n
18538664	2420	1744	n
18538915	2420	1744	n
18539166	2423	1744	n
18539417	2421	1743	n
18549781	2419	1744	n
18550032	2421	1744	n
18550283	2421	1744	n
18550539	2421	1744	n
18550795	2420	1744	n
18551046	2418	1744	n
18561476	2422	1744	n
18561732	2418	1744	n
18561983	2423	1744	n
18562234	2421	1744	n
18562485	2420	1744	n
18562744	2419	1744	n
18573102	2423	1745	n
18573354	2421	1744	n
18573610	2421	1744	n
18573866	2422	1745	n
18574117	2423	1744	n
18574368	2419	1744	n
18574621	2420	1744	n
18585006	2420	1744	n
18585257	2420	1744	n
18585511	2421	1744	n
18585766	2419	1744	n
18586017	2421	1744	n
18586268	2419	1744	n
18596654	2421	1744	n
18596905	2418	1744	n
18597156	2419	1744	n
18597407	2419	1744	n
18597668	2421	1744	n
18597919	2419	1744	n
18608292	2419	1744	n
18608548	2422	1744	n
18608804	2422	1744	n
18609055	2423	1744	n
18609306	2421	1744	n
18609563	2422	1744	n
18619988	2420	1744	n
18620239	2423	1744	n
18620491	2422	1745	n
18620747	2421	1744	n
18620998	2422	1744	n
18621249	2422	1744	n
18631688	2419	1744	n
18631939	2421	1744	n
18632190	2422	1744	n
18632441	2421	1744	n
18632701	2422	1744	n
18632952	2419	1744	n
18643310	2420	1744	n
18643565	2419	1744	n
18643820	2419	1744	n
18644071	2419	1744	n
18644322	2421	1744	n
18644576	2422	1744	n
18644832	2420	1744	n
18655213	2422	1744	n
18655464	2421	1745	n
18655719	2421	1744	n
18655970	2423	1744	n
18656221	2423	1744	n
18656472	2425	1744	n
18666857	2423	1745	n
18667108	2422	1744	n
18667359	2421	1744	n
18667614	2422	1744	n
18667869	2422	1744	n
18668120	2423	1744	n
18678504	2420	1744	n
18678759	2420	1744	n
18679011	2418	1744	n
18679262	2420	1744	n
18679515	2421	1744	n
18679770	2419	1744	n
18690196	2421	1744	n
18690447	2421	1744	n
18690708	2423	1744	n
18690959	2422	1744	n
18691211	2420	1744	n
18691462	2421	1744	n
18701891	2420	1745	n
18702142	2423	1744	n
18702394	2421	1744	n
18702654	2422	1744	n
18702905	2422	1745	n
18703156	2421	1746	n
18713522	2422	1745	n
18713778	2421	1744	n
18714029	2421	1744	n
18714280	2421	1744	n
18714533	2421	1745	n
18714789	2422	1745	n
18715040	2419	1744	n
18725421	2419	1744	n
18725676	2419	1744	n
18725927	2421	1744	n
18726178	2419	1744	n
18726430	2419	1745	n
18726685	2419	1745	n
18737064	2421	1744	n
18737315	2421	1745	n
18737568	2421	1745	n
18737823	2421	1744	n
18738075	2422	1744	n
18738326	2419	1744	n
18748712	2423	1744	n
18748963	2422	1745	n
18749214	2422	1744	n
18749465	2422	1746	n
18749721	2423	1744	n
18749972	2422	1744	n
18760403	2419	1744	n
18760662	2421	1744	n
18760913	2420	1745	n
18761164	2419	1744	n
18761416	2421	1743	n
18761671	2421	1744	n
18772098	2421	1744	n
18772350	2419	1744	n
18772603	2421	1744	n
18772858	2419	1744	n
18773109	2422	1744	n
18773360	2419	1744	n
18783725	2422	1744	n
18783976	2419	1744	n
18784228	2420	1744	n
18784479	2421	1744	n
18784735	2421	1745	n
18784986	2419	1744	n
18785237	2421	1744	n
18795636	2420	1745	n
18795887	2423	1745	n
18796138	2421	1744	n
18796389	2421	1744	n
18796649	2421	1744	n
18796900	2421	1744	n
18807272	2422	1745	n
18807528	2421	1744	n
18807784	2419	1744	n
18808035	2421	1744	n
18808286	2421	1744	n
18808543	2422	1744	n
18818915	2418	1744	n
18819166	2421	1744	n
18819418	2422	1744	n
18819673	2422	1744	n
18819924	2421	1744	n
18820175	2422	1744	n
18830613	2422	1744	n
18830868	2423	1745	n
18831119	2423	1743	n
18831370	2422	1744	n
18831626	2421	1744	n
18831881	2421	1745	n
18842306	2419	1744	n
18842562	2422	1746	n
18842817	2421	1744	n
18843068	2421	1744	n
18843320	2421	1744	n
18843576	2421	1744	n
18854002	2420	1744	n
18854253	2420	1744	n
18854508	2422	1744	n
18854764	2422	1744	n
18855015	2422	1744	n
18855266	2420	1744	n
18855522	2420	1744	n
18865922	2422	1745	n
18866173	2421	1744	n
18866424	2423	1744	n
18866680	2422	1744	n
18866931	2421	1744	n
18867182	2418	1744	n
18877568	2423	1745	n
18877823	2423	1744	n
18878074	2423	1745	n
18878325	2424	1745	n
18878580	2422	1745	n
18878836	2425	1745	n
18889261	2423	1744	n
18889514	2421	1744	n
18889770	2422	1744	n
18890021	2421	1744	n
18890272	2421	1744	n
18890529	2421	1744	n
18900904	2421	1744	n
18901155	2422	1744	n
18901406	2422	1744	n
18901667	2422	1745	n
18901918	2419	1744	n
18902169	2419	1745	n
18912599	2423	1744	n
18912855	2421	1744	n
18913106	2421	1744	n
18913357	2419	1744	n
18913611	2422	1746	n
18913866	2421	1744	n
18924278	2422	1745	n
18924531	2422	1744	n
18924787	2423	1744	n
18925038	2422	1745	n
18925289	2423	1744	n
18925546	2422	1744	n
18925802	2422	1744	n
18936216	2421	1744	n
18936467	2425	1745	n
18936722	2422	1745	n
18936973	2422	1744	n
18937224	2421	1744	n
18937475	2421	1744	n
18947858	2421	1744	n
18948109	2421	1744	n
18948361	2422	1746	n
18948618	2422	1744	n
18948873	2421	1744	n
18949124	2421	1744	n
18959559	2421	1745	n
18959814	2422	1744	n
18960065	2419	1744	n
18960317	2420	1744	n
18960574	2420	1744	n
18960829	2420	1744	n
18971249	2421	1744	n
18971504	2420	1744	n
18971759	2419	1744	n
18972010	2421	1744	n
18972262	2419	1744	n
18972515	2421	1744	n
18982893	2418	1744	n
18983234	2419	1745	n
18983518	2422	1744	n
18983773	2419	1744	n
18984024	2420	1744	n
18984275	2421	1745	n
18984563	2419	1744	n
18994952	2421	1744	n
18995429	2422	1746	n
18995684	2421	1744	n
18995944	2421	1745	n
18996218	2421	1744	n
18996469	2422	1744	n
19006836	2419	1744	Time:00:00:00:00;;
19007539	2423	1744	n
19007817	2422	1744	n
19008068	2423	1744	n
19008328	2423	1745	n
19018731	2421	1744	n
19019208	2419	1744	n
19019459	2418	1744	n
19019715	2421	1744	n
19019997	2421	1745	n
19020248	2423	1744	n
19020504	2422	1744	n
19030917	2420	1744	n
19031424	2420	1744	n
19031679	2421	1744	n
19031930	2421	1745	n
19032181	2421	1744	n
19032463	2422	1744	n
19042855	2421	1744	n
19043332	2420	1744	n
19043586	2422	1744	n
19043850	2421	1744	n
19044125	2421	1744	n
19044376	2422	1744	n
19054775	2422	1745	n
19055262	2422	1745	n
19055539	2423	1744	n
19055795	2422	1745	n
19056046	2423	1745	n
19056306	2422	1744	n
19056583	2423	1744	n
19066970	2423	1744	Time:00:00:00:00;;
19067681	2422	1744	n
19067955	2423	1745	n
19068207	2421	1744	n
19068458	2421	1744	n
19078872	2421	1744	n
19079381	2421	1744	n
19079638	2421	1744	n
19079889	2419	1744	n
19080149	2419	1744	n
19080423	2418	1744	n
19080679	2422	1744	n
19091034	2418	1744	n
19091514	2419	1744	n
19091800	2419	1744	n
19092051	2421	1744	n
19092302	2418	1744	n
19092559	2419	1744	n
19102988	2420	1744	n
19103474	2423	1744	n
19103729	2421	1744	n
19103981	2421	1744	n
19104241	2421	1745	n
19104516	2419	1744	n
19114925	2418	1745	n
19115408	2419	1743	n
19115677	2419	1744	n
19115950	2422	1744	n
19116201	2419	1744	n
19116452	2418	1744	n
19116718	2421	1744	n
19127172	2419	1745	n
19127658	2421	1744	n
19127909	2419	1744	n
19128170	2421	1744	n
19128443	2419	1743	n
19128702	2419	1744	n
19139127	2422	1745	n
19139614	2420	1744	n
19139892	2422	1744	n
19140143	2421	1744	n
19140394	2422	1744	n
19140663	2419	1744	n
19151047	2420	1744	n
19151528	2421	1744	n
19151784	2421	1744	n
19152044	2422	1744	n
19152317	2419	1744	n
19152573	2422	1744	n
19152829	2423	1744	n
19163225	2422	1744	n
19163750	2421	1744	n
19164001	2419	1744	n
19164252	2421	1744	n
19164514	2421	1744	n
19164792	2420	1744	n
19175179	2420	1744	n
19175670	2419	1744	n
19175929	2419	1744	n
19176203	2419	1743	n
19176454	2419	1744	n
19176710	2419	1744	n
19187099	2421	1744	n
19187615	2423	1744	n
19187870	2421	1744	n
19188121	2421	1744	n
19188373	2419	1744	n
19188663	2422	1744	n
19188914	2422	1744	n
19199277	2423	1744	n
19199768	2421	1745	n
19200050	2422	1744	n
19200302	2419	1744	n
19200557	2421	1744	n
19200812	2419	1744	n
19211232	2421	1744	Time:00:00:00:00;;
19211940	2422	1744	n
19212191	2421	1744	n
19212451	2420	1744	n
19212731	2421	1744	n
19212982	2419	1744	n
19223342	2422	1744	n
19223596	2421	1744	n
19223852	2419	1744	n
19224103	2422	1744	n
19224354	2419	1744	n
19224611	2421	1744	n
19234985	2421	1744	n
19235237	2419	1744	n
19235488	2420	1744	n
19235744	2421	1744	n
19235995	2423	1744	n
19236246	2421	1744	n
19246685	2420	1744	n
19246937	2421	1744	n
19247188	2419	1743	n
19247439	2420	1743	n
19247695	2421	1744	n
19247946	2420	1744	n
19258307	2419	1744	n
19258562	2422	1744	n
19258817	2421	1744	n
19259068	2420	1744	n
19259319	2419	1744	n
19259576	2421	1744	n
19270019	2420	1744	n
19270270	2420	1744	n
19270525	2421	1744	n
19270780	2421	1744	n
19271032	2421	1744	n
19271283	2421	1744	n
19281698	2422	1745	n
19281949	2421	1744	n
19282200	2421	1744	n
19282451	2419	1745	n
19282709	2421	1744	n
19282960	2422	1744	n
19283211	2420	1744	n
19293642	2421	1744	n
19293893	2419	1744	n
19294144	2421	1744	n
19294396	2421	1744	n
19294654	2421	1744	n
19294905	2420	1744	n
19305278	2422	1744	n
19305532	2421	1744	n
19305787	2419	1744	n
19306038	2422	1744	n
19306290	2420	1744	n
19306545	2421	1744	n
19316974	2421	1744	n
19317225	2421	1744	n
19317476	2423	1744	n
19317732	2421	1744	n
19317983	2420	1744	n
19318234	2421	1744	n
19328674	2420	1744	n
19328925	2421	1744	n
19329176	2421	1744	n
19329427	2420	1746	n
19329683	2419	1744	n
19329934	2421	1745	n
19340296	2419	1744	n
19340549	2419	1744	n
19340805	2421	1744	n
19341056	2421	1744	n
19341307	2420	1744	n
19341562	2421	1744	n
19341817	2421	1744	n
19352199	2421	1744	n
19352450	2419	1744	n
19352708	2418	1744	n
19352959	2420	1744	n
19353210	2419	1744	n
19353461	2417	1744	n
19363843	2421	1744	n
19364094	2419	1744	n
19364345	2423	1744	n
19364600	2421	1744	n
19364855	2422	1744	n
19365106	2422	1744	n
19375487	2420	1744	n
19375744	2421	1744	n
19375995	2422	1745	n
19376246	2421	1744	n
19376501	2421	1744	n
19376757	2422	1744	n
19387182	2418	1744	n
19387433	2421	1744	n
19387689	2421	1744	n
19387940	2419	1744	n
19388191	2421	1744	n
19388442	2421	1743	n
19398877	2421	1744	n
19399128	2421	1744	n
19399380	2421	1744	n
19399638	2421	1744	n
19399889	2420	1744	n
19400140	2421	1744	n
19410508	2421	1745	n
19410764	2421	1744	n
19411015	2422	1744	n
19411266	2422	1744	n
19411522	2419	1744	n
19411778	2422	1744	n
19412029	2420	1744	n
19422407	2421	1744	n
19422667	2421	1744	n
19422918	2420	1744	n
19423169	2421	1744	n
19423421	2419	1744	n
19423676	2422	1744	n
19434051	2422	1744	n
19434302	2421	1744	n
19434557	2419	1744	n
19434812	2420	1744	n
19435063	2421	1744	n
19435314	2420	1744	n
19445698	2421	1744	n
19445949	2419	1744	n
19446200	2419	1744	n
19446451	2419	1744	n
19446709	2420	1744	n
19446960	2422	1745	n
19457389	2421	1744	n
19457649	2422	1745	n
19457900	2421	1744	n
19458151	2421	1744	n
19458402	2423	1744	n
19458663	2422	1744	n
19469084	2421	1744	n
19469336	2420	1744	n
19469591	2422	1744	n
19469846	2419	1744	n
19470097	2419	1744	n
19470348	2421	1744	n
19480711	2420	1744	n
19480963	2420	1744	n
19481214	2419	1744	n
19481465	2421	1744	n
19481721	2422	1744	n
19481972	2422	1744	n
19482223	2419	1744	n
19492617	2420	1744	n
19492872	2421	1744	n
19493124	2423	1745	n
19493375	2422	1744	n
19493636	2421	1744	n
19493887	2422	1745	n
19504258	2423	1745	n
19504514	2422	1744	n
19504770	2421	1744	n
19505021	2421	1744	n
19505272	2421	1745	n
19505529	2422	1745	n
19515901	2423	1744	n
19516152	2421	1745	n
19516403	2421	1744	n
19516662	2421	1744	n
19516913	2422	1744	n
19517164	2421	1744	n
19527600	2422	1744	n
19527855	2421	1744	n
19528106	2421	1744	n
19528357	2423	1745	n
19528611	2422	1744	n
19528867	2421	1744	n
19539292	2419	1744	n
19539548	2420	1744	n
19539804	2421	1744	n
19540055	2420	1744	n
19540306	2417	1744	n
19540563	2419	1744	n
19550988	2421	1744	n
19551239	2419	1744	n
19551492	2421	1744	n
19551748	2422	1744	n
19551999	2420	1744	n
19552250	2421	1744	n
19552504	2421	1744	n
19562908	2420	1744	n
19563159	2419	1744	n
19563410	2420	1744	n
19563667	2418	1744	n
19563918	2420	1744	n
19564169	2418	1744	n
19574556	2421	1744	n
19574811	2418	1744	n
19575063	2421	1744	n
19575314	2420	1744	n
19575567	2420	1744	n
19575822	2420	1744	n
19586247	2421	1744	n
19586504	2422	1744	n
19586760	2421	1744	n
19587011	2421	1744	n
19587262	2421	1744	n
19587515	2422	1744	n
19597891	2421	1744	n
19598142	2421	1744	n
19598393	2420	1744	n
19598654	2422	1744	n
19598905	2422	1744	n
19599156	2421	1744	n
19609586	2421	1744	n
19609841	2421	1744	n
19610093	2419	1744	n
19610344	2419	1744	n
19610600	2421	1744	n
19610855	2419	1744	n
19621265	2419	1744	n
19621522	2421	1743	n
19621778	2421	1744	n
19622029	2420	1744	n
19622280	2422	1744	n
19622533	2418	1744	n
19622789	2420	1744	n
19633202	2423	1744	n
19633453	2419	1745	n
19633709	2422	1744	n
19633960	2419	1744	n
19634212	2423	1744	n
19634463	2419	1744	n
19644845	2419	1744	n
19645097	2418	1745	n
19645348	2419	1744	n
19645601	2419	1744	n
19645856	2420	1744	n
19646107	2419	1744	n
19656545	2419	1744	n
19656801	2421	1744	n
19657052	2422	1744	n
19657303	2420	1744	n
19657559	2421	1744	n
19657815	2421	1744	n
19668236	2423	1744	n
19668488	2423	1744	n
19668744	2422	1744	n
19668996	2421	1744	n
19669247	2421	1744	n
19669502	2422	1744	n
19679879	2421	1744	n
19680131	2422	1745	n
19680382	2421	1745	n
19680639	2423	1744	n
19680890	2422	1745	n
19681141	2423	1744	n
19691558	2421	1744	n
19691814	2419	1744	n
19692065	2419	1744	n
19692316	2421	1744	n
19692569	2422	1744	n
19692824	2419	1744	n
19693075	2419	1744	n
19703501	2422	1744	n
19703757	2422	1744	n
19704008	2419	1745	n
19704259	2421	1744	n
19704514	2422	1743	n
19704769	2420	1744	n
19715138	2422	1744	n
19715389	2421	1744	n
19715649	2422	1744	n
19715900	2419	1744	n
19716151	2421	1745	n
19716402	2422	1745	n
19726834	2421	1744	n
19727085	2421	1744	n
19727336	2421	1744	n
19727591	2421	1744	n
19727846	2420	1744	n
19728098	2420	1744	n
19738531	2421	1744	n
19738787	2421	1744	n
19739038	2421	1744	n
19739289	2419	1745	n
19739546	2421	1744	n
19739801	2421	1744	n
19750225	2419	1744	n
19750476	2421	1744	n
19750732	2421	1744	n
19750983	2421	1744	n
19751234	2419	1744	n
19751485	2421	1744	n
19751744	2421	1744	n
19762146	2423	1744	n
19762397	2421	1744	n
19762655	2423	1744	n
19762906	2421	1744	n
19763157	2420	1744	n
19763408	2421	1743	n
19773788	2422	1744	n
19774039	2421	1744	n
19774290	2422	1745	n
19774545	2421	1744	n
19774801	2422	1745	n
19775052	2422	1744	n
19785415	2422	1743	n
19785671	2421	1744	n
19785922	2422	1745	n
19786174	2419	1744	n
19786425	2419	1745	n
19786680	2421	1744	n
19797042	2423	1745	n
19797293	2422	1744	n
19797548	2420	1744	n
19797803	2423	1744	n
19798055	2421	1744	n
19798306	2422	1744	n
19808737	2422	1745	n
19808989	2423	1744	n
19809240	2423	1744	n
19809492	2420	1744	n
19809748	2421	1744	n
19809999	2420	1744	n
19820364	2421	1744	n
19820618	2422	1745	n
19820873	2420	1744	n
19821124	2421	1744	n
19821375	2420	1744	n
19821636	2422	1742	n
19821887	2422	1744	n
19832267	2420	1744	n
19832522	2421	1746	n
19832778	2421	1744	n
19833029	2421	1744	n
19833280	2419	1744	n
19833533	2421	1744	n
19843911	2420	1744	n
19844162	2422	1744	n
19844413	2421	1743	n
19844669	2422	1744	n
19844921	2421	1744	n
19845172	2421	1745	n
19855559	2420	1744	n
19855814	2422	1744	n
19856065	2419	1744	n
19856316	2419	1744	n
19856574	2420	1744	n
19856829	2419	1744	n
19867249	2420	1744	n
19867505	2420	1744	n
19867760	2419	1744	n
19868011	2421	1744	n
19868262	2421	1744	n
19868515	2419	1744	n
19878944	2421	1744	n
19879196	2421	1744	n
19879447	2420	1744	n
19879704	2422	1744	n
19879955	2422	1744	n
19880206	2419	1744	n
19890571	2421	1744	n
19890827	2419	1744	n
19891078	2419	1744	n
19891329	2419	1744	n
19891583	2422	1744	n
19891838	2421	1744	n
19892089	2421	1744	n
19902474	2422	1744	n
19902729	2421	1744	n
19902980	2420	1744	n
19903232	2420	1744	n
19903483	2421	1744	n
19903739	2421	1744	n
19914118	2419	1744	n
19914369	2422	1744	n
19914626	2421	1744	n
19914881	2422	1744	n
19915132	2421	1744	n
19915383	2418	1744	n
19925766	2419	1744	n
19926017	2419	1744	n
19926268	2419	1744	n
19926525	2420	1744	n
19926781	2421	1744	n
19927032	2419	1744	n
19937457	2422	1744	n
19937712	2423	1744	n
19937963	2419	1744	n
19938215	2419	1745	n
19938466	2421	1744	n
19938721	2420	1745	n
19949152	2422	1744	n
19949404	2421	1744	n
19949662	2422	1744	n
19949913	2421	1744	n
19950164	2422	1744	n
19950416	2421	1744	n
19960779	2421	1744	n
19961030	2418	1744	n
19961282	2419	1744	n
19961535	2421	1744	n
19961790	2418	1744	n
19962041	2421	1744	n
19962292	2420	1744	n
19972686	2420	1744	n
19972937	2420	1744	n
19973189	2420	1744	n
19973440	2422	1744	n
19973696	2422	1743	n
19973947	2420	1744	n
19984326	2421	1744	n
19984726	2423	1745	n
19984977	2422	1744	n
19985228	2423	1744	n
19985480	2421	1744	n
19985767	2422	1744	n
19996193	2421	1744	n
19996678	2420	1744	n
19996929	2421	1744	n
19997211	2423	1745	n
19997462	2418	1744	n
19997718	2421	1744	n
20008147	2419	1744	Time:00:00:00:00;;
20008878	2421	1744	n
20009129	2419	1744	n
20009381	2422	1744	n
20009669	2422	1744	n
20009920	2421	1744	n
20020343	2421	1744	n
20020827	2419	1744	n
20021109	2420	1744	n
20021360	2421	1744	n
20021615	2419	1744	n
20021870	2421	1744	n
20032297	2421	1744	n
20032789	2422	1744	n
20033041	2421	1744	n
20033292	2422	1744	n
20033556	2423	1744	n
20033835	2421	1745	n
20034086	2422	1745	n
20044442	2422	1744	n
20044937	2423	1744	n
20045211	2422	1744	n
20045462	2421	1744	n
20045717	2423	1745	n
20045977	2422	1744	n
20056405	2421	1744	n
20056891	2423	1744	n
20057142	2420	1744	n
20057402	2421	1744	n
20057686	2421	1744	n
20057937	2422	1744	n
20068349	2422	1744	Time:00:00:00:00;;
20069060	2421	1745	n
20069333	2423	1745	n
20069586	2421	1744	n
20069850	2423	1745	n
20070124	2422	1744	n
20080497	2423	1746	n
20080978	2421	1745	n
20081229	2423	1744	n
20081514	2422	1744	n
20081770	2421	1744	n
20082021	2421	1744	n
20092413	2422	1744	n
20092925	2419	1745	n
20093177	2420	1744	n
20093428	2419	1745	n
20093683	2419	1744	n
20093966	2421	1744	n
20104351	2421	1744	n
20104837	2422	1744	n
20105088	2422	1744	n
20105348	2422	1744	n
20105626	2420	1744	n
20105881	2420	1745	n
20106132	2419	1744	n
20116548	2422	1744	n
20117067	2419	1745	n
20117318	2422	1744	n
20117573	2421	1745	n
20117837	2421	1744	n
20118111	2421	1744	n
20128556	2421	1744	n
20129037	2419	1744	n
20129297	2420	1744	n
20129576	2421	1744	n
20129831	2420	1744	n
20130082	2422	1744	n
20130342	2416	1744	n
20140785	2421	1744	n
20141261	2419	1744	n
20141514	2419	1744	n
20141778	2421	1744	n
20142052	2419	1744	n
20142303	2420	1744	n
20152673	2420	1744	n
20153159	2422	1744	n
20153440	2421	1744	n
20153696	2419	1744	n
20153947	2419	1744	n
20154207	2421	1744	n
20164613	2421	1745	n
20165094	2422	1744	n
20165345	2418	1744	n
20165600	2418	1744	n
20165888	2421	1744	n
20166139	2419	1744	n
20166390	2419	1744	n
20176753	2419	1744	n
20177265	2421	1744	n
20177523	2421	1744	n
20177778	2421	1744	n
20178030	2421	1744	n
20178312	2421	1744	n
20188725	2421	1744	n
20189204	2420	1744	n
20189455	2418	1744	n
20189720	2422	1744	n
20189993	2420	1744	n
20190244	2419	1744	n
20200662	2421	1744	n
20201153	2422	1744	n
20201427	2421	1747	n
20201683	2419	1745	n
20201934	2421	1744	n
20202194	2419	1744	n
20202468	2421	1744	n
20212888	2421	1744	Time:00:00:00:00;;
20213584	2422	1744	n
20213839	2421	1745	n
20214091	2421	1744	n
20214342	2419	1744	n
20224743	2420	1744	n
20224994	2421	1744	n
20225245	2419	1744	n
20225502	2419	1744	n
20225757	2419	1744	n
20226008	2419	1743	n
20236364	2418	1744	n
20236617	2420	1744	n
20236873	2421	1744	n
20237124	2421	1745	n
20237375	2421	1744	n
20237636	2419	1744	n
20248043	2422	1744	n
20248294	2422	1744	n
20248548	2423	1743	n
20248803	2423	1745	n
20249054	2421	1744	n
20249306	2421	1744	n
20249563	2422	1744	n
20259981	2420	1744	n
20260232	2421	1744	n
20260483	2419	1744	n
20260739	2421	1744	n
20260990	2419	1744	n
20261241	2421	1744	n
20271632	2421	1744	n
20271883	2421	1744	n
20272134	2422	1744	n
20272385	2420	1744	n
20272642	2419	1744	n
20272893	2421	1744	n
20283319	2422	1744	n
20283576	2422	1744	n
20283831	2422	1744	n
20284083	2419	1744	n
20284334	2419	1744	n
20284587	2422	1744	n
20295014	2422	1745	n
20295266	2423	1744	n
20295523	2421	1744	n
20295778	2423	1746	n
20296029	2422	1745	n
20296281	2421	1745	n
20306663	2418	1743	n
20306914	2422	1744	n
20307165	2418	1744	n
20307416	2423	1743	n
20307672	2421	1744	n
20307923	2419	1745	n
20318337	2419	1744	n
20318594	2421	1744	n
20318849	2422	1744	n
20319100	2422	1744	n
20319351	2421	1744	n
20319608	2419	1744	n
20319864	2419	1744	n
20330274	2422	1744	n
20330528	2422	1744	n
20330784	2421	1744	n
20331035	2421	1744	n
20331286	2421	1744	n
20331542	2422	1744	n
20341917	2421	1744	n
20342168	2422	1744	n
20342420	2421	1744	n
20342675	2422	1745	n
20342926	2422	1744	n
20343178	2422	1745	n
20353614	2420	1744	n
20353869	2421	1744	n
20354120	2421	1744	n
20354371	2420	1743	n
20354632	2420	1744	n
20354883	2422	1744	n
20365308	2420	1744	n
20365565	2421	1744	n
20365821	2422	1744	n
20366072	2423	1744	n
20366323	2420	1744	n
20366580	2420	1744	n
20377004	2420	1745	n
20377255	2421	1744	n
20377511	2422	1744	n
20377766	2421	1744	n
20378017	2421	1744	n
20378269	2419	1744	n
20378525	2419	1744	n
20388924	2422	1744	n
20389175	2421	1744	n
20389426	2420	1744	n
20389681	2421	1744	n
20389932	2422	1744	n
20390183	2419	1744	n
20400574	2421	1744	n
20400829	2421	1744	n
20401080	2421	1744	n
20401331	2421	1744	n
20401584	2421	1744	n
20401840	2420	1744	n
20412263	2420	1744	n
20412516	2420	1744	n
20412772	2419	1744	n
20413023	2420	1744	n
20413274	2420	1744	n
20413532	2419	1744	n
20423907	2419	1744	n
20424158	2422	1744	n
20424409	2421	1744	n
20424667	2420	1744	n
20424918	2421	1744	n
20425169	2421	1744	n
20435602	2421	1744	n
20435858	2422	1744	n
20436109	2421	1744	n
20436360	2422	1744	n
20436615	2420	1744	n
20436870	2419	1744	n
20447281	2422	1744	n
20447534	2421	1744	n
20447789	2420	1744	n
20448041	2420	1744	n
20448292	2421	1744	n
20448549	2419	1744	n
20448804	2421	1744	n
20459218	2422	1744	n
20459469	2423	1744	n
20459725	2423	1744	n
20459976	2419	1744	n
20460227	2422	1744	n
20460478	2423	1744	n
20470861	2420	1744	n
20471113	2422	1745	n
20471364	2422	1744	n
20471617	2418	1744	n
20471872	2423	1744	n
20472124	2421	1744	n
20482563	2419	1744	n
20482818	2419	1744	n
20483069	2417	1744	n
20483320	2419	1744	n
20483576	2419	1744	n
20483831	2422	1744	n
20494252	2421	1744	n
20494508	2418	1744	n
20494763	2420	1744	n
20495015	2420	1744	n
20495266	2421	1744	n
20495523	2418	1744	n
20505896	2419	1744	n
20506147	2419	1744	n
20506399	2420	1744	n
20506659	2420	1744	n
20506910	2422	1745	n
20507161	2422	1745	n
20517575	2418	1744	n
20517830	2422	1744	n
20518082	2422	1744	n
20518333	2419	1744	n
20518586	2421	1744	n
20518842	2422	1744	n
20519093	2421	1744	n
20529514	2418	1744	n
20529769	2420	1744	n
20530020	2421	1744	n
20530271	2421	1744	n
20530529	2421	1744	n
20530784	2421	1744	n
20541155	2419	1744	n
20541407	2422	1744	n
20541667	2420	1744	n
20541918	2422	1744	n
20542169	2421	1744	n
20542421	2422	1745	n
20552851	2420	1744	n
20553102	2422	1744	n
20553353	2421	1745	n
20553608	2422	1744	n
20553863	2421	1744	n
20554115	2422	1744	n
20564548	2421	1744	n
20564804	2421	1744	n
20565055	2421	1744	n
20565306	2422	1744	n
20565563	2420	1744	n
20565819	2421	1744	n
20576242	2420	1744	n
20576497	2421	1745	n
20576752	2420	1744	n
20577003	2421	1744	n
20577255	2419	1744	n
20577512	2419	1745	n
20577767	2420	1744	n
20588162	2421	1744	n
20588413	2420	1743	n
20588669	2420	1744	n
20588920	2421	1744	n
20589171	2422	1744	n
20589423	2421	1743	n
20599805	2423	1745	n
20600057	2422	1744	n
20600308	2423	1745	n
20600562	2423	1746	n
20600817	2423	1744	n
20601068	2419	1744	n
20611431	2421	1746	n
20611687	2421	1744	n
20611938	2421	1745	n
20612189	2423	1745	n
20612440	2422	1744	n
20612701	2422	1745	n
20623058	2421	1745	n
20623309	2419	1744	n
20623566	2421	1744	n
20623821	2421	1744	n
20624072	2421	1744	n
20624323	2422	1744	n
20634753	2422	1744	n
20635005	2419	1744	n
20635256	2420	1744	n
20635511	2418	1744	n
20635766	2420	1744	n
20636017	2421	1744	n
20646380	2421	1744	n
20646638	2419	1744	n
20646889	2419	1745	n
20647140	2419	1744	n
20647392	2423	1743	n
20647649	2422	1745	n
20647900	2422	1744	n
20658283	2421	1744	n
20658540	2421	1744	n
20658795	2419	1744	n
20659046	2419	1744	n
20659298	2419	1744	n
20659551	2421	1744	n
20669927	2419	1744	n
20670178	2421	1744	n
20670429	2421	1745	n
20670684	2419	1744	n
20670935	2419	1744	n
20671187	2421	1744	n
20681576	2419	1743	n
20681831	2419	1744	n
20682082	2418	1744	n
20682334	2420	1744	n
20682587	2419	1744	n
20682842	2419	1744	n
20693266	2420	1744	n
20693523	2423	1744	n
20693779	2421	1744	n
20694030	2421	1745	n
20694281	2421	1744	n
20694534	2422	1744	n
20704961	2420	1744	n
20705213	2420	1744	n
20705464	2421	1744	n
20705719	2419	1744	n
20705970	2421	1744	n
20706221	2421	1744	n
20716587	2419	1744	n
20716843	2422	1743	n
20717094	2419	1744	n
20717345	2421	1744	n
20717600	2420	1744	n
20717855	2421	1745	n
20718106	2423	1744	n
20728492	2421	1744	n
20728748	2423	1744	n
20728999	2421	1744	n
20729250	2420	1744	n
20729504	2419	1744	n
20729760	2418	1744	n
20740134	2423	1745	n
20740385	2422	1744	n
20740642	2422	1745	n
20740893	2421	1744	n
20741144	2422	1744	n
20741395	2422	1745	n
20751781	2421	1744	n
20752032	2420	1744	n
20752283	2421	1744	n
20752539	2423	1744	n
20752795	2420	1744	n
20753046	2421	1744	n
20763473	2422	1744	n
20763729	2419	1744	n
20763980	2419	1744	n
20764231	2419	1744	n
20764482	2418	1744	n
20764739	2419	1744	n
20775168	2422	1744	n
20775419	2421	1744	n
20775675	2421	1744	n
20775926	2422	1745	n
20776177	2419	1744	n
20776428	2421	1746	n
20786795	2422	1744	n
20787047	2423	1744	n
20787298	2421	1744	n
20787551	2420	1744	n
20787807	2420	1744	n
20788058	2419	1744	n
20788309	2421	1744	n
20798702	2420	1744	n
20798953	2423	1744	n
20799205	2421	1744	n
20799456	2420	1744	n
20799712	2422	1744	n
20799963	2421	1744	n
20810342	2419	1744	n
20810596	2421	1744	n
20810852	2419	1744	n
20811103	2420	1744	n
20811354	2422	1744	n
20811611	2421	1744	n
20821985	2421	1744	n
20822237	2422	1744	n
20822488	2421	1745	n
20822745	2422	1744	n
20822996	2422	1744	n
20823247	2421	1744	n
20833685	2423	1744	n
20833937	2422	1744	n
20834188	2421	1744	n
20834439	2421	1744	n
20834695	2420	1744	n
20834947	2423	1744	n
20845376	2422	1744	n
20845635	2421	1744	n
20845887	2421	1744	n
20846138	2420	1744	n
20846389	2423	1745	n
20846649	2422	1744	n
20857072	2420	1744	n
20857324	2419	1744	n
20857580	2421	1744	n
20857836	2423	1744	n
20858087	2419	1744	n
20858339	2421	1744	n
20858593	2422	1744	n
20868992	2421	1744	n
20869243	2420	1744	n
20869497	2422	1744	n
20869752	2421	1744	n
20870003	2423	1745	n
20870254	2421	1744	n
20880642	2418	1744	n
20880893	2420	1744	n
20881145	2421	1745	n
20881396	2421	1744	n
20881654	2419	1743	n
20881906	2421	1744	n
20892331	2420	1744	n
20892584	2421	1744	n
20892840	2420	1744	n
20893091	2422	1744	n
20893342	2419	1744	n
20893597	2420	1744	n
20903974	2422	1744	n
20904225	2421	1744	n
20904476	2425	1744	n
20904732	2422	1744	n
20904983	2421	1744	n
20905234	2420	1744	n
20915674	2422	1744	n
20915925	2421	1744	n
20916176	2421	1744	n
20916427	2421	1746	n
20916683	2421	1744	n
20916934	2421	1744	n
20927348	2422	1744	n
20927602	2421	1744	n
20927857	2419	1744	n
20928108	2421	1744	n
20928359	2421	1744	n
20928614	2420	1744	n
20928870	2421	1744	n
20939286	2421	1744	n
20939542	2421	1744	n
20939797	2421	1744	n
20940048	2421	1744	n
20940299	2421	1744	n
20940552	2421	1745	n
20950928	2421	1744	n
20951180	2422	1744	n
20951431	2420	1746	n
20951686	2422	1745	n
20951937	2421	1744	n
20952189	2421	1744	n
20962624	2423	1745	n
20962880	2420	1744	n
20963131	2423	1744	n
20963382	2422	1744	n
20963639	2421	1744	n
20963890	2425	1745	n
20974251	2422	1744	n
20974508	2421	1744	n
20974764	2419	1744	n
20975015	2421	1744	n
20975266	2420	1744	n
20975522	2423	1744	n
20985963	2421	1744	n
20986372	2422	1744	n
20986641	2419	1744	n
20986915	2423	1744	n
20987166	2422	1744	n
20987417	2422	1744	n
20987681	2421	1744	n
20998116	2420	1745	n
20998597	2423	1744	n
20998852	2423	1744	n
20999112	2422	1744	n
20999386	2421	1745	n
20999643	2422	1744	n
21010062	2419	1745	Time:00:00:00:00;;
21010771	2420	1744	n
21011044	2421	1744	n
21011295	2422	1744	n
21011558	2419	1746	n
21011836	2419	1744	n
21022258	2420	1744	n
21022743	2419	1745	n
21023003	2422	1743	n
21023277	2421	1744	n
21023531	2419	1744	n
21023787	2421	1744	n
21034212	2421	1743	n
21034727	2423	1744	n
21034978	2419	1744	n
21035229	2420	1744	n
21035490	2419	1744	n
21035769	2421	1744	n
21046166	2422	1744	n
21046654	2422	1744	n
21046914	2422	1744	n
21047188	2420	1744	n
21047439	2421	1744	n
21047695	2423	1745	n
21047956	2421	1744	n
21058405	2417	1744	n
21058891	2422	1744	n
21059143	2418	1744	n
21059394	2420	1744	Time:00:00:00:00;;
21059903	2420	1744	n
21070316	2421	1744	n
21070800	2423	1744	n
21071083	2420	1745	n
21071334	2422	1745	n
21071591	2422	1744	n
21071847	2420	1744	n
21072129	2420	1744	n
21082549	2422	1745	n
21083030	2422	1744	n
21083281	2421	1745	n
21083565	2421	1744	n
21083821	2423	1744	n
21084072	2421	1745	n
21094431	2423	1745	n
21094920	2419	1744	n
21095194	2421	1745	n
21095445	2421	1744	n
21095702	2419	1745	n
21095962	2422	1744	n
21106368	2421	1744	n
21106862	2422	1745	n
21107113	2421	1744	n
21107373	2421	1744	n
21107654	2422	1745	n
21107905	2419	1744	n
21108157	2420	1744	n
21118515	2422	1744	n
21119027	2421	1744	n
21119278	2420	1744	n
21119531	2420	1744	n
21119796	2421	1745	n
21120070	2419	1744	n
21130485	2422	1745	n
21130970	2421	1744	n
21131221	2423	1744	n
21131508	2422	1745	n
21131763	2421	1744	n
21132015	2423	1745	n
21142421	2421	1744	n
21142932	2421	1744	n
21143184	2421	1744	n
21143435	2420	1745	n
21143691	2420	1745	n
21143975	2422	1745	n
21144227	2422	1744	n
21154656	2421	1744	n
21155139	2421	1744	n
21155421	2422	1744	n
21155676	2422	1744	n
21155927	2419	1744	n
21156179	2421	1744	n
21166609	2421	1744	n
21167098	2421	1744	n
21167349	2422	1745	n
21167603	2421	1744	n
21167889	2421	1745	n
21168140	2421	1744	n
21178563	2421	1745	n
21179048	2423	1745	n
21179330	2423	1744	n
21179583	2422	1744	n
21179839	2422	1744	n
21180090	2419	1744	n
21180374	2422	1744	n
21190794	2421	1744	n
21191278	2419	1744	n
21191531	2420	1744	n
21191818	2420	1745	n
21192069	2419	1744	n
21192320	2419	1744	n
21202748	2422	1744	n
21203233	2423	1744	n
21203511	2420	1744	n
21203766	2418	1743	n
21204017	2419	1744	n
21204300	2419	1744	n
21214703	2422	1743	Time:00:00:00:00;;
21215349	2421	1744	n
21215602	2421	1744	n
21215857	2422	1744	n
21216108	2421	1744	n
21216359	2422	1744	n
21226761	2421	1745	n
21227012	2421	1744	n
21227263	2421	1744	n
21227517	2422	1744	n
21227773	2422	1744	n
21228024	2422	1744	n
21238452	2418	1744	n
21238709	2420	1744	n
21238960	2420	1744	n
21239212	2421	1744	n
21239463	2421	1744	n
21239718	2419	1744	n
21250147	2421	1744	n
21250399	2422	1744	n
21250659	2421	1744	n
21250910	2421	1744	n
21251161	2419	1744	n
21251412	2420	1744	n
21261774	2423	1744	n
21262025	2421	1744	n
21262277	2423	1744	n
21262531	2421	1744	n
21262786	2421	1745	n
21263037	2423	1745	n
21263288	2419	1744	n
21273681	2421	1743	n
21273932	2420	1744	n
21274183	2419	1745	n
21274434	2420	1745	n
21274690	2419	1744	n
21274941	2419	1744	n
21285321	2423	1744	n
21285576	2421	1745	n
21285831	2420	1744	n
21286083	2419	1743	n
21286334	2421	1744	n
21286591	2422	1744	n
21296963	2421	1744	n
21297215	2421	1744	n
21297466	2421	1744	n
21297722	2420	1744	n
21297973	2419	1744	n
21298224	2418	1744	n
21308663	2421	1744	n
21308914	2421	1744	n
21309166	2420	1744	n
21309417	2422	1744	n
21309672	2421	1744	n
21309924	2420	1744	n
21320354	2421	1744	n
21320611	2420	1744	n
21320866	2419	1744	n
21321117	2418	1744	n
21321368	2418	1744	n
21321626	2419	1744	n
21332050	2422	1744	n
21332302	2419	1744	n
21332557	2422	1744	n
21332812	2422	1745	n
21333063	2421	1744	n
21333314	2420	1744	n
21333568	2421	1745	n
21343971	2421	1744	n
21344222	2421	1744	n
21344473	2422	1744	n
21344729	2421	1744	n
21344980	2420	1745	n
21345231	2421	1744	n
21355617	2421	1744	n
21355873	2421	1744	n
21356124	2420	1744	n
21356375	2422	1744	n
21356637	2421	1744	n
21356888	2422	1744	n
21367309	2419	1743	n
21367565	2418	1744	n
21367821	2420	1743	n
21368072	2418	1744	n
21368323	2419	1743	n
21368580	2420	1744	n
21378953	2421	1744	n
21379204	2422	1745	n
21379455	2418	1744	n
21379711	2422	1744	n
21379962	2421	1744	n
21380213	2419	1744	n
21390653	2422	1744	n
21390904	2421	1744	n
21391155	2421	1744	n
21391406	2422	1744	n
21391667	2422	1745	n
21391918	2421	1744	n
21402327	2420	1744	n
21402583	2422	1744	n
21402838	2420	1744	n
21403089	2421	1744	n
21403340	2422	1744	n
21403597	2422	1744	n
21403853	2422	1743	n
21414264	2420	1744	n
21414517	2418	1743	n
21414773	2419	1744	n
21415024	2421	1744	n
21415275	2419	1744	n
21415532	2419	1744	n
21425907	2421	1744	n
21426159	2419	1744	n
21426410	2420	1744	n
21426667	2421	1744	n
21426918	2419	1744	n
21427169	2419	1744	n
21437605	2423	1744	n
21437861	2419	1745	n
21438112	2422	1744	n
21438363	2419	1744	n
21438617	2419	1744	n
21438873	2421	1744	n
21449230	2422	1744	n
21449481	2421	1744	n
21449738	2419	1744	n
21449989	2421	1744	n
21450240	2421	1744	n
21450492	2422	1744	n
21460856	2421	1745	n
21461108	2421	1744	n
21461359	2421	1744	n
21461614	2418	1744	n
21461869	2419	1744	n
21462120	2420	1744	n
21472535	2419	1744	n
21472791	2419	1744	n
21473042	2419	1744	n
21473293	2419	1744	n
21473548	2421	1744	n
21473804	2419	1744	n
21474055	2421	1744	n
21484472	2426	1744	n
21484727	2422	1744	n
21484978	2422	1744	n
21485229	2421	1744	n
21485481	2419	1744	n
21485737	2419	1744	n
21496115	2423	1745	n
21496367	2422	1744	n
21496620	2420	1744	n
21496876	2420	1744	n
21497127	2421	1744	n
21497378	2422	1744	n
21507811	2421	1744	n
21508062	2420	1744	n
21508313	2420	1744	n
21508567	2421	1744	n
21508822	2419	1744	n
21509073	2420	1744	n
21519437	2419	1744	n
21519693	2419	1744	n
21519945	2419	1744	n
21520196	2419	1744	n
21520447	2418	1744	n
21520708	2420	1744	n
21531149	2421	1744	n
21531400	2419	1744	n
21531659	2420	1744	n
21531910	2419	1744	n
21532161	2421	1744	n
21532412	2419	1744	n
21542828	2419	1744	n
21543079	2421	1744	n
21543331	2419	1744	n
21543584	2419	1744	n
21543839	2419	1744	n
21544091	2420	1744	n
21544342	2417	1744	n
21554770	2419	1744	n
21555021	2422	1744	n
21555272	2419	1744	n
21555528	2419	1743	n
21555784	2419	1744	n
21556035	2418	1744	n
21566408	2420	1744	n
21566667	2419	1744	n
21566918	2419	1744	n
21567169	2421	1744	n
21567420	2419	1743	n
21567676	2423	1744	n
21578104	2421	1744	n
21578355	2421	1744	n
21578611	2422	1744	n
21578866	2419	1744	n
21579117	2422	1744	n
21579368	2419	1744	n
21589799	2419	1744	n
21590050	2421	1744	n
21590302	2419	1744	n
21590556	2421	1744	n
21590812	2421	1744	n
21591063	2420	1744	n
21601426	2418	1745	n
21601682	2422	1744	n
21601933	2422	1744	n
21602184	2419	1744	n
21602435	2422	1744	n
21602691	2419	1744	n
21602942	2422	1745	n
21613329	2422	1744	n
21613583	2422	1744	n
21613838	2421	1744	n
21614089	2420	1744	n
21614340	2421	1744	n
21614597	2418	1744	n
21624973	2421	1744	n
21625224	2420	1744	n
21625475	2423	1744	n
21625730	2421	1744	n
21625981	2420	1744	n
21626233	2421	1744	n
21636618	2418	1744	n
21636874	2419	1744	n
21637125	2421	1744	n
21637376	2418	1744	n
21637636	2419	1744	n
21637887	2419	1744	n
21648312	2421	1744	n
21648565	2419	1744	n
21648820	2419	1744	n
21649072	2419	1744	n
21649323	2421	1744	n
21649580	2419	1744	n
21660007	2422	1744	n
21660259	2421	1744	n
21660514	2419	1745	n
21660770	2421	1744	n
21661021	2422	1744	n
21661272	2421	1744	n
21671639	2421	1744	n
21671890	2421	1744	n
21672141	2419	1744	n
21672393	2421	1744	n
21672650	2419	1744	n
21672901	2419	1744	n
21673152	2422	1744	n
21683542	2419	1744	n
21683797	2421	1744	n
21684048	2420	1744	n
21684299	2421	1744	n
21684557	2420	1744	n
21684812	2419	1744	n
21695181	2419	1744	n
21695432	2419	1746	n
21695688	2421	1744	n
21695939	2420	1744	n
21696190	2419	1744	n
21696441	2421	1744	n
21706823	2421	1744	n
21707075	2423	1744	n
21707326	2421	1744	n
21707583	2422	1744	n
21707838	2421	1744	n
21708089	2422	1744	n
21718525	2422	1745	n
21718780	2421	1744	n
21719032	2420	1744	n
21719283	2420	1744	n
21719540	2420	1744	n
21719796	2421	1744	n
21730214	2419	1744	n
21730466	2421	1744	n
21730721	2420	1744	n
21730973	2421	1744	n
21731224	2421	1744	n
21731475	2422	1745	n
21741841	2423	1744	n
21742093	2421	1744	n
21742344	2419	1744	n
21742600	2419	1744	n
21742855	2422	1744	n
21743107	2421	1744	n
21743358	2421	1744	n
21753748	2422	1744	n
21753999	2420	1744	n
21754250	2421	1744	n
21754504	2421	1744	n
21754760	2420	1744	n
21755011	2422	1744	n
21765388	2419	1744	n
21765644	2419	1744	n
21765895	2421	1743	n
21766147	2419	1744	n
21766398	2422	1744	n
21766659	2419	1744	n
21777031	2420	1744	n
21777283	2419	1744	n
21777540	2419	1744	n
21777795	2419	1744	n
21778047	2420	1744	n
21778298	2419	1744	n
21788731	2421	1744	n
21788982	2421	1744	n
21789233	2421	1745	n
21789485	2420	1744	n
21789745	2421	1744	n
21789996	2420	1744	n
21800422	2421	1744	n
21800678	2421	1744	n
21800929	2423	1744	n
21801181	2423	1744	n
21801432	2421	1745	n
21801687	2421	1745	n
21812049	2422	1744	n
21812301	2422	1744	n
21812556	2423	1744	n
21812811	2420	1744	n
21813063	2420	1744	n
21813314	2422	1744	n
21813567	2422	1744	n
21823952	2422	1744	n
21824203	2419	1744	n
21824454	2419	1744	n
21824710	2419	1744	n
21824962	2419	1744	n
21825213	2418	1744	n
21835599	2420	1744	n
21835855	2421	1745	n
21836106	2419	1744	n
21836357	2422	1744	n
21836611	2421	1744	n
21836867	2421	1744	n
21847238	2423	1744	n
21847491	2420	1746	n
21847747	2419	1744	n
21847998	2422	1744	n
21848249	2421	1744	n
21848505	2419	1744	n
21858934	2418	1744	n
21859185	2419	1744	n
21859436	2420	1744	n
21859692	2421	1744	n
21859944	2420	1744	n
21860195	2421	1744	n
21870634	2418	1744	n
21870885	2419	1744	n
21871136	2419	1744	n
21871387	2420	1744	n
21871644	2418	1744	n
21871895	2417	1744	n
21882256	2417	1744	n
21882511	2418	1744	n
21882766	2417	1744	n
21883018	2417	1744	n
21883269	2416	1744	n
21883525	2416	1744	n
21883781	2416	1744	n
21894159	2416	1745	n
21894410	2416	1744	n
21894667	2416	1745	n
21894919	2416	1744	n
21895170	2416	1745	n
21895421	2416	1744	n
21905803	2416	1744	n
21906054	2415	1744	n
21906305	2416	1744	n
21906562	2416	1744	n
21906818	2416	1744	n
21907069	2416	1744	n
21917446	2416	1744	n
21917703	2416	1744	n
21917954	2416	1744	n
21918206	2416	1744	n
21918457	2415	1744	n
21918712	2416	1744	n
21929142	2416	1745	n
21929393	2416	1745	n
21929654	2416	1744	n
21929905	2416	1744	n
21930157	2416	1744	n
21930408	2416	1744	n
21940837	2416	1744	n
21941088	2415	1745	n
21941340	2416	1744	n
21941594	2416	1744	n
21941849	2416	1744	n
21942101	2416	1744	n
21952464	2416	1744	n
21952720	2416	1746	n
21952971	2415	1744	n
21953222	2415	1744	n
21953474	2416	1744	n
21953729	2416	1744	n
21953980	2416	1744	n
21964367	2414	1744	n
21964620	2416	1744	n
21964875	2416	1744	n
21965127	2416	1744	n
21965378	2416	1744	n
21965639	2415	1744	n
21976011	2416	1744	n
21976262	2415	1744	n
21976515	2416	1743	n
21976770	2415	1744	n
21977021	2416	1744	n
21977272	2416	1744	n
21987667	2416	1744	n
21988120	2416	1744	n
21988371	2416	1744	n
21988641	2414	1744	n
21988915	2415	1744	n
21989167	2416	1744	n
21999578	2416	1744	n
22000067	2416	1744	n
22000341	2416	1744	n
22000597	2416	1744	n
22000852	2416	1746	n
22001112	2416	1744	n
22011522	2416	1744	Time:00:00:00:00;;
22012217	2416	1744	n
22012468	2417	1744	n
22012755	2416	1744	n
22013006	2416	1744	n
22013257	2416	1745	n
22023676	2416	1744	n
22024184	2416	1744	n
22024435	2416	1744	n
22024691	2416	1744	n
22024942	2416	1744	n
22025225	2415	1745	n
22035592	2416	1745	n
22036073	2416	1744	n
22036324	2416	1744	n
22036586	2416	1744	n
22036864	2416	1744	n
22037115	2416	1744	n
22037367	2416	1744	n
22047775	2417	1744	n
22048283	2416	1744	n
22048539	2416	1744	n
22048795	2415	1744	n
22049055	2416	1744	n
22049328	2416	1744	n
22059728	2416	1744	Time:00:00:00:00;;
22060432	2416	1745	n
22060710	2416	1744	n
22060962	2416	1744	n
22061213	2416	1745	n
22061473	2417	1744	n
22071929	2416	1744	n
22072406	2416	1743	n
22072667	2415	1744	n
22072927	2415	1744	n
22073201	2416	1744	n
22073452	2415	1744	n
22083874	2416	1744	n
22084351	2416	1744	n
22084639	2416	1744	n
22084890	2416	1743	n
22085141	2416	1744	n
22085393	2416	1744	n
22095811	2416	1744	n
22096296	2415	1744	n
22096549	2415	1744	n
22096804	2416	1744	n
22097088	2416	1744	n
22097340	2416	1744	n
22097594	2415	1744	n
22107973	2416	1744	n
22108464	2416	1744	n
22108742	2416	1744	n
22108993	2416	1744	n
22109244	2416	1744	n
22109508	2415	1744	n
22119927	2416	1744	n
22120404	2416	1744	n
22120663	2416	1744	n
22120923	2416	1744	n
22121197	2416	1744	n
22121448	2415	1744	n
22131864	2416	1744	n
22132350	2416	1744	n
22132632	2416	1744	n
22132883	2416	1744	n
22133134	2416	1744	n
22133394	2416	1744	n
22133676	2416	1744	n
22144111	2416	1744	n
22144594	2416	1744	n
22144858	2416	1745	n
22145132	2416	1744	n
22145383	2416	1744	n
22145640	2416	1744	n
22156066	2416	1744	n
22156583	2416	1744	n
22156838	2416	1744	n
22157089	2416	1744	n
22157348	2416	1745	n
22157626	2416	1744	n
22168055	2416	1745	n
22168540	2416	1744	n
22168804	2416	1744	n
22169078	2416	1744	n
22169329	2416	1744	n
22169583	2416	1744	n
22169847	2416	1744	n
22180259	2417	1744	n
22180750	2416	1744	n
22181001	2416	1745	n
22181261	2416	1744	n
22181539	2416	1744	n
22181795	2416	1745	n
22192187	2416	1744	n
22192690	2416	1744	n
22192963	2416	1745	n
22193214	2416	1744	n
22193465	2416	1744	n
22193729	2416	1744	n
22204193	2416	1745	n
22204679	2416	1744	n
22204930	2416	1744	n
22205189	2416	1744	n
22205463	2416	1744	n
22205718	2415	1744	n
22205970	2415	1744	n
22216388	2416	1744	Time:00:00:00:00;;
22217019	2416	1744	n
22217270	2416	1744	n
22217525	2416	1744	n
22217780	2416	1744	n
22228205	2416	1744	n
22228457	2415	1744	n
22228712	2417	1744	n
22228964	2416	1744	n
22229215	2416	1744	n
22229466	2416	1744	n
22229721	2416	1746	n
22240108	2416	1744	n
22240359	2417	1745	n
22240614	2416	1744	n
22240869	2416	1745	n
22241120	2416	1744	n
22241372	2416	1744	n
22251756	2416	1744	n
22252007	2416	1744	n
22252259	2416	1744	n
22252514	2416	1744	n
22252770	2416	1744	n
22253021	2416	1744	n
22263395	2416	1744	n
22263654	2416	1744	n
22263905	2415	1744	n
22264156	2416	1744	n
22264407	2416	1744	n
22264668	2415	1744	n
22275091	2416	1744	n
22275342	2416	1744	n
22275597	2415	1744	n
22275852	2416	1744	n
22276103	2416	1744	n
22276354	2416	1744	n
22286786	2416	1744	n
22287037	2416	1744	n
22287289	2417	1744	n
22287546	2416	1744	n
22287801	2416	1744	n
22288052	2416	1744	n
22298412	2416	1744	n
22298669	2416	1744	n
22298920	2415	1744	n
22299171	2415	1744	n
22299422	2415	1744	n
22299678	2416	1744	n
22299929	2416	1744	n
22310316	2416	1744	n
22310569	2415	1744	n
22310824	2416	1744	n
22311075	2416	1744	n
22311327	2416	1744	n
22311583	2416	1744	n
22321959	2416	1744	n
22322210	2416	1744	n
22322461	2415	1744	n
22322716	2416	1744	n
22322968	2416	1744	n
22323219	2416	1744	n
22333608	2416	1744	n
22333863	2416	1744	n
22334115	2416	1744	n
22334366	2416	1745	n
22334619	2416	1744	n
22334874	2416	1744	n
22345298	2416	1744	n
22345551	2416	1744	n
22345806	2416	1744	n
22346058	2416	1744	n
22346309	2416	1744	n
22346566	2416	1744	n
22356993	2416	1744	n
22357245	2416	1744	n
22357502	2416	1744	n
22357757	2416	1744	n
22358009	2416	1744	n
22358260	2416	1744	n
22368620	2416	1744	n
22368876	2416	1744	n
22369127	2416	1744	n
22369378	2416	1744	n
22369639	2416	1744	n
22369890	2416	1744	n
22370141	2416	1744	n
22380528	2416	1744	n
22380784	2416	1744	n
22381035	2416	1744	n
22381286	2416	1744	n
22381542	2416	1744	n
22381797	2415	1744	n
22392167	2416	1744	n
22392418	2415	1744	n
22392674	2416	1744	n
22392925	2416	1744	n
22393176	2416	1743	n
22393427	2416	1744	n
22403810	2416	1744	n
22404062	2416	1744	n
22404313	2416	1744	n
22404566	2416	1744	n
22404821	2416	1744	n
22405072	2416	1744	n
22415512	2416	1744	n
22415767	2416	1744	n
22416018	2416	1744	n
22416269	2416	1744	n
22416525	2416	1744	n
22416781	2416	1744	n
22427201	2415	1744	n
22427453	2411	1744	n
22427709	2416	1744	n
22427960	2416	1744	n
22428211	2416	1744	n
22428463	2415	1744	n
22438827	2415	1744	n
22439078	2416	1744	n
22439330	2415	1744	n
22439583	2415	1744	n
22439838	2416	1744	n
22440089	2416	1744	n
22440340	2416	1744	n
22450735	2416	1744	n
22450986	2416	1744	n
22451237	2416	1744	n
22451489	2416	1744	n
22451746	2416	1744	n
22451997	2416	1744	n
22462374	2415	1744	n
22462632	2416	1744	n
22462883	2415	1744	n
22463134	2416	1744	n
22463385	2416	1744	n
22463642	2416	1744	n
22474017	2416	1744	n
22474269	2415	1744	n
22474525	2416	1744	n
22474781	2415	1744	n
22475032	2416	1744	n
22475283	2415	1744	n
22485717	2416	1744	n
22485968	2415	1744	n
22486219	2416	1744	n
22486471	2417	1744	n
22486726	2416	1744	n
22486977	2416	1744	n
22497408	2416	1744	n
22497667	2415	1744	n
22497918	2416	1744	n
22498170	2416	1744	n
22498421	2416	1744	n
22498676	2416	1744	n
22509035	2416	1744	n
22509287	2416	1744	n
22509542	2416	1744	n
22509797	2416	1744	n
22510048	2416	1744	n
22510299	2415	1744	n
22510556	2416	1744	n
22520938	2415	1744	n
22521189	2416	1744	n
22521440	2416	1744	n
22521701	2416	1744	n
22521952	2415	1744	n
22522203	2416	1744	n
22532583	2416	1744	n
22532839	2416	1745	n
22533090	2416	1744	n
22533342	2416	1744	n
22533597	2416	1744	n
22533852	2416	1744	n
22544225	2416	1744	n
22544477	2417	1744	n
22544732	2416	1744	n
22544983	2416	1744	n
22545234	2416	1744	n
22545486	2416	1744	n
22555921	2416	1744	n
22556172	2416	1744	n
22556423	2416	1744	n
22556679	2416	1744	n
22556930	2416	1745	n
22557181	2416	1744	n
22567616	2415	1744	n
22567872	2416	1744	n
22568123	2416	1744	n
22568374	2416	1744	n
22568632	2416	1744	n
22568883	2415	1744	n
22579242	2416	1744	n
22579497	2416	1744	n
22579752	2416	1744	n
22580003	2416	1744	n
22580254	2416	1744	n
22580511	2415	1744	n
22580767	2416	1744	n
22591146	2416	1744	n
22591397	2416	1745	n
22591654	2417	1744	n
22591906	2416	1745	n
22592157	2416	1744	n
22592408	2415	1744	n
22602788	2416	1744	n
22603039	2416	1744	n
22603290	2416	1744	n
22603545	2414	1744	n
22603801	2414	1744	n
22604052	2416	1744	n
22614432	2416	1744	n
22614688	2416	1744	n
22614939	2416	1744	n
22615190	2415	1744	n
22615442	2416	1744	n
22615701	2415	1743	n
22626128	2416	1744	n
22626379	2416	1744	n
22626638	2416	1744	n
22626889	2416	1744	n
22627140	2416	1744	n
22627391	2416	1744	n
22637823	2416	1744	n
22638075	2416	1744	n
22638326	2415	1744	n
22638580	2416	1744	n
22638836	2415	1744	n
22639087	2415	1744	n
22649450	2415	1745	n
22649708	2416	1744	n
22649959	2416	1744	n
22650210	2416	1744	n
22650462	2416	1744	n
22650717	2415	1744	n
22650968	2416	1744	n
22661353	2416	1743	n
22661608	2415	1744	n
22661863	2416	1744	n
22662114	2416	1744	n
22662365	2416	1744	n
22662619	2416	1744	n
22672997	2416	1744	n
22673248	2416	1744	n
22673504	2416	1744	n
22673760	2416	1744	n
22674011	2416	1744	n
22674262	2416	1744	n
22684648	2416	1744	n
22684899	2416	1744	n
22685150	2416	1744	n
22685401	2416	1744	n
22685659	2416	1744	n
22685910	2416	1744	n
22696336	2416	1744	n
22696591	2416	1744	n
22696846	2416	1744	n
22697097	2416	1744	n
22697348	2416	1744	n
22697602	2416	1744	n
22708031	2416	1744	n
22708283	2416	1744	n
22708540	2415	1744	n
22708796	2415	1744	n
22709047	2416	1745	n
22709298	2416	1744	n
22719662	2416	1744	n
22719913	2416	1744	n
22720164	2416	1744	n
22720415	2416	1744	n
22720671	2416	1744	n
22720922	2416	1745	n
22721173	2416	1744	n
22731565	2416	1744	n
22731820	2416	1744	n
22732072	2416	1744	n
22732323	2416	1744	n
22732580	2416	1744	n
22732836	2416	1744	n
22743204	2416	1744	n
22743455	2414	1744	n
22743711	2416	1744	n
22743962	2416	1744	n
22744213	2416	1744	n
22744464	2415	1744	n
22754847	2416	1744	n
22755099	2416	1744	n
22755350	2416	1744	n
22755603	2416	1744	n
22755858	2416	1744	n
22756109	2416	1744	n
22766549	2416	1745	n
22766804	2416	1744	n
22767055	2415	1744	n
22767306	2416	1744	n
22767563	2416	1744	n
22767819	2416	1744	n
22778238	2416	1744	n
22778491	2416	1743	n
22778746	2416	1744	n
22778998	2415	1744	n
22779249	2416	1744	n
22779504	2416	1743	n
22789865	2415	1744	n
22790117	2416	1744	n
22790368	2416	1744	n
22790621	2416	1744	n
22790876	2415	1744	n
22791127	2416	1744	n
22791379	2416	1744	n
22801772	2416	1744	n
22802023	2416	1744	n
22802274	2416	1744	n
22802532	2416	1744	n
22802787	2416	1744	n
22803038	2417	1744	n
22813412	2416	1744	n
22813668	2416	1744	n
22813920	2416	1744	n
22814171	2416	1744	n
22814422	2416	1743	n
22814677	2416	1744	n
22825055	2415	1744	n
22825307	2416	1744	n
22825562	2416	1744	n
22825817	2416	1744	n
22826068	2416	1744	n
22826320	2416	1744	n
22836753	2416	1744	n
22837004	2416	1744	n
22837255	2416	1744	n
22837511	2416	1744	n
22837766	2416	1744	n
22838017	2416	1744	n
22848446	2415	1744	n
22848703	2416	1744	n
22848955	2416	1744	n
22849206	2416	1744	n
22849457	2415	1744	n
22849712	2416	1744	n
22860072	2416	1745	n
22860324	2416	1744	n
22860580	2416	1744	n
22860836	2416	1744	n
22861087	2416	1744	n
22861338	2416	1745	n
22861593	2416	1744	n
22871976	2416	1744	n
22872227	2416	1744	n
22872478	2416	1744	n
22872734	2416	1744	n
22872985	2416	1743	n
22873236	2416	1744	n
22883620	2416	1745	n
22883876	2416	1744	n
22884127	2416	1745	n
22884378	2416	1744	n
22884639	2416	1744	n
22884890	2416	1744	n
22895262	2417	1744	n
22895516	2417	1745	n
22895771	2417	1746	n
22896022	2416	1744	n
22896274	2417	1744	n
22896528	2417	1746	n
22906958	2417	1745	n
22907209	2417	1744	n
22907460	2416	1744	n
22907715	2416	1745	n
22907967	2416	1744	n
22908218	2416	1745	n
22918658	2417	1744	n
22918909	2416	1744	n
22919160	2416	1744	n
22919412	2416	1744	n
22919668	2418	1744	n
22919920	2416	1744	n
22930280	2416	1744	n
22930534	2416	1744	n
22930789	2416	1745	n
22931040	2416	1744	n
22931291	2416	1744	n
22931549	2416	1744	n
22931804	2416	1744	n
22942183	2416	1744	n
22942434	2417	1747	n
22942689	2416	1744	n
22942941	2416	1744	n
22943192	2417	1744	n
22943443	2416	1744	n
22953827	2416	1745	n
22954078	2417	1744	n
22954329	2416	1745	n
22954583	2416	1745	n
22954838	2416	1745	n
22955089	2416	1745	n
22965470	2418	1745	n
22965726	2416	1744	n
22965977	2416	1745	n
22966228	2417	1744	n
22966479	2416	1745	n
22966735	2418	1745	n
22977166	2416	1744	n
22977417	2416	1744	n
22977672	2416	1744	n
22977923	2416	1744	n
22978174	2416	1745	n
22978426	2416	1744	n
22988861	2417	1745	n
22989338	2417	1744	n
22989594	2416	1744	n
22989880	2416	1744	n
22990131	2416	1744	n
22990382	2416	1744	n
22990640	2416	1744	n
23001092	2416	1744	n
23001583	2416	1744	n
23001838	2414	1744	n
23002089	2416	1745	n
23002372	2416	1744	n
23002632	2416	1744	n
23013046	2416	1744	Time:00:00:00:00;;
23013753	2416	1745	n
23014027	2416	1744	n
23014278	2416	1744	n
23014532	2417	1744	n
23024948	2416	1744	n
23025456	2416	1744	n
23025712	2416	1745	n
23025963	2416	1744	n
23026223	2416	1744	n
23026501	2416	1744	n
23026757	2416	1744	n
23037143	2416	1745	n
23037639	2417	1745	n
23037913	2417	1745	n
23038164	2416	1744	n
23038415	2417	1744	n
23038680	2417	1745	n
23049072	2416	1745	n
23049551	2417	1744	n
23049806	2416	1744	n
23050066	2416	1744	n
23050342	2416	1745	n
23050597	2416	1744	n
23061001	2416	1745	Time:00:00:00:00;;
23061710	2416	1744	n
23061983	2417	1744	n
23062234	2416	1744	n
23062486	2416	1744	n
23062775	2416	1744	n
23073162	2416	1744	n
23073644	2416	1744	n
23073895	2417	1744	n
23074178	2417	1745	n
23074429	2417	1745	n
23074685	2416	1744	n
23085082	2416	1744	n
23085574	2417	1745	n
23085851	2416	1745	n
23086103	2417	1744	n
23086354	2416	1744	n
23086617	2417	1745	n
23086895	2416	1744	n
23097260	2416	1744	n
23097748	2416	1745	n
23098008	2416	1744	n
23098282	2417	1744	n
23098535	2416	1744	n
23098790	2416	1744	n
23109214	2416	1746	n
23109732	2416	1744	n
23109984	2416	1744	n
23110235	2416	1745	n
23110497	2416	1745	n
23110775	2417	1744	n
23121134	2417	1744	n
23121618	2416	1744	n
23121882	2416	1745	n
23122156	2416	1744	n
23122407	2417	1744	n
23122667	2417	1745	n
23122927	2416	1745	n
23133321	2417	1745	n
23133805	2417	1744	n
23134056	2416	1744	n
23134307	2416	1744	n
23134593	2417	1745	n
23134848	2416	1744	n
23145267	2416	1745	n
23145755	2416	1745	n
23146037	2416	1745	n
23146288	2416	1744	n
23146546	2416	1745	n
23146801	2416	1746	n
23157264	2416	1745	n
23157753	2417	1744	n
23158005	2416	1744	n
23158256	2418	1745	n
23158542	2416	1745	n
23158797	2417	1746	n
23159048	2417	1745	n
23169451	2416	1744	n
23169967	2417	1745	n
23170218	2416	1744	n
23170469	2419	1744	n
23170725	2416	1745	n
23171007	2417	1744	n
23181389	2416	1744	n
23181878	2416	1744	n
23182129	2416	1744	n
23182389	2417	1744	n
23182670	2416	1744	n
23182921	2418	1744	n
23193308	2416	1744	n
23193808	2416	1744	n
23194081	2416	1744	n
23194333	2416	1745	n
23194586	2416	1745	n
23194850	2416	1744	n
23195124	2416	1744	n
23205508	2416	1744	n
23205990	2416	1744	n
23206250	2416	1744	n
23206529	2417	1744	n
23206784	2416	1746	n
23207035	2416	1744	n
23217441	2417	1745	Time:00:00:00:00;;
23218051	2416	1746	n
23218302	2417	1745	n
23218559	2417	1745	n
23218814	2416	1745	n
23219065	2417	1744	n
23229482	2416	1744	n
23229738	2416	1744	n
23229989	2416	1744	n
23230240	2416	1744	n
23230497	2416	1744	n
23230753	2416	1744	n
23241125	2417	1744	n
23241377	2416	1746	n
23241636	2416	1744	n
23241887	2416	1744	n
23242138	2416	1744	n
23242389	2416	1744	n
23252821	2416	1745	n
23253072	2417	1745	n
23253323	2418	1745	n
23253580	2417	1744	n
23253836	2417	1744	n
23254087	2417	1744	n
23264447	2416	1744	n
23264708	2416	1744	n
23264959	2416	1744	n
23265210	2416	1744	n
23265462	2416	1744	n
23265717	2416	1744	n
23276073	2416	1744	n
23276325	2417	1744	n
23276579	2416	1744	n
23276835	2416	1744	n
23277087	2416	1745	n
23277338	2416	1744	n
23287752	2416	1744	n
23288003	2416	1744	n
23288254	2416	1744	n
23288511	2416	1744	n
23288767	2417	1744	n
23289018	2416	1744	n
23289269	2416	1744	n
23299693	2417	1744	n
23299944	2418	1744	n
23300195	2416	1746	n
23300446	2416	1744	n
23300703	2416	1744	n
23300954	2416	1744	n
23311332	2416	1744	n
23311586	2416	1744	n
23311841	2416	1744	n
23312093	2417	1744	n
23312344	2417	1745	n
23312600	2416	1744	n
23323028	2416	1746	n
23323279	2417	1745	n
23323532	2416	1745	n
23323788	2416	1744	n
23324039	2416	1744	n
23324290	2417	1744	n
23334659	2417	1745	n
23334911	2417	1744	n
23335162	2416	1744	n
23335413	2416	1744	n
23335669	2416	1744	n
23335921	2416	1744	n
23346281	2416	1745	n
23346534	2417	1744	n
23346789	2416	1745	n
23347041	2417	1744	n
23347292	2417	1746	n
23347549	2417	1745	n
23357960	2418	1744	n
23358211	2416	1744	n
23358462	2416	1744	n
23358718	2416	1744	n
23358969	2416	1744	n
23359220	2416	1744	n
23359472	2418	1744	n
23369897	2416	1744	n
23370148	2416	1744	n
23370399	2416	1744	n
23370659	2416	1745	n
23370910	2416	1744	n
23371161	2417	1745	n
23381546	2416	1744	n
23381802	2416	1744	n
23382053	2416	1745	n
23382304	2416	1745	n
23382559	2416	1744	n
23382814	2416	1744	n
23393236	2417	1744	n
23393487	2417	1745	n
23393744	2416	1745	n
23393995	2416	1744	n
23394247	2416	1744	n
23394502	2416	1745	n
23404931	2416	1745	n
23405183	2416	1744	n
23405434	2417	1746	n
23405689	2416	1744	n
23405940	2416	1744	n
23406192	2416	1745	n
23416579	2416	1745	n
23416835	2416	1744	n
23417086	2416	1744	n
23417337	2416	1744	n
23417594	2416	1744	n
23417849	2416	1745	n
23428253	2416	1745	n
23428508	2417	1744	n
23428764	2416	1744	n
23429015	2416	1744	n
23429266	2416	1745	n
23429522	2416	1745	n
23429778	2416	1744	n
23440191	2417	1744	n
23440442	2418	1745	n
23440701	2417	1744	n
23440952	2416	1745	n
23441203	2416	1744	n
23441454	2416	1745	n
23451833	2416	1744	n
23452085	2416	1744	n
23452336	2416	1744	n
23452591	2416	1744	n
23452846	2417	1745	n
23453097	2416	1744	n
23463531	2416	1745	n
23463786	2416	1744	n
23464037	2417	1745	n
23464288	2416	1744	n
23464546	2416	1744	n
23464801	2417	1745	n
23475224	2416	1745	n
23475475	2417	1745	n
23475731	2416	1746	n
23475982	2416	1744	n
23476233	2416	1745	n
23476485	2416	1745	n
23486851	2416	1744	n
23487103	2416	1745	n
23487354	2416	1745	n
23487611	2417	1744	n
23487866	2416	1744	n
23488117	2416	1745	n
23488368	2416	1744	n
23498758	2416	1745	n
23499009	2417	1746	n
23499261	2416	1744	n
23499514	2416	1745	n
23499770	2416	1745	n
23500021	2416	1744	n
23510398	2417	1744	n
23510659	2416	1744	n
23510910	2416	1744	n
23511161	2416	1746	n
23511412	2417	1745	n
23511669	2417	1744	n
23522041	2418	1745	n
23522292	2416	1744	n
23522549	2416	1744	n
23522804	2417	1745	n
23523055	2416	1744	n
23523306	2416	1744	n
23533741	2416	1744	n
23533992	2417	1745	n
23534244	2417	1744	n
23534497	2416	1744	n
23534753	2416	1744	n
23535004	2416	1744	n
23545432	2416	1746	n
23545687	2416	1744	n
23545939	2419	1745	n
23546190	2417	1744	n
23546441	2416	1744	n
23546701	2416	1746	n
23557059	2416	1744	n
23557311	2417	1744	n
23557565	2417	1744	n
23557820	2417	1745	n
23558072	2417	1744	n
23558323	2416	1745	n
23558580	2416	1744	n
23568962	2416	1745	n
23569213	2416	1745	n
23569464	2416	1744	n
23569720	2416	1744	n
23569971	2417	1745	n
23570222	2416	1745	n
23580610	2416	1745	n
23580866	2416	1745	n
23581117	2416	1744	n
23581368	2416	1744	n
23581621	2416	1744	n
23581876	2416	1744	n
23592248	2416	1744	n
23592504	2416	1744	n
23592760	2416	1744	n
23593011	2417	1744	n
23593262	2416	1744	n
23593515	2416	1744	n
23603944	2416	1744	n
23604195	2417	1744	n
23604446	2416	1744	n
23604703	2417	1745	n
23604954	2417	1744	n
23605206	2416	1746	n
23615644	2416	1745	n
23615895	2416	1744	n
23616146	2417	1745	n
23616397	2416	1745	n
23616659	2416	1744	n
23616910	2418	1745	n
23627266	2416	1744	n
23627522	2416	1744	n
23627778	2416	1744	n
23628029	2416	1744	n
23628280	2416	1744	n
23628533	2416	1745	n
23628789	2416	1745	n
23639169	2416	1745	n
23639420	2416	1744	n
23639675	2416	1744	n
23639927	2416	1744	n
23640178	2416	1745	n
23640429	2416	1745	n
23650813	2416	1745	n
23651064	2417	1746	n
23651315	2416	1745	n
23651568	2417	1745	n
23651824	2417	1744	n
23652075	2417	1745	n
23662456	2415	1744	n
23662712	2417	1744	n
23662964	2416	1744	n
23663215	2416	1744	n
23663466	2416	1744	n
23663722	2416	1743	n
23674152	2416	1744	n
23674403	2416	1745	n
23674662	2416	1744	n
23674913	2416	1744	n
23675164	2416	1744	n
23675415	2416	1744	n
23685847	2416	1744	n
23686099	2416	1744	n
23686350	2416	1744	n
23686603	2417	1744	n
23686858	2416	1744	n
23687109	2416	1744	n
23697474	2418	1744	n
23697730	2417	1746	n
23697981	2416	1744	n
23698232	2416	1744	n
23698483	2416	1744	n
23698740	2416	1744	n
23698991	2419	1744	n
23709377	2417	1745	n
23709636	2418	1744	n
23709887	2417	1744	n
23710138	2416	1744	n
23710389	2416	1745	n
23710649	2416	1744	n
23721021	2418	1744	n
23721272	2417	1745	n
23721529	2417	1744	n
23721784	2416	1744	n
23722035	2416	1744	n
23722286	2416	1744	n
23732667	2417	1746	n
23732918	2416	1745	n
23733170	2416	1744	n
23733421	2418	1744	n
23733676	2416	1745	n
23733928	2417	1744	n
23744359	2417	1744	n
23744614	2416	1744	n
23744869	2416	1745	n
23745121	2419	1745	n
23745372	2417	1745	n
23745632	2416	1745	n
23756054	2416	1744	n
23756306	2416	1744	n
23756563	2417	1744	n
23756818	2416	1744	n
23757069	2416	1744	n
23757321	2416	1744	n
23767686	2416	1746	n
23767937	2418	1744	n
23768188	2418	1744	n
23768439	2416	1744	n
23768696	2416	1744	n
23768947	2417	1744	n
23769198	2416	1744	n
23779586	2416	1744	n
23779841	2416	1744	n
23780092	2416	1744	n
23780343	2416	1744	n
23780600	2416	1744	n
23780855	2416	1745	n
23791228	2417	1744	n
23791479	2416	1744	n
23791735	2416	1744	n
23791986	2416	1744	n
23792237	2416	1744	n
23792489	2416	1744	n
23802871	2416	1744	n
23803122	2416	1745	n
23803374	2416	1746	n
23803632	2416	1744	n
23803883	2417	1745	n
23804134	2416	1744	n
23814569	2416	1744	n
23814824	2416	1744	n
23815075	2416	1745	n
23815326	2416	1744	n
23815583	2416	1744	n
23815839	2416	1744	n
23826262	2417	1744	n
23826516	2417	1745	n
23826771	2417	1744	n
23827023	2417	1744	n
23827274	2418	1744	n
23827529	2417	1744	n
23837889	2417	1744	n
23838141	2417	1744	n
23838392	2418	1744	n
23838649	2417	1744	n
23838900	2417	1744	n
23839151	2416	1745	n
23839402	2416	1744	n
23849794	2418	1746	n
23850046	2416	1744	n
23850297	2417	1745	n
23850550	2417	1744	n
23850805	2416	1744	n
23851057	2416	1744	n
23861436	2417	1745	n
23861691	2416	1744	n
23861942	2417	1744	n
23862193	2417	1744	n
23862444	2416	1744	n
23862701	2417	1745	n
23873078	2416	1745	n
23873330	2417	1745	n
23873583	2416	1745	n
23873838	2416	1746	n
23874089	2416	1745	n
23874340	2417	1744	n
23884774	2416	1745	n
23885025	2416	1744	n
23885276	2416	1744	n
23885531	2416	1744	n
23885785	2416	1744	n
23886036	2416	1745	n
23896469	2418	1744	n
23896725	2416	1745	n
23896976	2417	1745	n
23897228	2416	1744	n
23897479	2416	1744	n
23897735	2416	1744	n
23908096	2417	1744	n
23908347	2417	1744	n
23908601	2416	1746	n
23908856	2417	1744	n
23909107	2417	1744	n
23909359	2416	1744	n
23909614	2417	1744	n
23919999	2416	1744	n
23920250	2416	1745	n
23920504	2416	1745	n
23920760	2417	1745	n
23921011	2416	1744	n
23921262	2417	1745	n
23931651	2416	1744	n
23931902	2417	1745	n
23932154	2416	1744	n
23932405	2416	1744	n
23932663	2416	1745	n
23932915	2416	1745	n
23943286	2416	1744	n
23943542	2416	1745	n
23943797	2418	1745	n
23944048	2416	1744	n
23944299	2416	1745	n
23944557	2416	1744	n
23954982	2416	1744	n
23955233	2417	1745	n
23955484	2416	1745	n
23955745	2417	1744	n
23955996	2417	1745	n
23956247	2416	1744	n
23966681	2416	1744	n
23966933	2416	1744	n
23967184	2417	1745	n
23967435	2416	1747	n
23967691	2417	1745	n
23967942	2417	1745	n
23978304	2417	1744	n
23978559	2416	1744	n
23978814	2416	1744	n
23979065	2416	1744	n
23979325	2417	1745	n
23979601	2416	1744	n
23979856	2417	1744	n
23990293	2416	1746	n
23990788	2416	1744	n
23991062	2416	1744	n
23991313	2416	1745	n
23991566	2416	1744	n
23991831	2416	1744	n
24002256	2416	1744	n
24002739	2416	1744	n
24002990	2417	1746	n
24003241	2416	1745	Time:00:00:00:00;;
24003745	2416	1744	n
24014150	2416	1744	n
24014635	2416	1745	n
24014918	2417	1746	n
24015169	2417	1744	n
24015420	2417	1744	n
24015676	2416	1744	n
24015958	2417	1744	n
24026345	2416	1744	n
24026828	2416	1744	n
24027079	2417	1744	n
24027339	2416	1744	n
24027618	2416	1745	n
24027873	2416	1744	n
24038264	2416	1744	n
24038758	2416	1744	n
24039031	2416	1744	n
24039283	2416	1744	n
24039540	2416	1744	n
24039804	2416	1744	n
24050202	2416	1744	n
24050690	2416	1744	n
24050941	2416	1744	n
24051201	2416	1744	n
24051475	2417	1744	n
24051731	2416	1744	n
24051982	2416	1744	n
24062397	2416	1744	Time:00:00:00:00;;
24063131	2416	1744	n
24063382	2416	1744	n
24063646	2416	1744	n
24063919	2416	1744	n
24074283	2416	1744	n
24074769	2416	1744	n
24075020	2416	1744	n
24075302	2416	1744	n
24075559	2417	1744	n
24075814	2417	1744	n
24076065	2416	1744	n
24086461	2416	1745	n
24086951	2417	1745	n
24087202	2416	1745	n
24087453	2416	1744	n
24087718	2416	1745	n
24087992	2416	1744	n
24098416	2417	1744	n
24098898	2416	1744	n
24099158	2416	1744	n
24099431	2416	1746	n
24099687	2416	1744	n
24099938	2416	1744	n
24110335	2416	1744	n
24110855	2416	1745	n
24111106	2416	1744	n
24111357	2416	1744	n
24111624	2416	1744	n
24111902	2416	1744	n
24112153	2416	1744	n
24122515	2416	1744	n
24123006	2416	1744	n
24123279	2416	1744	n
24123533	2416	1744	n
24123788	2416	1744	n
24124048	2416	1744	n
24134477	2419	1744	n
24134957	2416	1745	n
24135208	2416	1744	n
24135467	2417	1745	n
24135745	2416	1746	n
24135996	2418	1746	n
24146388	2416	1745	n
24146872	2416	1744	n
24147154	2417	1745	n
24147406	2416	1744	n
24147664	2416	1744	n
24147915	2416	1744	n
24148197	2416	1745	n
24158568	2416	1744	n
24159055	2416	1744	n
24159306	2416	1744	n
24159569	2416	1744	n
24159846	2416	1744	n
24160098	2416	1744	n
24170525	2416	1744	n
24171017	2416	1744	n
24171290	2416	1744	n
24171545	2416	1744	n
24171801	2416	1744	n
24172060	2416	1744	n
24182514	2416	1744	n
24182995	2416	1744	n
24183246	2416	1744	n
24183511	2417	1744	n
24183789	2416	1744	n
24184040	2416	1744	n
24184291	2416	1744	n
24194710	2416	1744	n
24195225	2416	1745	n
24195476	2416	1744	n
24195731	2416	1745	n
24195991	2416	1745	n
24196265	2416	1744	n
24206646	2416	1744	n
24207124	2416	1745	n
24207384	2416	1743	n
24207666	2416	1744	n
24207917	2416	1744	n
24208168	2416	1744	n
24218562	2416	1744	Time:00:00:00:00;;
24219145	2417	1744	n
24219396	2416	1744	n
24219654	2417	1745	n
24219905	2417	1744	n
24220156	2417	1745	n
24230557	2416	1745	n
24230812	2417	1744	n
24231063	2416	1745	n
24231315	2416	1744	n
24231568	2417	1744	n
24231824	2417	1745	n
24242194	2416	1744	n
24242445	2416	1744	n
24242702	2416	1745	n
24242953	2416	1744	n
24243205	2416	1744	n
24243456	2416	1744	n
24253889	2416	1744	n
24254140	2416	1744	n
24254392	2416	1745	n
24254649	2416	1744	n
24254900	2416	1744	n
24255151	2417	1744	n
24265568	2417	1744	n
24265823	2417	1745	n
24266075	2416	1744	n
24266326	2416	1747	n
24266583	2416	1744	n
24266838	2417	1745	n
24267090	2416	1745	n
24277511	2416	1745	n
24277767	2417	1744	n
24278018	2416	1744	n
24278269	2417	1745	n
24278525	2416	1744	n
24278781	2416	1746	n
24289148	2416	1744	n
24289400	2416	1745	n
24289658	2416	1744	n
24289910	2416	1744	n
24290161	2416	1744	n
24290412	2416	1744	n
24300844	2416	1744	n
24301095	2417	1744	n
24301346	2416	1744	n
24301600	2416	1744	n
24301855	2416	1745	n
24302106	2417	1744	n
24312471	2418	1744	n
24312727	2417	1745	n
24312978	2417	1745	n
24313229	2416	1745	n
24313480	2417	1744	n
24313736	2417	1745	n
24324097	2416	1744	n
24324348	2416	1744	n
24324602	2416	1744	n
24324857	2415	1744	n
24325108	2416	1744	n
24325360	2416	1744	n
24335776	2417	1744	n
24336027	2416	1744	n
24336279	2416	1746	n
24336532	2416	1744	n
24336787	2416	1745	n
24337038	2417	1744	n
24337290	2416	1744	n
24347717	2416	1744	n
24347968	2416	1744	n
24348219	2416	1744	n
24348470	2417	1744	n
24348726	2416	1744	n
24348977	2416	1745	n
24359356	2417	1745	n
24359611	2416	1744	n
24359866	2416	1744	n
24360117	2417	1744	n
24360368	2417	1745	n
24360625	2418	1745	n
24371052	2416	1744	n
24371303	2418	1744	n
24371559	2416	1745	n
24371815	2416	1744	n
24372066	2416	1744	n
24372317	2416	1744	n
24382683	2417	1744	n
24382934	2416	1746	n
24383186	2416	1745	n
24383437	2416	1744	n
24383693	2416	1744	n
24383944	2416	1744	n
24394304	2416	1744	n
24394559	2417	1744	n
24394814	2416	1745	n
24395065	2416	1744	n
24395317	2417	1744	n
24395574	2416	1745	n
24405983	2416	1745	n
24406234	2416	1744	n
24406486	2416	1745	n
24406744	2416	1745	n
24406995	2416	1745	n
24407247	2416	1744	n
24407502	2416	1744	n
24417921	2416	1744	n
24418172	2416	1744	n
24418423	2417	1744	n
24418678	2416	1745	n
24418929	2416	1744	n
24419180	2416	1744	n
24429565	2416	1745	n
24429821	2416	1744	n
24430072	2416	1744	n
24430323	2417	1744	n
24430581	2416	1744	n
24430836	2416	1744	n
24441259	2417	1744	n
24441514	2417	1744	n
24441769	2417	1746	n
24442021	2416	1744	n
24442272	2416	1745	n
24442529	2416	1744	n
24452954	2416	1745	n
24453206	2416	1744	n
24453457	2416	1746	n
24453712	2416	1744	n
24453963	2416	1744	n
24454214	2417	1744	n
24464598	2416	1744	n
24464854	2417	1745	n
24465105	2417	1745	n
24465356	2416	1744	n
24465610	2417	1745	n
24465866	2416	1745	n
24476277	2416	1744	n
24476531	2416	1745	n
24476785	2416	1744	n
24477036	2416	1744	n
24477287	2417	1744	n
24477542	2416	1744	n
24477797	2416	1745	n
24488214	2416	1745	n
24488465	2416	1745	n
24488721	2416	1745	n
24488972	2416	1744	n
24489223	2416	1745	n
24489474	2417	1744	n
24499857	2418	1744	n
24500109	2417	1745	n
24500360	2417	1745	n
24500614	2416	1744	n
24500870	2416	1744	n
24501121	2416	1744	n
24511556	2416	1745	n
24511812	2416	1745	n
24512063	2416	1745	n
24512314	2416	1744	n
24512568	2416	1744	n
24512823	2416	1744	n
24523248	2416	1745	n
24523504	2417	1744	n
24523760	2416	1744	n
24524011	2416	1744	n
24524262	2416	1744	n
24524516	2416	1744	n
24534944	2418	1745	n
24535196	2417	1745	n
24535447	2416	1744	n
24535704	2416	1745	n
24535955	2416	1745	n
24536206	2417	1747	n
24536457	2416	1744	n
24546864	2416	1744	n
24547115	2416	1744	n
24547366	2416	1744	n
24547620	2416	1744	n
24547875	2416	1744	n
24548126	2416	1744	n
24558511	2416	1745	n
24558766	2417	1744	n
24559018	2417	1744	n
24559269	2416	1745	n
24559525	2416	1744	n
24559781	2417	1745	n
24570203	2417	1745	n
24570454	2416	1745	n
24570710	2417	1744	n
24570962	2417	1744	n
24571213	2416	1745	n
24571464	2416	1745	n
24581847	2416	1745	n
24582098	2417	1744	n
24582349	2417	1745	n
24582603	2417	1744	n
24582858	2416	1745	n
24583109	2416	1744	n
24593546	2416	1744	n
24593801	2417	1745	n
24594052	2416	1745	n
24594303	2417	1745	n
24594559	2417	1744	n
24594815	2416	1744	n
24605221	2416	1744	n
24605472	2418	1744	n
24605728	2416	1744	n
24605979	2416	1745	n
24606230	2416	1744	n
24606481	2416	1745	n
24606738	2416	1744	n
24617158	2417	1746	n
24617409	2416	1744	n
24617667	2416	1744	n
24617918	2416	1745	n
24618169	2417	1744	n
24618420	2417	1744	n
24628801	2416	1744	n
24629053	2416	1745	n
24629304	2417	1745	n
24629558	2416	1745	n
24629814	2416	1746	n
24630065	2417	1745	n
24640501	2416	1744	n
24640757	2416	1745	n
24641008	2416	1745	n
24641259	2417	1744	n
24641514	2416	1745	n
24641770	2416	1744	n
24652192	2416	1744	n
24652444	2416	1744	n
24652701	2416	1745	n
24652952	2417	1745	n
24653203	2416	1745	n
24653454	2416	1745	n
24663836	2417	1744	n
24664088	2417	1745	n
24664339	2417	1745	n
24664593	2418	1745	n
24664849	2419	1746	n
24665100	2417	1745	n
24675518	2416	1744	n
24675773	2416	1744	n
24676024	2417	1745	n
24676275	2418	1745	n
24676532	2416	1745	n
24676787	2417	1745	n
24677038	2417	1745	n
24687452	2416	1744	n
24687709	2416	1744	n
24687960	2417	1744	n
24688211	2416	1744	n
24688462	2416	1744	n
24688718	2416	1744	n
24699095	2416	1745	n
24699346	2416	1744	n
24699600	2416	1745	n
24699855	2416	1745	n
24700106	2416	1744	n
24700357	2416	1744	n
24710791	2416	1744	n
24711042	2417	1745	n
24711293	2417	1745	n
24711548	2416	1746	n
24711803	2417	1745	n
24712055	2416	1746	n
24722487	2416	1745	n
24722744	2418	1745	n
24722995	2416	1744	n
24723246	2417	1743	n
24723501	2416	1744	n
24723757	2416	1744	n
24734182	2416	1745	n
24734433	2417	1745	n
24734689	2416	1744	n
24734940	2416	1744	n
24735192	2416	1745	n
24735443	2