interval_id,segment_id,axis,configuration,direction,interval_number,start_peak_number,end_peak_number,start_time_s,end_time_s,start_angle_rad,measured_next_angle_rad,start_amplitude_deg,end_amplitude_deg,inertia_kg_m2,restoring_n_m,waveform_interval_count,quadratic_drag_basis,observed_loss_j,tau_basis,rod_basis,sphere_target_j,interval_weight,sphere_coulomb_loss_j,predicted_next_angle_rad,predicted_next_angle_deg,measured_next_angle_deg,angle_residual_deg,predicted_loss_j
IN_BALL_P_R01_H001,IN_BALL_P_R01,IN,BALL,P,1,0,1,10.6833885,11.20852399,-1.041948936,0.9318993303,59.69927651,53.39389856,0.0003590704495,0.01521613259,37,57.23970771,0.00139641245,1.973848266,57.23970771,0.00122488553,0.02702702703,0.0001568366819,0.9702987406,55.5940227,53.39389856,2.200124147,0.0009962689338
IN_BALL_P_R01_H002,IN_BALL_P_R01,IN,BALL,P,2,1,2,11.20852399,11.72583847,0.9318993303,-0.8907960982,53.39389856,51.03885683,0.0003590704495,0.01521613259,37,41.87687852,0.0004942631694,1.822695428,41.87687852,0.0003386892284,0.02702702703,0.0001448264833,-0.8729510604,-50.01641148,-51.03885683,1.02244535,0.0007589596409
IN_BALL_P_R01_H003,IN_BALL_P_R01,IN,BALL,P,3,2,3,11.72583847,12.24376459,-0.8907960982,0.8172329065,51.03885683,46.82399642,0.0003590704495,0.01521613259,37,36.85836967,0.0008437123367,1.708029005,36.85836967,0.0006985374529,0.02702702703,0.0001357153973,0.8361710219,47.90907051,46.82399642,1.085074089,0.0006762510759
IN_BALL_P_R01_H004,IN_BALL_P_R01,IN,BALL,P,4,3,4,12.24376459,12.7548692,0.8172329065,-0.7828339106,46.82399642,44.85307914,0.0003590704495,0.01521613259,37,28.8279216,0.0003754719674,1.600066817,28.8279216,0.000240936437,0.02702702703,0.0001271370118,-0.7697958428,-44.10605288,-44.85307914,0.7470262542,0.0005499044947
IN_BALL_P_R01_H005,IN_BALL_P_R01,IN,BALL,P,5,4,5,12.7548692,13.26736375,-0.7828339106,0.7321837016,44.85307914,41.95103593,0.0003590704495,0.01521613259,37,25.48121262,0.0005295020523,1.515017612,25.48121262,0.0004025832166,0.02702702703,0.0001203792304,0.7385190554,42.31402496,41.95103593,0.3629890345,0.000494066528
IN_BALL_P_R01_H006,IN_BALL_P_R01,IN,BALL,P,6,5,6,13.26736375,13.77484123,0.7321837016,-0.6980132362,41.95103593,39.99321248,0.0003590704495,0.01521613259,37,21.01164771,0.0003409053197,1.430196938,21.01164771,0.0002218731949,0.02702702703,0.0001136396074,-0.6922045195,-39.66039753,-39.99321248,0.3328149514,0.0004217798034
IN_BALL_P_R01_H007,IN_BALL_P_R01,IN,BALL,P,7,6,7,13.77484123,14.28277793,-0.6980132362,0.6551005087,39.99321248,37.53449431,0.0003590704495,0.01521613259,37,18.29553371,0.0004087983375,1.353113745,18.29553371,0.000296588111,0.02702702703,0.000107514784,0.6607801908,37.85991612,37.53449431,0.3254218145,0.0003758226016
IN_BALL_P_R01_H008,IN_BALL_P_R01,IN,BALL,P,8,7,8,14.28277793,14.78743851,0.6551005087,-0.6262128486,37.53449431,35.8793533,0.0003590704495,0.01521613259,37,15.21364877,0.0002627246441,1.281313357,15.21364877,0.0001570104315,0.02702702703,0.000101809718,-0.6211168963,-35.58737674,-35.8793533,0.2919765632,0.0003249210502
IN_BALL_P_R01_H009,IN_BALL_P_R01,IN,BALL,P,9,8,9,14.78743851,15.29297538,-0.6262128486,0.5903158765,35.8793533,33.8226083,0.0003590704495,0.01521613259,37,13.33835322,0.0003121134256,1.216528725,13.33835322,0.0002120281096,0.02702702703,9.666210514e-05,0.5942930198,34.05048183,33.8226083,0.2278735216,0.0002922718371
IN_BALL_P_R01_H010,IN_BALL_P_R01,IN,BALL,P,10,9,10,15.29297538,15.79561973,0.5903158765,-0.565054199,33.8226083,32.3752208,0.0003590704495,0.01521613259,37,11.22293987,0.0002099017399,1.155370075,11.22293987,0.0001152188345,0.02702702703,9.18026031e-05,-0.5608226985,-32.13277368,-32.3752208,0.2424471201,0.000256389357
IN_BALL_P_R01_H011,IN_BALL_P_R01,IN,BALL,P,11,10,11,15.79561973,16.29904449,-0.565054199,0.533957003,32.3752208,30.59348271,0.0003590704495,0.01521613259,37,9.871960207,0.0002471152235,1.099011202,9.871960207,0.0001572571638,0.02702702703,8.732447838e-05,0.5371793948,30.77811216,30.59348271,0.1846294479,0.0002320988338
IN_BALL_P_R01_H012,IN_BALL_P_R01,IN,BALL,P,12,11,12,16.29904449,16.79973874,0.533957003,-0.5104178769,30.59348271,29.24479013,0.0003590704495,0.01521613259,37,8.358900952,0.0001786451502,1.04437488,8.358900952,9.351666382e-05,0.02702702703,8.298322296e-05,-0.5079733044,-29.10472645,-29.24479013,0.1400636813,0.0002055682488
IN_BALL_P_R01_H013,IN_BALL_P_R01,IN,BALL,P,13,12,13,16.79973874,17.30094332,-0.5104178769,0.4852525989,29.24479013,27.80292591,0.0003590704495,0.01521613259,37,7.319544047,0.0001828480609,0.9956704758,7.319544047,0.0001018562407,0.02702702703,7.911330182e-05,0.4857915329,27.83380456,27.80292591,0.03087864375,0.0001864559419
IN_BALL_P_R01_H014,IN_BALL_P_R01,IN,BALL,P,14,13,14,17.30094332,17.80049352,0.4852525989,-0.4627631369,27.80292591,26.51437466,0.0003590704495,0.01521613259,37,6.305303381,0.0001561971293,0.9480157358,6.305303381,7.925212558e-05,0.02702702703,7.532678418e-05,-0.4620062783,-26.47100986,-26.51437466,0.04336480224,0.0001677953733
IN_BALL_P_R01_H015,IN_BALL_P_R01,IN,BALL,P,15,14,15,17.80049352,18.30075335,-0.4627631369,0.44027521,26.51437466,25.22591136,0.0003590704495,0.01521613259,37,5.4803789,0.0001493009534,0.9030383469,5.4803789,7.61414443e-05,0.02702702703,7.175300166e-05,0.4406905551,25.24970888,25.22591136,0.02379751734,0.0001521239013
IN_BALL_P_R01_H016,IN_BALL_P_R01,IN,BALL,P,16,15,16,18.30075335,18.79869855,0.44027521,-0.4192417814,25.22591136,24.02078467,0.0003590704495,0.01521613259,37,4.729270386,0.0001333457144,0.8595169914,4.729270386,6.383706301e-05,0.02702702703,6.829491164e-05,-0.4193178915,-24.02514546,-24.02078467,-0.004360789571,0.0001376506482
IN_BALL_P_R01_H017,IN_BALL_P_R01,IN,BALL,P,17,16,17,18.79869855,19.297846,-0.4192417814,0.3998503458,24.02078467,22.90973725,0.0003590704495,0.01521613259,37,4.090764156,0.0001174900348,0.8190921271,4.090764156,5.135730343e-05,0.02702702703,6.50828605e-05,0.3992766915,22.87686928,22.90973725,-0.03286796688,0.00012507477
IN_BALL_P_R01_H018,IN_BALL_P_R01,IN,BALL,P,18,17,18,19.297846,19.7937334,0.3998503458,-0.3793561027,22.90973725,21.73550362,0.0003590704495,0.01521613259,37,3.554645825,0.0001184426187,0.7792064485,3.554645825,5.561668791e-05,0.02702702703,6.19136516e-05,-0.3807558765,-21.81570475,-21.73550362,-0.08020113009,0.000114043274
IN_BALL_P_R01_H019,IN_BALL_P_R01,IN,BALL,P,19,18,19,19.7937334,20.29104433,-0.3793561027,0.3645617293,21.73550362,20.88784846,0.0003590704495,0.01521613259,37,3.040476831,8.181462095e-05,0.743917832,3.040476831,2.192458731e-05,0.02702702703,5.910971291e-05,0.3611362952,20.69158554,20.88784846,-0.1962629185,0.0001036989398
IN_BALL_P_R01_H020,IN_BALL_P_R01,IN,BALL,P,20,19,20,20.29104433,20.78758397,0.3645617293,-0.3445764712,20.88784846,19.74277752,0.0003590704495,0.01521613259,37,2.701429127,0.0001055770201,0.7091382005,2.701429127,4.853749719e-05,0.02702702703,5.63462168e-05,-0.3469438171,-19.87841645,-19.74277752,-0.1356389294,9.596323838e-05
IN_BALL_P_R01_H021,IN_BALL_P_R01,IN,BALL,P,21,20,21,20.78758397,21.28401774,-0.3445764712,0.3299320549,19.74277752,18.90371427,0.0003590704495,0.01521613259,37,2.284309411,7.373363907e-05,0.6745085261,2.284309411,1.955274845e-05,0.02702702703,5.359463588e-05,0.3277332254,18.77773062,18.90371427,-0.1259836519,8.709450982e-05
IN_BALL_P_R01_H022,IN_BALL_P_R01,IN,BALL,P,22,21,22,21.28401774,21.78033204,0.3299320549,-0.3094165938,18.90371427,17.72826494,0.0003590704495,0.01521613259,37,2.007252447,9.809874797e-05,0.6393486487,2.007252447,4.678267182e-05,0.02702702703,5.080092646e-05,-0.3136282561,-17.96957541,-17.72826494,-0.2413104728,8.023770225e-05
IN_BALL_P_R01_H023,IN_BALL_P_R01,IN,BALL,P,23,22,23,21.78033204,22.27746232,-0.3094165938,0.2974426168,17.72826494,17.04220659,0.0003590704495,0.01521613259,37,1.657794061,5.443939295e-05,0.6068592107,1.657794061,5.794526757e-06,0.02702702703,4.821940297e-05,0.2938275986,16.8350813,17.04220659,-0.2071252874,7.253129863e-05
IN_BALL_P_R01_H024,IN_BALL_P_R01,IN,BALL,P,24,23,24,22.27746232,22.77172351,0.2974426168,-0.2764305726,17.04220659,15.83830514,0.0003590704495,0.01521613259,37,1.473756628,9.048459926e-05,0.5738731894,1.473756628,4.450794586e-05,0.02702702703,4.559842232e-05,-0.2822500955,-16.17173924,-15.83830514,-0.3334341011,6.721137064e-05
IN_BALL_P_R01_H025,IN_BALL_P_R01,IN,BALL,P,25,24,25,22.77172351,23.26714133,-0.2764305726,0.265841048,15.83830514,15.23157007,0.0003590704495,0.01521613259,37,1.184402547,4.315502096e-05,0.5422716206,1.184402547,-2.363956045e-07,0.02702702703,4.308744653e-05,0.2618953077,15.0054958,15.23157007,-0.2260742682,6.04569569e-05
IN_BALL_P_R01_H026,IN_BALL_P_R01,IN,BALL,P,26,25,26,23.26714133,23.76052136,0.265841048,-0.2446167805,15.23157007,14.01550912,0.0003590704495,0.01521613259,37,1.054040136,8.153297958e-05,0.5104578285,1.054040136,4.070285823e-05,0.02702702703,4.055960806e-05,-0.2516182056,-14.41666123,-14.01550912,-0.4011521066,5.60173265e-05
IN_BALL_P_R01_H027,IN_BALL_P_R01,IN,BALL,P,27,26,27,23.76052136,24.25610065,-0.2446167805,0.236276918,14.01550912,13.5376702,0.0003590704495,0.01521613259,37,0.8220934046,3.021956081e-05,0.4808936985,0.8220934046,-8.201946385e-06,0.02702702703,3.82105217e-05,0.2309832284,13.23436412,13.5376702,-0.3033060725,5.026669294e-05
IN_BALL_P_R01_H028,IN_BALL_P_R01,IN,BALL,P,28,27,28,24.25610065,24.74905416,0.236276918,-0.2142906122,13.5376702,12.27794767,0.0003590704495,0.01521613259,37,0.7411409056,7.473049382e-05,0.4505675302,0.7411409056,3.87393985e-05,0.02702702703,3.580088581e-05,-0.2228608001,-12.76898326,-12.27794767,-0.4910355939,4.666987177e-05
IN_BALL_P_R01_H029,IN_BALL_P_R01,IN,BALL,P,29,28,29,24.74905416,25.2428146,-0.2142906122,0.2064484325,12.27794767,11.82862387,0.0003590704495,0.01521613259,37,0.5534484579,2.491808942e-05,0.4207390447,0.5534484579,-8.654744382e-06,0.02702702703,3.343079447e-05,0.2014128523,11.54010637,11.82862387,-0.2885174922,4.154723153e-05
IN_BALL_P_R01_H030,IN_BALL_P_R01,IN,BALL,P,30,29,30,25.2428146,25.73691849,0.2064484325,-0.1848380374,11.82862387,10.59043944,0.0003590704495,0.01521613259,37,0.4950464964,6.392184504e-05,0.3912864698,0.4950464964,3.270422226e-05,0.02702702703,3.109057197e-05,-0.1937489435,-11.10099674,-10.59043944,-0.5105573085,3.835053209e-05
IN_BALL_P_R01_H031,IN_BALL_P_R01,IN,BALL,P,31,30,31,25.73691849,26.23062304,-0.1848380374,0.1769681981,10.59043944,10.13953086,0.0003590704495,0.01521613259,37,0.3555927556,2.154486148e-05,0.3618062355,0.3555927556,-7.294551064e-06,0.02702702703,2.874815173e-05,0.1725955473,9.888996422,10.13953086,-0.2505344379,3.396299366e-05
IN_BALL_P_R01_H032,IN_BALL_P_R01,IN,BALL,P,32,31,32,26.23062304,26.72053477,0.1769681981,-0.1550363279,10.13953086,8.882927262,0.0003590704495,0.01521613259,37,0.312167956,5.514279759e-05,0.3320045261,0.312167956,2.868249355e-05,0.02702702703,2.638018794e-05,-0.1648794857,-9.44689866,-8.882927262,-0.5639713978,3.095819612e-05
IN_BALL_P_R01_H033,IN_BALL_P_R01,IN,BALL,P,33,32,33,26.72053477,27.21542052,-0.1550363279,0.1487904854,8.882927262,8.525066846,0.0003590704495,0.01521613259,37,0.2100484762,1.438199078e-05,0.3038268133,0.2100484762,-9.813179506e-06,0.02702702703,2.414126257e-05,0.1433401062,8.212783119,8.525066846,-0.3122837268,2.722166728e-05
IN_BALL_P_R01_H034,IN_BALL_P_R01,IN,BALL,P,34,33,34,27.21542052,27.70607898,0.1487904854,-0.1256992362,8.525066846,7.202035723,0.0003590704495,0.01521613259,37,0.185706483,4.806997446e-05,0.2744897216,0.185706483,2.621209791e-05,0.02702702703,2.181021605e-05,-0.1371963082,-7.860769423,-7.202035723,-0.6587337002,2.453364036e-05
IN_BALL_P_R01_H035,IN_BALL_P_R01,IN,BALL,P,35,34,35,27.70607898,28.1945906,-0.1256992362,0.1193276283,7.202035723,6.836969479,0.0003590704495,0.01521613259,37,0.1120404691,1.184811691e-05,0.2450268645,0.1120404691,-7.649814184e-06,0.02702702703,1.946917656e-05,0.114444856,6.557207235,6.836969479,-0.2797622438,2.11122734e-05
IN_BALL_P_R01_H036,IN_BALL_P_R01,IN,BALL,P,36,35,36,28.1945906,28.68364764,0.1193276283,-0.09607255259,6.836969479,5.504551791,0.0003590704495,0.01521613259,37,0.09586671814,3.803543715e-05,0.2154001809,0.09586671814,2.089571367e-05,0.02702702703,1.711511985e-05,-0.1081566446,-6.196919263,-5.504551791,-0.6923674719,1.852102526e-05
IN_BALL_P_R01_H037,IN_BALL_P_R01,IN,BALL,P,37,36,37,28.68364764,29.17387106,-0.09607255259,0.08946892117,5.504551791,5.126191581,0.0003590704495,0.01521613259,37,0.05005649549,9.308381946e-06,0.1855414738,0.05005649549,-5.447091939e-06,0.02702702703,1.474262718e-05,0.08516786719,4.87975934,5.126191581,-0.2464322403,1.547671612e-05
IN_BALL_N_R01_H001,IN_BALL_N_R01,IN,BALL,N,1,0,1,46.7915144,47.31559183,0.9980384012,-0.9405725607,57.18338818,53.89083805,0.0003590704495,0.01521613259,38,50.77050282,0.0007208438711,1.938610962,50.77050282,0.0005537770961,0.02631578947,0.0001540368203,-0.931657596,-53.3800482,-53.89083805,0.5107898492,0.0008985968331
IN_BALL_N_R01_H002,IN_BALL_N_R01,IN,BALL,N,2,1,2,47.31559183,47.83297336,-0.9405725607,0.861771093,53.89083805,49.37584654,0.0003590704495,0.01521613259,38,42.98535568,0.0009398804791,1.802343654,42.98535568,0.0007856391512,0.02631578947,0.000143209386,0.8806841665,50.45948582,49.37584654,1.083639286,0.0007735985923
IN_BALL_N_R01_H003,IN_BALL_N_R01,IN,BALL,N,3,2,3,47.83297336,48.34859029,0.861771093,-0.8244979751,49.37584654,47.24025419,0.0003590704495,0.01521613259,38,33.54566077,0.0004234863555,1.686269068,33.54566077,0.0002808906453,0.02631578947,0.0001339864112,-0.8100596924,-46.41300153,-47.24025419,0.827252664,0.0006259405229
IN_BALL_N_R01_H004,IN_BALL_N_R01,IN,BALL,N,4,3,4,48.34859029,48.86192051,-0.8244979751,0.762901323,47.24025419,43.71102599,0.0003590704495,0.01521613259,38,29.56761531,0.000668118134,1.587399298,29.56761531,0.0005343992924,0.02631578947,0.0001261304848,0.7763818837,44.48340522,43.71102599,0.7723792332,0.0005597457302
IN_BALL_N_R01_H005,IN_BALL_N_R01,IN,BALL,N,5,4,5,48.86192051,49.37149925,0.762901323,-0.7314815358,43.71102599,41.91080479,0.0003590704495,0.01521613259,38,23.65799052,0.000324885953,1.494382859,23.65799052,0.0002000746188,0.02631578947,0.0001187396483,-0.720332087,-41.27198843,-41.91080479,0.6388163634,0.0004656890135
IN_BALL_N_R01_H006,IN_BALL_N_R01,IN,BALL,N,6,5,6,49.37149925,49.87999705,-0.7314815358,0.6808835289,41.91080479,39.01175255,0.0003590704495,0.01521613259,38,20.95344212,0.0004995648797,1.412365065,20.95344212,0.0003819645657,0.02631578947,0.0001122227347,0.691560206,39.62348108,39.01175255,0.6117285398,0.0004195093336
IN_BALL_N_R01_H007,IN_BALL_N_R01,IN,BALL,N,7,6,7,49.87999705,50.38628316,0.6808835289,-0.6552117845,39.01175255,37.54086994,0.0003590704495,0.01521613259,38,17.02208037,0.0002419675687,1.336095313,17.02208037,0.0001314364055,0.02631578947,0.0001061625451,-0.6449753131,-36.95436333,-37.54086994,0.5865066123,0.000355794904
IN_BALL_N_R01_H008,IN_BALL_N_R01,IN,BALL,N,8,7,8,50.38628316,50.89344735,-0.6552117845,0.6127152082,37.54086994,35.10599547,0.0003590704495,0.01521613259,38,15.22117797,0.0003829998593,1.267926993,15.22117797,0.0002783473589,0.02631578947,0.0001007460734,0.6212201092,35.59329041,35.10599547,0.4872949374,0.0003239678231
IN_BALL_N_R01_H009,IN_BALL_N_R01,IN,BALL,N,9,8,9,50.89344735,51.3965809,0.6127152082,-0.5894023657,35.10599547,33.77026799,0.0003590704495,0.01521613259,38,12.51545454,0.0002006016879,1.202117574,12.51545454,0.0001018726354,0.02631578947,9.551703376e-05,-0.5817261502,-33.33045324,-33.77026799,0.4398147533,0.0002790587849
IN_BALL_N_R01_H010,IN_BALL_N_R01,IN,BALL,N,10,9,10,51.3965809,51.90086869,-0.5894023657,0.554626974,33.77026799,31.77778481,0.0003590704495,0.01521613259,38,11.17213422,0.0002864271654,1.14402934,11.17213422,0.0001926584034,0.02631578947,9.090149869e-05,0.5599690289,32.08386201,31.77778481,0.3060772011,0.0002547431772
IN_BALL_N_R01_H011,IN_BALL_N_R01,IN,BALL,N,11,10,11,51.90086869,52.40252065,0.554626974,-0.5320383906,31.77778481,30.48355432,0.0003590704495,0.01521613259,38,9.346471583,0.0001776918599,1.086665365,9.346471583,8.894963094e-05,0.02631578947,8.63435113e-05,-0.5273762898,-30.21643562,-30.48355432,0.2671187022,0.0002234114664
IN_BALL_N_R01_H012,IN_BALL_N_R01,IN,BALL,N,12,11,12,52.40252065,52.90421134,-0.5320383906,0.503554589,30.48355432,28.8515527,0.0003590704495,0.01521613259,38,8.270824118,0.0002145178937,1.03559298,8.270824118,0.000130109798,0.02631578947,8.228543676e-05,0.5061678928,29.00128398,28.8515527,0.1497312816,0.0002035787975
IN_BALL_N_R01_H013,IN_BALL_N_R01,IN,BALL,N,13,12,13,52.90421134,53.40469622,0.503554589,-0.4818127609,28.8515527,27.60583771,0.0003590704495,0.01521613259,38,7.033160879,0.0001564752525,0.9853673499,7.033160879,7.637558946e-05,0.02631578947,7.829464311e-05,-0.4793119575,-27.46255223,-27.60583771,0.143285482,0.0001814374143
IN_BALL_N_R01_H014,IN_BALL_N_R01,IN,BALL,N,14,13,14,53.40469622,53.90524788,-0.4818127609,0.4569184006,27.60583771,26.17949593,0.0003590704495,0.01521613259,38,6.174228774,0.0001713327462,0.9387311614,6.174228774,9.51591094e-05,0.02631578947,7.458905684e-05,0.458750337,26.28445816,26.17949593,0.1049622283,0.0001651354095
IN_BALL_N_R01_H015,IN_BALL_N_R01,IN,BALL,N,15,14,15,53.90524788,54.40435851,0.4569184006,-0.4363725109,26.17949593,25.00230317,0.0003590704495,0.01521613259,38,5.278191344,0.0001350353693,0.8932909115,5.278191344,6.270225556e-05,0.02631578947,7.097849662e-05,-0.4351405142,-24.93171496,-25.00230317,0.07058821352,0.0001483842735
IN_BALL_N_R01_H016,IN_BALL_N_R01,IN,BALL,N,16,15,16,54.40435851,54.90371106,-0.4363725109,0.4157016826,25.00230317,23.81795195,0.0003590704495,0.01521613259,38,4.606202293,0.0001299820769,0.8520741936,4.606202293,6.109639494e-05,0.02631578947,6.770352691e-05,0.4156033931,23.81232037,23.81795195,-0.005631579137,0.0001352544442
IN_BALL_N_R01_H017,IN_BALL_N_R01,IN,BALL,N,17,16,17,54.90371106,55.4015174,0.4157016826,-0.3947835308,23.81795195,22.61943013,0.0003590704495,0.01521613259,38,3.989193736,0.0001254822419,0.8104852134,3.989193736,6.00594602e-05,0.02631578947,6.439897825e-05,-0.3958986475,-22.68332162,-22.61943013,-0.06389148369,0.0001229013364
IN_BALL_N_R01_H018,IN_BALL_N_R01,IN,BALL,N,18,17,18,55.4015174,55.90020077,-0.3947835308,0.3775092781,22.61943013,21.62968836,0.0003590704495,0.01521613259,38,3.422603899,9.899268821e-05,0.7722928088,3.422603899,3.674998444e-05,0.02631578947,6.136431236e-05,0.3759096112,21.5380342,21.62968836,-0.09165416141,0.0001115575124
IN_BALL_N_R01_H019,IN_BALL_N_R01,IN,BALL,N,19,18,19,55.90020077,56.39720034,0.3775092781,-0.3563065404,21.62968836,20.41486098,0.0003590704495,0.01521613259,38,2.996707248,0.0001157329003,0.7338158184,2.996707248,5.665677875e-05,0.02631578947,5.830703404e-05,-0.3593658898,-20.59014879,-20.41486098,-0.1752878094,0.0001022543709
IN_BALL_N_R01_H020,IN_BALL_N_R01,IN,BALL,N,20,19,20,56.39720034,56.89431107,-0.3563065404,0.3415428746,20.41486098,19.56896524,0.0003590704495,0.01521613259,38,2.523545523,7.680292817e-05,0.697849415,2.523545523,2.070603464e-05,0.02631578947,5.544924022e-05,0.3390142152,19.42408373,19.56896524,-0.1448815099,9.245756165e-05
IN_BALL_N_R01_H021,IN_BALL_N_R01,IN,BALL,N,21,20,21,56.89431107,57.3897702,0.3415428746,-0.3211493558,19.56896524,18.40050268,0.0003590704495,0.01521613259,38,2.224971538,0.000100947284,0.6626922304,2.224971538,4.772051318e-05,0.02631578947,5.265574476e-05,-0.3248133337,-18.61043315,-18.40050268,-0.2099304694,8.528541643e-05
IN_BALL_N_R01_H022,IN_BALL_N_R01,IN,BALL,N,22,21,22,57.3897702,57.88661739,-0.3211493558,0.3083219427,18.40050268,17.66554605,0.0003590704495,0.01521613259,38,1.852246241,6.042162558e-05,0.6294712985,1.852246241,9.9301586e-06,0.02631578947,5.001609874e-05,0.3051579546,17.48426288,17.66554605,-0.1812831615,7.717967618e-05
IN_BALL_N_R01_H023,IN_BALL_N_R01,IN,BALL,N,23,22,23,57.88661739,58.38195676,0.3083219427,-0.287718155,17.66554605,16.48503597,0.0003590704495,0.01521613259,38,1.640372672,9.20537098e-05,0.5960400977,1.640372672,4.427297236e-05,0.02631578947,4.735974531e-05,-0.2927702691,-16.77450078,-16.48503597,-0.2894648119,7.141615267e-05
IN_BALL_N_R01_H024,IN_BALL_N_R01,IN,BALL,N,24,23,24,58.38195676,58.87710819,-0.287718155,0.2770358965,16.48503597,15.87298765,0.0003590704495,0.01521613259,38,1.334644891,4.529056125e-05,0.5647540516,1.334644891,7.419227201e-08,0.02631578947,4.487384012e-05,0.2728361222,15.6323583,15.87298765,-0.2406293434,6.444668581e-05
IN_BALL_N_R01_H025,IN_BALL_N_R01,IN,BALL,N,25,24,25,58.87710819,59.37323362,0.2770358965,-0.2559939413,15.87298765,14.66737242,0.0003590704495,0.01521613259,38,1.192160335,8.432382995e-05,0.5330298378,1.192160335,4.166474962e-05,0.02631578947,4.23531193e-05,-0.2624824094,-15.03913425,-14.66737242,-0.3717618364,5.983639925e-05
IN_BALL_N_R01_H026,IN_BALL_N_R01,IN,BALL,N,26,25,26,59.37323362,59.86776243,-0.2559939413,0.2460372197,14.66737242,14.09689429,0.0003590704495,0.01521613259,38,0.9416807411,3.763129696e-05,0.5020311609,0.9416807411,-2.500427619e-06,0.02631578947,3.989004769e-05,0.2420505034,13.86847227,14.09689429,-0.2284220154,5.369999216e-05
IN_BALL_N_R01_H027,IN_BALL_N_R01,IN,BALL,N,27,26,27,59.86776243,60.36183386,0.2460372197,-0.2254200936,14.09689429,12.91561998,0.0003590704495,0.01521613259,38,0.8364395078,7.326684282e-05,0.4714573132,0.8364395078,3.559144362e-05,0.02631578947,3.746073187e-05,-0.2323654447,-13.31355929,-12.91561998,-0.3979393088,4.97272917e-05
IN_BALL_N_R01_H028,IN_BALL_N_R01,IN,BALL,N,28,27,28,60.36183386,60.85557421,-0.2254200936,0.2165166721,12.91561998,12.4054915,0.0003590704495,0.01521613259,38,0.6439213052,2.969271669e-05,0.4419367656,0.6439213052,-5.587650414e-06,0.02631578947,3.511510844e-05,0.2122760465,12.16252156,12.4054915,-0.2429699473,4.455834868e-05
IN_BALL_N_R01_H029,IN_BALL_N_R01,IN,BALL,N,29,28,29,60.85557421,61.34874733,0.2165166721,-0.195378992,12.4054915,11.19439165,0.0003590704495,0.01521613259,38,0.5708211681,6.577128494e-05,0.4118956641,0.5708211681,3.289666381e-05,0.02631578947,3.272812319e-05,-0.2035828456,-11.66443783,-11.19439165,-0.4700461869,4.109933468e-05
IN_BALL_N_R01_H030,IN_BALL_N_R01,IN,BALL,N,30,29,30,61.34874733,61.84419985,-0.195378992,0.1875748775,11.19439165,10.74724882,0.0003590704495,0.01521613259,38,0.4197959207,2.259884503e-05,0.3829538695,0.4197959207,-7.937379085e-06,0.02631578947,3.042848593e-05,0.1829204801,10.48057149,10.74724882,-0.2666773299,3.658488066e-05
IN_BALL_N_R01_H031,IN_BALL_N_R01,IN,BALL,N,31,30,31,61.84419985,62.33632827,0.1875748775,-0.1659375401,10.74724882,9.507520713,0.0003590704495,0.01521613259,38,0.3715853341,5.789092922e-05,0.3535124176,0.3715853341,2.970641676e-05,0.02631578947,2.808914724e-05,-0.1752773082,-10.04265001,-9.507520713,-0.535129293,3.353852366e-05
IN_BALL_N_R01_H032,IN_BALL_N_R01,IN,BALL,N,32,31,32,62.33632827,62.82767164,-0.1659375401,0.1589676306,9.507520713,9.108174314,0.0003590704495,0.01521613259,38,0.257454796,1.715320413e-05,0.3249051708,0.257454796,-8.728962383e-06,0.02631578947,2.581609224e-05,0.1540528668,8.826579088,9.108174314,-0.2815952264,2.959172052e-05
IN_BALL_N_R01_H033,IN_BALL_N_R01,IN,BALL,N,33,32,33,62.82767164,63.32056947,0.1589676306,-0.1365240653,9.108174314,7.822252746,0.0003590704495,0.01521613259,38,0.2264078964,5.027141704e-05,0.295491696,0.2264078964,2.673433424e-05,0.02631578947,2.347897653e-05,-0.1472049717,-8.434223604,-7.822252746,-0.6119708579,2.679929555e-05
IN_BALL_N_R01_H034,IN_BALL_N_R01,IN,BALL,N,34,33,34,63.32056947,63.81051611,-0.1365240653,0.1304429691,7.822252746,7.473831595,0.0003590704495,0.01521613259,38,0.143509715,1.231466691e-05,0.2669670344,0.143509715,-8.934647558e-06,0.02631578947,2.121248353e-05,0.1251177274,7.16871772,7.473831595,-0.3051138753,2.331708343e-05
IN_BALL_N_R01_H035,IN_BALL_N_R01,IN,BALL,N,35,34,35,63.81051611,64.30006605,0.1304429691,-0.1066592657,7.473831595,6.111125771,0.0003590704495,0.01521613259,38,0.1251947836,4.280173889e-05,0.2371022348,0.1251947836,2.393010162e-05,0.02631578947,1.883950676e-05,-0.1191239078,-6.825297155,-6.111125771,-0.7141713843,2.067551438e-05
IN_BALL_N_R01_H036,IN_BALL_N_R01,IN,BALL,N,36,35,36,64.30006605,64.78943103,-0.1066592657,0.101378047,6.111125771,5.808534229,0.0003590704495,0.01521613259,38,0.06848019389,8.343835227e-06,0.2080373127,0.06848019389,-8.203825938e-06,0.02631578947,1.653008612e-05,0.09564074229,5.479810883,5.808534229,-0.3287233464,1.753436245e-05
IN_BALL_N_R01_H037,IN_BALL_N_R01,IN,BALL,N,37,36,37,64.78943103,65.34679152,0.101378047,-0.07732937897,5.808534229,4.430647047,0.0003590704495,0.01521613259,38,0.05880966491,3.265272185e-05,0.178707426,0.05880966491,1.84380166e-05,0.02631578947,1.419961209e-05,-0.09042089865,-5.180735872,-4.430647047,-0.750088825,1.50620681e-05
IN_BALL_N_R01_H038,IN_BALL_N_R01,IN,BALL,N,38,37,38,65.34679152,65.75925222,-0.07732937897,0.0708161754,4.430647047,4.057467972,0.0003590704495,0.01521613259,38,0.02611182337,7.33431532e-06,0.1481455544,0.02611182337,-4.443633987e-06,0.02631578947,1.177124786e-05,0.06659588073,3.815662899,4.057467972,-0.241805073,1.21541832e-05
IN_BALL_P_R02_H001,IN_BALL_P_R02,IN,BALL,P,1,0,1,78.80413617,79.32991072,-1.04171351,0.9478709308,59.68578757,54.30900386,0.0003590704495,0.01521613259,37,57.20381439,0.001197080708,1.989584441,57.20381439,0.001024312645,0.02702702703,0.000158087036,0.9700924217,55.5822015,54.30900386,1.273197646,0.0009969929048
IN_BALL_P_R02_H002,IN_BALL_P_R02,IN,BALL,P,2,1,2,79.32991072,79.84955898,0.9478709308,-0.9005276968,54.30900386,51.59643636,0.0003590704495,0.01521613259,37,43.93157523,0.0005749101481,1.848398628,43.93157523,0.000416766574,0.02702702703,0.0001468687905,-0.8871821251,-50.83179143,-51.59643636,0.764644934,0.0007911345039
IN_BALL_P_R02_H003,IN_BALL_P_R02,IN,BALL,P,3,2,3,79.84955898,80.3673169,-0.9005276968,0.8261598951,51.59643636,47.33547519,0.0003590704495,0.01521613259,37,38.0117049,0.0008598330435,1.726687592,38.0117049,0.0007128796017,0.02702702703,0.0001371979585,0.844899819,48.40919374,47.33547519,1.073718553,0.0006946475388
IN_BALL_P_R02_H004,IN_BALL_P_R02,IN,BALL,P,4,3,4,80.3673169,80.87941519,0.8261598951,-0.7911976937,47.33547519,45.33228861,0.0003590704495,0.01521613259,37,29.73844912,0.0003848086041,1.617357589,29.73844912,0.0002486655137,0.02702702703,0.0001285108901,-0.7778875834,-44.56967546,-45.33228861,0.7626131467,0.0005646314489
IN_BALL_P_R02_H005,IN_BALL_P_R02,IN,BALL,P,5,4,5,80.87941519,81.39060952,-0.7911976937,0.7328215336,45.33228861,41.98758101,0.0003590704495,0.01521613259,37,26.2714529,0.0006131465126,1.524019227,26.2714529,0.0004853096222,0.02702702703,0.0001210944746,0.7461394182,42.75063959,41.98758101,0.7630585789,0.0005063708107
IN_BALL_P_R02_H006,IN_BALL_P_R02,IN,BALL,P,6,5,6,81.39060952,81.89894301,0.7328215336,-0.7035580569,41.98758101,40.3109073,0.0003590704495,0.01521613259,37,21.06460826,0.0002929918674,1.43637959,21.06460826,0.0001734548936,0.02702702703,0.0001141308644,-0.6927897486,-39.69392868,-40.3109073,0.616978617,0.000423047738
IN_BALL_P_R02_H007,IN_BALL_P_R02,IN,BALL,P,7,6,7,81.89894301,82.4072279,-0.7035580569,0.6556672822,40.3109073,37.56696803,0.0003590704495,0.01521613259,37,18.72024719,0.0004579459878,1.359225339,18.72024719,0.0003451411503,0.02702702703,0.0001080003948,0.6658889712,38.15262767,37.56696803,0.5856596399,0.0003825367243
IN_BALL_P_R02_H008,IN_BALL_P_R02,IN,BALL,P,8,7,8,82.4072279,82.91294622,0.6556672822,-0.6303323479,37.56696803,36.11538323,0.0003590704495,0.01521613259,37,15.25202282,0.0002311390212,1.28599963,15.25202282,0.0001250426015,0.02702702703,0.0001021820767,-0.621642653,-35.61750038,-36.11538323,0.4978828475,0.0003258561724
IN_BALL_P_R02_H009,IN_BALL_P_R02,IN,BALL,P,9,8,9,82.91294622,83.41880167,-0.6303323479,0.5920218884,36.11538323,33.92035558,0.0003590704495,0.01521613259,37,13.59620458,0.0003344874003,1.222354236,13.59620458,0.0002338730288,0.02702702703,9.712498461e-05,0.5981246959,34.2700207,33.92035558,0.3496651136,0.0002965161606
IN_BALL_P_R02_H010,IN_BALL_P_R02,IN,BALL,P,10,9,10,83.41880167,83.92110174,0.5920218884,-0.5679860212,33.92035558,32.54320184,0.0003590704495,0.01521613259,37,11.31821781,0.0002004267922,1.16000791,11.31821781,0.0001053509244,0.02702702703,9.217111294e-05,-0.5624167043,-32.22410348,-32.54320184,0.3190983509,0.0002581551377
IN_BALL_P_R02_H011,IN_BALL_P_R02,IN,BALL,P,11,10,11,83.92110174,84.42429312,-0.5679860212,0.5350704605,32.54320184,30.65727913,0.0003590704495,0.01521613259,37,10.02306183,0.0002624269932,1.103056482,10.02306183,0.0001722087272,0.02702702703,8.764590543e-05,0.5399274072,30.93556167,30.65727913,0.2782825473,0.0002346361976
IN_BALL_P_R02_H012,IN_BALL_P_R02,IN,BALL,P,12,11,12,84.42429312,84.92474849,0.5350704605,-0.5124182562,30.65727913,29.35940343,0.0003590704495,0.01521613259,37,8.410292947,0.0001723792411,1.047488717,8.410292947,8.699014817e-05,0.02702702703,8.323064007e-05,-0.5090208763,-29.1647479,-29.35940343,0.1946555292,0.0002065693402
IN_BALL_P_R02_H013,IN_BALL_P_R02,IN,BALL,P,13,12,13,84.92474849,85.42676575,-0.5124182562,0.4857788168,29.35940343,27.83307598,0.0003590704495,0.01521613259,37,7.404413261,0.000194008288,0.998197073,7.404413261,0.0001127939299,0.02702702703,7.931405845e-05,0.4876789119,27.94194341,27.83307598,0.108867432,0.0001879013232
IN_BALL_P_R02_H014,IN_BALL_P_R02,IN,BALL,P,14,13,14,85.42676575,85.92563572,0.4857788168,-0.4636652234,27.83307598,26.56606041,0.0003590704495,0.01521613259,37,6.325513008,0.0001538004613,0.9494440401,6.325513008,7.673678171e-05,0.02702702703,7.54402734e-05,-0.4625043832,-26.49954916,-26.56606041,0.06651124319,0.000168205241
IN_BALL_P_R02_H015,IN_BALL_P_R02,IN,BALL,P,15,14,15,85.92563572,86.4267168,-0.4636652234,0.441226032,26.56606041,25.28038945,0.0003590704495,0.01521613259,37,5.512027395,0.0001492619597,0.9048912554,5.512027395,7.594710113e-05,0.02702702703,7.190022879e-05,0.4415466845,25.29876148,25.28038945,0.01837203201,0.0001527352602
IN_BALL_P_R02_H016,IN_BALL_P_R02,IN,BALL,P,16,15,16,86.4267168,86.92414188,0.441226032,-0.4192504143,25.28038945,24.0212793,0.0003590704495,0.01521613259,37,4.759575544,0.000139464486,0.8604764464,4.759575544,6.987182124e-05,0.02702702703,6.837114735e-05,-0.4202230822,-24.07700907,-24.0212793,-0.05572976616,0.0001381713154
IN_BALL_P_R02_H017,IN_BALL_P_R02,IN,BALL,P,17,16,17,86.92414188,87.4234216,-0.4192504143,0.400605946,24.0212793,22.95302995,0.0003590704495,0.01521613259,37,4.091013894,0.0001130638277,0.8198563603,4.091013894,4.687030835e-05,0.02702702703,6.514358441e-05,0.3992849277,22.87734118,22.95302995,-0.07568877362,0.0001251391564
IN_BALL_P_R02_H018,IN_BALL_P_R02,IN,BALL,P,18,17,18,87.4234216,87.92085459,0.400605946,-0.3789495777,22.95302995,21.71221145,0.0003590704495,0.01521613259,37,3.574618447,0.0001252118489,0.7795555236,3.574618447,6.23530557e-05,0.02702702703,6.194138817e-05,-0.3814782508,-21.85709374,-21.71221145,-0.1448822971,0.0001143639132
IN_BALL_P_R02_H019,IN_BALL_P_R02,IN,BALL,P,19,18,19,87.92085459,88.41913948,-0.3789495777,0.3640147472,21.71221145,20.85650869,0.0003590704495,0.01521613259,37,3.030806423,8.249040874e-05,0.7429643248,3.030806423,2.267862008e-05,0.02702702703,5.903394979e-05,0.3607464783,20.66925068,20.85650869,-0.1872580139,0.0001034813581
IN_BALL_P_R02_H020,IN_BALL_P_R02,IN,BALL,P,20,19,20,88.41913948,88.91508071,0.3640147472,-0.3417979365,20.85650869,19.58357921,0.0003590704495,0.01521613259,37,2.689395412,0.000116837994,0.7058126837,2.689395412,6.006579608e-05,0.02702702703,5.608198017e-05,-0.346418635,-19.84832573,-19.58357921,-0.2647465209,9.55225248e-05
IN_BALL_P_R02_H021,IN_BALL_P_R02,IN,BALL,P,21,20,21,88.91508071,89.41248335,-0.3417979365,0.3285264439,19.58357921,18.82317869,0.0003590704495,0.01521613259,37,2.229921045,6.64223501e-05,0.6703243804,2.229921045,1.258787891e-05,0.02702702703,5.32621749e-05,0.3250588675,18.6245012,18.82317869,-0.1986774887,8.596443212e-05
IN_BALL_P_R02_H022,IN_BALL_P_R02,IN,BALL,P,22,21,22,89.41248335,89.90832144,0.3285264439,-0.3070168273,18.82317869,17.59076845,0.0003590704495,0.01521613259,37,1.981891062,0.0001022609582,0.6355432712,1.981891062,5.125375603e-05,0.02702702703,5.049856138e-05,-0.3122731938,-17.89193606,-17.59076845,-0.3011676113,7.956340716e-05
IN_BALL_P_R02_H023,IN_BALL_P_R02,IN,BALL,P,23,22,23,89.90832144,90.40313378,-0.3070168273,0.29579578,17.59076845,16.94784979,0.0003590704495,0.01521613259,37,1.619760243,5.068647272e-05,0.6028126073,1.619760243,2.372899918e-06,0.02702702703,4.789787074e-05,0.2915093586,16.70225594,16.94784979,-0.2455938534,7.165199253e-05
IN_BALL_P_R02_H024,IN_BALL_P_R02,IN,BALL,P,24,23,24,90.40313378,90.89855817,0.29579578,-0.2737027214,16.94784979,15.68201078,0.0003590704495,0.01521613259,37,1.449554835,9.443413776e-05,0.5694985014,1.449554835,4.881129658e-05,0.02702702703,4.525082136e-05,-0.2806575432,-16.08049271,-15.68201078,-0.3984819344,6.650884534e-05
IN_BALL_P_R02_H025,IN_BALL_P_R02,IN,BALL,P,25,24,25,90.89855817,91.39392296,-0.2737027214,0.2636476764,15.68201078,15.10589914,0.0003590704495,0.01521613259,37,1.149856844,4.061405943e-05,0.5373503979,1.149856844,-2.377464049e-06,0.02702702703,4.269641939e-05,0.2592491508,14.85388218,15.10589914,-0.2520169525,5.955930984e-05
IN_BALL_P_R02_H026,IN_BALL_P_R02,IN,BALL,P,26,25,26,91.39392296,91.88769505,0.2636476764,-0.2418283901,15.10589914,13.85574612,0.0003590704495,0.01521613259,37,1.028284787,8.301821479e-05,0.5054760666,1.028284787,4.259054083e-05,0.02702702703,4.016377064e-05,-0.249488009,-14.29460995,-13.85574612,-0.4388638314,5.524378151e-05
IN_BALL_P_R02_H027,IN_BALL_P_R02,IN,BALL,P,27,26,27,91.88769505,92.38350787,-0.2418283901,0.2336730861,13.85574612,13.38848162,0.0003590704495,0.01521613259,37,0.7944074124,2.92257677e-05,0.4755014763,0.7944074124,-8.760182548e-06,0.02702702703,3.77820702e-05,0.2282681545,13.07880185,13.38848162,-0.3096797728,4.943222059e-05
IN_BALL_P_R02_H028,IN_BALL_P_R02,IN,BALL,P,28,27,28,92.38350787,92.87717459,0.2336730861,-0.211063733,13.38848162,12.09306111,0.0003590704495,0.01521613259,37,0.7169951244,7.587019458e-05,0.4447368191,0.7169951244,4.034858877e-05,0.02702702703,3.533759317e-05,-0.2203234207,-12.62360213,-12.09306111,-0.5305410232,4.585247621e-05
IN_BALL_P_R02_H029,IN_BALL_P_R02,IN,BALL,P,29,28,29,92.87717459,93.37148987,-0.211063733,0.2040277434,12.09306111,11.6899286,0.0003590704495,0.01521613259,37,0.5288935576,2.206073694e-05,0.4150914765,0.5288935576,-1.105705438e-05,0.02702702703,3.298205386e-05,0.198259389,11.35942624,11.6899286,-0.3305023668,4.073838819e-05
IN_BALL_P_R02_H030,IN_BALL_P_R02,IN,BALL,P,30,29,30,93.37148987,93.86562389,0.2040277434,-0.1810478308,11.6899286,10.37327659,0.0003590704495,0.01521613259,37,0.4778835774,6.690714231e-05,0.3850755742,0.4778835774,3.618742538e-05,0.02702702703,3.059707089e-05,-0.1913815882,-10.96535728,-10.37327659,-0.5920806854,3.760533322e-05
IN_BALL_P_R02_H031,IN_BALL_P_R02,IN,BALL,P,31,30,31,93.86562389,94.35713387,-0.1810478308,0.1748744064,10.37327659,10.01956543,0.0003590704495,0.01521613259,37,0.334209754,1.66287677e-05,0.3559222371,0.334209754,-1.173763032e-05,0.02702702703,2.828062502e-05,0.1688802539,9.676125792,10.01956543,-0.3434396381,3.318188077e-05
IN_BALL_P_R02_H032,IN_BALL_P_R02,IN,BALL,P,32,31,32,94.35713387,94.85069264,0.1748744064,-0.1518621766,10.01956543,8.701061787,0.0003590704495,0.01521613259,37,0.3012405389,5.694919903e-05,0.326736583,0.3012405389,3.091027607e-05,0.02702702703,2.596161133e-05,-0.1628254567,-9.329211464,-8.701061787,-0.6281496779,3.037936666e-05
IN_BALL_P_R02_H033,IN_BALL_P_R02,IN,BALL,P,33,32,33,94.85069264,95.34185742,-0.1518621766,0.1459691096,8.701061787,8.363413921,0.0003590704495,0.01521613259,37,0.1974287112,1.330390154e-05,0.2978312862,0.1974287112,-1.041164148e-05,0.02702702703,2.366487409e-05,0.1402183969,8.033922351,8.363413921,-0.3294915699,2.656020731e-05
IN_BALL_P_R02_H034,IN_BALL_P_R02,IN,BALL,P,34,33,34,95.34185742,95.83115752,0.1459691096,-0.1230260054,8.363413921,7.04887088,0.0003590704495,0.01521613259,37,0.1753559877,4.681135104e-05,0.268995115,0.1753559877,2.539271757e-05,0.02702702703,2.137362937e-05,-0.1344213305,-7.701774914,-7.04887088,-0.6529040342,2.39452615e-05
IN_BALL_P_R02_H035,IN_BALL_P_R02,IN,BALL,P,35,34,35,95.83115752,96.32222762,-0.1230260054,0.1161688483,7.04887088,6.655984719,0.0003590704495,0.01521613259,37,0.1050501459,1.244897367e-05,0.2391948537,0.1050501459,-6.583767481e-06,0.02702702703,1.900578064e-05,0.1118071779,6.406079412,6.655984719,-0.2499053077,2.054636294e-05
IN_BALL_P_R02_H036,IN_BALL_P_R02,IN,BALL,P,36,35,36,96.32222762,96.82792352,0.1161688483,-0.09294231202,6.655984719,5.325202217,0.0003590704495,0.01521613259,37,0.08845985122,3.688371216e-05,0.2091111603,0.08845985122,2.024559828e-05,0.02702702703,1.661541117e-05,-0.1050373759,-6.018198332,-5.325202217,-0.6929961151,1.791269334e-05
IN_BALL_P_R02_H037,IN_BALL_P_R02,IN,BALL,P,37,36,37,96.82792352,97.30190878,-0.09294231202,0.08810447374,5.325202217,5.048014501,0.0003590704495,0.01521613259,37,0.04532403526,6.654611898e-06,0.1810467858,0.04532403526,-7.742511592e-06,0.02702702703,1.438549134e-05,0.08206890447,4.702201855,5.048014501,-0.3458126461,1.505017777e-05
IN_BALL_N_R02_H001,IN_BALL_N_R02,IN,BALL,N,1,0,1,106.9001799,107.4245985,1.010710677,-0.9618882301,57.9094561,55.11213595,0.0003590704495,0.01521613259,38,52.59099513,0.0006195001754,1.972598907,52.59099513,0.0004492655908,0.02631578947,0.0001567374111,-0.9428359988,-54.0205235,-55.11213595,1.091612442,0.0009279953235
IN_BALL_N_R02_H002,IN_BALL_N_R02,IN,BALL,N,2,1,2,107.4245985,107.9442887,-0.9618882301,0.875387855,55.11213595,50.15602953,0.0003590704495,0.01521613259,38,45.78348309,0.001045758718,1.837276085,45.78348309,0.0008880236293,0.02631578947,0.0001459850232,0.8996430728,51.54575114,50.15602953,1.38972161,0.0008174093516
IN_BALL_N_R02_H003,IN_BALL_N_R02,IN,BALL,N,3,2,3,107.9442887,108.460232,0.875387855,-0.8374626737,50.15602953,47.98307671,0.0003590704495,0.01521613259,38,35.07615001,0.0004359568587,1.712850529,35.07615001,0.0002908562658,0.02631578947,0.0001360985026,-0.8223263062,-47.11582673,-47.98307671,0.8672499762,0.0006504975583
IN_BALL_N_R02_H004,IN_BALL_N_R02,IN,BALL,N,4,3,4,108.460232,108.9736661,-0.8374626737,0.7745081131,47.98307671,44.37604608,0.0003590704495,0.01521613259,38,30.91641165,0.0006910414379,1.611970787,30.91641165,0.0005550240511,0.02631578947,0.0001280828693,0.7881181648,45.1558446,44.37604608,0.7797985201,0.0005814784942
IN_BALL_N_R02_H005,IN_BALL_N_R02,IN,BALL,N,5,4,5,108.9736661,109.4840658,0.7745081131,-0.7411994071,44.37604608,42.4675978,0.0003590704495,0.01521613259,38,24.70940304,0.0003483604717,1.51570752,24.70940304,0.0002215848983,0.02631578947,0.0001204340487,-0.7309301279,-41.87921145,-42.4675978,0.5883863561,0.0004828025978
IN_BALL_N_R02_H006,IN_BALL_N_R02,IN,BALL,N,6,5,6,109.4840658,109.9936661,-0.7411994071,0.6918264696,42.4675978,39.63873686,0.0003590704495,0.01521613259,38,21.76802674,0.0004933501011,1.433025877,21.76802674,0.0003738990761,0.02631578947,0.0001138643873,0.7004720588,40.13409264,39.63873686,0.4953557761,0.0004330970396
IN_BALL_N_R02_H007,IN_BALL_N_R02,IN,BALL,N,7,6,7,109.9936661,110.5005608,0.6918264696,-0.6626422425,39.63873686,37.96660383,0.0003590704495,0.01521613259,38,17.82889102,0.0002782628777,1.354468712,17.82889102,0.0001660647503,0.02631578947,0.000107622446,-0.6550757699,-37.53307688,-37.96660383,0.433526947,0.0003690868514
IN_BALL_N_R02_H008,IN_BALL_N_R02,IN,BALL,N,8,7,8,110.5005608,111.0063527,-0.6626422425,0.6219841077,37.96660383,35.6370643,0.0003590704495,0.01521613259,38,15.72931704,0.000370582013,1.28462635,15.72931704,0.0002644722155,0.02631578947,0.0001020729595,0.6281055365,35.98779633,35.6370643,0.3507320317,0.0003327466746
IN_BALL_N_R02_H009,IN_BALL_N_R02,IN,BALL,N,9,8,9,111.0063527,111.5114034,0.6219841077,-0.5969115884,35.6370643,34.20051476,0.0003590704495,0.01521613259,38,13.07693563,0.0002183744077,1.218895696,13.07693563,0.0001181681098,0.02631578947,9.685017829e-05,-0.5903585831,-33.82505521,-34.20051476,0.3754595441,0.0002886261667
IN_BALL_N_R02_H010,IN_BALL_N_R02,IN,BALL,N,10,9,10,111.5114034,112.0162663,-0.5969115884,0.563009144,34.20051476,32.25804778,0.0003590704495,0.01521613259,38,11.59417145,0.0002826752288,1.159920732,11.59417145,0.000187535466,0.02631578947,9.216418606e-05,0.566983555,32.48576476,32.25804778,0.2277169803,0.0002621951285
IN_BALL_N_R02_H011,IN_BALL_N_R02,IN,BALL,N,11,10,11,112.0162663,112.518254,0.563009144,-0.5401417559,32.25804778,30.94784295,0.0003590704495,0.01521613259,38,9.767435116,0.0001823338391,1.1031509,9.767435116,9.217367597e-05,0.02631578947,8.765340765e-05,-0.5352631751,-30.66832086,-30.94784295,0.2795220904,0.0002308948808
IN_BALL_N_R02_H012,IN_BALL_N_R02,IN,BALL,N,12,11,12,112.518254,113.0206727,-0.5401417559,0.5108924774,30.94784295,29.27198274,0.0003590704495,0.01521613259,38,8.646944324,0.000223261475,1.051034233,8.646944324,0.0001375299296,0.02631578947,8.35123573e-05,0.5137905798,29.43803177,29.27198274,0.1660490323,0.0002103215993
IN_BALL_N_R02_H013,IN_BALL_N_R02,IN,BALL,N,13,12,13,113.0206727,113.5208668,0.5108924774,-0.4894832823,29.27198274,28.04532622,0.0003590704495,0.01521613259,38,7.339622325,0.0001562308589,1.00037576,7.339622325,7.486001639e-05,0.02631578947,7.948717105e-05,-0.4862393653,-27.85946346,-28.04532622,0.1858627578,0.0001871242633
IN_BALL_N_R02_H014,IN_BALL_N_R02,IN,BALL,N,14,13,14,113.5208668,114.0212517,-0.4894832823,0.4652512082,28.04532622,26.65693065,0.0003590704495,0.01521613259,38,6.468977574,0.0001694007231,0.9547344906,6.468977574,9.18798592e-05,0.02631578947,7.586063839e-05,0.4660107321,26.70044816,26.65693065,0.04351751328,0.0001707295437
IN_BALL_N_R02_H015,IN_BALL_N_R02,IN,BALL,N,15,14,15,114.0212517,114.5204931,0.4652512082,-0.4438793809,26.65693065,25.43241514,0.0003590704495,0.01521613259,38,5.567957935,0.0001427819189,0.9091305891,5.567957935,6.911586002e-05,0.02631578947,7.223707486e-05,-0.4430516223,-25.38498806,-25.43241514,0.04742707428,0.0001538923393
IN_BALL_N_R02_H016,IN_BALL_N_R02,IN,BALL,N,16,15,16,114.5204931,115.0200708,-0.4438793809,0.4228616574,25.43241514,24.22818829,0.0003590704495,0.01521613259,38,4.844814875,0.0001342953739,0.8667410383,4.844814875,6.418306529e-05,0.02631578947,6.8868915e-05,0.4227476474,24.221656,24.22818829,-0.006532292071,0.0001399191356
IN_BALL_N_R02_H017,IN_BALL_N_R02,IN,BALL,N,17,16,17,115.0200708,115.5181419,0.4228616574,-0.4019900023,24.22818829,23.03233054,0.0003590704495,0.01521613259,38,4.196358948,0.0001272965659,0.8248516597,4.196358948,6.067909722e-05,0.02631578947,6.554049749e-05,-0.4027293479,-23.07469192,-23.03233054,-0.04236138536,0.0001270809767
IN_BALL_N_R02_H018,IN_BALL_N_R02,IN,BALL,N,18,17,18,115.5181419,116.0164382,-0.4019900023,0.3843828683,23.03233054,22.02351607,0.0003590704495,0.01521613259,38,3.611393473,0.0001026449606,0.7863728706,3.611393473,3.923504122e-05,0.02631578947,6.248307625e-05,0.3828016516,21.93291903,22.02351607,-0.09059704219,0.0001154449147
IN_BALL_N_R02_H019,IN_BALL_N_R02,IN,BALL,N,19,18,19,116.0164382,116.5132992,0.3843828683,-0.3630742145,22.02351607,20.80262014,0.0003590704495,0.01521613259,38,3.161732418,0.000118372545,0.7474570828,3.161732418,5.817017243e-05,0.02631578947,5.939093227e-05,-0.3659548935,-20.96767089,-20.80262014,-0.1650507501,0.0001057583976
IN_BALL_N_R02_H020,IN_BALL_N_R02,IN,BALL,N,20,19,20,116.5132992,117.010352,-0.3630742145,0.3487936539,20.80262014,19.98440429,0.0003590704495,0.01521613259,38,2.668786032,7.571922383e-05,0.7118678684,2.668786032,1.847118651e-05,0.02631578947,5.656310888e-05,0.3455156264,19.79658715,19.98440429,-0.1878171406,9.570141267e-05
IN_BALL_N_R02_H021,IN_BALL_N_R02,IN,BALL,N,21,20,21,117.010352,117.5061868,0.3487936539,-0.327785568,19.98440429,18.78072963,0.0003590704495,0.01521613259,38,2.368516237,0.0001060855372,0.6765792219,2.368516237,5.171850342e-05,0.02631578947,5.375916781e-05,-0.3317907364,-19.01020888,-18.78072963,-0.2294792479,8.849395242e-05
IN_BALL_N_R02_H022,IN_BALL_N_R02,IN,BALL,N,22,21,22,117.5061868,118.0025798,-0.327785568,0.3152719599,18.78072963,18.0637527,0.0003590704495,0.01521613259,38,1.968608917,6.017206628e-05,0.6430575279,1.968608917,8.571210198e-06,0.02631578947,5.109562403e-05,0.3115588629,17.85100791,18.0637527,-0.2127447891,7.996568439e-05
IN_BALL_N_R02_H023,IN_BALL_N_R02,IN,BALL,N,23,22,23,118.0025798,118.498371,0.3152719599,-0.2942103877,18.0637527,16.8570135,0.0003590704495,0.01521613259,38,1.753058933,9.615575851e-05,0.6094823476,1.753058933,4.727801573e-05,0.02631578947,4.842783038e-05,-0.2994850835,-17.15923131,-16.8570135,-0.3022178085,7.413680527e-05
IN_BALL_N_R02_H024,IN_BALL_N_R02,IN,BALL,N,24,23,24,118.498371,118.9936679,-0.2942103877,0.283635433,16.8570135,16.25111323,0.0003590704495,0.01521613259,38,1.426505529,4.58462296e-05,0.5778458207,1.426505529,-4.339516904e-07,0.02631578947,4.591407693e-05,0.2791231662,15.99257939,16.25111323,-0.2585338435,6.683407804e-05
IN_BALL_N_R02_H025,IN_BALL_N_R02,IN,BALL,N,25,24,25,118.9936679,119.4892304,0.283635433,-0.2624863292,16.25111323,15.03935884,0.0003590704495,0.01521613259,38,1.278930439,8.678350248e-05,0.5461217622,1.278930439,4.306190396e-05,0.02631578947,4.339336845e-05,-0.2688805666,-15.40572166,-15.03935884,-0.3663628126,6.214915008e-05
IN_BALL_N_R02_H026,IN_BALL_N_R02,IN,BALL,N,26,25,26,119.4892304,119.9842022,-0.2624863292,0.253490562,15.03935884,14.52393935,0.0003590704495,0.01521613259,38,1.014818145,3.492311062e-05,0.5159768912,1.014818145,-6.335474522e-06,0.02631578947,4.099813796e-05,0.2483598664,14.22997215,14.52393935,-0.2939672001,5.588065771e-05
IN_BALL_N_R02_H027,IN_BALL_N_R02,IN,BALL,N,27,26,27,119.9842022,120.4781739,0.253490562,-0.2316514801,14.52393935,13.27265213,0.0003590704495,0.01521613259,38,0.9144406108,7.981812654e-05,0.4851420421,0.9144406108,4.103535701e-05,0.02631578947,3.854808366e-05,-0.239616811,-13.72903197,-13.27265213,-0.4563798451,5.195854594e-05
IN_BALL_N_R02_H028,IN_BALL_N_R02,IN,BALL,N,28,27,28,120.4781739,120.9715348,-0.2316514801,0.2235629313,13.27265213,12.80921242,0.0003590704495,0.01521613259,38,0.6986123763,2.777176268e-05,0.4552144114,0.6986123763,-8.577646636e-06,0.02631578947,3.617011451e-05,0.2183528598,12.51069731,12.80921242,-0.2985151074,4.641541072e-05
IN_BALL_N_R02_H029,IN_BALL_N_R02,IN,BALL,N,29,28,29,120.9715348,121.4668451,0.2235629313,-0.2019683578,12.80921242,11.57193449,0.0003590704495,0.01521613259,38,0.6281893491,6.938415871e-05,0.4255312891,0.6281893491,3.541136422e-05,0.02631578947,3.381157333e-05,-0.2104640861,-12.05870387,-11.57193449,-0.4867693783,4.302410116e-05
IN_BALL_N_R02_H030,IN_BALL_N_R02,IN,BALL,N,30,29,30,121.4668451,121.9600537,-0.2019683578,0.1943891178,11.57193449,11.13767604,0.0003590704495,0.01521613259,38,0.4635971785,2.27059366e-05,0.3963574756,0.4635971785,-8.906543392e-06,0.02631578947,3.149350047e-05,0.1893674896,10.84995793,11.13767604,-0.2877181061,3.829224978e-05
IN_BALL_N_R02_H031,IN_BALL_N_R02,IN,BALL,N,31,30,31,121.9600537,122.4535092,0.1943891178,-0.1728980977,11.13767604,9.906331286,0.0003590704495,0.01521613259,38,0.4134635612,5.971520503e-05,0.3672872156,0.4134635612,3.042543632e-05,0.02631578947,2.918365569e-05,-0.1819507929,-10.42501251,-9.906331286,-0.5186812284,3.524718505e-05
IN_BALL_N_R02_H032,IN_BALL_N_R02,IN,BALL,N,32,31,32,122.4535092,122.9440599,-0.1728980977,0.1663318642,9.906331286,9.53011382,0.0003590704495,0.01521613259,38,0.2911623235,1.68655165e-05,0.339229962,0.2911623235,-1.016351029e-05,0.02631578947,2.695430167e-05,0.1608862374,9.218102385,9.53011382,-0.3120114348,3.122425787e-05
IN_BALL_N_R02_H033,IN_BALL_N_R02,IN,BALL,N,33,32,33,122.9440599,123.4381003,0.1663318642,-0.1440965654,9.53011382,8.256125039,0.0003590704495,0.01521613259,38,0.2592911618,5.230275924e-05,0.3104284296,0.2592911618,2.75704044e-05,0.02631578947,2.466580927e-05,-0.1544401267,-8.848767446,-8.256125039,-0.5926424069,2.846836823e-05
IN_BALL_N_R02_H034,IN_BALL_N_R02,IN,BALL,N,34,33,34,123.4381003,123.9299295,-0.1440965654,0.1376013664,8.256125039,7.883977551,0.0003590704495,0.01521613259,38,0.1687027703,1.387435297e-05,0.2816979318,0.1687027703,-8.551904688e-06,0.02631578947,2.238296107e-05,0.1325761434,7.596053481,7.883977551,-0.28792407,2.485702239e-05
IN_BALL_N_R02_H035,IN_BALL_N_R02,IN,BALL,N,35,34,35,123.9299295,124.420571,0.1376013664,-0.115734423,7.883977551,6.631093985,0.0003590704495,0.01521613259,38,0.1469295246,4.203279641e-05,0.2533357895,0.1469295246,2.186570638e-05,0.02631578947,2.012938142e-05,-0.1261791971,-7.229535457,-6.631093985,-0.5984414719,2.228413354e-05
IN_BALL_N_R02_H036,IN_BALL_N_R02,IN,BALL,N,36,35,36,124.420571,124.9126835,-0.115734423,0.1086162337,6.631093985,6.22325178,0.0003590704495,0.01521613259,38,0.08747202544,1.212436655e-05,0.2243506568,0.08747202544,-5.724383265e-06,0.02631578947,1.782630063e-05,0.1046084949,5.993625257,6.22325178,-0.229626523,1.910909612e-05
IN_BALL_N_R02_H037,IN_BALL_N_R02,IN,BALL,N,37,36,37,124.9126835,125.4673571,0.1086162337,-0.08558058365,6.22325178,4.903406251,0.0003590704495,0.01521613259,38,0.07231612211,3.398009777e-05,0.1941968174,0.07231612211,1.853118072e-05,0.02631578947,1.543035753e-05,-0.09757535472,-5.59065601,-4.903406251,-0.6872497584,1.649088855e-05
IN_BALL_N_R02_H038,IN_BALL_N_R02,IN,BALL,N,38,37,38,125.4673571,125.8871215,-0.08558058365,0.08043230006,4.903406251,4.60843133,0.0003590704495,0.01521613259,38,0.03538921874,6.495001104e-06,0.1660128837,0.03538921874,-6.705019194e-06,0.02631578947,1.319093786e-05,0.07477592229,4.284344756,4.60843133,-0.324086574,1.370992813e-05
IN_BALL_P_R03_H001,IN_BALL_P_R03,IN,BALL,P,1,0,1,138.00379,138.5285198,-1.033636602,0.9422593682,59.22301482,53.98748501,0.0003590704495,0.01521613259,39,55.9803033,0.001160445529,1.97589597,55.9803033,0.0009890791228,0.02564102564,0.0001569993869,0.9630040246,55.17606626,53.98748501,1.188581259,0.0009779622104
IN_BALL_P_R03_H002,IN_BALL_P_R03,IN,BALL,P,2,1,2,138.5285198,139.0480526,0.9422593682,-0.8949704244,53.98748501,51.2780281,0.0003590704495,0.01521613259,39,43.20295321,0.0005718213678,1.837229793,43.20295321,0.0004147522359,0.02564102564,0.0001459813449,-0.8821859077,-50.54552926,-51.2780281,0.7324988497,0.0007795616644
IN_BALL_P_R03_H003,IN_BALL_P_R03,IN,BALL,P,3,2,3,139.0480526,139.5661675,-0.8949704244,0.8246603354,51.2780281,47.24955675,0.0003590704495,0.01521613259,39,37.35045261,0.0008104802281,1.71963076,37.35045261,0.0006642572098,0.02564102564,0.0001366372416,0.8399164581,48.12366819,47.24955675,0.8741114423,0.0006843894192
IN_BALL_P_R03_H004,IN_BALL_P_R03,IN,BALL,P,4,3,4,139.5661675,140.0782495,0.8246603354,-0.7884814047,47.24955675,45.17665671,0.0003590704495,0.01521613259,39,29.58427811,0.000397396942,1.61314174,29.58427811,0.0002616283987,0.02564102564,0.0001281759101,-0.7765289829,-44.49183339,-45.17665671,0.6848233234,0.0005620355188
IN_BALL_P_R03_H005,IN_BALL_P_R03,IN,BALL,P,5,4,5,140.0782495,140.5901966,-0.7884814047,0.7346487239,45.17665671,42.0922713,0.0003590704495,0.01521613259,39,26.01316445,0.0005651732095,1.523130129,26.01316445,0.0004374732527,0.02564102564,0.0001210238292,0.7436663086,42.60894085,42.0922713,0.5166695463,0.0005025123113
IN_BALL_P_R03_H006,IN_BALL_P_R03,IN,BALL,P,6,5,6,140.5901966,141.0986095,0.7346487239,-0.7023636476,42.0922713,40.24247269,0.0003590704495,0.01521613259,39,21.21678722,0.0003233592465,1.437012372,21.21678722,0.0002037329378,0.02564102564,0.0001141811435,-0.6944659749,-39.78996938,-40.24247269,0.4525033169,0.0004253297532
IN_BALL_P_R03_H007,IN_BALL_P_R03,IN,BALL,P,7,6,7,141.0986095,141.60759,-0.7023636476,0.6578286907,40.24247269,37.69080762,0.0003590704495,0.01521613259,39,18.62823959,0.0004261169283,1.360192338,18.62823959,0.0003132588688,0.02564102564,0.00010807723,0.6647890694,38.08960794,37.69080762,0.3988003219,0.0003812642488
IN_BALL_P_R03_H008,IN_BALL_P_R03,IN,BALL,P,8,7,8,141.60759,142.1133195,0.6578286907,-0.6317909492,37.69080762,36.19895492,0.0003590704495,0.01521613259,39,15.39892824,0.0002381241088,1.28961964,15.39892824,0.0001317023503,0.02564102564,0.0001024697129,-0.6236455103,-35.73225565,-36.19895492,0.4666992698,0.0003282982073
IN_BALL_P_R03_H009,IN_BALL_P_R03,IN,BALL,P,9,8,9,142.1133195,142.6187246,-0.6317909492,0.5944850076,36.19895492,34.06148192,0.0003590704495,0.01521613259,39,13.68825946,0.0003266289251,1.226275957,13.68825946,0.0002256793189,0.02564102564,9.743659398e-05,0.5994805606,34.34770602,34.06148192,0.2862241031,0.0002981777738
IN_BALL_P_R03_H010,IN_BALL_P_R03,IN,BALL,P,10,9,10,142.6187246,143.1216477,0.5944850076,-0.5707995346,34.06148192,32.70440428,0.0003590704495,0.01521613259,39,11.45669247,0.0001982997574,1.165284542,11.45669247,0.0001027690838,0.02564102564,9.259037999e-05,-0.5647175305,-32.35593111,-32.70440428,0.348473164,0.0002606051646
IN_BALL_P_R03_H011,IN_BALL_P_R03,IN,BALL,P,11,10,11,143.1216477,143.6245052,-0.5707995346,0.539251057,32.70440428,30.89680966,0.0003590704495,0.01521613259,39,10.16945884,0.0002529567569,1.110050592,10.16945884,0.0001621451858,0.02564102564,8.820163862e-05,0.5425627612,31.08655634,30.89680966,0.1897466758,0.0002373388735
IN_BALL_P_R03_H012,IN_BALL_P_R03,IN,BALL,P,12,11,12,143.6245052,144.1266247,0.539251057,-0.5171207404,30.89680966,29.62883592,0.0003590704495,0.01521613259,39,8.605072383,0.0001697013897,1.056371797,8.605072383,8.355648208e-05,0.02564102564,8.393646581e-05,-0.5129529948,-29.39004169,-29.62883592,0.2387942344,0.000210131647
IN_BALL_P_R03_H013,IN_BALL_P_R03,IN,BALL,P,13,12,13,144.1266247,144.6281958,-0.5171207404,0.4910026627,29.62883592,28.1323803,0.0003590704495,0.01521613259,39,7.606429901,0.0001919409939,1.008123403,7.606429901,0.0001098860699,0.02564102564,8.010277799e-05,0.4921146252,28.19609106,28.1323803,0.06371075968,0.0001916526589
IN_BALL_P_R03_H014,IN_BALL_P_R03,IN,BALL,P,14,13,14,144.6281958,145.128031,0.4910026627,-0.469020277,28.1323803,26.87288238,0.0003590704495,0.01521613259,39,6.528425453,0.0001544593759,0.9600229397,6.528425453,7.650304909e-05,0.02564102564,7.628084435e-05,-0.467447698,-26.78278024,-26.87288238,0.09010214141,0.0001720215652
IN_BALL_P_R03_H015,IN_BALL_P_R03,IN,BALL,P,15,14,15,145.128031,145.6285,-0.469020277,0.4469252289,26.87288238,25.60692937,0.0003590704495,0.01521613259,39,5.702356705,0.0001486418323,0.9159455058,5.702356705,7.439978574e-05,0.02564102564,7.277856984e-05,0.4466270342,25.58984407,25.60692937,-0.01708529819,0.0001564048202
IN_BALL_P_R03_H016,IN_BALL_P_R03,IN,BALL,P,16,15,16,145.6285,146.1265758,0.4469252289,-0.425292814,25.60692937,24.3674833,0.0003590704495,0.01521613259,39,4.943885189,0.0001390404154,0.8722180428,4.943885189,6.846749294e-05,0.02564102564,6.930410307e-05,-0.4256442803,-24.38762083,-24.3674833,-0.02013753666,0.0001418072105
IN_BALL_P_R03_H017,IN_BALL_P_R03,IN,BALL,P,17,16,17,146.1265758,146.6257851,-0.425292814,0.40639894,24.3674833,23.28494406,0.0003590704495,0.01521613259,39,4.268269423,0.0001161345262,0.831691754,4.268269423,4.895510666e-05,0.02564102564,6.608399301e-05,0.4050473171,23.20750177,23.28494406,-0.0774422912,0.0001286790543
IN_BALL_P_R03_H018,IN_BALL_P_R03,IN,BALL,P,18,17,18,146.6257851,147.1236172,0.40639894,-0.3862922958,23.28494406,22.13291821,0.0003590704495,0.01521613259,39,3.730192426,0.0001181081695,0.7926912359,3.730192426,5.416572071e-05,0.02564102564,6.298511659e-05,-0.3870151379,-22.17433401,-22.13291821,-0.0414157964,0.0001176891665
IN_BALL_P_R03_H019,IN_BALL_P_R03,IN,BALL,P,19,18,19,147.1236172,147.6216601,-0.3862922958,0.3695209652,22.13291821,21.17199175,0.0003590704495,0.01521613259,39,3.208610507,9.415955243e-05,0.7558132611,3.208610507,3.328118942e-05,0.02564102564,6.005489176e-05,0.367781465,21.07232573,21.17199175,-0.0996660247,0.0001071098341
IN_BALL_P_R03_H020,IN_BALL_P_R03,IN,BALL,P,20,19,20,147.6216601,148.1186922,0.3695209652,-0.3497701765,21.17199175,20.04035491,0.0003590704495,0.01521613259,39,2.812152611,0.0001057677792,0.7192911418,2.812152611,4.789311431e-05,0.02564102564,5.715294225e-05,-0.3517039757,-20.15115345,-20.04035491,-0.1107985332,9.83937468e-05
IN_BALL_P_R03_H021,IN_BALL_P_R03,IN,BALL,P,21,20,21,148.1186922,148.6160971,-0.3497701765,0.3349995522,20.04035491,19.19406048,0.0003590704495,0.01521613259,39,2.388301995,7.545623645e-05,0.6847697287,2.388301995,2.043332913e-05,0.02564102564,5.440996348e-05,0.3327299884,19.06402405,19.19406048,-0.1300364242,8.943491035e-05
IN_BALL_P_R03_H022,IN_BALL_P_R03,IN,BALL,P,22,21,22,148.6160971,149.1113524,0.3349995522,-0.3155543712,19.19406048,18.07993367,0.0003590704495,0.01521613259,39,2.100459625,9.45533923e-05,0.6505539233,2.100459625,4.232305405e-05,0.02564102564,5.169126748e-05,-0.3185123044,-18.24941077,-18.07993367,-0.169477092,8.249494597e-05
IN_BALL_P_R03_H023,IN_BALL_P_R03,IN,BALL,P,23,22,23,149.1113524,149.6070917,-0.3155543712,0.3025405574,18.07993367,17.33429707,0.0003590704495,0.01521613259,39,1.757742765,6.022760283e-05,0.6180949286,1.757742765,1.066432541e-05,0.02564102564,4.911216294e-05,0.2997579718,17.17486666,17.33429707,-0.1594304118,7.488982719e-05
IN_BALL_P_R03_H024,IN_BALL_P_R03,IN,BALL,P,24,23,24,149.6070917,150.1026164,0.3025405574,-0.2829991319,17.33429707,16.21465587,0.0003590704495,0.01521613259,39,1.550364516,8.581395821e-05,0.5855396894,1.550364516,3.889065509e-05,0.02564102564,4.652541107e-05,-0.2871818462,-16.45430774,-16.21465587,-0.2396518751,6.926183006e-05
IN_BALL_P_R03_H025,IN_BALL_P_R03,IN,BALL,P,25,24,25,150.1026164,150.5988677,-0.2829991319,0.2716731598,16.21465587,15.56572546,0.0003590704495,0.01521613259,39,1.270388275,4.718481606e-05,0.5546722918,1.270388275,2.786007724e-06,0.02564102564,4.407277056e-05,0.2682638648,15.37038725,15.56572546,-0.1953382123,6.270327957e-05
IN_BALL_P_R03_H026,IN_BALL_P_R03,IN,BALL,P,26,25,26,150.5988677,151.0933604,0.2716731598,-0.2524270873,15.56572546,14.46300674,0.0003590704495,0.01521613259,39,1.124591517,7.586511495e-05,0.5241002471,1.124591517,3.393289706e-05,0.02564102564,4.1643598e-05,-0.2572799403,-14.74105473,-14.46300674,-0.2780479944,5.813596715e-05
IN_BALL_P_R03_H027,IN_BALL_P_R03,IN,BALL,P,27,26,27,151.0933604,151.5883368,-0.2524270873,0.2420831487,14.46300674,13.87034271,0.0003590704495,0.01521613259,39,0.9030283813,3.852116517e-05,0.494510236,0.9030283813,-1.003047008e-06,0.02564102564,3.929245519e-05,0.2385825592,13.66977371,13.87034271,-0.2005690023,5.253555474e-05
IN_BALL_P_R03_H028,IN_BALL_P_R03,IN,BALL,P,28,27,28,151.5883368,152.0816253,0.2420831487,-0.2223736845,13.87034271,12.74107359,0.0003590704495,0.01521613259,39,0.7969108663,6.902029423e-05,0.4644568331,0.7969108663,3.191127916e-05,0.02564102564,3.690449252e-05,-0.228516215,-13.09301467,-12.74107359,-0.3519410773,4.859135658e-05
IN_BALL_P_R03_H029,IN_BALL_P_R03,IN,BALL,P,29,28,29,152.0816253,152.5770062,-0.2223736845,0.2136323499,12.74107359,12.24023201,0.0003590704495,0.01521613259,39,0.618250424,2.876720623e-05,0.4360060343,0.618250424,-6.035332612e-06,0.02564102564,3.464386846e-05,0.2093036353,11.99221494,12.24023201,-0.248017075,4.371063987e-05
IN_BALL_P_R03_H030,IN_BALL_P_R03,IN,BALL,P,30,29,30,152.5770062,153.0703377,0.2136323499,-0.1937606409,12.24023201,11.10166696,0.0003590704495,0.01521613259,39,0.5483792924,6.116576888e-05,0.4073929907,0.5483792924,2.865467766e-05,0.02564102564,3.237035286e-05,-0.2007689001,-11.50321063,-11.10166696,-0.4015436763,4.041244956e-05
IN_BALL_P_R03_H031,IN_BALL_P_R03,IN,BALL,P,31,30,31,153.0703377,153.5662603,-0.1937606409,0.1852255457,11.10166696,10.61264203,0.0003590704495,0.01521613259,39,0.409476221,2.446259468e-05,0.3789861865,0.409476221,-5.755719513e-06,0.02564102564,3.01132245e-05,0.1813362038,10.38979915,10.61264203,-0.222842876,3.611827868e-05
IN_BALL_P_R03_H032,IN_BALL_P_R03,IN,BALL,P,32,31,32,153.5662603,154.0571213,0.1852255457,-0.1650401393,10.61264203,9.456103429,0.0003590704495,0.01521613259,39,0.3578287849,5.351550816e-05,0.3502656849,0.3578287849,2.55925029e-05,0.02564102564,2.783117058e-05,-0.1729768124,-9.910841306,-9.456103429,-0.4547378766,3.307880434e-05
IN_BALL_P_R03_H033,IN_BALL_P_R03,IN,BALL,P,33,32,33,154.0571213,154.5490965,-0.1650401393,0.1581663878,9.456103429,9.062266484,0.0003590704495,0.01521613259,39,0.253307878,1.682888793e-05,0.3232065271,0.253307878,-8.917244642e-06,0.02564102564,2.568112257e-05,0.1531685927,8.775913915,9.062266484,-0.2863525694,2.939593544e-05
IN_BALL_P_R03_H034,IN_BALL_P_R03,IN,BALL,P,34,33,34,154.5490965,155.0401197,0.1581663878,-0.1362299148,9.062266484,7.805399163,0.0003590704495,0.01521613259,39,0.2230073098,4.895479868e-05,0.2943963027,0.2230073098,2.550562563e-05,0.02564102564,2.339193952e-05,-0.1464173865,-8.389098295,-7.805399163,-0.5836991323,2.666238823e-05
IN_BALL_P_R03_H035,IN_BALL_P_R03,IN,BALL,P,35,34,35,155.0401197,155.5354206,-0.1362299148,0.1302634826,7.805399163,7.463547779,0.0003590704495,0.01521613259,39,0.142585252,1.206115558e-05,0.2664933974,0.142585252,-9.150287712e-06,0.02564102564,2.117484961e-05,0.1248278808,7.152110737,7.463547779,-0.3114370419,2.326589207e-05
IN_BALL_P_R03_H036,IN_BALL_P_R03,IN,BALL,P,36,35,36,155.5354206,156.0229658,0.1302634826,-0.1077779839,7.463547779,6.175223599,0.0003590704495,0.01521613259,39,0.1246792829,4.062509903e-05,0.2380414665,0.1246792829,2.167896522e-05,0.02564102564,1.891413559e-05,-0.1189466537,-6.815141242,-6.175223599,-0.6399176422,2.074258328e-05
IN_BALL_P_R03_H037,IN_BALL_P_R03,IN,BALL,P,37,36,37,156.0229658,156.5111722,-0.1077779839,0.1022006405,6.175223599,5.855665364,0.0003590704495,0.01521613259,39,0.07065598524,8.893609307e-06,0.2099786243,0.07065598524,-7.80886167e-06,0.02564102564,1.668433753e-05,0.09674670867,5.543178088,5.855665364,-0.3124872753,1.772052229e-05
IN_BALL_P_R03_H038,IN_BALL_P_R03,IN,BALL,P,38,37,38,156.5111722,157.0700384,0.1022006405,-0.07926524136,5.855665364,4.541563792,0.0003590704495,0.01521613259,39,0.06025186867,3.162059268e-05,0.1814658819,0.06025186867,1.71863378e-05,0.02564102564,1.441879159e-05,-0.09123478859,-5.227368331,-4.541563792,-0.685804539,1.530239781e-05
IN_BALL_P_R03_H039,IN_BALL_P_R03,IN,BALL,P,39,38,39,157.0700384,157.4855406,-0.07926524136,0.07377088525,4.541563792,4.226760376,0.0003590704495,0.01521613259,39,0.02812152211,6.3908795e-06,0.1530361266,0.02812152211,-5.77617732e-06,0.02564102564,1.215983959e-05,0.06851589616,3.925671679,4.226760376,-0.3010886962,1.257224758e-05
IN_BALL_N_R03_H001,IN_BALL_N_R03,IN,BALL,N,1,0,1,174.323963,174.8473656,1.00376619,-0.950673892,57.51156631,54.4696017,0.0003590704495,0.01521613259,38,51.58869243,0.0006695929349,1.954440082,51.58869243,0.0005010584369,0.02631578947,0.0001552945597,-0.9367136289,-53.66973755,-54.4696017,0.7998641562,0.0009118534939
IN_BALL_N_R03_H002,IN_BALL_N_R03,IN,BALL,N,2,1,2,174.8473656,175.3667833,-0.950673892,0.8706648571,54.4696017,49.88542168,0.0003590704495,0.01521613259,38,44.29824823,0.0009614074787,1.821338749,44.29824823,0.0008053199053,0.02631578947,0.0001447186852,0.8896757147,50.97466359,49.88542168,1.089241901,0.0007943617347
IN_BALL_N_R03_H003,IN_BALL_N_R03,IN,BALL,N,3,2,3,175.3667833,175.882672,0.8706648571,-0.8317481382,49.88542168,47.65565794,0.0003590704495,0.01521613259,38,34.54058053,0.0004453227663,1.702412995,34.54058053,0.0003011889626,0.02631578947,0.0001352691643,-0.8180762448,-46.87231615,-47.65565794,0.7833417909,0.0006418139817
IN_BALL_N_R03_H004,IN_BALL_N_R03,IN,BALL,N,4,3,4,175.882672,176.3961265,-0.8317481382,0.7705972314,47.65565794,44.15196906,0.0003590704495,0.01521613259,38,30.31733255,0.0006681413608,1.60234537,30.31733255,0.000533042534,0.02631578947,0.0001273180595,0.7829477226,44.85960009,44.15196906,0.707631025,0.0005719280645
IN_BALL_N_R03_H005,IN_BALL_N_R03,IN,BALL,N,5,4,5,176.3961265,176.9065145,0.7705972314,-0.7389757629,44.15196906,42.34019238,0.0003590704495,0.01521613259,38,24.35194765,0.0003296425116,1.509572994,24.35194765,0.0002034461099,0.02631578947,0.0001199466157,-0.7273611028,-41.67472137,-42.34019238,0.6654710062,0.0004770730071
IN_BALL_N_R03_H006,IN_BALL_N_R03,IN,BALL,N,6,5,6,176.9065145,177.4158632,-0.7389757629,0.688527283,42.34019238,39.4497074,0.0003590704495,0.01521613259,38,21.57991313,0.0005024947551,1.427503046,21.57991313,0.0003835308377,0.02631578947,0.000113425558,0.6984338702,40.01731303,39.4497074,0.5676056341,0.000429899485
IN_BALL_N_R03_H007,IN_BALL_N_R03,IN,BALL,N,7,6,7,177.4158632,177.9224303,0.688527283,-0.6617226331,39.4497074,37.91391409,0.0003590704495,0.01521613259,38,17.58315478,0.0002549047169,1.350249916,17.58315478,0.0001431048705,0.02631578947,0.0001072872318,-0.6520317783,-37.35866901,-37.91391409,0.5552450821,0.0003651478639
IN_BALL_N_R03_H008,IN_BALL_N_R03,IN,BALL,N,8,7,8,177.9224303,178.4290349,-0.6617226331,0.6209023031,37.91391409,35.57508146,0.0003590704495,0.01521613259,38,15.66585304,0.0003715623021,1.282624936,15.66585304,0.0002656278193,0.02631578947,0.0001019139326,0.6272510405,35.93883731,35.57508146,0.3637558544,0.0003316569347
IN_BALL_N_R03_H009,IN_BALL_N_R03,IN,BALL,N,9,8,9,178.4290349,178.9328642,0.6209023031,-0.5959348685,35.57508146,34.14455283,0.0003590704495,0.01521613259,38,13.01058974,0.0002171384646,1.216837172,13.01058974,0.0001171127588,0.02631578947,9.668661347e-05,-0.5893517206,-33.76736624,-34.14455283,0.3771865923,0.0002874896256
IN_BALL_N_R03_H010,IN_BALL_N_R03,IN,BALL,N,10,9,10,178.9328642,179.4366817,-0.5959348685,0.5624844564,34.14455283,32.22798539,0.0003590704495,0.01521613259,38,11.53870843,0.0002785868995,1.158419325,11.53870843,0.0001835806687,0.02631578947,9.204488827e-05,0.5660715403,32.43351016,32.22798539,0.2055247661,0.000261262454
IN_BALL_N_R03_H011,IN_BALL_N_R03,IN,BALL,N,11,10,11,179.4366817,179.9389716,0.5624844564,-0.539848388,32.22798539,30.93103421,0.0003590704495,0.01521613259,38,9.740733218,0.0001803694817,1.102332844,9.740733218,9.028117191e-05,0.02631578947,8.758840716e-05,-0.5347702758,-30.64007981,-30.93103421,0.2909543972,0.0002304382914
IN_BALL_N_R03_H012,IN_BALL_N_R03,IN,BALL,N,12,11,12,179.9389716,180.4406239,-0.539848388,0.511559869,30.93103421,29.31022146,0.0003590704495,0.01521613259,38,8.633138527,0.0002159980678,1.051408257,8.633138527,0.0001302403467,0.02631578947,8.354207622e-05,0.5135147103,29.42222562,29.31022146,0.1120041525,0.0002101488533
IN_BALL_N_R03_H013,IN_BALL_N_R03,IN,BALL,N,13,12,13,180.4406239,180.941375,0.511559869,-0.4898424908,29.31022146,28.06590735,0.0003590704495,0.01521613259,38,7.367917127,0.0001586285165,1.00140236,7.367917127,7.716884141e-05,0.02631578947,7.956874194e-05,-0.4868690708,-27.89554293,-28.06590735,0.1703644163,0.0001876207833
IN_BALL_N_R03_H014,IN_BALL_N_R03,IN,BALL,N,14,13,14,180.941375,181.4418353,-0.4898424908,0.4661967601,28.06590735,26.71110677,0.0003590704495,0.01521613259,38,6.483000208,0.0001655103718,0.9560392509,6.483000208,8.78822363e-05,0.02631578947,7.596431113e-05,0.4663504167,26.71991065,26.71110677,0.008803876465,0.0001710388613
IN_BALL_N_R03_H015,IN_BALL_N_R03,IN,BALL,N,15,14,15,181.4418353,181.9409142,0.4661967601,-0.4453784992,26.71110677,25.51830829,0.0003590704495,0.01521613259,38,5.601478592,0.0001394315344,0.9115752592,5.601478592,6.556262569e-05,0.02631578947,7.243132178e-05,-0.4439484447,-25.4363722,-25.51830829,0.08193608451,0.0001545781736
IN_BALL_N_R03_H016,IN_BALL_N_R03,IN,BALL,N,16,15,16,181.9409142,182.4409949,-0.4453784992,0.4243770301,25.51830829,24.31501275,0.0003590704495,0.01521613259,38,4.893412067,0.0001346284881,0.8697555293,4.893412067,6.426418393e-05,0.02631578947,6.910843836e-05,0.424173375,24.30334417,24.31501275,-0.01166858155,0.0001408713469
IN_BALL_N_R03_H017,IN_BALL_N_R03,IN,BALL,N,17,16,17,182.4409949,182.9386657,0.4243770301,-0.4049432431,24.31501275,23.20153877,0.0003590704495,0.01521613259,38,4.241087843,0.0001191322661,0.8293202733,4.241087843,5.214825406e-05,0.02631578947,6.589556152e-05,-0.4041743097,-23.15748213,-23.20153877,0.04405664105,0.0001280919993
IN_BALL_N_R03_H018,IN_BALL_N_R03,IN,BALL,N,18,17,18,182.9386657,183.4360319,-0.4049432431,0.3868605804,23.20153877,22.16547852,0.0003590704495,0.01521613259,38,3.690689783,0.0001061068398,0.7918038235,3.690689783,4.224504055e-05,0.02631578947,6.291460518e-05,0.3856243073,22.09464529,22.16547852,-0.07083322962,0.0001170393406
IN_BALL_N_R03_H019,IN_BALL_N_R03,IN,BALL,N,19,18,19,183.4360319,183.933991,0.3868605804,-0.3665932025,22.16547852,21.0042433,0.0003590704495,0.01521613259,38,3.222649952,0.0001134486302,0.7534537829,3.222649952,5.275414183e-05,0.02631578947,5.986741396e-05,-0.3683257933,-21.10351344,-21.0042433,-0.09927013679,0.0001071282476
IN_BALL_N_R03_H020,IN_BALL_N_R03,IN,BALL,N,20,19,20,183.933991,184.4320656,-0.3665932025,0.3515687005,21.0042433,20.14340275,0.0003590704495,0.01521613259,38,2.746431808,8.033767938e-05,0.718161903,2.746431808,2.256960763e-05,0.02631578947,5.706321597e-05,0.3488940768,19.9901581,20.14340275,-0.1532446513,9.734021125e-05
IN_BALL_N_R03_H021,IN_BALL_N_R03,IN,BALL,N,21,20,21,184.4320656,184.9280965,0.3515687005,-0.3317572402,20.14340275,19.00828969,0.0003590704495,0.01521613259,38,2.42502684,0.0001010017735,0.6833259408,2.42502684,4.608416052e-05,0.02631578947,5.429524397e-05,-0.3344595911,-19.16312299,-19.00828969,-0.1548333012,8.985876836e-05
IN_BALL_N_R03_H022,IN_BALL_N_R03,IN,BALL,N,22,21,22,184.9280965,185.4245693,-0.3317572402,0.318055275,19.00828969,18.22322491,0.0003590704495,0.01521613259,38,2.040502233,6.655394003e-05,0.6498125153,2.040502233,1.439789979e-05,0.02631578947,5.163235719e-05,0.3153876079,18.07037884,18.22322491,-0.1528460711,8.155674802e-05
IN_BALL_N_R03_H023,IN_BALL_N_R03,IN,BALL,N,23,22,23,185.4245693,185.9200214,0.318055275,-0.2983130166,18.22322491,17.09207682,0.0003590704495,0.01521613259,38,1.799581457,9.111875192e-05,0.6163682916,1.799581457,4.168193078e-05,0.02631578947,4.897496901e-05,-0.3021714858,-17.31315082,-17.09207682,-0.2210740009,7.536620641e-05
IN_BALL_N_R03_H024,IN_BALL_N_R03,IN,BALL,N,24,23,24,185.9200214,186.4166211,-0.2983130166,0.2872074963,17.09207682,16.45577738,0.0003590704495,0.01521613259,38,1.4866551,4.876760927e-05,0.5855205129,1.4866551,1.862180515e-06,0.02631578947,4.652388736e-05,0.2830922005,16.2199883,16.45577738,-0.2357890829,6.832599448e-05
IN_BALL_N_R03_H025,IN_BALL_N_R03,IN,BALL,N,25,24,25,186.4166211,186.9101061,0.2872074963,-0.2673512655,16.45577738,15.31809916,0.0003590704495,0.01521613259,38,1.327590152,8.270507639e-05,0.5545587618,1.327590152,3.830060831e-05,0.02631578947,4.406374978e-05,-0.2723417273,-15.60403156,-15.31809916,-0.2859324022,6.353313624e-05
IN_BALL_N_R03_H026,IN_BALL_N_R03,IN,BALL,N,26,25,26,186.9101061,187.4064071,-0.2673512655,0.2568413555,15.31809916,14.71592568,0.0003590704495,0.01521613259,38,1.07201958,4.143606265e-05,0.524192621,1.07201958,-4.900027385e-07,0.02631578947,4.165093779e-05,0.2530846099,14.50068001,14.71592568,-0.2152456692,5.737232852e-05
IN_BALL_N_R03_H027,IN_BALL_N_R03,IN,BALL,N,27,26,27,187.4064071,187.9004516,0.2568413555,-0.2377571568,14.71592568,13.62248163,0.0003590704495,0.01521613259,38,0.9510220331,7.108184444e-05,0.4945985123,0.9510220331,3.153830077e-05,0.02631578947,3.929946939e-05,-0.242874288,-13.91567166,-13.62248163,-0.2931900211,5.324640586e-05
IN_BALL_N_R03_H028,IN_BALL_N_R03,IN,BALL,N,28,27,28,187.9004516,188.394866,-0.2377571568,0.2296171431,13.62248163,13.1560932,0.0003590704495,0.01521613259,38,0.7551046859,2.868157879e-05,0.4673742999,0.7551046859,-8.648521038e-06,0.02631578947,3.713630659e-05,0.2243029515,12.85161245,13.1560932,-0.30448075,4.82100743e-05
IN_BALL_N_R03_H029,IN_BALL_N_R03,IN,BALL,N,29,28,29,188.394866,188.8876432,0.2296171431,-0.2083430503,13.1560932,11.93717748,0.0003590704495,0.01521613259,38,0.680432078,7.031942629e-05,0.4379601934,0.680432078,3.534565666e-05,0.02631578947,3.479914069e-05,-0.2163694473,-12.39705615,-11.93717748,-0.4598786724,4.477781903e-05
IN_BALL_N_R03_H030,IN_BALL_N_R03,IN,BALL,N,30,29,30,188.8876432,189.3812474,-0.2083430503,0.2010504641,11.93717748,11.51934306,0.0003590704495,0.01521613259,38,0.5087613433,2.255582586e-05,0.4093935144,0.5087613433,-1.010405389e-05,0.02631578947,3.25293091e-05,0.1956005286,11.20708476,11.51934306,-0.3122583049,3.999040032e-05
IN_BALL_N_R03_H031,IN_BALL_N_R03,IN,BALL,N,31,30,31,189.3812474,189.8771206,0.2010504641,-0.1793655052,11.51934306,10.27688644,0.0003590704495,0.01521613259,38,0.4573220124,6.238227774e-05,0.3804159693,0.4573220124,3.203807751e-05,0.02631578947,3.022683119e-05,-0.1884696036,-10.79851285,-10.27688644,-0.5216264159,3.693355389e-05
IN_BALL_N_R03_H032,IN_BALL_N_R03,IN,BALL,N,32,31,32,189.8771206,190.3707203,-0.1793655052,0.1730841054,10.27688644,9.91698874,0.0003590704495,0.01521613259,38,0.3249991882,1.675625127e-05,0.3524496106,0.3249991882,-1.133185733e-05,0.02631578947,2.800469945e-05,0.1672306935,9.581612945,9.91698874,-0.3353757958,3.277088032e-05
IN_BALL_N_R03_H033,IN_BALL_N_R03,IN,BALL,N,33,32,33,190.3707203,190.8623733,0.1730841054,-0.1511943468,9.91698874,8.66279796,0.0003590704495,0.01521613259,38,0.2921011704,5.376753664e-05,0.3242784522,0.2921011704,2.792627571e-05,0.02631578947,2.576629487e-05,-0.1610687728,-9.228560891,-8.66279796,-0.5657629305,3.005001945e-05
IN_BALL_N_R03_H034,IN_BALL_N_R03,IN,BALL,N,34,33,34,190.8623733,191.3530238,-0.1511943468,0.1455746855,8.66279796,8.340815085,0.0003590704495,0.01521613259,38,0.1948394545,1.264176039e-05,0.2967690324,0.1948394545,-1.098871427e-05,0.02631578947,2.358047025e-05,0.1395614496,7.996282045,8.340815085,-0.3445330399,2.643783149e-05
IN_BALL_N_R03_H035,IN_BALL_N_R03,IN,BALL,N,35,34,35,191.3530238,191.8470007,0.1455746855,-0.1227853394,8.340815085,7.035081731,0.0003590704495,0.01521613259,38,0.1739403349,4.638852925e-05,0.2683600249,0.1739403349,2.502072166e-05,0.02631578947,2.132316681e-05,-0.1340318943,-7.679461866,-7.035081731,-0.6443801349,2.38740381e-05
IN_BALL_N_R03_H036,IN_BALL_N_R03,IN,BALL,N,36,35,36,191.8470007,192.3371818,-0.1227853394,0.1171532626,7.035081731,6.712387502,0.0003590704495,0.01521613259,38,0.1044354653,1.025652236e-05,0.2399386019,0.1044354653,-8.835157281e-06,0.02631578947,1.906487688e-05,0.1115698233,6.392479994,6.712387502,-0.319907508,2.059644476e-05
IN_BALL_N_R03_H037,IN_BALL_N_R03,IN,BALL,N,37,36,37,192.3371818,192.8393512,0.1171532626,-0.09390698549,6.712387502,5.380473935,0.0003590704495,0.01521613259,38,0.09072570198,3.725786547e-05,0.2110602481,0.09072570198,2.04643008e-05,0.02631578947,1.677028044e-05,-0.1060098258,-6.073915606,-5.380473935,-0.6934416704,1.810079179e-05
IN_BALL_N_R03_H038,IN_BALL_N_R03,IN,BALL,N,38,37,38,192.8393512,193.3124591,-0.09390698549,0.08861498837,5.380473935,5.077264835,0.0003590704495,0.01521613259,38,0.04674918262,7.338470085e-06,0.1825219739,0.04674918262,-7.176233645e-06,0.02631578947,1.450270582e-05,0.08302405622,4.756928019,5.077264835,-0.3203368157,1.518829234e-05
OUT_BALL_N_R01_H001,OUT_BALL_N_R01,OUT,BALL,N,1,0,1,220.8897986,221.4231914,0.9291000939,-0.8655584991,53.23351413,49.59284892,0.000361796086,0.01447397012,24,39.19999989,0.0007187747616,1.794658593,39.19999989,0.0003911500526,0.04166666667,0.0003175642567,-0.8555866166,-49.02150214,-49.59284892,0.5713467818,0.0008924404309
OUT_BALL_N_R01_H002,OUT_BALL_N_R01,OUT,BALL,N,2,1,2,221.4231914,221.9513094,-0.8655584991,0.7751382435,49.59284892,44.41214989,0.000361796086,0.01447397012,24,32.06702465,0.000956864793,1.640696743,32.06702465,0.0006583142202,0.04166666667,0.0002903207571,0.798776086,45.7664985,44.41214989,1.354348614,0.0007605903617
OUT_BALL_N_R01_H003,OUT_BALL_N_R01,OUT,BALL,N,3,2,3,221.9513094,222.4769857,0.7751382435,-0.7273437683,44.41214989,41.67372818,0.000361796086,0.01447397012,24,23.38179593,0.0004721240531,1.502482012,23.38179593,0.0002002595457,0.04166666667,0.0002658637053,-0.7170086172,-41.08156764,-41.67372818,0.5921605386,0.0006087626193
OUT_BALL_N_R01_H004,OUT_BALL_N_R01,OUT,BALL,N,4,3,4,222.4769857,223.0008521,-0.7273437683,0.6615788746,41.67372818,37.90567733,0.000361796086,0.01447397012,24,19.45941868,0.0006090658333,1.388922643,19.45941868,0.0003583022748,0.04166666667,0.0002457694117,0.6733603687,38.58070722,37.90567733,0.6750298915,0.0005311458452
OUT_BALL_N_R01_H005,OUT_BALL_N_R01,OUT,BALL,N,5,4,5,223.0008521,223.5214891,0.6615788746,-0.6192648786,37.90567733,35.48126394,0.000361796086,0.01447397012,24,14.78013917,0.0003659331628,1.280843753,14.78013917,0.0001354950387,0.04166666667,0.0002266448872,-0.6128324061,-35.11271042,-35.48126394,0.3685535266,0.0004433987107
OUT_BALL_N_R01_H006,OUT_BALL_N_R01,OUT,BALL,N,6,5,6,223.5214891,224.0413733,-0.6192648786,0.5693931571,35.48126394,32.62382478,0.000361796086,0.01447397012,24,12.18834912,0.0004041555664,1.188658036,12.18834912,0.000190694843,0.04166666667,0.0002103326544,0.5736059493,32.8652,32.62382478,0.2413752143,0.0003890773363
OUT_BALL_N_R01_H007,OUT_BALL_N_R01,OUT,BALL,N,7,6,7,224.0413733,224.5589898,0.5693931571,-0.5321292852,32.62382478,30.4887622,0.000361796086,0.01447397012,24,9.531323903,0.0002822481884,1.101522442,9.531323903,8.488799014e-05,0.04166666667,0.0001949140393,-0.5270962665,-30.20039147,-30.4887622,0.2883707315,0.0003346928923
OUT_BALL_N_R01_H008,OUT_BALL_N_R01,OUT,BALL,N,8,7,8,224.5589898,225.0767068,-0.5321292852,0.4914101435,30.4887622,28.15572724,0.000361796086,0.01447397012,24,7.812073261,0.0002886057646,1.023539429,7.812073261,0.000105485871,0.04166666667,0.0001811149704,0.4921470337,28.19794793,28.15572724,0.04222069615,0.0002956806541
OUT_BALL_N_R01_H009,OUT_BALL_N_R01,OUT,BALL,N,9,8,9,225.0767068,225.5918105,0.4914101435,-0.4583352372,28.15572724,26.2606747,0.000361796086,0.01447397012,24,6.178327706,0.0002188752644,0.9497453808,6.178327706,4.9232495e-05,0.04166666667,0.0001680571375,-0.4537715082,-25.99919228,-26.2606747,0.2614824132,0.0002586636019
OUT_BALL_N_R01_H010,OUT_BALL_N_R01,OUT,BALL,N,10,9,10,225.5918105,226.1071924,-0.4583352372,0.4240377997,26.2606747,24.29557628,0.000361796086,0.01447397012,24,5.028766376,0.0002119672763,0.882373037,5.028766376,5.454104959e-05,0.04166666667,0.0001561356231,0.4224557367,24.20493074,24.29557628,-0.09064553429,0.0002298835308
OUT_BALL_N_R01_H011,OUT_BALL_N_R01,OUT,BALL,N,11,10,11,226.1071924,226.6200146,0.4240377997,-0.3929290372,24.29557628,22.51317548,0.000361796086,0.01447397012,24,3.994359321,0.0001788470558,0.816966837,3.994359321,3.325990949e-05,0.04166666667,0.0001445620172,-0.3898482497,-22.33665936,-22.51317548,0.1765161219,0.0002031401297
OUT_BALL_N_R01_H012,OUT_BALL_N_R01,OUT,BALL,N,12,11,12,226.6200146,227.1349586,-0.3929290372,0.3651477504,22.51317548,20.921425,0.000361796086,0.01447397012,24,3.186286669,0.0001487852287,0.7580767876,3.186286669,1.382604472e-05,0.04166666667,0.000134141442,0.360154672,20.63534268,20.921425,-0.286082317,0.0001808690006
OUT_BALL_N_R01_H013,OUT_BALL_N_R01,OUT,BALL,N,13,12,13,227.1349586,227.6470062,0.3651477504,-0.3332021372,20.921425,19.09107618,0.000361796086,0.01447397012,24,2.562517179,0.0001581838963,0.6983498876,2.562517179,3.395345473e-05,0.04166666667,0.0001235727864,-0.3335420608,-19.11055237,-19.09107618,-0.01947619144,0.0001611526353
OUT_BALL_N_R01_H014,OUT_BALL_N_R01,OUT,BALL,N,14,13,14,227.6470062,228.159534,-0.3332021372,0.3104585597,19.09107618,17.78796519,0.000361796086,0.01447397012,24,1.951445873,0.000104121649,0.6436606969,1.951445873,-1.02747301e-05,0.04166666667,0.0001138955518,0.3028308896,17.35093188,17.78796519,-0.4370333052,0.0001425139125
OUT_BALL_N_R01_H015,OUT_BALL_N_R01,OUT,BALL,N,15,14,15,228.159534,228.6700717,0.3104585597,-0.2787751968,17.78796519,15.97264221,0.000361796086,0.01447397012,24,1.580817564,0.0001331549743,0.5892337565,1.580817564,2.84845443e-05,0.04166666667,0.0001042647223,-0.2808948075,-16.09408696,-15.97264221,-0.1214447491,0.0001274477416
OUT_BALL_N_R01_H016,OUT_BALL_N_R01,OUT,BALL,N,16,15,16,228.6700717,229.1812556,-0.2787751968,0.2584631665,15.97264221,14.8088486,0.000361796086,0.01447397012,24,1.146690027,7.802523714e-05,0.5372383633,1.146690027,-1.733320856e-05,0.04166666667,9.506415436e-05,0.2502376309,14.33756013,14.8088486,-0.4712884758,0.0001118806028
OUT_BALL_N_R01_H017,OUT_BALL_N_R01,OUT,BALL,N,17,16,17,229.1812556,229.6891992,0.2584631665,-0.2287697246,14.8088486,13.1075397,0.000361796086,0.01447397012,24,0.91485976,0.0001036655625,0.4872328911,0.91485976,1.721506682e-05,0.04166666667,8.621570226e-05,-0.2305231524,-13.20800371,-13.1075397,-0.1004640099,9.963231145e-05
OUT_BALL_N_R01_H018,OUT_BALL_N_R01,OUT,BALL,N,18,17,18,229.6891992,230.1978911,-0.2287697246,0.2115516129,13.1075397,12.12101457,0.000361796086,0.01447397012,24,0.6353069181,5.442437501e-05,0.4403213375,0.6353069181,-2.365339085e-05,0.04166666667,7.791471803e-05,0.2016180634,11.55186411,12.12101457,-0.5691504593,8.723162649e-05
OUT_BALL_N_R01_H019,OUT_BALL_N_R01,OUT,BALL,N,19,18,19,230.1978911,230.7029889,0.2115516129,-0.182028103,12.12101457,10.42944206,0.000361796086,0.01447397012,24,0.5027668988,8.3547964e-05,0.3935797159,0.5027668988,1.377512856e-05,0.04166666667,6.964380324e-05,-0.184811533,-10.58892085,-10.42944206,-0.1594787916,7.701698467e-05
OUT_BALL_N_R01_H020,OUT_BALL_N_R01,OUT,BALL,N,20,19,20,230.7029889,231.2092922,-0.182028103,0.1679011955,10.42944206,9.620029879,0.000361796086,0.01447397012,24,0.3206551286,3.559290134e-05,0.3499292986,0.3206551286,-2.640926896e-05,0.04166666667,6.191987603e-05,0.155914608,8.933249004,9.620029879,-0.6867808757,6.662235037e-05
OUT_BALL_N_R01_H021,OUT_BALL_N_R01,OUT,BALL,N,21,20,21,231.2092922,231.711314,0.1679011955,-0.140094338,9.620029879,8.026814299,0.000361796086,0.01447397012,24,0.2517671738,6.173366832e-05,0.3079955335,0.2517671738,7.169343857e-06,0.04166666667,5.449970988e-05,-0.1420554986,-8.139180529,-8.026814299,-0.1123662293,5.8191928e-05
OUT_BALL_N_R01_H022,OUT_BALL_N_R01,OUT,BALL,N,22,21,22,231.711314,232.2148013,-0.140094338,0.1274563898,8.026814299,7.302713206,0.000361796086,0.01447397012,24,0.1463766117,2.4397278e-05,0.2675507277,0.1463766117,-2.298330331e-05,0.04166666667,4.73430146e-05,0.1146998121,6.571815143,7.302713206,-0.7308980632,4.948965814e-05
OUT_BALL_N_R01_H023,OUT_BALL_N_R01,OUT,BALL,N,23,22,23,232.2148013,232.710992,0.1274563898,-0.1018411045,7.302713206,5.835065467,0.000361796086,0.01447397012,24,0.1102660206,4.241236331e-05,0.2292974942,0.1102660206,1.809946848e-06,0.04166666667,4.057411733e-05,-0.1022391426,-5.857871369,-5.835065467,-0.02280590256,4.219119152e-05
OUT_BALL_N_R01_H024,OUT_BALL_N_R01,OUT,BALL,N,24,23,24,232.710992,233.2094832,-0.1018411045,0.0927833241,5.835065467,5.31609288,0.000361796086,0.01447397012,24,0.05628353234,1.273766062e-05,0.1946244286,0.05628353234,-2.171551381e-05,0.04166666667,3.443872959e-05,0.07693028925,4.40778089,5.31609288,-0.9083119897,3.526413933e-05
OUT_BALL_P_R02_H001,OUT_BALL_P_R02,OUT,BALL,P,1,0,1,254.3449758,254.8805414,-1.00950086,0.8909591404,57.84013868,51.04819846,0.000361796086,0.01447397012,25,49.48339446,0.001395045724,1.90046,49.48339446,0.001046060317,0.04,0.0003362857814,0.9266734085,53.09447529,51.04819846,2.046276831,0.001061970082
OUT_BALL_P_R02_H002,OUT_BALL_P_R02,OUT,BALL,P,2,1,2,254.8805414,255.4106911,0.8909591404,-0.8284786386,51.04819846,47.46832941,0.000361796086,0.01447397012,25,34.81455449,0.0006850707024,1.719437779,34.81455449,0.0003718817912,0.04,0.000304253958,-0.8215516432,-47.07144181,-47.46832941,0.3968875978,0.0008148166608
OUT_BALL_P_R02_H003,OUT_BALL_P_R02,OUT,BALL,P,3,2,3,255.4106911,255.9367009,-0.8284786386,0.7498238493,47.46832941,42.96174194,0.000361796086,0.01447397012,25,28.30082771,0.0008078109395,1.578302488,28.30082771,0.0005212675825,0.04,0.000279280114,0.7653738429,43.85269095,42.96174194,0.8909490062,0.000694317655
OUT_BALL_P_R02_H004,OUT_BALL_P_R02,OUT,BALL,P,4,3,4,255.9367009,256.4606669,0.7498238493,-0.6998535888,42.96174194,40.09865692,0.000361796086,0.01447397012,25,21.24825389,0.0004794874741,1.449677438,21.24825389,0.0002175142801,0.04,0.0002565199531,-0.693926191,-39.75904204,-40.09865692,0.3396148751,0.000568130028
OUT_BALL_P_R02_H005,OUT_BALL_P_R02,OUT,BALL,P,5,4,5,256.4606669,256.983298,-0.6998535888,0.6413848092,40.09865692,36.74864261,0.000361796086,0.01447397012,25,17.40450035,0.0005258608648,1.341238398,17.40450035,0.0002840624007,0.04,0.0002373317001,0.6481247447,37.13481247,36.74864261,0.3861698577,0.0004925723278
OUT_BALL_P_R02_H006,OUT_BALL_P_R02,OUT,BALL,P,6,5,6,256.983298,257.5030456,0.6413848092,-0.5991313317,36.74864261,34.32769668,0.000361796086,0.01447397012,25,13.50350454,0.0003554489095,1.240516141,13.50350454,0.0001324743841,0.04,0.0002195089293,-0.5941391538,-34.04166595,-34.32769668,0.2860307261,0.0004175406398
OUT_BALL_P_R02_H007,OUT_BALL_P_R02,OUT,BALL,P,7,6,7,257.5030456,258.0223328,-0.5991313317,0.5531633239,34.32769668,31.69392384,0.000361796086,0.01447397012,25,11.06517974,0.0003624432634,1.152294656,11.06517974,0.0001557052832,0.04,0.000203898166,0.5548650532,31.79142575,31.69392384,0.09750190679,0.0003661713347
OUT_BALL_P_R02_H008,OUT_BALL_P_R02,OUT,BALL,P,8,7,8,258.0223328,258.5384943,0.5531633239,-0.5150857241,31.69392384,29.51223808,0.000361796086,0.01447397012,25,8.755381859,0.000280558611,1.068249048,8.755381859,8.928527009e-05,0.04,0.000189026323,-0.5118797278,-29.32854802,-29.51223808,0.1836900561,0.0003174258241
OUT_BALL_P_R02_H009,OUT_BALL_P_R02,OUT,BALL,P,9,8,9,258.5384943,259.055286,-0.5150857241,0.4789793366,29.51223808,27.44349446,0.000361796086,0.01447397012,25,7.0979781,0.0002491735181,0.9940650607,7.0979781,7.145237274e-05,0.04,0.0001758994905,0.4761079402,27.27897557,27.44349446,-0.1645188909,0.0002799928197
OUT_BALL_P_R02_H010,OUT_BALL_P_R02,OUT,BALL,P,10,9,10,259.055286,259.5695317,0.4789793366,-0.4438355974,27.44349446,25.42990653,0.000361796086,0.01447397012,25,5.728176127,0.0002264524687,0.9228149339,5.728176127,6.169056193e-05,0.04,0.0001632918036,-0.4420173623,-25.32572933,-25.42990653,0.1041771956,0.0002472967012
OUT_BALL_P_R02_H011,OUT_BALL_P_R02,OUT,BALL,P,11,10,11,259.5695317,260.084779,-0.4438355974,0.4133500729,25.42990653,23.68321464,0.000361796086,0.01447397012,25,4.572456187,0.0001833711463,0.8571856702,4.572456187,3.051892528e-05,0.04,0.0001516787267,0.4086872325,23.41605356,23.68321464,-0.2671610746,0.0002187347503
OUT_BALL_P_R02_H012,OUT_BALL_P_R02,OUT,BALL,P,12,11,12,260.084779,260.5971418,0.4133500729,-0.3807106069,23.68321464,21.81311099,0.000361796086,0.01447397012,25,3.703208075,0.0001826689409,0.7940606797,3.703208075,4.120975398e-05,0.04,0.0001405087801,-0.3796592412,-21.75287218,-21.81311099,0.06023881359,0.0001948170988
OUT_BALL_P_R02_H013,OUT_BALL_P_R02,OUT,BALL,P,13,12,13,260.5971418,261.1110472,-0.3807106069,0.3553893207,21.81311099,20.36230816,0.000361796086,0.01447397012,25,2.90094634,0.0001318617922,0.7360999276,2.90094634,8.646374728e-07,0.04,0.0001302526437,0.348460999,19.96534457,20.36230816,-0.3969635915,0.0001727956268
OUT_BALL_P_R02_H014,OUT_BALL_P_R02,OUT,BALL,P,14,13,14,261.1110472,261.622561,0.3553893207,-0.3238849829,20.36230816,18.55724257,0.000361796086,0.01447397012,25,2.364179909,0.0001519054506,0.6792743036,2.364179909,3.110132958e-05,0.04,0.000120197368,-0.3241731549,-18.57375361,-18.55724257,-0.01651104055,0.0001548685594
OUT_BALL_P_R02_H015,OUT_BALL_P_R02,OUT,BALL,P,15,14,15,261.622561,262.1348255,-0.3238849829,0.3009637324,18.55724257,17.24395165,0.000361796086,0.01447397012,25,1.793379985,0.0001019701489,0.6248487153,1.793379985,-9.056889468e-06,0.04,0.0001105667778,0.2938517057,16.83646254,17.24395165,-0.4074891155,0.0001368670693
OUT_BALL_P_R02_H016,OUT_BALL_P_R02,OUT,BALL,P,16,15,16,262.1348255,262.6442192,0.3009637324,-0.2710623511,17.24395165,15.5307287,0.000361796086,0.01447397012,25,1.441007129,0.0001220987501,0.5720260835,1.441007129,2.050909381e-05,0.04,0.0001012198302,-0.2717195814,-15.56838522,-15.5307287,-0.03765651885,0.0001223525003
OUT_BALL_P_R02_H017,OUT_BALL_P_R02,OUT,BALL,P,17,16,17,262.6442192,263.1546018,-0.2710623511,0.2519665836,15.5307287,14.43662182,0.000361796086,0.01447397012,25,1.05457099,7.145824699e-05,0.5230289347,1.05457099,-2.136220309e-05,0.04,9.254980057e-05,0.242757243,13.90896547,14.43662182,-0.5276563472,0.0001080153041
OUT_BALL_P_R02_H018,OUT_BALL_P_R02,OUT,BALL,P,18,17,18,263.1546018,263.6630615,0.2519665836,-0.2232528812,14.43662182,12.79144786,0.000361796086,0.01447397012,25,0.8478746848,9.782094608e-05,0.4752194648,0.8478746848,1.351341361e-05,0.04,8.408993036e-05,-0.2242077347,-12.84615693,-12.79144786,-0.05470907584,9.652418945e-05
OUT_BALL_P_R02_H019,OUT_BALL_P_R02,OUT,BALL,P,19,18,19,263.6630615,264.1695581,-0.2232528812,0.2061388287,12.79144786,11.81088488,0.000361796086,0.01447397012,25,0.5905920736,5.277367437e-05,0.4293917099,0.5905920736,-2.335862164e-05,0.04,7.598072398e-05,0.1962370076,11.24355232,11.81088488,-0.5673325588,8.464187992e-05
OUT_BALL_P_R02_H020,OUT_BALL_P_R02,OUT,BALL,P,20,19,20,264.1695581,264.6781433,0.2061388287,-0.1791536122,11.81088488,10.26474586,0.000361796086,0.01447397012,25,0.4652596371,7.477755585e-05,0.3852924409,0.4652596371,6.48077705e-06,0.04,6.817737261e-05,-0.1795211548,-10.2858045,-10.26474586,-0.02105863847,7.500050223e-05
OUT_BALL_P_R02_H021,OUT_BALL_P_R02,OUT,BALL,P,21,20,21,264.6781433,265.1841227,-0.1791536122,0.1637694039,10.26474586,9.383295659,0.000361796086,0.01447397012,25,0.3057346766,3.799225887e-05,0.3429230162,0.3057346766,-2.276632278e-05,0.04,6.068011662e-05,0.15309488,8.77169049,9.383295659,-0.6116051692,6.516377942e-05
OUT_BALL_P_R02_H022,OUT_BALL_P_R02,OUT,BALL,P,22,21,22,265.1841227,265.6842468,0.1637694039,-0.1386044901,9.383295659,7.941452305,0.000361796086,0.01447397012,25,0.2336660443,5.485676766e-05,0.302373894,0.2336660443,1.291836029e-06,0.04,5.35049626e-05,-0.1379935999,-7.906450872,-7.941452305,0.03500143335,5.693172388e-05
OUT_BALL_P_R02_H023,OUT_BALL_P_R02,OUT,BALL,P,23,22,23,265.6842468,266.1882265,-0.1386044901,0.1254017126,7.941452305,7.184988873,0.000361796086,0.01447397012,25,0.1417620163,2.515196815e-05,0.2640062027,0.1417620163,-2.160022629e-05,0.04,4.671581204e-05,0.1132317332,6.48770042,7.184988873,-0.6972884536,4.879478158e-05
OUT_BALL_P_R02_H024,OUT_BALL_P_R02,OUT,BALL,P,24,23,24,266.1882265,266.6863934,0.1254017126,-0.1014472824,7.184988873,5.812501126,0.000361796086,0.01447397012,25,0.1050243106,3.924084835e-05,0.226848995,0.1050243106,-9.269617131e-07,0.04,4.014085618e-05,-0.1002115818,-5.741700696,-5.812501126,0.07080042994,4.16810596e-05
OUT_BALL_P_R02_H025,OUT_BALL_P_R02,OUT,BALL,P,25,24,25,266.6863934,267.1848683,-0.1014472824,0.08955492008,5.812501126,5.131118955,0.000361796086,0.01447397012,25,0.05563355019,1.641350241e-05,0.1910022025,0.05563355019,-1.739855347e-05,0.04,3.379777786e-05,0.07653776364,4.38529083,5.131118955,-0.7458281254,3.461365548e-05
OUT_BALL_N_R02_H001,OUT_BALL_N_R02,OUT,BALL,N,1,0,1,279.5625141,280.0959665,0.9156967091,-0.8553218522,52.46555675,49.00633225,0.000361796086,0.01447397012,24,37.62309409,0.0006764753488,1.771018561,37.62309409,0.0003534384394,0.04166666667,0.0003133811607,-0.8436490216,-48.33752833,-49.00633225,0.6688039239,0.0008651316825
OUT_BALL_N_R02_H002,OUT_BALL_N_R02,OUT,BALL,N,2,1,2,280.0959665,280.6251377,-0.8553218522,0.7643311135,49.00633225,43.79294695,0.000361796086,0.01447397012,24,30.99844328,0.00095339765,1.619652966,30.99844328,0.0006588450119,0.04166666667,0.0002865970676,0.7895734005,45.23922346,43.79294695,1.44627651,0.0007411957036
OUT_BALL_N_R02_H003,OUT_BALL_N_R02,OUT,BALL,N,3,2,3,280.6251377,281.1498657,0.7643311135,-0.7136499703,43.79294695,40.88913135,0.000361796086,0.01447397012,24,22.45536396,0.0004940288937,1.477981084,22.45536396,0.0002267375809,0.04166666667,0.000261528274,-0.7071628434,-40.51744635,-40.88913135,0.3716849929,0.00059084087
OUT_BALL_N_R02_H004,OUT_BALL_N_R02,OUT,BALL,N,4,3,4,281.1498657,281.6727708,-0.7136499703,0.6502874669,40.88913135,37.25872732,0.000361796086,0.01447397012,24,18.41774448,0.0005779765838,1.363937437,18.41774448,0.000331901489,0.04166666667,0.0002413482877,0.6608014582,37.86113465,37.25872732,0.6024073277,0.0005114483519
OUT_BALL_N_R02_H005,OUT_BALL_N_R02,OUT,BALL,N,5,4,5,281.6727708,282.192918,0.6502874669,-0.6085568201,37.25872732,34.86773738,0.000361796086,0.01447397012,24,14.05727573,0.0003555403416,1.258844287,14.05727573,0.0001291805346,0.04166666667,0.0002227520888,-0.6023868387,-34.51422349,-34.86773738,0.3535138944,0.0004289049693
OUT_BALL_N_R02_H006,OUT_BALL_N_R02,OUT,BALL,N,6,5,6,282.192918,282.7123952,-0.6085568201,0.5592913021,34.86773738,32.04503113,0.000361796086,0.01447397012,24,11.58233666,0.0003930758874,1.167848122,11.58233666,0.0001834530011,0.04166666667,0.0002066503469,0.5635086014,32.28666458,32.04503113,0.2416334496,0.0003765077297
OUT_BALL_N_R02_H007,OUT_BALL_N_R02,OUT,BALL,N,7,6,7,282.7123952,283.2291427,0.5592913021,-0.5224041545,32.04503113,29.93155325,0.000361796086,0.01447397012,24,9.0433729,0.0002748715117,1.081695457,9.0433729,8.114492194e-05,0.04166666667,0.0001914056606,-0.5176369529,-29.65841272,-29.93155325,0.2731405316,0.0003240286104
OUT_BALL_N_R02_H008,OUT_BALL_N_R02,OUT,BALL,N,8,7,8,283.2291427,283.7458715,-0.5224041545,0.4838259817,29.93155325,27.72118677,0.000361796086,0.01447397012,24,7.399181217,0.0002692097676,1.006230136,7.399181217,8.925871411e-05,0.04166666667,0.0001780520966,0.4829992657,27.67381943,27.72118677,-0.04736733881,0.0002865626324
OUT_BALL_N_R02_H009,OUT_BALL_N_R02,OUT,BALL,N,9,8,9,283.7458715,284.2607523,0.4838259817,-0.449625257,27.72118677,25.76162959,0.000361796086,0.01447397012,24,5.901053801,0.0002227307057,0.9334512388,5.901053801,5.604234021e-05,0.04166666667,0.0001651738943,-0.4466015343,-25.58838304,-25.76162959,0.1732465499,0.0002517140791
OUT_BALL_N_R02_H010,OUT_BALL_N_R02,OUT,BALL,N,10,9,10,284.2607523,284.7753314,-0.449625257,0.4171914737,25.76162959,23.90331069,0.000361796086,0.01447397012,24,4.751265616,0.000197142771,0.8668167308,4.751265616,4.254044659e-05,0.04166666667,0.0001533829397,0.4141878675,23.73121673,23.90331069,-0.1720939592,0.0002230612409
OUT_BALL_N_R02_H011,OUT_BALL_N_R02,OUT,BALL,N,11,10,11,284.7753314,285.2893241,0.4171914737,-0.3847368225,23.90331069,22.04379615,0.000361796086,0.01447397012,24,3.806195436,0.0001833373749,0.8019282962,3.806195436,4.04595847e-05,0.04166666667,0.0001419009522,-0.3833229329,-21.96278625,-22.04379615,0.08100990318,0.0001977196022
OUT_BALL_N_R02_H012,OUT_BALL_N_R02,OUT,BALL,N,12,11,12,285.2893241,285.8018488,-0.3847368225,0.3571451724,22.04379615,20.46291105,0.000361796086,0.01447397012,24,2.993033789,0.0001447607091,0.7418819949,2.993033789,1.271678565e-05,0.04166666667,0.0001312757787,0.3523160888,20.18622495,20.46291105,-0.2766861057,0.0001751692434
OUT_BALL_N_R02_H013,OUT_BALL_N_R02,OUT,BALL,N,13,12,13,285.8018488,286.3138975,0.3571451724,-0.3262977831,20.46291105,18.69548583,0.000361796086,0.01447397012,24,2.399093762,0.0001496151746,0.6834429555,2.399093762,2.80644515e-05,0.04166666667,0.0001209350096,-0.3258597255,-18.67038699,-18.69548583,0.02509884827,0.00015611822
OUT_BALL_N_R02_H014,OUT_BALL_N_R02,OUT,BALL,N,14,13,14,286.3138975,286.8259596,-0.3262977831,0.3033167893,18.69548583,17.37877188,0.000361796086,0.01447397012,24,1.833470447,0.0001029898648,0.6296145724,1.833470447,-8.890779425e-06,0.04166666667,0.0001114100946,0.2961779387,16.96974587,17.37877188,-0.4090260109,0.0001382983211
OUT_BALL_N_R02_H015,OUT_BALL_N_R02,OUT,BALL,N,15,14,15,286.8259596,287.3350697,0.3033167893,-0.2734057075,17.37877188,15.66499314,0.000361796086,0.01447397012,24,1.474860937,0.0001231132996,0.5767224969,1.474860937,2.06839261e-05,0.04166666667,0.000102050859,-0.2739943903,-15.69872218,-15.66499314,-0.03372904046,0.0001236800023
OUT_BALL_N_R02_H016,OUT_BALL_N_R02,OUT,BALL,N,16,15,16,287.3350697,287.84695,-0.2734057075,0.2532626405,15.66499314,14.51088041,0.000361796086,0.01447397012,24,1.082020324,7.588957947e-05,0.526668348,1.082020324,-1.758190834e-05,0.04166666667,9.319379358e-05,0.2450307369,14.03922708,14.51088041,-0.4716533341,0.0001090618473
OUT_BALL_N_R02_H017,OUT_BALL_N_R02,OUT,BALL,N,17,16,17,287.84695,288.3547204,0.2532626405,-0.225505746,14.51088041,12.9205275,0.000361796086,0.01447397012,24,0.8609694232,9.525422863e-05,0.4787683865,0.8609694232,1.031535493e-05,0.04166666667,8.471791089e-05,-0.2254680996,-12.91837052,-12.9205275,0.002156974325,9.734420706e-05
OUT_BALL_N_R02_H018,OUT_BALL_N_R02,OUT,BALL,N,18,17,18,288.3547204,288.8613194,-0.225505746,0.2072003246,12.9205275,11.87170412,0.000361796086,0.01447397012,24,0.6085906324,5.687624352e-05,0.4327060706,0.6085906324,-1.984714676e-05,0.04166666667,7.656719902e-05,0.1984350572,11.36949128,11.87170412,-0.5022128313,8.549230758e-05
OUT_BALL_N_R02_H019,OUT_BALL_N_R02,OUT,BALL,N,19,18,19,288.8613194,289.3680248,0.2072003246,-0.1798780911,11.87170412,10.30625545,0.000361796086,0.01447397012,24,0.4724634117,7.605795944e-05,0.3870784157,0.4724634117,7.443304167e-06,0.04166666667,6.849340028e-05,-0.1805589212,-10.34526414,-10.30625545,-0.03900869382,7.542217475e-05
OUT_BALL_N_R02_H020,OUT_BALL_N_R02,OUT,BALL,N,20,19,20,289.3680248,289.8723578,-0.1798780911,0.1649466677,10.30625545,9.450747905,0.000361796086,0.01447397012,24,0.3094507186,3.707656701e-05,0.3448247588,0.3094507186,-2.401948109e-05,0.04166666667,6.101662937e-05,0.1538063457,8.812454471,9.450747905,-0.6382934334,6.55547887e-05
OUT_BALL_N_R02_H021,OUT_BALL_N_R02,OUT,BALL,N,21,20,21,289.8723578,290.3746737,0.1649466677,-0.1377201866,9.450747905,7.890785448,0.000361796086,0.01447397012,24,0.2387322662,5.940755567e-05,0.3026668544,0.2387322662,5.789484591e-06,0.04166666667,5.355680183e-05,-0.1391502713,-7.972723262,-7.890785448,-0.081937814,5.705786031e-05
OUT_BALL_N_R02_H022,OUT_BALL_N_R02,OUT,BALL,N,22,21,22,290.3746737,290.8795295,-0.1377201866,0.1248504229,7.890785448,7.153402304,0.000361796086,0.01447397012,24,0.1390693449,2.438501776e-05,0.2625706096,0.1390693449,-2.211245789e-05,0.04166666667,4.646178431e-05,0.1123637722,6.437969916,7.153402304,-0.7154323879,4.850126526e-05
OUT_BALL_N_R02_H023,OUT_BALL_N_R02,OUT,BALL,N,23,22,23,290.8795295,291.3718858,0.1248504229,-0.09898120453,7.153402304,5.671205271,0.000361796086,0.01447397012,24,0.1036467013,4.181608274e-05,0.2238316275,0.1036467013,2.182548445e-06,0.04166666667,3.960693397e-05,-0.09966748268,-5.710526113,-5.671205271,-0.0393208419,4.112693446e-05
OUT_BALL_N_R02_H024,OUT_BALL_N_R02,OUT,BALL,N,24,23,24,291.3718858,291.8683825,-0.09898120453,0.09027300705,5.671205271,5.172262308,0.000361796086,0.01447397012,24,0.05167675061,1.190917835e-05,0.1892542116,0.05167675061,-2.159255562e-05,0.04166666667,3.348847143e-05,0.07409803956,4.245504937,5.172262308,-0.926757371,3.424632176e-05
OUT_BALL_P_R03_H001,OUT_BALL_P_R03,OUT,BALL,P,1,0,1,306.4990647,307.0355326,-1.012195603,0.8933972538,57.9945361,51.18789207,0.000361796086,0.01447397012,26,49.85272525,0.001400622283,1.905592857,49.85272525,0.001050633832,0.03846153846,0.0003371940387,0.929039653,53.23005112,51.18789207,2.042159048,0.001068294652
OUT_BALL_P_R03_H002,OUT_BALL_P_R03,OUT,BALL,P,2,1,2,307.0355326,307.5663366,0.8933972538,-0.8329674854,51.18789207,47.72552139,0.000361796086,0.01447397012,26,35.08552064,0.0006645651249,1.726364739,35.08552064,0.0003500809484,0.03846153846,0.0003054796814,-0.8237294798,-47.19622265,-47.72552139,0.5292987313,0.0008200161592
OUT_BALL_P_R03_H003,OUT_BALL_P_R03,OUT,BALL,P,3,2,3,307.5663366,308.0937671,-0.8329674854,0.752089794,47.72552139,43.09157101,0.000361796086,0.01447397012,26,28.74146196,0.0008334082522,1.585057279,28.74146196,0.0005455565507,0.03846153846,0.0002804753721,0.7694271731,44.08492966,43.09157101,0.9933586519,0.0007019749063
OUT_BALL_P_R03_H004,OUT_BALL_P_R03,OUT,BALL,P,4,3,4,308.0937671,308.6175889,0.752089794,-0.701603837,43.09157101,40.19893875,0.000361796086,0.01447397012,26,21.43405493,0.0004855321676,1.453693631,21.43405493,0.0002228006248,0.03846153846,0.0002572306171,-0.6959960366,-39.87763546,-40.19893875,0.3213032953,0.0005715655031
OUT_BALL_P_R03_H005,OUT_BALL_P_R03,OUT,BALL,P,5,4,5,308.6175889,309.1406393,-0.701603837,0.6414319011,40.19893875,36.75134078,0.000361796086,0.01447397012,26,17.53104437,0.0005417871487,1.343035738,17.53104437,0.0002996381692,0.03846153846,0.0002376497388,0.6497342596,37.22703088,36.75134078,0.4756900983,0.0004947461608
OUT_BALL_P_R03_H006,OUT_BALL_P_R03,OUT,BALL,P,6,5,6,309.1406393,309.6607054,0.6414319011,-0.5996713543,36.75134078,34.3586377,0.000361796086,0.01447397012,26,13.50639656,0.0003514471956,1.241103255,13.50639656,0.0001283680384,0.03846153846,0.000219612819,-0.5941828019,-34.04416681,-34.3586377,0.3144708893,0.0004176869416
OUT_BALL_P_R03_H007,OUT_BALL_P_R03,OUT,BALL,P,7,6,7,309.6607054,310.1792651,-0.5996713543,0.5539467911,34.3586377,31.73881321,0.000361796086,0.01447397012,26,11.09440152,0.000360891257,1.153618145,11.09440152,0.0001539115861,0.03846153846,0.0002041323571,0.5553683607,31.82026314,31.73881321,0.08144993533,0.0003668340694
OUT_BALL_P_R03_H008,OUT_BALL_P_R03,OUT,BALL,P,8,7,8,310.1792651,310.6955637,0.5539467911,-0.5159585734,31.73881321,29.56224866,0.000361796086,0.01447397012,26,8.791866967,0.000280291928,1.069905364,8.791866967,8.87161387e-05,0.03846153846,0.0001893194077,-0.5126283794,-29.3714426,-29.56224866,0.1908060589,0.0003182539704
OUT_BALL_P_R03_H009,OUT_BALL_P_R03,OUT,BALL,P,9,8,9,310.6955637,311.2123737,-0.5159585734,0.4791766106,29.56224866,27.45479743,0.000361796086,0.01447397012,26,7.133476425,0.0002540855432,0.995135184,7.133476425,7.616592946e-05,0.03846153846,0.0001760888484,0.4769301559,27.32608505,27.45479743,-0.1287123739,0.000280702768
OUT_BALL_P_R03_H010,OUT_BALL_P_R03,OUT,BALL,P,10,9,10,311.2123737,311.7273833,0.4791766106,-0.4453452065,27.45479743,25.51640076,0.000361796086,0.01447397012,26,5.735147596,0.0002183712281,0.9245218171,5.735147596,5.330549968e-05,0.03846153846,0.000163593836,-0.442203164,-25.33637498,-25.51640076,0.1800257721,0.0002477009717
OUT_BALL_P_R03_H011,OUT_BALL_P_R03,OUT,BALL,P,11,10,11,311.7273833,312.2420662,-0.4453452065,0.4134002385,25.51640076,23.68608891,0.000361796086,0.01447397012,26,4.618648126,0.0001924769126,0.8587454449,4.618648126,3.933683506e-05,0.03846153846,0.0001519547283,0.410121895,23.49825367,23.68608891,-0.187835245,0.0002196881664
OUT_BALL_P_R03_H012,OUT_BALL_P_R03,OUT,BALL,P,12,11,12,312.2420662,312.7563104,0.4134002385,-0.3812529639,23.68608891,21.84418576,0.000361796086,0.01447397012,26,3.704541102,0.0001800417118,0.7946532023,3.704541102,3.84773361e-05,0.03846153846,0.0001406136267,-0.3797071121,-21.75561497,-21.84418576,0.08857078317,0.0001949414946
OUT_BALL_P_R03_H013,OUT_BALL_P_R03,OUT,BALL,P,13,12,13,312.7563104,313.2678549,-0.3812529639,0.3548773767,21.84418576,20.33297593,0.000361796086,0.01447397012,26,2.913241102,0.000137357219,0.7361303405,2.913241102,6.351527288e-06,0.03846153846,0.0001302580253,0.3489804141,19.99510486,20.33297593,-0.3378710698,0.0001729813137
OUT_BALL_P_R03_H014,OUT_BALL_P_R03,OUT,BALL,P,14,13,14,313.2678549,313.7796542,0.3548773767,-0.325626949,20.33297593,18.65704988,0.000361796086,0.01447397012,26,2.354063608,0.0001412839741,0.6805043257,2.354063608,2.02647973e-05,0.03846153846,0.00012041502,-0.3236813436,-18.5455749,-18.65704988,0.1114749779,0.0001549378538
OUT_BALL_P_R03_H015,OUT_BALL_P_R03,OUT,BALL,P,15,14,15,313.7796542,314.2913744,-0.325626949,0.3022749035,18.65704988,17.31907622,0.000361796086,0.01447397012,26,1.822265346,0.0001043774129,0.6279018525,1.822265346,-7.197290305e-06,0.03846153846,0.0001111070294,0.2955312379,16.93269265,17.31907622,-0.3863835753,0.0001378309308
OUT_BALL_P_R03_H016,OUT_BALL_P_R03,OUT,BALL,P,16,15,16,314.2913744,314.8009313,0.3022749035,-0.2739275133,17.31907622,15.6948904,0.000361796086,0.01447397012,26,1.459807095,0.0001165753354,0.5762024168,1.459807095,1.424185342e-05,0.03846153846,0.000101958831,-0.2729872068,-15.64101481,-15.6948904,0.05387559231,0.0001233672065
OUT_BALL_P_R03_H017,OUT_BALL_P_R03,OUT,BALL,P,17,16,17,314.8009313,315.3113186,-0.2739275133,0.2543751596,15.6948904,14.57462306,0.000361796086,0.01447397012,26,1.088196247,7.38873791e-05,0.5283026729,1.088196247,-1.987488699e-05,0.03846153846,9.348298684e-05,0.2455368383,14.06822455,14.57462306,-0.506398508,0.0001094416118
OUT_BALL_P_R03_H018,OUT_BALL_P_R03,OUT,BALL,P,18,17,18,315.3113186,315.8191341,0.2543751596,-0.2259187173,14.57462306,12.94418901,0.000361796086,0.01447397012,26,0.8723160463,9.795988974e-05,0.4802938769,0.8723160463,1.274816896e-05,0.03846153846,8.498784593e-05,-0.2265469261,-12.98018273,-12.94418901,-0.03599371492,9.778054269e-05
OUT_BALL_P_R03_H019,OUT_BALL_P_R03,OUT,BALL,P,19,18,19,315.8191341,316.3278198,-0.2259187173,0.2086013937,12.94418901,11.95197946,0.000361796086,0.01447397012,26,0.6119288923,5.402825257e-05,0.434520111,0.6119288923,-2.301698831e-05,0.03846153846,7.688819289e-05,0.1988379116,11.39257314,11.95197946,-0.5594063195,8.586225772e-05
OUT_BALL_P_R03_H020,OUT_BALL_P_R03,OUT,BALL,P,20,19,20,316.3278198,316.8339374,0.2086013937,-0.1812204959,11.95197946,10.38316958,0.000361796086,0.01447397012,26,0.4820845046,7.67546503e-05,0.3898218896,0.4820845046,7.652069021e-06,0.03846153846,6.897885709e-05,-0.1819284387,-10.42373171,-10.38316958,-0.04056213167,7.60487269e-05
OUT_BALL_P_R03_H021,OUT_BALL_P_R03,OUT,BALL,P,21,20,21,316.8339374,317.3377884,-0.1812204959,0.1666060721,10.38316958,9.545824771,0.000361796086,0.01447397012,26,0.3164153596,3.660216577e-05,0.347826568,0.3164153596,-2.502683892e-05,0.03846153846,6.154779853e-05,0.1551227514,8.88787896,9.545824771,-0.6579458103,6.618809577e-05
OUT_BALL_P_R03_H022,OUT_BALL_P_R03,OUT,BALL,P,22,21,22,317.3377884,317.8388104,0.1666060721,-0.1398537221,9.545824771,8.013028026,0.000361796086,0.01447397012,26,0.2459965666,5.909889216e-05,0.3064597942,0.2459965666,4.807797262e-06,0.03846153846,5.422796131e-05,-0.1407821274,-8.06622173,-8.013028026,-0.0531937038,5.783555226e-05
OUT_BALL_P_R03_H023,OUT_BALL_P_R03,OUT,BALL,P,23,22,23,317.8388104,318.3411549,-0.1398537221,0.1278617746,8.013028026,7.325940043,0.000361796086,0.01447397012,26,0.1456246703,2.316437512e-05,0.2677154967,0.1456246703,-2.424516902e-05,0.03846153846,4.737217041e-05,0.1144625948,6.558223593,7.325940043,-0.7677164499,4.950778657e-05
OUT_BALL_P_R03_H024,OUT_BALL_P_R03,OUT,BALL,P,24,23,24,318.3411549,318.8393378,0.1278617746,-0.1018960353,7.325940043,5.83821277,0.000361796086,0.01447397012,26,0.1113203463,4.307852128e-05,0.2297578098,0.1113203463,2.394381542e-06,0.03846153846,4.065557002e-05,-0.1026391074,-5.880787664,-5.83821277,-0.04257489465,4.228810612e-05
OUT_BALL_P_R03_H025,OUT_BALL_P_R03,OUT,BALL,P,25,24,25,318.8393378,319.3324655,-0.1018960353,0.09445325544,5.83821277,5.411772898,0.000361796086,0.01447397012,26,0.05637459257,1.055901282e-05,0.1963492907,0.05637459257,-2.419939878e-05,0.03846153846,3.474394339e-05,0.07698188063,4.410736859,5.411772898,-1.001036039,3.557068854e-05
OUT_BALL_P_R03_H026,OUT_BALL_P_R03,OUT,BALL,P,26,25,26,319.3324655,319.8231274,0.09445325544,-0.07072608379,5.411772898,4.052306103,0.000361796086,0.01447397012,26,0.04490821937,2.833057235e-05,0.1651793392,0.04490821937,-9.093836505e-07,0.03846153846,2.922843057e-05,-0.06961194969,-3.988470921,-4.052306103,0.06383518194,2.988701897e-05
OUT_BALL_N_R03_H001,OUT_BALL_N_R03,OUT,BALL,N,1,0,1,339.0315745,339.5653464,0.9195511366,-0.8590160268,52.68639917,49.21799287,0.000361796086,0.01447397012,26,38.07258046,0.0006803581838,1.778567163,38.07258046,0.0003558701937,0.03846153846,0.0003147168834,-0.8470843191,-48.53435638,-49.21799287,0.6836364924,0.0008730592166
OUT_BALL_N_R03_H002,OUT_BALL_N_R03,OUT,BALL,N,2,1,2,339.5653464,340.0941581,-0.8590160268,0.7747410371,49.21799287,44.38939164,0.000361796086,0.01447397012,26,31.38151964,0.0008889820048,1.633757064,31.38151964,0.0005918353368,0.03846153846,0.0002890927832,0.7928957648,45.42958092,44.38939164,1.040189276,0.0007493093139
OUT_BALL_N_R03_H003,OUT_BALL_N_R03,OUT,BALL,N,3,2,3,340.0941581,340.6197443,0.7747410371,-0.7253503551,44.38939164,41.55951402,0.000361796086,0.01447397012,26,23.34733215,0.0004872637801,1.500091392,23.34733215,0.000215831137,0.03846153846,0.0002654406859,-0.7166464005,-41.06081415,-41.55951402,0.4986998645,0.0006078341814
OUT_BALL_N_R03_H004,OUT_BALL_N_R03,OUT,BALL,N,4,3,4,340.6197443,341.1431541,-0.7253503551,0.6615471018,41.55951402,37.90385688,0.000361796086,0.01447397012,26,19.30553692,0.0005901861059,1.386897457,19.30553692,0.0003398203962,0.03846153846,0.0002454110557,0.6715336581,38.47604441,37.90385688,0.5721875305,0.0005285307812
OUT_BALL_N_R03_H005,OUT_BALL_N_R03,OUT,BALL,N,5,4,5,341.1431541,341.6634759,0.6615471018,-0.6224142479,37.90385688,35.66170952,0.000361796086,0.01447397012,26,14.77807271,0.0003391336733,1.28396135,14.77807271,0.0001081444218,0.03846153846,0.0002271965449,-0.6128030333,-35.11102748,-35.66170952,0.5506820345,0.0004439200634
OUT_BALL_N_R03_H006,OUT_BALL_N_R03,OUT,BALL,N,6,5,6,341.6634759,342.1838514,-0.6224142479,0.5718717068,35.66170952,32.76583522,0.000361796086,0.01447397012,26,12.37036116,0.0004112944318,1.194285955,12.37036116,0.0001967911376,0.03846153846,0.0002113285128,0.5765329251,33.03290336,32.76583522,0.2670681397,0.0003927424392
OUT_BALL_N_R03_H007,OUT_BALL_N_R03,OUT,BALL,N,7,6,7,342.1838514,342.7010418,0.5718717068,-0.536930222,32.76583522,30.76383562,0.000361796086,0.01447397012,26,9.653578254,0.0002662262864,1.108801929,9.653578254,6.754660946e-05,0.03846153846,0.0001962021421,-0.5294132962,-30.33314749,-30.76383562,0.4306881242,0.0003377738806
OUT_BALL_N_R03_H008,OUT_BALL_N_R03,OUT,BALL,N,8,7,8,342.7010418,343.2176707,-0.536930222,0.4973939553,30.76383562,28.49857439,0.000361796086,0.01447397012,26,8.02127915,0.0002829091452,1.034324177,8.02127915,9.782720235e-05,0.03846153846,0.0001830233281,0.4966589259,28.45646031,28.49857439,-0.04211408321,0.0003006570598
OUT_BALL_N_R03_H009,OUT_BALL_N_R03,OUT,BALL,N,9,8,9,343.2176707,343.7337121,0.4973939553,-0.463341357,28.49857439,26.54750423,0.000361796086,0.01447397012,26,6.402967839,0.0002277497189,0.9607353123,6.402967839,5.610463209e-05,0.03846153846,0.0001700018023,-0.4594226002,-26.322976,-26.54750423,0.2245282263,0.0002639026611
OUT_BALL_N_R03_H010,OUT_BALL_N_R03,OUT,BALL,N,10,9,10,343.7337121,344.2492002,-0.463341357,0.4311792821,26.54750423,24.70475308,0.000361796086,0.01447397012,26,5.192939993,0.000201324245,0.894520639,5.192939993,4.170636984e-05,0.03846153846,0.0001582851373,0.4272037177,24.47697001,24.70475308,-0.2277830611,0.0002344406854
OUT_BALL_N_R03_H011,OUT_BALL_N_R03,OUT,BALL,N,11,10,11,344.2492002,344.7622062,0.4311792821,-0.3995239855,24.70475308,22.89103819,0.000361796086,0.01447397012,26,4.197014069,0.0001848723863,0.8307032676,4.197014069,3.680257288e-05,0.03846153846,0.0001469926741,-0.3966498996,-22.72636519,-22.89103819,0.1646729939,0.0002085427608
OUT_BALL_N_R03_H012,OUT_BALL_N_R03,OUT,BALL,N,12,11,12,344.7622062,345.276758,-0.3995239855,0.3708051216,22.89103819,21.24556849,0.000361796086,0.01447397012,26,3.347673163,0.0001561689368,0.7703291071,3.347673163,1.900028993e-05,0.03846153846,0.000136309486,0.3664586818,20.99653583,21.24556849,-0.2490326534,0.0001854038111
OUT_BALL_N_R03_H013,OUT_BALL_N_R03,OUT,BALL,N,13,12,13,345.276758,345.7884159,0.3708051216,-0.3425433482,21.24556849,19.62628815,0.000361796086,0.01447397012,26,2.682356789,0.0001428225429,0.7133484697,2.682356789,1.590735096e-05,0.03846153846,0.0001262267806,-0.3389684061,-19.42145906,-19.62628815,0.2048290938,0.0001655641024
OUT_BALL_N_R03_H014,OUT_BALL_N_R03,OUT,BALL,N,14,13,14,345.7884159,346.3008847,-0.3425433482,0.3174386165,19.62628815,18.18789298,0.000361796086,0.01447397012,26,2.118872148,0.0001177397475,0.6599819647,2.118872148,4.123564438e-07,0.03846153846,0.0001167835949,0.3118232606,17.86615679,18.18789298,-0.3217361891,0.0001478572968
OUT_BALL_N_R03_H015,OUT_BALL_N_R03,OUT,BALL,N,15,14,15,346.3008847,346.8109885,0.3174386165,-0.2911505405,18.18789298,16.68169717,0.000361796086,0.01447397012,26,1.689115049,0.0001140000678,0.608589157,1.689115049,5.876912055e-06,0.03846153846,0.0001076896542,-0.2876333518,-16.4801771,-16.68169717,0.2015200691,0.0001324608787
OUT_BALL_N_R03_H016,OUT_BALL_N_R03,OUT,BALL,N,16,15,16,346.8109885,347.3214572,-0.2911505405,0.2710069498,16.68169717,15.52755444,0.000361796086,0.01447397012,26,1.305357358,8.087447896e-05,0.5621574903,1.305357358,-1.893411923e-05,0.03846153846,9.947358581e-05,0.2622258296,15.02443332,15.52755444,-0.5031211267,0.0001186169237
OUT_BALL_N_R03_H017,OUT_BALL_N_R03,OUT,BALL,N,17,16,17,347.3214572,347.8297608,0.2710069498,-0.2448014335,15.52755444,14.02608896,0.000361796086,0.01447397012,26,1.053927676,9.673890354e-05,0.5158083834,1.053927676,5.196292773e-06,0.03846153846,9.127212635e-05,-0.2427034843,-13.90588532,-14.02608896,0.1202036377,0.0001067281955
OUT_BALL_N_R03_H018,OUT_BALL_N_R03,OUT,BALL,N,18,17,18,347.8297608,348.3386414,-0.2448014335,0.2275028272,14.02608896,13.03495182,0.000361796086,0.01447397012,26,0.777856622,5.857888488e-05,0.4723042607,0.777856622,-2.519483344e-05,0.03846153846,8.357408594e-05,0.2172368159,12.44675271,13.03495182,-0.5881991192,9.498151554e-05
OUT_BALL_N_R03_H019,OUT_BALL_N_R03,OUT,BALL,N,19,18,19,348.3386414,348.8453325,0.2275028272,-0.200553849,13.03495182,11.49088911,0.000361796086,0.01447397012,26,0.6248466882,8.284519623e-05,0.4280566762,0.6248466882,6.940342763e-06,0.03846153846,7.574449019e-05,-0.2003829702,-11.48109848,-11.49088911,0.009790633035,8.49079972e-05
OUT_BALL_N_R03_H020,OUT_BALL_N_R03,OUT,BALL,N,20,19,20,348.8453325,349.3514085,-0.200553849,0.1866748913,11.49088911,10.69568341,0.000361796086,0.01447397012,26,0.4285561488,3.865110051e-05,0.3872287403,0.4285561488,-2.997888609e-05,0.03846153846,6.852000015e-05,0.1740588727,9.972838792,10.69568341,-0.7228446176,7.480486546e-05
OUT_BALL_N_R03_H021,OUT_BALL_N_R03,OUT,BALL,N,21,20,21,349.3514085,349.8557196,0.1866748913,-0.1606468992,10.69568341,9.204389315,0.000361796086,0.01447397012,26,0.3457849624,6.509280681e-05,0.3473217904,0.3457849624,3.545584803e-06,0.03846153846,6.145847831e-05,-0.1604693874,-9.194218637,-9.204389315,0.01017067719,6.65294869e-05
OUT_BALL_N_R03_H022,OUT_BALL_N_R03,OUT,BALL,N,22,21,22,349.8557196,350.3583192,-0.1606468992,0.1478007743,9.204389315,8.468360579,0.000361796086,0.01447397012,26,0.2205760574,2.856178491e-05,0.3084476735,0.2205760574,-2.607454057e-05,0.03846153846,5.457971591e-05,0.1349250323,7.730634903,8.468360579,-0.7377256757,5.78145098e-05
OUT_BALL_N_R03_H023,OUT_BALL_N_R03,OUT,BALL,N,23,22,23,350.3583192,350.8579528,0.1478007743,-0.1229867791,8.468360579,7.046623377,0.000361796086,0.01447397012,26,0.1718476734,4.84779492e-05,0.2707875534,0.1718476734,5.180756268e-07,0.03846153846,4.791576986e-05,-0.1222891707,-7.006653361,-7.046623377,0.03997001597,5.043595183e-05
OUT_BALL_N_R03_H024,OUT_BALL_N_R03,OUT,BALL,N,24,23,24,350.8579528,351.3565086,-0.1229867791,0.112402126,7.046623377,6.440167427,0.000361796086,0.01447397012,26,0.09907881023,1.798933722e-05,0.2353889051,0.09907881023,-2.368808129e-05,0.03846153846,4.16519905e-05,0.0978279102,5.605126373,6.440167427,-0.8350410542,4.310500192e-05
OUT_BALL_N_R03_H025,OUT_BALL_N_R03,OUT,BALL,N,25,24,25,351.3565086,351.8529361,0.112402126,-0.08857279649,6.440167427,5.074847419,0.000361796086,0.01447397012,26,0.0756549457,3.459951002e-05,0.2009749225,0.0756549457,-9.823538126e-07,0.03846153846,3.556244743e-05,-0.08737317323,-5.006114069,-5.074847419,0.06873335025,3.667194299e-05
OUT_BALL_N_R03_H026,OUT_BALL_N_R03,OUT,BALL,N,26,25,26,351.8529361,352.3426774,-0.08857279649,0.08197312213,5.074847419,4.696713932,0.000361796086,0.01447397012,26,0.03703589688,8.135687736e-06,0.1705459186,0.03703589688,-2.205186237e-05,0.03846153846,3.017804506e-05,0.06378727883,3.654741864,4.696713932,-1.041972068,3.072118421e-05
OUT_BALL_P_R04_H001,OUT_BALL_P_R04,OUT,BALL,P,1,0,1,372.8121483,373.3492302,-1.021880117,0.910173475,58.54941787,52.14909874,0.000361796086,0.01447397012,27,51.19333077,0.001329373606,1.932053592,51.19333077,0.0009743588775,0.03703703704,0.0003418762572,0.9375400307,53.71708688,52.14909874,1.567988142,0.00109263713
OUT_BALL_P_R04_H002,OUT_BALL_P_R04,OUT,BALL,P,2,1,2,373.3492302,373.8803039,0.910173475,-0.8422471785,52.14909874,48.25720863,0.000361796086,0.01447397012,27,36.98459592,0.0007552375021,1.752420653,36.98459592,0.0004356553533,0.03703703704,0.000310090267,-0.8387223637,-48.05525163,-48.25720863,0.2019570088,0.0008524770799
OUT_BALL_P_R04_H003,OUT_BALL_P_R04,OUT,BALL,P,3,2,3,373.8803039,374.4084902,-0.8422471785,0.7625356801,48.25720863,43.6900762,0.000361796086,0.01447397012,27,29.66567946,0.0008293440428,1.604782859,29.66567946,0.0005377647115,0.03703703704,0.000283965807,0.7777983451,44.56456249,43.6900762,0.8744862876,0.0007190191836
OUT_BALL_P_R04_H004,OUT_BALL_P_R04,OUT,BALL,P,4,3,4,374.4084902,374.932569,0.7625356801,-0.7084803968,43.6900762,40.59293661,0.000361796086,0.01447397012,27,22.30370869,0.0005248946284,1.471016077,22.30370869,0.0002588746928,0.03703703704,0.0002602958183,-0.7055270632,-40.42372305,-40.59293661,0.1692135557,0.0005873843581
OUT_BALL_P_R04_H005,OUT_BALL_P_R04,OUT,BALL,P,5,4,5,374.932569,375.4551488,-0.7084803968,0.6499148598,40.59293661,37.23737851,0.000361796086,0.01447397012,27,18.03383972,0.0005324075166,1.358395257,18.03383972,0.0002874116357,0.03703703704,0.0002403676006,0.6560527447,37.58905341,37.23737851,0.3516749017,0.0005048376214
OUT_BALL_P_R04_H006,OUT_BALL_P_R04,OUT,BALL,P,6,5,6,375.4551488,375.9751424,0.6499148598,-0.6081118018,37.23737851,34.84223971,0.000361796086,0.01447397012,27,14.03381385,0.000355957218,1.258026662,14.03381385,0.0001297481109,0.03703703704,0.0002226074102,-0.6020413472,-34.49442829,-34.84223971,0.347811427,0.0004284162174
OUT_BALL_P_R04_H007,OUT_BALL_P_R04,OUT,BALL,P,7,6,7,375.9751424,376.4950819,-0.6081118018,0.5609531913,34.84223971,32.14025037,0.000361796086,0.01447397012,27,11.55757833,0.0003766150291,1.169064993,11.55757833,0.0001667831719,0.03703703704,0.0002068656718,0.5632305088,32.27073105,32.14025037,0.1304806783,0.0003763599686
OUT_BALL_P_R04_H008,OUT_BALL_P_R04,OUT,BALL,P,8,7,8,376.4950819,377.0114064,0.5609531913,-0.5226603792,32.14025037,29.94623385,0.000361796086,0.01447397012,27,9.12251369,0.0002858003576,1.083613571,9.12251369,9.17140471e-05,0.03703703704,0.0001917450703,-0.5191944112,-29.74764851,-29.94623385,0.1985853389,0.0003255286362
OUT_BALL_P_R04_H009,OUT_BALL_P_R04,OUT,BALL,P,9,8,9,377.0114064,377.5282264,-0.5226603792,0.4844681141,29.94623385,27.75797825,0.000361796086,0.01447397012,27,7.409873854,0.000266734615,1.007128493,7.409873854,8.662185324e-05,0.03703703704,0.0001782110607,0.483240426,27.6876369,27.75797825,-0.07034135074,0.0002868784062
OUT_BALL_P_R04_H010,OUT_BALL_P_R04,OUT,BALL,P,10,9,10,377.5282264,378.0434043,0.4844681141,-0.4510739536,27.75797825,25.84463379,0.000361796086,0.01447397012,27,5.924209725,0.0002179296001,0.9355420677,5.924209725,5.086532029e-05,0.03703703704,0.0001655438658,-0.4472093131,-25.6232062,-25.84463379,0.2214275898,0.000252423637
OUT_BALL_P_R04_H011,OUT_BALL_P_R04,OUT,BALL,P,11,10,11,378.0434043,378.5583522,-0.4510739536,0.4184949856,25.84463379,23.97799642,0.000361796086,0.01447397012,27,4.796710012,0.0001986138581,0.8695689392,4.796710012,4.351286821e-05,0.03703703704,0.0001538699421,0.415563633,23.81004229,23.97799642,-0.1679541352,0.0002242146949
OUT_BALL_P_R04_H012,OUT_BALL_P_R04,OUT,BALL,P,12,11,12,378.5583522,379.0712256,0.4184949856,-0.3868077839,23.97799642,22.1624535,0.000361796086,0.01447397012,27,3.841563721,0.000179714567,0.8053027695,3.841563721,3.623058776e-05,0.03703703704,0.0001424980642,-0.3845657335,-22.03399347,-22.1624535,0.1284600265,0.0001988353974
OUT_BALL_P_R04_H013,OUT_BALL_P_R04,OUT,BALL,P,13,12,13,379.0712256,379.5852922,-0.3868077839,0.3592720989,22.1624535,20.58477496,0.000361796086,0.01447397012,27,3.041139085,0.0001452464011,0.7460798828,3.041139085,1.244731679e-05,0.03703703704,0.0001320185936,0.3542982971,20.29979711,20.58477496,-0.2849778514,0.0001766175325
OUT_BALL_P_R04_H014,OUT_BALL_P_R04,OUT,BALL,P,14,13,14,379.5852922,380.0965169,0.3592720989,-0.3311871366,20.58477496,18.97562516,0.000361796086,0.01447397012,27,2.44183842,0.0001375605704,0.6904592355,2.44183842,1.475734872e-05,0.03703703704,0.0001221765381,-0.3279022575,-18.78741545,-18.97562516,0.1882097073,0.0001579866078
OUT_BALL_P_R04_H015,OUT_BALL_P_R04,OUT,BALL,P,15,14,15,380.0965169,380.6088171,-0.3311871366,0.3073738679,18.97562516,17.61122536,0.000361796086,0.01447397012,27,1.916513492,0.0001081844691,0.6385610045,1.916513492,-5.300555815e-06,0.03703703704,0.0001129931629,0.3008898224,17.23971692,17.61122536,-0.371508443,0.000141099233
OUT_BALL_P_R04_H016,OUT_BALL_P_R04,OUT,BALL,P,16,15,16,380.6088171,381.1190527,0.3073738679,-0.2798232798,17.61122536,16.03269294,0.000361796086,0.01447397012,27,1.534456777,0.0001153988157,0.5871971477,1.534456777,1.110066116e-05,0.03703703704,0.0001039043451,-0.2779150722,-15.9233607,-16.03269294,0.1093322475,0.0001264074737
OUT_BALL_P_R04_H017,OUT_BALL_P_R04,OUT,BALL,P,17,16,17,381.1190527,381.6284223,-0.2798232798,0.2594799702,16.03269294,14.86710716,0.000361796086,0.01447397012,27,1.159603954,7.843844002e-05,0.5393032501,1.159603954,-1.7288701e-05,0.03703703704,9.54295354e-05,0.251253611,14.3957715,14.86710716,-0.4713356668,0.0001124353692
OUT_BALL_P_R04_H018,OUT_BALL_P_R04,OUT,BALL,P,18,17,18,381.6284223,382.1367084,0.2594799702,-0.2338413093,14.86710716,13.3981201,0.000361796086,0.01447397012,27,0.9256507254,9.060624893e-05,0.4933212795,0.9256507254,3.075645435e-06,0.03703703704,8.729304061e-05,-0.2315111631,-13.26461256,-13.3981201,0.1335075414,0.0001008679016
OUT_BALL_P_R04_H019,OUT_BALL_P_R04,OUT,BALL,P,19,18,19,382.1367084,382.6451098,-0.2338413093,0.2162271499,13.3981201,12.38890311,0.000361796086,0.01447397012,27,0.6783433774,5.688802805e-05,0.4500684592,0.6783433774,-2.29255329e-05,0.03703703704,7.963946806e-05,0.2065624594,11.83515713,12.38890311,-0.553745977,8.958751517e-05
OUT_BALL_P_R04_H020,OUT_BALL_P_R04,OUT,BALL,P,20,19,20,382.6451098,383.1547068,0.2162271499,-0.1916353829,12.38890311,10.97989865,0.000361796086,0.01447397012,27,0.5367367715,7.208349882e-05,0.4078625328,0.5367367715,-2.25394624e-07,0.03703703704,7.217114307e-05,-0.1893788335,-10.85060789,-10.97989865,0.1292907569,8.004249977e-05
OUT_BALL_P_R04_H021,OUT_BALL_P_R04,OUT,BALL,P,21,20,21,383.1547068,383.6587133,-0.1916353829,0.1763678242,10.97989865,10.10513197,0.000361796086,0.01447397012,27,0.3740191981,4.043163156e-05,0.3680032071,0.3740191981,-2.478240659e-05,0.03703703704,6.51180483e-05,0.1653299627,9.472709089,10.10513197,-0.6324228805,7.060311784e-05
OUT_BALL_P_R04_H022,OUT_BALL_P_R04,OUT,BALL,P,22,21,22,383.6587133,384.1652102,0.1763678242,-0.1519587036,10.10513197,8.706592378,0.000361796086,0.01447397012,27,0.2917219551,5.773678148e-05,0.3283265278,0.2917219551,-4.353600088e-07,0.03703703704,5.809727275e-05,-0.1503631049,-8.615171303,-8.706592378,0.09142107478,6.237543606e-05
OUT_BALL_P_R04_H023,OUT_BALL_P_R04,OUT,BALL,P,23,22,23,384.1652102,384.6695482,-0.1519587036,0.1394243726,8.706592378,7.988428114,0.000361796086,0.01447397012,27,0.1867394623,2.63380026e-05,0.2913830763,0.1867394623,-2.527006395e-05,0.03703703704,5.156014096e-05,0.1263811005,7.241103666,7.988428114,-0.7473244473,5.429871412e-05
OUT_BALL_P_R04_H024,OUT_BALL_P_R04,OUT,BALL,P,24,23,24,384.6695482,385.1723887,0.1394243726,-0.1156395514,7.988428114,6.625658241,0.000361796086,0.01447397012,27,0.144289316,4.378430615e-05,0.2550639241,0.144289316,-1.386203601e-06,0.03703703704,4.513347874e-05,-0.1140396856,-6.533992679,-6.625658241,0.09166556137,4.724951165e-05
OUT_BALL_P_R04_H025,OUT_BALL_P_R04,OUT,BALL,P,25,24,25,385.1723887,385.6726482,-0.1156395514,0.1051196297,6.625658241,6.022911127,0.000361796086,0.01447397012,27,0.0823760318,1.677276701e-05,0.2207591811,0.0823760318,-2.231163991e-05,0.03703703704,3.906326559e-05,0.09057190642,5.18938798,6.022911127,-0.8335231462,4.027132728e-05
OUT_BALL_P_R04_H026,OUT_BALL_P_R04,OUT,BALL,P,26,25,26,385.6726482,386.1679676,0.1051196297,-0.08324707499,6.022911127,4.769706054,0.000361796086,0.01447397012,27,0.06189193122,2.977216468e-05,0.1883667047,0.06189193122,-3.575146908e-06,0.03703703704,3.333142738e-05,-0.08017139446,-4.59348254,-4.769706054,0.1762235134,3.423908546e-05
OUT_BALL_P_R04_H027,OUT_BALL_P_R04,OUT,BALL,P,27,26,27,386.1679676,386.6678777,-0.08324707499,0.07444828983,4.769706054,4.265572799,0.000361796086,0.01447397012,27,0.03075165499,1.003108303e-05,0.1576953648,0.03075165499,-1.788095292e-05,0.03703703704,2.790414372e-05,0.05850730527,3.352221662,4.265572799,-0.9133511368,2.835512316e-05
