ets Jun  8 2016 00:22:57

rst:0x10 (RTCWDT_RTC_RESET),boot:0x13 (SPI_FAST_FLASH_BOOT)
configsip: 0, SPIWP:0xee
clk_drv:0x00,q_drv:0x00,d_drv:0x00,cs0_drv:0x00,hd_drv:0x00,wp_drv:0x00
mode:DIO, clock div:1
load:0x3fff0030,len:4832
load:0x40078000,len:16460
load:0x40080400,len:4
load:0x40080404,len:3504
entry 0x400805cc
10992	2414	1374	n
11543	2413	1373	n
11798	2413	1371	n
12049	2413	1374	n
12299	2414	1373	n
12554	2414	1375	n
12809	2413	1375	n
13059	2414	1374	n
23450	2413	1375	n
23705	2414	1375	n
23956	2414	1375	n
24206	2413	1375	n
24457	2414	1375	n
24712	2415	1373	n
24963	2414	1373	n
25213	2414	1375	n
35605	2414	1373	n
35860	2414	1374	n
36110	2412	1372	n
36361	2413	1373	n
36617	2413	1373	n
36872	2411	1374	n
37123	2413	1373	n
47561	2412	1374	n
47815	2414	1373	n
48066	2415	1373	n
48317	2415	1375	n
48571	2411	1374	n
48827	2414	1373	n
49077	2413	1373	n
59500	2416	1374	n
59755	2416	1373	n
60005	2411	1374	n
60256	2414	1374	n
60509	2413	1375	n
60764	2414	1375	n
61015	2415	1375	n
61265	2415	1375	n
71662	2413	1373	n
71912	2411	1374	n
72163	2413	1374	n
72413	2413	1371	n
72668	2413	1372	n
72919	2415	1373	n
73169	2410	1371	n
83526	2413	1375	n
83781	2414	1374	n
84031	2414	1373	n
84282	2411	1373	n
84537	2413	1373	n
84792	2413	1373	n
85042	2415	1373	n
95462	2413	1373	n
95717	2414	1373	n
95968	2412	1373	n
96218	2412	1375	n
96469	2414	1374	n
96724	2413	1375	n
96974	2415	1374	n
97225	2413	1374	n
107645	2413	1375	n
107896	2413	1374	n
108146	2413	1375	n
108397	2411	1373	n
108655	2411	1373	n
108906	2413	1373	n
109156	2412	1375	n
119565	2413	1373	n
119820	2411	1373	n
120071	2414	1374	n
120321	2414	1373	n
120574	2411	1373	n
120829	2412	1374	n
121080	2412	1373	n
131463	2415	1374	n
131718	2413	1374	n
131969	2413	1371	n
132219	2412	1374	n
132470	2414	1372	n
132725	2412	1373	n
143158	2413	1373	n
143409	2413	1373	n
143664	2415	1373	n
143915	2414	1374	n
144165	2411	1374	n
144416	2413	1374	n
144671	2413	1374	n
155079	2414	1374	n
155329	2413	1375	n
155585	2415	1375	n
155840	2413	1375	n
156091	2414	1374	n
156342	2413	1374	n
156594	2412	1373	n
167015	2413	1374	n
167265	2414	1371	n
167520	2413	1372	n
167775	2413	1373	n
168026	2413	1373	n
168276	2413	1373	n
168531	2413	1374	n
178918	2413	1373	n
179168	2413	1373	n
179419	2413	1373	n
179674	2411	1374	n
179925	2411	1373	n
180175	2415	1373	n
180426	2414	1373	n
190837	2413	1373	n
191088	2414	1373	n
191338	2412	1374	n
191591	2414	1374	n
191846	2412	1374	n
192097	2413	1375	n
192348	2414	1373	n
202757	2416	1375	n
203008	2415	1375	n
203259	2415	1376	n
203514	2412	1375	n
203769	2413	1374	n
204019	2414	1373	n
204270	2411	1374	n
214664	2413	1373	n
214914	2414	1373	n
215165	2413	1373	n
215416	2413	1373	n
215671	2412	1375	n
215922	2411	1373	n
216172	2413	1374	n
226602	2412	1374	n
226857	2411	1373	n
227108	2411	1373	n
227359	2412	1373	n
227612	2413	1373	n
227867	2413	1373	n
228118	2413	1371	n
238503	2413	1374	n
238758	2413	1373	n
239008	2414	1373	n
239259	2413	1373	n
239514	2413	1374	n
239769	2411	1371	n
240020	2413	1374	n
250402	2411	1373	n
250659	2413	1373	n
250909	2415	1372	n
251160	2413	1373	n
251411	2413	1371	n
251666	2413	1373	n
262029	2412	1371	n
262279	2412	1372	n
262533	2414	1374	n
262788	2413	1370	n
263039	2411	1373	n
263290	2412	1372	n
263543	2412	1371	n
273965	2414	1372	n
274215	2414	1374	n
274466	2415	1374	n
274721	2412	1373	n
274972	2410	1374	n
275222	2413	1373	n
275473	2413	1373	n
285868	2412	1372	n
286118	2413	1374	n
286369	2412	1372	n
286627	2413	1374	n
286878	2414	1373	n
287129	2413	1374	n
287379	2413	1371	n
297787	2411	1373	n
298038	2411	1374	n
298289	2413	1374	n
298541	2414	1373	n
298796	2413	1373	n
299047	2412	1371	n
299298	2413	1373	n
309712	2413	1374	n
309962	2413	1373	n
310213	2410	1373	n
310464	2414	1371	n
310719	2413	1373	n
310970	2413	1373	n
311220	2412	1373	n
321609	2412	1374	n
321864	2414	1373	n
322115	2411	1373	n
322365	2411	1373	n
322623	2411	1373	n
322874	2414	1373	n
323125	2411	1375	n
333550	2412	1374	n
333805	2412	1374	n
334056	2414	1373	n
334306	2413	1373	n
334559	2415	1374	n
334814	2411	1373	n
335065	2414	1373	n
345449	2414	1374	n
345704	2414	1374	n
345955	2414	1374	n
346206	2414	1371	n
346456	2414	1373	n
346712	2411	1374	n
346963	2412	1375	n
357352	2413	1372	n
357606	2413	1374	n
357861	2413	1375	n
358111	2413	1373	n
358362	2412	1374	n
358617	2414	1374	n
368979	2411	1372	n
369229	2409	1371	n
369481	2414	1374	n
369737	2411	1371	n
369987	2410	1373	n
370238	2409	1371	n
370493	2411	1371	n
380915	2413	1374	n
381165	2413	1371	n
381416	2413	1375	n
381671	2409	1373	n
381922	2411	1373	n
382172	2413	1370	n
382423	2413	1374	n
392818	2414	1374	n
393068	2413	1373	n
393319	2411	1373	n
393575	2413	1374	n
393829	2413	1373	n
394080	2412	1371	n
394331	2414	1373	n
404737	2411	1373	n
404988	2411	1371	n
405239	2413	1374	n
405493	2411	1373	n
405748	2413	1373	n
405999	2413	1374	n
406249	2414	1373	n
416662	2415	1372	n
416912	2413	1375	n
417163	2413	1373	n
417414	2413	1374	n
417669	2413	1375	n
417920	2413	1374	n
418171	2413	1373	n
428565	2413	1372	n
428820	2413	1372	n
429071	2412	1373	n
429322	2413	1373	n
429575	2410	1371	n
429829	2411	1374	n
430080	2413	1372	n
440500	2413	1373	n
440755	2414	1374	n
441006	2415	1373	n
441257	2413	1373	n
441509	2411	1372	n
441764	2413	1374	n
442015	2413	1373	n
452399	2414	1373	n
452658	2414	1374	n
452909	2412	1373	n
453160	2412	1371	n
453411	2413	1372	n
453666	2411	1373	n
453916	2411	1373	n
464302	2411	1375	n
464557	2414	1375	n
464812	2413	1374	n
465062	2413	1373	n
465313	2411	1374	n
465568	2411	1374	n
475929	2411	1372	n
476179	2411	1373	n
476430	2413	1374	n
476687	2412	1373	n
476938	2411	1373	n
477188	2412	1372	n
477439	2411	1371	n
487865	2413	1374	n
488115	2411	1374	n
488366	2413	1374	n
488623	2413	1373	n
488874	2412	1373	n
489125	2411	1373	n
489376	2413	1372	n
499768	2415	1373	n
500018	2413	1373	n
500269	2413	1374	n
500523	2414	1373	n
500776	2413	1375	n
501027	2413	1373	n
501278	2415	1373	n
511691	2413	1373	n
511942	2414	1374	n
512193	2412	1374	n
512444	2413	1373	n
512701	2413	1373	n
512951	2413	1373	n
513202	2413	1374	n
523608	2413	1375	n
523862	2413	1374	n
524113	2415	1373	n
524364	2413	1374	n
524623	2413	1373	n
524874	2411	1372	n
525125	2413	1371	n
535514	2413	1373	n
535769	2412	1373	n
536020	2413	1373	n
536271	2413	1373	n
536523	2413	1373	n
536778	2414	1373	n
537029	2413	1374	n
547447	2413	1375	n
547702	2415	1375	n
547953	2414	1374	n
548204	2414	1373	n
548454	2413	1375	n
548709	2414	1374	n
548960	2416	1374	n
559349	2411	1371	n
559602	2413	1373	n
559857	2410	1372	n
560108	2413	1372	n
560359	2413	1373	n
560612	2413	1372	n
560867	2413	1373	n
571252	2412	1371	n
571506	2412	1373	n
571761	2411	1372	n
572011	2412	1372	n
572262	2413	1371	n
572516	2413	1371	n
582879	2413	1374	n
583129	2415	1374	n
583380	2413	1375	n
583641	2414	1371	n
583892	2411	1374	n
584142	2413	1375	n
584393	2413	1374	n
594815	2413	1374	n
595065	2413	1373	n
595316	2411	1373	n
595571	2411	1373	n
595827	2414	1373	n
596077	2414	1375	n
596328	2413	1374	n
606718	2413	1374	n
606968	2410	1371	n
607219	2413	1372	n
607470	2413	1372	n
607725	2411	1374	n
607975	2411	1373	n
608226	2411	1373	n
618641	2413	1373	n
618892	2414	1373	n
619143	2411	1374	n
619394	2413	1374	n
619655	2411	1373	n
619905	2413	1373	n
620156	2413	1373	n
630559	2414	1373	n
630814	2415	1373	n
631065	2413	1373	n
631316	2414	1374	n
631572	2412	1373	n
631828	2413	1373	n
632078	2413	1373	n
642459	2415	1373	n
642714	2413	1373	n
642965	2412	1373	n
643216	2413	1372	n
643467	2415	1374	n
643721	2411	1373	n
643972	2412	1376	n
654397	2413	1372	n
654655	2412	1374	n
654905	2414	1374	n
655156	2413	1373	n
655407	2413	1371	n
655662	2414	1373	n
655913	2411	1374	n
666299	2412	1373	n
666554	2414	1374	n
666809	2413	1373	n
667059	2413	1373	n
667310	2413	1375	n
667565	2412	1372	n
667820	2413	1373	n
678202	2414	1375	n
678452	2411	1375	n
678707	2413	1375	n
678958	2414	1373	n
679208	2413	1374	n
679459	2415	1373	n
689829	2413	1373	n
690187	2411	1371	n
690438	2411	1372	n
690695	2410	1373	n
690955	2410	1372	n
691228	2411	1373	n
691479	2409	1371	n
701904	2414	1371	n
702413	2415	1373	n
702690	2414	1374	n
702941	2412	1374	n
703192	2413	1370	n
703452	2411	1373	n
703729	2411	1375	n
714133	2411	1371	Time:00:00:00:00;;
714877	2411	1374	n
715150	2414	1373	n
715400	2413	1371	n
715659	2412	1374	n
715918	2411	1373	n
716191	2414	1371	n
726591	2415	1374	n
727075	2413	1374	n
727325	2415	1373	n
727609	2414	1373	n
727864	2414	1375	n
728115	2413	1373	n
728366	2411	1374	n
738810	2414	1373	n
739285	2414	1374	n
739540	2413	1374	n
739795	2413	1374	n
740076	2413	1373	n
740327	2414	1373	n
740583	2411	1373	n
750962	2410	1373	n
751450	2412	1373	n
751727	2411	1374	n
751978	2413	1374	n
752229	2410	1373	n
752493	2411	1371	n
752775	2413	1373	n
763209	2413	1374	n
763703	2414	1375	n
763985	2414	1374	n
764235	2413	1374	n
764489	2413	1374	n
764744	2414	1373	n
765025	2413	1372	n
775423	2414	1375	Time:00:00:00:00;;
776119	2414	1374	n
776379	2413	1374	n
776661	2414	1372	n
776912	2415	1374	n
777163	2413	1374	n
787567	2411	1373	n
788079	2413	1373	n
788330	2410	1373	n
788586	2410	1374	n
788850	2413	1371	n
789123	2411	1371	n
789374	2411	1372	n
799780	2413	1373	n
800264	2412	1372	n
800540	2411	1373	n
800795	2411	1373	n
801045	2412	1372	n
801305	2413	1373	n
801582	2411	1372	n
801837	2410	1373	n
812234	2411	1374	n
812727	2413	1375	n
813000	2412	1372	n
813251	2413	1373	n
813506	2413	1373	n
813770	2410	1374	n
814043	2412	1373	n
824483	2413	1373	n
824975	2411	1372	n
825235	2413	1371	n
825514	2410	1371	n
825769	2412	1372	n
826020	2411	1374	n
826279	2411	1373	n
836742	2413	1373	n
837219	2412	1373	n
837470	2415	1372	n
837733	2413	1373	n
838007	2410	1373	n
838257	2412	1373	n
838514	2413	1373	n
848942	2413	1374	n
849449	2411	1374	n
849704	2414	1373	n
849955	2415	1374	n
850214	2415	1375	n
850493	2413	1373	n
850748	2413	1373	n
861189	2414	1373	n
861684	2413	1372	n
861964	2413	1375	n
862215	2414	1374	n
862466	2414	1373	n
862730	2413	1373	n
863003	2414	1374	n
873420	2413	1377	n
873901	2413	1373	n
874160	2413	1375	n
874441	2410	1375	n
874700	2411	1372	n
874951	2413	1372	n
875211	2413	1374	n
885663	2413	1373	n
886144	2411	1372	n
886395	2413	1374	n
886662	2410	1374	n
886935	2413	1373	n
887186	2412	1373	n
887437	2413	1373	n
897812	2414	1374	n
898321	2414	1371	n
898574	2413	1373	n
898829	2413	1374	n
899080	2413	1373	n
899368	2412	1374	n
899627	2412	1374	n
910042	2413	1372	n
910523	2413	1372	n
910810	2413	1374	n
911060	2412	1372	n
911311	2413	1373	n
911568	2411	1373	n
911853	2411	1373	n
922255	2412	1373	Time:00:00:00:00;;
922934	2411	1371	n
923185	2412	1373	n
923435	2413	1373	n
923692	2414	1372	n
923943	2413	1374	n
924194	2413	1372	n
934630	2410	1373	n
934881	2412	1373	n
935132	2414	1374	n
935382	2411	1373	n
935640	2413	1371	n
935891	2411	1373	n
936142	2411	1373	n
946532	2413	1371	n
946787	2413	1373	n
947038	2414	1375	n
947288	2413	1373	n
947541	2412	1373	n
947796	2413	1373	n
958153	2413	1373	n
958403	2413	1371	n
958659	2413	1373	n
958910	2413	1372	n
959161	2410	1373	n
959411	2412	1373	n
959667	2413	1373	n
970089	2411	1371	n
970339	2410	1371	n
970592	2413	1373	n
970847	2411	1374	n
971098	2413	1371	n
971348	2413	1372	n
971602	2411	1372	n
981992	2413	1375	n
982242	2413	1373	n
982496	2413	1373	n
982751	2413	1374	n
983002	2413	1371	n
983252	2413	1375	n
983506	2413	1374	n
993911	2413	1373	n
994162	2412	1373	n
994413	2411	1371	n
994668	2410	1372	n
994919	2413	1372	n
995169	2413	1372	n
995420	2412	1375	n
1005831	2411	1371	n
1006082	2411	1372	n
1006333	2413	1372	n
1006588	2411	1371	n
1006843	2413	1373	n
1007094	2413	1373	n
1017475	2413	1372	n
1017736	2411	1373	n
1017987	2413	1373	n
1018238	2413	1373	n
1018493	2414	1374	n
1018749	2412	1371	n
1018999	2413	1373	n
1029377	2413	1374	n
1029634	2411	1372	n
1029885	2413	1375	n
1030135	2414	1373	n
1030386	2415	1376	n
1030646	2413	1375	n
1041021	2413	1374	n
1041272	2415	1373	n
1041525	2413	1375	n
1041780	2413	1374	n
1042031	2415	1375	n
1042282	2412	1374	n
1042537	2414	1374	n
1052923	2413	1372	n
1053174	2413	1373	n
1053425	2414	1373	n
1053680	2413	1375	n
1053931	2411	1373	n
1054182	2411	1372	n
1064567	2412	1373	n
1064822	2414	1370	n
1065073	2412	1373	n
1065324	2413	1374	n
1065577	2412	1373	n
1065833	2412	1372	n
1066083	2413	1372	n
1076469	2415	1374	n
1076724	2413	1374	n
1076975	2413	1375	n
1077226	2415	1373	n
1077477	2414	1373	n
1077736	2414	1375	n
1088113	2414	1371	n
1088364	2407	1371	n
1088623	2410	1373	n
1088874	2411	1373	n
1089125	2409	1373	n
1089376	2413	1373	n
1089633	2411	1371	n
1100016	2413	1374	n
1100267	2412	1373	n
1100523	2414	1374	n
1100778	2414	1373	n
1101029	2413	1373	n
1101280	2411	1371	n
1111660	2413	1374	n
1111910	2413	1373	n
1112161	2413	1371	n
1112412	2413	1371	n
1112667	2413	1374	n
1112918	2414	1373	n
1113169	2414	1374	n
1123568	2414	1373	n
1123823	2410	1373	n
1124074	2413	1373	n
1124325	2415	1374	n
1124578	2412	1374	n
1124833	2413	1375	n
1135206	2413	1373	n
1135457	2415	1373	n
1135713	2412	1374	n
1135963	2411	1375	n
1136214	2412	1373	n
1136465	2414	1371	n
1136721	2411	1373	n
1147108	2411	1373	n
1147359	2413	1373	n
1147612	2413	1373	n
1147867	2413	1375	n
1148118	2413	1375	n
1148369	2413	1371	n
1158752	2414	1372	n
1159003	2415	1375	n
1159254	2413	1375	n
1159507	2413	1375	n
1159762	2413	1375	n
1160013	2415	1375	n
1160264	2413	1372	n
1170658	2413	1373	n
1170909	2415	1374	n
1171160	2411	1373	n
1171411	2414	1375	n
1171666	2413	1373	n
1171917	2413	1374	n
1182298	2412	1373	n
1182555	2411	1373	n
1182810	2411	1374	n
1183061	2413	1373	n
1183311	2412	1374	n
1183568	2413	1373	n
1183823	2413	1375	n
1194201	2414	1373	n
1194452	2413	1374	n
1194707	2414	1373	n
1194958	2412	1373	n
1195209	2414	1374	n
1195459	2413	1371	n
1205845	2413	1373	n
1206096	2412	1374	n
1206347	2414	1372	n
1206602	2411	1375	n
1206857	2412	1373	n
1207108	2413	1374	n
1207359	2414	1374	n
1217751	2413	1374	n
1218002	2414	1374	n
1218253	2415	1374	n
1218506	2412	1372	n
1218761	2413	1374	n
1219012	2413	1373	n
1229391	2413	1373	n
1229650	2413	1373	n
1229900	2412	1373	n
1230151	2413	1372	n
1230402	2413	1372	n
1230659	2413	1372	n
1230910	2413	1373	n
1241293	2413	1373	n
1241548	2411	1374	n
1241803	2411	1374	n
1242054	2413	1374	n
1242304	2413	1374	n
1242557	2411	1374	n
1252937	2413	1373	n
1253188	2414	1375	n
1253439	2412	1373	n
1253700	2413	1374	n
1253951	2412	1373	n
1254201	2411	1373	n
1254452	2407	1373	n
1264839	2411	1373	n
1265090	2409	1371	n
1265341	2409	1372	n
1265594	2413	1371	n
1265849	2407	1373	n
1266100	2415	1373	n
1276489	2411	1374	n
1276744	2411	1371	n
1276995	2411	1374	n
1277246	2413	1371	n
1277500	2413	1373	n
1277756	2414	1373	n
1278006	2413	1375	n
1288386	2413	1374	n
1288646	2414	1372	n
1288896	2411	1373	n
1289147	2415	1374	n
1289398	2413	1371	n
1289658	2411	1374	n
1300030	2414	1376	n
1300281	2413	1375	n
1300538	2413	1372	n
1300793	2414	1375	n
1301044	2413	1374	n
1301295	2413	1374	n
1301551	2412	1373	n
1311932	2412	1372	n
1312183	2411	1374	n
1312434	2414	1371	n
1312692	2411	1371	n
1312943	2411	1373	n
1313194	2415	1374	n
1323576	2413	1374	n
1323832	2413	1373	n
1324083	2411	1374	n
1324333	2414	1373	n
1324588	2414	1373	n
1324843	2412	1372	n
1325094	2411	1372	n
1335479	2411	1374	n
1335736	2414	1374	n
1335987	2411	1373	n
1336237	2414	1374	n
1336493	2412	1374	n
1336748	2413	1373	n
1347122	2414	1375	n
1347373	2413	1375	n
1347630	2415	1374	n
1347881	2413	1373	n
1348132	2413	1374	n
1348383	2413	1373	n
1348641	2413	1372	n
1359024	2411	1373	n
1359275	2411	1370	n
1359531	2413	1373	n
1359787	2413	1373	n
1360038	2412	1373	n
1360288	2411	1371	n
1370668	2410	1373	n
1370919	2412	1372	n
1371170	2413	1373	n
1371421	2413	1374	n
1371676	2413	1372	n
1371927	2413	1371	n
1372178	2411	1373	n
1382574	2413	1374	n
1382829	2414	1374	n
1383080	2411	1374	n
1383331	2413	1373	n
1383585	2412	1373	n
1383840	2411	1373	n
1394215	2413	1375	n
1394466	2414	1375	n
1394722	2413	1374	n
1394972	2413	1372	n
1395223	2413	1372	n
1395474	2412	1374	n
1395730	2413	1374	n
1406117	2413	1373	n
1406368	2411	1374	n
1406627	2413	1373	n
1406878	2414	1373	n
1407129	2413	1373	n
1407380	2413	1373	n
1417761	2413	1373	n
1418012	2413	1373	n
1418263	2414	1374	n
1418517	2414	1374	n
1418772	2413	1374	n
1419023	2414	1373	n
1419274	2413	1374	n
1429667	2414	1372	n
1429918	2414	1373	n
1430169	2414	1373	n
1430420	2413	1373	n
1430675	2413	1373	n
1430926	2414	1375	n
1441307	2414	1374	n
1441560	2411	1372	n
1441815	2411	1372	n
1442066	2410	1374	n
1442317	2410	1373	n
1442572	2410	1373	n
1442827	2411	1373	n
1453209	2413	1371	n
1453460	2414	1372	n
1453715	2411	1374	n
1453966	2411	1374	n
1454217	2410	1373	n
1454468	2414	1373	n
1464853	2414	1374	n
1465104	2412	1374	n
1465355	2413	1374	n
1465609	2412	1373	n
1465864	2414	1374	n
1466115	2412	1374	n
1466366	2413	1373	n
1476756	2414	1373	n
1477007	2412	1372	n
1477258	2414	1373	n
1477515	2414	1374	n
1477770	2411	1374	n
1478021	2412	1372	n
1488400	2413	1373	n
1488659	2411	1374	n
1488910	2413	1373	n
1489161	2411	1373	n
1489411	2413	1370	n
1489667	2413	1372	n
1489918	2413	1373	n
1500302	2410	1374	n
1500557	2413	1373	n
1500812	2413	1372	n
1501063	2411	1373	n
1501313	2411	1373	n
1501568	2413	1373	n
1511946	2415	1373	n
1512197	2415	1374	n
1512448	2413	1374	n
1512704	2414	1373	n
1512955	2413	1373	n
1513205	2415	1375	n
1513456	2414	1373	n
1523848	2411	1375	n
1524099	2413	1374	n
1524350	2415	1374	n
1524606	2414	1374	n
1524861	2413	1373	n
1525112	2413	1374	n
1535495	2411	1374	n
1535751	2413	1371	n
1536002	2412	1373	n
1536253	2411	1374	n
1536506	2413	1374	n
1536761	2411	1373	n
1537012	2413	1373	n
1547394	2413	1371	n
1547655	2413	1373	n
1547906	2411	1372	n
1548157	2413	1370	n
1548407	2413	1372	n
1548663	2413	1373	n
1559038	2414	1373	n
1559289	2411	1375	n
1559542	2414	1373	n
1559797	2414	1375	n
1560048	2414	1374	n
1560299	2413	1374	n
1560554	2415	1373	n
1570941	2411	1373	n
1571192	2414	1372	n
1571443	2412	1373	n
1571700	2415	1375	n
1571951	2411	1373	n
1572202	2411	1373	n
1582585	2411	1374	n
1582840	2413	1374	n
1583091	2412	1373	n
1583342	2412	1373	n
1583595	2415	1374	n
1583850	2414	1374	n
1584101	2413	1374	n
1594493	2411	1373	n
1594749	2414	1371	n
1594999	2413	1373	n
1595250	2413	1371	n
1595506	2414	1373	n
1595761	2411	1374	n
1606131	2411	1373	n
1606382	2411	1372	n
1606640	2414	1375	n
1606891	2415	1374	n
1607142	2413	1374	n
1607393	2413	1372	n
1607651	2412	1371	n
1618033	2411	1373	n
1618284	2408	1374	n
1618540	2409	1372	n
1618795	2413	1373	n
1619046	2411	1373	n
1619297	2411	1373	n
1629677	2410	1373	n
1629928	2413	1372	n
1630179	2413	1374	n
1630430	2411	1372	n
1630686	2411	1370	n
1630937	2411	1374	n
1631188	2413	1373	n
1641583	2411	1372	n
1641838	2413	1374	n
1642089	2411	1372	n
1642340	2412	1374	n
1642593	2414	1371	n
1642848	2413	1373	n
1653223	2414	1373	n
1653474	2413	1373	n
1653730	2413	1373	n
1653981	2414	1374	n
1654232	2410	1373	n
1654484	2412	1374	n
1654739	2411	1375	n
1665126	2411	1374	n
1665377	2413	1373	n
1665634	2414	1373	n
1665885	2413	1373	n
1666135	2410	1371	n
1666386	2414	1373	n
1676770	2412	1373	n
1677021	2414	1374	n
1677272	2411	1371	n
1677525	2411	1371	n
1677780	2411	1373	n
1678031	2410	1372	n
1678282	2411	1373	n
1688676	2414	1374	n
1688958	2412	1371	n
1689231	2413	1374	n
1689483	2413	1371	n
1689738	2411	1374	n
1689998	2412	1375	n
1690271	2413	1371	n
1700700	2411	1374	n
1701177	2413	1373	n
1701428	2414	1374	n
1701715	2411	1372	n
1701966	2411	1371	n
1702217	2414	1373	n
1712615	2412	1373	Time:00:00:00:00;;
1713341	2413	1373	n
1713594	2411	1373	n
1713849	2413	1373	n
1714130	2413	1371	n
1714381	2410	1372	n
1724777	2412	1374	n
1725253	2412	1374	n
1725516	2410	1373	n
1725794	2411	1374	n
1726045	2413	1372	n
1726296	2413	1371	n
1726557	2411	1371	n
1736990	2412	1373	n
1737465	2415	1373	n
1737721	2413	1374	n
1737980	2411	1374	n
1738253	2411	1374	n
1738506	2411	1374	n
1748875	2413	1374	n
1749360	2413	1373	n
1749641	2411	1373	n
1749892	2411	1373	n
1750142	2413	1375	n
1750402	2410	1371	n
1750681	2413	1371	n
1761088	2414	1373	n
1761572	2413	1375	n
1761837	2415	1375	n
1762110	2411	1373	n
1762361	2413	1373	n
1762618	2412	1373	n
1762881	2414	1372	n
1773292	2411	1373	Time:00:00:00:00;;
1773990	2413	1374	n
1774241	2411	1372	n
1774525	2413	1373	n
1774780	2413	1373	n
1775031	2413	1373	n
1785393	2415	1374	n
1785886	2413	1375	n
1786159	2413	1374	n
1786410	2414	1372	n
1786665	2410	1371	n
1786925	2414	1374	n
1797347	2414	1371	n
1797829	2411	1373	n
1798080	2413	1371	n
1798340	2411	1374	n
1798617	2412	1371	n
1798872	2411	1372	n
1799123	2413	1373	n
1809496	2413	1375	n
1810009	2412	1372	n
1810260	2413	1373	n
1810514	2411	1373	n
1810778	2411	1373	n
1811052	2411	1371	n
1811302	2411	1371	n
1821707	2413	1375	n
1822189	2413	1374	n
1822471	2413	1374	n
1822726	2413	1374	n
1822977	2413	1373	n
1823228	2414	1373	n
1833669	2415	1374	n
1834145	2414	1375	n
1834396	2414	1373	n
1834655	2413	1375	n
1834937	2414	1374	n
1835188	2413	1375	n
1835438	2411	1371	n
1845872	2412	1372	n
1846379	2414	1373	n
1846635	2413	1371	n
1846886	2411	1374	n
1847137	2411	1373	n
1847418	2413	1373	n
1847673	2413	1373	n
1858067	2414	1373	n
1858548	2411	1371	n
1858834	2413	1372	n
1859085	2412	1373	n
1859336	2413	1373	n
1859592	2412	1374	n
1859878	2414	1373	n
1870263	2413	1375	n
1870752	2414	1375	n
1871003	2414	1374	n
1871262	2415	1373	n
1871540	2415	1373	n
1871795	2413	1374	n
1882183	2413	1372	n
1882684	2411	1373	n
1882957	2412	1373	n
1883208	2413	1374	n
1883459	2414	1374	n
1883720	2411	1373	n
1883994	2411	1371	n
1894378	2413	1373	n
1894865	2413	1374	n
1895125	2413	1375	n
1895398	2411	1373	n
1895659	2411	1374	n
1895910	2414	1375	n
1896169	2414	1373	n
1906584	2413	1373	n
1907069	2413	1374	n
1907320	2413	1373	n
1907584	2413	1373	n
1907862	2415	1375	n
1908113	2413	1373	n
1918496	2413	1373	n
1918977	2414	1374	n
1919258	2413	1374	n
1919514	2413	1373	n
1919769	2414	1374	n
1920020	2413	1375	Time:00:00:00:00;;
1930677	2413	1375	n
1930951	2413	1372	n
1931202	2411	1373	n
1931452	2410	1373	n
1931707	2411	1372	n
1931958	2412	1373	n
1932209	2410	1373	n
1942633	2411	1373	n
1942884	2413	1373	n
1943135	2413	1371	n
1943386	2414	1373	n
1943646	2413	1371	n
1943897	2411	1374	n
1954288	2413	1373	n
1954540	2413	1373	n
1954795	2413	1373	n
1955046	2414	1373	n
1955297	2411	1374	n
1955551	2413	1374	n
1955806	2414	1374	n
1966173	2413	1375	n
1966423	2413	1374	n
1966679	2413	1376	n
1966930	2414	1374	n
1967181	2415	1375	n
1967431	2413	1374	n
1977834	2415	1373	n
1978084	2414	1373	n
1978335	2413	1375	n
1978592	2413	1374	n
1978847	2412	1372	n
1979098	2411	1374	n
1979348	2414	1371	n
1989723	2413	1373	n
1989974	2412	1372	n
1990225	2411	1374	n
1990475	2411	1373	n
1990736	2410	1372	n
1990987	2413	1374	n
2001380	2413	1371	n
2001636	2414	1373	n
2001887	2415	1374	n
2002138	2414	1374	n
2002388	2414	1374	n
2002646	2413	1374	n
2002897	2413	1373	n
2013266	2415	1373	n
2013520	2411	1372	n
2013775	2414	1373	n
2014026	2413	1372	n
2014277	2413	1373	n
2014534	2413	1371	n
2024927	2412	1373	n
2025178	2413	1374	n
2025428	2412	1373	n
2025685	2412	1372	n
2025936	2414	1373	n
2026187	2413	1373	n
2026437	2411	1371	n
2036812	2411	1374	n
2037063	2413	1374	n
2037313	2411	1373	n
2037568	2413	1371	n
2037823	2412	1373	n
2038073	2412	1372	n
2048473	2413	1373	n
2048729	2415	1373	n
2048980	2411	1372	n
2049230	2413	1374	n
2049483	2413	1374	n
2049738	2413	1374	n
2049989	2414	1375	n
2060358	2411	1374	n
2060610	2413	1373	n
2060865	2411	1373	n
2061116	2413	1371	n
2061367	2411	1373	n
2061628	2411	1373	n
2072019	2412	1373	n
2072269	2414	1371	n
2072523	2413	1371	n
2072777	2412	1374	n
2073027	2413	1371	n
2073278	2411	1373	n
2073534	2410	1372	n
2083904	2413	1371	n
2084155	2413	1374	n
2084405	2413	1373	n
2084661	2411	1374	n
2084912	2412	1373	n
2085163	2411	1373	n
2095569	2411	1374	n
2095824	2411	1371	n
2096075	2413	1373	n
2096326	2411	1371	n
2096578	2412	1373	n
2096833	2411	1372	n
2097084	2413	1373	n
2107451	2411	1373	n
2107706	2411	1373	n
2107957	2411	1373	n
2108208	2411	1373	n
2108459	2411	1374	n
2108714	2413	1371	n
2119112	2412	1374	n
2119362	2413	1371	n
2119617	2413	1373	n
2119872	2412	1371	n
2120123	2411	1373	n
2120374	2413	1373	n
2120631	2411	1373	n
2130997	2413	1373	n
2131248	2413	1375	n
2131503	2415	1373	n
2131758	2413	1373	n
2132009	2413	1374	n
2132260	2413	1373	n
2142662	2414	1371	n
2142913	2414	1374	n
2143164	2413	1374	n
2143414	2413	1373	n
2143670	2411	1374	n
2143920	2412	1373	n
2144171	2413	1373	n
2154549	2413	1371	n
2154804	2413	1373	n
2155055	2411	1374	n
2155305	2413	1374	n
2155558	2412	1371	n
2155814	2410	1373	n
2166204	2413	1371	n
2166454	2411	1374	n
2166710	2411	1373	n
2166960	2411	1373	n
2167211	2413	1371	n
2167462	2415	1373	n
2167718	2411	1375	n
2178089	2412	1373	n
2178339	2413	1373	n
2178592	2413	1374	n
2178847	2411	1374	n
2179098	2413	1373	n
2179349	2413	1372	n
2189750	2413	1374	n
2190000	2412	1374	n
2190251	2414	1373	n
2190506	2411	1373	n
2190761	2411	1373	n
2191012	2412	1374	n
2191262	2414	1371	n
2201644	2414	1373	n
2201895	2414	1373	n
2202146	2414	1373	n
2202397	2413	1373	n
2202655	2413	1372	n
2202906	2413	1374	n
2213297	2411	1374	n
2213551	2413	1374	n
2213806	2413	1373	n
2214057	2413	1373	n
2214307	2413	1375	n
2214560	2413	1373	n
2214815	2411	1373	n
2225182	2416	1373	n
2225433	2414	1374	n
2225693	2413	1374	n
2225944	2413	1373	n
2226195	2414	1375	n
2226446	2411	1373	n
2236843	2413	1372	n
2237093	2409	1371	n
2237344	2410	1371	n
2237600	2407	1373	n
2237855	2411	1373	n
2238106	2411	1372	n
2238356	2411	1373	n
2248732	2411	1373	n
2248983	2414	1373	n
2249234	2415	1374	n
2249489	2411	1374	n
2249745	2414	1373	n
2249996	2411	1373	n
2260389	2411	1373	n
2260646	2413	1373	n
2260897	2413	1375	n
2261148	2412	1371	n
2261399	2412	1371	n
2261659	2413	1373	n
2261910	2413	1373	n
2272274	2411	1373	n
2272526	2413	1373	n
2272781	2412	1373	n
2273032	2415	1373	n
2273283	2411	1373	n
2273537	2413	1375	n
2283935	2410	1373	n
2284185	2411	1373	n
2284436	2411	1371	n
2284693	2411	1372	n
2284943	2412	1373	n
2285194	2412	1373	n
2285445	2411	1374	n
2295821	2413	1374	n
2296071	2413	1373	n
2296322	2413	1374	n
2296575	2413	1373	n
2296830	2413	1373	n
2297081	2413	1371	n
2307483	2413	1374	n
2307738	2412	1375	n
2307989	2410	1373	n
2308240	2414	1373	n
2308496	2415	1374	n
2308751	2413	1373	n
2309002	2413	1375	n
2319367	2414	1373	n
2319628	2413	1371	n
2319878	2412	1373	n
2320129	2415	1375	n
2320380	2413	1374	n
2320641	2414	1373	n
2331028	2411	1373	n
2331279	2411	1374	n
2331533	2411	1374	n
2331788	2411	1373	n
2332039	2411	1371	n
2332290	2411	1373	n
2332543	2413	1371	n
2342913	2413	1373	n
2343164	2412	1373	n
2343414	2413	1373	n
2343670	2411	1371	n
2343921	2413	1373	n
2344171	2411	1372	n
2354574	2412	1374	n
2354829	2413	1374	n
2355080	2413	1374	n
2355331	2413	1374	n
2355585	2411	1373	n
2355840	2413	1373	n
2356091	2413	1375	n
2366459	2415	1373	n
2366714	2413	1373	n
2366965	2411	1372	n
2367215	2411	1374	n
2367466	2414	1374	n
2367721	2410	1373	n
2378120	2413	1373	n
2378370	2412	1371	n
2378630	2412	1374	n
2378881	2410	1373	n
2379132	2413	1372	n
2379383	2414	1374	n
2379640	2411	1373	n
2390006	2411	1373	n
2390256	2413	1373	n
2390509	2413	1373	n
2390765	2413	1374	n
2391016	2411	1371	n
2391266	2413	1372	n
2401671	2416	1374	n
2401922	2413	1374	n
2402173	2412	1375	n
2402424	2413	1375	n
2402679	2415	1374	n
2402930	2414	1373	n
2403181	2414	1375	n
2413557	2413	1372	n
2413812	2413	1373	n
2414063	2414	1371	n
2414314	2412	1373	n
2414568	2411	1373	n
2414823	2409	1372	n
2425213	2411	1371	n
2425463	2414	1373	n
2425719	2411	1371	n
2425970	2413	1373	n
2426221	2411	1374	n
2426472	2411	1374	n
2426728	2413	1373	n
2437098	2412	1374	n
2437349	2414	1374	n
2437602	2411	1372	n
2437858	2414	1374	n
2438108	2413	1374	n
2438359	2413	1373	n
2448759	2413	1373	n
2449010	2412	1374	n
2449260	2413	1374	n
2449516	2413	1371	n
2449772	2412	1374	n
2450023	2413	1373	n
2450274	2414	1372	n
2460648	2413	1373	n
2460899	2411	1374	n
2461150	2412	1371	n
2461401	2413	1370	n
2461659	2415	1373	n
2461910	2411	1373	n
2472305	2410	1374	n
2472558	2410	1371	n
2472812	2412	1373	n
2473063	2411	1371	n
2473314	2413	1371	n
2473568	2412	1371	n
2473823	2412	1373	n
2484191	2413	1373	n
2484441	2411	1373	n
2484699	2414	1373	n
2484950	2413	1373	n
2485201	2414	1374	n
2485452	2410	1373	n
2495852	2412	1374	n
2496102	2413	1373	n
2496353	2411	1371	n
2496609	2411	1374	n
2496864	2413	1373	n
2497115	2415	1371	n
2497366	2413	1371	n
2507741	2414	1373	n
2507992	2413	1374	n
2508243	2413	1374	n
2508496	2413	1374	n
2508752	2412	1374	n
2509002	2413	1372	n
2519398	2413	1372	n
2519655	2414	1371	n
2519906	2413	1373	n
2520157	2413	1373	n
2520408	2413	1371	n
2520664	2411	1371	n
2520914	2414	1373	n
2531283	2413	1375	n
2531537	2411	1374	n
2531792	2412	1373	n
2532043	2414	1375	n
2532294	2414	1375	n
2532548	2414	1373	n
2542944	2413	1374	n
2543194	2413	1373	n
2543446	2413	1373	n
2543702	2415	1373	n
2543953	2413	1373	n
2544204	2413	1373	n
2544454	2412	1373	n
2554829	2411	1373	n
2555080	2411	1374	n
2555331	2413	1373	n
2555585	2413	1371	n
2555840	2412	1371	n
2556091	2410	1371	n
2566493	2411	1372	n
2566748	2414	1374	n
2566999	2411	1373	n
2567250	2413	1373	n
2567506	2411	1372	n
2567762	2411	1374	n
2568012	2410	1373	n
2578376	2413	1373	n
2578633	2411	1373	n
2578884	2413	1373	n
2579135	2412	1374	n
2579385	2414	1371	n
2579646	2414	1374	n
2590037	2411	1373	n
2590288	2414	1373	n
2590540	2412	1372	n
2590795	2414	1375	n
2591046	2412	1373	n
2591297	2411	1373	n
2591554	2413	1373	n
2601922	2412	1374	n
2602172	2413	1373	n
2602423	2411	1374	n
2602679	2411	1375	n
2602930	2412	1373	n
2603180	2413	1373	n
2613583	2414	1374	n
2613838	2413	1374	n
2614088	2412	1373	n
2614339	2414	1373	n
2614592	2413	1374	n
2614847	2413	1373	n
2615098	2415	1372	n
2625468	2416	1373	n
2625723	2414	1371	n
2625974	2413	1374	n
2626224	2414	1373	n
2626475	2411	1373	n
2626737	2414	1373	n
2637129	2411	1374	n
2637379	2413	1373	n
2637636	2414	1374	n
2637887	2413	1373	n
2638138	2413	1374	n
2638389	2413	1375	n
2638646	2411	1374	n
2649014	2412	1374	n
2649264	2413	1373	n
2649520	2413	1373	n
2649775	2413	1372	n
2650026	2411	1374	n
2650277	2413	1374	n
2660679	2412	1373	n
2660930	2413	1373	n
2661181	2412	1375	n
2661431	2411	1374	n
2661688	2414	1372	n
2661939	2413	1374	n
2662189	2414	1375	n
2672565	2413	1374	n
2672820	2413	1375	n
2673071	2413	1373	n
2673322	2411	1375	n
2673575	2414	1374	n
2673829	2412	1374	n
2684222	2412	1373	n
2684472	2413	1373	n
2684729	2411	1373	n
2684980	2411	1373	n
2685230	2412	1371	n
2685483	2413	1373	n
2685738	2413	1372	n
2696107	2410	1372	n
2696572	2411	1371	n
2696827	2413	1372	n
2697078	2409	1371	n
2697338	2411	1372	n
2697617	2413	1372	n
2707993	2414	1373	n
2708469	2415	1374	n
2708733	2415	1374	n
2709007	2415	1374	n
2709258	2414	1375	n
2709515	2413	1375	n
2709779	2414	1374	n
2720214	2413	1373	Time:00:00:00:00;;
2720914	2413	1374	n
2721164	2411	1373	n
2721446	2411	1372	n
2721702	2414	1372	n
2721953	2411	1373	n
2732383	2413	1371	n
2732896	2411	1371	n
2733147	2412	1372	n
2733398	2412	1373	n
2733659	2413	1374	n
2733941	2413	1373	n
2734192	2413	1373	n
2744583	2411	1372	n
2745063	2413	1373	n
2745344	2413	1373	n
2745600	2413	1373	n
2745855	2411	1373	n
2746105	2415	1374	n
2756551	2413	1373	n
2757040	2414	1373	n
2757291	2414	1374	n
2757544	2414	1374	n
2757828	2413	1374	n
2758079	2413	1374	n
2758330	2414	1374	n
2768699	2413	1373	Time:00:00:00:00;;
2769402	2413	1371	n
2769682	2411	1374	n
2769933	2414	1373	n
2770193	2412	1374	n
2770466	2414	1371	n
2780856	2413	1373	n
2781333	2411	1373	n
2781598	2413	1373	n
2781875	2413	1373	n
2782126	2416	1373	n
2782377	2412	1374	n
2782642	2412	1373	n
2793060	2412	1374	n
2793540	2413	1375	n
2793795	2413	1374	n
2794054	2413	1373	n
2794327	2413	1374	n
2794583	2412	1375	n
2804972	2413	1373	n
2805446	2409	1373	n
2805736	2413	1374	n
2805986	2414	1374	n
2806237	2413	1373	n
2806493	2411	1373	n
2806779	2411	1374	n
2817167	2410	1373	n
2817658	2411	1373	n
2817909	2411	1372	n
2818191	2414	1372	n
2818441	2411	1373	n
2818701	2411	1373	n
2818951	2410	1371	n
2829363	2413	1374	n
2829858	2412	1373	n
2830109	2412	1371	n
2830360	2412	1371	n
2830625	2411	1373	n
2830898	2413	1374	n
2841266	2412	1373	n
2841750	2412	1371	n
2842009	2414	1375	n
2842283	2412	1373	n
2842537	2414	1373	n
2842792	2413	1374	n
2843051	2413	1374	n
2853493	2416	1375	n
2853975	2414	1371	n
2854226	2413	1374	n
2854489	2413	1374	n
2854766	2411	1373	n
2855017	2410	1373	n
2855268	2412	1375	n
2865678	2412	1374	n
2866191	2415	1373	n
2866442	2411	1374	n
2866700	2411	1375	n
2866960	2413	1373	n
2867233	2412	1373	n
2877633	2414	1374	n
2878111	2414	1374	n
2878362	2413	1374	n
2878654	2414	1374	n
2878905	2413	1373	n
2879156	2411	1374	n
2879407	2413	1372	n
2889850	2414	1374	n
2890333	2414	1373	n
2890589	2413	1373	n
2890844	2414	1374	n
2891126	2414	1375	n
2891377	2413	1373	n
2891634	2415	1374	n
2902055	2415	1375	n
2902575	2415	1376	n
2902829	2414	1373	n
2903080	2412	1373	n
2903331	2411	1374	n
2903617	2415	1374	n
2903872	2413	1373	n
2914233	2414	1374	n
2914717	2413	1372	n
2914976	2412	1373	n
2915250	2414	1374	n
2915506	2411	1373	n
2915762	2413	1372	n
2926153	2416	1373	Time:00:00:00:00;;
2926762	2413	1374	n
2927013	2414	1375	n
2927264	2415	1375	n
2927520	2414	1374	n
2927776	2414	1375	n
2938176	2413	1374	n
2938427	2413	1375	n
2938683	2416	1374	n
2938934	2413	1374	n
2939185	2413	1374	n
2939436	2414	1373	n
2949820	2414	1374	n
2950071	2415	1375	n
2950322	2414	1374	n
2950575	2412	1373	n
2950830	2411	1375	n
2951081	2414	1374	n
2951332	2414	1373	n
2961726	2415	1373	n
2961977	2414	1374	n
2962228	2414	1374	n
2962480	2414	1374	n
2962736	2413	1371	n
2962987	2413	1373	n
2973366	2414	1374	n
2973628	2413	1375	n
2973879	2413	1373	n
2974130	2413	1374	n
2974380	2413	1375	n
2974641	2414	1376	n
2974892	2414	1374	n
2985268	2413	1374	n
2985523	2413	1373	n
2985777	2413	1375	n
2986027	2414	1373	n
2986278	2412	1373	n
2986534	2413	1373	n
2996912	2413	1373	n
2997163	2413	1374	n
2997414	2413	1373	n
2997670	2413	1373	n
2997920	2413	1372	n
2998171	2413	1373	n
2998422	2413	1374	n
3008814	2413	1375	n
3009065	2414	1374	n
3009316	2414	1375	n
3009571	2414	1374	n
3009827	2413	1373	n
3010078	2414	1373	n
3020458	2415	1374	n
3020714	2413	1372	n
3020965	2414	1374	n
3021216	2415	1373	n
3021467	2415	1375	n
3021721	2413	1375	n
3021972	2413	1375	n
3032361	2414	1373	n
3032617	2414	1371	n
3032872	2411	1373	n
3033123	2411	1372	n
3033373	2413	1371	n
3033630	2411	1372	n
3044005	2414	1375	n
3044256	2413	1373	n
3044509	2415	1375	n
3044764	2413	1374	n
3045015	2413	1375	n
3045266	2414	1373	n
3045523	2414	1373	n
3055907	2413	1371	n
3056158	2414	1373	n
3056409	2414	1373	n
3056664	2413	1373	n
3056915	2413	1375	n
3057166	2413	1373	n
3067551	2413	1373	n
3067806	2412	1373	n
3068057	2413	1373	n
3068308	2413	1374	n
3068565	2413	1374	n
3068820	2411	1375	n
3069071	2415	1374	n
3079453	2412	1374	n
3079708	2414	1374	n
3079959	2414	1374	n
3080210	2414	1373	n
3080461	2416	1375	n
3080717	2413	1374	n
3091097	2414	1373	n
3091348	2413	1374	n
3091602	2413	1373	n
3091857	2414	1373	n
3092108	2413	1373	n
3092359	2414	1373	n
3092612	2414	1374	n
3102999	2415	1375	n
3103250	2415	1374	n
3103506	2415	1374	n
3103761	2416	1374	n
3104012	2414	1374	n
3104263	2415	1375	n
3114648	2414	1374	n
3114899	2415	1375	n
3115150	2413	1375	n
3115401	2413	1373	n
3115658	2411	1375	n
3115909	2413	1374	n
3116160	2414	1373	n
3126551	2412	1374	n
3126806	2414	1374	n
3127057	2415	1375	n
3127308	2410	1373	n
3127561	2412	1373	n
3127816	2412	1373	n
3138190	2413	1371	n
3138441	2411	1374	n
3138700	2411	1373	n
3138951	2414	1373	n
3139202	2413	1372	n
3139453	2413	1375	n
3139707	2411	1373	n
3150092	2413	1373	n
3150343	2414	1375	n
3150600	2414	1375	n
3150855	2414	1373	n
3151106	2414	1375	n
3151357	2412	1375	n
3161736	2414	1374	n
3161987	2413	1374	n
3162238	2413	1374	n
3162493	2414	1374	n
3162748	2411	1376	n
3162999	2413	1373	n
3163249	2414	1373	n
3173642	2414	1374	n
3173893	2413	1374	n
3174144	2411	1373	n
3174395	2411	1373	n
3174654	2413	1373	n
3174905	2413	1374	n
3185282	2411	1373	n
3185537	2411	1372	n
3185792	2413	1372	n
3186043	2412	1373	n
3186294	2413	1373	n
3186549	2412	1374	n
3186804	2411	1373	n
3197184	2414	1374	n
3197435	2412	1374	n
3197693	2413	1375	n
3197944	2413	1374	n
3198195	2413	1373	n
3198446	2411	1372	n
3208828	2415	1373	n
3209079	2414	1371	n
3209330	2413	1373	n
3209585	2411	1372	n
3209840	2411	1373	n
3210091	2412	1371	n
3210341	2414	1374	n
3220735	2412	1373	n
3220986	2413	1373	n
3221237	2410	1371	n
3221493	2414	1373	n
3221748	2414	1372	n
3221999	2413	1373	n
3232375	2414	1374	n
3232632	2414	1374	n
3232883	2413	1374	n
3233134	2414	1375	n
3233384	2414	1375	n
3233641	2414	1374	n
3233892	2414	1373	n
3244277	2414	1374	n
3244534	2415	1373	n
3244788	2413	1374	n
3245039	2414	1374	n
3245290	2413	1373	n
3245543	2414	1375	n
3255921	2410	1374	n
3256172	2412	1373	n
3256423	2412	1373	n
3256679	2412	1374	n
3256929	2412	1374	n
3257180	2415	1374	n
3257431	2413	1373	n
3267823	2414	1371	n
3268074	2414	1373	n
3268325	2413	1374	n
3268578	2414	1374	n
3268833	2415	1373	n
3269084	2413	1373	n
3279467	2415	1374	n
3279723	2415	1375	n
3279973	2414	1374	n
3280224	2413	1375	n
3280475	2413	1373	n
3280731	2413	1374	n
3280982	2413	1374	n
3291369	2415	1375	n
3291628	2413	1373	n
3291879	2415	1374	n
3292129	2413	1373	n
3292380	2415	1374	n
3292641	2415	1374	n
3303013	2415	1375	n
3303264	2413	1375	n
3303521	2414	1375	n
3303775	2414	1373	n
3304026	2413	1375	n
3304277	2415	1373	n
3304534	2413	1373	n
3314916	2413	1374	n
3315167	2413	1373	n
3315418	2413	1375	n
3315673	2411	1373	n
3315924	2413	1373	n
3316175	2412	1374	n
3326560	2414	1371	n
3326815	2415	1373	n
3327066	2411	1373	n
3327317	2414	1374	n
3327572	2413	1375	n
3327827	2412	1373	n
3328078	2413	1373	n
3338462	2415	1374	n
3338717	2413	1372	n
3338968	2415	1373	n
3339219	2413	1371	n
3339470	2411	1370	n
3339726	2410	1375	n
3350106	2413	1371	n
3350357	2413	1372	n
3350610	2413	1375	n
3350865	2411	1370	n
3351116	2412	1373	n
3351367	2411	1372	n
3351628	2411	1373	n
3362008	2413	1373	n
3362259	2411	1374	n
3362514	2411	1372	n
3362769	2413	1373	n
3363020	2414	1373	n
3363271	2413	1373	n
3373655	2413	1374	n
3373906	2414	1375	n
3374156	2413	1374	n
3374407	2413	1372	n
3374663	2415	1374	n
3374914	2415	1375	n
3375165	2414	1371	n
3385557	2411	1373	n
3385812	2414	1372	n
3386063	2413	1373	n
3386314	2411	1373	n
3386568	2411	1374	n
3386823	2413	1373	n
3397198	2415	1374	n
3397449	2410	1374	n
3397705	2413	1374	n
3397955	2413	1371	n
3398206	2413	1375	n
3398457	2412	1373	n
3398713	2414	1373	n
3409101	2414	1374	n
3409352	2414	1375	n
3409606	2415	1373	n
3409861	2414	1373	n
3410112	2414	1374	n
3410363	2414	1374	n
3420745	2415	1374	n
3420996	2414	1374	n
3421247	2413	1372	n
3421504	2411	1374	n
3421758	2414	1373	n
3422009	2415	1374	n
3422260	2415	1374	n
3432652	2412	1374	n
3432903	2414	1373	n
3433153	2412	1373	n
3433404	2413	1372	n
3433661	2413	1372	n
3433911	2414	1374	n
3444291	2413	1375	n
3444548	2413	1374	n
3444803	2413	1373	n
3445054	2412	1374	n
3445305	2413	1374	n
3445558	2412	1373	n
3445813	2413	1371	n
3456193	2411	1373	n
3456444	2413	1374	n
3456700	2413	1374	n
3456951	2413	1373	n
3457202	2413	1374	n
3457453	2413	1373	n
3467837	2414	1374	n
3468088	2414	1374	n
3468339	2415	1375	n
3468592	2412	1375	n
3468847	2414	1374	n
3469098	2414	1374	n
3469349	2414	1375	n
3479741	2413	1372	n
3479992	2414	1375	n
3480243	2413	1375	n
3480500	2414	1372	n
3480755	2415	1374	n
3481006	2414	1374	n
3491383	2413	1372	n
3491641	2413	1372	n
3491891	2413	1373	n
3492142	2414	1373	n
3492393	2413	1373	n
3492654	2411	1371	n
3492905	2413	1374	n
3503286	2413	1373	n
3503540	2414	1373	n
3503795	2413	1373	n
3504046	2414	1374	n
3504297	2413	1375	n
3504551	2415	1373	n
3514930	2416	1375	n
3515181	2415	1374	n
3515432	2414	1373	n
3515693	2413	1373	n
3515944	2413	1371	n
3516195	2415	1374	n
3516446	2413	1373	n
3526832	2411	1373	n
3527083	2414	1373	n
3527334	2413	1373	n
3527588	2411	1373	n
3527843	2411	1373	n
3528094	2414	1374	n
3538476	2412	1374	n
3538736	2413	1372	n
3538987	2413	1371	n
3539238	2411	1372	n
3539493	2414	1373	n
3539748	2413	1373	n
3539999	2413	1373	n
3550378	2413	1374	n
3550635	2414	1373	n
3550887	2414	1374	n
3551137	2413	1374	n
3551388	2415	1374	n
3551646	2413	1372	n
3562022	2413	1373	n
3562273	2413	1371	n
3562526	2411	1373	n
3562781	2410	1371	n
3563032	2412	1372	n
3563283	2414	1371	n
3563537	2411	1375	n
3573924	2413	1374	n
3574175	2412	1375	n
3574426	2413	1373	n
3574681	2413	1373	n
3574932	2412	1372	n
3575183	2414	1374	n
3585568	2411	1372	n
3585823	2413	1374	n
3586074	2413	1372	n
3586325	2414	1373	n
3586578	2411	1373	n
3586833	2414	1375	n
3587084	2411	1373	n
3597471	2413	1374	n
3597727	2414	1373	n
3597978	2415	1373	n
3598228	2411	1374	n
3598480	2411	1373	n
3598736	2412	1373	n
3609115	2413	1373	n
3609366	2414	1373	n
3609628	2412	1373	n
3609879	2413	1373	n
3610129	2414	1374	n
3610380	2411	1372	n
3610641	2413	1373	n
3621017	2413	1373	n
3621268	2414	1373	n
3621523	2411	1373	n
3621777	2413	1374	n
3622027	2410	1373	n
3622278	2413	1373	n
3632666	2414	1373	n
3632917	2414	1373	n
3633167	2414	1375	n
3633418	2413	1376	n
3633673	2410	1373	n
3633924	2414	1373	n
3634175	2411	1374	n
3644567	2414	1373	n
3644822	2414	1374	n
3645073	2415	1377	n
3645324	2413	1374	n
3645578	2413	1373	n
3645833	2412	1373	n
3656207	2412	1371	n
3656458	2413	1373	n
3656714	2411	1373	n
3656964	2414	1371	n
3657215	2411	1371	n
3657466	2414	1375	n
3657721	2413	1373	n
3668109	2413	1374	n
3668360	2412	1373	n
3668613	2414	1373	n
3668868	2413	1373	n
3669119	2413	1373	n
3669370	2414	1371	n
3679753	2414	1375	n
3680004	2412	1375	n
3680255	2413	1373	n
3680508	2412	1374	n
3680764	2414	1374	n
3681015	2411	1375	n
3681265	2415	1373	n
3691661	2414	1375	n
3692010	2413	1374	n
3692283	2413	1374	n
3692538	2415	1373	n
3692792	2414	1374	n
3693051	2412	1373	n
3693324	2411	1373	n
3703683	2414	1373	n
3704160	2413	1374	n
3704420	2414	1375	n
3704698	2412	1375	n
3704949	2414	1374	n
3705200	2414	1373	n
3715599	2411	1373	Time:00:00:00:00;;
3716324	2411	1374	n
3716578	2413	1374	n
3716833	2415	1375	n
3717114	2414	1374	n
3717365	2413	1373	n
3727760	2413	1373	n
3728237	2414	1373	n
3728523	2414	1373	n
3728777	2413	1375	n
3729027	2413	1374	n
3729278	2415	1374	n
3729565	2413	1373	n
3739974	2413	1373	n
3740449	2407	1373	n
3740704	2411	1374	n
3740986	2413	1374	n
3741236	2413	1374	n
3741494	2414	1373	n
3751858	2411	1371	n
3752344	2411	1373	n
3752627	2413	1373	n
3752878	2413	1373	n
3753129	2410	1374	n
3753389	2412	1373	n
3753670	2412	1372	n
3764072	2411	1373	n
3764554	2411	1373	n
3764817	2413	1373	n
3765090	2411	1374	n
3765341	2413	1372	n
3765595	2414	1373	n
3765859	2414	1374	n
3776276	2414	1374	Time:00:00:00:00;;
3776979	2413	1373	n
3777238	2414	1373	n
3777517	2414	1373	n
3777772	2414	1373	n
3778023	2414	1373	n
3788463	2414	1374	n
3788976	2413	1373	n
3789226	2411	1373	n
3789477	2414	1373	n
3789744	2411	1374	n
3790018	2413	1371	n
3800417	2413	1373	n
3800897	2413	1371	n
3801148	2413	1374	n
3801430	2412	1374	n
3801687	2411	1373	n
3801938	2413	1373	n
3802189	2412	1375	n
3812641	2414	1372	n
3813118	2413	1373	n
3813369	2411	1372	n
3813627	2414	1372	n
3813909	2414	1374	n
3814160	2413	1374	n
3814411	2413	1370	n
3824826	2413	1372	n
3825340	2414	1373	n
3825594	2414	1374	n
3825849	2414	1374	n
3826100	2413	1373	n
3826382	2411	1374	n
3826640	2410	1371	n
3837022	2411	1373	n
3837502	2413	1373	n
3837766	2412	1375	n
3838040	2411	1373	n
3838291	2414	1374	n
3838543	2412	1373	n
3848942	2413	1374	n
3849448	2410	1374	n
3849704	2411	1373	n
3849955	2413	1371	n
3850215	2414	1373	n
3850494	2414	1373	n
3850750	2415	1372	n
3861137	2414	1375	n
3861633	2414	1374	n
3861913	2415	1372	n
3862164	2413	1373	n
3862415	2415	1374	n
3862679	2412	1374	n
3862953	2414	1374	n
3873333	2414	1375	n
3873819	2411	1373	n
3874078	2412	1374	n
3874353	2414	1373	n
3874609	2413	1374	n
3874864	2413	1373	n
3885253	2414	1374	n
3885773	2413	1373	n
3886024	2413	1373	n
3886274	2413	1371	n
3886540	2413	1373	n
3886818	2412	1373	n
3887069	2413	1374	n
3897448	2411	1374	n
3897931	2413	1373	n
3898214	2413	1374	n
3898465	2415	1373	n
3898720	2413	1373	n
3898971	2413	1374	n
3899259	2414	1373	n
3909648	2411	1374	n
3910125	2411	1375	n
3910376	2414	1371	n
3910641	2414	1374	n
3910914	2413	1374	n
3911165	2413	1373	n
3921550	2412	1374	Time:00:00:00:00;;
3922245	2413	1372	n
3922500	2414	1372	n
3922755	2414	1374	n
3923006	2411	1373	n
3923257	2415	1375	n
3933643	2409	1374	n
3933894	2413	1374	n
3934145	2410	1373	n
3934396	2411	1372	n
3934655	2411	1372	n
3934906	2410	1372	n
3935156	2410	1373	n
3945526	2413	1373	n
3945781	2414	1373	n
3946032	2414	1374	n
3946283	2413	1373	n
3946537	2413	1373	n
3946792	2413	1374	n
3957185	2413	1372	n
3957435	2411	1373	n
3957692	2414	1374	n
3957943	2414	1372	n
3958194	2413	1372	n
3958445	2409	1371	n
3958701	2411	1371	n
3969071	2413	1373	n
3969321	2411	1373	n
3969574	2410	1371	n
3969829	2412	1372	n
3970080	2412	1374	n
3970331	2413	1373	n
3980732	2415	1373	n
3980982	2414	1374	n
3981233	2411	1373	n
3981489	2411	1375	n
3981744	2413	1373	n
3981995	2413	1371	n
3982246	2412	1374	n
3992623	2413	1374	n
3992874	2413	1374	n
3993125	2415	1373	n
3993376	2415	1373	n
3993633	2413	1374	n
3993884	2413	1375	n
4004278	2411	1375	n
4004534	2415	1372	n
4004789	2411	1371	n
4005039	2412	1373	n
4005290	2413	1374	n
4005543	2414	1373	n
4005798	2411	1371	n
4016163	2415	1374	n
4016414	2413	1373	n
4016669	2414	1375	n
4016920	2410	1374	n
4017171	2414	1374	n
4017422	2412	1375	n
4027824	2414	1374	n
4028075	2413	1374	n
4028326	2411	1374	n
4028578	2411	1374	n
4028833	2413	1375	n
4029084	2414	1373	n
4029335	2413	1374	n
4039713	2414	1374	n
4039964	2413	1373	n
4040215	2414	1375	n
4040466	2415	1373	n
4040721	2415	1374	n
4040972	2413	1374	n
4051370	2413	1374	n
4051631	2411	1373	n
4051881	2413	1373	n
4052132	2412	1372	n
4052383	2412	1372	n
4052640	2413	1373	n
4052891	2413	1374	n
4063256	2410	1373	n
4063509	2413	1373	n
4063764	2413	1374	n
4064015	2413	1373	n
4064266	2412	1371	n
4064520	2414	1374	n
4074917	2413	1375	n
4075168	2414	1374	n
4075419	2414	1375	n
4075674	2414	1374	n
4075925	2415	1373	n
4076176	2415	1373	n
4076427	2413	1374	n
4086802	2414	1375	n
4087053	2411	1374	n
4087304	2413	1371	n
4087557	2414	1373	n
4087812	2413	1373	n
4088063	2413	1373	n
4098463	2414	1374	n
4098718	2413	1373	n
4098969	2413	1374	n
4099220	2415	1372	n
4099471	2411	1373	n
4099726	2414	1371	n
4099977	2414	1373	n
4110348	2412	1374	n
4110602	2415	1373	n
4110857	2413	1374	n
4111108	2414	1373	n
4111359	2411	1375	n
4111612	2415	1373	n
4122009	2409	1373	n
4122260	2414	1372	n
4122517	2414	1373	n
4122772	2412	1374	n
4123023	2414	1374	n
4123274	2415	1375	n
4123527	2413	1374	n
4133894	2414	1374	n
4134145	2414	1373	n
4134396	2412	1374	n
4134654	2411	1371	n
4134905	2414	1373	n
4135156	2415	1374	n
4145557	2413	1372	n
4145812	2413	1374	n
4146063	2412	1372	n
4146314	2413	1374	n
4146568	2413	1373	n
4146823	2414	1372	n
4147074	2414	1375	n
4157441	2410	1371	n
4157701	2413	1373	n
4157951	2413	1375	n
4158202	2414	1375	n
4158453	2411	1374	n
4158709	2411	1373	n
4169102	2414	1373	n
4169353	2412	1375	n
4169609	2413	1374	n
4169865	2414	1373	n
4170116	2414	1372	n
4170367	2414	1375	n
4170628	2414	1374	n
4180987	2410	1372	n
4181238	2411	1373	n
4181493	2411	1373	n
4181748	2414	1371	n
4181999	2411	1370	n
4182250	2413	1373	n
4192652	2411	1375	n
4192903	2414	1371	n
4193154	2411	1373	n
4193405	2412	1371	n
4193661	2411	1372	n
4193912	2413	1373	n
4194163	2413	1375	n
4204537	2415	1374	n
4204792	2413	1375	n
4205043	2415	1373	n
4205294	2412	1373	n
4205549	2413	1374	n
4205804	2410	1373	n
4216194	2413	1373	n
4216444	2411	1374	n
4216701	2413	1374	n
4216952	2415	1375	n
4217203	2413	1374	n
4217454	2411	1373	n
4217709	2413	1373	n
4228079	2412	1373	n
4228330	2413	1371	n
4228586	2414	1374	n
4228841	2413	1374	n
4229092	2414	1374	n
4229343	2413	1373	n
4239740	2413	1373	n
4239991	2413	1374	n
4240242	2413	1373	n
4240496	2413	1373	n
4240751	2412	1373	n
4241002	2411	1371	n
4241253	2413	1373	n
4251632	2413	1374	n
4251883	2413	1374	n
4252134	2413	1372	n
4252384	2415	1374	n
4252641	2413	1374	n
4252892	2413	1374	n
4263287	2411	1371	n
4263540	2415	1374	n
4263795	2413	1374	n
4264046	2414	1374	n
4264297	2414	1374	n
4264551	2414	1375	n
4264806	2413	1374	n
4275172	2413	1374	n
4275423	2413	1374	n
4275678	2413	1372	n
4275929	2413	1373	n
4276180	2413	1374	n
4276431	2415	1373	n
4286833	2414	1374	n
4287084	2416	1371	n
4287334	2412	1373	n
4287588	2412	1373	n
4287843	2413	1374	n
4288094	2413	1375	n
4288345	2412	1374	n
4298722	2413	1374	n
4298973	2414	1375	n
4299224	2415	1374	n
4299475	2414	1373	n
4299731	2413	1375	n
4299982	2414	1373	n
4310379	2413	1374	n
4310635	2413	1373	n
4310886	2414	1373	n
4311137	2413	1374	n
4311388	2412	1372	n
4311646	2411	1373	n
4311897	2411	1373	n
4322264	2411	1373	n
4322520	2413	1375	n
4322776	2412	1372	n
4323027	2413	1373	n
4323278	2413	1373	n
4323534	2411	1373	n
4333925	2414	1371	n
4334175	2413	1373	n
4334426	2412	1374	n
4334682	2413	1375	n
4334933	2411	1373	n
4335184	2411	1374	n
4335435	2413	1372	n
4345811	2414	1373	n
4346062	2413	1375	n
4346312	2414	1373	n
4346568	2414	1373	n
4346823	2413	1375	n
4347074	2414	1373	n
4357472	2412	1373	n
4357728	2413	1373	n
4357979	2413	1373	n
4358230	2413	1373	n
4358482	2413	1373	n
4358738	2413	1373	n
4358989	2411	1373	n
4369357	2411	1373	n
4369610	2411	1374	n
4369865	2411	1371	n
4370116	2413	1373	n
4370366	2413	1371	n
4370628	2414	1373	n
4381018	2413	1375	n
4381269	2413	1374	n
4381523	2415	1374	n
4381777	2415	1373	n
4382027	2414	1373	n
4382278	2413	1374	n
4382534	2413	1373	n
4392903	2411	1371	n
4393154	2411	1374	n
4393404	2411	1371	n
4393661	2414	1373	n
4393912	2411	1374	n
4394163	2413	1372	n
4404566	2413	1375	n
4404822	2413	1374	n
4405073	2413	1374	n
4405323	2413	1373	n
4405577	2412	1374	n
4405832	2412	1374	n
4406083	2413	1373	n
4416449	2411	1373	n
4416704	2413	1372	n
4416955	2413	1374	n
4417206	2413	1375	n
4417457	2413	1375	n
4417712	2411	1374	n
4428110	2411	1374	n
4428361	2413	1375	n
4428617	2412	1374	n
4428872	2415	1374	n
4429124	2413	1373	n
4429375	2413	1373	n
4429631	2413	1373	n
4439996	2413	1374	n
4440247	2414	1374	n
4440503	2414	1373	n
4440758	2413	1373	n
4441009	2414	1374	n
4441260	2414	1374	n
4451661	2413	1373	n
4451912	2412	1373	n
4452163	2414	1374	n
4452414	2413	1372	n
4452669	2412	1373	n
4452920	2414	1375	n
4453171	2412	1373	n
4463543	2413	1375	n
4463798	2413	1372	n
4464049	2414	1373	n
4464300	2414	1374	n
4464557	2413	1373	n
4464812	2412	1372	n
4475203	2414	1373	n
4475454	2413	1375	n
4475709	2415	1374	n
4475960	2415	1375	n
4476211	2413	1374	n
4476462	2416	1375	n
4476717	2414	1373	n
4487088	2413	1374	n
4487339	2412	1373	n
4487591	2414	1374	n
4487847	2411	1372	n
4488098	2414	1374	n
4488348	2411	1371	n
4498749	2414	1374	n
4499000	2415	1374	n
4499251	2413	1375	n
4499506	2411	1372	n
4499761	2413	1373	n
4500012	2412	1372	n
4500263	2413	1375	n
4510643	2415	1374	n
4510894	2414	1375	n
4511144	2414	1374	n
4511395	2414	1372	n
4511654	2414	1373	n
4511905	2413	1374	n
4522295	2411	1373	n
4522551	2415	1373	n
4522806	2414	1374	n
4523057	2413	1373	n
4523308	2414	1375	n
4523560	2413	1373	n
4523816	2413	1374	n
4534181	2411	1374	n
4534432	2411	1372	n
4534688	2414	1373	n
4534939	2413	1373	n
4535190	2412	1371	n
4535441	2410	1373	n
4545842	2415	1375	n
4546093	2413	1374	n
4546344	2415	1373	n
4546599	2414	1375	n
4546854	2415	1374	n
4547105	2413	1373	n
4547356	2414	1373	n
4557731	2414	1373	n
4557982	2414	1374	n
4558233	2413	1374	n
4558489	2413	1374	n
4558744	2413	1375	n
4558995	2413	1373	n
4569388	2413	1374	n
4569646	2415	1374	n
4569896	2413	1375	n
4570148	2413	1374	n
4570398	2414	1373	n
4570659	2413	1375	n
4570910	2414	1374	n
4581273	2413	1373	n
4581526	2414	1374	n
4581781	2413	1374	n
4582032	2413	1375	n
4582283	2414	1373	n
4582537	2411	1375	n
4592934	2412	1374	n
4593185	2413	1374	n
4593435	2414	1374	n
4593692	2413	1374	n
4593943	2416	1373	n
4594194	2413	1373	n
4594445	2411	1374	n
4604819	2416	1374	n
4605070	2414	1374	n
4605321	2416	1375	n
4605574	2411	1375	n
4605829	2415	1374	n
4606080	2415	1375	n
4616480	2413	1375	n
4616736	2414	1375	n
4616987	2416	1376	n
4617238	2416	1375	n
4617493	2414	1375	n
4617748	2414	1374	n
4617999	2415	1375	n
4628366	2414	1374	n
4628623	2413	1374	n
4628874	2412	1372	n
4629125	2415	1375	n
4629376	2413	1374	n
4629633	2413	1372	n
4640027	2415	1375	n
4640278	2413	1372	n
4640534	2411	1373	n
4640788	2412	1373	n
4641039	2413	1374	n
4641290	2415	1375	n
4641543	2414	1373	n
4651912	2415	1374	n
4652163	2415	1374	n
4652414	2414	1373	n
4652669	2415	1374	n
4652920	2413	1374	n
4653171	2415	1375	n
4663573	2413	1375	n
4663828	2415	1376	n
4664079	2415	1374	n
4664330	2413	1375	n
4664586	2413	1373	n
4664841	2413	1374	n
4665092	2413	1375	n
4675458	2413	1374	n
4675713	2411	1373	n
4675964	2413	1373	n
4676215	2413	1375	n
4676466	2413	1374	n
4676722	2413	1374	n
4687119	2414	1374	n
4687370	2414	1373	n
4687631	2412	1372	n
4687889	2414	1373	n
4688162	2414	1373	n
4688413	2415	1373	n
4688669	2415	1373	n
4699091	2415	1374	n
4699602	2415	1374	n
4699857	2413	1375	n
4700108	2414	1376	n
4700368	2413	1374	n
4700650	2415	1375	n
4711045	2413	1374	n
4711524	2414	1371	n
4711787	2411	1371	Time:00:00:00:00;;
4712275	2412	1374	n
4712531	2411	1372	n
4712796	2414	1373	n
4723241	2412	1374	n
4723726	2413	1375	n
4723977	2413	1374	n
4724237	2411	1372	n
4724514	2413	1373	n
4724769	2413	1373	n
4725020	2413	1373	n
4735453	2411	1373	n
4735962	2413	1375	n
4736213	2414	1374	n
4736464	2414	1374	n
4736729	2412	1373	n
4737002	2411	1373	n
4737253	2413	1375	n
4747653	2414	1374	n
4748138	2413	1373	n
4748411	2412	1374	n
4748667	2413	1375	n
4748918	2414	1373	n
4749177	2413	1375	n
4759606	2411	1373	n
4760089	2414	1371	n
4760340	2413	1374	n
4760593	2412	1374	n
4760877	2411	1374	n
4761128	2413	1374	n
4761379	2413	1373	n
4771747	2412	1372	Time:00:00:00:00;;
4772471	2411	1372	n
4772726	2411	1375	n
4772977	2411	1373	n
4773237	2412	1373	n
4773514	2413	1373	n
4783926	2414	1373	n
4784403	2413	1373	n
4784669	2414	1374	n
4784942	2413	1374	n
4785193	2414	1374	n
4785444	2413	1373	n
4785709	2414	1373	n
4796131	2413	1374	n
4796609	2414	1375	n
4796864	2411	1374	n
4797124	2415	1371	n
4797397	2407	1367	n
4797655	2411	1371	n
4808025	2413	1374	n
4808515	2411	1375	n
4808792	2411	1373	n
4809043	2412	1371	n
4809294	2412	1373	n
4809559	2410	1373	n
4809837	2411	1374	n
4820237	2412	1372	n
4820728	2411	1371	n
4820979	2413	1373	n
4821262	2411	1371	n
4821516	2415	1374	n
4821772	2411	1372	n
4822023	2413	1374	n
4832433	2415	1373	n
4832926	2414	1373	n
4833177	2413	1371	n
4833428	2413	1372	n
4833717	2413	1373	n
4833968	2413	1375	n
4844387	2411	1374	n
4844872	2413	1374	n
4845154	2413	1374	n
4845405	2411	1371	n
4845661	2413	1372	n
4845912	2412	1373	n
4846194	2411	1373	n
4856600	2412	1371	n
4857081	2412	1371	n
4857332	2411	1372	n
4857593	2411	1371	n
4857870	2413	1373	n
4858121	2412	1373	n
4858372	2413	1372	n
4868748	2413	1373	n
4869261	2413	1374	n
4869517	2413	1371	n
4869773	2413	1372	n
4870032	2411	1373	n
4870307	2413	1374	n
4880698	2413	1374	n
4881182	2412	1374	n
4881441	2412	1374	n
4881723	2414	1375	n
4881973	2414	1375	n
4882225	2413	1374	n
4882489	2414	1374	n
4892913	2413	1373	n
4893391	2413	1373	n
4893650	2412	1371	n
4893909	2413	1373	n
4894183	2413	1373	n
4894434	2414	1372	n
4894693	2410	1372	n
4905107	2411	1373	n
4905628	2411	1372	n
4905878	2413	1375	n
4906129	2409	1371	n
4906389	2414	1371	n
4906672	2411	1374	n
4906923	2412	1374	n
4917303	2414	1373	n
4917789	2413	1373	n
4918071	2413	1374	n
4918321	2413	1375	n
4918575	2411	1373	n
4918830	2415	1373	n
4929223	2411	1374	Time:00:00:00:00;;
4929739	2411	1374	n
4929990	2412	1371	n
4930241	2411	1373	n
4930496	2413	1374	n
4930751	2414	1372	n
4941159	2413	1373	n
4941410	2415	1373	n
4941666	2413	1373	n
4941917	2411	1374	n
4942168	2413	1373	n
4942419	2415	1375	n
4952803	2416	1371	n
4953054	2415	1375	n
4953305	2413	1375	n
4953558	2414	1373	n
4953813	2415	1374	n
4954064	2412	1373	n
4954315	2414	1374	n
4964710	2413	1375	n
4964961	2415	1375	n
4965212	2415	1375	n
4965463	2416	1375	n
4965719	2415	1373	n
4965970	2414	1376	n
4976350	2411	1373	n
4976607	2412	1373	n
4976862	2413	1373	n
4977113	2414	1374	n
4977364	2411	1373	n
4977623	2413	1374	n
4977874	2411	1373	n
4988252	2412	1373	n
4988506	2414	1373	n
4988761	2414	1374	n
4989012	2413	1375	n
4989263	2411	1373	n
4989517	2411	1372	n
4999896	2413	1373	n
5000147	2413	1374	n
5000398	2411	1373	n
5000659	2414	1374	n
5000909	2414	1374	n
5001160	2415	1374	n
5001411	2413	1371	n
5011798	2413	1374	n
5012049	2413	1374	n
5012300	2413	1373	n
5012554	2414	1373	n
5012809	2413	1373	n
5013060	2414	1374	n
5023442	2413	1374	n
5023700	2411	1374	n
5023951	2413	1375	n
5024202	2412	1374	n
5024452	2413	1371	n
5024707	2411	1373	n
5024958	2412	1372	n
5035344	2410	1371	n
5035599	2412	1372	n
5035855	2411	1373	n
5036105	2415	1371	n
5036356	2414	1374	n
5036609	2412	1372	n
5046988	2414	1375	n
5047239	2413	1371	n
5047496	2413	1374	n
5047751	2414	1374	n
5048002	2413	1374	n
5048253	2413	1373	n
5048506	2413	1372	n
5058891	2414	1374	n
5059142	2414	1373	n
5059393	2413	1374	n
5059654	2414	1374	n
5059905	2413	1374	n
5060156	2412	1371	n
5070535	2411	1373	n
5070791	2413	1372	n
5071042	2413	1373	n
5071293	2411	1374	n
5071548	2414	1373	n
5071803	2414	1373	n
5072054	2413	1373	n
5082437	2411	1371	n
5082694	2411	1372	n
5082945	2413	1371	n
5083196	2413	1372	n
5083447	2409	1371	n
5083703	2411	1374	n
5094081	2413	1372	n
5094332	2411	1373	n
5094589	2412	1374	n
5094844	2413	1373	n
5095095	2414	1373	n
5095346	2414	1374	n
5095602	2414	1375	n
5105983	2412	1373	n
5106234	2415	1373	n
5106489	2409	1371	n
5106744	2411	1374	n
5106995	2411	1372	n
5107246	2410	1374	n
5117632	2411	1373	n
5117883	2411	1372	n
5118134	2411	1374	n
5118385	2413	1375	n
5118646	2413	1373	n
5118897	2413	1373	n
5119148	2414	1374	n
5129534	2415	1371	n
5129790	2410	1373	n
5130041	2412	1374	n
5130292	2414	1373	n
5130549	2411	1371	n
5130804	2413	1374	n
5141173	2411	1374	n
5141424	2413	1375	n
5141679	2413	1374	n
5141930	2414	1374	n
5142181	2413	1375	n
5142432	2413	1372	n
5142693	2413	1374	n
5153076	2408	1372	n
5153327	2411	1374	n
5153582	2411	1373	n
5153837	2413	1371	n
5154088	2413	1374	n
5154339	2411	1371	n
5164720	2411	1371	n
5164971	2413	1373	n
5165222	2413	1374	n
5165473	2413	1373	n
5165729	2411	1373	n
5165980	2413	1371	n
5166231	2413	1373	n
5176627	2413	1373	n
5176877	2411	1373	n
5177128	2412	1374	n
5177379	2413	1373	n
5177636	2411	1371	n
5177887	2413	1373	n
5188266	2414	1373	n
5188523	2413	1373	n
5188778	2413	1374	n
5189029	2412	1373	n
5189280	2415	1374	n
5189538	2413	1373	n
5189792	2411	1371	n
5200168	2411	1373	n
5200419	2414	1374	n
5200674	2412	1371	n
5200925	2411	1372	n
5201176	2413	1375	n
5201427	2411	1374	n
5211812	2413	1375	n
5212063	2413	1373	n
5212314	2411	1373	n
5212568	2411	1373	n
5212823	2412	1373	n
5213074	2411	1373	n
5213325	2411	1372	n
5223719	2415	1373	n
5223969	2412	1375	n
5224220	2412	1373	n
5224471	2411	1374	n
5224727	2412	1371	n
5224978	2413	1374	n
5235358	2414	1374	n
5235612	2414	1372	n
5235867	2413	1375	n
5236118	2413	1374	n
5236369	2415	1374	n
5236628	2414	1374	n
5236879	2413	1375	n
5247261	2413	1373	n
5247517	2413	1373	n
5247773	2411	1373	n
5248023	2413	1374	n
5248274	2413	1373	n
5248531	2414	1374	n
5258905	2413	1373	n
5259156	2410	1373	n
5259407	2414	1373	n
5259663	2413	1372	n
5259914	2411	1373	n
5260165	2411	1372	n
5260416	2411	1374	n
5270807	2413	1373	n
5271058	2413	1372	n
5271309	2413	1374	n
5271565	2411	1371	n
5271820	2412	1372	n
5272071	2414	1371	n
5282451	2409	1373	n
5282707	2411	1374	n
5282957	2413	1369	n
5283208	2411	1373	n
5283459	2413	1373	n
5283715	2411	1374	n
5283966	2410	1371	n
5294353	2411	1374	n
5294609	2410	1373	n
5294865	2411	1371	n
5295116	2411	1373	n
5295366	2411	1372	n
5295628	2409	1373	n
5305997	2413	1374	n
5306248	2410	1371	n
5306503	2412	1373	n
5306758	2412	1372	n
5307009	2410	1373	n
5307260	2413	1372	n
5307517	2412	1373	n
5317899	2412	1374	n
5318150	2413	1374	n
5318401	2415	1372	n
5318659	2414	1375	n
5318910	2413	1375	n
5319161	2413	1374	n
5329543	2410	1372	n
5329798	2411	1373	n
5330049	2411	1371	n
5330300	2412	1373	n
5330554	2413	1373	n
5330809	2411	1374	n
5331060	2411	1374	n
5341446	2413	1374	n
5341702	2414	1374	n
5341953	2414	1375	n
5342204	2413	1373	n
5342455	2411	1373	n
5342710	2411	1373	n
5353090	2413	1373	n
5353341	2413	1375	n
5353595	2414	1373	n
5353850	2412	1373	n
5354101	2411	1374	n
5354351	2413	1372	n
5354606	2413	1375	n
5364992	2414	1375	n
5365243	2412	1374	n
5365500	2413	1374	n
5365755	2413	1374	n
5366006	2413	1374	n
5366257	2412	1374	n
5376641	2412	1373	n
5376892	2411	1373	n
5377142	2411	1374	n
5377393	2412	1373	n
5377655	2410	1372	n
5377906	2411	1373	n
5378157	2411	1373	n
5388540	2413	1371	n
5388795	2412	1372	n
5389046	2412	1373	n
5389297	2411	1373	n
5389551	2410	1372	n
5389806	2411	1373	n
5400182	2412	1371	n
5400433	2413	1372	n
5400693	2413	1374	n
5400944	2412	1374	n
5401195	2411	1372	n
5401446	2411	1372	n
5401702	2414	1373	n
5412084	2413	1374	n
5412335	2413	1374	n
5412592	2412	1373	n
5412847	2413	1373	n
5413098	2411	1373	n
5413349	2411	1374	n
5423728	2413	1373	n
5423979	2413	1373	n
5424230	2412	1372	n
5424483	2411	1373	n
5424739	2413	1371	n
5424990	2413	1373	n
5425241	2412	1373	n
5435636	2413	1374	n
5435887	2413	1374	n
5436138	2413	1371	n
5436389	2409	1371	n
5436646	2411	1371	n
5436897	2412	1373	n
5447275	2413	1371	n
5447531	2411	1371	n
5447786	2413	1371	n
5448037	2413	1373	n
5448288	2414	1373	n
5448541	2413	1374	n
5448796	2412	1371	n
5459177	2413	1373	n
5459428	2411	1373	n
5459684	2414	1373	n
5459935	2415	1371	n
5460186	2411	1373	n
5460437	2412	1373	n
5470821	2410	1373	n
5471072	2411	1374	n
5471323	2412	1375	n
5471576	2412	1375	n
5471832	2413	1373	n
5472083	2412	1374	n
5472334	2413	1374	n
5482727	2413	1374	n
5482978	2411	1373	n
5483229	2413	1375	n
5483481	2412	1373	n
5483737	2412	1373	n
5483988	2413	1374	n
5494367	2415	1374	n
5494627	2414	1373	n
5494878	2413	1374	n
5495129	2413	1373	n
5495380	2413	1374	n
5495641	2413	1374	n
5495892	2413	1373	n
5506269	2414	1373	n
5506523	2413	1372	n
5506777	2412	1375	n
5507027	2413	1373	n
5507278	2413	1373	n
5507534	2413	1374	n
5517913	2411	1373	n
5518164	2414	1374	n
5518415	2415	1373	n
5518670	2413	1375	n
5518921	2413	1374	n
5519172	2414	1373	n
5519423	2413	1375	n
5529816	2413	1375	n
5530067	2415	1374	n
5530318	2413	1374	n
5530575	2413	1373	n
5530829	2414	1374	n
5531080	2412	1374	n
5541460	2415	1375	n
5541715	2413	1373	n
5541966	2413	1374	n
5542217	2411	1374	n
5542468	2416	1374	n
5542724	2413	1375	n
5542975	2414	1374	n
5553362	2411	1375	n
5553617	2412	1373	n
5553872	2413	1373	n
5554123	2413	1372	n
5554374	2413	1371	n
5554631	2412	1373	n
5565006	2412	1373	n
5565257	2413	1374	n
5565514	2411	1373	n
5565769	2412	1373	n
5566020	2413	1374	n
5566271	2414	1374	n
5566524	2415	1373	n
5576908	2413	1373	n
5577159	2414	1374	n
5577410	2414	1375	n
5577665	2413	1374	n
5577916	2414	1373	n
5578167	2413	1372	n
5588552	2414	1374	n
5588807	2415	1375	n
5589058	2413	1375	n
5589309	2413	1374	n
5589565	2415	1374	n
5589820	2413	1373	n
5590071	2411	1373	n
5600454	2411	1373	n
5600709	2414	1373	n
5600960	2415	1374	n
5601211	2413	1372	n
5601462	2414	1373	n
5601717	2413	1374	n
5612098	2413	1375	n
5612349	2413	1374	n
5612606	2413	1373	n
5612861	2411	1373	n
5613112	2413	1374	n
5613363	2413	1375	n
5613623	2411	1374	n
5624001	2413	1374	n
5624252	2412	1375	n
5624506	2414	1373	n
5624761	2413	1375	n
5625012	2411	1375	n
5625263	2413	1374	n
5635650	2413	1371	n
5635901	2413	1373	n
5636152	2414	1374	n
5636402	2413	1372	n
5636660	2413	1370	n
5636911	2416	1372	n
5637162	2413	1370	n
5647550	2411	1373	n
5647805	2414	1373	n
5648056	2414	1373	n
5648307	2414	1373	n
5648560	2413	1374	n
5648815	2413	1373	n
5659191	2413	1373	n
5659442	2411	1371	n
5659700	2413	1374	n
5659951	2413	1374	n
5660202	2413	1373	n
5660453	2414	1373	n
5660708	2413	1373	n
5671093	2414	1375	n
5671344	2414	1375	n
5671599	2413	1374	n
5671854	2414	1373	n
5672105	2413	1371	n
5672356	2414	1374	n
5682737	2412	1371	n
5682988	2411	1373	n
5683239	2411	1372	n
5683496	2413	1373	n
5683751	2413	1373	n
5684002	2413	1375	n
5684253	2410	1371	n
5694644	2414	1374	n
5695052	2412	1373	n
5695312	2413	1375	n
5695589	2413	1373	n
5695844	2412	1373	n
5696095	2411	1373	n
5696354	2410	1373	n
5706762	2413	1373	n
5707239	2412	1375	n
5707496	2414	1375	n
5707761	2415	1374	n
5708034	2411	1373	n
5708285	2414	1373	n
5718672	2414	1375	Time:00:00:00:00;;
5719371	2414	1375	n
5719655	2414	1374	n
5719905	2414	1373	n
5720156	2414	1374	n
5720439	2412	1374	n
5730830	2412	1371	n
5731306	2413	1374	n
5731559	2413	1375	n
5731843	2413	1373	n
5732094	2414	1374	n
5732345	2414	1374	n
5732600	2413	1374	n
5743026	2413	1374	n
5743517	2412	1374	n
5743772	2412	1373	n
5744023	2414	1374	n
5744282	2411	1374	n
5744558	2413	1373	n
5744813	2414	1373	n
5755222	2412	1375	n
5755715	2413	1374	n
5755989	2412	1373	n
5756240	2413	1375	n
5756496	2414	1375	n
5756760	2413	1375	n
5767142	2415	1374	n
5767627	2414	1375	n
5767878	2413	1374	n
5768138	2413	1373	Time:00:00:00:00;;
5768635	2414	1374	n
5768885	2412	1373	n
5779303	2413	1374	n
5779817	2410	1370	n
5780068	2412	1371	n
5780319	2412	1375	n
5780584	2413	1373	n
5780862	2413	1373	n
5781113	2413	1374	n
5791520	2413	1373	n
5792009	2410	1371	n
5792282	2410	1373	n
5792537	2413	1373	n
5792792	2412	1373	n
5793051	2411	1373	n
5793325	2413	1374	n
5803698	2413	1374	n
5804173	2415	1375	n
5804424	2413	1376	n
5804710	2413	1374	n
5804961	2413	1374	n
5805212	2411	1374	n
5815614	2413	1373	n
5816111	2413	1371	n
5816385	2414	1375	n
5816641	2413	1373	n
5816892	2411	1373	n
5817151	2412	1374	n
5817424	2413	1375	n
5827809	2414	1371	n
5828286	2414	1373	n
5828551	2413	1375	n
5828828	2413	1374	n
5829079	2414	1374	n
5829330	2413	1374	n
5829592	2414	1375	n
5840015	2415	1374	n
5840496	2412	1374	n
5840751	2413	1374	n
5841011	2414	1374	n
5841284	2412	1374	n
5841540	2414	1374	n
5851925	2412	1373	n
5852408	2413	1372	n
5852688	2413	1372	n
5852939	2412	1374	n
5853190	2413	1373	n
5853449	2411	1374	n
5853727	2414	1373	n
5864121	2412	1373	n
5864609	2413	1374	n
5864864	2412	1373	n
5865146	2411	1374	n
5865397	2412	1373	n
5865655	2413	1372	n
5865906	2413	1372	n
5876317	2413	1372	n
5876811	2413	1373	n
5877062	2413	1373	n
5877312	2415	1371	n
5877600	2411	1373	n
5877855	2413	1373	n
5888237	2415	1374	n
5888725	2414	1375	n
5888985	2414	1375	n
5889260	2414	1375	n
5889517	2414	1374	n
5889772	2414	1373	n
5890054	2414	1375	n
5900432	2413	1373	n
5900925	2411	1373	n
5901176	2412	1374	n
5901436	2411	1371	n
5901715	2411	1371	n
5901966	2414	1373	n
5902217	2409	1374	n
5912634	2414	1371	n
5913143	2413	1374	n
5913393	2411	1372	n
5913654	2413	1372	n
5913913	2413	1373	n
5914187	2413	1372	n
5924600	2414	1373	Time:00:00:00:00;;
5925227	2414	1374	n
5925478	2413	1373	n
5925736	2415	1374	n
5925987	2414	1376	n
5926238	2415	1374	n
5936627	2414	1375	n
5936878	2414	1375	n
5937129	2413	1373	n
5937380	2415	1375	n
5937636	2415	1373	n
5937887	2413	1373	n
5938138	2414	1374	n
5948509	2413	1373	n
5948765	2414	1374	n
5949016	2412	1374	n
5949267	2411	1375	n
5949523	2413	1375	n
5949779	2412	1374	n
5960169	2413	1373	n
5960420	2413	1374	n
5960675	2412	1373	n
5960926	2413	1373	n
5961177	2413	1374	n
5961428	2412	1373	n
5961684	2413	1373	n
5972054	2413	1374	n
5972305	2413	1373	n
5972558	2414	1374	n
5972813	2411	1374	n
5973064	2411	1373	n
5973315	2413	1373	n
5983717	2412	1375	n
5983968	2413	1373	n
5984218	2414	1373	n
5984470	2414	1373	n
5984725	2411	1373	n
5984976	2415	1375	n
5985227	2413	1373	n
5995606	2413	1374	n
5995861	2412	1374	n
5996112	2413	1373	n
5996363	2413	1374	n
5996623	2413	1374	n
5996874	2411	1374	n
6007262	2412	1373	n
6007516	2413	1373	n
6007771	2414	1373	n
6008022	2413	1373	n
6008273	2413	1373	n
6008526	2414	1374	n
6008781	2413	1373	n
6019147	2414	1374	n
6019398	2413	1373	n
6019655	2413	1373	n
6019906	2414	1374	n
6020157	2414	1374	n
6020408	2414	1373	n
6030808	2414	1374	n
6031059	2413	1373	n
6031309	2413	1375	n
6031565	2415	1375	n
6031820	2413	1374	n
6032071	2412	1373	n
6032322	2411	1374	n
6042697	2413	1373	n
6042948	2414	1374	n
6043199	2411	1373	n
6043450	2413	1374	n
6043705	2414	1374	n
6043956	2414	1373	n
6054354	2414	1374	n
6054609	2413	1373	n
6054864	2413	1375	n
6055115	2414	1373	n
6055366	2411	1373	n
6055623	2412	1373	n
6055874	2414	1374	n
6066239	2415	1375	n
6066493	2413	1374	n
6066749	2414	1373	n
6067000	2415	1373	n
6067250	2413	1374	n
6067506	2415	1373	n
6077900	2413	1371	n
6078151	2412	1373	n
6078401	2411	1373	n
6078659	2415	1375	n
6078910	2412	1374	n
6079160	2413	1375	n
6079411	2409	1373	n
6089786	2413	1374	n
6090037	2414	1375	n
6090287	2413	1374	n
6090540	2412	1374	n
6090795	2413	1374	n
6091046	2413	1373	n
6101447	2413	1374	n
6101702	2413	1374	n
6101953	2413	1373	n
6102204	2414	1374	n
6102455	2413	1375	n
6102710	2416	1375	n
6102961	2414	1375	n
6113332	2413	1374	n
6113589	2414	1374	n
6113844	2414	1374	n
6114095	2413	1374	n
6114346	2414	1373	n
6114602	2413	1374	n
6124993	2411	1374	n
6125244	2411	1371	n
6125500	2411	1374	n
6125756	2412	1373	n
6126006	2412	1371	n
6126257	2413	1374	n
6126514	2413	1372	n
6136878	2413	1375	n
6137129	2413	1374	n
6137380	2415	1373	n
6137636	2413	1373	n
6137887	2414	1374	n
6138138	2415	1375	n
6148541	2413	1371	n
6148796	2414	1373	n
6149047	2415	1375	n
6149297	2413	1371	n
6149554	2414	1373	n
6149809	2413	1374	n
6150060	2413	1373	n
6160424	2413	1375	n
6160679	2414	1375	n
6160930	2415	1374	n
6161181	2415	1374	n
6161432	2413	1373	n
6161688	2413	1374	n
6172085	2413	1373	n
6172336	2411	1373	n
6172592	2413	1373	n
6172847	2413	1373	n
6173098	2413	1373	n
6173349	2411	1371	n
6173603	2412	1374	n
6183971	2411	1373	n
6184222	2411	1374	n
6184473	2413	1374	n
6184729	2414	1374	n
6184980	2414	1374	n
6185231	2413	1374	n
6195636	2413	1375	n
6195887	2414	1374	n
6196138	2413	1375	n
6196389	2413	1374	n
6196650	2413	1373	n
6196901	2414	1373	n
6197152	2413	1374	n
6207520	2413	1375	n
6207775	2413	1375	n
6208026	2414	1374	n
6208277	2413	1374	n
6208534	2413	1373	n
6208789	2415	1373	n
6219178	2413	1374	n
6219429	2412	1371	n
6219684	2411	1374	n
6219935	2411	1371	n
6220186	2411	1372	n
6220437	2413	1371	n
6220694	2412	1373	n
6231063	2411	1374	n
6231314	2413	1373	n
6231568	2412	1373	n
6231823	2412	1375	n
6232074	2411	1374	n
6232325	2413	1373	n
6242724	2415	1374	n
6242975	2415	1375	n
6243226	2413	1375	n
6243477	2413	1373	n
6243736	2414	1375	n
6243987	2415	1373	n
6244238	2416	1373	n
6254611	2411	1371	n
6254866	2413	1374	n
6255117	2413	1371	n
6255368	2415	1374	n
6255627	2411	1374	n
6255878	2413	1373	n
6266270	2414	1373	n
6266523	2415	1374	n
6266777	2415	1373	n
6267027	2413	1375	n
6267278	2413	1374	n
6267534	2412	1375	n
6267790	2413	1373	n
6278156	2414	1373	n
6278407	2413	1372	n
6278662	2411	1373	n
6278913	2413	1373	n
6279164	2413	1374	n
6279415	2413	1373	n
6289817	2413	1375	n
6290068	2413	1373	n
6290318	2411	1375	n
6290575	2411	1373	n
6290830	2414	1374	n
6291081	2414	1372	n
6291332	2414	1374	n
6301706	2414	1373	n
6301957	2413	1373	n
6302208	2415	1373	n
6302459	2416	1373	n
6302714	2414	1373	n
6302965	2414	1375	n
6313363	2413	1374	n
6313617	2413	1373	n
6313872	2411	1372	n
6314123	2411	1373	n
6314374	2411	1375	n
6314631	2413	1374	n
6314882	2411	1374	n
6325248	2413	1373	n
6325503	2413	1373	n
6325758	2414	1372	n
6326009	2413	1374	n
6326260	2413	1374	n
6326517	2413	1373	n
6336909	2413	1373	n
6337160	2413	1374	n
6337411	2414	1374	n
6337666	2414	1375	n
6337917	2413	1374	n
6338168	2414	1375	n
6338419	2414	1375	n
6348794	2411	1373	n
6349045	2414	1373	n
6349295	2411	1373	n
6349550	2414	1374	n
6349805	2411	1374	n
6350056	2411	1373	n
6360455	2412	1373	n
6360710	2411	1373	n
6360961	2411	1373	n
6361212	2413	1371	n
6361463	2415	1374	n
6361718	2413	1374	n
6361969	2411	1371	n
6372341	2415	1375	n
6372594	2414	1375	n
6372849	2414	1374	n
6373100	2415	1374	n
6373351	2413	1374	n
6373606	2414	1374	n
6384002	2412	1373	n
6384253	2414	1374	n
6384506	2414	1373	n
6384761	2414	1374	n
6385012	2415	1375	n
6385263	2415	1373	n
6385520	2414	1373	n
6395887	2414	1373	n
6396138	2412	1373	n
6396389	2413	1374	n
6396646	2414	1373	n
6396897	2414	1374	n
6397148	2413	1374	n
6407551	2414	1374	n
6407806	2413	1374	n
6408057	2412	1371	n
6408308	2411	1373	n
6408561	2413	1374	n
6408816	2411	1371	n
6409067	2411	1372	n
6419433	2414	1371	n
6419692	2413	1373	n
6419943	2415	1373	n
6420194	2411	1374	n
6420445	2413	1373	n
6420702	2414	1374	n
6431094	2413	1373	n
6431345	2411	1374	n
6431599	2414	1374	n
6431854	2412	1372	n
6432105	2410	1373	n
6432356	2412	1372	n
6432610	2411	1372	n
6442979	2413	1374	n
6443230	2413	1374	n
6443482	2413	1374	n
6443737	2413	1371	n
6443988	2414	1374	n
6444239	2414	1374	n
6454644	2411	1373	n
6454895	2413	1373	n
6455146	2413	1374	n
6455397	2412	1373	n
6455655	2411	1373	n
6455906	2413	1374	n
6456157	2413	1374	n
6466531	2413	1373	n
6466787	2412	1375	n
6467038	2413	1375	n
6467289	2413	1374	n
6467542	2413	1374	n
6467797	2415	1373	n
6478187	2411	1372	n
6478438	2414	1371	n
6478694	2413	1372	n
6478945	2414	1373	n
6479196	2412	1371	n
6479447	2411	1375	n
6479703	2411	1374	n
6490072	2413	1372	n
6490323	2411	1372	n
6490576	2412	1373	n
6490831	2414	1373	n
6491082	2413	1374	n
6491333	2411	1374	n
6501733	2415	1373	n
6501984	2413	1372	n
6502234	2414	1375	n
6502489	2414	1374	n
6502744	2414	1375	n
6502995	2413	1373	n
6503246	2414	1374	n
6513628	2415	1374	n
6513878	2415	1375	n
6514129	2411	1375	n
6514380	2414	1374	n
6514641	2413	1374	n
6514892	2413	1376	n
6525279	2413	1373	n
6525533	2411	1371	n
6525789	2412	1373	n
6526040	2412	1373	n
6526291	2414	1374	n
6526543	2413	1373	n
6526798	2414	1375	n
6537164	2411	1374	n
6537415	2413	1373	n
6537670	2411	1375	n
6537921	2413	1373	n
6538172	2414	1373	n
6538423	2414	1374	n
6548825	2415	1374	n
6549076	2414	1374	n
6549327	2415	1374	n
6549582	2413	1374	n
6549837	2413	1374	n
6550088	2413	1371	n
6550339	2414	1373	n
6560715	2415	1375	n
6560966	2414	1373	n
6561217	2414	1374	n
6561468	2416	1373	n
6561723	2414	1373	n
6561974	2412	1374	n
6572372	2413	1375	n
6572630	2413	1375	n
6572881	2413	1373	n
6573132	2413	1373	n
6573383	2413	1373	n
6573641	2414	1373	n
6573892	2411	1373	n
6584257	2413	1371	n
6584509	2413	1373	n
6584765	2414	1374	n
6585016	2413	1373	n
6585267	2413	1374	n
6585523	2413	1374	n
6595918	2413	1373	n
6596169	2413	1374	n
6596420	2415	1376	n
6596675	2414	1375	n
6596926	2415	1375	n
6597177	2414	1375	n
6597428	2414	1374	n
6607803	2415	1374	n
6608054	2416	1373	n
6608305	2413	1374	n
6608558	2411	1375	n
6608813	2413	1373	n
6609063	2415	1375	n
6619464	2415	1373	n
6619719	2413	1373	n
6619970	2411	1371	n
6620220	2413	1373	n
6620471	2411	1373	n
6620727	2413	1373	n
6620978	2412	1373	n
6631349	2414	1373	n
6631602	2413	1374	n
6631857	2414	1375	n
6632108	2412	1374	n
6632359	2413	1374	n
6632612	2413	1373	n
6643010	2414	1373	n
6643261	2415	1374	n
6643517	2414	1374	n
6643772	2415	1374	n
6644023	2415	1374	n
6644274	2414	1375	n
6644526	2415	1374	n
6654896	2414	1375	n
6655147	2413	1373	n
6655397	2413	1372	n
6655655	2413	1374	n
6655906	2413	1374	n
6656157	2413	1373	n
6666559	2413	1374	n
6666814	2415	1374	n
6667065	2413	1373	n
6667316	2412	1373	n
6667573	2413	1375	n
6667828	2411	1373	n
6668079	2410	1372	n
6678442	2413	1374	n
6678699	2414	1374	n
6678950	2414	1373	n
6679201	2414	1373	n
6679452	2412	1375	n
6679707	2414	1374	n
6690103	2413	1374	n
6690421	2413	1375	n
6690676	2413	1375	n
6690927	2415	1373	n
6691209	2414	1373	n
6691460	2415	1374	n
6691715	2414	1373	n
6702074	2415	1373	n
6702565	2414	1375	n
6702843	2414	1374	n
6703094	2413	1373	n
6703345	2414	1373	n
6703609	2414	1373	n
6714028	2413	1375	Time:00:00:00:00;;
6714727	2414	1373	n
6714987	2413	1373	n
6715260	2414	1374	n
6715517	2414	1373	n
6715772	2411	1374	n
6726155	2414	1372	n
6726672	2414	1373	n
6726923	2411	1374	n
6727174	2410	1373	n
6727434	2413	1373	n
6727715	2411	1373	n
6727966	2414	1373	n
6738351	2413	1375	n
6738836	2414	1373	n
6739118	2414	1374	n
6739369	2413	1374	n
6739628	2412	1372	n
6739879	2412	1374	n
6740161	2414	1374	n
6750550	2415	1374	n
6751031	2414	1375	n
6751282	2411	1373	n
6751568	2414	1372	n
6751823	2413	1373	n
6752074	2413	1374	n
6762450	2412	1374	n
6762942	2413	1373	n
6763216	2413	1371	n
6763466	2415	1374	n
6763721	2412	1374	n
6763981	2413	1372	n
6764254	2414	1375	n
6774667	2414	1374	Time:00:00:00:00;;
6775367	2415	1375	n
6775650	2416	1374	n
6775901	2414	1376	n
6776152	2414	1374	n
6776412	2415	1374	n
6786832	2412	1375	n
6787309	2413	1373	n
6787565	2411	1374	n
6787829	2411	1374	n
6788103	2411	1373	n
6788354	2413	1373	n
6788609	2412	1375	n
6799019	2414	1375	n
6799531	2415	1374	n
6799786	2413	1374	n
6800037	2415	1374	n
6800296	2415	1374	n
6800575	2414	1373	n
6810939	2415	1373	n
6811415	2414	1374	n
6811671	2413	1375	n
6811953	2414	1374	n
6812204	2414	1375	n
6812455	2413	1374	n
6812710	2413	1375	n
6823134	2414	1374	n
6823631	2416	1374	n
6823882	2415	1374	n
6824133	2415	1375	n
6824392	2414	1375	n
6824672	2415	1373	n
6824923	2416	1374	n
6835331	2413	1374	n
6835824	2415	1375	n
6836098	2415	1374	n
6836349	2413	1373	n
6836603	2413	1374	n
6836866	2412	1374	n
6847303	2414	1374	n
6847785	2413	1374	n
6848036	2413	1373	n
6848296	2413	1374	n
6848575	2413	1375	n
6848830	2413	1374	n
6849081	2415	1375	n
6859521	2414	1374	n
6860033	2415	1374	n
6860284	2415	1374	n
6860540	2413	1374	n
6860804	2414	1373	n
6861078	2413	1374	n
6861329	2413	1373	n
6871732	2414	1374	n
6872224	2414	1374	n
6872504	2415	1374	n
6872758	2415	1374	n
6873009	2410	1372	n
6873269	2411	1373	n
6883682	2413	1375	n
6884165	2413	1375	n
6884416	2413	1374	n
6884678	2414	1373	n
6884951	2413	1374	n
6885202	2413	1374	n
6885453	2413	1375	n
6895895	2414	1375	n
6896405	2413	1370	n
6896661	2412	1374	n
6896912	2413	1375	n
6897171	2414	1374	n
6897445	2411	1373	n
6897701	2415	1373	n
6908091	2415	1375	n
6908584	2413	1375	n
6908862	2415	1374	n
6909112	2414	1375	n
6909363	2415	1375	n
6909633	2413	1375	n
6909906	2415	1373	n
6920287	2413	1374	Time:00:00:00:00;;
6920987	2413	1371	n
6921269	2414	1373	n
6921523	2414	1374	n
6921778	2414	1372	n
6932155	2415	1373	n
6932406	2413	1374	n
6932662	2413	1372	n
6932913	2412	1373	n
6933164	2412	1373	n
6933415	2413	1373	n
6933670	2411	1373	n
6944057	2413	1373	n
6944308	2414	1373	n
6944561	2415	1373	n
6944816	2414	1374	n
6945067	2413	1373	n
6945318	2415	1375	n
6955701	2414	1375	n
6955952	2413	1373	n
6956203	2411	1374	n
6956454	2413	1375	n
6956710	2413	1373	n
6956961	2414	1374	n
6957211	2414	1375	n
6967605	2413	1374	n
6967860	2415	1373	n
6968111	2413	1373	n
6968362	2413	1372	n
6968617	2415	1374	n
6968872	2412	1375	n
6979247	2413	1374	n
6979502	2414	1374	n
6979758	2414	1375	n
6980009	2413	1373	n
6980260	2413	1373	n
6980514	2414	1374	n
6980770	2414	1373	n
6991149	2414	1372	n
6991400	2414	1373	n
6991659	2415	1373	n
6991910	2414	1375	n
6992161	2412	1374	n
6992412	2414	1373	n
7002793	2415	1377	n
7003044	2415	1375	n
7003295	2415	1375	n
7003551	2414	1374	n
7003806	2414	1375	n
7004057	2413	1374	n
7004308	2415	1374	n
7014701	2414	1375	n
7014952	2412	1373	n
7015203	2413	1374	n
7015454	2413	1373	n
7015709	2413	1372	n
7015960	2415	1374	n
7026340	2413	1375	n
7026593	2414	1373	n
7026848	2415	1374	n
7027099	2413	1374	n
7027350	2413	1373	n
7027607	2413	1373	n
7027862	2414	1376	n
7038242	2413	1373	n
7038496	2412	1375	n
7038751	2413	1375	n
7039002	2415	1374	n
7039253	2414	1375	n
7039506	2413	1375	n
7049886	2414	1374	n
7050137	2415	1374	n
7050388	2413	1373	n
7050646	2414	1374	n
7050897	2414	1374	n
7051148	2411	1373	n
7051399	2415	1371	n
7061788	2413	1373	n
7062039	2413	1374	n
7062290	2413	1373	n
7062543	2415	1373	n
7062798	2414	1373	n
7063049	2415	1375	n
7073432	2413	1374	n
7073693	2414	1374	n
7073944	2415	1374	n
7074195	2414	1374	n
7074446	2411	1375	n
7074701	2413	1374	n
7074952	2413	1374	n
7085334	2415	1375	n
7085588	2414	1373	n
7085844	2414	1374	n
7086094	2414	1373	n
7086345	2413	1373	n
7086603	2414	1375	n
7096978	2415	1374	n
7097229	2413	1374	n
7097481	2413	1373	n
7097737	2413	1373	n
7097988	2413	1374	n
7098239	2414	1374	n
7098496	2413	1374	n
7108881	2414	1373	n
7109132	2414	1375	n
7109383	2412	1373	n
7109641	2414	1374	n
7109892	2414	1375	n
7110142	2413	1373	n
7120525	2413	1374	n
7120781	2414	1374	n
7121032	2414	1375	n
7121282	2414	1374	n
7121537	2414	1374	n
7121792	2414	1375	n
7122043	2414	1374	n
7132427	2414	1375	n
7132683	2414	1375	n
7132934	2414	1373	n
7133185	2413	1375	n
7133435	2415	1373	n
7133692	2413	1374	n
7144071	2413	1373	n
7144322	2412	1373	n
7144575	2414	1374	n
7144831	2415	1373	n
7145082	2413	1373	n
7145333	2415	1373	n
7145589	2414	1373	n
7155973	2414	1373	n
7156224	2414	1374	n
7156475	2413	1373	n
7156731	2414	1373	n
7156982	2414	1373	n
7157233	2414	1375	n
7167617	2414	1373	n
7167873	2415	1375	n
7168124	2415	1375	n
7168374	2413	1375	n
7168631	2416	1375	n
7168882	2415	1376	n
7169134	2414	1375	n
7179523	2413	1373	n
7179777	2415	1374	n
7180028	2415	1375	n
7180279	2412	1375	n
7180534	2414	1375	n
7180788	2414	1374	n
7191163	2413	1375	n
7191414	2413	1374	n
7191670	2413	1375	n
7191921	2413	1374	n
7192172	2413	1374	n
7192423	2414	1375	n
7192678	2414	1373	n
7203066	2413	1373	n
7203317	2414	1373	n
7203571	2415	1374	n
7203827	2414	1373	n
7204078	2414	1374	n
7204329	2413	1373	n
7214710	2413	1374	n
7214961	2415	1374	n
7215212	2415	1374	n
7215463	2416	1375	n
7215719	2416	1373	n
7215970	2415	1374	n
7216221	2415	1374	n
7226612	2411	1374	n
7226867	2410	1373	n
7227118	2415	1373	n
7227369	2413	1375	n
7227628	2413	1373	n
7227879	2413	1373	n
7238256	2414	1375	n
7238509	2414	1375	n
7238765	2414	1375	n
7239016	2415	1374	n
7239266	2413	1375	n
7239523	2414	1373	n
7239779	2414	1374	n
7250158	2414	1375	n
7250409	2413	1374	n
7250665	2413	1374	n
7250915	2415	1374	n
7251166	2415	1374	n
7251417	2415	1376	n
7261802	2415	1377	n
7262053	2415	1375	n
7262304	2414	1373	n
7262557	2416	1373	n
7262812	2414	1374	n
7263063	2415	1374	n
7263314	2415	1376	n
7273708	2413	1374	n
7273959	2413	1374	n
7274210	2411	1374	n
7274461	2415	1374	n
7274717	2414	1373	n
7274968	2412	1374	n
7285348	2414	1373	n
7285602	2414	1375	n
7285857	2415	1374	n
7286108	2415	1375	n
7286359	2414	1373	n
7286612	2414	1373	n
7286867	2414	1374	n
7297251	2415	1376	n
7297506	2414	1375	n
7297761	2414	1374	n
7298012	2416	1374	n
7298263	2415	1375	n
7298517	2415	1375	n
7308895	2415	1376	n
7309146	2413	1373	n
7309397	2414	1373	n
7309655	2415	1375	n
7309906	2415	1373	n
7310157	2413	1376	n
7310408	2413	1373	n
7320797	2413	1375	n
7321048	2415	1375	n
7321299	2414	1374	n
7321554	2413	1376	n
7321809	2416	1375	n
7322060	2414	1374	n
7332441	2413	1375	n
7332699	2414	1374	n
7332950	2414	1373	n
7333201	2414	1374	n
7333452	2413	1375	n
7333707	2415	1375	n
7333958	2415	1374	n
7344343	2415	1376	n
7344600	2414	1375	n
7344855	2415	1375	n
7345106	2414	1375	n
7345357	2413	1373	n
7345610	2413	1375	n
7355987	2416	1372	n
7356238	2414	1376	n
7356493	2414	1376	n
7356748	2415	1374	n
7356999	2415	1375	n
7357250	2415	1374	n
7357506	2415	1375	n
7367889	2415	1373	n
7368140	2414	1375	n
7368391	2415	1373	n
7368650	2414	1373	n
7368901	2413	1374	n
7369152	2413	1375	n
7379533	2413	1374	n
7379788	2414	1375	n
7380039	2415	1375	n
7380290	2413	1373	n
7380543	2412	1374	n
7380798	2413	1374	n
7381049	2413	1374	n
7391436	2414	1373	n
7391693	2413	1374	n
7391944	2413	1374	n
7392195	2416	1375	n
7392446	2414	1374	n
7392702	2414	1373	n
7403080	2414	1371	n
7403331	2414	1374	n
7403585	2413	1374	n
7403841	2409	1376	n
7404091	2414	1375	n
7404342	2412	1373	n
7404595	2411	1373	n
7414982	2411	1373	n
7415233	2413	1373	n
7415489	2413	1374	n
7415744	2415	1374	n
7415995	2414	1371	n
7416246	2413	1374	n
7426631	2412	1375	n
7426882	2414	1374	n
7427133	2414	1374	n
7427384	2413	1374	n
7427641	2411	1374	n
7427892	2413	1373	n
7428143	2415	1375	n
7438533	2414	1375	n
7438788	2414	1374	n
7439039	2413	1373	n
7439290	2416	1373	n
7439543	2416	1375	n
7439798	2414	1372	n
7450172	2414	1373	n
7450423	2414	1375	n
7450679	2414	1374	n
7450930	2413	1373	n
7451181	2413	1374	n
7451432	2413	1375	n
7451693	2414	1373	n
7462074	2414	1371	n
7462325	2411	1374	n
7462578	2413	1373	n
7462833	2413	1375	n
7463084	2414	1373	n
7463335	2413	1374	n
7473718	2414	1373	n
7473969	2413	1375	n
7474220	2414	1373	n
7474471	2411	1373	n
7474727	2414	1374	n
7474978	2413	1373	n
7475229	2414	1374	n
7485625	2414	1374	n
7485876	2414	1374	n
7486127	2413	1374	n
7486378	2414	1374	n
7486635	2414	1375	n
7486886	2413	1373	n
7497265	2413	1373	n
7497520	2415	1375	n
7497775	2414	1374	n
7498026	2413	1374	n
7498277	2413	1373	n
7498534	2414	1373	n
7498789	2415	1374	n
7509167	2413	1373	n
7509418	2413	1375	n
7509673	2413	1374	n
7509924	2413	1375	n
7510175	2414	1373	n
7510426	2415	1373	n
7520811	2411	1373	n
7521062	2414	1374	n
7521313	2412	1373	n
7521568	2414	1373	n
7521823	2414	1373	n
7522073	2413	1374	n
7522324	2415	1374	n
7532718	2413	1374	n
7532969	2414	1374	n
7533220	2413	1374	n
7533470	2413	1374	n
7533726	2412	1370	n
7533977	2413	1371	n
7544357	2413	1373	n
7544610	2412	1373	n
7544865	2413	1374	n
7545117	2414	1373	n
7545367	2411	1372	n
7545627	2413	1372	n
7545878	2412	1374	n
7556259	2412	1374	n
7556514	2411	1374	n
7556769	2411	1373	n
7557020	2413	1374	n
7557271	2411	1374	n
7557524	2411	1373	n
7567903	2415	1373	n
7568154	2413	1373	n
7568405	2415	1374	n
7568661	2415	1375	n
7568912	2415	1375	n
7569163	2415	1374	n
7569414	2414	1373	n
7579806	2413	1373	n
7580057	2413	1373	n
7580308	2412	1373	n
7580561	2414	1373	n
7580816	2413	1373	n
7581067	2414	1375	n
7591450	2411	1375	n
7591706	2413	1374	n
7591957	2411	1375	n
7592208	2412	1375	n
7592459	2415	1374	n
7592714	2414	1373	n
7592965	2414	1372	n
7603352	2414	1373	n
7603606	2412	1375	n
7603861	2413	1375	n
7604112	2414	1375	n
7604363	2414	1373	n
7604623	2414	1373	n
7614996	2414	1371	n
7615247	2413	1373	n
7615503	2414	1374	n
7615758	2414	1371	n
7616009	2414	1374	n
7616260	2413	1373	n
7616517	2413	1373	n
7626898	2412	1375	n
7627149	2412	1374	n
7627400	2412	1372	n
7627659	2414	1373	n
7627910	2412	1374	n
7628161	2415	1373	n
7638542	2412	1373	n
7638797	2415	1373	n
7639048	2414	1373	n
7639299	2413	1375	n
7639554	2414	1373	n
7639809	2413	1375	n
7640060	2414	1374	n
7650444	2413	1374	n
7650701	2414	1376	n
7650951	2413	1373	n
7651202	2414	1375	n
7651453	2413	1374	n
7651709	2414	1373	n
7662088	2413	1374	n
7662340	2415	1374	n
7662592	2414	1374	n
7662848	2415	1375	n
7663098	2413	1374	n
7663349	2414	1374	n
7663606	2414	1374	n
7673991	2412	1373	n
7674242	2412	1373	n
7674496	2413	1374	n
7674751	2412	1373	n
7675002	2414	1374	n
7675253	2414	1374	n
7685640	2413	1374	n
7685891	2413	1373	n
7686142	2415	1373	n
7686393	2413	1373	n
7686650	2411	1374	n
7686901	2413	1373	n
7687152	2413	1372	n
7697540	2414	1374	n
7697997	2413	1373	n
7698257	2414	1375	n
7698534	2414	1373	n
7698789	2414	1373	n
7699040	2414	1375	n
7699299	2413	1372	n
7709746	2413	1372	n
7710222	2413	1374	n
7710473	2413	1374	n
7710738	2413	1373	n
7711012	2414	1374	n
7711263	2413	1374	n
7721657	2413	1373	Time:00:00:00:00;;
7722356	2415	1373	n
7722635	2413	1373	n
7722886	2412	1373	n
7723137	2412	1373	n
7723419	2413	1374	n
7733814	2413	1373	n
7734290	2414	1373	n
7734543	2412	1373	n
7734807	2412	1375	n
7735081	2413	1375	n
7735332	2415	1376	n
7735589	2414	1373	n
7746009	2412	1375	n
7746500	2413	1375	n
7746755	2414	1374	n
7747006	2414	1376	n
7747266	2415	1373	n
7747542	2414	1373	n
7747797	2413	1374	n
7758206	2410	1373	n
7758701	2411	1373	n
7758974	2413	1375	n
7759225	2413	1375	n
7759476	2413	1373	n
7759744	2412	1374	n
7770129	2413	1375	Time:00:00:00:00;;
7770831	2413	1373	n
7771090	2415	1374	n
7771364	2414	1373	n
7771623	2413	1373	n
7771874	2414	1375	n
7782287	2415	1375	n
7782802	2413	1374	n
7783053	2416	1375	n
7783304	2413	1373	n
7783557	2413	1374	n
7783843	2414	1374	n
7784094	2413	1372	n
7794503	2415	1374	n
7794984	2413	1374	n
7795266	2414	1371	n
7795520	2413	1372	n
7795776	2413	1373	n
7796027	2414	1373	n
7796308	2415	1374	n
7806682	2414	1373	n
7807160	2414	1373	n
7807411	2411	1373	n
7807675	2412	1373	n
7807948	2414	1373	n
7808199	2412	1372	n
7818598	2413	1374	n
7819093	2413	1373	n
7819366	2413	1373	n
7819623	2413	1374	n
7819874	2414	1373	n
7820134	2413	1373	n
7820407	2413	1373	n
7830793	2414	1373	n
7831270	2413	1375	n
7831533	2414	1372	n
7831811	2414	1375	n
7832062	2413	1375	n
7832313	2414	1373	n
7832577	2412	1373	n
7842998	2413	1373	n
7843474	2411	1373	n
7843730	2413	1371	n
7843990	2413	1373	n
7844263	2414	1375	n
7844520	2415	1374	n
7854909	2411	1373	n
7855386	2413	1375	n
7855676	2413	1373	n
7855927	2414	1372	n
7856178	2413	1373	n
7856429	2412	1375	n
7856721	2413	1373	n
7867104	2413	1374	n
7867592	2413	1373	n
7867847	2414	1374	n
7868129	2414	1374	n
7868380	2413	1372	n
7868641	2412	1373	n
7868892	2413	1375	n
7879301	2412	1374	n
7879797	2415	1374	n
7880048	2414	1373	n
7880299	2413	1374	n
7880585	2414	1373	n
7880840	2413	1375	n
7891220	2413	1373	n
7891708	2414	1374	n
7891967	2412	1373	n
7892241	2411	1371	n
7892496	2412	1374	n
7892751	2413	1374	n
7893011	2413	1373	n
7903421	2415	1377	n
7903908	2414	1373	n
7904159	2414	1374	n
7904419	2413	1375	n
7904697	2414	1375	n
7904948	2414	1373	n
7905199	2413	1375	n
7915618	2415	1374	n
7916130	2415	1373	n
7916381	2413	1375	n
7916641	2413	1375	n
7916900	2414	1373	n
7917174	2415	1375	n
7927584	2414	1374	Time:00:00:00:00;;
7928166	2414	1372	n
7928417	2415	1375	n
7928672	2413	1373	n
7928923	2415	1373	n
7929174	2415	1375	n
7939607	2413	1375	n
7939862	2413	1374	n
7940113	2414	1374	n
7940364	2414	1375	n
7940623	2414	1374	n
7940874	2414	1374	n
7941125	2413	1373	n
7951496	2414	1374	n
7951752	2413	1375	n
7952003	2411	1373	n
7952253	2413	1371	n
7952506	2411	1373	n
7952762	2414	1373	n
7963153	2413	1375	n
7963403	2414	1371	n
7963660	2413	1373	n
7963911	2415	1373	n
7964162	2415	1373	n
7964413	2415	1374	n
7964668	2414	1375	n
7975038	2414	1373	n
7975289	2415	1373	n
7975542	2413	1373	n
7975797	2415	1374	n
7976048	2413	1372	n
7976299	2413	1373	n
7986702	2411	1375	n
7986953	2413	1373	n
7987204	2412	1373	n
7987455	2413	1374	n
7987710	2414	1371	n
7987961	2415	1374	n
7988212	2414	1374	n
7998589	2413	1373	n
7998844	2414	1373	n
7999095	2413	1374	n
7999346	2414	1374	n
7999602	2413	1374	n
7999858	2413	1373	n
8010245	2416	1375	n
8010499	2413	1375	n
8010755	2414	1375	n
8011006	2415	1375	n
8011257	2415	1375	n
8011509	2415	1374	n
8011765	2415	1375	n
8022131	2413	1375	n
8022382	2415	1373	n
8022640	2413	1374	n
8022891	2413	1373	n
8023142	2411	1374	n
8023393	2413	1375	n
8033792	2413	1374	n
8034043	2413	1373	n
8034293	2415	1373	n
8034548	2414	1374	n
8034803	2416	1374	n
8035054	2414	1375	n
8035305	2414	1373	n
8045681	2413	1375	n
8045932	2414	1374	n
8046183	2413	1373	n
8046434	2414	1373	n
8046693	2414	1373	n
8046943	2413	1374	n
8057338	2415	1374	n
8057591	2413	1374	n
8057846	2414	1375	n
8058097	2413	1375	n
8058348	2415	1374	n
8058602	2412	1375	n
8058857	2414	1373	n
8069223	2415	1374	n
8069474	2413	1375	n
8069730	2415	1375	n
8069981	2415	1375	n
8070232	2415	1374	n
8070489	2414	1374	n
8080884	2414	1374	n
8081135	2413	1374	n
8081385	2413	1373	n
8081646	2415	1373	n
8081897	2413	1373	n
8082148	2414	1374	n
8082398	2414	1372	n
8092772	2414	1373	n
8093023	2414	1375	n
8093274	2415	1374	n
8093531	2413	1375	n
8093787	2415	1374	n
8094038	2414	1375	n
8104430	2415	1373	n
8104686	2415	1373	n
8104937	2414	1375	n
8105188	2413	1374	n
8105438	2415	1373	n
8105695	2416	1374	n
8105946	2413	1374	n
8116316	2415	1373	n
8116573	2414	1375	n
8116828	2414	1375	n
8117079	2414	1373	n
8117330	2414	1374	n
8117586	2411	1373	n
8127977	2414	1374	n
8128228	2413	1374	n
8128479	2413	1374	n
8128735	2413	1373	n
8128986	2414	1373	n
8129237	2414	1373	n
8129493	2414	1374	n
8139862	2415	1374	n
8140113	2415	1375	n
8140363	2415	1375	n
8140623	2416	1374	n
8140874	2414	1373	n
8141125	2416	1376	n
8151525	2415	1375	n
8151780	2413	1374	n
8152031	2412	1373	n
8152282	2413	1374	n
8152537	2415	1372	n
8152792	2414	1374	n
8153043	2413	1374	n
8163408	2414	1373	n
8163663	2413	1371	n
8163914	2414	1373	n
8164165	2413	1374	n
8164416	2413	1373	n
8164671	2414	1375	n
8175069	2414	1375	n
8175320	2414	1374	n
8175574	2414	1374	n
8175829	2413	1374	n
8176080	2413	1374	n
8176331	2415	1375	n
8176585	2413	1375	n
8186954	2415	1374	n
8187205	2415	1375	n
8187455	2414	1373	n
8187710	2415	1374	n
8187961	2413	1374	n
8188213	2413	1374	n
8198615	2413	1373	n
8198870	2414	1374	n
8199121	2411	1374	n
8199372	2414	1374	n
8199630	2413	1373	n
8199881	2410	1373	n
8200132	2413	1373	n
8210506	2411	1373	n
8210761	2413	1374	n
8211012	2413	1373	n
8211263	2415	1373	n
8211520	2416	1375	n
8211775	2411	1375	n
8222162	2414	1375	n
8222413	2413	1373	n
8222668	2414	1374	n
8222919	2415	1375	n
8223170	2415	1375	n
8223421	2413	1375	n
8223676	2414	1373	n
8234047	2416	1375	n
8234298	2414	1375	n
8234554	2413	1375	n
8234809	2414	1375	n
8235060	2413	1376	n
8235311	2413	1375	n
8245710	2415	1374	n
8245961	2414	1375	n
8246212	2413	1374	n
8246463	2416	1373	n
8246718	2415	1375	n
8246969	2413	1373	n
8247220	2413	1375	n
8257595	2413	1374	n
8257850	2414	1373	n
8258101	2414	1375	n
8258352	2415	1374	n
8258606	2413	1374	n
8258861	2413	1373	n
8269254	2415	1375	n
8269507	2415	1373	n
8269762	2415	1374	n
8270013	2415	1374	n
8270263	2416	1375	n
8270520	2414	1375	n
8270776	2415	1374	n
8281139	2416	1375	n
8281390	2415	1374	n
8281650	2415	1373	n
8281901	2415	1375	n
8282152	2414	1375	n
8282403	2415	1374	n
8292800	2414	1375	n
8293051	2413	1373	n
8293301	2414	1375	n
8293557	2414	1374	n
8293812	2413	1374	n
8294063	2413	1374	n
8294314	2415	1375	n
8304690	2414	1375	n
8304941	2414	1371	n
8305192	2415	1373	n
8305443	2411	1373	n
8305701	2414	1375	n
8305951	2414	1373	n
8316347	2416	1375	n
8316602	2414	1373	n
8316857	2415	1373	n
8317108	2414	1375	n
8317359	2415	1374	n
8317612	2414	1373	n
8317867	2411	1375	n
8328232	2414	1375	n
8328484	2415	1374	n
8328739	2415	1374	n
8328990	2414	1374	n
8329241	2413	1375	n
8329496	2413	1373	n
8339893	2415	1374	n
8340144	2414	1374	n
8340394	2413	1375	n
8340654	2413	1374	n
8340905	2414	1374	n
8341156	2413	1374	n
8341406	2413	1374	n
8351780	2413	1373	n
8352031	2415	1373	n
8352282	2412	1372	n
8352537	2414	1372	n
8352792	2414	1375	n
8353043	2413	1374	n
8363439	2412	1375	n
8363700	2414	1374	n
8363951	2415	1374	n
8364201	2415	1375	n
8364452	2413	1374	n
8364707	2415	1375	n
8364958	2414	1375	n
8375324	2414	1374	n
8375577	2410	1373	n
8375832	2414	1373	n
8376083	2412	1374	n
8376334	2411	1374	n
8376588	2412	1373	n
8386985	2414	1373	n
8387236	2414	1375	n
8387489	2413	1375	n
8387744	2414	1375	n
8387995	2415	1376	n
8388246	2415	1375	n
8388500	2415	1374	n
8398871	2412	1374	n
8399122	2415	1375	n
8399373	2413	1372	n
8399629	2413	1375	n
8399880	2415	1374	n
8400131	2414	1371	n
8410537	2415	1374	n
8410793	2415	1375	n
8411043	2415	1374	n
8411294	2415	1374	n
8411551	2414	1374	n
8411806	2414	1374	n
8412057	2415	1373	n
8422417	2415	1375	n
8422672	2413	1373	n
8422923	2412	1374	n
8423174	2413	1373	n
8423425	2414	1376	n
8423680	2413	1373	n
8434078	2414	1376	n
8434329	2415	1374	n
8434585	2413	1374	n
8434840	2415	1374	n
8435091	2414	1374	n
8435342	2413	1374	n
8435595	2413	1373	n
8445963	2415	1375	n
8446214	2413	1374	n
8446465	2416	1375	n
8446720	2413	1375	n
8446971	2415	1375	n
8447222	2413	1374	n
8457628	2415	1374	n
8457879	2415	1375	n
8458130	2414	1375	n
8458381	2414	1375	n
8458641	2413	1373	n
8458892	2415	1375	n
8459143	2414	1374	n
8469515	2416	1376	n
8469770	2415	1375	n
8470021	2412	1374	n
8470272	2414	1372	n
8470525	2410	1371	n
8470780	2413	1375	n
8481170	2414	1375	n
8481421	2415	1375	n
8481676	2414	1374	n
8481927	2413	1372	n
8482178	2413	1374	n
8482429	2414	1375	n
8482685	2413	1375	n
8493056	2413	1373	n
8493307	2413	1373	n
8493560	2413	1373	n
8493815	2412	1373	n
8494066	2415	1373	n
8494317	2415	1373	n
8504717	2415	1375	n
8504968	2414	1375	n
8505218	2416	1374	n
8505470	2416	1376	n
8505724	2414	1375	n
8505975	2415	1375	n
8506226	2413	1373	n
8516606	2411	1374	n
8516861	2414	1374	n
8517112	2414	1374	n
8517363	2411	1373	n
8517617	2413	1374	n
8517872	2415	1374	n
8528263	2411	1375	n
8528517	2415	1374	n
8528772	2414	1374	n
8529023	2414	1374	n
8529274	2411	1374	n
8529531	2413	1373	n
8529787	2414	1375	n
8540148	2415	1373	n
8540399	2414	1373	n
8540659	2415	1375	n
8540910	2415	1375	n
8541161	2415	1375	n
8541412	2415	1375	n
8551809	2411	1373	n
8552059	2414	1374	n
8552311	2413	1373	n
8552565	2412	1374	n
8552820	2411	1371	n
8553071	2413	1374	n
8553322	2413	1374	n
8563698	2411	1373	n
8563949	2413	1375	n
8564200	2413	1374	n
8564451	2411	1374	n
8564706	2414	1374	n
8564957	2413	1375	n
8575355	2414	1375	n
8575609	2413	1373	n
8575864	2414	1374	n
8576115	2414	1374	n
8576366	2413	1373	n
8576623	2412	1373	n
8576874	2413	1373	n
8587241	2415	1375	n
8587496	2415	1375	n
8587752	2414	1375	n
8588003	2414	1374	n
8588253	2414	1374	n
8588506	2414	1374	n
8598902	2413	1374	n
8599153	2414	1374	n
8599404	2415	1371	n
8599660	2414	1373	n
8599911	2415	1376	n
8600162	2414	1373	n
8600413	2413	1371	n
8610787	2415	1373	n
8611037	2412	1373	n
8611288	2414	1374	n
8611541	2414	1374	n
8611796	2415	1374	n
8612047	2412	1372	n
8622448	2411	1375	n
8622704	2413	1374	n
8622954	2416	1374	n
8623205	2413	1373	n
8623456	2414	1373	n
8623712	2415	1375	n
8623963	2414	1374	n
8634333	2414	1374	n
8634589	2415	1375	n
8634844	2414	1375	n
8635096	2415	1374	n
8635347	2414	1373	n
8635602	2415	1372	n
8645994	2414	1375	n
8646245	2413	1373	n
8646500	2414	1375	n
8646755	2414	1375	n
8647006	2415	1374	n
8647257	2415	1373	n
8647510	2415	1374	n
8657879	2414	1375	n
8658130	2416	1374	n
8658381	2414	1373	n
8658641	2415	1373	n
8658892	2413	1374	n
8659143	2413	1373	n
8669542	2415	1374	n
8669797	2414	1374	n
8670048	2414	1373	n
8670299	2415	1374	n
8670554	2415	1375	n
8670809	2414	1376	n
8671060	2413	1374	n
8681426	2415	1375	n
8681681	2415	1374	n
8681932	2415	1375	n
8682183	2413	1374	n
8682434	2413	1373	n
8682693	2411	1375	n
8693095	2411	1374	n
8693481	2414	1373	n
8693737	2414	1373	n
8693988	2411	1375	n
8694270	2413	1373	n
8694524	2413	1374	n
8694779	2414	1374	n
8705144	2415	1375	n
8705639	2414	1374	n
8705912	2413	1371	n
8706163	2413	1373	n
8706414	2414	1373	n
8706678	2415	1375	n
8717098	2416	1373	Time:00:00:00:00;;
8717796	2414	1375	n
8718056	2415	1376	n
8718329	2413	1375	n
8718585	2413	1374	n
8718840	2413	1375	n
8729208	2415	1374	n
8729724	2412	1373	n
8729975	2413	1374	n
8730226	2412	1372	n
8730477	2414	1373	n
8730767	2413	1372	n
8731018	2410	1374	n
8741421	2411	1374	n
8741900	2413	1374	n
8742183	2411	1373	n
8742434	2413	1373	n
8742693	2415	1374	n
8742943	2414	1374	n
8743225	2414	1374	n
8753623	2412	1373	n
8754101	2412	1375	n
8754352	2413	1374	n
8754640	2413	1373	n
8754891	2412	1372	n
8755142	2413	1374	n
8765506	2416	1375	n
8765997	2415	1373	n
8766270	2414	1373	n
8766524	2415	1374	n
8766779	2415	1373	n
8767039	2414	1374	n
8767312	2415	1374	n
8777719	2412	1374	Time:00:00:00:00;;
8778420	2411	1375	n
8778699	2413	1374	n
8778950	2414	1373	n
8779201	2411	1371	n
8779460	2415	1374	n
8789902	2414	1373	n
8790379	2413	1373	n
8790635	2414	1374	n
8790895	2414	1375	n
8791168	2413	1374	n
8791419	2413	1375	n
8791675	2411	1375	n
8802089	2414	1375	n
8802599	2415	1374	n
8802854	2414	1374	n
8803105	2414	1374	n
8803356	2414	1373	n
8803646	2413	1375	n
8814061	2414	1374	n
8814540	2414	1374	n
8814795	2414	1375	n
8815084	2413	1373	n
8815335	2411	1373	n
8815592	2413	1373	n
8815847	2410	1371	n
8826282	2413	1374	n
8826768	2412	1373	n
8827019	2414	1373	n
8827270	2413	1374	n
8827557	2413	1373	n
8827812	2413	1373	n
8828063	2415	1373	n
8838489	2413	1374	n
8839001	2413	1374	n
8839252	2413	1375	n
8839506	2413	1373	n
8839761	2413	1373	n
8840043	2411	1373	n
8850441	2411	1374	n
8850923	2415	1374	n
8851174	2413	1374	n
8851456	2410	1374	n
8851710	2413	1375	n
8851961	2414	1375	n
8852212	2412	1373	n
8862658	2413	1373	n
8863149	2413	1374	n
8863400	2412	1371	n
8863660	2411	1372	n
8863919	2413	1371	n
8864192	2412	1374	n
8864443	2410	1373	n
8874849	2411	1373	n
8875336	2412	1375	n
8875612	2414	1373	n
8875867	2412	1374	n
8876118	2414	1374	n
8876378	2413	1373	n
8876660	2411	1374	n
8887046	2413	1374	n
8887531	2411	1373	n
8887795	2413	1374	n
8888068	2414	1374	n
8888319	2414	1373	n
8888575	2415	1371	n
8898965	2414	1373	n
8899480	2414	1374	n
8899737	2413	1375	n
8899987	2414	1374	n
8900247	2413	1374	n
8900523	2414	1374	n
8900777	2413	1375	n
8911161	2414	1373	n
8911655	2414	1373	n
8911928	2413	1374	n
8912179	2413	1374	n
8912430	2413	1374	n
8912695	2411	1374	n
8912969	2413	1373	n
8923357	2413	1373	Time:00:00:00:00;;
8924010	2415	1375	n
8924261	2414	1373	n
8924517	2413	1374	n
8924772	2411	1374	n
8935138	2415	1373	n
8935389	2413	1373	n
8935650	2415	1374	n
8935901	2414	1374	n
8936152	2414	1374	n
8936403	2413	1373	n
8936660	2414	1374	n
8947041	2413	1371	n
8947292	2414	1373	n
8947548	2411	1373	n
8947803	2413	1374	n
8948054	2413	1373	n
8948305	2411	1372	n
8958685	2412	1373	n
8958936	2414	1374	n
8959187	2413	1373	n
8959438	2413	1373	n
8959695	2412	1373	n
8959946	2413	1373	n
8960197	2411	1373	n
8970591	2414	1373	n
8970847	2411	1375	n
8971097	2414	1374	n
8971348	2415	1373	n
8971602	2413	1373	n
8971858	2413	1374	n
8982231	2413	1371	n
8982483	2411	1374	n
8982739	2411	1374	n
8982990	2414	1370	n
8983241	2410	1374	n
8983496	2413	1374	n
8983752	2411	1374	n
8994133	2413	1371	n
8994384	2412	1374	n
8994641	2414	1373	n
8994892	2413	1374	n
8995143	2413	1373	n
8995394	2413	1373	n
9005777	2416	1374	n
9006028	2413	1374	n
9006279	2415	1373	n
9006534	2415	1374	n
9006788	2415	1371	n
9007039	2411	1375	n
9007290	2413	1374	n
9017684	2414	1373	n
9017935	2413	1374	n
9018185	2413	1374	n
9018436	2413	1373	n
9018693	2414	1374	n
9018944	2415	1373	n
9029323	2413	1375	n
9029577	2415	1373	n
9029832	2413	1373	n
9030083	2413	1374	n
9030334	2413	1373	n
9030589	2413	1375	n
9030844	2413	1373	n
9041226	2414	1375	n
9041477	2413	1372	n
9041736	2414	1373	n
9041986	2414	1372	n
9042237	2414	1374	n
9042493	2413	1373	n
9052870	2413	1375	n
9053121	2413	1373	n
9053372	2411	1375	n
9053630	2411	1373	n
9053881	2413	1375	n
9054132	2414	1375	n
9054383	2414	1373	n
9064772	2414	1374	n
9065023	2415	1374	n
9065274	2413	1374	n
9065531	2414	1373	n
9065786	2413	1375	n
9066037	2415	1373	n
9076416	2415	1375	n
9076672	2412	1375	n
9076923	2414	1373	n
9077174	2414	1372	n
9077425	2413	1375	n
9077680	2415	1374	n
9077931	2414	1374	n
9088318	2414	1373	n
9088575	2411	1374	n
9088830	2413	1374	n
9089081	2415	1374	n
9089331	2413	1373	n
9089586	2414	1374	n
9099962	2413	1374	n
9100213	2414	1373	n
9100464	2416	1373	n
9100720	2413	1374	n
9100971	2413	1373	n
9101222	2415	1373	n
9101473	2413	1373	n
9111864	2416	1375	n
9112115	2414	1376	n
9112366	2413	1376	n
9112628	2413	1374	n
9112879	2414	1374	n
9113130	2414	1375	n
9123511	2415	1375	n
9123767	2414	1375	n
9124018	2415	1375	n
9124269	2414	1374	n
9124523	2413	1375	n
9124777	2413	1371	n
9125028	2415	1374	n
9135411	2413	1374	n
9135667	2412	1373	n
9135917	2413	1373	n
9136168	2414	1373	n
9136419	2414	1373	n
9136675	2414	1373	n
9147055	2412	1371	n
9147306	2411	1373	n
9147560	2413	1374	n
9147815	2411	1374	n
9148066	2413	1371	n
9148317	2413	1372	n
9148571	2414	1373	n
9158957	2414	1373	n
9159208	2413	1374	n
9159459	2415	1372	n
9159715	2413	1373	n
9159966	2414	1371	n
9160216	2414	1374	n
9170601	2412	1372	n
9170857	2410	1371	n
9171108	2411	1373	n
9171358	2407	1370	n
9171612	2411	1373	n
9171867	2413	1371	n
9172118	2411	1373	n
9182505	2411	1371	n
9182761	2410	1372	n
9183012	2410	1372	n
9183263	2413	1373	n
9183517	2411	1373	n
9183772	2411	1374	n
9194147	2413	1372	n
9194398	2413	1371	n
9194659	2413	1374	n
9194910	2414	1372	n
9195161	2414	1374	n
9195412	2411	1372	n
9195667	2411	1372	n
9206049	2415	1373	n
9206300	2415	1373	n
9206554	2413	1375	n
9206809	2412	1375	n
9207060	2411	1374	n
9207311	2414	1373	n
9217693	2413	1375	n
9217944	2414	1373	n
9218195	2414	1373	n
9218446	2411	1374	n
9218702	2414	1374	n
9218953	2411	1373	n
9219204	2411	1373	n
9229599	2414	1374	n
9229854	2414	1374	n
9230105	2414	1373	n
9230356	2414	1374	n
9230609	2411	1374	n
9230864	2413	1375	n
9241240	2415	1374	n
9241496	2414	1376	n
9241751	2415	1374	n
9242002	2415	1375	n
9242253	2415	1375	n
9242506	2413	1372	n
9242761	2413	1373	n
9253142	2413	1375	n
9253393	2414	1373	n
9253654	2413	1375	n
9253905	2414	1374	n
9254156	2412	1374	n
9254407	2414	1372	n
9264786	2412	1374	n
9265037	2414	1373	n
9265288	2413	1374	n
9265541	2413	1373	n
9265796	2413	1375	n
9266047	2413	1374	n
9266298	2414	1373	n
9276692	2414	1374	n
9276943	2413	1374	n
9277194	2413	1371	n
9277445	2411	1374	n
9277701	2414	1374	n
9277952	2413	1374	n
9288332	2411	1375	n
9288589	2415	1373	n
9288844	2413	1373	n
9289095	2415	1374	n
9289346	2415	1373	n
9289602	2415	1373	n
9289857	2412	1371	n
9300234	2413	1375	n
9300489	2416	1375	n
9300745	2415	1373	n
9300996	2414	1375	n
9301247	2411	1375	n
9301503	2411	1373	n
9311878	2414	1373	n
9312129	2414	1373	n
9312380	2415	1373	n
9312641	2413	1373	n
9312892	2414	1374	n
9313142	2413	1374	n
9313393	2415	1373	n
9323781	2413	1374	n
9324032	2413	1373	n
9324283	2414	1374	n
9324537	2413	1373	n
9324793	2413	1371	n
9325044	2413	1374	n
9335425	2413	1376	n
9335681	2415	1375	n
9335932	2413	1375	n
9336183	2413	1373	n
9336434	2413	1373	n
9336692	2414	1373	n
9336943	2414	1375	n
9347327	2414	1374	n
9347582	2412	1374	n
9347837	2413	1373	n
9348088	2413	1374	n
9348339	2412	1373	n
9348592	2414	1374	n
9358971	2414	1374	n
9359222	2413	1372	n
9359473	2413	1373	n
9359729	2413	1373	n
9359980	2414	1374	n
9360231	2412	1374	n
9360483	2413	1373	n
9370873	2414	1371	n
9371124	2414	1373	n
9371375	2412	1374	n
9371632	2411	1373	n
9371883	2414	1373	n
9372133	2411	1374	n
9382519	2411	1374	n
9382774	2413	1374	n
9383025	2415	1375	n
9383276	2414	1374	n
9383531	2415	1373	n
9383786	2414	1372	n
9384037	2414	1374	n
9394419	2411	1373	n
9394674	2411	1374	n
9394925	2412	1374	n
9395176	2413	1373	n
9395427	2416	1375	n
9395683	2412	1373	n
9406063	2414	1373	n
9406314	2413	1374	n
9406568	2412	1373	n
9406823	2412	1373	n
9407074	2411	1372	n
9407325	2413	1374	n
9407578	2413	1375	n
9417966	2414	1373	n
9418217	2411	1374	n
9418468	2413	1373	n
9418723	2411	1373	n
9418974	2414	1372	n
9419225	2414	1373	n
9429610	2414	1374	n
9429866	2413	1374	n
9430116	2413	1374	n
9430367	2413	1373	n
9430627	2414	1373	n
9430878	2411	1375	n
9431129	2414	1373	n
9441517	2411	1374	n
9441772	2412	1373	n
9442023	2413	1372	n
9442274	2415	1371	n
9442531	2413	1373	n
9442787	2413	1373	n
9453156	2413	1375	n
9453407	2414	1373	n
9453663	2413	1373	n
9453914	2411	1373	n
9454165	2413	1373	n
9454416	2413	1373	n
9454671	2413	1373	n
9465058	2414	1374	n
9465309	2414	1375	n
9465565	2414	1374	n
9465820	2415	1374	n
9466071	2415	1373	n
9466322	2414	1374	n
9476702	2415	1375	n
9476953	2415	1373	n
9477204	2415	1373	n
9477455	2413	1374	n
9477711	2414	1372	n
9477962	2412	1373	n
9478213	2411	1373	n
9488605	2413	1373	n
9488860	2413	1374	n
9489111	2413	1373	n
9489362	2413	1374	n
9489617	2411	1373	n
9489872	2414	1373	n
9500248	2413	1374	n
9500503	2412	1373	n
9500758	2411	1374	n
9501009	2413	1374	n
9501260	2413	1374	n
9501517	2411	1373	n
9501772	2413	1373	n
9512151	2413	1374	n
9512402	2414	1373	n
9512659	2413	1374	n
9512910	2411	1373	n
9513161	2413	1375	n
9513412	2413	1374	n
9523795	2411	1374	n
9524047	2415	1375	n
9524298	2414	1373	n
9524554	2413	1373	n
9524809	2413	1374	n
9525060	2412	1374	n
9525311	2414	1374	n
9535702	2414	1373	n
9535953	2413	1373	n
9536203	2414	1373	n
9536454	2411	1374	n
9536710	2413	1373	n
9536961	2413	1374	n
9547341	2413	1373	n
9547594	2414	1375	n
9547849	2413	1375	n
9548100	2414	1373	n
9548351	2415	1374	n
9548606	2414	1374	n
9548861	2413	1374	n
9559243	2415	1373	n
9559500	2415	1376	n
9559755	2414	1374	n
9560006	2415	1375	n
9560257	2414	1374	n
9560514	2413	1373	n
9570887	2413	1374	n
9571138	2413	1371	n
9571389	2413	1374	n
9571650	2414	1373	n
9571901	2413	1373	n
9572152	2411	1374	n
9572403	2413	1370	n
9582789	2411	1373	n
9583040	2414	1374	n
9583291	2413	1371	n
9583544	2413	1374	n
9583799	2413	1374	n
9584050	2412	1372	n
9594433	2414	1374	n
9594693	2413	1373	n
9594944	2415	1375	n
9595194	2415	1374	n
9595445	2413	1373	n
9595702	2415	1373	n
9595953	2414	1374	n
9606336	2414	1374	n
9606591	2414	1374	n
9606847	2413	1373	n
9607098	2413	1374	n
9607349	2414	1374	n
9607603	2415	1374	n
9617980	2413	1375	n
9618231	2413	1374	n
9618483	2414	1373	n
9618738	2414	1374	n
9618989	2414	1374	n
9619240	2413	1374	n
9619496	2413	1375	n
9629882	2415	1374	n
9630133	2414	1373	n
9630384	2413	1373	n
9630641	2415	1373	n
9630892	2413	1374	n
9631143	2413	1374	n
9641526	2413	1374	n
9641781	2414	1375	n
9642032	2416	1376	n
9642283	2415	1375	n
9642538	2413	1374	n
9642793	2411	1374	n
9643044	2413	1374	n
9653428	2413	1373	n
9653684	2414	1375	n
9653935	2414	1375	n
9654186	2413	1375	n
9654437	2411	1371	n
9654694	2411	1373	n
9665072	2413	1374	n
9665323	2413	1373	n
9665577	2411	1375	n
9665832	2413	1373	n
9666083	2415	1375	n
9666334	2413	1371	n
9666589	2413	1374	n
9676974	2414	1373	n
9677225	2415	1374	n
9677476	2414	1374	n
9677736	2413	1374	n
9677987	2414	1374	n
9678238	2413	1373	n
9688622	2414	1374	n
9688895	2413	1374	n
9689177	2415	1374	n
9689428	2413	1373	n
9689684	2413	1373	n
9689935	2414	1374	n
9690217	2411	1374	n
9700608	2409	1373	n
9701088	2413	1374	n
9701339	2415	1374	n
9701630	2415	1373	n
9701881	2411	1373	n
9702132	2413	1374	n
9702383	2411	1371	n
9712803	2414	1375	Time:00:00:00:00;;
9713506	2413	1374	n
9713761	2414	1374	n
9714021	2413	1373	n
9714294	2413	1374	n
9714551	2413	1373	n
9724964	2414	1374	n
9725449	2411	1375	n
9725727	2414	1375	n
9725978	2415	1373	n
9726229	2414	1375	n
9726493	2415	1374	n
9736887	2414	1374	n
9737363	2414	1375	n
9737622	2413	1373	n
9737882	2414	1375	n
9738155	2414	1374	n
9738406	2414	1371	n
9738662	2414	1374	n
9749079	2411	1372	n
9749591	2412	1375	n
9749846	2412	1373	n
9750097	2413	1375	n
9750357	2413	1371	n
9750636	2413	1373	n
9750887	2411	1375	n
9761276	2414	1375	n
9761765	2414	1375	n
9762047	2414	1373	n
9762298	2413	1373	n
9762555	2414	1372	n
9762810	2412	1373	n
9773274	2414	1375	Time:00:00:00:00;;
9773974	2414	1372	n
9774225	2412	1373	n
9774509	2413	1373	n
9774764	2414	1374	n
9775015	2413	1375	n
9785443	2413	1374	n
9785958	2413	1375	n
9786209	2415	1373	n
9786460	2416	1373	n
9786716	2413	1373	n
9786998	2413	1373	n
9787249	2416	1374	n
9797643	2414	1375	n
9798118	2412	1373	n
9798378	2413	1375	n
9798661	2413	1374	n
9798912	2413	1375	n
9799163	2412	1374	n
9799422	2412	1373	n
9809834	2415	1376	n
9810311	2413	1373	n
9810565	2412	1371	n
9810829	2412	1372	n
9811102	2413	1373	n
9811353	2413	1373	n
9821754	2414	1375	n
9822244	2414	1374	n
9822523	2414	1374	n
9822779	2414	1374	n
9823030	2413	1375	n
9823289	2414	1374	n
9823568	2413	1375	n
9833949	2413	1374	n
9834426	2414	1375	n
9834689	2413	1374	n
9834963	2414	1374	n
9835213	2411	1374	n
9835464	2416	1373	n
9835729	2413	1374	n
9846155	2413	1374	n
9846636	2414	1373	n
9846887	2415	1374	n
9847138	2415	1374	n
9847420	2413	1375	n
9847675	2413	1373	n
9858048	2414	1375	n
9858526	2414	1374	n
9858813	2414	1375	n
9859064	2414	1374	n
9859315	2414	1374	n
9859572	2413	1373	n
9859859	2415	1374	n
9870261	2413	1374	n
9870752	2413	1373	n
9871003	2414	1373	n
9871284	2413	1373	n
9871540	2413	1373	n
9871795	2415	1376	n
9872046	2413	1374	n
9882457	2415	1375	n
9882953	2411	1374	n
9883204	2412	1374	n
9883455	2413	1374	n
9883719	2414	1375	n
9883992	2414	1373	n
9894411	2414	1373	n
9894894	2415	1371	n
9895154	2411	1374	n
9895427	2413	1373	n
9895683	2414	1371	n
9895934	2413	1373	n
9896194	2413	1374	n
9906628	2414	1375	n
9907109	2414	1373	n
9907359	2414	1374	n
9907625	2416	1375	n
9907900	2416	1373	n
9908151	2413	1375	n
9908402	2413	1375	n
9918771	2414	1373	n
9919279	2414	1374	n
9919533	2411	1374	n
9919788	2414	1373	n
9920048	2413	1374	Time:00:00:00:00;;
9920540	2412	1373	n
9930929	2411	1374	n
9931202	2415	1374	n
9931453	2413	1375	n
9931708	2414	1374	n
9931959	2414	1374	n
9932210	2415	1375	n
9942590	2414	1374	n
9942845	2415	1374	n
9943096	2414	1374	n
9943347	2410	1374	n
9943602	2414	1373	n
9943857	2414	1374	n
9944108	2415	1375	n
9954476	2414	1374	n
9954736	2414	1373	n
9954987	2414	1375	n
9955238	2414	1374	n
9955493	2414	1373	n
9955748	2416	1375	n
9966137	2416	1374	n
9966388	2414	1373	n
9966646	2415	1374	n
9966897	2413	1374	n
9967148	2413	1374	n
9967399	2413	1374	n
9967659	2411	1374	n
9978022	2413	1374	n
9978273	2415	1375	n
9978526	2415	1375	n
9978781	2413	1374	n
9979032	2415	1376	n
9979283	2415	1376	n
9989687	2414	1373	n
9989938	2414	1375	n
9990189	2412	1374	n
9990440	2411	1374	n
9990700	2415	1374	n
9990951	2413	1374	n
9991202	2414	1374	n
10001571	2413	1374	n
10001827	2416	1375	n
10002078	2415	1375	n
10002329	2413	1373	n
10002586	2415	1374	n
10002841	2414	1374	n
10013263	2411	1373	n
10013520	2414	1375	n
10013776	2414	1375	n
10014027	2415	1373	n
10014278	2414	1374	n
10014534	2413	1374	n
10024907	2415	1372	n
10025158	2413	1373	n
10025409	2413	1373	n
10025665	2414	1374	n
10025916	2414	1373	n
10026167	2413	1374	n
10036603	2414	1375	n
10036858	2415	1374	n
10037109	2416	1374	n
10037360	2416	1374	n
10037617	2415	1374	n
10037872	2415	1374	n
10048281	2415	1373	n
10048537	2415	1374	n
10048792	2415	1374	n
10049044	2413	1373	n
10049295	2414	1373	n
10049551	2413	1374	n
10049806	2414	1372	n
10060218	2414	1374	n
10060469	2414	1374	n
10060724	2414	1375	n
10060975	2413	1373	n
10061226	2413	1373	n
10061478	2410	1371	n
10071862	2413	1374	n
10072113	2413	1374	n
10072364	2415	1373	n
10072623	2413	1374	n
10072875	2413	1373	n
10073126	2414	1374	n
10083559	2416	1375	n
10083814	2415	1375	n
10084065	2415	1375	n
10084316	2416	1374	n
10084571	2413	1375	n
10084827	2413	1371	n
10095184	2413	1375	n
10095435	2413	1374	n
10095692	2412	1371	n
10095943	2413	1373	n
10096194	2414	1373	n
10096446	2413	1374	n
10106810	2414	1374	n
10107061	2413	1373	n
10107312	2412	1373	n
10107568	2415	1374	n
10107823	2414	1374	n
10108074	2413	1375	n
10118493	2411	1371	n
10118748	2414	1373	n
10118999	2413	1374	n
10119250	2413	1374	n
10119506	2414	1374	n
10119761	2415	1374	n
10120013	2414	1375	n
10130426	2413	1375	n
10130681	2414	1374	n
10130932	2414	1373	n
10131183	2413	1374	n
10131434	2414	1374	n
10131693	2414	1374	n
10142069	2411	1372	n
10142320	2414	1373	n
10142574	2412	1371	n
10142829	2413	1374	n
10143081	2413	1374	n
10143332	2411	1373	n
10153764	2414	1374	n
10154015	2416	1373	n
10154266	2414	1374	n
10154523	2413	1375	n
10154779	2414	1373	n
10155030	2414	1374	n
10165391	2416	1375	n
10165650	2415	1375	n
10165901	2414	1374	n
10166152	2414	1374	n
10166403	2415	1371	n
10166660	2415	1374	n
10177018	2415	1374	n
10177269	2415	1373	n
10177523	2415	1373	n
10177777	2413	1374	n
10178028	2413	1376	n
10178279	2413	1373	n
10188696	2413	1373	n
10188948	2413	1374	n
10189199	2414	1373	n
10189450	2412	1375	n
10189705	2411	1371	n
10189957	2415	1373	n
10190208	2414	1375	n
10200640	2414	1375	n
10200891	2413	1374	n
10201142	2415	1374	n
10201393	2415	1374	n
10201655	2413	1374	n
10201906	2415	1375	n
10212277	2415	1375	n
10212534	2413	1375	n
10212789	2414	1373	n
10213040	2414	1375	n
10213291	2414	1373	n
10213544	2415	1375	n
10223972	2413	1375	n
10224223	2414	1373	n
10224475	2410	1374	n
10224731	2411	1371	n
10224982	2410	1373	n
10225233	2412	1373	n
10235599	2415	1371	n
10235854	2413	1375	n
10236105	2413	1373	n
10236357	2414	1374	n
10236610	2413	1373	n
10236865	2414	1373	n
10247225	2415	1374	n
10247476	2414	1371	n
10247736	2415	1373	n
10247987	2414	1374	n
10248238	2415	1373	n
10248494	2413	1371	n
10258903	2413	1374	n
10259155	2412	1374	n
10259406	2415	1373	n
10259662	2414	1374	n
10259913	2412	1374	n
10260164	2414	1374	n
10260415	2412	1374	n
10270841	2415	1375	n
10271092	2414	1374	n
10271343	2414	1374	n
10271600	2416	1375	n
10271855	2415	1374	n
10272106	2414	1375	n
10282489	2415	1375	n
10282744	2412	1374	n
10282995	2413	1374	n
10283247	2412	1373	n
10283504	2414	1372	n
10283759	2414	1374	n
10294179	2413	1374	n
10294430	2414	1373	n
10294687	2415	1373	n
10294938	2414	1374	n
10295189	2413	1374	n
10295440	2412	1375	n
10305806	2415	1373	n
10306057	2416	1375	n
10306308	2414	1373	n
10306565	2413	1374	n
10306821	2414	1375	n
10307072	2411	1375	n
10317433	2413	1375	n
10317693	2414	1374	n
10317944	2411	1372	n
10318195	2411	1374	n
10318446	2411	1375	n
10318703	2415	1372	n
10329111	2415	1374	n
10329362	2413	1374	n
10329617	2413	1375	n
10329873	2414	1374	n
10330124	2413	1373	n
10330375	2413	1374	n
10330632	2414	1374	n
10341048	2415	1374	n
10341299	2414	1375	n
10341554	2414	1375	n
10341809	2414	1376	n
10342060	2414	1374	n
10342311	2415	1375	n
10352696	2416	1375	n
10352947	2415	1375	n
10353198	2415	1373	n
10353449	2411	1374	n
10353705	2413	1374	n
10353956	2415	1374	n
10364387	2410	1374	n
10364646	2413	1374	n
10364897	2413	1373	n
10365148	2414	1374	n
10365399	2414	1372	n
10365659	2415	1374	n
10376083	2415	1374	n
10376334	2415	1374	n
10376588	2414	1374	n
10376844	2414	1374	n
10377095	2414	1373	n
10377346	2414	1374	n
10387727	2414	1375	n
10387978	2413	1375	n
10388229	2415	1373	n
10388480	2414	1374	n
10388736	2415	1374	n
10388988	2413	1374	n
10399405	2415	1373	n
10399662	2414	1373	n
10399913	2414	1374	n
10400164	2415	1373	n
10400415	2415	1373	n
10400670	2414	1375	n
10400921	2414	1375	n
10411342	2413	1373	n
10411595	2413	1373	n
10411850	2414	1375	n
10412101	2414	1373	n
10412352	2413	1374	n
10412610	2413	1375	n
10422986	2413	1373	n
10423237	2415	1375	n
10423493	2414	1374	n
10423749	2414	1374	n
10424000	2415	1374	n
10424251	2413	1375	n
10434686	2413	1372	n
10434937	2414	1373	n
10435188	2415	1373	n
10435439	2411	1375	n
10435700	2413	1375	n
10435951	2415	1375	n
10446377	2413	1375	n
10446634	2414	1375	n
10446885	2414	1375	n
10447136	2415	1374	n
10447387	2415	1376	n
10447646	2414	1375	n
10458003	2413	1374	n
10458254	2413	1373	n
10458507	2414	1371	n
10458762	2413	1374	n
10459013	2414	1373	n
10459264	2412	1375	n
10459520	2413	1373	n
10469906	2414	1374	n
10470157	2415	1373	n
10470408	2413	1374	n
10470664	2414	1375	n
10470915	2415	1374	n
10471166	2415	1375	n
10481555	2415	1375	n
10481810	2414	1374	n
10482061	2414	1375	n
10482312	2415	1374	n
10482568	2413	1375	n
10482823	2414	1373	n
10493193	2415	1375	n
10493444	2411	1375	n
10493701	2413	1375	n
10493952	2415	1374	n
10494203	2414	1375	n
10494454	2412	1373	n
10504888	2415	1373	n
10505139	2415	1375	n
10505390	2414	1375	n
10505650	2413	1374	n
10505901	2413	1373	n
10506152	2413	1375	n
10516584	2412	1375	n
10516839	2413	1373	n
10517090	2415	1374	n
10517341	2414	1374	n
10517595	2413	1374	n
10517850	2412	1373	n
10528211	2415	1374	n
10528462	2416	1375	n
10528717	2414	1374	n
10528968	2415	1376	n
10529219	2415	1373	n
10529471	2414	1373	n
10529726	2414	1375	n
10540113	2411	1373	n
10540364	2413	1372	n
10540623	2413	1373	n
10540874	2413	1374	n
10541126	2413	1374	n
10541377	2414	1373	n
10551761	2411	1373	n
10552012	2413	1373	n
10552264	2414	1374	n
10552521	2411	1373	n
10552775	2414	1373	n
10553026	2415	1373	n
10563401	2415	1374	n
10563658	2415	1375	n
10563910	2413	1373	n
10564161	2414	1375	n
10564412	2414	1373	n
10564667	2415	1374	n
10575096	2415	1374	n
10575347	2414	1374	n
10575603	2414	1374	n
10575858	2415	1373	n
10576109	2414	1374	n
10576360	2414	1375	n
10586792	2411	1374	n
10587043	2415	1375	n
10587294	2414	1373	n
10587551	2415	1374	n
10587806	2414	1374	n
10588057	2413	1375	n
10598418	2414	1373	n
10598673	2413	1373	n
10598924	2414	1375	n
10599175	2412	1373	n
10599426	2414	1373	n
10599682	2414	1375	n
10599933	2413	1373	n
10610321	2414	1375	n
10610574	2415	1371	n
10610830	2415	1375	n
10611081	2413	1374	n
10611332	2414	1373	n
10611589	2413	1375	n
10621964	2415	1374	n
10622215	2414	1374	n
10622466	2415	1375	n
10622722	2413	1373	n
10622973	2414	1371	n
10623224	2414	1373	n
10633610	2413	1375	n
10633865	2412	1373	n
10634116	2413	1371	n
10634367	2413	1373	n
10634628	2414	1373	n
10634879	2411	1371	n
10645303	2413	1374	n
10645557	2413	1374	n
10645812	2414	1374	n
10646063	2413	1374	n
10646314	2413	1373	n
10646568	2413	1373	n
10656999	2415	1373	n
10657250	2415	1373	n
10657506	2413	1374	n
10657762	2411	1374	n
10658013	2413	1374	n
10658264	2413	1375	n
10668630	2415	1375	n
10668881	2414	1374	n
10669132	2414	1374	n
10669383	2413	1373	n
10669641	2415	1373	n
10669892	2413	1373	n
10670143	2413	1372	n
10680534	2415	1373	n
10680789	2414	1373	n
10681040	2413	1374	n
10681291	2414	1373	n
10681548	2413	1374	n
10681804	2413	1373	n
10692172	2411	1374	n
10692540	2414	1374	n
10692796	2411	1373	n
10693056	2415	1373	n
10693329	2414	1373	n
10693585	2412	1374	n
10703953	2415	1374	n
10704431	2414	1373	n
10704718	2413	1373	n
10704969	2413	1373	n
10705221	2413	1373	n
10705472	2414	1373	n
10715908	2415	1373	Time:00:00:00:00;;
10716610	2413	1373	n
10716865	2412	1374	n
10717125	2413	1372	n
10717399	2413	1372	n
10717659	2413	1373	n
10728052	2414	1375	n
10728540	2413	1372	n
10728818	2415	1373	n
10729069	2413	1373	n
10729320	2411	1373	n
10729582	2411	1374	n
10739980	2411	1373	n
10740455	2410	1373	n
10740711	2413	1373	n
10740970	2411	1373	n
10741244	2413	1372	n
10741500	2412	1373	n
10751908	2411	1373	n
10752393	2412	1374	n
10752679	2412	1374	n
10752930	2412	1373	n
10753181	2413	1373	n
10753441	2412	1374	n
10753722	2412	1374	n
10764104	2414	1373	n
10764585	2413	1375	n
10764840	2413	1373	n
10765122	2413	1373	n
10765373	2413	1373	n
10765631	2413	1374	n
10776024	2414	1372	Time:00:00:00:00;;
10776754	2412	1373	n
10777005	2413	1373	n
10777256	2412	1376	n
10777520	2413	1372	n
10777798	2412	1371	n
10788168	2415	1372	n
10788655	2413	1373	n
10788914	2414	1373	n
10789188	2414	1374	n
10789439	2414	1374	n
10789700	2414	1374	n
10800122	2415	1373	n
10800635	2413	1374	n
10800887	2414	1374	n
10801138	2414	1374	n
10801397	2413	1371	n
10801678	2414	1375	n
10812043	2415	1375	n
10812523	2411	1373	n
10812786	2414	1374	n
10813060	2411	1375	n
10813311	2413	1374	n
10813568	2412	1373	n
10813832	2413	1375	n
10824230	2413	1374	n
10824720	2413	1373	n
10824971	2411	1373	n
10825222	2411	1373	n
10825506	2413	1374	n
10825762	2414	1375	n
10836174	2413	1375	n
10836661	2413	1374	n
10836943	2413	1373	n
10837194	2412	1375	n
10837445	2413	1373	n
10837701	2414	1374	n
10848095	2410	1373	n
10848582	2413	1369	n
10848838	2413	1374	n
10849089	2413	1371	n
10849349	2411	1373	n
10849630	2414	1374	n
10849881	2414	1374	n
10860273	2412	1373	n
10860769	2413	1373	n
10861043	2414	1374	n
10861294	2415	1374	n
10861551	2413	1371	n
10861815	2414	1373	n
10872234	2414	1375	n
10872719	2414	1375	n
10872970	2414	1373	n
10873229	2412	1373	n
10873506	2413	1375	n
10873761	2414	1375	n
10884148	2414	1374	n
10884645	2415	1374	n
10884918	2415	1373	n
10885169	2414	1373	n
10885420	2414	1375	n
10885685	2413	1372	n
10885958	2413	1374	n
10896326	2413	1374	n
10896813	2410	1374	n
10897064	2413	1373	n
10897346	2413	1372	n
10897602	2414	1372	n
10897857	2415	1372	n
10908279	2413	1374	n
10908801	2413	1374	n
10909052	2413	1373	n
10909303	2412	1374	n
10909557	2414	1371	n
10909843	2411	1374	n
10920200	2413	1374	Time:00:00:00:00;;
10920897	2413	1373	n
10921157	2415	1375	n
10921431	2413	1374	n
10921687	2412	1374	n
10921938	2414	1374	n
10932343	2414	1373	n
10932600	2415	1373	n
10932855	2414	1374	n
10933106	2413	1373	n
10933358	2415	1376	n
10933611	2415	1375	n
10944039	2414	1374	n
10944290	2412	1372	n
10944543	2411	1373	n
10944798	2411	1373	n
10945050	2413	1375	n
10945301	2413	1374	n
10955687	2412	1373	n
10955938	2412	1372	n
10956189	2412	1373	n
10956440	2411	1373	n
10956701	2413	1373	n
10956952	2411	1373	n
10967361	2413	1374	n
10967617	2414	1374	n
10967872	2413	1373	n
10968123	2414	1374	n
10968374	2412	1373	n
10968631	2415	1375	n
10968883	2414	1373	n
10979298	2413	1373	n
10979555	2411	1373	n
10979810	2412	1375	n
10980061	2411	1370	n
10980312	2414	1373	n
10980568	2413	1371	n
10990942	2412	1372	n
10991193	2414	1375	n
10991444	2412	1375	n
10991701	2415	1375	n
10991952	2414	1374	n
10992203	2412	1371	n
11002641	2413	1374	n
11002893	2414	1373	n
11003144	2414	1375	n
11003395	2411	1375	n
11003654	2414	1374	n
11003905	2415	1374	n
11014333	2413	1371	n
11014590	2415	1375	n
11014845	2415	1373	n
11015096	2414	1374	n
11015347	2414	1372	n
11015603	2415	1374	n
11026029	2412	1374	n
11026280	2412	1373	n
11026534	2412	1373	n
11026790	2412	1375	n
11027041	2411	1374	n
11027292	2413	1373	n
11027548	2414	1373	n
11037948	2414	1373	n
11038199	2413	1375	n
11038450	2411	1372	n
11038706	2413	1373	n
11038957	2414	1374	n
11039208	2412	1371	n
11049594	2414	1373	n
11049849	2413	1374	n
11050100	2413	1374	n
11050351	2414	1374	n
11050606	2415	1372	n
11050861	2414	1373	n
11061219	2413	1375	n
11061470	2414	1374	n
11061725	2413	1375	n
11061977	2415	1373	n
11062228	2413	1374	n
11062479	2413	1375	n
11072844	2413	1372	n
11073095	2413	1374	n
11073346	2414	1374	n
11073602	2414	1373	n
11073857	2411	1374	n
11074108	2411	1374	n
11084542	2414	1373	n
11084797	2413	1374	n
11085048	2413	1373	n
11085299	2414	1374	n
11085554	2415	1374	n
11085809	2413	1374	n
11096167	2413	1374	n
11096418	2414	1375	n
11096673	2411	1374	n
11096924	2414	1375	n
11097175	2415	1375	n
11097426	2411	1374	n
11097682	2415	1374	n
11108069	2414	1375	n
11108320	2414	1374	n
11108574	2412	1374	n
11108830	2414	1374	n
11109081	2414	1372	n
11109332	2413	1375	n
11119717	2411	1373	n
11119968	2411	1374	n
11120219	2413	1371	n
11120470	2411	1373	n
11120726	2411	1373	n
11120977	2413	1373	n
11131357	2415	1375	n
11131610	2412	1372	n
11131865	2414	1373	n
11132116	2415	1374	n
11132367	2414	1375	n
11132627	2414	1375	n
11143052	2412	1374	n
11143303	2411	1375	n
11143557	2415	1373	n
11143812	2414	1374	n
11144063	2411	1375	n
11144314	2415	1373	n
11154748	2413	1374	n
11154999	2413	1375	n
11155250	2412	1374	n
11155506	2415	1373	n
11155762	2414	1371	n
11156013	2413	1374	n
11166375	2413	1373	n
11166632	2413	1374	n
11166883	2414	1374	n
11167134	2412	1374	n
11167385	2413	1374	n
11167646	2412	1373	n
11167897	2413	1375	n
11178277	2415	1373	n
11178533	2413	1374	n
11178788	2415	1374	n
11179040	2413	1375	n
11179291	2414	1372	n
11179543	2411	1373	n
11189921	2411	1375	n
11190172	2413	1374	n
11190423	2411	1375	n
11190678	2415	1374	n
11190930	2414	1373	n
11191181	2415	1374	n
11201568	2413	1372	n
11201823	2413	1373	n
11202074	2413	1373	n
11202326	2413	1374	n
11202583	2412	1374	n
11202838	2414	1374	n
11213259	2411	1373	n
11213514	2414	1374	n
11213770	2414	1375	n
11214021	2414	1372	n
11214272	2413	1374	n
11214526	2413	1374	n
11224955	2412	1373	n
11225206	2414	1375	n
11225457	2413	1373	n
11225713	2415	1374	n
11225964	2414	1373	n
11226215	2414	1374	n
11236582	2414	1375	n
11236837	2414	1374	n
11237088	2415	1375	n
11237339	2414	1371	n
11237592	2413	1374	n
11237848	2413	1373	n
11238099	2414	1375	n
11248489	2414	1373	n
11248744	2413	1374	n
11248995	2414	1375	n
11249246	2411	1374	n
11249504	2414	1374	n
11249759	2414	1373	n
11260128	2414	1374	n
11260379	2413	1373	n
11260635	2414	1373	n
11260886	2413	1373	n
11261137	2415	1373	n
11261388	2413	1373	n
11271774	2414	1374	n
11272025	2415	1376	n
11272276	2416	1374	n
11272531	2413	1375	n
11272787	2415	1375	n
11273038	2415	1374	n
11283467	2415	1375	n
11283722	2414	1373	n
11283974	2415	1374	n
11284225	2415	1374	n
11284476	2411	1375	n
11284737	2415	1375	n
11295163	2413	1375	n
11295414	2414	1371	n
11295669	2415	1375	n
11295920	2413	1373	n
11296171	2413	1373	n
11296423	2411	1375	n
11306790	2413	1374	n
11307041	2413	1373	n
11307292	2414	1373	n
11307548	2415	1373	n
11307803	2415	1374	n
11308055	2413	1374	n
11308306	2414	1374	n
11318696	2414	1373	n
11318947	2415	1374	n
11319198	2414	1373	n
11319450	2414	1374	n
11319705	2416	1374	n
11319957	2414	1374	n
11330336	2414	1373	n
11330592	2414	1373	n
11330847	2415	1372	n
11331098	2413	1374	n
11331349	2415	1373	n
11331606	2411	1375	n
11341979	2413	1374	n
11342230	2412	1375	n
11342482	2414	1373	n
11342738	2413	1374	n
11342989	2414	1373	n
11343240	2413	1372	n
11353679	2414	1375	n
11353930	2415	1374	n
11354181	2414	1373	n
11354432	2414	1373	n
11354693	2413	1374	n
11354944	2413	1373	n
11365370	2411	1374	n
11365631	2414	1374	n
11365882	2414	1375	n
11366133	2415	1373	n
11366384	2414	1375	n
11366641	2414	1375	n
11377066	2413	1371	n
11377317	2413	1375	n
11377571	2414	1374	n
11377827	2415	1374	n
11378078	2413	1375	n
11378329	2415	1372	n
11378586	2413	1374	n
11388986	2415	1374	n
11389237	2414	1374	n
11389493	2413	1374	n
11389749	2413	1374	n
11390000	2414	1373	n
11390251	2411	1373	n
11400636	2414	1373	n
11400887	2414	1373	n
11401138	2415	1374	n
11401389	2411	1374	n
11401651	2413	1374	n
11401902	2415	1374	n
11412324	2413	1373	n
11412578	2413	1374	n
11412833	2414	1374	n
11413084	2414	1374	n
11413335	2414	1373	n
11413592	2414	1375	n
11423968	2414	1373	n
11424219	2412	1374	n
11424470	2413	1373	n
11424726	2411	1373	n
11424977	2413	1373	n
11425228	2414	1373	n
11435668	2412	1374	n
11435919	2413	1373	n
11436170	2413	1373	n
11436421	2413	1375	n
11436677	2415	1372	n
11436928	2411	1373	n
11447342	2414	1373	n
11447595	2412	1374	n
11447851	2414	1373	n
11448102	2414	1374	n
11448353	2412	1373	n
11448610	2414	1374	n
11448865	2414	1373	n
11459279	2413	1373	n
11459533	2414	1373	n
11459788	2414	1375	n
11460039	2414	1374	n
11460291	2414	1375	n
11460543	2411	1373	n
11470923	2414	1373	n
11471174	2413	1373	n
11471425	2412	1374	n
11471680	2413	1373	n
11471932	2414	1373	n
11472183	2413	1371	n
11482618	2414	1375	n
11482874	2413	1375	n
11483125	2415	1374	n
11483376	2414	1375	n
11483633	2415	1374	n
11483884	2415	1375	n
11494245	2414	1375	n
11494500	2414	1371	n
11494755	2413	1374	n
11495007	2411	1374	n
11495258	2414	1373	n
11495515	2413	1374	n
11505958	2414	1373	n
11506209	2414	1375	n
11506460	2415	1373	n
11506715	2413	1373	n
11506966	2413	1375	n
11507218	2413	1373	n
11517641	2415	1372	n
11517892	2412	1374	n
11518143	2414	1373	n
11518394	2415	1372	n
11518655	2414	1371	n
11518906	2412	1372	n
11519157	2412	1375	n
11529575	2414	1374	n
11529830	2415	1375	n
11530081	2415	1373	n
11530332	2413	1372	n
11530589	2413	1373	n
11530845	2413	1374	n
11541217	2415	1374	n
11541468	2414	1374	n
11541723	2415	1375	n
11541974	2411	1374	n
11542225	2414	1373	n
11542476	2415	1375	n
11552912	2412	1375	n
11553163	2413	1374	n
11553414	2414	1373	n
11553670	2413	1374	n
11553921	2412	1373	n
11554172	2412	1374	n
11564608	2414	1372	n
11564863	2413	1373	n
11565114	2412	1373	n
11565365	2413	1372	n
11565623	2414	1374	n
11565874	2414	1375	n
11576235	2413	1373	n
11576489	2415	1373	n
11576744	2411	1375	n
11576995	2414	1373	n
11577246	2414	1372	n
11577503	2413	1372	n
11577758	2414	1373	n
11588137	2413	1375	n
11588388	2412	1373	n
11588646	2413	1373	n
11588897	2413	1373	n
11589148	2413	1373	n
11589399	2414	1372	n
11599780	2412	1373	n
11600031	2414	1375	n
11600282	2411	1374	n
11600537	2413	1372	n
11600792	2413	1373	n
11601044	2408	1371	n
11611424	2413	1374	n
11611679	2414	1375	n
11611930	2411	1374	n
11612181	2415	1374	n
11612433	2413	1371	n
11612693	2413	1375	n
11623119	2415	1374	n
11623370	2414	1374	n
11623630	2415	1372	n
11623881	2415	1374	n
11624132	2413	1375	n
11624384	2413	1375	n
11634815	2413	1374	n
11635066	2415	1374	n
11635317	2413	1375	n
11635571	2413	1374	n
11635827	2414	1373	n
11636078	2414	1374	n
11646442	2411	1373	n
11646700	2413	1376	n
11646951	2414	1375	n
11647202	2414	1374	n
11647453	2414	1374	n
11647708	2414	1373	n
11647960	2414	1373	n
11658344	2413	1374	n
11658599	2414	1373	n
11658855	2415	1374	n
11659106	2413	1373	n
11659357	2411	1374	n
11659610	2411	1373	n
11669988	2413	1373	n
11670239	2413	1374	n
11670496	2413	1375	n
11670752	2413	1374	n
11671003	2413	1375	n
11671254	2414	1373	n
11681638	2415	1375	n
11681890	2414	1374	n
11682141	2414	1373	n
11682392	2414	1373	n
11682650	2415	1375	n
11682901	2414	1375	n
11693327	2412	1375	n
11693721	2414	1374	n
11693973	2415	1373	n
11694232	2413	1374	n
11694509	2413	1374	n
11694764	2413	1373	n
11705195	2411	1373	n
11705688	2413	1373	n
11705962	2414	1374	n
11706213	2412	1373	n
11706464	2415	1375	n
11706727	2413	1374	n
11707001	2414	1371	n
11717426	2413	1376	Time:00:00:00:00;;
11718129	2413	1374	n
11718402	2413	1374	n
11718660	2414	1373	n
11718911	2415	1374	n
11729345	2414	1373	n
11729862	2413	1373	n
11730113	2413	1372	n
11730364	2415	1376	n
11730634	2414	1374	n
11730907	2415	1373	n
11731158	2413	1372	n
11741578	2414	1374	n
11742065	2413	1373	n
11742340	2413	1373	n
11742593	2413	1374	n
11742848	2414	1374	n
11743107	2415	1372	n
11753540	2413	1372	n
11754022	2413	1373	n
11754273	2415	1375	n
11754537	2414	1373	n
11754815	2413	1373	n
11755066	2415	1375	n
11765489	2414	1375	n
11765979	2414	1374	n
11766253	2414	1374	n
11766506	2414	1373	n
11766761	2413	1373	n
11767021	2414	1373	n
11767295	2413	1374	n
11777718	2414	1374	Time:00:00:00:00;;
11778411	2413	1375	n
11778698	2414	1374	n
11778949	2413	1373	n
11779200	2416	1374	n
11789638	2413	1373	n
11790146	2413	1375	n
11790397	2413	1374	n
11790656	2413	1373	n
11790915	2414	1373	n
11791188	2413	1373	n
11791439	2412	1373	n
11801864	2413	1375	n
11802339	2415	1374	n
11802630	2414	1373	n
11802881	2414	1375	n
11803132	2414	1375	n
11803384	2413	1373	n
11813827	2414	1374	n
11814304	2413	1375	n
11814558	2413	1374	n
11814813	2415	1373	n
11815102	2413	1373	n
11815353	2414	1375	n
11825773	2414	1374	n
11826249	2413	1375	n
11826534	2412	1374	n
11826790	2414	1374	n
11827041	2414	1374	n
11827292	2412	1373	n
11827577	2413	1373	n
11838003	2412	1373	n
11838480	2412	1373	n
11838737	2414	1371	n
11839019	2411	1372	n
11839270	2413	1372	n
11839523	2413	1373	n
11849957	2413	1375	n
11850464	2416	1375	n
11850719	2414	1373	n
11850970	2414	1375	n
11851221	2415	1375	n
11851506	2415	1375	n
11861895	2415	1374	n
11862379	2415	1373	n
11862636	2412	1372	n
11862896	2414	1375	n
11863169	2413	1374	n
11863420	2414	1375	n
11863676	2413	1373	n
11874056	2411	1374	n
11874568	2413	1373	n
11874823	2413	1373	n
11875074	2413	1373	n
11875334	2414	1373	n
11875609	2413	1371	n
11886009	2413	1374	n
11886496	2413	1374	n
11886760	2412	1373	n
11887033	2414	1374	n
11887284	2414	1374	n
11887540	2413	1374	n
11897947	2416	1375	n
11898457	2414	1374	n
11898712	2413	1374	n
11898964	2414	1374	n
11899224	2413	1374	n
11899506	2415	1373	n
11899761	2414	1373	n
11910194	2411	1373	n
11910690	2413	1373	n
11910963	2414	1374	n
11911214	2412	1371	n
11911466	2413	1371	n
11911730	2414	1374	n
11922148	2414	1374	Time:00:00:00:00;;
11922823	2413	1371	n
11923074	2415	1374	n
11923325	2411	1373	n
11923578	2413	1373	n
11923833	2413	1375	n
11934258	2415	1373	n
11934514	2413	1374	n
11934769	2414	1374	n
11935020	2413	1374	n
11935272	2415	1374	n
11935525	2414	1373	n
11945902	2414	1375	n
11946153	2413	1374	n
11946404	2414	1373	n
11946660	2415	1374	n
11946911	2414	1375	n
11947163	2413	1374	n
11957600	2414	1373	n
11957855	2413	1373	n
11958106	2413	1375	n
11958358	2415	1373	n
11958611	2414	1374	n
11958866	2413	1375	n
11969224	2415	1372	n
11969475	2411	1373	n
11969732	2414	1373	n
11969983	2412	1374	n
11970234	2412	1373	n
11970489	2414	1374	n
11980850	2415	1375	n
11981101	2415	1375	n
11981352	2415	1374	n
11981606	2413	1375	n
11981861	2415	1374	n
11982113	2414	1374	n
11992528	2413	1375	n
11992784	2412	1373	n
11993035	2415	1375	n
11993286	2413	1374	n
11993540	2415	1374	n
11993795	2413	1373	n
11994046	2414	1372	n
12004466	2415	1373	n
12004721	2414	1375	n
12004972	2412	1374	n
12005223	2414	1372	n
12005475	2414	1373	n
12005731	2411	1373	n
12016109	2414	1375	n
12016360	2414	1374	n
12016613	2414	1374	n
12016868	2414	1374	n
12017119	2414	1375	n
12017370	2413	1374	n
12027804	2415	1373	n
12028055	2413	1374	n
12028306	2413	1374	n
12028560	2415	1375	n
12028815	2415	1375	n
12029067	2413	1375	n
12039431	2415	1371	n
12039687	2411	1373	n
12039938	2412	1371	n
12040189	2413	1371	n
12040440	2411	1374	n
12040701	2412	1374	n
12051058	2414	1374	n
12051309	2415	1373	n
12051565	2413	1373	n
12051821	2414	1373	n
12052072	2411	1375	n
12052323	2414	1371	n
12062736	2415	1372	n
12062988	2415	1373	n
12063239	2414	1374	n
12063496	2415	1373	n
12063752	2414	1375	n
12064003	2413	1375	n
12064254	2413	1373	n
12074677	2414	1375	n
12074928	2415	1374	n
12075179	2414	1373	n
12075431	2415	1373	n
12075687	2415	1373	n
12075938	2414	1375	n
12086317	2413	1374	n
12086571	2415	1374	n
12086827	2415	1374	n
12087078	2413	1374	n
12087329	2415	1375	n
12087586	2414	1373	n
12098012	2416	1374	n
12098263	2416	1375	n
12098520	2415	1374	n
12098776	2414	1375	n
12099027	2416	1373	n
12099278	2413	1374	n
12109644	2416	1374	n
12109895	2415	1374	n
12110146	2414	1374	n
12110397	2413	1374	n
12110655	2415	1375	n
12110906	2414	1374	n
12121265	2414	1375	n
12121520	2414	1374	n
12121775	2415	1374	n
12122026	2415	1374	n
12122277	2416	1373	n
12122534	2415	1373	n
12132943	2415	1374	n
12133194	2413	1375	n
12133446	2414	1375	n
12133702	2414	1374	n
12133953	2414	1375	n
12134204	2413	1374	n
12134455	2415	1374	n
12144881	2414	1374	n
12145132	2413	1374	n
12145383	2414	1375	n
12145640	2414	1374	n
12145891	2414	1372	n
12146142	2413	1373	n
12156526	2416	1374	n
12156781	2414	1374	n
12157032	2415	1376	n
12157283	2414	1375	n
12157540	2415	1374	n
12157796	2415	1375	n
12168219	2415	1374	n
12168470	2414	1373	n
12168726	2415	1375	n
12168977	2413	1375	n
12169228	2415	1374	n
12169480	2415	1375	n
12179846	2415	1375	n
12180097	2415	1375	n
12180348	2415	1375	n
12180602	2415	1375	n
12180858	2414	1374	n
12181109	2412	1372	n
12191473	2414	1373	n
12191729	2415	1374	n
12191980	2412	1374	n
12192231	2415	1374	n
12192483	2414	1375	n
12192739	2413	1374	n
12203151	2414	1375	n
12203403	2415	1375	n
12203660	2414	1375	n
12203911	2415	1375	n
12204162	2414	1373	n
12204413	2414	1373	n
12204669	2416	1376	n
12215088	2414	1374	n
12215339	2413	1374	n
12215592	2414	1374	n
12215847	2412	1373	n
12216098	2413	1374	n
12216350	2412	1373	n
12226736	2413	1372	n
12226987	2413	1374	n
12227238	2411	1374	n
12227494	2414	1373	n
12227749	2414	1372	n
12228000	2415	1374	n
12238427	2413	1374	n
12238683	2414	1373	n
12238934	2413	1373	n
12239185	2413	1374	n
12239436	2414	1374	n
12239693	2415	1375	n
12250054	2414	1374	n
12250305	2413	1374	n
12250558	2414	1371	n
12250814	2415	1374	n
12251065	2414	1375	n
12251316	2415	1375	n
12261684	2411	1373	n
12261935	2414	1374	n
12262186	2415	1374	n
12262437	2414	1375	n
12262695	2414	1375	n
12262946	2414	1373	n
12273358	2413	1373	n
12273612	2413	1374	n
12273867	2413	1374	n
12274118	2413	1373	n
12274369	2413	1374	n
12274631	2414	1374	n
12274882	2413	1374	n
12285296	2414	1372	n
12285550	2413	1373	n
12285805	2415	1372	n
12286056	2414	1374	n
12286308	2413	1373	n
12286560	2413	1374	n
12296939	2414	1375	n
12297190	2413	1373	n
12297441	2411	1374	n
12297700	2415	1371	n
12297951	2414	1374	n
12298202	2414	1376	n
12308639	2413	1375	n
12308890	2414	1375	n
12309141	2415	1374	n
12309392	2414	1373	n
12309650	2415	1376	n
12309901	2411	1373	n
12320261	2414	1373	n
12320517	2413	1374	n
12320772	2413	1374	n
12321024	2412	1373	n
12321275	2414	1375	n
12321531	2412	1373	n
12331974	2413	1374	n
12332225	2415	1374	n
12332476	2415	1373	n
12332736	2414	1373	n
12332987	2415	1374	n
12333238	2412	1374	n
12343655	2415	1374	n
12343906	2414	1375	n
12344157	2414	1374	n
12344408	2414	1370	n
12344664	2414	1373	n
12344915	2414	1373	n
12345166	2413	1373	n
12355591	2413	1371	n
12355847	2414	1373	n
12356098	2414	1373	n
12356349	2413	1374	n
12356603	2415	1372	n
12356858	2413	1373	n
12367233	2411	1375	n
12367489	2414	1374	n
12367744	2414	1373	n
12367996	2415	1374	n
12368247	2414	1375	n
12368504	2414	1375	n
12378928	2414	1374	n
12379179	2414	1374	n
12379430	2413	1375	n
12379687	2411	1374	n
12379938	2415	1375	n
12380189	2414	1374	n
12390628	2415	1373	n
12390879	2415	1373	n
12391130	2415	1374	n
12391381	2414	1376	n
12391641	2413	1373	n
12391892	2415	1375	n
12402251	2412	1375	n
12402506	2414	1373	n
12402761	2414	1373	n
12403012	2415	1374	n
12403263	2415	1373	n
12403520	2414	1371	n
12403775	2414	1374	n
12414153	2414	1373	n
12414404	2414	1373	n
12414660	2413	1371	n
12414912	2414	1373	n
12415163	2413	1372	n
12415414	2414	1373	n
12425797	2416	1374	n
12426048	2413	1374	n
12426299	2411	1373	n
12426554	2414	1374	n
12426809	2414	1374	n
12427060	2413	1373	n
12437441	2413	1373	n
12437701	2414	1373	n
12437952	2411	1373	n
12438203	2415	1375	n
12438454	2409	1375	n
12438710	2415	1374	n
12449136	2414	1373	n
12449387	2413	1374	n
12449646	2415	1373	n
12449897	2415	1374	n
12450148	2414	1376	n
12450399	2413	1373	n
12460832	2415	1375	n
12461083	2415	1374	n
12461334	2414	1375	n
12461588	2415	1373	n
12461844	2415	1373	n
12462095	2414	1375	n
12472458	2416	1374	n
12472713	2415	1374	n
12472964	2415	1374	n
12473215	2416	1375	n
12473466	2415	1374	n
12473721	2416	1375	n
12473973	2414	1376	n
12484361	2414	1374	n
12484617	2415	1375	n
12484872	2415	1375	n
12485123	2414	1374	n
12485374	2413	1374	n
12485631	2415	1374	n
12496004	2413	1374	n
12496255	2415	1374	n
12496508	2416	1373	n
12496764	2413	1374	n
12497015	2414	1374	n
12497266	2414	1372	n
12507652	2416	1375	n
12507903	2415	1375	n
12508154	2415	1375	n
12508406	2415	1375	n
12508662	2416	1374	n
12508913	2415	1374	n
12519343	2416	1375	n
12519600	2415	1374	n
12519855	2416	1375	n
12520106	2415	1374	n
12520358	2415	1374	n
12520611	2415	1375	n
12531039	2414	1374	n
12531290	2414	1375	n
12531543	2413	1374	n
12531798	2414	1373	n
12532049	2413	1374	n
12532301	2412	1375	n
12542670	2414	1374	n
12542921	2414	1375	n
12543172	2414	1374	n
12543424	2413	1375	n
12543679	2414	1373	n
12543930	2413	1372	n
12544181	2415	1373	n
12554571	2414	1374	n
12554827	2414	1374	n
12555078	2413	1375	n
12555329	2414	1374	n
12555586	2414	1374	n
12555841	2414	1374	n
12566212	2415	1375	n
12566463	2416	1375	n
12566718	2413	1375	n
12566969	2414	1375	n
12567221	2414	1373	n
12567472	2414	1374	n
12577856	2414	1374	n
12578107	2415	1375	n
12578358	2415	1374	n
12578611	2415	1374	n
12578866	2415	1374	n
12579118	2414	1374	n
12589557	2414	1375	n
12589813	2411	1374	n
12590064	2415	1374	n
12590315	2416	1374	n
12590572	2414	1374	n
12590828	2414	1374	n
12601247	2415	1375	n
12601504	2415	1374	n
12601759	2415	1375	n
12602010	2415	1374	n
12602261	2415	1374	n
12602517	2415	1374	n
12612943	2414	1374	n
12613194	2413	1371	n
12613445	2413	1374	n
12613701	2413	1375	n
12613952	2414	1374	n
12614203	2414	1376	n
12614454	2412	1373	n
12624862	2413	1373	n
12625113	2413	1374	n
12625364	2414	1374	n
12625623	2415	1375	n
12625874	2413	1375	n
12626126	2415	1373	n
12636508	2416	1375	n
12636763	2414	1375	n
12637015	2415	1375	n
12637266	2414	1373	n
12637520	2414	1373	n
12637775	2413	1373	n
12648132	2415	1375	n
12648383	2415	1375	n
12648641	2415	1374	n
12648892	2416	1376	n
12649143	2415	1374	n
12649394	2415	1372	n
12659758	2413	1373	n
12660009	2414	1374	n
12660260	2415	1374	n
12660516	2414	1375	n
12660772	2413	1374	n
12661023	2413	1373	n
12671454	2413	1374	n
12671709	2413	1374	n
12671960	2412	1373	n
12672211	2414	1373	n
12672463	2416	1374	n
12672718	2414	1375	n
12683081	2414	1374	n
12683332	2415	1376	n
12683589	2413	1375	n
12683844	2415	1375	n
12684095	2415	1376	n
12684346	2415	1374	n
12684603	2414	1374	n
12694983	2414	1374	n
12695422	2415	1376	n
12695678	2414	1375	n
12695929	2414	1374	n
12696189	2413	1375	n
12696462	2415	1375	n
12706886	2413	1373	n
12707363	2415	1373	n
12707633	2415	1374	n
12707906	2414	1375	n
12708157	2414	1375	n
12708409	2414	1372	n
12718805	2413	1375	Time:00:00:00:00;;
12719532	2415	1376	n
12719787	2414	1373	n
12720038	2414	1375	n
12720321	2413	1375	n
12720575	2413	1375	n
12730949	2416	1375	n
12731425	2415	1376	n
12731689	2414	1376	n
12731962	2414	1374	n
12732213	2415	1373	n
12732464	2416	1374	n
12742903	2414	1375	n
12743410	2415	1373	n
12743666	2415	1374	n
12743917	2415	1375	n
12744176	2414	1373	n
12744450	2413	1374	n
12754824	2413	1375	n
12755301	2414	1374	n
12755565	2414	1375	n
12755842	2414	1374	n
12756093	2415	1375	n
12756345	2414	1373	n
12756608	2414	1373	n
12767011	2413	1373	n
12767493	2413	1374	n
12767748	2413	1375	n
12768008	2415	1374	Time:00:00:00:00;;
12768504	2413	1375	n
12778922	2415	1373	n
12779398	2413	1374	n
12779685	2415	1374	n
12779936	2414	1374	n
12780187	2414	1375	n
12780438	2413	1375	n
12780726	2414	1375	n
12791152	2412	1373	n
12791634	2411	1374	n
12791885	2411	1374	n
12792168	2411	1373	n
12792419	2411	1373	n
12792675	2413	1372	n
12803106	2414	1374	n
12803617	2414	1376	n
12803872	2414	1374	n
12804123	2413	1374	n
12804374	2415	1374	n
12804663	2414	1374	n
12815043	2414	1374	n
12815531	2415	1375	n
12815786	2413	1374	n
12816068	2415	1373	n
12816320	2415	1375	n
12816575	2413	1374	n
12816830	2413	1374	n
12827291	2415	1376	n
12827787	2416	1374	n
12828038	2416	1373	n
12828289	2415	1375	n
12828575	2414	1373	n
12828830	2415	1374	n
12839244	2411	1373	n
12839728	2415	1374	n
12840011	2413	1374	n
12840262	2413	1374	n
12840516	2412	1373	n
12840771	2415	1375	n
12851165	2414	1375	n
12851657	2414	1375	n
12851908	2415	1375	n
12852159	2414	1374	n
12852419	2414	1375	n
12852700	2413	1375	n
12852951	2414	1374	n
12863343	2415	1375	n
12863842	2414	1375	n
12864115	2415	1375	n
12864366	2413	1375	n
12864623	2416	1374	n
12864883	2415	1375	n
12875305	2414	1375	n
12875792	2414	1374	n
12876043	2414	1373	n
12876303	2415	1375	n
12876578	2413	1374	n
12876833	2413	1374	n
12887218	2415	1373	n
12887715	2411	1375	n
12887988	2414	1371	n
12888239	2413	1374	n
12888496	2414	1373	n
12888761	2414	1374	n
12889035	2414	1373	n
12899396	2414	1373	n
12899887	2415	1371	n
12900138	2413	1374	n
12900420	2413	1376	n
12900676	2414	1374	n
12900927	2414	1373	n
12911349	2414	1375	n
12911865	2414	1374	n
12912116	2413	1374	n
12912368	2415	1375	n
12912627	2414	1374	n
12912910	2413	1373	n
12923270	2413	1373	Time:00:00:00:00;;
12923922	2407	1374	n
12924173	2413	1372	n
12924424	2413	1374	n
12924680	2413	1371	n
12924931	2413	1371	n
12935327	2414	1374	n
12935582	2411	1373	n
12935838	2413	1373	n
12936089	2412	1373	n
12936340	2412	1373	n
12936593	2413	1373	n
12946971	2413	1374	n
12947222	2414	1375	n
12947473	2415	1373	n
12947730	2414	1374	n
12947981	2413	1373	n
12948232	2414	1373	n
12958671	2413	1374	n
12958922	2414	1375	n
12959173	2413	1373	n
12959424	2413	1375	n
12959680	2413	1373	n
12959931	2414	1373	n
12970345	2411	1371	n
12970602	2412	1373	n
12970858	2413	1374	n
12971109	2411	1374	n
12971360	2412	1373	n
12971613	2412	1373	n
12971868	2413	1373	n
12982282	2413	1373	n
12982537	2413	1374	n
12982792	2413	1374	n
12983044	2413	1372	n
12983295	2413	1374	n
12983551	2414	1373	n
12993926	2416	1372	n
12994177	2411	1375	n
12994428	2413	1374	n
12994684	2413	1373	n
12994935	2414	1374	n
12995186	2415	1373	n
13005625	2414	1374	n
13005876	2411	1375	n
13006128	2412	1373	n
13006379	2413	1374	n
13006635	2413	1374	n
13006886	2415	1374	n
13017247	2414	1372	n
13017503	2413	1373	n
13017758	2413	1374	n
13018009	2413	1373	n
13018260	2414	1374	n
13018517	2413	1374	n
13028960	2415	1375	n
13029211	2413	1374	n
13029462	2415	1374	n
13029717	2414	1374	n
13029968	2412	1373	n
13030219	2415	1374	n
13040643	2414	1373	n
13040894	2415	1374	n
13041145	2414	1374	n
13041396	2413	1374	n
13041655	2414	1375	n
13041906	2414	1374	n
13042157	2414	1373	n
13052578	2414	1374	n
13052833	2415	1374	n
13053084	2415	1375	n
13053335	2415	1375	n
13053592	2415	1375	n
13053847	2414	1375	n
13064219	2415	1374	n
13064470	2415	1375	n
13064725	2415	1374	n
13064977	2415	1375	n
13065228	2415	1376	n
13065479	2414	1375	n
13075914	2411	1373	n
13076165	2412	1373	n
13076416	2414	1374	n
13076672	2413	1374	n
13076923	2413	1373	n
13077174	2413	1373	n
13087610	2415	1374	n
13087865	2413	1374	n
13088116	2415	1374	n
13088367	2415	1373	n
13088627	2412	1373	n
13088879	2415	1373	n
13099237	2414	1373	n
13099493	2411	1371	n
13099749	2414	1375	n
13100000	2416	1375	n
13100251	2413	1373	n
13100506	2411	1373	n
13100761	2413	1374	n
13111139	2411	1373	n
13111390	2413	1373	n
13111650	2415	1372	n
13111901	2411	1371	n
13112152	2412	1371	n
13112403	2411	1371	n
13122786	2414	1373	n
13123037	2415	1375	n
13123288	2413	1376	n
13123541	2415	1373	n
13123796	2414	1375	n
13124048	2413	1373	n
13134427	2413	1375	n
13134683	2414	1374	n
13134934	2413	1372	n
13135185	2414	1374	n
13135436	2416	1373	n
13135693	2413	1374	n
13146122	2411	1373	n
13146373	2411	1371	n
13146630	2411	1373	n
13146881	2414	1374	n
13147133	2413	1374	n
13147384	2413	1374	n
13157818	2413	1375	n
13158069	2415	1374	n
13158320	2415	1375	n
13158574	2411	1374	n
13158829	2412	1374	n
13159080	2413	1373	n
13169445	2413	1373	n
13169701	2415	1375	n
13169952	2414	1373	n
13170203	2413	1374	n
13170454	2412	1373	n
13170710	2415	1377	n
13170961	2414	1375	n
13181347	2414	1373	n
13181602	2415	1373	n
13181858	2413	1373	n
13182109	2415	1373	n
13182360	2415	1375	n
13182613	2414	1373	n
13192991	2414	1375	n
13193242	2413	1375	n
13193496	2415	1374	n
13193751	2413	1373	n
13194002	2413	1375	n
13194253	2414	1373	n
13204642	2415	1375	n
13204893	2412	1374	n
13205145	2414	1374	n
13205396	2414	1373	n
13205654	2413	1374	n
13205906	2413	1373	n
13216329	2413	1374	n
13216586	2414	1375	n
13216841	2414	1375	n
13217092	2415	1373	n
13217343	2415	1375	n
13217600	2414	1373	n
13228025	2414	1374	n
13228276	2413	1375	n
13228531	2415	1374	n
13228786	2416	1375	n
13229037	2411	1374	n
13229289	2414	1374	n
13239655	2415	1375	n
13239906	2413	1374	n
13240157	2415	1374	n
13240409	2413	1373	n
13240664	2414	1373	n
13240915	2413	1373	n
13241166	2413	1373	n
13251557	2413	1373	n
13251812	2415	1374	n
13252063	2415	1374	n
13252314	2415	1374	n
13252568	2413	1373	n
13252823	2414	1374	n
13263198	2414	1374	n
13263449	2414	1375	n
13263705	2416	1375	n
13263956	2415	1375	n
13264207	2415	1375	n
13264458	2415	1374	n
13274842	2413	1374	n
13275093	2414	1374	n
13275344	2413	1374	n
13275599	2413	1374	n
13275855	2411	1372	n
13276106	2411	1373	n
13286540	2413	1374	n
13286795	2414	1373	n
13287046	2413	1373	n
13287297	2413	1372	n
13287554	2413	1374	n
13287810	2413	1372	n
13298233	2414	1375	n
13298489	2413	1372	n
13298744	2411	1374	n
13298996	2411	1372	n
13299247	2413	1373	n
13299504	2413	1373	n
13309929	2414	1374	n
13310180	2414	1374	n
13310431	2414	1374	n
13310687	2415	1373	n
13310938	2415	1375	n
13311189	2414	1374	n
13311440	2415	1373	n
13321848	2415	1374	n
13322099	2411	1374	n
13322350	2414	1373	n
13322607	2411	1373	n
13322862	2414	1375	n
13323113	2414	1372	n
13333496	2413	1375	n
13333752	2414	1374	n
13334003	2413	1373	n
13334254	2414	1372	n
13334507	2413	1373	n
13334762	2413	1373	n
13345187	2414	1375	n
13345438	2414	1373	n
13345695	2414	1374	n
13345946	2414	1374	n
13346198	2413	1374	n
13346449	2411	1374	n
13356831	2415	1373	n
13357082	2414	1375	n
13357333	2414	1373	n
13357588	2413	1374	n
13357843	2413	1375	n
13358094	2411	1373	n
13368531	2414	1372	n
13368786	2414	1373	n
13369037	2413	1375	n
13369289	2414	1374	n
13369542	2413	1373	n
13369797	2412	1372	n
13380205	2414	1374	n
13380457	2413	1374	n
13380712	2413	1373	n
13380963	2414	1375	n
13381214	2414	1373	n
13381466	2415	1373	n
13381721	2413	1375	n
13392142	2413	1373	n
13392393	2413	1373	n
13392654	2413	1374	n
13392906	2413	1374	n
13393157	2415	1375	n
13393408	2412	1374	n
13403786	2413	1375	n
13404037	2415	1373	n
13404288	2413	1374	n
13404541	2415	1375	n
13404796	2415	1374	n
13405047	2413	1373	n
13415482	2412	1376	n
13415738	2413	1373	n
13415989	2413	1374	n
13416241	2413	1375	n
13416496	2414	1375	n
13416752	2413	1374	n
13427177	2413	1374	n
13427428	2413	1374	n
13427684	2413	1374	n
13427935	2412	1374	n
13428186	2412	1373	n
13428437	2413	1374	n
13438820	2414	1373	n
13439071	2414	1372	n
13439322	2414	1374	n
13439575	2413	1374	n
13439830	2412	1374	n
13440081	2414	1373	n
13450503	2414	1375	n
13450758	2414	1374	n
13451009	2415	1373	n
13451260	2414	1374	n
13451517	2412	1374	n
13451772	2415	1374	n
13452023	2414	1373	n
13462436	2414	1373	n
13462692	2414	1373	n
13462944	2415	1375	n
13463195	2413	1375	n
13463446	2411	1375	n
13463702	2414	1373	n
13474079	2413	1372	n
13474330	2414	1373	n
13474585	2412	1373	n
13474840	2410	1373	n
13475091	2414	1374	n
13475342	2414	1372	n
13485774	2415	1375	n
13486025	2415	1374	n
13486276	2414	1374	n
13486531	2415	1374	n
13486787	2414	1375	n
13487038	2414	1374	n
13497470	2414	1373	n
13497725	2411	1371	n
13497976	2413	1373	n
13498227	2416	1373	n
13498479	2412	1375	n
13498736	2411	1371	n
13509097	2414	1373	n
13509348	2415	1375	n
13509602	2413	1374	n
13509857	2414	1375	n
13510108	2412	1373	n
13510359	2413	1373	n
13510612	2413	1373	n
13520999	2412	1374	n
13521250	2415	1375	n
13521506	2413	1374	n
13521761	2413	1373	n
13522012	2413	1375	n
13522264	2413	1373	n
13532648	2414	1375	n
13532899	2415	1374	n
13533150	2414	1374	n
13533401	2413	1374	n
13533659	2413	1373	n
13533910	2414	1374	n
13544287	2413	1373	n
13544540	2415	1374	n
13544795	2412	1372	n
13545046	2411	1373	n
13545297	2413	1373	n
13545555	2411	1371	n
13555982	2414	1374	n
13556233	2414	1374	n
13556489	2411	1373	n
13556744	2411	1373	n
13556995	2411	1373	n
13557246	2413	1371	n
13567682	2413	1374	n
13567933	2414	1373	n
13568184	2413	1373	n
13568435	2413	1372	n
13568693	2413	1374	n
13568944	2413	1374	n
13579305	2413	1375	n
13579558	2414	1373	n
13579813	2415	1375	n
13580064	2416	1374	n
13580315	2415	1374	n
13580572	2413	1374	n
13580828	2410	1372	n
13591207	2413	1375	n
13591458	2415	1374	n
13591713	2414	1374	n
13591964	2413	1373	n
13592216	2413	1374	n
13592467	2415	1374	n
13602851	2415	1374	n
13603102	2414	1374	n
13603353	2413	1374	n
13603609	2414	1373	n
13603865	2413	1374	n
13604116	2414	1373	n
13614496	2414	1371	n
13614752	2414	1374	n
13615003	2415	1373	n
13615254	2416	1375	n
13615507	2414	1374	n
13615762	2415	1375	n
13626189	2413	1373	n
13626440	2413	1374	n
13626700	2413	1375	n
13626951	2414	1373	n
13627202	2413	1373	n
13627453	2413	1374	n
13637885	2412	1373	n
13638136	2415	1373	n
13638387	2413	1375	n
13638646	2413	1373	n
13638897	2413	1373	n
13639148	2413	1375	n
13649516	2413	1375	n
13649772	2413	1374	n
13650023	2413	1374	n
13650274	2413	1375	n
13650531	2414	1375	n
13650787	2412	1372	n
13651038	2413	1371	n
13661414	2412	1371	n
13661669	2413	1375	n
13661921	2413	1374	n
13662172	2413	1373	n
13662423	2413	1375	n
13662678	2414	1374	n
13673058	2413	1373	n
13673309	2413	1374	n
13673565	2411	1372	n
13673820	2412	1371	n
13674071	2412	1373	n
13674323	2413	1373	n
13684706	2411	1372	n
13684957	2415	1373	n
13685208	2413	1374	n
13685459	2413	1373	n
13685715	2413	1371	n
13685966	2413	1373	n
13696397	2412	1374	n
13696858	2415	1375	n
13697109	2415	1373	n
13697369	2412	1374	n
13697650	2414	1372	n
13697901	2413	1373	n
13708264	2413	1375	n
13708759	2413	1374	n
13709033	2413	1372	n
13709284	2413	1371	n
13709540	2413	1373	n
13709804	2413	1372	n
13710078	2413	1374	n
13720500	2412	1374	Time:00:00:00:00;;
13721204	2414	1373	n
13721477	2413	1373	n
13721736	2413	1374	n
13721987	2413	1373	n
13732415	2414	1374	n
13732924	2413	1373	n
13733175	2414	1371	n
13733426	2414	1374	n
13733691	2413	1373	n
13733964	2413	1373	n
13734216	2411	1373	n
13744650	2414	1375	n
13745135	2414	1377	n
13745409	2415	1373	n
13745665	2415	1373	n
13745916	2414	1373	n
13746176	2413	1375	n
13756613	2414	1376	n
13757094	2415	1374	n
13757345	2415	1375	n
13757608	2414	1375	n
13757885	2414	1375	n
13758137	2415	1373	n
13768557	2413	1371	Time:00:00:00:00;;
13769265	2413	1374	n
13769541	2412	1373	n
13769796	2414	1371	n
13770047	2413	1373	n
13770329	2411	1374	n
13780751	2413	1374	n
13781228	2414	1374	n
13781480	2414	1375	n
13781767	2414	1374	n
13782018	2414	1373	n
13782269	2413	1373	n
13792706	2414	1373	n
13793214	2414	1375	n
13793465	2416	1375	n
13793721	2415	1375	n
13793972	2415	1373	n
13794254	2414	1374	n
13794507	2413	1373	n
13804934	2415	1375	n
13805409	2414	1372	n
13805698	2413	1373	n
13805949	2416	1375	n
13806200	2413	1373	n
13806451	2411	1374	n
13816888	2413	1374	n
13817379	2415	1374	n
13817635	2411	1373	n
13817887	2411	1373	n
13818146	2414	1373	n
13818420	2413	1375	n
13828843	2413	1374	n
13829319	2415	1375	n
13829583	2413	1373	n
13829861	2415	1373	n
13830112	2413	1373	n
13830363	2414	1373	n
13830629	2414	1374	n
13841073	2414	1374	n
13841554	2414	1374	n
13841809	2411	1373	n
13842069	2414	1373	n
13842342	2413	1375	n
13842595	2414	1373	n
13853027	2412	1375	n
13853517	2413	1374	n
13853795	2412	1373	n
13854046	2411	1374	n
13854297	2410	1374	n
13854559	2414	1373	n
13864965	2415	1373	n
13865447	2410	1374	n
13865703	2413	1372	n
13865962	2411	1373	n
13866236	2413	1374	n
13866489	2413	1373	n
13866745	2413	1373	n
13877126	2414	1375	n
13877641	2413	1372	n
13877892	2414	1371	n
13878143	2414	1374	n
13878403	2413	1372	n
13878682	2413	1374	n
13889079	2415	1374	n
13889565	2413	1375	n
13889829	2413	1375	n
13890102	2415	1375	n
13890353	2414	1374	n
13890609	2414	1374	n
13901017	2414	1373	n
13901537	2412	1372	n
13901792	2414	1373	n
13902043	2412	1373	n
13902295	2415	1375	n
13902578	2412	1371	n
13902834	2412	1374	n
13913264	2415	1373	n
13913751	2413	1372	n
13914033	2413	1374	n
13914284	2412	1373	n
13914540	2411	1373	n
13914795	2413	1375	n
13925218	2413	1373	Time:00:00:00:00;;
13925825	2413	1373	n
13926076	2413	1374	n
13926327	2414	1373	n
13926583	2415	1374	n
13926838	2415	1375	n
13937242	2414	1373	n
13937496	2413	1374	n
13937751	2414	1373	n
13938002	2411	1374	n
13938253	2411	1372	n
13938506	2411	1373	n
13948886	2414	1374	n
13949137	2414	1375	n
13949388	2416	1371	n
13949646	2414	1373	n
13949897	2414	1374	n
13950148	2413	1375	n
13960516	2413	1375	n
13960772	2415	1373	n
13961023	2413	1373	n
13961274	2414	1373	n
13961527	2412	1374	n
13961782	2413	1374	n
13972138	2414	1373	n
13972389	2415	1375	n
13972650	2414	1373	n
13972901	2414	1375	n
13973152	2414	1373	n
13973403	2413	1373	n
13983834	2413	1373	n
13984085	2414	1375	n
13984336	2414	1371	n
13984591	2412	1373	n
13984847	2411	1374	n
13985098	2415	1374	n
13995461	2415	1373	n
13995716	2410	1371	n
13995968	2414	1371	n
13996219	2414	1374	n
13996470	2415	1373	n
13996725	2413	1374	n
13996977	2413	1374	n
14007363	2414	1374	n
14007622	2414	1375	n
14007873	2414	1373	n
14008124	2414	1374	n
14008376	2414	1374	n
14008633	2414	1373	n
14019007	2413	1373	n
14019258	2414	1374	n
14019514	2413	1375	n
14019769	2414	1373	n
14020020	2413	1373	n
14020272	2415	1373	n
14030655	2414	1373	n
14030906	2411	1373	n
14031157	2413	1374	n
14031408	2413	1373	n
14031664	2414	1374	n
14031915	2414	1374	n
14042346	2413	1374	n
14042602	2411	1374	n
14042857	2413	1373	n
14043109	2413	1375	n
14043360	2411	1374	n
14043612	2412	1374	n
14054042	2414	1374	n
14054293	2413	1374	n
14054548	2413	1374	n
14054803	2413	1375	n
14055054	2414	1374	n
14055305	2414	1375	n
14065672	2415	1374	n
14065923	2414	1375	n
14066174	2414	1373	n
14066425	2414	1374	n
14066681	2414	1373	n
14066932	2413	1376	n
14067184	2411	1373	n
14077574	2411	1373	n
14077829	2413	1373	n
14078080	2415	1374	n
14078331	2413	1373	n
14078589	2415	1374	n
14078844	2411	1373	n
14089214	2413	1373	n
14089465	2414	1372	n
14089721	2412	1374	n
14089972	2411	1373	n
14090223	2411	1373	n
14090474	2412	1372	n
14100858	2413	1373	n
14101109	2410	1371	n
14101360	2413	1373	n
14101613	2415	1373	n
14101868	2413	1371	n
14102119	2411	1371	n
14112557	2411	1373	n
14112812	2413	1373	n
14113063	2414	1374	n
14113314	2411	1374	n
14113568	2413	1373	n
14113824	2413	1374	n
14124249	2413	1374	n
14124503	2411	1374	n
14124758	2413	1373	n
14125010	2415	1371	n
14125261	2413	1373	n
14125517	2413	1372	n
14135945	2414	1374	n
14136196	2414	1375	n
14136447	2412	1373	n
14136703	2415	1373	n
14136954	2412	1375	n
14137205	2414	1373	n
14137456	2412	1373	n
14147864	2412	1373	n
14148115	2414	1374	n
14148366	2414	1375	n
14148628	2413	1374	n
14148879	2411	1373	n
14149130	2414	1374	n
14159509	2413	1372	n
14159765	2411	1373	n
14160016	2413	1373	n
14160267	2411	1371	n
14160524	2414	1373	n
14160779	2407	1373	n
14171203	2413	1374	n
14171454	2411	1373	n
14171710	2411	1374	n
14171961	2414	1374	n
14172212	2413	1373	n
14172463	2415	1374	n
14182847	2413	1374	n
14183098	2414	1374	n
14183349	2411	1374	n
14183606	2415	1374	n
14183862	2413	1373	n
14184113	2411	1374	n
14194548	2414	1375	n
14194804	2414	1373	n
14195055	2411	1375	n
14195306	2414	1374	n
14195559	2413	1373	n
14195814	2415	1375	n
14206221	2411	1373	n
14206473	2412	1372	n
14206729	2413	1372	n
14206980	2411	1371	n
14207231	2413	1373	n
14207483	2411	1373	n
14207739	2412	1371	n
14218158	2413	1373	n
14218409	2413	1373	n
14218665	2413	1374	n
14218916	2414	1374	n
14219167	2411	1373	n
14219418	2413	1374	n
14229802	2411	1373	n
14230053	2413	1372	n
14230304	2415	1375	n
14230557	2413	1375	n
14230812	2414	1373	n
14231063	2414	1373	n
14241503	2415	1375	n
14241759	2415	1374	n
14242010	2415	1374	n
14242261	2416	1375	n
14242517	2415	1373	n
14242772	2413	1374	n
14253193	2411	1374	n
14253444	2413	1374	n
14253700	2414	1373	n
14253951	2413	1373	n
14254202	2412	1373	n
14254453	2413	1372	n
14264837	2412	1375	n
14265088	2413	1374	n
14265339	2413	1375	n
14265592	2413	1373	n
14265847	2414	1373	n
14266098	2414	1374	n
14276519	2413	1375	n
14276775	2415	1375	n
14277026	2415	1375	n
14277277	2415	1375	n
14277534	2414	1373	n
14277789	2414	1376	n
14278040	2414	1373	n
14288452	2413	1376	n
14288707	2415	1375	n
14288958	2413	1374	n
14289209	2415	1374	n
14289460	2415	1373	n
14289715	2413	1374	n
14300096	2413	1374	n
14300347	2412	1373	n
14300602	2413	1374	n
14300857	2413	1374	n
14301109	2413	1373	n
14301360	2414	1373	n
14311791	2414	1375	n
14312042	2414	1374	n
14312293	2415	1374	n
14312548	2411	1371	n
14312803	2413	1373	n
14313054	2414	1374	n
14323489	2415	1375	n
14323744	2415	1374	n
14323995	2414	1373	n
14324246	2413	1375	n
14324504	2414	1374	n
14324759	2414	1373	n
14335183	2412	1375	n
14335434	2412	1373	n
14335692	2413	1373	n
14335944	2413	1374	n
14336195	2412	1373	n
14336446	2410	1372	n
14336702	2412	1373	n
14347102	2415	1375	n
14347353	2413	1371	n
14347609	2415	1373	n
14347864	2414	1374	n
14348116	2414	1373	n
14348367	2413	1373	n
14358750	2413	1373	n
14359001	2413	1375	n
14359252	2412	1374	n
14359506	2411	1373	n
14359761	2413	1373	n
14360012	2414	1374	n
14370372	2413	1375	n
14370630	2413	1373	n
14370881	2414	1374	n
14371132	2413	1373	n
14371383	2412	1374	n
14371641	2413	1375	n
14381998	2412	1371	n
14382249	2413	1373	n
14382506	2413	1373	n
14382762	2414	1374	n
14383013	2413	1373	n
14383264	2413	1374	n
14393698	2411	1375	n
14393949	2414	1375	n
14394200	2413	1374	n
14394451	2410	1374	n
14394707	2411	1375	n
14394958	2413	1371	n
14405321	2413	1375	n
14405575	2414	1375	n
14405830	2415	1374	n
14406081	2414	1374	n
14406332	2413	1373	n
14406589	2412	1374	n
14406844	2413	1375	n
14417223	2414	1373	n
14417474	2414	1374	n
14417730	2414	1374	n
14417982	2416	1374	n
14418233	2413	1375	n
14418489	2414	1374	n
14428867	2411	1373	n
14429118	2413	1373	n
14429369	2413	1372	n
14429628	2412	1374	n
14429879	2413	1373	n
14430130	2412	1371	n
14440517	2412	1373	n
14440772	2411	1371	n
14441023	2414	1372	n
14441275	2413	1372	n
14441532	2413	1373	n
14441787	2415	1375	n
14452206	2414	1371	n
14452457	2414	1375	n
14452713	2415	1373	n
14452964	2414	1374	n
14453215	2414	1374	n
14453466	2414	1372	n
14463902	2415	1375	n
14464153	2413	1374	n
14464404	2413	1374	n
14464660	2414	1374	n
14464911	2414	1375	n
14465162	2413	1374	n
14475534	2413	1374	n
14475789	2413	1373	n
14476040	2414	1374	n
14476291	2413	1375	n
14476544	2413	1375	n
14476799	2413	1373	n
14477050	2413	1372	n
14487431	2413	1372	n
14487687	2413	1371	n
14487938	2411	1372	n
14488189	2413	1371	n
14488440	2411	1373	n
14488701	2413	1373	n
14499074	2412	1375	n
14499325	2413	1376	n
14499578	2413	1373	n
14499833	2413	1373	n
14500085	2414	1374	n
14500336	2415	1374	n
14510722	2413	1373	n
14510973	2414	1373	n
14511224	2416	1373	n
14511475	2415	1375	n
14511732	2414	1373	n
14511983	2415	1374	n
14522413	2413	1371	n
14522669	2413	1372	n
14522920	2415	1373	n
14523171	2413	1373	n
14523422	2413	1375	n
14523677	2411	1373	n
14534109	2413	1373	n
14534360	2411	1372	n
14534612	2412	1374	n
14534868	2413	1373	n
14535119	2413	1374	n
14535370	2412	1373	n
14545736	2414	1373	n
14545987	2413	1375	n
14546238	2414	1374	n
14546493	2413	1373	n
14546748	2414	1375	n
14547000	2415	1374	n
14547251	2415	1373	n
14557644	2413	1375	n
14557895	2413	1372	n
14558146	2415	1371	n
14558397	2412	1374	n
14558655	2411	1371	n
14558906	2413	1373	n
14569282	2413	1374	n
14569537	2411	1373	n
14569792	2412	1373	n
14570043	2413	1373	n
14570294	2413	1374	n
14570551	2414	1375	n
14580926	2413	1371	n
14581177	2413	1373	n
14581428	2414	1371	n
14581684	2414	1374	n
14581935	2415	1375	n
14582186	2414	1375	n
14592625	2416	1373	n
14592876	2414	1373	n
14593127	2415	1374	n
14593378	2414	1374	n
14593635	2414	1373	n
14593886	2414	1375	n
14604317	2413	1373	n
14604571	2411	1374	n
14604827	2414	1373	n
14605078	2413	1371	n
14605329	2411	1373	n
14605586	2412	1374	n
14616013	2413	1374	n
14616264	2413	1373	n
14616521	2413	1374	n
14616775	2413	1373	n
14617027	2412	1374	n
14617278	2413	1372	n
14617534	2413	1373	n
14627932	2414	1373	n
14628183	2413	1374	n
14628434	2413	1373	n
14628693	2412	1374	n
14628944	2414	1374	n
14629195	2414	1373	n
14639578	2415	1375	n
14639833	2415	1374	n
14640084	2413	1373	n
14640335	2413	1373	n
14640592	2411	1374	n
14640847	2413	1375	n
14651271	2412	1373	n
14651524	2415	1373	n
14651780	2413	1373	n
14652031	2413	1373	n
14652282	2415	1373	n
14652537	2414	1373	n
14662914	2413	1373	n
14663165	2413	1374	n
14663416	2412	1374	n
14663672	2413	1373	n
14663923	2412	1373	n
14664174	2412	1374	n
14674610	2414	1373	n
14674865	2414	1373	n
14675116	2413	1374	n
14675367	2413	1374	n
14675628	2415	1375	n
14675879	2414	1374	n
14686288	2411	1374	n
14686542	2414	1375	n
14686797	2415	1373	n
14687048	2413	1373	n
14687299	2413	1374	n
14687554	2413	1374	n
14687809	2413	1374	n
14698226	2411	1374	n
14698708	2413	1373	n
14698967	2413	1374	n
14699241	2413	1373	n
14699496	2411	1374	n
14699751	2413	1373	n
14710179	2415	1375	n
14710695	2413	1374	n
14710947	2413	1374	n
14711198	2414	1373	n
14711457	2413	1373	n
14711735	2413	1373	n
14722134	2411	1373	Time:00:00:00:00;;
14722834	2413	1372	n
14723116	2411	1375	n
14723368	2414	1373	n
14723627	2414	1375	n
14723886	2414	1375	n
14734338	2411	1373	n
14734821	2408	1373	n
14735072	2414	1373	n
14735323	2412	1373	n
14735609	2412	1374	n
14735864	2414	1372	n
14746284	2413	1372	n
14746768	2412	1373	n
14747050	2413	1372	n
14747301	2413	1373	n
14747557	2412	1375	n
14747813	2414	1373	n
14748095	2411	1371	n
14758517	2413	1374	n
14758998	2412	1373	n
14759249	2411	1374	n
14759537	2411	1373	n
14759792	2413	1373	n
14760043	2413	1375	n
14770468	2415	1373	Time:00:00:00:00;;
14771196	2414	1374	n
14771448	2411	1373	n
14771703	2413	1374	n
14771985	2413	1375	n
14772237	2413	1372	n
14782668	2412	1373	n
14783145	2411	1374	n
14783427	2411	1373	n
14783683	2411	1373	n
14783934	2413	1374	n
14784185	2413	1373	n
14794622	2413	1372	n
14795108	2413	1373	n
14795359	2413	1373	n
14795612	2413	1374	n
14795876	2412	1374	n
14796150	2413	1373	n
14806573	2413	1374	n
14807054	2413	1374	n
14807314	2415	1374	n
14807591	2414	1373	n
14807847	2414	1375	n
14808098	2413	1374	n
14808357	2414	1375	n
14818803	2414	1374	n
14819285	2413	1373	n
14819540	2415	1375	n
14819803	2411	1373	n
14820077	2414	1373	n
14820328	2415	1375	n
14830757	2414	1374	n
14831243	2413	1374	n
14831520	2414	1374	n
14831775	2413	1374	n
14832026	2413	1371	n
14832286	2414	1373	n
14842711	2413	1372	n
14843187	2411	1374	n
14843438	2413	1374	n
14843704	2414	1373	n
14843978	2410	1373	n
14844229	2413	1374	n
14844480	2411	1373	n
14854856	2415	1374	n
14855364	2414	1374	n
14855622	2413	1374	n
14855873	2413	1373	n
14856133	2413	1373	n
14856406	2414	1375	n
14866809	2413	1374	n
14867291	2413	1374	n
14867557	2412	1374	n
14867835	2410	1375	n
14868086	2413	1369	n
14868337	2413	1374	n
14878764	2414	1374	n
14879274	2414	1374	n
14879527	2413	1373	n
14879781	2414	1375	n
14880033	2413	1373	n
14880315	2414	1373	n
14880572	2412	1374	n
14890994	2413	1373	n
14891476	2413	1373	n
14891768	2413	1371	n
14892019	2414	1374	n
14892270	2413	1374	n
14892523	2413	1374	n
14902957	2414	1374	n
14903440	2413	1374	n
14903701	2415	1374	n
14903952	2414	1373	n
14904234	2412	1375	n
14904489	2414	1374	n
14914886	2414	1373	n
14915363	2413	1373	n
14915654	2414	1372	n
14915905	2414	1373	n
14916156	2414	1373	n
14916407	2412	1371	n
14916694	2412	1373	n
14927133	2412	1375	Time:00:00:00:00;;
14927719	2414	1374	n
14927970	2411	1375	n
14928221	2414	1375	n
14928472	2413	1373	n
14938880	2415	1373	n
14939131	2415	1374	n
14939382	2415	1374	n
14939640	2415	1375	n
14939891	2415	1374	n
14940142	2414	1373	n
14950509	2415	1375	n
14950764	2414	1375	n
14951016	2414	1375	n
14951267	2413	1375	n
14951523	2415	1373	n
14951779	2415	1374	n
14952030	2415	1373	n
14962409	2415	1373	n
14962665	2413	1375	n
14962916	2414	1373	n
14963167	2414	1375	n
14963418	2414	1374	n
14963673	2414	1374	n
14974053	2412	1373	n
14974304	2413	1373	n
14974557	2413	1374	n
14974812	2414	1373	n
14975063	2411	1373	n
14975314	2413	1374	n
14985701	2415	1375	n
14985952	2415	1375	n
14986203	2414	1375	n
14986454	2414	1374	n
14986710	2416	1376	n
14986961	2414	1375	n
14997392	2414	1374	n
14997650	2414	1374	n
14997901	2413	1373	n
14998153	2415	1371	n
14998404	2413	1372	n
14998661	2413	1374	n
15009088	2413	1375	n
15009339	2415	1373	n
15009592	2415	1375	n
15009847	2413	1374	n
15010098	2414	1375	n
15010350	2415	1374	n
15020715	2411	1374	n
15020966	2415	1374	n
15021217	2415	1375	n
15021468	2415	1374	n
15021723	2414	1374	n
15021974	2411	1373	n
15022225	2413	1373	n
15032623	2413	1374	n
15032875	2413	1373	n
15033126	2414	1373	n
15033377	2414	1373	n
15033634	2413	1373	n
15033885	2414	1374	n
15044261	2414	1374	n
15044517	2415	1373	n
15044772	2413	1374	n
15045023	2413	1373	n
15045274	2413	1374	n
15045532	2414	1373	n
15055904	2413	1374	n
15056155	2411	1375	n
15056406	2414	1372	n
15056662	2413	1373	n
15056913	2414	1373	n
15057164	2413	1375	n
15067604	2415	1375	n
15067859	2413	1374	n
15068110	2414	1374	n
15068361	2415	1374	n
15068617	2414	1374	n
15068872	2413	1373	n
15079295	2409	1372	n
15079551	2413	1374	n
15079806	2411	1373	n
15080057	2413	1373	n
15080308	2412	1374	n
15080566	2411	1374	n
15090991	2414	1371	n
15091242	2414	1373	n
15091496	2414	1373	n
15091751	2414	1374	n
15092002	2413	1371	n
15092253	2414	1374	n
15092506	2414	1373	n
15102911	2413	1374	n
15103162	2412	1373	n
15103413	2413	1374	n
15103668	2414	1374	n
15103920	2413	1374	n
15104171	2413	1373	n
15114557	2414	1374	n
15114812	2414	1373	n
15115063	2416	1375	n
15115314	2413	1371	n
15115568	2415	1374	n
15115823	2416	1374	n
15126181	2413	1375	n
15126432	2415	1374	n
15126688	2413	1372	n
15126939	2415	1373	n
15127190	2416	1376	n
15127441	2413	1375	n
15137807	2413	1373	n
15138058	2411	1372	n
15138309	2414	1375	n
15138565	2414	1373	n
15138820	2414	1374	n
15139071	2412	1373	n
15149506	2413	1375	n
15149761	2413	1373	n
15150012	2414	1373	n
15150263	2413	1373	n
15150521	2414	1373	n
15150775	2414	1374	n
15161199	2415	1374	n
15161450	2412	1375	n
15161705	2415	1374	n
15161956	2415	1373	n
15162207	2414	1375	n
15162459	2415	1374	n
15162714	2414	1373	n
15173118	2414	1375	n
15173369	2415	1375	n
15173628	2414	1375	n
15173879	2413	1374	n
15174130	2414	1374	n
15174381	2414	1373	n
15184766	2413	1375	n
15185017	2413	1375	n
15185268	2414	1375	n
15185523	2411	1373	n
15185778	2413	1374	n
15186029	2415	1373	n
15196389	2413	1373	n
15196646	2415	1373	n
15196897	2413	1373	n
15197149	2414	1374	n
15197400	2413	1374	n
15197659	2413	1373	n
15208101	2414	1374	n
15208352	2413	1374	n
15208609	2414	1372	n
15208865	2415	1375	n
15209116	2414	1374	n
15209367	2414	1375	n
15219797	2413	1372	n
15220048	2414	1373	n
15220299	2414	1372	n
15220554	2414	1373	n
15220809	2411	1373	n
15221060	2413	1373	n
15231475	2412	1373	n
15231736	2413	1373	n
15231987	2414	1374	n
15232238	2415	1373	n
15232494	2413	1375	n
15232749	2413	1373	n
15233000	2413	1375	n
15243412	2415	1375	n
15243667	2414	1374	n
15243919	2414	1374	n
15244170	2414	1374	n
15244421	2414	1375	n
15244676	2415	1372	n
15255056	2414	1375	n
15255307	2414	1374	n
15255560	2415	1375	n
15255815	2415	1374	n
15256067	2414	1374	n
15256318	2414	1374	n
15266751	2412	1375	n
15267002	2414	1372	n
15267253	2413	1374	n
15267507	2413	1374	n
15267762	2414	1374	n
15268013	2413	1374	n
15278377	2413	1374	n
15278634	2416	1373	n
15278885	2415	1373	n
15279136	2415	1374	n
15279387	2414	1372	n
15279646	2414	1374	n
15290004	2414	1374	n
15290255	2415	1374	n
15290508	2414	1374	n
15290763	2415	1373	n
15291015	2415	1374	n
15291266	2415	1375	n
15301682	2415	1375	n
15301934	2415	1375	n
15302185	2415	1373	n
15302436	2416	1375	n
15302692	2415	1375	n
15302943	2415	1375	n
15303194	2415	1375	n
15313627	2416	1375	n
15313878	2416	1375	n
15314129	2415	1373	n
15314380	2413	1373	n
15314641	2413	1373	n
15314892	2413	1375	n
15325263	2414	1374	n
15325517	2414	1375	n
15325772	2413	1374	n
15326023	2414	1374	n
15326275	2413	1375	n
15326532	2415	1375	n
15336958	2415	1374	n
15337209	2415	1374	n
15337460	2416	1375	n
15337716	2414	1375	n
15337967	2414	1374	n
15338218	2414	1374	n
15348588	2414	1374	n
15348843	2414	1375	n
15349094	2415	1376	n
15349345	2415	1375	n
15349600	2415	1376	n
15349855	2415	1375	n
15360298	2414	1374	n
15360554	2415	1374	n
15360810	2415	1375	n
15361061	2413	1374	n
15361312	2413	1375	n
15361568	2413	1373	n
15371976	2416	1374	n
15372227	2415	1374	n
15372479	2413	1375	n
15372736	2414	1373	n
15372987	2415	1375	n
15373238	2415	1374	n
15373493	2414	1374	n
15383913	2413	1375	n
15384164	2415	1374	n
15384415	2413	1373	n
15384670	2414	1374	n
15384921	2415	1374	n
15385172	2415	1375	n
15395559	2413	1374	n
15395814	2415	1375	n
15396065	2416	1375	n
15396316	2413	1375	n
15396572	2413	1375	n
15396827	2413	1376	n
15407252	2415	1373	n
15407506	2413	1374	n
15407761	2415	1375	n
15408012	2415	1374	n
15408263	2414	1374	n
15408520	2414	1374	n
15418948	2416	1374	n
15419199	2414	1373	n
15419450	2413	1373	n
15419705	2416	1374	n
15419956	2414	1375	n
15420207	2414	1374	n
15430575	2414	1373	n
15430830	2415	1375	n
15431081	2415	1375	n
15431332	2416	1377	n
15431589	2414	1372	n
15431844	2413	1374	n
15432095	2415	1375	n
15442477	2414	1374	n
15442736	2414	1375	n
15442987	2415	1374	n
15443238	2415	1374	n
15443493	2415	1375	n
15443748	2415	1375	n
15454121	2415	1373	n
15454372	2414	1374	n
15454630	2414	1374	n
15454881	2415	1373	n
15455132	2415	1374	n
15455383	2414	1373	n
15465768	2415	1374	n
15466019	2416	1374	n
15466270	2416	1374	n
15466523	2415	1375	n
15466778	2414	1374	n
15467030	2414	1375	n
15477459	2416	1375	n
15477715	2415	1375	n
15477966	2415	1374	n
15478217	2415	1375	n
15478468	2415	1375	n
15478723	2413	1374	n
15489155	2414	1374	n
15489406	2414	1373	n
15489662	2413	1375	n
15489913	2415	1373	n
15490164	2415	1373	n
15490415	2414	1373	n
15500782	2413	1375	n
15501033	2413	1374	n
15501284	2415	1375	n
15501540	2414	1373	n
15501795	2414	1372	n
15502047	2413	1374	n
15502298	2413	1373	n
15512688	2415	1376	n
15512939	2415	1373	n
15513191	2415	1375	n
15513442	2414	1373	n
15513700	2415	1375	n
15513951	2415	1374	n
15524328	2415	1374	n
15524583	2413	1373	n
15524838	2415	1373	n
15525089	2415	1375	n
15525340	2415	1375	n
15525593	2414	1375	n
15535972	2414	1374	n
15536223	2415	1374	n
15536474	2412	1376	n
15536731	2415	1374	n
15536982	2414	1374	n
15537233	2415	1374	n
15547671	2415	1373	n
15547922	2414	1373	n
15548174	2416	1374	n
15548425	2415	1375	n
15548680	2414	1374	n
15548931	2414	1375	n
15559363	2414	1375	n
15559623	2416	1373	n
15559874	2415	1374	n
15560126	2415	1374	n
15560377	2415	1375	n
15560634	2415	1375	n
15571059	2415	1374	n
15571310	2414	1375	n
15571565	2415	1375	n
15571820	2413	1374	n
15572071	2414	1374	n
15572322	2413	1375	n
15572576	2416	1375	n
15582978	2413	1374	n
15583229	2415	1373	n
15583481	2414	1374	n
15583737	2414	1373	n
15583988	2414	1375	n
15584239	2414	1375	n
15594631	2414	1373	n
15594882	2412	1374	n
15595133	2411	1373	n
15595384	2415	1374	n
15595641	2413	1374	n
15595892	2414	1374	n
15606317	2415	1376	n
15606572	2415	1376	n
15606827	2415	1375	n
15607078	2414	1377	n
15607329	2416	1375	n
15607586	2416	1375	n
15617961	2413	1373	n
15618212	2413	1374	n
15618463	2415	1373	n
15618719	2414	1374	n
15618970	2413	1375	n
15619221	2413	1372	n
15629661	2413	1373	n
15629912	2413	1375	n
15630163	2414	1375	n
15630414	2413	1374	n
15630670	2415	1374	n
15630921	2415	1375	n
15641335	2415	1375	n
15641592	2415	1375	n
15641847	2415	1375	n
15642098	2414	1375	n
15642349	2414	1374	n
15642607	2415	1374	n
15642862	2413	1373	n
15653272	2415	1375	n
15653525	2416	1375	n
15653781	2414	1373	n
15654032	2415	1375	n
15654283	2415	1375	n
15654537	2414	1373	n
15664916	2414	1373	n
15665167	2413	1375	n
15665418	2416	1376	n
15665673	2415	1374	n
15665924	2415	1374	n
15666175	2413	1374	n
15676611	2413	1375	n
15676866	2414	1375	n
15677118	2416	1375	n
15677369	2413	1374	n
15677628	2415	1374	n
15677879	2411	1374	n
15688237	2415	1375	n
15688514	2413	1375	n
15688778	2416	1373	n
15689052	2415	1374	n
15689303	2415	1375	n
15689557	2416	1375	n
15699950	2414	1375	n
15700458	2416	1374	n
15700713	2414	1375	n
15700964	2415	1374	n
15701224	2415	1375	n
15701504	2416	1375	n
15701759	2416	1376	n
15712181	2414	1376	Time:00:00:00:00;;
15712887	2414	1375	n
15713160	2415	1374	n
15713412	2414	1373	n
15713667	2415	1375	n
15724100	2413	1375	n
15724588	2415	1373	n
15724843	2413	1372	n
15725095	2414	1374	n
15725377	2414	1376	n
15725634	2413	1374	n
15725885	2414	1374	n
15736244	2415	1374	n
15736737	2414	1374	n
15737010	2415	1374	n
15737261	2416	1375	n
15737517	2416	1375	n
15737782	2414	1374	n
15748198	2416	1374	n
15748683	2415	1375	n
15748934	2413	1373	n
15749194	2414	1373	n
15749468	2416	1377	n
15749723	2416	1374	n
15760153	2415	1375	n
15760650	2415	1375	n
15760924	2415	1375	n
15761175	2415	1373	n
15761426	2414	1375	n
15761690	2414	1373	n
15761964	2413	1374	n
15772383	2414	1374	Time:00:00:00:00;;
15773088	2414	1375	n
15773362	2414	1374	n
15773617	2415	1375	n
15773872	2415	1374	n
15784303	2415	1374	n
15784822	2414	1375	n
15785073	2415	1374	n
15785324	2414	1374	n
15785586	2414	1375	n
15785864	2415	1375	n
15786115	2415	1373	n
15796537	2415	1376	n
15797026	2415	1374	n
15797300	2414	1375	n
15797554	2415	1375	n
15797810	2415	1374	n
15798070	2414	1374	n
15808500	2414	1374	n
15808982	2416	1375	n
15809233	2415	1374	n
15809496	2415	1374	n
15809774	2414	1374	n
15810025	2415	1373	n
15820442	2413	1373	n
15820938	2415	1375	n
15821212	2415	1374	n
15821463	2416	1375	n
15821718	2414	1374	n
15821978	2415	1373	n
15822252	2415	1375	n
15832676	2415	1375	n
15833154	2414	1375	n
15833405	2415	1373	n
15833691	2415	1374	n
15833943	2414	1374	n
15834194	2415	1375	n
15844631	2414	1375	n
15845138	2414	1375	n
15845389	2416	1374	n
15845650	2412	1375	n
15845901	2416	1374	n
15846183	2414	1374	n
15856580	2414	1375	n
15857061	2415	1374	n
15857312	2413	1373	n
15857600	2414	1374	n
15857855	2414	1374	n
15858107	2415	1375	n
15858358	2415	1375	n
15868819	2415	1375	n
15869300	2416	1376	n
15869557	2415	1375	n
15869812	2415	1374	n
15870096	2415	1375	n
15870347	2416	1376	n
15880764	2414	1374	n
15881248	2414	1373	n
15881533	2413	1373	n
15881789	2413	1375	n
15882040	2411	1375	n
15882291	2413	1373	n
15892702	2416	1375	n
15893189	2415	1375	n
15893440	2412	1374	n
15893700	2414	1375	n
15893959	2414	1374	n
15894233	2416	1375	n
15894489	2416	1374	n
15904863	2415	1375	n
15905352	2415	1375	n
15905632	2415	1375	n
15905883	2416	1376	n
15906134	2416	1375	n
15906394	2416	1374	n
15916825	2416	1375	n
15917303	2414	1374	n
15917557	2415	1376	n
15917821	2415	1374	n
15918094	2414	1375	n
15918345	2415	1374	n
15928755	2414	1375	Time:00:00:00:00;;
15929288	2414	1375	n
15929541	2414	1374	n
15929796	2414	1375	n
15930047	2415	1375	n
15930298	2413	1373	n
15940661	2414	1375	n
15940912	2415	1374	n
15941163	2414	1374	n
15941414	2415	1375	n
15941670	2413	1375	n
15941921	2415	1374	n
15952352	2414	1375	n
15952609	2415	1375	n
15952864	2415	1375	n
15953116	2416	1375	n
15953367	2415	1375	n
15953628	2416	1375	n
15964048	2415	1375	n
15964299	2414	1374	n
15964554	2414	1374	n
15964809	2414	1375	n
15965060	2413	1374	n
15965311	2416	1375	n
15975695	2416	1376	n
15975947	2415	1373	n
15976198	2415	1375	n
15976449	2413	1375	n
15976705	2413	1375	n
15976956	2414	1375	n
15987370	2415	1374	n
15987630	2414	1374	n
15987881	2414	1373	n
15988132	2415	1374	n
15988383	2415	1375	n
15988640	2415	1375	n
15988892	2414	1374	n
15999307	2413	1376	n
15999560	2414	1373	n
15999815	2413	1375	n
16000066	2415	1375	n
16000317	2414	1375	n
16000572	2413	1374	n
16010951	2415	1375	n
16011202	2415	1376	n
16011453	2415	1375	n
16011708	2415	1375	n
16011959	2415	1374	n
16012211	2415	1375	n
16022650	2416	1375	n
16022901	2415	1375	n
16023152	2414	1374	n
16023403	2414	1373	n
16023660	2414	1374	n
16023911	2414	1373	n
16034342	2414	1374	n
16034595	2415	1373	n
16034850	2415	1373	n
16035101	2414	1375	n
16035352	2415	1375	n
16035606	2414	1374	n
16045968	2416	1376	n
16046219	2415	1375	n
16046470	2415	1375	n
16046725	2416	1375	n
16046977	2414	1375	n
16047228	2414	1373	n
16047479	2416	1375	n
16057871	2412	1374	n
16058122	2416	1375	n
16058373	2413	1374	n
16058630	2414	1375	n
16058881	2414	1375	n
16059133	2414	1375	n
16069517	2415	1374	n
16069772	2415	1375	n
16070023	2415	1376	n
16070274	2413	1373	n
16070532	2414	1372	n
16070787	2415	1373	n
16081158	2415	1374	n
16081409	2414	1374	n
16081664	2415	1376	n
16081915	2414	1373	n
16082166	2415	1375	n
16082417	2415	1375	n
16092853	2415	1375	n
16093104	2415	1375	n
16093355	2414	1374	n
16093609	2416	1375	n
16093864	2415	1375	n
16094115	2415	1376	n
16104554	2412	1374	n
16104810	2415	1375	n
16105061	2415	1374	n
16105312	2414	1374	n
16105568	2414	1375	n
16105823	2415	1373	n
16116245	2415	1375	n
16116499	2414	1375	n
16116755	2414	1373	n
16117006	2414	1375	n
16117257	2415	1374	n
16117514	2416	1375	n
16117770	2414	1374	n
16128164	2413	1374	n
16128415	2415	1375	n
16128670	2415	1376	n
16128922	2413	1374	n
16129173	2414	1376	n
16129424	2415	1377	n
16139808	2415	1374	n
16140059	2415	1375	n
16140310	2415	1375	n
16140565	2415	1375	n
16140820	2415	1375	n
16141071	2415	1375	n
16151435	2415	1373	n
16151693	2414	1371	n
16151944	2413	1375	n
16152195	2413	1374	n
16152446	2414	1374	n
16152702	2415	1375	n
16163061	2415	1375	n
16163312	2415	1375	n
16163568	2415	1374	n
16163823	2415	1374	n
16164074	2414	1375	n
16164325	2413	1375	n
16174757	2414	1376	n
16175008	2416	1374	n
16175259	2416	1374	n
16175514	2415	1375	n
16175769	2414	1375	n
16176020	2414	1374	n
16186383	2415	1375	n
16186641	2415	1375	n
16186892	2415	1374	n
16187143	2415	1374	n
16187394	2414	1374	n
16187654	2414	1373	n
16187905	2414	1375	n
16198286	2415	1375	n
16198540	2414	1373	n
16198795	2414	1374	n
16199046	2415	1375	n
16199297	2416	1374	n
16199554	2413	1375	n
16209929	2414	1374	n
16210180	2414	1375	n
16210431	2414	1374	n
16210687	2415	1374	n
16210938	2413	1375	n
16211189	2414	1373	n
16221574	2415	1373	n
16221830	2413	1374	n
16222081	2413	1373	n
16222332	2413	1373	n
16222589	2414	1375	n
16222844	2413	1373	n
16233268	2415	1375	n
16233523	2414	1375	n
16233777	2413	1374	n
16234028	2413	1374	n
16234279	2413	1374	n
16234534	2414	1375	n
16244964	2415	1374	n
16245215	2415	1373	n
16245466	2416	1375	n
16245721	2413	1374	n
16245972	2414	1375	n
16246224	2414	1374	n
16256591	2414	1374	n
16256846	2414	1374	n
16257097	2415	1374	n
16257348	2414	1373	n
16257602	2414	1373	n
16257857	2414	1371	n
16258108	2414	1373	n
16268496	2415	1374	n
16268751	2415	1375	n
16269002	2415	1374	n
16269254	2415	1374	n
16269507	2415	1375	n
16269762	2414	1375	n
16280137	2414	1376	n
16280388	2414	1376	n
16280646	2415	1374	n
16280897	2411	1373	n
16281148	2413	1373	n
16281399	2414	1373	n
16291780	2416	1373	n
16292031	2416	1373	n
16292282	2413	1374	n
16292537	2413	1373	n
16292792	2415	1373	n
16293043	2414	1373	n
16303476	2415	1375	n
16303736	2415	1374	n
16303987	2415	1375	n
16304238	2414	1373	n
16304493	2415	1375	n
16304748	2414	1373	n
16315172	2414	1374	n
16315423	2415	1375	n
16315678	2415	1373	n
16315929	2416	1373	n
16316181	2415	1374	n
16316432	2414	1374	n
16326798	2415	1374	n
16327049	2415	1374	n
16327300	2413	1374	n
16327554	2411	1374	n
16327809	2414	1373	n
16328060	2414	1374	n
16328312	2413	1375	n
16338705	2414	1375	n
16338956	2415	1373	n
16339207	2413	1374	n
16339458	2416	1374	n
16339714	2413	1375	n
16339965	2414	1375	n
16350344	2413	1374	n
16350599	2415	1375	n
16350855	2415	1374	n
16351106	2415	1374	n
16351357	2413	1375	n
16351610	2414	1374	n
16361988	2416	1376	n
16362239	2415	1376	n
16362493	2415	1374	n
16362749	2415	1375	n
16363000	2413	1373	n
16363251	2414	1374	n
16373687	2412	1374	n
16373938	2414	1375	n
16374190	2413	1373	n
16374441	2411	1375	n
16374701	2413	1375	n
16374952	2411	1373	n
16385379	2414	1375	n
16385635	2414	1375	n
16385886	2413	1374	n
16386137	2413	1374	n
16386388	2413	1373	n
16386646	2414	1373	n
16397006	2414	1375	n
16397257	2412	1373	n
16397514	2414	1374	n
16397769	2415	1375	n
16398020	2414	1375	n
16398272	2414	1374	n
16398525	2413	1375	n
16408908	2414	1374	n
16409159	2415	1375	n
16409410	2414	1373	n
16409666	2415	1375	n
16409917	2414	1373	n
16410168	2415	1375	n
16420557	2414	1375	n
16420812	2414	1374	n
16421063	2414	1373	n
16421315	2415	1375	n
16421572	2414	1375	n
16421828	2414	1376	n
16432196	2414	1374	n
16432447	2411	1373	n
16432703	2413	1373	n
16432954	2413	1374	n
16433205	2413	1375	n
16433456	2413	1374	n
16443891	2415	1375	n
16444142	2413	1374	n
16444393	2414	1374	n
16444654	2414	1375	n
16444905	2414	1374	n
16445156	2414	1375	n
16455587	2415	1375	n
16455842	2411	1373	n
16456093	2414	1374	n
16456344	2415	1374	n
16456600	2413	1374	n
16456855	2413	1375	n
16467213	2415	1374	n
16467464	2416	1373	n
16467720	2415	1373	n
16467971	2415	1373	n
16468222	2415	1374	n
16468473	2414	1373	n
16468729	2414	1375	n
16479116	2413	1373	n
16479367	2413	1374	n
16479627	2413	1374	n
16479879	2414	1372	n
16480130	2415	1373	n
16480381	2414	1375	n
16490763	2415	1374	n
16491014	2415	1375	n
16491265	2415	1375	n
16491520	2414	1375	n
16491776	2414	1374	n
16492027	2414	1373	n
16502403	2415	1375	n
16502660	2414	1374	n
16502911	2414	1374	n
16503162	2413	1374	n
16503413	2413	1372	n
16503669	2416	1374	n
16514098	2414	1375	n
16514349	2414	1374	n
16514606	2415	1374	n
16514861	2415	1373	n
16515113	2416	1374	n
16515364	2414	1375	n
16525794	2415	1375	n
16526045	2415	1375	n
16526296	2413	1375	n
16526551	2415	1374	n
16526806	2416	1375	n
16527057	2414	1375	n
16537421	2416	1377	n
16537676	2414	1373	n
16537927	2415	1374	n
16538178	2414	1374	n
16538429	2415	1373	n
16538685	2413	1375	n
16538937	2415	1374	n
16549323	2414	1374	n
16549576	2413	1374	n
16549832	2415	1373	n
16550083	2414	1374	n
16550334	2414	1373	n
16550588	2414	1374	n
16560967	2413	1374	n
16561218	2415	1373	n
16561469	2415	1373	n
16561724	2414	1372	n
16561975	2414	1375	n
16562226	2415	1375	n
16572612	2415	1374	n
16572868	2414	1374	n
16573119	2415	1374	n
16573370	2415	1374	n
16573631	2415	1375	n
16573882	2416	1373	n
16584306	2413	1375	n
16584559	2413	1374	n
16584815	2415	1375	n
16585066	2414	1374	n
16585317	2413	1373	n
16585571	2413	1371	n
16596002	2416	1372	n
16596253	2415	1374	n
16596506	2415	1374	n
16596761	2414	1373	n
16597012	2412	1373	n
16597263	2413	1373	n
16607631	2415	1373	n
16607883	2414	1374	n
16608134	2414	1373	n
16608385	2412	1373	n
16608646	2413	1373	n
16608897	2414	1373	n
16609148	2414	1374	n
16619534	2414	1373	n
16619789	2415	1375	n
16620040	2415	1375	n
16620291	2415	1373	n
16620548	2415	1374	n
16620803	2414	1374	n
16631174	2414	1377	n
16631425	2414	1374	n
16631680	2413	1373	n
16631932	2414	1373	n
16632183	2411	1375	n
16632434	2415	1374	n
16642818	2415	1374	n
16643069	2415	1373	n
16643320	2414	1374	n
16643574	2414	1372	n
16643829	2414	1375	n
16644080	2415	1374	n
16654516	2415	1374	n
16654772	2414	1373	n
16655023	2414	1375	n
16655274	2414	1374	n
16655527	2415	1373	n
16655781	2414	1374	n
16666209	2415	1375	n
16666460	2416	1374	n
16666715	2415	1376	n
16666966	2415	1374	n
16667217	2415	1374	n
16667469	2415	1373	n
16677836	2414	1375	n
16678087	2413	1373	n
16678338	2413	1372	n
16678591	2413	1373	n
16678847	2414	1374	n
16679098	2414	1375	n
16679349	2413	1375	n
16689742	2414	1374	n
16690060	2414	1374	n
16690311	2414	1374	n
16690576	2413	1375	n
16690854	2414	1375	n
16691105	2412	1375	n
16701468	2415	1374	n
16701949	2415	1374	n
16702232	2415	1375	n
16702484	2414	1373	n
16702740	2414	1375	n
16702991	2414	1373	n
16713422	2416	1375	Time:00:00:00:00;;
16714126	2415	1373	n
16714377	2416	1373	n
16714643	2415	1374	n
16714917	2415	1375	n
16715168	2415	1374	n
16725538	2414	1373	n
16726027	2413	1373	n
16726301	2416	1375	n
16726557	2413	1373	n
16726813	2415	1376	n
16727073	2414	1375	n
16737500	2414	1373	n
16737980	2413	1374	n
16738231	2413	1374	n
16738496	2415	1374	n
16738774	2412	1373	n
16739025	2415	1374	n
16749440	2413	1374	n
16749935	2415	1375	n
16750208	2414	1375	n
16750459	2415	1374	n
16750715	2415	1375	n
16750975	2415	1375	n
16751248	2415	1373	n
16761675	2416	1373	n
16762154	2415	1375	n
16762415	2415	1374	n
16762693	2414	1374	n
16762944	2416	1375	n
16763195	2414	1374	n
16773628	2413	1375	Time:00:00:00:00;;
16774351	2414	1374	n
16774606	2414	1373	n
16774861	2415	1375	n
16775143	2413	1373	n
16775394	2413	1374	n
16785821	2415	1374	n
16786299	2415	1374	n
16786585	2413	1375	n
16786840	2413	1375	n
16787091	2416	1375	n
16787342	2413	1373	n
16797782	2416	1373	n
16798257	2414	1375	n
16798514	2414	1374	n
16798770	2414	1375	n
16799052	2415	1376	n
16799304	2415	1375	n
16809729	2414	1374	n
16810206	2413	1373	n
16810494	2415	1374	n
16810749	2413	1374	n
16811000	2414	1374	n
16811251	2413	1374	n
16811537	2413	1375	n
16821959	2415	1374	n
16822441	2413	1373	n
16822701	2413	1374	n
16822984	2413	1374	n
16823235	2413	1375	n
16823489	2414	1373	n
16833913	2415	1374	n
16834421	2416	1376	n
16834676	2414	1373	n
16834927	2415	1376	n
16835178	2415	1375	n
16835460	2416	1375	n
16845851	2415	1375	n
16846327	2415	1375	n
16846582	2416	1374	n
16846846	2415	1375	n
16847120	2415	1374	n
16847371	2414	1374	n
16847630	2416	1375	n
16858012	2414	1373	n
16858523	2414	1375	n
16858777	2416	1375	n
16859028	2415	1375	n
16859287	2415	1375	n
16859565	2414	1373	n
16869966	2415	1375	n
16870449	2413	1374	n
16870714	2414	1375	n
16870987	2414	1374	n
16871238	2413	1373	n
16871494	2414	1375	n
16881903	2415	1374	n
16882417	2414	1375	n
16882673	2416	1374	n
16882924	2416	1374	n
16883184	2415	1374	n
16883457	2414	1375	n
16883713	2415	1374	n
16894151	2414	1374	n
16894644	2414	1375	n
16894918	2414	1374	n
16895169	2414	1375	n
16895420	2415	1376	n
16895685	2415	1376	n
16906113	2413	1375	n
16906600	2414	1373	n
16906855	2413	1374	n
16907115	2414	1373	n
16907390	2414	1374	n
16907650	2413	1374	n
16918025	2415	1374	n
16918506	2415	1375	n
16918792	2415	1375	n
16919043	2414	1374	n
16919294	2415	1375	n
16919551	2413	1375	Time:00:00:00:00;;
16930171	2414	1373	n
16930444	2413	1375	n
16930701	2416	1374	n
16930952	2415	1373	n
16931203	2414	1375	n
16931454	2413	1373	n
16941864	2414	1373	n
16942115	2412	1375	n
16942366	2413	1373	n
16942628	2415	1373	n
16942879	2414	1374	n
16943130	2413	1371	n
16953509	2413	1374	n
16953765	2411	1373	n
16954016	2413	1374	n
16954267	2414	1373	n
16954523	2414	1375	n
16954779	2412	1373	n
16965186	2415	1374	n
16965437	2415	1374	n
16965694	2416	1373	n
16965945	2415	1373	n
16966197	2415	1374	n
16966448	2411	1373	n
16966704	2412	1373	n
16977123	2413	1373	n
16977374	2416	1376	n
16977631	2414	1375	n
16977882	2415	1373	n
16978133	2413	1375	n
16978384	2413	1374	n
16988770	2415	1372	n
16989021	2414	1374	n
16989273	2414	1373	n
16989526	2413	1374	n
16989781	2414	1373	n
16990032	2413	1375	n
17000462	2416	1374	n
17000718	2415	1375	n
17000969	2415	1375	n
17001220	2414	1374	n
17001471	2413	1375	n
17001727	2414	1375	n
17012158	2415	1374	n
17012409	2416	1374	n
17012664	2414	1376	n
17012915	2414	1374	n
17013166	2415	1375	n
17013417	2415	1374	n
17023785	2416	1377	n
17024036	2416	1376	n
17024287	2416	1376	n
17024540	2415	1375	n
17024795	2414	1374	n
17025046	2416	1374	n
17025297	2416	1375	n
17035691	2414	1375	n
17035942	2415	1375	n
17036194	2414	1375	n
17036445	2415	1374	n
17036701	2415	1374	n
17036952	2414	1374	n
17047331	2415	1375	n
17047585	2414	1375	n
17047841	2415	1374	n
17048092	2414	1373	n
17048343	2415	1373	n
17048600	2414	1373	n
17058974	2415	1375	n
17059225	2415	1375	n
17059476	2415	1376	n
17059736	2415	1375	n
17059987	2414	1374	n
17060238	2414	1375	n
17070673	2415	1375	n
17070924	2415	1375	n
17071175	2416	1375	n
17071426	2416	1376	n
17071682	2416	1374	n
17071933	2415	1376	n
17082365	2415	1375	n
17082622	2414	1375	n
17082873	2415	1375	n
17083124	2414	1373	n
17083376	2415	1374	n
17083633	2415	1374	n
17093992	2415	1376	n
17094243	2414	1375	n
17094500	2416	1375	n
17094755	2414	1375	n
17095007	2415	1374	n
17095258	2414	1375	n
17095515	2415	1373	n
17105894	2415	1375	n
17106145	2414	1374	n
17106396	2415	1375	n
17106655	2414	1375	n
17106906	2415	1375	n
17107157	2415	1376	n
17117540	2414	1374	n
17117795	2415	1374	n
17118046	2416	1374	n
17118298	2412	1373	n
17118555	2415	1374	n
17118810	2414	1373	n
17129182	2415	1374	n
17129433	2415	1374	n
17129693	2414	1376	n
17129944	2416	1373	n
17130195	2415	1375	n
17130446	2411	1375	n
17140877	2416	1373	n
17141128	2415	1374	n
17141379	2415	1374	n
17141636	2415	1374	n
17141887	2413	1375	n
17142138	2414	1375	n
17152573	2414	1375	n
17152828	2415	1374	n
17153079	2415	1375	n
17153330	2415	1375	n
17153585	2415	1375	n
17153840	2414	1375	n
17164200	2415	1374	n
17164451	2409	1374	n
17164706	2414	1374	n
17164957	2414	1373	n
17165209	2413	1373	n
17165460	2416	1374	n
17165715	2414	1375	n
17176102	2414	1375	n
17176353	2414	1373	n
17176609	2414	1373	n
17176865	2415	1374	n
17177116	2415	1374	n
17177367	2415	1375	n
17187750	2413	1375	n
17188001	2414	1375	n
17188253	2414	1374	n
17188506	2414	1375	n
17188761	2413	1374	n
17189012	2414	1374	n
17199389	2415	1375	n
17199646	2415	1376	n
17199897	2415	1376	n
17200148	2415	1375	n
17200399	2414	1374	n
17200660	2414	1375	n
17211084	2415	1377	n
17211335	2415	1375	n
17211592	2415	1374	n
17211847	2414	1374	n
17212098	2414	1374	n
17212349	2414	1375	n
17222780	2415	1375	n
17223031	2415	1375	n
17223282	2415	1373	n
17223537	2414	1375	n
17223792	2414	1375	n
17224044	2415	1374	n
17234407	2415	1372	n
17234662	2414	1374	n
17234914	2414	1375	n
17235165	2415	1375	n
17235416	2416	1375	n
17235671	2416	1374	n
17235922	2415	1375	n
17246309	2415	1374	n
17246565	2415	1375	n
17246820	2415	1375	n
17247071	2416	1375	n
17247322	2413	1374	n
17247575	2415	1375	n
17257953	2415	1374	n
17258204	2413	1374	n
17258455	2413	1375	n
17258710	2415	1374	n
17258961	2412	1374	n
17259212	2414	1374	n
17269602	2413	1376	n
17269858	2413	1375	n
17270109	2413	1376	n
17270360	2414	1375	n
17270613	2414	1374	n
17270868	2415	1374	n
17281292	2416	1374	n
17281548	2415	1374	n
17281803	2415	1375	n
17282054	2415	1373	n
17282305	2414	1375	n
17282558	2415	1373	n
17292988	2415	1375	n
17293239	2415	1374	n
17293496	2414	1375	n
17293752	2414	1374	n
17294003	2413	1374	n
17294254	2414	1375	n
17304615	2414	1374	n
17304870	2414	1373	n
17305121	2412	1373	n
17305373	2414	1374	n
17305630	2415	1376	n
17305881	2414	1374	n
17306132	2414	1373	n
17316520	2415	1374	n
17316776	2415	1373	n
17317027	2415	1374	n
17317278	2414	1374	n
17317534	2415	1375	n
17317790	2414	1375	n
17328161	2415	1377	n
17328412	2415	1375	n
17328667	2415	1375	n
17328919	2414	1374	n
17329170	2415	1375	n
17329421	2415	1375	n
17339804	2413	1373	n
17340055	2416	1374	n
17340306	2415	1375	n
17340559	2413	1375	n
17340814	2413	1375	n
17341065	2416	1374	n
17351503	2413	1374	n
17351758	2413	1375	n
17352009	2415	1373	n
17352260	2414	1375	n
17352517	2415	1374	n
17352772	2413	1374	n
17363195	2414	1374	n
17363446	2414	1373	n
17363702	2415	1375	n
17363953	2415	1375	n
17364204	2414	1374	n
17364456	2416	1374	n
17374822	2415	1375	n
17375073	2416	1375	n
17375324	2415	1374	n
17375577	2414	1374	n
17375833	2414	1375	n
17376084	2415	1376	n
17376335	2413	1375	n
17386728	2415	1374	n
17386980	2415	1374	n
17387231	2414	1373	n
17387483	2415	1374	n
17387739	2415	1374	n
17387990	2414	1374	n
17398368	2415	1373	n
17398627	2415	1375	n
17398878	2413	1373	n
17399129	2414	1372	n
17399381	2413	1374	n
17399641	2415	1373	n
17410012	2415	1375	n
17410263	2415	1374	n
17410517	2415	1375	n
17410773	2415	1375	n
17411024	2416	1374	n
17411275	2415	1375	n
17421712	2414	1375	n
17421963	2412	1375	n
17422214	2415	1374	n
17422465	2416	1375	n
17422721	2415	1375	n
17422972	2415	1374	n
17433403	2413	1374	n
17433660	2414	1373	n
17433911	2414	1373	n
17434162	2414	1373	n
17434413	2413	1374	n
17434669	2413	1373	n
17445030	2414	1375	n
17445281	2415	1376	n
17445538	2414	1375	n
17445792	2415	1375	n
17446044	2414	1373	n
17446295	2415	1375	n
17446551	2413	1374	n
17456932	2415	1376	n
17457183	2415	1376	n
17457434	2415	1375	n
17457693	2415	1373	n
17457944	2416	1375	n
17458195	2414	1375	n
17468578	2414	1376	n
17468833	2416	1374	n
17469084	2415	1375	n
17469336	2413	1376	n
17469592	2416	1375	n
17469847	2415	1375	n
17480219	2415	1375	n
17480470	2415	1374	n
17480725	2413	1375	n
17480976	2415	1375	n
17481228	2415	1374	n
17481479	2414	1374	n
17491914	2415	1373	n
17492165	2416	1375	n
17492416	2415	1375	n
17492672	2413	1373	n
17492923	2414	1374	n
17493174	2414	1374	n
17503610	2415	1374	n
17503865	2415	1374	n
17504116	2414	1375	n
17504367	2415	1375	n
17504628	2415	1375	n
17504879	2413	1375	n
17515237	2411	1375	n
17515493	2416	1375	n
17515749	2415	1374	n
17516000	2413	1374	n
17516251	2414	1373	n
17516506	2413	1372	n
17516761	2416	1374	n
17527139	2414	1375	n
17527390	2415	1374	n
17527650	2415	1374	n
17527901	2415	1375	n
17528153	2415	1373	n
17528404	2414	1372	n
17538786	2414	1375	n
17539037	2413	1374	n
17539288	2415	1375	n
17539541	2414	1372	n
17539797	2413	1374	n
17540048	2415	1375	n
17550427	2414	1375	n
17550683	2415	1375	n
17550934	2414	1375	n
17551185	2415	1375	n
17551436	2416	1374	n
17551692	2415	1374	n
17562122	2415	1374	n
17562373	2413	1374	n
17562630	2413	1374	n
17562881	2412	1375	n
17563132	2411	1371	n
17563384	2413	1374	n
17573818	2414	1373	n
17574069	2413	1374	n
17574320	2413	1373	n
17574574	2411	1375	n
17574830	2411	1374	n
17575081	2414	1373	n
17585445	2413	1373	n
17585701	2413	1373	n
17585952	2414	1374	n
17586203	2415	1374	n
17586454	2411	1375	n
17586710	2415	1373	n
17586961	2413	1374	n
17597347	2414	1374	n
17597602	2414	1374	n
17597858	2414	1375	n
17598109	2416	1374	n
17598360	2414	1374	n
17598613	2413	1375	n
17608991	2412	1374	n
17609242	2415	1375	n
17609496	2415	1371	n
17609751	2412	1374	n
17610002	2414	1373	n
17610253	2413	1375	n
17620642	2413	1373	n
17620893	2413	1373	n
17621144	2413	1373	n
17621395	2414	1375	n
17621654	2412	1373	n
17621905	2411	1373	n
17632329	2415	1375	n
17632585	2415	1374	n
17632840	2415	1373	n
17633091	2415	1374	n
17633343	2415	1375	n
17633600	2413	1375	n
17644025	2414	1374	n
17644276	2414	1374	n
17644531	2414	1374	n
17644786	2415	1373	n
17645037	2415	1374	n
17645288	2414	1374	n
17655655	2415	1375	n
17655907	2415	1373	n
17656158	2415	1373	n
17656409	2413	1373	n
17656665	2415	1373	n
17656916	2413	1374	n
17657167	2415	1375	n
17667557	2413	1375	n
17667812	2415	1373	n
17668063	2413	1373	n
17668314	2415	1375	n
17668568	2413	1374	n
17668824	2413	1374	n
17679198	2414	1375	n
17679449	2414	1375	n
17679705	2414	1375	n
17679956	2414	1375	n
17680207	2416	1377	n
17680458	2415	1373	n
17690850	2415	1375	n
17691190	2414	1375	n
17691441	2415	1374	n
17691699	2414	1373	n
17691981	2411	1371	n
17692233	2414	1373	n
17702628	2414	1373	n
17703105	2413	1374	n
17703365	2414	1374	n
17703646	2414	1374	n
17703897	2414	1373	n
17704148	2414	1375	n
17714544	2415	1375	Time:00:00:00:00;;
17715270	2413	1374	n
17715523	2415	1374	n
17715788	2415	1374	n
17716061	2414	1373	n
17716312	2414	1375	n
17726691	2415	1375	n
17727177	2416	1372	n
17727451	2411	1374	n
17727706	2415	1375	n
17727957	2415	1376	n
17728217	2416	1374	n
17738653	2415	1374	n
17739128	2414	1374	n
17739379	2413	1373	n
17739636	2415	1374	n
17739918	2413	1373	n
17740169	2413	1373	n
17740420	2414	1376	n
17750786	2411	1374	n
17751271	2415	1375	n
17751548	2414	1373	n
17751803	2411	1373	n
17752055	2416	1375	n
17752315	2413	1375	n
17762741	2415	1375	n
17763219	2415	1376	n
17763470	2415	1374	n
17763735	2414	1376	n
17764009	2414	1374	n
17764260	2415	1375	n
17774698	2415	1375	Time:00:00:00:00;;
17775398	2415	1373	n
17775682	2414	1374	n
17775933	2415	1374	n
17776193	2414	1375	n
17776468	2416	1373	n
17786889	2415	1374	n
17787366	2414	1373	n
17787636	2414	1374	n
17787910	2415	1371	n
17788161	2413	1373	n
17788412	2414	1373	n
17798844	2412	1374	n
17799351	2414	1374	n
17799606	2413	1375	n
17799861	2413	1373	n
17800121	2413	1373	n
17800394	2413	1374	n
17800654	2413	1371	n
17811074	2415	1374	n
17811563	2414	1373	n
17811841	2414	1373	n
17812092	2414	1374	n
17812343	2415	1373	n
17812609	2413	1373	n
17823037	2416	1375	n
17823523	2414	1374	n
17823778	2415	1373	n
17824038	2413	1373	n
17824311	2413	1373	n
17824568	2416	1374	n
17834983	2414	1374	n
17835469	2415	1374	n
17835747	2414	1375	n
17835998	2415	1373	n
17836249	2415	1374	n
17836511	2413	1375	n
17836789	2413	1373	n
17847213	2415	1374	n
17847696	2414	1374	n
17847956	2413	1374	n
17848229	2414	1373	n
17848481	2414	1375	n
17848737	2415	1374	n
17859167	2414	1375	n
17859683	2415	1374	n
17859934	2415	1375	n
17860185	2415	1375	n
17860444	2413	1373	n
17860723	2414	1374	n
17871105	2414	1374	n
17871591	2413	1375	n
17871847	2413	1374	n
17872129	2413	1374	n
17872380	2416	1373	n
17872641	2412	1373	n
17872892	2411	1375	n
17883360	2414	1374	n
17883853	2414	1374	n
17884104	2413	1373	n
17884355	2414	1374	n
17884646	2414	1373	n
17884897	2413	1374	n
17895306	2413	1375	n
17895792	2414	1373	n
17896074	2414	1373	n
17896325	2414	1373	n
17896578	2414	1375	n
17896833	2415	1376	n
17907226	2415	1375	n
17907724	2413	1374	n
17907975	2415	1374	n
17908226	2415	1374	n
17908514	2416	1374	n
17908770	2416	1373	n
17909021	2414	1375	n
17919404	2415	1372	n
17919894	2414	1374	Time:00:00:00:00;;
17920382	2415	1374	n
17920641	2414	1375	n
17920901	2411	1374	n
17931324	2413	1374	n
17931577	2413	1373	n
17931832	2414	1374	n
17932083	2413	1374	n
17932334	2414	1376	n
17932589	2414	1375	n
17943002	2414	1375	n
17943253	2415	1375	n
17943507	2414	1376	n
17943762	2414	1374	n
17944013	2414	1376	n
17944264	2415	1374	n
17944520	2415	1375	n
17954939	2415	1373	n
17955190	2414	1375	n
17955441	2415	1375	n
17955700	2415	1374	n
17955951	2414	1376	n
17956202	2416	1375	n
17966589	2411	1375	n
17966844	2413	1373	n
17967095	2413	1374	n
17967346	2415	1374	n
17967602	2414	1373	n
17967858	2412	1374	n
17978278	2413	1374	n
17978534	2413	1373	n
17978790	2413	1374	n
17979041	2413	1374	n
17979292	2414	1373	n
17979548	2413	1373	n
17989974	2415	1375	n
17990225	2415	1373	n
17990476	2415	1375	n
17990736	2415	1375	n
17990987	2414	1373	n
17991238	2415	1373	n
18001601	2414	1373	n
18001856	2415	1371	n
18002107	2413	1373	n
18002358	2413	1374	n
18002612	2413	1375	n
18002867	2415	1375	n
18003118	2415	1374	n
18013506	2413	1375	n
18013761	2416	1374	n
18014012	2415	1374	n
18014263	2413	1375	n
18014520	2415	1374	n
18014775	2414	1376	n
18025147	2414	1374	n
18025398	2415	1373	n
18025659	2414	1374	n
18025910	2415	1375	n
18026161	2413	1376	n
18026412	2415	1374	n
18036791	2416	1375	n
18037042	2415	1376	n
18037293	2414	1375	n
18037548	2414	1374	n
18037803	2414	1375	n
18038054	2415	1375	n
18048488	2415	1375	n
18048744	2413	1372	n
18048995	2413	1374	n
18049246	2415	1375	n
18049503	2415	1374	n
18049758	2413	1375	n
18060182	2415	1374	n
18060433	2414	1373	n
18060693	2415	1375	n
18060944	2414	1374	n
18061195	2415	1373	n
18061446	2414	1373	n
18071808	2416	1374	n
18072059	2415	1375	n
18072310	2415	1375	n
18072565	2416	1374	n
18072820	2415	1375	n
18073071	2413	1375	n
18073322	2413	1375	n
18083715	2415	1376	n
18083967	2414	1373	n
18084218	2414	1374	n
18084469	2416	1374	n
18084724	2414	1375	n
18084975	2415	1375	n
18095354	2411	1374	n
18095609	2414	1375	n
18095864	2413	1373	n
18096115	2415	1374	n
18096366	2414	1375	n
18096628	2413	1374	n
18106998	2414	1373	n
18107249	2415	1375	n
18107503	2415	1375	n
18107758	2413	1373	n
18108009	2413	1375	n
18108260	2414	1375	n
18118698	2414	1373	n
18118949	2416	1375	n
18119200	2415	1374	n
18119451	2414	1374	n
18119706	2414	1374	n
18119958	2414	1375	n
18130389	2415	1374	n
18130646	2415	1373	n
18130898	2415	1374	n
18131149	2413	1375	n
18131400	2413	1373	n
18131659	2414	1373	n
18142016	2413	1372	n
18142267	2414	1375	n
18142523	2414	1373	n
18142779	2415	1374	n
18143030	2416	1374	n
18143281	2413	1373	n
18143538	2413	1373	n
18153918	2413	1375	n
18154169	2413	1374	n
18154420	2414	1374	n
18154675	2414	1374	n
18154926	2413	1374	n
18155178	2413	1376	n
18165565	2415	1372	n
18165821	2415	1376	n
18166072	2415	1374	n
18166323	2416	1374	n
18166576	2413	1375	n
18166832	2415	1375	n
18177206	2415	1374	n
18177457	2413	1374	n
18177712	2413	1374	n
18177963	2411	1374	n
18178214	2413	1372	n
18178465	2414	1374	n
18188901	2415	1375	n
18189152	2414	1373	n
18189403	2413	1373	n
18189660	2413	1374	n
18189911	2414	1374	n
18190162	2414	1375	n
18200597	2415	1374	n
18200852	2415	1374	n
18201103	2416	1375	n
18201354	2413	1374	n
18201609	2414	1374	n
18201864	2414	1375	n
18212223	2416	1375	n
18212474	2415	1375	n
18212731	2414	1375	n
18212982	2416	1373	n
18213233	2415	1375	n
18213489	2415	1376	n
18213745	2416	1375	n
18224126	2415	1375	n
18224377	2415	1374	n
18224634	2415	1374	n
18224885	2413	1375	n
18225136	2414	1375	n
18225387	2413	1373	n
18235773	2414	1375	n
18236024	2415	1372	n
18236275	2415	1375	n
18236531	2413	1373	n
18236787	2415	1375	n
18237038	2414	1374	n
18247413	2415	1375	n
18247668	2414	1375	n
18247919	2414	1373	n
18248171	2414	1375	n
18248422	2415	1375	n
18248677	2413	1375	n
18259108	2415	1374	n
18259359	2414	1376	n
18259612	2416	1375	n
18259867	2412	1375	n
18260118	2415	1375	n
18260370	2415	1374	n
18270804	2415	1373	n
18271055	2415	1375	n
18271306	2413	1374	n
18271559	2414	1375	n
18271814	2412	1374	n
18272066	2414	1375	n
18282431	2415	1372	n
18282687	2413	1374	n
18282938	2414	1373	n
18283189	2414	1374	n
18283440	2413	1374	n
18283701	2413	1375	n
18283952	2416	1375	n
18294333	2415	1376	n
18294588	2415	1375	n
18294843	2415	1376	n
18295095	2415	1375	n
18295346	2415	1373	n
18295602	2415	1376	n
18305977	2415	1374	n
18306228	2415	1375	n
18306479	2414	1375	n
18306736	2415	1375	n
18306987	2415	1375	n
18307238	2415	1376	n
18317631	2415	1375	n
18317882	2414	1375	n
18318133	2414	1375	n
18318384	2413	1375	n
18318641	2415	1375	n
18318892	2416	1373	n
18329316	2414	1374	n
18329571	2415	1374	n
18329827	2414	1375	n
18330078	2415	1373	n
18330329	2414	1374	n
18330586	2413	1375	n
18341012	2415	1374	n
18341263	2415	1375	n
18341517	2414	1375	n
18341773	2414	1374	n
18342024	2415	1375	n
18342275	2414	1373	n
18352642	2414	1372	n
18352893	2414	1374	n
18353144	2416	1375	n
18353395	2413	1375	n
18353654	2415	1376	n
18353905	2409	1375	n
18354156	2414	1375	n
18364543	2415	1374	n
18364798	2413	1373	n
18365049	2414	1373	n
18365300	2413	1374	n
18365557	2415	1375	n
18365813	2413	1373	n
18376184	2413	1373	n
18376435	2413	1373	n
18376693	2413	1374	n
18376944	2413	1374	n
18377195	2415	1375	n
18377446	2413	1374	n
18387828	2415	1374	n
18388079	2415	1375	n
18388330	2416	1374	n
18388585	2413	1375	n
18388840	2414	1374	n
18389091	2414	1374	n
18399525	2415	1373	n
18399781	2410	1372	n
18400032	2414	1373	n
18400283	2415	1374	n
18400538	2413	1375	n
18400792	2415	1374	n
18411219	2416	1375	n
18411470	2415	1375	n
18411725	2414	1373	n
18411976	2413	1373	n
18412228	2414	1375	n
18412479	2414	1373	n
18422846	2414	1374	n
18423097	2416	1376	n
18423348	2415	1373	n
18423602	2413	1375	n
18423857	2414	1375	n
18424108	2414	1373	n
18424359	2415	1374	n
18434752	2413	1374	n
18435003	2415	1375	n
18435254	2415	1375	n
18435507	2414	1375	n
18435763	2415	1375	n
18436014	2414	1375	n
18446392	2413	1375	n
18446650	2414	1374	n
18446901	2413	1373	n
18447152	2414	1374	n
18447403	2415	1372	n
18447660	2414	1374	n
18458036	2415	1374	n
18458287	2415	1375	n
18458540	2415	1374	n
18458795	2413	1373	n
18459046	2414	1374	n
18459298	2415	1374	n
18469735	2415	1375	n
18469986	2415	1373	n
18470237	2414	1373	n
18470493	2415	1376	n
18470748	2415	1375	n
18471000	2414	1374	n
18481427	2414	1375	n
18481683	2415	1374	n
18481934	2413	1374	n
18482185	2415	1373	n
18482436	2416	1375	n
18482693	2415	1376	n
18493053	2414	1374	n
18493304	2415	1373	n
1849