8	n
23827	2407	1249	n
24318	2407	1249	n
24582	2407	1248	n
24859	2407	1249	n
25109	2406	1249	n
25360	2407	1250	n
25629	2407	1247	n
36092	2409	1249	n
36587	2410	1250	n
36841	2407	1250	n
37101	2409	1249	n
37374	2405	1249	n
37630	2407	1250	n
37880	2409	1249	n
38140	2407	1249	n
48592	2406	1248	n
49070	2409	1249	n
49321	2407	1250	n
49582	2410	1248	n
49859	2409	1249	n
50110	2407	1249	n
50361	2409	1249	n
60758	2409	1250	n
61263	2407	1248	n
61519	2408	1248	n
61773	2407	1249	n
62033	2409	12	1251	n
827470	2407	1250	n
827726	2407	1249	n
827977	2410	1250	n
828227	2411	1249	n
828479	2410	1249	n
838906	2410	1249	n
839157	2410	1249	n
839407	2407	1247	n
839662	2409	1249	n
839913	2407	1249	n
840164	2407	1248	n
840415	2409	1249	n
850808	2409	1249	n
851059	2408	1249	n
851309	2409	1248	n
851566	2406	1249	n
851821	2410	1249	n
852072	2409	1248	n
852323	2407	1249	n
862733	2407	1249	n
862983	2409	1250	n
863234	2409	1249	n
863487	2407	1250	n
863742	2407	1249	n
863993	2409	1250	n
864244	2411	1249	n
874652	2410	1249	n
874902	2407	1249	n
875153	2411	1249	n
875404	2409	1247	n
875660	2409	1249	n
875910	2406	1251	n
876161	2407	1249	n
886556	2409	1250	n
886811	2407	1250	n
887061	2407	1249	n
887312	2411	1249	n
887566	2407	1248	n
887821	2407	1248	n
888072	2409	1248	n
898491	2409	1249	n
898746	2407	1250	n
898997	2409	1250	n
899248	2408	1249	n
899505	2410	1249	n
899760	2410	1250	n
900010	2409	1250	n
910390	2411	1250	n
910648	2409	1250	n
910899	2410	1249	n
911150	2409	1250	n
911400	2410	1249	n
911657	2409	1250	n
911908	2411	1249	n
922292	2408	1250	n
922547	2407	1248	n
922802	2409	1252	n
923052	2409	1248	n
923303	2409	1249	n
923556	2407	1250	n
933919	2407	1249	n
934170	2410	1249	n
934420	2407	1250	n
934676	2409	1249	n
934926	2410	1249	n
935177	2410	1250	n
935428	2407	1249	n
945856	2410	1251	n
946264	2411	1250	n
946518	2411	1249	n
946782	2411	1250	n
947055	2410	1249	n
947306	2409	1250	n
947559	2410	1251	n
957931	2409	1251	n
958437	2407	1250	n
958698	2410	1249	n
958949	2409	1250	n
959200	2411	1250	n
959482	2410	1250	n
959738	2410	1249	n
970144	2410	1250	n
970626	2407	1249	n
970908	2407	1249	n
971159	2407	1250	n
971409	2409	1248	n
971664	2409	1251	n
971946	2410	1248	n
982375	2409	1248	n
982800	2407	1249	n
983050	2405	1249	n
983301	2409	1249	n
983566	2407	1249	n
983843	2407	1249	n
984094	2406	1250	n
994450	2407	1251	n
994940	2407	1250	n
995213	2410	1249	n
995464	2413	1249	n
995719	2410	1251	n
995979	2412	1250	n
996252	2407	1249	n
996505	2411	1247	n
1006904	2410	1250	Time:00:00:00:00;;
1007609	2407	1251	n
1007886	2410	1249	n
1008137	2407	1249	n
1008388	2405	1249	n
1008680	2409	1249	n
1019065	2410	1249	n
1019546	2411	1249	n
1019801	2411	1251	n
1020083	2408	1249	n
1020334	2409	1249	n
1020590	2410	1249	n
1030985	2407	1249	n
1031469	2410	1249	n
1031747	2410	1249	n
1031998	2407	1249	n
1032249	2407	1249	n
1032513	2407	1250	n
1032790	2407	1248	n
1043180	2410	1251	n
1043665	2409	1250	n
1043925	2409	1249	n
1044200	2407	1250	n
1044451	2409	1249	n
1044706	2409	1250	n
1044965	2410	1250	n
1055385	2409	1250	n
1055873	2409	1248	n
1056124	2407	1250	n
1056384	2409	1249	n
1056666	2411	1249	n
1056916	2410	1247	n
1067296	2407	1249	Time:00:00:00:00;;
1068006	2407	1249	n
1068281	2407	1249	n
1068535	2408	1247	n
1068791	2409	1249	n
1069072	2407	1247	n
1079457	2411	1250	n
1079938	2409	1247	n
1080189	2407	1249	n
1080470	2409	1250	n
1080726	2410	1249	n
1080977	2407	1249	n
1081228	2410	1250	n
1091674	2407	1249	n
1092158	2410	1249	n
1092409	2410	1250	n
1092664	2407	1249	n
1092946	2407	1249	n
1093197	2410	1250	n
1103556	2407	1250	n
1104037	2407	1249	n
1104296	2407	1249	n
1104573	2409	1249	n
1104828	2409	1248	n
1105079	2407	1249	n
1105338	2410	1250	n
1115768	2410	1249	n
1116251	2410	1250	n
1116504	2407	1249	n
1116768	2411	1249	n
1117041	2411	1249	n
1117292	2408	1249	n
1117549	2406	1249	n
1127964	2410	1249	n
1128472	2406	1248	n
1128729	2410	1249	n
1128980	2409	1250	n
1129239	2410	1247	n
1129519	2410	1249	n
1129774	2407	1249	n
1140160	2410	1249	n
1140653	2407	1248	n
1140926	2406	1250	n
1141177	2407	1249	n
1141428	2407	1248	n
1141693	2407	1249	n
1152080	2407	1248	n
1152569	2411	1249	n
1152825	2409	1248	n
1153076	2407	1249	n
1153364	2409	1248	n
1153626	2407	1248	n
1153877	2407	1249	n
1164275	2410	1247	n
1164793	2409	1249	n
1165044	2410	1250	n
1165295	2409	1250	n
1165549	2406	1249	n
1165835	2411	1249	n
1166086	2410	1250	n
1176471	2411	1250	n
1176957	2409	1250	n
1177217	2407	1249	n
1177494	2410	1250	n
1177749	2409	1249	n
1178000	2410	1250	n
1188391	2410	1249	n
1188907	2409	1249	n
1189158	2410	1249	n
1189409	2410	1248	n
1189673	2410	1250	n
1189947	2410	1250	n
1190197	2411	1251	n
1200590	2410	1249	n
1201085	2410	1249	n
1201359	2411	1251	n
1201616	2411	1249	n
1201871	2410	1251	n
1202131	2410	1251	n
1202404	2409	1250	n
1212784	2409	1249	Time:00:00:00:00;;
1213475	2411	1250	n
1213734	2411	1249	n
1213985	2410	1250	n
1214236	2410	1250	n
1214491	2411	1249	n
1224857	2410	1250	n
1225108	2407	1250	n
1225359	2409	1251	n
1225616	2409	1249	n
1225871	2410	1250	n
1226121	2411	1250	n
1236555	2412	1249	n
1236810	2411	1250	n
1237061	2407	1249	n
1237312	2410	1249	n
1237566	2410	1249	n
1237821	2406	1249	n
1238072	2407	1249	n
1248494	2409	1249	n
1248750	2407	1249	n
1249001	2411	1251	n
1249252	2410	1252	n
1249505	2409	1250	n
1249760	2411	1250	n
1260168	2410	1249	n
1260419	2409	1253	n
1260674	2410	1251	n
1260925	2408	1249	n
1261176	2411	1249	n
1261427	2409	1249	n
1261683	2410	1251	n
1272122	2411	1251	n
1272373	2411	1249	n
1272630	2410	1250	n
1272881	2409	1250	n
1273132	2407	1249	n
1273383	2410	1249	n
1283783	2411	1250	n
1284034	2409	1250	n
1284285	2411	1249	n
1284538	2410	1249	n
1284793	2409	1249	n
1285044	2410	1249	n
1285295	2409	1249	n
1295673	2410	1250	n
1295924	2409	1249	n
1296175	2409	1250	n
1296426	2410	1249	n
1296682	2410	1250	n
1296933	2407	1250	n
1307330	2411	1249	n
1307584	2412	1251	n
1307839	2412	1250	n
1308090	2412	1251	n
1308341	2411	1251	n
1308593	2413	1251	n
1308848	2410	1249	n
1319215	2412	1251	n
1319466	2410	1249	n
1319721	2410	1249	n
1319972	2410	1249	n
1320223	2409	1249	n
1320474	2411	1249	n
1330876	2410	1251	n
1331127	2409	1249	n
1331378	2407	1250	n
1331634	2409	1249	n
1331885	2409	1249	n
1332136	2407	1249	n
1332387	2411	1249	n
1342765	2407	1250	n
1343016	2407	1248	n
1343267	2409	1250	n
1343521	2410	1249	n
1343776	2408	1247	n
1344027	2409	1249	n
1354422	2411	1250	n
1354677	2411	1250	n
1354928	2410	1249	n
1355179	2406	1249	n
1355430	2410	1250	n
1355686	2410	1250	n
1355937	2410	1250	n
1366307	2409	1249	n
1366564	2410	1249	n
1366819	2411	1249	n
1367070	2411	1251	n
1367320	2410	1250	n
1367573	2410	1249	n
1377968	2412	1249	n
1378219	2407	1250	n
1378470	2409	1250	n
1378726	2409	1250	n
1378977	2407	1250	n
1379227	2409	1249	n
1379479	2409	1250	n
1389854	2409	1250	n
1390105	2409	1250	n
1390356	2410	1250	n
1390609	2410	1249	n
1390864	2410	1248	n
1391115	2407	1250	n
1401518	2413	1250	n
1401774	2410	1249	n
1402025	2411	1251	n
1402276	2409	1249	n
1402532	2411	1250	n
1402787	2411	1250	n
1403038	2411	1251	n
1413400	2410	1249	n
1413657	2409	1249	n
1413908	2410	1249	n
1414159	2406	1249	n
1414410	2409	1249	n
1414665	2409	1249	n
1425061	2410	1251	n
1425312	2410	1249	n
1425566	2407	1250	n
1425821	2411	1250	n
1426071	2410	1250	n
1426322	2410	1248	n
1426576	2410	1249	n
1436946	2410	1250	n
1437197	2410	1249	n
1437448	2409	1251	n
1437703	2411	1250	n
1437954	2411	1248	n
1438205	2410	1250	n
1448607	2410	1251	n
1448862	2410	1250	n
1449113	2411	1251	n
1449364	2410	1250	n
1449622	2411	1248	n
1449873	2407	1249	n
1450124	2410	1250	n
1460498	2411	1250	n
1460753	2410	1249	n
1461004	2409	1249	n
1461255	2411	1249	n
1461508	2409	1251	n
1461763	2406	1250	n
1472153	2410	1249	n
1472404	2409	1247	n
1472660	2407	1250	n
1472911	2407	1249	n
1473161	2409	1249	n
1473412	2406	1247	n
1473668	2405	1250	n
1484039	2411	1249	n
1484290	2413	1251	n
1484547	2411	1248	n
1484802	2411	1251	n
1485053	2407	1250	n
1485303	2407	1249	n
1495704	2411	1251	n
1495955	2409	1250	n
1496205	2410	1249	n
1496456	2410	1248	n
1496712	2407	1247	n
1496962	2409	1250	n
1497213	2410	1247	n
1507590	2411	1248	n
1507845	2410	1250	n
1508096	2410	1248	n
1508347	2409	1248	n
1508601	2409	1248	n
1508856	2408	1250	n
1519246	2409	1250	n
1519501	2410	1250	n
1519756	2410	1249	n
1520007	2407	1248	n
1520258	2409	1249	n
1520513	2409	1249	n
1520768	2407	1249	n
1531131	2411	1250	n
1531382	2411	1251	n
1531639	2410	1249	n
1531889	2411	1249	n
1532140	2411	1248	n
1532391	2410	1249	n
1542792	2409	1251	n
1543043	2410	1249	n
1543294	2408	1249	n
1543550	2405	1249	n
1543805	2407	1250	n
1544055	2409	1251	n
1544306	2407	1248	n
1554681	2411	1249	n
1554932	2410	1250	n
1555183	2410	1250	n
1555434	2407	1249	n
1555691	2410	1248	n
1555941	2407	1249	n
1566338	2412	1250	n
1566591	2410	1250	n
1566846	2409	1249	n
1567097	2410	1250	n
1567348	2410	1250	n
1567605	2409	1250	n
1567860	2409	1247	n
1578224	2410	1249	n
1578475	2409	1250	n
1578734	2409	1249	n
1578985	2411	1251	n
1579236	2413	1250	n
1579491	2411	1250	n
1589885	2410	1250	n
1590136	2411	1251	n
1590387	2411	1249	n
1590644	2408	1249	n
1590895	2410	1250	n
1591146	2409	1251	n
1591397	2407	1250	n
1601772	2411	1250	n
1602023	2409	1249	n
1602274	2411	1249	n
1602529	2410	1250	n
1602785	2409	1249	n
1603035	2410	1249	n
1613431	2410	1251	n
1613691	2410	1252	n
1613942	2411	1252	n
1614193	2411	1250	n
1614443	2409	1250	n
1614700	2411	1250	n
1614950	2413	1251	n
1625316	2410	1251	n
1625573	2410	1250	n
1625828	2408	1249	n
1626079	2409	1250	n
1626330	2409	1249	n
1626584	2411	1249	n
1636977	2410	1249	n
1637228	2411	1251	n
1637480	2407	1250	n
1637735	2409	1250	n
1637986	2409	1249	n
1638237	2409	1249	n
1638492	2409	1249	n
1648862	2411	1250	n
1649113	2411	1250	n
1649364	2409	1251	n
1649621	2410	1250	n
1649871	2409	1249	n
1650122	2410	1249	n
1660525	2413	1251	n
1660780	2411	1250	n
1661030	2411	1249	n
1661281	2408	1251	n
1661535	2409	1250	n
1661791	2413	1249	n
1662041	2411	1251	n
1672409	2410	1251	n
1672664	2411	1250	n
1672915	2411	1250	n
1673166	2411	1249	n
1673417	2411	1250	n
1673672	2411	1249	n
1684070	2412	1251	n
1684321	2411	1249	n
1684574	2409	1250	n
1684829	2409	1251	n
1685080	2410	1250	n
1685331	2410	1251	n
1685588	2411	1250	n
1695955	2407	1251	n
1696206	2410	1250	n
1696457	2410	1250	n
1696712	2410	1249	n
1696963	2410	1250	n
1697213	2413	1251	n
1707616	2411	1250	n
1707871	2411	1249	n
1708122	2410	1250	n
1708373	2410	1250	n
1708630	2411	1250	n
1708881	2409	1250	n
1709132	2408	1249	n
1719504	2411	1249	n
1719759	2411	1251	n
1720010	2410	1251	n
1720261	2410	1250	n
1720515	2409	1249	n
1720770	2411	1250	n
1731162	2410	1249	n
1731413	2412	1249	n
1731668	2410	1251	n
1731919	2413	1251	n
1732170	2410	1251	n
1732421	2411	1253	n
1732676	2409	1251	n
1743047	2410	1250	n
1743298	2411	1250	n
1743552	2410	1250	n
1743807	2411	1250	n
1744058	2410	1249	n
1744309	2410	1250	n
1754709	2411	1250	n
1754960	2410	1250	n
1755211	2411	1249	n
1755462	2414	1250	n
1755717	2410	1252	n
1755968	2413	1251	n
1756219	2410	1251	n
1766598	2410	1249	n
1766853	2410	1249	n
1767103	2410	1249	n
1767354	2411	1250	n
1767607	2410	1249	n
1767862	2410	1251	n
1778255	2412	1249	n
1778508	2410	1249	n
1778763	2411	1250	n
1779014	2411	1250	n
1779265	2410	1250	n
1779522	2409	1249	n
1779777	2407	1250	n
1790140	2410	1249	n
1790391	2410	1250	n
1790649	2410	1249	n
1790900	2410	1249	n
1791150	2410	1249	n
1791401	2411	1250	n
1801801	2411	1250	n
1802052	2413	1249	n
1802303	2411	1251	n
1802555	2411	1249	n
1802811	2410	1249	n
1803061	2409	1248	n
1803312	2411	1249	n
1813690	2410	1250	n
1813941	2411	1250	n
1814192	2407	1250	n
1814443	2407	1250	n
1814699	2411	1249	n
1814950	2410	1249	n
1825347	2410	1251	n
1825601	2411	1249	n
1825856	2410	1248	n
1826107	2410	1250	n
1826357	2411	1250	n
1826610	2409	1250	n
1826865	2409	1251	n
1837232	2407	1250	n
1837487	2410	1250	n
1837742	2411	1251	n
1837993	2407	1249	n
1838244	2410	1251	n
1838498	2410	1250	n
1848893	2410	1249	n
1849144	2414	1249	n
1849395	2407	1250	n
1849653	2410	1250	n
1849904	2410	1250	n
1850155	2410	1249	n
1850406	2409	1248	n
1860778	2410	1250	n
1861029	2411	1249	n
1861280	2410	1251	n
1861535	2409	1249	n
1861790	2410	1249	n
1862041	2410	1249	n
1872440	2409	1251	n
1872698	2413	1249	n
1872949	2409	1249	n
1873200	2410	1251	n
1873450	2407	1249	n
1873705	2410	1250	n
1873956	2409	1249	n
1884325	2411	1248	n
1884581	2409	1249	n
1884836	2410	1250	n
1885087	2411	1250	n
1885337	2411	1250	n
1885590	2411	1251	n
1895986	2409	1250	n
1896237	2410	1249	n
1896492	2411	1249	n
1896746	2407	1249	n
1896997	2410	1249	n
1897248	2409	1250	n
1897505	2407	1249	n
1907871	2410	1251	n
1908122	2410	1250	n
1908373	2413	1250	n
1908630	2410	1250	n
1908881	2409	1249	n
1909131	2410	1251	n
1919535	2410	1250	n
1919791	2411	1250	n
1920042	2411	1251	n
1920293	2411	1250	n
1920549	2411	1251	n
1920804	2410	1250	n
1921055	2410	1251	n
1931417	2411	1251	n
1931672	2411	1249	n
1931923	2410	1251	n
1932174	2410	1249	n
1932425	2410	1250	n
1932680	2411	1250	n
1943078	2409	1249	n
1943441	2408	1249	n
1943706	2407	1249	n
1943979	2410	1249	n
1944230	2409	1250	n
1944482	2411	1249	n
1944746	2409	1250	n
1955145	2411	1251	n
1955628	2411	1249	n
1955879	2410	1249	n
1956139	2409	1249	n
1956412	2409	1249	n
1956667	2407	1248	n
1967091	2407	1251	n
1967578	2406	1249	n
1967856	2409	1249	n
1968107	2410	1249	n
1968358	2407	1250	n
1968623	2409	1249	n
1968896	2409	1248	n
1979312	2410	1248	n
1979659	2410	1250	n
1979910	2410	1248	n
1980161	2407	1249	n
1980420	2411	1251	n
1980698	2409	1250	n
1980949	2411	1249	n
1991361	2410	1249	n
1991854	2411	1251	n
1992128	2411	1249	n
1992379	2409	1250	n
1992639	2411	1251	n
1992898	2411	1248	n
2003316	2412	1250	Time:00:00:00:00;;
2004015	2411	1249	n
2004274	2410	1250	n
2004552	2410	1249	n
2004807	2411	1251	n
2005058	2410	1250	n
2015442	2410	1251	n
2015955	2410	1249	n
2016206	2411	1249	n
2016457	2410	1250	n
2016712	2409	1250	n
2016994	2407	1249	n
2017245	2411	1250	n
2027642	2411	1251	n
2028117	2411	1249	n
2028400	2410	1249	n
2028657	2410	1249	n
2028908	2410	1250	n
2029159	2409	1249	n
2029441	2407	1248	n
2039834	2409	1250	n
2040310	2409	1250	n
2040566	2407	1248	n
2040830	2407	1249	n
2041103	2409	1249	n
2041354	2409	1250	n
2051736	2411	1250	n
2052223	2410	1251	n
2052501	2411	1251	n
2052756	2412	1250	n
2053007	2410	1250	n
2053267	2410	1250	n
2053542	2410	1251	n
2063949	2412	1249	Time:00:00:00:00;;
2064656	2412	1250	n
2064929	2407	1251	n
2065180	2411	1251	n
2065431	2413	1251	n
2065700	2411	1251	n
2076119	2410	1249	n
2076601	2409	1251	n
2076856	2409	1249	n
2077107	2409	1250	n
2077389	2411	1250	n
2077649	2407	1249	n
2077899	2410	1250	n
2088306	2411	1251	n
2088821	2411	1250	n
2089072	2410	1250	n
2089323	2407	1249	n
2089576	2410	1249	n
2089862	2411	1251	n
2100226	2410	1250	n
2100713	2411	1252	n
2100964	2411	1250	n
2101224	2412	1250	n
2101501	2413	1250	n
2101756	2411	1250	n
2102007	2411	1251	n
2112421	2407	1250	n
2112939	2411	1250	n
2113189	2410	1249	n
2113440	2409	1251	n
2113707	2409	1250	n
2113980	2410	1249	n
2114231	2407	1249	n
2124625	2410	1249	n
2125112	2412	1250	n
2125386	2409	1250	n
2125644	2409	1250	n
2125895	2410	1249	n
2126154	2410	1250	n
2136589	2410	1249	n
2137069	2410	1249	n
2137319	2411	1250	n
2137582	2411	1250	n
2137859	2410	1251	n
2138110	2410	1250	n
2138361	2412	1251	n
2148736	2412	1250	n
2149244	2410	1250	n
2149499	2411	1251	n
2149754	2412	1250	n
2150005	2410	1248	n
2150287	2411	1251	n
2150540	2411	1250	n
2160929	2410	1249	n
2161411	2410	1252	n
2161698	2407	1249	n
2161949	2409	1251	n
2162200	2411	1249	n
2162451	2409	1250	n
2172884	2410	1252	n
2173376	2409	1251	n
2173633	2409	1250	n
2173884	2410	1250	n
2174165	2410	1250	n
2174416	2410	1251	n
2174671	2410	1251	n
2185096	2411	1250	n
2185607	2413	1249	n
2185862	2411	1250	n
2186113	2411	1250	n
2186364	2411	1250	n
2186655	2409	1252	n
2186906	2410	1249	n
2197309	2410	1251	n
2197798	2409	1250	n
2198057	2409	1250	n
2198330	2409	1250	n
2198587	2411	1250	n
2198842	2410	1250	n
2199102	2411	1251	n
2209502	2411	1249	n
2209982	2409	1249	n
2210233	2409	1250	n
2210499	2409	1250	n
2210775	2411	1249	n
2211026	2410	1250	n
2221407	2407	1248	Time:00:00:00:00;;
2221922	2410	1251	n
2222173	2411	1251	n
2222424	2407	1250	n
2222680	2410	1249	n
2222931	2410	1249	n
2233344	2411	1251	n
2233600	2412	1251	n
2233856	2413	1249	n
2234106	2414	1249	n
2234357	2411	1251	n
2234610	2412	1252	n
2244989	2413	1250	n
2245239	2410	1250	n
2245494	2411	1249	n
2245749	2409	1249	n
2246000	2410	1248	n
2246251	2409	1249	n
2246504	2409	1248	n
2256890	2411	1250	n
2257141	2411	1251	n
2257392	2410	1249	n
2257653	2410	1250	n
2257904	2410	1250	n
2258155	2409	1250	n
2268535	2411	1250	n
2268790	2413	1251	n
2269041	2411	1250	n
2269292	2411	1250	n
2269549	2413	1250	n
2269804	2411	1250	n
2270055	2411	1251	n
2280436	2412	1249	n
2280693	2411	1251	n
2280944	2411	1250	n
2281195	2413	1250	n
2281446	2409	1250	n
2281702	2411	1251	n
2292081	2409	1249	n
2292332	2411	1249	n
2292586	2410	1250	n
2292842	2410	1250	n
2293092	2411	1250	n
2293343	2410	1252	n
2293598	2409	1249	n
2303982	2412	1250	n
2304233	2410	1250	n
2304487	2410	1251	n
2304742	2411	1249	n
2304993	2411	1249	n
2305244	2411	1249	n
2315631	2410	1251	n
2315882	2411	1250	n
2316133	2410	1251	n
2316384	2411	1250	n
2316644	2411	1251	n
2316895	2410	1250	n
2317146	2407	1251	n
2327533	2410	1251	n
2327788	2409	1251	n
2328039	2410	1250	n
2328290	2411	1249	n
2328546	2410	1251	n
2328801	2409	1251	n
2339174	2406	1249	n
2339425	2411	1250	n
2339680	2411	1250	n
2339931	2410	1249	n
2340182	2407	1250	n
2340433	2411	1249	n
2340691	2409	1250	n
2351075	2411	1250	n
2351326	2410	1248	n
2351581	2411	1248	n
2351836	2410	1251	n
2352087	2410	1250	n
2352338	2411	1251	n
2362720	2407	1251	n
2362971	2411	1250	n
2363222	2410	1251	n
2363473	2409	1249	n
2363729	2410	1249	n
2363980	2411	1249	n
2364231	2410	1249	n
2374626	2411	1251	n
2374877	2411	1253	n
2375128	2413	1250	n
2375379	2411	1251	n
2375639	2410	1251	n
2375890	2413	1250	n
2386266	2410	1249	n
2386522	2410	1250	n
2386777	2410	1250	n
2387028	2407	1250	n
2387279	2409	1252	n
2387536	2410	1248	n
2387791	2408	1250	n
2398167	2411	1250	n
2398418	2411	1251	n
2398674	2410	1249	n
2398925	2411	1250	n
2399176	2411	1250	n
2399427	2410	1249	n
2409812	2411	1249	n
2410063	2412	1251	n
2410313	2411	1248	n
2410570	2410	1249	n
2410826	2409	1250	n
2411077	2410	1250	n
2411328	2411	1249	n
2421719	2411	1250	n
2421970	2410	1250	n
2422221	2407	1251	n
2422472	2406	1249	n
2422729	2411	1250	n
2422979	2407	1249	n
2433359	2411	1250	n
2433615	2410	1250	n
2433870	2410	1249	n
2434121	2409	1250	n
2434372	2410	1252	n
2434629	2409	1249	n
2434880	2411	1250	n
2445260	2407	1249	n
2445515	2411	1249	n
2445770	2413	1249	n
2446021	2410	1249	n
2446272	2410	1251	n
2446525	2411	1251	n
2456905	2412	1249	n
2457156	2413	1250	n
2457406	2411	1249	n
2457662	2411	1251	n
2457913	2413	1251	n
2458164	2411	1251	n
2458415	2413	1251	n
2468806	2409	1249	n
2469057	2409	1249	n
2469308	2410	1250	n
2469563	2409	1251	n
2469818	2411	1249	n
2470069	2407	1250	n
2480451	2407	1250	n
2480705	2411	1251	n
2480956	2410	1250	n
2481207	2410	1248	n
2481458	2411	1249	n
2481713	2411	1248	n
2481964	2410	1250	n
2492352	2411	1251	n
2492607	2411	1250	n
2492862	2410	1250	n
2493113	2411	1251	n
2493364	2411	1251	n
2493622	2413	1249	n
2503997	2411	1251	n
2504248	2411	1250	n
2504504	2413	1250	n
2504760	2409	1249	n
2505011	2411	1249	n
2505261	2410	1250	n
2505519	2411	1249	n
2515899	2409	1251	n
2516150	2409	1249	n
2516401	2410	1249	n
2516657	2407	1249	n
2516908	2410	1250	n
2517159	2407	1250	n
2527544	2411	1250	n
2527799	2412	1251	n
2528050	2413	1250	n
2528301	2411	1250	n
2528555	2411	1249	n
2528810	2411	1251	n
2529061	2411	1250	n
2539445	2409	1250	n
2539701	2410	1250	n
2539952	2411	1251	n
2540203	2413	1249	n
2540454	2409	1252	n
2540709	2410	1249	n
2551090	2411	1250	n
2551340	2410	1251	n
2551593	2411	1250	n
2551848	2411	1250	n
2552100	2413	1249	n
2552350	2411	1250	n
2552608	2411	1249	n
2562991	2411	1249	n
2563242	2411	1248	n
2563499	2407	1249	n
2563754	2409	1249	n
2564005	2410	1249	n
2564256	2409	1249	n
2574640	2411	1250	n
2574891	2414	1250	n
2575142	2409	1249	n
2575393	2411	1248	n
2575652	2410	1251	n
2575903	2409	1250	n
2576154	2410	1250	n
2586539	2413	1250	n
2586794	2410	1251	n
2587045	2411	1250	n
2587296	2409	1250	n
2587553	2413	1249	n
2587808	2411	1250	n
2598182	2407	1249	n
2598432	2409	1250	n
2598691	2407	1248	n
2598942	2410	1249	n
2599193	2407	1250	n
2599444	2407	1248	n
2599700	2407	1249	n
2610084	2407	1249	n
2610335	2410	1251	n
2610589	2410	1248	n
2610845	2410	1250	n
2611096	2410	1249	n
2611346	2412	1249	n
2621729	2410	1249	n
2621980	2409	1249	n
2622231	2410	1249	n
2622487	2409	1251	n
2622742	2410	1249	n
2622993	2409	1251	n
2623244	2411	1250	n
2633635	2413	1250	n
2633886	2411	1249	n
2634137	2411	1249	n
2634388	2411	1251	n
2634648	2410	1251	n
2634899	2411	1250	n
2645275	2409	1249	n
2645530	2409	1249	n
2645785	2411	1249	n
2646036	2410	1249	n
2646287	2407	1249	n
2646540	2410	1250	n
2646795	2409	1249	n
2657176	2411	1250	n
2657427	2411	1249	n
2657683	2411	1250	n
2657934	2410	1249	n
2658185	2411	1249	n
2658436	2411	1250	n
2668821	2409	1250	n
2669072	2411	1251	n
2669322	2410	1251	n
2669576	2411	1250	n
2669831	2410	1250	n
2670082	2411	1250	n
2670333	2410	1251	n
2680727	2411	1251	n
2680978	2413	1250	n
2681229	2411	1249	n
2681481	2410	1249	n
2681737	2411	1250	n
2681988	2411	1250	n
2692367	2411	1251	n
2692625	2410	1250	n
2692876	2411	1248	n
2693127	2412	1251	n
2693378	2411	1250	n
2693639	2411	1250	n
2693890	2410	1250	n
2704269	2410	1250	n
2704522	2410	1250	n
2704778	2411	1251	n
2705029	2410	1247	n
2705279	2407	1250	n
2705536	2409	1250	n
2715914	2410	1250	n
2716165	2411	1250	n
2716416	2411	1250	n
2716671	2412	1250	n
2716922	2410	1250	n
2717173	2411	1250	n
2717424	2411	1253	n
2727815	2411	1249	n
2728066	2411	1249	n
2728317	2411	1250	n
2728573	2411	1249	n
2728828	2412	1251	n
2729079	2411	1250	n
2739460	2413	1250	n
2739715	2410	1250	n
2739966	2411	1250	n
2740217	2411	1250	n
2740468	2412	1251	n
2740723	2409	1250	n
2740974	2410	1249	n
2751361	2409	1249	n
2751622	2410	1249	n
2751872	2410	1250	n
2752123	2410	1249	n
2752374	2410	1250	n
2752631	2407	1249	n
2763006	2411	1250	n
2763257	2409	1249	n
2763512	2410	1249	n
2763767	2411	1249	n
2764018	2409	1251	n
2764269	2407	1250	n
2764522	2411	1251	n
2774907	2409	1249	n
2775158	2409	1251	n
2775409	2410	1248	n
2775664	2411	1250	n
2775915	2407	1251	n
2776166	2410	1249	n
2786552	2411	1249	n
2786807	2407	1250	n
2787058	2411	1249	n
2787309	2410	1250	n
2787563	2410	1250	n
2787818	2411	1251	n
2788069	2410	1251	n
2798454	2412	1250	n
2798710	2410	1249	n
2798961	2409	1249	n
2799212	2407	1250	n
2799463	2413	1250	n
2799719	2411	1250	n
2810099	2410	1249	n
2810350	2411	1250	n
2810604	2411	1250	n
2810859	2411	1250	n
2811110	2407	1251	n
2811361	2411	1249	n
2811622	2409	1249	n
2822000	2410	1250	n
2822251	2407	1250	n
2822504	2407	1248	n
2822760	2410	1249	n
2823011	2410	1249	n
2823262	2410	1250	n
2833648	2409	1250	n
2833899	2410	1250	n
2834150	2409	1250	n
2834401	2411	1249	n
2834658	2411	1250	n
2834909	2410	1249	n
2835160	2411	1250	n
2845552	2411	1249	n
2845807	2411	1250	n
2846058	2407	1250	n
2846309	2410	1251	n
2846566	2410	1250	n
2846821	2410	1248	n
2857191	2411	1250	n
2857442	2407	1250	n
2857698	2410	1251	n
2857949	2411	1249	n
2858200	2410	1250	n
2858451	2407	1250	n
2858706	2410	1250	n
2869092	2411	1250	n
2869343	2411	1249	n
2869598	2409	1250	n
2869853	2410	1249	n
2870104	2410	1249	n
2870355	2410	1250	n
2880737	2410	1250	n
2880988	2407	1249	n
2881239	2410	1251	n
2881494	2411	1247	n
2881750	2409	1249	n
2882000	2409	1250	n
2882251	2409	1249	n
2892644	2410	1250	n
2892895	2410	1251	n
2893146	2411	1250	n
2893397	2409	1247	n
2893657	2411	1251	n
2893908	2407	1249	n
2904284	2409	1251	n
2904538	2411	1250	n
2904793	2412	1248	n
2905044	2410	1250	n
2905295	2411	1250	n
2905549	2411	1250	n
2905804	2410	1250	n
2916185	2407	1249	n
2916436	2409	1248	n
2916693	2407	1249	n
2916944	2407	1249	n
2917195	2410	1249	n
2917446	2407	1250	n
2927830	2410	1249	n
2928081	2410	1249	n
2928332	2407	1250	n
2928586	2410	1249	n
2928842	2408	1250	n
2929092	2410	1249	n
2929343	2409	1248	n
2939735	2410	1250	n
2939986	2410	1249	n
2940237	2409	1249	n
2940494	2409	1250	n
2940750	2410	1249	n
2941001	2410	1249	n
2951376	2412	1249	n
2951632	2411	1249	n
2951883	2407	1249	n
2952134	2410	1248	n
2952385	2409	1249	n
2952645	2410	1250	n
2952896	2410	1250	n
2963277	2410	1252	n
2963532	2409	1249	n
2963787	2409	1250	n
2964038	2410	1250	n
2964289	2411	1251	n
2964542	2411	1250	n
2974922	2410	1249	n
2975173	2410	1249	n
2975423	2409	1251	n
2975679	2410	1250	n
2975930	2409	1250	n
2976181	2411	1250	n
2976432	2409	1249	n
2986824	2412	1251	n
2987255	2412	1251	n
2987508	2410	1250	n
2987794	2410	1251	n
2988045	2411	1249	n
2988296	2411	1250	n
2988553	2412	1250	n
2999020	2411	1249	n
2999507	2407	1248	n
2999763	2409	1249	n
3000014	2410	1248	n
3000296	2410	1249	n
3000553	2409	1249	n
3010940	2410	1249	Time:00:00:00:00;;
3011647	2409	1250	n
3011921	2411	1250	n
3012172	2410	1250	n
3012423	2409	1251	n
3012687	2411	1249	n
3023101	2412	1251	n
3023581	2410	1250	n
3023836	2413	1249	n
3024096	2412	1250	n
3024369	2410	1249	n
3024629	2411	1250	n
3024880	2409	1250	n
3035296	2410	1250	n
3035813	2410	1250	n
3036064	2410	1250	n
3036315	2409	1251	n
3036578	2409	1251	n
3036856	2410	1250	n
3037107	2410	1249	n
3047498	2409	1249	n
3047989	2410	1249	n
3048262	2407	1249	n
3048519	2409	1249	n
3048774	2406	1250	n
3049033	2411	1249	n
3059419	2407	1251	Time:00:00:00:00;;
3060118	2409	1248	n
3060369	2410	1250	n
3060659	2410	1250	n
3060910	2407	1250	n
3061161	2410	1250	n
3071573	2413	1249	n
3072062	2411	1251	n
3072336	2409	1250	n
3072590	2411	1249	n
3072845	2409	1249	n
3073105	2410	1250	n
3073378	2407	1251	n
3083787	2411	1249	n
3084264	2407	1249	n
3084529	2409	1250	n
3084807	2411	1249	n
3085058	2409	1247	n
3085309	2410	1250	n
3085573	2407	1249	n
3095974	2410	1251	n
3096449	2407	1249	n
3096704	2409	1249	n
3096964	2407	1248	n
3097239	2407	1250	n
3097494	2411	1249	n
3107885	2409	1250	n
3108376	2411	1249	n
3108658	2411	1250	n
3108909	2410	1250	n
3109160	2411	1251	n
3109420	2410	1250	n
3109698	2408	1249	n
3120080	2409	1250	n
3120559	2410	1250	n
3120814	2410	1251	n
3121096	2409	1248	n
3121347	2409	1249	n
3121601	2407	1249	n
3121856	2409	1249	n
3132276	2407	1250	n
3132771	2407	1249	n
3133022	2409	1248	n
3133273	2407	1251	n
3133557	2407	1248	n
3133812	2409	1247	n
3144196	2411	1249	n
3144684	2407	1249	n
3144943	2410	1251	n
3145217	2409	1249	n
3145468	2410	1249	n
3145723	2411	1250	n
3145981	2411	1250	n
3156391	2410	1251	n
3156883	2411	1249	n
3157134	2411	1250	n
3157394	2411	1250	n
3157674	2411	1249	n
3157925	2414	1251	n
3158176	2411	1251	n
3168589	2411	1250	n
3169103	2413	1250	n
3169354	2411	1252	n
3169608	2412	1251	n
3169872	2409	1249	n
3170145	2411	1249	n
3180513	2411	1249	n
3180999	2411	1251	n
3181258	2410	1249	n
3181535	2410	1249	n
3181790	2410	1250	n
3182041	2411	1251	n
3182301	2411	1250	n
3192716	2412	1250	n
3193199	2411	1250	n
3193449	2407	1251	n
3193704	2410	1249	n
3193987	2410	1250	n
3194238	2410	1250	n
3194494	2410	1249	n
3204899	2411	1250	n
3205407	2410	1250	n
3205663	2412	1250	n
3205914	2411	1250	n
3206165	2414	1251	n
3206447	2407	1250	n
3216871	2411	1249	Time:00:00:00:00;;
3217471	2406	1249	n
3217727	2410	1248	n
3217978	2409	1251	n
3218229	2409	1249	n
3218481	2410	1249	n
3228893	2409	1249	n
3229144	2409	1250	n
3229395	2410	1249	n
3229653	2411	1249	n
3229904	2410	1249	n
3230155	2411	1249	n
3230406	2412	1248	n
3240778	2410	1251	n
3241029	2409	1249	n
3241280	2411	1250	n
3241535	2410	1250	n
3241790	2411	1249	n
3242041	2410	1251	n
3252440	2410	1249	n
3252698	2410	1250	n
3252949	2410	1250	n
3253199	2411	1250	n
3253450	2410	1250	n
3253705	2411	1250	n
3253956	2410	1251	n
3264325	2410	1249	n
3264581	2411	1249	n
3264836	2410	1250	n
3265087	2410	1249	n
3265337	2407	1250	n
3265590	2409	1249	n
3275986	2410	1249	n
3276237	2410	1249	n
3276492	2409	1250	n
3276746	2411	1249	n
3276997	2409	1251	n
3277248	2410	1250	n
3277505	2409	1249	n
3287871	2411	1251	n
3288122	2411	1249	n
3288373	2410	1250	n
3288630	2409	1250	n
3288881	2411	1251	n
3289132	2411	1249	n
3299535	2411	1251	n
3299790	2410	1249	n
3300041	2407	1250	n
3300292	2407	1248	n
3300549	2410	1250	n
3300804	2411	1250	n
3301055	2410	1249	n
3311417	2411	1249	n
3311672	2411	1249	n
3311923	2407	1250	n
3312174	2409	1250	n
3312425	2409	1251	n
3312681	2410	1249	n
3323078	2411	1249	n
3323329	2410	1251	n
3323583	2412	1251	n
3323838	2410	1250	n
3324089	2412	1250	n
3324340	2411	1251	n
3324593	2411	1250	n
3334964	2411	1250	n
3335215	2410	1251	n
3335466	2413	1250	n
3335721	2413	1249	n
3335972	2411	1249	n
3336223	2412	1249	n
3346629	2411	1251	n
3346880	2411	1250	n
3347131	2413	1251	n
3347382	2411	1250	n
3347639	2414	1250	n
3347890	2409	1251	n
3348140	2410	1250	n
3358515	2410	1251	n
3358770	2410	1251	n
3359021	2412	1250	n
3359271	2407	1249	n
3359525	2410	1250	n
3359779	2409	1249	n
3370171	2411	1250	n
3370422	2410	1250	n
3370677	2410	1251	n
3370928	2410	1249	n
3371179	2411	1249	n
3371430	2410	1248	n
3371686	2410	1249	n
3382056	2413	1252	n
3382307	2411	1251	n
3382563	2411	1251	n
3382819	2411	1250	n
3383069	2411	1251	n
3383320	2411	1250	n
3393717	2410	1249	n
3393968	2407	1250	n
3394219	2409	1248	n
3394470	2405	1250	n
3394726	2406	1250	n
3394977	2410	1250	n
3395228	2410	1250	n
3405608	2409	1249	n
3405863	2409	1249	n
3406114	2409	1249	n
3406365	2409	1247	n
3406626	2409	1249	n
3406877	2411	1249	n
3417263	2411	1249	n
3417518	2410	1251	n
3417774	2409	1249	n
3418025	2410	1250	n
3418275	2407	1251	n
3418532	2411	1249	n
3418787	2411	1250	n
3429149	2409	1250	n
3429400	2410	1249	n
3429657	2412	1251	n
3429908	2412	1250	n
3430159	2411	1250	n
3430410	2411	1250	n
3440810	2409	1250	n
3441061	2410	1250	n
3441312	2411	1249	n
3441566	2407	1250	n
3441821	2409	1250	n
3442071	2409	1251	n
3442322	2411	1250	n
3452699	2409	1251	n
3452950	2411	1250	n
3453201	2409	1250	n
3453452	2407	1250	n
3453707	2411	1250	n
3453958	2411	1250	n
3464356	2410	1251	n
3464609	2411	1250	n
3464864	2411	1249	n
3465115	2410	1250	n
3465366	2410	1251	n
3465626	2412	1250	n
3465877	2410	1250	n
3476241	2413	1251	n
3476498	2411	1249	n
3476754	2411	1249	n
3477005	2411	1250	n
3477256	2410	1249	n
3477513	2411	1250	n
3487902	2410	1250	n
3488153	2411	1249	n
3488404	2411	1249	n
3488660	2410	1252	n
3488911	2410	1249	n
3489161	2411	1249	n
3489412	2410	1249	n
3499787	2410	1250	n
3500038	2412	1250	n
3500289	2410	1250	n
3500541	2409	1250	n
3500797	2411	1250	n
3501048	2411	1251	n
3511448	2409	1251	n
3511703	2412	1252	n
3511954	2410	1250	n
3512205	2412	1249	n
3512456	2411	1253	n
3512712	2410	1251	n
3512963	2411	1250	n
3523334	2410	1250	n
3523590	2410	1250	n
3523845	2409	1248	n
3524096	2411	1249	n
3524347	2410	1251	n
3524601	2410	1248	n
3534995	2410	1249	n
3535246	2410	1249	n
3535501	2410	1249	n
3535756	2409	1250	n
3536007	2409	1249	n
3536258	2407	1251	n
3536515	2411	1250	n
3546880	2413	1251	n
3547131	2411	1249	n
3547382	2411	1249	n
3547638	2407	1250	n
3547889	2410	1250	n
3548140	2411	1249	n
3558547	2410	1249	n
3558802	2411	1250	n
3559053	2412	1250	n
3559304	2411	1251	n
3559557	2409	1251	n
3559812	2410	1249	n
3560063	2411	1252	n
3570426	2411	1251	n
3570682	2410	1250	n
3570933	2405	1249	n
3571183	2411	1251	n
3571435	2407	1249	n
3571691	2410	1250	n
3582087	2411	1250	n
3582338	2410	1250	n
3582591	2411	1249	n
3582846	2411	1249	n
3583097	2407	1251	n
3583348	2409	1250	n
3583605	2409	1249	n
3593972	2409	1251	n
3594223	2410	1251	n
3594474	2409	1250	n
3594734	2410	1250	n
3594985	2410	1250	n
3595236	2409	1250	n
3605637	2410	1250	n
3605888	2409	1250	n
3606139	2409	1250	n
3606390	2411	1249	n
3606648	2410	1249	n
3606899	2409	1249	n
3607150	2409	1250	n
3617521	2409	1250	n
3617775	2410	1250	n
3618026	2410	1250	n
3618277	2407	1249	n
3618532	2409	1251	n
3618787	2405	1249	n
3629180	2410	1251	n
3629431	2410	1251	n
3629691	2410	1251	n
3629942	2410	1249	n
3630192	2409	1250	n
3630443	2407	1250	n
3630699	2411	1249	n
3641065	2410	1250	n
3641316	2411	1248	n
3641570	2411	1249	n
3641826	2410	1249	n
3642077	2409	1249	n
3642328	2411	1249	n
3652726	2411	1251	n
3652977	2410	1251	n
3653228	2411	1250	n
3653479	2410	1249	n
3653736	2411	1250	n
3653987	2409	1249	n
3654238	2411	1250	n
3664615	2411	1250	n
3664870	2409	1251	n
3665121	2411	1250	n
3665372	2411	1250	n
3665629	2409	1250	n
3665880	2413	1251	n
3676272	2409	1249	n
3676525	2409	1250	n
3676779	2407	1251	n
3677030	2409	1249	n
3677281	2409	1249	n
3677535	2410	1249	n
3677791	2411	1248	n
3688157	2413	1250	n
3688408	2411	1249	n
3688663	2411	1250	n
3688914	2410	1250	n
3689165	2410	1253	n
3689416	2411	1251	n
3699818	2412	1249	n
3700069	2412	1251	n
3700320	2411	1250	n
3700573	2411	1251	n
3700828	2411	1250	n
3701078	2410	1250	n
3701329	2413	1250	n
3711708	2410	1249	n
3711959	2411	1250	n
3712210	2410	1251	n
3712461	2411	1250	n
3712717	2410	1250	n
3712968	2410	1251	n
3723365	2410	1250	n
3723626	2414	1251	n
3723877	2410	1249	n
3724128	2410	1249	n
3724379	2409	1251	n
3724639	2409	1251	n
3724890	2411	1251	n
3735250	2411	1251	n
3735504	2412	1250	n
3735759	2411	1251	n
3736010	2411	1251	n
3736261	2411	1251	n
3736515	2411	1252	n
3746911	2409	1251	n
3747162	2408	1250	n
3747413	2410	1249	n
3747668	2410	1249	n
3747919	2412	1249	n
3748170	2409	1250	n
3748421	2411	1250	n
3758796	2409	1251	n
3759047	2410	1250	n
3759298	2411	1250	n
3759552	2411	1249	n
3759807	2411	1248	n
3760058	2409	1250	n
3770457	2412	1249	n
3770712	2411	1250	n
3770963	2410	1250	n
3771214	2413	1250	n
3771465	2415	1249	n
3771720	2411	1251	n
3771971	2411	1250	n
3782342	2411	1249	n
3782598	2411	1251	n
3782853	2410	1250	n
3783104	2412	1251	n
3783355	2413	1249	n
3783608	2410	1250	n
3794003	2409	1250	n
3794254	2410	1249	n
3794507	2409	1250	n
3794763	2407	1249	n
3795013	2410	1249	n
3795264	2407	1248	n
3795519	2408	1249	n
3805889	2407	1249	n
3806140	2410	1251	n
3806391	2410	1250	n
3806649	2410	1248	n
3806899	2410	1250	n
3807150	2411	1249	n
3817556	2411	1250	n
3817811	2410	1251	n
3818061	2411	1249	n
3818312	2410	1251	n
3818566	2410	1250	n
3818821	2411	1250	n
3819072	2413	1250	n
3829435	2411	1251	n
3829691	2411	1250	n
3829942	2411	1249	n
3830193	2409	1250	n
3830444	2407	1250	n
3830700	2410	1251	n
3841096	2411	1251	n
3841347	2411	1251	n
3841601	2411	1250	n
3841856	2410	1249	n
3842107	2410	1251	n
3842358	2410	1250	n
3842611	2411	1251	n
3852981	2407	1250	n
3853232	2410	1250	n
3853487	2411	1250	n
3853742	2410	1249	n
3853993	2411	1250	n
3854244	2411	1250	n
3864646	2411	1251	n
3864897	2411	1249	n
3865148	2411	1250	n
3865399	2410	1249	n
3865657	2412	1251	n
3865908	2411	1250	n
3866159	2411	1251	n
3876532	2411	1251	n
3876787	2410	1250	n
3877038	2411	1249	n
3877289	2409	1251	n
3877542	2413	1250	n
3877797	2410	1250	n
3888188	2411	1249	n
3888439	2410	1250	n
3888699	2412	1250	n
3888950	2410	1250	n
3889201	2409	1251	n
3889452	2409	1249	n
3889707	2409	1250	n
3900074	2413	1251	n
3900325	2411	1251	n
3900582	2411	1250	n
3900837	2411	1250	n
3901088	2411	1249	n
3901339	2411	1251	n
3911735	2410	1249	n
3911986	2411	1250	n
3912237	2411	1249	n
3912492	2414	1251	n
3912747	2410	1251	n
3912997	2412	1249	n
3913248	2410	1250	n
3923629	2410	1248	n
3923880	2409	1249	n
3924131	2409	1248	n
3924381	2406	1250	n
3924639	2411	1250	n
3924890	2410	1249	n
3935281	2411	1249	n
3935535	2411	1251	n
3935790	2412	1250	n
3936042	2410	1251	n
3936293	2411	1250	n
3936549	2409	1250	n
3936804	2411	1249	n
3947166	2413	1250	n
3947417	2411	1251	n
3947672	2411	1251	n
3947923	2413	1249	n
3948174	2415	1251	n
3948425	2410	1252	n
3958827	2410	1250	n
3959078	2414	1251	n
3959329	2413	1251	n
3959583	2413	1250	n
3959838	2411	1251	n
3960089	2411	1251	n
3960340	2411	1251	n
3970716	2410	1248	n
3970967	2411	1251	n
3971218	2409	1249	n
3971469	2407	1250	n
3971725	2411	1249	n
3971976	2410	1250	n
3982373	2410	1253	n
3982731	2410	1251	n
3982982	2411	1249	n
3983233	2411	1249	n
3983487	2410	1251	n
3983773	2411	1250	n
3984024	2411	1249	n
3994431	2413	1251	n
3994918	2415	1251	n
3995199	2412	1250	n
3995450	2409	1251	n
3995705	2411	1250	n
3995956	2411	1251	n
4006386	2412	1249	Time:00:00:00:00;;
4007092	2413	1252	n
4007343	2410	1252	n
4007605	2411	1250	n
4007882	2411	1250	n
4008133	2410	1250	n
4018498	2411	1250	n
4018988	2411	1250	n
4019262	2411	1249	n
4019519	2411	1251	n
4019774	2410	1251	n
4020034	2410	1251	n
4020307	2411	1251	n
4030712	2412	1250	n
4031187	2413	1251	n
4031447	2408	1250	n
4031725	2413	1251	n
4031976	2411	1251	n
4032227	2411	1251	n
4032491	2411	1249	n
4042913	2413	1251	n
4043390	2413	1251	n
4043648	2413	1251	n
4043899	2411	1252	n
4044182	2411	1251	n
4044434	2413	1251	n
4054859	2411	1251	n
4055336	2413	1249	n
4055626	2412	1252	n
4055877	2411	1251	n
4056128	2413	1249	n
4056379	2411	1250	n
4056671	2409	1249	n
4067071	2411	1251	Time:00:00:00:00;;
4067769	2411	1249	n
4068028	2409	1250	n
4068302	2411	1249	n
4068555	2410	1251	n
4068811	2411	1249	n
4079180	2409	1251	n
4079698	2410	1250	n
4079950	2410	1250	n
4080200	2411	1249	n
4080460	2412	1250	n
4080738	2414	1250	n
4080989	2412	1251	n
4091376	2411	1250	n
4091869	2411	1250	n
4092143	2413	1250	n
4092394	2411	1251	n
4092652	2410	1251	n
4092912	2411	1251	n
4103348	2411	1251	n
4103834	2411	1250	n
4104085	2411	1250	n
4104345	2410	1249	n
4104626	2411	1251	n
4104877	2410	1251	n
4105128	2411	1251	n
4115494	2410	1249	n
4116012	2411	1251	n
4116263	2411	1250	n
4116518	2411	1250	n
4116774	2408	1249	n
4117056	2410	1249	n
4117307	2409	1249	n
4127691	2411	1248	n
4128168	2410	1250	n
4128450	2409	1249	n
4128705	2410	1249	n
4128956	2412	1251	n
4129207	2410	1252	n
4139646	2411	1251	n
4140131	2411	1251	n
4140382	2412	1250	n
4140639	2411	1253	n
4140897	2413	1250	n
4141170	2410	1251	n
4141421	2410	1252	n
4151785	2410	1251	n
4152271	2409	1252	n
4152548	2410	1249	n
4152804	2409	1250	n
4153055	2411	1250	n
4153314	2412	1250	n
4153601	2413	1250	n
4163999	2413	1250	n
4164475	2407	1249	n
4164743	2411	1251	n
4165016	2413	1248	n
4165267	2409	1250	n
4165521	2411	1250	n
4175954	2411	1250	n
4176468	2411	1250	n
4176723	2412	1251	n
4176974	2410	1251	n
4177233	2411	1250	n
4177513	2411	1250	n
4177768	2411	1250	n
4188166	2411	1249	n
4188661	2410	1249	n
4188934	2410	1250	n
4189185	2411	1249	n
4189436	2411	1248	n
4189702	2407	1251	n
4189975	2407	1250	n
4200361	2410	1253	n
4200854	2410	1251	n
4201105	2410	1249	n
4201387	2411	1251	n
4201648	2411	1250	n
4201899	2411	1251	n
4202150	2410	1249	n
4212559	2407	1251	Time:00:00:00:00;;
4213262	2412	1251	n
4213519	2410	1251	n
4213774	2411	1251	n
4214024	2413	1249	n
4224426	2411	1250	n
4224681	2413	1250	n
4224932	2413	1252	n
4225183	2411	1249	n
4225434	2411	1251	n
4225691	2412	1251	n
4225942	2412	1251	n
4236327	2411	1251	n
4236584	2411	1250	n
4236839	2411	1251	n
4237090	2410	1249	n
4237341	2414	1250	n
4237593	2410	1249	n
4247972	2411	1252	n
4248223	2412	1249	n
4248474	2410	1251	n
4248734	2411	1251	n
4248985	2411	1248	n
4249236	2410	1249	n
4249491	2412	1249	n
4259874	2411	1249	n
4260125	2412	1251	n
4260376	2412	1251	n
4260633	2413	1251	n
4260884	2412	1253	n
4261135	2412	1249	n
4271519	2410	1250	n
4271774	2413	1251	n
4272024	2411	1251	n
4272276	2411	1251	n
4272532	2412	1250	n
4272787	2411	1250	n
4273038	2411	1251	n
4283420	2411	1253	n
4283676	2410	1251	n
4283927	2410	1251	n
4284178	2410	1249	n
4284429	2410	1250	n
4284685	2411	1251	n
4295065	2412	1250	n
4295316	2413	1251	n
4295570	2412	1252	n
4295825	2411	1250	n
4296076	2413	1249	n
4296327	2411	1250	n
4296584	2411	1251	n
4306966	2413	1249	n
4307217	2411	1252	n
4307468	2413	1249	n
4307724	2411	1251	n
4307975	2411	1250	n
4308226	2410	1250	n
4318611	2411	1249	n
4318866	2410	1251	n
4319117	2411	1250	n
4319368	2412	1251	n
4319629	2409	1251	n
4319880	2413	1250	n
4320131	2411	1249	n
4330519	2410	1251	n
4330774	2409	1251	n
4331025	2411	1252	n
4331276	2410	1250	n
4331532	2410	1249	n
4331787	2410	1250	n
4342157	2409	1250	n
4342408	2411	1249	n
4342663	2410	1249	n
4342914	2410	1249	n
4343165	2410	1250	n
4343416	2409	1251	n
4343671	2412	1249	n
4354059	2411	1250	n
4354310	2412	1250	n
4354566	2413	1251	n
4354821	2411	1249	n
4355072	2413	1251	n
4355323	2413	1250	n
4365704	2410	1252	n
4365955	2411	1248	n
4366206	2411	1252	n
4366457	2413	1250	n
4366712	2410	1251	n
4366963	2412	1251	n
4367214	2412	1251	n
4377606	2413	1250	n
4377861	2410	1250	n
4378112	2411	1250	n
4378363	2409	1250	n
4378621	2409	1248	n
4378871	2411	1250	n
4389250	2410	1249	n
4389504	2407	1250	n
4389759	2411	1250	n
4390010	2410	1251	n
4390261	2410	1251	n
4390515	2411	1251	n
4390771	2409	1251	n
4401151	2410	1251	n
4401402	2410	1249	n
4401658	2413	1249	n
4401909	2412	1250	n
4402160	2412	1251	n
4402411	2411	1248	n
4412796	2410	1250	n
4413047	2411	1251	n
4413298	2412	1249	n
4413552	2411	1253	n
4413807	2410	1251	n
4414058	2410	1251	n
4414309	2411	1252	n
4424702	2410	1250	n
4424953	2410	1249	n
4425204	2410	1249	n
4425455	2412	1250	n
4425710	2411	1251	n
4425961	2411	1250	n
4436342	2410	1250	n
4436598	2410	1250	n
4436853	2407	1251	n
4437104	2410	1249	n
4437355	2411	1250	n
4437608	2411	1251	n
4437864	2413	1251	n
4448244	2411	1252	n
4448501	2411	1251	n
4448756	2411	1249	n
4449007	2410	1250	n
4449258	2411	1251	n
4449515	2412	1251	n
4459889	2410	1251	n
4460140	2411	1251	n
4460390	2410	1250	n
4460648	2411	1251	n
4460899	2411	1250	n
4461150	2410	1249	n
4461401	2410	1249	n
4471790	2407	1250	n
4472041	2410	1251	n
4472292	2411	1250	n
4472549	2410	1249	n
4472804	2411	1250	n
4473055	2411	1250	n
4483435	2410	1251	n
4483691	2412	1250	n
4483942	2410	1250	n
4484193	2411	1250	n
4484444	2409	1251	n
4484700	2411	1251	n
4484951	2411	1250	n
4495336	2412	1250	n
4495590	2411	1251	n
4495845	2411	1251	n
4496096	2411	1252	n
4496347	2412	1250	n
4496601	2412	1250	n
4506981	2410	1249	n
4507232	2410	1251	n
4507487	2406	1251	n
4507742	2413	1251	n
4507993	2410	1249	n
4508244	2410	1251	n
4508501	2410	1250	n
4518882	2411	1250	n
4519133	2411	1250	n
4519384	2411	1251	n
4519644	2410	1250	n
4519895	2411	1250	n
4520146	2411	1250	n
4530527	2411	1251	n
4530782	2411	1252	n
4531033	2411	1249	n
4531284	2413	1252	n
4531538	2412	1249	n
4531793	2412	1251	n
4532044	2411	1251	n
4542429	2410	1249	n
4542685	2414	1251	n
4542936	2410	1248	n
4543187	2410	1251	n
4543438	2407	1249	n
4543698	2410	1250	n
4554074	2410	1250	n
4554325	2411	1250	n
4554581	2411	1251	n
4554836	2411	1251	n
4555087	2411	1251	n
4555338	2413	1251	n
4555591	2411	1251	n
4565975	2413	1250	n
4566226	2411	1251	n
4566478	2413	1251	n
4566734	2410	1252	n
4566985	2411	1251	n
4567236	2411	1251	n
4577624	2414	1252	n
4577875	2411	1251	n
4578126	2415	1251	n
4578377	2411	1251	n
4578633	2413	1251	n
4578884	2411	1251	n
4579135	2415	1253	n
4589523	2411	1249	n
4589779	2411	1249	n
4590030	2409	1250	n
4590281	2410	1251	n
4590535	2410	1251	n
4590790	2410	1249	n
4601166	2411	1250	n
4601417	2411	1252	n
4601672	2413	1250	n
4601922	2410	1250	n
4602174	2412	1251	n
4602425	2410	1253	n
4602680	2411	1249	n
4613067	2411	1251	n
4613318	2412	1253	n
4613573	2411	1251	n
4613828	2410	1250	n
4614079	2411	1249	n
4614329	2409	1250	n
4624712	2411	1251	n
4624963	2413	1251	n
4625213	2411	1251	n
4625464	2413	1250	n
4625720	2410	1250	n
4625971	2411	1250	n
4626222	2411	1251	n
4636614	2410	1250	n
4636870	2411	1251	n
4637121	2411	1249	n
4637372	2409	1250	n
4637629	2411	1250	n
4637880	2412	1250	n
4648259	2410	1252	n
4648515	2409	1251	n
4648770	2410	1250	n
4649021	2411	1249	n
4649272	2411	1250	n
4649525	2410	1251	n
4649779	2409	1250	n
4660160	2411	1252	n
4660411	2411	1251	n
4660667	2413	1250	n
4660918	2413	1250	n
4661169	2411	1251	n
4661420	2411	1252	n
4671805	2411	1250	n
4672056	2414	1250	n
4672307	2411	1252	n
4672564	2412	1252	n
4672819	2414	1249	n
4673070	2411	1251	n
4673321	2413	1251	n
4683711	2412	1249	n
4683962	2411	1251	n
4684213	2410	1250	n
4684464	2413	1251	n
4684719	2410	1251	n
4684970	2411	1250	n
4695351	2410	1250	n
4695608	2411	1249	n
4695863	2410	1250	n
4696114	2410	1250	n
4696365	2411	1250	n
4696626	2410	1249	n
4696877	2410	1249	n
4707252	2411	1249	n
4707505	2413	1250	n
4707760	2411	1251	n
4708011	2411	1250	n
4708262	2411	1250	n
4708519	2410	1250	n
4718897	2411	1250	n
4719148	2406	1250	n
4719399	2410	1250	n
4719657	2406	1250	n
4719908	2411	1250	n
4720159	2412	1249	n
4720410	2411	1250	n
4730799	2411	1251	n
4731050	2413	1251	n
4731302	2411	1251	n
4731555	2411	1249	n
4731810	2411	1250	n
4732061	2411	1253	n
4742444	2407	1252	n
4742700	2410	1250	n
4742951	2411	1252	n
4743202	2413	1251	n
4743453	2412	1249	n
4743708	2410	1250	n
4743959	2414	1252	n
4754345	2413	1252	n
4754601	2413	1251	n
4754856	2411	1250	n
4755107	2411	1251	n
4755358	2412	1250	n
4755611	2413	1251	n
4765990	2414	1250	n
4766241	2413	1251	n
4766494	2414	1253	n
4766750	2412	1251	n
4767001	2411	1250	n
4767252	2411	1249	n
4767505	2410	1251	n
4777891	2411	1251	n
4778142	2411	1251	n
4778393	2413	1250	n
4778652	2411	1249	n
4778903	2412	1249	n
4779154	2411	1251	n
4789536	2410	1250	n
4789791	2412	1251	n
4790042	2411	1249	n
4790293	2411	1250	n
4790549	2411	1250	n
4790804	2411	1250	n
4791055	2413	1251	n
4801437	2411	1251	n
4801698	2412	1250	n
4801949	2412	1250	n
4802200	2412	1252	n
4802451	2411	1252	n
4802706	2413	1253	n
4813082	2411	1251	n
4813333	2411	1251	n
4813587	2411	1251	n
4813842	2413	1251	n
4814093	2411	1250	n
4814344	2411	1252	n
4814601	2411	1250	n
4824984	2411	1250	n
4825235	2411	1250	n
4825491	2411	1250	n
4825746	2413	1249	n
4825997	2409	1251	n
4826248	2410	1251	n
4836633	2413	1249	n
4836884	2411	1250	n
4837135	2410	1249	n
4837386	2411	1250	n
4837644	2410	1251	n
4837895	2414	1250	n
4838146	2411	1251	n
4848536	2411	1249	n
4848791	2409	1250	n
4849042	2409	1250	n
4849293	2411	1251	n
4849550	2411	1250	n
4849805	2413	1251	n
4860175	2411	1251	n
4860426	2411	1250	n
4860681	2409	1251	n
4860932	2413	1250	n
4861183	2411	1251	n
4861434	2411	1249	n
4861691	2411	1249	n
4872076	2411	1251	n
4872327	2413	1249	n
4872584	2410	1251	n
4872839	2411	1250	n
4873090	2412	1250	n
4873341	2410	1248	n
4883721	2412	1250	n
4883972	2413	1250	n
4884223	2411	1250	n
4884473	2409	1249	n
4884730	2411	1251	n
4884981	2411	1251	n
4885231	2413	1249	n
4895626	2411	1249	n
4895877	2412	1251	n
4896128	2407	1250	n
4896379	2409	1251	n
4896639	2407	1249	n
4896890	2411	1250	n
4907267	2410	1249	n
4907521	2411	1251	n
4907775	2411	1250	n
4908026	2413	1250	n
4908277	2411	1251	n
4908532	2411	1250	n
4908787	2411	1251	n
4919169	2412	1251	n
4919420	2413	1253	n
4919676	2411	1251	n
4919927	2411	1252	n
4920178	2410	1249	n
4920429	2413	1250	n
4930814	2414	1251	n
4931065	2411	1251	n
4931316	2414	1250	n
4931570	2411	1252	n
4931826	2413	1252	n
4932077	2413	1253	n
4932327	2411	1251	n
4942720	2410	1250	n
4942971	2411	1253	n
4943222	2411	1251	n
4943473	2410	1249	n
4943729	2411	1251	n
4943980	2411	1251	n
4954360	2411	1250	n
4954615	2411	1251	n
4954870	2413	1251	n
4955121	2412	1250	n
4955372	2413	1251	n
4955629	2413	1251	n
4955880	2410	1251	n
4966261	2414	1250	n
4966516	2411	1251	n
4966771	2411	1251	n
4967022	2411	1251	n
4967273	2413	1251	n
4967530	2411	1249	n
4977906	2413	1251	n
4978157	2412	1252	n
4978408	2413	1250	n
4978663	2411	1250	n
4978914	2411	1251	n
4979165	2411	1251	n
4979416	2413	1251	n
4989807	2411	1252	n
4990292	2412	1251	n
4990549	2411	1252	n
4990804	2411	1249	n
4991086	2411	1250	n
4991337	2410	1251	n
4991590	2409	1251	n
5002004	2412	1251	n
5002494	2411	1250	n
5002772	2412	1252	n
5003023	2411	1250	n
5003274	2410	1250	n
5003539	2409	1251	Time:00:00:00:00;;
5014202	2411	1250	n
5014689	2412	1251	n
5014949	2412	1251	n
5015222	2413	1251	n
5015473	2413	1254	n
5015729	2411	1251	n
5026171	2410	1249	n
5026689	2414	1251	n
5026940	2409	1252	n
5027191	2407	1250	n
5027450	2410	1252	n
5027728	2410	1251	n
5027979	2410	1249	n
5038366	2411	1249	n
5038860	2410	1250	n
5039134	2411	1251	n
5039385	2411	1251	n
5039645	2413	1250	n
5039904	2411	1249	n
5040177	2411	1250	n
5050566	2411	1250	n
5051049	2411	1252	n
5051309	2411	1250	n
5051587	2411	1250	n
5051842	2411	1250	n
5052093	2411	1251	n
5062487	2413	1250	Time:00:00:00:00;;
5063215	2411	1251	n
5063466	2414	1251	n
5063721	2413	1252	n
5064003	2411	1250	n
5064254	2413	1252	n
5074647	2412	1251	n
5075124	2411	1251	n
5075406	2413	1249	n
5075662	2411	1252	n
5075913	2413	1250	n
5076164	2413	1251	n
5076446	2410	1252	n
5086839	2411	1249	n
5087316	2411	1249	n
5087570	2412	1253	n
5087834	2413	1251	n
5088107	2412	1249	n
5088358	2410	1251	n
5088611	2411	1250	n
5099035	2415	1252	n
5099549	2411	1249	n
5099804	2411	1251	n
5100055	2411	1251	n
5100315	2411	1250	n
5100590	2412	1250	n
5110955	2413	1252	n
5111437	2411	1251	n
5111707	2411	1251	n
5111980	2413	1250	n
5112231	2411	1250	n
5112487	2411	1250	n
5112751	2413	1251	n
5123159	2412	1250	n
5123644	2413	1250	n
5123895	2411	1250	n
5124154	2409	1251	n
5124428	2410	1250	n
5124684	2410	1252	n
5124935	2411	1250	n
5135346	2411	1251	n
5135864	2411	1251	n
5136115	2412	1249	n
5136366	2409	1250	n
5136632	2412	1250	n
5136906	2411	1249	n
5147266	2414	1253	n
5147750	2412	1252	n
5148001	2413	1249	n
5148283	2413	1252	n
5148539	2411	1251	n
5148794	2414	1250	n
5149045	2412	1251	n
5159461	2413	1251	n
5159956	2411	1251	n
5160207	2410	1250	n
5160458	2413	1252	n
5160722	2407	1250	n
5160996	2410	1249	n
5161247	2410	1250	n
5171661	2412	1250	n
5172149	2411	1250	n
5172428	2411	1250	n
5172685	2410	1251	n
5172936	2411	1250	n
5173196	2413	1251	n
5183633	2413	1252	n
5184109	2411	1251	n
5184360	2411	1251	n
5184629	2413	1250	n
5184904	2411	1251	n
5185155	2409	1250	n
5185406	2411	1249	n
5195772	2411	1253	n
5196284	2411	1252	n
5196538	2411	1250	n
5196793	2410	1249	n
5197053	2413	1250	n
5197326	2410	1252	n
5197581	2412	1251	n
5207969	2411	1249	n
5208447	2410	1250	n
5208733	2413	1250	n
5208984	2411	1250	n
5209235	2411	1250	n
5209491	2412	1250	n
5219924	2414	1251	Time:00:00:00:00;;
5220457	2413	1251	n
5220712	2413	1250	n
5220963	2411	1251	n
5221214	2413	1251	n
5221465	2414	1249	n
5231877	2413	1251	n
5232128	2411	1252	n
5232379	2413	1249	n
5232639	2412	1251	n
5232890	2411	1251	n
5233141	2413	1251	n
5233392	2412	1250	n
5243766	2411	1251	n
5244017	2413	1250	n
5244268	2411	1250	n
5244522	2411	1251	n
5244777	2411	1251	n
5245028	2414	1252	n
5255423	2412	1253	n
5255678	2410	1248	n
5255929	2411	1250	n
5256180	2413	1250	n
5256431	2410	1249	n
5256691	2411	1251	n
5256942	2411	1250	n
5267309	2412	1251	n
5267564	2412	1251	n
5267819	2411	1251	n
5268070	2409	1250	n
5268321	2411	1250	n
5268574	2411	1251	n
5278970	2411	1252	n
5279221	2413	1250	n
5279472	2410	1250	n
5279729	2411	1250	n
5279979	2412	1250	n
5280231	2413	1251	n
5280487	2411	1251	n
5290855	2413	1251	n
5291106	2413	1251	n
5291357	2413	1250	n
5291610	2413	1250	n
5291865	2411	1249	n
5292116	2411	1249	n
5302522	2411	1251	n
5302777	2411	1250	n
5303028	2411	1249	n
5303279	2411	1251	n
5303536	2411	1249	n
5303791	2410	1250	n
5304041	2410	1250	n
5314401	2411	1249	n
5314658	2411	1249	n
5314909	2411	1250	n
5315160	2414	1249	n
5315411	2412	1249	n
5315667	2413	1250	n
5326062	2413	1253	n
5326313	2411	1251	n
5326566	2411	1251	n
5326821	2412	1251	n
5327072	2410	1251	n
5327323	2411	1250	n
5327576	2412	1249	n
5337947	2411	1251	n
5338198	2411	1248	n
5338449	2411	1252	n
5338704	2411	1250	n
5338955	2411	1250	n
5339206	2411	1250	n
5349608	2411	1251	n
5349863	2411	1250	n
5350114	2410	1251	n
5350365	2410	1250	n
5350626	2409	1252	n
5350877	2409	1250	n
5351128	2410	1251	n
5361498	2413	1252	n
5361753	2412	1252	n
5362004	2411	1249	n
5362255	2413	1251	n
5362508	2411	1249	n
5362763	2411	1249	n
5373155	2413	1251	n
5373406	2411	1250	n
5373662	2411	1253	n
5373913	2412	1251	n
5374164	2410	1251	n
5374414	2412	1251	n
5374670	2410	1250	n
5385040	2409	1251	n
5385291	2410	1250	n
5385546	2411	1249	n
5385801	2410	1251	n
5386052	2410	1250	n
5386303	2411	1249	n
5396703	2412	1250	n
5396954	2411	1251	n
5397205	2412	1250	n
5397456	2413	1250	n
5397712	2411	1251	n
5397963	2412	1251	n
5398214	2411	1251	n
5408589	2411	1251	n
5408845	2413	1251	n
5409096	2413	1252	n
5409347	2413	1251	n
5409601	2414	1253	n
5409856	2413	1251	n
5420247	2413	1250	n
5420501	2411	1250	n
5420756	2411	1250	n
5421007	2414	1250	n
5421258	2413	1250	n
5421515	2411	1251	n
5421770	2411	1250	n
5432132	2411	1251	n
5432383	2411	1250	n
5432640	2410	1250	n
5432891	2409	1251	n
5433142	2412	1249	n
5433393	2411	1250	n
5443793	2413	1250	n
5444044	2409	1251	n
5444295	2411	1250	n
5444549	2413	1251	n
5444804	2413	1251	n
5445055	2412	1249	n
5445306	2413	1250	n
5455683	2413	1250	n
5455934	2411	1250	n
5456185	2411	1250	n
5456436	2412	1252	n
5456693	2411	1252	n
5456944	2413	1249	n
5467340	2411	1250	n
5467593	2411	1251	n
5467848	2411	1250	n
5468099	2410	1250	n
5468350	2409	1250	n
5468605	2412	1251	n
5468860	2409	1249	n
5479225	2413	1250	n
5479476	2411	1250	n
5479734	2410	1253	n
5479985	2411	1251	n
5480236	2411	1250	n
5480491	2413	1249	n
5490886	2411	1251	n
5491137	2409	1251	n
5491388	2411	1251	n
5491649	2410	1250	n
5491900	2411	1250	n
5492150	2409	1249	n
5492402	2410	1249	n
5502773	2413	1251	n
5503024	2413	1252	n
5503275	2413	1252	n
5503532	2411	1252	n
5503787	2413	1251	n
5504038	2414	1251	n
5514432	2412	1251	n
5514691	2411	1250	n
5514942	2411	1251	n
5515193	2411	1251	n
5515444	2407	1250	n
5515700	2413	1251	n
5515951	2412	1251	n
5526317	2411	1250	n
5526573	2411	1251	n
5526828	2412	1250	n
5527079	2412	1250	n
5527330	2411	1249	n
5527587	2413	1250	n
5537978	2411	1251	n
5538229	2411	1250	n
5538481	2410	1253	n
5538736	2412	1250	n
5538987	2412	1250	n
5539238	2412	1249	n
5539494	2411	1250	n
5549864	2412	1251	n
5550115	2410	1250	n
5550366	2414	1251	n
5550625	2413	1252	n
5550876	2413	1251	n
5551127	2413	1251	n
5561529	2412	1252	n
5561785	2411	1251	n
5562036	2411	1250	n
5562287	2410	1250	n
5562540	2410	1249	n
5562795	2413	1251	n
5563046	2412	1251	n
5573410	2412	1251	n
5573665	2410	1250	n
5573916	2411	1250	n
5574167	2411	1251	n
5574418	2411	1250	n
5574674	2410	1253	n
5585071	2412	1250	n
5585322	2411	1250	n
5585575	2410	1251	n
5585830	2410	1251	n
5586081	2411	1251	n
5586332	2407	1250	n
5586587	2411	1250	n
5596956	2414	1251	n
5597207	2415	1251	n
5597458	2414	1251	n
5597713	2413	1253	n
5597964	2414	1251	n
5598215	2411	1250	n
5608621	2411	1251	n
5608871	2413	1251	n
5609122	2413	1251	n
5609373	2413	1250	n
5609630	2411	1251	n
5609880	2411	1249	n
5610131	2410	1250	n
5620504	2413	1251	n
5620759	2411	1253	n
5621010	2410	1250	n
5621261	2411	1250	n
5621515	2411	1250	n
5621771	2410	1250	n
5632163	2411	1250	n
5632414	2411	1253	n
5632669	2412	1250	n
5632920	2413	1253	n
5633171	2413	1250	n
5633422	2410	1253	n
5633677	2411	1251	n
5644049	2412	1251	n
5644300	2414	1251	n
5644555	2411	1251	n
5644810	2411	1250	n
5645061	2410	1253	n
5645312	2415	1250	n
5655709	2413	1253	n
5655960	2411	1252	n
5656211	2414	1250	n
5656462	2415	1251	n
5656718	2411	1251	n
5656969	2411	1251	n
5657220	2412	1251	n
5667601	2411	1251	n
5667856	2410	1252	n
5668107	2411	1250	n
5668357	2411	1250	n
5668611	2410	1249	n
5668866	2411	1251	n
5679256	2414	1250	n
5679513	2413	1251	n
5679768	2413	1250	n
5680019	2412	1253	n
5680270	2414	1252	n
5680523	2411	1249	n
5680778	2413	1251	n
5691141	2410	1249	n
5691392	2410	1250	n
5691653	2410	1249	n
5691904	2412	1251	n
5692155	2412	1249	n
5692406	2411	1250	n
5702802	2411	1251	n
5703053	2413	1251	n
5703304	2410	1252	n
5703557	2413	1251	n
5703812	2411	1250	n
5704063	2411	1250	n
5704314	2412	1251	n
5714691	2411	1250	n
5714942	2411	1251	n
5715193	2414	1251	n
5715444	2410	1250	n
5715700	2411	1250	n
5715951	2413	1250	n
5726348	2412	1250	n
5726604	2411	1251	n
5726860	2413	1251	n
5727110	2414	1250	n
5727361	2411	1251	n
5727622	2414	1251	n
5727873	2413	1250	n
5738234	2414	1251	n
5738487	2413	1251	n
5738742	2413	1249	n
5738993	2411	1250	n
5739244	2411	1249	n
5739501	2411	1251	n
5749895	2410	1248	n
5750146	2412	1250	n
5750397	2411	1249	n
5750657	2410	1250	n
5750908	2411	1249	n
5751159	2411	1251	n
5751409	2413	1250	n
5761784	2411	1250	n
5762035	2411	1252	n
5762286	2411	1251	n
5762539	2411	1249	n
5762794	2411	1251	n
5763045	2412	1251	n
5773441	2410	1251	n
5773698	2413	1250	n
5773949	2413	1252	n
5774200	2415	1251	n
5774451	2412	1251	n
5774706	2411	1251	n
5774957	2411	1251	n
5785326	2410	1252	n
5785581	2411	1249	n
5785836	2412	1251	n
5786087	2413	1250	n
5786338	2411	1251	n
5786591	2411	1250	n
5796987	2410	1248	n
5797238	2414	1251	n
5797494	2412	1250	n
5797750	2411	1251	n
5798001	2410	1249	n
5798252	2411	1251	n
5798505	2410	1250	n
5808872	2413	1251	n
5809123	2412	1250	n
5809374	2410	1250	n
5809631	2412	1251	n
5809882	2411	1250	n
5810133	2411	1250	n
5820539	2412	1251	n
5820794	2411	1251	n
5821045	2411	1251	n
5821296	2410	1250	n
5821553	2411	1250	n
5821808	2410	1251	n
5822059	2411	1248	n
5832419	2409	1250	n
5832674	2411	1250	n
5832925	2412	1249	n
5833176	2413	1250	n
5833427	2411	1250	n
5833683	2411	1251	n
5844080	2412	1251	n
5844331	2413	1253	n
5844587	2411	1250	n
5844843	2413	1249	n
5845094	2410	1250	n
5845345	2411	1250	n
5845601	2411	1250	n
5855965	2409	1250	n
5856216	2412	1251	n
5856467	2412	1251	n
5856722	2413	1250	n
5856973	2414	1251	n
5857224	2411	1251	n
5867630	2407	1250	n
5867881	2410	1251	n
5868132	2410	1250	n
5868383	2407	1251	n
5868640	2411	1251	n
5868890	2410	1250	n
5869141	2411	1251	n
5879514	2411	1251	n
5879770	2412	1251	n
5880021	2411	1250	n
5880272	2411	1252	n
5880524	2410	1251	n
5880779	2411	1250	n
5891172	2411	1251	n
5891423	2414	1251	n
5891678	2413	1253	n
5891929	2414	1251	n
5892180	2411	1252	n
5892431	2413	1253	n
5892691	2414	1251	n
5903057	2413	1252	n
5903308	2414	1252	n
5903563	2413	1250	n
5903818	2411	1252	n
5904069	2413	1251	n
5904320	2413	1250	n
5914718	2411	1250	n
5914969	2411	1250	n
5915220	2411	1250	n
5915471	2410	1250	n
5915727	2410	1251	n
5915978	2412	1249	n
5916229	2413	1250	n
5926607	2412	1251	n
5926862	2414	1250	n
5927113	2412	1251	n
5927364	2411	1250	n
5927622	2411	1250	n
5927873	2410	1251	n
5938265	2412	1250	n
5938522	2412	1251	n
5938777	2411	1250	n
5939028	2411	1251	n
5939279	2411	1252	n
5939536	2413	1251	n
5939790	2411	1250	n
5950150	2413	1252	n
5950401	2413	1249	n
5950658	2413	1250	n
5950909	2413	1252	n
5951160	2411	1250	n
5951411	2413	1250	n
5961811	2411	1252	n
5962062	2413	1249	n
5962313	2413	1251	n
5962566	2412	1251	n
5962821	2413	1250	n
5963072	2413	1250	n
5963323	2413	1249	n
5973700	2410	1250	n
5973951	2410	1250	n
5974202	2410	1250	n
5974453	2411	1251	n
5974708	2410	1250	n
5974959	2411	1250	n
5985357	2413	1251	n
5985755	2411	1250	n
5986029	2411	1251	n
5986280	2411	1250	n
5986535	2411	1249	n
5986799	2411	1250	n
5987073	2413	1252	n
5997487	2413	1252	n
5997968	2411	1250	n
5998228	2412	1250	n
5998504	2413	1251	n
5998759	2411	1250	n
5999010	2411	1253	n
5999270	2411	1250	n
6009675	2411	1250	Time:00:00:00:00;;
6010365	2411	1249	n
6010635	2410	1251	n
6010908	2410	1250	n
6011159	2411	1251	n
6021548	2412	1251	n
6022029	2411	1249	n
6022311	2413	1251	n
6022566	2411	1251	n
6022821	2413	1249	n
6023072	2411	1250	n
6023354	2410	1249	n
6033760	2413	1251	n
6034236	2411	1250	n
6034491	2414	1251	n
6034777	2412	1253	n
6035028	2411	1251	n
6035279	2411	1251	n
6035536	2410	1251	n
6045974	2411	1251	n
6046460	2415	1250	n
6046715	2411	1251	n
6046966	2411	1249	n
6047248	2411	1250	n
6047505	2411	1252	n
6057929	2411	1250	n
6058407	2411	1249	n
6058693	2411	1250	n
6058944	2411	1249	n
6059195	2412	1251	n
6059446	2410	1251	Time:00:00:00:00;;
6070107	2413	1250	n
6070586	2412	1252	n
6070842	2413	1250	n
6071101	2414	1253	n
6071375	2413	1252	n
6071632	2412	1251	n
6071883	2413	1249	n
6082250	2413	1251	n
6082769	2414	1250	n
6083020	2411	1251	n
6083271	2411	1251	n
6083533	2413	1251	n
6083811	2413	1251	n
6084062	2413	1250	n
6094446	2409	1251	n
6094926	2411	1251	n
6095208	2411	1250	n
6095459	2414	1251	n
6095715	2410	1250	n
6095966	2412	1252	n
6106409	2412	1250	n
6106898	2413	1250	n
6107149	2411	1251	n
6107400	2414	1251	n
6107686	2410	1250	n
6107937	2411	1251	n
6108188	2413	1253	n
6118549	2413	1251	n
6119038	2410	1251	n
6119312	2410	1252	n
6119566	2412	1251	n
6119821	2411	1251	n
6120081	2410	1251	n
6120354	2412	1249	n
6130761	2412	1251	n
6131238	2410	1249	n
6131501	2411	1249	n
6131779	2411	1251	n
6132030	2409	1250	n
6132281	2409	1249	n
6142712	2411	1249	n
6143218	2411	1251	n
6143469	2413	1248	n
6143725	2413	1251	n
6143984	2411	1249	n
6144260	2411	1250	n
6144515	2411	1250	n
6154925	2414	1251	n
6155416	2412	1253	n
6155694	2411	1251	n
6155945	2412	1250	n
6156196	2413	1251	n
6156455	2414	1251	n
6156733	2411	1253	n
6167120	2412	1251	n
6167605	2411	1251	n
6167869	2412	1250	n
6168142	2413	1251	n
6168393	2411	1250	n
6168652	2411	1250	n
6168911	2411	1250	n
6179325	2411	1251	n
6179812	2413	1251	n
6180063	2412	1251	n
6180322	2411	1250	n
6180600	2411	1251	n
6180856	2412	1250	n
6191236	2411	1250	n
6191729	2412	1250	n
6192011	2412	1250	n
6192262	2413	1250	n
6192519	2411	1251	n
6192774	2414	1251	n
6193055	2411	1251	n
6203431	2413	1252	n
6203917	2413	1249	n
6204168	2413	1250	n
6204450	2413	1253	n
6204705	2413	1251	n
6204956	2411	1251	n
6205207	2410	1251	n
6215634	2413	1251	Time:00:00:00:00;;
6216257	2413	1250	n
6216512	2414	1251	n
6216768	2413	1251	n
6217019	2414	1251	n
6227410	2411	1250	n
6227665	2413	1250	n
6227916	2411	1250	n
6228167	2411	1251	n
6228418	2411	1252	n
6228674	2411	1252	n
6228925	2411	1251	n
6239311	2412	1251	n
6239566	2411	1250	n
6239821	2413	1251	n
6240072	2411	1250	n
6240323	2410	1251	n
6240576	2411	1251	n
6250956	2412	1252	n
6251207	2415	1250	n
6251458	2414	1250	n
6251713	2411	1253	n
6251964	2413	1251	n
6252215	2411	1250	n
6252467	2413	1250	n
6262857	2410	1251	n
6263108	2411	1249	n
6263359	2410	1249	n
6263616	2411	1250	n
6263871	2409	1250	n
6264122	2410	1251	n
6274504	2412	1250	n
6274759	2413	1251	n
6275010	2409	1252	n
6275261	2412	1251	n
6275515	2411	1250	n
6275771	2413	1251	n
6276022	2412	1251	n
6286404	2409	1249	n
6286660	2413	1250	n
6286911	2411	1252	n
6287162	2410	1250	n
6287413	2411	1250	n
6287668	2412	1248	n
6298049	2413	1251	n
6298300	2411	1251	n
6298555	2411	1251	n
6298810	2411	1252	n
6299061	2412	1251	n
6299312	2410	1250	n
6299566	2411	1250	n
6309950	2410	1250	n
6310201	2413	1249	n
6310452	2410	1252	n
6310708	2411	1251	n
6310958	2411	1250	n
6311209	2411	1251	n
6321595	2411	1251	n
6321850	2411	1250	n
6322101	2411	1250	n
6322352	2410	1250	n
6322608	2411	1252	n
6322863	2410	1252	n
6323114	2411	1250	n
6333502	2411	1251	n
6333757	2411	1250	n
6334008	2413	1251	n
6334259	2412	1251	n
6334515	2414	1251	n
6334770	2413	1251	n
6345141	2412	1251	n
6345392	2411	1251	n
6345653	2413	1252	n
6345904	2411	1250	n
6346155	2411	1250	n
6346405	2412	1250	n
6346661	2407	1249	n
6357042	2411	1251	n
6357293	2412	1250	n
6357549	2411	1250	n
6357805	2411	1250	n
6358055	2412	1250	n
6358306	2411	1252	n
6368687	2413	1250	n
6368938	2412	1250	n
6369189	2411	1251	n
6369440	2415	1250	n
6369698	2413	1251	n
6369949	2411	1249	n
6370200	2413	1250	n
6380591	2414	1251	n
6380846	2411	1251	n
6381098	2413	1253	n
6381348	2414	1251	n
6381605	2413	1252	n
6381860	2414	1251	n
6392234	2412	1251	n
6392487	2413	1253	n
6392742	2411	1251	n
6392993	2414	1252	n
6393244	2413	1251	n
6393498	2413	1251	n
6393754	2414	1251	n
6404135	2414	1252	n
6404386	2413	1251	n
6404644	2413	1251	n
6404895	2413	1251	n
6405146	2411	1252	n
6405397	2411	1251	n
6415780	2411	1251	n
6416031	2411	1252	n
6416282	2413	1251	n
6416539	2413	1251	n
6416794	2412	1251	n
6417045	2413	1252	n
6417296	2413	1252	n
6427686	2412	1251	n
6427937	2411	1251	n
6428188	2414	1251	n
6428439	2412	1252	n
6428699	2412	1251	n
6428950	2411	1251	n
6439326	2411	1251	n
6439581	2413	1250	n
6439836	2411	1251	n
6440087	2411	1250	n
6440338	2410	1249	n
6440591	2411	1251	n
6440846	2411	1252	n
6451227	2413	1252	n
6451479	2414	1251	n
6451735	2411	1251	n
6451986	2413	1251	n
6452237	2411	1250	n
6452492	2411	1251	n
6462872	2413	1251	n
6463123	2413	1253	n
6463374	2413	1253	n
6463630	2414	1251	n
6463881	2413	1253	n
6464132	2413	1252	n
6464383	2414	1251	n
6474774	2413	1252	n
6475025	2413	1250	n
6475276	2411	1250	n
6475532	2413	1251	n
6475788	2413	1251	n
6476039	2413	1252	n
6486419	2409	1253	n
6486674	2412	1250	n
6486925	2412	1251	n
6487176	2413	1251	n
6487427	2411	1252	n
6487683	2411	1250	n
6487934	2414	1251	n
6498320	2413	1251	n
6498573	2413	1251	n
6498829	2414	1250	n
6499080	2411	1252	n
6499331	2411	1251	n
6499588	2411	1252	n
6509965	2415	1253	n
6510216	2415	1251	n
6510467	2414	1251	n
6510722	2414	1254	n
6510973	2415	1251	n
6511224	2413	1251	n
6511475	2414	1251	n
6521866	2414	1251	n
6522117	2414	1252	n
6522368	2414	1251	n
6522629	2415	1251	n
6522880	2413	1252	n
6523131	2414	1251	n
6533514	2411	1251	n
6533769	2411	1250	n
6534020	2411	1251	n
6534271	2413	1251	n
6534524	2413	1251	n
6534779	2411	1250	n
6535030	2413	1251	n
6545412	2411	1251	n
6545668	2413	1250	n
6545919	2413	1251	n
6546170	2413	1250	n
6546421	2411	1251	n
6546676	2412	1251	n
6557057	2413	1251	n
6557308	2414	1254	n
6557563	2413	1251	n
6557818	2413	1251	n
6558069	2414	1253	n
6558320	2414	1251	n
6558573	2413	1252	n
6568959	2414	1253	n
6569210	2412	1251	n
6569461	2415	1251	n
6569717	2413	1253	n
6569968	2413	1252	n
6570219	2412	1252	n
6580604	2413	1251	n
6580859	2414	1251	n
6581110	2413	1251	n
6581361	2413	1251	n
6581616	2413	1252	n
6581871	2411	1251	n
6582122	2412	1251	n
6592507	2413	1251	n
6592763	2413	1251	n
6593014	2412	1252	n
6593265	2411	1251	n
6593522	2413	1250	n
6593777	2412	1250	n
6604150	2412	1253	n
6604401	2415	1253	n
6604657	2413	1251	n
6604908	2413	1250	n
6605159	2413	1251	n
6605410	2413	1251	n
6605666	2411	1252	n
6616051	2413	1250	n
6616302	2411	1252	n
6616555	2411	1251	n
6616810	2413	1251	n
6617061	2411	1250	n
6617312	2410	1251	n
6627696	2413	1251	n
6627947	2411	1252	n
6628198	2413	1251	n
6628449	2413	1251	n
6628704	2413	1251	n
6628955	2410	1250	n
6629206	2415	1250	n
6639602	2413	1251	n
6639857	2413	1251	n
6640108	2411	1250	n
6640359	2413	1253	n
6640616	2414	1252	n
6640871	2413	1251	n
6651242	2411	1250	n
6651498	2413	1250	n
6651754	2411	1253	n
6652005	2413	1251	n
6652255	2413	1250	n
6652512	2411	1252	n
6652768	2411	1251	n
6663144	2413	1250	n
6663395	2411	1251	n
6663653	2410	1251	n
6663904	2413	1250	n
6664155	2413	1251	n
6664406	2413	1250	n
6674789	2413	1250	n
6675040	2411	1251	n
6675290	2411	1250	n
6675546	2411	1250	n
6675801	2413	1251	n
6676052	2410	1252	n
6676303	2412	1252	n
6686695	2412	1251	n
6686946	2411	1253	n
6687196	2413	1252	n
6687447	2411	1253	n
6687703	2413	1253	n
6687954	2413	1251	n
6698335	2414	1253	n
6698589	2414	1251	n
6698845	2415	1251	n
6699096	2413	1253	n
6699347	2411	1251	n
6699601	2413	1253	n
6699856	2413	1251	n
6710236	2414	1250	n
6710491	2414	1251	n
6710746	2413	1251	n
6710997	2412	1250	n
6711248	2412	1252	n
6711505	2409	1253	n
6721881	2411	1251	n
6722132	2413	1252	n
6722383	2411	1251	n
6722639	2413	1251	n
6722890	2413	1251	n
6723141	2411	1249	n
6723392	2413	1250	n
6733782	2412	1251	n
6734033	2413	1251	n
6734284	2415	1253	n
6734538	2412	1253	n
6734793	2413	1250	n
6735044	2414	1253	n
6745427	2415	1253	n
6745682	2413	1253	n
6745933	2414	1251	n
6746184	2413	1254	n
6746435	2413	1252	n
6746692	2412	1252	n
6746943	2412	1253	n
6757329	2413	1250	n
6757584	2411	1252	n
6757839	2414	1251	n
6758090	2413	1250	n
6758341	2414	1250	n
6758598	2412	1251	n
6768974	2414	1251	n
6769225	2413	1251	n
6769476	2411	1251	n
6769734	2413	1251	n
6769985	2413	1251	n
6770236	2412	1249	n
6770491	2411	1250	n
6780875	2414	1251	n
6781126	2414	1251	n
6781377	2413	1251	n
6781634	2413	1251	n
6781885	2414	1253	n
6782136	2415	1254	n
6792520	2413	1251	n
6792775	2411	1252	n
6793026	2411	1252	n
6793277	2410	1249	n
6793532	2413	1250	n
6793786	2411	1250	n
6794037	2414	1251	n
6804421	2412	1253	n
6804677	2413	1251	n
6804928	2411	1250	n
6805179	2413	1250	n
6805430	2413	1249	n
6805686	2413	1251	n
6816066	2412	1251	n
6816317	2412	1251	n
6816573	2411	1251	n
6816828	2411	1249	n
6817079	2413	1250	n
6817330	2411	1251	n
6817587	2412	1251	n
6827967	2413	1250	n
6828218	2411	1251	n
6828469	2411	1251	n
6828725	2410	1250	n
6828976	2410	1250	n
6829227	2410	1251	n
6839612	2413	1251	n
6839867	2410	1250	n
6840118	2409	1250	n
6840369	2413	1253	n
6840629	2411	1251	n
6840880	2412	1250	n
6841131	2411	1251	n
6851518	2413	1253	n
6851773	2411	1252	n
6852024	2413	1251	n
6852276	2413	1250	n
6852532	2411	1250	n
6852787	2410	1249	n
6863159	2414	1250	n
6863410	2409	1249	n
6863665	2411	1252	n
6863916	2411	1251	n
6864167	2411	1250	n
6864418	2412	1252	n
6864674	2412	1252	n
6875060	2413	1252	n
6875311	2414	1251	n
6875566	2412	1251	n
6875821	2414	1251	n
6876072	2413	1252	n
6876323	2413	1250	n
6886705	2410	1251	n
6886956	2413	1253	n
6887207	2411	1250	n
6887458	2414	1251	n
6887713	2413	1251	n
6887964	2411	1251	n
6888215	2413	1251	n
6898607	2414	1250	n
6898862	2410	1250	n
6899113	2412	1252	n
6899364	2411	1251	n
6899622	2412	1251	n
6899873	2410	1251	n
6910251	2412	1251	n
6910504	2411	1253	n
6910759	2413	1251	n
6911010	2413	1252	n
6911261	2413	1250	n
6911515	2413	1251	n
6911771	2413	1251	n
6922152	2414	1250	n
6922403	2414	1251	n
6922659	2414	1250	n
6922910	2411	1251	n
6923161	2412	1251	n
6923412	2412	1251	n
6933797	2411	1252	n
6934048	2411	1250	n
6934299	2412	1249	n
6934556	2412	1251	n
6934811	2413	1250	n
6935062	2414	1251	n
6935312	2411	1251	n
6945704	2411	1251	n
6945955	2412	1251	n
6946206	2413	1249	n
6946456	2412	1250	n
6946712	2413	1250	n
6946962	2411	1251	n
6957344	2411	1250	n
6957601	2413	1251	n
6957856	2414	1253	n
6958107	2413	1249	n
6958358	2413	1251	n
6958611	2410	1253	n
6958866	2411	1252	n
6969245	2413	1251	n
6969502	2413	1251	n
6969757	2412	1253	n
6970008	2413	1250	n
6970259	2410	1249	n
6970515	2413	1251	n
6980890	2411	1251	n
6981185	2412	1250	n
6981436	2413	1251	n
6981724	2411	1251	n
6981975	2413	1252	n
6982225	2412	1251	n
6982477	2412	1250	n
6992877	2413	1252	n
6993363	2411	1251	n
6993621	2411	1251	n
6993871	2411	1251	n
6994130	2413	1251	n
6994404	2411	1249	n
6994660	2411	1251	n
7005074	2411	1251	Time:00:00:00:00;;
7005780	2411	1251	n
7006054	2414	1251	n
7006305	2413	1251	n
7006570	2413	1251	n
7006848	2413	1251	n
7017235	2411	1251	n
7017720	2413	1251	n
7017980	2411	1251	n
7018253	2413	1251	n
7018506	2412	1251	n
7018762	2411	1250	n
7029155	2411	1251	n
7029670	2413	1250	n
7029921	2411	1251	n
7030172	2411	1249	n
7030432	2411	1250	n
7030714	2412	1249	n
7030965	2413	1250	n
7041350	2410	1249	n
7041838	2411	1250	n
7042119	2411	1253	n
7042370	2412	1250	n
7042628	2412	1250	n
7042879	2411	1251	n
7043161	2412	1253	n
7053549	2413	1251	n
7054032	2414	1250	n
7054283	2411	1251	n
7054570	2413	1251	n
7054826	2412	1251	n
7055077	2410	1251	n
7065466	2412	1250	Time:00:00:00:00;;
7066171	2413	1251	n
7066444	2411	1251	n
7066700	2410	1251	n
7066959	2410	1250	n
7067233	2413	1250	n
7077631	2412	1249	n
7078109	2411	1250	n
7078369	2411	1252	n
7078653	2411	1251	n
7078904	2413	1251	n
7079154	2414	1251	n
7079414	2413	1251	n
7089831	2410	1250	n
7090307	2411	1252	n
7090564	2411	1251	n
7090828	2410	1252	n
7091101	2413	1250	n
7091352	2411	1251	n
7091607	2411	1250	n
7102019	2412	1251	n
7102532	2413	1253	n
7102788	2411	1249	n
7103039	2407	1249	n
7103298	2412	1250	n
7103574	2411	1250	n
7113938	2413	1251	n
7114419	2413	1251	n
7114674	2414	1249	n
7114957	2411	1251	n
7115208	2414	1251	n
7115459	2413	1251	n
7115715	2410	1250	n
7126134	2413	1251	n
7126628	2411	1250	n
7126879	2411	1251	n
7127130	2413	1252	n
7127390	2411	1250	n
7127671	2414	1251	n
7127922	2412	1252	n
7138330	2412	1251	n
7138824	2412	1250	n
7139098	2413	1252	n
7139349	2411	1251	n
7139605	2412	1251	n
7139869	2414	1251	n
7150250	2413	1251	n
7150735	2411	1250	n
7150986	2414	1249	n
7151246	2411	1252	n
7151521	2413	1250	n
7151775	2411	1250	n
7152026	2413	1251	n
7162445	2409	1251	n
7162964	2411	1250	n
7163215	2411	1252	n
7163466	2413	1250	n
7163730	2412	1249	n
7164003	2413	1250	n
7164254	2411	1251	n
7174646	2412	1251	n
7175138	2412	1250	n
7175411	2413	1249	n
7175667	2413	1250	n
7175918	2410	1250	n
7176178	2412	1251	n
7186626	2412	1250	n
7187104	2414	1252	n
7187355	2414	1251	n
7187616	2412	1251	n
7187894	2411	1251	n
7188145	2413	1251	n
7188396	2413	1251	n
7198756	2411	1251	n
7199270	2410	1251	n
7199523	2410	1250	n
7199778	2411	1249	n
7200029	2411	1249	n
7200311	2410	1251	n
7200566	2411	1250	n
7210952	2412	1251	n
7211428	2411	1250	n
7211693	2413	1252	Time:00:00:00:00;;
7212181	2412	1251	n
7212432	2411	1250	n
7212700	2413	1253	n
7223114	2413	1251	n
7223365	2410	1250	n
7223626	2411	1252	n
7223877	2414	1251	n
7224128	2411	1250	n
7224379	2411	1250	n
7234775	2411	1251	n
7235026	2411	1252	n
7235277	2410	1251	n
7235532	2412	1251	n
7235787	2411	1251	n
7236038	2412	1250	n
7236289	2411	1250	n
7246664	2412	1251	n
7246915	2411	1251	n
7247166	2413	1250	n
7247417	2414	1251	n
7247673	2411	1252	n
7247924	2411	1249	n
7258321	2412	1252	n
7258574	2412	1251	n
7258829	2411	1251	n
7259080	2413	1251	n
7259331	2411	1251	n
7259587	2413	1250	n
7259842	2411	1251	n
7270206	2414	1253	n
7270457	2414	1250	n
7270712	2413	1251	n
7270963	2414	1251	n
7271214	2412	1251	n
7271465	2415	1251	n
7281867	2413	1253	n
7282118	2411	1251	n
7282369	2411	1250	n
7282628	2413	1252	n
7282880	2412	1251	n
7283130	2410	1250	n
7283381	2411	1251	n
7293756	2413	1250	n
7294007	2412	1250	n
7294258	2411	1251	n
7294515	2412	1253	n
7294771	2413	1251	n
7295022	2411	1251	n
7305413	2413	1252	n
7305668	2413	1250	n
7305919	2413	1251	n
7306170	2414	1251	n
7306421	2411	1253	n
7306676	2413	1252	n
7306927	2413	1251	n
7317299	2413	1253	n
7317556	2415	1251	n
7317811	2412	1251	n
7318062	2413	1251	n
7318313	2411	1251	n
7318566	2411	1251	n
7328960	2413	1251	n
7329211	2411	1250	n
7329462	2414	1251	n
7329717	2412	1251	n
7329968	2410	1251	n
7330219	2411	1250	n
7330470	2412	1250	n
7340845	2411	1250	n
7341096	2413	1251	n
7341347	2411	1251	n
7341601	2410	1251	n
7341856	2413	1249	n
7342107	2413	1251	n
7352508	2413	1252	n
7352763	2411	1251	n
7353014	2411	1250	n
7353265	2413	1250	n
7353522	2412	1252	n
7353777	2413	1250	n
7354028	2413	1251	n
7364391	2411	1250	n
7364649	2412	1250	n
7364900	2413	1251	n
7365151	2410	1251	n
7365402	2413	1253	n
7365658	2413	1251	n
7376052	2411	1251	n
7376303	2411	1250	n
7376556	2413	1251	n
7376811	2411	1250	n
7377062	2411	1249	n
7377313	2413	1250	n
7377567	2410	1250	n
7387937	2411	1251	n
7388188	2410	1250	n
7388439	2410	1251	n
7388699	2411	1249	n
7388950	2411	1252	n
7389201	2411	1250	n
7399598	2413	1253	n
7399853	2413	1249	n
7400104	2412	1253	n
7400355	2411	1250	n
7400608	2411	1250	n
7400863	2414	1252	n
7401114	2411	1253	n
7411487	2413	1251	n
7411742	2410	1250	n
7411993	2411	1250	n
7412244	2413	1250	n
7412498	2415	1249	n
7412754	2410	1250	n
7423145	2411	1251	n
7423396	2411	1248	n
7423657	2413	1251	n
7423908	2410	1250	n
7424159	2409	1251	n
7424410	2413	1251	n
7424665	2411	1250	n
7435030	2414	1250	n
7435281	2413	1250	n
7435535	2413	1249	n
7435791	2413	1251	n
7436042	2413	1252	n
7436293	2412	1250	n
7446695	2411	1251	n
7446946	2413	1251	n
7447197	2413	1250	n
7447448	2411	1250	n
7447704	2414	1251	n
7447955	2413	1251	n
7448206	2413	1250	n
7458581	2413	1253	n
7458836	2411	1252	n
7459087	2413	1250	n
7459338	2412	1252	n
7459591	2411	1251	n
7459846	2412	1251	n
7470237	2411	1250	n
7470491	2411	1250	n
7470747	2410	1249	n
7470998	2411	1251	n
7471249	2412	1251	n
7471504	2412	1253	n
7471759	2412	1250	n
7482122	2413	1251	n
7482373	2413	1249	n
7482630	2412	1250	n
7482881	2413	1251	n
7483132	2413	1250	n
7483383	2412	1250	n
7493783	2413	1251	n
7494034	2413	1251	n
7494285	2412	1252	n
7494538	2411	1251	n
7494793	2413	1250	n
7495044	2413	1251	n
7495295	2412	1250	n
7505673	2411	1251	n
7505924	2414	1251	n
7506175	2411	1251	n
7506426	2413	1251	n
7506682	2415	1251	n
7506933	2414	1251	n
7517330	2413	1252	n
7517587	2411	1251	n
7517842	2411	1253	n
7518093	2411	1251	n
7518344	2413	1251	n
7518601	2413	1251	n
7518856	2411	1251	n
7529215	2413	1251	n
7529466	2415	1251	n
7529721	2413	1253	n
7529972	2414	1251	n
7530223	2411	1251	n
7530474	2411	1251	n
7540876	2412	1251	n
7541127	2411	1251	n
7541378	2412	1250	n
7541634	2413	1252	n
7541885	2413	1252	n
7542136	2413	1250	n
7542387	2414	1251	n
7552765	2413	1251	n
7553016	2414	1251	n
7553267	2413	1251	n
7553521	2413	1250	n
7553776	2412	1251	n
7554027	2412	1251	n
7564422	2412	1253	n
7564677	2411	1251	n
7564928	2414	1251	n
7565179	2413	1251	n
7565430	2414	1251	n
7565691	2413	1251	n
7565942	2413	1251	n
7576307	2411	1251	n
7576564	2413	1250	n
7576819	2413	1251	n
7577070	2413	1250	n
7577321	2414	1250	n
7577574	2412	1250	n
7587968	2411	1249	n
7588219	2412	1250	n
7588470	2410	1253	n
7588726	2412	1251	n
7588977	2411	1250	n
7589228	2411	1250	n
7589479	2411	1254	n
7599854	2412	1251	n
7600105	2412	1251	n
7600356	2414	1252	n
7600609	2411	1251	n
7600864	2413	1251	n
7601115	2411	1250	n
7611518	2413	1250	n
7611774	2413	1251	n
7612025	2411	1249	n
7612276	2412	1251	n
7612532	2414	1251	n
7612787	2413	1250	n
7613038	2411	1251	n
7623400	2413	1250	n
7623657	2414	1253	n
7623908	2414	1252	n
7624159	2413	1253	n
7624410	2414	1252	n
7624665	2412	1253	n
7635061	2412	1250	n
7635312	2413	1249	n
7635566	2413	1250	n
7635821	2411	1251	n
7636072	2413	1251	n
7636323	2412	1250	n
7636576	2411	1252	n
7646946	2413	1249	n
7647197	2411	1250	n
7647448	2411	1250	n
7647703	2411	1251	n
7647954	2411	1251	n
7648205	2411	1250	n
7658607	2413	1251	n
7658862	2413	1251	n
7659113	2412	1254	n
7659364	2413	1251	n
7659622	2411	1251	n
7659873	2413	1251	n
7660124	2412	1251	n
7670498	2411	1251	n
7670754	2413	1250	n
7671005	2413	1251	n
7671256	2412	1252	n
7671513	2413	1251	n
7671768	2412	1250	n
7682153	2412	1251	n
7682404	2413	1249	n
7682660	2411	1253	n
7682911	2412	1251	n
7683161	2413	1251	n
7683412	2413	1250	n
7683668	2410	1251	n
7694039	2411	1250	n
7694290	2410	1251	n
7694547	2412	1249	n
7694802	2411	1250	n
7695053	2411	1251	n
7695304	2409	1250	n
7705704	2413	1252	n
7705955	2413	1252	n
7706206	2413	1252	n
7706457	2416	1251	n
7706712	2414	1252	n
7706963	2413	1253	n
7707214	2411	1251	n
7717590	2411	1253	n
7717845	2413	1251	n
7718096	2413	1251	n
7718347	2413	1251	n
7718601	2412	1252	n
7718856	2411	1252	n
7729246	2411	1251	n
7729501	2411	1251	n
7729756	2413	1249	n
7730007	2410	1251	n
7730258	2409	1251	n
7730515	2411	1251	n
7730770	2411	1250	n
7741131	2411	1251	n
7741382	2410	1250	n
7741639	2411	1252	n
7741890	2411	1249	n
7742141	2413	1251	n
7742392	2412	1252	n
7752792	2413	1251	n
7753043	2414	1253	n
7753294	2413	1251	n
7753548	2410	1252	n
7753804	2410	1249	n
7754055	2413	1252	n
7754306	2411	1251	n
7764681	2413	1251	n
7764932	2411	1250	n
7765183	2411	1249	n
7765434	2412	1251	n
7765691	2410	1250	n
7765942	2409	1250	n
7776338	2410	1249	n
7776591	2411	1251	n
7776846	2412	1251	n
7777097	2411	1252	n
7777348	2411	1250	n
7777605	2411	1251	n
7777860	2412	1250	n
7788224	2412	1250	n
7788475	2411	1251	n
7788734	2410	1251	n
7788985	2413	1251	n
7789236	2411	1251	n
7789491	2412	1251	n
7799885	2412	1250	n
7800136	2412	1253	n
7800387	2413	1253	n
7800645	2413	1251	n
7800895	2413	1250	n
7801146	2413	1248	n
7801397	2413	1251	n
7811772	2413	1250	n
7812023	2411	1250	n
7812274	2412	1250	n
7812529	2411	1250	n
7812784	2411	1250	n
7813035	2411	1251	n
7823431	2413	1250	n
7823691	2411	1249	n
7823942	2413	1250	n
7824192	2413	1253	n
7824443	2409	1250	n
7824700	2410	1251	n
7824951	2411	1251	n
7835316	2414	1252	n
7835573	2413	1251	n
7835828	2412	1251	n
7836079	2410	1251	n
7836330	2410	1250	n
7836587	2410	1251	n
7846977	2414	1251	n
7847228	2413	1252	n
7847480	2413	1251	n
7847736	2410	1250	n
7847987	2412	1251	n
7848238	2411	1250	n
7848494	2414	1251	n
7858862	2411	1249	n
7859113	2410	1251	n
7859364	2411	1251	n
7859622	2411	1251	n
7859873	2413	1250	n
7860124	2411	1249	n
7870525	2414	1252	n
7870780	2413	1251	n
7871030	2411	1251	n
7871281	2411	1252	n
7871539	2411	1252	n
7871794	2410	1251	n
7872045	2407	1251	n
7882409	2413	1249	n
7882664	2411	1249	n
7882915	2410	1250	n
7883166	2413	1251	n
7883417	2413	1253	n
7883673	2415	1251	n
7894070	2413	1250	n
7894321	2413	1252	n
7894574	2411	1250	n
7894829	2413	1251	n
7895080	2412	1253	n
7895331	2413	1251	n
7895587	2410	1251	n
7905955	2413	1251	n
7906206	2413	1250	n
7906457	2414	1250	n
7906712	2411	1251	n
7906963	2412	1251	n
7907214	2413	1250	n
7917616	2411	1249	n
7917871	2412	1251	n
7918122	2410	1250	n
7918373	2411	1250	n
7918630	2410	1251	n
7918881	2411	1251	n
7919132	2411	1250	n
7929504	2413	1251	n
7929759	2415	1253	n
7930010	2414	1251	n
7930261	2412	1252	n
7930515	2410	1249	n
7930771	2415	1250	n
7941162	2411	1251	n
7941413	2411	1250	n
7941668	2413	1248	n
7941919	2413	1249	n
7942170	2412	1250	n
7942421	2413	1251	n
7942677	2409	1251	n
7953047	2411	1249	n
7953298	2412	1250	n
7953552	2413	1250	n
7953807	2411	1251	n
7954058	2412	1251	n
7954309	2411	1251	n
7964709	2411	1251	n
7964960	2411	1250	n
7965211	2410	1251	n
7965462	2415	1251	n
7965717	2413	1250	n
7965968	2411	1251	n
7966219	2413	1251	n
7976598	2414	1252	n
7976853	2414	1253	n
7977104	2414	1251	n
7977355	2413	1251	n
7977607	2410	1250	n
7977863	2412	1250	n
7988255	2413	1249	n
7988717	2412	1252	n
7988999	2414	1253	n
7989250	2411	1251	n
7989504	2411	1250	n
7989759	2412	1251	n
7990041	2412	1251	n
8000399	2411	1251	n
8000883	2411	1250	n
8001134	2412	1253	n
8001393	2411	1251	n
8001674	2410	1251	n
8001925	2411	1250	n
8012354	2414	1252	Time:00:00:00:00;;
8013062	2413	1251	n
8013336	2413	1251	n
8013590	2413	1251	n
8013854	2410	1251	n
8014127	2413	1252	n
8024534	2413	1250	n
8025015	2413	1250	n
8025274	2413	1253	n
8025552	2414	1251	n
8025807	2412	1251	n
8026058	2413	1251	n
8026318	2413	1251	n
8036750	2411	1251	n
8037226	2413	1251	n
8037477	2411	1251	n
8037743	2412	1250	n
8038016	2411	1250	n
8038267	2411	1251	n
8038521	2411	1251	n
8048957	2411	1250	n
8049465	2413	1251	n
8049720	2411	1251	n
8049971	2410	1250	n
8050231	2413	1249	n
8050512	2411	1251	n
8060912	2411	1252	Time:00:00:00:00;;
8061608	2412	1251	n
8061892	2413	1251	n
8062143	2412	1253	n
8062394	2413	1250	n
8062653	2412	1250	n
8073100	2412	1250	n
8073581	2413	1249	n
8073836	2411	1251	n
8074087	2407	1249	n
8074369	2410	1252	n
8074629	2411	1251	n
8074880	2413	1249	n
8085303	2414	1252	n
8085819	2411	1250	n
8086070	2411	1252	n
8086321	2412	1250	n
8086574	2410	1250	n
8086858	2413	1251	n
8087109	2411	1249	n
8097522	2411	1251	n
8098003	2411	1251	n
8098285	2413	1250	n
8098539	2414	1250	n
8098794	2411	1253	n
8099045	2412	1250	n
8109471	2412	1251	n
8109966	2415	1252	n
8110217	2412	1253	n
8110468	2414	1250	n
8110755	2413	1250	n
8111006	2413	1252	n
8111257	2412	1250	n
8121687	2410	1248	n
8122173	2410	1251	n
8122446	2411	1250	n
8122702	2411	1251	n
8122953	2411	1250	n
8123212	2412	1249	n
8123492	2413	1250	n
8133879	2412	1249	n
8134356	2411	1251	n
8134621	2413	1250	n
8134894	2410	1249	n
8135145	2409	1250	n
8135396	2412	1250	n
8135663	2410	1250	n
8146084	2411	1249	n
8146566	2412	1251	n
8146821	2411	1251	n
8147080	2411	1252	n
8147354	2411	1252	n
8147607	2411	1252	n
8157995	2413	1251	n
8158491	2414	1251	n
8158769	2410	1251	n
8159020	2411	1251	n
8159271	2411	1251	n
8159533	2414	1251	n
8159811	2413	1250	n
8170190	2411	1250	n
8170677	2411	1250	n
8170928	2413	1251	n
8171210	2413	1251	n
8171461	2413	1251	n
8171717	2412	1252	n
8171968	2413	1250	n
8182394	2411	1250	n
8182878	2411	1251	n
8183129	2414	1251	n
8183380	2412	1250	n
8183671	2411	1253	n
8183922	2413	1251	n
8194306	2411	1251	n
8194799	2413	1250	n
8195081	2413	1251	n
8195332	2411	1252	n
8195587	2411	1250	n
8195842	2410	1251	n
8196124	2411	1251	n
8206504	2413	1250	n
8206986	2415	1250	n
8207237	2410	1250	n
8207501	2413	1251	n
8207778	2414	1250	n
8208029	2410	1251	n
8208280	2411	1250	n
8218701	2413	1251	Time:00:00:00:00;;
8219279	2411	1251	n
8219537	2411	1251	n
8219792	2413	1251	n
8220043	2410	1252	n
8230481	2411	1251	n
8230737	2412	1253	n
8230988	2412	1251	n
8231239	2413	1251	n
8231494	2413	1252	n
8231750	2412	1251	n
8232001	2411	1253	n
8242381	2413	1251	n
8242639	2411	1251	n
8242890	2411	1253	n
8243141	2414	1253	n
8243392	2411	1251	n
8243653	2411	1251	n
8254026	2411	1251	n
8254277	2412	1253	n
8254532	2411	1249	n
8254787	2413	1252	n
8255038	2413	1250	n
8255289	2412	1249	n
8255542	2412	1250	n
8265927	2414	1250	n
8266178	2411	1250	n
8266429	2412	1250	n
8266685	2413	1250	n
8266936	2413	1251	n
8267187	2412	1250	n
8277572	2411	1250	n
8277827	2413	1251	n
8278078	2413	1251	n
8278329	2413	1250	n
8278583	2413	1251	n
8278838	2413	1252	n
8279089	2414	1251	n
8289474	2414	1251	n
8289734	2413	1251	n
8289985	2413	1251	n
8290236	2412	1251	n
8290491	2415	1251	n
8290747	2411	1251	n
8301119	2413	1250	n
8301370	2410	1251	n
8301628	2410	1251	n
8301879	2413	1249	n
8302130	2412	1251	n
8302381	2412	1250	n
8302639	2411	1248	n
8313020	2413	1251	n
8313271	2413	1252	n
8313524	2414	1252	n
8313779	2412	1250	n
8314030	2412	1253	n
8314281	2411	1250	n
8324665	2413	1251	n
8324915	2414	1251	n
8325166	2414	1249	n
8325417	2412	1254	n
8325673	2414	1251	n
8325924	2413	1250	n
8326175	2412	1252	n
8336570	2411	1250	n
8336825	2413	1251	n
8337076	2412	1251	n
8337327	2413	1251	n
8337584	2412	1250	n
8337839	2413	1251	n
8348211	2411	1251	n
8348462	2415	1251	n
8348717	2413	1251	n
8348968	2413	1250	n
8349219	2410	1250	n
8349470	2411	1251	n
8349726	2413	1250	n
8360112	2411	1251	n
8360363	2413	1251	n
8360621	2411	1251	n
8360871	2414	1252	n
8361122	2413	1250	n
8361373	2412	1250	n
8371757	2413	1251	n
8372008	2411	1251	n
8372259	2411	1251	n
8372515	2413	1251	n
8372770	2412	1253	n
8373021	2413	1253	n
8373272	2413	1251	n
8383664	2413	1250	n
8383915	2413	1251	n
8384166	2411	1250	n
8384417	2409	1251	n
8384672	2412	1250	n
8384923	2411	1251	n
8395304	2413	1251	n
8395557	2413	1252	n
8395812	2413	1251	n
8396063	2413	1251	n
8396314	2413	1250	n
8396571	2411	1251	n
8396826	2413	1253	n
8407205	2412	1251	n
8407456	2413	1252	n
8407712	2412	1250	n
8407963	2413	1251	n
8408214	2414	1253	n
8408465	2414	1251	n
8418850	2413	1251	n
8419101	2412	1250	n
8419352	2413	1253	n
8419608	2413	1251	n
8419863	2410	1251	n
8420114	2411	1252	n
8420365	2412	1251	n
8430751	2413	1251	n
8431002	2413	1250	n
8431253	2411	1250	n
8431506	2413	1250	n
8431762	2411	1252	n
8432013	2413	1250	n
8442396	2410	1250	n
8442653	2410	1250	n
8442904	2412	1251	n
8443155	2411	1252	n
8443406	2411	1251	n
8443662	2412	1249	n
8443913	2411	1251	n
8454297	2410	1252	n
8454552	2411	1250	n
8454807	2413	1252	n
8455058	2413	1251	n
8455309	2414	1249	n
8455566	2411	1251	n
8465942	2410	1252	n
8466192	2412	1251	n
8466443	2411	1251	n
8466700	2414	1252	n
8466951	2413	1251	n
8467201	2413	1249	n
8467452	2411	1250	n
8477844	2412	1250	n
8478095	2409	1249	n
8478346	2413	1251	n
8478600	2411	1251	n
8478856	2413	1250	n
8479106	2412	1252	n
8489494	2412	1251	n
8489750	2414	1251	n
8490001	2411	1253	n
8490252	2414	1251	n
8490505	2413	1252	n
8490760	2414	1251	n
8491011	2411	1251	n
8501390	2414	1250	n
8501648	2411	1250	n
8501899	2412	1249	n
8502150	2412	1253	n
8502401	2411	1250	n
8502658	2411	1251	n
8513035	2413	1251	n
8513286	2413	1249	n
8513539	2413	1251	n
8513794	2411	1252	n
8514045	2412	1250	n
8514296	2412	1250	n
8514553	2413	1252	n
8524936	2413	1249	n
8525187	2414	1251	n
8525438	2414	1252	n
8525698	2411	1252	n
8525949	2412	1251	n
8526200	2410	1251	n
8536581	2411	1251	n
8536836	2413	1250	n
8537087	2415	1251	n
8537338	2413	1251	n
8537591	2411	1251	n
8537846	2414	1252	n
8538097	2411	1251	n
8548487	2414	1253	n
8548742	2413	1252	n
8548993	2413	1252	n
8549244	2414	1251	n
8549499	2414	1251	n
8549754	2412	1251	n
8560127	2411	1251	n
8560378	2411	1252	n
8560634	2411	1250	n
8560885	2411	1251	n
8561136	2413	1250	n
8561387	2411	1251	n
8561645	2410	1250	n
8572029	2411	1251	n
8572280	2410	1250	n
8572535	2413	1252	n
8572791	2411	1250	n
8573042	2413	1250	n
8573293	2413	1250	n
8583674	2411	1251	n
8583925	2413	1250	n
8584176	2412	1251	n
8584427	2411	1251	n
8584683	2411	1250	n
8584934	2412	1251	n
8585185	2413	1251	n
8595581	2413	1253	n
8595836	2413	1251	n
8596087	2413	1253	n
8596338	2411	1250	n
8596591	2414	1250	n
8596846	2414	1252	n
8607220	2411	1251	n
8607470	2409	1251	n
8607727	2411	1249	n
8607978	2413	1251	n
8608229	2411	1251	n
8608481	2410	1251	n
8608737	2413	1251	n
8619121	2411	1251	n
8619372	2412	1250	n
8619629	2413	1251	n
8619880	2410	1252	n
8620131	2411	1251	n
8620382	2411	1251	n
8630766	2411	1252	n
8631017	2413	1251	n
8631267	2414	1250	n
8631521	2411	1250	n
8631775	2413	1250	n
8632026	2411	1250	n
8632277	2410	1251	n
8642671	2411	1253	n
8642922	2413	1250	n
8643173	2412	1252	n
8643424	2414	1253	n
8643680	2416	1251	n
8643931	2413	1252	n
8654312	2411	1250	n
8654566	2410	1251	n
8654821	2411	1250	n
8655072	2413	1251	n
8655323	2411	1250	n
8655576	2412	1250	n
8655831	2413	1251	n
8666214	2413	1250	n
8666465	2413	1250	n
8666721	2412	1251	n
8666972	2411	1251	n
8667223	2411	1251	n
8667474	2410	1250	n
8677859	2410	1251	n
8678110	2413	1251	n
8678361	2414	1250	n
8678616	2413	1251	n
8678871	2409	1251	n
8679122	2413	1251	n
8679373	2413	1251	n
8689760	2414	1250	n
8690011	2413	1253	n
8690262	2413	1251	n
8690519	2411	1251	n
8690774	2413	1251	n
8691025	2413	1251	n
8701405	2412	1249	n
8701660	2411	1251	n
8701911	2413	1249	n
8702162	2413	1251	n
8702413	2413	1250	n
8702669	2411	1251	n
8702920	2412	1250	n
8713306	2411	1251	n
8713559	2413	1251	n
8713814	2413	1251	n
8714065	2411	1253	n
8714316	2413	1250	n
8714573	2411	1250	n
8724951	2412	1251	n
8725202	2413	1251	n
8725452	2410	1251	n
8725708	2411	1252	n
8725959	2412	1251	n
8726209	2411	1250	n
8726460	2415	1251	n
8736852	2412	1251	n
8737103	2415	1251	n
8737354	2410	1253	n
8737607	2412	1249	n
8737862	2411	1251	n
8738113	2410	1251	n
8748501	2411	1250	n
8748756	2411	1251	n
8749007	2411	1251	n
8749258	2414	1250	n
8749515	2411	1251	n
8749771	2411	1251	n
8750021	2413	1251	n
8760399	2411	1250	n
8760657	2411	1251	n
8760908	2411	1251	n
8761159	2412	1249	n
8761410	2414	1250	n
8761665	2412	1252	n
8772044	2413	1252	n
8772295	2414	1250	n
8772549	2414	1252	n
8772804	2410	1252	n
8773055	2414	1251	n
8773306	2414	1252	n
8773558	2411	1253	n
8783945	2413	1251	n
8784196	2411	1251	n
8784447	2411	1251	n
8784703	2413	1253	n
8784954	2411	1251	n
8785205	2410	1249	n
8795590	2411	1250	n
8795845	2411	1251	n
8796096	2411	1251	n
8796347	2413	1251	n
8796601	2411	1251	n
8796856	2411	1250	n
8797107	2411	1252	n
8807494	2413	1251	n
8807749	2413	1253	n
8808000	2414	1252	n
8808251	2413	1251	n
8808504	2411	1251	n
8808759	2413	1251	n
8819136	2414	1252	n
8819387	2415	1252	n
8819644	2414	1253	n
8819895	2414	1253	n
8820146	2412	1251	n
8820397	2413	1251	n
8820657	2413	1252	n
8831037	2411	1250	n
8831288	2411	1251	n
8831541	2412	1250	n
8831796	2411	1249	n
8832047	2413	1251	n
8832298	2411	1251	n
8842682	2414	1250	n
8842933	2415	1251	n
8843184	2414	1253	n
8843435	2414	1251	n
8843691	2415	1251	n
8843942	2413	1251	n
8844193	2411	1251	n
8854590	2413	1252	n
8854845	2414	1253	n
8855096	2413	1252	n
8855347	2413	1251	n
8855601	2412	1251	n
8855856	2412	1250	n
8866229	2414	1250	n
8866481	2414	1251	n
8866737	2413	1251	n
8866988	2413	1251	n
8867239	2413	1251	n
8867494	2413	1251	n
8867750	2412	1251	n
8878130	2413	1250	n
8878381	2411	1251	n
8878639	2413	1251	n
8878890	2412	1251	n
8879141	2413	1250	n
8879392	2414	1251	n
8889775	2413	1253	n
8890025	2409	1252	n
8890276	2411	1251	n
8890532	2413	1250	n
8890788	2413	1249	n
8891039	2410	1251	n
8891290	2412	1253	n
8901681	2412	1249	n
8901932	2412	1251	n
8902183	2413	1251	n
8902434	2413	1251	n
8902691	2413	1251	n
8902942	2413	1253	n
8913321	2414	1253	n
8913574	2412	1249	n
8913829	2411	1251	n
8914080	2411	1250	n
8914331	2413	1250	n
8914588	2413	1251	n
8914843	2413	1250	n
8925222	2411	1250	n
8925473	2410	1250	n
8925729	2414	1251	n
8925980	2412	1251	n
8926231	2411	1251	n
8926487	2412	1249	n
8936867	2413	1250	n
8937118	2412	1249	n
8937369	2411	1251	n
8937629	2414	1251	n
8937880	2414	1251	n
8938131	2412	1251	n
8938382	2411	1251	n
8948769	2411	1252	n
8949020	2413	1251	n
8949271	2411	1251	n
8949524	2414	1254	n
8949779	2414	1252	n
8950030	2414	1252	n
8960414	2411	1251	n
8960669	2411	1251	n
8960920	2413	1251	n
8961171	2413	1251	n
8961422	2411	1253	n
8961677	2411	1252	n
8961928	2414	1250	n
8972315	2411	1250	n
8972570	2411	1251	n
8972825	2413	1250	n
8973076	2412	1251	n
8973327	2413	1249	n
8973584	2410	1251	n
8983960	2413	1251	n
8984322	2414	1250	n
8984576	2413	1253	n
8984860	2414	1252	n
8985111	2412	1253	n
8985362	2413	1251	n
8985622	2413	1250	n
8996017	2413	1249	n
8996505	2413	1250	n
8996760	2411	1251	n
8997011	2411	1251	n
8997293	2411	1251	n
8997549	2413	1253	n
8997804	2411	1251	n
9008230	2413	1250	Time:00:00:00:00;;
9008961	2411	1251	n
9009212	2411	1251	n
9009463	2413	1250	n
9009727	2410	1250	n
9010001	2410	1251	n
9020391	2411	1251	n
9020875	2411	1252	n
9021135	2412	1252	n
9021408	2413	1249	n
9021664	2413	1250	n
9021915	2412	1251	n
9032294	2413	1251	n
9032808	2413	1251	n
9033059	2413	1251	n
9033310	2413	1251	n
9033574	2411	1251	n
9033853	2413	1251	n
9034104	2414	1251	n
9044512	2414	1250	n
9045003	2410	1250	n
9045276	2411	1251	n
9045532	2413	1250	n
9045787	2409	1251	n
9046047	2411	1254	n
9046320	2414	1250	n
9056706	2411	1250	n
9057184	2412	1251	n
9057435	2413	1251	n
9057722	2413	1250	n
9057973	2413	1251	n
9058224	2412	1251	n
9068588	2410	1251	Time:00:00:00:00;;
9069292	2413	1252	n
9069571	2413	1251	n
9069827	2411	1252	n
9070086	2411	1252	n
9070360	2413	1250	n
9080783	2414	1251	n
9081260	2413	1251	n
9081521	2412	1251	n
9081799	2413	1253	n
9082050	2412	1251	n
9082301	2411	1250	n
9082566	2413	1251	n
9092988	2411	1251	n
9093463	2412	1250	n
9093719	2411	1251	n
9093978	2412	1250	n
9094252	2412	1250	n
9094505	2411	1251	n
9094760	2411	1250	n
9105175	2411	1251	n
9105693	2412	1250	n
9105944	2411	1250	n
9106195	2411	1251	n
9106455	2411	1251	n
9106739	2414	1251	n
9117147	2413	1253	n
9117629	2413	1250	n
9117889	2411	1250	n
9118162	2411	1251	n
9118413	2413	1250	n
9118668	2413	1251	n
9118928	2411	1252	n
9129368	2412	1251	n
9129852	2412	1250	n
9130103	2413	1251	n
9130363	2411	1252	n
9130645	2409	1250	n
9130896	2412	1251	n
9131147	2412	1250	n
9141574	2412	1251	n
9142085	2411	1251	n
9142336	2413	1251	n
9142590	2413	1250	n
9142854	2413	1251	n
9143127	2413	1249	n
9153527	2411	1251	n
9154015	2412	1253	n
9154266	2411	1251	n
9154552	2411	1251	n
9154807	2412	1250	n
9155058	2411	1252	n
9155309	2413	1251	n
9165748	2413	1250	n
9166226	2414	1253	n
9166478	2411	1250	n
9166734	2412	1251	n
9167016	2411	1251	n
9167267	2411	1251	n
9167521	2413	1251	n
9177935	2413	1251	n
9178448	2411	1253	n
9178703	2411	1250	n
9178954	2411	1251	n
9179205	2410	1250	n
9179491	2411	1250	n
9179747	2411	1251	n
9190131	2411	1250	n
9190616	2411	1251	n
9190880	2411	1251	n
9191159	2411	1252	n
9191410	2412	1249	n
9191666	2411	1251	n
9202051	2411	1251	n
9202563	2412	1251	n
9202818	2412	1251	n
9203069	2411	1251	n
9203329	2411	1251	n
9203608	2412	1253	n
9203863	2411	1251	n
9214246	2413	1251	Time:00:00:00:00;;
9214921	2413	1251	n
9215172	2413	1251	n
9215423	2413	1254	n
9215679	2413	1250	n
9215929	2412	1251	n
9226356	2413	1251	n
9226609	2412	1250	n
9226864	2411	1251	n
9227115	2411	1251	n
9227366	2412	1250	n
9227626	2412	1250	n
9238017	2413	1251	n
9238268	2412	1250	n
9238521	2411	1251	n
9238775	2411	1251	n
9239026	2411	1251	n
9239277	2411	1250	n
9239532	2411	1251	n
9249902	2413	1249	n
9250153	2413	1253	n
9250404	2413	1250	n
9250660	2412	1251	n
9250911	2414	1250	n
9251162	2413	1251	n
9261567	2413	1250	n
9261822	2413	1251	n
9262073	2413	1251	n
9262324	2411	1251	n
9262581	2412	1251	n
9262836	2411	1250	n
9263087	2413	1251	n
9273449	2407	1250	n
9273704	2410	1249	n
9273955	2410	1250	n
9274206	2409	1250	n
9274457	2413	1251	n
9274713	2409	1249	n
9285110	2412	1251	n
9285361	2413	1251	n
9285615	2412	1251	n
9285871	2411	1251	n
9286121	2412	1251	n
9286372	2412	1250	n
9286629	2411	1250	n
9296995	2411	1250	n
9297246	2412	1250	n
9297501	2411	1251	n
9297756	2413	1251	n
9298007	2413	1250	n
9298258	2411	1250	n
9308660	2414	1251	n
9308911	2413	1253	n
9309162	2413	1252	n
9309413	2412	1251	n
9309668	2414	1252	n
9309919	2414	1251	n
9310170	2413	1251	n
9320547	2411	1250	n
9320802	2413	1253	n
9321053	2411	1249	n
9321304	2413	1249	n
9321557	2410	1250	n
9321812	2410	1248	n
9332202	2411	1250	n
9332453	2411	1250	n
9332708	2413	1251	n
9332959	2411	1251	n
9333210	2411	1249	n
9333461	2415	1250	n
9333716	2412	1251	n
9344087	2412	1251	n
9344338	2411	1252	n
9344591	2412	1250	n
9344846	2413	1250	n
9345097	2411	1250	n
9345348	2413	1250	n
9355748	2413	1251	n
9355999	2411	1250	n
9356250	2409	1249	n
9356504	2411	1249	n
9356759	2411	1250	n
9357010	2410	1250	n
9357261	2410	1250	n
9367642	2411	1251	n
9367893	2413	1251	n
9368144	2410	1249	n
9368395	2410	1250	n
9368654	2413	1251	n
9368905	2413	1251	n
9379295	2413	1251	n
9379549	2413	1251	n
9379804	2412	1249	n
9380055	2414	1251	n
9380306	2412	1252	n
9380559	2414	1251	n
9380814	2411	1250	n
9391180	2411	1252	n
9391431	2413	1251	n
9391691	2413	1249	n
9391942	2411	1250	n
9392192	2411	1250	n
9392443	2410	1250	n
9402841	2413	1251	n
9403092	2411	1251	n
9403343	2411	1250	n
9403598	2411	1251	n
9403853	2409	1250	n
9404104	2411	1251	n
9404355	2410	1251	n
9414730	2410	1251	n
9414981	2412	1250	n
9415232	2411	1249	n
9415487	2412	1249	n
9415743	2411	1250	n
9415994	2411	1249	n
9426387	2413	1251	n
9426645	2414	1251	n
9426896	2413	1251	n
9427147	2413	1251	n
9427398	2411	1251	n
9427658	2412	1252	n
9427909	2415	1251	n
9438272	2412	1252	n
9438525	2413	1251	n
9438779	2411	1251	n
9439030	2414	1250	n
9439281	2411	1250	n
9439539	2411	1251	n
9449933	2411	1251	n
9450184	2411	1252	n
9450435	2410	1251	n
9450691	2411	1251	n
9450942	2411	1250	n
9451193	2411	1251	n
9451444	2409	1251	n
9461819	2412	1251	n
9462070	2412	1251	n
9462321	2414	1250	n
9462574	2411	1251	n
9462829	2412	1251	n
9463080	2411	1252	n
9473481	2412	1250	n
9473737	2413	1251	n
9473988	2414	1249	n
9474239	2411	1251	n
9474494	2411	1252	n
9474750	2412	1251	n
9475001	2413	1251	n
9485365	2413	1250	n
9485626	2411	1251	n
9485877	2411	1250	n
9486128	2413	1254	n
9486379	2407	1250	n
9486639	2412	1251	n
9497026	2410	1251	n
9497277	2410	1249	n
9497532	2412	1249	n
9497787	2412	1249	n
9498038	2411	1253	n
9498289	2411	1250	n
9498542	2411	1251	n
9508911	2410	1252	n
9509162	2413	1250	n
9509413	2411	1251	n
9509668	2413	1251	n
9509919	2411	1250	n
9510170	2411	1250	n
9520572	2413	1250	n
9520827	2414	1252	n
9521078	2411	1251	n
9521329	2412	1251	n
9521584	2412	1249	n
9521839	2412	1252	n
9522090	2413	1250	n
9532457	2414	1250	n
9532712	2411	1250	n
9532963	2406	1250	n
9533214	2413	1251	n
9533465	2413	1251	n
9533720	2411	1248	n
9544118	2412	1250	n
9544369	2411	1251	n
9544628	2410	1251	n
9544880	2411	1250	n
9545131	2413	1250	n
9545381	2410	1250	n
9545639	2411	1249	n
9556004	2410	1250	n
9556255	2410	1249	n
9556507	2409	1249	n
9556763	2409	1251	n
9557014	2411	1250	n
9557265	2410	1251	n
9567669	2412	1249	n
9567920	2411	1250	n
9568171	2411	1250	n
9568422	2411	1253	n
9568678	2412	1250	n
9568928	2411	1251	n
9569179	2410	1249	n
9579555	2410	1250	n
9579810	2411	1249	n
9580061	2412	1249	n
9580312	2411	1249	n
9580566	2410	1249	n
9580821	2411	1250	n
9591211	2411	1250	n
9591462	2413	1251	n
9591717	2411	1252	n
9591968	2411	1251	n
9592219	2412	1250	n
9592470	2411	1251	n
9592726	2410	1249	n
9603096	2413	1249	n
9603347	2413	1251	n
9603601	2414	1250	n
9603856	2412	1252	n
9604107	2413	1250	n
9604358	2411	1250	n
9614757	2411	1250	n
9615008	2411	1251	n
9615259	2411	1250	n
9615515	2411	1253	n
9615770	2413	1249	n
9616021	2413	1251	n
9616272	2413	1250	n
9626646	2412	1251	n
9626897	2413	1250	n
9627149	2411	1251	n
9627400	2410	1251	n
9627657	2411	1250	n
9627908	2411	1251	n
9638303	2411	1250	n
9638556	2411	1250	n
9638811	2410	1250	n
9639062	2413	1251	n
9639313	2413	1251	n
9639567	2411	1251	n
9639822	2410	1250	n
9650189	2410	1250	n
9650440	2410	1251	n
9650698	2411	1251	n
9650948	2413	1250	n
9651199	2413	1250	n
9651450	2407	1250	n
9661850	2413	1251	n
9662101	2412	1253	n
9662352	2413	1251	n
9662607	2412	1251	n
9662863	2413	1250	n
9663113	2412	1252	n
9663364	2412	1247	n
9673739	2413	1250	n
9673990	2410	1249	n
9674241	2410	1250	n
9674498	2412	1249	n
9674753	2411	1250	n
9675004	2413	1252	n
9685396	2411	1250	n
9685654	2410	1251	n
9685905	2414	1250	n
9686156	2411	1251	n
9686407	2412	1250	n
9686662	2413	1249	n
9686913	2411	1250	n
9697281	2409	1252	n
9697535	2413	1251	n
9697791	2414	1250	n
9698042	2411	1249	n
9698293	2409	1252	n
9698549	2411	1250	n
9708942	2409	1249	n
9709193	2411	1251	n
9709444	2406	1252	n
9709699	2411	1251	n
9709951	2411	1251	n
9710201	2415	1249	n
9710452	2410	1250	n
9720827	2411	1250	n
9721078	2412	1251	n
9721329	2412	1251	n
9721583	2411	1250	n
9721838	2411	1251	n
9722089	2411	1250	n
9732492	2411	1251	n
9732747	2411	1249	n
9732998	2413	1251	n
9733249	2411	1251	n
9733504	2413	1251	n
9733760	2413	1250	n
9734011	2415	1251	n
9744374	2412	1250	n
9744631	2413	1251	n
9744882	2414	1251	n
9745133	2411	1251	n
9745384	2410	1251	n
9745644	2413	1253	n
9756035	2411	1252	n
9756286	2409	1250	n
9756538	2411	1251	n
9756794	2413	1250	n
9757045	2411	1251	n
9757296	2410	1250	n
9757553	2411	1249	n
9767920	2410	1250	n
9768171	2413	1252	n
9768422	2409	1253	n
9768677	2410	1251	n
9768928	2411	1250	n
9769179	2410	1250	n
9779581	2412	1250	n
9779836	2413	1253	n
9780087	2411	1251	n
9780338	2411	1251	n
9780591	2413	1250	n
9780846	2413	1250	n
9781097	2413	1253	n
9791466	2415	1251	n
9791721	2413	1251	n
9791972	2411	1251	n
9792223	2412	1250	n
9792474	2413	1251	n
9792735	2411	1249	n
9803127	2415	1252	n
9803378	2413	1251	n
9803634	2412	1251	n
9803885	2410	1250	n
9804136	2411	1251	n
9804387	2411	1251	n
9804648	2411	1250	n
9815012	2412	1252	n
9815263	2413	1250	n
9815518	2413	1250	n
9815774	2413	1251	n
9816025	2413	1251	n
9816275	2411	1251	n
9826677	2413	1250	n
9826928	2411	1251	n
9827179	2412	1251	n
9827430	2411	1250	n
9827691	2414	1251	n
9827942	2413	1251	n
9828193	2413	1249	n
9838563	2414	1253	n
9838818	2413	1249	n
9839069	2413	1251	n
9839320	2414	1251	n
9839573	2414	1250	n
9839829	2413	1249	n
9850220	2411	1253	n
9850471	2411	1250	n
9850727	2410	1250	n
9850978	2412	1251	n
9851229	2414	1251	n
9851481	2413	1250	n
9851736	2412	1251	n
9862105	2412	1251	n
9862356	2412	1252	n
9862609	2411	1251	n
9862864	2410	1251	n
9863115	2411	1251	n
9863366	2411	1251	n
9873766	2413	1251	n
9874017	2412	1250	n
9874268	2413	1251	n
9874521	2413	1251	n
9874775	2414	1250	n
9875026	2411	1253	n
9875277	2413	1253	n
9885655	2409	1249	n
9885906	2410	1250	n
9886157	2407	1250	n
9886408	2410	1250	n
9886664	2411	1249	n
9886915	2413	1250	n
9897312	2411	1251	n
9897566	2412	1251	n
9897821	2413	1252	n
9898072	2413	1249	n
9898323	2411	1252	n
9898576	2413	1251	n
9898832	2413	1251	n
9909197	2411	1250	n
9909448	2409	1251	n
9909703	2412	1252	n
9909954	2411	1249	n
9910205	2411	1251	n
9910456	2413	1251	n
9920858	2414	1251	n
9921109	2411	1252	n
9921360	2411	1252	n
9921615	2413	1251	n
9921870	2411	1252	n
9922121	2414	1251	n
9922372	2415	1251	n
9932748	2411	1251	n
9932999	2412	1251	n
9933250	2413	1252	n
9933504	2413	1250	n
9933759	2411	1251	n
9934010	2413	1253	n
9944405	2414	1250	n
9944660	2412	1251	n
9944911	2413	1251	n
9945162	2412	1251	n
9945413	2412	1250	n
9945668	2414	1251	n
9945919	2413	1251	n
9956290	2411	1251	n
9956547	2413	1253	n
9956802	2413	1253	n
9957053	2413	1251	n
9957304	2411	1251	n
9957557	2414	1251	n
9967951	2414	1253	n
9968202	2412	1253	n
9968453	2411	1251	n
9968708	2413	1249	n
9968959	2412	1249	n
9969210	2413	1252	n
9969461	2415	1251	n
9979836	2414	1250	n
9980109	2411	1251	n
9980360	2410	1250	n
9980649	2413	1251	n
9980900	2412	1250	n
9981151	2411	1250	n
9991566	2410	1251	n
9992078	2410	1251	n
9992329	2411	1250	n
9992584	2411	1250	n
9992839	2411	1251	n
9993121	2413	1252	n
9993372	2412	1251	n
10003779	2413	1251	Time:00:00:00:00;;
10004480	2412	1251	n
10004759	2411	1250	n
10005010	2410	1250	n
10005261	2414	1250	n
10005523	2413	1250	n
10015982	2411	1252	n
10016458	2414	1250	n
10016714	2411	1251	n
10016974	2410	1251	n
10017248	2411	1250	n
10017505	2411	1249	n
10027929	2413	1250	n
10028414	2411	1250	n
10028692	2413	1250	n
10028943	2411	1250	n
10029194	2410	1250	n
10029454	2410	1250	n
10039866	2412	1251	n
10040343	2409	1250	n
10040598	2411	1250	n
10040862	2411	1251	n
10041136	2413	1252	n
10041387	2412	1251	n
10041645	2413	1249	n
10052027	2413	1250	n
10052539	2412	1252	n
10052795	2411	1251	n
10053046	2412	1251	n
10053306	2411	1250	n
10053583	2413	1251	n
10063981	2410	1251	Time:00:00:00:00;;
10064683	2411	1251	n
10064965	2412	1250	n
10065216	2411	1251	n
10065467	2413	1250	n
10065722	2413	1250	n
10076177	2410	1249	n
10076671	2411	1251	n
10076922	2411	1251	n
10077173	2413	1250	n
10077455	2412	1250	n
10077711	2411	1248	n
10088131	2413	1250	n
10088610	2413	1251	n
10088896	2411	1250	n
10089147	2411	1251	n
10089398	2413	1249	n
10089657	2413	1251	n
10100086	2414	1251	n
10100574	2411	1251	n
10100830	2412	1251	n
10101081	2411	1250	n
10101341	2412	1250	n
10101621	2413	1249	n
10101872	2411	1252	n
10112230	2414	1253	n
10112730	2413	1251	n
10113003	2415	1251	n
10113254	2411	1250	n
10113507	2413	1252	n
10113772	2411	1251	n
10124193	2414	1253	n
10124682	2414	1251	n
10124933	2413	1252	n
10125193	2414	1251	n
10125466	2415	1253	n
10125722	2411	1251	n
10136138	2412	1251	n
10136631	2414	1252	n
10136904	2413	1252	n
10137155	2412	1250	n
10137407	2413	1249	n
10137670	2411	1250	n
10137944	2413	1251	n
10148369	2414	1252	n
10148856	2414	1251	n
10149116	2413	1251	n
10149389	2414	1251	n
10149648	2410	1250	n
10149899	2410	1251	n
10160322	2413	1252	n
10160843	2414	1252	n
10161094	2414	1251	n
10161345	2411	1251	n
10161609	2412	1250	n
10161888	2413	1253	n
10172260	2414	1251	n
10172751	2411	1250	n
10173002	2413	1251	n
10173285	2413	1251	n
10173538	2411	1250	n
10173793	2411	1251	n
10174044	2414	1252	n
10184518	2414	1251	n
10185001	2415	1253	n
10185252	2415	1252	n
10185505	2412	1251	n
10185792	2413	1251	n
10186043	2411	1252	n
10196461	2410	1251	n
10196947	2411	1250	n
10197229	2411	1250	n
10197482	2411	1249	n
10197737	2410	1250	n
10197988	2410	1251	n
10208382	2413	1251	n
10208876	2414	1249	n
10209127	2413	1251	n
10209378	2411	1252	n
10209668	2413	1251	n
10209919	2414	1251	n
10210170	2411	1249	n
10220564	2412	1250	Time:00:00:00:00;;
10221101	2413	1250	n
10221352	2413	1251	n
10221608	2411	1250	n
10221863	2412	1251	n
10232221	2412	1253	n
10232472	2411	1252	n
10232729	2414	1251	n
10232980	2413	1249	n
10233231	2412	1251	n
10233487	2414	1253	n
10243865	2412	1251	n
10244116	2414	1252	n
10244367	2411	1253	n
10244626	2412	1250	n
10244877	2414	1251	n
10245128	2412	1250	n
10255544	2411	1250	n
10255799	2411	1251	n
10256050	2411	1251	n
10256301	2411	1250	n
10256555	2410	1250	n
10256810	2410	1250	n
10257062	2409	1249	n
10267481	2411	1251	n
10267737	2413	1251	n
10267988	2411	1251	n
10268239	2413	1251	n
10268494	2413	1251	n
10268750	2413	1251	n
10279124	2412	1250	n
10279375	2411	1251	n
10279632	2413	1251	n
10279883	2413	1252	n
10280134	2414	1251	n
10280385	2413	1252	n
10290819	2411	1250	n
10291070	2412	1251	n
10291322	2414	1250	n
10291575	2411	1251	n
10291831	2410	1251	n
10292082	2411	1250	n
10302518	2413	1251	n
10302774	2413	1250	n
10303025	2412	1251	n
10303276	2411	1252	n
10303533	2411	1251	n
10303788	2411	1250	n
10314211	2413	1252	n
10314462	2415	1250	n
10314718	2409	1249	n
10314969	2411	1251	n
10315220	2411	1251	n
10315471	2411	1251	n
10315728	2411	1250	n
10326130	2413	1251	n
10326381	2413	1250	n
10326639	2412	1249	n
10326890	2411	1250	n
10327141	2410	1247	n
10327392	2410	1249	n
10337776	2411	1250	n
10338027	2412	1251	n
10338278	2411	1251	n
10338536	2411	1250	n
10338791	2412	1249	n
10339042	2411	1250	n
10349400	2413	1250	n
10349657	2411	1250	n
10349909	2413	1251	n
10350160	2411	1249	n
10350411	2411	1251	n
10350667	2413	1250	n
10361026	2412	1250	n
10361277	2415	1251	n
10361532	2414	1252	n
10361787	2413	1251	n
10362038	2413	1253	n
10362289	2413	1251	n
10372722	2413	1251	n
10372973	2412	1250	n
10373224	2411	1250	n
10373475	2410	1251	n
10373734	2411	1251	n
10373985	2411	1249	n
10384349	2411	1253	n
10384604	2414	1251	n
10384859	2413	1251	n
10385110	2411	1251	n
10385362	2412	1251	n
10385622	2411	1253	n
10385873	2411	1251	n
10396251	2415	1253	n
10396504	2414	1253	n
10396760	2412	1252	n
10397011	2415	1253	n
10397262	2412	1251	n
10397519	2413	1251	n
10407895	2413	1250	n
10408146	2415	1253	n
10408397	2411	1251	n
10408657	2412	1252	n
10408909	2413	1251	n
10409160	2413	1251	n
10419541	2411	1250	n
10419797	2411	1251	n
10420048	2411	1250	n
10420299	2411	1251	n
10420556	2410	1252	n
10420811	2413	1250	n
10431234	2413	1251	n
10431491	2413	1251	n
10431747	2411	1251	n
10431998	2412	1250	n
10432249	2410	1251	n
10432504	2411	1250	n
10442930	2411	1251	n
10443181	2413	1251	n
10443432	2413	1251	n
10443691	2413	1252	n
10443942	2414	1251	n
10444193	2413	1252	n
10454556	2414	1252	n
10454811	2414	1251	n
10455062	2411	1251	n
10455314	2411	1253	n
10455571	2415	1251	n
10455826	2413	1250	n
10456078	2413	1252	n
10466459	2414	1251	n
10466715	2411	1253	n
10466966	2413	1252	n
10467217	2410	1250	n
10467468	2414	1251	n
10467724	2413	1251	n
10478102	2413	1251	n
10478353	2414	1251	n
10478607	2411	1250	n
10478863	2411	1253	n
10479114	2411	1250	n
10479365	2411	1250	n
10489750	2412	1251	n
10490001	2411	1251	n
10490253	2414	1251	n
10490506	2413	1251	n
10490762	2412	1250	n
10491013	2414	1251	n
10501441	2410	1253	n
10501698	2411	1251	n
10501949	2410	1250	n
10502200	2411	1249	n
10502451	2407	1251	n
10502707	2412	1251	n
10513137	2413	1250	n
10513388	2413	1252	n
10513648	2413	1250	n
10513899	2414	1251	n
10514151	2414	1251	n
10514402	2414	1250	n
10524764	2411	1252	n
10525015	2411	1251	n
10525266	2413	1252	n
10525521	2413	1251	n
10525776	2413	1250	n
10526027	2413	1251	n
10526278	2411	1252	n
10536670	2413	1253	n
10536922	2414	1251	n
10537173	2413	1251	n
10537424	2410	1253	n
10537679	2412	1251	n
10537930	2411	1250	n
10548310	2412	1252	n
10548566	2411	1251	n
10548821	2410	1249	n
10549072	2413	1251	n
10549323	2412	1251	n
10549576	2413	1250	n
10559954	2413	1250	n
10560205	2411	1250	n
10560456	2413	1251	n
10560712	2414	1251	n
10560963	2411	1251	n
10561214	2413	1250	n
10571654	2412	1250	n
10571905	2411	1252	n
10572156	2413	1251	n
10572407	2410	1249	n
10572662	2414	1251	n
10572913	2413	1251	n
10583345	2413	1251	n
10583600	2413	1251	n
10583856	2413	1252	n
10584107	2413	1250	n
10584358	2412	1251	n
10584611	2413	1250	n
10595041	2411	1249	n
10595292	2413	1251	n
10595549	2412	1251	n
10595804	2412	1251	n
10596055	2413	1250	n
10596306	2414	1254	n
10596564	2411	1251	n
10606960	2413	1252	n
10607211	2411	1251	n
10607462	2415	1250	n
10607718	2412	1251	n
10607969	2412	1251	n
10608220	2411	1251	n
10618607	2413	1252	n
10618862	2411	1251	n
10619114	2411	1251	n
10619365	2410	1251	n
10619626	2414	1250	n
10619877	2414	1251	n
10630299	2413	1251	n
10630555	2413	1251	n
10630810	2413	1251	n
10631062	2413	1253	n
10631313	2413	1251	n
10631566	2413	1253	n
10641942	2412	1251	n
10642193	2413	1253	n
10642445	2410	1252	n
10642701	2413	1251	n
10642952	2413	1251	n
10643203	2413	1251	n
10653642	2411	1251	n
10653893	2412	1251	n
10654145	2410	1251	n
10654396	2412	1253	n
10654654	2413	1251	n
10654905	2413	1253	n
10665317	2413	1250	n
10665573	2412	1252	n
10665828	2414	1250	n
10666079	2412	1251	n
10666331	2413	1252	n
10666588	2413	1250	n
10666843	2413	1251	n
10677254	2411	1250	n
10677507	2413	1252	n
10677763	2413	1251	n
10678014	2411	1252	n
10678265	2414	1250	n
10678522	2414	1253	n
10688897	2413	1252	n
10689148	2414	1250	n
10689399	2411	1251	n
10689657	2411	1249	n
10689908	2413	1251	n
10690159	2411	1253	n
10700595	2415	1250	n
10700850	2411	1250	n
10701101	2413	1251	n
10701352	2414	1250	n
10701607	2413	1251	n
10701863	2414	1250	n
10712219	2413	1252	n
10712471	2409	1251	n
10712727	2413	1250	n
10712978	2411	1250	n
10713229	2413	1250	n
10713481	2413	1251	n
10723846	2410	1253	n
10724097	2411	1250	n
10724348	2410	1249	n
10724605	2412	1251	n
10724860	2412	1247	n
10725112	2413	1249	n
10735525	2413	1250	n
10735780	2413	1253	n
10736031	2413	1251	n
10736282	2411	1250	n
10736539	2411	1249	n
10736794	2414	1250	n
10737045	2411	1250	n
10747461	2414	1251	n
10747717	2413	1253	n
10747968	2411	1251	n
10748219	2412	1251	n
10748470	2412	1252	n
10748726	2412	1249	n
10759105	2413	1252	n
10759356	2413	1251	n
10759610	2411	1253	n
10759865	2411	1253	n
10760116	2413	1251	n
10760367	2413	1253	n
10770800	2413	1251	n
10771052	2410	1251	n
10771303	2411	1251	n
10771556	2411	1251	n
10771811	2411	1251	n
10772062	2412	1250	n
10782427	2413	1250	n
10782684	2412	1251	n
10782935	2411	1250	n
10783186	2412	1251	n
10783437	2411	1251	n
10783698	2411	1250	n
10794140	2410	1251	n
10794391	2413	1251	n
10794649	2411	1251	n
10794900	2413	1252	n
10795152	2413	1250	n
10795403	2413	1249	n
10805819	2413	1250	n
10806070	2411	1251	n
10806321	2414	1252	n
10806574	2413	1250	n
10806830	2413	1251	n
10807081	2410	1250	n
10807332	2411	1251	n
10817759	2411	1250	n
10818010	2409	1250	n
10818262	2413	1250	n
10818519	2411	1251	n
10818774	2413	1250	n
10819025	2411	1251	n
10829399	2413	1250	n
10829658	2414	1251	n
10829909	2412	1251	n
10830160	2413	1251	n
10830412	2411	1250	n
10830667	2413	1250	n
10841094	2411	1251	n
10841346	2413	1251	n
10841600	2412	1251	n
10841856	2414	1253	n
10842107	2413	1252	n
10842358	2414	1253	n
10852790	2412	1251	n
10853041	2411	1251	n
10853292	2411	1251	n
10853549	2413	1250	n
10853804	2413	1250	n
10854055	2412	1251	n
10864416	2413	1252	n
10864671	2414	1250	n
10864922	2411	1251	n
10865173	2412	1251	n
10865424	2413	1251	n
10865680	2412	1251	n
10865931	2413	1251	n
10876319	2413	1249	n
10876573	2411	1251	n
10876828	2411	1249	n
10877079	2411	1251	n
10877330	2412	1251	n
10877587	2411	1251	n
10887962	2411	1251	n
10888213	2413	1253	n
10888464	2414	1250	n
10888720	2411	1252	n
10888971	2413	1251	n
10889222	2413	1250	n
10899608	2413	1251	n
10899863	2411	1251	n
10900114	2415	1251	n
10900365	2412	1249	n
10900627	2411	1251	n
10900878	2412	1251	n
10911301	2413	1251	n
10911555	2411	1250	n
10911810	2414	1252	n
10912061	2414	1251	n
10912312	2413	1251	n
10912566	2412	1251	n
10922997	2413	1251	n
10923248	2413	1251	n
10923504	2413	1251	n
10923760	2411	1250	n
10924011	2411	1251	n
10924262	2412	1251	n
10934628	2411	1250	n
10934879	2413	1249	n
10935131	2413	1251	n
10935382	2412	1250	n
10935639	2413	1254	n
10935890	2411	1252	n
10936141	2411	1250	n
10946532	2411	1250	n
10946787	2413	1251	n
10947038	2413	1251	n
10947289	2411	1251	n
10947542	2413	1250	n
10947797	2413	1251	n
10958170	2413	1251	n
10958421	2413	1254	n
10958677	2413	1252	n
10958928	2413	1251	n
10959179	2414	1250	n
10959430	2412	1251	n
10969814	2413	1251	n
10970065	2416	1251	n
10970316	2411	1251	n
10970573	2414	1253	n
10970828	2413	1252	n
10971079	2411	1250	n
10981519	2412	1251	n
10981842	2412	1250	n
10982093	2411	1251	n
10982344	2414	1252	n
10982609	2413	1250	n
10982887	2411	1251	n
10993291	2411	1251	n
10993774	2412	1252	n
10994034	2412	1250	n
10994307	2414	1251	n
10994563	2411	1251	n
10994819	2410	1251	n
10995079	2410	1250	n
11005536	2411	1250	Time:00:00:00:00;;
11006230	2414	1251	n
11006494	2411	1251	n
11006772	2412	1251	n
11007023	2414	1251	n
11017441	2411	1252	n
11017933	2414	1251	n
11018207	2414	1251	n
11018458	2415	1251	n
11018714	2411	1251	n
11018974	2414	1251	n
11019248	2414	1251	n
11029676	2410	1249	n
11030151	2411	1250	n
11030402	2414	1251	n
11030689	2410	1252	n
11030940	2414	1251	n
11031192	2413	1252	n
11041559	2411	1251	n
11042071	2413	1251	n
11042322	2411	1251	n
11042576	2413	1251	n
11042832	2413	1251	n
11043113	2411	1251	n
11053498	2412	1251	n
11053982	2411	1251	n
11054233	2413	1250	n
11054498	2411	1252	n
11054775	2411	1250	n
11055026	2411	1250	n
11055277	2412	1251	n
11065643	2415	1250	Time:00:00:00:00;;
11066366	2411	1253	n
11066626	2414	1250	n
11066886	2413	1253	n
11067159	2413	1251	n
11077577	2414	1250	n
11078059	2407	1250	n
11078319	2413	1253	n
11078599	2412	1250	n
11078854	2413	1250	n
11079105	2411	1251	n
11089498	2412	1251	n
11090010	2411	1252	n
11090261	2411	1250	n
11090515	2413	1251	n
11090771	2411	1250	n
11091053	2411	1249	n
11091305	2411	1250	n
11101694	2412	1249	n
11102172	2411	1251	n
11102454	2411	1251	n
11102709	2414	1251	n
11102960	2413	1251	n
11103211	2413	1251	n
11113632	2413	1252	n
11114122	2413	1253	n
11114373	2415	1252	n
11114630	2413	1253	n
11114890	2413	1253	n
11115164	2413	1251	n
11125547	2413	1251	n
11126028	2413	1251	n
11126288	2411	1251	n
11126566	2411	1250	n
11126821	2412	1251	n
11127073	2411	1251	n
11127333	2413	1250	n
11137755	2413	1251	n
11138231	2414	1251	n
11138487	2411	1251	n
11138751	2413	1249	n
11139025	2411	1250	n
11139276	2413	1251	n
11149684	2415	1253	n
11150170	2413	1252	n
11150443	2409	1253	n
11150700	2414	1251	n
11150951	2414	1251	n
11151211	2413	1251	n
11161608	2413	1252	n
11162096	2414	1251	n
11162347	2413	1253	n
11162601	2414	1252	n
11162885	2414	1251	n
11163136	2413	1253	n
11163388	2414	1251	n
11173795	2411	1251	n
11174310	2411	1251	n
11174566	2411	1253	n
11174821	2413	1251	n
11175073	2414	1251	n
11175355	2413	1250	n
11185733	2411	1250	n
11186211	2413	1250	n
11186462	2415	1251	n
11186727	2411	1251	n
11187000	2413	1251	n
11187251	2413	1253	n
11197654	2411	1253	n
11198144	2413	1251	n
11198417	2415	1253	n
11198673	2413	1253	n
11198924	2413	1251	n
11199184	2415	1253	n
11199459	2416	1251	n
11209847	2414	1252	n
11210323	2410	1251	n
11210585	2412	1251	n
11210863	2411	1251	n
11211114	2413	1252	n
11211365	2410	1250	n
11221784	2412	1251	Time:00:00:00:00;;
11222295	2413	1250	n
11222552	2414	1250	n
11222808	2411	1250	n
11223059	2414	1250	n
11223310	2411	1251	n
11233743	2411	1252	n
11233994	2413	1251	n
11234245	2411	1250	n
11234501	2413	1251	n
11234757	2412	1250	n
11235008	2413	1253	n
11245382	2414	1251	n
11245639	2414	1251	n
11245890	2411	1253	n
11246141	2413	1253	n
11246392	2413	1252	n
11246653	2413	1249	n
11257077	2414	1253	n
11257329	2411	1250	n
11257583	2413	1251	n
11257838	2411	1251	n
11258089	2410	1251	n
11258341	2411	1251	n
11268726	2413	1251	n
11268977	2411	1250	n
11269228	2413	1251	n
11269480	2411	1253	n
11269736	2412	1251	n
11269987	2412	1250	n
11280417	2413	1251	n
11280672	2412	1252	n
11280924	2413	1251	n
11281175	2411	1250	n
11281426	2411	1253	n
11281682	2414	1254	n
11292096	2411	1251	n
11292347	2413	1251	n
11292601	2412	1252	n
11292856	2413	1251	n
11293107	2413	1252	n
11293358	2411	1250	n
11293616	2411	1252	n
11304032	2410	1250	n
11304283	2409	1250	n
11304538	2410	1250	n
11304794	2411	1250	n
11305045	2413	1251	n
11305296	2411	1251	n
11315680	2413	1251	n
11315931	2410	1250	n
11316183	2412	1250	n
11316434	2411	1251	n
11316691	2411	1251	n
11316942	2411	1251	n
11327371	2414	1250	n
11327628	2411	1252	n
11327879	2414	1253	n
11328131	2414	1251	n
11328382	2414	1251	n
11328639	2411	1250	n
11338998	2413	1251	n
11339250	2413	1251	n
11339504	2413	1252	n
11339759	2415	1252	n
11340010	2414	1254	n
11340262	2413	1251	n
11350629	2411	1250	n
11350880	2411	1251	n
11351132	2411	1251	n
11351383	2414	1251	n
11351640	2413	1251	n
11351891	2413	1252	n
11362304	2413	1252	n
11362557	2414	1251	n
11362812	2414	1251	n
11363063	2413	1250	n
11363314	2413	1251	n
11363570	2411	1250	n
11363825	2411	1251	n
11374240	2413	1252	n
11374494	2411	1251	n
11374750	2413	1251	n
11375001	2414	1251	n
11375252	2415	1254	n
11375505	2414	1251	n
11385884	2412	1250	n
11386135	2413	1250	n
11386386	2410	1251	n
11386644	2414	1251	n
11386895	2411	1249	n
11387146	2411	1250	n
11397583	2411	1250	n
11397838	2413	1250	n
11398089	2413	1251	n
11398341	2411	1250	n
11398593	2413	1251	n
11398849	2411	1251	n
11409205	2413	1251	n
11409456	2414	1251	n
11409712	2411	1251	n
11409963	2412	1249	n
11410214	2411	1251	n
11410466	2414	1251	n
11420832	2411	1251	n
11421083	2411	1252	n
11421334	2413	1251	n
11421590	2411	1253	n
11421845	2411	1250	n
11422096	2411	1251	n
11432514	2411	1250	n
11432769	2412	1250	n
11433020	2411	1250	n
11433271	2410	1250	n
11433524	2411	1250	n
11433779	2410	1250	n
11434031	2411	1250	n
11444447	2411	1251	n
11444703	2413	1251	n
11444954	2413	1251	n
11445205	2413	1250	n
11445456	2415	1251	n
11445712	2411	1251	n
11456091	2413	1252	n
11456342	2412	1254	n
11456598	2414	1251	n
11456853	2413	1252	n
11457104	2413	1251	n
11457355	2409	1252	n
11467786	2413	1251	n
11468037	2411	1252	n
11468289	2412	1252	n
11468541	2413	1253	n
11468797	2412	1250	n
11469048	2411	1250	n
11479413	2412	1251	n
11479669	2411	1251	n
11479920	2412	1251	n
11480171	2414	1252	n
11480422	2411	1253	n
11480678	2413	1250	n
11491040	2413	1251	n
11491291	2412	1250	n
11491546	2413	1251	n
11491802	2414	1251	n
11492053	2411	1250	n
11492304	2413	1251	n
11502719	2414	1252	n
11502970	2411	1252	n
11503221	2414	1250	n
11503472	2413	1250	n
11503728	2411	1249	n
11503980	2411	1249	n
11504231	2411	1251	n
11514659	2411	1252	n
11514911	2412	1250	n
11515162	2413	1251	n
11515413	2414	1253	n
11515668	2413	1253	n
11515919	2411	1253	n
11526299	2411	1251	n
11526555	2414	1250	n
11526811	2413	1251	n
11527062	2411	1251	n
11527313	2411	1252	n
11527570	2412	1251	n
11537994	2412	1252	n
11538245	2413	1251	n
11538501	2413	1251	n
11538756	2412	1251	n
11539007	2411	1250	n
11539258	2411	1250	n
11549625	2413	1251	n
11549876	2413	1250	n
11550127	2413	1251	n
11550378	2411	1253	n
11550639	2412	1251	n
11550890	2413	1253	n
11561247	2413	1253	n
11561501	2413	1251	n
11561757	2415	1252	n
11562008	2414	1251	n
11562259	2411	1249	n
11562515	2411	1250	n
11572926	2413	1251	n
11573177	2411	1251	n
11573428	2414	1252	n
11573684	2413	1251	n
11573935	2412	1251	n
11574186	2412	1249	n
11574437	2412	1251	n
11584862	2412	1251	n
11585113	2411	1251	n
11585364	2411	1251	n
11585626	2410	1251	n
11585877	2411	1253	n
11586128	2413	1250	n
11596508	2415	1250	n
11596763	2413	1251	n
11597014	2412	1253	n
11597265	2413	1252	n
11597522	2413	1250	n
11597777	2413	1251	n
11608201	2411	1252	n
11608453	2411	1249	n
11608708	2411	1250	n
11608959	2411	1250	n
11609210	2409	1252	n
11609461	2414	1250	n
11619828	2411	1252	n
11620079	2413	1251	n
11620331	2413	1252	n
11620588	2413	1250	n
11620843	2413	1252	n
11621094	2411	1252	n
11631455	2411	1251	n
11631710	2411	1250	n
11631962	2411	1250	n
11632213	2413	1251	n
11632464	2413	1253	n
11632720	2411	1252	n
11643134	2412	1251	n
11643385	2411	1252	n
11643644	2414	1250	n
11643895	2412	1251	n
11644147	2412	1251	n
11644398	2413	1251	n
11644658	2413	1251	n
11655070	2413	1251	n
11655321	2413	1249	n
11655574	2413	1250	n
11655830	2411	1253	n
11656081	2411	1250	n
11656332	2412	1250	n
11666718	2412	1250	n
11666969	2411	1251	n
11667221	2411	1251	n
11667472	2409	1251	n
11667728	2413	1252	n
11667980	2412	1251	n
11678409	2413	1251	n
11678665	2411	1250	n
11678916	2415	1254	n
11679167	2413	1252	n
11679418	2413	1253	n
11679674	2415	1251	n
11690035	2412	1252	n
11690287	2413	1251	n
11690540	2411	1252	n
11690795	2411	1253	n
11691046	2413	1252	n
11691297	2411	1251	n
11701666	2413	1250	n
11701917	2411	1251	n
11702169	2413	1252	n
11702420	2412	1253	n
11702676	2413	1251	n
11702927	2413	1251	n
11713341	2411	1250	n
11713598	2414	1252	n
11713853	2411	1253	n
11714104	2414	1250	n
11714355	2412	1251	n
11714609	2411	1251	n
11714864	2412	1251	n
11725277	2413	1250	n
11725532	2414	1251	n
11725787	2413	1251	n
11726038	2415	1250	n
11726289	2413	1252	n
11726547	2413	1251	n
11736921	2413	1252	n
11737172	2414	1251	n
11737423	2412	1253	n
11737679	2414	1252	n
11737930	2414	1251	n
11738181	2412	1251	n
11748616	2411	1251	n
11748872	2413	1251	n
11749123	2414	1253	n
11749374	2413	1250	n
11749631	2412	1251	n
11749883	2410	1251	n
11760243	2414	1251	n
11760498	2411	1250	n
11760754	2412	1251	n
11761005	2413	1251	n
11761256	2412	1250	n
11761512	2411	1250	n
11771956	2411	1250	n
11772207	2413	1253	n
11772458	2415	1252	n
11772714	2411	1252	n
11772965	2410	1251	n
11773216	2412	1252	n
11783639	2410	1250	n
11783890	2413	1251	n
11784141	2414	1250	n
11784392	2411	1251	n
11784653	2409	1251	n
11784904	2415	1250	n
11785155	2411	1249	n
11795573	2413	1251	n
11795828	2413	1252	n
11796079	2413	1251	n
11796330	2413	1251	n
11796588	2413	1251	n
11796843	2414	1251	n
11807215	2411	1249	n
11807466	2414	1252	n
11807721	2411	1250	n
11807973	2413	1250	n
11808224	2411	1251	n
11808475	2411	1251	n
11818910	2413	1253	n
11819161	2412	1251	n
11819413	2413	1251	n
11819668	2413	1251	n
11819919	2413	1250	n
11820170	2412	1251	n
11830606	2411	1252	n
11830861	2411	1249	n
11831112	2413	1251	n
11831363	2411	1250	n
11831622	2413	1250	n
11831873	2411	1251	n
11842233	2413	1251	n
11842487	2411	1251	n
11842742	2414	1251	n
11842993	2411	1251	n
11843244	2413	1251	n
11843502	2413	1251	n
11843756	2411	1249	n
11854135	2414	1253	n
11854386	2414	1251	n
11854644	2414	1251	n
11854895	2415	1252	n
11855146	2414	1251	n
11855397	2416	1251	n
11865778	2413	1252	n
11866029	2414	1250	n
11866281	2414	1251	n
11866535	2411	1251	n
11866791	2410	1251	n
11867042	2411	1251	n
11877422	2413	1253	n
11877677	2410	1251	n
11877928	2413	1253	n
11878180	2413	1251	n
11878431	2411	1250	n
11878691	2411	1251	n
11889117	2413	1250	n
11889368	2414	1251	n
11889629	2412	1251	n
11889880	2413	1252	n
11890131	2414	1253	n
11890382	2411	1252	n
11900813	2411	1251	n
11901064	2415	1251	n
11901315	2414	1251	n
11901570	2411	1250	n
11901825	2411	1251	n
11902077	2414	1253	n
11912440	2411	1251	n
11912698	2413	1251	n
11912949	2414	1251	n
11913200	2413	1251	n
11913451	2411	1251	n
11913707	2413	1251	n
11913958	2411	1251	n
11924342	2413	1251	n
11924598	2411	1253	n
11924853	2413	1250	n
11925104	2411	1252	n
11925355	2411	1249	n
11925609	2411	1250	n
11935986	2411	1251	n
11936237	2410	1252	n
11936495	2411	1250	n
11936750	2411	1250	n
11937001	2414	1251	n
11937253	2413	1254	n
11947637	2413	1251	n
11947888	2415	1251	n
11948139	2414	1251	n
11948390	2413	1251	n
11948648	2411	1251	n
11948899	2411	1252	n
11959325	2413	1253	n
11959581	2413	1251	n
11959836	2414	1251	n
11960087	2413	1251	n
11960338	2411	1250	n
11960592	2413	1251	n
11971021	2412	1252	n
11971272	2412	1252	n
11971529	2412	1251	n
11971784	2411	1250	n
11972035	2411	1250	n
11972287	2411	1250	n
11982652	2411	1250	n
11982993	2414	1251	n
11983244	2415	1251	n
11983498	2414	1249	n
11983785	2413	1253	n
11984036	2413	1251	n
11984287	2412	1253	n
11994726	2413	1253	n
11995235	2413	1250	n
11995492	2411	1253	n
11995747	2415	1251	n
11995999	2414	1250	n
11996281	2412	1252	n
12006681	2411	1251	Time:00:00:00:00;;
12007371	2411	1251	n
12007637	2413	1249	n
12007910	2414	1252	n
12008161	2413	1249	n
12008412	2413	1250	n
12018786	2411	1251	n
12019295	2413	1250	n
12019549	2413	1250	n
12019804	2413	1251	n
12020064	2411	1249	n
12020338	2411	1249	n
12030760	2411	1251	n
12031236	2412	1250	n
12031501	2410	1251	n
12031779	2412	1253	n
12032030	2411	1250	n
12032281	2411	1250	n
12042699	2412	1251	n
12043207	2413	1251	n
12043458	2414	1252	n
12043714	2412	1250	n
12043974	2414	1251	n
12044249	2412	1251	n
12044504	2412	1251	n
12054925	2412	1251	n
12055412	2411	1251	n
12055690	2411	1251	n
12055941	2412	1250	n
12056192	2413	1251	n
12056452	2414	1249	n
12066888	2413	1251	Time:00:00:00:00;;
12067584	2411	1249	n
12067840	2412	1250	n
12068123	2411	1250	n
12068374	2410	1249	n
12078782	2413	1251	n
12079259	2413	1251	n
12079546	2411	1251	n
12079802	2413	1251	n
12080053	2413	1251	n
12080304	2413	1250	n
12080590	2414	1252	n
12090977	2413	1251	n
12091453	2412	1250	n
12091708	2413	1251	n
12091968	2411	1250	n
12092242	2409	1249	n
12092499	2411	1250	n
12102897	2411	1251	n
12103383	2411	1251	n
12103666	2413	1251	n
12103917	2411	1251	n
12104169	2410	1249	n
12104428	2411	1250	n
12114835	2414	1251	n
12115318	2414	1253	n
12115573	2411	1251	n
12115837	2412	1251	n
12116110	2414	1253	n
12116361	2413	1251	n
12116622	2413	1251	n
12127030	2415	1252	n
12127541	2414	1252	n
12127796	2413	1251	n
12128047	2415	1252	n
12128307	2413	1253	n
12128587	2413	1253	n
12138950	2412	1251	n
12139426	2414	1252	n
12139681	2413	1253	n
12139963	2415	1253	n
12140214	2412	1250	n
12140465	2415	1252	n
12150887	2414	1253	n
12151395	2414	1250	n
12151653	2414	1253	n
12151905	2413	1252	n
12152156	2413	1252	n
12152438	2413	1253	n
12152698	2415	1252	n
12163082	2414	1253	n
12163571	2413	1251	n
12163858	2414	1251	n
12164109	2415	1252	n
12164360	2414	1250	n
12164616	2415	1251	n
12175088	2412	1253	n
12175583	2413	1250	n
12175838	2415	1252	n
12176090	2414	1254	n
12176372	2415	1253	n
12176629	2413	1251	n
12176880	2414	1252	n
12187319	2413	1251	n
12187838	2413	1251	n
12188089	2415	1252	n
12188340	2414	1251	n
12188593	2414	1252	n
12188879	2413	1251	n
12199272	2413	1252	n
12199763	2413	1252	n
12200014	2411	1251	n
12200297	2413	1252	n
12200552	2415	1253	n
12200807	2414	1252	n
12211227	2414	1253	n
12211722	2414	1253	Time:00:00:00:00;;
12212210	2413	1251	n
12212461	2416	1253	n
12212726	2413	1254	n
12213000	2415	1253	n
12223371	2414	1253	n
12223628	2415	1251	n
12223879	2414	1253	n
12224130	2416	1253	n
12224382	2413	1251	n
12224639	2415	1253	n
12235066	2413	1251	n
12235317	2415	1251	n
12235573	2415	1253	n
12235828	2414	1252	n
12236079	2413	1252	n
12236330	2413	1253	n
12246762	2414	1251	n
12247013	2413	1253	n
12247264	2413	1251	n
12247518	2414	1251	n
12247774	2415	1251	n
12248025	2414	1252	n
12258389	2415	1252	n
12258648	2414	1252	n
12258899	2414	1251	n
12259151	2414	1253	n
12259402	2414	1253	n
12259659	2415	1252	n
12259910	2414	1251	n
12270291	2413	1251	n
12270546	2415	1251	n
12270802	2414	1251	n
12271053	2413	1251	n
12271304	2413	1251	n
12271557	2414	1253	n
12281935	2414	1252	n
12282186	2413	1251	n
12282437	2414	1251	n
12282698	2414	1252	n
12282950	2413	1250	n
12283201	2413	1253	n
12293584	2415	1251	n
12293839	2415	1253	n
12294090	2413	1253	n
12294341	2413	1255	n
12294599	2415	1251	n
12294854	2415	1253	n
12305274	2414	1253	n
12305529	2415	1253	n
12305785	2415	1253	n
12306036	2415	1254	n
12306287	2414	1253	n
12306540	2414	1253	n
12316970	2414	1250	n
12317221	2413	1252	n
12317472	2414	1253	n
12317728	2414	1251	n
12317980	2413	1253	n
12318231	2414	1251	n
12328596	2415	1252	n
12328851	2414	1251	n
12329102	2414	1253	n
12329353	2413	1251	n
12329607	2413	1251	n
12329863	2414	1249	n
12330114	2413	1252	n
12340504	2415	1255	n
12340760	2415	1251	n
12341011	2416	1253	n
12341262	2415	1253	n
12341519	2415	1251	n
12341774	2414	1251	n
12352142	2415	1253	n
12352393	2415	1253	n
12352652	2414	1253	n
12352903	2415	1252	n
12353154	2414	1252	n
12353405	2414	1253	n
12363786	2413	1251	n
12364037	2414	1253	n
12364288	2411	1250	n
12364541	2415	1252	n
12364796	2414	1252	n
12365048	2415	1252	n
12375487	2413	1251	n
12375743	2414	1253	n
12375994	2414	1252	n
12376245	2414	1250	n
12376502	2414	1252	n
12376757	2414	1252	n
12387177	2416	1253	n
12387428	2415	1250	n
12387684	2414	1253	n
12387936	2416	1253	n
12388187	2415	1254	n
12388438	2413	1253	n
12398804	2415	1252	n
12399055	2413	1252	n
12399306	2414	1253	n
12399559	2414	1253	n
12399814	2414	1253	n
12400065	2415	1252	n
12400317	2415	1253	n
12410711	2412	1251	n
12410962	2414	1253	n
12411213	2414	1252	n
12411464	2415	1251	n
12411720	2413	1251	n
12411971	2413	1251	n
12422350	2413	1253	n
12422604	2414	1254	n
12422860	2414	1251	n
12423111	2412	1253	n
12423362	2414	1252	n
12423622	2414	1252	n
12433994	2415	1253	n
12434245	2415	1254	n
12434502	2415	1253	n
12434757	2414	1253	n
12435008	2415	1253	n
12435259	2414	1254	n
12445694	2415	1253	n
12445945	2411	1251	n
12446196	2414	1253	n
12446447	2413	1249	n
12446703	2413	1252	n
12446954	2413	1251	n
12457385	2414	1251	n
12457644	2413	1253	n
12457895	2414	1252	n
12458147	2414	1251	n
12458398	2415	1251	n
12458658	2414	1253	n
12469081	2415	1251	n
12469332	2415	1254	n
12469587	2415	1251	n
12469842	2415	1252	n
12470093	2415	1251	n
12470344	2415	1253	n
12470601	2416	1255	n
12481000	2414	1254	n
12481251	2416	1254	n
12481504	2414	1253	n
12481760	2415	1253	n
12482011	2416	1253	n
12482262	2415	1254	n
12492648	2414	1252	n
12492899	2413	1253	n
12493151	2413	1252	n
12493402	2415	1251	n
12493659	2413	1254	n
12493910	2415	1251	n
12504270	2414	1253	n
12504523	2414	1251	n
12504779	2415	1252	n
12505030	2415	1252	n
12505281	2413	1251	n
12505536	2415	1251	n
12515896	2415	1250	n
12516147	2415	1253	n
12516399	2414	1251	n
12516657	2415	1254	n
12516908	2415	1254	n
12517160	2413	1251	n
12527592	2415	1253	n
12527847	2416	1253	n
12528098	2415	1253	n
12528349	2414	1252	n
12528604	2415	1251	n
12528859	2414	1253	n
12539219	2414	1254	n
12539470	2415	1251	n
12539726	2414	1251	n
12539977	2415	1253	n
12540228	2415	1252	n
12540480	2413	1252	n
12540736	2413	1252	n
12551121	2415	1253	n
12551372	2414	1252	n
12551629	2413	1253	n
12551880	2414	1251	n
12552132	2414	1251	n
12552383	2416	1251	n
12562769	2415	1252	n
12563020	2415	1253	n
12563271	2414	1252	n
12563524	2414	1252	n
12563779	2414	1251	n
12564030	2415	1253	n
12574409	2415	1250	n
12574664	2414	1250	n
12574915	2415	1253	n
12575166	2414	1251	n
12575418	2414	1255	n
12575673	2415	1253	n
12586104	2415	1253	n
12586356	2414	1253	n
12586609	2416	1254	n
12586864	2414	1251	n
12587115	2415	1251	n
12587366	2414	1251	n
12597800	2414	1251	n
12598051	2415	1250	n
12598302	2414	1252	n
12598555	2413	1251	n
12598810	2412	1253	n
12599062	2415	1251	n
12609426	2414	1251	n
12609682	2414	1253	n
12609933	2414	1254	n
12610184	2414	1253	n
12610436	2414	1252	n
12610693	2416	1253	n
12610944	2414	1251	n
12621329	2415	1254	n
12621583	2413	1252	n
12621839	2414	1253	n
12622090	2411	1251	n
12622341	2415	1253	n
12622598	2414	1253	n
12632972	2414	1253	n
12633223	2414	1253	n
12633474	2414	1252	n
12633734	2415	1251	n
12633985	2413	1252	n
12634237	2413	1252	n
12644626	2415	1252	n
12644877	2414	1252	n
12645128	2415	1253	n
12645379	2415	1251	n
12645639	2414	1251	n
12645890	2416	1254	n
12656311	2414	1253	n
12656566	2415	1253	n
12656821	2415	1253	n
12657072	2414	1253	n
12657323	2415	1251	n
12657576	2414	1252	n
12668007	2413	1250	n
12668258	2415	1251	n
12668515	2414	1249	n
12668771	2413	1253	n
12669022	2414	1253	n
12669273	2412	1253	n
12679638	2415	1253	n
12679889	2414	1253	n
12680140	2415	1251	n
12680392	2414	1251	n
12680653	2414	1253	n
12680904	2415	1253	n
12681156	2415	1253	n
12691538	2415	1251	n
12691794	2415	1254	n
12692045	2414	1253	n
12692296	2415	1253	n
12692553	2414	1253	n
12692808	2414	1251	n
12703180	2414	1253	n
12703431	2414	1251	n
12703691	2415	1254	n
12703942	2415	1251	n
12704193	2414	1253	n
12704444	2413	1253	n
12714824	2413	1251	n
12715075	2411	1253	n
12715326	2413	1252	n
12715581	2414	1251	n
12715836	2414	1251	n
12716087	2414	1251	n
12726521	2414	1252	n
12726777	2414	1252	n
12727028	2413	1253	n
12727279	2414	1250	n
12727536	2413	1251	n
12727792	2414	1252	n
12738215	2415	1253	n
12738466	2416	1251	n
12738721	2414	1253	n
12738972	2414	1253	n
12739224	2415	1251	n
12739475	2415	1253	n
12749841	2413	1251	n
12750092	2414	1253	n
12750343	2414	1252	n
12750598	2415	1251	n
12750853	2414	1253	n
12751105	2416	1253	n
12751356	2415	1252	n
12761748	2413	1251	n
12761999	2415	1253	n
12762251	2413	1252	n
12762504	2414	1253	n
12762760	2415	1253	n
12763011	2414	1252	n
12773387	2415	1253	n
12773645	2413	1251	n
12773896	2414	1253	n
12774147	2413	1251	n
12774398	2413	1249	n
12774657	2414	1251	n
12785031	2413	1253	n
12785282	2414	1251	n
12785539	2415	1253	n
12785794	2415	1252	n
12786045	2414	1253	n
12786296	2414	1251	n
12796730	2415	1253	n
12796982	2415	1254	n
12797233	2414	1253	n
12797487	2415	1253	n
12797742	2415	1251	n
12797993	2416	1253	n
12808422	2415	1254	n
12808678	2413	1253	n
12808929	2414	1253	n
12809180	2415	1253	n
12809431	2413	1251	n
12809691	2413	1252	n
12820049	2415	1254	n
12820300	2413	1250	n
12820555	2413	1253	n
12820810	2413	1251	n
12821061	2415	1251	n
12821312	2413	1253	n
12821566	2415	1251	n
12831951	2414	1253	n
12832202	2414	1250	n
12832453	2414	1252	n
12832708	2416	1253	n
12832960	2414	1252	n
12833211	2415	1253	n
12843600	2416	1250	n
12843856	2414	1252	n
12844107	2414	1251	n
12844358	2414	1252	n
12844611	2415	1253	n
12844866	2411	1251	n
12855239	2415	1253	n
12855494	2414	1252	n
12855750	2414	1251	n
12856001	2414	1251	n
12856252	2414	1251	n
12856505	2414	1250	n
12866934	2415	1253	n
12867185	2413	1251	n
12867437	2415	1253	n
12867694	2415	1251	n
12867945	2414	1251	n
12868196	2415	1253	n
12878634	2414	1254	n
12878885	2415	1251	n
12879137	2415	1253	n
12879388	2415	1254	n
12879649	2414	1253	n
12879900	2415	1251	n
12890326	2415	1251	n
12890581	2412	1252	n
12890836	2413	1253	n
12891087	2414	1252	n
12891338	2413	1253	n
12891592	2413	1251	n
12891847	2414	1253	n
12902245	2414	1253	n
12902502	2414	1252	n
12902757	2413	1251	n
12903008	2414	1251	n
12903259	2411	1253	n
12903516	2415	1253	n
12913889	2414	1253	n
12914140	2414	1251	n
12914391	2415	1253	n
12914653	2415	1253	n
12914904	2415	1251	n
12915155	2414	1252	n
12925518	2416	1253	n
12925774	2415	1252	n
12926025	2416	1254	n
12926276	2413	1253	n
12926533	2415	1254	n
12926788	2415	1252	n
12937227	2414	1253	n
12937479	2413	1251	n
12937735	2414	1252	n
12937987	2413	1251	n
12938238	2412	1252	n
12938494	2413	1253	n
12948923	2414	1253	n
12949174	2413	1252	n
12949425	2414	1251	n
12949681	2414	1251	n
12949932	2414	1252	n
12950183	2413	1251	n
12960602	2415	1253	n
12960857	2415	1253	n
12961108	2414	1253	n
12961359	2415	1253	n
12961615	2413	1253	n
12961871	2414	1252	n
12962122	2415	1253	n
12972541	2415	1253	n
12972797	2414	1250	n
12973048	2415	1251	n
12973299	2414	1252	n
12973556	2416	1252	n
12973811	2415	1253	n
12984182	2415	1252	n
12984555	2414	1253	n
12984833	2415	1253	n
12985084	2415	1251	n
12985335	2414	1253	n
12985601	2413	1251	n
12996050	2413	1251	n
12996532	2414	1253	n
12996788	2413	1250	n
12997048	2415	1251	n
12997321	2415	1252	n
12997574	2414	1251	n
13007971	2416	1252	Time:00:00:00:00;;
13008680	2415	1252	n
13008953	2415	1253	n
13009204	2413	1253	n
13009464	2416	1253	n
13009742	2414	1254	n
13020114	2413	1253	n
13020594	2415	1251	n
13020849	2415	1253	n
13021131	2414	1252	n
13021382	2413	1253	n
13021640	2413	1252	n
13032068	2413	1251	n
13032576	2415	1251	n
13032832	2413	1251	n
13033083	2414	1253	n
13033334	2414	1251	n
13033626	2414	1252	n
13033877	2414	1253	n
13044299	2412	1251	n
13044785	2415	1252	n
13045067	2413	1251	n
13045318	2415	1253	n
13045573	2414	1253	n
13045828	2414	1253	n
13056252	2413	1253	n
13056750	2415	1251	n
13057001	2413	1253	n
13057252	2414	1253	n
13057538	2414	1251	n
13057794	2414	1251	n
13068190	2414	1253	Time:00:00:00:00;;
13068902	2413	1254	n
13069176	2415	1251	n
13069427	2413	1250	n
13069683	2414	1253	n
13069943	2414	1252	n
13080402	2414	1252	n
13080885	2415	1253	n
13081136	2413	1254	n
13081396	2415	1251	n
13081677	2415	1251	n
13081928	2415	1251	n
13092357	2415	1253	n
13092848	2415	1253	n
13093122	2413	1253	n
13093373	2414	1251	n
13093630	2414	1251	n
13093890	2414	1251	n
13094163	2413	1253	n
13104589	2414	1252	n
13105071	2416	1251	n
13105331	2414	1252	n
13105607	2416	1254	n
13105863	2416	1253	n
13106114	2415	1253	n
13116546	2416	1253	n
13117065	2413	1251	n
13117316	2414	1251	n
13117573	2413	1252	n
13117837	2415	1251	n
13118111	2415	1250	n
13128480	2415	1253	n
13128962	2414	1253	n
13129222	2414	1252	n
13129502	2413	1253	n
13129757	2413	1251	n
13130008	2413	1252	n
13130268	2414	1253	n
13140739	2414	1253	n
13141214	2415	1253	n
13141466	2416	1251	n
13141730	2414	1252	n
13142003	2416	1253	n
13142254	2415	1251	n
13152685	2413	1252	n
13153171	2414	1251	n
13153451	2415	1253	n
13153707	2413	1252	n
13153958	2413	1250	n
13154218	2414	1251	n
13164601	2413	1253	n
13165081	2411	1251	n
13165332	2415	1251	n
13165595	2411	1251	n
13165875	2413	1251	n
13166126	2414	1251	n
13166377	2411	1252	n
13176778	2413	1251	n
13177290	2413	1253	n
13177546	2415	1251	n
13177801	2413	1252	n
13178053	2415	1252	n
13178335	2415	1254	n
13188736	2416	1254	n
13189215	2416	1253	n
13189466	2416	1253	n
13189753	2414	1253	n
13190004	2415	1253	n
13190255	2415	1253	n
13200657	2414	1253	n
13201171	2414	1250	n
13201422	2413	1253	n
13201677	2415	1255	n
13201929	2415	1252	n
13202211	2414	1252	n
13202462	2415	1251	n
13212831	2414	1251	Time:00:00:00:00;;
13213524	2414	1253	n
13213779	2413	1253	n
13214030	2414	1251	n
13214281	2412	1254	n
13224669	2415	1254	n
13224920	2414	1252	n
13225171	2415	1254	n
13225423	2414	1253	n
13225678	2415	1253	n
13225929	2413	1251	n
13236344	2414	1251	n
13236600	2414	1251	n
13236856	2414	1253	n
13237107	2414	1253	n
13237358	2415	1254	n
13237616	2415	1253	n
13237871	2415	1252	n
13248280	2413	1253	n
13248535	2413	1252	n
13248790	2414	1253	n
13249041	2413	1253	n
13249292	2414	1253	n
13249549	2416	1252	n
13259924	2413	1251	n
13260175	2415	1251	n
13260426	2413	1253	n
13260682	2413	1253	n
13260933	2414	1253	n
13261184	2414	1251	n
13271623	2411	1251	n
13271875	2414	1252	n
13272126	2414	1254	n
13272377	2413	1254	n
13272634	2415	1253	n
13272885	2414	1253	n
13283245	2415	1252	n
13283501	2415	1251	n
13283756	2415	1253	n
13284007	2414	1253	n
13284259	2413	1253	n
13284515	2415	1250	n
13294958	2414	1252	n
13295209	2413	1251	n
13295460	2414	1251	n
13295716	2415	1251	n
13295967	2415	1252	n
13296218	2414	1252	n
13306641	2414	1253	n
13306892	2415	1250	n
13307143	2414	1253	n
13307394	2416	1251	n
13307653	2415	1253	n
13307904	2415	1253	n
13308155	2415	1250	n
13318576	2416	1253	n
13318831	2415	1252	n
13319082	2415	1253	n
13319333	2414	1253	n
13319590	2414	1253	n
13319845	2414	1253	n
13330217	2414	1251	n
13330468	2414	1253	n
13330724	2413	1251	n
13330975	2413	1252	n
13331226	2415	1254	n
13331478	2414	1252	n
13341912	2414	1253	n
13342163	2413	1250	n
13342415	2414	1255	n
13342670	2412	1253	n
13342921	2414	1250	n
13343172	2414	1253	n
13353608	2414	1251	n
13353863	2415	1250	n
13354114	2414	1253	n
13354365	2415	1252	n
13354626	2415	1253	n
13354877	2414	1253	n
13365235	2413	1253	n
13365492	2415	1251	n
13365747	2414	1252	n
13365999	2413	1253	n
13366250	2414	1251	n
13366504	2414	1253	n
13366760	2413	1251	n
13377137	2413	1251	n
13377388	2414	1251	n
13377649	2414	1253	n
13377900	2413	1251	n
13378151	2415	1251	n
13378402	2414	1251	n
13388784	2414	1253	n
13389035	2414	1253	n
13389286	2414	1253	n
13389540	2416	1252	n
13389795	2415	1253	n
13390046	2415	1253	n
13400425	2414	1253	n
13400681	2415	1253	n
13400932	2415	1254	n
13401183	2415	1253	n
13401434	2415	1252	n
13401691	2415	1253	n
13412120	2414	1251	n
13412371	2413	1253	n
13412628	2414	1251	n
13412879	2415	1253	n
13413131	2415	1253	n
13413382	2415	1251	n
13423816	2411	1252	n
13424067	2415	1251	n
13424318	2415	1253	n
13424573	2415	1252	n
13424828	2414	1252	n
13425079	2413	1253	n
13435443	2410	1250	n
13435699	2412	1251	n
13435950	2413	1251	n
13436202	2414	1251	n
13436453	2413	1253	n
13436708	2413	1252	n
13436959	2413	1250	n
13447345	2415	1253	n
13447601	2414	1253	n
13447856	2415	1252	n
13448107	2415	1253	n
13448358	2414	1251	n
13448611	2415	1254	n
13458989	2415	1253	n
13459240	2415	1253	n
13459494	2416	1251	n
13459750	2415	1252	n
13460001	2416	1254	n
13460252	2415	1253	n
13470640	2414	1252	n
13470891	2414	1250	n
13471142	2414	1253	n
13471394	2413	1251	n
13471652	2415	1251	n
13471904	2413	1252	n
13482327	2414	1251	n
13482584	2413	1250	n
13482839	2415	1253	n
13483090	2413	1252	n
13483341	2415	1250	n
13483599	2414	1251	n
13494023	2415	1251	n
13494274	2413	1253	n
13494529	2414	1253	n
13494785	2416	1254	n
13495036	2414	1251	n
13495287	2415	1253	n
13505654	2415	1252	n
13505905	2414	1251	n
13506156	2414	1250	n
13506407	2414	1250	n
13506663	2413	1253	n
13506914	2415	1251	n
13507165	2411	1251	n
13517555	2415	1253	n
13517810	2413	1251	n
13518061	2415	1251	n
13518313	2413	1252	n
13518566	2414	1251	n
13518822	2414	1251	n
13529196	2413	1253	n
13529447	2413	1253	n
13529703	2414	1254	n
13529954	2414	1252	n
13530205	2415	1252	n
13530456	2414	1253	n
13540840	2416	1254	n
13541091	2414	1253	n
13541342	2413	1251	n
13541598	2415	1253	n
13541853	2413	1253	n
13542104	2415	1253	n
13552538	2414	1253	n
13552794	2414	1253	n
13553045	2412	1251	n
13553296	2414	1252	n
13553553	2414	1252	n
13553808	2413	1252	n
13564231	2414	1253	n
13564487	2415	1251	n
13564743	2416	1253	n
13564994	2413	1251	n
13565245	2412	1252	n
13565502	2416	1251	n
13575927	2414	1251	n
13576178	2414	1251	n
13576429	2413	1251	n
13576685	2414	1251	n
13576936	2414	1251	n
13577187	2414	1250	n
13577438	2413	1251	n
13587846	2413	1250	n
13588097	2414	1252	n
13588348	2413	1253	n
13588605	2412	1253	n
13588860	2413	1251	n
13589111	2413	1252	n
13599494	2415	1250	n
13599750	2413	1251	n
13600001	2413	1251	n
13600252	2414	1253	n
13600505	2414	1253	n
13600761	2413	1253	n
13611185	2414	1251	n
13611437	2413	1251	n
13611694	2415	1252	n
13611945	2413	1252	n
13612196	2413	1251	n
13612447	2413	1250	n
13622829	2415	1251	n
13623080	2415	1253	n
13623331	2413	1252	n
13623586	2416	1253	n
13623842	2415	1251	n
13624093	2413	1251	n
13634529	2413	1251	n
13634785	2412	1251	n
13635036	2414	1251	n
13635287	2415	1251	n
13635540	2415	1251	n
13635796	2413	1254	n
13646204	2413	1251	n
13646455	2413	1253	n
13646710	2415	1251	n
13646962	2413	1251	n
13647213	2413	1252	n
13647464	2415	1252	n
13647720	2412	1251	n
13658140	2414	1252	n
13658391	2413	1251	n
13658649	2415	1252	n
13658900	2413	1252	n
13659152	2414	1251	n
13659403	2413	1250	n
13669784	2415	1251	n
13670035	2413	1252	n
13670286	2415	1254	n
13670539	2415	1251	n
13670795	2413	1253	n
13671046	2413	1253	n
13681480	2414	1251	n
13681736	2413	1251	n
13681988	2414	1253	n
13682239	2414	1252	n
13682494	2414	1253	n
13682750	2413	1253	n
13693175	2415	1251	n
13693426	2413	1252	n
13693682	2414	1251	n
13693933	2414	1253	n
13694184	2414	1251	n
13694435	2413	1251	n
13704818	2416	1253	n
13705069	2414	1253	n
13705320	2414	1251	n
13705573	2416	1252	n
13705828	2415	1253	n
13706079	2414	1253	n
13716501	2415	1251	n
13716756	2413	1252	n
13717008	2414	1252	n
13717259	2413	1253	n
13717515	2413	1251	n
13717771	2411	1251	n
13718022	2414	1250	n
13728434	2414	1250	n
13728691	2411	1251	n
13728942	2412	1253	n
13729193	2414	1251	n
13729444	2411	1252	n
13729701	2413	1251	n
13740077	2413	1253	n
13740328	2414	1251	n
13740584	2412	1253	n
13740839	2411	1251	n
13741091	2414	1251	n
13741342	2414	1251	n
13751772	2415	1252	n
13752023	2414	1251	n
13752275	2413	1252	n
13752532	2413	1253	n
13752787	2414	1251	n
13753038	2415	1253	n
13763468	2416	1252	n
13763724	2416	1253	n
13763975	2415	1253	n
13764226	2416	1251	n
13764478	2414	1252	n
13764734	2413	1253	n
13775095	2414	1251	n
13775346	2413	1253	n
13775600	2414	1253	n
13775856	2412	1250	n
13776107	2413	1250	n
13776358	2413	1250	n
13776611	2413	1251	n
13786997	2415	1251	n
13787248	2414	1252	n
13787504	2414	1250	n
13787760	2414	1251	n
13788011	2413	1252	n
13788262	2414	1251	n
13798646	2413	1252	n
13798897	2414	1252	n
13799148	2412	1254	n
13799399	2413	1250	n
13799657	2413	1253	n
13799908	2415	1253	n
13810285	2412	1253	n
13810538	2414	1251	n
13810793	2413	1252	n
13811045	2413	1251	n
13811296	2412	1252	n
13811553	2413	1251	n
13821980	2414	1251	n
13822231	2413	1251	n
13822487	2412	1251	n
13822742	2414	1253	n
13822994	2414	1251	n
13823245	2414	1251	n
13833680	2415	1251	n
13833931	2415	1253	n
13834183	2414	1252	n
13834434	2414	1251	n
13834691	2414	1252	n
13834942	2415	1251	n
13845303	2414	1253	n
13845556	2414	1253	n
13845811	2413	1253	n
13846062	2415	1252	n
13846313	2415	1253	n
13846570	2415	1253	n
13846826	2414	1254	n
13857205	2415	1251	n
13857456	2416	1254	n
13857711	2415	1254	n
13857963	2416	1252	n
13858214	2415	1251	n
13858465	2416	1253	n
13868849	2415	1253	n
13869100	2415	1251	n
13869351	2413	1253	n
13869607	2413	1251	n
13869863	2415	1254	n
13870114	2414	1253	n
13880494	2413	1252	n
13880750	2413	1251	n
13881001	2414	1253	n
13881252	2413	1253	n
13881505	2413	1251	n
13881760	2413	1251	n
13892187	2415	1253	n
13892438	2413	1253	n
13892699	2414	1252	n
13892950	2414	1252	n
13893201	2414	1252	n
13893452	2413	1254	n
13903883	2413	1253	n
13904134	2413	1251	n
13904385	2415	1250	n
13904644	2412	1251	n
13904895	2411	1251	n
13905147	2413	1250	n
13915515	2415	1253	n
13915770	2414	1253	n
13916022	2414	1251	n
13916273	2414	1251	n
13916530	2413	1253	n
13916786	2412	1251	n
13917037	2413	1253	n
13927412	2413	1252	n
13927668	2416	1253	n
13927919	2414	1252	n
13928170	2414	1251	n
13928421	2414	1254	n
13928677	2415	1251	n
13939056	2415	1253	n
13939307	2413	1251	n
13939564	2413	1253	n
13939819	2415	1253	n
13940070	2415	1254	n
13940321	2413	1251	n
13950704	2413	1251	n
13950955	2413	1252	n
13951206	2413	1251	n
13951457	2414	1251	n
13951713	2414	1251	n
13951964	2411	1252	n
13962395	2413	1251	n
13962653	2415	1251	n
13962904	2415	1253	n
13963156	2414	1251	n
13963407	2414	1250	n
13963662	2414	1251	n
13974091	2414	1253	n
13974342	2414	1252	n
13974598	2413	1253	n
13974853	2414	1254	n
13975104	2414	1252	n
13975355	2415	1252	n
13985727	2415	1252	n
13986135	2415	1253	n
13986386	2413	1253	n
13986644	2414	1252	n
13986904	2415	1253	n
13987178	2413	1254	n
13987429	2415	1251	n
13997792	2414	1253	n
13998278	2414	1253	n
13998555	2413	1251	n
13998810	2413	1253	n
13999061	2414	1252	n
13999321	2414	1251	n
14009758	2416	1253	Time:00:00:00:00;;
14010448	2412	1253	n
14010712	2414	1251	n
14010986	2414	1252	n
14011237	2415	1252	n
14011494	2414	1251	n
14021856	2414	1253	n
14022365	2414	1254	n
14022626	2415	1253	n
14022877	2415	1254	n
14023128	2415	1251	n
14023411	2414	1252	n
14033828	2415	1251	n
14034304	2414	1252	n
14034557	2415	1251	n
14034842	2413	1253	n
14035093	2414	1253	n
14035344	2414	1253	n
14045765	2415	1252	n
14046252	2413	1251	n
14046529	2414	1253	n
14046785	2413	1253	n
14047036	2414	1252	n
14047318	2413	1252	n
14047573	2413	1253	n
14057995	2414	1253	n
14058473	2412	1253	n
14058737	2413	1253	n
14059011	2415	1251	n
14059262	2415	1251	n
14059519	2413	1251	n
14069949	2414	1253	Time:00:00:00:00;;
14070683	2415	1253	n
14070934	2414	1253	n
14071194	2415	1252	n
14071467	2413	1251	n
14081852	2413	1251	n
14082329	2414	1252	n
14082592	2415	1251	n
14082870	2412	1251	n
14083121	2413	1251	n
14083372	2413	1253	n
14083637	2414	1251	n
14094056	2416	1252	n
14094535	2415	1251	n
14094790	2415	1253	n
14095050	2415	1253	n
14095324	2415	1251	n
14095576	2415	1253	n
14105967	2415	1253	n
14106444	2415	1253	n
14106738	2415	1253	n
14106989	2414	1253	n
14107241	2415	1253	n
14107494	2415	1253	n
14117905	2414	1254	n
14118389	2415	1254	n
14118648	2414	1251	n
14118899	2415	1252	n
14119182	2415	1253	n
14119433	2415	1253	n
14119691	2415	1252	n
14130100	2415	1253	n
14130610	2415	1253	n
14130866	2415	1253	n
14131117	2415	1251	n
14131368	2415	1252	n
14131659	2414	1251	n
14142020	2415	1251	n
14142501	2414	1253	n
14142757	2414	1252	n
14143017	2414	1253	n
14143290	2414	1254	n
14143546	2414	1251	n
14153957	2415	1253	n
14154450	2412	1253	n
14154728	2415	1252	n
14154979	2415	1252	n
14155230	2415	1252	n
14155494	2416	1251	n
14155772	2413	1251	n
14166152	2416	1252	n
14166639	2414	1252	n
14166899	2413	1253	n
14167172	2415	1252	n
14167423	2414	1254	n
14167679	2415	1250	n
14178072	2413	1252	n
14178590	2413	1251	n
14178845	2411	1251	n
14179096	2413	1250	n
14179356	2414	1251	n
14179639	2413	1253	n
14190010	2414	1251	n
14190494	2413	1253	n
14190750	2413	1252	n
14191038	2413	1251	n
14191289	2413	1252	n
14191542	2415	1251	n
14191797	2415	1251	n
14202205	2415	1253	n
14202698	2411	1254	n
14202949	2413	1251	n
14203200	2415	1253	n
14203487	2414	1253	n
14203743	2414	1250	n
14214125	2413	1251	Time:00:00:00:00;;
14214801	2415	1253	n
14215052	2413	1251	n
14215303	2413	1254	n
14215556	2415	1250	n
14215812	2414	1251	n
14226182	2414	1253	n
14226433	2413	1252	n
14226691	2413	1253	n
14226942	2415	1251	n
14227194	2414	1252	n
14227445	2411	1251	n
14237826	2415	1253	n
14238077	2416	1254	n
14238328	2415	1251	n
14238583	2413	1253	n
14238838	2414	1251	n
14239090	2415	1251	n
14249523	2416	1252	n
14249779	2415	1253	n
14250030	2415	1253	n
14250281	2415	1252	n
14250535	2414	1253	n
14250791	2415	1252	n
14261217	2413	1251	n
14261468	2414	1252	n
14261724	2414	1252	n
14261975	2414	1253	n
14262226	2413	1253	n
14262477	2411	1251	n
14272844	2414	1253	n
14273095	2414	1253	n
14273346	2414	1250	n
14273600	2414	1253	n
14273856	2414	1252	n
14274107	2413	1251	n
14274358	2414	1252	n
14284750	2416	1253	n
14285001	2415	1253	n
14285252	2413	1253	n
14285505	2414	1253	n
14285761	2416	1253	n
14286012	2415	1251	n
14296390	2416	1254	n
14296649	2413	1254	n
14296900	2415	1251	n
14297151	2416	1252	n
14297402	2415	1251	n
14297658	2413	1253	n
14308034	2414	1252	n
14308285	2413	1251	n
14308538	2414	1251	n
14308793	2414	1250	n
14309045	2414	1251	n
14309296	2414	1251	n
14319733	2413	1251	n
14319985	2416	1252	n
14320236	2414	1251	n
14320491	2412	1251	n
14320747	2414	1251	n
14320998	2414	1250	n
14331425	2416	1253	n
14331681	2415	1253	n
14331932	2414	1254	n
14332183	2415	1255	n
14332434	2413	1253	n
14332691	2415	1253	n
14343051	2415	1253	n
14343302	2415	1253	n
14343555	2415	1251	n
14343810	2416	1253	n
14344061	2415	1253	n
14344313	2415	1254	n
14344566	2413	1251	n
14354954	2414	1252	n
14355205	2413	1254	n
14355456	2415	1251	n
14355712	2414	1251	n
14355963	2413	1252	n
14356214	2413	1253	n
14366600	2413	1252	n
14366855	2414	1253	n
14367106	2415	1252	n
14367358	2416	1254	n
14367611	2414	1252	n
14367866	2413	1250	n
14378241	2414	1251	n
14378494	2414	1253	n
14378750	2415	1254	n
14379001	2415	1253	n
14379252	2414	1252	n
14379505	2414	1251	n
14389936	2411	1250	n
14390187	2412	1252	n
14390439	2411	1251	n
14390699	2413	1253	n
14390950	2407	1251	n
14391201	2415	1253	n
14401636	2414	1252	n
14401888	2414	1253	n
14402139	2414	1251	n
14402390	2415	1252	n
14402649	2415	1251	n
14402900	2414	1254	n
14413259	2414	1251	n
14413515	2413	1252	n
14413770	2414	1253	n
14414021	2414	1252	n
14414272	2415	1252	n
14414530	2415	1251	n
14414785	2415	1253	n
14425161	2415	1251	n
14425412	2414	1251	n
14425668	2415	1253	n
14425919	2415	1253	n
14426170	2415	1254	n
14426421	2415	1253	n
14436805	2412	1253	n
14437056	2415	1251	n
14437307	2414	1253	n
14437563	2413	1252	n
14437819	2413	1252	n
14438070	2415	1253	n
14448449	2413	1253	n
14448704	2415	1252	n
14448955	2414	1250	n
14449207	2414	1249	n
14449458	2415	1251	n
14449713	2415	1251	n
14460144	2414	1255	n
14460395	2413	1253	n
14460653	2415	1253	n
14460904	2415	1254	n
14461156	2416	1252	n
14461407	2414	1250	n
14471840	2415	1251	n
14472091	2416	1254	n
14472342	2415	1255	n
14472598	2415	1253	n
14472853	2414	1253	n
14473104	2415	1253	n
14483466	2415	1253	n
14483721	2414	1252	n
14483972	2415	1254	n
14484224	2413	1251	n
14484475	2413	1251	n
14484734	2415	1252	n
14484986	2414	1251	n
14495369	2415	1253	n
14495628	2413	1252	n
14495879	2415	1253	n
14496130	2415	1254	n
14496382	2414	1253	n
14496639	2415	1253	n
14507012	2415	1254	n
14507263	2416	1254	n
14507518	2415	1253	n
14507774	2414	1251	n
14508025	2415	1252	n
14508276	2414	1251	n
14518660	2415	1253	n
14518911	2413	1253	n
14519162	2415	1254	n
14519413	2415	1253	n
14519669	2415	1253	n
14519920	2415	1256	n
14530351	2416	1253	n
14530608	2413	1253	n
14530863	2415	1252	n
14531114	2415	1254	n
14531365	2415	1253	n
14531627	2415	1251	n
14542047	2415	1253	n
14542298	2415	1253	n
14542552	2414	1252	n
14542808	2414	1250	n
14543059	2414	1252	n
14543310	2415	1253	n
14553678	2415	1254	n
14553929	2415	1253	n
14554180	2415	1253	n
14554431	2415	1253	n
14554691	2416	1251	n
14554942	2414	1253	n
14555194	2415	1253	n
14565581	2413	1251	n
14565836	2415	1250	n
14566087	2414	1251	n
14566338	2413	1252	n
14566591	2414	1251	n
14566847	2413	1251	n
14577220	2415	1251	n
14577471	2414	1252	n
14577727	2415	1252	n
14577979	2415	1250	n
14578230	2415	1254	n
14578482	2415	1252	n
14588864	2415	1253	n
14589115	2415	1251	n
14589366	2415	1252	n
14589626	2416	1253	n
14589877	2415	1251	n
14590128	2415	1251	n
14600563	2416	1254	n
14600818	2413	1252	n
14601070	2415	1252	n
14601321	2416	1254	n
14601574	2415	1251	n
14601830	2415	1254	n
14612255	2416	1253	n
14612508	2415	1253	n
14612763	2414	1251	n
14613014	2414	1253	n
14613265	2415	1252	n
14613522	2415	1253	n
14623951	2414	1253	n
14624202	2415	1254	n
14624453	2414	1253	n
14624708	2415	1250	n
14624960	2415	1253	n
14625211	2414	1253	n
14625462	2416	1253	n
14635870	2415	1253	n
14636121	2415	1251	n
14636372	2415	1253	n
14636629	2415	1251	n
14636880	2415	1253	n
14637132	2415	1253	n
14647518	2415	1253	n
14647774	2416	1253	n
14648025	2415	1253	n
14648276	2414	1252	n
14648532	2415	1253	n
14648787	2415	1253	n
14659209	2414	1251	n
14659461	2416	1253	n
14659716	2415	1252	n
14659967	2414	1252	n
14660218	2415	1251	n
14660470	2413	1254	n
14670852	2416	1251	n
14671104	2415	1251	n
14671355	2415	1253	n
14671608	2415	1253	n
14671863	2415	1250	n
14672114	2415	1252	n
14682552	2413	1251	n
14682807	2414	1254	n
14683058	2415	1252	n
14683309	2414	1254	n
14683566	2415	1251	n
14683821	2415	1254	n
14694227	2415	1254	n
14694478	2415	1253	n
14694734	2416	1251	n
14694985	2414	1253	n
14695236	2415	1251	n
14695491	2415	1252	n
14695747	2414	1251	n
14706164	2413	1251	n
14706415	2413	1253	n
14706670	2413	1251	n
14706921	2413	1251	n
14707172	2414	1251	n
14707424	2414	1252	n
14717807	2414	1251	n
14718058	2413	1254	n
14718309	2415	1254	n
14718566	2414	1251	n
14718822	2415	1253	n
14719073	2414	1253	n
14729504	2414	1251	n
14729760	2414	1253	n
14730011	2415	1252	n
14730262	2413	1252	n
14730519	2414	1251	n
14730774	2414	1253	n
14741198	2415	1254	n
14741449	2412	1253	n
14741705	2414	1252	n
14741956	2414	1250	n
14742207	2415	1253	n
14742458	2415	1251	n
14752842	2415	1253	n
14753093	2413	1251	n
14753344	2415	1253	n
14753600	2414	1251	n
14753856	2413	1253	n
14754107	2413	1253	n
14764521	2414	1253	n
14764775	2414	1253	n
14765026	2412	1252	n
14765277	2413	1251	n
14765532	2414	1252	n
14765787	2415	1251	n
14766038	2415	1254	n
14776457	2416	1253	n
14776713	2416	1252	n
14776964	2414	1254	n
14777215	2414	1254	n
14777466	2416	1252	n
14777722	2415	1253	n
14788101	2415	1250	n
14788352	2415	1253	n
14788607	2414	1251	n
14788863	2415	1252	n
14789114	2415	1253	n
14789365	2412	1251	n
14799796	2413	1251	n
14800048	2415	1252	n
14800299	2413	1252	n
14800555	2413	1251	n
14800811	2413	1251	n
14801062	2413	1251	n
14811494	2415	1251	n
14811750	2415	1253	n
14812001	2415	1254	n
14812252	2415	1252	n
14812505	2415	1253	n
14812760	2415	1253	n
14823119	2414	1251	n
14823370	2413	1251	n
14823628	2415	1252	n
14823879	2415	1253	n
14824131	2416	1253	n
14824382	2415	1251	n
14824639	2415	1250	n
14835021	2413	1253	n
14835272	2415	1252	n
14835529	2414	1253	n
14835785	2415	1252	n
14836036	2414	1253	n
14836287	2413	1253	n
14846669	2413	1251	n
14846920	2413	1252	n
14847172	2414	1253	n
14847423	2412	1252	n
14847678	2413	1251	n
14847930	2414	1251	n
14858309	2413	1253	n
14858564	2415	1251	n
14858819	2415	1253	n
14859070	2415	1251	n
14859321	2416	1252	n
14859574	2415	1253	n
14870004	2416	1253	n
14870255	2416	1253	n
14870512	2416	1254	n
14870768	2415	1252	n
14871019	2415	1252	n
14871270	2415	1253	n
14881704	2413	1253	n
14881955	2415	1254	n
14882206	2416	1251	n
14882457	2416	1253	n
14882712	2414	1252	n
14882963	2414	1251	n
14893326	2414	1251	n
14893581	2414	1251	n
14893836	2414	1252	n
14894087	2414	1251	n
14894339	2415	1251	n
14894592	2413	1251	n
14894848	2414	1251	n
14905229	2415	1254	n
14905481	2415	1253	n
14905736	2414	1254	n
14905988	2416	1253	n
14906239	2416	1254	n
14906495	2416	1253	n
14916872	2415	1254	n
14917123	2413	1253	n
14917374	2415	1254	n
14917631	2415	1251	n
14917883	2415	1255	n
14918134	2415	1254	n
14928522	2413	1251	n
14928777	2414	1251	n
14929028	2415	1251	n
14929279	2414	1252	n
14929536	2415	1251	n
14929791	2415	1252	n
14940211	2415	1251	n
14940462	2416	1252	n
14940718	2414	1251	n
14940969	2416	1254	n
14941221	2415	1251	n
14941472	2414	1253	n
14951907	2415	1252	n
14952158	2414	1252	n
14952409	2414	1252	n
14952665	2415	1254	n
14952916	2416	1253	n
14953167	2416	1253	n
14963539	2414	1253	n
14963794	2416	1252	n
14964045	2414	1251	n
14964296	2416	1253	n
14964553	2415	1251	n
14964809	2413	1252	n
14965060	2413	1253	n
14975436	2413	1252	n
14975693	2414	1250	n
14975944	2413	1253	n
14976195	2414	1251	n
14976447	2410	1253	n
14976702	2416	1251	n
14987080	2415	1251	n
14987514	2415	1251	n
14987779	2414	1251	n
14988052	2414	1253	n
14988304	2415	1253	n
14988557	2414	1251	n
14998947	2415	1253	n
14999456	2415	1252	n
14999711	2415	1251	n
14999962	2415	1253	n
15000214	2415	1253	n
15000502	2414	1252	n
15010902	2415	1253	Time:00:00:00:00;;
15011594	2413	1253	n
15011881	2414	1253	n
15012132	2415	1251	n
15012383	2414	1253	n
15012645	2415	1253	n
15023097	2413	1251	n
15023586	2414	1252	n
15023842	2412	1251	n
15024093	2413	1251	n
15024375	2413	1251	n
15024632	2413	1251	n
15035052	2413	1251	n
15035532	2413	1252	n
15035816	2413	1253	n
15036067	2415	1252	n
15036319	2416	1252	n
15036573	2415	1254	n
15036859	2414	1252	n
15047282	2414	1251	n
15047770	2414	1254	n
15048021	2413	1253	n
15048303	2415	1253	n
15048556	2415	1252	n
15048812	2415	1251	n
15059236	2415	1252	n
15059732	2413	1253	Time:00:00:00:00;;
15060222	2415	1252	n
15060473	2413	1252	n
15060738	2414	1253	n
15061012	2414	1252	n
15071432	2413	1251	n
15071916	2414	1251	n
15072175	2414	1251	n
15072449	2413	1253	n
15072704	2414	1251	n
15072956	2413	1253	n
15083318	2415	1252	n
15083835	2416	1253	n
15084086	2415	1252	n
15084337	2416	1253	n
15084599	2415	1252	n
15084877	2413	1253	n
15095255	2414	1252	n
15095738	2412	1251	n
15095989	2413	1252	n
15096271	2415	1253	n
15096524	2412	1252	n
15096779	2414	1250	n
15097030	2411	1251	n
15107498	2414	1252	n
15107985	2414	1252	n
15108236	2413	1252	n
15108499	2414	1251	n
15108777	2411	1252	n
15109028	2415	1251	n
15119439	2415	1253	n
15119924	2416	1252	n
15120206	2416	1253	n
15120458	2415	1254	n
15120713	2416	1254	n
15120964	2415	1253	n
15131400	2413	1251	n
15131883	2415	1251	n
15132135	2414	1253	n
15132386	2415	1253	n
15132676	2416	1251	n
15132927	2415	1253	n
15133179	2414	1253	n
15143539	2413	1251	n
15144027	2411	1252	n
15144303	2413	1252	n
15144556	2413	1250	n
15144811	2411	1251	n
15145071	2413	1253	n
15155494	2415	1252	n
15155981	2414	1251	n
15156232	2413	1253	n
15156498	2413	1253	n
15156775	2413	1253	n
15157026	2413	1251	n
15167446	2413	1251	n
15167938	2413	1251	n
15168211	2414	1253	n
15168462	2416	1250	n
15168718	2415	1251	n
15168978	2413	1253	n
15169252	2414	1253	n
15179681	2416	1254	n
15180161	2415	1251	n
15180421	2413	1254	n
15180700	2414	1252	n
15180951	2416	1253	n
15181203	2414	1253	n
15191635	2415	1250	n
15192150	2414	1253	n
15192401	2413	1251	n
15192659	2413	1251	n
15192919	2412	1251	n
15193192	2413	1250	n
15203585	2414	1252	n
15204066	2411	1253	n
15204326	2415	1252	n
15204605	2411	1254	n
15204860	2414	1253	n
15205112	2414	1251	n
15205372	2414	1251	n
15215815	2414	1254	Time:00:00:00:00;;
15216438	2414	1255	n
15216699	2415	1253	n
15216950	2415	1251	n
15217201	2415	1254	n
15227565	2414	1251	n
15227820	2414	1251	n
15228071	2414	1252	n
15228322	2414	1251	n
15228576	2413	1254	n
15228831	2412	1251	n
15239206	2414	1252	n
15239457	2415	1252	n
15239712	2414	1251	n
15239963	2413	1251	n
15240214	2415	1252	n
15240465	2414	1253	n
15250885	2414	1254	n
15251136	2414	1252	n
15251387	2413	1252	n
15251645	2415	1253	n
15251896	2414	1252	n
15252147	2414	1252	n
15252398	2413	1252	n
15262821	2414	1251	n
15263072	2414	1253	n
15263323	2415	1252	n
15263576	2414	1251	n
15263832	2415	1253	n
15264083	2415	1251	n
15274465	2414	1251	n
15274720	2414	1251	n
15274971	2414	1251	n
15275222	2414	1251	n
15275474	2415	1251	n
15275735	2413	1253	n
15286160	2413	1251	n
15286411	2413	1251	n
15286667	2415	1252	n
15286918	2413	1251	n
15287170	2411	1252	n
15287421	2413	1253	n
15297856	2415	1253	n
15298107	2416	1253	n
15298358	2414	1251	n
15298615	2415	1252	n
15298871	2415	1251	n
15299122	2415	1251	n
15309487	2415	1251	n
15309742	2415	1254	n
15309994	2416	1253	n
15310245	2414	1253	n
15310502	2414	1252	n
15310757	2416	1253	n
15311008	2415	1254	n
15321385	2415	1253	n
15321644	2414	1252	n
15321896	2414	1250	n
15322147	2413	1251	n
15322398	2415	1251	n
15322658	2413	1250	n
15333029	2414	1252	n
15333280	2414	1253	n
15333535	2413	1251	n
15333790	2415	1251	n
15334041	2413	1252	n
15334293	2415	1255	n
15344676	2414	1254	n
15344927	2416	1251	n
15345179	2415	1253	n
15345430	2415	1253	n
15345686	2415	1253	n
15345937	2416	1254	n
15356367	2415	1253	n
15356629	2413	1251	n
15356880	2414	1254	n
15357131	2415	1252	n
15357382	2415	1252	n
15357640	2415	1253	n
15368063	2414	1251	n
15368314	2416	1253	n
15368569	2414	1254	n
15368825	2415	1253	n
15369076	2415	1252	n
15369328	2414	1253	n
15379692	2415	1254	n
15379943	2415	1251	n
15380194	2412	1251	n
15380445	2413	1252	n
15380702	2413	1252	n
15380953	2415	1252	n
15381204	2413	1251	n
15391598	2415	1253	n
15391853	2415	1253	n
15392104	2415	1254	n
15392355	2416	1252	n
15392609	2415	1253	n
15392864	2415	1253	n
15403236	2413	1250	n
15403491	2415	1253	n
15403747	2415	1254	n
15403998	2414	1253	n
15404249	2413	1251	n
15404504	2411	1249	n
15414880	2415	1252	n
15415131	2413	1253	n
15415382	2414	1252	n
15415639	2414	1250	n
15415890	2414	1253	n
15416141	2412	1251	n
15426581	2414	1251	n
15426836	2415	1253	n
15427088	2412	1250	n
15427339	2415	1253	n
15427592	2414	1253	n
15427847	2413	1251	n
15438271	2415	1253	n
15438524	2415	1254	n
15438779	2415	1253	n
15439030	2415	1254	n
15439281	2415	1253	n
15439539	2414	1253	n
15449967	2411	1251	n
15450218	2415	1251	n
15450469	2412	1252	n
15450725	2414	1250	n
15450976	2411	1253	n
15451227	2415	1252	n
15451479	2412	1251	n
15461886	2415	1253	n
15462137	2415	1253	n
15462388	2414	1251	n
15462649	2415	1253	n
15462900	2415	1251	n
15463151	2415	1251	n
15473536	2413	1252	n
15473791	2413	1251	n
15474042	2413	1253	n
15474293	2414	1254	n
15474550	2414	1253	n
15474805	2415	1252	n
15485225	2413	1251	n
15485477	2414	1252	n
15485734	2414	1251	n
15485985	2413	1253	n
15486236	2415	1253	n
15486491	2413	1252	n
15496869	2415	1252	n
15497120	2413	1251	n
15497372	2414	1251	n
15497629	2414	1250	n
15497880	2414	1252	n
15498131	2414	1251	n
15508569	2413	1251	n
15508825	2414	1253	n
15509076	2415	1251	n
15509327	2414	1251	n
15509584	2415	1252	n
15509839	2414	1252	n
15520244	2415	1253	n
15520498	2414	1250	n
15520754	2414	1253	n
15521005	2414	1252	n
15521256	2415	1250	n
15521512	2415	1254	n
15521768	2414	1253	n
15532180	2415	1253	n
15532431	2414	1250	n
15532691	2415	1253	n
15532943	2414	1253	n
15533194	2411	1251	n
15533445	2410	1252	n
15543824	2413	1253	n
15544075	2414	1252	n
15544326	2414	1251	n
15544581	2414	1251	n
15544836	2413	1252	n
15545088	2413	1252	n
15555521	2415	1251	n
15555777	2414	1251	n
15556028	2414	1253	n
15556279	2414	1252	n
15556536	2414	1251	n
15556791	2415	1252	n
15567215	2414	1251	n
15567466	2416	1253	n
15567722	2414	1253	n
15567973	2414	1251	n
15568224	2414	1253	n
15568475	2415	1253	n
15578858	2414	1254	n
15579109	2415	1251	n
15579360	2415	1253	n
15579615	2414	1251	n
15579870	2412	1253	n
15580121	2414	1251	n
15590537	2413	1252	n
15590792	2411	1253	n
15591043	2413	1251	n
15591294	2412	1252	n
15591549	2411	1251	n
15591804	2414	1251	n
15592055	2411	1251	n
15602474	2414	1251	n
15602734	2415	1252	n
15602985	2414	1255	n
15603236	2413	1252	n
15603491	2415	1251	n
15603746	2414	1251	n
15614117	2411	1251	n
15614368	2414	1251	n
15614629	2411	1252	n
15614880	2415	1253	n
15615131	2414	1251	n
15615382	2413	1252	n
15625812	2415	1250	n
15626063	2413	1253	n
15626315	2413	1250	n
15626569	2413	1251	n
15626825	2412	1250	n
15627076	2412	1251	n
15637512	2412	1253	n
15637767	2414	1252	n
15638019	2413	1252	n
15638270	2414	1250	n
15638523	2413	1251	n
15638778	2414	1253	n
15649135	2414	1251	n
15649386	2413	1251	n
15649644	2414	1251	n
15649895	2414	1251	n
15650146	2414	1251	n
15650397	2415	1252	n
15650658	2413	1255	n
15661037	2415	1251	n
15661288	2415	1253	n
15661541	2415	1253	n
15661797	2415	1253	n
15662048	2414	1252	n
15662299	2413	1251	n
15672685	2414	1254	n
15672936	2414	1253	n
15673187	2414	1252	n
15673439	2413	1251	n
15673699	2414	1251	n
15673950	2413	1251	n
15684325	2415	1251	n
15684581	2415	1251	n
15684836	2414	1252	n
15685087	2415	1254	n
15685338	2414	1253	n
15685592	2415	1251	n
15696020	2415	1253	n
15696271	2415	1253	n
15696524	2414	1251	n
15696779	2415	1251	n
15697031	2415	1251	n
15697282	2415	1252	n
15707716	2414	1252	n
15707967	2415	1253	n
15708218	2415	1251	n
15708469	2414	1252	n
15708725	2414	1251	n
15708976	2413	1251	n
15719343	2413	1253	n
15719598	2413	1253	n
15719853	2414	1253	n
15720104	2414	1253	n
15720355	2413	1253	n
15720609	2415	1252	n
15720864	2415	1251	n
15731245	2416	1253	n
15731501	2413	1252	n
15731756	2412	1251	n
15732007	2415	1251	n
15732259	2414	1252	n
15732515	2413	1251	n
15742889	2414	1253	n
15743140	2415	1252	n
15743391	2415	1253	n
15743653	2413	1254	n
15743904	2416	1253	n
15744155	2414	1253	n
15754535	2415	1253	n
15754791	2415	1251	n
15755042	2416	1252	n
15755293	2416	1254	n
15755550	2415	1251	n
15755805	2415	1253	n
15766227	2414	1252	n
15766479	2413	1252	n
15766735	2415	1253	n
15766987	2414	1253	n
15767238	2415	1253	n
15767494	2414	1253	n
15777923	2414	1252	n
15778174	2415	1253	n
15778425	2415	1254	n
15778681	2415	1251	n
15778932	2413	1251	n
15779184	2415	1251	n
15789551	2414	1251	n
15789806	2415	1253	n
15790058	2414	1250	n
15790309	2414	1252	n
15790564	2415	1252	n
15790819	2415	1253	n
15791070	2416	1253	n
15801452	2413	1253	n
15801708	2414	1253	n
15801959	2413	1254	n
15802210	2414	1249	n
15802461	2414	1251	n
15802717	2411	1253	n
15813096	2415	1252	n
15813347	2416	1252	n
15813601	2414	1251	n
15813856	2414	1253	n
15814107	2415	1251	n
15814358	2415	1253	n
15824744	2414	1252	n
15824995	2415	1253	n
15825246	2414	1251	n
15825501	2414	1253	n
15825757	2414	1253	n
15826008	2415	1252	n
15836435	2415	1253	n
15836692	2414	1252	n
15836944	2414	1253	n
15837195	2414	1252	n
15837446	2414	1251	n
15837702	2414	1251	n
15848131	2413	1251	n
15848382	2413	1251	n
15848639	2413	1251	n
15848890	2413	1252	n
15849141	2414	1251	n
15849392	2412	1251	n
15859758	2413	1252	n
15860009	2414	1251	n
15860260	2413	1253	n
15860515	2413	1251	n
15860770	2414	1252	n
15861021	2414	1253	n
15861272	2415	1251	n
15871665	2415	1252	n
15871916	2413	1253	n
15872167	2414	1253	n
15872418	2414	1252	n
15872673	2415	1253	n
15872925	2415	1252	n
15883304	2413	1253	n
15883557	2414	1252	n
15883813	2414	1251	n
15884064	2415	1251	n
15884315	2415	1251	n
15884570	2416	1251	n
15894947	2413	1251	n
15895198	2413	1250	n
15895449	2411	1251	n
15895705	2414	1251	n
15895956	2414	1251	n
15896207	2414	1251	n
15906647	2411	1251	n
15906898	2414	1252	n
15907149	2413	1252	n
15907400	2411	1251	n
15907658	2412	1251	n
15907909	2412	1251	n
15918338	2415	1253	n
15918591	2413	1251	n
15918846	2413	1254	n
15919098	2414	1252	n
15919349	2413	1252	n
15919604	2414	1251	n
15929965	2413	1253	n
15930216	2414	1251	n
15930467	2415	1253	n
15930722	2415	1251	n
15930973	2413	1253	n
15931225	2411	1253	n
15931476	2415	1254	n
15941867	2413	1253	n
15942118	2415	1251	n
15942369	2414	1254	n
15942628	2414	1253	n
15942879	2411	1253	n
15943130	2411	1253	n
15953515	2413	1254	n
15953770	2414	1251	n
15954021	2415	1251	n
15954272	2414	1251	n
15954529	2413	1251	n
15954785	2414	1253	n
15965155	2414	1251	n
15965406	2414	1251	n
15965662	2412	1253	n
15965913	2415	1251	n
15966164	2414	1251	n
15966415	2413	1253	n
15976850	2413	1250	n
15977101	2414	1251	n
15977353	2414	1253	n
15977607	2414	1253	n
15977862	2415	1253	n
15978114	2414	1251	n
15988549	2414	1251	n
15989038	2413	1251	n
15989289	2414	1251	n
15989542	2414	1251	n
15989805	2413	1251	n
15990079	2414	1253	n
15990330	2413	1251	n
16000695	2414	1253	n
16001171	2413	1251	n
16001453	2410	1254	n
16001708	2413	1250	n
16001960	2414	1252	n
16002211	2413	1251	n
16012666	2414	1251	Time:00:00:00:00;;
16013366	2413	1253	n
16013626	2415	1251	n
16013886	2413	1251	n
16014159	2415	1253	n
16024547	2411	1251	n
16025027	2414	1250	n
16025286	2414	1249	n
16025566	2414	1251	n
16025821	2414	1251	n
16026073	2414	1251	n
16026333	2415	1249	n
16036755	2414	1253	n
16037231	2413	1253	n
16037487	2413	1253	n
16037752	2414	1253	n
16038025	2415	1253	n
16038277	2413	1253	n
16048684	2414	1251	n
16049170	2414	1251	n
16049443	2413	1254	n
16049699	2415	1251	n
16049950	2414	1251	n
16050210	2414	1253	n
16060609	2413	1252	Time:00:00:00:00;;
16061306	2413	1251	n
16061559	2414	1251	n
16061843	2414	1252	n
16062094	2415	1253	n
16062345	2413	1251	n
16072760	2413	1251	n
16073245	2413	1251	n
16073521	2413	1253	n
16073777	2411	1251	n
16074028	2413	1251	n
16074286	2414	1251	n
16084698	2414	1253	n
16085175	2412	1252	n
16085426	2413	1251	n
16085691	2414	1251	n
16085964	2411	1251	n
16086215	2413	1250	n
16086466	2414	1252	n
16096859	2411	1252	n
16097368	2415	1253	n
16097629	2414	1253	n
16097880	2415	1253	n
16098140	2413	1253	n
16098414	2414	1253	n
16108812	2415	1251	n
16109294	2415	1252	n
16109558	2415	1253	n
16109836	2414	1253	n
16110087	2415	1252	n
16110338	2412	1253	n
16120750	2414	1252	n
16121258	2414	1251	n
16121515	2414	1250	n
16121770	2413	1251	n
16122030	2413	1251	n
16122304	2413	1251	n
16122558	2413	1251	n
16132997	2413	1251	n
16133487	2413	1253	n
16133765	2413	1250	n
16134016	2414	1250	n
16134267	2413	1250	n
16134530	2412	1251	n
16144960	2413	1253	n
16145437	2415	1252	n
16145698	2414	1251	n
16145950	2414	1254	n
16146232	2414	1251	n
16146487	2416	1251	n
16156872	2412	1250	n
16157354	2413	1251	n
16157644	2412	1252	n
16157895	2414	1251	n
16158146	2413	1250	n
16158398	2412	1250	n
16158685	2413	1251	n
16169050	2414	1251	n
16169532	2414	1253	n
16169787	2414	1251	n
16170046	2414	1251	n
16170320	2413	1251	n
16170573	2413	1251	n
16181004	2414	1251	n
16181501	2415	1252	n
16181779	2413	1251	n
16182030	2415	1250	n
16182281	2413	1251	n
16182546	2415	1252	n
16192994	2416	1251	n
16193477	2414	1252	n
16193734	2413	1253	n
16193994	2414	1251	n
16194267	2414	1251	n
16194521	2415	1252	n
16194777	2415	1253	n
16205189	2414	1250	n
16205704	2415	1254	n
16205955	2413	1251	n
16206206	2413	1251	n
16206466	2414	1251	n
16206743	2413	1253	n
16217125	2413	1251	Time:00:00:00:00;;
16217735	2415	1250	n
16217986	2413	1253	n
16218237	2415	1251	n
16218494	2413	1251	n
16218750	2412	1251	n
16229166	2413	1251	n
16229417	2413	1253	n
16229673	2415	1253	n
16229924	2414	1250	n
16230175	2414	1251	n
16230426	2414	1251	n
16240810	2415	1253	n
16241061	2414	1251	n
16241312	2414	1254	n
16241566	2413	1251	n
16241821	2411	1251	n
16242073	2415	1253	n
16252507	2414	1251	n
16252763	2415	1251	n
16253014	2414	1251	n
16253265	2413	1251	n
16253522	2414	1252	n
16253777	2411	1251	n
16264201	2414	1253	n
16264452	2413	1251	n
16264708	2413	1252	n
16264959	2413	1251	n
16265210	2413	1252	n
16265461	2415	1250	n
16275845	2413	1253	n
16276096	2415	1253	n
16276347	2413	1252	n
16276601	2415	1253	n
16276856	2413	1251	n
16277107	2415	1252	n
16287524	2411	1252	n
16287779	2412	1249	n
16288030	2411	1254	n
16288281	2411	1251	n
16288536	2412	1250	n
16288791	2415	1249	n
16289042	2413	1251	n
16299460	2415	1253	n
16299716	2412	1249	n
16299967	2413	1250	n
16300218	2414	1249	n
16300469	2413	1251	n
16300725	2413	1251	n
16311104	2415	1250	n
16311355	2414	1253	n
16311608	2413	1251	n
16311863	2413	1253	n
16312114	2413	1251	n
16312366	2413	1251	n
16322799	2413	1251	n
16323050	2413	1252	n
16323301	2413	1249	n
16323555	2416	1251	n
16323810	2412	1251	n
16324062	2413	1251	n
16334499	2413	1251	n
16334754	2414	1251	n
16335005	2413	1251	n
16335256	2414	1253	n
16335512	2415	1253	n
16335768	2414	1251	n
16346191	2414	1253	n
16346442	2414	1251	n
16346699	2414	1253	n
16346950	2415	1253	n
16347202	2415	1253	n
16347453	2413	1252	n
16347708	2414	1252	n
16358110	2415	1251	n
16358361	2414	1253	n
16358622	2414	1252	n
16358873	2414	1253	n
16359124	2415	1254	n
16359375	2413	1252	n
16369758	2416	1251	n
16370009	2414	1252	n
16370260	2415	1253	n
16370515	2413	1253	n
16370771	2414	1251	n
16371022	2415	1251	n
16381380	2413	1251	n
16381639	2413	1251	n
16381890	2414	1250	n
16382141	2414	1251	n
16382392	2414	1251	n
16382653	2414	1250	n
16393092	2415	1251	n
16393343	2413	1252	n
16393601	2413	1253	n
16393856	2413	1251	n
16394107	2413	1252	n
16394358	2414	1250	n
16404788	2414	1251	n
16405039	2415	1253	n
16405290	2415	1254	n
16405546	2415	1251	n
16405801	2415	1252	n
16406053	2415	1252	n
16416467	2414	1253	n
16416722	2411	1251	n
16416973	2413	1252	n
16417224	2413	1252	n
16417475	2413	1251	n
16417734	2413	1250	n
16417985	2414	1250	n
16428404	2414	1251	n
16428660	2413	1251	n
16428911	2414	1253	n
16429162	2413	1253	n
16429414	2413	1253	n
16429669	2413	1252	n
16440047	2413	1252	n
16440298	2414	1251	n
16440552	2415	1253	n
16440808	2411	1251	n
16441059	2415	1253	n
16441310	2413	1250	n
16451744	2414	1253	n
16451995	2415	1254	n
16452246	2415	1251	n
16452501	2413	1250	n
16452756	2413	1252	n
16453008	2413	1251	n
16463369	2413	1252	n
16463628	2413	1251	n
16463879	2413	1252	n
16464130	2413	1250	n
16464382	2411	1251	n
16464639	2415	1251	n
16474996	2412	1251	n
16475247	2414	1250	n
16475501	2414	1251	n
16475757	2413	1253	n
16476008	2413	1253	n
16476259	2414	1252	n
16486675	2413	1252	n
16486926	2413	1253	n
16487177	2413	1251	n
16487428	2413	1251	n
16487684	2414	1250	n
16487935	2414	1251	n
16488187	2415	1251	n
16498615	2413	1254	n
16498870	2413	1253	n
16499121	2414	1251	n
16499373	2413	1254	n
16499630	2414	1251	n
16499881	2414	1253	n
16510255	2413	1251	n
16510508	2413	1251	n
16510763	2413	1249	n
16511014	2413	1251	n
16511265	2413	1251	n
16511522	2413	1251	n
16521950	2413	1251	n
16522202	2412	1251	n
16522453	2411	1251	n
16522708	2413	1251	n
16522959	2413	1252	n
16523210	2415	1253	n
16533580	2414	1252	n
16533836	2414	1251	n
16534087	2414	1250	n
16534338	2414	1252	n
16534591	2414	1251	n
16534846	2415	1254	n
16545203	2414	1254	n
16545454	2411	1253	n
16545709	2413	1251	n
16545960	2413	1251	n
16546211	2413	1252	n
16546462	2415	1252	n
16556882	2414	1253	n
16557133	2414	1252	n
16557384	2413	1251	n
16557644	2414	1252	n
16557895	2414	1250	n
16558146	2415	1251	n
16558397	2415	1251	n
16568819	2413	1251	n
16569070	2413	1253	n
16569321	2413	1251	n
16569574	2415	1252	n
16569830	2413	1250	n
16570081	2413	1251	n
16580462	2416	1250	n
16580717	2414	1253	n
16580968	2415	1252	n
16581219	2415	1252	n
16581470	2411	1252	n
16581727	2415	1253	n
16592157	2414	1253	n
16592408	2415	1252	n
16592664	2415	1252	n
16592915	2414	1251	n
16593166	2415	1251	n
16593418	2413	1254	n
16603784	2413	1253	n
16604036	2412	1253	n
16604287	2414	1253	n
16604540	2415	1253	n
16604795	2415	1253	n
16605047	2415	1251	n
16615411	2414	1250	n
16615666	2413	1253	n
16615918	2413	1251	n
16616169	2414	1251	n
16616420	2414	1253	n
16616676	2412	1253	n
16627090	2415	1251	n
16627341	2414	1253	n
16627594	2415	1251	n
16627849	2413	1253	n
16628100	2414	1252	n
16628351	2414	1252	n
16628608	2415	1252	n
16639026	2415	1252	n
16639277	2414	1251	n
16639532	2413	1254	n
16639787	2414	1253	n
16640038	2415	1253	n
16640289	2414	1253	n
16650674	2414	1253	n
16650925	2415	1251	n
16651177	2415	1251	n
16651428	2413	1250	n
16651684	2412	1249	n
16651935	2413	1251	n
16662365	2413	1251	n
16662626	2414	1253	n
16662877	2413	1251	n
16663128	2413	1251	n
16663380	2414	1252	n
16663639	2414	1252	n
16674061	2414	1252	n
16674312	2414	1251	n
16674566	2414	1253	n
16674821	2415	1251	n
16675072	2413	1251	n
16675324	2415	1253	n
16685707	2416	1252	n
16685958	2416	1251	n
16686209	2411	1251	n
16686460	2416	1249	n
16686716	2413	1252	n
16686967	2413	1252	n
16697384	2415	1253	n
16697644	2413	1252	n
16697895	2415	1250	n
16698147	2414	1251	n
16698398	2413	1251	n
16698658	2413	1253	n
16698910	2411	1251	n
16709320	2415	1253	n
16709573	2413	1252	n
16709828	2414	1252	n
16710079	2413	1253	n
16710330	2414	1251	n
16710587	2414	1251	n
16720964	2413	1251	n
16721215	2415	1252	n
16721466	2415	1252	n
16721721	2414	1251	n
16721972	2415	1252	n
16722224	2414	1251	n
16732664	2415	1251	n
16732915	2413	1251	n
16733166	2411	1251	n
16733417	2413	1251	n
16733673	2413	1250	n
16733924	2412	1251	n
16744355	2413	1251	n
16744608	2412	1250	n
16744863	2414	1251	n
16745114	2414	1251	n
16745366	2413	1251	n
16745626	2413	1251	n
16756051	2416	1252	n
16756302	2413	1253	n
16756555	2413	1252	n
16756810	2412	1253	n
16757062	2415	1251	n
16757313	2416	1253	n
16757566	2414	1253	n
16767970	2414	1252	n
16768221	2415	1254	n
16768472	2415	1251	n
16768729	2414	1251	n
16768980	2412	1254	n
16769231	2415	1251	n
16779621	2414	1253	n
16779872	2415	1253	n
16780123	2414	1251	n
16780374	2411	1251	n
16780631	2413	1251	n
16780882	2413	1251	n
16791240	2414	1251	n
16791494	2413	1251	n
16791749	2415	1251	n
16792001	2413	1252	n
16792252	2414	1251	n
16792505	2415	1251	n
16802866	2414	1253	n
16803117	2414	1253	n
16803368	2414	1251	n
16803628	2413	1253	n
16803880	2414	1252	n
16804131	2414	1253	n
16814565	2413	1251	n
16814820	2413	1250	n
16815071	2415	1251	n
16815322	2414	1252	n
16815576	2415	1251	n
16815831	2414	1251	n
16826189	2414	1253	n
16826440	2411	1251	n
16826698	2416	1253	n
16826949	2412	1251	n
16827200	2414	1252	n
16827451	2413	1253	n
16827707	2413	1251	n
16838091	2415	1251	n
16838342	2414	1252	n
16838598	2413	1251	n
16838853	2414	1253	n
16839104	2414	1251	n
16839355	2413	1253	n
16849739	2415	1252	n
16849990	2415	1251	n
16850242	2416	1252	n
16850498	2416	1254	n
16850754	2415	1251	n
16851005	2414	1252	n
16861379	2415	1250	n
16861639	2414	1251	n
16861890	2414	1252	n
16862141	2413	1251	n
16862392	2414	1250	n
16862653	2415	1250	n
16873074	2414	1251	n
16873325	2413	1251	n
16873581	2413	1251	n
16873836	2413	1251	n
16874087	2412	1252	n
16874338	2413	1251	n
16884770	2415	1252	n
16885021	2415	1251	n
16885272	2413	1251	n
16885525	2413	1251	n
16885780	2413	1252	n
16886031	2413	1251	n
16896396	2413	1253	n
16896654	2413	1252	n
16896905	2413	1253	n
16897156	2413	1251	n
16897407	2414	1251	n
16897663	2412	1254	n
16897914	2414	1253	n
16908299	2413	1251	n
16908556	2411	1251	n
16908811	2411	1251	n
16909062	2414	1251	n
16909313	2413	1251	n
16909570	2412	1251	n
16919942	2414	1251	n
16920193	2414	1252	n
16920444	2411	1252	n
16920701	2414	1253	n
16920952	2414	1253	n
16921203	2413	1253	n
16931590	2415	1251	n
16931845	2415	1252	n
16932096	2415	1251	n
16932347	2413	1251	n
16932601	2415	1251	n
16932856	2414	1251	n
16943281	2415	1253	n
16943539	2414	1253	n
16943794	2414	1253	n
16944045	2415	1253	n
16944296	2414	1253	n
16944553	2416	1251	n
16954977	2414	1251	n
16955228	2414	1251	n
16955480	2413	1250	n
16955736	2414	1252	n
16955988	2413	1250	n
16956239	2415	1252	n
16966604	2414	1251	n
16966859	2414	1254	n
16967110	2413	1252	n
16967361	2415	1250	n
16967622	2415	1251	n
16967873	2413	1253	n
16968124	2413	1253	n
16978508	2414	1251	n
16978764	2415	1253	n
16979015	2415	1253	n
16979266	2413	1253	n
16979521	2414	1251	n
16979777	2414	1253	n
16990150	2413	1253	n
16990632	2415	1251	n
16990892	2415	1251	n
16991165	2415	1253	n
16991416	2414	1254	n
16991672	2415	1252	n
17002104	2414	1251	n
17002622	2414	1253	n
17002873	2414	1251	n
17003124	2415	1251	n
17003384	2413	1251	n
17003666	2414	1253	n
17014041	2413	1251	Time:00:00:00:00;;
17014738	2413	1251	n
17015020	2413	1251	n
17015271	2413	1251	n
17015524	2415	1252	n
17015779	2414	1251	n
17026167	2415	1254	n
17026659	2413	1254	n
17026910	2415	1250	n
17027161	2413	1252	n
17027420	2414	1253	n
17027699	2415	1253	n
17038122	2414	1253	n
17038601	2413	1252	n
17038865	2414	1251	n
17039139	2416	1251	n
17039390	2414	1252	n
17039648	2411	1252	n
17039908	2413	1253	n
17050352	2414	1251	n
17050837	2413	1252	n
17051088	2413	1251	n
17051348	2414	1253	n
17051630	2413	1252	n
17051881	2414	1253	n
17062306	2414	1253	Time:00:00:00:00;;
17063016	2415	1254	n
17063289	2413	1250	n
17063546	2414	1253	n
17063810	2414	1251	n
17064083	2414	1251	n
17074504	2414	1251	n
17074986	2413	1251	n
17075245	2414	1251	n
17075521	2414	1253	n
17075777	2415	1251	n
17076028	2413	1253	n
17086388	2412	1251	n
17086904	2413	1253	n
17087155	2415	1251	n
17087406	2413	1251	n
17087670	2414	1250	n
17087943	2413	1251	n
17098325	2413	1251	n
17098812	2415	1251	n
17099063	2414	1253	n
17099345	2415	1254	n
17099601	2411	1251	n
17099856	2413	1251	n
17100107	2414	1252	n
17110557	2413	1252	n
17111052	2414	1253	n
17111303	2412	1253	n
17111556	2415	1252	n
17111841	2414	1250	n
17112092	2415	1252	n
17122515	2414	1251	n
17122996	2413	1250	n
17123279	2414	1252	n
17123536	2414	1253	n
17123791	2414	1253	n
17124042	2412	1251	n
17134463	2415	1251	n
17134952	2413	1253	n
17135204	2413	1251	n
17135455	2415	1253	n
17135719	2412	1251	n
17135992	2413	1253	n
17136244	2414	1251	n
17146609	2416	1251	n
17147100	2413	1251	n
17147373	2413	1251	n
17147630	2413	1253	n
17147881	2413	1251	n
17148141	2414	1251	n
17158573	2415	1251	n
17159059	2414	1251	n
17159310	2415	1253	n
17159575	2414	1251	n
17159853	2415	1251	n
17160104	2414	1253	n
17170522	2414	1251	n
17171014	2413	1251	n
17171287	2412	1251	n
17171541	2413	1249	n
17171796	2413	1251	n
17172056	2414	1250	n
17172329	2413	1251	n
17182751	2413	1253	n
17183233	2413	1251	n
17183498	2413	1251	n
17183777	2415	1253	n
17184028	2414	1253	n
17184279	2413	1253	n
17194705	2414	1250	n
17195219	2415	1253	n
17195470	2414	1251	n
17195727	2415	1251	n
17195987	2414	1253	n
17196260	2415	1252	n
17206659	2415	1252	n
17207137	2416	1251	n
17207397	2415	1251	n
17207680	2414	1252	n
17207931	2413	1251	n
17208183	2415	1254	n
17208442	2412	1251	n
17218885	2413	1251	Time:00:00:00:00;;
17219463	2416	1251	n
17219719	2414	1251	n
17219970	2411	1251	n
17220222	2411	1254	n
17230636	2415	1251	n
17230888	2414	1250	n
17231139	2413	1251	n
17231390	2414	1250	n
17231648	2415	1251	n
17231899	2413	1250	n
17242276	2415	1252	n
17242532	2414	1253	n
17242787	2414	1253	n
17243038	2414	1253	n
17243289	2415	1253	n
17243542	2415	1253	n
17253955	2415	1251	n
17254206	2413	1251	n
17254457	2416	1253	n
17254712	2415	1252	n
17254963	2414	1251	n
17255214	2415	1250	n
17255465	2415	1251	n
17265891	2414	1253	n
17266142	2413	1251	n
17266393	2413	1251	n
17266652	2413	1251	n
17266903	2414	1253	n
17267155	2414	1252	n
17277538	2413	1253	n
17277793	2413	1253	n
17278045	2413	1251	n
17278296	2415	1253	n
17278553	2414	1252	n
17278808	2414	1252	n
17289230	2415	1251	n
17289487	2414	1253	n
17289743	2413	1251	n
17289994	2414	1254	n
17290245	2415	1252	n
17290502	2415	1251	n
17300926	2414	1251	n
17301177	2412	1251	n
17301428	2415	1252	n
17301685	2415	1251	n
17301936	2414	1253	n
17302187	2415	1252	n
17312553	2411	1251	n
17312809	2413	1251	n
17313060	2415	1250	n
17313311	2413	1253	n
17313566	2411	1251	n
17313821	2411	1251	n
17314072	2413	1251	n
17324455	2416	1251	n
17324711	2415	1251	n
17324962	2414	1253	n
17325213	2413	1251	n
17325464	2416	1254	n
17325719	2415	1252	n
17336099	2415	1253	n
17336350	2415	1252	n
17336605	2415	1253	n
17336860	2415	1253	n
17337111	2415	1252	n
17337362	2414	1251	n
17347746	2413	1251	n
17347998	2414	1250	n
17348249	2415	1251	n
17348504	2416	1251	n
17348760	2414	1251	n
17349011	2414	1252	n
17359437	2413	1253	n
17359698	2413	1251	n
17359949	2415	1253	n
17360200	2413	1254	n
17360451	2414	1251	n
17360707	2413	1253	n
17371133	2413	1253	n
17371384	2415	1251	n
17371644	2413	1253	n
17371895	2415	1252	n
17372146	2414	1253	n
17372397	2413	1251	n
17382760	2414	1253	n
17383011	2414	1253	n
17383262	2414	1252	n
17383519	2415	1252	n
17383774	2414	1254	n
17384025	2416	1254	n
17384276	2415	1253	n
17394667	2413	1251	n
17394918	2414	1251	n
17395169	2414	1252	n
17395420	2413	1254	n
17395676	2414	1251	n
17395927	2415	1254	n
17406306	2414	1250	n
17406559	2414	1252	n
17406814	2413	1251	n
17407065	2412	1251	n
17407317	2413	1251	n
17407573	2413	1251	n
17417950	2416	1253	n
17418201	2416	1253	n
17418452	2414	1253	n
17418707	2416	1251	n
17418959	2413	1253	n
17419210	2415	1251	n
17429650	2413	1253	n
17429901	2415	1252	n
17430152	2415	1253	n
17430403	2414	1253	n
17430659	2415	1254	n
17430911	2416	1253	n
17441341	2414	1253	n
17441598	2414	1251	n
17441853	2415	1252	n
17442105	2413	1253	n
17442356	2414	1251	n
17442609	2414	1250	n
17453037	2414	1253	n
17453288	2413	1253	n
17453541	2415	1253	n
17453797	2413	1252	n
17454048	2415	1253	n
17454299	2414	1252	n
17454556	2413	1252	n
17464956	2415	1251	n
17465207	2416	1253	n
17465458	2416	1251	n
17465714	2414	1252	n
17465965	2413	1254	n
17466216	2414	1251	n
17476604	2415	1252	n
17476859	2413	1252	n
17477110	2415	1252	n
17477362	2416	1253	n
17477622	2415	1251	n
17477873	2415	1253	n
17488295	2414	1250	n
17488552	2415	1253	n
17488808	2414	1251	n
17489059	2413	1251	n
17489310	2414	1250	n
17489566	2414	1252	n
17499939	2413	1251	n
17500190	2413	1252	n
17500441	2411	1250	n
17500699	2413	1251	n
17500950	2415	1253	n
17501201	2414	1251	n
17511639	2413	1251	n
17511890	2416	1253	n
17512141	2413	1252	n
17512392	2413	1252	n
17512652	2414	1252	n
17512903	2413	1251	n
17523314	2415	1251	n
17523571	2415	1250	n
17523826	2413	1251	n
17524077	2415	1250	n
17524329	2414	1253	n
17524583	2413	1253	n
17524839	2415	1250	n
17535250	2414	1252	n
17535504	2413	1251	n
17535759	2413	1251	n
17536011	2414	1250	n
17536262	2414	1253	n
17536519	2415	1251	n
17546894	2415	1252	n
17547145	2415	1253	n
17547396	2415	1251	n
17547657	2414	1251	n
17547908	2415	1254	n
17548159	2413	1251	n
17558591	2414	1253	n
17558847	2415	1252	n
17559098	2413	1253	n
17559349	2415	1253	n
17559604	2415	1253	n
17559859	2416	1252	n
17570215	2414	1251	n
17570466	2414	1251	n
17570722	2414	1252	n
17570973	2413	1252	n
17571224	2415	1252	n
17571475	2411	1251	n
17581842	2414	1251	n
17582093	2415	1251	n
17582344	2414	1253	n
17582600	2415	1251	n
17582856	2414	1251	n
17583107	2414	1252	n
17593521	2414	1252	n
17593775	2415	1254	n
17594026	2413	1254	n
17594277	2415	1254	n
17594532	2415	1251	n
17594787	2415	1252	n
17595038	2415	1251	n
17605457	2416	1253	n
17605713	2416	1254	n
17605964	2415	1251	n
17606215	2414	1251	n
17606466	2415	1253	n
17606721	2414	1253	n
17617101	2414	1252	n
17617352	2413	1250	n
17617607	2414	1251	n
17617862	2415	1251	n
17618114	2414	1251	n
17618365	2414	1252	n
17628796	2414	1251	n
17629048	2414	1251	n
17629299	2414	1250	n
17629555	2415	1252	n
17629811	2415	1251	n
17630062	2411	1253	n
17640423	2415	1254	n
17640679	2414	1252	n
17640930	2415	1254	n
17641181	2414	1251	n
17641432	2415	1251	n
17641691	2415	1251	n
17652050	2416	1253	n
17652301	2416	1253	n
17652555	2415	1253	n
17652810	2415	1251	n
17653061	2416	1253	n
17653313	2416	1252	n
17663729	2414	1252	n
17663980	2414	1251	n
17664231	2414	1252	n
17664487	2415	1252	n
17664742	2415	1252	n
17664994	2413	1251	n
17665245	2413	1253	n
17675669	2414	1252	n
17675920	2416	1251	n
17676172	2413	1253	n
17676423	2414	1254	n
17676679	2413	1251	n
17676930	2414	1251	n
17687309	2415	1253	n
17687566	2415	1251	n
17687821	2414	1251	n
17688073	2414	1252	n
17688324	2414	1252	n
17688576	2413	1251	n
17699004	2414	1254	n
17699256	2415	1253	n
17699513	2414	1253	n
17699768	2415	1253	n
17700019	2415	1251	n
17700271	2415	1251	n
17710635	2416	1251	n
17710886	2414	1253	n
17711137	2412	1252	n
17711388	2412	1253	n
17711648	2414	1251	n
17711900	2414	1251	n
17722257	2415	1251	n
17722512	2415	1251	n
17722768	2413	1251	n
17723019	2414	1252	n
17723270	2412	1250	n
17723523	2413	1253	n
17733936	2415	1252	n
17734187	2414	1251	n
17734438	2413	1253	n
17734698	2413	1252	n
17734950	2414	1251	n
17735201	2414	1251	n
17735452	2411	1251	n
17745872	2412	1251	n
17746123	2413	1250	n
17746375	2410	1251	n
17746632	2413	1250	n
17746883	2411	1250	n
17747134	2412	1250	n
17757522	2414	1252	n
17757777	2413	1251	n
17758028	2414	1251	n
17758279	2412	1251	n
17758536	2414	1252	n
17758792	2414	1250	n
17769211	2413	1253	n
17769462	2416	1252	n
17769718	2414	1252	n
17769969	2414	1253	n
17770221	2413	1252	n
17770472	2410	1250	n
17780838	2413	1253	n
17781090	2415	1251	n
17781341	2414	1254	n
17781594	2413	1253	n
17781849	2414	1252	n
17782100	2414	1254	n
17792465	2415	1253	n
17792720	2413	1251	n
17792971	2414	1251	n
17793223	2414	1253	n
17793474	2412	1253	n
17793734	2415	1251	n
17804144	2413	1253	n
17804395	2415	1251	n
17804653	2413	1253	n
17804904	2413	1251	n
17805156	2413	1253	n
17805407	2412	1251	n
17805662	2411	1252	n
17816080	2414	1254	n
17816331	2414	1254	n
17816586	2415	1253	n
17816842	2413	1253	n
17817093	2415	1251	n
17817344	2413	1251	n
17827728	2415	1253	n
17827980	2415	1253	n
17828231	2416	1253	n
17828487	2415	1254	n
17828743	2415	1251	n
17828994	2415	1253	n
17839419	2414	1254	n
17839675	2415	1253	n
17839926	2414	1251	n
17840177	2413	1253	n
17840428	2413	1251	n
17840684	2414	1250	n
17851045	2413	1251	n
17851296	2412	1250	n
17851552	2414	1250	n
17851807	2414	1252	n
17852058	2415	1251	n
17852310	2413	1253	n
17862676	2414	1253	n
17862927	2414	1253	n
17863179	2415	1254	n
17863430	2416	1254	n
17863686	2415	1252	n
17863937	2412	1251	n
17874351	2413	1253	n
17874608	2412	1251	n
17874863	2414	1253	n
17875114	2416	1252	n
17875365	2414	1252	n
17875626	2414	1250	n
17875877	2414	1252	n
17886287	2412	1251	n
17886540	2412	1251	n
17886796	2413	1251	n
17887047	2413	1252	n
17887298	2415	1253	n
17887553	2414	1252	n
17897931	2413	1250	n
17898182	2414	1252	n
17898433	2414	1251	n
17898691	2411	1251	n
17898942	2413	1253	n
17899193	2414	1251	n
17909631	2414	1253	n
17909882	2414	1251	n
17910133	2414	1251	n
17910384	2413	1253	n
17910644	2416	1253	n
17910895	2414	1251	n
17921253	2412	1250	n
17921507	2415	1251	n
17921763	2409	1251	n
17922014	2413	1251	n
17922265	2414	1250	n
17922522	2415	1249	n
17932966	2413	1251	n
17933217	2413	1251	n
17933468	2411	1253	n
17933724	2411	1252	n
17933975	2411	1251	n
17934226	2413	1251	n
17944648	2414	1252	n
17944899	2413	1253	n
17945151	2413	1253	n
17945402	2412	1250	n
17945659	2414	1251	n
17945910	2411	1253	n
17946161	2415	1250	n
17956587	2414	1253	n
17956842	2415	1254	n
17957094	2414	1251	n
17957345	2414	1254	n
17957601	2413	1253	n
17957856	2413	1251	n
17968225	2411	1251	n
17968476	2414	1251	n
17968734	2414	1252	n
17968985	2415	1251	n
17969236	2415	1252	n
17969491	2413	1251	n
17979920	2413	1253	n
17980194	2415	1253	n
17980445	2415	1252	n
17980732	2413	1252	n
17980983	2413	1251	n
17981234	2413	1251	n
17991616	2414	1253	n
17992128	2415	1251	n
17992379	2414	1251	n
17992639	2414	1251	n
17992891	2413	1253	n
17993173	2415	1254	n
17993424	2415	1253	n
18003846	2416	1253	Time:00:00:00:00;;
18004549	2415	1253	n
18004827	2415	1252	n
18005078	2415	1252	n
18005329	2414	1253	n
18015702	2414	1253	n
18016210	2413	1252	n
18016461	2416	1252	n
18016716	2415	1251	n
18016976	2412	1251	n
18017250	2414	1253	n
18027621	2415	1253	n
18028096	2414	1254	n
18028356	2415	1252	n
18028639	2414	1253	n
18028891	2413	1250	n
18029142	2413	1252	n
18029402	2414	1250	n
18039821	2414	1253	n
18040297	2414	1251	n
18040552	2414	1252	n
18040807	2416	1254	n
18041090	2415	1253	n
18041341	2415	1252	n
18051749	2413	1253	n
18052228	2414	1252	n
18052515	2414	1253	n
18052770	2411	1250	n
18053022	2415	1250	n
18053273	2413	1251	n
18063670	2414	1250	Time:00:00:00:00;;
18064370	2414	1251	n
18064628	2414	1251	n
18064888	2413	1253	n
18065162	2413	1251	n
18065413	2414	1250	n
18075830	2414	1253	n
18076316	2413	1253	n
18076593	2413	1252	n
18076848	2413	1251	n
18077099	2414	1251	n
18077359	2415	1252	n
18087768	2413	1254	n
18088244	2413	1251	n
18088501	2415	1254	n
18088765	2414	1252	n
18089039	2414	1252	n
18089290	2414	1251	n
18089546	2415	1252	n
18099929	2413	1252	n
18100438	2413	1253	n
18100698	2412	1251	n
18100949	2414	1252	n
18101200	2413	1252	n
18101487	2415	1250	n
18111882	2413	1251	n
18112364	2411	1252	n
18112626	2413	1254	n
18112908	2411	1251	n
18113159	2412	1251	n
18113410	2413	1251	n
18123820	2415	1253	n
18124329	2415	1252	n
18124583	2415	1251	n
18124839	2415	1253	n
18125090	2415	1254	n
18125372	2414	1253	n
18125629	2416	1254	n
18136067	2414	1251	n
18136549	2414	1254	n
18136833	2414	1253	n
18137084	2415	1253	n
18137335	2415	1253	n
18137590	2414	1251	n
18148021	2415	1253	n
18148513	2413	1251	n
18148768	2415	1251	n
18149019	2415	1252	n
18149301	2415	1253	n
18149555	2413	1253	n
18159942	2414	1253	n
18160424	2415	1255	n
18160688	2413	1252	n
18160962	2414	1253	n
18161213	2413	1253	n
18161464	2416	1250	n
18161728	2414	1251	n
18172128	2415	1253	n
18172615	2414	1253	n
18172871	2415	1254	n
18173131	2416	1253	n
18173404	2413	1253	n
18173660	2415	1251	n
18184074	2416	1253	n
18184564	2415	1253	n
18184844	2414	1250	n
18185095	2415	1251	n
18185346	2415	1253	n
18185610	2414	1253	n
18196002	2413	1252	n
18196487	2413	1252	n
18196742	2415	1253	n
18197002	2413	1253	n
18197276	2414	1252	n
18197532	2412	1251	n
18197787	2413	1251	n
18208172	2415	1251	n
18208691	2415	1252	n
18208942	2414	1251	n
18209193	2414	1251	n
18209444	2412	1250	n
18209731	2412	1251	n
18220126	2415	1254	Time:00:00:00:00;;
18220666	2415	1253	n
18220917	2414	1251	n
18221168	2415	1253	n
18221419	2414	1254	n
18221674	2415	1253	n
18232064	2411	1249	n
18232315	2413	1253	n
18232570	2413	1252	n
18232825	2412	1253	n
18233076	2413	1250	n
18233328	2412	1253	n
18243711	2414	1251	n
18243963	2414	1251	n
18244214	2414	1253	n
18244465	2415	1253	n
18244720	2413	1253	n
18244971	2414	1253	n
18255351	2415	1252	n
18255608	2415	1255	n
18255863	2414	1252	n
18256114	2414	1253	n
18256365	2415	1253	n
18256626	2414	1251	n
18267046	2416	1253	n
18267297	2415	1253	n
18267552	2414	1251	n
18267807	2415	1251	n
18268059	2415	1251	n
18268310	2415	1252	n
18278742	2414	1251	n
18278993	2415	1251	n
18279244	2414	1251	n
18279501	2414	1253	n
18279757	2414	1252	n
18280008	2414	1251	n
18290369	2414	1251	n
18290628	2414	1253	n
18290879	2415	1250	n
18291131	2415	1251	n
18291382	2413	1253	n
18291639	2414	1251	n
18291890	2414	1251	n
18302271	2413	1251	n
18302524	2415	1251	n
18302779	2414	1251	n
18303030	2414	1251	n
18303281	2414	1252	n
18303539	2415	1252	n
18313915	2416	1252	n
18314166	2413	1252	n
18314417	2415	1253	n
18314673	2413	1252	n
18314924	2415	1252	n
18315175	2415	1250	n
18325563	2413	1251	n
18325819	2412	1251	n
18326070	2413	1251	n
18326321	2414	1251	n
18326574	2411	1252	n
18326830	2414	1250	n
18337254	2414	1251	n
18337507	2415	1253	n
18337763	2414	1252	n
18338014	2415	1252	n
18338265	2411	1253	n
18338522	2414	1251	n
18348950	2415	1253	n
18349201	2415	1252	n
18349452	2415	1254	n
18349707	2414	1251	n
18349959	2413	1251	n
18350210	2413	1250	n
18360576	2415	1252	n
18360831	2415	1253	n
18361083	2414	1253	n
18361334	2413	1253	n
18361590	2415	1251	n
18361846	2414	1251	n
18362097	2413	1251	n
18372480	2414	1253	n
18372736	2414	1252	n
18372987	2414	1252	n
18373238	2413	1251	n
18373494	2415	1251	n
18373750	2414	1251	n
18384122	2413	1251	n
18384373	2415	1254	n
18384630	2414	1254	n
18384881	2414	1253	n
18385132	2414	1251	n
18385383	2414	1252	n
18395770	2413	1251	n
18396021	2414	1253	n
18396272	2414	1252	n
18396525	2415	1253	n
18396780	2414	1253	n
18397031	2414	1253	n
18407461	2416	1251	n
18407717	2413	1253	n
18407968	2414	1251	n
18408219	2413	1250	n
18408470	2411	1251	n
18408727	2413	1252	n
18419157	2413	1252	n
18419408	2413	1251	n
18419664	2412	1253	n
18419915	2411	1253	n
18420166	2414	1251	n
18420417	2415	1253	n
18430784	2415	1251	n
18431035	2414	1252	n
18431286	2414	1251	n
18431540	2414	1251	n
18431795	2415	1251	n
18432046	2414	1251	n
18432297	2415	1253	n
18442690	2415	1253	n
18442942	2415	1251	n
18443193	2415	1253	n
18443444	2414	1253	n
18443700	2415	1253	n
18443951	2415	1253	n
18454330	2414	1251	n
18454587	2414	1253	n
18454842	2415	1251	n
18455093	2413	1251	n
18455344	2413	1253	n
18455601	2415	1252	n
18465974	2413	1250	n
18466225	2415	1253	n
18466476	2415	1253	n
18466734	2415	1252	n
18466985	2413	1253	n
18467236	2414	1254	n
18477674	2413	1251	n
18477925	2413	1252	n
18478176	2414	1253	n
18478427	2414	1252	n
18478683	2413	1251	n
18478934	2413	1251	n
18489365	2416	1253	n
18489626	2415	1252	n
18489877	2415	1253	n
18490128	2415	1253	n
18490379	2414	1252	n
18490639	2412	1252	n
18501061	2413	1251	n
18501312	2413	1251	n
18501566	2413	1251	n
18501821	2413	1253	n
18502072	2414	1252	n
18502323	2414	1253	n
18502577	2414	1251	n
18512980	2414	1254	n
18513231	2414	1253	n
18513487	2416	1252	n
18513742	2411	1252	n
18513994	2413	1253	n
18514245	2415	1253	n
18524630	2415	1253	n
18524881	2415	1253	n
18525132	2415	1252	n
18525383	2414	1251	n
18525644	2415	1253	n
18525896	2413	1253	n
18536319	2414	1252	n
18536573	2415	1251	n
18536828	2414	1252	n
18537079	2413	1252	n
18537330	2414	1251	n
18537587	2414	1252	n
18547962	2413	1251	n
18548213	2414	1252	n
18548464	2415	1251	n
18548719	2413	1253	n
18548971	2415	1251	n
18549222	2415	1251	n
18559662	2412	1251	n
18559913	2414	1254	n
18560164	2413	1250	n
18560415	2413	1254	n
18560671	2414	1253	n
18560922	2410	1250	n
18571337	2415	1251	n
18571590	2415	1253	n
18571845	2413	1253	n
18572096	2414	1253	n
18572347	2415	1253	n
18572605	2413	1253	n
18572860	2413	1253	n
18583274	2413	1253	n
18583529	2412	1252	n
18583785	2415	1251	n
18584036	2415	1249	n
18584287	2415	1251	n
18584540	2414	1251	n
18594917	2413	1253	n
18595168	2414	1251	n
18595419	2413	1253	n
18595674	2414	1253	n
18595925	2415	1251	n
18596177	2413	1252	n
18606612	2413	1251	n
18606868	2413	1252	n
18607119	2414	1251	n
18607370	2413	1251	n
18607628	2413	1254	n
18607879	2415	1252	n
18618239	2414	1251	n
18618494	2415	1253	n
18618749	2415	1252	n
18619001	2415	1254	n
18619252	2415	1253	n
18619505	2412	1251	n
18629866	2414	1251	n
18630117	2415	1252	n
18630368	2415	1252	n
18630629	2415	1251	n
18630880	2415	1253	n
18631131	2413	1253	n
18641545	2413	1252	n
18641800	2413	1250	n
18642051	2413	1251	n
18642302	2414	1251	n
18642555	2413	1253	n
18642811	2413	1250	n
18643062	2412	1251	n
18653482	2413	1251	n
18653738	2414	1251	n
18653989	2414	1250	n
18654240	2415	1252	n
18654494	2415	1252	n
18654750	2416	1250	n
18665125	2413	1251	n
18665376	2413	1253	n
18665633	2412	1252	n
18665884	2413	1252	n
18666135	2415	1251	n
18666386	2413	1251	n
18676820	2414	1250	n
18677072	2413	1251	n
18677323	2415	1253	n
18677576	2415	1252	n
18677831	2415	1251	n
18678082	2413	1252	n
18688447	2411	1250	n
18688703	2413	1251	n
18688954	2412	1250	n
18689205	2414	1251	n
18689456	2415	1250	n
18689712	2413	1251	n
18700073	2414	1253	n
18700324	2414	1253	n
18700581	2414	1254	n
18700836	2415	1251	n
18701087	2414	1252	n
18701338	2415	1253	n
18711752	2415	1253	n
18712003	2415	1251	n
18712254	2415	1254	n
18712507	2416	1251	n
18712763	2414	1254	n
18713014	2415	1251	n
18713265	2413	1254	n
18723693	2413	1249	n
18723945	2414	1251	n
18724196	2415	1251	n
18724447	2413	1252	n
18724702	2414	1251	n
18724953	2413	1250	n
18735332	2416	1251	n
18735586	2415	1251	n
18735842	2414	1252	n
18736093	2414	1253	n
18736344	2413	1253	n
18736600	2411	1253	n
18747027	2416	1253	n
18747279	2415	1252	n
18747536	2415	1251	n
18747791	2415	1254	n
18748042	2415	1253	n
18748293	2415	1253	n
18758659	2413	1253	n
18758910	2414	1251	n
18759161	2414	1251	n
18759412	2413	1251	n
18759668	2413	1251	n
18759919	2414	1253	n
18770281	2412	1252	n
18770535	2415	1252	n
18770791	2415	1252	n
18771042	2413	1250	n
18771293	2414	1251	n
18771549	2414	1252	n
18781960	2414	1251	n
18782211	2414	1253	n
18782462	2416	1253	n
18782718	2413	1252	n
18782969	2414	1251	n
18783220	2413	1253	n
18783471	2413	1252	n
18793896	2413	1253	n
18794147	2415	1253	n
18794398	2413	1252	n
18794657	2416	1253	n
18794909	2413	1252	n
18795160	2415	1251	n
18805542	2413	1251	n
18805797	2409	1253	n
18806048	2415	1251	n
18806299	2412	1251	n
18806556	2413	1251	n
18806811	2411	1251	n
18817235	2413	1251	n
18817491	2414	1251	n
18817746	2413	1250	n
18817997	2413	1253	n
18818249	2414	1251	n
18818504	2413	1252	n
18828931	2414	1254	n
18829182	2415	1253	n
18829433	2415	1251	n
18829691	2415	1251	n
18829943	2413	1251	n
18830194	2414	1253	n
18840575	2416	1251	n
18840830	2415	1254	n
18841082	2415	1252	n
18841333	2415	1253	n
18841587	2414	1253	n
18841842	2414	1251	n
18852254	2414	1252	n
18852507	2413	1251	n
18852763	2411	1251	n
18853014	2413	1252	n
18853265	2415	1251	n
18853522	2414	1251	n
18853777	2414	1253	n
18864190	2415	1253	n
18864441	2413	1251	n
18864698	2413	1253	n
18864949	2414	1252	n
18865200	2414	1251	n
18865451	2413	1251	n
18875834	2413	1251	n
18876085	2415	1252	n
18876336	2415	1253	n
18876589	2415	1253	n
18876845	2415	1253	n
18877096	2415	1253	n
18887533	2414	1253	n
18887788	2414	1253	n
18888039	2416	1251	n
18888291	2415	1253	n
18888546	2414	1251	n
18888802	2415	1251	n
18899225	2415	1253	n
18899476	2412	1252	n
18899734	2413	1251	n
18899985	2416	1253	n
18900236	2414	1251	n
18900491	2415	1253	n
18910921	2413	1251	n
18911172	2415	1251	n
18911423	2414	1253	n
18911679	2412	1251	n
18911930	2412	1251	n
18912181	2413	1253	n
18912432	2414	1252	n
18922840	2414	1253	n
18923091	2413	1253	n
18923342	2412	1253	n
18923598	2414	1251	n
18923853	2415	1252	n
18924104	2414	1252	n
18934487	2414	1253	n
18934742	2414	1253	n
18934993	2414	1251	n
18935245	2415	1251	n
18935502	2416	1253	n
18935757	2415	1253	n
18946179	2415	1251	n
18946430	2413	1252	n
18946691	2414	1254	n
18946942	2413	1251	n
18947193	2415	1251	n
18947444	2413	1252	n
18957822	2415	1253	n
18958073	2415	1254	n
18958325	2412	1251	n
18958581	2413	1251	n
18958836	2415	1251	n
18959087	2413	1253	n
18969521	2411	1253	n
18969775	2415	1253	n
18970026	2414	1251	n
18970277	2416	1253	n
18970532	2411	1251	n
18970787	2414	1252	n
18981197	2414	1252	n
18981507	2412	1251	n
18981784	2415	1251	n
18982036	2412	1253	n
18982287	2413	1251	n
18982549	2415	1251	n
18982826	2412	1250	n
18993220	2415	1253	n
18993704	2413	1252	n
18993955	2413	1250	n
18994237	2414	1251	n
18994495	2414	1252	n
18994750	2413	1251	n
19005174	2414	1253	Time:00:00:00:00;;
19005905	2414	1254	n
19006156	2414	1253	n
19006408	2414	1251	n
19006694	2413	1253	n
19006945	2415	1251	n
19017370	2416	1253	n
19017855	2414	1252	n
19018137	2416	1253	n
19018389	2413	1253	n
19018648	2413	1253	n
19018900	2414	1251	n
19029324	2413	1253	n
19029816	2415	1252	n
19030067	2413	1251	n
19030318	2413	1251	n
19030581	2413	1251	n
19030859	2414	1251	n
19041278	2413	1250	n
19041762	2414	1252	n
19042022	2414	1252	n
19042295	2415	1252	n
19042549	2413	1252	n
19042805	2415	1254	n
19043065	2413	1253	n
19053515	2415	1253	n
19053999	2414	1253	n
19054250	2415	1254	n
19054515	2416	1251	n
19054793	2414	1251	n
19055044	2415	1251	n
19065462	2416	1251	Time:00:00:00:00;;
19066168	2414	1252	n
19066441	2413	1251	n
19066699	2415	1251	n
19066959	2415	1253	n
19067232	2415	1253	n
19077664	2414	1253	n
19078141	2414	1253	n
19078401	2415	1251	n
19078681	2414	1256	n
19078933	2415	1252	n
19079184	2415	1252	n
19089612	2413	1253	n
19090124	2415	1251	n
19090376	2413	1250	n
19090633	2413	1251	n
19090893	2413	1252	n
19091166	2414	1251	n
19101568	2414	1252	n
19102049	2415	1251	n
19102309	2414	1251	n
19102587	2415	1251	n
19102842	2413	1253	n
19103093	2413	1253	n
19103353	2413	1253	n
19113806	2415	1252	n
19114287	2414	1252	n
19114541	2414	1251	n
19114805	2413	1253	n
19115080	2413	1250	n
19115331	2414	1251	n
19125751	2415	1253	n
19126237	2415	1253	n
19126515	2413	1252	n
19126770	2413	1253	n
19127021	2413	1254	n
19127281	2413	1252	n
19137700	2413	1254	n
19138176	2414	1252	n
19138427	2413	1251	n
19138683	2415	1251	n
19138966	2414	1253	n
19139217	2414	1253	n
19139468	2414	1253	n
19149850	2413	1253	n
19150359	2415	1252	n
19150616	2413	1253	n
19150871	2414	1253	n
19151122	2414	1251	n
19151404	2413	1253	n
19161804	2413	1252	n
19162288	2413	1253	n
19162541	2415	1251	n
19162827	2414	1251	n
19163078	2413	1252	n
19163330	2413	1253	n
19173741	2413	1251	n
19174233	2413	1251	n
19174513	2414	1253	n
19174768	2415	1254	n
19175020	2414	1250	n
19175280	2413	1251	n
19175555	2412	1252	n
19185989	2414	1252	n
19186467	2415	1251	n
19186732	2415	1253	n
19187005	2415	1251	n
19187257	2414	1253	n
19187512	2413	1251	n
19197942	2415	1254	n
19198455	2415	1253	n
19198710	2415	1252	n
19198962	2414	1252	n
19199222	2412	1254	n
19199501	2416	1253	n
19209863	2413	1251	n
19210339	2415	1251	n
19210601	2413	1251	n
19210879	2411	1251	n
19211130	2413	1253	n
19211381	2414	1251	n
19211648	2413	1253	Time:00:00:00:00;;
19222250	2415	1250	n
19222529	2413	1253	n
19222785	2413	1251	n
19223036	2414	1251	n
19223287	2415	1252	n
19233704	2414	1254	n
19233955	2416	1253	n
19234206	2415	1253	n
19234458	2416	1251	n
19234713	2414	1251	n
19234964	2414	1252	n
19245346	2413	1251	n
19245600	2415	1252	n
19245855	2415	1251	n
19246106	2411	1251	n
19246358	2415	1251	n
19246611	2414	1250	n
19257025	2415	1254	n
19257276	2413	1251	n
19257532	2414	1250	n
19257787	2413	1253	n
19258038	2415	1254	n
19258289	2414	1251	n
19258546	2413	1251	n
19268961	2412	1252	n
19269212	2414	1254	n
19269463	2415	1250	n
19269719	2414	1251	n
19269970	2413	1251	n
19270221	2415	1253	n
19280607	2414	1252	n
19280862	2414	1254	n
19281114	2414	1251	n
19281365	2413	1251	n
19281626	2414	1253	n
19281877	2414	1251	n
19292300	2411	1251	n
19292555	2413	1251	n
19292810	2414	1254	n
19293061	2414	1250	n
19293312	2413	1250	n
19293566	2410	1254	n
19303996	2412	1251	n
19304247	2413	1251	n
19304504	2413	1250	n
19304760	2414	1251	n
19305011	2412	1251	n
19305262	2411	1251	n
19315627	2412	1251	n
19315878	2414	1253	n
19316130	2413	1252	n
19316381	2415	1253	n
19316639	2413	1253	n
19316890	2413	1250	n
19317141	2413	1251	n
19327529	2414	1253	n
19327785	2414	1251	n
19328036	2414	1251	n
19328287	2411	1253	n
19328540	2413	1251	n
19328796	2416	1253	n
19339169	2414	1252	n
19339420	2411	1253	n
19339676	2411	1251	n
19339927	2411	1251	n
19340178	2413	1250	n
19340429	2411	1253	n
19350812	2413	1251	n
19351063	2412	1253	n
19351314	2414	1253	n
19351571	2413	1250	n
19351826	2412	1251	n
19352078	2415	1250	n
19362512	2414	1251	n
19362768	2414	1250	n
19363019	2413	1253	n
19363270	2413	1253	n
19363523	2413	1253	n
19363779	2413	1251	n
19374203	2415	1253	n
19374454	2414	1251	n
19374709	2412	1251	n
19374960	2414	1252	n
19375211	2413	1253	n
19375462	2416	1251	n
19385830	2415	1253	n
19386081	2413	1251	n
19386332	2414	1251	n
19386587	2414	1252	n
19386842	2414	1253	n
19387093	2413	1253	n
19387345	2414	1251	n
19397737	2411	1253	n
19397988	2413	1251	n
19398239	2413	1251	n
19398495	2411	1251	n
19398750	2413	1251	n
19399001	2411	1251	n
19409376	2414	1252	n
19409633	2412	1251	n
19409884	2414	1254	n
19410135	2414	1252	n
19410386	2415	1251	n
19410644	2414	1254	n
19421020	2414	1253	n
19421271	2413	1253	n
19421524	2413	1250	n
19421779	2415	1252	n
19422030	2413	1253	n
19422281	2415	1252	n
19432720	2412	1251	n
19432971	2411	1252	n
19433222	2413	1250	n
19433473	2412	1250	n
19433730	2411	1254	n
19433981	2412	1249	n
19444411	2413	1251	n
19444667	2413	1251	n
19444918	2413	1250	n
19445169	2413	1250	n
19445420	2414	1253	n
19445676	2411	1253	n
19456038	2413	1253	n
19456289	2413	1253	n
19456542	2415	1251	n
19456797	2413	1253	n
19457048	2412	1252	n
19457299	2413	1251	n
19457556	2414	1251	n
19467940	2411	1253	n
19468191	2413	1250	n
19468442	2411	1251	n
19468699	2414	1252	n
19468950	2413	1250	n
19469201	2412	1251	n
19479590	2414	1251	n
19479845	2413	1250	n
19480096	2414	1251	n
19480347	2413	1253	n
19480604	2414	1251	n
19480860	2413	1250	n
19491227	2414	1252	n
19491479	2413	1254	n
19491735	2413	1251	n
19491986	2413	1250	n
19492237	2413	1251	n
19492494	2413	1251	n
19502922	2413	1251	n
19503173	2415	1251	n
19503425	2415	1254	n
19503681	2415	1251	n
19503932	2414	1253	n
19504183	2413	1251	n
19514622	2413	1252	n
19514873	2414	1253	n
19515124	2414	1253	n
19515375	2415	1251	n
19515632	2414	1253	n
19515883	2415	1250	n
19526245	2414	1251	n
19526502	2414	1253	n
19526757	2411	1251	n
19527008	2413	1251	n
19527259	2415	1251	n
19527515	2413	1253	n
19527771	2413	1251	n
19538147	2413	1253	n
19538398	2414	1252	n
19538657	2414	1253	n
19538909	2414	1253	n
19539160	2414	1251	n
19539411	2413	1249	n
19549791	2415	1252	n
19550042	2415	1253	n
19550293	2412	1252	n
19550550	2414	1251	n
19550805	2412	1253	n
19551056	2415	1251	n
19561435	2413	1251	n
19561692	2413	1252	n
19561943	2413	1250	n
19562194	2413	1251	n
19562446	2409	1251	n
19562702	2413	1250	n
19573130	2415	1251	n
19573381	2414	1253	n
19573639	2413	1251	n
19573890	2414	1254	n
19574141	2414	1253	n
19574392	2414	1253	n
19584826	2415	1251	n
19585077	2416	1253	n
19585328	2413	1251	n
19585583	2414	1252	n
19585838	2415	1253	n
19586089	2414	1253	n
19596453	2413	1253	n
19596708	2414	1252	n
19596959	2413	1252	n
19597211	2415	1251	n
19597462	2416	1251	n
19597717	2414	1250	n
19597968	2411	1253	n
19608355	2414	1251	n
19608608	2415	1252	n
19608864	2415	1250	n
19609115	2414	1250	n
19609366	2413	1251	n
19609626	2415	1251	n
19619999	2415	1251	n
19620250	2414	1251	n
19620504	2415	1254	n
19620759	2415	1251	n
19621010	2413	1251	n
19621261	2414	1250	n
19631646	2414	1252	n
19631898	2415	1253	n
19632149	2416	1251	n
19632400	2413	1251	n
19632658	2414	1251	n
19632909	2413	1252	n
19643337	2413	1252	n
19643590	2412	1251	n
19643846	2415	1251	n
19644097	2411	1250	n
19644348	2411	1253	n
19644605	2413	1250	n
19655033	2414	1253	n
19655284	2413	1253	n
19655538	2415	1252	n
19655793	2414	1250	n
19656045	2415	1251	n
19656296	2414	1253	n
19666664	2415	1254	n
19666915	2415	1253	n
19667167	2414	1251	n
19667418	2414	1254	n
19667673	2414	1254	n
19667925	2415	1254	n
19668176	2413	1253	n
19678566	2415	1253	n
19678821	2415	1252	n
19679072	2415	1251	n
19679324	2416	1253	n
19679576	2414	1253	n
19679831	2414	1252	n
19690206	2411	1250	n
19690457	2415	1251	n
19690713	2415	1253	n
19690964	2413	1253	n
19691215	2416	1254	n
19691466	2414	1251	n
19701850	2413	1253	n
19702101	2413	1253	n
19702352	2414	1251	n
19702607	2413	1251	n
19702863	2414	1251	n
19703114	2413	1251	n
19713549	2414	1251	n
19713804	2413	1251	n
19714055	2414	1253	n
19714306	2413	1253	n
19714559	2412	1253	n
19714814	2413	1251	n
19725241	2415	1251	n
19725498	2413	1253	n
19725754	2415	1252	n
19726005	2414	1253	n
19726256	2415	1251	n
19726512	2415	1251	n
19736937	2415	1251	n
19737188	2411	1250	n
19737439	2413	1252	n
19737698	2413	1251	n
19737949	2414	1251	n
19738201	2413	1252	n
19738452	2412	1252	n
19748856	2415	1253	n
19749107	2415	1251	n
19749358	2411	1253	n
19749615	2414	1251	n
19749871	2415	1252	n
19750122	2414	1251	n
19760504	2415	1251	n
19760759	2415	1252	n
19761010	2414	1253	n
19761262	2415	1252	n
19761519	2415	1253	n
19761774	2416	1254	n
19772195	2415	1252	n
19772447	2413	1253	n
19772702	2415	1251	n
19772954	2413	1252	n
19773205	2414	1253	n
19773456	2415	1251	n
19783839	2414	1251	n
19784091	2413	1251	n
19784342	2415	1253	n
19784598	2415	1251	n
19784853	2413	1252	n
19785104	2412	1251	n
19795538	2414	1252	n
19795793	2413	1252	n
19796044	2416	1251	n
19796296	2415	1251	n
19796553	2415	1252	n
19796808	2414	1251	n
19807214	2416	1253	n
19807465	2416	1251	n
19807720	2415	1252	n
19807971	2416	1251	n
19808222	2415	1254	n
19808473	2413	1253	n
19808729	2414	1252	n
19819150	2415	1253	n
19819401	2414	1251	n
19819657	2415	1251	n
19819908	2415	1252	n
19820160	2411	1250	n
19820411	2414	1252	n
19830794	2413	1252	n
19831045	2413	1251	n
19831296	2413	1252	n
19831553	2415	1252	n
19831808	2413	1251	n
19832059	2413	1250	n
19842494	2413	1253	n
19842749	2414	1252	n
19843001	2414	1254	n
19843252	2413	1253	n
19843505	2414	1253	n
19843760	2414	1253	n
19854185	2413	1251	n
19854436	2415	1252	n
19854693	2414	1253	n
19854944	2413	1251	n
19855195	2416	1253	n
19855447	2413	1251	n
19865828	2407	1251	n
19866079	2414	1251	n
19866330	2411	1252	n
19866587	2411	1250	n
19866842	2414	1250	n
19867094	2412	1251	n
19877509	2414	1252	n
19877765	2414	1251	n
19878016	2414	1251	n
19878267	2415	1253	n
19878521	2413	1252	n
19878777	2413	1252	n
19879028	2414	1253	n
19889444	2412	1252	n
19889700	2413	1253	n
19889951	2416	1251	n
19890203	2415	1252	n
19890454	2411	1251	n
19890709	2414	1251	n
19901087	2412	1250	n
19901338	2414	1251	n
19901591	2413	1251	n
19901847	2414	1251	n
19902098	2411	1252	n
19902349	2411	1251	n
19912782	2413	1251	n
19913034	2415	1251	n
19913285	2415	1253	n
19913538	2415	1251	n
19913793	2415	1251	n
19914044	2413	1253	n
19924478	2414	1253	n
19924734	2415	1251	n
19924985	2413	1253	n
19925236	2413	1253	n
19925491	2414	1253	n
19925746	2415	1253	n
19936105	2413	1252	n
19936356	2416	1254	n
19936609	2413	1254	n
19936864	2413	1251	n
19937115	2413	1251	n
19937367	2414	1253	n
19937626	2414	1251	n
19948007	2414	1253	n
19948258	2414	1253	n
19948515	2415	1252	n
19948770	2414	1252	n
19949022	2412	1250	n
19949273	2411	1251	n
19959655	2413	1251	n
19959906	2411	1251	n
19960157	2413	1251	n
19960409	2414	1251	n
19960664	2414	1251	n
19960915	2411	1251	n
19971295	2413	1253	n
19971549	2414	1251	n
19971804	2413	1251	n
19972056	2413	1251	n
19972307	2414	1251	n
19972564	2414	1251	n
19982990	2415	1251	n
19983331	2415	1253	n
19983596	2414	1253	n
19983874	2414	1251	n
19984125	2414	1253	n
19984376	2415	1253	n
19994772	2414	1253	n
19995280	2414	1251	n
19995535	2414	1254	n
19995791	2415	1253	n
19996042	2415	1252	n
19996324	2415	1253	n
19996581	2413	1254	n
20007002	2411	1251	Time:00:00:00:00;;
20007708	2414	1251	n
20007982	2413	1253	n
20008233	2415	1251	n
20008487	2415	1251	n
20018922	2414	1251	n
20019408	2414	1250	n
20019663	2413	1249	n
20019915	2413	1251	n
20020175	2414	1253	n
20020448	2413	1251	n
20020704	2413	1251	n
20031066	2413	1252	n
20031556	2415	1253	n
20031833	2413	1252	n
20032084	2415	1251	n
20032335	2415	1252	n
20032598	2413	1252	n
20043046	2415	1251	n
20043525	2414	1250	n
20043780	2413	1251	n
20044040	2413	1253	n
20044315	2411	1252	n
20044570	2412	1251	n
20054975	2412	1253	n
20055462	2415	1251	n
20055739	2413	1250	n
20055990	2413	1251	n
20056241	2413	1251	n
20056504	2414	1251	n
20056782	2412	1252	n
20067205	2415	1251	Time:00:00:00:00;;
20067912	2414	1253	n
20068186	2414	1252	n
20068438	2411	1252	n
20068698	2413	1253	n
20079055	2415	1253	n
20079570	2414	1253	n
20079826	2415	1253	n
20080077	2416	1252	n
20080328	2413	1251	n
20080616	2415	1251	n
20091062	2415	1252	n
20091540	2415	1254	n
20091795	2415	1250	n
20092077	2415	1250	n
20092328	2414	1253	n
20092584	2414	1251	n
20092840	2414	1253	n
20103257	2414	1251	n
20103750	2414	1252	n
20104001	2414	1252	n
20104252	2413	1251	n
20104515	2414	1250	n
20104793	2413	1251	n
20115177	2413	1253	n
20115668	2415	1251	n
20115928	2415	1252	n
20116201	2413	1253	n
20116452	2413	1251	n
20116708	2415	1251	n
20127115	2414	1251	n
20127628	2413	1253	n
20127879	2414	1253	n
20128131	2413	1253	n
20128391	2413	1250	n
20128671	2414	1253	n
20128922	2415	1251	n
20139310	2411	1253	n
20139802	2413	1251	n
20140075	2414	1250	n
20140326	2413	1251	n
20140581	2415	1252	n
20140845	2414	1250	n
20151239	2414	1253	n
20151726	2414	1251	n
20151977	2414	1251	n
20152228	2415	1251	n
20152515	2412	1250	n
20152771	2414	1252	n
20163167	2414	1253	n
20163660	2416	1253	n
20163943	2414	1253	n
20164194	2415	1252	n
20164445	2411	1253	n
20164701	2415	1253	n
20164983	2414	1251	n
20175362	2412	1252	n
20175854	2413	1251	n
20176105	2412	1251	n
20176387	2412	1252	n
20176645	2413	1250	n
20176896	2413	1251	n
20187282	2413	1253	n
20187778	2413	1251	n
20188052	2413	1251	n
20188303	2412	1251	n
20188556	2412	1252	n
20188820	2414	1253	n
20199220	2413	1250	n
20199708	2412	1253	n
20199959	2413	1252	n
20200219	2414	1252	n
20200499	2415	1251	n
20200754	2413	1251	n
20201005	2414	1250	n
20211415	2413	1251	Time:00:00:00:00;;
20212142	2412	1251	n
20212393	2415	1254	n
20212659	2413	1251	n
20212933	2412	1251	n
20223301	2413	1252	n
20223555	2414	1251	n
20223810	2414	1251	n
20224061	2413	1251	n
20224312	2415	1253	n
20224566	2415	1251	n
20224822	2411	1252	n
20235220	2414	1253	n
20235471	2413	1253	n
20235728	2414	1251	n
20235979	2413	1251	n
20236230	2415	1251	n
20236482	2414	1250	n
20246864	2414	1251	n
20247115	2415	1251	n
20247366	2415	1250	n
20247626	2413	1250	n
20247877	2415	1250	n
20248128	2414	1250	n
20258495	2414	1251	n
20258750	2416	1253	n
20259001	2414	1253	n
20259252	2416	1252	n
20259506	2414	1253	n
20259762	2414	1253	n
20270202	2414	1251	n
20270453	2411	1251	n
20270709	2413	1253	n
20270960	2413	1253	n
20271211	2414	1251	n
20271463	2416	1251	n
20281898	2413	1252	n
20282149	2414	1253	n
20282400	2413	1250	n
20282657	2413	1250	n
20282909	2413	1251	n
20283160	2411	1253	n
20293577	2414	1253	n
20293832	2414	1251	n
20294083	2416	1250	n
20294334	2414	1252	n
20294590	2413	1252	n
20294845	2414	1252	n
20295096	2414	1251	n
20305518	2414	1253	n
20305773	2414	1251	n
20306025	2411	1252	n
20306276	2411	1251	n
20306532	2406	1250	n
20306787	2412	1252	n
20317157	2414	1251	n
20317408	2413	1251	n
20317664	2415	1251	n
20317915	2413	1253	n
20318166	2413	1253	n
20318417	2414	1253	n
20328852	2413	1251	n
20329103	2414	1253	n
20329355	2414	1253	n
20329608	2411	1251	n
20329863	2411	1253	n
20330114	2414	1251	n
20340480	2413	1253	n
20340736	2414	1251	n
20340988	2414	1252	n
20341239	2413	1251	n
20341494	2415	1251	n
20341750	2413	1251	n
20352192	2413	1249	n
20352443	2410	1252	n
20352699	2412	1250	n
20352950	2413	1251	n
20353202	2413	1251	n
20353453	2411	1251	n
20363871	2411	1251	n
20364122	2414	1250	n
20364373	2412	1251	n
20364630	2413	1251	n
20364881	2414	1250	n
20365132	2414	1250	n
20365383	2413	1251	n
20375807	2415	1251	n
20376058	2414	1251	n
20376309	2415	1253	n
20376566	2414	1253	n
20376821	2415	1251	n
20377072	2413	1251	n
20387451	2413	1251	n
20387706	2414	1251	n
20387957	2414	1252	n
20388208	2415	1252	n
20388460	2416	1252	n
20388715	2414	1253	n
20399146	2413	1251	n
20399397	2413	1250	n
20399657	2414	1250	n
20399908	2411	1251	n
20400160	2413	1250	n
20400411	2413	1251	n
20410842	2413	1250	n
20411093	2413	1251	n
20411344	2413	1249	n
20411600	2411	1249	n
20411856	2412	1250	n
20412107	2414	1251	n
20422469	2413	1251	n
20422725	2413	1252	n
20422976	2413	1253	n
20423227	2413	1251	n
20423479	2413	1251	n
20423735	2412	1251	n
20423986	2413	1251	n
20434371	2415	1252	n
20434628	2413	1252	n
20434879	2413	1250	n
20435131	2414	1250	n
20435382	2412	1251	n
20435639	2414	1251	n
20446015	2412	1251	n
20446266	2414	1251	n
20446521	2413	1251	n
20446776	2413	1251	n
20447027	2413	1253	n
20447278	2411	1252	n
20457663	2413	1250	n
20457914	2411	1251	n
20458166	2413	1253	n
20458417	2411	1252	n
20458673	2414	1251	n
20458924	2413	1251	n
20469354	2411	1251	n
20469607	2413	1252	n
20469863	2414	1251	n
20470114	2413	1250	n
20470365	2412	1251	n
20470626	2411	1250	n
20481050	2413	1253	n
20481301	2415	1253	n
20481555	2413	1250	n
20481810	2413	1250	n
20482062	2411	1253	n
20482313	2411	1251	n
20492680	2415	1251	n
20492931	2414	1251	n
20493182	2411	1252	n
20493433	2413	1251	n
20493691	2410	1251	n
20493942	2411	1251	n
20494193	2411	1250	n
20504583	2414	1252	n
20504838	2414	1251	n
20505089	2413	1251	n
20505340	2413	1250	n
20505593	2413	1252	n
20505849	2414	1253	n
20516222	2414	1253	n
20516473	2413	1252	n
20516730	2413	1251	n
20516981	2415	1250	n
20517232	2413	1252	n
20517488	2414	1253	n
20527866	2409	1251	n
20528117	2410	1249	n
20528368	2414	1252	n
20528629	2412	1251	n
20528880	2411	1250	n
20529131	2413	1251	n
20539566	2412	1251	n
20539821	2412	1252	n
20540072	2414	1251	n
20540323	2413	1251	n
20540576	2413	1250	n
20540832	2413	1251	n
20551257	2413	1251	n
20551512	2413	1250	n
20551768	2411	1253	n
20552019	2414	1253	n
20552270	2412	1252	n
20552523	2413	1251	n
20562884	2413	1251	n
20563135	2414	1251	n
20563386	2415	1252	n
20563644	2413	1253	n
20563895	2411	1251	n
20564146	2414	1252	n
20564398	2413	1253	n
20574786	2413	1250	n
20575037	2415	1252	n
20575288	2414	1251	n
20575541	2413	1249	n
20575797	2413	1251	n
20576048	2413	1251	n
20586430	2411	1251	n
20586686	2414	1252	n
20586938	2413	1253	n
20587189	2413	1253	n
20587440	2413	1250	n
20587698	2415	1253	n
20598074	2414	1250	n
20598325	2413	1251	n
20598581	2411	1250	n
20598836	2411	1251	n
20599087	2414	1251	n
20599338	2414	1251	n
20609769	2412	1251	n
20610021	2414	1252	n
20610272	2414	1252	n
20610525	2415	1251	n
20610780	2413	1250	n
20611031	2415	1251	n
20621465	2414	1253	n
20621720	2413	1251	n
20621972	2414	1251	n
20622223	2413	1250	n
20622474	2413	1251	n
20622734	2412	1251	n
20633091	2411	1253	n
20633342	2414	1251	n
20633598	2411	1251	n
20633853	2411	1250	n
20634104	2413	1251	n
20634356	2411	1253	n
20634608	2413	1251	n
20644994	2413	1253	n
20645245	2415	1254	n
20645502	2414	1253	n
20645757	2413	1251	n
20646008	2415	1251	n
20646259	2411	1250	n
20656642	2413	1252	n
20656894	2415	1251	n
20657145	2413	1250	n
20657396	2414	1250	n
20657657	2413	1251	n
20657908	2415	1253	n
20668281	2411	1252	n
20668535	2414	1251	n
20668790	2414	1252	n
20669042	2413	1250	n
20669293	2413	1250	n
20669549	2414	1250	n
20679976	2415	1253	n
20680227	2414	1253	n
20680479	2413	1253	n
20680735	2413	1251	n
20680987	2413	1253	n
20681238	2415	1252	n
20691676	2415	1253	n
20691928	2413	1250	n
20692179	2415	1252	n
20692430	2413	1251	n
20692686	2415	1251	n
20692937	2413	1251	n
20703299	2414	1251	n
20703556	2413	1250	n
20703811	2411	1253	n
20704062	2415	1251	n
20704313	2412	1250	n
20704570	2413	1251	n
20704826	2411	1251	n
20715201	2413	1250	n
20715452	2414	1251	n
20715708	2413	1251	n
20715959	2413	1250	n
20716210	2411	1251	n
20716461	2415	1251	n
20726845	2414	1251	n
20727096	2412	1251	n
20727347	2412	1251	n
20727601	2414	1251	n
20727856	2412	1251	n
20728107	2415	1251	n
20738494	2415	1252	n
20738750	2414	1252	n
20739001	2414	1253	n
20739252	2413	1253	n
20739505	2415	1253	n
20739760	2413	1251	n
20750184	2414	1249	n
20750435	2413	1252	n
20750692	2413	1250	n
20750943	2412	1251	n
20751195	2414	1250	n
20751446	2410	1250	n
20761880	2411	1250	n
20762131	2411	1253	n
20762382	2415	1251	n
20762639	2412	1251	n
20762890	2414	1251	n
20763142	2415	1251	n
20773508	2413	1251	n
20773763	2415	1251	n
20774014	2413	1251	n
20774265	2413	1252	n
20774522	2413	1250	n
20774777	2413	1253	n
20775028	2414	1251	n
20785409	2414	1249	n
20785665	2414	1251	n
20785916	2415	1251	n
20786167	2414	1253	n
20786418	2414	1252	n
20786674	2414	1252	n
20797052	2413	1251	n
20797303	2413	1252	n
20797556	2413	1251	n
20797811	2413	1250	n
20798063	2412	1250	n
20798314	2413	1252	n
20808700	2414	1251	n
20808951	2413	1252	n
20809203	2414	1251	n
20809454	2411	1251	n
20809709	2414	1251	n
20809960	2414	1252	n
20820391	2414	1253	n
20820653	2415	1251	n
20820904	2413	1251	n
20821155	2413	1250	n
20821406	2411	1250	n
20821662	2413	1253	n
20832087	2412	1251	n
20832338	2413	1251	n
20832591	2413	1251	n
20832847	2414	1251	n
20833098	2414	1252	n
20833349	2415	1251	n
20843714	2412	1251	n
20843965	2413	1252	n
20844216	2414	1252	n
20844467	2413	1251	n
20844722	2411	1251	n
20844973	2411	1251	n
20845225	2412	1250	n
20855626	2413	1250	n
20855877	2412	1253	n
20856128	2414	1251	n
20856380	2414	1252	n
20856639	2414	1252	n
20856890	2413	1250	n
20867260	2413	1253	n
20867514	2414	1253	n
20867770	2414	1251	n
20868021	2414	1253	n
20868272	2415	1250	n
20868530	2414	1253	n
20878904	2415	1251	n
20879155	2414	1252	n
20879406	2413	1251	n
20879662	2413	1253	n
20879913	2413	1251	n
20880164	2413	1250	n
20890603	2412	1252	n
20890859	2413	1251	n
20891110	2414	1251	n
20891361	2413	1251	n
20891616	2413	1251	n
20891871	2412	1250	n
20902295	2411	1251	n
20902549	2414	1251	n
20902804	2413	1251	n
20903056	2412	1251	n
20903307	2413	1249	n
20903564	2414	1249	n
20913991	2414	1252	n
20914242	2413	1251	n
20914499	2413	1251	n
20914754	2413	1251	n
20915005	2414	1251	n
20915256	2413	1252	n
20915512	2413	1253	n
20925910	2410	1250	n
20926161	2413	1251	n
20926412	2409	1249	n
20926668	2412	1251	n
20926919	2414	1250	n
20927170	2413	1250	n
20937556	2415	1251	n
20937811	2413	1253	n
20938062	2413	1253	n
20938313	2413	1251	n
20938571	2414	1251	n
20938826	2412	1251	n
20949249	2413	1250	n
20949504	2413	1251	n
20949759	2413	1251	n
20950011	2413	1253	n
20950262	2414	1250	n
20950519	2413	1251	n
20960892	2414	1251	n
20961143	2413	1251	n
20961395	2413	1250	n
20961653	2411	1251	n
20961904	2414	1251	n
20962156	2414	1251	n
20972588	2415	1251	n
20972843	2413	1251	n
20973094	2412	1252	n
20973346	2413	1251	n
20973600	2412	1251	n
20973856	2413	1251	n
20984267	2413	1251	n
20984648	2412	1252	n
20984921	2414	1252	n
20985173	2413	1251	n
20985424	2414	1253	n
20985688	2413	1251	n
20985963	2413	1251	n
20996376	2414	1253	n
20996862	2413	1252	n
20997113	2413	1250	n
20997396	2413	1252	n
20997654	2414	1251	n
20997905	2414	1252	n
21008330	2412	1253	Time:00:00:00:00;;
21009062	2413	1253	n
21009313	2412	1253	n
21009570	2415	1251	n
21009855	2415	1253	n
21010106	2415	1251	n
21020532	2415	1251	n
21021013	2414	1251	n
21021295	2413	1251	n
21021553	2413	1250	n
21021808	2414	1250	n
21022059	2414	1251	n
21032482	2412	1251	n
21032970	2413	1251	n
21033222	2413	1250	n
21033473	2410	1251	n
21033738	2413	1251	n
21034012	2414	1251	n
21044418	2415	1253	n
21044900	2414	1253	n
21045160	2413	1252	n
21045434	2416	1254	n
21045691	2414	1251	n
21045942	2415	1252	n
21046202	2415	1254	n
21056669	2412	1251	n
21057148	2411	1251	n
21057399	2411	1249	n
21057667	2411	1251	n
21057941	2413	1253	n
21058192	2413	1251	n
21068623	2413	1251	Time:00:00:00:00;;
21069325	2414	1251	n
21069602	2413	1251	n
21069857	2413	1250	n
21070117	2413	1251	n
21070391	2413	1251	n
21080815	2414	1251	n
21081292	2413	1252	n
21081555	2413	1251	n
21081833	2414	1251	n
21082084	2413	1253	n
21082335	2414	1251	n
21092769	2414	1251	n
21093276	2414	1253	n
21093532	2414	1251	n
21093787	2414	1251	n
21094047	2414	1255	n
21094320	2415	1252	n
21104706	2411	1250	n
21105183	2413	1251	n
21105443	2411	1252	n
21105722	2414	1253	n
21105973	2413	1251	n
21106224	2413	1250	n
21106487	2414	1252	n
21116963	2415	1251	n
21117439	2413	1250	n
21117698	2411	1250	n
21117958	2414	1250	n
21118232	2415	1250	n
21118487	2415	1251	n
21128907	2414	1252	n
21129393	2414	1250	n
21129675	2414	1251	n
21129926	2414	1251	n
21130177	2415	1252	n
21130437	2415	1253	n
21140836	2414	1253	n
21141312	2413	1250	n
21141566	2410	1251	n
21141821	2411	1253	n
21142103	2414	1253	n
21142354	2414	1252	n
21142608	2413	1253	n
21153006	2415	1252	n
21153524	2415	1252	n
21153779	2415	1251	n
21154030	2414	1254	n
21154281	2414	1253	n
21154570	2415	1252	n
21164960	2414	1253	n
21165437	2414	1251	n
21165694	2411	1249	n
21165978	2414	1253	n
21166229	2415	1251	n
21166481	2412	1251	n
21176881	2415	1252	n
21177371	2413	1253	n
21177652	2415	1253	n
21177904	2414	1251	n
21178155	2412	1250	n
21178415	2414	1251	n
21178693	2413	1251	n
21189059	2414	1252	n
21189540	2411	1252	n
21189804	2414	1251	n
21190077	2413	1251	n
21190328	2416	1251	n
21190583	2414	1251	n
21201012	2414	1251	n
21201532	2414	1252	n
21201787	2415	1253	n
21202038	2414	1251	n
21202298	2413	1251	n
21202574	2413	1253	n
21213002	2414	1252	Time:00:00:00:00;;
21213700	2415	1249	n
21213951	2411	1253	n
21214202	2414	1250	n
21214453	2411	1252	n
21214709	2414	1251	n
21225076	2415	1254	n
21225327	2415	1251	n
21225584	2414	1254	n
21225839	2415	1252	n
21226091	2414	1251	n
21226342	2414	1252	n
21236708	2415	1250	n
21236959	2413	1250	n
21237210	2413	1251	n
21237461	2416	1252	n
21237717	2413	1254	n
21237968	2413	1253	n
21248330	2412	1251	n
21248587	2413	1253	n
21248842	2413	1252	n
21249093	2413	1251	n
21249345	2415	1252	n
21249601	2414	1253	n
21260009	2415	1253	n
21260260	2414	1254	n
21260515	2415	1251	n
21260770	2414	1251	n
21261021	2415	1253	n
21261273	2414	1251	n
21261530	2414	1253	n
21271945	2415	1253	n
21272196	2413	1252	n
21272447	2411	1253	n
21272703	2415	1252	n
21272954	2413	1251	n
21273205	2415	1253	n
21283591	2413	1251	n
21283846	2414	1253	n
21284097	2414	1251	n
21284349	2414	1251	n
21284604	2413	1252	n
21284860	2413	1252	n
21295284	2414	1252	n
21295538	2415	1252	n
21295793	2414	1253	n
21296045	2413	1251	n
21296296	2411	1252	n
21296553	2414	1252	n
21306980	2415	1253	n
21307231	2414	1253	n
21307487	2413	1251	n
21307742	2415	1251	n
21307994	2414	1253	n
21308245	2415	1253	n
21318627	2415	1254	n
21318878	2415	1251	n
21319130	2414	1252	n
21319381	2415	1253	n
21319639	2414	1252	n
21319890	2414	1254	n
21330302	2413	1251	n
21330555	2414	1251	n
21330810	2414	1251	n
21331061	2413	1251	n
21331313	2414	1253	n
21331566	2414	1253	n
21331822	2415	1251	n
21342239	2414	1252	n
21342495	2413	1251	n
21342750	2412	1251	n
21343001	2413	1252	n
21343253	2413	1251	n
21343506	2413	1251	n
21353882	2415	1253	n
21354133	2414	1252	n
21354384	2414	1251	n
21354643	2414	1253	n
21354894	2415	1252	n
21355146	2415	1253	n
21365581	2414	1251	n
21365836	2414	1250	n
21366087	2414	1251	n
21366339	2415	1251	n
21366592	2413	1253	n
21366848	2413	1253	n
21377273	2414	1253	n
21377530	2414	1251	n
21377785	2415	1251	n
21378037	2413	1252	n
21378288	2413	1251	n
21378541	2412	1253	n
21388969	2415	1253	n
21389220	2413	1251	n
21389471	2414	1251	n
21389727	2415	1250	n
21389979	2411	1252	n
21390230	2413	1252	n
21390482	2413	1252	n
21400889	2414	1254	n
21401140	2415	1252	n
21401391	2414	1250	n
21401653	2415	1253	n
21401904	2413	1251	n
21402155	2414	1253	n
21412535	2413	1252	n
21412791	2413	1251	n
21413042	2414	1251	n
21413293	2415	1252	n
21413549	2413	1253	n
21413805	2414	1254	n
21424227	2416	1253	n
21424479	2414	1251	n
21424735	2411	1251	n
21424987	2414	1252	n
21425238	2414	1251	n
21425494	2413	1251	n
21435871	2414	1253	n
21436122	2415	1254	n
21436374	2413	1253	n
21436631	2413	1254	n
21436882	2415	1251	n
21437133	2415	1251	n
21447568	2415	1252	n
21447823	2416	1251	n
21448074	2413	1252	n
21448326	2415	1251	n
21448581	2414	1251	n
21448836	2415	1252	n
21459246	2413	1252	n
21459501	2414	1251	n
21459756	2411	1251	n
21460008	2413	1253	n
21460259	2414	1251	n
21460515	2415	1251	n
21460771	2414	1251	n
21471182	2411	1251	n
21471433	2413	1251	n
21471691	2411	1251	n
21471942	2414	1251	n
21472194	2414	1251	n
21472445	2411	1251	n
21482826	2415	1251	n
21483077	2414	1251	n
21483328	2413	1251	n
21483583	2415	1253	n
21483838	2415	1253	n
21484090	2415	1252	n
21494523	2414	1251	n
21494779	2415	1251	n
21495030	2413	1251	n
21495281	2416	1253	n
21495539	2414	1253	n
21495794	2416	1252	n
21506217	2415	1252	n
21506468	2413	1254	n
21506724	2411	1251	n
21506975	2415	1254	n
21507226	2413	1254	n
21507478	2415	1253	n
21517861	2413	1250	n
21518112	2413	1253	n
21518363	2414	1253	n
21518621	2414	1251	n
21518872	2414	1251	n
21519123	2414	1251	n
21529540	2415	1252	n
21529795	2415	1254	n
21530046	2414	1253	n
21530297	2413	1252	n
21530552	2414	1250	n
21530808	2414	1251	n
21531059	2416	1253	n
21541476	2413	1253	n
21541734	2414	1253	n
21541985	2414	1251	n
21542236	2415	1251	n
21542491	2413	1251	n
21542747	2412	1253	n
21553120	2415	1251	n
21553371	2413	1252	n
21553628	2413	1250	n
21553879	2415	1253	n
21554131	2414	1251	n
21554382	2414	1251	n
21564815	2413	1251	n
21565066	2412	1252	n
21565318	2414	1251	n
21565573	2413	1253	n
21565828	2411	1251	n
21566079	2413	1252	n
21576514	2413	1253	n
21576770	2413	1251	n
21577021	2416	1253	n
21577272	2414	1251	n
21577530	2414	1251	n
21577785	2413	1251	n
21588207	2413	1251	n
21588458	2415	1251	n
21588714	2412	1251	n
21588965	2412	1251	n
21589216	2414	1250	n
21589467	2414	1252	n
21589722	2413	1251	n
21600126	2413	1251	n
21600377	2412	1251	n
21600634	2413	1251	n
21600885	2413	1251	n
21601137	2413	1253	n
21601388	2413	1250	n
21611772	2415	1254	n
21612023	2415	1252	n
21612275	2415	1251	n
21612530	2415	1253	n
21612785	2415	1251	n
21613037	2414	1251	n
21623397	2413	1250	n
21623657	2413	1253	n
21623908	2414	1252	n
21624159	2413	1254	n
21624411	2413	1253	n
21624666	2415	1252	n
21635022	2413	1250	n
21635274	2413	1251	n
21635529	2415	1251	n
21635785	2414	1251	n
21636036	2414	1251	n
21636287	2412	1253	n
21646718	2412	1249	n
21646969	2414	1251	n
21647220	2411	1251	n
21647471	2413	1251	n
21647728	2413	1250	n
21647979	2413	1250	n
21658345	2413	1252	n
21658600	2413	1251	n
21658856	2414	1253	n
21659107	2415	1253	n
21659358	2413	1252	n
21659616	2412	1251	n
21659871	2413	1251	n
21670247	2411	1252	n
21670504	2410	1251	n
21670760	2411	1251	n
21671011	2411	1250	n
21671262	2411	1251	n
21671518	2415	1250	n
21681891	2413	1250	n
21682142	2414	1251	n
21682393	2414	1253	n
21682652	2414	1251	n
21682903	2411	1251	n
21683154	2411	1251	n
21693538	2414	1251	n
21693793	2415	1252	n
21694045	2413	1249	n
21694296	2413	1251	n
21694553	2413	1251	n
21694808	2415	1251	n
21705230	2413	1251	n
21705487	2414	1253	n
21705743	2415	1251	n
21705994	2414	1251	n
21706245	2413	1251	n
21706502	2413	1251	n
21716926	2415	1252	n
21717177	2415	1253	n
21717428	2414	1253	n
21717685	2415	1251	n
21717936	2415	1251	n
21718187	2414	1251	n
21728553	2414	1253	n
21728809	2415	1251	n
21729060	2415	1251	n
21729311	2413	1250	n
21729566	2413	1252	n
21729821	2415	1251	n
21730072	2414	1251	n
21740455	2412	1251	n
21740711	2411	1251	n
21740962	2414	1253	n
21741213	2414	1253	n
21741464	2416	1250	n
21741720	2412	1251	n
21752099	2414	1253	n
21752350	2414	1251	n
21752604	2413	1253	n
21752860	2414	1254	n
21753111	2414	1252	n
21753362	2413	1252	n
21763746	2415	1252	n
21763997	2414	1250	n
21764249	2412	1251	n
21764504	2412	1252	n
21764760	2414	1250	n
21765011	2415	1251	n
21775437	2411	1251	n
21775699	2414	1251	n
21775950	2415	1250	n
21776201	2414	1251	n
21776452	2412	1252	n
21776708	2414	1253	n
21787133	2415	1251	n
21787384	2413	1252	n
21787644	2413	1251	n
21787895	2414	1251	n
21788146	2415	1252	n
21788397	2414	1253	n
21798760	2415	1254	n
21799011	2413	1251	n
21799262	2414	1252	n
21799519	2414	1252	n
21799774	2415	1253	n
21800025	2415	1253	n
21800276	2414	1252	n
21810667	2411	1250	n
21810918	2413	1250	n
21811169	2412	1251	n
21811420	2413	1253	n
21811676	2415	1251	n
21811927	2415	1250	n
21822306	2414	1253	n
21822559	2413	1253	n
21822814	2414	1253	n
21823065	2415	1251	n
21823316	2414	1251	n
21823573	2414	1252	n
21833950	2413	1251	n
21834201	2413	1251	n
21834452	2413	1252	n
21834708	2413	1251	n
21834959	2414	1251	n
21835210	2414	1251	n
21845650	2415	1252	n
21845901	2414	1251	n
21846152	2414	1252	n
21846403	2415	1251	n
21846660	2414	1250	n
21846911	2414	1253	n
21857341	2413	1251	n
21857598	2414	1253	n
21857853	2415	1254	n
21858105	2414	1253	n
21858356	2412	1251	n
21858609	2413	1251	n
21869037	2414	1253	n
21869288	2414	1253	n
21869541	2412	1252	n
21869797	2411	1252	n
21870048	2414	1251	n
21870299	2413	1253	n
21870556	2415	1254	n
21880956	2413	1254	n
21881207	2413	1253	n
21881458	2416	1253	n
21881714	2415	1251	n
21881966	2414	1251	n
21882217	2413	1252	n
21892604	2414	1252	n
21892859	2416	1251	n
21893110	2415	1251	n
21893362	2415	1253	n
21893622	2415	1253	n
21893873	2414	1253	n
21904295	2414	1251	n
21904552	2414	1254	n
21904808	2415	1252	n
21905059	2412	1251	n
21905310	2414	1251	n
21905566	2416	1252	n
21915939	2415	1252	n
21916190	2414	1253	n
21916442	2411	1251	n
21916699	2411	1251	n
21916950	2414	1251	n
21917201	2414	1251	n
21927639	2414	1253	n
21927890	2414	1253	n
21928142	2415	1251	n
21928393	2415	1251	n
21928653	2411	1251	n
21928904	2414	1251	n
21939314	2413	1253	n
21939570	2413	1250	n
21939826	2411	1249	n
21940078	2412	1251	n
21940329	2414	1251	n
21940584	2413	1251	n
21940839	2412	1252	n
21951250	2413	1250	n
21951504	2413	1252	n
21951759	2412	1253	n
21952010	2413	1253	n
21952262	2414	1251	n
21952519	2415	1253	n
21962894	2413	1250	n
21963145	2414	1251	n
21963396	2411	1252	n
21963657	2412	1250	n
21963908	2413	1251	n
21964159	2411	1250	n
21974591	2414	1251	n
21974847	2413	1251	n
21975098	2414	1254	n
21975349	2415	1253	n
21975604	2415	1253	n
21975859	2414	1252	n
21986285	2413	1251	n
21986710	2411	1251	n
21986984	2411	1250	n
21987235	2411	1251	n
21987492	2412	1251	n
21987756	2413	1251	n
21998144	2414	1252	n
21998628	2413	1251	n
21998879	2413	1251	n
21999130	2413	1252	n
21999412	2411	1249	n
21999668	2411	1251	n
21999919	2413	1251	n
22010331	2414	1251	Time:00:00:00:00;;
22011059	2411	1251	n
22011310	2414	1252	n
22011566	2415	1252	n
22011830	2415	1251	n
22022234	2415	1253	n
22022720	2415	1254	n
22022971	2415	1254	n
22023232	2413	1251	n
22023507	2414	1251	n
22023763	2414	1252	n
22024014	2414	1253	n
22034395	2415	1251	n
22034910	2414	1251	n
22035162	2414	1253	n
22035413	2411	1250	n
22035677	2413	1251	n
22035951	2415	1253	n
22046349	2412	1251	n
22046837	2415	1251	n
22047097	2414	1251	n
22047371	2413	1252	n
22047628	2414	1251	n
22047879	2415	1252	n
22058286	2414	1253	n
22058802	2415	1253	n
22059053	2413	1252	n
22059305	2414	1254	n
22059567	2415	1251	Time:00:00:00:00;;
22060061	2415	1252	n
22070504	2415	1251	n
22070985	2413	1251	n
22071267	2415	1253	n
22071521	2415	1253	n
22071777	2415	1251	n
22072028	2413	1253	n
22082461	2416	1253	n
22082942	2414	1254	n
22083193	2413	1251	n
22083445	2411	1251	n
22083732	2411	1251	n
22083983	2413	1251	n
22084234	2413	1251	n
22094600	2413	1251	n
22095088	2415	1251	n
22095362	2412	1251	n
22095622	2414	1250	n
22095873	2413	1252	n
22096133	2414	1251	n
22106555	2414	1252	n
22107044	2415	1253	n
22107295	2413	1251	n
22107557	2415	1251	n
22107835	2414	1250	n
22108086	2415	1252	n
22118508	2413	1254	n
22118997	2413	1250	n
22119271	2412	1253	n
22119524	2414	1250	n
22119779	2414	1252	n
22120039	2413	1251	n
22120313	2413	1251	n
22130740	2411	1254	n
22131217	2411	1250	n
22131477	2414	1252	n
22131757	2413	1251	n
22132008	2413	1253	n
22132259	2414	1253	n
22142694	2414	1253	n
22143201	2414	1251	n
22143452	2414	1252	n
22143708	2413	1251	n
22143968	2414	1251	n
22144243	2413	1251	n
22154632	2414	1252	n
22155115	2414	1254	n
22155375	2414	1254	n
22155659	2414	1251	n
22155910	2415	1251	n
22156161	2415	1253	n
22156422	2416	1253	n
22166884	2415	1253	n
22167362	2413	1253	n
22167623	2413	1251	n
22167882	2414	1253	n
22168156	2411	1251	n
22168407	2414	1251	n
22178829	2415	1251	n
22179320	2414	1251	n
22179598	2415	1251	n
22179853	2413	1251	n
22180104	2414	1253	n
22180364	2413	1253	n
22190819	2414	1254	n
22191302	2415	1251	n
22191555	2414	1252	n
221