ets Jun  8 2016 00:22:57

rst:0x10 (RTCWDT_RTC_RESET),boot:0x13 (SPI_FAST_FLASH_BOOT)
configsip: 0, SPIWP:0xee
clk_drv:0x00,q_drv:0x00,d_drv:0x00,cs0_drv:0x00,hd_drv:0x00,wp_drv:0x00
mode:DIO, clock div:1
load:0x3fff0030,len:4832
load:0x40078000,len:16460
load:0x40080400,len:4
load:0x40080404,len:3504
entry 0x400805cc
11000	2368	1481	-0.11	0.39	n
21004	2367	1484	-0.03	0.15	n
31003	2368	1482	-0.11	0.31	n
41003	2368	1483	-0.11	0.23	n
51003	2368	1483	-0.11	0.23	n
61003	2367	1483	-0.03	0.23	n
71003	2367	1481	-0.03	0.39	n
81003	2367	1481	-0.03	0.39	n
91003	2368	1482	-0.11	0.31	n
101003	2368	1481	-0.11	0.39	n
111003	2367	1481	-0.03	0.39	n
121003	2369	1481	-0.20	0.39	n
131003	2366	1482	0.05	0.31	n
141002	2367	1481	-0.03	0.39	n
151001	2366	1479	0.05	0.55	n
161001	2367	1482	-0.03	0.31	n
171001	2368	1482	-0.11	0.31	n
181000	2368	1481	-0.11	0.39	n
190999	2368	1481	-0.11	0.39	n
200999	2369	1482	-0.20	0.31	n
210999	2368	1479	-0.11	0.55	n
220999	2369	1482	-0.20	0.31	n
230999	2367	1482	-0.03	0.31	n
240999	2368	1482	-0.11	0.31	n
250999	2367	1480	-0.03	0.47	n
260999	2368	1483	-0.11	0.23	n
270998	2368	1482	-0.11	0.31	n
280998	2368	1481	-0.11	0.39	n
290998	2368	1482	-0.11	0.31	n
300998	2368	1483	-0.11	0.23	n
310998	2369	1483	-0.20	0.23	n
320998	2367	1481	-0.03	0.39	n
330998	2368	1482	-0.11	0.31	n
340998	2368	1481	-0.11	0.39	n
350998	2368	1479	-0.11	0.55	n
360998	2367	1479	-0.03	0.55	n
370998	2367	1479	-0.03	0.55	n
380997	2367	1481	-0.03	0.39	n
390998	2368	1482	-0.11	0.31	n
400998	2367	1479	-0.03	0.55	n
410998	2367	1481	-0.03	0.39	n
420998	2367	1482	-0.03	0.31	n
430998	2367	1483	-0.03	0.23	n
440998	2367	1483	-0.03	0.23	n
450998	2368	1481	-0.11	0.39	n
460998	2367	1481	-0.03	0.39	n
470998	2367	1482	-0.03	0.31	n
480998	2368	1482	-0.11	0.31	n
490999	2368	1482	-0.11	0.31	Date:2024/12/8;;Time:05:42:54:00;;
500998	2369	1481	-0.20	0.39	n
510999	2367	1481	-0.03	0.39	n
520999	2369	1482	-0.20	0.31	n
530998	2368	1483	-0.11	0.23	n
540998	2369	1482	-0.20	0.31	n
550998	2368	1482	-0.11	0.31	Time:05:42:54:00;;
560997	2367	1483	-0.03	0.23	n
570997	2366	1482	0.05	0.31	n
580996	2367	1481	-0.03	0.39	n
590996	2367	1482	-0.03	0.31	n
600996	2369	1482	-0.20	0.31	n
610995	2368	1483	-0.11	0.23	n
620994	2368	1481	-0.11	0.39	n
630993	2368	1481	-0.11	0.39	n
640993	2370	1483	-0.28	0.23	n
650993	2368	1483	-0.11	0.23	n
660992	2368	1480	-0.11	0.47	n
670992	2367	1482	-0.03	0.31	n
680992	2367	1481	-0.03	0.39	n
690992	2367	1483	-0.03	0.23	n
700993	2368	1482	-0.11	0.31	n
710993	2367	1481	-0.03	0.39	n
721000	2366	1479	0.05	0.55	n
731001	2368	1482	-0.11	0.31	n
741001	2368	1481	-0.11	0.39	n
751001	2369	1483	-0.20	0.23	n
761000	2367	1481	-0.03	0.39	n
771000	2368	1483	-0.11	0.23	n
781000	2367	1481	-0.03	0.39	n
791000	2368	1481	-0.11	0.39	n
801001	2367	1481	-0.03	0.39	n
811001	2368	1482	-0.11	0.31	n
821001	2368	1483	-0.11	0.23	n
831000	2367	1482	-0.03	0.31	n
841000	2368	1481	-0.11	0.39	n
851000	2369	1483	-0.20	0.23	n
860999	2369	1481	-0.20	0.39	n
870998	2367	1481	-0.03	0.39	Date:2024/12/8;;Time:05:42:54:00;;
880997	2365	1479	0.14	0.55	n
890996	2368	1480	-0.11	0.47	n
900995	2366	1481	0.05	0.39	n
910995	2368	1481	-0.11	0.39	n
920994	2368	1483	-0.11	0.23	n
930993	2368	1481	-0.11	0.39	n
940993	2367	1482	-0.03	0.31	n
950993	2368	1483	-0.11	0.23	n
960992	2368	1482	-0.11	0.31	n
970992	2368	1483	-0.11	0.23	n
980992	2368	1483	-0.11	0.23	n
990992	2368	1482	-0.11	0.31	n
1000992	2369	1483	-0.20	0.23	n
1010992	2368	1481	-0.11	0.39	n
1020992	2367	1479	-0.03	0.55	n
1030991	2368	1481	-0.11	0.39	n
1040991	2368	1481	-0.11	0.39	n
1050991	2368	1482	-0.11	0.31	n
1060990	2368	1481	-0.11	0.39	n
1070990	2368	1482	-0.11	0.31	n
1080990	2368	1479	-0.11	0.55	n
1090990	2369	1482	-0.20	0.31	n
1100990	2367	1481	-0.03	0.39	n
1110989	2368	1481	-0.11	0.39	n
1120988	2367	1483	-0.03	0.23	n
1130988	2368	1482	-0.11	0.31	n
1140987	2368	1482	-0.11	0.31	n
1150987	2367	1479	-0.03	0.55	n
1160987	2367	1482	-0.03	0.31	n
1170987	2369	1482	-0.20	0.31	n
1180987	2367	1482	-0.03	0.31	n
1190987	2367	1483	-0.03	0.23	n
1200987	2368	1479	-0.11	0.55	n
1210987	2366	1482	0.05	0.31	n
1220987	2367	1481	-0.03	0.39	n
1230987	2368	1483	-0.11	0.23	n
1240987	2369	1482	-0.20	0.31	n
1250987	2367	1482	-0.03	0.31	n
1260987	2367	1481	-0.03	0.39	n
1270987	2369	1481	-0.20	0.39	n
1280987	2368	1482	-0.11	0.31	n
1290987	2370	1482	-0.28	0.31	n
1300987	2367	1482	-0.03	0.31	n
1310987	2367	1481	-0.03	0.39	n
1320987	2368	1483	-0.11	0.23	n
1330987	2368	1482	-0.11	0.31	n
1340987	2368	1482	-0.11	0.31	n
1350987	2367	1482	-0.03	0.31	n
1360987	2367	1482	-0.03	0.31	n
1370987	2368	1481	-0.11	0.39	n
1380987	2368	1483	-0.11	0.23	n
1390987	2368	1481	-0.11	0.39	n
1400987	2368	1479	-0.11	0.55	n
1410987	2367	1482	-0.03	0.31	n
1420987	2368	1482	-0.11	0.31	n
1430986	2368	1483	-0.11	0.23	n
1440987	2367	1483	-0.03	0.23	n
1450987	2369	1483	-0.20	0.23	n
1460987	2368	1479	-0.11	0.55	n
1470987	2368	1482	-0.11	0.31	n
1480987	2366	1483	0.05	0.23	n
1490986	2369	1481	-0.20	0.39	n
1500985	2368	1482	-0.11	0.31	Date:2024/12/8;;Time:05:42:55:00;;
1510984	2367	1479	-0.03	0.55	n
1520984	2367	1479	-0.03	0.55	n
1530983	2368	1481	-0.11	0.39	n
1540983	2368	1482	-0.11	0.31	n
1550984	2368	1483	-0.11	0.23	n
1560984	2368	1482	-0.11	0.31	Time:05:42:55:00;;
1570984	2368	1478	-0.11	0.63	n
1580984	2370	1483	-0.28	0.23	n
1590984	2369	1482	-0.20	0.31	n
1600984	2370	1483	-0.28	0.23	n
1610983	2371	1483	-0.36	0.23	n
1620992	2369	1483	-0.20	0.23	n
1630991	2370	1482	-0.28	0.31	n
1640991	2369	1483	-0.20	0.23	n
1650991	2369	1483	-0.20	0.23	n
1660991	2370	1484	-0.28	0.15	n
1670992	2369	1484	-0.20	0.15	n
1680992	2368	1483	-0.11	0.23	n
1690992	2368	1482	-0.11	0.31	n
1700992	2369	1482	-0.20	0.31	n
1710992	2371	1484	-0.36	0.15	n
1720992	2369	1483	-0.20	0.23	n
1730991	2369	1485	-0.20	0.07	n
1740991	2369	1483	-0.20	0.23	n
1750990	2368	1483	-0.11	0.23	n
1760990	2369	1483	-0.20	0.23	n
1770989	2369	1484	-0.20	0.15	n
1780989	2369	1482	-0.20	0.31	n
1790989	2368	1482	-0.11	0.31	n
1800989	2371	1483	-0.36	0.23	n
1810989	2368	1479	-0.11	0.55	n
1820989	2368	1483	-0.11	0.23	n
1830990	2369	1485	-0.20	0.07	n
1840990	2368	1483	-0.11	0.23	n
1850989	2369	1482	-0.20	0.31	n
1860989	2370	1484	-0.28	0.15	n
1870988	2369	1485	-0.20	0.07	n
1880988	2371	1483	-0.36	0.23	Date:2024/12/8;;Time:05:42:55:00;;
1890988	2369	1484	-0.20	0.15	n
1900988	2370	1483	-0.28	0.23	n
1910987	2367	1481	-0.03	0.39	n
1920987	2369	1483	-0.20	0.23	n
1930987	2370	1483	-0.28	0.23	n
1940987	2369	1483	-0.20	0.23	n
1950987	2370	1485	-0.28	0.07	n
1960987	2370	1485	-0.28	0.07	n
1970987	2370	1484	-0.28	0.15	n
1980987	2369	1482	-0.20	0.31	n
1990987	2369	1483	-0.20	0.23	n
2000987	2368	1484	-0.11	0.15	n
2010987	2369	1483	-0.20	0.23	n
2020987	2370	1485	-0.28	0.07	n
2030987	2370	1485	-0.28	0.07	n
2040987	2369	1483	-0.20	0.23	n
2050986	2368	1481	-0.11	0.39	n
2060985	2370	1482	-0.28	0.31	n
2070985	2371	1484	-0.36	0.15	n
2080985	2368	1483	-0.11	0.23	n
2090985	2369	1483	-0.20	0.23	n
2100985	2369	1485	-0.20	0.07	n
2110984	2368	1483	-0.11	0.23	n
2120984	2368	1482	-0.11	0.31	n
2130984	2371	1484	-0.36	0.15	n
2140984	2370	1483	-0.28	0.23	n
2150984	2370	1483	-0.28	0.23	n
2160983	2369	1482	-0.20	0.31	n
2170982	2370	1482	-0.28	0.31	n
2180981	2369	1483	-0.20	0.23	n
2190980	2368	1483	-0.11	0.23	n
2200980	2369	1482	-0.20	0.31	n
2210980	2368	1483	-0.11	0.23	n
2220980	2368	1484	-0.11	0.15	n
2230980	2368	1482	-0.11	0.31	n
2240980	2369	1485	-0.20	0.07	n
2250979	2371	1483	-0.36	0.23	n
2260979	2369	1483	-0.20	0.23	n
2270979	2369	1485	-0.20	0.07	n
2280978	2370	1483	-0.28	0.23	n
2290978	2369	1483	-0.20	0.23	n
2300978	2369	1482	-0.20	0.31	n
2310978	2369	1484	-0.20	0.15	n
2320978	2371	1483	-0.36	0.23	n
2330978	2369	1485	-0.20	0.07	Date:2024/12/8;;Time:05:42:56:00;;
2340978	2370	1483	-0.28	0.23	n
2350978	2370	1484	-0.28	0.15	n
2360978	2369	1481	-0.20	0.39	n
2370978	2368	1482	-0.11	0.31	n
2380978	2369	1482	-0.20	0.31	n
2390978	2369	1483	-0.20	0.23	Time:05:42:56:00;;
2400977	2369	1482	-0.20	0.31	n
2410976	2370	1483	-0.28	0.23	n
2420976	2369	1482	-0.20	0.31	n
2430976	2369	1481	-0.20	0.39	n
2440976	2368	1481	-0.11	0.39	n
2450976	2368	1483	-0.11	0.23	n
2460976	2370	1483	-0.28	0.23	n
2470976	2371	1484	-0.36	0.15	n
2480976	2371	1484	-0.36	0.15	n
2490975	2371	1485	-0.36	0.07	n
2500974	2369	1483	-0.20	0.23	n
2510974	2371	1483	-0.36	0.23	n
2520974	2370	1483	-0.28	0.23	n
2530974	2369	1483	-0.20	0.23	n
2540973	2370	1482	-0.28	0.31	n
2550973	2371	1484	-0.36	0.15	n
2560979	2371	1484	-0.36	0.15	n
2570979	2370	1484	-0.28	0.15	n
2580979	2369	1483	-0.20	0.23	n
2590979	2370	1483	-0.28	0.23	n
2600979	2368	1482	-0.11	0.31	n
2610979	2369	1482	-0.20	0.31	n
2620979	2371	1483	-0.36	0.23	n
2630979	2371	1483	-0.36	0.23	n
2640979	2369	1484	-0.20	0.15	n
2650979	2371	1483	-0.36	0.23	n
2660978	2369	1484	-0.20	0.15	n
2670978	2369	1483	-0.20	0.23	n
2680978	2371	1485	-0.36	0.07	n
2690978	2370	1483	-0.28	0.23	n
2700978	2369	1484	-0.20	0.15	n
2710979	2368	1483	-0.11	0.23	Date:2024/12/8;;Time:05:42:56:00;;
2720979	2369	1483	-0.20	0.23	n
2730979	2369	1483	-0.20	0.23	n
2740978	2369	1483	-0.20	0.23	n
2750977	2370	1483	-0.28	0.23	n
2760976	2369	1484	-0.20	0.15	n
2770976	2369	1485	-0.20	0.07	n
2780975	2370	1483	-0.28	0.23	n
2790976	2369	1483	-0.20	0.23	n
2800976	2369	1484	-0.20	0.15	n
2810976	2369	1483	-0.20	0.23	n
2820976	2369	1483	-0.20	0.23	n
2830976	2370	1485	-0.28	0.07	n
2840976	2370	1483	-0.28	0.23	n
2850976	2371	1483	-0.36	0.23	n
2860975	2370	1483	-0.28	0.23	n
2870974	2370	1485	-0.28	0.07	n
2880974	2369	1483	-0.20	0.23	n
2890974	2371	1483	-0.36	0.23	n
2900974	2369	1486	-0.20	-0.01	n
2910974	2369	1481	-0.20	0.39	n
2920973	2369	1483	-0.20	0.23	n
2930972	2369	1482	-0.20	0.31	n
2940971	2369	1482	-0.20	0.31	n
2950971	2369	1482	-0.20	0.31	n
2960971	2370	1483	-0.28	0.23	n
2970970	2369	1482	-0.20	0.31	n
2980970	2371	1482	-0.36	0.31	n
2990970	2369	1483	-0.20	0.23	n
3000970	2370	1484	-0.28	0.15	n
3010969	2370	1485	-0.28	0.07	n
3020969	2369	1483	-0.20	0.23	n
3030968	2369	1483	-0.20	0.23	n
3040967	2371	1484	-0.36	0.15	n
3050966	2370	1483	-0.28	0.23	n
3060965	2369	1483	-0.20	0.23	n
3070965	2370	1483	-0.28	0.23	n
3080965	2370	1483	-0.28	0.23	n
3090964	2369	1483	-0.20	0.23	n
3100963	2370	1483	-0.28	0.23	n
3110963	2369	1482	-0.20	0.31	n
3120963	2369	1485	-0.20	0.07	n
3130962	2369	1483	-0.20	0.23	n
3140961	2369	1483	-0.20	0.23	n
3150960	2370	1483	-0.28	0.23	n
3160959	2368	1484	-0.11	0.15	n
3170959	2371	1483	-0.36	0.23	n
3180959	2370	1482	-0.28	0.31	n
3190958	2371	1482	-0.36	0.31	n
3200957	2371	1483	-0.36	0.23	n
3210957	2370	1483	-0.28	0.23	n
3220957	2370	1484	-0.28	0.15	n
3230957	2368	1484	-0.11	0.15	n
3240957	2371	1484	-0.36	0.15	n
3250957	2370	1483	-0.28	0.23	n
3260957	2369	1482	-0.20	0.31	n
3270957	2370	1485	-0.28	0.07	n
3280956	2371	1483	-0.36	0.23	n
3290956	2370	1483	-0.28	0.23	n
3300956	2369	1484	-0.20	0.15	n
3310957	2370	1482	-0.28	0.31	n
3320957	2369	1482	-0.20	0.31	n
3330957	2369	1484	-0.20	0.15	Date:2024/12/8;;Time:05:42:57:00;;
3340957	2369	1483	-0.20	0.23	n
3350957	2368	1483	-0.11	0.23	n
3360957	2369	1483	-0.20	0.23	n
3370956	2370	1482	-0.28	0.31	n
3380956	2370	1482	-0.28	0.31	n
3390956	2368	1482	-0.11	0.31	Time:05:42:57:00;;
3400955	2368	1483	-0.11	0.23	n
3410955	2368	1482	-0.11	0.31	n
3420955	2371	1483	-0.36	0.23	n
3430955	2370	1483	-0.28	0.23	n
3440955	2368	1481	-0.11	0.39	n
3450955	2369	1484	-0.20	0.15	n
3460956	2369	1484	-0.20	0.15	n
3470956	2369	1483	-0.20	0.23	n
3480956	2372	1483	-0.45	0.23	n
3490964	2369	1483	-0.20	0.23	n
3500964	2370	1483	-0.28	0.23	n
3510964	2370	1483	-0.28	0.23	n
3520964	2370	1483	-0.28	0.23	n
3530964	2367	1482	-0.03	0.31	n
3540963	2368	1482	-0.11	0.31	n
3550963	2371	1483	-0.36	0.23	n
3560963	2371	1484	-0.36	0.15	n
3570963	2369	1482	-0.20	0.31	n
3580962	2368	1484	-0.11	0.15	n
3590966	2369	1483	-0.20	0.23	n
3600965	2369	1482	-0.20	0.31	n
3610965	2370	1483	-0.28	0.23	n
3620965	2369	1483	-0.20	0.23	n
3630965	2369	1485	-0.20	0.07	n
3640969	2369	1484	-0.20	0.15	n
3650969	2370	1483	-0.28	0.23	n
3660969	2369	1482	-0.20	0.31	n
3670968	2370	1483	-0.28	0.23	n
3680968	2369	1484	-0.20	0.15	n
3690968	2370	1484	-0.28	0.15	n
3700968	2370	1483	-0.28	0.23	n
3710968	2368	1483	-0.11	0.23	n
3720968	2369	1481	-0.20	0.39	Date:2024/12/8;;Time:05:42:57:00;;
3730968	2368	1483	-0.11	0.23	n
3740968	2369	1484	-0.20	0.15	n
3750967	2368	1482	-0.11	0.31	n
3760967	2369	1483	-0.20	0.23	n
3770966	2369	1482	-0.20	0.31	n
3780966	2371	1482	-0.36	0.31	n
3790965	2370	1484	-0.28	0.15	n
3800965	2371	1483	-0.36	0.23	n
3810964	2368	1484	-0.11	0.15	n
3820965	2369	1484	-0.20	0.15	n
3830965	2370	1482	-0.28	0.31	n
3840964	2368	1482	-0.11	0.31	n
3850965	2371	1483	-0.36	0.23	n
3860965	2370	1483	-0.28	0.23	n
3870964	2370	1483	-0.28	0.23	n
3880965	2369	1482	-0.20	0.31	n
3890965	2369	1483	-0.20	0.23	n
3900965	2369	1483	-0.20	0.23	n
3910965	2369	1482	-0.20	0.31	n
3920965	2369	1481	-0.20	0.39	n
3930965	2370	1482	-0.28	0.31	n
3940965	2369	1482	-0.20	0.31	n
3950965	2367	1481	-0.03	0.39	n
3960965	2367	1481	-0.03	0.39	n
3970965	2368	1483	-0.11	0.23	n
3980965	2369	1483	-0.20	0.23	n
3990965	2368	1481	-0.11	0.39	n
4000964	2368	1479	-0.11	0.55	n
4010963	2367	1483	-0.03	0.23	n
4020963	2369	1482	-0.20	0.31	n
4030962	2368	1482	-0.11	0.31	n
4040962	2367	1482	-0.03	0.31	n
4050961	2368	1483	-0.11	0.23	n
4060960	2369	1482	-0.20	0.31	n
4070960	2369	1483	-0.20	0.23	n
4080960	2368	1483	-0.11	0.23	n
4090959	2369	1482	-0.20	0.31	n
4100959	2369	1481	-0.20	0.39	n
4110959	2368	1485	-0.11	0.07	n
4120958	2370	1481	-0.28	0.39	n
4130958	2370	1482	-0.28	0.31	n
4140958	2369	1482	-0.20	0.31	n
4150958	2369	1481	-0.20	0.39	n
4160958	2367	1482	-0.03	0.31	n
4170958	2368	1481	-0.11	0.39	n
4180958	2369	1483	-0.20	0.23	n
4190957	2368	1483	-0.11	0.23	n
4200957	2368	1479	-0.11	0.55	n
4210957	2369	1481	-0.20	0.39	n
4220956	2368	1483	-0.11	0.23	n
4230956	2368	1481	-0.11	0.39	n
4240955	2368	1481	-0.11	0.39	n
4250955	2368	1483	-0.11	0.23	n
4260955	2367	1479	-0.03	0.55	n
4270954	2367	1482	-0.03	0.31	n
4280954	2368	1482	-0.11	0.31	n
4290953	2368	1482	-0.11	0.31	n
4300953	2367	1481	-0.03	0.39	n
4310953	2368	1482	-0.11	0.31	n
4320953	2367	1483	-0.03	0.23	n
4330953	2369	1483	-0.20	0.23	Date:2024/12/8;;Time:05:42:58:00;;
4340952	2368	1481	-0.11	0.39	n
4350952	2369	1482	-0.20	0.31	n
4360951	2369	1481	-0.20	0.39	n
4370951	2368	1482	-0.11	0.31	n
4380951	2369	1483	-0.20	0.23	n
4390951	2368	1483	-0.11	0.23	Time:05:42:58:00;;
4400951	2368	1481	-0.11	0.39	n
4410951	2368	1481	-0.11	0.39	n
4420951	2367	1481	-0.03	0.39	n
4430951	2368	1482	-0.11	0.31	n
4440951	2368	1482	-0.11	0.31	n
4450951	2368	1482	-0.11	0.31	n
4460950	2369	1481	-0.20	0.39	n
4470951	2368	1481	-0.11	0.39	n
4480951	2369	1482	-0.20	0.31	n
4490951	2367	1481	-0.03	0.39	n
4500951	2369	1482	-0.20	0.31	n
4510951	2368	1482	-0.11	0.31	n
4520953	2369	1483	-0.20	0.23	n
4530954	2370	1483	-0.28	0.23	n
4540954	2368	1482	-0.11	0.31	n
4550953	2368	1482	-0.11	0.31	n
4560953	2368	1481	-0.11	0.39	n
4570953	2369	1481	-0.20	0.39	n
4580952	2368	1482	-0.11	0.31	n
4590952	2369	1482	-0.20	0.31	n
4600951	2367	1483	-0.03	0.23	n
4610951	2369	1482	-0.20	0.31	n
4620951	2369	1481	-0.20	0.39	n
4630951	2368	1481	-0.11	0.39	n
4640950	2366	1483	0.05	0.23	n
4650951	2368	1483	-0.11	0.23	n
4660951	2366	1482	0.05	0.31	n
4670951	2368	1483	-0.11	0.23	n
4680951	2367	1482	-0.03	0.31	n
4690951	2367	1482	-0.03	0.31	n
4700951	2368	1481	-0.11	0.39	n
4710951	2367	1481	-0.03	0.39	n
4720951	2368	1482	-0.11	0.31	Date:2024/12/8;;Time:05:42:58:00;;
4730951	2369	1483	-0.20	0.23	n
4740951	2368	1481	-0.11	0.39	n
4750950	2368	1482	-0.11	0.31	n
4760950	2368	1479	-0.11	0.55	n
4770949	2368	1481	-0.11	0.39	n
4780948	2368	1482	-0.11	0.31	n
4790947	2367	1479	-0.03	0.55	n
4800947	2369	1483	-0.20	0.23	n
4810947	2368	1482	-0.11	0.31	n
4820947	2369	1481	-0.20	0.39	n
4830946	2368	1483	-0.11	0.23	n
4840946	2367	1483	-0.03	0.23	n
4850945	2368	1483	-0.11	0.23	n
4860944	2368	1481	-0.11	0.39	n
4870943	2368	1482	-0.11	0.31	n
4880943	2368	1484	-0.11	0.15	n
4890943	2369	1483	-0.20	0.23	n
4900943	2368	1482	-0.11	0.31	n
4910942	2367	1482	-0.03	0.31	n
4920941	2368	1483	-0.11	0.23	n
4930941	2369	1483	-0.20	0.23	n
4940941	2366	1482	0.05	0.31	n
4950941	2367	1479	-0.03	0.55	n
4960941	2368	1483	-0.11	0.23	n
4970941	2367	1479	-0.03	0.55	n
4980941	2367	1482	-0.03	0.31	n
4990941	2369	1482	-0.20	0.31	n
5000941	2369	1482	-0.20	0.31	n
5010941	2369	1481	-0.20	0.39	n
5020941	2369	1482	-0.20	0.31	n
5030940	2368	1482	-0.11	0.31	n
5040940	2367	1483	-0.03	0.23	n
5050939	2369	1481	-0.20	0.39	n
5060938	2368	1483	-0.11	0.23	n
5070937	2368	1481	-0.11	0.39	n
5080936	2368	1483	-0.11	0.23	n
5090935	2368	1482	-0.11	0.31	n
5100935	2367	1482	-0.03	0.31	n
5110935	2367	1481	-0.03	0.39	n
5120935	2368	1481	-0.11	0.39	n
5130934	2368	1481	-0.11	0.39	n
5140934	2369	1482	-0.20	0.31	n
5150934	2368	1482	-0.11	0.31	n
5160934	2368	1482	-0.11	0.31	n
5170934	2369	1481	-0.20	0.39	n
5180933	2368	1482	-0.11	0.31	n
5190932	2368	1482	-0.11	0.31	n
5200932	2368	1483	-0.11	0.23	n
5210932	2369	1483	-0.20	0.23	n
5220932	2367	1483	-0.03	0.23	n
5230932	2367	1482	-0.03	0.31	n
5240932	2368	1483	-0.11	0.23	n
5250932	2367	1483	-0.03	0.23	n
5260932	2367	1479	-0.03	0.55	n
5270932	2367	1481	-0.03	0.39	n
5280932	2369	1483	-0.20	0.23	n
5290932	2369	1482	-0.20	0.31	n
5300932	2368	1482	-0.11	0.31	n
5310932	2369	1479	-0.20	0.55	n
5320932	2369	1483	-0.20	0.23	n
5330932	2370	1483	-0.28	0.23	n
5340941	2368	1482	-0.11	0.31	Date:2024/12/8;;Time:05:42:59:00;;
5350941	2367	1482	-0.03	0.31	n
5360941	2368	1484	-0.11	0.15	n
5370941	2368	1482	-0.11	0.31	n
5380941	2367	1482	-0.03	0.31	n
5390941	2369	1483	-0.20	0.23	n
5400941	2369	1483	-0.20	0.23	Time:05:42:59:00;;
5410941	2367	1482	-0.03	0.31	n
5420941	2367	1481	-0.03	0.39	n
5430941	2368	1483	-0.11	0.23	n
5440940	2368	1481	-0.11	0.39	n
5450939	2368	1482	-0.11	0.31	n
5460939	2369	1482	-0.20	0.31	n
5470940	2368	1483	-0.11	0.23	n
5480940	2367	1478	-0.03	0.63	n
5490939	2368	1482	-0.11	0.31	n
5500939	2367	1479	-0.03	0.55	n
5510938	2368	1483	-0.11	0.23	n
5520938	2369	1485	-0.20	0.07	n
5530938	2369	1482	-0.20	0.31	n
5540938	2367	1483	-0.03	0.23	n
5550937	2368	1482	-0.11	0.31	n
5560937	2368	1481	-0.11	0.39	n
5570937	2366	1481	0.05	0.39	n
5580936	2369	1483	-0.20	0.23	n
5590936	2369	1479	-0.20	0.55	n
5600936	2369	1482	-0.20	0.31	n
5610936	2369	1483	-0.20	0.23	n
5620936	2368	1482	-0.11	0.31	n
5630936	2367	1483	-0.03	0.23	n
5640937	2368	1483	-0.11	0.23	n
5650936	2367	1481	-0.03	0.39	n
5660935	2368	1482	-0.11	0.31	n
5670935	2369	1482	-0.20	0.31	n
5680935	2368	1482	-0.11	0.31	n
5690935	2368	1482	-0.11	0.31	n
5700935	2368	1483	-0.11	0.23	n
5710935	2367	1482	-0.03	0.31	n
5720941	2368	1483	-0.11	0.23	n
5730941	2366	1479	0.05	0.55	Date:2024/12/8;;Time:05:42:59:00;;
5740941	2368	1483	-0.11	0.23	n
5750941	2369	1479	-0.20	0.55	n
5760940	2369	1483	-0.20	0.23	n
5770939	2367	1482	-0.03	0.31	n
5780938	2369	1483	-0.20	0.23	n
5790938	2369	1482	-0.20	0.31	n
5800938	2368	1483	-0.11	0.23	n
5810937	2368	1479	-0.11	0.55	n
5820936	2368	1483	-0.11	0.23	n
5830936	2368	1483	-0.11	0.23	n
5840935	2368	1482	-0.11	0.31	n
5850935	2368	1479	-0.11	0.55	n
5860935	2368	1483	-0.11	0.23	n
5870934	2367	1481	-0.03	0.39	n
5880933	2368	1483	-0.11	0.23	n
5890932	2367	1483	-0.03	0.23	n
5900932	2368	1481	-0.11	0.39	n
5910932	2368	1483	-0.11	0.23	n
5920932	2368	1483	-0.11	0.23	n
5930932	2368	1483	-0.11	0.23	n
5940932	2368	1482	-0.11	0.31	n
5950932	2369	1483	-0.20	0.23	n
5960932	2368	1482	-0.11	0.31	n
5970932	2369	1483	-0.20	0.23	n
5980932	2369	1481	-0.20	0.39	n
5990932	2369	1482	-0.20	0.31	n
6000932	2368	1482	-0.11	0.31	n
6010932	2368	1481	-0.11	0.39	n
6020931	2368	1482	-0.11	0.31	n
6030930	2367	1481	-0.03	0.39	n
6040930	2368	1480	-0.11	0.47	n
6050930	2368	1483	-0.11	0.23	n
6060929	2368	1482	-0.11	0.31	n
6070929	2369	1482	-0.20	0.31	n
6080928	2369	1481	-0.20	0.39	n
6090927	2368	1482	-0.11	0.31	n
6100927	2369	1481	-0.20	0.39	n
6110927	2369	1482	-0.20	0.31	n
6120926	2370	1484	-0.28	0.15	n
6130925	2368	1481	-0.11	0.39	n
6140925	2368	1482	-0.11	0.31	n
6150925	2368	1481	-0.11	0.39	n
6160924	2369	1483	-0.20	0.23	n
6170924	2368	1482	-0.11	0.31	n
6180923	2368	1482	-0.11	0.31	n
6190922	2367	1481	-0.03	0.39	n
6200922	2367	1483	-0.03	0.23	n
6210921	2368	1480	-0.11	0.47	n
6220920	2368	1483	-0.11	0.23	n
6230921	2369	1482	-0.20	0.31	n
6240921	2369	1483	-0.20	0.23	n
6250921	2369	1482	-0.20	0.31	n
6260921	2369	1482	-0.20	0.31	n
6270921	2368	1483	-0.11	0.23	n
6280921	2368	1482	-0.11	0.31	n
6290921	2368	1483	-0.11	0.23	n
6300920	2369	1483	-0.20	0.23	n
6310920	2368	1483	-0.11	0.23	n
6320920	2368	1483	-0.11	0.23	n
6330920	2368	1482	-0.11	0.31	Date:2024/12/8;;Time:05:43:00:00;;
6340920	2368	1481	-0.11	0.39	n
6350920	2367	1483	-0.03	0.23	n
6360920	2367	1481	-0.03	0.39	n
6370920	2367	1483	-0.03	0.23	n
6380921	2368	1482	-0.11	0.31	n
6390921	2368	1483	-0.11	0.23	Time:05:43:00:00;;
6400921	2370	1483	-0.28	0.23	n
6410921	2369	1483	-0.20	0.23	n
6420921	2369	1483	-0.20	0.23	n
6430920	2369	1483	-0.20	0.23	n
6440920	2368	1482	-0.11	0.31	n
6450920	2369	1481	-0.20	0.39	n
6460919	2368	1483	-0.11	0.23	n
6470919	2367	1482	-0.03	0.31	n
6480920	2368	1483	-0.11	0.23	n
6490919	2369	1482	-0.20	0.31	n
6500919	2368	1481	-0.11	0.39	n
6510918	2369	1482	-0.20	0.31	n
6520917	2369	1481	-0.20	0.39	n
6530917	2368	1484	-0.11	0.15	n
6540926	2369	1484	-0.20	0.15	n
6550926	2372	1483	-0.45	0.23	n
6560926	2369	1482	-0.20	0.31	n
6570926	2368	1482	-0.11	0.31	n
6580927	2369	1483	-0.20	0.23	n
6590926	2370	1483	-0.28	0.23	n
6600926	2369	1483	-0.20	0.23	n
6610925	2368	1483	-0.11	0.23	n
6620924	2368	1483	-0.11	0.23	n
6630924	2369	1479	-0.20	0.55	n
6640923	2368	1483	-0.11	0.23	n
6650923	2368	1485	-0.11	0.07	n
6660923	2368	1481	-0.11	0.39	n
6670922	2367	1479	-0.03	0.55	n
6680922	2369	1483	-0.20	0.23	n
6690922	2369	1483	-0.20	0.23	n
6700921	2369	1482	-0.20	0.31	n
6710922	2368	1481	-0.11	0.39	n
6720921	2367	1482	-0.03	0.31	Date:2024/12/8;;Time:05:43:00:00;;
6730921	2369	1482	-0.20	0.31	n
6740921	2367	1482	-0.03	0.31	n
6750921	2370	1482	-0.28	0.31	n
6760920	2369	1484	-0.20	0.15	n
6770919	2368	1483	-0.11	0.23	n
6780919	2369	1483	-0.20	0.23	n
6790918	2368	1484	-0.11	0.15	n
6800918	2370	1481	-0.28	0.39	n
6810918	2368	1482	-0.11	0.31	n
6820918	2367	1483	-0.03	0.23	n
6830917	2368	1483	-0.11	0.23	n
6840917	2370	1484	-0.28	0.15	n
6850918	2368	1482	-0.11	0.31	n
6860918	2368	1481	-0.11	0.39	n
6870918	2368	1483	-0.11	0.23	n
6880918	2368	1482	-0.11	0.31	n
6890917	2369	1482	-0.20	0.31	n
6900916	2368	1483	-0.11	0.23	n
6910915	2369	1484	-0.20	0.15	n
6920914	2369	1481	-0.20	0.39	n
6930914	2368	1482	-0.11	0.31	n
6940913	2368	1483	-0.11	0.23	n
6950913	2368	1483	-0.11	0.23	n
6960913	2369	1483	-0.20	0.23	n
6970912	2368	1482	-0.11	0.31	n
6980912	2366	1482	0.05	0.31	n
6990912	2368	1482	-0.11	0.31	n
7000911	2369	1484	-0.20	0.15	n
7010911	2369	1482	-0.20	0.31	n
7020910	2368	1481	-0.11	0.39	n
7030910	2369	1482	-0.20	0.31	n
7040910	2370	1481	-0.28	0.39	n
7050910	2369	1483	-0.20	0.23	n
7060910	2368	1483	-0.11	0.23	n
7070910	2369	1483	-0.20	0.23	n
7080910	2368	1483	-0.11	0.23	n
7090910	2369	1482	-0.20	0.31	n
7100910	2369	1482	-0.20	0.31	n
7110909	2368	1483	-0.11	0.23	n
7120908	2372	1483	-0.45	0.23	n
7130907	2369	1483	-0.20	0.23	n
7140906	2368	1482	-0.11	0.31	n
7150905	2370	1483	-0.28	0.23	n
7160905	2370	1483	-0.28	0.23	n
7170904	2369	1483	-0.20	0.23	n
7180903	2369	1483	-0.20	0.23	n
7190903	2369	1482	-0.20	0.31	n
7200902	2370	1482	-0.28	0.31	n
7210902	2370	1485	-0.28	0.07	n
7220902	2369	1482	-0.20	0.31	n
7230902	2371	1484	-0.36	0.15	n
7240902	2369	1483	-0.20	0.23	n
7250902	2370	1482	-0.28	0.31	n
7260902	2369	1482	-0.20	0.31	n
7270902	2369	1483	-0.20	0.23	n
7280902	2368	1482	-0.11	0.31	n
7290901	2369	1484	-0.20	0.15	n
7300901	2368	1482	-0.11	0.31	n
7310901	2370	1482	-0.28	0.31	n
7320901	2370	1485	-0.28	0.07	n
7330901	2371	1483	-0.36	0.23	Date:2024/12/8;;Time:05:43:01:00;;
7340901	2369	1482	-0.20	0.31	n
7350901	2368	1483	-0.11	0.23	n
7360901	2369	1481	-0.20	0.39	n
7370901	2368	1484	-0.11	0.15	n
7380901	2369	1483	-0.20	0.23	n
7390901	2369	1483	-0.20	0.23	n
7400901	2368	1482	-0.11	0.31	Time:05:43:01:00;;
7410901	2371	1483	-0.36	0.23	n
7420900	2368	1483	-0.11	0.23	n
7430899	2369	1483	-0.20	0.23	n
7440899	2369	1484	-0.20	0.15	n
7450899	2370	1483	-0.28	0.23	n
7460899	2369	1482	-0.20	0.31	n
7470898	2368	1484	-0.11	0.15	n
7480898	2369	1486	-0.20	-0.01	n
7490898	2368	1484	-0.11	0.15	n
7500897	2369	1483	-0.20	0.23	n
7510897	2367	1482	-0.03	0.31	n
7520896	2367	1481	-0.03	0.39	n
7530896	2367	1482	-0.03	0.31	n
7540896	2369	1478	-0.20	0.63	n
7550896	2368	1483	-0.11	0.23	n
7560895	2370	1483	-0.28	0.23	n
7570896	2369	1483	-0.20	0.23	n
7580896	2368	1483	-0.11	0.23	n
7590896	2367	1481	-0.03	0.39	n
7600896	2369	1483	-0.20	0.23	n
7610905	2369	1483	-0.20	0.23	n
7620905	2369	1482	-0.20	0.31	n
7630905	2369	1483	-0.20	0.23	n
7640905	2370	1485	-0.28	0.07	n
7650905	2370	1483	-0.28	0.23	n
7660905	2369	1482	-0.20	0.31	n
7670904	2370	1483	-0.28	0.23	n
7680904	2370	1481	-0.28	0.39	n
7690904	2370	1483	-0.28	0.23	n
7700904	2369	1482	-0.20	0.31	n
7710904	2368	1482	-0.11	0.31	n
7720903	2370	1483	-0.28	0.23	n
7730902	2370	1483	-0.28	0.23	Date:2024/12/8;;Time:05:43:01:00;;
7740902	2369	1482	-0.20	0.31	n
7750902	2367	1483	-0.03	0.23	n
7760902	2370	1483	-0.28	0.23	n
7770902	2370	1481	-0.28	0.39	n
7780902	2368	1483	-0.11	0.23	n
7790902	2369	1483	-0.20	0.23	n
7800902	2369	1483	-0.20	0.23	n
7810901	2370	1484	-0.28	0.15	n
7820901	2369	1485	-0.20	0.07	n
7830901	2370	1482	-0.28	0.31	n
7840900	2368	1481	-0.11	0.39	n
7850900	2369	1482	-0.20	0.31	n
7860900	2368	1481	-0.11	0.39	n
7870899	2368	1482	-0.11	0.31	n
7880898	2369	1483	-0.20	0.23	n
7890897	2368	1483	-0.11	0.23	n
7900897	2368	1482	-0.11	0.31	n
7910897	2367	1483	-0.03	0.23	n
7920896	2368	1482	-0.11	0.31	n
7930896	2368	1483	-0.11	0.23	n
7940896	2368	1482	-0.11	0.31	n
7950895	2368	1482	-0.11	0.31	n
7960895	2369	1484	-0.20	0.15	n
7970894	2369	1483	-0.20	0.23	n
7980894	2370	1483	-0.28	0.23	n
7990893	2370	1483	-0.28	0.23	n
8000893	2368	1482	-0.11	0.31	n
8010893	2369	1483	-0.20	0.23	n
8020893	2368	1481	-0.11	0.39	n
8030892	2368	1482	-0.11	0.31	n
8040892	2369	1483	-0.20	0.23	n
8050891	2370	1482	-0.28	0.31	n
8060890	2370	1483	-0.28	0.23	n
8070890	2369	1482	-0.20	0.31	n
8080889	2369	1483	-0.20	0.23	n
8090888	2370	1483	-0.28	0.23	n
8100887	2370	1482	-0.28	0.31	n
8110888	2370	1484	-0.28	0.15	n
8120888	2369	1484	-0.20	0.15	n
8130888	2369	1482	-0.20	0.31	n
8140888	2370	1483	-0.28	0.23	n
8150888	2368	1483	-0.11	0.23	n
8160888	2369	1483	-0.20	0.23	n
8170888	2370	1483	-0.28	0.23	n
8180888	2368	1482	-0.11	0.31	n
8190888	2369	1483	-0.20	0.23	n
8200888	2368	1483	-0.11	0.23	n
8210887	2369	1483	-0.20	0.23	n
8220886	2368	1482	-0.11	0.31	n
8230886	2368	1483	-0.11	0.23	n
8240886	2370	1484	-0.28	0.15	n
8250886	2368	1482	-0.11	0.31	n
8260886	2373	1483	-0.53	0.23	n
8270886	2370	1483	-0.28	0.23	n
8280886	2369	1484	-0.20	0.15	n
8290886	2369	1484	-0.20	0.15	n
8300886	2368	1481	-0.11	0.39	n
8310886	2369	1483	-0.20	0.23	n
8320886	2369	1482	-0.20	0.31	n
8330887	2369	1483	-0.20	0.23	Date:2024/12/8;;Time:05:43:02:00;;
8340887	2369	1485	-0.20	0.07	n
8350888	2369	1483	-0.20	0.23	n
8360888	2369	1485	-0.20	0.07	n
8370888	2369	1483	-0.20	0.23	n
8380888	2369	1483	-0.20	0.23	n
8390888	2369	1482	-0.20	0.31	n
8400888	2369	1484	-0.20	0.15	Time:05:43:02:00;;
8410888	2369	1483	-0.20	0.23	n
8420888	2370	1483	-0.28	0.23	n
8430888	2369	1483	-0.20	0.23	n
8440888	2369	1484	-0.20	0.15	n
8450888	2368	1482	-0.11	0.31	n
8460889	2368	1483	-0.11	0.23	n
8470889	2368	1483	-0.11	0.23	n
8480888	2369	1483	-0.20	0.23	n
8490888	2369	1481	-0.20	0.39	n
8500888	2370	1482	-0.28	0.31	n
8510888	2370	1483	-0.28	0.23	n
8520887	2368	1484	-0.11	0.15	n
8530888	2368	1483	-0.11	0.23	n
8540887	2368	1482	-0.11	0.31	n
8550886	2369	1482	-0.20	0.31	n
8560886	2368	1483	-0.11	0.23	n
8570886	2372	1484	-0.45	0.15	n
8580885	2371	1484	-0.36	0.15	n
8590885	2370	1483	-0.28	0.23	n
8600885	2369	1484	-0.20	0.15	n
8610885	2369	1483	-0.20	0.23	n
8620885	2368	1483	-0.11	0.23	n
8630885	2370	1483	-0.28	0.23	n
8640894	2372	1484	-0.45	0.15	n
8650894	2370	1483	-0.28	0.23	n
8660894	2368	1483	-0.11	0.23	n
8670893	2369	1482	-0.20	0.31	n
8680892	2371	1483	-0.36	0.23	n
8690891	2369	1483	-0.20	0.23	n
8700891	2369	1483	-0.20	0.23	n
8710890	2368	1481	-0.11	0.39	n
8720889	2369	1483	-0.20	0.23	n
8730889	2370	1482	-0.28	0.31	Date:2024/12/8;;Time:05:43:02:00;;
8740889	2371	1482	-0.36	0.31	n
8750889	2371	1483	-0.36	0.23	n
8760888	2370	1482	-0.28	0.31	n
8770888	2373	1485	-0.53	0.07	n
8780888	2368	1482	-0.11	0.31	n
8790888	2369	1483	-0.20	0.23	n
8800888	2370	1483	-0.28	0.23	n
8810887	2369	1482	-0.20	0.31	n
8820886	2369	1483	-0.20	0.23	n
8830886	2370	1484	-0.28	0.15	n
8840886	2367	1482	-0.03	0.31	n
8850885	2369	1483	-0.20	0.23	n
8860884	2370	1485	-0.28	0.07	n
8870883	2369	1483	-0.20	0.23	n
8880882	2370	1482	-0.28	0.31	n
8890882	2369	1483	-0.20	0.23	n
8900882	2371	1483	-0.36	0.23	n
8910882	2370	1483	-0.28	0.23	n
8920882	2368	1483	-0.11	0.23	n
8930881	2368	1484	-0.11	0.15	n
8940881	2370	1483	-0.28	0.23	n
8950881	2370	1483	-0.28	0.23	n
8960881	2371	1485	-0.36	0.07	n
8970880	2368	1482	-0.11	0.31	n
8980880	2369	1483	-0.20	0.23	n
8990879	2369	1483	-0.20	0.23	n
9000879	2368	1481	-0.11	0.39	n
9010879	2368	1482	-0.11	0.31	n
9020879	2370	1483	-0.28	0.23	n
9030879	2370	1483	-0.28	0.23	n
9040879	2369	1483	-0.20	0.23	n
9050879	2367	1479	-0.03	0.55	n
9060878	2369	1481	-0.20	0.39	n
9070878	2370	1482	-0.28	0.31	n
9080878	2367	1482	-0.03	0.31	n
9090878	2369	1482	-0.20	0.31	n
9100877	2369	1483	-0.20	0.23	n
9110877	2370	1481	-0.28	0.39	n
9120877	2369	1482	-0.20	0.31	n
9130877	2369	1482	-0.20	0.31	n
9140877	2369	1485	-0.20	0.07	n
9150877	2369	1482	-0.20	0.31	n
9160877	2368	1482	-0.11	0.31	n
9170877	2368	1481	-0.11	0.39	n
9180877	2369	1483	-0.20	0.23	n
9190877	2369	1482	-0.20	0.31	n
9200877	2368	1481	-0.11	0.39	n
9210877	2369	1483	-0.20	0.23	n
9220877	2370	1484	-0.28	0.15	n
9230877	2369	1482	-0.20	0.31	n
9240877	2369	1482	-0.20	0.31	n
9250877	2369	1482	-0.20	0.31	n
9260876	2371	1483	-0.36	0.23	n
9270877	2369	1482	-0.20	0.31	n
9280877	2368	1483	-0.11	0.23	n
9290877	2369	1483	-0.20	0.23	n
9300877	2371	1484	-0.36	0.15	n
9310877	2369	1483	-0.20	0.23	n
9320877	2368	1483	-0.11	0.23	n
9330877	2369	1481	-0.20	0.39	n
9340877	2369	1485	-0.20	0.07	n
9350877	2369	1485	-0.20	0.07	n
9360877	2368	1483	-0.11	0.23	Location:lat:35.504377lon:139.465201;;Date:2024/12/8;;Time:05:43:03:00;;
9370877	2370	1483	-0.28	0.23	n
9380877	2369	1482	-0.20	0.31	n
9390876	2369	1482	-0.20	0.31	n
9400876	2369	1483	-0.20	0.23	n
9410876	2370	1483	-0.28	0.23	n
9420876	2372	1484	-0.45	0.15	n
9430876	2368	1484	-0.11	0.15	n
9440875	2368	1484	-0.11	0.15	n
9450875	2367	1481	-0.03	0.39	n
9460874	2369	1482	-0.20	0.31	n
9470874	2369	1483	-0.20	0.23	n
9480874	2369	1483	-0.20	0.23	Location:lat:35.504377lon:139.465201;;Time:05:43:03:00;;
9490874	2368	1482	-0.11	0.31	n
9500874	2369	1483	-0.20	0.23	n
9510874	2369	1481	-0.20	0.39	n
9520874	2370	1483	-0.28	0.23	n
9530874	2370	1482	-0.28	0.31	n
9540874	2369	1481	-0.20	0.39	n
9550874	2369	1482	-0.20	0.31	n
9560873	2369	1482	-0.20	0.31	n
9570874	2368	1481	-0.11	0.39	n
9580874	2367	1483	-0.03	0.23	n
9590873	2371	1483	-0.36	0.23	n
9600873	2369	1482	-0.20	0.31	n
9610872	2368	1482	-0.11	0.31	n
9620872	2369	1483	-0.20	0.23	n
9630872	2370	1484	-0.28	0.15	n
9640871	2369	1483	-0.20	0.23	n
9650872	2368	1482	-0.11	0.31	n
9660872	2369	1483	-0.20	0.23	n
9670872	2368	1484	-0.11	0.15	n
9680872	2369	1484	-0.20	0.15	n
9690872	2370	1483	-0.28	0.23	n
9700872	2371	1482	-0.36	0.31	n
9710872	2369	1485	-0.20	0.07	n
9720872	2371	1483	-0.36	0.23	n
9730872	2369	1483	-0.20	0.23	n
9740872	2369	1482	-0.20	0.31	n
9750872	2369	1483	-0.20	0.23	n
9760871	2368	1483	-0.11	0.23	n
9770871	2368	1482	-0.11	0.31	n
9780871	2369	1483	-0.20	0.23	n
9790870	2369	1482	-0.20	0.31	n
9800870	2370	1483	-0.28	0.23	n
9810870	2369	1484	-0.20	0.15	n
9820870	2369	1481	-0.20	0.39	n
9830870	2369	1485	-0.20	0.07	Location:lat:35.504377lon:139.465201;;Date:2024/12/8;;Time:05:43:03:00;;
9840869	2368	1483	-0.11	0.23	n
9850869	2370	1482	-0.28	0.31	n
9860869	2369	1484	-0.20	0.15	n
9870869	2370	1483	-0.28	0.23	n
9880869	2370	1483	-0.28	0.23	n
9890869	2368	1483	-0.11	0.23	n
9900868	2369	1482	-0.20	0.31	n
9910867	2367	1483	-0.03	0.23	n
9920866	2371	1484	-0.36	0.15	n
9930865	2369	1482	-0.20	0.31	n
9940864	2369	1483	-0.20	0.23	n
9950864	2370	1483	-0.28	0.23	n
9960864	2369	1485	-0.20	0.07	n
9970864	2368	1483	-0.11	0.23	n
9980864	2369	1483	-0.20	0.23	n
9990864	2369	1483	-0.20	0.23	n
10000863	2369	1482	-0.20	0.31	n
10010863	2371	1483	-0.36	0.23	n
10020863	2369	1484	-0.20	0.15	n
10030862	2370	1483	-0.28	0.23	n
10040862	2370	1482	-0.28	0.31	n
10050862	2370	1482	-0.28	0.31	n
10060862	2370	1483	-0.28	0.23	n
10070862	2368	1479	-0.11	0.55	n
10080862	2370	1482	-0.28	0.31	n
10090862	2369	1483	-0.20	0.23	n
10100862	2369	1483	-0.20	0.23	n
10110861	2369	1479	-0.20	0.55	n
10120861	2371	1483	-0.36	0.23	n
10130861	2369	1482	-0.20	0.31	n
10140860	2371	1484	-0.36	0.15	n
10150860	2370	1483	-0.28	0.23	n
10160860	2369	1482	-0.20	0.31	n
10170859	2368	1483	-0.11	0.23	n
10180859	2369	1483	-0.20	0.23	n
10190859	2369	1483	-0.20	0.23	n
10200859	2370	1484	-0.28	0.15	n
10210859	2368	1482	-0.11	0.31	n
10220859	2369	1484	-0.20	0.15	n
10230859	2368	1482	-0.11	0.31	n
10240859	2370	1482	-0.28	0.31	n
10250859	2369	1484	-0.20	0.15	n
10260859	2369	1482	-0.20	0.31	n
10270859	2370	1482	-0.28	0.31	n
10280859	2369	1482	-0.20	0.31	n
10290859	2369	1485	-0.20	0.07	n
10300859	2371	1485	-0.36	0.07	n
10310859	2370	1484	-0.28	0.15	n
10320858	2368	1482	-0.11	0.31	n
10330858	2368	1482	-0.11	0.31	n
10340858	2368	1483	-0.11	0.23	n
10350858	2370	1483	-0.28	0.23	n
10360858	2368	1482	-0.11	0.31	Location:lat:35.504373lon:139.465196;;Date:2024/12/8;;Time:05:43:04:00;;
10370858	2370	1482	-0.28	0.31	n
10380858	2371	1485	-0.36	0.07	n
10390858	2369	1483	-0.20	0.23	n
10400858	2369	1483	-0.20	0.23	n
10410858	2370	1483	-0.28	0.23	n
10420857	2370	1483	-0.28	0.23	n
10430857	2371	1483	-0.36	0.23	n
10440856	2369	1483	-0.20	0.23	n
10450856	2369	1483	-0.20	0.23	n
10460856	2370	1484	-0.28	0.15	n
10470855	2370	1484	-0.28	0.15	n
10480855	2370	1482	-0.28	0.31	Location:lat:35.504373lon:139.465196;;Time:05:43:04:00;;
10490855	2370	1483	-0.28	0.23	n
10500855	2369	1483	-0.20	0.23	n
10510855	2371	1483	-0.36	0.23	n
10520855	2370	1484	-0.28	0.15	n
10530854	2369	1483	-0.20	0.23	n
10540853	2370	1483	-0.28	0.23	n
10550853	2369	1482	-0.20	0.31	n
10560862	2369	1483	-0.20	0.23	n
10570861	2371	1483	-0.36	0.23	n
10580861	2368	1482	-0.11	0.31	n
10590861	2367	1483	-0.03	0.23	n
10600861	2368	1482	-0.11	0.31	n
10610860	2369	1482	-0.20	0.31	n
10620861	2370	1483	-0.28	0.23	n
10630861	2370	1482	-0.28	0.31	n
10640861	2369	1483	-0.20	0.23	n
10650861	2369	1482	-0.20	0.31	n
10660862	2369	1482	-0.20	0.31	n
10670863	2368	1483	-0.11	0.23	n
10680863	2370	1483	-0.28	0.23	n
10690863	2370	1484	-0.28	0.15	n
10700863	2369	1484	-0.20	0.15	n
10710863	2371	1482	-0.36	0.31	n
10720863	2371	1483	-0.36	0.23	n
10730863	2370	1485	-0.28	0.07	n
10740863	2371	1481	-0.36	0.39	n
10750863	2370	1483	-0.28	0.23	n
10760863	2369	1483	-0.20	0.23	n
10770863	2370	1484	-0.28	0.15	n
10780862	2371	1483	-0.36	0.23	n
10790861	2369	1482	-0.20	0.31	n
10800861	2368	1483	-0.11	0.23	n
10810861	2371	1482	-0.36	0.31	n
10820861	2369	1483	-0.20	0.23	n
10830861	2369	1483	-0.20	0.23	Location:lat:35.504373lon:139.465196;;Date:2024/12/8;;Time:05:43:04:00;;
10840861	2370	1483	-0.28	0.23	n
10850861	2370	1484	-0.28	0.15	n
10860861	2370	1483	-0.28	0.23	n
10870861	2368	1485	-0.11	0.07	n
10880860	2369	1484	-0.20	0.15	n
10890860	2369	1485	-0.20	0.07	n
10900860	2370	1484	-0.28	0.15	n
10910860	2370	1482	-0.28	0.31	n
10920860	2368	1482	-0.11	0.31	n
10930860	2369	1482	-0.20	0.31	n
10940859	2368	1483	-0.11	0.23	n
10950859	2369	1482	-0.20	0.31	n
10960859	2369	1483	-0.20	0.23	n
10970858	2369	1484	-0.20	0.15	n
10980858	2368	1483	-0.11	0.23	n
10990858	2368	1483	-0.11	0.23	n
11000858	2368	1483	-0.11	0.23	n
11010858	2369	1482	-0.20	0.31	n
11020857	2368	1482	-0.11	0.31	n
11030857	2369	1484	-0.20	0.15	n
11040857	2368	1483	-0.11	0.23	n
11050857	2369	1482	-0.20	0.31	n
11060856	2369	1483	-0.20	0.23	n
11070855	2369	1483	-0.20	0.23	n
11080855	2369	1484	-0.20	0.15	n
11090855	2367	1481	-0.03	0.39	n
11100855	2370	1485	-0.28	0.07	n
11110855	2368	1481	-0.11	0.39	n
11120855	2370	1483	-0.28	0.23	n
11130855	2368	1482	-0.11	0.31	n
11140855	2370	1483	-0.28	0.23	n
11150855	2369	1482	-0.20	0.31	n
11160855	2369	1482	-0.20	0.31	n
11170855	2369	1482	-0.20	0.31	n
11180855	2369	1483	-0.20	0.23	n
11190855	2370	1483	-0.28	0.23	n
11200855	2369	1481	-0.20	0.39	n
11210855	2369	1482	-0.20	0.31	n
11220855	2369	1485	-0.20	0.07	n
11230855	2369	1482	-0.20	0.31	n
11240855	2368	1482	-0.11	0.31	n
11250855	2369	1483	-0.20	0.23	n
11260855	2369	1483	-0.20	0.23	n
11270854	2370	1483	-0.28	0.23	n
11280855	2369	1485	-0.20	0.07	n
11290855	2372	1486	-0.45	-0.01	n
11300854	2370	1485	-0.28	0.07	n
11310854	2371	1483	-0.36	0.23	n
11320854	2369	1482	-0.20	0.31	n
11330853	2369	1485	-0.20	0.07	n
11340853	2369	1483	-0.20	0.23	n
11350853	2369	1482	-0.20	0.31	n
11360853	2371	1482	-0.36	0.31	n
11370852	2372	1483	-0.45	0.23	Location:lat:35.504386lon:139.465191;;Date:2024/12/8;;Time:05:43:05:00;;
11380853	2369	1483	-0.20	0.23	n
11390853	2370	1483	-0.28	0.23	n
11400853	2369	1483	-0.20	0.23	n
11410854	2370	1484	-0.28	0.15	n
11420855	2370	1483	-0.28	0.23	n
11430855	2370	1483	-0.28	0.23	n
11440855	2369	1484	-0.20	0.15	n
11450855	2369	1483	-0.20	0.23	n
11460856	2371	1483	-0.36	0.23	n
11470856	2369	1483	-0.20	0.23	n
11480856	2369	1482	-0.20	0.31	n
11490856	2368	1484	-0.11	0.15	Location:lat:35.504386lon:139.465191;;Time:05:43:05:00;;
11500856	2368	1484	-0.11	0.15	n
11510857	2369	1482	-0.20	0.31	n
11520857	2370	1483	-0.28	0.23	n
11530856	2367	1482	-0.03	0.31	n
11540865	2369	1482	-0.20	0.31	n
11550865	2371	1483	-0.36	0.23	n
11560865	2370	1486	-0.28	-0.01	n
11570865	2369	1483	-0.20	0.23	n
11580865	2370	1483	-0.28	0.23	n
11590866	2369	1483	-0.20	0.23	n
11600865	2367	1483	-0.03	0.23	n
11610864	2368	1483	-0.11	0.23	n
11620864	2370	1481	-0.28	0.39	n
11630863	2370	1485	-0.28	0.07	n
11640862	2369	1483	-0.20	0.23	n
11650862	2369	1483	-0.20	0.23	n
11660861	2367	1482	-0.03	0.31	n
11670861	2369	1482	-0.20	0.31	n
11680861	2370	1483	-0.28	0.23	n
11690861	2370	1482	-0.28	0.31	n
11700861	2371	1483	-0.36	0.23	n
11710861	2367	1482	-0.03	0.31	n
11720861	2368	1482	-0.11	0.31	n
11730860	2368	1483	-0.11	0.23	n
11740860	2371	1484	-0.36	0.15	n
11750860	2370	1483	-0.28	0.23	n
11760859	2371	1483	-0.36	0.23	n
11770859	2369	1483	-0.20	0.23	n
11780859	2371	1483	-0.36	0.23	n
11790858	2369	1482	-0.20	0.31	n
11800858	2370	1484	-0.28	0.15	n
11810858	2369	1483	-0.20	0.23	n
11820858	2370	1481	-0.28	0.39	n
11830858	2369	1485	-0.20	0.07	n
11840858	2371	1482	-0.36	0.31	n
11850858	2368	1483	-0.11	0.23	Location:lat:35.504386lon:139.465191;;Date:2024/12/8;;Time:05:43:05:00;;
11860858	2370	1482	-0.28	0.31	n
11870858	2370	1483	-0.28	0.23	n
11880858	2369	1484	-0.20	0.15	n
11890858	2368	1482	-0.11	0.31	n
11900858	2370	1481	-0.28	0.39	n
11910858	2369	1481	-0.20	0.39	n
11920858	2370	1483	-0.28	0.23	n
11930858	2369	1483	-0.20	0.23	n
11940858	2369	1483	-0.20	0.23	n
11950857	2369	1483	-0.20	0.23	n
11960857	2369	1482	-0.20	0.31	n
11970857	2369	1482	-0.20	0.31	n
11980856	2370	1483	-0.28	0.23	n
11990856	2370	1482	-0.28	0.31	n
12000856	2370	1483	-0.28	0.23	n
12010856	2369	1482	-0.20	0.31	n
12020855	2370	1482	-0.28	0.31	n
12030855	2369	1483	-0.20	0.23	n
12040855	2369	1483	-0.20	0.23	n
12050855	2369	1482	-0.20	0.31	n
12060855	2369	1481	-0.20	0.39	n
12070855	2371	1483	-0.36	0.23	n
12080855	2370	1482	-0.28	0.31	n
12090855	2369	1482	-0.20	0.31	n
12100854	2368	1481	-0.11	0.39	n
12110855	2369	1483	-0.20	0.23	n
12120855	2369	1483	-0.20	0.23	n
12130855	2368	1483	-0.11	0.23	n
12140855	2369	1483	-0.20	0.23	n
12150854	2370	1482	-0.28	0.31	n
12160854	2370	1483	-0.28	0.23	n
12170854	2368	1483	-0.11	0.23	n
12180854	2369	1481	-0.20	0.39	n
12190855	2368	1482	-0.11	0.31	n
12200855	2369	1483	-0.20	0.23	n
12210855	2369	1482	-0.20	0.31	n
12220855	2370	1483	-0.28	0.23	n
12230855	2369	1483	-0.20	0.23	n
12240854	2369	1483	-0.20	0.23	n
12250853	2370	1483	-0.28	0.23	n
12260853	2368	1482	-0.11	0.31	n
12270853	2369	1483	-0.20	0.23	n
12280853	2368	1482	-0.11	0.31	n
12290853	2370	1482	-0.28	0.31	n
12300853	2370	1482	-0.28	0.31	n
12310853	2369	1482	-0.20	0.31	n
12320853	2369	1483	-0.20	0.23	n
12330853	2369	1484	-0.20	0.15	n
12340853	2368	1483	-0.11	0.23	n
12350854	2370	1483	-0.28	0.23	n
12360854	2370	1484	-0.28	0.15	n
12370855	2370	1481	-0.28	0.39	Location:lat:35.504384lon:139.465194;;Date:2024/12/8;;Time:05:43:06:00;;
12380855	2370	1485	-0.28	0.07	n
12390855	2369	1482	-0.20	0.31	n
12400855	2368	1482	-0.11	0.31	n
12410855	2369	1484	-0.20	0.15	n
12420855	2370	1482	-0.28	0.31	n
12430855	2371	1485	-0.36	0.07	n
12440855	2370	1483	-0.28	0.23	n
12450855	2370	1485	-0.28	0.07	n
12460855	2369	1483	-0.20	0.23	n
12470855	2373	1485	-0.53	0.07	n
12480855	2371	1485	-0.36	0.07	n
12490854	2369	1485	-0.20	0.07	Location:lat:35.504384lon:139.465194;;Time:05:43:06:00;;
12500853	2373	1485	-0.53	0.07	n
12510862	2371	1483	-0.36	0.23	n
12520861	2369	1484	-0.20	0.15	n
12530861	2370	1483	-0.28	0.23	n
12540861	2371	1483	-0.36	0.23	n
12550861	2371	1483	-0.36	0.23	n
12560860	2369	1483	-0.20	0.23	n
12570860	2370	1482	-0.28	0.31	n
12580861	2369	1483	-0.20	0.23	n
12590861	2369	1482	-0.20	0.31	n
12600861	2370	1483	-0.28	0.23	n
12610861	2370	1485	-0.28	0.07	n
12620861	2371	1481	-0.36	0.39	n
12630861	2370	1482	-0.28	0.31	n
12640861	2369	1483	-0.20	0.23	n
12650861	2372	1485	-0.45	0.07	n
12660861	2370	1483	-0.28	0.23	n
12670861	2369	1482	-0.20	0.31	n
12680861	2370	1485	-0.28	0.07	n
12690861	2369	1483	-0.20	0.23	n
12700860	2368	1482	-0.11	0.31	n
12710860	2368	1481	-0.11	0.39	n
12720860	2369	1483	-0.20	0.23	n
12730859	2369	1483	-0.20	0.23	n
12740858	2369	1483	-0.20	0.23	n
12750858	2371	1484	-0.36	0.15	n
12760858	2369	1482	-0.20	0.31	n
12770858	2369	1484	-0.20	0.15	n
12780858	2369	1483	-0.20	0.23	n
12790858	2368	1482	-0.11	0.31	n
12800858	2370	1483	-0.28	0.23	n
12810858	2370	1483	-0.28	0.23	n
12820857	2371	1484	-0.36	0.15	n
12830857	2369	1483	-0.20	0.23	n
12840858	2369	1483	-0.20	0.23	Location:lat:35.504384lon:139.465194;;Date:2024/12/8;;Time:05:43:06:00;;
12850858	2368	1480	-0.11	0.47	n
12860858	2371	1483	-0.36	0.23	n
12870858	2370	1485	-0.28	0.07	n
12880857	2369	1483	-0.20	0.23	n
12890857	2368	1481	-0.11	0.39	n
12900857	2369	1482	-0.20	0.31	n
12910857	2370	1482	-0.28	0.31	n
12920857	2369	1483	-0.20	0.23	n
12930856	2369	1483	-0.20	0.23	n
12940855	2369	1481	-0.20	0.39	n
12950855	2370	1483	-0.28	0.23	n
12960855	2371	1483	-0.36	0.23	n
12970855	2368	1482	-0.11	0.31	n
12980855	2368	1481	-0.11	0.39	n
12990855	2368	1482	-0.11	0.31	n
13000855	2371	1483	-0.36	0.23	n
13010855	2369	1483	-0.20	0.23	n
13020855	2369	1485	-0.20	0.07	n
13030855	2369	1482	-0.20	0.31	n
13040855	2371	1483	-0.36	0.23	n
13050855	2370	1483	-0.28	0.23	n
13060855	2371	1484	-0.36	0.15	n
13070855	2370	1482	-0.28	0.31	n
13080855	2369	1484	-0.20	0.15	n
13090855	2370	1483	-0.28	0.23	n
13100855	2371	1483	-0.36	0.23	n
13110855	2369	1483	-0.20	0.23	n
13120855	2369	1482	-0.20	0.31	n
13130855	2367	1482	-0.03	0.31	n
13140855	2369	1483	-0.20	0.23	n
13150854	2369	1483	-0.20	0.23	n
13160855	2371	1482	-0.36	0.31	n
13170855	2369	1483	-0.20	0.23	n
13180854	2369	1484	-0.20	0.15	n
13190855	2370	1485	-0.28	0.07	n
13200855	2369	1483	-0.20	0.23	n
13210855	2368	1483	-0.11	0.23	n
13220855	2369	1483	-0.20	0.23	n
13230854	2369	1483	-0.20	0.23	n
13240855	2369	1483	-0.20	0.23	n
13250855	2368	1483	-0.11	0.23	n
13260855	2370	1483	-0.28	0.23	n
13270855	2369	1479	-0.20	0.55	n
13280855	2369	1482	-0.20	0.31	n
13290855	2369	1482	-0.20	0.31	n
13300854	2368	1484	-0.11	0.15	n
13310854	2368	1481	-0.11	0.39	n
13320854	2369	1482	-0.20	0.31	n
13330854	2368	1482	-0.11	0.31	n
13340855	2370	1483	-0.28	0.23	n
13350855	2369	1482	-0.20	0.31	n
13360862	2371	1482	-0.36	0.31	Location:lat:35.504370lon:139.465199;;Date:2024/12/8;;Time:05:43:07:00;;
13370862	2369	1483	-0.20	0.23	n
13380863	2369	1483	-0.20	0.23	n
13390863	2370	1482	-0.28	0.31	n
13400862	2369	1483	-0.20	0.23	n
13410871	2369	1483	-0.20	0.23	n
13420871	2369	1483	-0.20	0.23	n
13430871	2368	1483	-0.11	0.23	n
13440871	2370	1482	-0.28	0.31	n
13450871	2369	1482	-0.20	0.31	n
13460871	2370	1482	-0.28	0.31	n
13470871	2368	1480	-0.11	0.47	Location:lat:35.504370lon:139.465199;;Time:05:43:07:00;;
13480871	2368	1483	-0.11	0.23	n
13490870	2369	1484	-0.20	0.15	n
13500869	2370	1481	-0.28	0.39	n
13510869	2369	1482	-0.20	0.31	n
13520869	2371	1483	-0.36	0.23	n
13530869	2369	1485	-0.20	0.07	n
13540869	2370	1483	-0.28	0.23	n
13550869	2369	1483	-0.20	0.23	n
13560868	2369	1483	-0.20	0.23	n
13570869	2368	1483	-0.11	0.23	n
13580868	2368	1483	-0.11	0.23	n
13590867	2370	1483	-0.28	0.23	n
13600867	2368	1482	-0.11	0.31	n
13610867	2370	1484	-0.28	0.15	n
13620866	2369	1484	-0.20	0.15	n
13630866	2369	1482	-0.20	0.31	n
13640866	2367	1481	-0.03	0.39	n
13650865	2369	1481	-0.20	0.39	n
13660865	2368	1483	-0.11	0.23	n
13670864	2367	1483	-0.03	0.23	n
13680863	2368	1482	-0.11	0.31	n
13690863	2370	1483	-0.28	0.23	n
13700863	2370	1482	-0.28	0.31	n
13710863	2367	1479	-0.03	0.55	n
13720863	2368	1482	-0.11	0.31	n
13730863	2368	1483	-0.11	0.23	n
13740863	2371	1482	-0.36	0.31	n
13750863	2370	1483	-0.28	0.23	n
13760863	2371	1482	-0.36	0.31	n
13770863	2368	1482	-0.11	0.31	n
13780863	2368	1483	-0.11	0.23	n
13790863	2369	1484	-0.20	0.15	n
13800863	2370	1482	-0.28	0.31	n
13810863	2369	1482	-0.20	0.31	n
13820863	2369	1482	-0.20	0.31	n
13830863	2369	1483	-0.20	0.23	Location:lat:35.504370lon:139.465199;;Date:2024/12/8;;Time:05:43:07:00;;
13840863	2369	1482	-0.20	0.31	n
13850863	2368	1483	-0.11	0.23	n
13860863	2368	1483	-0.11	0.23	n
13870863	2368	1482	-0.11	0.31	n
13880863	2369	1481	-0.20	0.39	n
13890863	2370	1483	-0.28	0.23	n
13900863	2369	1482	-0.20	0.31	n
13910863	2369	1482	-0.20	0.31	n
13920863	2370	1483	-0.28	0.23	n
13930863	2368	1482	-0.11	0.31	n
13940863	2370	1483	-0.28	0.23	n
13950863	2369	1482	-0.20	0.31	n
13960863	2368	1483	-0.11	0.23	n
13970863	2370	1482	-0.28	0.31	n
13980863	2371	1483	-0.36	0.23	n
13990863	2369	1482	-0.20	0.31	n
14000862	2368	1483	-0.11	0.23	n
14010862	2367	1483	-0.03	0.23	n
14020862	2369	1482	-0.20	0.31	n
14030862	2369	1483	-0.20	0.23	n
14040862	2370	1482	-0.28	0.31	n
14050863	2370	1482	-0.28	0.31	n
14060863	2369	1482	-0.20	0.31	n
14070863	2369	1485	-0.20	0.07	n
14080862	2367	1479	-0.03	0.55	n
14090863	2368	1482	-0.11	0.31	n
14100863	2368	1483	-0.11	0.23	n
14110863	2369	1481	-0.20	0.39	n
14120862	2370	1483	-0.28	0.23	n
14130862	2369	1482	-0.20	0.31	n
14140861	2369	1483	-0.20	0.23	n
14150861	2370	1481	-0.28	0.39	n
14160861	2369	1483	-0.20	0.23	n
14170860	2369	1483	-0.20	0.23	n
14180860	2368	1481	-0.11	0.39	n
14190860	2368	1483	-0.11	0.23	n
14200859	2369	1483	-0.20	0.23	n
14210859	2368	1482	-0.11	0.31	n
14220859	2369	1482	-0.20	0.31	n
14230859	2369	1482	-0.20	0.31	n
14240859	2369	1485	-0.20	0.07	n
14250859	2371	1485	-0.36	0.07	n
14260859	2372	1483	-0.45	0.23	n
14270859	2369	1483	-0.20	0.23	n
14280859	2369	1479	-0.20	0.55	n
14290859	2368	1483	-0.11	0.23	n
14300858	2369	1482	-0.20	0.31	n
14310858	2368	1483	-0.11	0.23	n
14320857	2368	1482	-0.11	0.31	n
14330856	2368	1482	-0.11	0.31	n
14340856	2369	1483	-0.20	0.23	n
14350856	2371	1483	-0.36	0.23	n
14360855	2371	1482	-0.36	0.31	Location:lat:35.504368lon:139.465197;;Date:2024/12/8;;Time:05:43:08:00;;
14370855	2369	1485	-0.20	0.07	n
14380855	2368	1483	-0.11	0.23	n
14390855	2369	1482	-0.20	0.31	n
14400855	2369	1481	-0.20	0.39	n
14410855	2370	1483	-0.28	0.23	n
14420854	2369	1483	-0.20	0.23	n
14430854	2369	1483	-0.20	0.23	n
14440854	2369	1483	-0.20	0.23	n
14450855	2368	1482	-0.11	0.31	n
14460855	2368	1481	-0.11	0.39	n
14470855	2369	1482	-0.20	0.31	Location:lat:35.504368lon:139.465197;;Time:05:43:08:00;;
14480855	2370	1482	-0.28	0.31	n
14490855	2369	1482	-0.20	0.31	n
14500855	2369	1481	-0.20	0.39	n
14510855	2369	1483	-0.20	0.23	n
14520855	2369	1483	-0.20	0.23	n
14530855	2370	1483	-0.28	0.23	n
14540855	2370	1483	-0.28	0.23	n
14550855	2369	1483	-0.20	0.23	n
14560855	2370	1482	-0.28	0.31	n
14570856	2369	1483	-0.20	0.23	n
14580856	2369	1481	-0.20	0.39	n
14590856	2368	1483	-0.11	0.23	n
14600856	2368	1483	-0.11	0.23	n
14610856	2370	1481	-0.28	0.39	n
14620856	2370	1485	-0.28	0.07	n
14630856	2370	1482	-0.28	0.31	n
14640855	2371	1483	-0.36	0.23	n
14650855	2369	1483	-0.20	0.23	n
14660854	2369	1479	-0.20	0.55	n
14670854	2368	1482	-0.11	0.31	n
14680854	2369	1482	-0.20	0.31	n
14690853	2370	1483	-0.28	0.23	n
14700854	2369	1483	-0.20	0.23	n
14710855	2369	1483	-0.20	0.23	n
14720855	2369	1482	-0.20	0.31	n
14730855	2369	1481	-0.20	0.39	n
14740855	2369	1483	-0.20	0.23	n
14750855	2369	1482	-0.20	0.31	n
14760855	2370	1482	-0.28	0.31	n
14770856	2370	1483	-0.28	0.23	n
14780856	2371	1485	-0.36	0.07	n
14790855	2371	1483	-0.36	0.23	n
14800864	2372	1485	-0.45	0.07	n
14810863	2371	1483	-0.36	0.23	n
14820863	2369	1484	-0.20	0.15	n
14830863	2369	1483	-0.20	0.23	Location:lat:35.504368lon:139.465197;;Date:2024/12/8;;Time:05:43:08:00;;
14840863	2370	1483	-0.28	0.23	n
14850863	2369	1482	-0.20	0.31	n
14860863	2369	1482	-0.20	0.31	n
14870862	2368	1482	-0.11	0.31	n
14880863	2370	1483	-0.28	0.23	n
14890863	2370	1483	-0.28	0.23	n
14900863	2369	1483	-0.20	0.23	n
14910863	2368	1481	-0.11	0.39	n
14920863	2368	1483	-0.11	0.23	n
14930863	2371	1482	-0.36	0.31	n
14940863	2370	1483	-0.28	0.23	n
14950863	2368	1483	-0.11	0.23	n
14960863	2369	1483	-0.20	0.23	n
14970863	2369	1482	-0.20	0.31	n
14980862	2368	1484	-0.11	0.15	n
14990863	2370	1482	-0.28	0.31	n
15000863	2368	1483	-0.11	0.23	n
15010863	2370	1483	-0.28	0.23	n
15020863	2369	1483	-0.20	0.23	n
15030863	2368	1482	-0.11	0.31	n
15040863	2368	1483	-0.11	0.23	n
15050863	2369	1483	-0.20	0.23	n
15060862	2368	1483	-0.11	0.23	n
15070862	2371	1483	-0.36	0.23	n
15080862	2369	1484	-0.20	0.15	n
15090862	2369	1482	-0.20	0.31	n
15100862	2369	1485	-0.20	0.07	n
15110861	2371	1483	-0.36	0.23	n
15120861	2370	1483	-0.28	0.23	n
15130861	2369	1483	-0.20	0.23	n
15140860	2368	1483	-0.11	0.23	n
15150859	2370	1483	-0.28	0.23	n
15160859	2368	1482	-0.11	0.31	n
15170859	2367	1483	-0.03	0.23	n
15180859	2368	1483	-0.11	0.23	n
15190859	2367	1481	-0.03	0.39	n
15200859	2369	1483	-0.20	0.23	n
15210859	2368	1482	-0.11	0.31	n
15220859	2369	1484	-0.20	0.15	n
15230858	2369	1483	-0.20	0.23	n
15240858	2370	1483	-0.28	0.23	n
15250858	2369	1483	-0.20	0.23	n
15260858	2369	1482	-0.20	0.31	n
15270857	2370	1482	-0.28	0.31	n
15280857	2369	1482	-0.20	0.31	n
15290856	2371	1483	-0.36	0.23	n
15300855	2369	1483	-0.20	0.23	n
15310862	2369	1483	-0.20	0.23	n
15320862	2369	1483	-0.20	0.23	n
15330861	2369	1483	-0.20	0.23	n
15340861	2368	1482	-0.11	0.31	n
15350860	2369	1482	-0.20	0.31	n
15360860	2369	1483	-0.20	0.23	Location:lat:35.504354lon:139.465203;;Date:2024/12/8;;Time:05:43:09:00;;
15370860	2368	1483	-0.11	0.23	n
15380859	2368	1482	-0.11	0.31	n
15390859	2369	1483	-0.20	0.23	n
15400859	2369	1483	-0.20	0.23	n
15410859	2370	1483	-0.28	0.23	n
15420859	2369	1483	-0.20	0.23	n
15430859	2370	1482	-0.28	0.31	n
15440859	2369	1484	-0.20	0.15	n
15450858	2368	1483	-0.11	0.23	n
15460858	2371	1485	-0.36	0.07	n
15470858	2369	1479	-0.20	0.55	Location:lat:35.504354lon:139.465203;;Time:05:43:09:00;;
15480858	2369	1481	-0.20	0.39	n
15490858	2370	1482	-0.28	0.31	n
15500857	2370	1483	-0.28	0.23	n
15510857	2368	1482	-0.11	0.31	n
15520858	2369	1483	-0.20	0.23	n
15530858	2370	1483	-0.28	0.23	n
15540858	2371	1485	-0.36	0.07	n
15550857	2371	1483	-0.36	0.23	n
15560857	2369	1483	-0.20	0.23	n
15570857	2369	1485	-0.20	0.07	n
15580856	2370	1482	-0.28	0.31	n
15590856	2369	1482	-0.20	0.31	n
15600856	2370	1483	-0.28	0.23	n
15610855	2368	1483	-0.11	0.23	n
15620855	2369	1482	-0.20	0.31	n
15630855	2370	1482	-0.28	0.31	n
15640855	2368	1482	-0.11	0.31	n
15650855	2370	1482	-0.28	0.31	n
15660854	2369	1483	-0.20	0.23	n
15670854	2371	1484	-0.36	0.15	n
15680854	2368	1482	-0.11	0.31	n
15690853	2369	1482	-0.20	0.31	n
15700853	2370	1482	-0.28	0.31	n
15710854	2371	1482	-0.36	0.31	n
15720853	2368	1482	-0.11	0.31	n
15730853	2371	1483	-0.36	0.23	n
15740853	2369	1485	-0.20	0.07	n
15750853	2369	1484	-0.20	0.15	n
15760852	2368	1483	-0.11	0.23	n
15770852	2369	1485	-0.20	0.07	n
15780852	2369	1482	-0.20	0.31	n
15790852	2371	1484	-0.36	0.15	n
15800852	2369	1483	-0.20	0.23	n
15810852	2370	1482	-0.28	0.31	n
15820852	2369	1483	-0.20	0.23	n
15830851	2370	1484	-0.28	0.15	Location:lat:35.504354lon:139.465203;;Date:2024/12/8;;Time:05:43:09:00;;
15840852	2369	1482	-0.20	0.31	n
15850852	2371	1483	-0.36	0.23	n
15860852	2370	1483	-0.28	0.23	n
15870852	2369	1482	-0.20	0.31	n
15880852	2369	1483	-0.20	0.23	n
15890852	2369	1482	-0.20	0.31	n
15900851	2368	1482	-0.11	0.31	n
15910851	2369	1482	-0.20	0.31	n
15920850	2369	1482	-0.20	0.31	n
15930850	2371	1482	-0.36	0.31	n
15940850	2370	1482	-0.28	0.31	n
15950850	2369	1482	-0.20	0.31	n
15960849	2369	1483	-0.20	0.23	n
15970849	2369	1483	-0.20	0.23	n
15980848	2369	1481	-0.20	0.39	n
15990848	2369	1484	-0.20	0.15	n
16000848	2370	1483	-0.28	0.23	n
16010848	2369	1483	-0.20	0.23	n
16020848	2368	1482	-0.11	0.31	n
16030848	2370	1483	-0.28	0.23	n
16040848	2369	1483	-0.20	0.23	n
16050848	2369	1483	-0.20	0.23	n
16060848	2368	1482	-0.11	0.31	n
16070848	2369	1482	-0.20	0.31	n
16080847	2369	1484	-0.20	0.15	n
16090846	2370	1483	-0.28	0.23	n
16100846	2369	1483	-0.20	0.23	n
16110845	2370	1484	-0.28	0.15	n
16120845	2369	1485	-0.20	0.07	n
16130844	2370	1483	-0.28	0.23	n
16140844	2370	1483	-0.28	0.23	n
16150844	2370	1483	-0.28	0.23	n
16160844	2369	1482	-0.20	0.31	n
16170843	2370	1482	-0.28	0.31	n
16180844	2370	1483	-0.28	0.23	n
16190844	2370	1483	-0.28	0.23	n
16200844	2369	1483	-0.20	0.23	n
16210843	2369	1483	-0.20	0.23	n
16220844	2371	1483	-0.36	0.23	n
16230844	2371	1483	-0.36	0.23	n
16240844	2370	1483	-0.28	0.23	n
16250844	2371	1483	-0.36	0.23	n
16260844	2369	1483	-0.20	0.23	n
16270844	2370	1485	-0.28	0.07	n
16280844	2370	1482	-0.28	0.31	n
16290844	2371	1483	-0.36	0.23	n
16300844	2369	1482	-0.20	0.31	n
16310844	2370	1482	-0.28	0.31	n
16320844	2370	1482	-0.28	0.31	n
16330843	2369	1485	-0.20	0.07	n
16340844	2369	1483	-0.20	0.23	n
16350844	2368	1483	-0.11	0.23	n
16360844	2370	1483	-0.28	0.23	Location:lat:35.504343lon:139.465207;;Date:2024/12/8;;Time:05:43:10:00;;
16370844	2368	1482	-0.11	0.31	n
16380844	2369	1483	-0.20	0.23	n
16390844	2368	1483	-0.11	0.23	n
16400844	2370	1483	-0.28	0.23	n
16410844	2370	1482	-0.28	0.31	n
16420844	2370	1481	-0.28	0.39	n
16430843	2369	1483	-0.20	0.23	n
16440843	2370	1483	-0.28	0.23	n
16450843	2369	1483	-0.20	0.23	n
16460844	2371	1483	-0.36	0.23	n
16470844	2371	1483	-0.36	0.23	Location:lat:35.504343lon:139.465207;;Time:05:43:10:00;;
16480843	2368	1483	-0.11	0.23	n
16490844	2368	1485	-0.11	0.07	n
16500844	2368	1481	-0.11	0.39	n
16510844	2370	1485	-0.28	0.07	n
16520844	2369	1483	-0.20	0.23	n
16530844	2370	1483	-0.28	0.23	n
16540844	2370	1483	-0.28	0.23	n
16550843	2369	1483	-0.20	0.23	n
16560852	2370	1483	-0.28	0.23	n
16570852	2371	1482	-0.36	0.31	n
16580852	2369	1485	-0.20	0.07	n
16590852	2370	1482	-0.28	0.31	n
16600852	2369	1483	-0.20	0.23	n
16610852	2369	1483	-0.20	0.23	n
16620852	2369	1483	-0.20	0.23	n
16630852	2368	1482	-0.11	0.31	n
16640851	2369	1483	-0.20	0.23	n
16650852	2371	1485	-0.36	0.07	n
16660851	2368	1483	-0.11	0.23	n
16670851	2370	1485	-0.28	0.07	n
16680851	2369	1483	-0.20	0.23	n
16690852	2368	1483	-0.11	0.23	n
16700851	2369	1483	-0.20	0.23	n
16710851	2369	1482	-0.20	0.31	n
16720850	2370	1482	-0.28	0.31	n
16730849	2370	1483	-0.28	0.23	n
16740849	2370	1483	-0.28	0.23	n
16750849	2369	1483	-0.20	0.23	n
16760848	2369	1483	-0.20	0.23	n
16770847	2369	1483	-0.20	0.23	n
16780847	2370	1485	-0.28	0.07	n
16790847	2370	1483	-0.28	0.23	n
16800847	2370	1483	-0.28	0.23	n
16810846	2369	1482	-0.20	0.31	n
16820846	2369	1482	-0.20	0.31	n
16830846	2368	1484	-0.11	0.15	Location:lat:35.504343lon:139.465207;;Date:2024/12/8;;Time:05:43:10:00;;
16840846	2371	1482	-0.36	0.31	n
16850846	2371	1485	-0.36	0.07	n
16860846	2371	1482	-0.36	0.31	n
16870846	2369	1483	-0.20	0.23	n
16880846	2369	1483	-0.20	0.23	n
16890846	2369	1482	-0.20	0.31	n
16900845	2370	1483	-0.28	0.23	n
16910845	2369	1485	-0.20	0.07	n
16920844	2370	1483	-0.28	0.23	n
16930844	2368	1484	-0.11	0.15	n
16940844	2370	1483	-0.28	0.23	n
16950844	2369	1483	-0.20	0.23	n
16960844	2369	1484	-0.20	0.15	n
16970844	2369	1483	-0.20	0.23	n
16980844	2369	1482	-0.20	0.31	n
16990844	2369	1484	-0.20	0.15	n
17000844	2370	1482	-0.28	0.31	n
17010844	2371	1484	-0.36	0.15	n
17020844	2370	1483	-0.28	0.23	n
17030844	2371	1483	-0.36	0.23	n
17040844	2370	1483	-0.28	0.23	n
17050844	2369	1483	-0.20	0.23	n
17060843	2368	1483	-0.11	0.23	n
17070843	2370	1482	-0.28	0.31	n
17080844	2369	1482	-0.20	0.31	n
17090844	2369	1483	-0.20	0.23	n
17100844	2368	1483	-0.11	0.23	n
17110844	2369	1483	-0.20	0.23	n
17120844	2370	1481	-0.28	0.39	n
17130844	2369	1483	-0.20	0.23	n
17140844	2371	1483	-0.36	0.23	n
17150844	2369	1483	-0.20	0.23	n
17160844	2370	1485	-0.28	0.07	n
17170843	2369	1483	-0.20	0.23	n
17180844	2370	1482	-0.28	0.31	n
17190844	2371	1484	-0.36	0.15	n
17200844	2370	1482	-0.28	0.31	n
17210844	2370	1483	-0.28	0.23	n
17220844	2369	1483	-0.20	0.23	n
17230844	2370	1483	-0.28	0.23	n
17240844	2369	1483	-0.20	0.23	n
17250844	2369	1481	-0.20	0.39	n
17260844	2371	1482	-0.36	0.31	n
17270844	2368	1482	-0.11	0.31	n
17280844	2370	1484	-0.28	0.15	n
17290844	2370	1483	-0.28	0.23	n
17300844	2371	1482	-0.36	0.31	n
17310843	2369	1483	-0.20	0.23	n
17320844	2369	1482	-0.20	0.31	n
17330843	2370	1483	-0.28	0.23	n
17340842	2369	1483	-0.20	0.23	n
17350842	2370	1483	-0.28	0.23	n
17360843	2369	1481	-0.20	0.39	Location:lat:35.504339lon:139.465209;;Date:2024/12/8;;Time:05:43:11:00;;
17370843	2368	1482	-0.11	0.31	n
17380843	2368	1482	-0.11	0.31	n
17390842	2368	1482	-0.11	0.31	n
17400841	2369	1482	-0.20	0.31	n
17410840	2370	1483	-0.28	0.23	n
17420841	2370	1485	-0.28	0.07	n
17430841	2370	1483	-0.28	0.23	n
17440849	2369	1483	-0.20	0.23	n
17450849	2369	1481	-0.20	0.39	n
17460849	2369	1482	-0.20	0.31	n
17470849	2369	1483	-0.20	0.23	Location:lat:35.504339lon:139.465209;;Time:05:43:11:00;;
17480849	2370	1483	-0.28	0.23	n
17490848	2369	1482	-0.20	0.31	n
17500848	2371	1485	-0.36	0.07	n
17510848	2370	1483	-0.28	0.23	n
17520847	2370	1483	-0.28	0.23	n
17530847	2369	1482	-0.20	0.31	n
17540847	2369	1484	-0.20	0.15	n
17550847	2369	1483	-0.20	0.23	n
17560847	2369	1482	-0.20	0.31	n
17570847	2370	1483	-0.28	0.23	n
17580847	2371	1484	-0.36	0.15	n
17590847	2369	1483	-0.20	0.23	n
17600847	2368	1481	-0.11	0.39	n
17610847	2369	1483	-0.20	0.23	n
17620847	2371	1483	-0.36	0.23	n
17630847	2371	1484	-0.36	0.15	n
17640848	2369	1483	-0.20	0.23	n
17650848	2370	1485	-0.28	0.07	n
17660848	2368	1482	-0.11	0.31	n
17670848	2369	1483	-0.20	0.23	n
17680848	2370	1482	-0.28	0.31	n
17690848	2369	1482	-0.20	0.31	n
17700848	2371	1483	-0.36	0.23	n
17710848	2371	1483	-0.36	0.23	n
17720848	2369	1482	-0.20	0.31	n
17730848	2369	1482	-0.20	0.31	n
17740849	2369	1482	-0.20	0.31	n
17750850	2369	1485	-0.20	0.07	n
17760850	2371	1484	-0.36	0.15	n
17770859	2369	1484	-0.20	0.15	n
17780858	2369	1483	-0.20	0.23	n
17790858	2371	1484	-0.36	0.15	n
17800858	2371	1483	-0.36	0.23	n
17810858	2370	1483	-0.28	0.23	n
17820859	2368	1481	-0.11	0.39	n
17830859	2370	1482	-0.28	0.31	n
17840859	2371	1485	-0.36	0.07	Location:lat:35.504339lon:139.465209;;Date:2024/12/8;;Time:05:43:11:00;;
17850859	2372	1483	-0.45	0.23	n
17860859	2369	1483	-0.20	0.23	n
17870859	2369	1482	-0.20	0.31	n
17880859	2369	1483	-0.20	0.23	n
17890859	2369	1483	-0.20	0.23	n
17900859	2369	1483	-0.20	0.23	n
17910859	2368	1484	-0.11	0.15	n
17920859	2369	1482	-0.20	0.31	n
17930859	2369	1483	-0.20	0.23	n
17940859	2370	1484	-0.28	0.15	n
17950859	2368	1482	-0.11	0.31	n
17960859	2368	1483	-0.11	0.23	n
17970859	2370	1482	-0.28	0.31	n
17980859	2370	1482	-0.28	0.31	n
17990859	2369	1483	-0.20	0.23	n
18000859	2372	1484	-0.45	0.15	n
18010859	2370	1483	-0.28	0.23	n
18020859	2369	1485	-0.20	0.07	n
18030859	2369	1483	-0.20	0.23	n
18040859	2369	1483	-0.20	0.23	n
18050859	2369	1483	-0.20	0.23	n
18060859	2370	1484	-0.28	0.15	n
18070859	2368	1482	-0.11	0.31	n
18080859	2368	1482	-0.11	0.31	n
18090859	2371	1484	-0.36	0.15	n
18100859	2369	1482	-0.20	0.31	n
18110859	2369	1483	-0.20	0.23	n
18120859	2369	1482	-0.20	0.31	n
18130859	2370	1483	-0.28	0.23	n
18140859	2371	1483	-0.36	0.23	n
18150859	2370	1483	-0.28	0.23	n
18160859	2369	1483	-0.20	0.23	n
18170859	2373	1483	-0.53	0.23	n
18180859	2370	1484	-0.28	0.15	n
18190859	2371	1483	-0.36	0.23	n
18200859	2371	1483	-0.36	0.23	n
18210859	2370	1483	-0.28	0.23	n
18220859	2371	1483	-0.36	0.23	n
18230859	2368	1481	-0.11	0.39	n
18240859	2371	1483	-0.36	0.23	n
18250859	2370	1483	-0.28	0.23	n
18260859	2368	1482	-0.11	0.31	n
18270859	2368	1481	-0.11	0.39	n
18280859	2369	1485	-0.20	0.07	n
18290862	2369	1485	-0.20	0.07	n
18300862	2371	1483	-0.36	0.23	n
18310861	2370	1482	-0.28	0.31	n
18320860	2371	1485	-0.36	0.07	n
18330860	2372	1483	-0.45	0.23	n
18340859	2370	1483	-0.28	0.23	n
18350859	2371	1484	-0.36	0.15	n
18360859	2370	1484	-0.28	0.15	Location:lat:35.504342lon:139.465208;;Date:2024/12/8;;Time:05:43:12:00;;
18370858	2369	1483	-0.20	0.23	n
18380858	2370	1483	-0.28	0.23	n
18390858	2370	1483	-0.28	0.23	n
18400858	2369	1482	-0.20	0.31	n
18410858	2370	1482	-0.28	0.31	n
18420858	2370	1483	-0.28	0.23	n
18430858	2369	1483	-0.20	0.23	n
18440857	2369	1482	-0.20	0.31	n
18450858	2371	1483	-0.36	0.23	n
18460858	2371	1483	-0.36	0.23	n
18470858	2370	1485	-0.28	0.07	Location:lat:35.504342lon:139.465208;;Time:05:43:12:00;;
18480858	2371	1484	-0.36	0.15	n
18490857	2370	1482	-0.28	0.31	n
18500858	2370	1486	-0.28	-0.01	n
18510858	2369	1483	-0.20	0.23	n
18520858	2369	1483	-0.20	0.23	n
18530858	2369	1483	-0.20	0.23	n
18540858	2368	1483	-0.11	0.23	n
18550858	2371	1483	-0.36	0.23	n
18560858	2369	1483	-0.20	0.23	n
18570858	2373	1482	-0.53	0.31	n
18580857	2372	1485	-0.45	0.07	n
18590857	2371	1483	-0.36	0.23	n
18600857	2368	1483	-0.11	0.23	n
18610857	2371	1485	-0.36	0.07	n
18620866	2371	1485	-0.36	0.07	n
18630866	2372	1485	-0.45	0.07	n
18640866	2370	1483	-0.28	0.23	n
18650866	2370	1485	-0.28	0.07	n
18660865	2369	1485	-0.20	0.07	n
18670865	2370	1483	-0.28	0.23	n
18680864	2369	1483	-0.20	0.23	n
18690865	2370	1483	-0.28	0.23	n
18700865	2369	1482	-0.20	0.31	n
18710865	2369	1485	-0.20	0.07	n
18720865	2370	1483	-0.28	0.23	n
18730866	2371	1483	-0.36	0.23	n
18740866	2369	1483	-0.20	0.23	n
18750866	2368	1483	-0.11	0.23	n
18760866	2371	1483	-0.36	0.23	n
18770866	2368	1484	-0.11	0.15	n
18780866	2370	1483	-0.28	0.23	n
18790865	2370	1482	-0.28	0.31	n
18800865	2369	1483	-0.20	0.23	n
18810865	2369	1483	-0.20	0.23	n
18820865	2371	1483	-0.36	0.23	n
18830864	2370	1483	-0.28	0.23	Location:lat:35.504342lon:139.465208;;Date:2024/12/8;;Time:05:43:12:00;;
18840864	2370	1482	-0.28	0.31	n
18850864	2369	1485	-0.20	0.07	n
18860864	2370	1481	-0.28	0.39	n
18870864	2369	1483	-0.20	0.23	n
18880863	2370	1484	-0.28	0.15	n
18890863	2369	1482	-0.20	0.31	n
18900863	2370	1485	-0.28	0.07	n
18910863	2371	1483	-0.36	0.23	n
18920863	2369	1481	-0.20	0.39	n
18930862	2371	1485	-0.36	0.07	n
18940862	2368	1483	-0.11	0.23	n
18950862	2370	1484	-0.28	0.15	n
18960862	2370	1485	-0.28	0.07	n
18970862	2370	1482	-0.28	0.31	n
18980862	2370	1483	-0.28	0.23	n
18990863	2370	1483	-0.28	0.23	n
19000863	2371	1483	-0.36	0.23	n
19010863	2370	1483	-0.28	0.23	n
19020863	2369	1482	-0.20	0.31	n
19030862	2371	1483	-0.36	0.23	n
19040862	2370	1483	-0.28	0.23	n
19050862	2371	1483	-0.36	0.23	n
19060862	2370	1483	-0.28	0.23	n
19070862	2369	1484	-0.20	0.15	n
19080862	2371	1484	-0.36	0.15	n
19090862	2370	1482	-0.28	0.31	n
19100862	2370	1483	-0.28	0.23	n
19110862	2369	1482	-0.20	0.31	n
19120862	2369	1483	-0.20	0.23	n
19130861	2370	1485	-0.28	0.07	n
19140861	2370	1485	-0.28	0.07	n
19150860	2369	1483	-0.20	0.23	n
19160860	2370	1485	-0.28	0.07	n
19170859	2371	1482	-0.36	0.31	n
19180859	2371	1482	-0.36	0.31	n
19190859	2370	1483	-0.28	0.23	n
19200859	2371	1484	-0.36	0.15	n
19210859	2371	1483	-0.36	0.23	n
19220859	2373	1482	-0.53	0.31	n
19230859	2370	1482	-0.28	0.31	n
19240859	2370	1483	-0.28	0.23	n
19250859	2368	1479	-0.11	0.55	n
19260859	2370	1482	-0.28	0.31	n
19270859	2369	1483	-0.20	0.23	n
19280858	2370	1483	-0.28	0.23	n
19290858	2369	1481	-0.20	0.39	n
19300858	2370	1482	-0.28	0.31	n
19310858	2369	1481	-0.20	0.39	n
19320859	2369	1482	-0.20	0.31	n
19330859	2369	1484	-0.20	0.15	n
19340858	2369	1485	-0.20	0.07	n
19350858	2369	1483	-0.20	0.23	n
19360858	2369	1482	-0.20	0.31	Location:lat:35.504333lon:139.465209;;Date:2024/12/8;;Time:05:43:13:00;;
19370858	2369	1482	-0.20	0.31	n
19380857	2370	1481	-0.28	0.39	n
19390857	2371	1483	-0.36	0.23	n
19400857	2370	1483	-0.28	0.23	n
19410857	2370	1484	-0.28	0.15	n
19420857	2369	1483	-0.20	0.23	n
19430857	2370	1484	-0.28	0.15	n
19440856	2370	1482	-0.28	0.31	n
19450857	2370	1484	-0.28	0.15	n
19460857	2370	1483	-0.28	0.23	n
19470857	2370	1482	-0.28	0.31	Location:lat:35.504333lon:139.465209;;Time:05:43:13:00;;
19480857	2370	1483	-0.28	0.23	n
19490857	2370	1483	-0.28	0.23	n
19500857	2372	1483	-0.45	0.23	n
19510857	2370	1483	-0.28	0.23	n
19520858	2371	1481	-0.36	0.39	n
19530858	2368	1483	-0.11	0.23	n
19540858	2370	1482	-0.28	0.31	n
19550858	2370	1483	-0.28	0.23	n
19560858	2369	1483	-0.20	0.23	n
19570858	2370	1482	-0.28	0.31	n
19580858	2369	1482	-0.20	0.31	n
19590858	2371	1485	-0.36	0.07	n
19600858	2370	1482	-0.28	0.31	n
19610858	2370	1485	-0.28	0.07	n
19620858	2370	1483	-0.28	0.23	n
19630866	2371	1483	-0.36	0.23	n
19640866	2371	1483	-0.36	0.23	n
19650867	2371	1482	-0.36	0.31	n
19660867	2369	1485	-0.20	0.07	n
19670867	2370	1482	-0.28	0.31	n
19680876	2371	1483	-0.36	0.23	n
19690876	2369	1482	-0.20	0.31	n
19700876	2370	1485	-0.28	0.07	n
19710876	2373	1483	-0.53	0.23	n
19720875	2370	1486	-0.28	-0.01	n
19730875	2371	1484	-0.36	0.15	n
19740875	2370	1484	-0.28	0.15	n
19750875	2371	1483	-0.36	0.23	n
19760875	2368	1484	-0.11	0.15	n
19770875	2370	1483	-0.28	0.23	n
19780875	2370	1483	-0.28	0.23	n
19790875	2373	1483	-0.53	0.23	n
19800875	2371	1484	-0.36	0.15	n
19810875	2369	1483	-0.20	0.23	n
19820875	2371	1483	-0.36	0.23	n
19830875	2370	1485	-0.28	0.07	n
19840875	2370	1483	-0.28	0.23	Location:lat:35.504333lon:139.465209;;Date:2024/12/8;;Time:05:43:13:00;;
19850875	2369	1483	-0.20	0.23	n
19860875	2371	1483	-0.36	0.23	n
19870875	2370	1485	-0.28	0.07	n
19880875	2373	1485	-0.53	0.07	n
19890875	2370	1484	-0.28	0.15	n
19900875	2369	1486	-0.20	-0.01	n
19910875	2370	1482	-0.28	0.31	n
19920875	2370	1483	-0.28	0.23	n
19930875	2373	1484	-0.53	0.15	n
19940875	2371	1483	-0.36	0.23	n
19950875	2371	1482	-0.36	0.31	n
19960875	2371	1485	-0.36	0.07	n
19970875	2370	1485	-0.28	0.07	n
19980875	2373	1485	-0.53	0.07	n
19990875	2368	1483	-0.11	0.23	n
20000875	2370	1483	-0.28	0.23	n
20010875	2370	1483	-0.28	0.23	n
20020875	2369	1484	-0.20	0.15	n
20030875	2371	1483	-0.36	0.23	n
20040875	2371	1483	-0.36	0.23	n
20050875	2371	1483	-0.36	0.23	n
20060875	2370	1483	-0.28	0.23	n
20070875	2370	1484	-0.28	0.15	n
20080875	2371	1483	-0.36	0.23	n
20090875	2369	1486	-0.20	-0.01	n
20100875	2370	1485	-0.28	0.07	n
20110874	2371	1483	-0.36	0.23	n
20120874	2371	1483	-0.36	0.23	n
20130874	2370	1482	-0.28	0.31	n
20140874	2371	1482	-0.36	0.31	n
20150874	2369	1483	-0.20	0.23	n
20160873	2369	1483	-0.20	0.23	n
20170873	2370	1483	-0.28	0.23	n
20180873	2370	1483	-0.28	0.23	n
20190874	2369	1482	-0.20	0.31	n
20200874	2370	1482	-0.28	0.31	n
20210874	2371	1483	-0.36	0.23	n
20220874	2372	1485	-0.45	0.07	n
20230873	2369	1483	-0.20	0.23	n
20240873	2370	1485	-0.28	0.07	n
20250874	2369	1483	-0.20	0.23	n
20260874	2371	1485	-0.36	0.07	n
20270873	2369	1482	-0.20	0.31	n
20280873	2368	1483	-0.11	0.23	n
20290874	2369	1483	-0.20	0.23	n
20300874	2371	1483	-0.36	0.23	n
20310874	2369	1482	-0.20	0.31	n
20320874	2370	1483	-0.28	0.23	n
20330873	2370	1483	-0.28	0.23	n
20340873	2370	1482	-0.28	0.31	n
20350882	2371	1481	-0.36	0.39	n
20360882	2369	1485	-0.20	0.07	Location:lat:35.504332lon:139.465208;;Date:2024/12/8;;Time:05:43:14:00;;
20370882	2370	1485	-0.28	0.07	n
20380882	2371	1485	-0.36	0.07	n
20390882	2370	1485	-0.28	0.07	n
20400882	2369	1483	-0.20	0.23	n
20410881	2368	1485	-0.11	0.07	n
20420881	2371	1484	-0.36	0.15	n
20430881	2370	1483	-0.28	0.23	n
20440881	2370	1483	-0.28	0.23	n
20450880	2368	1482	-0.11	0.31	n
20460880	2369	1481	-0.20	0.39	n
20470880	2369	1482	-0.20	0.31	Location:lat:35.504332lon:139.465208;;Time:05:43:14:00;;
20480880	2369	1482	-0.20	0.31	n
20490880	2370	1484	-0.28	0.15	n
20500880	2369	1485	-0.20	0.07	n
20510880	2370	1483	-0.28	0.23	n
20520879	2369	1484	-0.20	0.15	n
20530879	2369	1483	-0.20	0.23	n
20540878	2370	1483	-0.28	0.23	n
20550878	2370	1483	-0.28	0.23	n
20560877	2371	1482	-0.36	0.31	n
20570877	2371	1482	-0.36	0.31	n
20580876	2371	1483	-0.36	0.23	n
20590876	2369	1483	-0.20	0.23	n
20600876	2370	1482	-0.28	0.31	n
20610876	2368	1483	-0.11	0.23	n
20620875	2369	1483	-0.20	0.23	n
20630875	2370	1484	-0.28	0.15	n
20640875	2369	1483	-0.20	0.23	n
20650875	2369	1483	-0.20	0.23	n
20660875	2368	1482	-0.11	0.31	n
20670875	2369	1483	-0.20	0.23	n
20680875	2370	1483	-0.28	0.23	n
20690875	2371	1483	-0.36	0.23	n
20700876	2369	1483	-0.20	0.23	n
20710875	2370	1483	-0.28	0.23	n
20720875	2370	1483	-0.28	0.23	n
20730878	2369	1482	-0.20	0.31	n
20740878	2370	1483	-0.28	0.23	n
20750878	2369	1484	-0.20	0.15	n
20760878	2373	1483	-0.53	0.23	n
20770878	2369	1483	-0.20	0.23	n
20780879	2369	1483	-0.20	0.23	n
20790880	2369	1482	-0.20	0.31	n
20800880	2368	1481	-0.11	0.39	n
20810880	2371	1482	-0.36	0.31	n
20820880	2370	1482	-0.28	0.31	n
20830880	2370	1483	-0.28	0.23	n
20840880	2369	1483	-0.20	0.23	Location:lat:35.504332lon:139.465208;;Date:2024/12/8;;Time:05:43:14:00;;
20850880	2370	1481	-0.28	0.39	n
20860880	2371	1485	-0.36	0.07	n
20870880	2370	1483	-0.28	0.23	n
20880880	2368	1483	-0.11	0.23	n
20890880	2369	1482	-0.20	0.31	n
20900880	2369	1483	-0.20	0.23	n
20910880	2370	1483	-0.28	0.23	n
20920880	2369	1484	-0.20	0.15	n
20930880	2368	1484	-0.11	0.15	n
20940880	2369	1481	-0.20	0.39	n
20950880	2369	1483	-0.20	0.23	n
20960879	2370	1483	-0.28	0.23	n
20970879	2371	1482	-0.36	0.31	n
20980879	2369	1483	-0.20	0.23	n
20990879	2370	1486	-0.28	-0.01	n
21000879	2370	1483	-0.28	0.23	n
21010879	2371	1482	-0.36	0.31	n
21020879	2369	1483	-0.20	0.23	n
21030879	2369	1481	-0.20	0.39	n
21040878	2370	1483	-0.28	0.23	n
21050878	2369	1482	-0.20	0.31	n
21060878	2369	1484	-0.20	0.15	n
21070878	2368	1482	-0.11	0.31	n
21080878	2371	1483	-0.36	0.23	n
21090878	2369	1483	-0.20	0.23	n
21100878	2369	1483	-0.20	0.23	n
21110877	2371	1483	-0.36	0.23	n
21120877	2369	1483	-0.20	0.23	n
21130876	2370	1483	-0.28	0.23	n
21140876	2368	1481	-0.11	0.39	n
21150876	2369	1483	-0.20	0.23	n
21160877	2369	1483	-0.20	0.23	n
21170877	2371	1482	-0.36	0.31	n
21180877	2371	1483	-0.36	0.23	n
21190877	2369	1483	-0.20	0.23	n
21200877	2368	1482	-0.11	0.31	n
21210877	2369	1485	-0.20	0.07	n
21220877	2368	1482	-0.11	0.31	n
21230877	2371	1483	-0.36	0.23	n
21240877	2369	1485	-0.20	0.07	n
21250876	2371	1485	-0.36	0.07	n
21260877	2370	1484	-0.28	0.15	n
21270877	2371	1483	-0.36	0.23	n
21280877	2370	1482	-0.28	0.31	n
21290877	2370	1482	-0.28	0.31	n
21300877	2371	1483	-0.36	0.23	n
21310877	2370	1483	-0.28	0.23	n
21320877	2371	1483	-0.36	0.23	n
21330878	2370	1483	-0.28	0.23	n
21340878	2369	1482	-0.20	0.31	n
21350878	2371	1483	-0.36	0.23	n
21360877	2370	1483	-0.28	0.23	Location:lat:35.504327lon:139.465207;;Date:2024/12/8;;Time:05:43:15:00;;
21370877	2368	1483	-0.11	0.23	n
21380876	2371	1483	-0.36	0.23	n
21390877	2371	1483	-0.36	0.23	n
21400877	2369	1483	-0.20	0.23	n
21410877	2369	1482	-0.20	0.31	n
21420877	2370	1485	-0.28	0.07	n
21430877	2370	1483	-0.28	0.23	n
21440877	2370	1482	-0.28	0.31	n
21450876	2370	1483	-0.28	0.23	n
21460876	2370	1483	-0.28	0.23	n
21470877	2368	1482	-0.11	0.31	n
21480877	2369	1483	-0.20	0.23	Location:lat:35.504327lon:139.465207;;Time:05:43:15:00;;
21490877	2370	1483	-0.28	0.23	n
21500877	2369	1484	-0.20	0.15	n
21510880	2368	1483	-0.11	0.23	n
21520880	2369	1485	-0.20	0.07	n
21530880	2369	1482	-0.20	0.31	n
21540880	2370	1483	-0.28	0.23	n
21550880	2373	1483	-0.53	0.23	n
21560879	2369	1485	-0.20	0.07	n
21570879	2370	1483	-0.28	0.23	n
21580879	2373	1484	-0.53	0.15	n
21590879	2369	1485	-0.20	0.07	n
21600880	2371	1484	-0.36	0.15	n
21610879	2371	1485	-0.36	0.07	n
21620879	2371	1483	-0.36	0.23	n
21630879	2370	1483	-0.28	0.23	n
21640879	2371	1485	-0.36	0.07	n
21650878	2370	1483	-0.28	0.23	n
21660878	2369	1484	-0.20	0.15	n
21670877	2373	1484	-0.53	0.15	n
21680877	2373	1483	-0.53	0.23	n
21690877	2371	1484	-0.36	0.15	n
21700877	2370	1485	-0.28	0.07	n
21710877	2371	1483	-0.36	0.23	n
21720876	2370	1483	-0.28	0.23	n
21730877	2370	1483	-0.28	0.23	n
21740877	2370	1483	-0.28	0.23	n
21750876	2373	1485	-0.53	0.07	n
21760876	2372	1483	-0.45	0.23	n
21770876	2369	1482	-0.20	0.31	n
21780876	2370	1484	-0.28	0.15	n
21790876	2373	1485	-0.53	0.07	n
21800876	2370	1482	-0.28	0.31	n
21810876	2370	1484	-0.28	0.15	n
21820875	2370	1485	-0.28	0.07	n
21830875	2370	1482	-0.28	0.31	n
21840875	2372	1485	-0.45	0.07	Location:lat:35.504327lon:139.465207;;Date:2024/12/8;;Time:05:43:15:00;;
21850875	2370	1484	-0.28	0.15	n
21860875	2371	1483	-0.36	0.23	n
21870875	2371	1483	-0.36	0.23	n
21880875	2371	1483	-0.36	0.23	n
21890875	2370	1485	-0.28	0.07	n
21900874	2371	1483	-0.36	0.23	n
21910874	2371	1483	-0.36	0.23	n
21920874	2371	1483	-0.36	0.23	n
21930874	2373	1485	-0.53	0.07	n
21940873	2371	1483	-0.36	0.23	n
21950873	2371	1483	-0.36	0.23	n
21960874	2372	1483	-0.45	0.23	n
21970874	2371	1484	-0.36	0.15	n
21980874	2371	1485	-0.36	0.07	n
21990873	2373	1484	-0.53	0.15	n
22000873	2373	1486	-0.53	-0.01	n
22010873	2372	1486	-0.45	-0.01	n
22020873	2370	1484	-0.28	0.15	n
22030873	2374	1485	-0.62	0.07	n
22040873	2371	1485	-0.36	0.07	n
22050873	2369	1484	-0.20	0.15	n
22060873	2371	1484	-0.36	0.15	n
22070873	2371	1485	-0.36	0.07	n
22080873	2370	1485	-0.28	0.07	n
22090873	2371	1483	-0.36	0.23	n
22100873	2372	1484	-0.45	0.15	n
22110873	2372	1486	-0.45	-0.01	n
22120874	2373	1485	-0.53	0.07	n
22130874	2373	1487	-0.53	-0.09	n
22140874	2370	1485	-0.28	0.07	n
22150874	2371	1486	-0.36	-0.01	n
22160874	2372	1485	-0.45	0.07	n
22170874	2373	1485	-0.53	0.07	n
22180874	2371	1486	-0.36	-0.01	n
22190874	2372	1485	-0.45	0.07	n
22200873	2372	1485	-0.45	0.07	n
22210873	2370	1485	-0.28	0.07	n
22220873	2371	1483	-0.36	0.23	n
22230874	2371	1485	-0.36	0.07	n
22240874	2373	1484	-0.53	0.15	n
22250873	2373	1486	-0.53	-0.01	n
22260873	2373	1485	-0.53	0.07	n
22270872	2371	1485	-0.36	0.07	n
22280872	2371	1483	-0.36	0.23	n
22290872	2373	1484	-0.53	0.15	n
22300872	2371	1485	-0.36	0.07	n
22310873	2372	1483	-0.45	0.23	n
22320874	2371	1483	-0.36	0.23	n
22330874	2371	1483	-0.36	0.23	n
22340883	2369	1483	-0.20	0.23	n
22350883	2374	1486	-0.62	-0.01	n
22360883	2371	1483	-0.36	0.23	Location:lat:35.504324lon:139.465207;;Date:2024/12/8;;Time:05:43:16:00;;
22370883	2370	1485	-0.28	0.07	n
22380883	2373	1486	-0.53	-0.01	n
22390883	2373	1485	-0.53	0.07	n
22400882	2375	1485	-0.70	0.07	n
22410881	2370	1485	-0.28	0.07	n
22420881	2374	1485	-0.62	0.07	n
22430881	2372	1485	-0.45	0.07	n
22440881	2371	1485	-0.36	0.07	n
22450881	2373	1485	-0.53	0.07	n
22460880	2373	1485	-0.53	0.07	n
22470880	2373	1486	-0.53	-0.01	n
22480880	2372	1485	-0.45	0.07	Location:lat:35.504324lon:139.465207;;Time:05:43:16:00;;
22490880	2368	1483	-0.11	0.23	n
22500880	2372	1483	-0.45	0.23	n
22510879	2371	1483	-0.36	0.23	n
22520879	2374	1485	-0.62	0.07	n
22530878	2373	1486	-0.53	-0.01	n
22540878	2372	1486	-0.45	-0.01	n
22550878	2374	1485	-0.62	0.07	n
22560878	2371	1486	-0.36	-0.01	n
22570878	2371	1485	-0.36	0.07	n
22580878	2374	1486	-0.62	-0.01	n
22590878	2373	1485	-0.53	0.07	n
22600877	2371	1485	-0.36	0.07	n
22610876	2373	1485	-0.53	0.07	n
22620875	2374	1483	-0.62	0.23	n
22630874	2371	1484	-0.36	0.15	n
22640874	2371	1484	-0.36	0.15	n
22650874	2373	1486	-0.53	-0.01	n
22660874	2373	1485	-0.53	0.07	n
22670874	2371	1485	-0.36	0.07	n
22680874	2371	1484	-0.36	0.15	n
22690873	2371	1485	-0.36	0.07	n
22700873	2372	1483	-0.45	0.23	n
22710873	2371	1485	-0.36	0.07	n
22720875	2371	1484	-0.36	0.15	n
22730874	2369	1482	-0.20	0.31	n
22740874	2370	1485	-0.28	0.07	n
22750873	2371	1483	-0.36	0.23	n
22760873	2371	1483	-0.36	0.23	n
22770874	2372	1484	-0.45	0.15	n
22780874	2371	1483	-0.36	0.23	n
22790873	2371	1485	-0.36	0.07	n
22800873	2370	1482	-0.28	0.31	n
22810873	2371	1486	-0.36	-0.01	n
22820872	2371	1483	-0.36	0.23	n
22830872	2372	1483	-0.45	0.23	n
22840872	2369	1481	-0.20	0.39	Location:lat:35.504324lon:139.465207;;Date:2024/12/8;;Time:05:43:16:00;;
22850872	2373	1486	-0.53	-0.01	n
22860872	2373	1484	-0.53	0.15	n
22870872	2372	1487	-0.45	-0.09	n
22880872	2373	1484	-0.53	0.15	n
22890872	2374	1485	-0.62	0.07	n
22900872	2373	1485	-0.53	0.07	n
22910871	2373	1485	-0.53	0.07	n
22920870	2371	1483	-0.36	0.23	n
22930870	2369	1481	-0.20	0.39	n
22940870	2370	1482	-0.28	0.31	n
22950870	2373	1483	-0.53	0.23	n
22960870	2370	1482	-0.28	0.31	n
22970870	2373	1485	-0.53	0.07	n
22980870	2371	1485	-0.36	0.07	n
22990870	2372	1485	-0.45	0.07	n
23000870	2373	1485	-0.53	0.07	n
23010869	2371	1485	-0.36	0.07	n
23020869	2373	1485	-0.53	0.07	n
23030869	2372	1485	-0.45	0.07	n
23040869	2371	1485	-0.36	0.07	n
23050868	2375	1485	-0.70	0.07	n
23060867	2371	1483	-0.36	0.23	n
23070867	2372	1485	-0.45	0.07	n
23080867	2370	1484	-0.28	0.15	n
23090867	2372	1485	-0.45	0.07	n
23100867	2370	1485	-0.28	0.07	n
23110866	2372	1485	-0.45	0.07	n
23120866	2372	1484	-0.45	0.15	n
23130866	2371	1485	-0.36	0.07	n
23140866	2373	1483	-0.53	0.23	n
23150866	2372	1483	-0.45	0.23	n
23160866	2373	1484	-0.53	0.15	n
23170866	2371	1483	-0.36	0.23	n
23180866	2373	1485	-0.53	0.07	n
23190865	2371	1483	-0.36	0.23	n
23200865	2370	1483	-0.28	0.23	n
23210865	2371	1485	-0.36	0.07	n
23220866	2373	1484	-0.53	0.15	n
23230866	2372	1484	-0.45	0.15	n
23240866	2370	1483	-0.28	0.23	n
23250866	2371	1485	-0.36	0.07	n
23260866	2371	1486	-0.36	-0.01	n
23270866	2371	1485	-0.36	0.07	n
23280866	2369	1483	-0.20	0.23	n
23290866	2372	1486	-0.45	-0.01	n
23300865	2373	1485	-0.53	0.07	n
23310865	2371	1483	-0.36	0.23	n
23320874	2372	1485	-0.45	0.07	n
23330873	2371	1484	-0.36	0.15	n
23340873	2371	1484	-0.36	0.15	n
23350872	2372	1483	-0.45	0.23	n
23360872	2373	1484	-0.53	0.15	Location:lat:35.504317lon:139.465209;;Date:2024/12/8;;Time:05:43:17:00;;
23370872	2370	1483	-0.28	0.23	n
23380872	2370	1485	-0.28	0.07	n
23390872	2371	1483	-0.36	0.23	n
23400872	2371	1485	-0.36	0.07	n
23410872	2371	1485	-0.36	0.07	n
23420872	2369	1484	-0.20	0.15	n
23430871	2373	1485	-0.53	0.07	n
23440872	2371	1485	-0.36	0.07	n
23450872	2371	1487	-0.36	-0.09	n
23460872	2371	1483	-0.36	0.23	n
23470872	2371	1484	-0.36	0.15	n
23480872	2373	1485	-0.53	0.07	Location:lat:35.504317lon:139.465209;;Time:05:43:17:00;;
23490872	2374	1485	-0.62	0.07	n
23500872	2372	1485	-0.45	0.07	n
23510872	2371	1485	-0.36	0.07	n
23520872	2371	1485	-0.36	0.07	n
23530872	2373	1484	-0.53	0.15	n
23540871	2371	1485	-0.36	0.07	n
23550871	2372	1485	-0.45	0.07	n
23560872	2373	1485	-0.53	0.07	n
23570872	2373	1485	-0.53	0.07	n
23580872	2372	1485	-0.45	0.07	n
23590872	2373	1485	-0.53	0.07	n
23600880	2373	1485	-0.53	0.07	n
23610880	2373	1485	-0.53	0.07	n
23620879	2370	1485	-0.28	0.07	n
23630880	2374	1485	-0.62	0.07	n
23640880	2374	1486	-0.62	-0.01	n
23650889	2373	1485	-0.53	0.07	n
23660889	2371	1483	-0.36	0.23	n
23670890	2371	1483	-0.36	0.23	n
23680889	2372	1483	-0.45	0.23	n
23690889	2371	1486	-0.36	-0.01	n
23700889	2373	1486	-0.53	-0.01	n
23710889	2371	1486	-0.36	-0.01	n
23720889	2373	1485	-0.53	0.07	n
23730889	2371	1485	-0.36	0.07	n
23740889	2371	1483	-0.36	0.23	n
23750889	2370	1483	-0.28	0.23	n
23760888	2373	1483	-0.53	0.23	n
23770887	2373	1485	-0.53	0.07	n
23780886	2371	1485	-0.36	0.07	n
23790886	2371	1485	-0.36	0.07	n
23800885	2371	1483	-0.36	0.23	n
23810885	2371	1483	-0.36	0.23	n
23820885	2371	1484	-0.36	0.15	n
23830885	2373	1487	-0.53	-0.09	n
23840885	2370	1485	-0.28	0.07	Location:lat:35.504317lon:139.465209;;Date:2024/12/8;;Time:05:43:17:00;;
23850885	2371	1482	-0.36	0.31	n
23860885	2371	1485	-0.36	0.07	n
23870884	2374	1485	-0.62	0.07	n
23880884	2373	1486	-0.53	-0.01	n
23890884	2371	1483	-0.36	0.23	n
23900885	2371	1483	-0.36	0.23	n
23910885	2371	1483	-0.36	0.23	n
23920885	2373	1485	-0.53	0.07	n
23930884	2373	1485	-0.53	0.07	n
23940884	2373	1485	-0.53	0.07	n
23950885	2373	1483	-0.53	0.23	n
23960885	2374	1486	-0.62	-0.01	n
23970885	2371	1485	-0.36	0.07	n
23980884	2372	1486	-0.45	-0.01	n
23990885	2373	1485	-0.53	0.07	n
24000885	2371	1483	-0.36	0.23	n
24010885	2371	1485	-0.36	0.07	n
24020884	2372	1484	-0.45	0.15	n
24030884	2371	1485	-0.36	0.07	n
24040884	2371	1486	-0.36	-0.01	n
24050884	2373	1485	-0.53	0.07	n
24060885	2373	1485	-0.53	0.07	n
24070885	2373	1485	-0.53	0.07	n
24080885	2374	1485	-0.62	0.07	n
24090885	2372	1485	-0.45	0.07	n
24100885	2370	1482	-0.28	0.31	n
24110885	2371	1483	-0.36	0.23	n
24120885	2370	1485	-0.28	0.07	n
24130885	2373	1485	-0.53	0.07	n
24140885	2371	1486	-0.36	-0.01	n
24150885	2371	1486	-0.36	-0.01	n
24160885	2370	1485	-0.28	0.07	n
24170885	2371	1485	-0.36	0.07	n
24180885	2371	1485	-0.36	0.07	n
24190885	2373	1485	-0.53	0.07	n
24200885	2371	1483	-0.36	0.23	n
24210885	2372	1487	-0.45	-0.09	n
24220885	2373	1484	-0.53	0.15	n
24230885	2371	1485	-0.36	0.07	n
24240884	2372	1485	-0.45	0.07	n
24250885	2371	1484	-0.36	0.15	n
24260885	2371	1484	-0.36	0.15	n
24270885	2371	1484	-0.36	0.15	n
24280885	2372	1484	-0.45	0.15	n
24290885	2371	1486	-0.36	-0.01	n
24300884	2371	1485	-0.36	0.07	n
24310883	2371	1486	-0.36	-0.01	n
24320883	2371	1482	-0.36	0.31	n
24330883	2371	1486	-0.36	-0.01	n
24340882	2371	1485	-0.36	0.07	n
24350881	2369	1483	-0.20	0.23	n
24360881	2371	1483	-0.36	0.23	Location:lat:35.504318lon:139.465208;;Date:2024/12/8;;Time:05:43:18:00;;
24370881	2372	1483	-0.45	0.23	n
24380881	2371	1483	-0.36	0.23	n
24390881	2371	1483	-0.36	0.23	n
24400881	2372	1485	-0.45	0.07	n
24410881	2371	1483	-0.36	0.23	n
24420881	2371	1485	-0.36	0.07	n
24430881	2370	1485	-0.28	0.07	n
24440880	2373	1485	-0.53	0.07	n
24450879	2373	1485	-0.53	0.07	n
24460879	2371	1483	-0.36	0.23	n
24470879	2370	1484	-0.28	0.15	n
24480879	2371	1485	-0.36	0.07	Location:lat:35.504318lon:139.465208;;Time:05:43:18:00;;
24490879	2373	1483	-0.53	0.23	n
24500879	2371	1484	-0.36	0.15	n
24510880	2371	1483	-0.36	0.23	n
24520880	2373	1486	-0.53	-0.01	n
24530880	2372	1484	-0.45	0.15	n
24540880	2371	1486	-0.36	-0.01	n
24550881	2371	1486	-0.36	-0.01	n
24560881	2373	1484	-0.53	0.15	n
24570881	2373	1484	-0.53	0.15	n
24580887	2373	1485	-0.53	0.07	n
24590886	2371	1485	-0.36	0.07	n
24600886	2373	1484	-0.53	0.15	n
24610886	2371	1485	-0.36	0.07	n
24620886	2371	1483	-0.36	0.23	n
24630885	2373	1485	-0.53	0.07	n
24640885	2373	1484	-0.53	0.15	n
24650884	2371	1483	-0.36	0.23	n
24660884	2373	1486	-0.53	-0.01	n
24670885	2372	1483	-0.45	0.23	n
24680885	2371	1485	-0.36	0.07	n
24690885	2369	1486	-0.20	-0.01	n
24700885	2371	1486	-0.36	-0.01	n
24710885	2371	1483	-0.36	0.23	n
24720885	2372	1483	-0.45	0.23	n
24730884	2371	1486	-0.36	-0.01	n
24740883	2372	1485	-0.45	0.07	n
24750882	2370	1486	-0.28	-0.01	n
24760882	2373	1486	-0.53	-0.01	n
24770882	2372	1485	-0.45	0.07	n
24780881	2373	1484	-0.53	0.15	n
24790881	2373	1485	-0.53	0.07	n
24800881	2373	1486	-0.53	-0.01	n
24810881	2373	1486	-0.53	-0.01	n
24820881	2373	1485	-0.53	0.07	n
24830881	2373	1487	-0.53	-0.09	n
24840881	2373	1486	-0.53	-0.01	Location:lat:35.504318lon:139.465208;;Date:2024/12/8;;Time:05:43:18:00;;
24850881	2371	1483	-0.36	0.23	n
24860880	2375	1483	-0.70	0.23	n
24870880	2373	1484	-0.53	0.15	n
24880880	2373	1485	-0.53	0.07	n
24890879	2374	1485	-0.62	0.07	n
24900879	2373	1485	-0.53	0.07	n
24910878	2372	1486	-0.45	-0.01	n
24920878	2370	1485	-0.28	0.07	n
24930878	2374	1486	-0.62	-0.01	n
24940878	2371	1486	-0.36	-0.01	n
24950878	2371	1483	-0.36	0.23	n
24960878	2371	1485	-0.36	0.07	n
24970878	2373	1485	-0.53	0.07	n
24980877	2371	1486	-0.36	-0.01	n
24990877	2373	1483	-0.53	0.23	n
25000877	2371	1483	-0.36	0.23	n
25010877	2369	1483	-0.20	0.23	n
25020877	2371	1483	-0.36	0.23	n
25030877	2373	1485	-0.53	0.07	n
25040877	2371	1487	-0.36	-0.09	n
25050877	2373	1482	-0.53	0.31	n
25060877	2374	1486	-0.62	-0.01	n
25070877	2371	1485	-0.36	0.07	n
25080877	2372	1484	-0.45	0.15	n
25090877	2373	1486	-0.53	-0.01	n
25100877	2374	1485	-0.62	0.07	n
25110877	2373	1484	-0.53	0.15	n
25120877	2371	1483	-0.36	0.23	n
25130877	2372	1482	-0.45	0.31	n
25140877	2372	1485	-0.45	0.07	n
25150877	2371	1485	-0.36	0.07	n
25160877	2371	1486	-0.36	-0.01	n
25170877	2374	1483	-0.62	0.23	n
25180877	2373	1484	-0.53	0.15	n
25190877	2371	1484	-0.36	0.15	n
25200877	2373	1486	-0.53	-0.01	n
25210877	2371	1485	-0.36	0.07	n
25220877	2373	1485	-0.53	0.07	n
25230877	2372	1486	-0.45	-0.01	n
25240877	2373	1485	-0.53	0.07	n
25250877	2371	1483	-0.36	0.23	n
25260877	2371	1485	-0.36	0.07	n
25270877	2371	1483	-0.36	0.23	n
25280877	2372	1485	-0.45	0.07	n
25290877	2373	1485	-0.53	0.07	n
25300876	2373	1485	-0.53	0.07	n
25310876	2371	1485	-0.36	0.07	n
25320875	2372	1485	-0.45	0.07	n
25330875	2371	1483	-0.36	0.23	n
25340874	2373	1485	-0.53	0.07	n
25350874	2371	1485	-0.36	0.07	n
25360874	2373	1483	-0.53	0.23	Location:lat:35.504317lon:139.465208;;Date:2024/12/8;;Time:05:43:19:00;;
25370874	2372	1484	-0.45	0.15	n
25380875	2373	1483	-0.53	0.23	n
25390875	2373	1485	-0.53	0.07	n
25400874	2373	1483	-0.53	0.23	n
25410874	2371	1486	-0.36	-0.01	n
25420874	2371	1484	-0.36	0.15	n
25430874	2374	1485	-0.62	0.07	n
25440874	2371	1485	-0.36	0.07	n
25450873	2374	1485	-0.62	0.07	n
25460872	2371	1484	-0.36	0.15	n
25470872	2371	1483	-0.36	0.23	Location:lat:35.504317lon:139.465208;;Time:05:43:19:00;;
25480872	2372	1484	-0.45	0.15	n
25490872	2371	1483	-0.36	0.23	n
25500872	2373	1483	-0.53	0.23	n
25510872	2373	1484	-0.53	0.15	n
25520872	2371	1487	-0.36	-0.09	n
25530872	2373	1485	-0.53	0.07	n
25540872	2373	1485	-0.53	0.07	n
25550872	2373	1484	-0.53	0.15	n
25560871	2371	1485	-0.36	0.07	n
25570871	2371	1485	-0.36	0.07	n
25580872	2373	1485	-0.53	0.07	n
25590872	2373	1486	-0.53	-0.01	n
25600872	2373	1485	-0.53	0.07	n
25610872	2371	1485	-0.36	0.07	n
25620872	2372	1485	-0.45	0.07	n
25630872	2371	1485	-0.36	0.07	n
25640877	2373	1485	-0.53	0.07	n
25650877	2374	1486	-0.62	-0.01	n
25660877	2374	1484	-0.62	0.15	n
25670877	2373	1486	-0.53	-0.01	n
25680877	2372	1483	-0.45	0.23	n
25690877	2372	1485	-0.45	0.07	n
25700877	2370	1484	-0.28	0.15	n
25710877	2369	1485	-0.20	0.07	n
25720877	2371	1485	-0.36	0.07	n
25730877	2371	1483	-0.36	0.23	n
25740876	2373	1486	-0.53	-0.01	n
25750876	2372	1484	-0.45	0.15	n
25760876	2374	1484	-0.62	0.15	n
25770876	2371	1486	-0.36	-0.01	n
25780875	2372	1485	-0.45	0.07	n
25790875	2373	1487	-0.53	-0.09	n
25800875	2371	1485	-0.36	0.07	n
25810874	2373	1486	-0.53	-0.01	n
25820874	2372	1485	-0.45	0.07	n
25830874	2373	1487	-0.53	-0.09	n
25840874	2372	1486	-0.45	-0.01	Location:lat:35.504317lon:139.465208;;Date:2024/12/8;;Time:05:43:19:00;;
25850874	2372	1484	-0.45	0.15	n
25860874	2373	1485	-0.53	0.07	n
25870874	2371	1482	-0.36	0.31	n
25880874	2371	1486	-0.36	-0.01	n
25890874	2371	1481	-0.36	0.39	n
25900874	2373	1485	-0.53	0.07	n
25910874	2373	1484	-0.53	0.15	n
25920874	2372	1483	-0.45	0.23	n
25930874	2371	1484	-0.36	0.15	n
25940874	2373	1485	-0.53	0.07	n
25950874	2371	1485	-0.36	0.07	n
25960874	2372	1485	-0.45	0.07	n
25970874	2371	1485	-0.36	0.07	n
25980874	2371	1485	-0.36	0.07	n
25990873	2372	1483	-0.45	0.23	n
26000874	2372	1483	-0.45	0.23	n
26010874	2372	1485	-0.45	0.07	n
26020874	2371	1486	-0.36	-0.01	n
26030873	2372	1485	-0.45	0.07	n
26040872	2374	1483	-0.62	0.23	n
26050872	2372	1483	-0.45	0.23	n
26060872	2373	1486	-0.53	-0.01	n
26070872	2371	1484	-0.36	0.15	n
26080872	2371	1485	-0.36	0.07	n
26090871	2369	1484	-0.20	0.15	n
26100871	2370	1483	-0.28	0.23	n
26110871	2373	1485	-0.53	0.07	n
26120870	2371	1485	-0.36	0.07	n
26130870	2372	1484	-0.45	0.15	n
26140870	2372	1485	-0.45	0.07	n
26150870	2373	1482	-0.53	0.31	n
26160870	2370	1485	-0.28	0.07	n
26170870	2373	1485	-0.53	0.07	n
26180870	2371	1483	-0.36	0.23	n
26190870	2371	1484	-0.36	0.15	n
26200870	2371	1483	-0.36	0.23	n
26210870	2373	1484	-0.53	0.15	n
26220870	2371	1485	-0.36	0.07	n
26230870	2371	1485	-0.36	0.07	n
26240870	2373	1485	-0.53	0.07	n
26250869	2373	1485	-0.53	0.07	n
26260869	2374	1486	-0.62	-0.01	n
26270869	2370	1485	-0.28	0.07	n
26280869	2373	1485	-0.53	0.07	n
26290869	2371	1484	-0.36	0.15	n
26300869	2373	1485	-0.53	0.07	n
26310869	2374	1485	-0.62	0.07	n
26320869	2372	1486	-0.45	-0.01	n
26330869	2372	1486	-0.45	-0.01	n
26340869	2373	1486	-0.53	-0.01	n
26350869	2374	1487	-0.62	-0.09	n
26360868	2372	1486	-0.45	-0.01	Location:lat:35.504287lon:139.465212;;Date:2024/12/8;;Time:05:43:20:00;;
26370877	2373	1485	-0.53	0.07	n
26380877	2374	1485	-0.62	0.07	n
26390877	2371	1486	-0.36	-0.01	n
26400877	2371	1486	-0.36	-0.01	n
26410876	2370	1483	-0.28	0.23	n
26420876	2371	1483	-0.36	0.23	n
26430876	2372	1483	-0.45	0.23	n
26440876	2373	1484	-0.53	0.15	n
26450876	2371	1483	-0.36	0.23	n
26460876	2374	1486	-0.62	-0.01	n
26470875	2374	1486	-0.62	-0.01	Location:lat:35.504287lon:139.465212;;Time:05:43:20:00;;
26480875	2374	1485	-0.62	0.07	n
26490875	2374	1485	-0.62	0.07	n
26500874	2371	1483	-0.36	0.23	n
26510874	2371	1485	-0.36	0.07	n
26520874	2373	1485	-0.53	0.07	n
26530873	2371	1483	-0.36	0.23	n
26540874	2373	1485	-0.53	0.07	n
26550874	2370	1486	-0.28	-0.01	n
26560874	2373	1485	-0.53	0.07	n
26570874	2373	1483	-0.53	0.23	n
26580874	2372	1485	-0.45	0.07	n
26590874	2373	1485	-0.53	0.07	n
26600873	2373	1484	-0.53	0.15	n
26610874	2372	1486	-0.45	-0.01	n
26620874	2373	1487	-0.53	-0.09	n
26630874	2373	1486	-0.53	-0.01	n
26640873	2375	1487	-0.70	-0.09	n
26650874	2373	1487	-0.53	-0.09	n
26660874	2374	1485	-0.62	0.07	n
26670873	2373	1487	-0.53	-0.09	n
26680872	2371	1486	-0.36	-0.01	n
26690872	2373	1485	-0.53	0.07	n
26700872	2371	1485	-0.36	0.07	n
26710871	2372	1485	-0.45	0.07	n
26720871	2371	1484	-0.36	0.15	n
26730870	2373	1485	-0.53	0.07	n
26740869	2372	1485	-0.45	0.07	n
26750871	2373	1485	-0.53	0.07	n
26760871	2371	1486	-0.36	-0.01	n
26770870	2373	1485	-0.53	0.07	n
26780870	2375	1485	-0.70	0.07	n
26790870	2373	1487	-0.53	-0.09	n
26800871	2371	1485	-0.36	0.07	n
26810871	2371	1486	-0.36	-0.01	n
26820872	2371	1485	-0.36	0.07	n
26830872	2373	1486	-0.53	-0.01	n
26840872	2371	1483	-0.36	0.23	Location:lat:35.504287lon:139.465212;;Date:2024/12/8;;Time:05:43:20:00;;
26850872	2370	1483	-0.28	0.23	n
26860871	2372	1484	-0.45	0.15	n
26870871	2373	1486	-0.53	-0.01	n
26880871	2371	1485	-0.36	0.07	n
26890871	2373	1485	-0.53	0.07	n
26900870	2373	1486	-0.53	-0.01	n
26910869	2371	1485	-0.36	0.07	n
26920869	2373	1483	-0.53	0.23	n
26930869	2370	1483	-0.28	0.23	n
26940869	2373	1483	-0.53	0.23	n
26950869	2374	1485	-0.62	0.07	n
26960869	2375	1486	-0.70	-0.01	n
26970869	2371	1483	-0.36	0.23	n
26980869	2373	1486	-0.53	-0.01	n
26990869	2373	1486	-0.53	-0.01	n
27000868	2370	1483	-0.28	0.23	n
27010868	2371	1484	-0.36	0.15	n
27020868	2373	1485	-0.53	0.07	n
27030868	2373	1485	-0.53	0.07	n
27040868	2373	1485	-0.53	0.07	n
27050868	2370	1485	-0.28	0.07	n
27060868	2373	1485	-0.53	0.07	n
27070868	2372	1483	-0.45	0.23	n
27080868	2374	1483	-0.62	0.23	n
27090868	2372	1486	-0.45	-0.01	n
27100868	2373	1485	-0.53	0.07	n
27110868	2371	1486	-0.36	-0.01	n
27120868	2373	1483	-0.53	0.23	n
27130868	2372	1486	-0.45	-0.01	n
27140868	2374	1483	-0.62	0.23	n
27150868	2371	1485	-0.36	0.07	n
27160868	2373	1483	-0.53	0.23	n
27170868	2371	1485	-0.36	0.07	n
27180868	2373	1485	-0.53	0.07	n
27190868	2373	1485	-0.53	0.07	n
27200868	2373	1483	-0.53	0.23	n
27210868	2374	1485	-0.62	0.07	n
27220868	2373	1485	-0.53	0.07	n
27230868	2371	1485	-0.36	0.07	n
27240868	2372	1484	-0.45	0.15	n
27250868	2372	1485	-0.45	0.07	n
27260867	2373	1483	-0.53	0.23	n
27270867	2371	1485	-0.36	0.07	n
27280866	2371	1486	-0.36	-0.01	n
27290866	2373	1485	-0.53	0.07	n
27300866	2371	1485	-0.36	0.07	n
27310865	2370	1483	-0.28	0.23	n
27320866	2374	1485	-0.62	0.07	n
27330866	2371	1483	-0.36	0.23	n
27340866	2373	1485	-0.53	0.07	n
27350865	2373	1483	-0.53	0.23	n
27360866	2374	1486	-0.62	-0.01	Location:lat:35.504288lon:139.465212;;Date:2024/12/8;;Time:05:43:21:00;;
27370866	2373	1485	-0.53	0.07	n
27380866	2372	1483	-0.45	0.23	n
27390866	2374	1487	-0.62	-0.09	n
27400866	2371	1485	-0.36	0.07	n
27410874	2373	1486	-0.53	-0.01	n
27420874	2373	1483	-0.53	0.23	n
27430874	2373	1484	-0.53	0.15	n
27440874	2370	1485	-0.28	0.07	n
27450874	2372	1485	-0.45	0.07	n
27460874	2373	1486	-0.53	-0.01	n
27470874	2372	1485	-0.45	0.07	Location:lat:35.504288lon:139.465212;;Time:05:43:21:00;;
27480874	2371	1484	-0.36	0.15	n
27490874	2372	1485	-0.45	0.07	n
27500873	2375	1485	-0.70	0.07	n
27510873	2376	1485	-0.78	0.07	n
27520873	2374	1486	-0.62	-0.01	n
27530873	2374	1485	-0.62	0.07	n
27540874	2372	1485	-0.45	0.07	n
27550874	2371	1483	-0.36	0.23	n
27560874	2374	1487	-0.62	-0.09	n
27570874	2374	1483	-0.62	0.23	n
27580873	2371	1486	-0.36	-0.01	n
27590874	2374	1483	-0.62	0.23	n
27600874	2373	1483	-0.53	0.23	n
27610874	2372	1485	-0.45	0.07	n
27620874	2372	1483	-0.45	0.23	n
27630874	2372	1485	-0.45	0.07	n
27640874	2375	1487	-0.70	-0.09	n
27650874	2373	1486	-0.53	-0.01	n
27660873	2372	1483	-0.45	0.23	n
27670874	2371	1486	-0.36	-0.01	n
27680874	2374	1485	-0.62	0.07	n
27690882	2373	1485	-0.53	0.07	n
27700882	2372	1485	-0.45	0.07	n
27710882	2372	1485	-0.45	0.07	n
27720882	2373	1485	-0.53	0.07	n
27730882	2374	1485	-0.62	0.07	n
27740891	2371	1486	-0.36	-0.01	n
27750891	2371	1484	-0.36	0.15	n
27760891	2373	1484	-0.53	0.15	n
27770891	2373	1484	-0.53	0.15	n
27780891	2371	1483	-0.36	0.23	n
27790891	2373	1486	-0.53	-0.01	n
27800891	2373	1486	-0.53	-0.01	n
27810892	2373	1484	-0.53	0.15	n
27820892	2373	1486	-0.53	-0.01	n
27830892	2373	1485	-0.53	0.07	n
27840892	2375	1484	-0.70	0.15	Location:lat:35.504288lon:139.465212;;Date:2024/12/8;;Time:05:43:21:00;;
27850892	2370	1484	-0.28	0.15	n
27860891	2374	1485	-0.62	0.07	n
27870891	2371	1484	-0.36	0.15	n
27880891	2373	1485	-0.53	0.07	n
27890890	2372	1485	-0.45	0.07	n
27900890	2374	1485	-0.62	0.07	n
27910890	2372	1486	-0.45	-0.01	n
27920890	2372	1484	-0.45	0.15	n
27930890	2371	1484	-0.36	0.15	n
27940890	2371	1483	-0.36	0.23	n
27950890	2372	1483	-0.45	0.23	n
27960890	2371	1485	-0.36	0.07	n
27970890	2371	1484	-0.36	0.15	n
27980890	2371	1485	-0.36	0.07	n
27990890	2372	1483	-0.45	0.23	n
28000890	2371	1483	-0.36	0.23	n
28010890	2371	1486	-0.36	-0.01	n
28020890	2372	1483	-0.45	0.23	n
28030890	2371	1485	-0.36	0.07	n
28040890	2371	1483	-0.36	0.23	n
28050890	2372	1483	-0.45	0.23	n
28060890	2371	1487	-0.36	-0.09	n
28070890	2373	1485	-0.53	0.07	n
28080889	2374	1485	-0.62	0.07	n
28090889	2373	1485	-0.53	0.07	n
28100888	2373	1486	-0.53	-0.01	n
28110887	2371	1484	-0.36	0.15	n
28120888	2371	1485	-0.36	0.07	n
28130888	2371	1484	-0.36	0.15	n
28140888	2373	1485	-0.53	0.07	n
28150888	2371	1485	-0.36	0.07	n
28160888	2372	1484	-0.45	0.15	n
28170888	2372	1485	-0.45	0.07	n
28180888	2370	1483	-0.28	0.23	n
28190888	2370	1485	-0.28	0.07	n
28200888	2373	1485	-0.53	0.07	n
28210888	2372	1482	-0.45	0.31	n
28220888	2371	1486	-0.36	-0.01	n
28230888	2372	1485	-0.45	0.07	n
28240887	2372	1483	-0.45	0.23	n
28250887	2371	1486	-0.36	-0.01	n
28260888	2373	1485	-0.53	0.07	n
28270888	2371	1485	-0.36	0.07	n
28280888	2371	1486	-0.36	-0.01	n
28290888	2370	1484	-0.28	0.15	n
28300888	2369	1485	-0.20	0.07	n
28310888	2371	1483	-0.36	0.23	n
28320888	2371	1485	-0.36	0.07	n
28330888	2371	1485	-0.36	0.07	n
28340897	2369	1484	-0.20	0.15	n
28350897	2372	1485	-0.45	0.07	n
28360897	2372	1481	-0.45	0.39	Location:lat:35.504285lon:139.465213;;Date:2024/12/8;;Time:05:43:22:00;;
28370896	2372	1483	-0.45	0.23	n
28380896	2371	1484	-0.36	0.15	n
28390896	2372	1483	-0.45	0.23	n
28400896	2372	1485	-0.45	0.07	n
28410897	2371	1485	-0.36	0.07	n
28420898	2370	1484	-0.28	0.15	n
28430898	2373	1486	-0.53	-0.01	n
28440898	2374	1482	-0.62	0.31	n
28450899	2371	1483	-0.36	0.23	n
28460898	2371	1483	-0.36	0.23	n
28470899	2372	1484	-0.45	0.15	Location:lat:35.504285lon:139.465213;;Time:05:43:22:00;;
28480898	2371	1485	-0.36	0.07	n
28490898	2371	1485	-0.36	0.07	n
28500897	2372	1485	-0.45	0.07	n
28510898	2372	1486	-0.45	-0.01	n
28520898	2372	1486	-0.45	-0.01	n
28530898	2373	1485	-0.53	0.07	n
28540898	2371	1483	-0.36	0.23	n
28550897	2371	1484	-0.36	0.15	n
28560897	2371	1483	-0.36	0.23	n
28570896	2371	1483	-0.36	0.23	n
28580896	2372	1485	-0.45	0.07	n
28590895	2371	1486	-0.36	-0.01	n
28600894	2370	1482	-0.28	0.31	n
28610894	2373	1485	-0.53	0.07	n
28620894	2371	1485	-0.36	0.07	n
28630894	2371	1485	-0.36	0.07	n
28640894	2372	1483	-0.45	0.23	n
28650894	2371	1485	-0.36	0.07	n
28660894	2371	1485	-0.36	0.07	n
28670893	2371	1483	-0.36	0.23	n
28680892	2373	1485	-0.53	0.07	n
28690891	2372	1483	-0.45	0.23	n
28700891	2371	1485	-0.36	0.07	n
28710891	2372	1485	-0.45	0.07	n
28720891	2370	1483	-0.28	0.23	n
28730891	2372	1486	-0.45	-0.01	n
28740891	2370	1483	-0.28	0.23	n
28750891	2372	1486	-0.45	-0.01	n
28760891	2372	1483	-0.45	0.23	n
28770891	2370	1484	-0.28	0.15	n
28780891	2371	1485	-0.36	0.07	n
28790890	2371	1483	-0.36	0.23	n
28800890	2370	1484	-0.28	0.15	n
28810890	2372	1485	-0.45	0.07	n
28820889	2374	1485	-0.62	0.07	n
28830889	2373	1483	-0.53	0.23	n
28840889	2373	1485	-0.53	0.07	Location:lat:35.504285lon:139.465213;;Date:2024/12/8;;Time:05:43:22:00;;
28850888	2373	1486	-0.53	-0.01	n
28860888	2371	1483	-0.36	0.23	n
28870888	2371	1485	-0.36	0.07	n
28880888	2374	1485	-0.62	0.07	n
28890888	2372	1484	-0.45	0.15	n
28900888	2371	1485	-0.36	0.07	n
28910888	2371	1483	-0.36	0.23	n
28920888	2371	1485	-0.36	0.07	n
28930888	2371	1482	-0.36	0.31	n
28940888	2371	1485	-0.36	0.07	n
28950888	2370	1483	-0.28	0.23	n
28960888	2369	1485	-0.20	0.07	n
28970888	2369	1483	-0.20	0.23	n
28980888	2371	1485	-0.36	0.07	n
28990888	2371	1485	-0.36	0.07	n
29000887	2374	1486	-0.62	-0.01	n
29010888	2371	1483	-0.36	0.23	n
29020888	2371	1483	-0.36	0.23	n
29030888	2371	1485	-0.36	0.07	n
29040888	2371	1485	-0.36	0.07	n
29050888	2371	1483	-0.36	0.23	n
29060888	2372	1485	-0.45	0.07	n
29070888	2371	1483	-0.36	0.23	n
29080888	2371	1483	-0.36	0.23	n
29090888	2373	1482	-0.53	0.31	n
29100888	2371	1485	-0.36	0.07	n
29110888	2370	1485	-0.28	0.07	n
29120888	2372	1485	-0.45	0.07	n
29130887	2373	1483	-0.53	0.23	n
29140887	2373	1486	-0.53	-0.01	n
29150886	2369	1484	-0.20	0.15	n
29160886	2373	1483	-0.53	0.23	n
29170886	2371	1483	-0.36	0.23	n
29180886	2373	1483	-0.53	0.23	n
29190886	2372	1485	-0.45	0.07	n
29200886	2370	1484	-0.28	0.15	n
29210886	2370	1484	-0.28	0.15	n
29220886	2371	1483	-0.36	0.23	n
29230886	2371	1485	-0.36	0.07	n
29240885	2373	1485	-0.53	0.07	n
29250885	2374	1483	-0.62	0.23	n
29260885	2372	1486	-0.45	-0.01	n
29270885	2370	1484	-0.28	0.15	n
29280885	2371	1485	-0.36	0.07	n
29290885	2373	1484	-0.53	0.15	n
29300885	2370	1483	-0.28	0.23	n
29310885	2373	1483	-0.53	0.23	n
29320885	2371	1485	-0.36	0.07	n
29330885	2370	1483	-0.28	0.23	n
29340885	2370	1484	-0.28	0.15	n
29350885	2371	1483	-0.36	0.23	n
29360894	2373	1485	-0.53	0.07	Location:lat:35.504274lon:139.465215;;Date:2024/12/8;;Time:05:43:23:00;;
29370894	2371	1484	-0.36	0.15	n
29380894	2374	1486	-0.62	-0.01	n
29390894	2374	1485	-0.62	0.07	n
29400893	2373	1485	-0.53	0.07	n
29410893	2373	1486	-0.53	-0.01	n
29420893	2371	1484	-0.36	0.15	n
29430892	2373	1484	-0.53	0.15	n
29440892	2372	1484	-0.45	0.15	n
29450892	2373	1485	-0.53	0.07	n
29460891	2371	1483	-0.36	0.23	n
29470891	2373	1483	-0.53	0.23	Location:lat:35.504274lon:139.465215;;Time:05:43:23:00;;
29480891	2371	1484	-0.36	0.15	n
29490891	2369	1483	-0.20	0.23	n
29500891	2371	1483	-0.36	0.23	n
29510891	2374	1485	-0.62	0.07	n
29520891	2373	1485	-0.53	0.07	n
29530891	2373	1483	-0.53	0.23	n
29540891	2370	1485	-0.28	0.07	n
29550891	2373	1485	-0.53	0.07	n
29560891	2373	1483	-0.53	0.23	n
29570891	2371	1483	-0.36	0.23	n
29580890	2374	1483	-0.62	0.23	n
29590890	2371	1484	-0.36	0.15	n
29600890	2371	1483	-0.36	0.23	n
29610891	2373	1482	-0.53	0.31	n
29620890	2370	1485	-0.28	0.07	n
29630891	2370	1484	-0.28	0.15	n
29640891	2372	1485	-0.45	0.07	n
29650891	2373	1485	-0.53	0.07	n
29660891	2370	1484	-0.28	0.15	n
29670891	2373	1483	-0.53	0.23	n
29680890	2373	1485	-0.53	0.07	n
29690898	2373	1483	-0.53	0.23	n
29700898	2373	1483	-0.53	0.23	n
29710898	2374	1483	-0.62	0.23	n
29720899	2372	1484	-0.45	0.15	n
29730899	2371	1483	-0.36	0.23	n
29740899	2371	1483	-0.36	0.23	n
29750899	2371	1485	-0.36	0.07	n
29760900	2371	1485	-0.36	0.07	n
29770900	2371	1484	-0.36	0.15	n
29780900	2373	1485	-0.53	0.07	n
29790899	2371	1485	-0.36	0.07	n
29800899	2371	1485	-0.36	0.07	n
29810900	2373	1485	-0.53	0.07	n
29820899	2373	1485	-0.53	0.07	n
29830899	2371	1484	-0.36	0.15	n
29840899	2371	1483	-0.36	0.23	Location:lat:35.504274lon:139.465215;;Date:2024/12/8;;Time:05:43:23:00;;
29850899	2371	1484	-0.36	0.15	n
29860899	2371	1484	-0.36	0.15	n
29870899	2373	1483	-0.53	0.23	n
29880899	2371	1485	-0.36	0.07	n
29890899	2373	1483	-0.53	0.23	n
29900899	2371	1485	-0.36	0.07	n
29910899	2372	1483	-0.45	0.23	n
29920899	2371	1486	-0.36	-0.01	n
29930899	2374	1483	-0.62	0.23	n
29940899	2371	1483	-0.36	0.23	n
29950899	2372	1485	-0.45	0.07	n
29960898	2369	1483	-0.20	0.23	n
29970899	2369	1486	-0.20	-0.01	n
29980898	2370	1483	-0.28	0.23	n
29990899	2372	1485	-0.45	0.07	n
30000899	2375	1485	-0.70	0.07	n
30010899	2371	1485	-0.36	0.07	n
30020899	2372	1483	-0.45	0.23	n
30030899	2373	1485	-0.53	0.07	n
30040899	2372	1485	-0.45	0.07	n
30050898	2373	1485	-0.53	0.07	n
30060899	2371	1485	-0.36	0.07	n
30070899	2373	1485	-0.53	0.07	n
30080899	2371	1483	-0.36	0.23	n
30090899	2372	1485	-0.45	0.07	n
30100899	2371	1486	-0.36	-0.01	n
30110899	2374	1485	-0.62	0.07	n
30120899	2371	1484	-0.36	0.15	n
30130899	2373	1485	-0.53	0.07	n
30140899	2371	1483	-0.36	0.23	n
30150899	2369	1482	-0.20	0.31	n
30160899	2373	1483	-0.53	0.23	n
30170899	2372	1485	-0.45	0.07	n
30180899	2371	1483	-0.36	0.23	n
30190899	2370	1485	-0.28	0.07	n
30200899	2373	1483	-0.53	0.23	n
30210899	2371	1483	-0.36	0.23	n
30220899	2373	1485	-0.53	0.07	n
30230899	2370	1485	-0.28	0.07	n
30240899	2371	1483	-0.36	0.23	n
30250899	2372	1483	-0.45	0.23	n
30260899	2371	1483	-0.36	0.23	n
30270899	2371	1483	-0.36	0.23	n
30280899	2371	1483	-0.36	0.23	n
30290899	2371	1485	-0.36	0.07	n
30300899	2371	1485	-0.36	0.07	n
30310900	2371	1482	-0.36	0.31	n
30320900	2371	1483	-0.36	0.23	n
30330900	2371	1485	-0.36	0.07	n
30340900	2371	1485	-0.36	0.07	n
30350899	2371	1483	-0.36	0.23	n
30360900	2371	1483	-0.36	0.23	Location:lat:35.504277lon:139.465216;;Date:2024/12/8;;Time:05:43:24:00;;
30370899	2370	1484	-0.28	0.15	n
30380899	2371	1483	-0.36	0.23	n
30390899	2370	1485	-0.28	0.07	n
30400898	2371	1485	-0.36	0.07	n
30410898	2373	1485	-0.53	0.07	n
30420898	2371	1483	-0.36	0.23	n
30430898	2373	1485	-0.53	0.07	n
30440898	2374	1483	-0.62	0.23	n
30450898	2371	1484	-0.36	0.15	n
30460898	2371	1482	-0.36	0.31	n
30470897	2371	1485	-0.36	0.07	Location:lat:35.504277lon:139.465216;;Time:05:43:24:00;;
30480897	2372	1481	-0.45	0.39	n
30490897	2370	1485	-0.28	0.07	n
30500897	2371	1484	-0.36	0.15	n
30510898	2371	1484	-0.36	0.15	n
30520898	2371	1485	-0.36	0.07	n
30530898	2371	1485	-0.36	0.07	n
30540906	2370	1485	-0.28	0.07	n
30550906	2369	1484	-0.20	0.15	n
30560906	2373	1483	-0.53	0.23	n
30570905	2373	1483	-0.53	0.23	n
30580905	2373	1485	-0.53	0.07	n
30590905	2371	1485	-0.36	0.07	n
30600905	2371	1483	-0.36	0.23	n
30610906	2374	1486	-0.62	-0.01	n
30620906	2373	1484	-0.53	0.15	n
30630907	2373	1483	-0.53	0.23	n
30640907	2373	1485	-0.53	0.07	n
30650907	2371	1486	-0.36	-0.01	n
30660906	2371	1483	-0.36	0.23	n
30670906	2370	1485	-0.28	0.07	n
30680906	2373	1485	-0.53	0.07	n
30690906	2371	1485	-0.36	0.07	n
30700906	2372	1483	-0.45	0.23	n
30710907	2371	1483	-0.36	0.23	n
30720907	2372	1485	-0.45	0.07	n
30730906	2371	1485	-0.36	0.07	n
30740906	2373	1483	-0.53	0.23	n
30750905	2373	1485	-0.53	0.07	n
30760905	2373	1484	-0.53	0.15	n
30770904	2373	1485	-0.53	0.07	n
30780904	2370	1484	-0.28	0.15	n
30790904	2370	1485	-0.28	0.07	n
30800903	2373	1484	-0.53	0.15	n
30810902	2373	1485	-0.53	0.07	n
30820902	2369	1483	-0.20	0.23	n
30830902	2372	1483	-0.45	0.23	n
30840902	2371	1483	-0.36	0.23	Location:lat:35.504277lon:139.465216;;Date:2024/12/8;;Time:05:43:24:00;;
30850901	2372	1483	-0.45	0.23	n
30860901	2371	1485	-0.36	0.07	n
30870901	2373	1484	-0.53	0.15	n
30880901	2372	1483	-0.45	0.23	n
30890901	2372	1485	-0.45	0.07	n
30900900	2371	1486	-0.36	-0.01	n
30910900	2375	1485	-0.70	0.07	n
30920899	2373	1484	-0.53	0.15	n
30930899	2371	1485	-0.36	0.07	n
30940899	2371	1485	-0.36	0.07	n
30950899	2371	1483	-0.36	0.23	n
30960899	2372	1486	-0.45	-0.01	n
30970899	2373	1486	-0.53	-0.01	n
30980899	2372	1486	-0.45	-0.01	n
30990899	2372	1486	-0.45	-0.01	n
31000899	2371	1485	-0.36	0.07	n
31010899	2371	1486	-0.36	-0.01	n
31020899	2372	1484	-0.45	0.15	n
31030899	2373	1485	-0.53	0.07	n
31040899	2373	1485	-0.53	0.07	n
31050899	2371	1485	-0.36	0.07	n
31060899	2371	1483	-0.36	0.23	n
31070899	2373	1484	-0.53	0.15	n
31080899	2370	1484	-0.28	0.15	n
31090899	2370	1483	-0.28	0.23	n
31100899	2371	1483	-0.36	0.23	n
31110899	2370	1485	-0.28	0.07	n
31120899	2370	1484	-0.28	0.15	n
31130899	2372	1485	-0.45	0.07	n
31140899	2371	1483	-0.36	0.23	n
31150899	2371	1484	-0.36	0.15	n
31160899	2373	1485	-0.53	0.07	n
31170899	2371	1485	-0.36	0.07	n
31180899	2371	1484	-0.36	0.15	n
31190899	2373	1485	-0.53	0.07	n
31200899	2371	1485	-0.36	0.07	n
31210898	2371	1483	-0.36	0.23	n
31220898	2372	1486	-0.45	-0.01	n
31230899	2371	1483	-0.36	0.23	n
31240899	2372	1486	-0.45	-0.01	n
31250899	2369	1482	-0.20	0.31	n
31260899	2372	1484	-0.45	0.15	n
31270899	2373	1483	-0.53	0.23	n
31280899	2371	1482	-0.36	0.31	n
31290899	2371	1486	-0.36	-0.01	n
31300898	2373	1484	-0.53	0.15	n
31310898	2373	1483	-0.53	0.23	n
31320898	2371	1486	-0.36	-0.01	n
31330898	2373	1484	-0.53	0.15	n
31340898	2374	1485	-0.62	0.07	n
31350898	2373	1485	-0.53	0.07	n
31360898	2371	1486	-0.36	-0.01	Location:lat:35.504279lon:139.465216;;Date:2024/12/8;;Time:05:43:25:00;;
31370898	2374	1485	-0.62	0.07	n
31380898	2371	1485	-0.36	0.07	n
31390898	2371	1483	-0.36	0.23	n
31400897	2373	1485	-0.53	0.07	n
31410897	2373	1485	-0.53	0.07	n
31420897	2371	1487	-0.36	-0.09	n
31430896	2374	1486	-0.62	-0.01	n
31440896	2371	1483	-0.36	0.23	n
31450896	2372	1485	-0.45	0.07	n
31460905	2374	1487	-0.62	-0.09	n
31470905	2371	1483	-0.36	0.23	Location:lat:35.504279lon:139.465216;;Time:05:43:25:00;;
31480905	2372	1483	-0.45	0.23	n
31490905	2373	1485	-0.53	0.07	n
31500905	2373	1486	-0.53	-0.01	n
31510905	2373	1481	-0.53	0.39	n
31520905	2371	1485	-0.36	0.07	n
31530905	2373	1487	-0.53	-0.09	n
31540905	2371	1485	-0.36	0.07	n
31550904	2372	1486	-0.45	-0.01	n
31560904	2374	1483	-0.62	0.23	n
31570904	2373	1486	-0.53	-0.01	n
31580904	2372	1484	-0.45	0.15	n
31590905	2373	1485	-0.53	0.07	n
31600905	2370	1483	-0.28	0.23	n
31610905	2370	1482	-0.28	0.31	n
31620905	2370	1485	-0.28	0.07	n
31630905	2371	1485	-0.36	0.07	n
31640904	2370	1483	-0.28	0.23	n
31650903	2371	1484	-0.36	0.15	n
31660903	2372	1480	-0.45	0.47	n
31670903	2370	1483	-0.28	0.23	n
31680903	2370	1482	-0.28	0.31	n
31690903	2370	1483	-0.28	0.23	n
31700903	2371	1483	-0.36	0.23	n
31710902	2370	1484	-0.28	0.15	n
31720902	2371	1483	-0.36	0.23	n
31730902	2370	1483	-0.28	0.23	n
31740902	2370	1483	-0.28	0.23	n
31750902	2371	1482	-0.36	0.31	n
31760901	2369	1482	-0.20	0.31	n
31770900	2372	1483	-0.45	0.23	n
31780900	2370	1483	-0.28	0.23	n
31790899	2371	1485	-0.36	0.07	n
31800898	2371	1484	-0.36	0.15	n
31810898	2370	1482	-0.28	0.31	n
31820898	2373	1484	-0.53	0.15	n
31830898	2371	1483	-0.36	0.23	n
31840898	2370	1483	-0.28	0.23	Location:lat:35.504279lon:139.465216;;Date:2024/12/8;;Time:05:43:25:00;;
31850897	2371	1485	-0.36	0.07	n
31860896	2371	1483	-0.36	0.23	n
31870896	2371	1484	-0.36	0.15	n
31880896	2369	1483	-0.20	0.23	n
31890896	2373	1484	-0.53	0.15	n
31900896	2369	1483	-0.20	0.23	n
31910896	2371	1483	-0.36	0.23	n
31920896	2371	1484	-0.36	0.15	n
31930896	2371	1483	-0.36	0.23	n
31940896	2371	1483	-0.36	0.23	n
31950896	2372	1482	-0.45	0.31	n
31960896	2369	1483	-0.20	0.23	n
31970896	2371	1483	-0.36	0.23	n
31980896	2371	1485	-0.36	0.07	n
31990895	2371	1483	-0.36	0.23	n
32000896	2370	1484	-0.28	0.15	n
32010896	2373	1485	-0.53	0.07	n
32020896	2369	1482	-0.20	0.31	n
32030895	2373	1483	-0.53	0.23	n
32040896	2370	1483	-0.28	0.23	n
32050896	2370	1483	-0.28	0.23	n
32060896	2370	1485	-0.28	0.07	n
32070896	2373	1483	-0.53	0.23	n
32080896	2371	1483	-0.36	0.23	n
32090896	2372	1485	-0.45	0.07	n
32100896	2369	1483	-0.20	0.23	n
32110896	2370	1483	-0.28	0.23	n
32120896	2369	1481	-0.20	0.39	n
32130896	2370	1483	-0.28	0.23	n
32140896	2371	1485	-0.36	0.07	n
32150895	2371	1483	-0.36	0.23	n
32160895	2370	1483	-0.28	0.23	n
32170895	2371	1484	-0.36	0.15	n
32180895	2370	1484	-0.28	0.15	n
32190895	2369	1484	-0.20	0.15	n
32200895	2370	1484	-0.28	0.15	n
32210896	2369	1483	-0.20	0.23	n
32220896	2371	1482	-0.36	0.31	n
32230895	2369	1485	-0.20	0.07	n
32240894	2371	1485	-0.36	0.07	n
32250894	2371	1483	-0.36	0.23	n
32260894	2369	1483	-0.20	0.23	n
32270893	2368	1479	-0.11	0.55	n
32280893	2371	1482	-0.36	0.31	n
32290893	2371	1483	-0.36	0.23	n
32300893	2369	1483	-0.20	0.23	n
32310893	2371	1483	-0.36	0.23	n
32320893	2370	1483	-0.28	0.23	n
32330894	2371	1483	-0.36	0.23	n
32340894	2371	1482	-0.36	0.31	n
32350894	2370	1483	-0.28	0.23	n
32360894	2371	1483	-0.36	0.23	Location:lat:35.504298lon:139.465214;;Date:2024/12/8;;Time:05:43:26:00;;
32370894	2370	1483	-0.28	0.23	n
32380893	2371	1483	-0.36	0.23	n
32390892	2370	1484	-0.28	0.15	n
32400892	2371	1483	-0.36	0.23	n
32410891	2371	1484	-0.36	0.15	n
32420890	2370	1481	-0.28	0.39	n
32430890	2370	1484	-0.28	0.15	n
32440899	2371	1483	-0.36	0.23	n
32450898	2368	1482	-0.11	0.31	n
32460898	2371	1486	-0.36	-0.01	n
32470898	2370	1485	-0.28	0.07	Location:lat:35.504298lon:139.465214;;Time:05:43:26:00;;
32480897	2377	1487	-0.87	-0.09	n
32490906	2375	1488	-0.70	-0.17	n
32500906	2374	1488	-0.62	-0.17	n
32510906	2375	1494	-0.70	-0.65	n
32520907	2379	1497	-1.03	-0.89	n
32530907	2379	1499	-1.03	-1.05	n
32540908	2383	1507	-1.37	-1.69	n
32550907	2385	1515	-1.53	-2.34	n
32560907	2386	1520	-1.62	-2.74	n
32570907	2389	1524	-1.87	-3.06	n
32580906	2390	1533	-1.95	-3.78	n
32590906	2394	1535	-2.29	-3.94	n
32600907	2395	1535	-2.37	-3.94	n
32610907	2398	1535	-2.62	-3.94	n
32620906	2400	1554	-2.79	-5.47	n
32630906	2402	1559	-2.96	-5.87	n
32640906	2403	1565	-3.04	-6.35	n
32650907	2406	1570	-3.29	-6.76	n
32660907	2407	1575	-3.37	-7.16	n
32670907	2411	1581	-3.71	-7.64	n
32680907	2410	1584	-3.62	-7.88	n
32690907	2412	1590	-3.79	-8.36	n
32700907	2414	1593	-3.96	-8.60	n
32710906	2416	1599	-4.13	-9.09	n
32720906	2418	1603	-4.29	-9.41	n
32730907	2419	1610	-4.38	-9.97	n
32740907	2421	1611	-4.54	-10.05	n
32750906	2425	1615	-4.88	-10.37	n
32760906	2429	1618	-5.21	-10.61	n
32770907	2430	1622	-5.30	-10.93	n
32780907	2432	1628	-5.46	-11.42	n
32790907	2435	1631	-5.71	-11.66	n
32800907	2433	1631	-5.55	-11.66	n
32810908	2435	1635	-5.71	-11.98	n
32820917	2438	1641	-5.97	-12.46	n
32830917	2437	1644	-5.88	-12.70	n
32840916	2439	1647	-6.05	-12.94	Location:lat:35.504298lon:139.465214;;Date:2024/12/8;;Time:05:43:26:00;;
32850916	2443	1650	-6.38	-13.18	n
32860916	2444	1653	-6.47	-13.42	n
32870916	2447	1658	-6.72	-13.82	n
32880916	2448	1661	-6.80	-14.07	n
32890915	2449	1665	-6.88	-14.39	n
32900915	2451	1666	-7.05	-14.47	n
32910915	2450	1670	-6.97	-14.79	n
32920915	2453	1670	-7.22	-14.79	n
32930915	2453	1675	-7.22	-15.19	n
32940915	2454	1680	-7.30	-15.59	n
32950915	2454	1680	-7.30	-15.59	n
32960915	2454	1680	-7.30	-15.59	n
32970915	2457	1680	-7.55	-15.59	n
32980915	2454	1681	-7.30	-15.67	n
32990915	2460	1683	-7.80	-15.83	n
33000915	2459	1686	-7.72	-16.07	n
33010915	2460	1687	-7.80	-16.15	n
33020915	2459	1687	-7.72	-16.15	n
33030915	2459	1690	-7.72	-16.40	n
33040914	2461	1687	-7.89	-16.15	n
33050914	2461	1695	-7.89	-16.80	n
33060914	2462	1692	-7.97	-16.56	n
33070914	2464	1695	-8.14	-16.80	n
33080914	2463	1697	-8.05	-16.96	n
33090914	2463	1695	-8.05	-16.80	n
33100914	2463	1694	-8.05	-16.72	n
33110914	2462	1696	-7.97	-16.88	n
33120914	2462	1696	-7.97	-16.88	n
33130914	2463	1695	-8.05	-16.80	n
33140914	2463	1696	-8.05	-16.88	n
33150914	2463	1697	-8.05	-16.96	n
33160914	2464	1695	-8.14	-16.80	n
33170914	2463	1696	-8.05	-16.88	n
33180914	2463	1695	-8.05	-16.80	n
33190914	2461	1695	-7.89	-16.80	n
33200914	2461	1693	-7.89	-16.64	n
33210914	2461	1690	-7.89	-16.40	n
33220914	2461	1690	-7.89	-16.40	n
33230914	2459	1689	-7.72	-16.32	n
33240914	2460	1687	-7.80	-16.15	n
33250914	2460	1683	-7.80	-15.83	n
33260914	2454	1681	-7.30	-15.67	n
33270914	2455	1682	-7.39	-15.75	n
33280914	2454	1680	-7.30	-15.59	n
33290914	2454	1681	-7.30	-15.67	n
33300914	2453	1680	-7.22	-15.59	n
33310914	2453	1679	-7.22	-15.51	n
33320914	2451	1675	-7.05	-15.19	n
33330914	2449	1670	-6.88	-14.79	n
33340913	2448	1669	-6.80	-14.71	n
33350913	2447	1667	-6.72	-14.55	n
33360913	2447	1665	-6.72	-14.39	Location:lat:35.504299lon:139.465214;;Date:2024/12/8;;Time:05:43:27:00;;
33370913	2446	1663	-6.63	-14.23	n
33380913	2443	1658	-6.38	-13.82	n
33390913	2442	1655	-6.30	-13.58	n
33400912	2441	1653	-6.22	-13.42	n
33410912	2435	1649	-5.71	-13.10	n
33420912	2433	1648	-5.55	-13.02	n
33430911	2437	1645	-5.88	-12.78	n
33440911	2432	1639	-5.46	-12.30	n
33450910	2434	1636	-5.63	-12.06	n
33460910	2433	1635	-5.55	-11.98	n
33470910	2429	1631	-5.21	-11.66	Location:lat:35.504299lon:139.465214;;Time:05:43:27:00;;
33480910	2429	1631	-5.21	-11.66	n
33490919	2427	1627	-5.05	-11.33	n
33500919	2425	1621	-4.88	-10.85	n
33510920	2421	1617	-4.54	-10.53	n
33520920	2422	1616	-4.63	-10.45	n
33530923	2417	1613	-4.21	-10.21	n
33540922	2417	1612	-4.21	-10.13	n
33550922	2416	1607	-4.13	-9.73	n
33560921	2415	1602	-4.04	-9.33	n
33570921	2411	1598	-3.71	-9.01	n
33580920	2409	1596	-3.54	-8.84	n
33590920	2410	1591	-3.62	-8.44	n
33600920	2407	1587	-3.37	-8.12	n
33610920	2407	1584	-3.37	-7.88	n
33620921	2407	1579	-3.37	-7.48	n
33630921	2402	1574	-2.96	-7.08	n
33640921	2401	1569	-2.87	-6.68	n
33650920	2400	1565	-2.79	-6.35	n
33660921	2395	1561	-2.37	-6.03	n
33670921	2397	1558	-2.54	-5.79	n
33680924	2393	1554	-2.20	-5.47	n
33690924	2393	1535	-2.20	-3.94	n
33700924	2390	1535	-1.95	-3.94	n
33710924	2386	1535	-1.62	-3.94	n
33720923	2387	1534	-1.70	-3.86	n
33730922	2385	1528	-1.53	-3.38	n
33740922	2384	1521	-1.45	-2.82	n
33750922	2384	1520	-1.45	-2.74	n
33760921	2381	1516	-1.20	-2.42	n
33770921	2381	1510	-1.20	-1.94	n
33780920	2379	1505	-1.03	-1.53	n
33790920	2375	1498	-0.70	-0.97	n
33800920	2375	1495	-0.70	-0.73	n
33810923	2373	1491	-0.53	-0.41	n
33820923	2369	1487	-0.20	-0.09	n
33830923	2367	1485	-0.03	0.07	n
33840923	2365	1479	0.14	0.55	Location:lat:35.504299lon:139.465214;;Date:2024/12/8;;Time:05:43:27:00;;
33850922	2366	1478	0.05	0.63	n
33860922	2363	1474	0.30	0.96	n
33870922	2359	1470	0.64	1.28	n
33880922	2359	1466	0.64	1.60	n
33890922	2358	1459	0.72	2.16	n
33900922	2354	1456	1.06	2.40	n
33910921	2353	1455	1.14	2.48	n
33920920	2352	1450	1.22	2.88	n
33930920	2352	1445	1.22	3.29	n
33940921	2350	1441	1.39	3.61	n
33950921	2347	1438	1.64	3.85	n
33960921	2349	1431	1.47	4.41	n
33970921	2346	1426	1.73	4.81	n
33980921	2347	1424	1.64	4.97	n
33990920	2346	1422	1.73	5.13	n
34000921	2346	1418	1.73	5.45	n
34010921	2341	1410	2.14	6.10	n
34020921	2338	1407	2.39	6.34	n
34030920	2337	1403	2.48	6.66	n
34040919	2335	1402	2.64	6.74	n
34050919	2335	1395	2.64	7.30	n
34060918	2331	1392	2.98	7.54	n
34070918	2334	1391	2.73	7.62	n
34080918	2327	1386	3.31	8.03	n
34090917	2324	1383	3.56	8.27	n
34100917	2323	1380	3.65	8.51	n
34110918	2321	1374	3.82	8.99	n
34120918	2320	1372	3.90	9.15	n
34130917	2320	1370	3.90	9.31	n
34140917	2321	1363	3.82	9.87	n
34150916	2320	1363	3.90	9.87	n
34160916	2320	1360	3.90	10.11	n
34170915	2319	1357	3.98	10.35	n
34180914	2317	1353	4.15	10.68	n
34190914	2318	1353	4.07	10.68	n
34200914	2316	1350	4.23	10.92	n
34210914	2316	1349	4.23	11.00	n
34220914	2316	1345	4.23	11.32	n
34230914	2315	1343	4.32	11.48	n
34240914	2315	1341	4.32	11.64	n
34250914	2313	1337	4.48	11.96	n
34260914	2313	1337	4.48	11.96	n
34270914	2310	1331	4.73	12.44	n
34280914	2309	1331	4.82	12.44	n
34290914	2313	1331	4.48	12.44	n
34300914	2313	1329	4.48	12.60	n
34310914	2310	1328	4.73	12.68	n
34320914	2310	1327	4.73	12.76	n
34330914	2311	1325	4.65	12.93	n
34340914	2310	1321	4.73	13.25	n
34350923	2309	1321	4.82	13.25	n
34360923	2308	1319	4.90	13.41	Location:lat:35.504298lon:139.465215;;Date:2024/12/8;;Time:05:43:28:00;;
34370923	2309	1319	4.82	13.41	n
34380923	2308	1317	4.90	13.57	n
34390922	2310	1318	4.73	13.49	n
34400921	2307	1315	4.99	13.73	n
34410921	2309	1317	4.82	13.57	n
34420921	2308	1316	4.90	13.65	n
34430920	2310	1315	4.73	13.73	n
34440919	2309	1315	4.82	13.73	n
34450919	2307	1315	4.99	13.73	n
34460920	2309	1317	4.82	13.57	n
34470919	2309	1315	4.82	13.73	Location:lat:35.504298lon:139.465215;;Time:05:43:28:00;;
34480920	2310	1317	4.73	13.57	n
34490921	2311	1315	4.65	13.73	n
34500922	2310	1315	4.73	13.73	n
34510922	2310	1315	4.73	13.73	n
34520922	2310	1316	4.73	13.65	n
34530921	2310	1318	4.73	13.49	n
34540921	2309	1318	4.82	13.49	n
34550921	2311	1317	4.65	13.57	n
34560920	2313	1318	4.48	13.49	n
34570920	2311	1319	4.65	13.41	n
34580919	2313	1321	4.48	13.25	n
34590919	2311	1322	4.65	13.17	n
34600919	2313	1323	4.48	13.09	n
34610918	2314	1325	4.40	12.93	n
34620918	2317	1327	4.15	12.76	n
34630918	2315	1328	4.32	12.68	n
34640917	2317	1329	4.15	12.60	n
34650916	2318	1330	4.07	12.52	n
34660916	2314	1331	4.40	12.44	n
34670916	2316	1333	4.23	12.28	n
34680916	2318	1335	4.07	12.12	n
34690916	2317	1335	4.15	12.12	n
34700916	2318	1338	4.07	11.88	n
34710916	2319	1341	3.98	11.64	n
34720916	2320	1343	3.90	11.48	n
34730919	2320	1344	3.90	11.40	n
34740919	2320	1348	3.90	11.08	n
34750919	2322	1350	3.73	10.92	n
34760918	2322	1353	3.73	10.68	n
34770917	2323	1355	3.65	10.52	n
34780917	2321	1357	3.82	10.35	n
34790917	2326	1358	3.40	10.27	n
34800917	2326	1360	3.40	10.11	n
34810916	2330	1361	3.06	10.03	n
34820916	2331	1365	2.98	9.71	n
34830916	2333	1367	2.81	9.55	n
34840915	2333	1370	2.81	9.31	Location:lat:35.504298lon:139.465215;;Date:2024/12/8;;Time:05:43:28:00;;
34850915	2335	1375	2.64	8.91	n
34860915	2334	1377	2.73	8.75	n
34870914	2337	1382	2.48	8.35	n
34880914	2343	1387	1.98	7.94	n
34890913	2345	1392	1.81	7.54	n
34900912	2349	1393	1.47	7.46	n
34910912	2352	1398	1.22	7.06	n
34920911	2357	1405	0.81	6.50	n
34930911	2365	1410	0.14	6.10	n
34940911	2375	1421	-0.70	5.21	n
34950911	2381	1425	-1.20	4.89	n
34960911	2386	1437	-1.62	3.93	n
34970911	2393	1441	-2.20	3.61	n
34980911	2405	1449	-3.21	2.96	n
34990911	2407	1456	-3.37	2.40	n
35000911	2416	1464	-4.13	1.76	n
35010910	2427	1471	-5.05	1.20	n
35020910	2434	1477	-5.63	0.72	n
35030910	2442	1485	-6.30	0.07	n
35040909	2449	1489	-6.88	-0.25	n
35050910	2460	1498	-7.80	-0.97	n
35060910	2467	1506	-8.39	-1.61	n
35070910	2474	1515	-8.97	-2.34	n
35080910	2480	1520	-9.48	-2.74	n
35090910	2485	1529	-9.89	-3.46	n
35100910	2496	1535	-10.81	-3.94	n
35110910	2501	1535	-11.23	-3.94	n
35120910	2511	1557	-12.07	-5.71	n
35130910	2513	1563	-12.23	-6.19	n
35140910	2523	1569	-13.07	-6.68	n
35150910	2528	1577	-13.49	-7.32	n
35160910	2538	1584	-14.32	-7.88	n
35170910	2544	1594	-14.83	-8.68	n
35180910	2547	1599	-15.08	-9.09	n
35190910	2555	1606	-15.75	-9.65	n
35200910	2559	1614	-16.08	-10.29	n
35210910	2559	1617	-16.08	-10.53	n
35220910	2559	1623	-16.08	-11.01	n
35230910	2586	1631	-18.34	-11.66	n
35240910	2595	1635	-19.09	-11.98	n
35250910	2602	1643	-19.67	-12.62	n
35260910	2607	1648	-20.09	-13.02	n
35270910	2608	1654	-20.18	-13.50	n
35280910	2615	1662	-20.76	-14.15	n
35290910	2623	1668	-21.43	-14.63	n
35300910	2626	1671	-21.68	-14.87	n
35310910	2631	1680	-22.10	-15.59	n
35320910	2638	1682	-22.68	-15.75	n
35330910	2641	1686	-22.93	-16.07	n
35340910	2646	1696	-23.35	-16.88	n
35350910	2651	1699	-23.77	-17.12	n
35360910	2657	1703	-24.27	-17.44	Location:lat:35.504286lon:139.465215;;Date:2024/12/8;;Time:05:43:29:00;;
35370910	2663	1712	-24.77	-18.16	n
35380910	2665	1713	-24.94	-18.24	n
35390918	2672	1721	-25.53	-18.89	n
35400917	2675	1727	-25.78	-19.37	n
35410916	2675	1729	-25.78	-19.53	n
35420916	2679	1729	-26.11	-19.53	n
35430916	2683	1739	-26.45	-20.33	n
35440917	2687	1743	-26.78	-20.65	n
35450917	2691	1744	-27.11	-20.73	n
35460917	2691	1747	-27.11	-20.97	n
35470917	2699	1755	-27.78	-21.62	Location:lat:35.504286lon:139.465215;;Time:05:43:29:00;;
35480917	2701	1758	-27.95	-21.86	n
35490917	2702	1759	-28.03	-21.94	n
35500917	2704	1763	-28.20	-22.26	n
35510916	2704	1763	-28.20	-22.26	n
35520916	2706	1766	-28.37	-22.50	n
35530916	2704	1770	-28.20	-22.82	n
35540916	2706	1771	-28.37	-22.90	n
35550916	2709	1775	-28.62	-23.22	n
35560916	2709	1776	-28.62	-23.30	n
35570916	2709	1776	-28.62	-23.30	n
35580916	2709	1776	-28.62	-23.30	n
35590915	2707	1778	-28.45	-23.46	n
35600915	2709	1779	-28.62	-23.55	n
35610915	2706	1781	-28.37	-23.71	n
35620915	2706	1783	-28.37	-23.87	n
35630915	2705	1786	-28.28	-24.11	n
35640915	2705	1785	-28.28	-24.03	n
35650916	2706	1787	-28.37	-24.19	n
35660915	2704	1787	-28.20	-24.19	n
35670914	2701	1783	-27.95	-23.87	n
35680914	2699	1783	-27.78	-23.87	n
35690914	2699	1785	-27.78	-24.03	n
35700914	2699	1785	-27.78	-24.03	n
35710914	2693	1786	-27.28	-24.11	n
35720923	2689	1781	-26.95	-23.71	n
35730923	2687	1780	-26.78	-23.63	n
35740923	2684	1783	-26.53	-23.87	n
35750922	2681	1779	-26.28	-23.55	n
35760921	2678	1778	-26.03	-23.46	n
35770921	2675	1777	-25.78	-23.38	n
35780921	2673	1776	-25.61	-23.30	n
35790921	2670	1776	-25.36	-23.30	n
35800920	2665	1776	-24.94	-23.30	n
35810923	2658	1774	-24.36	-23.14	n
35820923	2655	1771	-24.10	-22.90	n
35830922	2650	1767	-23.69	-22.58	n
35840922	2643	1765	-23.10	-22.42	Location:lat:35.504286lon:139.465215;;Date:2024/12/8;;Time:05:43:29:00;;
35850921	2640	1765	-22.85	-22.42	n
35860921	2636	1762	-22.52	-22.18	n
35870920	2631	1760	-22.10	-22.02	n
35880921	2627	1759	-21.76	-21.94	n
35890921	2623	1755	-21.43	-21.62	n
35900921	2615	1747	-20.76	-20.97	n
35910920	2613	1745	-20.59	-20.81	n
35920921	2608	1744	-20.18	-20.73	n
35930921	2603	1740	-19.76	-20.41	n
35940920	2598	1731	-19.34	-19.69	n
35950921	2590	1730	-18.67	-19.61	n
35960921	2582	1727	-18.00	-19.37	n
35970921	2559	1724	-16.08	-19.13	n
35980921	2559	1718	-16.08	-18.64	n
35990921	2559	1713	-16.08	-18.24	n
36000921	2555	1710	-15.75	-18.00	n
36010921	2550	1701	-15.33	-17.28	n
36020921	2544	1701	-14.83	-17.28	n
36030921	2540	1696	-14.49	-16.88	n
36040921	2531	1687	-13.74	-16.15	n
36050921	2525	1681	-13.24	-15.67	n
36060921	2519	1680	-12.74	-15.59	n
36070921	2512	1676	-12.15	-15.27	n
36080921	2502	1667	-11.31	-14.55	n
36090921	2497	1663	-10.90	-14.23	n
36100921	2491	1654	-10.40	-13.50	n
36110921	2482	1649	-9.64	-13.10	n
36120921	2479	1645	-9.39	-12.78	n
36130921	2469	1637	-8.56	-12.14	n
36140921	2464	1632	-8.14	-11.74	n
36150921	2455	1629	-7.39	-11.50	n
36160921	2448	1623	-6.80	-11.01	n
36170921	2446	1616	-6.63	-10.45	n
36180921	2436	1614	-5.80	-10.29	n
36190921	2426	1607	-4.96	-9.73	n
36200921	2421	1600	-4.54	-9.17	n
36210921	2414	1594	-3.96	-8.68	n
36220921	2406	1588	-3.29	-8.20	n
36230921	2400	1580	-2.79	-7.56	n
36240921	2389	1573	-1.87	-7.00	n
36250921	2389	1567	-1.87	-6.51	n
36260921	2381	1561	-1.20	-6.03	n
36270921	2375	1557	-0.70	-5.71	n
36280921	2366	1535	0.05	-3.94	n
36290921	2363	1535	0.30	-3.94	n
36300921	2353	1532	1.14	-3.70	n
36310921	2350	1520	1.39	-2.74	n
36320921	2341	1519	2.14	-2.66	n
36330930	2335	1510	2.64	-1.94	n
36340930	2324	1500	3.56	-1.13	n
36350930	2320	1493	3.90	-0.57	n
36360930	2318	1488	4.07	-0.17	Location:lat:35.504284lon:139.465216;;Date:2024/12/8;;Time:05:43:30:00;;
36370929	2309	1482	4.82	0.31	n
36380929	2303	1478	5.32	0.63	n
36390929	2295	1472	5.99	1.12	n
36400929	2290	1468	6.41	1.44	n
36410929	2286	1459	6.74	2.16	n
36420929	2278	1455	7.41	2.48	n
36430929	2272	1447	7.91	3.13	n
36440929	2265	1441	8.50	3.61	n
36450929	2259	1434	9.00	4.17	n
36460929	2256	1425	9.25	4.89	n
36470928	2252	1423	9.58	5.05	Location:lat:35.504284lon:139.465216;;Time:05:43:30:00;;
36480928	2243	1414	10.34	5.78	n
36490929	2239	1406	10.67	6.42	n
36500929	2230	1402	11.42	6.74	n
36510928	2224	1393	11.92	7.46	n
36520929	2224	1391	11.92	7.62	n
36530929	2215	1385	12.68	8.11	n
36540929	2210	1377	13.09	8.75	n
36550928	2207	1371	13.34	9.23	n
36560928	2199	1364	14.01	9.79	n
36570927	2196	1360	14.26	10.11	n
36580926	2192	1354	14.60	10.60	n
36590926	2189	1350	14.85	10.92	n
36600925	2183	1344	15.35	11.40	n
36610925	2176	1334	15.94	12.20	n
36620925	2171	1331	16.35	12.44	n
36630924	2166	1327	16.77	12.76	n
36640924	2162	1322	17.11	13.17	n
36650924	2160	1315	17.27	13.73	n
36660924	2156	1311	17.61	14.05	n
36670924	2152	1307	17.94	14.37	n
36680924	2146	1302	18.44	14.77	n
36690924	2144	1296	18.61	15.26	n
36700924	2139	1291	19.03	15.66	n
36710924	2137	1288	19.20	15.90	n
36720924	2135	1286	19.36	16.06	n
36730925	2129	1279	19.87	16.62	n
36740925	2128	1275	19.95	16.94	n
36750924	2127	1269	20.03	17.42	n
36760924	2125	1267	20.20	17.58	n
36770924	2123	1264	20.37	17.83	n
36780924	2122	1262	20.45	17.99	n
36790924	2119	1258	20.70	18.31	n
36800923	2117	1254	20.87	18.63	n
36810923	2114	1249	21.12	19.03	n
36820923	2112	1243	21.29	19.51	n
36830923	2111	1239	21.37	19.83	n
36840923	2112	1235	21.29	20.16	Location:lat:35.504284lon:139.465216;;Date:2024/12/8;;Time:05:43:30:00;;
36850922	2109	1235	21.54	20.16	n
36860922	2107	1232	21.70	20.40	n
36870921	2107	1232	21.70	20.40	n
36880921	2106	1230	21.79	20.56	n
36890921	2105	1231	21.87	20.48	n
36900921	2106	1226	21.79	20.88	n
36910921	2106	1227	21.79	20.80	n
36920921	2106	1226	21.79	20.88	n
36930921	2109	1226	21.54	20.88	n
36940921	2111	1223	21.37	21.12	n
36950921	2110	1222	21.45	21.20	n
36960921	2112	1223	21.29	21.12	n
36970921	2114	1226	21.12	20.88	n
36980921	2117	1227	20.87	20.80	n
36990921	2120	1227	20.62	20.80	n
37000921	2124	1229	20.28	20.64	n
37010921	2126	1229	20.12	20.64	n
37020921	2126	1230	20.12	20.56	n
37030921	2128	1230	19.95	20.56	n
37040921	2131	1231	19.70	20.48	n
37050921	2134	1230	19.45	20.56	n
37060921	2135	1231	19.36	20.48	n
37070921	2140	1231	18.95	20.48	n
37080921	2143	1232	18.69	20.40	n
37090921	2146	1234	18.44	20.24	n
37100921	2149	1235	18.19	20.16	n
37110921	2154	1238	17.78	19.91	n
37120921	2158	1241	17.44	19.67	n
37130921	2160	1244	17.27	19.43	n
37140921	2162	1246	17.11	19.27	n
37150921	2170	1248	16.44	19.11	n
37160921	2176	1252	15.94	18.79	n
37170921	2179	1255	15.69	18.55	n
37180921	2187	1261	15.02	18.07	n
37190921	2192	1263	14.60	17.91	n
37200921	2192	1266	14.60	17.67	n
37210921	2198	1269	14.10	17.42	n
37220921	2202	1270	13.76	17.34	n
37230921	2209	1274	13.18	17.02	n
37240921	2214	1277	12.76	16.78	n
37250921	2219	1284	12.34	16.22	n
37260921	2224	1286	11.92	16.06	n
37270920	2226	1289	11.76	15.82	n
37280921	2230	1292	11.42	15.58	n
37290921	2240	1296	10.59	15.26	n
37300921	2247	1301	10.00	14.85	n
37310921	2252	1305	9.58	14.53	n
37320920	2258	1313	9.08	13.89	n
37330921	2259	1314	9.00	13.81	n
37340921	2268	1317	8.25	13.57	n
37350921	2273	1321	7.83	13.25	n
37360921	2279	1328	7.33	12.68	Location:lat:35.504285lon:139.465217;;Date:2024/12/8;;Time:05:43:31:00;;
37370921	2282	1331	7.08	12.44	n
37380921	2288	1338	6.57	11.88	n
37390920	2291	1342	6.32	11.56	n
37400920	2302	1350	5.40	10.92	n
37410920	2306	1351	5.07	10.84	n
37420920	2313	1357	4.48	10.35	n
37430920	2318	1361	4.07	10.03	n
37440920	2322	1365	3.73	9.71	n
37450919	2329	1371	3.15	9.23	n
37460920	2336	1379	2.56	8.59	n
37470920	2342	1387	2.06	7.94	Location:lat:35.504285lon:139.465217;;Time:05:43:31:00;;
37480920	2350	1392	1.39	7.54	n
37490919	2352	1393	1.22	7.46	n
37500919	2357	1399	0.81	6.98	n
37510919	2367	1405	-0.03	6.50	n
37520919	2370	1410	-0.28	6.10	n
37530919	2379	1419	-1.03	5.37	n
37540918	2384	1424	-1.45	4.97	n
37550917	2385	1429	-1.53	4.57	n
37560917	2391	1439	-2.04	3.77	n
37570918	2400	1441	-2.79	3.61	n
37580918	2406	1447	-3.29	3.13	n
37590917	2410	1453	-3.62	2.64	n
37600918	2415	1457	-4.04	2.32	n
37610918	2421	1465	-4.54	1.68	n
37620917	2428	1471	-5.13	1.20	n
37630918	2430	1473	-5.30	1.04	n
37640918	2437	1479	-5.88	0.55	n
37650918	2447	1485	-6.72	0.07	n
37660918	2448	1489	-6.80	-0.25	n
37670918	2456	1493	-7.47	-0.57	n
37680917	2460	1498	-7.80	-0.97	n
37690916	2467	1505	-8.39	-1.53	n
37700916	2470	1514	-8.64	-2.26	n
37710916	2479	1520	-9.39	-2.74	n
37720916	2481	1521	-9.56	-2.82	n
37730916	2483	1531	-9.73	-3.62	n
37740916	2492	1535	-10.48	-3.94	n
37750916	2495	1535	-10.73	-3.94	n
37760916	2497	1535	-10.90	-3.94	n
37770924	2507	1556	-11.73	-5.63	n
37780924	2511	1558	-12.07	-5.79	n
37790924	2513	1567	-12.23	-6.51	n
37800924	2519	1571	-12.74	-6.84	n
37810924	2522	1575	-12.99	-7.16	n
37820924	2526	1582	-13.32	-7.72	n
37830924	2532	1585	-13.82	-7.96	n
37840924	2539	1594	-14.41	-8.68	Location:lat:35.504285lon:139.465217;;Date:2024/12/8;;Time:05:43:31:00;;
37850924	2542	1597	-14.66	-8.92	n
37860924	2544	1602	-14.83	-9.33	n
37870924	2547	1607	-15.08	-9.73	n
37880924	2551	1614	-15.41	-10.29	n
37890924	2555	1614	-15.75	-10.29	n
37900924	2558	1617	-16.00	-10.53	n
37910924	2559	1621	-16.08	-10.85	n
37920924	2559	1627	-16.08	-11.33	n
37930924	2559	1631	-16.08	-11.66	n
37940924	2559	1631	-16.08	-11.66	n
37950924	2559	1635	-16.08	-11.98	n
37960924	2583	1641	-18.09	-12.46	n
37970924	2583	1646	-18.09	-12.86	n
37980924	2586	1648	-18.34	-13.02	n
37990924	2591	1655	-18.75	-13.58	n
38000924	2595	1659	-19.09	-13.91	n
38010924	2599	1663	-19.42	-14.23	n
38020924	2601	1666	-19.59	-14.47	n
38030924	2604	1667	-19.84	-14.55	n
38040924	2605	1670	-19.92	-14.79	n
38050924	2606	1674	-20.01	-15.11	n
38060924	2607	1680	-20.09	-15.59	n
38070924	2608	1680	-20.18	-15.59	n
38080924	2607	1681	-20.09	-15.67	n
38090924	2608	1681	-20.18	-15.67	n
38100924	2609	1685	-20.26	-15.99	n
38110924	2610	1688	-20.34	-16.23	n
38120924	2610	1690	-20.34	-16.40	n
38130924	2611	1695	-20.43	-16.80	n
38140924	2613	1695	-20.59	-16.80	n
38150924	2612	1697	-20.51	-16.96	n
38160924	2611	1698	-20.43	-17.04	n
38170924	2611	1699	-20.43	-17.12	n
38180924	2611	1703	-20.43	-17.44	n
38190924	2611	1703	-20.43	-17.44	n
38200924	2613	1702	-20.59	-17.36	n
38210924	2611	1706	-20.43	-17.68	n
38220924	2608	1703	-20.18	-17.44	n
38230924	2608	1703	-20.18	-17.44	n
38240924	2608	1703	-20.18	-17.44	n
38250924	2608	1705	-20.18	-17.60	n
38260924	2608	1703	-20.18	-17.44	n
38270924	2606	1706	-20.01	-17.68	n
38280924	2607	1703	-20.09	-17.44	n
38290924	2605	1706	-19.92	-17.68	n
38300924	2605	1705	-19.92	-17.60	n
38310923	2603	1706	-19.76	-17.68	n
38320922	2602	1703	-19.67	-17.44	n
38330922	2600	1702	-19.51	-17.36	n
38340922	2595	1702	-19.09	-17.36	n
38350922	2592	1702	-18.84	-17.36	n
38360921	2589	1701	-18.59	-17.28	Location:lat:35.504283lon:139.465218;;Date:2024/12/8;;Time:05:43:32:00;;
38370920	2585	1702	-18.25	-17.36	n
38380920	2586	1701	-18.34	-17.28	n
38390919	2559	1700	-16.08	-17.20	n
38400919	2559	1702	-16.08	-17.36	n
38410919	2559	1699	-16.08	-17.12	n
38420919	2559	1696	-16.08	-16.88	n
38430919	2559	1695	-16.08	-16.80	n
38440920	2559	1693	-16.08	-16.64	n
38450920	2558	1687	-16.00	-16.15	n
38460920	2555	1686	-15.75	-16.07	n
38470919	2551	1684	-15.41	-15.91	n
38480919	2547	1682	-15.08	-15.75	Location:lat:35.504283lon:139.465218;;Time:05:43:32:00;;
38490918	2544	1681	-14.83	-15.67	n
38500917	2543	1680	-14.74	-15.59	n
38510917	2539	1680	-14.41	-15.59	n
38520917	2536	1677	-14.16	-15.35	n
38530918	2530	1670	-13.66	-14.79	n
38540918	2528	1669	-13.49	-14.71	n
38550918	2519	1666	-12.74	-14.47	n
38560918	2517	1664	-12.57	-14.31	n
38570918	2514	1663	-12.32	-14.23	n
38580917	2510	1657	-11.98	-13.74	n
38590918	2506	1655	-11.65	-13.58	n
38600927	2497	1649	-10.90	-13.10	n
38610927	2496	1647	-10.81	-12.94	n
38620927	2490	1645	-10.31	-12.78	n
38630930	2486	1635	-9.98	-11.98	n
38640930	2481	1635	-9.56	-11.98	n
38650930	2479	1632	-9.39	-11.74	n
38660929	2470	1630	-8.64	-11.58	n
38670929	2467	1626	-8.39	-11.25	n
38680932	2463	1621	-8.05	-10.85	n
38690932	2460	1618	-7.80	-10.61	n
38700932	2454	1616	-7.30	-10.45	n
38710932	2448	1613	-6.80	-10.21	n
38720932	2445	1607	-6.55	-9.73	n
38730931	2438	1603	-5.97	-9.41	n
38740931	2432	1600	-5.46	-9.17	n
38750931	2427	1595	-5.05	-8.76	n
38760932	2421	1591	-4.54	-8.44	n
38770932	2418	1584	-4.29	-7.88	n
38780931	2415	1582	-4.04	-7.72	n
38790930	2410	1578	-3.62	-7.40	n
38800931	2405	1573	-3.21	-7.00	n
38810930	2399	1569	-2.70	-6.68	n
38820930	2393	1565	-2.20	-6.35	n
38830929	2389	1558	-1.87	-5.79	n
38840929	2386	1554	-1.62	-5.47	Location:lat:35.504283lon:139.465218;;Date:2024/12/8;;Time:05:43:32:00;;
38850929	2381	1535	-1.20	-3.94	n
38860929	2375	1535	-0.70	-3.94	n
38870929	2369	1535	-0.20	-3.94	n
38880928	2365	1533	0.14	-3.78	n
38890929	2359	1525	0.64	-3.14	n
38900928	2353	1520	1.14	-2.74	n
38910929	2352	1517	1.22	-2.50	n
38920929	2348	1511	1.56	-2.02	n
38930929	2342	1506	2.06	-1.61	n
38940929	2336	1500	2.56	-1.13	n
38950928	2331	1494	2.98	-0.65	n
38960928	2323	1490	3.65	-0.33	n
38970928	2320	1488	3.90	-0.17	n
38980928	2319	1482	3.98	0.31	n
38990927	2314	1479	4.40	0.55	n
39000927	2313	1475	4.48	0.88	n
39010927	2305	1470	5.15	1.28	n
39020926	2298	1466	5.74	1.60	n
39030925	2293	1460	6.16	2.08	n
39040925	2290	1456	6.41	2.40	n
39050924	2288	1451	6.57	2.80	n
39060924	2283	1446	6.99	3.21	n
39070923	2281	1443	7.16	3.45	n
39080922	2275	1439	7.66	3.77	n
39090922	2271	1434	7.99	4.17	n
39100921	2264	1426	8.58	4.81	n
39110921	2261	1424	8.83	4.97	n
39120921	2259	1423	9.00	5.05	n
39130921	2257	1414	9.17	5.78	n
39140921	2254	1408	9.42	6.26	n
39150921	2252	1406	9.58	6.42	n
39160921	2243	1403	10.34	6.66	n
39170921	2245	1397	10.17	7.14	n
39180920	2240	1392	10.59	7.54	n
39190921	2234	1392	11.09	7.54	n
39200921	2229	1387	11.51	7.94	n
39210921	2230	1385	11.42	8.11	n
39220921	2224	1378	11.92	8.67	n
39230921	2224	1375	11.92	8.91	n
39240921	2223	1370	12.01	9.31	n
39250921	2219	1366	12.34	9.63	n
39260921	2213	1361	12.84	10.03	n
39270920	2213	1360	12.84	10.11	n
39280920	2211	1356	13.01	10.44	n
39290920	2208	1354	13.26	10.60	n
39300920	2207	1351	13.34	10.84	n
39310919	2203	1349	13.68	11.00	n
39320919	2201	1344	13.85	11.40	n
39330918	2197	1342	14.18	11.56	n
39340918	2194	1337	14.43	11.96	n
39350918	2194	1333	14.43	12.28	n
39360918	2192	1329	14.60	12.60	Location:lat:35.504281lon:139.465220;;Date:2024/12/8;;Time:05:43:33:00;;
39370918	2193	1330	14.52	12.52	n
39380918	2192	1328	14.60	12.68	n
39390918	2191	1325	14.68	12.93	n
39400918	2192	1322	14.60	13.17	n
39410918	2191	1318	14.68	13.49	n
39420918	2189	1318	14.85	13.49	n
39430918	2190	1315	14.77	13.73	n
39440917	2189	1314	14.85	13.81	n
39450916	2189	1312	14.85	13.97	n
39460916	2189	1312	14.85	13.97	n
39470916	2187	1312	15.02	13.97	Location:lat:35.504281lon:139.465220;;Time:05:43:33:00;;
39480916	2185	1309	15.18	14.21	n
39490916	2183	1307	15.35	14.37	n
39500916	2187	1307	15.02	14.37	n
39510916	2184	1305	15.27	14.53	n
39520916	2186	1303	15.10	14.69	n
39530916	2187	1301	15.02	14.85	n
39540916	2189	1301	14.85	14.85	n
39550916	2186	1299	15.10	15.01	n
39560925	2189	1299	14.85	15.01	n
39570925	2189	1297	14.85	15.17	n
39580925	2190	1297	14.77	15.17	n
39590924	2190	1297	14.77	15.17	n
39600924	2192	1296	14.60	15.26	n
39610923	2192	1296	14.60	15.26	n
39620924	2192	1296	14.60	15.26	n
39630923	2193	1296	14.52	15.26	n
39640923	2193	1296	14.52	15.26	n
39650923	2194	1297	14.43	15.17	n
39660923	2196	1297	14.26	15.17	n
39670923	2196	1297	14.26	15.17	n
39680923	2198	1298	14.10	15.09	n
39690924	2198	1298	14.10	15.09	n
39700924	2206	1299	13.43	15.01	n
39710924	2207	1299	13.34	15.01	n
39720924	2209	1302	13.18	14.77	n
39730924	2211	1301	13.01	14.85	n
39740924	2213	1307	12.84	14.37	n
39750924	2215	1307	12.68	14.37	n
39760925	2222	1309	12.09	14.21	n
39770925	2223	1309	12.01	14.21	n
39780924	2224	1309	11.92	14.21	n
39790924	2225	1310	11.84	14.13	n
39800924	2230	1313	11.42	13.89	n
39810924	2233	1315	11.17	13.73	n
39820924	2237	1317	10.84	13.57	n
39830924	2240	1318	10.59	13.49	Location:lat:35.504281lon:139.465220;;Date:2024/12/8;;Time:05:43:33:00;;
39840924	2246	1321	10.08	13.25	n
39850924	2247	1322	10.00	13.17	n
39860924	2253	1323	9.50	13.09	n
39870924	2255	1326	9.33	12.85	n
39880924	2257	1330	9.17	12.52	n
39890924	2257	1330	9.17	12.52	n
39900924	2261	1331	8.83	12.44	n
39910924	2266	1333	8.41	12.28	n
39920924	2269	1338	8.16	11.88	n
39930924	2274	1341	7.74	11.64	n
39940924	2278	1343	7.41	11.48	n
39950924	2283	1347	6.99	11.16	n
39960924	2286	1350	6.74	10.92	n
39970924	2288	1353	6.57	10.68	n
39980924	2290	1356	6.41	10.44	n
39990924	2292	1359	6.24	10.19	n
40000924	2299	1360	5.65	10.11	n
40010924	2306	1362	5.07	9.95	n
40020923	2311	1366	4.65	9.63	n
40030923	2311	1370	4.65	9.31	n
40040922	2318	1375	4.07	8.91	n
40050922	2320	1378	3.90	8.67	n
40060922	2320	1381	3.90	8.43	n
40070922	2325	1387	3.48	7.94	n
40080921	2331	1389	2.98	7.78	n
40090921	2336	1392	2.56	7.54	n
40100920	2342	1396	2.06	7.22	n
40110919	2347	1398	1.64	7.06	n
40120918	2351	1403	1.31	6.66	n
40130917	2353	1406	1.14	6.42	n
40140916	2355	1408	0.97	6.26	n
40150916	2363	1413	0.30	5.86	n
40160916	2366	1419	0.05	5.37	n
40170916	2367	1423	-0.03	5.05	n
40180915	2375	1426	-0.70	4.81	n
40190914	2380	1428	-1.12	4.65	n
40200914	2384	1437	-1.45	3.93	n
40210913	2386	1439	-1.62	3.77	n
40220913	2391	1443	-2.04	3.45	n
40230913	2391	1445	-2.04	3.29	n
40240913	2400	1451	-2.79	2.80	n
40250913	2403	1455	-3.04	2.48	n
40260913	2407	1456	-3.37	2.40	n
40270913	2411	1459	-3.71	2.16	n
40280913	2415	1469	-4.04	1.36	n
40290913	2416	1471	-4.13	1.20	n
40300913	2425	1471	-4.88	1.20	n
40310913	2427	1475	-5.05	0.88	n
40320913	2429	1482	-5.21	0.31	n
40330913	2432	1483	-5.46	0.23	n
40340913	2435	1487	-5.71	-0.09	n
40350921	2444	1488	-6.47	-0.17	n
40360921	2448	1492	-6.80	-0.49	Location:lat:35.504281lon:139.465221;;Date:2024/12/8;;Time:05:43:34:00;;
40370920	2448	1494	-6.80	-0.65	n
40380921	2450	1499	-6.97	-1.05	n
40390921	2455	1505	-7.39	-1.53	n
40400922	2459	1511	-7.72	-2.02	n
40410922	2463	1517	-8.05	-2.50	n
40420922	2466	1520	-8.31	-2.74	n
40430922	2470	1520	-8.64	-2.74	n
40440922	2474	1523	-8.97	-2.98	n
40450922	2478	1529	-9.31	-3.46	n
40460922	2480	1532	-9.48	-3.70	n
40470921	2482	1535	-9.64	-3.94	Location:lat:35.504281lon:139.465221;;Time:05:43:34:00;;
40480920	2482	1535	-9.64	-3.94	n
40490920	2486	1535	-9.98	-3.94	n
40500920	2491	1535	-10.40	-3.94	n
40510920	2494	1555	-10.65	-5.55	n
40520920	2496	1557	-10.81	-5.71	n
40530920	2499	1561	-11.06	-6.03	n
40540924	2502	1565	-11.31	-6.35	n
40550924	2507	1569	-11.73	-6.68	n
40560924	2509	1570	-11.90	-6.76	n
40570924	2512	1574	-12.15	-7.08	n
40580924	2512	1579	-12.15	-7.48	n
40590924	2514	1580	-12.32	-7.56	n
40600924	2515	1584	-12.40	-7.88	n
40610923	2518	1584	-12.65	-7.88	n
40620923	2522	1590	-12.99	-8.36	n
40630924	2522	1591	-12.99	-8.44	n
40640924	2521	1591	-12.90	-8.44	n
40650924	2523	1597	-13.07	-8.92	n
40660924	2526	1600	-13.32	-9.17	n
40670923	2528	1602	-13.49	-9.33	n
40680922	2529	1603	-13.57	-9.41	n
40690922	2531	1606	-13.74	-9.65	n
40700922	2531	1610	-13.74	-9.97	n
40710922	2532	1610	-13.82	-9.97	n
40720921	2532	1611	-13.82	-10.05	n
40730921	2535	1615	-14.07	-10.37	n
40740921	2535	1615	-14.07	-10.37	n
40750921	2539	1616	-14.41	-10.45	n
40760921	2538	1618	-14.32	-10.61	n
40770921	2539	1618	-14.41	-10.61	n
40780921	2540	1619	-14.49	-10.69	n
40790921	2540	1621	-14.49	-10.85	n
40800921	2539	1626	-14.41	-11.25	n
40810921	2542	1627	-14.66	-11.33	n
40820925	2542	1627	-14.66	-11.33	n
40830925	2541	1629	-14.58	-11.50	n
40840924	2541	1630	-14.58	-11.58	Location:lat:35.504281lon:139.465221;;Date:2024/12/8;;Time:05:43:34:00;;
40850923	2539	1631	-14.41	-11.66	n
40860923	2538	1631	-14.32	-11.66	n
40870923	2537	1630	-14.24	-11.58	n
40880923	2535	1631	-14.07	-11.66	n
40890923	2535	1631	-14.07	-11.66	n
40900923	2534	1631	-13.99	-11.66	n
40910923	2535	1632	-14.07	-11.74	n
40920923	2534	1632	-13.99	-11.74	n
40930923	2532	1631	-13.82	-11.66	n
40940923	2530	1632	-13.66	-11.74	n
40950923	2528	1632	-13.49	-11.74	n
40960923	2529	1633	-13.57	-11.82	n
40970923	2529	1632	-13.57	-11.74	n
40980923	2525	1631	-13.24	-11.66	n
40990923	2523	1631	-13.07	-11.66	n
41000923	2522	1631	-12.99	-11.66	n
41010923	2522	1632	-12.99	-11.74	n
41020923	2522	1631	-12.99	-11.66	n
41030923	2517	1631	-12.57	-11.66	n
41040923	2514	1630	-12.32	-11.58	n
41050923	2513	1629	-12.23	-11.50	n
41060923	2512	1631	-12.15	-11.66	n
41070923	2512	1629	-12.15	-11.50	n
41080923	2509	1628	-11.90	-11.42	n
41090923	2509	1627	-11.90	-11.33	n
41100923	2505	1625	-11.57	-11.17	n
41110923	2502	1623	-11.31	-11.01	n
41120923	2496	1622	-10.81	-10.93	n
41130923	2495	1621	-10.73	-10.85	n
41140923	2494	1619	-10.65	-10.69	n
41150923	2491	1617	-10.40	-10.53	n
41160923	2485	1616	-9.89	-10.45	n
41170923	2482	1616	-9.64	-10.45	n
41180923	2480	1616	-9.48	-10.45	n
41190923	2480	1613	-9.48	-10.21	n
41200923	2478	1613	-9.31	-10.21	n
41210923	2473	1609	-8.89	-9.89	n
41220923	2471	1610	-8.72	-9.97	n
41230923	2466	1606	-8.31	-9.65	n
41240923	2465	1603	-8.22	-9.41	n
41250923	2462	1602	-7.97	-9.33	n
41260923	2458	1600	-7.64	-9.17	n
41270923	2453	1598	-7.22	-9.01	n
41280923	2450	1594	-6.97	-8.68	n
41290923	2448	1594	-6.80	-8.68	n
41300923	2447	1593	-6.72	-8.60	n
41310923	2445	1590	-6.55	-8.36	n
41320924	2438	1586	-5.97	-8.04	n
41330924	2432	1584	-5.46	-7.88	n
41340924	2429	1583	-5.21	-7.80	n
41350924	2427	1582	-5.05	-7.72	n
41360923	2423	1578	-4.71	-7.40	Location:lat:35.504278lon:139.465222;;Date:2024/12/8;;Time:05:43:35:00;;
41370923	2423	1575	-4.71	-7.16	n
41380923	2416	1571	-4.13	-6.84	n
41390923	2412	1568	-3.79	-6.60	n
41400926	2409	1567	-3.54	-6.51	n
41410926	2407	1565	-3.37	-6.35	n
41420926	2404	1558	-3.12	-5.79	n
41430926	2400	1558	-2.79	-5.79	n
41440925	2398	1555	-2.62	-5.55	n
41450924	2390	1535	-1.95	-3.94	n
41460925	2389	1535	-1.87	-3.94	n
41470924	2386	1535	-1.62	-3.94	Location:lat:35.504278lon:139.465222;;Time:05:43:35:00;;
41480924	2384	1535	-1.45	-3.94	n
41490924	2382	1535	-1.28	-3.94	n
41500924	2375	1534	-0.70	-3.86	n
41510924	2374	1531	-0.62	-3.62	n
41520923	2367	1527	-0.03	-3.30	n
41530923	2368	1523	-0.11	-2.98	n
41540923	2363	1520	0.30	-2.74	n
41550923	2359	1520	0.64	-2.74	n
41560923	2354	1518	1.06	-2.58	n
41570924	2353	1513	1.14	-2.18	n
41580923	2351	1510	1.31	-1.94	n
41590932	2348	1503	1.56	-1.37	n
41600932	2343	1497	1.98	-0.89	n
41610931	2337	1495	2.48	-0.73	n
41620931	2333	1493	2.81	-0.57	n
41630931	2332	1491	2.90	-0.41	n
41640930	2326	1488	3.40	-0.17	n
41650930	2325	1488	3.48	-0.17	n
41660929	2321	1484	3.82	0.15	n
41670928	2320	1479	3.90	0.55	n
41680928	2318	1479	4.07	0.55	n
41690928	2317	1476	4.15	0.80	n
41700927	2315	1473	4.32	1.04	n
41710927	2310	1471	4.73	1.20	n
41720927	2308	1469	4.90	1.36	n
41730926	2303	1465	5.32	1.68	n
41740925	2299	1463	5.65	1.84	n
41750925	2295	1460	5.99	2.08	n
41760925	2293	1456	6.16	2.40	n
41770925	2290	1455	6.41	2.48	n
41780925	2288	1453	6.57	2.64	n
41790925	2288	1450	6.57	2.88	n
41800925	2285	1446	6.82	3.21	n
41810924	2282	1441	7.08	3.61	n
41820924	2281	1442	7.16	3.53	n
41830924	2279	1439	7.33	3.77	n
41840924	2275	1437	7.66	3.93	Location:lat:35.504278lon:139.465222;;Date:2024/12/8;;Time:05:43:35:00;;
41850924	2275	1434	7.66	4.17	n
41860924	2272	1426	7.91	4.81	n
41870923	2270	1425	8.08	4.89	n
41880923	2266	1424	8.41	4.97	n
41890922	2266	1424	8.41	4.97	n
41900921	2262	1423	8.75	5.05	n
41910921	2259	1418	9.00	5.45	n
41920921	2258	1414	9.08	5.78	n
41930921	2258	1410	9.08	6.10	n
41940921	2257	1408	9.17	6.26	n
41950921	2257	1406	9.17	6.42	n
41960921	2256	1405	9.25	6.50	n
41970921	2255	1403	9.33	6.66	n
41980921	2254	1402	9.42	6.74	n
41990921	2255	1402	9.33	6.74	n
42000920	2254	1397	9.42	7.14	n
42010920	2251	1394	9.67	7.38	n
42020920	2252	1392	9.58	7.54	n
42030921	2251	1392	9.67	7.54	n
42040921	2249	1392	9.83	7.54	n
42050921	2246	1392	10.08	7.54	n
42060921	2247	1391	10.00	7.62	n
42070921	2246	1387	10.08	7.94	n
42080921	2246	1387	10.08	7.94	n
42090921	2245	1386	10.17	8.03	n
42100921	2245	1382	10.17	8.35	n
42110921	2245	1382	10.17	8.35	n
42120921	2243	1380	10.34	8.51	n
42130921	2243	1381	10.34	8.43	n
42140921	2245	1379	10.17	8.59	n
42150921	2243	1377	10.34	8.75	n
42160921	2245	1376	10.17	8.83	n
42170921	2246	1375	10.08	8.91	n
42180920	2245	1374	10.17	8.99	n
42190921	2246	1374	10.08	8.99	n
42200921	2246	1374	10.08	8.99	n
42210921	2247	1373	10.00	9.07	n
42220921	2247	1371	10.00	9.23	n
42230921	2246	1370	10.08	9.31	n
42240921	2251	1373	9.67	9.07	n
42250921	2250	1371	9.75	9.23	n
42260921	2251	1371	9.67	9.23	n
42270921	2251	1370	9.67	9.31	n
42280921	2253	1371	9.50	9.23	n
42290920	2255	1370	9.33	9.31	n
42300920	2255	1371	9.33	9.23	n
42310920	2256	1371	9.25	9.23	n
42320919	2256	1371	9.25	9.23	n
42330919	2257	1371	9.17	9.23	n
42340918	2259	1373	9.00	9.07	n
42350918	2258	1373	9.08	9.07	n
42360918	2259	1373	9.00	9.07	Location:lat:35.504277lon:139.465222;;Date:2024/12/8;;Time:05:43:36:00;;
42370917	2259	1372	9.00	9.15	n
42380917	2262	1372	8.75	9.15	n
42390918	2265	1374	8.50	8.99	n
42400918	2266	1375	8.41	8.91	n
42410918	2267	1375	8.33	8.91	n
42420918	2272	1377	7.91	8.75	n
42430918	2273	1377	7.83	8.75	n
42440918	2275	1378	7.66	8.67	n
42450918	2277	1379	7.49	8.59	n
42460918	2279	1380	7.33	8.51	n
42470918	2281	1382	7.16	8.35	Location:lat:35.504277lon:139.465222;;Time:05:43:36:00;;
42480918	2285	1383	6.82	8.27	n
42490918	2286	1385	6.74	8.11	n
42500918	2288	1386	6.57	8.03	n
42510918	2289	1387	6.49	7.94	n
42520918	2291	1388	6.32	7.86	n
42530918	2293	1391	6.16	7.62	n
42540917	2295	1391	5.99	7.62	n
42550917	2297	1392	5.82	7.54	n
42560918	2299	1392	5.65	7.54	n
42570918	2304	1393	5.24	7.46	n
42580917	2307	1393	4.99	7.46	n
42590917	2310	1397	4.73	7.14	n
42600917	2311	1397	4.65	7.14	n
42610918	2315	1399	4.32	6.98	n
42620918	2318	1399	4.07	6.98	n
42630918	2319	1399	3.98	6.98	n
42640918	2320	1404	3.90	6.58	n
42650927	2321	1407	3.82	6.34	n
42660927	2326	1407	3.40	6.34	n
42670927	2328	1407	3.23	6.34	n
42680927	2334	1410	2.73	6.10	n
42690927	2335	1414	2.64	5.78	n
42700928	2339	1418	2.31	5.45	n
42710927	2342	1420	2.06	5.29	n
42720928	2346	1422	1.73	5.13	n
42730928	2351	1424	1.31	4.97	n
42740928	2351	1424	1.31	4.97	n
42750928	2352	1425	1.22	4.89	n
42760928	2353	1429	1.14	4.57	n
42770927	2359	1431	0.64	4.41	n
42780927	2365	1435	0.14	4.09	n
42790927	2366	1439	0.05	3.77	n
42800927	2367	1437	-0.03	3.93	n
42810927	2369	1440	-0.20	3.69	n
42820926	2371	1441	-0.36	3.61	n
42830926	2377	1443	-0.87	3.45	Location:lat:35.504277lon:139.465222;;Date:2024/12/8;;Time:05:43:36:00;;
42840925	2380	1446	-1.12	3.21	n
42850925	2383	1449	-1.37	2.96	n
42860924	2384	1451	-1.45	2.80	n
42870924	2387	1454	-1.70	2.56	n
42880924	2390	1456	-1.95	2.40	n
42890924	2388	1456	-1.79	2.40	n
42900924	2395	1456	-2.37	2.40	n
42910924	2400	1459	-2.79	2.16	n
42920924	2400	1466	-2.79	1.60	n
42930924	2403	1469	-3.04	1.36	n
42940924	2404	1470	-3.12	1.28	n
42950924	2409	1471	-3.54	1.20	n
42960924	2409	1472	-3.54	1.12	n
42970923	2413	1474	-3.88	0.96	n
42980923	2416	1475	-4.13	0.88	n
42990923	2417	1477	-4.21	0.72	n
43000923	2422	1477	-4.63	0.72	n
43010923	2422	1482	-4.63	0.31	n
43020923	2425	1483	-4.88	0.23	n
43030923	2427	1487	-5.05	-0.09	n
43040922	2430	1488	-5.30	-0.17	n
43050921	2433	1488	-5.55	-0.17	n
43060920	2437	1489	-5.88	-0.25	n
43070921	2437	1493	-5.88	-0.57	n
43080921	2444	1495	-6.47	-0.73	n
43090921	2445	1495	-6.55	-0.73	n
43100921	2446	1498	-6.63	-0.97	n
43110920	2448	1500	-6.80	-1.13	n
43120921	2449	1504	-6.88	-1.45	n
43130921	2449	1507	-6.88	-1.69	n
43140921	2450	1507	-6.97	-1.69	n
43150921	2454	1511	-7.30	-2.02	n
43160921	2455	1517	-7.39	-2.50	n
43170921	2459	1518	-7.72	-2.58	n
43180921	2463	1519	-8.05	-2.66	n
43190921	2463	1520	-8.05	-2.74	n
43200921	2465	1520	-8.22	-2.74	n
43210921	2466	1521	-8.31	-2.82	n
43220921	2466	1523	-8.31	-2.98	n
43230921	2469	1526	-8.56	-3.22	n
43240921	2470	1526	-8.64	-3.22	n
43250921	2469	1531	-8.56	-3.62	n
43260921	2473	1531	-8.89	-3.62	n
43270921	2478	1535	-9.31	-3.94	n
43280921	2477	1535	-9.23	-3.94	n
43290922	2476	1535	-9.14	-3.94	n
43300921	2479	1535	-9.39	-3.94	n
43310924	2479	1535	-9.39	-3.94	n
43320923	2481	1535	-9.56	-3.94	n
43330923	2480	1535	-9.48	-3.94	n
43340923	2480	1535	-9.48	-3.94	n
43350922	2481	1535	-9.56	-3.94	n
43360922	2482	1535	-9.64	-3.94	Location:lat:35.504274lon:139.465220;;Date:2024/12/8;;Time:05:43:37:00;;
43370931	2485	1535	-9.89	-3.94	n
43380930	2483	1535	-9.73	-3.94	n
43390930	2482	1535	-9.64	-3.94	n
43400931	2484	1553	-9.81	-5.39	n
43410931	2483	1556	-9.73	-5.63	n
43420931	2484	1557	-9.81	-5.71	n
43430935	2481	1557	-9.56	-5.71	n
43440935	2482	1558	-9.64	-5.79	n
43450935	2485	1558	-9.89	-5.79	n
43460935	2481	1558	-9.56	-5.79	n
43470935	2482	1559	-9.64	-5.87	Location:lat:35.504274lon:139.465220;;Time:05:43:37:00;;
43480935	2483	1559	-9.73	-5.87	n
43490935	2481	1561	-9.56	-6.03	n
43500934	2485	1563	-9.89	-6.19	n
43510935	2480	1562	-9.48	-6.11	n
43520935	2481	1563	-9.56	-6.19	n
43530935	2481	1565	-9.56	-6.35	n
43540935	2481	1565	-9.56	-6.35	n
43550935	2481	1565	-9.56	-6.35	n
43560935	2480	1563	-9.48	-6.19	n
43570935	2480	1563	-9.48	-6.19	n
43580935	2480	1565	-9.48	-6.35	n
43590935	2480	1566	-9.48	-6.43	n
43600935	2479	1566	-9.39	-6.43	n
43610935	2479	1565	-9.39	-6.35	n
43620935	2479	1563	-9.39	-6.19	n
43630935	2475	1566	-9.06	-6.43	n
43640935	2474	1564	-8.97	-6.27	n
43650935	2469	1565	-8.56	-6.35	n
43660935	2471	1563	-8.72	-6.19	n
43670935	2467	1563	-8.39	-6.19	n
43680935	2468	1565	-8.47	-6.35	n
43690935	2466	1561	-8.31	-6.03	n
43700944	2466	1564	-8.31	-6.27	n
43710944	2464	1563	-8.14	-6.19	n
43720947	2463	1561	-8.05	-6.03	n
43730946	2461	1559	-7.89	-5.87	n
43740946	2458	1562	-7.64	-6.11	n
43750945	2458	1559	-7.64	-5.87	n
43760944	2451	1557	-7.05	-5.71	n
43770944	2453	1557	-7.22	-5.71	n
43780944	2451	1557	-7.05	-5.71	n
43790944	2449	1557	-6.88	-5.71	n
43800944	2448	1558	-6.80	-5.79	n
43810944	2447	1556	-6.72	-5.63	n
43820944	2445	1535	-6.55	-3.94	n
43830944	2447	1554	-6.72	-5.47	Location:lat:35.504274lon:139.465220;;Date:2024/12/8;;Time:05:43:37:00;;
43840944	2443	1535	-6.38	-3.94	n
43850944	2439	1535	-6.05	-3.94	n
43860944	2436	1535	-5.80	-3.94	n
43870943	2433	1535	-5.55	-3.94	n
43880943	2431	1535	-5.38	-3.94	n
43890943	2429	1535	-5.21	-3.94	n
43900943	2427	1535	-5.05	-3.94	n
43910942	2425	1535	-4.88	-3.94	n
43920942	2426	1535	-4.96	-3.94	n
43930943	2423	1535	-4.71	-3.94	n
43940943	2416	1535	-4.13	-3.94	n
43950943	2416	1535	-4.13	-3.94	n
43960943	2414	1535	-3.96	-3.94	n
43970943	2413	1535	-3.88	-3.94	n
43980943	2409	1534	-3.54	-3.86	n
43990943	2410	1532	-3.62	-3.70	n
44000942	2406	1527	-3.29	-3.30	n
44010943	2404	1527	-3.12	-3.30	n
44020943	2403	1525	-3.04	-3.14	n
44030942	2403	1526	-3.04	-3.22	n
44040943	2405	1523	-3.21	-2.98	n
44050943	2404	1525	-3.12	-3.14	n
44060943	2405	1524	-3.21	-3.06	n
44070943	2407	1522	-3.37	-2.90	n
44080943	2407	1523	-3.37	-2.98	n
44090943	2407	1523	-3.37	-2.98	n
44100943	2407	1522	-3.37	-2.90	n
44110942	2411	1522	-3.71	-2.90	n
44120943	2411	1523	-3.71	-2.98	n
44130943	2409	1523	-3.54	-2.98	n
44140943	2408	1521	-3.46	-2.82	n
44150943	2409	1522	-3.54	-2.90	n
44160942	2411	1521	-3.71	-2.82	n
44170942	2410	1522	-3.62	-2.90	n
44180943	2409	1521	-3.54	-2.82	n
44190943	2407	1522	-3.37	-2.90	n
44200942	2413	1522	-3.88	-2.90	n
44210943	2410	1522	-3.62	-2.90	n
44220943	2409	1521	-3.54	-2.82	n
44230943	2409	1521	-3.54	-2.82	n
44240943	2411	1521	-3.71	-2.82	n
44250943	2410	1520	-3.62	-2.74	n
44260943	2411	1521	-3.71	-2.82	n
44270943	2411	1520	-3.71	-2.74	n
44280943	2411	1521	-3.71	-2.82	n
44290943	2412	1522	-3.79	-2.90	n
44300943	2414	1523	-3.96	-2.98	n
44310943	2415	1522	-4.04	-2.90	n
44320943	2415	1522	-4.04	-2.90	n
44330942	2416	1522	-4.13	-2.90	n
44340942	2416	1523	-4.13	-2.98	n
44350942	2417	1523	-4.21	-2.98	n
44360942	2416	1525	-4.13	-3.14	Location:lat:35.504275lon:139.465219;;Date:2024/12/8;;Time:05:43:38:00;;
44370942	2418	1522	-4.29	-2.90	n
44380942	2421	1525	-4.54	-3.14	n
44390943	2421	1523	-4.54	-2.98	n
44400942	2421	1525	-4.54	-3.14	n
44410943	2424	1527	-4.79	-3.30	n
44420946	2425	1527	-4.88	-3.30	n
44430946	2424	1527	-4.79	-3.30	n
44440945	2426	1530	-4.96	-3.54	n
44450945	2427	1533	-5.05	-3.78	n
44460945	2429	1534	-5.21	-3.86	n
44470945	2429	1533	-5.21	-3.78	Location:lat:35.504275lon:139.465219;;Time:05:43:38:00;;
44480946	2429	1533	-5.21	-3.78	n
44490946	2430	1535	-5.30	-3.94	n
44500950	2430	1535	-5.30	-3.94	n
44510950	2431	1533	-5.38	-3.78	n
44520949	2431	1534	-5.38	-3.86	n
44530949	2431	1533	-5.38	-3.78	n
44540948	2433	1533	-5.55	-3.78	n
44550957	2434	1535	-5.63	-3.94	n
44560957	2434	1534	-5.63	-3.86	n
44570957	2437	1533	-5.88	-3.78	n
44580957	2439	1533	-6.05	-3.78	n
44590957	2439	1533	-6.05	-3.78	n
44600957	2441	1531	-6.22	-3.62	n
44610957	2443	1534	-6.38	-3.86	n
44620957	2444	1532	-6.47	-3.70	n
44630957	2444	1527	-6.47	-3.30	n
44640957	2447	1530	-6.72	-3.54	n
44650957	2445	1527	-6.55	-3.30	n
44660957	2446	1528	-6.63	-3.38	n
44670957	2446	1526	-6.63	-3.22	n
44680957	2447	1527	-6.72	-3.30	n
44690957	2448	1524	-6.80	-3.06	n
44700957	2448	1526	-6.80	-3.22	n
44710957	2447	1524	-6.72	-3.06	n
44720957	2447	1525	-6.72	-3.14	n
44730957	2448	1526	-6.80	-3.22	n
44740956	2448	1525	-6.80	-3.14	n
44750956	2448	1525	-6.80	-3.14	n
44760955	2448	1525	-6.80	-3.14	n
44770955	2449	1526	-6.88	-3.22	n
44780954	2448	1525	-6.80	-3.14	n
44790953	2450	1529	-6.97	-3.46	n
44800954	2453	1530	-7.22	-3.54	n
44810954	2454	1530	-7.30	-3.54	n
44820953	2455	1533	-7.39	-3.78	n
44830953	2455	1532	-7.39	-3.70	Location:lat:35.504275lon:139.465219;;Date:2024/12/8;;Time:05:43:38:00;;
44840953	2459	1533	-7.72	-3.78	n
44850954	2457	1535	-7.55	-3.94	n
44860954	2462	1535	-7.97	-3.94	n
44870954	2462	1535	-7.97	-3.94	n
44880954	2464	1535	-8.14	-3.94	n
44890954	2465	1535	-8.22	-3.94	n
44900954	2469	1535	-8.56	-3.94	n
44910954	2469	1535	-8.56	-3.94	n
44920954	2470	1535	-8.64	-3.94	n
44930954	2471	1535	-8.72	-3.94	n
44940954	2475	1535	-9.06	-3.94	n
44950954	2475	1535	-9.06	-3.94	n
44960953	2480	1555	-9.48	-5.55	n
44970954	2481	1559	-9.56	-5.87	n
44980954	2481	1561	-9.56	-6.03	n
44990954	2483	1563	-9.73	-6.19	n
45000954	2486	1565	-9.98	-6.35	n
45010954	2486	1569	-9.98	-6.68	n
45020954	2491	1571	-10.40	-6.84	n
45030954	2496	1574	-10.81	-7.08	n
45040954	2495	1577	-10.73	-7.32	n
45050954	2498	1581	-10.98	-7.64	n
45060954	2499	1580	-11.06	-7.56	n
45070954	2507	1584	-11.73	-7.88	n
45080954	2509	1584	-11.90	-7.88	n
45090954	2512	1585	-12.15	-7.96	n
45100954	2513	1587	-12.23	-8.12	n
45110954	2515	1589	-12.40	-8.28	n
45120954	2522	1594	-12.99	-8.68	n
45130954	2523	1595	-13.07	-8.76	n
45140953	2526	1596	-13.32	-8.84	n
45150954	2528	1600	-13.49	-9.17	n
45160954	2533	1603	-13.91	-9.41	n
45170954	2540	1606	-14.49	-9.65	n
45180954	2542	1607	-14.66	-9.73	n
45190954	2543	1610	-14.74	-9.97	n
45200954	2544	1612	-14.83	-10.13	n
45210954	2551	1616	-15.41	-10.45	n
45220954	2551	1616	-15.41	-10.45	n
45230954	2554	1617	-15.66	-10.53	n
45240954	2558	1619	-16.00	-10.69	n
45250954	2559	1622	-16.08	-10.93	n
45260954	2559	1625	-16.08	-11.17	n
45270954	2559	1628	-16.08	-11.42	n
45280954	2559	1631	-16.08	-11.66	n
45290954	2559	1631	-16.08	-11.66	n
45300953	2582	1632	-18.00	-11.74	n
45310952	2587	1634	-18.42	-11.90	n
45320952	2591	1635	-18.75	-11.98	n
45330952	2592	1639	-18.84	-12.30	n
45340952	2599	1642	-19.42	-12.54	n
45350952	2606	1645	-20.01	-12.78	n
45360951	2606	1646	-20.01	-12.86	Location:lat:35.504283lon:139.465220;;Date:2024/12/8;;Time:05:43:39:00;;
45370951	2607	1648	-20.09	-13.02	n
45380950	2608	1648	-20.18	-13.02	n
45390950	2615	1654	-20.76	-13.50	n
45400950	2620	1656	-21.18	-13.66	n
45410950	2623	1655	-21.43	-13.58	n
45420950	2627	1656	-21.76	-13.66	n
45430951	2629	1658	-21.93	-13.82	n
45440951	2631	1661	-22.10	-14.07	n
45450951	2639	1662	-22.77	-14.15	n
45460951	2640	1661	-22.85	-14.07	n
45470951	2641	1662	-22.93	-14.15	Location:lat:35.504283lon:139.465220;;Time:05:43:39:00;;
45480951	2646	1663	-23.35	-14.23	n
45490951	2652	1663	-23.85	-14.23	n
45500951	2655	1664	-24.10	-14.31	n
45510951	2660	1666	-24.52	-14.47	n
45520951	2665	1667	-24.94	-14.55	n
45530951	2667	1667	-25.11	-14.55	n
45540951	2671	1668	-25.44	-14.63	n
45550950	2672	1666	-25.53	-14.47	n
45560949	2673	1668	-25.61	-14.63	n
45570948	2677	1671	-25.94	-14.87	n
45580948	2679	1671	-26.11	-14.87	n
45590949	2682	1671	-26.36	-14.87	n
45600948	2683	1674	-26.45	-15.11	n
45610948	2688	1677	-26.86	-15.35	n
45620947	2689	1678	-26.95	-15.43	n
45630946	2691	1680	-27.11	-15.59	n
45640946	2697	1680	-27.62	-15.59	n
45650946	2699	1680	-27.78	-15.59	n
45660946	2701	1680	-27.95	-15.59	n
45670945	2703	1682	-28.12	-15.75	n
45680945	2704	1683	-28.20	-15.83	n
45690945	2704	1685	-28.20	-15.99	n
45700944	2706	1687	-28.37	-16.15	n
45710944	2710	1687	-28.70	-16.15	n
45720944	2710	1687	-28.70	-16.15	n
45730944	2713	1691	-28.95	-16.48	n
45740944	2715	1694	-29.12	-16.72	n
45750944	2718	1695	-29.37	-16.80	n
45760943	2719	1697	-29.45	-16.96	n
45770943	2720	1698	-29.54	-17.04	n
45780946	2721	1699	-29.62	-17.12	n
45790946	2724	1700	-29.87	-17.20	n
45800946	2723	1700	-29.79	-17.20	n
45810946	2723	1701	-29.79	-17.28	n
45820946	2725	1702	-29.96	-17.36	n
45830950	2727	1701	-30.12	-17.28	Location:lat:35.504283lon:139.465220;;Date:2024/12/8;;Time:05:43:39:00;;
45840950	2731	1706	-30.46	-17.68	n
45850950	2730	1702	-30.37	-17.36	n
45860951	2734	1703	-30.71	-17.44	n
45870950	2735	1705	-30.79	-17.60	n
45880950	2735	1705	-30.79	-17.60	n
45890950	2736	1707	-30.88	-17.76	n
45900950	2736	1711	-30.88	-18.08	n
45910950	2738	1712	-31.04	-18.16	n
45920951	2737	1712	-30.96	-18.16	n
45930951	2739	1713	-31.13	-18.24	n
45940950	2743	1717	-31.46	-18.56	n
45950951	2739	1717	-31.13	-18.56	n
45960951	2741	1719	-31.29	-18.73	n
45970950	2740	1723	-31.21	-19.05	n
45980950	2742	1725	-31.38	-19.21	n
45990950	2743	1727	-31.46	-19.37	n
46000950	2742	1728	-31.38	-19.45	n
46010950	2745	1729	-31.63	-19.53	n
46020950	2745	1729	-31.63	-19.53	n
46030950	2743	1731	-31.46	-19.69	n
46040950	2749	1734	-31.96	-19.93	n
46050950	2746	1738	-31.71	-20.25	n
46060950	2749	1740	-31.96	-20.41	n
46070950	2751	1740	-32.13	-20.41	n
46080950	2753	1744	-32.30	-20.73	n
46090950	2753	1744	-32.30	-20.73	n
46100950	2753	1744	-32.30	-20.73	n
46110950	2754	1748	-32.38	-21.05	n
46120950	2752	1749	-32.21	-21.14	n
46130950	2754	1747	-32.38	-20.97	n
46140950	2751	1748	-32.13	-21.05	n
46150950	2753	1750	-32.30	-21.22	n
46160951	2753	1747	-32.30	-20.97	n
46170951	2753	1749	-32.30	-21.14	n
46180951	2752	1749	-32.21	-21.14	n
46190951	2752	1748	-32.21	-21.05	n
46200951	2754	1747	-32.38	-20.97	n
46210951	2754	1745	-32.38	-20.81	n
46220951	2754	1745	-32.38	-20.81	n
46230951	2755	1744	-32.46	-20.73	n
46240951	2755	1744	-32.46	-20.73	n
46250951	2756	1744	-32.55	-20.73	n
46260951	2754	1743	-32.38	-20.65	n
46270951	2756	1743	-32.55	-20.65	n
46280951	2757	1742	-32.63	-20.57	n
46290951	2757	1742	-32.63	-20.57	n
46300951	2757	1741	-32.63	-20.49	n
46310951	2753	1742	-32.30	-20.57	n
46320951	2756	1740	-32.55	-20.41	n
46330951	2757	1740	-32.63	-20.41	n
46340951	2757	1743	-32.63	-20.65	n
46350960	2757	1740	-32.63	-20.41	n
46360960	2757	1740	-32.63	-20.41	Location:lat:35.504292lon:139.465221;;Date:2024/12/8;;Time:05:43:40:00;;
46370959	2758	1741	-32.71	-20.49	n
46380959	2757	1742	-32.63	-20.57	n
46390959	2757	1742	-32.63	-20.57	n
46400959	2757	1742	-32.63	-20.57	n
46410958	2757	1743	-32.63	-20.65	n
46420957	2758	1741	-32.71	-20.49	n
46430957	2758	1743	-32.71	-20.65	n
46440957	2757	1741	-32.63	-20.49	n
46450957	2758	1743	-32.71	-20.65	n
46460957	2758	1743	-32.71	-20.65	n
46470957	2758	1743	-32.71	-20.65	Location:lat:35.504292lon:139.465221;;Time:05:43:40:00;;
46480957	2756	1741	-32.55	-20.49	n
46490957	2755	1743	-32.46	-20.65	n
46500956	2757	1743	-32.63	-20.65	n
46510955	2758	1741	-32.71	-20.49	n
46520954	2755	1742	-32.46	-20.57	n
46530954	2759	1741	-32.80	-20.49	n
46540954	2757	1741	-32.63	-20.49	n
46550954	2759	1743	-32.80	-20.65	n
46560954	2758	1741	-32.71	-20.49	n
46570954	2756	1741	-32.55	-20.49	n
46580954	2758	1741	-32.71	-20.49	n
46590954	2758	1742	-32.71	-20.57	n
46600954	2756	1740	-32.55	-20.41	n
46610953	2758	1741	-32.71	-20.49	n
46620953	2758	1742	-32.71	-20.57	n
46630952	2756	1742	-32.55	-20.57	n
46640952	2756	1740	-32.55	-20.41	n
46650951	2757	1742	-32.63	-20.57	n
46660951	2756	1743	-32.55	-20.65	n
46670951	2757	1741	-32.63	-20.49	n
46680951	2756	1741	-32.55	-20.49	n
46690951	2755	1743	-32.46	-20.65	n
46700951	2757	1742	-32.63	-20.57	n
46710951	2755	1740	-32.46	-20.41	n
46720951	2756	1742	-32.55	-20.57	n
46730954	2757	1743	-32.63	-20.65	n
46740953	2758	1742	-32.71	-20.57	n
46750953	2757	1741	-32.63	-20.49	n
46760954	2759	1743	-32.80	-20.65	n
46770954	2757	1743	-32.63	-20.65	n
46780954	2758	1741	-32.71	-20.49	n
46790954	2755	1741	-32.46	-20.49	n
46800954	2757	1741	-32.63	-20.49	n
46810954	2757	1742	-32.63	-20.57	n
46820954	2755	1741	-32.46	-20.49	n
46830954	2757	1741	-32.63	-20.49	Location:lat:35.504292lon:139.465221;;Date:2024/12/8;;Time:05:43:40:00;;
46840954	2755	1741	-32.46	-20.49	n
46850954	2755	1740	-32.46	-20.41	n
46860954	2754	1741	-32.38	-20.49	n
46870954	2757	1743	-32.63	-20.65	n
46880954	2756	1742	-32.55	-20.57	n
46890954	2756	1743	-32.55	-20.65	n
46900954	2754	1744	-32.38	-20.73	n
46910954	2755	1744	-32.46	-20.73	n
46920954	2753	1744	-32.30	-20.73	n
46930954	2752	1745	-32.21	-20.81	n
46940954	2752	1747	-32.21	-20.97	n
46950954	2752	1747	-32.21	-20.97	n
46960954	2752	1747	-32.21	-20.97	n
46970954	2750	1747	-32.05	-20.97	n
46980954	2750	1746	-32.05	-20.89	n
46990954	2750	1749	-32.05	-21.14	n
47000954	2747	1750	-31.80	-21.22	n
47010954	2749	1755	-31.96	-21.62	n
47020954	2746	1755	-31.71	-21.62	n
47030954	2747	1755	-31.80	-21.62	n
47040954	2746	1758	-31.71	-21.86	n
47050954	2746	1758	-31.71	-21.86	n
47060954	2746	1757	-31.71	-21.78	n
47070954	2745	1759	-31.63	-21.94	n
47080954	2746	1758	-31.71	-21.86	n
47090954	2746	1757	-31.71	-21.78	n
47100954	2742	1759	-31.38	-21.94	n
47110954	2742	1757	-31.38	-21.78	n
47120954	2742	1759	-31.38	-21.94	n
47130954	2740	1758	-31.21	-21.86	n
47140954	2742	1759	-31.38	-21.94	n
47150954	2743	1759	-31.46	-21.94	n
47160954	2742	1760	-31.38	-22.02	n
47170954	2743	1759	-31.46	-21.94	n
47180954	2741	1759	-31.29	-21.94	n
47190954	2742	1759	-31.38	-21.94	n
47200954	2742	1759	-31.38	-21.94	n
47210954	2743	1760	-31.46	-22.02	n
47220954	2743	1759	-31.46	-21.94	n
47230954	2743	1761	-31.46	-22.10	n
47240954	2745	1761	-31.63	-22.10	n
47250954	2746	1761	-31.71	-22.10	n
47260954	2746	1761	-31.71	-22.10	n
47270954	2743	1759	-31.46	-21.94	n
47280954	2745	1761	-31.63	-22.10	n
47290954	2747	1761	-31.80	-22.10	n
47300954	2746	1762	-31.71	-22.18	n
47310953	2746	1761	-31.71	-22.10	n
47320953	2746	1759	-31.71	-21.94	n
47330953	2743	1759	-31.46	-21.94	n
47340952	2743	1759	-31.46	-21.94	n
47350951	2747	1761	-31.80	-22.10	n
47360951	2747	1761	-31.80	-22.10	Location:lat:35.504297lon:139.465221;;Date:2024/12/8;;Time:05:43:41:00;;
47370951	2746	1760	-31.71	-22.02	n
47380951	2743	1759	-31.46	-21.94	n
47390951	2746	1760	-31.71	-22.02	n
47400950	2743	1761	-31.46	-22.10	n
47410958	2743	1759	-31.46	-21.94	n
47420958	2743	1759	-31.46	-21.94	n
47430958	2746	1761	-31.71	-22.10	n
47440958	2745	1759	-31.63	-21.94	n
47450957	2746	1761	-31.71	-22.10	n
47460957	2743	1761	-31.46	-22.10	n
47470957	2745	1760	-31.63	-22.02	Location:lat:35.504297lon:139.465221;;Time:05:43:41:00;;
47480957	2746	1759	-31.71	-21.94	n
47490957	2745	1759	-31.63	-21.94	n
47500957	2743	1761	-31.46	-22.10	n
47510956	2742	1759	-31.38	-21.94	n
47520955	2743	1760	-31.46	-22.02	n
47530955	2743	1761	-31.46	-22.10	n
47540955	2747	1761	-31.80	-22.10	n
47550955	2746	1761	-31.71	-22.10	n
47560955	2743	1763	-31.46	-22.26	n
47570955	2745	1761	-31.63	-22.10	n
47580955	2747	1761	-31.80	-22.10	n
47590954	2746	1761	-31.71	-22.10	n
47600954	2746	1758	-31.71	-21.86	n
47610954	2745	1761	-31.63	-22.10	n
47620954	2744	1759	-31.54	-21.94	n
47630954	2747	1760	-31.80	-22.02	n
47640953	2745	1759	-31.63	-21.94	n
47650952	2747	1760	-31.80	-22.02	n
47660951	2742	1758	-31.38	-21.86	n
47670951	2747	1761	-31.80	-22.10	n
47680951	2746	1761	-31.71	-22.10	n
47690951	2743	1759	-31.46	-21.94	n
47700951	2743	1759	-31.46	-21.94	n
47710951	2743	1761	-31.46	-22.10	n
47720951	2746	1761	-31.71	-22.10	n
47730951	2746	1761	-31.71	-22.10	n
47740951	2743	1759	-31.46	-21.94	n
47750951	2746	1761	-31.71	-22.10	n
47760951	2746	1761	-31.71	-22.10	n
47770951	2746	1761	-31.71	-22.10	n
47780950	2745	1762	-31.63	-22.18	n
47790956	2743	1762	-31.46	-22.18	n
47800957	2745	1760	-31.63	-22.02	n
47810957	2747	1761	-31.80	-22.10	n
47820957	2745	1761	-31.63	-22.10	n
47830957	2746	1761	-31.71	-22.10	Location:lat:35.504297lon:139.465221;;Date:2024/12/8;;Time:05:43:41:00;;
47840957	2746	1761	-31.71	-22.10	n
47850957	2746	1761	-31.71	-22.10	n
47860957	2747	1760	-31.80	-22.02	n
47870957	2746	1760	-31.71	-22.02	n
47880957	2746	1760	-31.71	-22.02	n
47890957	2746	1761	-31.71	-22.10	n
47900957	2745	1762	-31.63	-22.18	n
47910957	2745	1760	-31.63	-22.02	n
47920957	2743	1759	-31.46	-21.94	n
47930957	2747	1760	-31.80	-22.02	n
47940957	2745	1762	-31.63	-22.18	n
47950957	2746	1762	-31.71	-22.18	n
47960957	2743	1761	-31.46	-22.10	n
47970957	2743	1763	-31.46	-22.26	n
47980957	2746	1761	-31.71	-22.10	n
47990957	2746	1762	-31.71	-22.18	n
48000957	2747	1761	-31.80	-22.10	n
48010957	2743	1761	-31.46	-22.10	n
48020957	2746	1761	-31.71	-22.10	n
48030957	2745	1761	-31.63	-22.10	n
48040957	2745	1762	-31.63	-22.18	n
48050957	2746	1761	-31.71	-22.10	n
48060957	2747	1761	-31.80	-22.10	n
48070957	2747	1761	-31.80	-22.10	n
48080957	2747	1762	-31.80	-22.18	n
48090957	2746	1761	-31.71	-22.10	n
48100957	2745	1760	-31.63	-22.02	n
48110957	2746	1762	-31.71	-22.18	n
48120957	2746	1761	-31.71	-22.10	n
48130957	2743	1760	-31.46	-22.02	n
48140957	2743	1760	-31.46	-22.02	n
48150957	2743	1760	-31.46	-22.02	n
48160957	2747	1762	-31.80	-22.18	n
48170957	2747	1762	-31.80	-22.18	n
48180957	2743	1761	-31.46	-22.10	n
48190957	2745	1759	-31.63	-21.94	n
48200957	2743	1759	-31.46	-21.94	n
48210957	2743	1761	-31.46	-22.10	n
48220957	2742	1759	-31.38	-21.94	n
48230957	2743	1760	-31.46	-22.02	n
48240957	2743	1760	-31.46	-22.02	n
48250957	2742	1761	-31.38	-22.10	n
48260957	2742	1761	-31.38	-22.10	n
48270957	2739	1759	-31.13	-21.94	n
48280957	2737	1761	-30.96	-22.10	n
48290957	2736	1759	-30.88	-21.94	n
48300957	2736	1759	-30.88	-21.94	n
48310956	2729	1756	-30.29	-21.70	n
48320956	2726	1755	-30.04	-21.62	n
48330955	2727	1749	-30.12	-21.14	n
48340954	2721	1748	-29.62	-21.05	n
48350954	2717	1746	-29.29	-20.89	n
48360954	2714	1745	-29.04	-20.81	Location:lat:35.504292lon:139.465220;;Date:2024/12/8;;Time:05:43:42:00;;
48370954	2714	1744	-29.04	-20.73	n
48380954	2710	1744	-28.70	-20.73	n
48390954	2704	1741	-28.20	-20.49	n
48400953	2702	1739	-28.03	-20.33	n
48410953	2699	1734	-27.78	-19.93	n
48420953	2693	1731	-27.28	-19.69	n
48430953	2687	1730	-26.78	-19.61	n
48440953	2683	1729	-26.45	-19.53	n
48450953	2678	1727	-26.03	-19.37	n
48460953	2672	1723	-25.53	-19.05	n
48470953	2667	1715	-25.11	-18.40	Location:lat:35.504292lon:139.465220;;Time:05:43:42:00;;
48480953	2660	1714	-24.52	-18.32	n
48490952	2655	1713	-24.10	-18.24	n
48500952	2651	1710	-23.77	-18.00	n
48510952	2643	1705	-23.10	-17.60	n
48520952	2637	1703	-22.60	-17.44	n
48530951	2633	1698	-22.27	-17.04	n
48540951	2627	1693	-21.76	-16.64	n
48550950	2624	1691	-21.51	-16.48	n
48560949	2617	1683	-20.93	-15.83	n
48570949	2610	1681	-20.34	-15.67	n
48580948	2608	1679	-20.18	-15.51	n
48590948	2601	1674	-19.59	-15.11	n
48600957	2591	1667	-18.75	-14.55	n
48610957	2582	1665	-18.00	-14.39	n
48620958	2559	1659	-16.08	-13.91	n
48630957	2559	1654	-16.08	-13.50	n
48640957	2559	1649	-16.08	-13.10	n
48650957	2551	1643	-15.41	-12.62	n
48660956	2544	1637	-14.83	-12.14	n
48670956	2538	1632	-14.32	-11.74	n
48680956	2529	1629	-13.57	-11.50	n
48690956	2523	1623	-13.07	-11.01	n
48700955	2514	1617	-12.32	-10.53	n
48710954	2510	1615	-11.98	-10.37	n
48720954	2498	1611	-10.98	-10.05	n
48730954	2491	1603	-10.40	-9.41	n
48740954	2485	1598	-9.89	-9.01	n
48750953	2480	1593	-9.48	-8.60	n
48760953	2469	1589	-8.56	-8.28	n
48770954	2463	1583	-8.05	-7.80	n
48780954	2454	1575	-7.30	-7.16	n
48790954	2448	1569	-6.80	-6.68	n
48800954	2438	1566	-5.97	-6.43	n
48810954	2427	1558	-5.05	-5.79	n
48820953	2421	1535	-4.54	-3.94	n
48830957	2415	1535	-4.04	-3.94	Location:lat:35.504292lon:139.465220;;Date:2024/12/8;;Time:05:43:42:00;;
48840957	2406	1535	-3.29	-3.94	n
48850956	2401	1529	-2.87	-3.46	n
48860956	2390	1521	-1.95	-2.82	n
48870956	2385	1520	-1.53	-2.74	n
48880956	2375	1513	-0.70	-2.18	n
48890955	2368	1503	-0.11	-1.37	n
48900954	2363	1497	0.30	-0.89	n
48910954	2353	1491	1.14	-0.41	n
48920954	2349	1487	1.47	-0.09	n
48930954	2339	1483	2.31	0.23	n
48940954	2331	1477	2.98	0.72	n
48950954	2322	1471	3.73	1.20	n
48960954	2318	1468	4.07	1.44	n
48970954	2314	1462	4.40	1.92	n
48980954	2303	1455	5.32	2.48	n
48990954	2293	1450	6.16	2.88	n
49000954	2288	1442	6.57	3.53	n
49010954	2285	1439	6.82	3.77	n
49020954	2275	1429	7.66	4.57	n
49030953	2266	1424	8.41	4.97	n
49040954	2261	1422	8.83	5.13	n
49050954	2255	1414	9.33	5.78	n
49060954	2251	1407	9.67	6.34	n
49070954	2241	1403	10.50	6.66	n
49080954	2234	1395	11.09	7.30	n
49090954	2226	1393	11.76	7.46	n
49100954	2222	1387	12.09	7.94	n
49110954	2215	1382	12.68	8.35	n
49120954	2207	1376	13.34	8.83	n
49130954	2201	1367	13.85	9.55	n
49140954	2195	1364	14.35	9.79	n
49150954	2192	1360	14.60	10.11	n
49160953	2183	1357	15.35	10.35	n
49170953	2179	1351	15.69	10.84	n
49180954	2171	1347	16.35	11.16	n
49190954	2162	1343	17.11	11.48	n
49200954	2160	1335	17.27	12.12	n
49210954	2157	1333	17.52	12.28	n
49220954	2149	1329	18.19	12.60	n
49230954	2145	1325	18.53	12.93	n
49240954	2142	1319	18.78	13.41	n
49250954	2137	1317	19.20	13.57	n
49260954	2128	1313	19.95	13.89	n
49270954	2127	1309	20.03	14.21	n
49280954	2125	1303	20.20	14.69	n
49290954	2121	1301	20.53	14.85	n
49300953	2114	1296	21.12	15.26	n
49310953	2111	1293	21.37	15.50	n
49320953	2106	1287	21.79	15.98	n
49330953	2101	1287	22.21	15.98	n
49340953	2099	1287	22.37	15.98	n
49350953	2096	1282	22.62	16.38	n
49360954	2094	1279	22.79	16.62	Location:lat:35.504285lon:139.465221;;Date:2024/12/8;;Time:05:43:43:00;;
49370954	2093	1275	22.87	16.94	n
49380953	2090	1275	23.13	16.94	n
49390953	2088	1270	23.29	17.34	n
49400953	2087	1271	23.38	17.26	n
49410953	2086	1269	23.46	17.42	n
49420954	2086	1268	23.46	17.50	n
49430963	2084	1268	23.63	17.50	n
49440963	2087	1270	23.38	17.34	n
49450964	2089	1271	23.21	17.26	n
49460965	2091	1271	23.04	17.26	n
49470964	2091	1270	23.04	17.34	Location:lat:35.504285lon:139.465221;;Time:05:43:43:00;;
49480963	2094	1273	22.79	17.10	n
49490963	2096	1274	22.62	17.02	n
49500962	2098	1274	22.46	17.02	n
49510962	2103	1277	22.04	16.78	n
49520962	2103	1277	22.04	16.78	n
49530962	2107	1279	21.70	16.62	n
49540962	2111	1283	21.37	16.30	n
49550962	2113	1287	21.20	15.98	n
49560962	2117	1287	20.87	15.98	n
49570962	2123	1286	20.37	16.06	n
49580963	2127	1290	20.03	15.74	n
49590963	2127	1293	20.03	15.50	n
49600963	2129	1295	19.87	15.34	n
49610964	2134	1296	19.45	15.26	n
49620965	2142	1298	18.78	15.09	n
49630965	2145	1303	18.53	14.69	n
49640965	2149	1307	18.19	14.37	n
49650965	2156	1309	17.61	14.21	n
49660964	2160	1312	17.27	13.97	n
49670964	2162	1314	17.11	13.81	n
49680964	2163	1319	17.02	13.41	n
49690964	2173	1323	16.19	13.09	n
49700964	2178	1323	15.77	13.09	n
49710965	2185	1328	15.18	12.68	n
49720965	2192	1330	14.60	12.52	n
49730965	2198	1336	14.10	12.04	n
49740965	2199	1335	14.01	12.12	n
49750964	2207	1342	13.34	11.56	n
49760973	2215	1347	12.68	11.16	n
49770973	2219	1351	12.34	10.84	n
49780973	2224	1353	11.92	10.68	n
49790972	2229	1355	11.51	10.52	n
49800973	2236	1361	10.92	10.03	n
49810973	2244	1364	10.25	9.79	n
49820973	2253	1367	9.50	9.55	n
49830973	2255	1373	9.33	9.07	Location:lat:35.504285lon:139.465221;;Date:2024/12/8;;Time:05:43:43:00;;
49840973	2262	1381	8.75	8.43	n
49850973	2267	1386	8.33	8.03	n
49860973	2274	1390	7.74	7.70	n
49870972	2282	1392	7.08	7.54	n
49880971	2288	1395	6.57	7.30	n
49890971	2290	1402	6.41	6.74	n
49900970	2299	1405	5.65	6.50	n
49910969	2307	1410	4.99	6.10	n
49920969	2313	1414	4.48	5.78	n
49930969	2319	1421	3.98	5.21	n
49940968	2323	1425	3.65	4.89	n
49950967	2332	1430	2.90	4.49	n
49960966	2339	1438	2.31	3.85	n
49970965	2347	1441	1.64	3.61	n
49980964	2352	1446	1.22	3.21	n
49990965	2357	1449	0.81	2.96	n
50000965	2366	1455	0.05	2.48	n
50010965	2371	1457	-0.36	2.32	n
50020965	2381	1466	-1.20	1.60	n
50030965	2384	1471	-1.45	1.20	n
50040965	2390	1471	-1.95	1.20	n
50050965	2395	1475	-2.37	0.88	n
50060965	2405	1481	-3.21	0.39	n
50070965	2411	1488	-3.71	-0.17	n
50080964	2416	1489	-4.13	-0.25	n
50090965	2425	1491	-4.88	-0.41	n
50100965	2430	1498	-5.30	-0.97	n
50110965	2437	1503	-5.88	-1.37	n
50120965	2446	1509	-6.63	-1.86	n
50130965	2449	1518	-6.88	-2.58	n
50140965	2459	1520	-7.72	-2.74	n
50150965	2464	1522	-8.14	-2.90	n
50160965	2470	1526	-8.64	-3.22	n
50170965	2480	1533	-9.48	-3.78	n
50180965	2484	1535	-9.81	-3.94	n
50190965	2485	1535	-9.89	-3.94	n
50200965	2495	1535	-10.73	-3.94	n
50210965	2499	1557	-11.06	-5.71	n
50220965	2509	1559	-11.90	-5.87	n
50230965	2512	1563	-12.15	-6.19	n
50240965	2515	1569	-12.40	-6.68	n
50250965	2523	1571	-13.07	-6.84	n
50260965	2530	1575	-13.66	-7.16	n
50270965	2539	1581	-14.41	-7.64	n
50280965	2541	1583	-14.58	-7.80	n
50290965	2544	1588	-14.83	-8.20	n
50300965	2551	1593	-15.41	-8.60	n
50310965	2555	1598	-15.75	-9.01	n
50320965	2559	1599	-16.08	-9.09	n
50330964	2559	1601	-16.08	-9.25	n
50340965	2559	1607	-16.08	-9.73	n
50350965	2559	1612	-16.08	-10.13	n
50360965	2583	1615	-18.09	-10.37	Location:lat:35.504277lon:139.465221;;Date:2024/12/8;;Time:05:43:44:00;;
50370965	2587	1616	-18.42	-10.45	n
50380964	2592	1619	-18.84	-10.69	n
50390963	2599	1619	-19.42	-10.69	n
50400963	2602	1622	-19.67	-10.93	n
50410963	2604	1627	-19.84	-11.33	n
50420963	2608	1633	-20.18	-11.82	n
50430964	2610	1632	-20.34	-11.74	n
50440963	2614	1634	-20.68	-11.90	n
50450963	2615	1635	-20.76	-11.98	n
50460963	2621	1638	-21.26	-12.22	n
50470963	2625	1639	-21.60	-12.30	Location:lat:35.504277lon:139.465221;;Time:05:43:44:00;;
50480962	2628	1643	-21.85	-12.62	n
50490962	2630	1647	-22.01	-12.94	n
50500962	2630	1648	-22.01	-13.02	n
50510962	2635	1650	-22.43	-13.18	n
50520962	2637	1652	-22.60	-13.34	n
50530962	2639	1653	-22.77	-13.42	n
50540962	2640	1655	-22.85	-13.58	n
50550962	2643	1658	-23.10	-13.82	n
50560962	2643	1659	-23.10	-13.91	n
50570962	2645	1660	-23.27	-13.99	n
50580962	2646	1662	-23.35	-14.15	n
50590961	2646	1663	-23.35	-14.23	n
50600961	2651	1663	-23.77	-14.23	n
50610962	2651	1664	-23.77	-14.31	n
50620962	2651	1665	-23.77	-14.39	n
50630970	2655	1666	-24.10	-14.47	n
50640971	2653	1667	-23.94	-14.55	n
50650971	2653	1669	-23.94	-14.71	n
50660971	2655	1666	-24.10	-14.47	n
50670971	2653	1668	-23.94	-14.63	n
50680971	2652	1669	-23.85	-14.71	n
50690970	2653	1667	-23.94	-14.55	n
50700969	2653	1667	-23.94	-14.55	n
50710969	2651	1669	-23.77	-14.71	n
50720969	2647	1666	-23.44	-14.47	n
50730969	2647	1667	-23.44	-14.55	n
50740969	2646	1667	-23.35	-14.55	n
50750969	2643	1668	-23.10	-14.63	n
50760969	2641	1667	-22.93	-14.55	n
50770969	2641	1664	-22.93	-14.31	n
50780968	2640	1666	-22.85	-14.47	n
50790968	2638	1664	-22.68	-14.31	n
50800967	2637	1663	-22.60	-14.23	n
50810966	2633	1659	-22.27	-13.91	n
50820965	2631	1658	-22.10	-13.82	n
50830964	2631	1660	-22.10	-13.99	Location:lat:35.504277lon:139.465221;;Date:2024/12/8;;Time:05:43:44:00;;
50840964	2629	1658	-21.93	-13.82	n
50850965	2623	1655	-21.43	-13.58	n
50860965	2622	1653	-21.35	-13.42	n
50870964	2618	1649	-21.01	-13.10	n
50880965	2614	1649	-20.68	-13.10	n
50890965	2611	1648	-20.43	-13.02	n
50900965	2608	1647	-20.18	-12.94	n
50910965	2607	1645	-20.09	-12.78	n
50920965	2605	1643	-19.92	-12.62	n
50930965	2602	1636	-19.67	-12.06	n
50940965	2594	1637	-19.01	-12.14	n
50950965	2592	1635	-18.84	-11.98	n
50960965	2587	1635	-18.42	-11.98	n
50970965	2581	1632	-17.92	-11.74	n
50980965	2559	1632	-16.08	-11.74	n
50990965	2559	1630	-16.08	-11.58	n
51000965	2559	1623	-16.08	-11.01	n
51010965	2559	1623	-16.08	-11.01	n
51020965	2556	1619	-15.83	-10.69	n
51030965	2551	1618	-15.41	-10.61	n
51040965	2545	1615	-14.91	-10.37	n
51050965	2543	1614	-14.74	-10.29	n
51060965	2537	1613	-14.24	-10.21	n
51070965	2533	1607	-13.91	-9.73	n
51080965	2528	1605	-13.49	-9.57	n
51090965	2522	1601	-12.99	-9.25	n
51100965	2517	1599	-12.57	-9.09	n
51110965	2512	1597	-12.15	-8.92	n
51120965	2507	1593	-11.73	-8.60	n
51130965	2499	1589	-11.06	-8.28	n
51140965	2495	1584	-10.73	-7.88	n
51150965	2492	1583	-10.48	-7.80	n
51160965	2483	1578	-9.73	-7.40	n
51170964	2480	1574	-9.48	-7.08	n
51180965	2473	1570	-8.89	-6.76	n
51190965	2469	1569	-8.56	-6.68	n
51200965	2461	1567	-7.89	-6.51	n
51210965	2453	1558	-7.22	-5.79	n
51220965	2448	1555	-6.80	-5.55	n
51230964	2445	1535	-6.55	-3.94	n
51240965	2434	1535	-5.63	-3.94	n
51250965	2430	1535	-5.30	-3.94	n
51260965	2423	1535	-4.71	-3.94	n
51270965	2416	1534	-4.13	-3.86	n
51280965	2407	1527	-3.37	-3.30	n
51290965	2405	1523	-3.21	-2.98	n
51300965	2401	1520	-2.87	-2.74	n
51310969	2393	1518	-2.20	-2.58	n
51320969	2390	1515	-1.95	-2.34	n
51330968	2385	1507	-1.53	-1.69	n
51340968	2380	1505	-1.12	-1.53	n
51350967	2373	1501	-0.53	-1.21	n
51360966	2368	1497	-0.11	-0.89	Location:lat:35.504269lon:139.465225;;Date:2024/12/8;;Time:05:43:45:00;;
51370966	2359	1493	0.64	-0.57	n
51380966	2354	1490	1.06	-0.33	n
51390965	2351	1488	1.31	-0.17	n
51400965	2343	1483	1.98	0.23	n
51410965	2336	1477	2.56	0.72	n
51420969	2330	1473	3.06	1.04	n
51430969	2323	1472	3.65	1.12	n
51440969	2320	1470	3.90	1.28	n
51450969	2318	1467	4.07	1.52	n
51460969	2313	1461	4.48	2.00	n
51470968	2303	1456	5.32	2.40	n
51480969	2294	1455	6.07	2.48	Location:lat:35.504269lon:139.465225;;Time:05:43:45:00;;
51490968	2293	1453	6.16	2.64	n
51500968	2288	1450	6.57	2.88	n
51510969	2285	1445	6.82	3.29	n
51520968	2277	1441	7.49	3.61	n
51530968	2273	1439	7.83	3.77	n
51540967	2267	1435	8.33	4.09	n
51550967	2261	1426	8.83	4.81	n
51560967	2257	1425	9.17	4.89	n
51570967	2256	1424	9.25	4.97	n
51580967	2251	1421	9.67	5.21	n
51590967	2245	1419	10.17	5.37	n
51600967	2239	1411	10.67	6.02	n
51610966	2234	1407	11.09	6.34	n
51620966	2227	1406	11.67	6.42	n
51630966	2225	1402	11.84	6.74	n
51640975	2223	1401	12.01	6.82	n
51650975	2216	1395	12.59	7.30	n
51660975	2212	1393	12.93	7.46	n
51670975	2210	1392	13.09	7.54	n
51680975	2203	1390	13.68	7.70	n
51690975	2201	1386	13.85	8.03	n
51700975	2198	1385	14.10	8.11	n
51710975	2193	1379	14.52	8.59	n
51720975	2192	1378	14.60	8.67	n
51730975	2189	1376	14.85	8.83	n
51740975	2187	1374	15.02	8.99	n
51750976	2181	1369	15.52	9.39	n
51760976	2178	1367	15.77	9.55	n
51770976	2175	1365	16.02	9.71	n
51780976	2169	1362	16.52	9.95	n
51790979	2163	1362	17.02	9.95	n
51800979	2161	1360	17.19	10.11	n
51810979	2162	1357	17.11	10.35	n
51820979	2160	1357	17.27	10.35	n
51830979	2156	1354	17.61	10.60	n
51840978	2155	1354	17.69	10.60	Location:lat:35.504269lon:139.465225;;Date:2024/12/8;;Time:05:43:45:00;;
51850978	2155	1351	17.69	10.84	n
51860978	2151	1350	18.03	10.92	n
51870978	2149	1349	18.19	11.00	n
51880978	2150	1349	18.11	11.00	n
51890977	2147	1348	18.36	11.08	n
51900977	2147	1345	18.36	11.32	n
51910977	2145	1344	18.53	11.40	n
51920977	2145	1344	18.53	11.40	n
51930977	2145	1341	18.53	11.64	n
51940977	2141	1341	18.86	11.64	n
51950977	2143	1342	18.69	11.56	n
51960977	2143	1339	18.69	11.80	n
51970977	2143	1342	18.69	11.56	n
51980977	2143	1340	18.69	11.72	n
51990977	2142	1339	18.78	11.80	n
52000977	2141	1337	18.86	11.96	n
52010977	2144	1341	18.61	11.64	n
52020977	2142	1339	18.78	11.80	n
52030977	2142	1338	18.78	11.88	n
52040977	2146	1339	18.44	11.80	n
52050977	2148	1339	18.28	11.80	n
52060977	2146	1340	18.44	11.72	n
52070977	2148	1340	18.28	11.72	n
52080977	2148	1339	18.28	11.80	n
52090977	2150	1339	18.11	11.80	n
52100977	2150	1339	18.11	11.80	n
52110977	2154	1341	17.78	11.64	n
52120977	2155	1341	17.69	11.64	n
52130977	2159	1341	17.36	11.64	n
52140977	2159	1343	17.36	11.48	n
52150977	2159	1344	17.36	11.40	n
52160977	2160	1344	17.27	11.40	n
52170977	2163	1346	17.02	11.24	n
52180977	2165	1346	16.86	11.24	n
52190977	2169	1347	16.52	11.16	n
52200977	2173	1347	16.19	11.16	n
52210977	2176	1347	15.94	11.16	n
52220977	2181	1351	15.52	10.84	n
52230977	2182	1351	15.43	10.84	n
52240977	2187	1353	15.02	10.68	n
52250977	2192	1355	14.60	10.52	n
52260977	2192	1355	14.60	10.52	n
52270977	2194	1357	14.43	10.35	n
52280977	2195	1360	14.35	10.11	n
52290977	2198	1360	14.10	10.11	n
52300976	2204	1360	13.60	10.11	n
52310975	2209	1361	13.18	10.03	n
52320976	2213	1363	12.84	9.87	n
52330976	2213	1363	12.84	9.87	n
52340976	2220	1369	12.26	9.39	n
52350976	2225	1371	11.84	9.23	n
52360976	2226	1371	11.76	9.23	Location:lat:35.504275lon:139.465224;;Date:2024/12/8;;Time:05:43:46:00;;
52370976	2232	1375	11.25	8.91	n
52380976	2237	1378	10.84	8.67	n
52390977	2241	1382	10.50	8.35	n
52400977	2249	1383	9.83	8.27	n
52410976	2254	1389	9.42	7.78	n
52420976	2256	1389	9.25	7.78	n
52430975	2258	1392	9.08	7.54	n
52440975	2259	1393	9.00	7.46	n
52450975	2266	1395	8.41	7.30	n
52460975	2273	1398	7.83	7.06	n
52470975	2279	1402	7.33	6.74	Location:lat:35.504275lon:139.465224;;Time:05:43:46:00;;
52480975	2282	1401	7.08	6.82	n
52490975	2288	1404	6.57	6.58	n
52500974	2290	1408	6.41	6.26	n
52510975	2294	1408	6.07	6.26	n
52520975	2302	1411	5.40	6.02	n
52530975	2309	1414	4.82	5.78	n
52540975	2314	1421	4.40	5.21	n
52550975	2317	1424	4.15	4.97	n
52560975	2320	1425	3.90	4.89	n
52570975	2325	1427	3.48	4.73	n
52580975	2329	1431	3.15	4.41	n
52590975	2337	1435	2.48	4.09	n
52600975	2343	1440	1.98	3.69	n
52610975	2350	1441	1.39	3.61	n
52620979	2353	1445	1.14	3.29	n
52630979	2357	1446	0.81	3.21	n
52640979	2367	1451	-0.03	2.80	n
52650979	2369	1452	-0.20	2.72	n
52660979	2374	1455	-0.62	2.48	n
52670980	2382	1457	-1.28	2.32	n
52680980	2385	1463	-1.53	1.84	n
52690980	2389	1465	-1.87	1.68	n
52700980	2392	1469	-2.12	1.36	n
52710980	2400	1471	-2.79	1.20	n
52720980	2406	1472	-3.29	1.12	n
52730980	2411	1475	-3.71	0.88	n
52740979	2412	1477	-3.79	0.72	n
52750979	2418	1482	-4.29	0.31	n
52760978	2427	1485	-5.05	0.07	n
52770978	2429	1488	-5.21	-0.17	n
52780978	2434	1489	-5.63	-0.25	n
52790978	2438	1489	-5.97	-0.25	n
52800978	2447	1491	-6.72	-0.41	n
52810978	2449	1497	-6.88	-0.89	n
52820978	2455	1497	-7.39	-0.89	n
52830978	2461	1502	-7.89	-1.29	Location:lat:35.504275lon:139.465224;;Date:2024/12/8;;Time:05:43:46:00;;
52840977	2466	1506	-8.31	-1.61	n
52850976	2470	1510	-8.64	-1.94	n
52860976	2473	1513	-8.89	-2.18	n
52870976	2480	1518	-9.48	-2.58	n
52880976	2483	1520	-9.73	-2.74	n
52890976	2487	1520	-10.06	-2.74	n
52900976	2493	1521	-10.56	-2.82	n
52910976	2496	1523	-10.81	-2.98	n
52920976	2498	1532	-10.98	-3.70	n
52930976	2505	1535	-11.57	-3.94	n
52940976	2511	1535	-12.07	-3.94	n
52950976	2512	1535	-12.15	-3.94	n
52960976	2515	1535	-12.40	-3.94	n
52970976	2521	1535	-12.90	-3.94	n
52980976	2525	1535	-13.24	-3.94	n
52990976	2529	1535	-13.57	-3.94	n
53000976	2531	1553	-13.74	-5.39	n
53010976	2534	1555	-13.99	-5.55	n
53020976	2539	1558	-14.41	-5.79	n
53030976	2543	1558	-14.74	-5.79	n
53040976	2544	1563	-14.83	-6.19	n
53050976	2545	1566	-14.91	-6.43	n
53060976	2551	1567	-15.41	-6.51	n
53070976	2551	1569	-15.41	-6.68	n
53080976	2555	1571	-15.75	-6.84	n
53090976	2559	1571	-16.08	-6.84	n
53100976	2559	1574	-16.08	-7.08	n
53110975	2559	1575	-16.08	-7.16	n
53120975	2559	1578	-16.08	-7.40	n
53130976	2559	1581	-16.08	-7.64	n
53140976	2559	1582	-16.08	-7.72	n
53150976	2559	1583	-16.08	-7.80	n
53160976	2559	1583	-16.08	-7.80	n
53170976	2559	1584	-16.08	-7.88	n
53180976	2559	1584	-16.08	-7.88	n
53190976	2582	1585	-18.00	-7.96	n
53200976	2581	1587	-17.92	-8.12	n
53210976	2586	1590	-18.34	-8.36	n
53220976	2585	1591	-18.25	-8.44	n
53230976	2586	1592	-18.34	-8.52	n
53240976	2587	1593	-18.42	-8.60	n
53250976	2587	1595	-18.42	-8.76	n
53260976	2588	1594	-18.50	-8.68	n
53270976	2587	1595	-18.42	-8.76	n
53280976	2587	1595	-18.42	-8.76	n
53290976	2589	1597	-18.59	-8.92	n
53300976	2587	1594	-18.42	-8.68	n
53310976	2587	1593	-18.42	-8.60	n
53320976	2587	1595	-18.42	-8.76	n
53330976	2590	1596	-18.67	-8.84	n
53340976	2590	1596	-18.67	-8.84	n
53350976	2587	1597	-18.42	-8.92	n
53360976	2590	1600	-18.67	-9.17	Location:lat:35.504274lon:139.465227;;Date:2024/12/8;;Time:05:43:47:00;;
53370976	2591	1601	-18.75	-9.25	n
53380976	2592	1602	-18.84	-9.33	n
53390976	2593	1602	-18.92	-9.33	n
53400976	2603	1605	-19.76	-9.57	n
53410976	2605	1609	-19.92	-9.89	n
53420976	2607	1610	-20.09	-9.97	n
53430976	2608	1612	-20.18	-10.13	n
53440976	2613	1613	-20.59	-10.21	n
53450976	2619	1614	-21.10	-10.29	n
53460976	2623	1616	-21.43	-10.45	n
53470976	2626	1616	-21.68	-10.45	Location:lat:35.504274lon:139.465227;;Time:05:43:47:00;;
53480975	2627	1617	-21.76	-10.53	n
53490975	2631	1618	-22.10	-10.61	n
53500975	2637	1621	-22.60	-10.85	n
53510974	2640	1624	-22.85	-11.09	n
53520974	2640	1627	-22.85	-11.33	n
53530974	2642	1630	-23.02	-11.58	n
53540974	2645	1632	-23.27	-11.74	n
53550973	2646	1631	-23.35	-11.66	n
53560972	2647	1631	-23.44	-11.66	n
53570973	2647	1631	-23.44	-11.66	n
53580973	2649	1632	-23.60	-11.74	n
53590973	2647	1632	-23.44	-11.74	n
53600973	2643	1631	-23.10	-11.66	n
53610973	2643	1630	-23.10	-11.58	n
53620973	2640	1631	-22.85	-11.66	n
53630973	2640	1631	-22.85	-11.66	n
53640973	2637	1631	-22.60	-11.66	n
53650972	2630	1630	-22.01	-11.58	n
53660972	2629	1631	-21.93	-11.66	n
53670972	2624	1627	-21.51	-11.33	n
53680971	2615	1625	-20.76	-11.17	n
53690971	2608	1619	-20.18	-10.69	n
53700971	2604	1617	-19.84	-10.53	n
53710970	2593	1615	-18.92	-10.37	n
53720970	2583	1612	-18.09	-10.13	n
53730970	2559	1605	-16.08	-9.57	n
53740970	2559	1596	-16.08	-8.84	n
53750970	2551	1591	-15.41	-8.44	n
53760970	2539	1584	-14.41	-7.88	n
53770970	2531	1581	-13.74	-7.64	n
53780970	2518	1574	-12.65	-7.08	n
53790970	2509	1566	-11.90	-6.43	n
53800971	2496	1559	-10.81	-5.87	n
53810970	2485	1535	-9.89	-3.94	n
53820970	2478	1535	-9.31	-3.94	n
53830969	2463	1535	-8.05	-3.94	Location:lat:35.504274lon:139.465227;;Date:2024/12/8;;Time:05:43:47:00;;
53840969	2450	1533	-6.97	-3.78	n
53850969	2439	1523	-6.05	-2.98	n
53860969	2429	1521	-5.21	-2.82	n
53870969	2416	1515	-4.13	-2.34	n
53880969	2409	1508	-3.54	-1.78	n
53890969	2399	1499	-2.70	-1.05	n
53900969	2390	1498	-1.95	-0.97	n
53910969	2382	1493	-1.28	-0.57	n
53920969	2369	1488	-0.20	-0.17	n
53930968	2363	1487	0.30	-0.09	n
53940968	2352	1482	1.22	0.31	n
53950968	2346	1480	1.73	0.47	n
53960968	2335	1473	2.64	1.04	n
53970968	2323	1471	3.65	1.20	n
53980967	2317	1463	4.15	1.84	n
53990967	2310	1458	4.73	2.24	n
54000966	2299	1456	5.65	2.40	n
54010965	2290	1452	6.41	2.72	n
54020964	2282	1447	7.08	3.13	n
54030963	2274	1442	7.74	3.53	n
54040963	2263	1438	8.66	3.85	n
54050963	2257	1429	9.17	4.57	n
54060963	2251	1424	9.67	4.97	n
54070963	2241	1423	10.50	5.05	n
54080963	2231	1415	11.34	5.70	n
54090963	2224	1408	11.92	6.26	n
54100963	2214	1406	12.76	6.42	n
54110963	2209	1399	13.18	6.98	n
54120963	2198	1394	14.10	7.38	n
54130963	2193	1392	14.52	7.54	n
54140963	2189	1386	14.85	8.03	n
54150963	2181	1378	15.52	8.67	n
54160963	2171	1371	16.35	9.23	n
54170963	2164	1365	16.94	9.71	n
54180963	2160	1360	17.27	10.11	n
54190963	2153	1356	17.86	10.44	n
54200963	2146	1351	18.44	10.84	n
54210963	2141	1344	18.86	11.40	n
54220963	2134	1339	19.45	11.80	n
54230963	2128	1331	19.95	12.44	n
54240963	2125	1328	20.20	12.68	n
54250963	2117	1323	20.87	13.09	n
54260963	2111	1318	21.37	13.49	n
54270963	2106	1315	21.79	13.73	n
54280963	2101	1311	22.21	14.05	n
54290963	2097	1308	22.54	14.29	n
54300963	2094	1301	22.79	14.85	n
54310963	2091	1298	23.04	15.09	n
54320964	2087	1296	23.38	15.26	n
54330964	2080	1295	23.96	15.34	n
54340963	2076	1290	24.30	15.74	n
54350963	2070	1289	24.80	15.82	n
54360963	2074	1288	24.46	15.90	Location:lat:35.504278lon:139.465226;;Date:2024/12/8;;Time:05:43:48:00;;
54370963	2071	1289	24.71	15.82	n
54380962	2073	1287	24.55	15.98	n
54390962	2071	1288	24.71	15.90	n
54400962	2074	1290	24.46	15.74	n
54410962	2074	1287	24.46	15.98	n
54420961	2075	1290	24.38	15.74	n
54430961	2077	1291	24.21	15.66	n
54440961	2077	1291	24.21	15.66	n
54450960	2075	1292	24.38	15.58	n
54460967	2075	1293	24.38	15.50	n
54470968	2071	1291	24.71	15.66	Location:lat:35.504278lon:139.465226;;Time:05:43:48:00;;
54480968	2071	1290	24.71	15.74	n
54490968	2073	1291	24.55	15.66	n
54500968	2069	1289	24.88	15.82	n
54510968	2070	1290	24.80	15.74	n
54520968	2074	1290	24.46	15.74	n
54530968	2070	1290	24.80	15.74	n
54540968	2075	1291	24.38	15.66	n
54550968	2074	1291	24.46	15.66	n
54560967	2075	1289	24.38	15.82	n
54570968	2075	1291	24.38	15.66	n
54580968	2077	1291	24.21	15.66	n
54590967	2077	1291	24.21	15.66	n
54600967	2074	1292	24.46	15.58	n
54610967	2075	1290	24.38	15.74	n
54620967	2071	1290	24.71	15.74	n
54630967	2071	1287	24.71	15.98	n
54640967	2073	1289	24.55	15.82	n
54650966	2071	1290	24.71	15.74	n
54660967	2071	1289	24.71	15.82	n
54670967	2071	1289	24.71	15.82	n
54680966	2071	1289	24.71	15.82	n
54690966	2071	1289	24.71	15.82	n
54700965	2071	1287	24.71	15.98	n
54710965	2073	1289	24.55	15.82	n
54720965	2071	1287	24.71	15.98	n
54730965	2071	1287	24.71	15.98	n
54740965	2071	1290	24.71	15.74	n
54750964	2073	1287	24.55	15.98	n
54760964	2073	1289	24.55	15.82	n
54770963	2071	1289	24.71	15.82	n
54780963	2070	1287	24.80	15.98	n
54790972	2070	1288	24.80	15.90	n
54800971	2071	1290	24.71	15.74	n
54810971	2071	1286	24.71	16.06	n
54820970	2070	1287	24.80	15.98	n
54830970	2071	1287	24.71	15.98	Location:lat:35.504278lon:139.465226;;Date:2024/12/8;;Time:05:43:48:00;;
54840969	2071	1286	24.71	16.06	n
54850969	2070	1287	24.80	15.98	n
54860969	2071	1285	24.71	16.14	n
54870969	2069	1285	24.88	16.14	n
54880969	2071	1284	24.71	16.22	n
54890969	2073	1287	24.55	15.98	n
54900969	2073	1289	24.55	15.82	n
54910969	2074	1287	24.46	15.98	n
54920969	2073	1286	24.55	16.06	n
54930969	2073	1282	24.55	16.38	n
54940969	2071	1280	24.71	16.54	n
54950969	2073	1280	24.55	16.54	n
54960969	2073	1279	24.55	16.62	n
54970969	2074	1277	24.46	16.78	n
54980969	2074	1275	24.46	16.94	n
54990969	2073	1275	24.55	16.94	n
55000969	2074	1275	24.46	16.94	n
55010969	2075	1275	24.38	16.94	n
55020969	2078	1275	24.13	16.94	n
55030969	2077	1273	24.21	17.10	n
55040968	2079	1271	24.04	17.26	n
55050968	2077	1271	24.21	17.26	n
55060968	2079	1271	24.04	17.26	n
55070968	2080	1269	23.96	17.42	n
55080968	2080	1270	23.96	17.34	n
55090968	2084	1267	23.63	17.58	n
55100968	2085	1267	23.54	17.58	n
55110968	2087	1265	23.38	17.75	n
55120968	2084	1264	23.63	17.83	n
55130968	2086	1264	23.46	17.83	n
55140968	2087	1262	23.38	17.99	n
55150968	2086	1262	23.46	17.99	n
55160968	2086	1261	23.46	18.07	n
55170968	2090	1260	23.13	18.15	n
55180968	2091	1259	23.04	18.23	n
55190968	2090	1258	23.13	18.31	n
55200968	2089	1259	23.21	18.23	n
55210968	2090	1257	23.13	18.39	n
55220968	2091	1255	23.04	18.55	n
55230968	2090	1254	23.13	18.63	n
55240968	2091	1255	23.04	18.55	n
55250968	2091	1255	23.04	18.55	n
55260968	2090	1255	23.13	18.55	n
55270968	2090	1254	23.13	18.63	n
55280968	2090	1258	23.13	18.31	n
55290968	2089	1256	23.21	18.47	n
55300968	2091	1254	23.04	18.63	n
55310968	2091	1255	23.04	18.55	n
55320968	2091	1254	23.04	18.63	n
55330968	2090	1257	23.13	18.39	n
55340968	2091	1256	23.04	18.47	n
55350967	2090	1255	23.13	18.55	n
55360967	2092	1255	22.96	18.55	Location:lat:35.504281lon:139.465223;;Date:2024/12/8;;Time:05:43:49:00;;
55370966	2092	1254	22.96	18.63	n
55380966	2091	1257	23.04	18.39	n
55390966	2090	1257	23.13	18.39	n
55400967	2090	1255	23.13	18.55	n
55410966	2090	1254	23.13	18.63	n
55420966	2092	1257	22.96	18.39	n
55430965	2093	1255	22.87	18.55	n
55440965	2093	1255	22.87	18.55	n
55450965	2092	1255	22.96	18.55	n
55460965	2091	1255	23.04	18.55	n
55470964	2090	1255	23.13	18.55	Location:lat:35.504281lon:139.465223;;Time:05:43:49:00;;
55480964	2091	1255	23.04	18.55	n
55490964	2093	1258	22.87	18.31	n
55500964	2090	1257	23.13	18.39	n
55510964	2090	1254	23.13	18.63	n
55520964	2092	1254	22.96	18.63	n
55530964	2090	1255	23.13	18.55	n
55540964	2090	1258	23.13	18.31	n
55550964	2092	1253	22.96	18.71	n
55560964	2091	1254	23.04	18.63	n
55570964	2090	1255	23.13	18.55	n
55580964	2091	1254	23.04	18.63	n
55590964	2091	1254	23.04	18.63	n
55600964	2090	1253	23.13	18.71	n
55610964	2092	1253	22.96	18.71	n
55620965	2091	1254	23.04	18.63	n
55630965	2092	1253	22.96	18.71	n
55640965	2093	1253	22.87	18.71	n
55650965	2094	1253	22.79	18.71	n
55660965	2091	1253	23.04	18.71	n
55670964	2091	1254	23.04	18.63	n
55680964	2093	1255	22.87	18.55	n
55690965	2091	1253	23.04	18.71	n
55700965	2091	1253	23.04	18.71	n
55710974	2091	1253	23.04	18.71	n
55720974	2092	1254	22.96	18.63	n
55730973	2091	1254	23.04	18.63	n
55740972	2092	1253	22.96	18.71	n
55750972	2089	1255	23.21	18.55	n
55760976	2090	1252	23.13	18.79	n
55770976	2088	1254	23.29	18.63	n
55780976	2091	1254	23.04	18.63	n
55790976	2090	1254	23.13	18.63	n
55800975	2092	1254	22.96	18.63	n
55810975	2090	1255	23.13	18.55	n
55820974	2091	1255	23.04	18.55	n
55830974	2091	1255	23.04	18.55	Location:lat:35.504281lon:139.465223;;Date:2024/12/8;;Time:05:43:49:00;;
55840973	2090	1255	23.13	18.55	n
55850972	2090	1255	23.13	18.55	n
55860973	2090	1255	23.13	18.55	n
55870973	2090	1255	23.13	18.55	n
55880973	2090	1255	23.13	18.55	n
55890973	2093	1257	22.87	18.39	n
55900973	2091	1258	23.04	18.31	n
55910972	2090	1255	23.13	18.55	n
55920973	2092	1254	22.96	18.63	n
55930973	2091	1255	23.04	18.55	n
55940973	2090	1255	23.13	18.55	n
55950973	2093	1255	22.87	18.55	n
55960973	2092	1255	22.96	18.55	n
55970973	2091	1254	23.04	18.63	n
55980973	2089	1255	23.21	18.55	n
55990973	2090	1255	23.13	18.55	n
56000973	2091	1255	23.04	18.55	n
56010973	2091	1254	23.04	18.63	n
56020973	2089	1254	23.21	18.63	n
56030973	2090	1254	23.13	18.63	n
56040973	2091	1253	23.04	18.71	n
56050973	2090	1251	23.13	18.87	n
56060973	2091	1251	23.04	18.87	n
56070973	2093	1252	22.87	18.79	n
56080973	2093	1250	22.87	18.95	n
56090973	2093	1249	22.87	19.03	n
56100972	2094	1249	22.79	19.03	n
56110973	2093	1247	22.87	19.19	n
56120973	2094	1246	22.79	19.27	n
56130973	2095	1245	22.71	19.35	n
56140973	2094	1245	22.79	19.35	n
56150973	2095	1243	22.71	19.51	n
56160973	2095	1246	22.71	19.27	n
56170973	2095	1245	22.71	19.35	n
56180973	2096	1243	22.62	19.51	n
56190973	2095	1244	22.71	19.43	n
56200973	2096	1243	22.62	19.51	n
56210973	2096	1243	22.62	19.51	n
56220973	2096	1244	22.62	19.43	n
56230973	2096	1242	22.62	19.59	n
56240973	2096	1241	22.62	19.67	n
56250973	2096	1239	22.62	19.83	n
56260973	2096	1239	22.62	19.83	n
56270973	2096	1238	22.62	19.91	n
56280973	2096	1237	22.62	19.99	n
56290973	2097	1238	22.54	19.91	n
56300973	2096	1237	22.62	19.99	n
56310972	2098	1235	22.46	20.16	n
56320971	2097	1234	22.54	20.24	n
56330971	2098	1234	22.46	20.24	n
56340971	2097	1233	22.54	20.32	n
56350971	2098	1233	22.46	20.32	n
56360971	2101	1233	22.21	20.32	Location:lat:35.504277lon:139.465223;;Date:2024/12/8;;Time:05:43:50:00;;
56370971	2102	1232	22.12	20.40	n
56380975	2101	1232	22.21	20.40	n
56390975	2099	1231	22.37	20.48	n
56400975	2101	1231	22.21	20.48	n
56410974	2101	1232	22.21	20.40	n
56420974	2099	1231	22.37	20.48	n
56430974	2100	1232	22.29	20.40	n
56440974	2103	1232	22.04	20.40	n
56450974	2101	1230	22.21	20.56	n
56460974	2101	1231	22.21	20.48	n
56470974	2101	1230	22.21	20.56	Location:lat:35.504277lon:139.465223;;Time:05:43:50:00;;
56480974	2102	1231	22.12	20.48	n
56490974	2103	1230	22.04	20.56	n
56500974	2103	1230	22.04	20.56	n
56510973	2103	1229	22.04	20.64	n
56520973	2103	1230	22.04	20.56	n
56530974	2106	1230	21.79	20.56	n
56540974	2106	1230	21.79	20.56	n
56550974	2106	1230	21.79	20.56	n
56560975	2106	1227	21.79	20.80	n
56570975	2106	1227	21.79	20.80	n
56580979	2107	1229	21.70	20.64	n
56590979	2110	1228	21.45	20.72	n
56600978	2108	1227	21.62	20.80	n
56610977	2107	1229	21.70	20.64	n
56620977	2105	1228	21.87	20.72	n
56630977	2106	1227	21.79	20.80	n
56640976	2109	1227	21.54	20.80	n
56650976	2109	1227	21.54	20.80	n
56660976	2107	1227	21.70	20.80	n
56670976	2107	1227	21.70	20.80	n
56680976	2109	1227	21.54	20.80	n
56690976	2108	1227	21.62	20.80	n
56700975	2109	1226	21.54	20.88	n
56710975	2107	1226	21.70	20.88	n
56720974	2107	1227	21.70	20.80	n
56730973	2109	1226	21.54	20.88	n
56740973	2110	1226	21.45	20.88	n
56750972	2109	1227	21.54	20.80	n
56760985	2108	1226	21.62	20.88	n
56770985	2109	1226	21.54	20.88	n
56780986	2110	1227	21.45	20.80	n
56790986	2112	1226	21.29	20.88	n
56800987	2110	1227	21.45	20.80	n
56810987	2111	1225	21.37	20.96	n
56820987	2109	1225	21.54	20.96	n
56830987	2110	1225	21.45	20.96	Location:lat:35.504277lon:139.465223;;Date:2024/12/8;;Time:05:43:50:00;;
56840986	2109	1225	21.54	20.96	n
56850985	2109	1222	21.54	21.20	n
56860985	2109	1222	21.54	21.20	n
56870985	2110	1223	21.45	21.12	n
56880985	2110	1219	21.45	21.44	n
56890985	2111	1221	21.37	21.28	n
56900985	2111	1222	21.37	21.20	n
56910985	2112	1221	21.29	21.28	n
56920985	2111	1221	21.37	21.28	n
56930985	2111	1220	21.37	21.36	n
56940985	2110	1222	21.45	21.20	n
56950985	2112	1219	21.29	21.44	n
56960985	2111	1219	21.37	21.44	n
56970985	2112	1219	21.29	21.44	n
56980985	2111	1219	21.37	21.44	n
56990985	2110	1219	21.45	21.44	n
57000985	2112	1219	21.29	21.44	n
57010985	2111	1221	21.37	21.28	n
57020985	2110	1219	21.45	21.44	n
57030985	2112	1219	21.29	21.44	n
57040985	2109	1219	21.54	21.44	n
57050985	2112	1218	21.29	21.52	n
57060985	2111	1219	21.37	21.44	n
57070985	2112	1219	21.29	21.44	n
57080985	2112	1221	21.29	21.28	n
57090985	2112	1219	21.29	21.44	n
57100985	2112	1218	21.29	21.52	n
57110985	2111	1219	21.37	21.44	n
57120985	2110	1217	21.45	21.60	n
57130985	2111	1219	21.37	21.44	n
57140985	2110	1218	21.45	21.52	n
57150985	2111	1219	21.37	21.44	n
57160985	2110	1220	21.45	21.36	n
57170985	2111	1219	21.37	21.44	n
57180985	2110	1219	21.45	21.44	n
57190985	2110	1219	21.45	21.44	n
57200985	2109	1218	21.54	21.52	n
57210985	2111	1219	21.37	21.44	n
57220985	2110	1220	21.45	21.36	n
57230985	2109	1219	21.54	21.44	n
57240985	2111	1219	21.37	21.44	n
57250985	2110	1221	21.45	21.28	n
57260985	2109	1221	21.54	21.28	n
57270985	2110	1219	21.45	21.44	n
57280985	2109	1219	21.54	21.44	n
57290985	2110	1221	21.45	21.28	n
57300985	2110	1223	21.45	21.12	n
57310985	2110	1221	21.45	21.28	n
57320984	2109	1222	21.54	21.20	n
57330984	2109	1221	21.54	21.28	n
57340984	2107	1222	21.70	21.20	n
57350984	2109	1221	21.54	21.28	n
57360984	2109	1223	21.54	21.12	Location:lat:35.504270lon:139.465221;;Date:2024/12/8;;Time:05:43:51:00;;
57370984	2108	1223	21.62	21.12	n
57380984	2110	1222	21.45	21.20	n
57390984	2109	1222	21.54	21.20	n
57400983	2107	1220	21.70	21.36	n
57410983	2110	1221	21.45	21.28	n
57420984	2109	1222	21.54	21.20	n
57430984	2109	1223	21.54	21.12	n
57440984	2109	1221	21.54	21.28	n
57450983	2110	1221	21.45	21.28	n
57460983	2109	1223	21.54	21.12	n
57470984	2111	1222	21.37	21.20	Location:lat:35.504270lon:139.465221;;Time:05:43:51:00;;
57480984	2108	1223	21.62	21.12	n
57490984	2108	1222	21.62	21.20	n
57500984	2109	1222	21.54	21.20	n
57510984	2110	1223	21.45	21.12	n
57520984	2111	1225	21.37	20.96	n
57530983	2109	1225	21.54	20.96	n
57540983	2109	1222	21.54	21.20	n
57550983	2109	1221	21.54	21.28	n
57560983	2109	1223	21.54	21.12	n
57570992	2108	1223	21.62	21.12	n
57580993	2109	1222	21.54	21.20	n
57590993	2109	1223	21.54	21.12	n
57600993	2110	1223	21.45	21.12	n
57610993	2109	1225	21.54	20.96	n
57620993	2110	1221	21.45	21.28	n
57630993	2110	1223	21.45	21.12	n
57640993	2110	1223	21.45	21.12	n
57650993	2109	1221	21.54	21.28	n
57660993	2109	1221	21.54	21.28	n
57670992	2109	1226	21.54	20.88	n
57680991	2110	1223	21.45	21.12	n
57690991	2109	1223	21.54	21.12	n
57700991	2107	1223	21.70	21.12	n
57710991	2110	1223	21.45	21.12	n
57720991	2109	1223	21.54	21.12	n
57730991	2108	1223	21.62	21.12	n
57740991	2110	1223	21.45	21.12	n
57750990	2108	1223	21.62	21.12	n
57760990	2109	1226	21.54	20.88	n
57770990	2105	1226	21.87	20.88	n
57780989	2109	1226	21.54	20.88	n
57790988	2109	1225	21.54	20.96	n
57800988	2109	1227	21.54	20.80	n
57810988	2110	1229	21.45	20.64	n
57820987	2110	1230	21.45	20.56	n
57830986	2109	1231	21.54	20.48	Location:lat:35.504270lon:139.465221;;Date:2024/12/8;;Time:05:43:51:00;;
57840987	2109	1231	21.54	20.48	n
57850987	2111	1231	21.37	20.48	n
57860987	2112	1232	21.29	20.40	n
57870987	2112	1232	21.29	20.40	n
57880987	2114	1232	21.12	20.40	n
57890986	2115	1234	21.04	20.24	n
57900987	2118	1239	20.78	19.83	n
57910987	2121	1243	20.53	19.51	n
57920987	2124	1245	20.28	19.35	n
57930987	2127	1247	20.03	19.19	n
57940987	2128	1249	19.95	19.03	n
57950987	2128	1253	19.95	18.71	n
57960987	2128	1258	19.95	18.31	n
57970987	2128	1262	19.95	17.99	n
57980987	2133	1262	19.53	17.99	n
57990987	2135	1265	19.36	17.75	n
58000987	2142	1270	18.78	17.34	n
58010987	2142	1273	18.78	17.10	n
58020987	2148	1274	18.28	17.02	n
58030987	2150	1275	18.11	16.94	n
58040987	2154	1281	17.78	16.46	n
58050987	2157	1283	17.52	16.30	n
58060987	2160	1290	17.27	15.74	n
58070987	2161	1291	17.19	15.66	n
58080987	2164	1296	16.94	15.26	n
58090987	2173	1301	16.19	14.85	n
58100987	2177	1302	15.85	14.77	n
58110987	2180	1310	15.60	14.13	n
58120987	2187	1313	15.02	13.89	n
58130986	2192	1314	14.60	13.81	n
58140987	2194	1322	14.43	13.17	n
58150987	2199	1323	14.01	13.09	n
58160987	2201	1329	13.85	12.60	n
58170987	2209	1333	13.18	12.28	n
58180987	2214	1338	12.76	11.88	n
58190987	2215	1343	12.68	11.48	n
58200987	2224	1348	11.92	11.08	n
58210987	2224	1350	11.92	10.92	n
58220987	2230	1357	11.42	10.35	n
58230987	2237	1360	10.84	10.11	n
58240987	2243	1366	10.34	9.63	n
58250987	2250	1371	9.75	9.23	n
58260987	2256	1377	9.25	8.75	n
58270987	2261	1385	8.83	8.11	n
58280987	2262	1389	8.75	7.78	n
58290987	2269	1393	8.16	7.46	n
58300987	2274	1400	7.74	6.90	n
58310987	2283	1405	6.99	6.50	n
58320987	2287	1409	6.66	6.18	n
58330987	2290	1413	6.41	5.86	n
58340986	2295	1422	5.99	5.13	n
58350986	2302	1426	5.40	4.81	n
58360987	2309	1431	4.82	4.41	Location:lat:35.504283lon:139.465223;;Date:2024/12/8;;Time:05:43:52:00;;
58370987	2315	1441	4.32	3.61	n
58380987	2319	1445	3.98	3.29	n
58390987	2321	1449	3.82	2.96	n
58400987	2329	1453	3.15	2.64	n
58410987	2337	1459	2.48	2.16	n
58420986	2342	1467	2.06	1.52	n
58430986	2351	1471	1.31	1.20	n
58440986	2353	1473	1.14	1.04	n
58450985	2357	1479	0.81	0.55	n
58460986	2368	1486	-0.11	-0.01	n
58470985	2370	1488	-0.28	-0.17	Location:lat:35.504283lon:139.465223;;Time:05:43:52:00;;
58480986	2380	1493	-1.12	-0.57	n
58490986	2384	1497	-1.45	-0.89	n
58500987	2389	1505	-1.87	-1.53	n
58510988	2393	1512	-2.20	-2.10	n
58520988	2402	1520	-2.96	-2.74	n
58530988	2407	1521	-3.37	-2.82	n
58540988	2411	1526	-3.71	-3.22	n
58550988	2416	1535	-4.13	-3.94	n
58560987	2422	1535	-4.63	-3.94	n
58570986	2429	1535	-5.21	-3.94	n
58580986	2433	1535	-5.55	-3.94	n
58590988	2441	1557	-6.22	-5.71	n
58600988	2448	1563	-6.80	-6.19	n
58610987	2453	1570	-7.22	-6.76	n
58620987	2459	1574	-7.72	-7.08	n
58630986	2466	1579	-8.31	-7.48	n
58640986	2468	1584	-8.47	-7.88	n
58650985	2478	1587	-9.31	-8.12	n
58660984	2482	1595	-9.64	-8.76	n
58670984	2486	1596	-9.98	-8.84	n
58680984	2494	1602	-10.65	-9.33	n
58690983	2495	1608	-10.73	-9.81	n
58700983	2501	1612	-11.23	-10.13	n
58710983	2508	1614	-11.82	-10.29	n
58720982	2512	1616	-12.15	-10.45	n
58730982	2517	1619	-12.57	-10.69	n
58740981	2523	1625	-13.07	-11.17	n
58750981	2525	1630	-13.24	-11.58	n
58760980	2530	1631	-13.66	-11.66	n
58770979	2535	1634	-14.07	-11.90	n
58780978	2540	1636	-14.49	-12.06	n
58790978	2544	1642	-14.83	-12.54	n
58800977	2545	1646	-14.91	-12.86	n
58810976	2550	1648	-15.33	-13.02	n
58820976	2554	1650	-15.66	-13.18	n
58830976	2559	1657	-16.08	-13.74	Location:lat:35.504283lon:139.465223;;Date:2024/12/8;;Time:05:43:52:00;;
58840976	2559	1658	-16.08	-13.82	n
58850976	2559	1661	-16.08	-14.07	n
58860976	2559	1665	-16.08	-14.39	n
58870976	2559	1669	-16.08	-14.71	n
58880976	2559	1670	-16.08	-14.79	n
58890976	2585	1670	-18.25	-14.79	n
58900976	2586	1670	-18.34	-14.79	n
58910976	2591	1678	-18.75	-15.43	n
58920976	2593	1680	-18.92	-15.59	n
58930976	2599	1680	-19.42	-15.59	n
58940976	2601	1680	-19.59	-15.59	n
58950976	2607	1681	-20.09	-15.67	n
58960976	2606	1680	-20.01	-15.59	n
58970976	2607	1683	-20.09	-15.83	n
58980976	2608	1685	-20.18	-15.99	n
58990976	2609	1686	-20.26	-16.07	n
59000976	2611	1689	-20.43	-16.32	n
59010976	2613	1690	-20.59	-16.40	n
59020976	2613	1690	-20.59	-16.40	n
59030976	2615	1687	-20.76	-16.15	n
59040976	2617	1691	-20.93	-16.48	n
59050976	2615	1691	-20.76	-16.48	n
59060976	2619	1692	-21.10	-16.56	n
59070976	2619	1690	-21.10	-16.40	n
59080976	2619	1687	-21.10	-16.15	n
59090976	2619	1690	-21.10	-16.40	n
59100976	2623	1689	-21.43	-16.32	n
59110976	2619	1690	-21.10	-16.40	n
59120976	2622	1691	-21.35	-16.48	n
59130976	2622	1689	-21.35	-16.32	n
59140976	2621	1689	-21.26	-16.32	n
59150976	2619	1689	-21.10	-16.32	n
59160976	2619	1686	-21.10	-16.07	n
59170976	2617	1684	-20.93	-15.91	n
59180976	2616	1683	-20.84	-15.83	n
59190976	2615	1681	-20.76	-15.67	n
59200976	2614	1681	-20.68	-15.67	n
59210976	2611	1681	-20.43	-15.67	n
59220976	2613	1680	-20.59	-15.59	n
59230976	2608	1680	-20.18	-15.59	n
59240976	2609	1678	-20.26	-15.43	n
59250976	2607	1676	-20.09	-15.27	n
59260976	2608	1674	-20.18	-15.11	n
59270976	2607	1670	-20.09	-14.79	n
59280976	2606	1670	-20.01	-14.79	n
59290976	2603	1667	-19.76	-14.55	n
59300976	2602	1665	-19.67	-14.39	n
59310976	2595	1664	-19.09	-14.31	n
59320976	2593	1662	-18.92	-14.15	n
59330975	2589	1659	-18.59	-13.91	n
59340975	2586	1655	-18.34	-13.58	n
59350975	2583	1654	-18.09	-13.50	n
59360976	2581	1650	-17.92	-13.18	Location:lat:35.504287lon:139.465225;;Date:2024/12/8;;Time:05:43:53:00;;
59370975	2559	1647	-16.08	-12.94	n
59380975	2559	1646	-16.08	-12.86	n
59390975	2559	1638	-16.08	-12.22	n
59400975	2559	1637	-16.08	-12.14	n
59410976	2559	1633	-16.08	-11.82	n
59420976	2557	1631	-15.91	-11.66	n
59430976	2551	1629	-15.41	-11.50	n
59440976	2550	1627	-15.33	-11.33	n
59450976	2544	1623	-14.83	-11.01	n
59460976	2544	1619	-14.83	-10.69	n
59470976	2539	1617	-14.41	-10.53	Location:lat:35.504287lon:139.465225;;Time:05:43:53:00;;
59480975	2537	1614	-14.24	-10.29	n
59490975	2531	1613	-13.74	-10.21	n
59500975	2526	1607	-13.32	-9.73	n
59510975	2523	1604	-13.07	-9.49	n
59520975	2517	1600	-12.57	-9.17	n
59530975	2512	1597	-12.15	-8.92	n
59540975	2510	1593	-11.98	-8.60	n
59550975	2503	1587	-11.40	-8.12	n
59560976	2497	1584	-10.90	-7.88	n
59570976	2495	1582	-10.73	-7.72	n
59580976	2487	1575	-10.06	-7.16	n
59590975	2485	1572	-9.89	-6.92	n
59600984	2480	1567	-9.48	-6.51	n
59610984	2478	1563	-9.31	-6.19	n
59620984	2469	1559	-8.56	-5.87	n
59630984	2465	1557	-8.22	-5.71	n
59640984	2462	1535	-7.97	-3.94	n
59650984	2453	1535	-7.22	-3.94	n
59660983	2448	1535	-6.80	-3.94	n
59670983	2447	1535	-6.72	-3.94	n
59680983	2438	1529	-5.97	-3.46	n
59690984	2431	1522	-5.38	-2.90	n
59700984	2429	1520	-5.21	-2.74	n
59710984	2423	1517	-4.71	-2.50	n
59720984	2416	1511	-4.13	-2.02	n
59730983	2411	1507	-3.71	-1.69	n
59740983	2407	1501	-3.37	-1.21	n
59750983	2403	1494	-3.04	-0.65	n
59760984	2397	1491	-2.54	-0.41	n
59770984	2391	1488	-2.04	-0.17	n
59780984	2386	1486	-1.62	-0.01	n
59790984	2382	1481	-1.28	0.39	n
59800985	2375	1478	-0.70	0.63	n
59810985	2371	1474	-0.36	0.96	n
59820985	2368	1471	-0.11	1.20	n
59830985	2363	1466	0.30	1.60	Location:lat:35.504287lon:139.465225;;Date:2024/12/8;;Time:05:43:53:00;;
59840985	2355	1461	0.97	2.00	n
59850984	2352	1456	1.22	2.40	n
59860983	2349	1455	1.47	2.48	n
59870982	2342	1449	2.06	2.96	n
59880982	2336	1446	2.56	3.21	n
59890981	2330	1440	3.06	3.69	n
59900980	2322	1439	3.73	3.77	n
59910980	2320	1430	3.90	4.49	n
59920979	2318	1426	4.07	4.81	n
59930979	2314	1425	4.40	4.89	n
59940979	2306	1419	5.07	5.37	n
59950979	2303	1416	5.32	5.62	n
59960979	2297	1410	5.82	6.10	n
59970979	2289	1406	6.49	6.42	n
59980978	2288	1402	6.57	6.74	n
59990977	2283	1399	6.99	6.98	n
60000976	2278	1395	7.41	7.30	n
60010976	2275	1392	7.66	7.54	n
60020976	2269	1391	8.16	7.62	n
60030975	2266	1386	8.41	8.03	n
60040974	2261	1382	8.83	8.35	n
60050974	2257	1377	9.17	8.75	n
60060974	2255	1375	9.33	8.91	n
60070973	2251	1369	9.67	9.39	n
60080973	2247	1366	10.00	9.63	n
60090972	2240	1362	10.59	9.95	n
60100972	2235	1360	11.00	10.11	n
60110971	2234	1360	11.09	10.11	n
60120971	2227	1356	11.67	10.44	n
60130971	2224	1354	11.92	10.60	n
60140970	2224	1351	11.92	10.84	n
60150970	2218	1348	12.43	11.08	n
60160970	2214	1347	12.76	11.16	n
60170970	2213	1344	12.84	11.40	n
60180969	2209	1342	13.18	11.56	n
60190969	2205	1338	13.51	11.88	n
60200969	2203	1338	13.68	11.88	n
60210969	2198	1334	14.10	12.20	n
60220969	2198	1333	14.10	12.28	n
60230969	2195	1330	14.35	12.52	n
60240969	2192	1328	14.60	12.68	n
60250969	2192	1328	14.60	12.68	n
60260969	2190	1327	14.77	12.76	n
60270969	2189	1325	14.85	12.93	n
60280969	2187	1323	15.02	13.09	n
60290969	2182	1322	15.43	13.17	n
60300969	2180	1319	15.60	13.41	n
60310969	2178	1322	15.77	13.17	n
60320969	2177	1318	15.85	13.49	n
60330969	2176	1318	15.94	13.49	n
60340969	2175	1318	16.02	13.49	n
60350969	2173	1316	16.19	13.65	n
60360969	2170	1315	16.44	13.73	Location:lat:35.504293lon:139.465228;;Date:2024/12/8;;Time:05:43:54:00;;
60370968	2169	1316	16.52	13.65	n
60380968	2165	1314	16.86	13.81	n
60390968	2164	1314	16.94	13.81	n
60400968	2166	1314	16.77	13.81	n
60410968	2165	1318	16.86	13.49	n
60420968	2167	1315	16.69	13.73	n
60430967	2163	1316	17.02	13.65	n
60440967	2163	1314	17.02	13.81	n
60450967	2163	1314	17.02	13.81	n
60460967	2165	1314	16.86	13.81	n
60470966	2166	1314	16.77	13.81	Location:lat:35.504293lon:139.465228;;Time:05:43:54:00;;
60480966	2165	1315	16.86	13.73	n
60490966	2167	1315	16.69	13.73	n
60500965	2165	1317	16.86	13.57	n
60510964	2170	1315	16.44	13.73	n
60520965	2171	1318	16.35	13.49	n
60530965	2174	1317	16.10	13.57	n
60540965	2174	1319	16.10	13.41	n
60550964	2176	1322	15.94	13.17	n
60560964	2176	1322	15.94	13.17	n
60570964	2178	1323	15.77	13.09	n
60580964	2181	1326	15.52	12.85	n
60590965	2182	1326	15.43	12.85	n
60600965	2182	1328	15.43	12.68	n
60610964	2187	1328	15.02	12.68	n
60620963	2190	1329	14.77	12.60	n
60630963	2192	1333	14.60	12.28	n
60640962	2192	1334	14.60	12.20	n
60650962	2192	1334	14.60	12.20	n
60660962	2197	1335	14.18	12.12	n
60670962	2196	1339	14.26	11.80	n
60680962	2199	1341	14.01	11.64	n
60690962	2203	1344	13.68	11.40	n
60700962	2205	1346	13.51	11.24	n
60710962	2211	1349	13.01	11.00	n
60720962	2211	1350	13.01	10.92	n
60730962	2213	1351	12.84	10.84	n
60740963	2215	1354	12.68	10.60	n
60750963	2224	1357	11.92	10.35	n
60760963	2224	1358	11.92	10.27	n
60770963	2227	1360	11.67	10.11	n
60780963	2230	1364	11.42	9.79	n
60790963	2235	1365	11.00	9.71	n
60800964	2238	1368	10.75	9.47	n
60810964	2241	1372	10.50	9.15	n
60820964	2247	1375	10.00	8.91	n
60830964	2253	1379	9.50	8.59	Location:lat:35.504293lon:139.465228;;Date:2024/12/8;;Time:05:43:54:00;;
60840964	2255	1382	9.33	8.35	n
60850965	2256	1387	9.25	7.94	n
60860965	2261	1391	8.83	7.62	n
60870964	2262	1392	8.75	7.54	n
60880965	2268	1393	8.25	7.46	n
60890965	2273	1394	7.83	7.38	n
60900965	2278	1401	7.41	6.82	n
60910964	2282	1403	7.08	6.66	n
60920963	2286	1404	6.74	6.58	n
60930963	2289	1408	6.49	6.26	n
60940962	2290	1412	6.41	5.94	n
60950961	2294	1414	6.07	5.78	n
60960960	2301	1422	5.49	5.13	n
60970959	2308	1424	4.90	4.97	n
60980959	2313	1426	4.48	4.81	n
60990958	2314	1429	4.40	4.57	n
61000958	2320	1435	3.90	4.09	n
61010957	2321	1439	3.82	3.77	n
61020957	2325	1441	3.48	3.61	n
61030957	2331	1445	2.98	3.29	n
61040957	2336	1449	2.56	2.96	n
61050957	2342	1450	2.06	2.88	n
61060957	2348	1456	1.56	2.40	n
61070956	2352	1456	1.22	2.40	n
61080955	2354	1462	1.06	1.92	n
61090955	2361	1468	0.47	1.44	n
61100955	2363	1469	0.30	1.36	n
61110955	2367	1471	-0.03	1.20	n
61120954	2375	1474	-0.70	0.96	n
61130954	2378	1477	-0.95	0.72	n
61140954	2384	1480	-1.45	0.47	n
61150954	2386	1485	-1.62	0.07	n
61160954	2393	1488	-2.20	-0.17	n
61170954	2396	1488	-2.45	-0.17	n
61180954	2401	1491	-2.87	-0.41	n
61190954	2407	1494	-3.37	-0.65	n
61200954	2409	1500	-3.54	-1.13	n
61210954	2413	1503	-3.88	-1.37	n
61220954	2416	1508	-4.13	-1.78	n
61230954	2422	1511	-4.63	-2.02	n
61240954	2426	1517	-4.96	-2.50	n
61250954	2431	1520	-5.38	-2.74	n
61260954	2435	1520	-5.71	-2.74	n
61270954	2441	1524	-6.22	-3.06	n
61280953	2447	1527	-6.72	-3.30	n
61290953	2449	1534	-6.88	-3.86	n
61300954	2452	1535	-7.14	-3.94	n
61310955	2457	1535	-7.55	-3.94	n
61320955	2462	1535	-7.97	-3.94	n
61330955	2468	1535	-8.47	-3.94	n
61340961	2471	1535	-8.72	-3.94	n
61350962	2475	1553	-9.06	-5.39	n
61360962	2480	1557	-9.48	-5.71	Location:lat:35.504298lon:139.465230;;Date:2024/12/8;;Time:05:43:55:00;;
61370962	2483	1559	-9.73	-5.87	n
61380962	2485	1562	-9.89	-6.11	n
61390962	2490	1566	-10.31	-6.43	n
61400962	2494	1568	-10.65	-6.60	n
61410961	2495	1571	-10.73	-6.84	n
61420961	2498	1575	-10.98	-7.16	n
61430960	2502	1573	-11.31	-7.00	n
61440959	2507	1579	-11.73	-7.48	n
61450959	2510	1582	-11.98	-7.72	n
61460959	2513	1583	-12.23	-7.80	n
61470959	2515	1584	-12.40	-7.88	Location:lat:35.504298lon:139.465230;;Time:05:43:55:00;;
61480958	2517	1586	-12.57	-8.04	n
61490957	2525	1587	-13.24	-8.12	n
61500957	2524	1591	-13.15	-8.44	n
61510957	2528	1593	-13.49	-8.60	n
61520956	2528	1593	-13.49	-8.60	n
61530956	2532	1597	-13.82	-8.92	n
61540956	2535	1598	-14.07	-9.01	n
61550957	2538	1601	-14.32	-9.25	n
61560957	2541	1602	-14.58	-9.33	n
61570957	2544	1602	-14.83	-9.33	n
61580957	2543	1605	-14.74	-9.57	n
61590956	2544	1606	-14.83	-9.65	n
61600955	2545	1609	-14.91	-9.89	n
61610955	2549	1611	-15.24	-10.05	n
61620955	2547	1610	-15.08	-9.97	n
61630954	2551	1611	-15.41	-10.05	n
61640954	2551	1612	-15.41	-10.13	n
61650954	2555	1614	-15.75	-10.29	n
61660954	2553	1615	-15.58	-10.37	n
61670954	2554	1614	-15.66	-10.29	n
61680953	2558	1615	-16.00	-10.37	n
61690954	2557	1614	-15.91	-10.29	n
61700954	2558	1615	-16.00	-10.37	n
61710954	2559	1615	-16.08	-10.37	n
61720954	2559	1615	-16.08	-10.37	n
61730953	2558	1615	-16.00	-10.37	n
61740952	2559	1616	-16.08	-10.45	n
61750952	2559	1615	-16.08	-10.37	n
61760952	2559	1615	-16.08	-10.37	n
61770951	2559	1616	-16.08	-10.45	n
61780951	2559	1616	-16.08	-10.45	n
61790951	2558	1615	-16.00	-10.37	n
61800951	2558	1615	-16.00	-10.37	n
61810951	2559	1614	-16.08	-10.29	n
61820951	2557	1615	-15.91	-10.37	n
61830951	2557	1614	-15.91	-10.29	Location:lat:35.504298lon:139.465230;;Date:2024/12/8;;Time:05:43:55:00;;
61840951	2555	1615	-15.75	-10.37	n
61850950	2554	1614	-15.66	-10.29	n
61860950	2554	1613	-15.66	-10.21	n
61870950	2551	1613	-15.41	-10.21	n
61880950	2551	1614	-15.41	-10.29	n
61890950	2551	1611	-15.41	-10.05	n
61900950	2550	1610	-15.33	-9.97	n
61910950	2547	1609	-15.08	-9.89	n
61920950	2545	1606	-14.91	-9.65	n
61930950	2544	1606	-14.83	-9.65	n
61940950	2544	1604	-14.83	-9.49	n
61950950	2544	1605	-14.83	-9.57	n
61960950	2542	1602	-14.66	-9.33	n
61970950	2538	1600	-14.32	-9.17	n
61980950	2538	1600	-14.32	-9.17	n
61990950	2534	1597	-13.99	-8.92	n
62000950	2531	1597	-13.74	-8.92	n
62010950	2531	1597	-13.74	-8.92	n
62020950	2528	1595	-13.49	-8.76	n
62030950	2526	1593	-13.32	-8.60	n
62040950	2523	1589	-13.07	-8.28	n
62050951	2519	1587	-12.74	-8.12	n
62060951	2515	1586	-12.40	-8.04	n
62070951	2513	1584	-12.23	-7.88	n
62080951	2512	1582	-12.15	-7.72	n
62090951	2509	1581	-11.90	-7.64	n
62100951	2507	1581	-11.73	-7.64	n
62110951	2501	1577	-11.23	-7.32	n
62120951	2498	1575	-10.98	-7.16	n
62130951	2493	1571	-10.56	-6.84	n
62140951	2493	1571	-10.56	-6.84	n
62150951	2491	1571	-10.40	-6.84	n
62160951	2486	1568	-9.98	-6.60	n
62170951	2483	1566	-9.73	-6.43	n
62180951	2480	1563	-9.48	-6.19	n
62190951	2478	1560	-9.31	-5.95	n
62200951	2473	1557	-8.89	-5.71	n
62210951	2469	1554	-8.56	-5.47	n
62220951	2465	1535	-8.22	-3.94	n
62230951	2460	1535	-7.80	-3.94	n
62240951	2459	1535	-7.72	-3.94	n
62250951	2452	1535	-7.14	-3.94	n
62260951	2449	1535	-6.88	-3.94	n
62270951	2447	1535	-6.72	-3.94	n
62280951	2441	1535	-6.22	-3.94	n
62290951	2437	1535	-5.88	-3.94	n
62300951	2432	1527	-5.46	-3.30	n
62310950	2430	1526	-5.30	-3.22	n
62320950	2427	1524	-5.05	-3.06	n
62330950	2423	1521	-4.71	-2.82	n
62340950	2416	1520	-4.13	-2.74	n
62350950	2412	1519	-3.79	-2.66	n
62360951	2410	1517	-3.62	-2.50	Location:lat:35.504307lon:139.465230;;Date:2024/12/8;;Time:05:43:56:00;;
62370951	2407	1511	-3.37	-2.02	n
62380951	2403	1507	-3.04	-1.69	n
62390951	2401	1504	-2.87	-1.45	n
62400951	2394	1503	-2.29	-1.37	n
62410951	2389	1499	-1.87	-1.05	n
62420951	2387	1495	-1.70	-0.73	n
62430951	2384	1494	-1.45	-0.65	n
62440951	2382	1493	-1.28	-0.57	n
62450951	2377	1490	-0.87	-0.33	n
62460951	2371	1488	-0.36	-0.17	n
62470960	2367	1486	-0.03	-0.01	Location:lat:35.504307lon:139.465230;;Time:05:43:56:00;;
62480960	2364	1481	0.22	0.39	n
62490960	2357	1482	0.81	0.31	n
62500960	2354	1481	1.06	0.39	n
62510960	2352	1477	1.22	0.72	n
62520960	2350	1474	1.39	0.96	n
62530960	2347	1472	1.64	1.12	n
62540960	2339	1471	2.31	1.20	n
62550960	2335	1471	2.64	1.20	n
62560960	2333	1465	2.81	1.68	n
62570960	2325	1461	3.48	2.00	n
62580959	2321	1459	3.82	2.16	n
62590958	2320	1457	3.90	2.32	n
62600958	2320	1456	3.90	2.40	n
62610958	2316	1454	4.23	2.56	n
62620957	2314	1451	4.40	2.80	n
62630957	2313	1451	4.48	2.80	n
62640957	2303	1445	5.32	3.29	n
62650957	2301	1444	5.49	3.37	n
62660957	2295	1440	5.99	3.69	n
62670957	2294	1441	6.07	3.61	n
62680957	2289	1438	6.49	3.85	n
62690957	2288	1438	6.57	3.85	n
62700957	2286	1431	6.74	4.41	n
62710957	2283	1429	6.99	4.57	n
62720957	2282	1427	7.08	4.73	n
62730957	2277	1427	7.49	4.73	n
62740957	2276	1424	7.58	4.97	n
62750957	2271	1424	7.99	4.97	n
62760957	2267	1423	8.33	5.05	n
62770957	2266	1421	8.41	5.21	n
62780957	2261	1418	8.83	5.45	n
62790956	2263	1418	8.66	5.45	n
62800956	2258	1413	9.08	5.86	n
62810956	2256	1409	9.25	6.18	n
62820957	2255	1409	9.33	6.18	n
62830956	2253	1408	9.50	6.26	Location:lat:35.504307lon:139.465230;;Date:2024/12/8;;Time:05:43:56:00;;
62840956	2250	1406	9.75	6.42	n
62850956	2249	1404	9.83	6.58	n
62860955	2245	1403	10.17	6.66	n
62870955	2243	1402	10.34	6.74	n
62880955	2242	1405	10.42	6.50	n
62890954	2240	1399	10.59	6.98	n
62900954	2235	1399	11.00	6.98	n
62910954	2233	1397	11.17	7.14	n
62920954	2235	1397	11.00	7.14	n
62930954	2230	1398	11.42	7.06	n
62940954	2229	1395	11.51	7.30	n
62950954	2226	1393	11.76	7.46	n
62960954	2227	1393	11.67	7.46	n
62970954	2224	1393	11.92	7.46	n
62980954	2225	1393	11.84	7.46	n
62990954	2226	1392	11.76	7.54	n
63000954	2224	1392	11.92	7.54	n
63010953	2224	1393	11.92	7.46	n
63020954	2224	1392	11.92	7.54	n
63030954	2224	1392	11.92	7.54	n
63040954	2223	1392	12.01	7.54	n
63050953	2223	1391	12.01	7.62	n
63060952	2223	1392	12.01	7.54	n
63070952	2223	1392	12.01	7.54	n
63080952	2223	1391	12.01	7.62	n
63090952	2223	1391	12.01	7.62	n
63100952	2223	1391	12.01	7.62	n
63110952	2224	1392	11.92	7.54	n
63120952	2223	1392	12.01	7.54	n
63130952	2224	1392	11.92	7.54	n
63140952	2224	1392	11.92	7.54	n
63150952	2224	1392	11.92	7.54	n
63160952	2224	1392	11.92	7.54	n
63170952	2224	1392	11.92	7.54	n
63180952	2225	1392	11.84	7.54	n
63190952	2224	1394	11.92	7.38	n
63200952	2225	1392	11.84	7.54	n
63210952	2227	1393	11.67	7.46	n
63220951	2227	1392	11.67	7.54	n
63230951	2229	1394	11.51	7.38	n
63240951	2231	1394	11.34	7.38	n
63250951	2233	1393	11.17	7.46	n
63260951	2234	1395	11.09	7.30	n
63270950	2236	1395	10.92	7.30	n
63280949	2237	1397	10.84	7.14	n
63290949	2240	1397	10.59	7.14	n
63300949	2241	1401	10.50	6.82	n
63310950	2243	1399	10.34	6.98	n
63320951	2247	1402	10.00	6.74	n
63330951	2247	1401	10.00	6.82	n
63340951	2253	1403	9.50	6.66	n
63350951	2255	1405	9.33	6.50	n
63360951	2254	1402	9.42	6.74	Location:lat:35.504320lon:139.465228;;Date:2024/12/8;;Time:05:43:57:00;;
63370951	2256	1405	9.25	6.50	n
63380951	2257	1406	9.17	6.42	n
63390951	2262	1408	8.75	6.26	n
63400951	2263	1410	8.66	6.10	n
63410951	2263	1411	8.66	6.02	n
63420951	2266	1410	8.41	6.10	n
63430951	2270	1412	8.08	5.94	n
63440958	2271	1413	7.99	5.86	n
63450958	2273	1414	7.83	5.78	n
63460957	2278	1418	7.41	5.45	n
63470957	2279	1418	7.33	5.45	Location:lat:35.504320lon:139.465228;;Time:05:43:57:00;;
63480956	2285	1421	6.82	5.21	n
63490956	2285	1423	6.82	5.05	n
63500955	2288	1424	6.57	4.97	n
63510955	2289	1426	6.49	4.81	n
63520955	2293	1427	6.16	4.73	n
63530955	2293	1426	6.16	4.81	n
63540956	2299	1429	5.65	4.57	n
63550956	2302	1431	5.40	4.41	n
63560955	2307	1435	4.99	4.09	n
63570954	2311	1438	4.65	3.85	n
63580954	2315	1439	4.32	3.77	n
63590954	2315	1442	4.32	3.53	n
63600953	2319	1440	3.98	3.69	n
63610953	2321	1441	3.82	3.61	n
63620953	2322	1445	3.73	3.29	n
63630953	2326	1447	3.40	3.13	n
63640952	2330	1446	3.06	3.21	n
63650952	2336	1447	2.56	3.13	n
63660952	2338	1447	2.39	3.13	n
63670952	2342	1453	2.06	2.64	n
63680952	2348	1453	1.56	2.64	n
63690952	2351	1456	1.31	2.40	n
63700952	2353	1456	1.14	2.40	n
63710952	2355	1457	0.97	2.32	n
63720952	2358	1461	0.72	2.00	n
63730952	2366	1463	0.05	1.84	n
63740952	2369	1467	-0.20	1.52	n
63750952	2368	1470	-0.11	1.28	n
63760952	2372	1470	-0.45	1.28	n
63770952	2378	1470	-0.95	1.28	n
63780952	2381	1470	-1.20	1.28	n
63790951	2384	1472	-1.45	1.12	n
63800951	2385	1472	-1.53	1.12	n
63810951	2389	1474	-1.87	0.96	n
63820951	2391	1477	-2.04	0.72	n
63830951	2395	1481	-2.37	0.39	Location:lat:35.504320lon:139.465228;;Date:2024/12/8;;Time:05:43:57:00;;
63840951	2399	1479	-2.70	0.55	n
63850951	2402	1481	-2.96	0.39	n
63860951	2403	1483	-3.04	0.23	n
63870951	2410	1487	-3.62	-0.09	n
63880950	2412	1487	-3.79	-0.09	n
63890949	2416	1488	-4.13	-0.17	n
63900948	2416	1489	-4.13	-0.25	n
63910947	2423	1489	-4.71	-0.25	n
63920947	2423	1489	-4.71	-0.25	n
63930947	2426	1493	-4.96	-0.57	n
63940947	2431	1493	-5.38	-0.57	n
63950947	2433	1494	-5.55	-0.65	n
63960947	2435	1497	-5.71	-0.89	n
63970947	2439	1499	-6.05	-1.05	n
63980947	2447	1501	-6.72	-1.21	n
63990947	2447	1504	-6.72	-1.45	n
64000947	2448	1507	-6.80	-1.69	n
64010947	2451	1505	-7.05	-1.53	n
64020947	2455	1509	-7.39	-1.86	n
64030947	2457	1509	-7.55	-1.86	n
64040947	2462	1516	-7.97	-2.42	n
64050947	2463	1515	-8.05	-2.34	n
64060947	2465	1515	-8.22	-2.34	n
64070947	2467	1520	-8.39	-2.74	n
64080947	2473	1520	-8.89	-2.74	n
64090947	2474	1520	-8.97	-2.74	n
64100947	2480	1520	-9.48	-2.74	n
64110947	2480	1520	-9.48	-2.74	n
64120947	2480	1520	-9.48	-2.74	n
64130947	2481	1521	-9.56	-2.82	n
64140947	2482	1523	-9.64	-2.98	n
64150947	2483	1525	-9.73	-3.14	n
64160947	2487	1525	-10.06	-3.14	n
64170947	2491	1527	-10.40	-3.30	n
64180947	2492	1530	-10.48	-3.54	n
64190947	2492	1531	-10.48	-3.62	n
64200947	2495	1532	-10.73	-3.70	n
64210947	2495	1534	-10.73	-3.86	n
64220947	2496	1534	-10.81	-3.86	n
64230947	2498	1533	-10.98	-3.78	n
64240947	2499	1535	-11.06	-3.94	n
64250947	2501	1535	-11.23	-3.94	n
64260947	2503	1535	-11.40	-3.94	n
64270947	2504	1535	-11.48	-3.94	n
64280947	2503	1535	-11.40	-3.94	n
64290947	2507	1535	-11.73	-3.94	n
64300947	2507	1535	-11.73	-3.94	n
64310947	2508	1535	-11.82	-3.94	n
64320946	2509	1535	-11.90	-3.94	n
64330946	2509	1535	-11.90	-3.94	n
64340946	2511	1535	-12.07	-3.94	n
64350946	2510	1535	-11.98	-3.94	n
64360946	2512	1535	-12.15	-3.94	Location:lat:35.504289lon:139.465231;;Date:2024/12/8;;Time:05:43:58:00;;
64370946	2511	1535	-12.07	-3.94	n
64380946	2512	1535	-12.15	-3.94	n
64390946	2511	1535	-12.07	-3.94	n
64400945	2511	1535	-12.07	-3.94	n
64410945	2510	1535	-11.98	-3.94	n
64420945	2511	1535	-12.07	-3.94	n
64430948	2511	1535	-12.07	-3.94	n
64440949	2511	1535	-12.07	-3.94	n
64450949	2510	1535	-11.98	-3.94	n
64460949	2509	1535	-11.90	-3.94	n
64470949	2511	1535	-12.07	-3.94	Location:lat:35.504289lon:139.465231;;Time:05:43:58:00;;
64480948	2511	1535	-12.07	-3.94	n
64490948	2509	1535	-11.90	-3.94	n
64500948	2506	1535	-11.65	-3.94	n
64510948	2507	1535	-11.73	-3.94	n
64520947	2506	1535	-11.65	-3.94	n
64530946	2502	1535	-11.31	-3.94	n
64540945	2501	1535	-11.23	-3.94	n
64550944	2499	1535	-11.06	-3.94	n
64560944	2498	1535	-10.98	-3.94	n
64570944	2497	1535	-10.90	-3.94	n
64580947	2495	1535	-10.73	-3.94	n
64590946	2496	1535	-10.81	-3.94	n
64600946	2495	1535	-10.73	-3.94	n
64610949	2494	1535	-10.65	-3.94	n
64620949	2491	1535	-10.40	-3.94	n
64630948	2491	1535	-10.40	-3.94	n
64640948	2489	1535	-10.23	-3.94	n
64650948	2484	1534	-9.81	-3.86	n
64660948	2485	1533	-9.89	-3.78	n
64670948	2485	1534	-9.89	-3.86	n
64680948	2481	1534	-9.56	-3.86	n
64690947	2480	1533	-9.48	-3.78	n
64700947	2480	1531	-9.48	-3.62	n
64710947	2479	1531	-9.39	-3.62	n
64720946	2476	1527	-9.14	-3.30	n
64730946	2471	1530	-8.72	-3.54	n
64740945	2469	1526	-8.56	-3.22	n
64750944	2467	1525	-8.39	-3.14	n
64760943	2466	1523	-8.31	-2.98	n
64770943	2463	1523	-8.05	-2.98	n
64780942	2462	1523	-7.97	-2.98	n
64790943	2458	1521	-7.64	-2.82	n
64800943	2457	1520	-7.55	-2.74	n
64810946	2453	1520	-7.22	-2.74	n
64820946	2449	1520	-6.88	-2.74	n
64830946	2446	1520	-6.63	-2.74	n
64840946	2446	1519	-6.63	-2.66	Location:lat:35.504289lon:139.465231;;Date:2024/12/8;;Time:05:43:58:00;;
64850946	2442	1518	-6.30	-2.58	n
64860946	2438	1519	-5.97	-2.66	n
64870946	2435	1517	-5.71	-2.50	n
64880945	2432	1518	-5.46	-2.58	n
64890945	2429	1515	-5.21	-2.34	n
64900945	2427	1515	-5.05	-2.34	n
64910945	2426	1514	-4.96	-2.26	n
64920945	2425	1510	-4.88	-1.94	n
64930945	2421	1511	-4.54	-2.02	n
64940945	2416	1509	-4.13	-1.86	n
64950945	2415	1509	-4.04	-1.86	n
64960944	2407	1503	-3.37	-1.37	n
64970944	2407	1505	-3.37	-1.53	n
64980944	2406	1502	-3.29	-1.29	n
64990944	2403	1503	-3.04	-1.37	n
65000944	2401	1501	-2.87	-1.21	n
65010944	2399	1500	-2.70	-1.13	n
65020944	2394	1499	-2.29	-1.05	n
65030943	2389	1498	-1.87	-0.97	n
65040943	2389	1499	-1.87	-1.05	n
65050942	2386	1495	-1.62	-0.73	n
65060943	2384	1493	-1.45	-0.57	n
65070943	2382	1493	-1.28	-0.57	n
65080943	2378	1492	-0.95	-0.49	n
65090943	2374	1490	-0.62	-0.33	n
65100943	2370	1491	-0.28	-0.41	n
65110943	2366	1488	0.05	-0.17	n
65120943	2367	1488	-0.03	-0.17	n
65130943	2366	1489	0.05	-0.25	n
65140942	2359	1488	0.64	-0.17	n
65150942	2355	1488	0.97	-0.17	n
65160942	2354	1488	1.06	-0.17	n
65170943	2352	1488	1.22	-0.17	n
65180943	2351	1486	1.31	-0.01	n
65190943	2346	1481	1.73	0.39	n
65200943	2344	1482	1.89	0.31	n
65210943	2341	1481	2.14	0.39	n
65220943	2339	1479	2.31	0.55	n
65230943	2336	1479	2.56	0.55	n
65240943	2332	1479	2.90	0.55	n
65250943	2330	1479	3.06	0.55	n
65260943	2327	1478	3.31	0.63	n
65270943	2323	1477	3.65	0.72	n
65280943	2320	1475	3.90	0.88	n
65290943	2320	1477	3.90	0.72	n
65300943	2319	1475	3.98	0.88	n
65310942	2318	1472	4.07	1.12	n
65320942	2314	1472	4.40	1.12	n
65330942	2315	1472	4.32	1.12	n
65340942	2310	1471	4.73	1.20	n
65350942	2310	1471	4.73	1.20	n
65360942	2306	1472	5.07	1.12	Location:lat:35.504271lon:139.465229;;Date:2024/12/8;;Time:05:43:59:00;;
65370942	2303	1472	5.32	1.12	n
65380950	2301	1470	5.49	1.28	n
65390950	2302	1471	5.40	1.20	n
65400950	2297	1469	5.82	1.36	n
65410950	2293	1469	6.16	1.36	n
65420951	2293	1467	6.16	1.52	n
65430951	2291	1469	6.32	1.36	n
65440951	2291	1467	6.32	1.52	n
65450950	2288	1465	6.57	1.68	n
65460951	2288	1464	6.57	1.76	n
65470951	2286	1465	6.74	1.68	Location:lat:35.504271lon:139.465229;;Time:05:43:59:00;;
65480950	2285	1463	6.82	1.84	n
65490950	2282	1462	7.08	1.92	n
65500950	2283	1461	6.99	2.00	n
65510950	2282	1461	7.08	2.00	n
65520949	2278	1460	7.41	2.08	n
65530949	2277	1459	7.49	2.16	n
65540949	2274	1461	7.74	2.00	n
65550949	2275	1456	7.66	2.40	n
65560949	2274	1459	7.74	2.16	n
65570948	2275	1458	7.66	2.24	n
65580948	2272	1458	7.91	2.24	n
65590948	2273	1458	7.83	2.24	n
65600948	2270	1458	8.08	2.24	n
65610949	2270	1457	8.08	2.32	n
65620948	2269	1458	8.16	2.24	n
65630947	2268	1457	8.25	2.32	n
65640947	2266	1456	8.41	2.40	n
65650947	2267	1456	8.33	2.40	n
65660947	2266	1456	8.41	2.40	n
65670947	2266	1456	8.41	2.40	n
65680947	2265	1456	8.50	2.40	n
65690947	2267	1456	8.33	2.40	n
65700947	2265	1456	8.50	2.40	n
65710946	2266	1456	8.41	2.40	n
65720945	2266	1456	8.41	2.40	n
65730945	2265	1456	8.50	2.40	n
65740945	2267	1456	8.33	2.40	n
65750945	2267	1456	8.33	2.40	n
65760944	2267	1456	8.33	2.40	n
65770944	2267	1456	8.33	2.40	n
65780944	2267	1456	8.33	2.40	n
65790944	2267	1456	8.33	2.40	n
65800944	2268	1456	8.25	2.40	n
65810944	2269	1456	8.16	2.40	n
65820944	2267	1456	8.33	2.40	n
65830944	2273	1457	7.83	2.32	n
65840944	2272	1457	7.91	2.32	Location:lat:35.504271lon:139.465229;;Date:2024/12/8;;Time:05:43:59:00;;
65850943	2273	1456	7.83	2.40	n
65860943	2272	1456	7.91	2.40	n
65870943	2273	1456	7.83	2.40	n
65880943	2275	1457	7.66	2.32	n
65890942	2275	1457	7.66	2.32	n
65900943	2277	1456	7.49	2.40	n
65910943	2278	1458	7.41	2.24	n
65920942	2278	1458	7.41	2.24	n
65930941	2281	1458	7.16	2.24	n
65940941	2283	1459	6.99	2.16	n
65950940	2283	1459	6.99	2.16	n
65960940	2285	1459	6.82	2.16	n
65970940	2286	1459	6.74	2.16	n
65980940	2287	1459	6.66	2.16	n
65990940	2288	1461	6.57	2.00	n
66000940	2288	1461	6.57	2.00	n
66010939	2289	1459	6.49	2.16	n
66020938	2289	1463	6.49	1.84	n
66030938	2291	1461	6.32	2.00	n
66040938	2290	1462	6.41	1.92	n
66050938	2296	1462	5.91	1.92	n
66060937	2299	1462	5.65	1.92	n
66070937	2302	1465	5.40	1.68	n
66080937	2303	1465	5.32	1.68	n
66090936	2305	1465	5.15	1.68	n
66100936	2309	1466	4.82	1.60	n
66110936	2310	1467	4.73	1.52	n
66120936	2311	1468	4.65	1.44	n
66130936	2313	1467	4.48	1.52	n
66140936	2314	1469	4.40	1.36	n
66150935	2315	1469	4.32	1.36	n
66160935	2318	1467	4.07	1.52	n
66170934	2320	1468	3.90	1.44	n
66180933	2320	1471	3.90	1.20	n
66190933	2321	1470	3.82	1.28	n
66200932	2324	1470	3.56	1.28	n
66210932	2327	1469	3.31	1.36	n
66220931	2327	1469	3.31	1.36	n
66230932	2332	1469	2.90	1.36	n
66240932	2336	1470	2.56	1.28	n
66250932	2338	1470	2.39	1.28	n
66260932	2343	1469	1.98	1.36	n
66270931	2343	1469	1.98	1.36	n
66280930	2346	1471	1.73	1.20	n
66290930	2352	1471	1.22	1.20	n
66300929	2351	1470	1.31	1.28	n
66310929	2352	1471	1.22	1.20	n
66320929	2352	1471	1.22	1.20	n
66330928	2354	1470	1.06	1.28	n
66340928	2357	1471	0.81	1.20	n
66350937	2365	1471	0.14	1.20	n
66360937	2366	1471	0.05	1.20	Location:lat:35.504271lon:139.465228;;Date:2024/12/8;;Time:05:44:00:00;;
66370936	2367	1470	-0.03	1.28	n
66380935	2368	1471	-0.11	1.20	n
66390934	2370	1471	-0.28	1.20	n
66400934	2373	1471	-0.53	1.20	n
66410933	2375	1471	-0.70	1.20	n
66420933	2378	1472	-0.95	1.12	n
66430933	2382	1470	-1.28	1.28	n
66440933	2384	1471	-1.45	1.20	n
66450933	2386	1472	-1.62	1.12	n
66460932	2385	1470	-1.53	1.28	n
66470931	2389	1472	-1.87	1.12	Location:lat:35.504271lon:139.465228;;Time:05:44:00:00;;
66480931	2390	1473	-1.95	1.04	n
66490931	2389	1471	-1.87	1.20	n
66500930	2395	1472	-2.37	1.12	n
66510929	2397	1471	-2.54	1.20	n
66520929	2400	1471	-2.79	1.20	n
66530929	2402	1472	-2.96	1.12	n
66540929	2405	1471	-3.21	1.20	n
66550930	2406	1472	-3.29	1.12	n
66560930	2406	1473	-3.29	1.04	n
66570930	2411	1472	-3.71	1.12	n
66580931	2411	1472	-3.71	1.12	n
66590931	2415	1473	-4.04	1.04	n
66600931	2415	1472	-4.04	1.12	n
66610931	2416	1472	-4.13	1.12	n
66620931	2419	1473	-4.38	1.04	n
66630930	2423	1472	-4.71	1.12	n
66640929	2423	1472	-4.71	1.12	n
66650929	2427	1474	-5.05	0.96	n
66660929	2428	1473	-5.13	1.04	n
66670929	2429	1473	-5.21	1.04	n
66680929	2431	1473	-5.38	1.04	n
66690928	2431	1473	-5.38	1.04	n
66700928	2432	1473	-5.46	1.04	n
66710928	2435	1475	-5.71	0.88	n
66720927	2434	1473	-5.63	1.04	n
66730927	2439	1474	-6.05	0.96	n
66740927	2444	1474	-6.47	0.96	n
66750926	2445	1472	-6.55	1.12	n
66760926	2447	1473	-6.72	1.04	n
66770925	2448	1475	-6.80	0.88	n
66780926	2448	1475	-6.80	0.88	n
66790926	2448	1475	-6.80	0.88	n
66800925	2449	1475	-6.88	0.88	n
66810925	2450	1476	-6.97	0.80	n
66820925	2450	1476	-6.97	0.80	n
66830926	2451	1476	-7.05	0.80	Location:lat:35.504271lon:139.465228;;Date:2024/12/8;;Time:05:44:00:00;;
66840925	2455	1478	-7.39	0.63	n
66850925	2455	1475	-7.39	0.88	n
66860924	2455	1475	-7.39	0.88	n
66870924	2458	1473	-7.64	1.04	n
66880924	2458	1474	-7.64	0.96	n
66890924	2461	1476	-7.89	0.80	n
66900924	2459	1476	-7.72	0.80	n
66910924	2460	1474	-7.80	0.96	n
66920924	2461	1475	-7.89	0.88	n
66930924	2463	1475	-8.05	0.88	n
66940924	2462	1475	-7.97	0.88	n
66950924	2463	1475	-8.05	0.88	n
66960924	2465	1474	-8.22	0.96	n
66970924	2461	1475	-7.89	0.88	n
66980924	2463	1475	-8.05	0.88	n
66990924	2465	1475	-8.22	0.88	n
67000924	2464	1474	-8.14	0.96	n
67010924	2465	1474	-8.22	0.96	n
67020924	2464	1475	-8.14	0.88	n
67030924	2464	1474	-8.14	0.96	n
67040924	2463	1475	-8.05	0.88	n
67050924	2463	1473	-8.05	1.04	n
67060924	2463	1473	-8.05	1.04	n
67070924	2463	1473	-8.05	1.04	n
67080924	2463	1473	-8.05	1.04	n
67090924	2463	1473	-8.05	1.04	n
67100924	2462	1475	-7.97	0.88	n
67110924	2461	1473	-7.89	1.04	n
67120924	2462	1474	-7.97	0.96	n
67130924	2461	1475	-7.89	0.88	n
67140924	2459	1474	-7.72	0.96	n
67150924	2461	1475	-7.89	0.88	n
67160924	2458	1475	-7.64	0.88	n
67170924	2459	1474	-7.72	0.96	n
67180924	2457	1473	-7.55	1.04	n
67190924	2455	1475	-7.39	0.88	n
67200924	2454	1474	-7.30	0.96	n
67210924	2457	1475	-7.55	0.88	n
67220924	2453	1475	-7.22	0.88	n
67230924	2450	1473	-6.97	1.04	n
67240924	2451	1474	-7.05	0.96	n
67250924	2449	1475	-6.88	0.88	n
67260924	2450	1475	-6.97	0.88	n
67270924	2448	1475	-6.80	0.88	n
67280924	2448	1474	-6.80	0.96	n
67290924	2448	1474	-6.80	0.96	n
67300923	2448	1473	-6.80	1.04	n
67310922	2445	1475	-6.55	0.88	n
67320922	2445	1476	-6.55	0.80	n
67330921	2445	1474	-6.55	0.96	n
67340920	2443	1474	-6.38	0.96	n
67350920	2435	1473	-5.71	1.04	n
67360920	2434	1474	-5.63	0.96	Location:lat:35.504272lon:139.465226;;Date:2024/12/8;;Time:05:44:01:00;;
67370920	2435	1475	-5.71	0.88	n
67380920	2433	1473	-5.55	1.04	n
67390920	2431	1474	-5.38	0.96	n
67400920	2432	1475	-5.46	0.88	n
67410920	2429	1475	-5.21	0.88	n
67420921	2429	1475	-5.21	0.88	n
67430921	2427	1475	-5.05	0.88	n
67440920	2425	1475	-4.88	0.88	n
67450921	2426	1475	-4.96	0.88	n
67460921	2426	1477	-4.96	0.72	n
67470921	2421	1475	-4.54	0.88	Location:lat:35.504272lon:139.465226;;Time:05:44:01:00;;
67480920	2419	1476	-4.38	0.80	n
67490920	2416	1475	-4.13	0.88	n
67500920	2415	1476	-4.04	0.80	n
67510929	2413	1475	-3.88	0.88	n
67520929	2412	1475	-3.79	0.88	n
67530929	2411	1476	-3.71	0.80	n
67540928	2406	1473	-3.29	1.04	n
67550927	2410	1475	-3.62	0.88	n
67560928	2405	1474	-3.21	0.96	n
67570928	2403	1475	-3.04	0.88	n
67580928	2403	1474	-3.04	0.96	n
67590928	2401	1475	-2.87	0.88	n
67600927	2399	1475	-2.70	0.88	n
67610927	2399	1475	-2.70	0.88	n
67620927	2395	1477	-2.37	0.72	n
67630927	2391	1474	-2.04	0.96	n
67640927	2390	1474	-1.95	0.96	n
67650927	2388	1475	-1.79	0.88	n
67660927	2387	1475	-1.70	0.88	n
67670927	2386	1473	-1.62	1.04	n
67680926	2384	1474	-1.45	0.96	n
67690926	2384	1475	-1.45	0.88	n
67700926	2383	1474	-1.37	0.96	n
67710926	2379	1475	-1.03	0.88	n
67720926	2378	1475	-0.95	0.88	n
67730926	2374	1474	-0.62	0.96	n
67740925	2373	1473	-0.53	1.04	n
67750925	2370	1473	-0.28	1.04	n
67760925	2368	1473	-0.11	1.04	n
67770925	2366	1474	0.05	0.96	n
67780924	2366	1474	0.05	0.96	n
67790924	2368	1475	-0.11	0.88	n
67800923	2365	1476	0.14	0.80	n
67810923	2362	1475	0.39	0.88	n
67820924	2361	1475	0.47	0.88	n
67830924	2355	1475	0.97	0.88	Location:lat:35.504272lon:139.465226;;Date:2024/12/8;;Time:05:44:01:00;;
67840924	2353	1475	1.14	0.88	n
67850924	2353	1475	1.14	0.88	n
67860924	2352	1475	1.22	0.88	n
67870923	2352	1475	1.22	0.88	n
67880922	2352	1475	1.22	0.88	n
67890922	2349	1474	1.47	0.96	n
67900922	2350	1474	1.39	0.96	n
67910922	2345	1474	1.81	0.96	n
67920921	2343	1475	1.98	0.88	n
67930921	2343	1475	1.98	0.88	n
67940921	2339	1475	2.31	0.88	n
67950921	2337	1476	2.48	0.80	n
67960921	2338	1475	2.39	0.88	n
67970921	2335	1477	2.64	0.72	n
67980921	2335	1475	2.64	0.88	n
67990921	2331	1476	2.98	0.80	n
68000921	2331	1475	2.98	0.88	n
68010921	2330	1475	3.06	0.88	n
68020921	2325	1474	3.48	0.96	n
68030921	2326	1475	3.40	0.88	n
68040921	2325	1474	3.48	0.96	n
68050921	2323	1475	3.65	0.88	n
68060921	2321	1475	3.82	0.88	n
68070921	2321	1475	3.82	0.88	n
68080921	2320	1474	3.90	0.96	n
68090921	2320	1475	3.90	0.88	n
68100921	2320	1476	3.90	0.80	n
68110921	2319	1476	3.98	0.80	n
68120921	2318	1475	4.07	0.88	n
68130921	2317	1475	4.15	0.88	n
68140921	2318	1474	4.07	0.96	n
68150921	2317	1475	4.15	0.88	n
68160921	2315	1477	4.32	0.72	n
68170921	2315	1475	4.32	0.88	n
68180921	2314	1475	4.40	0.88	n
68190921	2313	1475	4.48	0.88	n
68200921	2315	1474	4.32	0.96	n
68210921	2313	1474	4.48	0.96	n
68220921	2314	1474	4.40	0.96	n
68230921	2311	1475	4.65	0.88	n
68240921	2313	1475	4.48	0.88	n
68250921	2311	1474	4.65	0.96	n
68260921	2311	1475	4.65	0.88	n
68270921	2313	1474	4.48	0.96	n
68280921	2313	1475	4.48	0.88	n
68290921	2314	1475	4.40	0.88	n
68300921	2310	1474	4.73	0.96	n
68310921	2313	1475	4.48	0.88	n
68320921	2311	1474	4.65	0.96	n
68330921	2312	1477	4.57	0.72	n
68340921	2310	1474	4.73	0.96	n
68350921	2311	1474	4.65	0.96	n
68360921	2314	1477	4.40	0.72	Location:lat:35.504278lon:139.465221;;Date:2024/12/8;;Time:05:44:02:00;;
68370921	2313	1474	4.48	0.96	n
68380920	2311	1474	4.65	0.96	n
68390919	2311	1474	4.65	0.96	n
68400919	2315	1476	4.32	0.80	n
68410918	2315	1474	4.32	0.96	n
68420918	2315	1475	4.32	0.88	n
68430918	2313	1474	4.48	0.96	n
68440918	2314	1474	4.40	0.96	n
68450918	2315	1475	4.32	0.88	n
68460918	2311	1474	4.65	0.96	n
68470918	2314	1475	4.40	0.88	Location:lat:35.504278lon:139.465221;;Time:05:44:02:00;;
68480918	2315	1473	4.32	1.04	n
68490918	2316	1475	4.23	0.88	n
68500918	2317	1475	4.15	0.88	n
68510918	2315	1473	4.32	1.04	n
68520918	2317	1474	4.15	0.96	n
68530917	2315	1473	4.32	1.04	n
68540917	2318	1475	4.07	0.88	n
68550917	2320	1476	3.90	0.80	n
68560926	2318	1475	4.07	0.88	n
68570926	2320	1475	3.90	0.88	n
68580926	2320	1473	3.90	1.04	n
68590926	2320	1475	3.90	0.88	n
68600925	2320	1474	3.90	0.96	n
68610924	2320	1475	3.90	0.88	n
68620924	2320	1474	3.90	0.96	n
68630923	2320	1475	3.90	0.88	n
68640923	2324	1474	3.56	0.96	n
68650924	2325	1475	3.48	0.88	n
68660925	2326	1475	3.40	0.88	n
68670925	2329	1473	3.15	1.04	n
68680925	2327	1475	3.31	0.88	n
68690925	2327	1473	3.31	1.04	n
68700924	2331	1475	2.98	0.88	n
68710924	2333	1475	2.81	0.88	n
68720923	2335	1475	2.64	0.88	n
68730923	2335	1473	2.64	1.04	n
68740924	2337	1474	2.48	0.96	n
68750923	2339	1475	2.31	0.88	n
68760923	2336	1474	2.56	0.96	n
68770924	2339	1473	2.31	1.04	n
68780924	2342	1475	2.06	0.88	n
68790923	2342	1475	2.06	0.88	n
68800923	2346	1473	1.73	1.04	n
68810922	2345	1474	1.81	0.96	n
68820922	2347	1475	1.64	0.88	n
68830922	2349	1475	1.47	0.88	Location:lat:35.504278lon:139.465221;;Date:2024/12/8;;Time:05:44:02:00;;
68840922	2350	1473	1.39	1.04	n
68850922	2351	1473	1.31	1.04	n
68860922	2352	1473	1.22	1.04	n
68870921	2352	1475	1.22	0.88	n
68880921	2353	1474	1.14	0.96	n
68890920	2354	1475	1.06	0.88	n
68900921	2356	1476	0.89	0.80	n
68910921	2355	1475	0.97	0.88	n
68920921	2358	1475	0.72	0.88	n
68930921	2361	1475	0.47	0.88	n
68940921	2364	1475	0.22	0.88	n
68950921	2364	1475	0.22	0.88	n
68960921	2365	1475	0.14	0.88	n
68970921	2367	1474	-0.03	0.96	n
68980921	2367	1475	-0.03	0.88	n
68990921	2368	1475	-0.11	0.88	n
69000921	2369	1475	-0.20	0.88	n
69010921	2371	1476	-0.36	0.80	n
69020921	2374	1475	-0.62	0.88	n
69030921	2373	1475	-0.53	0.88	n
69040921	2374	1474	-0.62	0.96	n
69050921	2377	1475	-0.87	0.88	n
69060921	2380	1477	-1.12	0.72	n
69070921	2380	1475	-1.12	0.88	n
69080921	2381	1475	-1.20	0.88	n
69090921	2383	1476	-1.37	0.80	n
69100921	2383	1474	-1.37	0.96	n
69110921	2384	1474	-1.45	0.96	n
69120921	2384	1474	-1.45	0.96	n
69130921	2384	1475	-1.45	0.88	n
69140921	2385	1474	-1.53	0.96	n
69150921	2387	1474	-1.70	0.96	n
69160921	2390	1475	-1.95	0.88	n
69170921	2389	1474	-1.87	0.96	n
69180921	2391	1476	-2.04	0.80	n
69190921	2391	1475	-2.04	0.88	n
69200921	2391	1475	-2.04	0.88	n
69210921	2391	1475	-2.04	0.88	n
69220921	2395	1475	-2.37	0.88	n
69230921	2397	1476	-2.54	0.80	n
69240921	2398	1475	-2.62	0.88	n
69250921	2399	1475	-2.70	0.88	n
69260921	2400	1476	-2.79	0.80	n
69270921	2399	1474	-2.70	0.96	n
69280921	2399	1475	-2.70	0.88	n
69290921	2400	1475	-2.79	0.88	n
69300921	2402	1473	-2.96	1.04	n
69310921	2404	1475	-3.12	0.88	n
69320921	2405	1475	-3.21	0.88	n
69330921	2405	1474	-3.21	0.96	n
69340920	2407	1475	-3.37	0.88	n
69350921	2409	1474	-3.54	0.96	n
69360921	2406	1475	-3.29	0.88	Location:lat:35.504283lon:139.465216;;Date:2024/12/8;;Time:05:44:03:00;;
69370921	2410	1474	-3.62	0.96	n
69380921	2410	1474	-3.62	0.96	n
69390921	2410	1475	-3.62	0.88	n
69400921	2411	1475	-3.71	0.88	n
69410920	2410	1475	-3.62	0.88	n
69420920	2409	1475	-3.54	0.88	n
69430920	2411	1475	-3.71	0.88	n
69440920	2413	1475	-3.88	0.88	n
69450920	2412	1475	-3.79	0.88	n
69460920	2414	1475	-3.96	0.88	n
69470919	2411	1475	-3.71	0.88	Location:lat:35.504283lon:139.465216;;Time:05:44:03:00;;
69480918	2411	1475	-3.71	0.88	n
69490918	2414	1473	-3.96	1.04	n
69500918	2416	1474	-4.13	0.96	n
69510918	2415	1474	-4.04	0.96	n
69520918	2415	1474	-4.04	0.96	n
69530918	2415	1474	-4.04	0.96	n
69540918	2414	1474	-3.96	0.96	n
69550918	2416	1475	-4.13	0.88	n
69560918	2416	1475	-4.13	0.88	n
69570917	2416	1473	-4.13	1.04	n
69580918	2415	1474	-4.04	0.96	n
69590922	2415	1475	-4.04	0.88	n
69600922	2415	1474	-4.04	0.96	n
69610922	2416	1476	-4.13	0.80	n
69620922	2416	1475	-4.13	0.88	n
69630922	2415	1475	-4.04	0.88	n
69640922	2416	1475	-4.13	0.88	n
69650922	2415	1474	-4.04	0.96	n
69660922	2415	1475	-4.04	0.88	n
69670922	2415	1475	-4.04	0.88	n
69680921	2416	1475	-4.13	0.88	n
69690920	2415	1473	-4.04	1.04	n
69700919	2415	1475	-4.04	0.88	n
69710919	2414	1474	-3.96	0.96	n
69720918	2414	1474	-3.96	0.96	n
69730918	2414	1474	-3.96	0.96	n
69740918	2415	1474	-4.04	0.96	n
69750918	2413	1475	-3.88	0.88	n
69760917	2415	1474	-4.04	0.96	n
69770917	2413	1474	-3.88	0.96	n
69780917	2407	1475	-3.37	0.88	n
69790917	2414	1473	-3.96	1.04	n
69800916	2411	1474	-3.71	0.96	n
69810916	2411	1474	-3.71	0.96	n
69820916	2410	1473	-3.62	1.04	n
69830916	2411	1477	-3.71	0.72	Location:lat:35.504283lon:139.465216;;Date:2024/12/8;;Time:05:44:03:00;;
69840915	2411	1474	-3.71	0.96	n
69850915	2410	1475	-3.62	0.88	n
69860915	2411	1474	-3.71	0.96	n
69870915	2411	1474	-3.71	0.96	n
69880915	2411	1475	-3.71	0.88	n
69890915	2409	1475	-3.54	0.88	n
69900915	2410	1475	-3.62	0.88	n
69910915	2410	1475	-3.62	0.88	n
69920915	2407	1475	-3.37	0.88	n
69930915	2405	1474	-3.21	0.96	n
69940915	2407	1475	-3.37	0.88	n
69950915	2408	1475	-3.46	0.88	n
69960915	2406	1475	-3.29	0.88	n
69970915	2405	1475	-3.21	0.88	n
69980915	2405	1474	-3.21	0.96	n
69990915	2405	1475	-3.21	0.88	n
70000915	2404	1475	-3.12	0.88	n
70010915	2403	1474	-3.04	0.96	n
70020915	2402	1475	-2.96	0.88	n
70030915	2401	1475	-2.87	0.88	n
70040915	2401	1474	-2.87	0.96	n
70050915	2401	1475	-2.87	0.88	n
70060915	2401	1474	-2.87	0.96	n
70070915	2399	1475	-2.70	0.88	n
70080915	2399	1474	-2.70	0.96	n
70090915	2398	1474	-2.62	0.96	n
70100915	2398	1475	-2.62	0.88	n
70110915	2397	1475	-2.54	0.88	n
70120915	2396	1475	-2.45	0.88	n
70130915	2394	1475	-2.29	0.88	n
70140915	2394	1474	-2.29	0.96	n
70150915	2389	1474	-1.87	0.96	n
70160915	2390	1475	-1.95	0.88	n
70170915	2389	1475	-1.87	0.88	n
70180915	2390	1474	-1.95	0.96	n
70190915	2389	1475	-1.87	0.88	n
70200915	2390	1475	-1.95	0.88	n
70210915	2391	1475	-2.04	0.88	n
70220915	2389	1476	-1.87	0.80	n
70230915	2389	1474	-1.87	0.96	n
70240915	2388	1475	-1.79	0.88	n
70250915	2389	1476	-1.87	0.80	n
70260915	2386	1475	-1.62	0.88	n
70270915	2386	1475	-1.62	0.88	n
70280915	2385	1476	-1.53	0.80	n
70290915	2384	1475	-1.45	0.88	n
70300915	2384	1474	-1.45	0.96	n
70310915	2384	1474	-1.45	0.96	n
70320915	2383	1476	-1.37	0.80	n
70330915	2382	1474	-1.28	0.96	n
70340915	2383	1475	-1.37	0.88	n
70350921	2383	1475	-1.37	0.88	n
70360921	2383	1477	-1.37	0.72	Location:lat:35.504288lon:139.465211;;Date:2024/12/8;;Time:05:44:04:00;;
70370921	2381	1477	-1.20	0.72	n
70380921	2379	1477	-1.03	0.72	n
70390921	2377	1477	-0.87	0.72	n
70400921	2375	1476	-0.70	0.80	n
70410921	2375	1477	-0.70	0.72	n
70420921	2375	1477	-0.70	0.72	n
70430920	2373	1477	-0.53	0.72	n
70440920	2372	1477	-0.45	0.72	n
70450920	2370	1479	-0.28	0.55	n
70460919	2369	1478	-0.20	0.63	n
70470919	2368	1478	-0.11	0.63	Location:lat:35.504288lon:139.465211;;Time:05:44:04:00;;
70480919	2367	1478	-0.03	0.63	n
70490919	2368	1478	-0.11	0.63	n
70500919	2368	1478	-0.11	0.63	n
70510918	2367	1479	-0.03	0.55	n
70520918	2367	1478	-0.03	0.63	n
70530918	2366	1479	0.05	0.55	n
70540918	2367	1478	-0.03	0.63	n
70550919	2366	1479	0.05	0.55	n
70560919	2367	1479	-0.03	0.55	n
70570919	2365	1479	0.14	0.55	n
70580919	2359	1479	0.64	0.55	n
70590919	2361	1481	0.47	0.39	n
70600920	2358	1479	0.72	0.55	n
70610920	2356	1482	0.89	0.31	n
70620920	2357	1481	0.81	0.39	n
70630920	2356	1479	0.89	0.55	n
70640920	2356	1481	0.89	0.39	n
70650920	2357	1482	0.81	0.31	n
70660921	2354	1482	1.06	0.31	n
70670921	2355	1479	0.97	0.55	n
70680929	2355	1479	0.97	0.55	n
70690929	2355	1481	0.97	0.39	n
70700930	2353	1481	1.14	0.39	n
70710930	2353	1479	1.14	0.55	n
70720930	2352	1482	1.22	0.31	n
70730930	2353	1481	1.14	0.39	n
70740930	2352	1483	1.22	0.23	n
70750929	2352	1482	1.22	0.31	n
70760929	2352	1481	1.22	0.39	n
70770929	2352	1482	1.22	0.31	n
70780930	2353	1481	1.14	0.39	n
70790930	2352	1483	1.22	0.23	n
70800931	2352	1485	1.22	0.07	n
70810930	2355	1486	0.97	-0.01	n
70820929	2361	1488	0.47	-0.17	n
70830929	2367	1488	-0.03	-0.17	Location:lat:35.504288lon:139.465211;;Date:2024/12/8;;Time:05:44:04:00;;
70840929	2368	1489	-0.11	-0.25	n
70850929	2373	1493	-0.53	-0.57	n
70860929	2377	1494	-0.87	-0.65	n
70870929	2378	1498	-0.95	-0.97	n
70880928	2383	1499	-1.37	-1.05	n
70890929	2385	1505	-1.53	-1.53	n
70900929	2390	1507	-1.95	-1.69	n
70910929	2390	1511	-1.95	-2.02	n
70920929	2398	1515	-2.62	-2.34	n
70930929	2401	1518	-2.87	-2.58	n
70940929	2406	1520	-3.29	-2.74	n
70950929	2407	1520	-3.37	-2.74	n
70960929	2410	1521	-3.62	-2.82	n
70970929	2413	1525	-3.88	-3.14	n
70980929	2416	1530	-4.13	-3.54	n
70990929	2423	1532	-4.71	-3.70	n
71000929	2423	1534	-4.71	-3.86	n
71010929	2429	1535	-5.21	-3.94	n
71020929	2431	1535	-5.38	-3.94	n
71030929	2433	1535	-5.55	-3.94	n
71040929	2435	1535	-5.71	-3.94	n
71050929	2443	1535	-6.38	-3.94	n
71060929	2447	1535	-6.72	-3.94	n
71070929	2448	1535	-6.80	-3.94	n
71080929	2449	1554	-6.88	-5.47	n
71090929	2455	1555	-7.39	-5.55	n
71100929	2459	1556	-7.72	-5.63	n
71110929	2462	1557	-7.97	-5.71	n
71120929	2464	1563	-8.14	-6.19	n
71130929	2467	1563	-8.39	-6.19	n
71140929	2470	1566	-8.64	-6.43	n
71150929	2473	1568	-8.89	-6.60	n
71160929	2480	1569	-9.48	-6.68	n
71170929	2480	1570	-9.48	-6.76	n
71180929	2481	1571	-9.56	-6.84	n
71190929	2483	1570	-9.73	-6.76	n
71200929	2485	1571	-9.89	-6.84	n
71210929	2486	1572	-9.98	-6.92	n
71220929	2487	1574	-10.06	-7.08	n
71230929	2493	1577	-10.56	-7.32	n
71240929	2493	1580	-10.56	-7.56	n
71250929	2495	1579	-10.73	-7.48	n
71260929	2498	1582	-10.98	-7.72	n
71270929	2499	1581	-11.06	-7.64	n
71280929	2501	1581	-11.23	-7.64	n
71290929	2506	1583	-11.65	-7.80	n
71300929	2507	1584	-11.73	-7.88	n
71310929	2507	1583	-11.73	-7.80	n
71320929	2510	1584	-11.98	-7.88	n
71330929	2511	1584	-12.07	-7.88	n
71340928	2512	1584	-12.15	-7.88	n
71350927	2512	1584	-12.15	-7.88	n
71360926	2514	1584	-12.32	-7.88	Location:lat:35.504285lon:139.465212;;Date:2024/12/8;;Time:05:44:05:00;;
71370926	2513	1584	-12.23	-7.88	n
71380929	2517	1585	-12.57	-7.96	n
71390929	2515	1584	-12.40	-7.88	n
71400929	2515	1584	-12.40	-7.88	n
71410929	2517	1585	-12.57	-7.96	n
71420928	2518	1585	-12.65	-7.96	n
71430928	2519	1584	-12.74	-7.88	n
71440928	2519	1584	-12.74	-7.88	n
71450931	2519	1584	-12.74	-7.88	n
71460931	2522	1584	-12.99	-7.88	n
71470931	2521	1584	-12.90	-7.88	Location:lat:35.504285lon:139.465212;;Time:05:44:05:00;;
71480931	2523	1584	-13.07	-7.88	n
71490931	2522	1583	-12.99	-7.80	n
71500931	2523	1583	-13.07	-7.80	n
71510931	2519	1582	-12.74	-7.72	n
71520931	2519	1583	-12.74	-7.80	n
71530931	2518	1582	-12.65	-7.72	n
71540931	2518	1579	-12.65	-7.48	n
71550930	2519	1578	-12.74	-7.40	n
71560930	2518	1581	-12.65	-7.64	n
71570930	2517	1579	-12.57	-7.48	n
71580933	2515	1578	-12.40	-7.40	n
71590933	2514	1575	-12.32	-7.16	n
71600933	2515	1575	-12.40	-7.16	n
71610933	2515	1576	-12.40	-7.24	n
71620933	2514	1573	-12.32	-7.00	n
71630933	2512	1572	-12.15	-6.92	n
71640933	2511	1571	-12.07	-6.84	n
71650933	2511	1571	-12.07	-6.84	n
71660933	2510	1569	-11.98	-6.68	n
71670933	2510	1569	-11.98	-6.68	n
71680933	2508	1566	-11.82	-6.43	n
71690933	2503	1566	-11.40	-6.43	n
71700941	2505	1566	-11.57	-6.43	n
71710941	2501	1563	-11.23	-6.19	n
71720941	2498	1563	-10.98	-6.19	n
71730941	2496	1561	-10.81	-6.03	n
71740941	2495	1559	-10.73	-5.87	n
71750940	2493	1557	-10.56	-5.71	n
71760940	2493	1557	-10.56	-5.71	n
71770940	2491	1535	-10.40	-3.94	n
71780940	2487	1535	-10.06	-3.94	n
71790940	2485	1535	-9.89	-3.94	n
71800940	2482	1535	-9.64	-3.94	n
71810940	2482	1535	-9.64	-3.94	n
71820939	2480	1535	-9.48	-3.94	n
71830940	2480	1535	-9.48	-3.94	Location:lat:35.504285lon:139.465212;;Date:2024/12/8;;Time:05:44:05:00;;
71840940	2477	1535	-9.23	-3.94	n
71850939	2472	1535	-8.81	-3.94	n
71860939	2470	1535	-8.64	-3.94	n
71870939	2466	1535	-8.31	-3.94	n
71880939	2465	1534	-8.22	-3.86	n
71890939	2463	1534	-8.05	-3.86	n
71900938	2460	1527	-7.80	-3.30	n
71910937	2459	1523	-7.72	-2.98	n
71920937	2452	1523	-7.14	-2.98	n
71930937	2449	1521	-6.88	-2.82	n
71940937	2447	1520	-6.72	-2.74	n
71950937	2447	1520	-6.72	-2.74	n
71960937	2445	1519	-6.55	-2.66	n
71970937	2441	1516	-6.22	-2.42	n
71980937	2435	1515	-5.71	-2.34	n
71990937	2429	1511	-5.21	-2.02	n
72000936	2431	1509	-5.38	-1.86	n
72010936	2425	1507	-4.88	-1.69	n
72020936	2423	1503	-4.71	-1.37	n
72030936	2420	1501	-4.46	-1.21	n
72040936	2416	1499	-4.13	-1.05	n
72050936	2415	1497	-4.04	-0.89	n
72060935	2410	1495	-3.62	-0.73	n
72070935	2409	1493	-3.54	-0.57	n
72080934	2407	1492	-3.37	-0.49	n
72090934	2401	1489	-2.87	-0.25	n
72100934	2399	1488	-2.70	-0.17	n
72110933	2395	1487	-2.37	-0.09	n
72120932	2393	1487	-2.20	-0.09	n
72130932	2390	1483	-1.95	0.23	n
72140932	2390	1479	-1.95	0.55	n
72150932	2384	1479	-1.45	0.55	n
72160932	2380	1478	-1.12	0.63	n
72170932	2378	1477	-0.95	0.72	n
72180932	2373	1475	-0.53	0.88	n
72190932	2370	1473	-0.28	1.04	n
72200932	2366	1472	0.05	1.12	n
72210932	2366	1471	0.05	1.20	n
72220932	2365	1471	0.14	1.20	n
72230931	2359	1471	0.64	1.20	n
72240932	2355	1467	0.97	1.52	n
72250932	2352	1466	1.22	1.60	n
72260932	2352	1461	1.22	2.00	n
72270932	2349	1459	1.47	2.16	n
72280931	2345	1456	1.81	2.40	n
72290937	2341	1456	2.14	2.40	n
72300937	2337	1456	2.48	2.40	n
72310938	2335	1455	2.64	2.48	n
72320938	2330	1453	3.06	2.64	n
72330938	2329	1451	3.15	2.80	n
72340938	2323	1450	3.65	2.88	n
72350938	2320	1446	3.90	3.21	n
72360938	2320	1448	3.90	3.04	Location:lat:35.504281lon:139.465211;;Date:2024/12/8;;Time:05:44:06:00;;
72370938	2319	1445	3.98	3.29	n
72380938	2319	1444	3.98	3.37	n
72390938	2315	1442	4.32	3.53	n
72400938	2314	1442	4.40	3.53	n
72410939	2311	1440	4.65	3.69	n
72420939	2306	1440	5.07	3.69	n
72430938	2302	1437	5.40	3.93	n
72440938	2302	1438	5.40	3.85	n
72450938	2298	1436	5.74	4.01	n
72460938	2291	1434	6.32	4.17	n
72470938	2291	1430	6.32	4.49	Location:lat:35.504281lon:139.465211;;Time:05:44:06:00;;
72480938	2290	1430	6.41	4.49	n
72490938	2289	1428	6.49	4.65	n
72500938	2288	1426	6.57	4.81	n
72510938	2288	1425	6.57	4.89	n
72520938	2286	1426	6.74	4.81	n
72530938	2283	1424	6.99	4.97	n
72540938	2282	1424	7.08	4.97	n
72550938	2278	1424	7.41	4.97	n
72560938	2276	1424	7.58	4.97	n
72570938	2274	1424	7.74	4.97	n
72580937	2273	1424	7.83	4.97	n
72590936	2273	1423	7.83	5.05	n
72600936	2271	1423	7.99	5.05	n
72610936	2269	1421	8.16	5.21	n
72620945	2269	1422	8.16	5.13	n
72630945	2267	1421	8.33	5.21	n
72640944	2267	1422	8.33	5.13	n
72650944	2265	1419	8.50	5.37	n
72660944	2261	1421	8.83	5.21	n
72670944	2260	1419	8.91	5.37	n
72680944	2258	1419	9.08	5.37	n
72690944	2259	1419	9.00	5.37	n
72700944	2258	1419	9.08	5.37	n
72710944	2258	1420	9.08	5.29	n
72720944	2259	1419	9.00	5.37	n
72730943	2259	1419	9.00	5.37	n
72740943	2257	1422	9.17	5.13	n
72750943	2258	1420	9.08	5.29	n
72760943	2257	1419	9.17	5.37	n
72770943	2257	1421	9.17	5.21	n
72780943	2259	1419	9.00	5.37	n
72790943	2258	1421	9.08	5.21	n
72800943	2258	1423	9.08	5.05	n
72810943	2259	1423	9.00	5.05	n
72820942	2258	1422	9.08	5.13	n
72830942	2259	1425	9.00	4.89	Location:lat:35.504281lon:139.465211;;Date:2024/12/8;;Time:05:44:06:00;;
72840942	2258	1426	9.08	4.81	n
72850943	2258	1431	9.08	4.41	n
72860943	2259	1440	9.00	3.69	n
72870943	2258	1445	9.08	3.29	n
72880943	2261	1450	8.83	2.88	n
72890942	2259	1456	9.00	2.40	n
72900943	2258	1461	9.08	2.00	n
72910943	2257	1469	9.17	1.36	n
72920943	2258	1473	9.08	1.04	n
72930942	2258	1481	9.08	0.39	n
72940942	2258	1488	9.08	-0.17	n
72950942	2257	1493	9.17	-0.57	n
72960943	2256	1504	9.25	-1.45	n
72970943	2255	1515	9.33	-2.34	n
72980942	2255	1520	9.33	-2.74	n
72990943	2253	1533	9.50	-3.78	n
73000943	2254	1535	9.42	-3.94	n
73010943	2253	1535	9.50	-3.94	n
73020942	2251	1557	9.67	-5.71	n
73030943	2251	1568	9.67	-6.60	n
73040942	2251	1573	9.67	-7.00	n
73050943	2250	1583	9.75	-7.80	n
73060943	2253	1591	9.50	-8.44	n
73070942	2252	1599	9.58	-9.09	n
73080943	2251	1606	9.67	-9.65	n
73090943	2250	1613	9.75	-10.21	n
73100943	2253	1618	9.50	-10.61	n
73110943	2251	1627	9.67	-11.33	n
73120943	2251	1632	9.67	-11.74	n
73130943	2253	1638	9.50	-12.22	n
73140943	2253	1647	9.50	-12.94	n
73150943	2252	1657	9.58	-13.74	n
73160943	2253	1663	9.50	-14.23	n
73170943	2253	1668	9.50	-14.63	n
73180943	2253	1679	9.50	-15.51	n
73190943	2256	1681	9.25	-15.67	n
73200943	2256	1687	9.25	-16.15	n
73210943	2256	1695	9.25	-16.80	n
73220943	2256	1701	9.25	-17.28	n
73230943	2256	1706	9.25	-17.68	n
73240943	2256	1712	9.25	-18.16	n
73250943	2258	1721	9.08	-18.89	n
73260943	2258	1728	9.08	-19.45	n
73270943	2258	1731	9.08	-19.69	n
73280943	2257	1738	9.17	-20.25	n
73290943	2261	1744	8.83	-20.73	n
73300944	2263	1746	8.66	-20.89	n
73310944	2263	1755	8.66	-21.62	n
73320944	2267	1759	8.33	-21.94	n
73330944	2266	1763	8.41	-22.26	n
73340944	2270	1766	8.08	-22.50	n
73350944	2271	1770	7.99	-22.82	n
73360953	2273	1775	7.83	-23.22	Location:lat:35.504278lon:139.465210;;Date:2024/12/8;;Time:05:44:07:00;;
73370952	2274	1776	7.74	-23.30	n
73380952	2277	1782	7.49	-23.79	n
73390951	2283	1787	6.99	-24.19	n
73400952	2283	1791	6.99	-24.51	n
73410953	2284	1791	6.91	-24.51	n
73420953	2287	1794	6.66	-24.75	n
73430953	2288	1797	6.57	-24.99	n
73440953	2288	1799	6.57	-25.15	n
73450953	2291	1801	6.32	-25.31	n
73460952	2291	1803	6.32	-25.47	n
73470952	2295	1806	5.99	-25.71	Location:lat:35.504278lon:139.465210;;Time:05:44:07:00;;
73480952	2295	1806	5.99	-25.71	n
73490952	2299	1808	5.65	-25.87	n
73500952	2302	1807	5.40	-25.79	n
73510951	2306	1808	5.07	-25.87	n
73520950	2309	1808	4.82	-25.87	n
73530950	2310	1807	4.73	-25.79	n
73540949	2315	1807	4.32	-25.79	n
73550949	2314	1808	4.40	-25.87	n
73560948	2319	1806	3.98	-25.71	n
73570948	2319	1805	3.98	-25.63	n
73580949	2320	1799	3.90	-25.15	n
73590949	2320	1798	3.90	-25.07	n
73600949	2322	1797	3.73	-24.99	n
73610949	2326	1794	3.40	-24.75	n
73620948	2330	1795	3.06	-24.83	n
73630948	2333	1794	2.81	-24.75	n
73640948	2337	1790	2.48	-24.43	n
73650949	2339	1791	2.31	-24.51	n
73660949	2343	1788	1.98	-24.27	n
73670949	2343	1787	1.98	-24.19	n
73680949	2349	1782	1.47	-23.79	n
73690949	2350	1777	1.39	-23.38	n
73700948	2352	1776	1.22	-23.30	n
73710948	2354	1776	1.06	-23.30	n
73720947	2353	1773	1.14	-23.06	n
73730947	2357	1767	0.81	-22.58	n
73740955	2363	1765	0.30	-22.42	n
73750955	2366	1763	0.05	-22.26	n
73760956	2366	1760	0.05	-22.02	n
73770956	2369	1755	-0.20	-21.62	n
73780956	2370	1748	-0.28	-21.05	n
73790956	2374	1745	-0.62	-20.81	n
73800956	2377	1744	-0.87	-20.73	n
73810956	2379	1734	-1.03	-19.93	n
73820955	2381	1731	-1.20	-19.69	n
73830955	2384	1727	-1.45	-19.37	Location:lat:35.504278lon:139.465210;;Date:2024/12/8;;Time:05:44:07:00;;
73840955	2386	1725	-1.62	-19.21	n
73850955	2386	1718	-1.62	-18.64	n
73860955	2391	1713	-2.04	-18.24	n
73870955	2390	1707	-1.95	-17.76	n
73880955	2394	1703	-2.29	-17.44	n
73890955	2398	1698	-2.62	-17.04	n
73900955	2400	1690	-2.79	-16.40	n
73910955	2401	1685	-2.87	-15.99	n
73920955	2403	1680	-3.04	-15.59	n
73930955	2406	1678	-3.29	-15.43	n
73940955	2409	1667	-3.54	-14.55	n
73950955	2407	1664	-3.37	-14.31	n
73960955	2412	1659	-3.79	-13.91	n
73970955	2414	1650	-3.96	-13.18	n
73980955	2415	1647	-4.04	-12.94	n
73990955	2415	1638	-4.04	-12.22	n
74000955	2417	1634	-4.21	-11.90	n
74010955	2419	1627	-4.38	-11.33	n
74020955	2423	1620	-4.71	-10.77	n
74030955	2426	1616	-4.96	-10.45	n
74040955	2426	1611	-4.96	-10.05	n
74050955	2429	1606	-5.21	-9.65	n
74060955	2429	1597	-5.21	-8.92	n
74070955	2430	1594	-5.30	-8.68	n
74080954	2431	1584	-5.38	-7.88	n
74090954	2431	1579	-5.38	-7.48	n
74100954	2434	1569	-5.63	-6.68	n
74110954	2435	1565	-5.71	-6.35	n
74120954	2436	1557	-5.80	-5.71	n
74130954	2438	1535	-5.97	-3.94	n
74140954	2441	1535	-6.22	-3.94	n
74150954	2445	1534	-6.55	-3.86	n
74160954	2446	1526	-6.63	-3.22	n
74170954	2448	1520	-6.80	-2.74	n
74180954	2448	1515	-6.80	-2.34	n
74190954	2447	1505	-6.72	-1.53	n
74200954	2447	1498	-6.72	-0.97	n
74210954	2448	1493	-6.80	-0.57	n
74220953	2448	1488	-6.80	-0.17	n
74230952	2449	1479	-6.88	0.55	n
74240952	2450	1475	-6.97	0.88	n
74250952	2451	1471	-7.05	1.20	n
74260952	2451	1462	-7.05	1.92	n
74270952	2453	1456	-7.22	2.40	n
74280952	2453	1450	-7.22	2.88	n
74290952	2454	1441	-7.30	3.61	n
74300951	2455	1440	-7.39	3.69	n
74310951	2457	1427	-7.55	4.73	n
74320951	2457	1424	-7.55	4.97	n
74330951	2458	1418	-7.64	5.45	n
74340951	2457	1409	-7.55	6.18	n
74350951	2457	1402	-7.55	6.74	n
74360951	2458	1393	-7.64	7.46	Location:lat:35.504275lon:139.465206;;Date:2024/12/8;;Time:05:44:08:00;;
74370950	2457	1392	-7.55	7.54	n
74380950	2457	1383	-7.55	8.27	n
74390950	2458	1379	-7.64	8.59	n
74400949	2455	1371	-7.39	9.23	n
74410948	2458	1365	-7.64	9.71	n
74420948	2458	1360	-7.64	10.11	n
74430947	2459	1355	-7.72	10.52	n
74440947	2458	1350	-7.64	10.92	n
74450956	2460	1343	-7.80	11.48	n
74460955	2455	1335	-7.39	12.12	n
74470955	2457	1332	-7.55	12.36	Location:lat:35.504275lon:139.465206;;Time:05:44:08:00;;
74480955	2453	1326	-7.22	12.85	n
74490955	2454	1319	-7.30	13.41	n
74500964	2455	1314	-7.39	13.81	n
74510964	2454	1312	-7.30	13.97	n
74520963	2451	1305	-7.05	14.53	n
74530963	2451	1301	-7.05	14.85	n
74540963	2451	1295	-7.05	15.34	n
74550966	2450	1287	-6.97	15.98	n
74560965	2448	1285	-6.80	16.14	n
74570965	2449	1281	-6.88	16.46	n
74580965	2448	1275	-6.80	16.94	n
74590965	2448	1271	-6.80	17.26	n
74600965	2448	1270	-6.80	17.34	n
74610965	2446	1264	-6.63	17.83	n
74620965	2447	1262	-6.72	17.99	n
74630964	2447	1259	-6.72	18.23	n
74640965	2447	1251	-6.72	18.87	n
74650965	2446	1247	-6.63	19.19	n
74660965	2443	1245	-6.38	19.35	n
74670965	2441	1239	-6.22	19.83	n
74680965	2436	1237	-5.80	19.99	n
74690965	2436	1234	-5.80	20.24	n
74700965	2434	1231	-5.63	20.48	n
74710965	2433	1231	-5.55	20.48	n
74720965	2431	1231	-5.38	20.48	n
74730964	2431	1227	-5.38	20.80	n
74740965	2430	1225	-5.30	20.96	n
74750965	2427	1221	-5.05	21.28	n
74760965	2427	1217	-5.05	21.60	n
74770965	2425	1214	-4.88	21.84	n
74780965	2422	1216	-4.63	21.68	n
74790965	2423	1216	-4.71	21.68	n
74800965	2419	1215	-4.38	21.76	n
74810964	2418	1215	-4.29	21.76	n
74820965	2416	1215	-4.13	21.76	n
74830965	2414	1214	-3.96	21.84	Location:lat:35.504275lon:139.465206;;Date:2024/12/8;;Time:05:44:08:00;;
74840965	2414	1214	-3.96	21.84	n
74850965	2413	1216	-3.88	21.68	n
74860965	2411	1213	-3.71	21.92	n
74870964	2409	1213	-3.54	21.92	n
74880963	2407	1215	-3.37	21.76	n
74890963	2405	1215	-3.21	21.76	n
74900963	2402	1215	-2.96	21.76	n
74910962	2400	1215	-2.79	21.76	n
74920961	2400	1216	-2.79	21.68	n
74930960	2397	1214	-2.54	21.84	n
74940960	2396	1214	-2.45	21.84	n
74950960	2394	1216	-2.29	21.68	n
74960960	2390	1216	-1.95	21.68	n
74970960	2389	1218	-1.87	21.52	n
74980960	2389	1221	-1.87	21.28	n
74990960	2386	1225	-1.62	20.96	n
75000960	2386	1226	-1.62	20.88	n
75010960	2384	1231	-1.45	20.48	n
75020960	2384	1231	-1.45	20.48	n
75030960	2383	1232	-1.37	20.40	n
75040960	2378	1232	-0.95	20.40	n
75050960	2375	1234	-0.70	20.24	n
75060960	2378	1238	-0.95	19.91	n
75070960	2374	1244	-0.62	19.43	n
75080960	2370	1245	-0.28	19.35	n
75090960	2369	1248	-0.20	19.11	n
75100960	2368	1251	-0.11	18.87	n
75110960	2368	1259	-0.11	18.23	n
75120960	2367	1263	-0.03	17.91	n
75130960	2364	1264	0.22	17.83	n
75140960	2363	1267	0.30	17.58	n
75150960	2358	1270	0.72	17.34	n
75160959	2356	1274	0.89	17.02	n
75170959	2355	1278	0.97	16.70	n
75180959	2352	1283	1.22	16.30	n
75190958	2353	1286	1.14	16.06	n
75200957	2352	1290	1.22	15.74	n
75210957	2349	1291	1.47	15.66	n
75220957	2351	1296	1.31	15.26	n
75230957	2347	1298	1.64	15.09	n
75240956	2345	1302	1.81	14.77	n
75250956	2343	1306	1.98	14.45	n
75260956	2339	1311	2.31	14.05	n
75270955	2339	1314	2.31	13.81	n
75280955	2338	1317	2.39	13.57	n
75290955	2338	1322	2.39	13.17	n
75300955	2339	1325	2.31	12.93	n
75310955	2343	1329	1.98	12.60	n
75320955	2348	1332	1.56	12.36	n
75330955	2352	1338	1.22	11.88	n
75340956	2357	1339	0.81	11.80	n
75350957	2367	1341	-0.03	11.64	n
75360957	2374	1344	-0.62	11.40	Location:lat:35.504270lon:139.465207;;Date:2024/12/8;;Time:05:44:09:00;;
75370957	2384	1348	-1.45	11.08	n
75380956	2390	1350	-1.95	10.92	n
75390956	2401	1355	-2.87	10.52	n
75400956	2407	1354	-3.37	10.60	n
75410956	2414	1358	-3.96	10.27	n
75420956	2422	1360	-4.63	10.11	n
75430956	2427	1363	-5.05	9.87	n
75440956	2434	1366	-5.63	9.63	n
75450956	2447	1370	-6.72	9.31	n
75460956	2449	1371	-6.88	9.23	n
75470965	2457	1375	-7.55	8.91	Location:lat:35.504270lon:139.465207;;Time:05:44:09:00;;
75480964	2465	1378	-8.22	8.67	n
75490964	2471	1382	-8.72	8.35	n
75500963	2480	1387	-9.48	7.94	n
75510963	2483	1389	-9.73	7.78	n
75520964	2492	1392	-10.48	7.54	n
75530964	2495	1395	-10.73	7.30	n
75540964	2499	1395	-11.06	7.30	n
75550964	2510	1399	-11.98	6.98	n
75560963	2515	1402	-12.40	6.74	n
75570967	2519	1406	-12.74	6.42	n
75580967	2524	1407	-13.15	6.34	n
75590966	2530	1410	-13.66	6.10	n
75600966	2535	1417	-14.07	5.53	n
75610966	2542	1422	-14.66	5.13	n
75620966	2544	1424	-14.83	4.97	n
75630966	2549	1425	-15.24	4.89	n
75640966	2555	1430	-15.75	4.49	n
75650965	2558	1438	-16.00	3.85	n
75660965	2559	1439	-16.08	3.77	n
75670965	2559	1442	-16.08	3.53	n
75680965	2559	1446	-16.08	3.21	n
75690964	2559	1449	-16.08	2.96	n
75700965	2585	1451	-18.25	2.80	n
75710964	2589	1456	-18.59	2.40	n
75720964	2595	1459	-19.09	2.16	n
75730964	2601	1462	-19.59	1.92	n
75740964	2603	1469	-19.76	1.36	n
75750963	2606	1469	-20.01	1.36	n
75760963	2608	1472	-20.18	1.12	n
75770963	2609	1475	-20.26	0.88	n
75780962	2611	1480	-20.43	0.47	n
75790962	2615	1483	-20.76	0.23	n
75800974	2621	1488	-21.26	-0.17	n
75810975	2624	1488	-21.51	-0.17	n
75820975	2625	1490	-21.60	-0.33	n
75830974	2627	1492	-21.76	-0.49	Location:lat:35.504270lon:139.465207;;Date:2024/12/8;;Time:05:44:09:00;;
75840974	2628	1498	-21.85	-0.97	n
75850974	2629	1502	-21.93	-1.29	n
75860974	2631	1505	-22.10	-1.53	n
75870974	2635	1510	-22.43	-1.94	n
75880974	2637	1516	-22.60	-2.42	n
75890974	2638	1520	-22.68	-2.74	n
75900974	2640	1520	-22.85	-2.74	n
75910974	2640	1521	-22.85	-2.82	n
75920974	2640	1526	-22.85	-3.22	n
75930974	2640	1531	-22.85	-3.62	n
75940974	2640	1535	-22.85	-3.94	n
75950974	2640	1535	-22.85	-3.94	n
75960974	2641	1535	-22.93	-3.94	n
75970974	2641	1535	-22.93	-3.94	n
75980974	2641	1535	-22.93	-3.94	n
75990974	2641	1553	-22.93	-5.39	n
76000974	2641	1558	-22.93	-5.79	n
76010974	2640	1559	-22.85	-5.87	n
76020974	2640	1562	-22.85	-6.11	n
76030974	2640	1566	-22.85	-6.43	n
76040974	2639	1568	-22.77	-6.60	n
76050974	2639	1571	-22.77	-6.84	n
76060974	2637	1574	-22.60	-7.08	n
76070974	2637	1577	-22.60	-7.32	n
76080974	2634	1582	-22.35	-7.72	n
76090974	2633	1583	-22.27	-7.80	n
76100974	2630	1584	-22.01	-7.88	n
76110974	2630	1585	-22.01	-7.96	n
76120974	2627	1589	-21.76	-8.28	n
76130974	2627	1593	-21.76	-8.60	n
76140974	2625	1594	-21.60	-8.68	n
76150974	2621	1596	-21.26	-8.84	n
76160974	2618	1598	-21.01	-9.01	n
76170974	2613	1601	-20.59	-9.25	n
76180974	2613	1603	-20.59	-9.41	n
76190974	2608	1605	-20.18	-9.57	n
76200974	2607	1607	-20.09	-9.73	n
76210974	2607	1609	-20.09	-9.89	n
76220974	2602	1611	-19.67	-10.05	n
76230974	2602	1613	-19.67	-10.21	n
76240974	2594	1614	-19.01	-10.29	n
76250974	2592	1615	-18.84	-10.37	n
76260973	2587	1616	-18.42	-10.45	n
76270973	2559	1614	-16.08	-10.29	n
76280973	2559	1616	-16.08	-10.45	n
76290973	2559	1616	-16.08	-10.45	n
76300982	2559	1617	-16.08	-10.53	n
76310982	2559	1616	-16.08	-10.45	n
76320982	2557	1619	-15.91	-10.69	n
76330982	2549	1617	-15.24	-10.53	n
76340982	2547	1618	-15.08	-10.61	n
76350981	2543	1618	-14.74	-10.61	n
76360982	2540	1619	-14.49	-10.69	Location:lat:35.504270lon:139.465207;;Date:2024/12/8;;Time:05:44:10:00;;
76370982	2535	1619	-14.07	-10.69	n
76380982	2529	1619	-13.57	-10.69	n
76390982	2524	1619	-13.15	-10.69	n
76400982	2519	1620	-12.74	-10.77	n
76410982	2513	1619	-12.23	-10.69	n
76420982	2509	1618	-11.90	-10.61	n
76430982	2501	1618	-11.23	-10.61	n
76440982	2496	1617	-10.81	-10.53	n
76450982	2494	1618	-10.65	-10.61	n
76460981	2487	1619	-10.06	-10.69	n
76470980	2481	1618	-9.56	-10.61	Location:lat:35.504270lon:139.465207;;Time:05:44:10:00;;
76480980	2477	1617	-9.23	-10.53	n
76490980	2470	1618	-8.64	-10.61	n
76500980	2465	1617	-8.22	-10.53	n
76510980	2458	1617	-7.64	-10.53	n
76520979	2449	1616	-6.88	-10.45	n
76530978	2448	1616	-6.80	-10.45	n
76540978	2442	1616	-6.30	-10.45	n
76550978	2431	1614	-5.38	-10.29	n
76560978	2427	1616	-5.05	-10.45	n
76570979	2423	1613	-4.71	-10.21	n
76580979	2415	1612	-4.04	-10.13	n
76590979	2407	1609	-3.37	-9.89	n
76600979	2406	1611	-3.29	-10.05	n
76610979	2400	1609	-2.79	-9.89	n
76620979	2390	1606	-1.95	-9.65	n
76630979	2388	1605	-1.79	-9.57	n
76640979	2383	1605	-1.37	-9.57	n
76650978	2375	1600	-0.70	-9.17	n
76660978	2368	1600	-0.11	-9.17	n
76670977	2365	1596	0.14	-8.84	n
76680978	2356	1595	0.89	-8.76	n
76690978	2352	1593	1.22	-8.60	n
76700977	2349	1590	1.47	-8.36	n
76710977	2341	1588	2.14	-8.20	n
76720976	2333	1586	2.81	-8.04	n
76730976	2330	1584	3.06	-7.88	n
76740976	2320	1582	3.90	-7.72	n
76750975	2318	1581	4.07	-7.64	n
76760975	2311	1578	4.65	-7.40	n
76770974	2307	1576	4.99	-7.24	n
76780974	2303	1572	5.32	-6.92	n
76790974	2295	1569	5.99	-6.68	n
76800974	2291	1570	6.32	-6.76	n
76810974	2287	1567	6.66	-6.51	n
76820974	2283	1565	6.99	-6.35	n
76830974	2276	1559	7.58	-5.87	Location:lat:35.504270lon:139.465207;;Date:2024/12/8;;Time:05:44:10:00;;
76840973	2271	1554	7.99	-5.47	n
76850973	2265	1553	8.50	-5.39	n
76860972	2261	1535	8.83	-3.94	n
76870973	2256	1535	9.25	-3.94	n
76880972	2254	1535	9.42	-3.94	n
76890972	2249	1535	9.83	-3.94	n
76900972	2245	1535	10.17	-3.94	n
76910971	2239	1535	10.67	-3.94	n
76920971	2234	1534	11.09	-3.86	n
76930971	2226	1529	11.76	-3.46	n
76940971	2224	1523	11.92	-2.98	n
76950971	2222	1521	12.09	-2.82	n
76960970	2217	1520	12.51	-2.74	n
76970970	2213	1520	12.84	-2.74	n
76980970	2210	1515	13.09	-2.34	n
76990970	2205	1511	13.51	-2.02	n
77000970	2199	1507	14.01	-1.69	n
77010970	2197	1502	14.18	-1.29	n
77020970	2192	1500	14.60	-1.13	n
77030970	2192	1494	14.60	-0.65	n
77040970	2190	1493	14.77	-0.57	n
77050970	2189	1493	14.85	-0.57	n
77060970	2183	1489	15.35	-0.25	n
77070970	2181	1488	15.52	-0.17	n
77080970	2177	1485	15.85	0.07	n
77090970	2175	1482	16.02	0.31	n
77100970	2171	1478	16.35	0.63	n
77110970	2166	1477	16.77	0.72	n
77120970	2163	1474	17.02	0.96	n
77130970	2160	1473	17.27	1.04	n
77140969	2161	1471	17.19	1.20	n
77150969	2160	1467	17.27	1.52	n
77160969	2160	1466	17.27	1.60	n
77170969	2158	1461	17.44	2.00	n
77180969	2155	1458	17.69	2.24	n
77190969	2157	1457	17.52	2.32	n
77200969	2155	1455	17.69	2.48	n
77210969	2154	1454	17.78	2.56	n
77220969	2153	1450	17.86	2.88	n
77230969	2154	1447	17.78	3.13	n
77240969	2151	1443	18.03	3.45	n
77250969	2150	1440	18.11	3.69	n
77260969	2151	1440	18.03	3.69	n
77270969	2151	1439	18.03	3.77	n
77280969	2147	1437	18.36	3.93	n
77290969	2149	1429	18.19	4.57	n
77300968	2149	1427	18.19	4.73	n
77310968	2153	1426	17.86	4.81	n
77320968	2151	1424	18.03	4.97	n
77330968	2151	1423	18.03	5.05	n
77340968	2153	1423	17.86	5.05	n
77350968	2155	1421	17.69	5.21	n
77360968	2155	1418	17.69	5.45	Location:lat:35.504265lon:139.465208;;Date:2024/12/8;;Time:05:44:11:00;;
77370968	2157	1414	17.52	5.78	n
77380967	2159	1411	17.36	6.02	n
77390967	2159	1407	17.36	6.34	n
77400967	2159	1407	17.36	6.34	n
77410966	2160	1404	17.27	6.58	n
77420966	2160	1402	17.27	6.74	n
77430965	2162	1403	17.11	6.66	n
77440965	2161	1402	17.19	6.74	n
77450964	2163	1399	17.02	6.98	n
77460964	2171	1397	16.35	7.14	n
77470964	2172	1393	16.27	7.46	Location:lat:35.504265lon:139.465208;;Time:05:44:11:00;;
77480964	2176	1393	15.94	7.46	n
77490965	2178	1392	15.77	7.54	n
77500965	2183	1393	15.35	7.46	n
77510965	2183	1392	15.35	7.54	n
77520965	2190	1392	14.77	7.54	n
77530965	2191	1391	14.68	7.62	n
77540965	2194	1390	14.43	7.70	n
77550965	2193	1389	14.52	7.78	n
77560966	2198	1387	14.10	7.94	n
77570966	2198	1387	14.10	7.94	n
77580966	2205	1383	13.51	8.27	n
77590966	2210	1385	13.09	8.11	n
77600966	2213	1383	12.84	8.27	n
77610966	2213	1381	12.84	8.43	n
77620966	2222	1385	12.09	8.11	n
77630965	2225	1382	11.84	8.35	n
77640964	2225	1381	11.84	8.43	n
77650963	2230	1381	11.42	8.43	n
77660963	2234	1381	11.09	8.43	n
77670963	2241	1379	10.50	8.59	n
77680963	2246	1379	10.08	8.59	n
77690962	2250	1379	9.75	8.59	n
77700962	2255	1378	9.33	8.67	n
77710962	2258	1379	9.08	8.59	n
77720961	2259	1380	9.00	8.51	n
77730962	2265	1381	8.50	8.43	n
77740962	2271	1382	7.99	8.35	n
77750962	2275	1381	7.66	8.43	n
77760962	2279	1381	7.33	8.43	n
77770962	2285	1382	6.82	8.35	n
77780962	2289	1383	6.49	8.27	n
77790962	2294	1383	6.07	8.27	n
77800962	2300	1386	5.57	8.03	n
77810962	2304	1388	5.24	7.86	n
77820971	2311	1388	4.65	7.86	n
77830971	2314	1389	4.40	7.78	Location:lat:35.504265lon:139.465208;;Date:2024/12/8;;Time:05:44:11:00;;
77840971	2320	1390	3.90	7.70	n
77850971	2321	1388	3.82	7.86	n
77860970	2326	1391	3.40	7.62	n
77870969	2332	1392	2.90	7.54	n
77880969	2338	1392	2.39	7.54	n
77890969	2345	1392	1.81	7.54	n
77900969	2350	1392	1.39	7.54	n
77910968	2352	1393	1.22	7.46	n
77920968	2357	1395	0.81	7.30	n
77930968	2366	1396	0.05	7.22	n
77940968	2367	1397	-0.03	7.14	n
77950968	2373	1397	-0.53	7.14	n
77960968	2379	1399	-1.03	6.98	n
77970968	2384	1401	-1.45	6.82	n
77980968	2389	1403	-1.87	6.66	n
77990968	2390	1406	-1.95	6.42	n
78000968	2399	1407	-2.70	6.34	n
78010968	2405	1408	-3.21	6.26	n
78020968	2407	1408	-3.37	6.26	n
78030968	2411	1410	-3.71	6.10	n
78040968	2417	1414	-4.21	5.78	n
78050967	2422	1415	-4.63	5.70	n
78060967	2426	1418	-4.96	5.45	n
78070967	2431	1421	-5.38	5.21	n
78080967	2438	1423	-5.97	5.05	n
78090967	2447	1424	-6.72	4.97	n
78100967	2448	1424	-6.80	4.97	n
78110967	2453	1425	-7.22	4.89	n
78120967	2459	1430	-7.72	4.49	n
78130966	2464	1431	-8.14	4.41	n
78140965	2469	1435	-8.56	4.09	n
78150965	2470	1437	-8.64	3.93	n
78160965	2479	1441	-9.39	3.61	n
78170965	2482	1441	-9.64	3.61	n
78180965	2485	1445	-9.89	3.29	n
78190964	2490	1446	-10.31	3.21	n
78200963	2494	1448	-10.65	3.04	n
78210962	2496	1449	-10.81	2.96	n
78220961	2498	1450	-10.98	2.88	n
78230961	2506	1455	-11.65	2.48	n
78240960	2509	1456	-11.90	2.40	n
78250960	2512	1456	-12.15	2.40	n
78260959	2514	1458	-12.32	2.24	n
78270959	2519	1463	-12.74	1.84	n
78280959	2522	1466	-12.99	1.60	n
78290959	2526	1467	-13.32	1.52	n
78300958	2526	1470	-13.32	1.28	n
78310958	2531	1471	-13.74	1.20	n
78320958	2534	1472	-13.99	1.12	n
78330966	2538	1474	-14.32	0.96	n
78340966	2542	1477	-14.66	0.72	n
78350966	2543	1480	-14.74	0.47	n
78360965	2543	1479	-14.74	0.55	Location:lat:35.504266lon:139.465215;;Date:2024/12/8;;Time:05:44:12:00;;
78370964	2547	1482	-15.08	0.31	n
78380965	2547	1487	-15.08	-0.09	n
78390965	2549	1487	-15.24	-0.09	n
78400965	2554	1488	-15.66	-0.17	n
78410965	2555	1488	-15.75	-0.17	n
78420964	2556	1488	-15.83	-0.17	n
78430964	2559	1494	-16.08	-0.65	n
78440964	2559	1493	-16.08	-0.57	n
78450964	2559	1495	-16.08	-0.73	n
78460964	2559	1498	-16.08	-0.97	n
78470964	2559	1502	-16.08	-1.29	Location:lat:35.504266lon:139.465215;;Time:05:44:12:00;;
78480963	2559	1505	-16.08	-1.53	n
78490962	2559	1505	-16.08	-1.53	n
78500961	2559	1509	-16.08	-1.86	n
78510962	2559	1512	-16.08	-2.10	n
78520961	2559	1517	-16.08	-2.50	n
78530960	2559	1518	-16.08	-2.58	n
78540960	2559	1520	-16.08	-2.74	n
78550960	2559	1520	-16.08	-2.74	n
78560960	2559	1520	-16.08	-2.74	n
78570960	2559	1523	-16.08	-2.98	n
78580960	2559	1524	-16.08	-3.06	n
78590959	2559	1526	-16.08	-3.22	n
78600959	2559	1530	-16.08	-3.54	n
78610959	2559	1532	-16.08	-3.70	n
78620959	2559	1533	-16.08	-3.78	n
78630958	2559	1535	-16.08	-3.94	n
78640958	2559	1535	-16.08	-3.94	n
78650958	2559	1535	-16.08	-3.94	n
78660958	2559	1535	-16.08	-3.94	n
78670957	2559	1535	-16.08	-3.94	n
78680956	2559	1535	-16.08	-3.94	n
78690956	2559	1535	-16.08	-3.94	n
78700956	2559	1535	-16.08	-3.94	n
78710960	2559	1535	-16.08	-3.94	n
78720960	2559	1535	-16.08	-3.94	n
78730959	2559	1535	-16.08	-3.94	n
78740959	2556	1535	-15.83	-3.94	n
78750958	2556	1556	-15.83	-5.63	n
78760958	2553	1556	-15.58	-5.63	n
78770958	2552	1557	-15.49	-5.71	n
78780958	2550	1556	-15.33	-5.63	n
78790958	2547	1557	-15.08	-5.71	n
78800958	2545	1558	-14.91	-5.79	n
78810958	2544	1559	-14.83	-5.87	n
78820958	2544	1559	-14.83	-5.87	n
78830958	2542	1559	-14.66	-5.87	Location:lat:35.504266lon:139.465215;;Date:2024/12/8;;Time:05:44:12:00;;
78840957	2535	1559	-14.07	-5.87	n
78850956	2533	1562	-13.91	-6.11	n
78860956	2529	1562	-13.57	-6.11	n
78870956	2530	1563	-13.66	-6.19	n
78880956	2527	1565	-13.40	-6.35	n
78890956	2522	1563	-12.99	-6.19	n
78900956	2518	1566	-12.65	-6.43	n
78910956	2515	1566	-12.40	-6.43	n
78920956	2513	1566	-12.23	-6.43	n
78930956	2511	1566	-12.07	-6.43	n
78940956	2508	1566	-11.82	-6.43	n
78950956	2503	1566	-11.40	-6.43	n
78960956	2498	1566	-10.98	-6.43	n
78970956	2496	1565	-10.81	-6.35	n
78980956	2492	1566	-10.48	-6.43	n
78990956	2487	1565	-10.06	-6.35	n
79000956	2485	1567	-9.89	-6.51	n
79010956	2482	1565	-9.64	-6.35	n
79020956	2480	1565	-9.48	-6.35	n
79030956	2471	1565	-8.72	-6.35	n
79040956	2467	1563	-8.39	-6.19	n
79050956	2466	1562	-8.31	-6.11	n
79060956	2462	1563	-7.97	-6.19	n
79070956	2458	1562	-7.64	-6.11	n
79080956	2451	1562	-7.05	-6.11	n
79090955	2449	1562	-6.88	-6.11	n
79100955	2448	1562	-6.80	-6.11	n
79110954	2439	1559	-6.05	-5.87	n
79120954	2435	1558	-5.71	-5.79	n
79130954	2429	1561	-5.21	-6.03	n
79140954	2427	1558	-5.05	-5.79	n
79150954	2423	1558	-4.71	-5.79	n
79160954	2416	1558	-4.13	-5.79	n
79170954	2412	1556	-3.79	-5.63	n
79180954	2409	1555	-3.54	-5.55	n
79190954	2403	1535	-3.04	-3.94	n
79200954	2401	1535	-2.87	-3.94	n
79210954	2397	1535	-2.54	-3.94	n
79220954	2388	1535	-1.79	-3.94	n
79230954	2387	1535	-1.70	-3.94	n
79240954	2384	1535	-1.45	-3.94	n
79250954	2381	1535	-1.20	-3.94	n
79260954	2375	1535	-0.70	-3.94	n
79270954	2370	1535	-0.28	-3.94	n
79280953	2366	1535	0.05	-3.94	n
79290953	2365	1535	0.14	-3.94	n
79300953	2355	1535	0.97	-3.94	n
79310954	2352	1535	1.22	-3.94	n
79320954	2352	1535	1.22	-3.94	n
79330954	2346	1535	1.73	-3.94	n
79340953	2342	1535	2.06	-3.94	n
79350954	2338	1533	2.39	-3.78	n
79360954	2331	1534	2.98	-3.86	Location:lat:35.504261lon:139.465216;;Date:2024/12/8;;Time:05:44:13:00;;
79370953	2327	1532	3.31	-3.70	n
79380953	2321	1530	3.82	-3.54	n
79390953	2320	1527	3.90	-3.30	n
79400961	2316	1523	4.23	-2.98	n
79410961	2313	1523	4.48	-2.98	n
79420961	2312	1521	4.57	-2.82	n
79430960	2306	1520	5.07	-2.74	n
79440960	2299	1520	5.65	-2.74	n
79450964	2297	1520	5.82	-2.74	n
79460963	2291	1520	6.32	-2.74	n
79470962	2288	1517	6.57	-2.50	Location:lat:35.504261lon:139.465216;;Time:05:44:13:00;;
79480962	2287	1515	6.66	-2.34	n
79490962	2282	1515	7.08	-2.34	n
79500961	2279	1511	7.33	-2.02	n
79510962	2278	1509	7.41	-1.86	n
79520965	2274	1508	7.74	-1.78	n
79530964	2269	1506	8.16	-1.61	n
79540964	2265	1506	8.50	-1.61	n
79550963	2261	1502	8.83	-1.29	n
79560963	2261	1502	8.83	-1.29	n
79570962	2257	1500	9.17	-1.13	n
79580962	2256	1499	9.25	-1.05	n
79590962	2254	1497	9.42	-0.89	n
79600962	2253	1495	9.50	-0.73	n
79610962	2247	1491	10.00	-0.41	n
79620962	2243	1491	10.34	-0.41	n
79630962	2242	1493	10.42	-0.57	n
79640962	2241	1491	10.50	-0.41	n
79650962	2239	1488	10.67	-0.17	n
79660961	2231	1488	11.34	-0.17	n
79670961	2231	1488	11.34	-0.17	n
79680960	2230	1487	11.42	-0.09	n
79690960	2226	1487	11.76	-0.09	n
79700960	2224	1483	11.92	0.23	n
79710960	2225	1483	11.84	0.23	n
79720960	2224	1481	11.92	0.39	n
79730960	2223	1481	12.01	0.39	n
79740960	2221	1478	12.17	0.63	n
79750959	2220	1477	12.26	0.72	n
79760959	2214	1474	12.76	0.96	n
79770959	2213	1474	12.84	0.96	n
79780962	2213	1475	12.84	0.88	n
79790962	2213	1474	12.84	0.96	n
79800962	2213	1473	12.84	1.04	n
79810962	2213	1473	12.84	1.04	n
79820962	2212	1470	12.93	1.28	Location:lat:35.504261lon:139.465216;;Date:2024/12/8;;Time:05:44:13:00;;
79830962	2210	1469	13.09	1.36	n
79840962	2210	1469	13.09	1.36	n
79850962	2211	1467	13.01	1.52	n
79860962	2208	1467	13.26	1.52	n
79870962	2207	1463	13.34	1.84	n
79880962	2208	1463	13.26	1.84	n
79890961	2209	1462	13.18	1.92	n
79900961	2208	1459	13.26	2.16	n
79910962	2208	1459	13.26	2.16	n
79920962	2211	1460	13.01	2.08	n
79930961	2210	1458	13.09	2.24	n
79940960	2209	1456	13.18	2.40	n
79950959	2210	1456	13.09	2.40	n
79960959	2213	1456	12.84	2.40	n
79970958	2213	1456	12.84	2.40	n
79980958	2212	1455	12.93	2.48	n
79990958	2214	1455	12.76	2.48	n
80000958	2211	1453	13.01	2.64	n
80010958	2214	1453	12.76	2.64	n
80020958	2215	1451	12.68	2.80	n
80030958	2218	1451	12.43	2.80	n
80040957	2219	1451	12.34	2.80	n
80050956	2220	1450	12.26	2.88	n
80060956	2224	1449	11.92	2.96	n
80070956	2224	1449	11.92	2.96	n
80080956	2224	1447	11.92	3.13	n
80090956	2224	1447	11.92	3.13	n
80100956	2226	1447	11.76	3.13	n
80110956	2229	1449	11.51	2.96	n
80120956	2232	1447	11.25	3.13	n
80130956	2234	1446	11.09	3.21	n
80140955	2236	1444	10.92	3.37	n
80150955	2240	1445	10.59	3.29	n
80160955	2241	1444	10.50	3.37	n
80170954	2245	1446	10.17	3.21	n
80180954	2250	1445	9.75	3.29	n
80190953	2250	1445	9.75	3.29	n
80200954	2251	1445	9.67	3.29	n
80210954	2254	1445	9.42	3.29	n
80220954	2256	1445	9.25	3.29	n
80230954	2260	1445	8.91	3.29	n
80240953	2261	1445	8.83	3.29	n
80250954	2263	1445	8.66	3.29	n
80260954	2268	1445	8.25	3.29	n
80270954	2269	1445	8.16	3.29	n
80280954	2273	1445	7.83	3.29	n
80290954	2277	1446	7.49	3.21	n
80300954	2282	1448	7.08	3.04	n
80310953	2283	1445	6.99	3.29	n
80320953	2287	1446	6.66	3.21	n
80330953	2288	1446	6.57	3.21	n
80340954	2291	1447	6.32	3.13	n
80350954	2292	1447	6.24	3.13	n
80360954	2300	1447	5.57	3.13	Location:lat:35.504258lon:139.465211;;Date:2024/12/8;;Time:05:44:14:00;;
80370954	2302	1447	5.40	3.13	n
80380954	2307	1447	4.99	3.13	n
80390954	2311	1446	4.65	3.21	n
80400957	2314	1447	4.40	3.13	n
80410956	2318	1447	4.07	3.13	n
80420956	2320	1450	3.90	2.88	n
80430955	2320	1450	3.90	2.88	n
80440955	2325	1449	3.48	2.96	n
80450955	2330	1449	3.06	2.96	n
80460955	2334	1450	2.73	2.88	n
80470955	2338	1451	2.39	2.80	Location:lat:35.504258lon:139.465211;;Time:05:44:14:00;;
80480955	2346	1451	1.73	2.80	n
80490955	2349	1451	1.47	2.80	n
80500954	2351	1452	1.31	2.72	n
80510954	2352	1450	1.22	2.88	n
80520954	2355	1453	0.97	2.64	n
80530954	2362	1453	0.39	2.64	n
80540954	2366	1454	0.05	2.56	n
80550954	2367	1454	-0.03	2.56	n
80560954	2374	1455	-0.62	2.48	n
80570954	2379	1456	-1.03	2.40	n
80580954	2383	1456	-1.37	2.40	n
80590954	2384	1456	-1.45	2.40	n
80600953	2387	1456	-1.70	2.40	n
80610953	2389	1456	-1.87	2.40	n
80620952	2391	1456	-2.04	2.40	n
80630952	2400	1457	-2.79	2.32	n
80640952	2401	1457	-2.87	2.32	n
80650952	2406	1456	-3.29	2.40	n
80660952	2410	1458	-3.62	2.24	n
80670952	2411	1457	-3.71	2.32	n
80680952	2415	1459	-4.04	2.16	n
80690951	2419	1460	-4.38	2.08	n
80700950	2423	1461	-4.71	2.00	n
80710950	2426	1462	-4.96	1.92	n
80720950	2429	1463	-5.21	1.84	n
80730950	2432	1464	-5.46	1.76	n
80740951	2436	1463	-5.80	1.84	n
80750951	2445	1469	-6.55	1.36	n
80760951	2448	1469	-6.80	1.36	n
80770951	2448	1469	-6.80	1.36	n
80780951	2451	1469	-7.05	1.36	n
80790951	2455	1471	-7.39	1.20	n
80800950	2456	1469	-7.47	1.36	n
80810951	2462	1470	-7.97	1.28	n
80820951	2465	1471	-8.22	1.20	n
80830951	2466	1471	-8.31	1.20	Location:lat:35.504258lon:139.465211;;Date:2024/12/8;;Time:05:44:14:00;;
80840951	2469	1470	-8.56	1.28	n
80850951	2475	1471	-9.06	1.20	n
80860951	2479	1471	-9.39	1.20	n
80870951	2480	1472	-9.48	1.12	n
80880951	2481	1471	-9.56	1.20	n
80890951	2483	1472	-9.73	1.12	n
80900951	2486	1472	-9.98	1.12	n
80910951	2489	1472	-10.23	1.12	n
80920950	2491	1472	-10.40	1.12	n
80930950	2491	1472	-10.40	1.12	n
80940950	2496	1474	-10.81	0.96	n
80950950	2496	1474	-10.81	0.96	n
80960950	2497	1477	-10.90	0.72	n
80970950	2501	1478	-11.23	0.63	n
80980950	2505	1477	-11.57	0.72	n
80990950	2505	1478	-11.57	0.63	n
81000951	2507	1477	-11.73	0.72	n
81010950	2510	1479	-11.98	0.55	n
81020951	2510	1477	-11.98	0.72	n
81030951	2512	1480	-12.15	0.47	n
81040951	2512	1478	-12.15	0.63	n
81050951	2515	1482	-12.40	0.31	n
81060951	2515	1481	-12.40	0.39	n
81070951	2514	1483	-12.32	0.23	n
81080951	2514	1481	-12.32	0.39	n
81090951	2518	1481	-12.65	0.39	n
81100951	2522	1483	-12.99	0.23	n
81110951	2522	1483	-12.99	0.23	n
81120951	2521	1485	-12.90	0.07	n
81130951	2525	1485	-13.24	0.07	n
81140951	2523	1485	-13.07	0.07	n
81150951	2523	1485	-13.07	0.07	n
81160951	2523	1485	-13.07	0.07	n
81170951	2523	1486	-13.07	-0.01	n
81180950	2525	1487	-13.24	-0.09	n
81190949	2522	1487	-12.99	-0.09	n
81200948	2523	1488	-13.07	-0.17	n
81210947	2523	1488	-13.07	-0.17	n
81220947	2524	1488	-13.15	-0.17	n
81230947	2523	1488	-13.07	-0.17	n
81240947	2523	1488	-13.07	-0.17	n
81250947	2523	1488	-13.07	-0.17	n
81260947	2520	1488	-12.82	-0.17	n
81270947	2521	1488	-12.90	-0.17	n
81280947	2519	1488	-12.74	-0.17	n
81290947	2521	1489	-12.90	-0.25	n
81300946	2517	1488	-12.57	-0.17	n
81310946	2515	1489	-12.40	-0.25	n
81320945	2515	1488	-12.40	-0.17	n
81330945	2515	1489	-12.40	-0.25	n
81340945	2517	1488	-12.57	-0.17	n
81350944	2513	1488	-12.23	-0.17	n
81360944	2512	1489	-12.15	-0.25	Location:lat:35.504250lon:139.465216;;Date:2024/12/8;;Time:05:44:15:00;;
81370944	2511	1489	-12.07	-0.25	n
81380944	2509	1488	-11.90	-0.17	n
81390944	2509	1489	-11.90	-0.25	n
81400944	2507	1488	-11.73	-0.17	n
81410947	2505	1488	-11.57	-0.17	n
81420947	2503	1489	-11.40	-0.25	n
81430946	2499	1489	-11.06	-0.25	n
81440945	2497	1488	-10.90	-0.17	n
81450945	2495	1489	-10.73	-0.25	n
81460945	2494	1488	-10.65	-0.17	n
81470946	2494	1490	-10.65	-0.33	Location:lat:35.504250lon:139.465216;;Time:05:44:15:00;;
81480946	2490	1488	-10.31	-0.17	n
81490946	2490	1490	-10.31	-0.33	n
81500945	2486	1488	-9.98	-0.17	n
81510944	2483	1489	-9.73	-0.25	n
81520944	2481	1488	-9.56	-0.17	n
81530944	2480	1488	-9.48	-0.17	n
81540952	2479	1488	-9.39	-0.17	n
81550952	2478	1488	-9.31	-0.17	n
81560951	2471	1488	-8.72	-0.17	n
81570951	2468	1489	-8.47	-0.25	n
81580951	2468	1489	-8.47	-0.25	n
81590951	2465	1489	-8.22	-0.25	n
81600951	2463	1489	-8.05	-0.25	n
81610951	2457	1488	-7.55	-0.17	n
81620951	2458	1489	-7.64	-0.25	n
81630951	2453	1489	-7.22	-0.25	n
81640951	2448	1488	-6.80	-0.17	n
81650951	2447	1488	-6.72	-0.17	n
81660950	2447	1488	-6.72	-0.17	n
81670950	2442	1488	-6.30	-0.17	n
81680951	2437	1490	-5.88	-0.33	n
81690951	2433	1488	-5.55	-0.17	n
81700950	2431	1488	-5.38	-0.17	n
81710950	2427	1489	-5.05	-0.25	n
81720950	2424	1488	-4.79	-0.17	n
81730951	2422	1489	-4.63	-0.25	n
81740952	2417	1489	-4.21	-0.25	n
81750951	2414	1489	-3.96	-0.25	n
81760951	2412	1488	-3.79	-0.17	n
81770954	2410	1488	-3.62	-0.17	n
81780954	2410	1488	-3.62	-0.17	n
81790954	2403	1488	-3.04	-0.17	n
81800954	2399	1489	-2.70	-0.25	n
81810954	2395	1489	-2.37	-0.25	n
81820954	2391	1488	-2.04	-0.17	n
81830954	2389	1488	-1.87	-0.17	Location:lat:35.504250lon:139.465216;;Date:2024/12/8;;Time:05:44:15:00;;
81840954	2386	1490	-1.62	-0.33	n
81850954	2386	1488	-1.62	-0.17	n
81860954	2383	1489	-1.37	-0.25	n
81870954	2379	1488	-1.03	-0.17	n
81880954	2374	1488	-0.62	-0.17	n
81890954	2372	1488	-0.45	-0.17	n
81900954	2367	1488	-0.03	-0.17	n
81910954	2367	1488	-0.03	-0.17	n
81920954	2363	1488	0.30	-0.17	n
81930954	2357	1488	0.81	-0.17	n
81940954	2353	1488	1.14	-0.17	n
81950954	2352	1488	1.22	-0.17	n
81960954	2352	1489	1.22	-0.25	n
81970954	2351	1488	1.31	-0.17	n
81980954	2345	1488	1.81	-0.17	n
81990954	2342	1488	2.06	-0.17	n
82000954	2337	1489	2.48	-0.25	n
82010954	2334	1488	2.73	-0.17	n
82020954	2333	1488	2.81	-0.17	n
82030954	2329	1489	3.15	-0.25	n
82040954	2323	1488	3.65	-0.17	n
82050954	2320	1488	3.90	-0.17	n
82060954	2318	1488	4.07	-0.17	n
82070954	2317	1488	4.15	-0.17	n
82080954	2314	1488	4.40	-0.17	n
82090954	2311	1488	4.65	-0.17	n
82100954	2311	1488	4.65	-0.17	n
82110954	2308	1488	4.90	-0.17	n
82120954	2305	1488	5.15	-0.17	n
82130954	2303	1489	5.32	-0.25	n
82140954	2298	1488	5.74	-0.17	n
82150954	2295	1488	5.99	-0.17	n
82160954	2293	1488	6.16	-0.17	n
82170954	2292	1488	6.24	-0.17	n
82180954	2289	1488	6.49	-0.17	n
82190954	2289	1488	6.49	-0.17	n
82200954	2288	1488	6.57	-0.17	n
82210954	2285	1488	6.82	-0.17	n
82220954	2283	1488	6.99	-0.17	n
82230954	2279	1488	7.33	-0.17	n
82240954	2280	1488	7.24	-0.17	n
82250954	2279	1489	7.33	-0.25	n
82260954	2273	1488	7.83	-0.17	n
82270954	2274	1488	7.74	-0.17	n
82280954	2272	1488	7.91	-0.17	n
82290954	2270	1488	8.08	-0.17	n
82300954	2266	1488	8.41	-0.17	n
82310953	2267	1488	8.33	-0.17	n
82320954	2267	1488	8.33	-0.17	n
82330954	2262	1488	8.75	-0.17	n
82340953	2262	1488	8.75	-0.17	n
82350952	2261	1488	8.83	-0.17	n
82360952	2261	1488	8.83	-0.17	Location:lat:35.504247lon:139.465219;;Date:2024/12/8;;Time:05:44:16:00;;
82370952	2259	1488	9.00	-0.17	n
82380952	2258	1488	9.08	-0.17	n
82390952	2257	1488	9.17	-0.17	n
82400952	2257	1488	9.17	-0.17	n
82410951	2258	1488	9.08	-0.17	n
82420951	2258	1488	9.08	-0.17	n
82430951	2256	1488	9.25	-0.17	n
82440951	2256	1489	9.25	-0.25	n
82450951	2256	1488	9.25	-0.17	n
82460950	2256	1488	9.25	-0.17	n
82470950	2254	1488	9.42	-0.17	Location:lat:35.504247lon:139.465219;;Time:05:44:16:00;;
82480949	2256	1488	9.25	-0.17	n
82490949	2256	1490	9.25	-0.33	n
82500948	2256	1489	9.25	-0.25	n
82510948	2255	1488	9.33	-0.17	n
82520951	2255	1488	9.33	-0.17	n
82530951	2255	1488	9.33	-0.17	n
82540951	2255	1488	9.33	-0.17	n
82550951	2254	1488	9.42	-0.17	n
82560951	2256	1488	9.25	-0.17	n
82570951	2255	1488	9.33	-0.17	n
82580951	2256	1488	9.25	-0.17	n
82590950	2256	1488	9.25	-0.17	n
82600951	2257	1488	9.17	-0.17	n
82610951	2257	1488	9.17	-0.17	n
82620951	2259	1488	9.00	-0.17	n
82630951	2258	1488	9.08	-0.17	n
82640951	2257	1488	9.17	-0.17	n
82650951	2259	1488	9.00	-0.17	n
82660951	2259	1488	9.00	-0.17	n
82670950	2259	1488	9.00	-0.17	n
82680950	2261	1488	8.83	-0.17	n
82690950	2262	1489	8.75	-0.25	n
82700951	2268	1490	8.25	-0.33	n
82710951	2266	1489	8.41	-0.25	n
82720960	2265	1488	8.50	-0.17	n
82730960	2268	1488	8.25	-0.17	n
82740959	2270	1488	8.08	-0.17	n
82750959	2271	1488	7.99	-0.17	n
82760959	2273	1488	7.83	-0.17	n
82770959	2276	1488	7.58	-0.17	n
82780959	2276	1488	7.58	-0.17	n
82790962	2279	1488	7.33	-0.17	n
82800962	2281	1488	7.16	-0.17	n
82810962	2283	1488	6.99	-0.17	n
82820965	2281	1488	7.16	-0.17	n
82830965	2287	1488	6.66	-0.17	Location:lat:35.504247lon:139.465219;;Date:2024/12/8;;Time:05:44:16:00;;
82840965	2288	1488	6.57	-0.17	n
82850965	2288	1488	6.57	-0.17	n
82860965	2288	1488	6.57	-0.17	n
82870965	2291	1488	6.32	-0.17	n
82880965	2293	1488	6.16	-0.17	n
82890965	2295	1488	5.99	-0.17	n
82900965	2299	1488	5.65	-0.17	n
82910965	2303	1488	5.32	-0.17	n
82920965	2304	1488	5.24	-0.17	n
82930965	2307	1488	4.99	-0.17	n
82940965	2307	1488	4.99	-0.17	n
82950965	2310	1488	4.73	-0.17	n
82960965	2313	1488	4.48	-0.17	n
82970965	2315	1488	4.32	-0.17	n
82980965	2318	1488	4.07	-0.17	n
82990965	2319	1488	3.98	-0.17	n
83000965	2320	1488	3.90	-0.17	n
83010965	2323	1489	3.65	-0.25	n
83020965	2327	1488	3.31	-0.17	n
83030965	2327	1488	3.31	-0.17	n
83040965	2331	1488	2.98	-0.17	n
83050965	2335	1488	2.64	-0.17	n
83060965	2337	1488	2.48	-0.17	n
83070965	2339	1488	2.31	-0.17	n
83080965	2346	1488	1.73	-0.17	n
83090965	2347	1488	1.64	-0.17	n
83100965	2349	1488	1.47	-0.17	n
83110965	2352	1488	1.22	-0.17	n
83120965	2353	1488	1.14	-0.17	n
83130965	2355	1488	0.97	-0.17	n
83140965	2358	1489	0.72	-0.25	n
83150965	2363	1489	0.30	-0.25	n
83160965	2365	1488	0.14	-0.17	n
83170965	2367	1489	-0.03	-0.25	n
83180965	2368	1488	-0.11	-0.17	n
83190965	2373	1488	-0.53	-0.17	n
83200965	2374	1488	-0.62	-0.17	n
83210964	2378	1488	-0.95	-0.17	n
83220963	2379	1488	-1.03	-0.17	n
83230963	2384	1488	-1.45	-0.17	n
83240963	2385	1488	-1.53	-0.17	n
83250963	2387	1488	-1.70	-0.17	n
83260962	2389	1488	-1.87	-0.17	n
83270962	2390	1488	-1.95	-0.17	n
83280961	2395	1488	-2.37	-0.17	n
83290961	2398	1489	-2.62	-0.25	n
83300961	2403	1488	-3.04	-0.17	n
83310962	2402	1488	-2.96	-0.17	n
83320962	2406	1488	-3.29	-0.17	n
83330963	2407	1489	-3.37	-0.25	n
83340963	2407	1488	-3.37	-0.17	n
83350962	2412	1488	-3.79	-0.17	n
83360961	2415	1488	-4.04	-0.17	Location:lat:35.504243lon:139.465211;;Date:2024/12/8;;Time:05:44:17:00;;
83370961	2416	1488	-4.13	-0.17	n
83380961	2420	1488	-4.46	-0.17	n
83390961	2422	1488	-4.63	-0.17	n
83400961	2422	1488	-4.63	-0.17	n
83410961	2426	1489	-4.96	-0.25	n
83420961	2429	1488	-5.21	-0.17	n
83430961	2431	1488	-5.38	-0.17	n
83440961	2432	1488	-5.46	-0.17	n
83450960	2434	1488	-5.63	-0.17	n
83460960	2435	1488	-5.71	-0.17	n
83470959	2437	1488	-5.88	-0.17	Location:lat:35.504243lon:139.465211;;Time:05:44:17:00;;
83480958	2443	1488	-6.38	-0.17	n
83490958	2447	1488	-6.72	-0.17	n
83500957	2447	1488	-6.72	-0.17	n
83510956	2448	1488	-6.80	-0.17	n
83520955	2448	1488	-6.80	-0.17	n
83530956	2449	1488	-6.88	-0.17	n
83540956	2451	1488	-7.05	-0.17	n
83550955	2453	1488	-7.22	-0.17	n
83560954	2457	1489	-7.55	-0.25	n
83570954	2451	1486	-7.05	-0.01	n
83580954	2457	1488	-7.55	-0.17	n
83590954	2459	1488	-7.72	-0.17	n
83600954	2463	1488	-8.05	-0.17	n
83610954	2465	1488	-8.22	-0.17	n
83620953	2467	1488	-8.39	-0.17	n
83630954	2466	1488	-8.31	-0.17	n
83640954	2466	1489	-8.31	-0.25	n
83650954	2468	1489	-8.47	-0.25	n
83660954	2469	1488	-8.56	-0.17	n
83670953	2470	1488	-8.64	-0.17	n
83680953	2470	1488	-8.64	-0.17	n
83690953	2475	1489	-9.06	-0.25	n
83700953	2473	1488	-8.89	-0.17	n
83710953	2476	1488	-9.14	-0.17	n
83720952	2477	1490	-9.23	-0.33	n
83730951	2479	1489	-9.39	-0.25	n
83740951	2478	1488	-9.31	-0.17	n
83750951	2477	1488	-9.23	-0.17	n
83760951	2478	1488	-9.31	-0.17	n
83770950	2479	1488	-9.39	-0.17	n
83780950	2479	1488	-9.39	-0.17	n
83790950	2478	1488	-9.31	-0.17	n
83800951	2477	1488	-9.23	-0.17	n
83810951	2479	1488	-9.39	-0.17	n
83820951	2477	1488	-9.23	-0.17	n
83830952	2477	1488	-9.23	-0.17	Location:lat:35.504243lon:139.465211;;Date:2024/12/8;;Time:05:44:17:00;;
83840952	2480	1488	-9.48	-0.17	n
83850952	2478	1488	-9.31	-0.17	n
83860952	2478	1488	-9.31	-0.17	n
83870952	2479	1488	-9.39	-0.17	n
83880952	2478	1488	-9.31	-0.17	n
83890952	2477	1489	-9.23	-0.25	n
83900952	2477	1488	-9.23	-0.17	n
83910952	2477	1488	-9.23	-0.17	n
83920952	2474	1488	-8.97	-0.17	n
83930952	2474	1489	-8.97	-0.25	n
83940952	2471	1488	-8.72	-0.17	n
83950952	2473	1489	-8.89	-0.25	n
83960952	2469	1488	-8.56	-0.17	n
83970952	2469	1488	-8.56	-0.17	n
83980952	2469	1488	-8.56	-0.17	n
83990952	2468	1488	-8.47	-0.17	n
84000952	2468	1489	-8.47	-0.25	n
84010952	2465	1488	-8.22	-0.17	n
84020952	2465	1488	-8.22	-0.17	n
84030952	2465	1488	-8.22	-0.17	n
84040952	2463	1488	-8.05	-0.17	n
84050951	2462	1488	-7.97	-0.17	n
84060951	2459	1488	-7.72	-0.17	n
84070951	2458	1488	-7.64	-0.17	n
84080950	2455	1488	-7.39	-0.17	n
84090950	2453	1488	-7.22	-0.17	n
84100950	2451	1488	-7.05	-0.17	n
84110949	2449	1488	-6.88	-0.17	n
84120948	2449	1489	-6.88	-0.25	n
84130947	2448	1488	-6.80	-0.17	n
84140947	2448	1488	-6.80	-0.17	n
84150946	2448	1488	-6.80	-0.17	n
84160946	2447	1488	-6.72	-0.17	n
84170946	2445	1488	-6.55	-0.17	n
84180946	2444	1488	-6.47	-0.17	n
84190946	2438	1488	-5.97	-0.17	n
84200946	2438	1489	-5.97	-0.25	n
84210946	2433	1488	-5.55	-0.17	n
84220946	2432	1488	-5.46	-0.17	n
84230945	2432	1488	-5.46	-0.17	n
84240944	2429	1488	-5.21	-0.17	n
84250943	2427	1488	-5.05	-0.17	n
84260943	2426	1488	-4.96	-0.17	n
84270943	2422	1488	-4.63	-0.17	n
84280943	2423	1488	-4.71	-0.17	n
84290942	2421	1488	-4.54	-0.17	n
84300941	2416	1488	-4.13	-0.17	n
84310942	2416	1488	-4.13	-0.17	n
84320942	2414	1488	-3.96	-0.17	n
84330945	2410	1488	-3.62	-0.17	n
84340945	2409	1488	-3.54	-0.17	n
84350945	2409	1488	-3.54	-0.17	n
84360949	2407	1489	-3.37	-0.25	Location:lat:35.504238lon:139.465213;;Date:2024/12/8;;Time:05:44:18:00;;
84370948	2406	1489	-3.29	-0.25	n
84380947	2403	1488	-3.04	-0.17	n
84390947	2401	1488	-2.87	-0.17	n
84400946	2399	1488	-2.70	-0.17	n
84410946	2395	1488	-2.37	-0.17	n
84420946	2394	1489	-2.29	-0.25	n
84430949	2390	1488	-1.95	-0.17	n
84440949	2389	1488	-1.87	-0.17	n
84450949	2387	1489	-1.70	-0.25	n
84460949	2387	1489	-1.70	-0.25	n
84470948	2385	1489	-1.53	-0.25	Location:lat:35.504238lon:139.465213;;Time:05:44:18:00;;
84480948	2384	1489	-1.45	-0.25	n
84490948	2379	1489	-1.03	-0.25	n
84500948	2379	1488	-1.03	-0.17	n
84510948	2377	1489	-0.87	-0.25	n
84520948	2374	1488	-0.62	-0.17	n
84530947	2370	1488	-0.28	-0.17	n
84540947	2367	1488	-0.03	-0.17	n
84550946	2369	1489	-0.20	-0.25	n
84560947	2366	1488	0.05	-0.17	n
84570950	2366	1488	0.05	-0.17	n
84580950	2363	1488	0.30	-0.17	n
84590951	2355	1489	0.97	-0.25	n
84600951	2355	1488	0.97	-0.17	n
84610950	2354	1488	1.06	-0.17	n
84620950	2352	1489	1.22	-0.25	n
84630949	2352	1489	1.22	-0.25	n
84640949	2351	1488	1.31	-0.17	n
84650949	2349	1490	1.47	-0.33	n
84660949	2345	1488	1.81	-0.17	n
84670949	2345	1488	1.81	-0.17	n
84680949	2342	1488	2.06	-0.17	n
84690948	2341	1489	2.14	-0.25	n
84700948	2337	1488	2.48	-0.17	n
84710948	2337	1488	2.48	-0.17	n
84720948	2334	1488	2.73	-0.17	n
84730948	2333	1488	2.81	-0.17	n
84740948	2331	1489	2.98	-0.25	n
84750948	2332	1488	2.90	-0.17	n
84760948	2326	1488	3.40	-0.17	n
84770948	2321	1488	3.82	-0.17	n
84780948	2321	1488	3.82	-0.17	n
84790957	2322	1488	3.73	-0.17	n
84800957	2320	1488	3.90	-0.17	n
84810957	2319	1488	3.98	-0.17	n
84820957	2318	1488	4.07	-0.17	n
84830957	2318	1488	4.07	-0.17	Location:lat:35.504238lon:139.465213;;Date:2024/12/8;;Time:05:44:18:00;;
84840957	2315	1488	4.32	-0.17	n
84850956	2316	1489	4.23	-0.25	n
84860956	2314	1489	4.40	-0.25	n
84870956	2312	1488	4.57	-0.17	n
84880956	2313	1488	4.48	-0.17	n
84890956	2311	1489	4.65	-0.25	n
84900956	2311	1488	4.65	-0.17	n
84910956	2310	1488	4.73	-0.17	n
84920956	2310	1488	4.73	-0.17	n
84930956	2309	1488	4.82	-0.17	n
84940956	2309	1489	4.82	-0.25	n
84950956	2305	1488	5.15	-0.17	n
84960956	2304	1488	5.24	-0.17	n
84970956	2304	1488	5.24	-0.17	n
84980956	2303	1489	5.32	-0.25	n
84990956	2303	1488	5.32	-0.17	n
85000956	2302	1488	5.40	-0.17	n
85010956	2301	1489	5.49	-0.25	n
85020956	2302	1489	5.40	-0.25	n
85030956	2301	1489	5.49	-0.25	n
85040956	2299	1488	5.65	-0.17	n
85050956	2298	1488	5.74	-0.17	n
85060956	2301	1488	5.49	-0.17	n
85070956	2301	1488	5.49	-0.17	n
85080956	2298	1488	5.74	-0.17	n
85090956	2299	1489	5.65	-0.25	n
85100956	2299	1488	5.65	-0.17	n
85110956	2297	1488	5.82	-0.17	n
85120956	2298	1488	5.74	-0.17	n
85130956	2299	1488	5.65	-0.17	n
85140956	2298	1488	5.74	-0.17	n
85150956	2299	1488	5.65	-0.17	n
85160956	2298	1488	5.74	-0.17	n
85170956	2298	1489	5.74	-0.25	n
85180956	2298	1489	5.74	-0.25	n
85190956	2299	1488	5.65	-0.17	n
85200956	2301	1488	5.49	-0.17	n
85210956	2300	1488	5.57	-0.17	n
85220956	2300	1488	5.57	-0.17	n
85230956	2301	1488	5.49	-0.17	n
85240956	2299	1488	5.65	-0.17	n
85250956	2301	1488	5.49	-0.17	n
85260956	2303	1488	5.32	-0.17	n
85270956	2302	1488	5.40	-0.17	n
85280956	2303	1488	5.32	-0.17	n
85290956	2304	1488	5.24	-0.17	n
85300957	2305	1488	5.15	-0.17	n
85310957	2306	1488	5.07	-0.17	n
85320957	2309	1488	4.82	-0.17	n
85330957	2310	1488	4.73	-0.17	n
85340957	2311	1488	4.65	-0.17	n
85350956	2309	1488	4.82	-0.17	n
85360957	2313	1488	4.48	-0.17	Location:lat:35.504268lon:139.465207;;Date:2024/12/8;;Time:05:44:19:00;;
85370957	2310	1488	4.73	-0.17	n
85380957	2311	1488	4.65	-0.17	n
85390957	2314	1489	4.40	-0.25	n
85400957	2315	1488	4.32	-0.17	n
85410957	2314	1488	4.40	-0.17	n
85420957	2315	1489	4.32	-0.25	n
85430957	2317	1488	4.15	-0.17	n
85440961	2318	1488	4.07	-0.17	n
85450961	2319	1488	3.98	-0.17	n
85460961	2320	1488	3.90	-0.17	n
85470960	2320	1489	3.90	-0.25	Location:lat:35.504268lon:139.465207;;Time:05:44:19:00;;
85480960	2320	1489	3.90	-0.25	n
85490960	2321	1488	3.82	-0.17	n
85500960	2321	1488	3.82	-0.17	n
85510960	2323	1489	3.65	-0.25	n
85520960	2327	1488	3.31	-0.17	n
85530960	2325	1488	3.48	-0.17	n
85540963	2329	1488	3.15	-0.17	n
85550963	2330	1488	3.06	-0.17	n
85560963	2334	1488	2.73	-0.17	n
85570962	2333	1488	2.81	-0.17	n
85580962	2335	1489	2.64	-0.25	n
85590962	2337	1489	2.48	-0.25	n
85600961	2339	1488	2.31	-0.17	n
85610961	2339	1488	2.31	-0.17	n
85620967	2343	1488	1.98	-0.17	n
85630968	2342	1488	2.06	-0.17	n
85640968	2347	1489	1.64	-0.25	n
85650968	2347	1488	1.64	-0.17	n
85660968	2349	1489	1.47	-0.25	n
85670969	2351	1488	1.31	-0.17	n
85680969	2352	1488	1.22	-0.17	n
85690969	2351	1488	1.31	-0.17	n
85700968	2352	1488	1.22	-0.17	n
85710968	2353	1488	1.14	-0.17	n
85720968	2355	1488	0.97	-0.17	n
85730968	2357	1488	0.81	-0.17	n
85740968	2359	1488	0.64	-0.17	n
85750968	2362	1488	0.39	-0.17	n
85760968	2366	1488	0.05	-0.17	n
85770967	2367	1489	-0.03	-0.25	n
85780966	2367	1488	-0.03	-0.17	n
85790966	2367	1489	-0.03	-0.25	n
85800966	2368	1488	-0.11	-0.17	n
85810965	2370	1488	-0.28	-0.17	n
85820965	2373	1488	-0.53	-0.17	n
85830965	2373	1488	-0.53	-0.17	Location:lat:35.504268lon:139.465207;;Date:2024/12/8;;Time:05:44:19:00;;
85840965	2373	1488	-0.53	-0.17	n
85850965	2378	1488	-0.95	-0.17	n
85860965	2378	1488	-0.95	-0.17	n
85870965	2382	1488	-1.28	-0.17	n
85880964	2383	1488	-1.37	-0.17	n
85890965	2384	1488	-1.45	-0.17	n
85900965	2384	1488	-1.45	-0.17	n
85910964	2385	1488	-1.53	-0.17	n
85920965	2385	1488	-1.53	-0.17	n
85930965	2386	1488	-1.62	-0.17	n
85940964	2390	1488	-1.95	-0.17	n
85950965	2390	1488	-1.95	-0.17	n
85960965	2390	1488	-1.95	-0.17	n
85970965	2391	1488	-2.04	-0.17	n
85980965	2393	1488	-2.20	-0.17	n
85990965	2397	1488	-2.54	-0.17	n
86000964	2399	1489	-2.70	-0.25	n
86010963	2397	1489	-2.54	-0.25	n
86020963	2401	1488	-2.87	-0.17	n
86030963	2401	1488	-2.87	-0.17	n
86040963	2402	1488	-2.96	-0.17	n
86050963	2405	1489	-3.21	-0.25	n
86060963	2406	1488	-3.29	-0.17	n
86070963	2409	1489	-3.54	-0.25	n
86080963	2407	1489	-3.37	-0.25	n
86090963	2410	1488	-3.62	-0.17	n
86100963	2407	1488	-3.37	-0.17	n
86110963	2411	1488	-3.71	-0.17	n
86120963	2413	1488	-3.88	-0.17	n
86130963	2413	1488	-3.88	-0.17	n
86140962	2413	1488	-3.88	-0.17	n
86150962	2414	1488	-3.96	-0.17	n
86160962	2415	1488	-4.04	-0.17	n
86170962	2416	1489	-4.13	-0.25	n
86180962	2416	1488	-4.13	-0.17	n
86190962	2419	1488	-4.38	-0.17	n
86200962	2419	1488	-4.38	-0.17	n
86210961	2422	1488	-4.63	-0.17	n
86220962	2421	1488	-4.54	-0.17	n
86230962	2422	1488	-4.63	-0.17	n
86240962	2423	1488	-4.71	-0.17	n
86250962	2425	1488	-4.88	-0.17	n
86260962	2423	1488	-4.71	-0.17	n
86270962	2426	1488	-4.96	-0.17	n
86280962	2425	1488	-4.88	-0.17	n
86290962	2425	1488	-4.88	-0.17	n
86300962	2426	1488	-4.96	-0.17	n
86310962	2425	1488	-4.88	-0.17	n
86320961	2427	1488	-5.05	-0.17	n
86330961	2427	1489	-5.05	-0.25	n
86340960	2429	1489	-5.21	-0.25	n
86350960	2428	1488	-5.13	-0.17	n
86360960	2429	1488	-5.21	-0.17	Location:lat:35.504292lon:139.465209;;Date:2024/12/8;;Time:05:44:20:00;;
86370960	2428	1488	-5.13	-0.17	n
86380959	2429	1489	-5.21	-0.25	n
86390959	2429	1488	-5.21	-0.17	n
86400960	2431	1488	-5.38	-0.17	n
86410960	2431	1488	-5.38	-0.17	n
86420959	2429	1488	-5.21	-0.17	n
86430959	2431	1488	-5.38	-0.17	n
86440959	2429	1488	-5.21	-0.17	n
86450958	2429	1488	-5.21	-0.17	n
86460965	2429	1488	-5.21	-0.17	n
86470965	2429	1488	-5.21	-0.17	Location:lat:35.504292lon:139.465209;;Time:05:44:20:00;;
86480965	2431	1488	-5.38	-0.17	n
86490964	2427	1488	-5.05	-0.17	n
86500963	2429	1488	-5.21	-0.17	n
86510963	2428	1488	-5.13	-0.17	n
86520963	2429	1489	-5.21	-0.25	n
86530963	2429	1488	-5.21	-0.17	n
86540962	2427	1490	-5.05	-0.33	n
86550962	2427	1488	-5.05	-0.17	n
86560962	2426	1488	-4.96	-0.17	n
86570962	2425	1488	-4.88	-0.17	n
86580961	2427	1488	-5.05	-0.17	n
86590961	2426	1488	-4.96	-0.17	n
86600960	2425	1488	-4.88	-0.17	n
86610960	2426	1488	-4.96	-0.17	n
86620960	2427	1488	-5.05	-0.17	n
86630959	2423	1488	-4.71	-0.17	n
86640959	2425	1488	-4.88	-0.17	n
86650959	2422	1488	-4.63	-0.17	n
86660959	2423	1488	-4.71	-0.17	n
86670958	2423	1488	-4.71	-0.17	n
86680958	2425	1489	-4.88	-0.25	n
86690958	2421	1488	-4.54	-0.17	n
86700958	2421	1488	-4.54	-0.17	n
86710957	2420	1488	-4.46	-0.17	n
86720957	2417	1488	-4.21	-0.17	n
86730957	2416	1488	-4.13	-0.17	n
86740957	2416	1488	-4.13	-0.17	n
86750957	2416	1488	-4.13	-0.17	n
86760956	2415	1488	-4.04	-0.17	n
86770956	2416	1488	-4.13	-0.17	n
86780956	2413	1488	-3.88	-0.17	n
86790956	2412	1488	-3.79	-0.17	n
86800956	2411	1488	-3.71	-0.17	n
86810956	2412	1488	-3.79	-0.17	n
86820955	2410	1488	-3.62	-0.17	n
86830955	2407	1488	-3.37	-0.17	Location:lat:35.504292lon:139.465209;;Date:2024/12/8;;Time:05:44:20:00;;
86840955	2406	1489	-3.29	-0.25	n
86850955	2406	1488	-3.29	-0.17	n
86860954	2407	1488	-3.37	-0.17	n
86870954	2406	1488	-3.29	-0.17	n
86880954	2407	1488	-3.37	-0.17	n
86890954	2405	1488	-3.21	-0.17	n
86900953	2406	1490	-3.29	-0.33	n
86910954	2401	1488	-2.87	-0.17	n
86920954	2402	1489	-2.96	-0.25	n
86930954	2399	1488	-2.70	-0.17	n
86940954	2399	1488	-2.70	-0.17	n
86950954	2398	1488	-2.62	-0.17	n
86960954	2398	1488	-2.62	-0.17	n
86970954	2396	1488	-2.45	-0.17	n
86980954	2395	1488	-2.37	-0.17	n
86990953	2393	1488	-2.20	-0.17	n
87000952	2390	1488	-1.95	-0.17	n
87010952	2389	1488	-1.87	-0.17	n
87020952	2389	1488	-1.87	-0.17	n
87030952	2389	1489	-1.87	-0.25	n
87040952	2390	1488	-1.95	-0.17	n
87050952	2387	1488	-1.70	-0.17	n
87060952	2387	1488	-1.70	-0.17	n
87070952	2385	1488	-1.53	-0.17	n
87080952	2384	1488	-1.45	-0.17	n
87090952	2384	1488	-1.45	-0.17	n
87100951	2384	1488	-1.45	-0.17	n
87110951	2384	1488	-1.45	-0.17	n
87120951	2383	1488	-1.37	-0.17	n
87130951	2383	1488	-1.37	-0.17	n
87140951	2379	1488	-1.03	-0.17	n
87150951	2378	1488	-0.95	-0.17	n
87160950	2378	1488	-0.95	-0.17	n
87170949	2377	1488	-0.87	-0.17	n
87180948	2375	1489	-0.70	-0.25	n
87190948	2373	1488	-0.53	-0.17	n
87200947	2374	1488	-0.62	-0.17	n
87210946	2373	1488	-0.53	-0.17	n
87220946	2370	1488	-0.28	-0.17	n
87230946	2368	1488	-0.11	-0.17	n
87240946	2369	1488	-0.20	-0.17	n
87250945	2368	1488	-0.11	-0.17	n
87260944	2368	1488	-0.11	-0.17	n
87270943	2367	1488	-0.03	-0.17	n
87280943	2367	1488	-0.03	-0.17	n
87290943	2367	1488	-0.03	-0.17	n
87300942	2367	1488	-0.03	-0.17	n
87310943	2365	1487	0.14	-0.09	n
87320943	2361	1488	0.47	-0.17	n
87330943	2361	1488	0.47	-0.17	n
87340943	2359	1488	0.64	-0.17	n
87350943	2361	1488	0.47	-0.17	n
87360943	2358	1488	0.72	-0.17	Location:lat:35.504309lon:139.465209;;Date:2024/12/8;;Time:05:44:21:00;;
87370943	2355	1488	0.97	-0.17	n
87380943	2355	1489	0.97	-0.25	n
87390943	2354	1488	1.06	-0.17	n
87400943	2355	1488	0.97	-0.17	n
87410943	2353	1487	1.14	-0.09	n
87420943	2352	1487	1.22	-0.09	n
87430943	2352	1488	1.22	-0.17	n
87440946	2352	1488	1.22	-0.17	n
87450946	2352	1488	1.22	-0.17	n
87460945	2352	1488	1.22	-0.17	n
87470945	2351	1488	1.31	-0.17	Location:lat:35.504309lon:139.465209;;Time:05:44:21:00;;
87480946	2352	1488	1.22	-0.17	n
87490946	2351	1488	1.31	-0.17	n
87500946	2351	1488	1.31	-0.17	n
87510945	2349	1488	1.47	-0.17	n
87520945	2350	1488	1.39	-0.17	n
87530945	2349	1488	1.47	-0.17	n
87540949	2350	1488	1.39	-0.17	n
87550949	2348	1488	1.56	-0.17	n
87560957	2347	1488	1.64	-0.17	n
87570957	2346	1488	1.73	-0.17	n
87580957	2347	1488	1.64	-0.17	n
87590957	2347	1488	1.64	-0.17	n
87600957	2345	1488	1.81	-0.17	n
87610956	2347	1488	1.64	-0.17	n
87620956	2345	1488	1.81	-0.17	n
87630955	2343	1488	1.98	-0.17	n
87640955	2345	1487	1.81	-0.09	n
87650955	2343	1488	1.98	-0.17	n
87660955	2345	1488	1.81	-0.17	n
87670955	2345	1488	1.81	-0.17	n
87680955	2342	1488	2.06	-0.17	n
87690955	2342	1488	2.06	-0.17	n
87700954	2342	1488	2.06	-0.17	n
87710953	2342	1488	2.06	-0.17	n
87720953	2343	1488	1.98	-0.17	n
87730954	2342	1488	2.06	-0.17	n
87740954	2343	1488	1.98	-0.17	n
87750954	2343	1488	1.98	-0.17	n
87760954	2345	1488	1.81	-0.17	n
87770954	2343	1489	1.98	-0.25	n
87780953	2343	1488	1.98	-0.17	n
87790952	2342	1488	2.06	-0.17	n
87800952	2343	1488	1.98	-0.17	n
87810952	2342	1488	2.06	-0.17	n
87820952	2345	1488	1.81	-0.17	n
87830952	2343	1488	1.98	-0.17	Location:lat:35.504309lon:139.465209;;Date:2024/12/8;;Time:05:44:21:00;;
87840952	2343	1488	1.98	-0.17	n
87850951	2341	1488	2.14	-0.17	n
87860951	2344	1488	1.89	-0.17	n
87870951	2343	1488	1.98	-0.17	n
87880951	2346	1488	1.73	-0.17	n
87890951	2346	1488	1.73	-0.17	n
87900951	2344	1488	1.89	-0.17	n
87910951	2345	1488	1.81	-0.17	n
87920951	2346	1488	1.73	-0.17	n
87930951	2347	1488	1.64	-0.17	n
87940951	2347	1488	1.64	-0.17	n
87950951	2345	1488	1.81	-0.17	n
87960951	2347	1488	1.64	-0.17	n
87970951	2349	1488	1.47	-0.17	n
87980951	2348	1487	1.56	-0.09	n
87990951	2346	1488	1.73	-0.17	n
88000951	2348	1488	1.56	-0.17	n
88010951	2350	1488	1.39	-0.17	n
88020951	2350	1488	1.39	-0.17	n
88030951	2352	1488	1.22	-0.17	n
88040951	2349	1488	1.47	-0.17	n
88050951	2350	1487	1.39	-0.09	n
88060951	2351	1488	1.31	-0.17	n
88070951	2352	1488	1.22	-0.17	n
88080951	2352	1488	1.22	-0.17	n
88090951	2352	1487	1.22	-0.09	n
88100951	2352	1488	1.22	-0.17	n
88110951	2351	1488	1.31	-0.17	n
88120951	2352	1488	1.22	-0.17	n
88130951	2352	1488	1.22	-0.17	n
88140951	2353	1488	1.14	-0.17	n
88150951	2352	1488	1.22	-0.17	n
88160951	2352	1488	1.22	-0.17	n
88170951	2352	1488	1.22	-0.17	n
88180951	2352	1488	1.22	-0.17	n
88190951	2353	1488	1.14	-0.17	n
88200951	2353	1488	1.14	-0.17	n
88210951	2355	1488	0.97	-0.17	n
88220951	2357	1488	0.81	-0.17	n
88230951	2354	1488	1.06	-0.17	n
88240951	2356	1488	0.89	-0.17	n
88250951	2354	1487	1.06	-0.09	n
88260951	2357	1488	0.81	-0.17	n
88270951	2357	1488	0.81	-0.17	n
88280951	2357	1488	0.81	-0.17	n
88290951	2359	1488	0.64	-0.17	n
88300951	2361	1488	0.47	-0.17	n
88310952	2359	1488	0.64	-0.17	n
88320952	2362	1488	0.39	-0.17	n
88330952	2364	1488	0.22	-0.17	n
88340952	2365	1488	0.14	-0.17	n
88350952	2365	1488	0.14	-0.17	n
88360951	2365	1488	0.14	-0.17	Location:lat:35.504320lon:139.465209;;Date:2024/12/8;;Time:05:44:22:00;;
88370951	2367	1488	-0.03	-0.17	n
88380951	2367	1488	-0.03	-0.17	n
88390950	2367	1487	-0.03	-0.09	n
88400949	2367	1488	-0.03	-0.17	n
88410949	2367	1488	-0.03	-0.17	n
88420949	2366	1488	0.05	-0.17	n
88430949	2367	1488	-0.03	-0.17	n
88440949	2366	1488	0.05	-0.17	n
88450949	2368	1488	-0.11	-0.17	n
88460949	2367	1488	-0.03	-0.17	n
88470949	2368	1488	-0.11	-0.17	Location:lat:35.504320lon:139.465209;;Time:05:44:22:00;;
88480948	2371	1488	-0.36	-0.17	n
88490948	2370	1488	-0.28	-0.17	n
88500949	2371	1488	-0.36	-0.17	n
88510949	2371	1488	-0.36	-0.17	n
88520949	2374	1488	-0.62	-0.17	n
88530949	2374	1488	-0.62	-0.17	n
88540949	2372	1488	-0.45	-0.17	n
88550948	2374	1488	-0.62	-0.17	n
88560948	2373	1488	-0.53	-0.17	n
88570948	2373	1488	-0.53	-0.17	n
88580948	2375	1488	-0.70	-0.17	n
88590948	2375	1488	-0.70	-0.17	n
88600948	2378	1488	-0.95	-0.17	n
88610948	2377	1488	-0.87	-0.17	n
88620960	2379	1488	-1.03	-0.17	n
88630960	2379	1488	-1.03	-0.17	n
88640960	2381	1488	-1.20	-0.17	n
88650960	2382	1488	-1.28	-0.17	n
88660959	2383	1488	-1.37	-0.17	n
88670959	2382	1488	-1.28	-0.17	n
88680959	2381	1488	-1.20	-0.17	n
88690959	2383	1488	-1.37	-0.17	n
88700959	2383	1488	-1.37	-0.17	n
88710959	2383	1488	-1.37	-0.17	n
88720959	2383	1488	-1.37	-0.17	n
88730959	2383	1488	-1.37	-0.17	n
88740959	2384	1488	-1.45	-0.17	n
88750960	2384	1488	-1.45	-0.17	n
88760960	2384	1488	-1.45	-0.17	n
88770959	2384	1488	-1.45	-0.17	n
88780959	2384	1488	-1.45	-0.17	n
88790958	2384	1488	-1.45	-0.17	n
88800958	2385	1488	-1.53	-0.17	n
88810958	2384	1488	-1.45	-0.17	n
88820958	2384	1488	-1.45	-0.17	n
88830957	2384	1488	-1.45	-0.17	Location:lat:35.504320lon:139.465209;;Date:2024/12/8;;Time:05:44:22:00;;
88840957	2385	1487	-1.53	-0.09	n
88850957	2384	1488	-1.45	-0.17	n
88860957	2384	1488	-1.45	-0.17	n
88870957	2385	1488	-1.53	-0.17	n
88880956	2385	1488	-1.53	-0.17	n
88890956	2386	1488	-1.62	-0.17	n
88900955	2387	1488	-1.70	-0.17	n
88910954	2387	1488	-1.70	-0.17	n
88920954	2386	1488	-1.62	-0.17	n
88930954	2386	1488	-1.62	-0.17	n
88940954	2386	1488	-1.62	-0.17	n
88950953	2386	1488	-1.62	-0.17	n
88960954	2389	1488	-1.87	-0.17	n
88970954	2387	1488	-1.70	-0.17	n
88980954	2386	1488	-1.62	-0.17	n
88990954	2387	1488	-1.70	-0.17	n
89000954	2388	1488	-1.79	-0.17	n
89010954	2386	1488	-1.62	-0.17	n
89020954	2389	1488	-1.87	-0.17	n
89030954	2387	1487	-1.70	-0.09	n
89040954	2389	1488	-1.87	-0.17	n
89050954	2385	1488	-1.53	-0.17	n
89060953	2389	1488	-1.87	-0.17	n
89070954	2387	1487	-1.70	-0.09	n
89080954	2387	1488	-1.70	-0.17	n
89090954	2387	1488	-1.70	-0.17	n
89100954	2386	1488	-1.62	-0.17	n
89110954	2387	1488	-1.70	-0.17	n
89120953	2386	1488	-1.62	-0.17	n
89130954	2390	1488	-1.95	-0.17	n
89140954	2388	1488	-1.79	-0.17	n
89150954	2386	1488	-1.62	-0.17	n
89160954	2387	1488	-1.70	-0.17	n
89170954	2389	1488	-1.87	-0.17	n
89180953	2386	1488	-1.62	-0.17	n
89190954	2385	1488	-1.53	-0.17	n
89200954	2386	1488	-1.62	-0.17	n
89210954	2388	1489	-1.79	-0.25	n
89220954	2389	1488	-1.87	-0.17	n
89230954	2389	1488	-1.87	-0.17	n
89240954	2387	1488	-1.70	-0.17	n
89250954	2387	1488	-1.70	-0.17	n
89260954	2387	1488	-1.70	-0.17	n
89270953	2386	1487	-1.62	-0.09	n
89280952	2386	1488	-1.62	-0.17	n
89290952	2386	1488	-1.62	-0.17	n
89300952	2386	1488	-1.62	-0.17	n
89310952	2387	1488	-1.70	-0.17	n
89320952	2386	1488	-1.62	-0.17	n
89330952	2386	1488	-1.62	-0.17	n
89340952	2385	1488	-1.53	-0.17	n
89350952	2387	1488	-1.70	-0.17	n
89360951	2385	1488	-1.53	-0.17	Location:lat:35.504318lon:139.465205;;Date:2024/12/8;;Time:05:44:23:00;;
89370951	2385	1488	-1.53	-0.17	n
89380951	2389	1488	-1.87	-0.17	n
89390950	2386	1488	-1.62	-0.17	n
89400950	2386	1489	-1.62	-0.25	n
89410950	2385	1488	-1.53	-0.17	n
89420950	2385	1488	-1.53	-0.17	n
89430949	2386	1488	-1.62	-0.17	n
89440949	2385	1488	-1.53	-0.17	n
89450949	2386	1488	-1.62	-0.17	n
89460949	2385	1488	-1.53	-0.17	n
89470949	2384	1488	-1.45	-0.17	Location:lat:35.504318lon:139.465205;;Time:05:44:23:00;;
89480949	2384	1488	-1.45	-0.17	n
89490952	2384	1488	-1.45	-0.17	n
89500952	2385	1488	-1.53	-0.17	n
89510952	2385	1488	-1.53	-0.17	n
89520952	2385	1488	-1.53	-0.17	n
89530952	2384	1488	-1.45	-0.17	n
89540952	2384	1488	-1.45	-0.17	n
89550952	2384	1488	-1.45	-0.17	n
89560951	2384	1488	-1.45	-0.17	n
89570951	2384	1488	-1.45	-0.17	n
89580951	2384	1488	-1.45	-0.17	n
89590959	2384	1488	-1.45	-0.17	n
89600959	2384	1488	-1.45	-0.17	n
89610959	2385	1488	-1.53	-0.17	n
89620959	2384	1488	-1.45	-0.17	n
89630959	2384	1488	-1.45	-0.17	n
89640958	2385	1488	-1.53	-0.17	n
89650958	2384	1488	-1.45	-0.17	n
89660957	2384	1488	-1.45	-0.17	n
89670957	2386	1488	-1.62	-0.17	n
89680957	2384	1488	-1.45	-0.17	n
89690957	2383	1488	-1.37	-0.17	n
89700957	2384	1488	-1.45	-0.17	n
89710957	2384	1488	-1.45	-0.17	n
89720956	2384	1488	-1.45	-0.17	n
89730956	2384	1488	-1.45	-0.17	n
89740956	2384	1488	-1.45	-0.17	n
89750956	2384	1488	-1.45	-0.17	n
89760956	2384	1488	-1.45	-0.17	n
89770956	2384	1488	-1.45	-0.17	n
89780956	2385	1488	-1.53	-0.17	n
89790956	2385	1488	-1.53	-0.17	n
89800956	2384	1488	-1.45	-0.17	n
89810956	2384	1488	-1.45	-0.17	n
89820956	2384	1488	-1.45	-0.17	n
89830956	2384	1488	-1.45	-0.17	Location:lat:35.504318lon:139.465205;;Date:2024/12/8;;Time:05:44:23:00;;
89840956	2384	1487	-1.45	-0.09	n
89850956	2384	1488	-1.45	-0.17	n
89860956	2384	1488	-1.45	-0.17	n
89870956	2384	1488	-1.45	-0.17	n
89880955	2384	1488	-1.45	-0.17	n
89890955	2384	1488	-1.45	-0.17	n
89900954	2384	1487	-1.45	-0.09	n
89910953	2385	1488	-1.53	-0.17	n
89920953	2384	1488	-1.45	-0.17	n
89930954	2384	1488	-1.45	-0.17	n
89940954	2384	1488	-1.45	-0.17	n
89950954	2384	1488	-1.45	-0.17	n
89960954	2384	1488	-1.45	-0.17	n
89970954	2384	1488	-1.45	-0.17	n
89980954	2384	1488	-1.45	-0.17	n
89990954	2384	1488	-1.45	-0.17	n
90000954	2384	1488	-1.45	-0.17	n
90010954	2383	1488	-1.37	-0.17	n
90020954	2384	1488	-1.45	-0.17	n
90030953	2384	1488	-1.45	-0.17	n
90040953	2384	1488	-1.45	-0.17	n
90050954	2384	1488	-1.45	-0.17	n
90060954	2384	1488	-1.45	-0.17	n
90070954	2384	1488	-1.45	-0.17	n
90080954	2384	1488	-1.45	-0.17	n
90090953	2384	1488	-1.45	-0.17	n
90100954	2384	1488	-1.45	-0.17	n
90110954	2384	1488	-1.45	-0.17	n
90120954	2384	1488	-1.45	-0.17	n
90130954	2385	1488	-1.53	-0.17	n
90140954	2384	1488	-1.45	-0.17	n
90150954	2384	1488	-1.45	-0.17	n
90160954	2384	1488	-1.45	-0.17	n
90170954	2384	1488	-1.45	-0.17	n
90180954	2384	1488	-1.45	-0.17	n
90190953	2384	1488	-1.45	-0.17	n
90200954	2382	1487	-1.28	-0.09	n
90210954	2383	1487	-1.37	-0.09	n
90220954	2384	1488	-1.45	-0.17	n
90230953	2384	1488	-1.45	-0.17	n
90240954	2384	1488	-1.45	-0.17	n
90250954	2384	1488	-1.45	-0.17	n
90260954	2385	1488	-1.53	-0.17	n
90270954	2384	1488	-1.45	-0.17	n
90280954	2384	1488	-1.45	-0.17	n
90290954	2384	1488	-1.45	-0.17	n
90300954	2384	1488	-1.45	-0.17	n
90310954	2384	1488	-1.45	-0.17	n
90320953	2384	1488	-1.45	-0.17	n
90330953	2384	1487	-1.45	-0.09	n
90340953	2384	1488	-1.45	-0.17	n
90350953	2384	1488	-1.45	-0.17	n
90360952	2384	1488	-1.45	-0.17	Location:lat:35.504315lon:139.465202;;Date:2024/12/8;;Time:05:44:24:00;;
90370953	2384	1488	-1.45	-0.17	n
90380953	2384	1488	-1.45	-0.17	n
90390953	2386	1488	-1.62	-0.17	n
90400953	2384	1488	-1.45	-0.17	n
90410953	2384	1488	-1.45	-0.17	n
90420953	2384	1488	-1.45	-0.17	n
90430953	2384	1487	-1.45	-0.09	n
90440953	2384	1487	-1.45	-0.09	n
90450953	2383	1488	-1.37	-0.17	n
90460953	2384	1488	-1.45	-0.17	n
90470953	2384	1488	-1.45	-0.17	Location:lat:35.504315lon:139.465202;;Time:05:44:24:00;;
90480953	2384	1488	-1.45	-0.17	n
90490952	2384	1488	-1.45	-0.17	n
90500952	2384	1488	-1.45	-0.17	n
90510955	2384	1488	-1.45	-0.17	n
90520955	2384	1488	-1.45	-0.17	n
90530955	2384	1488	-1.45	-0.17	n
90540955	2384	1489	-1.45	-0.25	n
90550955	2384	1488	-1.45	-0.17	n
90560955	2384	1487	-1.45	-0.09	n
90570955	2384	1488	-1.45	-0.17	n
90580955	2384	1488	-1.45	-0.17	n
90590955	2384	1488	-1.45	-0.17	n
90600955	2384	1488	-1.45	-0.17	n
90610955	2384	1488	-1.45	-0.17	n
90620955	2384	1488	-1.45	-0.17	n
90630955	2384	1488	-1.45	-0.17	n
90640955	2384	1487	-1.45	-0.09	n
90650955	2384	1488	-1.45	-0.17	n
90660956	2384	1488	-1.45	-0.17	n
90670955	2385	1488	-1.53	-0.17	n
90680954	2384	1488	-1.45	-0.17	n
90690954	2384	1488	-1.45	-0.17	n
90700953	2384	1488	-1.45	-0.17	n
90710953	2384	1488	-1.45	-0.17	n
90720953	2384	1488	-1.45	-0.17	n
90730953	2384	1488	-1.45	-0.17	n
90740953	2384	1488	-1.45	-0.17	n
90750953	2384	1488	-1.45	-0.17	n
90760953	2384	1488	-1.45	-0.17	n
90770953	2385	1488	-1.53	-0.17	n
90780953	2384	1488	-1.45	-0.17	n
90790954	2384	1488	-1.45	-0.17	n
90800954	2384	1488	-1.45	-0.17	n
90810954	2384	1488	-1.45	-0.17	n
90820954	2384	1488	-1.45	-0.17	n
90830954	2384	1488	-1.45	-0.17	Location:lat:35.504315lon:139.465202;;Date:2024/12/8;;Time:05:44:24:00;;
90840953	2384	1487	-1.45	-0.09	n
90850954	2384	1488	-1.45	-0.17	n
90860954	2385	1487	-1.53	-0.09	n
90870954	2384	1488	-1.45	-0.17	n
90880954	2384	1488	-1.45	-0.17	n
90890954	2384	1488	-1.45	-0.17	n
90900954	2384	1488	-1.45	-0.17	n
90910954	2384	1488	-1.45	-0.17	n
90920954	2384	1488	-1.45	-0.17	n
90930954	2384	1488	-1.45	-0.17	n
90940954	2384	1488	-1.45	-0.17	n
90950953	2384	1488	-1.45	-0.17	n
90960954	2384	1488	-1.45	-0.17	n
90970954	2384	1488	-1.45	-0.17	n
90980954	2384	1488	-1.45	-0.17	n
90990954	2384	1488	-1.45	-0.17	n
91000954	2384	1488	-1.45	-0.17	n
91010954	2385	1488	-1.53	-0.17	n
91020953	2384	1488	-1.45	-0.17	n
91030954	2385	1487	-1.53	-0.09	n
91040954	2384	1488	-1.45	-0.17	n
91050954	2384	1488	-1.45	-0.17	n
91060954	2385	1488	-1.53	-0.17	n
91070954	2385	1488	-1.53	-0.17	n
91080954	2385	1488	-1.53	-0.17	n
91090954	2384	1488	-1.45	-0.17	n
91100954	2384	1488	-1.45	-0.17	n
91110954	2384	1488	-1.45	-0.17	n
91120954	2384	1488	-1.45	-0.17	n
91130953	2384	1488	-1.45	-0.17	n
91140954	2384	1488	-1.45	-0.17	n
91150954	2384	1488	-1.45	-0.17	n
91160954	2384	1488	-1.45	-0.17	n
91170954	2385	1488	-1.53	-0.17	n
91180954	2384	1488	-1.45	-0.17	n
91190954	2384	1488	-1.45	-0.17	n
91200954	2384	1488	-1.45	-0.17	n
91210954	2384	1488	-1.45	-0.17	n
91220954	2384	1488	-1.45	-0.17	n
91230954	2384	1488	-1.45	-0.17	n
91240954	2384	1488	-1.45	-0.17	n
91250954	2384	1488	-1.45	-0.17	n
91260953	2385	1488	-1.53	-0.17	n
91270953	2384	1488	-1.45	-0.17	n
91280954	2384	1488	-1.45	-0.17	n
91290954	2384	1488	-1.45	-0.17	n
91300954	2384	1488	-1.45	-0.17	n
91310954	2384	1488	-1.45	-0.17	n
91320954	2385	1488	-1.53	-0.17	n
91330954	2384	1488	-1.45	-0.17	n
91340954	2384	1488	-1.45	-0.17	n
91350953	2384	1488	-1.45	-0.17	n
91360953	2384	1488	-1.45	-0.17	Location:lat:35.504313lon:139.465199;;Date:2024/12/8;;Time:05:44:25:00;;
91370954	2384	1488	-1.45	-0.17	n
91380954	2384	1488	-1.45	-0.17	n
91390954	2384	1488	-1.45	-0.17	n
91400953	2385	1488	-1.53	-0.17	n
91410952	2384	1488	-1.45	-0.17	n
91420952	2384	1488	-1.45	-0.17	n
91430953	2384	1487	-1.45	-0.09	n
91440953	2384	1488	-1.45	-0.17	n
91450953	2384	1488	-1.45	-0.17	n
91460952	2384	1488	-1.45	-0.17	n
91470952	2384	1488	-1.45	-0.17	Location:lat:35.504313lon:139.465199;;Time:05:44:25:00;;
91480953	2384	1488	-1.45	-0.17	n
91490953	2384	1487	-1.45	-0.09	n
91500953	2385	1488	-1.53	-0.17	n
91510955	2384	1488	-1.45	-0.17	n
91520954	2384	1488	-1.45	-0.17	n
91530954	2384	1488	-1.45	-0.17	n
91540954	2384	1488	-1.45	-0.17	n
91550954	2384	1488	-1.45	-0.17	n
91560953	2384	1488	-1.45	-0.17	n
91570953	2384	1488	-1.45	-0.17	n
91580953	2384	1487	-1.45	-0.09	n
91590953	2383	1488	-1.37	-0.17	n
91600953	2384	1488	-1.45	-0.17	n
91610953	2384	1488	-1.45	-0.17	n
91620953	2384	1487	-1.45	-0.09	n
91630953	2384	1488	-1.45	-0.17	n
91640953	2384	1488	-1.45	-0.17	n
91650953	2384	1488	-1.45	-0.17	n
91660954	2384	1488	-1.45	-0.17	n
91670954	2384	1488	-1.45	-0.17	n
91680954	2384	1488	-1.45	-0.17	n
91690954	2384	1488	-1.45	-0.17	n
91700954	2384	1487	-1.45	-0.09	n
91710955	2384	1488	-1.45	-0.17	n
91720954	2384	1488	-1.45	-0.17	n
91730954	2384	1488	-1.45	-0.17	n
91740954	2384	1488	-1.45	-0.17	n
91750954	2384	1488	-1.45	-0.17	n
91760954	2384	1488	-1.45	-0.17	n
91770954	2384	1488	-1.45	-0.17	n
91780954	2384	1488	-1.45	-0.17	n
91790954	2384	1488	-1.45	-0.17	n
91800954	2384	1488	-1.45	-0.17	n
91810954	2384	1488	-1.45	-0.17	n
91820954	2384	1488	-1.45	-0.17	n
91830954	2384	1488	-1.45	-0.17	Location:lat:35.504313lon:139.465199;;Date:2024/12/8;;Time:05:44:25:00;;
91840953	2383	1488	-1.37	-0.17	n
91850953	2385	1488	-1.53	-0.17	n
91860954	2385	1488	-1.53	-0.17	n
91870954	2384	1488	-1.45	-0.17	n
91880954	2385	1488	-1.53	-0.17	n
91890954	2384	1488	-1.45	-0.17	n
91900954	2384	1488	-1.45	-0.17	n
91910954	2384	1488	-1.45	-0.17	n
91920954	2384	1488	-1.45	-0.17	n
91930954	2384	1488	-1.45	-0.17	n
91940954	2384	1488	-1.45	-0.17	n
91950954	2384	1487	-1.45	-0.09	n
91960954	2384	1488	-1.45	-0.17	n
91970954	2384	1488	-1.45	-0.17	n
91980954	2384	1488	-1.45	-0.17	n
91990954	2384	1488	-1.45	-0.17	n
92000954	2384	1488	-1.45	-0.17	n
92010954	2384	1488	-1.45	-0.17	n
92020954	2384	1489	-1.45	-0.25	n
92030954	2384	1488	-1.45	-0.17	n
92040954	2384	1488	-1.45	-0.17	n
92050954	2384	1488	-1.45	-0.17	n
92060954	2384	1488	-1.45	-0.17	n
92070954	2384	1488	-1.45	-0.17	n
92080954	2384	1488	-1.45	-0.17	n
92090954	2384	1488	-1.45	-0.17	n
92100954	2384	1488	-1.45	-0.17	n
92110954	2384	1488	-1.45	-0.17	n
92120954	2385	1488	-1.53	-0.17	n
92130953	2384	1488	-1.45	-0.17	n
92140954	2384	1487	-1.45	-0.09	n
92150954	2384	1488	-1.45	-0.17	n
92160954	2385	1488	-1.53	-0.17	n
92170954	2384	1488	-1.45	-0.17	n
92180953	2384	1487	-1.45	-0.09	n
92190952	2384	1488	-1.45	-0.17	n
92200952	2385	1488	-1.53	-0.17	n
92210951	2384	1488	-1.45	-0.17	n
92220951	2384	1488	-1.45	-0.17	n
92230950	2385	1488	-1.53	-0.17	n
92240950	2383	1488	-1.37	-0.17	n
92250950	2384	1488	-1.45	-0.17	n
92260950	2384	1488	-1.45	-0.17	n
92270949	2384	1488	-1.45	-0.17	n
92280949	2384	1488	-1.45	-0.17	n
92290948	2384	1487	-1.45	-0.09	n
92300948	2384	1488	-1.45	-0.17	n
92310948	2384	1488	-1.45	-0.17	n
92320957	2384	1487	-1.45	-0.09	n
92330957	2384	1488	-1.45	-0.17	n
92340957	2384	1488	-1.45	-0.17	n
92350957	2384	1488	-1.45	-0.17	n
92360957	2384	1488	-1.45	-0.17	Location:lat:35.504311lon:139.465190;;Date:2024/12/8;;Time:05:44:26:00;;
92370957	2384	1488	-1.45	-0.17	n
92380957	2384	1488	-1.45	-0.17	n
92390957	2384	1488	-1.45	-0.17	n
92400957	2384	1488	-1.45	-0.17	n
92410957	2384	1488	-1.45	-0.17	n
92420957	2385	1488	-1.53	-0.17	n
92430957	2384	1488	-1.45	-0.17	n
92440957	2384	1488	-1.45	-0.17	n
92450957	2385	1488	-1.53	-0.17	n
92460957	2384	1488	-1.45	-0.17	n
92470957	2384	1488	-1.45	-0.17	Location:lat:35.504311lon:139.465190;;Time:05:44:26:00;;
92480957	2384	1488	-1.45	-0.17	n
92490957	2384	1488	-1.45	-0.17	n
92500957	2384	1488	-1.45	-0.17	n
92510957	2384	1488	-1.45	-0.17	n
92520957	2384	1488	-1.45	-0.17	n
92530957	2384	1488	-1.45	-0.17	n
92540957	2384	1488	-1.45	-0.17	n
92550956	2384	1487	-1.45	-0.09	n
92560956	2384	1488	-1.45	-0.17	n
92570956	2384	1488	-1.45	-0.17	n
92580957	2384	1488	-1.45	-0.17	n
92590957	2384	1488	-1.45	-0.17	n
92600957	2384	1488	-1.45	-0.17	n
92610957	2384	1488	-1.45	-0.17	n
92620958	2384	1488	-1.45	-0.17	n
92630958	2384	1488	-1.45	-0.17	n
92640958	2384	1488	-1.45	-0.17	n
92650967	2384	1488	-1.45	-0.17	n
92660966	2384	1488	-1.45	-0.17	n
92670966	2384	1488	-1.45	-0.17	n
92680966	2384	1488	-1.45	-0.17	n
92690966	2384	1488	-1.45	-0.17	n
92700966	2384	1488	-1.45	-0.17	n
92710966	2384	1487	-1.45	-0.09	n
92720966	2384	1488	-1.45	-0.17	n
92730966	2384	1488	-1.45	-0.17	n
92740965	2384	1488	-1.45	-0.17	n
92750964	2383	1487	-1.37	-0.09	n
92760963	2384	1488	-1.45	-0.17	n
92770963	2384	1487	-1.45	-0.09	n
92780963	2384	1488	-1.45	-0.17	n
92790962	2384	1488	-1.45	-0.17	n
92800962	2384	1488	-1.45	-0.17	n
92810962	2384	1488	-1.45	-0.17	n
92820962	2384	1488	-1.45	-0.17	n
92830962	2385	1488	-1.53	-0.17	Location:lat:35.504311lon:139.465190;;Date:2024/12/8;;Time:05:44:26:00;;
92840962	2384	1488	-1.45	-0.17	n
92850962	2384	1488	-1.45	-0.17	n
92860962	2384	1488	-1.45	-0.17	n
92870962	2384	1488	-1.45	-0.17	n
92880962	2384	1488	-1.45	-0.17	n
92890962	2384	1488	-1.45	-0.17	n
92900961	2384	1488	-1.45	-0.17	n
92910960	2384	1488	-1.45	-0.17	n
92920959	2384	1488	-1.45	-0.17	n
92930959	2384	1488	-1.45	-0.17	n
92940958	2384	1488	-1.45	-0.17	n
92950958	2385	1488	-1.53	-0.17	n
92960958	2384	1488	-1.45	-0.17	n
92970958	2383	1488	-1.37	-0.17	n
92980958	2384	1487	-1.45	-0.09	n
92990958	2384	1488	-1.45	-0.17	n
93000958	2384	1488	-1.45	-0.17	n
93010958	2384	1488	-1.45	-0.17	n
93020958	2384	1488	-1.45	-0.17	n
93030958	2384	1488	-1.45	-0.17	n
93040958	2384	1488	-1.45	-0.17	n
93050958	2384	1488	-1.45	-0.17	n
93060958	2385	1489	-1.53	-0.25	n
93070958	2384	1488	-1.45	-0.17	n
93080958	2384	1487	-1.45	-0.09	n
93090957	2384	1488	-1.45	-0.17	n
93100957	2384	1488	-1.45	-0.17	n
93110957	2384	1488	-1.45	-0.17	n
93120957	2384	1488	-1.45	-0.17	n
93130956	2384	1488	-1.45	-0.17	n
93140955	2384	1488	-1.45	-0.17	n
93150954	2384	1488	-1.45	-0.17	n
93160954	2384	1488	-1.45	-0.17	n
93170954	2384	1488	-1.45	-0.17	n
93180953	2384	1488	-1.45	-0.17	n
93190954	2384	1488	-1.45	-0.17	n
93200954	2384	1488	-1.45	-0.17	n
93210954	2384	1488	-1.45	-0.17	n
93220954	2384	1488	-1.45	-0.17	n
93230953	2384	1488	-1.45	-0.17	n
93240954	2384	1487	-1.45	-0.09	n
93250954	2384	1487	-1.45	-0.09	n
93260954	2384	1488	-1.45	-0.17	n
93270954	2384	1488	-1.45	-0.17	n
93280954	2384	1488	-1.45	-0.17	n
93290954	2384	1487	-1.45	-0.09	n
93300954	2384	1488	-1.45	-0.17	n
93310955	2385	1489	-1.53	-0.25	n
93320955	2385	1488	-1.53	-0.17	n
93330955	2384	1489	-1.45	-0.25	n
93340958	2384	1488	-1.45	-0.17	n
93350957	2384	1488	-1.45	-0.17	n
93360957	2384	1488	-1.45	-0.17	Location:lat:35.504306lon:139.465188;;Date:2024/12/8;;Time:05:44:27:00;;
93370957	2384	1488	-1.45	-0.17	n
93380956	2384	1488	-1.45	-0.17	n
93390955	2384	1488	-1.45	-0.17	n
93400955	2384	1488	-1.45	-0.17	n
93410955	2384	1488	-1.45	-0.17	n
93420955	2384	1488	-1.45	-0.17	n
93430955	2384	1488	-1.45	-0.17	n
93440955	2385	1488	-1.53	-0.17	n
93450955	2384	1487	-1.45	-0.09	n
93460955	2384	1488	-1.45	-0.17	n
93470955	2384	1488	-1.45	-0.17	Location:lat:35.504306lon:139.465188;;Time:05:44:27:00;;
93480955	2384	1488	-1.45	-0.17	n
93490964	2384	1488	-1.45	-0.17	n
93500964	2384	1489	-1.45	-0.25	n
93510964	2384	1488	-1.45	-0.17	n
93520963	2384	1488	-1.45	-0.17	n
93530963	2383	1488	-1.37	-0.17	n
93540963	2384	1488	-1.45	-0.17	n
93550964	2384	1488	-1.45	-0.17	n
93560964	2384	1488	-1.45	-0.17	n
93570964	2384	1488	-1.45	-0.17	n
93580964	2384	1488	-1.45	-0.17	n
93590964	2384	1488	-1.45	-0.17	n
93600965	2384	1488	-1.45	-0.17	n
93610965	2384	1488	-1.45	-0.17	n
93620965	2384	1488	-1.45	-0.17	n
93630965	2384	1488	-1.45	-0.17	n
93640965	2384	1488	-1.45	-0.17	n
93650965	2384	1488	-1.45	-0.17	n
93660965	2384	1488	-1.45	-0.17	n
93670965	2384	1488	-1.45	-0.17	n
93680964	2384	1488	-1.45	-0.17	n
93690964	2384	1488	-1.45	-0.17	n
93700964	2384	1488	-1.45	-0.17	n
93710964	2384	1488	-1.45	-0.17	n
93720964	2384	1488	-1.45	-0.17	n
93730963	2384	1488	-1.45	-0.17	n
93740963	2384	1488	-1.45	-0.17	n
93750963	2384	1488	-1.45	-0.17	n
93760962	2384	1488	-1.45	-0.17	n
93770962	2384	1488	-1.45	-0.17	n
93780962	2384	1488	-1.45	-0.17	n
93790962	2384	1488	-1.45	-0.17	n
93800962	2384	1488	-1.45	-0.17	n
93810962	2384	1488	-1.45	-0.17	n
93820971	2384	1488	-1.45	-0.17	n
93830970	2384	1488	-1.45	-0.17	Location:lat:35.504306lon:139.465188;;Date:2024/12/8;;Time:05:44:27:00;;
93840970	2384	1488	-1.45	-0.17	n
93850970	2384	1488	-1.45	-0.17	n
93860969	2384	1487	-1.45	-0.09	n
93870968	2383	1488	-1.37	-0.17	n
93880967	2384	1488	-1.45	-0.17	n
93890967	2384	1488	-1.45	-0.17	n
93900967	2384	1488	-1.45	-0.17	n
93910967	2384	1488	-1.45	-0.17	n
93920967	2384	1488	-1.45	-0.17	n
93930967	2384	1488	-1.45	-0.17	n
93940967	2384	1488	-1.45	-0.17	n
93950967	2384	1488	-1.45	-0.17	n
93960966	2384	1488	-1.45	-0.17	n
93970966	2384	1488	-1.45	-0.17	n
93980966	2384	1488	-1.45	-0.17	n
93990966	2384	1488	-1.45	-0.17	n
94000965	2384	1488	-1.45	-0.17	n
94010965	2384	1488	-1.45	-0.17	n
94020965	2384	1488	-1.45	-0.17	n
94030964	2384	1488	-1.45	-0.17	n
94040965	2384	1488	-1.45	-0.17	n
94050965	2384	1488	-1.45	-0.17	n
94060965	2384	1488	-1.45	-0.17	n
94070965	2384	1488	-1.45	-0.17	n
94080965	2384	1488	-1.45	-0.17	n
94090965	2384	1488	-1.45	-0.17	n
94100965	2384	1488	-1.45	-0.17	n
94110965	2384	1488	-1.45	-0.17	n
94120964	2384	1488	-1.45	-0.17	n
94130964	2384	1487	-1.45	-0.09	n
94140963	2384	1487	-1.45	-0.09	n
94150963	2384	1488	-1.45	-0.17	n
94160963	2384	1488	-1.45	-0.17	n
94170963	2384	1488	-1.45	-0.17	n
94180963	2384	1488	-1.45	-0.17	n
94190963	2384	1488	-1.45	-0.17	n
94200963	2384	1488	-1.45	-0.17	n
94210962	2384	1488	-1.45	-0.17	n
94220962	2384	1488	-1.45	-0.17	n
94230961	2384	1488	-1.45	-0.17	n
94240961	2384	1487	-1.45	-0.09	n
94250960	2384	1488	-1.45	-0.17	n
94260959	2384	1488	-1.45	-0.17	n
94270959	2383	1487	-1.37	-0.09	n
94280959	2384	1486	-1.45	-0.01	n
94290959	2384	1487	-1.45	-0.09	n
94300958	2384	1487	-1.45	-0.09	n
94310958	2384	1488	-1.45	-0.17	n
94320958	2384	1488	-1.45	-0.17	n
94330958	2384	1488	-1.45	-0.17	n
94340957	2384	1488	-1.45	-0.17	n
94350956	2384	1488	-1.45	-0.17	n
94360956	2384	1488	-1.45	-0.17	Location:lat:35.504305lon:139.465190;;Date:2024/12/8;;Time:05:44:28:00;;
94370956	2383	1487	-1.37	-0.09	n
94380956	2384	1488	-1.45	-0.17	n
94390955	2384	1488	-1.45	-0.17	n
94400955	2384	1488	-1.45	-0.17	n
94410955	2383	1487	-1.37	-0.09	n
94420955	2383	1488	-1.37	-0.17	n
94430954	2383	1488	-1.37	-0.17	n
94440954	2384	1488	-1.45	-0.17	n
94450954	2384	1488	-1.45	-0.17	n
94460954	2384	1487	-1.45	-0.09	n
94470954	2384	1488	-1.45	-0.17	Location:lat:35.504305lon:139.465190;;Time:05:44:28:00;;
94480954	2383	1488	-1.37	-0.17	n
94490954	2383	1488	-1.37	-0.17	n
94500954	2384	1488	-1.45	-0.17	n
94510954	2383	1488	-1.37	-0.17	n
94520953	2384	1488	-1.45	-0.17	n
94530954	2384	1488	-1.45	-0.17	n
94540963	2383	1488	-1.37	-0.17	n
94550963	2384	1488	-1.45	-0.17	n
94560962	2384	1487	-1.45	-0.09	n
94570962	2384	1488	-1.45	-0.17	n
94580962	2384	1488	-1.45	-0.17	n
94590962	2384	1488	-1.45	-0.17	n
94600962	2384	1488	-1.45	-0.17	n
94610961	2385	1488	-1.53	-0.17	n
94620961	2384	1488	-1.45	-0.17	n
94630960	2384	1488	-1.45	-0.17	n
94640960	2384	1488	-1.45	-0.17	n
94650960	2384	1488	-1.45	-0.17	n
94660959	2384	1488	-1.45	-0.17	n
94670960	2384	1488	-1.45	-0.17	n
94680959	2384	1488	-1.45	-0.17	n
94690959	2384	1488	-1.45	-0.17	n
94700959	2384	1488	-1.45	-0.17	n
94710959	2383	1488	-1.37	-0.17	n
94720959	2384	1487	-1.45	-0.09	n
94730958	2384	1488	-1.45	-0.17	n
94740958	2384	1488	-1.45	-0.17	n
94750958	2384	1488	-1.45	-0.17	n
94760958	2384	1488	-1.45	-0.17	n
94770958	2384	1488	-1.45	-0.17	n
94780958	2384	1488	-1.45	-0.17	n
94790959	2382	1488	-1.28	-0.17	n
94800958	2384	1488	-1.45	-0.17	n
94810958	2384	1488	-1.45	-0.17	n
94820957	2384	1488	-1.45	-0.17	n
94830957	2384	1488	-1.45	-0.17	Location:lat:35.504305lon:139.465190;;Date:2024/12/8;;Time:05:44:28:00;;
94840957	2384	1487	-1.45	-0.09	n
94850957	2384	1487	-1.45	-0.09	n
94860956	2384	1488	-1.45	-0.17	n
94870956	2384	1488	-1.45	-0.17	n
94880956	2384	1488	-1.45	-0.17	n
94890955	2384	1488	-1.45	-0.17	n
94900955	2384	1488	-1.45	-0.17	n
94910954	2384	1488	-1.45	-0.17	n
94920953	2384	1488	-1.45	-0.17	n
94930954	2384	1488	-1.45	-0.17	n
94940954	2384	1488	-1.45	-0.17	n
94950954	2384	1488	-1.45	-0.17	n
94960954	2384	1488	-1.45	-0.17	n
94970954	2383	1488	-1.37	-0.17	n
94980954	2384	1487	-1.45	-0.09	n
94990954	2384	1488	-1.45	-0.17	n
95000954	2384	1488	-1.45	-0.17	n
95010954	2384	1488	-1.45	-0.17	n
95020954	2384	1488	-1.45	-0.17	n
95030954	2384	1488	-1.45	-0.17	n
95040954	2384	1488	-1.45	-0.17	n
95050953	2384	1488	-1.45	-0.17	n
95060954	2384	1488	-1.45	-0.17	n
95070954	2384	1487	-1.45	-0.09	n
95080954	2384	1488	-1.45	-0.17	n
95090953	2383	1488	-1.37	-0.17	n
95100954	2384	1488	-1.45	-0.17	n
95110954	2384	1488	-1.45	-0.17	n
95120954	2383	1487	-1.37	-0.09	n
95130954	2384	1487	-1.45	-0.09	n
95140954	2384	1488	-1.45	-0.17	n
95150953	2384	1488	-1.45	-0.17	n
95160954	2384	1488	-1.45	-0.17	n
95170954	2383	1488	-1.37	-0.17	n
95180953	2384	1488	-1.45	-0.17	n
95190954	2384	1488	-1.45	-0.17	n
95200954	2384	1487	-1.45	-0.09	n
95210954	2384	1488	-1.45	-0.17	n
95220954	2384	1488	-1.45	-0.17	n
95230954	2384	1487	-1.45	-0.09	n
95240954	2383	1488	-1.37	-0.17	n
95250953	2384	1488	-1.45	-0.17	n
95260954	2383	1488	-1.37	-0.17	n
95270954	2384	1488	-1.45	-0.17	n
95280954	2384	1488	-1.45	-0.17	n
95290954	2384	1487	-1.45	-0.09	n
95300953	2384	1488	-1.45	-0.17	n
95310953	2384	1488	-1.45	-0.17	n
95320954	2384	1488	-1.45	-0.17	n
95330954	2384	1488	-1.45	-0.17	n
95340954	2383	1487	-1.37	-0.09	n
95350954	2384	1488	-1.45	-0.17	n
95360954	2384	1487	-1.45	-0.09	Location:lat:35.504301lon:139.465189;;Date:2024/12/8;;Time:05:44:29:00;;
95370953	2384	1488	-1.45	-0.17	n
95380953	2384	1488	-1.45	-0.17	n
95390953	2383	1488	-1.37	-0.17	n
95400953	2384	1488	-1.45	-0.17	n
95410953	2384	1488	-1.45	-0.17	n
95420953	2384	1487	-1.45	-0.09	n
95430954	2384	1488	-1.45	-0.17	n
95440954	2384	1489	-1.45	-0.25	n
95450954	2384	1488	-1.45	-0.17	n
95460954	2384	1488	-1.45	-0.17	n
95470953	2384	1488	-1.45	-0.17	Location:lat:35.504301lon:139.465189;;Time:05:44:29:00;;
95480954	2384	1487	-1.45	-0.09	n
95490954	2384	1488	-1.45	-0.17	n
95500954	2384	1488	-1.45	-0.17	n
95510953	2384	1488	-1.45	-0.17	n
95520953	2384	1488	-1.45	-0.17	n
95530953	2384	1488	-1.45	-0.17	n
95540953	2383	1487	-1.37	-0.09	n
95550953	2384	1488	-1.45	-0.17	n
95560952	2384	1488	-1.45	-0.17	n
95570952	2384	1488	-1.45	-0.17	n
95580955	2384	1488	-1.45	-0.17	n
95590955	2384	1488	-1.45	-0.17	n
95600956	2384	1488	-1.45	-0.17	n
95610955	2384	1488	-1.45	-0.17	n
95620955	2384	1488	-1.45	-0.17	n
95630955	2384	1488	-1.45	-0.17	n
95640954	2385	1488	-1.53	-0.17	n
95650954	2384	1488	-1.45	-0.17	n
95660953	2384	1488	-1.45	-0.17	n
95670953	2384	1488	-1.45	-0.17	n
95680962	2384	1488	-1.45	-0.17	n
95690962	2383	1487	-1.37	-0.09	n
95700962	2384	1488	-1.45	-0.17	n
95710962	2384	1488	-1.45	-0.17	n
95720962	2384	1487	-1.45	-0.09	n
95730962	2384	1487	-1.45	-0.09	n
95740962	2384	1488	-1.45	-0.17	n
95750962	2384	1487	-1.45	-0.09	n
95760962	2384	1488	-1.45	-0.17	n
95770962	2384	1488	-1.45	-0.17	n
95780962	2384	1488	-1.45	-0.17	n
95790962	2384	1488	-1.45	-0.17	n
95800962	2384	1488	-1.45	-0.17	n
95810962	2382	1487	-1.28	-0.09	n
95820962	2384	1488	-1.45	-0.17	n
95830962	2384	1488	-1.45	-0.17	Location:lat:35.504301lon:139.465189;;Date:2024/12/8;;Time:05:44:29:00;;
95840962	2384	1488	-1.45	-0.17	n
95850962	2384	1488	-1.45	-0.17	n
95860962	2384	1488	-1.45	-0.17	n
95870961	2384	1488	-1.45	-0.17	n
95880961	2384	1488	-1.45	-0.17	n
95890962	2384	1488	-1.45	-0.17	n
95900962	2385	1488	-1.53	-0.17	n
95910962	2384	1488	-1.45	-0.17	n
95920962	2384	1488	-1.45	-0.17	n
95930962	2384	1488	-1.45	-0.17	n
95940962	2384	1488	-1.45	-0.17	n
95950962	2384	1488	-1.45	-0.17	n
95960962	2384	1488	-1.45	-0.17	n
95970962	2384	1488	-1.45	-0.17	n
95980962	2383	1488	-1.37	-0.17	n
95990961	2384	1488	-1.45	-0.17	n
96000961	2384	1487	-1.45	-0.09	n
96010960	2383	1488	-1.37	-0.17	n
96020960	2384	1488	-1.45	-0.17	n
96030959	2384	1488	-1.45	-0.17	n
96040959	2384	1488	-1.45	-0.17	n
96050958	2384	1488	-1.45	-0.17	n
96060958	2384	1488	-1.45	-0.17	n
96070958	2384	1488	-1.45	-0.17	n
96080958	2384	1488	-1.45	-0.17	n
96090958	2384	1488	-1.45	-0.17	n
96100958	2384	1488	-1.45	-0.17	n
96110958	2384	1488	-1.45	-0.17	n
96120958	2384	1488	-1.45	-0.17	n
96130958	2383	1488	-1.37	-0.17	n
96140958	2384	1488	-1.45	-0.17	n
96150958	2384	1488	-1.45	-0.17	n
96160958	2384	1488	-1.45	-0.17	n
96170958	2384	1487	-1.45	-0.09	n
96180958	2384	1488	-1.45	-0.17	n
96190958	2384	1488	-1.45	-0.17	n
96200958	2384	1488	-1.45	-0.17	n
96210958	2384	1488	-1.45	-0.17	n
96220958	2383	1488	-1.37	-0.17	n
96230958	2384	1488	-1.45	-0.17	n
96240958	2384	1488	-1.45	-0.17	n
96250958	2385	1488	-1.53	-0.17	n
96260958	2384	1488	-1.45	-0.17	n
96270958	2384	1488	-1.45	-0.17	n
96280958	2385	1488	-1.53	-0.17	n
96290958	2384	1488	-1.45	-0.17	n
96300958	2384	1488	-1.45	-0.17	n
96310958	2384	1488	-1.45	-0.17	n
96320958	2384	1488	-1.45	-0.17	n
96330957	2384	1488	-1.45	-0.17	n
96340957	2384	1488	-1.45	-0.17	n
96350957	2384	1489	-1.45	-0.25	n
96360957	2385	1488	-1.53	-0.17	Location:lat:35.504298lon:139.465187;;Date:2024/12/8;;Time:05:44:30:00;;
96370957	2384	1488	-1.45	-0.17	n
96380956	2385	1488	-1.53	-0.17	n
96390956	2384	1489	-1.45	-0.25	n
96400956	2384	1488	-1.45	-0.17	n
96410956	2384	1488	-1.45	-0.17	n
96420956	2385	1488	-1.53	-0.17	n
96430957	2386	1488	-1.62	-0.17	n
96440957	2385	1488	-1.53	-0.17	n
96450957	2384	1488	-1.45	-0.17	n
96460957	2384	1488	-1.45	-0.17	n
96470966	2384	1488	-1.45	-0.17	Location:lat:35.504298lon:139.465187;;Time:05:44:30:00;;
96480966	2384	1488	-1.45	-0.17	n
96490966	2385	1489	-1.53	-0.25	n
96500966	2385	1488	-1.53	-0.17	n
96510966	2384	1488	-1.45	-0.17	n
96520965	2384	1488	-1.45	-0.17	n
96530965	2386	1488	-1.62	-0.17	n
96540965	2385	1488	-1.53	-0.17	n
96550964	2384	1488	-1.45	-0.17	n
96560963	2384	1488	-1.45	-0.17	n
96570963	2386	1488	-1.62	-0.17	n
96580963	2384	1488	-1.45	-0.17	n
96590963	2384	1488	-1.45	-0.17	n
96600963	2384	1488	-1.45	-0.17	n
96610964	2384	1488	-1.45	-0.17	n
96620963	2385	1488	-1.53	-0.17	n
96630964	2385	1488	-1.53	-0.17	n
96640963	2385	1488	-1.53	-0.17	n
96650963	2385	1488	-1.53	-0.17	n
96660963	2385	1489	-1.53	-0.25	n
96670963	2384	1488	-1.45	-0.17	n
96680963	2384	1488	-1.45	-0.17	n
96690964	2384	1488	-1.45	-0.17	n
96700964	2384	1488	-1.45	-0.17	n
96710964	2385	1488	-1.53	-0.17	n
96720963	2385	1488	-1.53	-0.17	n
96730963	2384	1488	-1.45	-0.17	n
96740963	2386	1489	-1.62	-0.25	n
96750962	2384	1488	-1.45	-0.17	n
96760962	2385	1488	-1.53	-0.17	n
96770962	2384	1488	-1.45	-0.17	n
96780962	2386	1488	-1.62	-0.17	n
96790962	2384	1489	-1.45	-0.25	n
96800962	2384	1488	-1.45	-0.17	n
96810962	2384	1488	-1.45	-0.17	n
96820962	2384	1488	-1.45	-0.17	n
96830962	2384	1488	-1.45	-0.17	Location:lat:35.504298lon:139.465187;;Date:2024/12/8;;Time:05:44:30:00;;
96840962	2384	1488	-1.45	-0.17	n
96850961	2384	1488	-1.45	-0.17	n
96860961	2384	1488	-1.45	-0.17	n
96870961	2385	1488	-1.53	-0.17	n
96880962	2385	1489	-1.53	-0.25	n
96890962	2385	1489	-1.53	-0.25	n
96900962	2385	1488	-1.53	-0.17	n
96910961	2384	1488	-1.45	-0.17	n
96920961	2385	1488	-1.53	-0.17	n
96930960	2384	1488	-1.45	-0.17	n
96940959	2385	1489	-1.53	-0.25	n
96950958	2384	1488	-1.45	-0.17	n
96960958	2384	1488	-1.45	-0.17	n
96970958	2384	1488	-1.45	-0.17	n
96980957	2384	1488	-1.45	-0.17	n
96990956	2384	1488	-1.45	-0.17	n
97000956	2384	1488	-1.45	-0.17	n
97010956	2385	1488	-1.53	-0.17	n
97020956	2384	1488	-1.45	-0.17	n
97030955	2385	1488	-1.53	-0.17	n
97040955	2384	1488	-1.45	-0.17	n
97050955	2385	1488	-1.53	-0.17	n
97060954	2384	1488	-1.45	-0.17	n
97070954	2384	1488	-1.45	-0.17	n
97080954	2386	1489	-1.62	-0.25	n
97090954	2385	1488	-1.53	-0.17	n
97100954	2385	1489	-1.53	-0.25	n
97110954	2384	1488	-1.45	-0.17	n
97120954	2384	1488	-1.45	-0.17	n
97130954	2385	1488	-1.53	-0.17	n
97140953	2385	1488	-1.53	-0.17	n
97150954	2385	1488	-1.53	-0.17	n
97160954	2385	1489	-1.53	-0.25	n
97170954	2384	1488	-1.45	-0.17	n
97180954	2386	1488	-1.62	-0.17	n
97190953	2384	1488	-1.45	-0.17	n
97200954	2385	1489	-1.53	-0.25	n
97210954	2384	1489	-1.45	-0.25	n
97220953	2384	1488	-1.45	-0.17	n
97230954	2384	1488	-1.45	-0.17	n
97240954	2385	1489	-1.53	-0.25	n
97250954	2384	1488	-1.45	-0.17	n
97260953	2386	1488	-1.62	-0.17	n
97270954	2384	1488	-1.45	-0.17	n
97280954	2385	1488	-1.53	-0.17	n
97290954	2386	1488	-1.62	-0.17	n
97300954	2385	1488	-1.53	-0.17	n
97310954	2384	1488	-1.45	-0.17	n
97320953	2385	1488	-1.53	-0.17	n
97330952	2384	1489	-1.45	-0.25	n
97340952	2385	1488	-1.53	-0.17	n
97350953	2384	1488	-1.45	-0.17	n
97360953	2385	1488	-1.53	-0.17	Location:lat:35.504294lon:139.465190;;Date:2024/12/8;;Time:05:44:31:00;;
97370953	2385	1488	-1.53	-0.17	n
97380954	2385	1488	-1.53	-0.17	n
97390953	2384	1488	-1.45	-0.17	n
97400953	2384	1488	-1.45	-0.17	n
97410953	2385	1488	-1.53	-0.17	n
97420953	2385	1488	-1.53	-0.17	n
97430953	2384	1488	-1.45	-0.17	n
97440953	2384	1488	-1.45	-0.17	n
97450954	2385	1488	-1.53	-0.17	n
97460953	2385	1488	-1.53	-0.17	n
97470953	2384	1489	-1.45	-0.25	Location:lat:35.504294lon:139.465190;;Time:05:44:31:00;;
97480954	2384	1488	-1.45	-0.17	n
97490954	2385	1488	-1.53	-0.17	n
97500953	2384	1488	-1.45	-0.17	n
97510953	2385	1488	-1.53	-0.17	n
97520953	2385	1488	-1.53	-0.17	n
97530954	2384	1488	-1.45	-0.17	n
97540954	2384	1488	-1.45	-0.17	n
97550954	2385	1489	-1.53	-0.25	n
97560954	2384	1488	-1.45	-0.17	n
97570954	2386	1488	-1.62	-0.17	n
97580954	2384	1488	-1.45	-0.17	n
97590954	2384	1488	-1.45	-0.17	n
97600953	2385	1489	-1.53	-0.25	n
97610953	2385	1488	-1.53	-0.17	n
97620953	2384	1488	-1.45	-0.17	n
97630953	2385	1488	-1.53	-0.17	n
97640953	2385	1488	-1.53	-0.17	n
97650952	2386	1488	-1.62	-0.17	n
97660952	2384	1489	-1.45	-0.25	n
97670952	2385	1488	-1.53	-0.17	n
97680951	2385	1488	-1.53	-0.17	n
97690950	2384	1488	-1.45	-0.17	n
97700950	2386	1488	-1.62	-0.17	n
97710950	2384	1488	-1.45	-0.17	n
97720950	2385	1488	-1.53	-0.17	n
97730951	2384	1488	-1.45	-0.17	n
97740951	2385	1488	-1.53	-0.17	n
97750951	2386	1488	-1.62	-0.17	n
97760951	2384	1488	-1.45	-0.17	n
97770952	2386	1488	-1.62	-0.17	n
97780952	2385	1488	-1.53	-0.17	n
97790951	2386	1488	-1.62	-0.17	n
97800951	2384	1488	-1.45	-0.17	n
97810951	2386	1488	-1.62	-0.17	n
97820951	2385	1488	-1.53	-0.17	n
97830951	2385	1488	-1.53	-0.17	Location:lat:35.504294lon:139.465190;;Date:2024/12/8;;Time:05:44:31:00;;
97840951	2384	1489	-1.45	-0.25	n
97850951	2385	1487	-1.53	-0.09	n
97860950	2384	1488	-1.45	-0.17	n
97870950	2385	1488	-1.53	-0.17	n
97880951	2384	1489	-1.45	-0.25	n
97890951	2385	1488	-1.53	-0.17	n
97900951	2386	1488	-1.62	-0.17	n
97910951	2384	1488	-1.45	-0.17	n
97920951	2385	1488	-1.53	-0.17	n
97930951	2384	1488	-1.45	-0.17	n
97940950	2384	1488	-1.45	-0.17	n
97950950	2384	1488	-1.45	-0.17	n
97960951	2384	1488	-1.45	-0.17	n
97970951	2385	1488	-1.53	-0.17	n
97980951	2384	1488	-1.45	-0.17	n
97990950	2385	1488	-1.53	-0.17	n
98000950	2386	1488	-1.62	-0.17	n
98010950	2385	1489	-1.53	-0.25	n
98020950	2385	1489	-1.53	-0.25	n
98030950	2384	1488	-1.45	-0.17	n
98040950	2384	1488	-1.45	-0.17	n
98050950	2385	1488	-1.53	-0.17	n
98060951	2385	1488	-1.53	-0.17	n
98070951	2384	1488	-1.45	-0.17	n
98080951	2385	1488	-1.53	-0.17	n
98090951	2385	1489	-1.53	-0.25	n
98100950	2385	1488	-1.53	-0.17	n
98110950	2384	1488	-1.45	-0.17	n
98120951	2384	1488	-1.45	-0.17	n
98130951	2384	1489	-1.45	-0.25	n
98140951	2385	1488	-1.53	-0.17	n
98150950	2385	1488	-1.53	-0.17	n
98160950	2384	1488	-1.45	-0.17	n
98170951	2385	1488	-1.53	-0.17	n
98180951	2384	1489	-1.45	-0.25	n
98190951	2385	1488	-1.53	-0.17	n
98200951	2386	1489	-1.62	-0.25	n
98210951	2384	1488	-1.45	-0.17	n
98220951	2386	1489	-1.62	-0.25	n
98230951	2386	1489	-1.62	-0.25	n
98240951	2385	1489	-1.53	-0.25	n
98250951	2385	1488	-1.53	-0.17	n
98260950	2384	1488	-1.45	-0.17	n
98270950	2384	1488	-1.45	-0.17	n
98280950	2385	1488	-1.53	-0.17	n
98290951	2385	1488	-1.53	-0.17	n
98300951	2384	1488	-1.45	-0.17	n
98310951	2385	1488	-1.53	-0.17	n
98320951	2384	1488	-1.45	-0.17	n
98330951	2386	1488	-1.62	-0.17	n
98340951	2386	1488	-1.62	-0.17	n
98350951	2384	1488	-1.45	-0.17	n
98360951	2384	1488	-1.45	-0.17	Location:lat:35.504292lon:139.465192;;Date:2024/12/8;;Time:05:44:32:00;;
98370952	2385	1488	-1.53	-0.17	n
98380951	2384	1488	-1.45	-0.17	n
98390951	2385	1488	-1.53	-0.17	n
98400951	2385	1488	-1.53	-0.17	n
98410950	2386	1488	-1.62	-0.17	n
98420950	2384	1488	-1.45	-0.17	n
98430950	2386	1488	-1.62	-0.17	n
98440950	2385	1488	-1.53	-0.17	n
98450951	2385	1488	-1.53	-0.17	n
98460951	2385	1488	-1.53	-0.17	n
98470951	2385	1488	-1.53	-0.17	Location:lat:35.504292lon:139.465192;;Time:05:44:32:00;;
98480951	2384	1488	-1.45	-0.17	n
98490951	2387	1489	-1.70	-0.25	n
98500951	2384	1488	-1.45	-0.17	n
98510951	2385	1488	-1.53	-0.17	n
98520951	2385	1488	-1.53	-0.17	n
98530951	2384	1488	-1.45	-0.17	n
98540951	2384	1488	-1.45	-0.17	n
98550957	2385	1488	-1.53	-0.17	n
98560956	2384	1489	-1.45	-0.25	n
98570956	2384	1488	-1.45	-0.17	n
98580956	2385	1488	-1.53	-0.17	n
98590956	2385	1488	-1.53	-0.17	n
98600956	2384	1488	-1.45	-0.17	n
98610956	2385	1488	-1.53	-0.17	n
98620956	2384	1488	-1.45	-0.17	n
98630956	2384	1488	-1.45	-0.17	n
98640957	2385	1488	-1.53	-0.17	n
98650957	2384	1488	-1.45	-0.17	n
98660956	2385	1488	-1.53	-0.17	n
98670956	2384	1488	-1.45	-0.17	n
98680956	2384	1488	-1.45	-0.17	n
98690956	2385	1488	-1.53	-0.17	n
98700956	2386	1488	-1.62	-0.17	n
98710956	2385	1488	-1.53	-0.17	n
98720956	2385	1489	-1.53	-0.25	n
98730957	2384	1488	-1.45	-0.17	n
98740956	2386	1490	-1.62	-0.33	n
98750956	2386	1489	-1.62	-0.25	n
98760956	2385	1488	-1.53	-0.17	n
98770956	2385	1489	-1.53	-0.25	n
98780956	2384	1488	-1.45	-0.17	n
98790957	2385	1488	-1.53	-0.17	n
98800957	2385	1489	-1.53	-0.25	n
98810957	2385	1488	-1.53	-0.17	n
98820956	2386	1488	-1.62	-0.17	n
98830956	2385	1488	-1.53	-0.17	Location:lat:35.504292lon:139.465192;;Date:2024/12/8;;Time:05:44:32:00;;
98840955	2385	1489	-1.53	-0.25	n
98850954	2384	1488	-1.45	-0.17	n
98860954	2385	1489	-1.53	-0.25	n
98870954	2383	1488	-1.37	-0.17	n
98880954	2385	1488	-1.53	-0.17	n
98890954	2384	1488	-1.45	-0.17	n
98900954	2385	1488	-1.53	-0.17	n
98910954	2385	1488	-1.53	-0.17	n
98920954	2384	1488	-1.45	-0.17	n
98930953	2384	1488	-1.45	-0.17	n
98940954	2385	1488	-1.53	-0.17	n
98950954	2385	1488	-1.53	-0.17	n
98960953	2384	1488	-1.45	-0.17	n
98970954	2384	1488	-1.45	-0.17	n
98980954	2384	1488	-1.45	-0.17	n
98990953	2387	1488	-1.70	-0.17	n
99000952	2385	1488	-1.53	-0.17	n
99010952	2384	1488	-1.45	-0.17	n
99020952	2384	1488	-1.45	-0.17	n
99030951	2387	1488	-1.70	-0.17	n
99040951	2384	1488	-1.45	-0.17	n
99050951	2386	1488	-1.62	-0.17	n
99060950	2384	1488	-1.45	-0.17	n
99070951	2385	1488	-1.53	-0.17	n
99080951	2384	1489	-1.45	-0.25	n
99090951	2384	1488	-1.45	-0.17	n
99100951	2385	1488	-1.53	-0.17	n
99110950	2384	1488	-1.45	-0.17	n
99120950	2384	1488	-1.45	-0.17	n
99130950	2384	1488	-1.45	-0.17	n
99140949	2386	1488	-1.62	-0.17	n
99150948	2384	1488	-1.45	-0.17	n
99160947	2385	1488	-1.53	-0.17	n
99170947	2384	1488	-1.45	-0.17	n
99180947	2384	1488	-1.45	-0.17	n
99190947	2384	1488	-1.45	-0.17	n
99200947	2385	1488	-1.53	-0.17	n
99210947	2385	1488	-1.53	-0.17	n
99220947	2384	1488	-1.45	-0.17	n
99230947	2385	1488	-1.53	-0.17	n
99240947	2384	1488	-1.45	-0.17	n
99250947	2384	1488	-1.45	-0.17	n
99260947	2384	1488	-1.45	-0.17	n
99270947	2384	1488	-1.45	-0.17	n
99280946	2384	1488	-1.45	-0.17	n
99290946	2384	1488	-1.45	-0.17	n
99300946	2384	1488	-1.45	-0.17	n
99310949	2384	1488	-1.45	-0.17	n
99320949	2384	1488	-1.45	-0.17	n
99330948	2384	1488	-1.45	-0.17	n
99340948	2385	1488	-1.53	-0.17	n
99350948	2385	1488	-1.53	-0.17	n
99360948	2384	1488	-1.45	-0.17	Location:lat:35.504287lon:139.465188;;Date:2024/12/8;;Time:05:44:33:00;;
99370948	2384	1488	-1.45	-0.17	n
99380948	2384	1488	-1.45	-0.17	n
99390948	2384	1488	-1.45	-0.17	n
99400948	2384	1488	-1.45	-0.17	n
99410948	2385	1488	-1.53	-0.17	n
99420948	2384	1488	-1.45	-0.17	n
99430949	2384	1488	-1.45	-0.17	n
99440949	2384	1488	-1.45	-0.17	n
99450949	2384	1488	-1.45	-0.17	n
99460949	2384	1488	-1.45	-0.17	n
99470949	2387	1488	-1.70	-0.17	Location:lat:35.504287lon:139.465188;;Time:05:44:33:00;;
99480949	2386	1489	-1.62	-0.25	n
99490949	2384	1488	-1.45	-0.17	n
99500949	2385	1488	-1.53	-0.17	n
99510949	2385	1489	-1.53	-0.25	n
99520958	2384	1488	-1.45	-0.17	n
99530958	2384	1488	-1.45	-0.17	n
99540958	2385	1488	-1.53	-0.17	n
99550957	2384	1488	-1.45	-0.17	n
99560957	2384	1488	-1.45	-0.17	n
99570956	2384	1489	-1.45	-0.25	n
99580955	2385	1488	-1.53	-0.17	n
99590955	2386	1488	-1.62	-0.17	n
99600955	2384	1489	-1.45	-0.25	n
99610955	2385	1488	-1.53	-0.17	n
99620955	2385	1488	-1.53	-0.17	n
99630955	2384	1488	-1.45	-0.17	n
99640955	2385	1489	-1.53	-0.25	n
99650955	2386	1488	-1.62	-0.17	n
99660955	2384	1488	-1.45	-0.17	n
99670956	2384	1488	-1.45	-0.17	n
99680956	2384	1488	-1.45	-0.17	n
99690956	2387	1488	-1.70	-0.17	n
99700955	2385	1488	-1.53	-0.17	n
99710955	2385	1489	-1.53	-0.25	n
99720955	2384	1488	-1.45	-0.17	n
99730954	2384	1488	-1.45	-0.17	n
99740954	2385	1488	-1.53	-0.17	n
99750954	2384	1488	-1.45	-0.17	n
99760953	2384	1488	-1.45	-0.17	n
99770953	2385	1489	-1.53	-0.25	n
99780953	2386	1488	-1.62	-0.17	n
99790952	2385	1488	-1.53	-0.17	n
99800961	2384	1489	-1.45	-0.25	n
99810961	2384	1488	-1.45	-0.17	n
99820961	2384	1488	-1.45	-0.17	n
99830961	2385	1488	-1.53	-0.17	Location:lat:35.504287lon:139.465188;;Date:2024/12/8;;Time:05:44:33:00;;
99840962	2385	1488	-1.53	-0.17	n
99850962	2385	1488	-1.53	-0.17	n
99860962	2384	1488	-1.45	-0.17	n
99870962	2384	1488	-1.45	-0.17	n
99880962	2384	1489	-1.45	-0.25	n
99890961	2384	1488	-1.45	-0.17	n
99900961	2385	1489	-1.53	-0.25	n
99910962	2384	1488	-1.45	-0.17	n
99920962	2386	1488	-1.62	-0.17	n
99930962	2384	1488	-1.45	-0.17	n
99940962	2385	1488	-1.53	-0.17	n
99950962	2384	1488	-1.45	-0.17	n
99960962	2384	1488	-1.45	-0.17	n
99970961	2385	1488	-1.53	-0.17	n
99980962	2384	1489	-1.45	-0.25	n
99990962	2385	1489	-1.53	-0.25	n
100000962	2384	1488	-1.45	-0.17	n
100010962	2384	1489	-1.45	-0.25	n
100020962	2385	1489	-1.53	-0.25	n
100030962	2385	1488	-1.53	-0.17	n
100040962	2384	1488	-1.45	-0.17	n
100050962	2384	1489	-1.45	-0.25	n
100060962	2385	1488	-1.53	-0.17	n
100070962	2385	1488	-1.53	-0.17	n
100080962	2384	1488	-1.45	-0.17	n
100090961	2385	1489	-1.53	-0.25	n
100100961	2385	1488	-1.53	-0.17	n
100110961	2385	1488	-1.53	-0.17	n
100120961	2385	1488	-1.53	-0.17	n
100130961	2385	1488	-1.53	-0.17	n
100140962	2384	1488	-1.45	-0.17	n
100150962	2384	1489	-1.45	-0.25	n
100160962	2384	1489	-1.45	-0.25	n
100170962	2387	1488	-1.70	-0.17	n
100180961	2384	1488	-1.45	-0.17	n
100190961	2387	1490	-1.70	-0.33	n
100200961	2384	1488	-1.45	-0.17	n
100210961	2384	1488	-1.45	-0.17	n
100220962	2385	1489	-1.53	-0.25	n
100230962	2385	1488	-1.53	-0.17	n
100240962	2384	1489	-1.45	-0.25	n
100250962	2384	1488	-1.45	-0.17	n
100260962	2384	1488	-1.45	-0.17	n
100270962	2384	1488	-1.45	-0.17	n
100280962	2385	1488	-1.53	-0.17	n
100290971	2384	1488	-1.45	-0.17	n
100300971	2384	1488	-1.45	-0.17	n
100310971	2385	1488	-1.53	-0.17	n
100320971	2384	1488	-1.45	-0.17	n
100330971	2385	1489	-1.53	-0.25	n
100340971	2384	1488	-1.45	-0.17	n
100350971	2384	1488	-1.45	-0.17	n
100360972	2384	1488	-1.45	-0.17	Location:lat:35.504284lon:139.465188;;Date:2024/12/8;;Time:05:44:34:00;;
100370973	2384	1488	-1.45	-0.17	n
100380973	2386	1489	-1.62	-0.25	n
100390972	2384	1488	-1.45	-0.17	n
100400971	2384	1488	-1.45	-0.17	n
100410971	2385	1488	-1.53	-0.17	n
100420970	2384	1488	-1.45	-0.17	n
100430971	2384	1488	-1.45	-0.17	n
100440970	2385	1488	-1.53	-0.17	n
100450970	2385	1489	-1.53	-0.25	n
100460970	2385	1488	-1.53	-0.17	n
100470969	2384	1488	-1.45	-0.17	Location:lat:35.504284lon:139.465188;;Time:05:44:34:00;;
100480969	2384	1488	-1.45	-0.17	n
100490969	2385	1488	-1.53	-0.17	n
100500969	2385	1488	-1.53	-0.17	n
100510969	2384	1488	-1.45	-0.17	n
100520969	2385	1488	-1.53	-0.17	n
100530968	2384	1488	-1.45	-0.17	n
100540968	2384	1489	-1.45	-0.25	n
100550968	2385	1489	-1.53	-0.25	n
100560967	2386	1488	-1.62	-0.17	n
100570967	2384	1488	-1.45	-0.17	n
100580966	2385	1488	-1.53	-0.17	n
100590966	2384	1489	-1.45	-0.25	n
100600966	2385	1488	-1.53	-0.17	n
100610966	2384	1488	-1.45	-0.17	n
100620966	2384	1488	-1.45	-0.17	n
100630965	2385	1489	-1.53	-0.25	n
100640964	2385	1489	-1.53	-0.25	n
100650964	2386	1488	-1.62	-0.17	n
100660964	2384	1488	-1.45	-0.17	n
100670972	2384	1488	-1.45	-0.17	n
100680971	2384	1489	-1.45	-0.25	n
100690971	2384	1489	-1.45	-0.25	n
100700971	2384	1488	-1.45	-0.17	n
100710971	2385	1489	-1.53	-0.25	n
100720970	2384	1488	-1.45	-0.17	n
100730970	2385	1488	-1.53	-0.17	n
100740970	2385	1488	-1.53	-0.17	n
100750969	2385	1488	-1.53	-0.17	n
100760969	2387	1488	-1.70	-0.17	n
100770969	2384	1488	-1.45	-0.17	n
100780969	2385	1489	-1.53	-0.25	n
100790969	2384	1489	-1.45	-0.25	n
100800969	2385	1488	-1.53	-0.17	n
100810969	2384	1488	-1.45	-0.17	n
100820969	2386	1488	-1.62	-0.17	n
100830969	2385	1488	-1.53	-0.17	Location:lat:35.504284lon:139.465188;;Date:2024/12/8;;Time:05:44:34:00;;
100840969	2385	1488	-1.53	-0.17	n
100850969	2385	1488	-1.53	-0.17	n
100860969	2384	1488	-1.45	-0.17	n
100870969	2384	1488	-1.45	-0.17	n
100880969	2384	1489	-1.45	-0.25	n
100890969	2384	1488	-1.45	-0.17	n
100900969	2385	1489	-1.53	-0.25	n
100910969	2384	1488	-1.45	-0.17	n
100920969	2385	1488	-1.53	-0.17	n
100930969	2384	1488	-1.45	-0.17	n
100940969	2385	1488	-1.53	-0.17	n
100950969	2384	1488	-1.45	-0.17	n
100960969	2384	1488	-1.45	-0.17	n
100970969	2384	1488	-1.45	-0.17	n
100980969	2387	1488	-1.70	-0.17	n
100990969	2384	1488	-1.45	-0.17	n
101000969	2384	1488	-1.45	-0.17	n
101010969	2385	1488	-1.53	-0.17	n
101020969	2385	1488	-1.53	-0.17	n
101030969	2385	1488	-1.53	-0.17	n
101040969	2384	1488	-1.45	-0.17	n
101050969	2384	1488	-1.45	-0.17	n
101060969	2384	1488	-1.45	-0.17	n
101070969	2384	1488	-1.45	-0.17	n
101080969	2385	1488	-1.53	-0.17	n
101090969	2386	1488	-1.62	-0.17	n
101100969	2385	1488	-1.53	-0.17	n
101110969	2384	1488	-1.45	-0.17	n
101120969	2386	1488	-1.62	-0.17	n
101130969	2385	1488	-1.53	-0.17	n
101140969	2385	1488	-1.53	-0.17	n
101150969	2384	1488	-1.45	-0.17	n
101160969	2386	1488	-1.62	-0.17	n
101170969	2384	1488	-1.45	-0.17	n
101180969	2384	1488	-1.45	-0.17	n
101190969	2384	1488	-1.45	-0.17	n
101200969	2384	1488	-1.45	-0.17	n
101210969	2384	1489	-1.45	-0.25	n
101220969	2384	1488	-1.45	-0.17	n
101230969	2384	1488	-1.45	-0.17	n
101240969	2385	1488	-1.53	-0.17	n
101250969	2384	1488	-1.45	-0.17	n
101260969	2386	1488	-1.62	-0.17	n
101270969	2384	1489	-1.45	-0.25	n
101280969	2384	1488	-1.45	-0.17	n
101290969	2384	1488	-1.45	-0.17	n
101300969	2384	1488	-1.45	-0.17	n
101310969	2384	1488	-1.45	-0.17	n
101320968	2385	1488	-1.53	-0.17	n
101330968	2384	1488	-1.45	-0.17	n
101340968	2385	1488	-1.53	-0.17	n
101350968	2384	1489	-1.45	-0.25	n
101360967	2384	1488	-1.45	-0.17	Location:lat:35.504282lon:139.465188;;Date:2024/12/8;;Time:05:44:35:00;;
101370967	2384	1488	-1.45	-0.17	n
101380967	2384	1488	-1.45	-0.17	n
101390967	2385	1488	-1.53	-0.17	n
101400967	2386	1488	-1.62	-0.17	n
101410968	2386	1488	-1.62	-0.17	n
101420968	2384	1487	-1.45	-0.09	n
101430968	2384	1488	-1.45	-0.17	n
101440967	2384	1488	-1.45	-0.17	n
101450966	2384	1488	-1.45	-0.17	n
101460966	2384	1488	-1.45	-0.17	n
101470965	2384	1489	-1.45	-0.25	Location:lat:35.504282lon:139.465188;;Time:05:44:35:00;;
101480964	2384	1488	-1.45	-0.17	n
101490963	2384	1488	-1.45	-0.17	n
101500962	2385	1488	-1.53	-0.17	n
101510962	2385	1488	-1.53	-0.17	n
101520961	2385	1488	-1.53	-0.17	n
101530969	2384	1488	-1.45	-0.17	n
101540968	2385	1489	-1.53	-0.25	n
101550967	2384	1488	-1.45	-0.17	n
101560967	2384	1490	-1.45	-0.33	n
101570967	2385	1489	-1.53	-0.25	n
101580967	2384	1488	-1.45	-0.17	n
101590968	2384	1488	-1.45	-0.17	n
101600968	2384	1488	-1.45	-0.17	n
101610967	2385	1488	-1.53	-0.17	n
101620966	2385	1488	-1.53	-0.17	n
101630965	2384	1488	-1.45	-0.17	n
101640964	2385	1488	-1.53	-0.17	n
101650964	2384	1488	-1.45	-0.17	n
101660964	2384	1488	-1.45	-0.17	n
101670964	2384	1488	-1.45	-0.17	n
101680964	2384	1489	-1.45	-0.25	n
101690964	2385	1488	-1.53	-0.17	n
101700964	2385	1488	-1.53	-0.17	n
101710965	2384	1488	-1.45	-0.17	n
101720965	2384	1488	-1.45	-0.17	n
101730964	2384	1489	-1.45	-0.25	n
101740964	2385	1488	-1.53	-0.17	n
101750963	2384	1488	-1.45	-0.17	n
101760963	2386	1488	-1.62	-0.17	n
101770962	2384	1488	-1.45	-0.17	n
101780962	2384	1488	-1.45	-0.17	n
101790962	2385	1488	-1.53	-0.17	n
101800962	2385	1489	-1.53	-0.25	n
101810969	2384	1488	-1.45	-0.17	n
101820969	2385	1488	-1.53	-0.17	n
101830969	2385	1488	-1.53	-0.17	Location:lat:35.504282lon:139.465188;;Date:2024/12/8;;Time:05:44:35:00;;
101840969	2384	1488	-1.45	-0.17	n
101850968	2384	1488	-1.45	-0.17	n
101860968	2385	1488	-1.53	-0.17	n
101870968	2384	1488	-1.45	-0.17	n
101880968	2385	1488	-1.53	-0.17	n
101890968	2384	1488	-1.45	-0.17	n
101900968	2384	1488	-1.45	-0.17	n
101910968	2384	1488	-1.45	-0.17	n
101920968	2384	1488	-1.45	-0.17	n
101930968	2384	1489	-1.45	-0.25	n
101940968	2384	1488	-1.45	-0.17	n
101950968	2384	1488	-1.45	-0.17	n
101960968	2384	1488	-1.45	-0.17	n
101970968	2386	1488	-1.62	-0.17	n
101980968	2385	1488	-1.53	-0.17	n
101990968	2386	1489	-1.62	-0.25	n
102000968	2384	1488	-1.45	-0.17	n
102010968	2384	1488	-1.45	-0.17	n
102020968	2385	1488	-1.53	-0.17	n
102030968	2386	1488	-1.62	-0.17	n
102040968	2384	1488	-1.45	-0.17	n
102050968	2384	1488	-1.45	-0.17	n
102060968	2384	1488	-1.45	-0.17	n
102070968	2384	1488	-1.45	-0.17	n
102080968	2385	1488	-1.53	-0.17	n
102090968	2385	1488	-1.53	-0.17	n
102100968	2385	1488	-1.53	-0.17	n
102110968	2384	1488	-1.45	-0.17	n
102120968	2384	1488	-1.45	-0.17	n
102130968	2385	1488	-1.53	-0.17	n
102140968	2384	1488	-1.45	-0.17	n
102150968	2387	1489	-1.70	-0.25	n
102160968	2384	1488	-1.45	-0.17	n
102170968	2385	1489	-1.53	-0.25	n
102180968	2384	1488	-1.45	-0.17	n
102190968	2384	1488	-1.45	-0.17	n
102200968	2385	1488	-1.53	-0.17	n
102210968	2384	1490	-1.45	-0.33	n
102220968	2386	1489	-1.62	-0.25	n
102230968	2384	1489	-1.45	-0.25	n
102240968	2385	1488	-1.53	-0.17	n
102250968	2385	1488	-1.53	-0.17	n
102260968	2385	1489	-1.53	-0.25	n
102270968	2384	1489	-1.45	-0.25	n
102280968	2385	1488	-1.53	-0.17	n
102290968	2384	1488	-1.45	-0.17	n
102300968	2384	1488	-1.45	-0.17	n
102310968	2384	1488	-1.45	-0.17	n
102320968	2385	1488	-1.53	-0.17	n
102330968	2384	1488	-1.45	-0.17	n
102340968	2384	1488	-1.45	-0.17	n
102350967	2384	1488	-1.45	-0.17	n
102360967	2384	1488	-1.45	-0.17	Location:lat:35.504280lon:139.465188;;Date:2024/12/8;;Time:05:44:36:00;;
102370966	2384	1488	-1.45	-0.17	n
102380965	2384	1488	-1.45	-0.17	n
102390964	2385	1488	-1.53	-0.17	n
102400964	2385	1488	-1.53	-0.17	n
102410964	2384	1488	-1.45	-0.17	n
102420964	2385	1488	-1.53	-0.17	n
102430964	2384	1488	-1.45	-0.17	n
102440965	2383	1488	-1.37	-0.17	n
102450965	2384	1488	-1.45	-0.17	n
102460964	2384	1488	-1.45	-0.17	n
102470964	2385	1488	-1.53	-0.17	Location:lat:35.504280lon:139.465188;;Time:05:44:36:00;;
102480964	2384	1488	-1.45	-0.17	n
102490964	2384	1488	-1.45	-0.17	n
102500964	2386	1489	-1.62	-0.25	n
102510973	2384	1488	-1.45	-0.17	n
102520973	2384	1488	-1.45	-0.17	n
102530973	2384	1488	-1.45	-0.17	n
102540972	2385	1489	-1.53	-0.25	n
102550972	2384	1488	-1.45	-0.17	n
102560972	2384	1489	-1.45	-0.25	n
102570971	2384	1488	-1.45	-0.17	n
102580971	2384	1488	-1.45	-0.17	n
102590971	2384	1488	-1.45	-0.17	n
102600971	2385	1488	-1.53	-0.17	n
102610971	2385	1488	-1.53	-0.17	n
102620971	2384	1488	-1.45	-0.17	n
102630971	2384	1489	-1.45	-0.25	n
102640970	2386	1488	-1.62	-0.17	n
102650970	2384	1489	-1.45	-0.25	n
102660970	2384	1488	-1.45	-0.17	n
102670970	2384	1489	-1.45	-0.25	n
102680970	2385	1488	-1.53	-0.17	n
102690969	2384	1489	-1.45	-0.25	n
102700969	2384	1488	-1.45	-0.17	n
102710969	2384	1488	-1.45	-0.17	n
102720968	2384	1488	-1.45	-0.17	n
102730968	2384	1488	-1.45	-0.17	n
102740968	2384	1488	-1.45	-0.17	n
102750968	2384	1488	-1.45	-0.17	n
102760968	2384	1488	-1.45	-0.17	n
102770967	2384	1489	-1.45	-0.25	n
102780967	2385	1489	-1.53	-0.25	n
102790966	2385	1488	-1.53	-0.17	n
102800965	2384	1488	-1.45	-0.17	n
102810964	2384	1488	-1.45	-0.17	n
102820964	2384	1488	-1.45	-0.17	n
102830965	2384	1488	-1.45	-0.17	Location:lat:35.504280lon:139.465188;;Date:2024/12/8;;Time:05:44:36:00;;
102840965	2384	1488	-1.45	-0.17	n
102850965	2385	1488	-1.53	-0.17	n
102860965	2384	1488	-1.45	-0.17	n
102870965	2384	1488	-1.45	-0.17	n
102880965	2384	1488	-1.45	-0.17	n
102890965	2384	1488	-1.45	-0.17	n
102900965	2384	1488	-1.45	-0.17	n
102910965	2384	1488	-1.45	-0.17	n
102920965	2384	1488	-1.45	-0.17	n
102930965	2384	1488	-1.45	-0.17	n
102940965	2387	1488	-1.70	-0.17	n
102950965	2384	1488	-1.45	-0.17	n
102960965	2384	1488	-1.45	-0.17	n
102970965	2384	1488	-1.45	-0.17	n
102980965	2384	1489	-1.45	-0.25	n
102990965	2385	1489	-1.53	-0.25	n
103000965	2384	1488	-1.45	-0.17	n
103010965	2385	1488	-1.53	-0.17	n
103020965	2385	1488	-1.53	-0.17	n
103030965	2385	1488	-1.53	-0.17	n
103040965	2384	1488	-1.45	-0.17	n
103050965	2384	1488	-1.45	-0.17	n
103060965	2385	1488	-1.53	-0.17	n
103070965	2384	1488	-1.45	-0.17	n
103080965	2384	1488	-1.45	-0.17	n
103090965	2385	1489	-1.53	-0.25	n
103100965	2384	1488	-1.45	-0.17	n
103110965	2384	1488	-1.45	-0.17	n
103120965	2385	1488	-1.53	-0.17	n
103130965	2386	1488	-1.62	-0.17	n
103140965	2384	1488	-1.45	-0.17	n
103150965	2384	1488	-1.45	-0.17	n
103160965	2386	1488	-1.62	-0.17	n
103170965	2384	1488	-1.45	-0.17	n
103180965	2384	1489	-1.45	-0.25	n
103190965	2386	1488	-1.62	-0.17	n
103200965	2385	1488	-1.53	-0.17	n
103210965	2385	1488	-1.53	-0.17	n
103220965	2386	1488	-1.62	-0.17	n
103230965	2385	1489	-1.53	-0.25	n
103240965	2386	1488	-1.62	-0.17	n
103250965	2385	1488	-1.53	-0.17	n
103260965	2384	1488	-1.45	-0.17	n
103270965	2385	1488	-1.53	-0.17	n
103280965	2384	1488	-1.45	-0.17	n
103290965	2384	1489	-1.45	-0.25	n
103300965	2385	1488	-1.53	-0.17	n
103310965	2385	1488	-1.53	-0.17	n
103320964	2384	1488	-1.45	-0.17	n
103330963	2386	1489	-1.62	-0.25	n
103340963	2384	1488	-1.45	-0.17	n
103350963	2385	1488	-1.53	-0.17	n
103360963	2386	1488	-1.62	-0.17	Location:lat:35.504277lon:139.465192;;Date:2024/12/8;;Time:05:44:37:00;;
103370962	2386	1488	-1.62	-0.17	n
103380962	2385	1489	-1.53	-0.25	n
103390961	2384	1488	-1.45	-0.17	n
103400961	2384	1488	-1.45	-0.17	n
103410961	2384	1488	-1.45	-0.17	n
103420961	2384	1488	-1.45	-0.17	n
103430960	2384	1488	-1.45	-0.17	n
103440960	2385	1489	-1.53	-0.25	n
103450959	2385	1488	-1.53	-0.17	n
103460959	2384	1488	-1.45	-0.17	n
103470959	2385	1488	-1.53	-0.17	Location:lat:35.504277lon:139.465192;;Time:05:44:37:00;;
103480959	2385	1488	-1.53	-0.17	n
103490959	2386	1488	-1.62	-0.17	n
103500959	2384	1488	-1.45	-0.17	n
103510959	2385	1488	-1.53	-0.17	n
103520959	2384	1488	-1.45	-0.17	n
103530959	2384	1488	-1.45	-0.17	n
103540959	2385	1489	-1.53	-0.25	n
103550959	2385	1489	-1.53	-0.25	n
103560959	2384	1488	-1.45	-0.17	n
103570959	2386	1488	-1.62	-0.17	n
103580959	2384	1488	-1.45	-0.17	n
103590960	2385	1488	-1.53	-0.17	n
103600960	2385	1488	-1.53	-0.17	n
103610960	2385	1488	-1.53	-0.17	n
103620959	2385	1488	-1.53	-0.17	n
103630959	2385	1489	-1.53	-0.25	n
103640959	2384	1487	-1.45	-0.09	n
103650959	2384	1488	-1.45	-0.17	n
103660959	2384	1488	-1.45	-0.17	n
103670959	2385	1488	-1.53	-0.17	n
103680959	2384	1488	-1.45	-0.17	n
103690959	2384	1488	-1.45	-0.17	n
103700958	2384	1488	-1.45	-0.17	n
103710958	2384	1488	-1.45	-0.17	n
103720957	2384	1488	-1.45	-0.17	n
103730957	2384	1488	-1.45	-0.17	n
103740957	2384	1488	-1.45	-0.17	n
103750956	2384	1488	-1.45	-0.17	n
103760965	2385	1488	-1.53	-0.17	n
103770965	2385	1488	-1.53	-0.17	n
103780965	2385	1488	-1.53	-0.17	n
103790965	2385	1489	-1.53	-0.25	n
103800965	2385	1488	-1.53	-0.17	n
103810965	2386	1488	-1.62	-0.17	n
103820965	2384	1489	-1.45	-0.25	n
103830965	2384	1488	-1.45	-0.17	Location:lat:35.504277lon:139.465192;;Date:2024/12/8;;Time:05:44:37:00;;
103840965	2384	1488	-1.45	-0.17	n
103850965	2384	1488	-1.45	-0.17	n
103860965	2385	1488	-1.53	-0.17	n
103870965	2384	1488	-1.45	-0.17	n
103880965	2385	1488	-1.53	-0.17	n
103890965	2384	1488	-1.45	-0.17	n
103900965	2384	1489	-1.45	-0.25	n
103910965	2384	1488	-1.45	-0.17	n
103920965	2384	1488	-1.45	-0.17	n
103930965	2385	1488	-1.53	-0.17	n
103940965	2385	1489	-1.53	-0.25	n
103950965	2384	1488	-1.45	-0.17	n
103960965	2384	1488	-1.45	-0.17	n
103970965	2384	1488	-1.45	-0.17	n
103980965	2384	1488	-1.45	-0.17	n
103990965	2385	1488	-1.53	-0.17	n
104000965	2386	1489	-1.62	-0.25	n
104010965	2385	1488	-1.53	-0.17	n
104020965	2385	1488	-1.53	-0.17	n
104030965	2385	1488	-1.53	-0.17	n
104040965	2384	1489	-1.45	-0.25	n
104050965	2386	1490	-1.62	-0.33	n
104060965	2384	1488	-1.45	-0.17	n
104070965	2385	1488	-1.53	-0.17	n
104080965	2385	1488	-1.53	-0.17	n
104090965	2384	1488	-1.45	-0.17	n
104100965	2384	1489	-1.45	-0.25	n
104110965	2384	1489	-1.45	-0.25	n
104120965	2384	1488	-1.45	-0.17	n
104130965	2384	1488	-1.45	-0.17	n
104140965	2384	1488	-1.45	-0.17	n
104150965	2385	1488	-1.53	-0.17	n
104160965	2384	1488	-1.45	-0.17	n
104170965	2384	1488	-1.45	-0.17	n
104180965	2384	1488	-1.45	-0.17	n
104190965	2384	1488	-1.45	-0.17	n
104200965	2384	1488	-1.45	-0.17	n
104210965	2384	1488	-1.45	-0.17	n
104220965	2385	1488	-1.53	-0.17	n
104230965	2385	1489	-1.53	-0.25	n
104240965	2385	1488	-1.53	-0.17	n
104250965	2386	1489	-1.62	-0.25	n
104260965	2384	1488	-1.45	-0.17	n
104270965	2385	1488	-1.53	-0.17	n
104280965	2384	1489	-1.45	-0.25	n
104290965	2385	1488	-1.53	-0.17	n
104300965	2385	1489	-1.53	-0.25	n
104310965	2384	1489	-1.45	-0.25	n
104320965	2384	1489	-1.45	-0.25	n
104330965	2386	1488	-1.62	-0.17	n
104340965	2384	1489	-1.45	-0.25	n
104350965	2384	1488	-1.45	-0.17	n
104360964	2384	1488	-1.45	-0.17	Location:lat:35.504277lon:139.465193;;Date:2024/12/8;;Time:05:44:38:00;;
104370963	2384	1488	-1.45	-0.17	n
104380963	2384	1488	-1.45	-0.17	n
104390963	2384	1488	-1.45	-0.17	n
104400963	2384	1488	-1.45	-0.17	n
104410969	2384	1488	-1.45	-0.17	n
104420968	2384	1488	-1.45	-0.17	n
104430968	2386	1488	-1.62	-0.17	n
104440967	2384	1488	-1.45	-0.17	n
104450966	2385	1488	-1.53	-0.17	n
104460967	2384	1489	-1.45	-0.25	n
104470967	2386	1488	-1.62	-0.17	Location:lat:35.504277lon:139.465193;;Time:05:44:38:00;;
104480967	2384	1488	-1.45	-0.17	n
104490966	2384	1488	-1.45	-0.17	n
104500966	2384	1489	-1.45	-0.25	n
104510967	2385	1488	-1.53	-0.17	n
104520966	2384	1488	-1.45	-0.17	n
104530965	2384	1489	-1.45	-0.25	n
104540965	2384	1488	-1.45	-0.17	n
104550965	2384	1488	-1.45	-0.17	n
104560964	2384	1488	-1.45	-0.17	n
104570964	2385	1488	-1.53	-0.17	n
104580964	2384	1488	-1.45	-0.17	n
104590964	2384	1488	-1.45	-0.17	n
104600964	2384	1488	-1.45	-0.17	n
104610964	2384	1488	-1.45	-0.17	n
104620963	2386	1488	-1.62	-0.17	n
104630963	2385	1488	-1.53	-0.17	n
104640963	2384	1488	-1.45	-0.17	n
104650963	2384	1489	-1.45	-0.25	n
104660963	2384	1488	-1.45	-0.17	n
104670963	2385	1489	-1.53	-0.25	n
104680963	2385	1488	-1.53	-0.17	n
104690963	2385	1488	-1.53	-0.17	n
104700964	2386	1488	-1.62	-0.17	n
104710964	2385	1488	-1.53	-0.17	n
104720964	2386	1488	-1.62	-0.17	n
104730964	2384	1488	-1.45	-0.17	n
104740963	2384	1488	-1.45	-0.17	n
104750963	2384	1488	-1.45	-0.17	n
104760963	2384	1488	-1.45	-0.17	n
104770963	2384	1488	-1.45	-0.17	n
104780962	2384	1488	-1.45	-0.17	n
104790962	2384	1488	-1.45	-0.17	n
104800962	2384	1489	-1.45	-0.25	n
104810963	2384	1488	-1.45	-0.17	n
104820963	2384	1488	-1.45	-0.17	n
104830963	2384	1488	-1.45	-0.17	Location:lat:35.504277lon:139.465193;;Date:2024/12/8;;Time:05:44:38:00;;
104840962	2384	1488	-1.45	-0.17	n
104850962	2384	1488	-1.45	-0.17	n
104860962	2384	1488	-1.45	-0.17	n
104870962	2384	1488	-1.45	-0.17	n
104880962	2384	1488	-1.45	-0.17	n
104890962	2384	1488	-1.45	-0.17	n
104900962	2384	1488	-1.45	-0.17	n
104910962	2384	1488	-1.45	-0.17	n
104920962	2384	1488	-1.45	-0.17	n
104930962	2384	1488	-1.45	-0.17	n
104940962	2384	1488	-1.45	-0.17	n
104950962	2384	1488	-1.45	-0.17	n
104960962	2384	1488	-1.45	-0.17	n
104970962	2384	1488	-1.45	-0.17	n
104980962	2384	1488	-1.45	-0.17	n
104990962	2384	1488	-1.45	-0.17	n
105000962	2384	1488	-1.45	-0.17	n
105010962	2384	1488	-1.45	-0.17	n
105020962	2384	1488	-1.45	-0.17	n
105030962	2384	1488	-1.45	-0.17	n
105040962	2384	1488	-1.45	-0.17	n
105050962	2384	1488	-1.45	-0.17	n
105060962	2384	1488	-1.45	-0.17	n
105070962	2384	1488	-1.45	-0.17	n
105080962	2384	1488	-1.45	-0.17	n
105090962	2384	1488	-1.45	-0.17	n
105100962	2383	1488	-1.37	-0.17	n
105110962	2384	1488	-1.45	-0.17	n
105120962	2384	1488	-1.45	-0.17	n
105130962	2384	1487	-1.45	-0.09	n
105140962	2384	1488	-1.45	-0.17	n
105150962	2384	1488	-1.45	-0.17	n
105160962	2384	1488	-1.45	-0.17	n
105170962	2384	1488	-1.45	-0.17	n
105180962	2384	1488	-1.45	-0.17	n
105190962	2384	1488	-1.45	-0.17	n
105200962	2384	1488	-1.45	-0.17	n
105210962	2384	1488	-1.45	-0.17	n
105220962	2384	1488	-1.45	-0.17	n
105230962	2384	1488	-1.45	-0.17	n
105240962	2384	1488	-1.45	-0.17	n
105250962	2384	1488	-1.45	-0.17	n
105260962	2384	1488	-1.45	-0.17	n
105270962	2384	1488	-1.45	-0.17	n
105280962	2384	1488	-1.45	-0.17	n
105290962	2384	1488	-1.45	-0.17	n
105300962	2384	1488	-1.45	-0.17	n
105310962	2384	1488	-1.45	-0.17	n
105320961	2384	1488	-1.45	-0.17	n
105330961	2384	1488	-1.45	-0.17	n
105340962	2385	1489	-1.53	-0.25	n
105350962	2385	1489	-1.53	-0.25	n
105360962	2384	1488	-1.45	-0.17	Location:lat:35.504273lon:139.465190;;Date:2024/12/8;;Time:05:44:39:00;;
105370961	2383	1488	-1.37	-0.17	n
105380962	2384	1487	-1.45	-0.09	n
105390963	2384	1488	-1.45	-0.17	n
105400965	2384	1488	-1.45	-0.17	n
105410965	2383	1488	-1.37	-0.17	n
105420965	2384	1488	-1.45	-0.17	n
105430964	2384	1488	-1.45	-0.17	n
105440965	2384	1488	-1.45	-0.17	n
105450964	2384	1488	-1.45	-0.17	n
105460965	2384	1488	-1.45	-0.17	n
105470965	2384	1488	-1.45	-0.17	Location:lat:35.504273lon:139.465190;;Time:05:44:39:00;;
105480965	2384	1488	-1.45	-0.17	n
105490964	2383	1488	-1.37	-0.17	n
105500964	2381	1487	-1.20	-0.09	n
105510964	2383	1488	-1.37	-0.17	n
105520964	2384	1488	-1.45	-0.17	n
105530964	2385	1488	-1.53	-0.17	n
105540964	2384	1488	-1.45	-0.17	n
105550963	2384	1488	-1.45	-0.17	n
105560963	2384	1488	-1.45	-0.17	n
105570963	2384	1488	-1.45	-0.17	n
105580962	2384	1488	-1.45	-0.17	n
105590962	2384	1488	-1.45	-0.17	n
105600961	2384	1488	-1.45	-0.17	n
105610961	2384	1488	-1.45	-0.17	n
105620960	2384	1488	-1.45	-0.17	n
105630960	2384	1488	-1.45	-0.17	n
105640960	2384	1488	-1.45	-0.17	n
105650960	2384	1488	-1.45	-0.17	n
105660960	2384	1488	-1.45	-0.17	n
105670959	2384	1488	-1.45	-0.17	n
105680959	2384	1488	-1.45	-0.17	n
105690959	2384	1488	-1.45	-0.17	n
105700959	2384	1488	-1.45	-0.17	n
105710959	2384	1488	-1.45	-0.17	n
105720958	2384	1488	-1.45	-0.17	n
105730957	2384	1488	-1.45	-0.17	n
105740957	2384	1488	-1.45	-0.17	n
105750957	2384	1488	-1.45	-0.17	n
105760957	2384	1488	-1.45	-0.17	n
105770957	2384	1488	-1.45	-0.17	n
105780957	2384	1488	-1.45	-0.17	n
105790957	2384	1488	-1.45	-0.17	n
105800957	2384	1488	-1.45	-0.17	n
105810957	2384	1488	-1.45	-0.17	n
105820957	2385	1488	-1.53	-0.17	n
105830957	2384	1488	-1.45	-0.17	Location:lat:35.504273lon:139.465190;;Date:2024/12/8;;Time:05:44:39:00;;
105840957	2384	1488	-1.45	-0.17	n
105850957	2384	1488	-1.45	-0.17	n
105860957	2384	1488	-1.45	-0.17	n
105870957	2384	1488	-1.45	-0.17	n
105880957	2384	1487	-1.45	-0.09	n
105890957	2384	1488	-1.45	-0.17	n
105900957	2384	1487	-1.45	-0.09	n
105910956	2384	1488	-1.45	-0.17	n
105920956	2384	1488	-1.45	-0.17	n
105930956	2384	1488	-1.45	-0.17	n
105940956	2384	1487	-1.45	-0.09	n
105950955	2384	1488	-1.45	-0.17	n
105960955	2384	1488	-1.45	-0.17	n
105970955	2384	1488	-1.45	-0.17	n
105980955	2383	1488	-1.37	-0.17	n
105990955	2384	1488	-1.45	-0.17	n
106000955	2384	1488	-1.45	-0.17	n
106010955	2384	1487	-1.45	-0.09	n
106020954	2384	1488	-1.45	-0.17	n
106030954	2384	1488	-1.45	-0.17	n
106040954	2384	1488	-1.45	-0.17	n
106050954	2384	1488	-1.45	-0.17	n
106060954	2384	1488	-1.45	-0.17	n
106070954	2384	1488	-1.45	-0.17	n
106080954	2384	1488	-1.45	-0.17	n
106090954	2384	1488	-1.45	-0.17	n
106100954	2384	1488	-1.45	-0.17	n
106110954	2384	1488	-1.45	-0.17	n
106120954	2384	1488	-1.45	-0.17	n
106130954	2384	1488	-1.45	-0.17	n
106140954	2384	1488	-1.45	-0.17	n
106150954	2384	1488	-1.45	-0.17	n
106160954	2384	1488	-1.45	-0.17	n
106170954	2384	1488	-1.45	-0.17	n
106180954	2384	1488	-1.45	-0.17	n
106190954	2384	1488	-1.45	-0.17	n
106200954	2383	1488	-1.37	-0.17	n
106210954	2383	1488	-1.37	-0.17	n
106220954	2384	1488	-1.45	-0.17	n
106230954	2384	1488	-1.45	-0.17	n
106240954	2384	1488	-1.45	-0.17	n
106250954	2384	1488	-1.45	-0.17	n
106260954	2383	1488	-1.37	-0.17	n
106270954	2385	1488	-1.53	-0.17	n
106280954	2384	1488	-1.45	-0.17	n
106290954	2384	1488	-1.45	-0.17	n
106300954	2384	1488	-1.45	-0.17	n
106310954	2384	1488	-1.45	-0.17	n
106320954	2384	1488	-1.45	-0.17	n
106330963	2384	1488	-1.45	-0.17	n
106340963	2384	1488	-1.45	-0.17	n
106350964	2384	1488	-1.45	-0.17	n
106360964	2384	1488	-1.45	-0.17	Location:lat:35.504269lon:139.465192;;Date:2024/12/8;;Time:05:44:40:00;;
106370964	2384	1488	-1.45	-0.17	n
106380964	2384	1488	-1.45	-0.17	n
106390963	2384	1488	-1.45	-0.17	n
106400963	2384	1488	-1.45	-0.17	n
106410963	2384	1488	-1.45	-0.17	n
106420962	2384	1488	-1.45	-0.17	n
106430962	2384	1488	-1.45	-0.17	n
106440961	2384	1488	-1.45	-0.17	n
106450960	2384	1488	-1.45	-0.17	n
106460960	2384	1488	-1.45	-0.17	n
106470959	2384	1487	-1.45	-0.09	Location:lat:35.504269lon:139.465192;;Time:05:44:40:00;;
106480959	2384	1488	-1.45	-0.17	n
106490959	2383	1488	-1.37	-0.17	n
106500959	2384	1488	-1.45	-0.17	n
106510958	2384	1488	-1.45	-0.17	n
106520957	2384	1488	-1.45	-0.17	n
106530957	2384	1488	-1.45	-0.17	n
106540957	2383	1487	-1.37	-0.09	n
106550957	2384	1487	-1.45	-0.09	n
106560957	2384	1488	-1.45	-0.17	n
106570957	2384	1488	-1.45	-0.17	n
106580957	2384	1488	-1.45	-0.17	n
106590957	2384	1488	-1.45	-0.17	n
106600957	2384	1488	-1.45	-0.17	n
106610957	2384	1488	-1.45	-0.17	n
106620957	2384	1488	-1.45	-0.17	n
106630956	2384	1487	-1.45	-0.09	n
106640956	2384	1488	-1.45	-0.17	n
106650956	2384	1488	-1.45	-0.17	n
106660956	2384	1488	-1.45	-0.17	n
106670956	2384	1488	-1.45	-0.17	n
106680956	2384	1488	-1.45	-0.17	n
106690955	2383	1488	-1.37	-0.17	n
106700955	2384	1488	-1.45	-0.17	n
106710959	2384	1488	-1.45	-0.17	n
106720959	2384	1488	-1.45	-0.17	n
106730958	2384	1488	-1.45	-0.17	n
106740958	2384	1488	-1.45	-0.17	n
106750958	2384	1488	-1.45	-0.17	n
106760959	2384	1488	-1.45	-0.17	n
106770960	2384	1488	-1.45	-0.17	n
106780959	2384	1488	-1.45	-0.17	n
106790959	2384	1488	-1.45	-0.17	n
106800958	2384	1488	-1.45	-0.17	n
106810958	2385	1488	-1.53	-0.17	n
106820958	2384	1488	-1.45	-0.17	n
106830958	2384	1488	-1.45	-0.17	Location:lat:35.504269lon:139.465192;;Date:2024/12/8;;Time:05:44:40:00;;
106840958	2384	1488	-1.45	-0.17	n
106850958	2384	1488	-1.45	-0.17	n
106860958	2384	1488	-1.45	-0.17	n
106870958	2384	1488	-1.45	-0.17	n
106880958	2384	1488	-1.45	-0.17	n
106890958	2384	1488	-1.45	-0.17	n
106900958	2384	1488	-1.45	-0.17	n
106910958	2384	1488	-1.45	-0.17	n
106920958	2384	1488	-1.45	-0.17	n
106930958	2384	1488	-1.45	-0.17	n
106940958	2384	1488	-1.45	-0.17	n
106950958	2384	1488	-1.45	-0.17	n
106960958	2384	1488	-1.45	-0.17	n
106970958	2384	1488	-1.45	-0.17	n
106980958	2384	1488	-1.45	-0.17	n
106990958	2384	1488	-1.45	-0.17	n
107000958	2384	1488	-1.45	-0.17	n
107010958	2384	1488	-1.45	-0.17	n
107020958	2384	1487	-1.45	-0.09	n
107030958	2383	1488	-1.37	-0.17	n
107040958	2384	1488	-1.45	-0.17	n
107050958	2384	1488	-1.45	-0.17	n
107060958	2384	1488	-1.45	-0.17	n
107070958	2384	1488	-1.45	-0.17	n
107080958	2384	1488	-1.45	-0.17	n
107090958	2384	1488	-1.45	-0.17	n
107100958	2383	1488	-1.37	-0.17	n
107110958	2384	1487	-1.45	-0.09	n
107120958	2383	1488	-1.37	-0.17	n
107130958	2384	1488	-1.45	-0.17	n
107140958	2384	1488	-1.45	-0.17	n
107150958	2384	1488	-1.45	-0.17	n
107160958	2384	1488	-1.45	-0.17	n
107170958	2384	1488	-1.45	-0.17	n
107180958	2384	1487	-1.45	-0.09	n
107190958	2384	1488	-1.45	-0.17	n
107200958	2384	1488	-1.45	-0.17	n
107210958	2384	1488	-1.45	-0.17	n
107220958	2384	1488	-1.45	-0.17	n
107230958	2383	1488	-1.37	-0.17	n
107240958	2384	1488	-1.45	-0.17	n
107250958	2384	1488	-1.45	-0.17	n
107260958	2384	1488	-1.45	-0.17	n
107270958	2384	1488	-1.45	-0.17	n
107280958	2385	1488	-1.53	-0.17	n
107290958	2384	1488	-1.45	-0.17	n
107300958	2384	1488	-1.45	-0.17	n
107310958	2384	1488	-1.45	-0.17	n
107320958	2384	1488	-1.45	-0.17	n
107330958	2384	1488	-1.45	-0.17	n
107340958	2384	1488	-1.45	-0.17	n
107350957	2384	1488	-1.45	-0.17	n
107360956	2384	1488	-1.45	-0.17	Location:lat:35.504266lon:139.465194;;Date:2024/12/8;;Time:05:44:41:00;;
107370956	2384	1488	-1.45	-0.17	n
107380957	2384	1488	-1.45	-0.17	n
107390957	2384	1488	-1.45	-0.17	n
107400957	2384	1488	-1.45	-0.17	n
107410957	2384	1488	-1.45	-0.17	n
107420956	2384	1488	-1.45	-0.17	n
107430956	2384	1488	-1.45	-0.17	n
107440955	2383	1487	-1.37	-0.09	n
107450955	2384	1488	-1.45	-0.17	n
107460955	2384	1488	-1.45	-0.17	n
107470955	2384	1488	-1.45	-0.17	Location:lat:35.504266lon:139.465194;;Time:05:44:41:00;;
107480955	2384	1488	-1.45	-0.17	n
107490955	2384	1488	-1.45	-0.17	n
107500955	2384	1488	-1.45	-0.17	n
107510955	2384	1488	-1.45	-0.17	n
107520955	2384	1488	-1.45	-0.17	n
107530954	2384	1488	-1.45	-0.17	n
107540954	2384	1488	-1.45	-0.17	n
107550957	2384	1488	-1.45	-0.17	n
107560957	2384	1488	-1.45	-0.17	n
107570957	2384	1488	-1.45	-0.17	n
107580956	2384	1488	-1.45	-0.17	n
107590957	2385	1488	-1.53	-0.17	n
107600957	2384	1488	-1.45	-0.17	n
107610957	2384	1488	-1.45	-0.17	n
107620957	2384	1488	-1.45	-0.17	n
107630957	2383	1488	-1.37	-0.17	n
107640957	2384	1488	-1.45	-0.17	n
107650957	2384	1488	-1.45	-0.17	n
107660957	2384	1487	-1.45	-0.09	n
107670956	2384	1488	-1.45	-0.17	n
107680956	2384	1488	-1.45	-0.17	n
107690956	2384	1488	-1.45	-0.17	n
107700957	2384	1488	-1.45	-0.17	n
107710957	2384	1488	-1.45	-0.17	n
107720957	2384	1488	-1.45	-0.17	n
107730957	2384	1488	-1.45	-0.17	n
107740957	2383	1488	-1.37	-0.17	n
107750957	2384	1488	-1.45	-0.17	n
107760957	2384	1488	-1.45	-0.17	n
107770956	2384	1488	-1.45	-0.17	n
107780955	2384	1488	-1.45	-0.17	n
107790955	2384	1488	-1.45	-0.17	n
107800956	2384	1488	-1.45	-0.17	n
107810957	2384	1488	-1.45	-0.17	n
107820957	2384	1489	-1.45	-0.25	n
107830957	2384	1488	-1.45	-0.17	Location:lat:35.504266lon:139.465194;;Date:2024/12/8;;Time:05:44:41:00;;
107840957	2384	1488	-1.45	-0.17	n
107850957	2384	1488	-1.45	-0.17	n
107860957	2384	1488	-1.45	-0.17	n
107870957	2384	1488	-1.45	-0.17	n
107880957	2384	1488	-1.45	-0.17	n
107890957	2384	1488	-1.45	-0.17	n
107900957	2384	1488	-1.45	-0.17	n
107910957	2384	1488	-1.45	-0.17	n
107920957	2384	1488	-1.45	-0.17	n
107930957	2384	1488	-1.45	-0.17	n
107940957	2384	1488	-1.45	-0.17	n
107950957	2384	1488	-1.45	-0.17	n
107960957	2385	1488	-1.53	-0.17	n
107970957	2384	1488	-1.45	-0.17	n
107980957	2384	1488	-1.45	-0.17	n
107990957	2384	1488	-1.45	-0.17	n
108000957	2384	1488	-1.45	-0.17	n
108010957	2384	1488	-1.45	-0.17	n
108020957	2384	1488	-1.45	-0.17	n
108030957	2384	1488	-1.45	-0.17	n
108040957	2384	1488	-1.45	-0.17	n
108050957	2384	1488	-1.45	-0.17	n
108060957	2384	1488	-1.45	-0.17	n
108070957	2384	1488	-1.45	-0.17	n
108080957	2384	1488	-1.45	-0.17	n
108090957	2384	1488	-1.45	-0.17	n
108100957	2384	1488	-1.45	-0.17	n
108110957	2384	1488	-1.45	-0.17	n
108120957	2384	1488	-1.45	-0.17	n
108130957	2385	1488	-1.53	-0.17	n
108140957	2384	1488	-1.45	-0.17	n
108150957	2383	1488	-1.37	-0.17	n
108160957	2384	1488	-1.45	-0.17	n
108170957	2384	1488	-1.45	-0.17	n
108180957	2384	1488	-1.45	-0.17	n
108190957	2384	1488	-1.45	-0.17	n
108200957	2384	1488	-1.45	-0.17	n
108210957	2384	1488	-1.45	-0.17	n
108220957	2384	1488	-1.45	-0.17	n
108230957	2384	1488	-1.45	-0.17	n
108240957	2384	1488	-1.45	-0.17	n
108250957	2384	1488	-1.45	-0.17	n
108260957	2384	1488	-1.45	-0.17	n
108270957	2384	1488	-1.45	-0.17	n
108280957	2384	1488	-1.45	-0.17	n
108290957	2384	1488	-1.45	-0.17	n
108300956	2384	1488	-1.45	-0.17	n
108310957	2384	1488	-1.45	-0.17	n
108320957	2384	1488	-1.45	-0.17	n
108330957	2384	1488	-1.45	-0.17	n
108340957	2383	1488	-1.37	-0.17	n
108350958	2384	1488	-1.45	-0.17	n
108360958	2384	1488	-1.45	-0.17	Location:lat:35.504263lon:139.465197;;Date:2024/12/8;;Time:05:44:42:00;;
108370957	2384	1488	-1.45	-0.17	n
108380957	2384	1488	-1.45	-0.17	n
108390957	2384	1488	-1.45	-0.17	n
108400957	2384	1488	-1.45	-0.17	n
108410956	2384	1488	-1.45	-0.17	n
108420956	2384	1488	-1.45	-0.17	n
108430955	2384	1488	-1.45	-0.17	n
108440955	2384	1488	-1.45	-0.17	n
108450955	2384	1488	-1.45	-0.17	n
108460955	2384	1488	-1.45	-0.17	n
108470955	2384	1489	-1.45	-0.25	Location:lat:35.504263lon:139.465197;;Time:05:44:42:00;;
108480955	2384	1488	-1.45	-0.17	n
108490955	2384	1488	-1.45	-0.17	n
108500955	2384	1488	-1.45	-0.17	n
108510954	2384	1488	-1.45	-0.17	n
108520953	2384	1488	-1.45	-0.17	n
108530959	2384	1488	-1.45	-0.17	n
108540958	2384	1488	-1.45	-0.17	n
108550958	2384	1488	-1.45	-0.17	n
108560958	2384	1488	-1.45	-0.17	n
108570957	2384	1488	-1.45	-0.17	n
108580956	2384	1488	-1.45	-0.17	n
108590956	2384	1488	-1.45	-0.17	n
108600956	2384	1488	-1.45	-0.17	n
108610956	2384	1488	-1.45	-0.17	n
108620956	2384	1488	-1.45	-0.17	n
108630956	2384	1488	-1.45	-0.17	n
108640955	2384	1488	-1.45	-0.17	n
108650955	2384	1488	-1.45	-0.17	n
108660954	2384	1488	-1.45	-0.17	n
108670953	2384	1488	-1.45	-0.17	n
108680953	2384	1488	-1.45	-0.17	n
108690952	2383	1488	-1.37	-0.17	n
108700952	2384	1488	-1.45	-0.17	n
108710951	2384	1488	-1.45	-0.17	n
108720951	2384	1488	-1.45	-0.17	n
108730950	2383	1488	-1.37	-0.17	n
108740950	2384	1488	-1.45	-0.17	n
108750950	2384	1488	-1.45	-0.17	n
108760953	2384	1488	-1.45	-0.17	n
108770952	2383	1488	-1.37	-0.17	n
108780952	2384	1488	-1.45	-0.17	n
108790952	2384	1488	-1.45	-0.17	n
108800952	2384	1488	-1.45	-0.17	n
108810952	2384	1487	-1.45	-0.09	n
108820951	2385	1488	-1.53	-0.17	n
108830951	2384	1488	-1.45	-0.17	Location:lat:35.504263lon:139.465197;;Date:2024/12/8;;Time:05:44:42:00;;
108840951	2384	1488	-1.45	-0.17	n
108850950	2384	1488	-1.45	-0.17	n
108860951	2384	1488	-1.45	-0.17	n
108870951	2384	1488	-1.45	-0.17	n
108880951	2384	1488	-1.45	-0.17	n
108890951	2384	1488	-1.45	-0.17	n
108900951	2384	1488	-1.45	-0.17	n
108910951	2384	1488	-1.45	-0.17	n
108920951	2383	1488	-1.37	-0.17	n
108930951	2384	1488	-1.45	-0.17	n
108940951	2384	1488	-1.45	-0.17	n
108950951	2384	1488	-1.45	-0.17	n
108960951	2382	1488	-1.28	-0.17	n
108970951	2384	1488	-1.45	-0.17	n
108980951	2384	1488	-1.45	-0.17	n
108990951	2384	1488	-1.45	-0.17	n
109000951	2384	1488	-1.45	-0.17	n
109010951	2384	1488	-1.45	-0.17	n
109020951	2384	1488	-1.45	-0.17	n
109030951	2384	1488	-1.45	-0.17	n
109040951	2384	1488	-1.45	-0.17	n
109050951	2384	1488	-1.45	-0.17	n
109060951	2384	1488	-1.45	-0.17	n
109070951	2383	1488	-1.37	-0.17	n
109080951	2384	1488	-1.45	-0.17	n
109090951	2384	1488	-1.45	-0.17	n
109100951	2384	1488	-1.45	-0.17	n
109110951	2384	1488	-1.45	-0.17	n
109120951	2384	1488	-1.45	-0.17	n
109130951	2384	1488	-1.45	-0.17	n
109140951	2384	1488	-1.45	-0.17	n
109150951	2384	1488	-1.45	-0.17	n
109160951	2384	1488	-1.45	-0.17	n
109170951	2384	1488	-1.45	-0.17	n
109180951	2384	1488	-1.45	-0.17	n
109190951	2384	1488	-1.45	-0.17	n
109200951	2384	1488	-1.45	-0.17	n
109210951	2384	1488	-1.45	-0.17	n
109220951	2383	1488	-1.37	-0.17	n
109230951	2384	1488	-1.45	-0.17	n
109240951	2384	1488	-1.45	-0.17	n
109250951	2384	1488	-1.45	-0.17	n
109260951	2384	1488	-1.45	-0.17	n
109270951	2384	1488	-1.45	-0.17	n
109280951	2384	1488	-1.45	-0.17	n
109290951	2384	1488	-1.45	-0.17	n
109300951	2384	1488	-1.45	-0.17	n
109310950	2384	1488	-1.45	-0.17	n
109320950	2384	1488	-1.45	-0.17	n
109330950	2384	1488	-1.45	-0.17	n
109340951	2384	1488	-1.45	-0.17	n
109350951	2384	1488	-1.45	-0.17	n
109360951	2382	1488	-1.28	-0.17	Location:lat:35.504268lon:139.465199;;Date:2024/12/8;;Time:05:44:43:00;;
109370950	2383	1487	-1.37	-0.09	n
109380950	2384	1488	-1.45	-0.17	n
109390951	2384	1488	-1.45	-0.17	n
109400951	2383	1488	-1.37	-0.17	n
109410952	2383	1488	-1.37	-0.17	n
109420952	2384	1488	-1.45	-0.17	n
109430952	2384	1488	-1.45	-0.17	n
109440953	2384	1488	-1.45	-0.17	n
109450954	2384	1488	-1.45	-0.17	n
109460954	2384	1488	-1.45	-0.17	n
109470954	2384	1488	-1.45	-0.17	Location:lat:35.504268lon:139.465199;;Time:05:44:43:00;;
109480953	2384	1488	-1.45	-0.17	n
109490952	2384	1488	-1.45	-0.17	n
109500952	2384	1488	-1.45	-0.17	n
109510952	2383	1488	-1.37	-0.17	n
109520952	2384	1487	-1.45	-0.09	n
109530951	2384	1489	-1.45	-0.25	n
109540951	2384	1488	-1.45	-0.17	n
109550951	2383	1488	-1.37	-0.17	n
109560951	2384	1488	-1.45	-0.17	n
109570951	2384	1488	-1.45	-0.17	n
109580951	2384	1488	-1.45	-0.17	n
109590954	2384	1488	-1.45	-0.17	n
109600954	2384	1488	-1.45	-0.17	n
109610954	2384	1488	-1.45	-0.17	n
109620954	2384	1488	-1.45	-0.17	n
109630954	2384	1487	-1.45	-0.09	n
109640954	2384	1489	-1.45	-0.25	n
109650954	2384	1488	-1.45	-0.17	n
109660954	2383	1488	-1.37	-0.17	n
109670954	2383	1488	-1.37	-0.17	n
109680954	2384	1488	-1.45	-0.17	n
109690963	2384	1488	-1.45	-0.17	n
109700963	2384	1488	-1.45	-0.17	n
109710963	2384	1487	-1.45	-0.09	n
109720963	2383	1487	-1.37	-0.09	n
109730962	2384	1488	-1.45	-0.17	n
109740962	2384	1488	-1.45	-0.17	n
109750962	2384	1488	-1.45	-0.17	n
109760961	2384	1488	-1.45	-0.17	n
109770961	2384	1488	-1.45	-0.17	n
109780960	2384	1488	-1.45	-0.17	n
109790961	2384	1488	-1.45	-0.17	n
109800961	2382	1488	-1.28	-0.17	n
109810961	2384	1488	-1.45	-0.17	n
109820961	2384	1488	-1.45	-0.17	n
109830962	2383	1488	-1.37	-0.17	Location:lat:35.504268lon:139.465199;;Date:2024/12/8;;Time:05:44:43:00;;
109840962	2384	1488	-1.45	-0.17	n
109850961	2384	1487	-1.45	-0.09	n
109860960	2385	1489	-1.53	-0.25	n
109870960	2384	1488	-1.45	-0.17	n
109880960	2384	1488	-1.45	-0.17	n
109890960	2384	1488	-1.45	-0.17	n
109900960	2384	1488	-1.45	-0.17	n
109910960	2384	1488	-1.45	-0.17	n
109920960	2384	1488	-1.45	-0.17	n
109930960	2384	1488	-1.45	-0.17	n
109940960	2384	1488	-1.45	-0.17	n
109950960	2384	1488	-1.45	-0.17	n
109960960	2384	1488	-1.45	-0.17	n
109970960	2383	1488	-1.37	-0.17	n
109980960	2384	1488	-1.45	-0.17	n
109990960	2384	1488	-1.45	-0.17	n
110000960	2384	1488	-1.45	-0.17	n
110010960	2384	1488	-1.45	-0.17	n
110020960	2384	1488	-1.45	-0.17	n
110030960	2384	1488	-1.45	-0.17	n
110040960	2384	1488	-1.45	-0.17	n
110050960	2384	1488	-1.45	-0.17	n
110060960	2384	1488	-1.45	-0.17	n
110070960	2383	1488	-1.37	-0.17	n
110080960	2384	1488	-1.45	-0.17	n
110090960	2383	1488	-1.37	-0.17	n
110100960	2384	1488	-1.45	-0.17	n
110110960	2382	1488	-1.28	-0.17	n
110120960	2384	1488	-1.45	-0.17	n
110130960	2384	1488	-1.45	-0.17	n
110140960	2384	1488	-1.45	-0.17	n
110150960	2384	1489	-1.45	-0.25	n
110160960	2384	1488	-1.45	-0.17	n
110170960	2384	1488	-1.45	-0.17	n
110180960	2384	1488	-1.45	-0.17	n
110190960	2384	1488	-1.45	-0.17	n
110200960	2384	1488	-1.45	-0.17	n
110210960	2384	1488	-1.45	-0.17	n
110220960	2383	1488	-1.37	-0.17	n
110230960	2384	1487	-1.45	-0.09	n
110240959	2384	1488	-1.45	-0.17	n
110250959	2384	1488	-1.45	-0.17	n
110260959	2384	1488	-1.45	-0.17	n
110270959	2384	1488	-1.45	-0.17	n
110280959	2384	1487	-1.45	-0.09	n
110290958	2383	1488	-1.37	-0.17	n
110300957	2384	1488	-1.45	-0.17	n
110310956	2384	1488	-1.45	-0.17	n
110320955	2383	1488	-1.37	-0.17	n
110330955	2384	1488	-1.45	-0.17	n
110340954	2384	1488	-1.45	-0.17	n
110350954	2384	1488	-1.45	-0.17	n
110360954	2384	1487	-1.45	-0.09	Location:lat:35.504271lon:139.465201;;Date:2024/12/8;;Time:05:44:44:00;;
110370954	2383	1488	-1.37	-0.17	n
110380954	2383	1488	-1.37	-0.17	n
110390954	2384	1488	-1.45	-0.17	n
110400953	2383	1488	-1.37	-0.17	n
110410954	2384	1488	-1.45	-0.17	n
110420953	2384	1488	-1.45	-0.17	n
110430952	2385	1488	-1.53	-0.17	n
110440951	2384	1488	-1.45	-0.17	n
110450950	2384	1488	-1.45	-0.17	n
110460953	2384	1488	-1.45	-0.17	n
110470954	2384	1488	-1.45	-0.17	Location:lat:35.504271lon:139.465201;;Time:05:44:44:00;;
110480954	2384	1488	-1.45	-0.17	n
110490953	2384	1488	-1.45	-0.17	n
110500953	2384	1488	-1.45	-0.17	n
110510953	2384	1488	-1.45	-0.17	n
110520954	2383	1488	-1.37	-0.17	n
110530954	2384	1488	-1.45	-0.17	n
110540954	2384	1488	-1.45	-0.17	n
110550954	2384	1488	-1.45	-0.17	n
110560963	2384	1488	-1.45	-0.17	n
110570963	2384	1488	-1.45	-0.17	n
110580962	2384	1488	-1.45	-0.17	n
110590962	2383	1487	-1.37	-0.09	n
110600961	2383	1488	-1.37	-0.17	n
110610960	2384	1488	-1.45	-0.17	n
110620960	2381	1488	-1.20	-0.17	n
110630960	2384	1488	-1.45	-0.17	n
110640960	2382	1488	-1.28	-0.17	n
110650960	2384	1488	-1.45	-0.17	n
110660959	2384	1488	-1.45	-0.17	n
110670959	2384	1488	-1.45	-0.17	n
110680960	2384	1488	-1.45	-0.17	n
110690960	2384	1488	-1.45	-0.17	n
110700960	2384	1488	-1.45	-0.17	n
110710960	2384	1488	-1.45	-0.17	n
110720959	2384	1488	-1.45	-0.17	n
110730959	2383	1488	-1.37	-0.17	n
110740958	2384	1488	-1.45	-0.17	n
110750958	2383	1488	-1.37	-0.17	n
110760959	2383	1488	-1.37	-0.17	n
110770959	2383	1488	-1.37	-0.17	n
110780959	2384	1488	-1.45	-0.17	n
110790959	2384	1488	-1.45	-0.17	n
110800959	2384	1489	-1.45	-0.25	n
110810958	2384	1488	-1.45	-0.17	n
110820958	2385	1488	-1.53	-0.17	n
110830958	2384	1488	-1.45	-0.17	Location:lat:35.504271lon:139.465201;;Date:2024/12/8;;Time:05:44:44:00;;
110840958	2384	1488	-1.45	-0.17	n
110850958	2384	1488	-1.45	-0.17	n
110860958	2384	1488	-1.45	-0.17	n
110870958	2384	1488	-1.45	-0.17	n
110880958	2385	1489	-1.53	-0.25	n
110890958	2384	1488	-1.45	-0.17	n
110900958	2384	1488	-1.45	-0.17	n
110910958	2384	1488	-1.45	-0.17	n
110920958	2385	1489	-1.53	-0.25	n
110930958	2384	1488	-1.45	-0.17	n
110940958	2385	1489	-1.53	-0.25	n
110950958	2384	1488	-1.45	-0.17	n
110960958	2384	1488	-1.45	-0.17	n
110970958	2385	1488	-1.53	-0.17	n
110980958	2385	1488	-1.53	-0.17	n
110990958	2384	1488	-1.45	-0.17	n
111000958	2384	1488	-1.45	-0.17	n
111010958	2384	1488	-1.45	-0.17	n
111020958	2384	1488	-1.45	-0.17	n
111030958	2384	1488	-1.45	-0.17	n
111040958	2384	1488	-1.45	-0.17	n
111050958	2384	1488	-1.45	-0.17	n
111060958	2385	1489	-1.53	-0.25	n
111070958	2384	1488	-1.45	-0.17	n
111080958	2384	1488	-1.45	-0.17	n
111090958	2384	1488	-1.45	-0.17	n
111100958	2384	1488	-1.45	-0.17	n
111110958	2384	1488	-1.45	-0.17	n
111120958	2384	1488	-1.45	-0.17	n
111130958	2384	1488	-1.45	-0.17	n
111140958	2384	1488	-1.45	-0.17	n
111150958	2384	1488	-1.45	-0.17	n
111160958	2384	1488	-1.45	-0.17	n
111170958	2384	1488	-1.45	-0.17	n
111180958	2384	1489	-1.45	-0.25	n
111190958	2384	1488	-1.45	-0.17	n
111200958	2384	1488	-1.45	-0.17	n
111210958	2384	1488	-1.45	-0.17	n
111220958	2384	1488	-1.45	-0.17	n
111230958	2384	1489	-1.45	-0.25	n
111240958	2384	1488	-1.45	-0.17	n
111250958	2384	1488	-1.45	-0.17	n
111260958	2384	1488	-1.45	-0.17	n
111270958	2384	1489	-1.45	-0.25	n
111280958	2384	1488	-1.45	-0.17	n
111290958	2384	1488	-1.45	-0.17	n
111300958	2384	1488	-1.45	-0.17	n
111310966	2384	1488	-1.45	-0.17	n
111320966	2384	1488	-1.45	-0.17	n
111330967	2383	1488	-1.37	-0.17	n
111340966	2384	1488	-1.45	-0.17	n
111350965	2384	1488	-1.45	-0.17	n
111360964	2384	1488	-1.45	-0.17	n
111370964	2384	1488	-1.45	-0.17	Location:lat:35.504272lon:139.465202;;Date:2024/12/8;;Time:05:44:45:00;;
111380964	2384	1488	-1.45	-0.17	n
111390964	2384	1488	-1.45	-0.17	n
111400963	2384	1488	-1.45	-0.17	n
111410962	2384	1488	-1.45	-0.17	n
111420962	2384	1488	-1.45	-0.17	n
111430961	2384	1488	-1.45	-0.17	n
111440961	2384	1488	-1.45	-0.17	n
111450960	2384	1489	-1.45	-0.25	n
111460960	2384	1488	-1.45	-0.17	n
111470960	2384	1488	-1.45	-0.17	n
111480961	2384	1488	-1.45	-0.17	Location:lat:35.504272lon:139.465202;;Time:05:44:45:00;;
111490961	2384	1488	-1.45	-0.17	n
111500960	2384	1488	-1.45	-0.17	n
111510960	2384	1488	-1.45	-0.17	n
111520960	2384	1488	-1.45	-0.17	n
111530960	2384	1488	-1.45	-0.17	n
111540960	2384	1488	-1.45	-0.17	n
111550959	2383	1488	-1.37	-0.17	n
111560959	2384	1487	-1.45	-0.09	n
111570959	2384	1488	-1.45	-0.17	n
111580958	2384	1488	-1.45	-0.17	n
111590958	2384	1488	-1.45	-0.17	n
111600958	2383	1488	-1.37	-0.17	n
111610958	2384	1488	-1.45	-0.17	n
111620958	2383	1488	-1.37	-0.17	n
111630957	2384	1488	-1.45	-0.17	n
111640957	2384	1489	-1.45	-0.25	n
111650956	2383	1488	-1.37	-0.17	n
111660956	2384	1488	-1.45	-0.17	n
111670957	2384	1488	-1.45	-0.17	n
111680957	2384	1488	-1.45	-0.17	n
111690957	2384	1488	-1.45	-0.17	n
111700957	2384	1488	-1.45	-0.17	n
111710956	2384	1488	-1.45	-0.17	n
111720956	2384	1488	-1.45	-0.17	n
111730956	2384	1488	-1.45	-0.17	n
111740955	2384	1488	-1.45	-0.17	n
111750955	2384	1488	-1.45	-0.17	n
111760955	2384	1488	-1.45	-0.17	n
111770955	2384	1489	-1.45	-0.25	n
111780955	2384	1488	-1.45	-0.17	n
111790955	2384	1488	-1.45	-0.17	n
111800955	2383	1488	-1.37	-0.17	n
111810955	2384	1488	-1.45	-0.17	n
111820954	2384	1488	-1.45	-0.17	n
111830954	2384	1488	-1.45	-0.17	n
111840954	2384	1488	-1.45	-0.17	Location:lat:35.504272lon:139.465202;;Date:2024/12/8;;Time:05:44:45:00;;
111850954	2384	1488	-1.45	-0.17	n
111860954	2383	1488	-1.37	-0.17	n
111870954	2384	1488	-1.45	-0.17	n
111880954	2384	1488	-1.45	-0.17	n
111890954	2384	1488	-1.45	-0.17	n
111900954	2384	1488	-1.45	-0.17	n
111910954	2384	1488	-1.45	-0.17	n
111920954	2384	1488	-1.45	-0.17	n
111930954	2384	1488	-1.45	-0.17	n
111940954	2384	1488	-1.45	-0.17	n
111950954	2384	1488	-1.45	-0.17	n
111960954	2384	1488	-1.45	-0.17	n
111970954	2384	1488	-1.45	-0.17	n
111980954	2384	1488	-1.45	-0.17	n
111990954	2384	1488	-1.45	-0.17	n
112000954	2384	1488	-1.45	-0.17	n
112010954	2384	1488	-1.45	-0.17	n
112020954	2384	1488	-1.45	-0.17	n
112030954	2384	1488	-1.45	-0.17	n
112040954	2384	1488	-1.45	-0.17	n
112050954	2384	1488	-1.45	-0.17	n
112060954	2384	1488	-1.45	-0.17	n
112070954	2384	1488	-1.45	-0.17	n
112080954	2383	1488	-1.37	-0.17	n
112090954	2384	1488	-1.45	-0.17	n
112100954	2384	1488	-1.45	-0.17	n
112110954	2384	1488	-1.45	-0.17	n
112120954	2384	1488	-1.45	-0.17	n
112130954	2384	1488	-1.45	-0.17	n
112140954	2384	1488	-1.45	-0.17	n
112150954	2384	1488	-1.45	-0.17	n
112160954	2384	1488	-1.45	-0.17	n
112170954	2384	1488	-1.45	-0.17	n
112180954	2384	1488	-1.45	-0.17	n
112190954	2384	1489	-1.45	-0.25	n
112200954	2384	1488	-1.45	-0.17	n
112210954	2384	1488	-1.45	-0.17	n
112220954	2383	1488	-1.37	-0.17	n
112230954	2384	1488	-1.45	-0.17	n
112240954	2384	1488	-1.45	-0.17	n
112250954	2384	1488	-1.45	-0.17	n
112260954	2383	1488	-1.37	-0.17	n
112270954	2384	1488	-1.45	-0.17	n
112280954	2384	1488	-1.45	-0.17	n
112290954	2384	1488	-1.45	-0.17	n
112300954	2384	1488	-1.45	-0.17	n
112310954	2384	1488	-1.45	-0.17	n
112320954	2384	1488	-1.45	-0.17	n
112330954	2384	1488	-1.45	-0.17	n
112340954	2384	1488	-1.45	-0.17	n
112350954	2384	1488	-1.45	-0.17	n
112360954	2384	1488	-1.45	-0.17	Location:lat:35.504274lon:139.465204;;Date:2024/12/8;;Time:05:44:46:00;;
112370954	2384	1487	-1.45	-0.09	n
112380954	2384	1488	-1.45	-0.17	n
112390954	2384	1488	-1.45	-0.17	n
112400954	2384	1488	-1.45	-0.17	n
112410957	2384	1488	-1.45	-0.17	n
112420957	2384	1488	-1.45	-0.17	n
112430957	2384	1488	-1.45	-0.17	n
112440957	2384	1488	-1.45	-0.17	n
112450957	2384	1488	-1.45	-0.17	n
112460957	2384	1488	-1.45	-0.17	n
112470957	2384	1488	-1.45	-0.17	n
112480958	2384	1488	-1.45	-0.17	Location:lat:35.504274lon:139.465204;;Time:05:44:46:00;;
112490958	2384	1488	-1.45	-0.17	n
112500957	2384	1488	-1.45	-0.17	n
112510957	2385	1488	-1.53	-0.17	n
112520957	2384	1488	-1.45	-0.17	n
112530956	2385	1488	-1.53	-0.17	n
112540955	2384	1488	-1.45	-0.17	n
112550955	2384	1488	-1.45	-0.17	n
112560963	2383	1488	-1.37	-0.17	n
112570962	2384	1488	-1.45	-0.17	n
112580961	2385	1488	-1.53	-0.17	n
112590961	2384	1488	-1.45	-0.17	n
112600961	2384	1488	-1.45	-0.17	n
112610961	2384	1488	-1.45	-0.17	n
112620960	2384	1488	-1.45	-0.17	n
112630960	2384	1488	-1.45	-0.17	n
112640960	2384	1488	-1.45	-0.17	n
112650960	2383	1488	-1.37	-0.17	n
112660960	2384	1488	-1.45	-0.17	n
112670960	2385	1488	-1.53	-0.17	n
112680959	2384	1488	-1.45	-0.17	n
112690959	2385	1488	-1.53	-0.17	n
112700958	2384	1488	-1.45	-0.17	n
112710958	2384	1488	-1.45	-0.17	n
112720957	2384	1488	-1.45	-0.17	n
112730957	2384	1488	-1.45	-0.17	n
112740957	2384	1488	-1.45	-0.17	n
112750957	2384	1488	-1.45	-0.17	n
112760956	2384	1488	-1.45	-0.17	n
112770956	2384	1488	-1.45	-0.17	n
112780956	2384	1488	-1.45	-0.17	n
112790955	2384	1488	-1.45	-0.17	n
112800955	2384	1488	-1.45	-0.17	n
112810956	2384	1488	-1.45	-0.17	n
112820955	2384	1488	-1.45	-0.17	n
112830955	2385	1488	-1.53	-0.17	Location:lat:35.504274lon:139.465204;;Date:2024/12/8;;Time:05:44:46:00;;
112840955	2384	1488	-1.45	-0.17	n
112850954	2384	1488	-1.45	-0.17	n
112860954	2384	1488	-1.45	-0.17	n
112870954	2384	1488	-1.45	-0.17	n
112880954	2384	1488	-1.45	-0.17	n
112890954	2384	1488	-1.45	-0.17	n
112900954	2384	1489	-1.45	-0.25	n
112910954	2384	1488	-1.45	-0.17	n
112920954	2384	1488	-1.45	-0.17	n
112930954	2384	1488	-1.45	-0.17	n
112940954	2384	1489	-1.45	-0.25	n
112950954	2384	1488	-1.45	-0.17	n
112960954	2384	1488	-1.45	-0.17	n
112970954	2384	1488	-1.45	-0.17	n
112980954	2384	1488	-1.45	-0.17	n
112990954	2384	1488	-1.45	-0.17	n
113000954	2384	1488	-1.45	-0.17	n
113010954	2384	1488	-1.45	-0.17	n
113020954	2384	1488	-1.45	-0.17	n
113030954	2384	1488	-1.45	-0.17	n
113040954	2384	1488	-1.45	-0.17	n
113050954	2384	1488	-1.45	-0.17	n
113060954	2384	1488	-1.45	-0.17	n
113070954	2384	1488	-1.45	-0.17	n
113080954	2384	1488	-1.45	-0.17	n
113090954	2385	1489	-1.53	-0.25	n
113100954	2384	1488	-1.45	-0.17	n
113110954	2384	1488	-1.45	-0.17	n
113120954	2384	1488	-1.45	-0.17	n
113130954	2384	1488	-1.45	-0.17	n
113140954	2384	1488	-1.45	-0.17	n
113150954	2384	1488	-1.45	-0.17	n
113160954	2383	1487	-1.37	-0.09	n
113170954	2384	1488	-1.45	-0.17	n
113180954	2384	1488	-1.45	-0.17	n
113190954	2384	1488	-1.45	-0.17	n
113200954	2384	1489	-1.45	-0.25	n
113210954	2384	1489	-1.45	-0.25	n
113220954	2384	1488	-1.45	-0.17	n
113230954	2384	1488	-1.45	-0.17	n
113240954	2384	1488	-1.45	-0.17	n
113250954	2384	1488	-1.45	-0.17	n
113260954	2384	1488	-1.45	-0.17	n
113270954	2384	1488	-1.45	-0.17	n
113280954	2384	1488	-1.45	-0.17	n
113290954	2384	1488	-1.45	-0.17	n
113300954	2384	1488	-1.45	-0.17	n
113310962	2384	1488	-1.45	-0.17	n
113320962	2384	1488	-1.45	-0.17	n
113330962	2384	1488	-1.45	-0.17	n
113340962	2384	1488	-1.45	-0.17	n
113350961	2384	1488	-1.45	-0.17	n
113360961	2384	1488	-1.45	-0.17	Location:lat:35.504277lon:139.465206;;Date:2024/12/8;;Time:05:44:47:00;;
113370960	2384	1488	-1.45	-0.17	n
113380959	2384	1488	-1.45	-0.17	n
113390959	2384	1488	-1.45	-0.17	n
113400958	2384	1488	-1.45	-0.17	n
113410958	2384	1488	-1.45	-0.17	n
113420957	2384	1488	-1.45	-0.17	n
113430957	2384	1488	-1.45	-0.17	n
113440957	2384	1488	-1.45	-0.17	n
113450957	2384	1488	-1.45	-0.17	n
113460956	2384	1488	-1.45	-0.17	n
113470955	2384	1488	-1.45	-0.17	Location:lat:35.504277lon:139.465206;;Time:05:44:47:00;;
113480955	2384	1488	-1.45	-0.17	n
113490955	2384	1488	-1.45	-0.17	n
113500955	2384	1488	-1.45	-0.17	n
113510955	2384	1488	-1.45	-0.17	n
113520955	2384	1488	-1.45	-0.17	n
113530954	2384	1488	-1.45	-0.17	n
113540953	2384	1488	-1.45	-0.17	n
113550953	2384	1488	-1.45	-0.17	n
113560953	2384	1488	-1.45	-0.17	n
113570953	2384	1488	-1.45	-0.17	n
113580952	2384	1489	-1.45	-0.25	n
113590955	2385	1488	-1.53	-0.17	n
113600955	2384	1488	-1.45	-0.17	n
113610955	2384	1489	-1.45	-0.25	n
113620955	2384	1488	-1.45	-0.17	n
113630955	2385	1488	-1.53	-0.17	n
113640954	2384	1488	-1.45	-0.17	n
113650953	2385	1488	-1.53	-0.17	n
113660953	2381	1488	-1.20	-0.17	n
113670953	2384	1488	-1.45	-0.17	n
113680953	2384	1488	-1.45	-0.17	n
113690961	2384	1488	-1.45	-0.17	n
113700962	2384	1488	-1.45	-0.17	n
113710962	2384	1488	-1.45	-0.17	n
113720962	2384	1488	-1.45	-0.17	n
113730962	2384	1488	-1.45	-0.17	n
113740962	2384	1488	-1.45	-0.17	n
113750962	2384	1488	-1.45	-0.17	n
113760962	2384	1489	-1.45	-0.25	n
113770962	2384	1488	-1.45	-0.17	n
113780962	2384	1489	-1.45	-0.25	n
113790962	2384	1488	-1.45	-0.17	n
113800962	2384	1488	-1.45	-0.17	n
113810961	2384	1488	-1.45	-0.17	n
113820961	2384	1488	-1.45	-0.17	n
113830962	2384	1488	-1.45	-0.17	Location:lat:35.504277lon:139.465206;;Date:2024/12/8;;Time:05:44:47:00;;
113840962	2385	1488	-1.53	-0.17	n
113850962	2384	1488	-1.45	-0.17	n
113860962	2384	1488	-1.45	-0.17	n
113870962	2384	1488	-1.45	-0.17	n
113880962	2385	1488	-1.53	-0.17	n
113890962	2384	1488	-1.45	-0.17	n
113900962	2384	1488	-1.45	-0.17	n
113910962	2384	1488	-1.45	-0.17	n
113920962	2384	1488	-1.45	-0.17	n
113930962	2384	1488	-1.45	-0.17	n
113940962	2384	1488	-1.45	-0.17	n
113950962	2384	1488	-1.45	-0.17	n
113960962	2384	1489	-1.45	-0.25	n
113970962	2384	1488	-1.45	-0.17	n
113980962	2384	1488	-1.45	-0.17	n
113990962	2384	1488	-1.45	-0.17	n
114000962	2384	1488	-1.45	-0.17	n
114010962	2384	1488	-1.45	-0.17	n
114020962	2384	1489	-1.45	-0.25	n
114030962	2384	1488	-1.45	-0.17	n
114040962	2384	1488	-1.45	-0.17	n
114050962	2384	1489	-1.45	-0.25	n
114060962	2384	1489	-1.45	-0.25	n
114070962	2384	1488	-1.45	-0.17	n
114080962	2384	1488	-1.45	-0.17	n
114090962	2384	1488	-1.45	-0.17	n
114100962	2384	1488	-1.45	-0.17	n
114110962	2384	1489	-1.45	-0.25	n
114120962	2384	1489	-1.45	-0.25	n
114130962	2384	1488	-1.45	-0.17	n
114140962	2384	1489	-1.45	-0.25	n
114150962	2385	1488	-1.53	-0.17	n
114160962	2384	1488	-1.45	-0.17	n
114170962	2383	1489	-1.37	-0.25	n
114180962	2383	1488	-1.37	-0.17	n
114190962	2385	1488	-1.53	-0.17	n
114200962	2384	1488	-1.45	-0.17	n
114210962	2384	1488	-1.45	-0.17	n
114220962	2384	1488	-1.45	-0.17	n
114230962	2384	1488	-1.45	-0.17	n
114240962	2384	1488	-1.45	-0.17	n
114250962	2384	1488	-1.45	-0.17	n
114260962	2384	1488	-1.45	-0.17	n
114270962	2384	1488	-1.45	-0.17	n
114280962	2384	1488	-1.45	-0.17	n
114290962	2384	1488	-1.45	-0.17	n
114300962	2384	1488	-1.45	-0.17	n
114310962	2384	1488	-1.45	-0.17	n
114320962	2384	1488	-1.45	-0.17	n
114330961	2384	1489	-1.45	-0.25	n
114340962	2384	1488	-1.45	-0.17	n
114350961	2384	1488	-1.45	-0.17	n
114360961	2384	1489	-1.45	-0.25	Location:lat:35.504275lon:139.465208;;Date:2024/12/8;;Time:05:44:48:00;;
114370961	2384	1488	-1.45	-0.17	n
114380961	2384	1488	-1.45	-0.17	n
114390962	2383	1488	-1.37	-0.17	n
114400962	2384	1488	-1.45	-0.17	n
114410962	2385	1489	-1.53	-0.25	n
114420962	2385	1489	-1.53	-0.25	n
114430961	2384	1488	-1.45	-0.17	n
114440961	2384	1488	-1.45	-0.17	n
114450961	2384	1488	-1.45	-0.17	n
114460961	2384	1488	-1.45	-0.17	n
114470960	2384	1489	-1.45	-0.25	Location:lat:35.504275lon:139.465208;;Time:05:44:48:00;;
114480960	2384	1488	-1.45	-0.17	n
114490960	2384	1488	-1.45	-0.17	n
114500960	2384	1488	-1.45	-0.17	n
114510960	2385	1488	-1.53	-0.17	n
114520960	2384	1488	-1.45	-0.17	n
114530959	2384	1488	-1.45	-0.17	n
114540959	2384	1488	-1.45	-0.17	n
114550958	2384	1488	-1.45	-0.17	n
114560958	2384	1488	-1.45	-0.17	n
114570957	2384	1488	-1.45	-0.17	n
114580957	2384	1488	-1.45	-0.17	n
114590957	2384	1488	-1.45	-0.17	n
114600957	2384	1488	-1.45	-0.17	n
114610957	2384	1488	-1.45	-0.17	n
114620956	2384	1488	-1.45	-0.17	n
114630956	2384	1488	-1.45	-0.17	n
114640963	2384	1488	-1.45	-0.17	n
114650962	2384	1488	-1.45	-0.17	n
114660962	2384	1488	-1.45	-0.17	n
114670962	2385	1488	-1.53	-0.17	n
114680962	2384	1488	-1.45	-0.17	n
114690962	2384	1488	-1.45	-0.17	n
114700962	2384	1488	-1.45	-0.17	n
114710962	2384	1488	-1.45	-0.17	n
114720962	2384	1488	-1.45	-0.17	n
114730961	2384	1488	-1.45	-0.17	n
114740961	2384	1488	-1.45	-0.17	n
114750961	2384	1488	-1.45	-0.17	n
114760960	2384	1488	-1.45	-0.17	n
114770959	2384	1489	-1.45	-0.25	n
114780959	2384	1488	-1.45	-0.17	n
114790959	2384	1488	-1.45	-0.17	n
114800959	2384	1488	-1.45	-0.17	n
114810959	2384	1488	-1.45	-0.17	n
114820958	2384	1488	-1.45	-0.17	n
114830957	2384	1488	-1.45	-0.17	n
114840957	2384	1488	-1.45	-0.17	Location:lat:35.504275lon:139.465208;;Date:2024/12/8;;Time:05:44:48:00;;
114850957	2385	1488	-1.53	-0.17	n
114860957	2384	1488	-1.45	-0.17	n
114870957	2384	1488	-1.45	-0.17	n
114880957	2384	1488	-1.45	-0.17	n
114890957	2385	1488	-1.53	-0.17	n
114900957	2384	1488	-1.45	-0.17	n
114910957	2384	1488	-1.45	-0.17	n
114920957	2384	1487	-1.45	-0.09	n
114930957	2384	1488	-1.45	-0.17	n
114940957	2384	1489	-1.45	-0.25	n
114950957	2384	1488	-1.45	-0.17	n
114960957	2385	1488	-1.53	-0.17	n
114970957	2384	1488	-1.45	-0.17	n
114980957	2384	1488	-1.45	-0.17	n
114990957	2385	1488	-1.53	-0.17	n
115000957	2384	1488	-1.45	-0.17	n
115010957	2384	1488	-1.45	-0.17	n
115020957	2384	1488	-1.45	-0.17	n
115030957	2384	1488	-1.45	-0.17	n
115040957	2384	1488	-1.45	-0.17	n
115050957	2384	1488	-1.45	-0.17	n
115060957	2384	1488	-1.45	-0.17	n
115070957	2384	1488	-1.45	-0.17	n
115080957	2385	1488	-1.53	-0.17	n
115090957	2384	1488	-1.45	-0.17	n
115100957	2384	1488	-1.45	-0.17	n
115110957	2384	1488	-1.45	-0.17	n
115120957	2383	1488	-1.37	-0.17	n
115130957	2384	1488	-1.45	-0.17	n
115140957	2384	1488	-1.45	-0.17	n
115150957	2384	1488	-1.45	-0.17	n
115160957	2384	1488	-1.45	-0.17	n
115170957	2384	1488	-1.45	-0.17	n
115180957	2384	1488	-1.45	-0.17	n
115190957	2383	1488	-1.37	-0.17	n
115200957	2384	1488	-1.45	-0.17	n
115210957	2384	1488	-1.45	-0.17	n
115220957	2384	1489	-1.45	-0.25	n
115230957	2384	1489	-1.45	-0.25	n
115240957	2384	1488	-1.45	-0.17	n
115250957	2384	1488	-1.45	-0.17	n
115260957	2384	1488	-1.45	-0.17	n
115270957	2385	1488	-1.53	-0.17	n
115280957	2384	1488	-1.45	-0.17	n
115290957	2384	1488	-1.45	-0.17	n
115300956	2384	1488	-1.45	-0.17	n
115310955	2384	1488	-1.45	-0.17	n
115320955	2384	1488	-1.45	-0.17	n
115330955	2384	1488	-1.45	-0.17	n
115340955	2384	1488	-1.45	-0.17	n
115350955	2384	1488	-1.45	-0.17	n
115360955	2384	1488	-1.45	-0.17	Location:lat:35.504272lon:139.465212;;Date:2024/12/8;;Time:05:44:49:00;;
115370955	2383	1488	-1.37	-0.17	n
115380955	2384	1488	-1.45	-0.17	n
115390955	2384	1489	-1.45	-0.25	n
115400955	2384	1488	-1.45	-0.17	n
115410955	2384	1488	-1.45	-0.17	n
115420955	2384	1488	-1.45	-0.17	n
115430955	2384	1488	-1.45	-0.17	n
115440955	2384	1488	-1.45	-0.17	n
115450955	2384	1488	-1.45	-0.17	n
115460954	2384	1489	-1.45	-0.25	n
115470954	2384	1488	-1.45	-0.17	Location:lat:35.504272lon:139.465212;;Time:05:44:49:00;;
115480953	2384	1489	-1.45	-0.25	n
115490952	2384	1488	-1.45	-0.17	n
115500952	2384	1488	-1.45	-0.17	n
115510952	2384	1488	-1.45	-0.17	n
115520952	2384	1488	-1.45	-0.17	n
115530952	2384	1488	-1.45	-0.17	n
115540952	2384	1489	-1.45	-0.25	n
115550951	2385	1488	-1.53	-0.17	n
115560951	2383	1487	-1.37	-0.09	n
115570951	2384	1488	-1.45	-0.17	n
115580951	2384	1488	-1.45	-0.17	n
115590951	2384	1488	-1.45	-0.17	n
115600951	2384	1488	-1.45	-0.17	n
115610950	2384	1488	-1.45	-0.17	n
115620950	2384	1488	-1.45	-0.17	n
115630950	2384	1488	-1.45	-0.17	n
115640953	2384	1488	-1.45	-0.17	n
115650952	2384	1488	-1.45	-0.17	n
115660953	2384	1488	-1.45	-0.17	n
115670953	2386	1488	-1.62	-0.17	n
115680952	2385	1488	-1.53	-0.17	n
115690952	2385	1489	-1.53	-0.25	n
115700952	2384	1487	-1.45	-0.09	n
115710952	2383	1488	-1.37	-0.17	n
115720952	2384	1488	-1.45	-0.17	n
115730952	2384	1488	-1.45	-0.17	n
115740952	2384	1488	-1.45	-0.17	n
115750951	2384	1488	-1.45	-0.17	n
115760950	2384	1488	-1.45	-0.17	n
115770949	2384	1488	-1.45	-0.17	n
115780949	2384	1488	-1.45	-0.17	n
115790950	2385	1488	-1.53	-0.17	n
115800950	2384	1488	-1.45	-0.17	n
115810950	2384	1488	-1.45	-0.17	n
115820950	2384	1488	-1.45	-0.17	n
115830950	2384	1488	-1.45	-0.17	Location:lat:35.504272lon:139.465212;;Date:2024/12/8;;Time:05:44:49:00;;
115840951	2384	1488	-1.45	-0.17	n
115850951	2385	1488	-1.53	-0.17	n
115860951	2384	1488	-1.45	-0.17	n
115870951	2384	1488	-1.45	-0.17	n
115880951	2383	1488	-1.37	-0.17	n
115890951	2384	1488	-1.45	-0.17	n
115900951	2384	1488	-1.45	-0.17	n
115910951	2384	1488	-1.45	-0.17	n
115920951	2384	1488	-1.45	-0.17	n
115930951	2384	1488	-1.45	-0.17	n
115940951	2384	1488	-1.45	-0.17	n
115950951	2384	1488	-1.45	-0.17	n
115960951	2384	1488	-1.45	-0.17	n
115970951	2384	1488	-1.45	-0.17	n
115980951	2384	1488	-1.45	-0.17	n
115990951	2384	1488	-1.45	-0.17	n
116000951	2384	1488	-1.45	-0.17	n
116010951	2384	1488	-1.45	-0.17	n
116020951	2384	1488	-1.45	-0.17	n
116030951	2384	1488	-1.45	-0.17	n
116040951	2384	1489	-1.45	-0.25	n
116050951	2385	1488	-1.53	-0.17	n
116060951	2385	1488	-1.53	-0.17	n
116070951	2384	1488	-1.45	-0.17	n
116080951	2384	1488	-1.45	-0.17	n
116090951	2384	1488	-1.45	-0.17	n
116100951	2384	1488	-1.45	-0.17	n
116110951	2384	1488	-1.45	-0.17	n
116120951	2384	1488	-1.45	-0.17	n
116130951	2384	1488	-1.45	-0.17	n
116140951	2384	1489	-1.45	-0.25	n
116150951	2385	1488	-1.53	-0.17	n
116160951	2384	1488	-1.45	-0.17	n
116170951	2384	1488	-1.45	-0.17	n
116180951	2384	1488	-1.45	-0.17	n
116190951	2384	1488	-1.45	-0.17	n
116200951	2385	1489	-1.53	-0.25	n
116210951	2383	1489	-1.37	-0.25	n
116220951	2384	1488	-1.45	-0.17	n
116230951	2384	1488	-1.45	-0.17	n
116240951	2384	1488	-1.45	-0.17	n
116250951	2384	1488	-1.45	-0.17	n
116260951	2386	1488	-1.62	-0.17	n
116270951	2384	1488	-1.45	-0.17	n
116280951	2384	1488	-1.45	-0.17	n
116290951	2384	1488	-1.45	-0.17	n
116300951	2384	1488	-1.45	-0.17	n
116310951	2384	1488	-1.45	-0.17	n
116320951	2384	1488	-1.45	-0.17	n
116330952	2384	1488	-1.45	-0.17	n
116340954	2384	1488	-1.45	-0.17	n
116350954	2384	1488	-1.45	-0.17	n
116360954	2384	1488	-1.45	-0.17	Location:lat:35.504268lon:139.465216;;Date:2024/12/8;;Time:05:44:50:00;;
116370954	2384	1488	-1.45	-0.17	n
116380954	2384	1488	-1.45	-0.17	n
116390954	2384	1488	-1.45	-0.17	n
116400954	2385	1488	-1.53	-0.17	n
116410954	2384	1488	-1.45	-0.17	n
116420954	2384	1490	-1.45	-0.33	n
116430954	2384	1488	-1.45	-0.17	n
116440954	2384	1488	-1.45	-0.17	n
116450953	2384	1488	-1.45	-0.17	n
116460953	2384	1488	-1.45	-0.17	n
116470952	2384	1488	-1.45	-0.17	Location:lat:35.504268lon:139.465216;;Time:05:44:50:00;;
116480952	2384	1489	-1.45	-0.25	n
116490952	2384	1488	-1.45	-0.17	n
116500952	2384	1488	-1.45	-0.17	n
116510951	2384	1488	-1.45	-0.17	n
116520951	2384	1488	-1.45	-0.17	n
116530951	2384	1488	-1.45	-0.17	n
116540951	2384	1488	-1.45	-0.17	n
116550951	2385	1488	-1.53	-0.17	n
116560951	2384	1488	-1.45	-0.17	n
116570951	2384	1488	-1.45	-0.17	n
116580950	2384	1488	-1.45	-0.17	n
116590950	2384	1488	-1.45	-0.17	n
116600950	2385	1488	-1.53	-0.17	n
116610950	2384	1488	-1.45	-0.17	n
116620950	2384	1488	-1.45	-0.17	n
116630951	2384	1488	-1.45	-0.17	n
116640951	2384	1488	-1.45	-0.17	n
116650950	2384	1488	-1.45	-0.17	n
116660949	2384	1488	-1.45	-0.17	n
116670958	2385	1488	-1.53	-0.17	n
116680958	2386	1489	-1.62	-0.25	n
116690958	2384	1488	-1.45	-0.17	n
116700958	2384	1488	-1.45	-0.17	n
116710958	2384	1488	-1.45	-0.17	n
116720958	2384	1487	-1.45	-0.09	n
116730957	2384	1488	-1.45	-0.17	n
116740958	2384	1488	-1.45	-0.17	n
116750958	2384	1488	-1.45	-0.17	n
116760958	2384	1488	-1.45	-0.17	n
116770958	2384	1488	-1.45	-0.17	n
116780958	2384	1488	-1.45	-0.17	n
116790957	2384	1488	-1.45	-0.17	n
116800957	2384	1488	-1.45	-0.17	n
116810956	2384	1488	-1.45	-0.17	n
116820956	2384	1489	-1.45	-0.25	n
116830956	2384	1489	-1.45	-0.25	n
116840956	2384	1488	-1.45	-0.17	Location:lat:35.504268lon:139.465216;;Date:2024/12/8;;Time:05:44:50:00;;
116850956	2384	1488	-1.45	-0.17	n
116860956	2384	1488	-1.45	-0.17	n
116870956	2384	1488	-1.45	-0.17	n
116880956	2385	1488	-1.53	-0.17	n
116890956	2384	1488	-1.45	-0.17	n
116900956	2384	1488	-1.45	-0.17	n
116910956	2385	1488	-1.53	-0.17	n
116920956	2384	1488	-1.45	-0.17	n
116930956	2385	1488	-1.53	-0.17	n
116940956	2384	1488	-1.45	-0.17	n
116950956	2384	1488	-1.45	-0.17	n
116960956	2384	1489	-1.45	-0.25	n
116970956	2384	1488	-1.45	-0.17	n
116980956	2384	1488	-1.45	-0.17	n
116990956	2384	1488	-1.45	-0.17	n
117000956	2384	1488	-1.45	-0.17	n
117010956	2384	1488	-1.45	-0.17	n
117020956	2384	1488	-1.45	-0.17	n
117030956	2384	1488	-1.45	-0.17	n
117040956	2384	1488	-1.45	-0.17	n
117050956	2384	1488	-1.45	-0.17	n
117060956	2386	1488	-1.62	-0.17	n
117070956	2384	1488	-1.45	-0.17	n
117080956	2384	1488	-1.45	-0.17	n
117090956	2384	1488	-1.45	-0.17	n
117100956	2384	1488	-1.45	-0.17	n
117110956	2384	1489	-1.45	-0.25	n
117120956	2383	1488	-1.37	-0.17	n
117130956	2384	1489	-1.45	-0.25	n
117140956	2384	1488	-1.45	-0.17	n
117150956	2384	1488	-1.45	-0.17	n
117160956	2384	1488	-1.45	-0.17	n
117170956	2384	1488	-1.45	-0.17	n
117180956	2384	1488	-1.45	-0.17	n
117190956	2384	1488	-1.45	-0.17	n
117200956	2385	1488	-1.53	-0.17	n
117210956	2384	1488	-1.45	-0.17	n
117220956	2384	1489	-1.45	-0.25	n
117230956	2383	1488	-1.37	-0.17	n
117240956	2383	1488	-1.37	-0.17	n
117250956	2384	1488	-1.45	-0.17	n
117260956	2384	1488	-1.45	-0.17	n
117270956	2384	1488	-1.45	-0.17	n
117280956	2384	1488	-1.45	-0.17	n
117290956	2384	1488	-1.45	-0.17	n
117300956	2385	1488	-1.53	-0.17	n
117310956	2384	1488	-1.45	-0.17	n
117320956	2384	1488	-1.45	-0.17	n
117330956	2384	1488	-1.45	-0.17	n
117340956	2384	1489	-1.45	-0.25	n
117350956	2384	1488	-1.45	-0.17	n
117360957	2384	1489	-1.45	-0.25	Location:lat:35.504269lon:139.465218;;Date:2024/12/8;;Time:05:44:51:00;;
117370957	2384	1488	-1.45	-0.17	n
117380957	2384	1488	-1.45	-0.17	n
117390957	2384	1488	-1.45	-0.17	n
117400958	2384	1489	-1.45	-0.25	n
117410958	2384	1488	-1.45	-0.17	n
117420957	2384	1488	-1.45	-0.17	n
117430957	2384	1488	-1.45	-0.17	n
117440957	2384	1488	-1.45	-0.17	n
117450957	2384	1488	-1.45	-0.17	n
117460956	2384	1488	-1.45	-0.17	n
117470956	2384	1489	-1.45	-0.25	Location:lat:35.504269lon:139.465218;;Time:05:44:51:00;;
117480956	2384	1488	-1.45	-0.17	n
117490956	2384	1488	-1.45	-0.17	n
117500956	2384	1488	-1.45	-0.17	n
117510956	2384	1488	-1.45	-0.17	n
117520956	2384	1488	-1.45	-0.17	n
117530956	2384	1488	-1.45	-0.17	n
117540956	2384	1488	-1.45	-0.17	n
117550956	2384	1489	-1.45	-0.25	n
117560955	2384	1488	-1.45	-0.17	n
117570955	2384	1488	-1.45	-0.17	n
117580954	2384	1488	-1.45	-0.17	n
117590954	2384	1488	-1.45	-0.17	n
117600954	2384	1488	-1.45	-0.17	n
117610954	2384	1488	-1.45	-0.17	n
117620954	2384	1488	-1.45	-0.17	n
117630959	2384	1488	-1.45	-0.17	n
117640959	2384	1488	-1.45	-0.17	n
117650959	2384	1488	-1.45	-0.17	n
117660958	2384	1489	-1.45	-0.25	n
117670957	2384	1488	-1.45	-0.17	n
117680957	2384	1488	-1.45	-0.17	n
117690957	2384	1488	-1.45	-0.17	n
117700956	2383	1488	-1.37	-0.17	n
117710956	2383	1489	-1.37	-0.25	n
117720957	2384	1488	-1.45	-0.17	n
117730956	2384	1488	-1.45	-0.17	n
117740957	2383	1488	-1.37	-0.17	n
117750957	2383	1488	-1.37	-0.17	n
117760957	2384	1488	-1.45	-0.17	n
117770957	2384	1488	-1.45	-0.17	n
117780957	2384	1488	-1.45	-0.17	n
117790957	2384	1488	-1.45	-0.17	n
117800956	2384	1488	-1.45	-0.17	n
117810956	2384	1488	-1.45	-0.17	n
117820956	2384	1488	-1.45	-0.17	n
117830956	2384	1488	-1.45	-0.17	n
117840956	2384	1488	-1.45	-0.17	Location:lat:35.504269lon:139.465218;;Date:2024/12/8;;Time:05:44:51:00;;
117850956	2385	1488	-1.53	-0.17	n
117860956	2384	1488	-1.45	-0.17	n
117870956	2385	1489	-1.53	-0.25	n
117880956	2384	1488	-1.45	-0.17	n
117890956	2384	1488	-1.45	-0.17	n
117900956	2384	1488	-1.45	-0.17	n
117910956	2384	1489	-1.45	-0.25	n
117920956	2384	1488	-1.45	-0.17	n
117930956	2385	1488	-1.53	-0.17	n
117940956	2384	1488	-1.45	-0.17	n
117950956	2384	1488	-1.45	-0.17	n
117960956	2384	1488	-1.45	-0.17	n
117970956	2384	1488	-1.45	-0.17	n
117980956	2384	1488	-1.45	-0.17	n
117990956	2384	1488	-1.45	-0.17	n
118000956	2385	1488	-1.53	-0.17	n
118010956	2384	1488	-1.45	-0.17	n
118020956	2384	1488	-1.45	-0.17	n
118030956	2384	1488	-1.45	-0.17	n
118040956	2384	1488	-1.45	-0.17	n
118050956	2384	1488	-1.45	-0.17	n
118060956	2384	1488	-1.45	-0.17	n
118070956	2384	1488	-1.45	-0.17	n
118080956	2384	1488	-1.45	-0.17	n
118090956	2384	1488	-1.45	-0.17	n
118100956	2384	1488	-1.45	-0.17	n
118110956	2384	1488	-1.45	-0.17	n
118120956	2384	1488	-1.45	-0.17	n
118130956	2384	1489	-1.45	-0.25	n
118140956	2384	1488	-1.45	-0.17	n
118150956	2385	1489	-1.53	-0.25	n
118160956	2384	1488	-1.45	-0.17	n
118170956	2384	1488	-1.45	-0.17	n
118180956	2384	1488	-1.45	-0.17	n
118190956	2384	1488	-1.45	-0.17	n
118200956	2384	1489	-1.45	-0.25	n
118210956	2384	1488	-1.45	-0.17	n
118220956	2385	1488	-1.53	-0.17	n
118230956	2384	1488	-1.45	-0.17	n
118240956	2384	1488	-1.45	-0.17	n
118250956	2384	1488	-1.45	-0.17	n
118260956	2384	1488	-1.45	-0.17	n
118270956	2384	1488	-1.45	-0.17	n
118280956	2384	1488	-1.45	-0.17	n
118290956	2384	1488	-1.45	-0.17	n
118300955	2384	1488	-1.45	-0.17	n
118310955	2384	1488	-1.45	-0.17	n
118320954	2384	1488	-1.45	-0.17	n
118330954	2385	1488	-1.53	-0.17	n
118340954	2384	1488	-1.45	-0.17	n
118350954	2384	1488	-1.45	-0.17	n
118360954	2384	1490	-1.45	-0.33	Location:lat:35.504276lon:139.465218;;Date:2024/12/8;;Time:05:44:52:00;;
118370954	2384	1488	-1.45	-0.17	n
118380954	2384	1488	-1.45	-0.17	n
118390957	2384	1488	-1.45	-0.17	n
118400957	2384	1488	-1.45	-0.17	n
118410957	2384	1488	-1.45	-0.17	n
118420956	2384	1488	-1.45	-0.17	n
118430956	2384	1488	-1.45	-0.17	n
118440956	2384	1488	-1.45	-0.17	n
118450956	2384	1488	-1.45	-0.17	n
118460956	2384	1488	-1.45	-0.17	n
118470955	2384	1488	-1.45	-0.17	Location:lat:35.504276lon:139.465218;;Time:05:44:52:00;;
118480955	2384	1488	-1.45	-0.17	n
118490954	2384	1488	-1.45	-0.17	n
118500954	2384	1488	-1.45	-0.17	n
118510954	2384	1489	-1.45	-0.25	n
118520953	2384	1488	-1.45	-0.17	n
118530953	2384	1488	-1.45	-0.17	n
118540962	2384	1488	-1.45	-0.17	n
118550962	2384	1488	-1.45	-0.17	n
118560961	2384	1488	-1.45	-0.17	n
118570960	2384	1489	-1.45	-0.25	n
118580960	2384	1489	-1.45	-0.25	n
118590961	2384	1488	-1.45	-0.17	n
118600961	2384	1488	-1.45	-0.17	n
118610960	2385	1488	-1.53	-0.17	n
118620960	2384	1489	-1.45	-0.25	n
118630959	2384	1489	-1.45	-0.25	n
118640959	2384	1488	-1.45	-0.17	n
118650959	2384	1488	-1.45	-0.17	n
118660959	2384	1488	-1.45	-0.17	n
118670958	2384	1488	-1.45	-0.17	n
118680958	2384	1488	-1.45	-0.17	n
118690957	2384	1488	-1.45	-0.17	n
118700957	2384	1488	-1.45	-0.17	n
118710957	2384	1488	-1.45	-0.17	n
118720957	2383	1488	-1.37	-0.17	n
118730956	2384	1488	-1.45	-0.17	n
118740956	2384	1488	-1.45	-0.17	n
118750956	2384	1488	-1.45	-0.17	n
118760956	2382	1488	-1.28	-0.17	n
118770955	2384	1488	-1.45	-0.17	n
118780955	2384	1488	-1.45	-0.17	n
118790955	2384	1488	-1.45	-0.17	n
118800955	2384	1488	-1.45	-0.17	n
118810955	2384	1488	-1.45	-0.17	n
118820954	2384	1488	-1.45	-0.17	n
118830954	2384	1488	-1.45	-0.17	n
118840954	2384	1488	-1.45	-0.17	Location:lat:35.504276lon:139.465218;;Date:2024/12/8;;Time:05:44:52:00;;
118850954	2384	1488	-1.45	-0.17	n
118860954	2383	1488	-1.37	-0.17	n
118870954	2385	1488	-1.53	-0.17	n
118880954	2384	1488	-1.45	-0.17	n
118890954	2384	1489	-1.45	-0.25	n
118900954	2384	1488	-1.45	-0.17	n
118910954	2384	1488	-1.45	-0.17	n
118920954	2384	1488	-1.45	-0.17	n
118930954	2384	1488	-1.45	-0.17	n
118940954	2384	1488	-1.45	-0.17	n
118950954	2384	1488	-1.45	-0.17	n
118960954	2384	1488	-1.45	-0.17	n
118970954	2385	1488	-1.53	-0.17	n
118980954	2385	1488	-1.53	-0.17	n
118990954	2384	1488	-1.45	-0.17	n
119000954	2384	1488	-1.45	-0.17	n
119010954	2384	1488	-1.45	-0.17	n
119020954	2385	1488	-1.53	-0.17	n
119030954	2384	1488	-1.45	-0.17	n
119040954	2384	1488	-1.45	-0.17	n
119050954	2384	1488	-1.45	-0.17	n
119060954	2384	1488	-1.45	-0.17	n
119070954	2384	1488	-1.45	-0.17	n
119080954	2384	1488	-1.45	-0.17	n
119090954	2384	1488	-1.45	-0.17	n
119100954	2385	1488	-1.53	-0.17	n
119110954	2384	1488	-1.45	-0.17	n
119120954	2384	1488	-1.45	-0.17	n
119130954	2384	1488	-1.45	-0.17	n
119140954	2384	1488	-1.45	-0.17	n
119150954	2384	1488	-1.45	-0.17	n
119160954	2384	1488	-1.45	-0.17	n
119170954	2385	1488	-1.53	-0.17	n
119180954	2385	1488	-1.53	-0.17	n
119190954	2384	1489	-1.45	-0.25	n
119200954	2384	1488	-1.45	-0.17	n
119210954	2385	1488	-1.53	-0.17	n
119220954	2384	1488	-1.45	-0.17	n
119230954	2384	1488	-1.45	-0.17	n
119240954	2384	1488	-1.45	-0.17	n
119250954	2384	1488	-1.45	-0.17	n
119260954	2384	1488	-1.45	-0.17	n
119270954	2384	1488	-1.45	-0.17	n
119280954	2384	1488	-1.45	-0.17	n
119290954	2384	1488	-1.45	-0.17	n
119300954	2384	1488	-1.45	-0.17	n
119310953	2384	1488	-1.45	-0.17	n
119320953	2384	1488	-1.45	-0.17	n
119330953	2384	1488	-1.45	-0.17	n
119340953	2384	1488	-1.45	-0.17	n
119350952	2384	1488	-1.45	-0.17	n
119360957	2384	1488	-1.45	-0.17	Location:lat:35.504279lon:139.465218;;Date:2024/12/8;;Time:05:44:53:00;;
119370957	2383	1488	-1.37	-0.17	n
119380956	2383	1488	-1.37	-0.17	n
119390955	2384	1488	-1.45	-0.17	n
119400955	2384	1488	-1.45	-0.17	n
119410955	2384	1488	-1.45	-0.17	n
119420955	2384	1488	-1.45	-0.17	n
119430955	2385	1488	-1.53	-0.17	n
119440955	2384	1488	-1.45	-0.17	n
119450954	2384	1488	-1.45	-0.17	n
119460954	2384	1488	-1.45	-0.17	n
119470953	2384	1489	-1.45	-0.25	Location:lat:35.504279lon:139.465218;;Time:05:44:53:00;;
119480954	2384	1488	-1.45	-0.17	n
119490954	2384	1488	-1.45	-0.17	n
119500954	2384	1488	-1.45	-0.17	n
119510953	2384	1488	-1.45	-0.17	n
119520953	2384	1488	-1.45	-0.17	n
119530953	2384	1488	-1.45	-0.17	n
119540953	2384	1488	-1.45	-0.17	n
119550953	2385	1488	-1.53	-0.17	n
119560953	2384	1488	-1.45	-0.17	n
119570953	2384	1488	-1.45	-0.17	n
119580953	2384	1488	-1.45	-0.17	n
119590953	2384	1488	-1.45	-0.17	n
119600953	2384	1488	-1.45	-0.17	n
119610953	2384	1488	-1.45	-0.17	n
119620953	2384	1488	-1.45	-0.17	n
119630953	2384	1488	-1.45	-0.17	n
119640954	2384	1488	-1.45	-0.17	n
119650954	2384	1488	-1.45	-0.17	n
119660954	2384	1488	-1.45	-0.17	n
119670953	2384	1488	-1.45	-0.17	n
119680953	2384	1488	-1.45	-0.17	n
119690953	2384	1487	-1.45	-0.09	n
119700953	2384	1488	-1.45	-0.17	n
119710953	2384	1488	-1.45	-0.17	n
119720952	2383	1488	-1.37	-0.17	n
119730952	2384	1488	-1.45	-0.17	n
119740955	2384	1489	-1.45	-0.25	n
119750955	2384	1488	-1.45	-0.17	n
119760955	2384	1488	-1.45	-0.17	n
119770955	2384	1488	-1.45	-0.17	n
119780955	2385	1488	-1.53	-0.17	n
119790955	2384	1488	-1.45	-0.17	n
119800955	2384	1488	-1.45	-0.17	n
119810955	2383	1488	-1.37	-0.17	n
119820955	2384	1488	-1.45	-0.17	n
119830955	2384	1488	-1.45	-0.17	n
119840955	2384	1488	-1.45	-0.17	Location:lat:35.504279lon:139.465218;;Date:2024/12/8;;Time:05:44:53:00;;
119850954	2384	1489	-1.45	-0.25	n
119860954	2383	1488	-1.37	-0.17	n
119870954	2384	1488	-1.45	-0.17	n
119880954	2384	1488	-1.45	-0.17	n
119890954	2384	1489	-1.45	-0.25	n
119900954	2384	1488	-1.45	-0.17	n
119910954	2384	1488	-1.45	-0.17	n
119920954	2384	1488	-1.45	-0.17	n
119930954	2384	1488	-1.45	-0.17	n
119940954	2384	1488	-1.45	-0.17	n
119950954	2384	1489	-1.45	-0.25	n
119960954	2384	1488	-1.45	-0.17	n
119970954	2384	1489	-1.45	-0.25	n
119980954	2384	1488	-1.45	-0.17	n
119990954	2384	1488	-1.45	-0.17	n
120000954	2385	1489	-1.53	-0.25	n
120010954	2384	1489	-1.45	-0.25	n
120020954	2384	1488	-1.45	-0.17	n
120030954	2384	1489	-1.45	-0.25	n
120040954	2384	1488	-1.45	-0.17	n
120050954	2384	1488	-1.45	-0.17	n
120060954	2384	1488	-1.45	-0.17	n
120070954	2384	1488	-1.45	-0.17	n
120080954	2384	1489	-1.45	-0.25	n
120090954	2384	1488	-1.45	-0.17	n
120100954	2384	1488	-1.45	-0.17	n
120110954	2384	1488	-1.45	-0.17	n
120120954	2384	1488	-1.45	-0.17	n
120130954	2384	1488	-1.45	-0.17	n
120140954	2384	1488	-1.45	-0.17	n
120150954	2384	1488	-1.45	-0.17	n
120160954	2384	1488	-1.45	-0.17	n
120170954	2384	1488	-1.45	-0.17	n
120180954	2384	1489	-1.45	-0.25	n
120190954	2384	1488	-1.45	-0.17	n
120200954	2384	1488	-1.45	-0.17	n
120210954	2384	1488	-1.45	-0.17	n
120220954	2384	1488	-1.45	-0.17	n
120230954	2384	1488	-1.45	-0.17	n
120240954	2384	1488	-1.45	-0.17	n
120250954	2384	1488	-1.45	-0.17	n
120260954	2384	1488	-1.45	-0.17	n
120270954	2384	1488	-1.45	-0.17	n
120280954	2384	1488	-1.45	-0.17	n
120290954	2384	1488	-1.45	-0.17	n
120300954	2384	1488	-1.45	-0.17	n
120310963	2384	1488	-1.45	-0.17	n
120320962	2384	1488	-1.45	-0.17	n
120330962	2384	1489	-1.45	-0.25	n
120340962	2384	1488	-1.45	-0.17	n
120350961	2384	1488	-1.45	-0.17	n
120360961	2384	1488	-1.45	-0.17	Location:lat:35.504282lon:139.465219;;Date:2024/12/8;;Time:05:44:54:00;;
120370960	2384	1488	-1.45	-0.17	n
120380960	2384	1488	-1.45	-0.17	n
120390960	2384	1488	-1.45	-0.17	n
120400960	2384	1488	-1.45	-0.17	n
120410960	2384	1488	-1.45	-0.17	n
120420960	2384	1488	-1.45	-0.17	n
120430961	2384	1488	-1.45	-0.17	n
120440960	2384	1488	-1.45	-0.17	n
120450960	2384	1489	-1.45	-0.25	n
120460960	2384	1488	-1.45	-0.17	n
120470960	2384	1488	-1.45	-0.17	Location:lat:35.504282lon:139.465219;;Time:05:44:54:00;;
120480960	2384	1488	-1.45	-0.17	n
120490960	2384	1488	-1.45	-0.17	n
120500960	2384	1488	-1.45	-0.17	n
120510960	2383	1488	-1.37	-0.17	n
120520960	2384	1488	-1.45	-0.17	n
120530959	2384	1488	-1.45	-0.17	n
120540958	2384	1488	-1.45	-0.17	n
120550957	2384	1488	-1.45	-0.17	n
120560957	2384	1488	-1.45	-0.17	n
120570957	2384	1488	-1.45	-0.17	n
120580956	2383	1488	-1.37	-0.17	n
120590957	2383	1488	-1.37	-0.17	n
120600957	2384	1488	-1.45	-0.17	n
120610957	2384	1488	-1.45	-0.17	n
120620957	2384	1488	-1.45	-0.17	n
120630957	2383	1488	-1.37	-0.17	n
120640956	2384	1488	-1.45	-0.17	n
120650956	2384	1488	-1.45	-0.17	n
120660955	2384	1488	-1.45	-0.17	n
120670954	2384	1488	-1.45	-0.17	n
120680954	2384	1488	-1.45	-0.17	n
120690960	2384	1488	-1.45	-0.17	n
120700960	2384	1488	-1.45	-0.17	n
120710959	2384	1488	-1.45	-0.17	n
120720959	2384	1488	-1.45	-0.17	n
120730958	2384	1488	-1.45	-0.17	n
120740958	2384	1488	-1.45	-0.17	n
120750958	2384	1488	-1.45	-0.17	n
120760958	2383	1488	-1.37	-0.17	n
120770958	2384	1488	-1.45	-0.17	n
120780957	2384	1488	-1.45	-0.17	n
120790957	2384	1489	-1.45	-0.25	n
120800957	2381	1488	-1.20	-0.17	n
120810957	2384	1490	-1.45	-0.33	n
120820957	2384	1488	-1.45	-0.17	n
120830956	2384	1488	-1.45	-0.17	n
120840956	2384	1489	-1.45	-0.25	Location:lat:35.504282lon:139.465219;;Date:2024/12/8;;Time:05:44:54:00;;
120850956	2384	1489	-1.45	-0.25	n
120860956	2384	1488	-1.45	-0.17	n
120870956	2383	1488	-1.37	-0.17	n
120880956	2384	1488	-1.45	-0.17	n
120890956	2384	1488	-1.45	-0.17	n
120900956	2384	1489	-1.45	-0.25	n
120910956	2384	1489	-1.45	-0.25	n
120920956	2384	1488	-1.45	-0.17	n
120930956	2383	1488	-1.37	-0.17	n
120940956	2384	1488	-1.45	-0.17	n
120950956	2384	1488	-1.45	-0.17	n
120960956	2384	1488	-1.45	-0.17	n
120970956	2384	1488	-1.45	-0.17	n
120980956	2384	1488	-1.45	-0.17	n
120990956	2384	1488	-1.45	-0.17	n
121000956	2384	1489	-1.45	-0.25	n
121010956	2384	1488	-1.45	-0.17	n
121020956	2384	1488	-1.45	-0.17	n
121030956	2384	1488	-1.45	-0.17	n
121040956	2384	1488	-1.45	-0.17	n
121050956	2384	1488	-1.45	-0.17	n
121060956	2384	1488	-1.45	-0.17	n
121070956	2384	1488	-1.45	-0.17	n
121080956	2384	1488	-1.45	-0.17	n
121090956	2384	1488	-1.45	-0.17	n
121100956	2384	1488	-1.45	-0.17	n
121110956	2384	1488	-1.45	-0.17	n
121120956	2384	1488	-1.45	-0.17	n
121130956	2383	1489	-1.37	-0.25	n
121140956	2384	1488	-1.45	-0.17	n
121150956	2384	1488	-1.45	-0.17	n
121160956	2383	1488	-1.37	-0.17	n
121170956	2384	1488	-1.45	-0.17	n
121180956	2384	1488	-1.45	-0.17	n
121190956	2384	1489	-1.45	-0.25	n
121200956	2384	1488	-1.45	-0.17	n
121210956	2384	1488	-1.45	-0.17	n
121220956	2384	1488	-1.45	-0.17	n
121230956	2384	1488	-1.45	-0.17	n
121240956	2384	1488	-1.45	-0.17	n
121250956	2384	1489	-1.45	-0.25	n
121260956	2384	1488	-1.45	-0.17	n
121270956	2384	1489	-1.45	-0.25	n
121280956	2384	1488	-1.45	-0.17	n
121290956	2384	1489	-1.45	-0.25	n
121300955	2383	1488	-1.37	-0.17	n
121310955	2383	1487	-1.37	-0.09	n
121320954	2384	1488	-1.45	-0.17	n
121330953	2384	1488	-1.45	-0.17	n
121340953	2384	1489	-1.45	-0.25	n
121350954	2385	1488	-1.53	-0.17	n
121360953	2384	1489	-1.45	-0.25	Location:lat:35.504281lon:139.465222;;Date:2024/12/8;;Time:05:44:55:00;;
121370953	2385	1489	-1.53	-0.25	n
121380954	2384	1488	-1.45	-0.17	n
121390954	2384	1489	-1.45	-0.25	n
121400954	2384	1488	-1.45	-0.17	n
121410953	2384	1488	-1.45	-0.17	n
121420953	2384	1488	-1.45	-0.17	n
121430953	2384	1492	-1.45	-0.49	n
121440952	2384	1488	-1.45	-0.17	n
121450952	2384	1488	-1.45	-0.17	n
121460952	2384	1488	-1.45	-0.17	n
121470951	2384	1488	-1.45	-0.17	Location:lat:35.504281lon:139.465222;;Time:05:44:55:00;;
121480951	2384	1489	-1.45	-0.25	n
121490951	2384	1488	-1.45	-0.17	n
121500951	2384	1488	-1.45	-0.17	n
121510951	2384	1488	-1.45	-0.17	n
121520951	2384	1489	-1.45	-0.25	n
121530952	2384	1488	-1.45	-0.17	n
121540952	2384	1488	-1.45	-0.17	n
121550952	2384	1488	-1.45	-0.17	n
121560952	2384	1488	-1.45	-0.17	n
121570952	2384	1488	-1.45	-0.17	n
121580952	2384	1488	-1.45	-0.17	n
121590952	2384	1489	-1.45	-0.25	n
121600952	2384	1488	-1.45	-0.17	n
121610951	2384	1488	-1.45	-0.17	n
121620951	2384	1489	-1.45	-0.25	n
121630951	2384	1488	-1.45	-0.17	n
121640951	2384	1488	-1.45	-0.17	n
121650951	2384	1488	-1.45	-0.17	n
121660951	2384	1488	-1.45	-0.17	n
121670951	2384	1488	-1.45	-0.17	n
121680952	2384	1489	-1.45	-0.25	n
121690953	2384	1489	-1.45	-0.25	n
121700953	2384	1488	-1.45	-0.17	n
121710952	2384	1488	-1.45	-0.17	n
121720952	2384	1488	-1.45	-0.17	n
121730952	2384	1488	-1.45	-0.17	n
121740952	2384	1489	-1.45	-0.25	n
121750952	2384	1489	-1.45	-0.25	n
121760955	2384	1488	-1.45	-0.17	n
121770955	2384	1488	-1.45	-0.17	n
121780955	2384	1489	-1.45	-0.25	n
121790954	2384	1488	-1.45	-0.17	n
121800954	2384	1489	-1.45	-0.25	n
121810954	2384	1488	-1.45	-0.17	n
121820954	2384	1488	-1.45	-0.17	n
121830954	2384	1488	-1.45	-0.17	n
121840954	2384	1488	-1.45	-0.17	Location:lat:35.504281lon:139.465222;;Date:2024/12/8;;Time:05:44:55:00;;
121850954	2384	1488	-1.45	-0.17	n
121860953	2384	1488	-1.45	-0.17	n
121870954	2384	1488	-1.45	-0.17	n
121880954	2384	1489	-1.45	-0.25	n
121890954	2384	1489	-1.45	-0.25	n
121900954	2384	1488	-1.45	-0.17	n
121910954	2384	1490	-1.45	-0.33	n
121920954	2383	1488	-1.37	-0.17	n
121930954	2384	1488	-1.45	-0.17	n
121940954	2384	1488	-1.45	-0.17	n
121950954	2384	1488	-1.45	-0.17	n
121960954	2384	1488	-1.45	-0.17	n
121970954	2383	1488	-1.37	-0.17	n
121980954	2384	1488	-1.45	-0.17	n
121990954	2384	1489	-1.45	-0.25	n
122000954	2384	1488	-1.45	-0.17	n
122010954	2384	1488	-1.45	-0.17	n
122020954	2384	1488	-1.45	-0.17	n
122030954	2384	1488	-1.45	-0.17	n
122040954	2384	1488	-1.45	-0.17	n
122050954	2384	1488	-1.45	-0.17	n
122060954	2384	1488	-1.45	-0.17	n
122070954	2384	1488	-1.45	-0.17	n
122080954	2384	1488	-1.45	-0.17	n
122090954	2384	1488	-1.45	-0.17	n
122100954	2384	1488	-1.45	-0.17	n
122110954	2384	1488	-1.45	-0.17	n
122120954	2384	1488	-1.45	-0.17	n
122130954	2384	1489	-1.45	-0.25	n
122140954	2384	1488	-1.45	-0.17	n
122150954	2384	1488	-1.45	-0.17	n
122160954	2384	1488	-1.45	-0.17	n
122170954	2384	1488	-1.45	-0.17	n
122180954	2384	1488	-1.45	-0.17	n
122190954	2384	1488	-1.45	-0.17	n
122200954	2384	1488	-1.45	-0.17	n
122210954	2384	1488	-1.45	-0.17	n
122220954	2384	1488	-1.45	-0.17	n
122230954	2384	1488	-1.45	-0.17	n
122240954	2384	1488	-1.45	-0.17	n
122250954	2384	1488	-1.45	-0.17	n
122260954	2384	1488	-1.45	-0.17	n
122270954	2384	1488	-1.45	-0.17	n
122280954	2384	1488	-1.45	-0.17	n
122290954	2384	1488	-1.45	-0.17	n
122300954	2384	1488	-1.45	-0.17	n
122310954	2383	1489	-1.37	-0.25	n
122320954	2384	1488	-1.45	-0.17	n
122330954	2384	1488	-1.45	-0.17	n
122340954	2383	1488	-1.37	-0.17	n
122350953	2384	1488	-1.45	-0.17	n
122360953	2384	1488	-1.45	-0.17	Location:lat:35.504277lon:139.465225;;Date:2024/12/8;;Time:05:44:56:00;;
122370952	2384	1488	-1.45	-0.17	n
122380952	2384	1488	-1.45	-0.17	n
122390952	2383	1488	-1.37	-0.17	n
122400952	2384	1488	-1.45	-0.17	n
122410952	2384	1488	-1.45	-0.17	n
122420953	2384	1488	-1.45	-0.17	n
122430954	2384	1488	-1.45	-0.17	n
122440954	2384	1488	-1.45	-0.17	n
122450954	2384	1488	-1.45	-0.17	n
122460954	2384	1488	-1.45	-0.17	n
122470954	2384	1488	-1.45	-0.17	Location:lat:35.504277lon:139.465225;;Time:05:44:56:00;;
122480953	2384	1488	-1.45	-0.17	n
122490953	2384	1488	-1.45	-0.17	n
122500953	2385	1489	-1.53	-0.25	n
122510953	2384	1488	-1.45	-0.17	n
122520953	2384	1488	-1.45	-0.17	n
122530952	2384	1490	-1.45	-0.33	n
122540952	2384	1488	-1.45	-0.17	n
122550952	2384	1488	-1.45	-0.17	n
122560952	2384	1488	-1.45	-0.17	n
122570952	2384	1488	-1.45	-0.17	n
122580952	2384	1488	-1.45	-0.17	n
122590952	2384	1488	-1.45	-0.17	n
122600951	2384	1488	-1.45	-0.17	n
122610951	2384	1488	-1.45	-0.17	n
122620951	2384	1488	-1.45	-0.17	n
122630951	2384	1488	-1.45	-0.17	n
122640951	2384	1488	-1.45	-0.17	n
122650951	2384	1488	-1.45	-0.17	n
122660951	2384	1488	-1.45	-0.17	n
122670951	2384	1488	-1.45	-0.17	n
122680951	2384	1488	-1.45	-0.17	n
122690951	2384	1488	-1.45	-0.17	n
122700954	2384	1488	-1.45	-0.17	n
122710954	2384	1488	-1.45	-0.17	n
122720954	2384	1488	-1.45	-0.17	n
122730953	2384	1489	-1.45	-0.25	n
122740953	2385	1488	-1.53	-0.17	n
122750953	2384	1488	-1.45	-0.17	n
122760953	2384	1488	-1.45	-0.17	n
122770953	2384	1488	-1.45	-0.17	n
122780953	2384	1488	-1.45	-0.17	n
122790954	2384	1489	-1.45	-0.25	n
122800963	2385	1488	-1.53	-0.17	n
122810963	2384	1488	-1.45	-0.17	n
122820963	2384	1489	-1.45	-0.25	n
122830963	2384	1489	-1.45	-0.25	n
122840963	2384	1487	-1.45	-0.09	Location:lat:35.504277lon:139.465225;;Date:2024/12/8;;Time:05:44:56:00;;
122850962	2384	1488	-1.45	-0.17	n
122860962	2384	1488	-1.45	-0.17	n
122870962	2384	1488	-1.45	-0.17	n
122880962	2384	1488	-1.45	-0.17	n
122890962	2384	1488	-1.45	-0.17	n
122900962	2384	1488	-1.45	-0.17	n
122910962	2384	1489	-1.45	-0.25	n
122920962	2384	1488	-1.45	-0.17	n
122930962	2384	1488	-1.45	-0.17	n
122940962	2383	1488	-1.37	-0.17	n
122950962	2384	1488	-1.45	-0.17	n
122960962	2384	1488	-1.45	-0.17	n
122970962	2385	1488	-1.53	-0.17	n
122980962	2384	1488	-1.45	-0.17	n
122990962	2384	1488	-1.45	-0.17	n
123000962	2385	1488	-1.53	-0.17	n
123010962	2384	1488	-1.45	-0.17	n
123020962	2385	1488	-1.53	-0.17	n
123030962	2384	1488	-1.45	-0.17	n
123040962	2384	1488	-1.45	-0.17	n
123050962	2384	1488	-1.45	-0.17	n
123060962	2384	1488	-1.45	-0.17	n
123070962	2384	1488	-1.45	-0.17	n
123080962	2384	1489	-1.45	-0.25	n
123090962	2384	1488	-1.45	-0.17	n
123100962	2384	1488	-1.45	-0.17	n
123110962	2384	1489	-1.45	-0.25	n
123120962	2384	1488	-1.45	-0.17	n
123130962	2384	1491	-1.45	-0.41	n
123140962	2384	1488	-1.45	-0.17	n
123150962	2384	1488	-1.45	-0.17	n
123160962	2384	1488	-1.45	-0.17	n
123170962	2384	1488	-1.45	-0.17	n
123180962	2385	1488	-1.53	-0.17	n
123190962	2384	1488	-1.45	-0.17	n
123200962	2384	1488	-1.45	-0.17	n
123210962	2384	1488	-1.45	-0.17	n
123220962	2384	1488	-1.45	-0.17	n
123230962	2384	1488	-1.45	-0.17	n
123240962	2384	1488	-1.45	-0.17	n
123250962	2384	1487	-1.45	-0.09	n
123260962	2384	1489	-1.45	-0.25	n
123270962	2384	1488	-1.45	-0.17	n
123280962	2384	1488	-1.45	-0.17	n
123290962	2384	1488	-1.45	-0.17	n
123300962	2384	1488	-1.45	-0.17	n
123310961	2384	1488	-1.45	-0.17	n
123320960	2384	1488	-1.45	-0.17	n
123330959	2384	1489	-1.45	-0.25	n
123340958	2384	1488	-1.45	-0.17	n
123350957	2384	1488	-1.45	-0.17	n
123360957	2384	1488	-1.45	-0.17	Location:lat:35.504277lon:139.465225;;Date:2024/12/8;;Time:05:44:57:00;;
123370957	2383	1488	-1.37	-0.17	n
123380956	2384	1488	-1.45	-0.17	n
123390956	2384	1488	-1.45	-0.17	n
123400956	2385	1489	-1.53	-0.25	n
123410956	2386	1488	-1.62	-0.17	n
123420956	2384	1488	-1.45	-0.17	n
123430955	2384	1488	-1.45	-0.17	n
123440964	2385	1488	-1.53	-0.17	n
123450964	2384	1488	-1.45	-0.17	n
123460964	2384	1488	-1.45	-0.17	n
123470964	2384	1488	-1.45	-0.17	Location:lat:35.504277lon:139.465225;;Time:05:44:57:00;;
123480964	2383	1489	-1.37	-0.25	n
123490964	2384	1488	-1.45	-0.17	n
123500964	2384	1488	-1.45	-0.17	n
123510964	2384	1488	-1.45	-0.17	n
123520963	2385	1488	-1.53	-0.17	n
123530962	2386	1489	-1.62	-0.25	n
123540962	2384	1489	-1.45	-0.25	n
123550962	2384	1488	-1.45	-0.17	n
123560961	2384	1488	-1.45	-0.17	n
123570961	2384	1489	-1.45	-0.25	n
123580962	2384	1488	-1.45	-0.17	n
123590962	2383	1488	-1.37	-0.17	n
123600962	2384	1488	-1.45	-0.17	n
123610962	2384	1488	-1.45	-0.17	n
123620961	2384	1488	-1.45	-0.17	n
123630960	2384	1488	-1.45	-0.17	n
123640961	2384	1488	-1.45	-0.17	n
123650962	2384	1488	-1.45	-0.17	n
123660961	2384	1488	-1.45	-0.17	n
123670961	2384	1488	-1.45	-0.17	n
123680961	2384	1488	-1.45	-0.17	n
123690960	2384	1488	-1.45	-0.17	n
123700960	2384	1488	-1.45	-0.17	n
123710960	2384	1488	-1.45	-0.17	n
123720960	2384	1488	-1.45	-0.17	n
123730960	2384	1488	-1.45	-0.17	n
123740959	2385	1489	-1.53	-0.25	n
123750959	2384	1488	-1.45	-0.17	n
123760958	2384	1488	-1.45	-0.17	n
123770958	2384	1488	-1.45	-0.17	n
123780957	2384	1488	-1.45	-0.17	n
123790956	2384	1488	-1.45	-0.17	n
123800955	2384	1488	-1.45	-0.17	n
123810955	2384	1488	-1.45	-0.17	n
123820962	2385	1488	-1.53	-0.17	n
123830962	2384	1489	-1.45	-0.25	n
123840962	2384	1488	-1.45	-0.17	Location:lat:35.504277lon:139.465225;;Date:2024/12/8;;Time:05:44:57:00;;
123850962	2385	1488	-1.53	-0.17	n
123860961	2384	1488	-1.45	-0.17	n
123870961	2384	1488	-1.45	-0.17	n
123880962	2384	1488	-1.45	-0.17	n
123890962	2384	1489	-1.45	-0.25	n
123900962	2384	1488	-1.45	-0.17	n
123910962	2384	1488	-1.45	-0.17	n
123920962	2384	1488	-1.45	-0.17	n
123930962	2384	1488	-1.45	-0.17	n
123940962	2384	1488	-1.45	-0.17	n
123950962	2384	1489	-1.45	-0.25	n
123960962	2384	1488	-1.45	-0.17	n
123970962	2384	1488	-1.45	-0.17	n
123980962	2384	1488	-1.45	-0.17	n
123990962	2385	1488	-1.53	-0.17	n
124000962	2384	1488	-1.45	-0.17	n
124010962	2384	1488	-1.45	-0.17	n
124020962	2384	1488	-1.45	-0.17	n
124030962	2384	1488	-1.45	-0.17	n
124040962	2385	1489	-1.53	-0.25	n
124050962	2384	1489	-1.45	-0.25	n
124060962	2384	1488	-1.45	-0.17	n
124070962	2384	1488	-1.45	-0.17	n
124080962	2384	1488	-1.45	-0.17	n
124090962	2384	1488	-1.45	-0.17	n
124100962	2384	1488	-1.45	-0.17	n
124110962	2384	1488	-1.45	-0.17	n
124120962	2384	1488	-1.45	-0.17	n
124130962	2384	1488	-1.45	-0.17	n
124140962	2385	1488	-1.53	-0.17	n
124150962	2384	1488	-1.45	-0.17	n
124160962	2384	1488	-1.45	-0.17	n
124170962	2384	1488	-1.45	-0.17	n
124180962	2384	1488	-1.45	-0.17	n
124190962	2384	1488	-1.45	-0.17	n
124200962	2384	1488	-1.45	-0.17	n
124210962	2384	1488	-1.45	-0.17	n
124220962	2384	1488	-1.45	-0.17	n
124230962	2384	1488	-1.45	-0.17	n
124240962	2384	1489	-1.45	-0.25	n
124250962	2384	1488	-1.45	-0.17	n
124260962	2384	1488	-1.45	-0.17	n
124270962	2386	1488	-1.62	-0.17	n
124280962	2384	1488	-1.45	-0.17	n
124290962	2384	1488	-1.45	-0.17	n
124300961	2384	1488	-1.45	-0.17	n
124310961	2384	1488	-1.45	-0.17	n
124320961	2385	1488	-1.53	-0.17	n
124330961	2384	1489	-1.45	-0.25	n
124340961	2384	1489	-1.45	-0.25	n
124350962	2384	1488	-1.45	-0.17	n
124360962	2384	1488	-1.45	-0.17	Location:lat:35.504269lon:139.465231;;Date:2024/12/8;;Time:05:44:58:00;;
124370962	2383	1489	-1.37	-0.25	n
124380962	2384	1488	-1.45	-0.17	n
124390962	2384	1488	-1.45	-0.17	n
124400962	2384	1488	-1.45	-0.17	n
124410963	2384	1489	-1.45	-0.25	n
124420963	2384	1488	-1.45	-0.17	n
124430963	2385	1488	-1.53	-0.17	n
124440962	2384	1488	-1.45	-0.17	n
124450962	2384	1488	-1.45	-0.17	n
124460962	2384	1488	-1.45	-0.17	n
124470962	2384	1488	-1.45	-0.17	Location:lat:35.504269lon:139.465231;;Time:05:44:58:00;;
124480962	2384	1488	-1.45	-0.17	n
124490966	2384	1488	-1.45	-0.17	n
124500966	2384	1488	-1.45	-0.17	n
124510966	2384	1488	-1.45	-0.17	n
124520965	2384	1488	-1.45	-0.17	n
124530965	2384	1488	-1.45	-0.17	n
124540964	2384	1489	-1.45	-0.25	n
124550964	2384	1488	-1.45	-0.17	n
124560965	2384	1488	-1.45	-0.17	n
124570965	2383	1488	-1.37	-0.17	n
124580965	2384	1488	-1.45	-0.17	n
124590964	2384	1488	-1.45	-0.17	n
124600965	2384	1488	-1.45	-0.17	n
124610965	2383	1488	-1.37	-0.17	n
124620965	2384	1488	-1.45	-0.17	n
124630965	2384	1488	-1.45	-0.17	n
124640965	2384	1488	-1.45	-0.17	n
124650965	2384	1488	-1.45	-0.17	n
124660965	2385	1488	-1.53	-0.17	n
124670964	2384	1488	-1.45	-0.17	n
124680963	2384	1489	-1.45	-0.25	n
124690963	2384	1488	-1.45	-0.17	n
124700963	2385	1488	-1.53	-0.17	n
124710963	2384	1488	-1.45	-0.17	n
124720963	2384	1488	-1.45	-0.17	n
124730963	2384	1488	-1.45	-0.17	n
124740963	2384	1488	-1.45	-0.17	n
124750962	2384	1488	-1.45	-0.17	n
124760962	2384	1488	-1.45	-0.17	n
124770962	2384	1488	-1.45	-0.17	n
124780962	2384	1488	-1.45	-0.17	n
124790961	2384	1488	-1.45	-0.17	n
124800960	2384	1488	-1.45	-0.17	n
124810959	2384	1488	-1.45	-0.17	n
124820959	2384	1488	-1.45	-0.17	n
124830958	2384	1488	-1.45	-0.17	n
124840957	2384	1488	-1.45	-0.17	Location:lat:35.504269lon:139.465231;;Date:2024/12/8;;Time:05:44:58:00;;
124850957	2384	1488	-1.45	-0.17	n
124860957	2385	1488	-1.53	-0.17	n
124870957	2384	1488	-1.45	-0.17	n
124880957	2383	1487	-1.37	-0.09	n
124890957	2383	1488	-1.37	-0.17	n
124900957	2383	1488	-1.37	-0.17	n
124910957	2385	1488	-1.53	-0.17	n
124920957	2384	1488	-1.45	-0.17	n
124930957	2384	1488	-1.45	-0.17	n
124940957	2384	1488	-1.45	-0.17	n
124950957	2384	1488	-1.45	-0.17	n
124960957	2384	1488	-1.45	-0.17	n
124970957	2384	1488	-1.45	-0.17	n
124980957	2385	1489	-1.53	-0.25	n
124990957	2384	1489	-1.45	-0.25	n
125000957	2384	1488	-1.45	-0.17	n
125010957	2384	1488	-1.45	-0.17	n
125020957	2384	1488	-1.45	-0.17	n
125030957	2384	1488	-1.45	-0.17	n
125040957	2384	1488	-1.45	-0.17	n
125050957	2384	1488	-1.45	-0.17	n
125060957	2384	1488	-1.45	-0.17	n
125070957	2384	1488	-1.45	-0.17	n
125080957	2384	1488	-1.45	-0.17	n
125090957	2384	1488	-1.45	-0.17	n
125100957	2385	1489	-1.53	-0.25	n
125110957	2384	1488	-1.45	-0.17	n
125120957	2384	1488	-1.45	-0.17	n
125130957	2385	1489	-1.53	-0.25	n
125140957	2384	1489	-1.45	-0.25	n
125150957	2384	1488	-1.45	-0.17	n
125160957	2384	1489	-1.45	-0.25	n
125170957	2384	1488	-1.45	-0.17	n
125180957	2384	1488	-1.45	-0.17	n
125190957	2383	1488	-1.37	-0.17	n
125200957	2384	1488	-1.45	-0.17	n
125210957	2384	1489	-1.45	-0.25	n
125220957	2384	1490	-1.45	-0.33	n
125230957	2384	1488	-1.45	-0.17	n
125240957	2384	1488	-1.45	-0.17	n
125250957	2384	1488	-1.45	-0.17	n
125260957	2384	1488	-1.45	-0.17	n
125270957	2384	1488	-1.45	-0.17	n
125280957	2384	1488	-1.45	-0.17	n
125290957	2383	1488	-1.37	-0.17	n
125300958	2384	1488	-1.45	-0.17	n
125310958	2384	1488	-1.45	-0.17	n
125320957	2384	1488	-1.45	-0.17	n
125330957	2384	1488	-1.45	-0.17	n
125340957	2383	1488	-1.37	-0.17	n
125350956	2384	1488	-1.45	-0.17	n
125360955	2384	1488	-1.45	-0.17	Location:lat:35.504263lon:139.465233;;Date:2024/12/8;;Time:05:44:59:00;;
125370955	2384	1488	-1.45	-0.17	n
125380962	2386	1490	-1.62	-0.33	n
125390962	2384	1488	-1.45	-0.17	n
125400962	2384	1489	-1.45	-0.25	n
125410962	2383	1488	-1.37	-0.17	n
125420962	2384	1488	-1.45	-0.17	n
125430962	2384	1488	-1.45	-0.17	n
125440962	2384	1488	-1.45	-0.17	n
125450961	2384	1488	-1.45	-0.17	n
125460962	2384	1488	-1.45	-0.17	n
125470962	2384	1488	-1.45	-0.17	Location:lat:35.504263lon:139.465233;;Time:05:44:59:00;;
125480962	2384	1488	-1.45	-0.17	n
125490962	2384	1488	-1.45	-0.17	n
125500961	2384	1488	-1.45	-0.17	n
125510962	2384	1488	-1.45	-0.17	n
125520961	2384	1489	-1.45	-0.25	n
125530961	2384	1488	-1.45	-0.17	n
125540961	2385	1489	-1.53	-0.25	n
125550961	2384	1489	-1.45	-0.25	n
125560961	2384	1488	-1.45	-0.17	n
125570961	2384	1488	-1.45	-0.17	n
125580961	2384	1488	-1.45	-0.17	n
125590961	2384	1488	-1.45	-0.17	n
125600962	2384	1488	-1.45	-0.17	n
125610962	2384	1488	-1.45	-0.17	n
125620962	2384	1488	-1.45	-0.17	n
125630961	2384	1488	-1.45	-0.17	n
125640961	2384	1488	-1.45	-0.17	n
125650960	2384	1488	-1.45	-0.17	n
125660960	2384	1488	-1.45	-0.17	n
125670959	2384	1488	-1.45	-0.17	n
125680959	2384	1488	-1.45	-0.17	n
125690959	2384	1488	-1.45	-0.17	n
125700959	2384	1488	-1.45	-0.17	n
125710968	2384	1488	-1.45	-0.17	n
125720968	2384	1488	-1.45	-0.17	n
125730967	2384	1488	-1.45	-0.17	n
125740966	2384	1488	-1.45	-0.17	n
125750966	2384	1488	-1.45	-0.17	n
125760965	2384	1488	-1.45	-0.17	n
125770964	2383	1488	-1.37	-0.17	n
125780964	2384	1488	-1.45	-0.17	n
125790964	2384	1488	-1.45	-0.17	n
125800964	2384	1488	-1.45	-0.17	n
125810964	2384	1488	-1.45	-0.17	n
125820965	2383	1488	-1.37	-0.17	n
125830965	2384	1488	-1.45	-0.17	n
125840965	2383	1488	-1.37	-0.17	Location:lat:35.504263lon:139.465233;;Date:2024/12/8;;Time:05:44:59:00;;
125850965	2384	1488	-1.45	-0.17	n
125860965	2383	1488	-1.37	-0.17	n
125870965	2384	1488	-1.45	-0.17	n
125880965	2383	1488	-1.37	-0.17	n
125890965	2384	1488	-1.45	-0.17	n
125900965	2384	1489	-1.45	-0.25	n
125910965	2383	1488	-1.37	-0.17	n
125920965	2384	1488	-1.45	-0.17	n
125930965	2383	1488	-1.37	-0.17	n
125940965	2384	1488	-1.45	-0.17	n
125950965	2384	1488	-1.45	-0.17	n
125960965	2384	1488	-1.45	-0.17	n
125970965	2384	1488	-1.45	-0.17	n
125980965	2384	1488	-1.45	-0.17	n
125990965	2383	1488	-1.37	-0.17	n
126000965	2384	1488	-1.45	-0.17	n
126010965	2384	1488	-1.45	-0.17	n
126020965	2383	1489	-1.37	-0.25	n
126030965	2384	1488	-1.45	-0.17	n
126040965	2384	1488	-1.45	-0.17	n
126050965	2384	1489	-1.45	-0.25	n
126060965	2384	1488	-1.45	-0.17	n
126070965	2384	1488	-1.45	-0.17	n
126080965	2383	1488	-1.37	-0.17	n
126090965	2384	1488	-1.45	-0.17	n
126100965	2384	1488	-1.45	-0.17	n
126110965	2384	1488	-1.45	-0.17	n
126120965	2384	1488	-1.45	-0.17	n
126130965	2383	1488	-1.37	-0.17	n
126140965	2384	1488	-1.45	-0.17	n
126150965	2384	1488	-1.45	-0.17	n
126160965	2384	1488	-1.45	-0.17	n
126170965	2384	1489	-1.45	-0.25	n
126180965	2384	1488	-1.45	-0.17	n
126190965	2384	1488	-1.45	-0.17	n
126200965	2384	1488	-1.45	-0.17	n
126210965	2384	1488	-1.45	-0.17	n
126220965	2384	1489	-1.45	-0.25	n
126230965	2384	1488	-1.45	-0.17	n
126240965	2384	1488	-1.45	-0.17	n
126250965	2384	1488	-1.45	-0.17	n
126260965	2384	1488	-1.45	-0.17	n
126270965	2384	1488	-1.45	-0.17	n
126280965	2384	1488	-1.45	-0.17	n
126290965	2384	1488	-1.45	-0.17	n
126300965	2383	1488	-1.37	-0.17	n
126310964	2384	1488	-1.45	-0.17	n
126320964	2384	1488	-1.45	-0.17	n
126330964	2385	1488	-1.53	-0.17	n
126340964	2384	1488	-1.45	-0.17	n
126350969	2384	1489	-1.45	-0.25	n
126360968	2384	1488	-1.45	-0.17	Location:lat:35.504263lon:139.465234;;Date:2024/12/8;;Time:05:45:00:00;;
126370967	2384	1488	-1.45	-0.17	n
126380966	2384	1488	-1.45	-0.17	n
126390966	2384	1488	-1.45	-0.17	n
126400965	2385	1488	-1.53	-0.17	n
126410965	2384	1488	-1.45	-0.17	n
126420965	2384	1488	-1.45	-0.17	n
126430965	2384	1488	-1.45	-0.17	n
126440965	2384	1488	-1.45	-0.17	n
126450965	2384	1488	-1.45	-0.17	n
126460965	2383	1488	-1.37	-0.17	n
126470965	2384	1488	-1.45	-0.17	Location:lat:35.504263lon:139.465234;;Time:05:45:00:00;;
126480965	2384	1488	-1.45	-0.17	n
126490965	2384	1488	-1.45	-0.17	n
126500964	2384	1488	-1.45	-0.17	n
126510964	2384	1488	-1.45	-0.17	n
126520964	2384	1488	-1.45	-0.17	n
126530964	2384	1489	-1.45	-0.25	n
126540964	2384	1488	-1.45	-0.17	n
126550964	2383	1487	-1.37	-0.09	n
126560964	2384	1488	-1.45	-0.17	n
126570964	2383	1488	-1.37	-0.17	n
126580965	2384	1489	-1.45	-0.25	n
126590965	2384	1488	-1.45	-0.17	n
126600965	2384	1488	-1.45	-0.17	n
126610965	2384	1488	-1.45	-0.17	n
126620965	2383	1488	-1.37	-0.17	n
126630965	2384	1488	-1.45	-0.17	n
126640965	2384	1488	-1.45	-0.17	n
126650964	2384	1488	-1.45	-0.17	n
126660964	2384	1489	-1.45	-0.25	n
126670965	2384	1488	-1.45	-0.17	n
126680974	2384	1488	-1.45	-0.17	n
126690974	2384	1488	-1.45	-0.17	n
126700974	2384	1489	-1.45	-0.25	n
126710975	2384	1488	-1.45	-0.17	n
126720975	2386	1488	-1.62	-0.17	n
126730975	2384	1488	-1.45	-0.17	n
126740976	2384	1488	-1.45	-0.17	n
126750976	2384	1488	-1.45	-0.17	n
126760975	2384	1488	-1.45	-0.17	n
126770975	2384	1488	-1.45	-0.17	n
126780975	2384	1488	-1.45	-0.17	n
126790975	2384	1488	-1.45	-0.17	n
126800975	2384	1489	-1.45	-0.25	n
126810976	2384	1488	-1.45	-0.17	n
126820976	2384	1488	-1.45	-0.17	n
126830976	2384	1488	-1.45	-0.17	n
126840976	2384	1488	-1.45	-0.17	Location:lat:35.504263lon:139.465234;;Date:2024/12/8;;Time:05:45:00:00;;
126850976	2384	1488	-1.45	-0.17	n
126860976	2384	1488	-1.45	-0.17	n
126870976	2384	1488	-1.45	-0.17	n
126880976	2384	1488	-1.45	-0.17	n
126890976	2384	1488	-1.45	-0.17	n
126900976	2385	1488	-1.53	-0.17	n
126910976	2385	1488	-1.53	-0.17	n
126920976	2384	1488	-1.45	-0.17	n
126930976	2384	1488	-1.45	-0.17	n
126940976	2384	1488	-1.45	-0.17	n
126950976	2384	1488	-1.45	-0.17	n
126960976	2384	1488	-1.45	-0.17	n
126970976	2384	1488	-1.45	-0.17	n
126980976	2384	1488	-1.45	-0.17	n
126990976	2384	1489	-1.45	-0.25	n
127000976	2385	1488	-1.53	-0.17	n
127010976	2384	1488	-1.45	-0.17	n
127020976	2384	1488	-1.45	-0.17	n
127030976	2384	1489	-1.45	-0.25	n
127040976	2384	1488	-1.45	-0.17	n
127050976	2384	1488	-1.45	-0.17	n
127060976	2384	1488	-1.45	-0.17	n
127070976	2385	1489	-1.53	-0.25	n
127080976	2384	1488	-1.45	-0.17	n
127090976	2384	1488	-1.45	-0.17	n
127100976	2384	1488	-1.45	-0.17	n
127110976	2384	1488	-1.45	-0.17	n
127120976	2384	1488	-1.45	-0.17	n
127130976	2384	1488	-1.45	-0.17	n
127140976	2384	1488	-1.45	-0.17	n
127150976	2384	1488	-1.45	-0.17	n
127160976	2384	1488	-1.45	-0.17	n
127170976	2384	1488	-1.45	-0.17	n
127180976	2384	1488	-1.45	-0.17	n
127190976	2384	1488	-1.45	-0.17	n
127200976	2384	1488	-1.45	-0.17	n
127210976	2384	1488	-1.45	-0.17	n
127220976	2384	1488	-1.45	-0.17	n
127230976	2384	1488	-1.45	-0.17	n
127240976	2384	1488	-1.45	-0.17	n
127250976	2384	1488	-1.45	-0.17	n
127260976	2384	1488	-1.45	-0.17	n
127270976	2384	1488	-1.45	-0.17	n
127280976	2384	1488	-1.45	-0.17	n
127290976	2384	1488	-1.45	-0.17	n
127300976	2384	1488	-1.45	-0.17	n
127310977	2384	1489	-1.45	-0.25	n
127320976	2384	1488	-1.45	-0.17	n
127330976	2384	1488	-1.45	-0.17	n
127340976	2384	1488	-1.45	-0.17	n
127350976	2384	1488	-1.45	-0.17	n
127360976	2384	1489	-1.45	-0.25	Location:lat:35.504265lon:139.465235;;Date:2024/12/8;;Time:05:45:01:00;;
127370976	2384	1488	-1.45	-0.17	n
127380976	2384	1488	-1.45	-0.17	n
127390982	2384	1488	-1.45	-0.17	n
127400982	2384	1488	-1.45	-0.17	n
127410983	2384	1488	-1.45	-0.17	n
127420983	2384	1489	-1.45	-0.25	n
127430982	2384	1488	-1.45	-0.17	n
127440982	2384	1488	-1.45	-0.17	n
127450982	2384	1488	-1.45	-0.17	n
127460982	2384	1489	-1.45	-0.25	n
127470982	2384	1488	-1.45	-0.17	Location:lat:35.504265lon:139.465235;;Time:05:45:01:00;;
127480982	2384	1488	-1.45	-0.17	n
127490981	2384	1488	-1.45	-0.17	n
127500982	2383	1488	-1.37	-0.17	n
127510981	2384	1488	-1.45	-0.17	n
127520981	2384	1488	-1.45	-0.17	n
127530981	2384	1488	-1.45	-0.17	n
127540980	2384	1488	-1.45	-0.17	n
127550980	2384	1489	-1.45	-0.25	n
127560979	2384	1490	-1.45	-0.33	n
127570979	2384	1488	-1.45	-0.17	n
127580979	2384	1488	-1.45	-0.17	n
127590979	2385	1488	-1.53	-0.17	n
127600979	2384	1488	-1.45	-0.17	n
127610978	2384	1488	-1.45	-0.17	n
127620979	2384	1488	-1.45	-0.17	n
127630979	2384	1488	-1.45	-0.17	n
127640979	2384	1488	-1.45	-0.17	n
127650978	2384	1488	-1.45	-0.17	n
127660977	2384	1488	-1.45	-0.17	n
127670977	2384	1488	-1.45	-0.17	n
127680976	2384	1488	-1.45	-0.17	n
127690976	2384	1488	-1.45	-0.17	n
127700975	2384	1488	-1.45	-0.17	n
127710975	2384	1488	-1.45	-0.17	n
127720975	2384	1489	-1.45	-0.25	n
127730975	2383	1488	-1.37	-0.17	n
127740974	2384	1489	-1.45	-0.25	n
127750973	2384	1488	-1.45	-0.17	n
127760973	2384	1488	-1.45	-0.17	n
127770973	2384	1488	-1.45	-0.17	n
127780973	2384	1488	-1.45	-0.17	n
127790973	2384	1488	-1.45	-0.17	n
127800973	2384	1488	-1.45	-0.17	n
127810974	2384	1488	-1.45	-0.17	n
127820974	2384	1488	-1.45	-0.17	n
127830974	2384	1488	-1.45	-0.17	n
127840974	2384	1488	-1.45	-0.17	Location:lat:35.504265lon:139.465235;;Date:2024/12/8;;Time:05:45:01:00;;
127850974	2384	1488	-1.45	-0.17	n
127860974	2384	1488	-1.45	-0.17	n
127870974	2384	1488	-1.45	-0.17	n
127880974	2384	1488	-1.45	-0.17	n
127890974	2384	1488	-1.45	-0.17	n
127900974	2384	1488	-1.45	-0.17	n
127910974	2384	1488	-1.45	-0.17	n
127920974	2384	1488	-1.45	-0.17	n
127930974	2384	1488	-1.45	-0.17	n
127940974	2384	1488	-1.45	-0.17	n
127950974	2383	1488	-1.37	-0.17	n
127960974	2384	1488	-1.45	-0.17	n
127970974	2384	1488	-1.45	-0.17	n
127980974	2384	1488	-1.45	-0.17	n
127990974	2384	1488	-1.45	-0.17	n
128000974	2384	1488	-1.45	-0.17	n
128010974	2384	1489	-1.45	-0.25	n
128020974	2385	1488	-1.53	-0.17	n
128030974	2384	1488	-1.45	-0.17	n
128040974	2384	1489	-1.45	-0.25	n
128050974	2384	1489	-1.45	-0.25	n
128060974	2384	1488	-1.45	-0.17	n
128070974	2384	1488	-1.45	-0.17	n
128080974	2384	1488	-1.45	-0.17	n
128090974	2383	1488	-1.37	-0.17	n
128100974	2384	1488	-1.45	-0.17	n
128110974	2383	1488	-1.37	-0.17	n
128120974	2384	1488	-1.45	-0.17	n
128130974	2384	1488	-1.45	-0.17	n
128140974	2384	1488	-1.45	-0.17	n
128150974	2384	1489	-1.45	-0.25	n
128160974	2384	1488	-1.45	-0.17	n
128170974	2384	1488	-1.45	-0.17	n
128180974	2384	1488	-1.45	-0.17	n
128190974	2384	1488	-1.45	-0.17	n
128200974	2384	1488	-1.45	-0.17	n
128210974	2384	1488	-1.45	-0.17	n
128220974	2384	1488	-1.45	-0.17	n
128230974	2384	1488	-1.45	-0.17	n
128240974	2384	1488	-1.45	-0.17	n
128250974	2384	1488	-1.45	-0.17	n
128260974	2384	1489	-1.45	-0.25	n
128270974	2384	1488	-1.45	-0.17	n
128280974	2384	1488	-1.45	-0.17	n
128290974	2384	1488	-1.45	-0.17	n
128300974	2384	1488	-1.45	-0.17	n
128310975	2384	1488	-1.45	-0.17	n
128320975	2384	1488	-1.45	-0.17	n
128330975	2384	1488	-1.45	-0.17	n
128340975	2384	1488	-1.45	-0.17	n
128350975	2384	1488	-1.45	-0.17	n
128360976	2384	1488	-1.45	-0.17	Location:lat:35.504264lon:139.465236;;Date:2024/12/8;;Time:05:45:02:00;;
128370975	2384	1488	-1.45	-0.17	n
128380976	2384	1488	-1.45	-0.17	n
128390976	2384	1488	-1.45	-0.17	n
128400980	2384	1489	-1.45	-0.25	n
128410980	2384	1488	-1.45	-0.17	n
128420980	2384	1488	-1.45	-0.17	n
128430980	2384	1489	-1.45	-0.25	n
128440980	2384	1490	-1.45	-0.33	n
128450980	2384	1488	-1.45	-0.17	n
128460979	2383	1488	-1.37	-0.17	n
128470979	2384	1488	-1.45	-0.17	Location:lat:35.504264lon:139.465236;;Time:05:45:02:00;;
128480979	2384	1487	-1.45	-0.09	n
128490979	2384	1489	-1.45	-0.25	n
128500979	2384	1488	-1.45	-0.17	n
128510979	2384	1488	-1.45	-0.17	n
128520980	2384	1489	-1.45	-0.25	n
128530980	2384	1489	-1.45	-0.25	n
128540980	2384	1488	-1.45	-0.17	n
128550980	2384	1489	-1.45	-0.25	n
128560980	2384	1488	-1.45	-0.17	n
128570980	2384	1488	-1.45	-0.17	n
128580979	2384	1488	-1.45	-0.17	n
128590979	2384	1488	-1.45	-0.17	n
128600980	2384	1488	-1.45	-0.17	n
128610980	2384	1488	-1.45	-0.17	n
128620979	2384	1489	-1.45	-0.25	n
128630979	2384	1489	-1.45	-0.25	n
128640978	2384	1488	-1.45	-0.17	n
128650978	2384	1488	-1.45	-0.17	n
128660978	2384	1488	-1.45	-0.17	n
128670978	2384	1488	-1.45	-0.17	n
128680977	2384	1489	-1.45	-0.25	n
128690977	2385	1489	-1.53	-0.25	n
128700977	2384	1488	-1.45	-0.17	n
128710977	2384	1488	-1.45	-0.17	n
128720977	2384	1488	-1.45	-0.17	n
128730986	2384	1488	-1.45	-0.17	n
128740985	2386	1489	-1.62	-0.25	n
128750985	2384	1489	-1.45	-0.25	n
128760985	2384	1488	-1.45	-0.17	n
128770985	2384	1488	-1.45	-0.17	n
128780985	2384	1488	-1.45	-0.17	n
128790984	2384	1488	-1.45	-0.17	n
128800985	2384	1488	-1.45	-0.17	n
128810985	2385	1488	-1.53	-0.17	n
128820985	2384	1488	-1.45	-0.17	n
128830986	2384	1489	-1.45	-0.25	n
128840987	2384	1488	-1.45	-0.17	Location:lat:35.504264lon:139.465236;;Date:2024/12/8;;Time:05:45:02:00;;
128850986	2384	1488	-1.45	-0.17	n
128860985	2384	1488	-1.45	-0.17	n
128870985	2384	1488	-1.45	-0.17	n
128880985	2384	1488	-1.45	-0.17	n
128890985	2384	1488	-1.45	-0.17	n
128900985	2383	1488	-1.37	-0.17	n
128910985	2384	1488	-1.45	-0.17	n
128920985	2384	1488	-1.45	-0.17	n
128930985	2384	1488	-1.45	-0.17	n
128940985	2384	1488	-1.45	-0.17	n
128950985	2384	1488	-1.45	-0.17	n
128960985	2384	1488	-1.45	-0.17	n
128970985	2384	1487	-1.45	-0.09	n
128980985	2384	1488	-1.45	-0.17	n
128990985	2383	1488	-1.37	-0.17	n
129000985	2384	1488	-1.45	-0.17	n
129010985	2384	1488	-1.45	-0.17	n
129020985	2384	1488	-1.45	-0.17	n
129030985	2384	1488	-1.45	-0.17	n
129040985	2383	1488	-1.37	-0.17	n
129050985	2384	1488	-1.45	-0.17	n
129060985	2384	1488	-1.45	-0.17	n
129070985	2384	1488	-1.45	-0.17	n
129080985	2384	1488	-1.45	-0.17	n
129090985	2383	1488	-1.37	-0.17	n
129100985	2384	1488	-1.45	-0.17	n
129110985	2384	1488	-1.45	-0.17	n
129120985	2384	1488	-1.45	-0.17	n
129130985	2384	1489	-1.45	-0.25	n
129140985	2384	1488	-1.45	-0.17	n
129150985	2384	1488	-1.45	-0.17	n
129160985	2384	1488	-1.45	-0.17	n
129170985	2384	1488	-1.45	-0.17	n
129180985	2384	1488	-1.45	-0.17	n
129190985	2384	1488	-1.45	-0.17	n
129200985	2384	1488	-1.45	-0.17	n
129210985	2383	1488	-1.37	-0.17	n
129220985	2384	1488	-1.45	-0.17	n
129230985	2384	1488	-1.45	-0.17	n
129240985	2384	1488	-1.45	-0.17	n
129250985	2383	1488	-1.37	-0.17	n
129260985	2384	1489	-1.45	-0.25	n
129270985	2384	1488	-1.45	-0.17	n
129280985	2384	1487	-1.45	-0.09	n
129290986	2384	1488	-1.45	-0.17	n
129300986	2385	1489	-1.53	-0.25	n
129310986	2384	1489	-1.45	-0.25	n
129320986	2383	1488	-1.37	-0.17	n
129330986	2383	1488	-1.37	-0.17	n
129340987	2384	1488	-1.45	-0.17	n
129350987	2384	1487	-1.45	-0.09	n
129360988	2384	1488	-1.45	-0.17	Location:lat:35.504259lon:139.465238;;Date:2024/12/8;;Time:05:45:03:00;;
129370988	2384	1488	-1.45	-0.17	n
129380987	2383	1488	-1.37	-0.17	n
129390986	2384	1489	-1.45	-0.25	n
129400986	2384	1488	-1.45	-0.17	n
129410986	2384	1489	-1.45	-0.25	n
129420986	2384	1488	-1.45	-0.17	n
129430986	2384	1488	-1.45	-0.17	n
129440987	2384	1489	-1.45	-0.25	n
129450987	2384	1488	-1.45	-0.17	n
129460987	2384	1488	-1.45	-0.17	n
129470987	2384	1488	-1.45	-0.17	Location:lat:35.504259lon:139.465238;;Time:05:45:03:00;;
129480987	2384	1488	-1.45	-0.17	n
129490996	2384	1488	-1.45	-0.17	n
129500996	2384	1488	-1.45	-0.17	n
129510996	2384	1488	-1.45	-0.17	n
129520996	2384	1489	-1.45	-0.25	n
129530996	2384	1488	-1.45	-0.17	n
129540996	2384	1488	-1.45	-0.17	n
129550995	2384	1488	-1.45	-0.17	n
129560996	2384	1488	-1.45	-0.17	n
129570996	2384	1488	-1.45	-0.17	n
129580997	2384	1488	-1.45	-0.17	n
129590997	2384	1488	-1.45	-0.17	n
129600997	2384	1488	-1.45	-0.17	n
129610997	2384	1488	-1.45	-0.17	n
129620996	2384	1488	-1.45	-0.17	n
129630995	2384	1488	-1.45	-0.17	n
129640995	2384	1488	-1.45	-0.17	n
129650994	2384	1488	-1.45	-0.17	n
129660994	2384	1488	-1.45	-0.17	n
129670993	2384	1488	-1.45	-0.17	n
129680992	2384	1488	-1.45	-0.17	n
129690992	2384	1488	-1.45	-0.17	n
129700991	2384	1488	-1.45	-0.17	n
129710990	2384	1488	-1.45	-0.17	n
129720990	2384	1488	-1.45	-0.17	n
129730990	2384	1489	-1.45	-0.25	n
129740990	2384	1488	-1.45	-0.17	n
129750990	2384	1488	-1.45	-0.17	n
129760990	2384	1488	-1.45	-0.17	n
129770990	2384	1488	-1.45	-0.17	n
129780989	2384	1488	-1.45	-0.17	n
129790988	2384	1488	-1.45	-0.17	n
129800988	2384	1488	-1.45	-0.17	n
129810987	2384	1488	-1.45	-0.17	n
129820987	2384	1488	-1.45	-0.17	n
129830987	2384	1488	-1.45	-0.17	n
129840986	2384	1488	-1.45	-0.17	Location:lat:35.504259lon:139.465238;;Date:2024/12/8;;Time:05:45:03:00;;
129850986	2384	1488	-1.45	-0.17	n
129860987	2384	1489	-1.45	-0.25	n
129870987	2384	1488	-1.45	-0.17	n
129880987	2384	1488	-1.45	-0.17	n
129890987	2384	1488	-1.45	-0.17	n
129900987	2384	1488	-1.45	-0.17	n
129910987	2384	1488	-1.45	-0.17	n
129920987	2384	1488	-1.45	-0.17	n
129930987	2385	1488	-1.53	-0.17	n
129940987	2384	1488	-1.45	-0.17	n
129950987	2384	1488	-1.45	-0.17	n
129960987	2384	1488	-1.45	-0.17	n
129970987	2384	1488	-1.45	-0.17	n
129980987	2384	1488	-1.45	-0.17	n
129990987	2384	1488	-1.45	-0.17	n
130000987	2384	1488	-1.45	-0.17	n
130010987	2384	1488	-1.45	-0.17	n
130020987	2384	1488	-1.45	-0.17	n
130030987	2384	1488	-1.45	-0.17	n
130040987	2384	1488	-1.45	-0.17	n
130050987	2384	1489	-1.45	-0.25	n
130060987	2384	1488	-1.45	-0.17	n
130070987	2384	1488	-1.45	-0.17	n
130080987	2384	1488	-1.45	-0.17	n
130090987	2384	1488	-1.45	-0.17	n
130100987	2384	1488	-1.45	-0.17	n
130110987	2384	1488	-1.45	-0.17	n
130120987	2384	1488	-1.45	-0.17	n
130130987	2384	1488	-1.45	-0.17	n
130140987	2384	1488	-1.45	-0.17	n
130150987	2384	1488	-1.45	-0.17	n
130160987	2384	1488	-1.45	-0.17	n
130170987	2384	1488	-1.45	-0.17	n
130180987	2384	1488	-1.45	-0.17	n
130190987	2384	1488	-1.45	-0.17	n
130200987	2384	1489	-1.45	-0.25	n
130210987	2384	1488	-1.45	-0.17	n
130220987	2384	1488	-1.45	-0.17	n
130230987	2385	1488	-1.53	-0.17	n
130240987	2384	1488	-1.45	-0.17	n
130250987	2384	1488	-1.45	-0.17	n
130260987	2384	1488	-1.45	-0.17	n
130270987	2384	1488	-1.45	-0.17	n
130280987	2384	1488	-1.45	-0.17	n
130290987	2384	1488	-1.45	-0.17	n
130300987	2384	1488	-1.45	-0.17	n
130310987	2384	1488	-1.45	-0.17	n
130320987	2384	1488	-1.45	-0.17	n
130330987	2385	1488	-1.53	-0.17	n
130340987	2384	1488	-1.45	-0.17	n
130350987	2384	1489	-1.45	-0.25	n
130360987	2384	1488	-1.45	-0.17	Location:lat:35.504259lon:139.465240;;Date:2024/12/8;;Time:05:45:04:00;;
130370987	2384	1488	-1.45	-0.17	n
130380987	2384	1488	-1.45	-0.17	n
130390987	2384	1488	-1.45	-0.17	n
130400987	2384	1488	-1.45	-0.17	n
130410986	2385	1488	-1.53	-0.17	n
130420986	2385	1488	-1.53	-0.17	n
130430995	2384	1488	-1.45	-0.17	n
130440995	2384	1488	-1.45	-0.17	n
130450995	2384	1488	-1.45	-0.17	n
130460995	2384	1488	-1.45	-0.17	n
130470995	2384	1488	-1.45	-0.17	Location:lat:35.504259lon:139.465240;;Time:05:45:04:00;;
130480995	2384	1488	-1.45	-0.17	n
130490995	2384	1488	-1.45	-0.17	n
130500995	2384	1490	-1.45	-0.33	n
130510995	2383	1488	-1.37	-0.17	n
130520994	2384	1488	-1.45	-0.17	n
130530995	2384	1488	-1.45	-0.17	n
130540995	2384	1488	-1.45	-0.17	n
130550995	2384	1488	-1.45	-0.17	n
130560995	2383	1488	-1.37	-0.17	n
130570995	2384	1488	-1.45	-0.17	n
130580994	2384	1488	-1.45	-0.17	n
130590994	2384	1488	-1.45	-0.17	n
130600994	2384	1488	-1.45	-0.17	n
130610993	2384	1488	-1.45	-0.17	n
130620993	2384	1488	-1.45	-0.17	n
130630993	2384	1488	-1.45	-0.17	n
130640993	2384	1489	-1.45	-0.25	n
130650992	2384	1488	-1.45	-0.17	n
130660991	2384	1488	-1.45	-0.17	n
130670990	2384	1488	-1.45	-0.17	n
130680990	2384	1489	-1.45	-0.25	n
130690990	2384	1488	-1.45	-0.17	n
130700990	2384	1488	-1.45	-0.17	n
130710990	2384	1489	-1.45	-0.25	n
130720990	2383	1488	-1.37	-0.17	n
130730989	2384	1489	-1.45	-0.25	n
130740990	2384	1490	-1.45	-0.33	n
130750990	2384	1488	-1.45	-0.17	n
130760990	2384	1488	-1.45	-0.17	n
130770990	2385	1488	-1.53	-0.17	n
130780990	2384	1489	-1.45	-0.25	n
130790990	2384	1489	-1.45	-0.25	n
130800990	2384	1488	-1.45	-0.17	n
130810998	2384	1488	-1.45	-0.17	n
130820998	2384	1488	-1.45	-0.17	n
130830998	2384	1489	-1.45	-0.25	n
130840998	2384	1488	-1.45	-0.17	Location:lat:35.504259lon:139.465240;;Date:2024/12/8;;Time:05:45:04:00;;
130850998	2384	1489	-1.45	-0.25	n
130860998	2384	1488	-1.45	-0.17	n
130870998	2384	1489	-1.45	-0.25	n
130880998	2384	1488	-1.45	-0.17	n
130890998	2384	1489	-1.45	-0.25	n
130900998	2384	1488	-1.45	-0.17	n
130910998	2384	1488	-1.45	-0.17	n
130920998	2384	1488	-1.45	-0.17	n
130930998	2384	1488	-1.45	-0.17	n
130940998	2384	1488	-1.45	-0.17	n
130950998	2384	1488	-1.45	-0.17	n
130960998	2384	1488	-1.45	-0.17	n
130970998	2384	1488	-1.45	-0.17	n
130980998	2384	1488	-1.45	-0.17	n
130990998	2384	1487	-1.45	-0.09	n
131000998	2384	1488	-1.45	-0.17	n
131010998	2384	1488	-1.45	-0.17	n
131020998	2383	1488	-1.37	-0.17	n
131030998	2384	1488	-1.45	-0.17	n
131040998	2383	1488	-1.37	-0.17	n
131050998	2384	1488	-1.45	-0.17	n
131060998	2383	1488	-1.37	-0.17	n
131070998	2384	1488	-1.45	-0.17	n
131080998	2384	1488	-1.45	-0.17	n
131090998	2384	1488	-1.45	-0.17	n
131100998	2384	1488	-1.45	-0.17	n
131110998	2384	1489	-1.45	-0.25	n
131120998	2384	1488	-1.45	-0.17	n
131130998	2384	1488	-1.45	-0.17	n
131140998	2384	1488	-1.45	-0.17	n
131150998	2384	1488	-1.45	-0.17	n
131160998	2384	1488	-1.45	-0.17	n
131170998	2384	1488	-1.45	-0.17	n
131180998	2384	1488	-1.45	-0.17	n
131190998	2384	1488	-1.45	-0.17	n
131200998	2384	1488	-1.45	-0.17	n
131210998	2384	1489	-1.45	-0.25	n
131220998	2384	1488	-1.45	-0.17	n
131230998	2383	1488	-1.37	-0.17	n
131240998	2383	1488	-1.37	-0.17	n
131250998	2384	1489	-1.45	-0.25	n
131260998	2383	1488	-1.37	-0.17	n
131270998	2383	1488	-1.37	-0.17	n
131280998	2384	1488	-1.45	-0.17	n
131290998	2384	1488	-1.45	-0.17	n
131300998	2384	1488	-1.45	-0.17	n
131310997	2384	1488	-1.45	-0.17	n
131320997	2384	1488	-1.45	-0.17	n
131330997	2383	1488	-1.37	-0.17	n
131340997	2384	1488	-1.45	-0.17	n
131350997	2384	1489	-1.45	-0.25	n
131360997	2384	1489	-1.45	-0.25	Location:lat:35.504261lon:139.465240;;Date:2024/12/8;;Time:05:45:05:00;;
131370997	2384	1488	-1.45	-0.17	n
131380997	2384	1488	-1.45	-0.17	n
131390997	2384	1488	-1.45	-0.17	n
131401003	2384	1488	-1.45	-0.17	n
131411003	2383	1488	-1.37	-0.17	n
131421003	2383	1488	-1.37	-0.17	n
131431003	2384	1488	-1.45	-0.17	n
131441003	2383	1488	-1.37	-0.17	n
131451002	2384	1488	-1.45	-0.17	n
131461001	2384	1488	-1.45	-0.17	n
131471000	2383	1488	-1.37	-0.17	Location:lat:35.504261lon:139.465240;;Time:05:45:05:00;;
131481001	2384	1488	-1.45	-0.17	n
131491001	2383	1488	-1.37	-0.17	n
131501001	2383	1488	-1.37	-0.17	n
131511001	2382	1488	-1.28	-0.17	n
131521001	2383	1489	-1.37	-0.25	n
131531001	2380	1488	-1.12	-0.17	n
131541001	2384	1488	-1.45	-0.17	n
131551000	2384	1488	-1.45	-0.17	n
131561000	2383	1488	-1.37	-0.17	n
131571000	2384	1488	-1.45	-0.17	n
131581000	2384	1488	-1.45	-0.17	n
131591000	2384	1488	-1.45	-0.17	n
131601000	2384	1488	-1.45	-0.17	n
131611000	2384	1488	-1.45	-0.17	n
131621000	2383	1488	-1.37	-0.17	n
131630999	2384	1488	-1.45	-0.17	n
131640998	2383	1488	-1.37	-0.17	n
131650997	2384	1488	-1.45	-0.17	n
131660997	2383	1488	-1.37	-0.17	n
131670997	2384	1489	-1.45	-0.25	n
131680997	2384	1488	-1.45	-0.17	n
131690996	2384	1488	-1.45	-0.17	n
131700996	2383	1488	-1.37	-0.17	n
131710996	2384	1489	-1.45	-0.25	n
131720997	2384	1488	-1.45	-0.17	n
131730996	2384	1488	-1.45	-0.17	n
131740996	2384	1488	-1.45	-0.17	n
131750996	2384	1488	-1.45	-0.17	n
131760995	2384	1488	-1.45	-0.17	n
131770995	2384	1488	-1.45	-0.17	n
131780995	2384	1488	-1.45	-0.17	n
131790995	2384	1488	-1.45	-0.17	n
131800995	2384	1488	-1.45	-0.17	n
131810994	2384	1488	-1.45	-0.17	n
131820993	2383	1488	-1.37	-0.17	n
131830993	2384	1488	-1.45	-0.17	n
131840992	2384	1488	-1.45	-0.17	Location:lat:35.504261lon:139.465240;;Date:2024/12/8;;Time:05:45:05:00;;
131850992	2384	1488	-1.45	-0.17	n
131860991	2384	1488	-1.45	-0.17	n
131870991	2384	1489	-1.45	-0.25	n
131880991	2384	1488	-1.45	-0.17	n
131890991	2384	1488	-1.45	-0.17	n
131900991	2383	1488	-1.37	-0.17	n
131910991	2384	1488	-1.45	-0.17	n
131920991	2384	1489	-1.45	-0.25	n
131930991	2384	1488	-1.45	-0.17	n
131940991	2384	1488	-1.45	-0.17	n
131950991	2383	1488	-1.37	-0.17	n
131960991	2383	1488	-1.37	-0.17	n
131970991	2384	1488	-1.45	-0.17	n
131980991	2384	1489	-1.45	-0.25	n
131990991	2384	1488	-1.45	-0.17	n
132000991	2384	1488	-1.45	-0.17	n
132010991	2384	1489	-1.45	-0.25	n
132020991	2384	1488	-1.45	-0.17	n
132030991	2383	1488	-1.37	-0.17	n
132040991	2384	1488	-1.45	-0.17	n
132050991	2384	1488	-1.45	-0.17	n
132060991	2384	1488	-1.45	-0.17	n
132070991	2384	1488	-1.45	-0.17	n
132080991	2384	1488	-1.45	-0.17	n
132090991	2382	1488	-1.28	-0.17	n
132100991	2383	1488	-1.37	-0.17	n
132110991	2384	1488	-1.45	-0.17	n
132120991	2384	1488	-1.45	-0.17	n
132130991	2384	1489	-1.45	-0.25	n
132140991	2383	1488	-1.37	-0.17	n
132150991	2384	1488	-1.45	-0.17	n
132160991	2384	1489	-1.45	-0.25	n
132170991	2384	1488	-1.45	-0.17	n
132180991	2384	1488	-1.45	-0.17	n
132190991	2384	1488	-1.45	-0.17	n
132200991	2384	1488	-1.45	-0.17	n
132210991	2383	1488	-1.37	-0.17	n
132220991	2384	1488	-1.45	-0.17	n
132230991	2383	1488	-1.37	-0.17	n
132240991	2384	1488	-1.45	-0.17	n
132250991	2384	1489	-1.45	-0.25	n
132260991	2384	1488	-1.45	-0.17	n
132270991	2384	1488	-1.45	-0.17	n
132280991	2384	1488	-1.45	-0.17	n
132290991	2385	1489	-1.53	-0.25	n
132300991	2384	1489	-1.45	-0.25	n
132310990	2384	1489	-1.45	-0.25	n
132320989	2384	1489	-1.45	-0.25	n
132330988	2384	1488	-1.45	-0.17	n
132340987	2384	1488	-1.45	-0.17	n
132350987	2384	1488	-1.45	-0.17	n
132360990	2384	1488	-1.45	-0.17	Location:lat:35.504262lon:139.465241;;Date:2024/12/8;;Time:05:45:06:00;;
132370989	2383	1488	-1.37	-0.17	n
132380989	2384	1489	-1.45	-0.25	n
132390988	2384	1488	-1.45	-0.17	n
132400988	2384	1488	-1.45	-0.17	n
132410988	2384	1488	-1.45	-0.17	n
132420988	2384	1489	-1.45	-0.25	n
132430988	2384	1488	-1.45	-0.17	n
132440988	2384	1488	-1.45	-0.17	n
132450988	2384	1488	-1.45	-0.17	n
132460988	2384	1489	-1.45	-0.25	n
132470988	2384	1488	-1.45	-0.17	Location:lat:35.504262lon:139.465241;;Time:05:45:06:00;;
132480988	2383	1488	-1.37	-0.17	n
132490987	2384	1488	-1.45	-0.17	n
132500987	2384	1488	-1.45	-0.17	n
132510987	2383	1489	-1.37	-0.25	n
132520986	2383	1488	-1.37	-0.17	n
132530986	2383	1488	-1.37	-0.17	n
132540986	2384	1488	-1.45	-0.17	n
132550986	2382	1488	-1.28	-0.17	n
132560986	2384	1488	-1.45	-0.17	n
132570987	2384	1488	-1.45	-0.17	n
132580986	2384	1488	-1.45	-0.17	n
132590985	2384	1490	-1.45	-0.33	n
132600985	2383	1488	-1.37	-0.17	n
132610985	2384	1488	-1.45	-0.17	n
132620984	2384	1488	-1.45	-0.17	n
132630984	2384	1488	-1.45	-0.17	n
132640984	2383	1488	-1.37	-0.17	n
132650984	2384	1488	-1.45	-0.17	n
132660984	2383	1488	-1.37	-0.17	n
132670984	2383	1488	-1.37	-0.17	n
132680984	2384	1488	-1.45	-0.17	n
132690983	2384	1488	-1.45	-0.17	n
132700983	2384	1488	-1.45	-0.17	n
132710983	2383	1488	-1.37	-0.17	n
132720982	2384	1488	-1.45	-0.17	n
132730982	2384	1488	-1.45	-0.17	n
132740981	2384	1488	-1.45	-0.17	n
132750981	2384	1488	-1.45	-0.17	n
132760980	2383	1489	-1.37	-0.25	n
132770980	2383	1488	-1.37	-0.17	n
132780980	2384	1488	-1.45	-0.17	n
132790980	2384	1488	-1.45	-0.17	n
132800980	2384	1488	-1.45	-0.17	n
132810979	2384	1488	-1.45	-0.17	n
132820979	2384	1488	-1.45	-0.17	n
132830979	2384	1488	-1.45	-0.17	n
132840979	2384	1489	-1.45	-0.25	Location:lat:35.504262lon:139.465241;;Date:2024/12/8;;Time:05:45:06:00;;
132850978	2384	1488	-1.45	-0.17	n
132860977	2384	1488	-1.45	-0.17	n
132870977	2384	1488	-1.45	-0.17	n
132880977	2384	1490	-1.45	-0.33	n
132890977	2383	1489	-1.37	-0.25	n
132900977	2383	1488	-1.37	-0.17	n
132910977	2383	1488	-1.37	-0.17	n
132920977	2383	1488	-1.37	-0.17	n
132930977	2384	1488	-1.45	-0.17	n
132940977	2384	1488	-1.45	-0.17	n
132950977	2384	1488	-1.45	-0.17	n
132960977	2384	1488	-1.45	-0.17	n
132970977	2384	1489	-1.45	-0.25	n
132980977	2384	1488	-1.45	-0.17	n
132990977	2384	1488	-1.45	-0.17	n
133000977	2384	1489	-1.45	-0.25	n
133010977	2384	1489	-1.45	-0.25	n
133020977	2384	1488	-1.45	-0.17	n
133030977	2384	1488	-1.45	-0.17	n
133040977	2383	1488	-1.37	-0.17	n
133050977	2384	1488	-1.45	-0.17	n
133060977	2384	1488	-1.45	-0.17	n
133070977	2384	1488	-1.45	-0.17	n
133080977	2384	1488	-1.45	-0.17	n
133090977	2384	1488	-1.45	-0.17	n
133100977	2384	1488	-1.45	-0.17	n
133110977	2384	1489	-1.45	-0.25	n
133120977	2384	1488	-1.45	-0.17	n
133130977	2384	1489	-1.45	-0.25	n
133140977	2384	1488	-1.45	-0.17	n
133150977	2384	1488	-1.45	-0.17	n
133160977	2384	1488	-1.45	-0.17	n
133170977	2384	1488	-1.45	-0.17	n
133180977	2384	1488	-1.45	-0.17	n
133190977	2384	1488	-1.45	-0.17	n
133200977	2383	1488	-1.37	-0.17	n
133210977	2384	1488	-1.45	-0.17	n
133220977	2384	1488	-1.45	-0.17	n
133230977	2384	1488	-1.45	-0.17	n
133240977	2384	1488	-1.45	-0.17	n
133250977	2384	1488	-1.45	-0.17	n
133260977	2384	1488	-1.45	-0.17	n
133270977	2383	1488	-1.37	-0.17	n
133280977	2384	1488	-1.45	-0.17	n
133290977	2384	1488	-1.45	-0.17	n
133300977	2384	1488	-1.45	-0.17	n
133310976	2384	1488	-1.45	-0.17	n
133320975	2383	1488	-1.37	-0.17	n
133330983	2384	1488	-1.45	-0.17	n
133340983	2384	1488	-1.45	-0.17	n
133350983	2384	1488	-1.45	-0.17	n
133360984	2384	1488	-1.45	-0.17	Location:lat:35.504264lon:139.465241;;Date:2024/12/8;;Time:05:45:07:00;;
133370984	2383	1489	-1.37	-0.25	n
133380984	2384	1488	-1.45	-0.17	n
133390984	2384	1488	-1.45	-0.17	n
133400984	2384	1489	-1.45	-0.25	n
133410984	2383	1488	-1.37	-0.17	n
133420984	2384	1488	-1.45	-0.17	n
133430984	2383	1488	-1.37	-0.17	n
133440984	2384	1488	-1.45	-0.17	n
133450983	2383	1488	-1.37	-0.17	n
133460983	2384	1488	-1.45	-0.17	n
133470982	2382	1488	-1.28	-0.17	Location:lat:35.504264lon:139.465241;;Time:05:45:07:00;;
133480982	2384	1488	-1.45	-0.17	n
133490982	2384	1488	-1.45	-0.17	n
133500982	2383	1488	-1.37	-0.17	n
133510982	2384	1488	-1.45	-0.17	n
133520981	2384	1488	-1.45	-0.17	n
133530981	2383	1489	-1.37	-0.25	n
133540982	2384	1489	-1.45	-0.25	n
133550982	2384	1488	-1.45	-0.17	n
133560982	2384	1488	-1.45	-0.17	n
133570982	2383	1488	-1.37	-0.17	n
133580982	2383	1488	-1.37	-0.17	n
133590982	2384	1488	-1.45	-0.17	n
133600982	2383	1488	-1.37	-0.17	n
133610982	2383	1488	-1.37	-0.17	n
133620982	2384	1488	-1.45	-0.17	n
133630981	2383	1489	-1.37	-0.25	n
133640981	2384	1488	-1.45	-0.17	n
133650981	2384	1488	-1.45	-0.17	n
133660990	2384	1488	-1.45	-0.17	n
133670990	2384	1488	-1.45	-0.17	n
133680990	2384	1488	-1.45	-0.17	n
133690990	2384	1488	-1.45	-0.17	n
133700990	2384	1488	-1.45	-0.17	n
133710989	2384	1488	-1.45	-0.17	n
133720989	2384	1488	-1.45	-0.17	n
133730989	2384	1488	-1.45	-0.17	n
133740988	2384	1488	-1.45	-0.17	n
133750988	2384	1488	-1.45	-0.17	n
133760988	2384	1488	-1.45	-0.17	n
133770988	2384	1489	-1.45	-0.25	n
133780988	2383	1490	-1.37	-0.33	n
133790988	2384	1488	-1.45	-0.17	n
133800988	2384	1488	-1.45	-0.17	n
133810988	2383	1488	-1.37	-0.17	n
133820988	2383	1489	-1.37	-0.25	n
133830988	2384	1488	-1.45	-0.17	n
133840988	2383	1488	-1.37	-0.17	Location:lat:35.504264lon:139.465241;;Date:2024/12/8;;Time:05:45:07:00;;
133850988	2384	1488	-1.45	-0.17	n
133860988	2384	1488	-1.45	-0.17	n
133870988	2383	1488	-1.37	-0.17	n
133880988	2384	1488	-1.45	-0.17	n
133890988	2384	1488	-1.45	-0.17	n
133900988	2384	1488	-1.45	-0.17	n
133910988	2384	1488	-1.45	-0.17	n
133920988	2384	1488	-1.45	-0.17	n
133930988	2384	1488	-1.45	-0.17	n
133940988	2384	1488	-1.45	-0.17	n
133950988	2384	1488	-1.45	-0.17	n
133960988	2384	1488	-1.45	-0.17	n
133970988	2383	1488	-1.37	-0.17	n
133980988	2384	1488	-1.45	-0.17	n
133990988	2384	1488	-1.45	-0.17	n
134000988	2384	1488	-1.45	-0.17	n
134010988	2383	1488	-1.37	-0.17	n
134020988	2384	1488	-1.45	-0.17	n
134030988	2383	1488	-1.37	-0.17	n
134040988	2383	1488	-1.37	-0.17	n
134050988	2384	1488	-1.45	-0.17	n
134060988	2382	1488	-1.28	-0.17	n
134070988	2383	1488	-1.37	-0.17	n
134080988	2384	1488	-1.45	-0.17	n
134090988	2382	1488	-1.28	-0.17	n
134100988	2384	1488	-1.45	-0.17	n
134110988	2383	1488	-1.37	-0.17	n
134120988	2384	1488	-1.45	-0.17	n
134130988	2384	1488	-1.45	-0.17	n
134140988	2383	1488	-1.37	-0.17	n
134150988	2384	1488	-1.45	-0.17	n
134160988	2383	1488	-1.37	-0.17	n
134170988	2384	1488	-1.45	-0.17	n
134180988	2383	1488	-1.37	-0.17	n
134190988	2384	1488	-1.45	-0.17	n
134200988	2384	1488	-1.45	-0.17	n
134210988	2384	1488	-1.45	-0.17	n
134220988	2384	1488	-1.45	-0.17	n
134230988	2384	1488	-1.45	-0.17	n
134240988	2384	1488	-1.45	-0.17	n
134250988	2384	1488	-1.45	-0.17	n
134260988	2384	1488	-1.45	-0.17	n
134270988	2384	1489	-1.45	-0.25	n
134280988	2384	1489	-1.45	-0.25	n
134290988	2383	1488	-1.37	-0.17	n
134300988	2384	1489	-1.45	-0.25	n
134310987	2384	1488	-1.45	-0.17	n
134320987	2384	1488	-1.45	-0.17	n
134330987	2383	1488	-1.37	-0.17	n
134340987	2384	1488	-1.45	-0.17	n
134350986	2384	1488	-1.45	-0.17	n
134360986	2384	1488	-1.45	-0.17	Location:lat:35.504268lon:139.465241;;Date:2024/12/8;;Time:05:45:08:00;;
134370986	2384	1488	-1.45	-0.17	n
134380986	2384	1488	-1.45	-0.17	n
134390986	2384	1488	-1.45	-0.17	n
134400986	2384	1489	-1.45	-0.25	n
134410987	2384	1488	-1.45	-0.17	n
134420987	2384	1489	-1.45	-0.25	n
134430986	2384	1488	-1.45	-0.17	n
134440987	2384	1488	-1.45	-0.17	n
134450986	2383	1488	-1.37	-0.17	n
134460986	2383	1488	-1.37	-0.17	n
134470987	2384	1488	-1.45	-0.17	Location:lat:35.504268lon:139.465241;;Time:05:45:08:00;;
134480986	2384	1488	-1.45	-0.17	n
134490986	2384	1489	-1.45	-0.25	n
134500986	2384	1489	-1.45	-0.25	n
134510995	2384	1488	-1.45	-0.17	n
134520995	2384	1488	-1.45	-0.17	n
134530994	2384	1489	-1.45	-0.25	n
134540995	2383	1488	-1.37	-0.17	n
134550995	2384	1488	-1.45	-0.17	n
134560995	2384	1488	-1.45	-0.17	n
134570995	2384	1488	-1.45	-0.17	n
134580995	2384	1488	-1.45	-0.17	n
134590995	2384	1488	-1.45	-0.17	n
134600995	2384	1488	-1.45	-0.17	n
134610994	2384	1488	-1.45	-0.17	n
134620995	2383	1488	-1.37	-0.17	n
134630995	2383	1488	-1.37	-0.17	n
134640995	2383	1489	-1.37	-0.25	n
134650995	2384	1488	-1.45	-0.17	n
134660995	2383	1488	-1.37	-0.17	n
134670995	2384	1489	-1.45	-0.25	n
134680994	2384	1489	-1.45	-0.25	n
134690994	2384	1488	-1.45	-0.17	n
134700993	2383	1488	-1.37	-0.17	n
134710993	2384	1488	-1.45	-0.17	n
134720993	2384	1488	-1.45	-0.17	n
134730993	2384	1488	-1.45	-0.17	n
134740993	2383	1488	-1.37	-0.17	n
134750993	2383	1488	-1.37	-0.17	n
134760993	2384	1488	-1.45	-0.17	n
134770993	2383	1489	-1.37	-0.25	n
134780994	2384	1489	-1.45	-0.25	n
134790994	2384	1488	-1.45	-0.17	n
134800993	2384	1488	-1.45	-0.17	n
134810993	2384	1488	-1.45	-0.17	n
134820993	2384	1488	-1.45	-0.17	n
134830993	2384	1488	-1.45	-0.17	n
134840993	2384	1489	-1.45	-0.25	Location:lat:35.504268lon:139.465241;;Date:2024/12/8;;Time:05:45:08:00;;
134850993	2383	1488	-1.37	-0.17	n
134860992	2384	1488	-1.45	-0.17	n
134870992	2384	1488	-1.45	-0.17	n
134880992	2384	1488	-1.45	-0.17	n
134890992	2384	1488	-1.45	-0.17	n
134900992	2384	1489	-1.45	-0.25	n
134910992	2384	1488	-1.45	-0.17	n
134920992	2384	1488	-1.45	-0.17	n
134930992	2384	1488	-1.45	-0.17	n
134940992	2384	1488	-1.45	-0.17	n
134950992	2384	1488	-1.45	-0.17	n
134960992	2384	1488	-1.45	-0.17	n
134970992	2384	1488	-1.45	-0.17	n
134980992	2384	1488	-1.45	-0.17	n
134990992	2384	1488	-1.45	-0.17	n
135000992	2384	1488	-1.45	-0.17	n
135010992	2384	1488	-1.45	-0.17	n
135020992	2384	1488	-1.45	-0.17	n
135030992	2384	1488	-1.45	-0.17	n
135040992	2384	1488	-1.45	-0.17	n
135050992	2384	1488	-1.45	-0.17	n
135060992	2384	1489	-1.45	-0.25	n
135070992	2384	1488	-1.45	-0.17	n
135080992	2384	1489	-1.45	-0.25	n
135090992	2384	1488	-1.45	-0.17	n
135100992	2383	1488	-1.37	-0.17	n
135110992	2384	1488	-1.45	-0.17	n
135120992	2384	1488	-1.45	-0.17	n
135130992	2384	1488	-1.45	-0.17	n
135140992	2384	1488	-1.45	-0.17	n
135150992	2384	1488	-1.45	-0.17	n
135160992	2384	1488	-1.45	-0.17	n
135170992	2384	1488	-1.45	-0.17	n
135180992	2384	1488	-1.45	-0.17	n
135190992	2383	1488	-1.37	-0.17	n
135200992	2384	1488	-1.45	-0.17	n
135210992	2384	1488	-1.45	-0.17	n
135220992	2384	1488	-1.45	-0.17	n
135230992	2384	1489	-1.45	-0.25	n
135240992	2384	1489	-1.45	-0.25	n
135250992	2384	1488	-1.45	-0.17	n
135260992	2384	1488	-1.45	-0.17	n
135270992	2384	1488	-1.45	-0.17	n
135280992	2384	1488	-1.45	-0.17	n
135290992	2383	1488	-1.37	-0.17	n
135300992	2383	1488	-1.37	-0.17	n
135310992	2383	1489	-1.37	-0.25	n
135320991	2384	1488	-1.45	-0.17	n
135330992	2383	1488	-1.37	-0.17	n
135340993	2384	1488	-1.45	-0.17	n
135350992	2384	1489	-1.45	-0.25	n
135360993	2384	1488	-1.45	-0.17	Location:lat:35.504269lon:139.465242;;Date:2024/12/8;;Time:05:45:09:00;;
135370993	2383	1489	-1.37	-0.25	n
135380992	2384	1489	-1.45	-0.25	n
135390992	2384	1489	-1.45	-0.25	n
135400992	2384	1488	-1.45	-0.17	n
135410992	2384	1488	-1.45	-0.17	n
135420991	2384	1488	-1.45	-0.17	n
135430991	2384	1488	-1.45	-0.17	n
135440991	2384	1488	-1.45	-0.17	n
135450991	2384	1488	-1.45	-0.17	n
135460991	2384	1488	-1.45	-0.17	n
135470990	2384	1488	-1.45	-0.17	Location:lat:35.504269lon:139.465242;;Time:05:45:09:00;;
135480990	2384	1488	-1.45	-0.17	n
135490990	2384	1488	-1.45	-0.17	n
135500990	2384	1488	-1.45	-0.17	n
135510989	2384	1488	-1.45	-0.17	n
135520989	2384	1488	-1.45	-0.17	n
135530989	2384	1488	-1.45	-0.17	n
135540989	2383	1488	-1.37	-0.17	n
135550988	2383	1488	-1.37	-0.17	n
135560988	2384	1488	-1.45	-0.17	n
135570988	2384	1488	-1.45	-0.17	n
135580988	2384	1488	-1.45	-0.17	n
135590987	2384	1488	-1.45	-0.17	n
135600987	2383	1488	-1.37	-0.17	n
135610987	2384	1488	-1.45	-0.17	n
135620987	2383	1488	-1.37	-0.17	n
135630986	2383	1488	-1.37	-0.17	n
135640985	2384	1488	-1.45	-0.17	n
135650985	2384	1488	-1.45	-0.17	n
135660994	2384	1488	-1.45	-0.17	n
135670993	2384	1488	-1.45	-0.17	n
135680993	2384	1489	-1.45	-0.25	n
135690993	2384	1488	-1.45	-0.17	n
135700992	2383	1488	-1.37	-0.17	n
135710992	2384	1488	-1.45	-0.17	n
135720993	2384	1488	-1.45	-0.17	n
135730992	2383	1488	-1.37	-0.17	n
135740993	2384	1488	-1.45	-0.17	n
135750992	2383	1488	-1.37	-0.17	n
135760992	2383	1488	-1.37	-0.17	n
135770992	2382	1488	-1.28	-0.17	n
135780992	2384	1488	-1.45	-0.17	n
135790992	2384	1489	-1.45	-0.25	n
135800991	2384	1488	-1.45	-0.17	n
135810991	2383	1488	-1.37	-0.17	n
135820991	2383	1488	-1.37	-0.17	n
135830991	2384	1489	-1.45	-0.25	n
135840990	2383	1488	-1.37	-0.17	Location:lat:35.504269lon:139.465242;;Date:2024/12/8;;Time:05:45:09:00;;
135850989	2384	1487	-1.45	-0.09	n
135860989	2383	1488	-1.37	-0.17	n
135870989	2384	1489	-1.45	-0.25	n
135880989	2384	1488	-1.45	-0.17	n
135890989	2383	1488	-1.37	-0.17	n
135900989	2384	1488	-1.45	-0.17	n
135910989	2383	1488	-1.37	-0.17	n
135920989	2384	1488	-1.45	-0.17	n
135930989	2384	1488	-1.45	-0.17	n
135940989	2383	1488	-1.37	-0.17	n
135950989	2384	1488	-1.45	-0.17	n
135960989	2384	1488	-1.45	-0.17	n
135970989	2383	1489	-1.37	-0.25	n
135980989	2384	1488	-1.45	-0.17	n
135990989	2384	1489	-1.45	-0.25	n
136000989	2384	1489	-1.45	-0.25	n
136010989	2384	1489	-1.45	-0.25	n
136020989	2384	1489	-1.45	-0.25	n
136030989	2384	1488	-1.45	-0.17	n
136040989	2384	1488	-1.45	-0.17	n
136050989	2384	1488	-1.45	-0.17	n
136060989	2384	1488	-1.45	-0.17	n
136070989	2384	1488	-1.45	-0.17	n
136080989	2384	1488	-1.45	-0.17	n
136090989	2384	1488	-1.45	-0.17	n
136100989	2384	1488	-1.45	-0.17	n
136110989	2384	1488	-1.45	-0.17	n
136120989	2382	1488	-1.28	-0.17	n
136130989	2383	1488	-1.37	-0.17	n
136140989	2384	1488	-1.45	-0.17	n
136150989	2384	1488	-1.45	-0.17	n
136160989	2383	1488	-1.37	-0.17	n
136170989	2384	1488	-1.45	-0.17	n
136180989	2384	1488	-1.45	-0.17	n
136190989	2384	1488	-1.45	-0.17	n
136200989	2384	1488	-1.45	-0.17	n
136210989	2383	1489	-1.37	-0.25	n
136220989	2384	1488	-1.45	-0.17	n
136230989	2383	1488	-1.37	-0.17	n
136240989	2383	1488	-1.37	-0.17	n
136250989	2383	1488	-1.37	-0.17	n
136260989	2384	1488	-1.45	-0.17	n
136270989	2384	1488	-1.45	-0.17	n
136280989	2384	1488	-1.45	-0.17	n
136290992	2384	1488	-1.45	-0.17	n
136300992	2384	1488	-1.45	-0.17	n
136310991	2384	1488	-1.45	-0.17	n
136320991	2384	1488	-1.45	-0.17	n
136330991	2384	1488	-1.45	-0.17	n
136340991	2384	1488	-1.45	-0.17	n
136350991	2384	1488	-1.45	-0.17	n
136360990	2384	1488	-1.45	-0.17	Location:lat:35.504273lon:139.465242;;Date:2024/12/8;;Time:05:45:10:00;;
136370990	2384	1488	-1.45	-0.17	n
136380990	2383	1488	-1.37	-0.17	n
136390990	2382	1488	-1.28	-0.17	n
136400990	2383	1488	-1.37	-0.17	n
136410990	2384	1488	-1.45	-0.17	n
136420990	2384	1488	-1.45	-0.17	n
136430990	2384	1488	-1.45	-0.17	n
136440989	2384	1488	-1.45	-0.17	n
136450989	2384	1488	-1.45	-0.17	n
136460989	2383	1488	-1.37	-0.17	n
136470988	2384	1489	-1.45	-0.25	Location:lat:35.504273lon:139.465242;;Time:05:45:10:00;;
136480987	2384	1488	-1.45	-0.17	n
136490988	2384	1488	-1.45	-0.17	n
136500987	2383	1488	-1.37	-0.17	n
136510987	2384	1488	-1.45	-0.17	n
136520987	2383	1488	-1.37	-0.17	n
136530987	2384	1488	-1.45	-0.17	n
136540987	2384	1488	-1.45	-0.17	n
136550987	2384	1488	-1.45	-0.17	n
136560986	2384	1488	-1.45	-0.17	n
136570986	2383	1488	-1.37	-0.17	n
136580986	2384	1488	-1.45	-0.17	n
136590986	2384	1488	-1.45	-0.17	n
136600986	2383	1488	-1.37	-0.17	n
136610986	2383	1488	-1.37	-0.17	n
136620985	2384	1488	-1.45	-0.17	n
136630985	2383	1488	-1.37	-0.17	n
136640984	2384	1488	-1.45	-0.17	n
136650983	2384	1488	-1.45	-0.17	n
136660982	2384	1488	-1.45	-0.17	n
136670981	2384	1488	-1.45	-0.17	n
136680981	2384	1488	-1.45	-0.17	n
136690980	2384	1488	-1.45	-0.17	n
136700980	2384	1488	-1.45	-0.17	n
136710980	2383	1488	-1.37	-0.17	n
136720981	2384	1488	-1.45	-0.17	n
136730982	2382	1488	-1.28	-0.17	n
136740981	2384	1488	-1.45	-0.17	n
136750981	2384	1488	-1.45	-0.17	n
136760980	2384	1488	-1.45	-0.17	n
136770980	2384	1488	-1.45	-0.17	n
136780979	2383	1488	-1.37	-0.17	n
136790979	2382	1488	-1.28	-0.17	n
136800979	2384	1488	-1.45	-0.17	n
136810979	2384	1488	-1.45	-0.17	n
136820979	2384	1488	-1.45	-0.17	n
136830979	2384	1488	-1.45	-0.17	n
136840979	2384	1488	-1.45	-0.17	Location:lat:35.504273lon:139.465242;;Date:2024/12/8;;Time:05:45:10:00;;
136850979	2383	1488	-1.37	-0.17	n
136860979	2384	1488	-1.45	-0.17	n
136870979	2384	1488	-1.45	-0.17	n
136880979	2384	1488	-1.45	-0.17	n
136890979	2384	1488	-1.45	-0.17	n
136900979	2384	1488	-1.45	-0.17	n
136910979	2384	1488	-1.45	-0.17	n
136920979	2384	1488	-1.45	-0.17	n
136930979	2383	1488	-1.37	-0.17	n
136940979	2383	1488	-1.37	-0.17	n
136950979	2383	1488	-1.37	-0.17	n
136960979	2383	1488	-1.37	-0.17	n
136970979	2384	1490	-1.45	-0.33	n
136980979	2384	1488	-1.45	-0.17	n
136990979	2384	1488	-1.45	-0.17	n
137000979	2384	1488	-1.45	-0.17	n
137010979	2384	1488	-1.45	-0.17	n
137020979	2383	1488	-1.37	-0.17	n
137030979	2383	1488	-1.37	-0.17	n
137040979	2384	1488	-1.45	-0.17	n
137050979	2384	1488	-1.45	-0.17	n
137060979	2384	1488	-1.45	-0.17	n
137070979	2384	1489	-1.45	-0.25	n
137080979	2383	1488	-1.37	-0.17	n
137090979	2384	1488	-1.45	-0.17	n
137100979	2384	1488	-1.45	-0.17	n
137110979	2384	1488	-1.45	-0.17	n
137120979	2383	1488	-1.37	-0.17	n
137130979	2384	1488	-1.45	-0.17	n
137140979	2381	1488	-1.20	-0.17	n
137150979	2384	1489	-1.45	-0.25	n
137160979	2384	1488	-1.45	-0.17	n
137170979	2384	1488	-1.45	-0.17	n
137180979	2384	1489	-1.45	-0.25	n
137190979	2383	1489	-1.37	-0.25	n
137200979	2384	1489	-1.45	-0.25	n
137210979	2383	1488	-1.37	-0.17	n
137220979	2383	1488	-1.37	-0.17	n
137230979	2383	1488	-1.37	-0.17	n
137240979	2383	1488	-1.37	-0.17	n
137250979	2383	1488	-1.37	-0.17	n
137260979	2384	1488	-1.45	-0.17	n
137270979	2383	1488	-1.37	-0.17	n
137280979	2383	1488	-1.37	-0.17	n
137290979	2383	1488	-1.37	-0.17	n
137300983	2383	1488	-1.37	-0.17	n
137310984	2382	1488	-1.28	-0.17	n
137320983	2383	1488	-1.37	-0.17	n
137330983	2384	1488	-1.45	-0.17	n
137340984	2383	1488	-1.37	-0.17	n
137350983	2384	1488	-1.45	-0.17	n
137360983	2384	1488	-1.45	-0.17	Location:lat:35.504275lon:139.465244;;Date:2024/12/8;;Time:05:45:11:00;;
137370982	2381	1488	-1.20	-0.17	n
137380982	2384	1487	-1.45	-0.09	n
137390982	2384	1488	-1.45	-0.17	n
137400982	2384	1488	-1.45	-0.17	n
137410982	2383	1488	-1.37	-0.17	n
137420981	2384	1488	-1.45	-0.17	n
137430980	2383	1488	-1.37	-0.17	n
137440980	2383	1488	-1.37	-0.17	n
137450980	2382	1488	-1.28	-0.17	n
137460979	2382	1488	-1.28	-0.17	n
137470979	2384	1488	-1.45	-0.17	Location:lat:35.504275lon:139.465244;;Time:05:45:11:00;;
137480979	2382	1488	-1.28	-0.17	n
137490979	2383	1488	-1.37	-0.17	n
137500979	2383	1488	-1.37	-0.17	n
137510979	2384	1488	-1.45	-0.17	n
137520979	2384	1489	-1.45	-0.25	n
137530979	2383	1488	-1.37	-0.17	n
137540979	2384	1488	-1.45	-0.17	n
137550979	2384	1488	-1.45	-0.17	n
137560979	2384	1489	-1.45	-0.25	n
137570978	2384	1488	-1.45	-0.17	n
137580979	2383	1488	-1.37	-0.17	n
137590978	2384	1488	-1.45	-0.17	n
137600978	2384	1488	-1.45	-0.17	n
137610978	2382	1488	-1.28	-0.17	n
137620978	2384	1488	-1.45	-0.17	n
137630977	2383	1488	-1.37	-0.17	n
137640977	2384	1488	-1.45	-0.17	n
137650977	2383	1488	-1.37	-0.17	n
137660976	2384	1488	-1.45	-0.17	n
137670976	2383	1488	-1.37	-0.17	n
137680976	2384	1489	-1.45	-0.25	n
137690975	2384	1489	-1.45	-0.25	n
137700975	2383	1488	-1.37	-0.17	n
137710974	2384	1488	-1.45	-0.17	n
137720974	2382	1489	-1.28	-0.25	n
137730974	2383	1488	-1.37	-0.17	n
137740975	2383	1488	-1.37	-0.17	n
137750975	2384	1488	-1.45	-0.17	n
137760975	2384	1488	-1.45	-0.17	n
137770974	2382	1488	-1.28	-0.17	n
137780973	2383	1487	-1.37	-0.09	n
137790973	2384	1489	-1.45	-0.25	n
137800973	2384	1488	-1.45	-0.17	n
137810973	2383	1488	-1.37	-0.17	n
137820973	2384	1488	-1.45	-0.17	n
137830973	2384	1488	-1.45	-0.17	n
137840974	2384	1488	-1.45	-0.17	Location:lat:35.504275lon:139.465244;;Date:2024/12/8;;Time:05:45:11:00;;
137850974	2384	1488	-1.45	-0.17	n
137860974	2383	1487	-1.37	-0.09	n
137870974	2384	1488	-1.45	-0.17	n
137880974	2384	1488	-1.45	-0.17	n
137890974	2384	1488	-1.45	-0.17	n
137900974	2383	1488	-1.37	-0.17	n
137910974	2382	1488	-1.28	-0.17	n
137920974	2383	1488	-1.37	-0.17	n
137930974	2384	1488	-1.45	-0.17	n
137940974	2384	1488	-1.45	-0.17	n
137950974	2383	1488	-1.37	-0.17	n
137960974	2384	1488	-1.45	-0.17	n
137970974	2382	1489	-1.28	-0.25	n
137980974	2384	1488	-1.45	-0.17	n
137990974	2384	1488	-1.45	-0.17	n
138000974	2383	1489	-1.37	-0.25	n
138010974	2384	1488	-1.45	-0.17	n
138020974	2384	1488	-1.45	-0.17	n
138030974	2384	1488	-1.45	-0.17	n
138040974	2384	1488	-1.45	-0.17	n
138050974	2382	1488	-1.28	-0.17	n
138060974	2382	1488	-1.28	-0.17	n
138070974	2383	1488	-1.37	-0.17	n
138080974	2383	1488	-1.37	-0.17	n
138090974	2384	1488	-1.45	-0.17	n
138100974	2384	1488	-1.45	-0.17	n
138110974	2383	1488	-1.37	-0.17	n
138120974	2383	1488	-1.37	-0.17	n
138130974	2383	1488	-1.37	-0.17	n
138140974	2383	1488	-1.37	-0.17	n
138150974	2383	1488	-1.37	-0.17	n
138160974	2382	1487	-1.28	-0.09	n
138170973	2382	1488	-1.28	-0.17	n
138180973	2384	1488	-1.45	-0.17	n
138190973	2381	1488	-1.20	-0.17	n
138200973	2382	1488	-1.28	-0.17	n
138210973	2383	1488	-1.37	-0.17	n
138220973	2383	1488	-1.37	-0.17	n
138230973	2384	1488	-1.45	-0.17	n
138240973	2384	1488	-1.45	-0.17	n
138250973	2384	1488	-1.45	-0.17	n
138260973	2384	1488	-1.45	-0.17	n
138270973	2384	1488	-1.45	-0.17	n
138280973	2384	1488	-1.45	-0.17	n
138290973	2383	1488	-1.37	-0.17	n
138300973	2384	1489	-1.45	-0.25	n
138310973	2383	1489	-1.37	-0.25	n
138320973	2384	1488	-1.45	-0.17	n
138330972	2384	1488	-1.45	-0.17	n
138340972	2382	1488	-1.28	-0.17	n
138350972	2384	1488	-1.45	-0.17	n
138360973	2384	1488	-1.45	-0.17	Location:lat:35.504277lon:139.465247;;Date:2024/12/8;;Time:05:45:12:00;;
138370973	2384	1488	-1.45	-0.17	n
138380973	2384	1488	-1.45	-0.17	n
138390973	2383	1488	-1.37	-0.17	n
138400972	2383	1488	-1.37	-0.17	n
138410973	2384	1489	-1.45	-0.25	n
138420972	2384	1488	-1.45	-0.17	n
138430973	2382	1488	-1.28	-0.17	n
138440973	2384	1488	-1.45	-0.17	n
138450973	2384	1489	-1.45	-0.25	n
138460973	2384	1488	-1.45	-0.17	n
138470973	2384	1488	-1.45	-0.17	Location:lat:35.504277lon:139.465247;;Time:05:45:12:00;;
138480973	2384	1488	-1.45	-0.17	n
138490973	2383	1488	-1.37	-0.17	n
138500973	2384	1488	-1.45	-0.17	n
138510973	2384	1488	-1.45	-0.17	n
138520973	2383	1488	-1.37	-0.17	n
138530973	2384	1488	-1.45	-0.17	n
138540973	2383	1488	-1.37	-0.17	n
138550973	2384	1488	-1.45	-0.17	n
138560973	2383	1488	-1.37	-0.17	n
138570973	2384	1488	-1.45	-0.17	n
138580972	2384	1488	-1.45	-0.17	n
138590972	2383	1488	-1.37	-0.17	n
138600972	2384	1488	-1.45	-0.17	n
138610972	2383	1488	-1.37	-0.17	n
138620973	2383	1488	-1.37	-0.17	n
138630972	2383	1488	-1.37	-0.17	n
138640972	2382	1488	-1.28	-0.17	n
138650971	2383	1488	-1.37	-0.17	n
138660971	2384	1488	-1.45	-0.17	n
138670971	2382	1488	-1.28	-0.17	n
138680970	2384	1488	-1.45	-0.17	n
138690969	2383	1488	-1.37	-0.17	n
138700968	2384	1488	-1.45	-0.17	n
138710968	2384	1489	-1.45	-0.25	n
138720968	2383	1488	-1.37	-0.17	n
138730968	2383	1488	-1.37	-0.17	n
138740968	2383	1488	-1.37	-0.17	n
138750969	2383	1488	-1.37	-0.17	n
138760968	2383	1488	-1.37	-0.17	n
138770968	2383	1488	-1.37	-0.17	n
138780968	2383	1489	-1.37	-0.25	n
138790968	2384	1488	-1.45	-0.17	n
138800968	2383	1488	-1.37	-0.17	n
138810968	2383	1488	-1.37	-0.17	n
138820968	2384	1488	-1.45	-0.17	n
138830968	2382	1488	-1.28	-0.17	n
138840967	2383	1488	-1.37	-0.17	Location:lat:35.504277lon:139.465247;;Date:2024/12/8;;Time:05:45:12:00;;
138850967	2384	1488	-1.45	-0.17	n
138860967	2384	1488	-1.45	-0.17	n
138870967	2383	1488	-1.37	-0.17	n
138880967	2383	1488	-1.37	-0.17	n
138890967	2383	1488	-1.37	-0.17	n
138900967	2383	1488	-1.37	-0.17	n
138910967	2384	1488	-1.45	-0.17	n
138920967	2384	1488	-1.45	-0.17	n
138930967	2384	1488	-1.45	-0.17	n
138940967	2382	1488	-1.28	-0.17	n
138950967	2384	1488	-1.45	-0.17	n
138960967	2383	1488	-1.37	-0.17	n
138970967	2384	1488	-1.45	-0.17	n
138980967	2383	1488	-1.37	-0.17	n
138990967	2384	1488	-1.45	-0.17	n
139000967	2384	1488	-1.45	-0.17	n
139010967	2383	1488	-1.37	-0.17	n
139020967	2384	1489	-1.45	-0.25	n
139030967	2384	1488	-1.45	-0.17	n
139040967	2383	1488	-1.37	-0.17	n
139050967	2382	1488	-1.28	-0.17	n
139060967	2384	1488	-1.45	-0.17	n
139070967	2384	1488	-1.45	-0.17	n
139080967	2384	1488	-1.45	-0.17	n
139090967	2384	1488	-1.45	-0.17	n
139100967	2384	1489	-1.45	-0.25	n
139110967	2384	1488	-1.45	-0.17	n
139120967	2383	1488	-1.37	-0.17	n
139130967	2384	1488	-1.45	-0.17	n
139140967	2384	1488	-1.45	-0.17	n
139150967	2384	1488	-1.45	-0.17	n
139160967	2383	1488	-1.37	-0.17	n
139170967	2383	1488	-1.37	-0.17	n
139180967	2383	1488	-1.37	-0.17	n
139190967	2383	1488	-1.37	-0.17	n
139200967	2383	1488	-1.37	-0.17	n
139210967	2384	1489	-1.45	-0.25	n
139220967	2384	1489	-1.45	-0.25	n
139230967	2384	1488	-1.45	-0.17	n
139240967	2384	1489	-1.45	-0.25	n
139250967	2384	1488	-1.45	-0.17	n
139260967	2384	1488	-1.45	-0.17	n
139270967	2384	1488	-1.45	-0.17	n
139280967	2384	1488	-1.45	-0.17	n
139290968	2384	1488	-1.45	-0.17	n
139300968	2384	1488	-1.45	-0.17	n
139310968	2383	1489	-1.37	-0.25	n
139320968	2383	1488	-1.37	-0.17	n
139330968	2383	1488	-1.37	-0.17	n
139340968	2384	1488	-1.45	-0.17	n
139350968	2384	1488	-1.45	-0.17	n
139360968	2383	1488	-1.37	-0.17	Location:lat:35.504278lon:139.465248;;Date:2024/12/8;;Time:05:45:13:00;;
139370968	2384	1488	-1.45	-0.17	n
139380976	2383	1488	-1.37	-0.17	n
139390976	2384	1488	-1.45	-0.17	n
139400976	2384	1488	-1.45	-0.17	n
139410976	2384	1489	-1.45	-0.25	n
139420977	2384	1488	-1.45	-0.17	n
139430977	2384	1488	-1.45	-0.17	n
139440977	2383	1488	-1.37	-0.17	n
139450977	2384	1488	-1.45	-0.17	n
139460977	2384	1489	-1.45	-0.25	n
139470976	2384	1488	-1.45	-0.17	Location:lat:35.504278lon:139.465248;;Time:05:45:13:00;;
139480976	2384	1489	-1.45	-0.25	n
139490976	2383	1488	-1.37	-0.17	n
139500975	2384	1488	-1.45	-0.17	n
139510974	2384	1488	-1.45	-0.17	n
139520974	2384	1488	-1.45	-0.17	n
139530974	2383	1488	-1.37	-0.17	n
139540973	2383	1488	-1.37	-0.17	n
139550973	2383	1488	-1.37	-0.17	n
139560973	2384	1488	-1.45	-0.17	n
139570973	2384	1488	-1.45	-0.17	n
139580973	2384	1488	-1.45	-0.17	n
139590973	2384	1488	-1.45	-0.17	n
139600973	2384	1489	-1.45	-0.25	n
139610973	2384	1488	-1.45	-0.17	n
139620973	2384	1489	-1.45	-0.25	n
139630973	2384	1488	-1.45	-0.17	n
139640973	2384	1488	-1.45	-0.17	n
139650974	2383	1488	-1.37	-0.17	n
139660974	2384	1488	-1.45	-0.17	n
139670974	2383	1488	-1.37	-0.17	n
139680974	2384	1488	-1.45	-0.17	n
139690974	2381	1488	-1.20	-0.17	n
139700974	2384	1488	-1.45	-0.17	n
139710974	2382	1488	-1.28	-0.17	n
139720974	2382	1488	-1.28	-0.17	n
139730973	2384	1488	-1.45	-0.17	n
139740973	2384	1488	-1.45	-0.17	n
139750973	2384	1488	-1.45	-0.17	n
139760972	2384	1488	-1.45	-0.17	n
139770972	2384	1488	-1.45	-0.17	n
139780972	2383	1488	-1.37	-0.17	n
139790972	2384	1488	-1.45	-0.17	n
139800972	2384	1488	-1.45	-0.17	n
139810972	2383	1488	-1.37	-0.17	n
139820972	2383	1488	-1.37	-0.17	n
139830972	2384	1489	-1.45	-0.25	n
139840973	2384	1489	-1.45	-0.25	Location:lat:35.504278lon:139.465248;;Date:2024/12/8;;Time:05:45:13:00;;
139850972	2383	1488	-1.37	-0.17	n
139860971	2382	1488	-1.28	-0.17	n
139870971	2384	1488	-1.45	-0.17	n
139880971	2383	1488	-1.37	-0.17	n
139890971	2384	1488	-1.45	-0.17	n
139900971	2384	1488	-1.45	-0.17	n
139910971	2384	1488	-1.45	-0.17	n
139920971	2383	1488	-1.37	-0.17	n
139930971	2384	1488	-1.45	-0.17	n
139940971	2383	1488	-1.37	-0.17	n
139950971	2384	1488	-1.45	-0.17	n
139960971	2384	1488	-1.45	-0.17	n
139970971	2384	1488	-1.45	-0.17	n
139980971	2383	1488	-1.37	-0.17	n
139990971	2384	1488	-1.45	-0.17	n
140000971	2383	1488	-1.37	-0.17	n
140010971	2383	1489	-1.37	-0.25	n
140020971	2384	1488	-1.45	-0.17	n
140030971	2383	1488	-1.37	-0.17	n
140040971	2384	1488	-1.45	-0.17	n
140050971	2384	1488	-1.45	-0.17	n
140060971	2384	1488	-1.45	-0.17	n
140070971	2384	1488	-1.45	-0.17	n
140080971	2384	1488	-1.45	-0.17	n
140090971	2383	1488	-1.37	-0.17	n
140100971	2384	1489	-1.45	-0.25	n
140110971	2384	1488	-1.45	-0.17	n
140120971	2384	1488	-1.45	-0.17	n
140130971	2383	1488	-1.37	-0.17	n
140140971	2384	1488	-1.45	-0.17	n
140150971	2384	1488	-1.45	-0.17	n
140160971	2384	1488	-1.45	-0.17	n
140170971	2384	1489	-1.45	-0.25	n
140180971	2383	1488	-1.37	-0.17	n
140190971	2384	1489	-1.45	-0.25	n
140200971	2384	1488	-1.45	-0.17	n
140210971	2383	1488	-1.37	-0.17	n
140220971	2382	1488	-1.28	-0.17	n
140230971	2383	1488	-1.37	-0.17	n
140240971	2384	1488	-1.45	-0.17	n
140250971	2384	1488	-1.45	-0.17	n
140260971	2383	1488	-1.37	-0.17	n
140270971	2384	1488	-1.45	-0.17	n
140280971	2384	1488	-1.45	-0.17	n
140290971	2384	1488	-1.45	-0.17	n
140300971	2383	1488	-1.37	-0.17	n
140310970	2384	1488	-1.45	-0.17	n
140320970	2383	1488	-1.37	-0.17	n
140330970	2384	1488	-1.45	-0.17	n
140340969	2383	1489	-1.37	-0.25	n
140350969	2384	1488	-1.45	-0.17	n
140360969	2384	1488	-1.45	-0.17	Location:lat:35.504281lon:139.465247;;Date:2024/12/8;;Time:05:45:14:00;;
140370969	2384	1488	-1.45	-0.17	n
140380969	2384	1489	-1.45	-0.25	n
140390968	2383	1488	-1.37	-0.17	n
140400968	2383	1488	-1.37	-0.17	n
140410968	2384	1488	-1.45	-0.17	n
140420968	2384	1488	-1.45	-0.17	n
140430967	2384	1489	-1.45	-0.25	n
140440966	2384	1488	-1.45	-0.17	n
140450966	2384	1488	-1.45	-0.17	n
140460965	2383	1488	-1.37	-0.17	n
140470964	2383	1488	-1.37	-0.17	Location:lat:35.504281lon:139.465247;;Time:05:45:14:00;;
140480963	2384	1489	-1.45	-0.25	n
140490963	2384	1489	-1.45	-0.25	n
140500963	2383	1488	-1.37	-0.17	n
140510963	2384	1488	-1.45	-0.17	n
140520963	2384	1488	-1.45	-0.17	n
140530972	2384	1488	-1.45	-0.17	n
140540971	2383	1488	-1.37	-0.17	n
140550971	2384	1488	-1.45	-0.17	n
140560971	2383	1488	-1.37	-0.17	n
140570971	2384	1488	-1.45	-0.17	n
140580972	2384	1489	-1.45	-0.25	n
140590972	2384	1488	-1.45	-0.17	n
140600972	2384	1488	-1.45	-0.17	n
140610972	2384	1488	-1.45	-0.17	n
140620973	2384	1488	-1.45	-0.17	n
140630973	2383	1488	-1.37	-0.17	n
140640973	2384	1488	-1.45	-0.17	n
140650973	2384	1488	-1.45	-0.17	n
140660973	2384	1489	-1.45	-0.25	n
140670973	2384	1488	-1.45	-0.17	n
140680973	2383	1488	-1.37	-0.17	n
140690972	2383	1488	-1.37	-0.17	n
140700971	2384	1488	-1.45	-0.17	n
140710971	2384	1488	-1.45	-0.17	n
140720971	2384	1488	-1.45	-0.17	n
140730971	2383	1488	-1.37	-0.17	n
140740970	2384	1488	-1.45	-0.17	n
140750970	2382	1488	-1.28	-0.17	n
140760970	2384	1488	-1.45	-0.17	n
140770969	2384	1488	-1.45	-0.17	n
140780969	2384	1488	-1.45	-0.17	n
140790969	2384	1488	-1.45	-0.17	n
140800969	2384	1488	-1.45	-0.17	n
140810968	2384	1488	-1.45	-0.17	n
140820968	2383	1488	-1.37	-0.17	n
140830967	2384	1488	-1.45	-0.17	n
140840966	2384	1488	-1.45	-0.17	Location:lat:35.504281lon:139.465247;;Date:2024/12/8;;Time:05:45:14:00;;
140850966	2383	1488	-1.37	-0.17	n
140860966	2383	1488	-1.37	-0.17	n
140870966	2384	1488	-1.45	-0.17	n
140880966	2384	1488	-1.45	-0.17	n
140890966	2383	1488	-1.37	-0.17	n
140900966	2383	1488	-1.37	-0.17	n
140910966	2383	1488	-1.37	-0.17	n
140920966	2384	1489	-1.45	-0.25	n
140930966	2384	1489	-1.45	-0.25	n
140940966	2384	1488	-1.45	-0.17	n
140950966	2384	1488	-1.45	-0.17	n
140960966	2384	1488	-1.45	-0.17	n
140970966	2384	1488	-1.45	-0.17	n
140980966	2384	1488	-1.45	-0.17	n
140990966	2384	1488	-1.45	-0.17	n
141000966	2384	1488	-1.45	-0.17	n
141010966	2384	1488	-1.45	-0.17	n
141020966	2384	1488	-1.45	-0.17	n
141030966	2384	1490	-1.45	-0.33	n
141040966	2384	1488	-1.45	-0.17	n
141050966	2384	1489	-1.45	-0.25	n
141060966	2383	1488	-1.37	-0.17	n
141070966	2383	1488	-1.37	-0.17	n
141080966	2383	1488	-1.37	-0.17	n
141090966	2384	1489	-1.45	-0.25	n
141100966	2383	1488	-1.37	-0.17	n
141110966	2384	1489	-1.45	-0.25	n
141120966	2384	1488	-1.45	-0.17	n
141130966	2384	1489	-1.45	-0.25	n
141140966	2384	1488	-1.45	-0.17	n
141150966	2384	1488	-1.45	-0.17	n
141160966	2384	1489	-1.45	-0.25	n
141170966	2384	1488	-1.45	-0.17	n
141180966	2383	1488	-1.37	-0.17	n
141190966	2384	1488	-1.45	-0.17	n
141200966	2384	1488	-1.45	-0.17	n
141210966	2384	1488	-1.45	-0.17	n
141220966	2383	1488	-1.37	-0.17	n
141230966	2384	1488	-1.45	-0.17	n
141240966	2384	1488	-1.45	-0.17	n
141250966	2383	1488	-1.37	-0.17	n
141260966	2384	1488	-1.45	-0.17	n
141270966	2384	1488	-1.45	-0.17	n
141280966	2384	1488	-1.45	-0.17	n
141290967	2383	1488	-1.37	-0.17	n
141300967	2383	1489	-1.37	-0.25	n
141310967	2383	1488	-1.37	-0.17	n
141320967	2384	1488	-1.45	-0.17	n
141330966	2384	1488	-1.45	-0.17	n
141340966	2384	1488	-1.45	-0.17	n
141350966	2383	1488	-1.37	-0.17	n
141360965	2384	1488	-1.45	-0.17	Location:lat:35.504280lon:139.465249;;Date:2024/12/8;;Time:05:45:15:00;;
141370965	2382	1488	-1.28	-0.17	n
141380965	2383	1488	-1.37	-0.17	n
141390965	2383	1488	-1.37	-0.17	n
141400965	2384	1488	-1.45	-0.17	n
141410965	2384	1488	-1.45	-0.17	n
141420965	2383	1488	-1.37	-0.17	n
141430965	2384	1488	-1.45	-0.17	n
141440966	2382	1488	-1.28	-0.17	n
141450966	2384	1488	-1.45	-0.17	n
141460966	2384	1488	-1.45	-0.17	n
141470975	2383	1488	-1.37	-0.17	Location:lat:35.504280lon:139.465249;;Time:05:45:15:00;;
141480975	2384	1488	-1.45	-0.17	n
141490975	2383	1488	-1.37	-0.17	n
141500975	2384	1488	-1.45	-0.17	n
141510975	2384	1488	-1.45	-0.17	n
141520975	2384	1488	-1.45	-0.17	n
141530974	2384	1488	-1.45	-0.17	n
141540974	2383	1488	-1.37	-0.17	n
141550974	2384	1488	-1.45	-0.17	n
141560974	2384	1488	-1.45	-0.17	n
141570974	2383	1488	-1.37	-0.17	n
141580974	2384	1488	-1.45	-0.17	n
141590974	2382	1488	-1.28	-0.17	n
141600974	2384	1488	-1.45	-0.17	n
141610974	2383	1488	-1.37	-0.17	n
141620973	2383	1488	-1.37	-0.17	n
141630973	2383	1488	-1.37	-0.17	n
141640972	2383	1488	-1.37	-0.17	n
141650971	2384	1488	-1.45	-0.17	n
141660971	2383	1489	-1.37	-0.25	n
141670972	2384	1488	-1.45	-0.17	n
141680972	2383	1488	-1.37	-0.17	n
141690973	2382	1488	-1.28	-0.17	n
141700973	2383	1488	-1.37	-0.17	n
141710973	2383	1488	-1.37	-0.17	n
141720974	2383	1488	-1.37	-0.17	n
141730973	2382	1487	-1.28	-0.09	n
141740973	2382	1488	-1.28	-0.17	n
141750973	2382	1488	-1.28	-0.17	n
141760973	2383	1488	-1.37	-0.17	n
141770973	2383	1488	-1.37	-0.17	n
141780972	2383	1488	-1.37	-0.17	n
141790973	2384	1488	-1.45	-0.17	n
141800973	2384	1488	-1.45	-0.17	n
141810973	2382	1487	-1.28	-0.09	n
141820973	2383	1488	-1.37	-0.17	n
141830973	2382	1488	-1.28	-0.17	n
141840973	2384	1488	-1.45	-0.17	Location:lat:35.504280lon:139.465249;;Date:2024/12/8;;Time:05:45:15:00;;
141850973	2383	1488	-1.37	-0.17	n
141860973	2384	1488	-1.45	-0.17	n
141870973	2384	1488	-1.45	-0.17	n
141880973	2383	1488	-1.37	-0.17	n
141890973	2383	1488	-1.37	-0.17	n
141900973	2384	1488	-1.45	-0.17	n
141910973	2383	1488	-1.37	-0.17	n
141920973	2384	1488	-1.45	-0.17	n
141930973	2383	1488	-1.37	-0.17	n
141940973	2383	1488	-1.37	-0.17	n
141950973	2384	1488	-1.45	-0.17	n
141960973	2384	1488	-1.45	-0.17	n
141970973	2383	1488	-1.37	-0.17	n
141980973	2382	1488	-1.28	-0.17	n
141990973	2383	1488	-1.37	-0.17	n
142000973	2383	1488	-1.37	-0.17	n
142010973	2383	1488	-1.37	-0.17	n
142020973	2383	1488	-1.37	-0.17	n
142030973	2383	1488	-1.37	-0.17	n
142040973	2382	1488	-1.28	-0.17	n
142050973	2384	1488	-1.45	-0.17	n
142060973	2383	1488	-1.37	-0.17	n
142070973	2381	1488	-1.20	-0.17	n
142080973	2383	1488	-1.37	-0.17	n
142090973	2384	1488	-1.45	-0.17	n
142100973	2382	1488	-1.28	-0.17	n
142110973	2383	1488	-1.37	-0.17	n
142120973	2384	1488	-1.45	-0.17	n
142130973	2383	1488	-1.37	-0.17	n
142140973	2384	1489	-1.45	-0.25	n
142150973	2383	1488	-1.37	-0.17	n
142160973	2384	1488	-1.45	-0.17	n
142170973	2384	1488	-1.45	-0.17	n
142180973	2384	1488	-1.45	-0.17	n
142190973	2384	1488	-1.45	-0.17	n
142200973	2384	1488	-1.45	-0.17	n
142210973	2382	1488	-1.28	-0.17	n
142220973	2383	1488	-1.37	-0.17	n
142230973	2383	1488	-1.37	-0.17	n
142240973	2384	1489	-1.45	-0.25	n
142250973	2382	1488	-1.28	-0.17	n
142260973	2383	1488	-1.37	-0.17	n
142270973	2383	1488	-1.37	-0.17	n
142280973	2384	1488	-1.45	-0.17	n
142290973	2383	1488	-1.37	-0.17	n
142300973	2383	1488	-1.37	-0.17	n
142310973	2383	1488	-1.37	-0.17	n
142320974	2384	1488	-1.45	-0.17	n
142330974	2384	1488	-1.45	-0.17	n
142340974	2384	1488	-1.45	-0.17	n
142350974	2382	1488	-1.28	-0.17	n
142360974	2383	1488	-1.37	-0.17	Location:lat:35.504280lon:139.465249;;Date:2024/12/8;;Time:05:45:16:00;;
142370974	2383	1488	-1.37	-0.17	n
142380974	2384	1488	-1.45	-0.17	n
142390975	2384	1488	-1.45	-0.17	n
142400975	2384	1489	-1.45	-0.25	n
142410976	2383	1488	-1.37	-0.17	n
142420977	2384	1488	-1.45	-0.17	n
142430976	2383	1488	-1.37	-0.17	n
142440976	2383	1488	-1.37	-0.17	n
142450976	2384	1488	-1.45	-0.17	n
142460976	2384	1489	-1.45	-0.25	n
142470976	2383	1488	-1.37	-0.17	n
142480976	2383	1488	-1.37	-0.17	Location:lat:35.504280lon:139.465249;;Time:05:45:16:00;;
142490975	2382	1489	-1.28	-0.25	n
142500974	2383	1488	-1.37	-0.17	n
142510973	2384	1488	-1.45	-0.17	n
142520973	2384	1489	-1.45	-0.25	n
142530972	2384	1489	-1.45	-0.25	n
142540973	2383	1488	-1.37	-0.17	n
142550981	2383	1488	-1.37	-0.17	n
142560981	2384	1488	-1.45	-0.17	n
142570981	2384	1488	-1.45	-0.17	n
142580981	2384	1488	-1.45	-0.17	n
142590981	2383	1489	-1.37	-0.25	n
142600981	2383	1488	-1.37	-0.17	n
142610982	2383	1488	-1.37	-0.17	n
142620981	2383	1488	-1.37	-0.17	n
142630982	2384	1488	-1.45	-0.17	n
142640982	2384	1488	-1.45	-0.17	n
142650982	2384	1489	-1.45	-0.25	n
142660982	2383	1488	-1.37	-0.17	n
142670982	2384	1488	-1.45	-0.17	n
142680982	2383	1488	-1.37	-0.17	n
142690982	2384	1488	-1.45	-0.17	n
142700982	2384	1488	-1.45	-0.17	n
142710982	2383	1488	-1.37	-0.17	n
142720981	2384	1488	-1.45	-0.17	n
142730981	2384	1488	-1.45	-0.17	n
142740981	2384	1488	-1.45	-0.17	n
142750981	2382	1488	-1.28	-0.17	n
142760981	2384	1488	-1.45	-0.17	n
142770981	2382	1488	-1.28	-0.17	n
142780981	2383	1488	-1.37	-0.17	n
142790982	2384	1488	-1.45	-0.17	n
142800981	2384	1488	-1.45	-0.17	n
142810981	2384	1489	-1.45	-0.25	n
142820981	2384	1488	-1.45	-0.17	n
142830980	2384	1488	-1.45	-0.17	n
142840979	2383	1488	-1.37	-0.17	Location:lat:35.504280lon:139.465249;;Date:2024/12/8;;Time:05:45:16:00;;
142850979	2384	1489	-1.45	-0.25	n
142860979	2384	1489	-1.45	-0.25	n
142870979	2384	1488	-1.45	-0.17	n
142880979	2383	1488	-1.37	-0.17	n
142890979	2383	1488	-1.37	-0.17	n
142900979	2384	1488	-1.45	-0.17	n
142910979	2384	1488	-1.45	-0.17	n
142920979	2383	1488	-1.37	-0.17	n
142930979	2383	1488	-1.37	-0.17	n
142940979	2384	1488	-1.45	-0.17	n
142950979	2383	1488	-1.37	-0.17	n
142960979	2384	1488	-1.45	-0.17	n
142970979	2384	1488	-1.45	-0.17	n
142980979	2384	1488	-1.45	-0.17	n
142990979	2384	1488	-1.45	-0.17	n
143000979	2383	1488	-1.37	-0.17	n
143010979	2384	1488	-1.45	-0.17	n
143020979	2383	1488	-1.37	-0.17	n
143030979	2384	1488	-1.45	-0.17	n
143040979	2384	1488	-1.45	-0.17	n
143050979	2384	1488	-1.45	-0.17	n
143060979	2383	1488	-1.37	-0.17	n
143070979	2384	1488	-1.45	-0.17	n
143080979	2384	1489	-1.45	-0.25	n
143090979	2383	1488	-1.37	-0.17	n
143100979	2384	1489	-1.45	-0.25	n
143110979	2383	1488	-1.37	-0.17	n
143120979	2383	1488	-1.37	-0.17	n
143130979	2383	1488	-1.37	-0.17	n
143140979	2384	1488	-1.45	-0.17	n
143150979	2383	1488	-1.37	-0.17	n
143160979	2384	1488	-1.45	-0.17	n
143170979	2384	1488	-1.45	-0.17	n
143180979	2384	1488	-1.45	-0.17	n
143190979	2384	1488	-1.45	-0.17	n
143200979	2384	1488	-1.45	-0.17	n
143210979	2384	1488	-1.45	-0.17	n
143220979	2384	1489	-1.45	-0.25	n
143230979	2383	1488	-1.37	-0.17	n
143240979	2384	1488	-1.45	-0.17	n
143250979	2383	1489	-1.37	-0.25	n
143260979	2381	1488	-1.20	-0.17	n
143270979	2384	1488	-1.45	-0.17	n
143280979	2384	1488	-1.45	-0.17	n
143290979	2384	1488	-1.45	-0.17	n
143300979	2384	1488	-1.45	-0.17	n
143310978	2384	1488	-1.45	-0.17	n
143320977	2384	1488	-1.45	-0.17	n
143330985	2384	1488	-1.45	-0.17	n
143340985	2384	1489	-1.45	-0.25	n
143350986	2384	1488	-1.45	-0.17	n
143360985	2384	1488	-1.45	-0.17	Location:lat:35.504279lon:139.465251;;Date:2024/12/8;;Time:05:45:17:00;;
143370985	2384	1488	-1.45	-0.17	n
143380985	2383	1488	-1.37	-0.17	n
143390985	2384	1488	-1.45	-0.17	n
143400985	2384	1489	-1.45	-0.25	n
143410985	2384	1488	-1.45	-0.17	n
143420985	2384	1488	-1.45	-0.17	n
143430985	2384	1489	-1.45	-0.25	n
143440984	2384	1488	-1.45	-0.17	n
143450984	2383	1489	-1.37	-0.25	n
143460983	2384	1488	-1.45	-0.17	n
143470982	2384	1488	-1.45	-0.17	Location:lat:35.504279lon:139.465251;;Time:05:45:17:00;;
143480982	2384	1488	-1.45	-0.17	n
143490982	2383	1488	-1.37	-0.17	n
143500982	2384	1488	-1.45	-0.17	n
143510982	2384	1488	-1.45	-0.17	n
143520982	2384	1488	-1.45	-0.17	n
143530981	2384	1488	-1.45	-0.17	n
143540981	2384	1488	-1.45	-0.17	n
143550981	2384	1488	-1.45	-0.17	n
143560981	2384	1488	-1.45	-0.17	n
143570981	2384	1488	-1.45	-0.17	n
143580980	2383	1488	-1.37	-0.17	n
143590980	2384	1488	-1.45	-0.17	n
143600980	2384	1488	-1.45	-0.17	n
143610980	2384	1489	-1.45	-0.25	n
143620980	2384	1488	-1.45	-0.17	n
143630980	2383	1488	-1.37	-0.17	n
143640980	2384	1488	-1.45	-0.17	n
143650980	2384	1488	-1.45	-0.17	n
143660988	2384	1488	-1.45	-0.17	n
143670988	2383	1489	-1.37	-0.25	n
143680988	2383	1488	-1.37	-0.17	n
143690988	2384	1490	-1.45	-0.33	n
143700987	2383	1488	-1.37	-0.17	n
143710987	2384	1488	-1.45	-0.17	n
143720987	2384	1488	-1.45	-0.17	n
143730986	2383	1488	-1.37	-0.17	n
143740986	2384	1488	-1.45	-0.17	n
143750986	2383	1488	-1.37	-0.17	n
143760986	2384	1488	-1.45	-0.17	n
143770986	2384	1488	-1.45	-0.17	n
143780986	2384	1488	-1.45	-0.17	n
143790986	2384	1488	-1.45	-0.17	n
143800986	2383	1488	-1.37	-0.17	n
143810986	2384	1488	-1.45	-0.17	n
143820986	2384	1489	-1.45	-0.25	n
143830985	2384	1489	-1.45	-0.25	n
143840984	2384	1488	-1.45	-0.17	Location:lat:35.504279lon:139.465251;;Date:2024/12/8;;Time:05:45:17:00;;
143850984	2382	1488	-1.28	-0.17	n
143860984	2384	1488	-1.45	-0.17	n
143870984	2384	1488	-1.45	-0.17	n
143880984	2384	1489	-1.45	-0.25	n
143890984	2384	1490	-1.45	-0.33	n
143900984	2384	1488	-1.45	-0.17	n
143910984	2383	1488	-1.37	-0.17	n
143920984	2384	1488	-1.45	-0.17	n
143930984	2384	1488	-1.45	-0.17	n
143940984	2383	1488	-1.37	-0.17	n
143950984	2384	1488	-1.45	-0.17	n
143960984	2384	1488	-1.45	-0.17	n
143970984	2383	1488	-1.37	-0.17	n
143980984	2383	1488	-1.37	-0.17	n
143990984	2384	1488	-1.45	-0.17	n
144000984	2384	1489	-1.45	-0.25	n
144010984	2384	1488	-1.45	-0.17	n
144020984	2384	1488	-1.45	-0.17	n
144030984	2383	1488	-1.37	-0.17	n
144040984	2384	1488	-1.45	-0.17	n
144050984	2384	1488	-1.45	-0.17	n
144060984	2384	1488	-1.45	-0.17	n
144070984	2383	1488	-1.37	-0.17	n
144080984	2384	1488	-1.45	-0.17	n
144090984	2383	1488	-1.37	-0.17	n
144100984	2384	1488	-1.45	-0.17	n
144110984	2384	1488	-1.45	-0.17	n
144120984	2383	1488	-1.37	-0.17	n
144130984	2384	1488	-1.45	-0.17	n
144140984	2382	1488	-1.28	-0.17	n
144150984	2384	1488	-1.45	-0.17	n
144160984	2384	1488	-1.45	-0.17	n
144170984	2384	1488	-1.45	-0.17	n
144180984	2384	1489	-1.45	-0.25	n
144190984	2384	1489	-1.45	-0.25	n
144200984	2384	1489	-1.45	-0.25	n
144210984	2383	1488	-1.37	-0.17	n
144220984	2383	1488	-1.37	-0.17	n
144230984	2383	1488	-1.37	-0.17	n
144240984	2384	1488	-1.45	-0.17	n
144250984	2383	1488	-1.37	-0.17	n
144260984	2384	1488	-1.45	-0.17	n
144270984	2384	1488	-1.45	-0.17	n
144280984	2382	1488	-1.28	-0.17	n
144290984	2384	1488	-1.45	-0.17	n
144300983	2383	1488	-1.37	-0.17	n
144310983	2384	1488	-1.45	-0.17	n
144320983	2384	1488	-1.45	-0.17	n
144330983	2383	1488	-1.37	-0.17	n
144340983	2382	1488	-1.28	-0.17	n
144350983	2384	1488	-1.45	-0.17	n
144360982	2384	1488	-1.45	-0.17	Location:lat:35.504283lon:139.465249;;Date:2024/12/8;;Time:05:45:18:00;;
144370982	2383	1488	-1.37	-0.17	n
144380981	2383	1488	-1.37	-0.17	n
144390980	2384	1488	-1.45	-0.17	n
144400980	2384	1488	-1.45	-0.17	n
144410980	2384	1488	-1.45	-0.17	n
144420980	2383	1488	-1.37	-0.17	n
144430980	2383	1488	-1.37	-0.17	n
144440979	2383	1488	-1.37	-0.17	n
144450979	2384	1488	-1.45	-0.17	n
144460979	2384	1488	-1.45	-0.17	n
144470979	2383	1488	-1.37	-0.17	Location:lat:35.504283lon:139.465249;;Time:05:45:18:00;;
144480979	2384	1487	-1.45	-0.09	n
144490979	2383	1488	-1.37	-0.17	n
144500979	2383	1488	-1.37	-0.17	n
144510978	2384	1488	-1.45	-0.17	n
144520977	2383	1488	-1.37	-0.17	n
144530986	2384	1488	-1.45	-0.17	n
144540986	2384	1488	-1.45	-0.17	n
144550986	2382	1488	-1.28	-0.17	n
144560986	2384	1488	-1.45	-0.17	n
144570986	2383	1488	-1.37	-0.17	n
144580985	2384	1488	-1.45	-0.17	n
144590985	2384	1488	-1.45	-0.17	n
144600985	2383	1488	-1.37	-0.17	n
144610984	2384	1488	-1.45	-0.17	n
144620984	2384	1489	-1.45	-0.25	n
144630984	2383	1489	-1.37	-0.25	n
144640984	2384	1488	-1.45	-0.17	n
144650983	2383	1488	-1.37	-0.17	n
144660983	2384	1489	-1.45	-0.25	n
144670983	2384	1488	-1.45	-0.17	n
144680982	2384	1488	-1.45	-0.17	n
144690982	2384	1488	-1.45	-0.17	n
144700981	2383	1488	-1.37	-0.17	n
144710981	2384	1488	-1.45	-0.17	n
144720980	2384	1490	-1.45	-0.33	n
144730979	2383	1488	-1.37	-0.17	n
144740978	2384	1488	-1.45	-0.17	n
144750978	2384	1489	-1.45	-0.25	n
144760978	2384	1489	-1.45	-0.25	n
144770977	2384	1490	-1.45	-0.33	n
144780977	2383	1488	-1.37	-0.17	n
144790976	2384	1487	-1.45	-0.09	n
144800976	2383	1488	-1.37	-0.17	n
144810976	2384	1489	-1.45	-0.25	n
144820975	2384	1489	-1.45	-0.25	n
144830975	2384	1488	-1.45	-0.17	n
144840975	2384	1488	-1.45	-0.17	Location:lat:35.504283lon:139.465249;;Date:2024/12/8;;Time:05:45:18:00;;
144850976	2383	1488	-1.37	-0.17	n
144860976	2384	1488	-1.45	-0.17	n
144870976	2384	1488	-1.45	-0.17	n
144880976	2383	1488	-1.37	-0.17	n
144890976	2384	1488	-1.45	-0.17	n
144900976	2384	1488	-1.45	-0.17	n
144910976	2384	1488	-1.45	-0.17	n
144920976	2384	1488	-1.45	-0.17	n
144930976	2384	1488	-1.45	-0.17	n
144940976	2384	1488	-1.45	-0.17	n
144950976	2384	1488	-1.45	-0.17	n
144960976	2384	1489	-1.45	-0.25	n
144970976	2382	1488	-1.28	-0.17	n
144980976	2384	1489	-1.45	-0.25	n
144990976	2384	1489	-1.45	-0.25	n
145000976	2384	1488	-1.45	-0.17	n
145010976	2383	1488	-1.37	-0.17	n
145020976	2384	1488	-1.45	-0.17	n
145030976	2382	1488	-1.28	-0.17	n
145040976	2384	1488	-1.45	-0.17	n
145050976	2384	1489	-1.45	-0.25	n
145060976	2384	1488	-1.45	-0.17	n
145070976	2384	1488	-1.45	-0.17	n
145080976	2384	1488	-1.45	-0.17	n
145090976	2384	1489	-1.45	-0.25	n
145100976	2383	1488	-1.37	-0.17	n
145110976	2383	1488	-1.37	-0.17	n
145120976	2384	1488	-1.45	-0.17	n
145130976	2382	1488	-1.28	-0.17	n
145140976	2384	1488	-1.45	-0.17	n
145150976	2384	1490	-1.45	-0.33	n
145160976	2385	1488	-1.53	-0.17	n
145170976	2384	1489	-1.45	-0.25	n
145180976	2384	1489	-1.45	-0.25	n
145190976	2384	1489	-1.45	-0.25	n
145200976	2384	1488	-1.45	-0.17	n
145210976	2384	1488	-1.45	-0.17	n
145220976	2384	1489	-1.45	-0.25	n
145230976	2384	1488	-1.45	-0.17	n
145240976	2384	1488	-1.45	-0.17	n
145250976	2384	1488	-1.45	-0.17	n
145260976	2384	1488	-1.45	-0.17	n
145270976	2384	1488	-1.45	-0.17	n
145280976	2384	1489	-1.45	-0.25	n
145290976	2384	1489	-1.45	-0.25	n
145300976	2384	1488	-1.45	-0.17	n
145310976	2383	1488	-1.37	-0.17	n
145320975	2383	1490	-1.37	-0.33	n
145330976	2384	1488	-1.45	-0.17	n
145340976	2384	1489	-1.45	-0.25	n
145350976	2383	1488	-1.37	-0.17	n
145360976	2384	1489	-1.45	-0.25	Location:lat:35.504284lon:139.465250;;Date:2024/12/8;;Time:05:45:19:00;;
145370976	2384	1488	-1.45	-0.17	n
145380976	2384	1488	-1.45	-0.17	n
145390976	2384	1488	-1.45	-0.17	n
145400975	2383	1490	-1.37	-0.33	n
145410975	2384	1488	-1.45	-0.17	n
145420975	2384	1488	-1.45	-0.17	n
145430975	2384	1488	-1.45	-0.17	n
145440975	2384	1488	-1.45	-0.17	n
145450975	2384	1488	-1.45	-0.17	n
145460976	2384	1488	-1.45	-0.17	n
145470976	2384	1488	-1.45	-0.17	Location:lat:35.504284lon:139.465250;;Time:05:45:19:00;;
145480976	2384	1489	-1.45	-0.25	n
145490976	2384	1488	-1.45	-0.17	n
145500975	2384	1488	-1.45	-0.17	n
145510976	2383	1488	-1.37	-0.17	n
145520975	2383	1489	-1.37	-0.25	n
145530974	2384	1488	-1.45	-0.17	n
145540974	2384	1488	-1.45	-0.17	n
145550974	2384	1488	-1.45	-0.17	n
145560974	2384	1488	-1.45	-0.17	n
145570974	2384	1488	-1.45	-0.17	n
145580974	2384	1488	-1.45	-0.17	n
145590974	2384	1488	-1.45	-0.17	n
145600974	2384	1488	-1.45	-0.17	n
145610974	2384	1488	-1.45	-0.17	n
145620974	2384	1488	-1.45	-0.17	n
145630973	2384	1488	-1.45	-0.17	n
145640973	2384	1488	-1.45	-0.17	n
145650972	2384	1488	-1.45	-0.17	n
145660972	2384	1488	-1.45	-0.17	n
145670972	2384	1488	-1.45	-0.17	n
145680980	2384	1489	-1.45	-0.25	n
145690980	2383	1488	-1.37	-0.17	n
145700980	2384	1488	-1.45	-0.17	n
145710979	2384	1489	-1.45	-0.25	n
145720978	2384	1488	-1.45	-0.17	n
145730978	2383	1488	-1.37	-0.17	n
145740977	2383	1488	-1.37	-0.17	n
145750976	2384	1488	-1.45	-0.17	n
145760976	2384	1488	-1.45	-0.17	n
145770976	2384	1488	-1.45	-0.17	n
145780976	2383	1488	-1.37	-0.17	n
145790976	2384	1488	-1.45	-0.17	n
145800975	2384	1488	-1.45	-0.17	n
145810974	2384	1488	-1.45	-0.17	n
145820974	2384	1488	-1.45	-0.17	n
145830974	2382	1488	-1.28	-0.17	n
145840973	2384	1489	-1.45	-0.25	Location:lat:35.504284lon:139.465250;;Date:2024/12/8;;Time:05:45:19:00;;
145850973	2384	1488	-1.45	-0.17	n
145860973	2383	1490	-1.37	-0.33	n
145870973	2384	1488	-1.45	-0.17	n
145880973	2384	1488	-1.45	-0.17	n
145890973	2384	1488	-1.45	-0.17	n
145900973	2384	1488	-1.45	-0.17	n
145910973	2384	1488	-1.45	-0.17	n
145920973	2384	1489	-1.45	-0.25	n
145930973	2384	1488	-1.45	-0.17	n
145940973	2384	1488	-1.45	-0.17	n
145950973	2383	1488	-1.37	-0.17	n
145960973	2384	1488	-1.45	-0.17	n
145970973	2384	1489	-1.45	-0.25	n
145980973	2384	1488	-1.45	-0.17	n
145990973	2384	1489	-1.45	-0.25	n
146000973	2383	1488	-1.37	-0.17	n
146010973	2384	1488	-1.45	-0.17	n
146020973	2384	1489	-1.45	-0.25	n
146030973	2384	1489	-1.45	-0.25	n
146040973	2384	1488	-1.45	-0.17	n
146050973	2384	1488	-1.45	-0.17	n
146060973	2384	1489	-1.45	-0.25	n
146070973	2384	1488	-1.45	-0.17	n
146080973	2383	1489	-1.37	-0.25	n
146090973	2384	1488	-1.45	-0.17	n
146100973	2384	1488	-1.45	-0.17	n
146110973	2384	1488	-1.45	-0.17	n
146120973	2383	1488	-1.37	-0.17	n
146130973	2384	1488	-1.45	-0.17	n
146140973	2384	1488	-1.45	-0.17	n
146150973	2384	1488	-1.45	-0.17	n
146160973	2384	1488	-1.45	-0.17	n
146170973	2384	1488	-1.45	-0.17	n
146180973	2382	1488	-1.28	-0.17	n
146190973	2384	1488	-1.45	-0.17	n
146200973	2383	1488	-1.37	-0.17	n
146210973	2384	1489	-1.45	-0.25	n
146220973	2384	1488	-1.45	-0.17	n
146230973	2384	1488	-1.45	-0.17	n
146240973	2384	1488	-1.45	-0.17	n
146250973	2384	1489	-1.45	-0.25	n
146260973	2382	1488	-1.28	-0.17	n
146270973	2384	1488	-1.45	-0.17	n
146280973	2383	1488	-1.37	-0.17	n
146290973	2383	1488	-1.37	-0.17	n
146300972	2383	1488	-1.37	-0.17	n
146310972	2384	1488	-1.45	-0.17	n
146320972	2382	1488	-1.28	-0.17	n
146330972	2383	1488	-1.37	-0.17	n
146340972	2382	1488	-1.28	-0.17	n
146350972	2384	1488	-1.45	-0.17	n
146360972	2384	1488	-1.45	-0.17	Location:lat:35.504285lon:139.465250;;Date:2024/12/8;;Time:05:45:20:00;;
146370972	2383	1488	-1.37	-0.17	n
146380973	2383	1489	-1.37	-0.25	n
146390973	2384	1488	-1.45	-0.17	n
146400981	2383	1488	-1.37	-0.17	n
146410981	2384	1488	-1.45	-0.17	n
146420981	2384	1488	-1.45	-0.17	n
146430981	2384	1489	-1.45	-0.25	n
146440981	2384	1488	-1.45	-0.17	n
146450981	2384	1490	-1.45	-0.33	n
146460981	2384	1489	-1.45	-0.25	n
146470981	2384	1488	-1.45	-0.17	Location:lat:35.504285lon:139.465250;;Time:05:45:20:00;;
146480981	2383	1488	-1.37	-0.17	n
146490980	2384	1488	-1.45	-0.17	n
146500979	2383	1488	-1.37	-0.17	n
146510979	2384	1488	-1.45	-0.17	n
146520979	2383	1488	-1.37	-0.17	n
146530979	2384	1489	-1.45	-0.25	n
146540979	2384	1488	-1.45	-0.17	n
146550979	2383	1488	-1.37	-0.17	n
146560979	2384	1488	-1.45	-0.17	n
146570979	2384	1488	-1.45	-0.17	n
146580978	2384	1488	-1.45	-0.17	n
146590977	2383	1489	-1.37	-0.25	n
146600977	2384	1488	-1.45	-0.17	n
146610977	2384	1488	-1.45	-0.17	n
146620976	2382	1489	-1.28	-0.25	n
146630975	2383	1488	-1.37	-0.17	n
146640974	2384	1488	-1.45	-0.17	n
146650974	2384	1488	-1.45	-0.17	n
146660974	2384	1488	-1.45	-0.17	n
146670974	2384	1488	-1.45	-0.17	n
146680981	2384	1488	-1.45	-0.17	n
146690982	2384	1489	-1.45	-0.25	n
146700982	2384	1489	-1.45	-0.25	n
146710982	2384	1488	-1.45	-0.17	n
146720982	2383	1488	-1.37	-0.17	n
146730982	2384	1488	-1.45	-0.17	n
146740982	2384	1488	-1.45	-0.17	n
146750981	2384	1488	-1.45	-0.17	n
146760980	2383	1489	-1.37	-0.25	n
146770979	2384	1488	-1.45	-0.17	n
146780983	2382	1488	-1.28	-0.17	n
146790983	2382	1488	-1.28	-0.17	n
146800983	2384	1488	-1.45	-0.17	n
146810984	2384	1488	-1.45	-0.17	n
146820984	2384	1488	-1.45	-0.17	n
146830983	2383	1488	-1.37	-0.17	n
146840983	2384	1488	-1.45	-0.17	Location:lat:35.504285lon:139.465250;;Date:2024/12/8;;Time:05:45:20:00;;
146850984	2383	1488	-1.37	-0.17	n
146860984	2384	1488	-1.45	-0.17	n
146870984	2384	1488	-1.45	-0.17	n
146880984	2384	1488	-1.45	-0.17	n
146890984	2384	1488	-1.45	-0.17	n
146900984	2383	1488	-1.37	-0.17	n
146910984	2383	1488	-1.37	-0.17	n
146920984	2384	1488	-1.45	-0.17	n
146930984	2383	1488	-1.37	-0.17	n
146940984	2384	1489	-1.45	-0.25	n
146950984	2384	1488	-1.45	-0.17	n
146960984	2384	1489	-1.45	-0.25	n
146970984	2383	1488	-1.37	-0.17	n
146980984	2383	1489	-1.37	-0.25	n
146990984	2383	1488	-1.37	-0.17	n
147000984	2384	1488	-1.45	-0.17	n
147010984	2384	1488	-1.45	-0.17	n
147020984	2381	1488	-1.20	-0.17	n
147030984	2384	1488	-1.45	-0.17	n
147040984	2383	1488	-1.37	-0.17	n
147050984	2383	1488	-1.37	-0.17	n
147060984	2383	1488	-1.37	-0.17	n
147070984	2384	1489	-1.45	-0.25	n
147080984	2384	1488	-1.45	-0.17	n
147090984	2384	1488	-1.45	-0.17	n
147100984	2384	1489	-1.45	-0.25	n
147110984	2384	1489	-1.45	-0.25	n
147120984	2384	1489	-1.45	-0.25	n
147130984	2384	1489	-1.45	-0.25	n
147140984	2384	1488	-1.45	-0.17	n
147150984	2384	1488	-1.45	-0.17	n
147160984	2384	1488	-1.45	-0.17	n
147170984	2384	1488	-1.45	-0.17	n
147180984	2384	1488	-1.45	-0.17	n
147190984	2383	1488	-1.37	-0.17	n
147200984	2384	1488	-1.45	-0.17	n
147210984	2384	1488	-1.45	-0.17	n
147220984	2384	1488	-1.45	-0.17	n
147230984	2384	1488	-1.45	-0.17	n
147240984	2384	1488	-1.45	-0.17	n
147250984	2384	1488	-1.45	-0.17	n
147260984	2383	1488	-1.37	-0.17	n
147270984	2384	1488	-1.45	-0.17	n
147280984	2384	1489	-1.45	-0.25	n
147290984	2383	1488	-1.37	-0.17	n
147300984	2384	1489	-1.45	-0.25	n
147310984	2384	1489	-1.45	-0.25	n
147320984	2384	1489	-1.45	-0.25	n
147330984	2384	1489	-1.45	-0.25	n
147340985	2384	1488	-1.45	-0.17	n
147350985	2384	1488	-1.45	-0.17	n
147360985	2383	1488	-1.37	-0.17	Location:lat:35.504284lon:139.465252;;Date:2024/12/8;;Time:05:45:21:00;;
147370984	2384	1488	-1.45	-0.17	n
147380984	2384	1489	-1.45	-0.25	n
147390984	2384	1488	-1.45	-0.17	n
147400983	2384	1489	-1.45	-0.25	n
147410984	2384	1488	-1.45	-0.17	n
147420983	2384	1488	-1.45	-0.17	n
147430984	2384	1488	-1.45	-0.17	n
147440984	2384	1489	-1.45	-0.25	n
147450984	2383	1488	-1.37	-0.17	n
147460984	2384	1488	-1.45	-0.17	n
147470984	2384	1488	-1.45	-0.17	Location:lat:35.504284lon:139.465252;;Time:05:45:21:00;;
147480984	2384	1488	-1.45	-0.17	n
147490984	2384	1489	-1.45	-0.25	n
147500984	2383	1490	-1.37	-0.33	n
147510984	2384	1488	-1.45	-0.17	n
147520984	2384	1488	-1.45	-0.17	n
147530984	2383	1488	-1.37	-0.17	n
147540983	2384	1488	-1.45	-0.17	n
147550982	2384	1488	-1.45	-0.17	n
147560982	2382	1488	-1.28	-0.17	n
147570982	2384	1489	-1.45	-0.25	n
147580989	2384	1488	-1.45	-0.17	n
147590989	2384	1489	-1.45	-0.25	n
147600988	2382	1488	-1.28	-0.17	n
147610988	2384	1488	-1.45	-0.17	n
147620988	2384	1488	-1.45	-0.17	n
147630988	2384	1488	-1.45	-0.17	n
147640987	2384	1489	-1.45	-0.25	n
147650986	2384	1488	-1.45	-0.17	n
147660985	2383	1488	-1.37	-0.17	n
147670984	2383	1489	-1.37	-0.25	n
147680984	2384	1488	-1.45	-0.17	n
147690984	2384	1488	-1.45	-0.17	n
147700984	2384	1488	-1.45	-0.17	n
147710984	2384	1488	-1.45	-0.17	n
147720984	2384	1488	-1.45	-0.17	n
147730983	2384	1488	-1.45	-0.17	n
147740983	2383	1488	-1.37	-0.17	n
147750983	2384	1489	-1.45	-0.25	n
147760983	2384	1488	-1.45	-0.17	n
147770984	2384	1489	-1.45	-0.25	n
147780985	2383	1489	-1.37	-0.25	n
147790985	2384	1488	-1.45	-0.17	n
147800984	2384	1488	-1.45	-0.17	n
147810984	2384	1488	-1.45	-0.17	n
147820984	2384	1488	-1.45	-0.17	n
147830983	2384	1488	-1.45	-0.17	n
147840982	2384	1489	-1.45	-0.25	Location:lat:35.504284lon:139.465252;;Date:2024/12/8;;Time:05:45:21:00;;
147850982	2384	1488	-1.45	-0.17	n
147860981	2384	1488	-1.45	-0.17	n
147870981	2384	1489	-1.45	-0.25	n
147880981	2384	1488	-1.45	-0.17	n
147890981	2384	1489	-1.45	-0.25	n
147900981	2384	1488	-1.45	-0.17	n
147910981	2384	1488	-1.45	-0.17	n
147920981	2384	1488	-1.45	-0.17	n
147930981	2383	1488	-1.37	-0.17	n
147940981	2384	1489	-1.45	-0.25	n
147950981	2384	1488	-1.45	-0.17	n
147960981	2383	1488	-1.37	-0.17	n
147970981	2384	1489	-1.45	-0.25	n
147980981	2384	1488	-1.45	-0.17	n
147990981	2384	1488	-1.45	-0.17	n
148000981	2384	1488	-1.45	-0.17	n
148010981	2384	1488	-1.45	-0.17	n
148020981	2384	1488	-1.45	-0.17	n
148030981	2384	1488	-1.45	-0.17	n
148040981	2384	1488	-1.45	-0.17	n
148050981	2384	1488	-1.45	-0.17	n
148060981	2384	1488	-1.45	-0.17	n
148070981	2384	1488	-1.45	-0.17	n
148080981	2383	1488	-1.37	-0.17	n
148090981	2384	1488	-1.45	-0.17	n
148100981	2384	1488	-1.45	-0.17	n
148110981	2384	1488	-1.45	-0.17	n
148120981	2384	1488	-1.45	-0.17	n
148130981	2384	1488	-1.45	-0.17	n
148140981	2383	1488	-1.37	-0.17	n
148150981	2384	1488	-1.45	-0.17	n
148160981	2383	1489	-1.37	-0.25	n
148170981	2382	1488	-1.28	-0.17	n
148180981	2384	1488	-1.45	-0.17	n
148190981	2383	1488	-1.37	-0.17	n
148200981	2384	1488	-1.45	-0.17	n
148210981	2383	1488	-1.37	-0.17	n
148220981	2384	1488	-1.45	-0.17	n
148230981	2384	1488	-1.45	-0.17	n
148240981	2384	1488	-1.45	-0.17	n
148250981	2384	1488	-1.45	-0.17	n
148260981	2384	1488	-1.45	-0.17	n
148270981	2384	1488	-1.45	-0.17	n
148280981	2384	1488	-1.45	-0.17	n
148290981	2383	1490	-1.37	-0.33	n
148300981	2383	1488	-1.37	-0.17	n
148310981	2382	1488	-1.28	-0.17	n
148320981	2384	1488	-1.45	-0.17	n
148330981	2384	1489	-1.45	-0.25	n
148340982	2384	1488	-1.45	-0.17	n
148350982	2384	1488	-1.45	-0.17	n
148360982	2384	1488	-1.45	-0.17	Location:lat:35.504282lon:139.465256;;Date:2024/12/8;;Time:05:45:22:00;;
148370982	2383	1488	-1.37	-0.17	n
148380982	2384	1488	-1.45	-0.17	n
148390982	2384	1488	-1.45	-0.17	n
148400982	2383	1488	-1.37	-0.17	n
148410982	2384	1488	-1.45	-0.17	n
148420982	2384	1488	-1.45	-0.17	n
148430989	2383	1488	-1.37	-0.17	n
148440989	2383	1488	-1.37	-0.17	n
148450989	2383	1488	-1.37	-0.17	n
148460990	2384	1488	-1.45	-0.17	n
148470990	2384	1489	-1.45	-0.25	Location:lat:35.504282lon:139.465256;;Time:05:45:22:00;;
148480991	2382	1489	-1.28	-0.25	n
148490991	2384	1489	-1.45	-0.25	n
148500991	2384	1488	-1.45	-0.17	n
148510991	2383	1488	-1.37	-0.17	n
148520991	2384	1488	-1.45	-0.17	n
148530991	2384	1488	-1.45	-0.17	n
148540991	2384	1488	-1.45	-0.17	n
148550991	2384	1488	-1.45	-0.17	n
148560991	2383	1488	-1.37	-0.17	n
148570991	2383	1488	-1.37	-0.17	n
148580991	2383	1488	-1.37	-0.17	n
148590991	2384	1488	-1.45	-0.17	n
148600991	2384	1488	-1.45	-0.17	n
148610990	2382	1488	-1.28	-0.17	n
148620990	2383	1488	-1.37	-0.17	n
148630990	2384	1488	-1.45	-0.17	n
148640990	2384	1488	-1.45	-0.17	n
148650989	2384	1488	-1.45	-0.17	n
148660989	2383	1488	-1.37	-0.17	n
148670989	2384	1489	-1.45	-0.25	n
148680989	2384	1488	-1.45	-0.17	n
148690988	2384	1488	-1.45	-0.17	n
148700988	2382	1488	-1.28	-0.17	n
148710987	2384	1488	-1.45	-0.17	n
148720987	2383	1488	-1.37	-0.17	n
148730987	2384	1488	-1.45	-0.17	n
148740986	2384	1488	-1.45	-0.17	n
148750986	2384	1488	-1.45	-0.17	n
148760995	2383	1488	-1.37	-0.17	n
148770994	2383	1488	-1.37	-0.17	n
148780994	2384	1488	-1.45	-0.17	n
148790994	2383	1488	-1.37	-0.17	n
148800993	2384	1488	-1.45	-0.17	n
148810994	2384	1488	-1.45	-0.17	n
148820994	2383	1489	-1.37	-0.25	n
148830994	2383	1488	-1.37	-0.17	n
148840994	2384	1488	-1.45	-0.17	Location:lat:35.504282lon:139.465256;;Date:2024/12/8;;Time:05:45:22:00;;
148850995	2383	1488	-1.37	-0.17	n
148860995	2383	1488	-1.37	-0.17	n
148870995	2382	1488	-1.28	-0.17	n
148880995	2383	1488	-1.37	-0.17	n
148890995	2383	1488	-1.37	-0.17	n
148900995	2384	1488	-1.45	-0.17	n
148910995	2384	1488	-1.45	-0.17	n
148920995	2384	1488	-1.45	-0.17	n
148930995	2384	1488	-1.45	-0.17	n
148940995	2384	1488	-1.45	-0.17	n
148950995	2384	1488	-1.45	-0.17	n
148960995	2384	1488	-1.45	-0.17	n
148970995	2383	1489	-1.37	-0.25	n
148980995	2384	1488	-1.45	-0.17	n
148990995	2384	1488	-1.45	-0.17	n
149000995	2384	1489	-1.45	-0.25	n
149010995	2384	1490	-1.45	-0.33	n
149020995	2383	1488	-1.37	-0.17	n
149030994	2384	1489	-1.45	-0.25	n
149040995	2384	1488	-1.45	-0.17	n
149050995	2384	1489	-1.45	-0.25	n
149060995	2383	1488	-1.37	-0.17	n
149070995	2384	1488	-1.45	-0.17	n
149080995	2383	1488	-1.37	-0.17	n
149090995	2383	1488	-1.37	-0.17	n
149100995	2383	1488	-1.37	-0.17	n
149110995	2384	1488	-1.45	-0.17	n
149120995	2384	1488	-1.45	-0.17	n
149130995	2383	1488	-1.37	-0.17	n
149140995	2384	1488	-1.45	-0.17	n
149150995	2383	1488	-1.37	-0.17	n
149160995	2383	1488	-1.37	-0.17	n
149170995	2383	1487	-1.37	-0.09	n
149180994	2384	1488	-1.45	-0.17	n
149190994	2383	1488	-1.37	-0.17	n
149200994	2383	1488	-1.37	-0.17	n
149210995	2384	1488	-1.45	-0.17	n
149220995	2384	1488	-1.45	-0.17	n
149230995	2384	1488	-1.45	-0.17	n
149240995	2384	1488	-1.45	-0.17	n
149250995	2383	1488	-1.37	-0.17	n
149260995	2384	1488	-1.45	-0.17	n
149270995	2383	1488	-1.37	-0.17	n
149280995	2381	1488	-1.20	-0.17	n
149290995	2383	1488	-1.37	-0.17	n
149301004	2382	1488	-1.28	-0.17	n
149311003	2382	1488	-1.28	-0.17	n
149321003	2384	1488	-1.45	-0.17	n
149331002	2384	1488	-1.45	-0.17	n
149341002	2383	1488	-1.37	-0.17	n
149351002	2384	1488	-1.45	-0.17	n
149361001	2384	1488	-1.45	-0.17	Location:lat:35.504285lon:139.465259;;Date:2024/12/8;;Time:05:45:23:00;;
149371000	2384	1489	-1.45	-0.25	n
149380999	2384	1488	-1.45	-0.17	n
149390999	2383	1488	-1.37	-0.17	n
149400999	2383	1488	-1.37	-0.17	n
149410999	2382	1488	-1.28	-0.17	n
149420999	2384	1488	-1.45	-0.17	n
149430999	2383	1488	-1.37	-0.17	n
149440998	2384	1488	-1.45	-0.17	n
149450998	2384	1489	-1.45	-0.25	n
149460998	2384	1488	-1.45	-0.17	n
149470998	2384	1488	-1.45	-0.17	Location:lat:35.504285lon:139.465259;;Time:05:45:23:00;;
149480998	2383	1488	-1.37	-0.17	n
149490998	2384	1488	-1.45	-0.17	n
149500997	2383	1488	-1.37	-0.17	n
149510996	2383	1489	-1.37	-0.25	n
149520996	2383	1488	-1.37	-0.17	n
149530996	2384	1488	-1.45	-0.17	n
149540995	2384	1488	-1.45	-0.17	n
149550995	2384	1488	-1.45	-0.17	n
149560995	2384	1488	-1.45	-0.17	n
149570995	2383	1489	-1.37	-0.25	n
149580995	2384	1488	-1.45	-0.17	n
149590995	2384	1488	-1.45	-0.17	n
149600995	2384	1488	-1.45	-0.17	n
149610995	2384	1488	-1.45	-0.17	n
149620995	2384	1488	-1.45	-0.17	n
149630995	2384	1488	-1.45	-0.17	n
149640994	2384	1488	-1.45	-0.17	n
149650994	2384	1489	-1.45	-0.25	n
149660993	2384	1489	-1.45	-0.25	n
149670993	2384	1488	-1.45	-0.17	n
149680998	2384	1488	-1.45	-0.17	n
149690998	2383	1488	-1.37	-0.17	n
149700998	2384	1489	-1.45	-0.25	n
149710997	2383	1488	-1.37	-0.17	n
149720997	2384	1488	-1.45	-0.17	n
149730998	2384	1488	-1.45	-0.17	n
149740998	2384	1488	-1.45	-0.17	n
149750998	2384	1488	-1.45	-0.17	n
149760998	2384	1489	-1.45	-0.25	n
149770997	2383	1488	-1.37	-0.17	n
149780997	2384	1488	-1.45	-0.17	n
149790996	2383	1489	-1.37	-0.25	n
149800996	2384	1488	-1.45	-0.17	n
149810996	2384	1488	-1.45	-0.17	n
149820996	2383	1488	-1.37	-0.17	n
149830996	2384	1489	-1.45	-0.25	n
149840996	2384	1488	-1.45	-0.17	Location:lat:35.504285lon:139.465259;;Date:2024/12/8;;Time:05:45:23:00;;
149850995	2383	1488	-1.37	-0.17	n
149860995	2384	1488	-1.45	-0.17	n
149870995	2384	1488	-1.45	-0.17	n
149880995	2383	1488	-1.37	-0.17	n
149890995	2384	1488	-1.45	-0.17	n
149900995	2384	1488	-1.45	-0.17	n
149910995	2383	1488	-1.37	-0.17	n
149920995	2383	1489	-1.37	-0.25	n
149930995	2383	1488	-1.37	-0.17	n
149940995	2383	1488	-1.37	-0.17	n
149950995	2384	1488	-1.45	-0.17	n
149960995	2382	1488	-1.28	-0.17	n
149970995	2384	1488	-1.45	-0.17	n
149980995	2384	1489	-1.45	-0.25	n
149990995	2384	1488	-1.45	-0.17	n
150000995	2384	1488	-1.45	-0.17	n
150010995	2384	1488	-1.45	-0.17	n
150020995	2384	1488	-1.45	-0.17	n
150030995	2383	1488	-1.37	-0.17	n
150040995	2384	1489	-1.45	-0.25	n
150050995	2384	1488	-1.45	-0.17	n
150060995	2383	1488	-1.37	-0.17	n
150070995	2383	1488	-1.37	-0.17	n
150080995	2383	1488	-1.37	-0.17	n
150090995	2383	1488	-1.37	-0.17	n
150100995	2383	1488	-1.37	-0.17	n
150110995	2384	1488	-1.45	-0.17	n
150120995	2384	1488	-1.45	-0.17	n
150130995	2384	1488	-1.45	-0.17	n
150140995	2384	1488	-1.45	-0.17	n
150150995	2384	1488	-1.45	-0.17	n
150160995	2383	1488	-1.37	-0.17	n
150170995	2384	1488	-1.45	-0.17	n
150180995	2383	1489	-1.37	-0.25	n
150190995	2384	1488	-1.45	-0.17	n
150200995	2383	1488	-1.37	-0.17	n
150210995	2384	1488	-1.45	-0.17	n
150220995	2384	1489	-1.45	-0.25	n
150230995	2384	1488	-1.45	-0.17	n
150240995	2383	1488	-1.37	-0.17	n
150250995	2383	1488	-1.37	-0.17	n
150260995	2384	1488	-1.45	-0.17	n
150270995	2383	1488	-1.37	-0.17	n
150280995	2383	1488	-1.37	-0.17	n
150290995	2384	1488	-1.45	-0.17	n
150300995	2384	1489	-1.45	-0.25	n
150311004	2384	1489	-1.45	-0.25	n
150321003	2384	1488	-1.45	-0.17	n
150331002	2384	1488	-1.45	-0.17	n
150341002	2383	1488	-1.37	-0.17	n
150351001	2384	1488	-1.45	-0.17	n
150361001	2384	1488	-1.45	-0.17	Location:lat:35.504291lon:139.465256;;Date:2024/12/8;;Time:05:45:24:00;;
150371001	2384	1490	-1.45	-0.33	n
150381001	2381	1488	-1.20	-0.17	n
150391001	2384	1488	-1.45	-0.17	n
150401000	2383	1488	-1.37	-0.17	n
150411001	2384	1488	-1.45	-0.17	n
150421001	2383	1489	-1.37	-0.25	n
150431001	2384	1488	-1.45	-0.17	n
150441001	2383	1488	-1.37	-0.17	n
150451001	2384	1488	-1.45	-0.17	n
150461001	2384	1488	-1.45	-0.17	n
150471001	2384	1488	-1.45	-0.17	Location:lat:35.504291lon:139.465256;;Time:05:45:24:00;;
150481000	2384	1488	-1.45	-0.17	n
150490999	2384	1488	-1.45	-0.17	n
150500999	2384	1488	-1.45	-0.17	n
150510999	2383	1488	-1.37	-0.17	n
150520998	2384	1488	-1.45	-0.17	n
150530999	2384	1489	-1.45	-0.25	n
150540999	2383	1488	-1.37	-0.17	n
150550999	2383	1488	-1.37	-0.17	n
150560999	2384	1488	-1.45	-0.17	n
150570999	2383	1488	-1.37	-0.17	n
150580999	2384	1488	-1.45	-0.17	n
150590998	2384	1488	-1.45	-0.17	n
150600997	2384	1488	-1.45	-0.17	n
150610997	2384	1488	-1.45	-0.17	n
150620997	2384	1489	-1.45	-0.25	n
150630996	2384	1488	-1.45	-0.17	n
150640996	2383	1488	-1.37	-0.17	n
150650996	2384	1488	-1.45	-0.17	n
150660996	2383	1489	-1.37	-0.25	n
150670996	2384	1490	-1.45	-0.33	n
150680995	2382	1488	-1.28	-0.17	n
150690995	2383	1487	-1.37	-0.09	n
150700995	2383	1489	-1.37	-0.25	n
150710995	2383	1489	-1.37	-0.25	n
150720995	2384	1488	-1.45	-0.17	n
150730994	2384	1490	-1.45	-0.33	n
150740995	2382	1489	-1.28	-0.25	n
150750995	2384	1488	-1.45	-0.17	n
150760995	2384	1488	-1.45	-0.17	n
150770994	2384	1488	-1.45	-0.17	n
150780993	2384	1488	-1.45	-0.17	n
150790993	2383	1488	-1.37	-0.17	n
150800993	2384	1488	-1.45	-0.17	n
150810992	2383	1488	-1.37	-0.17	n
150820992	2384	1489	-1.45	-0.25	n
150830991	2383	1488	-1.37	-0.17	n
150840990	2384	1488	-1.45	-0.17	Location:lat:35.504291lon:139.465256;;Date:2024/12/8;;Time:05:45:24:00;;
150850990	2384	1488	-1.45	-0.17	n
150860990	2384	1489	-1.45	-0.25	n
150870990	2383	1488	-1.37	-0.17	n
150880990	2384	1489	-1.45	-0.25	n
150890990	2384	1488	-1.45	-0.17	n
150900990	2383	1489	-1.37	-0.25	n
150910990	2384	1488	-1.45	-0.17	n
150920990	2384	1488	-1.45	-0.17	n
150930990	2384	1488	-1.45	-0.17	n
150940990	2383	1488	-1.37	-0.17	n
150950990	2384	1488	-1.45	-0.17	n
150960990	2384	1488	-1.45	-0.17	n
150970990	2383	1488	-1.37	-0.17	n
150980990	2384	1488	-1.45	-0.17	n
150990990	2384	1489	-1.45	-0.25	n
151000990	2384	1488	-1.45	-0.17	n
151010990	2383	1488	-1.37	-0.17	n
151020990	2384	1488	-1.45	-0.17	n
151030990	2383	1488	-1.37	-0.17	n
151040990	2384	1488	-1.45	-0.17	n
151050990	2382	1488	-1.28	-0.17	n
151060990	2384	1488	-1.45	-0.17	n
151070990	2384	1488	-1.45	-0.17	n
151080990	2384	1488	-1.45	-0.17	n
151090990	2384	1488	-1.45	-0.17	n
151100990	2384	1490	-1.45	-0.33	n
151110990	2383	1488	-1.37	-0.17	n
151120990	2383	1488	-1.37	-0.17	n
151130990	2384	1488	-1.45	-0.17	n
151140990	2384	1488	-1.45	-0.17	n
151150990	2384	1489	-1.45	-0.25	n
151160990	2384	1489	-1.45	-0.25	n
151170990	2384	1488	-1.45	-0.17	n
151180990	2384	1488	-1.45	-0.17	n
151190990	2384	1488	-1.45	-0.17	n
151200990	2383	1488	-1.37	-0.17	n
151210990	2384	1488	-1.45	-0.17	n
151220990	2382	1488	-1.28	-0.17	n
151230990	2383	1488	-1.37	-0.17	n
151240990	2383	1488	-1.37	-0.17	n
151250990	2384	1488	-1.45	-0.17	n
151260990	2383	1487	-1.37	-0.09	n
151270990	2384	1488	-1.45	-0.17	n
151280990	2383	1488	-1.37	-0.17	n
151290990	2384	1489	-1.45	-0.25	n
151300990	2383	1488	-1.37	-0.17	n
151310990	2384	1488	-1.45	-0.17	n
151320989	2384	1488	-1.45	-0.17	n
151330989	2384	1488	-1.45	-0.17	n
151340989	2384	1489	-1.45	-0.25	n
151350989	2383	1488	-1.37	-0.17	n
151360990	2384	1489	-1.45	-0.25	Location:lat:35.504291lon:139.465258;;Date:2024/12/8;;Time:05:45:25:00;;
151370990	2384	1488	-1.45	-0.17	n
151380990	2383	1488	-1.37	-0.17	n
151390990	2384	1488	-1.45	-0.17	n
151400990	2384	1488	-1.45	-0.17	n
151410990	2382	1488	-1.28	-0.17	n
151420989	2384	1488	-1.45	-0.17	n
151430989	2383	1488	-1.37	-0.17	n
151440989	2384	1488	-1.45	-0.17	n
151450988	2384	1488	-1.45	-0.17	n
151460988	2383	1488	-1.37	-0.17	n
151470988	2384	1488	-1.45	-0.17	Location:lat:35.504291lon:139.465258;;Time:05:45:25:00;;
151480987	2383	1488	-1.37	-0.17	n
151490987	2383	1488	-1.37	-0.17	n
151500986	2384	1488	-1.45	-0.17	n
151510986	2384	1488	-1.45	-0.17	n
151520986	2383	1488	-1.37	-0.17	n
151530986	2384	1488	-1.45	-0.17	n
151540986	2384	1488	-1.45	-0.17	n
151550986	2384	1488	-1.45	-0.17	n
151560985	2384	1488	-1.45	-0.17	n
151570984	2384	1488	-1.45	-0.17	n
151580983	2383	1488	-1.37	-0.17	n
151590983	2383	1489	-1.37	-0.25	n
151600983	2384	1489	-1.45	-0.25	n
151610983	2383	1488	-1.37	-0.17	n
151620983	2384	1488	-1.45	-0.17	n
151630984	2384	1488	-1.45	-0.17	n
151640984	2384	1488	-1.45	-0.17	n
151650983	2384	1489	-1.45	-0.25	n
151660983	2384	1488	-1.45	-0.17	n
151670983	2383	1488	-1.37	-0.17	n
151680983	2384	1488	-1.45	-0.17	n
151690983	2384	1488	-1.45	-0.17	n
151700982	2383	1488	-1.37	-0.17	n
151710982	2384	1488	-1.45	-0.17	n
151720981	2384	1488	-1.45	-0.17	n
151730980	2383	1488	-1.37	-0.17	n
151740980	2384	1490	-1.45	-0.33	n
151750980	2384	1489	-1.45	-0.25	n
151760979	2384	1488	-1.45	-0.17	n
151770979	2383	1488	-1.37	-0.17	n
151780979	2384	1488	-1.45	-0.17	n
151790978	2384	1488	-1.45	-0.17	n
151800978	2384	1488	-1.45	-0.17	n
151810977	2384	1488	-1.45	-0.17	n
151820977	2383	1488	-1.37	-0.17	n
151830977	2384	1488	-1.45	-0.17	n
151840977	2384	1488	-1.45	-0.17	Location:lat:35.504291lon:139.465258;;Date:2024/12/8;;Time:05:45:25:00;;
151850977	2383	1488	-1.37	-0.17	n
151860977	2383	1488	-1.37	-0.17	n
151870977	2383	1488	-1.37	-0.17	n
151880977	2384	1490	-1.45	-0.33	n
151890977	2384	1488	-1.45	-0.17	n
151900977	2383	1488	-1.37	-0.17	n
151910977	2383	1488	-1.37	-0.17	n
151920977	2383	1488	-1.37	-0.17	n
151930977	2384	1488	-1.45	-0.17	n
151940977	2384	1488	-1.45	-0.17	n
151950977	2380	1488	-1.12	-0.17	n
151960977	2384	1488	-1.45	-0.17	n
151970977	2384	1488	-1.45	-0.17	n
151980977	2384	1488	-1.45	-0.17	n
151990977	2383	1488	-1.37	-0.17	n
152000977	2383	1488	-1.37	-0.17	n
152010977	2384	1488	-1.45	-0.17	n
152020977	2384	1488	-1.45	-0.17	n
152030977	2383	1488	-1.37	-0.17	n
152040977	2383	1488	-1.37	-0.17	n
152050977	2384	1488	-1.45	-0.17	n
152060977	2384	1488	-1.45	-0.17	n
152070977	2384	1488	-1.45	-0.17	n
152080977	2384	1488	-1.45	-0.17	n
152090977	2384	1488	-1.45	-0.17	n
152100977	2384	1489	-1.45	-0.25	n
152110977	2384	1488	-1.45	-0.17	n
152120977	2384	1488	-1.45	-0.17	n
152130977	2383	1489	-1.37	-0.25	n
152140977	2384	1488	-1.45	-0.17	n
152150977	2384	1489	-1.45	-0.25	n
152160977	2384	1488	-1.45	-0.17	n
152170977	2384	1488	-1.45	-0.17	n
152180977	2384	1488	-1.45	-0.17	n
152190977	2384	1488	-1.45	-0.17	n
152200977	2384	1489	-1.45	-0.25	n
152210977	2384	1488	-1.45	-0.17	n
152220977	2384	1488	-1.45	-0.17	n
152230977	2384	1488	-1.45	-0.17	n
152240977	2384	1488	-1.45	-0.17	n
152250977	2384	1489	-1.45	-0.25	n
152260977	2385	1488	-1.53	-0.17	n
152270977	2384	1488	-1.45	-0.17	n
152280977	2384	1488	-1.45	-0.17	n
152290977	2384	1488	-1.45	-0.17	n
152300977	2384	1488	-1.45	-0.17	n
152310977	2384	1488	-1.45	-0.17	n
152320977	2384	1488	-1.45	-0.17	n
152330977	2384	1488	-1.45	-0.17	n
152340977	2384	1488	-1.45	-0.17	n
152350976	2384	1488	-1.45	-0.17	n
152360976	2384	1488	-1.45	-0.17	Location:lat:35.504294lon:139.465260;;Date:2024/12/8;;Time:05:45:26:00;;
152370975	2384	1488	-1.45	-0.17	n
152380976	2384	1488	-1.45	-0.17	n
152390976	2384	1488	-1.45	-0.17	n
152400976	2384	1488	-1.45	-0.17	n
152410975	2384	1488	-1.45	-0.17	n
152420975	2384	1488	-1.45	-0.17	n
152430975	2384	1488	-1.45	-0.17	n
152440975	2384	1488	-1.45	-0.17	n
152450976	2383	1488	-1.37	-0.17	n
152460977	2384	1488	-1.45	-0.17	n
152470977	2384	1488	-1.45	-0.17	Location:lat:35.504294lon:139.465260;;Time:05:45:26:00;;
152480977	2384	1488	-1.45	-0.17	n
152490977	2384	1488	-1.45	-0.17	n
152500977	2384	1488	-1.45	-0.17	n
152510977	2384	1488	-1.45	-0.17	n
152520977	2383	1488	-1.37	-0.17	n
152530976	2384	1488	-1.45	-0.17	n
152540976	2384	1488	-1.45	-0.17	n
152550976	2383	1489	-1.37	-0.25	n
152560976	2384	1488	-1.45	-0.17	n
152570976	2383	1488	-1.37	-0.17	n
152580976	2384	1488	-1.45	-0.17	n
152590985	2384	1488	-1.45	-0.17	n
152600985	2384	1489	-1.45	-0.25	n
152610984	2384	1488	-1.45	-0.17	n
152620984	2384	1488	-1.45	-0.17	n
152630984	2384	1489	-1.45	-0.25	n
152640984	2384	1488	-1.45	-0.17	n
152650984	2384	1488	-1.45	-0.17	n
152660983	2384	1488	-1.45	-0.17	n
152670984	2383	1488	-1.37	-0.17	n
152680983	2384	1488	-1.45	-0.17	n
152690983	2384	1488	-1.45	-0.17	n
152700983	2384	1489	-1.45	-0.25	n
152710983	2384	1488	-1.45	-0.17	n
152720982	2384	1488	-1.45	-0.17	n
152730981	2384	1488	-1.45	-0.17	n
152740981	2384	1489	-1.45	-0.25	n
152750981	2384	1489	-1.45	-0.25	n
152760981	2382	1488	-1.28	-0.17	n
152770981	2384	1489	-1.45	-0.25	n
152780980	2384	1488	-1.45	-0.17	n
152790980	2384	1488	-1.45	-0.17	n
152800980	2384	1488	-1.45	-0.17	n
152810979	2384	1489	-1.45	-0.25	n
152820979	2384	1488	-1.45	-0.17	n
152830979	2384	1488	-1.45	-0.17	n
152840979	2384	1488	-1.45	-0.17	Location:lat:35.504294lon:139.465260;;Date:2024/12/8;;Time:05:45:26:00;;
152850978	2384	1488	-1.45	-0.17	n
152860978	2383	1489	-1.37	-0.25	n
152870978	2384	1488	-1.45	-0.17	n
152880978	2384	1488	-1.45	-0.17	n
152890978	2384	1488	-1.45	-0.17	n
152900978	2384	1488	-1.45	-0.17	n
152910978	2384	1490	-1.45	-0.33	n
152920978	2384	1488	-1.45	-0.17	n
152930978	2383	1488	-1.37	-0.17	n
152940978	2384	1489	-1.45	-0.25	n
152950978	2384	1488	-1.45	-0.17	n
152960978	2384	1489	-1.45	-0.25	n
152970978	2384	1488	-1.45	-0.17	n
152980978	2383	1488	-1.37	-0.17	n
152990978	2384	1489	-1.45	-0.25	n
153000978	2384	1488	-1.45	-0.17	n
153010978	2384	1488	-1.45	-0.17	n
153020978	2384	1488	-1.45	-0.17	n
153030978	2384	1489	-1.45	-0.25	n
153040978	2384	1488	-1.45	-0.17	n
153050978	2384	1489	-1.45	-0.25	n
153060978	2384	1490	-1.45	-0.33	n
153070978	2384	1489	-1.45	-0.25	n
153080978	2384	1488	-1.45	-0.17	n
153090978	2383	1488	-1.37	-0.17	n
153100978	2383	1488	-1.37	-0.17	n
153110978	2384	1488	-1.45	-0.17	n
153120978	2384	1489	-1.45	-0.25	n
153130978	2384	1489	-1.45	-0.25	n
153140978	2384	1488	-1.45	-0.17	n
153150978	2384	1488	-1.45	-0.17	n
153160978	2384	1488	-1.45	-0.17	n
153170978	2384	1488	-1.45	-0.17	n
153180978	2383	1488	-1.37	-0.17	n
153190978	2383	1488	-1.37	-0.17	n
153200978	2384	1488	-1.45	-0.17	n
153210978	2384	1489	-1.45	-0.25	n
153220978	2384	1488	-1.45	-0.17	n
153230978	2384	1489	-1.45	-0.25	n
153240978	2384	1488	-1.45	-0.17	n
153250978	2384	1488	-1.45	-0.17	n
153260978	2384	1488	-1.45	-0.17	n
153270978	2383	1488	-1.37	-0.17	n
153280978	2384	1488	-1.45	-0.17	n
153290978	2384	1488	-1.45	-0.17	n
153300979	2384	1489	-1.45	-0.25	n
153310979	2383	1488	-1.37	-0.17	n
153320979	2384	1488	-1.45	-0.17	n
153330978	2384	1488	-1.45	-0.17	n
153340987	2384	1488	-1.45	-0.17	n
153350987	2383	1488	-1.37	-0.17	n
153360987	2384	1488	-1.45	-0.17	Location:lat:35.504295lon:139.465260;;Date:2024/12/8;;Time:05:45:27:00;;
153370987	2384	1488	-1.45	-0.17	n
153380987	2384	1488	-1.45	-0.17	n
153390986	2384	1488	-1.45	-0.17	n
153400986	2384	1489	-1.45	-0.25	n
153410986	2384	1488	-1.45	-0.17	n
153420985	2383	1488	-1.37	-0.17	n
153430985	2382	1488	-1.28	-0.17	n
153440984	2384	1489	-1.45	-0.25	n
153450984	2384	1489	-1.45	-0.25	n
153460984	2384	1488	-1.45	-0.17	n
153470984	2384	1488	-1.45	-0.17	Location:lat:35.504295lon:139.465260;;Time:05:45:27:00;;
153480983	2384	1488	-1.45	-0.17	n
153490983	2384	1488	-1.45	-0.17	n
153500983	2384	1488	-1.45	-0.17	n
153510983	2384	1488	-1.45	-0.17	n
153520983	2383	1488	-1.37	-0.17	n
153530983	2384	1488	-1.45	-0.17	n
153540983	2384	1488	-1.45	-0.17	n
153550983	2384	1488	-1.45	-0.17	n
153560983	2383	1489	-1.37	-0.25	n
153570983	2383	1488	-1.37	-0.17	n
153580983	2384	1488	-1.45	-0.17	n
153590982	2383	1489	-1.37	-0.25	n
153600982	2384	1488	-1.45	-0.17	n
153610982	2384	1488	-1.45	-0.17	n
153620982	2384	1488	-1.45	-0.17	n
153630982	2382	1489	-1.28	-0.25	n
153640981	2384	1488	-1.45	-0.17	n
153650981	2384	1488	-1.45	-0.17	n
153660980	2384	1488	-1.45	-0.17	n
153670980	2384	1488	-1.45	-0.17	n
153680979	2383	1488	-1.37	-0.17	n
153690978	2384	1488	-1.45	-0.17	n
153700978	2383	1488	-1.37	-0.17	n
153710978	2383	1488	-1.37	-0.17	n
153720981	2384	1488	-1.45	-0.17	n
153730981	2384	1489	-1.45	-0.25	n
153740980	2383	1488	-1.37	-0.17	n
153750980	2384	1488	-1.45	-0.17	n
153760979	2384	1488	-1.45	-0.17	n
153770979	2384	1488	-1.45	-0.17	n
153780979	2384	1488	-1.45	-0.17	n
153790979	2382	1489	-1.28	-0.25	n
153800978	2384	1488	-1.45	-0.17	n
153810979	2384	1488	-1.45	-0.17	n
153820979	2384	1488	-1.45	-0.17	n
153830979	2383	1489	-1.37	-0.25	n
153840979	2384	1488	-1.45	-0.17	Location:lat:35.504295lon:139.465260;;Date:2024/12/8;;Time:05:45:27:00;;
153850979	2384	1488	-1.45	-0.17	n
153860979	2384	1488	-1.45	-0.17	n
153870979	2384	1488	-1.45	-0.17	n
153880979	2383	1488	-1.37	-0.17	n
153890979	2384	1489	-1.45	-0.25	n
153900979	2383	1488	-1.37	-0.17	n
153910979	2383	1488	-1.37	-0.17	n
153920979	2384	1488	-1.45	-0.17	n
153930979	2383	1488	-1.37	-0.17	n
153940979	2384	1489	-1.45	-0.25	n
153950979	2384	1488	-1.45	-0.17	n
153960979	2383	1488	-1.37	-0.17	n
153970979	2384	1488	-1.45	-0.17	n
153980979	2384	1488	-1.45	-0.17	n
153990979	2383	1488	-1.37	-0.17	n
154000979	2384	1488	-1.45	-0.17	n
154010979	2384	1488	-1.45	-0.17	n
154020979	2384	1488	-1.45	-0.17	n
154030979	2384	1488	-1.45	-0.17	n
154040979	2384	1488	-1.45	-0.17	n
154050979	2383	1488	-1.37	-0.17	n
154060979	2384	1488	-1.45	-0.17	n
154070979	2383	1488	-1.37	-0.17	n
154080979	2384	1488	-1.45	-0.17	n
154090979	2384	1488	-1.45	-0.17	n
154100979	2383	1488	-1.37	-0.17	n
154110979	2383	1488	-1.37	-0.17	n
154120979	2384	1488	-1.45	-0.17	n
154130979	2384	1488	-1.45	-0.17	n
154140979	2384	1488	-1.45	-0.17	n
154150979	2384	1488	-1.45	-0.17	n
154160979	2383	1488	-1.37	-0.17	n
154170979	2384	1488	-1.45	-0.17	n
154180979	2384	1489	-1.45	-0.25	n
154190979	2384	1488	-1.45	-0.17	n
154200979	2383	1488	-1.37	-0.17	n
154210979	2384	1488	-1.45	-0.17	n
154220979	2384	1488	-1.45	-0.17	n
154230979	2383	1488	-1.37	-0.17	n
154240979	2384	1488	-1.45	-0.17	n
154250979	2384	1489	-1.45	-0.25	n
154260979	2384	1488	-1.45	-0.17	n
154270979	2384	1488	-1.45	-0.17	n
154280979	2384	1488	-1.45	-0.17	n
154290979	2384	1488	-1.45	-0.17	n
154300978	2383	1488	-1.37	-0.17	n
154310978	2384	1488	-1.45	-0.17	n
154320978	2384	1489	-1.45	-0.25	n
154330978	2384	1488	-1.45	-0.17	n
154340978	2384	1488	-1.45	-0.17	n
154350978	2384	1488	-1.45	-0.17	n
154360978	2384	1488	-1.45	-0.17	Location:lat:35.504294lon:139.465261;;Date:2024/12/8;;Time:05:45:28:00;;
154370978	2384	1488	-1.45	-0.17	n
154380977	2383	1489	-1.37	-0.25	n
154390977	2384	1488	-1.45	-0.17	n
154400976	2384	1488	-1.45	-0.17	n
154410975	2384	1488	-1.45	-0.17	n
154420976	2383	1488	-1.37	-0.17	n
154430976	2383	1488	-1.37	-0.17	n
154440976	2384	1488	-1.45	-0.17	n
154450975	2384	1489	-1.45	-0.25	n
154460975	2384	1488	-1.45	-0.17	n
154470975	2384	1488	-1.45	-0.17	Location:lat:35.504294lon:139.465261;;Time:05:45:28:00;;
154480975	2384	1488	-1.45	-0.17	n
154490975	2384	1488	-1.45	-0.17	n
154500974	2384	1488	-1.45	-0.17	n
154510975	2384	1489	-1.45	-0.25	n
154520975	2384	1488	-1.45	-0.17	n
154530974	2384	1489	-1.45	-0.25	n
154540974	2384	1488	-1.45	-0.17	n
154550974	2384	1489	-1.45	-0.25	n
154560974	2384	1488	-1.45	-0.17	n
154570974	2384	1489	-1.45	-0.25	n
154580974	2384	1488	-1.45	-0.17	n
154590974	2384	1488	-1.45	-0.17	n
154600974	2384	1489	-1.45	-0.25	n
154610974	2384	1489	-1.45	-0.25	n
154620974	2384	1488	-1.45	-0.17	n
154630974	2384	1488	-1.45	-0.17	n
154640974	2383	1489	-1.37	-0.25	n
154650974	2384	1488	-1.45	-0.17	n
154660973	2384	1489	-1.45	-0.25	n
154670981	2383	1488	-1.37	-0.17	n
154680980	2384	1489	-1.45	-0.25	n
154690979	2384	1488	-1.45	-0.17	n
154700979	2384	1489	-1.45	-0.25	n
154710979	2384	1490	-1.45	-0.33	n
154720979	2383	1488	-1.37	-0.17	n
154730979	2383	1488	-1.37	-0.17	n
154740978	2384	1488	-1.45	-0.17	n
154750978	2384	1488	-1.45	-0.17	n
154760978	2384	1488	-1.45	-0.17	n
154770977	2384	1488	-1.45	-0.17	n
154780977	2383	1488	-1.37	-0.17	n
154790977	2384	1488	-1.45	-0.17	n
154800977	2384	1489	-1.45	-0.25	n
154810976	2384	1488	-1.45	-0.17	n
154820976	2383	1488	-1.37	-0.17	n
154830976	2383	1488	-1.37	-0.17	n
154840975	2384	1488	-1.45	-0.17	Location:lat:35.504294lon:139.465261;;Date:2024/12/8;;Time:05:45:28:00;;
154850974	2384	1488	-1.45	-0.17	n
154860974	2384	1488	-1.45	-0.17	n
154870974	2383	1488	-1.37	-0.17	n
154880974	2385	1488	-1.53	-0.17	n
154890974	2384	1488	-1.45	-0.17	n
154900974	2384	1488	-1.45	-0.17	n
154910974	2384	1488	-1.45	-0.17	n
154920974	2384	1489	-1.45	-0.25	n
154930974	2384	1489	-1.45	-0.25	n
154940974	2383	1488	-1.37	-0.17	n
154950974	2384	1487	-1.45	-0.09	n
154960974	2383	1488	-1.37	-0.17	n
154970974	2384	1490	-1.45	-0.33	n
154980974	2383	1488	-1.37	-0.17	n
154990974	2383	1488	-1.37	-0.17	n
155000974	2384	1488	-1.45	-0.17	n
155010974	2383	1487	-1.37	-0.09	n
155020973	2384	1488	-1.45	-0.17	n
155030973	2382	1488	-1.28	-0.17	n
155040973	2384	1488	-1.45	-0.17	n
155050973	2384	1489	-1.45	-0.25	n
155060973	2384	1488	-1.45	-0.17	n
155070973	2382	1488	-1.28	-0.17	n
155080973	2383	1488	-1.37	-0.17	n
155090973	2384	1488	-1.45	-0.17	n
155100973	2383	1488	-1.37	-0.17	n
155110973	2384	1488	-1.45	-0.17	n
155120973	2384	1490	-1.45	-0.33	n
155130973	2384	1488	-1.45	-0.17	n
155140973	2384	1488	-1.45	-0.17	n
155150973	2383	1488	-1.37	-0.17	n
155160973	2384	1488	-1.45	-0.17	n
155170973	2384	1488	-1.45	-0.17	n
155180973	2384	1488	-1.45	-0.17	n
155190973	2384	1488	-1.45	-0.17	n
155200973	2384	1489	-1.45	-0.25	n
155210973	2384	1488	-1.45	-0.17	n
155220973	2384	1489	-1.45	-0.25	n
155230973	2383	1488	-1.37	-0.17	n
155240973	2384	1488	-1.45	-0.17	n
155250973	2384	1488	-1.45	-0.17	n
155260973	2384	1488	-1.45	-0.17	n
155270973	2384	1488	-1.45	-0.17	n
155280973	2382	1488	-1.28	-0.17	n
155290973	2384	1488	-1.45	-0.17	n
155300973	2384	1488	-1.45	-0.17	n
155310973	2384	1488	-1.45	-0.17	n
155320973	2384	1488	-1.45	-0.17	n
155330973	2384	1489	-1.45	-0.25	n
155340973	2384	1488	-1.45	-0.17	n
155350973	2383	1489	-1.37	-0.25	n
155360972	2384	1488	-1.45	-0.17	Location:lat:35.504288lon:139.465262;;Date:2024/12/8;;Time:05:45:29:00;;
155370972	2382	1488	-1.28	-0.17	n
155380971	2384	1488	-1.45	-0.17	n
155390971	2384	1489	-1.45	-0.25	n
155400971	2383	1488	-1.37	-0.17	n
155410971	2384	1488	-1.45	-0.17	n
155420971	2384	1488	-1.45	-0.17	n
155430971	2384	1488	-1.45	-0.17	n
155440971	2383	1489	-1.37	-0.25	n
155450971	2383	1488	-1.37	-0.17	n
155460970	2384	1489	-1.45	-0.25	n
155470969	2384	1488	-1.45	-0.17	Location:lat:35.504288lon:139.465262;;Time:05:45:29:00;;
155480969	2386	1488	-1.62	-0.17	n
155490968	2384	1488	-1.45	-0.17	n
155500968	2382	1488	-1.28	-0.17	n
155510967	2384	1489	-1.45	-0.25	n
155520966	2384	1488	-1.45	-0.17	n
155530966	2384	1488	-1.45	-0.17	n
155540965	2383	1488	-1.37	-0.17	n
155550965	2384	1488	-1.45	-0.17	n
155560965	2384	1488	-1.45	-0.17	n
155570965	2384	1489	-1.45	-0.25	n
155580965	2384	1488	-1.45	-0.17	n
155590965	2384	1488	-1.45	-0.17	n
155600964	2384	1488	-1.45	-0.17	n
155610964	2384	1488	-1.45	-0.17	n
155620964	2384	1488	-1.45	-0.17	n
155630964	2383	1488	-1.37	-0.17	n
155640965	2384	1488	-1.45	-0.17	n
155650965	2383	1488	-1.37	-0.17	n
155660965	2384	1488	-1.45	-0.17	n
155670965	2384	1488	-1.45	-0.17	n
155680965	2384	1488	-1.45	-0.17	n
155690965	2384	1488	-1.45	-0.17	n
155700965	2384	1489	-1.45	-0.25	n
155710965	2384	1489	-1.45	-0.25	n
155720965	2384	1488	-1.45	-0.17	n
155730965	2384	1488	-1.45	-0.17	n
155740965	2384	1488	-1.45	-0.17	n
155750965	2384	1488	-1.45	-0.17	n
155760965	2384	1488	-1.45	-0.17	n
155770965	2384	1488	-1.45	-0.17	n
155780965	2384	1488	-1.45	-0.17	n
155790965	2384	1488	-1.45	-0.17	n
155800965	2384	1488	-1.45	-0.17	n
155810965	2384	1488	-1.45	-0.17	n
155820965	2384	1489	-1.45	-0.25	n
155830964	2384	1489	-1.45	-0.25	n
155840964	2384	1488	-1.45	-0.17	Location:lat:35.504288lon:139.465262;;Date:2024/12/8;;Time:05:45:29:00;;
155850964	2384	1488	-1.45	-0.17	n
155860963	2384	1488	-1.45	-0.17	n
155870963	2384	1488	-1.45	-0.17	n
155880963	2384	1488	-1.45	-0.17	n
155890963	2384	1489	-1.45	-0.25	n
155900963	2384	1489	-1.45	-0.25	n
155910963	2383	1489	-1.37	-0.25	n
155920963	2384	1488	-1.45	-0.17	n
155930963	2383	1488	-1.37	-0.17	n
155940963	2383	1488	-1.37	-0.17	n
155950963	2384	1488	-1.45	-0.17	n
155960963	2384	1488	-1.45	-0.17	n
155970963	2383	1488	-1.37	-0.17	n
155980963	2384	1488	-1.45	-0.17	n
155990963	2384	1488	-1.45	-0.17	n
156000963	2384	1488	-1.45	-0.17	n
156010963	2384	1489	-1.45	-0.25	n
156020963	2384	1489	-1.45	-0.25	n
156030963	2383	1488	-1.37	-0.17	n
156040963	2383	1488	-1.37	-0.17	n
156050963	2384	1489	-1.45	-0.25	n
156060963	2383	1488	-1.37	-0.17	n
156070963	2384	1488	-1.45	-0.17	n
156080963	2384	1488	-1.45	-0.17	n
156090963	2384	1488	-1.45	-0.17	n
156100963	2384	1489	-1.45	-0.25	n
156110963	2384	1488	-1.45	-0.17	n
156120963	2384	1489	-1.45	-0.25	n
156130963	2384	1488	-1.45	-0.17	n
156140963	2383	1488	-1.37	-0.17	n
156150963	2384	1488	-1.45	-0.17	n
156160963	2384	1488	-1.45	-0.17	n
156170963	2384	1488	-1.45	-0.17	n
156180963	2384	1488	-1.45	-0.17	n
156190963	2383	1488	-1.37	-0.17	n
156200963	2384	1488	-1.45	-0.17	n
156210963	2384	1488	-1.45	-0.17	n
156220963	2383	1489	-1.37	-0.25	n
156230963	2384	1488	-1.45	-0.17	n
156240963	2383	1488	-1.37	-0.17	n
156250963	2384	1488	-1.45	-0.17	n
156260963	2384	1488	-1.45	-0.17	n
156270963	2384	1488	-1.45	-0.17	n
156280963	2384	1488	-1.45	-0.17	n
156290963	2384	1488	-1.45	-0.17	n
156300963	2384	1488	-1.45	-0.17	n
156310963	2384	1488	-1.45	-0.17	n
156320962	2383	1488	-1.37	-0.17	n
156330962	2383	1488	-1.37	-0.17	n
156340962	2383	1488	-1.37	-0.17	n
156350962	2383	1488	-1.37	-0.17	n
156360962	2383	1488	-1.37	-0.17	Location:lat:35.504289lon:139.465262;;Date:2024/12/8;;Time:05:45:30:00;;
156370962	2383	1488	-1.37	-0.17	n
156380961	2383	1488	-1.37	-0.17	n
156390961	2384	1488	-1.45	-0.17	n
156400961	2384	1489	-1.45	-0.25	n
156410962	2384	1488	-1.45	-0.17	n
156420961	2384	1488	-1.45	-0.17	n
156430960	2384	1488	-1.45	-0.17	n
156440960	2384	1488	-1.45	-0.17	n
156450959	2383	1488	-1.37	-0.17	n
156460960	2384	1489	-1.45	-0.25	n
156470959	2384	1488	-1.45	-0.17	Location:lat:35.504289lon:139.465262;;Time:05:45:30:00;;
156480959	2383	1488	-1.37	-0.17	n
156490959	2384	1488	-1.45	-0.17	n
156500958	2383	1488	-1.37	-0.17	n
156510958	2384	1489	-1.45	-0.25	n
156520958	2384	1488	-1.45	-0.17	n
156530958	2383	1488	-1.37	-0.17	n
156540958	2382	1488	-1.28	-0.17	n
156550958	2384	1488	-1.45	-0.17	n
156560958	2384	1488	-1.45	-0.17	n
156570958	2384	1488	-1.45	-0.17	n
156580958	2384	1489	-1.45	-0.25	n
156590958	2384	1488	-1.45	-0.17	n
156600957	2384	1488	-1.45	-0.17	n
156610956	2384	1489	-1.45	-0.25	n
156620956	2384	1488	-1.45	-0.17	n
156630956	2384	1488	-1.45	-0.17	n
156640956	2384	1488	-1.45	-0.17	n
156650957	2384	1488	-1.45	-0.17	n
156660966	2384	1488	-1.45	-0.17	n
156670966	2384	1488	-1.45	-0.17	n
156680966	2384	1488	-1.45	-0.17	n
156690966	2383	1490	-1.37	-0.33	n
156700966	2384	1488	-1.45	-0.17	n
156710967	2384	1489	-1.45	-0.25	n
156720966	2384	1489	-1.45	-0.25	n
156730966	2384	1488	-1.45	-0.17	n
156740965	2384	1489	-1.45	-0.25	n
156750965	2384	1488	-1.45	-0.17	n
156760965	2384	1488	-1.45	-0.17	n
156770965	2384	1488	-1.45	-0.17	n
156780965	2384	1488	-1.45	-0.17	n
156790965	2384	1488	-1.45	-0.17	n
156800965	2384	1489	-1.45	-0.25	n
156810965	2384	1489	-1.45	-0.25	n
156820965	2384	1489	-1.45	-0.25	n
156830964	2384	1488	-1.45	-0.17	n
156840964	2384	1488	-1.45	-0.17	Location:lat:35.504289lon:139.465262;;Date:2024/12/8;;Time:05:45:30:00;;
156850964	2384	1488	-1.45	-0.17	n
156860963	2382	1488	-1.28	-0.17	n
156870963	2384	1488	-1.45	-0.17	n
156880963	2384	1488	-1.45	-0.17	n
156890963	2384	1488	-1.45	-0.17	n
156900963	2384	1488	-1.45	-0.17	n
156910963	2384	1488	-1.45	-0.17	n
156920963	2384	1489	-1.45	-0.25	n
156930963	2384	1488	-1.45	-0.17	n
156940963	2384	1488	-1.45	-0.17	n
156950963	2384	1488	-1.45	-0.17	n
156960963	2384	1489	-1.45	-0.25	n
156970963	2384	1490	-1.45	-0.33	n
156980963	2384	1489	-1.45	-0.25	n
156990963	2384	1488	-1.45	-0.17	n
157000963	2384	1488	-1.45	-0.17	n
157010963	2383	1488	-1.37	-0.17	n
157020963	2384	1488	-1.45	-0.17	n
157030963	2383	1488	-1.37	-0.17	n
157040963	2384	1488	-1.45	-0.17	n
157050963	2383	1488	-1.37	-0.17	n
157060963	2382	1488	-1.28	-0.17	n
157070963	2384	1488	-1.45	-0.17	n
157080963	2384	1488	-1.45	-0.17	n
157090963	2384	1488	-1.45	-0.17	n
157100963	2384	1488	-1.45	-0.17	n
157110963	2384	1488	-1.45	-0.17	n
157120963	2383	1488	-1.37	-0.17	n
157130963	2384	1489	-1.45	-0.25	n
157140963	2384	1488	-1.45	-0.17	n
157150963	2384	1489	-1.45	-0.25	n
157160963	2383	1488	-1.37	-0.17	n
157170963	2384	1488	-1.45	-0.17	n
157180963	2384	1488	-1.45	-0.17	n
157190963	2384	1488	-1.45	-0.17	n
157200963	2384	1488	-1.45	-0.17	n
157210963	2384	1488	-1.45	-0.17	n
157220963	2384	1488	-1.45	-0.17	n
157230963	2384	1488	-1.45	-0.17	n
157240963	2384	1489	-1.45	-0.25	n
157250963	2384	1488	-1.45	-0.17	n
157260963	2384	1488	-1.45	-0.17	n
157270963	2384	1488	-1.45	-0.17	n
157280963	2384	1488	-1.45	-0.17	n
157290963	2384	1490	-1.45	-0.33	n
157300963	2383	1488	-1.37	-0.17	n
157310962	2384	1489	-1.45	-0.25	n
157320961	2383	1488	-1.37	-0.17	n
157330962	2384	1488	-1.45	-0.17	n
157340962	2384	1488	-1.45	-0.17	n
157350961	2384	1488	-1.45	-0.17	n
157360961	2383	1489	-1.37	-0.25	Location:lat:35.504286lon:139.465264;;Date:2024/12/8;;Time:05:45:31:00;;
157370960	2384	1489	-1.45	-0.25	n
157380960	2384	1489	-1.45	-0.25	n
157390960	2384	1488	-1.45	-0.17	n
157400960	2384	1488	-1.45	-0.17	n
157410960	2384	1488	-1.45	-0.17	n
157420960	2384	1488	-1.45	-0.17	n
157430960	2384	1488	-1.45	-0.17	n
157440960	2383	1488	-1.37	-0.17	n
157450960	2383	1488	-1.37	-0.17	n
157460960	2384	1489	-1.45	-0.25	n
157470959	2384	1488	-1.45	-0.17	Location:lat:35.504286lon:139.465264;;Time:05:45:31:00;;
157480960	2384	1488	-1.45	-0.17	n
157490959	2384	1488	-1.45	-0.17	n
157500959	2384	1488	-1.45	-0.17	n
157510959	2384	1488	-1.45	-0.17	n
157520959	2384	1488	-1.45	-0.17	n
157530959	2384	1489	-1.45	-0.25	n
157540959	2384	1488	-1.45	-0.17	n
157550959	2384	1488	-1.45	-0.17	n
157560959	2384	1488	-1.45	-0.17	n
157570959	2383	1488	-1.37	-0.17	n
157580959	2384	1488	-1.45	-0.17	n
157590959	2383	1488	-1.37	-0.17	n
157600959	2384	1488	-1.45	-0.17	n
157610958	2384	1488	-1.45	-0.17	n
157620959	2384	1488	-1.45	-0.17	n
157630959	2384	1488	-1.45	-0.17	n
157640959	2384	1488	-1.45	-0.17	n
157650959	2384	1488	-1.45	-0.17	n
157660959	2383	1488	-1.37	-0.17	n
157670958	2384	1489	-1.45	-0.25	n
157680958	2384	1488	-1.45	-0.17	n
157690957	2384	1488	-1.45	-0.17	n
157700958	2384	1489	-1.45	-0.25	n
157710958	2384	1488	-1.45	-0.17	n
157720957	2384	1488	-1.45	-0.17	n
157730957	2384	1488	-1.45	-0.17	n
157740956	2384	1488	-1.45	-0.17	n
157750956	2384	1488	-1.45	-0.17	n
157760956	2384	1488	-1.45	-0.17	n
157770956	2384	1488	-1.45	-0.17	n
157780956	2384	1488	-1.45	-0.17	n
157790956	2384	1488	-1.45	-0.17	n
157800956	2383	1489	-1.37	-0.25	n
157810956	2384	1488	-1.45	-0.17	n
157820956	2384	1488	-1.45	-0.17	n
157830956	2384	1488	-1.45	-0.17	n
157840955	2384	1488	-1.45	-0.17	Location:lat:35.504286lon:139.465264;;Date:2024/12/8;;Time:05:45:31:00;;
157850955	2384	1488	-1.45	-0.17	n
157860955	2384	1489	-1.45	-0.25	n
157870955	2383	1488	-1.37	-0.17	n
157880955	2384	1488	-1.45	-0.17	n
157890955	2384	1488	-1.45	-0.17	n
157900955	2383	1488	-1.37	-0.17	n
157910955	2384	1489	-1.45	-0.25	n
157920955	2383	1488	-1.37	-0.17	n
157930955	2384	1488	-1.45	-0.17	n
157940955	2384	1488	-1.45	-0.17	n
157950955	2384	1488	-1.45	-0.17	n
157960955	2384	1488	-1.45	-0.17	n
157970955	2383	1488	-1.37	-0.17	n
157980955	2383	1488	-1.37	-0.17	n
157990955	2382	1488	-1.28	-0.17	n
158000955	2384	1488	-1.45	-0.17	n
158010955	2384	1488	-1.45	-0.17	n
158020955	2384	1488	-1.45	-0.17	n
158030955	2383	1488	-1.37	-0.17	n
158040955	2384	1488	-1.45	-0.17	n
158050955	2383	1489	-1.37	-0.25	n
158060955	2383	1488	-1.37	-0.17	n
158070955	2384	1489	-1.45	-0.25	n
158080955	2384	1489	-1.45	-0.25	n
158090955	2384	1488	-1.45	-0.17	n
158100955	2384	1488	-1.45	-0.17	n
158110955	2384	1488	-1.45	-0.17	n
158120955	2384	1488	-1.45	-0.17	n
158130955	2384	1489	-1.45	-0.25	n
158140955	2384	1489	-1.45	-0.25	n
158150955	2384	1488	-1.45	-0.17	n
158160955	2384	1488	-1.45	-0.17	n
158170955	2384	1489	-1.45	-0.25	n
158180955	2384	1488	-1.45	-0.17	n
158190955	2384	1489	-1.45	-0.25	n
158200955	2384	1488	-1.45	-0.17	n
158210955	2384	1489	-1.45	-0.25	n
158220955	2384	1488	-1.45	-0.17	n
158230955	2384	1489	-1.45	-0.25	n
158240955	2383	1489	-1.37	-0.25	n
158250955	2384	1489	-1.45	-0.25	n
158260955	2384	1488	-1.45	-0.17	n
158270955	2384	1490	-1.45	-0.33	n
158280955	2384	1488	-1.45	-0.17	n
158290955	2384	1488	-1.45	-0.17	n
158300955	2384	1488	-1.45	-0.17	n
158310955	2384	1488	-1.45	-0.17	n
158320955	2384	1488	-1.45	-0.17	n
158330955	2384	1488	-1.45	-0.17	n
158340954	2384	1488	-1.45	-0.17	n
158350954	2384	1488	-1.45	-0.17	n
158360954	2384	1488	-1.45	-0.17	Location:lat:35.504289lon:139.465264;;Date:2024/12/8;;Time:05:45:32:00;;
158370954	2384	1488	-1.45	-0.17	n
158380954	2384	1488	-1.45	-0.17	n
158390954	2384	1488	-1.45	-0.17	n
158400954	2383	1488	-1.37	-0.17	n
158410954	2384	1488	-1.45	-0.17	n
158420954	2384	1488	-1.45	-0.17	n
158430954	2384	1488	-1.45	-0.17	n
158440954	2384	1488	-1.45	-0.17	n
158450954	2382	1488	-1.28	-0.17	n
158460955	2384	1488	-1.45	-0.17	n
158470955	2383	1488	-1.37	-0.17	Location:lat:35.504289lon:139.465264;;Time:05:45:32:00;;
158480956	2384	1488	-1.45	-0.17	n
158490956	2384	1488	-1.45	-0.17	n
158500956	2383	1488	-1.37	-0.17	n
158510956	2384	1488	-1.45	-0.17	n
158520956	2384	1489	-1.45	-0.25	n
158530955	2383	1488	-1.37	-0.17	n
158540955	2384	1488	-1.45	-0.17	n
158550955	2384	1488	-1.45	-0.17	n
158560955	2384	1488	-1.45	-0.17	n
158570954	2384	1488	-1.45	-0.17	n
158580954	2383	1488	-1.37	-0.17	n
158590954	2383	1488	-1.37	-0.17	n
158600954	2384	1488	-1.45	-0.17	n
158610954	2384	1488	-1.45	-0.17	n
158620954	2385	1488	-1.53	-0.17	n
158630954	2384	1488	-1.45	-0.17	n
158640954	2384	1488	-1.45	-0.17	n
158650953	2384	1489	-1.45	-0.25	n
158660953	2384	1489	-1.45	-0.25	n
158670953	2384	1489	-1.45	-0.25	n
158680953	2383	1488	-1.37	-0.17	n
158690952	2383	1488	-1.37	-0.17	n
158700951	2384	1488	-1.45	-0.17	n
158710951	2384	1488	-1.45	-0.17	n
158720951	2383	1488	-1.37	-0.17	n
158730951	2384	1488	-1.45	-0.17	n
158740951	2383	1488	-1.37	-0.17	n
158750950	2384	1488	-1.45	-0.17	n
158760950	2384	1489	-1.45	-0.25	n
158770950	2383	1488	-1.37	-0.17	n
158780951	2384	1488	-1.45	-0.17	n
158790952	2383	1489	-1.37	-0.25	n
158800952	2384	1488	-1.45	-0.17	n
158810952	2384	1488	-1.45	-0.17	n
158820953	2384	1488	-1.45	-0.17	n
158830953	2383	1488	-1.37	-0.17	n
158840954	2384	1488	-1.45	-0.17	Location:lat:35.504289lon:139.465264;;Date:2024/12/8;;Time:05:45:32:00;;
158850953	2384	1488	-1.45	-0.17	n
158860952	2384	1488	-1.45	-0.17	n
158870952	2384	1488	-1.45	-0.17	n
158880952	2384	1488	-1.45	-0.17	n
158890952	2384	1488	-1.45	-0.17	n
158900952	2384	1489	-1.45	-0.25	n
158910952	2383	1489	-1.37	-0.25	n
158920952	2384	1488	-1.45	-0.17	n
158930952	2383	1488	-1.37	-0.17	n
158940952	2384	1489	-1.45	-0.25	n
158950952	2383	1488	-1.37	-0.17	n
158960952	2383	1488	-1.37	-0.17	n
158970952	2384	1488	-1.45	-0.17	n
158980952	2383	1488	-1.37	-0.17	n
158990952	2384	1488	-1.45	-0.17	n
159000952	2384	1488	-1.45	-0.17	n
159010952	2384	1489	-1.45	-0.25	n
159020952	2384	1488	-1.45	-0.17	n
159030952	2384	1488	-1.45	-0.17	n
159040952	2384	1488	-1.45	-0.17	n
159050952	2384	1488	-1.45	-0.17	n
159060952	2384	1488	-1.45	-0.17	n
159070952	2383	1488	-1.37	-0.17	n
159080952	2384	1488	-1.45	-0.17	n
159090952	2382	1488	-1.28	-0.17	n
159100952	2383	1488	-1.37	-0.17	n
159110952	2383	1488	-1.37	-0.17	n
159120952	2384	1488	-1.45	-0.17	n
159130952	2384	1488	-1.45	-0.17	n
159140952	2384	1488	-1.45	-0.17	n
159150952	2384	1488	-1.45	-0.17	n
159160952	2384	1488	-1.45	-0.17	n
159170952	2384	1488	-1.45	-0.17	n
159180952	2384	1489	-1.45	-0.25	n
159190952	2384	1488	-1.45	-0.17	n
159200952	2384	1488	-1.45	-0.17	n
159210952	2384	1488	-1.45	-0.17	n
159220952	2384	1488	-1.45	-0.17	n
159230952	2384	1489	-1.45	-0.25	n
159240952	2384	1488	-1.45	-0.17	n
159250952	2383	1488	-1.37	-0.17	n
159260952	2383	1488	-1.37	-0.17	n
159270952	2384	1488	-1.45	-0.17	n
159280952	2383	1488	-1.37	-0.17	n
159290952	2384	1488	-1.45	-0.17	n
159300952	2383	1488	-1.37	-0.17	n
159310952	2384	1488	-1.45	-0.17	n
159320953	2383	1488	-1.37	-0.17	n
159330954	2383	1488	-1.37	-0.17	n
159340954	2384	1488	-1.45	-0.17	n
159350953	2383	1488	-1.37	-0.17	n
159360953	2384	1488	-1.45	-0.17	Location:lat:35.504290lon:139.465263;;Date:2024/12/8;;Time:05:45:33:00;;
159370953	2382	1488	-1.28	-0.17	n
159380955	2384	1488	-1.45	-0.17	n
159390955	2384	1488	-1.45	-0.17	n
159400956	2384	1488	-1.45	-0.17	n
159410955	2384	1488	-1.45	-0.17	n
159420955	2382	1488	-1.28	-0.17	n
159430954	2384	1488	-1.45	-0.17	n
159440954	2383	1488	-1.37	-0.17	n
159450955	2384	1488	-1.45	-0.17	n
159460954	2384	1488	-1.45	-0.17	n
159470954	2384	1488	-1.45	-0.17	Location:lat:35.504290lon:139.465263;;Time:05:45:33:00;;
159480954	2384	1488	-1.45	-0.17	n
159490954	2384	1488	-1.45	-0.17	n
159500954	2384	1488	-1.45	-0.17	n
159510954	2384	1488	-1.45	-0.17	n
159520954	2384	1488	-1.45	-0.17	n
159530954	2384	1488	-1.45	-0.17	n
159540954	2384	1488	-1.45	-0.17	n
159550954	2383	1488	-1.37	-0.17	n
159560953	2384	1488	-1.45	-0.17	n
159570953	2384	1488	-1.45	-0.17	n
159580953	2383	1488	-1.37	-0.17	n
159590953	2384	1488	-1.45	-0.17	n
159600952	2384	1488	-1.45	-0.17	n
159610955	2384	1488	-1.45	-0.17	n
159620955	2384	1488	-1.45	-0.17	n
159630955	2383	1489	-1.37	-0.25	n
159640955	2383	1488	-1.37	-0.17	n
159650954	2384	1489	-1.45	-0.25	n
159660954	2381	1488	-1.20	-0.17	n
159670953	2384	1488	-1.45	-0.17	n
159680953	2384	1488	-1.45	-0.17	n
159690953	2384	1488	-1.45	-0.17	n
159700953	2384	1488	-1.45	-0.17	n
159710962	2382	1488	-1.28	-0.17	n
159720962	2384	1488	-1.45	-0.17	n
159730962	2384	1489	-1.45	-0.25	n
159740962	2384	1488	-1.45	-0.17	n
159750962	2384	1489	-1.45	-0.25	n
159760962	2384	1488	-1.45	-0.17	n
159770962	2384	1488	-1.45	-0.17	n
159780962	2384	1489	-1.45	-0.25	n
159790962	2384	1488	-1.45	-0.17	n
159800962	2383	1488	-1.37	-0.17	n
159810962	2384	1489	-1.45	-0.25	n
159820962	2384	1488	-1.45	-0.17	n
159830961	2384	1488	-1.45	-0.17	n
159840962	2383	1488	-1.37	-0.17	Location:lat:35.504290lon:139.465263;;Date:2024/12/8;;Time:05:45:33:00;;
159850962	2384	1489	-1.45	-0.25	n
159860961	2384	1488	-1.45	-0.17	n
159870962	2384	1488	-1.45	-0.17	n
159880962	2384	1488	-1.45	-0.17	n
159890962	2384	1488	-1.45	-0.17	n
159900962	2384	1488	-1.45	-0.17	n
159910962	2384	1488	-1.45	-0.17	n
159920962	2384	1489	-1.45	-0.25	n
159930962	2384	1488	-1.45	-0.17	n
159940962	2384	1488	-1.45	-0.17	n
159950962	2384	1488	-1.45	-0.17	n
159960962	2384	1488	-1.45	-0.17	n
159970962	2383	1488	-1.37	-0.17	n
159980962	2383	1488	-1.37	-0.17	n
159990962	2384	1488	-1.45	-0.17	n
160000962	2384	1488	-1.45	-0.17	n
160010962	2384	1488	-1.45	-0.17	n
160020962	2384	1488	-1.45	-0.17	n
160030962	2384	1489	-1.45	-0.25	n
160040962	2384	1488	-1.45	-0.17	n
160050962	2384	1488	-1.45	-0.17	n
160060962	2384	1488	-1.45	-0.17	n
160070962	2384	1488	-1.45	-0.17	n
160080962	2384	1488	-1.45	-0.17	n
160090962	2383	1488	-1.37	-0.17	n
160100962	2384	1489	-1.45	-0.25	n
160110962	2384	1488	-1.45	-0.17	n
160120962	2383	1488	-1.37	-0.17	n
160130962	2383	1488	-1.37	-0.17	n
160140962	2384	1488	-1.45	-0.17	n
160150962	2384	1488	-1.45	-0.17	n
160160962	2384	1488	-1.45	-0.17	n
160170962	2384	1488	-1.45	-0.17	n
160180962	2383	1488	-1.37	-0.17	n
160190962	2383	1489	-1.37	-0.25	n
160200962	2384	1489	-1.45	-0.25	n
160210962	2384	1489	-1.45	-0.25	n
160220962	2383	1488	-1.37	-0.17	n
160230962	2383	1488	-1.37	-0.17	n
160240962	2384	1488	-1.45	-0.17	n
160250962	2384	1488	-1.45	-0.17	n
160260962	2383	1488	-1.37	-0.17	n
160270962	2384	1488	-1.45	-0.17	n
160280962	2384	1488	-1.45	-0.17	n
160290962	2383	1488	-1.37	-0.17	n
160300962	2384	1488	-1.45	-0.17	n
160310962	2384	1488	-1.45	-0.17	n
160320962	2384	1488	-1.45	-0.17	n
160330962	2384	1488	-1.45	-0.17	n
160340962	2384	1488	-1.45	-0.17	n
160350962	2384	1489	-1.45	-0.25	n
160360962	2384	1488	-1.45	-0.17	Location:lat:35.504290lon:139.465264;;Date:2024/12/8;;Time:05:45:34:00;;
160370961	2384	1488	-1.45	-0.17	n
160380962	2384	1489	-1.45	-0.25	n
160390962	2384	1488	-1.45	-0.17	n
160400962	2384	1488	-1.45	-0.17	n
160410962	2383	1488	-1.37	-0.17	n
160420961	2384	1488	-1.45	-0.17	n
160430961	2384	1490	-1.45	-0.33	n
160440962	2383	1488	-1.37	-0.17	n
160450962	2384	1488	-1.45	-0.17	n
160460962	2384	1489	-1.45	-0.25	n
160470962	2384	1489	-1.45	-0.25	Location:lat:35.504290lon:139.465264;;Time:05:45:34:00;;
160480961	2383	1488	-1.37	-0.17	n
160490961	2384	1488	-1.45	-0.17	n
160500961	2384	1489	-1.45	-0.25	n
160510961	2383	1489	-1.37	-0.25	n
160520961	2384	1488	-1.45	-0.17	n
160530960	2384	1489	-1.45	-0.25	n
160540960	2384	1488	-1.45	-0.17	n
160550959	2384	1488	-1.45	-0.17	n
160560959	2383	1488	-1.37	-0.17	n
160570959	2384	1488	-1.45	-0.17	n
160580958	2384	1488	-1.45	-0.17	n
160590958	2384	1489	-1.45	-0.25	n
160600957	2384	1488	-1.45	-0.17	n
160610958	2384	1488	-1.45	-0.17	n
160620958	2384	1488	-1.45	-0.17	n
160630957	2384	1488	-1.45	-0.17	n
160640958	2383	1488	-1.37	-0.17	n
160650958	2384	1488	-1.45	-0.17	n
160660958	2384	1488	-1.45	-0.17	n
160670958	2384	1489	-1.45	-0.25	n
160680958	2384	1489	-1.45	-0.25	n
160690958	2384	1489	-1.45	-0.25	n
160700958	2384	1488	-1.45	-0.17	n
160710958	2384	1488	-1.45	-0.17	n
160720958	2383	1488	-1.37	-0.17	n
160730958	2383	1488	-1.37	-0.17	n
160740957	2384	1488	-1.45	-0.17	n
160750957	2384	1488	-1.45	-0.17	n
160760956	2384	1488	-1.45	-0.17	n
160770957	2382	1488	-1.28	-0.17	n
160780957	2384	1488	-1.45	-0.17	n
160790957	2384	1488	-1.45	-0.17	n
160800957	2383	1489	-1.37	-0.25	n
160810957	2384	1488	-1.45	-0.17	n
160820957	2384	1489	-1.45	-0.25	n
160830957	2384	1489	-1.45	-0.25	n
160840957	2383	1488	-1.37	-0.17	Location:lat:35.504290lon:139.465264;;Date:2024/12/8;;Time:05:45:34:00;;
160850957	2384	1488	-1.45	-0.17	n
160860956	2384	1488	-1.45	-0.17	n
160870956	2384	1488	-1.45	-0.17	n
160880956	2384	1488	-1.45	-0.17	n
160890956	2384	1488	-1.45	-0.17	n
160900956	2384	1489	-1.45	-0.25	n
160910956	2384	1488	-1.45	-0.17	n
160920956	2384	1488	-1.45	-0.17	n
160930956	2383	1488	-1.37	-0.17	n
160940956	2385	1488	-1.53	-0.17	n
160950956	2384	1488	-1.45	-0.17	n
160960956	2384	1488	-1.45	-0.17	n
160970956	2384	1488	-1.45	-0.17	n
160980956	2384	1489	-1.45	-0.25	n
160990956	2383	1488	-1.37	-0.17	n
161000956	2384	1488	-1.45	-0.17	n
161010956	2383	1488	-1.37	-0.17	n
161020956	2384	1488	-1.45	-0.17	n
161030956	2384	1488	-1.45	-0.17	n
161040956	2383	1488	-1.37	-0.17	n
161050956	2384	1488	-1.45	-0.17	n
161060956	2384	1488	-1.45	-0.17	n
161070956	2384	1488	-1.45	-0.17	n
161080956	2384	1488	-1.45	-0.17	n
161090956	2384	1489	-1.45	-0.25	n
161100956	2384	1488	-1.45	-0.17	n
161110956	2384	1488	-1.45	-0.17	n
161120956	2384	1488	-1.45	-0.17	n
161130956	2383	1488	-1.37	-0.17	n
161140956	2384	1488	-1.45	-0.17	n
161150956	2384	1488	-1.45	-0.17	n
161160956	2383	1489	-1.37	-0.25	n
161170956	2384	1488	-1.45	-0.17	n
161180956	2384	1488	-1.45	-0.17	n
161190956	2382	1488	-1.28	-0.17	n
161200956	2384	1488	-1.45	-0.17	n
161210956	2384	1489	-1.45	-0.25	n
161220956	2384	1488	-1.45	-0.17	n
161230956	2384	1488	-1.45	-0.17	n
161240956	2383	1489	-1.37	-0.25	n
161250956	2384	1488	-1.45	-0.17	n
161260956	2384	1488	-1.45	-0.17	n
161270956	2383	1489	-1.37	-0.25	n
161280956	2384	1488	-1.45	-0.17	n
161290956	2384	1488	-1.45	-0.17	n
161300956	2383	1488	-1.37	-0.17	n
161310955	2383	1488	-1.37	-0.17	n
161320955	2383	1488	-1.37	-0.17	n
161330955	2384	1488	-1.45	-0.17	n
161340955	2384	1488	-1.45	-0.17	n
161350955	2385	1488	-1.53	-0.17	n
161360955	2384	1488	-1.45	-0.17	Location:lat:35.504288lon:139.465267;;Date:2024/12/8;;Time:05:45:35:00;;
161370956	2384	1488	-1.45	-0.17	n
161380955	2384	1488	-1.45	-0.17	n
161390955	2384	1489	-1.45	-0.25	n
161400954	2384	1488	-1.45	-0.17	n
161410954	2384	1489	-1.45	-0.25	n
161420954	2384	1488	-1.45	-0.17	n
161430954	2384	1488	-1.45	-0.17	n
161440955	2384	1488	-1.45	-0.17	n
161450955	2383	1488	-1.37	-0.17	n
161460955	2384	1488	-1.45	-0.17	n
161470955	2383	1488	-1.37	-0.17	Location:lat:35.504288lon:139.465267;;Time:05:45:35:00;;
161480954	2384	1488	-1.45	-0.17	n
161490953	2384	1489	-1.45	-0.25	n
161500953	2384	1488	-1.45	-0.17	n
161510953	2384	1488	-1.45	-0.17	n
161520953	2384	1488	-1.45	-0.17	n
161530952	2384	1488	-1.45	-0.17	n
161540952	2384	1488	-1.45	-0.17	n
161550952	2384	1488	-1.45	-0.17	n
161560952	2384	1488	-1.45	-0.17	n
161570952	2384	1488	-1.45	-0.17	n
161580952	2383	1488	-1.37	-0.17	n
161590952	2382	1488	-1.28	-0.17	n
161600952	2384	1489	-1.45	-0.25	n
161610952	2383	1489	-1.37	-0.25	n
161620951	2384	1488	-1.45	-0.17	n
161630951	2384	1488	-1.45	-0.17	n
161640950	2384	1488	-1.45	-0.17	n
161650950	2383	1488	-1.37	-0.17	n
161660951	2383	1488	-1.37	-0.17	n
161670951	2384	1488	-1.45	-0.17	n
161680954	2384	1488	-1.45	-0.17	n
161690954	2384	1489	-1.45	-0.25	n
161700954	2384	1488	-1.45	-0.17	n
161710954	2384	1488	-1.45	-0.17	n
161720953	2383	1488	-1.37	-0.17	n
161730954	2384	1488	-1.45	-0.17	n
161740954	2384	1488	-1.45	-0.17	n
161750954	2384	1488	-1.45	-0.17	n
161760953	2384	1488	-1.45	-0.17	n
161770953	2383	1489	-1.37	-0.25	n
161780960	2384	1488	-1.45	-0.17	n
161790960	2384	1489	-1.45	-0.25	n
161800959	2383	1488	-1.37	-0.17	n
161810959	2384	1488	-1.45	-0.17	n
161820959	2384	1488	-1.45	-0.17	n
161830959	2384	1488	-1.45	-0.17	n
161840959	2384	1488	-1.45	-0.17	Location:lat:35.504288lon:139.465267;;Date:2024/12/8;;Time:05:45:35:00;;
161850958	2383	1488	-1.37	-0.17	n
161860958	2384	1488	-1.45	-0.17	n
161870958	2382	1488	-1.28	-0.17	n
161880958	2384	1488	-1.45	-0.17	n
161890958	2384	1488	-1.45	-0.17	n
161900958	2384	1489	-1.45	-0.25	n
161910958	2384	1489	-1.45	-0.25	n
161920958	2384	1488	-1.45	-0.17	n
161930958	2384	1488	-1.45	-0.17	n
161940958	2384	1489	-1.45	-0.25	n
161950958	2384	1488	-1.45	-0.17	n
161960958	2383	1489	-1.37	-0.25	n
161970958	2384	1490	-1.45	-0.33	n
161980958	2384	1488	-1.45	-0.17	n
161990958	2383	1488	-1.37	-0.17	n
162000958	2384	1488	-1.45	-0.17	n
162010958	2384	1488	-1.45	-0.17	n
162020958	2384	1488	-1.45	-0.17	n
162030958	2384	1489	-1.45	-0.25	n
162040958	2384	1488	-1.45	-0.17	n
162050958	2384	1489	-1.45	-0.25	n
162060958	2384	1488	-1.45	-0.17	n
162070958	2384	1489	-1.45	-0.25	n
162080958	2384	1488	-1.45	-0.17	n
162090958	2383	1488	-1.37	-0.17	n
162100958	2383	1488	-1.37	-0.17	n
162110958	2383	1488	-1.37	-0.17	n
162120958	2384	1488	-1.45	-0.17	n
162130958	2384	1488	-1.45	-0.17	n
162140958	2383	1488	-1.37	-0.17	n
162150958	2383	1488	-1.37	-0.17	n
162160958	2384	1489	-1.45	-0.25	n
162170958	2383	1488	-1.37	-0.17	n
162180958	2383	1488	-1.37	-0.17	n
162190958	2384	1488	-1.45	-0.17	n
162200958	2383	1488	-1.37	-0.17	n
162210958	2384	1489	-1.45	-0.25	n
162220958	2382	1488	-1.28	-0.17	n
162230958	2382	1488	-1.28	-0.17	n
162240958	2384	1489	-1.45	-0.25	n
162250958	2384	1488	-1.45	-0.17	n
162260958	2384	1488	-1.45	-0.17	n
162270958	2384	1487	-1.45	-0.09	n
162280958	2384	1488	-1.45	-0.17	n
162290958	2383	1488	-1.37	-0.17	n
162300958	2384	1489	-1.45	-0.25	n
162310958	2384	1488	-1.45	-0.17	n
162320959	2383	1488	-1.37	-0.17	n
162330960	2384	1488	-1.45	-0.17	n
162340960	2383	1487	-1.37	-0.09	n
162350960	2383	1488	-1.37	-0.17	n
162360960	2384	1488	-1.45	-0.17	Location:lat:35.504286lon:139.465268;;Date:2024/12/8;;Time:05:45:36:00;;
162370960	2384	1490	-1.45	-0.33	n
162380960	2383	1488	-1.37	-0.17	n
162390960	2384	1488	-1.45	-0.17	n
162400959	2385	1488	-1.53	-0.17	n
162410959	2383	1488	-1.37	-0.17	n
162420959	2384	1488	-1.45	-0.17	n
162430959	2384	1488	-1.45	-0.17	n
162440958	2383	1489	-1.37	-0.25	n
162450959	2384	1488	-1.45	-0.17	n
162460959	2383	1488	-1.37	-0.17	n
162470959	2384	1488	-1.45	-0.17	Location:lat:35.504286lon:139.465268;;Time:05:45:36:00;;
162480959	2384	1488	-1.45	-0.17	n
162490960	2384	1488	-1.45	-0.17	n
162500960	2384	1488	-1.45	-0.17	n
162510960	2384	1488	-1.45	-0.17	n
162520959	2384	1489	-1.45	-0.25	n
162530959	2383	1488	-1.37	-0.17	n
162540959	2384	1489	-1.45	-0.25	n
162550959	2384	1488	-1.45	-0.17	n
162560959	2384	1488	-1.45	-0.17	n
162570958	2384	1488	-1.45	-0.17	n
162580957	2384	1488	-1.45	-0.17	n
162590957	2384	1488	-1.45	-0.17	n
162600957	2384	1488	-1.45	-0.17	n
162610957	2384	1489	-1.45	-0.25	n
162620957	2384	1489	-1.45	-0.25	n
162630965	2384	1489	-1.45	-0.25	n
162640964	2383	1488	-1.37	-0.17	n
162650964	2384	1488	-1.45	-0.17	n
162660964	2383	1487	-1.37	-0.09	n
162670964	2384	1488	-1.45	-0.17	n
162680963	2384	1488	-1.45	-0.17	n
162690963	2384	1488	-1.45	-0.17	n
162700963	2384	1488	-1.45	-0.17	n
162710963	2384	1488	-1.45	-0.17	n
162720962	2384	1488	-1.45	-0.17	n
162730961	2384	1488	-1.45	-0.17	n
162740961	2383	1489	-1.37	-0.25	n
162750960	2384	1490	-1.45	-0.33	n
162760960	2384	1488	-1.45	-0.17	n
162770960	2384	1488	-1.45	-0.17	n
162780960	2384	1488	-1.45	-0.17	n
162790960	2384	1488	-1.45	-0.17	n
162800960	2384	1488	-1.45	-0.17	n
162810960	2383	1488	-1.37	-0.17	n
162820960	2384	1489	-1.45	-0.25	n
162830959	2384	1488	-1.45	-0.17	n
162840959	2383	1488	-1.37	-0.17	Location:lat:35.504286lon:139.465268;;Date:2024/12/8;;Time:05:45:36:00;;
162850959	2384	1488	-1.45	-0.17	n
162860958	2384	1488	-1.45	-0.17	n
162870958	2384	1488	-1.45	-0.17	n
162880958	2384	1488	-1.45	-0.17	n
162890958	2384	1489	-1.45	-0.25	n
162900958	2384	1488	-1.45	-0.17	n
162910958	2383	1488	-1.37	-0.17	n
162920958	2384	1488	-1.45	-0.17	n
162930958	2384	1488	-1.45	-0.17	n
162940958	2384	1488	-1.45	-0.17	n
162950958	2384	1488	-1.45	-0.17	n
162960958	2383	1488	-1.37	-0.17	n
162970958	2384	1488	-1.45	-0.17	n
162980958	2384	1489	-1.45	-0.25	n
162990958	2384	1488	-1.45	-0.17	n
163000958	2384	1490	-1.45	-0.33	n
163010958	2384	1488	-1.45	-0.17	n
163020958	2384	1489	-1.45	-0.25	n
163030958	2384	1488	-1.45	-0.17	n
163040958	2384	1488	-1.45	-0.17	n
163050958	2384	1488	-1.45	-0.17	n
163060958	2384	1488	-1.45	-0.17	n
163070958	2384	1488	-1.45	-0.17	n
163080958	2384	1489	-1.45	-0.25	n
163090958	2384	1488	-1.45	-0.17	n
163100958	2384	1488	-1.45	-0.17	n
163110958	2384	1488	-1.45	-0.17	n
163120958	2384	1488	-1.45	-0.17	n
163130958	2384	1488	-1.45	-0.17	n
163140958	2383	1488	-1.37	-0.17	n
163150958	2384	1488	-1.45	-0.17	n
163160958	2384	1488	-1.45	-0.17	n
163170958	2383	1488	-1.37	-0.17	n
163180958	2384	1489	-1.45	-0.25	n
163190958	2383	1488	-1.37	-0.17	n
163200958	2384	1489	-1.45	-0.25	n
163210958	2384	1488	-1.45	-0.17	n
163220958	2383	1488	-1.37	-0.17	n
163230958	2384	1488	-1.45	-0.17	n
163240958	2384	1488	-1.45	-0.17	n
163250958	2383	1488	-1.37	-0.17	n
163260958	2382	1488	-1.28	-0.17	n
163270958	2383	1488	-1.37	-0.17	n
163280958	2384	1488	-1.45	-0.17	n
163290958	2384	1488	-1.45	-0.17	n
163300967	2384	1488	-1.45	-0.17	n
163310966	2382	1488	-1.28	-0.17	n
163320965	2382	1488	-1.28	-0.17	n
163330965	2384	1488	-1.45	-0.17	n
163340965	2383	1488	-1.37	-0.17	n
163350965	2384	1488	-1.45	-0.17	n
163360965	2383	1488	-1.37	-0.17	Location:lat:35.504283lon:139.465268;;Date:2024/12/8;;Time:05:45:37:00;;
163370964	2384	1488	-1.45	-0.17	n
163380964	2383	1488	-1.37	-0.17	n
163390964	2383	1488	-1.37	-0.17	n
163400964	2383	1488	-1.37	-0.17	n
163410963	2383	1488	-1.37	-0.17	n
163420963	2384	1488	-1.45	-0.17	n
163430962	2382	1488	-1.28	-0.17	n
163440962	2384	1488	-1.45	-0.17	n
163450963	2384	1488	-1.45	-0.17	n
163460964	2383	1488	-1.37	-0.17	n
163470964	2383	1488	-1.37	-0.17	Location:lat:35.504283lon:139.465268;;Time:05:45:37:00;;
163480963	2384	1488	-1.45	-0.17	n
163490962	2383	1488	-1.37	-0.17	n
163500963	2384	1488	-1.45	-0.17	n
163510963	2383	1488	-1.37	-0.17	n
163520963	2384	1488	-1.45	-0.17	n
163530963	2383	1488	-1.37	-0.17	n
163540963	2383	1488	-1.37	-0.17	n
163550962	2384	1489	-1.45	-0.25	n
163560962	2384	1488	-1.45	-0.17	n
163570962	2382	1488	-1.28	-0.17	n
163580962	2383	1488	-1.37	-0.17	n
163590962	2384	1489	-1.45	-0.25	n
163600962	2384	1488	-1.45	-0.17	n
163610962	2384	1488	-1.45	-0.17	n
163620962	2384	1488	-1.45	-0.17	n
163630962	2384	1488	-1.45	-0.17	n
163640962	2383	1488	-1.37	-0.17	n
163650963	2384	1488	-1.45	-0.17	n
163660962	2384	1489	-1.45	-0.25	n
163670962	2384	1488	-1.45	-0.17	n
163680964	2384	1488	-1.45	-0.17	n
163690963	2383	1488	-1.37	-0.17	n
163700964	2384	1487	-1.45	-0.09	n
163710964	2384	1488	-1.45	-0.17	n
163720964	2384	1488	-1.45	-0.17	n
163730964	2382	1488	-1.28	-0.17	n
163740964	2383	1488	-1.37	-0.17	n
163750964	2383	1489	-1.37	-0.25	n
163760964	2384	1489	-1.45	-0.25	n
163770963	2384	1488	-1.45	-0.17	n
163780963	2384	1489	-1.45	-0.25	n
163790964	2384	1489	-1.45	-0.25	n
163800963	2384	1489	-1.45	-0.25	n
163810962	2383	1488	-1.37	-0.17	n
163820962	2384	1488	-1.45	-0.17	n
163830963	2384	1488	-1.45	-0.17	n
163840963	2384	1488	-1.45	-0.17	Location:lat:35.504283lon:139.465268;;Date:2024/12/8;;Time:05:45:37:00;;
163850963	2384	1488	-1.45	-0.17	n
163860963	2384	1488	-1.45	-0.17	n
163870963	2383	1488	-1.37	-0.17	n
163880963	2383	1489	-1.37	-0.25	n
163890963	2383	1488	-1.37	-0.17	n
163900963	2384	1488	-1.45	-0.17	n
163910963	2384	1488	-1.45	-0.17	n
163920963	2384	1489	-1.45	-0.25	n
163930963	2384	1488	-1.45	-0.17	n
163940963	2383	1488	-1.37	-0.17	n
163950963	2383	1488	-1.37	-0.17	n
163960963	2383	1489	-1.37	-0.25	n
163970963	2383	1488	-1.37	-0.17	n
163980963	2384	1488	-1.45	-0.17	n
163990963	2384	1488	-1.45	-0.17	n
164000963	2384	1489	-1.45	-0.25	n
164010963	2384	1489	-1.45	-0.25	n
164020963	2384	1488	-1.45	-0.17	n
164030963	2384	1488	-1.45	-0.17	n
164040963	2384	1488	-1.45	-0.17	n
164050963	2384	1489	-1.45	-0.25	n
164060963	2384	1489	-1.45	-0.25	n
164070963	2384	1488	-1.45	-0.17	n
164080963	2384	1488	-1.45	-0.17	n
164090963	2384	1488	-1.45	-0.17	n
164100963	2384	1488	-1.45	-0.17	n
164110963	2384	1488	-1.45	-0.17	n
164120963	2384	1488	-1.45	-0.17	n
164130963	2384	1489	-1.45	-0.25	n
164140963	2384	1488	-1.45	-0.17	n
164150963	2384	1488	-1.45	-0.17	n
164160963	2383	1488	-1.37	-0.17	n
164170963	2384	1488	-1.45	-0.17	n
164180963	2384	1488	-1.45	-0.17	n
164190963	2383	1488	-1.37	-0.17	n
164200963	2383	1488	-1.37	-0.17	n
164210963	2384	1488	-1.45	-0.17	n
164220963	2384	1488	-1.45	-0.17	n
164230963	2384	1488	-1.45	-0.17	n
164240963	2382	1488	-1.28	-0.17	n
164250963	2383	1489	-1.37	-0.25	n
164260963	2384	1488	-1.45	-0.17	n
164270963	2383	1488	-1.37	-0.17	n
164280963	2383	1488	-1.37	-0.17	n
164290963	2384	1489	-1.45	-0.25	n
164300963	2384	1489	-1.45	-0.25	n
164310962	2384	1489	-1.45	-0.25	n
164320961	2384	1488	-1.45	-0.17	n
164330961	2384	1488	-1.45	-0.17	n
164340961	2383	1488	-1.37	-0.17	n
164350961	2384	1488	-1.45	-0.17	n
164360961	2384	1488	-1.45	-0.17	Location:lat:35.504287lon:139.465266;;Date:2024/12/8;;Time:05:45:38:00;;
164370961	2384	1488	-1.45	-0.17	n
164380961	2383	1488	-1.37	-0.17	n
164390960	2384	1488	-1.45	-0.17	n
164400959	2384	1488	-1.45	-0.17	n
164410959	2384	1488	-1.45	-0.17	n
164420958	2384	1488	-1.45	-0.17	n
164430958	2384	1488	-1.45	-0.17	n
164440958	2384	1488	-1.45	-0.17	n
164450958	2384	1489	-1.45	-0.25	n
164460957	2384	1488	-1.45	-0.17	n
164470957	2384	1488	-1.45	-0.17	Location:lat:35.504287lon:139.465266;;Time:05:45:38:00;;
164480957	2384	1488	-1.45	-0.17	n
164490957	2383	1488	-1.37	-0.17	n
164500966	2383	1488	-1.37	-0.17	n
164510966	2384	1488	-1.45	-0.17	n
164520966	2384	1488	-1.45	-0.17	n
164530966	2384	1488	-1.45	-0.17	n
164540965	2383	1488	-1.37	-0.17	n
164550965	2383	1488	-1.37	-0.17	n
164560965	2383	1488	-1.37	-0.17	n
164570966	2383	1488	-1.37	-0.17	n
164580966	2383	1488	-1.37	-0.17	n
164590966	2384	1488	-1.45	-0.17	n
164600965	2384	1488	-1.45	-0.17	n
164610965	2383	1488	-1.37	-0.17	n
164620966	2383	1488	-1.37	-0.17	n
164630966	2382	1488	-1.28	-0.17	n
164640965	2381	1488	-1.20	-0.17	n
164650964	2384	1488	-1.45	-0.17	n
164660964	2382	1488	-1.28	-0.17	n
164670964	2384	1488	-1.45	-0.17	n
164680963	2384	1488	-1.45	-0.17	n
164690962	2383	1488	-1.37	-0.17	n
164700962	2383	1489	-1.37	-0.25	n
164710961	2382	1487	-1.28	-0.09	n
164720961	2383	1488	-1.37	-0.17	n
164730961	2384	1488	-1.45	-0.17	n
164740961	2383	1488	-1.37	-0.17	n
164750960	2383	1488	-1.37	-0.17	n
164760960	2384	1488	-1.45	-0.17	n
164770960	2383	1488	-1.37	-0.17	n
164780960	2383	1488	-1.37	-0.17	n
164790960	2383	1488	-1.37	-0.17	n
164800960	2383	1488	-1.37	-0.17	n
164810960	2384	1488	-1.45	-0.17	n
164820960	2383	1488	-1.37	-0.17	n
164830960	2381	1488	-1.20	-0.17	n
164840959	2384	1488	-1.45	-0.17	Location:lat:35.504287lon:139.465266;;Date:2024/12/8;;Time:05:45:38:00;;
164850959	2383	1488	-1.37	-0.17	n
164860958	2383	1488	-1.37	-0.17	n
164870958	2381	1488	-1.20	-0.17	n
164880958	2383	1488	-1.37	-0.17	n
164890958	2383	1488	-1.37	-0.17	n
164900958	2384	1488	-1.45	-0.17	n
164910958	2381	1487	-1.20	-0.09	n
164920958	2383	1488	-1.37	-0.17	n
164930958	2382	1488	-1.28	-0.17	n
164940958	2382	1488	-1.28	-0.17	n
164950958	2383	1488	-1.37	-0.17	n
164960958	2383	1488	-1.37	-0.17	n
164970958	2384	1488	-1.45	-0.17	n
164980958	2384	1488	-1.45	-0.17	n
164990958	2384	1488	-1.45	-0.17	n
165000958	2382	1488	-1.28	-0.17	n
165010958	2384	1488	-1.45	-0.17	n
165020958	2383	1488	-1.37	-0.17	n
165030958	2383	1488	-1.37	-0.17	n
165040958	2383	1488	-1.37	-0.17	n
165050958	2384	1488	-1.45	-0.17	n
165060958	2382	1488	-1.28	-0.17	n
165070958	2382	1488	-1.28	-0.17	n
165080958	2383	1488	-1.37	-0.17	n
165090958	2384	1488	-1.45	-0.17	n
165100958	2383	1488	-1.37	-0.17	n
165110958	2383	1488	-1.37	-0.17	n
165120958	2384	1488	-1.45	-0.17	n
165130958	2383	1488	-1.37	-0.17	n
165140958	2383	1488	-1.37	-0.17	n
165150958	2383	1488	-1.37	-0.17	n
165160958	2384	1488	-1.45	-0.17	n
165170958	2384	1488	-1.45	-0.17	n
165180958	2384	1488	-1.45	-0.17	n
165190958	2384	1488	-1.45	-0.17	n
165200958	2382	1488	-1.28	-0.17	n
165210958	2382	1488	-1.28	-0.17	n
165220958	2383	1488	-1.37	-0.17	n
165230958	2382	1488	-1.28	-0.17	n
165240958	2383	1488	-1.37	-0.17	n
165250958	2384	1488	-1.45	-0.17	n
165260958	2384	1488	-1.45	-0.17	n
165270958	2384	1488	-1.45	-0.17	n
165280958	2383	1488	-1.37	-0.17	n
165290958	2382	1488	-1.28	-0.17	n
165300958	2382	1488	-1.28	-0.17	n
165310958	2383	1488	-1.37	-0.17	n
165320957	2383	1488	-1.37	-0.17	n
165330958	2383	1488	-1.37	-0.17	n
165340958	2383	1488	-1.37	-0.17	n
165350957	2384	1488	-1.45	-0.17	n
165360957	2383	1488	-1.37	-0.17	Location:lat:35.504284lon:139.465267;;Date:2024/12/8;;Time:05:45:39:00;;
165370957	2383	1488	-1.37	-0.17	n
165380957	2383	1488	-1.37	-0.17	n
165390957	2383	1488	-1.37	-0.17	n
165400956	2381	1488	-1.20	-0.17	n
165410963	2384	1488	-1.45	-0.17	n
165420963	2383	1487	-1.37	-0.09	n
165430962	2384	1488	-1.45	-0.17	n
165440962	2382	1488	-1.28	-0.17	n
165450961	2384	1488	-1.45	-0.17	n
165460962	2383	1488	-1.37	-0.17	n
165470962	2383	1488	-1.37	-0.17	Location:lat:35.504284lon:139.465267;;Time:05:45:39:00;;
165480962	2383	1489	-1.37	-0.25	n
165490962	2383	1488	-1.37	-0.17	n
165500962	2384	1488	-1.45	-0.17	n
165510963	2383	1487	-1.37	-0.09	n
165520962	2382	1488	-1.28	-0.17	n
165530961	2382	1488	-1.28	-0.17	n
165540961	2382	1488	-1.28	-0.17	n
165550961	2383	1488	-1.37	-0.17	n
165560961	2384	1488	-1.45	-0.17	n
165570960	2383	1488	-1.37	-0.17	n
165580960	2381	1488	-1.20	-0.17	n
165590960	2383	1488	-1.37	-0.17	n
165600959	2382	1488	-1.28	-0.17	n
165610959	2381	1488	-1.20	-0.17	n
165620959	2383	1487	-1.37	-0.09	n
165630959	2384	1488	-1.45	-0.17	n
165640959	2384	1489	-1.45	-0.25	n
165650958	2381	1488	-1.20	-0.17	n
165660958	2383	1488	-1.37	-0.17	n
165670958	2384	1488	-1.45	-0.17	n
165680957	2384	1488	-1.45	-0.17	n
165690957	2383	1488	-1.37	-0.17	n
165700957	2383	1488	-1.37	-0.17	n
165710957	2383	1488	-1.37	-0.17	n
165720957	2382	1488	-1.28	-0.17	n
165730957	2383	1488	-1.37	-0.17	n
165740957	2382	1488	-1.28	-0.17	n
165750956	2384	1488	-1.45	-0.17	n
165760956	2383	1488	-1.37	-0.17	n
165770956	2383	1488	-1.37	-0.17	n
165780956	2383	1488	-1.37	-0.17	n
165790955	2382	1488	-1.28	-0.17	n
165800954	2382	1488	-1.28	-0.17	n
165810954	2383	1488	-1.37	-0.17	n
165820954	2383	1488	-1.37	-0.17	n
165830953	2382	1488	-1.28	-0.17	n
165840953	2384	1488	-1.45	-0.17	Location:lat:35.504284lon:139.465267;;Date:2024/12/8;;Time:05:45:39:00;;
165850953	2383	1488	-1.37	-0.17	n
165860952	2384	1488	-1.45	-0.17	n
165870952	2381	1488	-1.20	-0.17	n
165880952	2382	1488	-1.28	-0.17	n
165890952	2383	1488	-1.37	-0.17	n
165900952	2383	1488	-1.37	-0.17	n
165910952	2383	1488	-1.37	-0.17	n
165920952	2383	1488	-1.37	-0.17	n
165930952	2384	1488	-1.45	-0.17	n
165940952	2383	1488	-1.37	-0.17	n
165950952	2384	1488	-1.45	-0.17	n
165960952	2383	1488	-1.37	-0.17	n
165970952	2384	1488	-1.45	-0.17	n
165980952	2382	1488	-1.28	-0.17	n
165990952	2383	1488	-1.37	-0.17	n
166000952	2383	1488	-1.37	-0.17	n
166010952	2383	1489	-1.37	-0.25	n
166020952	2384	1488	-1.45	-0.17	n
166030952	2383	1488	-1.37	-0.17	n
166040952	2384	1488	-1.45	-0.17	n
166050952	2384	1488	-1.45	-0.17	n
166060952	2384	1488	-1.45	-0.17	n
166070952	2383	1488	-1.37	-0.17	n
166080952	2383	1488	-1.37	-0.17	n
166090952	2384	1488	-1.45	-0.17	n
166100952	2383	1488	-1.37	-0.17	n
166110952	2384	1488	-1.45	-0.17	n
166120952	2384	1489	-1.45	-0.25	n
166130952	2384	1488	-1.45	-0.17	n
166140952	2383	1488	-1.37	-0.17	n
166150952	2383	1488	-1.37	-0.17	n
166160952	2384	1488	-1.45	-0.17	n
166170952	2383	1488	-1.37	-0.17	n
166180952	2383	1487	-1.37	-0.09	n
166190952	2383	1488	-1.37	-0.17	n
166200952	2384	1488	-1.45	-0.17	n
166210952	2382	1488	-1.28	-0.17	n
166220952	2382	1488	-1.28	-0.17	n
166230952	2381	1488	-1.20	-0.17	n
166240952	2384	1488	-1.45	-0.17	n
166250952	2381	1488	-1.20	-0.17	n
166260952	2384	1488	-1.45	-0.17	n
166270952	2383	1488	-1.37	-0.17	n
166280952	2384	1488	-1.45	-0.17	n
166290952	2383	1488	-1.37	-0.17	n
166300952	2382	1488	-1.28	-0.17	n
166310951	2383	1488	-1.37	-0.17	n
166320951	2383	1487	-1.37	-0.09	n
166330951	2381	1488	-1.20	-0.17	n
166340951	2384	1488	-1.45	-0.17	n
166350951	2383	1488	-1.37	-0.17	n
166360951	2383	1488	-1.37	-0.17	Location:lat:35.504286lon:139.465262;;Date:2024/12/8;;Time:05:45:40:00;;
166370951	2384	1488	-1.45	-0.17	n
166380951	2383	1488	-1.37	-0.17	n
166390951	2384	1488	-1.45	-0.17	n
166400951	2383	1488	-1.37	-0.17	n
166410951	2383	1488	-1.37	-0.17	n
166420954	2382	1488	-1.28	-0.17	n
166430954	2383	1488	-1.37	-0.17	n
166440954	2383	1488	-1.37	-0.17	n
166450953	2381	1487	-1.20	-0.09	n
166460953	2382	1488	-1.28	-0.17	n
166470952	2383	1488	-1.37	-0.17	Location:lat:35.504286lon:139.465262;;Time:05:45:40:00;;
166480952	2383	1488	-1.37	-0.17	n
166490952	2382	1488	-1.28	-0.17	n
166500952	2381	1488	-1.20	-0.17	n
166510952	2382	1488	-1.28	-0.17	n
166520961	2383	1488	-1.37	-0.17	n
166530962	2382	1488	-1.28	-0.17	n
166540961	2382	1488	-1.28	-0.17	n
166550961	2383	1488	-1.37	-0.17	n
166560960	2384	1488	-1.45	-0.17	n
166570959	2383	1488	-1.37	-0.17	n
166580959	2383	1488	-1.37	-0.17	n
166590959	2382	1488	-1.28	-0.17	n
166600959	2384	1488	-1.45	-0.17	n
166610958	2384	1488	-1.45	-0.17	n
166620958	2383	1488	-1.37	-0.17	n
166630958	2384	1488	-1.45	-0.17	n
166640957	2383	1488	-1.37	-0.17	n
166650957	2383	1488	-1.37	-0.17	n
166660956	2384	1488	-1.45	-0.17	n
166670955	2383	1488	-1.37	-0.17	n
166680954	2383	1488	-1.37	-0.17	n
166690954	2382	1488	-1.28	-0.17	n
166700954	2384	1488	-1.45	-0.17	n
166710954	2383	1488	-1.37	-0.17	n
166720954	2383	1487	-1.37	-0.09	n
166730954	2383	1488	-1.37	-0.17	n
166740954	2380	1487	-1.12	-0.09	n
166750954	2383	1488	-1.37	-0.17	n
166760954	2381	1488	-1.20	-0.17	n
166770954	2384	1488	-1.45	-0.17	n
166780954	2383	1488	-1.37	-0.17	n
166790954	2383	1488	-1.37	-0.17	n
166800953	2383	1489	-1.37	-0.25	n
166810952	2383	1488	-1.37	-0.17	n
166820952	2383	1488	-1.37	-0.17	n
166830951	2383	1488	-1.37	-0.17	n
166840951	2383	1488	-1.37	-0.17	Location:lat:35.504286lon:139.465262;;Date:2024/12/8;;Time:05:45:40:00;;
166850951	2383	1488	-1.37	-0.17	n
166860951	2383	1488	-1.37	-0.17	n
166870951	2382	1488	-1.28	-0.17	n
166880951	2384	1488	-1.45	-0.17	n
166890951	2383	1488	-1.37	-0.17	n
166900951	2382	1488	-1.28	-0.17	n
166910951	2384	1488	-1.45	-0.17	n
166920951	2383	1488	-1.37	-0.17	n
166930951	2384	1488	-1.45	-0.17	n
166940951	2383	1488	-1.37	-0.17	n
166950951	2384	1488	-1.45	-0.17	n
166960951	2384	1488	-1.45	-0.17	n
166970951	2384	1488	-1.45	-0.17	n
166980951	2384	1488	-1.45	-0.17	n
166990951	2383	1488	-1.37	-0.17	n
167000951	2382	1488	-1.28	-0.17	n
167010951	2384	1488	-1.45	-0.17	n
167020951	2383	1488	-1.37	-0.17	n
167030951	2384	1488	-1.45	-0.17	n
167040951	2384	1488	-1.45	-0.17	n
167050951	2384	1488	-1.45	-0.17	n
167060951	2383	1488	-1.37	-0.17	n
167070951	2383	1488	-1.37	-0.17	n
167080951	2383	1488	-1.37	-0.17	n
167090951	2384	1488	-1.45	-0.17	n
167100951	2384	1488	-1.45	-0.17	n
167110951	2383	1487	-1.37	-0.09	n
167120951	2383	1488	-1.37	-0.17	n
167130951	2384	1488	-1.45	-0.17	n
167140951	2383	1488	-1.37	-0.17	n
167150951	2383	1488	-1.37	-0.17	n
167160951	2383	1488	-1.37	-0.17	n
167170951	2381	1488	-1.20	-0.17	n
167180951	2384	1488	-1.45	-0.17	n
167190951	2383	1488	-1.37	-0.17	n
167200951	2384	1488	-1.45	-0.17	n
167210951	2383	1488	-1.37	-0.17	n
167220951	2384	1488	-1.45	-0.17	n
167230951	2384	1488	-1.45	-0.17	n
167240951	2383	1488	-1.37	-0.17	n
167250951	2382	1488	-1.28	-0.17	n
167260951	2383	1488	-1.37	-0.17	n
167270951	2381	1488	-1.20	-0.17	n
167280950	2383	1488	-1.37	-0.17	n
167290951	2383	1488	-1.37	-0.17	n
167300951	2383	1488	-1.37	-0.17	n
167310951	2383	1488	-1.37	-0.17	n
167320951	2383	1488	-1.37	-0.17	n
167330951	2383	1489	-1.37	-0.25	n
167340951	2383	1488	-1.37	-0.17	n
167350950	2383	1488	-1.37	-0.17	n
167360950	2383	1488	-1.37	-0.17	Location:lat:35.504284lon:139.465263;;Date:2024/12/8;;Time:05:45:41:00;;
167370951	2383	1488	-1.37	-0.17	n
167380951	2384	1488	-1.45	-0.17	n
167390954	2382	1488	-1.28	-0.17	n
167400954	2384	1488	-1.45	-0.17	n
167410953	2383	1488	-1.37	-0.17	n
167420953	2383	1488	-1.37	-0.17	n
167430953	2383	1488	-1.37	-0.17	n
167440952	2384	1488	-1.45	-0.17	n
167450951	2383	1489	-1.37	-0.25	n
167460951	2383	1488	-1.37	-0.17	n
167470951	2384	1488	-1.45	-0.17	Location:lat:35.504284lon:139.465263;;Time:05:45:41:00;;
167480951	2383	1488	-1.37	-0.17	n
167490951	2383	1489	-1.37	-0.25	n
167500951	2383	1488	-1.37	-0.17	n
167510950	2383	1488	-1.37	-0.17	n
167520950	2384	1488	-1.45	-0.17	n
167530950	2383	1488	-1.37	-0.17	n
167540950	2382	1488	-1.28	-0.17	n
167550951	2382	1488	-1.28	-0.17	n
167560951	2383	1488	-1.37	-0.17	n
167570950	2382	1488	-1.28	-0.17	n
167580950	2384	1488	-1.45	-0.17	n
167590949	2383	1488	-1.37	-0.17	n
167600949	2382	1488	-1.28	-0.17	n
167610948	2383	1488	-1.37	-0.17	n
167620948	2382	1488	-1.28	-0.17	n
167630948	2383	1488	-1.37	-0.17	n
167640947	2383	1489	-1.37	-0.25	n
167650946	2383	1488	-1.37	-0.17	n
167660945	2382	1488	-1.28	-0.17	n
167670948	2383	1488	-1.37	-0.17	n
167680948	2383	1488	-1.37	-0.17	n
167690948	2382	1488	-1.28	-0.17	n
167700947	2382	1488	-1.28	-0.17	n
167710947	2383	1488	-1.37	-0.17	n
167720947	2383	1488	-1.37	-0.17	n
167730946	2383	1488	-1.37	-0.17	n
167740946	2383	1488	-1.37	-0.17	n
167750945	2382	1488	-1.28	-0.17	n
167760944	2383	1488	-1.37	-0.17	n
167770944	2384	1488	-1.45	-0.17	n
167780944	2384	1488	-1.45	-0.17	n
167790944	2383	1488	-1.37	-0.17	n
167800944	2384	1488	-1.45	-0.17	n
167810943	2384	1488	-1.45	-0.17	n
167820943	2383	1488	-1.37	-0.17	n
167830943	2383	1488	-1.37	-0.17	n
167840946	2383	1488	-1.37	-0.17	Location:lat:35.504284lon:139.465263;;Date:2024/12/8;;Time:05:45:41:00;;
167850946	2384	1488	-1.45	-0.17	n
167860946	2383	1488	-1.37	-0.17	n
167870946	2383	1488	-1.37	-0.17	n
167880946	2382	1488	-1.28	-0.17	n
167890946	2384	1488	-1.45	-0.17	n
167900946	2383	1488	-1.37	-0.17	n
167910946	2383	1488	-1.37	-0.17	n
167920946	2384	1488	-1.45	-0.17	n
167930946	2383	1488	-1.37	-0.17	n
167940946	2383	1488	-1.37	-0.17	n
167950946	2381	1488	-1.20	-0.17	n
167960946	2384	1488	-1.45	-0.17	n
167970946	2382	1488	-1.28	-0.17	n
167980946	2383	1488	-1.37	-0.17	n
167990946	2382	1488	-1.28	-0.17	n
168000946	2383	1488	-1.37	-0.17	n
168010946	2382	1489	-1.28	-0.25	n
168020946	2383	1488	-1.37	-0.17	n
168030946	2383	1488	-1.37	-0.17	n
168040946	2382	1488	-1.28	-0.17	n
168050946	2383	1488	-1.37	-0.17	n
168060946	2383	1488	-1.37	-0.17	n
168070946	2384	1488	-1.45	-0.17	n
168080946	2382	1488	-1.28	-0.17	n
168090946	2384	1489	-1.45	-0.25	n
168100946	2383	1488	-1.37	-0.17	n
168110946	2383	1488	-1.37	-0.17	n
168120946	2383	1488	-1.37	-0.17	n
168130946	2384	1488	-1.45	-0.17	n
168140946	2382	1488	-1.28	-0.17	n
168150946	2383	1488	-1.37	-0.17	n
168160946	2383	1488	-1.37	-0.17	n
168170946	2383	1488	-1.37	-0.17	n
168180946	2384	1488	-1.45	-0.17	n
168190946	2383	1488	-1.37	-0.17	n
168200946	2384	1488	-1.45	-0.17	n
168210946	2383	1488	-1.37	-0.17	n
168220946	2384	1488	-1.45	-0.17	n
168230946	2384	1488	-1.45	-0.17	n
168240946	2383	1488	-1.37	-0.17	n
168250946	2383	1488	-1.37	-0.17	n
168260946	2383	1488	-1.37	-0.17	n
168270946	2381	1487	-1.20	-0.09	n
168280945	2384	1488	-1.45	-0.17	n
168290945	2383	1488	-1.37	-0.17	n
168300945	2382	1488	-1.28	-0.17	n
168310944	2383	1488	-1.37	-0.17	n
168320944	2384	1488	-1.45	-0.17	n
168330944	2383	1488	-1.37	-0.17	n
168340944	2383	1488	-1.37	-0.17	n
168350944	2382	1488	-1.28	-0.17	n
168360943	2383	1488	-1.37	-0.17	Location:lat:35.504285lon:139.465265;;Date:2024/12/8;;Time:05:45:42:00;;
168370942	2384	1488	-1.45	-0.17	n
168380941	2381	1488	-1.20	-0.17	n
168390942	2382	1488	-1.28	-0.17	n
168400941	2384	1488	-1.45	-0.17	n
168410941	2384	1488	-1.45	-0.17	n
168420941	2383	1488	-1.37	-0.17	n
168430945	2383	1488	-1.37	-0.17	n
168440945	2382	1487	-1.28	-0.09	n
168450945	2384	1488	-1.45	-0.17	n
168460954	2382	1488	-1.28	-0.17	n
168470954	2384	1488	-1.45	-0.17	Location:lat:35.504285lon:139.465265;;Time:05:45:42:00;;
168480954	2381	1488	-1.20	-0.17	n
168490954	2384	1488	-1.45	-0.17	n
168500954	2382	1488	-1.28	-0.17	n
168510954	2383	1488	-1.37	-0.17	n
168520954	2383	1488	-1.37	-0.17	n
168530954	2384	1488	-1.45	-0.17	n
168540954	2384	1489	-1.45	-0.25	n
168550954	2384	1489	-1.45	-0.25	n
168560953	2384	1488	-1.45	-0.17	n
168570953	2384	1488	-1.45	-0.17	n
168580954	2383	1488	-1.37	-0.17	n
168590954	2384	1488	-1.45	-0.17	n
168600954	2383	1488	-1.37	-0.17	n
168610955	2384	1489	-1.45	-0.25	n
168620955	2384	1488	-1.45	-0.17	n
168630955	2384	1488	-1.45	-0.17	n
168640955	2384	1489	-1.45	-0.25	n
168650955	2382	1488	-1.28	-0.17	n
168660955	2383	1488	-1.37	-0.17	n
168670955	2383	1488	-1.37	-0.17	n
168680955	2383	1488	-1.37	-0.17	n
168690954	2384	1488	-1.45	-0.17	n
168700954	2383	1488	-1.37	-0.17	n
168710954	2384	1489	-1.45	-0.25	n
168720954	2383	1488	-1.37	-0.17	n
168730954	2383	1488	-1.37	-0.17	n
168740954	2384	1489	-1.45	-0.25	n
168750954	2384	1488	-1.45	-0.17	n
168760954	2384	1488	-1.45	-0.17	n
168770954	2382	1488	-1.28	-0.17	n
168780954	2383	1489	-1.37	-0.25	n
168790954	2382	1488	-1.28	-0.17	n
168800954	2383	1488	-1.37	-0.17	n
168810954	2384	1488	-1.45	-0.17	n
168820954	2384	1489	-1.45	-0.25	n
168830953	2384	1490	-1.45	-0.33	n
168840954	2384	1488	-1.45	-0.17	Location:lat:35.504285lon:139.465265;;Date:2024/12/8;;Time:05:45:42:00;;
168850954	2384	1489	-1.45	-0.25	n
168860954	2383	1489	-1.37	-0.25	n
168870954	2383	1488	-1.37	-0.17	n
168880954	2384	1489	-1.45	-0.25	n
168890954	2383	1488	-1.37	-0.17	n
168900954	2384	1488	-1.45	-0.17	n
168910954	2384	1488	-1.45	-0.17	n
168920954	2384	1488	-1.45	-0.17	n
168930954	2384	1488	-1.45	-0.17	n
168940954	2384	1488	-1.45	-0.17	n
168950954	2384	1488	-1.45	-0.17	n
168960954	2383	1488	-1.37	-0.17	n
168970954	2384	1489	-1.45	-0.25	n
168980954	2384	1488	-1.45	-0.17	n
168990954	2384	1488	-1.45	-0.17	n
169000954	2384	1490	-1.45	-0.33	n
169010954	2384	1488	-1.45	-0.17	n
169020954	2384	1489	-1.45	-0.25	n
169030954	2384	1488	-1.45	-0.17	n
169040954	2384	1488	-1.45	-0.17	n
169050954	2384	1489	-1.45	-0.25	n
169060954	2384	1488	-1.45	-0.17	n
169070954	2383	1488	-1.37	-0.17	n
169080954	2383	1488	-1.37	-0.17	n
169090954	2383	1488	-1.37	-0.17	n
169100954	2384	1488	-1.45	-0.17	n
169110954	2384	1488	-1.45	-0.17	n
169120954	2384	1488	-1.45	-0.17	n
169130954	2383	1488	-1.37	-0.17	n
169140954	2383	1489	-1.37	-0.25	n
169150954	2384	1488	-1.45	-0.17	n
169160954	2383	1488	-1.37	-0.17	n
169170954	2384	1488	-1.45	-0.17	n
169180954	2383	1488	-1.37	-0.17	n
169190954	2384	1488	-1.45	-0.17	n
169200954	2384	1488	-1.45	-0.17	n
169210954	2384	1489	-1.45	-0.25	n
169220954	2384	1488	-1.45	-0.17	n
169230954	2384	1488	-1.45	-0.17	n
169240954	2384	1488	-1.45	-0.17	n
169250954	2384	1488	-1.45	-0.17	n
169260954	2384	1488	-1.45	-0.17	n
169270954	2384	1488	-1.45	-0.17	n
169280954	2383	1488	-1.37	-0.17	n
169290955	2384	1488	-1.45	-0.17	n
169300955	2383	1488	-1.37	-0.17	n
169310955	2383	1488	-1.37	-0.17	n
169320955	2384	1488	-1.45	-0.17	n
169330955	2384	1489	-1.45	-0.25	n
169340955	2383	1488	-1.37	-0.17	n
169350964	2384	1488	-1.45	-0.17	n
169360963	2384	1488	-1.45	-0.17	Location:lat:35.504286lon:139.465262;;Date:2024/12/8;;Time:05:45:43:00;;
169370963	2384	1488	-1.45	-0.17	n
169380963	2384	1488	-1.45	-0.17	n
169390963	2384	1488	-1.45	-0.17	n
169400963	2384	1488	-1.45	-0.17	n
169410963	2384	1488	-1.45	-0.17	n
169420962	2384	1489	-1.45	-0.25	n
169430962	2382	1489	-1.28	-0.25	n
169440962	2384	1488	-1.45	-0.17	n
169450962	2384	1488	-1.45	-0.17	n
169460962	2383	1488	-1.37	-0.17	n
169470961	2384	1489	-1.45	-0.25	Location:lat:35.504286lon:139.465262;;Time:05:45:43:00;;
169480961	2382	1488	-1.28	-0.17	n
169490962	2383	1488	-1.37	-0.17	n
169500962	2384	1489	-1.45	-0.25	n
169510962	2384	1488	-1.45	-0.17	n
169520961	2384	1488	-1.45	-0.17	n
169530961	2384	1488	-1.45	-0.17	n
169540960	2384	1488	-1.45	-0.17	n
169550960	2384	1488	-1.45	-0.17	n
169560960	2384	1488	-1.45	-0.17	n
169570960	2383	1488	-1.37	-0.17	n
169580960	2384	1488	-1.45	-0.17	n
169590960	2384	1489	-1.45	-0.25	n
169600960	2384	1488	-1.45	-0.17	n
169610960	2384	1488	-1.45	-0.17	n
169620959	2383	1488	-1.37	-0.17	n
169630959	2383	1488	-1.37	-0.17	n
169640960	2384	1488	-1.45	-0.17	n
169650960	2384	1488	-1.45	-0.17	n
169660960	2384	1488	-1.45	-0.17	n
169670959	2384	1489	-1.45	-0.25	n
169680959	2384	1488	-1.45	-0.17	n
169690958	2384	1488	-1.45	-0.17	n
169700958	2383	1488	-1.37	-0.17	n
169710958	2383	1488	-1.37	-0.17	n
169720957	2384	1488	-1.45	-0.17	n
169730966	2383	1488	-1.37	-0.17	n
169740966	2384	1488	-1.45	-0.17	n
169750967	2384	1488	-1.45	-0.17	n
169760967	2383	1488	-1.37	-0.17	n
169770967	2383	1488	-1.37	-0.17	n
169780968	2384	1488	-1.45	-0.17	n
169790968	2383	1488	-1.37	-0.17	n
169800969	2382	1488	-1.28	-0.17	n
169810968	2384	1488	-1.45	-0.17	n
169820968	2384	1488	-1.45	-0.17	n
169830968	2384	1490	-1.45	-0.33	n
169840967	2384	1488	-1.45	-0.17	Location:lat:35.504286lon:139.465262;;Date:2024/12/8;;Time:05:45:43:00;;
169850967	2384	1489	-1.45	-0.25	n
169860967	2384	1488	-1.45	-0.17	n
169870967	2384	1489	-1.45	-0.25	n
169880967	2384	1489	-1.45	-0.25	n
169890967	2384	1488	-1.45	-0.17	n
169900967	2383	1488	-1.37	-0.17	n
169910967	2384	1488	-1.45	-0.17	n
169920967	2383	1488	-1.37	-0.17	n
169930967	2384	1488	-1.45	-0.17	n
169940967	2384	1489	-1.45	-0.25	n
169950967	2384	1488	-1.45	-0.17	n
169960967	2384	1488	-1.45	-0.17	n
169970967	2384	1489	-1.45	-0.25	n
169980967	2384	1488	-1.45	-0.17	n
169990967	2384	1488	-1.45	-0.17	n
170000967	2384	1488	-1.45	-0.17	n
170010967	2383	1488	-1.37	-0.17	n
170020967	2384	1488	-1.45	-0.17	n
170030967	2384	1488	-1.45	-0.17	n
170040967	2384	1488	-1.45	-0.17	n
170050967	2383	1488	-1.37	-0.17	n
170060967	2384	1488	-1.45	-0.17	n
170070967	2384	1489	-1.45	-0.25	n
170080967	2384	1488	-1.45	-0.17	n
170090967	2384	1488	-1.45	-0.17	n
170100967	2384	1488	-1.45	-0.17	n
170110967	2384	1488	-1.45	-0.17	n
170120967	2384	1488	-1.45	-0.17	n
170130967	2384	1488	-1.45	-0.17	n
170140967	2384	1488	-1.45	-0.17	n
170150967	2384	1488	-1.45	-0.17	n
170160967	2384	1488	-1.45	-0.17	n
170170967	2384	1488	-1.45	-0.17	n
170180967	2383	1488	-1.37	-0.17	n
170190967	2383	1488	-1.37	-0.17	n
170200967	2384	1489	-1.45	-0.25	n
170210967	2383	1488	-1.37	-0.17	n
170220967	2384	1489	-1.45	-0.25	n
170230967	2384	1488	-1.45	-0.17	n
170240967	2384	1488	-1.45	-0.17	n
170250967	2383	1489	-1.37	-0.25	n
170260967	2384	1488	-1.45	-0.17	n
170270967	2383	1488	-1.37	-0.17	n
170280967	2383	1488	-1.37	-0.17	n
170290967	2384	1488	-1.45	-0.17	n
170300970	2384	1488	-1.45	-0.17	n
170310970	2384	1488	-1.45	-0.17	n
170320970	2384	1488	-1.45	-0.17	n
170330970	2383	1488	-1.37	-0.17	n
170340969	2383	1488	-1.37	-0.17	n
170350970	2384	1488	-1.45	-0.17	n
170360970	2384	1488	-1.45	-0.17	Location:lat:35.504286lon:139.465259;;Date:2024/12/8;;Time:05:45:44:00;;
170370970	2384	1488	-1.45	-0.17	n
170380970	2384	1488	-1.45	-0.17	n
170390969	2384	1488	-1.45	-0.17	n
170400969	2384	1488	-1.45	-0.17	n
170410969	2384	1489	-1.45	-0.25	n
170420968	2384	1488	-1.45	-0.17	n
170430968	2384	1488	-1.45	-0.17	n
170440968	2384	1488	-1.45	-0.17	n
170450968	2384	1488	-1.45	-0.17	n
170460968	2383	1488	-1.37	-0.17	n
170470967	2383	1488	-1.37	-0.17	Location:lat:35.504286lon:139.465259;;Time:05:45:44:00;;
170480967	2384	1488	-1.45	-0.17	n
170490967	2383	1489	-1.37	-0.25	n
170500966	2383	1488	-1.37	-0.17	n
170510966	2384	1488	-1.45	-0.17	n
170520965	2384	1488	-1.45	-0.17	n
170530965	2384	1488	-1.45	-0.17	n
170540965	2383	1488	-1.37	-0.17	n
170550965	2384	1488	-1.45	-0.17	n
170560965	2383	1488	-1.37	-0.17	n
170570965	2383	1488	-1.37	-0.17	n
170580964	2384	1489	-1.45	-0.25	n
170590963	2383	1488	-1.37	-0.17	n
170600963	2384	1488	-1.45	-0.17	n
170610962	2384	1489	-1.45	-0.25	n
170620963	2384	1488	-1.45	-0.17	n
170630963	2384	1489	-1.45	-0.25	n
170640963	2383	1488	-1.37	-0.17	n
170650963	2384	1488	-1.45	-0.17	n
170660963	2384	1488	-1.45	-0.17	n
170670963	2384	1488	-1.45	-0.17	n
170680963	2384	1489	-1.45	-0.25	n
170690963	2384	1488	-1.45	-0.17	n
170700962	2384	1489	-1.45	-0.25	n
170710962	2384	1490	-1.45	-0.33	n
170720961	2384	1488	-1.45	-0.17	n
170730961	2383	1488	-1.37	-0.17	n
170740960	2384	1488	-1.45	-0.17	n
170750960	2384	1488	-1.45	-0.17	n
170760960	2384	1488	-1.45	-0.17	n
170770959	2384	1488	-1.45	-0.17	n
170780959	2384	1489	-1.45	-0.25	n
170790959	2384	1488	-1.45	-0.17	n
170800958	2384	1490	-1.45	-0.33	n
170810957	2383	1488	-1.37	-0.17	n
170820957	2384	1488	-1.45	-0.17	n
170830957	2384	1488	-1.45	-0.17	n
170840957	2384	1488	-1.45	-0.17	Location:lat:35.504286lon:139.465259;;Date:2024/12/8;;Time:05:45:44:00;;
170850957	2384	1488	-1.45	-0.17	n
170860957	2384	1488	-1.45	-0.17	n
170870957	2384	1488	-1.45	-0.17	n
170880957	2384	1488	-1.45	-0.17	n
170890957	2384	1488	-1.45	-0.17	n
170900957	2384	1488	-1.45	-0.17	n
170910957	2383	1488	-1.37	-0.17	n
170920957	2384	1488	-1.45	-0.17	n
170930957	2384	1488	-1.45	-0.17	n
170940957	2384	1488	-1.45	-0.17	n
170950957	2384	1488	-1.45	-0.17	n
170960957	2384	1488	-1.45	-0.17	n
170970957	2384	1488	-1.45	-0.17	n
170980957	2384	1488	-1.45	-0.17	n
170990957	2384	1488	-1.45	-0.17	n
171000957	2384	1488	-1.45	-0.17	n
171010957	2384	1488	-1.45	-0.17	n
171020957	2384	1488	-1.45	-0.17	n
171030957	2384	1489	-1.45	-0.25	n
171040957	2384	1488	-1.45	-0.17	n
171050957	2384	1488	-1.45	-0.17	n
171060957	2383	1488	-1.37	-0.17	n
171070957	2383	1489	-1.37	-0.25	n
171080957	2383	1488	-1.37	-0.17	n
171090957	2384	1489	-1.45	-0.25	n
171100957	2384	1488	-1.45	-0.17	n
171110957	2384	1489	-1.45	-0.25	n
171120957	2384	1488	-1.45	-0.17	n
171130957	2384	1489	-1.45	-0.25	n
171140957	2384	1488	-1.45	-0.17	n
171150957	2384	1488	-1.45	-0.17	n
171160957	2384	1489	-1.45	-0.25	n
171170957	2384	1489	-1.45	-0.25	n
171180957	2383	1488	-1.37	-0.17	n
171190957	2384	1489	-1.45	-0.25	n
171200957	2383	1488	-1.37	-0.17	n
171210957	2383	1488	-1.37	-0.17	n
171220957	2384	1488	-1.45	-0.17	n
171230957	2384	1488	-1.45	-0.17	n
171240957	2384	1488	-1.45	-0.17	n
171250957	2384	1488	-1.45	-0.17	n
171260957	2384	1488	-1.45	-0.17	n
171270957	2384	1488	-1.45	-0.17	n
171280957	2384	1489	-1.45	-0.25	n
171290957	2384	1488	-1.45	-0.17	n
171300957	2384	1488	-1.45	-0.17	n
171310956	2384	1488	-1.45	-0.17	n
171320956	2384	1488	-1.45	-0.17	n
171330955	2384	1488	-1.45	-0.17	n
171340955	2384	1488	-1.45	-0.17	n
171350955	2384	1489	-1.45	-0.25	n
171360954	2384	1488	-1.45	-0.17	Location:lat:35.504288lon:139.465257;;Date:2024/12/8;;Time:05:45:45:00;;
171370954	2384	1490	-1.45	-0.33	n
171380954	2384	1490	-1.45	-0.33	n
171390954	2384	1489	-1.45	-0.25	n
171400953	2384	1488	-1.45	-0.17	n
171410953	2384	1489	-1.45	-0.25	n
171420953	2383	1488	-1.37	-0.17	n
171430954	2384	1488	-1.45	-0.17	n
171440954	2384	1488	-1.45	-0.17	n
171450957	2384	1488	-1.45	-0.17	n
171460956	2384	1488	-1.45	-0.17	n
171470956	2384	1489	-1.45	-0.25	n
171480956	2384	1489	-1.45	-0.25	Location:lat:35.504288lon:139.465257;;Time:05:45:45:00;;
171490956	2384	1488	-1.45	-0.17	n
171500956	2383	1488	-1.37	-0.17	n
171510956	2384	1488	-1.45	-0.17	n
171520956	2384	1488	-1.45	-0.17	n
171530956	2384	1488	-1.45	-0.17	n
171540956	2384	1488	-1.45	-0.17	n
171550965	2384	1488	-1.45	-0.17	n
171560965	2384	1488	-1.45	-0.17	n
171570965	2384	1488	-1.45	-0.17	n
171580965	2384	1488	-1.45	-0.17	n
171590964	2384	1489	-1.45	-0.25	n
171600963	2384	1489	-1.45	-0.25	n
171610963	2384	1488	-1.45	-0.17	n
171620963	2384	1489	-1.45	-0.25	n
171630962	2384	1488	-1.45	-0.17	n
171640962	2384	1489	-1.45	-0.25	n
171650962	2384	1488	-1.45	-0.17	n
171660962	2384	1489	-1.45	-0.25	n
171670961	2384	1489	-1.45	-0.25	n
171680960	2384	1488	-1.45	-0.17	n
171690959	2384	1488	-1.45	-0.17	n
171700959	2384	1488	-1.45	-0.17	n
171710959	2383	1488	-1.37	-0.17	n
171720959	2384	1489	-1.45	-0.25	n
171730959	2384	1489	-1.45	-0.25	n
171740959	2384	1488	-1.45	-0.17	n
171750959	2383	1488	-1.37	-0.17	n
171760960	2384	1491	-1.45	-0.41	n
171770960	2382	1488	-1.28	-0.17	n
171780959	2383	1488	-1.37	-0.17	n
171790959	2384	1488	-1.45	-0.17	n
171800959	2384	1488	-1.45	-0.17	n
171810959	2384	1488	-1.45	-0.17	n
171820959	2383	1488	-1.37	-0.17	n
171830959	2383	1488	-1.37	-0.17	n
171840958	2384	1488	-1.45	-0.17	Location:lat:35.504288lon:139.465257;;Date:2024/12/8;;Time:05:45:45:00;;
171850957	2383	1488	-1.37	-0.17	n
171860957	2383	1488	-1.37	-0.17	n
171870957	2384	1488	-1.45	-0.17	n
171880957	2384	1488	-1.45	-0.17	n
171890957	2383	1489	-1.37	-0.25	n
171900957	2384	1488	-1.45	-0.17	n
171910957	2384	1488	-1.45	-0.17	n
171920957	2384	1488	-1.45	-0.17	n
171930957	2383	1488	-1.37	-0.17	n
171940957	2384	1488	-1.45	-0.17	n
171950957	2384	1489	-1.45	-0.25	n
171960957	2384	1489	-1.45	-0.25	n
171970957	2384	1488	-1.45	-0.17	n
171980957	2383	1488	-1.37	-0.17	n
171990957	2384	1488	-1.45	-0.17	n
172000957	2384	1488	-1.45	-0.17	n
172010957	2384	1489	-1.45	-0.25	n
172020957	2384	1489	-1.45	-0.25	n
172030957	2383	1488	-1.37	-0.17	n
172040957	2383	1488	-1.37	-0.17	n
172050957	2384	1488	-1.45	-0.17	n
172060957	2384	1488	-1.45	-0.17	n
172070957	2383	1488	-1.37	-0.17	n
172080957	2384	1488	-1.45	-0.17	n
172090957	2384	1488	-1.45	-0.17	n
172100957	2383	1488	-1.37	-0.17	n
172110957	2383	1488	-1.37	-0.17	n
172120957	2383	1488	-1.37	-0.17	n
172130957	2384	1489	-1.45	-0.25	n
172140957	2384	1490	-1.45	-0.33	n
172150957	2384	1489	-1.45	-0.25	n
172160957	2383	1488	-1.37	-0.17	n
172170957	2384	1489	-1.45	-0.25	n
172180957	2384	1488	-1.45	-0.17	n
172190957	2384	1488	-1.45	-0.17	n
172200957	2384	1488	-1.45	-0.17	n
172210957	2384	1489	-1.45	-0.25	n
172220957	2384	1488	-1.45	-0.17	n
172230957	2384	1488	-1.45	-0.17	n
172240957	2384	1488	-1.45	-0.17	n
172250957	2384	1488	-1.45	-0.17	n
172260957	2383	1488	-1.37	-0.17	n
172270957	2384	1488	-1.45	-0.17	n
172280957	2383	1489	-1.37	-0.25	n
172290957	2384	1488	-1.45	-0.17	n
172300957	2384	1489	-1.45	-0.25	n
172310957	2383	1488	-1.37	-0.17	n
172320957	2383	1489	-1.37	-0.25	n
172330956	2384	1488	-1.45	-0.17	n
172340957	2384	1488	-1.45	-0.17	n
172350957	2384	1488	-1.45	-0.17	n
172360956	2383	1488	-1.37	-0.17	Location:lat:35.504286lon:139.465257;;Date:2024/12/8;;Time:05:45:46:00;;
172370957	2383	1488	-1.37	-0.17	n
172380957	2383	1488	-1.37	-0.17	n
172390957	2383	1489	-1.37	-0.25	n
172400957	2384	1488	-1.45	-0.17	n
172410957	2384	1488	-1.45	-0.17	n
172420957	2384	1488	-1.45	-0.17	n
172430957	2384	1488	-1.45	-0.17	n
172440965	2383	1489	-1.37	-0.25	n
172450965	2384	1489	-1.45	-0.25	n
172460964	2384	1488	-1.45	-0.17	n
172470964	2384	1489	-1.45	-0.25	Location:lat:35.504286lon:139.465257;;Time:05:45:46:00;;
172480964	2384	1488	-1.45	-0.17	n
172490964	2384	1489	-1.45	-0.25	n
172500964	2384	1489	-1.45	-0.25	n
172510964	2384	1488	-1.45	-0.17	n
172520963	2383	1488	-1.37	-0.17	n
172530963	2384	1488	-1.45	-0.17	n
172540962	2383	1490	-1.37	-0.33	n
172550962	2384	1488	-1.45	-0.17	n
172560962	2384	1488	-1.45	-0.17	n
172570962	2384	1488	-1.45	-0.17	n
172580962	2384	1489	-1.45	-0.25	n
172590961	2382	1489	-1.28	-0.25	n
172600961	2383	1488	-1.37	-0.17	n
172610960	2384	1488	-1.45	-0.17	n
172620960	2384	1489	-1.45	-0.25	n
172630960	2384	1488	-1.45	-0.17	n
172640960	2383	1489	-1.37	-0.25	n
172650960	2384	1488	-1.45	-0.17	n
172660959	2384	1488	-1.45	-0.17	n
172670960	2383	1488	-1.37	-0.17	n
172680959	2384	1488	-1.45	-0.17	n
172690959	2384	1488	-1.45	-0.17	n
172700959	2384	1490	-1.45	-0.33	n
172710959	2384	1488	-1.45	-0.17	n
172720959	2384	1490	-1.45	-0.33	n
172730959	2384	1488	-1.45	-0.17	n
172740958	2384	1489	-1.45	-0.25	n
172750957	2384	1489	-1.45	-0.25	n
172760957	2384	1488	-1.45	-0.17	n
172770957	2384	1489	-1.45	-0.25	n
172780956	2384	1488	-1.45	-0.17	n
172790956	2384	1488	-1.45	-0.17	n
172800955	2384	1489	-1.45	-0.25	n
172810955	2384	1489	-1.45	-0.25	n
172820964	2384	1488	-1.45	-0.17	n
172830964	2384	1488	-1.45	-0.17	n
172840965	2383	1489	-1.37	-0.25	Location:lat:35.504286lon:139.465257;;Date:2024/12/8;;Time:05:45:46:00;;
172850964	2384	1490	-1.45	-0.33	n
172860963	2382	1488	-1.28	-0.17	n
172870963	2383	1488	-1.37	-0.17	n
172880963	2383	1488	-1.37	-0.17	n
172890963	2384	1488	-1.45	-0.17	n
172900963	2384	1489	-1.45	-0.25	n
172910963	2384	1488	-1.45	-0.17	n
172920963	2384	1488	-1.45	-0.17	n
172930963	2384	1488	-1.45	-0.17	n
172940963	2383	1488	-1.37	-0.17	n
172950963	2383	1488	-1.37	-0.17	n
172960963	2384	1488	-1.45	-0.17	n
172970963	2384	1489	-1.45	-0.25	n
172980963	2384	1489	-1.45	-0.25	n
172990963	2384	1488	-1.45	-0.17	n
173000963	2383	1488	-1.37	-0.17	n
173010963	2384	1488	-1.45	-0.17	n
173020963	2384	1488	-1.45	-0.17	n
173030963	2384	1488	-1.45	-0.17	n
173040963	2383	1488	-1.37	-0.17	n
173050963	2384	1489	-1.45	-0.25	n
173060963	2384	1488	-1.45	-0.17	n
173070963	2384	1488	-1.45	-0.17	n
173080963	2383	1488	-1.37	-0.17	n
173090963	2381	1488	-1.20	-0.17	n
173100963	2383	1490	-1.37	-0.33	n
173110963	2384	1488	-1.45	-0.17	n
173120963	2384	1488	-1.45	-0.17	n
173130963	2384	1488	-1.45	-0.17	n
173140963	2384	1488	-1.45	-0.17	n
173150963	2384	1488	-1.45	-0.17	n
173160963	2384	1488	-1.45	-0.17	n
173170963	2383	1488	-1.37	-0.17	n
173180963	2382	1488	-1.28	-0.17	n
173190963	2384	1488	-1.45	-0.17	n
173200963	2383	1488	-1.37	-0.17	n
173210963	2384	1488	-1.45	-0.17	n
173220963	2384	1488	-1.45	-0.17	n
173230963	2382	1488	-1.28	-0.17	n
173240963	2382	1488	-1.28	-0.17	n
173250963	2384	1488	-1.45	-0.17	n
173260963	2384	1489	-1.45	-0.25	n
173270963	2384	1489	-1.45	-0.25	n
173280963	2384	1489	-1.45	-0.25	n
173290963	2384	1489	-1.45	-0.25	n
173300966	2384	1488	-1.45	-0.17	n
173310965	2384	1488	-1.45	-0.17	n
173320965	2384	1488	-1.45	-0.17	n
173330965	2384	1488	-1.45	-0.17	n
173340964	2384	1489	-1.45	-0.25	n
173350964	2384	1488	-1.45	-0.17	n
173360965	2383	1489	-1.37	-0.25	Location:lat:35.504291lon:139.465248;;Date:2024/12/8;;Time:05:45:47:00;;
173370965	2383	1489	-1.37	-0.25	n
173380965	2384	1488	-1.45	-0.17	n
173390965	2384	1488	-1.45	-0.17	n
173400965	2383	1488	-1.37	-0.17	n
173410964	2384	1488	-1.45	-0.17	n
173420963	2384	1488	-1.45	-0.17	n
173430962	2384	1488	-1.45	-0.17	n
173440962	2384	1488	-1.45	-0.17	n
173450962	2384	1488	-1.45	-0.17	n
173460962	2384	1488	-1.45	-0.17	n
173470961	2383	1488	-1.37	-0.17	Location:lat:35.504291lon:139.465248;;Time:05:45:47:00;;
173480961	2384	1488	-1.45	-0.17	n
173490960	2384	1488	-1.45	-0.17	n
173500960	2384	1489	-1.45	-0.25	n
173510960	2384	1489	-1.45	-0.25	n
173520959	2384	1488	-1.45	-0.17	n
173530959	2384	1488	-1.45	-0.17	n
173540959	2384	1488	-1.45	-0.17	n
173550959	2384	1488	-1.45	-0.17	n
173560959	2383	1488	-1.37	-0.17	n
173570959	2382	1488	-1.28	-0.17	n
173580959	2384	1488	-1.45	-0.17	n
173590960	2384	1488	-1.45	-0.17	n
173600960	2384	1488	-1.45	-0.17	n
173610960	2384	1488	-1.45	-0.17	n
173620960	2383	1488	-1.37	-0.17	n
173630960	2384	1488	-1.45	-0.17	n
173640960	2384	1489	-1.45	-0.25	n
173650960	2383	1488	-1.37	-0.17	n
173660960	2383	1488	-1.37	-0.17	n
173670960	2384	1489	-1.45	-0.25	n
173680960	2384	1489	-1.45	-0.25	n
173690960	2384	1488	-1.45	-0.17	n
173700960	2383	1488	-1.37	-0.17	n
173710960	2383	1488	-1.37	-0.17	n
173720960	2384	1488	-1.45	-0.17	n
173730960	2384	1488	-1.45	-0.17	n
173740960	2383	1488	-1.37	-0.17	n
173750960	2383	1488	-1.37	-0.17	n
173760960	2384	1488	-1.45	-0.17	n
173770960	2384	1489	-1.45	-0.25	n
173780960	2383	1488	-1.37	-0.17	n
173790960	2384	1488	-1.45	-0.17	n
173800960	2384	1488	-1.45	-0.17	n
173810960	2384	1488	-1.45	-0.17	n
173820960	2384	1488	-1.45	-0.17	n
173830960	2384	1488	-1.45	-0.17	n
173840959	2384	1489	-1.45	-0.25	Location:lat:35.504291lon:139.465248;;Date:2024/12/8;;Time:05:45:47:00;;
173850959	2384	1488	-1.45	-0.17	n
173860958	2384	1488	-1.45	-0.17	n
173870958	2384	1488	-1.45	-0.17	n
173880958	2384	1488	-1.45	-0.17	n
173890958	2384	1488	-1.45	-0.17	n
173900958	2384	1488	-1.45	-0.17	n
173910958	2383	1488	-1.37	-0.17	n
173920958	2384	1488	-1.45	-0.17	n
173930958	2385	1489	-1.53	-0.25	n
173940958	2384	1488	-1.45	-0.17	n
173950958	2384	1488	-1.45	-0.17	n
173960958	2384	1488	-1.45	-0.17	n
173970958	2384	1489	-1.45	-0.25	n
173980958	2384	1489	-1.45	-0.25	n
173990958	2384	1489	-1.45	-0.25	n
174000958	2384	1488	-1.45	-0.17	n
174010958	2383	1488	-1.37	-0.17	n
174020958	2384	1488	-1.45	-0.17	n
174030958	2383	1488	-1.37	-0.17	n
174040958	2383	1488	-1.37	-0.17	n
174050958	2384	1488	-1.45	-0.17	n
174060958	2384	1488	-1.45	-0.17	n
174070958	2383	1489	-1.37	-0.25	n
174080958	2383	1488	-1.37	-0.17	n
174090958	2384	1488	-1.45	-0.17	n
174100958	2384	1489	-1.45	-0.25	n
174110958	2383	1488	-1.37	-0.17	n
174120958	2384	1488	-1.45	-0.17	n
174130958	2384	1488	-1.45	-0.17	n
174140958	2384	1488	-1.45	-0.17	n
174150958	2383	1488	-1.37	-0.17	n
174160958	2384	1489	-1.45	-0.25	n
174170958	2384	1488	-1.45	-0.17	n
174180958	2384	1488	-1.45	-0.17	n
174190958	2384	1488	-1.45	-0.17	n
174200958	2384	1489	-1.45	-0.25	n
174210958	2383	1488	-1.37	-0.17	n
174220958	2384	1488	-1.45	-0.17	n
174230958	2384	1488	-1.45	-0.17	n
174240958	2382	1488	-1.28	-0.17	n
174250958	2383	1488	-1.37	-0.17	n
174260958	2383	1488	-1.37	-0.17	n
174270958	2383	1489	-1.37	-0.25	n
174280958	2384	1488	-1.45	-0.17	n
174290958	2384	1489	-1.45	-0.25	n
174300962	2383	1488	-1.37	-0.17	n
174310962	2383	1488	-1.37	-0.17	n
174320962	2383	1489	-1.37	-0.25	n
174330962	2384	1488	-1.45	-0.17	n
174340962	2384	1488	-1.45	-0.17	n
174350961	2382	1488	-1.28	-0.17	n
174360961	2384	1488	-1.45	-0.17	Location:lat:35.504295lon:139.465245;;Date:2024/12/8;;Time:05:45:48:00;;
174370961	2384	1488	-1.45	-0.17	n
174380961	2384	1489	-1.45	-0.25	n
174390960	2384	1488	-1.45	-0.17	n
174400959	2382	1488	-1.28	-0.17	n
174410959	2384	1488	-1.45	-0.17	n
174420959	2384	1488	-1.45	-0.17	n
174430959	2384	1488	-1.45	-0.17	n
174440958	2383	1488	-1.37	-0.17	n
174450958	2384	1489	-1.45	-0.25	n
174460958	2384	1488	-1.45	-0.17	n
174470958	2381	1488	-1.20	-0.17	Location:lat:35.504295lon:139.465245;;Time:05:45:48:00;;
174480957	2383	1488	-1.37	-0.17	n
174490957	2383	1488	-1.37	-0.17	n
174500957	2384	1488	-1.45	-0.17	n
174510957	2383	1488	-1.37	-0.17	n
174520957	2383	1488	-1.37	-0.17	n
174530956	2383	1489	-1.37	-0.25	n
174540956	2384	1488	-1.45	-0.17	n
174550957	2383	1489	-1.37	-0.25	n
174560957	2383	1488	-1.37	-0.17	n
174570957	2384	1488	-1.45	-0.17	n
174580956	2383	1489	-1.37	-0.25	n
174590956	2383	1488	-1.37	-0.17	n
174600956	2383	1488	-1.37	-0.17	n
174610957	2383	1489	-1.37	-0.25	n
174620957	2382	1488	-1.28	-0.17	n
174630966	2384	1489	-1.45	-0.25	n
174640965	2383	1488	-1.37	-0.17	n
174650965	2384	1488	-1.45	-0.17	n
174660965	2384	1488	-1.45	-0.17	n
174670964	2383	1488	-1.37	-0.17	n
174680964	2382	1488	-1.28	-0.17	n
174690964	2383	1488	-1.37	-0.17	n
174700964	2383	1488	-1.37	-0.17	n
174710964	2384	1488	-1.45	-0.17	n
174720963	2384	1488	-1.45	-0.17	n
174730962	2383	1489	-1.37	-0.25	n
174740962	2384	1488	-1.45	-0.17	n
174750961	2384	1488	-1.45	-0.17	n
174760960	2383	1488	-1.37	-0.17	n
174770960	2383	1488	-1.37	-0.17	n
174780960	2384	1488	-1.45	-0.17	n
174790959	2384	1488	-1.45	-0.17	n
174800959	2384	1488	-1.45	-0.17	n
174810959	2384	1488	-1.45	-0.17	n
174820959	2384	1488	-1.45	-0.17	n
174830959	2383	1488	-1.37	-0.17	n
174840959	2383	1488	-1.37	-0.17	Location:lat:35.504295lon:139.465245;;Date:2024/12/8;;Time:05:45:48:00;;
174850958	2384	1488	-1.45	-0.17	n
174860957	2384	1488	-1.45	-0.17	n
174870957	2383	1488	-1.37	-0.17	n
174880957	2381	1488	-1.20	-0.17	n
174890957	2384	1488	-1.45	-0.17	n
174900957	2384	1488	-1.45	-0.17	n
174910957	2383	1488	-1.37	-0.17	n
174920957	2384	1489	-1.45	-0.25	n
174930957	2383	1488	-1.37	-0.17	n
174940957	2384	1488	-1.45	-0.17	n
174950957	2384	1488	-1.45	-0.17	n
174960957	2384	1488	-1.45	-0.17	n
174970957	2384	1489	-1.45	-0.25	n
174980957	2382	1488	-1.28	-0.17	n
174990957	2384	1488	-1.45	-0.17	n
175000957	2382	1488	-1.28	-0.17	n
175010957	2381	1488	-1.20	-0.17	n
175020957	2383	1488	-1.37	-0.17	n
175030957	2383	1488	-1.37	-0.17	n
175040957	2383	1488	-1.37	-0.17	n
175050957	2384	1488	-1.45	-0.17	n
175060957	2383	1488	-1.37	-0.17	n
175070957	2384	1488	-1.45	-0.17	n
175080957	2384	1488	-1.45	-0.17	n
175090957	2383	1488	-1.37	-0.17	n
175100957	2384	1488	-1.45	-0.17	n
175110957	2384	1488	-1.45	-0.17	n
175120957	2382	1488	-1.28	-0.17	n
175130957	2382	1488	-1.28	-0.17	n
175140957	2383	1488	-1.37	-0.17	n
175150957	2384	1488	-1.45	-0.17	n
175160957	2384	1488	-1.45	-0.17	n
175170957	2383	1488	-1.37	-0.17	n
175180957	2383	1488	-1.37	-0.17	n
175190957	2384	1488	-1.45	-0.17	n
175200957	2384	1488	-1.45	-0.17	n
175210957	2384	1488	-1.45	-0.17	n
175220957	2384	1488	-1.45	-0.17	n
175230957	2383	1488	-1.37	-0.17	n
175240957	2383	1488	-1.37	-0.17	n
175250957	2383	1488	-1.37	-0.17	n
175260957	2382	1488	-1.28	-0.17	n
175270957	2382	1488	-1.28	-0.17	n
175280957	2384	1488	-1.45	-0.17	n
175290957	2384	1488	-1.45	-0.17	n
175300957	2383	1488	-1.37	-0.17	n
175310957	2383	1488	-1.37	-0.17	n
175320957	2383	1488	-1.37	-0.17	n
175330957	2382	1488	-1.28	-0.17	n
175340957	2384	1488	-1.45	-0.17	n
175350957	2383	1488	-1.37	-0.17	n
175360957	2384	1488	-1.45	-0.17	Location:lat:35.504298lon:139.465240;;Date:2024/12/8;;Time:05:45:49:00;;
175370957	2384	1488	-1.45	-0.17	n
175380957	2383	1488	-1.37	-0.17	n
175390956	2382	1488	-1.28	-0.17	n
175400956	2384	1488	-1.45	-0.17	n
175410956	2384	1488	-1.45	-0.17	n
175420956	2384	1488	-1.45	-0.17	n
175430955	2382	1488	-1.28	-0.17	n
175440955	2382	1489	-1.28	-0.25	n
175450955	2382	1488	-1.28	-0.17	n
175460954	2383	1488	-1.37	-0.17	n
175470954	2384	1488	-1.45	-0.17	Location:lat:35.504298lon:139.465240;;Time:05:45:49:00;;
175480954	2384	1489	-1.45	-0.25	n
175490953	2383	1488	-1.37	-0.17	n
175500952	2383	1488	-1.37	-0.17	n
175510952	2383	1488	-1.37	-0.17	n
175520952	2384	1488	-1.45	-0.17	n
175530952	2383	1488	-1.37	-0.17	n
175540953	2383	1489	-1.37	-0.25	n
175550953	2383	1488	-1.37	-0.17	n
175560953	2383	1488	-1.37	-0.17	n
175570953	2384	1488	-1.45	-0.17	n
175580953	2383	1488	-1.37	-0.17	n
175590953	2384	1489	-1.45	-0.25	n
175600953	2383	1488	-1.37	-0.17	n
175610953	2384	1488	-1.45	-0.17	n
175620953	2384	1488	-1.45	-0.17	n
175630952	2384	1489	-1.45	-0.25	n
175640952	2384	1488	-1.45	-0.17	n
175650952	2384	1488	-1.45	-0.17	n
175660952	2384	1488	-1.45	-0.17	n
175670951	2383	1488	-1.37	-0.17	n
175680959	2384	1488	-1.45	-0.17	n
175690959	2383	1489	-1.37	-0.25	n
175700959	2384	1489	-1.45	-0.25	n
175710959	2384	1489	-1.45	-0.25	n
175720959	2383	1489	-1.37	-0.25	n
175730959	2382	1489	-1.28	-0.25	n
175740958	2384	1488	-1.45	-0.17	n
175750958	2384	1488	-1.45	-0.17	n
175760958	2384	1489	-1.45	-0.25	n
175770957	2384	1488	-1.45	-0.17	n
175780957	2384	1488	-1.45	-0.17	n
175790957	2384	1488	-1.45	-0.17	n
175800957	2384	1489	-1.45	-0.25	n
175810957	2383	1488	-1.37	-0.17	n
175820956	2383	1488	-1.37	-0.17	n
175830955	2384	1488	-1.45	-0.17	n
175840955	2383	1488	-1.37	-0.17	Location:lat:35.504298lon:139.465240;;Date:2024/12/8;;Time:05:45:49:00;;
175850955	2383	1488	-1.37	-0.17	n
175860954	2381	1489	-1.20	-0.25	n
175870954	2383	1488	-1.37	-0.17	n
175880954	2384	1488	-1.45	-0.17	n
175890954	2382	1488	-1.28	-0.17	n
175900954	2384	1488	-1.45	-0.17	n
175910954	2383	1488	-1.37	-0.17	n
175920954	2384	1488	-1.45	-0.17	n
175930954	2383	1488	-1.37	-0.17	n
175940954	2382	1488	-1.28	-0.17	n
175950954	2382	1487	-1.28	-0.09	n
175960954	2384	1488	-1.45	-0.17	n
175970954	2384	1488	-1.45	-0.17	n
175980954	2384	1488	-1.45	-0.17	n
175990954	2384	1488	-1.45	-0.17	n
176000954	2381	1488	-1.20	-0.17	n
176010954	2383	1488	-1.37	-0.17	n
176020954	2384	1488	-1.45	-0.17	n
176030954	2383	1488	-1.37	-0.17	n
176040954	2384	1488	-1.45	-0.17	n
176050954	2384	1489	-1.45	-0.25	n
176060954	2384	1488	-1.45	-0.17	n
176070954	2383	1488	-1.37	-0.17	n
176080954	2383	1488	-1.37	-0.17	n
176090954	2383	1488	-1.37	-0.17	n
176100954	2383	1488	-1.37	-0.17	n
176110954	2383	1488	-1.37	-0.17	n
176120954	2384	1488	-1.45	-0.17	n
176130954	2382	1488	-1.28	-0.17	n
176140954	2382	1487	-1.28	-0.09	n
176150954	2382	1488	-1.28	-0.17	n
176160954	2384	1488	-1.45	-0.17	n
176170954	2384	1488	-1.45	-0.17	n
176180954	2383	1488	-1.37	-0.17	n
176190954	2384	1488	-1.45	-0.17	n
176200954	2382	1488	-1.28	-0.17	n
176210954	2384	1488	-1.45	-0.17	n
176220954	2383	1488	-1.37	-0.17	n
176230954	2383	1488	-1.37	-0.17	n
176240954	2384	1488	-1.45	-0.17	n
176250954	2383	1488	-1.37	-0.17	n
176260954	2384	1488	-1.45	-0.17	n
176270954	2382	1488	-1.28	-0.17	n
176280954	2384	1488	-1.45	-0.17	n
176290954	2383	1488	-1.37	-0.17	n
176300954	2384	1488	-1.45	-0.17	n
176310954	2384	1488	-1.45	-0.17	n
176320954	2384	1489	-1.45	-0.25	n
176330953	2384	1488	-1.45	-0.17	n
176340953	2384	1489	-1.45	-0.25	n
176350953	2384	1489	-1.45	-0.25	n
176360954	2384	1488	-1.45	-0.17	Location:lat:35.504298lon:139.465237;;Date:2024/12/8;;Time:05:45:50:00;;
176370954	2384	1489	-1.45	-0.25	n
176380953	2384	1488	-1.45	-0.17	n
176390953	2384	1488	-1.45	-0.17	n
176400953	2383	1488	-1.37	-0.17	n
176410953	2384	1488	-1.45	-0.17	n
176420953	2383	1488	-1.37	-0.17	n
176430953	2384	1488	-1.45	-0.17	n
176440954	2384	1489	-1.45	-0.25	n
176450954	2383	1488	-1.37	-0.17	n
176460954	2384	1488	-1.45	-0.17	n
176470954	2384	1488	-1.45	-0.17	Location:lat:35.504298lon:139.465237;;Time:05:45:50:00;;
176480954	2383	1488	-1.37	-0.17	n
176490954	2383	1488	-1.37	-0.17	n
176500957	2383	1489	-1.37	-0.25	n
176510957	2384	1489	-1.45	-0.25	n
176520957	2384	1488	-1.45	-0.17	n
176530957	2383	1488	-1.37	-0.17	n
176540956	2384	1488	-1.45	-0.17	n
176550956	2384	1488	-1.45	-0.17	n
176560956	2384	1489	-1.45	-0.25	n
176570956	2384	1488	-1.45	-0.17	n
176580956	2383	1488	-1.37	-0.17	n
176590955	2383	1488	-1.37	-0.17	n
176600955	2383	1488	-1.37	-0.17	n
176610954	2384	1488	-1.45	-0.17	n
176620954	2384	1488	-1.45	-0.17	n
176630954	2384	1488	-1.45	-0.17	n
176640954	2384	1488	-1.45	-0.17	n
176650954	2383	1488	-1.37	-0.17	n
176660953	2384	1488	-1.45	-0.17	n
176670953	2384	1488	-1.45	-0.17	n
176680953	2382	1488	-1.28	-0.17	n
176690952	2382	1488	-1.28	-0.17	n
176700953	2384	1488	-1.45	-0.17	n
176710953	2384	1489	-1.45	-0.25	n
176720953	2384	1488	-1.45	-0.17	n
176730956	2384	1488	-1.45	-0.17	n
176740956	2384	1488	-1.45	-0.17	n
176750956	2384	1488	-1.45	-0.17	n
176760957	2384	1489	-1.45	-0.25	n
176770957	2383	1489	-1.37	-0.25	n
176780957	2384	1490	-1.45	-0.33	n
176790957	2384	1489	-1.45	-0.25	n
176800958	2384	1488	-1.45	-0.17	n
176810958	2383	1488	-1.37	-0.17	n
176820958	2384	1488	-1.45	-0.17	n
176830967	2384	1488	-1.45	-0.17	n
176840966	2384	1488	-1.45	-0.17	Location:lat:35.504298lon:139.465237;;Date:2024/12/8;;Time:05:45:50:00;;
176850965	2384	1489	-1.45	-0.25	n
176860965	2383	1488	-1.37	-0.17	n
176870965	2383	1488	-1.37	-0.17	n
176880965	2383	1488	-1.37	-0.17	n
176890965	2384	1488	-1.45	-0.17	n
176900965	2384	1488	-1.45	-0.17	n
176910965	2383	1488	-1.37	-0.17	n
176920965	2384	1488	-1.45	-0.17	n
176930965	2384	1488	-1.45	-0.17	n
176940965	2383	1488	-1.37	-0.17	n
176950965	2384	1489	-1.45	-0.25	n
176960965	2384	1488	-1.45	-0.17	n
176970965	2384	1488	-1.45	-0.17	n
176980965	2384	1488	-1.45	-0.17	n
176990965	2383	1488	-1.37	-0.17	n
177000965	2383	1488	-1.37	-0.17	n
177010965	2384	1488	-1.45	-0.17	n
177020965	2384	1488	-1.45	-0.17	n
177030965	2384	1488	-1.45	-0.17	n
177040965	2384	1488	-1.45	-0.17	n
177050965	2384	1488	-1.45	-0.17	n
177060965	2384	1488	-1.45	-0.17	n
177070965	2384	1488	-1.45	-0.17	n
177080965	2383	1488	-1.37	-0.17	n
177090965	2384	1489	-1.45	-0.25	n
177100965	2384	1488	-1.45	-0.17	n
177110965	2383	1487	-1.37	-0.09	n
177120965	2382	1488	-1.28	-0.17	n
177130965	2383	1488	-1.37	-0.17	n
177140965	2383	1489	-1.37	-0.25	n
177150965	2384	1488	-1.45	-0.17	n
177160965	2384	1488	-1.45	-0.17	n
177170965	2384	1488	-1.45	-0.17	n
177180965	2383	1488	-1.37	-0.17	n
177190965	2384	1488	-1.45	-0.17	n
177200965	2384	1488	-1.45	-0.17	n
177210965	2384	1488	-1.45	-0.17	n
177220965	2384	1488	-1.45	-0.17	n
177230965	2384	1488	-1.45	-0.17	n
177240965	2384	1488	-1.45	-0.17	n
177250965	2383	1488	-1.37	-0.17	n
177260965	2383	1488	-1.37	-0.17	n
177270965	2383	1488	-1.37	-0.17	n
177280965	2382	1488	-1.28	-0.17	n
177290965	2383	1488	-1.37	-0.17	n
177300965	2384	1488	-1.45	-0.17	n
177310965	2383	1488	-1.37	-0.17	n
177320965	2384	1488	-1.45	-0.17	n
177330964	2383	1488	-1.37	-0.17	n
177340964	2383	1488	-1.37	-0.17	n
177350964	2383	1488	-1.37	-0.17	n
177360964	2383	1488	-1.37	-0.17	Location:lat:35.504297lon:139.465235;;Date:2024/12/8;;Time:05:45:51:00;;
177370963	2383	1489	-1.37	-0.25	n
177380963	2383	1488	-1.37	-0.17	n
177390971	2383	1488	-1.37	-0.17	n
177400970	2384	1488	-1.45	-0.17	n
177410970	2384	1489	-1.45	-0.25	n
177420970	2383	1488	-1.37	-0.17	n
177430970	2383	1488	-1.37	-0.17	n
177440970	2383	1488	-1.37	-0.17	n
177450969	2384	1488	-1.45	-0.17	n
177460969	2384	1488	-1.45	-0.17	n
177470969	2383	1488	-1.37	-0.17	Location:lat:35.504297lon:139.465235;;Time:05:45:51:00;;
177480968	2384	1488	-1.45	-0.17	n
177490967	2382	1488	-1.28	-0.17	n
177500967	2383	1488	-1.37	-0.17	n
177510967	2382	1488	-1.28	-0.17	n
177520966	2384	1488	-1.45	-0.17	n
177530965	2383	1488	-1.37	-0.17	n
177540966	2382	1488	-1.28	-0.17	n
177550965	2384	1488	-1.45	-0.17	n
177560965	2384	1488	-1.45	-0.17	n
177570965	2384	1488	-1.45	-0.17	n
177580964	2383	1489	-1.37	-0.25	n
177590964	2383	1488	-1.37	-0.17	n
177600964	2384	1488	-1.45	-0.17	n
177610964	2384	1488	-1.45	-0.17	n
177620964	2384	1488	-1.45	-0.17	n
177630963	2383	1489	-1.37	-0.25	n
177640963	2384	1489	-1.45	-0.25	n
177650963	2383	1490	-1.37	-0.33	n
177660963	2382	1488	-1.28	-0.17	n
177670963	2384	1488	-1.45	-0.17	n
177680963	2384	1488	-1.45	-0.17	n
177690964	2384	1489	-1.45	-0.25	n
177700963	2384	1488	-1.45	-0.17	n
177710963	2383	1488	-1.37	-0.17	n
177720963	2384	1488	-1.45	-0.17	n
177730963	2384	1488	-1.45	-0.17	n
177740963	2384	1488	-1.45	-0.17	n
177750962	2384	1488	-1.45	-0.17	n
177760962	2383	1488	-1.37	-0.17	n
177770967	2383	1488	-1.37	-0.17	n
177780966	2384	1488	-1.45	-0.17	n
177790966	2383	1489	-1.37	-0.25	n
177800965	2384	1489	-1.45	-0.25	n
177810964	2384	1488	-1.45	-0.17	n
177820963	2384	1488	-1.45	-0.17	n
177830962	2384	1488	-1.45	-0.17	n
177840962	2383	1488	-1.37	-0.17	Location:lat:35.504297lon:139.465235;;Date:2024/12/8;;Time:05:45:51:00;;
177850962	2384	1489	-1.45	-0.25	n
177860962	2383	1489	-1.37	-0.25	n
177870962	2384	1488	-1.45	-0.17	n
177880962	2384	1488	-1.45	-0.17	n
177890962	2383	1488	-1.37	-0.17	n
177900962	2384	1488	-1.45	-0.17	n
177910962	2383	1488	-1.37	-0.17	n
177920962	2384	1488	-1.45	-0.17	n
177930962	2384	1488	-1.45	-0.17	n
177940962	2383	1488	-1.37	-0.17	n
177950962	2384	1488	-1.45	-0.17	n
177960962	2383	1489	-1.37	-0.25	n
177970962	2382	1488	-1.28	-0.17	n
177980962	2384	1488	-1.45	-0.17	n
177990962	2384	1489	-1.45	-0.25	n
178000962	2383	1488	-1.37	-0.17	n
178010962	2384	1489	-1.45	-0.25	n
178020962	2383	1489	-1.37	-0.25	n
178030962	2384	1488	-1.45	-0.17	n
178040962	2384	1488	-1.45	-0.17	n
178050962	2384	1488	-1.45	-0.17	n
178060962	2382	1488	-1.28	-0.17	n
178070962	2383	1488	-1.37	-0.17	n
178080962	2384	1488	-1.45	-0.17	n
178090962	2383	1488	-1.37	-0.17	n
178100962	2384	1488	-1.45	-0.17	n
178110962	2383	1488	-1.37	-0.17	n
178120962	2384	1489	-1.45	-0.25	n
178130962	2384	1488	-1.45	-0.17	n
178140962	2383	1488	-1.37	-0.17	n
178150962	2383	1489	-1.37	-0.25	n
178160962	2383	1488	-1.37	-0.17	n
178170962	2383	1488	-1.37	-0.17	n
178180962	2384	1488	-1.45	-0.17	n
178190962	2383	1488	-1.37	-0.17	n
178200962	2383	1488	-1.37	-0.17	n
178210962	2383	1488	-1.37	-0.17	n
178220962	2384	1488	-1.45	-0.17	n
178230962	2383	1488	-1.37	-0.17	n
178240962	2384	1488	-1.45	-0.17	n
178250962	2384	1488	-1.45	-0.17	n
178260962	2382	1488	-1.28	-0.17	n
178270962	2383	1488	-1.37	-0.17	n
178280962	2383	1488	-1.37	-0.17	n
178290962	2384	1488	-1.45	-0.17	n
178300962	2383	1488	-1.37	-0.17	n
178310962	2384	1488	-1.45	-0.17	n
178320962	2384	1488	-1.45	-0.17	n
178330961	2383	1488	-1.37	-0.17	n
178340962	2384	1489	-1.45	-0.25	n
178350961	2384	1488	-1.45	-0.17	n
178360961	2384	1488	-1.45	-0.17	Location:lat:35.504296lon:139.465232;;Date:2024/12/8;;Time:05:45:52:00;;
178370960	2382	1488	-1.28	-0.17	n
178380959	2383	1488	-1.37	-0.17	n
178390960	2383	1488	-1.37	-0.17	n
178400960	2384	1489	-1.45	-0.25	n
178410959	2384	1488	-1.45	-0.17	n
178420958	2383	1488	-1.37	-0.17	n
178430958	2384	1488	-1.45	-0.17	n
178440958	2384	1488	-1.45	-0.17	n
178450957	2383	1488	-1.37	-0.17	n
178460956	2383	1488	-1.37	-0.17	n
178470957	2383	1488	-1.37	-0.17	Location:lat:35.504296lon:139.465232;;Time:05:45:52:00;;
178480958	2383	1488	-1.37	-0.17	n
178490958	2383	1489	-1.37	-0.25	n
178500958	2383	1488	-1.37	-0.17	n
178510964	2382	1488	-1.28	-0.17	n
178520965	2384	1489	-1.45	-0.25	n
178530966	2383	1488	-1.37	-0.17	n
178540966	2382	1488	-1.28	-0.17	n
178550965	2384	1488	-1.45	-0.17	n
178560964	2383	1488	-1.37	-0.17	n
178570964	2383	1488	-1.37	-0.17	n
178580964	2383	1488	-1.37	-0.17	n
178590963	2384	1488	-1.45	-0.17	n
178600963	2383	1488	-1.37	-0.17	n
178610963	2384	1488	-1.45	-0.17	n
178620963	2383	1488	-1.37	-0.17	n
178630963	2382	1488	-1.28	-0.17	n
178640963	2384	1488	-1.45	-0.17	n
178650963	2383	1489	-1.37	-0.25	n
178660963	2383	1489	-1.37	-0.25	n
178670962	2384	1488	-1.45	-0.17	n
178680962	2384	1488	-1.45	-0.17	n
178690962	2384	1488	-1.45	-0.17	n
178700962	2384	1488	-1.45	-0.17	n
178710963	2383	1488	-1.37	-0.17	n
178720963	2384	1488	-1.45	-0.17	n
178730963	2384	1488	-1.45	-0.17	n
178740963	2383	1488	-1.37	-0.17	n
178750963	2384	1488	-1.45	-0.17	n
178760964	2383	1488	-1.37	-0.17	n
178770964	2383	1488	-1.37	-0.17	n
178780964	2382	1488	-1.28	-0.17	n
178790964	2384	1488	-1.45	-0.17	n
178800965	2384	1488	-1.45	-0.17	n
178810965	2384	1488	-1.45	-0.17	n
178820965	2383	1488	-1.37	-0.17	n
178830965	2383	1488	-1.37	-0.17	n
178840965	2383	1488	-1.37	-0.17	Location:lat:35.504296lon:139.465232;;Date:2024/12/8;;Time:05:45:52:00;;
178850964	2383	1488	-1.37	-0.17	n
178860963	2384	1488	-1.45	-0.17	n
178870963	2384	1488	-1.45	-0.17	n
178880963	2383	1488	-1.37	-0.17	n
178890963	2383	1488	-1.37	-0.17	n
178900963	2383	1488	-1.37	-0.17	n
178910963	2384	1488	-1.45	-0.17	n
178920963	2383	1488	-1.37	-0.17	n
178930963	2384	1488	-1.45	-0.17	n
178940963	2384	1489	-1.45	-0.25	n
178950963	2384	1489	-1.45	-0.25	n
178960963	2384	1489	-1.45	-0.25	n
178970963	2383	1489	-1.37	-0.25	n
178980963	2384	1489	-1.45	-0.25	n
178990963	2384	1489	-1.45	-0.25	n
179000963	2384	1488	-1.45	-0.17	n
179010963	2384	1488	-1.45	-0.17	n
179020963	2384	1488	-1.45	-0.17	n
179030963	2384	1488	-1.45	-0.17	n
179040963	2384	1488	-1.45	-0.17	n
179050963	2384	1488	-1.45	-0.17	n
179060963	2384	1488	-1.45	-0.17	n
179070963	2384	1488	-1.45	-0.17	n
179080963	2384	1488	-1.45	-0.17	n
179090963	2383	1488	-1.37	-0.17	n
179100963	2383	1488	-1.37	-0.17	n
179110963	2384	1488	-1.45	-0.17	n
179120963	2383	1489	-1.37	-0.25	n
179130963	2384	1488	-1.45	-0.17	n
179140963	2384	1488	-1.45	-0.17	n
179150963	2384	1489	-1.45	-0.25	n
179160963	2384	1488	-1.45	-0.17	n
179170963	2384	1488	-1.45	-0.17	n
179180963	2383	1488	-1.37	-0.17	n
179190963	2384	1488	-1.45	-0.17	n
179200963	2382	1488	-1.28	-0.17	n
179210963	2384	1489	-1.45	-0.25	n
179220963	2384	1488	-1.45	-0.17	n
179230963	2384	1488	-1.45	-0.17	n
179240963	2384	1489	-1.45	-0.25	n
179250963	2384	1488	-1.45	-0.17	n
179260963	2384	1488	-1.45	-0.17	n
179270963	2384	1488	-1.45	-0.17	n
179280963	2383	1488	-1.37	-0.17	n
179290963	2384	1488	-1.45	-0.17	n
179300963	2384	1488	-1.45	-0.17	n
179310963	2382	1488	-1.28	-0.17	n
179320963	2384	1489	-1.45	-0.25	n
179330963	2383	1488	-1.37	-0.17	n
179340963	2384	1488	-1.45	-0.17	n
179350963	2384	1488	-1.45	-0.17	n
179360963	2384	1488	-1.45	-0.17	Location:lat:35.504294lon:139.465232;;Date:2024/12/8;;Time:05:45:53:00;;
179370963	2383	1488	-1.37	-0.17	n
179380963	2384	1489	-1.45	-0.25	n
179390963	2384	1488	-1.45	-0.17	n
179400964	2383	1488	-1.37	-0.17	n
179410964	2384	1488	-1.45	-0.17	n
179420964	2384	1488	-1.45	-0.17	n
179430964	2383	1488	-1.37	-0.17	n
179440964	2384	1489	-1.45	-0.25	n
179450965	2384	1489	-1.45	-0.25	n
179460969	2384	1489	-1.45	-0.25	n
179470969	2384	1489	-1.45	-0.25	Location:lat:35.504294lon:139.465232;;Time:05:45:53:00;;
179480969	2383	1488	-1.37	-0.17	n
179490969	2384	1489	-1.45	-0.25	n
179500968	2384	1488	-1.45	-0.17	n
179510968	2384	1488	-1.45	-0.17	n
179520967	2384	1488	-1.45	-0.17	n
179530966	2383	1488	-1.37	-0.17	n
179540965	2384	1488	-1.45	-0.17	n
179550964	2383	1488	-1.37	-0.17	n
179560964	2384	1488	-1.45	-0.17	n
179570964	2384	1488	-1.45	-0.17	n
179580964	2384	1488	-1.45	-0.17	n
179590964	2383	1488	-1.37	-0.17	n
179600963	2384	1488	-1.45	-0.17	n
179610963	2384	1488	-1.45	-0.17	n
179620963	2384	1488	-1.45	-0.17	n
179630963	2384	1488	-1.45	-0.17	n
179640964	2384	1488	-1.45	-0.17	n
179650964	2383	1488	-1.37	-0.17	n
179660964	2383	1488	-1.37	-0.17	n
179670965	2384	1488	-1.45	-0.17	n
179680965	2383	1489	-1.37	-0.25	n
179690965	2384	1488	-1.45	-0.17	n
179700965	2384	1488	-1.45	-0.17	n
179710964	2384	1488	-1.45	-0.17	n
179720964	2384	1488	-1.45	-0.17	n
179730964	2383	1488	-1.37	-0.17	n
179740963	2383	1488	-1.37	-0.17	n
179750963	2383	1488	-1.37	-0.17	n
179760964	2383	1488	-1.37	-0.17	n
179770964	2384	1488	-1.45	-0.17	n
179780964	2384	1488	-1.45	-0.17	n
179790964	2383	1488	-1.37	-0.17	n
179800964	2383	1489	-1.37	-0.25	n
179810964	2384	1488	-1.45	-0.17	n
179820964	2384	1488	-1.45	-0.17	n
179830964	2384	1488	-1.45	-0.17	n
179840963	2384	1488	-1.45	-0.17	Location:lat:35.504294lon:139.465232;;Date:2024/12/8;;Time:05:45:53:00;;
179850962	2384	1488	-1.45	-0.17	n
179860962	2383	1489	-1.37	-0.25	n
179870962	2382	1488	-1.28	-0.17	n
179880962	2384	1488	-1.45	-0.17	n
179890962	2384	1488	-1.45	-0.17	n
179900962	2383	1488	-1.37	-0.17	n
179910962	2384	1488	-1.45	-0.17	n
179920962	2384	1488	-1.45	-0.17	n
179930962	2383	1488	-1.37	-0.17	n
179940962	2384	1489	-1.45	-0.25	n
179950962	2383	1488	-1.37	-0.17	n
179960962	2383	1489	-1.37	-0.25	n
179970962	2384	1488	-1.45	-0.17	n
179980962	2384	1488	-1.45	-0.17	n
179990962	2384	1489	-1.45	-0.25	n
180000962	2384	1488	-1.45	-0.17	n
180010962	2383	1488	-1.37	-0.17	n
180020962	2384	1488	-1.45	-0.17	n
180030962	2384	1489	-1.45	-0.25	n
180040962	2383	1488	-1.37	-0.17	n
180050962	2384	1489	-1.45	-0.25	n
180060962	2384	1488	-1.45	-0.17	n
180070962	2383	1488	-1.37	-0.17	n
180080962	2384	1488	-1.45	-0.17	n
180090962	2383	1488	-1.37	-0.17	n
180100962	2383	1488	-1.37	-0.17	n
180110962	2383	1488	-1.37	-0.17	n
180120962	2382	1488	-1.28	-0.17	n
180130962	2383	1489	-1.37	-0.25	n
180140962	2383	1488	-1.37	-0.17	n
180150962	2383	1488	-1.37	-0.17	n
180160962	2383	1488	-1.37	-0.17	n
180170962	2384	1488	-1.45	-0.17	n
180180962	2384	1488	-1.45	-0.17	n
180190962	2383	1488	-1.37	-0.17	n
180200962	2381	1488	-1.20	-0.17	n
180210962	2384	1488	-1.45	-0.17	n
180220962	2383	1488	-1.37	-0.17	n
180230962	2383	1488	-1.37	-0.17	n
180240962	2384	1488	-1.45	-0.17	n
180250962	2384	1488	-1.45	-0.17	n
180260962	2384	1488	-1.45	-0.17	n
180270962	2383	1488	-1.37	-0.17	n
180280962	2383	1488	-1.37	-0.17	n
180290962	2383	1488	-1.37	-0.17	n
180300962	2383	1488	-1.37	-0.17	n
180310962	2383	1488	-1.37	-0.17	n
180320962	2383	1488	-1.37	-0.17	n
180330961	2383	1488	-1.37	-0.17	n
180340960	2384	1488	-1.45	-0.17	n
180350960	2384	1488	-1.45	-0.17	n
180360960	2384	1488	-1.45	-0.17	Location:lat:35.504291lon:139.465234;;Date:2024/12/8;;Time:05:45:54:00;;
180370959	2384	1488	-1.45	-0.17	n
180380958	2384	1488	-1.45	-0.17	n
180390958	2383	1488	-1.37	-0.17	n
180400958	2383	1488	-1.37	-0.17	n
180410958	2384	1488	-1.45	-0.17	n
180420957	2384	1488	-1.45	-0.17	n
180430957	2383	1488	-1.37	-0.17	n
180440957	2384	1488	-1.45	-0.17	n
180450957	2384	1488	-1.45	-0.17	n
180460957	2383	1488	-1.37	-0.17	n
180470957	2384	1488	-1.45	-0.17	Location:lat:35.504291lon:139.465234;;Time:05:45:54:00;;
180480957	2384	1488	-1.45	-0.17	n
180490957	2383	1488	-1.37	-0.17	n
180500957	2384	1488	-1.45	-0.17	n
180510963	2383	1489	-1.37	-0.25	n
180520963	2383	1488	-1.37	-0.17	n
180530963	2384	1488	-1.45	-0.17	n
180540963	2383	1488	-1.37	-0.17	n
180550963	2383	1488	-1.37	-0.17	n
180560963	2383	1488	-1.37	-0.17	n
180570962	2384	1488	-1.45	-0.17	n
180580962	2383	1488	-1.37	-0.17	n
180590961	2383	1488	-1.37	-0.17	n
180600961	2384	1488	-1.45	-0.17	n
180610961	2384	1488	-1.45	-0.17	n
180620961	2384	1489	-1.45	-0.25	n
180630961	2383	1488	-1.37	-0.17	n
180640961	2383	1488	-1.37	-0.17	n
180650961	2384	1489	-1.45	-0.25	n
180660960	2384	1488	-1.45	-0.17	n
180670960	2384	1488	-1.45	-0.17	n
180680960	2384	1489	-1.45	-0.25	n
180690960	2384	1489	-1.45	-0.25	n
180700960	2383	1488	-1.37	-0.17	n
180710959	2383	1488	-1.37	-0.17	n
180720959	2384	1488	-1.45	-0.17	n
180730958	2384	1488	-1.45	-0.17	n
180740957	2384	1488	-1.45	-0.17	n
180750957	2384	1489	-1.45	-0.25	n
180760957	2383	1488	-1.37	-0.17	n
180770957	2383	1489	-1.37	-0.25	n
180780956	2383	1488	-1.37	-0.17	n
180790957	2384	1488	-1.45	-0.17	n
180800957	2383	1488	-1.37	-0.17	n
180810957	2384	1488	-1.45	-0.17	n
180820957	2384	1488	-1.45	-0.17	n
180830957	2384	1488	-1.45	-0.17	n
180840956	2383	1488	-1.37	-0.17	Location:lat:35.504291lon:139.465234;;Date:2024/12/8;;Time:05:45:54:00;;
180850956	2383	1488	-1.37	-0.17	n
180860956	2384	1488	-1.45	-0.17	n
180870956	2384	1488	-1.45	-0.17	n
180880956	2384	1489	-1.45	-0.25	n
180890956	2384	1488	-1.45	-0.17	n
180900956	2384	1489	-1.45	-0.25	n
180910956	2383	1489	-1.37	-0.25	n
180920956	2384	1488	-1.45	-0.17	n
180930956	2384	1488	-1.45	-0.17	n
180940956	2384	1488	-1.45	-0.17	n
180950956	2384	1488	-1.45	-0.17	n
180960956	2384	1488	-1.45	-0.17	n
180970956	2383	1488	-1.37	-0.17	n
180980956	2383	1488	-1.37	-0.17	n
180990956	2384	1488	-1.45	-0.17	n
181000956	2384	1488	-1.45	-0.17	n
181010956	2383	1489	-1.37	-0.25	n
181020956	2384	1488	-1.45	-0.17	n
181030956	2383	1489	-1.37	-0.25	n
181040956	2383	1488	-1.37	-0.17	n
181050956	2383	1488	-1.37	-0.17	n
181060956	2384	1488	-1.45	-0.17	n
181070956	2383	1488	-1.37	-0.17	n
181080956	2384	1488	-1.45	-0.17	n
181090956	2383	1488	-1.37	-0.17	n
181100956	2384	1488	-1.45	-0.17	n
181110956	2383	1488	-1.37	-0.17	n
181120956	2384	1488	-1.45	-0.17	n
181130956	2383	1488	-1.37	-0.17	n
181140956	2384	1488	-1.45	-0.17	n
181150956	2384	1488	-1.45	-0.17	n
181160956	2383	1488	-1.37	-0.17	n
181170956	2384	1488	-1.45	-0.17	n
181180956	2384	1489	-1.45	-0.25	n
181190956	2384	1488	-1.45	-0.17	n
181200956	2384	1489	-1.45	-0.25	n
181210956	2383	1488	-1.37	-0.17	n
181220956	2384	1489	-1.45	-0.25	n
181230956	2383	1488	-1.37	-0.17	n
181240956	2384	1488	-1.45	-0.17	n
181250956	2383	1488	-1.37	-0.17	n
181260956	2384	1488	-1.45	-0.17	n
181270956	2383	1488	-1.37	-0.17	n
181280956	2384	1488	-1.45	-0.17	n
181290956	2384	1488	-1.45	-0.17	n
181300956	2384	1488	-1.45	-0.17	n
181310956	2383	1488	-1.37	-0.17	n
181320956	2384	1488	-1.45	-0.17	n
181330956	2383	1488	-1.37	-0.17	n
181340956	2384	1489	-1.45	-0.25	n
181350956	2384	1488	-1.45	-0.17	n
181360956	2382	1489	-1.28	-0.25	Location:lat:35.504290lon:139.465232;;Date:2024/12/8;;Time:05:45:55:00;;
181370956	2384	1489	-1.45	-0.25	n
181380956	2384	1489	-1.45	-0.25	n
181390956	2384	1488	-1.45	-0.17	n
181400955	2383	1489	-1.37	-0.25	n
181410955	2384	1488	-1.45	-0.17	n
181420954	2383	1488	-1.37	-0.17	n
181430954	2383	1490	-1.37	-0.33	n
181440954	2384	1488	-1.45	-0.17	n
181450953	2382	1489	-1.28	-0.25	n
181460953	2384	1488	-1.45	-0.17	n
181470953	2384	1489	-1.45	-0.25	Location:lat:35.504290lon:139.465232;;Time:05:45:55:00;;
181480954	2384	1488	-1.45	-0.17	n
181490954	2384	1488	-1.45	-0.17	n
181500954	2384	1488	-1.45	-0.17	n
181510954	2384	1488	-1.45	-0.17	n
181520953	2383	1488	-1.37	-0.17	n
181530954	2384	1488	-1.45	-0.17	n
181540954	2384	1488	-1.45	-0.17	n
181550954	2383	1488	-1.37	-0.17	n
181560955	2383	1488	-1.37	-0.17	n
181570955	2383	1488	-1.37	-0.17	n
181580954	2384	1489	-1.45	-0.25	n
181590963	2385	1488	-1.53	-0.17	n
181600963	2384	1488	-1.45	-0.17	n
181610962	2384	1489	-1.45	-0.25	n
181620962	2384	1488	-1.45	-0.17	n
181630962	2384	1489	-1.45	-0.25	n
181640963	2383	1489	-1.37	-0.25	n
181650964	2384	1488	-1.45	-0.17	n
181660963	2383	1488	-1.37	-0.17	n
181670963	2383	1488	-1.37	-0.17	n
181680963	2384	1488	-1.45	-0.17	n
181690963	2384	1488	-1.45	-0.17	n
181700963	2383	1489	-1.37	-0.25	n
181710963	2384	1488	-1.45	-0.17	n
181720963	2383	1488	-1.37	-0.17	n
181730963	2383	1488	-1.37	-0.17	n
181740963	2385	1489	-1.53	-0.25	n
181750963	2383	1488	-1.37	-0.17	n
181760963	2383	1488	-1.37	-0.17	n
181770963	2384	1488	-1.45	-0.17	n
181780963	2383	1488	-1.37	-0.17	n
181790963	2384	1488	-1.45	-0.17	n
181800963	2383	1489	-1.37	-0.25	n
181810963	2383	1489	-1.37	-0.25	n
181820963	2384	1489	-1.45	-0.25	n
181830963	2384	1488	-1.45	-0.17	n
181840963	2382	1488	-1.28	-0.17	Location:lat:35.504290lon:139.465232;;Date:2024/12/8;;Time:05:45:55:00;;
181850963	2383	1488	-1.37	-0.17	n
181860963	2383	1489	-1.37	-0.25	n
181870963	2383	1489	-1.37	-0.25	n
181880963	2384	1488	-1.45	-0.17	n
181890963	2384	1488	-1.45	-0.17	n
181900963	2384	1488	-1.45	-0.17	n
181910963	2384	1488	-1.45	-0.17	n
181920963	2384	1488	-1.45	-0.17	n
181930963	2384	1488	-1.45	-0.17	n
181940963	2384	1488	-1.45	-0.17	n
181950963	2384	1488	-1.45	-0.17	n
181960963	2384	1488	-1.45	-0.17	n
181970963	2384	1488	-1.45	-0.17	n
181980963	2383	1488	-1.37	-0.17	n
181990963	2384	1488	-1.45	-0.17	n
182000963	2383	1488	-1.37	-0.17	n
182010963	2384	1488	-1.45	-0.17	n
182020963	2383	1488	-1.37	-0.17	n
182030963	2383	1488	-1.37	-0.17	n
182040963	2384	1489	-1.45	-0.25	n
182050963	2384	1488	-1.45	-0.17	n
182060963	2382	1488	-1.28	-0.17	n
182070963	2383	1488	-1.37	-0.17	n
182080963	2384	1488	-1.45	-0.17	n
182090963	2383	1488	-1.37	-0.17	n
182100963	2384	1488	-1.45	-0.17	n
182110963	2384	1488	-1.45	-0.17	n
182120963	2384	1488	-1.45	-0.17	n
182130963	2384	1489	-1.45	-0.25	n
182140963	2384	1488	-1.45	-0.17	n
182150963	2384	1489	-1.45	-0.25	n
182160963	2384	1488	-1.45	-0.17	n
182170963	2384	1488	-1.45	-0.17	n
182180963	2384	1488	-1.45	-0.17	n
182190963	2384	1489	-1.45	-0.25	n
182200963	2384	1488	-1.45	-0.17	n
182210963	2384	1488	-1.45	-0.17	n
182220963	2383	1488	-1.37	-0.17	n
182230963	2383	1488	-1.37	-0.17	n
182240963	2383	1488	-1.37	-0.17	n
182250963	2384	1489	-1.45	-0.25	n
182260963	2384	1488	-1.45	-0.17	n
182270963	2383	1488	-1.37	-0.17	n
182280963	2383	1488	-1.37	-0.17	n
182290964	2384	1488	-1.45	-0.17	n
182300964	2384	1488	-1.45	-0.17	n
182310964	2384	1488	-1.45	-0.17	n
182320964	2383	1488	-1.37	-0.17	n
182330964	2383	1489	-1.37	-0.25	n
182340964	2384	1488	-1.45	-0.17	n
182350964	2384	1488	-1.45	-0.17	n
182360964	2383	1488	-1.37	-0.17	Location:lat:35.504290lon:139.465230;;Date:2024/12/8;;Time:05:45:56:00;;
182370963	2384	1488	-1.45	-0.17	n
182380963	2383	1488	-1.37	-0.17	n
182390962	2383	1488	-1.37	-0.17	n
182400961	2384	1489	-1.45	-0.25	n
182410960	2384	1488	-1.45	-0.17	n
182420960	2384	1488	-1.45	-0.17	n
182430960	2384	1489	-1.45	-0.25	n
182440960	2383	1488	-1.37	-0.17	n
182450960	2384	1488	-1.45	-0.17	n
182460960	2384	1488	-1.45	-0.17	n
182470960	2384	1488	-1.45	-0.17	Location:lat:35.504290lon:139.465230;;Time:05:45:56:00;;
182480960	2384	1488	-1.45	-0.17	n
182490960	2383	1488	-1.37	-0.17	n
182500959	2384	1488	-1.45	-0.17	n
182510958	2382	1488	-1.28	-0.17	n
182520958	2384	1488	-1.45	-0.17	n
182530958	2384	1489	-1.45	-0.25	n
182540958	2384	1488	-1.45	-0.17	n
182550958	2384	1489	-1.45	-0.25	n
182560958	2383	1488	-1.37	-0.17	n
182570958	2382	1488	-1.28	-0.17	n
182580958	2384	1488	-1.45	-0.17	n
182590958	2383	1488	-1.37	-0.17	n
182600957	2384	1489	-1.45	-0.25	n
182610957	2383	1488	-1.37	-0.17	n
182620957	2384	1488	-1.45	-0.17	n
182630957	2384	1489	-1.45	-0.25	n
182640957	2384	1488	-1.45	-0.17	n
182650957	2384	1488	-1.45	-0.17	n
182660957	2384	1488	-1.45	-0.17	n
182670957	2384	1488	-1.45	-0.17	n
182680957	2384	1488	-1.45	-0.17	n
182690957	2384	1488	-1.45	-0.17	n
182700957	2384	1489	-1.45	-0.25	n
182710957	2384	1488	-1.45	-0.17	n
182720957	2384	1488	-1.45	-0.17	n
182730957	2384	1488	-1.45	-0.17	n
182740957	2384	1489	-1.45	-0.25	n
182750957	2384	1488	-1.45	-0.17	n
182760957	2384	1489	-1.45	-0.25	n
182770957	2383	1488	-1.37	-0.17	n
182780957	2383	1488	-1.37	-0.17	n
182790957	2383	1488	-1.37	-0.17	n
182800957	2384	1488	-1.45	-0.17	n
182810957	2384	1488	-1.45	-0.17	n
182820957	2384	1489	-1.45	-0.25	n
182830957	2383	1488	-1.37	-0.17	n
182840957	2384	1489	-1.45	-0.25	Location:lat:35.504290lon:139.465230;;Date:2024/12/8;;Time:05:45:56:00;;
182850956	2384	1488	-1.45	-0.17	n
182860956	2384	1488	-1.45	-0.17	n
182870956	2384	1488	-1.45	-0.17	n
182880956	2384	1488	-1.45	-0.17	n
182890956	2383	1489	-1.37	-0.25	n
182900956	2384	1488	-1.45	-0.17	n
182910956	2384	1488	-1.45	-0.17	n
182920956	2384	1488	-1.45	-0.17	n
182930956	2384	1489	-1.45	-0.25	n
182940956	2384	1488	-1.45	-0.17	n
182950956	2384	1488	-1.45	-0.17	n
182960956	2384	1489	-1.45	-0.25	n
182970956	2384	1488	-1.45	-0.17	n
182980956	2384	1488	-1.45	-0.17	n
182990956	2384	1488	-1.45	-0.17	n
183000956	2384	1488	-1.45	-0.17	n
183010956	2384	1488	-1.45	-0.17	n
183020956	2384	1488	-1.45	-0.17	n
183030956	2384	1489	-1.45	-0.25	n
183040956	2384	1488	-1.45	-0.17	n
183050956	2384	1488	-1.45	-0.17	n
183060956	2384	1488	-1.45	-0.17	n
183070956	2384	1488	-1.45	-0.17	n
183080956	2383	1488	-1.37	-0.17	n
183090956	2384	1488	-1.45	-0.17	n
183100956	2384	1488	-1.45	-0.17	n
183110956	2384	1489	-1.45	-0.25	n
183120956	2384	1488	-1.45	-0.17	n
183130956	2384	1489	-1.45	-0.25	n
183140956	2384	1488	-1.45	-0.17	n
183150956	2384	1490	-1.45	-0.33	n
183160956	2384	1490	-1.45	-0.33	n
183170956	2384	1490	-1.45	-0.33	n
183180956	2384	1489	-1.45	-0.25	n
183190956	2383	1488	-1.37	-0.17	n
183200956	2384	1488	-1.45	-0.17	n
183210956	2384	1488	-1.45	-0.17	n
183220956	2384	1488	-1.45	-0.17	n
183230956	2384	1488	-1.45	-0.17	n
183240956	2384	1489	-1.45	-0.25	n
183250956	2383	1488	-1.37	-0.17	n
183260956	2383	1488	-1.37	-0.17	n
183270956	2384	1489	-1.45	-0.25	n
183280956	2384	1489	-1.45	-0.25	n
183290956	2384	1489	-1.45	-0.25	n
183300956	2384	1488	-1.45	-0.17	n
183310955	2383	1488	-1.37	-0.17	n
183320955	2383	1488	-1.37	-0.17	n
183330955	2384	1488	-1.45	-0.17	n
183340954	2384	1488	-1.45	-0.17	n
183350954	2383	1488	-1.37	-0.17	n
183360954	2384	1488	-1.45	-0.17	Location:lat:35.504289lon:139.465231;;Date:2024/12/8;;Time:05:45:57:00;;
183370954	2383	1488	-1.37	-0.17	n
183380953	2384	1488	-1.45	-0.17	n
183390954	2384	1488	-1.45	-0.17	n
183400954	2384	1488	-1.45	-0.17	n
183410954	2384	1488	-1.45	-0.17	n
183420954	2384	1488	-1.45	-0.17	n
183430954	2384	1488	-1.45	-0.17	n
183440954	2384	1488	-1.45	-0.17	n
183450954	2384	1489	-1.45	-0.25	n
183460954	2384	1489	-1.45	-0.25	n
183470953	2384	1488	-1.45	-0.17	Location:lat:35.504289lon:139.465231;;Time:05:45:57:00;;
183480954	2383	1488	-1.37	-0.17	n
183490961	2384	1488	-1.45	-0.17	n
183500960	2384	1488	-1.45	-0.17	n
183510960	2383	1488	-1.37	-0.17	n
183520960	2384	1488	-1.45	-0.17	n
183530960	2384	1488	-1.45	-0.17	n
183540960	2384	1489	-1.45	-0.25	n
183550959	2384	1489	-1.45	-0.25	n
183560959	2384	1488	-1.45	-0.17	n
183570959	2383	1488	-1.37	-0.17	n
183580958	2383	1488	-1.37	-0.17	n
183590965	2383	1488	-1.37	-0.17	n
183600965	2384	1488	-1.45	-0.17	n
183610965	2384	1488	-1.45	-0.17	n
183620964	2384	1488	-1.45	-0.17	n
183630965	2384	1488	-1.45	-0.17	n
183640964	2384	1488	-1.45	-0.17	n
183650964	2384	1488	-1.45	-0.17	n
183660965	2384	1488	-1.45	-0.17	n
183670965	2383	1488	-1.37	-0.17	n
183680965	2383	1489	-1.37	-0.25	n
183690965	2383	1488	-1.37	-0.17	n
183700965	2383	1489	-1.37	-0.25	n
183710965	2383	1488	-1.37	-0.17	n
183720965	2384	1488	-1.45	-0.17	n
183730965	2384	1488	-1.45	-0.17	n
183740964	2383	1488	-1.37	-0.17	n
183750965	2384	1488	-1.45	-0.17	n
183760964	2383	1488	-1.37	-0.17	n
183770964	2384	1488	-1.45	-0.17	n
183780964	2384	1488	-1.45	-0.17	n
183790964	2384	1488	-1.45	-0.17	n
183800964	2383	1488	-1.37	-0.17	n
183810963	2383	1488	-1.37	-0.17	n
183820963	2384	1488	-1.45	-0.17	n
183830963	2384	1488	-1.45	-0.17	n
183840963	2384	1488	-1.45	-0.17	Location:lat:35.504289lon:139.465231;;Date:2024/12/8;;Time:05:45:57:00;;
183850963	2384	1488	-1.45	-0.17	n
183860963	2382	1488	-1.28	-0.17	n
183870963	2384	1488	-1.45	-0.17	n
183880963	2383	1488	-1.37	-0.17	n
183890963	2383	1488	-1.37	-0.17	n
183900963	2384	1488	-1.45	-0.17	n
183910963	2384	1488	-1.45	-0.17	n
183920963	2383	1488	-1.37	-0.17	n
183930963	2384	1488	-1.45	-0.17	n
183940963	2384	1489	-1.45	-0.25	n
183950963	2384	1488	-1.45	-0.17	n
183960963	2384	1489	-1.45	-0.25	n
183970963	2384	1489	-1.45	-0.25	n
183980963	2384	1490	-1.45	-0.33	n
183990963	2384	1489	-1.45	-0.25	n
184000963	2384	1488	-1.45	-0.17	n
184010963	2384	1488	-1.45	-0.17	n
184020963	2383	1488	-1.37	-0.17	n
184030963	2383	1488	-1.37	-0.17	n
184040963	2384	1488	-1.45	-0.17	n
184050963	2384	1489	-1.45	-0.25	n
184060963	2383	1489	-1.37	-0.25	n
184070963	2384	1489	-1.45	-0.25	n
184080963	2384	1488	-1.45	-0.17	n
184090963	2383	1488	-1.37	-0.17	n
184100963	2382	1488	-1.28	-0.17	n
184110963	2384	1488	-1.45	-0.17	n
184120963	2383	1488	-1.37	-0.17	n
184130963	2384	1488	-1.45	-0.17	n
184140963	2383	1488	-1.37	-0.17	n
184150963	2384	1488	-1.45	-0.17	n
184160963	2384	1488	-1.45	-0.17	n
184170963	2383	1488	-1.37	-0.17	n
184180963	2384	1488	-1.45	-0.17	n
184190963	2384	1488	-1.45	-0.17	n
184200963	2384	1488	-1.45	-0.17	n
184210963	2383	1488	-1.37	-0.17	n
184220963	2384	1488	-1.45	-0.17	n
184230963	2384	1488	-1.45	-0.17	n
184240963	2383	1488	-1.37	-0.17	n
184250963	2384	1488	-1.45	-0.17	n
184260963	2384	1488	-1.45	-0.17	n
184270963	2384	1488	-1.45	-0.17	n
184280963	2384	1489	-1.45	-0.25	n
184290963	2384	1488	-1.45	-0.17	n
184300963	2384	1488	-1.45	-0.17	n
184310963	2383	1488	-1.37	-0.17	n
184320963	2382	1488	-1.28	-0.17	n
184330963	2384	1488	-1.45	-0.17	n
184340963	2384	1489	-1.45	-0.25	n
184350963	2383	1488	-1.37	-0.17	n
184360972	2384	1488	-1.45	-0.17	Location:lat:35.504286lon:139.465228;;Date:2024/12/8;;Time:05:45:58:00;;
184370973	2383	1488	-1.37	-0.17	n
184380973	2384	1489	-1.45	-0.25	n
184390973	2384	1488	-1.45	-0.17	n
184400974	2382	1488	-1.28	-0.17	n
184410973	2384	1488	-1.45	-0.17	n
184420973	2384	1489	-1.45	-0.25	n
184430973	2384	1489	-1.45	-0.25	n
184440973	2383	1488	-1.37	-0.17	n
184450973	2384	1488	-1.45	-0.17	n
184460973	2384	1488	-1.45	-0.17	n
184470973	2384	1488	-1.45	-0.17	Location:lat:35.504286lon:139.465228;;Time:05:45:58:00;;
184480973	2384	1488	-1.45	-0.17	n
184490973	2384	1489	-1.45	-0.25	n
184500973	2384	1488	-1.45	-0.17	n
184510972	2384	1488	-1.45	-0.17	n
184520972	2384	1488	-1.45	-0.17	n
184530972	2384	1488	-1.45	-0.17	n
184540971	2384	1489	-1.45	-0.25	n
184550971	2383	1488	-1.37	-0.17	n
184560970	2384	1489	-1.45	-0.25	n
184570969	2383	1488	-1.37	-0.17	n
184580969	2383	1489	-1.37	-0.25	n
184590969	2383	1488	-1.37	-0.17	n
184600969	2383	1488	-1.37	-0.17	n
184610969	2384	1488	-1.45	-0.17	n
184620968	2383	1488	-1.37	-0.17	n
184630968	2383	1488	-1.37	-0.17	n
184640968	2384	1488	-1.45	-0.17	n
184650968	2384	1488	-1.45	-0.17	n
184660968	2383	1488	-1.37	-0.17	n
184670968	2384	1489	-1.45	-0.25	n
184680968	2384	1488	-1.45	-0.17	n
184690968	2382	1488	-1.28	-0.17	n
184700967	2383	1488	-1.37	-0.17	n
184710966	2384	1489	-1.45	-0.25	n
184720965	2384	1488	-1.45	-0.17	n
184730964	2384	1488	-1.45	-0.17	n
184740971	2384	1488	-1.45	-0.17	n
184750971	2384	1488	-1.45	-0.17	n
184760970	2384	1489	-1.45	-0.25	n
184770970	2384	1488	-1.45	-0.17	n
184780970	2383	1488	-1.37	-0.17	n
184790970	2384	1489	-1.45	-0.25	n
184800969	2384	1488	-1.45	-0.17	n
184810969	2384	1488	-1.45	-0.17	n
184820969	2383	1488	-1.37	-0.17	n
184830969	2384	1488	-1.45	-0.17	n
184840968	2383	1488	-1.37	-0.17	Location:lat:35.504286lon:139.465228;;Date:2024/12/8;;Time:05:45:58:00;;
184850968	2383	1488	-1.37	-0.17	n
184860968	2384	1488	-1.45	-0.17	n
184870968	2382	1488	-1.28	-0.17	n
184880968	2383	1488	-1.37	-0.17	n
184890968	2384	1488	-1.45	-0.17	n
184900968	2383	1488	-1.37	-0.17	n
184910968	2383	1488	-1.37	-0.17	n
184920968	2383	1488	-1.37	-0.17	n
184930968	2384	1489	-1.45	-0.25	n
184940968	2384	1488	-1.45	-0.17	n
184950968	2384	1488	-1.45	-0.17	n
184960968	2384	1488	-1.45	-0.17	n
184970968	2383	1488	-1.37	-0.17	n
184980968	2384	1488	-1.45	-0.17	n
184990968	2383	1488	-1.37	-0.17	n
185000968	2384	1488	-1.45	-0.17	n
185010968	2384	1488	-1.45	-0.17	n
185020968	2384	1489	-1.45	-0.25	n
185030968	2384	1488	-1.45	-0.17	n
185040968	2382	1488	-1.28	-0.17	n
185050968	2384	1488	-1.45	-0.17	n
185060968	2383	1488	-1.37	-0.17	n
185070968	2383	1488	-1.37	-0.17	n
185080968	2384	1488	-1.45	-0.17	n
185090968	2384	1488	-1.45	-0.17	n
185100968	2384	1488	-1.45	-0.17	n
185110968	2383	1488	-1.37	-0.17	n
185120968	2384	1487	-1.45	-0.09	n
185130968	2383	1488	-1.37	-0.17	n
185140968	2383	1488	-1.37	-0.17	n
185150968	2384	1488	-1.45	-0.17	n
185160968	2384	1488	-1.45	-0.17	n
185170968	2384	1489	-1.45	-0.25	n
185180968	2384	1489	-1.45	-0.25	n
185190968	2383	1488	-1.37	-0.17	n
185200968	2384	1488	-1.45	-0.17	n
185210968	2383	1488	-1.37	-0.17	n
185220968	2383	1488	-1.37	-0.17	n
185230968	2384	1488	-1.45	-0.17	n
185240968	2384	1488	-1.45	-0.17	n
185250968	2384	1488	-1.45	-0.17	n
185260968	2384	1488	-1.45	-0.17	n
185270968	2383	1488	-1.37	-0.17	n
185280968	2382	1488	-1.28	-0.17	n
185290968	2384	1488	-1.45	-0.17	n
185300968	2384	1488	-1.45	-0.17	n
185310968	2384	1489	-1.45	-0.25	n
185320968	2384	1488	-1.45	-0.17	n
185330967	2384	1488	-1.45	-0.17	n
185340967	2383	1488	-1.37	-0.17	n
185350967	2384	1488	-1.45	-0.17	n
185360967	2384	1488	-1.45	-0.17	Location:lat:35.504287lon:139.465223;;Date:2024/12/8;;Time:05:45:59:00;;
185370967	2383	1488	-1.37	-0.17	n
185380967	2384	1488	-1.45	-0.17	n
185390967	2384	1489	-1.45	-0.25	n
185400967	2384	1488	-1.45	-0.17	n
185410970	2383	1489	-1.37	-0.25	n
185420970	2384	1488	-1.45	-0.17	n
185430969	2384	1489	-1.45	-0.25	n
185440968	2383	1488	-1.37	-0.17	n
185450968	2384	1488	-1.45	-0.17	n
185460967	2383	1488	-1.37	-0.17	n
185470967	2384	1488	-1.45	-0.17	Location:lat:35.504287lon:139.465223;;Time:05:45:59:00;;
185480967	2384	1489	-1.45	-0.25	n
185490967	2384	1488	-1.45	-0.17	n
185500967	2383	1488	-1.37	-0.17	n
185510967	2383	1488	-1.37	-0.17	n
185520968	2383	1488	-1.37	-0.17	n
185530968	2384	1488	-1.45	-0.17	n
185540968	2382	1488	-1.28	-0.17	n
185550967	2383	1488	-1.37	-0.17	n
185560968	2384	1489	-1.45	-0.25	n
185570968	2384	1488	-1.45	-0.17	n
185580967	2384	1488	-1.45	-0.17	n
185590967	2384	1488	-1.45	-0.17	n
185600966	2384	1488	-1.45	-0.17	n
185610966	2384	1488	-1.45	-0.17	n
185620966	2383	1488	-1.37	-0.17	n
185630966	2382	1488	-1.28	-0.17	n
185640966	2384	1488	-1.45	-0.17	n
185650965	2383	1488	-1.37	-0.17	n
185660964	2384	1488	-1.45	-0.17	n
185670964	2384	1488	-1.45	-0.17	n
185680964	2384	1488	-1.45	-0.17	n
185690964	2384	1488	-1.45	-0.17	n
185700963	2383	1489	-1.37	-0.25	n
185710964	2384	1488	-1.45	-0.17	n
185720964	2383	1488	-1.37	-0.17	n
185730963	2384	1488	-1.45	-0.17	n
185740962	2384	1488	-1.45	-0.17	n
185750962	2384	1489	-1.45	-0.25	n
185760962	2384	1488	-1.45	-0.17	n
185770962	2384	1489	-1.45	-0.25	n
185780962	2384	1488	-1.45	-0.17	n
185790962	2383	1489	-1.37	-0.25	n
185800961	2384	1488	-1.45	-0.17	n
185810961	2383	1488	-1.37	-0.17	n
185820962	2384	1488	-1.45	-0.17	n
185830963	2383	1488	-1.37	-0.17	n
185840962	2383	1488	-1.37	-0.17	Location:lat:35.504287lon:139.465223;;Date:2024/12/8;;Time:05:45:59:00;;
185850962	2384	1488	-1.45	-0.17	n
185860962	2384	1490	-1.45	-0.33	n
185870962	2384	1489	-1.45	-0.25	n
185880962	2384	1489	-1.45	-0.25	n
185890962	2384	1488	-1.45	-0.17	n
185900962	2383	1488	-1.37	-0.17	n
185910962	2384	1488	-1.45	-0.17	n
185920962	2384	1489	-1.45	-0.25	n
185930962	2383	1489	-1.37	-0.25	n
185940962	2384	1488	-1.45	-0.17	n
185950962	2384	1489	-1.45	-0.25	n
185960962	2384	1488	-1.45	-0.17	n
185970962	2384	1488	-1.45	-0.17	n
185980962	2384	1489	-1.45	-0.25	n
185990962	2383	1488	-1.37	-0.17	n
186000962	2383	1489	-1.37	-0.25	n
186010962	2384	1488	-1.45	-0.17	n
186020962	2384	1488	-1.45	-0.17	n
186030962	2384	1488	-1.45	-0.17	n
186040962	2384	1488	-1.45	-0.17	n
186050962	2384	1489	-1.45	-0.25	n
186060962	2384	1489	-1.45	-0.25	n
186070962	2383	1488	-1.37	-0.17	n
186080962	2384	1489	-1.45	-0.25	n
186090962	2384	1488	-1.45	-0.17	n
186100962	2384	1488	-1.45	-0.17	n
186110962	2384	1488	-1.45	-0.17	n
186120962	2383	1488	-1.37	-0.17	n
186130962	2383	1489	-1.37	-0.25	n
186140962	2384	1488	-1.45	-0.17	n
186150962	2383	1488	-1.37	-0.17	n
186160962	2383	1488	-1.37	-0.17	n
186170962	2384	1488	-1.45	-0.17	n
186180962	2383	1488	-1.37	-0.17	n
186190962	2383	1489	-1.37	-0.25	n
186200962	2384	1488	-1.45	-0.17	n
186210962	2384	1489	-1.45	-0.25	n
186220962	2384	1488	-1.45	-0.17	n
186230962	2383	1488	-1.37	-0.17	n
186240962	2383	1489	-1.37	-0.25	n
186250962	2383	1488	-1.37	-0.17	n
186260962	2383	1488	-1.37	-0.17	n
186270962	2384	1488	-1.45	-0.17	n
186280962	2384	1488	-1.45	-0.17	n
186290962	2384	1488	-1.45	-0.17	n
186300962	2384	1488	-1.45	-0.17	n
186310961	2384	1488	-1.45	-0.17	n
186320960	2384	1488	-1.45	-0.17	n
186330959	2383	1488	-1.37	-0.17	n
186340959	2384	1489	-1.45	-0.25	n
186350962	2384	1488	-1.45	-0.17	n
186360962	2383	1488	-1.37	-0.17	Location:lat:35.504288lon:139.465220;;Date:2024/12/8;;Time:05:46:00:00;;
186370961	2382	1488	-1.28	-0.17	n
186380961	2383	1488	-1.37	-0.17	n
186390960	2384	1488	-1.45	-0.17	n
186400961	2383	1488	-1.37	-0.17	n
186410961	2383	1488	-1.37	-0.17	n
186420961	2384	1488	-1.45	-0.17	n
186430961	2384	1488	-1.45	-0.17	n
186440962	2384	1488	-1.45	-0.17	n
186450961	2384	1488	-1.45	-0.17	n
186460961	2384	1488	-1.45	-0.17	n
186470961	2384	1488	-1.45	-0.17	Location:lat:35.504288lon:139.465220;;Time:05:46:00:00;;
186480962	2384	1488	-1.45	-0.17	n
186490962	2384	1488	-1.45	-0.17	n
186500962	2383	1488	-1.37	-0.17	n
186510961	2383	1488	-1.37	-0.17	n
186520961	2383	1488	-1.37	-0.17	n
186530960	2383	1488	-1.37	-0.17	n
186540960	2384	1488	-1.45	-0.17	n
186550959	2384	1490	-1.45	-0.33	n
186560959	2383	1488	-1.37	-0.17	n
186570959	2383	1488	-1.37	-0.17	n
186580959	2384	1488	-1.45	-0.17	n
186590959	2384	1488	-1.45	-0.17	n
186600958	2382	1488	-1.28	-0.17	n
186610957	2381	1489	-1.20	-0.25	n
186620956	2384	1488	-1.45	-0.17	n
186630956	2384	1488	-1.45	-0.17	n
186640956	2384	1488	-1.45	-0.17	n
186650955	2382	1489	-1.28	-0.25	n
186660954	2383	1488	-1.37	-0.17	n
186670954	2384	1488	-1.45	-0.17	n
186680954	2383	1487	-1.37	-0.09	n
186690953	2384	1488	-1.45	-0.17	n
186700953	2384	1488	-1.45	-0.17	n
186710954	2384	1488	-1.45	-0.17	n
186720953	2384	1488	-1.45	-0.17	n
186730953	2384	1488	-1.45	-0.17	n
186740953	2383	1488	-1.37	-0.17	n
186750954	2384	1488	-1.45	-0.17	n
186760954	2384	1488	-1.45	-0.17	n
186770954	2384	1488	-1.45	-0.17	n
186780954	2383	1488	-1.37	-0.17	n
186790954	2384	1488	-1.45	-0.17	n
186800954	2384	1488	-1.45	-0.17	n
186810954	2384	1488	-1.45	-0.17	n
186820953	2384	1488	-1.45	-0.17	n
186830953	2384	1490	-1.45	-0.33	n
186840953	2383	1488	-1.37	-0.17	Location:lat:35.504288lon:139.465220;;Date:2024/12/8;;Time:05:46:00:00;;
186850953	2384	1489	-1.45	-0.25	n
186860952	2383	1489	-1.37	-0.25	n
186870952	2384	1488	-1.45	-0.17	n
186880952	2384	1489	-1.45	-0.25	n
186890952	2383	1488	-1.37	-0.17	n
186900952	2384	1488	-1.45	-0.17	n
186910952	2383	1488	-1.37	-0.17	n
186920952	2384	1488	-1.45	-0.17	n
186930952	2383	1488	-1.37	-0.17	n
186940952	2383	1488	-1.37	-0.17	n
186950952	2384	1488	-1.45	-0.17	n
186960952	2384	1488	-1.45	-0.17	n
186970952	2384	1490	-1.45	-0.33	n
186980952	2384	1490	-1.45	-0.33	n
186990952	2384	1490	-1.45	-0.33	n
187000952	2384	1488	-1.45	-0.17	n
187010952	2383	1488	-1.37	-0.17	n
187020952	2384	1490	-1.45	-0.33	n
187030952	2384	1489	-1.45	-0.25	n
187040952	2384	1488	-1.45	-0.17	n
187050952	2384	1488	-1.45	-0.17	n
187060952	2384	1489	-1.45	-0.25	n
187070952	2383	1488	-1.37	-0.17	n
187080952	2384	1488	-1.45	-0.17	n
187090952	2383	1488	-1.37	-0.17	n
187100952	2384	1488	-1.45	-0.17	n
187110952	2384	1488	-1.45	-0.17	n
187120952	2384	1488	-1.45	-0.17	n
187130952	2384	1488	-1.45	-0.17	n
187140952	2384	1488	-1.45	-0.17	n
187150952	2384	1489	-1.45	-0.25	n
187160952	2383	1488	-1.37	-0.17	n
187170952	2384	1488	-1.45	-0.17	n
187180952	2384	1488	-1.45	-0.17	n
187190952	2383	1489	-1.37	-0.25	n
187200952	2382	1488	-1.28	-0.17	n
187210952	2383	1488	-1.37	-0.17	n
187220952	2384	1488	-1.45	-0.17	n
187230952	2383	1488	-1.37	-0.17	n
187240952	2384	1488	-1.45	-0.17	n
187250952	2384	1488	-1.45	-0.17	n
187260952	2384	1488	-1.45	-0.17	n
187270952	2383	1488	-1.37	-0.17	n
187280952	2384	1488	-1.45	-0.17	n
187290952	2384	1489	-1.45	-0.25	n
187300952	2384	1488	-1.45	-0.17	n
187310952	2384	1488	-1.45	-0.17	n
187320952	2384	1489	-1.45	-0.25	n
187330952	2384	1488	-1.45	-0.17	n
187340952	2384	1488	-1.45	-0.17	n
187350952	2383	1488	-1.37	-0.17	n
187360952	2384	1488	-1.45	-0.17	Location:lat:35.504289lon:139.465217;;Date:2024/12/8;;Time:05:46:01:00;;
187370952	2383	1488	-1.37	-0.17	n
187380952	2384	1488	-1.45	-0.17	n
187390952	2383	1488	-1.37	-0.17	n
187400952	2384	1490	-1.45	-0.33	n
187410953	2384	1489	-1.45	-0.25	n
187420953	2384	1488	-1.45	-0.17	n
187430953	2384	1488	-1.45	-0.17	n
187440953	2383	1488	-1.37	-0.17	n
187450953	2383	1488	-1.37	-0.17	n
187460953	2381	1488	-1.20	-0.17	n
187470961	2383	1488	-1.37	-0.17	Location:lat:35.504289lon:139.465217;;Time:05:46:01:00;;
187480961	2382	1488	-1.28	-0.17	n
187490962	2383	1488	-1.37	-0.17	n
187500962	2384	1488	-1.45	-0.17	n
187510962	2383	1488	-1.37	-0.17	n
187520961	2384	1488	-1.45	-0.17	n
187530961	2382	1488	-1.28	-0.17	n
187540960	2384	1488	-1.45	-0.17	n
187550960	2383	1488	-1.37	-0.17	n
187560960	2384	1488	-1.45	-0.17	n
187570960	2383	1488	-1.37	-0.17	n
187580960	2384	1489	-1.45	-0.25	n
187590959	2384	1488	-1.45	-0.17	n
187600959	2384	1488	-1.45	-0.17	n
187610959	2384	1488	-1.45	-0.17	n
187620959	2383	1488	-1.37	-0.17	n
187630959	2384	1488	-1.45	-0.17	n
187640958	2384	1488	-1.45	-0.17	n
187650958	2384	1488	-1.45	-0.17	n
187660957	2383	1488	-1.37	-0.17	n
187670957	2382	1488	-1.28	-0.17	n
187680957	2383	1488	-1.37	-0.17	n
187690957	2384	1488	-1.45	-0.17	n
187700956	2383	1488	-1.37	-0.17	n
187710956	2384	1488	-1.45	-0.17	n
187720956	2384	1488	-1.45	-0.17	n
187730955	2382	1488	-1.28	-0.17	n
187740955	2384	1488	-1.45	-0.17	n
187750954	2384	1488	-1.45	-0.17	n
187760954	2384	1488	-1.45	-0.17	n
187770955	2384	1488	-1.45	-0.17	n
187780954	2383	1488	-1.37	-0.17	n
187790954	2382	1489	-1.28	-0.25	n
187800954	2384	1488	-1.45	-0.17	n
187810954	2384	1488	-1.45	-0.17	n
187820954	2384	1489	-1.45	-0.25	n
187830954	2383	1488	-1.37	-0.17	n
187840954	2384	1488	-1.45	-0.17	Location:lat:35.504289lon:139.465217;;Date:2024/12/8;;Time:05:46:01:00;;
187850954	2384	1488	-1.45	-0.17	n
187860954	2384	1488	-1.45	-0.17	n
187870954	2384	1488	-1.45	-0.17	n
187880954	2384	1489	-1.45	-0.25	n
187890954	2384	1488	-1.45	-0.17	n
187900954	2383	1488	-1.37	-0.17	n
187910954	2384	1488	-1.45	-0.17	n
187920954	2384	1488	-1.45	-0.17	n
187930954	2383	1489	-1.37	-0.25	n
187940954	2384	1488	-1.45	-0.17	n
187950954	2384	1489	-1.45	-0.25	n
187960954	2383	1488	-1.37	-0.17	n
187970954	2384	1488	-1.45	-0.17	n
187980954	2383	1488	-1.37	-0.17	n
187990954	2384	1488	-1.45	-0.17	n
188000954	2384	1488	-1.45	-0.17	n
188010954	2384	1488	-1.45	-0.17	n
188020954	2384	1488	-1.45	-0.17	n
188030954	2383	1489	-1.37	-0.25	n
188040954	2384	1488	-1.45	-0.17	n
188050954	2384	1488	-1.45	-0.17	n
188060954	2384	1488	-1.45	-0.17	n
188070954	2384	1489	-1.45	-0.25	n
188080954	2384	1488	-1.45	-0.17	n
188090954	2384	1488	-1.45	-0.17	n
188100954	2383	1489	-1.37	-0.25	n
188110954	2384	1488	-1.45	-0.17	n
188120954	2383	1490	-1.37	-0.33	n
188130954	2384	1488	-1.45	-0.17	n
188140954	2383	1488	-1.37	-0.17	n
188150954	2383	1488	-1.37	-0.17	n
188160954	2384	1488	-1.45	-0.17	n
188170954	2384	1488	-1.45	-0.17	n
188180954	2384	1488	-1.45	-0.17	n
188190954	2384	1489	-1.45	-0.25	n
188200954	2383	1489	-1.37	-0.25	n
188210954	2384	1488	-1.45	-0.17	n
188220954	2384	1488	-1.45	-0.17	n
188230954	2384	1488	-1.45	-0.17	n
188240954	2384	1488	-1.45	-0.17	n
188250954	2384	1488	-1.45	-0.17	n
188260954	2382	1488	-1.28	-0.17	n
188270954	2383	1488	-1.37	-0.17	n
188280954	2384	1488	-1.45	-0.17	n
188290954	2384	1488	-1.45	-0.17	n
188300954	2384	1489	-1.45	-0.25	n
188310953	2384	1489	-1.45	-0.25	n
188320953	2384	1489	-1.45	-0.25	n
188330953	2384	1488	-1.45	-0.17	n
188340953	2383	1488	-1.37	-0.17	n
188350953	2384	1488	-1.45	-0.17	n
188360953	2384	1488	-1.45	-0.17	Location:lat:35.504287lon:139.465216;;Date:2024/12/8;;Time:05:46:02:00;;
188370954	2384	1488	-1.45	-0.17	n
188380954	2383	1489	-1.37	-0.25	n
188390954	2384	1488	-1.45	-0.17	n
188400954	2384	1488	-1.45	-0.17	n
188410953	2383	1489	-1.37	-0.25	n
188420953	2383	1488	-1.37	-0.17	n
188430953	2384	1488	-1.45	-0.17	n
188440953	2384	1489	-1.45	-0.25	n
188450953	2384	1489	-1.45	-0.25	n
188460952	2383	1488	-1.37	-0.17	n
188470952	2384	1488	-1.45	-0.17	Location:lat:35.504287lon:139.465216;;Time:05:46:02:00;;
188480952	2384	1488	-1.45	-0.17	n
188490952	2383	1489	-1.37	-0.25	n
188500953	2384	1488	-1.45	-0.17	n
188510953	2384	1488	-1.45	-0.17	n
188520953	2384	1488	-1.45	-0.17	n
188530953	2384	1488	-1.45	-0.17	n
188540952	2384	1488	-1.45	-0.17	n
188550952	2384	1489	-1.45	-0.25	n
188560961	2384	1488	-1.45	-0.17	n
188570962	2384	1489	-1.45	-0.25	n
188580961	2384	1488	-1.45	-0.17	n
188590961	2384	1488	-1.45	-0.17	n
188600961	2383	1488	-1.37	-0.17	n
188610961	2384	1488	-1.45	-0.17	n
188620961	2383	1488	-1.37	-0.17	n
188630961	2384	1488	-1.45	-0.17	n
188640962	2384	1488	-1.45	-0.17	n
188650962	2384	1488	-1.45	-0.17	n
188660962	2383	1488	-1.37	-0.17	n
188670962	2383	1488	-1.37	-0.17	n
188680962	2384	1489	-1.45	-0.25	n
188690962	2384	1488	-1.45	-0.17	n
188700962	2384	1488	-1.45	-0.17	n
188710962	2383	1488	-1.37	-0.17	n
188720962	2384	1489	-1.45	-0.25	n
188730961	2384	1488	-1.45	-0.17	n
188740961	2383	1488	-1.37	-0.17	n
188750962	2382	1488	-1.28	-0.17	n
188760962	2384	1488	-1.45	-0.17	n
188770962	2383	1488	-1.37	-0.17	n
188780963	2384	1488	-1.45	-0.17	n
188790963	2383	1488	-1.37	-0.17	n
188800963	2384	1488	-1.45	-0.17	n
188810963	2384	1489	-1.45	-0.25	n
188820963	2383	1488	-1.37	-0.17	n
188830962	2383	1488	-1.37	-0.17	n
188840962	2383	1488	-1.37	-0.17	Location:lat:35.504287lon:139.465216;;Date:2024/12/8;;Time:05:46:02:00;;
188850962	2384	1488	-1.45	-0.17	n
188860962	2383	1488	-1.37	-0.17	n
188870962	2383	1488	-1.37	-0.17	n
188880962	2384	1489	-1.45	-0.25	n
188890962	2384	1488	-1.45	-0.17	n
188900962	2384	1488	-1.45	-0.17	n
188910962	2384	1488	-1.45	-0.17	n
188920962	2384	1488	-1.45	-0.17	n
188930962	2383	1488	-1.37	-0.17	n
188940962	2384	1488	-1.45	-0.17	n
188950962	2384	1488	-1.45	-0.17	n
188960962	2384	1489	-1.45	-0.25	n
188970962	2383	1488	-1.37	-0.17	n
188980962	2384	1488	-1.45	-0.17	n
188990962	2383	1488	-1.37	-0.17	n
189000962	2384	1489	-1.45	-0.25	n
189010962	2383	1488	-1.37	-0.17	n
189020962	2383	1488	-1.37	-0.17	n
189030962	2384	1488	-1.45	-0.17	n
189040962	2384	1488	-1.45	-0.17	n
189050962	2383	1488	-1.37	-0.17	n
189060962	2384	1488	-1.45	-0.17	n
189070962	2384	1489	-1.45	-0.25	n
189080962	2384	1489	-1.45	-0.25	n
189090962	2384	1488	-1.45	-0.17	n
189100962	2383	1488	-1.37	-0.17	n
189110962	2384	1488	-1.45	-0.17	n
189120962	2384	1489	-1.45	-0.25	n
189130962	2383	1488	-1.37	-0.17	n
189140962	2384	1488	-1.45	-0.17	n
189150962	2384	1488	-1.45	-0.17	n
189160962	2382	1488	-1.28	-0.17	n
189170962	2384	1488	-1.45	-0.17	n
189180962	2384	1488	-1.45	-0.17	n
189190962	2383	1489	-1.37	-0.25	n
189200962	2383	1488	-1.37	-0.17	n
189210962	2384	1489	-1.45	-0.25	n
189220962	2383	1488	-1.37	-0.17	n
189230962	2384	1488	-1.45	-0.17	n
189240962	2384	1490	-1.45	-0.33	n
189250962	2384	1489	-1.45	-0.25	n
189260962	2383	1490	-1.37	-0.33	n
189270962	2383	1488	-1.37	-0.17	n
189280962	2383	1489	-1.37	-0.25	n
189290962	2384	1489	-1.45	-0.25	n
189300962	2383	1489	-1.37	-0.25	n
189310962	2384	1488	-1.45	-0.17	n
189320962	2384	1488	-1.45	-0.17	n
189330961	2383	1488	-1.37	-0.17	n
189340960	2384	1488	-1.45	-0.17	n
189350960	2384	1488	-1.45	-0.17	n
189360960	2384	1488	-1.45	-0.17	Location:lat:35.504286lon:139.465214;;Date:2024/12/8;;Time:05:46:03:00;;
189370960	2383	1488	-1.37	-0.17	n
189380960	2384	1488	-1.45	-0.17	n
189390960	2384	1488	-1.45	-0.17	n
189400960	2383	1488	-1.37	-0.17	n
189410960	2384	1488	-1.45	-0.17	n
189420959	2384	1489	-1.45	-0.25	n
189430959	2384	1488	-1.45	-0.17	n
189440959	2384	1489	-1.45	-0.25	n
189450958	2384	1488	-1.45	-0.17	n
189460958	2383	1488	-1.37	-0.17	n
189470957	2384	1489	-1.45	-0.25	Location:lat:35.504286lon:139.465214;;Time:05:46:03:00;;
189480957	2384	1489	-1.45	-0.25	n
189490957	2384	1489	-1.45	-0.25	n
189500957	2384	1488	-1.45	-0.17	n
189510956	2384	1489	-1.45	-0.25	n
189520956	2384	1489	-1.45	-0.25	n
189530956	2384	1488	-1.45	-0.17	n
189540956	2384	1489	-1.45	-0.25	n
189550956	2383	1488	-1.37	-0.17	n
189560955	2383	1488	-1.37	-0.17	n
189570955	2384	1489	-1.45	-0.25	n
189580955	2384	1489	-1.45	-0.25	n
189590955	2384	1488	-1.45	-0.17	n
189600955	2384	1489	-1.45	-0.25	n
189610955	2384	1489	-1.45	-0.25	n
189620955	2383	1488	-1.37	-0.17	n
189630955	2384	1489	-1.45	-0.25	n
189640955	2384	1489	-1.45	-0.25	n
189650955	2384	1488	-1.45	-0.17	n
189660955	2384	1488	-1.45	-0.17	n
189670955	2384	1489	-1.45	-0.25	n
189680955	2384	1488	-1.45	-0.17	n
189690955	2384	1489	-1.45	-0.25	n
189700955	2384	1488	-1.45	-0.17	n
189710964	2384	1487	-1.45	-0.09	n
189720964	2383	1488	-1.37	-0.17	n
189730964	2384	1488	-1.45	-0.17	n
189740964	2384	1488	-1.45	-0.17	n
189750964	2384	1488	-1.45	-0.17	n
189760964	2384	1489	-1.45	-0.25	n
189770963	2384	1488	-1.45	-0.17	n
189780963	2383	1488	-1.37	-0.17	n
189790964	2384	1488	-1.45	-0.17	n
189800964	2384	1490	-1.45	-0.33	n
189810963	2383	1489	-1.37	-0.25	n
189820963	2384	1488	-1.45	-0.17	n
189830963	2384	1489	-1.45	-0.25	n
189840963	2383	1489	-1.37	-0.25	Location:lat:35.504286lon:139.465214;;Date:2024/12/8;;Time:05:46:03:00;;
189850963	2384	1488	-1.45	-0.17	n
189860962	2382	1489	-1.28	-0.25	n
189870962	2384	1488	-1.45	-0.17	n
189880962	2384	1488	-1.45	-0.17	n
189890962	2384	1489	-1.45	-0.25	n
189900962	2384	1488	-1.45	-0.17	n
189910962	2384	1488	-1.45	-0.17	n
189920962	2383	1488	-1.37	-0.17	n
189930962	2384	1490	-1.45	-0.33	n
189940962	2383	1488	-1.37	-0.17	n
189950962	2383	1488	-1.37	-0.17	n
189960962	2384	1488	-1.45	-0.17	n
189970962	2383	1488	-1.37	-0.17	n
189980962	2384	1488	-1.45	-0.17	n
189990962	2384	1488	-1.45	-0.17	n
190000962	2383	1488	-1.37	-0.17	n
190010962	2384	1488	-1.45	-0.17	n
190020962	2383	1488	-1.37	-0.17	n
190030962	2384	1489	-1.45	-0.25	n
190040962	2384	1488	-1.45	-0.17	n
190050962	2384	1489	-1.45	-0.25	n
190060962	2384	1488	-1.45	-0.17	n
190070962	2384	1489	-1.45	-0.25	n
190080962	2384	1489	-1.45	-0.25	n
190090962	2384	1488	-1.45	-0.17	n
190100962	2384	1488	-1.45	-0.17	n
190110962	2383	1488	-1.37	-0.17	n
190120962	2383	1488	-1.37	-0.17	n
190130962	2384	1488	-1.45	-0.17	n
190140962	2384	1489	-1.45	-0.25	n
190150962	2384	1488	-1.45	-0.17	n
190160962	2383	1489	-1.37	-0.25	n
190170962	2384	1489	-1.45	-0.25	n
190180962	2384	1489	-1.45	-0.25	n
190190962	2384	1488	-1.45	-0.17	n
190200962	2383	1488	-1.37	-0.17	n
190210962	2384	1488	-1.45	-0.17	n
190220962	2382	1488	-1.28	-0.17	n
190230962	2383	1488	-1.37	-0.17	n
190240962	2384	1488	-1.45	-0.17	n
190250962	2383	1488	-1.37	-0.17	n
190260962	2384	1488	-1.45	-0.17	n
190270962	2383	1488	-1.37	-0.17	n
190280962	2384	1488	-1.45	-0.17	n
190290962	2384	1488	-1.45	-0.17	n
190300962	2383	1488	-1.37	-0.17	n
190310962	2384	1488	-1.45	-0.17	n
190320962	2383	1488	-1.37	-0.17	n
190330962	2384	1488	-1.45	-0.17	n
190340962	2384	1488	-1.45	-0.17	n
190350970	2383	1488	-1.37	-0.17	n
190360970	2384	1488	-1.45	-0.17	Location:lat:35.504286lon:139.465212;;Date:2024/12/8;;Time:05:46:04:00;;
190370969	2384	1489	-1.45	-0.25	n
190380969	2383	1488	-1.37	-0.17	n
190390968	2381	1489	-1.20	-0.25	n
190400967	2384	1488	-1.45	-0.17	n
190410967	2384	1488	-1.45	-0.17	n
190420967	2384	1488	-1.45	-0.17	n
190430966	2384	1488	-1.45	-0.17	n
190440967	2384	1489	-1.45	-0.25	n
190450967	2383	1488	-1.37	-0.17	n
190460968	2384	1489	-1.45	-0.25	n
190470969	2384	1488	-1.45	-0.17	Location:lat:35.504286lon:139.465212;;Time:05:46:04:00;;
190480969	2384	1489	-1.45	-0.25	n
190490969	2384	1488	-1.45	-0.17	n
190500969	2384	1489	-1.45	-0.25	n
190510968	2384	1488	-1.45	-0.17	n
190520967	2383	1488	-1.37	-0.17	n
190530966	2384	1488	-1.45	-0.17	n
190540966	2383	1488	-1.37	-0.17	n
190550966	2384	1488	-1.45	-0.17	n
190560966	2384	1488	-1.45	-0.17	n
190570965	2384	1488	-1.45	-0.17	n
190580965	2384	1488	-1.45	-0.17	n
190590965	2384	1488	-1.45	-0.17	n
190600964	2384	1489	-1.45	-0.25	n
190610964	2384	1488	-1.45	-0.17	n
190620964	2384	1488	-1.45	-0.17	n
190630964	2384	1488	-1.45	-0.17	n
190640964	2383	1489	-1.37	-0.25	n
190650964	2383	1488	-1.37	-0.17	n
190660965	2384	1489	-1.45	-0.25	n
190670965	2384	1488	-1.45	-0.17	n
190680965	2383	1488	-1.37	-0.17	n
190690965	2382	1488	-1.28	-0.17	n
190700965	2383	1488	-1.37	-0.17	n
190710965	2383	1488	-1.37	-0.17	n
190720965	2384	1488	-1.45	-0.17	n
190730965	2384	1488	-1.45	-0.17	n
190740965	2384	1488	-1.45	-0.17	n
190750965	2383	1488	-1.37	-0.17	n
190760965	2384	1488	-1.45	-0.17	n
190770965	2384	1488	-1.45	-0.17	n
190780965	2383	1488	-1.37	-0.17	n
190790964	2383	1488	-1.37	-0.17	n
190800964	2383	1489	-1.37	-0.25	n
190810964	2383	1488	-1.37	-0.17	n
190820964	2381	1488	-1.20	-0.17	n
190830963	2383	1488	-1.37	-0.17	n
190840962	2382	1488	-1.28	-0.17	Location:lat:35.504286lon:139.465212;;Date:2024/12/8;;Time:05:46:04:00;;
190850962	2384	1488	-1.45	-0.17	n
190860962	2383	1488	-1.37	-0.17	n
190870962	2383	1488	-1.37	-0.17	n
190880962	2384	1488	-1.45	-0.17	n
190890962	2384	1488	-1.45	-0.17	n
190900962	2384	1489	-1.45	-0.25	n
190910962	2384	1488	-1.45	-0.17	n
190920962	2384	1488	-1.45	-0.17	n
190930962	2384	1488	-1.45	-0.17	n
190940962	2382	1487	-1.28	-0.09	n
190950962	2383	1488	-1.37	-0.17	n
190960962	2383	1488	-1.37	-0.17	n
190970962	2384	1488	-1.45	-0.17	n
190980962	2382	1488	-1.28	-0.17	n
190990962	2384	1489	-1.45	-0.25	n
191000962	2382	1488	-1.28	-0.17	n
191010962	2384	1489	-1.45	-0.25	n
191020962	2383	1488	-1.37	-0.17	n
191030962	2384	1488	-1.45	-0.17	n
191040962	2384	1488	-1.45	-0.17	n
191050962	2383	1488	-1.37	-0.17	n
191060962	2384	1488	-1.45	-0.17	n
191070962	2384	1488	-1.45	-0.17	n
191080962	2384	1488	-1.45	-0.17	n
191090962	2382	1488	-1.28	-0.17	n
191100962	2383	1488	-1.37	-0.17	n
191110962	2384	1488	-1.45	-0.17	n
191120962	2384	1488	-1.45	-0.17	n
191130962	2383	1488	-1.37	-0.17	n
191140962	2384	1488	-1.45	-0.17	n
191150962	2384	1490	-1.45	-0.33	n
191160962	2384	1488	-1.45	-0.17	n
191170962	2384	1488	-1.45	-0.17	n
191180962	2385	1489	-1.53	-0.25	n
191190962	2384	1488	-1.45	-0.17	n
191200962	2383	1488	-1.37	-0.17	n
191210962	2384	1488	-1.45	-0.17	n
191220962	2384	1488	-1.45	-0.17	n
191230962	2383	1488	-1.37	-0.17	n
191240962	2383	1488	-1.37	-0.17	n
191250962	2384	1488	-1.45	-0.17	n
191260962	2383	1488	-1.37	-0.17	n
191270962	2383	1488	-1.37	-0.17	n
191280962	2382	1488	-1.28	-0.17	n
191290962	2384	1488	-1.45	-0.17	n
191300961	2384	1488	-1.45	-0.17	n
191310962	2384	1488	-1.45	-0.17	n
191320962	2384	1489	-1.45	-0.25	n
191330961	2384	1488	-1.45	-0.17	n
191340961	2384	1488	-1.45	-0.17	n
191350960	2384	1489	-1.45	-0.25	n
191360960	2384	1489	-1.45	-0.25	Location:lat:35.504287lon:139.465208;;Date:2024/12/8;;Time:05:46:05:00;;
191370960	2384	1488	-1.45	-0.17	n
191380960	2384	1488	-1.45	-0.17	n
191390960	2383	1488	-1.37	-0.17	n
191400960	2384	1488	-1.45	-0.17	n
191410960	2384	1489	-1.45	-0.25	n
191420959	2383	1488	-1.37	-0.17	n
191430959	2384	1488	-1.45	-0.17	n
191440959	2383	1488	-1.37	-0.17	n
191450959	2384	1488	-1.45	-0.17	n
191460959	2383	1488	-1.37	-0.17	n
191470958	2383	1488	-1.37	-0.17	Location:lat:35.504287lon:139.465208;;Time:05:46:05:00;;
191480957	2384	1489	-1.45	-0.25	n
191490957	2384	1488	-1.45	-0.17	n
191500956	2384	1488	-1.45	-0.17	n
191510963	2383	1488	-1.37	-0.17	n
191520963	2383	1488	-1.37	-0.17	n
191530963	2383	1488	-1.37	-0.17	n
191540963	2384	1488	-1.45	-0.17	n
191550963	2383	1489	-1.37	-0.25	n
191560963	2384	1488	-1.45	-0.17	n
191570963	2383	1488	-1.37	-0.17	n
191580962	2384	1488	-1.45	-0.17	n
191590961	2383	1489	-1.37	-0.25	n
191600961	2383	1488	-1.37	-0.17	n
191610960	2383	1488	-1.37	-0.17	n
191620960	2383	1488	-1.37	-0.17	n
191630960	2384	1488	-1.45	-0.17	n
191640960	2383	1488	-1.37	-0.17	n
191650959	2384	1488	-1.45	-0.17	n
191660959	2384	1488	-1.45	-0.17	n
191670959	2383	1488	-1.37	-0.17	n
191680959	2383	1488	-1.37	-0.17	n
191690959	2383	1488	-1.37	-0.17	n
191700959	2383	1488	-1.37	-0.17	n
191710959	2384	1488	-1.45	-0.17	n
191720960	2383	1489	-1.37	-0.25	n
191730959	2384	1488	-1.45	-0.17	n
191740959	2383	1488	-1.37	-0.17	n
191750958	2382	1489	-1.28	-0.25	n
191760958	2383	1488	-1.37	-0.17	n
191770958	2382	1488	-1.28	-0.17	n
191780958	2384	1489	-1.45	-0.25	n
191790957	2383	1488	-1.37	-0.17	n
191800957	2383	1488	-1.37	-0.17	n
191810957	2384	1488	-1.45	-0.17	n
191820957	2384	1488	-1.45	-0.17	n
191830957	2384	1488	-1.45	-0.17	n
191840956	2384	1488	-1.45	-0.17	Location:lat:35.504287lon:139.465208;;Date:2024/12/8;;Time:05:46:05:00;;
191850956	2384	1488	-1.45	-0.17	n
191860956	2381	1488	-1.20	-0.17	n
191870956	2383	1488	-1.37	-0.17	n
191880956	2384	1488	-1.45	-0.17	n
191890956	2381	1488	-1.20	-0.17	n
191900956	2384	1488	-1.45	-0.17	n
191910956	2383	1488	-1.37	-0.17	n
191920956	2384	1488	-1.45	-0.17	n
191930956	2384	1488	-1.45	-0.17	n
191940956	2383	1488	-1.37	-0.17	n
191950956	2384	1488	-1.45	-0.17	n
191960956	2383	1488	-1.37	-0.17	n
191970956	2384	1488	-1.45	-0.17	n
191980956	2384	1488	-1.45	-0.17	n
191990956	2384	1488	-1.45	-0.17	n
192000956	2383	1488	-1.37	-0.17	n
192010956	2384	1488	-1.45	-0.17	n
192020956	2384	1488	-1.45	-0.17	n
192030956	2384	1488	-1.45	-0.17	n
192040956	2383	1488	-1.37	-0.17	n
192050956	2383	1488	-1.37	-0.17	n
192060956	2384	1488	-1.45	-0.17	n
192070956	2383	1488	-1.37	-0.17	n
192080956	2384	1488	-1.45	-0.17	n
192090956	2384	1488	-1.45	-0.17	n
192100956	2384	1488	-1.45	-0.17	n
192110956	2382	1488	-1.28	-0.17	n
192120956	2383	1488	-1.37	-0.17	n
192130956	2384	1488	-1.45	-0.17	n
192140956	2382	1488	-1.28	-0.17	n
192150956	2384	1488	-1.45	-0.17	n
192160956	2384	1488	-1.45	-0.17	n
192170956	2383	1488	-1.37	-0.17	n
192180956	2383	1488	-1.37	-0.17	n
192190956	2383	1488	-1.37	-0.17	n
192200956	2383	1488	-1.37	-0.17	n
192210956	2383	1488	-1.37	-0.17	n
192220956	2383	1489	-1.37	-0.25	n
192230956	2384	1488	-1.45	-0.17	n
192240956	2383	1488	-1.37	-0.17	n
192250956	2384	1488	-1.45	-0.17	n
192260956	2383	1488	-1.37	-0.17	n
192270956	2383	1488	-1.37	-0.17	n
192280956	2383	1488	-1.37	-0.17	n
192290965	2384	1488	-1.45	-0.17	n
192300965	2384	1489	-1.45	-0.25	n
192310965	2383	1488	-1.37	-0.17	n
192320965	2383	1489	-1.37	-0.25	n
192330964	2383	1488	-1.37	-0.17	n
192340964	2384	1488	-1.45	-0.17	n
192350964	2384	1488	-1.45	-0.17	n
192360964	2384	1488	-1.45	-0.17	Location:lat:35.504288lon:139.465206;;Date:2024/12/8;;Time:05:46:06:00;;
192370964	2384	1488	-1.45	-0.17	n
192380965	2384	1488	-1.45	-0.17	n
192390965	2384	1489	-1.45	-0.25	n
192400965	2384	1488	-1.45	-0.17	n
192410965	2383	1488	-1.37	-0.17	n
192420965	2383	1488	-1.37	-0.17	n
192430965	2384	1488	-1.45	-0.17	n
192440965	2383	1489	-1.37	-0.25	n
192450965	2384	1489	-1.45	-0.25	n
192460965	2384	1489	-1.45	-0.25	n
192470965	2384	1488	-1.45	-0.17	Location:lat:35.504288lon:139.465206;;Time:05:46:06:00;;
192480965	2383	1488	-1.37	-0.17	n
192490964	2384	1488	-1.45	-0.17	n
192500963	2384	1488	-1.45	-0.17	n
192510962	2384	1488	-1.45	-0.17	n
192520962	2384	1488	-1.45	-0.17	n
192530962	2383	1488	-1.37	-0.17	n
192540961	2383	1488	-1.37	-0.17	n
192550960	2384	1488	-1.45	-0.17	n
192560960	2384	1489	-1.45	-0.25	n
192570959	2384	1488	-1.45	-0.17	n
192580959	2384	1488	-1.45	-0.17	n
192590959	2384	1488	-1.45	-0.17	n
192600959	2384	1488	-1.45	-0.17	n
192610958	2383	1488	-1.37	-0.17	n
192620958	2383	1488	-1.37	-0.17	n
192630958	2383	1488	-1.37	-0.17	n
192640958	2383	1488	-1.37	-0.17	n
192650958	2383	1488	-1.37	-0.17	n
192660957	2383	1488	-1.37	-0.17	n
192670958	2384	1488	-1.45	-0.17	n
192680958	2383	1488	-1.37	-0.17	n
192690958	2384	1488	-1.45	-0.17	n
192700958	2383	1488	-1.37	-0.17	n
192710958	2381	1488	-1.20	-0.17	n
192720958	2383	1488	-1.37	-0.17	n
192730958	2383	1488	-1.37	-0.17	n
192740958	2384	1488	-1.45	-0.17	n
192750958	2383	1488	-1.37	-0.17	n
192760957	2383	1488	-1.37	-0.17	n
192770956	2383	1488	-1.37	-0.17	n
192780956	2382	1488	-1.28	-0.17	n
192790957	2382	1488	-1.28	-0.17	n
192800956	2383	1488	-1.37	-0.17	n
192810957	2384	1488	-1.45	-0.17	n
192820957	2383	1488	-1.37	-0.17	n
192830957	2383	1488	-1.37	-0.17	n
192840957	2383	1488	-1.37	-0.17	Location:lat:35.504288lon:139.465206;;Date:2024/12/8;;Time:05:46:06:00;;
192850957	2383	1488	-1.37	-0.17	n
192860957	2384	1488	-1.45	-0.17	n
192870957	2382	1488	-1.28	-0.17	n
192880957	2382	1488	-1.28	-0.17	n
192890957	2381	1487	-1.20	-0.09	n
192900957	2382	1488	-1.28	-0.17	n
192910957	2382	1488	-1.28	-0.17	n
192920957	2381	1488	-1.20	-0.17	n
192930957	2383	1488	-1.37	-0.17	n
192940957	2383	1488	-1.37	-0.17	n
192950957	2384	1488	-1.45	-0.17	n
192960957	2382	1488	-1.28	-0.17	n
192970957	2382	1488	-1.28	-0.17	n
192980957	2382	1488	-1.28	-0.17	n
192990957	2382	1488	-1.28	-0.17	n
193000957	2382	1488	-1.28	-0.17	n
193010957	2382	1488	-1.28	-0.17	n
193020957	2384	1488	-1.45	-0.17	n
193030957	2382	1488	-1.28	-0.17	n
193040957	2382	1488	-1.28	-0.17	n
193050957	2384	1488	-1.45	-0.17	n
193060957	2382	1488	-1.28	-0.17	n
193070957	2381	1487	-1.20	-0.09	n
193080957	2383	1488	-1.37	-0.17	n
193090957	2383	1488	-1.37	-0.17	n
193100957	2382	1488	-1.28	-0.17	n
193110957	2380	1488	-1.12	-0.17	n
193120957	2383	1488	-1.37	-0.17	n
193130957	2381	1488	-1.20	-0.17	n
193140957	2382	1488	-1.28	-0.17	n
193150957	2383	1488	-1.37	-0.17	n
193160957	2384	1488	-1.45	-0.17	n
193170957	2382	1488	-1.28	-0.17	n
193180957	2382	1488	-1.28	-0.17	n
193190957	2383	1488	-1.37	-0.17	n
193200957	2383	1488	-1.37	-0.17	n
193210957	2384	1488	-1.45	-0.17	n
193220957	2383	1488	-1.37	-0.17	n
193230957	2382	1488	-1.28	-0.17	n
193240957	2382	1488	-1.28	-0.17	n
193250957	2383	1488	-1.37	-0.17	n
193260957	2383	1488	-1.37	-0.17	n
193270957	2381	1488	-1.20	-0.17	n
193280957	2381	1487	-1.20	-0.09	n
193290957	2382	1488	-1.28	-0.17	n
193300957	2382	1488	-1.28	-0.17	n
193310956	2383	1488	-1.37	-0.17	n
193320956	2381	1488	-1.20	-0.17	n
193330956	2383	1487	-1.37	-0.09	n
193340956	2382	1488	-1.28	-0.17	n
193350956	2384	1488	-1.45	-0.17	n
193360956	2383	1488	-1.37	-0.17	Location:lat:35.504286lon:139.465205;;Date:2024/12/8;;Time:05:46:07:00;;
193370955	2383	1488	-1.37	-0.17	n
193380955	2382	1488	-1.28	-0.17	n
193390955	2384	1488	-1.45	-0.17	n
193400956	2383	1488	-1.37	-0.17	n
193410955	2383	1488	-1.37	-0.17	n
193420955	2383	1488	-1.37	-0.17	n
193430955	2381	1488	-1.20	-0.17	n
193440955	2382	1488	-1.28	-0.17	n
193450956	2382	1488	-1.28	-0.17	n
193460957	2383	1488	-1.37	-0.17	n
193470957	2382	1488	-1.28	-0.17	Location:lat:35.504286lon:139.465205;;Time:05:46:07:00;;
193480957	2384	1488	-1.45	-0.17	n
193490956	2383	1488	-1.37	-0.17	n
193500957	2382	1487	-1.28	-0.09	n
193510957	2382	1488	-1.28	-0.17	n
193520956	2383	1488	-1.37	-0.17	n
193530956	2383	1488	-1.37	-0.17	n
193540955	2381	1488	-1.20	-0.17	n
193550955	2381	1488	-1.20	-0.17	n
193560955	2382	1488	-1.28	-0.17	n
193570955	2380	1488	-1.12	-0.17	n
193580964	2382	1488	-1.28	-0.17	n
193590964	2383	1488	-1.37	-0.17	n
193600964	2382	1488	-1.28	-0.17	n
193610964	2383	1488	-1.37	-0.17	n
193620964	2383	1488	-1.37	-0.17	n
193630964	2383	1488	-1.37	-0.17	n
193640964	2383	1488	-1.37	-0.17	n
193650964	2384	1488	-1.45	-0.17	n
193660964	2383	1488	-1.37	-0.17	n
193670963	2383	1488	-1.37	-0.17	n
193680963	2384	1488	-1.45	-0.17	n
193690963	2384	1488	-1.45	-0.17	n
193700963	2381	1488	-1.20	-0.17	n
193710963	2382	1488	-1.28	-0.17	n
193720962	2383	1488	-1.37	-0.17	n
193730962	2382	1488	-1.28	-0.17	n
193740961	2383	1488	-1.37	-0.17	n
193750961	2381	1488	-1.20	-0.17	n
193760961	2384	1488	-1.45	-0.17	n
193770960	2384	1488	-1.45	-0.17	n
193780960	2383	1488	-1.37	-0.17	n
193790960	2383	1487	-1.37	-0.09	n
193800959	2382	1488	-1.28	-0.17	n
193810959	2382	1488	-1.28	-0.17	n
193820959	2383	1488	-1.37	-0.17	n
193830959	2383	1488	-1.37	-0.17	n
193840959	2384	1488	-1.45	-0.17	Location:lat:35.504286lon:139.465205;;Date:2024/12/8;;Time:05:46:07:00;;
193850959	2382	1488	-1.28	-0.17	n
193860959	2383	1488	-1.37	-0.17	n
193870959	2383	1488	-1.37	-0.17	n
193880959	2382	1488	-1.28	-0.17	n
193890959	2382	1487	-1.28	-0.09	n
193900959	2382	1488	-1.28	-0.17	n
193910959	2382	1488	-1.28	-0.17	n
193920959	2382	1488	-1.28	-0.17	n
193930959	2383	1488	-1.37	-0.17	n
193940959	2383	1488	-1.37	-0.17	n
193950959	2383	1488	-1.37	-0.17	n
193960959	2384	1488	-1.45	-0.17	n
193970959	2383	1488	-1.37	-0.17	n
193980959	2381	1488	-1.20	-0.17	n
193990958	2383	1488	-1.37	-0.17	n
194000958	2381	1488	-1.20	-0.17	n
194010958	2383	1488	-1.37	-0.17	n
194020958	2384	1488	-1.45	-0.17	n
194030958	2384	1488	-1.45	-0.17	n
194040958	2383	1488	-1.37	-0.17	n
194050958	2383	1488	-1.37	-0.17	n
194060958	2383	1488	-1.37	-0.17	n
194070958	2383	1488	-1.37	-0.17	n
194080958	2383	1488	-1.37	-0.17	n
194090958	2382	1488	-1.28	-0.17	n
194100958	2383	1488	-1.37	-0.17	n
194110958	2384	1488	-1.45	-0.17	n
194120958	2384	1488	-1.45	-0.17	n
194130958	2383	1488	-1.37	-0.17	n
194140958	2383	1488	-1.37	-0.17	n
194150958	2382	1488	-1.28	-0.17	n
194160958	2383	1488	-1.37	-0.17	n
194170958	2382	1488	-1.28	-0.17	n
194180958	2382	1488	-1.28	-0.17	n
194190958	2383	1488	-1.37	-0.17	n
194200958	2382	1488	-1.28	-0.17	n
194210958	2383	1488	-1.37	-0.17	n
194220958	2383	1489	-1.37	-0.25	n
194230958	2384	1488	-1.45	-0.17	n
194240958	2383	1488	-1.37	-0.17	n
194250958	2384	1488	-1.45	-0.17	n
194260958	2383	1488	-1.37	-0.17	n
194270958	2383	1488	-1.37	-0.17	n
194280958	2382	1487	-1.28	-0.09	n
194290958	2383	1489	-1.37	-0.25	n
194300958	2382	1487	-1.28	-0.09	n
194310958	2383	1487	-1.37	-0.09	n
194320957	2383	1488	-1.37	-0.17	n
194330957	2382	1488	-1.28	-0.17	n
194340957	2384	1488	-1.45	-0.17	n
194350957	2382	1488	-1.28	-0.17	n
194360960	2382	1488	-1.28	-0.17	Location:lat:35.504287lon:139.465199;;Date:2024/12/8;;Time:05:46:08:00;;
194370960	2384	1488	-1.45	-0.17	n
194380960	2382	1488	-1.28	-0.17	n
194390960	2383	1488	-1.37	-0.17	n
194400960	2383	1488	-1.37	-0.17	n
194410959	2383	1488	-1.37	-0.17	n
194420959	2382	1488	-1.28	-0.17	n
194430959	2383	1488	-1.37	-0.17	n
194440959	2382	1488	-1.28	-0.17	n
194450958	2384	1488	-1.45	-0.17	n
194460958	2383	1488	-1.37	-0.17	n
194470957	2384	1488	-1.45	-0.17	Location:lat:35.504287lon:139.465199;;Time:05:46:08:00;;
194480956	2382	1488	-1.28	-0.17	n
194490956	2383	1489	-1.37	-0.25	n
194500956	2383	1488	-1.37	-0.17	n
194510955	2383	1488	-1.37	-0.17	n
194520954	2384	1488	-1.45	-0.17	n
194530954	2383	1488	-1.37	-0.17	n
194540953	2383	1488	-1.37	-0.17	n
194550953	2383	1488	-1.37	-0.17	n
194560953	2383	1488	-1.37	-0.17	n
194570953	2383	1488	-1.37	-0.17	n
194580953	2383	1488	-1.37	-0.17	n
194590956	2384	1488	-1.45	-0.17	n
194600955	2383	1488	-1.37	-0.17	n
194610955	2384	1488	-1.45	-0.17	n
194620955	2384	1489	-1.45	-0.25	n
194630955	2383	1488	-1.37	-0.17	n
194640955	2381	1489	-1.20	-0.25	n
194650955	2384	1488	-1.45	-0.17	n
194660955	2383	1488	-1.37	-0.17	n
194670955	2384	1488	-1.45	-0.17	n
194680955	2383	1487	-1.37	-0.09	n
194690964	2382	1488	-1.28	-0.17	n
194700964	2383	1488	-1.37	-0.17	n
194710964	2383	1488	-1.37	-0.17	n
194720964	2382	1488	-1.28	-0.17	n
194730964	2384	1488	-1.45	-0.17	n
194740964	2382	1488	-1.28	-0.17	n
194750963	2383	1488	-1.37	-0.17	n
194760963	2383	1488	-1.37	-0.17	n
194770964	2384	1488	-1.45	-0.17	n
194780963	2383	1488	-1.37	-0.17	n
194790963	2384	1488	-1.45	-0.17	n
194800963	2384	1488	-1.45	-0.17	n
194810963	2382	1488	-1.28	-0.17	n
194820963	2383	1488	-1.37	-0.17	n
194830963	2382	1488	-1.28	-0.17	n
194840963	2383	1488	-1.37	-0.17	Location:lat:35.504287lon:139.465199;;Date:2024/12/8;;Time:05:46:08:00;;
194850962	2384	1488	-1.45	-0.17	n
194860962	2384	1488	-1.45	-0.17	n
194870962	2383	1488	-1.37	-0.17	n
194880962	2383	1488	-1.37	-0.17	n
194890962	2383	1488	-1.37	-0.17	n
194900962	2384	1488	-1.45	-0.17	n
194910962	2384	1488	-1.45	-0.17	n
194920962	2384	1488	-1.45	-0.17	n
194930962	2383	1488	-1.37	-0.17	n
194940962	2384	1488	-1.45	-0.17	n
194950962	2383	1488	-1.37	-0.17	n
194960962	2383	1488	-1.37	-0.17	n
194970962	2382	1488	-1.28	-0.17	n
194980962	2384	1488	-1.45	-0.17	n
194990962	2383	1488	-1.37	-0.17	n
195000962	2383	1488	-1.37	-0.17	n
195010962	2383	1488	-1.37	-0.17	n
195020962	2383	1488	-1.37	-0.17	n
195030962	2384	1488	-1.45	-0.17	n
195040962	2382	1488	-1.28	-0.17	n
195050962	2381	1487	-1.20	-0.09	n
195060961	2384	1488	-1.45	-0.17	n
195070962	2384	1488	-1.45	-0.17	n
195080962	2384	1488	-1.45	-0.17	n
195090962	2383	1488	-1.37	-0.17	n
195100962	2383	1488	-1.37	-0.17	n
195110962	2382	1488	-1.28	-0.17	n
195120962	2382	1488	-1.28	-0.17	n
195130962	2383	1488	-1.37	-0.17	n
195140962	2383	1488	-1.37	-0.17	n
195150962	2383	1488	-1.37	-0.17	n
195160962	2383	1488	-1.37	-0.17	n
195170962	2383	1488	-1.37	-0.17	n
195180962	2384	1488	-1.45	-0.17	n
195190962	2383	1488	-1.37	-0.17	n
195200962	2383	1488	-1.37	-0.17	n
195210962	2383	1488	-1.37	-0.17	n
195220962	2384	1488	-1.45	-0.17	n
195230962	2382	1488	-1.28	-0.17	n
195240962	2384	1488	-1.45	-0.17	n
195250962	2380	1488	-1.12	-0.17	n
195260962	2383	1488	-1.37	-0.17	n
195270962	2382	1488	-1.28	-0.17	n
195280962	2380	1488	-1.12	-0.17	n
195290962	2382	1488	-1.28	-0.17	n
195300962	2383	1488	-1.37	-0.17	n
195310962	2382	1488	-1.28	-0.17	n
195320962	2382	1488	-1.28	-0.17	n
195330962	2382	1488	-1.28	-0.17	n
195340962	2383	1488	-1.37	-0.17	n
195350962	2383	1488	-1.37	-0.17	n
195360962	2383	1488	-1.37	-0.17	Location:lat:35.504289lon:139.465194;;Date:2024/12/8;;Time:05:46:09:00;;
195370961	2384	1488	-1.45	-0.17	n
195380960	2383	1488	-1.37	-0.17	n
195390960	2382	1488	-1.28	-0.17	n
195400959	2383	1488	-1.37	-0.17	n
195410959	2383	1488	-1.37	-0.17	n
195420959	2384	1488	-1.45	-0.17	n
195430959	2383	1488	-1.37	-0.17	n
195440960	2383	1488	-1.37	-0.17	n
195450959	2382	1488	-1.28	-0.17	n
195460959	2382	1488	-1.28	-0.17	n
195470959	2382	1488	-1.28	-0.17	Location:lat:35.504289lon:139.465194;;Time:05:46:09:00;;
195480958	2383	1488	-1.37	-0.17	n
195490958	2384	1488	-1.45	-0.17	n
195500958	2381	1488	-1.20	-0.17	n
195510958	2383	1488	-1.37	-0.17	n
195520958	2382	1488	-1.28	-0.17	n
195530958	2383	1488	-1.37	-0.17	n
195540958	2384	1489	-1.45	-0.25	n
195550958	2382	1488	-1.28	-0.17	n
195560958	2384	1488	-1.45	-0.17	n
195570958	2383	1488	-1.37	-0.17	n
195580959	2383	1488	-1.37	-0.17	n
195590959	2382	1488	-1.28	-0.17	n
195600959	2384	1487	-1.45	-0.09	n
195610959	2383	1488	-1.37	-0.17	n
195620959	2383	1488	-1.37	-0.17	n
195630959	2382	1488	-1.28	-0.17	n
195640958	2383	1489	-1.37	-0.25	n
195650958	2382	1488	-1.28	-0.17	n
195660958	2382	1488	-1.28	-0.17	n
195670958	2382	1488	-1.28	-0.17	n
195680958	2382	1488	-1.28	-0.17	n
195690958	2384	1488	-1.45	-0.17	n
195700958	2383	1488	-1.37	-0.17	n
195710959	2383	1489	-1.37	-0.25	n
195720960	2382	1488	-1.28	-0.17	n
195730960	2384	1488	-1.45	-0.17	n
195740960	2384	1488	-1.45	-0.17	n
195750959	2383	1488	-1.37	-0.17	n
195760959	2381	1488	-1.20	-0.17	n
195770959	2383	1488	-1.37	-0.17	n
195780958	2383	1488	-1.37	-0.17	n
195790958	2383	1488	-1.37	-0.17	n
195800958	2382	1488	-1.28	-0.17	n
195810958	2381	1488	-1.20	-0.17	n
195820958	2383	1488	-1.37	-0.17	n
195830957	2383	1488	-1.37	-0.17	n
195840957	2381	1488	-1.20	-0.17	Location:lat:35.504289lon:139.465194;;Date:2024/12/8;;Time:05:46:09:00;;
195850957	2382	1488	-1.28	-0.17	n
195860957	2384	1488	-1.45	-0.17	n
195870957	2383	1488	-1.37	-0.17	n
195880957	2383	1488	-1.37	-0.17	n
195890957	2383	1488	-1.37	-0.17	n
195900957	2383	1488	-1.37	-0.17	n
195910957	2383	1488	-1.37	-0.17	n
195920957	2383	1489	-1.37	-0.25	n
195930957	2383	1488	-1.37	-0.17	n
195940957	2382	1488	-1.28	-0.17	n
195950957	2383	1488	-1.37	-0.17	n
195960957	2383	1488	-1.37	-0.17	n
195970957	2384	1488	-1.45	-0.17	n
195980957	2383	1488	-1.37	-0.17	n
195990957	2383	1488	-1.37	-0.17	n
196000957	2384	1488	-1.45	-0.17	n
196010957	2383	1488	-1.37	-0.17	n
196020957	2383	1488	-1.37	-0.17	n
196030957	2381	1488	-1.20	-0.17	n
196040957	2383	1488	-1.37	-0.17	n
196050957	2383	1488	-1.37	-0.17	n
196060957	2381	1488	-1.20	-0.17	n
196070957	2381	1488	-1.20	-0.17	n
196080956	2381	1488	-1.20	-0.17	n
196090956	2382	1488	-1.28	-0.17	n
196100956	2382	1488	-1.28	-0.17	n
196110956	2382	1488	-1.28	-0.17	n
196120956	2383	1488	-1.37	-0.17	n
196130956	2383	1488	-1.37	-0.17	n
196140956	2383	1488	-1.37	-0.17	n
196150956	2382	1488	-1.28	-0.17	n
196160956	2383	1488	-1.37	-0.17	n
196170956	2384	1488	-1.45	-0.17	n
196180956	2381	1488	-1.20	-0.17	n
196190956	2383	1488	-1.37	-0.17	n
196200956	2382	1488	-1.28	-0.17	n
196210956	2384	1488	-1.45	-0.17	n
196220956	2384	1488	-1.45	-0.17	n
196230956	2382	1488	-1.28	-0.17	n
196240956	2382	1489	-1.28	-0.25	n
196250956	2382	1488	-1.28	-0.17	n
196260956	2384	1489	-1.45	-0.25	n
196270956	2383	1488	-1.37	-0.17	n
196280956	2384	1488	-1.45	-0.17	n
196290956	2382	1488	-1.28	-0.17	n
196300956	2383	1488	-1.37	-0.17	n
196310956	2383	1488	-1.37	-0.17	n
196320955	2384	1488	-1.45	-0.17	n
196330954	2382	1488	-1.28	-0.17	n
196340954	2384	1488	-1.45	-0.17	n
196350954	2381	1488	-1.20	-0.17	n
196360954	2384	1488	-1.45	-0.17	Location:lat:35.504286lon:139.465192;;Date:2024/12/8;;Time:05:46:10:00;;
196370954	2383	1488	-1.37	-0.17	n
196380954	2381	1488	-1.20	-0.17	n
196390954	2383	1488	-1.37	-0.17	n
196400954	2383	1488	-1.37	-0.17	n
196410954	2384	1488	-1.45	-0.17	n
196420953	2381	1488	-1.20	-0.17	n
196430963	2383	1488	-1.37	-0.17	n
196440963	2383	1488	-1.37	-0.17	n
196450963	2382	1488	-1.28	-0.17	n
196460963	2384	1488	-1.45	-0.17	n
196470963	2382	1488	-1.28	-0.17	Location:lat:35.504286lon:139.465192;;Time:05:46:10:00;;
196480963	2382	1488	-1.28	-0.17	n
196490963	2383	1488	-1.37	-0.17	n
196500963	2384	1488	-1.45	-0.17	n
196510963	2384	1488	-1.45	-0.17	n
196520963	2382	1488	-1.28	-0.17	n
196530963	2384	1488	-1.45	-0.17	n
196540963	2384	1488	-1.45	-0.17	n
196550964	2383	1488	-1.37	-0.17	n
196560964	2382	1488	-1.28	-0.17	n
196570964	2383	1488	-1.37	-0.17	n
196580964	2384	1488	-1.45	-0.17	n
196590964	2384	1488	-1.45	-0.17	n
196600963	2382	1488	-1.28	-0.17	n
196610963	2383	1488	-1.37	-0.17	n
196620962	2384	1488	-1.45	-0.17	n
196630962	2382	1488	-1.28	-0.17	n
196640961	2382	1488	-1.28	-0.17	n
196650961	2383	1488	-1.37	-0.17	n
196660961	2382	1488	-1.28	-0.17	n
196670961	2384	1488	-1.45	-0.17	n
196680960	2383	1488	-1.37	-0.17	n
196690960	2383	1488	-1.37	-0.17	n
196700960	2383	1488	-1.37	-0.17	n
196710960	2383	1488	-1.37	-0.17	n
196720960	2383	1489	-1.37	-0.25	n
196730960	2383	1488	-1.37	-0.17	n
196740960	2384	1488	-1.45	-0.17	n
196750960	2384	1488	-1.45	-0.17	n
196760960	2382	1488	-1.28	-0.17	n
196770959	2384	1488	-1.45	-0.17	n
196780958	2383	1488	-1.37	-0.17	n
196790957	2384	1488	-1.45	-0.17	n
196800957	2383	1488	-1.37	-0.17	n
196810957	2383	1488	-1.37	-0.17	n
196820956	2382	1488	-1.28	-0.17	n
196830956	2383	1488	-1.37	-0.17	n
196840956	2384	1488	-1.45	-0.17	Location:lat:35.504286lon:139.465192;;Date:2024/12/8;;Time:05:46:10:00;;
196850956	2382	1487	-1.28	-0.09	n
196860956	2381	1488	-1.20	-0.17	n
196870956	2382	1488	-1.28	-0.17	n
196880956	2383	1488	-1.37	-0.17	n
196890956	2381	1488	-1.20	-0.17	n
196900955	2382	1488	-1.28	-0.17	n
196910955	2381	1488	-1.20	-0.17	n
196920955	2382	1488	-1.28	-0.17	n
196930955	2383	1488	-1.37	-0.17	n
196940955	2384	1488	-1.45	-0.17	n
196950955	2384	1488	-1.45	-0.17	n
196960955	2383	1488	-1.37	-0.17	n
196970955	2383	1488	-1.37	-0.17	n
196980955	2382	1488	-1.28	-0.17	n
196990955	2384	1488	-1.45	-0.17	n
197000955	2383	1488	-1.37	-0.17	n
197010955	2384	1488	-1.45	-0.17	n
197020955	2384	1488	-1.45	-0.17	n
197030955	2383	1488	-1.37	-0.17	n
197040955	2383	1488	-1.37	-0.17	n
197050955	2382	1488	-1.28	-0.17	n
197060955	2383	1488	-1.37	-0.17	n
197070955	2384	1488	-1.45	-0.17	n
197080955	2384	1488	-1.45	-0.17	n
197090955	2383	1488	-1.37	-0.17	n
197100955	2382	1488	-1.28	-0.17	n
197110955	2383	1488	-1.37	-0.17	n
197120955	2384	1488	-1.45	-0.17	n
197130955	2383	1488	-1.37	-0.17	n
197140955	2384	1488	-1.45	-0.17	n
197150955	2384	1488	-1.45	-0.17	n
197160955	2382	1488	-1.28	-0.17	n
197170955	2383	1488	-1.37	-0.17	n
197180955	2383	1488	-1.37	-0.17	n
197190955	2382	1488	-1.28	-0.17	n
197200955	2382	1488	-1.28	-0.17	n
197210955	2383	1488	-1.37	-0.17	n
197220955	2383	1488	-1.37	-0.17	n
197230955	2384	1488	-1.45	-0.17	n
197240955	2383	1488	-1.37	-0.17	n
197250955	2383	1488	-1.37	-0.17	n
197260955	2383	1488	-1.37	-0.17	n
197270955	2383	1488	-1.37	-0.17	n
197280955	2382	1488	-1.28	-0.17	n
197290955	2384	1488	-1.45	-0.17	n
197300955	2384	1488	-1.45	-0.17	n
197310954	2383	1488	-1.37	-0.17	n
197320953	2384	1488	-1.45	-0.17	n
197330952	2383	1488	-1.37	-0.17	n
197340952	2382	1488	-1.28	-0.17	n
197350952	2383	1488	-1.37	-0.17	n
197360951	2383	1488	-1.37	-0.17	Location:lat:35.504293lon:139.465187;;Date:2024/12/8;;Time:05:46:11:00;;
197370951	2383	1488	-1.37	-0.17	n
197380951	2384	1488	-1.45	-0.17	n
197390951	2383	1488	-1.37	-0.17	n
197400951	2384	1488	-1.45	-0.17	n
197410951	2381	1488	-1.20	-0.17	n
197420951	2383	1488	-1.37	-0.17	n
197430951	2384	1488	-1.45	-0.17	n
197440951	2383	1488	-1.37	-0.17	n
197450951	2383	1488	-1.37	-0.17	n
197460954	2381	1488	-1.20	-0.17	n
197470953	2381	1488	-1.20	-0.17	Location:lat:35.504293lon:139.465187;;Time:05:46:11:00;;
197480953	2382	1489	-1.28	-0.25	n
197490952	2382	1488	-1.28	-0.17	n
197500952	2383	1488	-1.37	-0.17	n
197510952	2384	1488	-1.45	-0.17	n
197520952	2382	1488	-1.28	-0.17	n
197530953	2384	1488	-1.45	-0.17	n
197540953	2384	1488	-1.45	-0.17	n
197550953	2382	1488	-1.28	-0.17	n
197560962	2383	1488	-1.37	-0.17	n
197570962	2383	1488	-1.37	-0.17	n
197580962	2384	1488	-1.45	-0.17	n
197590961	2381	1488	-1.20	-0.17	n
197600962	2382	1488	-1.28	-0.17	n
197610962	2382	1487	-1.28	-0.09	n
197620962	2383	1488	-1.37	-0.17	n
197630962	2384	1489	-1.45	-0.25	n
197640962	2383	1488	-1.37	-0.17	n
197650963	2383	1488	-1.37	-0.17	n
197660963	2381	1488	-1.20	-0.17	n
197670963	2382	1488	-1.28	-0.17	n
197680963	2383	1488	-1.37	-0.17	n
197690963	2383	1488	-1.37	-0.17	n
197700963	2383	1488	-1.37	-0.17	n
197710963	2382	1488	-1.28	-0.17	n
197720963	2382	1488	-1.28	-0.17	n
197730962	2383	1488	-1.37	-0.17	n
197740962	2383	1488	-1.37	-0.17	n
197750962	2382	1488	-1.28	-0.17	n
197760961	2384	1488	-1.45	-0.17	n
197770961	2382	1488	-1.28	-0.17	n
197780960	2383	1488	-1.37	-0.17	n
197790960	2379	1488	-1.03	-0.17	n
197800960	2384	1488	-1.45	-0.17	n
197810959	2383	1488	-1.37	-0.17	n
197820959	2384	1489	-1.45	-0.25	n
197830958	2383	1488	-1.37	-0.17	n
197840958	2383	1488	-1.37	-0.17	Location:lat:35.504293lon:139.465187;;Date:2024/12/8;;Time:05:46:11:00;;
197850958	2383	1488	-1.37	-0.17	n
197860957	2383	1488	-1.37	-0.17	n
197870957	2383	1488	-1.37	-0.17	n
197880957	2383	1488	-1.37	-0.17	n
197890957	2382	1488	-1.28	-0.17	n
197900957	2381	1488	-1.20	-0.17	n
197910957	2381	1488	-1.20	-0.17	n
197920956	2384	1488	-1.45	-0.17	n
197930956	2382	1488	-1.28	-0.17	n
197940956	2383	1488	-1.37	-0.17	n
197950956	2384	1488	-1.45	-0.17	n
197960956	2383	1488	-1.37	-0.17	n
197970956	2383	1488	-1.37	-0.17	n
197980956	2384	1488	-1.45	-0.17	n
197990956	2384	1488	-1.45	-0.17	n
198000956	2384	1488	-1.45	-0.17	n
198010956	2383	1488	-1.37	-0.17	n
198020956	2383	1487	-1.37	-0.09	n
198030956	2384	1488	-1.45	-0.17	n
198040956	2382	1488	-1.28	-0.17	n
198050956	2383	1488	-1.37	-0.17	n
198060956	2382	1488	-1.28	-0.17	n
198070956	2381	1488	-1.20	-0.17	n
198080956	2383	1488	-1.37	-0.17	n
198090956	2384	1488	-1.45	-0.17	n
198100956	2383	1488	-1.37	-0.17	n
198110956	2382	1488	-1.28	-0.17	n
198120956	2383	1488	-1.37	-0.17	n
198130956	2384	1488	-1.45	-0.17	n
198140956	2383	1488	-1.37	-0.17	n
198150956	2384	1489	-1.45	-0.25	n
198160956	2383	1488	-1.37	-0.17	n
198170956	2381	1488	-1.20	-0.17	n
198180956	2382	1488	-1.28	-0.17	n
198190956	2384	1488	-1.45	-0.17	n
198200956	2384	1488	-1.45	-0.17	n
198210956	2384	1488	-1.45	-0.17	n
198220956	2384	1488	-1.45	-0.17	n
198230956	2383	1488	-1.37	-0.17	n
198240956	2383	1488	-1.37	-0.17	n
198250956	2384	1488	-1.45	-0.17	n
198260956	2382	1488	-1.28	-0.17	n
198270956	2382	1488	-1.28	-0.17	n
198280956	2383	1488	-1.37	-0.17	n
198290956	2384	1488	-1.45	-0.17	n
198300956	2384	1488	-1.45	-0.17	n
198310956	2383	1488	-1.37	-0.17	n
198320956	2382	1488	-1.28	-0.17	n
198330956	2383	1488	-1.37	-0.17	n
198340956	2382	1488	-1.28	-0.17	n
198350956	2381	1488	-1.20	-0.17	n
198360955	2380	1488	-1.12	-0.17	Location:lat:35.504292lon:139.465184;;Date:2024/12/8;;Time:05:46:12:00;;
198370954	2383	1488	-1.37	-0.17	n
198380953	2382	1487	-1.28	-0.09	n
198390953	2383	1488	-1.37	-0.17	n
198400953	2384	1488	-1.45	-0.17	n
198410953	2382	1488	-1.28	-0.17	n
198420953	2384	1488	-1.45	-0.17	n
198430953	2384	1488	-1.45	-0.17	n
198440953	2382	1488	-1.28	-0.17	n
198450952	2382	1488	-1.28	-0.17	n
198460952	2383	1488	-1.37	-0.17	n
198470951	2383	1488	-1.37	-0.17	Location:lat:35.504292lon:139.465184;;Time:05:46:12:00;;
198480952	2383	1488	-1.37	-0.17	n
198490951	2383	1488	-1.37	-0.17	n
198500951	2383	1488	-1.37	-0.17	n
198510951	2383	1488	-1.37	-0.17	n
198520951	2383	1488	-1.37	-0.17	n
198530951	2383	1488	-1.37	-0.17	n
198540951	2382	1488	-1.28	-0.17	n
198550951	2383	1488	-1.37	-0.17	n
198560951	2383	1488	-1.37	-0.17	n
198570951	2383	1488	-1.37	-0.17	n
198580952	2381	1488	-1.20	-0.17	n
198590952	2384	1488	-1.45	-0.17	n
198600952	2383	1488	-1.37	-0.17	n
198610952	2382	1488	-1.28	-0.17	n
198620951	2382	1488	-1.28	-0.17	n
198630951	2384	1488	-1.45	-0.17	n
198640953	2382	1489	-1.28	-0.25	n
198650952	2383	1488	-1.37	-0.17	n
198660952	2383	1488	-1.37	-0.17	n
198670952	2383	1488	-1.37	-0.17	n
198680952	2382	1487	-1.28	-0.09	n
198690952	2382	1488	-1.28	-0.17	n
198700951	2381	1488	-1.20	-0.17	n
198710952	2382	1488	-1.28	-0.17	n
198720952	2381	1488	-1.20	-0.17	n
198730952	2382	1488	-1.28	-0.17	n
198740952	2382	1488	-1.28	-0.17	n
198750952	2382	1488	-1.28	-0.17	n
198760952	2384	1488	-1.45	-0.17	n
198770952	2384	1488	-1.45	-0.17	n
198780952	2383	1488	-1.37	-0.17	n
198790952	2383	1488	-1.37	-0.17	n
198800952	2382	1488	-1.28	-0.17	n
198810952	2383	1488	-1.37	-0.17	n
198820952	2382	1488	-1.28	-0.17	n
198830952	2383	1488	-1.37	-0.17	n
198840952	2382	1488	-1.28	-0.17	Location:lat:35.504292lon:139.465184;;Date:2024/12/8;;Time:05:46:12:00;;
198850952	2382	1488	-1.28	-0.17	n
198860952	2383	1488	-1.37	-0.17	n
198870952	2383	1488	-1.37	-0.17	n
198880952	2383	1488	-1.37	-0.17	n
198890952	2382	1488	-1.28	-0.17	n
198900952	2383	1489	-1.37	-0.25	n
198910952	2382	1488	-1.28	-0.17	n
198920952	2381	1488	-1.20	-0.17	n
198930952	2381	1488	-1.20	-0.17	n
198940952	2383	1488	-1.37	-0.17	n
198950952	2383	1488	-1.37	-0.17	n
198960952	2383	1488	-1.37	-0.17	n
198970952	2383	1488	-1.37	-0.17	n
198980952	2382	1487	-1.28	-0.09	n
198990951	2383	1488	-1.37	-0.17	n
199000951	2383	1488	-1.37	-0.17	n
199010951	2383	1488	-1.37	-0.17	n
199020951	2383	1488	-1.37	-0.17	n
199030951	2383	1487	-1.37	-0.09	n
199040951	2383	1488	-1.37	-0.17	n
199050951	2383	1488	-1.37	-0.17	n
199060951	2383	1488	-1.37	-0.17	n
199070951	2383	1488	-1.37	-0.17	n
199080951	2383	1489	-1.37	-0.25	n
199090951	2383	1488	-1.37	-0.17	n
199100951	2383	1488	-1.37	-0.17	n
199110951	2383	1488	-1.37	-0.17	n
199120951	2384	1488	-1.45	-0.17	n
199130951	2382	1488	-1.28	-0.17	n
199140951	2383	1488	-1.37	-0.17	n
199150951	2383	1488	-1.37	-0.17	n
199160951	2384	1488	-1.45	-0.17	n
199170951	2383	1488	-1.37	-0.17	n
199180951	2382	1488	-1.28	-0.17	n
199190951	2383	1488	-1.37	-0.17	n
199200951	2383	1488	-1.37	-0.17	n
199210951	2382	1488	-1.28	-0.17	n
199220951	2382	1488	-1.28	-0.17	n
199230951	2383	1488	-1.37	-0.17	n
199240951	2383	1488	-1.37	-0.17	n
199250951	2382	1488	-1.28	-0.17	n
199260951	2382	1488	-1.28	-0.17	n
199270951	2381	1488	-1.20	-0.17	n
199280951	2382	1488	-1.28	-0.17	n
199290951	2383	1488	-1.37	-0.17	n
199300950	2383	1488	-1.37	-0.17	n
199310949	2383	1488	-1.37	-0.17	n
199320949	2383	1488	-1.37	-0.17	n
199330949	2384	1488	-1.45	-0.17	n
199340948	2384	1489	-1.45	-0.25	n
199350948	2384	1488	-1.45	-0.17	n
199360948	2383	1488	-1.37	-0.17	Location:lat:35.504288lon:139.465183;;Date:2024/12/8;;Time:05:46:13:00;;
199370948	2382	1488	-1.28	-0.17	n
199380948	2383	1488	-1.37	-0.17	n
199390948	2384	1488	-1.45	-0.17	n
199400948	2383	1488	-1.37	-0.17	n
199410947	2383	1488	-1.37	-0.17	n
199420947	2382	1488	-1.28	-0.17	n
199430947	2382	1488	-1.28	-0.17	n
199440947	2384	1488	-1.45	-0.17	n
199450947	2383	1488	-1.37	-0.17	n
199460946	2383	1488	-1.37	-0.17	n
199470946	2383	1488	-1.37	-0.17	Location:lat:35.504288lon:139.465183;;Time:05:46:13:00;;
199480945	2381	1488	-1.20	-0.17	n
199490944	2384	1488	-1.45	-0.17	n
199500944	2384	1488	-1.45	-0.17	n
199510952	2383	1488	-1.37	-0.17	n
199520952	2383	1488	-1.37	-0.17	n
199530952	2382	1488	-1.28	-0.17	n
199540952	2382	1488	-1.28	-0.17	n
199550952	2382	1488	-1.28	-0.17	n
199560953	2383	1489	-1.37	-0.25	n
199570954	2383	1488	-1.37	-0.17	n
199580954	2383	1488	-1.37	-0.17	n
199590953	2383	1488	-1.37	-0.17	n
199600954	2381	1488	-1.20	-0.17	n
199610954	2384	1488	-1.45	-0.17	n
199620953	2381	1488	-1.20	-0.17	n
199630953	2382	1488	-1.28	-0.17	n
199640954	2381	1488	-1.20	-0.17	n
199650954	2382	1488	-1.28	-0.17	n
199660954	2383	1488	-1.37	-0.17	n
199670954	2383	1488	-1.37	-0.17	n
199680954	2382	1488	-1.28	-0.17	n
199690954	2384	1488	-1.45	-0.17	n
199700954	2382	1488	-1.28	-0.17	n
199710954	2384	1488	-1.45	-0.17	n
199720954	2382	1488	-1.28	-0.17	n
199730954	2384	1488	-1.45	-0.17	n
199740954	2382	1488	-1.28	-0.17	n
199750953	2383	1488	-1.37	-0.17	n
199760954	2383	1488	-1.37	-0.17	n
199770954	2384	1489	-1.45	-0.25	n
199780954	2383	1489	-1.37	-0.25	n
199790953	2382	1488	-1.28	-0.17	n
199800953	2383	1488	-1.37	-0.17	n
199810953	2384	1488	-1.45	-0.17	n
199820953	2382	1488	-1.28	-0.17	n
199830953	2383	1488	-1.37	-0.17	n
199840954	2382	1488	-1.28	-0.17	Location:lat:35.504288lon:139.465183;;Date:2024/12/8;;Time:05:46:13:00;;
199850954	2384	1488	-1.45	-0.17	n
199860954	2384	1488	-1.45	-0.17	n
199870954	2384	1488	-1.45	-0.17	n
199880954	2384	1488	-1.45	-0.17	n
199890954	2384	1488	-1.45	-0.17	n
199900954	2383	1488	-1.37	-0.17	n
199910954	2384	1488	-1.45	-0.17	n
199920954	2384	1488	-1.45	-0.17	n
199930954	2384	1488	-1.45	-0.17	n
199940954	2383	1488	-1.37	-0.17	n
199950954	2383	1489	-1.37	-0.25	n
199960954	2383	1489	-1.37	-0.25	n
199970954	2383	1488	-1.37	-0.17	n
199980954	2383	1488	-1.37	-0.17	n
199990954	2383	1488	-1.37	-0.17	n
200000954	2384	1488	-1.45	-0.17	n
200010954	2384	1488	-1.45	-0.17	n
200020954	2383	1488	-1.37	-0.17	n
200030954	2384	1488	-1.45	-0.17	n
200040954	2383	1488	-1.37	-0.17	n
200050954	2382	1488	-1.28	-0.17	n
200060954	2383	1488	-1.37	-0.17	n
200070954	2382	1488	-1.28	-0.17	n
200080954	2383	1488	-1.37	-0.17	n
200090954	2383	1488	-1.37	-0.17	n
200100954	2383	1488	-1.37	-0.17	n
200110954	2383	1488	-1.37	-0.17	n
200120954	2384	1488	-1.45	-0.17	n
200130954	2384	1488	-1.45	-0.17	n
200140954	2384	1489	-1.45	-0.25	n
200150954	2383	1488	-1.37	-0.17	n
200160954	2384	1488	-1.45	-0.17	n
200170954	2384	1488	-1.45	-0.17	n
200180954	2382	1488	-1.28	-0.17	n
200190954	2383	1488	-1.37	-0.17	n
200200954	2383	1488	-1.37	-0.17	n
200210954	2382	1488	-1.28	-0.17	n
200220954	2383	1488	-1.37	-0.17	n
200230954	2384	1488	-1.45	-0.17	n
200240954	2384	1488	-1.45	-0.17	n
200250954	2383	1488	-1.37	-0.17	n
200260954	2381	1488	-1.20	-0.17	n
200270954	2383	1488	-1.37	-0.17	n
200280954	2382	1488	-1.28	-0.17	n
200290954	2383	1488	-1.37	-0.17	n
200300954	2383	1488	-1.37	-0.17	n
200310954	2382	1488	-1.28	-0.17	n
200320954	2383	1488	-1.37	-0.17	n
200330955	2383	1488	-1.37	-0.17	n
200340955	2383	1488	-1.37	-0.17	n
200350955	2384	1488	-1.45	-0.17	n
200360955	2383	1488	-1.37	-0.17	Location:lat:35.504290lon:139.465181;;Date:2024/12/8;;Time:05:46:14:00;;
200370955	2382	1488	-1.28	-0.17	n
200380955	2382	1488	-1.28	-0.17	n
200390954	2383	1488	-1.37	-0.17	n
200400953	2384	1488	-1.45	-0.17	n
200410964	2383	1488	-1.37	-0.17	n
200420965	2383	1489	-1.37	-0.25	n
200430964	2384	1488	-1.45	-0.17	n
200440964	2382	1488	-1.28	-0.17	n
200450964	2384	1487	-1.45	-0.09	n
200460964	2382	1488	-1.28	-0.17	n
200470964	2384	1488	-1.45	-0.17	Location:lat:35.504290lon:139.465181;;Time:05:46:14:00;;
200480964	2383	1488	-1.37	-0.17	n
200490963	2383	1488	-1.37	-0.17	n
200500963	2383	1488	-1.37	-0.17	n
200510962	2383	1488	-1.37	-0.17	n
200520962	2382	1488	-1.28	-0.17	n
200530962	2383	1488	-1.37	-0.17	n
200540962	2384	1488	-1.45	-0.17	n
200550963	2383	1488	-1.37	-0.17	n
200560963	2384	1488	-1.45	-0.17	n
200570963	2383	1488	-1.37	-0.17	n
200580963	2383	1488	-1.37	-0.17	n
200590963	2384	1488	-1.45	-0.17	n
200600963	2382	1488	-1.28	-0.17	n
200610962	2384	1488	-1.45	-0.17	n
200620962	2384	1489	-1.45	-0.25	n
200630961	2384	1488	-1.45	-0.17	n
200640960	2381	1489	-1.20	-0.25	n
200650960	2382	1488	-1.28	-0.17	n
200660960	2382	1488	-1.28	-0.17	n
200670960	2382	1488	-1.28	-0.17	n
200680960	2383	1488	-1.37	-0.17	n
200690960	2383	1488	-1.37	-0.17	n
200700959	2383	1488	-1.37	-0.17	n
200710959	2383	1488	-1.37	-0.17	n
200720959	2383	1488	-1.37	-0.17	n
200730958	2382	1488	-1.28	-0.17	n
200740957	2382	1488	-1.28	-0.17	n
200750957	2384	1488	-1.45	-0.17	n
200760957	2384	1488	-1.45	-0.17	n
200770957	2383	1488	-1.37	-0.17	n
200780957	2381	1488	-1.20	-0.17	n
200790957	2382	1488	-1.28	-0.17	n
200800957	2382	1488	-1.28	-0.17	n
200810958	2383	1488	-1.37	-0.17	n
200820957	2384	1488	-1.45	-0.17	n
200830957	2381	1488	-1.20	-0.17	n
200840957	2384	1488	-1.45	-0.17	Location:lat:35.504290lon:139.465181;;Date:2024/12/8;;Time:05:46:14:00;;
200850957	2383	1488	-1.37	-0.17	n
200860957	2383	1488	-1.37	-0.17	n
200870957	2382	1488	-1.28	-0.17	n
200880957	2382	1488	-1.28	-0.17	n
200890957	2384	1488	-1.45	-0.17	n
200900957	2383	1487	-1.37	-0.09	n
200910956	2380	1488	-1.12	-0.17	n
200920956	2382	1488	-1.28	-0.17	n
200930956	2384	1488	-1.45	-0.17	n
200940956	2383	1488	-1.37	-0.17	n
200950956	2379	1487	-1.03	-0.09	n
200960955	2383	1488	-1.37	-0.17	n
200970955	2382	1488	-1.28	-0.17	n
200980955	2382	1488	-1.28	-0.17	n
200990955	2383	1488	-1.37	-0.17	n
201000955	2383	1488	-1.37	-0.17	n
201010955	2383	1488	-1.37	-0.17	n
201020955	2383	1488	-1.37	-0.17	n
201030955	2383	1488	-1.37	-0.17	n
201040955	2382	1488	-1.28	-0.17	n
201050955	2381	1488	-1.20	-0.17	n
201060955	2382	1488	-1.28	-0.17	n
201070955	2382	1488	-1.28	-0.17	n
201080955	2383	1487	-1.37	-0.09	n
201090955	2383	1488	-1.37	-0.17	n
201100955	2382	1488	-1.28	-0.17	n
201110955	2384	1488	-1.45	-0.17	n
201120955	2383	1488	-1.37	-0.17	n
201130955	2381	1488	-1.20	-0.17	n
201140955	2382	1487	-1.28	-0.09	n
201150954	2383	1488	-1.37	-0.17	n
201160954	2384	1488	-1.45	-0.17	n
201170954	2383	1488	-1.37	-0.17	n
201180954	2383	1488	-1.37	-0.17	n
201190954	2383	1488	-1.37	-0.17	n
201200954	2382	1488	-1.28	-0.17	n
201210954	2383	1488	-1.37	-0.17	n
201220954	2383	1488	-1.37	-0.17	n
201230954	2383	1488	-1.37	-0.17	n
201240954	2383	1488	-1.37	-0.17	n
201250954	2383	1489	-1.37	-0.25	n
201260954	2382	1488	-1.28	-0.17	n
201270954	2383	1488	-1.37	-0.17	n
201280954	2383	1488	-1.37	-0.17	n
201290954	2383	1488	-1.37	-0.17	n
201300954	2383	1488	-1.37	-0.17	n
201310954	2383	1488	-1.37	-0.17	n
201320954	2383	1488	-1.37	-0.17	n
201330954	2382	1488	-1.28	-0.17	n
201340954	2384	1488	-1.45	-0.17	n
201350954	2383	1488	-1.37	-0.17	n
201360954	2382	1488	-1.28	-0.17	Location:lat:35.504290lon:139.465180;;Date:2024/12/8;;Time:05:46:15:00;;
201370954	2383	1488	-1.37	-0.17	n
201380954	2381	1488	-1.20	-0.17	n
201390954	2383	1488	-1.37	-0.17	n
201400954	2384	1488	-1.45	-0.17	n
201410954	2383	1488	-1.37	-0.17	n
201420954	2382	1488	-1.28	-0.17	n
201430953	2383	1488	-1.37	-0.17	n
201440952	2381	1488	-1.20	-0.17	n
201450951	2383	1488	-1.37	-0.17	n
201460951	2382	1488	-1.28	-0.17	n
201470951	2383	1488	-1.37	-0.17	Location:lat:35.504290lon:139.465180;;Time:05:46:15:00;;
201480950	2384	1488	-1.45	-0.17	n
201490950	2382	1488	-1.28	-0.17	n
201500951	2384	1488	-1.45	-0.17	n
201510951	2384	1488	-1.45	-0.17	n
201520951	2383	1488	-1.37	-0.17	n
201530951	2383	1489	-1.37	-0.25	n
201540951	2383	1489	-1.37	-0.25	n
201550951	2383	1488	-1.37	-0.17	n
201560951	2384	1488	-1.45	-0.17	n
201570951	2384	1488	-1.45	-0.17	n
201580951	2383	1488	-1.37	-0.17	n
201590951	2382	1488	-1.28	-0.17	n
201600950	2383	1488	-1.37	-0.17	n
201610951	2383	1488	-1.37	-0.17	n
201620951	2383	1488	-1.37	-0.17	n
201630951	2383	1488	-1.37	-0.17	n
201640950	2383	1488	-1.37	-0.17	n
201650951	2383	1488	-1.37	-0.17	n
201660951	2382	1488	-1.28	-0.17	n
201670951	2382	1488	-1.28	-0.17	n
201680950	2383	1488	-1.37	-0.17	n
201690950	2382	1488	-1.28	-0.17	n
201700950	2382	1488	-1.28	-0.17	n
201710950	2383	1488	-1.37	-0.17	n
201720959	2384	1488	-1.45	-0.17	n
201730958	2382	1488	-1.28	-0.17	n
201740958	2384	1488	-1.45	-0.17	n
201750957	2384	1489	-1.45	-0.25	n
201760957	2383	1488	-1.37	-0.17	n
201770957	2382	1488	-1.28	-0.17	n
201780957	2382	1488	-1.28	-0.17	n
201790957	2383	1488	-1.37	-0.17	n
201800957	2381	1488	-1.20	-0.17	n
201810957	2381	1488	-1.20	-0.17	n
201820956	2382	1488	-1.28	-0.17	n
201830956	2383	1487	-1.37	-0.09	n
201840956	2383	1489	-1.37	-0.25	Location:lat:35.504290lon:139.465180;;Date:2024/12/8;;Time:05:46:15:00;;
201850956	2383	1488	-1.37	-0.17	n
201860956	2382	1488	-1.28	-0.17	n
201870956	2381	1488	-1.20	-0.17	n
201880955	2383	1488	-1.37	-0.17	n
201890955	2383	1488	-1.37	-0.17	n
201900955	2381	1488	-1.20	-0.17	n
201910955	2383	1488	-1.37	-0.17	n
201920955	2383	1488	-1.37	-0.17	n
201930955	2383	1488	-1.37	-0.17	n
201940955	2383	1488	-1.37	-0.17	n
201950955	2381	1488	-1.20	-0.17	n
201960955	2382	1488	-1.28	-0.17	n
201970955	2381	1488	-1.20	-0.17	n
201980955	2383	1488	-1.37	-0.17	n
201990955	2381	1488	-1.20	-0.17	n
202000955	2383	1488	-1.37	-0.17	n
202010955	2383	1488	-1.37	-0.17	n
202020955	2383	1488	-1.37	-0.17	n
202030955	2381	1488	-1.20	-0.17	n
202040955	2381	1488	-1.20	-0.17	n
202050954	2383	1488	-1.37	-0.17	n
202060954	2381	1488	-1.20	-0.17	n
202070954	2383	1488	-1.37	-0.17	n
202080954	2383	1488	-1.37	-0.17	n
202090954	2383	1488	-1.37	-0.17	n
202100954	2383	1488	-1.37	-0.17	n
202110954	2381	1488	-1.20	-0.17	n
202120953	2383	1488	-1.37	-0.17	n
202130954	2382	1488	-1.28	-0.17	n
202140954	2383	1488	-1.37	-0.17	n
202150954	2383	1488	-1.37	-0.17	n
202160954	2379	1488	-1.03	-0.17	n
202170954	2383	1488	-1.37	-0.17	n
202180954	2382	1488	-1.28	-0.17	n
202190954	2382	1488	-1.28	-0.17	n
202200954	2383	1488	-1.37	-0.17	n
202210954	2383	1488	-1.37	-0.17	n
202220954	2382	1487	-1.28	-0.09	n
202230953	2382	1488	-1.28	-0.17	n
202240953	2384	1488	-1.45	-0.17	n
202250954	2383	1488	-1.37	-0.17	n
202260954	2381	1488	-1.20	-0.17	n
202270954	2381	1488	-1.20	-0.17	n
202280954	2381	1488	-1.20	-0.17	n
202290954	2383	1490	-1.37	-0.33	n
202300954	2382	1488	-1.28	-0.17	n
202310954	2383	1488	-1.37	-0.17	n
202320954	2383	1488	-1.37	-0.17	n
202330954	2382	1488	-1.28	-0.17	n
202340954	2381	1487	-1.20	-0.09	n
202350954	2383	1488	-1.37	-0.17	n
202360954	2383	1488	-1.37	-0.17	Location:lat:35.504288lon:139.465178;;Date:2024/12/8;;Time:05:46:16:00;;
202370954	2382	1488	-1.28	-0.17	n
202380954	2382	1488	-1.28	-0.17	n
202390953	2382	1488	-1.28	-0.17	n
202400953	2382	1488	-1.28	-0.17	n
202410953	2382	1488	-1.28	-0.17	n
202420961	2381	1487	-1.20	-0.09	n
202430960	2382	1488	-1.28	-0.17	n
202440959	2382	1488	-1.28	-0.17	n
202450959	2381	1488	-1.20	-0.17	n
202460959	2381	1488	-1.20	-0.17	n
202470958	2382	1488	-1.28	-0.17	Location:lat:35.504288lon:139.465178;;Time:05:46:16:00;;
202480957	2381	1488	-1.20	-0.17	n
202490957	2383	1488	-1.37	-0.17	n
202500957	2380	1488	-1.12	-0.17	n
202510957	2381	1488	-1.20	-0.17	n
202520957	2382	1488	-1.28	-0.17	n
202530957	2382	1488	-1.28	-0.17	n
202540957	2382	1487	-1.28	-0.09	n
202550957	2381	1488	-1.20	-0.17	n
202560957	2382	1488	-1.28	-0.17	n
202570956	2382	1488	-1.28	-0.17	n
202580956	2382	1488	-1.28	-0.17	n
202590956	2383	1487	-1.37	-0.09	n
202600956	2384	1488	-1.45	-0.17	n
202610956	2383	1488	-1.37	-0.17	n
202620956	2383	1488	-1.37	-0.17	n
202630956	2384	1488	-1.45	-0.17	n
202640956	2379	1488	-1.03	-0.17	n
202650956	2383	1488	-1.37	-0.17	n
202660956	2382	1488	-1.28	-0.17	n
202670956	2382	1488	-1.28	-0.17	n
202680955	2381	1488	-1.20	-0.17	n
202690955	2381	1488	-1.20	-0.17	n
202700954	2382	1488	-1.28	-0.17	n
202710954	2382	1488	-1.28	-0.17	n
202720955	2382	1488	-1.28	-0.17	n
202730955	2381	1488	-1.20	-0.17	n
202740954	2382	1488	-1.28	-0.17	n
202750954	2382	1488	-1.28	-0.17	n
202760954	2384	1488	-1.45	-0.17	n
202770954	2381	1488	-1.20	-0.17	n
202780954	2383	1488	-1.37	-0.17	n
202790955	2383	1488	-1.37	-0.17	n
202800954	2382	1488	-1.28	-0.17	n
202810954	2382	1488	-1.28	-0.17	n
202820954	2382	1488	-1.28	-0.17	n
202830954	2381	1488	-1.20	-0.17	n
202840954	2384	1488	-1.45	-0.17	Location:lat:35.504288lon:139.465178;;Date:2024/12/8;;Time:05:46:16:00;;
202850954	2381	1488	-1.20	-0.17	n
202860954	2383	1488	-1.37	-0.17	n
202870954	2383	1488	-1.37	-0.17	n
202880954	2383	1488	-1.37	-0.17	n
202890954	2383	1488	-1.37	-0.17	n
202900954	2382	1488	-1.28	-0.17	n
202910954	2382	1488	-1.28	-0.17	n
202920954	2384	1488	-1.45	-0.17	n
202930954	2383	1488	-1.37	-0.17	n
202940954	2382	1488	-1.28	-0.17	n
202950954	2382	1488	-1.28	-0.17	n
202960954	2382	1487	-1.28	-0.09	n
202970954	2383	1488	-1.37	-0.17	n
202980954	2383	1488	-1.37	-0.17	n
202990954	2382	1488	-1.28	-0.17	n
203000954	2382	1488	-1.28	-0.17	n
203010954	2383	1488	-1.37	-0.17	n
203020954	2383	1488	-1.37	-0.17	n
203030954	2383	1489	-1.37	-0.25	n
203040954	2381	1488	-1.20	-0.17	n
203050953	2382	1488	-1.28	-0.17	n
203060953	2383	1488	-1.37	-0.17	n
203070953	2384	1488	-1.45	-0.17	n
203080953	2381	1488	-1.20	-0.17	n
203090954	2383	1488	-1.37	-0.17	n
203100954	2382	1488	-1.28	-0.17	n
203110954	2383	1488	-1.37	-0.17	n
203120954	2383	1488	-1.37	-0.17	n
203130954	2383	1488	-1.37	-0.17	n
203140954	2381	1488	-1.20	-0.17	n
203150954	2381	1488	-1.20	-0.17	n
203160954	2382	1489	-1.28	-0.25	n
203170954	2381	1488	-1.20	-0.17	n
203180954	2383	1488	-1.37	-0.17	n
203190954	2384	1489	-1.45	-0.25	n
203200954	2383	1488	-1.37	-0.17	n
203210954	2383	1488	-1.37	-0.17	n
203220954	2382	1488	-1.28	-0.17	n
203230954	2382	1488	-1.28	-0.17	n
203240954	2383	1488	-1.37	-0.17	n
203250954	2383	1488	-1.37	-0.17	n
203260954	2383	1488	-1.37	-0.17	n
203270954	2382	1488	-1.28	-0.17	n
203280954	2383	1488	-1.37	-0.17	n
203290954	2383	1488	-1.37	-0.17	n
203300953	2383	1488	-1.37	-0.17	n
203310953	2382	1488	-1.28	-0.17	n
203320954	2383	1488	-1.37	-0.17	n
203330954	2382	1488	-1.28	-0.17	n
203340953	2383	1488	-1.37	-0.17	n
203350953	2383	1488	-1.37	-0.17	n
203360953	2383	1488	-1.37	-0.17	Location:lat:35.504289lon:139.465174;;Date:2024/12/8;;Time:05:46:17:00;;
203370953	2383	1488	-1.37	-0.17	n
203380953	2382	1488	-1.28	-0.17	n
203390953	2383	1488	-1.37	-0.17	n
203400953	2382	1488	-1.28	-0.17	n
203410956	2381	1487	-1.20	-0.09	n
203420956	2383	1487	-1.37	-0.09	n
203430956	2382	1488	-1.28	-0.17	n
203440956	2382	1488	-1.28	-0.17	n
203450956	2382	1488	-1.28	-0.17	n
203460956	2382	1488	-1.28	-0.17	n
203470956	2383	1488	-1.37	-0.17	n
203480956	2383	1488	-1.37	-0.17	Location:lat:35.504289lon:139.465174;;Time:05:46:17:00;;
203490956	2382	1488	-1.28	-0.17	n
203500955	2381	1488	-1.20	-0.17	n
203510955	2384	1488	-1.45	-0.17	n
203520955	2383	1488	-1.37	-0.17	n
203530955	2382	1488	-1.28	-0.17	n
203540955	2381	1488	-1.20	-0.17	n
203550955	2382	1488	-1.28	-0.17	n
203560955	2384	1488	-1.45	-0.17	n
203570955	2381	1488	-1.20	-0.17	n
203580956	2381	1488	-1.20	-0.17	n
203590955	2384	1488	-1.45	-0.17	n
203600954	2381	1488	-1.20	-0.17	n
203610953	2382	1488	-1.28	-0.17	n
203620952	2382	1488	-1.28	-0.17	n
203630953	2383	1488	-1.37	-0.17	n
203640953	2383	1488	-1.37	-0.17	n
203650952	2384	1488	-1.45	-0.17	n
203660952	2383	1488	-1.37	-0.17	n
203670952	2384	1488	-1.45	-0.17	n
203680952	2382	1488	-1.28	-0.17	n
203690951	2382	1488	-1.28	-0.17	n
203700951	2381	1488	-1.20	-0.17	n
203710951	2384	1488	-1.45	-0.17	n
203720951	2381	1488	-1.20	-0.17	n
203730951	2383	1488	-1.37	-0.17	n
203740951	2381	1488	-1.20	-0.17	n
203750950	2381	1488	-1.20	-0.17	n
203760949	2383	1488	-1.37	-0.17	n
203770949	2381	1488	-1.20	-0.17	n
203780949	2383	1488	-1.37	-0.17	n
203790953	2383	1488	-1.37	-0.17	n
203800954	2383	1488	-1.37	-0.17	n
203810954	2383	1488	-1.37	-0.17	n
203820954	2383	1488	-1.37	-0.17	n
203830954	2383	1488	-1.37	-0.17	n
203840954	2380	1488	-1.12	-0.17	Location:lat:35.504289lon:139.465174;;Date:2024/12/8;;Time:05:46:17:00;;
203850954	2383	1488	-1.37	-0.17	n
203860954	2382	1488	-1.28	-0.17	n
203870954	2383	1488	-1.37	-0.17	n
203880954	2383	1488	-1.37	-0.17	n
203890954	2382	1488	-1.28	-0.17	n
203900954	2382	1488	-1.28	-0.17	n
203910954	2382	1488	-1.28	-0.17	n
203920954	2382	1488	-1.28	-0.17	n
203930954	2382	1488	-1.28	-0.17	n
203940954	2382	1487	-1.28	-0.09	n
203950954	2383	1488	-1.37	-0.17	n
203960954	2383	1488	-1.37	-0.17	n
203970954	2383	1488	-1.37	-0.17	n
203980954	2384	1488	-1.45	-0.17	n
203990954	2382	1488	-1.28	-0.17	n
204000954	2382	1488	-1.28	-0.17	n
204010954	2379	1488	-1.03	-0.17	n
204020954	2382	1488	-1.28	-0.17	n
204030954	2383	1488	-1.37	-0.17	n
204040954	2382	1488	-1.28	-0.17	n
204050954	2382	1488	-1.28	-0.17	n
204060954	2382	1488	-1.28	-0.17	n
204070954	2383	1488	-1.37	-0.17	n
204080954	2383	1488	-1.37	-0.17	n
204090954	2383	1488	-1.37	-0.17	n
204100954	2382	1488	-1.28	-0.17	n
204110954	2383	1488	-1.37	-0.17	n
204120954	2382	1488	-1.28	-0.17	n
204130954	2383	1488	-1.37	-0.17	n
204140954	2383	1488	-1.37	-0.17	n
204150954	2383	1488	-1.37	-0.17	n
204160954	2384	1488	-1.45	-0.17	n
204170954	2384	1488	-1.45	-0.17	n
204180954	2383	1488	-1.37	-0.17	n
204190954	2383	1488	-1.37	-0.17	n
204200954	2383	1488	-1.37	-0.17	n
204210954	2383	1488	-1.37	-0.17	n
204220954	2382	1488	-1.28	-0.17	n
204230954	2383	1488	-1.37	-0.17	n
204240954	2384	1488	-1.45	-0.17	n
204250954	2382	1488	-1.28	-0.17	n
204260954	2382	1488	-1.28	-0.17	n
204270954	2382	1488	-1.28	-0.17	n
204280954	2383	1488	-1.37	-0.17	n
204290954	2382	1488	-1.28	-0.17	n
204300954	2383	1488	-1.37	-0.17	n
204310953	2383	1488	-1.37	-0.17	n
204320952	2383	1488	-1.37	-0.17	n
204330952	2383	1488	-1.37	-0.17	n
204340952	2381	1489	-1.20	-0.25	n
204350951	2382	1488	-1.28	-0.17	n
204360952	2383	1488	-1.37	-0.17	Location:lat:35.504289lon:139.465172;;Date:2024/12/8;;Time:05:46:18:00;;
204370952	2383	1488	-1.37	-0.17	n
204380952	2383	1488	-1.37	-0.17	n
204390953	2383	1488	-1.37	-0.17	n
204400954	2382	1488	-1.28	-0.17	n
204410954	2383	1488	-1.37	-0.17	n
204420953	2382	1488	-1.28	-0.17	n
204430953	2381	1488	-1.20	-0.17	n
204440953	2381	1488	-1.20	-0.17	n
204450953	2383	1488	-1.37	-0.17	n
204460953	2384	1488	-1.45	-0.17	n
204470952	2384	1488	-1.45	-0.17	Location:lat:35.504289lon:139.465172;;Time:05:46:18:00;;
204480952	2382	1488	-1.28	-0.17	n
204490952	2383	1488	-1.37	-0.17	n
204500952	2383	1488	-1.37	-0.17	n
204510952	2383	1488	-1.37	-0.17	n
204520952	2381	1488	-1.20	-0.17	n
204530952	2383	1488	-1.37	-0.17	n
204540952	2382	1488	-1.28	-0.17	n
204550952	2381	1488	-1.20	-0.17	n
204560952	2381	1488	-1.20	-0.17	n
204570952	2384	1488	-1.45	-0.17	n
204580951	2382	1488	-1.28	-0.17	n
204590951	2383	1488	-1.37	-0.17	n
204600950	2383	1488	-1.37	-0.17	n
204610950	2383	1488	-1.37	-0.17	n
204620950	2384	1488	-1.45	-0.17	n
204630950	2382	1488	-1.28	-0.17	n
204640957	2383	1488	-1.37	-0.17	n
204650957	2383	1488	-1.37	-0.17	n
204660957	2381	1488	-1.20	-0.17	n
204670957	2381	1488	-1.20	-0.17	n
204680956	2384	1488	-1.45	-0.17	n
204690956	2383	1489	-1.37	-0.25	n
204700955	2384	1488	-1.45	-0.17	n
204710955	2382	1488	-1.28	-0.17	n
204720955	2384	1488	-1.45	-0.17	n
204730955	2384	1488	-1.45	-0.17	n
204740955	2382	1488	-1.28	-0.17	n
204750954	2383	1488	-1.37	-0.17	n
204760954	2383	1488	-1.37	-0.17	n
204770954	2384	1488	-1.45	-0.17	n
204780954	2383	1487	-1.37	-0.09	n
204790953	2382	1488	-1.28	-0.17	n
204800952	2381	1488	-1.20	-0.17	n
204810953	2383	1488	-1.37	-0.17	n
204820953	2381	1488	-1.20	-0.17	n
204830952	2381	1488	-1.20	-0.17	n
204840952	2382	1488	-1.28	-0.17	Location:lat:35.504289lon:139.465172;;Date:2024/12/8;;Time:05:46:18:00;;
204850952	2383	1488	-1.37	-0.17	n
204860952	2383	1488	-1.37	-0.17	n
204870952	2383	1488	-1.37	-0.17	n
204880952	2383	1488	-1.37	-0.17	n
204890952	2383	1489	-1.37	-0.25	n
204900952	2382	1488	-1.28	-0.17	n
204910952	2383	1488	-1.37	-0.17	n
204920952	2383	1488	-1.37	-0.17	n
204930952	2381	1488	-1.20	-0.17	n
204940952	2382	1488	-1.28	-0.17	n
204950952	2383	1488	-1.37	-0.17	n
204960952	2382	1488	-1.28	-0.17	n
204970952	2383	1488	-1.37	-0.17	n
204980952	2384	1488	-1.45	-0.17	n
204990952	2383	1488	-1.37	-0.17	n
205000952	2382	1488	-1.28	-0.17	n
205010952	2382	1487	-1.28	-0.09	n
205020952	2382	1488	-1.28	-0.17	n
205030952	2381	1488	-1.20	-0.17	n
205040952	2381	1488	-1.20	-0.17	n
205050952	2382	1488	-1.28	-0.17	n
205060952	2383	1488	-1.37	-0.17	n
205070952	2382	1488	-1.28	-0.17	n
205080952	2382	1488	-1.28	-0.17	n
205090952	2383	1488	-1.37	-0.17	n
205100952	2383	1488	-1.37	-0.17	n
205110952	2383	1488	-1.37	-0.17	n
205120952	2381	1488	-1.20	-0.17	n
205130952	2383	1488	-1.37	-0.17	n
205140952	2382	1488	-1.28	-0.17	n
205150952	2382	1488	-1.28	-0.17	n
205160952	2384	1488	-1.45	-0.17	n
205170952	2382	1488	-1.28	-0.17	n
205180952	2384	1488	-1.45	-0.17	n
205190952	2381	1488	-1.20	-0.17	n
205200952	2382	1488	-1.28	-0.17	n
205210952	2384	1488	-1.45	-0.17	n
205220952	2383	1488	-1.37	-0.17	n
205230952	2383	1488	-1.37	-0.17	n
205240952	2381	1488	-1.20	-0.17	n
205250952	2382	1488	-1.28	-0.17	n
205260952	2382	1488	-1.28	-0.17	n
205270952	2382	1488	-1.28	-0.17	n
205280952	2383	1488	-1.37	-0.17	n
205290952	2384	1488	-1.45	-0.17	n
205300952	2383	1488	-1.37	-0.17	n
205310952	2384	1488	-1.45	-0.17	n
205320952	2383	1488	-1.37	-0.17	n
205330952	2382	1488	-1.28	-0.17	n
205340952	2383	1488	-1.37	-0.17	n
205350952	2383	1488	-1.37	-0.17	n
205360951	2382	1488	-1.28	-0.17	Location:lat:35.504284lon:139.465174;;Date:2024/12/8;;Time:05:46:19:00;;
205370950	2382	1488	-1.28	-0.17	n
205380949	2381	1488	-1.20	-0.17	n
205390949	2383	1488	-1.37	-0.17	n
205400949	2384	1488	-1.45	-0.17	n
205410949	2383	1488	-1.37	-0.17	n
205420949	2382	1488	-1.28	-0.17	n
205430950	2383	1488	-1.37	-0.17	n
205440951	2383	1488	-1.37	-0.17	n
205450951	2383	1488	-1.37	-0.17	n
205460951	2381	1488	-1.20	-0.17	n
205470951	2383	1488	-1.37	-0.17	Location:lat:35.504284lon:139.465174;;Time:05:46:19:00;;
205480951	2378	1488	-0.95	-0.17	n
205490951	2383	1488	-1.37	-0.17	n
205500951	2383	1488	-1.37	-0.17	n
205510954	2384	1488	-1.45	-0.17	n
205520954	2382	1488	-1.28	-0.17	n
205530955	2383	1488	-1.37	-0.17	n
205540955	2382	1488	-1.28	-0.17	n
205550955	2382	1488	-1.28	-0.17	n
205560955	2382	1488	-1.28	-0.17	n
205570955	2383	1488	-1.37	-0.17	n
205580955	2382	1488	-1.28	-0.17	n
205590955	2382	1488	-1.28	-0.17	n
205600955	2383	1488	-1.37	-0.17	n
205610955	2384	1488	-1.45	-0.17	n
205620954	2383	1488	-1.37	-0.17	n
205630954	2383	1488	-1.37	-0.17	n
205640953	2381	1488	-1.20	-0.17	n
205650952	2382	1488	-1.28	-0.17	n
205660955	2381	1488	-1.20	-0.17	n
205670955	2383	1488	-1.37	-0.17	n
205680955	2384	1488	-1.45	-0.17	n
205690955	2383	1488	-1.37	-0.17	n
205700955	2383	1488	-1.37	-0.17	n
205710955	2384	1488	-1.45	-0.17	n
205720955	2384	1489	-1.45	-0.25	n
205730955	2383	1488	-1.37	-0.17	n
205740955	2383	1488	-1.37	-0.17	n
205750955	2383	1488	-1.37	-0.17	n
205760954	2383	1488	-1.37	-0.17	n
205770954	2382	1488	-1.28	-0.17	n
205780954	2383	1488	-1.37	-0.17	n
205790954	2382	1488	-1.28	-0.17	n
205800954	2384	1488	-1.45	-0.17	n
205810954	2382	1488	-1.28	-0.17	n
205820954	2384	1488	-1.45	-0.17	n
205830954	2384	1488	-1.45	-0.17	n
205840954	2383	1488	-1.37	-0.17	Location:lat:35.504284lon:139.465174;;Date:2024/12/8;;Time:05:46:19:00;;
205850954	2384	1488	-1.45	-0.17	n
205860954	2383	1488	-1.37	-0.17	n
205870954	2383	1488	-1.37	-0.17	n
205880954	2382	1488	-1.28	-0.17	n
205890954	2382	1488	-1.28	-0.17	n
205900954	2382	1488	-1.28	-0.17	n
205910954	2384	1488	-1.45	-0.17	n
205920954	2383	1488	-1.37	-0.17	n
205930954	2384	1488	-1.45	-0.17	n
205940954	2384	1488	-1.45	-0.17	n
205950954	2383	1488	-1.37	-0.17	n
205960954	2382	1488	-1.28	-0.17	n
205970954	2384	1488	-1.45	-0.17	n
205980954	2383	1488	-1.37	-0.17	n
205990954	2383	1489	-1.37	-0.25	n
206000954	2383	1488	-1.37	-0.17	n
206010954	2383	1488	-1.37	-0.17	n
206020954	2384	1489	-1.45	-0.25	n
206030954	2381	1488	-1.20	-0.17	n
206040953	2383	1488	-1.37	-0.17	n
206050954	2384	1488	-1.45	-0.17	n
206060954	2381	1488	-1.20	-0.17	n
206070954	2383	1488	-1.37	-0.17	n
206080954	2382	1488	-1.28	-0.17	n
206090954	2382	1488	-1.28	-0.17	n
206100954	2383	1488	-1.37	-0.17	n
206110954	2383	1488	-1.37	-0.17	n
206120954	2382	1488	-1.28	-0.17	n
206130954	2381	1488	-1.20	-0.17	n
206140954	2383	1488	-1.37	-0.17	n
206150954	2382	1488	-1.28	-0.17	n
206160954	2384	1488	-1.45	-0.17	n
206170954	2382	1488	-1.28	-0.17	n
206180954	2383	1488	-1.37	-0.17	n
206190954	2382	1488	-1.28	-0.17	n
206200954	2383	1488	-1.37	-0.17	n
206210954	2383	1488	-1.37	-0.17	n
206220954	2382	1488	-1.28	-0.17	n
206230954	2382	1488	-1.28	-0.17	n
206240954	2382	1489	-1.28	-0.25	n
206250954	2383	1488	-1.37	-0.17	n
206260954	2381	1488	-1.20	-0.17	n
206270954	2383	1488	-1.37	-0.17	n
206280954	2381	1488	-1.20	-0.17	n
206290953	2383	1489	-1.37	-0.25	n
206300953	2383	1488	-1.37	-0.17	n
206310954	2383	1488	-1.37	-0.17	n
206320954	2383	1488	-1.37	-0.17	n
206330954	2379	1488	-1.03	-0.17	n
206340954	2381	1488	-1.20	-0.17	n
206350954	2383	1488	-1.37	-0.17	n
206360954	2383	1488	-1.37	-0.17	Location:lat:35.504283lon:139.465172;;Date:2024/12/8;;Time:05:46:20:00;;
206370954	2383	1488	-1.37	-0.17	n
206380954	2381	1488	-1.20	-0.17	n
206390954	2384	1488	-1.45	-0.17	n
206400954	2382	1488	-1.28	-0.17	n
206410954	2382	1488	-1.28	-0.17	n
206420954	2382	1488	-1.28	-0.17	n
206430954	2384	1488	-1.45	-0.17	n
206440954	2383	1488	-1.37	-0.17	n
206450955	2383	1488	-1.37	-0.17	n
206460955	2382	1488	-1.28	-0.17	n
206470955	2383	1488	-1.37	-0.17	Location:lat:35.504283lon:139.465172;;Time:05:46:20:00;;
206480955	2382	1488	-1.28	-0.17	n
206490956	2383	1488	-1.37	-0.17	n
206500956	2383	1488	-1.37	-0.17	n
206510957	2383	1488	-1.37	-0.17	n
206520957	2383	1488	-1.37	-0.17	n
206530957	2381	1488	-1.20	-0.17	n
206540957	2383	1488	-1.37	-0.17	n
206550956	2382	1488	-1.28	-0.17	n
206560955	2382	1488	-1.28	-0.17	n
206570955	2381	1488	-1.20	-0.17	n
206580955	2384	1488	-1.45	-0.17	n
206590954	2382	1488	-1.28	-0.17	n
206600954	2383	1488	-1.37	-0.17	n
206610954	2383	1488	-1.37	-0.17	n
206620954	2383	1488	-1.37	-0.17	n
206630954	2383	1488	-1.37	-0.17	n
206640954	2384	1488	-1.45	-0.17	n
206650954	2384	1488	-1.45	-0.17	n
206660953	2383	1488	-1.37	-0.17	n
206670953	2383	1488	-1.37	-0.17	n
206680952	2383	1488	-1.37	-0.17	n
206690951	2381	1488	-1.20	-0.17	n
206700950	2384	1488	-1.45	-0.17	n
206710950	2382	1488	-1.28	-0.17	n
206720950	2383	1488	-1.37	-0.17	n
206730950	2383	1488	-1.37	-0.17	n
206740950	2381	1488	-1.20	-0.17	n
206750949	2382	1487	-1.28	-0.09	n
206760949	2381	1488	-1.20	-0.17	n
206770949	2383	1487	-1.37	-0.09	n
206780949	2383	1488	-1.37	-0.17	n
206790948	2381	1488	-1.20	-0.17	n
206800948	2383	1488	-1.37	-0.17	n
206810949	2381	1488	-1.20	-0.17	n
206820949	2382	1488	-1.28	-0.17	n
206830950	2381	1488	-1.20	-0.17	n
206840951	2382	1488	-1.28	-0.17	Location:lat:35.504283lon:139.465172;;Date:2024/12/8;;Time:05:46:20:00;;
206850951	2383	1488	-1.37	-0.17	n
206860951	2379	1488	-1.03	-0.17	n
206870950	2381	1488	-1.20	-0.17	n
206880950	2382	1488	-1.28	-0.17	n
206890951	2384	1488	-1.45	-0.17	n
206900951	2383	1488	-1.37	-0.17	n
206910951	2383	1488	-1.37	-0.17	n
206920951	2383	1488	-1.37	-0.17	n
206930951	2383	1488	-1.37	-0.17	n
206940951	2383	1488	-1.37	-0.17	n
206950951	2384	1488	-1.45	-0.17	n
206960951	2384	1488	-1.45	-0.17	n
206970951	2381	1488	-1.20	-0.17	n
206980951	2381	1488	-1.20	-0.17	n
206990951	2384	1488	-1.45	-0.17	n
207000951	2382	1489	-1.28	-0.25	n
207010951	2382	1488	-1.28	-0.17	n
207020951	2381	1487	-1.20	-0.09	n
207030950	2383	1488	-1.37	-0.17	n
207040950	2384	1488	-1.45	-0.17	n
207050951	2383	1488	-1.37	-0.17	n
207060951	2383	1488	-1.37	-0.17	n
207070951	2380	1488	-1.12	-0.17	n
207080951	2382	1488	-1.28	-0.17	n
207090951	2383	1488	-1.37	-0.17	n
207100951	2383	1488	-1.37	-0.17	n
207110951	2382	1488	-1.28	-0.17	n
207120951	2383	1488	-1.37	-0.17	n
207130951	2383	1488	-1.37	-0.17	n
207140951	2383	1488	-1.37	-0.17	n
207150951	2382	1488	-1.28	-0.17	n
207160951	2380	1488	-1.12	-0.17	n
207170951	2382	1488	-1.28	-0.17	n
207180951	2381	1488	-1.20	-0.17	n
207190951	2384	1488	-1.45	-0.17	n
207200951	2383	1488	-1.37	-0.17	n
207210951	2384	1488	-1.45	-0.17	n
207220951	2383	1488	-1.37	-0.17	n
207230951	2384	1488	-1.45	-0.17	n
207240951	2384	1488	-1.45	-0.17	n
207250951	2383	1488	-1.37	-0.17	n
207260951	2383	1488	-1.37	-0.17	n
207270951	2384	1488	-1.45	-0.17	n
207280951	2384	1488	-1.45	-0.17	n
207290951	2384	1488	-1.45	-0.17	n
207300951	2383	1488	-1.37	-0.17	n
207310951	2382	1488	-1.28	-0.17	n
207320951	2384	1488	-1.45	-0.17	n
207330951	2383	1488	-1.37	-0.17	n
207340951	2383	1487	-1.37	-0.09	n
207350951	2382	1488	-1.28	-0.17	n
207360951	2383	1488	-1.37	-0.17	Location:lat:35.504285lon:139.465172;;Date:2024/12/8;;Time:05:46:21:00;;
207370950	2383	1488	-1.37	-0.17	n
207380950	2384	1488	-1.45	-0.17	n
207390953	2383	1488	-1.37	-0.17	n
207400954	2383	1488	-1.37	-0.17	n
207410954	2384	1488	-1.45	-0.17	n
207420954	2383	1488	-1.37	-0.17	n
207430953	2382	1488	-1.28	-0.17	n
207440953	2383	1488	-1.37	-0.17	n
207450952	2384	1488	-1.45	-0.17	n
207460952	2384	1488	-1.45	-0.17	n
207470952	2383	1488	-1.37	-0.17	Location:lat:35.504285lon:139.465172;;Time:05:46:21:00;;
207480952	2381	1488	-1.20	-0.17	n
207490952	2384	1488	-1.45	-0.17	n
207500952	2384	1488	-1.45	-0.17	n
207510952	2382	1488	-1.28	-0.17	n
207520952	2383	1488	-1.37	-0.17	n
207530951	2382	1488	-1.28	-0.17	n
207540951	2382	1488	-1.28	-0.17	n
207550951	2384	1488	-1.45	-0.17	n
207560950	2383	1488	-1.37	-0.17	n
207570949	2383	1488	-1.37	-0.17	n
207580949	2382	1488	-1.28	-0.17	n
207590949	2381	1488	-1.20	-0.17	n
207600949	2383	1488	-1.37	-0.17	n
207610949	2384	1488	-1.45	-0.17	n
207620949	2382	1488	-1.28	-0.17	n
207630949	2383	1488	-1.37	-0.17	n
207640949	2384	1488	-1.45	-0.17	n
207650949	2384	1488	-1.45	-0.17	n
207660949	2384	1489	-1.45	-0.25	n
207670949	2382	1488	-1.28	-0.17	n
207680949	2384	1488	-1.45	-0.17	n
207690950	2384	1488	-1.45	-0.17	n
207700951	2384	1488	-1.45	-0.17	n
207710950	2383	1487	-1.37	-0.09	n
207720958	2382	1488	-1.28	-0.17	n
207730958	2383	1488	-1.37	-0.17	n
207740957	2384	1488	-1.45	-0.17	n
207750957	2384	1488	-1.45	-0.17	n
207760957	2383	1488	-1.37	-0.17	n
207770957	2383	1488	-1.37	-0.17	n
207780957	2383	1488	-1.37	-0.17	n
207790956	2382	1488	-1.28	-0.17	n
207800955	2383	1488	-1.37	-0.17	n
207810954	2384	1488	-1.45	-0.17	n
207820954	2384	1488	-1.45	-0.17	n
207830954	2383	1488	-1.37	-0.17	n
207840954	2381	1488	-1.20	-0.17	Location:lat:35.504285lon:139.465172;;Date:2024/12/8;;Time:05:46:21:00;;
207850954	2381	1487	-1.20	-0.09	n
207860954	2383	1488	-1.37	-0.17	n
207870954	2383	1488	-1.37	-0.17	n
207880954	2384	1488	-1.45	-0.17	n
207890954	2384	1488	-1.45	-0.17	n
207900954	2382	1488	-1.28	-0.17	n
207910954	2384	1488	-1.45	-0.17	n
207920954	2381	1488	-1.20	-0.17	n
207930954	2383	1488	-1.37	-0.17	n
207940954	2381	1488	-1.20	-0.17	n
207950954	2382	1488	-1.28	-0.17	n
207960954	2384	1488	-1.45	-0.17	n
207970954	2383	1488	-1.37	-0.17	n
207980954	2383	1488	-1.37	-0.17	n
207990954	2381	1488	-1.20	-0.17	n
208000953	2383	1488	-1.37	-0.17	n
208010953	2384	1488	-1.45	-0.17	n
208020953	2383	1488	-1.37	-0.17	n
208030953	2384	1488	-1.45	-0.17	n
208040954	2381	1488	-1.20	-0.17	n
208050954	2384	1488	-1.45	-0.17	n
208060954	2383	1488	-1.37	-0.17	n
208070954	2383	1488	-1.37	-0.17	n
208080954	2384	1488	-1.45	-0.17	n
208090954	2383	1488	-1.37	-0.17	n
208100954	2383	1488	-1.37	-0.17	n
208110954	2381	1488	-1.20	-0.17	n
208120953	2382	1488	-1.28	-0.17	n
208130954	2381	1488	-1.20	-0.17	n
208140954	2383	1488	-1.37	-0.17	n
208150954	2383	1488	-1.37	-0.17	n
208160954	2382	1488	-1.28	-0.17	n
208170954	2383	1488	-1.37	-0.17	n
208180954	2383	1488	-1.37	-0.17	n
208190954	2383	1488	-1.37	-0.17	n
208200954	2384	1488	-1.45	-0.17	n
208210954	2382	1488	-1.28	-0.17	n
208220954	2384	1488	-1.45	-0.17	n
208230954	2383	1488	-1.37	-0.17	n
208240954	2383	1488	-1.37	-0.17	n
208250954	2384	1488	-1.45	-0.17	n
208260954	2383	1488	-1.37	-0.17	n
208270954	2382	1487	-1.28	-0.09	n
208280954	2383	1488	-1.37	-0.17	n
208290955	2384	1488	-1.45	-0.17	n
208300955	2382	1488	-1.28	-0.17	n
208310954	2383	1488	-1.37	-0.17	n
208320955	2384	1488	-1.45	-0.17	n
208330955	2383	1488	-1.37	-0.17	n
208340955	2382	1488	-1.28	-0.17	n
208350956	2384	1488	-1.45	-0.17	n
208360956	2381	1488	-1.20	-0.17	Location:lat:35.504289lon:139.465170;;Date:2024/12/8;;Time:05:46:22:00;;
208370955	2381	1488	-1.20	-0.17	n
208380955	2382	1488	-1.28	-0.17	n
208390955	2382	1488	-1.28	-0.17	n
208400955	2382	1488	-1.28	-0.17	n
208410954	2382	1488	-1.28	-0.17	n
208420954	2383	1488	-1.37	-0.17	n
208430954	2383	1488	-1.37	-0.17	n
208440954	2384	1488	-1.45	-0.17	n
208450954	2383	1488	-1.37	-0.17	n
208460953	2382	1488	-1.28	-0.17	n
208470953	2383	1488	-1.37	-0.17	Location:lat:35.504289lon:139.465170;;Time:05:46:22:00;;
208480953	2383	1488	-1.37	-0.17	n
208490953	2382	1488	-1.28	-0.17	n
208500953	2382	1488	-1.28	-0.17	n
208510954	2382	1488	-1.28	-0.17	n
208520953	2383	1488	-1.37	-0.17	n
208530952	2382	1488	-1.28	-0.17	n
208540952	2383	1488	-1.37	-0.17	n
208550952	2383	1488	-1.37	-0.17	n
208560952	2383	1488	-1.37	-0.17	n
208570952	2382	1488	-1.28	-0.17	n
208580952	2383	1488	-1.37	-0.17	n
208590952	2383	1488	-1.37	-0.17	n
208600952	2380	1488	-1.12	-0.17	n
208610952	2382	1488	-1.28	-0.17	n
208620952	2383	1488	-1.37	-0.17	n
208630961	2383	1488	-1.37	-0.17	n
208640961	2383	1488	-1.37	-0.17	n
208650960	2382	1487	-1.28	-0.09	n
208660959	2381	1488	-1.20	-0.17	n
208670958	2383	1488	-1.37	-0.17	n
208680958	2381	1488	-1.20	-0.17	n
208690958	2383	1488	-1.37	-0.17	n
208700958	2382	1488	-1.28	-0.17	n
208710958	2381	1488	-1.20	-0.17	n
208720958	2383	1488	-1.37	-0.17	n
208730957	2381	1488	-1.20	-0.17	n
208740957	2382	1488	-1.28	-0.17	n
208750957	2383	1488	-1.37	-0.17	n
208760957	2383	1488	-1.37	-0.17	n
208770957	2384	1488	-1.45	-0.17	n
208780957	2383	1488	-1.37	-0.17	n
208790957	2383	1489	-1.37	-0.25	n
208800957	2383	1488	-1.37	-0.17	n
208810957	2383	1488	-1.37	-0.17	n
208820957	2383	1488	-1.37	-0.17	n
208830957	2384	1488	-1.45	-0.17	n
208840957	2383	1488	-1.37	-0.17	Location:lat:35.504289lon:139.465170;;Date:2024/12/8;;Time:05:46:22:00;;
208850957	2383	1488	-1.37	-0.17	n
208860957	2382	1488	-1.28	-0.17	n
208870957	2383	1488	-1.37	-0.17	n
208880957	2382	1488	-1.28	-0.17	n
208890957	2381	1488	-1.20	-0.17	n
208900957	2383	1488	-1.37	-0.17	n
208910957	2383	1488	-1.37	-0.17	n
208920957	2382	1488	-1.28	-0.17	n
208930957	2383	1488	-1.37	-0.17	n
208940957	2382	1488	-1.28	-0.17	n
208950957	2381	1488	-1.20	-0.17	n
208960956	2383	1488	-1.37	-0.17	n
208970956	2383	1488	-1.37	-0.17	n
208980956	2382	1488	-1.28	-0.17	n
208990956	2384	1488	-1.45	-0.17	n
209000956	2383	1488	-1.37	-0.17	n
209010956	2382	1488	-1.28	-0.17	n
209020956	2383	1488	-1.37	-0.17	n
209030956	2383	1488	-1.37	-0.17	n
209040956	2383	1488	-1.37	-0.17	n
209050956	2383	1488	-1.37	-0.17	n
209060956	2382	1488	-1.28	-0.17	n
209070956	2384	1488	-1.45	-0.17	n
209080956	2382	1488	-1.28	-0.17	n
209090956	2381	1488	-1.20	-0.17	n
209100956	2382	1488	-1.28	-0.17	n
209110956	2382	1488	-1.28	-0.17	n
209120956	2382	1487	-1.28	-0.09	n
209130956	2383	1488	-1.37	-0.17	n
209140956	2382	1488	-1.28	-0.17	n
209150956	2383	1488	-1.37	-0.17	n
209160956	2382	1488	-1.28	-0.17	n
209170956	2382	1488	-1.28	-0.17	n
209180956	2382	1488	-1.28	-0.17	n
209190956	2382	1487	-1.28	-0.09	n
209200955	2383	1488	-1.37	-0.17	n
209210955	2383	1488	-1.37	-0.17	n
209220955	2383	1488	-1.37	-0.17	n
209230955	2382	1488	-1.28	-0.17	n
209240955	2381	1488	-1.20	-0.17	n
209250954	2383	1488	-1.37	-0.17	n
209260954	2382	1488	-1.28	-0.17	n
209270954	2381	1487	-1.20	-0.09	n
209280954	2382	1488	-1.28	-0.17	n
209290955	2383	1488	-1.37	-0.17	n
209300955	2383	1488	-1.37	-0.17	n
209310955	2383	1488	-1.37	-0.17	n
209320954	2384	1488	-1.45	-0.17	n
209330954	2384	1488	-1.45	-0.17	n
209340953	2382	1488	-1.28	-0.17	n
209350953	2383	1488	-1.37	-0.17	n
209360953	2383	1488	-1.37	-0.17	Location:lat:35.504289lon:139.465172;;Date:2024/12/8;;Time:05:46:23:00;;
209370953	2381	1488	-1.20	-0.17	n
209380953	2383	1488	-1.37	-0.17	n
209390952	2383	1488	-1.37	-0.17	n
209400952	2384	1488	-1.45	-0.17	n
209410952	2384	1488	-1.45	-0.17	n
209420955	2384	1488	-1.45	-0.17	n
209430955	2383	1489	-1.37	-0.25	n
209440955	2384	1488	-1.45	-0.17	n
209450955	2383	1489	-1.37	-0.25	n
209460955	2382	1488	-1.28	-0.17	n
209470955	2384	1488	-1.45	-0.17	Location:lat:35.504289lon:139.465172;;Time:05:46:23:00;;
209480955	2384	1489	-1.45	-0.25	n
209490955	2383	1489	-1.37	-0.25	n
209500955	2383	1488	-1.37	-0.17	n
209510955	2382	1488	-1.28	-0.17	n
209520954	2384	1488	-1.45	-0.17	n
209530954	2384	1488	-1.45	-0.17	n
209540954	2383	1488	-1.37	-0.17	n
209550953	2384	1488	-1.45	-0.17	n
209560953	2382	1488	-1.28	-0.17	n
209570953	2383	1488	-1.37	-0.17	n
209580953	2383	1488	-1.37	-0.17	n
209590953	2382	1488	-1.28	-0.17	n
209600953	2383	1488	-1.37	-0.17	n
209610953	2383	1488	-1.37	-0.17	n
209620953	2383	1488	-1.37	-0.17	n
209630952	2381	1488	-1.20	-0.17	n
209640952	2382	1488	-1.28	-0.17	n
209650952	2383	1488	-1.37	-0.17	n
209660953	2383	1488	-1.37	-0.17	n
209670953	2383	1488	-1.37	-0.17	n
209680953	2381	1488	-1.20	-0.17	n
209690953	2382	1488	-1.28	-0.17	n
209700952	2382	1488	-1.28	-0.17	n
209710952	2384	1488	-1.45	-0.17	n
209720952	2381	1488	-1.20	-0.17	n
209730952	2382	1488	-1.28	-0.17	n
209740952	2384	1488	-1.45	-0.17	n
209750951	2382	1488	-1.28	-0.17	n
209760951	2381	1488	-1.20	-0.17	n
209770952	2383	1488	-1.37	-0.17	n
209780952	2382	1488	-1.28	-0.17	n
209790952	2383	1488	-1.37	-0.17	n
209800955	2379	1487	-1.03	-0.09	n
209810955	2382	1488	-1.28	-0.17	n
209820955	2383	1488	-1.37	-0.17	n
209830954	2383	1488	-1.37	-0.17	n
209840954	2383	1488	-1.37	-0.17	Location:lat:35.504289lon:139.465172;;Date:2024/12/8;;Time:05:46:23:00;;
209850954	2383	1488	-1.37	-0.17	n
209860953	2383	1488	-1.37	-0.17	n
209870953	2383	1488	-1.37	-0.17	n
209880953	2384	1488	-1.45	-0.17	n
209890953	2382	1488	-1.28	-0.17	n
209900954	2380	1487	-1.12	-0.09	n
209910954	2381	1487	-1.20	-0.09	n
209920953	2382	1488	-1.28	-0.17	n
209930953	2383	1488	-1.37	-0.17	n
209940954	2383	1488	-1.37	-0.17	n
209950954	2383	1488	-1.37	-0.17	n
209960954	2383	1488	-1.37	-0.17	n
209970954	2383	1488	-1.37	-0.17	n
209980954	2382	1487	-1.28	-0.09	n
209990954	2384	1488	-1.45	-0.17	n
210000954	2383	1488	-1.37	-0.17	n
210010954	2383	1488	-1.37	-0.17	n
210020954	2383	1488	-1.37	-0.17	n
210030954	2382	1488	-1.28	-0.17	n
210040954	2383	1488	-1.37	-0.17	n
210050954	2384	1488	-1.45	-0.17	n
210060954	2383	1488	-1.37	-0.17	n
210070954	2383	1488	-1.37	-0.17	n
210080954	2383	1488	-1.37	-0.17	n
210090954	2384	1488	-1.45	-0.17	n
210100954	2383	1488	-1.37	-0.17	n
210110954	2382	1488	-1.28	-0.17	n
210120954	2382	1488	-1.28	-0.17	n
210130954	2382	1488	-1.28	-0.17	n
210140954	2381	1487	-1.20	-0.09	n
210150954	2382	1488	-1.28	-0.17	n
210160954	2383	1488	-1.37	-0.17	n
210170954	2381	1488	-1.20	-0.17	n
210180954	2384	1488	-1.45	-0.17	n
210190954	2383	1488	-1.37	-0.17	n
210200954	2384	1488	-1.45	-0.17	n
210210954	2381	1488	-1.20	-0.17	n
210220954	2382	1488	-1.28	-0.17	n
210230954	2383	1488	-1.37	-0.17	n
210240954	2382	1488	-1.28	-0.17	n
210250954	2384	1488	-1.45	-0.17	n
210260954	2383	1488	-1.37	-0.17	n
210270954	2383	1488	-1.37	-0.17	n
210280954	2382	1488	-1.28	-0.17	n
210290954	2383	1488	-1.37	-0.17	n
210300954	2384	1488	-1.45	-0.17	n
210310954	2383	1488	-1.37	-0.17	n
210320955	2381	1488	-1.20	-0.17	n
210330955	2382	1488	-1.28	-0.17	n
210340955	2382	1488	-1.28	-0.17	n
210350955	2381	1488	-1.20	-0.17	n
210360954	2382	1488	-1.28	-0.17	Location:lat:35.504291lon:139.465173;;Date:2024/12/8;;Time:05:46:24:00;;
210370954	2382	1488	-1.28	-0.17	n
210380954	2383	1488	-1.37	-0.17	n
210390954	2381	1488	-1.20	-0.17	n
210400954	2384	1488	-1.45	-0.17	n
210410954	2383	1488	-1.37	-0.17	n
210420953	2382	1488	-1.28	-0.17	n
210430953	2383	1488	-1.37	-0.17	n
210440952	2382	1488	-1.28	-0.17	n
210450952	2383	1488	-1.37	-0.17	n
210460952	2383	1488	-1.37	-0.17	n
210470951	2382	1488	-1.28	-0.17	Location:lat:35.504291lon:139.465173;;Time:05:46:24:00;;
210480951	2382	1488	-1.28	-0.17	n
210490951	2382	1488	-1.28	-0.17	n
210500951	2384	1489	-1.45	-0.25	n
210510951	2381	1488	-1.20	-0.17	n
210520951	2383	1488	-1.37	-0.17	n
210530951	2381	1489	-1.20	-0.25	n
210540951	2383	1488	-1.37	-0.17	n
210550950	2383	1488	-1.37	-0.17	n
210560950	2384	1488	-1.45	-0.17	n
210570950	2384	1488	-1.45	-0.17	n
210580950	2384	1488	-1.45	-0.17	n
210590951	2384	1488	-1.45	-0.17	n
210600951	2382	1487	-1.28	-0.09	n
210610951	2382	1488	-1.28	-0.17	n
210620951	2383	1488	-1.37	-0.17	n
210630950	2383	1488	-1.37	-0.17	n
210640951	2383	1488	-1.37	-0.17	n
210650951	2383	1488	-1.37	-0.17	n
210660951	2382	1488	-1.28	-0.17	n
210670951	2382	1488	-1.28	-0.17	n
210680951	2383	1488	-1.37	-0.17	n
210690951	2381	1488	-1.20	-0.17	n
210700952	2383	1488	-1.37	-0.17	n
210710952	2384	1488	-1.45	-0.17	n
210720951	2383	1488	-1.37	-0.17	n
210730951	2383	1488	-1.37	-0.17	n
210740951	2382	1488	-1.28	-0.17	n
210750951	2383	1488	-1.37	-0.17	n
210760951	2383	1488	-1.37	-0.17	n
210770951	2384	1488	-1.45	-0.17	n
210780951	2383	1488	-1.37	-0.17	n
210790951	2383	1488	-1.37	-0.17	n
210800951	2384	1488	-1.45	-0.17	n
210810951	2384	1488	-1.45	-0.17	n
210820951	2382	1488	-1.28	-0.17	n
210830951	2383	1488	-1.37	-0.17	n
210840951	2383	1488	-1.37	-0.17	Location:lat:35.504291lon:139.465173;;Date:2024/12/8;;Time:05:46:24:00;;
210850951	2384	1488	-1.45	-0.17	n
210860951	2383	1488	-1.37	-0.17	n
210870951	2383	1488	-1.37	-0.17	n
210880951	2382	1488	-1.28	-0.17	n
210890951	2383	1488	-1.37	-0.17	n
210900951	2383	1488	-1.37	-0.17	n
210910951	2382	1488	-1.28	-0.17	n
210920951	2383	1488	-1.37	-0.17	n
210930951	2383	1488	-1.37	-0.17	n
210940951	2383	1489	-1.37	-0.25	n
210950951	2382	1488	-1.28	-0.17	n
210960951	2381	1488	-1.20	-0.17	n
210970951	2383	1488	-1.37	-0.17	n
210980951	2383	1488	-1.37	-0.17	n
210990951	2382	1488	-1.28	-0.17	n
211000951	2383	1488	-1.37	-0.17	n
211010951	2383	1488	-1.37	-0.17	n
211020951	2383	1488	-1.37	-0.17	n
211030951	2382	1488	-1.28	-0.17	n
211040951	2381	1488	-1.20	-0.17	n
211050951	2384	1488	-1.45	-0.17	n
211060951	2384	1488	-1.45	-0.17	n
211070951	2382	1488	-1.28	-0.17	n
211080951	2383	1488	-1.37	-0.17	n
211090951	2383	1488	-1.37	-0.17	n
211100951	2382	1488	-1.28	-0.17	n
211110951	2383	1488	-1.37	-0.17	n
211120951	2384	1488	-1.45	-0.17	n
211130951	2383	1488	-1.37	-0.17	n
211140951	2382	1488	-1.28	-0.17	n
211150951	2383	1488	-1.37	-0.17	n
211160951	2382	1488	-1.28	-0.17	n
211170951	2383	1488	-1.37	-0.17	n
211180951	2382	1488	-1.28	-0.17	n
211190951	2382	1487	-1.28	-0.09	n
211200950	2383	1488	-1.37	-0.17	n
211210950	2382	1488	-1.28	-0.17	n
211220950	2383	1488	-1.37	-0.17	n
211230950	2384	1489	-1.45	-0.25	n
211240951	2382	1488	-1.28	-0.17	n
211250951	2382	1488	-1.28	-0.17	n
211260951	2384	1488	-1.45	-0.17	n
211270951	2383	1488	-1.37	-0.17	n
211280951	2383	1488	-1.37	-0.17	n
211290951	2383	1488	-1.37	-0.17	n
211300951	2382	1488	-1.28	-0.17	n
211310951	2383	1488	-1.37	-0.17	n
211320951	2383	1488	-1.37	-0.17	n
211330951	2383	1488	-1.37	-0.17	n
211340950	2384	1489	-1.45	-0.25	n
211350950	2384	1488	-1.45	-0.17	n
211360950	2381	1488	-1.20	-0.17	Location:lat:35.504290lon:139.465175;;Date:2024/12/8;;Time:05:46:25:00;;
211370951	2382	1488	-1.28	-0.17	n
211380951	2383	1488	-1.37	-0.17	n
211390951	2384	1489	-1.45	-0.25	n
211400951	2383	1488	-1.37	-0.17	n
211410954	2383	1488	-1.37	-0.17	n
211420954	2383	1488	-1.37	-0.17	n
211430954	2383	1488	-1.37	-0.17	n
211440954	2383	1488	-1.37	-0.17	n
211450954	2383	1488	-1.37	-0.17	n
211460953	2383	1488	-1.37	-0.17	n
211470953	2383	1488	-1.37	-0.17	Location:lat:35.504290lon:139.465175;;Time:05:46:25:00;;
211480953	2384	1488	-1.45	-0.17	n
211490953	2384	1488	-1.45	-0.17	n
211500953	2382	1488	-1.28	-0.17	n
211510962	2383	1488	-1.37	-0.17	n
211520962	2384	1488	-1.45	-0.17	n
211530962	2383	1488	-1.37	-0.17	n
211540962	2383	1488	-1.37	-0.17	n
211550962	2384	1488	-1.45	-0.17	n
211560962	2383	1488	-1.37	-0.17	n
211570962	2383	1488	-1.37	-0.17	n
211580961	2384	1488	-1.45	-0.17	n
211590961	2383	1488	-1.37	-0.17	n
211600961	2384	1488	-1.45	-0.17	n
211610961	2383	1488	-1.37	-0.17	n
211620960	2384	1488	-1.45	-0.17	n
211630960	2384	1488	-1.45	-0.17	n
211640960	2383	1488	-1.37	-0.17	n
211650959	2384	1489	-1.45	-0.25	n
211660959	2384	1488	-1.45	-0.17	n
211670960	2383	1488	-1.37	-0.17	n
211680959	2384	1489	-1.45	-0.25	n
211690959	2383	1488	-1.37	-0.17	n
211700959	2383	1488	-1.37	-0.17	n
211710959	2383	1489	-1.37	-0.25	n
211720959	2384	1488	-1.45	-0.17	n
211730958	2382	1488	-1.28	-0.17	n
211740958	2382	1488	-1.28	-0.17	n
211750957	2383	1489	-1.37	-0.25	n
211760957	2383	1489	-1.37	-0.25	n
211770957	2384	1489	-1.45	-0.25	n
211780957	2383	1488	-1.37	-0.17	n
211790957	2383	1488	-1.37	-0.17	n
211800957	2382	1489	-1.28	-0.25	n
211810957	2383	1488	-1.37	-0.17	n
211820957	2382	1488	-1.28	-0.17	n
211830957	2383	1488	-1.37	-0.17	n
211840957	2383	1488	-1.37	-0.17	Location:lat:35.504290lon:139.465175;;Date:2024/12/8;;Time:05:46:25:00;;
211850957	2382	1488	-1.28	-0.17	n
211860956	2382	1488	-1.28	-0.17	n
211870956	2381	1488	-1.20	-0.17	n
211880956	2383	1488	-1.37	-0.17	n
211890956	2384	1488	-1.45	-0.17	n
211900956	2384	1488	-1.45	-0.17	n
211910956	2384	1488	-1.45	-0.17	n
211920956	2381	1488	-1.20	-0.17	n
211930955	2383	1488	-1.37	-0.17	n
211940955	2384	1488	-1.45	-0.17	n
211950955	2382	1488	-1.28	-0.17	n
211960955	2383	1488	-1.37	-0.17	n
211970955	2382	1488	-1.28	-0.17	n
211980955	2383	1488	-1.37	-0.17	n
211990955	2382	1488	-1.28	-0.17	n
212000955	2384	1488	-1.45	-0.17	n
212010955	2382	1488	-1.28	-0.17	n
212020955	2383	1489	-1.37	-0.25	n
212030955	2383	1488	-1.37	-0.17	n
212040955	2384	1488	-1.45	-0.17	n
212050955	2384	1488	-1.45	-0.17	n
212060955	2384	1488	-1.45	-0.17	n
212070955	2384	1488	-1.45	-0.17	n
212080955	2383	1488	-1.37	-0.17	n
212090955	2381	1488	-1.20	-0.17	n
212100955	2384	1488	-1.45	-0.17	n
212110955	2383	1489	-1.37	-0.25	n
212120955	2383	1488	-1.37	-0.17	n
212130955	2383	1488	-1.37	-0.17	n
212140955	2383	1488	-1.37	-0.17	n
212150955	2383	1488	-1.37	-0.17	n
212160955	2384	1488	-1.45	-0.17	n
212170955	2383	1488	-1.37	-0.17	n
212180955	2378	1488	-0.95	-0.17	n
212190955	2383	1488	-1.37	-0.17	n
212200955	2382	1488	-1.28	-0.17	n
212210955	2383	1488	-1.37	-0.17	n
212220955	2383	1489	-1.37	-0.25	n
212230955	2384	1488	-1.45	-0.17	n
212240955	2384	1488	-1.45	-0.17	n
212250955	2383	1488	-1.37	-0.17	n
212260955	2383	1488	-1.37	-0.17	n
212270955	2384	1488	-1.45	-0.17	n
212280955	2383	1488	-1.37	-0.17	n
212290955	2382	1488	-1.28	-0.17	n
212300955	2383	1488	-1.37	-0.17	n
212310955	2384	1488	-1.45	-0.17	n
212320955	2383	1488	-1.37	-0.17	n
212330964	2383	1488	-1.37	-0.17	n
212340963	2383	1488	-1.37	-0.17	n
212350962	2382	1488	-1.28	-0.17	n
212360962	2383	1489	-1.37	-0.25	Location:lat:35.504288lon:139.465174;;Date:2024/12/8;;Time:05:46:26:00;;
212370962	2382	1488	-1.28	-0.17	n
212380963	2383	1488	-1.37	-0.17	n
212390963	2382	1488	-1.28	-0.17	n
212400963	2383	1488	-1.37	-0.17	n
212410962	2383	1488	-1.37	-0.17	n
212420961	2384	1488	-1.45	-0.17	n
212430960	2382	1487	-1.28	-0.09	n
212440960	2383	1488	-1.37	-0.17	n
212450960	2383	1488	-1.37	-0.17	n
212460960	2382	1488	-1.28	-0.17	n
212470959	2382	1488	-1.28	-0.17	Location:lat:35.504288lon:139.465174;;Time:05:46:26:00;;
212480959	2383	1488	-1.37	-0.17	n
212490959	2383	1488	-1.37	-0.17	n
212500959	2382	1488	-1.28	-0.17	n
212510959	2382	1488	-1.28	-0.17	n
212520959	2382	1488	-1.28	-0.17	n
212530959	2384	1488	-1.45	-0.17	n
212540958	2383	1488	-1.37	-0.17	n
212550958	2381	1488	-1.20	-0.17	n
212560958	2382	1488	-1.28	-0.17	n
212570957	2384	1488	-1.45	-0.17	n
212580957	2384	1489	-1.45	-0.25	n
212590957	2383	1488	-1.37	-0.17	n
212600957	2383	1488	-1.37	-0.17	n
212610957	2382	1488	-1.28	-0.17	n
212620957	2382	1488	-1.28	-0.17	n
212630957	2383	1488	-1.37	-0.17	n
212640957	2382	1488	-1.28	-0.17	n
212650957	2383	1488	-1.37	-0.17	n
212660957	2384	1488	-1.45	-0.17	n
212670957	2383	1488	-1.37	-0.17	n
212680957	2382	1488	-1.28	-0.17	n
212690957	2382	1488	-1.28	-0.17	n
212700957	2382	1488	-1.28	-0.17	n
212710965	2382	1488	-1.28	-0.17	n
212720965	2382	1488	-1.28	-0.17	n
212730965	2382	1489	-1.28	-0.25	n
212740964	2383	1488	-1.37	-0.17	n
212750965	2383	1488	-1.37	-0.17	n
212760965	2381	1489	-1.20	-0.25	n
212770965	2384	1488	-1.45	-0.17	n
212780965	2382	1488	-1.28	-0.17	n
212790965	2384	1488	-1.45	-0.17	n
212800965	2382	1488	-1.28	-0.17	n
212810964	2383	1488	-1.37	-0.17	n
212820964	2382	1488	-1.28	-0.17	n
212830964	2384	1488	-1.45	-0.17	n
212840963	2383	1488	-1.37	-0.17	Location:lat:35.504288lon:139.465174;;Date:2024/12/8;;Time:05:46:26:00;;
212850963	2381	1488	-1.20	-0.17	n
212860963	2383	1488	-1.37	-0.17	n
212870963	2384	1488	-1.45	-0.17	n
212880963	2383	1488	-1.37	-0.17	n
212890963	2381	1488	-1.20	-0.17	n
212900963	2384	1488	-1.45	-0.17	n
212910963	2382	1488	-1.28	-0.17	n
212920963	2381	1488	-1.20	-0.17	n
212930963	2383	1488	-1.37	-0.17	n
212940963	2383	1488	-1.37	-0.17	n
212950963	2383	1488	-1.37	-0.17	n
212960963	2382	1488	-1.28	-0.17	n
212970963	2382	1488	-1.28	-0.17	n
212980963	2384	1488	-1.45	-0.17	n
212990963	2381	1488	-1.20	-0.17	n
213000963	2384	1488	-1.45	-0.17	n
213010963	2381	1488	-1.20	-0.17	n
213020963	2383	1488	-1.37	-0.17	n
213030963	2383	1488	-1.37	-0.17	n
213040963	2382	1488	-1.28	-0.17	n
213050963	2382	1488	-1.28	-0.17	n
213060963	2383	1488	-1.37	-0.17	n
213070963	2383	1488	-1.37	-0.17	n
213080963	2381	1488	-1.20	-0.17	n
213090963	2384	1488	-1.45	-0.17	n
213100963	2383	1488	-1.37	-0.17	n
213110963	2383	1488	-1.37	-0.17	n
213120963	2383	1488	-1.37	-0.17	n
213130963	2384	1488	-1.45	-0.17	n
213140963	2383	1488	-1.37	-0.17	n
213150963	2383	1488	-1.37	-0.17	n
213160963	2384	1488	-1.45	-0.17	n
213170963	2384	1488	-1.45	-0.17	n
213180963	2383	1488	-1.37	-0.17	n
213190963	2384	1488	-1.45	-0.17	n
213200963	2383	1488	-1.37	-0.17	n
213210963	2383	1488	-1.37	-0.17	n
213220963	2383	1488	-1.37	-0.17	n
213230963	2384	1488	-1.45	-0.17	n
213240963	2383	1488	-1.37	-0.17	n
213250963	2384	1489	-1.45	-0.25	n
213260963	2383	1488	-1.37	-0.17	n
213270963	2381	1488	-1.20	-0.17	n
213280963	2382	1488	-1.28	-0.17	n
213290964	2384	1489	-1.45	-0.25	n
213300963	2384	1489	-1.45	-0.25	n
213310964	2384	1488	-1.45	-0.17	n
213320963	2382	1488	-1.28	-0.17	n
213330962	2383	1488	-1.37	-0.17	n
213340962	2382	1488	-1.28	-0.17	n
213350962	2383	1488	-1.37	-0.17	n
213360962	2384	1488	-1.45	-0.17	Location:lat:35.504286lon:139.465173;;Date:2024/12/8;;Time:05:46:27:00;;
213370962	2384	1488	-1.45	-0.17	n
213380962	2383	1488	-1.37	-0.17	n
213390962	2384	1488	-1.45	-0.17	n
213400963	2383	1488	-1.37	-0.17	n
213410963	2384	1488	-1.45	-0.17	n
213420963	2383	1488	-1.37	-0.17	n
213430972	2383	1488	-1.37	-0.17	n
213440971	2384	1489	-1.45	-0.25	n
213450970	2383	1488	-1.37	-0.17	n
213460970	2383	1488	-1.37	-0.17	n
213470970	2384	1488	-1.45	-0.17	Location:lat:35.504286lon:139.465173;;Time:05:46:27:00;;
213480969	2383	1488	-1.37	-0.17	n
213490968	2383	1489	-1.37	-0.25	n
213500967	2383	1488	-1.37	-0.17	n
213510967	2382	1488	-1.28	-0.17	n
213520966	2384	1489	-1.45	-0.25	n
213530965	2382	1488	-1.28	-0.17	n
213540965	2384	1488	-1.45	-0.17	n
213550966	2383	1488	-1.37	-0.17	n
213560966	2384	1488	-1.45	-0.17	n
213570966	2383	1488	-1.37	-0.17	n
213580965	2384	1488	-1.45	-0.17	n
213590965	2384	1488	-1.45	-0.17	n
213600965	2384	1489	-1.45	-0.25	n
213610965	2384	1488	-1.45	-0.17	n
213620965	2384	1488	-1.45	-0.17	n
213630965	2383	1489	-1.37	-0.25	n
213640965	2384	1488	-1.45	-0.17	n
213650964	2384	1488	-1.45	-0.17	n
213660964	2383	1488	-1.37	-0.17	n
213670964	2384	1488	-1.45	-0.17	n
213680964	2384	1488	-1.45	-0.17	n
213690964	2384	1488	-1.45	-0.17	n
213700964	2384	1488	-1.45	-0.17	n
213710964	2381	1487	-1.20	-0.09	n
213720964	2383	1488	-1.37	-0.17	n
213730964	2384	1488	-1.45	-0.17	n
213740964	2383	1488	-1.37	-0.17	n
213750964	2383	1488	-1.37	-0.17	n
213760964	2384	1488	-1.45	-0.17	n
213770964	2383	1488	-1.37	-0.17	n
213780965	2383	1488	-1.37	-0.17	n
213790965	2383	1488	-1.37	-0.17	n
213800964	2383	1488	-1.37	-0.17	n
213810963	2382	1488	-1.28	-0.17	n
213820963	2384	1488	-1.45	-0.17	n
213830964	2383	1488	-1.37	-0.17	n
213840964	2383	1489	-1.37	-0.25	Location:lat:35.504286lon:139.465173;;Date:2024/12/8;;Time:05:46:27:00;;
213850964	2383	1490	-1.37	-0.33	n
213860963	2384	1488	-1.45	-0.17	n
213870963	2383	1488	-1.37	-0.17	n
213880963	2384	1488	-1.45	-0.17	n
213890963	2383	1488	-1.37	-0.17	n
213900963	2384	1488	-1.45	-0.17	n
213910963	2384	1488	-1.45	-0.17	n
213920963	2384	1488	-1.45	-0.17	n
213930963	2384	1488	-1.45	-0.17	n
213940963	2383	1488	-1.37	-0.17	n
213950963	2383	1488	-1.37	-0.17	n
213960963	2382	1488	-1.28	-0.17	n
213970963	2384	1488	-1.45	-0.17	n
213980963	2384	1488	-1.45	-0.17	n
213990963	2384	1488	-1.45	-0.17	n
214000963	2383	1488	-1.37	-0.17	n
214010963	2384	1488	-1.45	-0.17	n
214020963	2383	1488	-1.37	-0.17	n
214030963	2383	1488	-1.37	-0.17	n
214040963	2384	1489	-1.45	-0.25	n
214050963	2381	1488	-1.20	-0.17	n
214060963	2383	1488	-1.37	-0.17	n
214070963	2382	1489	-1.28	-0.25	n
214080963	2383	1488	-1.37	-0.17	n
214090963	2383	1488	-1.37	-0.17	n
214100963	2383	1488	-1.37	-0.17	n
214110963	2381	1488	-1.20	-0.17	n
214120963	2382	1488	-1.28	-0.17	n
214130963	2384	1488	-1.45	-0.17	n
214140963	2383	1488	-1.37	-0.17	n
214150963	2384	1488	-1.45	-0.17	n
214160963	2383	1488	-1.37	-0.17	n
214170963	2382	1488	-1.28	-0.17	n
214180963	2383	1488	-1.37	-0.17	n
214190963	2382	1489	-1.28	-0.25	n
214200963	2384	1488	-1.45	-0.17	n
214210963	2383	1488	-1.37	-0.17	n
214220963	2381	1487	-1.20	-0.09	n
214230962	2381	1488	-1.20	-0.17	n
214240962	2382	1488	-1.28	-0.17	n
214250962	2383	1488	-1.37	-0.17	n
214260962	2382	1489	-1.28	-0.25	n
214270962	2383	1488	-1.37	-0.17	n
214280962	2382	1488	-1.28	-0.17	n
214290962	2384	1488	-1.45	-0.17	n
214300962	2383	1488	-1.37	-0.17	n
214310962	2383	1488	-1.37	-0.17	n
214320961	2382	1488	-1.28	-0.17	n
214330960	2382	1489	-1.28	-0.25	n
214340960	2383	1488	-1.37	-0.17	n
214350960	2384	1488	-1.45	-0.17	n
214360960	2384	1488	-1.45	-0.17	Location:lat:35.504283lon:139.465177;;Date:2024/12/8;;Time:05:46:28:00;;
214370960	2383	1488	-1.37	-0.17	n
214380960	2383	1488	-1.37	-0.17	n
214390960	2384	1488	-1.45	-0.17	n
214400960	2384	1488	-1.45	-0.17	n
214410960	2383	1488	-1.37	-0.17	n
214420959	2384	1488	-1.45	-0.17	n
214430959	2382	1488	-1.28	-0.17	n
214440959	2383	1488	-1.37	-0.17	n
214450959	2382	1488	-1.28	-0.17	n
214460959	2384	1488	-1.45	-0.17	n
214470959	2383	1488	-1.37	-0.17	Location:lat:35.504283lon:139.465177;;Time:05:46:28:00;;
214480959	2382	1488	-1.28	-0.17	n
214490959	2383	1488	-1.37	-0.17	n
214500960	2382	1488	-1.28	-0.17	n
214510960	2383	1489	-1.37	-0.25	n
214520960	2382	1488	-1.28	-0.17	n
214530960	2383	1488	-1.37	-0.17	n
214540960	2384	1489	-1.45	-0.25	n
214550959	2383	1488	-1.37	-0.17	n
214560959	2383	1488	-1.37	-0.17	n
214570959	2384	1488	-1.45	-0.17	n
214580959	2383	1488	-1.37	-0.17	n
214590958	2383	1488	-1.37	-0.17	n
214600957	2384	1488	-1.45	-0.17	n
214610958	2383	1488	-1.37	-0.17	n
214620958	2384	1488	-1.45	-0.17	n
214630958	2384	1488	-1.45	-0.17	n
214640958	2384	1488	-1.45	-0.17	n
214650958	2383	1488	-1.37	-0.17	n
214660958	2384	1488	-1.45	-0.17	n
214670958	2383	1488	-1.37	-0.17	n
214680957	2383	1488	-1.37	-0.17	n
214690957	2382	1488	-1.28	-0.17	n
214700957	2384	1488	-1.45	-0.17	n
214710957	2384	1489	-1.45	-0.25	n
214720957	2383	1488	-1.37	-0.17	n
214730957	2384	1488	-1.45	-0.17	n
214740957	2383	1488	-1.37	-0.17	n
214750957	2384	1488	-1.45	-0.17	n
214760957	2384	1488	-1.45	-0.17	n
214770957	2384	1488	-1.45	-0.17	n
214780957	2383	1488	-1.37	-0.17	n
214790966	2383	1488	-1.37	-0.17	n
214800966	2384	1488	-1.45	-0.17	n
214810965	2384	1488	-1.45	-0.17	n
214820964	2384	1488	-1.45	-0.17	n
214830963	2384	1488	-1.45	-0.17	n
214840963	2383	1489	-1.37	-0.25	Location:lat:35.504283lon:139.465177;;Date:2024/12/8;;Time:05:46:28:00;;
214850963	2384	1488	-1.45	-0.17	n
214860963	2382	1488	-1.28	-0.17	n
214870963	2383	1488	-1.37	-0.17	n
214880963	2383	1488	-1.37	-0.17	n
214890963	2384	1488	-1.45	-0.17	n
214900963	2383	1488	-1.37	-0.17	n
214910963	2383	1488	-1.37	-0.17	n
214920963	2384	1488	-1.45	-0.17	n
214930963	2384	1488	-1.45	-0.17	n
214940963	2384	1488	-1.45	-0.17	n
214950963	2384	1488	-1.45	-0.17	n
214960963	2383	1488	-1.37	-0.17	n
214970963	2384	1488	-1.45	-0.17	n
214980963	2383	1488	-1.37	-0.17	n
214990963	2383	1488	-1.37	-0.17	n
215000963	2384	1488	-1.45	-0.17	n
215010963	2382	1488	-1.28	-0.17	n
215020963	2383	1488	-1.37	-0.17	n
215030963	2383	1488	-1.37	-0.17	n
215040963	2384	1488	-1.45	-0.17	n
215050963	2381	1488	-1.20	-0.17	n
215060963	2382	1488	-1.28	-0.17	n
215070963	2384	1488	-1.45	-0.17	n
215080963	2383	1488	-1.37	-0.17	n
215090963	2384	1489	-1.45	-0.25	n
215100963	2384	1489	-1.45	-0.25	n
215110963	2384	1488	-1.45	-0.17	n
215120963	2384	1489	-1.45	-0.25	n
215130963	2382	1488	-1.28	-0.17	n
215140963	2383	1489	-1.37	-0.25	n
215150963	2384	1488	-1.45	-0.17	n
215160963	2384	1488	-1.45	-0.17	n
215170963	2382	1488	-1.28	-0.17	n
215180963	2384	1488	-1.45	-0.17	n
215190963	2384	1488	-1.45	-0.17	n
215200963	2383	1488	-1.37	-0.17	n
215210963	2383	1488	-1.37	-0.17	n
215220963	2384	1488	-1.45	-0.17	n
215230963	2383	1488	-1.37	-0.17	n
215240963	2381	1488	-1.20	-0.17	n
215250963	2383	1488	-1.37	-0.17	n
215260963	2384	1488	-1.45	-0.17	n
215270963	2384	1488	-1.45	-0.17	n
215280963	2383	1488	-1.37	-0.17	n
215290963	2384	1488	-1.45	-0.17	n
215300963	2384	1488	-1.45	-0.17	n
215310962	2384	1488	-1.45	-0.17	n
215320962	2383	1488	-1.37	-0.17	n
215330962	2384	1488	-1.45	-0.17	n
215340961	2383	1488	-1.37	-0.17	n
215350961	2383	1488	-1.37	-0.17	n
215360962	2383	1488	-1.37	-0.17	Location:lat:35.504285lon:139.465175;;Date:2024/12/8;;Time:05:46:29:00;;
215370962	2384	1488	-1.45	-0.17	n
215380962	2384	1488	-1.45	-0.17	n
215390962	2384	1488	-1.45	-0.17	n
215400962	2383	1488	-1.37	-0.17	n
215410961	2383	1488	-1.37	-0.17	n
215420960	2384	1488	-1.45	-0.17	n
215430960	2383	1488	-1.37	-0.17	n
215440960	2384	1488	-1.45	-0.17	n
215450959	2384	1488	-1.45	-0.17	n
215460960	2384	1488	-1.45	-0.17	n
215470960	2383	1488	-1.37	-0.17	Location:lat:35.504285lon:139.465175;;Time:05:46:29:00;;
215480960	2383	1488	-1.37	-0.17	n
215490959	2383	1488	-1.37	-0.17	n
215500959	2383	1488	-1.37	-0.17	n
215510958	2384	1488	-1.45	-0.17	n
215520958	2384	1488	-1.45	-0.17	n
215530958	2383	1489	-1.37	-0.25	n
215540958	2382	1489	-1.28	-0.25	n
215550958	2384	1488	-1.45	-0.17	n
215560958	2383	1488	-1.37	-0.17	n
215570958	2383	1488	-1.37	-0.17	n
215580958	2383	1488	-1.37	-0.17	n
215590958	2383	1488	-1.37	-0.17	n
215600957	2382	1488	-1.28	-0.17	n
215610957	2383	1488	-1.37	-0.17	n
215620957	2383	1489	-1.37	-0.25	n
215630957	2384	1488	-1.45	-0.17	n
215640956	2384	1488	-1.45	-0.17	n
215650955	2383	1489	-1.37	-0.25	n
215660955	2384	1489	-1.45	-0.25	n
215670955	2384	1488	-1.45	-0.17	n
215680954	2383	1488	-1.37	-0.17	n
215690954	2382	1488	-1.28	-0.17	n
215700953	2383	1488	-1.37	-0.17	n
215710953	2383	1488	-1.37	-0.17	n
215720953	2383	1488	-1.37	-0.17	n
215730953	2383	1488	-1.37	-0.17	n
215740954	2383	1488	-1.37	-0.17	n
215750953	2383	1488	-1.37	-0.17	n
215760954	2383	1489	-1.37	-0.25	n
215770954	2381	1488	-1.20	-0.17	n
215780954	2383	1489	-1.37	-0.25	n
215790954	2383	1488	-1.37	-0.17	n
215800954	2382	1488	-1.28	-0.17	n
215810963	2383	1489	-1.37	-0.25	n
215820962	2383	1488	-1.37	-0.17	n
215830961	2384	1489	-1.45	-0.25	n
215840961	2384	1488	-1.45	-0.17	Location:lat:35.504285lon:139.465175;;Date:2024/12/8;;Time:05:46:29:00;;
215850962	2383	1488	-1.37	-0.17	n
215860962	2383	1488	-1.37	-0.17	n
215870962	2383	1488	-1.37	-0.17	n
215880962	2382	1488	-1.28	-0.17	n
215890962	2384	1488	-1.45	-0.17	n
215900962	2382	1489	-1.28	-0.25	n
215910962	2383	1488	-1.37	-0.17	n
215920962	2384	1488	-1.45	-0.17	n
215930962	2383	1488	-1.37	-0.17	n
215940962	2382	1488	-1.28	-0.17	n
215950962	2383	1488	-1.37	-0.17	n
215960962	2383	1488	-1.37	-0.17	n
215970962	2383	1488	-1.37	-0.17	n
215980962	2383	1488	-1.37	-0.17	n
215990962	2384	1488	-1.45	-0.17	n
216000962	2381	1488	-1.20	-0.17	n
216010961	2384	1488	-1.45	-0.17	n
216020961	2382	1488	-1.28	-0.17	n
216030961	2381	1488	-1.20	-0.17	n
216040961	2383	1488	-1.37	-0.17	n
216050962	2384	1488	-1.45	-0.17	n
216060962	2384	1488	-1.45	-0.17	n
216070962	2382	1488	-1.28	-0.17	n
216080962	2383	1489	-1.37	-0.25	n
216090962	2384	1488	-1.45	-0.17	n
216100962	2383	1488	-1.37	-0.17	n
216110962	2383	1488	-1.37	-0.17	n
216120962	2383	1488	-1.37	-0.17	n
216130962	2382	1488	-1.28	-0.17	n
216140962	2384	1488	-1.45	-0.17	n
216150962	2383	1488	-1.37	-0.17	n
216160962	2384	1488	-1.45	-0.17	n
216170962	2384	1488	-1.45	-0.17	n
216180962	2383	1489	-1.37	-0.25	n
216190962	2382	1488	-1.28	-0.17	n
216200962	2383	1488	-1.37	-0.17	n
216210962	2384	1488	-1.45	-0.17	n
216220962	2384	1488	-1.45	-0.17	n
216230962	2383	1488	-1.37	-0.17	n
216240962	2383	1488	-1.37	-0.17	n
216250962	2383	1488	-1.37	-0.17	n
216260962	2384	1488	-1.45	-0.17	n
216270962	2382	1488	-1.28	-0.17	n
216280962	2383	1488	-1.37	-0.17	n
216290962	2383	1488	-1.37	-0.17	n
216300962	2384	1488	-1.45	-0.17	n
216310962	2384	1488	-1.45	-0.17	n
216320962	2382	1488	-1.28	-0.17	n
216330962	2383	1488	-1.37	-0.17	n
216340962	2383	1488	-1.37	-0.17	n
216350962	2383	1488	-1.37	-0.17	n
216360961	2383	1488	-1.37	-0.17	Location:lat:35.504284lon:139.465178;;Date:2024/12/8;;Time:05:46:30:00;;
216370961	2384	1488	-1.45	-0.17	n
216380961	2383	1488	-1.37	-0.17	n
216390961	2384	1488	-1.45	-0.17	n
216400961	2383	1488	-1.37	-0.17	n
216410961	2384	1489	-1.45	-0.25	n
216420961	2384	1488	-1.45	-0.17	n
216430961	2383	1488	-1.37	-0.17	n
216440962	2382	1488	-1.28	-0.17	n
216450962	2383	1488	-1.37	-0.17	n
216460962	2383	1488	-1.37	-0.17	n
216470962	2383	1488	-1.37	-0.17	Location:lat:35.504284lon:139.465178;;Time:05:46:30:00;;
216480963	2384	1488	-1.45	-0.17	n
216490963	2384	1488	-1.45	-0.17	n
216500963	2381	1488	-1.20	-0.17	n
216510964	2383	1488	-1.37	-0.17	n
216520964	2382	1488	-1.28	-0.17	n
216530964	2384	1488	-1.45	-0.17	n
216540964	2383	1488	-1.37	-0.17	n
216550964	2384	1488	-1.45	-0.17	n
216560972	2383	1488	-1.37	-0.17	n
216570971	2379	1488	-1.03	-0.17	n
216580971	2382	1488	-1.28	-0.17	n
216590971	2383	1488	-1.37	-0.17	n
216600971	2384	1488	-1.45	-0.17	n
216610972	2384	1488	-1.45	-0.17	n
216620972	2382	1488	-1.28	-0.17	n
216630972	2383	1488	-1.37	-0.17	n
216640971	2383	1488	-1.37	-0.17	n
216650971	2384	1488	-1.45	-0.17	n
216660971	2384	1488	-1.45	-0.17	n
216670971	2383	1488	-1.37	-0.17	n
216680971	2383	1488	-1.37	-0.17	n
216690970	2382	1488	-1.28	-0.17	n
216700971	2383	1488	-1.37	-0.17	n
216710971	2384	1488	-1.45	-0.17	n
216720971	2384	1488	-1.45	-0.17	n
216730971	2383	1489	-1.37	-0.25	n
216740971	2383	1488	-1.37	-0.17	n
216750971	2384	1488	-1.45	-0.17	n
216760971	2384	1488	-1.45	-0.17	n
216770971	2383	1488	-1.37	-0.17	n
216780970	2383	1489	-1.37	-0.25	n
216790970	2383	1487	-1.37	-0.09	n
216800970	2383	1488	-1.37	-0.17	n
216810970	2383	1488	-1.37	-0.17	n
216820970	2384	1488	-1.45	-0.17	n
216830970	2383	1488	-1.37	-0.17	n
216840970	2383	1488	-1.37	-0.17	Location:lat:35.504284lon:139.465178;;Date:2024/12/8;;Time:05:46:30:00;;
216850970	2383	1489	-1.37	-0.25	n
216860969	2382	1488	-1.28	-0.17	n
216870969	2384	1488	-1.45	-0.17	n
216880969	2384	1488	-1.45	-0.17	n
216890969	2384	1488	-1.45	-0.17	n
216900969	2383	1488	-1.37	-0.17	n
216910969	2384	1488	-1.45	-0.17	n
216920969	2384	1488	-1.45	-0.17	n
216930969	2383	1489	-1.37	-0.25	n
216940969	2383	1488	-1.37	-0.17	n
216950969	2384	1488	-1.45	-0.17	n
216960969	2384	1488	-1.45	-0.17	n
216970969	2384	1489	-1.45	-0.25	n
216980969	2381	1488	-1.20	-0.17	n
216990969	2383	1488	-1.37	-0.17	n
217000969	2383	1488	-1.37	-0.17	n
217010969	2383	1488	-1.37	-0.17	n
217020969	2383	1488	-1.37	-0.17	n
217030969	2382	1487	-1.28	-0.09	n
217040969	2384	1488	-1.45	-0.17	n
217050969	2384	1488	-1.45	-0.17	n
217060969	2383	1488	-1.37	-0.17	n
217070969	2384	1488	-1.45	-0.17	n
217080969	2383	1488	-1.37	-0.17	n
217090969	2383	1489	-1.37	-0.25	n
217100969	2383	1488	-1.37	-0.17	n
217110969	2384	1488	-1.45	-0.17	n
217120969	2383	1488	-1.37	-0.17	n
217130969	2382	1488	-1.28	-0.17	n
217140969	2383	1488	-1.37	-0.17	n
217150969	2384	1488	-1.45	-0.17	n
217160969	2383	1488	-1.37	-0.17	n
217170969	2384	1488	-1.45	-0.17	n
217180969	2384	1488	-1.45	-0.17	n
217190969	2383	1488	-1.37	-0.17	n
217200969	2384	1488	-1.45	-0.17	n
217210969	2384	1488	-1.45	-0.17	n
217220969	2384	1488	-1.45	-0.17	n
217230969	2383	1488	-1.37	-0.17	n
217240969	2384	1488	-1.45	-0.17	n
217250969	2383	1488	-1.37	-0.17	n
217260969	2384	1488	-1.45	-0.17	n
217270969	2382	1488	-1.28	-0.17	n
217280969	2384	1488	-1.45	-0.17	n
217290969	2383	1488	-1.37	-0.17	n
217300969	2383	1488	-1.37	-0.17	n
217310969	2384	1488	-1.45	-0.17	n
217320968	2384	1488	-1.45	-0.17	n
217330967	2384	1488	-1.45	-0.17	n
217340967	2384	1488	-1.45	-0.17	n
217350967	2383	1488	-1.37	-0.17	n
217360967	2384	1488	-1.45	-0.17	Location:lat:35.504285lon:139.465178;;Date:2024/12/8;;Time:05:46:31:00;;
217370968	2383	1488	-1.37	-0.17	n
217380968	2383	1488	-1.37	-0.17	n
217390967	2383	1488	-1.37	-0.17	n
217400966	2384	1488	-1.45	-0.17	n
217410966	2381	1488	-1.20	-0.17	n
217420966	2384	1488	-1.45	-0.17	n
217430966	2383	1488	-1.37	-0.17	n
217440966	2383	1488	-1.37	-0.17	n
217450966	2383	1489	-1.37	-0.25	n
217460967	2384	1490	-1.45	-0.33	n
217470966	2384	1488	-1.45	-0.17	Location:lat:35.504285lon:139.465178;;Time:05:46:31:00;;
217480966	2383	1488	-1.37	-0.17	n
217490975	2383	1488	-1.37	-0.17	n
217500974	2383	1488	-1.37	-0.17	n
217510974	2383	1488	-1.37	-0.17	n
217520973	2384	1488	-1.45	-0.17	n
217530973	2383	1488	-1.37	-0.17	n
217540973	2384	1488	-1.45	-0.17	n
217550973	2383	1488	-1.37	-0.17	n
217560973	2383	1488	-1.37	-0.17	n
217570972	2384	1488	-1.45	-0.17	n
217580972	2383	1488	-1.37	-0.17	n
217590971	2383	1488	-1.37	-0.17	n
217600971	2384	1488	-1.45	-0.17	n
217610971	2384	1487	-1.45	-0.09	n
217620970	2384	1488	-1.45	-0.17	n
217630969	2384	1488	-1.45	-0.17	n
217640968	2382	1488	-1.28	-0.17	n
217650968	2383	1488	-1.37	-0.17	n
217660968	2384	1488	-1.45	-0.17	n
217670968	2384	1488	-1.45	-0.17	n
217680968	2383	1488	-1.37	-0.17	n
217690968	2382	1488	-1.28	-0.17	n
217700968	2384	1488	-1.45	-0.17	n
217710968	2383	1488	-1.37	-0.17	n
217720967	2383	1488	-1.37	-0.17	n
217730967	2382	1488	-1.28	-0.17	n
217740966	2382	1488	-1.28	-0.17	n
217750966	2384	1488	-1.45	-0.17	n
217760965	2383	1488	-1.37	-0.17	n
217770965	2381	1488	-1.20	-0.17	n
217780965	2384	1489	-1.45	-0.25	n
217790964	2382	1488	-1.28	-0.17	n
217800964	2383	1488	-1.37	-0.17	n
217810964	2383	1488	-1.37	-0.17	n
217820964	2384	1488	-1.45	-0.17	n
217830964	2383	1488	-1.37	-0.17	n
217840964	2383	1488	-1.37	-0.17	Location:lat:35.504285lon:139.465178;;Date:2024/12/8;;Time:05:46:31:00;;
217850964	2383	1488	-1.37	-0.17	n
217860963	2383	1488	-1.37	-0.17	n
217870963	2383	1488	-1.37	-0.17	n
217880963	2384	1488	-1.45	-0.17	n
217890963	2384	1488	-1.45	-0.17	n
217900963	2384	1488	-1.45	-0.17	n
217910963	2384	1488	-1.45	-0.17	n
217920963	2384	1489	-1.45	-0.25	n
217930963	2383	1488	-1.37	-0.17	n
217940963	2384	1489	-1.45	-0.25	n
217950963	2382	1488	-1.28	-0.17	n
217960963	2382	1488	-1.28	-0.17	n
217970963	2381	1488	-1.20	-0.17	n
217980963	2384	1488	-1.45	-0.17	n
217990963	2384	1488	-1.45	-0.17	n
218000963	2383	1488	-1.37	-0.17	n
218010963	2383	1488	-1.37	-0.17	n
218020963	2384	1488	-1.45	-0.17	n
218030963	2383	1488	-1.37	-0.17	n
218040963	2384	1488	-1.45	-0.17	n
218050963	2383	1488	-1.37	-0.17	n
218060963	2383	1488	-1.37	-0.17	n
218070963	2383	1488	-1.37	-0.17	n
218080963	2383	1488	-1.37	-0.17	n
218090963	2383	1488	-1.37	-0.17	n
218100963	2384	1488	-1.45	-0.17	n
218110963	2382	1488	-1.28	-0.17	n
218120963	2384	1488	-1.45	-0.17	n
218130963	2383	1489	-1.37	-0.25	n
218140963	2383	1488	-1.37	-0.17	n
218150963	2383	1488	-1.37	-0.17	n
218160963	2383	1488	-1.37	-0.17	n
218170963	2383	1488	-1.37	-0.17	n
218180963	2384	1488	-1.45	-0.17	n
218190963	2383	1488	-1.37	-0.17	n
218200963	2383	1488	-1.37	-0.17	n
218210963	2384	1488	-1.45	-0.17	n
218220963	2384	1488	-1.45	-0.17	n
218230963	2384	1488	-1.45	-0.17	n
218240963	2382	1488	-1.28	-0.17	n
218250963	2382	1488	-1.28	-0.17	n
218260963	2384	1489	-1.45	-0.25	n
218270963	2384	1488	-1.45	-0.17	n
218280963	2383	1488	-1.37	-0.17	n
218290964	2382	1488	-1.28	-0.17	n
218300964	2383	1488	-1.37	-0.17	n
218310964	2383	1488	-1.37	-0.17	n
218320963	2384	1488	-1.45	-0.17	n
218330963	2383	1488	-1.37	-0.17	n
218340963	2383	1489	-1.37	-0.25	n
218350963	2382	1488	-1.28	-0.17	n
218360968	2384	1488	-1.45	-0.17	Location:lat:35.504285lon:139.465178;;Date:2024/12/8;;Time:05:46:32:00;;
218370967	2382	1488	-1.28	-0.17	n
218380966	2382	1488	-1.28	-0.17	n
218390966	2382	1488	-1.28	-0.17	n
218400965	2384	1488	-1.45	-0.17	n
218410966	2384	1488	-1.45	-0.17	n
218420966	2384	1488	-1.45	-0.17	n
218430966	2383	1488	-1.37	-0.17	n
218440966	2384	1489	-1.45	-0.25	n
218450966	2384	1488	-1.45	-0.17	n
218460965	2383	1488	-1.37	-0.17	n
218470964	2384	1489	-1.45	-0.25	Location:lat:35.504285lon:139.465178;;Time:05:46:32:00;;
218480964	2384	1488	-1.45	-0.17	n
218490964	2383	1488	-1.37	-0.17	n
218500963	2382	1488	-1.28	-0.17	n
218510963	2382	1488	-1.28	-0.17	n
218520963	2382	1488	-1.28	-0.17	n
218530964	2383	1488	-1.37	-0.17	n
218540964	2384	1488	-1.45	-0.17	n
218550964	2383	1488	-1.37	-0.17	n
218560964	2384	1488	-1.45	-0.17	n
218570965	2383	1488	-1.37	-0.17	n
218580966	2383	1489	-1.37	-0.25	n
218590966	2384	1488	-1.45	-0.17	n
218600966	2383	1488	-1.37	-0.17	n
218610965	2384	1488	-1.45	-0.17	n
218620965	2384	1489	-1.45	-0.25	n
218630965	2383	1488	-1.37	-0.17	n
218640965	2383	1489	-1.37	-0.25	n
218650964	2384	1488	-1.45	-0.17	n
218660964	2383	1488	-1.37	-0.17	n
218670964	2383	1488	-1.37	-0.17	n
218680963	2383	1488	-1.37	-0.17	n
218690972	2384	1488	-1.45	-0.17	n
218700972	2383	1489	-1.37	-0.25	n
218710972	2384	1488	-1.45	-0.17	n
218720971	2383	1488	-1.37	-0.17	n
218730971	2383	1488	-1.37	-0.17	n
218740970	2383	1488	-1.37	-0.17	n
218750969	2384	1488	-1.45	-0.17	n
218760970	2383	1488	-1.37	-0.17	n
218770970	2383	1488	-1.37	-0.17	n
218780971	2384	1488	-1.45	-0.17	n
218790971	2383	1488	-1.37	-0.17	n
218800971	2382	1488	-1.28	-0.17	n
218810971	2382	1488	-1.28	-0.17	n
218820971	2382	1488	-1.28	-0.17	n
218830971	2382	1488	-1.28	-0.17	n
218840970	2382	1488	-1.28	-0.17	Location:lat:35.504285lon:139.465178;;Date:2024/12/8;;Time:05:46:32:00;;
218850970	2383	1488	-1.37	-0.17	n
218860969	2384	1488	-1.45	-0.17	n
218870969	2383	1488	-1.37	-0.17	n
218880969	2383	1489	-1.37	-0.25	n
218890969	2383	1488	-1.37	-0.17	n
218900969	2384	1488	-1.45	-0.17	n
218910969	2383	1488	-1.37	-0.17	n
218920969	2383	1488	-1.37	-0.17	n
218930969	2383	1488	-1.37	-0.17	n
218940969	2383	1488	-1.37	-0.17	n
218950969	2383	1488	-1.37	-0.17	n
218960969	2382	1488	-1.28	-0.17	n
218970969	2383	1488	-1.37	-0.17	n
218980969	2384	1488	-1.45	-0.17	n
218990969	2383	1488	-1.37	-0.17	n
219000969	2384	1488	-1.45	-0.17	n
219010969	2384	1488	-1.45	-0.17	n
219020969	2383	1488	-1.37	-0.17	n
219030969	2384	1488	-1.45	-0.17	n
219040969	2382	1488	-1.28	-0.17	n
219050969	2383	1488	-1.37	-0.17	n
219060969	2382	1488	-1.28	-0.17	n
219070969	2383	1488	-1.37	-0.17	n
219080969	2383	1488	-1.37	-0.17	n
219090969	2383	1489	-1.37	-0.25	n
219100969	2384	1489	-1.45	-0.25	n
219110969	2384	1488	-1.45	-0.17	n
219120969	2383	1488	-1.37	-0.17	n
219130969	2381	1488	-1.20	-0.17	n
219140969	2383	1488	-1.37	-0.17	n
219150969	2383	1488	-1.37	-0.17	n
219160969	2384	1489	-1.45	-0.25	n
219170969	2383	1488	-1.37	-0.17	n
219180969	2384	1488	-1.45	-0.17	n
219190969	2383	1488	-1.37	-0.17	n
219200969	2383	1488	-1.37	-0.17	n
219210969	2382	1489	-1.28	-0.25	n
219220969	2383	1488	-1.37	-0.17	n
219230969	2383	1488	-1.37	-0.17	n
219240969	2384	1488	-1.45	-0.17	n
219250969	2383	1488	-1.37	-0.17	n
219260969	2384	1488	-1.45	-0.17	n
219270969	2383	1488	-1.37	-0.17	n
219280969	2383	1488	-1.37	-0.17	n
219290969	2384	1488	-1.45	-0.17	n
219300968	2384	1488	-1.45	-0.17	n
219310968	2383	1488	-1.37	-0.17	n
219320968	2383	1488	-1.37	-0.17	n
219330968	2383	1488	-1.37	-0.17	n
219340967	2383	1488	-1.37	-0.17	n
219350966	2384	1488	-1.45	-0.17	n
219360965	2384	1488	-1.45	-0.17	Location:lat:35.504281lon:139.465179;;Date:2024/12/8;;Time:05:46:33:00;;
219370965	2383	1488	-1.37	-0.17	n
219380965	2383	1488	-1.37	-0.17	n
219390965	2383	1488	-1.37	-0.17	n
219400965	2384	1488	-1.45	-0.17	n
219410965	2384	1488	-1.45	-0.17	n
219420965	2382	1488	-1.28	-0.17	n
219430965	2384	1488	-1.45	-0.17	n
219440965	2383	1488	-1.37	-0.17	n
219450965	2384	1488	-1.45	-0.17	n
219460965	2384	1489	-1.45	-0.25	n
219470965	2383	1488	-1.37	-0.17	Location:lat:35.504281lon:139.465179;;Time:05:46:33:00;;
219480965	2383	1488	-1.37	-0.17	n
219490965	2384	1488	-1.45	-0.17	n
219500965	2384	1488	-1.45	-0.17	n
219510965	2384	1488	-1.45	-0.17	n
219520965	2384	1488	-1.45	-0.17	n
219530964	2384	1488	-1.45	-0.17	n
219540964	2383	1488	-1.37	-0.17	n
219550964	2384	1488	-1.45	-0.17	n
219560963	2383	1488	-1.37	-0.17	n
219570963	2384	1489	-1.45	-0.25	n
219580962	2384	1488	-1.45	-0.17	n
219590962	2384	1488	-1.45	-0.17	n
219600962	2383	1488	-1.37	-0.17	n
219610962	2383	1488	-1.37	-0.17	n
219620962	2384	1488	-1.45	-0.17	n
219630962	2383	1488	-1.37	-0.17	n
219640963	2383	1489	-1.37	-0.25	n
219650962	2383	1488	-1.37	-0.17	n
219660961	2383	1489	-1.37	-0.25	n
219670961	2383	1488	-1.37	-0.17	n
219680960	2384	1488	-1.45	-0.17	n
219690960	2383	1488	-1.37	-0.17	n
219700960	2383	1489	-1.37	-0.25	n
219710960	2383	1488	-1.37	-0.17	n
219720959	2383	1488	-1.37	-0.17	n
219730958	2384	1489	-1.45	-0.25	n
219740958	2383	1488	-1.37	-0.17	n
219750958	2384	1488	-1.45	-0.17	n
219760958	2382	1488	-1.28	-0.17	n
219770958	2382	1488	-1.28	-0.17	n
219780958	2383	1488	-1.37	-0.17	n
219790958	2383	1488	-1.37	-0.17	n
219800958	2384	1489	-1.45	-0.25	n
219810958	2384	1488	-1.45	-0.17	n
219820958	2384	1488	-1.45	-0.17	n
219830958	2384	1488	-1.45	-0.17	n
219840957	2383	1488	-1.37	-0.17	Location:lat:35.504281lon:139.465179;;Date:2024/12/8;;Time:05:46:33:00;;
219850957	2383	1488	-1.37	-0.17	n
219860957	2383	1488	-1.37	-0.17	n
219870957	2383	1488	-1.37	-0.17	n
219880957	2383	1488	-1.37	-0.17	n
219890957	2384	1488	-1.45	-0.17	n
219900957	2383	1488	-1.37	-0.17	n
219910957	2384	1488	-1.45	-0.17	n
219920957	2384	1488	-1.45	-0.17	n
219930957	2383	1489	-1.37	-0.25	n
219940957	2383	1488	-1.37	-0.17	n
219950957	2384	1488	-1.45	-0.17	n
219960957	2384	1488	-1.45	-0.17	n
219970957	2384	1488	-1.45	-0.17	n
219980957	2384	1489	-1.45	-0.25	n
219990957	2384	1489	-1.45	-0.25	n
220000957	2384	1489	-1.45	-0.25	n
220010957	2384	1488	-1.45	-0.17	n
220020957	2384	1488	-1.45	-0.17	n
220030957	2384	1488	-1.45	-0.17	n
220040957	2384	1489	-1.45	-0.25	n
220050957	2384	1488	-1.45	-0.17	n
220060957	2384	1488	-1.45	-0.17	n
220070957	2384	1489	-1.45	-0.25	n
220080957	2384	1489	-1.45	-0.25	n
220090957	2384	1488	-1.45	-0.17	n
220100957	2384	1489	-1.45	-0.25	n
220110957	2384	1489	-1.45	-0.25	n
220120957	2384	1488	-1.45	-0.17	n
220130957	2384	1488	-1.45	-0.17	n
220140957	2384	1488	-1.45	-0.17	n
220150957	2384	1488	-1.45	-0.17	n
220160957	2384	1488	-1.45	-0.17	n
220170957	2384	1489	-1.45	-0.25	n
220180957	2384	1488	-1.45	-0.17	n
220190957	2382	1488	-1.28	-0.17	n
220200957	2384	1488	-1.45	-0.17	n
220210957	2384	1488	-1.45	-0.17	n
220220957	2384	1488	-1.45	-0.17	n
220230957	2384	1488	-1.45	-0.17	n
220240957	2384	1488	-1.45	-0.17	n
220250957	2384	1489	-1.45	-0.25	n
220260957	2383	1488	-1.37	-0.17	n
220270957	2384	1488	-1.45	-0.17	n
220280957	2384	1488	-1.45	-0.17	n
220290957	2384	1489	-1.45	-0.25	n
220300957	2384	1488	-1.45	-0.17	n
220310956	2384	1488	-1.45	-0.17	n
220320955	2384	1488	-1.45	-0.17	n
220330955	2384	1489	-1.45	-0.25	n
220340955	2384	1488	-1.45	-0.17	n
220350955	2384	1488	-1.45	-0.17	n
220360954	2383	1488	-1.37	-0.17	Location:lat:35.504281lon:139.465177;;Date:2024/12/8;;Time:05:46:34:00;;
220370954	2383	1488	-1.37	-0.17	n
220380954	2384	1488	-1.45	-0.17	n
220390953	2384	1488	-1.45	-0.17	n
220400954	2384	1489	-1.45	-0.25	n
220410953	2383	1488	-1.37	-0.17	n
220420953	2384	1488	-1.45	-0.17	n
220430953	2384	1489	-1.45	-0.25	n
220440954	2384	1488	-1.45	-0.17	n
220450954	2384	1488	-1.45	-0.17	n
220460953	2384	1488	-1.45	-0.17	n
220470953	2384	1488	-1.45	-0.17	Location:lat:35.504281lon:139.465177;;Time:05:46:34:00;;
220480953	2384	1488	-1.45	-0.17	n
220490953	2384	1488	-1.45	-0.17	n
220500953	2384	1489	-1.45	-0.25	n
220510953	2384	1489	-1.45	-0.25	n
220520953	2384	1489	-1.45	-0.25	n
220530953	2384	1489	-1.45	-0.25	n
220540952	2384	1489	-1.45	-0.25	n
220550953	2384	1488	-1.45	-0.17	n
220560953	2384	1489	-1.45	-0.25	n
220570953	2384	1488	-1.45	-0.17	n
220580962	2384	1489	-1.45	-0.25	n
220590962	2384	1488	-1.45	-0.17	n
220600962	2384	1488	-1.45	-0.17	n
220610961	2384	1488	-1.45	-0.17	n
220620962	2384	1488	-1.45	-0.17	n
220630962	2383	1488	-1.37	-0.17	n
220640962	2383	1489	-1.37	-0.25	n
220650962	2383	1488	-1.37	-0.17	n
220660961	2382	1488	-1.28	-0.17	n
220670961	2384	1488	-1.45	-0.17	n
220680961	2384	1488	-1.45	-0.17	n
220690961	2383	1488	-1.37	-0.17	n
220700961	2382	1488	-1.28	-0.17	n
220710961	2384	1488	-1.45	-0.17	n
220720961	2384	1488	-1.45	-0.17	n
220730960	2382	1488	-1.28	-0.17	n
220740959	2383	1488	-1.37	-0.17	n
220750959	2384	1488	-1.45	-0.17	n
220760959	2384	1488	-1.45	-0.17	n
220770959	2384	1488	-1.45	-0.17	n
220780959	2383	1488	-1.37	-0.17	n
220790959	2383	1489	-1.37	-0.25	n
220800960	2383	1488	-1.37	-0.17	n
220810960	2384	1488	-1.45	-0.17	n
220820960	2384	1489	-1.45	-0.25	n
220830959	2383	1488	-1.37	-0.17	n
220840959	2384	1489	-1.45	-0.25	Location:lat:35.504281lon:139.465177;;Date:2024/12/8;;Time:05:46:34:00;;
220850959	2383	1488	-1.37	-0.17	n
220860958	2384	1488	-1.45	-0.17	n
220870958	2383	1488	-1.37	-0.17	n
220880958	2383	1488	-1.37	-0.17	n
220890958	2384	1489	-1.45	-0.25	n
220900958	2384	1488	-1.45	-0.17	n
220910958	2383	1488	-1.37	-0.17	n
220920958	2383	1488	-1.37	-0.17	n
220930958	2384	1488	-1.45	-0.17	n
220940958	2384	1489	-1.45	-0.25	n
220950958	2384	1488	-1.45	-0.17	n
220960958	2384	1488	-1.45	-0.17	n
220970958	2384	1488	-1.45	-0.17	n
220980958	2383	1488	-1.37	-0.17	n
220990958	2383	1488	-1.37	-0.17	n
221000958	2383	1488	-1.37	-0.17	n
221010958	2384	1488	-1.45	-0.17	n
221020958	2383	1489	-1.37	-0.25	n
221030958	2384	1489	-1.45	-0.25	n
221040958	2383	1488	-1.37	-0.17	n
221050958	2384	1489	-1.45	-0.25	n
221060958	2384	1488	-1.45	-0.17	n
221070958	2384	1488	-1.45	-0.17	n
221080958	2384	1488	-1.45	-0.17	n
221090958	2384	1488	-1.45	-0.17	n
221100958	2384	1489	-1.45	-0.25	n
221110958	2384	1488	-1.45	-0.17	n
221120958	2384	1488	-1.45	-0.17	n
221130958	2384	1488	-1.45	-0.17	n
221140958	2384	1489	-1.45	-0.25	n
221150958	2383	1489	-1.37	-0.25	n
221160958	2383	1488	-1.37	-0.17	n
221170958	2384	1488	-1.45	-0.17	n
221180958	2384	1488	-1.45	-0.17	n
221190958	2383	1488	-1.37	-0.17	n
221200958	2384	1488	-1.45	-0.17	n
221210958	2384	1488	-1.45	-0.17	n
221220958	2384	1488	-1.45	-0.17	n
221230958	2384	1488	-1.45	-0.17	n
221240958	2383	1488	-1.37	-0.17	n
221250958	2384	1488	-1.45	-0.17	n
221260958	2382	1488	-1.28	-0.17	n
221270958	2384	1489	-1.45	-0.25	n
221280958	2384	1488	-1.45	-0.17	n
221290958	2383	1488	-1.37	-0.17	n
221300958	2384	1489	-1.45	-0.25	n
221310958	2384	1488	-1.45	-0.17	n
221320958	2384	1488	-1.45	-0.17	n
221330958	2383	1488	-1.37	-0.17	n
221340958	2384	1488	-1.45	-0.17	n
221350958	2384	1490	-1.45	-0.33	n
221360958	2383	1489	-1.37	-0.25	Location:lat:35.504278lon:139.465180;;Date:2024/12/8;;Time:05:46:35:00;;
221370957	2381	1488	-1.20	-0.17	n
221380957	2383	1488	-1.37	-0.17	n
221390957	2384	1488	-1.45	-0.17	n
221400966	2384	1488	-1.45	-0.17	n
221410966	2384	1488	-1.45	-0.17	n
221420966	2384	1488	-1.45	-0.17	n
221430966	2383	1488	-1.37	-0.17	n
221440966	2383	1488	-1.37	-0.17	n
221450966	2384	1488	-1.45	-0.17	n
221460966	2384	1488	-1.45	-0.17	n
221470965	2384	1488	-1.45	-0.17	Location:lat:35.504278lon:139.465180;;Time:05:46:35:00;;
221480965	2384	1488	-1.45	-0.17	n
221490965	2384	1488	-1.45	-0.17	n
221500965	2383	1488	-1.37	-0.17	n
221510965	2384	1488	-1.45	-0.17	n
221520965	2384	1488	-1.45	-0.17	n
221530964	2384	1489	-1.45	-0.25	n
221540964	2383	1488	-1.37	-0.17	n
221550964	2384	1488	-1.45	-0.17	n
221560963	2384	1488	-1.45	-0.17	n
221570962	2383	1488	-1.37	-0.17	n
221580962	2383	1489	-1.37	-0.25	n
221590962	2384	1488	-1.45	-0.17	n
221600962	2384	1489	-1.45	-0.25	n
221610962	2383	1488	-1.37	-0.17	n
221620961	2384	1488	-1.45	-0.17	n
221630962	2384	1488	-1.45	-0.17	n
221640962	2384	1488	-1.45	-0.17	n
221650962	2384	1488	-1.45	-0.17	n
221660962	2384	1488	-1.45	-0.17	n
221670962	2384	1488	-1.45	-0.17	n
221680962	2384	1488	-1.45	-0.17	n
221690962	2383	1488	-1.37	-0.17	n
221700962	2384	1488	-1.45	-0.17	n
221710962	2383	1488	-1.37	-0.17	n
221720961	2384	1489	-1.45	-0.25	n
221730961	2384	1488	-1.45	-0.17	n
221740962	2383	1488	-1.37	-0.17	n
221750961	2384	1488	-1.45	-0.17	n
221760960	2383	1488	-1.37	-0.17	n
221770959	2383	1488	-1.37	-0.17	n
221780968	2384	1488	-1.45	-0.17	n
221790968	2384	1488	-1.45	-0.17	n
221800968	2384	1489	-1.45	-0.25	n
221810967	2384	1488	-1.45	-0.17	n
221820967	2384	1489	-1.45	-0.25	n
221830967	2384	1489	-1.45	-0.25	n
221840966	2384	1488	-1.45	-0.17	Location:lat:35.504278lon:139.465180;;Date:2024/12/8;;Time:05:46:35:00;;
221850966	2383	1488	-1.37	-0.17	n
221860966	2384	1488	-1.45	-0.17	n
221870966	2384	1488	-1.45	-0.17	n
221880966	2384	1488	-1.45	-0.17	n
221890966	2383	1488	-1.37	-0.17	n
221900966	2382	1488	-1.28	-0.17	n
221910966	2384	1489	-1.45	-0.25	n
221920966	2383	1488	-1.37	-0.17	n
221930966	2383	1488	-1.37	-0.17	n
221940966	2384	1488	-1.45	-0.17	n
221950966	2384	1488	-1.45	-0.17	n
221960966	2384	1488	-1.45	-0.17	n
221970966	2383	1488	-1.37	-0.17	n
221980966	2384	1489	-1.45	-0.25	n
221990966	2384	1489	-1.45	-0.25	n
222000966	2384	1488	-1.45	-0.17	n
222010966	2384	1488	-1.45	-0.17	n
222020966	2383	1488	-1.37	-0.17	n
222030966	2384	1488	-1.45	-0.17	n
222040966	2383	1488	-1.37	-0.17	n
222050966	2384	1488	-1.45	-0.17	n
222060966	2383	1488	-1.37	-0.17	n
222070966	2384	1489	-1.45	-0.25	n
222080966	2384	1489	-1.45	-0.25	n
222090966	2383	1488	-1.37	-0.17	n
222100966	2384	1489	-1.45	-0.25	n
222110966	2383	1488	-1.37	-0.17	n
222120966	2384	1488	-1.45	-0.17	n
222130966	2384	1488	-1.45	-0.17	n
222140966	2384	1489	-1.45	-0.25	n
222150966	2383	1489	-1.37	-0.25	n
222160966	2383	1488	-1.37	-0.17	n
222170966	2384	1488	-1.45	-0.17	n
222180966	2384	1488	-1.45	-0.17	n
222190966	2384	1488	-1.45	-0.17	n
222200966	2384	1488	-1.45	-0.17	n
222210966	2384	1488	-1.45	-0.17	n
222220966	2383	1488	-1.37	-0.17	n
222230966	2383	1488	-1.37	-0.17	n
222240966	2383	1488	-1.37	-0.17	n
222250966	2384	1489	-1.45	-0.25	n
222260966	2383	1489	-1.37	-0.25	n
222270966	2382	1488	-1.28	-0.17	n
222280966	2384	1488	-1.45	-0.17	n
222290966	2384	1488	-1.45	-0.17	n
222300966	2384	1488	-1.45	-0.17	n
222310966	2383	1488	-1.37	-0.17	n
222320966	2384	1488	-1.45	-0.17	n
222330966	2384	1488	-1.45	-0.17	n
222340966	2382	1488	-1.28	-0.17	n
222350966	2384	1488	-1.45	-0.17	n
222360966	2384	1488	-1.45	-0.17	Location:lat:35.504280lon:139.465181;;Date:2024/12/8;;Time:05:46:36:00;;
222370965	2384	1488	-1.45	-0.17	n
222380973	2383	1488	-1.37	-0.17	n
222390973	2383	1488	-1.37	-0.17	n
222400973	2383	1488	-1.37	-0.17	n
222410973	2384	1488	-1.45	-0.17	n
222420974	2383	1488	-1.37	-0.17	n
222430973	2384	1488	-1.45	-0.17	n
222440973	2382	1488	-1.28	-0.17	n
222450973	2384	1488	-1.45	-0.17	n
222460972	2383	1490	-1.37	-0.33	n
222470972	2383	1488	-1.37	-0.17	Location:lat:35.504280lon:139.465181;;Time:05:46:36:00;;
222480972	2384	1488	-1.45	-0.17	n
222490972	2384	1488	-1.45	-0.17	n
222500972	2384	1488	-1.45	-0.17	n
222510971	2383	1488	-1.37	-0.17	n
222520971	2383	1488	-1.37	-0.17	n
222530970	2383	1488	-1.37	-0.17	n
222540969	2384	1488	-1.45	-0.17	n
222550968	2384	1488	-1.45	-0.17	n
222560967	2384	1488	-1.45	-0.17	n
222570966	2384	1488	-1.45	-0.17	n
222580966	2383	1488	-1.37	-0.17	n
222590965	2382	1488	-1.28	-0.17	n
222600965	2383	1489	-1.37	-0.25	n
222610965	2384	1488	-1.45	-0.17	n
222620965	2384	1488	-1.45	-0.17	n
222630965	2384	1488	-1.45	-0.17	n
222640965	2383	1488	-1.37	-0.17	n
222650965	2384	1489	-1.45	-0.25	n
222660973	2382	1488	-1.28	-0.17	n
222670973	2384	1488	-1.45	-0.17	n
222680973	2383	1488	-1.37	-0.17	n
222690973	2384	1488	-1.45	-0.17	n
222700973	2384	1489	-1.45	-0.25	n
222710972	2384	1489	-1.45	-0.25	n
222720973	2384	1488	-1.45	-0.17	n
222730973	2384	1489	-1.45	-0.25	n
222740972	2384	1488	-1.45	-0.17	n
222750972	2384	1489	-1.45	-0.25	n
222760976	2384	1488	-1.45	-0.17	n
222770976	2384	1489	-1.45	-0.25	n
222780976	2384	1488	-1.45	-0.17	n
222790976	2383	1489	-1.37	-0.25	n
222800976	2384	1489	-1.45	-0.25	n
222810976	2384	1488	-1.45	-0.17	n
222820976	2384	1488	-1.45	-0.17	n
222830976	2383	1489	-1.37	-0.25	n
222840975	2383	1488	-1.37	-0.17	Location:lat:35.504280lon:139.465181;;Date:2024/12/8;;Time:05:46:36:00;;
222850974	2383	1488	-1.37	-0.17	n
222860974	2383	1488	-1.37	-0.17	n
222870974	2384	1488	-1.45	-0.17	n
222880974	2384	1488	-1.45	-0.17	n
222890974	2384	1488	-1.45	-0.17	n
222900974	2384	1488	-1.45	-0.17	n
222910974	2384	1488	-1.45	-0.17	n
222920974	2384	1488	-1.45	-0.17	n
222930974	2384	1489	-1.45	-0.25	n
222940974	2384	1488	-1.45	-0.17	n
222950974	2384	1489	-1.45	-0.25	n
222960974	2384	1488	-1.45	-0.17	n
222970974	2384	1488	-1.45	-0.17	n
222980974	2384	1488	-1.45	-0.17	n
222990974	2384	1490	-1.45	-0.33	n
223000974	2384	1488	-1.45	-0.17	n
223010974	2384	1488	-1.45	-0.17	n
223020974	2384	1488	-1.45	-0.17	n
223030974	2384	1488	-1.45	-0.17	n
223040974	2383	1488	-1.37	-0.17	n
223050974	2384	1488	-1.45	-0.17	n
223060974	2384	1488	-1.45	-0.17	n
223070974	2384	1489	-1.45	-0.25	n
223080974	2383	1488	-1.37	-0.17	n
223090974	2384	1488	-1.45	-0.17	n
223100974	2384	1488	-1.45	-0.17	n
223110974	2384	1489	-1.45	-0.25	n
223120974	2384	1488	-1.45	-0.17	n
223130974	2383	1488	-1.37	-0.17	n
223140974	2384	1488	-1.45	-0.17	n
223150974	2384	1488	-1.45	-0.17	n
223160974	2384	1488	-1.45	-0.17	n
223170974	2384	1489	-1.45	-0.25	n
223180974	2384	1488	-1.45	-0.17	n
223190974	2384	1488	-1.45	-0.17	n
223200974	2384	1488	-1.45	-0.17	n
223210974	2384	1488	-1.45	-0.17	n
223220974	2384	1488	-1.45	-0.17	n
223230974	2384	1488	-1.45	-0.17	n
223240974	2383	1488	-1.37	-0.17	n
223250974	2382	1490	-1.28	-0.33	n
223260974	2384	1488	-1.45	-0.17	n
223270974	2382	1488	-1.28	-0.17	n
223280974	2383	1488	-1.37	-0.17	n
223290974	2383	1488	-1.37	-0.17	n
223300973	2384	1488	-1.45	-0.17	n
223310973	2384	1488	-1.45	-0.17	n
223320973	2383	1488	-1.37	-0.17	n
223330973	2384	1489	-1.45	-0.25	n
223340973	2383	1488	-1.37	-0.17	n
223350973	2384	1489	-1.45	-0.25	n
223360973	2384	1488	-1.45	-0.17	Location:lat:35.504278lon:139.465184;;Date:2024/12/8;;Time:05:46:37:00;;
223370973	2384	1488	-1.45	-0.17	n
223380972	2384	1488	-1.45	-0.17	n
223390971	2384	1488	-1.45	-0.17	n
223400971	2384	1488	-1.45	-0.17	n
223410971	2383	1489	-1.37	-0.25	n
223420971	2384	1488	-1.45	-0.17	n
223430970	2383	1488	-1.37	-0.17	n
223440971	2384	1488	-1.45	-0.17	n
223450971	2384	1488	-1.45	-0.17	n
223460970	2384	1488	-1.45	-0.17	n
223470969	2384	1488	-1.45	-0.17	Location:lat:35.504278lon:139.465184;;Time:05:46:37:00;;
223480968	2385	1488	-1.53	-0.17	n
223490968	2383	1488	-1.37	-0.17	n
223500968	2384	1488	-1.45	-0.17	n
223510968	2384	1488	-1.45	-0.17	n
223520968	2384	1488	-1.45	-0.17	n
223530968	2384	1489	-1.45	-0.25	n
223540968	2383	1488	-1.37	-0.17	n
223550968	2384	1489	-1.45	-0.25	n
223560968	2384	1488	-1.45	-0.17	n
223570968	2384	1489	-1.45	-0.25	n
223580968	2384	1488	-1.45	-0.17	n
223590967	2384	1488	-1.45	-0.17	n
223600967	2384	1488	-1.45	-0.17	n
223610967	2384	1488	-1.45	-0.17	n
223620968	2384	1489	-1.45	-0.25	n
223630968	2383	1488	-1.37	-0.17	n
223640968	2384	1488	-1.45	-0.17	n
223650968	2384	1488	-1.45	-0.17	n
223660967	2384	1489	-1.45	-0.25	n
223670966	2384	1488	-1.45	-0.17	n
223680966	2384	1488	-1.45	-0.17	n
223690965	2383	1488	-1.37	-0.17	n
223700965	2384	1488	-1.45	-0.17	n
223710964	2384	1488	-1.45	-0.17	n
223720963	2383	1488	-1.37	-0.17	n
223730963	2384	1490	-1.45	-0.33	n
223740963	2383	1488	-1.37	-0.17	n
223750963	2384	1488	-1.45	-0.17	n
223760963	2384	1488	-1.45	-0.17	n
223770963	2384	1488	-1.45	-0.17	n
223780964	2382	1489	-1.28	-0.25	n
223790964	2383	1488	-1.37	-0.17	n
223800964	2383	1488	-1.37	-0.17	n
223810964	2384	1488	-1.45	-0.17	n
223820964	2384	1488	-1.45	-0.17	n
223830964	2384	1488	-1.45	-0.17	n
223840964	2383	1488	-1.37	-0.17	Location:lat:35.504278lon:139.465184;;Date:2024/12/8;;Time:05:46:37:00;;
223850964	2384	1488	-1.45	-0.17	n
223860963	2384	1488	-1.45	-0.17	n
223870963	2384	1488	-1.45	-0.17	n
223880963	2383	1489	-1.37	-0.25	n
223890963	2383	1488	-1.37	-0.17	n
223900963	2383	1488	-1.37	-0.17	n
223910963	2384	1488	-1.45	-0.17	n
223920963	2384	1488	-1.45	-0.17	n
223930963	2384	1488	-1.45	-0.17	n
223940963	2384	1488	-1.45	-0.17	n
223950963	2383	1488	-1.37	-0.17	n
223960963	2384	1489	-1.45	-0.25	n
223970963	2384	1489	-1.45	-0.25	n
223980963	2384	1488	-1.45	-0.17	n
223990963	2384	1488	-1.45	-0.17	n
224000963	2383	1488	-1.37	-0.17	n
224010963	2383	1488	-1.37	-0.17	n
224020963	2384	1488	-1.45	-0.17	n
224030963	2384	1488	-1.45	-0.17	n
224040963	2384	1488	-1.45	-0.17	n
224050963	2383	1488	-1.37	-0.17	n
224060963	2383	1488	-1.37	-0.17	n
224070963	2384	1488	-1.45	-0.17	n
224080963	2384	1488	-1.45	-0.17	n
224090963	2384	1488	-1.45	-0.17	n
224100963	2384	1488	-1.45	-0.17	n
224110963	2383	1489	-1.37	-0.25	n
224120963	2383	1488	-1.37	-0.17	n
224130963	2384	1488	-1.45	-0.17	n
224140963	2382	1488	-1.28	-0.17	n
224150963	2384	1488	-1.45	-0.17	n
224160963	2382	1489	-1.28	-0.25	n
224170963	2383	1488	-1.37	-0.17	n
224180963	2384	1488	-1.45	-0.17	n
224190963	2382	1488	-1.28	-0.17	n
224200963	2383	1488	-1.37	-0.17	n
224210963	2383	1488	-1.37	-0.17	n
224220963	2384	1488	-1.45	-0.17	n
224230963	2384	1488	-1.45	-0.17	n
224240963	2384	1488	-1.45	-0.17	n
224250963	2384	1488	-1.45	-0.17	n
224260963	2383	1489	-1.37	-0.25	n
224270963	2383	1488	-1.37	-0.17	n
224280963	2384	1488	-1.45	-0.17	n
224290963	2384	1488	-1.45	-0.17	n
224300963	2384	1488	-1.45	-0.17	n
224310963	2383	1488	-1.37	-0.17	n
224320964	2384	1488	-1.45	-0.17	n
224330964	2384	1488	-1.45	-0.17	n
224340964	2383	1488	-1.37	-0.17	n
224350963	2383	1488	-1.37	-0.17	n
224360962	2383	1488	-1.37	-0.17	Location:lat:35.504275lon:139.465191;;Date:2024/12/8;;Time:05:46:38:00;;
224370962	2383	1488	-1.37	-0.17	n
224380963	2383	1488	-1.37	-0.17	n
224390963	2384	1488	-1.45	-0.17	n
224400962	2384	1488	-1.45	-0.17	n
224410969	2384	1488	-1.45	-0.17	n
224420968	2384	1488	-1.45	-0.17	n
224430968	2384	1488	-1.45	-0.17	n
224440967	2384	1488	-1.45	-0.17	n
224450967	2382	1488	-1.28	-0.17	n
224460967	2382	1488	-1.28	-0.17	n
224470967	2383	1488	-1.37	-0.17	Location:lat:35.504275lon:139.465191;;Time:05:46:38:00;;
224480967	2381	1488	-1.20	-0.17	n
224490966	2383	1488	-1.37	-0.17	n
224500966	2384	1488	-1.45	-0.17	n
224510965	2383	1488	-1.37	-0.17	n
224520965	2384	1488	-1.45	-0.17	n
224530966	2384	1489	-1.45	-0.25	n
224540966	2384	1489	-1.45	-0.25	n
224550965	2383	1488	-1.37	-0.17	n
224560964	2384	1488	-1.45	-0.17	n
224570964	2383	1489	-1.37	-0.25	n
224580964	2384	1489	-1.45	-0.25	n
224590964	2384	1489	-1.45	-0.25	n
224600963	2383	1489	-1.37	-0.25	n
224610963	2384	1489	-1.45	-0.25	n
224620962	2384	1488	-1.45	-0.17	n
224630962	2384	1489	-1.45	-0.25	n
224640962	2383	1488	-1.37	-0.17	n
224650962	2384	1488	-1.45	-0.17	n
224660961	2383	1489	-1.37	-0.25	n
224670960	2384	1489	-1.45	-0.25	n
224680960	2384	1488	-1.45	-0.17	n
224690960	2384	1489	-1.45	-0.25	n
224700959	2383	1489	-1.37	-0.25	n
224710958	2384	1488	-1.45	-0.17	n
224720957	2382	1488	-1.28	-0.17	n
224730956	2384	1488	-1.45	-0.17	n
224740956	2383	1488	-1.37	-0.17	n
224750956	2383	1488	-1.37	-0.17	n
224760956	2384	1488	-1.45	-0.17	n
224770956	2384	1488	-1.45	-0.17	n
224780956	2383	1488	-1.37	-0.17	n
224790958	2384	1488	-1.45	-0.17	n
224800958	2384	1489	-1.45	-0.25	n
224810958	2384	1488	-1.45	-0.17	n
224820957	2384	1488	-1.45	-0.17	n
224830957	2383	1488	-1.37	-0.17	n
224840957	2384	1488	-1.45	-0.17	Location:lat:35.504275lon:139.465191;;Date:2024/12/8;;Time:05:46:38:00;;
224850957	2384	1488	-1.45	-0.17	n
224860957	2383	1488	-1.37	-0.17	n
224870957	2384	1488	-1.45	-0.17	n
224880957	2383	1488	-1.37	-0.17	n
224890957	2384	1488	-1.45	-0.17	n
224900957	2384	1488	-1.45	-0.17	n
224910957	2384	1488	-1.45	-0.17	n
224920957	2384	1488	-1.45	-0.17	n
224930957	2382	1488	-1.28	-0.17	n
224940957	2384	1489	-1.45	-0.25	n
224950957	2380	1488	-1.12	-0.17	n
224960957	2384	1488	-1.45	-0.17	n
224970957	2384	1488	-1.45	-0.17	n
224980957	2384	1488	-1.45	-0.17	n
224990957	2384	1488	-1.45	-0.17	n
225000957	2384	1488	-1.45	-0.17	n
225010957	2383	1488	-1.37	-0.17	n
225020957	2384	1488	-1.45	-0.17	n
225030957	2383	1488	-1.37	-0.17	n
225040957	2384	1488	-1.45	-0.17	n
225050957	2384	1488	-1.45	-0.17	n
225060957	2384	1488	-1.45	-0.17	n
225070957	2384	1488	-1.45	-0.17	n
225080957	2384	1488	-1.45	-0.17	n
225090957	2383	1488	-1.37	-0.17	n
225100957	2384	1488	-1.45	-0.17	n
225110957	2384	1488	-1.45	-0.17	n
225120957	2384	1488	-1.45	-0.17	n
225130957	2384	1488	-1.45	-0.17	n
225140957	2384	1488	-1.45	-0.17	n
225150957	2384	1489	-1.45	-0.25	n
225160957	2384	1488	-1.45	-0.17	n
225170957	2384	1488	-1.45	-0.17	n
225180957	2383	1488	-1.37	-0.17	n
225190957	2384	1488	-1.45	-0.17	n
225200957	2384	1488	-1.45	-0.17	n
225210957	2384	1488	-1.45	-0.17	n
225220957	2383	1488	-1.37	-0.17	n
225230957	2383	1488	-1.37	-0.17	n
225240957	2383	1488	-1.37	-0.17	n
225250957	2384	1488	-1.45	-0.17	n
225260957	2384	1488	-1.45	-0.17	n
225270957	2383	1488	-1.37	-0.17	n
225280957	2384	1488	-1.45	-0.17	n
225290957	2384	1488	-1.45	-0.17	n
225300957	2384	1488	-1.45	-0.17	n
225310957	2384	1488	-1.45	-0.17	n
225320957	2383	1488	-1.37	-0.17	n
225330957	2383	1488	-1.37	-0.17	n
225340957	2384	1489	-1.45	-0.25	n
225350956	2383	1488	-1.37	-0.17	n
225360956	2384	1488	-1.45	-0.17	Location:lat:35.504275lon:139.465188;;Date:2024/12/8;;Time:05:46:39:00;;
225370957	2384	1488	-1.45	-0.17	n
225380956	2383	1489	-1.37	-0.25	n
225390956	2384	1488	-1.45	-0.17	n
225400956	2384	1488	-1.45	-0.17	n
225410956	2384	1488	-1.45	-0.17	n
225420956	2384	1488	-1.45	-0.17	n
225430956	2383	1488	-1.37	-0.17	n
225440956	2384	1488	-1.45	-0.17	n
225450956	2384	1488	-1.45	-0.17	n
225460956	2382	1488	-1.28	-0.17	n
225470956	2382	1488	-1.28	-0.17	Location:lat:35.504275lon:139.465188;;Time:05:46:39:00;;
225480956	2383	1488	-1.37	-0.17	n
225490956	2384	1488	-1.45	-0.17	n
225500955	2383	1489	-1.37	-0.25	n
225510955	2382	1488	-1.28	-0.17	n
225520954	2383	1488	-1.37	-0.17	n
225530954	2384	1488	-1.45	-0.17	n
225540954	2384	1488	-1.45	-0.17	n
225550954	2384	1488	-1.45	-0.17	n
225560954	2384	1488	-1.45	-0.17	n
225570953	2383	1488	-1.37	-0.17	n
225580952	2384	1488	-1.45	-0.17	n
225590959	2384	1488	-1.45	-0.17	n
225600959	2384	1488	-1.45	-0.17	n
225610959	2383	1488	-1.37	-0.17	n
225620959	2384	1488	-1.45	-0.17	n
225630959	2384	1488	-1.45	-0.17	n
225640959	2384	1488	-1.45	-0.17	n
225650960	2384	1488	-1.45	-0.17	n
225660960	2384	1489	-1.45	-0.25	n
225670960	2384	1488	-1.45	-0.17	n
225680960	2383	1488	-1.37	-0.17	n
225690961	2384	1489	-1.45	-0.25	n
225700961	2384	1488	-1.45	-0.17	n
225710961	2383	1488	-1.37	-0.17	n
225720961	2382	1488	-1.28	-0.17	n
225730960	2383	1488	-1.37	-0.17	n
225740960	2383	1488	-1.37	-0.17	n
225750960	2384	1488	-1.45	-0.17	n
225760960	2384	1489	-1.45	-0.25	n
225770960	2384	1489	-1.45	-0.25	n
225780960	2384	1489	-1.45	-0.25	n
225790959	2384	1488	-1.45	-0.17	n
225800959	2384	1488	-1.45	-0.17	n
225810958	2384	1488	-1.45	-0.17	n
225820958	2383	1488	-1.37	-0.17	n
225830958	2384	1489	-1.45	-0.25	n
225840958	2384	1489	-1.45	-0.25	Location:lat:35.504275lon:139.465188;;Date:2024/12/8;;Time:05:46:39:00;;
225850958	2382	1489	-1.28	-0.25	n
225860957	2383	1488	-1.37	-0.17	n
225870957	2383	1488	-1.37	-0.17	n
225880957	2384	1490	-1.45	-0.33	n
225890957	2383	1488	-1.37	-0.17	n
225900957	2384	1488	-1.45	-0.17	n
225910957	2384	1489	-1.45	-0.25	n
225920957	2383	1488	-1.37	-0.17	n
225930957	2383	1488	-1.37	-0.17	n
225940957	2384	1489	-1.45	-0.25	n
225950957	2384	1488	-1.45	-0.17	n
225960957	2384	1490	-1.45	-0.33	n
225970957	2383	1488	-1.37	-0.17	n
225980957	2384	1488	-1.45	-0.17	n
225990957	2383	1488	-1.37	-0.17	n
226000957	2383	1488	-1.37	-0.17	n
226010957	2384	1489	-1.45	-0.25	n
226020957	2384	1488	-1.45	-0.17	n
226030957	2384	1489	-1.45	-0.25	n
226040957	2384	1489	-1.45	-0.25	n
226050957	2384	1488	-1.45	-0.17	n
226060957	2383	1489	-1.37	-0.25	n
226070957	2384	1488	-1.45	-0.17	n
226080957	2383	1488	-1.37	-0.17	n
226090957	2384	1488	-1.45	-0.17	n
226100957	2384	1489	-1.45	-0.25	n
226110957	2384	1488	-1.45	-0.17	n
226120957	2384	1488	-1.45	-0.17	n
226130957	2384	1489	-1.45	-0.25	n
226140957	2384	1488	-1.45	-0.17	n
226150957	2384	1488	-1.45	-0.17	n
226160957	2384	1488	-1.45	-0.17	n
226170957	2384	1488	-1.45	-0.17	n
226180957	2384	1489	-1.45	-0.25	n
226190957	2384	1488	-1.45	-0.17	n
226200957	2384	1488	-1.45	-0.17	n
226210957	2383	1488	-1.37	-0.17	n
226220957	2384	1488	-1.45	-0.17	n
226230957	2383	1488	-1.37	-0.17	n
226240957	2384	1489	-1.45	-0.25	n
226250957	2384	1489	-1.45	-0.25	n
226260957	2383	1488	-1.37	-0.17	n
226270957	2384	1488	-1.45	-0.17	n
226280957	2383	1488	-1.37	-0.17	n
226290957	2384	1489	-1.45	-0.25	n
226300957	2384	1488	-1.45	-0.17	n
226310957	2384	1489	-1.45	-0.25	n
226320957	2384	1489	-1.45	-0.25	n
226330956	2383	1489	-1.37	-0.25	n
226340956	2384	1488	-1.45	-0.17	n
226350956	2384	1489	-1.45	-0.25	n
226360956	2384	1488	-1.45	-0.17	Location:lat:35.504273lon:139.465189;;Date:2024/12/8;;Time:05:46:40:00;;
226370957	2383	1488	-1.37	-0.17	n
226380956	2384	1488	-1.45	-0.17	n
226390956	2383	1488	-1.37	-0.17	n
226400956	2382	1488	-1.28	-0.17	n
226410956	2383	1488	-1.37	-0.17	n
226420956	2383	1488	-1.37	-0.17	n
226430956	2384	1488	-1.45	-0.17	n
226440955	2383	1488	-1.37	-0.17	n
226450954	2382	1488	-1.28	-0.17	n
226460955	2384	1488	-1.45	-0.17	n
226470955	2384	1488	-1.45	-0.17	Location:lat:35.504273lon:139.465189;;Time:05:46:40:00;;
226480955	2383	1487	-1.37	-0.09	n
226490960	2384	1488	-1.45	-0.17	n
226500960	2381	1489	-1.20	-0.25	n
226510960	2382	1488	-1.28	-0.17	n
226520960	2384	1488	-1.45	-0.17	n
226530959	2384	1488	-1.45	-0.17	n
226540959	2383	1488	-1.37	-0.17	n
226550959	2383	1488	-1.37	-0.17	n
226560959	2383	1488	-1.37	-0.17	n
226570959	2384	1488	-1.45	-0.17	n
226580959	2383	1488	-1.37	-0.17	n
226590958	2384	1488	-1.45	-0.17	n
226600958	2383	1489	-1.37	-0.25	n
226610958	2384	1488	-1.45	-0.17	n
226620958	2384	1488	-1.45	-0.17	n
226630958	2384	1489	-1.45	-0.25	n
226640957	2382	1488	-1.28	-0.17	n
226650957	2383	1488	-1.37	-0.17	n
226660957	2384	1490	-1.45	-0.33	n
226670957	2384	1488	-1.45	-0.17	n
226680957	2384	1488	-1.45	-0.17	n
226690957	2384	1488	-1.45	-0.17	n
226700957	2384	1489	-1.45	-0.25	n
226710957	2384	1488	-1.45	-0.17	n
226720957	2383	1488	-1.37	-0.17	n
226730957	2384	1488	-1.45	-0.17	n
226740957	2384	1488	-1.45	-0.17	n
226750957	2384	1489	-1.45	-0.25	n
226760957	2384	1488	-1.45	-0.17	n
226770957	2384	1488	-1.45	-0.17	n
226780956	2384	1489	-1.45	-0.25	n
226790956	2384	1488	-1.45	-0.17	n
226800956	2383	1488	-1.37	-0.17	n
226810956	2384	1488	-1.45	-0.17	n
226820965	2383	1488	-1.37	-0.17	n
226830965	2383	1488	-1.37	-0.17	n
226840965	2382	1487	-1.28	-0.09	Location:lat:35.504273lon:139.465189;;Date:2024/12/8;;Time:05:46:40:00;;
226850965	2382	1489	-1.28	-0.25	n
226860964	2383	1488	-1.37	-0.17	n
226870965	2383	1488	-1.37	-0.17	n
226880965	2384	1488	-1.45	-0.17	n
226890965	2384	1488	-1.45	-0.17	n
226900965	2384	1488	-1.45	-0.17	n
226910965	2384	1488	-1.45	-0.17	n
226920965	2383	1488	-1.37	-0.17	n
226930965	2384	1489	-1.45	-0.25	n
226940965	2384	1488	-1.45	-0.17	n
226950965	2382	1488	-1.28	-0.17	n
226960965	2382	1488	-1.28	-0.17	n
226970965	2383	1489	-1.37	-0.25	n
226980965	2384	1488	-1.45	-0.17	n
226990965	2384	1489	-1.45	-0.25	n
227000965	2383	1488	-1.37	-0.17	n
227010965	2382	1488	-1.28	-0.17	n
227020965	2383	1488	-1.37	-0.17	n
227030965	2383	1489	-1.37	-0.25	n
227040965	2383	1488	-1.37	-0.17	n
227050965	2383	1488	-1.37	-0.17	n
227060965	2384	1489	-1.45	-0.25	n
227070965	2384	1488	-1.45	-0.17	n
227080965	2383	1488	-1.37	-0.17	n
227090965	2384	1489	-1.45	-0.25	n
227100965	2384	1488	-1.45	-0.17	n
227110965	2383	1488	-1.37	-0.17	n
227120965	2384	1488	-1.45	-0.17	n
227130965	2384	1489	-1.45	-0.25	n
227140965	2383	1489	-1.37	-0.25	n
227150965	2383	1488	-1.37	-0.17	n
227160965	2384	1488	-1.45	-0.17	n
227170965	2384	1489	-1.45	-0.25	n
227180965	2384	1488	-1.45	-0.17	n
227190965	2384	1488	-1.45	-0.17	n
227200965	2384	1488	-1.45	-0.17	n
227210965	2382	1488	-1.28	-0.17	n
227220965	2383	1488	-1.37	-0.17	n
227230965	2384	1488	-1.45	-0.17	n
227240965	2384	1488	-1.45	-0.17	n
227250965	2382	1488	-1.28	-0.17	n
227260965	2383	1488	-1.37	-0.17	n
227270965	2384	1488	-1.45	-0.17	n
227280965	2383	1488	-1.37	-0.17	n
227290965	2384	1489	-1.45	-0.25	n
227300966	2384	1488	-1.45	-0.17	n
227310966	2383	1488	-1.37	-0.17	n
227320966	2384	1488	-1.45	-0.17	n
227330966	2383	1488	-1.37	-0.17	n
227340966	2382	1488	-1.28	-0.17	n
227350966	2383	1488	-1.37	-0.17	n
227360966	2383	1488	-1.37	-0.17	Location:lat:35.504273lon:139.465191;;Date:2024/12/8;;Time:05:46:41:00;;
227370966	2384	1488	-1.45	-0.17	n
227380965	2383	1488	-1.37	-0.17	n
227390965	2382	1488	-1.28	-0.17	n
227400965	2383	1488	-1.37	-0.17	n
227410964	2384	1488	-1.45	-0.17	n
227420964	2384	1488	-1.45	-0.17	n
227430964	2382	1488	-1.28	-0.17	n
227440964	2384	1488	-1.45	-0.17	n
227450964	2383	1488	-1.37	-0.17	n
227460965	2382	1488	-1.28	-0.17	n
227470965	2383	1488	-1.37	-0.17	Location:lat:35.504273lon:139.465191;;Time:05:46:41:00;;
227480965	2383	1488	-1.37	-0.17	n
227490965	2383	1488	-1.37	-0.17	n
227500965	2383	1488	-1.37	-0.17	n
227510965	2381	1488	-1.20	-0.17	n
227520965	2383	1488	-1.37	-0.17	n
227530965	2383	1488	-1.37	-0.17	n
227540964	2383	1488	-1.37	-0.17	n
227550964	2383	1488	-1.37	-0.17	n
227560964	2384	1488	-1.45	-0.17	n
227570964	2384	1488	-1.45	-0.17	n
227580965	2383	1488	-1.37	-0.17	n
227590965	2384	1488	-1.45	-0.17	n
227600965	2383	1488	-1.37	-0.17	n
227610965	2383	1488	-1.37	-0.17	n
227620965	2383	1488	-1.37	-0.17	n
227630965	2383	1489	-1.37	-0.25	n
227640965	2383	1488	-1.37	-0.17	n
227650965	2384	1488	-1.45	-0.17	n
227660964	2383	1488	-1.37	-0.17	n
227670964	2384	1489	-1.45	-0.25	n
227680963	2384	1488	-1.45	-0.17	n
227690963	2384	1489	-1.45	-0.25	n
227700963	2384	1488	-1.45	-0.17	n
227710964	2383	1488	-1.37	-0.17	n
227720964	2384	1488	-1.45	-0.17	n
227730963	2383	1488	-1.37	-0.17	n
227740963	2384	1489	-1.45	-0.25	n
227750963	2384	1489	-1.45	-0.25	n
227760963	2383	1488	-1.37	-0.17	n
227770963	2384	1488	-1.45	-0.17	n
227780964	2384	1488	-1.45	-0.17	n
227790964	2383	1488	-1.37	-0.17	n
227800964	2384	1488	-1.45	-0.17	n
227810964	2384	1488	-1.45	-0.17	n
227820964	2384	1488	-1.45	-0.17	n
227830964	2384	1488	-1.45	-0.17	n
227840963	2383	1488	-1.37	-0.17	Location:lat:35.504273lon:139.465191;;Date:2024/12/8;;Time:05:46:41:00;;
227850962	2384	1488	-1.45	-0.17	n
227860962	2384	1489	-1.45	-0.25	n
227870962	2384	1488	-1.45	-0.17	n
227880962	2383	1488	-1.37	-0.17	n
227890962	2384	1489	-1.45	-0.25	n
227900962	2384	1489	-1.45	-0.25	n
227910962	2384	1488	-1.45	-0.17	n
227920962	2383	1488	-1.37	-0.17	n
227930962	2383	1488	-1.37	-0.17	n
227940962	2383	1488	-1.37	-0.17	n
227950962	2383	1488	-1.37	-0.17	n
227960962	2384	1488	-1.45	-0.17	n
227970962	2383	1488	-1.37	-0.17	n
227980962	2384	1488	-1.45	-0.17	n
227990962	2384	1488	-1.45	-0.17	n
228000962	2385	1488	-1.53	-0.17	n
228010962	2384	1488	-1.45	-0.17	n
228020962	2383	1488	-1.37	-0.17	n
228030962	2384	1488	-1.45	-0.17	n
228040962	2384	1488	-1.45	-0.17	n
228050962	2384	1489	-1.45	-0.25	n
228060962	2384	1489	-1.45	-0.25	n
228070962	2384	1488	-1.45	-0.17	n
228080962	2384	1488	-1.45	-0.17	n
228090962	2384	1488	-1.45	-0.17	n
228100962	2384	1488	-1.45	-0.17	n
228110962	2384	1488	-1.45	-0.17	n
228120962	2384	1489	-1.45	-0.25	n
228130962	2384	1488	-1.45	-0.17	n
228140962	2384	1488	-1.45	-0.17	n
228150962	2384	1488	-1.45	-0.17	n
228160962	2384	1488	-1.45	-0.17	n
228170962	2384	1489	-1.45	-0.25	n
228180962	2384	1488	-1.45	-0.17	n
228190962	2384	1488	-1.45	-0.17	n
228200962	2384	1488	-1.45	-0.17	n
228210962	2384	1488	-1.45	-0.17	n
228220962	2384	1488	-1.45	-0.17	n
228230962	2384	1489	-1.45	-0.25	n
228240962	2384	1488	-1.45	-0.17	n
228250962	2384	1488	-1.45	-0.17	n
228260962	2383	1488	-1.37	-0.17	n
228270962	2383	1488	-1.37	-0.17	n
228280962	2383	1488	-1.37	-0.17	n
228290962	2384	1489	-1.45	-0.25	n
228300962	2383	1488	-1.37	-0.17	n
228310962	2383	1488	-1.37	-0.17	n
228320962	2384	1489	-1.45	-0.25	n
228330963	2383	1488	-1.37	-0.17	n
228340962	2383	1488	-1.37	-0.17	n
228350962	2384	1488	-1.45	-0.17	n
228360962	2384	1488	-1.45	-0.17	Location:lat:35.504272lon:139.465195;;Date:2024/12/8;;Time:05:46:42:00;;
228370963	2384	1488	-1.45	-0.17	n
228380962	2383	1488	-1.37	-0.17	n
228390962	2382	1488	-1.28	-0.17	n
228400962	2384	1488	-1.45	-0.17	n
228410962	2384	1488	-1.45	-0.17	n
228420962	2384	1488	-1.45	-0.17	n
228430962	2384	1488	-1.45	-0.17	n
228440962	2384	1489	-1.45	-0.25	n
228450961	2384	1490	-1.45	-0.33	n
228460960	2383	1490	-1.37	-0.33	n
228470959	2384	1488	-1.45	-0.17	Location:lat:35.504272lon:139.465195;;Time:05:46:42:00;;
228480960	2383	1488	-1.37	-0.17	n
228490959	2384	1488	-1.45	-0.17	n
228500959	2384	1488	-1.45	-0.17	n
228510959	2384	1488	-1.45	-0.17	n
228520959	2383	1488	-1.37	-0.17	n
228530959	2379	1489	-1.03	-0.25	n
228540959	2383	1488	-1.37	-0.17	n
228550959	2383	1488	-1.37	-0.17	n
228560959	2384	1488	-1.45	-0.17	n
228570958	2383	1488	-1.37	-0.17	n
228580958	2383	1488	-1.37	-0.17	n
228590958	2384	1488	-1.45	-0.17	n
228600957	2384	1489	-1.45	-0.25	n
228610957	2384	1488	-1.45	-0.17	n
228620957	2384	1489	-1.45	-0.25	n
228630957	2384	1488	-1.45	-0.17	n
228640957	2384	1488	-1.45	-0.17	n
228650957	2384	1488	-1.45	-0.17	n
228660957	2384	1488	-1.45	-0.17	n
228670957	2384	1488	-1.45	-0.17	n
228680957	2384	1489	-1.45	-0.25	n
228690957	2384	1488	-1.45	-0.17	n
228700957	2384	1489	-1.45	-0.25	n
228710957	2384	1488	-1.45	-0.17	n
228720956	2384	1490	-1.45	-0.33	n
228730956	2384	1488	-1.45	-0.17	n
228740955	2384	1488	-1.45	-0.17	n
228750955	2384	1488	-1.45	-0.17	n
228760954	2384	1489	-1.45	-0.25	n
228770953	2384	1488	-1.45	-0.17	n
228780953	2384	1488	-1.45	-0.17	n
228790952	2384	1489	-1.45	-0.25	n
228800952	2384	1488	-1.45	-0.17	n
228810951	2384	1488	-1.45	-0.17	n
228820951	2384	1490	-1.45	-0.33	n
228830951	2384	1488	-1.45	-0.17	n
228840951	2384	1489	-1.45	-0.25	Location:lat:35.504272lon:139.465195;;Date:2024/12/8;;Time:05:46:42:00;;
228850951	2383	1488	-1.37	-0.17	n
228860951	2384	1489	-1.45	-0.25	n
228870951	2384	1488	-1.45	-0.17	n
228880951	2384	1488	-1.45	-0.17	n
228890951	2384	1489	-1.45	-0.25	n
228900951	2384	1488	-1.45	-0.17	n
228910951	2384	1488	-1.45	-0.17	n
228920951	2384	1489	-1.45	-0.25	n
228930951	2384	1489	-1.45	-0.25	n
228940951	2384	1488	-1.45	-0.17	n
228950951	2384	1489	-1.45	-0.25	n
228960951	2383	1489	-1.37	-0.25	n
228970951	2384	1488	-1.45	-0.17	n
228980951	2384	1489	-1.45	-0.25	n
228990951	2383	1488	-1.37	-0.17	n
229000951	2384	1489	-1.45	-0.25	n
229010951	2384	1489	-1.45	-0.25	n
229020951	2384	1488	-1.45	-0.17	n
229030951	2384	1488	-1.45	-0.17	n
229040951	2383	1488	-1.37	-0.17	n
229050951	2384	1489	-1.45	-0.25	n
229060951	2384	1490	-1.45	-0.33	n
229070951	2384	1488	-1.45	-0.17	n
229080951	2384	1489	-1.45	-0.25	n
229090951	2384	1489	-1.45	-0.25	n
229100951	2384	1490	-1.45	-0.33	n
229110951	2383	1488	-1.37	-0.17	n
229120951	2384	1490	-1.45	-0.33	n
229130951	2384	1489	-1.45	-0.25	n
229140951	2384	1488	-1.45	-0.17	n
229150951	2383	1488	-1.37	-0.17	n
229160951	2384	1489	-1.45	-0.25	n
229170951	2384	1488	-1.45	-0.17	n
229180951	2384	1489	-1.45	-0.25	n
229190951	2384	1488	-1.45	-0.17	n
229200951	2384	1488	-1.45	-0.17	n
229210951	2384	1488	-1.45	-0.17	n
229220951	2384	1488	-1.45	-0.17	n
229230951	2383	1489	-1.37	-0.25	n
229240951	2384	1488	-1.45	-0.17	n
229250951	2384	1489	-1.45	-0.25	n
229260951	2384	1488	-1.45	-0.17	n
229270951	2384	1488	-1.45	-0.17	n
229280951	2384	1488	-1.45	-0.17	n
229290951	2384	1488	-1.45	-0.17	n
229300950	2384	1488	-1.45	-0.17	n
229310950	2384	1488	-1.45	-0.17	n
229320950	2383	1488	-1.37	-0.17	n
229330949	2384	1488	-1.45	-0.17	n
229340948	2383	1488	-1.37	-0.17	n
229350949	2384	1488	-1.45	-0.17	n
229360949	2384	1488	-1.45	-0.17	Location:lat:35.504272lon:139.465196;;Date:2024/12/8;;Time:05:46:43:00;;
229370949	2384	1488	-1.45	-0.17	n
229380948	2384	1488	-1.45	-0.17	n
229390947	2384	1489	-1.45	-0.25	n
229400946	2384	1489	-1.45	-0.25	n
229410949	2384	1488	-1.45	-0.17	n
229420949	2384	1488	-1.45	-0.17	n
229430949	2384	1489	-1.45	-0.25	n
229440949	2384	1489	-1.45	-0.25	n
229450949	2384	1488	-1.45	-0.17	n
229460949	2383	1489	-1.37	-0.25	n
229470948	2382	1489	-1.28	-0.25	Location:lat:35.504272lon:139.465196;;Time:05:46:43:00;;
229480948	2384	1488	-1.45	-0.17	n
229490960	2384	1488	-1.45	-0.17	n
229500960	2384	1490	-1.45	-0.33	n
229510960	2384	1488	-1.45	-0.17	n
229520960	2385	1489	-1.53	-0.25	n
229530959	2384	1489	-1.45	-0.25	n
229540959	2384	1488	-1.45	-0.17	n
229550959	2384	1488	-1.45	-0.17	n
229560959	2383	1488	-1.37	-0.17	n
229570959	2383	1488	-1.37	-0.17	n
229580958	2382	1488	-1.28	-0.17	n
229590963	2383	1488	-1.37	-0.17	n
229600963	2384	1488	-1.45	-0.17	n
229610964	2384	1488	-1.45	-0.17	n
229620963	2384	1488	-1.45	-0.17	n
229630963	2384	1488	-1.45	-0.17	n
229640963	2384	1488	-1.45	-0.17	n
229650963	2384	1489	-1.45	-0.25	n
229660963	2383	1489	-1.37	-0.25	n
229670962	2384	1488	-1.45	-0.17	n
229680962	2384	1489	-1.45	-0.25	n
229690963	2384	1489	-1.45	-0.25	n
229700963	2384	1488	-1.45	-0.17	n
229710963	2384	1488	-1.45	-0.17	n
229720964	2384	1488	-1.45	-0.17	n
229730963	2383	1488	-1.37	-0.17	n
229740963	2384	1489	-1.45	-0.25	n
229750963	2384	1488	-1.45	-0.17	n
229760963	2384	1488	-1.45	-0.17	n
229770962	2384	1488	-1.45	-0.17	n
229780962	2384	1489	-1.45	-0.25	n
229790962	2384	1489	-1.45	-0.25	n
229800962	2384	1488	-1.45	-0.17	n
229810961	2384	1488	-1.45	-0.17	n
229820962	2384	1489	-1.45	-0.25	n
229830962	2383	1488	-1.37	-0.17	n
229840962	2384	1489	-1.45	-0.25	Location:lat:35.504272lon:139.465196;;Date:2024/12/8;;Time:05:46:43:00;;
229850962	2382	1488	-1.28	-0.17	n
229860962	2383	1488	-1.37	-0.17	n
229870962	2382	1488	-1.28	-0.17	n
229880962	2383	1488	-1.37	-0.17	n
229890962	2383	1489	-1.37	-0.25	n
229900962	2384	1488	-1.45	-0.17	n
229910962	2383	1488	-1.37	-0.17	n
229920962	2384	1488	-1.45	-0.17	n
229930962	2383	1488	-1.37	-0.17	n
229940962	2384	1488	-1.45	-0.17	n
229950962	2384	1488	-1.45	-0.17	n
229960962	2383	1488	-1.37	-0.17	n
229970962	2384	1489	-1.45	-0.25	n
229980962	2384	1488	-1.45	-0.17	n
229990962	2384	1490	-1.45	-0.33	n
230000962	2384	1488	-1.45	-0.17	n
230010962	2384	1488	-1.45	-0.17	n
230020962	2384	1488	-1.45	-0.17	n
230030962	2384	1489	-1.45	-0.25	n
230040962	2383	1488	-1.37	-0.17	n
230050962	2384	1488	-1.45	-0.17	n
230060962	2379	1488	-1.03	-0.17	n
230070962	2383	1488	-1.37	-0.17	n
230080962	2383	1488	-1.37	-0.17	n
230090962	2384	1488	-1.45	-0.17	n
230100962	2384	1488	-1.45	-0.17	n
230110962	2384	1488	-1.45	-0.17	n
230120962	2383	1488	-1.37	-0.17	n
230130962	2384	1488	-1.45	-0.17	n
230140962	2384	1488	-1.45	-0.17	n
230150962	2383	1488	-1.37	-0.17	n
230160962	2383	1488	-1.37	-0.17	n
230170962	2383	1489	-1.37	-0.25	n
230180962	2383	1488	-1.37	-0.17	n
230190962	2384	1488	-1.45	-0.17	n
230200962	2384	1489	-1.45	-0.25	n
230210962	2384	1488	-1.45	-0.17	n
230220962	2384	1488	-1.45	-0.17	n
230230962	2384	1488	-1.45	-0.17	n
230240962	2383	1488	-1.37	-0.17	n
230250962	2384	1488	-1.45	-0.17	n
230260962	2384	1488	-1.45	-0.17	n
230270962	2383	1488	-1.37	-0.17	n
230280962	2383	1489	-1.37	-0.25	n
230290963	2383	1488	-1.37	-0.17	n
230300963	2384	1488	-1.45	-0.17	n
230310963	2382	1488	-1.28	-0.17	n
230320964	2384	1488	-1.45	-0.17	n
230330965	2383	1488	-1.37	-0.17	n
230340964	2384	1488	-1.45	-0.17	n
230350965	2383	1488	-1.37	-0.17	n
230360965	2384	1489	-1.45	-0.25	Location:lat:35.504269lon:139.465199;;Date:2024/12/8;;Time:05:46:44:00;;
230370965	2383	1488	-1.37	-0.17	n
230380965	2384	1488	-1.45	-0.17	n
230390965	2383	1488	-1.37	-0.17	n
230400965	2384	1488	-1.45	-0.17	n
230410965	2384	1488	-1.45	-0.17	n
230420966	2384	1488	-1.45	-0.17	n
230430966	2383	1488	-1.37	-0.17	n
230440965	2384	1488	-1.45	-0.17	n
230450964	2383	1488	-1.37	-0.17	n
230460963	2383	1488	-1.37	-0.17	n
230470963	2384	1488	-1.45	-0.17	Location:lat:35.504269lon:139.465199;;Time:05:46:44:00;;
230480963	2384	1490	-1.45	-0.33	n
230490963	2384	1488	-1.45	-0.17	n
230500963	2383	1488	-1.37	-0.17	n
230510962	2384	1489	-1.45	-0.25	n
230520963	2384	1488	-1.45	-0.17	n
230530963	2385	1488	-1.53	-0.17	n
230540962	2384	1488	-1.45	-0.17	n
230550962	2382	1488	-1.28	-0.17	n
230560961	2382	1488	-1.28	-0.17	n
230570961	2383	1488	-1.37	-0.17	n
230580960	2383	1488	-1.37	-0.17	n
230590960	2383	1489	-1.37	-0.25	n
230600966	2384	1488	-1.45	-0.17	n
230610966	2384	1488	-1.45	-0.17	n
230620966	2383	1488	-1.37	-0.17	n
230630966	2383	1488	-1.37	-0.17	n
230640965	2384	1488	-1.45	-0.17	n
230650965	2384	1488	-1.45	-0.17	n
230660965	2383	1488	-1.37	-0.17	n
230670964	2384	1489	-1.45	-0.25	n
230680964	2383	1488	-1.37	-0.17	n
230690963	2383	1488	-1.37	-0.17	n
230700964	2383	1488	-1.37	-0.17	n
230710964	2383	1488	-1.37	-0.17	n
230720964	2384	1489	-1.45	-0.25	n
230730965	2384	1488	-1.45	-0.17	n
230740965	2383	1488	-1.37	-0.17	n
230750966	2384	1488	-1.45	-0.17	n
230760966	2384	1488	-1.45	-0.17	n
230770966	2384	1489	-1.45	-0.25	n
230780966	2383	1488	-1.37	-0.17	n
230790966	2384	1489	-1.45	-0.25	n
230800966	2384	1488	-1.45	-0.17	n
230810966	2383	1488	-1.37	-0.17	n
230820966	2384	1488	-1.45	-0.17	n
230830966	2384	1489	-1.45	-0.25	n
230840966	2384	1488	-1.45	-0.17	Location:lat:35.504269lon:139.465199;;Date:2024/12/8;;Time:05:46:44:00;;
230850966	2383	1488	-1.37	-0.17	n
230860966	2384	1488	-1.45	-0.17	n
230870966	2384	1488	-1.45	-0.17	n
230880966	2384	1488	-1.45	-0.17	n
230890966	2384	1489	-1.45	-0.25	n
230900966	2384	1489	-1.45	-0.25	n
230910966	2384	1489	-1.45	-0.25	n
230920966	2384	1489	-1.45	-0.25	n
230930966	2384	1489	-1.45	-0.25	n
230940966	2384	1489	-1.45	-0.25	n
230950966	2384	1488	-1.45	-0.17	n
230960966	2384	1488	-1.45	-0.17	n
230970966	2383	1488	-1.37	-0.17	n
230980966	2384	1488	-1.45	-0.17	n
230990966	2384	1488	-1.45	-0.17	n
231000966	2383	1489	-1.37	-0.25	n
231010966	2384	1488	-1.45	-0.17	n
231020966	2383	1488	-1.37	-0.17	n
231030966	2383	1488	-1.37	-0.17	n
231040966	2384	1488	-1.45	-0.17	n
231050966	2384	1488	-1.45	-0.17	n
231060966	2384	1489	-1.45	-0.25	n
231070966	2384	1488	-1.45	-0.17	n
231080966	2383	1489	-1.37	-0.25	n
231090966	2384	1489	-1.45	-0.25	n
231100966	2384	1487	-1.45	-0.09	n
231110966	2383	1488	-1.37	-0.17	n
231120966	2383	1488	-1.37	-0.17	n
231130966	2383	1488	-1.37	-0.17	n
231140966	2384	1488	-1.45	-0.17	n
231150966	2384	1488	-1.45	-0.17	n
231160966	2384	1489	-1.45	-0.25	n
231170966	2384	1488	-1.45	-0.17	n
231180966	2384	1489	-1.45	-0.25	n
231190966	2384	1489	-1.45	-0.25	n
231200966	2384	1489	-1.45	-0.25	n
231210966	2384	1488	-1.45	-0.17	n
231220966	2383	1488	-1.37	-0.17	n
231230966	2384	1488	-1.45	-0.17	n
231240966	2383	1489	-1.37	-0.25	n
231250966	2384	1489	-1.45	-0.25	n
231260966	2383	1488	-1.37	-0.17	n
231270966	2383	1488	-1.37	-0.17	n
231280966	2384	1489	-1.45	-0.25	n
231290966	2384	1488	-1.45	-0.17	n
231300966	2384	1490	-1.45	-0.33	n
231310973	2384	1489	-1.45	-0.25	n
231320973	2384	1488	-1.45	-0.17	n
231330973	2384	1489	-1.45	-0.25	n
231340973	2384	1488	-1.45	-0.17	n
231350973	2384	1488	-1.45	-0.17	n
231360973	2384	1488	-1.45	-0.17	Location:lat:35.504269lon:139.465199;;Date:2024/12/8;;Time:05:46:45:00;;
231370973	2384	1489	-1.45	-0.25	n
231380973	2384	1489	-1.45	-0.25	n
231390973	2384	1488	-1.45	-0.17	n
231400973	2383	1488	-1.37	-0.17	n
231410973	2384	1488	-1.45	-0.17	n
231420973	2384	1488	-1.45	-0.17	n
231430973	2384	1488	-1.45	-0.17	n
231440973	2383	1488	-1.37	-0.17	n
231450973	2383	1488	-1.37	-0.17	n
231460973	2384	1489	-1.45	-0.25	n
231470973	2384	1488	-1.45	-0.17	n
231480973	2384	1488	-1.45	-0.17	Location:lat:35.504269lon:139.465199;;Time:05:46:45:00;;
231490972	2384	1488	-1.45	-0.17	n
231500972	2384	1489	-1.45	-0.25	n
231510972	2384	1490	-1.45	-0.33	n
231520972	2384	1488	-1.45	-0.17	n
231530972	2383	1488	-1.37	-0.17	n
231540972	2383	1488	-1.37	-0.17	n
231550972	2384	1488	-1.45	-0.17	n
231560972	2384	1488	-1.45	-0.17	n
231570973	2384	1488	-1.45	-0.17	n
231580973	2384	1488	-1.45	-0.17	n
231590972	2381	1488	-1.20	-0.17	n
231600973	2384	1488	-1.45	-0.17	n
231610973	2384	1488	-1.45	-0.17	n
231620972	2384	1488	-1.45	-0.17	n
231630972	2384	1488	-1.45	-0.17	n
231640981	2384	1488	-1.45	-0.17	n
231650981	2384	1488	-1.45	-0.17	n
231660981	2384	1488	-1.45	-0.17	n
231670981	2384	1488	-1.45	-0.17	n
231680981	2384	1488	-1.45	-0.17	n
231690981	2384	1488	-1.45	-0.17	n
231700981	2384	1489	-1.45	-0.25	n
231710981	2383	1488	-1.37	-0.17	n
231720981	2384	1489	-1.45	-0.25	n
231730980	2384	1489	-1.45	-0.25	n
231740980	2384	1489	-1.45	-0.25	n
231750980	2384	1488	-1.45	-0.17	n
231760980	2382	1488	-1.28	-0.17	n
231770980	2384	1488	-1.45	-0.17	n
231780980	2384	1488	-1.45	-0.17	n
231790980	2384	1488	-1.45	-0.17	n
231800980	2384	1489	-1.45	-0.25	n
231810980	2384	1488	-1.45	-0.17	n
231820980	2384	1488	-1.45	-0.17	n
231830979	2384	1489	-1.45	-0.25	n
231840979	2384	1489	-1.45	-0.25	Location:lat:35.504269lon:139.465199;;Date:2024/12/8;;Time:05:46:45:00;;
231850978	2384	1488	-1.45	-0.17	n
231860977	2384	1488	-1.45	-0.17	n
231870977	2384	1488	-1.45	-0.17	n
231880977	2384	1488	-1.45	-0.17	n
231890977	2384	1488	-1.45	-0.17	n
231900977	2384	1489	-1.45	-0.25	n
231910977	2384	1488	-1.45	-0.17	n
231920977	2384	1488	-1.45	-0.17	n
231930977	2384	1488	-1.45	-0.17	n
231940977	2384	1489	-1.45	-0.25	n
231950977	2384	1488	-1.45	-0.17	n
231960977	2384	1488	-1.45	-0.17	n
231970977	2384	1488	-1.45	-0.17	n
231980977	2383	1488	-1.37	-0.17	n
231990977	2384	1488	-1.45	-0.17	n
232000977	2384	1489	-1.45	-0.25	n
232010977	2383	1488	-1.37	-0.17	n
232020977	2384	1488	-1.45	-0.17	n
232030977	2384	1489	-1.45	-0.25	n
232040977	2383	1488	-1.37	-0.17	n
232050977	2382	1488	-1.28	-0.17	n
232060977	2383	1488	-1.37	-0.17	n
232070977	2384	1488	-1.45	-0.17	n
232080977	2383	1487	-1.37	-0.09	n
232090976	2383	1488	-1.37	-0.17	n
232100976	2379	1488	-1.03	-0.17	n
232110976	2383	1488	-1.37	-0.17	n
232120976	2384	1488	-1.45	-0.17	n
232130976	2384	1489	-1.45	-0.25	n
232140976	2384	1488	-1.45	-0.17	n
232150976	2383	1488	-1.37	-0.17	n
232160976	2383	1488	-1.37	-0.17	n
232170976	2383	1488	-1.37	-0.17	n
232180976	2384	1488	-1.45	-0.17	n
232190976	2383	1489	-1.37	-0.25	n
232200976	2384	1489	-1.45	-0.25	n
232210976	2383	1488	-1.37	-0.17	n
232220976	2384	1488	-1.45	-0.17	n
232230976	2384	1488	-1.45	-0.17	n
232240976	2382	1488	-1.28	-0.17	n
232250976	2383	1488	-1.37	-0.17	n
232260976	2384	1488	-1.45	-0.17	n
232270976	2384	1488	-1.45	-0.17	n
232280976	2383	1489	-1.37	-0.25	n
232290977	2383	1488	-1.37	-0.17	n
232300977	2383	1488	-1.37	-0.17	n
232310977	2383	1488	-1.37	-0.17	n
232320977	2384	1489	-1.45	-0.25	n
232330976	2384	1489	-1.45	-0.25	n
232340976	2382	1489	-1.28	-0.25	n
232350976	2384	1489	-1.45	-0.25	n
232360975	2384	1488	-1.45	-0.17	Location:lat:35.504271lon:139.465197;;Date:2024/12/8;;Time:05:46:46:00;;
232370980	2384	1488	-1.45	-0.17	n
232380980	2382	1489	-1.28	-0.25	n
232390980	2382	1488	-1.28	-0.17	n
232400980	2384	1488	-1.45	-0.17	n
232410980	2383	1488	-1.37	-0.17	n
232420981	2383	1488	-1.37	-0.17	n
232430982	2384	1488	-1.45	-0.17	n
232440982	2383	1488	-1.37	-0.17	n
232450982	2384	1488	-1.45	-0.17	n
232460982	2384	1488	-1.45	-0.17	n
232470983	2383	1488	-1.37	-0.17	Location:lat:35.504271lon:139.465197;;Time:05:46:46:00;;
232480984	2384	1488	-1.45	-0.17	n
232490984	2383	1487	-1.37	-0.09	n
232500984	2384	1489	-1.45	-0.25	n
232510984	2384	1489	-1.45	-0.25	n
232520984	2384	1488	-1.45	-0.17	n
232530984	2384	1488	-1.45	-0.17	n
232540983	2384	1489	-1.45	-0.25	n
232550983	2384	1488	-1.45	-0.17	n
232560982	2383	1488	-1.37	-0.17	n
232570982	2384	1488	-1.45	-0.17	n
232580982	2384	1489	-1.45	-0.25	n
232590982	2383	1489	-1.37	-0.25	n
232600982	2384	1488	-1.45	-0.17	n
232610982	2384	1488	-1.45	-0.17	n
232620981	2383	1488	-1.37	-0.17	n
232630980	2383	1488	-1.37	-0.17	n
232640980	2383	1488	-1.37	-0.17	n
232650980	2383	1488	-1.37	-0.17	n
232660980	2384	1488	-1.45	-0.17	n
232670980	2383	1488	-1.37	-0.17	n
232680979	2383	1489	-1.37	-0.25	n
232690978	2384	1488	-1.45	-0.17	n
232700986	2384	1489	-1.45	-0.25	n
232710986	2384	1488	-1.45	-0.17	n
232720986	2384	1489	-1.45	-0.25	n
232730986	2384	1489	-1.45	-0.25	n
232740987	2384	1489	-1.45	-0.25	n
232750987	2384	1488	-1.45	-0.17	n
232760987	2384	1488	-1.45	-0.17	n
232770986	2384	1489	-1.45	-0.25	n
232780986	2383	1488	-1.37	-0.17	n
232790986	2383	1488	-1.37	-0.17	n
232800986	2383	1489	-1.37	-0.25	n
232810986	2383	1489	-1.37	-0.25	n
232820986	2384	1488	-1.45	-0.17	n
232830986	2384	1488	-1.45	-0.17	n
232840987	2383	1488	-1.37	-0.17	Location:lat:35.504271lon:139.465197;;Date:2024/12/8;;Time:05:46:46:00;;
232850987	2383	1488	-1.37	-0.17	n
232860987	2384	1488	-1.45	-0.17	n
232870987	2384	1488	-1.45	-0.17	n
232880987	2384	1488	-1.45	-0.17	n
232890987	2384	1489	-1.45	-0.25	n
232900987	2384	1488	-1.45	-0.17	n
232910987	2383	1488	-1.37	-0.17	n
232920987	2383	1488	-1.37	-0.17	n
232930987	2384	1488	-1.45	-0.17	n
232940987	2384	1488	-1.45	-0.17	n
232950987	2383	1489	-1.37	-0.25	n
232960987	2383	1489	-1.37	-0.25	n
232970987	2383	1488	-1.37	-0.17	n
232980987	2384	1488	-1.45	-0.17	n
232990987	2384	1488	-1.45	-0.17	n
233000987	2383	1488	-1.37	-0.17	n
233010987	2384	1488	-1.45	-0.17	n
233020987	2383	1488	-1.37	-0.17	n
233030987	2383	1489	-1.37	-0.25	n
233040987	2384	1488	-1.45	-0.17	n
233050987	2383	1488	-1.37	-0.17	n
233060987	2383	1488	-1.37	-0.17	n
233070987	2383	1488	-1.37	-0.17	n
233080987	2384	1489	-1.45	-0.25	n
233090987	2384	1489	-1.45	-0.25	n
233100987	2384	1488	-1.45	-0.17	n
233110987	2384	1488	-1.45	-0.17	n
233120987	2382	1488	-1.28	-0.17	n
233130987	2384	1488	-1.45	-0.17	n
233140987	2384	1489	-1.45	-0.25	n
233150987	2383	1488	-1.37	-0.17	n
233160987	2384	1488	-1.45	-0.17	n
233170987	2384	1488	-1.45	-0.17	n
233180987	2384	1488	-1.45	-0.17	n
233190987	2384	1490	-1.45	-0.33	n
233200987	2384	1489	-1.45	-0.25	n
233210987	2383	1488	-1.37	-0.17	n
233220987	2383	1488	-1.37	-0.17	n
233230987	2383	1488	-1.37	-0.17	n
233240987	2384	1489	-1.45	-0.25	n
233250987	2383	1488	-1.37	-0.17	n
233260987	2382	1488	-1.28	-0.17	n
233270987	2382	1488	-1.28	-0.17	n
233280987	2383	1488	-1.37	-0.17	n
233290987	2384	1488	-1.45	-0.17	n
233300986	2383	1488	-1.37	-0.17	n
233310985	2383	1488	-1.37	-0.17	n
233320984	2384	1488	-1.45	-0.17	n
233330985	2384	1488	-1.45	-0.17	n
233340985	2382	1488	-1.28	-0.17	n
233350985	2383	1488	-1.37	-0.17	n
233360994	2384	1488	-1.45	-0.17	Location:lat:35.504271lon:139.465197;;Date:2024/12/8;;Time:05:46:47:00;;
233370995	2382	1488	-1.28	-0.17	n
233380995	2384	1488	-1.45	-0.17	n
233390995	2383	1488	-1.37	-0.17	n
233400995	2383	1488	-1.37	-0.17	n
233410994	2382	1488	-1.28	-0.17	n
233420995	2383	1488	-1.37	-0.17	n
233430994	2383	1489	-1.37	-0.25	n
233440994	2383	1488	-1.37	-0.17	n
233450993	2384	1488	-1.45	-0.17	n
233460993	2384	1488	-1.45	-0.17	n
233470993	2383	1488	-1.37	-0.17	Location:lat:35.504271lon:139.465197;;Time:05:46:47:00;;
233480993	2383	1488	-1.37	-0.17	n
233490993	2384	1488	-1.45	-0.17	n
233500993	2383	1488	-1.37	-0.17	n
233510993	2384	1488	-1.45	-0.17	n
233520993	2384	1488	-1.45	-0.17	n
233530994	2384	1489	-1.45	-0.25	n
233540995	2384	1488	-1.45	-0.17	n
233550995	2384	1489	-1.45	-0.25	n
233560995	2382	1489	-1.28	-0.25	n
233570995	2384	1489	-1.45	-0.25	n
233580995	2384	1488	-1.45	-0.17	n
233590995	2384	1488	-1.45	-0.17	n
233600994	2384	1488	-1.45	-0.17	n
233610994	2384	1489	-1.45	-0.25	n
233620993	2384	1488	-1.45	-0.17	n
233630992	2384	1488	-1.45	-0.17	n
233640993	2384	1488	-1.45	-0.17	n
233650992	2384	1488	-1.45	-0.17	n
233660992	2384	1488	-1.45	-0.17	n
233670991	2383	1488	-1.37	-0.17	n
233680990	2382	1488	-1.28	-0.17	n
233690990	2384	1488	-1.45	-0.17	n
233700990	2384	1489	-1.45	-0.25	n
233710990	2384	1489	-1.45	-0.25	n
233720990	2384	1489	-1.45	-0.25	n
233730990	2384	1489	-1.45	-0.25	n
233740998	2384	1488	-1.45	-0.17	n
233750998	2384	1488	-1.45	-0.17	n
233760998	2384	1488	-1.45	-0.17	n
233770998	2384	1488	-1.45	-0.17	n
233780998	2384	1489	-1.45	-0.25	n
233790998	2383	1488	-1.37	-0.17	n
233800998	2384	1488	-1.45	-0.17	n
233810998	2383	1488	-1.37	-0.17	n
233820997	2384	1488	-1.45	-0.17	n
233830997	2384	1488	-1.45	-0.17	n
233840997	2383	1488	-1.37	-0.17	Location:lat:35.504271lon:139.465197;;Date:2024/12/8;;Time:05:46:47:00;;
233850996	2383	1488	-1.37	-0.17	n
233860995	2384	1489	-1.45	-0.25	n
233870995	2384	1489	-1.45	-0.25	n
233880995	2383	1489	-1.37	-0.25	n
233890995	2383	1488	-1.37	-0.17	n
233900995	2384	1489	-1.45	-0.25	n
233910995	2384	1489	-1.45	-0.25	n
233920995	2384	1488	-1.45	-0.17	n
233930995	2384	1488	-1.45	-0.17	n
233940995	2384	1488	-1.45	-0.17	n
233950995	2384	1488	-1.45	-0.17	n
233960995	2384	1488	-1.45	-0.17	n
233970995	2384	1488	-1.45	-0.17	n
233980995	2384	1488	-1.45	-0.17	n
233990995	2384	1489	-1.45	-0.25	n
234000995	2384	1489	-1.45	-0.25	n
234010995	2384	1489	-1.45	-0.25	n
234020995	2384	1488	-1.45	-0.17	n
234030995	2383	1488	-1.37	-0.17	n
234040995	2384	1489	-1.45	-0.25	n
234050995	2384	1488	-1.45	-0.17	n
234060995	2384	1488	-1.45	-0.17	n
234070995	2384	1489	-1.45	-0.25	n
234080995	2384	1488	-1.45	-0.17	n
234090995	2384	1489	-1.45	-0.25	n
234100995	2384	1488	-1.45	-0.17	n
234110995	2384	1488	-1.45	-0.17	n
234120995	2384	1489	-1.45	-0.25	n
234130995	2384	1488	-1.45	-0.17	n
234140995	2383	1488	-1.37	-0.17	n
234150995	2384	1488	-1.45	-0.17	n
234160995	2383	1488	-1.37	-0.17	n
234170995	2384	1489	-1.45	-0.25	n
234180995	2384	1489	-1.45	-0.25	n
234190995	2384	1489	-1.45	-0.25	n
234200995	2384	1488	-1.45	-0.17	n
234210995	2384	1488	-1.45	-0.17	n
234220995	2384	1488	-1.45	-0.17	n
234230995	2384	1488	-1.45	-0.17	n
234240995	2384	1488	-1.45	-0.17	n
234250995	2384	1488	-1.45	-0.17	n
234260995	2384	1488	-1.45	-0.17	n
234270995	2384	1490	-1.45	-0.33	n
234280995	2384	1488	-1.45	-0.17	n
234290995	2384	1488	-1.45	-0.17	n
234300995	2384	1488	-1.45	-0.17	n
234310995	2384	1488	-1.45	-0.17	n
234320994	2384	1488	-1.45	-0.17	n
234330994	2384	1490	-1.45	-0.33	n
234340994	2384	1488	-1.45	-0.17	n
234350993	2384	1488	-1.45	-0.17	n
234360993	2384	1489	-1.45	-0.25	Location:lat:35.504271lon:139.465199;;Date:2024/12/8;;Time:05:46:48:00;;
234370992	2384	1488	-1.45	-0.17	n
234380992	2384	1488	-1.45	-0.17	n
234390992	2384	1489	-1.45	-0.25	n
234400992	2384	1488	-1.45	-0.17	n
234410992	2384	1489	-1.45	-0.25	n
234420991	2384	1488	-1.45	-0.17	n
234430991	2384	1488	-1.45	-0.17	n
234440991	2384	1488	-1.45	-0.17	n
234450991	2384	1488	-1.45	-0.17	n
234460990	2384	1488	-1.45	-0.17	n
234470990	2384	1489	-1.45	-0.25	Location:lat:35.504271lon:139.465199;;Time:05:46:48:00;;
234480989	2384	1488	-1.45	-0.17	n
234490989	2384	1488	-1.45	-0.17	n
234500989	2384	1488	-1.45	-0.17	n
234510989	2384	1488	-1.45	-0.17	n
234520989	2384	1488	-1.45	-0.17	n
234530988	2384	1488	-1.45	-0.17	n
234540987	2384	1488	-1.45	-0.17	n
234550987	2384	1488	-1.45	-0.17	n
234560987	2384	1488	-1.45	-0.17	n
234570988	2384	1489	-1.45	-0.25	n
234580988	2384	1488	-1.45	-0.17	n
234590988	2384	1489	-1.45	-0.25	n
234600988	2384	1489	-1.45	-0.25	n
234610988	2384	1489	-1.45	-0.25	n
234620988	2384	1490	-1.45	-0.33	n
234630988	2384	1490	-1.45	-0.33	n
234640988	2384	1489	-1.45	-0.25	n
234650987	2384	1488	-1.45	-0.17	n
234660987	2384	1488	-1.45	-0.17	n
234670987	2384	1488	-1.45	-0.17	n
234680986	2384	1489	-1.45	-0.25	n
234690985	2383	1488	-1.37	-0.17	n
234700984	2384	1490	-1.45	-0.33	n
234710984	2382	1487	-1.28	-0.09	n
234720984	2384	1488	-1.45	-0.17	n
234730984	2384	1488	-1.45	-0.17	n
234740984	2384	1488	-1.45	-0.17	n
234750984	2384	1488	-1.45	-0.17	n
234760984	2384	1488	-1.45	-0.17	n
234770984	2384	1489	-1.45	-0.25	n
234780984	2384	1489	-1.45	-0.25	n
234790984	2384	1489	-1.45	-0.25	n
234800984	2384	1488	-1.45	-0.17	n
234810984	2384	1488	-1.45	-0.17	n
234820984	2384	1489	-1.45	-0.25	n
234830984	2384	1489	-1.45	-0.25	Location:lat:35.504271lon:139.465199;;Date:2024/12/8;;Time:05:46:48:00;;
234840984	2384	1489	-1.45	-0.25	n
234850984	2384	1488	-1.45	-0.17	n
234860984	2383	1488	-1.37	-0.17	n
234870984	2384	1488	-1.45	-0.17	n
234880984	2383	1488	-1.37	-0.17	n
234890984	2384	1488	-1.45	-0.17	n
234900984	2384	1489	-1.45	-0.25	n
234910984	2384	1488	-1.45	-0.17	n
234920984	2384	1490	-1.45	-0.33	n
234930984	2384	1489	-1.45	-0.25	n
234940984	2384	1489	-1.45	-0.25	n
234950984	2384	1489	-1.45	-0.25	n
234960984	2384	1490	-1.45	-0.33	n
234970984	2384	1489	-1.45	-0.25	n
234980984	2384	1488	-1.45	-0.17	n
234990984	2383	1489	-1.37	-0.25	n
235000984	2384	1489	-1.45	-0.25	n
235010984	2383	1488	-1.37	-0.17	n
235020984	2383	1488	-1.37	-0.17	n
235030984	2384	1489	-1.45	-0.25	n
235040984	2384	1489	-1.45	-0.25	n
235050984	2383	1489	-1.37	-0.25	n
235060984	2384	1489	-1.45	-0.25	n
235070984	2383	1488	-1.37	-0.17	n
235080984	2384	1488	-1.45	-0.17	n
235090984	2384	1488	-1.45	-0.17	n
235100984	2383	1489	-1.37	-0.25	n
235110984	2384	1489	-1.45	-0.25	n
235120984	2384	1489	-1.45	-0.25	n
235130984	2383	1488	-1.37	-0.17	n
235140984	2384	1489	-1.45	-0.25	n
235150984	2384	1489	-1.45	-0.25	n
235160984	2384	1488	-1.45	-0.17	n
235170984	2384	1488	-1.45	-0.17	n
235180984	2384	1489	-1.45	-0.25	n
235190984	2384	1488	-1.45	-0.17	n
235200984	2384	1489	-1.45	-0.25	n
235210984	2383	1488	-1.37	-0.17	n
235220984	2383	1489	-1.37	-0.25	n
235230984	2383	1489	-1.37	-0.25	n
235240984	2384	1488	-1.45	-0.17	n
235250984	2384	1488	-1.45	-0.17	n
235260984	2384	1488	-1.45	-0.17	n
235270984	2384	1488	-1.45	-0.17	n
235280984	2384	1489	-1.45	-0.25	n
235290984	2383	1488	-1.37	-0.17	n
235300983	2384	1489	-1.45	-0.25	n
235310991	2383	1488	-1.37	-0.17	n
235320991	2384	1488	-1.45	-0.17	n
235330991	2384	1489	-1.45	-0.25	n
235340991	2384	1488	-1.45	-0.17	n
235350991	2384	1489	-1.45	-0.25	n
235360991	2384	1489	-1.45	-0.25	Location:lat:35.504270lon:139.465200;;Date:2024/12/8;;Time:05:46:49:00;;
235370991	2384	1488	-1.45	-0.17	n
235380990	2384	1488	-1.45	-0.17	n
235390990	2384	1488	-1.45	-0.17	n
235400989	2383	1488	-1.37	-0.17	n
235410988	2384	1488	-1.45	-0.17	n
235420988	2384	1489	-1.45	-0.25	n
235430987	2384	1488	-1.45	-0.17	n
235440986	2384	1488	-1.45	-0.17	n
235450987	2384	1488	-1.45	-0.17	n
235460987	2384	1488	-1.45	-0.17	n
235470987	2384	1488	-1.45	-0.17	Location:lat:35.504270lon:139.465200;;Time:05:46:49:00;;
235480987	2384	1488	-1.45	-0.17	n
235490987	2384	1488	-1.45	-0.17	n
235500987	2384	1488	-1.45	-0.17	n
235510987	2384	1489	-1.45	-0.25	n
235520986	2384	1489	-1.45	-0.25	n
235530986	2384	1489	-1.45	-0.25	n
235540986	2384	1488	-1.45	-0.17	n
235550986	2384	1488	-1.45	-0.17	n
235560986	2384	1488	-1.45	-0.17	n
235570986	2384	1488	-1.45	-0.17	n
235580986	2384	1488	-1.45	-0.17	n
235590985	2384	1489	-1.45	-0.25	n
235600985	2384	1489	-1.45	-0.25	n
235610985	2384	1489	-1.45	-0.25	n
235620985	2383	1488	-1.37	-0.17	n
235630985	2384	1488	-1.45	-0.17	n
235640985	2384	1489	-1.45	-0.25	n
235650985	2384	1488	-1.45	-0.17	n
235660985	2384	1488	-1.45	-0.17	n
235670985	2384	1488	-1.45	-0.17	n
235680985	2383	1488	-1.37	-0.17	n
235690986	2384	1488	-1.45	-0.17	n
235700985	2383	1488	-1.37	-0.17	n
235710985	2384	1489	-1.45	-0.25	n
235720984	2384	1489	-1.45	-0.25	n
235730984	2384	1488	-1.45	-0.17	n
235740984	2384	1488	-1.45	-0.17	n
235750984	2384	1489	-1.45	-0.25	n
235760984	2384	1488	-1.45	-0.17	n
235770984	2384	1489	-1.45	-0.25	n
235780984	2384	1489	-1.45	-0.25	n
235790984	2384	1489	-1.45	-0.25	n
235800984	2384	1488	-1.45	-0.17	n
235810984	2384	1488	-1.45	-0.17	n
235820984	2384	1488	-1.45	-0.17	n
235830984	2384	1489	-1.45	-0.25	n
235840984	2384	1489	-1.45	-0.25	Location:lat:35.504270lon:139.465200;;Date:2024/12/8;;Time:05:46:49:00;;
235850984	2384	1488	-1.45	-0.17	n
235860984	2384	1488	-1.45	-0.17	n
235870984	2384	1489	-1.45	-0.25	n
235880984	2384	1488	-1.45	-0.17	n
235890984	2384	1489	-1.45	-0.25	n
235900984	2384	1489	-1.45	-0.25	n
235910984	2383	1488	-1.37	-0.17	n
235920984	2384	1488	-1.45	-0.17	n
235930984	2384	1488	-1.45	-0.17	n
235940984	2383	1488	-1.37	-0.17	n
235950984	2383	1489	-1.37	-0.25	n
235960984	2383	1489	-1.37	-0.25	n
235970984	2384	1488	-1.45	-0.17	n
235980984	2384	1488	-1.45	-0.17	n
235990984	2384	1488	-1.45	-0.17	n
236000984	2384	1489	-1.45	-0.25	n
236010984	2384	1489	-1.45	-0.25	n
236020984	2384	1489	-1.45	-0.25	n
236030984	2383	1488	-1.37	-0.17	n
236040984	2384	1490	-1.45	-0.33	n
236050984	2384	1488	-1.45	-0.17	n
236060984	2384	1489	-1.45	-0.25	n
236070984	2384	1488	-1.45	-0.17	n
236080984	2384	1488	-1.45	-0.17	n
236090984	2384	1488	-1.45	-0.17	n
236100984	2383	1488	-1.37	-0.17	n
236110984	2384	1488	-1.45	-0.17	n
236120984	2384	1488	-1.45	-0.17	n
236130984	2384	1488	-1.45	-0.17	n
236140984	2384	1488	-1.45	-0.17	n
236150984	2383	1490	-1.37	-0.33	n
236160984	2383	1488	-1.37	-0.17	n
236170984	2384	1488	-1.45	-0.17	n
236180984	2383	1488	-1.37	-0.17	n
236190984	2383	1488	-1.37	-0.17	n
236200984	2382	1488	-1.28	-0.17	n
236210984	2384	1488	-1.45	-0.17	n
236220984	2384	1489	-1.45	-0.25	n
236230984	2384	1488	-1.45	-0.17	n
236240984	2384	1489	-1.45	-0.25	n
236250984	2384	1488	-1.45	-0.17	n
236260984	2384	1488	-1.45	-0.17	n
236270984	2384	1488	-1.45	-0.17	n
236280984	2384	1489	-1.45	-0.25	n
236290984	2384	1488	-1.45	-0.17	n
236300983	2383	1489	-1.37	-0.25	n
236310982	2384	1488	-1.45	-0.17	n
236320982	2384	1488	-1.45	-0.17	n
236330982	2384	1488	-1.45	-0.17	n
236340982	2384	1489	-1.45	-0.25	n
236350982	2384	1489	-1.45	-0.25	n
236360982	2384	1488	-1.45	-0.17	Location:lat:35.504271lon:139.465201;;Date:2024/12/8;;Time:05:46:50:00;;
236370982	2383	1488	-1.37	-0.17	n
236380982	2383	1489	-1.37	-0.25	n
236390982	2383	1488	-1.37	-0.17	n
236400982	2384	1489	-1.45	-0.25	n
236410982	2384	1488	-1.45	-0.17	n
236420982	2384	1488	-1.45	-0.17	n
236430983	2384	1488	-1.45	-0.17	n
236440984	2384	1488	-1.45	-0.17	n
236450984	2384	1488	-1.45	-0.17	n
236460984	2384	1488	-1.45	-0.17	n
236470984	2384	1488	-1.45	-0.17	Location:lat:35.504271lon:139.465201;;Time:05:46:50:00;;
236480984	2384	1489	-1.45	-0.25	n
236490984	2384	1490	-1.45	-0.33	n
236500984	2383	1488	-1.37	-0.17	n
236510983	2384	1488	-1.45	-0.17	n
236520982	2383	1488	-1.37	-0.17	n
236530982	2384	1489	-1.45	-0.25	n
236540982	2384	1488	-1.45	-0.17	n
236550982	2384	1488	-1.45	-0.17	n
236560981	2384	1489	-1.45	-0.25	n
236570981	2384	1488	-1.45	-0.17	n
236580980	2384	1489	-1.45	-0.25	n
236590979	2384	1488	-1.45	-0.17	n
236600979	2385	1490	-1.53	-0.33	n
236610980	2384	1489	-1.45	-0.25	n
236620980	2384	1488	-1.45	-0.17	n
236630980	2384	1488	-1.45	-0.17	n
236640980	2384	1488	-1.45	-0.17	n
236650980	2384	1489	-1.45	-0.25	n
236660979	2384	1488	-1.45	-0.17	n
236670979	2385	1488	-1.53	-0.17	n
236680979	2384	1489	-1.45	-0.25	n
236690979	2384	1489	-1.45	-0.25	n
236700979	2384	1488	-1.45	-0.17	n
236710978	2384	1489	-1.45	-0.25	n
236720978	2384	1489	-1.45	-0.25	n
236730978	2384	1488	-1.45	-0.17	n
236740978	2384	1488	-1.45	-0.17	n
236750978	2384	1488	-1.45	-0.17	n
236760978	2384	1490	-1.45	-0.33	n
236770979	2384	1489	-1.45	-0.25	n
236780979	2384	1488	-1.45	-0.17	n
236790979	2384	1489	-1.45	-0.25	n
236800979	2384	1489	-1.45	-0.25	n
236810979	2383	1489	-1.37	-0.25	n
236820978	2383	1488	-1.37	-0.17	n
236830978	2384	1488	-1.45	-0.17	n
236840978	2383	1488	-1.37	-0.17	Location:lat:35.504271lon:139.465201;;Date:2024/12/8;;Time:05:46:50:00;;
236850978	2384	1488	-1.45	-0.17	n
236860978	2384	1489	-1.45	-0.25	n
236870978	2384	1489	-1.45	-0.25	n
236880978	2384	1489	-1.45	-0.25	n
236890978	2384	1489	-1.45	-0.25	n
236900978	2384	1488	-1.45	-0.17	n
236910978	2384	1488	-1.45	-0.17	n
236920978	2383	1488	-1.37	-0.17	n
236930978	2384	1488	-1.45	-0.17	n
236940978	2384	1489	-1.45	-0.25	n
236950978	2384	1488	-1.45	-0.17	n
236960978	2383	1489	-1.37	-0.25	n
236970978	2384	1489	-1.45	-0.25	n
236980978	2384	1489	-1.45	-0.25	n
236990978	2384	1488	-1.45	-0.17	n
237000978	2384	1488	-1.45	-0.17	n
237010978	2384	1488	-1.45	-0.17	n
237020978	2384	1489	-1.45	-0.25	n
237030978	2384	1488	-1.45	-0.17	n
237040978	2384	1488	-1.45	-0.17	n
237050978	2384	1488	-1.45	-0.17	n
237060978	2384	1489	-1.45	-0.25	n
237070978	2384	1488	-1.45	-0.17	n
237080978	2384	1488	-1.45	-0.17	n
237090978	2384	1488	-1.45	-0.17	n
237100978	2384	1488	-1.45	-0.17	n
237110978	2384	1488	-1.45	-0.17	n
237120978	2384	1488	-1.45	-0.17	n
237130978	2384	1490	-1.45	-0.33	n
237140978	2384	1489	-1.45	-0.25	n
237150978	2384	1488	-1.45	-0.17	n
237160978	2384	1488	-1.45	-0.17	n
237170978	2383	1489	-1.37	-0.25	n
237180978	2384	1489	-1.45	-0.25	n
237190978	2384	1490	-1.45	-0.33	n
237200978	2384	1488	-1.45	-0.17	n
237210978	2384	1488	-1.45	-0.17	n
237220978	2384	1488	-1.45	-0.17	n
237230978	2384	1488	-1.45	-0.17	n
237240978	2383	1489	-1.37	-0.25	n
237250978	2384	1489	-1.45	-0.25	n
237260978	2384	1488	-1.45	-0.17	n
237270978	2384	1488	-1.45	-0.17	n
237280978	2384	1488	-1.45	-0.17	n
237290978	2384	1488	-1.45	-0.17	n
237300978	2384	1488	-1.45	-0.17	n
237310978	2384	1488	-1.45	-0.17	n
237320978	2384	1489	-1.45	-0.25	n
237330977	2384	1489	-1.45	-0.25	n
237340977	2384	1488	-1.45	-0.17	n
237350976	2384	1488	-1.45	-0.17	n
237360976	2383	1488	-1.37	-0.17	Location:lat:35.504270lon:139.465204;;Date:2024/12/8;;Time:05:46:51:00;;
237370976	2384	1489	-1.45	-0.25	n
237380976	2384	1490	-1.45	-0.33	n
237390975	2384	1488	-1.45	-0.17	n
237400975	2384	1488	-1.45	-0.17	n
237410975	2384	1489	-1.45	-0.25	n
237420974	2384	1488	-1.45	-0.17	n
237430974	2384	1489	-1.45	-0.25	n
237440974	2384	1488	-1.45	-0.17	n
237450973	2384	1489	-1.45	-0.25	n
237460973	2384	1489	-1.45	-0.25	n
237470973	2383	1488	-1.37	-0.17	Location:lat:35.504270lon:139.465204;;Time:05:46:51:00;;
237480972	2384	1489	-1.45	-0.25	n
237490971	2384	1488	-1.45	-0.17	n
237500971	2384	1488	-1.45	-0.17	n
237510971	2384	1489	-1.45	-0.25	n
237520971	2384	1488	-1.45	-0.17	n
237530971	2384	1488	-1.45	-0.17	n
237540971	2384	1489	-1.45	-0.25	n
237550971	2384	1489	-1.45	-0.25	n
237560971	2384	1488	-1.45	-0.17	n
237570971	2384	1488	-1.45	-0.17	n
237580971	2384	1488	-1.45	-0.17	n
237590971	2384	1489	-1.45	-0.25	n
237600970	2384	1488	-1.45	-0.17	n
237610970	2384	1488	-1.45	-0.17	n
237620971	2384	1488	-1.45	-0.17	n
237630971	2384	1488	-1.45	-0.17	n
237640971	2383	1488	-1.37	-0.17	n
237650971	2383	1488	-1.37	-0.17	n
237660971	2384	1488	-1.45	-0.17	n
237670971	2384	1488	-1.45	-0.17	n
237680971	2384	1488	-1.45	-0.17	n
237690971	2383	1489	-1.37	-0.25	n
237700971	2384	1488	-1.45	-0.17	n
237710971	2381	1487	-1.20	-0.09	n
237720970	2384	1488	-1.45	-0.17	n
237730969	2383	1488	-1.37	-0.17	n
237740969	2384	1488	-1.45	-0.17	n
237750968	2384	1488	-1.45	-0.17	n
237760968	2384	1488	-1.45	-0.17	n
237770968	2384	1488	-1.45	-0.17	n
237780968	2383	1488	-1.37	-0.17	n
237790968	2384	1488	-1.45	-0.17	n
237800967	2384	1489	-1.45	-0.25	n
237810966	2384	1488	-1.45	-0.17	n
237820966	2384	1488	-1.45	-0.17	n
237830966	2384	1488	-1.45	-0.17	n
237840965	2384	1488	-1.45	-0.17	Location:lat:35.504270lon:139.465204;;Date:2024/12/8;;Time:05:46:51:00;;
237850965	2384	1488	-1.45	-0.17	n
237860964	2384	1488	-1.45	-0.17	n
237870965	2384	1489	-1.45	-0.25	n
237880965	2384	1489	-1.45	-0.25	n
237890965	2384	1488	-1.45	-0.17	n
237900965	2384	1489	-1.45	-0.25	n
237910965	2384	1490	-1.45	-0.33	n
237920965	2384	1489	-1.45	-0.25	n
237930965	2384	1489	-1.45	-0.25	n
237940965	2384	1488	-1.45	-0.17	n
237950965	2384	1489	-1.45	-0.25	n
237960965	2384	1488	-1.45	-0.17	n
237970965	2384	1488	-1.45	-0.17	n
237980965	2384	1488	-1.45	-0.17	n
237990965	2384	1488	-1.45	-0.17	n
238000965	2384	1488	-1.45	-0.17	n
238010965	2384	1488	-1.45	-0.17	n
238020965	2384	1488	-1.45	-0.17	n
238030965	2384	1488	-1.45	-0.17	n
238040965	2383	1488	-1.37	-0.17	n
238050965	2383	1488	-1.37	-0.17	n
238060965	2384	1488	-1.45	-0.17	n
238070965	2384	1488	-1.45	-0.17	n
238080965	2384	1488	-1.45	-0.17	n
238090965	2384	1489	-1.45	-0.25	n
238100965	2384	1488	-1.45	-0.17	n
238110965	2384	1488	-1.45	-0.17	n
238120965	2383	1489	-1.37	-0.25	n
238130965	2384	1488	-1.45	-0.17	n
238140965	2384	1488	-1.45	-0.17	n
238150965	2384	1489	-1.45	-0.25	n
238160965	2384	1488	-1.45	-0.17	n
238170965	2384	1489	-1.45	-0.25	n
238180965	2382	1488	-1.28	-0.17	n
238190965	2384	1488	-1.45	-0.17	n
238200965	2384	1488	-1.45	-0.17	n
238210965	2384	1489	-1.45	-0.25	n
238220965	2384	1488	-1.45	-0.17	n
238230965	2384	1488	-1.45	-0.17	n
238240965	2384	1488	-1.45	-0.17	n
238250965	2384	1490	-1.45	-0.33	n
238260965	2384	1488	-1.45	-0.17	n
238270965	2384	1488	-1.45	-0.17	n
238280965	2384	1489	-1.45	-0.25	n
238290965	2384	1489	-1.45	-0.25	n
238300965	2384	1489	-1.45	-0.25	n
238310965	2384	1489	-1.45	-0.25	n
238320965	2384	1489	-1.45	-0.25	n
238330965	2383	1489	-1.37	-0.25	n
238340965	2384	1488	-1.45	-0.17	n
238350965	2384	1488	-1.45	-0.17	n
238360965	2384	1488	-1.45	-0.17	Location:lat:35.504269lon:139.465207;;Date:2024/12/8;;Time:05:46:52:00;;
238370965	2384	1488	-1.45	-0.17	n
238380965	2384	1488	-1.45	-0.17	n
238390965	2384	1488	-1.45	-0.17	n
238400965	2384	1489	-1.45	-0.25	n
238410973	2384	1488	-1.45	-0.17	n
238420972	2384	1489	-1.45	-0.25	n
238430972	2384	1489	-1.45	-0.25	n
238440971	2384	1488	-1.45	-0.17	n
238450971	2384	1488	-1.45	-0.17	n
238460970	2384	1488	-1.45	-0.17	n
238470970	2384	1489	-1.45	-0.25	Location:lat:35.504269lon:139.465207;;Time:05:46:52:00;;
238480970	2384	1488	-1.45	-0.17	n
238490969	2384	1488	-1.45	-0.17	n
238500969	2384	1490	-1.45	-0.33	n
238510969	2384	1488	-1.45	-0.17	n
238520969	2384	1488	-1.45	-0.17	n
238530969	2384	1490	-1.45	-0.33	n
238540969	2384	1489	-1.45	-0.25	n
238550969	2384	1488	-1.45	-0.17	n
238560969	2383	1488	-1.37	-0.17	n
238570968	2384	1488	-1.45	-0.17	n
238580967	2384	1489	-1.45	-0.25	n
238590967	2384	1488	-1.45	-0.17	n
238600967	2384	1489	-1.45	-0.25	n
238610968	2384	1489	-1.45	-0.25	n
238620968	2384	1488	-1.45	-0.17	n
238630967	2384	1489	-1.45	-0.25	n
238640967	2384	1488	-1.45	-0.17	n
238650966	2384	1488	-1.45	-0.17	n
238660966	2384	1489	-1.45	-0.25	n
238670966	2384	1489	-1.45	-0.25	n
238680966	2384	1488	-1.45	-0.17	n
238690966	2384	1489	-1.45	-0.25	n
238700966	2384	1488	-1.45	-0.17	n
238710967	2384	1488	-1.45	-0.17	n
238720966	2384	1489	-1.45	-0.25	n
238730965	2383	1488	-1.37	-0.17	n
238740965	2384	1489	-1.45	-0.25	n
238750964	2383	1488	-1.37	-0.17	n
238760965	2384	1489	-1.45	-0.25	n
238770965	2385	1489	-1.53	-0.25	n
238780965	2384	1488	-1.45	-0.17	n
238790973	2384	1490	-1.45	-0.33	n
238800972	2383	1489	-1.37	-0.25	n
238810972	2384	1489	-1.45	-0.25	n
238820971	2384	1489	-1.45	-0.25	n
238830971	2384	1488	-1.45	-0.17	n
238840971	2384	1489	-1.45	-0.25	Location:lat:35.504269lon:139.465207;;Date:2024/12/8;;Time:05:46:52:00;;
238850971	2384	1488	-1.45	-0.17	n
238860971	2384	1488	-1.45	-0.17	n
238870971	2384	1489	-1.45	-0.25	n
238880971	2384	1489	-1.45	-0.25	n
238890971	2384	1488	-1.45	-0.17	n
238900971	2384	1488	-1.45	-0.17	n
238910971	2384	1489	-1.45	-0.25	n
238920971	2384	1488	-1.45	-0.17	n
238930971	2384	1488	-1.45	-0.17	n
238940971	2384	1488	-1.45	-0.17	n
238950971	2384	1488	-1.45	-0.17	n
238960971	2384	1488	-1.45	-0.17	n
238970971	2384	1489	-1.45	-0.25	n
238980971	2384	1489	-1.45	-0.25	n
238990971	2384	1488	-1.45	-0.17	n
239000971	2383	1489	-1.37	-0.25	n
239010971	2384	1489	-1.45	-0.25	n
239020971	2384	1488	-1.45	-0.17	n
239030971	2383	1488	-1.37	-0.17	n
239040971	2383	1488	-1.37	-0.17	n
239050971	2383	1489	-1.37	-0.25	n
239060971	2383	1488	-1.37	-0.17	n
239070971	2384	1489	-1.45	-0.25	n
239080971	2384	1488	-1.45	-0.17	n
239090971	2383	1488	-1.37	-0.17	n
239100971	2384	1488	-1.45	-0.17	n
239110971	2384	1488	-1.45	-0.17	n
239120971	2383	1488	-1.37	-0.17	n
239130971	2384	1488	-1.45	-0.17	n
239140971	2384	1488	-1.45	-0.17	n
239150971	2384	1488	-1.45	-0.17	n
239160971	2384	1489	-1.45	-0.25	n
239170971	2384	1489	-1.45	-0.25	n
239180971	2384	1488	-1.45	-0.17	n
239190971	2384	1489	-1.45	-0.25	n
239200971	2384	1488	-1.45	-0.17	n
239210971	2384	1489	-1.45	-0.25	n
239220971	2384	1489	-1.45	-0.25	n
239230971	2383	1489	-1.37	-0.25	n
239240971	2382	1488	-1.28	-0.17	n
239250971	2384	1488	-1.45	-0.17	n
239260971	2383	1488	-1.37	-0.17	n
239270971	2384	1488	-1.45	-0.17	n
239280971	2384	1489	-1.45	-0.25	n
239290971	2384	1489	-1.45	-0.25	n
239300971	2384	1489	-1.45	-0.25	n
239310971	2384	1488	-1.45	-0.17	n
239320971	2384	1489	-1.45	-0.25	n
239330970	2384	1488	-1.45	-0.17	n
239340970	2384	1489	-1.45	-0.25	n
239350970	2384	1488	-1.45	-0.17	n
239360969	2383	1488	-1.37	-0.17	Location:lat:35.504267lon:139.465211;;Date:2024/12/8;;Time:05:46:53:00;;
239370968	2383	1488	-1.37	-0.17	n
239380968	2384	1488	-1.45	-0.17	n
239390968	2384	1489	-1.45	-0.25	n
239400968	2384	1488	-1.45	-0.17	n
239410968	2384	1489	-1.45	-0.25	n
239420968	2384	1488	-1.45	-0.17	n
239430968	2384	1488	-1.45	-0.17	n
239440967	2384	1488	-1.45	-0.17	n
239450967	2384	1488	-1.45	-0.17	n
239460966	2384	1489	-1.45	-0.25	n
239470966	2384	1488	-1.45	-0.17	Location:lat:35.504267lon:139.465211;;Time:05:46:53:00;;
239480966	2384	1488	-1.45	-0.17	n
239490966	2384	1488	-1.45	-0.17	n
239500966	2384	1488	-1.45	-0.17	n
239510965	2384	1488	-1.45	-0.17	n
239520965	2383	1488	-1.37	-0.17	n
239530965	2384	1489	-1.45	-0.25	n
239540965	2384	1489	-1.45	-0.25	n
239550965	2384	1489	-1.45	-0.25	n
239560965	2384	1489	-1.45	-0.25	n
239570965	2384	1488	-1.45	-0.17	n
239580965	2384	1489	-1.45	-0.25	n
239590965	2384	1488	-1.45	-0.17	n
239600965	2384	1489	-1.45	-0.25	n
239610965	2384	1488	-1.45	-0.17	n
239620965	2384	1488	-1.45	-0.17	n
239630966	2384	1488	-1.45	-0.17	n
239640966	2384	1488	-1.45	-0.17	n
239650966	2383	1489	-1.37	-0.25	n
239660965	2383	1489	-1.37	-0.25	n
239670965	2384	1488	-1.45	-0.17	n
239680965	2383	1488	-1.37	-0.17	n
239690965	2383	1488	-1.37	-0.17	n
239700965	2383	1488	-1.37	-0.17	n
239710965	2383	1489	-1.37	-0.25	n
239720964	2384	1488	-1.45	-0.17	n
239730964	2384	1488	-1.45	-0.17	n
239740963	2384	1488	-1.45	-0.17	n
239750963	2384	1488	-1.45	-0.17	n
239760962	2384	1488	-1.45	-0.17	n
239770962	2384	1489	-1.45	-0.25	n
239780962	2384	1488	-1.45	-0.17	n
239790961	2383	1488	-1.37	-0.17	n
239800961	2384	1488	-1.45	-0.17	n
239810962	2384	1489	-1.45	-0.25	n
239820962	2384	1488	-1.45	-0.17	n
239830961	2384	1489	-1.45	-0.25	n
239840962	2383	1488	-1.37	-0.17	Location:lat:35.504267lon:139.465211;;Date:2024/12/8;;Time:05:46:53:00;;
239850962	2383	1488	-1.37	-0.17	n
239860962	2384	1488	-1.45	-0.17	n
239870962	2384	1488	-1.45	-0.17	n
239880962	2384	1488	-1.45	-0.17	n
239890962	2384	1489	-1.45	-0.25	n
239900962	2384	1488	-1.45	-0.17	n
239910962	2384	1488	-1.45	-0.17	n
239920962	2384	1488	-1.45	-0.17	n
239930962	2383	1488	-1.37	-0.17	n
239940962	2384	1488	-1.45	-0.17	n
239950962	2383	1488	-1.37	-0.17	n
239960962	2384	1488	-1.45	-0.17	n
239970962	2384	1488	-1.45	-0.17	n
239980962	2384	1488	-1.45	-0.17	n
239990962	2384	1488	-1.45	-0.17	n
240000962	2384	1488	-1.45	-0.17	n
240010962	2383	1488	-1.37	-0.17	n
240020962	2384	1488	-1.45	-0.17	n
240030962	2384	1490	-1.45	-0.33	n
240040962	2383	1488	-1.37	-0.17	n
240050962	2383	1488	-1.37	-0.17	n
240060962	2384	1489	-1.45	-0.25	n
240070962	2382	1488	-1.28	-0.17	n
240080962	2384	1488	-1.45	-0.17	n
240090962	2384	1488	-1.45	-0.17	n
240100962	2384	1488	-1.45	-0.17	n
240110962	2383	1488	-1.37	-0.17	n
240120962	2384	1488	-1.45	-0.17	n
240130962	2384	1489	-1.45	-0.25	n
240140962	2384	1489	-1.45	-0.25	n
240150962	2383	1489	-1.37	-0.25	n
240160962	2384	1488	-1.45	-0.17	n
240170962	2384	1489	-1.45	-0.25	n
240180962	2384	1489	-1.45	-0.25	n
240190962	2384	1488	-1.45	-0.17	n
240200962	2384	1489	-1.45	-0.25	n
240210962	2383	1489	-1.37	-0.25	n
240220962	2384	1488	-1.45	-0.17	n
240230962	2384	1488	-1.45	-0.17	n
240240962	2384	1488	-1.45	-0.17	n
240250962	2384	1488	-1.45	-0.17	n
240260962	2383	1488	-1.37	-0.17	n
240270962	2383	1488	-1.37	-0.17	n
240280962	2383	1488	-1.37	-0.17	n
240290962	2384	1488	-1.45	-0.17	n
240300963	2384	1488	-1.45	-0.17	n
240310963	2384	1488	-1.45	-0.17	n
240320962	2384	1488	-1.45	-0.17	n
240330963	2384	1489	-1.45	-0.25	n
240340963	2384	1488	-1.45	-0.17	n
240350964	2383	1488	-1.37	-0.17	n
240360965	2384	1488	-1.45	-0.17	Location:lat:35.504267lon:139.465214;;Date:2024/12/8;;Time:05:46:54:00;;
240370965	2384	1488	-1.45	-0.17	n
240380964	2383	1488	-1.37	-0.17	n
240390964	2383	1488	-1.37	-0.17	n
240400965	2383	1488	-1.37	-0.17	n
240410965	2384	1488	-1.45	-0.17	n
240420965	2383	1488	-1.37	-0.17	n
240430965	2384	1488	-1.45	-0.17	n
240440965	2384	1488	-1.45	-0.17	n
240450965	2384	1488	-1.45	-0.17	n
240460965	2384	1489	-1.45	-0.25	n
240470964	2384	1489	-1.45	-0.25	Location:lat:35.504267lon:139.465214;;Time:05:46:54:00;;
240480964	2384	1489	-1.45	-0.25	n
240490963	2384	1490	-1.45	-0.33	n
240500963	2384	1488	-1.45	-0.17	n
240510972	2384	1489	-1.45	-0.25	n
240520972	2384	1488	-1.45	-0.17	n
240530971	2384	1488	-1.45	-0.17	n
240540971	2384	1488	-1.45	-0.17	n
240550971	2384	1488	-1.45	-0.17	n
240560970	2384	1489	-1.45	-0.25	n
240570970	2384	1488	-1.45	-0.17	n
240580969	2383	1488	-1.37	-0.17	n
240590969	2384	1488	-1.45	-0.17	n
240600969	2384	1488	-1.45	-0.17	n
240610969	2383	1488	-1.37	-0.17	n
240620968	2384	1489	-1.45	-0.25	n
240630968	2383	1489	-1.37	-0.25	n
240640967	2384	1490	-1.45	-0.33	n
240650966	2384	1488	-1.45	-0.17	n
240660966	2383	1488	-1.37	-0.17	n
240670966	2384	1489	-1.45	-0.25	n
240680966	2384	1488	-1.45	-0.17	n
240690966	2383	1489	-1.37	-0.25	n
240700966	2384	1489	-1.45	-0.25	n
240710966	2383	1488	-1.37	-0.17	n
240720965	2384	1489	-1.45	-0.25	n
240730964	2384	1488	-1.45	-0.17	n
240740964	2384	1489	-1.45	-0.25	n
240750964	2384	1488	-1.45	-0.17	n
240760964	2384	1488	-1.45	-0.17	n
240770964	2382	1488	-1.28	-0.17	n
240780965	2384	1488	-1.45	-0.17	n
240790965	2384	1488	-1.45	-0.17	n
240800965	2384	1488	-1.45	-0.17	n
240810965	2383	1488	-1.37	-0.17	n
240820965	2384	1488	-1.45	-0.17	n
240830964	2383	1489	-1.37	-0.25	n
240840965	2384	1488	-1.45	-0.17	Location:lat:35.504267lon:139.465214;;Date:2024/12/8;;Time:05:46:54:00;;
240850965	2383	1488	-1.37	-0.17	n
240860965	2384	1488	-1.45	-0.17	n
240870965	2384	1488	-1.45	-0.17	n
240880965	2384	1488	-1.45	-0.17	n
240890965	2384	1488	-1.45	-0.17	n
240900965	2382	1488	-1.28	-0.17	n
240910965	2383	1488	-1.37	-0.17	n
240920965	2381	1488	-1.20	-0.17	n
240930964	2382	1489	-1.28	-0.25	n
240940965	2383	1488	-1.37	-0.17	n
240950965	2383	1488	-1.37	-0.17	n
240960965	2383	1488	-1.37	-0.17	n
240970965	2382	1488	-1.28	-0.17	n
240980965	2384	1488	-1.45	-0.17	n
240990965	2384	1488	-1.45	-0.17	n
241000965	2383	1488	-1.37	-0.17	n
241010965	2384	1488	-1.45	-0.17	n
241020965	2384	1488	-1.45	-0.17	n
241030965	2382	1488	-1.28	-0.17	n
241040965	2383	1488	-1.37	-0.17	n
241050965	2383	1488	-1.37	-0.17	n
241060965	2383	1488	-1.37	-0.17	n
241070965	2383	1488	-1.37	-0.17	n
241080965	2383	1488	-1.37	-0.17	n
241090965	2383	1488	-1.37	-0.17	n
241100965	2383	1488	-1.37	-0.17	n
241110965	2382	1488	-1.28	-0.17	n
241120965	2382	1488	-1.28	-0.17	n
241130965	2382	1488	-1.28	-0.17	n
241140965	2384	1488	-1.45	-0.17	n
241150965	2383	1488	-1.37	-0.17	n
241160965	2382	1488	-1.28	-0.17	n
241170965	2383	1488	-1.37	-0.17	n
241180965	2382	1488	-1.28	-0.17	n
241190965	2383	1488	-1.37	-0.17	n
241200965	2383	1488	-1.37	-0.17	n
241210965	2383	1488	-1.37	-0.17	n
241220965	2383	1488	-1.37	-0.17	n
241230965	2383	1488	-1.37	-0.17	n
241240965	2383	1488	-1.37	-0.17	n
241250965	2384	1489	-1.45	-0.25	n
241260965	2383	1488	-1.37	-0.17	n
241270965	2383	1488	-1.37	-0.17	n
241280965	2383	1488	-1.37	-0.17	n
241290965	2383	1488	-1.37	-0.17	n
241300965	2382	1488	-1.28	-0.17	n
241310965	2384	1488	-1.45	-0.17	n
241320965	2383	1488	-1.37	-0.17	n
241330966	2383	1489	-1.37	-0.25	n
241340966	2384	1489	-1.45	-0.25	n
241350966	2384	1488	-1.45	-0.17	n
241360966	2383	1489	-1.37	-0.25	Location:lat:35.504264lon:139.465221;;Date:2024/12/8;;Time:05:46:55:00;;
241370966	2382	1488	-1.28	-0.17	n
241380965	2382	1488	-1.28	-0.17	n
241390965	2383	1488	-1.37	-0.17	n
241400965	2383	1488	-1.37	-0.17	n
241410965	2381	1488	-1.20	-0.17	n
241420965	2384	1488	-1.45	-0.17	n
241430965	2384	1488	-1.45	-0.17	n
241440964	2383	1488	-1.37	-0.17	n
241450964	2384	1488	-1.45	-0.17	n
241460964	2383	1488	-1.37	-0.17	n
241470964	2383	1488	-1.37	-0.17	Location:lat:35.504264lon:139.465221;;Time:05:46:55:00;;
241480963	2382	1488	-1.28	-0.17	n
241490963	2384	1488	-1.45	-0.17	n
241500963	2383	1488	-1.37	-0.17	n
241510962	2384	1488	-1.45	-0.17	n
241520962	2383	1488	-1.37	-0.17	n
241530961	2384	1488	-1.45	-0.17	n
241540961	2382	1488	-1.28	-0.17	n
241550961	2384	1488	-1.45	-0.17	n
241560960	2382	1488	-1.28	-0.17	n
241570959	2383	1488	-1.37	-0.17	n
241580958	2383	1489	-1.37	-0.25	n
241590966	2382	1488	-1.28	-0.17	n
241600966	2383	1488	-1.37	-0.17	n
241610966	2381	1488	-1.20	-0.17	n
241620965	2383	1488	-1.37	-0.17	n
241630965	2383	1488	-1.37	-0.17	n
241640965	2382	1488	-1.28	-0.17	n
241650965	2383	1488	-1.37	-0.17	n
241660965	2382	1488	-1.28	-0.17	n
241670965	2383	1488	-1.37	-0.17	n
241680964	2383	1488	-1.37	-0.17	n
241690963	2383	1489	-1.37	-0.25	n
241700962	2383	1488	-1.37	-0.17	n
241710962	2384	1488	-1.45	-0.17	n
241720962	2383	1488	-1.37	-0.17	n
241730962	2384	1488	-1.45	-0.17	n
241740963	2384	1488	-1.45	-0.17	n
241750963	2384	1488	-1.45	-0.17	n
241760963	2384	1488	-1.45	-0.17	n
241770963	2383	1488	-1.37	-0.17	n
241780963	2382	1488	-1.28	-0.17	n
241790962	2381	1488	-1.20	-0.17	n
241800961	2382	1488	-1.28	-0.17	n
241810960	2383	1488	-1.37	-0.17	n
241820960	2382	1488	-1.28	-0.17	n
241830960	2383	1488	-1.37	-0.17	n
241840960	2383	1488	-1.37	-0.17	Location:lat:35.504264lon:139.465221;;Date:2024/12/8;;Time:05:46:55:00;;
241850960	2382	1488	-1.28	-0.17	n
241860959	2384	1488	-1.45	-0.17	n
241870959	2383	1488	-1.37	-0.17	n
241880959	2382	1488	-1.28	-0.17	n
241890959	2384	1488	-1.45	-0.17	n
241900959	2381	1488	-1.20	-0.17	n
241910958	2383	1488	-1.37	-0.17	n
241920958	2383	1488	-1.37	-0.17	n
241930958	2384	1488	-1.45	-0.17	n
241940958	2384	1488	-1.45	-0.17	n
241950958	2383	1488	-1.37	-0.17	n
241960958	2383	1488	-1.37	-0.17	n
241970958	2384	1488	-1.45	-0.17	n
241980958	2383	1488	-1.37	-0.17	n
241990958	2383	1488	-1.37	-0.17	n
242000958	2383	1489	-1.37	-0.25	n
242010958	2383	1488	-1.37	-0.17	n
242020958	2384	1489	-1.45	-0.25	n
242030958	2382	1488	-1.28	-0.17	n
242040958	2383	1488	-1.37	-0.17	n
242050958	2382	1488	-1.28	-0.17	n
242060958	2383	1488	-1.37	-0.17	n
242070958	2383	1488	-1.37	-0.17	n
242080958	2382	1488	-1.28	-0.17	n
242090958	2383	1488	-1.37	-0.17	n
242100958	2383	1488	-1.37	-0.17	n
242110958	2383	1488	-1.37	-0.17	n
242120958	2382	1488	-1.28	-0.17	n
242130958	2383	1488	-1.37	-0.17	n
242140958	2381	1488	-1.20	-0.17	n
242150958	2383	1488	-1.37	-0.17	n
242160958	2383	1489	-1.37	-0.25	n
242170958	2383	1488	-1.37	-0.17	n
242180958	2384	1488	-1.45	-0.17	n
242190958	2383	1488	-1.37	-0.17	n
242200958	2382	1488	-1.28	-0.17	n
242210958	2382	1488	-1.28	-0.17	n
242220958	2383	1488	-1.37	-0.17	n
242230958	2384	1488	-1.45	-0.17	n
242240958	2384	1488	-1.45	-0.17	n
242250958	2382	1488	-1.28	-0.17	n
242260958	2383	1488	-1.37	-0.17	n
242270958	2382	1488	-1.28	-0.17	n
242280958	2383	1488	-1.37	-0.17	n
242290958	2383	1488	-1.37	-0.17	n
242300958	2382	1488	-1.28	-0.17	n
242310958	2382	1488	-1.28	-0.17	n
242320958	2382	1488	-1.28	-0.17	n
242330957	2383	1488	-1.37	-0.17	n
242340956	2383	1488	-1.37	-0.17	n
242350956	2383	1487	-1.37	-0.09	n
242360956	2383	1488	-1.37	-0.17	Location:lat:35.504261lon:139.465226;;Date:2024/12/8;;Time:05:46:56:00;;
242370956	2382	1488	-1.28	-0.17	n
242380955	2384	1489	-1.45	-0.25	n
242390955	2384	1489	-1.45	-0.25	n
242400954	2383	1489	-1.37	-0.25	n
242410954	2383	1488	-1.37	-0.17	n
242420953	2383	1488	-1.37	-0.17	n
242430952	2384	1488	-1.45	-0.17	n
242440952	2384	1488	-1.45	-0.17	n
242450951	2382	1488	-1.28	-0.17	n
242460951	2383	1488	-1.37	-0.17	n
242470951	2383	1488	-1.37	-0.17	Location:lat:35.504261lon:139.465226;;Time:05:46:56:00;;
242480951	2381	1488	-1.20	-0.17	n
242490951	2383	1488	-1.37	-0.17	n
242500951	2383	1490	-1.37	-0.33	n
242510951	2382	1488	-1.28	-0.17	n
242520954	2384	1488	-1.45	-0.17	n
242530954	2383	1488	-1.37	-0.17	n
242540954	2383	1488	-1.37	-0.17	n
242550953	2384	1488	-1.45	-0.17	n
242560953	2383	1488	-1.37	-0.17	n
242570953	2383	1488	-1.37	-0.17	n
242580953	2383	1488	-1.37	-0.17	n
242590953	2383	1488	-1.37	-0.17	n
242600953	2382	1488	-1.28	-0.17	n
242610953	2382	1488	-1.28	-0.17	n
242620962	2383	1488	-1.37	-0.17	n
242630962	2384	1488	-1.45	-0.17	n
242640962	2383	1488	-1.37	-0.17	n
242650962	2384	1488	-1.45	-0.17	n
242660962	2383	1488	-1.37	-0.17	n
242670961	2383	1488	-1.37	-0.17	n
242680962	2382	1488	-1.28	-0.17	n
242690961	2383	1488	-1.37	-0.17	n
242700961	2384	1489	-1.45	-0.25	n
242710961	2383	1488	-1.37	-0.17	n
242720960	2383	1488	-1.37	-0.17	n
242730960	2382	1488	-1.28	-0.17	n
242740959	2383	1488	-1.37	-0.17	n
242750959	2382	1488	-1.28	-0.17	n
242760958	2383	1488	-1.37	-0.17	n
242770958	2384	1488	-1.45	-0.17	n
242780958	2383	1488	-1.37	-0.17	n
242790958	2383	1488	-1.37	-0.17	n
242800958	2383	1489	-1.37	-0.25	n
242810958	2379	1487	-1.03	-0.09	n
242820958	2381	1488	-1.20	-0.17	n
242830958	2381	1488	-1.20	-0.17	n
242840957	2382	1488	-1.28	-0.17	Location:lat:35.504261lon:139.465226;;Date:2024/12/8;;Time:05:46:56:00;;
242850957	2383	1488	-1.37	-0.17	n
242860957	2383	1488	-1.37	-0.17	n
242870957	2383	1488	-1.37	-0.17	n
242880957	2381	1488	-1.20	-0.17	n
242890957	2381	1488	-1.20	-0.17	n
242900957	2380	1488	-1.12	-0.17	n
242910957	2383	1488	-1.37	-0.17	n
242920957	2383	1488	-1.37	-0.17	n
242930957	2381	1488	-1.20	-0.17	n
242940957	2383	1488	-1.37	-0.17	n
242950957	2381	1488	-1.20	-0.17	n
242960957	2383	1488	-1.37	-0.17	n
242970957	2381	1488	-1.20	-0.17	n
242980957	2382	1488	-1.28	-0.17	n
242990957	2383	1488	-1.37	-0.17	n
243000957	2380	1488	-1.12	-0.17	n
243010957	2381	1488	-1.20	-0.17	n
243020957	2382	1488	-1.28	-0.17	n
243030957	2381	1488	-1.20	-0.17	n
243040957	2381	1487	-1.20	-0.09	n
243050957	2382	1488	-1.28	-0.17	n
243060957	2382	1488	-1.28	-0.17	n
243070957	2382	1488	-1.28	-0.17	n
243080957	2381	1488	-1.20	-0.17	n
243090957	2379	1488	-1.03	-0.17	n
243100957	2382	1489	-1.28	-0.25	n
243110957	2381	1489	-1.20	-0.25	n
243120957	2383	1488	-1.37	-0.17	n
243130957	2383	1489	-1.37	-0.25	n
243140957	2382	1488	-1.28	-0.17	n
243150957	2383	1488	-1.37	-0.17	n
243160957	2383	1488	-1.37	-0.17	n
243170957	2383	1489	-1.37	-0.25	n
243180957	2382	1488	-1.28	-0.17	n
243190957	2383	1488	-1.37	-0.17	n
243200957	2382	1488	-1.28	-0.17	n
243210957	2383	1488	-1.37	-0.17	n
243220957	2383	1488	-1.37	-0.17	n
243230957	2384	1488	-1.45	-0.17	n
243240957	2381	1488	-1.20	-0.17	n
243250957	2382	1488	-1.28	-0.17	n
243260957	2382	1488	-1.28	-0.17	n
243270957	2383	1488	-1.37	-0.17	n
243280957	2382	1488	-1.28	-0.17	n
243290957	2383	1488	-1.37	-0.17	n
243300957	2382	1488	-1.28	-0.17	n
243310957	2382	1488	-1.28	-0.17	n
243320957	2382	1488	-1.28	-0.17	n
243330957	2382	1487	-1.28	-0.09	n
243340957	2381	1488	-1.20	-0.17	n
243350957	2381	1488	-1.20	-0.17	n
243360957	2383	1488	-1.37	-0.17	Location:lat:35.504253lon:139.465238;;Date:2024/12/8;;Time:05:46:57:00;;
243370957	2383	1488	-1.37	-0.17	n
243380958	2380	1488	-1.12	-0.17	n
243390958	2383	1488	-1.37	-0.17	n
243400957	2383	1489	-1.37	-0.25	n
243410957	2383	1488	-1.37	-0.17	n
243420957	2382	1488	-1.28	-0.17	n
243430957	2384	1488	-1.45	-0.17	n
243440957	2382	1488	-1.28	-0.17	n
243450957	2382	1488	-1.28	-0.17	n
243460957	2381	1488	-1.20	-0.17	n
243470957	2382	1488	-1.28	-0.17	Location:lat:35.504253lon:139.465238;;Time:05:46:57:00;;
243480956	2381	1489	-1.20	-0.25	n
243490955	2383	1488	-1.37	-0.17	n
243500955	2383	1488	-1.37	-0.17	n
243510955	2382	1488	-1.28	-0.17	n
243520955	2382	1488	-1.28	-0.17	n
243530955	2382	1488	-1.28	-0.17	n
243540955	2382	1488	-1.28	-0.17	n
243550955	2381	1488	-1.20	-0.17	n
243560955	2382	1488	-1.28	-0.17	n
243570955	2381	1488	-1.20	-0.17	n
243580956	2382	1488	-1.28	-0.17	n
243590956	2382	1488	-1.28	-0.17	n
243600956	2383	1488	-1.37	-0.17	n
243610956	2381	1489	-1.20	-0.25	n
243620955	2382	1488	-1.28	-0.17	n
243630955	2383	1488	-1.37	-0.17	n
243640955	2381	1488	-1.20	-0.17	n
243650954	2383	1488	-1.37	-0.17	n
243660954	2381	1489	-1.20	-0.25	n
243670954	2381	1488	-1.20	-0.17	n
243680954	2383	1488	-1.37	-0.17	n
243690954	2383	1488	-1.37	-0.17	n
243700954	2382	1488	-1.28	-0.17	n
243710954	2383	1488	-1.37	-0.17	n
243720954	2381	1488	-1.20	-0.17	n
243730954	2381	1488	-1.20	-0.17	n
243740954	2382	1488	-1.28	-0.17	n
243750953	2382	1488	-1.28	-0.17	n
243760953	2382	1488	-1.28	-0.17	n
243770952	2383	1488	-1.37	-0.17	n
243780952	2382	1488	-1.28	-0.17	n
243790961	2383	1488	-1.37	-0.17	n
243800961	2383	1488	-1.37	-0.17	n
243810961	2382	1488	-1.28	-0.17	n
243820961	2382	1490	-1.28	-0.33	n
243830962	2381	1489	-1.20	-0.25	n
243840962	2382	1489	-1.28	-0.25	Location:lat:35.504253lon:139.465238;;Date:2024/12/8;;Time:05:46:57:00;;
243850962	2382	1488	-1.28	-0.17	n
243860962	2382	1488	-1.28	-0.17	n
243870962	2380	1488	-1.12	-0.17	n
243880962	2383	1488	-1.37	-0.17	n
243890962	2383	1488	-1.37	-0.17	n
243900962	2383	1489	-1.37	-0.25	n
243910962	2383	1488	-1.37	-0.17	n
243920962	2383	1488	-1.37	-0.17	n
243930962	2382	1488	-1.28	-0.17	n
243940962	2382	1488	-1.28	-0.17	n
243950962	2383	1488	-1.37	-0.17	n
243960962	2380	1488	-1.12	-0.17	n
243970962	2383	1488	-1.37	-0.17	n
243980962	2381	1488	-1.20	-0.17	n
243990961	2382	1488	-1.28	-0.17	n
244000961	2382	1488	-1.28	-0.17	n
244010961	2382	1488	-1.28	-0.17	n
244020962	2383	1488	-1.37	-0.17	n
244030962	2381	1488	-1.20	-0.17	n
244040962	2383	1488	-1.37	-0.17	n
244050962	2382	1488	-1.28	-0.17	n
244060962	2383	1488	-1.37	-0.17	n
244070962	2383	1488	-1.37	-0.17	n
244080962	2381	1489	-1.20	-0.25	n
244090962	2383	1488	-1.37	-0.17	n
244100962	2383	1488	-1.37	-0.17	n
244110962	2383	1489	-1.37	-0.25	n
244120962	2382	1488	-1.28	-0.17	n
244130962	2383	1488	-1.37	-0.17	n
244140962	2381	1488	-1.20	-0.17	n
244150962	2381	1488	-1.20	-0.17	n
244160962	2382	1488	-1.28	-0.17	n
244170962	2382	1489	-1.28	-0.25	n
244180962	2384	1489	-1.45	-0.25	n
244190962	2383	1490	-1.37	-0.33	n
244200962	2383	1488	-1.37	-0.17	n
244210962	2382	1488	-1.28	-0.17	n
244220962	2383	1489	-1.37	-0.25	n
244230962	2383	1489	-1.37	-0.25	n
244240962	2383	1489	-1.37	-0.25	n
244250962	2382	1488	-1.28	-0.17	n
244260962	2384	1488	-1.45	-0.17	n
244270962	2382	1488	-1.28	-0.17	n
244280962	2382	1488	-1.28	-0.17	n
244290962	2381	1488	-1.20	-0.17	n
244300962	2382	1488	-1.28	-0.17	n
244310961	2383	1488	-1.37	-0.17	n
244320961	2384	1489	-1.45	-0.25	n
244330960	2383	1489	-1.37	-0.25	n
244340960	2379	1488	-1.03	-0.17	n
244350959	2384	1488	-1.45	-0.17	n
244360959	2382	1488	-1.28	-0.17	Location:lat:35.504250lon:139.465243;;Date:2024/12/8;;Time:05:46:58:00;;
244370958	2382	1488	-1.28	-0.17	n
244380958	2384	1488	-1.45	-0.17	n
244390958	2382	1489	-1.28	-0.25	n
244400958	2383	1489	-1.37	-0.25	n
244410963	2383	1488	-1.37	-0.17	n
244420963	2383	1489	-1.37	-0.25	n
244430962	2382	1489	-1.28	-0.25	n
244440962	2383	1489	-1.37	-0.25	n
244450962	2384	1488	-1.45	-0.17	n
244460962	2384	1488	-1.45	-0.17	n
244470961	2383	1489	-1.37	-0.25	Location:lat:35.504250lon:139.465243;;Time:05:46:58:00;;
244480960	2382	1489	-1.28	-0.25	n
244490960	2383	1488	-1.37	-0.17	n
244500959	2383	1488	-1.37	-0.17	n
244510958	2384	1488	-1.45	-0.17	n
244520957	2383	1488	-1.37	-0.17	n
244530957	2383	1488	-1.37	-0.17	n
244540957	2381	1489	-1.20	-0.25	n
244550957	2382	1488	-1.28	-0.17	n
244560957	2383	1488	-1.37	-0.17	n
244570957	2382	1488	-1.28	-0.17	n
244580957	2383	1488	-1.37	-0.17	n
244590956	2382	1489	-1.28	-0.25	n
244600956	2383	1488	-1.37	-0.17	n
244610956	2383	1488	-1.37	-0.17	n
244620956	2383	1489	-1.37	-0.25	n
244630956	2382	1489	-1.28	-0.25	n
244640956	2383	1488	-1.37	-0.17	n
244650956	2380	1488	-1.12	-0.17	n
244660956	2382	1488	-1.28	-0.17	n
244670956	2382	1488	-1.28	-0.17	n
244680956	2383	1488	-1.37	-0.17	n
244690956	2383	1488	-1.37	-0.17	n
244700956	2383	1488	-1.37	-0.17	n
244710956	2383	1488	-1.37	-0.17	n
244720957	2382	1488	-1.28	-0.17	n
244730957	2383	1488	-1.37	-0.17	n
244740957	2384	1489	-1.45	-0.25	n
244750956	2382	1488	-1.28	-0.17	n
244760957	2383	1488	-1.37	-0.17	n
244770957	2383	1488	-1.37	-0.17	n
244780957	2384	1488	-1.45	-0.17	n
244790956	2382	1488	-1.28	-0.17	n
244800957	2380	1488	-1.12	-0.17	n
244810957	2384	1488	-1.45	-0.17	n
244820957	2383	1488	-1.37	-0.17	n
244830957	2379	1488	-1.03	-0.17	n
244840956	2379	1488	-1.03	-0.17	Location:lat:35.504250lon:139.465243;;Date:2024/12/8;;Time:05:46:58:00;;
244850956	2381	1488	-1.20	-0.17	n
244860956	2382	1488	-1.28	-0.17	n
244870956	2383	1488	-1.37	-0.17	n
244880956	2383	1489	-1.37	-0.25	n
244890956	2382	1488	-1.28	-0.17	n
244900956	2383	1488	-1.37	-0.17	n
244910956	2381	1488	-1.20	-0.17	n
244920956	2382	1488	-1.28	-0.17	n
244930956	2380	1488	-1.12	-0.17	n
244940956	2382	1488	-1.28	-0.17	n
244950956	2381	1488	-1.20	-0.17	n
244960955	2384	1488	-1.45	-0.17	n
244970955	2382	1488	-1.28	-0.17	n
244980955	2383	1488	-1.37	-0.17	n
244990955	2381	1488	-1.20	-0.17	n
245000955	2381	1488	-1.20	-0.17	n
245010955	2382	1489	-1.28	-0.25	n
245020955	2384	1489	-1.45	-0.25	n
245030955	2383	1488	-1.37	-0.17	n
245040955	2382	1488	-1.28	-0.17	n
245050955	2383	1488	-1.37	-0.17	n
245060955	2383	1488	-1.37	-0.17	n
245070955	2380	1488	-1.12	-0.17	n
245080955	2382	1488	-1.28	-0.17	n
245090955	2383	1488	-1.37	-0.17	n
245100955	2382	1488	-1.28	-0.17	n
245110955	2381	1488	-1.20	-0.17	n
245120955	2382	1489	-1.28	-0.25	n
245130955	2383	1488	-1.37	-0.17	n
245140955	2380	1488	-1.12	-0.17	n
245150955	2381	1488	-1.20	-0.17	n
245160955	2382	1488	-1.28	-0.17	n
245170955	2383	1488	-1.37	-0.17	n
245180955	2383	1488	-1.37	-0.17	n
245190955	2381	1488	-1.20	-0.17	n
245200955	2381	1487	-1.20	-0.09	n
245210955	2383	1482	-1.37	0.31	n
245220955	2379	1481	-1.03	0.39	n
245230955	2375	1475	-0.70	0.88	n
245240955	2373	1472	-0.53	1.12	n
245250954	2367	1461	-0.03	2.00	n
245260954	2366	1454	0.05	2.56	n
245270954	2357	1444	0.81	3.37	n
245280954	2352	1434	1.22	4.17	n
245290954	2350	1425	1.39	4.89	n
245300955	2337	1421	2.48	5.21	n
245310955	2327	1415	3.31	5.70	n
245320955	2321	1409	3.82	6.18	n
245330955	2315	1406	4.32	6.42	n
245340955	2305	1404	5.15	6.58	n
245350955	2293	1403	6.16	6.66	n
245360955	2288	1396	6.57	7.22	Location:lat:35.504252lon:139.465245;;Date:2024/12/8;;Time:05:46:59:00;;
245370955	2281	1393	7.16	7.46	n
245380955	2270	1392	8.08	7.54	n
245390955	2261	1390	8.83	7.70	n
245400955	2256	1387	9.25	7.94	n
245410955	2247	1383	10.00	8.27	n
245420955	2239	1379	10.67	8.59	n
245430955	2229	1375	11.51	8.91	n
245440955	2224	1374	11.92	8.99	n
245450955	2213	1367	12.84	9.55	n
245460954	2207	1366	13.34	9.63	n
245470954	2199	1366	14.01	9.63	Location:lat:35.504252lon:139.465245;;Time:05:46:59:00;;
245480954	2193	1363	14.52	9.87	n
245490954	2186	1361	15.10	10.03	n
245500954	2178	1360	15.77	10.11	n
245510954	2166	1357	16.77	10.35	n
245520955	2160	1355	17.27	10.52	n
245530955	2157	1356	17.52	10.44	n
245540955	2149	1355	18.19	10.52	n
245550954	2144	1354	18.61	10.60	n
245560954	2134	1351	19.45	10.84	n
245570954	2128	1350	19.95	10.92	n
245580954	2127	1350	20.03	10.92	n
245590954	2119	1347	20.70	11.16	n
245600954	2112	1345	21.29	11.32	n
245610954	2107	1344	21.70	11.40	n
245620954	2101	1344	22.21	11.40	n
245630954	2096	1344	22.62	11.40	n
245640954	2093	1344	22.87	11.40	n
245650954	2090	1342	23.13	11.56	n
245660954	2082	1341	23.79	11.64	n
245670954	2077	1341	24.21	11.64	n
245680954	2074	1341	24.46	11.64	n
245690954	2071	1341	24.71	11.64	n
245700954	2067	1342	25.05	11.56	n
245710954	2065	1342	25.21	11.56	n
245720953	2063	1342	25.38	11.56	n
245730953	2060	1343	25.63	11.48	n
245740953	2054	1344	26.13	11.40	n
245750953	2047	1344	26.72	11.40	n
245760953	2047	1347	26.72	11.16	n
245770954	2053	1347	26.22	11.16	n
245780954	2047	1349	26.72	11.00	n
245790953	2057	1351	25.88	10.84	n
245800953	2060	1357	25.63	10.35	n
245810962	2064	1359	25.30	10.19	n
245820962	2064	1361	25.30	10.03	n
245830961	2069	1366	24.88	9.63	n
245840961	2071	1367	24.71	9.55	Location:lat:35.504252lon:139.465245;;Date:2024/12/8;;Time:05:46:59:00;;
245850962	2071	1373	24.71	9.07	n
245860962	2077	1377	24.21	8.75	n
245870962	2079	1383	24.04	8.27	n
245880962	2087	1387	23.38	7.94	n
245890962	2092	1391	22.96	7.62	n
245900962	2095	1394	22.71	7.38	n
245910962	2099	1394	22.37	7.38	n
245920962	2106	1395	21.79	7.30	n
245930962	2111	1396	21.37	7.22	n
245940962	2123	1395	20.37	7.30	n
245950962	2128	1398	19.95	7.06	n
245960962	2136	1399	19.28	6.98	n
245970962	2145	1399	18.53	6.98	n
245980962	2157	1402	17.52	6.74	n
245990962	2162	1401	17.11	6.82	n
246000962	2179	1405	15.69	6.50	n
246010962	2193	1407	14.52	6.34	n
246020962	2203	1411	13.68	6.02	n
246030962	2218	1414	12.43	5.78	n
246040962	2225	1421	11.84	5.21	n
246050962	2241	1424	10.50	4.97	n
246060962	2255	1429	9.33	4.57	n
246070962	2267	1438	8.33	3.85	n
246080962	2279	1441	7.33	3.61	n
246090962	2291	1445	6.32	3.29	n
246100962	2305	1449	5.15	2.96	n
246110962	2320	1454	3.90	2.56	n
246120962	2333	1458	2.81	2.24	n
246130962	2352	1462	1.22	1.92	n
246140962	2362	1471	0.39	1.20	n
246150962	2374	1471	-0.62	1.20	n
246160962	2387	1473	-1.70	1.04	n
246170962	2400	1478	-2.79	0.63	n
246180962	2412	1482	-3.79	0.31	n
246190962	2427	1486	-5.05	-0.01	n
246200962	2439	1488	-6.05	-0.17	n
246210962	2453	1489	-7.22	-0.25	n
246220962	2470	1489	-8.64	-0.25	n
246230962	2483	1491	-9.73	-0.41	n
246240962	2495	1494	-10.73	-0.65	n
246250962	2509	1492	-11.90	-0.49	n
246260962	2519	1495	-12.74	-0.73	n
246270962	2531	1494	-13.74	-0.65	n
246280962	2544	1494	-14.83	-0.65	n
246290962	2553	1493	-15.58	-0.57	n
246300962	2559	1495	-16.08	-0.73	n
246310961	2559	1493	-16.08	-0.57	n
246320962	2588	1494	-18.50	-0.65	n
246330962	2603	1495	-19.76	-0.73	n
246340962	2608	1495	-20.18	-0.73	n
246350961	2615	1494	-20.76	-0.65	n
246360962	2624	1493	-21.51	-0.57	Location:lat:35.504258lon:139.465242;;Date:2024/12/8;;Time:05:47:00:00;;
246370962	2633	1495	-22.27	-0.73	n
246380962	2638	1493	-22.68	-0.57	n
246390962	2647	1495	-23.44	-0.73	n
246400961	2655	1493	-24.10	-0.57	n
246410962	2665	1499	-24.94	-1.05	n
246420962	2672	1502	-25.53	-1.29	n
246430962	2675	1503	-25.78	-1.37	n
246440962	2682	1506	-26.36	-1.61	n
246450962	2687	1513	-26.78	-2.18	n
246460963	2689	1517	-26.95	-2.50	n
246470962	2693	1520	-27.28	-2.74	Location:lat:35.504258lon:139.465242;;Time:05:47:00:00;;
246480962	2697	1523	-27.62	-2.98	n
246490962	2704	1528	-28.20	-3.38	n
246500963	2704	1535	-28.20	-3.94	n
246510963	2704	1535	-28.20	-3.94	n
246520963	2706	1535	-28.37	-3.94	n
246530963	2708	1555	-28.53	-5.55	n
246540963	2711	1561	-28.79	-6.03	n
246550963	2715	1565	-29.12	-6.35	n
246560963	2713	1571	-28.95	-6.84	n
246570962	2715	1578	-29.12	-7.40	n
246580962	2718	1584	-29.37	-7.88	n
246590962	2719	1591	-29.45	-8.44	n
246600962	2718	1597	-29.37	-8.92	n
246610961	2721	1605	-29.62	-9.57	n
246620961	2720	1611	-29.54	-10.05	n
246630960	2717	1615	-29.29	-10.37	n
246640960	2719	1621	-29.45	-10.85	n
246650960	2719	1629	-29.45	-11.50	n
246660960	2718	1633	-29.37	-11.82	n
246670960	2716	1639	-29.20	-12.30	n
246680959	2717	1647	-29.29	-12.94	n
246690959	2716	1653	-29.20	-13.42	n
246700959	2713	1661	-28.95	-14.07	n
246710958	2710	1667	-28.70	-14.55	n
246720958	2709	1671	-28.62	-14.87	n
246730958	2709	1680	-28.62	-15.59	n
246740958	2705	1683	-28.28	-15.83	n
246750958	2704	1688	-28.20	-16.23	n
246760958	2703	1695	-28.12	-16.80	n
246770957	2697	1701	-27.62	-17.28	n
246780957	2694	1705	-27.36	-17.60	n
246790966	2691	1710	-27.11	-18.00	n
246800966	2689	1714	-26.95	-18.32	n
246810967	2686	1719	-26.70	-18.73	n
246820966	2683	1727	-26.45	-19.37	n
246830966	2677	1730	-25.94	-19.61	n
246840966	2673	1732	-25.61	-19.77	Location:lat:35.504258lon:139.465242;;Date:2024/12/8;;Time:05:47:00:00;;
246850965	2671	1738	-25.44	-20.25	n
246860965	2667	1744	-25.11	-20.73	n
246870965	2661	1745	-24.61	-20.81	n
246880965	2655	1750	-24.10	-21.22	n
246890965	2646	1756	-23.35	-21.70	n
246900965	2641	1759	-22.93	-21.94	n
246910965	2639	1761	-22.77	-22.10	n
246920964	2633	1765	-22.27	-22.42	n
246930965	2629	1769	-21.93	-22.74	n
246940965	2624	1770	-21.51	-22.82	n
246950965	2618	1773	-21.01	-23.06	n
246960965	2613	1776	-20.59	-23.30	n
246970965	2608	1777	-20.18	-23.38	n
246980965	2607	1778	-20.09	-23.46	n
246990965	2595	1778	-19.09	-23.46	n
247000965	2587	1778	-18.42	-23.46	n
247010965	2559	1783	-16.08	-23.87	n
247020965	2559	1783	-16.08	-23.87	n
247030965	2559	1786	-16.08	-24.11	n
247040965	2554	1786	-15.66	-24.11	n
247050965	2548	1787	-15.16	-24.19	n
247060965	2543	1789	-14.74	-24.35	n
247070965	2538	1788	-14.32	-24.27	n
247080965	2527	1787	-13.40	-24.19	n
247090965	2519	1788	-12.74	-24.27	n
247100965	2512	1786	-12.15	-24.11	n
247110965	2503	1786	-11.40	-24.11	n
247120965	2496	1785	-10.81	-24.03	n
247130965	2487	1782	-10.06	-23.79	n
247140965	2482	1781	-9.64	-23.71	n
247150965	2475	1779	-9.06	-23.55	n
247160965	2466	1779	-8.31	-23.55	n
247170965	2457	1778	-7.55	-23.46	n
247180965	2448	1776	-6.80	-23.30	n
247190965	2439	1776	-6.05	-23.30	n
247200965	2431	1773	-5.38	-23.06	n
247210965	2421	1771	-4.54	-22.90	n
247220965	2416	1769	-4.13	-22.74	n
247230965	2413	1765	-3.88	-22.42	n
247240964	2401	1761	-2.87	-22.10	n
247250965	2391	1761	-2.04	-22.10	n
247260965	2385	1757	-1.53	-21.78	n
247270965	2379	1749	-1.03	-21.14	n
247280965	2368	1746	-0.11	-20.89	n
247290965	2363	1744	0.30	-20.73	n
247300965	2353	1740	1.14	-20.41	n
247310965	2350	1733	1.39	-19.85	n
247320965	2340	1730	2.23	-19.61	n
247330964	2331	1728	2.98	-19.45	n
247340965	2323	1723	3.65	-19.05	n
247350965	2318	1717	4.07	-18.56	n
247360965	2311	1712	4.65	-18.16	Location:lat:35.504257lon:139.465247;;Date:2024/12/8;;Time:05:47:01:00;;
247370965	2303	1705	5.32	-17.60	n
247380965	2294	1702	6.07	-17.36	n
247390964	2289	1699	6.49	-17.12	n
247400964	2281	1689	7.16	-16.32	n
247410964	2276	1682	7.58	-15.75	n
247420964	2268	1680	8.25	-15.59	n
247430964	2263	1675	8.66	-15.19	n
247440964	2256	1668	9.25	-14.63	n
247450963	2254	1665	9.42	-14.39	n
247460971	2248	1658	9.92	-13.82	n
247470971	2241	1650	10.50	-13.18	Location:lat:35.504257lon:139.465247;;Time:05:47:01:00;;
247480971	2235	1645	11.00	-12.78	n
247490971	2227	1639	11.67	-12.30	n
247500971	2222	1632	12.09	-11.74	n
247510971	2215	1627	12.68	-11.33	n
247520970	2213	1622	12.84	-10.93	n
247530970	2206	1616	13.43	-10.45	n
247540969	2201	1613	13.85	-10.21	n
247550969	2195	1603	14.35	-9.41	n
247560969	2192	1596	14.60	-8.84	n
247570969	2186	1591	15.10	-8.44	n
247580969	2182	1584	15.43	-7.88	n
247590969	2176	1579	15.94	-7.48	n
247600969	2170	1571	16.44	-6.84	n
247610969	2165	1566	16.86	-6.43	n
247620968	2160	1559	17.27	-5.87	n
247630968	2159	1535	17.36	-3.94	n
247640967	2154	1535	17.78	-3.94	n
247650967	2150	1535	18.11	-3.94	n
247660967	2147	1525	18.36	-3.14	n
247670966	2143	1520	18.69	-2.74	n
247680966	2140	1517	18.95	-2.50	n
247690969	2138	1503	19.11	-1.37	n
247700969	2133	1498	19.53	-0.97	n
247710968	2130	1490	19.78	-0.33	n
247720968	2128	1486	19.95	-0.01	n
247730968	2128	1481	19.95	0.39	n
247740968	2128	1474	19.95	0.96	n
247750968	2125	1471	20.20	1.20	n
247760967	2126	1462	20.12	1.92	n
247770967	2119	1456	20.70	2.40	n
247780967	2118	1451	20.78	2.80	n
247790967	2115	1443	21.04	3.45	n
247800967	2113	1438	21.20	3.85	n
247810967	2112	1427	21.29	4.73	n
247820967	2112	1424	21.29	4.97	n
247830967	2109	1417	21.54	5.53	n
247840967	2111	1407	21.37	6.34	Location:lat:35.504257lon:139.465247;;Date:2024/12/8;;Time:05:47:01:00;;
247850967	2110	1403	21.45	6.66	n
247860967	2109	1394	21.54	7.38	n
247870967	2107	1391	21.70	7.62	n
247880966	2111	1386	21.37	8.03	n
247890966	2108	1377	21.62	8.75	n
247900966	2108	1370	21.62	9.31	n
247910966	2107	1364	21.70	9.79	n
247920966	2109	1359	21.54	10.19	n
247930965	2111	1355	21.37	10.52	n
247940965	2111	1349	21.37	11.00	n
247950965	2111	1343	21.37	11.48	n
247960964	2112	1335	21.29	12.12	n
247970964	2112	1331	21.29	12.44	n
247980965	2112	1327	21.29	12.76	n
247990964	2114	1321	21.12	13.25	n
248000965	2117	1314	20.87	13.81	n
248010964	2119	1309	20.70	14.21	n
248020965	2125	1303	20.20	14.69	n
248030965	2127	1298	20.03	15.09	n
248040964	2128	1293	19.95	15.50	n
248050965	2128	1287	19.95	15.98	n
248060965	2128	1286	19.95	16.06	n
248070965	2130	1279	19.78	16.62	n
248080965	2133	1276	19.53	16.86	n
248090965	2137	1273	19.20	17.10	n
248100964	2142	1267	18.78	17.58	n
248110965	2143	1264	18.69	17.83	n
248120965	2149	1261	18.19	18.07	n
248130965	2151	1251	18.03	18.87	n
248140965	2157	1247	17.52	19.19	n
248150965	2159	1246	17.36	19.27	n
248160965	2160	1239	17.27	19.83	n
248170965	2163	1235	17.02	20.16	n
248180965	2170	1232	16.44	20.40	n
248190965	2176	1232	15.94	20.40	n
248200965	2181	1231	15.52	20.48	n
248210965	2186	1229	15.10	20.64	n
248220965	2192	1226	14.60	20.88	n
248230965	2195	1221	14.35	21.28	n
248240965	2199	1220	14.01	21.36	n
248250965	2204	1216	13.60	21.68	n
248260965	2211	1216	13.01	21.68	n
248270965	2215	1216	12.68	21.68	n
248280965	2221	1216	12.17	21.68	n
248290965	2225	1214	11.84	21.84	n
248300965	2230	1212	11.42	22.00	n
248310969	2237	1213	10.84	21.92	n
248320969	2243	1213	10.34	21.92	n
248330968	2254	1207	9.42	22.40	n
248340967	2256	1210	9.25	22.16	n
248350967	2263	1209	8.66	22.24	n
248360967	2267	1207	8.33	22.40	Location:lat:35.504255lon:139.465247;;Date:2024/12/8;;Time:05:47:02:00;;
248370966	2274	1209	7.74	22.24	n
248380965	2282	1211	7.08	22.08	n
248390965	2286	1211	6.74	22.08	n
248400965	2291	1210	6.32	22.16	n
248410965	2297	1210	5.82	22.16	n
248420965	2303	1212	5.32	22.00	n
248430965	2315	1215	4.32	21.76	n
248440964	2318	1216	4.07	21.68	n
248450964	2323	1217	3.65	21.60	n
248460964	2327	1214	3.31	21.84	n
248470964	2334	1216	2.73	21.68	Location:lat:35.504255lon:139.465247;;Time:05:47:02:00;;
248480964	2343	1219	1.98	21.44	n
248490965	2352	1219	1.22	21.44	n
248500965	2357	1227	0.81	20.80	n
248510965	2363	1231	0.30	20.48	n
248520965	2369	1231	-0.20	20.48	n
248530965	2375	1232	-0.70	20.40	n
248540965	2383	1232	-1.37	20.40	n
248550966	2386	1237	-1.62	19.99	n
248560965	2393	1243	-2.20	19.51	n
248570965	2401	1247	-2.87	19.19	n
248580965	2407	1249	-3.37	19.03	n
248590965	2411	1251	-3.71	18.87	n
248600966	2416	1258	-4.13	18.31	n
248610966	2425	1263	-4.88	17.91	n
248620966	2429	1267	-5.21	17.58	n
248630975	2434	1271	-5.63	17.26	n
248640975	2441	1274	-6.22	17.02	n
248650975	2449	1278	-6.88	16.70	n
248660975	2450	1284	-6.97	16.22	n
248670975	2462	1290	-7.97	15.74	n
248680974	2466	1291	-8.31	15.66	n
248690974	2470	1296	-8.64	15.26	n
248700975	2479	1302	-9.39	14.77	n
248710975	2485	1310	-9.89	14.13	n
248720975	2487	1313	-10.06	13.89	n
248730975	2494	1317	-10.65	13.57	n
248740975	2497	1323	-10.90	13.09	n
248750975	2501	1328	-11.23	12.68	n
248760975	2511	1333	-12.07	12.28	n
248770976	2512	1340	-12.15	11.72	n
248780976	2515	1345	-12.40	11.32	n
248790976	2522	1353	-12.99	10.68	n
248800976	2526	1357	-13.32	10.35	n
248810976	2531	1362	-13.74	9.95	n
248820976	2534	1367	-13.99	9.55	n
248830976	2539	1374	-14.41	8.99	n
248840976	2543	1379	-14.74	8.59	Location:lat:35.504255lon:139.465247;;Date:2024/12/8;;Time:05:47:02:00;;
248850976	2544	1391	-14.83	7.62	n
248860976	2549	1392	-15.24	7.54	n
248870976	2551	1397	-15.41	7.14	n
248880976	2557	1406	-15.91	6.42	n
248890976	2559	1409	-16.08	6.18	n
248900976	2559	1419	-16.08	5.37	n
248910976	2559	1423	-16.08	5.05	n
248920976	2559	1429	-16.08	4.57	n
248930976	2559	1440	-16.08	3.69	n
248940976	2559	1442	-16.08	3.53	n
248950976	2559	1450	-16.08	2.88	n
248960976	2586	1455	-18.34	2.48	n
248970976	2586	1462	-18.34	1.92	n
248980976	2589	1471	-18.59	1.20	n
248990976	2592	1474	-18.84	0.96	n
249000976	2594	1482	-19.01	0.31	n
249010976	2593	1485	-18.92	0.07	n
249020976	2599	1490	-19.42	-0.33	n
249030976	2603	1496	-19.76	-0.81	n
249040976	2602	1501	-19.67	-1.21	n
249050976	2605	1510	-19.92	-1.94	n
249060976	2606	1519	-20.01	-2.66	n
249070976	2607	1521	-20.09	-2.82	n
249080976	2606	1527	-20.01	-3.30	n
249090975	2608	1535	-20.18	-3.94	n
249100976	2607	1535	-20.09	-3.94	n
249110976	2608	1535	-20.18	-3.94	n
249120976	2608	1556	-20.18	-5.63	n
249130976	2608	1559	-20.18	-5.87	n
249140976	2608	1568	-20.18	-6.60	n
249150976	2608	1574	-20.18	-7.08	n
249160976	2608	1579	-20.18	-7.48	n
249170976	2609	1584	-20.26	-7.88	n
249180976	2608	1590	-20.18	-8.36	n
249190975	2608	1597	-20.18	-8.92	n
249200976	2608	1600	-20.18	-9.17	n
249210976	2607	1610	-20.09	-9.97	n
249220975	2607	1615	-20.09	-10.37	n
249230976	2607	1616	-20.09	-10.45	n
249240976	2606	1618	-20.01	-10.61	n
249250975	2605	1627	-19.92	-11.33	n
249260974	2603	1632	-19.76	-11.74	n
249270973	2601	1634	-19.59	-11.90	n
249280973	2599	1638	-19.42	-12.22	n
249290972	2595	1645	-19.09	-12.78	n
249300971	2594	1648	-19.01	-13.02	n
249310971	2590	1653	-18.67	-13.42	n
249320970	2590	1660	-18.67	-13.99	n
249330969	2587	1664	-18.42	-14.31	n
249340969	2581	1667	-17.92	-14.55	n
249350969	2582	1671	-18.00	-14.87	n
249360969	2559	1675	-16.08	-15.19	Location:lat:35.504254lon:139.465243;;Date:2024/12/8;;Time:05:47:03:00;;
249370969	2559	1680	-16.08	-15.59	n
249380969	2559	1680	-16.08	-15.59	n
249390969	2559	1685	-16.08	-15.99	n
249400969	2559	1690	-16.08	-16.40	n
249410969	2559	1693	-16.08	-16.64	n
249420969	2557	1697	-15.91	-16.96	n
249430968	2558	1701	-16.00	-17.28	n
249440968	2553	1703	-15.58	-17.44	n
249450967	2546	1705	-14.99	-17.60	n
249460967	2544	1709	-14.83	-17.92	n
249470974	2542	1712	-14.66	-18.16	Location:lat:35.504254lon:139.465243;;Time:05:47:03:00;;
249480974	2538	1712	-14.32	-18.16	n
249490974	2533	1714	-13.91	-18.32	n
249500974	2530	1715	-13.66	-18.40	n
249510974	2526	1718	-13.32	-18.64	n
249520974	2522	1723	-12.99	-19.05	n
249530973	2517	1723	-12.57	-19.05	n
249540973	2513	1726	-12.23	-19.29	n
249550972	2511	1727	-12.07	-19.37	n
249560972	2501	1730	-11.23	-19.61	n
249570972	2499	1729	-11.06	-19.53	n
249580973	2495	1731	-10.73	-19.69	n
249590972	2490	1731	-10.31	-19.69	n
249600972	2485	1731	-9.89	-19.69	n
249610972	2482	1733	-9.64	-19.85	n
249620972	2476	1731	-9.14	-19.69	n
249630972	2469	1729	-8.56	-19.53	n
249640972	2465	1731	-8.22	-19.69	n
249650971	2459	1730	-7.72	-19.61	n
249660971	2454	1731	-7.30	-19.69	n
249670971	2448	1731	-6.80	-19.69	n
249680971	2446	1730	-6.63	-19.61	n
249690971	2438	1731	-5.97	-19.69	n
249700970	2432	1728	-5.46	-19.45	n
249710970	2428	1728	-5.13	-19.45	n
249720970	2423	1727	-4.71	-19.37	n
249730970	2416	1723	-4.13	-19.05	n
249740970	2411	1722	-3.71	-18.97	n
249750971	2410	1723	-3.62	-19.05	n
249760971	2403	1717	-3.04	-18.56	n
249770971	2397	1715	-2.54	-18.40	n
249780970	2391	1713	-2.04	-18.24	n
249790971	2387	1712	-1.70	-18.16	n
249800980	2383	1709	-1.37	-17.92	n
249810980	2379	1705	-1.03	-17.60	n
249820980	2369	1705	-0.20	-17.60	n
249830980	2369	1705	-0.20	-17.60	n
249840979	2362	1703	0.39	-17.44	Location:lat:35.504254lon:139.465243;;Date:2024/12/8;;Time:05:47:03:00;;
249850978	2355	1698	0.97	-17.04	n
249860977	2352	1694	1.22	-16.72	n
249870976	2347	1689	1.64	-16.32	n
249880975	2343	1687	1.98	-16.15	n
249890974	2337	1682	2.48	-15.75	n
249900973	2334	1681	2.73	-15.67	n
249910973	2324	1680	3.56	-15.59	n
249920973	2321	1674	3.82	-15.11	n
249930973	2319	1671	3.98	-14.87	n
249940973	2315	1669	4.32	-14.71	n
249950973	2309	1663	4.82	-14.23	n
249960973	2303	1659	5.32	-13.91	n
249970973	2299	1654	5.65	-13.50	n
249980972	2294	1649	6.07	-13.10	n
249990972	2290	1646	6.41	-12.86	n
250000971	2288	1642	6.57	-12.54	n
250010970	2285	1635	6.82	-11.98	n
250020969	2281	1634	7.16	-11.90	n
250030969	2278	1630	7.41	-11.58	n
250040969	2271	1627	7.99	-11.33	n
250050969	2269	1621	8.16	-10.85	n
250060969	2263	1616	8.66	-10.45	n
250070969	2262	1614	8.75	-10.29	n
250080969	2256	1610	9.25	-9.97	n
250090969	2255	1605	9.33	-9.57	n
250100969	2253	1599	9.50	-9.09	n
250110969	2250	1597	9.75	-8.92	n
250120969	2246	1591	10.08	-8.44	n
250130968	2240	1584	10.59	-7.88	n
250140967	2237	1581	10.84	-7.64	n
250150967	2231	1573	11.34	-7.00	n
250160967	2230	1569	11.42	-6.68	n
250170967	2226	1566	11.76	-6.43	n
250180967	2225	1558	11.84	-5.79	n
250190966	2224	1535	11.92	-3.94	n
250200966	2221	1535	12.17	-3.94	n
250210965	2217	1535	12.51	-3.94	n
250220965	2218	1535	12.43	-3.94	n
250230965	2214	1529	12.76	-3.46	n
250240965	2213	1522	12.84	-2.90	n
250250965	2210	1520	13.09	-2.74	n
250260965	2211	1515	13.01	-2.34	n
250270965	2207	1509	13.34	-1.86	n
250280965	2204	1501	13.60	-1.21	n
250290965	2203	1495	13.68	-0.73	n
250300965	2199	1490	14.01	-0.33	n
250310965	2198	1488	14.10	-0.17	n
250320964	2201	1483	13.85	0.23	n
250330963	2197	1479	14.18	0.55	n
250340963	2194	1472	14.43	1.12	n
250350963	2195	1470	14.35	1.28	n
250360964	2195	1463	14.35	1.84	Location:lat:35.504250lon:139.465246;;Date:2024/12/8;;Time:05:47:04:00;;
250370965	2194	1458	14.43	2.24	n
250380965	2194	1456	14.43	2.40	n
250390965	2194	1450	14.43	2.88	n
250400965	2194	1445	14.43	3.29	n
250410965	2194	1440	14.43	3.69	n
250420965	2193	1434	14.52	4.17	n
250430965	2193	1426	14.52	4.81	n
250440965	2193	1424	14.52	4.97	n
250450965	2195	1421	14.35	5.21	n
250460965	2194	1411	14.43	6.02	n
250470965	2194	1409	14.43	6.18	Location:lat:35.504250lon:139.465246;;Time:05:47:04:00;;
250480965	2197	1405	14.18	6.50	n
250490964	2197	1399	14.18	6.98	n
250500965	2195	1394	14.35	7.38	n
250510965	2197	1392	14.18	7.54	n
250520964	2199	1390	14.01	7.70	n
250530963	2197	1385	14.18	8.11	n
250540963	2199	1378	14.01	8.67	n
250550963	2200	1373	13.93	9.07	n
250560963	2203	1369	13.68	9.39	n
250570971	2205	1363	13.51	9.87	n
250580971	2207	1360	13.34	10.11	n
250590971	2209	1355	13.18	10.52	n
250600971	2209	1354	13.18	10.60	n
250610971	2209	1349	13.18	11.00	n
250620972	2215	1345	12.68	11.32	n
250630972	2215	1339	12.68	11.80	n
250640972	2218	1335	12.43	12.12	n
250650971	2221	1334	12.17	12.20	n
250660971	2224	1330	11.92	12.52	n
250670971	2225	1327	11.84	12.76	n
250680971	2227	1323	11.67	13.09	n
250690971	2227	1323	11.67	13.09	n
250700971	2230	1319	11.42	13.41	n
250710971	2237	1318	10.84	13.49	n
250720975	2237	1312	10.84	13.97	n
250730975	2243	1311	10.34	14.05	n
250740975	2246	1308	10.08	14.29	n
250750975	2251	1303	9.67	14.69	n
250760975	2251	1302	9.67	14.77	n
250770975	2255	1300	9.33	14.93	n
250780975	2256	1296	9.25	15.26	n
250790976	2260	1296	8.91	15.26	n
250800976	2265	1293	8.50	15.50	n
250810976	2267	1291	8.33	15.66	n
250820976	2271	1290	7.99	15.74	n
250830976	2274	1287	7.74	15.98	n
250840976	2279	1289	7.33	15.82	Location:lat:35.504250lon:139.465246;;Date:2024/12/8;;Time:05:47:04:00;;
250850976	2285	1287	6.82	15.98	n
250860976	2287	1285	6.66	16.14	n
250870976	2288	1286	6.57	16.06	n
250880976	2291	1285	6.32	16.14	n
250890976	2295	1283	5.99	16.30	n
250900976	2301	1284	5.49	16.22	n
250910976	2303	1281	5.32	16.46	n
250920976	2310	1281	4.73	16.46	n
250930976	2318	1282	4.07	16.38	n
250940976	2318	1280	4.07	16.54	n
250950976	2320	1281	3.90	16.46	n
250960976	2322	1281	3.73	16.46	n
250970976	2323	1279	3.65	16.62	n
250980976	2331	1282	2.98	16.38	n
250990976	2338	1283	2.39	16.30	n
251000976	2343	1285	1.98	16.14	n
251010976	2349	1285	1.47	16.14	n
251020976	2352	1287	1.22	15.98	n
251030976	2355	1284	0.97	16.22	n
251040976	2357	1287	0.81	15.98	n
251050976	2366	1289	0.05	15.82	n
251060976	2368	1289	-0.11	15.82	n
251070976	2371	1290	-0.36	15.74	n
251080976	2379	1293	-1.03	15.50	n
251090976	2383	1294	-1.37	15.42	n
251100976	2384	1294	-1.45	15.42	n
251110976	2390	1297	-1.95	15.17	n
251120976	2393	1298	-2.20	15.09	n
251130976	2397	1300	-2.54	14.93	n
251140976	2401	1305	-2.87	14.53	n
251150976	2404	1306	-3.12	14.45	n
251160976	2411	1310	-3.71	14.13	n
251170976	2413	1312	-3.88	13.97	n
251180975	2416	1314	-4.13	13.81	n
251190976	2421	1317	-4.54	13.57	n
251200976	2426	1319	-4.96	13.41	n
251210976	2430	1323	-5.30	13.09	n
251220976	2434	1325	-5.63	12.93	n
251230976	2436	1328	-5.80	12.68	n
251240976	2439	1330	-6.05	12.52	n
251250976	2448	1332	-6.80	12.36	n
251260976	2450	1335	-6.97	12.12	n
251270976	2451	1339	-7.05	11.80	n
251280976	2455	1344	-7.39	11.40	n
251290976	2462	1348	-7.97	11.08	n
251300975	2464	1351	-8.14	10.84	n
251310975	2468	1354	-8.47	10.60	n
251320974	2471	1356	-8.72	10.44	n
251330974	2474	1359	-8.97	10.19	n
251340974	2479	1364	-9.39	9.79	n
251350974	2480	1367	-9.48	9.55	n
251360974	2485	1371	-9.89	9.23	Location:lat:35.504249lon:139.465246;;Date:2024/12/8;;Time:05:47:05:00;;
251370973	2485	1375	-9.89	8.91	n
251380973	2488	1381	-10.14	8.43	n
251390973	2491	1387	-10.40	7.94	n
251400973	2495	1391	-10.73	7.62	n
251410973	2496	1393	-10.81	7.46	n
251420973	2498	1397	-10.98	7.14	n
251430973	2502	1403	-11.31	6.66	n
251440973	2503	1405	-11.40	6.50	n
251450973	2507	1408	-11.73	6.26	n
251460973	2511	1413	-12.07	5.86	n
251470973	2513	1421	-12.23	5.21	Location:lat:35.504249lon:139.465246;;Time:05:47:05:00;;
251480973	2512	1424	-12.15	4.97	n
251490973	2513	1426	-12.23	4.81	n
251500973	2516	1431	-12.49	4.41	n
251510973	2517	1439	-12.57	3.77	n
251520973	2519	1442	-12.74	3.53	n
251530974	2522	1446	-12.99	3.21	n
251540973	2523	1449	-13.07	2.96	n
251550973	2525	1456	-13.24	2.40	n
251560973	2527	1458	-13.40	2.24	n
251570973	2527	1463	-13.40	1.84	n
251580973	2529	1471	-13.57	1.20	n
251590973	2532	1472	-13.82	1.12	n
251600973	2531	1475	-13.74	0.88	n
251610973	2531	1481	-13.74	0.39	n
251620973	2533	1483	-13.91	0.23	n
251630973	2533	1488	-13.91	-0.17	n
251640973	2535	1489	-14.07	-0.25	n
251650973	2535	1494	-14.07	-0.65	n
251660973	2535	1498	-14.07	-0.97	n
251670973	2537	1503	-14.24	-1.37	n
251680973	2535	1511	-14.07	-2.02	n
251690972	2537	1517	-14.24	-2.50	n
251700972	2535	1520	-14.07	-2.74	n
251710972	2535	1521	-14.07	-2.82	n
251720971	2535	1526	-14.07	-3.22	n
251730971	2537	1532	-14.24	-3.70	n
251740971	2534	1535	-13.99	-3.94	n
251750970	2534	1535	-13.99	-3.94	n
251760970	2531	1535	-13.74	-3.94	n
251770970	2533	1535	-13.91	-3.94	n
251780970	2532	1555	-13.82	-5.55	n
251790970	2531	1563	-13.74	-6.19	n
251800970	2530	1565	-13.66	-6.35	n
251810969	2529	1569	-13.57	-6.68	n
251820969	2528	1572	-13.49	-6.92	n
251830969	2527	1576	-13.40	-7.24	n
251840969	2526	1580	-13.32	-7.56	Location:lat:35.504249lon:139.465246;;Date:2024/12/8;;Time:05:47:05:00;;
251850969	2525	1583	-13.24	-7.80	n
251860969	2525	1586	-13.24	-8.04	n
251870969	2523	1589	-13.07	-8.28	n
251880969	2521	1595	-12.90	-8.76	n
251890969	2518	1598	-12.65	-9.01	n
251900969	2516	1600	-12.49	-9.17	n
251910968	2517	1601	-12.57	-9.25	n
251920968	2513	1606	-12.23	-9.65	n
251930968	2513	1612	-12.23	-10.13	n
251940967	2511	1613	-12.07	-10.21	n
251950967	2508	1615	-11.82	-10.37	n
251960967	2507	1617	-11.73	-10.53	n
251970967	2505	1618	-11.57	-10.61	n
251980967	2499	1621	-11.06	-10.85	n
251990967	2497	1623	-10.90	-11.01	n
