time_s,force_true_n,wind_true_m_s,angle_true_deg,EKF_q0.03_wind_m_s,EKF_q0.1_wind_m_s,EKF_q0.3_wind_m_s,EKF_q1_wind_m_s,RTS_q1_wind_m_s,angle_sensor_deg,EKF_q300_wind_m_s,Fixed_p1_wind_m_s,Fixed_p2_wind_m_s,Fixed_p5_wind_m_s,Fixed_p10_wind_m_s,Fixed_p20_wind_m_s
0.0,0.009352691475673192,2.0,7.056462254121416,2.0,2.0,2.0,2.0,2.1027570669037883,7.05322265625,2.0,2.0,2.0,2.0,2.0,2.0
0.01,0.011276772417197971,2.1961100503411624,7.0572755332640105,2.0583516769033325,2.0583516769033325,2.0583516769033325,2.0583516769033325,2.102743416132824,7.05322265625,2.0583516769033325,2.0000112925099187,2.000082334965017,2.000979511199964,2.0050699907740026,2.0182231917958364
0.02,0.012465919836166184,2.308999593506507,7.062342856349281,-1.7825266524659409,-1.7825266525103411,-1.7825266529006725,-1.7825266573406948,2.1026772228717228,7.00927734375,-1.7829656219086476,1.9996247540073409,1.9972482558330311,1.9665513599577924,1.8167040943531216,1.1923760393598433
0.03,0.012465919836166186,2.308999593506507,7.074078105484003,2.696017438023594,2.696017453193479,2.6960175865558376,2.696019103551212,2.1025266799333977,7.05322265625,2.8365982806688104,1.9996993608050984,1.9982629916021382,1.9941596225670422,2.074699636709749,2.674931801754487
0.04,0.011276772417197971,2.1961100503411624,7.092324186089422,2.462660909651772,2.46266090558543,2.4626608698378027,2.4626604632079423,2.102284213056144,7.05322265625,2.4175646906180006,1.9998461801753473,1.9996220915413965,2.014077815669064,2.1345908153820923,2.3314792593588476
0.05,0.009352691475673192,2.0,7.1140666528325465,2.531334792171984,2.531334807029549,2.531334937645662,2.5313364233882165,2.101954536537406,7.09716796875,2.605032060726087,2.000508204478173,2.0044890793113375,2.065877941498127,2.3098540136845065,2.656045022411806
0.06,0.007428610534148412,1.7824423263574443,7.1344689512479444,2.3833377886474496,2.3833376685114613,2.3833366123732374,2.3833245990587617,2.101549860182262,7.09716796875,1.9003840786169868,2.0012845184857926,2.0093384485724717,2.0928625922161084,2.2620224401740434,1.9777516067455587
0.07,0.006239463115180199,1.6335607969055774,7.148703084807357,2.265976975912535,2.2659766009951725,2.265973305035509,2.2659358156183935,2.101084317495448,7.09716796875,1.5732940876223098,2.0021760005374722,2.014197165909218,2.1057669327218913,2.170733693401637,1.7267187585477473
0.08,0.006239463115180198,1.6335607969055774,7.153881905428521,2.3562105443423618,2.356210691554239,2.3562119857202237,2.3562267062887594,2.1005816469786285,7.18505859375,3.0007060104888423,2.0040372306158423,2.025266957135785,2.1802444110585406,2.434235281752658,2.9826515266238247
0.09,0.007428610534148411,1.782442326357444,7.150898283551064,2.259530780324049,2.259529911842701,2.2595222770113796,2.2594354521943636,2.100053978241877,7.14111328125,1.266576634450077,2.005611202781163,2.0324215810217345,2.174806786495233,2.149879073902665,0.9744505945910725
0.1,0.00935269147567319,1.9999999999999998,7.143698449097138,2.2193245946712357,2.219323056500845,2.2193095347059772,2.2191557978013075,2.0994938164503285,7.163085937499999,1.7399561630639817,2.007502302964884,2.040741250915722,2.1812449040940662,2.0943967126055534,1.8546442376702117
0.11,0.011276772417197971,2.1961100503411624,7.13722125182605,2.1630921252761444,2.163088853793314,2.1630600955747896,2.162733232215267,2.0988862825192394,7.14111328125,1.498402129814631,2.0092782486898018,2.046957010299659,2.1582292145797903,1.920563511029159,1.481382088697373
0.12,0.012465919836166184,2.308999593506507,7.135937197865513,2.130357944491428,2.1303531876824207,2.130311374806824,2.129836412847578,2.0982133964738865,7.14111328125,2.010369977900941,2.011128371299642,2.0528204893955664,2.1390838759279247,1.8957190385602434,1.9804074817259034
0.13,0.012465919836166186,2.308999593506507,7.141706234543723,2.098728361757516,2.0987212706072245,2.098658943373663,2.0979515536896147,2.0974634616831973,7.119140625000001,1.8983651129607737,2.012826747171289,2.056808407589519,2.1059459069548736,1.8277285013661615,1.828865533987095
0.14,0.011276772417197973,2.1961100503411624,7.1538385205615365,2.0954242476439777,2.0954173651214627,2.0953568789403936,2.094671305719253,2.0966322110758755,7.14111328125,2.5189276666761176,2.0147779811383013,2.0621624435198953,2.104268538667821,2.002179186542628,2.4959878375173083
0.15,0.009352691475673193,2.0,7.169264804384965,2.0939273188515055,2.0939206990286103,2.093862530794972,2.093204389977527,2.095725731720113,7.14111328125,2.3269187311636057,2.0167658575985743,2.0671436381638553,2.1014457911964115,2.072150060127541,2.277625796915205
0.16,0.0074286105341484126,1.7824423263574445,7.183167349682159,2.100880679339897,2.1008765316759597,2.1008400997114163,2.100429584448558,2.0947658630015398,7.163085937499999,2.401416953332067,2.0189862048733076,2.0732606793000565,2.11643019728352,2.191397868742174,2.4237499103557987
0.17,0.006239463115180199,1.6335607969055774,7.190778836776819,2.111189215401572,2.111189587278211,2.1111928762557324,2.1112327659350094,2.093788060429179,7.18505859375,2.3574291565504035,2.021427911073287,2.0803055652430547,2.1391848384786134,2.2717666886617223,2.377199222426
0.18,0.006239463115180197,1.6335607969055772,7.189722083013529,2.1170922977131035,2.1170960872161846,2.1171293999572733,2.117508129566717,2.0928292078101296,7.18505859375,1.8951642155663888,2.0238616396892013,2.0865893146310333,2.14661047125552,2.2217171470258332,1.9355633374579135
0.19,0.00742861053414841,1.782442326357444,7.181251221987917,2.12552327862441,2.1255334194686095,2.1256224976834894,2.1266267592767476,2.09191880169226,7.207031249999999,2.1465992368749713,2.026468406787197,2.0936482761839734,2.163201550226894,2.240589875753102,2.191722600189483
0.2,0.00935269147567319,1.9999999999999998,7.168697384738613,2.1260736552452424,2.1260838823826633,2.1261736729504306,2.1271803125680098,2.0910676882129877,7.18505859375,1.551823640908593,2.0288003330746394,2.098340172876989,2.1483653013350885,2.0801768823550253,1.5486250757300697
0.21,0.01127677241719797,2.196110050341162,7.15688722687722,2.1217936473437606,2.121797701358165,2.121833260190361,2.12222769973308,2.0902627882278,7.163085937499999,1.4670661070250628,2.030812922996824,2.100934678764424,2.1187766120983045,1.931313315441266,1.5257203288483474
0.22,0.012465919836166184,2.308999593506507,7.150558807464674,2.114555758780289,2.1145475618511633,2.114475651400874,2.113676040084855,2.0894779750336925,7.14111328125,1.7871306802369205,2.032466144787277,2.1016843768262197,2.0841212137578755,1.8476878789188014,1.7808312255933638
0.23,0.012465919836166186,2.308999593506507,7.1520161488239635,2.1092018285908867,2.1091831679898965,2.10901965321122,2.1072244652863525,2.088685143276743,7.14111328125,2.3665570249197048,2.033936768137809,2.102312256328981,2.067941041488615,1.931592006199625,2.3070550270583414
0.24,0.011276772417197973,2.1961100503411624,7.160084155950301,2.098596224237479,2.098552549432468,2.09817028655984,2.0940247100828,2.0878596137866046,7.09716796875,1.7631784463885904,2.034783623751823,2.099862510317966,2.0263997833156013,1.8335583076967763,1.6970521792693287
0.25,0.009352691475673193,2.0,7.171462701711137,2.1001370273543327,2.1001002919279417,2.099779338065376,2.096364333548776,2.086995398049754,7.163085937499999,3.073582436013916,2.036029698011474,2.102189238910652,2.0673159794738463,2.236000561889995,3.07202030965833
0.26,0.0074286105341484126,1.7824423263574445,7.18133304355576,2.098561607551556,2.098521525078391,2.0981719599826385,2.0945223863332405,2.086102530410974,7.14111328125,2.1768181672733307,2.036853447714964,2.1027381551008317,2.0734903433332783,2.216056205050476,2.0789691591695
0.27,0.006239463115180199,1.6335607969055774,7.185061223710268,2.1001506778216465,2.1001193912538283,2.099847373064649,2.097099705114704,2.085192212647166,7.163085937499999,2.1606736200158423,2.0376587953589773,2.1047032685417815,2.097877656164869,2.288814052744869,2.26597172234329
0.28,0.006239463115180197,1.6335607969055772,7.1806967470989616,2.101480099692617,2.1014570336173914,2.101257379064076,2.099336675158527,2.0842761858464915,7.163085937499999,1.9306561665310968,2.038243069464245,2.106410562992377,2.1112764021190222,2.255516081728701,1.996858384822786
0.29,0.00742861053414841,1.782442326357444,7.169197815269344,2.1003066525871756,2.100278554832456,2.1000357848424787,2.0977390989919833,2.083356917594512,7.14111328125,1.4634393859870938,2.03839732436696,2.1063968668426467,2.100384470739938,2.1100452617919374,1.5489859844008393
0.3,0.00935269147567319,1.9999999999999998,7.153683460306651,2.101613723320582,2.1015956947107464,2.1014412024787474,2.1001100601943663,2.0824311909311572,7.163085937499999,2.319696366354974,2.0385420419526037,2.107849099325421,2.1135842345346867,2.168012313842924,2.3330215799360476
0.31,0.01127677241719797,2.196110050341162,7.13897466230258,2.0987289461889174,2.0986907997405657,2.0983627053307825,2.0953859389636413,2.08148748902804,7.119140625000001,1.504138678344794,2.038071669598799,2.106125875078186,2.0845015796321498,1.9670260036081326,1.427007581829963
0.32,0.012465919836166184,2.308999593506507,7.129860641820606,2.0965141902331963,2.096459321320805,2.095988093749528,2.091756204863078,2.0805092165323735,7.119140625000001,2.0443315221648852,2.0374112683594645,2.104604664603396,2.072099418253043,1.9790483683894435,2.1093981953355874
0.33,0.012465919836166186,2.308999593506507,7.128933632204115,2.094830813632068,2.094762380659987,2.094176373832144,2.089045174430397,2.0794885265749383,7.119140625000001,2.339008452886351,2.036595898255312,2.103279137149316,2.069226108776298,2.038913447527121,2.314721014842233
0.34,0.011276772417197973,2.1961100503411624,7.1349842773465735,2.093569618065649,2.0934905655875826,2.0928162116096383,2.0871085437338412,2.0784268389096443,7.119140625000001,2.3167843413521885,2.0356664878788333,2.102139615270891,2.071421018095276,2.090728594167535,2.2832156580732366
0.35000000000000003,0.009352691475673183,1.9999999999999991,7.144485154620772,2.0910962031093265,2.0909896621734685,2.0900833427937084,2.082567849868413,2.0773350818892196,7.09716796875,1.7891554602888249,2.0344549708865314,2.09968478443479,2.057967457802743,2.0288056252861786,1.862368055272996
0.36,0.007428610534148413,1.7824423263574445,7.152599801727926,2.0906334644541573,2.090525272294897,2.0896104509187428,2.0824293425116394,2.0762413476539576,7.119140625000001,2.37121187183891,2.033413558370994,2.099075749923785,2.0739765767804617,2.1527921790652877,2.4475113095637915
0.37,0.006239463115180199,1.6335607969055774,7.154794196309194,2.0931061130606126,2.0930433744507777,2.0925224217702296,2.0891822279252574,2.075192598037289,7.163085937499999,2.8149022948812603,2.0328012617638365,2.101580668233925,2.120656372463338,2.344495142538604,2.7790302506464086
0.38,0.006239463115180197,1.6335607969055772,7.149226773058953,2.095243000288383,2.0952228670575668,2.095068073952709,2.095057304132525,2.0742339781432153,7.163085937499999,2.1060441928799496,2.0322478109182827,2.103810243237121,2.1427998203525087,2.2985010580733594,2.058735301124755
0.39,0.007428610534148408,1.7824423263574438,7.136682306685238,2.095870637151542,2.0958650403601995,2.0958350943687756,2.0968984344617194,2.0733915844102606,7.14111328125,1.08802579882746,2.031569237307951,2.104289406390932,2.133599665369975,2.1134775309583222,1.292193892648022
0.4,0.009352691475673188,1.9999999999999996,7.120237339098043,2.095301782579073,2.0952839621503214,2.095152243725815,2.095398566909399,2.072672868574719,7.119140625000001,1.219937369147614,2.030783956093721,2.103228930922108,2.109273071752648,1.9495355756589268,1.4007303530198532
0.41000000000000003,0.011276772417197978,2.196110050341163,7.1047138744335125,2.094881610983381,2.094854253759387,2.0946446811346964,2.0943246896714847,2.07207424306755,7.119140625000001,2.1508759419170205,2.0301250157037254,2.102314784048747,2.0968993909759375,1.9556437777461155,2.115593005775436
0.42,0.012465919836166184,2.308999593506507,7.094909381445175,2.0935473925776527,2.0934832959673932,2.0929710254200375,2.0904917764866253,2.0715837097570033,7.09716796875,2.104251098386229,2.0294137879669183,2.1000493631038557,2.0737167735155513,1.9071986585262197,1.977513398297217
0.43,0.012465919836166186,2.308999593506507,7.0934686814740635,2.091489091456976,2.09136211091478,2.0903361932428677,2.084417708626533,2.0711837883066755,7.0751953125,1.970438943344261,2.02867278059403,2.096614635537065,2.046845955093298,1.8798191350416968,1.9380133202214578
0.44,0.011276772417197975,2.196110050341163,7.099193880598237,2.0897924662943037,2.0896103373909063,2.0881435202704095,2.0796372231658133,2.070863222364312,7.0751953125,2.2885123767579074,2.0281375822448324,2.093673170142192,2.0387296418802316,1.9851914362470966,2.300644393137251
0.45,0.009352691475673195,2.0000000000000004,7.108503690759857,2.089286309697944,2.089091151642883,2.087536230538065,2.079101708298809,2.0706242701966824,7.09716796875,2.643734903796833,2.0280528220161256,2.0926854002585884,2.059270962760729,2.1769678603686633,2.613960524714576
0.46,0.007428610534148413,1.7824423263574445,7.11655317348982,2.0880681159129386,2.0878273136269874,2.08592322142813,2.0759038036887385,2.070476376816152,7.0751953125,1.9156988159225075,2.028031867497048,2.0904276178049166,2.0562151919734037,2.131701211215443,1.900590310832414
0.47000000000000003,0.006239463115180196,1.6335607969055772,7.1188029622500295,2.087877704540783,2.087636579906767,2.0857575055498354,2.0767786030960647,2.0704347427563943,7.09716796875,2.2768481217647367,2.028508203347003,2.09006170474192,2.077810249822086,2.2270761937418633,2.3410915320948495
0.48,0.006239463115180197,1.6335607969055772,7.113397336207295,2.0885337882143897,2.088336277142959,2.086835903696715,2.0810869151080107,2.0705195730977652,7.119140625000001,2.4605013970549954,2.029505428092713,2.0913541881390163,2.1093608992873993,2.3036636075461985,2.414466313745493
0.49,0.007428610534148407,1.7824423263574438,7.101130393654579,2.0876971288039847,2.087458395528902,2.085657159542556,2.078702364846916,2.0707408590519005,7.0751953125,1.140146073051319,2.0304008468124097,2.089594017367364,2.0898022546802846,2.072814790057815,1.1088005591008405
0.5,0.009352691475673188,1.9999999999999996,7.085083348703884,2.088409446130984,2.0882250628008685,2.086885163382135,2.083425013448133,2.0711001818733137,7.119140625000001,2.46823567646519,2.0320144369948143,2.0911511431659635,2.117116415579196,2.2123885889414088,2.5266050004564584
0.51,0.011276772417197978,2.196110050341163,7.070077513393236,2.0877477657355397,2.087524153328829,2.0859060838744456,2.0813220557377434,2.071587401917127,7.0751953125,1.5454520828343614,2.033507288499337,2.08961442145724,2.0945286286881992,2.008294901054512,1.4353081991841814
0.52,0.012465919836166184,2.308999593506507,7.060904022596104,2.087210205167473,2.086953689896518,2.0851162825213625,2.079895998096592,2.0721748002480798,7.0751953125,1.964183891116463,2.035258410170357,2.0883642271788045,2.0841272153946244,1.9917719678121952,2.0125099042099728
0.53,0.012465919836166182,2.3089995935065066,7.060142423686134,2.084949947856053,2.08451368195363,2.0813430524191134,2.069615699968044,2.072825504948123,7.00927734375,0.8883724102622268,2.0366078529069256,2.0828730029989155,2.0262754000676257,1.7172113057570915,0.8993141019160704
0.54,0.011276772417197975,2.196110050341163,7.066560889786984,2.084163937777987,2.083670534010085,2.080139101195791,2.067827527856148,2.073511798804325,7.05322265625,2.804107901028093,2.0385499226643415,2.0812057583760875,2.0407088407613614,2.0312759520291612,2.808669155306904
0.55,0.009352691475673185,1.9999999999999991,7.076649804846984,2.0829497018405143,2.0823521254479593,2.0781250205856123,2.0636909650969466,2.0742244359191973,7.03125,2.3791773653035713,2.040440057807097,2.078403154765652,2.0357402468498904,2.054320034412941,2.2343866422338006
0.56,0.007428610534148415,1.7824423263574447,7.085570536398422,2.082989062997759,2.0824150495383615,2.0784693569474895,2.067164984496194,2.0749663057859236,7.0751953125,2.7761798718481656,2.042863312587839,2.079137564109228,2.0762183314584366,2.286461831043354,2.768099533148634
0.5700000000000001,0.006239463115180196,1.6335607969055772,7.088721074959927,2.0825477805430044,2.0819410131926896,2.0778625121957894,2.0673939482494372,2.075745469558009,7.05322265625,1.7929541640182374,2.045173866165329,2.078448240627726,2.08149199175709,2.2027144525549356,1.8070694365675504
0.58,0.006239463115180197,1.6335607969055772,7.084172235404443,2.082688974543081,2.082119929908943,2.078432577859365,2.071290472597972,2.0765660429658683,7.0751953125,2.0931870623735507,2.04774467600064,2.0795170851773097,2.1043413551137466,2.2493290283609744,2.1944410514744312
0.59,0.007428610534148398,1.7824423263574427,7.072824640223331,2.082374004632532,2.0817808162191693,2.0780351126099994,2.0717473886117,2.077426122052764,7.05322265625,1.5994153154585107,2.0501269095127226,2.079102234373967,2.0981977040812043,2.1188565069135175,1.6044104021833383
0.6,0.009352691475673186,1.9999999999999993,7.057789632346242,2.082125967988219,2.0815158661502533,2.077773275369078,2.07253761108083,2.0783144179600077,7.05322265625,1.942569036363481,2.052477753549865,2.078886903250965,2.0956350397255052,2.0815091653206124,1.958140005599281
0.61,0.01127677241719796,2.196110050341161,7.04388716017417,2.081935945328482,2.0813158841827577,2.0776329485052734,2.073572962713458,2.0792142361555577,7.05322265625,2.1748935859315446,2.0547545439604575,2.078843243768333,2.094895475297136,2.0769961156934804,2.1256606421485524
0.62,0.012465919836166184,2.308999593506507,7.03589208354574,2.081369013465522,2.080672677871323,2.0766001276996744,2.0716621486446813,2.0801005864684026,7.03125,1.8282087940339085,2.056704963645011,2.0774400832337223,2.077133604003902,1.9864448474492484,1.7995181298132823
0.63,0.012465919836166182,2.3089995935065066,7.0362584509543105,2.0804749534580584,2.0796373486137547,2.0747629177332287,2.067386993696195,2.080944447326399,7.00927734375,1.6773214582648526,2.058278127128913,2.074849573385075,2.0520253630601597,1.912692011730878,1.7780918731711008
0.64,0.011276772417197975,2.196110050341163,7.043741600168402,2.080092909647049,2.0792068414805986,2.0741962504821436,2.067396319563099,2.081726746343763,7.03125,2.4955794148555914,2.0598455022270787,2.0742512805934257,2.0615721646935845,2.0747723915416234,2.5235033956956765
0.65,0.009352691475673185,1.9999999999999991,7.054944692377904,2.0793906433405,2.0783849070739735,2.0727906895495054,2.064764047203436,2.0824395483205254,7.00927734375,2.045493669803806,2.0609677807743454,2.0723868478883345,2.051447685197357,2.037296823048981,1.988334763385186
0.66,0.007428610534148416,1.7824423263574447,7.065037907606622,2.079151565942802,2.0781235935868825,2.0726153888922467,2.0661251424994282,2.0830863441136733,7.03125,2.410932058745572,2.0620231550617825,2.0724408396148672,2.0685445414669905,2.159603223476934,2.4315686073682254
0.67,0.006239463115180196,1.6335607969055772,7.069355274479382,2.0793199598376777,2.078364845025111,2.073554175250621,2.0707566451108654,2.0836832415400734,7.05322265625,2.5029460006417583,2.062998234915419,2.074172201485317,2.097389103398205,2.260522771692703,2.4648742155400334
0.68,0.006239463115180197,1.6335607969055772,7.065851549822389,2.0791513980908305,2.0781839137335734,2.073515419377304,2.0718643589645707,2.084244020226883,7.03125,1.6318447791518003,2.063465763492251,2.07433501983009,2.0938775607369937,2.1371540483645917,1.6359114750030526
0.6900000000000001,0.007428610534148416,1.7824423263574447,7.055552375841221,2.0793581022882877,2.0784782075445514,2.0745668097285104,2.0761572574214275,2.0847786325766413,7.05322265625,2.138956385997672,2.063817223574105,2.0761299160830395,2.109975466398871,2.183218587240798,2.211719526290351
0.7000000000000001,0.009352691475673209,2.0000000000000018,7.041618148796873,2.079244200387362,2.0783605623632866,2.0746247601657166,2.076896499764339,2.0852924908180976,7.03125,1.7023888890622647,2.063639765234433,2.0763209429570857,2.0989819514412105,2.061963247747756,1.679894434715058
0.71,0.011276772417197958,2.196110050341161,7.028868315185585,2.0791614545111208,2.078281869739473,2.0747659100252633,2.0777323697256076,2.0857842534468163,7.03125,1.9840610718088885,2.0631325845257362,2.0766061369009865,2.0930254498086596,2.040652702711214,2.004487466409095
0.72,0.012465919836166182,2.3089995935065066,7.022054444078642,2.0791061694629045,2.078238094206777,2.074979836599235,2.078630120386664,2.086251900871929,7.03125,2.1737245334122455,2.062307903308725,2.0769687327437505,2.0900588272885927,2.0500281176628086,2.1430959076568965
0.73,0.01246591983616619,2.3089995935065075,7.023495569047383,2.0787774948774125,2.07782565584312,2.074277215796526,2.076568622447448,2.086691950074599,7.00927734375,1.8080166576905254,2.0609791816676424,2.0758870498211857,2.070902154341357,1.9685845325436697,1.80162554230659
0.74,0.011276772417197978,2.196110050341163,7.031979973847356,2.0787824251654334,2.0778640095699195,2.074700656261246,2.078051438649652,2.087106277278147,7.03125,2.41656534875848,2.059585990637214,2.0765590921846786,2.081089464874982,2.0946290965504755,2.434970573889537
0.75,0.009352691475673209,2.0000000000000018,7.044206282719047,2.0788051747187137,2.0779264286617134,2.0751650778455666,2.0794775977072635,2.0875035648843046,7.03125,2.262197278630812,2.057973169218288,2.0772551572855535,2.0870774350910115,2.122560212358361,2.2203888198938624
0.76,0.007428610534148416,1.7824423263574447,7.055350022502472,2.0785706266909987,2.0776271158697033,2.074691438247479,2.0778497039050565,2.0878922442890544,7.00927734375,1.6721021955162028,2.0559814556076503,2.0764572283981075,2.0725507869903237,2.02746578515287,1.71280741554534
0.77,0.006239463115180197,1.6335607969055772,7.060702527160847,2.078900866619141,2.078129790287053,2.0762759026748405,2.0826486320278272,2.0882877271262785,7.05322265625,2.606410690863783,2.0542814117239123,2.078871617343773,2.102582558769982,2.2175054557382183,2.6421534369814186
0.78,0.006239463115180196,1.6335607969055772,7.058102821550841,2.078964678139775,2.0782497474660304,2.0768171950389727,2.0838085270190225,2.0887069054200964,7.03125,1.8858544444895713,2.0523162140925626,2.079563305361318,2.09875807967575,2.1197664906157527,1.8158000017628948
0.79,0.007428610534148416,1.7824423263574447,7.048668837221201,2.0792903750113028,2.0787546619027313,2.078336988601556,2.087888470888598,2.0891594157792293,7.05322265625,2.216328389619208,2.050540333990462,2.081744303779049,2.113853561333055,2.1759414875540988,2.2454427246854336
0.8,0.009352691475673185,1.9999999999999991,7.0356154408093445,2.079362556924895,2.078884020740823,2.0788150990392493,2.088367263870846,2.089646040119966,7.03125,1.6764293407225337,2.0485945795172116,2.0822051395801013,2.101741655243964,2.0583122894708987,1.657567000930615
0.81,0.011276772417197975,2.196110050341163,7.02376287280079,2.0794432352261225,2.079026408708921,2.079304041380973,2.088806185136759,2.0901553755306086,7.03125,1.9454954874247752,2.0467295675466324,2.0826563428656923,2.0947228931100477,2.0388506584088133,1.9761437787573224
0.8200000000000001,0.01246591983616619,2.3089995935065075,7.0178388763666675,2.0792984863432795,2.0788218615920258,2.0788445286275374,2.086175134631722,2.090668554071522,7.00927734375,1.7920775152897164,2.044790621361427,2.0815941827093885,2.0729912481343065,1.9527441189972197,1.768465100059651
0.8300000000000001,0.012465919836166184,2.308999593506507,7.020058951378267,2.079175558210031,2.0786493357742675,2.0784774970825173,2.083998266408598,2.091164772794068,7.00927734375,2.1645227045914814,2.043034730832024,2.0807171257799495,2.063598135435388,1.9885625451698217,2.150933501884034
0.84,0.011276772417197978,2.196110050341163,7.029262178285332,2.079072409766853,2.0785063954304595,2.0781946853783624,2.0822322608710255,2.091629111018133,7.00927734375,2.286033517347765,2.041520606537044,2.080011748608524,2.061246540222152,2.042396602891282,2.2411632126796275
0.85,0.00935269147567321,2.0000000000000018,7.042207141836174,2.07898719765564,2.0783908039841763,2.0779883998678987,2.0808363009937616,2.0920542207047608,7.00927734375,2.2195526591211534,2.0403043964093333,2.079463439150052,2.0626378195694035,2.0826958240660347,2.19960442946477
0.86,0.007428610534148417,1.782442326357445,7.054071751524406,2.0791299513588153,2.078647972266514,2.0788019135963425,2.0828570863901463,2.092442438820258,7.03125,2.459195364455471,2.0396482338343827,2.080561233090541,2.0837210760600957,2.194270606671155,2.44875858558448
0.87,0.006239463115180203,1.633560796905578,7.060124698988352,2.0792744461064063,2.0789088907130453,2.0795926837973195,2.084669394018625,2.0928006950221776,7.03125,2.1243592505936904,2.0393952264105546,2.0815873192003256,2.094762405085544,2.184763018338717,2.1057909924385196
0.88,0.006239463115180196,1.6335607969055772,7.058124768236984,2.0794202500770864,2.079172857502298,2.080359293880404,2.0862787383316466,2.0931334446604737,7.03125,1.9211671073181709,2.039578105841341,2.082539426477561,2.0998761725878166,2.148797910385404,1.9670879529734453
0.89,0.007428610534148415,1.7824423263574447,7.04923967004919,2.0795669835117745,2.0794392268923767,2.081100519543176,2.087692370600041,2.0934421188673995,7.03125,1.9486603740261927,2.0402194814774326,2.0834172418864876,2.1015947407735696,2.1161365626946345,1.9853808157574115
0.9,0.009352691475673185,1.9999999999999991,7.036726733338684,2.0797143127976536,2.079707404199833,2.081815344798956,2.088919462926262,2.0937244407899236,7.03125,2.0448046235077437,2.0413304706462903,2.0842219490704093,2.101466384772738,2.094801826074483,2.0321843153621315
0.91,0.011276772417197975,2.196110050341163,7.025407542293726,2.079671953037532,2.0796391171171997,2.0815540997106554,2.0868616065738435,2.093973581959886,7.00927734375,1.6862821472680716,2.042699550033843,2.0834548428713195,2.0826248694138223,1.9893909514647368,1.6940142275449668
0.92,0.012465919836166182,2.3089995935065066,7.019993145636835,2.0796403119934626,2.0795893823589178,2.0813483045586993,2.0851556913013845,2.094184795268859,7.00927734375,2.042867399850498,2.0445144128961665,2.082817527206769,2.073787253819182,2.0043490396230896,2.084737328892932
0.93,0.012465919836166184,2.308999593506507,7.022641463288598,2.079618457075801,2.079556919484891,2.0811933320929366,2.0837694469367665,2.094364578862233,7.00927734375,2.2266078197228305,2.046751111585645,2.0823011096538586,2.0707378789290916,2.0427580437667525,2.204756837944392
0.9400000000000001,0.01127677241719796,2.196110050341161,7.032229244153495,2.079963765815438,2.080208116311422,2.0829860219067173,2.0889025273014035,2.094534019839726,7.05322265625,2.8138664743820394,2.0497908499012945,2.0848988645274793,2.1064826998183226,2.2523270354903913,2.748802885392071
0.9500000000000001,0.009352691475673188,1.9999999999999996,7.045544488713816,2.0802981349321468,2.0808402259882097,2.084655245209404,2.093246450992741,2.094717697869751,7.05322265625,2.233167520111321,2.053178486151194,2.087199403833553,2.1226549295699937,2.2346709628545454,2.1223123417676892
0.96,0.007428610534148418,1.782442326357445,7.057766069173822,2.080276973149007,2.080790476007525,2.0843035749674668,2.090660812771761,2.094928240881598,7.00927734375,0.4427709864457179,2.0564241975840023,2.086221348728338,2.09255589628627,1.9820906899419508,0.7337603741756272
0.97,0.0062394631151802046,1.633560796905578,7.064153401996296,2.080602622900591,2.081416958059858,2.0859053854346623,2.09466748917037,2.0951785560447567,7.05322265625,2.419203164564136,2.060269533081781,2.0883735665815775,2.1126023055602223,2.143004715954761,2.509313100536024
0.98,0.006239463115180196,1.6335607969055772,7.0624281381062435,2.080751749936301,2.0816947028507986,2.086437057836945,2.094887060551427,2.0954834433783995,7.03125,2.0250668984063678,2.064035872800551,2.088758846341311,2.102912230072725,2.0514928804419696,1.8943208659061264
0.99,0.007428610534148395,1.7824423263574423,7.053778000568022,2.081227087695351,2.0826282762288715,2.0888416392794262,2.101194308623887,2.09585139071818,7.0751953125,2.676922015036049,2.068258521585429,2.092083571220208,2.132106287616168,2.218650315567687,2.6289351181319214
1.0,0.009352691475673183,1.9999999999999991,7.041481366277819,2.081363078471068,2.082870423001083,2.0891459290592183,2.1001913101366827,2.0962759170401584,7.03125,1.3494840420894434,2.0720398654941032,2.091974504645896,2.1078479712474247,2.0090546716348783,1.2744336396490086
1.01,0.011276772417197975,2.196110050341163,7.030360741445489,2.0813396837374647,2.0827827622052486,2.0884744262096775,2.096101637775417,2.096730710140282,7.00927734375,1.241352314301022,2.075477355592678,2.0903531572691803,2.076131737438488,1.8812746693231142,1.4450608948820414
1.02,0.01246591983616619,2.3089995935065075,7.025120857089108,2.0814786888665395,2.0830358563770686,2.088817022193395,2.0956560895088643,2.0971892786678974,7.03125,2.455875564176092,2.078887111718288,2.090416152154584,2.07923061293993,2.0291436186005685,2.4610341031378686
1.03,0.01246591983616619,2.3089995935065075,7.027901541422362,2.0813092506602513,2.0826322404944384,2.087224032031748,2.088977784194817,2.0976258967965524,6.9873046875,1.737129685548158,2.0815723384906795,2.0874687560311673,2.0455791749763295,1.891808967171605,1.6262477826847144
1.04,0.011276772417197978,2.196110050341163,7.037593683816843,2.0814551120283937,2.082909481134383,2.087683281002934,2.0895616136810076,2.0980231794961,7.03125,2.723447315666528,2.08425570830704,2.087898660429066,2.0688139535946735,2.144367874935337,2.743313707430337
1.05,0.009352691475673188,1.9999999999999996,7.050993886830063,2.081599287822253,2.083182692606911,2.0881120725160285,2.09005772289594,2.0983761809099932,7.03125,2.366426007160728,2.08646691723769,2.0882935816683936,2.0822456555207216,2.190658519494452,2.3138121157574547
1.06,0.0074286105341483995,1.7824423263574427,7.063281411118521,2.0815947423456844,2.0831257047697576,2.0875527533977345,2.087366622210477,2.0986798188351345,7.00927734375,1.540438376279174,2.087926583206706,2.0871545875962636,2.071784473853538,2.0863791170191943,1.6384797269811022
1.07,0.006239463115180191,1.6335607969055763,7.069714516928024,2.0817398793102164,2.083405257498117,2.0880060652069243,2.0882297382893142,2.098937008786734,7.03125,2.1947386995494536,2.0889737553104717,2.0876761346891133,2.086106370878204,2.1665219509036646,2.286989784468248
1.08,0.006239463115180195,1.633560796905577,7.06801139708763,2.0820262399941805,2.0840055668599797,2.0893881365091143,2.092080057130804,2.0991620574251444,7.05322265625,2.4810931979047086,2.08956784918065,2.089648519741107,2.1112983672176426,2.247227282144712,2.428656040481872
1.09,0.007428610534148413,1.7824423263574445,7.059362706949123,2.082304748914651,2.084585926363581,2.0906572817706133,2.095304046323881,2.099368385956813,7.05322265625,2.090879317782003,2.0894731361771486,2.0913759114477215,2.121974104108212,2.2040178798815395,2.0329616045748238
1.1,0.009352691475673205,2.0000000000000013,7.047048492722722,2.082575728647006,2.0851466644074903,2.09181822971983,2.0979605746656165,2.0995605162790842,7.05322265625,1.864433269539363,2.088663062061841,2.092872716757145,2.1245577168614247,2.1412495867957366,1.9068280052729563
1.11,0.011276772417197992,2.196110050341164,7.035891431196322,2.0827017831841466,2.085362932280598,2.091914259393507,2.0970209967692757,2.0997321752790294,7.03125,1.4741192610672462,2.086922671961608,2.0926608466026475,2.1052428475392877,1.9980841083255438,1.5611108266028453
1.12,0.012465919836166182,2.3089995935065066,7.030598163328866,2.0828264093664997,2.085574990426271,2.091994046391046,2.0961353117150114,2.0998715446465335,7.03125,1.9922082783613595,2.084458712586286,2.092449240068517,2.0941714442459283,1.9877610437448738,2.032554082040142
1.1300000000000001,0.012465919836166184,2.308999593506507,7.033316253029381,2.0828151120015064,2.0854575721166095,2.0910951019246147,2.092211719214703,2.099968609538285,7.00927734375,1.8963805179592002,2.0810985275061404,2.0907470019790932,2.070343318325703,1.9170407046133868,1.8510113155178927
1.1400000000000001,0.011276772417197961,2.196110050341161,7.042932232655357,2.0830735632195223,2.0860007988801974,2.092193081456416,2.0950550286556853,2.1000238881896007,7.05322265625,2.7875456270584245,2.077507464016328,2.0922416609369066,2.0958881960577966,2.157014134412053,2.7558793701380453
1.1500000000000001,0.009352691475673166,1.9999999999999971,7.056238711929954,2.083193885199986,2.0861994248515936,2.0922268572127627,2.0943036193565545,2.1000450523099716,7.03125,1.9967119646188427,2.0731629538524454,2.092042295886259,2.0903130524295337,2.0935858216284347,1.9143056933142388
1.16,0.007428610534148419,1.7824423263574452,7.068415047118837,2.083312794275546,2.086393556312352,2.0922486492232117,2.0936157370061212,2.10004064107289,7.03125,1.8420140443922794,2.0683562308901347,2.091854145799346,2.0875431974902523,2.0841747305477747,1.9450773146202056
1.17,0.0062394631151802115,1.6335607969055792,7.074722889774284,2.083559099534702,2.0869084637765987,2.093225244457105,2.096086688434469,2.1000291479073976,7.05322265625,2.3389716249802395,2.063410859838063,2.093173832746424,2.1041896086009637,2.178448993717421,2.3495567442225287
1.18,0.006239463115180189,1.633560796905576,7.0728964450885865,2.083926824015621,2.087729566256254,2.095074090958798,2.10119126120221,2.100034725989413,7.0751953125,2.4700510977050136,2.0584581618725495,2.095802963549825,2.1288616712316024,2.2529429683949678,2.387381996597147
1.19,0.007428610534148394,1.782442326357442,7.0641197119912,2.0842840975140935,2.088517292100609,2.096750493347232,2.1053680544445306,2.100073242498324,7.0751953125,2.01358786323364,2.0534220658913065,2.098062829970751,2.137815689829772,2.201861532515293,1.9658889482848245
1.2,0.009352691475673183,1.9999999999999991,7.051663043500784,2.084631333677791,2.089272356815509,2.0982631132919654,2.108712079122604,2.100142095751663,7.0751953125,1.8033284131145901,2.0484336399248817,2.0999807845236487,2.1381488843342504,2.1335357035427664,1.8628057886608411
1.21,0.011276772417197973,2.1961100503411624,7.040348789418684,2.0847210742685824,2.089344677061071,2.0976898997170172,2.105132404206594,2.100216022039308,7.03125,0.795384317314898,2.0432129127099867,2.0986062138090347,2.0988547850885415,1.8881355270133933,0.9906850585966054
1.22,0.012465919836166173,2.308999593506506,7.034889442255155,2.084687199161433,2.0890891050156695,2.096169235109265,2.0987957947192175,2.100257410799247,7.00927734375,1.543850386564251,2.03809719191055,2.095847444100084,2.060018168893545,1.7954494723629213,1.6699614301737231
1.23,0.012465919836166192,2.308999593506508,7.03745271725143,2.0847785034046677,2.0891714172071847,2.09571932957221,2.096440392831532,2.1002374189497264,7.03125,2.675801930978317,2.0336559349633765,2.094887975310702,2.06104463291623,1.9979671094633316,2.6237515905116346
1.24,0.01127677241719798,2.1961100503411632,7.046912007389868,2.084748130616914,2.088925178368087,2.094318005764463,2.0912624780103077,2.1001392860875803,7.00927734375,2.2527600359675994,2.0296355805222,2.092533365588721,2.045975450202862,1.9976801221134064,2.1284873974180596
1.25,0.00935269147567319,1.9999999999999998,7.060049747278342,2.084840715092693,2.089016879703823,2.0939871814780444,2.0900135979827006,2.0999618189496188,7.03125,2.493031923936369,2.0266000332171243,2.0919649707535553,2.0605570277756597,2.1522497516964507,2.500279492424166
1.26,0.007428610534148401,1.782442326357443,7.072045180240334,2.085170235735013,2.0897582314514613,2.0956091662310445,2.095195343561994,2.099725101102871,7.0751953125,2.81694702361413,2.0249124601886495,2.0944640773082357,2.1062468865630137,2.354665125901962,2.753373743976173
1.27,0.006239463115180205,1.6335607969055783,7.078165240352364,2.0854912099458844,2.090467785107787,2.097076679994286,2.099504615374728,2.0994535314102785,7.0751953125,2.058800916135889,2.024286543461195,2.096638411565393,2.1275731215295366,2.3101417010481917,2.001539850920636
1.28,0.006239463115180195,1.633560796905577,7.076166853086332,2.085803935985329,2.091146246140245,2.0983977521141335,2.1030315723984665,2.0991609459884866,7.0751953125,1.579510250681058,2.0248113566939763,2.098507010551684,2.1351716728899355,2.2111474144375154,1.6970363096371428
1.29,0.0074286105341484126,1.7824423263574445,7.067222924395626,2.08610869694004,2.09179432392034,2.0995803757914366,2.1058613426155572,2.0988481745110574,7.0751953125,1.7140230504801564,2.0265481600760102,2.1000916144595934,2.1352395206927834,2.1207328443910853,1.7912396031724318
1.3,0.009352691475673204,2.0000000000000013,7.054590692111061,2.086290189080468,2.092086192160085,2.0996658058428532,2.1050022768991856,2.098500064372734,7.05322265625,1.5682292850017654,2.0293151202870816,2.099926170811165,2.1139020422159276,1.9648996244645516,1.547354878217022
1.31,0.011276772417197954,2.1961100503411606,7.04309204188887,2.0863529193919397,2.092036867647005,2.098745329002102,2.1010270403239097,2.0980893815939172,7.03125,1.7114091398536304,2.033100506763366,2.098229752574402,2.0833277758228874,1.8532032600690815,1.6813497213167585
1.32,0.012465919836166182,2.3089995935065066,7.037445747913852,2.0864152624249837,2.0919878555351663,2.0978732096287205,2.0975422402856174,2.097589629038727,7.03125,2.274219066096029,2.0380718677148812,2.096698576348971,2.0685421563850683,1.9113110826328337,2.2274137738980007
1.33,0.012465919836166184,2.308999593506507,7.039841637891252,2.08636376312061,2.091612068576854,2.0960805165737475,2.091427478536284,2.0969837168469,7.00927734375,2.0726018260061103,2.0439505380987284,2.0938359685258856,2.0449809026042955,1.898676626901338,2.008030398384255
1.34,0.011276772417197961,2.196110050341161,7.049139056472153,2.086540729745046,2.091905734120754,2.0963570470114288,2.09246305212917,2.0962747992287243,7.05322265625,2.819059252008474,2.0512530333448926,2.094313068840649,2.07352234413836,2.1774541574407493,2.8038761589046306
1.35,0.009352691475673167,1.9999999999999973,7.062109040455502,2.0866018179805175,2.091857663428929,2.095623946494975,2.0902456151221163,2.0954855832688617,7.03125,1.9691003930070525,2.0592291366146904,2.093235484240155,2.0714711230758307,2.133763284411459,1.9240850146157555
1.36,0.00742861053414842,1.7824423263574452,7.073930592578934,2.0869971360445576,2.0927928052482576,2.0978412681071004,2.0976644017767323,2.094655304270744,7.09716796875,2.780058424429837,2.0685252456664034,2.096775669267757,2.1255695274744246,2.384971778628913,2.8126269740894423
1.37,0.006239463115180198,1.6335607969055774,7.079875814468702,2.0872716242386753,2.0933573142737427,2.0988819277409645,2.1007788346573206,2.093829869825769,7.0751953125,1.7025587013828336,2.07813177331408,2.0983587634321808,2.131946307914168,2.247951224924868,1.6140777195180567
1.3800000000000001,0.006239463115180202,1.6335607969055779,7.077722299000014,2.087650041682248,2.094222009349522,2.1007747019123433,2.1063740959522446,2.0930463705763107,7.09716796875,1.9544600335514002,2.088230232225461,2.1011924316130717,2.1491474659368004,2.233160555834646,2.015503929828802
1.3900000000000001,0.007428610534148431,1.7824423263574465,7.068631722412146,2.0879092691313406,2.0947177416159954,2.1015108665536593,2.1078655255962344,2.0923308411123065,7.0751953125,1.4737357553300519,2.0981806835509027,2.102120165007475,2.135346591195262,2.058128042329414,1.4597400856590763
1.4000000000000001,0.009352691475673226,2.0000000000000036,7.05584985947028,2.08805309016145,2.0948600892658926,2.101186041576466,2.1058647222522304,2.0916943465018125,7.05322265625,1.4760777537278746,2.1077234937440927,2.101371992133897,2.106828675083608,1.9024905081790857,1.5179080233545623
1.41,0.011276772417197933,2.196110050341159,7.044198204593817,2.0883028361414873,2.0953199213306073,2.101820415993043,2.1070828396095425,2.091145374434938,7.0751953125,2.47472739222743,2.116999632533455,2.102141382416808,2.1086357137149183,2.0185035169611707,2.4469855366061966
1.42,0.012465919836166173,2.308999593506506,7.038400392870056,2.0885468132151237,2.0957551951485702,2.1023671076807418,2.107933523924006,2.0906898126735523,7.0751953125,2.401837723042698,2.1255546667963867,2.1027510186501344,2.1079731944370903,2.057181028402225,2.3024510034794847
1.43,0.012465919836166192,2.308999593506508,7.0406639045126465,2.0886772271896197,2.0958386122920425,2.1018669700454957,2.1053706422877654,2.090321652056035,7.05322265625,1.7734370126420926,2.132929498973589,2.1017301995406394,2.088491140123838,1.9763937468494006,1.802680292944525
1.44,0.011276772417197982,2.1961100503411632,7.049837266161889,2.0888049929903665,2.095913457364636,2.1013745788984353,2.1030460805753943,2.0900278146229887,7.05322265625,1.9876270612412457,2.1390710069915806,2.100778838609742,2.0790498373459285,2.0031230420913553,2.0896662783353577
1.45,0.009352691475673192,2.0,7.0626822154347195,2.088823043225225,2.095651809891398,2.0999254066888313,2.0978544574504885,2.089794675835428,7.03125,1.814043724312855,2.1435514237069593,2.098409911758183,2.0575312273545205,1.9510008461115762,1.8401071674239329
1.46,0.0074286105341484394,1.7824423263574476,7.074377491713136,2.0888412944609813,2.095396839166191,2.098570829025621,2.093418511055888,2.089615302104141,7.03125,2.172232145318069,2.1463590510460833,2.0963088275833957,2.049892198542497,2.007950765529416,2.171428506681377
1.47,0.006239463115180205,1.6335607969055783,7.0801990030344255,2.089072495606109,2.09580574281614,2.099242826703062,2.095892584074116,2.089499255337766,7.0751953125,2.856027100116251,2.1477210583175954,2.0974480995886875,2.086044213639411,2.2496529013257605,2.794494927007173
1.48,0.006239463115180195,1.633560796905577,7.077938656788256,2.089298536867538,2.0961922076052413,2.0998359689335486,2.097952512793366,2.089461355938644,7.0751953125,2.265650626442554,2.1471152426868922,2.0984351849523724,2.104725036399328,2.254614327059745,2.177789987627702
1.49,0.007428610534148411,1.782442326357444,7.068749699210673,2.089519543900439,2.096556902174139,2.1003551839269705,2.0996404992454507,2.089506056602563,7.0751953125,1.7607506132180182,2.144435993946394,2.099277661450189,2.1132364063345754,2.201334243000287,1.8572062503793347
1.5,0.009352691475673157,1.9999999999999962,7.055870215084783,2.0897356373476406,2.0969004940565528,2.10080529819443,2.1009967991123952,2.089624168726396,7.0751953125,1.7599008396728215,2.139621878176592,2.0999849113862625,2.1159787112301363,2.144940932217263,1.8677054214578497
1.51,0.011276772417197952,2.1961100503411606,7.044121442934704,2.089841883860382,2.0968949694869834,2.1002266212466005,2.0989910771895905,2.0897888034083176,7.05322265625,1.5232138709753809,2.1324591711775867,2.0990775702743067,2.097935386452257,2.0101262901502843,1.5748840600175684
1.52,0.012465919836166182,2.3089995935065066,7.038229927778988,2.0898412214281823,2.09655553101618,2.0987075498134073,2.0941640279261517,2.089958030374658,7.03125,1.662304967965012,2.122978358855804,2.0967608050002373,2.070762905512511,1.9057473149754287,1.6785531139886598
1.53,0.012465919836166186,2.308999593506507,7.0404138529992295,2.089631960218093,2.0955678955741277,2.0953653283961917,2.083906016378956,2.0900865201294763,6.9873046875,1.492065760282616,2.111066737679305,2.091730116718325,2.0227366296935236,1.7485392994295594,1.4642391489850821
1.54,0.011276772417197963,2.1961100503411615,7.049515293286264,2.0897407622397957,2.095606527791421,2.0951925337027637,2.0846139278970788,2.0901483521680917,7.05322265625,3.155925003172851,2.097889683902603,2.091836414072587,2.059960122024462,2.163538321674507,3.109460258596966
1.55,0.009352691475673216,2.0000000000000027,7.06229027535761,2.089639419926558,2.0949812521574596,2.0930977098604386,2.079145129054063,2.0901359261692996,7.00927734375,2.0014591423586983,2.0826904875942467,2.0889727629099064,2.045726822171854,2.0631032630236863,1.8289754960591313
1.56,0.007428610534148422,1.7824423263574456,7.073917337871215,2.089748354186848,2.0950385726100165,2.093111968294807,2.080923851752848,2.0900552137603814,7.05322265625,2.5333787122906695,2.0665651172200783,2.0895102565205415,2.079547469476098,2.2594291751964897,2.5997095596559276
1.57,0.006239463115180199,1.6335607969055774,7.079674417262045,2.0898551565758776,2.095090222910842,2.09312788305175,2.082611811501667,2.0899301487746933,7.05322265625,2.151491628531203,2.0494713137738927,2.0900294075480446,2.098040514248512,2.2555079364147534,2.109581778162788
1.58,0.006239463115180201,1.6335607969055779,7.077360639295311,2.090063185242446,2.095465708661944,2.094109889991262,2.0873164363406103,2.089789938170897,7.0751953125,2.220872567042093,2.0320117592708926,2.0920181377439513,2.1248769394159246,2.2876086676087004,2.2213725879665476
1.59,0.007428610534148429,1.7824423263574465,7.068124698138921,2.0902667887307445,2.095821233011565,2.095008826983763,2.0913825689044683,2.089662639007778,7.0751953125,1.9231525327602774,2.0144331130492192,2.0937769087819182,2.1358056312970093,2.2150311773250304,1.9098653260169738
1.6,0.00935269147567318,1.9999999999999987,7.05520089868408,2.0904660552620022,2.0961573859053098,2.095828677383264,2.0948491434069214,2.089566422414435,7.0751953125,1.8533032957778923,1.9972246846938024,2.0953156333559444,2.1378155475259466,2.133366613560292,1.8762202452596277
1.61,0.011276772417197971,2.1961100503411624,7.043410349052366,2.0905583503615452,2.0961456573994175,2.0956107719359416,2.0946614998326774,2.089506559946892,7.05322265625,1.5220896418232992,1.9806961063744268,2.095154457825778,2.1175419301171003,1.9792484069517664,1.5680900626814016
1.62,0.012465919836166189,2.3089995935065075,7.037480761365913,2.090546237504143,2.0958013625029683,2.0944421947130216,2.0913973357709787,2.089479130434666,7.03125,1.609038788520424,1.9653841554634797,2.0935038075324264,2.087449192755957,1.8656436006082115,1.6708787790787052
1.6300000000000001,0.012465919836166179,2.3089995935065066,7.039634457712963,2.090636971764476,2.095797772658373,2.094332053019901,2.0917711635645806,2.0894841432364686,7.05322265625,2.5323150378014168,1.9522779914229482,2.09355051207716,2.090600628399767,2.017611987381451,2.510406682405978
1.6400000000000001,0.011276772417197944,2.1961100503411597,7.048710919305088,2.0908281109463003,2.0961200203277053,2.0951931032089033,2.095203550583327,2.089527002015518,7.0751953125,2.6999013988396747,1.9419452918140674,2.0950873177764153,2.1100793998937504,2.166852904347842,2.6082679424747153
1.6500000000000001,0.009352691475673193,2.0,7.0614639792733085,2.090811049586392,2.0957661647211054,2.0940523605672685,2.0919179107147015,2.089603708126196,7.03125,1.3173017125380988,1.9342476912042132,2.0934362486574347,2.0828428442531783,1.9856771504029285,1.3407376279103278
1.6600000000000001,0.007428610534148403,1.7824423263574432,7.073072072111848,2.090794490062853,2.095424463399366,2.0930055407778068,2.089161486548603,2.0897049564098524,7.03125,1.75671906870843,1.9300613870155918,2.0919893554833298,2.070015953558161,1.99308398226646,1.9413786111556248
1.67,0.006239463115180205,1.6335607969055783,7.078813620415199,2.0908802329784404,2.0954239980297085,2.093013116788036,2.089976400205808,2.0898310300983316,7.05322265625,2.503212432622717,1.9299880392087772,2.0922316630698212,2.08354627390418,2.134264883935091,2.491922814905414
1.68,0.006239463115180194,1.6335607969055768,7.0764892495812095,2.090964247653974,2.095420695372543,2.0930238405868202,2.0907156714872426,2.089986526627908,7.05322265625,2.308333122379653,1.9340868017723631,2.0924584120178995,2.0911085624211747,2.1569727062017385,2.216513197927023
1.69,0.00742861053414841,1.782442326357444,7.067246521193279,2.0910465622807632,2.0954147352929646,2.093037393255174,2.0913812950620008,2.090172960971844,7.05322265625,2.0490169269776413,1.9425010315780569,2.0926679672920585,2.095062614392637,2.1457146923923442,2.0537962790155833
1.7,0.009352691475673153,1.9999999999999958,7.05431900260403,2.091127204358475,2.095406291115356,2.0930534637134572,2.091975669513097,2.0903876195263087,7.05322265625,1.9780581419658734,1.9552359397845416,2.092859525630641,2.0968844373010445,2.128551239936962,2.0289034414463667
1.71,0.01127677241719795,2.19611005034116,7.042527765218222,2.0912062007353267,2.0953955297646565,2.093071751243552,2.092501621735161,2.090622119945354,7.05322265625,2.025650097523067,1.9721522802838183,2.093032915040784,2.0974910527585737,2.1142931663930753,2.051363236702179
1.72,0.012465919836166182,2.3089995935065066,7.036600460678109,2.091182329682461,2.0950534852012006,2.092126439839591,2.089870028973704,2.090860604635871,7.03125,1.6567300965450351,1.9927520865417538,2.0916933399166022,2.0796199748417017,2.010938106321204,1.7042502442886267
1.73,0.012465919836166186,2.308999593506507,7.038758871100339,2.0911590087353122,2.0947241456381502,2.0912655750837232,2.0876854462218986,2.0910851497532796,7.03125,2.0358093785222264,2.016829809158738,2.090532551027685,2.071831977382277,2.023317594303895,2.0889311352640796
1.74,0.011276772417198003,2.1961100503411655,7.047842592889231,2.0911362276956473,2.094407320149221,2.090485240719157,2.0859077031657827,2.091283398680726,7.03125,2.230714249739326,2.0438516088026737,2.0895391500241653,2.069787397241652,2.0574440656391535,2.207240248671278
1.75,0.009352691475673216,2.0000000000000027,7.060605799936845,2.091214971318382,2.094432017692773,2.0907488827050225,2.0876047040187995,2.091450002819184,7.05322265625,2.5362941650289077,2.073387211993356,2.0901977505530978,2.088690041432837,2.174990215674362,2.4850061156145067
1.76,0.007428610534148422,1.7824423263574456,7.07222690704573,2.0911912052761594,2.094124914450624,2.0900345699497715,2.086010117068237,2.0915806908929486,7.03125,1.8039677822375522,2.104307320306953,2.0893041521307274,2.0806233448959457,2.082068919221878,1.7824166939462665
1.77,0.006239463115180199,1.6335607969055774,7.077983836370058,2.0910671230447453,2.093500778086113,2.088424256011252,2.0816369074176144,2.091671761996801,7.00927734375,1.4444142645166276,2.1358389401787177,2.0870526288754974,2.059647967835091,1.9741306980936606,1.5871286852500623
1.78,0.006239463115180201,1.6335607969055779,7.075675181047994,2.091248011004835,2.0938911004589973,2.0898723826616394,2.0874366079406417,2.0917362120258605,7.0751953125,2.9351122955171465,2.1679763837688544,2.0896214134971323,2.1057141011174636,2.273177445461931,2.9339597032104696
1.79,0.00742861053414839,1.7824423263574416,7.066449572455622,2.0913244942998466,2.093934154127758,2.0902456803925014,2.089301105208106,2.0917932888631756,7.05322265625,2.05507069306825,2.199120949109974,2.0904015993989704,2.109686348175424,2.1793419706053396,1.8936160791940346
1.8,0.009352691475673178,1.9999999999999984,7.05354169278419,2.0915000763514513,2.0943034738259247,2.091568841100296,2.0940361030663848,2.0918527175677664,7.0751953125,2.1102546391795656,2.228829251964526,2.0925960745324055,2.1277990613012867,2.209619732174965,2.170603087899844
1.81,0.01127677241719797,2.196110050341162,7.041772635930755,2.0914708697215647,2.0939971075613006,2.090852786988559,2.0918116815579317,2.0919126801785444,7.03125,0.887368867050405,2.255719541395748,2.091524530824802,2.098595244426127,1.972345739149044,1.0101989618952187
1.82,0.012465919836166189,2.3089995935065075,7.035869330550466,2.091542788032494,2.0940322700112675,2.0911745330780507,2.0930500983028812,2.0919635160127275,7.05322265625,2.2200077936177984,2.2795678509002,2.092083755551616,2.101096902421824,2.0486514665525717,2.2743994739475926
1.83,0.012465919836166179,2.3089995935065066,7.03805057018065,2.0914122328936373,2.0934066480360087,2.0895400777986897,2.087886921983842,2.0919944618886914,7.00927734375,1.6054137226602279,2.2990773520469356,2.089582768029375,2.0658594822304956,1.8745288046867938,1.5175942551546893
1.84,0.011276772417197984,2.1961100503411632,7.047157535593054,2.091384770212118,2.093137128008674,2.0890242120504077,2.0866846384834314,2.0920003511153955,7.03125,2.457244608089348,2.3141076792224484,2.0889076732203136,2.068444686124692,2.0215652788830933,2.4743959501961386
1.85,0.009352691475673195,2.0000000000000004,7.059946053840133,2.091357866969581,2.092879288171176,2.0885668780907563,2.085745197918668,2.091992123344018,7.03125,2.3957407555316093,2.3238568139637374,2.0883454742916445,2.0718218017652696,2.0866112838932294,2.346981155203687
1.86,0.007428610534148405,1.7824423263574434,7.071594571520302,2.091431894002143,2.0929621039632895,2.0891347272404115,2.0881453632207494,2.0919928419123237,7.05322265625,2.4759552839064756,2.3279564013658964,2.089383811831944,2.0931570729233018,2.2024360067013125,2.482958992138049
1.87,0.006239463115180192,1.6335607969055768,7.0773800967988265,2.0916047633076746,2.0933705243124447,2.0906397998293045,2.0933310031507215,2.092033240843456,7.0751953125,2.383317507076865,2.3259422850486517,2.091813312108785,2.1212874379375535,2.2782131910250865,2.4019834159144158
1.8800000000000001,0.006239463115180207,1.6335607969055785,7.075097748410307,2.0917741179018403,2.0937606680293332,2.092028388385907,2.0977003330506054,2.0921377927005484,7.0751953125,1.876153674332196,2.3172547186908004,2.0939417975187506,2.1327232404965297,2.222544969805957,1.9298687724664394
1.8900000000000001,0.007428610534148408,1.7824423263574438,7.065898158993832,2.0919400043768297,2.0941329720346618,2.0933050241963267,2.10132527214201,2.092314415681821,7.0751953125,1.7353721742836759,2.30160779928776,2.0957870242940997,2.1349022460437266,2.1472796508391365,1.8239067287722077
1.9000000000000001,0.0093526914756732,2.000000000000001,7.053017877401563,2.0919020206606103,2.093829911741453,2.0925387358352916,2.0981079599021357,2.0925495810465797,7.03125,0.7962778659706359,2.2784493888844084,2.094383776126556,2.096986563270251,1.8954877842822693,0.9477652504248408
1.9100000000000001,0.011276772417197989,2.1961100503411637,7.041278048111429,2.0918647051242436,2.0935393480648545,2.091838037988867,2.095306975593851,2.092817934477289,7.03125,2.0000386301759128,2.2480784700505683,2.0931315338370795,2.077213915598448,1.9008319490808268,2.0374036147214665
1.92,0.01246591983616618,2.3089995935065066,7.035404686154494,2.0918280516560133,2.0932610302250736,2.0911999473750273,2.092896316146463,2.093095866787158,7.03125,2.4296739170156325,2.210581637998469,2.0920268200741514,2.0684549107683194,1.9733796526979688,2.3328845635649973
1.93,0.012465919836166201,2.3089995935065084,7.0376129985474245,2.0916918873006063,2.092665522061988,2.0896525066313854,2.0877455919526433,2.0933619369243206,7.00927734375,2.0511865379858585,2.1660005899900665,2.0895667849650454,2.0479559799148217,1.9460483684371066,1.989947414699173
1.94,0.011276772417198003,2.1961100503411655,7.0467461821649655,2.0916585244095613,2.092425611841752,2.0892143326920065,2.0865468949970056,2.093605204027318,7.03125,2.471537791889954,2.1151317529365623,2.088932982645257,2.0596892999966774,2.110082794781384,2.5097588636253083
1.95,0.00935269147567322,2.0000000000000027,7.05956201583264,2.091625784119649,2.0921968308238696,2.0888260437615553,2.0856086616080405,2.093828890857288,7.03125,2.2394504921396328,2.058401847411755,2.0884106538308846,2.068448567445766,2.1565704152881144,2.241384786371337
1.96,0.007428610534148424,1.7824423263574458,7.0712389971349365,2.0916937785477225,2.0923081962363046,2.0894540486832702,2.0880103066246645,2.0940460039638356,7.05322265625,2.3520436575198116,1.9968491530124386,2.089486174567838,2.0928441758313485,2.246609907594179,2.38324368942562
1.97,0.006239463115180199,1.6335607969055774,7.077053227358638,2.0918604803343936,2.0927446580185682,2.091010741209513,2.09319956032646,2.0942743554554606,7.0751953125,2.343852822156814,1.9315696972432683,2.0919493297270573,2.122567406782153,2.3020188278171725,2.3459825407766233
1.98,0.006239463115180186,1.6335607969055759,7.074796426558362,2.0919237308703407,2.0928331024110896,2.091475819604175,2.0944796300786748,2.094521957667483,7.05322265625,1.4624906055469533,1.8634899745746147,2.0926131275083684,2.1172164674922955,2.143103923822434,1.502853349405463
1.99,0.007428610534148389,1.7824423263574416,7.065621225166381,2.0918855832917256,2.092588702857858,2.0909387710450513,2.092440773514001,2.094783690955854,7.03125,1.2483125126878618,1.7942523296189399,2.0916927245534227,2.0947210069053424,1.9783153436530012,1.3916851214062942
2.0,0.009352691475673176,1.9999999999999982,7.052765991695276,2.0919481669570956,2.0926846660284197,2.091421096337619,2.0938108406127687,2.095053699564356,7.05322265625,2.386379710603879,1.7263529606292474,2.092382239915462,2.1009861169120962,2.0671552297647016,2.370970259331277
2.0100000000000002,0.011276772417198006,2.1961100503411655,7.041051924913567,2.091909387215242,2.092447560398231,2.0908998909094225,2.0918568014501453,2.0953259821752965,7.03125,2.0431047701052334,1.661727763153655,2.0914886352685014,2.0855945325125624,1.9891289257788816,1.9243498288118694
2.02,0.012465919836166186,2.308999593506507,7.0352042479064725,2.0918712914682005,2.0922213848262894,2.090428303033131,2.09020795746748,2.0955938483130923,7.03125,2.1078606594540035,1.6033691751696901,2.090709470649091,2.0784566039211767,2.00719643288388,2.1326089301269087
2.0300000000000002,0.01246591983616618,2.3089995935065066,7.037435154898482,2.09203393437029,2.0926644328563646,2.0919401157482658,2.0950309219727075,2.0958582093823033,7.0751953125,2.7779073464608612,1.5548659016567556,2.0930300066864818,2.1116361002271566,2.2238286550186444,2.750289917283424
2.04,0.011276772417197949,2.19611005034116,7.046589597362694,2.091993243019589,2.09242993492905,2.09139302840501,2.0928921690591373,2.096114568805081,7.03125,1.4149117648537572,1.518275704306845,2.092067324893356,2.0910545032698344,2.0348096976404375,1.3438198282515081
2.05,0.009352691475673244,2.0000000000000053,7.05942697561139,2.0920532748323097,2.092535525484137,2.0918634625864896,2.0941677273597006,2.096350398580459,7.05322265625,2.0777915199088475,1.4973160827350567,2.092717724375471,2.09863187651784,2.1059326431946883,2.193468838125245
2.06,0.007428610534148444,1.782442326357448,7.071125835483619,2.0919120095076646,2.0919783595154224,2.090361634160073,2.0890314206716383,2.096552109443694,7.00927734375,1.2664958250178022,1.4935014091208056,2.0902924825675964,2.066145700876913,1.9201347964685587,1.319037271079225
2.07,0.006239463115180207,1.6335607969055785,7.076961604349772,2.0918734457306525,2.091775830099188,2.089960036287413,2.087818851171892,2.0967120418892713,7.03125,2.3459375115290992,1.5091019631830078,2.0896772853198695,2.070099719341931,2.047534665637621,2.39966005731567
2.08,0.006239463115180192,1.6335607969055768,7.074723500922247,2.0920355880085535,2.0922420593818685,2.09153725238599,2.0930514502294892,2.096839362809401,7.0751953125,2.9530581341490287,1.544678313509243,2.092153614065275,2.109600360777818,2.274387264902009,2.8552452519469935
2.09,0.007428610534148407,1.7824423263574438,7.065565647136758,2.0921944558260597,2.0926885095934376,2.0929860812349523,2.0974653078157592,2.096941347305787,7.0751953125,2.2796397275552867,1.598742404511284,2.094323783838113,2.1275951520141008,2.2553533636664334,2.1602556379465585
2.1,0.009352691475673199,2.0000000000000004,7.052727747608677,2.092150111362892,2.0924571172662847,2.0923782690356694,2.0949502367978563,2.0970065116410117,7.03125,-0.06485764960663652,1.6688346089347283,2.093217986950412,2.0983256468572273,1.9976781106614623,0.6981693910074444
2.11,0.01127677241719791,2.1961100503411566,7.041031043873406,2.0922065137650083,2.0925656101515755,2.092788406293846,2.095880989385893,2.0970149978180417,7.05322265625,2.0486666172425094,1.7531150072087138,2.0937315184567376,2.100803644984857,2.0587813914266633,2.1942956383109435
2.12,0.012465919836166194,2.308999593506508,7.035200234525183,2.09206171516075,2.0920110674473684,2.0912284416776252,2.0904260086802418,2.0969455298622393,7.00927734375,1.5609193621113444,1.8478850768469761,2.091179293644417,2.0655624730851962,1.8768926689390952,1.4669225897964524
2.13,0.012465919836166201,2.3089995935065084,7.037445576157526,2.0920196430606235,2.091810975938494,2.0907694782159183,2.088927830810069,2.0967824054797672,7.03125,2.490366113020929,1.9507810718347915,2.090445479351082,2.068165385777705,2.0197631050591105,2.4666405790967407
2.14,0.01127677241719793,2.1961100503411584,7.046613185692532,2.0919783116749464,2.0916206948333786,2.09035443378388,2.087702296872737,2.096526394814415,7.03125,2.4302791651103925,2.0585666600338297,2.0898200618385308,2.0715698120939976,2.0831664108527677,2.3496690407111447
2.15,0.009352691475673221,2.000000000000003,7.059463495922324,2.0919377155416456,2.0914399650921776,2.0899810856436094,2.08672379758756,2.096191436051465,7.03125,2.1711378445176086,2.168397754477346,2.0892942658048903,2.075076221121989,2.109306297479528,2.1901342918913955
2.16,0.0074286105341484256,1.7824423263574458,7.071175087472231,2.092097846685604,2.091927452541433,2.0915836865684327,2.0921798300236283,2.095808545964294,7.0751953125,2.655888229696687,2.27801482867405,2.0918522691960346,2.113833863756647,2.2914739248423928,2.686814104082718
2.17,0.0062394631151802,1.6335607969055777,7.077023010486646,2.0921547641009357,2.0920650512878995,2.09208781754644,2.093693903187324,2.0954153678769765,7.05322265625,1.6978803579463628,2.384414376289162,2.092601184553863,2.113541957915442,2.1671603450576606,1.6948899246833304
2.18,0.0062394631151802,1.6335607969055777,7.074795108561298,2.0924104440304587,2.0928560341340456,2.0944848715552435,2.101143064088753,2.095049207026553,7.09716796875,2.4078340713521937,2.485887193940836,2.0962380621446446,2.1465349832541363,2.2784179416779047,2.448220570416172
2.19,0.0074286105341484256,1.7824423263574458,7.065646344661103,2.092560992251852,2.0932829280661864,2.09570741922804,2.104236350719692,2.0947399060117804,7.0751953125,1.6805494658656273,2.579838277694714,2.0978943455672883,2.1407843329949534,2.1243794762714514,1.5675353539089718
2.2,0.009352691475673221,2.000000000000003,7.052817153334034,2.09270842511089,2.0936906229299392,2.0968160267066223,2.106701201811117,2.09449860575483,7.0751953125,1.7960055312427574,2.664517853867106,2.0992939735804286,2.1334448171458535,2.051437237700385,1.801524902165279
2.21,0.01127677241719793,2.1961100503411584,7.04112880144464,2.092852779231416,2.094079571896554,2.097816425866623,2.1086035758775465,2.0943209937695855,7.0751953125,2.0511229649310527,2.738142976766516,2.100459982945971,2.1258376618300514,2.0266126765031744,2.010249798281323
2.22,0.012465919836166201,2.3089995935065084,7.0353057446542175,2.0927941586959764,2.0937920514694546,2.096783635185132,2.1038153274532263,2.0941835148666312,7.03125,1.294557297370278,2.7987468961496145,2.0984356758035196,2.083315729890249,1.8276010031721548,1.268831477991721
2.23,0.012465919836166194,2.308999593506508,7.037557383052139,2.092636492364563,2.093186943567083,2.094853813826892,2.0964897631607,2.094054246069585,7.00927734375,1.6788885897776922,2.844935197906319,2.0951207969774166,2.0440850171100853,1.7798898797116809,1.7732143905193642
2.24,0.011276772417197985,2.1961100503411637,7.046730375223838,2.092581698828518,2.0929371389577542,2.094041494742896,2.0933529672508646,2.093914985491346,7.03125,2.6681605883895556,2.875559184605366,2.093692752182823,2.046576853572588,2.0124940412298775,2.643829256186176
2.25,0.009352691475673199,2.0000000000000004,7.059585603743731,2.092527810399275,2.092698170990412,2.093290973864945,2.090697756984831,2.093765500994687,7.03125,2.519699645673068,2.8891189278963134,2.092444068814355,2.0518700775983323,2.1204331204711906,2.4288475820610564
2.2600000000000002,0.007428610534148407,1.7824423263574438,7.071301668141452,2.092674806332146,2.093128419573834,2.094535262865054,2.0947097194602335,2.0936203279600245,7.0751953125,2.7586665478012926,2.884635921061964,2.0943529858163084,2.0941041107285883,2.336243681284374,2.758625135190132
2.27,0.006239463115180192,1.6335607969055768,7.077153498771173,2.0928187595961814,2.093539513808413,2.0956687887590313,2.0980637172907137,2.0934976170280777,7.0751953125,2.025403164878616,2.8606173509799913,2.096023116104087,2.1149777740665967,2.3096973490584936,2.0609473045903712
2.2800000000000002,0.006239463115180207,1.6335607969055785,7.074928533071232,2.092859724118841,2.093602744081247,2.0957306054612532,2.0977388394983145,2.0934034706236604,7.05322265625,1.05136014793268,2.815742951072691,2.095974852711665,2.106017171418957,2.137022702081324,1.3031375188668015
2.29,0.007428610534148368,1.782442326357439,7.065782007804767,2.0928996898937857,2.0936625094510735,2.0957764578682876,2.097405874621975,2.093336246088151,7.05322265625,1.725249913652613,2.7489953697982217,2.0959122087712854,2.1005626861179008,2.07225273481108,1.8304932153140752
2.3000000000000003,0.009352691475673244,2.0000000000000053,7.052954566739161,2.0929386722937195,2.0937189139296444,2.0958076671235313,2.0970708508534464,2.093292781849079,7.05322265625,2.17013373081718,2.6591771664226433,2.0958386508623006,2.0973212845327542,2.055169153700686,2.0947187802719918
2.31,0.011276772417197949,2.19611005034116,7.041267485808175,2.0929766866431225,2.093772061227654,2.0958255019877705,2.096738928492588,2.093268013503653,7.05322265625,2.258034417580661,2.5449681956086847,2.0957570993214123,2.0954551997894675,2.0571584495949224,2.158205051576706
2.32,0.01246591983616618,2.3089995935065066,7.035445195396925,2.092913757535318,2.0934928735491325,2.094864580255026,2.0933340539500307,2.09325447936819,7.03125,1.7990654045119356,2.4046064928151543,2.0941766787520546,2.0765776096577815,1.9693138875691376,1.7903884275360038
2.33,0.012465919836166186,2.308999593506507,7.037697051630675,2.092951850354932,2.0935545468076153,2.094942934168107,2.0935329120201347,2.0932493485016352,7.05322265625,2.385221584241033,2.2363292261015517,2.0942825414598913,2.0865340624239,2.091904833402818,2.4274500007299658
2.34,0.011276772417198044,2.1961100503411695,7.046869771308801,2.0928890030054768,2.093283710665918,2.094040671533387,2.0906154782859687,2.0932563815238048,7.03125,1.8943163404985217,2.0366643429509392,2.092879779555468,2.0742550817924053,2.0257700980686995,1.8782297276646192
2.35,0.009352691475673176,1.9999999999999982,7.059724252931566,2.0929271945603904,2.093353628955645,2.094176352924502,2.091266609745907,2.0932870842554574,7.05322265625,2.354267417548801,1.8008468434761293,2.0931536440168177,2.0876986318558823,2.1344109286181165,2.387684869248659
2.36,0.007428610534148465,1.7824423263574507,7.071439101558641,2.0929644531510117,2.0934201046421537,2.0942965291974702,2.0918467293225533,2.0933634657604316,7.05322265625,2.1855504661739915,1.518849191721032,2.093401063005864,2.094883782778534,2.1447406509006464,2.1547706784250646
2.37,0.006239463115180186,1.6335607969055759,7.077289299661248,2.09310079405114,2.0938124174405615,2.095368683811263,2.0954457770566535,2.093512557591602,7.0751953125,2.355522552093018,1.1679464679387124,2.095115191085842,2.1160074917851053,2.219130205308457,2.35464064504298
2.38,0.006239463115180185,1.6335607969055757,7.075062516248104,2.0933342508620667,2.0945157606518876,2.0973086289753193,2.101546094784281,2.0937600096966,7.09716796875,2.3649860818795956,0.6634336608858697,2.098096555073003,2.1419996873216656,2.2719797475128627,2.3475986826228668
2.39,0.0074286105341483865,1.7824423263574414,7.06591388075742,2.0934629003465153,2.094857655932533,2.098106225315703,2.1035285448511307,2.094113307003021,7.0751953125,1.4871302928922019,-0.6633144410755158,2.09917887895957,2.1332767554136045,2.1151180921344874,1.5213834874412266
2.4,0.009352691475673173,1.999999999999998,7.053083905239754,2.093488777436385,2.0948537735933495,2.097854774141552,2.102000801350819,2.094555864627457,7.05322265625,1.2579995062573643,-1.1176498726280073,2.0985888799192898,2.107704895427982,1.9566064627443795,1.4103682208927324
2.41,0.011276772417197965,2.1961100503411615,7.041393863356363,2.0934138823773143,2.094519267987121,2.096641919685966,2.0975047169458705,2.0950568640655387,7.03125,1.6746129337117956,-1.4001162701952903,2.0965388910871123,2.0755296429337284,1.8580760074450025,1.6949649467971442
2.42,0.012465919836166186,2.308999593506507,7.035568286941885,2.0933401841400485,2.0941979348995896,2.09551688460729,2.0936375895113266,2.095583664020301,7.03125,2.3393677226756524,-1.5958046153165586,2.0947198447534436,2.0606979437609154,1.9271949066576526,2.267462732439647
2.43,0.01246591983616618,2.3089995935065066,7.037816948073409,2.0933676818899003,2.0942186728666052,2.095443488761654,2.093465069314732,2.09610954612283,7.05322265625,2.734618623174716,-1.7270340525205434,2.094616480270925,2.07405518066869,2.1115656976156556,2.637724417006708
2.44,0.011276772417198025,2.1961100503411677,7.046986339795693,2.0931943893246405,2.0935791082893576,2.0934347937634348,2.08710880143735,2.0966077067643396,7.00927734375,1.5631202631431298,-1.8025201027097255,2.091537512301736,2.046275257114841,1.971354655385543,1.5300102018006425
2.45,0.009352691475673153,1.9999999999999958,7.059837132939162,2.0931242716809413,2.0932961913782053,2.0925591120857314,2.0849192786684,2.0970584746310807,7.03125,2.2453866070184914,-1.8233759996939043,2.090356982876086,2.054672104229861,2.1042120154358166,2.361973676829643
2.46,0.0074286105341484455,1.7824423263574485,7.071547929327064,2.09315535090243,2.093354742269367,2.0927268556070646,2.0862947822555182,2.0974605305431777,7.05322265625,2.565450009880259,-1.7873862746985043,2.090854428470163,2.080372577983819,2.2348850618465717,2.532954827548541
2.47,0.006239463115180179,1.633560796905575,7.077393845484345,2.09318563621501,2.0934105289381595,2.0928832299051834,2.0875565936300196,2.097820050288326,7.05322265625,2.1704164807213564,-1.6881932284270866,2.0913199942281855,2.094392800112019,2.222664599263308,2.1162559485734125
2.48,0.006239463115180192,1.6335607969055768,7.075163075959746,2.0932151406717043,2.093463624105881,2.0930286418758297,2.088705439365581,2.098144506918284,7.05322265625,1.8984073065193179,-1.5118323198415695,2.0917498386500784,2.10140685091267,2.176901004793012,1.9423669774386436
2.49,0.007428610534148405,1.7824423263574434,7.066010459043468,2.0933438952919485,2.093843294996206,2.0941304781698147,2.0928483704593206,2.098443226146697,7.0751953125,2.275955813498331,-1.2254451043959045,2.093636767147439,2.121924163135353,2.2218279502608307,2.2895349083579513
2.5,0.009352691475673195,2.0000000000000004,7.053176220056269,2.093369908189405,2.093876492890773,2.094171480190836,2.0932589650015805,2.098720465002359,7.05322265625,1.687690437595826,-0.7119405542885068,2.0937938748891662,2.1121668588736973,2.083017061684708,1.6434779060605702
2.5100000000000002,0.011276772417197984,2.1961100503411632,7.041481624712811,2.093495213384298,2.0942366895702778,2.0951729182559338,2.096707887394717,2.098973606933343,7.0751953125,2.2668699137631156,0.8291133125357383,2.095419391207364,2.123298248215059,2.1360596087736585,2.2784738321415605
2.52,0.012465919836166192,2.308999593506508,7.035651350599339,2.093517826464539,2.0942509729088132,2.0951188993837575,2.0964915697705,2.099192226812075,7.05322265625,1.8075036955356543,1.4352845821887548,2.0953324130314344,2.1087067074649624,2.0252683345146596,1.7551177499904318
2.5300000000000002,0.012465919836166173,2.308999593506506,7.037895735169943,2.0934397475947137,2.0939344905482273,2.09409724823009,2.0931791994778646,2.099355607062424,7.03125,1.602348080255906,1.893511685515755,2.0937443305299923,2.082261504035254,1.919517922232109,1.661656273715732
2.54,0.011276772417198006,2.1961100503411655,7.0470609487438125,2.093362968754829,2.0936311203979856,2.0931578276287497,2.0903778828233412,2.0994461642724294,7.03125,2.1461342958306413,2.2875570100796776,2.092347920126554,2.0698997497839153,1.9623052874062676,2.1637763421672402
2.5500000000000003,0.009352691475673131,1.9999999999999936,7.0599073569685356,2.093287483205095,2.093340599660917,2.092297276569168,2.088045077328471,2.0994590618651054,7.03125,2.3340899970934803,2.6393075393249923,2.091133810095953,2.0657398980552206,2.0290928010235976,2.280534236192679
2.56,0.007428610534148428,1.7824423263574463,7.071613554372074,2.0933133147092664,2.0933919201281905,2.0924796656648192,2.08923952825586,2.0994062480407423,7.05322265625,2.573457721614802,2.9570160039901587,2.0915867986756456,2.084010279693258,2.1714839514203943,2.5240807398965726
2.57,0.006239463115180201,1.6335607969055779,7.077454803203563,2.093438486852399,2.093770053019573,2.093617619662382,2.0934011574510025,2.0993137540349087,7.0751953125,2.5007415051179662,3.2437131987836123,2.0934962713507637,2.111592893966233,2.2700038921511356,2.456933708858091
2.58,0.006239463115180199,1.6335607969055774,7.07521985358073,2.093661028605176,2.0944601613161353,2.0956263905241745,2.1000070991719015,2.0992098931223224,7.09716796875,2.2858488890332906,3.5001421683417915,2.0966609760591086,2.1411416954788334,2.3144481677241466,2.29778533395388
2.59,0.0074286105341483475,1.7824423263574365,7.066063223974605,2.093778965288268,2.0947897077009663,2.0964942734804235,2.1024244721099423,2.099110289417268,7.0751953125,1.2875928790431368,3.7256225142862367,2.097911783782657,2.13425263124617,2.1434860671045137,1.3952213525074946
2.6,0.009352691475673216,2.0000000000000027,7.053224839753849,2.0937943313459555,2.0947743291770258,2.09631406100932,2.10127355924464,2.0990139952397424,7.05322265625,1.1333971361310813,3.9190484145833215,2.0974758034899934,2.1095399295273487,1.9689931934201643,1.3204682489008543
2.61,0.011276772417197928,2.196110050341158,7.041525957580081,2.0938091396288034,2.0947581914560134,2.0961389668943173,2.1001976891356113,2.098915203118968,7.05322265625,2.055164822485105,4.078989162945886,2.0970582697051867,2.0954964623842183,1.9580178794035885,2.0418837345324987
2.62,0.012465919836166172,2.3089995935065057,7.035691388467645,2.0938234026190914,2.0947413656168026,2.0959693060516305,2.099199795479161,2.098810588549425,7.05322265625,2.3682260673665647,4.20361739276337,2.096664108382367,2.088132573877618,1.9947508711979482,2.255302099666978
2.63,0.012465919836166194,2.308999593506508,7.037931975493414,2.093837132651339,2.094723920349045,2.0958053547579203,2.09828183772068,2.0987003755490146,7.05322265625,2.315339140039719,4.290898222535812,2.0962964583011447,2.0848192785492663,2.0353439280552985,2.2429900735592203
2.64,0.011276772417197989,2.1961100503411637,7.0470935930903265,2.0939503508524573,2.0950349252915728,2.0966132584721344,2.1005387762507532,2.098589686202158,7.0751953125,2.493434457176057,4.338716055461673,2.097449116353265,2.1016483197120093,2.157448842983071,2.4792068497130386
2.65,0.009352691475673202,2.000000000000001,7.05993633559831,2.0939610833747975,2.0950017246811226,2.096377928106986,2.099267477526964,2.0984826033423216,7.05322265625,1.7354758138705877,4.3444705255499345,2.096942588534737,2.0915667836103413,2.0679110150976108,1.7681952979375928
2.66,0.00742861053414841,1.782442326357444,7.071638789827176,2.093871329572214,2.0946394201975047,2.0951864294425877,2.0950235711935945,2.098381561614938,7.03125,1.424281445144211,4.305499309066207,2.0949845261828592,2.068787881976438,1.963937279659487,1.5787451381463795
2.67,0.006239463115180223,1.6335607969055805,7.077476333550649,2.0940831025717066,2.0952788128219764,2.0969870802513766,2.1007005558296328,2.0983031552263647,7.09716796875,2.9443822249415015,4.2191636962641725,2.097741960489033,2.1130456582182515,2.2682022858581314,2.933884648146447
2.68,0.006239463115180205,1.6335607969055783,7.075238149156113,2.0941904526447668,2.0955594100655737,2.0976606197914305,2.102320330868646,2.0982676532708298,7.0751953125,2.0648122249210297,4.081427604738807,2.0986424791626273,2.1156806640651413,2.1778413740486426,1.8974249280883173
2.69,0.007428610534148366,1.7824423263574387,7.066078499880392,2.0942954088938524,2.0958256895792227,2.0982645685861803,2.1035831950539627,2.098282901551992,7.0751953125,1.7413459544150647,3.8876634735199302,2.0993977302147,2.115182437047513,2.1220697055225894,1.8273014800599248
2.7,0.00935269147567324,2.000000000000005,7.053237079399844,2.0943980032871634,2.0960780552049787,2.0988027687472486,2.1045294253230002,2.0983494325393757,7.0751953125,1.8886438508118808,3.631223161537614,2.10002045329893,2.113175495432787,2.0915531373603673,1.9494455559311108
2.71,0.011276772417197944,2.1961100503411597,7.041535136997345,2.094498267864396,2.0963169098975323,2.099278994781539,2.1051967760292225,2.0984587696912986,7.0751953125,2.0670011107508817,3.3017531981820736,2.1005234559537733,2.11060415740453,2.078740414267491,2.0396602794929337
2.72,0.012465919836166179,2.3089995935065066,7.035697576721566,2.0944962518907464,2.096213867638498,2.0987318955325103,2.1025324473395477,2.0985913540510026,7.05322265625,1.742609670089811,2.8808400303650283,2.099429709573201,2.090260135390469,1.9811889398966587,1.714002077216992
2.73,0.012465919836166189,2.3089995935065075,7.037935586957625,2.094393953254512,2.095783974263532,2.0972475976142584,2.097072095828707,2.0987216008120875,7.03125,1.6697357730118227,2.3297614249891527,2.0969450761077466,2.0624991987130645,1.9041612541941852,1.7355728898204952
2.74,0.011276772417197971,2.1961100503411624,7.047094835540673,2.0943933271928095,2.095699701093369,2.096841066208768,2.095515834488096,2.098832423540316,7.05322265625,2.513368219526653,1.5321339951314619,2.096247069588894,2.0694616376434127,2.0670132115771067,2.5180079910763795
2.75,0.00935269147567318,1.9999999999999987,7.059935232545715,2.0943924102327394,2.0956171951572684,2.0964589169542696,2.094189451421609,2.0989184464147543,7.05322265625,2.3886660440882053,-0.9357554210334188,2.095633311803188,2.0752207058119163,2.124117695452865,2.3183217837801635
2.7600000000000002,0.007428610534148392,1.7824423263574418,7.0716353587760645,2.094391213523489,2.0955364937407537,2.096100718822089,2.0930761782543934,2.0989812867514175,7.05322265625,2.123670675482817,-2.0413849728412514,2.095098003525908,2.07987806666714,2.138375618016112,2.1415485629376607
2.77,0.006239463115180216,1.6335607969055796,7.077470661725692,2.0944897373681983,2.0957865539830296,2.096732497831437,2.095251891188484,2.0990317750553396,7.0751953125,2.3476903361104324,-2.728868594194003,2.096128019676021,2.1013524059367636,2.2238603768683705,2.3863037575110693
2.7800000000000002,0.006239463115180213,1.6335607969055794,7.07523057911873,2.0945860314768487,2.096023738599296,2.097303210099101,2.0970847615579236,2.09908511031719,7.0751953125,2.0678935847359274,-3.260538519069583,2.0970273814266496,2.1114891945226195,2.197777721306896,2.066081888191472
2.79,0.007428610534148384,1.782442326357441,7.066069219002763,2.0948800732907062,2.0969059678794486,2.099746399952667,2.1047593718311854,2.099153980595734,7.119140625000001,2.574800438935131,-3.692262434419785,2.1007830180272715,2.150069279343651,2.323442106207915,2.5719880385952365
2.8000000000000003,0.009352691475673263,2.0000000000000075,7.053226139344794,2.09486809068766,2.0967603055819897,2.09907242156433,2.1019013252152674,2.0992327346981248,7.05322265625,-0.49923131175507496,-4.045964766307659,2.09955982277038,2.1121074255615637,1.9765199183579036,-0.5094508446346574
2.81,0.011276772417197963,2.1961100503411615,7.04152258482484,2.0949559485434754,2.096947019883534,2.0994030662753165,2.102469404229477,2.0992989689479815,7.0751953125,2.011811817966387,-4.330628184179622,2.0999401700146914,2.108950941870746,2.0182126237375537,2.1448740934541606
2.82,0.012465919836166158,2.3089995935065044,7.035683506832234,2.0948417882782215,2.096465177642634,2.097758790891849,2.0966905237682525,2.099326509075239,7.03125,1.605886504640545,-4.550598270100382,2.097256496449005,2.0703882914540275,1.838135042650136,1.5100935385854173
2.83,0.012465919836166182,2.3089995935065066,7.037920263539751,2.0948294770603386,2.0963308111849237,2.097204985074153,2.0948589152768746,2.0992915962950054,7.05322265625,2.532772393531302,-4.706698673872082,2.0963815787902518,2.070986363449185,1.9960083977217864,2.4987999424536667
2.84,0.011276772417198027,2.1961100503411677,7.0470784174012095,2.094917040567387,2.096528954740234,2.0976541180256207,2.096404234699126,2.0991827672134282,7.0751953125,2.73823373134513,-4.798171300158814,2.0971052690064744,2.091194299692728,2.1635660089293327,2.6483091283399345
2.85,0.009352691475673157,1.9999999999999962,7.059917788773444,2.0948026136095743,2.096058430573517,2.09612397799877,2.091514143403905,2.0989888010753517,7.03125,1.3806557843548726,-4.82309994819678,2.09474747260668,2.065786510671209,1.9969749264079375,1.4167207253220122
2.86,0.007428610534148449,1.7824423263574487,7.071616954919181,2.094790068057888,2.0959354787164757,2.09568209775695,2.090515351870796,2.098706145716429,7.05322265625,2.1440655498627135,-4.777720695051696,2.0941831848505474,2.0735699878726233,2.1056550284619986,2.2966948274149694
2.87,0.00623946311518021,1.6335607969055788,7.077451390154549,2.094877428404693,2.0961450975589506,2.096240281119022,2.0928288146849887,2.098350328217592,7.0751953125,2.5372551717493494,-4.656967302498204,2.0951984859204567,2.097140755143687,2.223422728629761,2.502635248936458
2.88,0.006239463115180191,1.6335607969055763,7.075210625524925,2.0949627621899563,2.096343660820087,2.0967472108182785,2.0948192999564195,2.097945445414477,7.0751953125,2.1880117538643282,-4.4536096050194995,2.0960945093247196,2.1086446775256857,2.2062980246260735,2.109104902767894
2.89,0.007428610534148401,1.782442326357443,7.066048708339459,2.0951460563309876,2.096860258211405,2.098170583840035,2.0995984756638157,2.0975183785570235,7.09716796875,2.2722817171497733,-4.156386512009755,2.0983672392329726,2.130761484902508,2.2481597154444315,2.2786746607058825
2.9,0.009352691475673192,2.0,7.053205147989473,2.0953254027520614,2.0973516348438443,2.099463484538476,2.1035843012690654,2.0970921018275073,7.09716796875,1.963073432217542,-3.746690589149596,2.100333587063844,2.1386711561029763,2.190127015600057,1.9710717264661768
2.91,0.011276772417197982,2.1961100503411632,7.041501187237413,2.095400910655414,2.0974898627384624,2.0996686847764274,2.1037732279745547,2.0966763532129566,7.0751953125,1.420790128432754,-3.1885833177714438,2.100525338135496,2.1213215939048373,2.030618313499052,1.50569560551405
2.92,0.012465919836166163,2.3089995935065053,7.03566178768033,2.0953746070665145,2.097290381777777,2.098876239740486,2.100742054201744,2.096271684779057,7.05322265625,1.498692056955372,-2.392904129630252,2.099160795989178,2.0924950231633273,1.9018644172732762,1.6005341243551021
2.93,0.012465919836166173,2.308999593506506,7.03789833755466,2.0955483121328666,2.097754142070303,2.100064775876864,2.104279991554766,2.0958830315234596,7.09716796875,2.7820846671419615,-0.8887195685967249,2.1009154192370785,2.1135993061103333,2.128566436162247,2.750627849076701
2.94,0.01127677241719801,2.196110050341166,7.0470563763039715,2.0955183440360483,2.0975371793642434,2.099208832722155,2.1009881179780923,2.0955139980825392,7.05322265625,1.749541648523428,2.132171018825429,2.0994349982860863,2.0870543435221944,1.9696353438580851,1.596418807157143
2.95,0.009352691475673133,1.9999999999999936,7.059895709427816,2.0955884973736527,2.0976554257211983,2.0993741778902004,2.1012210345976405,2.0951652844489543,7.0751953125,2.2685658366865527,3.190608127418784,2.099599609075239,2.092235320309055,2.0818482354622976,2.3386808459598476
2.96,0.007428610534148431,1.7824423263574465,7.071594912907004,2.0956568772952684,2.097765518312276,2.0995113980677504,2.101346945952101,2.0948429236733985,7.0751953125,2.21071762719368,3.999454820729948,2.099718814397567,2.095083811722398,2.114231849471253,2.20605235049459
2.97,0.006239463115180202,1.6335607969055779,7.077429457411283,2.095723512485884,2.0978677581054055,2.0996225688787744,2.101381702291956,2.0945514273393586,7.0751953125,2.0876763445267232,4.676473791826744,2.0997979697690994,2.0965558072038073,2.1188274535576346,2.1058494538037675
2.98,0.006239463115180198,1.6335607969055774,7.075188854313401,2.0957884315036552,2.09796244143288,2.0997096918894482,2.101339967384312,2.0942933436747904,7.0751953125,2.046041293482965,5.260378658901069,2.0998421611922997,2.0972395868423988,2.114976956817093,2.079226991611447
2.99,0.00742861053414842,1.7824423263574452,7.066027157697547,2.09585166277024,2.0980498597921065,2.0997746925770575,2.10123517106663,2.094068674046778,7.0751953125,2.0626456667140745,5.767932320582275,2.099856151753901,2.0974914293226745,2.109745079994075,2.0822231537368765
3.0,0.00935269147567312,1.9999999999999925,7.0531838887239156,2.095913234561393,2.0981302996628526,2.099819418779717,2.101079500754506,2.0938741112272536,7.0751953125,2.0894680868021878,6.2070706633307715,2.0998443495153625,2.097522314377611,2.1053608967618613,2.088948335450541
3.0100000000000002,0.011276772417198,2.196110050341165,7.041480290200902,2.0959731749978294,2.0982040423401798,2.0998456395478207,2.10088391849745,2.0937020537159894,7.0751953125,2.102832725671472,6.581410025774091,2.0998107918217985,2.097453321269496,2.102234809166812,2.0933395181301178
3.02,0.01246591983616617,2.3089995935065057,7.035641310855648,2.0959315993683703,2.0979428000376426,2.0988902701579755,2.0975694491493244,2.093539338825692,7.05322265625,1.6761838989786468,6.892074784686246,2.098268730838695,2.0795261355128893,2.006243866561915,1.7320879354859668
3.0300000000000002,0.012465919836166168,2.3089995935065053,7.037878284226883,2.095890414940094,2.097690080765007,2.0980028812097524,2.0947446964440575,2.093373274695414,7.05322265625,2.015053589946449,7.138771473570565,2.096907014082444,2.0720069248377566,2.0235861023395803,2.099677839799037
3.04,0.011276772417197992,2.196110050341164,7.047036778032116,2.0958496292542055,2.0974458113251373,2.0971813112403668,2.092372496381508,2.0931999795191287,7.05322265625,2.2152651439134576,7.320044322331352,2.0957164057544144,2.070381979845098,2.06074452395144,2.2109164216573047
3.0500000000000003,0.009352691475673204,2.0000000000000013,7.0598766280179515,2.09590916703557,2.097538587244383,2.097389040115172,2.093510546156036,2.0930267039528823,7.0751953125,2.5335762126447965,7.433650145953688,2.0961789052589954,2.0897444138498202,2.179680897700962,2.4865654422080756
3.06,0.0074286105341484126,1.7824423263574445,7.071576410454762,2.095967150184768,2.0976249470342423,2.097574413323585,2.0945110892343366,2.0928670750379785,7.0751953125,2.1976508555244605,7.476560660183241,2.0965934546834886,2.0999379837939145,2.1780242532994563,2.1393555715057406
3.0700000000000003,0.006239463115180195,1.633560796905577,7.0774115764521275,2.0960236049589986,2.097705130479929,2.097738762073112,2.095383064598176,2.092734312788077,7.0751953125,1.9496536039821657,7.445267760057991,2.096959966634584,2.104716355459651,2.149053679868147,1.9861907347013634
3.08,0.006239463115180205,1.6335607969055783,7.075171560239591,2.0961784611879137,2.0981079471849635,2.098848092480141,2.099221710265019,2.092640850958371,7.09716796875,2.303379200961946,7.33584439326235,2.0987707459699165,2.123990929202552,2.2106944460482647,2.3173636068561745
3.09,0.007428610534148363,1.7824423263574385,7.066010458265407,2.0962299692379354,2.0981617663105077,2.0988906898653124,2.099350614195517,2.092590160209282,7.0751953125,1.6971301745130516,7.143588742160214,2.098849374155379,2.1136538249725016,2.08410144259301,1.6641458821052244
3.1,0.009352691475673143,1.9999999999999947,7.053167833834898,2.096280046821308,2.0982104475348238,2.098919855039415,2.0994235161399715,2.0925733223708707,7.0751953125,1.9173730386307422,6.862887718308387,2.0988985358241665,2.1069815019213993,2.0528358799848085,1.9558412566722485
3.11,0.011276772417197942,2.1961100503411592,7.04146493087578,2.096228824302013,2.097925679708809,2.097972290973129,2.0963609349455488,2.0925736904746346,7.05322265625,1.7660568625702955,6.48587801362742,2.0974316254963767,2.0849561089681865,1.959310994184711,1.7501809287846783
3.12,0.012465919836166179,2.3089995935065066,7.035626675732701,2.096278085988754,2.0979794670859047,2.098061530495663,2.0968567425852336,2.0925722173302477,7.0751953125,2.4745899991356493,6.000711781067034,2.097630827204307,2.092735843589845,2.0856039250264917,2.449426286600716
3.13,0.01246591983616619,2.3089995935065075,7.0378643141930715,2.0961261795014883,2.097371255908478,2.0962068789429,2.0910849734796813,2.092547264103341,7.03125,1.5815326816310769,5.386848822358885,2.0948152015019983,2.0611149923796335,1.926154704114241,1.5091232628590123
3.14,0.011276772417197973,2.1961100503411624,7.0470234634724305,2.095976846352903,2.0967876876971316,2.094504942044245,2.086252621508717,2.0924807616644685,7.03125,2.037649830220857,4.605597588977796,2.0923608272765075,2.048264394346528,1.9685333492949353,2.1106954816091386
3.15,0.009352691475673275,2.000000000000009,7.059864006860967,2.0959299847714363,2.096557082657922,2.0939160637067737,2.085392758215336,2.0923758167475768,7.05322265625,2.6063762321277197,3.5667430008907197,2.0917420933489184,2.0642713994864135,2.1370258165266076,2.579088353060095
3.16,0.007428610534148394,1.782442326357442,7.071564521713166,2.096083524172134,2.0969930390372364,2.095316846962622,2.091028268373399,2.09225456962944,7.09716796875,2.869299428319775,1.923319084479345,2.094232864694008,2.110770790922387,2.3450946171505036,2.8033451559592524
3.17,0.006239463115180217,1.6335607969055799,7.0774004357157,2.096133813048601,2.0970798061735976,2.095638669669831,2.092758270055985,2.092139254598913,7.0751953125,1.6451472451759659,-2.3856227783409625,2.0949407466268557,2.115029894232703,2.218023290143268,1.6505591395475125
3.18,0.0062394631151802115,1.6335607969055792,7.0751610936258515,2.096182767579024,2.09716133288621,2.0959360326623764,2.0942687898444508,2.0920430240507915,7.0751953125,1.4764891062424854,-3.907128499867307,2.095569433096972,2.1156839244978847,2.1379838206767485,1.698458763741302
3.19,0.0074286105341483805,1.7824423263574405,7.066000643239642,2.09633030267119,2.09756638235644,2.097175043177041,2.098672228686963,2.091975481050844,7.09716796875,2.2357742146853776,-4.982819643188624,2.097614018563285,2.131973431535571,2.181863851478945,2.2453297779365546
3.2,0.009352691475673166,1.9999999999999971,7.053158696184302,2.0963746898333637,2.097623245848627,2.097342805607405,2.0992654363962897,2.0919337075258486,7.0751953125,1.7884388112433325,-5.846331615725491,2.097898296465462,2.119561694083887,2.05075547964302,1.6719210832316769
3.21,0.011276772417197961,2.196110050341161,7.041456497818796,2.09631794445423,2.0973471846741423,2.0965278065791457,2.096633992493548,2.0918978314083514,7.05322265625,1.5894365235020615,-6.5662859770718764,2.096636638145608,2.09361811964626,1.9259722460923345,1.5997538637606898
3.22,0.012465919836166184,2.308999593506507,7.035618952482037,2.096162047381238,2.096752957752534,2.0948133766812416,2.091301096819403,2.091842080148914,7.03125,1.771436949594722,-7.172182940763893,2.094029332640676,2.062786983524058,1.8555259926142569,1.7924275188506313
3.23,0.012465919836166182,2.3089995935065066,7.0378572220438445,2.0961087515273142,2.096512341780301,2.0942116230658163,2.0899457661555836,2.0917489813268406,7.05322265625,2.6134393558381284,-7.6787318482247615,2.093252887116198,2.068225523043941,2.0393530142176823,2.577597385733064
3.24,0.011276772417197954,2.1961100503411606,7.04701697248945,2.095956280009053,2.095952761793585,2.0927000902269377,2.0857727368301915,2.091612194609617,7.03125,2.1277525292243102,-8.094028429779382,2.0911019442900303,2.0553542662776323,2.0198129610452895,2.045262938385159
3.25,0.009352691475673252,2.000000000000006,7.059858132233697,2.0959064025645646,2.0957462138254486,2.0922930637671455,2.0854763357718964,2.0914388002336928,7.05322265625,2.4316578896485703,-8.422190261121663,2.09075332543789,2.070592297102694,2.157255391968487,2.455699181347387
3.2600000000000002,0.007428610534148376,1.78244232635744,7.071559279880634,2.0959571408537316,2.0958775424757374,2.0929010967506065,2.08847076445237,2.091253257241582,7.0751953125,2.5117004592484746,-8.664983332042498,2.091987882914226,2.098279488366279,2.26682270403092,2.472228749133952
3.27,0.00623946311518021,1.6335607969055788,7.077395823458853,2.09600662271016,2.0960030379927517,2.0934703482645425,2.0911004886515694,2.0910856639057642,7.0751953125,2.0328400354026366,-8.822295740795454,2.093100419055439,2.111845132595533,2.235987449810707,2.0167701408757384
3.2800000000000002,0.0062394631151802184,1.63356079690558,7.075157033967743,2.0961547638146008,2.096451542182606,2.0949685149192367,2.096485682728443,2.0909647252292,7.09716796875,2.1724373090842537,-8.892275370534946,2.0955863249931217,2.134778862736277,2.262843978247442,2.2156220927404933
3.29,0.0074286105341483995,1.7824423263574427,7.065997102582294,2.096299713261487,2.0968797000494264,2.0963456352924763,2.101020204451474,2.090909422100661,7.09716796875,1.936252291742166,-8.8718296684666,2.097758092764152,2.142811351489985,2.1930542232509116,1.9388646435098322
3.3000000000000003,0.009352691475673188,1.9999999999999996,7.053155680500262,2.096241744513329,2.0966308289260898,2.0956752240057415,2.098603027005255,2.0909174945460376,7.05322265625,0.7601172788209001,-8.756961248076017,2.096653015557617,2.1076236831841135,1.9272795975660826,0.9217011813431123
3.31,0.011276772417197978,2.196110050341163,7.0414540143241116,2.0962844917562355,2.096720700480895,2.0960278465738496,2.099609672862804,2.090974531252126,7.0751953125,2.2634724116945972,-8.542692904056484,2.0971601377428035,2.1063458549310785,2.009251627063642,2.3241601071690896
3.3200000000000003,0.01246591983616619,2.3089995935065075,7.03561699213518,2.0962262164641348,2.0964771562220417,2.095385056801092,2.0973212245617554,2.091059386573682,7.05322265625,2.075949556407779,-8.223178430528915,2.096096447330287,2.0868806590398323,1.9465061086429751,1.988877342373883
3.33,0.012465919836166175,2.308999593506506,7.037855715131354,2.096068896014619,2.0959149276877413,2.0938308692374537,2.0922678586154597,2.091141393208767,7.03125,1.8188181338831784,-7.790077395275063,2.093663579069534,2.059754946511498,1.8856011008505515,1.8566970065199266
3.34,0.011276772417198013,2.1961100503411664,7.047015885387,2.0958144739959415,2.0950482669039485,2.091444461326103,2.0849226131795,2.0911935241345563,7.00927734375,1.8190240409712468,-7.230102647801578,2.090048394630768,2.0309133981409766,1.8623180844508844,1.8984771906690039
3.35,0.009352691475673231,2.000000000000004,7.059857463744311,2.0956646969491834,2.0945489856710218,2.0902386773622905,2.0819331713872655,2.091209375782789,7.03125,2.5832127303997203,-6.520132903038069,2.0884207414770213,2.0405611675095137,2.0706515102927647,2.586866140369197
3.36,0.0074286105341484325,1.7824423263574467,7.071559029833673,2.095717491697814,2.0947306897609006,2.0910903220474992,2.0857983648501746,2.091209302311675,7.0751953125,2.9488245108806437,-5.616511563987587,2.090051240889238,2.08661388863882,2.3250911938801258,2.875077581371666
3.37,0.006239463115180203,1.633560796905578,7.077395979054079,2.095769082650581,2.094905522919476,2.091888267065603,2.0891941710332707,2.0912234253779167,7.0751953125,2.1423463912081258,-4.421328766713612,2.0915256719868864,2.110482407902007,2.3137331727007857,2.1116011925751486
3.38,0.006239463115180197,1.6335607969055772,7.0751575358984296,2.095919388750179,2.095402457965091,2.093601689614502,2.095249225023985,2.0912773962981004,7.09716796875,1.975650226857802,-2.592972806118189,2.0943396501703466,2.1388614549948333,2.3210257176547815,2.107974776478221
3.39,0.007428610534148418,1.782442326357445,7.065997919599015,2.0959666551855425,2.09554917304776,2.0942123388643066,2.0972610058927046,2.091383339987694,7.0751953125,1.2158286216249965,2.5865682188339543,2.095312093776976,2.1320384536447508,2.136810324223617,1.3539264135008358
3.4,0.009352691475673119,1.9999999999999922,7.05315680612571,2.0960127885832076,2.0956897226255444,2.094777465871394,2.0989330906418333,2.091535082304085,7.0751953125,1.76939115343054,4.519599627317605,2.096154447448861,2.125562682793296,2.0537808545208844,1.8205038074892343
3.41,0.011276772417197996,2.1961100503411646,7.04145544290756,2.095858013219482,2.095166592683991,2.093364056818206,2.0941105426345064,2.09171101475786,7.03125,1.3230146752304865,5.847525849275408,2.093890685959519,2.0843133476584446,1.8258881768257513,1.2361847885085773
3.42,0.01246591983616617,2.3089995935065057,7.0356187090380695,2.095805965675921,2.0949957783251865,2.0930433685212373,2.093136970919423,2.091884972767539,7.05322265625,2.5080724151451155,6.905726769383045,2.093403038714417,2.0822953165227815,1.9712805646062392,2.467723337575417
3.43,0.012465919836166196,2.308999593506508,7.037857673159919,2.0956548539039703,2.0945042497028123,2.091790268627964,2.0892417176602045,2.092033809994214,7.03125,2.1851622492882683,7.78488420630447,2.091491946517004,2.064414250149838,1.952482722061361,2.083406597517284
3.44,0.011276772417197994,2.1961100503411646,7.04701805734218,2.0954066193418024,2.093706278052211,2.089684989869117,2.0829114614326234,2.0921374954832164,7.00927734375,1.7700187342168552,8.52293857852629,2.088345394459204,2.039920262610078,1.9187889908386397,1.8888187984045737
3.45,0.009352691475673209,2.0000000000000018,7.059859839677361,2.0952630355508104,2.093274138248819,2.088743308732546,2.080805792230477,2.0921960726510394,7.03125,2.440479634104526,9.138923890119795,2.087137100284537,2.0507733807296216,2.099366346838273,2.522518099356517
3.46,0.007428610534148415,1.7824423263574447,7.0715616004406705,2.095322039850336,2.0935216146725173,2.089842833353099,2.0854297298636735,2.0922355553890566,7.0751953125,2.865048171605633,9.643474945537287,2.0891391971605437,2.0961129531696034,2.331990972956621,2.8270108583936073
3.47,0.006239463115180196,1.6335607969055772,7.0773987294629785,2.095379823773685,2.0937603638642543,2.090870452031226,2.0894628005302964,2.0922906876074205,7.0751953125,2.122733090430432,10.042988231578942,2.0909377233748865,2.1185532383830767,2.3072682362100188,2.080099122060412
3.48,0.006239463115180175,1.6335607969055743,7.075160431494894,2.0954364015615154,2.0939905038323734,2.0918281414238113,2.0929387797622168,2.092390608774291,7.0751953125,1.5948757143261234,10.341483159730602,2.092537415724308,2.1278376235627317,2.221923075582378,1.739535929990081
3.49,0.007428610534148436,1.7824423263574471,7.066000938300682,2.095591700519849,2.0945411966271674,2.093686098877773,2.098991999338226,2.0925572606576943,7.09716796875,2.0936734248059516,10.540894260150251,2.095440053173201,2.1471519832898864,2.2274819236957533,2.151939923861828
3.5,0.009352691475673141,1.9999999999999947,7.053159936208591,2.0956439410536083,2.0947397461011383,2.094425999216984,2.1009480356964128,2.0927953781548085,7.0751953125,1.620911039770604,10.640836468172626,2.0964722038731596,2.134855716961702,2.0605809494741902,1.5497328985856682
3.5100000000000002,0.011276772417198015,2.1961100503411664,7.041458673035622,2.0955951313022596,2.0946014303819283,2.094139071083459,2.0994287696025213,2.0930867365380457,7.05322265625,1.5197918233524543,10.639076450079349,2.095857519724126,2.107433227001065,1.9083732645756724,1.53313154516021
3.52,0.012465919836166175,2.308999593506506,7.035622025167285,2.095447245055264,2.0941410355737697,2.0929114375117477,2.0949879026144718,2.0933997916111293,7.03125,1.7825556278829207,10.532314422681498,2.0938053569122945,2.0743990584051653,1.8238488779282693,1.7771716516894913
3.5300000000000002,0.01246591983616619,2.3089995935065075,7.037861052420054,2.095302147933551,2.0937020602783862,2.0917928246447914,2.0912191212349325,2.0937020075518253,7.03125,2.3431371888195214,10.317021710768387,2.092005719179656,2.0592880137578686,1.9098424579771867,2.2962429200848526
3.54,0.011276772417197975,2.196110050341163,7.047021482930073,2.095059882998612,2.092954723172228,2.089809266449888,2.0849667070827076,2.0939678462169824,7.00927734375,2.111633440949541,9.98900770579388,2.0889491993221374,2.0364612448044452,1.915530440022429,2.0498129227470083
3.5500000000000003,0.009352691475673185,1.9999999999999991,7.0598632993138235,2.0949222482233223,2.09257167788468,2.0889768201069883,2.08289204680119,2.09418853928666,7.03125,2.553009432053168,9.541962577994475,2.087811000894682,2.048396309844141,2.110600705187003,2.555280736942653
3.56,0.007428610534148397,1.7824423263574425,7.071565082118377,2.0948872512726067,2.0925375179237307,2.0892037359548055,2.0843902082063224,2.094377409961957,7.05322265625,2.583943007990012,8.964864247864709,2.0883674036146433,2.0766137871114085,2.2622184694491256,2.5561749977030495
3.5700000000000003,0.006239463115180189,1.633560796905576,7.0774022209088985,2.094952903721507,2.092836999270544,2.090400771634174,2.0888923298009296,2.09455961993855,7.0751953125,2.3685488261040746,8.239004375089776,2.09040084925082,2.110095217557459,2.3388916593566083,2.3786374467841043
3.58,0.006239463115180182,1.6335607969055754,7.07516392045016,2.0950172892124272,2.0931258080723327,2.0915132628046385,2.0927656367269636,2.094759303560128,7.0751953125,1.793705707034303,7.332177922267644,2.092209440611031,2.1254871787588505,2.2732245780891427,1.8707623242659195
3.59,0.007428610534148379,1.7824423263574403,7.066004413307776,2.09508042014404,2.0934040904272844,2.09254399383547,2.0960545337503245,2.094991056817192,7.0751953125,1.6731482931711,6.183076331479201,2.093802131346954,2.130613356995865,2.182563742734961,1.7788627779795878
3.6,0.009352691475673162,1.999999999999997,7.053163385596899,2.0951423090758547,2.0936719996173134,2.093495842230384,2.098805915689155,2.0952572520505823,7.0751953125,1.8829052987832555,4.643726256864676,2.0951907875929936,2.1301148009483906,2.1079501456191236,1.897908849411482
3.61,0.011276772417197958,2.196110050341161,7.041462085182397,2.0951030402487523,2.0936004953459535,2.093404638677278,2.097981901069939,2.09554458423501,7.05322265625,1.6669602837100461,2.0205305121974795,2.094896332178545,2.109186832018793,1.9665388138570088,1.6259845858858393
3.62,0.012465919836166182,2.3089995935065066,7.035625389893118,2.0950645218530113,2.093533698956495,2.0933248309667456,2.097233244427348,2.0958274695697545,7.05322265625,2.095888046741426,-3.7224075210466654,2.094623263435193,2.097307670532165,1.9655890669793765,2.076176942049902
3.63,0.012465919836166212,2.3089995935065093,7.037864366050391,2.0949268102789227,2.0931421646628428,2.092288243728175,2.093467587206617,2.0960731180366823,7.03125,1.9234660377224784,-5.645719531048871,2.092879798892431,2.073163597686767,1.904383803131742,1.8763420498314995
3.64,0.011276772417197958,2.196110050341161,7.04702473863502,2.094591892697718,2.0921108393967023,2.0894082471633784,2.0840812769521153,2.0962473432301953,6.9873046875,1.3920132957463334,-7.041595458724524,2.088362913142398,2.0263914652287456,1.7593603193878269,1.4359804024875797
3.65,0.009352691475673256,2.0000000000000067,7.059866486618178,2.0944634625661616,2.0917862510739313,2.088720843534932,2.0824538989188723,2.096338339601218,7.03125,2.8156951744475416,-8.16069029179512,2.0874410327542674,2.045545394988188,2.0817433378693133,2.8233679617484877
3.66,0.007428610534148379,1.7824423263574403,7.071568190544342,2.0944375977627656,2.091808573856487,2.0890794541134725,2.0843325739068104,2.09636451279079,7.05322265625,2.815996784389276,-9.08501044648217,2.088187975894536,2.077705902806351,2.2657928043970887,2.707495853833839
3.67,0.0062394631151802115,1.6335607969055792,7.077405242709125,2.09461226311043,2.0924919973896343,2.0913635820601284,2.0922570527743796,2.096358097079269,7.09716796875,2.690560890233288,-9.851154087358333,2.091882926394391,2.1306678680061886,2.4296639183106845,2.677967211076357
3.68,0.006239463115180189,1.633560796905576,7.075166858802313,2.0947835865080036,2.0931477329118136,2.093466100532214,2.0989636056627785,2.0963452718664826,7.09716796875,1.7048597848119844,-10.47795987166084,2.095128972521315,2.1538380394979377,2.3473449646689413,1.813451285062492
3.69,0.007428610534148397,1.7824423263574425,7.066007265508646,2.094751715577369,2.0931177680817443,2.093461245536191,2.09837622543814,2.0963281962839093,7.05322265625,-1.0821798918568668,-10.976078672710807,2.0949662972523933,2.1255695689246363,2.033638282709022,-0.6234025172758038
3.7,0.009352691475673185,1.9999999999999991,7.053166142943625,2.094820457337107,2.093420158667359,2.094425795563029,2.1009096435580714,2.0962938633045476,7.0751953125,2.0382838052294705,-11.352295456724102,2.0962965614906275,2.1260385365323806,2.0481755203274687,2.1219730022330956
3.71,0.011276772417197975,2.196110050341163,7.041464738820052,2.094588047800158,2.0927227399499264,2.0924080915198138,2.093682383465166,2.0962191022055428,7.00927734375,1.1545533168385802,-11.61181051775887,2.0929550407231794,2.0701012384140025,1.7338578810012875,0.8669454604726146
3.72,0.01246591983616619,2.3089995935065075,7.035627934340045,2.0945601381808103,2.0927165800401952,2.092497652459405,2.0937530930169554,2.0960825819470386,7.05322265625,2.800250258096794,-11.757436237443812,2.093014080879237,2.079646686004717,2.003949699719632,2.75546668635778
3.73,0.012465919836166205,2.308999593506509,7.0378668091617165,2.094432892361055,2.092383306653864,2.091617709106541,2.090714412363035,2.095875094082289,7.03125,2.3150939435314943,-11.789439538633108,2.0915767949833155,2.067569344686728,2.0017683327397053,2.178310354348036
3.74,0.01127677241719794,2.1961100503411592,7.0470270808102615,2.094308220778612,2.092066894536664,2.0908189282889778,2.0881790289137894,2.095594355648723,7.03125,2.1297531577167454,-11.705538098392683,2.090333622086805,2.063702728129174,2.0516337465060484,2.1790197439025243
3.75,0.009352691475673233,2.0000000000000044,7.0598687210160795,2.0942860669994463,2.0920963868387226,2.0910653603467577,2.0892034342240424,2.0952555062916733,7.05322265625,2.4339652629408928,-11.502621924419397,2.0907686909777636,2.0822801057046463,2.1849366638487675,2.463210110547223
3.7600000000000002,0.00742861053414836,1.782442326357438,7.071570310170079,2.0943644393738463,2.09245655655996,2.092268905954099,2.093222556193891,2.094888367210908,7.0751953125,2.4922383061893796,-11.177313788026776,2.0926700890189878,2.1101557512634885,2.277964623279456,2.431594706551153
3.77,0.006239463115180203,1.633560796905578,7.077407244266205,2.0945413516098705,2.0931323702585924,2.094344174605198,2.0997097403538754,2.0945255428560436,7.09716796875,2.3383423076686713,-10.724134513056336,2.095835271568468,2.139967560920078,2.318701672587409,2.2955088951685996
3.7800000000000002,0.006239463115180196,1.6335607969055772,7.075168753196322,2.094614926554692,2.0934505835829467,2.095277985489082,2.10203196334604,2.094187246417983,7.0751953125,1.3619892549436505,-10.132872038080626,2.097092706656697,2.13329702623696,2.1451570557835473,1.406160250605708
3.79,0.007428610534148415,1.7824423263574447,7.066009055553045,2.094687124962709,2.0937559104597963,2.0961287205671364,2.103889849514803,2.093877136537906,7.0751953125,1.666644709044213,-9.385949004859578,2.0981601041876528,2.1263599060754736,2.0642557407612836,1.778940703080556
3.8000000000000003,0.009352691475673209,2.0000000000000018,7.053167823766122,2.094658009780517,2.0937194095694203,2.0959350093874223,2.1022500006594873,2.0935860867564595,7.05322265625,1.6748711731822747,-8.454605482904679,2.097563369656759,2.102213132519679,1.938047156442344,1.6560713500742006
3.81,0.01127677241719792,2.196110050341157,7.041466305324143,2.0947294609513234,2.0940144822354574,2.0967152066528216,2.1038362674770634,2.0932965208583245,7.0751953125,2.4880290788558663,-7.287048131064628,2.0984977390978705,2.106861816271104,2.0523612170025465,2.435657467889766
3.8200000000000003,0.012465919836166196,2.308999593506508,7.035629385019315,2.0944996964650184,2.093309519654228,2.0945235458211644,2.0957701604645975,2.09298091968755,7.00927734375,1.093724131983701,-5.7702581238371,2.0948037489400626,2.0542687192010636,1.7830608957874041,0.9646605950805697
3.83,0.0124659198361662,2.3089995935065084,7.037868156263091,2.0943744284232357,2.0929657022512953,2.093476152316008,2.0920021042771713,2.092613717531583,7.03125,2.368173424579674,-3.5274806308059654,2.093049992000828,2.049200895424085,1.9585280268311958,2.4409093447211414
3.84,0.011276772417197996,2.1961100503411646,7.047028328626707,2.0943516620679765,2.0929676900335568,2.0934835502715785,2.091943105023473,2.0921890499323506,7.05322265625,2.7705484471652335,3.006717078166633,2.0930211087324713,2.068734083096712,2.1585194938938765,2.6997110457540754
3.85,0.00935269147567321,2.0000000000000018,7.059869866436342,2.0942294718776844,2.092641714216731,2.0925247822363255,2.088814433411478,2.0917104635142367,7.03125,1.9624983051801785,5.542048980306659,2.0915158380126875,2.062792016201074,2.1087095356814816,1.9285749316370024
3.86,0.007428610534148492,1.782442326357454,7.0715713498845725,2.0942097548033964,2.092661069035305,2.0926173654345415,2.0893402223365083,2.091192884443943,7.05322265625,2.245817001258382,7.220412871125305,2.0917171944837727,2.0806665870797922,2.202917424585935,2.3266285688084003
3.87,0.006239463115180197,1.6335607969055772,7.077408178267318,2.094290519334076,2.093010576297375,2.093673683348201,2.0929452051944764,2.090666295002496,7.0751953125,2.4424188441710655,8.53587516443074,2.0934120787527744,2.108551373447796,2.281245082926512,2.3931342546997745
3.88,0.006239463115180174,1.6335607969055743,7.075169593913311,2.0944697793291596,2.0936752524827167,2.095608693427025,2.099092607217213,2.0901636748447308,7.09716796875,2.3767268144405937,9.616360853924627,2.0963964003845224,2.138677339413519,2.316259841805937,2.3072087732455198
3.89,0.0074286105341484325,1.7824423263574467,7.0660098081386,2.0944456901834037,2.0936530435614347,2.095444580092919,2.098051152234574,2.0897055493373724,7.05322265625,0.8037258910989908,10.515552596076589,2.0960054004339943,2.114877580775334,2.048176005985802,0.8323681082715623
3.9,0.009352691475673136,1.999999999999994,7.053168486690804,2.0945221067060227,2.0939616145033213,2.096254234568513,2.1002037186585176,2.0893032273025764,7.0751953125,2.06533301973257,11.260611968184055,2.097135038188392,2.1186861139700564,2.0782048882912605,2.1639878674142867
3.91,0.011276772417197937,2.196110050341159,7.041466876850899,2.094597091771792,2.094256981434763,2.096988083439371,2.1019460902844216,2.088964919462559,7.0751953125,2.2553889520266135,11.866024646900337,2.0980983243285727,2.1184272586168498,2.0710866355547632,2.180819601524829
3.92,0.012465919836166175,2.308999593506506,7.035629866217077,2.0946706579916543,2.0945394296997235,2.0976499410404927,2.103320352533173,2.0886861752923416,7.0751953125,2.1817027616033378,12.340109685662272,2.0989087554662054,2.116174330095981,2.0640353738143347,2.132238733666772
3.93,0.01246591983616619,2.3089995935065075,7.037868558721631,2.0945429122049783,2.094151194875943,2.096313030392961,2.0981974451832586,2.0884461535926,7.03125,1.1446567258608566,12.688697882548688,2.0965979976601488,2.077606862265881,1.867258059009277,1.2877602137310737
3.94,0.011276772417197978,2.196110050341163,7.047028657709116,2.0944177005912468,2.093780035156918,2.0950777955128697,2.0937974502858636,2.088218401482696,7.03125,1.9632508278634293,12.916784731059291,2.0945522743152156,2.0595223055976093,1.9147748473233968,2.1136424205522104
3.95,0.009352691475673188,1.9999999999999996,7.0598701218753055,2.0941950248226204,2.093096353676673,2.0929733182921013,2.086966754894809,2.0879857022253816,7.00927734375,2.03462635010091,13.027220369695286,2.091265169914944,2.0352809599989823,1.910366642261964,2.021429239968324
3.96,0.007428610534148474,1.7824423263574518,7.071571531239647,2.0941767413283765,2.093102118220587,2.0929810582119335,2.087486225728241,2.0877499556435946,7.05322265625,2.881311182064096,13.019880464193706,2.0914053414108076,2.0648442159148432,2.194558545437904,2.8405248168874095
3.97,0.006239463115180191,1.6335607969055763,7.077408287349743,2.0942589065222075,2.093437973392891,2.0939592326406733,2.0911190573808693,2.0875300860928916,7.0751953125,2.6624377047614987,12.892805428670425,2.093055471403218,2.1001253119411523,2.3260720973874647,2.5780408544255775
3.98,0.006239463115180181,1.6335607969055752,7.075169640864802,2.094239598947458,2.093430721779114,2.093889434659725,2.0911315160535957,2.087341983843766,7.05322265625,1.442989550196981,12.644226434421041,2.0930215215328265,2.099654012743285,2.199595853498237,1.5391612382870583
3.99,0.007428610534148451,1.782442326357449,7.0660097981069026,2.0943207415105682,2.093753727833803,2.0947928587628817,2.0942829286454607,2.087196553880601,7.0751953125,1.9536984513971978,12.271763983805355,2.0944968408148132,2.1168382741336775,2.2259502219388176,2.106958851318906
4.0,0.009352691475673159,1.9999999999999964,7.053168420378297,2.0944003862278175,2.09406301280572,2.0956184091547874,2.0969468563775124,2.0870984808831596,7.0751953125,2.0109763777265908,11.769441175496016,2.0957871425826564,2.1236022928694838,2.1774467597084675,1.9809676192773085
4.01,0.01127677241719788,2.1961100503411535,7.041466754813788,2.0942786133805873,2.0937007067383404,2.0944371420930303,2.092982478757326,2.0870356698990364,7.03125,0.9493994574105091,11.126375056080164,2.093917037151121,2.08923923073271,1.9337524707413385,1.0612270560224042
4.0200000000000005,0.012465919836166212,2.3089995935065093,7.035629690677943,2.094159296831588,2.0933546930165163,2.0933520126550795,2.089639358561029,2.0869894874673274,7.03125,1.9088252393131266,10.326464502293849,2.09227654619019,2.0723745939830103,1.9326053795740818,2.044738417131848
4.03,0.012465919836166184,2.308999593506507,7.0378683379893054,2.093942425372725,2.0926953253249287,2.091391175335798,2.083759758554476,2.086949234891696,7.00927734375,2.0189160819166934,9.344824083864884,2.0893571603338374,2.047744465982117,1.8951042156565634,2.0015690548321645
4.04,0.011276772417197961,2.196110050341161,7.047028396387577,2.093929893387782,2.092724744971532,2.091537925405999,2.085126212822987,2.0869215905936485,7.05322265625,2.8811565354791915,8.13750142553562,2.0898320629651743,2.0756893181012517,2.1651842829391925,2.8444506962932543
4.05,0.009352691475673258,2.000000000000007,7.059869821335656,2.0938177659665738,2.092424969379558,2.0907133669562117,2.0832903959433975,2.0869278502893844,7.03125,2.055983471167125,6.611065506441323,2.08878908623996,2.0733476595396487,2.118833779960068,1.9771281787252957
4.0600000000000005,0.0074286105341483805,1.7824423263574405,7.071571192737378,2.0939079747303238,2.092798605336448,2.091905534707322,2.088103102856984,2.0869983325926236,7.0751953125,2.5174137273813617,4.496724401356996,2.0909114168227796,2.1096566267334564,2.2900180607905485,2.5757585293978047
4.07,0.006239463115180182,1.6335607969055754,7.077407913244859,2.0939965726627143,2.0931571172961267,2.09300584981477,2.092248392934494,2.0871674082752496,7.0751953125,2.0416529888689237,-1.9431165389792777,2.092793334562235,2.126276095269166,2.256817416509404,2.0229045899507114
4.08,0.006239463115180217,1.6335607969055799,7.0751692374819095,2.093983588564208,2.0931715994777464,2.09305069623026,2.0926690097269423,2.08745776018245,7.05322265625,1.2857728705699403,-5.272292570730047,2.092950705322207,2.1142491977601456,2.090151102673454,1.371427917543202
4.09,0.007428610534148394,1.782442326357442,7.066009369295038,2.094170951409228,2.0938446827392596,2.0950291093837037,2.0992374996686776,2.087884023657485,7.09716796875,2.497195955036395,-7.165792548240301,2.0960755752204205,2.1414974011536203,2.220751227118922,2.5180560922700534
4.1,0.00935269147567309,1.999999999999989,7.053167967895976,2.0941547953720843,2.0938301747459818,2.0949055979005577,2.0985294169629993,2.088442654454538,7.05322265625,1.4487980615976095,-8.599666789352327,2.0958028092566123,2.1159230652431233,1.9969142850101564,1.3041505358078405
4.11,0.011276772417197973,2.1961100503411624,7.04146628034409,2.094039067361162,2.0934873621369285,2.0938220073350746,2.0947759037545812,2.089105160830862,7.03125,1.4405640029353026,-9.75531421164735,2.0940459675475576,2.083158784362842,1.8644000540313785,1.5315217810254578
4.12,0.012465919836166161,2.308999593506505,7.035629196521242,2.0939257021451567,2.093160041446834,2.0928282410372563,2.091583567939253,2.08983546642103,7.03125,2.2113113821948596,-10.704255385225334,2.092498112129743,2.067381992268156,1.9172254483355358,2.2068859644718803
4.13,0.012465919836166179,2.3089995935065066,7.037867828550017,2.093714676959437,2.0925185354809686,2.0909523100318337,2.0858044941641842,2.090595809734216,7.00927734375,2.1080682924752088,-11.482204093283357,2.0896534718520177,2.0435048830637355,1.9038735067647579,2.02841873412231
4.14,0.011276772417198017,2.196110050341167,7.047027874691141,2.0936079203916975,2.0922357859671203,2.0902100475583585,2.0841132727241587,2.091353638450499,7.03125,2.585435774243518,-12.10848465113113,2.0886896150500203,2.0540946912434,2.0914536713864025,2.5625080663005937
4.15,0.009352691475673143,1.9999999999999947,7.059869289313106,2.0934034159811645,2.091637632400423,2.088572987777448,2.0796908815716058,2.092083647619674,7.00927734375,1.9731800552350822,-12.59395225216086,2.086389198609258,2.044816302708196,2.063292061537958,1.951992534085757
4.16,0.007428610534148439,1.7824423263574476,7.071570652265021,2.0934031387654923,2.091726802760847,2.0890290150108157,2.0823562857563545,2.092769216285085,7.05322265625,2.6333518155249562,-12.94545847916919,2.0874304741118235,2.0807816336513785,2.2707894844320453,2.6675025585998235
4.17,0.006239463115180234,1.633560796905582,7.077407366391677,2.0932030503609536,2.091155192540525,2.087524697880945,2.0785161320328376,2.09339749071256,7.00927734375,1.3411877002288997,-13.168912763350558,2.08539496280691,2.064111981663603,2.0849314528562646,1.3166451171048508
4.18,0.006239463115180195,1.633560796905577,7.075168686871414,2.0931071276687954,2.0909407442124537,2.0871370493333257,2.0785863982746324,2.0939590711797673,7.03125,2.1231158265537204,-13.268098643362364,2.085171556784467,2.076506590066806,2.148778914834332,2.212290642083381
4.19,0.007428610534148487,1.7824423263574534,7.066008817089767,2.0931133697403776,2.091068117300632,2.087775596686181,2.0819746669486414,2.0944578700030063,7.05322265625,2.517574379570363,-13.2434347170829,2.0865377267689946,2.102042405856163,2.233505747401488,2.449948732931357
4.2,0.009352691475673204,2.0000000000000013,7.053167415995175,2.093219780124775,2.091522145518791,2.089352220392499,2.0881124813395737,2.0948981370224593,7.0751953125,2.5038621100919785,-13.093178182093043,2.089279477449629,2.131535374299209,2.283507843488009,2.3926435911934925
4.21,0.011276772417197916,2.1961100503411566,7.04146573062964,2.0931243047339136,2.091299362936026,2.0888719062627428,2.0870999937377763,2.095268377455065,7.03125,0.9675440611575837,-12.815717358340638,2.088706463240343,2.1078114995488786,2.02821892598941,0.9728294268432295
4.22,0.012465919836166139,2.3089995935065026,7.035628650757344,2.0929309028285377,2.0907590259759443,2.0874766299506993,2.083196471283314,2.095544372026873,7.00927734375,1.1846667300243716,-12.408157582992779,2.0867260011502387,2.0766707433416403,1.8756967017253416,1.408989239526285
4.23,0.01246591983616614,2.308999593506503,7.0378672878752315,2.0928415811629244,2.090574779768818,2.0871890558150366,2.0831485434115957,2.0957106588148293,7.03125,2.512798346037858,-11.863388697048165,2.086526105747313,2.080246661218406,2.014694623744709,2.488891346945791
4.24,0.011276772417197923,2.1961100503411575,7.047027340497124,2.092654244558563,2.090071796308477,2.0859752631205697,2.080112784479364,2.0957637957148445,7.00927734375,2.1817935441989045,-11.169073418014946,2.084891776686123,2.0650600865610276,1.9745501428327936,2.0466502202759105
4.25,0.009352691475673214,2.000000000000002,7.059868763354051,2.0925709271657094,2.0899239814444637,2.0858598908639254,2.0808275219445487,2.095715175149478,7.03125,2.4925137604409384,-10.306610481178426,2.0850117670053403,2.077728990375272,2.110726190977801,2.484373031780586
4.26,0.007428610534148495,1.7824423263574543,7.071570136287812,2.0926896780595547,2.090445754447781,2.0877238064562773,2.087799116132043,2.095595700690566,7.0751953125,2.8195172199740837,-9.246348703895064,2.088166720678422,2.1206007630712156,2.3117808709061904,2.7597329803222532
4.2700000000000005,0.006239463115180198,1.6335607969055774,7.07740686178361,2.0927063723692787,2.090617822056971,2.0884791274479952,2.09062549599523,2.095437061748679,7.05322265625,1.6715892145248286,-7.933122247579647,2.0894543429475,2.1217041419694334,2.184069687685713,1.6341195150393297
4.28,0.00623946311518023,1.6335607969055816,7.0751681935508275,2.092723043125478,2.0907850817002323,2.0891870080067245,2.0930242032355224,2.0952633973389303,7.05322265625,1.5289604545054885,-6.241828815421893,2.0905898832389154,2.1196017904925726,2.109601961226664,1.7045910322046813
4.29,0.007428610534148431,1.7824423263574465,7.066008335743048,2.0928397285021556,2.091277207233732,2.0908186623851606,2.09811166743338,2.0950980108260087,7.0751953125,2.2568875249409768,-3.7454206749055166,2.0930778134628776,2.133572617109165,2.16235156636266,2.2512279299089815
4.3,0.009352691475673133,1.9999999999999936,7.053166948121151,2.0929544006032796,2.0917496830908546,2.0923197002088787,2.1023160915073755,2.094955620014199,7.0751953125,2.1607225150831804,3.371764446075275,2.095234486305468,2.1367910705458435,2.1306461906075636,2.0484646731219973
4.3100000000000005,0.01127677241719801,2.196110050341166,7.041465277746221,2.092866996163659,2.091543757790541,2.0917584434806806,2.0995920056062034,2.094831744055071,7.03125,1.0886725160827433,6.059101224350979,2.0940982806335837,2.099121190058974,1.899370310294196,1.0832330811397137
4.32,0.012465919836166173,2.308999593506506,7.0356282138883595,2.092881587328279,2.091678111300604,2.0922155211860822,2.1002572524764354,2.0947130402084198,7.05322265625,2.29793662056754,7.841284786134725,2.094567852999401,2.096975938655483,2.0124678709673125,2.356245400817992
4.33,0.012465919836166163,2.3089995935065053,7.037866866068374,2.092696045736359,2.0911488541504992,2.090698931166532,2.0945527277772764,2.0945841530477445,7.00927734375,1.6516936531231323,9.229448793803964,2.0919643188051094,2.059435107669508,1.8667884974528495,1.610874164331478
4.34,0.011276772417197982,2.1961100503411632,7.047026933891103,2.092614435888017,2.090974355886701,2.0902833282759805,2.0927653186055037,2.0944343699541714,7.03125,2.453672092741737,10.3606328311075,2.0911732967108208,2.0613086539151313,2.0331159428116687,2.5021704721694755
4.3500000000000005,0.009352691475673098,1.99999999999999,7.059868373163719,2.092534699065741,2.0908096143655026,2.089910210064099,2.091238914499985,2.0942680695038915,7.03125,2.3838847883342447,11.294039474913314,2.0904880886963837,2.064863764077531,2.107015118491077,2.35287265794268
4.36,0.007428610534148401,1.782442326357443,7.071569763748745,2.092556869768313,2.090984026905009,2.0905453708176966,2.0930427146074506,2.094100869348735,7.05322265625,2.469064622146255,12.060787322959529,2.091398299837249,2.0869103739551678,2.2238843849915604,2.4790037171024415
4.37,0.00623946311518022,1.6335607969055803,7.077406507557242,2.092578895482358,2.091152831681922,2.091134157133667,2.094552715256627,2.0939552527269782,7.05322265625,2.056116287246173,12.678182019615472,2.0922029839129594,2.0982923445873554,2.2112281678103574,2.086327292489045
4.38,0.00623946311518021,1.6335607969055788,7.075167856081593,2.0926007698378717,2.0913160749134425,2.091678260051524,2.0957961123304227,2.0938542428601012,7.05322265625,1.8600134067729368,13.15593062017954,2.0929069106180185,2.1034430733462544,2.1688945626059946,1.9386242987849698
4.39,0.0074286105341483735,1.7824423263574396,7.06600801472902,2.0927225397384577,2.0918033623830965,2.0931458612827942,2.0998781118148546,2.0938215766043413,7.0751953125,2.288425897391048,13.50057101477441,2.095009874499691,2.1226789026795423,2.2180556278136927,2.294590477054723
4.4,0.00935269147567325,2.000000000000006,7.053166644462589,2.0928421715267063,2.092270349585321,2.0944877092501,2.103229577227715,2.0938741041901903,7.0751953125,2.1106337094204233,13.717784219745683,2.0968267578706437,2.1296364592512047,2.173138179477447,2.0280782298670355
4.41,0.011276772417197952,2.1961100503411606,7.041464992377803,2.0927595917499646,2.0920586136103854,2.093779012081357,2.0997671577781616,2.0940113717370603,7.03125,0.9945684394108555,13.811206457477155,2.0953940476939272,2.0946347436122896,1.9282372183512768,1.021309319460076
4.42,0.012465919836166153,2.308999593506504,7.035627947167126,2.092878939419982,2.092515879161323,2.095054969764144,2.102902514157722,2.0942266956589455,7.0751953125,2.5833455584437446,13.781175644509787,2.097095519020086,2.112235460478911,2.1171274709787813,2.6191128439356746
4.43,0.012465919836166243,2.3089995935065124,7.037866616126683,2.092796069682461,2.0922946871897237,2.094284605130704,2.0992431990248237,2.094506976624394,7.03125,1.7259299906898222,13.626254897447025,2.095565564748832,2.08382453092975,1.9491862605449979,1.5902770607349939
4.44,0.011276772417197888,2.1961100503411544,7.0470267001405595,2.092815071116585,2.092413178792358,2.0945366773161473,2.099145965862898,2.0948297794965374,7.05322265625,2.349322180742132,13.345632853204211,2.09569293653126,2.0881499535062438,2.064621280610943,2.3839169023944624
4.45,0.009352691475673169,1.9999999999999976,7.059868156215359,2.0927338584537316,2.0921975574685283,2.093794541987497,2.095877316097374,2.0951700662458728,7.03125,1.9304539549365798,12.936718157291748,2.094290421799582,2.072811459578444,2.007931247634958,1.9135514211646576
4.46,0.007428610534148459,1.78244232635745,7.071569564244598,2.0925543845647914,2.09166256430766,2.092142258387141,2.089958225354261,2.0954988606854417,7.00927734375,1.6736466029698165,12.392700135555037,2.091556506441619,2.0487598673832936,1.9386516755012557,1.7636540605406408
4.47,0.006239463115180242,1.633560796905583,7.077406325591216,2.0925787626088987,2.091811076373197,2.092560761863518,2.0911963077600957,2.0957982829247706,7.05322265625,2.743066656263512,11.70262869621978,2.0921656399384565,2.076740947061836,2.182901015347481,2.7522872621935486
4.48,0.006239463115180186,1.6335607969055759,7.0751676896755065,2.0925028441269644,2.091624633712693,2.091977433434756,2.0891581928423926,2.0960578290867975,7.03125,2.0344053396521837,10.850893598039017,2.0912166886071084,2.0742021738605034,2.123012066346703,1.9386236461253612
4.49,0.007428610534148466,1.782442326357451,7.066007863110971,2.092528711510601,2.0917769989818207,2.0924109505489263,2.0905832575087286,2.096267691671364,7.05322265625,2.257626824550634,9.813049371551887,2.091898042464108,2.0925029400646293,2.2011423329943143,2.2940967815204245
4.5,0.00935269147567318,1.9999999999999987,7.053166507975505,2.0925543128805844,2.0919236958161016,2.0928086332394433,2.0918159409804193,2.096419816362766,7.05322265625,2.0672588501564406,8.543980526322994,2.092506350457259,2.101667913833475,2.183276263386989,2.0477044680985537
4.51,0.011276772417197895,2.196110050341155,7.041464871398836,2.092579644392139,2.092064813305732,2.093172056292671,2.0928710036266107,2.0965002724288246,7.05322265625,1.9707660330859673,6.947973431546795,2.093043246043036,2.105513727194414,2.146571434183426,1.9741950232612555
4.5200000000000005,0.012465919836166189,2.3089995935065075,7.035627841595061,2.09250464431096,2.0918710423961464,2.0925361268907645,2.0906703303137553,2.0964878819899555,7.03125,1.5724383217641573,4.752249837637892,2.0920168608604524,2.088629264045463,2.0222410735306484,1.6250046524016841
4.53,0.012465919836166206,2.3089995935065093,7.037866524058411,2.092331267228447,2.0913571313437793,2.0909850066597584,2.0857345580613336,2.09636017583773,7.00927734375,1.573515216574153,-1.8882688174881532,2.089625751875408,2.062560986264002,1.9216921671676899,1.6847951210088352
4.54,0.011276772417197944,2.1961100503411597,7.047026620734138,2.0921615137953986,2.090866954130552,2.0895666360767495,2.081636563365379,2.0961095650181827,7.00927734375,2.1974865314914522,-5.444324027171987,2.087553575870108,2.05207588056044,1.9707652697577835,2.210986328732856
4.55,0.00935269147567324,2.000000000000005,7.059868089594409,2.0922955744815095,2.0913886617386437,2.091180431491358,2.08762812541883,2.095756406442757,7.0751953125,3.154744207524336,-7.423011760478946,2.090274396621085,2.104187621678258,2.3066127447756424,3.0860355951516136
4.5600000000000005,0.007428610534148366,1.7824423263574387,7.071569510561605,2.092427272107878,2.0918886967845167,2.0926640305559325,2.092759156548685,2.09533327388799,7.0751953125,2.3225950533508692,-8.912289516942629,2.09267751049579,2.1288385117677153,2.301367542191128,2.2142722249499736
4.57,0.006239463115180205,1.6335607969055783,7.0774062846029135,2.092356498193542,2.0917087183780185,2.0920889081997998,2.0908995884204344,2.0948632218130046,7.03125,-0.7443335374634968,-10.106709579479622,2.0917883994271693,2.1028870749216084,2.035400260834743,0.37276382435059663
4.58,0.0062394631151801655,1.6335607969055732,7.075167659668286,2.092487469630856,2.092196377044757,2.093497151554346,2.0955464870266605,2.094373032153949,7.0751953125,2.2613153044031167,-11.08273988705257,2.0939989669743824,2.124252435613357,2.1684368955914533,2.4120233498634422
4.59,0.00742861053414841,1.782442326357444,7.066007843247632,2.092716141876631,2.0929923010627016,2.095750178844825,2.102520427177656,2.0938957509476,7.09716796875,2.586389923876357,-11.879248798695473,2.09741096380193,2.1494972892905033,2.238537293240628,2.4676347498632905
4.6000000000000005,0.009352691475673294,2.0000000000000107,7.053166498204739,2.0929404953568223,2.093752768996473,2.097802599557674,2.108280002740656,2.0934480723116993,7.09716796875,2.1027047349480297,-12.51794987671034,2.100352223283644,2.1569881755833196,2.17800380746871,2.004276974622587
4.61,0.011276772417197989,2.1961100503411637,7.041464871694835,2.0928604617554494,2.0934913525248824,2.096769335858338,2.10370588366024,2.0930173872518325,7.03125,-1.0323390895520603,-13.011041776927845,2.0983895773569117,2.102291977769268,1.8090217480761117,-0.8337718749263588
4.62,0.012465919836166165,2.3089995935065053,7.035627851628932,2.092782112559315,2.0932405267413166,2.0958058337962955,2.0996766978489383,2.0925772119862933,7.03125,1.8204898128239424,-13.365902263013378,2.096615785331956,2.072994855287507,1.8168415632282846,1.9687455118700952
4.63,0.012465919836166227,2.308999593506511,7.037866542386593,2.0927054276040336,2.0930000840429646,2.094910040105886,2.0961692355760224,2.0921084520621784,7.03125,2.5202401903296616,-13.588751238354146,2.0950297741850603,2.0594651098769177,1.9268721411223353,2.4161035645058675
4.64,0.011276772417198003,2.1961100503411655,7.047026646586588,2.0926303866274925,2.092769813338406,2.0940798319767535,2.0931563190943687,2.0916013552456287,7.03125,2.52390666957405,-13.684039224096031,2.0936262485630057,2.0552454682899817,2.0314308542157233,2.4057711510812667
4.65,0.009352691475673124,1.9999999999999927,7.059868122794352,2.092556969273616,2.09254950008696,2.0933129945730715,2.090605458946043,2.091058195191558,7.03125,2.2727574900257634,-13.652570256596723,2.0923968802634136,2.0562102017907713,2.1025070226702427,2.2762972722245696
4.66,0.007428610534148422,1.7824423263574456,7.071569550952689,2.092585212975347,2.0926682491315973,2.09357505484077,2.0915870834045074,2.0904967081835415,7.05322265625,2.408708547334499,-13.49291892432119,2.0928266331698833,2.077795045388105,2.2274254824711557,2.466960806845996
4.67,0.006239463115180228,1.6335607969055812,7.077406331816851,2.0927131244604174,2.093111054198615,2.094779419699641,2.0955303017878735,2.089946679676149,7.0751953125,2.3914974022104567,-13.203820351333277,2.094706103758583,2.1075048960143397,2.3064344193919455,2.41084752595672
4.68,0.006239463115180143,1.63356079690557,7.075167712569054,2.0928386757529056,2.0935339721492157,2.095875824581425,2.0988237842756243,2.089437109563213,7.0751953125,1.9173478922041631,-12.782530446950966,2.096343437123185,2.120934739540909,2.2499233179510867,1.9461145539156528
4.69,0.007428610534148503,1.7824423263574551,7.066007901172738,2.0929618867237276,2.093937476220337,2.0968695446919114,2.1015305481062754,2.0889873316680867,7.0751953125,1.7659709333186757,-12.221766396091617,2.0977528643741814,2.1252210673489857,2.1701316946076323,1.8352844863105047
4.7,0.009352691475673223,2.000000000000003,7.053166560897999,2.093082777712335,2.094322043285348,2.0977658241036754,2.103710580689062,2.0886039187038845,7.0751953125,1.9085941557775974,-11.50925914209734,2.0989506077083413,2.1245840983504065,2.1052651023561135,1.9233153639206242
4.71,0.011276772417197932,2.1961100503411584,7.041464938914326,2.0931013418323663,2.094359143486882,2.097604410345875,2.1023441253064314,2.0882768639454277,7.05322265625,1.6551024047779652,-10.627244574837105,2.098463686256599,2.1039064885078127,1.970945712689593,1.6338342165744386
4.72,0.012465919836166144,2.3089995935065035,7.035627923002784,2.0930195708688872,2.09406398002592,2.096473518232719,2.097983865430449,2.0879827207063157,7.03125,1.6911963936587309,-9.547016041905495,2.096504718297676,2.0746810000209677,1.8733134539641987,1.706829030990981
4.73,0.012465919836166192,2.308999593506508,7.037866617088561,2.0928394227339,2.0934512598186568,2.0944562803149958,2.091127900236988,2.0876968897798394,7.00927734375,1.8943049039137847,-8.214512336684919,2.0932711316862087,2.0434079331361006,1.8331807951180632,1.8860720125163122
4.74,0.011276772417197909,2.196110050341156,7.0470267240802205,2.092762923094958,2.0931937747920304,2.09356752976908,2.0884448072507436,2.087408963642131,7.03125,2.653289358375058,-6.508806172255326,2.0919376963355605,2.0503344071287013,2.040892340840835,2.6120687520225565
4.75,0.009352691475673195,2.0000000000000004,7.059868202781429,2.092688029433505,2.0929471328463736,2.092750477427277,2.086237851958735,2.0871269823268594,7.03125,2.4431952214970107,-4.034723978369474,2.090790958517321,2.0577741997927754,2.1272106700205313,2.3690699583549772
4.76,0.00742861053414848,1.7824423263574525,7.071569633145605,2.0927147728933453,2.0930403936944595,2.0929703382969977,2.087569531917279,2.0868738270432723,7.05322265625,2.4307137772303347,3.2037433401570303,2.091312523141215,2.0828312095567827,2.244733335632615,2.4541831359482575
4.7700000000000005,0.006239463115180192,1.6335607969055768,7.077406415870969,2.0928411620365455,2.0934585602451534,2.0941398343751207,2.0918732715819464,2.086683173554224,7.0751953125,2.331058979910788,6.059968180557338,2.0932891272725316,2.114092577781124,2.3140212747993436,2.369131024373537
4.78,0.006239463115180179,1.633560796905575,7.075167797953452,2.092965178273702,2.093857724482585,2.0952079523843716,2.0955300653311357,2.0865860913214633,7.0751953125,1.8486952270954586,7.909011750590349,2.0950249085742376,2.1279695515003985,2.249746355651538,1.9063480002599962
4.79,0.0074286105341484455,1.7824423263574485,7.0660079874882324,2.0930868427995337,2.0942383475276265,2.0961794902571214,2.098593950644376,2.0866014457581397,7.0751953125,1.7379712203620559,9.339451333376589,2.09653204538724,2.132048764086636,2.1645266571544313,1.8155877190940082
4.8,0.009352691475673153,1.9999999999999958,7.053166647839725,2.093306198584235,2.094929884361657,2.0980245382476377,2.1041982637175813,2.086731725983539,7.09716796875,2.267404618862095,10.500432786996031,2.09931596283392,2.14821729914428,2.186897307973175,2.251261575777495
4.8100000000000005,0.011276772417198025,2.1961100503411677,7.041465026181877,2.0932212156750407,2.094602118338435,2.0968029818945513,2.09956134745937,2.0869499679509915,7.03125,0.16210228538876056,11.455500488317643,2.0972333906510814,2.0989065397436257,1.8379677207081269,-0.3082047648660118
4.82,0.01246591983616618,2.3089995935065066,7.035628010294172,2.092937842453823,2.093628729171627,2.0937362241864683,2.089354184273264,2.0872064565801285,6.9873046875,0.8458103198191651,12.23826605075227,2.092385329093486,2.0369118250127745,1.6159480540159152,1.081758853694818
4.83,0.012465919836166215,2.3089995935065097,7.037866704126597,2.092860116068136,2.0933553547343613,2.0928543578249434,2.086951239421957,2.087462850781172,7.03125,2.9767971107816806,12.867885048604508,2.091133127457636,2.0468987395692997,1.9806191454743696,2.9304924991831456
4.84,0.011276772417197965,2.1961100503411615,7.04702681059256,2.0927839885326027,2.093093495297131,2.0920471367674596,2.085001736589807,2.087696048092741,7.03125,2.7840038742239686,13.354931410071693,2.090063054949936,2.0560746720415812,2.1200852215373436,2.6039973784375676
4.8500000000000005,0.009352691475673079,1.9999999999999878,7.059868288477841,2.0926093925114784,2.092513582276912,2.0903430041028965,2.0803466518417366,2.0878854732309713,7.00927734375,1.8637280931541993,13.706229960305896,2.087661991666223,2.0460304480242306,2.08027113901988,1.8929726903926873
4.86,0.0074286105341483865,1.7824423263574414,7.071569717738383,2.0924383157383106,2.091959314979448,2.0887899047486496,2.0765686452743455,2.088021349309472,7.00927734375,1.859708284544475,13.92781736054132,2.0856078285681625,2.045480729200109,2.106633508859498,2.0399927337501014
4.87,0.006239463115180213,1.6335607969055794,7.0774064991153125,2.0923707858707594,2.091759626377172,2.088350635990411,2.0767185914764537,2.0881157224707905,7.03125,2.4031678476770857,14.023859225750114,2.0853744862944423,2.0679126730083595,2.2196273181514607,2.423824138453068
4.88,0.006239463115180158,1.633560796905572,7.0751678797863935,2.0926049185589304,2.092558096148235,2.0908726264681827,2.086466510459215,2.088199714875235,7.09716796875,3.027277969763682,13.994956963490225,2.0897329919733116,2.1346251343011087,2.459502512682104,2.9435856040438266
4.89,0.007428610534148389,1.7824423263574416,7.066008067756554,2.092634498496723,2.0926631241325784,2.091255721311359,2.088523882098139,2.0882966016838433,7.05322265625,1.1407359193756823,13.839849818178978,2.0905815603414832,2.1292799063039376,2.2035160625845105,1.0085935257800083
4.9,0.009352691475673268,2.000000000000008,7.053166726288419,2.09266361893832,2.0927637967048867,2.0916139915634657,2.0903187981764524,2.0884100877218517,7.05322265625,1.21014403274427,13.557913443732293,2.0913362781363913,2.12364511964276,2.0775981095638563,1.5061709375366792
4.91,0.01127677241719797,2.196110050341162,7.041465102553858,2.0925922313808347,2.0925308695706653,2.090979881204296,2.0887489138345217,2.0885352418055474,7.03125,1.4843335900487262,13.146704346531497,2.0905056542587035,2.100587331559438,1.9266646227860478,1.5370748017515232
4.92,0.012465919836166158,2.3089995935065044,7.035628084402093,2.092522353424642,2.092308477674106,2.090406015955243,2.0874796936846476,2.0886634338700665,7.03125,2.1939421081032626,12.59949909415883,2.0897877612949087,2.08831117606484,1.934032411328851,2.1218026625891366
4.93,0.012465919836166236,2.308999593506512,7.03786677606638,2.0924539669372533,2.0920963730303934,2.089889359158462,2.0864788021607663,2.088789348399483,7.03125,2.3795836555998715,11.905532672567977,2.089176074179399,2.0825253313308045,1.983591890267168,2.272072491098782
4.94,0.011276772417197873,2.1961100503411526,7.0470268803063325,2.0923870536772933,2.0918943052853725,2.089426891083113,2.085715225803199,2.0889116366248133,7.03125,2.2783589639835955,11.049872938490147,2.08866303598944,2.080478158717035,2.032385281985409,2.2351083072146314
4.95,0.00935269147567315,1.9999999999999956,7.059868355752856,2.0923215953033463,2.091702022134797,2.089015623588656,2.085159922358999,2.089033733415054,7.03125,2.132294895115546,10.008745170117765,2.088240509725465,2.080458463179566,2.067594314537013,2.169260468496661
4.96,0.007428610534148444,1.782442326357448,7.071569782359313,2.09235763925679,2.0918487624805624,2.089621848873205,2.087881093684791,2.0891648800700726,7.05322265625,2.405385903938624,8.738420205248673,2.089397931074981,2.0992424299237813,2.17860404429561,2.429848453694181
4.97,0.006239463115180237,1.6335607969055823,7.077406560954142,2.092393134019665,2.0919900468843804,2.0901894751955834,2.0902378522868528,2.0893137755082765,7.05322265625,2.118054415567984,7.147027533819158,2.090431563791247,2.1079208183559057,2.170940688968535,2.0976254405234025
4.98,0.006239463115180192,1.6335607969055768,7.075167939054529,2.0923280183447974,2.0917965111726535,2.0897507071364134,2.08916977972458,2.0894798561742065,7.03125,1.5204203638977003,4.980644449351558,2.089849584133034,2.093156942035933,2.04642311804786,1.5759309103735373
4.99,0.007428610534148482,1.7824423263574527,7.066008124475238,2.0923643889159433,2.091941902817035,2.0903282515543795,2.091393096279533,2.089658137008421,7.05322265625,2.281689577108539,-1.3929213552994522,2.0908484941475978,2.1034100850859363,2.127096478100939,2.3181203880737535
5.0,0.009352691475673199,2.0000000000000004,7.053166780294391,2.0923001308448623,2.0917523024791516,2.0898977741357747,2.090198933381693,2.089838428564353,7.03125,1.8825841194101456,-5.349519441034588,2.0902328477327705,2.089787012542178,2.034426176868115,1.8197111121904992
5.01,0.01127677241719791,2.1961100503411566,7.041465153678694,2.092237276834975,2.0915719901839673,2.089513090675235,2.0892122174085657,2.090003070466506,7.03125,2.0461177712187126,-7.394104003809179,2.0897024602816723,2.083139421292593,2.0352963795750956,2.070833495760437
5.0200000000000005,0.012465919836166194,2.308999593506508,7.035628132568941,2.0920757341305576,2.0910711517697496,2.088202150089857,2.0853196906874403,2.0901330674143286,7.00927734375,1.7968042657057088,-8.920410402861515,2.0877544284789042,2.0625945750596806,1.9608317253270962,1.81207664107037
5.03,0.012465919836166201,2.3089995935065084,7.037866821553137,2.0919175176719507,2.0905937499449014,2.087015125557305,2.0821013212029307,2.0902153789938103,7.00927734375,2.134417969497728,-10.140330895715588,2.0860765973184967,2.054812139895278,2.001302795396026,2.155257804128584
5.04,0.01127677241719793,2.1961100503411584,7.047026923188181,2.091962764912541,2.0907985939033806,2.0878866051496803,2.0857054358043454,2.0902529237365814,7.05322265625,2.836044258612338,-11.135429018048164,2.087649994321525,2.090106927748327,2.2351619549555166,2.7881095327548615
5.05,0.009352691475673221,2.000000000000003,7.0598683959134165,2.0918071648255085,2.09033697058401,2.0867618167773436,2.082626652016861,2.090253327212988,7.00927734375,1.4740126120610597,-11.946948885076887,2.086063523555636,2.0720806568314925,2.0570517286289185,1.3939696958731171
5.0600000000000005,0.007428610534148349,1.7824423263574367,7.071569819677457,2.091754911850063,2.090227475121972,2.086720963358559,2.08324595155391,2.090228723558327,7.03125,2.077521119377298,-12.597859394121267,2.0862131952872685,2.082709711799917,2.1295829202466203,2.20366604918625
5.07,0.0062394631151802,1.6335607969055777,7.077406595398605,2.0918040064567642,2.0904548335435336,2.0876742898613845,2.086992310231837,2.0902058531872703,7.05322265625,2.4622511012662356,-13.101112015838057,2.087883256141692,2.106508777365766,2.2209922418246517,2.4296895460188517
5.08,0.006239463115180171,1.6335607969055739,7.075167970935065,2.0918523681453225,2.09067429944311,2.088564609818068,2.0902192500864585,2.0902138684558045,7.05322265625,2.1420723833673567,-13.464550907932813,2.089369946792198,2.1169989998019316,2.1896323412808893,2.064428043353005
5.09,0.0074286105341484256,1.7824423263574458,7.0660081539041215,2.092000081963344,2.091215595639861,2.0903632141196025,2.096063096463447,2.0902766061593776,7.0751953125,2.2663844115889016,-13.69453581458661,2.092176670355874,2.137500012698382,2.225851709342737,2.266701942968471
5.1000000000000005,0.009352691475673315,2.000000000000013,7.0531668072001485,2.091944929063559,2.0910752022738914,2.0900792404454265,2.0947442220958092,2.0904031936580587,7.03125,1.0060533113508596,-13.795937172226404,2.0916290430164475,2.1086241111547213,1.980862721294143,1.0519490972948025
5.11,0.011276772417198004,2.1961100503411655,7.041465177984285,2.091991120617183,2.0912719465283,2.09079516937127,2.0966811897491584,2.0905908070388053,7.05322265625,2.187193282562451,-13.76978564302783,2.092631971515873,2.110120004697981,2.046760842845739,2.2593554130720426
5.12,0.012465919836166172,2.3089995935065057,7.035628154277909,2.0919365038890154,2.0911316361222725,2.090486847821453,2.0951554444262106,2.09083026816302,7.03125,1.9676706455670157,-13.614887257691771,2.091998709502819,2.091411752192518,1.9664441354261653,1.8996504158505212
5.13,0.012465919836166224,2.3089995935065106,7.037866840973944,2.091783042183294,2.0906690713526888,2.089240244186665,2.0907149522769317,2.091103601455743,7.00927734375,1.7523574919221345,-13.330104997797244,2.0899362812072306,2.063963200937666,1.8906785626480072,1.79916407770971
5.14,0.011276772417197985,2.1961100503411637,7.047026940450587,2.0915326654887023,2.089898574937025,2.0871363392024023,2.083849997985282,2.0913976462757202,6.9873046875,1.8125060960607116,-12.91287354085492,2.0866368521099057,2.0342446525662496,1.8563778842407483,1.8780515976966627
5.15,0.009352691475673105,1.9999999999999907,7.059868410983584,2.0914876119767687,2.089823714893631,2.0871636763081467,2.0843444502275545,2.091721294219291,7.03125,2.856196299104034,-12.356043113096588,2.0867795890216754,2.06082396180996,2.1510515575057028,2.842077000530854
5.16,0.007428610534148407,1.7824423263574438,7.07156983251679,2.0916438994544144,2.09041416361017,2.089144668344663,2.0910594334092045,2.092104469868056,7.0751953125,2.9637932613018974,-11.647666942430241,2.08994016428597,2.112382169141936,2.3783382496549628,2.8684129849239133
5.17,0.006239463115180222,1.6335607969055805,7.077406606037156,2.0917973533992837,2.0909804673979453,2.0909688259202728,2.096729443557539,2.092572073246142,7.0751953125,1.9536901649523968,-10.77061147399838,2.092717199146008,2.1360850180513,2.3310470427921404,1.9659105859262842
5.18,0.006239463115180149,1.633560796905571,7.075167979658941,2.0916477205790676,2.090534187911761,2.089738268710204,2.0921732588847943,2.0931258023706945,7.00927734375,-1.5941448124992188,-9.697392507410054,2.0906470900745515,2.0913980553183413,1.9446587183565243,-1.2782560561958158
5.19,0.007428610534148368,1.782442326357439,7.066008160847618,2.0917014095698843,2.0907684933169715,2.0905538393479013,2.0944939269196894,2.0937606282469665,7.05322265625,2.2958640759454134,-8.376111543389014,2.0918221312820395,2.104421765980364,2.0866052504402397,2.425229065991208
5.2,0.009352691475673244,2.0000000000000053,7.053166812360498,2.0917542517545584,2.0909939364363757,2.0913052241076993,2.096413708944891,2.094472703202632,7.05322265625,2.511989603007454,-6.6931374024644175,2.092844385138169,2.1097867213672026,2.10038550625552,2.330416270574663
5.21,0.011276772417197949,2.19611005034116,7.041465181354325,2.091706155949045,2.0908810255301375,2.091027300115548,2.094879659460985,2.095243009408131,7.03125,1.901347976868244,-4.293358171894487,2.0922293311781526,2.0931957218265955,1.9937630968648203,1.8151157098015174
5.22,0.01246591983616615,2.308999593506504,7.0356281559047025,2.091559087518602,2.0904446092662936,2.089806243947192,2.0904349926379626,2.096041078419208,7.00927734375,1.6031024706719648,2.901074994316743,2.0901833338452858,2.066800727396858,1.9022859369490355,1.7200323885358495
5.23,0.012465919836166186,2.308999593506507,7.037866841105181,2.091515199587665,2.0903586383123685,2.0896608760005395,2.089777701560318,2.096838084111946,7.03125,2.44474215258433,5.933268462315874,2.0898941240616864,2.0736981533399885,2.0549263058300475,2.485517897352248
5.24,0.011276772417198044,2.1961100503411695,7.047026939213509,2.091372277368185,2.089948368833262,2.0885656488795674,2.086136024469548,2.0976082063884345,7.00927734375,2.0220186922845063,7.834218569347016,2.088156334700144,2.060698379714397,2.013496500368165,1.963171112066544
5.25,0.009352691475673176,1.9999999999999982,7.059868408398468,2.091232375200517,2.089558069825798,2.0875713081051157,2.083113147954285,2.0983291866847207,7.00927734375,2.0859544513115766,9.294965988226318,2.086658767811688,2.05687915194867,2.046515888108239,2.1203426218549817
5.26,0.007428610534148465,1.7824423263574507,7.071569828600356,2.091095457042682,2.0891872190428877,2.086672935916333,2.080653875042369,2.0989921064631627,7.00927734375,2.156966603162451,10.477379079826939,2.085384716672267,2.058025987966849,2.0830872810471983,2.1647377122304454
5.2700000000000005,0.006239463115180186,1.6335607969055759,7.077406600845768,2.0911617421243203,2.089495143622459,2.0878051445537,2.084937324380084,2.099605504273622,7.05322265625,2.785965690472045,11.449210372373322,2.0873159237230086,2.097375545394795,2.281279395885564,2.7158263249458017
5.28,0.006239463115180185,1.6335607969055757,7.075167973393605,2.0913271229981687,2.0901217666667615,2.089824447489424,2.09174756107017,2.100184989608447,7.0751953125,2.5588965184885177,12.24579841688977,2.0905354187955045,2.1338199622245493,2.3382964629309924,2.4073865702830752
5.29,0.007428610534148311,1.7824423263574323,7.066008153620985,2.0913893949190276,2.090392842549047,2.0907120537158446,2.0943891432059054,2.100731267832887,7.05322265625,1.367782879411424,12.887199448732538,2.091858377101063,2.1307707197419647,2.1589570659214696,1.3597442321622157
5.3,0.009352691475673173,1.999999999999998,7.05316680420845,2.0914506713293366,2.0906534869760858,2.091527706282797,2.096579138285184,2.1012260263486704,7.05322265625,1.5375242734767627,13.384736888327728,2.093002640293437,2.125736817640781,2.0662172209957586,1.693692901289983
5.3100000000000005,0.011276772417198041,2.196110050341169,7.041465172310111,2.0913107332880108,2.0902444607063924,2.090338520892886,2.092162653451814,2.101635675451052,7.00927734375,1.0170304699837869,13.745425384309591,2.090991460670199,2.084651891053813,1.827208047263247,1.0625433170650833
5.32,0.012465919836166186,2.308999593506507,7.03562814602758,2.091173739229446,2.089854823618293,2.0892505546637254,2.0884044949003906,2.101922950183543,7.00927734375,2.1427526117520244,13.975450590550459,2.0892210345987747,2.0642024902331166,1.8636815678191085,2.1188036557074654
5.33,0.01246591983616621,2.3089995935065093,7.037866830546904,2.0910396542796152,2.0894840856619936,2.0882593217452237,2.085253553352672,2.102063117181097,7.00927734375,2.4903066077822014,14.0792422716741,2.0876807133470603,2.0561046251440884,1.9629579248423383,2.3780234114697545
5.34,0.0112767724171981,2.196110050341175,7.047026928067894,2.0909084433282557,2.089131754060341,2.087360303869592,2.082657591969684,2.1020485459885934,7.00927734375,2.3928764507420257,14.057618804991513,2.0863568896763547,2.0549993272723746,2.0494810281921563,2.330554283880435
5.3500000000000005,0.00935269147567306,1.9999999999999858,7.059868396710584,2.0909803451726745,2.089457195309871,2.0884883667865677,2.0867872609490026,2.1018944077079555,7.05322265625,2.7835654019815994,13.909592405264569,2.0882324589745056,2.093428183880168,2.281020066708389,2.7777187025476784
5.36,0.007428610534148371,1.7824423263574394,7.071569816413272,2.091051115680591,2.0897705326622833,2.0895316719084773,2.090330583168157,2.1016299249099046,7.05322265625,2.1164957669319997,13.634481308615435,2.0898970831411203,2.1121538976698333,2.2718164841604285,2.118635253062623
5.37,0.006239463115180207,1.6335607969055785,7.077406588216192,2.091220882090414,2.0904017127378873,2.0914615986750693,2.096427234589509,2.1012860653392993,7.0751953125,2.05493246620738,13.230131617668558,2.0928546208029277,2.1371276377311625,2.290716575044049,2.1562886119556675
5.38,0.006239463115180164,1.633560796905573,7.075167960424924,2.091287429267768,2.090676623806847,2.092260930427864,2.098415479616905,2.1008894368223725,7.05322265625,1.3240521596063815,12.68999997515934,2.093928207957741,2.1280725104099347,2.1177916328466106,1.4130396855439944
5.39,0.007428610534148254,1.7824423263574254,7.066008140385531,2.0914529905608092,2.0912699877895173,2.093956199309711,2.103085253689471,2.1004611179634485,7.0751953125,2.1572693921744883,12.003664781553585,2.096329347417666,2.1376620373916433,2.1382801124346793,2.1851278197132897
5.4,0.009352691475673287,2.00000000000001,7.053166790754425,2.0916154788537735,2.091837525334113,2.095499099726828,2.106876060196763,2.100016331356099,7.0751953125,2.171616787434905,11.156625673169506,2.0983821068384767,2.1381906749087816,2.100665817508715,2.081962495644234
5.41,0.011276772417197984,2.1961100503411632,7.041465158684714,2.091574721925814,2.0917209011601874,2.0949652332995594,2.1037077196521126,2.0995551810265094,7.03125,1.1177506349612454,10.125932710129588,2.097133321559124,2.098869594880843,1.871032601326397,1.1781335426614625
5.42,0.012465919836166165,2.3089995935065053,7.035628132281887,2.0916349983457936,2.091938730377933,2.095427977526536,2.103950104153441,2.099074357665829,7.05322265625,2.3003053992866684,8.869842459015425,2.0974778956804623,2.095741765127403,1.994214343701139,2.3850919531737915
5.43,0.012465919836166232,2.3089995935065115,7.037866816741462,2.091594120641571,2.091817188055328,2.0948704268699165,2.1008841257526454,2.0985756410725345,7.03125,2.0497815988775447,7.301533013689232,2.096239453306888,2.075669570960703,1.957369359047648,2.0098916342443824
5.44,0.011276772417198006,2.1961100503411655,7.047026914254434,2.091654269050906,2.0920301930914804,2.0953123603624633,2.101270273140087,2.0980672716371243,7.05322265625,2.4861329685863027,5.188750113810806,2.0966105309587957,2.0846948693386786,2.102787022654424,2.492991307491676
5.45,0.009352691475673131,1.9999999999999936,7.059868382936525,2.0916132586495992,2.0919039787947735,2.094736230474919,2.0983595889915074,2.09756687911546,7.03125,1.8883805194046295,0.1528327861613561,2.0954090323577246,2.0717649527227033,2.045403747612445,1.87978238672553
5.46,0.007428610534148428,1.7824423263574463,7.071569802725394,2.0918734559326633,2.092771144534462,2.0970948438084833,2.105118877849826,2.097103982450837,7.09716796875,2.873933837423324,-5.180296238386098,2.0988084956646538,2.120276018672596,2.325698439750912,2.895636576581032
5.47,0.00623946311518023,1.6335607969055816,7.077406574657115,2.0920285411343547,2.093269651820737,2.09826975025384,2.1075414791025677,2.0967086853145545,7.0751953125,1.8371159740180962,-7.2870983562040035,2.1002466518119967,2.124176558682093,2.2107829229702545,1.7495816374262647
5.48,0.006239463115180199,1.6335607969055774,7.075167947018077,2.092180630964105,2.093744602832051,2.099322127121943,2.1093784204158275,2.0963945124714476,7.0751953125,1.5817846534601212,-8.845118215230144,2.1014443019287494,2.123329544845986,2.130186844256698,1.7117813910172877
5.49,0.0074286105341483475,1.7824423263574365,7.066008127162761,2.092329754420085,2.0941966027177883,2.1002588418093544,2.1107000711470643,2.0961626623216754,7.0751953125,1.8609741847415224,-10.086572986367354,2.1024235855750577,2.120191870477243,2.0816002179736013,1.8963215566034815
5.5,0.009352691475673216,2.0000000000000027,7.053166777758606,2.0923758787030344,2.09429722006762,2.100121459437961,2.1084803898619313,2.0959993154924823,7.05322265625,1.6993245840336273,-11.098343676218663,2.101718461981325,2.098536175055203,1.9638816488370026,1.6474603196708362
5.51,0.011276772417197928,2.196110050341158,7.04146514595887,2.0923210088725206,2.094061817011597,2.0989991165203716,2.103288571414871,2.095880278135369,7.03125,1.7504981629329293,-11.92359229562893,2.099544453603208,2.069205459730009,1.8786488233065717,1.7265166973058446
5.5200000000000005,0.012465919836166201,2.3089995935065084,7.035628119859713,2.092267187765095,2.0938344198651464,2.097943399567898,2.0987637054124004,2.0957847747189784,7.03125,2.2657910744801186,-12.586503256232707,2.097593201435713,2.0564892832021697,1.9472989543885988,2.234320322515825
5.53,0.012465919836166194,2.308999593506508,7.037866804617878,2.0923144749212343,2.093944093591454,2.0979208704732883,2.097983071802414,2.0957045581166653,7.05322265625,2.670116116625541,-13.100674287400011,2.0973503787979833,2.071422792940104,2.1258416254839045,2.6063702007215035
5.54,0.011276772417198065,2.1961100503411712,7.047026902444895,2.0923608222561256,2.094046879165263,2.0978791285609883,2.097264618266019,2.0956396264198216,7.05322265625,2.2861140149087475,-13.474219739035608,2.0971188640789773,2.0808323954304635,2.1673129233709263,2.242321988165403
5.55,0.009352691475673202,2.000000000000001,7.059868371477809,2.092406239529822,2.0941430131425993,2.097820301636989,2.0966100686141194,2.0955923307261113,7.05322265625,1.9582493316247493,-13.713618183753786,2.096898581181965,2.0866934115936853,2.163257846697402,2.0326518617597045
5.5600000000000005,0.0074286105341483345,1.782442326357435,7.071569791654556,2.0924507366390275,2.094232729354546,2.097746399155626,2.096019147061416,2.09556819209885,7.05322265625,1.9199336031522631,-13.823889283977712,2.0966894079328955,2.0902723380909385,2.1467481683761367,2.0019837415503234
5.57,0.006239463115180194,1.6335607969055768,7.077406563998263,2.092594379064749,2.0946453196688455,2.098626308291512,2.0985553215035506,2.0955769207515265,7.0751953125,2.3752625236080718,-13.806427109642689,2.0979828509138274,2.1101101252732617,2.2185984400216747,2.351697155451887
5.58,0.006239463115180177,1.6335607969055745,7.075167936744568,2.0927351443655517,2.0950371614033956,2.09941023688171,2.1006288820138574,2.095626002729625,7.0751953125,2.1584460211932086,-13.660094093705665,2.0990901567420988,2.118583104239439,2.1876553986429945,2.064481146441851
5.59,0.00742861053414829,1.7824423263574296,7.0660081172760565,2.092873063315737,2.0954088328976903,2.1001038399840937,2.102291280165359,2.095711824959355,7.0751953125,1.9833135409354081,-13.38377266015052,2.1000238598227243,2.120714650847801,2.140199202372943,1.9681672640795376
5.6000000000000005,0.009352691475673332,2.000000000000015,7.05316676828784,2.0928080917350402,2.0951030561018227,2.0987812100981365,2.0974835786082684,2.0958167554497815,7.03125,0.943899627243917,-12.975190074599315,2.097817287212172,2.0840768358974646,1.9110436874646641,1.1040305685902263
5.61,0.01127677241719802,2.196110050341167,7.041465136933929,2.0928443219508197,2.095136697796679,2.098513064147615,2.096422384802861,2.095920842675898,7.05322265625,2.3019633866247737,-12.42755183631489,2.0973476425239492,2.0843453071850315,2.026254896996062,2.3792550099804948
5.62,0.012465919836166179,2.3089995935065066,7.035628111296209,2.092879735481787,2.095165960629379,2.0982470928825734,2.0954926444644317,2.0960102871123323,7.05322265625,2.4144651596007733,-11.729300801233984,2.096917861964679,2.085311241588528,2.077230962714289,2.335664305209376
5.63,0.012465919836166217,2.30899959350651,7.03786679647575,2.092914343371278,2.0951910567760215,2.0979844516999715,2.0946870799813686,2.0960709775079174,7.05322265625,2.2324947920898235,-10.863774524311536,2.0965268718872077,2.0865443838906113,2.0988484859122747,2.2078096099917595
5.64,0.01127677241719812,2.196110050341177,7.0470268947156685,2.0927480764680237,2.09455410911331,2.095793448101375,2.087841692045812,2.0960885718244495,7.00927734375,1.17176570144435,-9.804577715759544,2.093186095705964,2.0518343762485958,1.9140529949970813,1.3216899833648736
5.65,0.009352691475673086,1.9999999999999887,7.059868364183124,2.092685000099002,2.094271826920381,2.0947414515370983,2.085194306817505,2.096063985938254,7.03125,2.317784889894832,-8.502478702703993,2.0917653689775006,2.056222206815457,2.0522686043240075,2.417794901684637
5.66,0.007428610534148392,1.7824423263574418,7.071569784816766,2.0929232087445064,2.094987314196144,2.0966708813739565,2.0923372616973483,2.0960267375820263,7.09716796875,3.2077829997345035,-6.850978425846927,2.0950332012917325,2.115292425976131,2.3689130239478313,3.1026010348251933
5.67,0.006239463115180216,1.6335607969055796,7.077406557625177,2.093056606101794,2.0953397654923753,2.097460588363008,2.0953196550831095,2.096011506214441,7.0751953125,1.9898462477170362,-4.531926356507148,2.0964024835287893,2.125067641398605,2.251444741586357,1.80780307574213
5.68,0.006239463115180155,1.6335607969055719,7.075167930788589,2.093287277578039,2.0960027959656564,2.099133572100526,2.1009141931816404,2.0960423689885177,7.09716796875,1.8992034332754688,2.526479910354728,2.099076254579338,2.1448029404739364,2.24303189863034,2.029299266309854
5.69,0.007428610534148384,1.782442326357441,7.066008111721494,2.093313223431842,2.0959755202714083,2.0987185915293898,2.099398949244872,2.0961304066495003,7.05322265625,0.5344082121584002,5.768694304928607,2.0983978561925367,2.1153285086897795,1.9739912523927798,0.7950913088778345
5.7,0.009352691475673263,2.0000000000000075,7.053166763148903,2.0935385031507088,2.0966037586794934,2.1002465269955457,2.1042184901222525,2.0962771447984565,7.09716796875,2.508858162008648,7.7197259112838195,2.100747951246397,2.1336681663947434,2.121538985756559,2.534769958793704
5.71,0.011276772417197963,2.1961100503411615,7.041465132225721,2.093559145433425,2.096542926202835,2.099696970778224,2.1020035881990142,2.0964732509931796,7.05322265625,1.6967743916489924,9.208164865551316,2.0997770398108275,2.104155809855872,1.9257378531613554,1.5108981393275946
5.72,0.012465919836166158,2.3089995935065044,7.03562810702042,2.09357916200716,2.096480968863112,2.0991714950919715,2.100026258723281,2.0966944731370365,7.05322265625,2.031020852044381,10.410091192102849,2.0988822662647095,2.0882478299355287,1.932758070290818,2.05517809368882
5.73,0.012465919836166182,2.3089995935065066,7.037866792583084,2.0934985587380246,2.096089198268492,2.097706194691273,2.095178565712162,2.0969145054056613,7.03125,1.919720964937521,11.397226442212173,2.096574192524328,2.0627063921978235,1.8923267611696934,1.9141207074890987
5.74,0.011276772417198027,2.1961100503411677,7.047026891186562,2.09351932848091,2.0960402103730322,2.0973128589317946,2.0941636368190037,2.097112145972177,7.05322265625,2.5373699410275368,12.206754524865042,2.0960317461340057,2.0705990636232983,2.068469560571567,2.5287999183686716
5.75,0.009352691475673157,1.9999999999999962,7.059868361025407,2.093439479490927,2.0956613110889486,2.095975227778853,2.090204724374783,2.0972735203746713,7.03125,1.9979080069961528,12.859692560457471,2.0940597922243183,2.058569464640295,2.0367582309484753,1.9526517283975584
5.76,0.007428610534148449,1.7824423263574487,7.071569782039038,2.0935610181912594,2.095954188261322,2.09667162709633,2.09311918171268,2.0973937149777666,7.0751953125,2.661809803760545,13.367988934642884,2.095330496058181,2.0916002732749406,2.2494336261135865,2.679294713462257
5.7700000000000005,0.00623946311518018,1.633560796905575,7.0774065552242815,2.0935799739480574,2.095902372579645,2.096336028306836,2.0925026702263048,2.0974724385608075,7.05322265625,1.830052269789456,13.73881658654326,2.0949535763070632,2.0904692313574063,2.159139755558481,1.7844514458938499
5.78,0.006239463115180191,1.6335607969055763,7.0751679287173355,2.093698356040624,2.0961789089305216,2.09698512003804,2.0951060667527006,2.097506484363254,7.0751953125,2.162926375343299,13.978424776283633,2.0961183395062655,2.1080287278308933,2.2111498835437153,2.210949402867801
5.79,0.007428610534148327,1.782442326357434,7.066008109958666,2.0937142044101407,2.096111389722141,2.096605784232622,2.0942085463114286,2.097489773692976,7.05322265625,1.652001643564689,14.091424091578416,2.095638613027629,2.097948254031245,2.0878787860891443,1.6301583894153053
5.8,0.009352691475673192,2.0,7.053166761696886,2.0937295199396004,2.096043899268381,2.0962494745031774,2.0934549903234037,2.097412087989458,7.05322265625,1.9505097595200376,14.078937571925719,2.095212052032257,2.092633020743623,2.060358409857809,1.9704320558088886
5.8100000000000005,0.011276772417198056,2.1961100503411703,7.04146513108765,2.0938443088299037,2.0963054342012875,2.096880181253512,2.09592512620763,2.097266447350624,7.0751953125,2.4777808419957448,13.939984258733245,2.096328943852378,2.107892945886309,2.1553336995840158,2.4341073189941667
5.82,0.012465919836166192,2.308999593506508,7.0356281061898684,2.0937566305979924,2.0958947425521224,2.0955204799944136,2.091816174378075,2.097042591584946,7.03125,1.426148328927066,13.67385123570431,2.094311126210895,2.0788355590770577,1.9601863338332386,1.358161810913147
5.83,0.012465919836166203,2.308999593506509,7.037866792018062,2.0937704351614053,2.0958283482621622,2.095233934713509,2.091465546336395,2.0967332989036174,7.05322265625,2.2769587750959737,13.278682190875521,2.0940392995625676,2.0835013707201817,2.0658206679181355,2.342118966942858
5.84,0.011276772417198086,2.1961100503411735,7.047026890866308,2.093783751767309,2.0957624086605278,2.09496818336263,2.09120960726383,2.0963444269455818,7.05322265625,2.3062445994358383,12.74829726278622,2.0938093297659446,2.0867744697405293,2.1004361526411204,2.259624347835477
5.8500000000000005,0.00935269147567304,1.9999999999999838,7.05986836094815,2.0937965912216425,2.0956970125149676,2.094722540958614,2.091037052808416,2.095890411078222,7.05322265625,2.1552527105849624,12.07247808515785,2.093616936608743,2.0890602301841437,2.1086854194064792,2.151740924065044
5.86,0.007428610534148355,1.7824423263574376,7.0715697822036185,2.0939089562206616,2.0959611465949393,2.095461312065552,2.094034181465791,2.0953967653912744,7.0751953125,2.399120052091847,11.237197115486556,2.0949518856390243,2.108377185585252,2.197372121691701,2.4105321327505536
5.87,0.006239463115180202,1.6335607969055779,7.077406555622273,2.09411887460405,2.096540030003253,2.097099371941703,2.0996669866029767,2.094895558190674,7.09716796875,2.429805594714479,10.220506373583293,2.097611232805032,2.134262002665818,2.263462010205651,2.3961092772247388
5.88,0.00623946311518017,1.6335607969055737,7.075167929313658,2.094224441210139,2.0967617217563035,2.0976276425369083,2.1012792204520214,2.0944112701805757,7.0751953125,1.5453222815526377,8.982463814639233,2.0984235004272955,2.126196914848653,2.1163900044692476,1.5582284139082656
5.89,0.0074286105341482694,1.7824423263574272,7.06600811073439,2.094327661009427,2.096970543529236,2.098100996035266,2.1025587730622974,2.0939579523879903,7.0751953125,1.7452775953032562,7.441470678728324,2.0991010219481683,2.1193301984563795,2.060630837006154,1.845202039504473
5.9,0.009352691475673308,2.0000000000000124,7.0531667626472645,2.0944285652204373,2.097166912304507,2.098522477643068,2.10354031153362,2.093544569996604,7.0751953125,2.0672238933887273,5.385192896952581,2.0996567131597565,2.1136557344013296,2.047550088336266,2.048844047858934
5.91,0.011276772417198,2.196110050341165,7.041465132208415,2.0945271851363354,2.097351240842596,2.098895074689605,2.1042569791773853,2.093173567825851,7.0751953125,2.1809389377597563,1.440757631467098,2.1001032038989766,2.1091026730048474,2.0520766542281086,2.116860338629705
5.92,0.01246591983616617,2.3089995935065057,7.035628107471729,2.0946235521080325,2.0975239373035355,2.099221711300992,2.1047403155137023,2.092839080403591,7.0751953125,2.163486579164185,-4.9850196794849,2.100452622757351,2.1055507410005574,2.061914270834997,2.121251305941994
5.93,0.012465919836166224,2.3089995935065106,7.037866793433639,2.0945177846726404,2.0970281338591663,2.0975767574555175,2.0988289198094816,2.092524694556696,7.03125,1.1226820291471382,-7.1570879041452935,2.09773592824334,2.067144472898487,1.876380986205747,1.2953013221249803
5.94,0.011276772417197992,2.196110050341164,7.047026892399403,2.09451372219872,2.0968795510177705,2.097022148123093,2.0968672435185103,2.0922159454158993,7.05322265625,2.303208201519538,-8.746460505827839,2.0968260938693244,2.0682422840504677,2.025741125492145,2.425043668831087
5.95,0.009352691475673112,1.9999999999999913,7.059868362592133,2.0945094309660437,2.096734549922841,2.096505539868578,2.0951821339163064,2.091909725416989,7.05322265625,2.3916914151475415,-10.00885590091493,2.0960221622143487,2.0711665632312792,2.0948476788935606,2.3469172651684778
5.96,0.0074286105341484126,1.7824423263574445,7.071569783952229,2.0945049216082845,2.0965931676276655,2.0960258405506504,2.093754895932033,2.091608973856822,7.05322265625,2.2161797346790624,-11.036756195963765,2.0953182237102297,2.0747650913503066,2.123661827389985,2.20345506144336
5.97,0.006239463115180224,1.6335607969055808,7.0774065574663005,2.0945002045035546,2.096455433218697,2.0955818814355283,2.0925652920029902,2.0913242114849706,7.05322265625,2.0756639437033937,-11.875467629794374,2.0947075319901405,2.07838440571385,2.130782635281826,2.1206662225515545
5.98,0.006239463115180205,1.6335607969055783,7.075167931233537,2.094595250302179,2.0966501362140417,2.096138469646967,2.0946899981089766,2.091075439717319,7.0751953125,2.389862892242022,-12.550279150582579,2.0956761889149984,2.0994901560136445,2.2165150008172705,2.4024920824265954
5.99,0.007428610534148363,1.7824423263574385,7.066008112717225,2.0947880893181465,2.097162477191747,2.0976099860712014,2.0995783947772497,2.0908868500876587,7.09716796875,2.4669636677963727,-13.075475562692677,2.0980183869370412,2.127182950282624,2.2786138025001264,2.3959712948249376
6.0,0.009352691475673051,1.999999999999985,7.053166764685565,2.0949768206596753,2.097649308744769,2.0989492584791605,2.103648643595583,2.0907716190804866,7.09716796875,1.997894146407672,-13.459439580616875,2.1000496475572503,2.1381625899900905,2.2167116193496263,1.9570693344364374
6.01,0.011276772417197942,2.1961100503411592,7.0414651342949,2.094861679241089,2.0971256059123737,2.0972688812858027,2.0977433248163533,2.090720011161798,7.03125,-1.0398812235496657,-13.708808055893439,2.097319885372983,2.0870534819992943,1.8491391431649338,-0.8600460333219534
6.0200000000000005,0.012465919836166206,2.3089995935065093,7.035628109597861,2.0949483318197157,2.097279261739025,2.097650085649466,2.098877228906942,2.0907160115768266,7.0751953125,2.5151518789953853,-13.828650705669508,2.0978920453609873,2.0974547959276313,2.045438712219559,2.5833085897428956
6.03,0.01246591983616619,2.3089995935065075,7.037866795587,2.094933006255814,2.0970946375223902,2.097025376211863,2.0967052165113937,2.0907451221849986,7.05322265625,2.2681070932538727,-13.82078600851164,2.0968858022200036,2.084562434979342,2.000927844009102,2.108785246256521
6.04,0.011276772417198048,2.19611005034117,7.047026894570396,2.094817695789208,2.096586693786927,2.095479705628068,2.091753950568632,2.0907854152144068,7.03125,1.7843096150767772,-13.684138733477615,2.094501890028598,2.0609732735821473,1.9293512774669548,1.8388279488542667
6.05,0.009352691475673369,2.0000000000000187,7.059868364773113,2.094704315728988,2.096098737951133,2.09406027871833,2.0875993616590565,2.090821249085757,7.03125,2.061291354794574,-13.417552165744906,2.092422426448547,2.052061897060042,1.9866143255595856,2.186138943471853
6.0600000000000005,0.007428610534148319,1.7824423263574332,7.0715697861356945,2.0946928124303175,2.0959592686386856,2.093729173348086,2.087280331781516,2.0908531191417223,7.05322265625,2.531536360373426,-13.018877134542027,2.092124760066305,2.069495720887476,2.1478276967850527,2.546303667841567
6.07,0.006239463115180189,1.633560796905576,7.077406559644926,2.0947812102100736,2.096153252158531,2.0943977695672267,2.0902184329390003,2.0908941555625544,7.0751953125,2.5397401229994765,-12.481789534258814,2.0933916209300842,2.09829726648822,2.263732818197866,2.494663664817413
6.08,0.006239463115180182,1.6335607969055754,7.075167933401256,2.0948675948622664,2.096337104940217,2.095013697552007,2.0927713422037706,2.0909572813501565,7.0751953125,1.9923472938419586,-11.795083076356931,2.094520843470467,2.1123573921885814,2.234233546828993,2.0025454133081615
6.09,0.007428610534148306,1.7824423263574316,7.066008114867718,2.094951994411492,2.09651112452984,2.0955791450728745,2.0949644770553912,2.0910465343800615,7.0751953125,1.7549132518405075,-10.94258347337958,2.0955163687107343,2.117941908573193,2.1744101173680375,1.8526316919515757
6.1000000000000005,0.009352691475673166,1.9999999999999971,7.053166766811711,2.094934496342792,2.096346902676312,2.0951302887986194,2.0937283080542457,2.0911542606876528,7.05322265625,1.4320351373199978,-9.898930449544602,2.094891614894314,2.1011793671917722,2.0291044265567884,1.5175789876165457
6.11,0.011276772417198036,2.1961100503411686,7.0414651363895855,2.09491703819521,2.096188152115181,2.0947189534849597,2.0927020960402714,2.0912652181079525,7.05322265625,2.013749265609573,-8.61745979982995,2.094343695319108,2.0922701057327107,2.011882018624347,2.0203261602122207
6.12,0.012465919836166184,2.308999593506507,7.035628111655116,2.094799680798581,2.095706029010516,2.0933767300767605,2.0887650101356443,2.091362546744968,7.03125,1.9267541362456182,-6.998748392890134,2.092374114952943,2.070166685862742,1.9347179634314244,1.852495165310176
6.13,0.012465919836166212,2.3089995935065093,7.037866797605802,2.094684338550138,2.0952438885319014,2.092151679252276,2.0855095907399135,2.0914348155905205,7.03125,2.2273202313202054,-4.756502120292705,2.090668018159778,2.0612213916459003,1.9809729496910475,2.199802200184582
6.140000000000001,0.011276772417197954,2.1961100503411606,7.04702689654721,2.0946709569164077,2.095130251196278,2.092006366256568,2.085984216284959,2.09148569388848,7.05322265625,2.5984237723338395,2.073208776233596,2.090705135577633,2.077702083758727,2.1353416444435096,2.551832368243134
6.15,0.009352691475673252,2.000000000000006,7.059868366701659,2.094757558229057,2.0953500273728514,2.0928519817787166,2.089612520328415,2.0915301122945813,7.0751953125,2.555630698202003,5.589092527702117,2.092269357386732,2.1051555040486356,2.249191007638212,2.496143832211054
6.16,0.007428610534148376,1.78244232635744,7.071569788009671,2.094742275671078,2.095230689275871,2.09266821928639,2.0896453700802153,2.0915810210782597,7.05322265625,1.5779184756701514,7.591935143763647,2.09216491853486,2.100216038646519,2.1316096514980885,1.6176062175594552
6.17,0.00623946311518021,1.6335607969055788,7.077406561459892,2.0947270543278482,2.0951160652392855,2.092508426135359,2.0897419637235615,2.0916479475286742,7.05322265625,1.7063349267938435,9.108050015249596,2.0920906883765964,2.097288393403487,2.091542805112855,1.8452543724824757
6.18,0.006239463115180161,1.6335607969055725,7.075167935160135,2.0948118509351357,2.0953349289898227,2.093338541705754,2.0929948502703404,2.0917440880939484,7.0751953125,2.3684994322635435,10.329274192070756,2.0935377146447407,2.1132909815237952,2.17243638354965,2.350071431816393
6.19,0.0074286105341483995,1.7824423263574427,7.066008116569413,2.0948947507878293,2.09554360421073,2.0941056656365906,2.0957654689369183,2.0918794196500268,7.0751953125,2.200507992421714,11.33170084283015,2.0948101077436463,2.119636022259892,2.15568433731468,2.104968834754982
6.2,0.009352691475673094,1.9999999999999896,7.0531667684510975,2.094875836657033,2.0954135644407486,2.093845339800518,2.094998348468947,2.092051239456123,7.05322265625,1.6149539424250807,12.154177718739177,2.094424309260424,2.1030179134291345,2.030007723671579,1.621807836036816
6.21,0.011276772417197978,2.196110050341163,7.041465137961433,2.0948570459944484,2.0952885713211056,2.0936106658255125,2.0943448937791675,2.092248048065855,7.05322265625,1.963123570902002,12.818788329739066,2.0940814415365905,2.093932185790168,2.0215367374072515,2.025369237638505
6.22,0.012465919836166161,2.308999593506505,7.035628113156378,2.094838384265943,2.0951685372043505,2.0934002782227585,2.0937951554124945,2.092455256104333,7.05322265625,2.1998360530480463,13.337943377696687,2.0937807877542873,2.0894285240832593,2.04368815830258,2.1775120106703
6.23,0.012465919836166175,2.308999593506506,7.037866799042006,2.0947199067013544,2.0947244876606326,2.0922452676623293,2.0902441573212953,2.092654198607794,7.03125,1.8457130683020044,13.719084802320406,2.092025869300215,2.0697019631607363,1.9710270439424045,1.832438223200896
6.24,0.011276772417198013,2.1961100503411664,7.047026897919059,2.0946035281724864,2.0942998426014947,2.091195029552705,2.087288370343937,2.092828583632834,7.03125,2.0901949387095238,13.968478255529565,2.090504802546323,2.0619376097677997,2.0078247710587553,2.14465696200369
6.25,0.009352691475673322,2.0000000000000138,7.059868368005207,2.0944892337774603,2.093894173685673,2.0902445759030854,2.084874016659328,2.0929734417527124,7.03125,2.2184054049212647,14.091009419863353,2.089202863447294,2.0608957850799046,2.0581052267024655,2.2220269670132757
6.26,0.0074286105341484325,1.7824423263574467,7.071569789240868,2.0944769740955005,2.093836119890101,2.09035790952627,2.086057279264943,2.0930981778112705,7.05322265625,2.517512824878861,14.08808364050393,2.0896013435850116,2.081300836009653,2.1841134018643302,2.484202070653552
6.2700000000000005,0.006239463115180174,1.6335607969055743,7.077406562617009,2.0945647680102035,2.094110548186432,2.0914462566297924,2.09027181226778,2.0932226190705663,7.0751953125,2.510540671501126,13.9587355401233,2.0914849718139656,2.110298032423821,2.2716868637546903,2.4376916180138535
6.28,0.006239463115180197,1.6335607969055772,7.075167936250321,2.0946506870206862,2.0943735710560984,2.092455626236041,2.093886934942122,2.093363727302957,7.0751953125,1.9799952975455513,13.702292572127218,2.0931540766242867,2.123287815592497,2.2248379684601494,1.9674088965224914
6.29,0.007428610534148342,1.7824423263574358,7.066008117594738,2.094734754365167,2.094625425896546,2.093388767478966,2.0969463309023295,2.0935264223330665,7.0751953125,1.763890017525999,13.317039364148778,2.094618197520588,2.1272654229031382,2.1553145327154035,1.8438926434707272
6.3,0.009352691475673025,1.9999999999999822,7.053166769408829,2.094816993372375,2.094866353387437,2.094248506154072,2.099495465854823,2.093700108623239,7.0751953125,1.8889256745796998,12.797175872787232,2.095889389776117,2.1263781056541378,2.099721987183238,1.9246493883082252
6.3100000000000005,0.011276772417198074,2.196110050341172,7.041465138848698,2.0946975321677064,2.0944387740907326,2.0931031748793028,2.095398353951371,2.0938543191755823,7.03125,1.0872004298635038,12.132684993191116,2.0939954369517126,2.087731928528089,1.8719072111139252,1.1289067955182244
6.32,0.0124659198361662,2.3089995935065084,7.0356281139725105,2.094580218358983,2.0940301131331007,2.092057586521619,2.091907749086824,2.09394855501327,7.03125,2.04867429996124,11.309935142281448,2.0923284869899574,2.0686319064406398,1.901165041493422,2.08613042685453
6.33,0.012465919836166196,2.308999593506508,7.03786679979476,2.094365070055443,2.093310821676014,2.0901384333744772,2.0858713186769267,2.0939461917077042,7.00927734375,2.101339733273481,10.307790761961655,2.0893817923777322,2.043034218670633,1.8887783808345986,2.0259063134523556
6.34,0.011276772417198069,2.1961100503411717,7.047026898611304,2.0941539874586,2.0926241385462214,2.088392588426188,2.0808524577966994,2.0938237022817012,7.00927734375,2.3453693215369227,9.08832298152227,2.086833686802176,2.0346557006170274,1.9896498230289392,2.310534475113119
6.3500000000000005,0.009352691475673209,2.0000000000000018,7.059868368635281,2.0940469196397484,2.092298644671037,2.0877822049422314,2.0798816441151047,2.093583304929233,7.03125,2.6400601597885545,7.57470617395722,2.0861582694342546,2.0541516010252074,2.1736807441323185,2.5972407773114776
6.36,0.00742861053414834,1.7824423263574356,7.071569789806985,2.0940418772386864,2.092318998049529,2.0882161148388034,2.082363663286883,2.09325209698616,7.05322265625,2.56888938466942,5.572405736577173,2.0871305020737867,2.085630179445699,2.2967601786657115,2.5099503227975197
6.37,0.006239463115180196,1.6335607969055772,7.077406563119374,2.0941368750560097,2.0926700229345396,2.0896056217370393,2.0877346128817797,2.092871861807729,7.0751953125,2.3181563180411344,2.0342172801480416,2.0895330244639125,2.1198918752397136,2.3500121329413033,2.319571960927393
6.38,0.006239463115180175,1.6335607969055743,7.075167936696617,2.094329933327872,2.093336734758589,2.0918646162393126,2.095457337145065,2.0924868486934556,7.09716796875,2.12669479649534,-4.776865160723566,2.093160013072191,2.1522074787432492,2.3512227507531853,2.1737264111141292
6.390000000000001,0.007428610534148436,1.7824423263574471,7.06600811798826,2.0944191591558985,2.0936461897868086,2.0929739382498624,2.0988356630104152,2.0921288234013686,7.0751953125,1.1877102611232895,-7.018751496443331,2.0948352168830477,2.1459924141422912,2.1465302478357895,1.294499883277788
6.4,0.009352691475673141,1.9999999999999947,7.053166769748857,2.0946064939751596,2.0942720245876547,2.094962012990696,2.1047053503442035,2.0918129722025465,7.09716796875,2.0588822210287354,-8.640014539156347,2.097771378429462,2.1555193592956026,2.1349507802103025,2.1139903524698984
6.41,0.011276772417198015,2.1961100503411664,7.0414651391343845,2.094490160381287,2.0938834641326833,2.0938783348448524,2.1002449180166662,2.0915336125740818,7.03125,-0.06839777687908138,-9.923449959661497,2.095822843835909,2.1020168629143003,1.7761602288880425,0.03658583198443346
6.42,0.012465919836166175,2.308999593506506,7.03562811420467,2.0943759706387373,2.0935124586147555,2.09288474429541,2.0963799708894646,2.091273249210551,7.03125,1.920440434032746,-10.967508201726439,2.09408445613555,2.0734324846048913,1.7928913872348342,2.05673130206883
6.43,0.01246591983616622,2.30899959350651,7.037866799980429,2.0943638761971037,2.093487803324336,2.09294539661541,2.0961678647235717,2.0910244046672846,7.05322265625,2.750118130122542,-11.819710221464563,2.0940458067703465,2.0782714486373157,2.009150523498238,2.702287556317302
6.44,0.011276772417197975,2.196110050341163,7.047026898753822,2.09425195893825,2.093135993683045,2.092036730970532,2.0928600315525325,2.090784546967734,7.03125,2.1634525875048807,-12.50657444258409,2.0925134964692966,2.063672721650937,2.0005319491330438,2.0811473343267464
6.45,0.009352691475673278,2.0000000000000093,7.059868368734667,2.0941421504639846,2.09280082601044,2.0912100743199757,2.0900694136348603,2.0905566915704537,7.03125,2.0538325590506816,-13.04300929107759,2.0911786053760553,2.0586731980828543,2.053817314341167,2.13404633595838
6.46,0.007428610534148397,1.7824423263574425,7.071569789863155,2.0942343871924405,2.0931404759891876,2.0923975257672103,2.0939357289427467,2.0903591287828007,7.0751953125,2.7510006036482,-13.437589029497794,2.093021025104274,2.0948760316527837,2.2770006428116774,2.7191642714700883
6.47,0.006239463115180218,1.6335607969055799,7.077406563133546,2.094224791923071,2.0931372490249434,2.092523729470535,2.0941110695602245,2.0902141418567295,7.05322265625,1.8742554848292101,-13.69701472869722,2.093147545445957,2.09480804191404,2.1804353712470306,1.751073150934464
6.48,0.0062394631151802115,1.6335607969055792,7.075167936674839,2.094415263785366,2.093793800951331,2.09457767998271,2.100409878433879,2.0901398877484674,7.09716796875,2.469051412051138,-13.826599286420516,2.096247966160892,2.1298460867848905,2.3063509718136164,2.4708676993398826
6.49,0.007428610534148379,1.7824423263574403,7.066008117933672,2.0944019959300775,2.093763807262258,2.094524838482472,2.0994973014021814,2.0901417709034784,7.05322265625,1.135167339000603,-13.828496090126396,2.095956262995406,2.1089567937769633,2.0684083581655996,1.0499124385713476
6.5,0.00935269147567307,1.999999999999987,7.053166769662032,2.094388898019212,2.0937357193830937,2.0944737899497374,2.098648163064922,2.0902073732486532,7.05322265625,1.7204861602359025,-13.701674354173845,2.09567794108498,2.097040134522612,2.010660014671843,1.8144869920172453
6.51,0.011276772417197958,2.196110050341161,7.0414651390158065,2.094375970758688,2.0937094691733615,2.094424557548549,2.0978637360782906,2.0903181785074003,7.05322265625,2.196237384882538,-13.444981923785944,2.0954164411972447,2.0907185973631086,2.0177554271131757,2.1506548618773818
6.5200000000000005,0.012465919836166212,2.3089995935065093,7.035628114055769,2.0942632460443504,2.09335579323669,2.0934108017096276,2.0940574523366076,2.090447708825598,7.03125,1.9448261706911003,-13.056535467363528,2.0936802339086613,2.0698750020609884,1.9434158801339732,1.8708264107576282
6.53,0.012465919836166182,2.3089995935065066,7.037866799806069,2.0940526750485584,2.092689189262746,2.091514892104098,2.087724714377248,2.090566829524386,7.00927734375,1.7903720268584886,-12.530407392552014,2.0906636608840645,2.0433156823365115,1.8864507863899371,1.827890764847928
6.54,0.011276772417198034,2.196110050341168,7.0470268985567674,2.0938461690574433,2.0920531401832125,2.089782830561737,2.0824219672476247,2.0906588966684674,7.00927734375,2.2193376351483907,-11.855688919724914,2.0880450031025832,2.0344444823655636,1.969183187450731,2.246635900986814
6.55,0.00935269147567335,2.000000000000017,7.059868368515856,2.0938436809421703,2.0921058689292575,2.090144397935585,2.0842916859195997,2.090731512946413,7.05322265625,2.893867357292649,-11.01659262361387,2.0887966540618814,2.0717824817035577,2.2378657570524,2.8488000975468726
6.5600000000000005,0.007428610534148303,1.7824423263574314,7.071569789623461,2.0938412646579003,2.092158387673089,2.090488778608645,2.085997567087323,2.0908075209189567,7.05322265625,2.285902337789188,-9.988800184918027,2.08950039524008,2.0924788976919864,2.2595152420649964,2.2139865775105094
6.57,0.006239463115180182,1.6335607969055754,7.0774065628744465,2.09393890783583,2.0925400105924985,2.0917837927850065,2.0906515904518708,2.0909121858500326,7.0751953125,2.1281855399775473,-8.727982744573492,2.0916474408143055,2.120786394983547,2.3012404679101324,2.207710386520233
6.58,0.006239463115180189,1.633560796905576,7.075167936399954,2.0940346491278423,2.0929064841003955,2.092977482659944,2.0946220552992965,2.0910660552697657,7.0751953125,1.7778147479141149,-7.141009848792697,2.0935406203449585,2.1326936290951943,2.2313261712815358,1.8572013607673497
6.59,0.0074286105341483215,1.7824423263574334,7.066008117645268,2.0940285277557664,2.0929288066566154,2.0931070478924574,2.0948623479213957,2.0912751245115064,7.05322265625,1.2881104356081559,-4.969220220441743,2.0936989142967297,2.117897379067092,2.056649773509696,1.4045120555620936
6.6000000000000005,0.009352691475673185,1.9999999999999991,7.053166769361248,2.0940225134754775,2.092951333330035,2.0932275746957334,2.0950484793044337,2.0915341393022366,7.05322265625,1.909248125324723,1.4873277007324806,2.0938288104597245,2.1084182586907287,2.0113205656666047,1.952262270682716
6.61,0.011276772417198053,2.1961100503411703,7.041465138703744,2.0940166055623233,2.09297401148905,2.093339315096535,2.0951859053474604,2.0918315929509204,7.05322265625,2.23052206059816,5.401497911091846,2.0939341880359246,2.102411714979442,2.0160456288118263,2.167029505739947
6.62,0.01246591983616619,2.3089995935065075,7.035628113733837,2.0940108032634908,2.0929967915111787,2.0934425451306367,2.095280077512647,2.092147866112956,7.05322265625,2.2512170570882515,7.459413058036571,2.0940184793562553,2.0986647298861834,2.034779543125697,2.1889410230341615
6.63,0.012465919836166205,2.308999593506509,7.037866799476708,2.093805129684013,2.0923609231726776,2.091602813904759,2.0891443191428403,2.092452898810012,7.00927734375,1.226923351773442,9.00373837089676,2.091094739100164,2.060554226198674,1.8564399638837916,1.3638282622322866
6.640000000000001,0.01127677241719794,2.1961100503411592,7.047026898221724,2.093603474180868,2.091754351412758,2.089921096544107,2.08399332888087,2.0927186163470397,7.00927734375,1.9645590421672552,10.244269999492287,2.08854564689762,2.044193490841509,1.9165887158632886,2.1358902955025685
6.65,0.009352691475673233,2.0000000000000044,7.059868368176346,2.093505806669845,2.091505938041236,2.089359517878553,2.082854555520149,2.0929362828875404,7.03125,2.633316577076253,11.261903499988202,2.0878486842050528,2.058596393797427,2.109988779948379,2.6229444183064032
6.66,0.00742861053414836,1.782442326357438,7.071569789280669,2.093510133198322,2.091600342041308,2.0898279984562484,2.0851360924959677,2.0931141813888754,7.05322265625,2.646292859993793,12.097368366425586,2.0887829633955146,2.0869124920557978,2.251922356116859,2.5739134609026375
6.67,0.006239463115180203,1.633560796905578,7.077406562529616,2.093514459756462,2.091692904366966,2.090270428210724,2.0871733472930467,2.093265990927053,7.05322265625,2.0458846050773554,12.773647394807309,2.089638206713765,2.101659031817825,2.2378385149639306,2.0553087809713158
6.68,0.006239463115180168,1.6335607969055734,7.0751679360544495,2.093518784165121,2.0917835782676906,2.090687209784566,2.08897582435582,2.0934038138749966,7.05322265625,1.744305668173016,13.303729753710105,2.0904131267134516,2.1084056623296488,2.186597548523347,1.8665368289913036
6.69,0.007428610534148415,1.7824423263574447,7.0660081173003055,2.093623108422814,2.0922017919487836,2.0920470224285177,2.0936582647330333,2.093537746800442,7.0751953125,2.218071412216978,13.695343169562804,2.0926041703115668,2.1281283130123088,2.225652421271679,2.250204228846056
6.7,0.009352691475673115,1.9999999999999918,7.053166769017994,2.0936254548995654,2.092273817243605,2.0923300367381885,2.0945066298554535,2.093667654936783,7.05322265625,1.6859460572781608,13.954702390497944,2.0930257968697124,2.117462182553374,2.082487542718314,1.621007704883153
6.71,0.011276772417197994,2.1961100503411646,7.0414651383633595,2.093627812994703,2.0923441877114235,2.092592809265647,2.0952047993017913,2.0937796743799364,7.05322265625,1.9393014010718743,14.086918716167714,2.0933869887723753,2.1100158481508826,2.0404882722690276,1.9475588000159936
6.72,0.01246591983616617,2.3089995935065057,7.035628113397366,2.0934301683438075,2.0917539447524396,2.0908998029855144,2.089571197946148,2.0938507679827145,7.00927734375,1.3144404533444327,14.09359464450166,2.090702968816166,2.069143228111981,1.8401343694620917,1.2971672340333493
6.73,0.01246591983616617,2.3089995935065057,7.037866799144638,2.0932364481893067,2.0911913303405485,2.0893542922588373,2.084837359311713,2.093861620547636,7.00927734375,2.1455186721630177,13.973882341693637,2.0883604861251164,2.0505117070222303,1.8966694755408862,2.161859192835968
6.74,0.011276772417197996,2.1961100503411646,7.0470268978948,2.093146639272909,2.090985331054514,2.0889192554367235,2.084036678975843,2.093814573754706,7.03125,2.7253868211974424,13.727132432468286,2.0878397288514425,2.063024125948756,2.094541076687543,2.651102857341791
6.75,0.009352691475673304,2.000000000000012,7.059868367855628,2.093158745554724,2.091120603924878,2.089504635260864,2.086579686169119,2.0937320288329895,7.05322265625,2.6619282959542465,13.351842138562725,2.0889222244848376,2.089816451689166,2.241805861238501,2.591787500223837
6.76,0.007428610534148418,1.782442326357445,7.071569788967216,2.0931707540681326,2.0912524034272595,2.0900540601364987,2.0888108083532257,2.093645783374406,7.05322265625,2.0202263171679418,12.842536622560543,2.089900424443214,2.1034077066983388,2.231971189006253,2.063148159544165
6.7700000000000005,0.006239463115180168,1.6335607969055734,7.0774065622242315,2.093282683076816,2.0917102735499165,2.091536928649078,2.093847391034325,2.093591305777147,7.0751953125,2.095113344982458,12.189578560084822,2.092271548627772,2.1268827907933603,2.270871348768828,2.207614116577364
6.78,0.006239463115180203,1.633560796905578,7.075167935756912,2.0933925359008323,2.0921498121737323,2.092900930460297,2.098084932380281,2.093601150620555,7.0751953125,1.8765121007682595,11.379598100239553,2.094344694740398,2.1356149666211444,2.2067712364874463,1.9143997641943402
6.79,0.007428610534148358,1.7824423263574378,7.066008117010941,2.093600336348743,2.0929007414177554,2.095117899534763,2.104676148213955,2.093695670640161,7.09716796875,2.23725366955796,10.392364717961922,2.0976300646039707,2.1535781678617663,2.2213183868800175,2.2237490527086177
6.8,0.009352691475673044,1.9999999999999842,7.053166768737692,2.0936041174928297,2.092960555855525,2.0952085633592596,2.103930274345807,2.0938714404062115,7.05322265625,1.0669173562536511,9.191620393968401,2.0974759952949027,2.1222343826557553,1.9626059348705855,1.0507733243952229
6.8100000000000005,0.011276772417197937,2.196110050341159,7.041465138093024,2.0935078636265345,2.0926889062796072,2.0943167252515433,2.1000619945837387,2.094102014833619,7.03125,1.4225258821897062,7.704964036267115,2.0958014826213396,2.0856481574854175,1.824479354638241,1.544475962750968
6.82,0.012465919836166203,2.308999593506509,7.035628113137574,2.0933135272385606,2.0921004367038054,2.092526065634689,2.093582173409254,2.094356673212532,7.00927734375,1.9491778171459768,5.7536558776518945,2.0928097196592255,2.0493017015356703,1.781898835474773,1.9275187322626353
6.83,0.01246591983616619,2.3089995935065075,7.037866798894675,2.0932230809843557,2.091868416100226,2.0918523373083033,2.091182878921334,2.094615228743275,7.03125,2.7521153410113786,2.4924643234648,2.0916809926808457,2.052711321196114,2.006371077000704,2.6720203019206665
6.84,0.011276772417198055,2.1961100503411703,7.047026897654673,2.0931345060656192,2.091648048887628,2.0912381662371944,2.0891726653257385,2.0948715257954653,7.03125,2.5086819517826755,-4.5569922297927405,2.090705620184371,2.0578200615139024,2.107762061019616,2.416034142736786
6.8500000000000005,0.009352691475673188,1.9999999999999996,7.059868367626044,2.093047781114937,2.0914390158500473,2.0906807925003443,2.0875188331924956,2.0951291143749837,7.03125,2.125796801689382,-6.875639953715811,2.0898727498450005,2.063428974380982,2.1493884823340643,2.1737582228366867
6.86,0.007428610534148474,1.7824423263574518,7.071569788748896,2.0931629440482546,2.0919000615960712,2.0921137349853334,2.0923934429900606,2.095404026147044,7.0751953125,2.6026338934785738,-8.530241343192424,2.0921635469701574,2.104518208127256,2.330146162490934,2.6568865621836304
6.87,0.006239463115180191,1.6335607969055763,7.077406562017534,2.0932759756528356,2.092342234546885,2.0934296189552084,2.0965113339006463,2.0957130100634767,7.0751953125,2.0519808227710095,-9.835039741036915,2.094177811312363,2.1238127065479193,2.28814656958117,2.037399146835002
6.88,0.006239463115180181,1.6335607969055752,7.075167935560794,2.0932868773262996,2.092436549156789,2.093666860820361,2.0968552727750893,2.0960571862510613,7.05322265625,1.2176543665167199,-10.89540223371677,2.0944364670415454,2.113246981190043,2.108547433176134,1.3384977387359225
6.890000000000001,0.007428610534148451,1.782442326357449,7.066008116825153,2.093297657472145,2.092527569761176,2.0938814882059495,2.0970946394542294,2.096425435662656,7.05322265625,1.7904856171630494,-11.761231500355784,2.0946471427406026,2.106221751981911,2.044809584320368,1.860746400627665
6.9,0.009352691475673159,1.9999999999999964,7.053166768562747,2.093308314786577,2.092615335539644,2.0940746272619344,2.0972426472951833,2.096799526962854,7.05322265625,2.178150101471968,-12.46013635732441,2.0948154091613356,2.1015815353208476,2.0327894280020073,2.1106055497197453
6.91,0.01127677241719788,2.1961100503411535,7.041465137929455,2.0932188278407247,2.0923705262230805,2.0932806112144386,2.094224343239404,2.097152409423838,7.03125,1.8864951531948702,-13.00778141605945,2.0934526069125625,2.0807327928371144,1.9437239097794685,1.8142994142202102
6.92,0.012465919836166182,2.3089995935065066,7.035628112985558,2.0931311795768845,2.0921372652462833,2.092550714989397,2.091647901021872,2.0974536897635363,7.03125,2.128385431792822,-13.413083426327297,2.092253148286223,2.0713350398471047,1.9776144548032264,2.1464378263731643
6.93,0.012465919836166213,2.3089995935065097,7.0378667987530115,2.093045349273919,2.091915260506019,2.0918822848741674,2.0894797420206306,2.0976773116977427,7.03125,2.233221693805656,-13.682713346211198,2.0912091153704906,2.068524071976846,2.0320447456083017,2.227558452451877
6.94,0.011276772417197961,2.196110050341161,7.047026897522957,2.0929613160302956,2.091704218793973,2.0912726401172126,2.0876859027548114,2.0978031845779355,7.03125,2.1942176717881376,-13.82224092251513,2.090310815466185,2.069259006248225,2.074694143832956,2.190528711257018
6.95,0.009352691475673258,2.000000000000007,7.05986836750461,2.09287905877512,2.091503846188432,2.0907190821434605,2.0862325609417436,2.0978192901942423,7.03125,2.120131330203533,-13.83400422760732,2.0895474700486454,2.0716977884368415,2.099502144313504,2.143036466427842
6.96,0.007428610534148532,1.7824423263574587,7.071569788638097,2.0927985562802567,2.0913138484625344,2.090218906012563,2.085086584079083,2.097724328426751,7.03125,2.0788568940070515,-13.71715734904312,2.088907747558016,2.074760708645894,2.1098398022320315,2.1132763615723404
6.97,0.0062394631151802115,1.6335607969055792,7.0774065619173925,2.0928198316372866,2.0914634741253875,2.090737877129034,2.08732411465422,2.0975310019275053,7.05322265625,2.4297952991314897,-13.470486308685087,2.0898776317760337,2.0956847067961966,2.2008673390472153,2.4079306861241347
6.98,0.006239463115180217,1.6335607969055799,7.075167935470075,2.092940892400585,2.0919376181112903,2.0921889619506286,2.0923927370223527,2.0972623043412466,7.0751953125,2.4947281548697857,-13.092250140712679,2.0922467746779603,2.1233910388828714,2.2675752636914215,2.399811917257031
6.99,0.007428610534148394,1.782442326357442,7.066008116743357,2.093059723591895,2.092392032362662,2.093521015708629,2.0966816181394514,2.096938534593597,7.0751953125,2.005419116985892,-12.576929621499081,2.0943223811543286,2.1344436737263446,2.209216527996014,1.9572039157003238
7.0,0.00935269147567309,1.999999999999989,7.053166768490047,2.093076316226129,2.0924977967530958,2.093772474298407,2.0971638132143373,2.096568675698676,7.05322265625,1.3251144311770382,-11.914037886271116,2.094628267617561,2.118775981966164,2.0423722953045993,1.425169546737181
7.01,0.011276772417197824,2.1961100503411477,7.041465137866045,2.093192717834843,2.0929287785562014,2.0949660748377403,2.1006066103300136,2.0961552537876145,7.0751953125,2.22683037942979,-11.08822868977237,2.0963671358864633,2.1260872222236253,2.0979738239903023,2.2721423953997277
7.0200000000000005,0.012465919836166217,2.30899959350651,7.035628112931347,2.093106879057246,2.0926823820460796,2.094119502599907,2.0972369266420996,2.095693530701925,7.03125,1.4265278910987105,-10.076186984680124,2.0948715927549997,2.0914139931233273,1.8962178058065882,1.3735440705947901
7.03,0.012465919836166179,2.3089995935065066,7.037866798706837,2.093022805203486,2.0924470842253586,2.093337993907632,2.0943219685093797,2.095176702322686,7.03125,2.017613304738557,-8.835768779941269,2.093538695386289,2.073851233688701,1.9215200440440663,2.0937787105308647
7.04,0.011276772417198017,2.196110050341167,7.0470268974842885,2.0930405106630787,2.09255198824512,2.0935863794725877,2.094931279056321,2.094612070587098,7.05322265625,2.618504573621595,-7.279567126225661,2.093858366351611,2.084492177459231,2.0920022821786723,2.5913469748890456
7.05,0.009352691475673329,2.0000000000000147,7.059868367473492,2.0930579761736254,2.092652746899702,2.0938113281108013,2.095419156248447,2.09401766838912,7.05322265625,2.3250312227562975,-5.172785106636365,2.0941324980343703,2.0904164957278266,2.1362444947550383,2.2701993837660286
7.0600000000000005,0.007428610534148439,1.7824423263574476,7.071569788614593,2.09307520123643,2.092749435200923,2.094014021438034,2.0957985519651294,2.093417144309071,7.05322265625,2.0118400380121364,0.34919861133839464,2.0943642958583375,2.093520053122865,2.138514428673399,2.0653139350404137
7.07,0.006239463115180176,1.6335607969055745,7.077406561901331,2.093292235097885,2.0935006049228564,2.0961284037612766,2.1022579856212222,2.0928413998056454,7.09716796875,2.6028734277892625,5.206206423176565,2.0975422468715417,2.1302200645874128,2.3029438452350424,2.6211619957643624
7.08,0.006239463115180195,1.633560796905577,7.075167935460426,2.093405058749785,2.093889059890916,2.0970886249789533,2.104514028080816,2.092315127157587,7.0751953125,1.7105775474783307,7.323356404849838,2.0987982149206994,2.127672491506697,2.1695290876317026,1.6524559655912894
7.09,0.007428610534148337,1.7824423263574354,7.066008116739604,2.0934156962586297,2.0939304927092683,2.0969884510869536,2.1031924477344797,2.0918458859928193,7.05322265625,1.1894689768583557,8.897065727453356,2.0983603242876367,2.1057371102834854,2.005226793559973,1.345441911993003
7.1000000000000005,0.009352691475673204,2.0000000000000013,7.053166768492135,2.0934261532479437,2.0939692151498495,2.0968820345498864,2.101940664595099,2.091435546410537,7.05322265625,1.9482842998374572,10.157470614460747,2.0979341356297785,2.093525051518855,1.989654358351345,1.9917828735102707
7.11,0.011276772417197916,2.1961100503411566,7.041465137873932,2.0935364414095434,2.0943343969699844,2.097736180555299,2.1038588011893804,2.0910872199963535,7.0751953125,2.5893055160470175,11.190617604667777,2.0990165085965584,2.105089402902854,2.1105218701934247,2.506045675929716
7.12,0.012465919836166196,2.308999593506508,7.03562811294482,2.0935445725186255,2.09435325369598,2.097536952980645,2.102250693929343,2.090797738963334,7.05322265625,1.975535120901035,12.039140675469717,2.098433762531054,2.092107317166497,2.0306757481050295,1.8751890185353157
7.13,0.0124659198361662,2.3089995935065084,7.037866798725044,2.0934525362507075,2.094040947581274,2.0963721406508675,2.0976730253526843,2.090555264247401,7.03125,1.5584405753422221,12.727080368261346,2.096395958321898,2.0678102289257345,1.939091023103502,1.6677427311051807
7.140000000000001,0.011276772417197923,2.1961100503411575,7.04702689750676,2.0934623216278827,2.0940704401509618,2.0962585430335303,2.096847039131526,2.0903530212083874,7.05322265625,2.3998996125629333,13.268094900247984,2.0960853810000017,2.0758680898125066,2.0793670379146265,2.4393590300079957
7.15,0.009352691475673214,2.000000000000002,7.059868367500103,2.093471932476871,2.0940976859423936,2.096143464936713,2.096107340637389,2.090191142265905,7.05322265625,2.3284834231514155,13.670093681149272,2.095803082926244,2.0814632386509766,2.1209663324317893,2.2606008054330373
7.16,0.007428610534148495,1.7824423263574543,7.071569788645228,2.0933813568143345,2.093793657263613,2.0950607187273036,2.092352043955958,2.090069977108069,7.03125,1.7399694607662315,13.939365087273005,2.094054373074505,2.0674248605591155,2.0344944287384314,1.7578191086221475
7.17,0.006239463115180198,1.6335607969055774,7.077406561935757,2.093492602947381,2.0941605060743713,2.0959954023331653,2.095390105277057,2.089997619910746,7.0751953125,2.620398067121868,14.08125751897966,2.095514399968092,2.0984992259109863,2.2274314021295187,2.6580411730400333
7.18,0.006239463115180173,1.633560796905574,7.075167935497989,2.0936016853734425,2.0945102445179655,2.096842657329539,2.0979338883974235,2.0899848024190617,7.0751953125,2.2321077049067077,14.097667718212067,2.0967884625286475,2.113488632847991,2.219577862464878,2.1719508048694802
7.19,0.007428610534148431,1.7824423263574465,7.066008116779909,2.093608623232609,2.0945142980972715,2.096640927201892,2.0969490255074654,2.0900286461633977,7.05322265625,1.4323678605549117,13.98774149858473,2.0963946564908085,2.1016639940886566,2.0762196544489764,1.5112055146011254
7.2,0.009352691475673133,1.9999999999999936,7.0531667685350135,2.0936154130323876,2.0945168677402566,2.0964445617068144,2.0960782244199216,2.0901163052327374,7.05322265625,1.8328292114309643,13.750783526360763,2.096033105878557,2.0951127244084953,2.0438576618234148,1.9255042805962315
7.21,0.011276772417197859,2.1961100503411513,7.041465137919222,2.093522050168775,2.0941889767082773,2.0952874757951965,2.0922292404818057,2.090230351684355,7.03125,1.7941890603422168,13.385444322122868,2.0942106550712163,2.073901809389626,1.9526582672979156,1.7659526127565408
7.22,0.012465919836166173,2.308999593506506,7.03562811299229,2.093430506035662,2.0938744345985394,2.0942197835866088,2.0889894869290213,2.09035495691619,7.03125,2.2039542023742227,12.886661319618877,2.092615197711518,2.065007647198931,1.987086833571403,2.165162238638665
7.23,0.012465919836166163,2.3089995935065053,7.037866798774229,2.093440777656876,2.0939021447593937,2.0942054320315937,2.089403081023269,2.090484455022966,7.05322265625,2.6106439647234145,12.24507672728345,2.0927289447410273,2.0810681622165177,2.133691988695597,2.5448256382143515
7.24,0.011276772417197982,2.1961100503411632,7.047026897557349,2.0933508536557013,2.093598845072499,2.093223012016852,2.086718258439098,2.090618276093995,7.03125,1.9014180846326785,11.44761174436891,2.0913500883112306,2.072293101010443,2.0648485764504674,1.8594066534544906
7.25,0.009352691475673285,2.0000000000000098,7.059868367551906,2.0932627135122797,2.093308442131217,2.0923233605938374,2.0845359366596616,2.090761445689416,7.03125,1.920556242036567,10.474785698977728,2.0901662285158356,2.0697873477694295,2.069453263168765,2.0133383092034434
7.26,0.007428610534148553,1.7824423263574611,7.071569788698062,2.0933763795440727,2.0936891090245457,2.0934380190648514,2.089019024187747,2.0909341018413055,7.0751953125,2.708868405567933,9.292246233727045,2.0921551345657186,2.1062705404339237,2.263382300732094,2.6846731976645213
7.2700000000000005,0.006239463115180161,1.6335607969055725,7.077406561989412,2.09348785476015,2.094052646386088,2.0944603813741103,2.0928770564839145,2.09116007658061,7.0751953125,2.2127668403143996,7.8316034806443025,2.093913542680458,2.1231848169602947,2.2394056410221626,2.1037872187512767
7.28,0.00623946311518021,1.6335607969055788,7.075167935552179,2.093597160367583,2.0943994640089576,2.0953945846235196,2.096154544958846,2.0914511422307025,7.0751953125,1.792097309292893,5.928189685340326,2.0954513247707847,2.129051066707263,2.1694893028800166,1.8349310058312545
7.29,0.0074286105341483735,1.7824423263574396,7.066008116834408,2.0936043156236255,2.094400941880399,2.0952789633019884,2.095804214962409,2.091803281072939,7.05322265625,1.3167086959394203,2.8775689258522816,2.0952887186712745,2.111331329891829,2.013524784642154,1.4551047176013592
7.3,0.009352691475673063,1.9999999999999862,7.05316676858963,2.0936113171171593,2.094401291477203,2.0951672948042073,2.0954839877421705,2.092199679586803,7.05322265625,1.9318075315762901,-4.325671931667697,2.0951298619603573,2.1008232234215645,1.9912648666937949,1.9870782822802584
7.3100000000000005,0.011276772417197952,2.1961100503411606,7.0414651379737725,2.0936181667048817,2.0944005788148665,2.0950597223647502,2.095192908008309,2.092615367444623,7.05322265625,2.2425398164402863,-6.728706241592784,2.0949775227696685,2.0948820999070485,2.011795474618233,2.183407649358692
7.32,0.012465919836166212,2.3089995935065093,7.0356281130465925,2.0935248602402283,2.0940697811625877,2.09399005717554,2.0918333261644992,2.0930148748169346,7.03125,1.8918696446167063,-8.418154012867982,2.093339682473959,2.0738983121270422,1.9424121292781902,1.8501998536711024
7.33,0.012465919836166186,2.308999593506507,7.037866798828149,2.0933333537127363,2.0934235277962103,2.0920406016704427,2.0859071865851355,2.093356964753808,7.00927734375,1.6910470268594786,-9.745045486019903,2.090410967930255,2.0469335081231796,1.8873814771568298,1.8034723235072796
7.34,0.011276772417198037,2.1961100503411686,7.0470268976107375,2.0931455987486096,2.0928053142503527,2.0902573713565666,2.080978114740846,2.093609265893311,7.00927734375,2.175233329837788,-10.822052854062143,2.087870233470714,2.0374914060711626,1.9706486319100822,2.235471585542672
7.3500000000000005,0.009352691475673169,1.9999999999999976,7.059868367604586,2.093061590952315,2.0925439158878785,2.089601945924278,2.080078794141145,2.093759612877126,7.03125,2.62246360073881,-11.701653830595777,2.087192108757861,2.056117402828623,2.1512704646015455,2.590001643274098
7.36,0.007428610534148459,1.78244232635745,7.071569788749858,2.0929793042244396,2.0922947298604013,2.089015418951675,2.079493846535781,2.093813855512999,7.03125,2.2732166959058757,-12.412715410921734,2.086654197462767,2.068979244840274,2.1902155337040603,2.2253947875531206
7.37,0.006239463115180185,1.6335607969055757,7.0774065620401805,2.0929987553569185,2.0923868639349377,2.089463160154314,2.0823136253589856,2.093791912218662,7.05322265625,2.3031134755825406,-12.971550754083083,2.0877387054107968,2.0956740019457447,2.268039662328584,2.3406650746576396
7.38,0.006239463115180186,1.6335607969055759,7.075167935601911,2.0931179543633958,2.0928052400884605,2.0908573380012094,2.0879734117375413,2.093723445031927,7.0751953125,2.2923758869709,-13.387452310688364,2.0902305255746136,2.1265122247715715,2.3131510994892097,2.3134299429253775
7.390000000000001,0.007428610534148466,1.782442326357451,7.066008116883026,2.093134872433893,2.0928764702005265,2.0911768821323817,2.0896973760522295,2.0936343774932467,7.05322265625,1.4300237374113123,-13.667226126578942,2.090935995434748,2.121602897580233,2.146581342285802,1.4804304835837525
7.4,0.00935269147567318,1.9999999999999987,7.053166768636983,2.093251552716565,2.093274288667547,2.092446473456813,2.0943123475917336,2.093545528662251,7.0751953125,2.1118005566517764,-13.81652543836572,2.0930585854483668,2.1343010641372495,2.1621981551387957,2.170170459136179
7.41,0.011276772417197895,2.196110050341155,7.041465138019705,2.093365998282202,2.0936546748428753,2.0936138942572105,2.0981811922912197,2.0934720074378967,7.0751953125,2.114187135902688,-13.83802226825775,2.09490881880084,2.1370848227635704,2.1172853748889864,2.053186341898293
7.42,0.012465919836166189,2.3089995935065075,7.035628113090997,2.0932781992382323,2.093359671065712,2.0927487855239306,2.0951834828754086,2.093413275775506,7.03125,1.0618759472048114,-13.73107800432825,2.0935180663547968,2.0994033577828515,1.8810801415306324,1.1416769757835572
7.43,0.012465919836166206,2.3089995935065093,7.037866798871109,2.0931921452835027,2.0930774997182677,2.0919577079759653,2.0926226941257386,2.0933641347939633,7.03125,1.9406248272222557,-13.494419471723623,2.0922854048985924,2.0795936357931772,1.8981373311340706,2.0634008635431824
7.44,0.011276772417197944,2.1961100503411597,7.0470268976522314,2.093207844329972,2.0931371663316694,2.0922054615505,2.093555465616741,2.0933301282352326,7.05322265625,2.6447745465158636,-13.12643174268257,2.0927012227613018,2.0885467515381655,2.072627006023791,2.6075971717543522
7.45,0.00935269147567324,2.000000000000005,7.059868367644488,2.093123262079446,2.092865116352368,2.0914689902237975,2.0912473352341987,2.0933228951103477,7.03125,2.0473124958967177,-12.622007640897815,2.0915709563651177,2.075407602336813,2.029485104307602,1.9689597485230808
7.46,0.007428610534148517,1.782442326357457,7.071569788788041,2.0931404188192357,2.0929346952205545,2.0917685153235985,2.092403050702406,2.0933611953547993,7.05322265625,2.353792437769382,-11.970922332111988,2.092085081897879,2.0881528132312996,2.1470591104247037,2.3887147670125275
7.47,0.006239463115180205,1.6335607969055783,7.077406562076575,2.0933573448129597,2.093660055171007,2.093983589491755,2.09954229612134,2.0934735095522123,7.09716796875,2.7735954238588993,-11.158268422501104,2.0955301733603346,2.130070797924244,2.331270300916468,2.705378156344746
7.48,0.006239463115180223,1.6335607969055805,7.075167935636664,2.0934700327878955,2.094023997068978,2.0950443228802014,2.1024160627442035,2.093676857723854,7.0751953125,1.6838198116426004,-10.161608247459894,2.097031742751023,2.1300587142600054,2.1939808724746523,1.6027842090947861
7.49,0.00742861053414841,1.782442326357444,7.06600811691616,2.093480507984285,2.094042163611526,2.095044331051941,2.1016561921987083,2.0939643737901528,7.05322265625,0.9873348836125602,-8.940922817331746,2.096818322649973,2.109172001259759,2.0187651711642802,1.2341500316543283
7.5,0.009352691475673108,1.9999999999999911,7.0531667686684045,2.0933907611090175,2.0937296849876237,2.0940716993615305,2.097819298201288,2.0943149704304105,7.03125,1.3917845436047724,-7.414177491460634,2.0951044888942483,2.0793130899187107,1.8928668052136477,1.5427636668228228
7.51,0.011276772417197838,2.1961100503411495,7.0414651380493165,2.093402787448808,2.093759632331903,2.094143708788925,2.097588134006842,2.094705817905108,7.05322265625,2.5444436124155874,-5.367146299871372,2.095078223759592,2.0832924372698507,2.0335214196047176,2.5008836173827738
7.5200000000000005,0.012465919836166224,2.3089995935065106,7.035628113118758,2.0933145723921522,2.0934586661380084,2.093240047543244,2.094242243555188,2.09511254779757,7.03125,2.1580033454128422,-1.3991476382802006,2.093549066796407,2.068134083119001,1.9896589802195397,2.027774124776213
7.53,0.012465919836166172,2.3089995935065057,7.037866798897201,2.0932280980558264,2.0931707107264432,2.0924114378453162,2.0913900959888494,2.095508181511768,7.03125,2.139446841597356,5.0034613323374,2.0922085906129464,2.062662769711729,2.026829790806862,2.1681832145341713
7.54,0.011276772417198003,2.1961100503411655,7.04702689767671,2.093043317444147,2.0925661560528948,2.090686642166891,2.0858907934024518,2.095870859736412,7.00927734375,1.7525938246170298,7.184257395969607,2.089549815447547,2.044448106836704,1.9744744191870371,1.845315346808865
7.55,0.00935269147567331,2.0000000000000124,7.059868367667287,2.0930622679643043,2.0926474262121744,2.0910502162937483,2.0875365223747004,2.096193183034303,7.05322265625,2.710675170101812,8.788347282562512,2.090247503795115,2.075848269075832,2.2073207758598,2.7253158768396064
7.5600000000000005,0.007428610534148422,1.7824423263574456,7.071569788809092,2.092980888353926,2.0923964470793477,2.0904235880725115,2.085896582199034,2.0964793625221616,7.03125,1.9716947729952867,10.068922921235783,2.0893924290257675,2.0751402017066334,2.136091673034531,1.8786351115853257
7.57,0.00623946311518017,1.6335607969055737,7.077406562095867,2.0930012128051776,2.0924867123763997,2.090827521788313,2.08770995458781,2.0967395436555836,7.05322265625,2.2253256998159547,11.11768084255706,2.0901730807442025,2.09431624617006,2.2047185272472176,2.259839033828265
7.58,0.006239463115180201,1.6335607969055779,7.075167935654388,2.093121251920552,2.0929031510490197,2.092174576480487,2.092417418183548,2.0969922173953526,7.0751953125,2.40948846760948,11.97941847624089,2.0923780174862743,2.1214193066712337,2.268200400254736,2.34887969744884
7.59,0.007428610534148353,1.7824423263574372,7.066008116932394,2.0931389774439384,2.0929724076564047,2.092445674580972,2.0933070342562647,2.0972506917926133,7.05322265625,1.6223347476380279,12.679151747029097,2.092818668818325,2.1149209877761415,2.122066653037979,1.5674696912674986
7.6000000000000005,0.009352691475673223,2.000000000000003,7.053166768683109,2.09315640943129,2.0930389393235282,2.092697036764219,2.0940573994450555,2.0975211926440362,7.05322265625,1.8069412778998393,13.231134844907672,2.093202144106743,2.109802812616563,2.066476564045777,1.869669321063999
7.61,0.011276772417197932,2.1961100503411584,7.041465138062452,2.093273572478012,2.0934320412011393,2.0938965085295975,2.0977722351355177,2.0978093843919012,7.0751953125,2.4069371724443305,13.643614184580088,2.0950263999866054,2.123409197177376,2.1443082153059803,2.3774379999916477
7.62,0.012465919836166144,2.3089995935065035,7.035628113130332,2.0932884536308434,2.093478536793241,2.0940267176367264,2.097763950075946,2.0981127743579697,7.05322265625,1.8450493875050011,13.922891994491088,2.095111592912963,2.1099972154384794,2.0373598082032225,1.7671004630861586
7.63,0.012465919836166192,2.308999593506508,7.037866798907403,2.0932030442840226,2.093193570056441,2.0931760639541968,2.094605304791249,2.098418066019382,7.03125,1.5554204396546985,14.074384554469821,2.0936714637599185,2.0840063898254697,1.9291507144955964,1.6251078367184977
7.640000000000001,0.011276772417197909,2.196110050341156,7.047026897685622,2.093119332447751,2.092921119657218,2.092395676590475,2.0919075285951045,2.098714435878172,7.03125,2.1079930292473477,14.100372233139328,2.0924010222374076,2.0716836440624684,1.9675958363604127,2.136248605489185
7.65,0.009352691475673195,2.0000000000000004,7.059868367674893,2.093237354971535,2.0933194844877616,2.0936175252566165,2.0958276059430525,2.0990028490134054,7.0751953125,2.8764404458127517,14.000194693487169,2.0942825390472652,2.1030547131405433,2.21248454108489,2.8139115148862657
7.66,0.00742861053414848,1.7824423263574525,7.071569788815374,2.0931530573288204,2.0930418423867474,2.092801926613339,2.092923867685595,2.0992843986383396,7.03125,1.5427269257425693,13.772958758146235,2.0929352145647835,2.082242851858449,2.0431354745182024,1.4466287495714498
7.67,0.006239463115180249,1.633560796905584,7.077406562100846,2.0931704711229093,2.0931058361718233,2.0930225129761104,2.0935608912131913,2.0995593645483472,7.05322265625,2.0965217281686734,13.417601417017652,2.093249408283344,2.0906099072027446,2.1252279997731454,2.2237116896101696
7.68,0.006239463115180179,1.633560796905575,7.07516793565824,2.0932876083945695,2.093496422935423,2.0941922723237414,2.097185771615336,2.0998362858548654,7.0751953125,2.4610701101238748,12.929388719505031,2.095018869473289,2.1126866108259743,2.2226125525302303,2.4371610642949633
7.69,0.0074286105341484455,1.7824423263574485,7.0660081169352,2.0934024747365783,2.0938696276782327,2.095260808285775,2.1001992361261013,2.1001186836712784,7.0751953125,2.134638605747716,12.299187152954692,2.09655403720603,2.121963020837646,2.194518938495089,2.0669990748057647
7.7,0.009352691475673153,1.9999999999999958,7.053166768684874,2.0935150924319816,2.09422585653498,2.096232836898759,2.1026589751736138,2.1003957566472384,7.0751953125,1.9166070177548413,11.51429934522563,2.097870270451564,2.1241255105684966,2.1440108446528168,1.9367258741597615
7.71,0.011276772417197874,2.1961100503411526,7.041465138063175,2.0934254666474787,2.093907330891313,2.095181304709844,2.098446776866228,2.1006389563076002,7.03125,0.8709218499327369,10.555852225510753,2.096001381800257,2.0871758255841764,1.911128571408127,1.0546580610495602
7.72,0.012465919836166125,2.3089995935065013,7.035628113130044,2.0933375743020943,2.093602095250925,2.0942094295476283,2.0948034987773605,2.100812834446392,7.03125,1.9385993742276606,9.391068094759163,2.0943393288045944,2.0689913458499394,1.9258949034233883,2.0529868063598227
7.73,0.012465919836166158,2.3089995935065044,7.037866798906252,2.0932513985866934,2.0933098776951873,2.0933142568342658,2.0916937331007732,2.1008900187187063,7.03125,2.384066662013394,7.955408368534605,2.092876914926011,2.0619603874875585,1.9992762923990612,2.330283312322685
7.74,0.011276772417197965,2.1961100503411615,7.047026897683685,2.0931669224402176,2.093030401639535,2.0924927721501354,2.0890793354705,2.1008541062927395,7.03125,2.372537133243988,6.096649848285631,2.0916039410808693,2.0611934280035142,2.0647347858186653,2.3069238785499135
7.75,0.009352691475673266,2.000000000000008,7.0598683676721885,2.0931841559571995,2.0930926872871827,2.092709695687319,2.090027997597945,2.1007034524706723,7.05322265625,2.5311509237990286,3.2153679795369907,2.0920041609705935,2.0816274914705115,2.195710336611037,2.509349063517468
7.76,0.0074286105341485375,1.7824423263574594,7.071569788811915,2.0932010895772053,2.093152449965647,2.0929106365321535,2.090874365564067,2.1004481387235248,7.05322265625,2.1264782080863065,-4.082045910904212,2.0923718158779603,2.0928303383893483,2.1973456250201227,2.1343303185918048
7.7700000000000005,0.006239463115180213,1.6335607969055794,7.077406562096668,2.0933177463465857,2.093538971057689,2.09406335940462,2.0947226561949943,2.1001053115424204,7.0751953125,2.242291011499671,-6.57865487051198,2.0941996921081802,2.116156466467259,2.253880133467246,2.2972396598482945
7.78,0.006239463115180215,1.6335607969055796,7.075167935653461,2.093532144404599,2.094237400990646,2.0960833463319024,2.101046472607428,2.0996939734136784,7.09716796875,2.301783644822293,-8.30417784976139,2.0972874005831765,2.1432323096458084,2.290148425931169,2.3044302100267977
7.79,0.007428610534148389,1.7824423263574416,7.066008116929888,2.0935423066807655,2.094246059559281,2.0959929858587647,2.1001227477552358,2.0992201554309835,7.05322265625,0.8556439853322936,-9.653461539270122,2.096975812398502,2.117452389769867,2.0276215688428536,0.9140171199368619
7.8,0.009352691475673082,1.9999999999999882,7.053166768679052,2.093552237903384,2.0942534336197336,2.0959005301417712,2.099255136551212,2.0986807033426493,7.05322265625,1.7446221733310514,-10.747201191909934,2.096670586267953,2.1022308623622514,1.971606152058481,1.8493960391061561
7.8100000000000005,0.01127677241719797,2.196110050341162,7.041465138056864,2.0936619457262937,2.0945886527387163,2.0967725627729332,2.1015355346828923,2.0980775464785717,7.0751953125,2.5645014704150895,-11.640599453906207,2.0978685153114243,2.111414026228337,2.083749905073201,2.4944852739306334
7.82,0.012465919836166158,2.3089995935065044,7.035628113123282,2.093769455974535,2.0949079432711826,2.0975598818961223,2.103362242485481,2.097412015211829,7.0751953125,2.3580132449048046,-12.363789196583657,2.09888458760695,2.114375289053518,2.098574884111779,2.2454477263484023
7.83,0.01246591983616618,2.3089995935065066,7.037866798899126,2.093674798581698,2.094553719002623,2.096335645191782,2.0986037268283373,2.096676920248533,7.03125,1.1717869335178,-12.933921372238897,2.0967519183541126,2.0785182438607217,1.8989429707793917,1.244986163028721
7.84,0.011276772417198024,2.1961100503411672,7.047026897676251,2.093581925881502,2.0942137981642985,2.095201955629426,2.0945028463289628,2.095869569284819,7.03125,1.930558756877198,-13.360583531620339,2.0948585106809476,2.0616874647424823,1.9333180418330007,2.0576564549350316
7.8500000000000005,0.00935269147567315,1.9999999999999956,7.059868367664475,2.0936908328852235,2.094546120622951,2.096089203048854,2.09722021567437,2.0950097421032936,7.0751953125,2.894499117655538,-13.650537051639096,2.0961820319256845,2.0919368202568536,2.1982138040076684,2.8449281952749326
7.86,0.007428610534148444,1.782442326357448,7.0715697888039495,2.093797556083628,2.0948627565187024,2.096893470805612,2.099472296457918,2.094131168209094,7.0751953125,2.378890570014403,-13.809689560855748,2.0973304369967263,2.1070789438437245,2.2258724774592342,2.2670897241804977
7.87,0.006239463115180237,1.6335607969055823,7.077406562088485,2.0939021188929745,2.0951641070626428,2.0976189648756915,2.101303930793522,2.0932689499504824,7.0751953125,1.8456208444485522,-13.840984157495189,2.09831410957046,2.113521769929931,2.192182647078423,1.9239304421813133
7.88,0.006239463115180192,1.6335607969055768,7.075167935645117,2.0941045283461563,2.0957794656140716,2.099235015453536,2.105840638082325,2.092459822118484,7.09716796875,2.15414731348612,-13.743854420860256,2.100634689241705,2.1326441740311592,2.2381670043871926,2.232814379553227
7.890000000000001,0.007428610534148482,1.7824423263574527,7.066008116921425,2.0943028440964433,2.0963655049524084,2.1006962325692253,2.1095227139249144,2.091734506384606,7.09716796875,2.0059853634036533,-13.517082396719372,2.10261722172744,2.138868661084085,2.1877237188481984,1.9792259561072814
7.9,0.009352691475673199,2.0000000000000004,7.0531667686705,2.0943971464985927,2.096594272155402,2.1010466498316474,2.1093617360982417,2.0911071246983512,7.0751953125,1.5193801237182663,-13.15924876024793,2.1028006116198323,2.1206067200272454,2.034973674319722,1.5344557113044157
7.91,0.01127677241719791,2.1961100503411566,7.041465138048254,2.094489425361472,2.0968100649130097,2.1013422829785924,2.109029199924438,2.0905784967633347,7.0751953125,1.9609822067876,-12.665521788192686,2.1028958498579335,2.109052659389512,2.0088851628115942,2.0032533635684033
7.92,0.012465919836166137,2.3089995935065026,7.035628113114645,2.094479745022378,2.0966845694052663,2.1006220754256564,2.105460429901389,2.0901412671320787,7.05322265625,1.864569363183887,-12.026141701368175,2.1014291057270826,2.084148947152239,1.926758396426838,1.8344635613725748
7.930000000000001,0.012465919836166144,2.3089995935065035,7.037866798890492,2.0945700226712805,2.0968903656115683,2.1009032318205074,2.1053994928421984,2.0897856056798036,7.0751953125,2.5123024561969722,-11.2265750752838,2.101585254884684,2.0903707577982913,2.0676774185966478,2.4902146277563655
7.94,0.01127677241719793,2.1961100503411584,7.0470268976676484,2.0944584132887774,2.0964265419740054,2.0992052198102416,2.0989975022535585,2.089498937147091,7.03125,1.5879599954353092,-10.245227943159922,2.0986997823831968,2.0579850457441657,1.9176171861072395,1.5346616877282413
7.95,0.009352691475673221,2.000000000000003,7.059868367655932,2.094448758406395,2.096309178089332,2.098596173923139,2.0966460807322034,2.0892718758086866,7.05322265625,2.3563858290832544,-9.043879676031372,2.0976408478445427,2.063042070825651,2.0629366532993814,2.4184439497284806
7.96,0.007428610534148501,1.782442326357455,7.071569788795497,2.094439115475748,2.0961945106544997,2.0980224605884628,2.094645646225246,2.0891077803043627,7.05322265625,2.3320094819534276,-7.545384394051752,2.096706351114648,2.068457222817518,2.119928138503782,2.293734688039996
7.97,0.0062394631151802575,1.6335607969055852,7.077406562080148,2.094529452498252,2.0964114335540187,2.098450476919206,2.0960655158532346,2.0890173266542456,7.0751953125,2.474788224944355,-5.5536768206188,2.097380574818867,2.0914821075319283,2.2255891828040295,2.458428933763457
7.98,0.006239463115180228,1.6335607969055812,7.075167935636904,2.094617840529228,2.0966163957751767,2.0988286564425525,2.097252836344561,2.0890124195190136,7.0751953125,2.0836139983127286,-2.006952279350601,2.0979666803256443,2.103326918059736,2.2074399578657506,2.0876006703926944
7.99,0.0074286105341484256,1.7824423263574458,7.066008116913353,2.094704304098396,2.09680976520872,2.0991600713759997,2.098231254412797,2.0890977304928677,7.0751953125,1.882612724482711,4.793065391291054,2.098468334567694,2.1086271898350115,2.1630071643346613,1.9496486604987218
8.0,0.009352691475673127,1.9999999999999931,7.053166768662594,2.094788867838615,2.096991907216204,2.0994477229419424,2.099023025244176,2.0892682151062836,7.0751953125,1.9393212298487208,7.043072872185458,2.0988904838781197,2.11021708414934,2.1236590784620297,1.9786699747906424
8.01,0.011276772417197854,2.196110050341151,7.041465138040541,2.094771609263715,2.0968344336716256,2.0987291027872517,2.096579955711738,2.089505991088931,7.05322265625,1.6289366478089495,8.678551850052072,2.097748108681169,2.0920995060540393,2.0041648462077495,1.6561079516383532
8.02,0.012465919836166116,2.308999593506501,7.035628113107144,2.0946545165678274,2.096352335526216,2.097090268186581,2.0914241183159548,2.08978412287157,7.03125,1.6533505037683782,9.97966923629057,2.095241296894997,2.0654048253966573,1.910927505205575,1.7080770817326405
8.03,0.012465919836166224,2.3089995935065106,7.037866798883196,2.0945395072024793,2.0958890734651447,2.0955791666738044,2.0871037054882295,2.090079770771798,7.03125,2.2272862362271315,11.044158288482338,2.0930509731342823,2.0546339112145713,1.967491573241509,2.220239134669449
8.040000000000001,0.011276772417197836,2.196110050341149,7.047026897660564,2.094426566042187,2.0954443245172376,2.094190950522529,2.0835457478259802,2.0903832979973993,7.03125,2.380040090476141,11.91903922725675,2.0911580884488443,2.0529066527477164,2.042635440892752,2.316746638741715
8.05,0.009352691475673105,1.9999999999999907,7.0598683676490825,2.0943156774709464,2.09501775432923,2.0929206067051926,2.0806794428023228,2.0907015442698436,7.03125,2.274194240699418,12.630489097123537,2.0895412806233358,2.0559410241855858,2.0973292928687712,2.24831382853267
8.06,0.007428610534148407,1.7824423263574438,7.071569788788902,2.0944067693298143,2.0952671458301197,2.09369725679454,2.084657309655894,2.0910617010640755,7.0751953125,2.7497392891354004,13.193438113035961,2.091172114841385,2.096946274955135,2.300287967880404,2.736161715322298
8.07,0.006239463115180222,1.6335607969055805,7.077406562073822,2.094695865994032,2.096162426762025,2.0963449986713565,2.094378279942605,2.091501079274499,7.119140625000001,2.740781080337152,13.616392555367018,2.095626801488492,2.152084641583388,2.437430985356231,2.6823645112492955
8.08,0.006239463115180207,1.6335607969055785,7.075167935630829,2.094679265231965,2.096029900721493,2.095870877984495,2.0932975292943117,2.092038257676424,7.05322265625,-1.1114026286161984,13.905611919956295,2.0950449016319794,2.12235753923275,2.064948001604363,-1.0024691221797881
8.09,0.007428610534148368,1.782442326357439,7.0660081169075255,2.09476276099471,2.0962303529424013,2.0963981569469508,2.0955144010706803,2.0926738554149145,7.0751953125,1.6966357073948806,14.066775791386693,2.0960222657790224,2.12248764371492,2.055459461215293,1.9361703826513688
8.1,0.009352691475673056,1.9999999999999856,7.053166768657032,2.094744486148228,2.096091336570306,2.0959119627331058,2.0942842265537935,2.0934020335265675,7.05322265625,1.8698060239272385,14.102369075220277,2.095374560994162,2.1024243450527025,1.9440321626336854,1.7788231231287093
8.11,0.011276772417197796,2.196110050341145,7.041465138035262,2.0948263314062716,2.0962855591295355,2.096427834583143,2.0963539054044156,2.094207808007016,7.0751953125,2.5462087230269765,14.011853040668864,2.0962930757251717,2.1092877234645986,2.0559977226925215,2.452606384218801
8.120000000000001,0.012465919836166206,2.3089995935065093,7.035628113102156,2.094806435727137,2.096140616024396,2.095931439475441,2.094995339986287,2.095064971316201,7.05322265625,2.0022104563503125,13.794342880603052,2.095593490544256,2.0936815514219838,1.9867814128617611,1.9080880573258234
8.13,0.01246591983616613,2.308999593506502,7.037866798878472,2.094586829275963,2.095342547652881,2.09354243760439,2.0876562668267313,2.0959322450536964,7.00927734375,1.0903996558668922,13.448793777515277,2.0919847808311562,2.0498899043310135,1.8064974824807263,1.2615664153571435
8.14,0.011276772417197893,2.1961100503411544,7.047026897656099,2.094571261481546,2.0952363019881926,2.0932874986345977,2.087732484026622,2.0967727650966856,7.05322265625,2.6958897997451694,12.970937295302592,2.091834130309695,2.067972872424768,2.087505551004316,2.743851776113009
8.15,0.009352691475673362,2.000000000000018,7.059868367644886,2.0943559272899397,2.094475921902459,2.0911271625435996,2.081684023034915,2.097556770826103,7.00927734375,1.838200157822652,12.3518330429015,2.088737690575724,2.043231243558779,1.9754756849385469,1.7119417153960883
8.16,0.007428610534148314,1.7824423263574325,7.0715697887849895,2.0943446200570364,2.09440685119639,2.0910929456225125,2.082946852158737,2.098262738589716,7.05322265625,2.656800412274689,11.579210249985799,2.0890686629740363,2.0717319492971247,2.204728817024041,2.683592889519428
8.17,0.006239463115180186,1.6335607969055759,7.0774065620701965,2.0942334676081,2.0940117856392693,2.0901083170992107,2.0810573814219246,2.0988810113318515,7.03125,1.9351404643078096,10.634837049081455,2.087910206202002,2.0701324506912586,2.1412344840681534,1.8938166522552173
8.18,0.006239463115180185,1.6335607969055757,7.0751679356274595,2.094224383542114,2.0939635813076816,2.0901902919742863,2.0827577191919047,2.099407999920415,7.05322265625,2.2415322199198746,9.487442666543984,2.0884468604325748,2.0895383225969906,2.2156140681135557,2.2877875158276573
8.19,0.007428610534148311,1.7824423263574323,7.066008116904404,2.094215409989735,2.093918005369121,2.0902825511415335,2.0843535456422897,2.0998485228991015,7.05322265625,2.095734580483077,8.075957861573777,2.088964510196157,2.0997126716008934,2.1945695953821938,2.0533031824423085
8.2,0.009352691475672985,1.9999999999999778,7.0531667686541635,2.094306521992457,2.0942040882061663,2.0913516516915167,2.0889580398351026,2.100209659108047,7.0751953125,2.3407253482157793,6.2593539474730315,2.090953860457234,2.1220071429691694,2.2422088702506473,2.3058043322362343
8.21,0.011276772417198041,2.196110050341169,7.041465138032655,2.0942958057243177,2.094148826757801,2.0913765859473625,2.0897958790173536,2.1004939232917508,7.05322265625,1.662053829390705,3.519274698429067,2.091220408917775,2.11317404966258,2.100185027594499,1.630308983454751
8.22,0.012465919836166186,2.308999593506507,7.035628113099811,2.094285222113207,2.0940963079151333,2.0914116283368887,2.0905604742026287,2.1006977969990763,7.05322265625,1.8724589562248657,-3.823879023012032,2.0914682487549685,2.1071150080561782,2.054915671542969,1.9344748154557228
8.23,0.01246591983616621,2.3089995935065093,7.037866798876357,2.0941747964116177,2.093717343735576,2.0904872248758175,2.0881436840743675,2.1008189571317626,7.03125,1.7399843993361181,-6.425526558607579,2.090201391434346,2.0851744538558363,1.9529016483359558,1.7379533041096715
8.24,0.0112767724171981,2.196110050341175,7.047026897654203,2.0941664466252865,2.09368480633697,2.0906229155546328,2.089283944903048,2.1008647480108498,7.05322265625,2.4710187260941523,-8.188948330292751,2.090609649453621,2.092741345079589,2.076061035432669,2.4459752001802584
8.25,0.009352691475673433,2.0000000000000258,7.059868367643214,2.0942581878976108,2.093983566863395,2.091730047365265,2.093399718097985,2.1008558950027134,7.0751953125,2.6165288935684354,-9.561118206289136,2.092483457689215,2.114258020270662,2.196425814563511,2.538398394935432
8.26,0.007428610534148371,1.7824423263574394,7.0715697887835445,2.0943480736673012,2.094269667168507,2.092754888612808,2.0968740388011664,2.1008145576060473,7.0751953125,2.1013878838240823,-10.671789835030337,2.0941286157844656,2.123149324954157,2.180936085048395,2.0904137643435496
8.27,0.006239463115180207,1.6335607969055785,7.077406562068977,2.09443612429846,2.0945433796515647,2.0937004122751883,2.0997648310070205,2.1007568850867893,7.0751953125,1.811341585573296,-11.579107602411682,2.095558444255787,2.1250333638288508,2.13915888816063,1.917059294384887
8.28,0.006239463115180164,1.633560796905573,7.075167935626436,2.094422396879942,2.094475998189927,2.093602545193599,2.099055666162806,2.1006917830014005,7.05322265625,1.4275290744499378,-12.314518264117968,2.095295512263424,2.1056379437025847,2.010586447916796,1.5528308299877105
8.290000000000001,0.007428610534148555,1.7824423263574614,7.0660081169035625,2.094608768757861,2.095069458449749,2.095449428599924,2.1045288180906736,2.100626926915779,7.09716796875,2.647953319433776,-12.895767144601601,2.098029634589878,2.130056155452505,2.191158227239257,2.624955443208926
8.3,0.009352691475673287,2.00000000000001,7.053166768653506,2.094691417972658,2.095307331775211,2.0961718453392737,2.10594955760879,2.100561859835048,7.0751953125,1.9945571307975625,-13.333002495678056,2.09889463048335,2.1215297286693793,2.092551813256021,1.8422779242591107
8.31,0.011276772417197984,2.1961100503411632,7.041465138032183,2.094672363625227,2.0952050709075234,2.0958617856857993,2.103922773197598,2.1004773940465116,7.05322265625,1.463763987290312,-13.633138649972963,2.0981162199425256,2.097141425210951,1.9680999994281367,1.5439888258728007
8.32,0.012465919836166165,2.3089995935065053,7.035628113099521,2.0946535473809025,2.0951065541910707,2.0955721381837664,2.1020709872358863,2.100346959199339,7.05322265625,1.9787925027364368,-13.802103671745293,2.097397376948394,2.0845394078498085,1.9861474418092497,2.062348720016309
8.33,0.012465919836166232,2.3089995935065115,7.037866798876224,2.0945350125221927,2.0946827764852967,2.094335915115343,2.0973021079347705,2.1001432562757305,7.03125,1.9058513911408095,-13.843165610210402,2.095248604784616,2.061043545743935,1.9365048602584027,1.8875560540215464
8.34,0.011276772417198159,2.1961100503411806,7.047026897654211,2.0944186779543403,2.094277261178899,2.093201899151577,2.093213953000208,2.099846002944523,7.03125,2.227770856043252,-13.755944496573639,2.0933579617909692,2.0521266921881476,1.999664767400909,2.2133324810293447
8.35,0.009352691475673504,2.0000000000000333,7.059868367643364,2.0943045249816277,2.0938896141216556,2.0921657361254624,2.0897616286025866,2.099452638712865,7.03125,2.3043240556172635,-13.539166596261389,2.0917126100402763,2.051444047014377,2.0684021086074678,2.2657116023524195
8.36,0.007428610534148428,1.7824423263574463,7.071569788783835,2.094392478089513,2.094177649305315,2.093157811000874,2.0931002798027105,2.098984024191279,7.0751953125,2.825288333001156,-13.191425323127124,2.093288141365333,2.0909680522884924,2.289027770678938,2.766691723945031
8.370000000000001,0.006239463115180115,1.6335607969055665,7.0774065620694016,2.094578603733713,2.0947823226934355,2.095037752247381,2.099020248818051,2.0984760714813433,7.09716796875,2.5233897411551864,-12.708300498098511,2.0961754569705118,2.1285052030573914,2.357508195397167,2.4323882553347285
8.38,0.0062394631151802575,1.6335607969055852,7.0751679356269745,2.094760982337452,2.0953600771134075,2.0967578177302673,2.1039503233706003,2.0979599338754036,7.09716796875,1.7621866425115023,-12.080393869214499,2.0986898300435315,2.144264060810027,2.271173283116859,1.8064313558944514
8.39,0.0074286105341484976,1.7824423263574547,7.066008116904204,2.094839711451909,2.095582734362189,2.0973606693232667,2.104914936155874,2.0974525920931204,7.0751953125,0.9845262532482897,-11.293657373612849,2.0993647431136866,2.130465545501183,2.071706772808554,1.2180773379723795
8.4,0.009352691475673216,2.0000000000000027,7.053166768654248,2.0949167534009274,2.0957945642829716,2.0979027063332794,2.1055947389895664,2.0969607026011166,7.0751953125,1.799489352954422,-10.327124722120406,2.0999131793310015,2.1203382823567685,2.004566315226717,1.8648454807391752
8.41,0.011276772417197928,2.196110050341158,7.041465138033021,2.0949921290673696,2.095995852133949,2.098387180559778,2.1060253921720404,2.096486285221105,7.0751953125,2.22563193190143,-9.144466719566276,2.100349073316373,2.1129165376906416,1.9983168173322037,2.138215126965993
8.42,0.012465919836166142,2.308999593506503,7.035628113100449,2.095065859448114,2.096186884012388,2.0988173016924745,2.1062401894105065,2.0960257270540636,7.0751953125,2.2804391354276294,-7.672953012738623,2.1006855952264956,2.10753380295694,2.0148659788397696,2.1878096830661957
8.43,0.012465919836166253,2.3089995935065133,7.037866798877226,2.094938093345323,2.0957103883486408,2.097266479803572,2.1000885819973503,2.0955685225307863,7.03125,1.2900512369329686,-5.732611395244716,2.0979548395039465,2.067998882186308,1.8373584579346407,1.3729638356709055
8.44,0.011276772417198214,2.196110050341186,7.047026897655278,2.094812650693398,2.0952535228803857,2.0958332995161126,2.094800936723206,2.0951109053233106,7.03125,1.9880746623324008,-2.4669569478257873,2.0955375438966706,2.0503164264314906,1.9032687428825765,2.141824504627751
8.45,0.009352691475673573,2.000000000000041,7.059868367644491,2.0948894091553854,2.095473754196169,2.0964461798458522,2.096533578895824,2.094674419197019,7.0751953125,2.898245638670149,4.573883778704265,2.0964068494253434,2.081493572260574,2.1931160318570058,2.8793712016062876
8.46,0.007428610534148184,1.782442326357417,7.071569788785018,2.095064463274679,2.0960123002401434,2.0979669442988147,2.101066392371332,2.0942977295524354,7.09716796875,2.6565717489985095,6.899266041751022,2.098658481403884,2.1158496528500135,2.3189216597023936,2.566777723702013
8.47,0.006239463115180137,1.6335607969055694,7.077406562070635,2.0952359186552054,2.0965258011109627,2.0993487511585784,2.104808671819611,2.094016887154574,7.09716796875,1.8466362219293049,8.567500242315226,2.1006081028685966,2.1311464752907163,2.2740284941711635,1.9068583473090188
8.48,0.006239463115180234,1.633560796905582,7.075167935628247,2.095403816393803,2.0970148876281445,2.1005985620212613,2.107841470519924,2.0938557601671848,7.09716796875,1.5469084455254452,9.889738627702473,2.102275129249601,2.135754177049317,2.193732946675092,1.728385529566533
8.49,0.007428610534148441,1.7824423263574478,7.066008116905508,2.0955681979238703,2.0974801934120846,2.1017232795022314,2.110241185110498,2.0938221992135886,7.09716796875,1.7929626189219798,10.970309617311914,2.1036809886805883,2.13458914406712,2.1235960557284,1.85100753227093
8.5,0.009352691475673146,1.9999999999999951,7.053166768655578,2.0956291992627665,2.097593816457616,2.1017660638371933,2.1090045630180456,2.0939035601710843,7.0751953125,1.6454415702937715,11.858563571898834,2.10336126200598,2.113025116732124,1.9834577291944777,1.5979448573706683
8.51,0.01127677241719787,2.196110050341152,7.041465138034373,2.0955888358594703,2.0973711162620945,2.1008164372587013,2.1046955828102365,2.0940694979258745,7.05322265625,1.737013194626963,12.581822625152661,2.1015333043022473,2.082774793691075,1.8804646070026987,1.7034899381956028
8.52,0.01246591983616612,2.308999593506501,7.035628113101816,2.095449088704366,2.0968269493327467,2.0989587860117,2.097827477948308,2.0942838222423728,7.03125,1.9294289409488938,13.15562964134183,2.0983989565342562,2.0504952161815786,1.8362516926139842,1.8948437609092923
8.53,0.012465919836166274,2.308999593506515,7.0378667988786034,2.09531183087612,2.096304509674908,2.0972398768807903,2.0919842684295045,2.0945185864394142,7.03125,2.3770242021300634,13.588849127723517,2.0956373633181213,2.038197501651207,1.944635855488885,2.338889715553342
8.540000000000001,0.011276772417197971,2.1961100503411624,7.04702689765666,2.095276971804834,2.0961322520106087,2.096622297197954,2.0902034328632118,2.0947641417325897,7.05322265625,2.711200370744563,13.887984317895684,2.0947235398999817,2.055535174979197,2.1468416351653907,2.6507962679891044
8.55,0.009352691475673273,2.0000000000000084,7.059868367645871,2.095342531934967,2.0962951414710385,2.0970178797002084,2.0918780124099996,2.095026326869524,7.0751953125,2.6023679114807328,14.058716183369377,2.0954396800041892,2.085989418400305,2.2847708786231826,2.54828309877071
8.56,0.007428610534148242,1.7824423263574238,7.071569788786391,2.0954066199431725,2.096449554637214,2.0973742586988653,2.0933457336840164,2.0953146852666413,7.0751953125,1.979374918880691,14.103850651693538,2.0960827230860066,2.1022803149728997,2.264215168683477,2.017963386240602
8.57,0.006239463115180159,1.633560796905572,7.077406562071997,2.0954692558162558,2.0965957376045545,2.097693577503119,2.094621025960527,2.095635066119076,7.0751953125,1.7201258002181967,14.022932672636937,2.096652509649243,2.1101278125769976,2.2051808522486374,1.8440049208918003
8.58,0.006239463115180213,1.6335607969055794,7.075167935629595,2.095530459555893,2.0967339352389076,2.097977946125133,2.095718349964357,2.0959884613914337,7.0751953125,1.8626328601767743,13.81508662868818,2.0971508219218853,2.113053655125402,2.148213842696268,1.9103654265863772
8.59,0.007428610534148384,1.782442326357441,7.066008116906839,2.0955902511727933,2.0968643909471205,2.0982294320734107,2.0966520117446605,2.0963695451361777,7.0751953125,2.046577688109666,13.47942270042917,2.0975808212655678,2.11322800022866,2.107443956880419,2.0029426825686234
8.6,0.009352691475673077,1.9999999999999878,7.0531667686568875,2.095648650679966,2.096987346444298,2.0984500536523867,2.0974359904456175,2.096764850372748,7.0751953125,2.1247847711667966,13.011890100060468,2.097946603541077,2.11197521311599,2.084892683983657,2.059939604772118
8.61,0.011276772417197812,2.196110050341147,7.041465138035655,2.095605770666361,2.096774338232843,2.0976767682287143,2.0950083025510438,2.097150499078315,7.05322265625,1.7171370389079759,12.4039426455976,2.096761369868118,2.0923732615612645,1.9812467190232683,1.7191766588365522
8.620000000000001,0.012465919836166213,2.3089995935065097,7.035628113103068,2.095563504425419,2.096568997193507,2.0969599534170524,2.0929655566594922,2.097497014140151,7.05322265625,2.0329139662582345,11.643493218262044,2.095717306000123,2.0829173130448777,1.999860790468727,2.097609822981848
8.63,0.012465919836166182,2.3089995935065066,7.0378667988798265,2.095521851912282,2.0963712178396743,2.096297643146125,2.091274516525146,2.0977762003617912,7.05322265625,2.214680491144785,10.713035772153376,2.0948071892998876,2.079365392158162,2.04223063368218,2.2120770730854513
8.64,0.011276772417198027,2.1961100503411677,7.047026897657851,2.0952809715692116,2.0955231462202826,2.0937554118428015,2.083714292350274,2.097961712461404,7.00927734375,1.3602217219101311,9.582544261230685,2.0910323446936196,2.0429300379770545,1.8819765591610393,1.41995145839782
8.65,0.009352691475673343,2.000000000000016,7.059868367647026,2.095244472687804,2.0953695247092945,2.0933628286714936,2.0836559259468044,2.098045575826305,7.05322265625,2.6802240913172537,8.194400630503997,2.090756296510644,2.065642315189501,2.1368768868162356,2.7278177884945554
8.66,0.007428610534148299,1.7824423263574307,7.071569788787509,2.0953084723793167,2.095551374408066,2.0939775424057254,2.086875640328353,2.0980446083995834,7.0751953125,2.7131166363151995,6.417491420544195,2.092057445417248,2.097528326595824,2.2753470596432965,2.624259211974624
8.67,0.00623946311518018,1.633560796905575,7.077406562073075,2.0953710754879618,2.095724898614931,2.094547001650242,2.0897218825284423,2.097982171817009,7.0751953125,2.0499490577610437,3.798536903483234,2.093229752150457,2.113286670356846,2.248069588789953,2.0447215184514214
8.68,0.006239463115180191,1.6335607969055763,7.075167935630635,2.095532215793735,2.096219128467559,2.096038457041178,2.095316876280228,2.0978816843079335,7.09716796875,2.0749059134619934,-3.5468897124909935,2.095768102550003,2.137215397905126,2.2710532456220176,2.1797360515169735
8.69,0.007428610534148327,1.782442326357434,7.06600811690784,2.0955901117317146,2.0963618878034174,2.0964388589332597,2.096946256376112,2.097759317431331,7.0751953125,1.401820979755177,-6.268167923493048,2.096493337501825,2.1281391041696103,2.1068127291426464,1.4825003411029456
8.700000000000001,0.009352691475673379,2.00000000000002,7.053166768657847,2.0957465909270754,2.096826008679685,2.0977677380697326,2.1014022581474485,2.0976215578859865,7.09716796875,2.190963388104302,-8.071341472697487,2.0986058407768997,2.138219164594805,2.137082399208075,2.218872519817094
8.71,0.011276772417198056,2.1961100503411703,7.04146513803657,2.0956999902213322,2.0966108326119626,2.0970493606413796,2.0989076524131822,2.097463355460353,7.05322265625,1.345466959043209,-9.467226796103867,2.097444378222162,2.104368428048496,1.9145626409885297,1.2743235084297855
8.72,0.012465919836166192,2.308999593506508,7.0356281131039395,2.0957539948332187,2.09673248241983,2.097350196373002,2.0998467173517987,2.097272041907098,7.0751953125,2.3428457647508267,-10.595223687145708,2.097896419063126,2.1040904194719645,2.0196672092627557,2.3726887250092155
8.73,0.012465919836166203,2.308999593506509,7.037866798880655,2.09560692293212,2.096189927147814,2.0956900158960927,2.094402658456569,2.0970343312539432,7.03125,1.6094554709286109,-11.516735098688429,2.0952878798828105,2.0673917847245544,1.865936067274477,1.5887083578645331
8.74,0.011276772417198086,2.1961100503411735,7.0470268976586405,2.0955624386589426,2.0959989792892193,2.0951322025412837,2.092901530723928,2.096743327201105,7.05322265625,2.4112116523502656,-12.264448361110777,2.094494534808485,2.0692811342156925,2.02737738665759,2.4869442301458258
8.75,0.009352691475673414,2.0000000000000235,7.059868367647773,2.095518650110531,2.095815724599241,2.0946224779546943,2.091665244736832,2.0964094253504078,7.05322265625,2.36376365940744,-12.857047531142827,2.0938107507791446,2.0724603151586796,2.099734696282554,2.3450742963540137
8.76,0.007428610534148355,1.7824423263574376,7.071569788788212,2.095575468634509,2.095968862988134,2.095124737314256,2.09376259668207,2.096056989354073,7.0751953125,2.4720597091961944,-13.304968448265376,2.094722486577614,2.093880559390892,2.217503849329791,2.4787322598848793
8.77,0.006239463115180202,1.6335607969055779,7.077406562073731,2.095730918296312,2.096443461319217,2.096552701034808,2.0986451950471117,2.095720592957129,7.09716796875,2.393846812742031,-13.615235148171594,2.0970228627053795,2.1222387817711508,2.2923250654172014,2.400126117211731
8.78,0.00623946311518017,1.6335607969055737,7.07516793563125,2.095883135280009,2.0968961443726175,2.0978584049643385,2.1027305607731632,2.0954318499388336,7.09716796875,1.8896728821081037,-13.793939083330182,2.099025389724265,2.1339710902428966,2.2348053234424357,1.9312453177468574
8.790000000000001,0.00742861053414857,1.7824423263574634,7.066008116908416,2.0960321574542484,2.097327458788032,2.0990475061701,2.1060930673035805,2.0952100666525797,7.09716796875,1.743239982631678,-13.84460392271395,2.1007487393973174,2.1364756787286683,2.1569561093431515,1.827593484199783
8.8,0.009352691475673308,2.0000000000000124,7.053166768658383,2.0960781382319946,2.0974093926227892,2.0991617072158744,2.1057295833935847,2.0950585343716246,7.0751953125,1.4616663579795957,-13.767113187933239,2.1007249592067523,2.1165857489631805,2.001884547602376,1.5181890936328502
8.81,0.011276772417198,2.196110050341165,7.041465138037065,2.096122974376783,2.0974858241174767,2.0992542553394404,2.1052910901610766,2.0949678952499062,7.0751953125,2.032278610786742,-13.56014198998101,2.1006611037123406,2.1046296210898436,1.9841400023705014,2.028339589613922
8.82,0.01246591983616617,2.3089995935065057,7.035628113104391,2.095966908632177,2.0968997138483614,2.0973972301445234,2.0986137784349936,2.0949212461329423,7.03125,1.5157199198106601,-13.222500179495688,2.097585589663991,2.0619724163722966,1.8069564356439274,1.4401176077074416
8.83,0.012465919836166224,2.3089995935065106,7.037866798881069,2.0959135509913853,2.096666469650701,2.096652789070951,2.0960091341725358,2.0949075189333826,7.05322265625,2.519220565737766,-12.749995764396328,2.096368029112049,2.061414100700697,1.9863834025175655,2.511369555416523
8.84,0.011276772417198141,2.196110050341179,7.047026897659018,2.0959609223364524,2.0967710187264847,2.096932771487005,2.0969022527382966,2.094931989653682,7.0751953125,2.761601258934577,-12.133568971362877,2.0967966799908075,2.082121030939487,2.17010245083225,2.6722742091535165
8.85,0.009352691475673485,2.000000000000031,7.059868367648114,2.0959072672378203,2.096541095600532,2.096220039008367,2.094546477230287,2.0950046554831663,7.05322265625,1.8659356144794788,-11.359573028325828,2.0956810697580934,2.0757793211198043,2.1072334980558325,1.8678496895988308
8.86,0.007428610534148713,1.7824423263574805,7.071569788788514,2.0959543557149543,2.0966490060204115,2.096531105854594,2.0956691930156377,2.0951407764866072,7.0751953125,2.186199697457546,-10.40772904892806,2.096203987946886,2.0922793333469283,2.194819270500701,2.294612315335999
8.870000000000001,0.006239463115180108,1.6335607969055657,7.077406562073997,2.0961002130792186,2.097079831246777,2.0977796281161583,2.0997115936706305,2.09536287194039,7.09716796875,2.429583902016014,-9.243368817371438,2.098158075373881,2.1184736500701793,2.271714454591944,2.382627332310707
8.88,0.006239463115180263,1.6335607969055859,7.075167935631484,2.096242993742695,2.097490291681029,2.098917392463642,2.1030776513708735,2.0956865612937294,7.09716796875,2.0606353509394433,-7.79791455233329,2.0998559993724717,2.129550256592868,2.2229024048217694,1.9854902014429434
8.89,0.007428610534148513,1.7824423263574565,7.066008116908619,2.0962828598088317,2.0975523648330436,2.098985273845228,2.1027553645222805,2.096110010630222,7.0751953125,1.4347382397323876,-5.9054086235889365,2.099824389407148,2.1146770997907134,2.06274260584246,1.4697980690649066
8.9,0.009352691475673237,2.000000000000005,7.053166768658555,2.096321696555569,2.097609883743738,2.0990368646185114,2.102397675402949,2.0966167587177,7.0751953125,1.912053275037261,-2.8522091855710103,2.099767074394167,2.1056027801466666,2.0257097534120256,1.963110551578553
8.91,0.011276772417197942,2.1961100503411592,7.041465138037205,2.09635952103509,2.0976630220017274,2.0990734728794638,2.1020150435010962,2.0971801908358163,7.0751953125,2.21232899584457,4.3443083671661835,2.09968993804608,2.100250399958589,2.0327254827758527,2.163778528812812
8.92,0.012465919836166149,2.3089995935065035,7.0356281131045,2.096196596584234,2.09705474183427,2.0971659603310875,2.0954403995829747,2.097760810524028,7.03125,1.4180541864171945,6.752325053516842,2.0966157988338474,2.0614438999565143,1.8526594983630267,1.4109089816045532
8.93,0.012465919836166246,2.308999593506513,7.037866798881152,2.096036611301781,2.0964716492748368,2.0954113426078633,2.0898692258412304,2.0983180587471435,7.03125,2.0614387331010295,8.454485037093557,2.0939195017388683,2.0449061071870362,1.9147782037188084,2.164968857026145
8.94,0.0112767724171982,2.1961100503411846,7.047026897659077,2.095879542724045,2.0959132480201554,2.0938036152826056,2.085224928462306,2.0988267623587693,7.03125,2.3674255256197623,9.798122560546048,2.0915808159300795,2.0412850958678956,2.0172054528844523,2.357713914182737
8.950000000000001,0.009352691475673183,1.9999999999999991,7.05986836764815,2.0958252694135324,2.0957079254444086,2.093304271588494,2.0845412835627237,2.0992817750380146,7.05322265625,2.6293746648232035,10.894856840787314,2.0910726217860063,2.0628059220994754,2.1862985635389083,2.585823084767723
8.96,0.00742861053414847,1.7824423263574511,7.0715697887885245,2.095871809841872,2.095840536220577,2.0938238600473524,2.0872290708536614,2.099695889911551,7.0751953125,2.5420655121995237,11.796577569462277,2.092172828968811,2.094690763799531,2.297597572938227,2.489798932476074
8.97,0.006239463115180131,1.6335607969055685,7.077406562073983,2.0960171872216744,2.0962961029762543,2.0952752604722726,2.0927305942948364,2.100088561192625,7.09716796875,2.298321773030805,12.531781995905762,2.0946675089678406,2.1285181995241325,2.344695555830445,2.3064687784125026
8.98,0.00623946311518024,1.633560796905583,7.075167935631447,2.0960596642581266,2.0964024394913956,2.095642256034963,2.0943184363749543,2.1004718769357598,7.0751953125,1.2801274850240993,13.116641046173033,2.095370676817479,2.1252901286074257,2.172694395730306,1.3889353014034986
8.99,0.007428610534148456,1.7824423263574496,7.066008116908564,2.0961011351336527,2.0965035517079955,2.095980386259848,2.0956845318062496,2.100848164024599,7.0751953125,1.6409017858128176,13.560368156551279,2.095987974278829,2.121353039170699,2.0876743739831194,1.7625978939055915
9.0,0.009352691475673166,1.9999999999999971,7.053166768658482,2.096041728335555,2.0962708356819935,2.095324612284328,2.0937458157143816,2.1012158156413925,7.05322265625,1.67892844440484,13.86947360034063,2.095031698452419,2.0996685480446535,1.955777302663264,1.6455517928379988
9.01,0.011276772417197885,2.196110050341154,7.041465138037113,2.0961830826125754,2.096705367457692,2.096658203399045,2.0983271993778936,2.10157607513729,7.09716796875,2.7695603059242724,14.049839710696672,2.097181925351727,2.1238614066608426,2.1541952553823474,2.704067369777783
9.02,0.012465919836166127,2.3089995935065017,7.03562811310439,2.096221604177965,2.0967913091410932,2.0969129422156607,2.0990783306000496,2.1019271253273217,7.0751953125,2.042037842840498,14.104499766455186,2.097561451238662,2.1159828030231207,2.069908210991848,1.9137553562768534
9.03,0.012465919836166269,2.308999593506515,7.037866798881026,2.0961592979800026,2.096543889469104,2.096177861513824,2.096588947086697,2.10225460991719,7.05322265625,1.4449255377205636,14.033161329909028,2.096384917038637,2.0926308451832227,1.9576572968434762,1.5770957557160308
9.040000000000001,0.011276772417197954,2.1961100503411606,7.047026897658937,2.096197906558847,2.0966353559891284,2.0964691309048478,2.097560081832326,2.102544414673551,7.0751953125,2.3190688358158256,13.834960538740411,2.096839080666139,2.0989931211753694,2.079336251075275,2.377600776758617
9.05,0.009352691475673252,2.000000000000006,7.059868367647997,2.0960358092531894,2.0960646063828627,2.0948028020661167,2.0921882621065366,2.1027837951731687,7.03125,1.5187192033927046,13.509013007136025,2.0942440471620603,2.066194083452439,1.9194034346276563,1.4732312714371598
9.06,0.007428610534148526,1.782442326357458,7.07156978878836,2.0960764899579196,2.0961761861832713,2.0952114621863505,2.0938641906013737,2.1029691998071116,7.0751953125,2.671660300778974,13.051722769173963,2.09496897657677,2.0882193693196225,2.151075767233688,2.6937415673398957
9.07,0.0062394631151801525,1.6335607969055714,7.077406562073807,2.0962161040413023,2.096611350895946,2.096555074868235,2.098393528305594,2.1031105370810685,7.09716796875,2.6695265308547205,12.454861691741874,2.0971069006475127,2.117478558839554,2.273543180749154,2.583801410290007
9.08,0.0062394631151802184,1.63356079690558,7.075167935631264,2.0961530529089183,2.096369327657693,2.095853823465861,2.0960282742913985,2.1032111158985236,7.05322265625,1.075181538406879,11.706487220663151,2.0959870299064214,2.0948860916849728,2.058480187696824,1.1318404205771733
9.09,0.0074286105341483995,1.7824423263574427,7.066008116908371,2.096290826223054,2.096794893850049,2.097142790727692,2.1001923958062507,2.1032732055717624,7.09716796875,2.3533672502141405,10.789816896582373,2.097986947132016,2.1190600912796453,2.2069085647837374,2.4780758145455493
9.1,0.009352691475673094,1.9999999999999896,7.053166768658281,2.096425718966438,2.0972009220908925,2.098320351731125,2.103660154040865,2.1032995227179114,7.09716796875,2.2119974952971946,9.676181711323629,2.099721908416473,2.1290717936094117,2.189835118048674,2.1466563736084843
9.11,0.011276772417197828,2.196110050341148,7.041465138036906,2.096457899153806,2.0972593163551583,2.098427187800525,2.1034195558181406,2.103277359413605,7.0751953125,1.5842891517536708,8.310798594089793,2.0997200279298167,2.113685864475251,2.048699615380381,1.5813750922383976
9.120000000000001,0.01246591983616622,2.30899959350651,7.035628113104178,2.096389369907659,2.0969852770283164,2.097551875892548,2.100035376915883,2.1031824551822864,7.05322265625,1.5119018013028063,6.571590862185806,2.0981960835374207,2.0866638953164798,1.9267536357757966,1.5955129000748116
9.13,0.012465919836166175,2.308999593506506,7.037866798880811,2.096321977439452,2.0967222234430527,2.096743645796473,2.0971114749006445,2.1029920348197884,7.05322265625,2.1727411892554707,4.05850807198057,2.0968426470562984,2.0738552448549554,1.9615290636285818,2.1670531686751864
9.14,0.011276772417198013,2.1961100503411664,7.047026897658719,2.0962557158995896,2.096469949620087,2.0959999541557504,2.094618271194166,2.102693937813318,7.05322265625,2.3762481453777133,-3.2464568036922303,2.0956533460199314,2.0693652922289525,2.025309027922192,2.2996083068801365
9.15,0.009352691475673322,2.0000000000000138,7.059868367647775,2.0961905790918416,2.096228244608222,2.0953182093590015,2.09252426666363,2.1022902592492385,7.05322265625,2.2884459058100894,-6.10673681674364,2.094619455466638,2.06946089481699,2.0766970336098627,2.2486045616348465
9.16,0.007428610534148584,1.782442326357465,7.071569788788135,2.096226442254734,2.0963256718660745,2.095662127744577,2.0938978343956562,2.1018019443094063,7.0751953125,2.472300890735454,-7.951941744731952,2.0952243511225763,2.089745701665586,2.196762682169937,2.474304924820567
9.17,0.006239463115180174,1.6335607969055743,7.0774065620735795,2.0963613286035057,2.096747260275812,2.0969450129311062,2.0981834709584155,2.1012667965734795,7.09716796875,2.4350080156876936,-9.372061737426911,2.0972590442730294,2.118029742622349,2.2787470572929234,2.425590524257124
9.18,0.006239463115180197,1.6335607969055772,7.075167935631036,2.0965932672672203,2.097478233990168,2.0990828216265043,2.104862843524599,2.100728534111371,7.119140625000001,2.2746305884438454,-10.517600140224571,2.100524269293042,2.1475735533495532,2.312970098573012,2.2878556481965844
9.19,0.007428610534148342,1.7824423263574358,7.0660081169081455,2.096820445883363,2.0981756011601593,2.1010311241859974,2.1103921618085333,2.1002226918662235,7.119140625000001,1.7788607859687307,-11.453241848721227,2.1033465412184875,2.15773798964674,2.2244514731706824,1.8313328653784433
9.200000000000001,0.009352691475673398,2.0000000000000218,7.053166768658056,2.0970429187676625,2.0988401996413506,2.102799208737421,2.1148864471637894,2.0997658853800676,7.119140625000001,1.7045838464768712,-12.213245961335732,2.105756849535075,2.157225886603313,2.126689393097775,1.7822519437595434
9.21,0.011276772417198074,2.196110050341172,7.041465138036683,2.0970610710447173,2.0988162334923723,2.102470622411783,2.1122969473525153,2.099350612615543,7.0751953125,0.7911794729579444,-12.81714700827954,2.1048177175545546,2.1162365477719534,1.8606389405701,0.9337469189850752
9.22,0.0124659198361662,2.3089995935065084,7.035628113103959,2.096878889723804,2.0981338532709484,2.1002188802533563,2.1036890334983824,2.098954930626996,7.03125,1.0493839521661212,-13.275853941614802,2.10094947146669,2.0571447378004057,1.6461062579805117,1.1837600151838275
9.23,0.012465919836166196,2.308999593506508,7.037866798880596,2.096899692953373,2.0981362972870325,2.100068244787564,2.102514129967745,2.0985710185269575,7.0751953125,2.9431708776667445,-13.596383265964656,2.1005031112177415,2.066267265780139,1.989795490128676,2.8943499167872004
9.24,0.011276772417198069,2.1961100503411717,7.047026897658508,2.097019682090177,2.098465239270838,2.1008820302462574,2.104555721243604,2.0982102342813307,7.09716796875,2.97526345528615,-13.78491616674884,2.101581373005735,2.0909448378671716,2.2041162131637426,2.8138031209294914
9.25,0.009352691475673393,2.0000000000000213,7.05986836764757,2.0971370560497085,2.098777591780347,2.101612452157774,2.1061754933560692,2.097884190276854,7.09716796875,2.188400122519326,-13.845285017542905,2.102498616332145,2.1034099764257967,2.2297331978183945,2.1866157747674007
9.26,0.00742861053414864,1.7824423263574716,7.0715697887879365,2.097251848446063,2.0990738169419405,2.102264070014141,2.1074203842161476,2.097596570447562,7.09716796875,1.6774223611081913,-13.777563759498577,2.1032666039767514,2.1088882935740347,2.202405279174029,1.885886489937177
9.27,0.006239463115180196,1.6335607969055772,7.0774065620733895,2.097264265105448,2.0990260283968323,2.1018771756322554,2.1052497093573894,2.0973410524923617,7.0751953125,1.257707915366098,-13.580475607604297,2.102410400348804,2.092799383162216,2.0748251132696627,1.4813197162715226
9.28,0.006239463115180175,1.6335607969055743,7.075167935630852,2.0972761370780146,2.0989777487357872,2.1015039302017597,2.103314161344287,2.0971064270415085,7.0751953125,1.9564850068664301,-13.252803695899992,2.1016258383188253,2.0850538729526673,2.0603400718251534,1.9931502943415809
9.290000000000001,0.007428610534148586,1.7824423263574651,7.066008116907968,2.097387304928171,2.0992574648296882,2.1021095035206483,2.1046855703245124,2.0968836774500113,7.09716796875,2.5721857718601027,-12.790745632746606,2.102401723924983,2.1000138876432577,2.165359366730746,2.482343985215386
9.3,0.009352691475673327,2.000000000000014,7.053166768657886,2.0973961639455267,2.0991938492712303,2.101681545725626,2.1026742274837398,2.0966589411167087,7.0751953125,1.9546326895055606,-12.185687234006725,2.1015641927415065,2.089478675271941,2.071878873473399,1.8488365248222138
9.31,0.011276772417198015,2.1961100503411664,7.041465138036521,2.097404538404701,2.0991304010391985,2.1012722546812963,2.1009105581594,2.0964115552466724,7.0751953125,1.972145437344756,-11.424243348737637,2.1008068796935726,2.0849107364834762,2.0631379079792542,2.0325799302139154
9.32,0.012465919836166175,2.308999593506506,7.0356281131038045,2.0973126154643484,2.0987387964164834,2.099916708609562,2.0963027037725004,2.0961204804877442,7.05322265625,1.7072722808202443,-10.486927602019229,2.098637525323767,2.0657990046757972,1.9801364053440658,1.767928824516631
9.33,0.01246591983616622,2.30899959350651,7.037866798880449,2.0972221939103135,2.0983621736653824,2.098663278419153,2.092422259838494,2.0957718571632906,7.05322265625,2.111232027594478,-9.340625283553308,2.0967373352397356,2.0590073821046504,2.0129212246800856,2.137819000880864
9.34,0.011276772417198128,2.1961100503411775,7.047026897658367,2.0972331016477965,2.0983288324478897,2.09847434419323,2.0922900651737812,2.095369405146596,7.0751953125,2.5731603294729486,-7.92050578790903,2.09658293123586,2.077074770242072,2.1531615804909863,2.525499812980069
9.35,0.009352691475673464,2.000000000000029,7.059868367647436,2.097243536324277,2.0982953340640216,2.0982967642502723,2.092251548279008,2.0949316157576034,7.0751953125,2.2521367392057465,-6.07320080192157,2.09646823963181,2.087934512254569,2.1703169223287113,2.1922529306265477
9.36,0.007428610534148698,1.7824423263574787,7.07156978878781,2.0973533389822823,2.098590248801228,2.099095573186896,2.095373017101091,2.0944872915914297,7.09716796875,2.3096635069568707,-3.191838669737183,2.0978780047953345,2.1119617932161923,2.2417290275017683,2.338553103975815
9.370000000000001,0.006239463115180103,1.633560796905565,7.077406562073271,2.097560542252481,2.0991988060236135,2.100785396863488,2.101120367495161,2.094070513596643,7.119140625000001,2.307328222699132,4.101220077579592,2.100607304682897,2.1401610925742007,2.2889967653900807,2.324277967285089
9.38,0.006239463115180269,1.6335607969055865,7.075167935630741,2.0977633805295923,2.0997781883017326,2.1023210863186663,2.1059374436057787,2.093705874868511,7.119140625000001,1.882023338588529,6.601871738729404,2.1029758432874215,2.1504880998083307,2.2161048200272107,1.9084165199495169
9.39,0.007428610534148529,1.7824423263574583,7.066008116907865,2.0978621061395333,2.100000945609014,2.1027480297843075,2.106846389021525,2.093397057104354,7.09716796875,1.3005796914217513,8.33986846704799,2.103520180332146,2.1335771072436596,2.039162299641454,1.4100498827623047
9.4,0.009352691475673256,2.0000000000000067,7.053166768657791,2.097958549204999,2.10021086787114,2.103120596902015,2.107504270228084,2.0931283827250384,7.09716796875,1.8971526272076755,9.705711494486927,2.1039496340828254,2.1216983136825616,1.9957482946148197,1.948007448891465
9.41,0.011276772417197958,2.196110050341161,7.0414651380364335,2.097853145020708,2.099751889501807,2.1015165703333243,2.101787049270149,2.0928677632274395,7.05322265625,1.4401229328550496,10.818921443805905,2.1013023635824166,2.0778762863935403,1.8020449566243526,1.3815479820181615
9.42,0.012465919836166154,2.3089995935065044,7.0356281131037255,2.0977494481238907,2.0993101822352056,2.1000306613154938,2.096882878983262,2.092577370812605,7.05322265625,2.221695535269516,11.734187558676702,2.098955260262614,2.057170263009005,1.8738526531467037,2.209335057594333
9.43,0.012465919836166241,2.3089995935065124,7.037866798880376,2.0977472619903885,2.099213879686098,2.0996233026342015,2.095835320121487,2.092228353987653,7.0751953125,2.750877875909929,12.481287774212227,2.09838745452856,2.068267735132275,2.086317519884792,2.6736191266005687
9.44,0.011276772417198183,2.196110050341183,7.047026897658302,2.097545182212395,2.0984627883106186,2.0973134049426347,2.088779189235357,2.091795488411456,7.03125,1.6617650979278447,13.077083852276452,2.0949122562831257,2.040156337672394,1.9687102285959923,1.6106957051168205
9.450000000000001,0.009352691475673162,1.999999999999997,7.059868367647378,2.097446580057064,2.098071566702019,2.0961608982367697,2.0860221804094454,2.0912653571874493,7.05322265625,2.292786960389487,13.53122706377905,2.0933906378155194,2.049451351392951,2.117069044254157,2.3965439351113913
9.46,0.007428610534148453,1.7824423263574491,7.0715697887877615,2.097449477590759,2.0980250578118578,2.0960754200674607,2.0869560843602177,2.090648575803488,7.0751953125,2.573662766894035,13.850336369578576,2.0935986095352193,2.076657290292412,2.2543554749313564,2.546401666182773
9.47,0.006239463115180124,1.6335607969055677,7.07740656207323,2.097452080611134,2.0979797180768687,2.096003286669284,2.0878941636631376,2.089969510744771,7.0751953125,2.1570867350844245,14.040265956250328,2.093824096933089,2.092316457363206,2.2438631115346745,2.1193704124969046
9.48,0.006239463115180247,1.6335607969055839,7.075167935630706,2.0975542188856893,2.0982640924897416,2.0969089140376647,2.0919351098184373,2.089260895535636,7.09716796875,2.236573573397111,14.104449792413021,2.0955517330313844,2.118495570078818,2.2825785364159032,2.271530009759158
9.49,0.0074286105341484715,1.7824423263574516,7.066008116907835,2.0977539237713585,2.0988633450118606,2.0987065593036545,2.0985312393183313,2.0885579640158065,7.119140625000001,2.285210841900448,14.04278157910438,2.098574945825861,2.147286802794515,2.303276547479347,2.2879885543233383
9.5,0.009352691475673185,1.9999999999999991,7.053166768657766,2.097749829269718,2.0987778525096608,2.0984228138457777,2.09789056089906,2.087882752589655,7.0751953125,0.8318943887180201,13.854205652155906,2.098231671726639,2.122586658848756,2.029546004669833,0.9021899451921139
9.51,0.0112767724171979,2.1961100503411553,7.041465138036414,2.097845343450032,2.0990229766595965,2.099124448328405,2.100444559178969,2.087246930327181,7.09716796875,2.118909620124384,13.538095198276041,2.09941102232823,2.1255258461971147,2.061758554194766,2.196183955036571
9.52,0.012465919836166132,2.308999593506502,7.0356281131037095,2.097739093780404,2.0985988689461097,2.0978351231098964,2.0963866344379736,2.0866572253095494,7.05322265625,1.5141256576752433,13.090960970736997,2.0974454053743066,2.0891939777449786,1.8618709906034554,1.4379296928910568
9.53,0.012465919836166264,2.308999593506514,7.037866798880364,2.0977344547831414,2.0985204216283324,2.0976167113987705,2.096064060302266,2.0861204358215977,7.0751953125,2.4488659932503025,12.505006273328764,2.097211370308364,2.089366487297323,1.9999632323213532,2.455668601791306
9.540000000000001,0.01127677241719794,2.1961100503411592,7.047026897658293,2.097729646300017,2.0984442207442293,2.097417170154385,2.095813360766598,2.0856517993445833,7.0751953125,2.412402866746822,11.768629286987597,2.097009759824629,2.0900935252989488,2.0651046435675617,2.3481640988914014
9.55,0.009352691475673233,2.0000000000000044,7.059868367647374,2.097724677122443,2.098370263784574,2.097235649461847,2.0956261045316995,2.085268259749925,7.0751953125,2.1750049710586885,10.865452656502338,2.096838311911938,2.091044623334274,2.096034598179704,2.195448229629682
9.56,0.007428610534148511,1.7824423263574563,7.071569788787759,2.097719555810458,2.098298544638926,2.097071296132238,2.0954944196037086,2.084988148252951,7.0751953125,2.041403932969656,9.768117347933426,2.0966945944747875,2.0920320057023205,2.1084708252406124,2.1145000039114294
9.57,0.006239463115180147,1.6335607969055708,7.077406562073229,2.0977142906954094,2.0982290537788217,2.0969232573399843,2.095410997104263,2.0848307326692996,7.0751953125,2.035935978170648,8.424713246341023,2.0965761067738495,2.0929564590726746,2.1114072602175398,2.0912722969773383
9.58,0.0062394631151802245,1.633560796905581,7.075167935630709,2.0979085003444204,2.0988185933725525,2.0987195601777042,2.101527777109861,2.084815604724535,7.119140625000001,2.7439685280942703,6.721484127353671,2.0994626594067443,2.1290339943315844,2.2856529541859407,2.6741123218319527
9.59,0.007428610534148415,1.7824423263574447,7.066008116907838,2.097998844399397,2.099052500471028,2.0993989765799914,2.1035754889911393,2.0849464280105092,7.09716796875,1.867004271547694,4.302373285002698,2.1004850781993234,2.1266629990501693,2.1599606434499,1.7104976627254662
9.6,0.009352691475673115,1.9999999999999918,7.053166768657772,2.097887548065501,2.0986179025811467,2.098088407353638,2.0990800516257564,2.08519653416205,7.05322265625,0.266011771869693,-2.9150172647137653,2.09837446319081,2.087553812026274,1.9043422703613353,0.7110088704075652
9.61,0.011276772417197843,2.19611005034115,7.041465138036424,2.0976783479541443,2.0978726360299347,2.095919514104963,2.092152774997373,2.0855237187729077,7.03125,1.3992117518436626,-5.94053999690115,2.095021351610848,2.050480163048499,1.81232623086709,1.6272600893883868
9.620000000000001,0.012465919836166225,2.3089995935065106,7.03562811310372,2.097572808542755,2.0974879235663715,2.09490129877734,2.0894355367803934,2.0858896731082543,7.05322265625,2.669639984631877,-7.830227015202045,2.09359533866022,2.0540762463276003,2.014186348776049,2.6323764965343686
9.63,0.01246591983616617,2.3089995935065057,7.037866798880377,2.097269479235881,2.096462658691885,2.0920435041400336,2.081015104931023,2.086260926538394,7.00927734375,1.9415805299347533,-9.275619180741417,2.0893894506245427,2.0233378503032515,1.91520297626389,1.797408180402254
9.64,0.011276772417197996,2.1961100503411646,7.047026897658307,2.0970717307990396,2.095811622956838,2.0904077941585113,2.0771873711360374,2.086616804905017,7.03125,2.4780706490046835,-10.43926202218902,2.0872655383713394,2.0332329212406632,2.094486966231847,2.523739230939309
9.65,0.009352691475673304,2.000000000000012,7.059868367647387,2.097077417159412,2.095848210644326,2.090870017938687,2.080471428538356,2.0869613138052854,7.0751953125,2.886595291267362,-11.389409191282095,2.08848815872932,2.0807281954834944,2.3374211941990586,2.8651350882988145
9.66,0.007428610534148568,1.782442326357463,7.071569788787774,2.096983063981766,2.0955559361360585,2.090349552686415,2.080337096034356,2.0873050078899578,7.05322265625,1.7692967334043326,-12.161982473115087,2.088135468086839,2.088601945385354,2.236332805415988,1.769529668317476
9.67,0.0062394631151802835,1.6335607969055885,7.0774065620732465,2.096990322945541,2.0956071018481772,2.0908672817057026,2.0836000645737376,2.0876569888219825,7.0751953125,1.9914329924059466,-12.777236735076672,2.0893932022334,2.1116371469327393,2.259086285549645,2.1267163445251334
9.68,0.006239463115180203,1.633560796905578,7.075167935630726,2.0968975276551447,2.0953289173717247,2.090396299783415,2.0833813034189315,2.0880244825419703,7.05322265625,1.4995527754788103,-13.246629385742178,2.0890526193013677,2.104660472905256,2.1102995364071884,1.5399673887096748
9.69,0.007428610534148358,1.7824423263574378,7.066008116907859,2.096906336974693,2.0953937664680415,2.0909594035041343,2.0865259395664384,2.0884110800797306,7.0751953125,2.2706367838056694,-13.577380605957654,2.0903034262064604,2.1184839749379565,2.1536259954131842,2.268084303147576
9.700000000000001,0.009352691475673415,2.000000000000024,7.053166768657792,2.096914925365675,2.0954576778312854,2.0914984592677923,2.0893009493535595,2.088815752064054,7.0751953125,2.2184505890333415,-13.77574957018451,2.0914390542513557,2.12371731632062,2.1290187368892317,2.129888908508431
9.71,0.011276772417198088,2.1961100503411735,7.041465138036443,2.0967235952627274,2.0948627669789275,2.0900724711108882,2.0854660603057114,2.089222749517247,7.03125,1.161260258907429,-13.845867283260056,2.0894689160968998,2.0887973494018124,1.906661168969275,1.2065061416265093
9.72,0.012465919836166203,2.308999593506509,7.035628113103742,2.0967356819162517,2.0949541019721734,2.0907313574484454,2.088625507138238,2.0896123332880325,7.0751953125,2.6062053671625494,-13.787924240973561,2.090776556495766,2.107499830872997,2.1176202279863414,2.661965021615819
9.73,0.01246591983616619,2.3089995935065075,7.037866798880399,2.096447935390953,2.0940565898558163,2.0884446583408227,2.0820458220942424,2.0899604490483714,7.00927734375,1.2186189196701396,-13.60076478144621,2.0874632251237957,2.0623777464426563,1.8617965670833123,1.0963435761210811
9.74,0.011276772417198055,2.1961100503411703,7.047026897658332,2.0962656760341836,2.0935302661114212,2.0873488542106244,2.079791444601957,2.0902438037973536,7.03125,2.321421899139605,-13.283131598383177,2.086111406962478,2.0606031217849763,2.008574124490526,2.391258653358844
9.75,0.009352691475673374,2.0000000000000195,7.059868367647414,2.095987139267354,2.092701064321862,2.0854044291122564,2.074985483551517,2.0904572914914663,7.00927734375,2.101108747924962,-12.831636490603525,2.0834947732083946,2.044697058633141,1.995543455796108,2.0512556558346193
9.76,0.007428610534148626,1.78244232635747,7.0715697887878,2.0959139155493074,2.092570941680161,2.0856085322689744,2.0774319434771185,2.0906177790974043,7.05322265625,2.804720686693232,-12.237884633537057,2.0842921282489617,2.077460724266488,2.2369629201915,2.78193380733093
9.77,0.006239463115180305,1.6335607969055914,7.077406562073273,2.0959421487384016,2.092780232173369,2.086808700060778,2.0828525570549736,2.090761639339302,7.0751953125,2.5806437875368364,-11.488901820621736,2.0865722173069634,2.113033891258331,2.337406455576458,2.51382027734088
9.78,0.006239463115180181,1.6335607969055752,7.075167935630753,2.096069850791399,2.0933137517397356,2.088916003635403,2.090686720619562,2.090924821785552,7.09716796875,2.1946418079336794,-10.565794413364511,2.0901231028096996,2.1465764400594263,2.3604153880713485,2.2301044080789403
9.790000000000001,0.007428610534148602,1.7824423263574671,7.066008116907884,2.0959953935007785,2.0931687540830715,2.0889266272840077,2.0911149356898213,2.0911271989179547,7.05322265625,-0.5661417911265577,-9.437075304594051,2.0902619367854283,2.1239588682485087,2.076030428965808,0.4346661542965442
9.8,0.009352691475673346,2.0000000000000164,7.053166768657819,2.096022391556421,2.0933630055504855,2.089934635469057,2.0946107872463915,2.0913751235521527,7.0751953125,1.9656066769183942,-8.041396718961844,2.0918966298059685,2.1274605701218845,2.0865980760990412,2.0874720060994014
9.81,0.01127677241719803,2.1961100503411677,7.041465138036471,2.0959490845205804,2.093222741248036,2.0899069822606062,2.094461963025256,2.0916662100436363,7.05322265625,1.91169664209375,-6.236766701734877,2.091838611509445,2.108618252264958,1.9719724964892849,1.7959138155452075
9.82,0.012465919836166182,2.3089995935065066,7.035628113103771,2.0957774281456785,2.0927625968176713,2.0889305987744105,2.0912592023389855,2.091985999355162,7.03125,1.8165223838127862,-3.4996849411299364,2.0902972038598264,2.0799190480673486,1.8769049963345237,1.7622660622709703
9.83,0.012465919836166213,2.3089995935065097,7.037866798880428,2.095609254819908,2.0923262847392468,2.0880600879848523,2.088594504209086,2.092320378293255,7.03125,2.2319527804461594,3.8411156390788608,2.0889654962601276,2.0665460184674043,1.9366980474865796,2.2202236310655694
9.84,0.01127677241719811,2.1961100503411757,7.047026897658361,2.095444526652926,2.0919131350792517,2.0872893287011207,2.0864134404438186,2.092663855633785,7.03125,2.3388134203638917,6.446333453321188,2.087831578904617,2.0621281134339395,2.0183455313394,2.3039262284802398
9.85,0.009352691475673445,2.000000000000027,7.059868367647442,2.095483041976447,2.092181698621521,2.0885553698251127,2.0908041924783767,2.0930218062235046,7.0751953125,2.8362065754521444,8.22216979740691,2.089877561465892,2.09841667079687,2.258370655465871,2.790779960262042
9.86,0.007428610534148682,1.7824423263574767,7.07156978878783,2.0953211729479557,2.0917834718304467,2.087797356576558,2.088421456591567,2.093398034943496,7.03125,1.3530151766997227,9.610853809130834,2.088703424503061,2.0804128484846687,2.079820758490037,1.343487560416787
9.870000000000001,0.0062394631151802115,1.6335607969055792,7.077406562073302,2.095262598636053,2.091736750872482,2.088099957087474,2.089543556005026,2.0937929137156797,7.05322265625,2.0245807890341254,10.741052301696884,2.08920513228862,2.090398004357686,2.1461595278509455,2.177844766627148
9.88,0.006239463115180274,1.6335607969055872,7.075167935630783,2.0953053228581204,2.0920261594453997,2.089371920752126,2.093618447901397,2.094211257848909,7.0751953125,2.4540962175293584,11.670272340237888,2.0911716578180037,2.113316644662403,2.231982759946361,2.419586757805985
9.89,0.007428610534148544,1.7824423263574602,7.066008116907915,2.09524751364943,2.091977342017503,2.0895873803840708,2.0939985143139013,2.094647552770302,7.05322265625,1.761749472858402,12.429504057605207,2.091411471052679,2.1053638017731657,2.10718651836667,1.6936878275995675
9.9,0.009352691475673275,2.000000000000009,7.053166768657851,2.095091128211267,2.0916050517069706,2.0888344385338984,2.091239237728416,2.0950823944622794,7.03125,1.4389402873165846,13.036479459011804,2.090134267750744,2.0825658210628983,1.9739537211951255,1.5340950728496572
9.91,0.011276772417197973,2.1961100503411624,7.041465138036503,2.0949380330741234,2.091253357755828,2.0881653763597887,2.08892632421298,2.0954946304822024,7.03125,2.0685544383379906,13.501189137027445,2.0890341808249824,2.0720377241722407,1.9885536856345871,2.096608116425742
9.92,0.012465919836166161,2.308999593506505,7.035628113103803,2.0947881893792117,2.0909216355228657,2.087575183308305,2.0870213225571335,2.095869323040494,7.03125,2.3225034297445193,13.830348609829567,2.0881004749062138,2.068610711383495,2.0342732771262964,2.2542461780392187
9.93,0.012465919836166234,2.3089995935065115,7.03786679888046,2.094641557980046,2.090609262924725,2.087058962748636,2.0854865240565332,2.0961996487708943,7.03125,2.2778699324581395,14.029925195297773,2.0873209316474006,2.0690405320279215,2.0728893302032487,2.226333093070742
9.94,0.01127677241719817,2.1961100503411815,7.047026897658393,2.094498099468754,2.0903156216372736,2.0866119554124585,2.0842853452924115,2.096489287441845,7.03125,2.149565552491573,14.103597355553699,2.086682530034638,2.0713557522652484,2.09612814338837,2.166148091803899
9.950000000000001,0.009352691475673143,1.9999999999999947,7.059868367647474,2.0944577404765696,2.090370048390675,2.087198688298266,2.0864921630447477,2.096755388536027,7.05322265625,2.4161798217348154,14.051491396013885,2.087671010471291,2.0922646075258604,2.195940433339106,2.4294304597510323
9.96,0.007428610534148439,1.7824423263574476,7.07156978878786,2.094518480760612,2.090757144995533,2.0887296911738513,2.0915551863273456,2.0970246195645834,7.0751953125,2.450465494369141,13.872609411137626,2.0900738476262517,2.1203145040790545,2.267378305244233,2.4067527841910916
9.97,0.006239463115180234,1.633560796905582,7.0774065620733335,2.094578368991629,2.0911319096858265,2.0901510168403736,2.0958556187442112,2.0973199808683023,7.0751953125,1.9694466484974957,13.56626280687688,2.0921945092599454,2.131832279713865,2.2115877786378353,1.9564339671624364
9.98,0.006239463115180253,1.6335607969055845,7.075167935630813,2.0946374046706557,2.0914944325441187,2.0914663534172004,2.0994534496519375,2.0976516861389203,7.0751953125,1.7806744001994477,13.12936977968374,2.094047979961612,2.13416848984009,2.138313608360444,1.8464373223194426
9.99,0.007428610534148487,1.7824423263574534,7.066008116907945,2.0945956316692596,2.091515081006655,2.0917131972452894,2.0993184805909317,2.098013708245537,7.05322265625,1.459606630078201,12.554332481406808,2.0941584767953145,2.1141116171294354,1.9883160726356395,1.5270325631161565
10.0,0.009352691475673204,2.0000000000000013,7.053166768657879,2.094554973116569,2.0915385442684937,2.091946645670528,2.0991225319661497,2.098387207912638,7.05322265625,2.018510659201892,11.829872464245723,2.0942358049704612,2.102011846320462,1.9759302514943673,2.027560940798233
10.01,0.011276772417197916,2.1961100503411566,7.041465138036529,2.0945154098178294,2.091564607891385,2.0921667811433338,2.098877240332747,2.098745700006599,7.05322265625,2.267895965881515,10.940122208475316,2.094286695930065,2.095027471494052,2.004712909010402,2.1997199499614166
10.02,0.012465919836166139,2.3089995935065026,7.035628113103827,2.0942769835949395,2.0909335266609954,2.0904418243192544,2.092394856474231,2.099053351513111,7.00927734375,1.4284218282400964,9.858814197962921,2.0913270610041037,2.0553626806248353,1.8388982227325326,1.4312160027611893
10.03,0.012465919836166257,2.3089995935065137,7.037866798880484,2.0941435048894625,2.090663920602083,2.089837333728654,2.090011590166778,2.099278004155959,7.03125,2.386374591956428,8.536795861157925,2.0902382105189306,2.0567394189397077,2.0104432234645424,2.4668070850147346
10.040000000000001,0.011276772417197923,2.1961100503411575,7.047026897658413,2.094012983673319,2.0904103928656528,2.0892962065898084,2.0880323319941585,2.0994015772383747,7.03125,2.393494670460487,6.8675719878710675,2.089308039417423,2.060645929672385,2.093454391585666,2.358625838291294
10.05,0.009352691475673214,2.000000000000002,7.059868367647494,2.093885381248506,2.090172414691687,2.088814860007801,2.086421008427933,2.099416338369647,7.03125,2.181405983721433,4.532279691727987,2.0885246019008052,2.0655221775960393,2.129840419059753,2.198529567260129
10.06,0.007428610534148495,1.7824423263574543,7.071569788787879,2.0938606563428084,2.0902793616674336,2.0893565905096168,2.0882494221781824,2.099328269924526,7.05322265625,2.381810603233764,-2.5414951793714056,2.0893731747821063,2.088365266332393,2.227846756363608,2.4180730042118523
10.07,0.006239463115180255,1.6335607969055848,7.077406562073348,2.093736813598649,2.0900561710594165,2.0889008526031967,2.0867524202641277,2.0991534605618876,7.03125,1.6826746905792396,-5.76950657097109,2.088648715810526,2.082376376029248,2.117621949050004,1.7118258787970282
10.08,0.00623946311518023,1.6335607969055816,7.075167935630825,2.0938157978603553,2.090507063665397,2.0904319266248863,2.0917739424016757,2.0989205700442257,7.0751953125,2.5301141736851003,-7.7062034250375495,2.0910399149862924,2.1158432204300848,2.2658250579010333,2.566286412731293
10.09,0.007428610534148431,1.7824423263574465,7.0660081169079545,2.093993627134559,2.0912718656678893,2.0928106301903786,2.0991211748763363,2.0986676686228214,7.09716796875,2.471550598530946,-9.177278194631517,2.0946396280886117,2.147838458461248,2.312656797659782,2.394749969040679
10.1,0.009352691475673133,1.9999999999999936,7.053166768657886,2.09406834740068,2.0916765064579472,2.0940263726898065,2.1021592365963193,2.098420900795178,7.0751953125,1.4220052617114416,-10.359143894992755,2.0962771594124616,2.1415720519197103,2.1343511110472693,1.4356537066921784
10.11,0.011276772417197859,2.1961100503411513,7.041465138036534,2.094141942710893,2.092066101836932,2.0951374771944433,2.1046098716149833,2.098190803237517,7.0751953125,1.6229625104023366,-11.32393133728956,2.0976749358517877,2.133962457313441,2.0490943887931126,1.7545875262761443
10.120000000000001,0.012465919836166232,2.3089995935065115,7.035628113103829,2.0941144328328627,2.0921113905167434,2.0951844408553666,2.10345000377202,2.0979765394623855,7.05322265625,1.6218124893324162,-12.109097912792327,2.097362411331796,2.108637519268624,1.9209912061868364,1.6249137555314084
10.13,0.012465919836166163,2.3089995935065053,7.037866798880483,2.0939877829169324,2.0918274337159226,2.094255308527685,2.0992379575542794,2.0977708685178618,7.03125,1.7962795738608897,-12.735854879784915,2.0955554918512838,2.0762810465274333,1.8390974109742257,1.7576184120643257
10.14,0.011276772417197982,2.1961100503411632,7.047026897658412,2.093963918698157,2.0918879216056694,2.0943639628887616,2.0986853332333637,2.0975747551128174,7.05322265625,2.6063468457757724,-13.2160278283903,2.0954424787335304,2.079081667925942,2.0176507019126957,2.5497893815665806
10.15,0.009352691475673285,2.0000000000000098,7.05986836764749,2.0939408492473546,2.091948135846163,2.094459172165191,2.098145494131032,2.097400599349583,7.05322265625,2.4278619538136654,-13.557094354507699,2.0953277341200165,2.0814703412824973,2.090753779681942,2.3429446193729557
10.16,0.007428610534148553,1.7824423263574611,7.071569788787873,2.094018549732993,2.0923373992883794,2.095506645168939,2.1007201209661295,2.097267391694639,7.0751953125,2.4370941783432083,-13.76532071266346,2.0967063056329462,2.101307040804542,2.207804720413453,2.4546618932424638
10.17,0.006239463115180278,1.6335607969055879,7.0774065620733415,2.094195025512469,2.0930406536983384,2.0974226210493945,2.1058830986491746,2.097195055191084,7.09716796875,2.3422397524043954,-13.845030427484602,2.099381050955878,2.1279207320476727,2.2830004983057854,2.3791625877803226
10.18,0.00623946311518021,1.6335607969055788,7.075167935630817,2.0941683622986105,2.0930556179060873,2.0972360059673845,2.103915183208662,2.0971886450023125,7.05322265625,0.7526013941296159,-13.796879831368583,2.098697978333009,2.102960090615985,2.046041373138306,0.9480364542222397
10.19,0.0074286105341483735,1.7824423263574396,7.066008116907945,2.0942424689531935,2.0934002002891963,2.0980146322185793,2.105201028306642,2.0972417125233935,7.0751953125,2.076745111705561,-13.619481269846247,2.099548936172289,2.1072446477132214,2.097066077973981,2.1803498052966503
10.200000000000001,0.009352691475673434,2.0000000000000258,7.053166768657874,2.094215401842566,2.0934012514200138,2.0977475966812706,2.103049660360732,2.097342632874416,7.05322265625,1.9181701897409196,-13.311788516051967,2.098761068684655,2.090459788112336,2.0036588499126626,1.8351439775724483
10.21,0.011276772417198102,2.196110050341175,7.041465138036522,2.0941891128176504,2.0934029763068733,2.0974867983475947,2.1011074030662256,2.0974728378531045,7.05322265625,2.1497101868684294,-12.8706208845915,2.0980348537587314,2.0823266849370556,2.014058978596501,2.1274274092438574
10.22,0.012465919836166212,2.3089995935065093,7.035628113103818,2.094163587259873,2.0934053271409234,2.097232874168741,2.099370774157804,2.0976135713720456,7.05322265625,2.2295873595210614,-12.288065253942856,2.097371936553542,2.079277790285762,2.0460934727865103,2.2065360649533257
10.23,0.012465919836166186,2.308999593506507,7.037866798880471,2.0941388106987007,2.093408258718653,2.0969863910927193,2.0978337041070048,2.0977460058332325,7.05322265625,2.184847076218182,-11.55147222836082,2.096772112747723,2.0790558889681563,2.0733245927263817,2.1785161164846056
10.24,0.011276772417198037,2.1961100503411686,7.047026897658401,2.0939147900826107,2.0927535223058387,2.094815752533569,2.0902917108861545,2.097851440390767,7.00927734375,1.138769898470215,-10.642639968414706,2.0932469017131217,2.044172675958387,1.8967127995354156,1.3393069143128828
10.25,0.009352691475673356,2.0000000000000173,7.059868367647478,2.093895400711684,2.092786946787139,2.0947526455806393,2.0901615310372526,2.097926890166762,7.05322265625,2.6135626958306495,-9.531198434864852,2.0931601731854808,2.0673851268890595,2.136970211630551,2.702784457948078
10.26,0.00742861053414861,1.782442326357468,7.07156978878786,2.093976671309478,2.093149235097255,2.0956571232919115,2.0931982402693903,2.0979910170625797,7.0751953125,2.702485436828819,-8.159237930728114,2.0945983099087075,2.0992044924178246,2.2682919869133658,2.615579160379291
10.27,0.006239463115180298,1.6335607969055905,7.077406562073329,2.094156608595002,2.093825438400325,2.097444628328874,2.09885750873481,2.0980660822877564,7.09716796875,2.390794800999991,-6.3947816366712775,2.097355606551755,2.1321947341976406,2.3228524599331135,2.3614162428548475
10.28,0.006239463115180186,1.6335607969055759,7.075167935630806,2.0943332546775224,2.0944720170762987,2.0990690317343543,2.103574167925982,2.0981631404475327,7.09716796875,1.730315742788928,-3.7803290299927186,2.0997489119826644,2.145364951117578,2.242518864940019,1.8240216071556452
10.290000000000001,0.007428610534148617,1.782442326357469,7.066008116907935,2.094306696444302,2.0944320702273984,2.098609593551907,2.1013041203099587,2.09827074893604,7.05322265625,-0.5860559843754213,3.564226891831531,2.098822469573748,2.1125693147193463,1.9580642810859619,0.511200746377661
10.3,0.009352691475673363,2.000000000000018,7.053166768657866,2.0942808487555284,2.0943934659918417,2.098170937581919,2.09929355798751,2.0983643472189066,7.05322265625,1.807313663650742,6.288059488412976,2.0979740740986923,2.094290538156888,1.9189035357366018,1.9101566875761924
10.31,0.011276772417198046,2.1961100503411695,7.041465138036514,2.0942556992027064,2.0943561857831385,2.0977531679868067,2.0975294060066934,2.098419526515238,7.05322265625,2.391596605870532,8.103283886257632,2.0972050284286197,2.085012994027684,1.959920324273493,2.28511903736305
10.32,0.012465919836166189,2.3089995935065075,7.035628113103812,2.0942312354863684,2.0943202108956775,2.097356311194169,2.0959978954222134,2.0984123282490477,7.05322265625,2.4145532530117344,9.515393776644807,2.0965144527018498,2.081110040386696,2.013250162891975,2.3042598157280634
10.33,0.012465919836166206,2.3089995935065093,7.037866798880465,2.094007478365503,2.0936277004714046,2.095047416014974,2.0884995066048564,2.098319683035345,7.00927734375,1.3766991731485387,10.66261062626102,2.092912484083508,2.0441600234194084,1.8591482818259721,1.470533383567274
10.34,0.011276772417198096,2.1961100503411743,7.0470268976583945,2.093988281631162,2.093623692621362,2.094859287888295,2.0884148029394742,2.0981354482398937,7.05322265625,2.6317702783583434,11.605727694318213,2.092762879770826,2.066295524159619,2.123804809236119,2.730586005133966
10.35,0.009352691475673426,2.000000000000025,7.059868367647475,2.0940696819875737,2.0939491892497566,2.0956508103875056,2.0915225301490583,2.0978767528338595,7.0751953125,2.6774498282045442,12.377130998626015,2.0941507796512893,2.097665730373178,2.2685134838457115,2.6181909359578532
10.36,0.007428610534148667,1.782442326357475,7.07156978878786,2.094149709606085,2.0942604678204324,2.0963708516575856,2.094193944233785,2.097566178956543,7.0751953125,2.0372966517049274,12.995294152212562,2.0953768688051344,2.1130190444770967,2.245060417529818,2.0368255761097473
10.370000000000001,0.006239463115180205,1.6335607969055783,7.07740656207333,2.0941283928877317,2.0942289976635404,2.0960570497539703,2.093370368338001,2.0972251315565833,7.05322265625,1.2102205053695845,13.47056974316265,2.094954783107625,2.101530883077936,2.0940219630941246,1.3968932634642963
10.38,0.0062394631151801655,1.6335607969055732,7.075167935630808,2.0943076448265066,2.09485637409388,2.0976940754898963,2.098872963235822,2.096881393829575,7.09716796875,2.4813488439834557,13.809878602216356,2.0975676879566936,2.130492555606014,2.235070107078368,2.528231964278228
10.39,0.00742861053414856,1.782442326357462,7.066008116907937,2.094483549623393,2.0954553300097363,2.0991816578537397,2.1034696541787654,2.096564019328316,7.09716796875,2.236191675276926,14.01919673130056,2.099832643975062,2.1417897540928412,2.2003393672371363,2.1226485694305723
10.4,0.009352691475673294,2.0000000000000107,7.053166768657871,2.094656136651786,2.0960265555379096,2.100527372667859,2.107245482904565,2.0962870137548895,7.09716796875,1.93639176112643,14.102466417617018,2.1017726371343364,2.1433143842519917,2.135031547997432,1.9269664060817036
10.41,0.011276772417197989,2.1961100503411637,7.0414651380365205,2.094625530775633,2.095913563364368,2.099811036810014,2.1041243188535064,2.096045090758026,7.05322265625,0.7823931464294576,14.059943473281228,2.100436020290251,2.104609590905991,1.889358251324411,1.0059991051377608
10.42,0.012465919836166165,2.3089995935065053,7.035628113103818,2.094695569702819,2.096132366861544,2.1000991074693434,2.104445293638298,2.0958240412170577,7.0751953125,2.2757295135685145,13.890693290495143,2.1007071102153767,2.1016770413311074,1.9991927495150148,2.3541543600823247
10.43,0.012465919836166227,2.308999593506511,7.037866798880474,2.094564409310656,2.095682320084561,2.0984137263015445,2.0984051845609533,2.095607513088786,7.03125,1.6903182797119358,13.594000851187504,2.0979214534999375,2.0636715860478354,1.853791953712745,1.6241115222015758
10.44,0.011276772417198152,2.1961100503411797,7.047026897658403,2.0945358608779485,2.0955791065579463,2.0978190437975037,2.096342338114147,2.0953834805247467,7.05322265625,2.4801730857160487,13.167172391963376,2.096950977061974,2.065168704285883,2.0247047881606433,2.510870732768362
10.450000000000001,0.009352691475673124,1.9999999999999927,7.059868367647484,2.0945079729838465,2.095479023719323,2.0972622742140348,2.094581611084432,2.095154455953565,7.05322265625,2.398759483983281,12.6029447664654,2.0960943843100246,2.0684647954562108,2.1029618350940344,2.35926497347831
10.46,0.007428610534148422,1.7824423263574456,7.071569788787869,2.0944807361956874,2.0953820556881295,2.0967425494188516,2.0931012444069315,2.0949333023670715,7.05322265625,2.1552342636000854,11.89027099688428,2.095345171591949,2.072420574864657,2.1349166121111005,2.184681785790456
10.47,0.006239463115180228,1.6335607969055812,7.077406562073339,2.094654059929567,2.0959456912575445,2.098190629547554,2.0980717872930774,2.094746117370027,7.09716796875,2.6599690923822963,11.013839124634504,2.09768081567039,2.111933233184304,2.314948620408674,2.681550621840093
10.48,0.006239463115180143,1.63356079690557,7.075167935630816,2.0948240692353988,2.0964828787225036,2.09950542240204,2.1022288374840157,2.0946205202804156,7.09716796875,2.100276393581875,9.948520074591693,2.0997139755395935,2.129992511098656,2.2748737876860163,2.062350258745564
10.49,0.007428610534148503,1.7824423263574551,7.066008116907946,2.0949907954750127,2.096994293205865,2.100693706025107,2.105650630334515,2.094569194167371,7.09716796875,1.7242464507233932,8.64754785571816,2.1014624667818533,2.13600284457196,2.188665090544688,1.7986519082354862
10.5,0.009352691475673223,2.000000000000003,7.053166768657878,2.0950543379805096,2.097152092821527,2.1007983579961427,2.1053373203983345,2.0945854394579038,7.0751953125,1.327394559829636,7.011241466893034,2.101458436057945,2.117960031724758,2.019113294819955,1.435034366406975
10.51,0.011276772417197932,2.1961100503411584,7.041465138036527,2.095016704086201,2.0969716863827013,2.099909388980324,2.1018638525234565,2.094645660608624,7.05322265625,1.5316828653347385,4.752551201246133,2.099919031831407,2.0891149148860197,1.8880539002679348,1.5969300208714565
10.52,0.012465919836166144,2.3089995935065035,7.035628113103823,2.0948798669363486,2.096467978401038,2.098111503221249,2.0957448208033798,2.0947210074564655,7.03125,1.8863991904626973,-2.09904059978944,2.097046479670406,2.0570319570931006,1.8246975886803753,1.856258626581239
10.53,0.012465919836166251,2.3089995935065133,7.0378667988804775,2.094845664304842,2.096312928905108,2.097417128731661,2.0936528143104187,2.0947918220043795,7.05322265625,2.679598512189619,-5.591671452745732,2.096014616034688,2.0623253158326516,2.0221701878481295,2.6170811455918845
10.540000000000001,0.011276772417197909,2.196110050341156,7.047026897658407,2.0948121639188866,2.0961628446155642,2.0967725557697854,2.0919091358648143,2.0948507169307304,7.05322265625,2.468211514569375,-7.579012298041457,2.0951176189011167,2.06791996061212,2.1062012545121935,2.3827031117876074
10.55,0.009352691475673195,2.0000000000000004,7.0598683676474865,2.094779357827359,2.096017688218681,2.096176203765183,2.0904838654810196,2.094897651075898,7.05322265625,2.1232679335445734,-9.077156372446852,2.094345573500836,2.073209444982613,2.138350958161179,2.164705870627267
10.56,0.00742861053414848,1.7824423263574525,7.07156978878787,2.0947472380173973,2.0958774165567364,2.0956263917522464,2.089346830493028,2.094941909002307,7.05322265625,1.9794448836360163,-10.277884169482833,2.093688136632465,2.077880336678897,2.1441998352928016,2.073228185864073
10.57,0.006239463115180249,1.633560796905584,7.077406562073339,2.0948157439269743,2.0960707942371757,2.0960874885847085,2.091567489539241,2.095004555443294,7.0751953125,2.360731892558311,-11.257611224433566,2.094628944285645,2.0996151566584045,2.226759346491874,2.3763369444934157
10.58,0.006239463115180122,1.6335607969055674,7.075167935630816,2.0949828914146273,2.096582980235271,2.09747304432659,2.0965923996659224,2.095113899197854,7.09716796875,2.472224972944994,-12.055494394824084,2.0969592534156547,2.127651798750977,2.2856661380480823,2.3844328713570038
10.59,0.0074286105341484455,1.7824423263574485,7.066008116907944,2.095046844623367,2.0967420540702553,2.097770703500893,2.0977417250485857,2.0952914504668163,7.0751953125,1.614476203611794,-12.693751160918831,2.097500220972729,2.1213208852238687,2.13239248399155,1.5589614859713856
10.6,0.009352691475673153,1.9999999999999958,7.053166768657875,2.095309396137151,2.0975493497702193,2.099963622195409,2.104851391297461,2.0955491922866862,7.119140625000001,2.4534031877781186,-13.184706755835407,2.100938403189456,2.150821762553851,2.248311439311868,2.491314431161322
10.61,0.011276772417197874,2.1961100503411526,7.041465138036522,2.0952669970188773,2.0973326543947715,2.099066389250119,2.1015128552719897,2.095879495223323,7.05322265625,0.3526810760078478,-13.5361472520859,2.099438457948445,2.108251854927202,1.9124259623898519,0.11792504417027251
10.620000000000001,0.012465919836166238,2.308999593506512,7.035628113103818,2.0952253761765114,2.097122872467456,2.0982307438375165,2.0986081879628142,2.096256178323719,7.05322265625,1.7750472668310253,-13.754337707518761,2.098089777080898,2.0853291706987647,1.8863968853825839,1.8923098180010312
10.63,0.012465919836166158,2.3089995935065044,7.037866798880471,2.0951845270871017,2.0969199489120958,2.097454773450096,2.096110053333808,2.0966546188683317,7.05322265625,2.3830413922700178,-13.843845025250724,2.0968897670892264,2.074495580953986,1.9533529524754476,2.311031070868722
10.64,0.011276772417197965,2.1961100503411615,7.0470268976584,2.0949445761272565,2.0960662774307,2.094805338552104,2.0877905954428027,2.0970520796136443,7.00927734375,1.708499903258263,-13.805563919023767,2.0928454436645314,2.0344879833816996,1.8262314475154544,1.6309531094690035
10.65,0.009352691475673266,2.000000000000008,7.059868367647477,2.09490917848732,2.095906241722939,2.094309350681031,2.0870462690786553,2.0974435730184604,7.05322265625,2.7807768734129317,-13.638102673197277,2.092316378733135,2.056199532467317,2.1205520262730237,2.800060644347441
10.66,0.0074286105341485375,1.7824423263574594,7.07156978878786,2.09507436593774,2.0964098352152525,2.095791387842182,2.092737330834342,2.0978480916905964,7.09716796875,2.972133476245362,-13.340363903028422,2.0948782152105148,2.1062687395138098,2.364152708226309,2.901007666353472
10.67,0.006239463115180271,1.633560796905587,7.077406562073328,2.095136387140696,2.0965610684385543,2.096184130292736,2.0944899012179587,2.0982833616975154,7.0751953125,1.6321414381436223,-12.909571562167491,2.095641650024446,2.1126306546987057,2.245893067535885,1.651995850702665
10.68,0.0062394631151801,1.6335607969055645,7.075167935630804,2.095297101220951,2.09703277153518,2.097507490152553,2.099083063261878,2.0987566345745083,7.09716796875,1.829793166309808,-12.33813606378975,2.0978034411953543,2.1320855063717326,2.250918986612222,2.0264140826997794
10.69,0.007428610534148389,1.7824423263574416,7.066008116907932,2.0953547055241373,2.097153066180856,2.097749651407298,2.0998340049079016,2.0992624130304796,7.0751953125,1.3835938639947636,-11.61382135834817,2.098188241412683,2.121288417377145,2.089942628460518,1.4639467584467256
10.700000000000001,0.009352691475673455,2.000000000000028,7.053166768657862,2.0953112069496784,2.096937307035551,2.0969998690968232,2.097328707075483,2.099778371405712,7.05322265625,1.4501602519213832,-10.718920945839246,2.0970115384264676,2.0960633051170188,1.940418965281237,1.5173299290137634
10.71,0.011276772417198119,2.1961100503411766,7.041465138036509,2.0953684231231264,2.097057794811336,2.097272682808425,2.098278318704914,2.100276851569241,7.0751953125,2.4795629424138337,-9.62444207031172,2.097459980616772,2.1011653099539283,2.0507545167904984,2.4459007446148746
10.72,0.012465919836166215,2.3089995935065097,7.035628113103804,2.0952246217451265,2.096513632852619,2.0955872459628506,2.092866787371157,2.100724319498068,7.03125,1.701972016333056,-8.275671948835276,2.094855837262511,2.0675827461129197,1.887671524670287,1.5858957392785011
10.73,0.01246591983616618,2.3089995935065066,7.037866798880457,2.095083578580212,2.0959917584137857,2.0940411434624737,2.088313139086132,2.101087061725728,7.03125,2.09123656962741,-6.549820453966029,2.0925792581259053,2.0531241430633886,1.9378189914934822,2.1603091401271355
10.74,0.011276772417198024,2.1961100503411672,7.0470268976583865,2.0950452031285645,2.095820632730536,2.0935953614895744,2.0876517345513097,2.101348284735689,7.05322265625,2.6091244919890406,-4.043711049869052,2.0921076872031934,2.0677781304088683,2.1177566658538014,2.5999181652053593
10.75,0.009352691475673337,2.0000000000000155,7.059868367647464,2.0950075759225073,2.095656307749795,2.0931943806529425,2.0871961394194916,2.1015056195526385,7.05322265625,2.2983233143871185,3.2607312795380996,2.0917285554214775,2.077621630712535,2.1636188986547253,2.258980446343354
10.76,0.007428610534148595,1.7824423263574662,7.071569788787847,2.095070623863202,2.095827545381658,2.0938026844550586,2.090027039010636,2.1015669689364667,7.0751953125,2.330770325457893,6.123820420442124,2.092926191390606,2.1019826878394485,2.2503697734103825,2.366109939977799
10.77,0.006239463115180292,1.6335607969055896,7.077406562073316,2.09513243827105,2.0959906182133716,2.0943675035258384,2.092495359051863,2.1015458015040998,7.0751953125,1.9684162574186135,7.981192376927914,2.0939978450602856,2.1135771752472037,2.218065120394988,2.005647905862333
10.78,0.006239463115180079,1.6335607969055617,7.075167935630793,2.0951930315867218,2.0961457398918153,2.094890354493448,2.0946234141326903,2.1014546348187926,7.0751953125,1.85098617704567,9.417696883296724,2.094946873370327,2.1178583538724536,2.1630541007701303,1.9101776593455149
10.790000000000001,0.007428610534148633,1.7824423263574707,7.066008116907921,2.0952524164120923,2.09629312398533,2.0953727853475552,2.0964348700519486,2.101305266362793,7.0751953125,1.9523522360823276,10.58264181504871,2.0957787536668873,2.1181148817078803,2.1169584279847706,1.9680282190975116
10.8,0.009352691475673384,2.0000000000000204,7.053166768657852,2.095410523615507,2.0967617037686646,2.096782012644098,2.101044355033125,2.1011090044411898,7.09716796875,2.413078842965144,11.54008018120462,2.097992064250966,2.1338377696599182,2.1788784298069137,2.350353954854691
10.81,0.01127677241719806,2.196110050341171,7.041465138036501,2.095465561845324,2.096879528964053,2.097104713888206,2.101782341009041,2.100869334387607,7.0751953125,1.7952390727329026,12.323833763728011,2.098414695380196,2.1208660571075955,2.056815322946432,1.7030938763962762
10.82,0.012465919836166194,2.308999593506508,7.035628113103797,2.0955194504089376,2.0969906003319108,2.097395646720333,2.102325681438362,2.1005794816855397,7.0751953125,1.9319324205859068,12.953273467188916,2.0987558273325124,2.1121091076124294,2.033429439540145,1.9716135822640293
10.83,0.012465919836166201,2.3089995935065084,7.037866798880453,2.095372377014384,2.0964377584483307,2.0957253903255757,2.096520997176239,2.1002282194647304,7.03125,1.2565922064319872,13.439178255870738,2.0960422560241163,2.0705954328760137,1.8444645799124453,1.2977142627510612
10.84,0.011276772417198079,2.1961100503411726,7.047026897658382,2.0954279423346898,2.096565402781756,2.0961249241386395,2.0977720448077264,2.099814171767438,7.0751953125,2.7251082925876524,13.788630660670517,2.096641777768177,2.0876850200294084,2.099144977160989,2.7265411458682065
10.85,0.009352691475673405,2.0000000000000226,7.0598683676474625,2.0953824436008515,2.096357517888132,2.0955240073091312,2.095709888653223,2.0993502202597827,7.05322265625,2.1796258999992304,14.007636186765481,2.095669251956094,2.0790017325187993,2.0654226050804905,2.051093441090012
10.86,0.00742861053414865,1.782442326357473,7.071569788787848,2.0955376038564157,2.0968151770727146,2.096905358175922,2.100141333012665,2.0988589916052307,7.09716796875,2.6739429359333924,14.100480919355741,2.0978025949169705,2.111642220407124,2.2589457254336764,2.665098375828185
10.870000000000001,0.0062394631151802,1.6335607969055777,7.077406562073318,2.095689646346626,2.0972512992988586,2.0981672604736756,2.1038261999370307,2.09836883789947,7.09716796875,2.1552086876068115,14.067661098183748,2.0996560762424012,2.1263910516801614,2.241649108429388,2.096711465297159
10.88,0.006239463115180171,1.6335607969055739,7.075167935630796,2.095738706772413,2.097337869194677,2.098350685749849,2.10375801780768,2.0978989657596956,7.0751953125,1.3183424131074044,13.908112389942852,2.0997580641103393,2.1135612367687377,2.087762867450872,1.4140516543421056
10.89,0.007428610534148576,1.782442326357464,7.066008116907926,2.095886587042822,2.0977473322895426,2.099474297124698,2.106676238407173,2.0974646273035913,7.09716796875,2.169064136951103,13.621290487085691,2.101303754655275,2.1232000444393977,2.138684038094725,2.227473030452376
10.9,0.009352691475673315,2.000000000000013,7.053166768657859,2.0959315423999376,2.0978080707014337,2.099527035609383,2.105925071917664,2.0970767353726085,7.0751953125,1.829353057329324,13.204638133131256,2.1011262764373324,2.1080792909284773,2.029357783385767,1.7662488172253756
10.91,0.011276772417198004,2.1961100503411655,7.041465138036511,2.0960753566133827,2.0981923790690633,2.100526528503159,2.108241574747217,2.0967401856782226,7.09716796875,2.3881533716214767,12.6513249043392,2.102418543374239,2.117119130156918,2.116164764515818,2.37825308682582
10.92,0.012465919836166172,2.3089995935065057,7.035628113103808,2.0961163034125088,2.0982287729841906,2.1004623487398186,2.106956780896189,2.096452992787877,7.0751953125,1.87080721165366,11.950503226005898,2.102014956532143,2.1022216452021265,2.0264480784411503,1.8319030967580474
10.93,0.012465919836166224,2.3089995935065106,7.037866798880464,2.0961562707823607,2.098260981560076,2.1003873695759974,2.105725839520615,2.0962039718089547,7.0751953125,2.007475798776139,11.087267562750927,2.10161780115483,2.0942821936231146,2.030618747524,2.061199838367169
10.94,0.011276772417198138,2.1961100503411783,7.047026897658394,2.0960953918691576,2.0979607073868514,2.099338206661038,2.1014611517068387,2.095978808892734,7.05322265625,1.7784077570834336,10.037562558408199,2.099743523167534,2.072667108992897,1.9593946382852754,1.8020328259165332
10.950000000000001,0.009352691475673105,1.9999999999999907,7.059868367647475,2.0960355262109323,2.0976712804217303,2.098363855967366,2.0977838729396603,2.0957669179997263,7.05322265625,2.14193404496491,8.756992067874663,2.098080261508791,2.0639339842290036,2.003024034193998,2.1537223974467192
10.96,0.007428610534148407,1.7824423263574438,7.07156978878786,2.0960765557012118,2.097721141319949,2.098427726307212,2.0977605291323878,2.0955707578873564,7.0751953125,2.5773167597104076,7.152230999057542,2.098110415410379,2.0804639739316584,2.1512529560075575,2.529796151648396
10.97,0.006239463115180222,1.6335607969055805,7.077406562073331,2.0961166235412634,2.097766878235054,2.0984782738696075,2.0977253708100667,2.09540175395131,7.0751953125,2.2471919674851257,4.963663127717357,2.0981353364045963,2.090163859419098,2.172834565586328,2.192155362156533
10.98,0.006239463115180149,1.633560796905571,7.075167935630809,2.0962556225947893,2.09813719327252,2.099481835433149,2.100769307473856,2.0952744141810506,7.09716796875,2.3059014383638856,-1.5297609120232547,2.0996444984287863,2.1133204509573655,2.2459526153006504,2.337044328497672
10.99,0.007428610534148518,1.7824423263574571,7.066008116907938,2.0962918426123767,2.0981604877585482,2.099425383437965,2.100205291247332,2.095199390878339,7.0751953125,1.5603762872857792,-5.406537656655202,2.0994603823142572,2.105833744486358,2.1184801044581385,1.616837791842098
11.0,0.009352691475673244,2.0000000000000053,7.053166768657872,2.0963271628595987,2.0981805016000155,2.099362526050296,2.0996851445584297,2.095181628119013,7.0751953125,1.8318051108655848,-7.448288137404084,2.099281931512587,2.101370562894604,2.0792873369583322,1.9144967132493709
11.01,0.011276772417197949,2.19611005034116,7.041465138036521,2.0964614668830333,2.098525874226156,2.1002589435418106,2.102284254166717,2.0952270084246565,7.09716796875,2.4357681858812246,-8.974457846053877,2.100600467662035,2.1164659638497327,2.1644970520763542,2.399215102973434
11.02,0.01246591983616615,2.308999593506504,7.035628113103819,2.096493064069243,2.0985251141256356,2.1001025557559707,2.1013416294427403,2.095334771499453,7.0751953125,1.865116685497202,-10.194507137353716,2.100241551280773,2.104727036642361,2.060071387260528,1.779065205335934
11.03,0.012465919836166245,2.3089995935065124,7.037866798880473,2.0965238238916566,2.098521891196014,2.0999461950893044,2.1004878498630126,2.0954949190609486,7.0751953125,1.9713775858639304,-11.189494069606233,2.099903962721767,2.0982238409383402,2.0472383070158826,2.0104298244895396
11.040000000000001,0.011276772417197893,2.1961100503411544,7.0470268976584025,2.096453895336768,2.0981878737228805,2.098825751495851,2.0966417602754364,2.0956939518361994,7.05322265625,1.7464364509827897,-12.000446031318905,2.0980988638715545,2.077068115979085,1.9640450103490752,1.7680943398635884
11.05,0.009352691475673176,1.9999999999999982,7.059868367647483,2.096484988999498,2.0981948761264215,2.0987551559716526,2.0964695149522825,2.0959214685085428,7.0751953125,2.452709393619809,-12.65041234367726,2.0980040971862217,2.0861254324633705,2.0942202216384853,2.446942139575351
11.06,0.007428610534148465,1.7824423263574507,7.071569788787867,2.0964154005403346,2.0978709814343675,2.0977175865183213,2.093246708601259,2.0961715917490436,7.05322265625,1.9733056369579922,-13.152454590787144,2.096429061986548,2.073729409062614,2.0334818654416664,1.9073711799992474
11.07,0.006239463115180244,1.6335607969055834,7.077406562073335,2.096446844268727,2.0978880989312043,2.0977277147625704,2.0936543928746616,2.096443455307495,7.0751953125,2.382101616413282,-13.514338690343147,2.096551734650237,2.0874713109550647,2.1439191235225064,2.402532198284882
11.08,0.006239463115180127,1.633560796905568,7.075167935630812,2.0965773452252954,2.098231309154564,2.0986984867492584,2.0971334281171523,2.096743155251273,7.09716796875,2.4989745654316935,-13.742485099006444,2.0981616958220606,2.112827008903593,2.242165359651523,2.4630696612495298
11.09,0.007428610534148461,1.7824423263574503,7.066008116907942,2.0966052218693743,2.098228976916532,2.0986166515789684,2.096994119222391,2.097069658366465,7.0751953125,1.6437492578099722,-13.84175134829068,2.0980770883197706,2.1064355759977134,2.1199790087831065,1.6510724625533137
11.1,0.009352691475673173,1.999999999999998,7.053166768657873,2.096632337792422,2.0982247935709113,2.098535052666339,2.0968798163775153,2.09741207822009,7.0751953125,1.781752338671906,-13.813220527838382,2.097996583435791,2.1024430559637466,2.0806829567054503,1.886566941028241
11.11,0.01127677241719789,2.1961100503411544,7.041465138036521,2.0966587064485447,2.098218878348339,2.0984540796320803,2.096788120446063,2.0977551841580278,7.0751953125,2.065657468859825,-13.65566546334204,2.0979205215011345,2.0999962539041066,2.0737392162044657,2.0583497200142373
11.120000000000001,0.012465919836166245,2.3089995935065124,7.035628113103817,2.0966843411987277,2.098211346377538,2.0983740821746077,2.0967167051561613,2.098078207722537,7.0751953125,2.171272417445259,-13.367995748177899,2.0978490898781463,2.0985336216572112,2.0772878265036714,2.1141020607771077
11.13,0.01246591983616615,2.308999593506504,7.03786679888047,2.0966093965858343,2.0978737870102604,2.0973304671036423,2.0935700192206816,2.0983533591709467,7.05322265625,1.7599789713690392,-12.947643192848334,2.0962905394405573,2.079866661684523,1.988102751987583,1.7580143453882517
11.14,0.01127677241719795,2.19611005034116,7.0470268976584,2.0964358392829148,2.097220858104663,2.0954057398968584,2.0878450218867157,2.098551659823932,7.03125,1.6223491171232776,-12.387480112813716,2.0934381403213513,2.053936937074724,1.9142071058608234,1.7511875832441053
11.15,0.009352691475673245,2.0000000000000058,7.059868367647477,2.0964652282333582,2.097252888709916,2.095577166675512,2.08932006481837,2.098658994238813,7.0751953125,2.761570920198752,-11.675451529111234,2.0939577663019353,2.080787395143016,2.1668911671350344,2.7805650404817905
11.16,0.007428610534148522,1.7824423263574574,7.07156978878786,2.096493875370984,2.0972826909592555,2.0957391616694365,2.0906712805338947,2.098673271969586,7.0751953125,2.3953869728611425,-10.794443341925195,2.0944427786916022,2.095542335163437,2.2034417573201233,2.3034156603425084
11.17,0.006239463115180265,1.6335607969055863,7.077406562073328,2.096521792741076,2.0973103509804436,2.0958919143713404,2.091899421770641,2.0985908751795836,7.0751953125,1.9422746293296782,-9.716768426109745,2.094889723153847,2.103046285059655,2.1814769262431812,1.9927891908684365
11.18,0.006239463115180106,1.6335607969055652,7.075167935630804,2.0965489923163307,2.097335952727225,2.0960356226043073,2.0930061984635824,2.098406366938162,7.0751953125,1.8455904916450543,-8.390463518443257,2.0952969603786085,2.1062880657149474,2.1494587923058575,1.9449396770814993
11.19,0.007428610534148405,1.7824423263574434,7.066008116907933,2.0965754859972625,2.0973595781062566,2.0961704950075255,2.093994578509158,2.0981121347321237,7.0751953125,1.9677838509091106,-6.70116512899202,2.0956642271030073,2.107114903184712,2.123196923416826,1.9997307492980387
11.200000000000001,0.009352691475673474,2.00000000000003,7.053166768657863,2.0965014214389255,2.097052691175884,2.0953310666865375,2.0917646338011306,2.097697946844297,7.05322265625,1.6749520961667737,-4.290959985601706,2.094499188887901,2.0889106631413705,2.012625737837338,1.677066147440387
11.21,0.011276772417198133,2.196110050341178,7.04146513803651,2.096528504333868,2.0970873062900064,2.0955325135703258,2.093047944579823,2.0971581605620826,7.0751953125,2.40587602274981,2.9255244763463084,2.0949862017933736,2.0982597681276007,2.11472132892646,2.3946163427112253
11.22,0.012465919836166222,2.3089995935065106,7.035628113103805,2.0963551589992364,2.0964624911626832,2.0937895963148323,2.0879724391760908,2.096493783911544,7.03125,1.5346059280733988,5.954384565031021,2.0924368068242387,2.067055804217901,1.9396118311547963,1.4588731382328428
11.23,0.012465919836166173,2.308999593506506,7.037866798880459,2.096484673184473,2.096851109257818,2.095101021104893,2.093104946091984,2.095721629755908,7.09716796875,2.910746912240798,7.856507722969911,2.0947160202832027,2.1075516069158,2.244955820155027,2.9298908438294076
11.24,0.011276772417198006,2.1961100503411655,7.047026897658388,2.096511643714636,2.0968937022216267,2.095343392661948,2.094388059724716,2.094872178009048,7.0751953125,2.0515928779672743,9.31820295204806,2.095233516372796,2.1089715305320005,2.1673677162764755,1.949526206579851
11.25,0.009352691475673316,2.0000000000000133,7.059868367647467,2.096537936824563,2.0969340703305748,2.0955708222563016,2.095501482959698,2.093975751782339,7.0751953125,1.7666389564858804,10.501153182130544,2.0956928115950797,2.10862072789579,2.1251911147660585,1.8789381954047062
11.26,0.007428610534148578,1.7824423263574642,7.071569788787851,2.09676328108199,2.097629431157032,2.097714602271324,2.1026333142639904,2.093070986338509,7.119140625000001,2.5694283423621442,11.473109797254317,2.0990796451541915,2.142449707955694,2.2794242648233602,2.58668820699437
11.27,0.006239463115180287,1.633560796905589,7.077406562073319,2.096784321282655,2.0976361456192003,2.097746131166103,2.102412630946542,2.0921916434127694,7.0751953125,1.2814191592590087,12.269361859326771,2.0990391303176392,2.1203569770504433,2.0542988236935273,1.1737845564035867
11.28,0.006239463115180084,1.6335607969055623,7.075167935630796,2.097004451289029,2.0982984490323724,2.09970068227755,2.108306987537881,2.091363625166278,7.119140625000001,2.429893637735908,12.910240986067672,2.1019544321265107,2.142097824046305,2.1901836693997296,2.474523091858511
11.290000000000001,0.0074286105341483475,1.7824423263574365,7.066008116907926,2.0970203632227666,2.098273165275093,2.0995534604618697,2.106986972303102,2.0906035075850795,7.0751953125,1.4320745428156827,13.4069440335085,2.101482972792614,2.113891081685893,1.9809341517353152,1.3328367919578787
11.3,0.009352691475673403,2.0000000000000226,7.053166768657857,2.0971355714607363,2.0985757573200208,2.1003726401950575,2.1088127064602484,2.0899144036256443,7.09716796875,2.2589113107781964,13.766673106435377,2.102513673552335,2.1156370114685252,2.061566857904262,2.2974242699166894
11.31,0.011276772417198077,2.1961100503411726,7.041465138036506,2.097048607398617,2.098206414485981,2.099182656047632,2.104028540965929,2.089291140873929,7.05322265625,1.4825886757008488,13.995487172061083,2.100392020349614,2.079241186121866,1.8865942649615077,1.472549063676951
11.32,0.012465919836166201,2.3089995935065084,7.035628113103803,2.0970629466555804,2.0981801241233695,2.099047174641506,2.1029688086825487,2.0887249267655057,7.0751953125,2.3850432989209693,14.097913182627343,2.099992381257002,2.080242937494049,2.0299776032969183,2.448390165338499
11.33,0.012465919836166194,2.308999593506508,7.037866798880457,2.0969769365347917,2.0978250558765774,2.0979500753554188,2.0988930203456895,2.088211124019693,7.05322265625,2.0335874323285354,14.074699745969424,2.098131610250853,2.064165994531231,1.9982728496905056,2.0154823944796765
11.34,0.011276772417198065,2.1961100503411712,7.0470268976583865,2.0968923904786694,2.097484377074448,2.096939649206867,2.095415917525479,2.08774914708738,7.05322265625,2.11308725952858,13.924845945952153,2.0964958946998253,2.0589402262122856,2.044542992217853,2.1807606349759885
11.35,0.009352691475673388,2.000000000000021,7.059868367647467,2.0969091495522645,2.0974863932544343,2.096978469291602,2.095594645674597,2.087351429487839,7.0751953125,2.4980448243403948,13.647780486374478,2.09656589596324,2.077700279757278,2.1815738109368583,2.5011443180813835
11.36,0.007428610534148636,1.7824423263574711,7.071569788787853,2.096925393941369,2.0974875975600993,2.0970139061100355,2.0957629664012885,2.0870387413934304,7.0751953125,2.2053598013550246,13.241248476174793,2.0966392112949856,2.0887679041673395,2.1923267860889752,2.1601230688337067
11.370000000000001,0.006239463115180194,1.6335607969055768,7.077406562073323,2.0970409774238665,2.0978165677559892,2.09801157517307,2.09900827430236,2.086833526411496,7.09716796875,2.3099495916186727,12.69873625753565,2.098204248531142,2.11275403152181,2.256260017115405,2.3214027517932307
11.38,0.006239463115180177,1.6335607969055745,7.075167935630801,2.097054258524544,2.0978015994606016,2.097957308270301,2.098642029638493,2.086751967383873,7.0751953125,1.587393937692829,12.009660124473186,2.098079498722522,2.1057431905505695,2.1225110226777972,1.611019063444618
11.39,0.00742861053414829,1.7824423263574296,7.0660081169079305,2.09716691293786,2.0981147851792765,2.098868966531455,2.1013906259359203,2.086800868853218,7.09716796875,2.2015027712401025,11.159576381868217,2.0994542536501615,2.119182746602227,2.1695399070170502,2.2502093638985157
11.4,0.009352691475673332,2.000000000000015,7.0531667686578645,2.097177311425229,2.0980845154881647,2.0987333754563937,2.100584999550356,2.0869749279588463,7.0751953125,1.7773396151383962,10.125394535324268,2.0991515256784115,2.106419766574226,2.0523119842704167,1.7349011999542807
11.41,0.01127677241719802,2.196110050341167,7.041465138036515,2.0971872859454312,2.0980543483165826,2.0986028554849123,2.0998586947395195,2.0872520839316304,7.0751953125,2.0118870795723156,8.864928440993415,2.0988704058951737,2.0992607780941643,2.036410037947648,2.0342541132838123
11.42,0.012465919836166179,2.3089995935065066,7.0356281131038125,2.0969971696646055,2.0973672751358534,2.0965469119585363,2.0930422001721367,2.08759673048448,7.03125,1.3505779821298576,7.290436412358664,2.095628514245969,2.0597017581868093,1.8524991903883499,1.3667897193430665
11.43,0.012465919836166217,2.30899959350651,7.0378667988804695,2.0968105606836094,2.096709567319818,2.0946614977040645,2.087303503487909,2.087970726359804,7.03125,2.140044691249083,5.166183395477093,2.092798143792399,2.043024512929732,1.9157311640112789,2.1753945495555342
11.44,0.01127677241719812,2.196110050341177,7.047026897658399,2.0966274299970626,2.0960806091454507,2.0929395024278095,2.08255425420537,2.0883488203129548,7.03125,2.4380745479351567,-0.5249580400878727,2.0903555752727843,2.0396050140884685,2.019690212690091,2.3738508087033745
11.450000000000001,0.009352691475673086,1.9999999999999887,7.059868367647479,2.096447747884227,2.095479773071273,2.0913736739517708,2.0787060050546167,2.088721792439124,7.03125,2.357650476924805,-5.214874977437937,2.0882737380303076,2.043373526746768,2.09949070405497,2.312581430969078
11.46,0.007428610534148392,1.7824423263574418,7.0715697887878655,2.0963713593397526,2.0952353620074278,2.0909253921279345,2.078805135452947,2.089100218293428,7.05322265625,2.49804794079786,-7.3151568731236996,2.0880225193227124,2.0686596956032903,2.2318597013121027,2.5034706918978578
11.47,0.006239463115180216,1.6335607969055796,7.077406562073335,2.0964961485043587,2.095660999963444,2.0924725800829047,2.0854023320914536,2.0895111189113624,7.09716796875,2.711441543165553,-8.870444091352464,2.090871869543262,2.1196874393965213,2.39658333683496,2.7029615291616023
11.48,0.006239463115180155,1.6335607969055719,7.075167935630813,2.0965185620163305,2.095740265686213,2.0929387970976254,2.087994906114165,2.0899783305941195,7.0751953125,1.5146091184254082,-10.110248247539694,2.091917210550751,2.1258377683008587,2.240556704473808,1.5410759921351669
11.49,0.007428610534148233,1.7824423263574227,7.066008116907942,2.0966403243316964,2.0961459151494473,2.0943479245483356,2.0934275686150023,2.0905126339329576,7.09716796875,1.9161131811297076,-11.120646361239933,2.094357174622509,2.144207827379296,2.2251507821409997,2.0349254299391712
11.5,0.009352691475673263,2.0000000000000075,7.053166768657874,2.096659752587967,2.0962056391996047,2.094680858512196,2.0949155412700504,2.091108213009343,7.0751953125,1.5176579898951374,-11.944659739785878,2.095007990760396,2.132060622555554,2.054085950840283,1.5070478182670142
11.51,0.011276772417197963,2.1961100503411615,7.041465138036523,2.096478976073622,2.0956056913449683,2.0930579960673983,2.089956172129646,2.0917368342633798,7.03125,0.8283712842493252,-12.606450560988065,2.0925894770606193,2.087563491894519,1.7987752445213745,1.0041779823659924
11.52,0.012465919836166158,2.3089995935065044,7.03562811310382,2.096301641823671,2.095032975851643,2.0915817638398995,2.0858569475594826,2.0923646790212325,7.03125,2.1214244739933497,-13.119534183321521,2.0904865862875166,2.06570369069744,1.8443355876123848,2.1647871688483837
11.53,0.012465919836166238,2.308999593506512,7.037866798880474,2.096127718279632,2.0944868543232755,2.090245265040131,2.0825327704763725,2.092967258775382,7.03125,2.515744637819621,-13.491971946679593,2.088681425931803,2.057310871027559,1.9568897153337679,2.4248972975893737
11.540000000000001,0.011276772417197878,2.196110050341153,7.047026897658403,2.09605706316424,2.0942957836006957,2.0900113502502644,2.083012283998369,2.0935319510079906,7.05322265625,2.71409755137853,-13.73020972167731,2.0886516418978416,2.0745020551207247,2.1454833946617726,2.6393914427587517
11.55,0.009352691475673157,1.9999999999999962,7.059868367647483,2.0957880090601764,2.093457075522444,2.0878795380046196,2.0773615109060684,2.094053266736378,7.00927734375,1.4004369089183344,-13.839350073146473,2.0856825414234303,2.0488759767623375,2.0024818474985566,1.472285386157261
11.56,0.007428610534148449,1.7824423263574487,7.071569788787867,2.0957240477826997,2.093316448253218,2.087895728499963,2.07905975981492,2.094541628500159,7.05322265625,2.4840397256734295,-13.82067481292259,2.086153520244775,2.076313014817651,2.214037926880451,2.61193458162651
11.57,0.0062394631151802375,1.6335607969055825,7.077406562073335,2.0958612136408097,2.0938436187156513,2.0898822182558847,2.0869499057762426,2.0950282551171404,7.09716796875,2.8233193897594306,-13.673015515219626,2.089633905848683,2.1269280576461957,2.397477232517988,2.7722393416805486
11.58,0.0062394631151801334,1.633560796905569,7.075167935630812,2.095895858983054,2.094021138872087,2.090754998212439,2.090595001127755,2.095538444821127,7.0751953125,1.595823129012618,-13.395362166772387,2.0912220495384926,2.1317291451829723,2.243972593334466,1.5563692514291063
11.59,0.007428610534148176,1.782442326357416,7.066008116907941,2.0959298743362806,2.094193316796309,2.091573970655999,2.0937219359760926,2.096081410774412,7.0751953125,1.4437934082398747,-12.985329970347266,2.092631299727543,2.130961110770232,2.138379590300218,1.6328359560260062
11.6,0.009352691475673192,2.0,7.0531667686578725,2.0959632648057234,2.0943601769485336,2.092340194176543,2.0963669014865784,2.096654082957508,7.0751953125,1.8596929507557771,-12.436177287443401,2.093870878059858,2.127382899060451,2.0740237554290237,1.8850458017225253
11.61,0.011276772417197907,2.196110050341156,7.04146513803652,2.0958961431140892,2.0941926276370664,2.0920855316702345,2.0954873397401976,2.0972376239614277,7.05322265625,1.7376394890913616,-11.736335920479643,2.0934577885209333,2.1050343633298323,1.947807294284035,1.6606877482016407
11.620000000000001,0.012465919836166248,2.308999593506513,7.035628113103814,2.095730470081278,2.0937053447331744,2.0908956448659968,2.0916545745574533,2.097800748188345,7.03125,1.7766078561739524,-10.869148072428354,2.09159940602097,2.0748827542040944,1.8601518891542406,1.7409777240539759
11.63,0.012465919836166144,2.3089995935065035,7.037866798880468,2.095568086043082,2.0932418662767858,2.0898217754683417,2.0884556411276702,2.0983123999024795,7.03125,2.2702996627444096,-9.808056198110766,2.089985830528255,2.061271276114541,1.9316438795601707,2.2408600583843303
11.64,0.011276772417197933,2.196110050341159,7.047026897658396,2.095408957094565,2.0928015692641364,2.088857886378949,2.0858292742053512,2.0987504495158467,7.03125,2.3790182003839866,-8.503805127537039,2.088603320344981,2.0572711015924616,2.0219710871568757,2.3263669785262047
11.65,0.009352691475673226,2.0000000000000036,7.059868367647474,2.095253048876014,2.092383827956162,2.087997974017731,2.083717240360093,2.099104572980226,7.03125,2.261945434516771,-6.849681579216707,2.087435862498453,2.0585101687715746,2.0889239848834933,2.2514329901981225
11.66,0.007428610534148505,1.7824423263574554,7.071569788787857,2.095200256995318,2.092317512301718,2.08820684084886,2.085154550906339,2.0993798078589307,7.05322265625,2.4536691258102707,-4.525740486279732,2.087964984690391,2.0802841481176175,2.2148183409785083,2.4689110888268266
11.67,0.006239463115180259,1.6335607969055854,7.0774065620733255,2.095248587884598,2.092587296799158,2.0893940919798673,2.0895778377889958,2.0995930751400596,7.0751953125,2.430282810065259,2.544158970444674,2.089974330573981,2.1100635112892143,2.2965141989815434,2.419142733036893
11.68,0.006239463115180112,1.633560796905566,7.075167935630801,2.0952961318196226,2.0928486596466076,2.0905028264217265,2.0933784205263435,2.0997604496167446,7.0751953125,1.9340584046824258,5.779041347782321,2.0917624262759564,2.1234712994065577,2.2428743284124013,1.954119192430937
11.69,0.0074286105341481185,1.7824423263574092,7.066008116907929,2.0953428925097155,2.093101656940743,2.0915351976507224,2.0966013482663395,2.0998890090464575,7.0751953125,1.7613940163722945,7.728889389255395,2.0933386186918055,2.1276517706601066,2.1660635116306217,1.8392721624913064
11.700000000000001,0.009352691475673493,2.000000000000032,7.053166768657859,2.0953888738947066,2.093346353669483,2.0924934971065268,2.0992933773563376,2.0999748216899996,7.0751953125,1.9012408357155977,9.216785109974973,2.0947149145359876,2.1268398612472734,2.1038560664648496,1.9244317731863565
11.71,0.01127677241719815,2.1961100503411797,7.041465138036506,2.0952342363386456,2.092924099515067,2.0914439665011657,2.095342438301751,2.1000003406070817,7.03125,1.104543834783211,10.41814627860506,2.092917629479367,2.0882024245145687,1.8711057036483922,1.130520222015269
11.72,0.012465919836166227,2.308999593506511,7.035628113103802,2.095182680391884,2.092852580404394,2.091462409077651,2.0950614661237075,2.0999462450241015,7.05322265625,2.3827895032396262,11.404764270247187,2.092836386703894,2.086979982432953,1.996449362065899,2.3971252236291103
11.73,0.012465919836166168,2.3089995935065053,7.037866798880455,2.0950323495647765,2.092457624042819,2.0905231142094407,2.0917201797077625,2.099800270739331,7.03125,2.1192274437970764,12.21364086803685,2.0912747963390252,2.0689933722079847,1.9619614105305048,2.0294750630000853
11.74,0.011276772417197992,2.196110050341164,7.047026897658385,2.0948851186684463,2.0920831225088787,2.0896769483481665,2.088914604147406,2.09955907706034,7.03125,2.167462544400397,12.865895571481575,2.08992359199661,2.0620832561410927,2.01448942783777,2.207502910763717
11.75,0.009352691475673297,2.000000000000011,7.0598683676474625,2.094840900744338,2.092058075481181,2.089887426259124,2.089696931273403,2.099239539489349,7.05322265625,2.513715151023368,13.373406392233454,2.090267001267503,2.0793632121583823,2.161112481790639,2.517122729463201
11.76,0.0074286105341485635,1.7824423263574625,7.071569788787846,2.0948977006026595,2.092367163036466,2.0910650738770693,2.0935065981136978,2.0988770568981097,7.0751953125,2.529041436632694,13.743447991370767,2.0920925800395955,2.1069374670042,2.26593713274301,2.467506097778659
11.77,0.006239463115180281,1.6335607969055883,7.077406562073315,2.095053528170425,2.0929952542872035,2.093123281644688,2.0998186073483582,2.0985149572815565,7.09716796875,2.3348887738748156,13.982217645889278,2.0951969003142925,2.1369537691322593,2.3149710996581088,2.3095657122252136
11.78,0.00623946311518009,1.6335607969055632,7.075167935630792,2.0952064734991676,2.0935981437372413,2.095013164924857,2.1050752012931975,2.098190986345959,7.09716796875,1.7912388166649125,14.094349193355026,2.0978980756312375,2.148082037041452,2.235128196022506,1.8351740844787174
11.790000000000001,0.007428610534148363,1.7824423263574385,7.066008116907921,2.0952566372389647,2.093847067690652,2.0957772388908937,2.1063011027808387,2.097927363378545,7.0751953125,1.16937952358871,14.08088890230359,2.0987327473956667,2.13139455506614,2.0490409633345323,1.3274107789440184
11.8,0.009352691475673422,2.0000000000000244,7.053166768657852,2.0954058647411937,2.0944158202456027,2.0974369050322794,2.110259845354769,2.0977341818606408,7.09716796875,2.2227612315032585,13.940887918677443,2.1009074128396694,2.136938123184596,2.0911588633605973,2.2502786772886574
11.81,0.011276772417198095,2.1961100503411743,7.041465138036501,2.0954523502218154,2.0946313867442594,2.0979829266409813,2.110318175172662,2.097606895983912,7.0751953125,1.9017098752161032,13.673671218168748,2.1012633144179493,2.118148499025548,1.9823988308795257,1.8113619083929502
11.82,0.012465919836166206,2.3089995935065093,7.035628113103797,2.0953980912279313,2.0945091268751916,2.097506917645407,2.107057817497932,2.097522322193435,7.05322265625,1.6573760170687502,13.277262944441395,2.100025416655703,2.0885172344938936,1.8857100760540426,1.7262675734138362
11.83,0.01246591983616619,2.3089995935065075,7.0378667988804535,2.0952450514126038,2.094063905389031,2.096094940161457,2.101010665725281,2.097450496882843,7.03125,1.7696195099578909,12.7454631471275,2.0974029889288,2.055758721061866,1.839809839804191,1.8499065468560583
11.84,0.011276772417198048,2.19611005034117,7.047026897658383,2.0951950294291892,2.0939685834902706,2.0957583888132976,2.098920693117302,2.097368931518846,7.05322265625,2.594028850840596,12.068082847928487,2.09657541919192,2.0605792295996532,2.0416587507790607,2.586579876545749
11.85,0.009352691475673369,2.0000000000000187,7.059868367647463,2.0951461038662025,2.093878766424454,2.095445117826014,2.0970998436255757,2.097265225085823,7.05322265625,2.4326603465564407,11.230976048859109,2.0958425222136405,2.0658871273564436,2.1248300365011956,2.3552645774801717
11.86,0.007428610534148619,1.7824423263574691,7.071569788787849,2.095098260576231,2.0937942763438753,2.0951543847249496,2.095533737286975,2.097131750567951,7.05322265625,2.129412063226585,10.212058707548564,2.0951994706524144,2.0710525378875273,2.153667787283498,2.1503739745129167
11.870000000000001,0.006239463115180189,1.633560796905576,7.077406562073318,2.094951546740258,2.093385725470537,2.0939200414220003,2.0910998330077675,2.0969672174071063,7.03125,1.588123706139802,8.971134345966265,2.0931464953296186,2.057717548720541,2.0642857472981446,1.7009291310030041
11.88,0.006239463115180182,1.6335607969055754,7.075167935630799,2.095107665832536,2.093984453287185,2.095685951517565,2.096697817925121,2.096786310623571,7.09716796875,2.89320438677466,7.426061149438305,2.095849252802513,2.108010345486472,2.334786707952984,2.905643478607096
11.89,0.007428610534148306,1.7824423263574316,7.066008116907928,2.0952608625875135,2.0945580050628063,2.09730004594436,2.101382301382741,2.09660963607861,7.09716796875,2.2950525946289653,5.36179357234963,2.098215076114342,2.131669781928523,2.3036669029107437,2.171842719023787
11.9,0.009352691475673351,2.000000000000017,7.053166768657862,2.095311241402841,2.0947779560530635,2.0978057990163266,2.102178127951904,2.0964405132221406,7.0751953125,1.197908467080031,1.3435347714858272,2.0987721949574607,2.122862315667773,2.116792285725409,1.3158659164773912
11.91,0.011276772417198036,2.1961100503411686,7.041465138036513,2.095260801118426,2.094659683314642,2.097294007677371,2.0996896986436875,2.0962679217726983,7.05322265625,1.134387965301847,-5.013649860782068,2.097738857370896,2.098406071401546,1.9459596364882672,1.3542051195658453
11.92,0.012465919836166184,2.308999593506507,7.035628113103811,2.095211437650101,2.094547091480062,2.09681488809991,2.0975234964244085,2.0960786386343626,7.05322265625,2.0869630084097612,-7.177685798480468,2.09681179298066,2.085800916393591,1.9456514763746542,2.079746686703297
11.93,0.012465919836166212,2.3089995935065093,7.037866798880467,2.095163137747258,2.0944400301671084,2.0963675886460824,2.095658017957752,2.095865054768562,7.05322265625,2.3911617531349,-8.763595404329543,2.095988409054884,2.0802865647898265,1.9918579638813538,2.278938214825181
11.94,0.011276772417198107,2.1961100503411752,7.047026897658396,2.0951158881034684,2.0943383493445995,2.09595121039778,2.0940715475377405,2.0956268711741712,7.05322265625,2.3236402106529046,-10.023821429382755,2.0952642953544043,2.078811309709621,2.0386974025687365,2.2538458816926834
11.950000000000001,0.009352691475673067,1.9999999999999867,7.059868367647477,2.0950696753600733,2.094241899391369,2.095564805915514,2.09274213045276,2.0953732494423853,7.05322265625,2.1611001025441006,-11.050105030817118,2.094633796658165,2.079482363813633,2.07255762267598,2.1843905077610946
11.96,0.007428610534148376,1.78244232635744,7.071569788787864,2.0951244212599445,2.0944795445892597,2.0961728876567447,2.0947306082364934,2.095125500763991,7.0751953125,2.4083575382377176,-11.887448662614565,2.095583848484447,2.0989720216721257,2.1824918455799183,2.4379152780804705
11.97,0.00623946311518021,1.6335607969055788,7.077406562073334,2.09527813876834,2.0950363000587524,2.0976902744453385,2.099498971133188,2.094912794073718,7.09716796875,2.4400181908138645,-12.561055967845599,2.097909183523296,2.1258823407246608,2.261285284471425,2.4109883769784224
11.98,0.006239463115180161,1.6335607969055725,7.075167935630813,2.0953290106745883,2.095239777510136,2.0981063494591745,2.100405631673222,2.0947582554940607,7.0751953125,1.5541944069261031,-13.085207779895535,2.0984352719883135,2.1190660281765683,2.1218354678531957,1.564486204915743
11.99,0.007428610534148249,1.7824423263574247,7.066008116907942,2.0954788778894957,2.095762992767548,2.0994404207247785,2.1041849281691807,2.094676463932626,7.09716796875,2.120129224701589,-13.468154786964721,2.1003600632786426,2.131116317516861,2.161134920748089,2.188585489268302
12.0,0.009352691475672909,1.9999999999999698,7.053166768657876,2.09552594351463,2.095933821814983,2.099683183915482,2.1041985123957385,2.09467148884191,7.0751953125,1.7104275431133125,-13.716493151241776,2.1005163831135714,2.116479165403997,2.0387988863355644,1.6789933745306778
12.01,0.011276772417197978,2.196110050341163,7.041465138036526,2.095672029932404,2.0964250474097215,2.1008527405522317,2.107176413649227,2.0947333086368585,7.09716796875,2.3376674810554383,-13.83536808188215,2.1021004841734974,2.1248414229890016,2.1151340934522214,2.3347372483442963
12.02,0.012465919836166161,2.308999593506505,7.035628113103823,2.0955155413993287,2.0959073912620605,2.099011793979951,2.1002953950517345,2.0948346828053053,7.03125,0.7556051720578953,-13.826604012023834,2.0989698930351155,2.0732582354237707,1.8188849123328514,0.7015902473455214
12.030000000000001,0.012465919836166118,2.308999593506501,7.037866798880478,2.0954620398464225,2.0957403093633973,2.0982731332676305,2.097486587644369,2.0949413496316764,7.05322265625,2.320890950776639,-13.68899830334781,2.0976888844731016,2.0670229659532384,1.9678602530990308,2.395548087601275
12.040000000000001,0.011276772417197862,2.1961100503411517,7.047026897658408,2.095309698401619,2.0952511211085194,2.0966181893970033,2.0919772386398425,2.0950273651966542,7.03125,2.1910839616376823,-13.421492212481391,2.0950641896705084,2.048285327784986,1.966079183040664,2.109182636560886
12.05,0.009352691475673136,1.999999999999994,7.0598683676474865,2.0952603110749584,2.0951120305696196,2.0960609675808097,2.090466948932983,2.0950766293663587,7.05322265625,2.574670368013517,-13.021894519176252,2.0942693463632076,2.0612551018096488,2.1347633709969367,2.557537585429701
12.06,0.0074286105341484325,1.7824423263574467,7.07156978878787,2.095112031022538,2.0946501391211814,2.0945799170087698,2.086146994388269,2.095086334264096,7.03125,1.9233693265213958,-12.483921820069177,2.092099644601753,2.0528295205143445,2.089032121083721,1.91939916150863
12.07,0.006239463115180232,1.6335607969055819,7.077406562073339,2.0952665316235337,2.095195667479831,2.096124732453234,2.0919468144478177,2.0950700375332074,7.09716796875,2.8747694874326073,-11.796184848175947,2.094718877030577,2.1063165324343722,2.3636628442588923,2.9002183230464054
12.08,0.006239463115180139,1.6335607969055697,7.075167935630816,2.0954180841282803,2.0957171542461093,2.0975371886852323,2.096891644480655,2.0950473025123793,7.09716796875,2.196000420910753,-10.942590587880577,2.0970274339452275,2.131879654230134,2.328238019859953,2.1041668205856356
12.09,0.007428610534148191,1.7824423263574178,7.066008116907944,2.0953668842222153,2.095557645245826,2.096892581448024,2.0948642571751668,2.0950202860901053,7.05322265625,-0.5396730962167356,-9.897780871761523,2.096056569727516,2.1065820807033506,2.0420652845388694,0.3146841723372263
12.1,0.009352691475672838,1.999999999999962,7.053166768657875,2.095416652894177,2.095733523578789,2.0972616372774557,2.0962575303619566,2.0949841922844543,7.0751953125,2.0191505360928357,-8.61490316358554,2.0966932650126386,2.1107181068425946,2.0707049774551316,2.1334965907238814
12.11,0.011276772417197921,2.1961100503411575,7.041465138036522,2.095365573662741,2.0955723586945827,2.096627594977512,2.094337874356053,2.094934259949496,7.05322265625,1.966390945909092,-6.994278141494974,2.095751084479766,2.093870885487177,1.9708097681383365,1.852009060812543
12.120000000000001,0.012465919836166257,2.3089995935065137,7.035628113103818,2.095415459222532,2.0957466556575604,2.097007431215473,2.0958242864496963,2.0948650854838444,7.0751953125,2.509120587262414,-4.748229849245255,2.096416895942628,2.103402816024768,2.079899147123434,2.4504474025815886
12.13,0.01246591983616614,2.308999593506503,7.037866798880471,2.0953644931740554,2.0955839775060565,2.0963844393171973,2.0939920593760175,2.0947710703825537,7.05322265625,1.9341412761546644,2.0946300127095276,2.095503096073361,2.0897927946565398,2.006006283886282,1.883615490864375
12.14,0.01127677241719792,2.196110050341157,7.0470268976584,2.095214641970729,2.095099153351458,2.094843460790044,2.0893683106309635,2.09464568262093,7.03125,1.5948014888713484,5.597504735736442,2.093209469937103,2.065565975511859,1.924010607390573,1.704636691710927
12.15,0.009352691475673209,2.0000000000000018,7.059868367647477,2.0952676362200724,2.0952933576153447,2.095364763801078,2.0917242401543517,2.0944971806610293,7.0751953125,2.7137599035767717,7.598332489110291,2.0942080984810505,2.0919201681845068,2.1650953743571,2.7275906827124343
12.16,0.007428610534148491,1.7824423263574538,7.07156978878786,2.095319661822678,2.095478956323205,2.095843082592627,2.0937694286980038,2.0943456174002724,7.0751953125,2.358722125808828,9.113323409861062,2.0950976270098844,2.1053027199883427,2.1946895576507246,2.259207817707859
12.17,0.006239463115180253,1.6335607969055845,7.077406562073328,2.0953707266824217,2.0956561493074943,2.096280329038118,2.095525406719142,2.094209336275125,7.0751953125,1.9380998085723595,10.333637910145994,2.095881325348942,2.111145575366188,2.169856989758117,1.972310963783615
12.18,0.006239463115180118,1.633560796905567,7.075167935630804,2.09552075453231,2.0961539021186346,2.097643554588999,2.100100248075285,2.0941043802821713,7.09716796875,2.222267750579673,11.33529345357681,2.0980558558574254,2.130292550278799,2.2263083893170275,2.272014611059312
12.19,0.007428610534148134,1.782442326357411,7.066008116907932,2.0954680413715914,2.095971419095893,2.096955759970741,2.097743490257594,2.094036010675961,7.05322265625,1.0485372122228938,12.15699915437683,2.0969563010567613,2.1016942461045183,1.999630282478499,1.109732273926836
12.200000000000001,0.009352691475673141,1.9999999999999947,7.053166768657862,2.095516293325961,2.0961249518027727,2.097284995361977,2.098807888583946,2.0940025918314458,7.0751953125,2.2232725697517552,12.820877934935579,2.0974695849713445,2.1044751415932357,2.074334738974868,2.282415121850498
12.21,0.011276772417198164,2.196110050341181,7.041465138036509,2.0955636182977018,2.096270894632177,2.097580703823417,2.0996683601365973,2.094002569202943,7.0751953125,2.334881557664736,13.339285633962971,2.097903868505998,2.105085371264721,2.0914161639365254,2.249361521858441
12.22,0.012465919836166234,2.3089995935065115,7.035628113103804,2.095610025083128,2.096409452185175,2.0978447090911527,2.1003452718770457,2.094026062054679,7.0751953125,2.1982973013949234,13.719693948182734,2.098265909324355,2.104583312030616,2.0928879857137783,2.161855753893652
12.23,0.012465919836166161,2.308999593506505,7.037866798880457,2.0954556996598197,2.095883335576966,2.0961483696515693,2.094676162843423,2.0940524960652986,7.03125,1.1573295119056657,13.968282080532019,2.09557894511548,2.067893570179698,1.8984120588051052,1.3008214491804704
12.24,0.011276772417197975,2.196110050341163,7.047026897658386,2.0953043946918677,2.095379523782715,2.0945895611733563,2.089874938528069,2.0940629214216773,7.03125,1.9745909010127152,14.089985281541384,2.0932229931476938,2.0518013204219963,1.9397086949684301,2.113552919233735
12.25,0.009352691475673278,2.0000000000000093,7.059868367647463,2.095256008218005,2.0952264872482425,2.0941295945738543,2.088981747492199,2.0940570733445143,7.05322265625,2.6593937617806063,14.086188102193345,2.092675990960925,2.065762151449116,2.1184463349590894,2.6188205567426244
12.26,0.007428610534148547,1.7824423263574605,7.071569788787846,2.095308550665429,2.0954091131585733,2.094679748647129,2.091415996155459,2.094050829222373,7.0751953125,2.6625231809218346,13.955922733718163,2.093721210695293,2.093310720897789,2.2520929388581483,2.577387916206113
12.27,0.006239463115180276,1.6335607969055876,7.077406562073315,2.0953601190954156,2.0955836298086665,2.0951876329380656,2.093530479498503,2.094064530191125,7.0751953125,2.0519605808866808,13.698519384146932,2.094656239000363,2.107273771863567,2.2341430048148556,2.0622916689449036
12.280000000000001,0.0062394631151802115,1.6335607969055792,7.075167935630792,2.0955106378138786,2.096079034728225,2.0966207149952933,2.0984422456913983,2.0941157599428206,7.09716796875,2.1175948338969093,13.31227135434932,2.0969760483286133,2.130863970137303,2.2683535103461008,2.213715200005484
12.290000000000001,0.007428610534148379,1.7824423263574403,7.066008116907921,2.0956582246964337,2.096551910524685,2.0979306437584255,2.1025554287502164,2.09421073578536,7.09716796875,1.8846430417427502,12.791310889174403,2.0989946428413258,2.139601701844297,2.20220164648232,1.9223623619603192
12.3,0.00935269147567307,1.999999999999987,7.053166768657852,2.095603100186678,2.0963454172200238,2.097193364833325,2.0997704598047355,2.094332611930677,7.05322265625,0.6954927874928915,12.125586915855818,2.0977506844462885,2.1050768021121944,1.9383204250401067,0.8924052718894304
12.31,0.011276772417198109,2.1961100503411757,7.041465138036501,2.0955490413050653,2.0961469586960253,2.0965115043011346,2.097356355538147,2.094450391547083,7.05322265625,1.8907216844981978,11.301419628791784,2.096638461396056,2.0867030026830165,1.9205375470549166,1.9957656670287023
12.32,0.012465919836166212,2.3089995935065093,7.035628113103798,2.095396121074758,2.0956275561008697,2.0949168009245946,2.0921891845542655,2.094531656268919,7.03125,2.0462669918886647,10.297564933486129,2.0941614739263303,2.060171211425421,1.8742881040392279,1.9868713817509238
12.33,0.012465919836166182,2.3089995935065066,7.037866798880454,2.0952462014693563,2.0951305017056714,2.0934560036258905,2.0878500610856943,2.094549831777947,7.03125,2.353317076973693,9.075856079378962,2.0920020175474607,2.0498584874162082,1.9577355663352018,2.308185269810768
12.34,0.011276772417198034,2.196110050341168,7.047026897658384,2.095199183183806,2.094984312255729,2.0930909345843434,2.087379991730121,2.0944943332042163,7.05322265625,2.659945791191727,7.5588808103856255,2.091637470030642,2.0668454152136144,2.1392658988743003,2.6052835204753624
12.35,0.00935269147567335,2.000000000000017,7.059868367647464,2.0951531482745542,2.0948448871756993,2.0927653301492097,2.0870882351272453,2.09436736434204,7.05322265625,2.2632712119591356,5.549902557518628,2.091354699195042,2.0778957035334065,2.1799073016706547,2.224622418179488
12.36,0.007428610534148605,1.7824423263574674,7.0715697887878495,2.095108085269888,2.0947120638045136,2.0924770089275215,2.086951223891311,2.0941789186240767,7.05322265625,1.95016246238102,1.969661894773021,2.091143003447522,2.085025423519738,2.1735335648347758,2.0169386570467025
12.370000000000001,0.006239463115180182,1.6335607969055754,7.077406562073321,2.095063982599919,2.0945856776386704,2.0922238126542627,2.0869466800183862,2.093948771629497,7.05322265625,1.9253208404823445,-4.8043979111446395,2.090992645127033,2.0895415560718313,2.1542779506674354,1.9938315583249726
12.38,0.006239463115180189,1.633560796905576,7.075167935630801,2.0952206929198183,2.0951235692644454,2.093938776226777,2.093272465464088,2.0937089808976457,7.09716796875,2.695238480982222,-7.037442629249251,2.093885081267177,2.1276059456586798,2.3084905296326412,2.6282688631306494
12.39,0.0074286105341483215,1.7824423263574334,7.0660081169079305,2.09537439827753,2.095638015210434,2.095516145802747,2.0986370213395253,2.0934917942223152,7.09716796875,2.215640452825071,-8.654966409893223,2.0964254030101674,2.1435969030593234,2.257877751359202,2.0509078215919803
12.4,0.009352691475672999,1.9999999999999793,7.0531667686578645,2.095525127371253,2.096129547933609,2.0969617005688694,2.103119447962601,2.093312988259467,7.09716796875,1.808523749889619,-9.93594882764762,2.0986328744522917,2.1472907186280024,2.1684300556890728,1.810997073352064
12.41,0.011276772417198053,2.1961100503411703,7.041465138036515,2.09537317026912,2.0956123042720383,2.0953836680908875,2.0975372629722404,2.093167015299327,7.03125,-1.1119261595930583,-10.978309087000012,2.0960571559253647,2.0916403092240667,1.79624569529849,-0.8189477839462704
12.42,0.01246591983616619,2.3089995935065075,7.0356281131038125,2.0954240361054155,2.0957751294305162,2.095869396155926,2.098966547116096,2.093044039662394,7.0751953125,2.5367826983509327,-11.829105759945902,2.096768545705553,2.0989812025699432,2.0131175145072486,2.618834700999195
12.43,0.012465919836166205,2.308999593506509,7.0378667988804695,2.095374010329921,2.0956015589958694,2.095347120136506,2.097036431279823,2.0929383580198415,7.05322265625,2.2895943282169684,-12.514760752362491,2.095885568866772,2.0842263360023567,1.9838387350890516,2.140157997511324
12.44,0.01127677241719809,2.196110050341174,7.047026897658399,2.0952250604147316,2.095106405632145,2.093901695469871,2.0922849193084923,2.0928404248702255,7.03125,1.797190856940424,-13.050137839946876,2.0936109333947512,2.0595517479335146,1.9242439340790982,1.8546406836119287
12.450000000000001,0.009352691475673048,1.9999999999999845,7.059868367647479,2.095278915947138,2.0952910252095944,2.0945154706063023,2.094487441045468,2.0927516722112034,7.0751953125,2.7067719827219014,-13.443739699936803,2.094618236907639,2.0860874404194147,2.175083156637711,2.7519802354093024
12.46,0.00742861053414836,1.782442326357438,7.071569788787866,2.0952318405017913,2.095138696202588,2.0941148683447066,2.093268600817201,2.0926804360025044,7.05322265625,1.9663528231964715,-13.702254767392079,2.0940153499448995,2.0821029726031752,2.1187172214690593,1.912476354262549
12.47,0.006239463115180203,1.633560796905578,7.077406562073336,2.0952856600987766,2.095322193204469,2.094719085358129,2.0953518203967345,2.092634734355981,7.0751953125,2.2285437939295236,-13.831009481031723,2.0949911361399036,2.098985874621604,2.19964901229244,2.276270474085102
12.48,0.006239463115180168,1.6335607969055734,7.075167935630815,2.095338471065128,2.095497685673673,2.0952756095822065,2.097112095732388,2.09262264373607,7.0751953125,2.073991198630069,-13.83203875844116,2.095848813862369,2.1069872947223454,2.1836924020972623,2.0394194733102786
12.49,0.007428610534148264,1.7824423263574265,7.066008116907944,2.095390282334297,2.0956653539343426,2.0957863868929394,2.098577427050707,2.0926437988072286,7.0751953125,1.9877252524068767,-13.704361471964464,2.0965944844269746,2.1099318638693636,2.1484760189184438,1.9744164504174908
12.5,0.00935269147567293,1.999999999999972,7.053166768657878,2.09534118362475,2.0954965077480527,2.0952873162579,2.096691302610465,2.0926868493248176,7.05322265625,1.5849182008844658,-13.446862367327148,2.0957432217563987,2.0924138385000033,2.0253608016441187,1.6292083302692422
12.51,0.011276772417197994,2.1961100503411646,7.041465138036528,2.0952930691545686,2.0953349111214634,2.0948299940110187,2.095073414382272,2.092733945029741,7.05322265625,2.006457288247456,-13.05758511521664,2.094991393812358,2.0838570654749784,2.0233409156939333,2.060569850591889
12.52,0.01246591983616617,2.3089995935065057,7.035628113103825,2.0951459997087736,2.0948514333880355,2.0934457136067954,2.0906094221457012,2.092767147999117,7.03125,1.878379353054244,-12.530605842636902,2.0928405341429057,2.0625830251539057,1.953538073422628,1.860981372370393
12.530000000000001,0.012465919836166111,2.3089995935065004,7.037866798880479,2.0951017856397014,2.0947185552493868,2.0931498506913027,2.0899798228818303,2.0927759916801163,7.05322265625,2.505006913158878,-11.854961844074612,2.092470037005969,2.072779898482979,2.094341211735246,2.4912403768016795
12.540000000000001,0.011276772417197847,2.19611005034115,7.047026897658409,2.0950585041546006,2.0945921098071225,2.092886457425855,2.089513530678714,2.092760123365569,7.05322265625,2.3171167346845345,-11.01495822977908,2.0921706322806917,2.079820326296621,2.1316997112966907,2.2592520783442707
12.55,0.009352691475673119,1.9999999999999922,7.059868367647488,2.0949162044362173,2.0941428451136144,2.0916859719799787,2.0860860754426027,2.0927236320684397,7.03125,1.6825564290878545,-9.986217476714137,2.0904382583185135,2.06673531092028,2.041265682819729,1.732819759346369
12.56,0.007428610534148418,1.782442326357445,7.071569788787872,2.094976660344076,2.094372569890439,2.0925334880512567,2.0895141542526963,2.092683761448723,7.0751953125,2.598889780542478,-8.724236091218984,2.0919500819535117,2.0984350573358737,2.2305239018155927,2.6442485381121448
12.57,0.006239463115180226,1.633560796905581,7.077406562073341,2.0950360286200187,2.09459314811819,2.093320325623516,2.092487578980598,2.092667266374728,7.0751953125,2.2287621335902537,-7.13566439852056,2.093300049537685,2.113802194668792,2.220438432862925,2.1638068536808137
12.58,0.006239463115180145,1.6335607969055705,7.075167935630817,2.095194248987968,2.0951337376506127,2.0950153987624036,2.098134465077088,2.0926962268943288,7.09716796875,2.228550323848574,-4.960584450384281,2.0959863012716693,2.137316428129368,2.2537687528349375,2.2491740085977905
12.59,0.007428610534148207,1.7824423263574196,7.066008116907946,2.0952494991221475,2.095321802083485,2.0956033220777353,2.0997718643582,2.0927788521425144,7.0751953125,1.4600761930942878,1.5175755739728936,2.0968331751169944,2.127878053313079,2.096252218450812,1.5151222900405101
12.6,0.009352691475672859,1.9999999999999643,7.053166768657877,2.0952037814752633,2.09517266808064,2.095174549002916,2.098002451812532,2.0929046898629737,7.05322265625,1.3397719026783326,5.409961157535971,2.0960608122585285,2.102556744818851,1.9434234876928782,1.45828077989003
12.61,0.011276772417197937,2.196110050341159,7.041465138036524,2.095158997506199,2.0950301665172057,2.0947812872660405,2.0964648831264863,2.0930553138286965,7.05322265625,2.1072684489508795,7.465333885301267,2.095368933097703,2.0890067178810177,1.9533429645994385,2.0952263325616998
12.620000000000001,0.012465919836166262,2.308999593506514,7.035628113103819,2.0950152016001864,2.0945651199557576,2.0934549048727464,2.0920441215897436,2.0932103722081026,7.03125,2.0373353403139545,9.00831801939952,2.0932623839643205,2.064669395686749,1.9048210217741262,1.9401422649406175
12.63,0.012465919836166134,2.308999593506502,7.037866798880472,2.0949742174057024,2.094450118364758,2.0932115141792424,2.0914367037090154,2.0933546232656974,7.05322265625,2.5711656851430034,10.247890508217957,2.092922542734649,2.0730221616595212,2.071126566530845,2.533807965265198
12.64,0.011276772417197902,2.1961100503411557,7.047026897658401,2.09483417163655,2.0940118335811526,2.0920274881788856,2.08786421649023,2.093479951777828,7.03125,1.9848433735247397,11.264626176593088,2.091147217464766,2.061053592876628,2.03291785639563,1.9498446246861252
12.65,0.009352691475673188,1.9999999999999996,7.0598683676474785,2.094796905196858,2.093923032026775,2.0919202841904596,2.088033073132393,2.0935866442012103,7.05322265625,2.3505851361410706,12.09926657578069,2.091117931335908,2.076005129837941,2.1551319836821614,2.402059995200543
12.66,0.007428610534148474,1.7824423263574518,7.071569788787861,2.094760479210285,2.09383939630681,2.091833255126695,2.088264360614475,2.093686242599492,7.05322265625,2.163683795168274,12.77475186726799,2.0911241151048605,2.0850668506840986,2.169715039757336,2.148393187379391
12.67,0.006239463115180247,1.6335607969055839,7.07740656207333,2.0947248823308686,2.093760762509314,2.091764895877247,2.088545197000758,2.0937961547860677,7.05322265625,2.011191365501648,13.304044564780508,2.091158824973268,2.090409672717077,2.1539211169960892,2.026790019931298
12.68,0.006239463115180124,1.6335607969055677,7.075167935630806,2.0948900001561572,2.094345249237594,2.0936492356701653,2.095067636818331,2.093941103072004,7.09716796875,2.659521253364467,13.694897539783781,2.0942059365057317,2.128689274052193,2.3073962858070494,2.6241334280873474
12.69,0.00742861053414815,1.782442326357413,7.066008116907934,2.094952041802332,2.0945757935690175,2.0944137465268793,2.097477409677796,2.0941397425412003,7.0751953125,1.7801439051791712,13.95349866470226,2.095381137505809,2.1271777775678107,2.168444730484128,1.6653242223423157
12.700000000000001,0.009352691475673159,1.9999999999999964,7.053166768657864,2.0950129510466566,2.0947967985793476,2.0951163894036866,2.0994787344772,2.0943938790613377,7.0751953125,1.7294599107064228,14.084948361974618,2.096397696259022,2.1235389132064424,2.0950049858822606,1.797644631028031
12.71,0.011276772417198181,2.196110050341183,7.041465138036511,2.094972799517908,2.0946794428889097,2.0947931748448068,2.0980197376027356,2.0946918838791637,7.05322265625,1.5496118127425205,14.090857716490353,2.095775251545293,2.101480889774326,1.9660983580389644,1.5932020204452517
12.72,0.012465919836166241,2.3089995935065124,7.035628113103805,2.094833556640906,2.094238584117143,2.0935299545155064,2.0936456222024074,2.095012648412563,7.03125,1.708783118172144,13.970314693293892,2.0937211156469,2.0717927417743827,1.8757529259450418,1.7180684626809015
12.73,0.012465919836166154,2.3089995935065044,7.037866798880459,2.094797064578845,2.0941469487823383,2.093343249053066,2.093048152896808,2.0953389895415544,7.05322265625,2.5757275641765776,13.722701463262432,2.0934186716360084,2.076728148221614,2.0396222395169574,2.53280170477317
12.74,0.011276772417197961,2.196110050341161,7.047026897658388,2.0946614322325576,2.093731102740898,2.0922097868473344,2.0894629131805864,2.095659421363416,7.03125,2.1120014466203743,13.346430638032048,2.0916687779861345,2.0627054995216025,2.0076936748612333,2.0168094582105867
12.75,0.009352691475673258,2.000000000000007,7.059868367647466,2.09462851824962,2.093663934661234,2.092147225036391,2.0895918647251492,2.095969139047207,7.05322265625,2.43121993886965,12.836081006406681,2.0916542126695634,2.0764237128644663,2.140396207369498,2.450032977457001
12.76,0.007428610534148532,1.7824423263574587,7.0715697887878495,2.094596375010324,2.0936010827222544,2.0920993045539875,2.0897649186223837,2.096272573201167,7.05322265625,2.191559242388917,12.181916338447452,2.091666584572601,2.084794184076576,2.1627074157660813,2.1754485697275565
12.77,0.00623946311518027,1.6335607969055868,7.077406562073318,2.0946649485716797,2.0938715911156383,2.093032508551616,2.0930716044731135,2.096577663505279,7.0751953125,2.337971896311883,11.370586157351466,2.093195576848954,2.107519917951932,2.2396666673184313,2.3509820748999357
12.780000000000001,0.006239463115180217,1.6335607969055799,7.075167935630795,2.0947323027911384,2.094131363285621,2.093893984628751,2.095886310756999,2.0968892208549286,7.0751953125,2.0208760017345204,10.381684609697995,2.09454386835099,2.1176440611169203,2.2044485863729895,2.0195356218565217
12.790000000000001,0.007428610534148394,1.782442326357442,7.066008116907924,2.094698495772587,2.094051483752861,2.0937196422824633,2.095157523740692,2.0971998249774817,7.05322265625,1.4504508958935323,9.178806813528539,2.094227175084175,2.1030581140251687,2.058512806505374,1.5258820426634714
12.8,0.00935269147567309,1.999999999999989,7.053166768657856,2.094665455178273,2.093976018634575,2.093563124635232,2.0945312957951954,2.097494182419977,7.05322265625,1.932624434192919,7.689030508685775,2.0939466051957463,2.0949833676499123,2.0316380062862303,1.9873556807413713
12.81,0.011276772417197824,2.1961100503411477,7.0414651380365045,2.0946331704882426,2.093904832117311,2.0934234380096237,2.093999558503182,2.0977554157145093,7.05322265625,2.217955787022503,5.731789933191991,2.0937014006360988,2.0908850755260984,2.04252670461522,2.1691218098855187
12.82,0.012465919836166217,2.30899959350651,7.035628113103802,2.094601631175703,2.0938377894531377,2.0932996097316807,2.093554370188094,2.097964842375177,7.05322265625,2.2389647111566426,2.4409112641248707,2.0934900824437594,2.0891332788978594,2.05994592419094,2.1817514545907506
12.83,0.012465919836166179,2.3089995935065066,7.037866798880457,2.0944708648645616,2.093445546703724,2.092223200147999,2.0900899877887795,2.0981017230762835,7.03125,1.7533665471910218,-4.584853826566304,2.09181567232666,2.0708038531789716,1.9790681222851572,1.7959140079185263
12.84,0.011276772417198017,2.196110050341167,7.0470268976583865,2.0943427816847775,2.0930718409006945,2.0912439857112872,2.08720599737425,2.0981506734210407,7.03125,2.0226586451894812,-6.893897709881602,2.090366514336094,2.063632254462264,2.0086514717020676,2.1206727835136285
12.85,0.009352691475673329,2.0000000000000147,7.059868367647467,2.0943173256210867,2.093045532955365,2.0913257137473202,2.0879583299493962,2.0981118750723686,7.05322265625,2.5066437616931436,-8.54461143171379,2.090624967151728,2.080683080222363,2.1462275446075716,2.5063677103867956
12.86,0.007428610534148589,1.7824423263574654,7.071569788787853,2.0942925327965507,2.0930221556778292,2.0914120271038525,2.0886773492383917,2.0979978968129354,7.05322265625,2.226072072642396,-9.84703215826223,2.090881620408514,2.0903209617011624,2.1619734575801135,2.1773330019233277
12.870000000000001,0.006239463115180176,1.6335607969055745,7.077406562073323,2.0943683638652373,2.0933308593998605,2.0924700094236264,2.092462378014202,2.097828868486192,7.0751953125,2.3139014979842845,-10.905589244601423,2.092627461618399,2.113133094406699,2.233584396512401,2.331699909087148
12.88,0.006239463115180195,1.633560796905577,7.075167935630803,2.0944428672609505,2.0936274578972314,2.0934467755331765,2.095685280917883,2.0976271110420464,7.0751953125,1.9807689326106561,-11.769969722617917,2.0941657876204602,2.122796962367829,2.195625917167836,1.9994582242382402
12.89,0.007428610534148337,1.7824423263574354,7.066008116907932,2.0945160521156407,2.0939121696828624,2.0943454728944695,2.098390488953862,2.097409673397033,7.0751953125,1.8661981961558816,-12.467636593065492,2.0955073248671785,2.125129147511988,2.1408481558141323,1.917496115256673
12.9,0.009352691475673018,1.9999999999999813,7.053166768657866,2.0945879278851836,2.094185219186496,2.09516930421575,2.100623051112263,2.097187104515695,7.0751953125,1.9582127967688976,-13.01413871922871,2.096664822072871,2.1235839682781137,2.0986303090671563,1.9752809695517672
12.91,0.011276772417197765,2.1961100503411424,7.041465138036517,2.094558546304596,2.0941177248147267,2.0949551640701873,2.099338664692939,2.0969618281215765,7.05322265625,1.6518289541176125,-13.418417041819232,2.096160304306226,2.1025820079032234,1.9803039694521007,1.660835753432057
12.92,0.012465919836166196,2.308999593506508,7.035628113103814,2.094529843654473,2.0940537857762473,2.09475653087818,2.0981830623385727,2.096733734690384,7.05322265625,2.062331410859524,-13.687095948451914,2.095696701520569,2.091223962849578,1.990759623996119,2.0793150175419335
12.93,0.0124659198361662,2.3089995935065084,7.037866798880471,2.0946017710497933,2.0943224245345977,2.0955392805554047,2.1002438797627097,2.0965079926182133,7.0751953125,2.5517082055907023,-13.825696657121673,2.096768455727047,2.103518027821034,2.1231304209000967,2.505753406638521
12.94,0.011276772417198076,2.1961100503411726,7.047026897658401,2.0945724322843056,2.094250567480948,2.0952864025216273,2.0988184722361547,2.096289065943333,7.05322265625,1.899370498172116,-13.83659007763896,2.096194767714684,2.0910917323095397,2.0476628213298134,1.8446798096033132
12.950000000000001,0.009352691475673027,1.9999999999999822,7.059868367647481,2.0946437221621204,2.094511387005269,2.0960172336707026,2.100642570172958,2.096080047600331,7.0751953125,2.2893247231828773,-13.71885731286876,2.0971681283307904,2.1029193306157064,2.144136295928735,2.337916629379575
12.96,0.007428610534148345,1.7824423263574363,7.071569788787867,2.094613748847103,2.0944318864755895,2.095715392251731,2.0990134273641434,2.095883091564365,7.05322265625,1.7606473633599282,-13.471381023771368,2.0965077597397155,2.090350987129145,2.0548376827439103,1.7589349324460912
12.97,0.006239463115180198,1.6335607969055774,7.077406562073337,2.094684403414704,2.09468517300311,2.096399644219381,2.100663607470426,2.09569865856038,7.0751953125,2.314576727872206,-13.092351638882773,2.0974048540551786,2.1022129912734813,2.1450076674482834,2.338234158728425
12.98,0.006239463115180173,1.633560796905574,7.075167935630815,2.094753751804996,2.0949273426687154,2.0970197229874397,2.101977921993703,2.0955258407841986,7.0751953125,2.1906434805800847,-12.576224414164253,2.098169794857805,2.107483743425174,2.145137372593819,2.1414027786687244
12.99,0.00742861053414828,1.7824423263574285,7.066008116907944,2.0947218548017665,2.094829665862243,2.0966134397098166,2.099904309342498,2.0953538096223623,7.05322265625,1.6452347602585022,-11.912493527514957,2.0973217767536343,2.0913284578236717,2.033400204771922,1.6706600541483108
13.0,0.009352691475672947,1.9999999999999738,7.053166768657877,2.094690641720297,2.094736115747842,2.0962329473099555,2.0980775611958937,2.095166885482043,7.05322265625,1.9852739678294313,-11.08583605741605,2.0965585964865463,2.0835573949052457,2.0332125234313185,2.0477032974686797
13.01,0.011276772417197708,2.1961100503411366,7.041465138036526,2.0946601040388066,2.094646603720024,2.0958775833153935,2.096485168713094,2.0949516154152175,7.05322265625,2.206508616171041,-10.072783417435348,2.095878494071611,2.080675178529352,2.05800464789352,2.1839419128830277
13.02,0.012465919836166173,2.308999593506506,7.035628113103822,2.0946302332092683,2.094561040246826,2.0955466446019226,2.0951132861184063,2.0946975026022367,7.05322265625,2.217241091153558,-8.831157106989009,2.0952781860991516,2.080485166893236,2.080001346726936,2.1790246022530284
13.030000000000001,0.012465919836166106,2.3089995935064995,7.037866798880477,2.094601020658322,2.094479334910875,2.095239388173405,2.093946918730833,2.0943979420097976,7.05322265625,2.148134277530805,-7.273340461112094,2.094753335866624,2.081648679116107,2.093400344717925,2.1438061055783098
13.040000000000001,0.011276772417197831,2.1961100503411486,7.047026897658406,2.0945724577891145,2.0944013964856043,2.0949550341836676,2.092970329327016,2.094051398636845,7.05322265625,2.092372919220278,-5.163448394461252,2.0942989255123825,2.0833764162987802,2.099565620989913,2.117413934708373
13.05,0.009352691475673098,1.99999999999999,7.059868367647485,2.0945445359838373,2.0943271330367517,2.0946927703318616,2.0921674622820077,2.093662877103441,7.05322265625,2.076008334842002,0.4699171589558167,2.0939095466032427,2.0852236934450783,2.1012843809583037,2.1036321738245007
13.06,0.007428610534148401,1.782442326357443,7.071569788787868,2.0945172466067805,2.0942564520414373,2.094451757009912,2.0915222979601427,2.093245747165335,7.05322265625,2.082323697137032,5.215407800413733,2.093579623748691,2.0869578313486077,2.1007995506922716,2.097599209137091
13.07,0.00623946311518022,1.6335607969055803,7.077406562073337,2.094590541994261,2.0945183273327403,2.095197687396505,2.0941133371802363,2.092824009041514,7.0751953125,2.448271647764883,7.329561494173873,2.0947975276159183,2.1062222030137496,2.1894329066141456,2.404365471455985
13.08,0.006239463115180151,1.6335607969055712,7.075167935630813,2.094762436739115,2.0950978259489896,2.09684509562291,2.0994015844464493,2.0924274596867507,7.09716796875,2.507427080808786,8.901798609680517,2.097358874535642,2.132302025016508,2.2577150545224702,2.4008003447611146
13.09,0.007428610534148223,1.7824423263574216,7.066008116907942,2.094931012005172,2.0956513896125575,2.098346734713513,2.1038130969275652,2.092077104247754,7.09716796875,2.0108730699282957,10.161137977373809,2.099580661938436,2.1419633946823673,2.2022524611822867,1.9610815868894103
13.1,0.009352691475672878,1.9999999999999665,7.053166768657873,2.094996363320129,2.0958508297177323,2.0987451783669995,2.1043539085290073,2.0917740231832482,7.0751953125,1.324786006816054,11.193317715059017,2.0999961304654047,2.1251476091098143,2.038847210281289,1.4313914206088172
13.11,0.011276772417197652,2.1961100503411313,7.0414651380365205,2.0949604983805648,2.09571155672256,2.098131094565365,2.1016077496026724,2.0915013870455272,7.05322265625,1.4349788402472787,12.040969927360198,2.0988261242538737,2.0961795158036156,1.9050896839945826,1.548249090025277
13.120000000000001,0.012465919836166267,2.3089995935065146,7.035628113103815,2.094825390715659,2.095248476928346,2.0965898038465727,2.0960975040799386,2.0912355993379053,7.03125,1.8406411758458052,12.728085221475256,2.096276666403495,2.063295340180429,1.8361748286795228,1.8224056354847065
13.13,0.012465919836166128,2.3089995935065017,7.037866798880469,2.0947928872926647,2.0951340049236715,2.096135039363783,2.0945094449369908,2.0909602790991992,7.05322265625,2.680798241074916,13.268290260326523,2.095526091984606,2.0674064409773605,2.0271528084837906,2.605916220279238
13.14,0.011276772417197888,2.1961100503411544,7.047026897658397,2.094661099198629,2.094695140691195,2.0947464531783893,2.0900679951694845,2.090668702997091,7.03125,2.167594252368035,13.66945342456414,2.093377161994108,2.0537341748043523,2.013273385112093,2.0677585019427873
13.15,0.009352691475673169,1.9999999999999976,7.059868367647475,2.0946318887634714,2.094604473533162,2.0944396945783,2.0894772688595364,2.0903656779658117,7.05322265625,2.436757419793328,13.937959633884946,2.0930074218861066,2.068570385019773,2.155588760249702,2.462621210186627
13.16,0.007428610534148459,1.78244232635745,7.0715697887878575,2.094703266426281,2.0948469030014714,2.095126629828152,2.092155023793565,2.090071148268999,7.0751953125,2.5131910022571287,14.079055595092228,2.094201721999651,2.0961336431201105,2.267932503457522,2.4724577970716357
13.17,0.006239463115180242,1.633560796905583,7.077406562073326,2.094773300758928,2.0950785802061307,2.095755360552345,2.094457605291954,2.0898080640383134,7.0751953125,2.03492751120585,14.094644516773982,2.095260050459457,2.109733358591617,2.2383505032343893,2.0143336527710716
13.18,0.006239463115180129,1.6335607969055683,7.075167935630802,2.0948420038419826,2.0952997552849113,2.096328542254039,2.096413667909397,2.089594544930135,7.0751953125,1.8133508926520596,13.983895710522352,2.0961873478477737,2.1152879887713474,2.1786702040628585,1.873235046938346
13.19,0.007428610534148165,1.7824423263574147,7.06600811690793,2.094909387987674,2.095510680404498,2.096848825737769,2.0980519337567034,2.0894421204513756,7.0751953125,1.905117799497526,13.746088139063719,2.0969905378853775,2.116367373980311,2.1259577366878575,1.9355878874234154
13.200000000000001,0.00935269147567318,1.9999999999999987,7.053166768657859,2.0949754657328485,2.0957116094628567,2.0973188481136833,2.0994008788927037,2.0893534583637026,7.0751953125,2.050578598853069,13.379886065254938,2.0976778360222315,2.11511535303491,2.0916174894968638,2.015924892471764
13.21,0.011276772417197895,2.196110050341155,7.041465138036507,2.09494031083584,2.0955739459518306,2.0967757530359123,2.0974017689799966,2.089319496915186,7.05322265625,1.7176013853387768,12.880129774938444,2.096766734721178,2.0951104706663286,1.9801241416369864,1.6944429095502551
13.22,0.012465919836166245,2.3089995935065124,7.035628113103803,2.094905842538869,2.0954415129461705,2.0962710552320174,2.095679461230162,2.089323569049112,7.05322265625,2.0648728771434826,12.237423042462936,2.0959540405087846,2.0850819005209575,1.9947613011605874,2.0912165233061244
13.23,0.012465919836166149,2.3089995935065035,7.037866798880456,2.094772107009594,2.094985277781581,2.0948371484766,2.0911185149306863,2.089347337264806,7.03125,1.8839376904973049,11.438673107116193,2.093743009803248,2.0629824431361796,1.9388808114840088,1.8720254046321612
13.24,0.011276772417197944,2.1961100503411597,7.047026897658386,2.0946410025282716,2.094548722491356,2.093521901048122,2.0873008010312977,2.0893776629315055,7.03125,2.184779411521515,10.4643050520597,2.0918174607868463,2.054701432616134,1.996833862893179,2.193581234547354
13.25,0.00935269147567324,2.000000000000005,7.0598683676474625,2.094612461794633,2.0944605044672455,2.0932878154770016,2.08726984364683,2.089416052665085,7.05322265625,2.581263063802043,9.279716909132073,2.0916560920851897,2.0722162505293036,2.1542320451860792,2.5428743465077406
13.26,0.007428610534148517,1.782442326357457,7.071569788787846,2.0945845395765654,2.094376468506174,2.093079275495365,2.0873457648173277,2.089474656392575,7.05322265625,2.2407715802552457,7.816059350210282,2.0915473072744466,2.0830013512708403,2.1799400269806735,2.19318896674936
13.27,0.0062394631151802635,1.6335607969055859,7.077406562073315,2.0946571852136073,2.094625566339077,2.093862056820584,2.0906179069364965,2.0895704478472874,7.0751953125,2.300364225339562,5.907079199093705,2.0929777728778487,2.1072284090233797,2.253387796626259,2.3321860058375106
13.280000000000001,0.006239463115180223,1.6335607969055805,7.075167935630792,2.0947284654627873,2.094863895434117,2.094583678529013,2.093443631201013,2.0897185122253954,7.0751953125,1.9661857434221324,2.8334113729464834,2.09424720971433,2.118228768187911,2.213728181828666,1.99451509747873
13.290000000000001,0.00742861053414841,1.782442326357444,7.066008116907921,2.094798392565336,2.0950916957294345,2.0952466239226313,2.0958535890879015,2.08992284291252,7.0751953125,1.860563598139707,-4.354572369388728,2.095361956486752,2.121743416491331,2.154964211062547,1.9128299113624248
13.3,0.009352691475673108,1.9999999999999911,7.053166768657853,2.094767031952496,2.0949802609877386,2.0948871561155498,2.0947833346201925,2.0901727881939354,7.05322265625,1.520571581482715,-6.747014634870232,2.0948376519597174,2.1035849586674606,2.014272192078682,1.5813372264331085
13.31,0.011276772417197838,2.1961100503411495,7.041465138036503,2.094736311143524,2.094873512600289,2.0945577076414894,2.093879775712425,2.0904462611197827,7.05322265625,2.0219893134501423,-8.43228962997104,2.094373671005528,2.0937046035911355,2.0031874242747842,2.0449560651480247
13.32,0.012465919836166224,2.3089995935065106,7.0356281131038,2.0945063088568876,2.0941132341688813,2.092322621457582,2.0869232225755603,2.090714608187293,7.00927734375,1.4819007756562235,-9.756697223893346,2.09097788251977,2.0528967653890913,1.8280595300518117,1.4368941819689214
13.33,0.012465919836166172,2.3089995935065057,7.037866798880456,2.0943808106313906,2.093715825371996,2.0912484774656903,2.084232297459242,2.090955964987501,7.03125,2.5044146048771743,-10.831870294926437,2.0895242002396976,2.054146766206308,2.001957418765028,2.504332031248381
13.34,0.011276772417198003,2.1961100503411655,7.047026897658386,2.094257850256104,2.0933367755360135,2.090276014829868,2.082086962318633,2.091166013670664,7.03125,2.4753132782418987,-11.71004370655119,2.0882934943539984,2.058432703477727,2.089006775858916,2.3908522644058405
13.35,0.00935269147567331,2.0000000000000124,7.059868367647466,2.094237377388347,2.0933049078857513,2.090369083945272,2.0835506759696565,2.0913542127599953,7.05322265625,2.519838606563739,-12.419858792271235,2.088765253810182,2.0818583647756723,2.2175601690511937,2.5095317835328497
13.36,0.007428610534148574,1.7824423263574638,7.071569788787851,2.0942174271603906,2.093275842188507,2.090470431178441,2.084934861535673,2.0915394121877515,7.05322265625,2.063943078358603,-12.977613221012842,2.0892252848860213,2.0947089157265175,2.212272585316732,2.104032650909544
13.370000000000001,0.00623946311518017,1.6335607969055737,7.077406562073323,2.094297965369655,2.0935786908822345,2.091547426164665,2.089349531072376,2.0917437306619826,7.0751953125,2.201607134362002,-13.39252147422237,2.091163649499209,2.1188183995282963,2.261249229716007,2.2727493493909465
13.38,0.006239463115180201,1.6335607969055779,7.075167935630803,2.0942770694977484,2.0935401650794816,2.091577798673393,2.0900292038321635,2.0919856311622915,7.05322265625,1.5348748746391,-13.671375118890262,2.091385677990043,2.111164818636654,2.1166439851993166,1.5722912185856694
13.39,0.007428610534148353,1.7824423263574372,7.066008116907933,2.09435666242811,2.093833635017574,2.0925850417214926,2.093767882060554,2.092278074439728,7.0751953125,2.2119022203518295,-13.819811451497868,2.0930898952204116,2.1235111245407143,2.1575490087538536,2.2409890049717998
13.4,0.009352691475673037,1.9999999999999833,7.053166768657867,2.0944347953335236,2.09411504207501,2.09351557242937,2.0969248720872304,2.0926273697873414,7.0751953125,2.166386171361119,-13.840474791565882,2.094582956930189,2.127141934309078,2.12992228876509,2.097181252703134
13.41,0.011276772417197782,2.1961100503411437,7.041465138036518,2.0943115471192213,2.0937263599041778,2.0924368042956587,2.093361539053778,2.093022781518425,7.03125,1.1153373563832016,-13.732712838300076,2.0928903911119843,2.0907735730426054,1.905129364708892,1.1712767180929926
13.42,0.012465919836166203,2.308999593506509,7.035628113103815,2.094190791742414,2.0933555106143475,2.0914546459286,2.090355935046733,2.0934469493094943,7.03125,1.9607752294107572,-13.49525652345664,2.091406547822606,2.07259805679354,1.9240130400987958,2.066617806416023
13.43,0.012465919836166192,2.308999593506508,7.037866798880471,2.0940725021755635,2.0930020657470667,2.0905645449201558,2.0878592128498474,2.093890617752604,7.03125,2.364731318840842,-13.126515190838521,2.0901216303586336,2.065266016777526,1.9993284378800975,2.3236117308840463
13.44,0.011276772417198058,2.196110050341171,7.047026897658401,2.0939566511059384,2.092665593230703,2.089761937477224,2.085823353416542,2.094354801412835,7.03125,2.3556553365898556,-12.621293778588477,2.0890233900837982,2.064048127875072,2.0656424566719283,2.297534476557892
13.450000000000001,0.00935269147567301,1.9999999999999805,7.059868367647482,2.094043189082067,2.093004370009065,2.090980632175094,2.090398264143658,2.09485351815769,7.0751953125,2.8205843655816993,-11.9693416098432,2.0910923189612567,2.1017446648265277,2.2829570024053862,2.7677976220032297
13.46,0.007428610534148328,1.7824423263574343,7.071569788787868,2.0939282088601803,2.0926711676712393,2.090172251552562,2.088121232835296,2.0954020697993507,7.03125,1.3317413796016335,-11.155918905847077,2.089932565602393,2.0842230045652146,2.0889688117914886,1.3080509564321943
13.47,0.006239463115180192,1.6335607969055768,7.077406562073339,2.0941155872873325,2.093342301921314,2.0923518122249822,2.095545545064698,2.096016047105337,7.09716796875,2.6369854791639162,-10.158261661005643,2.093428879938636,2.1293525210867434,2.316454877444666,2.735955847391932
13.48,0.006239463115180179,1.633560796905575,7.075167935630817,2.0940994675150906,2.093326578853574,2.092419836309717,2.095620925625321,2.0967049944567426,7.05322265625,1.3431089644725358,-8.93643723485302,2.0934998970557355,2.1135287643239327,2.095837916576431,1.2571709817228718
13.49,0.0074286105341482955,1.7824423263574303,7.0660081169079465,2.0941837649805146,2.093641901670074,2.0934562713120406,2.0987444390384353,2.0974612207436296,7.0751953125,2.0579424544837748,-7.408019411111082,2.095048963289679,2.1214263276112093,2.1232893924659013,2.1327842185313015
13.5,0.009352691475672968,1.999999999999976,7.0531667686578805,2.094266521958803,2.093944174885275,2.0944085615719263,2.1013194995809052,2.0982639387651805,7.0751953125,2.1358452913557278,-5.357966827315535,2.09638808459893,2.122918303654244,2.1021627940860985,2.0880117794508286
13.51,0.011276772417197725,2.1961100503411384,7.041465138036529,2.0941478012986763,2.093575319300314,2.0933462796930655,2.097233349120152,2.0990675980777125,7.03125,1.0915855800249263,-1.3624377847561482,2.0945477429443944,2.085693088521421,1.8867755436207014,1.214671077683859
13.52,0.01246591983616618,2.3089995935065066,7.035628113103826,2.093931507590074,2.092894071498758,2.0914064655942974,2.0906218040751465,2.099810790296802,7.00927734375,1.4845094886309507,5.013430019606579,2.0914258273547612,2.049401885330896,1.8135655629452996,1.7227804070231525
13.530000000000001,0.012465919836166099,2.308999593506499,7.03786679888048,2.0936195507629427,2.0919144501890687,2.088666587088994,2.0819336575915517,2.1004364162064384,6.9873046875,1.98005666125234,7.190845659806402,2.087204907071249,2.016563719976955,1.820984749664504,2.0253308079870584
13.540000000000001,0.011276772417197815,2.1961100503411473,7.04702689765841,2.093413847368623,2.091309279385239,2.0871404661173196,2.0778175926861273,2.100910088454152,7.00927734375,2.752723546833102,8.793195509187115,2.0850546340899787,2.0256208042811834,2.0639612444931634,2.698536500921301
13.55,0.009352691475673079,1.9999999999999878,7.059868367647489,2.093312393665891,2.0910630302691433,2.086734917934696,2.0776539507295873,2.101228461655894,7.03125,2.7765970307837446,10.07261221995216,2.0847440976063587,2.055114747883008,2.254424307069059,2.687268273250303
13.56,0.0074286105341483865,1.7824423263574414,7.071569788787872,2.093313189062582,2.0911603210872873,2.0873590725338715,2.0808547851845054,2.1014113413546207,7.05322265625,2.447075675616419,11.120411073183721,2.0860465095600182,2.0918777889782483,2.3546334423318522,2.4508096838962854
13.57,0.006239463115180213,1.6335607969055794,7.077406562073341,2.093414237411757,2.091585945521141,2.0889246081322717,2.086858009814651,2.1014910216521487,7.0751953125,2.138839818367303,11.981291416130407,2.088744056939438,2.1285227793359245,2.383509384281254,2.228451154578912
13.58,0.006239463115180158,1.633560796905572,7.075167935630816,2.093513540196161,2.091995422935033,2.090376581685347,2.0920038577941216,2.1014998015642177,7.0751953125,1.6390416279815003,12.680251692776821,2.09113597947705,2.144203933775928,2.280765645988574,1.751681353303823
13.59,0.007428610534148238,1.7824423263574234,7.066008116907945,2.0937111122744194,2.092718437767527,2.0926875244499845,2.0994589342137955,2.101462780567526,7.09716796875,2.061972400855819,13.231510499144305,2.094729889124427,2.165280948179403,2.2505861530904707,2.0939531133872964
13.6,0.009352691475672897,1.9999999999999685,7.053166768657875,2.0937049876439184,2.09275227609252,2.092871412262885,2.0994449485477436,2.10138933876109,7.05322265625,0.9273630659953382,13.643175939752686,2.0948645142239846,2.1349874090453906,1.95614532930518,0.8935705140493888
13.61,0.011276772417197666,2.1961100503411326,7.041465138036522,2.0936991441094164,2.0927859399140023,2.093042242807132,2.099347670913995,2.101276375819624,7.05322265625,1.8701209369236846,13.921679647460833,2.094954060302608,2.1157176068595924,1.8970742531517126,1.920969675984604
13.620000000000001,0.012465919836166158,2.3089995935065044,7.035628113103818,2.0936935744122365,2.0928193782392364,2.0932003655055142,2.0991813140790727,2.101121898211299,7.05322265625,2.323340814196101,14.072429147890269,2.095007340553576,2.1036875300617957,1.9273252458994277,2.2533272420630652
13.63,0.012465919836166121,2.3089995935065013,7.037866798880471,2.0936882714239187,2.092852543991385,2.0933461776541535,2.098959010679647,2.100925905170683,7.05322265625,2.3490997630437467,14.097652840763576,2.0950317128470064,2.0964320907666374,1.9792443401405497,2.273814407160793
13.64,0.011276772417197873,2.1961100503411526,7.0470268976584,2.093583222924788,2.0925560044418363,2.0925125324064497,2.0956083691109453,2.1006915095458516,7.03125,1.8229847972146787,13.996590097615874,2.09353952441581,2.0744218245231627,1.9292639851817843,1.863843006669532
13.65,0.00935269147567315,1.9999999999999956,7.059868367647477,2.09358039952865,2.0926032414473896,2.092718923911033,2.095824544030474,2.1004339441728144,7.05322265625,2.3732549746481935,13.768530043166423,2.093719983994013,2.0827572339067655,2.0817811926973793,2.446574455517028
13.66,0.007428610534148444,1.782442326357448,7.07156978878786,2.093677807797428,2.092979107983531,2.0938775010262525,2.0990486232518655,2.100185109639641,7.0751953125,2.5342520644993547,13.41230788026779,2.09536789570266,2.1054332355100303,2.214301812033365,2.5113677066200135
13.67,0.006239463115180237,1.6335607969055823,7.077406562073328,2.093773463649729,2.0933393979873567,2.0949373416248522,2.101694055270656,2.099982719936271,7.0751953125,2.072047431177038,12.923122413762698,2.096794320768438,2.115537970791565,2.202220892761759,2.0618594055020663
13.68,0.006239463115180136,1.6335607969055692,7.075167935630804,2.0939673722455474,2.0940136219760603,2.0968682992470944,2.106886757315048,2.099863784542609,7.09716796875,2.1864050511099515,12.291871472721464,2.0995049796137493,2.136115051666335,2.2464576266250353,2.237599938543566
13.69,0.007428610534148181,1.7824423263574165,7.066008116907932,2.0941575753218364,2.094658027239298,2.0986248606388074,2.1111013102994476,2.0998565046013193,7.09716796875,1.9324048307723474,11.505788215199185,2.1018272238382814,2.1426013411933047,2.1896642209104002,1.9460487324322389
13.700000000000001,0.009352691475673199,2.0000000000000004,7.053166768657862,2.094344107797521,2.0952733070235645,2.1002158060993645,2.11444065428479,2.0999692502821063,7.09716796875,1.8794097891321442,10.545997519112285,2.103791199833155,2.1414478232207967,2.123759343529703,1.9046108465961904
13.71,0.01127677241719791,2.1961100503411566,7.041465138036509,2.094327070587757,2.0952023410170173,2.099723036814868,2.1108387714216112,2.1001857187579454,7.05322265625,0.9030495348158641,9.379392102633785,2.102454175903041,2.101320502319511,1.8827676877115331,1.0629390880599825
13.72,0.012465919836166137,2.3089995935065026,7.035628113103804,2.094310382950374,2.0951332464458794,2.0992488004771275,2.1075488700342766,2.1004757257585878,7.05322265625,1.9742810935649846,7.941081720602127,2.1012126722597095,2.080008774459365,1.8998283269675085,2.064788413236258
13.73,0.012465919836166144,2.3089995935065035,7.037866798880457,2.09419406487713,2.0947370244058994,2.097828555731706,2.101463468511614,2.1008093483082786,7.03125,2.078380619013917,6.077408079803811,2.0985819933987635,2.0522079506341484,1.880341560489736,2.0200733434648943
13.74,0.01127677241719793,2.1961100503411584,7.047026897658386,2.0942800064661298,2.095015386541937,2.098441383404047,2.102463018562677,2.1011644943017265,7.0751953125,2.9002156572762976,3.1783455928090696,2.0992306391335873,2.0778956766774335,2.1653713414859346,2.852194600186679
13.75,0.009352691475673221,2.000000000000003,7.059868367647463,2.09426432291762,2.0949515626623287,2.0980212576803536,2.1000863912126904,2.101521981425135,7.05322265625,2.0550996948807665,-4.110925761654275,2.098282518386335,2.074132872291263,2.127293677190754,1.9823375928458387
13.76,0.007428610534148501,1.782442326357455,7.071569788787846,2.094248972226181,2.094889599329729,2.0976209032814777,2.0980147231326436,2.1018576569229652,7.05322265625,1.8384782071008954,-6.5964118645707,2.0974319716667775,2.0740272150036074,2.1266500377136888,1.9655558954757124
13.77,0.0062394631151802575,1.6335607969055852,7.077406562073315,2.0942339502893907,2.094829489941326,2.0972404000896785,2.0962295846845818,2.102149732292416,7.05322265625,1.973059538849179,-8.317945330786829,2.0966751723325725,2.075778472010646,2.128748986135405,2.0351213316750885
13.780000000000001,0.006239463115180228,1.6335607969055812,7.075167935630792,2.094219252998053,2.0947712257190654,2.096879730851798,2.0947096472036817,2.102379902872416,7.05322265625,2.097783052167767,-9.664796661565848,2.0960071337029538,2.078313257041139,2.1268042130731213,2.0740232242875876
13.790000000000001,0.0074286105341484256,1.7824423263574458,7.066008116907921,2.0943048510324616,2.0950437771257566,2.0975047627004377,2.0965092682544686,2.102534841297479,7.0751953125,2.469094914485292,-10.756756843385666,2.0969145506908267,2.098829446781635,2.210820610689248,2.3985357909851834
13.8,0.009352691475673127,1.9999999999999931,7.053166768657852,2.0942888247481095,2.0949744615437558,2.0970997930323274,2.0949375125958314,2.1026005046086067,7.05322265625,1.7941138808266612,-11.648816345825026,2.096210404225192,2.090941301308889,2.0972362105458293,1.7255172232169065
13.81,0.011276772417197854,2.196110050341151,7.041465138036501,2.094273130657777,2.094907293455966,2.0967178571928162,2.0936115043615158,2.1025618032139852,7.05322265625,1.9075079137595772,-12.370876893908477,2.095589134873999,2.0873432310851054,2.0710702383104187,1.9688489356683962
13.82,0.012465919836166116,2.308999593506501,7.035628113103798,2.0943577368889166,2.095171213662206,2.0973243725383797,2.095573080814634,2.102411129655314,7.0751953125,2.4252735571959407,-12.939907223098396,2.096538437407534,2.1039631085910444,2.163914528039947,2.411990918459943
13.83,0.012465919836166165,2.3089995935065053,7.037866798880454,2.094240757021758,2.094764627482526,2.0959380759336113,2.091098378442278,2.102143357585474,7.03125,1.382041019928523,-13.365617905968701,2.094378153176731,2.075873463204758,1.9669734543996515,1.3247146239212149
13.84,0.011276772417197985,2.1961100503411637,7.047026897658384,2.0943260295096158,2.0950331247022107,2.096592568213964,2.0934942651421395,2.1017640942809708,7.0751953125,2.575164786944698,-13.654689930609907,2.0954795662619956,2.099133591625456,2.160898706192044,2.6140713988228366
13.85,0.00935269147567329,2.0000000000000107,7.059868367647464,2.0944096489260664,2.095288956880808,2.0971844251819407,2.0955446851188113,2.101294427652922,7.0751953125,2.3314656961289386,-13.813016766812796,2.0964460299131447,2.110279523763087,2.1757091817483785,2.247442812006657
13.86,0.007428610534148558,1.7824423263574618,7.0715697887878495,2.094491631475029,2.0955324479625834,2.0977169464286956,2.097277732608863,2.1007590086856816,7.0751953125,1.9921824024165309,-13.843515414487493,2.0972837630040537,2.114506894397069,2.1482455199945916,2.011961230464766
13.870000000000001,0.006239463115180164,1.633560796905573,7.077406562073321,2.094671950202169,2.0960927283257873,2.0991577721789962,2.101788267066985,2.10018749640991,7.09716796875,2.2700589151106634,-13.745604730595634,2.0994912218314266,2.132471557900943,2.2083067961703597,2.305813389166885
13.88,0.006239463115180207,1.6335607969055785,7.075167935630801,2.094748738712134,2.096297773370555,2.099497667037583,2.1024578227231303,2.0996086695166882,7.0751953125,1.6408704022348353,-13.518102146305111,2.0998996313025384,2.120682090099339,2.080129801042808,1.645741957238381
13.89,0.007428610534148368,1.782442326357439,7.066008116907931,2.095023844675663,2.0971491379818366,2.101718588611081,2.1090725816644933,2.0990497282602822,7.119140625000001,2.54860824968097,-13.15945553048026,2.103195058048106,2.147461565942685,2.228722106170293,2.5638915133668925
13.9,0.009352691475673056,1.9999999999999856,7.053166768657865,2.095193510170055,2.0976315934020926,2.1027656281551277,2.111430622312141,2.098528832736509,7.09716796875,1.826597713436131,-12.66493065466835,2.1045295496862457,2.138783809661492,2.1063861165404183,1.7393726317070577
13.91,0.011276772417197796,2.196110050341145,7.041465138036516,2.0952597839196287,2.0977610866861305,2.1027340144297555,2.1101458188366555,2.0980437971562336,7.0751953125,1.355372282260615,-12.024716939254969,2.1041373004972463,2.11287331603716,1.964129925183329,1.47291435152371
13.92,0.012465919836166094,2.3089995935064986,7.035628113103813,2.0953246047546523,2.0978815829766657,2.1026766749179093,2.1088623034845493,2.0975831091084425,7.0751953125,1.9915626522706888,-11.224303371008851,2.103725049759299,2.0980205865086967,1.9729437762073971,2.046951031044967
13.93,0.012465919836166186,2.308999593506507,7.03786679888047,2.0952880692475,2.0976648663798025,2.1016322482806684,2.1044946540483296,2.0971321594984467,7.05322265625,1.944709497543475,-10.241989119688526,2.101816005169592,2.0722728041467167,1.9202603712681987,1.8927402071055726
13.94,0.011276772417198044,2.1961100503411695,7.0470268976584,2.0952520850776306,2.097454476383232,2.100650215850631,2.1006787868646812,2.0966802322121345,7.05322265625,2.249677388894222,-9.039545778711553,2.1001011431084207,2.061220695408128,1.9856182431413876,2.2230128898344343
13.950000000000001,0.009352691475672989,1.9999999999999782,7.05986836764748,2.0952166510312846,2.0972503946579963,2.099729549695148,2.097391806742869,2.09622992628506,7.05322265625,2.3106312604652013,-7.53957519115234,2.0985751832699497,2.058655104612647,2.0586883407822834,2.2739723243123007
13.96,0.007428610534148314,1.7824423263574325,7.071569788787867,2.0952816928010005,2.0973812713014595,2.0998350319890293,2.0977145291593398,2.0958009477035984,7.0751953125,2.5417994734491636,-5.545221489885653,2.0987209230078183,2.0786584090348286,2.198294034512523,2.507988892701706
13.97,0.006239463115180186,1.6335607969055759,7.077406562073337,2.095445233896598,2.0978323230757545,2.1008811221930546,2.1010659285169853,2.0954272841938963,7.09716796875,2.4881912393692716,-1.9824870206480838,2.1003312797850384,2.1079008322947392,2.29141189549991,2.446739969382279
13.98,0.006239463115180185,1.6335607969055757,7.075167935630816,2.0957053041367906,2.098588957163229,2.102784549255718,2.1069056738751484,2.0951450651395622,7.119140625000001,2.2914400320948514,4.8033593424480125,2.103207667795838,2.1389125924025496,2.330106105405182,2.2954733257130004
13.99,0.007428610534148311,1.7824423263574323,7.066008116907945,2.0958601561370673,2.0989800580572426,2.103538290512197,2.1086140088211986,2.094976559022519,7.09716796875,1.303503830494508,7.049862244651698,2.104191733032217,2.133265432179683,2.154574338103684,1.3999354556470749
14.0,0.009352691475672985,1.9999999999999778,7.053166768657879,2.096011728958548,2.099349883433966,2.1042007196457906,2.1098998971782508,2.0949253230335496,7.09716796875,1.6606967150892284,8.683740114384875,2.104996283829564,2.127228655124221,2.0710294525329322,1.7764602786079848
14.01,0.01127677241719774,2.1961100503411397,7.0414651380365285,2.096060177097342,2.0993707187636526,2.1038139904412034,2.1077445840932287,2.094979611212414,7.0751953125,1.6885130443955896,9.98374770163383,2.104152787129908,2.103869705572567,1.9427779300493864,1.657331230404979
14.02,0.01246591983616607,2.3089995935064964,7.035628113103825,2.0960075118392645,2.099057874455826,2.10246655301375,2.1026969174507615,2.095116345900235,7.05322265625,1.8306463570070883,11.047291617972634,2.101872323578791,2.073546275448389,1.8582404913740804,1.7784571587295062
14.030000000000001,0.012465919836166095,2.3089995935064986,7.037866798880479,2.0960554956954476,2.099083187399756,2.102172303244941,2.10143275496739,2.0953143519275628,7.0751953125,2.610866810563731,11.921369463462728,2.101330166668019,2.0782298176964633,2.0309066053255296,2.5568264644531133
14.040000000000001,0.0112767724171978,2.1961100503411455,7.047026897658409,2.096002384982403,2.0987749717788895,2.1009157647973757,2.0972210697216034,2.0955551629528046,7.05322265625,2.105343142990186,12.632032435604605,2.099343110298283,2.0642169645973794,2.005535277660906,2.0278284360726904
14.05,0.00935269147567306,1.9999999999999858,7.059868367647488,2.0959500517723857,2.098476641597069,2.09974668502268,2.093658346209341,2.0958227496473927,7.05322265625,2.0883821625013796,13.194148581247664,2.0975943011695337,2.0600724427518444,2.0510912485588437,2.148872203338284
14.06,0.007428610534148371,1.7824423263574394,7.071569788787872,2.0959983887498406,2.098516728069198,2.099628274301834,2.0937818306233993,2.0961123631961076,7.0751953125,2.4765466197469506,13.616246288387028,2.097562102240707,2.079291110704723,2.1854629919365993,2.473992440583728
14.07,0.006239463115180207,1.6335607969055785,7.077406562073341,2.0960455366799127,2.0985518723102468,2.099508269463084,2.09393232068111,2.0964258873958985,7.0751953125,2.2003460749056583,13.90471152208727,2.0975436643326693,2.090463495419731,2.194024771381719,2.142737530980681
14.08,0.006239463115180164,1.633560796905573,7.075167935630817,2.096091514110414,2.0985823132580452,2.0993875019684025,2.0941043708731133,2.0967652670320183,7.0751953125,1.9806622529270663,14.065094351707161,2.097534647747977,2.0966708019634726,2.1692548456776146,1.9939036964029666
14.09,0.007428610534148254,1.7824423263574254,7.066008116907946,2.0962362218232404,2.09893682183324,2.100231004114601,2.0973711933126484,2.0971324003523395,7.09716796875,2.322033359288489,14.099947634249617,2.0990226616257637,2.1175066211292837,2.2295985422692,2.32220465325233
14.1,0.009352691475672916,1.9999999999999705,7.053166768657877,2.0963778224753447,2.0992723193156726,2.100990757356442,2.100133193186529,2.0975213874278538,7.09716796875,2.1077816212787766,14.008633975500898,2.100317245882431,2.1261280775075435,2.1903622855167995,2.042381987722289
14.11,0.011276772417197684,2.196110050341134,7.041465138036524,2.096316611944776,2.0989324681024244,2.0997451111559475,2.096288434047829,2.0979079984854745,7.05322265625,0.9731751357870143,13.790270147938646,2.0984498911690728,2.09267721017656,1.948762335723442,1.0305102673156172
14.120000000000001,0.012465919836166165,2.3089995935065053,7.035628113103819,2.096356185099946,2.0989326806262354,2.0995557150383437,2.096122890145626,2.0982598711345672,7.0751953125,2.2803797559765333,13.443921927035072,2.0982953802219235,2.0940095970461132,2.04153951829824,2.3400243307961914
14.13,0.012465919836166116,2.308999593506501,7.037866798880472,2.096194945379149,2.09827254488231,2.097444902028339,2.089829382744699,2.098543289471024,7.03125,1.673935931148149,12.96506978613688,2.0951719309420933,2.0590848420713472,1.8820932963186647,1.6025703155969235
14.14,0.011276772417197857,2.1961100503411513,7.047026897658401,2.096036583808195,2.0976385972560054,2.095506076489433,2.084577580923658,2.0987301481611436,7.03125,2.1492298543075474,12.344926573202594,2.092451388048338,2.0447829489427667,1.9397341481625567,2.2078668045276544
14.15,0.009352691475673131,1.9999999999999936,7.0598683676474785,2.095980974227067,2.0973591269368956,2.094697356989769,2.0833865444802275,2.098816756703338,7.05322265625,2.6475836179611663,11.5710877457663,2.0916053199016393,2.06048844648535,2.1244959449006604,2.6311117150498973
14.16,0.007428610534148428,1.7824423263574463,7.071569788787861,2.0961260255758223,2.0977477083715863,2.0958930415030093,2.0887791837943053,2.098822831801372,7.09716796875,2.8674340353876544,10.625394713283177,2.0939051051227224,2.1073458288273006,2.3432600352744584,2.821497935802184
14.17,0.00623946311518023,1.6335607969055816,7.07740656207333,2.096168134500126,2.097788670356198,2.0960284571738836,2.0903442135055257,2.098773401481188,7.0751953125,1.6207223500814432,9.476228036360014,2.0944545860853583,2.1121570406993584,2.221915880154669,1.6510608094658268
14.18,0.006239463115180141,1.6335607969055699,7.075167935630806,2.0963090719123585,2.0981544991813976,2.0971195143383965,2.0948673365580084,2.098691297345884,7.09716796875,1.9007770451662778,8.062255026295489,2.0964469719321412,2.1309681457319116,2.2330005922052485,2.060770100439886
14.19,0.007428610534148197,1.7824423263574185,7.066008116907934,2.096447002098878,2.09850199366822,2.0981187427803434,2.0987133137329677,2.098597632455703,7.09716796875,1.9199233543742928,6.2411519276392164,2.098191568124276,2.137494961844497,2.169767245357825,1.9103440175785495
14.200000000000001,0.009352691475673216,2.0000000000000027,7.053166768657864,2.0965819622142403,2.0988316670387013,2.099030362048759,2.1019345707139485,2.0985031711532307,7.09716796875,1.9786098129598662,3.4864610713668034,2.0997026080133305,2.1372722895192187,2.106809315163469,1.9311009787223572
14.21,0.011276772417197928,2.196110050341158,7.041465138036511,2.0966141295163587,2.098815648377003,2.0988960991207697,2.1014978786971255,2.098405560463872,7.0751953125,1.6215784836484657,-3.853793239312137,2.0995068439740514,2.1160699901157924,1.9710353627632695,1.6203490385828752
14.22,0.012465919836166142,2.308999593506503,7.035628113103805,2.0966453734594874,2.098797581045114,2.0987660070609215,2.101068766122301,2.0982934361747327,7.0751953125,2.0302751219734874,-6.443024526872141,2.0993077928443644,2.1035979702357217,1.9723930843933024,2.0657104155290256
14.23,0.012465919836166137,2.3089995935065026,7.037866798880459,2.096475982533616,2.098120726000917,2.096713462341803,2.0944702829920576,2.098152366211899,7.03125,1.4560506676458325,-8.20236230651478,2.0961277112318175,2.0608379880151695,1.8082496937141828,1.4507143024140077
14.24,0.011276772417197913,2.1961100503411566,7.047026897658388,2.0965093629912888,2.098128415197119,2.0967588191794038,2.095098410109281,2.097979429559515,7.0751953125,2.7656031546022355,-9.572129404965747,2.096328380525359,2.0784040423476107,2.0893779751424533,2.770694140916679
14.25,0.009352691475673202,2.000000000000001,7.059868367647466,2.0965418311348856,2.0981338144369284,2.0968012925737978,2.095651117032218,2.0977878666240968,7.0751953125,2.489255952800244,-10.681098374201037,2.096512166342842,2.0887017547512863,2.161472433475997,2.3818969717360314
14.26,0.007428610534148485,1.7824423263574531,7.0715697887878495,2.0966732653495956,2.0984654972569263,2.097804890101935,2.099217129559934,2.0975950830749235,7.09716796875,2.371445539891815,-11.587037451915446,2.0981697944822493,2.1122206285112664,2.254081985694368,2.3891988501631825
14.27,0.0062394631151802505,1.6335607969055843,7.077406562073318,2.096801847668288,2.098780392295984,2.098722201191689,2.1021993049228738,2.097416192995403,7.09716796875,1.9103177150296418,-12.321248110299441,2.099612283232071,2.1225567311366365,2.2220327269906757,1.9830249951286052
14.280000000000001,0.006239463115180234,1.633560796905582,7.075167935630795,2.09682776439974,2.098750643420688,2.098593877375312,2.1015771860460633,2.0972550684340665,7.0751953125,1.315077161049147,-12.90152735514972,2.099363281050623,2.107925008669933,2.07508979333428,1.466420630855368
14.290000000000001,0.007428610534148441,1.7824423263574478,7.066008116907924,2.0968528732763887,2.0987197906739037,2.0984706276661247,2.10098928681093,2.0971088911513953,7.0751953125,1.9004857031653146,-13.33784246982081,2.099123804495048,2.0996427648099347,2.0446671661671854,1.961893787463569
14.3,0.009352691475673146,1.9999999999999951,7.053166768657856,2.096977038323001,2.099016283090001,2.0993162588310597,2.1035168389796923,2.0969746738371864,7.09716796875,2.5309242431038053,-13.637062237109678,2.1003867228731714,2.1129744869691702,2.144057303295458,2.464168376666616
14.31,0.01127677241719787,2.196110050341152,7.0414651380365045,2.0969986148359405,2.098968890148225,2.0991201803890673,2.1024935055523737,2.0968416216462136,7.0751953125,1.9337313169339019,-13.805195271345955,2.099978151964732,2.1006157096944844,2.0495291643769424,1.8385059232732062
14.32,0.01246591983616612,2.308999593506501,7.035628113103801,2.096919605842228,2.0985927400224234,2.097968968604267,2.098469086135291,2.0966884050555867,7.05322265625,1.5629120439513735,-13.845454097533077,2.09810690563825,2.0763020927953417,1.94750270190222,1.654090610331582
14.33,0.01246591983616616,2.308999593506505,7.037866798880456,2.0968418345204807,2.098230909306528,2.0969094804727955,2.095034565325026,2.0964962385968815,7.05322265625,2.0853029066534106,-13.757442509377038,2.096460097105572,2.065909671008861,1.986003852256509,2.137699854653141
14.34,0.011276772417197971,2.1961100503411624,7.047026897658386,2.0967652968646218,2.0978831651954857,2.0959380899469613,2.092147065185918,2.0962579534711296,7.05322265625,2.3053088368178827,-13.539889270469084,2.095026381880485,2.063472964751339,2.046197070207682,2.2621724986321934
14.35,0.009352691475673273,2.0000000000000084,7.059868367647467,2.0967898452909375,2.097877758694765,2.0960169329962097,2.092862230156658,2.0959813601460184,7.0751953125,2.573874109296144,-13.19141501575223,2.0952857415642865,2.083217381185099,2.181891066392736,2.5171460973733164
14.36,0.007428610534148543,1.78244232635746,7.071569788787852,2.0969135070462466,2.098199732846764,2.097058779678769,2.096617105465766,2.095685728379075,7.09716796875,2.5188527921309922,-12.70754765794119,2.097025977363564,2.111991671181465,2.2757250026432927,2.456692633309144
14.370000000000001,0.006239463115180159,1.633560796905572,7.077406562073323,2.0969346293767295,2.0981775977406256,2.0970491953224237,2.096707087342416,2.0953888797971794,7.0751953125,1.55188122488588,-12.078903928277523,2.097062579696364,2.107419638236332,2.144369077154196,1.585486109527371
14.38,0.006239463115180213,1.6335607969055794,7.075167935630803,2.096955062807069,2.0981549000849133,2.0970407948556913,2.096788519704718,2.095106024513308,7.0751953125,1.7105043303911804,-11.291354168330944,2.0970947667691195,2.1043034598339014,2.093767155165033,1.839801063752563
14.39,0.007428610534148384,1.782442326357441,7.066008116907932,2.0971745035286413,2.0987884318241643,2.0989634159128623,2.103035927979864,2.0948572128110943,7.119140625000001,2.6653977827709228,-10.32385006259983,2.100104085178046,2.137293397456996,2.2563671313168476,2.6335211767677755
14.4,0.009352691475673077,1.9999999999999878,7.053166768657866,2.0972895056567946,2.0990637476378655,2.099754823714188,2.105158865971653,2.0946531401197777,7.09716796875,1.8695487242949527,-9.14008915956159,2.101225304707128,2.1327726723054163,2.130962365679063,1.7375374760959412
14.41,0.011276772417197812,2.196110050341147,7.041465138036517,2.097302104109397,2.0989964315319254,2.099507071047495,2.1037722033362583,2.0944833526856645,7.0751953125,1.29840266555644,-7.667152105020501,2.1006826553467577,2.109804658298996,1.9800578486050728,1.428664177122475
14.42,0.012465919836166099,2.308999593506499,7.035628113103814,2.0973141308037238,2.098929858869887,2.09927157306767,2.1025115008392103,2.0943263611261007,7.0751953125,1.938757489785795,-5.724170114530768,2.1001765282342144,2.0970594659918778,1.9792661513007488,2.0201872949872053
14.43,0.012465919836166297,2.3089995935065173,7.037866798880471,2.0972257689162834,2.0985357795824364,2.0980833400385155,2.0982829006146955,2.0941548865744832,7.05322265625,1.9177337795307337,-2.446514906546938,2.098219434962176,2.0727389317961715,1.9195894124507595,1.878613570499938
14.44,0.011276772417198027,2.1961100503411677,7.047026897658401,2.0971388242686446,2.098157194503103,2.09699000253691,2.09468261146148,2.093941774330049,7.05322265625,2.2477640790132223,4.584704436700062,2.0964977724961096,2.0625922518337356,1.9807811275449692,2.220425697745367
14.450000000000001,0.009352691475672971,1.9999999999999765,7.059868367647481,2.0969534468628397,2.097465341235027,2.095021396234703,2.0885587827646,2.0936682496087355,7.03125,1.9719398417321383,6.905973111689915,2.0935057715839624,2.0423924341356505,1.9560351299008716,1.9457121613931014
14.46,0.007428610534148299,1.7824423263574307,7.071569788787867,2.096871279312489,2.0971315576567564,2.094189658565842,2.0865867533166313,2.0933340503225777,7.05322265625,2.499344364028643,8.572375750109588,2.0924125104090074,2.055404415753881,2.1225804765054073,2.507236773572287
14.47,0.00623946311518018,1.633560796905575,7.077406562073337,2.0969901899954126,2.0974692136984605,2.0953714817819833,2.091273638995593,2.0929630827347068,7.09716796875,2.8496479955560763,9.8934402903156,2.094489833465211,2.1015505310817137,2.341147601791333,2.802518290052185
14.48,0.006239463115180191,1.6335607969055763,7.075167935630815,2.0971065403045106,2.097791477692461,2.096461464964768,2.095312099540246,2.0925858305708624,7.09716796875,2.0799029095125894,10.973060446303043,2.096335729393155,2.1241496911078483,2.3076656602685777,2.0585552612283013
14.49,0.007428610534148327,1.782442326357434,7.066008116907944,2.0972203625047947,2.0980987274454352,2.097463310173213,2.098748365763396,2.0922242408072895,7.09716796875,1.568915402033555,11.860512633732919,2.0979583983666004,2.13327130540212,2.2168726277605515,1.7318229285869615
14.5,0.009352691475673006,1.99999999999998,7.053166768657878,2.0972318581994336,2.0980629536121556,2.0974153653770338,2.098538640447068,2.0918891441045018,7.0751953125,1.1893516745229102,12.583025378598734,2.0978787386879505,2.1173543856960992,2.0391961663330407,1.362976459525605
14.51,0.011276772417197756,2.196110050341141,7.041465138036527,2.0973426903287478,2.098356044928433,2.0983360302780354,2.1014335936677964,2.0915844754105546,7.09716796875,2.30610083658166,13.156173099746377,2.099288858109736,2.125280028630166,2.092644524935584,2.2871090856113807
14.52,0.012465919836166078,2.3089995935064973,7.035628113103823,2.0973512465560926,2.0983065650769666,2.0982109585315896,2.10073982087226,2.0913056599329813,7.0751953125,1.973622016940177,13.588707650127771,2.099013504296426,2.1092849958643187,1.9908795875274936,1.8419866494116126
14.530000000000001,0.012465919836166203,2.308999593506509,7.0378667988804775,2.09715969003704,2.0976010908396825,2.0961613535117505,2.0939263535853807,2.0910362881529796,7.03125,1.1532009152282836,13.887074660267643,2.0957702452740974,2.0644821470941666,1.7927642174106866,1.2778818034684887
14.540000000000001,0.011276772417197784,2.196110050341144,7.047026897658407,2.0971712879693536,2.097582761690483,2.0962167650609254,2.0943800606028407,2.0907682197747395,7.0751953125,2.7116771589861934,14.057072186152274,2.09592060601207,2.0807549488722636,2.0698981221197417,2.7658494003809047
14.55,0.00935269147567304,1.9999999999999838,7.059868367647486,2.0970825830066877,2.0972361644002864,2.095304906663089,2.0917055702383194,2.0905048907638903,7.05322265625,2.200928741995926,14.101424904572438,2.0945721545054137,2.0724100733931032,2.053416804316965,2.102327547311273
14.56,0.007428610534148355,1.7824423263574376,7.071569788787869,2.0971950627775273,2.097561566333161,2.0964078275029494,2.0956971485549496,2.0902551780383285,7.09716796875,2.693145424443394,14.019756501777191,2.0963982953157037,2.106072022783122,2.2595391974875416,2.6881347532594697
14.57,0.006239463115180202,1.6335607969055779,7.077406562073338,2.0972052781550885,2.097543700388269,2.0964558821926857,2.0960019562980357,2.0900274881072587,7.0751953125,1.7821663106867867,13.811106287287059,2.096513351593023,2.1043346694189005,2.161578816052089,1.7475956511047506
14.58,0.00623946311518017,1.6335607969055737,7.075167935630815,2.0972150609873075,2.0975261309015303,2.096502501145077,2.0962741547825745,2.08982021596873,7.0751953125,1.7308022021014828,13.474601801567127,2.096617157381437,2.102879000889659,2.1186606241609223,1.8377089693710273
14.59,0.0074286105341482694,1.7824423263574272,7.066008116907943,2.097124586767948,2.097180341085961,2.0955815700642795,2.0934239225901727,2.0896268224642913,7.05322265625,1.5561833957291855,13.006127782174513,2.095217459101619,2.0838919851775404,2.0067756631483884,1.6057716331593346
14.6,0.009352691475672935,1.9999999999999725,7.053166768657874,2.0971355007249954,2.0971780948979815,2.0957086411667567,2.094148271027501,2.0894417044457265,7.0751953125,2.4190649239131057,12.39720403157105,2.095496393335442,2.093360398819168,2.1118963064004523,2.392307710865798
14.61,0.011276772417197697,2.1961100503411357,7.041465138036522,2.0971459937157215,2.0971758395554594,2.0958302395354504,2.094798445829298,2.089260690304963,7.0751953125,2.330564803040205,11.635649467761905,2.0957529249387745,2.0983806599272707,2.129036162918696,2.2304829962281048
14.620000000000001,0.01246591983616617,2.3089995935065057,7.035628113103817,2.0971560756531007,2.0971735811842045,2.0959463155897207,2.095377208788136,2.089072669686181,7.0751953125,2.1105716725290113,10.703888717512301,2.0959864161797492,2.100753204984879,2.122274793376843,2.1072983231944904
14.63,0.012465919836166224,2.3089995935065106,7.03786679888047,2.096866229323614,2.0961854059298926,2.0931568314541438,2.0865922319486265,2.0888572137051953,7.00927734375,-0.6252090922802089,9.571700055700278,2.091714900013366,2.0477723391825404,1.817751131340805,0.3537102298672042
14.64,0.011276772417197841,2.1961100503411495,7.047026897658399,2.0967815609565066,2.095898519603516,2.0925454701009523,2.0854786371269056,2.0886047559045693,7.05322265625,2.5870073045018014,8.181147499634221,2.0909980533192924,2.061648433350665,2.0705056434261513,2.686343663724748
14.65,0.009352691475673112,1.9999999999999913,7.059868367647476,2.09679826628919,2.095954065027456,2.092968392898517,2.0877928563157804,2.0883288201660424,7.0751953125,2.848516337099641,6.400050311209963,2.0919147693713587,2.0896415085184477,2.235548788750302,2.723201192161554
14.66,0.0074286105341484126,1.7824423263574445,7.071569788787859,2.0967146640302494,2.0956794681725097,2.092402857509741,2.0867562401017152,2.0880472686662825,7.05322265625,1.8745287358127292,3.7684269961086656,2.0912613607660115,2.086465578321408,2.144246484273599,1.8251067378299861
14.67,0.006239463115180224,1.6335607969055808,7.077406562073327,2.0967324351259995,2.095746990514374,2.092868249002191,2.0891242185572945,2.0877822368125205,7.0751953125,2.134317026359135,-3.5790069272081326,2.092224082644971,2.1036169084441148,2.205934477552262,2.2435579687972087
14.68,0.006239463115180147,1.6335607969055708,7.0751679356308035,2.096849600672381,2.0961415577361437,2.094276816705865,2.094334857025012,2.087561389944877,7.09716796875,2.390589747657413,-6.286076004084442,2.0945920258727257,2.1291235068162866,2.267968677439687,2.350995035050465
14.69,0.007428610534148212,1.7824423263574203,7.066008116907931,2.0968644995314456,2.0961909199541107,2.0946098161202062,2.095654934972636,2.0874029931652,7.0751953125,1.6490840037276844,-8.084905173675956,2.095180817076641,2.121492134258525,2.1222324010269333,1.5797650995786094
14.700000000000001,0.009352691475673237,2.000000000000005,7.053166768657861,2.096978821698485,2.096567599031543,2.095889689273674,2.0998776871584615,2.0873120390860365,7.09716796875,2.1924766151336996,-9.478196198279681,2.097189148700601,2.133001711821035,2.15892566352156,2.2188696861488117
14.71,0.011276772417197942,2.1961100503411592,7.041465138036508,2.0968910744919933,2.0962707707235415,2.0951324542149306,2.097207786756135,2.0872764392656724,7.05322265625,1.265464709733009,-10.604481618184936,2.0959491899729357,2.1003627959335165,1.9386393803658786,1.2362613816031938
14.72,0.012465919836166149,2.3089995935065035,7.035628113103804,2.0967050476895888,2.0956587533565543,2.093475902475354,2.091838341849852,2.087268758392813,7.03125,1.5616374519848177,-11.52461756040204,2.0933616787160503,2.0654746654611036,1.8393996748609942,1.662924879206317
14.73,0.012465919836166246,2.308999593506513,7.037866798880456,2.096522534716397,2.0950745937468502,2.091967099503037,2.0873453352726314,2.08726584173245,7.03125,2.3226116091168,-12.271210184450721,2.091109404676404,2.0504553669211987,1.9243672814577093,2.3021555451763205
14.74,0.011276772417197899,2.1961100503411553,7.047026897658386,2.0963435041579213,2.0945176361838356,2.090599160817533,2.083650619536981,2.0872578777034776,7.03125,2.4793082773762753,-12.862819083978717,2.0891730578464456,2.046936255758715,2.028487065286249,2.39736339808588
14.75,0.009352691475673183,1.9999999999999991,7.059868367647463,2.0961679239523594,2.093987217628913,2.0893651685074923,2.080677699634873,2.087251593261042,7.03125,2.322823327365401,-13.309865438388059,2.0875304895956663,2.04964690238381,2.103748721953755,2.296716865359525
14.76,0.00742861053414847,1.7824423263574511,7.071569788787847,2.0961955303863995,2.0941409510129962,2.090197803187859,2.0845904259138903,2.0872739848546797,7.0751953125,2.7411495092340346,-13.619292911117464,2.089155017218119,2.091259801625628,2.3166866435437505,2.750534396707338
14.77,0.006239463115180245,1.6335607969055836,7.077406562073316,2.0961227241222113,2.0939614598791203,2.0900139155515474,2.084931042138724,2.0873617469056254,7.05322265625,1.727065219344222,-13.797244121270172,2.08913343964617,2.0947347795034967,2.208187645890404,1.7390695742410733
14.780000000000001,0.00623946311518024,1.633560796905583,7.075167935630793,2.0963509915840843,2.0947798044437294,2.092775450833127,2.0947038600999237,2.087554472234756,7.119140625000001,2.690811437302384,-13.847095520151521,2.0936486821294125,2.1493731022639726,2.401039277040086,2.722382849649022
14.790000000000001,0.007428610534148456,1.7824423263574496,7.066008116907922,2.09647490076061,2.095235047305735,2.0943491615495415,2.0998412632842878,2.087880526676122,7.09716796875,1.71477870617493,-13.768802014684235,2.096113963502502,2.1544385394155623,2.230441196905917,1.5436785072214645
14.8,0.009352691475673166,1.9999999999999971,7.053166768657854,2.096396612336849,2.0950138377966057,2.0938618499873174,2.09792172703548,2.088336093980795,7.05322265625,-0.6817993728182264,-13.561104001948214,2.095270112784747,2.1168114778044713,1.9162023168971807,-0.3871056398678674
14.81,0.011276772417197885,2.196110050341154,7.041465138036504,2.096319815270247,2.0948038964810465,2.0934228287727588,2.0962669181827174,2.088898787798128,7.05322265625,1.808619612813871,-13.222685145818835,2.0945184239138923,2.0955280887330674,1.8771339685543063,1.9072562649519857
14.82,0.012465919836166127,2.3089995935065017,7.035628113103801,2.0962444957696236,2.0946049092075425,2.093029517331989,2.0948564968392636,2.0895388607788195,7.05322265625,2.413796446201081,-12.749423194500888,2.093857755550009,2.084485541538523,1.9297206150262185,2.3125819537821557
14.83,0.012465919836166269,2.308999593506515,7.037866798880456,2.095970869697539,2.093758265825218,2.0907419358186723,2.0874806737293548,2.090216706235793,7.00927734375,1.7058756435381661,-12.132312876385907,2.09029379272214,2.0435235208475286,1.7924957202643355,1.6253722945088709
14.84,0.011276772417197954,2.1961100503411606,7.047026897658386,2.0958024904957613,2.0932803911564686,2.0896308232100163,2.0844303719247104,2.0908951050141917,7.03125,2.468382575189024,-11.35752986155591,2.0887000931821764,2.045489413842556,1.9967615293978458,2.5363947458050715
14.85,0.009352691475673252,2.000000000000006,7.059868367647467,2.0956374605502237,2.092826484970337,2.0886338101964506,2.0819844234985516,2.0915487324979014,7.03125,2.3923136196523687,-10.404873704215513,2.087355208322466,2.050898869304969,2.1000522851328713,2.3825441177369524
14.86,0.007428610534148526,1.782442326357458,7.071569788787852,2.0954757452432062,2.0923958986663664,2.0877447043475557,2.0800802194711485,2.0921590684406612,7.03125,2.1562101083939784,-9.239624252200265,2.08623827694673,2.057681100088427,2.147225157568315,2.1958388680170544
14.870000000000001,0.0062394631151801525,1.6335607969055714,7.077406562073324,2.095417227922785,2.092317465255502,2.087928108687662,2.08177557094497,2.092716091194762,7.05322265625,2.3678392930565844,-7.792958711367884,2.086827745072472,2.082549118797732,2.247765190712216,2.4087944895265245
14.88,0.0062394631151802184,1.63356079690558,7.0751679356308035,2.095359999246537,2.09224639592494,2.0881236436466586,2.0833827211150684,2.0932124521082343,7.05322265625,2.071669568685568,-5.898342746541614,2.087405704212604,2.096165410911829,2.225458078529279,2.0706560145979807
14.89,0.0074286105341483995,1.7824423263574427,7.066008116907935,2.0953040426297393,2.0921823750645165,2.0883291970468787,2.084891095902546,2.093635455487863,7.05322265625,1.9186549571260187,-2.8369940790446564,2.087964106484152,2.102975957332432,2.1758238257248586,1.9519695091920775
14.9,0.009352691475673094,1.9999999999999896,7.053166768657868,2.095149414836232,2.091795536168224,2.0875717018139643,2.0831699903898286,2.093965448410643,7.03125,1.5314862247488428,4.354163188585919,2.086998775103482,2.088003039106451,2.0382701318732432,1.5952605022356834
14.91,0.011276772417197828,2.196110050341148,7.04146513803652,2.094997981490675,2.091429801120732,2.0869043447618,2.0818630469631048,2.09418175514759,7.03125,2.0038295841451204,6.758497357524113,2.086201288800477,2.0811008354258216,2.0241143524444283,2.0433809900882585
14.92,0.012465919836166106,2.3089995935064995,7.035628113103817,2.0948497063952023,2.091084541836619,2.0863217162324252,2.080922096855309,2.0942709721222807,7.03125,2.2402326618671804,8.459099104958076,2.085556920024007,2.0787917151436317,2.0434017662319697,2.1958876419921634
14.93,0.01246591983616629,2.308999593506517,7.037866798880473,2.0947045530091524,2.0907591324367467,2.0858185049532008,2.080301007239103,2.0942288913191978,7.03125,2.2321767499724987,9.801687800782142,2.0850507451337044,2.07892907127424,2.064682213503419,2.1891370999826556
14.94,0.011276772417198013,2.1961100503411664,7.0470268976584025,2.0945624844770787,2.090452950303649,2.085389520230148,2.0799563079289034,2.094062854094041,7.03125,2.144143168360013,10.89753568373351,2.0846680443358587,2.0802309754108856,2.079677799949945,2.148219827895297
14.950000000000001,0.00935269147567295,1.9999999999999742,7.059868367647483,2.0945234255035245,2.0904952812060675,2.0860029264753357,2.0829729660362197,2.0937946673442216,7.05322265625,2.4306422706182307,11.798473482484757,2.0858949173987473,2.0997649478393363,2.178576497134088,2.4238568707645936
14.96,0.007428610534148283,1.7824423263574287,7.07156978878787,2.0944854190135604,2.0905408930849023,2.086595913740484,2.0856528799106306,2.0934563844264638,7.05322265625,2.13510781625679,12.5329132595263,2.0870194442557235,2.108825409262187,2.165185202450138,2.09682852991371
14.97,0.006239463115180174,1.6335607969055743,7.077406562073341,2.0945484079523045,2.090919389803612,2.08813991728407,2.0911168701634577,2.093084695504128,7.0751953125,2.285211402304206,13.117095324620841,2.089539309489114,2.1294800938055602,2.2193212219323866,2.2959413344809265
14.98,0.006239463115180197,1.6335607969055772,7.075167935630819,2.0947103994962455,2.0916155922226696,2.0905471625198078,2.098822619447038,2.092714904037499,7.09716796875,2.329346168563967,13.56018214009342,2.093254934824549,2.1538718054778436,2.2600575582873774,2.3137265609099114
14.99,0.007428610534148342,1.7824423263574358,7.066008116907948,2.094769519413432,2.091955194528301,2.091793099545993,2.1021396929562575,2.0923647210543135,7.0751953125,1.4831254981158553,13.868653907558881,2.0949956217531476,2.1431988427941873,2.096234193769624,1.505115291006658
15.0,0.009352691475673025,1.9999999999999822,7.053166768657882,2.094627810994193,2.091623815912809,2.091002455335729,2.09866910219545,2.0920286586709875,7.03125,0.4261225958974437,14.048267696868121,2.0935002388483497,2.097813780629839,1.8330678086547445,0.7784568141532991
15.01,0.01127677241719777,2.196110050341143,7.04146513803653,2.0945890631739967,2.0916403482749724,2.0912581846794316,2.0987344855706174,2.0916953187872407,7.05322265625,2.381199708787844,14.102217842687667,2.0936648927649175,2.091669392617682,1.9626889176500883,2.393719708343151
15.02,0.012465919836166083,2.3089995935064977,7.035628113103827,2.094451359918764,2.091329938486329,2.0905329149428087,2.0956408935588833,2.09135479448574,7.03125,2.2202026035280165,14.030141628264452,2.092300832197812,2.0703837713470628,1.938587598028515,2.076957878966865
15.030000000000001,0.012465919836166196,2.308999593506508,7.037866798880481,2.0943166045456163,2.0910368997998154,2.089880117624782,2.092986377769938,2.090998424135297,7.03125,2.258762942255096,13.831146607627064,2.0911043147267607,2.06132748564982,2.0033332243406243,2.2444446046695385
15.040000000000001,0.011276772417197769,2.1961100503411424,7.0470268976584105,2.0941847609131115,2.090760695819851,2.089295779312063,2.0907368304913208,2.0906274459657928,7.03125,2.22346945431089,13.504430995880588,2.0900678855831343,2.0593257967972805,2.06824772817936,2.2432182647288164
15.05,0.009352691475673022,1.9999999999999818,7.05986836764749,2.094155774221931,2.0908306749042227,2.089744050219643,2.091936627030667,2.090255733701713,7.05322265625,2.490345900325071,13.046280019484765,2.0906788702939254,2.0791084429370796,2.199713674108757,2.4816608007863894
15.06,0.00742861053414834,1.7824423263574356,7.071569788787873,2.0941276671943885,2.090901665595376,2.090168600328075,2.0929628497657915,2.0899055418785153,7.05322265625,2.1582090096388495,12.448429865873065,2.0912326708392612,2.0900396001249097,2.2015579317756697,2.1263154739527677
15.07,0.006239463115180196,1.6335607969055772,7.0774065620733415,2.0941004226424313,2.090973483177645,2.0905696980547326,2.0938299398982876,2.089601323661027,7.05322265625,1.9385646965473564,11.699006776961564,2.0917301331656892,2.095677800991738,2.1704587138569678,1.9747999100808642
15.08,0.006239463115180175,1.6335607969055743,7.075167935630817,2.094273981453141,2.091705428947599,2.0928796376866483,2.1006949184688497,2.089370096385337,7.09716796875,2.6144858509141047,10.781102987982917,2.095161627136001,2.133408409424416,2.3112646859824606,2.594618341912825
15.09,0.007428610534148285,1.7824423263574292,7.066008116907946,2.094244480106056,2.0917488236402573,2.093067195553713,2.1002656370093735,2.089226290395178,7.05322265625,1.2501119056121133,9.665823658689867,2.095159560367159,2.1135704687334784,2.073546525292161,1.1432907178527671
15.1,0.009352691475672954,1.9999999999999745,7.053166768657875,2.0943158053439728,2.092122852648914,2.094205034006889,2.102881190725927,2.0891666561644247,7.0751953125,2.0779254102378,8.298234250441809,2.0966268227872953,2.1193686788920116,2.1058729655319413,2.157129916851359
15.11,0.011276772417197715,2.196110050341137,7.041465138036522,2.094186049375705,2.0918237780463693,2.093315963602952,2.0988133711227377,2.089174249149646,7.03125,1.3294370733310523,6.5551980808526995,2.09489513408608,2.08451975291343,1.8997059114339632,1.3264379265159882
15.120000000000001,0.012465919836166175,2.308999593506506,7.035628113103817,2.0940590922056312,2.0915405337657216,2.092500591221702,2.095281855008167,2.0892217060913363,7.03125,2.0224506328472858,4.031468732457532,2.093358893505595,2.067595108053553,1.9247976896804628,2.104922582278654
15.13,0.01246591983616622,2.30899959350651,7.0378667988804695,2.093834905322908,2.0909429652742757,2.0907900436428855,2.089152983803553,2.089285010718472,7.00927734375,2.0175095268964465,-3.280168931460594,2.0905153159072873,2.043147560675968,1.9024808587610251,2.0033982775063244
15.14,0.011276772417197826,2.196110050341148,7.047026897658398,2.0937154022665685,2.0907047159419445,2.0901954970215044,2.087111423724328,2.0893517248622295,7.03125,2.5881678020036767,-6.1244999725853155,2.089542697901887,2.0535148924898277,2.0878531057888554,2.574044394972634
15.15,0.009352691475673093,1.9999999999999893,7.059868367647475,2.0935985732198845,2.0904805668477975,2.0896610939402094,2.085459663073528,2.089424628645324,7.03125,2.343662622059958,-7.965272749281951,2.0887250535033712,2.062334277222013,2.151186746839488,2.299031515629956
15.16,0.007428610534148397,1.7824423263574425,7.071569788787858,2.0936843995110355,2.0909294987504055,2.0911162524505067,2.0903808542783304,2.0895173380658303,7.0751953125,2.666804848318777,-9.382902765944927,2.091042576997692,2.1053109949462554,2.335335046351411,2.681984297566141
15.17,0.006239463115180218,1.6335607969055799,7.077406562073326,2.0936688945643493,2.0910323724955564,2.091491916571666,2.0914718840238615,2.089641696292345,7.05322265625,1.609264117526555,-10.526796228296707,2.0915957902397673,2.108037319115769,2.2064342636671808,1.6406379823745938
15.18,0.006239463115180153,1.6335607969055714,7.075167935630803,2.0936540347642203,2.0911339026153386,2.0918424097816812,2.0924169247553124,2.089798053560669,7.05322265625,1.5927521143170777,-11.46116630533825,2.0920902866012656,2.1082907078051907,2.1306415298077743,1.7499970876800914
15.19,0.007428610534148228,1.7824423263574223,7.0660081169079305,2.093639804416275,2.0912339931411856,2.0921684569858328,2.0932259528585697,2.0899800730901146,7.05322265625,1.9555538455695902,-12.220114091831764,2.0925282711562323,2.1072467410573683,2.0889501187888784,1.9503863546966222
15.200000000000001,0.009352691475673256,2.0000000000000067,7.05316676865786,2.0935261784201513,2.0910029695926537,2.0915047054958347,2.0908102765518386,2.090172633522299,7.03125,1.7684086775387817,-12.823054472840639,2.09141742594278,2.087860177051618,1.975401264171365,1.686865187605025
15.21,0.011276772417197958,2.196110050341161,7.041465138036507,2.093415112496169,2.0907850875340177,2.0909012967475955,2.0887939927565884,2.0903568671866752,7.03125,2.13221799927393,-13.280818845787834,2.090452819509873,2.0786413679074704,1.9900839882246606,2.101123483902934
15.22,0.012465919836166154,2.3089995935065044,7.035628113103803,2.0933065720661577,2.090579931492277,2.0903553232188377,2.0871413122452727,2.0905173136660244,7.03125,2.268459417536945,-13.600534882492664,2.0896258267394785,2.075312812431362,2.031843198251517,2.2208932466972184
15.23,0.012465919836166241,2.3089995935065124,7.037866798880456,2.093200522489448,2.090387089427314,2.089863891482779,2.0858172565770703,2.090642763074458,7.03125,2.216790534808646,-13.788341606332471,2.08892659771801,2.0751961651471333,2.0674448130801424,2.19591058121
15.24,0.011276772417198183,2.196110050341183,7.047026897658385,2.0930969290798482,2.090206153231037,2.0894241322677036,2.084788090881102,2.0907273192296265,7.03125,2.1239108490294156,-13.848018149801709,2.088344610274925,2.0766684491791834,2.089532876988614,2.1487142085380886
15.25,0.009352691475673162,1.999999999999997,7.059868367647462,2.09289571644838,2.089706969782253,2.0880646629153037,2.080907022281016,2.0907717190897626,7.00927734375,1.6537906277973053,-13.77965164767124,2.0863701866493787,2.06079412296303,2.006023208508601,1.757552646322499
15.26,0.007428610534148453,1.7824423263574491,7.071569788787845,2.0928989401754174,2.089893147964439,2.0887722822715027,2.0840083683666166,2.090792695810253,7.05322265625,2.6566064686960806,-13.581844136146001,2.087686524599922,2.091492267029821,2.210124051421562,2.6835994311246707
15.27,0.006239463115180239,1.6335607969055828,7.077406562073313,2.0929025326433135,2.0900749244376167,2.0894357022348533,2.0867469672314423,2.0908199583250315,7.05322265625,2.28886176385232,-13.25346536657844,2.0888778119703892,2.106733951843157,2.210556859002356,2.1973420973662603
15.280000000000001,0.006239463115180247,1.6335607969055839,7.07516793563079,2.0930065194234073,2.09058191425189,2.091024286733932,2.0922506871888515,2.090882864816549,7.0751953125,2.2442762258558484,-12.790692857413127,2.0914418494140286,2.1306116329951417,2.251712426690462,2.2609426794563214
15.290000000000001,0.0074286105341484715,1.7824423263574516,7.06600811690792,2.093008835543194,2.0907399701170957,2.0915185665878324,2.0937957650659667,2.0910026179835985,7.05322265625,1.4404550509653167,-12.18489140286024,2.092192567966494,2.1216519020844284,2.099036351640818,1.512761520708405
15.3,0.009352691475673185,1.9999999999999991,7.053166768657851,2.0931115317393596,2.0912234135834185,2.0929435624838293,2.0981825665249914,2.0911891417738153,7.0751953125,2.146126034774668,-11.422626010128957,2.0943365600257176,2.132069111272587,2.1374841894191365,2.208915556076993
15.31,0.0112767724171979,2.1961100503411553,7.041465138036499,2.093112553264143,2.091358333453441,2.0932813674043547,2.098719056325305,2.091438254050664,7.05322265625,1.7609838887714975,-10.484416612545738,2.0946966719759073,2.1161854995990486,2.017440296141412,1.7151449186329608
15.32,0.012465919836166132,2.308999593506502,7.0356281131037965,2.093013874253885,2.0911598933365863,2.0926213177416857,2.0959990168707234,2.09172699414807,7.03125,1.598663898055919,-9.337126905856486,2.0934912434969593,2.0882278553692664,1.9069245985373098,1.65531387838911
15.33,0.012465919836166264,2.308999593506514,7.037866798880452,2.0928174355262357,2.0906427690588,2.0910476690162176,2.090550934377447,2.092024536464799,7.00927734375,1.7847790636096035,-7.91584017611178,2.090923891985823,2.0563201439171688,1.848121208050661,1.8212674526748718
15.34,0.011276772417198242,2.1961100503411886,7.047026897658381,2.0925251451231084,2.0898211612353976,2.0886398695789232,2.082847706719115,2.0923060054886866,6.9873046875,1.9891970129195697,-6.066708182280759,2.0871827560780893,2.0249794903195744,1.8411504371482192,1.9717741457611648
15.35,0.009352691475673233,2.0000000000000044,7.059868367647462,2.0924391003687055,2.0896982646809463,2.088383400615842,2.0826595307397846,2.092570168032211,7.03125,2.9420302552063524,-3.179033436936193,2.086942270033473,2.0518845434600723,2.157444482764757,2.892317217965428
15.36,0.007428610534148511,1.7824423263574563,7.071569788787847,2.0924552536067496,2.089913974418105,2.0891324768068174,2.0857344426343927,2.092838895618116,7.05322265625,2.7306314269842598,4.111107864249025,2.088278100375876,2.0870097865443107,2.312278330629675,2.6401893179850293
15.370000000000001,0.006239463115180147,1.6335607969055708,7.077406562073318,2.092671659072386,2.0907826902204683,2.0917682973987946,2.0946195065369446,2.093139063969333,7.09716796875,2.562182918875963,6.607879911443914,2.092474072420405,2.140233370036754,2.4486573586066607,2.5927890962682434
15.38,0.0062394631151802245,1.633560796905581,7.075167935630799,2.0926841224682056,2.0909563827560174,2.0922500856869783,2.095900355813969,2.0934803458627846,7.05322265625,-0.5627178093054035,8.344283602303504,2.093153070528824,2.127781850237174,2.1760753236943544,0.4816201491523046
15.39,0.007428610534148415,1.7824423263574447,7.066008116907929,2.0926967304426016,2.091124572376542,2.092692350368879,2.0969357842219325,2.0938491004929003,7.05322265625,1.2301166696715644,9.709064970192747,2.0937324655767275,2.1185587545243947,2.059723306944604,1.5251682279781222
15.4,0.009352691475673115,1.9999999999999918,7.053166768657863,2.0926094141796194,2.0909577885410378,2.0921290205135907,2.0946583884287713,2.0942185253329058,7.03125,1.6917566658071423,10.821457504667876,2.092726987467723,2.0939870562322067,1.9230446515580435,1.635571410469331
15.41,0.011276772417197843,2.19611005034115,7.041465138036514,2.0925241837211406,2.090800335567558,2.091613186447103,2.0926975083448225,2.094552832948865,7.03125,2.297236767302073,11.735999823535582,2.0918361906872724,2.0814603752762273,1.9414024757648358,2.1806623007550274
15.42,0.012465919836166111,2.3089995935065004,7.035628113103812,2.0923409383605645,2.090322323216088,2.0901742222322373,2.087930613502093,2.094813243668914,7.00927734375,2.079054500679223,12.482353924676547,2.089559597427904,2.0581000913129985,1.8973200458414452,1.9728399848449174
15.43,0.012465919836166284,2.3089995935065164,7.037866798880468,2.0921616731276274,2.0898677227800855,2.0888615729458992,2.0839423158614583,2.0949651290224143,7.00927734375,2.233638847066527,13.077490117295705,2.0875833313409204,2.0493368362633464,1.9714486114259127,2.2405347261593684
15.44,0.011276772417198298,2.196110050341194,7.047026897658397,2.091986337877266,2.0894359144879466,2.087669458178276,2.0806649649696327,2.094988064208366,7.00927734375,2.2574833743538067,13.53094472714835,2.0858887609538908,2.0487827719601013,2.0509407173013257,2.2663671574165436
15.450000000000001,0.009352691475672931,1.999999999999972,7.059868367647478,2.0918148822271143,2.089026276899024,2.086592070807142,2.0780319132505887,2.0948803525909887,7.00927734375,2.1821636192985716,13.849338837386679,2.084455101660642,2.0524784819672632,2.104902151688487,2.2012437519540313
15.46,0.007428610534148268,1.782442326357427,7.071569788787865,2.0919475505451883,2.089627622744205,2.0885344425718935,2.0853392286641266,2.0946643620358225,7.0751953125,3.0249010453153153,14.038646416125536,2.0877606469783125,2.1115906334427237,2.387221202828062,2.959676780907042
15.47,0.006239463115180168,1.6335607969055734,7.077406562073335,2.092078094403713,2.0902055433746614,2.0903273076558646,2.0915972947026127,2.0943691661087613,7.0751953125,2.240316283692148,14.102164470946386,2.0906868944243504,2.13907106397683,2.3408312706404,2.0770587316972584
15.48,0.006239463115180203,1.633560796905578,7.075167935630816,2.0920063548288406,2.0901012236324243,2.090039194004589,2.090669942825643,2.094007281872437,7.03125,-0.7009785192795247,14.039711793798409,2.090259600269673,2.113835194946124,2.0407155205895187,-0.34731169648258925
15.49,0.007428610534148358,1.7824423263574378,7.066008116907945,2.092036541580245,2.0903336195430438,2.0907511939771135,2.093006960919766,2.0935862627551165,7.05322265625,1.9541812241846068,13.850413092805779,2.0913837352050986,2.1168763800088097,2.058559602941437,2.095552349491038
15.5,0.009352691475673044,1.9999999999999842,7.053166768657879,2.09206656769362,2.0905580408658264,2.091408398102003,2.094962692045887,2.093116609917401,7.05322265625,2.2817725468977086,13.533516408936219,2.0923636915907293,2.116216531024051,2.049626546031973,2.1771584092486465
15.51,0.011276772417197786,2.196110050341144,7.0414651380365285,2.0919963361674054,2.090444982077737,2.0910445264327917,2.093476448168553,2.092604437742001,7.03125,1.8662682698714217,13.085566847785309,2.0917142953188184,2.096069234095002,1.9484518412527896,1.7868283480616622
15.52,0.012465919836166088,2.308999593506498,7.035628113103825,2.0920279816362015,2.0906685144217447,2.0916825284208254,2.095289350697306,2.0920580290592965,7.05322265625,2.4019812332093355,12.498708913131136,2.0926334926810597,2.103305882167724,2.0669273533771264,2.420267237617872
15.530000000000001,0.01246591983616619,2.3089995935065075,7.037866798880479,2.0919593287192813,2.090554442367142,2.0913001831999747,2.0936845413226317,2.0914892044677846,7.03125,1.8815509203278327,11.761272854264874,2.0919321469165117,2.088151504808696,2.0003890126538653,1.871335692245419
15.540000000000001,0.011276772417198055,2.1961100503411703,7.047026897658409,2.091892424483488,2.0904472167451504,2.090951741154243,2.0922992342513593,2.090913729088108,7.03125,2.009443999216806,10.856850271886023,2.0913114085886924,2.0808537671459026,2.020889194393919,2.0733317240467986
15.55,0.009352691475673003,1.9999999999999798,7.059868367647488,2.091827240460078,2.0903466089807665,2.0906355775690555,2.0911171846016927,2.090360756140385,7.03125,2.1471265507583466,9.75794954967191,2.0907685731374057,2.0781391096097668,2.0550128024686103,2.1506609348409276
15.56,0.007428610534148324,1.7824423263574338,7.071569788787872,2.0919639392554683,2.0909115771107007,2.092286167719613,2.096300815726668,2.0898765280087845,7.0751953125,2.785415037533588,8.412465820965515,2.093290788422666,2.1134761532638757,2.258640019370319,2.715594794577116
15.57,0.006239463115180191,1.6335607969055763,7.077406562073341,2.0921984379109113,2.0917825034409585,2.094763705506248,2.1036975131657574,2.0895135221455194,7.09716796875,2.5570587570769554,6.705686551339932,2.0969786160342805,2.146461470708582,2.3218880154987263,2.410793086644606
15.58,0.006239463115180181,1.6335607969055752,7.075167935630817,2.0923286098957274,2.092286203430853,2.0960572051937407,2.1067231480493076,2.0893066996674388,7.0751953125,1.363885546798086,4.277295506991025,2.098670546154948,2.140686242896822,2.1484205356517947,1.367144173015442
15.59,0.007428610534148301,1.782442326357431,7.066008116907946,2.0924565453929014,2.0927677658019435,2.0972278401946673,2.109094356033605,2.0892670357602237,7.0751953125,1.5411491774537724,-2.951399089315565,2.1000922618229407,2.1333195434999364,2.0622955363958946,1.6991197158582543
15.6,0.009352691475672973,1.9999999999999765,7.053166768657877,2.0924821953692545,2.092898507800565,2.0973168906728783,2.1077961179769913,2.089383438703947,7.05322265625,1.5850663110838428,-5.958064551557857,2.0997795065787543,2.1081046885597803,1.931454712285021,1.592419019309253
15.610000000000001,0.01127677241719803,2.1961100503411677,7.041465138036524,2.092307476114062,2.0923644649297994,2.0954477205723103,2.1002781477073054,2.0896255043385996,7.00927734375,1.3381073920143078,-7.843184718595167,2.096460361245823,2.057785089810403,1.7384706214742,1.2918755563326025
15.620000000000001,0.012465919836166182,2.3089995935065066,7.035628113103819,2.0923365966535905,2.092512254370435,2.0956532765922624,2.100022674442198,2.0899633840505643,7.05322265625,2.8674780168103595,-9.28593475885161,2.096502857497948,2.071237402629395,2.0418992248649412,2.8200899731429323
15.63,0.012465919836166213,2.3089995935065097,7.037866798880472,2.092165285522167,2.0919947898747555,2.093895324346105,2.093470039710931,2.090368594776863,7.00927734375,1.9659046882412894,-10.447872872164078,2.0935297783475018,2.043479393820891,1.9457918424500815,1.8093269571725923
15.64,0.01127677241719811,2.1961100503411757,7.047026897658401,2.091997612244538,2.0915001635100188,2.0922755679541445,2.0879190834327135,2.0908121001432463,7.00927734375,2.0498189937751192,-11.396779931652812,2.0909212106938364,2.033767340211457,2.00955633222563,2.1402042660871023
15.65,0.009352691475673074,1.9999999999999873,7.0598683676474785,2.0919336251465235,2.091357320768621,2.091757352088724,2.0864166900027006,2.09128057304284,7.03125,2.51208137450049,-12.168259972934429,2.090154482419346,2.0525140464162455,2.1765473617534763,2.5354694276562366
15.66,0.0074286105341483805,1.7824423263574405,7.071569788787861,2.0918712288266144,2.091221630560696,2.091283648123915,2.0852323099149994,2.0917727871450484,7.03125,2.23247944702477,-12.782589624223375,2.089513888536932,2.0657028011061347,2.20683005957621,2.2003561569864964
15.67,0.0062394631151802115,1.6335607969055792,7.07740656207333,2.0919104910112054,2.0914223467308295,2.0918209089170037,2.08743658301845,2.092294498220822,7.05322265625,2.321048169565486,-13.251076766429216,2.0904832300202227,2.092857726201684,2.2781400410998645,2.3391819635163755
15.68,0.0062394631151801595,1.6335607969055723,7.075167935630806,2.092049411329528,2.0919444462141046,2.0932824431196253,2.0924560539411883,2.0928525918834553,7.0751953125,2.3196061239698755,-13.580988778164084,2.092850986678162,2.1241838607708474,2.3184948060616213,2.319717320143902
15.69,0.007428610534148243,1.782442326357424,7.066008116907935,2.092085842273179,2.0921145885844803,2.093650990205096,2.0936047542852845,2.09343936757219,7.05322265625,1.4508765587295964,-13.77860583290738,2.09343017387392,2.1197039169268552,2.148540789602955,1.4896653347047544
15.700000000000001,0.009352691475673275,2.000000000000009,7.0531667686578645,2.092021774180951,2.091948083160596,2.0930167198967737,2.091481168331145,2.09402773390146,7.03125,1.2535523895690497,-13.847975428728153,2.0924344494226434,2.0976146533321214,1.9750225584227112,1.3935105324915955
15.71,0.011276772417197973,2.1961100503411624,7.041465138036512,2.0918591636032526,2.091459738745591,2.0914644873933907,2.0866132638142587,2.0945817853694617,7.00927734375,1.6805072618701509,-13.789391576786597,2.090064268085469,2.068241216170239,1.8625134917663493,1.6900802276018771
15.72,0.012465919836166161,2.308999593506505,7.035628113103807,2.091700035424475,2.0909934028928454,2.090042979135781,2.0825634647539277,2.0950705398480816,7.00927734375,2.3410779061704163,-13.60151683083607,2.088004577604681,2.0556099119804343,1.9215550305315943,2.266275431937704
15.73,0.012465919836166234,2.3089995935065115,7.037866798880461,2.0916444508207843,2.090878103785593,2.089715425704701,2.082355473279937,2.095478044367166,7.03125,2.7331455780531058,-13.28318075112548,2.087735080219723,2.0706266451498028,2.1011564351975633,2.636661672786187
15.74,0.01127677241719817,2.1961100503411815,7.04702689765839,2.0915903030076715,2.0907691294117754,2.089424069298738,2.0823107265940184,2.095799993202803,7.03125,2.3129399103336086,-12.83094256626931,2.087539176066827,2.080048660444262,2.1460470541837937,2.261366331029695
15.75,0.009352691475673143,1.9999999999999947,7.059868367647468,2.091537568201521,2.090666289752267,2.0891668677717283,2.082404573780647,2.096038522597143,7.03125,1.9497062059257049,-12.236484429456604,2.087406243827663,2.0858419725093613,2.146168710340331,2.036886366848127
15.76,0.007428610534148439,1.7824423263574476,7.071569788787852,2.0914862227357474,2.0905693954990454,2.0889418051927025,2.0826139584562275,2.0962040592023317,7.03125,1.9015417289308343,-11.486795125965154,2.087326781163382,2.089285590176522,2.1337036266264335,1.9980723079385598
15.77,0.006239463115180234,1.633560796905582,7.07740656207332,2.091636455201637,2.091137348415106,2.090684345313529,2.0891380984242605,2.0963176835888975,7.0751953125,2.6763974150860186,-10.562888226055502,2.090287744942398,2.1265284522869847,2.2950104075066085,2.626904659675546
15.780000000000001,0.006239463115180253,1.6335607969055845,7.075167935630797,2.0916839850789084,2.091351825592748,2.091318515088977,2.091582174458396,2.0963987718248793,7.05322265625,1.8277479093197397,-9.433204471280792,2.0913933407758742,2.124438114706675,2.1613443715297476,1.6734332731940198
15.790000000000001,0.007428610534148487,1.7824423263574534,7.066008116907927,2.0917309045199795,2.0915576227663504,2.0919027095275076,2.0936527574156205,2.0964558490313965,7.05322265625,1.7518294184416987,-8.036330299489608,2.0923575995550237,2.1204947318692993,2.0922916037979413,1.800786593524408
15.8,0.009352691475673204,2.0000000000000013,7.053166768657859,2.091777210910533,2.0917549067070342,2.0924389234417875,2.095379439948183,2.0964922871517797,7.05322265625,1.9787614811602285,-6.229701700449478,2.0931901470226584,2.115928181631601,2.0618390916397678,1.9810197873665205
15.81,0.011276772417197916,2.1961100503411566,7.041465138036507,2.09182290203887,2.091943848304713,2.0929291877674245,2.096792921390205,2.0965051506875874,7.05322265625,2.1190007574458725,-3.486417574071891,2.093901293913443,2.111443627068398,2.054104422768524,2.0702505587504074
15.82,0.012465919836166139,2.3089995935065026,7.035628113103804,2.0917678842192027,2.091795235614297,2.0924082734053626,2.0948349308041885,2.0964837562754783,7.03125,1.7482618935459264,3.8532582685243133,2.0930074643425844,2.0896734440411477,1.961421657701572,1.7337385451214937
15.83,0.012465919836166257,2.3089995935065137,7.03786679888046,2.0917142167826057,2.0916533662858563,2.0919291824088,2.0931386909323306,2.0964154754652107,7.03125,2.052204947223016,6.453392249325017,2.0922097352183187,2.0788328683352586,1.9888073057817874,2.1030576195424513
15.84,0.011276772417198225,2.196110050341187,7.047026897658389,2.0916618787361796,2.0915180783629803,2.091490169604136,2.091685418133817,2.096293809401156,7.03125,2.217931777272901,8.227271787261511,2.0915058757542213,2.074471957500564,2.037237249094205,2.211608913682383
15.85,0.009352691475673214,2.000000000000002,7.05986836764747,2.0916108491701664,2.0913892090348267,2.091089478524725,2.0904562721620326,2.0961204646547,7.03125,2.20355178726934,9.614786383472572,2.0908919024130457,2.073754579490318,2.0754935365141987,2.1874712880763942
15.860000000000001,0.007428610534148195,1.7824423263574183,7.071569788787855,2.091561107261373,2.091266594778423,2.0907253464775875,2.0894324938091926,2.095907981710131,7.03125,2.131417056161931,10.744028863349309,2.090362632139705,2.0749304542274323,2.0977192626358367,2.14387721418766
15.870000000000001,0.006239463115180141,1.6335607969055699,7.0774065620733255,2.091812927428899,2.092138425064844,2.0932991118512625,2.097864523864718,2.0956830369640747,7.09716796875,3.0162079706382263,11.672494957245762,2.094398010348717,2.1300431994441604,2.365751341797922,2.940156867375464
15.88,0.00623946311518023,1.6335607969055816,7.075167935630803,2.091859889220463,2.0923130599654454,2.093719371398994,2.0987480624652193,2.0954676177090397,7.05322265625,1.4340209338848868,12.430999806563062,2.0949247934362374,2.118899994181536,2.1413229648418475,1.2266945995077432
15.89,0.007428610534148431,1.7824423263574465,7.066008116907932,2.0920062512887947,2.092809045299072,2.0950651199453554,2.1024896188234625,2.0952682461032466,7.0751953125,1.892814891006419,13.037342873896705,2.0968508196275484,2.1284688303459975,2.147041076658721,2.0241487461398933
15.9,0.009352691475673133,1.9999999999999936,7.053166768657866,2.092049874967975,2.092953221275192,2.095321851678209,2.102440167270162,2.09508082470443,7.05322265625,1.5872082015384288,13.50139653003319,2.0970046171695262,2.11245560925447,2.0132726357392947,1.6111543348253414
15.91,0.011276772417197859,2.1961100503411513,7.041465138036515,2.0919927566983927,2.092760913890328,2.0945793164006936,2.0991729012264555,2.0948874033251563,7.03125,1.5686759456696706,13.829877797129798,2.0956049679619415,2.0847657430802093,1.8969861161302954,1.6367393693248784
15.92,0.012465919836166116,2.308999593506501,7.0356281131038125,2.0918368590233625,2.092246949681815,2.0929220198579426,2.093204776465313,2.094668656430605,7.00927734375,1.8191680606489495,14.028752839355763,2.0928556445173156,2.053313962717175,1.8372506716711225,1.8368187187822647
15.93,0.012465919836166277,2.3089995935065155,7.037866798880469,2.091784303389031,2.092084575779451,2.0923659974337827,2.0912354611211867,2.0944196063214693,7.03125,2.6343052810411867,14.101742833694596,2.0919377697857127,2.0589833828765456,2.031736179255385,2.595938227294198
15.94,0.011276772417198284,2.1961100503411926,7.047026897658398,2.091833089686483,2.092258655316767,2.092822911181856,2.092687776493589,2.0941545103872365,7.05322265625,2.7285632532091437,14.048930445032035,2.092638400244867,2.0827101678155118,2.2013485179537198,2.6437803806953295
15.950000000000001,0.009352691475673285,2.0000000000000098,7.0598683676474785,2.0918811390178726,2.092424901349391,2.0932395025726773,2.093908961479755,2.093896494359853,7.05322265625,2.138369308040573,13.869288776142916,2.0932563190900346,2.0953610780327923,2.2127103319248413,2.143608778395449
15.96,0.007428610534148252,1.7824423263574252,7.071569788787864,2.0919284528473834,2.092583499579168,2.0936176908849937,2.0949199891937638,2.09367179351413,7.05322265625,1.7863572568261878,13.56215233343977,2.09379459620921,2.1014574733423625,2.1819666706739365,1.9208526697299624
15.97,0.006239463115180161,1.6335607969055725,7.0774065620733335,2.0919750329553617,2.092734637092317,2.0939593854109138,2.095741355360826,2.0935106386192794,7.05322265625,1.8491733161666748,13.124412834699038,2.094257524971622,2.103776207252182,2.146593121732268,1.9352334570795127
15.98,0.00623946311518021,1.6335607969055788,7.075167935630811,2.0922210297929698,2.0935369662101375,2.096199269872402,2.102564403308653,2.093448334099625,7.09716796875,2.680106183584919,12.548544540234259,2.0976350998140063,2.139108316312591,2.2939082439865652,2.6076001598414993
15.99,0.0074286105341483735,1.7824423263574396,7.06600811690794,2.0923622723766617,2.093973401413344,2.0972720169915293,2.1051181601662834,2.0935108089433547,7.0751953125,1.8372223937123673,11.823116703482954,2.0990610656067723,2.13520042414833,2.1534410416644882,1.6682682308012042
16.0,0.009352691475673063,1.9999999999999862,7.0531667686578725,2.092500851392279,2.0943888367474335,2.098237632747658,2.1071176014981896,2.0937026033901294,7.0751953125,1.7547285198147697,10.932241167453324,2.100256268115701,2.1294559937339863,2.0820710233093602,1.8067321502706177
16.01,0.011276772417198102,2.196110050341175,7.041465138036521,2.09253673955748,2.094454802329418,2.098136777656839,2.1055398929080766,2.0940096029951434,7.05322265625,1.536696141484039,9.849580747396063,2.0997525260658274,2.105616263281498,1.9562538594098378,1.6009657454474389
16.02,0.012465919836166095,2.3089995935064986,7.035628113103819,2.092471934949918,2.0941865787015694,2.097057996751649,2.100937855205399,2.094402444947411,7.03125,1.6894755772805308,8.525602273532124,2.097765564547884,2.0744495911635656,1.86938642140937,1.7212612054272551
16.03,0.012465919836166186,2.308999593506507,7.037866798880475,2.092308401649065,2.0935989471895966,2.095084775922605,2.0938187642970214,2.094849099544945,7.00927734375,1.9310768601457569,6.853111752115249,2.094495415022534,2.0420456182204454,1.8377613258098875,1.9064232928317655
16.04,0.01127677241719834,2.196110050341198,7.047026897658404,2.092248213426458,2.0933647896417056,2.0942323540171826,2.0908930524689517,2.0953299734672806,7.03125,2.6750080355904147,4.509912409753891,2.0931173277010253,2.048416088963938,2.049329340950579,2.621814668689297
16.05,0.009352691475673356,2.0000000000000173,7.059868367647485,2.0922893748362608,2.0934690162947756,2.0944124592226157,2.091563085260739,2.095841679181341,7.05322265625,2.728930432925881,-2.581147092843371,2.093415781922438,2.0736953670830593,2.2250655931340044,2.650099338325649
16.06,0.00742861053414861,1.782442326357468,7.071569788787868,2.0924298953655365,2.0938966994004056,2.095538617808965,2.095251233903637,2.0963855339156154,7.0751953125,2.43916563472597,-5.786745558733769,2.0951801424166976,2.1058633627030576,2.321765585941303,2.443730484101866
16.07,0.006239463115180185,1.6335607969055757,7.077406562073337,2.092467688890242,2.093974904784532,2.095593842072967,2.0952421453762153,2.0969530146882858,7.05322265625,1.3257742307979115,-7.718832115487061,2.0952249489709986,2.10323110870999,2.1839198889451237,1.491229245458927
16.080000000000002,0.006239463115180303,1.6335607969055912,7.075167935630814,2.092304693138298,2.0933896885541494,2.0936998256214894,2.0890244426417155,2.0975225123368633,7.00927734375,-0.5671411344444799,-9.187632692755743,2.092264448019842,2.0654857563393065,1.9296507577663582,0.6039331563566983
16.09,0.007428610534148316,1.7824423263574327,7.066008116907943,2.092445146060815,2.093816682642275,2.0948617239905403,2.0930975518595125,2.098079511579292,7.0751953125,2.8905133623765664,-10.367812751830883,2.0941649539717613,2.102751319779735,2.217242600894885,2.882742116554356
16.1,0.009352691475673363,2.000000000000018,7.053166768657877,2.0924828674600464,2.0938943589119443,2.0949525646512437,2.093456301722464,2.0986124663148957,7.05322265625,2.2645865035072434,-11.331340231815144,2.09433583908061,2.102791031484322,2.1391701274839057,2.0335438985185945
16.11,0.011276772417197746,2.19611005034114,7.041465138036528,2.092419856106346,2.09363798772912,2.094061484798609,2.090674061555348,2.0990966296837894,7.03125,1.5460853409938784,-12.115463429870966,2.092985889975879,2.084310600131913,2.0096768697398177,1.5838357191597396
16.12,0.012465919836166189,2.3089995935065075,7.035628113103825,2.092358139227415,2.09339161778328,2.0932400301229444,2.0883516692686084,2.099506682522185,7.03125,1.9459434274215792,-12.741272785319925,2.091806862165562,2.075872194901451,2.012554590652756,2.0394018562182934
16.13,0.01246591983616632,2.3089995935065195,7.037866798880481,2.092297702172888,2.093155075133983,2.0924854943175335,2.0864478768164716,2.099825332705322,7.03125,2.2180279817305575,-13.220611893412572,2.0907884173580635,2.0731916880668235,2.0451199501252577,2.1977877951197065
16.14,0.011276772417198096,2.1961100503411743,7.0470268976584105,2.0923385934401986,2.0932574757889695,2.0927627326665514,2.0880194617218923,2.100046034720374,7.05322265625,2.554176730316551,-13.560873961338984,2.09141532281092,2.091477276598889,2.164845289706794,2.489193429559352
16.15,0.009352691475673799,2.000000000000065,7.059868367647491,2.092278705991082,2.093025346885543,2.0920502459736974,2.0863223624258938,2.1001685775703614,7.03125,1.8274921268111983,-13.768410342414493,2.0904862388697194,2.0828965531668806,2.0742135518937865,1.789200139835599
16.16,0.007428610534148366,1.7824423263574387,7.071569788787876,2.0923201375588696,2.0931321412796278,2.0923676286686694,2.0880757629923785,2.1002005476457426,7.05322265625,2.247473315611682,-13.847463886618842,2.0911902758662047,2.0972923531553618,2.1557501847705565,2.3053961704710546
16.17,0.006239463115180091,1.6335607969055634,7.077406562073347,2.09236084168761,2.0932336400045792,2.0926607885387205,2.0896281183890735,2.1001605258061335,7.05322265625,2.127111008809929,-13.798609723157535,2.0918230683499646,2.104051472835227,2.148722110804264,2.100624172277965
16.18,0.0062394631151801655,1.6335607969055732,7.075167935630824,2.0926009291291483,2.09398838688754,2.094863784439125,2.097180390547238,2.100073097496216,7.09716796875,2.651430494496781,-13.620486731134642,2.0953739933968905,2.1414993345902813,2.298996964368894,2.6181579738513148
16.19,0.00742861053414856,1.782442326357462,7.066008116907954,2.0927362978083477,2.0943793660473453,2.095909883994023,2.1004195892824074,2.0999557190386127,7.0751953125,1.6951044346443578,-13.312078063959877,2.0969683048694163,2.1384027186924586,2.155738055565316,1.6354289776483284
16.2,0.009352691475672923,1.9999999999999711,7.053166768657888,2.0928690189451227,2.094751385472811,2.09685837430693,2.103065879748146,2.0998082641536144,7.0751953125,1.6629391535766156,-12.870185090894259,2.098326769340873,2.132714813203331,2.08065961052979,1.7771186124731657
16.21,0.011276772417197989,2.1961100503411637,7.041465138036538,2.092899087797536,2.094775953079084,2.0967491817125006,2.102091909545888,2.0996169657127304,7.05322265625,1.53166366064662,-12.286906900941691,2.0979784880391916,2.108542461591206,1.9521597604711793,1.5830447131473588
16.22,0.012465919836166052,2.3089995935064946,7.035628113103836,2.092828503183656,2.0944682924624245,2.095670267442289,2.0980569461618135,2.09935877518213,7.03125,1.7210244706086744,-11.549586490761385,2.096138639015497,2.0768613454829246,1.8641511851457357,1.7167251798618945
16.23,0.012465919836166227,2.308999593506511,7.037866798880493,2.0927592725699533,2.094172275790724,2.0946710855748645,2.0945714075734485,2.0990149714470525,7.03125,2.2904455973569253,-10.639889695841795,2.0945010945784164,2.062033780065346,1.9351109142964753,2.242839410075126
16.240000000000002,0.011276772417197852,2.1961100503411504,7.047026897658422,2.0926913830656644,2.0938877146346893,2.093748841647788,2.091600663518978,2.0985810346706244,7.03125,2.4091700323328267,-9.527540480452148,2.0930588682517324,2.0571345029810133,2.0246784116319048,2.3336290207427295
16.25,0.009352691475673497,2.0000000000000324,7.059868367647501,2.0928249054560695,2.094272732581145,2.094834366156711,2.0953137323234543,2.098071264558765,7.0751953125,2.855764095810623,-8.154370550596289,2.094791001820256,2.093616446092679,2.26780679010138,2.8065290775536167
16.26,0.007428610534148122,1.7824423263574094,7.071569788787884,2.0928557672192474,2.094310252224859,2.0948573818999088,2.095328172571609,2.0975092502057953,7.05322265625,1.8131157430947182,-6.388145884863369,2.094809975534864,2.093846987541656,2.1813266490990517,1.7973203271197131
16.27,0.006239463115180228,1.6335607969055812,7.077406562073353,2.0930860626816044,2.0950027017524397,2.0968046115899317,2.1014940026826077,2.09692181191991,7.09716796875,2.386530476548148,-3.7685296632219245,2.097802875273804,2.1291781420074503,2.3124974037871873,2.471022945831726
16.28,0.006239463115180259,1.6335607969055854,7.075167935630829,2.093211763961526,2.0953335549505954,2.09761122372081,2.103514386487999,2.0963331665778853,7.0751953125,1.602094643290845,3.5769973912601687,2.0989003333952354,2.126105518757624,2.1683269769529128,1.5649934565114225
16.29,0.007428610534148202,1.7824423263574192,7.066008116907957,2.0933349193351343,2.0956474307336768,2.098335349450845,2.1050943996277875,2.0957553828832496,7.0751953125,1.7518485295184678,6.295235909944509,2.0998181771783733,2.1217165653435996,2.094210534702495,1.7898910097000096
16.3,0.009352691475672852,1.9999999999999636,7.0531667686578885,2.093455556711077,2.0959448121079576,2.0989815115392814,2.1062828805535414,2.0951934500811773,7.0751953125,2.0437667883920385,8.108615101748121,2.1005729593108318,2.1170393131481795,2.061636243630806,2.001892966827872
16.31,0.011276772417197631,2.196110050341129,7.041465138036536,2.093573704297071,2.096226180696546,2.09955414942434,2.1071253764186335,2.094643567664141,7.0751953125,2.161192838870628,9.519583053202696,2.101181051214295,2.11264500212738,2.0535188746285336,2.0918229420329886
16.32,0.012465919836166262,2.308999593506514,7.03562811310383,2.0934893890800423,2.0958343559445813,2.098127519114458,2.1014799415370247,2.0940910481606365,7.03125,1.2397990377812083,10.665917689453055,2.0986791312867394,2.0732083762219022,1.860352034026657,1.2942249767300127
16.330000000000002,0.012465919836166137,2.3089995935065026,7.037866798880484,2.0935065854220323,2.0957857661256596,2.0977679574380574,2.0996955342853987,2.09352286596011,7.05322265625,2.34444233207256,11.6082392646618,2.097942745719227,2.0730943083700386,2.0108546524718824,2.428959276232017
16.34,0.011276772417197909,2.196110050341156,7.047026897658412,2.093423304443298,2.0954076990371604,2.0964570645839697,2.095006801603916,2.092937079573012,7.03125,2.059454062778829,12.378845134528513,2.0957836020728102,2.0568590444170707,1.9884861871259858,2.0328922304739243
16.35,0.009352691475673195,2.0000000000000004,7.059868367647489,2.093441535286716,2.095372856836735,2.096211440000087,2.0941379862319547,2.0923453514206574,7.05322265625,2.475043700312002,12.996278137023676,2.0953802572011835,2.0700984240842373,2.1352322903668166,2.4961168919746997
16.36,0.00742861053414848,1.7824423263574525,7.071569788787872,2.0936592966340783,2.095995223452998,2.097910325739622,2.099599753037569,2.091777429862853,7.09716796875,2.816253205114589,13.470930786610783,2.0980136242479177,2.11438518138531,2.338016166993087,2.773272767036624
16.37,0.006239463115180249,1.633560796905584,7.077406562073338,2.0936726509239088,2.0959297560453263,2.0975210067424426,2.09796097112848,2.0912623943371873,7.05322265625,1.1687069610936172,13.809500965157225,2.097318030379518,2.099385559475182,2.121244859597292,1.1539958032833983
16.38,0.006239463115180122,1.6335607969055674,7.075167935630814,2.093885570285,2.0965222251546254,2.099082532558384,2.1026961961499633,2.09082694131806,7.09716796875,2.2668615275060247,14.018149081718427,2.0996719967708217,2.126822079837175,2.2389152906286935,2.3984369638186833
16.39,0.0074286105341481445,1.7824423263574123,7.066008116907941,2.0940941249399954,2.097085445045235,2.1004949939197033,2.1065847836023504,2.090495598316094,7.09716796875,2.114733916389237,14.100740808913413,2.1016974727458666,2.1376992072416017,2.1986419175984055,2.0604800448844585
16.4,0.009352691475672782,1.9999999999999563,7.053166768657871,2.0942983644545605,2.0976202178884367,2.101766262522765,2.1097157960018293,2.09027272889373,7.09716796875,1.9419509413209395,14.057577511381734,2.1034174658488087,2.1394168929611728,2.1327926663385126,1.9234776426919926
16.41,0.011276772417198174,2.196110050341182,7.041465138036518,2.0941984429949496,2.0971414147790446,2.100011105800023,2.102950953048836,2.0901367103032746,7.03125,-0.8613906591520583,13.88754505838042,2.1003930670950246,2.083390893133647,1.782790380323,-0.5631729486707349
16.42,0.012465919836166238,2.308999593506512,7.035628113103812,2.09420019422276,2.0970086423267347,2.099345203984129,2.1001897120300512,2.090056733995691,7.05322265625,2.2522668208336922,13.590133589868204,2.099188311941538,2.0737002205124644,1.9223829604345346,2.375958118998933
16.43,0.012465919836166158,2.3089995935065044,7.037866798880463,2.094101696211433,2.0965494649877767,2.097750355429415,2.0946879512787877,2.0900076404666086,7.03125,2.240096581449893,13.16247382175663,2.0966157292433474,2.052495962925734,1.9253494675528149,2.1471010883574393
16.44,0.011276772417197965,2.1961100503411615,7.047026897658391,2.0940048950264627,2.096107391585181,2.096275095220038,2.0900332570901576,2.0899700095167493,7.03125,2.3239182925602964,12.597330608514934,2.094356719474365,2.045507629231961,2.0140874750352666,2.3008948558385005
16.45,0.009352691475673266,2.000000000000008,7.059868367647467,2.0940097644204476,2.0960111181703325,2.0958826547518363,2.089264842742334,2.0899397177999073,7.05322265625,2.5792687878063436,11.883664139205845,2.0938882118860174,2.0645756702206235,2.1828482747007683,2.5612912139501787
16.46,0.0074286105341485375,1.7824423263574594,7.0715697887878495,2.0941143259485373,2.0962456938745118,2.0964849027039945,2.091791493172373,2.0899241884876805,7.0751953125,2.5278601339000737,11.006043058293033,2.0949939048703823,2.094734428082798,2.296213958769445,2.4843879505228785
16.47,0.006239463115180271,1.633560796905587,7.0774065620733175,2.0941166616472695,2.0961386361721526,2.096063713657292,2.090877916120829,2.0899292607262243,7.05322265625,1.564143743712028,9.939214778606985,2.094480149003882,2.0921346490407196,2.1743159754857957,1.5983077712843359
16.48,0.0062394631151801,1.6335607969055645,7.075167935630794,2.09421872085397,2.096362836855869,2.0966387116229215,2.0932548738526267,2.089957719363694,7.0751953125,2.0919325442288903,8.636243140758603,2.0955339738717504,2.1089569476618704,2.2129277814513446,2.182057179340062
16.490000000000002,0.00742861053414869,1.7824423263574776,7.066008116907921,2.0942185952013235,2.0962458582146493,2.096192888060909,2.0922028541880455,2.090008721130195,7.05322265625,1.682353312027207,6.996736450316589,2.0949656312601355,2.098554153999247,2.0843972920330405,1.6595451215457466
16.5,0.009352691475672711,1.9999999999999485,7.053166768657852,2.09421825415473,2.0961316664741974,2.095778845353167,2.0913529304826444,2.090075772689938,7.05322265625,1.9853976457297233,4.730694060731944,2.0944705570997715,2.0931161517857966,2.0552271692205206,2.0016966353120975
16.51,0.011276772417198119,2.1961100503411766,7.0414651380365,2.0943176763490317,2.0963491625566566,2.0963611923010568,2.0937726903722127,2.0901531258404535,7.0751953125,2.4908293304859406,-2.1476730360681437,2.095537155155416,2.108340542277136,2.1506488642918375,2.4498771155884094
16.52,0.012465919836166215,2.3089995935065097,7.0356281131037965,2.0943149620578083,2.0962259301995974,2.095924050517528,2.0927532395183897,2.0902279957934256,7.05322265625,1.8637375263575202,-5.609901770314947,2.094977031911632,2.097116831481232,2.052305222063782,1.8064277021263773
16.53,0.01246591983616618,2.3089995935065066,7.037866798880453,2.0942121048673545,2.0957770082520293,2.094553492507432,2.0888298969183463,2.0902776411851436,7.03125,1.5227574018477426,-7.5921683891065666,2.092992555556361,2.073458494282848,1.9469710073445958,1.628179293977976
16.54,0.011276772417198024,2.1961100503411672,7.047026897658382,2.094111045174789,2.0953459488382915,2.093297063126179,2.0855824530139646,2.0902823903864305,7.03125,2.0856080907072365,-9.08772772915196,2.091268902472041,2.0634298590108884,1.983199202472361,2.127742989616134
16.55,0.009352691475673336,2.000000000000015,7.0598683676474625,2.0940117709116715,2.0949324293036145,2.09214986562193,2.0829492229217412,2.0902347164057775,7.03125,2.3132130626611187,-10.286724776933472,2.0897894409118436,2.0611585301889246,2.0420798581938944,2.2586002491519026
16.56,0.007428610534148595,1.7824423263574662,7.071569788787846,2.094014255194012,2.0948651741903195,2.0920739769675456,2.0839837438004385,2.0901423601870754,7.05322265625,2.576964033349873,-11.265129138082083,2.090033176224635,2.080957762750953,2.1773642167134044,2.515554129143097
16.57,0.006239463115180292,1.6335607969055896,7.077406562073315,2.094016537072337,2.094800114681631,2.0920141970491852,2.0850040162442656,2.090024273654732,7.05322265625,2.19015080506524,-12.061954890063536,2.0902870657031416,2.0919955744431618,2.184649823159314,2.1530211061520337
16.580000000000002,0.006239463115180308,1.6335607969055919,7.075167935630792,2.094018622837599,2.094737235072784,2.0919693143348455,2.0859973392793125,2.0899048234521347,7.05322265625,1.9226143532335147,-12.699254916448803,2.0905439497734375,2.09771841682956,2.1593352563466497,1.9859946108303244
16.59,0.007428610534148031,1.7824423263573985,7.066008116907921,2.094220475425111,2.0953344636343694,2.093871163621319,2.0931818244613596,2.0898149274782196,7.09716796875,2.5966978172598503,-13.18933730286622,2.093788765338058,2.1354362814590497,2.305774301970647,2.5958880912639257
16.6,0.009352691475673384,2.0000000000000204,7.053166768657855,2.094318225348533,2.095575363910486,2.0946514501069644,2.0961536629705395,2.0897783058442583,7.0751953125,1.7508880641131428,-13.539903241461417,2.0951368467073213,2.1330914387729196,2.162740064724105,1.6414572066560955
16.61,0.01127677241719806,2.196110050341171,7.041465138036505,2.0944138662650142,2.0958043134143893,2.095367046544498,2.098639653284641,2.089800215910973,7.0751953125,1.7398432685464726,-13.757272415425128,2.0963033463283995,2.1284377557485907,2.0875551206468224,1.7913715186862496
16.62,0.012465919836166194,2.308999593506508,7.035628113103804,2.094407462248771,2.095692830176011,2.095055321908415,2.0975889101971785,2.0898701086382157,7.05322265625,1.5746481651422468,-13.846022444337926,2.095809514536469,2.1053578108820235,1.9584360291819907,1.594783096779847
16.63,0.012465919836166201,2.3089995935065084,7.03786679888046,2.094201032732572,2.0949269908474917,2.0928355783238564,2.090463791329393,2.0899646410805977,7.00927734375,1.2290911433163074,-13.806996427283782,2.0923699739717603,2.0566928014750485,1.7629503204838586,1.2538215505198542
16.64,0.011276772417198079,2.1961100503411726,7.047026897658389,2.094098419532891,2.094522785053963,2.091771820803108,2.0875802978097724,2.0900676045654563,7.03125,2.563561996925829,-13.638831765020607,2.090859731392793,2.053348828544081,1.9602621490725745,2.5446914346112446
16.65,0.009352691475673405,2.0000000000000226,7.05986836764747,2.0939976555345168,2.094135942012105,2.0908060898083445,2.085225831028383,2.090180643327099,7.03125,2.580291697918587,-13.340467761260214,2.0895644019481465,2.0552185372954717,2.0711004814591254,2.4608623747106275
16.66,0.00742861053414865,1.782442326357473,7.071569788787855,2.093998713668759,2.0940951772492418,2.0909017039712636,2.0864529332490283,2.090319551169554,7.05322265625,2.5788355102498963,-12.908987633693028,2.0899654765891675,2.07761561856561,2.217512527640485,2.554746129207891
16.67,0.006239463115180085,1.6335607969055626,7.077406562073326,2.0940996123871622,2.0943853953442715,2.091970317990397,2.090690549454421,2.090510143352481,7.0751953125,2.396601584170412,-12.336838336622108,2.0918481765107164,2.1079642230988167,2.3076673693128287,2.430561517708441
16.68,0.006239463115180055,1.6335607969055588,7.075167935630807,2.0941984028500555,2.094662753847475,2.0929592306030838,2.0943148458926495,2.090774841428762,7.0751953125,1.8451453869233063,-11.61173205561182,2.0935135788745347,2.121845587966843,2.2568892679376993,1.9308102659829918
16.69,0.007428610534148576,1.782442326357464,7.066008116907936,2.0943950781323335,2.095256442932576,2.0948379702270135,2.1004587245535067,2.091123138346376,7.09716796875,2.0880652729623406,-10.715890480763388,2.096464405223908,2.143853705721946,2.266313809792713,2.16284624915205
16.7,0.009352691475672569,1.9999999999999334,7.05316676865787,2.0942878239486244,2.094836492772871,2.093659406948795,2.096315352725434,2.091539769908983,7.03125,-0.8233824957228028,-9.620498190325728,2.094545415097763,2.0978875937829984,1.9012694918583108,-0.7150505615856613
16.71,0.011276772417198004,2.1961100503411655,7.041465138036521,2.094182488433991,2.094434312793798,2.092580842030081,2.0927721451477796,2.091992389236319,7.03125,1.8376435788544006,-8.270466504890537,2.0928500141053386,2.0740687469608616,1.8707332547314401,1.9293759418189123
16.72,0.012465919836166172,2.3089995935065057,7.035628113103819,2.094079057312097,2.094049530928559,2.0915978836208997,2.0897837031603337,2.092451805474348,7.03125,2.484681905625564,-6.542657785023742,2.091369499815961,2.063684392475401,1.9420142741165831,2.3740893515981747
16.73,0.012465919836166224,2.3089995935065106,7.037866798880475,2.093877527706264,2.0933526422466846,2.0897374843813985,2.084200454323815,2.092892690313861,7.00927734375,2.165581290676121,-4.03171907787271,2.088594774568313,2.042886064685894,1.9225910935908335,2.0650008029039193
16.740000000000002,0.011276772417197536,2.1961100503411197,7.047026897658404,2.0937798230593585,2.0930161852851517,2.0890158821549907,2.0826963001240055,2.09330236396908,7.03125,2.529660866733132,3.2756661079939087,2.0877030734955357,2.0551298725391476,2.0981628684868787,2.5480626284862735
16.75,0.009352691475673476,2.00000000000003,7.059868367647485,2.0937839551278246,2.093024868948349,2.0893422843858747,2.084676537137067,2.093684912545088,7.05322265625,2.5603681805892666,6.131591378862153,2.0884719687959223,2.0826929638745484,2.2406553757915573,2.5464804861378845
16.76,0.007428610534148106,1.7824423263574076,7.071569788787868,2.09378794746479,2.0930343882610085,2.089659239171388,2.086471146768015,2.0940495477239858,7.05322265625,2.0352033912967613,7.9868130106776345,2.089188901785947,2.0974328594391762,2.230588016250381,2.0581580676411404
16.77,0.006239463115180336,1.6335607969055954,7.077406562073337,2.0937918031963134,2.0930446804181773,2.089966146644523,2.0880835587639597,2.0944035548782316,7.05322265625,1.781927008090919,9.422015109717675,2.0898501656965007,2.104542708077721,2.1837204422878886,1.8814247840987677
16.78,0.006239463115180264,1.633560796905586,7.075167935630813,2.09379552538112,2.093055684110626,2.0902624838611112,2.089518708542276,2.0947517449672257,7.05322265625,1.8824837560439414,10.585965882919483,2.0904542653620632,2.107219923458851,2.137871648792285,1.9280386425239728
16.79,0.007428610534147916,1.7824423263573848,7.066008116907942,2.0937991170166788,2.093067339734266,2.0905478105094364,2.090783379232587,2.0950957662712977,7.05322265625,2.0426004564167246,11.542519997646732,2.09100138220705,2.1074309254649655,2.1053537325355287,2.006822347290179
16.8,0.009352691475673244,2.0000000000000053,7.053166768657873,2.0938025810440077,2.093079589544871,2.0908217708266013,2.091886031411354,2.0954332470255492,7.05322265625,2.1166202897327584,12.325505557093534,2.091492937640144,2.106371358878162,2.08741643667362,2.057583651848183
16.81,0.011276772417197949,2.19611005034116,7.041465138036521,2.093705924045706,2.092763142294158,2.0901148563441714,2.089735334760301,2.0957567332264286,7.03125,1.7095757198984205,12.954181559272598,2.0904352488914095,2.086992379999162,1.9854381663360545,1.7143412372463087
16.82,0.01246591983616615,2.308999593506504,7.035628113103817,2.0937111086932476,2.0927911433117465,2.0904494217871012,2.091062054015795,2.0960600351638927,7.05322265625,2.3802535407012084,13.439434230257321,2.0910203415279964,2.0956514304414706,2.097576736476191,2.403021187909776
16.830000000000002,0.012465919836166016,2.3089995935064915,7.037866798880471,2.093716154266954,2.092819234664113,2.090768191111916,2.092210807335633,2.096339363645781,7.05322265625,2.262963377656648,13.788182912547285,2.0915457265448225,2.0997574517177067,2.1187929037567113,2.21356090143909
16.84,0.011276772417198194,2.1961100503411837,7.047026897658401,2.0936210629216507,2.0925180776372496,2.090102004567497,2.0900996177518487,2.0965858297508335,7.03125,1.687984282823187,14.006495109900506,2.0905176911948256,2.083454987392158,2.0213694467854837,1.7211387754427823
16.85,0.009352691475672803,1.9999999999999585,7.059868367647478,2.0935278003481157,2.0922315913484493,2.0895038790814873,2.088349658335382,2.096791880258226,7.03125,1.9817124820278589,14.09858014586952,2.0896316377471162,2.0761073428694226,2.0306332647675305,2.0588149003086977
16.86,0.007428610534148765,1.7824423263574867,7.07156978878786,2.093536358353791,2.0922887747032135,2.0899396273852004,2.0900249309309973,2.096960215794904,7.05322265625,2.501489003364123,14.065006139485309,2.0903757145237782,2.0917573374846024,2.1518525342273835,2.4780095923042635
16.87,0.006239463115180128,1.6335607969055683,7.077406562073329,2.093544746756546,2.0923451638023467,2.0903521059567742,2.0914803925904937,2.0970991653989417,7.05322265625,2.2300193084815887,13.9047102383318,2.0910457907176747,2.0996157996427707,2.158061287395971,2.1671461485695196
16.88,0.006239463115180012,1.633560796905553,7.075167935630805,2.0935529673911377,2.0924007105142644,2.0907415514636,2.0927308840795504,2.0972161191570464,7.05322265625,1.983329144071531,13.6170850355185,2.0916438191283038,2.1029436860245605,2.1370837629604815,2.0129280055740777
16.89,0.007428610534148461,1.7824423263574503,7.066008116907933,2.0936610252542938,2.092784691322597,2.0920766182181962,2.0968807547590798,2.097317500223387,7.0751953125,2.311676881089654,13.199642743133213,2.0936676862192494,2.121359103877317,2.20516103501369,2.328892600203251
16.9,0.009352691475672428,1.9999999999999183,7.053166768657864,2.0936669483949752,2.092823686720629,2.0923370159254144,2.097253348317402,2.09740110185753,7.05322265625,1.6854198710771775,12.645397138175127,2.093934945621939,2.1104920310636666,2.0823239636135322,1.6681408702786358
16.91,0.01127677241719789,2.1961100503411544,7.041465138036511,2.0936727292931674,2.0928620605231685,2.092579400448987,2.0975123130788145,2.0974533144840537,7.05322265625,1.9057303316826102,11.94356601314647,2.0941543229085258,2.103520580015246,2.053098197649423,1.9529739826297539
16.92,0.012465919836166359,2.308999593506523,7.035628113103805,2.0936783700817134,2.092899782446973,2.092804290358011,2.097671454160092,2.097454584571517,7.05322265625,2.1294086992427093,11.079163849075464,2.0943318334764642,2.099121866451555,2.0561195091150717,2.1057476688011088
16.93,0.012465919836166267,2.3089995935065146,7.037866798880459,2.0933838523304193,2.0919487386939113,2.0901086075967132,2.0884521500374693,2.097378145667314,6.9873046875,0.48706307809640365,10.02794269048822,2.0899871931533243,2.042444216805729,1.7645948804722098,0.6233270492216462
16.94,0.011276772417197649,2.196110050341131,7.047026897658387,2.0932951062517886,2.091699844591001,2.0895834939339477,2.0868904589412463,2.0972113218895787,7.03125,2.6583534937540767,8.745427154888304,2.089190817522104,2.05470073203767,2.043505671439223,2.721185663251703
16.95,0.009352691475673617,2.0000000000000453,7.059868367647465,2.0933081503004347,2.0917933995083904,2.090083581150021,2.08875126615133,2.0969694621863315,7.05322265625,2.848984402644588,7.137594848437354,2.090023669928849,2.082303904588405,2.2250546224180523,2.7358756758999627
16.96,0.007428610534148221,1.7824423263574214,7.071569788787848,2.0933209819259897,2.091884825666249,2.090553170771333,2.0903785478852734,2.0966797294942756,7.05322265625,2.2017539666373254,4.942168178961623,2.0907787645178852,2.097093416645016,2.231752130192628,2.1713967305666317
16.97,0.00623946311518038,1.6335607969056012,7.077406562073317,2.0933336021896976,2.091974095135316,2.0909929643690988,2.0917869848498576,2.0963762270165733,7.05322265625,1.7544905096714236,-1.5982958284080397,2.091456393789604,2.1042545769590477,2.192801266749955,1.9042101666010327
16.98,0.006239463115180221,1.6335607969055803,7.075167935630793,2.0936460384363103,2.0930492735497435,2.0943050779013834,2.10227239487171,2.0961021686777985,7.119140625000001,2.7848722499975382,-5.425846719123005,2.096539931946863,2.1593334867065552,2.4039326415366604,2.797754117839139
16.990000000000002,0.007428610534148405,1.7824423263574434,7.066008116907921,2.093852329318637,2.093748396085111,2.0963680708421544,2.107913311902602,2.0958893754276176,7.09716796875,1.762082051062222,-7.46179953078709,2.0994623811459845,2.1635049099920263,2.235509298296542,1.5739606820423926
17.0,0.009352691475673103,1.9999999999999905,7.053166768657852,2.0938545448227512,2.0937584144380823,2.0963161786679696,2.1063280179388078,2.0957374865116583,7.05322265625,-0.6990980232008904,-8.985217343997016,2.0989803665797324,2.1242978935625287,1.9193127873588296,-0.44626634364302376
17.01,0.011276772417197833,2.1961100503411486,7.041465138036501,2.0938566544843855,2.093767936128291,2.0962569846933867,2.104807898922737,2.095629318831268,7.05322265625,1.8088325077051648,-10.203406559307195,2.098501713298183,2.1009934291121475,1.8770998870204256,1.8892819067464122
17.02,0.012465919836166107,2.3089995935065,7.035628113103798,2.093758667045109,2.093447770499648,2.0952255428000974,2.100261325898734,2.09554364351641,7.03125,2.0992809686317564,-11.197018149966597,2.096544361336141,2.0700492975487084,1.8247459032291506,1.978403134525955
17.03,0.012465919836166057,2.308999593506495,7.037866798880455,2.0936625415204633,2.093141808575888,2.0942716608591785,2.0963134864437283,2.0954619094532507,7.03125,2.41413830588183,-12.006805620613031,2.0948016281426125,2.055971068845054,1.916247598703571,2.330639550427713
17.04,0.011276772417198308,2.196110050341195,7.047026897658385,2.093568260796632,2.0928497246752724,2.093392493836272,2.0929331289395448,2.095377339712912,7.03125,2.387947170968635,-12.65579055948319,2.093266217718022,2.0518277569061425,2.017900967252078,2.3447214100984084
17.05,0.009352691475672945,1.9999999999999736,7.059868367647465,2.0935758149126986,2.0929005211718628,2.093552231331507,2.0931937738742836,2.0952983052497327,7.05322265625,2.54269613421345,-13.156875644394244,2.093422615895535,2.071250049122817,2.1814876177610354,2.537830743800881
17.06,0.007428610534148879,1.7824423263575002,7.0715697887878495,2.093583215407771,2.0929498350805553,2.0936973711785964,2.093415838796103,2.095245038601016,7.05322265625,2.1345445813366513,-13.517901007758994,2.0935673583116463,2.0827135031042876,2.2035204288154224,2.1502778400944034
17.07,0.006239463115180172,1.6335607969055739,7.077406562073318,2.093790463283699,2.093656140541124,2.095761150036854,2.09978641302179,2.095244706267565,7.09716796875,2.544863329793479,-13.745215334636658,2.0966851816719942,2.1246212085462326,2.3535091089803926,2.5849340405194927
17.080000000000002,0.006239463115180199,1.6335607969055774,7.0751679356307955,2.093893619440505,2.0940021946934584,2.09667768480343,2.101992366028373,2.0953179274217284,7.0751953125,1.5701295800478008,-13.843686889423413,2.0979017493612986,2.1250989322788936,2.2047835665641364,1.570492313010283
17.09,0.0074286105341483475,1.7824423263574365,7.066008116907925,2.093994695330689,2.094332694746967,2.0975055769072646,2.1037467300160313,2.095467864251445,7.0751953125,1.630423893408868,-13.814374917738666,2.0989324745721345,2.122566436531863,2.1167122095512445,1.7415229570064976
17.1,0.009352691475673032,1.999999999999983,7.053166768657859,2.0939937307013237,2.0943189601161065,2.0972845076647784,2.1020251941016284,2.0956838111615825,7.05322265625,1.5631733315267178,-13.656079489332976,2.0983026094643873,2.1010960935603182,1.9747019427239874,1.5694951583622052
17.11,0.011276772417197775,2.1961100503411433,7.04146513803651,2.0939927024547416,2.094305172536423,2.097067570073096,2.1004594709193416,2.09594542583041,7.05322265625,2.1259600312596056,-13.367683120793636,2.097714577506385,2.0895940051440065,1.974618688453416,2.0835300072165257
17.12,0.012465919836166316,2.308999593506519,7.035628113103808,2.093991613385054,2.094291355927833,2.096855383928443,2.099047162537721,2.096228701772169,7.05322265625,2.3158391305939796,-12.946567772669395,2.097171449263501,2.0841591302114484,2.01191267289779,2.2351760473944244
17.13,0.01246591983616631,2.3089995935065186,7.037866798880464,2.0938904784191874,2.0939484315195713,2.0956825102842997,2.0946960267946633,2.096505054093837,7.03125,1.8915078300759884,-12.385609499905662,2.0951819029299994,2.0643108228676694,1.952668727801528,1.873917949645544
17.14,0.011276772417197763,2.196110050341142,7.047026897658394,2.0936912527911344,2.0932909880725012,2.0936313963813715,2.0879007442597106,2.0967478216781545,7.00927734375,1.6754567345616593,-11.672844687584277,2.0919384627835456,2.038745440610212,1.9023169789034997,1.8092876364135095
17.150000000000002,0.009352691475673015,1.9999999999999811,7.059868367647475,2.0935958766709004,2.092991798503247,2.0927161575867266,2.0853203203311677,2.096948993996702,7.03125,2.481526924461886,-10.791006027511843,2.090613700148661,2.049118209527972,2.0800074207694177,2.5258531707101857
17.16,0.0074286105341483345,1.782442326357435,7.07156978878786,2.0938023579985177,2.0936940527665637,2.0947815986770597,2.092547896225807,2.0971253042481175,7.09716796875,3.1480520576040396,-9.712250737158673,2.0939762956111236,2.1120649115793992,2.3976075280885962,3.0809903307673583
17.17,0.006239463115180194,1.6335607969055768,7.077406562073329,2.093904769605036,2.0940362447251335,2.095703447027262,2.09557906019472,2.0972938023012873,7.0751953125,1.7952679810878278,-8.384616216463606,2.0954348052719975,2.1241578157254555,2.2757539023346998,1.724292765871338
17.18,0.006239463115180177,1.6335607969055745,7.075167935630806,2.0939051349601985,2.094033965338511,2.095574829575074,2.0950348540681545,2.0974547956504,7.05322265625,0.5223177375904795,-6.693338199867149,2.0952093130566776,2.110293365599065,2.0806508887179107,1.0580114098147668
17.19,0.00742861053414829,1.7824423263574296,7.066008116907935,2.094005422222599,2.094360516811735,2.0964159051246116,2.097650350487179,2.0976033538934638,7.0751953125,2.0820750228210883,-4.278091146843054,2.0964940668960756,2.119766231696419,2.1168306927583442,2.174911743497248
17.2,0.009352691475672961,1.9999999999999754,7.053166768657867,2.0940036923339322,2.0943430299598775,2.0962113360323644,2.0967330944570683,2.097728719873255,7.05322265625,1.8995335912825515,2.9444057619389334,2.096107934989544,2.1048148386760896,2.004022111631823,1.7865340456673
17.21,0.011276772417197718,2.1961100503411375,7.041465138036518,2.09390193402473,2.093996577508062,2.095048499402759,2.092834253114698,2.0978122743612584,7.03125,1.731729982081704,5.96352321618495,2.0942590697180092,2.078667904853601,1.901992044820952,1.7303203071847684
17.22,0.012465919836166064,2.308999593506496,7.035628113103815,2.0939020913753614,2.0939940788472255,2.094943473669128,2.0926386994307724,2.097841543133598,7.05322265625,2.4921250708670946,7.862999108147543,2.094131233152297,2.084852531580193,2.047673834545895,2.497604346451284
17.23,0.012465919836166104,2.3089995935064995,7.037866798880471,2.093902192517148,2.0939914032295186,2.094842884787403,2.0924928326656804,2.0978128527162108,7.05322265625,2.352633048832602,9.323186997412886,2.0940223037830865,2.0887871534009674,2.0972016982472224,2.3002854269468225
17.240000000000002,0.01127677241719782,2.1961100503411477,7.047026897658401,2.0938022472043736,2.093659422216721,2.0937801182895477,2.0892959119577874,2.097725756575889,7.03125,1.7244761321631672,10.50497056113669,2.0924356274313984,2.073366163852982,2.017527730039797,1.7763771529024959
17.25,0.009352691475673086,1.9999999999999887,7.059868367647481,2.0938042089093485,2.0936711603495577,2.09377222793567,2.0897466240088676,2.097591865109506,7.05322265625,2.3139283773545625,11.475910103074668,2.092555046162223,2.0853722048670034,2.129121309949093,2.3819468277987323
17.26,0.007428610534148392,1.7824423263574418,7.071569788787864,2.093906092454142,2.094011563764629,2.094731762626303,2.0932815662885043,2.0974390390321047,7.0751953125,2.518452182981117,12.271354553079812,2.0941694208383277,2.10980911934482,2.2323910344952207,2.4776798890015783
17.27,0.006239463115180216,1.6335607969055796,7.077406562073333,2.0941059182006865,2.094665767631453,2.0965738119171076,2.0993718391318206,2.0973000534728063,7.09716796875,2.4037460055917554,12.911440314094964,2.097076109502799,2.1380388736219826,2.2892109293596614,2.365764338501392
17.28,0.006239463115180155,1.6335607969055719,7.075167935630809,2.0943017447861045,2.0952902342887105,2.098251914214981,2.104451540742921,2.097198119044257,7.09716796875,1.8587359838224864,13.407435865242963,2.099594780809001,2.1481988673326415,2.2185632840914082,1.8920848604842262
17.29,0.007428610534148233,1.7824423263574227,7.066008116907937,2.0943936509619276,2.095556841181961,2.0988098130695736,2.1055373170898197,2.0971358690088238,7.0751953125,1.2125252122887222,13.766410097393688,2.1002626378100677,2.1310107476251217,2.041262953652942,1.3667558298617568
17.3,0.00935269147567289,1.9999999999999676,7.053166768657868,2.0943836590578844,2.095481135660721,2.0983392737579356,2.103225284982,2.097097527143594,7.05322265625,1.421368981437152,13.994514962263946,2.0993048112360126,2.101195455484004,1.8973186154196404,1.5222866435776305
17.31,0.011276772417197663,2.196110050341132,7.041465138036516,2.0943737267746037,2.095407083370979,2.097892012931221,2.101146983720727,2.097060286752339,7.05322265625,2.209785634179727,14.096200958698162,2.098422768344366,2.0852123642108626,1.926499003037352,2.16805692564278
17.32,0.01246591983616627,2.308999593506515,7.035628113103812,2.0942638866831103,2.095005765304636,2.096502162363074,2.0961939850915234,2.0970009357117254,7.03125,2.0978747193593135,14.072227100656965,2.096127132728007,2.0597353693222966,1.8948539412128278,1.9933200037183643
17.330000000000002,0.012465919836166125,2.3089995935065013,7.037866798880465,2.0942560485736523,2.0949497948972566,2.096184521576624,2.095079626360057,2.0969035133730713,7.05322265625,2.5777928062824884,13.921622020594866,2.09559775427403,2.0678471739732607,2.0737716948314397,2.5501378753153556
17.34,0.011276772417197878,2.196110050341153,7.0470268976583945,2.0942482587491518,2.094895202058252,2.0958858879577082,2.094129042080093,2.0967621867429,7.05322265625,2.30817226771805,13.64375313509818,2.095132660443065,2.0741055160667994,2.1349568196597732,2.2799044778312543
17.35,0.009352691475673157,1.9999999999999962,7.059868367647472,2.094240519574585,2.094841998525992,2.0956059239088307,2.0933303893014163,2.0965760481443967,7.05322265625,2.0333317252350747,13.236371143648771,2.0947274132753124,2.0789398772677243,2.1488776012399597,2.09292408608746
17.36,0.007428610534148449,1.7824423263574487,7.071569788787855,2.094232833308752,2.0947901931595805,2.095344230073056,2.092671126870803,2.096350682486055,7.05322265625,1.9715050689159865,12.692897013268581,2.0943773290521444,2.0826608785190985,2.143971972647295,2.0436008028954777
17.37,0.0062394631151802375,1.6335607969055825,7.077406562073324,2.0942252021053194,2.094739792034945,2.0951003527977425,2.0921385241548904,2.096100131567069,7.05322265625,2.027393318831636,12.002782374252336,2.09407764488213,2.085507582884445,2.133244583694123,2.055411361123927
17.38,0.0062394631151801334,1.633560796905569,7.0751679356308,2.0943176008040414,2.0950198034716845,2.095840268624504,2.0948136328302764,2.095849351826312,7.0751953125,2.4383779304634947,11.151505862130012,2.095317217071487,2.105425691890135,2.2113338221748466,2.385296173523189
17.39,0.007428610534148176,1.782442326357416,7.066008116907927,2.0945080518254913,2.0956153859230544,2.0974786872893088,2.1001561422143156,2.0956296480774723,7.09716796875,2.5047548129391304,10.115958904883394,2.09789255053797,2.1318737974554196,2.2713227593937515,2.3933640519433172
17.400000000000002,0.009352691475673563,2.0000000000000395,7.053166768657857,2.094694634148687,2.0961831362928303,2.09896875932615,2.104597710558042,2.0954644098004556,7.09716796875,2.0092786350562784,8.85367426863793,2.1001219268842224,2.141733378519441,2.2094954540581115,1.9603802260177674
17.41,0.011276772417197604,2.1961100503411264,7.041465138036505,2.0947774446083978,2.096395021782542,2.099353629912012,2.105153375744594,2.0953583642644595,7.0751953125,1.3234655616395823,7.276416060250715,2.1005397977853306,2.12502101543512,2.0409865477689793,1.4343811640524018
17.42,0.012465919836166248,2.308999593506513,7.035628113103802,2.0946585520619747,2.095937723966376,2.097759252886982,2.0993248961802426,2.0953001460688645,7.03125,0.781867894161249,5.146039740975981,2.097877032985103,2.0782698329791573,1.7993662587637682,1.0067920910494566
17.43,0.012465919836166144,2.3089995935065035,7.037866798880456,2.0946417645356763,2.095827392031702,2.097250153207154,2.097410292794181,2.095281930084803,7.05322265625,2.4929687954156377,-0.6948183874802683,2.097008673732961,2.073796780502517,1.9571431873312959,2.4817907300443114
17.44,0.011276772417197933,2.196110050341159,7.047026897658386,2.094725101458279,2.0960490424132767,2.0977391897877355,2.098849055762058,2.0953094575664375,7.0751953125,2.8605615003544482,-5.234254848593798,2.0977276720603637,2.091104031794615,2.139848168437192,2.7110306862581846
17.45,0.009352691475673226,2.0000000000000036,7.059868367647465,2.0947066929113545,2.0959302641301307,2.09721088063597,2.0969233691760256,2.095389681329234,7.05322265625,1.9867998470190973,-7.3285591416201825,2.096850324237486,2.0821065143861333,2.0800425046456823,1.9266859685882138
17.46,0.007428610534148505,1.7824423263574554,7.071569788787848,2.0947884306935314,2.096143788693187,2.0976828692505447,2.0983612112574073,2.0955304447641963,7.0751953125,2.222390736784386,-8.881027824555085,2.0975633245075533,2.096467325897843,2.17481649494515,2.3224645494866674
17.47,0.006239463115180259,1.6335607969055854,7.077406562073317,2.0948683976622875,2.096346037465187,2.0981049481520593,2.099534377988908,2.0957413762185317,7.0751953125,2.076620913907351,-10.118948043125787,2.098173865933974,2.103421870965954,2.1713529187135943,2.0804124883589177
17.48,0.006239463115180112,1.633560796905566,7.075167935630794,2.0950465546490906,2.096866081140455,2.0994448146284324,2.103553189989661,2.09602599476494,7.09716796875,2.3410282668688738,-11.127920529930002,2.1001789537887827,2.1237452347357326,2.2338719361430326,2.317819356034469
17.490000000000002,0.007428610534148721,1.7824423263574813,7.066008116907922,2.095121078018205,2.0970320378726264,2.0996918727868112,2.1037633647716945,2.096372239990285,7.0751953125,1.6727040672671685,-11.9507628474135,2.1004096578329534,2.113829275685912,2.102362225587181,1.6372686867973119
17.5,0.00935269147567275,1.9999999999999527,7.053166768657854,2.0950939868985508,2.0968593564748192,2.0989364710558513,2.100747534019743,2.096747675077608,7.05322265625,1.446287128104445,-12.611499914449203,2.0990829704798646,2.0895149165299536,1.9682098604771954,1.5361141119093962
17.51,0.01127677241719815,2.1961100503411797,7.041465138036504,2.0949672659076564,2.096362979507337,2.097263654272897,2.0950264498817517,2.09711018945673,7.03125,1.726673443322269,-13.123655379238036,2.0964014864497793,2.059783512989485,1.884992689973008,1.754209395617605
17.52,0.012465919836166227,2.308999593506511,7.035628113103801,2.0948428141783886,2.095886276042482,2.095720423601836,2.0901769975190154,2.0974213266404784,7.03125,2.3312544744994526,-13.495230544825352,2.0940470513818092,2.0479328046514267,1.9576940838957402,2.2802592605647134
17.53,0.012465919836166168,2.3089995935065053,7.037866798880457,2.0948205642641287,2.0957578264055265,2.095268900392764,2.089239750711186,2.097655781035755,7.05322265625,2.7205637891251175,-13.732662590575636,2.093496835962909,2.064405210457406,2.1374410203253706,2.635333946076288
17.54,0.011276772417197992,2.196110050341164,7.0470268976583865,2.09459868402641,2.094975753986628,2.09291973890186,2.082308150477841,2.0977977224995343,7.00927734375,1.5503664862309177,-13.841035750778195,2.0900486401219593,2.0393066779718234,1.9935689243174954,1.5219701160441004
17.55,0.009352691475673297,2.000000000000011,7.059868367647467,2.0945809173816445,2.094885328035796,2.0927075987630315,2.0828318246287294,2.097851029835101,7.05322265625,2.546408604949024,-13.821607984507542,2.090068344201929,2.0682560387577973,2.208150238487379,2.636904515635048
17.56,0.0074286105341485635,1.7824423263574625,7.071569788787853,2.094763298890061,2.0954564602525787,2.0944561305799994,2.089668842589189,2.097845889566845,7.09716796875,2.836572567315075,-13.673205145413426,2.0931277687976277,2.120710489960245,2.3943863547074073,2.7840048601139076
17.57,0.006239463115180281,1.6335607969055883,7.077406562073321,2.094842028461093,2.0956726205137124,2.095094275660074,2.092409770870914,2.0978133233975993,7.0751953125,1.5782025011876764,-13.394819369465786,2.094333323178644,2.1271600554930674,2.242767520701746,1.5610326776184158
17.580000000000002,0.006239463115180319,1.6335607969055932,7.075167935630799,2.0949190691306394,2.0958781647082323,2.095679272035283,2.0947632286148274,2.0977767771874074,7.0751953125,1.4224854645938636,-12.984050406114479,2.0953937485998804,2.127869131644627,2.138701977141646,1.6306422426104312
17.59,0.007428610534148062,1.7824423263574023,7.066008116907929,2.0951943101766464,2.096730951261022,2.0981439535980466,2.102944102486877,2.097758714365109,7.119140625000001,2.5428146170523362,-12.43406212971557,2.099299106016332,2.1602942791629336,2.2535499370363294,2.515025130236104
17.6,0.009352691475673422,2.0000000000000244,7.053166768657863,2.095264097932715,2.096886655947248,2.098462388045662,2.103570972638156,2.0977650914274175,7.0751953125,1.3758406946882584,-11.733361591033905,2.0997001110094913,2.1361077595087976,2.004667166253807,1.1538737926337144
17.61,0.011276772417197491,2.1961100503411157,7.041465138036514,2.095232375327153,2.0967045913150213,2.097777858984557,2.1009080586074127,2.097779593766831,7.05322265625,1.3354395260595817,-10.865232909982979,2.0985173266022095,2.1024098696318076,1.8496048192413568,1.4234832837883995
17.62,0.012465919836166206,2.3089995935065093,7.035628113103812,2.0952010566278556,2.0965284559906006,2.0971406278692424,2.098580719258461,2.0977820022628166,7.05322265625,2.17710107863269,-9.803054226026624,2.097449229336718,2.084395910812136,1.8924299071087112,2.1719955170642513
17.63,0.01246591983616619,2.3089995935065075,7.037866798880469,2.0950702106216172,2.096029384576367,2.0955835234176265,2.0934752842902835,2.097755601054561,7.03125,2.107576405042821,-8.497468603853426,2.095002222253504,2.057997825460258,1.8773109345470738,2.022333648326705
17.64,0.011276772417198048,2.19611005034117,7.047026897658398,2.095141603535374,2.0962084601751063,2.0960855433111067,2.0953620229989194,2.097695991809225,7.0751953125,2.8603512868376506,-6.841188098633245,2.0958475066689664,2.0838040798218787,2.162161542463768,2.826579799878813
17.650000000000002,0.009352691475672624,1.9999999999999394,7.0598683676474785,2.095111486209254,2.096049424914414,2.095577218275712,2.0938671173639487,2.0976077508674345,7.05322265625,1.998631048332055,-4.512451027386295,2.0950964425101355,2.079621662887536,2.1232112943027732,1.9493657487555687
17.66,0.007428610534148619,1.7824423263574691,7.071569788787863,2.095081778097018,2.095896066411796,2.0951098860855155,2.0926205117388594,2.097498151770459,7.05322265625,1.8133965521663786,2.567589425475876,2.0944428972874047,2.0788021289684635,2.122496912293829,1.947254091132635
17.67,0.006239463115180073,1.633560796905561,7.077406562073332,2.0951524138942954,2.096077157348796,2.0956478990945375,2.0946883984952187,2.0973863578586247,7.0751953125,2.322587775085299,5.789143330539728,2.095373933506,2.097568605510403,2.214001146132616,2.3458190065361695
17.68,0.006239463115180068,1.6335607969055603,7.075167935630809,2.0953214184192364,2.0965778175130327,2.097105258356201,2.0995266840278686,2.0972991798104714,7.09716796875,2.465380506948842,7.736099135786523,2.0976841615351147,2.1242201780632293,2.281712285922585,2.385369901755151
17.69,0.007428610534148607,1.7824423263574676,7.066008116907937,2.095486909630434,2.0970547320077846,2.098434478040627,2.1035620791469833,2.09725727615581,7.09716796875,2.017066217197519,9.222374425749447,2.0996889593302286,2.1348899702340565,2.22348482093029,1.9668537627513063
17.7,0.009352691475672609,1.9999999999999376,7.053166768657869,2.0955490184179055,2.0971799010393126,2.0986775322329394,2.1037985478688515,2.097265049780489,7.0751953125,1.3537988361312667,10.42259620824486,2.0999189641799307,2.1192374115134958,2.055895469638425,1.4461374561097309
17.71,0.011276772417198036,2.1961100503411686,7.041465138036518,2.0957095794663743,2.0976259411744613,2.0998527503898576,2.106966723976717,2.097313898882481,7.09716796875,2.238574122352025,11.408276576188205,2.1015713608807367,2.1267821053270684,2.1086446125110276,2.282065125273286
17.72,0.012465919836165953,2.3089995935064858,7.035628113103814,2.095567016979328,2.0970639828453144,2.0980216055002257,2.100259940416973,2.097379523463233,7.03125,0.7565645784425981,12.216254372073248,2.0985022520036027,2.074605790479931,1.801360939748896,0.7223180593089398
17.73,0.012465919836166212,2.3089995935065093,7.03786679888047,2.0954269841578865,2.0965244214997174,2.096331536559792,2.0944972576456418,2.097432578789125,7.03125,1.9877829467317096,12.8676714878021,2.0957855714301883,2.049799773201488,1.8489151969115352,2.1096633123291335
17.740000000000002,0.011276772417197505,2.1961100503411166,7.0470268976584,2.09528946280686,2.096006849261923,2.094777339308522,2.089620077558699,2.097462281607133,7.03125,2.4779650764798182,13.374341289669445,2.0934067023640726,2.041317214666431,1.9731927010434245,2.436375106098275
17.75,0.009352691475673438,2.000000000000026,7.0598683676474785,2.0953542878387625,2.096168561801059,2.095287229897463,2.0917801873778585,2.097481706801526,7.0751953125,2.997359392619639,13.743593706432378,2.094336195403432,2.0781694032903357,2.255212978108219,2.9129698151051313
17.76,0.007428610534148075,1.7824423263574039,7.071569788787862,2.09551757811053,2.0966508417393275,2.0967215398847743,2.096754889787069,2.097519216097097,7.09716796875,2.623584517637776,13.981594469563465,2.096663019182953,2.1157860872448793,2.36354797011134,2.525819190066588
17.77,0.006239463115180324,1.6335607969055939,7.077406562073331,2.0955775515491264,2.096781683993653,2.0970665610668977,2.097849703764206,2.0975984876987277,7.0751953125,1.2979415694713485,14.092930960076261,2.097206112923564,2.1153172998568395,2.216627738138404,1.4166673650524273
17.78,0.006239463115180276,1.6335607969055876,7.075167935630807,2.0958359407620883,2.0975624136032054,2.099307376686017,2.104918456802509,2.09773657447211,7.119140625000001,2.2449028762172136,14.078748886346071,2.1006512411182428,2.1485283712138346,2.3104802919858054,2.3679985378017694
17.79,0.007428610534147948,1.7824423263573885,7.066008116907935,2.0958892144229706,2.0976492948635306,2.099419087504606,2.1046128648857563,2.097934857020581,7.0751953125,1.0935352010308725,13.937918362061811,2.100650604584323,2.1257605222302463,2.054396658182565,1.0103855946467453
17.8,0.00935269147567328,2.0000000000000093,7.053166768657867,2.0959411760982025,2.097729948196222,2.0995080188393502,2.1042409174235925,2.098173542685796,7.0751953125,1.8106920772613877,13.669881882296503,2.1006084935955514,2.1116407753383912,1.9884375885670338,1.840689834792201
17.81,0.011276772417197375,2.196110050341104,7.041465138036514,2.0958919520207147,2.097476035821071,2.098611223368207,2.1007314481619552,2.0984228734820762,7.05322265625,1.908574293140186,13.272612746262629,2.0990438904443507,2.085348566920075,1.8965653402982774,1.8301908215694578
17.82,0.012465919836166161,2.308999593506505,7.035628113103811,2.09564361438478,2.0965736504960417,2.095846510789047,2.0914970143671696,2.0986482328034164,7.00927734375,1.5369110156130859,12.7398449702279,2.0946642589183684,2.036736285506859,1.737010708016781,1.49097559539849
17.830000000000002,0.012465919836166003,2.30899959350649,7.037866798880463,2.0956996126343435,2.0966955316349374,2.096207947220125,2.0930323148015932,2.09883251395907,7.0751953125,3.116912983189064,12.061461119846099,2.095318462143526,2.0719969374445233,2.152242164520189,3.092529810299355
17.84,0.011276772417198162,2.196110050341181,7.047026897658393,2.0955544834979265,2.0961532045220084,2.094605099530999,2.0881652712418797,2.0989748277389366,7.03125,1.9399497158379007,11.223136441057694,2.092919940953396,2.055786088380055,2.051364821346991,1.7984115178528532
17.85,0.009352691475672765,1.9999999999999543,7.0598683676474705,2.095611813872269,2.096291355119299,2.0950726226689227,2.0903551950269526,2.099085665527513,7.0751953125,2.5127160649695055,10.202836756212363,2.0938371612216513,2.087402752772838,2.250653792047988,2.588863402346253
17.86,0.0074286105341487335,1.782442326357483,7.071569788787853,2.0956678307796968,2.096422532378506,2.0955039453632023,2.092280356619562,2.0991914352545105,7.0751953125,2.1496381576855583,8.96014341156158,2.0946649356137925,2.10399481254769,2.249727998758548,2.107919046636002
17.87,0.006239463115180116,1.6335607969055665,7.077406562073322,2.0959223526739175,2.097204308542065,2.0978318841004455,2.1001395286570177,2.099322301586752,7.119140625000001,2.5318786176679344,7.412317647727496,2.098387281466347,2.146694523009757,2.3680448098492137,2.518691223800322
17.88,0.006239463115180024,1.6335607969055548,7.075167935630798,2.096071753442212,2.097621283483885,2.0989928031703817,2.1036351260749564,2.0994980780643977,7.09716796875,1.53467424001026,5.342308928245266,2.1001358958182843,2.146183747674184,2.1960625382186807,1.492892412089626
17.89,0.007428610534148492,1.782442326357454,7.066008116907926,2.096118078708655,2.0976892577137582,2.099081282311055,2.103413220262102,2.0997164287372367,7.0751953125,1.0506571134498968,1.262997664527981,2.100140512890129,2.1240256925026912,1.998497899040188,1.2442727856752784
17.900000000000002,0.00935269147567321,2.0000000000000018,7.0531667686578565,2.096163225164477,2.097752079676376,2.099151008602536,2.1031308347338458,2.0999628615629087,7.0751953125,1.9496147833270856,-5.034253083897454,2.1001074443695393,2.110202732443912,1.9626488115731269,1.9764310101276552
17.91,0.011276772417197921,2.1961100503411575,7.0414651380365045,2.096107327931738,2.097481387113083,2.0982386453996607,2.0997156658266274,2.1002160277227686,7.05322265625,1.9791619893067103,-7.191712543534585,2.0985546216432303,2.084046608198364,1.8845659198119709,1.8802541207225474
17.92,0.01246591983616614,2.308999593506503,7.035628113103801,2.0961521410686887,2.0975492092942116,2.0983586576869566,2.0998641258007775,2.1004537493596653,7.0751953125,2.579025530729159,-8.774544305402625,2.098665367333772,2.0896408468902634,2.0393382404029508,2.526350293718705
17.93,0.012465919836166255,2.3089995935065137,7.037866798880456,2.0959960385302403,2.0969548843721815,2.09652951454956,2.093758868458167,2.1006537143749426,7.03125,1.6165291566890942,-10.032859207872368,2.0957632675481523,2.0569858572565773,1.8992295148543819,1.5676964622514948
17.94,0.011276772417197618,2.1961100503411277,7.047026897658386,2.0959426290108882,2.0967138220619574,2.095815323919755,2.0917114190019013,2.100800732321667,7.05322265625,2.346766112074386,-11.057669370506044,2.094718278549628,2.062005879132575,2.0551750219699123,2.4247683834864304
17.95,0.00935269147567358,2.0000000000000413,7.059868367647465,2.095989933987113,2.096810938914969,2.0961272770586468,2.0931332821520416,2.1008980040079153,7.0751953125,2.6195035611805872,-11.893804595859033,2.0953149546822356,2.085432266638728,2.208187071431368,2.5780500220698848
17.96,0.00742861053414819,1.7824423263574176,7.071569788787849,2.0960360921693453,2.0969026626746867,2.0964131201851024,2.094376221143018,2.100956597212796,7.0751953125,2.175241591750791,-12.56639404287501,2.095851442519646,2.0980053025403893,2.212207516372469,2.142092838796134
17.97,0.0062394631151803685,1.6335607969055996,7.0774065620733175,2.0961810064861033,2.0973177990357,2.097639482925687,2.098540654961979,2.1009895520741626,7.09716796875,2.2306084999896685,-13.089554355776139,2.097819806983262,2.1217535329312205,2.265224048400761,2.2786016633481885
17.98,0.006239463115180232,1.6335607969055819,7.075167935630794,2.0962229568881496,2.097384528837129,2.09779308110504,2.098948062812034,2.1010050659054524,7.0751953125,1.5161806702180896,-13.471638895121725,2.0980417196604737,2.113818621807902,2.1226859834870018,1.5652355144217764
17.990000000000002,0.007428610534148436,1.7824423263574471,7.066008116907923,2.0963637097399923,2.097775272363621,2.098892744344885,2.1023412375791595,2.101004756499631,7.09716796875,2.1932689471573363,-13.719108581317068,2.0997112271032456,2.125931782014822,2.163900353733369,2.2362028615631195
18.0,0.009352691475673141,1.9999999999999947,7.053166768657856,2.0964015629547226,2.0978183676858246,2.098926565236584,2.1020552227146734,2.100982795190934,7.0751953125,1.7882547024519704,-13.837214855474327,2.099656028594584,2.111868375515156,2.04373633644063,1.7325637787443533
18.01,0.011276772417197864,2.1961100503411517,7.041465138036507,2.0964383972826965,2.0978575892385956,2.0989477618764303,2.101739609749344,2.1009235245036653,7.0751953125,2.0187443155176754,-13.827604178124018,2.0995796889107616,2.1034698332230604,2.027621004382673,2.03740904063811
18.02,0.01246591983616612,2.308999593506501,7.035628113103804,2.0963743591007464,2.0975645587776923,2.097992633483711,2.0983167097976265,2.1008073514397574,7.05322265625,1.8115869887748104,-13.6892170831994,2.0979970974184132,2.080851960227587,1.9459926498644926,1.8091113183540346
18.03,0.012465919836166047,2.308999593506494,7.037866798880461,2.0963113006382343,2.097282638291895,2.097110077041045,2.095388445058369,2.10061759351947,7.05322265625,2.155917640713446,-13.420907220714668,2.0965985012031307,2.0708381686179886,1.9867936018757495,2.1651734444230155
18.04,0.011276772417198277,2.196110050341192,7.04702689765839,2.096249219501169,2.0970116482551213,2.096297414277807,2.0929190591494065,2.100349920826261,7.05322265625,2.2785360615195587,-13.02053030221836,2.095375445120238,2.0680662428563075,2.0448840259531305,2.2458037568568576
18.05,0.009352691475672905,1.9999999999999694,7.0598683676474705,2.0962879931518508,2.0970800728558907,2.096517857797854,2.093970032500607,2.1000162550203183,7.0751953125,2.5398371832299795,-12.481677409333365,2.095810611821822,2.087095898922496,2.178706474237783,2.4986517516761326
18.06,0.007428610534148849,1.7824423263574967,7.071569788787856,2.096425648122303,2.097472980881987,2.0976846956852158,2.097984506784742,2.0996419319523545,7.09716796875,2.50099944941024,-11.79306855389392,2.097694703915842,2.1150489635546794,2.271788654869799,2.445441379968937
18.07,0.0062394631151801595,1.6335607969055723,7.077406562073326,2.0965603543564564,2.0978471364091993,2.0987493641999238,2.101359034853257,2.099253668061858,7.09716796875,1.9631548561403758,-10.938522732008874,2.0993380861111106,2.12731358430255,2.228548963088099,1.9715437430010991
18.080000000000002,0.0062394631151802115,1.6335607969055792,7.075167935630804,2.0966921485830707,2.0982030292581815,2.0997167236598884,2.104150897897133,2.098871815494948,7.09716796875,1.7567271643081437,-9.892533422398179,2.1007547870473373,2.1307920885507623,2.1612891250036155,1.8461858720260884
18.09,0.007428610534148379,1.7824423263574403,7.066008116907934,2.0968210676935155,2.0985411500756657,2.100591610401122,2.106415876064496,2.0985086787062626,7.09716796875,1.8920461375425195,-8.608208658113266,2.101960833860748,2.129567058306886,2.1067343510340955,1.9269075176186323
18.1,0.00935269147567307,1.999999999999987,7.053166768657867,2.0968472999104355,2.098533599614561,2.1004150469151686,2.1051267681116697,2.0981663670075457,7.0751953125,1.6501740365592348,-6.98541455660787,2.1014852028015443,2.108481281851669,1.9796491445007522,1.6360015552780005
18.11,0.011276772417197807,2.1961100503411464,7.041465138036519,2.096972549960202,2.0988523840456725,2.101202970481805,2.1070096194937373,2.097841834927706,7.09716796875,2.414545424633685,-4.7345874834156545,2.1025180475518366,2.1144698870623464,2.080408811834417,2.388259286804734
18.12,0.012465919836166097,2.308999593506499,7.035628113103817,2.0969951742024113,2.0988261656157707,2.100944954662261,2.105384909432956,2.0975263076914588,7.0751953125,1.964574253607333,2.125770403409687,2.10189170977032,2.098243098363486,2.005233705823726,1.8819828257106033
18.13,0.012465919836166298,2.3089995935065177,7.037866798880473,2.096917176575238,2.098470090546639,2.099728299898371,2.100802381880753,2.097203253742442,7.05322265625,1.6676201162282134,5.609101546576773,2.0998162471983695,2.0720921149200153,1.9240873867700152,1.7330401871393755
18.14,0.011276772417197732,2.196110050341139,7.0470268976584025,2.0968403808625893,2.098127333394663,2.0986008555311404,2.0968672182965014,2.096862302903953,7.05322265625,2.136746626969696,7.606440974488623,2.0979783640448693,2.0611049083443866,1.980371503556381,2.1795040761698288
18.150000000000002,0.009352691475672976,1.999999999999977,7.059868367647483,2.096864636807712,2.0981262133811365,2.0985251944732073,2.096640418922934,2.096509309128641,7.0751953125,2.6091755838978794,9.119580871099298,2.0978592025390874,2.0767995092549163,2.143853440700282,2.565427546480311
18.16,0.007428610534148303,1.7824423263574314,7.071569788787869,2.096987973079362,2.0984518212932968,2.0994146410188943,2.0995503304267142,2.0961633152091674,7.09716796875,2.573407963569691,10.338609135652359,2.09924914944139,2.1042041624874863,2.26221649658479,2.513219072387223
18.17,0.006239463115180182,1.6335607969055754,7.077406562073338,2.09710858734169,2.09876105254487,2.100220563173882,2.1019754995548463,2.095844250681657,7.09716796875,1.991292108059739,11.33917794511267,2.1004575990577616,2.1172377407443257,2.2346678946801575,2.0161751296763026
18.18,0.006239463115180189,1.633560796905576,7.075167935630815,2.0972265154547807,2.09905436369065,2.1009472342081943,2.1039626022048794,2.0955647389585805,7.09716796875,1.7411388199830948,12.159999377366384,2.101494888858639,2.122082449637833,2.176503454457301,1.8591641263916983
18.19,0.0074286105341483215,1.7824423263574334,7.066008116907944,2.097341793361295,2.099332210448967,2.1015988854199192,2.105556449076245,2.0953279044103508,7.09716796875,1.873795214840391,12.823026341237394,2.1023729981604067,2.122440135377058,2.12538828261119,1.9249613348757866
18.2,0.009352691475672999,1.9999999999999793,7.053166768657875,2.097454457070162,2.0995950470208475,2.102179685592455,2.106799367668602,2.095124640494844,7.09716796875,2.0501189190182787,13.340614566922618,2.1031048226711215,2.1205205677201904,2.092582885219602,2.012314639460575
18.21,0.01127677241719775,2.1961100503411406,7.041465138036524,2.097364897983303,2.0991867324832065,2.1007660318747168,2.101573287090837,2.0949302424585525,7.05322265625,1.217106501083061,13.720162582805191,2.100727343128385,2.082172906878561,1.88256961154252,1.2181962447446542
18.22,0.012465919836166075,2.308999593506497,7.035628113103821,2.0972767257660507,2.098793626929192,2.099455664080216,2.0970864591386063,2.0947154506736405,7.05322265625,2.0321183087079784,13.967973851049765,2.0986195174737103,2.0641407885608944,1.9210474223647145,2.106617136039819
18.23,0.01246591983616609,2.308999593506498,7.0378667988804775,2.0970900984993026,2.0980869965775852,2.0972793992604446,2.0901903186313904,2.0944616632759363,7.03125,2.0654729061644863,14.088877476786308,2.09527746311139,2.039885062122104,1.9117212544431308,2.029420331289431
18.240000000000002,0.01127677241719779,2.1961100503411446,7.047026897658407,2.097206326745094,2.0983953134081013,2.098180145988776,2.0937409088655556,2.0941715746450114,7.09716796875,3.1193116985285974,14.084325631805134,2.0968530614446994,2.087173750983032,2.279851864954197,3.082700363728752
18.25,0.009352691475673048,1.9999999999999845,7.059868367647486,2.097220145937601,2.098359933329426,2.0980370999587374,2.093699301957167,2.093860259592455,7.0751953125,2.0532872066553285,13.953227709046653,2.0967587790829887,2.0938875495582367,2.2229356918994445,1.9610140694216474
18.26,0.00742861053414836,1.782442326357438,7.071569788787868,2.0972333918591257,2.098324467586575,2.0979031911790362,2.093716538168187,2.093541019152536,7.0751953125,1.6202814868387965,13.694973070359502,2.0966887859343966,2.0977909563704764,2.18118047778952,1.8109589228921625
18.27,0.006239463115180203,1.633560796905578,7.077406562073337,2.0973459091291295,2.098617450187455,2.098743310754637,2.0968751817530324,2.093232984859014,7.09716796875,2.180802372136098,13.307834109543757,2.0981303994702367,2.117544779703897,2.2377019235979514,2.25582267415273
18.28,0.006239463115180168,1.6335607969055734,7.075167935630813,2.097555731978277,2.0992241101936076,2.1004723591961567,2.102638570236686,2.09295479297908,7.119140625000001,2.414779223571245,12.785943211561705,2.100881004968039,2.143198295889919,2.28394077363539,2.3454146316375515
18.29,0.007428610534148264,1.7824423263574265,7.066008116907941,2.097561468952075,2.099145068210275,2.1001182269397622,2.101287486412693,2.092708116469926,7.0751953125,1.0960101068518768,12.119192082832825,2.1002855773176683,2.1171690887135464,2.03157438276425,1.0303387059200457
18.3,0.00935269147567293,1.999999999999972,7.053166768657872,2.0975667476118205,2.099067216902409,2.0997836758717185,2.1000978328013296,2.09247963641414,7.0751953125,1.7881898487017203,11.293861925177621,2.0997396070663457,2.1023118717384586,1.982774095169336,1.8870046673747534
18.31,0.011276772417197694,2.1961100503411353,7.041465138036519,2.0975715819011085,2.0989906180154123,2.0994684151103176,2.0990600336838443,2.0922532860154384,7.0751953125,2.256284777397992,10.288662683195952,2.099244252280952,2.094408821401185,2.002703136791656,2.210590567525529
18.32,0.012465919836166054,2.308999593506495,7.035628113103814,2.0974761658561163,2.0985869213925836,2.098207592411003,2.095075807344019,2.0920092282019915,7.05322265625,1.9752308635699178,9.065159924674221,2.097308084715719,2.072820917388119,1.9388236448894414,1.911910469386289
18.330000000000002,0.012465919836166111,2.3089995935065004,7.037866798880468,2.09738229191537,2.098199209953622,2.097048195515962,2.091730605416024,2.0917302288220267,7.05322265625,2.166089524906035,7.545446885883614,2.0956155536798033,2.0641026579810204,1.9892039219251856,2.1914093789922227
18.34,0.011276772417197847,2.19611005034115,7.047026897658396,2.097289953538291,2.0978271974901173,2.095986134840839,2.0889705292063674,2.0914105087450157,7.05322265625,2.23861630733208,5.531064956786722,2.0941524633858144,2.0626658128777375,2.0516021896583583,2.2425024615746527
18.35,0.009352691475673119,1.9999999999999922,7.059868367647474,2.097298976426144,2.0977991609057,2.0959831086039897,2.089845545605727,2.0910586847790724,7.0751953125,2.5192482610380917,1.9155118314765294,2.0943968983052788,2.082991248849619,2.186250777197207,2.491275231355045
18.36,0.007428610534148418,1.782442326357445,7.071569788787857,2.0972077278080294,2.0974430049653505,2.0950200091282216,2.0875836322149346,2.090693598937615,7.05322265625,1.7900389822064398,-4.826137862690218,2.0931472912621483,2.0765304339726147,2.1024083784000114,1.7813584520279728
18.37,0.006239463115180226,1.633560796905581,7.077406562073325,2.0973176799018716,2.0977591595879077,2.09607735167983,2.092012563982553,2.0903459254315933,7.09716796875,2.5440809012857444,-7.051983597090592,2.095076911366845,2.1107191847771114,2.2689146064827606,2.5858262264987517
18.38,0.006239463115180145,1.6335607969055705,7.075167935630801,2.0975250481715295,2.0983891817991975,2.098016538380466,2.0989275420781257,2.090053934768185,7.119140625000001,2.4682728544991424,-8.666292200533588,2.0982782207204993,2.1438971344878213,2.3242409000113984,2.398020060093818
18.39,0.007428610534148207,1.7824423263574196,7.066008116907928,2.0976282518653093,2.098661775458749,2.0988273710362386,2.101654468987505,2.0898409434761542,7.09716796875,1.4150860570238457,-9.945266326623411,2.099580251357995,2.138925755568671,2.150498422240534,1.4313249378239217
18.400000000000002,0.009352691475673603,2.000000000000044,7.053166768657858,2.097729132785481,2.0989208534015042,2.0995659062377836,2.1039044478871314,2.089709831360715,7.09716796875,1.6234632592284792,-10.986008425390633,2.100696310620979,2.1326767188911404,2.0658349872733903,1.751874137594935
18.41,0.011276772417197637,2.1961100503411295,7.041465138036506,2.097727915502332,2.0988384580392707,2.099271682546074,2.1026367561459085,2.089644991300402,7.0751953125,1.6274450971314185,-11.835582414883374,2.100152234195395,2.1086717092757126,1.9365329418087789,1.6255135928280242
18.42,0.012465919836166262,2.308999593506514,7.035628113103802,2.097626594805266,2.0984296098267197,2.0980310153389152,2.098405902509469,2.0896145623345754,7.05322265625,1.8022386518536495,-12.520175234095971,2.0981579757996247,2.0775168336535588,1.8520383119733002,1.7607353349916686
18.43,0.012465919836166364,2.308999593506524,7.037866798880456,2.0974271314177098,2.0977088388029284,2.095925243917241,2.09170901455649,2.0895816455255747,7.03125,1.981753754390311,-13.054585290312387,2.0949084021757134,2.045207225340724,1.826000377952626,1.9324464566038646
18.44,0.011276772417197902,2.1961100503411557,7.047026897658386,2.0972312879313066,2.0970188621762076,2.0939979128313353,2.0861009032679534,2.089518502490693,7.03125,2.392070506276451,-13.447348482991302,2.0920787095276396,2.0334200705366534,1.9478446355580894,2.351914184175513
18.45,0.009352691475673188,1.9999999999999996,7.059868367647464,2.097138875735708,2.096687741499325,2.093208614822628,2.084600937551503,2.0894172241887525,7.05322265625,2.710564022257316,-13.705017900566043,2.0911403143739795,2.051599262052929,2.156638682195509,2.652880407423661
18.46,0.007428610534148474,1.7824423263574518,7.071569788787847,2.097048075405489,2.096371552520475,2.0924997778210463,2.083495017923968,2.089287103997464,7.05322265625,2.293121327240393,-13.83299709363543,2.090373292123585,2.065064693889896,2.2108739602183887,2.2579815782872523
18.47,0.006239463115180247,1.6335607969055839,7.077406562073316,2.097058719455788,2.0963986960830705,2.0928348340088347,2.0858568526513945,2.089150248538148,7.0751953125,2.292671583879682,-13.833234776767693,2.091255699393041,2.0929053103629016,2.2932540529560512,2.346998634310961
18.48,0.006239463115180124,1.6335607969055677,7.075167935630792,2.0970689932107214,2.0964254097794477,2.0931584710672135,2.0880035871825102,2.0890366434366245,7.0751953125,1.94347511532498,-13.704770289876492,2.0920763862216942,2.107431127275764,2.2529832658625115,1.986562740403666
18.490000000000002,0.0074286105341487526,1.7824423263574851,7.06600811690792,2.097278574268214,2.0971089893061055,2.095404370686908,2.096161458563878,2.0889774828762597,7.119140625000001,2.5211055649165957,-13.446396051920397,2.0958188766382375,2.14897364058089,2.3572597599562353,2.5283046993383818
18.5,0.009352691475672787,1.9999999999999567,7.053166768657852,2.0973840307775564,2.0974339697368256,2.096502818373492,2.0999387639303917,2.0889898762664605,7.09716796875,1.6227314961684007,-13.05626167301135,2.097605010589176,2.1478698979100574,2.1803959170957783,1.5574643901981258
18.51,0.011276772417198181,2.196110050341183,7.041465138036502,2.0973873903253306,2.0974158875430193,2.0965462993822217,2.0999865070885013,2.0890633983628155,7.0751953125,1.1622069208210348,-12.52838464683917,2.097661449615731,2.1253926340176017,1.982522965198079,1.3050062773850248
18.52,0.01246591983616601,2.3089995935064906,7.035628113103799,2.0971908145962814,2.096741139284456,2.0946553078105774,2.093795256055931,2.0891676758368227,7.03125,0.9425041268416271,-11.851885985101168,2.0947087263148902,2.075810480897961,1.7408577916952759,1.0932038623514413
18.53,0.012465919836166154,2.3089995935065044,7.037866798880456,2.0969978796194217,2.0960961264473528,2.092928887286082,2.088593784040327,2.0892701455990057,7.03125,2.266112078457279,-11.010954265844372,2.092126372175697,2.052209279588174,1.816887831805067,2.245500093909942
18.54,0.011276772417197961,2.196110050341161,7.047026897658386,2.0968085548672373,2.0954801859685674,2.091359641994301,2.084294611929791,2.0893517800505883,7.03125,2.594779232324396,-9.981112869673447,2.0898950831759606,2.0440789068363148,1.9536968787409972,2.4758349457871844
18.55,0.009352691475673258,2.000000000000007,7.059868367647466,2.096722666858052,2.095221564822339,2.0909090819432676,2.0839177135347997,2.0894105617628327,7.05322265625,2.723778697230321,-8.717802038743732,2.089489602874696,2.062773108834212,2.1563539207477906,2.659906476536158
18.56,0.007428610534148532,1.7824423263574587,7.071569788787852,2.0965385123490177,2.094647116745963,2.0895484178970136,2.0806521376603477,2.0894579395933928,7.03125,1.8452567734541958,-7.127334520275802,2.0876932189415744,2.057107250691895,2.114431356693931,1.8912218229675062
18.57,0.00623946311518027,1.6335607969055868,7.07740656207332,2.0966574875078807,2.0950870269108743,2.0912351091575125,2.0874302958540203,2.089521103449298,7.09716796875,2.7951412982400656,-4.9480753945192,2.0906793851508514,2.1114587380076637,2.3810053465909773,2.854229839920797
18.580000000000002,0.006239463115180332,1.633560796905595,7.075167935630799,2.0967740782455864,2.095509528477545,2.092801066790973,2.093266887259272,2.08963200294064,7.09716796875,2.169655575930187,1.5587409675367818,2.093334988261539,2.1369695117582808,2.338940813525664,2.0576980378610727
18.59,0.0074286105341480925,1.782442326357406,7.066008116907928,2.0967884611102554,2.095586120331038,2.0932821661434478,2.0951252465898293,2.089803653161084,7.0751953125,1.1177569400811773,5.421587669942113,2.094179777902554,2.128797017577475,2.13917562271665,1.1864244510907676
18.6,0.009352691475673462,2.000000000000029,7.053166768657862,2.096702628349864,2.095331865275887,2.0927669689270356,2.0936057163815702,2.090031989862738,7.05322265625,1.1703876617731537,7.473432401268097,2.0934289379411837,2.104262397573041,1.9548072218870296,1.3069371092103612
18.61,0.01127677241719752,2.1961100503411184,7.041465138036513,2.0966183999654664,2.095090305088006,2.092308300507224,2.0923514541369745,2.090306487210953,7.05322265625,2.1169656484342574,9.014622094124366,2.092779773504489,2.0911374899119513,1.9434723760772021,2.07853687768308
18.62,0.012465919836166217,2.30899959350651,7.035628113103812,2.0965357620327363,2.094861095871743,2.091902907557427,2.091336085005611,2.0906162715649326,7.05322265625,2.4045694141534955,10.252888911474603,2.0922270807740735,2.084914589815841,1.9835885430813383,2.28680492641056
18.63,0.012465919836166406,2.3089995935065275,7.037866798880468,2.096454700312481,2.0946438933745863,2.0915475843724916,2.090534067397869,2.0909496755615318,7.05322265625,2.324432818787245,11.268603965124111,2.091764486773713,2.0826892658055076,2.0283188364320432,2.261108975014618
18.64,0.011276772417198017,2.196110050341167,7.047026897658397,2.096375200264106,2.0944383535261717,2.09123918944898,2.0899212107949268,2.0912936980148626,7.05322265625,2.157830862783665,12.10231663466235,2.0913849128899766,2.082646825048175,2.0626524543567104,2.1885442492597815
18.650000000000002,0.009352691475672584,1.999999999999935,7.059868367647478,2.096097489334665,2.0935858467800816,2.089035507924373,2.0832857930173243,2.0916333438955905,7.00927734375,1.1216706931275535,12.77687808267796,2.088086656632148,2.0476445708517104,1.8899749069052874,1.3330518247185752
18.66,0.007428610534148589,1.7824423263574654,7.071569788787863,2.0961248747940138,2.0937611983818356,2.0899497082917255,2.087114492895387,2.0919661675022594,7.0751953125,2.8930410105423485,13.305380447047227,2.089742279153309,2.0883457352859875,2.222540671146929,2.9452151177337758
18.67,0.006239463115180062,1.6335607969055597,7.077406562073332,2.0959520032086263,2.093273371062467,2.0888704175119877,2.084262075974593,2.0922990175926492,7.03125,1.7716169335798853,13.695338975577599,2.088241415879145,2.073446766818364,2.0724805393800008,1.613385389431441
18.68,0.0062394631151800805,1.633560796905562,7.075167935630809,2.095982352808416,2.0934687022934306,2.089846607689724,2.0881964484991427,2.092640650862967,7.0751953125,2.4877761830317873,13.953159604450645,2.0899711326182984,2.103604238077134,2.2385994063976193,2.5376986011701637
18.69,0.007428610534148638,1.7824423263574714,7.066008116907938,2.0960121839348123,2.093658579242216,2.0907631876176387,2.0916127159783153,2.093003269024557,7.0751953125,2.145525543607843,14.08383810087821,2.0915218015368904,2.117798748553,2.221363186094441,2.1019979832816107
18.7,0.009352691475672647,1.9999999999999416,7.053166768657871,2.095941611627959,2.0935137758133155,2.0906520601197873,2.0914449272297206,2.0933866910842576,7.05322265625,1.433812091920446,14.088962862451789,2.091403752858351,2.1053049796603913,2.073934994535116,1.4942594297854142
18.71,0.011276772417198067,2.1961100503411717,7.04146513803652,2.09587249051854,2.093378257269936,2.090568459894205,2.091347687641614,2.0937823513834393,7.05322265625,1.871457970132965,13.967647139225758,2.091318061414177,2.098142760177313,2.04009873059111,1.9389235885048814
18.72,0.012465919836165967,2.3089995935064866,7.035628113103817,2.0958048042898234,2.0932517013178633,2.0905100753249903,2.0913100018289184,2.094179104902351,7.05322265625,2.182919195884023,13.71921577345523,2.0912619714408693,2.0942655568856283,2.0453320974937212,2.137968478830324
18.73,0.0124659198361662,2.3089995935065084,7.037866798880473,2.095638633850654,2.0928044227812275,2.0895050321652366,2.0882229725005845,2.0945624207392473,7.03125,1.8631338265250994,13.342091641669889,2.0897360515595023,2.074490040823188,1.9634794787424208,1.818295559989278
18.740000000000002,0.011276772417197474,2.1961100503411135,7.0470268976584025,2.095475819533224,2.0923801210737722,2.0886047510573125,2.0856906837996876,2.0949210767486384,7.03125,2.1098930165215797,12.830787933163048,2.0884298181579766,2.066281270896264,1.996939793033017,2.1432965331847074
18.75,0.0093526914756734,2.000000000000022,7.059868367647482,2.095316325246482,2.0919781556647936,2.0878034506807377,2.083659123250999,2.09525640295846,7.03125,2.2269254509550462,12.17556893125893,2.087328167205491,2.0646105352252913,2.047425251871887,2.224139017485959
18.76,0.007428610534148044,1.7824423263574,7.0715697887878655,2.0953599607023476,2.0922570049130433,2.0890362463231735,2.088291162817677,2.095585656476831,7.0751953125,2.8055035235684334,11.36308278132394,2.089411375956308,2.1020853365317747,2.262635194883647,2.7516038589976843
18.77,0.006239463115180313,1.6335607969055925,7.0774065620733335,2.095402922318493,2.092527464925187,2.090187831970837,2.09228356314853,2.095930939362557,7.0751953125,2.2272630119118793,10.37280882877711,2.0912699952175977,2.1198930162369174,2.247398787642548,2.122262726097472
18.78,0.006239463115180289,1.6335607969055892,7.07516793563081,2.095445212117241,2.0927895741196036,2.0912604287494885,2.0956810921052402,2.0963039864358075,7.0751953125,1.7609498116314757,9.16820758630886,2.0929125073209467,2.1265361009589463,2.180891941726619,1.8227670112104273
18.79,0.007428610534147979,1.7824423263573923,7.0660081169079385,2.0953869174356137,2.0927139405565605,2.091287809258185,2.0954391060949704,2.096703323953637,7.05322265625,1.2883611855959698,7.675832568300068,2.0928561160756796,2.109468272724197,2.025535206805976,1.4338866559780559
18.8,0.00935269147567332,2.0000000000000138,7.05316676865787,2.0954298378819454,2.092974286121281,2.0922941408955342,2.098306559748255,2.09711828447717,7.0751953125,2.295630611445173,5.713687451384969,2.0943001776423595,2.117175092952446,2.095483621404422,2.302566618520809
18.81,0.011276772417197406,2.1961100503411073,7.041465138036518,2.095272237538354,2.0925672190973112,2.0912892056078194,2.0944987095959373,2.0975272497081225,7.03125,1.5143555203160903,2.397518564744093,2.0925667666644396,2.083565623264095,1.9026039287010668,1.4125552577831666
18.82,0.012465919836166173,2.308999593506506,7.035628113103813,2.09521780342821,2.0925106838752194,2.0913483856307598,2.0943577429109483,2.0979018165611527,7.05322265625,2.3744383566255465,-4.607434568917511,2.092545597658334,2.085388760812138,2.0291075996533796,2.4133951251903447
18.830000000000002,0.012465919836166222,2.3089995935065106,7.037866798880467,2.0949647492688968,2.091800743200831,2.089478083377057,2.088042862363666,2.098214122376881,7.00927734375,1.6056772339329075,-6.908633161307374,2.0895426066963543,2.051028219551015,1.887307280060502,1.6035367165328367
18.84,0.011276772417198131,2.196110050341178,7.047026897658396,2.0948167740603862,2.091455249082919,2.0887496572702466,2.085861843026368,2.0984444181816073,7.03125,2.4022533948481595,-8.55606780045822,2.08843793760406,2.055649424601662,2.0493487273987303,2.4818281807934532
18.85,0.009352691475672727,1.9999999999999503,7.059868367647474,2.094671927351268,2.0911289882474757,2.0881023796395914,2.084115390374575,2.0985927233292547,7.03125,2.3588828068134515,-9.856442523445862,2.0875135067191093,2.0614025715319593,2.1182285154947436,2.335866253658197
18.86,0.007428610534148703,1.7824423263574793,7.071569788787857,2.094730080288501,2.091480817668148,2.089469141750087,2.0889727794336954,2.0986762322010453,7.0751953125,2.7561517425737767,-10.913447383815,2.0897495942776576,2.102953317743514,2.3151846344121334,2.738567699120377
18.87,0.006239463115180106,1.6335607969055652,7.0774065620733255,2.0947873627088573,2.0918211779267644,2.0907390478142727,2.093141276179327,2.0987186753936498,7.0751953125,2.093024908068864,-11.776565102346336,2.0917379505613463,2.1227602266913475,2.28125583370157,2.0722609977949715
18.88,0.006239463115180036,1.6335607969055561,7.075167935630801,2.0948437762149714,2.0921501719801423,2.0919153569973017,2.096671614165522,2.098735699256286,7.0751953125,1.6582464206559244,-12.473138703737938,2.0934885625175244,2.130208724938999,2.1966468659770686,1.7790888176525237
18.89,0.007428610534148524,1.7824423263574578,7.066008116907929,2.0948993227504715,2.09246791331391,2.093001413593745,2.099616087345013,2.0987330849498917,7.0751953125,1.7585212077953611,-13.018647693365287,2.095014591201635,2.1308310170424316,2.1193917874231283,1.8361633309737675
18.900000000000002,0.00935269147567325,2.000000000000006,7.053166768657859,2.09495400460101,2.092774526438038,2.09400067254081,2.1020277704671515,2.098704356670828,7.0751953125,1.9995063923767034,-13.42196744917786,2.0963312243563528,2.127914522852052,2.0687076248078093,1.9605024008879106
18.91,0.011276772417197952,2.1961100503411606,7.041465138036507,2.094807940525823,2.0924112092355913,2.0929845823770816,2.0977834569945673,2.0986278061614656,7.03125,1.2296262669925169,-13.68980745484245,2.0944696201516373,2.088064639650614,1.8477401812877496,1.1810942147985806
18.92,0.012465919836166153,2.308999593506504,7.035628113103803,2.0946649403446416,2.0920665503587275,2.092056468887638,2.0941294356572238,2.098477850311686,7.03125,2.0615862718055133,-13.82764303320039,2.092823548903722,2.068260707941267,1.8874297451698139,2.1004976306361787
18.93,0.012465919836166243,2.3089995935065124,7.037866798880457,2.09462492615742,2.092069604892091,2.0921790764599764,2.0941252534165335,2.098240771581727,7.05322265625,2.6899227982120784,-13.837727282062968,2.092880290238816,2.0784245770028154,2.078186328397859,2.6267793050170503
18.94,0.011276772417197588,2.196110050341125,7.0470268976583865,2.0945859457827667,2.0920755478082596,2.0922979906675114,2.094115165877835,2.0979109166958385,7.05322265625,2.3732836646016775,-13.719220602951285,2.092937473112123,2.084744979341737,2.13632646134906,2.3032577368890186
18.95,0.00935269147567354,2.0000000000000373,7.059868367647466,2.0943480530915277,2.091425027633123,2.0904794507791653,2.0879012168320314,2.0974850926135495,7.00927734375,1.0943739145281113,-13.471012122340506,2.090002653002053,2.052670778628196,1.9580600521799247,1.2470598254128926
18.96,0.007428610534148158,1.7824423263574138,7.0715697887878495,2.094414987271396,2.091795310156194,2.0917246431224625,2.0920147955086184,2.096979015751074,7.0751953125,2.811559499564601,-13.091186811289667,2.0919480862939595,2.0941070866727816,2.2620952566050674,2.884768677358621
18.97,0.006239463115180357,1.633560796905598,7.077406562073318,2.094480896675142,2.0921524293691465,2.0928736139367974,2.0955118412713394,2.0964264323641997,7.0751953125,2.38408555238323,-12.574231319312323,2.093668364624759,2.1145129202699433,2.2712736754619853,2.269704074135708
18.98,0.0062394631151802445,1.6335607969055834,7.075167935630795,2.094545783922705,2.0924965633433317,2.093930227573283,2.098444348576012,2.0958593090837536,7.0751953125,1.8467930105476147,-11.909580490261721,2.0951735539627068,2.1229014226002634,2.2092055643933555,1.8821157965323276
18.990000000000002,0.007428610534148466,1.782442326357451,7.066008116907923,2.094709607163978,2.0931572511424297,2.095863354796275,2.1039446641820136,2.0953075454479215,7.09716796875,2.1380559958210874,-11.081877866077791,2.09796807797828,2.1420620147719136,2.2310514545818667,2.198710302744164
19.0,0.00935269147567318,1.9999999999999987,7.053166768657855,2.0947704904227424,2.0934611952836137,2.0966631499925668,2.1053862491070108,2.0947906808681185,7.0751953125,1.5621353870790662,-10.067668252987554,2.0988860652411496,2.129983530514002,2.0743928922095694,1.5629391413845166
19.01,0.011276772417197895,2.196110050341155,7.041465138036505,2.0947304321972986,2.093423863244057,2.09642187308336,2.103374874896118,2.0943143375462103,7.05322265625,1.467081725373436,-8.824648408698136,2.0981536315995792,2.1030227750184878,1.9273008200983333,1.5244054102710205
19.02,0.01246591983616613,2.308999593506502,7.035628113103803,2.0947913050958933,2.093718717109133,2.097155882280399,2.1046345688595594,2.093882628236936,7.0751953125,2.453278404826809,-7.264752499015652,2.0989651288683846,2.1062280929792667,2.0414694729344567,2.429917037962848
19.03,0.012465919836166265,2.3089995935065146,7.037866798880459,2.094751226447684,2.0936724599814256,2.0968527442729745,2.1024699997332226,2.0934985011965397,7.05322265625,2.0612111148553147,-5.1507626415444925,2.0981463669378777,2.088932060743536,1.9806734326034383,1.957480993518218
19.04,0.011276772417198246,2.196110050341189,7.047026897658388,2.094612161411019,2.093300064065556,2.095599000319223,2.097424287628907,2.093162862553625,7.03125,1.7191242063926757,0.5944705841516539,2.0959055585555144,2.062668554735693,1.9116003844430853,1.7846039911717013
19.05,0.009352691475672867,1.9999999999999654,7.059868367647469,2.09467592791069,2.0936037409740034,2.0963734240707574,2.0993151123414133,2.092890207341684,7.0751953125,2.7358945620070685,5.22808918862284,2.0969162019189946,2.08813820227147,2.163561366203445,2.755104750309752
19.06,0.007428610534148817,1.782442326357493,7.071569788787854,2.0947386466413143,2.09389512495435,2.097074831405728,2.1008451635777874,2.0927052221469604,7.0751953125,2.347300535713793,7.338284561380678,2.0977878117115143,2.101288813875468,2.1989025181432207,2.2682981228958035
19.07,0.006239463115180149,1.633560796905571,7.077406562073325,2.094900269247447,2.0945034759416474,2.098671365060665,2.105140419728853,2.092628609036951,7.09716796875,2.2619335634410453,8.908539962667858,2.1000195734120393,2.1248608817507146,2.263459991262827,2.29529305896201
19.080000000000002,0.006239463115180223,1.6335607969055805,7.075167935630802,2.0949589391188765,2.0947562356257428,2.0991542089029642,2.1055441364308343,2.0926678158637935,7.0751953125,1.434377329092531,10.166462470508955,2.100444564847711,2.116464143829823,2.125273956120766,1.5260261483553428
19.09,0.00742861053414841,1.782442326357444,7.066008116907931,2.095016597536563,2.0949977855847712,2.099578906418744,2.1057429029579584,2.0928126486737253,7.0751953125,1.771434898969627,11.197540907543406,2.1007724465630555,2.1104106936118576,2.076853786296438,1.8652645578979536
19.1,0.009352691475673108,1.9999999999999911,7.053166768657865,2.0949733125640324,2.094899513749783,2.098984626608645,2.102680863561566,2.0930391247044975,7.05322265625,1.7346558385376594,12.04423544037517,2.0995254860222214,2.0883264686400302,1.9706255356991422,1.70401280427666
19.11,0.011276772417197838,2.1961100503411495,7.041465138036516,2.0948310506804213,2.0944763677640417,2.0974570419271905,2.0968907551107288,2.093313597620015,7.03125,1.825167199752758,12.730470888859834,2.0969081519047315,2.059836707292465,1.8942935580649545,1.7858448326611882
19.12,0.01246591983616611,2.3089995935065,7.035628113103814,2.094791652954553,2.0944008166367105,2.0970097935603182,2.0950618451593623,2.0936060494065316,7.05322265625,2.5967657248878933,13.269833885796846,2.096096670204722,2.066707689762869,2.0614607358784562,2.550217026155899
19.13,0.012465919836166286,2.3089995935065164,7.037866798880471,2.0946532240023084,2.093999820356373,2.0956236510494164,2.090417265166975,2.0938914096493764,7.03125,2.092911261089325,13.670177910868107,2.093893779844749,2.0546597296226277,2.0291864602643876,2.0169619679064548
19.14,0.011276772417197701,2.196110050341136,7.047026897658401,2.094517661906352,2.0936169265340956,2.0943473960493697,2.0865484312314733,2.094150147259157,7.03125,2.0833013253114028,13.93785719917977,2.0919805024688216,2.052310718027995,2.0655190364127938,2.141031077404586
19.150000000000002,0.009352691475672938,1.999999999999973,7.059868367647481,2.0944848999298746,2.0935807999512996,2.0941443315864,2.0864889673504297,2.094378169725343,7.05322265625,2.4737781057176065,14.078136583684348,2.091833388423211,2.0731463627076074,2.1912936501223306,2.469437176992403
19.16,0.007428610534148273,1.7824423263574276,7.0715697887878655,2.0944529801313228,2.0935472554709325,2.093959310506189,2.0865519303478215,2.094583334678405,7.05322265625,2.19684599824971,14.092895645132995,2.0917394681708266,2.085615521192242,2.193959235022869,2.1388899191104236
19.17,0.00623946311518017,1.6335607969055737,7.0774065620733335,2.0945218529481355,2.0938452421583027,2.0947585755737688,2.0898165186537248,2.094780215796211,7.0751953125,2.313369297172192,13.981326966800601,2.093184183118273,2.1105199102856083,2.252693127402693,2.3137069547916864
19.18,0.006239463115180201,1.6335607969055779,7.075167935630811,2.0945895721888323,2.094130863208442,2.095490228074392,2.0926446017080162,2.094984151593886,7.0751953125,1.9947785357116834,13.742683883623215,2.0944666563044847,2.1216418012501395,2.2049204150930226,1.9944583607832387
19.19,0.007428610534148353,1.7824423263574372,7.06600811690794,2.0946561441997833,2.0944043739778713,2.096157368878427,2.095066551862821,2.095203087268801,7.0751953125,1.876221837681801,13.375613804341391,2.0955927432584875,2.124970016347277,2.142478491255267,1.9195815930926527
19.2,0.009352691475673037,1.9999999999999833,7.053166768657872,2.094721575663924,2.0946660338465097,2.096763091243735,2.097113633919046,2.0954354610524804,7.0751953125,1.9608496100886195,12.874957759688964,2.0965706496940504,2.124084195978943,2.095088147722582,1.9780343172838897
19.21,0.011276772417197782,2.1961100503411437,7.041465138036521,2.0947858735949847,2.0949161059536077,2.097310469354374,2.098817655535579,2.0956675091946613,7.0751953125,2.067925988693794,12.231262441736169,2.097410113153987,2.1211240559645743,2.0693383195164894,2.038694863278319
19.22,0.012465919836166087,2.3089995935064977,7.035628113103818,2.0946491434694994,2.094497118680214,2.095871768587943,2.094044637617078,2.095869907705714,7.03125,1.1610868178298448,11.431363326422746,2.095137554871896,2.0818973237183482,1.8645431650016806,1.2314786526165489
19.23,0.012465919836166309,2.3089995935065186,7.037866798880473,2.094415255943334,2.0937674253656127,2.0935804461279672,2.0869135082897734,2.096008839382249,7.00927734375,1.5590329508806662,10.45559785439526,2.09164386153103,2.0449977812533473,1.8056547790243727,1.7442525905085358
19.240000000000002,0.011276772417197758,2.1961100503411415,7.0470268976584025,2.0943860392231657,2.0937283724424804,2.093415524303531,2.0871645376630035,2.09606934445278,7.05322265625,2.8937734367160775,9.269268786702671,2.0915979263301714,2.0670914472786643,2.1180466314300985,2.8851543048114263
19.25,0.00935269147567301,1.9999999999999805,7.059868367647482,2.0942576154480275,2.0933627359126143,2.092301484939924,2.0843751426017953,2.0960537370108345,7.03125,2.2336079444603874,7.803026697602455,2.090092085358469,2.0625902973748063,2.1043604597285364,2.107155377104834
19.26,0.007428610534148328,1.7824423263574343,7.071569788787865,2.094231880884447,2.093343306860667,2.092255315406551,2.085253214600098,2.0959773945105153,7.05322265625,2.3252165006841263,5.889253572685912,2.0903083864743883,2.0812377559546404,2.210703383191225,2.3756488450263626
19.27,0.006239463115180192,1.6335607969055768,7.0774065620733335,2.0943068399923135,2.0936549614868687,2.093188649573671,2.089228830997916,2.0958728964104134,7.0751953125,2.3774698598412995,2.795608747721608,2.0920308179873115,2.109476364333819,2.291194856325147,2.394445635768428
19.28,0.006239463115180179,1.633560796905575,7.075167935630809,2.094580463871553,2.094611716419235,2.0959816089049808,2.09885830574196,2.0957785781866916,7.119140625000001,2.5890957990863828,-4.378621500081707,2.0965453897084916,2.1570373072043036,2.4063959572237437,2.5786198217344816
19.29,0.0074286105341482955,1.7824423263574303,7.066008116907938,2.0947489189020665,2.095197280755041,2.097569993513066,2.1038352328833594,2.095716654012106,7.09716796875,1.3935843372345218,-6.76208663390674,2.0989837660233204,2.1578353196519866,2.215639746427185,1.404950908570452
19.3,0.009352691475672968,1.999999999999976,7.053166768657869,2.094714293721137,2.0950987686095197,2.097085430865685,2.101747514620526,2.095679764465941,7.05322265625,-0.9186941322771075,-8.443869215511604,2.0980937548286662,2.117493575582828,1.8973269976799456,-0.41206143527716804
19.31,0.011276772417197725,2.1961100503411384,7.041465138036517,2.0946804571359174,2.0950039653453696,2.096632104876266,2.0998867221085793,2.095646519339883,7.05322265625,1.8609366677672194,-9.76604023586185,2.097276548843063,2.0944479161059553,1.8631783678903633,1.938117738854679
19.32,0.012465919836166066,2.308999593506496,7.0356281131038125,2.0946473981345846,2.094912808043837,2.0962091489837005,2.098242766806822,2.095594451523565,7.05322265625,2.467010376848487,-10.839598847386647,2.0965350396772426,2.082354803226185,1.9224330059980905,2.33617012913253
19.330000000000002,0.012465919836166099,2.308999593506499,7.037866798880466,2.0944151819587806,2.0941672923133856,2.0938828798215825,2.0906053783534935,2.095499809824996,7.00927734375,1.7385436260378002,-11.716535062142178,2.09288211092444,2.0408091115978158,1.7904393876760125,1.6442427894912408
19.34,0.011276772417198417,2.196110050341206,7.047026897658395,2.0942876048048715,2.0937835738913906,2.092717679609021,2.0872879295037063,2.095352660202607,7.03125,2.4618045401375337,-12.425284897129602,2.091188096729444,2.0425971499760607,1.9985478112483952,2.541206345021486
19.35,0.009352691475673079,1.9999999999999878,7.059868367647473,2.094262668177463,2.0937463924405555,2.092623236470354,2.0876802008308433,2.095169904758683,7.05322265625,2.669065701567706,-12.982042310347746,2.0912327771484662,2.066175979444024,2.193432920967233,2.6588869154631367
19.36,0.0074286105341483865,1.7824423263574414,7.071569788787856,2.0943383776832256,2.0940406431707728,2.0935112461714773,2.0912027700104705,2.0949867465202714,7.0751953125,2.4861868128329077,-13.396020516827232,2.092800198162251,2.098285602569525,2.3078857417990846,2.4810522117067038
19.37,0.006239463115180213,1.6335607969055794,7.077406562073325,2.0945127442882137,2.0946514055383854,2.0952958842572085,2.097313636058387,2.094845677468164,7.09716796875,2.2203935382297004,-13.673938092781702,2.0956833283178544,2.1315034987832515,2.352399320950568,2.269611582084706
19.38,0.006239463115180158,1.633560796905572,7.075167935630801,2.094683834202191,2.0952351181954088,2.096928911653332,2.102434299307023,2.0947825216257803,7.09716796875,1.6980524364360259,-13.821511291647969,2.098196903836575,2.144847606681331,2.2639204204570915,1.7853055018896642
19.39,0.007428610534148238,1.7824423263574234,7.066008116907928,2.0948516768109,2.0957924121172904,2.098417302755317,2.106657180404166,2.094815903022882,7.09716796875,1.664283545706394,-13.841327543987479,2.100363815776489,2.1471451211337627,2.1592333354775897,1.7461888299747452
19.400000000000002,0.009352691475673641,2.000000000000048,7.053166768657858,2.0949163619339655,2.0959951832458774,2.0988035882945733,2.106998503622041,2.0949419856161104,7.0751953125,1.452313082364639,-13.732689848833184,2.1007208640994297,2.1261135226283074,1.9843528924827443,1.4807988112151558
19.41,0.011276772417197666,2.1961100503411326,7.041465138036506,2.09487989503319,2.0958588501978155,2.098178363069038,2.1040456993314542,2.0951362590899127,7.05322265625,1.6488074442059961,-13.494392682580838,2.099491029728365,2.094777050937192,1.8559413527909305,1.647001191050892
19.42,0.012465919836166274,2.308999593506515,7.035628113103803,2.0948441957205963,2.095727172982636,2.0975925148356085,2.101419484204682,2.095364565035426,7.05322265625,2.267396858882293,-13.124805104840185,2.0983733449135213,2.078655804352371,1.90401372993696,2.2211503936512615
19.43,0.012465919836166352,2.3089995935065226,7.037866798880457,2.094609350334451,2.0949423042450133,2.095112719935024,2.092905206348211,2.095588868979074,7.00927734375,1.7039588588660877,-12.618771136580383,2.094382829626575,2.0354938224286903,1.7819576840668694,1.6306144327999232
19.44,0.011276772417197873,2.1961100503411526,7.0470268976583865,2.0944791269598038,2.0945201616542057,2.09380242735085,2.0888199262753906,2.095781316149222,7.03125,2.5423212802838218,-11.96599165403826,2.0923849101896694,2.037182233287518,2.0028630540616126,2.559542081057765
19.45,0.00935269147567315,1.9999999999999956,7.059868367647466,2.0944515292606587,2.094445512069285,2.093571469387886,2.088552813274464,2.0959360653314096,7.05322265625,2.7348625446914645,-11.15155861468706,2.092158895407015,2.061500397593637,2.2047341154356928,2.6761239505916166
19.46,0.007428610534148444,1.782442326357448,7.0715697887878495,2.094424601739576,2.0943742487439905,2.0933642746977474,2.088410597835951,2.0960595613035826,7.05322265625,2.1980416826741673,-10.15287295715035,2.0919927854343623,2.0768551364994274,2.2367870014643696,2.1940553704145356
19.47,0.006239463115180237,1.6335607969055823,7.077406562073318,2.094498298627464,2.094635329664294,2.094146870486737,2.091477800160804,2.096165587533669,7.0751953125,2.1966452927779168,-8.929635395496897,2.0933721432192054,2.1041817496494746,2.3005167429997058,2.283889920374144
19.48,0.006239463115180136,1.6335607969055692,7.075167935630795,2.0946706328540423,2.09521384520608,2.0958332240211273,2.0972036365181146,2.0962696178327622,7.09716796875,2.242772763317121,-7.399185158552135,2.0960893611286457,2.134699584956954,2.3323266150800315,2.2748806806535296
19.490000000000002,0.007428610534148784,1.782442326357489,7.066008116907923,2.0946397797247633,2.0951085052302885,2.0954431232752126,2.09583493756675,2.0963733549829735,7.05322265625,0.7824940422114827,-5.345326344308042,2.0954746284285046,2.111610311552864,2.064254915284973,0.8589938489107144
19.5,0.009352691475672826,1.9999999999999607,7.053166768657856,2.094609616084241,2.095007257923205,2.0950832362334317,2.0946660785074513,2.0964679531874495,7.05322265625,1.7466949389312876,-1.3107890693464421,2.094927555786218,2.0986473567152144,1.9969126418822338,1.8382527551718142
19.51,0.011276772417198213,2.196110050341186,7.041465138036505,2.0946800882402594,2.095238980258576,2.0957187098343333,2.096766412212272,2.096547781103185,7.0751953125,2.5730831597127755,5.027281496133456,2.095939268282062,2.1096151875236155,2.0981098399208618,2.4936245602626115
19.52,0.012465919836166022,2.308999593506492,7.035628113103803,2.094649310931179,2.095131003018915,2.095332225624162,2.095436584941833,2.0966037865647804,7.05322265625,2.0357705151608263,7.200342242273455,2.0953242726667702,2.096184141579224,2.0121278035022305,1.91321752209972
19.53,0.012465919836166144,2.3089995935065035,7.037866798880459,2.0946192151568885,2.0950272364396314,2.094976116710383,2.094303852055795,2.0966220096628554,7.05322265625,2.0354733504005407,8.800589275741725,2.094780384181649,2.089387073604538,2.0187085725327187,2.0779740275152547
19.54,0.011276772417198532,2.196110050341217,7.047026897658388,2.0944898321450087,2.0945986036849003,2.09368245540266,2.0902626801628283,2.09659066485826,7.03125,1.7207580051705411,10.078502689254993,2.0928103414561385,2.0685779701734326,1.9491964897665202,1.791192587910316
19.55,0.009352691475673221,2.000000000000003,7.059868367647469,2.094363071621864,2.094188666318592,2.092499692658291,2.086892777824061,2.096508605644183,7.03125,2.094192663170386,11.125073117324877,2.0910997482572027,2.060428989920961,1.9951202279490658,2.140642836706092
19.56,0.007428610534148501,1.782442326357455,7.071569788787854,2.0945388057486354,2.0947842502953726,2.0943247587166836,2.093426719692746,2.096396779948082,7.09716796875,3.0727739749289076,11.9849671454133,2.0941186715460542,2.1129238042427962,2.3185140159711186,3.023190690162545
19.57,0.0062394631151802575,1.6335607969055852,7.077406562073323,2.094711198387745,2.095353461305834,2.095999039068443,2.098967655433019,2.0962813329121164,7.09716796875,2.2778993768188593,12.683030276770669,2.0967693217913634,2.137177484181164,2.3047296422585357,2.162318933307008
19.580000000000002,0.006239463115180344,1.6335607969055965,7.075167935630801,2.0946803843173063,2.0952391561556483,2.0955980704586556,2.097430857708467,2.09617014052726,7.05322265625,-0.727134419239146,13.233339558852295,2.096088366919069,2.1105987769149905,2.032513176487006,0.2674728337237297
19.59,0.007428610534148124,1.7824423263574098,7.06600811690793,2.0947501885728226,2.09545818257388,2.0961936142642252,2.0991843914875292,2.096063127505174,7.0751953125,1.9399435910663885,13.644178946015225,2.0969684086640163,2.1134673525546708,2.0717240795326495,2.1089272878810785
19.6,0.009352691475673499,2.000000000000033,7.053166768657864,2.094818682716017,2.0956668138407726,2.0967348896519895,2.1006128242556015,2.095959103935745,7.0751953125,2.271996083799441,13.921883946247839,2.097719873153392,2.1132563179482884,2.072096553186418,2.1766485506040842
19.61,0.011276772417197552,2.1961100503411215,7.041465138036514,2.094785932894487,2.0955364535322296,2.0962590002294745,2.0986600480572033,2.09584726377729,7.05322265625,1.8632645404047694,14.071820553299078,2.0968617641112797,2.0938460493704056,1.973559075444668,1.784672096040031
19.62,0.01246591983616623,2.308999593506511,7.0356281131038125,2.0947538640389003,2.095410947913467,2.0958175794628633,2.0969554709939953,2.0957122929337006,7.05322265625,2.0666121374793645,14.096222423143825,2.0960922057009124,2.0841706615615325,1.993361370478315,2.1136908130694665
19.63,0.012465919836166395,2.3089995935065266,7.0378667988804695,2.0946225150090942,2.094961265464273,2.094443012293838,2.0923856044355205,2.0955415372440838,7.03125,1.8335504169760186,13.994319771497183,2.093915779580176,2.062276992805757,1.9394495717512552,1.8686356997520275
19.64,0.011276772417197985,2.1961100503411637,7.047026897658399,2.094593748906707,2.0948599338230443,2.0941503130632513,2.091644708989952,2.0953335363330554,7.05322265625,2.4695757869567347,13.765405534393015,2.093512163699893,2.072171388244594,2.0923586364952933,2.4830556413471294
19.650000000000002,0.009352691475672546,1.999999999999931,7.059868367647479,2.0945656198645413,2.09476287914281,2.0938846169547825,2.0910592338339575,2.095101914976981,7.05322265625,2.302077378300621,13.408267942330516,2.0931746238121796,2.0791007858330626,2.1362976579447808,2.249515130121401
19.66,0.007428610534148558,1.7824423263574618,7.071569788787865,2.094638076638076,2.094999016273906,2.094611439086741,2.0937135338185358,2.0948712963586447,7.0751953125,2.3952615380938065,12.918134621177847,2.0943907058873883,2.1017354158040473,2.2291400735673954,2.3999582130344077
19.67,0.006239463115180049,1.6335607969055579,7.0774065620733335,2.0947091853764666,2.0952245165963004,2.0952788874562533,2.095974009089991,2.094672662459323,7.0751953125,2.023694851981666,12.285810026325183,2.09546260077366,2.1123827997756783,2.2033225602201756,2.0435518094046428
19.68,0.006239463115180092,1.6335607969055634,7.07516793563081,2.0948789033450255,2.095768516119843,2.096855305109534,2.100961630795308,2.094536734467464,7.09716796875,2.22314532468627,11.498559646935812,2.0978887207121097,2.13372323059467,2.24250394647159,2.263483284892953
19.69,0.007428610534148669,1.7824423263574751,7.066008116907939,2.095045319748712,2.0962875673722077,2.0982931068792063,2.105099085858748,2.0944859822041266,7.09716796875,1.9829251451686039,10.537403372419918,2.099987474986466,2.1409765970026258,2.1842135998941834,1.976886875035566
19.7,0.009352691475672685,1.9999999999999458,7.053166768657872,2.0951085375197587,2.096453560610648,2.098634361770517,2.1053889567453394,2.0945235988959974,7.0751953125,1.4659300586822634,9.369117988120477,2.100292548722811,2.1230718981923578,2.025453463397762,1.5190334361399205
19.71,0.011276772417198098,2.196110050341175,7.0414651380365205,2.0951704959440116,2.0966106359605376,2.0989342145757925,2.1055008220155305,2.0946358958628357,7.0751953125,1.9453531147564251,7.928404807980486,2.1005142934260475,2.111468480459295,1.9970288336481101,1.994743822870711
19.72,0.012465919836165979,2.308999593506488,7.035628113103817,2.095031345989712,2.096101539861925,2.097264893782667,2.0992747362889306,2.094796330587249,7.03125,1.4289127404370623,6.060320944823356,2.097684082899323,2.0684037104721784,1.811484628015625,1.4000162399838672
19.73,0.012465919836166186,2.308999593506507,7.037866798880472,2.094894887357458,2.095613349380572,2.095724783008252,2.0939348627228638,2.0949775310437673,7.03125,2.200001446096828,3.1448346652845185,2.095182192100826,2.0488119840341326,1.884928569019218,2.2047165114402416
19.740000000000002,0.011276772417198044,2.1961100503411695,7.047026897658402,2.094861040348391,2.0954745954758467,2.095275935920101,2.092535224643792,2.0951676093943754,7.05322265625,2.739699538565446,-4.136523680527377,2.094488458984742,2.0611771793618456,2.0950074205675717,2.6660706568923906
19.75,0.009352691475673362,2.000000000000018,7.059868367647481,2.094827873978108,2.095341299168625,2.094863663949958,2.091387145601722,2.095366643827726,7.05322265625,2.372816780540377,-6.612057231988151,2.0938955160141,2.070401873008469,2.1614824764057308,2.3112650715376977
19.76,0.007428610534148013,1.7824423263573965,7.071569788787864,2.094795380956881,2.095213364539978,2.094486489627138,2.090467484854568,2.0955816612560723,7.05322265625,2.0006298353706478,-8.329875864023293,2.093394438871507,2.0772879146972056,2.172261341089177,2.0743192542068294
19.77,0.006239463115180301,1.6335607969055908,7.077406562073333,2.0949634414176392,2.0957485398042994,2.0960762255758327,2.095951922657847,2.0958284986657265,7.09716796875,2.5812601977380774,-9.674392498238278,2.095963679624679,2.117839323700011,2.333571167203231,2.616758757882376
19.78,0.006239463115180301,1.6335607969055908,7.075167935630809,2.0951282158489284,2.0962593289247082,2.0975296717500904,2.1005707730682457,2.0961189084878407,7.09716796875,2.0903523791655876,-10.76467749544095,2.098211811879581,2.135965848094526,2.28237706258646,2.023762010310584
19.79,0.00742861053414801,1.782442326357396,7.066008116907936,2.09508988106067,2.096088795136275,2.0969225856390037,2.0982379686142334,2.0964427383702327,7.05322265625,0.44764002019415455,-11.655417359356138,2.097175368092434,2.1064650379009517,2.004235547310968,0.6521369390363028
19.8,0.009352691475673358,2.0000000000000178,7.053166768657866,2.0951522020145066,2.096253391647334,2.0973252613665587,2.0993127154125224,2.0967771523554184,7.0751953125,2.1563132740913176,-12.376305529077825,2.0977414865218043,2.108315101611772,2.051887605416458,2.2250181174146797
19.81,0.011276772417197437,2.1961100503411104,7.041465138036514,2.095013409341705,2.095751856411282,2.0957553324801563,2.093998155509988,2.0970922114535413,7.03125,1.6365311287140416,-12.944371039508509,2.095235086881611,2.0724893552416175,1.863760358192972,1.5147971150589625
19.82,0.012465919836166186,2.308999593506507,7.035628113103809,2.0948773042055073,2.095271384123923,2.0943127497796934,2.089507455952678,2.0973560098868154,7.03125,2.1832896598893936,-13.369118796965848,2.0930379841895013,2.0563618485487254,1.9091906612244907,2.186385724176945
19.830000000000002,0.01246591983616621,2.3089995935065093,7.037866798880462,2.094843807616104,2.095140537663513,2.0939595742919623,2.088874837786984,2.0975509843342777,7.05322265625,2.6750954794072435,-13.657315670576537,2.092629140500558,2.0697666766340874,2.0946497799786554,2.6316895909237887
19.84,0.0112767724171981,2.196110050341175,7.047026897658392,2.0948109878545815,2.0950152558739954,2.09364028271773,2.088423297387574,2.0976704994718682,7.05322265625,2.322049382641554,-13.814811547071981,2.0922981633222304,2.078710983298011,2.1468307701518596,2.2825576017261002
19.85,0.009352691475672689,1.9999999999999463,7.059868367647469,2.0946788874992355,2.0945663937311703,2.092385723360952,2.085025924495458,2.097713647162401,7.03125,1.5822323471490602,-13.844527975017908,2.090539947984002,2.066716809994321,2.0601792904854395,1.6899123989028768
19.86,0.007428610534148671,1.7824423263574753,7.071569788787852,2.094749315577949,2.094795636711538,2.0931802866075038,2.0884961048525192,2.097694718454034,7.0751953125,2.5505177132148704,-13.745808357129487,2.0920304956980926,2.098998497968815,2.2457695408912945,2.6135847611929854
19.87,0.006239463115180093,1.6335607969055637,7.07740656207332,2.094818410459436,2.0950150115206343,2.0939159777144942,2.091520499670429,2.0976402706190753,7.0751953125,2.2137383296064415,-13.51747122498162,2.093363149904324,2.114632827203294,2.231720457872092,2.142313016207194
19.88,0.0062394631151800484,1.6335607969055579,7.075167935630796,2.094986124655353,2.0955536593223707,2.0955614603577772,2.0972248448225366,2.0975758159008024,7.09716796875,2.236901684990354,-13.158017365527419,2.096035333331979,2.1382234140114473,2.2605023094357444,2.242821551975892
19.89,0.007428610534148555,1.7824423263574614,7.066008116907924,2.0951505535917705,2.0960680565928946,2.0970679627786213,2.10201363030162,2.097518148163618,7.09716796875,1.9033203564776973,-12.662621341401529,2.0983622981710224,2.146181295253006,2.189264279293607,1.921343257363804
19.900000000000002,0.009352691475673287,2.00000000000001,7.053166768657854,2.0952118057750013,2.096230023159217,2.0974766757570746,2.1028844082241758,2.09746474083329,7.0751953125,1.371351903829612,-12.021475586857484,2.098876221870157,2.1281467703613877,2.0195231613130304,1.4646372676571189
19.91,0.011276772417197984,2.1961100503411632,7.041465138036502,2.0950719574207524,2.095726078062368,2.0959119767113674,2.0973416013547492,2.0973962023311703,7.03125,0.8319599308471453,-11.220120078395393,2.0963063274822806,2.0804298622617248,1.779890004692425,1.057070925211726
19.92,0.012465919836166165,2.3089995935065053,7.035628113103798,2.095034742105943,2.095572308831986,2.095439939692583,2.0957099927709284,2.0972953829228134,7.05322265625,2.488516864851561,-10.236657120590875,2.095530705300748,2.075187278262929,1.9446345780019771,2.4938166422859123
19.93,0.012465919836166232,2.3089995935065115,7.0378667988804535,2.094998238340019,2.0954247413316938,2.095006117558639,2.094321139995422,2.097157110798722,7.05322265625,2.5750122777071027,-9.032797739616887,2.094848435703114,2.074051727237066,2.040862091088586,2.445212780178962
19.94,0.011276772417198159,2.1961100503411806,7.047026897658383,2.0949624394400277,2.095283257862977,2.0946089282095413,2.0931559800276305,2.096983483612821,7.05322265625,2.2947421032180735,-7.530820400613128,2.0942547920832233,2.0751271953511026,2.0953526043805084,2.2702084757888237
19.95,0.009352691475673504,2.0000000000000333,7.059868367647462,2.0949273386104665,2.0951477378012098,2.0942467704390433,2.0921951890031707,2.096786067417314,7.05322265625,2.0694695358114377,-5.532765739899977,2.093744095947951,2.077255001932558,2.120908377008801,2.1473164162667335
19.96,0.007428610534148127,1.78244232635741,7.071569788787845,2.0950928042536523,2.0956759025241958,2.0958509799236347,2.097602878860944,2.096588649147234,7.09716796875,2.66086720241278,-1.946476146090399,2.096296910993618,2.11524511974925,2.3022801508419164,2.679556012585602
19.97,0.006239463115180344,1.6335607969055965,7.077406562073314,2.095155082753038,2.0958514228345106,2.0963532088849925,2.099055921115341,2.096415390471169,7.0751953125,1.762710816095242,4.817883295341697,2.0970331636567825,2.11463402672112,2.177833472620829,1.7015574645226021
19.98,0.0062394631151802575,1.6335607969055852,7.075167935630791,2.095316035828534,2.09634728547869,2.097774934333477,2.103315678766639,2.096281972635023,7.09716796875,2.11317101534262,7.059506859232514,2.0991523341293243,2.1301488748845347,2.201164256215267,2.1539747319128706
19.990000000000002,0.0074286105341484976,1.7824423263574547,7.06600811690792,2.0952739373350306,2.096162635952985,2.097138885216863,2.100656635954099,2.096193802705169,7.05322265625,1.0536840003574994,8.691066460528713,2.0979944760838714,2.099641525406785,1.9643290691487099,1.0715049892690385
20.0,0.009352691475673216,2.0000000000000027,7.053166768657852,2.095432445030866,2.0966425629016903,2.098479136383697,2.104498018696953,2.0961502933038405,7.09716796875,2.567070384879926,9.9896494143601,2.0999362655696263,2.1192168365776567,2.1370467062531273,2.5884291595975717
20.01,0.011276772417197928,2.196110050341158,7.041465138036504,2.0953879397869124,2.0964425165289753,2.097766618483353,2.1014662605831633,2.096144598225981,7.05322265625,1.6811729455256634,11.052039774420155,2.098621352300831,2.091538021828712,1.9560924123525107,1.5345918374951215
20.02,0.012465919836166142,2.308999593506503,7.035628113103801,2.095444143717772,2.096578700761401,2.098069438102221,2.101904297887393,2.096160711309482,7.0751953125,2.326996929694779,11.92513048358699,2.0989333462685695,2.0957287456408515,2.0616846578851993,2.3641288178786484
20.03,0.012465919836166253,2.3089995935065133,7.037866798880457,2.0952993296650186,2.096050022385541,2.0964064258612938,2.096004874739156,2.096180098361987,7.03125,1.4943604334214107,12.634864274804894,2.0961996765417075,2.0619914438153493,1.9011990336329498,1.5001806730343434
20.04,0.011276772417198214,2.196110050341186,7.0470268976583865,2.095257198470442,2.0958723832552333,2.0958428247457412,2.094093899100815,2.0961880409350653,7.05322265625,2.3786760197729144,13.19613210771408,2.095292876339286,2.0660052602507593,2.047990014187508,2.441941574835962
20.05,0.009352691475673573,2.000000000000041,7.059868367647467,2.095315764971881,2.096030699910705,2.0962904650553074,2.0955933826421362,2.0961837340796525,7.0751953125,2.6656512567445403,13.617408612733035,2.0960003679964645,2.0885401026118173,2.1985522371268806,2.604840027069694
20.06,0.0074286105341487855,1.7824423263574891,7.071569788787853,2.0952732096755837,2.0958524682515036,2.09573173839469,2.093764790935153,2.0961682854069092,7.05322265625,1.8288163036405656,13.90504768113743,2.0951311015943737,2.082582075081514,2.1133320555383883,1.8140446650216455
20.07,0.006239463115180137,1.6335607969055694,7.077406562073323,2.095331358402981,2.0960102684543522,2.0961844177319473,2.0953367801437675,2.0961446320269372,7.0751953125,2.1975630295390802,14.064650874767645,2.095870313093295,2.098596024427136,2.187689208692836,2.2815404033871585
20.080000000000002,0.006239463115180234,1.633560796905582,7.075167935630801,2.095388314437498,2.096160410048664,2.0965968362095726,2.096669938537097,2.096118735787484,7.0751953125,2.1000104830060122,14.09868757535891,2.096520301761578,2.1063261619662983,2.172653459727471,2.0726199302195583
20.09,0.007428610534148441,1.7824423263574478,7.0660081169079305,2.095444091259401,2.0963030964646943,2.096970931005562,2.0977848498481104,2.096092134565669,7.0751953125,2.0190469145047243,14.00653876959385,2.0970849941326613,2.1092913049255313,2.1406776448700007,2.002506879635823
20.1,0.009352691475673146,1.9999999999999951,7.0531667686578645,2.0954987024622778,2.096438531152287,2.0973086259339873,2.098701534323288,2.0960607292286895,7.0751953125,2.0288382539284027,13.787386986385808,2.097569445433175,2.1096338405562416,2.114118356307921,2.02638716661986
20.11,0.01127677241719787,2.196110050341152,7.041465138036515,2.0955521617462565,2.0965669173671366,2.097611826036038,2.0994393151497754,2.0960132570038277,7.0751953125,2.0714012536274966,13.440196695783973,2.0979794198269275,2.1086427032336594,2.097916110908905,2.0596191499348233
20.12,0.01246591983616612,2.308999593506501,7.035628113103814,2.0955045717801672,2.0963597161592955,2.0969170310364307,2.096930663876878,2.095929376310661,7.05322265625,1.6740485232957416,12.960479595375377,2.0968296330727454,2.0893351695407736,1.9959896426598305,1.7137039912976268
20.13,0.012465919836166274,2.308999593506515,7.037866798880471,2.0953579049256197,2.095831737277984,2.0953086622907913,2.091694156485663,2.0957848670407158,7.03125,1.6032168766294563,12.339357254967101,2.0943203207054037,2.062246258278752,1.9143006377569174,1.7308267430014548
20.14,0.011276772417198273,2.1961100503411917,7.047026897658401,2.0953139548003317,2.0956551712131097,2.094800344545346,2.0904018282796275,2.095566652946189,7.05322265625,2.495615188385053,11.564424860363493,2.093627773457318,2.0696286791070815,2.0720227315941226,2.515436593783981
20.150000000000002,0.0093526914756729,1.9999999999999687,7.059868367647481,2.095270813892203,2.0954860301024603,2.094336895630622,2.0893754742417667,2.0952767357040067,7.05322265625,2.3946978047373517,10.617377946566627,2.093042825168458,2.0756291210855142,2.1256879081213143,2.3170588496059343
20.16,0.007428610534148242,1.7824423263574238,7.071569788787867,2.095328399904746,2.0956530657767978,2.0948830133808465,2.0916902582808214,2.0949280960312944,7.0751953125,2.4518237623524417,9.466601909036092,2.094049995841033,2.0982254128952937,2.226307430319795,2.4446647083643693
20.17,0.006239463115180159,1.633560796905572,7.077406562073335,2.095384815378723,2.0958125066893403,2.095386238575137,2.093702166098792,2.094539950155522,7.0751953125,2.03545926200201,8.05030432175699,2.0949480570401406,2.1092331780210087,2.2049053505076595,2.0652796537253706
20.18,0.006239463115180213,1.6335607969055794,7.075167935630813,2.095539987620642,2.096293338556018,2.096814161177655,2.09852548318002,2.0941310592426188,7.09716796875,2.2097467239014805,6.225194057616624,2.0972324061646948,2.1311100965532552,2.2463165025903056,2.2656230412483986
20.19,0.007428610534148384,1.782442326357441,7.066008116907942,2.095692040341427,2.0967521456274416,2.098118437251883,2.1025654433220655,2.093711915116315,7.09716796875,1.9685991908357734,3.457371810688283,2.0992177069079165,2.138918948576575,2.1888572164708173,1.9724822321142332
20.2,0.009352691475673077,1.9999999999999878,7.053166768657874,2.0956412025272484,2.0965320991371725,2.097375069006503,2.09972101343878,2.093274058398421,7.05322265625,0.8007326593124857,-3.8799629705892285,2.0979431298899565,2.103918569240004,1.9327583023910877,0.9478876509368608
20.21,0.011276772417197812,2.196110050341147,7.041465138036524,2.0955912523091924,2.0963205789647654,2.0966868039714863,2.0972577308776197,2.0928000460125347,7.05322265625,1.9094980838878592,-6.458469812947741,2.0968026980259142,2.085362046195868,1.9219710252104394,2.0052562163396184
20.22,0.012465919836166099,2.308999593506499,7.035628113103821,2.095442269362128,2.0957886086890842,2.095085437004615,2.092050367465514,2.092277479911386,7.03125,2.051250204012007,-8.214048889736972,2.0943000689108313,2.058813492727494,1.8799898278154172,1.9871860825285677
20.23,0.012465919836166297,2.3089995935065173,7.037866798880478,2.0953960391718174,2.095608371123793,2.0945846772993995,2.0907849691525877,2.0917080753819657,7.05322265625,2.6416818437574676,-9.581634846608413,2.093612174208823,2.0666859887094766,2.0606502969457714,2.5899458211795756
20.240000000000002,0.011276772417197727,2.1961100503411384,7.047026897658408,2.095450576714227,2.0957647461547997,2.095095824395884,2.092878713209783,2.091112180572267,7.0751953125,2.66317072141253,-10.688989238778131,2.09452445361878,2.090992808155532,2.2146325308027803,2.602855810129516
20.25,0.009352691475673715,2.000000000000056,7.0598683676474865,2.095404074345594,2.095585119328283,2.094600042503379,2.0915870131556353,2.0905177077801618,7.05322265625,1.6912208242612492,-11.593704201679635,2.0938428432737,2.085662107780515,2.126249735967075,1.7416526308788678
20.26,0.007428610534148299,1.7824423263574307,7.07156978878787,2.0954583451483098,2.0957421145401027,2.095115662754951,2.0936462053195855,2.089961249447208,7.0751953125,2.1146213632248436,-12.326832152525292,2.094754580307284,2.101645829756152,2.1952707216913354,2.232645224576995
20.27,0.00623946311518018,1.633560796905575,7.077406562073339,2.09571131530948,2.0965495383091097,2.0975218091021848,2.101594796192235,2.0894907851777464,7.119140625000001,2.7032825391703783,-12.90603332531001,2.0985446853411096,2.144066271653365,2.3469060228306313,2.63983753840074
20.28,0.006239463115180191,1.6335607969055763,7.075167935630815,2.095859326936814,2.0969916680730534,2.098754821186364,2.1051475180813766,2.0891445587053643,7.09716796875,1.708156755831867,-13.34137035264723,2.10034725541173,2.1434528207981405,2.1912146930173937,1.5819842227846719
20.29,0.007428610534148327,1.782442326357434,7.066008116907943,2.0960043122806535,2.0974129142382565,2.0998739369763593,2.1080308708070814,2.0889384181702897,7.09716796875,1.6315626336318192,-13.639698373698259,2.1018829677591198,2.138813171482567,2.0982910767767136,1.723753331092388
20.3,0.009352691475673006,1.99999999999998,7.053166768657874,2.0960464197182875,2.097485251647811,2.0999207880421347,2.107233138869253,2.0888672011978113,7.0751953125,1.4948909366915921,-13.806983446739816,2.1016860123248,2.1149074762526494,1.9549453113702362,1.550631814707789
20.31,0.011276772417197756,2.196110050341141,7.041465138036522,2.0959876540035602,2.097223935786923,2.098984168172941,2.103318112043114,2.088906788376098,7.05322265625,1.708862336626385,-13.846412331676328,2.0999740176718973,2.083062160093998,1.857188849323129,1.7102573295991328
20.32,0.012465919836166078,2.3089995935064973,7.035628113103819,2.095929881723029,2.0969724212084637,2.098113284163877,2.0998993649166287,2.089025354488436,7.05322265625,2.293451104527,-13.757572164236645,2.098440416366933,2.067816540558262,1.9243806201478848,2.247204674628848
20.330000000000002,0.012465919836166088,2.308999593506498,7.037866798880471,2.0957731983393146,2.09640181392035,2.0963400540014407,2.093845356615015,2.089189154109374,7.03125,2.092956481517004,-13.539225992490827,2.095588334035048,2.04428419544427,1.9162074015906527,2.021080402603423
20.34,0.011276772417198386,2.1961100503412028,7.047026897658401,2.0956194517086795,2.095855273488545,2.0947108295357046,2.088744335800758,2.0893689143216947,7.03125,2.250585716273542,-13.18999106846606,2.0930964104805727,2.036934782411837,2.0096230744904195,2.2594802126242013
20.35,0.00935269147567304,1.9999999999999838,7.059868367647478,2.095468616150217,2.0953323074603123,2.0932198629378496,2.084520369679859,2.0895489042317474,7.03125,2.2686304102242936,-12.705373577982405,2.0909434651003806,2.038669347612979,2.094442458837856,2.2718485551986407
20.36,0.007428610534148355,1.7824423263574376,7.07156978878786,2.095420585853213,2.095161400196254,2.0928292964576545,2.0842117996838416,2.0897303092153146,7.05322265625,2.5216655150424283,-12.075865183651073,2.0906024709190363,2.0631868293222997,2.2332544854158103,2.4991202758798474
20.37,0.006239463115180202,1.6335607969055779,7.077406562073329,2.0954733751611343,2.095327395477817,2.0934497341254055,2.0872199793903197,2.0899277071579485,7.0751953125,2.4918265124681316,-11.287336955360601,2.0918512624825216,2.096591630349218,2.3200985063007455,2.438927015309862
20.38,0.00623946311518017,1.6335607969055737,7.075167935630805,2.095525092622086,2.095486426099847,2.094027133536207,2.089875887718818,2.0901562686840953,7.0751953125,1.9642310172053914,-10.318806221105289,2.0929821641891015,2.113512345211642,2.2669200247922623,1.962981437889424
20.39,0.0074286105341482694,1.7824423263574272,7.066008116907933,2.095675658445343,2.0959674984391854,2.0955296754595305,2.0952996994928554,2.0904232502944127,7.09716796875,2.1284798785954218,-9.133701145635746,2.095488824993733,2.138253702360042,2.2733274970985438,2.1849766442602987
20.400000000000002,0.009352691475673679,2.000000000000052,7.053166768657863,2.0955234837435954,2.0954405939281497,2.094008003083867,2.0905860730966856,2.0907177280749347,7.03125,-0.809987947839543,-7.658996763644368,2.093203406700597,2.094465047809669,1.9061394870315629,-0.6825695156508169
20.41,0.011276772417197697,2.1961100503411357,7.041465138036511,2.095474132009553,2.095265791178262,2.093585613759948,2.0897693367156496,2.0910197688790975,7.05322265625,2.1894108405071826,-5.712706671493617,2.0927076315101627,2.0903675943558575,1.9730025544467782,2.263243905779631
20.42,0.012465919836166286,2.3089995935065164,7.035628113103806,2.0954257022071525,2.095098995500088,2.093206032191858,2.0891566112575135,2.0913148682849845,7.05322265625,2.4924115423388797,-2.4187959944940784,2.0922940256313685,2.0888367998364545,2.017886223656739,2.3633205598130025
20.43,0.01246591983616634,2.3089995935065213,7.037866798880461,2.0952782638784186,2.09461100229509,2.0918991763485977,2.0856225120820833,2.09158688296441,7.03125,1.9986338573665916,4.599339217731158,2.090459261432921,2.0707808836271284,1.952519679810927,1.9273234087660818
20.44,0.011276772417197841,2.1961100503411495,7.04702689765839,2.0951336878335507,2.094145253698083,2.0907136595576983,2.082757916962166,2.091825049703244,7.03125,2.094640984742331,6.915478675665737,2.0888875479403337,2.0638610085954916,1.9943387155386323,2.1600741128164347
20.45,0.009352691475673856,2.000000000000071,7.059868367647469,2.095091882439469,2.094030379133763,2.090612457092616,2.083605494923237,2.092033583485482,7.05322265625,2.499091490954656,8.579667798392322,2.089057748963388,2.0811061463052596,2.141007787410477,2.50614738972927
20.46,0.0074286105341484126,1.7824423263574445,7.071569788787852,2.0950509260458574,2.0939220529603206,2.090537521201065,2.084476575058562,2.0922276308545698,7.05322265625,2.2060326818715947,9.899200604163186,2.089254964358796,2.0908761852393294,2.1619996650843594,2.1675950823793633
20.47,0.006239463115180224,1.6335607969055808,7.07740656207332,2.095110744693688,2.09414921045479,2.0914554510762247,2.0884649654083,2.0924274921656933,7.0751953125,2.3083039211061793,10.977665165890548,2.0909673330087166,2.1137572257876145,2.2361041573135654,2.3241452562073883
20.48,0.006239463115180147,1.6335607969055708,7.075167935630796,2.095169427131658,2.0943677722105565,2.092311333506201,2.0919191697533432,2.0926521528920334,7.0751953125,1.9858722294742244,11.864132577620122,2.0924931317048454,2.123444769944283,2.1990674913211166,1.9952336769518975
20.490000000000002,0.007428610534148814,1.7824423263574927,7.066008116907925,2.0952269839294027,2.094577881316944,2.0931069994408995,2.094872858118915,2.092910485569882,7.0751953125,1.872141101495589,12.585789370360175,2.093839720128434,2.125765659867307,2.1442685161674055,1.916458884643321
20.5,0.009352691475672864,1.999999999999965,7.053166768657857,2.0951834987936473,2.094450641430958,2.0928765424017315,2.0942694941283375,2.0931982165171648,7.05322265625,1.523425409069724,13.158063121045211,2.0935230673585585,2.106585607850482,2.007575976456825,1.584678552793716
20.51,0.011276772417198244,2.1961100503411886,7.041465138036506,2.0950409420327887,2.0940008614598953,2.0917055421490187,2.090670914946549,2.0935017097541726,7.03125,1.601165342511371,13.58975183178269,2.0917502300819537,2.077988119198805,1.901416030648973,1.6720251634054906
20.52,0.012465919836166033,2.308999593506493,7.035628113103804,2.0949011957329287,2.093572106525736,2.0906439419372855,2.0876777268744857,2.09381120847588,7.03125,2.226449790808669,13.88736030939514,2.090211198659339,2.064932415905836,1.9520324325015492,2.213203417968871
20.53,0.012465919836166132,2.308999593506502,7.03786679888046,2.0949641207569405,2.0938223050587323,2.09162424919718,2.0914233168277376,2.094130136325997,7.0751953125,2.9313373101079923,14.056617365554704,2.091885555607092,2.0967158440771665,2.208695029824048,2.856663571997488
20.54,0.0112767724171985,2.196110050341214,7.047026897658389,2.094925934472168,2.0937339247676188,2.0915670077001214,2.0915385133497972,2.094463354097962,7.05322265625,1.9742056693519667,14.100225639613477,2.091875332588786,2.094483969421823,2.1389763062558225,1.8948733722239794
20.55,0.009352691475673183,1.9999999999999991,7.05986836764747,2.0947886074839217,2.093321797283432,2.0905583391241604,2.0885822826539484,2.0948085220877832,7.03125,1.2472239682889699,14.017705380487556,2.0903854885212727,2.0754830498129917,2.022546812394849,1.4695302877168526
20.56,0.00742861053414847,1.7824423263574511,7.071569788787855,2.094853934001297,2.0935881499779665,2.091586764551318,2.0923357798413003,2.09516996592685,7.0751953125,2.56123518112683,13.808278085890246,2.0920986383849747,2.1032466110046135,2.214396438891405,2.6064657498407926
20.57,0.006239463115180245,1.6335607969055836,7.077406562073324,2.094818114675802,2.0935153156903477,2.091573136604008,2.092447737524565,2.09555350060422,7.05322265625,1.9706099630186402,13.470943260100807,2.0921185497158477,2.0985190138369885,2.1224744055829783,1.8422713591727002
20.580000000000002,0.0062394631151803555,1.633560796905598,7.075167935630801,2.0948830176451403,2.09377662457112,2.0925406695692104,2.095652129639346,2.095957885029988,7.0751953125,2.290869449901447,13.001651143892248,2.0936420367004467,2.113462724113774,2.1831675016077954,2.278368364807736
20.59,0.007428610534148155,1.7824423263574134,7.0660081169079305,2.0948467762693475,2.093698750431578,2.0924678807271624,2.095260047571037,2.0963735102465275,7.05322265625,1.7166610287283786,12.391767186359338,2.0934818008539207,2.1015926422996687,2.0682448590192393,1.6884963493112557
20.6,0.009352691475673539,2.000000000000037,7.0531667686578645,2.094811311219675,2.093625790269893,2.0924093931781957,2.0949134662296287,2.0967794980212138,7.05322265625,1.9451562932351918,11.629140797082567,2.0933406317014676,2.095005059844078,2.049208545938146,1.9882831064523387
20.61,0.011276772417197583,2.1961100503411246,7.041465138036515,2.0946766614944243,2.0932283194437558,2.0913960384893433,2.0915185687241435,2.097149020493318,7.03125,1.7823356447331005,10.696095318919165,2.09172368015772,2.073768882998959,1.9626634121387754,1.7727479348771378
20.62,0.012465919836166243,2.3089995935065124,7.035628113103813,2.0946446848927835,2.093179400037858,2.0914465885978637,2.0917663970352653,2.0974555158706325,7.05322265625,2.4746080743914582,9.562482966201753,2.091817396861274,2.082811835615618,2.091196634377448,2.453975097290177
20.63,0.012465919836166383,2.3089995935065253,7.03786679888047,2.0944135125559873,2.0924758507767756,2.0895673346352335,2.085806897556077,2.097673671684088,7.00927734375,1.5732101441907098,8.16973046453258,2.088923562672961,2.0523206459897954,1.932091676615911,1.5050272874483408
20.64,0.011276772417197954,2.1961100503411606,7.0470268976584,2.0941869660591257,2.091805447575194,2.0878605624754423,2.08084757428368,2.09778729119823,7.00927734375,2.031468766206,6.384795273195009,2.086423409803097,2.0406291506733756,1.9727606022965953,2.1049798053389592
20.650000000000002,0.009352691475673252,2.000000000000006,7.05986836764748,2.094164963274984,2.0918264944873544,2.0882580971581732,2.083039870447651,2.097809134208837,7.05322265625,2.8670073911450666,3.7421032879689102,2.0872909967365803,2.0758135002167353,2.227188783938734,2.8318944920555107
20.66,0.007428610534148526,1.782442326357458,7.0715697887878655,2.0942435551409564,2.092179234051026,2.0896141286423373,2.0881536378509913,2.097773184211052,7.0751953125,2.6139651548155087,-3.606415128602108,2.0896026696285883,2.1126594797522023,2.3292661365534864,2.529225961903973
20.67,0.006239463115180037,1.6335607969055563,7.0774065620733335,2.0943207842372913,2.09251921906106,2.090873914052704,2.092550152373449,2.097715780912579,7.0751953125,1.820223766234245,-6.301452824950132,2.0916566946612813,2.1294017873152784,2.26895171053193,1.8843989737620026
20.68,0.006239463115180103,1.633560796905565,7.075167935630811,2.094496624852797,2.09317597824686,2.093008701378202,2.099380328214874,2.0976684759694857,7.09716796875,1.9593917356012849,-8.096345451660822,2.094957608193224,2.152151162001728,2.265609116704568,2.0878216287298814
20.69,0.0074286105341487005,1.782442326357479,7.06600811690794,2.0945691860485987,2.0934762299480223,2.0940012675646504,2.101971106892413,2.0976494123688583,7.0751953125,1.3835032245880587,-9.487435273391387,2.0963342142574914,2.1410526580139577,2.08352377758891,1.4334432459071744
20.7,0.009352691475672723,1.9999999999999498,7.053166768657873,2.094640432748002,2.093764649299036,2.0949113613357233,2.1040502542433717,2.0976590636087953,7.0751953125,1.8604271474628151,-10.612066427751785,2.0975066499324337,2.131102187788735,2.0133988548482233,1.8797713736578656
20.71,0.01127677241719813,2.1961100503411775,7.041465138036522,2.0946104199810898,2.093712233194948,2.0947759113239686,2.1025814942129095,2.0976839034174457,7.05322265625,1.8099383850977029,-11.530877118198543,2.0970018933265444,2.1048792385067117,1.9016441617852484,1.7430807026362476
20.72,0.012465919836165991,2.3089995935064893,7.035628113103819,2.0944811201306233,2.0933339097712955,2.0936823328384224,2.098124948537404,2.0977006484848886,7.03125,1.844809097052579,-12.276368667676515,2.0950330647241464,2.072439769148543,1.8328966346206057,1.8133679555317177
20.73,0.012465919836166175,2.308999593506506,7.037866798880475,2.094354444431014,2.0929735024818807,2.092680660234987,2.0942909541460035,2.097689827922923,7.03125,2.2932939456509196,-12.86698521605902,2.0932926755780397,2.057630244690047,1.9226150562801543,2.2704841202036263
20.740000000000002,0.011276772417198013,2.1961100503411664,7.047026897658404,2.094230364196117,2.0926305583807485,2.09176683282716,2.0910376062777356,2.0976453517059683,7.03125,2.379083525370715,-13.313106274758212,2.091771505402289,2.053164199381234,2.025101506881868,2.3344281774419375
20.75,0.009352691475673322,2.0000000000000138,7.059868367647483,2.0942088297875765,2.0926340417406464,2.0919045054325247,2.0914227328102646,2.0975785822735338,7.05322265625,2.567962858863228,-13.62169425901669,2.0919532872286744,2.0724500335353655,2.1885729202943587,2.5416023337879956
20.76,0.007428610534148584,1.782442326357465,7.071569788787866,2.0942878482132494,2.092968744881866,2.093005399068435,2.0948723224388326,2.0975158273296115,7.0751953125,2.47672465662289,-13.79878854529999,2.0936264369372926,2.10164940337028,2.2955762623428533,2.4582168241327413
20.77,0.0062394631151802896,1.6335607969055894,7.077406562073334,2.0942654927056172,2.0929610838980066,2.093051257326854,2.0946819106263894,2.0974867255214114,7.05322265625,1.5054701276460718,-13.847925437043891,2.0936016414637715,2.0977563392658403,2.169457860256203,1.573357415167574
20.78,0.006239463115180312,1.6335607969055923,7.075167935630811,2.094443655783474,2.093613948769072,2.095029100586638,2.1006756625020686,2.097524653794805,7.09716796875,2.402170932431978,-13.768830449175846,2.096567259990756,2.1307304366296322,2.2920743276134417,2.474938504237197
20.79,0.007428610534148041,1.7824423263573999,7.066008116907939,2.0946184391284506,2.0942390031969005,2.0968372634119934,2.1056466416411714,2.097660686306767,7.09716796875,2.09875010623403,-13.560270424776379,2.0991404704296865,2.143864507050692,2.236371620887491,2.0238797746032184
20.8,0.009352691475673398,2.0000000000000218,7.05316676865787,2.0946899221530657,2.0945077965980037,2.097519345462015,2.106628794691672,2.0979059499689856,7.0751953125,1.4138678344834221,-13.22101352939925,2.099858219019112,2.1285954996641854,2.058982951316049,1.4321576466978096
20.81,0.01127677241719747,2.1961100503411135,7.041465138036518,2.0947600658262284,2.0947648511339407,2.098131992460284,2.107297477325156,2.0982539892972025,7.0751953125,1.8745383487967036,-12.746881342324105,2.10043580886136,2.1177284335090074,2.008277528665083,1.9259405722903042
20.82,0.0124659198361662,2.3089995935065084,7.035628113103813,2.0947289319427216,2.0946814125359627,2.0977145535185384,2.1046089730794066,2.0986849867145567,7.05322265625,1.829744840824937,-12.128804555701157,2.099399851643465,2.0923249475233043,1.9118323763680203,1.7889800276963026
20.830000000000002,0.012465919836166196,2.308999593506508,7.037866798880467,2.0945984941758775,2.094272437861009,2.0963533400996375,2.099094824163897,2.099170502714712,7.03125,1.8593255584077273,-11.353037210921272,2.096959374640535,2.0615603485081246,1.8510361342500525,1.8366342795319608
20.84,0.011276772417198069,2.1961100503411717,7.047026897658396,2.094570621886496,2.094210704683045,2.0960617975205866,2.0974602607700104,2.099687533967117,7.05322265625,2.5926213042873925,-10.399225172151615,2.096294436425022,2.066901680805557,2.038289812015644,2.5627744690687497
20.85,0.009352691475673393,2.0000000000000213,7.059868367647474,2.094543366360075,2.0941520087066574,2.095787431405272,2.0960383031464005,2.100220653339954,7.05322265625,2.401875249190265,-9.232561959127496,2.095704767197223,2.0719294418669443,2.1130926684326288,2.3357834602124545
20.86,0.00742861053414864,1.7824423263574716,7.071569788787857,2.0945167194732868,2.0940962674727164,2.0955299294610197,2.09481700758004,2.100755948926367,7.05322265625,2.105608262996384,-7.783985912496715,2.095186338401778,2.076402260840807,2.138671747954873,2.1410379329510936
20.87,0.0062394631151800805,1.633560796905562,7.0774065620733255,2.094490673087085,2.094043398735471,2.095288932048606,2.093782456988672,2.1012817735231284,7.05322265625,1.9915743551603176,-5.885955566096973,2.09473449543757,2.080221521805527,2.141080411048243,2.068107258728415
20.88,0.00623946311518006,1.6335607969055592,7.075167935630801,2.094565181404338,2.094322408100566,2.0960300027373786,2.096011650766818,2.1017897398283907,7.0751953125,2.374496456730557,-2.8104960152785963,2.095837425321343,2.1011725554847613,2.2226712806544855,2.3777653631192925
20.89,0.007428610534148586,1.7824423263574651,7.066008116907929,2.094638305248234,2.09458936751171,2.0967029671875976,2.0978763492111216,2.1022683896470276,7.0751953125,2.1448007853464865,4.37142831189114,2.0967998838050823,2.111006948155453,2.195712272746262,2.074419480285119
20.900000000000002,0.009352691475673327,2.000000000000014,7.053166768657859,2.09471005653529,2.094844543930755,2.0973112232034543,2.0994116290588467,2.102694503101997,7.0751953125,1.975709867336854,6.769445566348102,2.0976294013521994,2.11452087518355,2.1491242382673157,1.967998480449244
20.91,0.011276772417198015,2.1961100503411664,7.041465138036507,2.094580538698308,2.0944302441523726,2.0959273860554943,2.0944914920559037,2.103030383087297,7.03125,0.9480162228553001,8.46739358737758,2.0953509963664003,2.0790933996245506,1.9197448202735774,1.0992059602603856
20.92,0.012465919836166175,2.308999593506506,7.035628113103804,2.094453599910903,2.094034090780528,2.0946517863415957,2.090322452891669,2.1032355628346133,7.03125,1.9404020059694058,9.808287153308035,2.093349025104479,2.0625600610835266,1.935119026388792,2.064425162995083
20.93,0.01246591983616622,2.30899959350651,7.037866798880458,2.0943292132583764,2.0936556786096676,2.0934802625835736,2.0868439069315645,2.103283261345932,7.03125,2.3747166467466925,10.902837307263695,2.0916092184088573,2.057086038645631,2.0071904033532615,2.3324944413839432
20.94,0.011276772417198128,2.1961100503411775,7.047026897658387,2.094307325973049,2.0936237766769015,2.0933758152525814,2.0870948079993275,2.1031652694691627,7.05322265625,2.664607211355455,11.802683097372592,2.0916108057849914,2.0757117675094103,2.161717616812212,2.5900368716554287
20.95,0.009352691475673464,2.000000000000029,7.059868367647467,2.0942859760746475,2.0935941243812075,2.09328366059617,2.087407740281412,2.102889923240523,7.05322265625,2.24762540031569,12.53614621414671,2.0916429109141297,2.086673424923328,2.182652806245864,2.203541264022991
20.96,0.007428610534148698,1.7824423263574787,7.071569788787851,2.0943651269747536,2.0938957746059623,2.0941699797966105,2.0908695754882927,2.102478548633068,7.0751953125,2.2739309484835553,13.119412812633419,2.0931933779370633,2.1105774161761475,2.2526677128275874,2.3247850330557442
20.97,0.006239463115180333,1.633560796905595,7.077406562073319,2.094542792668572,2.0945137870723536,2.095949292080061,2.0969432287176195,2.101961732472676,7.09716796875,2.2842739295512313,13.561618781208752,2.096056531707738,2.1385555154480063,2.296654366012446,2.3076736981611865
20.98,0.006239463115180269,1.6335607969055865,7.075167935630796,2.0947170436063365,2.0951045412376965,2.097574172794276,2.1020453287825887,2.101366478447693,7.09716796875,1.8755196617765544,13.86927177062651,2.0985484549315516,2.1486115752619255,2.220150206995669,1.8946802606832447
20.990000000000002,0.007428610534148529,1.7824423263574583,7.066008116907925,2.0947879658859487,2.0953398119491435,2.0980873237329662,2.1031805856637287,2.100707750829182,7.0751953125,1.3017846522377314,14.048121309675455,2.09920307571489,2.131391546439373,2.039603915341651,1.3999503567628222
21.0,0.009352691475673256,2.0000000000000067,7.053166768657857,2.09485751680565,2.0955639192335296,2.09854481289547,2.104032868896241,2.0999932683071356,7.0751953125,1.8960745359138544,14.101277856695978,2.099733811851145,2.119212212977298,1.9932185757382326,1.9437117164150262
21.01,0.011276772417197958,2.196110050341161,7.041465138036508,2.09502564965944,2.096105937041571,2.0999141796894403,2.1077172845956,2.099230088079757,7.09716796875,2.5286825814029297,14.02845471058892,2.1016438346030104,2.1282103418684355,2.0947586967882525,2.463754826123069
21.02,0.012465919836166154,2.3089995935065044,7.035628113103805,2.094990591851391,2.0959650730452366,2.0992218065592207,2.1044986442948472,2.098417344661524,7.05322265625,1.5144963865570022,13.8286444216499,2.100283124490417,2.094279144797887,1.9072974926679302,1.4176417872571019
21.03,0.012465919836166241,2.3089995935065124,7.037866798880462,2.094956190467856,2.095828955605335,2.0985699803755766,2.101643341079407,2.0975513329763187,7.05322265625,1.961010997163643,13.501094378233535,2.0990457178397803,2.076931789073171,1.934722544903555,2.0486788356115366
21.04,0.011276772417198183,2.196110050341183,7.047026897658392,2.0950223797100165,2.096026340583225,2.09892325718737,2.1022356758957903,2.0966413314401033,7.0751953125,2.575807280037135,13.042060247443263,2.0994225623445293,2.0875138623520852,2.1024082472439276,2.553269531005051
21.05,0.009352691475673535,2.0000000000000364,7.059868367647472,2.095087246049077,2.096213647750183,2.099232170855101,2.102642772716538,2.095706024044414,7.0751953125,2.3108693451099542,12.44324947256486,2.099724652502008,2.093307288901851,2.143928479923614,2.2472695160511567
21.06,0.007428610534148755,1.7824423263574856,7.0715697887878575,2.0951508034643274,2.0963911600207803,2.0994995202131417,2.1028893310089583,2.0947681176818693,7.0751953125,2.0235952410638682,11.692761494054102,2.0999595039335635,2.0962831227193917,2.1441631545437017,2.060256818462024
21.07,0.006239463115180124,1.6335607969055677,7.077406562073327,2.095312992192346,2.096887844970275,2.1006928417676023,2.106085691898141,2.093855525093676,7.09716796875,2.311804052319082,10.773593680570881,2.1016235616578376,2.1153200677987467,2.2217729985672467,2.344587720738992
21.080000000000002,0.006239463115180247,1.6335607969055839,7.075167935630806,2.0954719244119606,2.0973605062066514,2.1017659727935185,2.108644106891307,2.0929950232623877,7.09716796875,2.07901700515872,9.656844845757817,2.1030378501397893,2.123058540742228,2.1925456629289415,2.0488200916344597
21.09,0.0074286105341484715,1.7824423263574516,7.066008116907935,2.0955277241987513,2.0974812302533876,2.101761346940574,2.1075546956739624,2.0922033251427314,7.0751953125,1.529787523034438,8.287131114656209,2.1027347054406675,2.106980460707333,2.0534956988891753,1.5639257790250538
21.1,0.009352691475673185,1.9999999999999991,7.053166768657869,2.095682221482058,2.097922518168738,2.102697554692638,2.1095603533287934,2.091492031889845,7.09716796875,2.2998628479993752,6.540741436557166,2.103905302168217,2.1156337917582846,2.125351008350277,2.3262149781790673
21.11,0.0112767724171979,2.1961100503411553,7.0414651380365205,2.0957336471089194,2.0980128601234074,2.102564774152351,2.107992296715205,2.090866752134446,7.0751953125,1.8988015868259536,4.007582725939689,2.1033869228602837,2.1006546227664242,2.029418892338362,1.8351451490752506
21.12,0.012465919836166132,2.308999593506502,7.035628113103819,2.095883811290296,2.0984246131056943,2.1033814116682157,2.1095950387414693,2.090324752453233,7.09716796875,2.3863223385500225,-3.30893240740733,2.1043680711182335,2.11052246702395,2.123466719405396,2.3934645909395154
21.13,0.012465919836166264,2.308999593506514,7.037866798880475,2.0957311674153463,2.097829366522666,2.1012070678729886,2.101499016606727,2.0898532341104614,7.03125,0.7196221242328181,-6.139737123058503,2.100708843548271,2.0607968784129707,1.837618557249311,0.7465114983968549
21.14,0.011276772417198242,2.1961100503411886,7.047026897658404,2.0956812436520185,2.097585792898252,2.100157287881499,2.0976791086640283,2.089441355839396,7.05322265625,2.3007421060221747,-7.97656572584492,2.0989620261297848,2.0569558066945377,1.9866795286896306,2.388751767547421
21.150000000000002,0.009352691475672862,1.9999999999999647,7.059868367647485,2.0957320582221763,2.097678929174627,2.100144589290374,2.097538683292501,2.089097871554759,7.0751953125,2.7673019850237273,-9.392004886218757,2.0989154424430896,2.076682661691153,2.1683423230543326,2.680168521162876
21.16,0.007428610534148812,1.7824423263574924,7.071569788787868,2.0957817354849158,2.0977653929097637,2.100117155173534,2.097409309565241,2.0888396935510913,7.0751953125,2.3194141707159517,-10.534304781808114,2.0988704726652894,2.0884000741767244,2.198030755080581,2.256934885502034
21.17,0.006239463115180147,1.6335607969055708,7.077406562073337,2.0959301871661795,2.098174007148472,2.101042247503641,2.100372603432707,2.088685258742157,7.09716796875,2.2707632287924713,-11.467367142261375,2.1003154493461453,2.1128090390581615,2.2686748906786423,2.3359205535169214
21.18,0.0062394631151802245,1.633560796905581,7.075167935630814,2.096075557998531,2.098561684262375,2.1018713385642362,2.1028238692724157,2.088646653371048,7.09716796875,1.9078167901398282,-12.225194531791036,2.101562445586378,2.1236598429526587,2.225224499441868,1.977031755084774
21.19,0.007428610534148415,1.7824423263574447,7.066008116907943,2.096018113586725,2.0982720411176228,2.100680568776095,2.0986835641471764,2.0887188161465127,7.05322265625,0.6229526892037203,-12.827157071181285,2.0996458653996295,2.0915769676347216,1.9761277326934255,0.9037689750467892
21.2,0.009352691475673115,1.9999999999999918,7.053166768657874,2.0960614879233277,2.09832062224533,2.1005373144800985,2.098228236436996,2.0888898142774184,7.0751953125,2.2472735797975507,-13.283976248249203,2.099438671016774,2.093769034320576,2.0558777644169375,2.311774277913357
21.21,0.011276772417197843,2.19611005034115,7.041465138036523,2.0961038224637254,2.09836410403057,2.1003903909351442,2.097828406922159,2.089147553233629,7.0751953125,2.4088135596110236,-13.602798446566265,2.099245168631111,2.0951867957043397,2.081932968519941,2.303845882387912
21.22,0.012465919836166111,2.3089995935065004,7.03562811310382,2.096145132788729,2.098402718355896,2.1002409254329724,2.0974812102829103,2.0894707461609725,7.0751953125,2.2439446176882174,-13.789753435692301,2.099064988089889,2.0960870431179806,2.090013000288476,2.200358709146879
21.23,0.012465919836166284,2.3089995935065164,7.037866798880475,2.0959856609237324,2.0977795219666073,2.0981602499409164,2.091031488587044,2.0898258841005437,7.03125,1.1937039434483923,-13.848658930747128,2.095914551115755,2.0608287890352064,1.8991970340522433,1.3290864751909741
21.240000000000002,0.011276772417197696,2.1961100503411353,7.047026897658404,2.095829114497013,2.097181138009494,2.096245164216172,2.0856290538324034,2.0901787555052507,7.03125,1.9861696059070764,-13.779492798275047,2.0931650354750557,2.0462205246179104,1.9421401916020062,2.1178666895687206
21.25,0.009352691475673676,2.0000000000000515,7.059868367647483,2.095775373684624,2.096935918062847,2.0954553650847467,2.084284292422143,2.0905106458579144,7.05322265625,2.6612567724084286,-13.580918360544624,2.092288059960911,2.0616327222184996,2.1210820112486863,2.6174263740687183
21.26,0.007428610534148268,1.782442326357427,7.071569788787866,2.0957225545408558,2.0967000131858753,2.094734918391786,2.0833091271452755,2.090814645133644,7.05322265625,2.3749940239783203,-13.251772146623235,2.091565837304563,2.072598622651881,2.16712497054898,2.2890532854870944
21.27,0.006239463115180168,1.6335607969055734,7.077406562073334,2.0956706514673096,2.0964732774858565,2.094080663585567,2.0826612960101776,2.0910900617467783,7.05322265625,2.036992070295982,-12.788241169088426,2.090981413996467,2.0803786101355777,2.1663911828703792,2.0728247313666928
21.28,0.006239463115180203,1.633560796905578,7.075167935630811,2.0957195652169056,2.09658438472213,2.094455254415353,2.085423826011197,2.091343560697305,7.0751953125,2.2951957893834387,-12.181563947611316,2.092014741374625,2.1035949733883146,2.2392144257759363,2.341209607131782
21.29,0.007428610534148358,1.7824423263574378,7.066008116907939,2.0958673174383873,2.0970183861884397,2.095770959145876,2.0910349799299515,2.0915828865348063,7.09716796875,2.3944230819819237,-11.418341713040176,2.09445194199566,2.1321212222780517,2.29058525763542,2.357867907059459
21.3,0.009352691475673044,1.9999999999999842,7.05316676865787,2.0958122579226997,2.096774510189364,2.0950498686349213,2.089606986391672,2.091800729033604,7.05322265625,0.9921048956350427,-10.479089326386951,2.0936126833040403,2.108196160890769,2.039549990733011,0.9924027830687294
21.31,0.011276772417197786,2.196110050341144,7.041465138036517,2.095658244418984,2.0962113679782086,2.0934281152112857,2.0853687536190946,2.0919773365334198,7.03125,1.2805892532557472,-9.330533913147308,2.091397095318793,2.0772570206978562,1.8896856650393081,1.4417342253836176
21.32,0.012465919836166088,2.308999593506498,7.035628113103812,2.0956070430793297,2.096001076642615,2.0929168155766904,2.0850585417010583,2.0921013148832253,7.05322265625,2.544036722074982,-7.907399107784881,2.090984143934092,2.0812104714560937,2.0273169327416474,2.5038756256114176
21.330000000000002,0.012465919836166076,2.308999593506497,7.037866798880465,2.095556760301321,2.0957996429003876,2.0924603531632187,2.0849455790002565,2.0921722856008125,7.05322265625,2.506285654380716,-6.054986171603449,2.090660911981414,2.0844040074340473,2.080576559420465,2.370929162689816
21.34,0.011276772417198355,2.1961100503411997,7.047026897658394,2.0954074726604714,2.0952779699337634,2.0910890944732503,2.081877117694182,2.0921950882455578,7.03125,1.834355710292381,-3.1561534828985645,2.088919839045686,2.0690049386642464,2.006199678316486,1.8525696854982932
21.35,0.009352691475673003,1.9999999999999798,7.059868367647471,2.095460888231966,2.095437324531584,2.0917834812611202,2.085714679506158,2.0921885901815824,7.0751953125,2.6123558546754775,4.128735747163194,2.09043924096394,2.099298334975588,2.2123386111340757,2.6830563385737722
21.36,0.007428610534148927,1.782442326357506,7.071569788787854,2.0954132992900782,2.095261018224908,2.0914695333228415,2.0859689675742494,2.0921819241646027,7.05322265625,1.846077840835778,6.618431753037463,2.0903123939292927,2.096195857148872,2.1240788437550724,1.825487725374903
21.37,0.006239463115180191,1.6335607969055763,7.077406562073323,2.0955664320135514,2.095750596846099,2.0931321981150908,2.0925304021589004,2.09220794490453,7.09716796875,2.511975843014006,8.352302183079177,2.093227267686686,2.129770268018847,2.271813095566562,2.53033605244814
21.38,0.006239463115180181,1.6335607969055752,7.075167935630799,2.095616599445525,2.0958897670416325,2.0937007501109157,2.0949916875971146,2.092297192335265,7.0751953125,1.7318721709250517,9.715466414325732,2.0942954837217997,2.1258862098625446,2.1413789322513375,1.6327310084212288
21.39,0.007428610534148301,1.782442326357431,7.066008116907927,2.0957656192792293,2.096351374677425,2.0951966174514256,2.100154462174873,2.0924681423413656,7.09716796875,2.1598483825986876,10.826716698406262,2.0967213201492023,2.1386713473231054,2.172302289003751,2.1650545449501295
21.400000000000002,0.009352691475673717,2.000000000000056,7.0531667686578565,2.095811728462136,2.096463340237866,2.0956051242733023,2.1013615393555085,2.0927239348917235,7.0751953125,1.6872389111325032,11.740273253531448,2.0973323233248884,2.123676505695829,2.0403905089560554,1.6284051473178442
21.41,0.011276772417197729,2.1961100503411384,7.0414651380365045,2.0958568310840455,2.0965696405752476,2.0959811152690775,2.102300562534734,2.0930471325168862,7.0751953125,1.9708265031936318,12.485786776855367,2.097840612474775,2.1134659590987237,2.016463525819723,1.9867887867241296
21.42,0.012465919836166298,2.3089995935065177,7.0356281131038,2.095701140223139,2.096013006365781,2.0943942496414087,2.0968609194879235,2.0934022966341805,7.03125,1.3532492699633938,13.080073863587812,2.0952736232909124,2.0709431349661127,1.829121211552059,1.347457176913924
21.43,0.012465919836166328,2.3089995935065204,7.037866798880454,2.095448474216002,2.0951514307526984,2.0919764759291373,2.089146924608496,2.0937463849116384,7.00927734375,1.787193751480413,13.532680999790271,2.091520887866383,2.033141941014222,1.7915013346839648,1.8316116322284268
21.44,0.01127677241719781,2.1961100503411464,7.047026897658384,2.0952006676571484,2.094327779362022,2.089770933076609,2.0826767310137,2.0940509029543084,7.00927734375,2.4345696686828293,13.850257160655875,2.088256621877877,2.0195469897958587,1.9297477654798263,2.390669308578638
21.45,0.009352691475673816,2.0000000000000666,7.0598683676474625,2.0951575453761406,2.094199398448902,2.089705911499672,2.083541739375504,2.094314435939458,7.05322265625,3.038244562413511,14.038739763755474,2.0884499279053546,2.0564370852109914,2.242656363950735,2.950613335887352
21.46,0.0074286105341483805,1.7824423263574405,7.071569788787846,2.0952152152833095,2.094407112599253,2.0906366868218345,2.0875206986745933,2.0945545670550807,7.0751953125,2.651324669009263,14.101463435443385,2.0901755830911997,2.096557023591236,2.371195241097654,2.5702286287563068
21.47,0.0062394631151802115,1.6335607969055792,7.077406562073315,2.0952717718867633,2.0946069484729946,2.0915083539932557,2.0909835441755136,2.0947883745490135,7.0751953125,1.7702643414704142,14.03826321558559,2.091726823778042,2.1168467025998363,2.3208684543679063,1.87463274265358
21.48,0.0062394631151801595,1.6335607969055723,7.075167935630792,2.095327226085692,2.0947990403814285,2.0923224007183125,2.093961948096735,2.0950239785089457,7.0751953125,1.4886554294592718,13.84817894869832,2.0931074629796633,2.125552722063598,2.229340589395954,1.6940813663680732
21.490000000000002,0.007428610534148845,1.7824423263574962,7.06600811690792,2.0953815889190057,2.0949835260940204,2.0930803998773366,2.0964898835014725,2.09525807000212,7.0751953125,1.780681595515691,13.530481372871325,2.094324431262736,2.127653686451069,2.1452719015956663,1.8317913787095261
21.5,0.009352691475672904,1.9999999999999691,7.053166768657852,2.095434871564738,2.0951605468723415,2.0937840285542793,2.0986034542305716,2.0954727120518704,7.0751953125,2.045038001426299,13.081720932643547,2.095386802778403,2.126164551879824,2.086732657670408,1.978104356229381
21.51,0.011276772417198275,2.1961100503411917,7.041465138036503,2.0952872464632217,2.094672408302781,2.0924999617988544,2.0941683738495374,2.0956313431238858,7.03125,1.2630858819489352,12.493882767466047,2.0933182186741095,2.0875457494209786,1.859491415530785,1.2075466424694388
21.52,0.012465919836166045,2.308999593506494,7.0356281131038,2.094942614353698,2.0935482297576495,2.0893945357149897,2.084217218085899,2.0956890068755127,6.9873046875,1.1051190421705395,11.755323343808442,2.0885146254874405,2.032432331734746,1.676463655861623,1.2894869242399478
21.53,0.01246591983616612,2.308999593506501,7.037866798880456,2.0948046093070167,2.093133186605258,2.0885048692904578,2.082114939038662,2.0956226502474466,7.03125,2.899230471575554,10.849689366673612,2.087342509414558,2.0468313225827046,2.026535241765039,2.8988670349461336
21.54,0.01127677241719847,2.1961100503412108,7.047026897658386,2.094769324965661,2.0930678371432503,2.0886830899703943,2.083604491359701,2.0954390546445696,7.05322265625,2.930657647690327,9.749352702180571,2.0878748074143294,2.0766109445796457,2.237561897450086,2.800658955754732
21.55,0.009352691475673143,1.9999999999999947,7.059868367647467,2.0947348226050884,2.0930077315325026,2.08886997275994,2.0850077861609195,2.095158053758216,7.05322265625,2.1621293021941597,8.401817475939136,2.088395317035283,2.0933241275639727,2.256907473854927,2.1670854204222048
21.56,0.0074286105341490405,1.7824423263575198,7.071569788787853,2.0948010418489833,2.0932818999812435,2.0900335530333427,2.089429656346024,2.0948074223464452,7.0751953125,2.06061736296513,6.69168873960881,2.090393726757264,2.119692708091026,2.3063908722148234,2.210211432468242
21.57,0.006239463115180234,1.633560796905582,7.077406562073323,2.0948660551574014,2.093546149482908,2.09111795068658,2.0932275092596617,2.0944174518309326,7.0751953125,1.7912699017532496,4.2547960287592,2.0921692686399034,2.130816728602082,2.2434800896319045,1.879901807340299
21.580000000000002,0.006239463115180368,1.6335607969055996,7.075167935630803,2.0949298723058805,2.093800623475047,2.0921254752237948,2.096445123485877,2.0940135145263765,7.0751953125,1.8216521333447737,-2.983903624751855,2.093731615441595,2.133371071591343,2.1642639573241795,1.853579645405157
21.59,0.007428610534148186,1.7824423263574172,7.066008116907932,2.094992503299277,2.094045471700859,2.0930585716888075,2.0991296742257823,2.0936148754673964,7.0751953125,1.9876764702301273,-5.973942735410058,2.0950930704787276,2.131322292061042,2.101969994260642,1.9511248825136398
21.6,0.009352691475673575,2.000000000000041,7.053166768657866,2.095053958369193,2.0942808502374604,2.0939198285473815,2.1013298769262394,2.0932329610597047,7.0751953125,2.0956477916220235,-7.854698387440639,2.0962675872005367,2.1270469834738353,2.0657526954571974,2.032257011453195
21.61,0.011276772417197616,2.1961100503411277,7.041465138036517,2.0951142479689913,2.094506921318134,2.0947119628856683,2.103093900809238,2.0928691070222043,7.0751953125,2.1244634312864106,-9.295103269066328,2.0972700088086094,2.121967149891259,2.0523338871286128,2.0740070947354377
21.62,0.012465919836166253,2.3089995935065133,7.035628113103815,2.0950734506286532,2.0943948113968234,2.094470967276037,2.1013873882413763,2.0925117597915004,7.05322265625,1.690721132325295,-10.455346340628894,2.0966239121517924,2.0992533848460773,1.9568431802648876,1.7255773644798336
21.63,0.012465919836166371,2.3089995935065244,7.037866798880471,2.094833593514545,2.0936301960027577,2.092316098654134,2.093667137914012,2.0921406625124273,7.00927734375,0.9855778900008214,-11.402978710760804,2.093045056156229,2.0513038721062014,1.7791136963968985,1.2741079842737435
21.64,0.011276772417197923,2.1961100503411575,7.047026897658401,2.094698410783102,2.0932296497189,2.091315433238362,2.090220446700315,2.091748060529101,7.03125,2.452634856294713,-12.173372591062277,2.0914071543790955,2.0489579339217334,1.9804555360194347,2.5264298427492267
21.650000000000002,0.009352691475673214,2.000000000000002,7.059868367647482,2.094665907591284,2.093177803524198,2.0913775206765814,2.0904509581779793,2.091351107236626,7.05322265625,2.8157242624647294,-12.786691708552121,2.0914929355233243,2.0699224127129683,2.1801762455991875,2.711278318553384
21.66,0.007428610534148495,1.7824423263574543,7.071569788787868,2.0947340930321543,2.093459446796533,2.092413325882731,2.093787409224766,2.0909827378207626,7.0751953125,2.62545030874447,-13.254234227916172,2.093089017329405,2.10039383983762,2.3002608521838392,2.5341853887894668
21.67,0.006239463115180255,1.6335607969055848,7.077406562073336,2.0949009813988964,2.0940595553184815,2.0943365987915104,2.0996950127093217,2.090679851849882,7.09716796875,2.2770139456834313,-13.58325226221704,2.0959906054917106,2.132604366856507,2.3490268157943714,2.300348275846956
21.68,0.006239463115180116,1.6335607969055665,7.075167935630813,2.09506466072962,2.0946343035704023,2.0960990641599677,2.104610897105986,2.090468017095498,7.09716796875,1.68575819565738,-13.779986807552193,2.098514588336411,2.1453448821048884,2.2636173200218104,1.7954077838542264
21.69,0.007428610534148732,1.7824423263574827,7.066008116907942,2.0950252975270036,2.09452622683025,2.0957781716585138,2.1024829392510584,2.0903492824634022,7.05322265625,-0.5701661732828491,-13.848523790227054,2.097704903211238,2.1123202926914115,1.9745046780387898,0.5069715940666398
21.7,0.009352691475672761,1.999999999999954,7.053166768657874,2.0949867301629523,2.0944234463992744,2.0954792270337044,2.100572053826256,2.0903110366191355,7.05322265625,1.8083665503009123,-13.789075459996747,2.0969625828203537,2.0939349162506353,1.9285586002241601,1.915117050451854
21.71,0.01127677241719816,2.1961100503411806,7.041465138036523,2.094948949917895,2.094325818519566,2.0952014810931536,2.098870925848656,2.0903388631141504,7.05322265625,2.3871128518399893,-13.600332786124083,2.0962898673683936,2.084626247400958,1.9639763298732407,2.2888038445093
21.72,0.012465919836166002,2.30899959350649,7.0356281131038205,2.094911947999507,2.094233199966906,2.094944177276081,2.0973711971085103,2.0904157354869226,7.05322265625,2.409550738366867,-13.281153805506689,2.0956867331225544,2.0807353695351645,2.0134497126359148,2.3062500601589417
21.73,0.012465919836166163,2.3089995935065053,7.037866798880477,2.094675817757758,2.0934871283619163,2.0927743064970583,2.089865386668873,2.090521015372509,7.00927734375,1.371238191613745,-12.828110139360234,2.092163032649254,2.043813899007,1.8569034373803026,1.4718256790614428
21.740000000000002,0.011276772417197982,2.1961100503411632,7.047026897658406,2.09454431723927,2.0931042836420515,2.0917557734576864,2.0866630881895945,2.0906445286622204,7.03125,2.335963416434984,-12.232760689169252,2.090589728708567,2.047901728515823,2.027893267273013,2.4628525984861485
21.75,0.009352691475673285,2.0000000000000098,7.059868367647485,2.0945154509142183,2.0930693051979308,2.09179819992788,2.0871594218671383,2.0907981619418337,7.05322265625,2.673431189147505,-11.482061655829163,2.0907455000427424,2.0722619369352673,2.197301197879158,2.627374493832621
21.76,0.007428610534148553,1.7824423263574611,7.071569788787868,2.094587227244436,2.0933669939027584,2.0928134299275443,2.0907785901609746,2.0910056568875244,7.0751953125,2.559540713487922,-10.557051149507181,2.092413813148176,2.1042585804135157,2.2978517340980975,2.4772155280168184
21.77,0.006239463115180278,1.6335607969055879,7.077406562073336,2.094657707704763,2.093653179459916,2.093749853909251,2.093885243041755,2.0912896980745206,7.0751953125,1.9408087049039338,-9.425984997815322,2.0938939387463127,2.119421439406237,2.2525932841025984,1.9485829019314531
21.78,0.006239463115180323,1.6335607969055939,7.075167935630812,2.0947269024368675,2.0939280631690638,2.0946106299965996,2.0965184351863133,2.0916630456516985,7.0751953125,1.7058838111308636,-8.027221790018517,2.0951932069603543,2.1249712770747755,2.1789058225480504,1.8094588671645093
21.79,0.007428610534148073,1.7824423263574036,7.066008116907941,2.0946948713135116,2.093862723521137,2.0944330916440284,2.09562761456524,2.092125342387862,7.05322265625,1.413749076511589,-6.217440513326131,2.094828639619542,2.107631221792932,2.0231996298959323,1.4924551003215927
21.8,0.009352691475673434,2.0000000000000258,7.053166768657872,2.094763495329564,2.0941303917330507,2.0952359912829013,2.0979489765661747,2.0926668303385245,7.0751953125,2.3576533973824865,-3.4639094382322084,2.0959945389070285,2.1155094103940844,2.0946355177252194,2.3353662210309802
21.81,0.011276772417197501,2.1961100503411166,7.04146513803652,2.094730896608719,2.094057950763815,2.095003303889518,2.096780765867355,2.0932661948479483,7.05322265625,1.9714858571386673,3.873547421892195,2.0955082567105277,2.100021564288902,2.001741277977129,1.860855674094256
21.82,0.012465919836166212,2.3089995935065093,7.035628113103814,2.0945990473987237,2.0936603083209846,2.0938213224429894,2.0926700849581685,2.093886603891368,7.03125,1.6834126394880031,6.465211793206542,2.0935766455836546,2.073934998206058,1.9109482265806559,1.7344101330705914
21.830000000000002,0.012465919836166186,2.308999593506507,7.037866798880468,2.0943698864408957,2.092951889369658,2.0917713687666653,2.0861054029027732,2.0944873750162567,7.00927734375,1.7643508596800748,8.236034333006252,2.0903921623576953,2.0444809543115037,1.8634651884946205,1.8390910215186123
21.84,0.011276772417198037,2.1961100503411686,7.047026897658396,2.0942452781084415,2.0926054524591464,2.0908668813673827,2.0837463767732802,2.095039006251833,7.03125,2.5880915270460516,9.621722062691548,2.089129355154223,2.0523388111577567,2.057531434725741,2.576928361988628
21.85,0.009352691475673356,2.0000000000000173,7.059868367647474,2.0941232473771674,2.0922762602375164,2.090049347605969,2.0818826786391,2.0955271611918356,7.03125,2.4259648476185465,10.749600832654117,2.0880683611683155,2.060148569736335,2.133703009003574,2.3474691713496467
21.86,0.00742861053414861,1.782442326357468,7.071569788787857,2.094103748655324,2.092293276976103,2.0902830671528876,2.0835816854098783,2.09594858422804,7.05322265625,2.441782816616651,11.67686518787286,2.0886891913941916,2.0852109115256847,2.24452549407314,2.4480788587650224
21.87,0.006239463115180298,1.6335607969055905,7.077406562073325,2.094084808346463,2.0923119214732604,2.0905116214634103,2.0851607180002167,2.0963062248311877,7.05322265625,2.013643760352281,12.43437650835973,2.0892782813367603,2.0986159404903617,2.2254711142079278,2.056297316981106
21.88,0.006239463115180073,1.633560796905561,7.075167935630801,2.094066416179447,2.092332066311958,2.0907344381828015,2.086615383475547,2.096602435318366,7.05322265625,1.8386567705303976,13.039766005130167,2.089830363075684,2.105047816430889,2.1768695097793667,1.9231174487364429
21.89,0.007428610534148617,1.782442326357469,7.066008116907928,2.0941485437933274,2.092682968845903,2.0919193480228997,2.091059491815186,2.096838917846983,7.0751953125,2.2870826233273474,13.502971583322985,2.0918383862793677,2.1250014863509525,2.220638914473915,2.2907692419342442
21.900000000000002,0.009352691475673363,2.000000000000018,7.053166768657858,2.0941292514862813,2.0926910118279434,2.092045355993556,2.0917369511590493,2.0970089699867467,7.05322265625,1.717135260173752,13.830639191684023,2.0921117370127207,2.1147666960591427,2.08139518045,1.6497976850142453
21.91,0.011276772417198046,2.1961100503411695,7.041465138036506,2.0940105129734565,2.0923711554834346,2.0911997276754812,2.089227956055405,2.097094705603287,7.03125,1.5119564474458886,14.028729782855654,2.0908603359857647,2.0901139735956287,1.9454795911056546,1.5571572367240645
21.92,0.012465919836166189,2.3089995935065075,7.035628113103803,2.093894262710389,2.092067366411225,2.090434007981453,2.0871663996058456,2.097080319604014,7.03125,2.120490825698487,14.100911688715161,2.0897781754190605,2.078003188347233,1.965309567095841,2.1224720024349404
21.93,0.012465919836166206,2.3089995935065093,7.037866798880456,2.0937804714916455,2.091779206256164,2.089744213512876,2.085508145719709,2.096961357489507,7.03125,2.3392676952703155,14.047248516625862,2.088855064591196,2.073261337201723,2.01859149225775,2.2701573047286963
21.94,0.011276772417198096,2.1961100503411743,7.047026897658386,2.0937691103171203,2.091835767891602,2.0900957736455217,2.0873170747043712,2.096748135098144,7.05322265625,2.583102975355994,13.866775167946253,2.0895770974092938,2.090495139604741,2.1557020354555574,2.5257109076059625
21.95,0.009352691475673426,2.000000000000025,7.059868367647465,2.09375818782837,2.091892374136933,2.0904315973127585,2.0889258300502167,2.0964621484990382,7.05322265625,2.1830516381062623,13.558792433768055,2.090237183494897,2.0992605479891626,2.166701685549344,2.1594876284332893
21.96,0.007428610534148667,1.782442326357475,7.071569788787849,2.0937476938397475,2.0919489255617694,2.0907515737659303,2.0903437397647946,2.096130884571533,7.05322265625,1.9138114797394576,13.12016440322138,2.090835205128043,2.103081317396602,2.1460552309837837,1.9879819910690655
21.97,0.006239463115180322,1.6335607969055936,7.0774065620733175,2.093937608492285,2.0926642052831834,2.092992383560412,2.0977607952147412,2.095789737319531,7.09716796875,2.594168893702702,12.543335310313928,2.094362067379493,2.1392090021453325,2.2978232249375723,2.595704127871141
21.98,0.00623946311518028,1.633560796905588,7.075167935630794,2.0941239811377095,2.0933495440139676,2.095047528578383,2.1039572529412784,2.0954690666364897,7.09716796875,2.1475795691679553,11.816884309128435,2.0974325037543844,2.153033800525157,2.2459128095981584,2.020697229763599
21.990000000000002,0.00742861053414856,1.782442326357462,7.0660081169079225,2.0941068874774666,2.093347109731336,2.094992343280958,2.1029053399220317,2.0951761446297037,7.05322265625,0.5913241917500414,10.924766304973547,2.097095106390463,2.119674300162217,1.9701040797459137,0.668529100118294
22.0,0.009352691475673294,2.0000000000000107,7.053166768657855,2.0939902774388752,2.0930163516491676,2.093969889749413,2.098805246572409,2.0949042139540763,7.03125,1.3412460637080723,9.840594274198404,2.09526625442725,2.0822935356606256,1.8280722788383825,1.4801526791973547
22.01,0.011276772417197989,2.1961100503411637,7.041465138036505,2.094076066429728,2.0933598509435813,2.094965079486132,2.1014324270729046,2.0946532247347407,7.0751953125,2.885852464488559,8.514730840399597,2.096627639367445,2.099730393852513,2.084519721128271,2.817806881841951
22.02,0.012465919836166165,2.3089995935065053,7.035628113103803,2.0940603354335727,2.0933598366610013,2.094906036971997,2.1004634295934275,2.0944247809254812,7.05322265625,2.2719872850193794,6.839201079389251,2.096302001132652,2.0898354510806834,2.04363771459389,2.0945985177395396
22.03,0.012465919836166227,2.308999593506511,7.037866798880459,2.0940450483637147,2.0933606260956177,2.094847391281923,2.0995503051541906,2.094213748514966,7.05322265625,2.0301810569777174,4.488445555987984,2.0959931330854635,2.08500972566225,2.0567496343505467,2.0791125569715763
22.04,0.011276772417198152,2.1961100503411797,7.047026897658388,2.0940301970308086,2.0933621669538014,2.09478934963502,2.0986973439436643,2.0940148778013175,7.05322265625,2.0327124673424435,-2.618303731046369,2.0957040697368416,2.0832060477596497,2.076732508608945,2.1007476774387466
22.05,0.009352691475673497,2.0000000000000324,7.059868367647469,2.0938157898917686,2.092705806774036,2.092798339591978,2.0917154269945013,2.093822880361935,7.00927734375,1.075998606553891,-5.803332694571349,2.092448567218681,2.0470626290505454,1.8973828239814308,1.2813809346718201
22.06,0.007428610534148723,1.7824423263574816,7.071569788787854,2.093805718569169,2.0927381725579526,2.0929093982385547,2.0920229223052527,2.093647825764105,7.05322265625,2.6404813633548048,-7.7308290106141575,2.0925966156531444,2.0691825551175245,2.1365647206648606,2.693615046387866
22.07,0.0062394631151803425,1.6335607969055963,7.077406562073325,2.0938960140838776,2.0930997656180246,2.093980847605987,2.0953968291798786,2.0935207662663506,7.0751953125,2.726427003401631,-9.197019483187324,2.094236505767774,2.1001457029460475,2.2676275213622277,2.616263270356987
22.080000000000002,0.006239463115180259,1.6335607969055854,7.075167935630802,2.094084688234846,2.093775629983713,2.09592773951082,2.1013065448680264,2.093475219265582,7.09716796875,2.3992508758541446,-10.375453124097396,2.097165423407165,2.1325067525735992,2.3222222956287015,2.365387975075573
22.09,0.007428610534148503,1.7824423263574551,7.066008116907931,2.0942697870878666,2.0944219914750057,2.0977035052671766,2.106196512344552,2.09353149739799,7.09716796875,1.7249397348528523,-11.337564817893357,2.0997030906522878,2.1452385810040826,2.242013444669575,1.8281557405980742
22.1,0.009352691475673223,2.000000000000003,7.053166768657865,2.094351375021968,2.094710534598757,2.098352055532823,2.107098161411332,2.0936841580131023,7.0751953125,1.0461552060168744,-12.120483558379798,2.100386904563365,2.129687852433493,2.053858960773265,1.2883759860463635
22.11,0.011276772417197932,2.1961100503411584,7.041465138036516,2.0942314891763734,2.094327746149051,2.097000459151047,2.10152583441724,2.0939028680233776,7.03125,0.6395925955293803,-12.745278849520671,2.0979515395261332,2.0831548482326228,1.7956981858541783,0.9038181292866289
22.12,0.012465919836166144,2.3089995935065035,7.035628113103814,2.094114016198313,2.093961398385109,2.0957485251711017,2.096694561357885,2.0941501294972356,7.03125,2.196034173833213,-13.22367434247529,2.095783316102604,2.060268045419488,1.8431629879781901,2.173504945240584
22.13,0.012465919836166251,2.3089995935065133,7.037866798880471,2.0939989301539295,2.0936111345352115,2.0945927875008405,2.0925639565218113,2.0943959126171605,7.03125,2.5801141690845855,-13.563077866706388,2.093873223266749,2.051560698841815,1.9579424106999466,2.4443889283718994
22.14,0.011276772417198211,2.1961100503411854,7.047026897658401,2.093786209539146,2.092947344960791,2.0925622989911252,2.0859759863511784,2.0946194009485364,7.00927734375,2.1303252883669743,-13.769802050351085,2.0907125266512696,2.0326610345775307,1.9599538494166628,2.062844517598956
22.150000000000002,0.009352691475672824,1.9999999999999607,7.059868367647481,2.0936777804051006,2.092642841126736,2.0916714652933774,2.0836162900734396,2.09481929680009,7.03125,2.478725830264293,-13.848067934267567,2.0894732394145255,2.047048539436807,2.138312915450654,2.529708487588084
22.16,0.007428610534148781,1.7824423263574887,7.071569788787865,2.0937716453461235,2.0930116094724713,2.092798042052047,2.0879818430274586,2.095019873457031,7.0751953125,2.811090173880366,-13.798366481217283,2.0914280620873598,2.094581238588224,2.3587628231678948,2.7928632752069085
22.17,0.006239463115180134,1.633560796905569,7.0774065620733335,2.093963829181445,2.0936943420576735,2.094801302994303,2.094847570386929,2.0952542131854917,7.09716796875,2.378636529109751,-13.61942504661045,2.094662860797491,2.1358079599921362,2.4055128194328823,2.3536650929819705
22.18,0.006239463115180237,1.6335607969055823,7.07516793563081,2.0940523901918504,2.0940182235044005,2.0956674509992688,2.097536728466117,2.095542457501973,7.0751953125,1.0402961194602234,-13.310195955462929,2.0959987004489364,2.1354930196165594,2.210063777610508,1.2206861318916438
22.19,0.0074286105341484455,1.7824423263574485,7.066008116907939,2.0941393240493245,2.094327869763315,2.0964550563089737,2.0997642528250844,2.0958875026281114,7.0751953125,1.44501993513132,-12.867457082022698,2.097149996805763,2.1319308974338447,2.095635437306651,1.6264101035526946
22.2,0.009352691475673153,1.9999999999999958,7.053166768657872,2.094224644187194,2.0946236046244797,2.09716795478242,2.1015742543869034,2.0962783957106406,7.0751953125,2.000010833320984,-12.283242291465378,2.0981302830231314,2.126923052899172,2.0374492399476214,1.9592802097568172
22.21,0.011276772417197874,2.1961100503411526,7.041465138036521,2.0942083894564125,2.0945767736772085,2.0968446037011192,2.0999295007561094,2.096686617809762,7.05322265625,1.846218495241859,-11.544897737180209,2.097462826752119,2.103932957475883,1.9209195266398733,1.735604247100358
22.22,0.012465919836166125,2.3089995935065013,7.035628113103818,2.0940925383092073,2.0942023992914316,2.0955717583933398,2.0953771921969873,2.097069169739701,7.03125,1.8007711214420457,-10.634083926817175,2.0953568019293525,2.07358163229677,1.8435809589745098,1.7777915280465162
22.23,0.012465919836166274,2.308999593506515,7.037866798880473,2.093979026122524,2.093844162988607,2.0943981621832504,2.0915033619466548,2.0973806968086826,7.03125,2.2540974024110842,-9.520389797555511,2.0935011390867744,2.0600200741178694,1.9249510807370258,2.247683857584982
22.240000000000002,0.011276772417197664,2.196110050341132,7.0470268976584025,2.093667831264635,2.0928432604306195,2.0913846075260367,2.082050194192112,2.0975813625409048,6.9873046875,1.6313451467476288,-8.145614554144494,2.0888907247707187,2.019660661243598,1.8213377511558762,1.6175563848354644
22.25,0.009352691475673637,2.0000000000000475,7.059868367647482,2.09366285052352,2.0928749007107617,2.0915329627428303,2.0835111161982818,2.0976548201494523,7.05322265625,3.0398915071914656,-6.3764319712225035,2.0893872586037827,2.0610234084753944,2.222023474185708,3.043304785615325
22.26,0.007428610534148235,1.7824423263574232,7.0715697887878655,2.0936581305484268,2.0929062517657555,2.091677963415906,2.08488799912633,2.0976085115623024,7.05322265625,2.477898274179431,-3.748393555541563,2.0898698003370195,2.084746062166596,2.285305480551289,2.3693578501081265
22.27,0.006239463115180386,1.633560796905602,7.0774065620733335,2.093653664398636,2.0929372803118427,2.0918193055138197,2.0861756765160027,2.09745455639978,7.05322265625,1.810517205772314,3.59797964333103,2.090330650313193,2.09773767047737,2.253874108191182,1.9064405243785842
22.28,0.006239463115180216,1.6335607969055796,7.07516793563081,2.093749446559907,2.0932971920120127,2.0929243911855426,2.09047870342096,2.0972112800624547,7.0751953125,2.0758392369727443,6.306907293953968,2.0922603438589356,2.12181923580727,2.2858657786249457,2.1845207111417717
22.29,0.007428610534148389,1.7824423263574416,7.0660081169079385,2.0938434975368505,2.093641938018967,2.093941060241045,2.0941594064386133,2.0968974327269567,7.0751953125,1.9451159597969654,8.11725871663604,2.0939616599293873,2.1315971671306237,2.218783332400904,1.9394217178212698
22.3,0.009352691475673082,1.9999999999999882,7.05316676865787,2.0939358308834937,2.0939718400223115,2.0948730159604465,2.097264419056914,2.0965242910187416,7.0751953125,1.9285028938428543,9.526423208168975,2.095445933277845,2.13337500989824,2.1419471706146482,1.914924153155566
22.31,0.011276772417197817,2.1961100503411473,7.041465138036518,2.0939264724496884,2.093958138643173,2.094757655262954,2.0967519427045844,2.0960939889803423,7.05322265625,1.5652542053588034,10.671466668242465,2.0952343110889826,2.1133577314234837,1.9906965867498203,1.596954490030833
22.32,0.0124659198361661,2.3089995935064995,7.035628113103813,2.0939173952831,2.0939450125593995,2.09464897821229,2.0962825463031183,2.095604850212501,7.05322265625,2.0164899693064067,11.612691435471637,2.0950314695317194,2.101570744314903,1.9775308745378348,2.053745489394324
22.330000000000002,0.012465919836166064,2.308999593506496,7.037866798880467,2.0939085938441675,2.093932447920662,2.0945468336080237,2.0958550925657513,2.095058805052094,7.05322265625,2.239812065247829,12.382368201679803,2.0948404526712245,2.0949669251640777,2.005752121397786,2.2049757279509428
22.34,0.011276772417198325,2.1961100503411966,7.047026897658396,2.093800068642396,2.093591285520819,2.0934842304264003,2.092378115815352,2.094462589763002,7.03125,1.8613238285504299,12.998877235547441,2.0931691692553915,2.0736781278684484,1.9415898977342125,1.8519390744749848
22.35,0.009352691475672964,1.9999999999999756,7.059868367647474,2.093793768975435,2.0935945240099465,2.093478264810463,2.0925442673683152,2.093836894222489,7.05322265625,2.4249313150032816,13.472615306221455,2.093203320446259,2.082666039503782,2.0840226784859923,2.453792110976522
22.36,0.007428610534148896,1.7824423263575022,7.071569788787857,2.0939876931814023,2.094256181518045,2.0954076568641278,2.0988725904800383,2.0932209988376465,7.09716796875,2.8282247786260757,13.810428763892823,2.0962271712089198,2.123448445371818,2.296875840797776,2.7821860715781983
22.37,0.0062394631151801785,1.6335607969055748,7.0774065620733255,2.094077919306696,2.094559371855819,2.096204816480105,2.101077146836203,2.092654247784725,7.0751953125,1.7126081435198062,14.018257941198668,2.097364862885662,2.123533803681427,2.1775069287435085,1.6832752508074789
22.38,0.006239463115180192,1.6335607969055768,7.075167935630801,2.0941664432454568,2.0948486370373574,2.0969276541212407,2.1028514177896835,2.0921668187451323,7.0751953125,1.5499996864031642,14.100037424387926,2.098331190905849,2.121007453495518,2.1103718416396084,1.7366296581673415
22.39,0.007428610534148332,1.7824423263574347,7.066008116907929,2.094453219921921,2.0957820827850733,2.0995092901843546,2.110385685635602,2.0917851771834286,7.119140625000001,2.567701140841813,14.056110779411098,2.102119251721802,2.1522604773971894,2.2551410191170165,2.551661013803469
22.400000000000002,0.009352691475673757,2.0000000000000604,7.053166768657859,2.0945344449341574,2.0960150264002193,2.09992736064306,2.110406191420122,2.091514709540387,7.0751953125,1.3653442558377358,13.885338623103939,2.1023941206687815,2.12789524745227,2.0256067290774165,1.1740886778448458
22.41,0.011276772417197762,2.196110050341142,7.041465138036507,2.0945140954453576,2.095906974974736,2.099325494479773,2.1071246722505688,2.09133282432749,7.05322265625,1.3127244291735236,13.587116849270537,2.1010779714766126,2.0947197909003883,1.8807523821912624,1.4168906253939568
22.42,0.012465919836166309,2.3089995935065186,7.035628113103803,2.0943941517007785,2.0954729240966885,2.097789433998467,2.1010646896522385,2.091207049556076,7.03125,1.8070841286708768,13.15860848243921,2.098380455093934,2.0596707151773517,1.8193136696068128,1.8152538053785807
22.43,0.012465919836166316,2.308999593506519,7.037866798880457,2.094276535859059,2.0950563681023664,2.096366774122899,2.095836556830955,2.0911083704056397,7.03125,2.4144155517164956,12.592549192190202,2.095987919895431,2.044835600303836,1.924445541067089,2.347561734549533
22.44,0.011276772417197779,2.1961100503411433,7.0470268976583865,2.094161225159009,2.0946569774757444,2.0950537214855753,2.0913973147783214,2.091019858729136,7.03125,2.481716921958144,11.877838429112831,2.0938878046807337,2.0417485070598835,2.0376100970164326,2.4000954356320476
22.45,0.00935269147567378,2.0000000000000626,7.059868367647466,2.094148178062256,2.094603477930339,2.0948137655420456,2.0908089088433903,2.090939563582118,7.05322265625,2.602092521609499,10.999029685332218,2.0935585564222823,2.063183809994448,2.205147354843586,2.574431144941728
22.46,0.007428610534148349,1.7824423263574367,7.0715697887878495,2.094135428619269,2.09455180900552,2.0945921043067623,2.090364684812438,2.0908767708188907,7.05322265625,2.1480192394448876,9.930810055471387,2.093291055038717,2.0768688402986446,2.226973331668992,2.1682801202761786
22.47,0.006239463115180429,1.6335607969056076,7.077406562073318,2.094222950591639,2.094830981670939,2.0953551644207487,2.0931481679445936,2.0908465343790623,7.0751953125,2.230654450333195,8.625985510859238,2.0945711881785534,2.103281664845641,2.2894953798196305,2.301836688764957
22.48,0.006239463115180171,1.6335607969055739,7.075167935630795,2.0943087917994703,2.0950971949300263,2.09605117280669,2.0955155072441647,2.09086333177163,7.0751953125,1.9453687922421867,6.983618385742238,2.0957002849534034,2.1158448222059296,2.238742765599682,1.9727315348443857
22.490000000000002,0.007428610534148877,1.7824423263575,7.066008116907924,2.094292998671507,2.095021823669503,2.0957171289904015,2.094420865461308,2.090932281551118,7.05322265625,1.422862529438448,4.710851545397338,2.095191973599905,2.102835573717063,2.078106844704886,1.4950532187465408
22.5,0.009352691475672942,1.9999999999999731,7.0531667686578565,2.0943774972034563,2.095277841587735,2.096372517768289,2.0965821778074973,2.091053872820412,7.0751953125,2.286940131709461,-2.1909772517981496,2.096236653212995,2.1134390276965664,2.1309325465823785,2.3046757891877676
22.51,0.011276772417198306,2.1961100503411948,7.041465138036507,2.0943603774185746,2.0951926047921465,2.096000652383092,2.095310323667458,2.0912230459630696,7.05322265625,1.9051369941553966,-5.626359410612151,2.0956492492014775,2.099563982752983,2.0241766106852848,1.827930545945169
22.52,0.012465919836166057,2.308999593506495,7.035628113103804,2.0942436198776275,2.0947811066894615,2.0946878946344767,2.0911467076310912,2.0914267455419644,7.03125,1.6581200977877464,-7.603916426323495,2.093633810709012,2.0744055342453445,1.9222058656930125,1.7172221688709135
22.53,0.012465919836166107,2.3089995935065,7.037866798880461,2.094229130696774,2.094716004615069,2.0944497187139777,2.090748923675017,2.0916574578468077,7.05322265625,2.4594186126555835,-9.096968009860504,2.0933713658770197,2.0815254671860313,2.062626641308488,2.480324065573084
22.54,0.011276772417198438,2.1961100503412077,7.04702689765839,2.0942149489019943,2.0946532408379106,2.0942316371091447,2.0904643456167293,2.0919151876812974,7.05322265625,2.348321348468759,-10.294237633983311,2.093155943357084,2.0862454778510764,2.1071860905393485,2.2872138489821805
22.55,0.009352691475673105,1.9999999999999907,7.0598683676474705,2.09420107078153,2.0945927843869607,2.0940327933074023,2.0902792144702027,2.0922010074577018,7.05322265625,2.112758814059922,-11.271324816352191,2.0929821577481063,2.0893408289378383,2.1169729239924604,2.126503658046591
22.56,0.007428610534149008,1.782442326357516,7.071569788787856,2.09418749259952,2.0945346021555005,2.093852317325412,2.0901805327784113,2.0925171154670714,7.05322265625,2.015021367446877,-12.067037823753793,2.0928449952744623,2.091339102209075,2.114821550458819,2.0712101793542343
22.57,0.006239463115180222,1.6335607969055805,7.077406562073326,2.0942741855403413,2.0948076920165737,2.0946558536389297,2.0932486483022745,2.0928669198183787,7.0751953125,2.387394358864678,-12.703309954313262,2.0942341760814074,2.1103158104090523,2.199211543669136,2.382838450687378
22.580000000000002,0.006239463115180149,1.633560796905571,7.075167935630804,2.0941592543702043,2.0944102004795986,2.0934593691014913,2.089678592437659,2.0932475305807583,7.03125,1.233656250604099,-13.192565019019112,2.0924657370191486,2.082921469796594,1.9917328142635202,1.2394479758090495
22.59,0.007428610534148217,1.782442326357421,7.066008116907934,2.0942465495441644,2.0946880157006884,2.0942991637392154,2.0929122673453735,2.0936548137027526,7.0751953125,2.532440538235367,-13.542258412032435,2.093919372937618,2.105753952820543,2.171090239120371,2.5868978890863668
22.6,0.009352691475673615,2.0000000000000453,7.053166768657867,2.094232187590222,2.0946241987431384,2.094103659130785,2.0925760969246303,2.0940842064086445,7.05322265625,1.9988074725044396,-13.758830091953046,2.0937036423308055,2.0984067887073685,2.0860740397364097,1.899454691757177
22.61,0.011276772417197647,2.196110050341131,7.041465138036519,2.0942181268072253,2.0945628086042176,2.093925935103948,2.0923175516951984,2.0945215495045653,7.05322265625,1.977786032567926,-13.84677605669733,2.09351840789254,2.094373346622658,2.069770722121855,2.0066236985807437
22.62,0.012465919836166265,2.3089995935065146,7.035628113103817,2.094104385466643,2.0941747290550414,2.0927982459784142,2.0890255891081826,2.0949486462065408,7.03125,1.663969598802176,-13.806915511751498,2.0918667403406817,2.0744786024634467,1.9788546835196732,1.7215805796935382
22.63,0.01246591983616636,2.3089995935065235,7.037866798880473,2.0939928989009746,2.093803649235759,2.091769687444939,2.086303675980542,2.0953498155037353,7.03125,2.076516647147507,-13.637943775637334,2.0904370695971015,2.0661852763144637,2.0064170326067785,2.1116410296470556
22.64,0.011276772417197893,2.1961100503411544,7.0470268976584025,2.093983632549105,2.093778381610708,2.0918035845227534,2.087211456258454,2.0957209787462148,7.05322265625,2.5583227523413106,-13.338738486786008,2.0907118441237684,2.0824138899115954,2.144561936564057,2.5151465592673907
22.650000000000002,0.009352691475673174,1.999999999999998,7.059868367647483,2.0940745971491803,2.0940838270935256,2.0928117331025504,2.0911807445453214,2.0960651877513765,7.0751953125,2.550773038104895,-12.906389897320055,2.0924775036350423,2.109195446749316,2.2486416601518475,2.485695637634073
22.66,0.007428610534148465,1.7824423263574507,7.071569788787868,2.0939638687013415,2.093717789666759,2.0918071857352762,2.088365427604583,2.0963785619235877,7.03125,1.0333224796972287,-12.33341821274837,2.091046142255517,2.0857468118192655,2.0332098624168604,1.1130686553517086
22.67,0.006239463115180244,1.6335607969055834,7.077406562073337,2.0940553349058013,2.094026576726084,2.0928304226822805,2.0922744536833537,2.0966554761240848,7.0751953125,2.3970873415302565,-11.607347639148635,2.0928031498737103,2.110226426531747,2.1907550119574464,2.503313667515272
22.68,0.006239463115180127,1.633560796905568,7.075167935630814,2.0940450838906712,2.0939929187688278,2.0928068379528,2.0925000073512834,2.096889490447849,7.05322265625,1.906118882496578,-10.710502703760524,2.0928552450461364,2.1033102893396998,2.090304816819707,1.825940053197932
22.69,0.007428610534148763,1.7824423263574865,7.066008116907943,2.0940350830665624,2.093960973449118,2.0927907871230773,2.0927117712365835,2.0970642497236835,7.05322265625,1.9709934815042784,-9.613782353867133,2.092905316945249,2.099032272132883,2.0638117367641016,1.9807661041803828
22.7,0.0093526914756728,1.999999999999958,7.053166768657874,2.093925341873278,2.093601529596501,2.0918138668746122,2.0898054390277285,2.0971592658536107,7.03125,1.7081888052062002,-8.26202899243864,2.091458294908907,2.078614589195861,1.9683048717092604,1.7195091054682918
22.71,0.011276772417198192,2.1961100503411837,7.041465138036523,2.093917796318888,2.0935875859756234,2.0918946337703996,2.090502051843285,2.0971567172782675,7.05322265625,2.4303329751207667,-6.531353158158212,2.0917016385718137,2.0875700819735883,2.090118654090291,2.4233940201176383
22.72,0.012465919836166014,2.308999593506491,7.03562811310382,2.093810477278195,2.0932456504632464,2.0910090516940416,2.0880325231050825,2.097043102078109,7.03125,1.962054030344649,-4.012704981278437,2.090434766390152,2.0746804259631446,2.0247548066296837,1.8938713334086827
22.73,0.01246591983616615,2.308999593506504,7.037866798880475,2.093705334493783,2.0929195646043746,2.0902081018398104,2.086015039600924,2.096810091222843,7.03125,2.0504361877954502,3.2990710633105946,2.0893486363406946,2.0698484575474025,2.04191369921146,2.0897326466878634
22.740000000000002,0.01127677241719795,2.19611005034116,7.047026897658404,2.0937023464668694,2.092938263977901,2.0904565223426856,2.087514323870159,2.096464691534033,7.05322265625,2.472764683175495,6.143916025657286,2.0899277577696984,2.087383996072873,2.161893725394405,2.4597001887626324
22.75,0.009352691475673245,2.0000000000000058,7.059868367647483,2.0936995248346957,2.0929573530582686,2.0906975366080465,2.0888636029934697,2.0960258282096387,7.05322265625,2.194806672725177,7.995900822294111,2.0904640286531224,2.0965909963815887,2.165188757473617,2.141446461514049
22.76,0.007428610534148522,1.7824423263574574,7.071569788787866,2.0936968650720353,2.092976777642213,2.0909307013821232,2.0900674709984006,2.09551930829374,7.05322265625,1.9709431924351715,9.429227456108439,2.0909557355242043,2.100881318150022,2.1412600823464856,1.9963223901857121
22.77,0.006239463115180265,1.6335607969055863,7.077406562073334,2.093794360648738,2.093325751141733,2.092124082936156,2.094232029301613,2.0949799536722504,7.0751953125,2.315811354149166,10.591851696573473,2.092897911221351,2.119991566976221,2.2068984252148534,2.3230848181152948
22.78,0.006239463115180106,1.6335607969055652,7.075167935630811,2.0939900264453746,2.0939893406956784,2.0941920703983743,2.10083096106263,2.0944466039371923,7.09716796875,2.443339078036181,11.54736134106879,2.0960909533970415,2.1446031855828167,2.260165059222991,2.3574265157817367
22.79,0.007428610534148103,1.7824423263574072,7.0660081169079385,2.094181909370065,2.0946238161123225,2.0960857717136188,2.1063059436293607,2.093947260163305,7.09716796875,2.004808619403689,12.329435553707215,2.0988572669121437,2.1523121522496527,2.195490530799686,1.9467233125946335
22.8,0.009352691475673474,2.00000000000003,7.053166768657869,2.0942700758336303,2.0949008755277783,2.0968472691318563,2.1076904350265218,2.093487502940578,7.0751953125,1.3629712124691409,12.957273197556928,2.099737528903225,2.1333942593311446,2.026604782036152,1.436547961652203
22.81,0.011276772417197533,2.1961100503411197,7.041465138036516,2.094256542003937,2.094836026340437,2.0965690064998967,2.1055942187897503,2.093052076313305,7.05322265625,1.459840474519405,13.441662952627128,2.0989609088855907,2.1022946934624827,1.8909182884663864,1.5565862207096701
22.82,0.012465919836166222,2.3089995935065106,7.035628113103812,2.094043308331968,2.0941151771514095,2.094371171273299,2.097458773815068,2.0926156447594506,7.00927734375,1.398563149566924,13.789518402941495,2.0952485857451677,2.0493525510133974,1.7141595810604469,1.3954551553675503
22.830000000000002,0.012465919836166173,2.308999593506506,7.037866798880464,2.0939342340471763,2.0937548480309256,2.0933200341270366,2.0936146813039045,2.0921637130083988,7.03125,2.666994389731915,14.007026632539016,2.0934724056166503,2.044293295969155,1.942610408590412,2.6171540111429423
22.84,0.011276772417198006,2.1961100503411655,7.047026897658393,2.0939273260727167,2.093739790992913,2.093325700664942,2.0934755962436893,2.091704436289552,7.05322265625,2.8930523912137405,14.098347225681481,2.093418424557582,2.0641038339677795,2.1647459966407467,2.7667614620249017
22.85,0.009352691475673316,2.0000000000000133,7.0598683676474705,2.093920608296966,2.0937257619883995,2.0933331953424377,2.093362214457973,2.091258976656484,7.05322265625,2.288650732032045,14.063968742378247,2.0933820015395574,2.0765397983940614,2.2131562858023623,2.268449805246012
22.86,0.007428610534148578,1.7824423263574642,7.071569788787853,2.0940140649324266,2.0940418798954608,2.0943093776278694,2.0963703746126905,2.0908566941999376,7.0751953125,2.1939350691229573,13.902888615887584,2.0948536319693307,2.1020660766852717,2.289151807040538,2.312067463052862
22.87,0.006239463115180287,1.633560796905589,7.077406562073321,2.0942057126072733,2.0946732410602764,2.0961689891386217,2.1019589891072763,2.090529532165548,7.09716796875,2.210799445819237,13.614501301825767,2.0976310948739356,2.1315948684329795,2.3293077484023916,2.276161657208271
22.88,0.006239463115180084,1.6335607969055623,7.075167935630797,2.094293640482612,2.0949472866865038,2.096899645154778,2.103492093099673,2.0902962109669865,7.0751953125,1.4005540970652373,13.196202154009042,2.0985441249251013,2.1255730338886822,2.158227557254574,1.446537694356184
22.89,0.0074286105341486485,1.7824423263574727,7.066008116907925,2.094379835189029,2.095208496945021,2.0975590400997626,2.1046658661102526,2.0901574772591793,7.0751953125,1.75744914985429,12.641067401324605,2.099306479281408,2.119829532180331,2.0778557313615313,1.814854867343606
22.900000000000002,0.009352691475673403,2.0000000000000226,7.053166768657855,2.094364348331679,2.095128262148445,2.097185761320838,2.102445322806617,2.090099424622076,7.05322265625,1.7283196485759136,11.938226448911669,2.0984421777322386,2.0970346155487727,1.9506821164951995,1.6785777643071516
22.91,0.011276772417198077,2.1961100503411726,7.041465138036503,2.0942491619904278,2.094721578239023,2.0958663713867827,2.0973695272309105,2.090097280652345,7.03125,1.8237170656062394,11.072645596744609,2.0961595256173844,2.067366146292389,1.8651028389388504,1.7815513584393279
22.92,0.012465919836166201,2.3089995935065084,7.035628113103798,2.0941362062622217,2.0943320628815636,2.0946492787636846,2.0930241245061114,2.0901284316370785,7.03125,2.3026460004967566,10.020141671572375,2.094145930595538,2.054748578114302,1.9377370234668578,2.264250286280081
22.93,0.012465919836166194,2.308999593506508,7.037866798880453,2.0941254417491817,2.0942884748259916,2.0944975119597395,2.0924569677673244,2.0901809620121643,7.05322265625,2.679527649786563,8.735893561989604,2.0938831558995994,2.0700037088771386,2.1208853744552103,2.6174297124853942
22.94,0.011276772417198065,2.1961100503411712,7.047026897658382,2.0941149031273127,2.094246675936731,2.094357046746233,2.092002190995648,2.090248603881906,7.05322265625,2.286320588801229,7.1253253655066064,2.093665366625894,2.0797955361158658,2.165482988468437,2.2452438928360805
22.95,0.009352691475673388,2.000000000000021,7.059868367647461,2.0941045877430375,2.0942066319153247,2.094227506109352,2.091649034437409,2.090323725828739,7.05322265625,1.9561283207085782,4.923893494642284,2.093487068986195,2.08602094621195,2.1632464615184928,2.031038356683992
22.96,0.007428610534148636,1.7824423263574711,7.071569788787845,2.0939945092241654,2.093839174076594,2.0931414776019013,2.088291745347826,2.090396703664046,7.03125,1.4751636351985047,-1.6546040943672393,2.091848282398057,2.0720186646069827,2.055852980701332,1.6147291918334392
22.97,0.006239463115180309,1.6335607969055919,7.077406562073313,2.093986598616457,2.093817249669047,2.093116187508682,2.088624885812712,2.090462800514324,7.05322265625,2.3210695580811525,-5.442809690370572,2.091931133269905,2.084905464693103,2.1477356763913016,2.3560680826966416
22.98,0.006239463115180062,1.6335607969055597,7.07516793563079,2.093978883216434,2.0937966293669406,2.0930967750722984,2.0889825527046693,2.090523923437785,7.05322265625,2.274717146984197,-7.473944353966701,2.092027353598184,2.0921357969679137,2.151681496683147,2.194305600609152
22.990000000000002,0.007428610534148591,1.7824423263574658,7.066008116907919,2.0939713600201775,2.093777272094375,2.0930828008781033,2.089356331042111,2.0905818541784784,7.05322265625,2.101539183270522,-8.994865080412692,2.092131969462678,2.0959169184112105,2.1343834710155143,2.0856372462461885
23.0,0.009352691475673332,2.000000000000015,7.053166768657851,2.094064011180368,2.094088280989315,2.0940407861705945,2.092834314999965,2.0906379316376404,7.0751953125,2.370794475867295,-10.211325275664402,2.09373577311227,2.1153135907791603,2.206069406049541,2.376827569633723
23.01,0.01127677241719802,2.196110050341167,7.041465138036502,2.093954911366927,2.0937274595936137,2.092985817175701,2.089606709461638,2.0906849852388296,7.03125,1.1713809309198484,-11.203628622592268,2.0921549029118163,2.0877454811840668,1.9908868931064414,1.2261595346637006
23.02,0.012465919836166179,2.3089995935065066,7.035628113103799,2.09384797601868,2.0933827849138233,2.092021994311753,2.086931052989037,2.090711749908408,7.03125,1.857633918971838,-12.012314769163302,2.090781407659777,2.074370958752317,1.979908144082979,1.9727348752004175
23.03,0.012465919836166217,2.30899959350651,7.037866798880456,2.093743182775516,2.0930538846343816,2.091145222874574,2.084757263884712,2.090718202828715,7.03125,2.283833432869016,-12.660317830720109,2.089602710139727,2.0693289527795304,2.0219073235304097,2.2405209041571537
23.04,0.01127677241719812,2.196110050341177,7.047026897658386,2.09384050550183,2.0933989388072414,2.092287413273428,2.0892529248521314,2.0907184294474592,7.0751953125,2.899097763850766,-13.160457284186647,2.091598170840551,2.1045806158355362,2.2426023587542634,2.7995931532288694
23.05,0.009352691475673457,2.0000000000000284,7.059868367647466,2.0938359998502376,2.0934003463385507,2.092373460831439,2.0900148275379244,2.0907288352236937,7.05322265625,1.9228210297585842,-13.520618212796633,2.0918691482122362,2.1033943558671706,2.145598400865339,1.8170072980152514
23.06,0.007428610534148692,1.7824423263574778,7.071569788787853,2.0938316449871874,2.093402384412977,2.092458368663624,2.090712370572274,2.090759558385034,7.05322265625,1.7161737359422116,-13.747173652274258,2.0921186678315826,2.101958718452529,2.1030059969468287,1.8424654405305971
23.07,0.006239463115180331,1.6335607969055947,7.077406562073323,2.0938274377267088,2.093405012223784,2.0925418338258748,2.091345136166604,2.09082078933546,7.05322265625,1.9318721000145989,-13.84488141065972,2.092346628756199,2.1005207289964773,2.0864273755424634,1.9772475138279235
23.080000000000002,0.00623946311518027,1.6335607969055868,7.075167935630803,2.093823374915435,2.0934081901936334,2.0926235853741284,2.0919138010262763,2.090922522128734,7.05322265625,2.1005024873300218,-13.814807928999967,2.0925534180692456,2.0992061624921834,2.0820344654177436,2.0565080377664438
23.09,0.007428610534148534,1.782442326357459,7.066008116907933,2.093919445636054,2.093741081349634,2.093670680951914,2.09551675135653,2.0910742391818724,7.0751953125,2.473994193407736,-13.655686976383716,2.0942341235994886,2.1157368428049024,2.1733163954227024,2.396777329807867
23.1,0.009352691475673263,2.0000000000000075,7.053166768657867,2.0940136834076175,2.0940596737174753,2.0946315058084775,2.098538492013827,2.0912768459592894,7.0751953125,2.181546796403749,-13.366460328666328,2.0956976987844227,2.122054647556119,2.1582217621830138,2.09177319828814
23.11,0.011276772417197963,2.1961100503411615,7.041465138036518,2.0940061220682495,2.0940351766353817,2.0945433450381956,2.097944877993923,2.091511705920423,7.05322265625,1.5470673724138162,-12.944523065086623,2.0954658686790104,2.1051572161802508,2.031901782665102,1.5857141075318217
23.12,0.012465919836166158,2.3089995935065044,7.035628113103817,2.0937987513939134,2.0933534024621774,2.0925260072069793,2.09120065360438,2.0917427690189077,7.00927734375,0.9272202571695296,-12.382726629422372,2.0922550818828443,2.059841439075167,1.8215528235251495,1.113273913814961
23.13,0.012465919836166238,2.308999593506512,7.037866798880473,2.0936954674950528,2.0930312474057593,2.0916474713635314,2.088610262748822,2.0919353685477877,7.03125,2.4835978374578302,-11.66898050738864,2.090942755507988,2.0580081700056034,1.9898350842151051,2.490501121334264
23.14,0.01127677241719818,2.1961100503411823,7.0470268976584025,2.0934942654900324,2.0923947653629287,2.0898809531392346,2.0833717786892914,2.0920655828031354,7.00927734375,2.2524820251845483,-10.78612212561242,2.0883187044297795,2.042124118627516,1.9850847826862263,2.128570847135034
23.150000000000002,0.009352691475672784,1.9999999999999563,7.059868367647483,2.0933971009987284,2.0921169982637653,2.089243238795027,2.0821719658613826,2.092122810707214,7.03125,2.563133421926536,-9.70625126822619,2.087560745204562,2.0570434342867916,2.1439756353528066,2.544022082134471
23.16,0.00742861053414875,1.782442326357485,7.071569788787868,2.093301960976653,2.0918531859829015,2.0886746436597416,2.081302534257703,2.092114071802951,7.03125,2.2517876676300723,-8.377107135866414,2.0869481274942894,2.0679253260908745,2.180854237507788,2.2328017168224457
23.17,0.006239463115180122,1.6335607969055674,7.077406562073337,2.093308843571118,2.091932442927564,2.089140989276806,2.0838464172308613,2.092060115009875,7.05322265625,2.329467158375056,-6.683309510094049,2.0879636610963086,2.093689425004367,2.261527415284978,2.36449533838719
23.18,0.006239463115180018,1.633560796905554,7.075167935630815,2.0934157566553773,2.0923396211004808,2.0905542540341364,2.0892421020146825,2.091991090874425,7.0751953125,2.324562716606885,-4.2617638977185655,2.090392811548782,2.1242181155588993,2.309887302047723,2.3321678579280354
23.19,0.007428610534148477,1.782442326357452,7.066008116907944,2.0935207070045627,2.0927304438344074,2.0918607391286113,2.0938495264320895,2.0919329909354767,7.0751953125,1.885918271366313,2.968477513225062,2.0925378848246416,2.136800516032687,2.234001246808242,1.9032213098810609
23.2,0.009352691475673192,2.0,7.053166768657876,2.0936237109224023,2.093105224902926,2.0930644253769977,2.0977268382088523,2.091898238764956,7.0751953125,1.7687004829056705,5.97548182926083,2.094412954339009,2.139358655996916,2.1436828480573817,1.8273057138310103
23.21,0.011276772417197907,2.196110050341156,7.041465138036527,2.093624783167542,2.0931350192780753,2.0932016969268563,2.0978414211490257,2.0918817889112957,7.05322265625,1.4752147689824309,7.871783670286118,2.094541961179057,2.1190566687219743,1.981014482623996,1.5239781368825156
23.22,0.012465919836166134,2.308999593506502,7.035628113103823,2.0935259078695037,2.092834890920666,2.0923607325221023,2.0947806365310178,2.091863845172546,7.03125,1.6210134238532568,9.330135395132265,2.0931400845205492,2.0886543062592158,1.8609973855332675,1.6525985715843519
23.23,0.012465919836166262,2.308999593506514,7.037866798880479,2.0933290354457146,2.0922194179112963,2.0906247254909274,2.0890680710606198,2.0918217511891006,7.00927734375,1.900918328603866,10.510589027102547,2.0904078088599616,2.0554805388513158,1.8085110256713415,1.8737740682139794
23.240000000000002,0.011276772417197633,2.1961100503411295,7.047026897658409,2.0932361387493206,2.0919617658085556,2.090011299666576,2.0873839136447914,2.0917451951103727,7.03125,2.6703931795906124,11.480442266357969,2.0895267359635628,2.060045202520701,2.0157965727975036,2.615596916731305
23.25,0.0093526914756736,2.0000000000000435,7.059868367647487,2.093145196278372,2.091717138785592,2.089460965839907,2.0860308827487044,2.0916403271425894,7.03125,2.4544120492674857,12.274899709096953,2.08878343735814,2.065146035804883,2.1054047468945183,2.3755644305026107
23.26,0.007428610534148204,1.7824423263574194,7.071569788787871,2.093056184917104,2.091485179198376,2.0889703036982086,2.0849746590540015,2.091525917702721,7.03125,2.1144612259778928,12.914040956550847,2.08816619295165,2.0701035413041993,2.140301870910214,2.1570144776746383
23.27,0.006239463115180375,1.6335607969056005,7.07740656207334,2.0932691676261093,2.0922540696882033,2.0914432266315126,2.093477374700373,2.0914366317245254,7.09716796875,2.881811486291756,13.40922927175168,2.0921538419485057,2.1277083391458618,2.40127095450233,2.9063787528485197
23.28,0.006239463115180226,1.633560796905581,7.075167935630816,2.093278081445785,2.0923317067948273,2.0917793261175786,2.0944689277345123,2.091404296248471,7.05322265625,1.1966767806652179,13.767393968665296,2.0926591673186845,2.11806431662277,2.1719856414433982,1.1553023387774863
23.29,0.0074286105341478175,1.782442326357373,7.066008116907944,2.0933869700162777,2.092736633468214,2.09306059355689,2.0983738291673064,2.0914473801952176,7.0751953125,1.8497932990524995,13.994776959563369,2.0945903725677444,2.1285730646562806,2.16712577788529,2.003732302732377
23.3,0.00935269147567312,1.9999999999999925,7.053166768657875,2.0934938388462174,2.093124649313851,2.0942353013972745,2.1016023312842593,2.0915758468792247,7.0751953125,2.018762697138342,14.095751109921334,2.0962611796297206,2.13066354289111,2.117300211407815,1.9913580963308508
23.31,0.011276772417197848,2.1961100503411504,7.041465138036523,2.0934986967718716,2.0931668345180925,2.0943414410296315,2.1011400494619306,2.09178015715466,7.05322265625,1.6500079150529465,14.071055949612305,2.096198527882793,2.1107704321356993,1.9805401038448194,1.6308167762986185
23.32,0.012465919836166114,2.3089995935065004,7.035628113103819,2.0933035114624357,2.0925489298779936,2.092500189686878,2.094461971984143,2.092033661024219,7.00927734375,0.9936178837710261,13.91962714771468,2.0931241165576226,2.063306938774142,1.7706007589499668,1.201899524201838
23.330000000000002,0.012465919836166054,2.308999593506495,7.037866798880472,2.093212255640128,2.0922883793852254,2.0917810152348917,2.091870111024475,2.0923118205472324,7.03125,2.4622751379145074,13.64094880068726,2.0919175975262876,2.059852149288388,1.9550099329851285,2.5157529324923193
23.34,0.011276772417198294,2.1961100503411934,7.047026897658401,2.093122906839406,2.092040463208318,2.09112631427281,2.0896863452417778,2.092601667426288,7.03125,2.5385331121071344,13.232720654013674,2.0908705898157196,2.0609660000063554,2.059287105208518,2.443022673438255
23.35,0.009352691475672924,1.9999999999999714,7.0598683676474785,2.0930354427786164,2.0918048513234058,2.0905330280417607,2.087877631341333,2.092896556225806,7.03125,2.2733559154795997,12.688333884639041,2.0899727947309508,2.064322291673189,2.114867560023441,2.259604795089227
23.36,0.007428610534148864,1.7824423263574984,7.071569788787861,2.0930498757920777,2.0919107216889508,2.0909664365273617,2.08951415921512,2.0931978913457976,7.05322265625,2.3920801134491856,11.997250945342355,2.0907097511897517,2.0864504424086694,2.226014522878285,2.4408748811008185
23.37,0.0062394631151801655,1.6335607969055732,7.07740656207333,2.0930641840106152,2.092013509981472,2.09137142302315,2.090941983758049,2.093509662488333,7.05322265625,2.048674339172186,11.144843321156776,2.091375798930453,2.0980170527716018,2.2118236251170966,2.082006899562416
23.38,0.006239463115179975,1.6335607969055481,7.075167935630806,2.0930783644599558,2.092113225543899,2.0917488021514337,2.0921750697526336,2.093830814273764,7.05322265625,1.8893463342998378,10.10790218040481,2.091971530763691,2.1033649150488944,2.1690991174223315,1.9500064921629927
23.39,0.007428610534148363,1.7824423263574385,7.066008116907934,2.0930924143201293,2.092209881651333,2.0920994254689558,2.093227575173901,2.0941538259481804,7.05322265625,1.953932349603829,8.843791472889386,2.092499087016707,2.105159587543571,2.129455500928877,1.9791366964372152
23.400000000000002,0.009352691475673794,2.0000000000000644,7.053166768657864,2.0931063309262443,2.092303495464551,2.0924241803060664,2.094113762837229,2.094462939519446,7.05322265625,2.059257803223068,7.2638105209287795,2.0929616989246687,2.105026763144216,2.102431899439165,2.0320454630453395
23.41,0.011276772417197791,2.1961100503411446,7.041465138036512,2.093020080161698,2.092064658807439,2.0917565202375004,2.09175405216623,2.094731954571459,7.03125,1.699703728190704,5.127768420416101,2.0918683591224605,2.086174553765864,1.993565144777612,1.697007454195412
23.42,0.01246591983616632,2.3089995935065195,7.035628113103807,2.0928356152049936,2.091508026528436,2.0901802126390283,2.0866665188865436,2.094929125698338,7.00927734375,1.6320005301974445,-0.8205127075436542,2.0894180023888027,2.059298454580925,1.9079568695393614,1.7230379707184567
23.43,0.012465919836166305,2.308999593506518,7.0378667988804615,2.092855003440361,2.091636573295791,2.0906807404777665,2.0886382148984075,2.0950319245926607,7.05322265625,2.7761061622285945,-5.252271066008493,2.090289948771853,2.0847309981275064,2.1560988600342577,2.7760681148141755
23.44,0.011276772417197748,2.1961100503411406,7.047026897658391,2.0926740972675804,2.091102039597073,2.089210781170915,2.0841514954682663,2.0950227678737847,7.00927734375,1.7054066654127062,-7.341155166769406,2.088080977104892,2.062248131993681,2.0074292555607522,1.589602584638456
23.45,0.00935269147567374,2.0000000000000586,7.05986836764747,2.0925969634671673,2.0909225797940145,2.088844218866002,2.0835672988867024,2.094889416949175,7.03125,2.2400033424125025,-8.89100785282325,2.0876781956559065,2.0716723146999136,2.115061343786377,2.3222599158555437
23.46,0.007428610534148319,1.7824423263574332,7.071569788787853,2.092621602942093,2.09108288561561,2.0894914042880073,2.0863034312419804,2.0946357824262845,7.05322265625,2.511745756384221,-10.127153334281315,2.0888635329572116,2.0960363476262764,2.227803672652848,2.487143523650117
23.47,0.006239463115180418,1.6335607969056063,7.077406562073322,2.0926459715127805,2.091238263829583,2.0900966048958294,2.0887011360021046,2.0942700363192035,7.05322265625,2.1152925761503,-11.1348005588658,2.089930166040939,2.107809284270996,2.2064289554819463,2.08285834522847
23.48,0.006239463115180182,1.6335607969055754,7.075167935630799,2.092570012743068,2.09105915124518,2.0896921759262503,2.0876694385021803,2.0937974409064064,7.03125,1.4388277390396642,-11.956538998750199,2.0893838890326237,2.0946581052225937,2.0661400281023155,1.527460768588939
23.490000000000002,0.007428610534148306,1.7824423263574316,7.066008116907927,2.092595800252388,2.091219537777448,2.0903009525962313,2.0899694048379156,2.0932276063215567,7.05322265625,2.244081364189727,-12.616232343666466,2.0904203569322597,2.105617139341327,2.1325554487559217,2.2943271671362857
23.5,0.00935269147567298,1.9999999999999774,7.053166768657859,2.0926212886412823,2.0913747573512222,2.0908674889674415,2.0919449816701796,2.0925765424195957,7.05322265625,2.2276580579252,-13.12738797048234,2.091338649604994,2.109921080282634,2.1246975510752204,2.157624064432713
23.51,0.011276772417198338,2.196110050341198,7.041465138036509,2.092746525416386,2.091854378640702,2.0923612292637075,2.0967177479627037,2.0918601532809005,7.0751953125,2.4254843309650758,-13.497985368909921,2.093639322392828,2.1281161454457984,2.19480115894023,2.3855451110118344
23.52,0.01246591983616607,2.3089995935064964,7.035628113103806,2.0925693360238644,2.0913255726237225,2.0908270620096903,2.091405683951556,2.091086714127563,7.00927734375,-0.3013061092597823,-13.734611443955279,2.0911528868029468,2.081067707613946,1.8761022739785291,0.2558210189995968
23.53,0.012465919836166095,2.3089995935064986,7.037866798880463,2.0926959546627137,2.0918102132986065,2.0923309647893777,2.0962114565385512,2.0902694213745847,7.0751953125,2.75722044806448,-13.84205428425523,2.0934603639957667,2.1116522494222347,2.172283757799688,2.839809084793368
23.54,0.011276772417198407,2.1961100503412045,7.047026897658393,2.0926201721094286,2.091615741745344,2.0917744934397082,2.0940376507756344,2.089429709678074,7.03125,1.813831422494213,-13.821819847611959,2.0924802671237033,2.089722281224382,2.0171140414096653,1.6525735322644115
23.55,0.009352691475673067,1.9999999999999867,7.059868367647473,2.092546045702761,2.0914311056560435,2.091266654776441,2.092172576955226,2.088589860831639,7.03125,1.933826741248092,-13.672673284886192,2.0916143237975193,2.078874393042905,2.015981709305308,1.9935081234186107
23.56,0.007428610534148979,1.7824423263575122,7.0715697887878575,2.0926736665290027,2.0919151056325083,2.0927411127096276,2.096780195054271,2.087789755081164,7.0751953125,2.747060795396606,-13.393455163410595,2.093848561097972,2.1101502345507788,2.2301366326190144,2.731602267019036
23.57,0.00623946311518021,1.6335607969055788,7.077406562073327,2.092899002320145,2.0927081970389096,2.0950578913537994,2.103695903330498,2.0870761317539617,7.09716796875,2.543825149451404,-12.981801254260757,2.0972837716900266,2.1415086563975994,2.308878109152829,2.4627155022697615
23.580000000000002,0.006239463115180161,1.6335607969055725,7.075167935630806,2.092919974867763,2.092807923670698,2.095239222071231,2.1032377128235282,2.0864791637220663,7.05322265625,0.6357426569452603,-12.431011246208797,2.097265960374705,2.117877097254373,2.0568350809484373,0.8163056255132152
23.59,0.007428610534148249,1.7824423263574247,7.066008116907935,2.0929406523188607,2.0929033820776897,2.095395583892385,2.102707951325185,2.08601442312268,7.05322265625,1.523248645438199,-11.729375873239746,2.0972062245539194,2.1036263624094294,1.9969225333054215,1.7379299485987336
23.6,0.009352691475673653,2.0000000000000493,7.053166768657869,2.0930610696218745,2.0933239356018767,2.0964945095782066,2.1052137751505224,2.0856957476128697,7.0751953125,2.4809243677981168,-10.860129480246716,2.098605632820964,2.1130910609732476,2.1005141152841085,2.4350001572358173
23.61,0.011276772417197678,2.196110050341134,7.0414651380365205,2.0930791874278745,2.0933963826648343,2.0965221184953133,2.1040782096097073,2.085526313295319,7.05322265625,2.0141966866174634,-9.796674364385018,2.0982937815456904,2.098318728027526,2.0150388418083716,1.8775028156613032
23.62,0.012465919836166277,2.3089995935065155,7.035628113103818,2.093097029829697,2.09346517830476,2.0965332780495163,2.1029653950999174,2.0854948438890317,7.05322265625,2.056019512018163,-8.489376110209976,2.09797713853359,2.0904027192996875,2.0211866030077426,2.0719373270195782
23.63,0.012465919836166349,2.308999593506522,7.037866798880474,2.092914527557096,2.0928719102363402,2.0945967707697326,2.0956754909814594,2.0855802301072366,7.00927734375,1.2456710451998285,-6.83068359782093,2.0946776441933377,2.050671283838932,1.8495476007787746,1.355093813565032
23.64,0.011276772417197862,2.1961100503411517,7.047026897658403,2.0928357173489536,2.0926338630556782,2.0937797297434053,2.092576815660193,2.0857641013986297,7.03125,2.4016334418593246,-4.496002312014102,2.0932687632641422,2.0525622166614705,2.017539724124892,2.4591104277741485
23.650000000000002,0.009352691475673136,1.999999999999994,7.059868367647484,2.0927585589823763,2.0924064835671428,2.0930263007451697,2.089963828708237,2.0860399574756516,7.03125,2.442862954497576,2.596500388626357,2.0920415478578276,2.0572181652433814,2.0984862713750374,2.365189447803969
23.66,0.0074286105341484325,1.7824423263574467,7.071569788787869,2.0926830329993824,2.0921895237434875,2.092334079007398,2.0877976413005603,2.0864071014474113,7.03125,2.2151254805313276,5.801741068170582,2.090983764920254,2.0629118772681196,2.1332151426704415,2.2071758271154174
23.67,0.006239463115180232,1.6335607969055819,7.077406562073338,2.092609119807562,2.091982733080101,2.0917005853828656,2.0860373076257215,2.086871641296039,7.03125,2.055724796234527,7.745035769644958,2.0900822439027773,2.0686335606732444,2.1416302179784017,2.116478221238281
23.68,0.006239463115180139,1.6335607969055697,7.075167935630815,2.092736904872002,2.092444677563303,2.0930591270120744,2.090844614722329,2.087447772699905,7.0751953125,2.6778977261954844,9.229367848353293,2.0923159246708742,2.109429315349677,2.3106344488693273,2.671764759926669
23.69,0.007428610534148191,1.7824423263574178,7.066008116907944,2.0927622773439265,2.092557421171167,2.09333597668764,2.0918377756992155,2.0881444110541003,7.05322265625,1.7871379416093836,10.428198727383286,2.0927889282836203,2.1107320745735803,2.1793576082558173,1.698600905104785
23.7,0.009352691475672838,1.999999999999962,7.053166768657876,2.0927872767870994,2.0926655310358924,2.09358777232385,2.092694270918857,2.088954422139887,7.05322265625,1.7227850154407036,11.4127137475651,2.0932060801462686,2.110009012885592,2.108349501307089,1.801582589085912
23.71,0.011276772417198223,2.196110050341187,7.041465138036525,2.092711857112096,2.092439772287233,2.0928485793019833,2.0903371459058873,2.0898578459650428,7.03125,1.5379365129608928,12.2197451074914,2.092075013387243,2.090566903449626,1.978730205982633,1.5844130527553304
23.72,0.012465919836166026,2.3089995935064924,7.035628113103822,2.0925379763950773,2.0918948686037817,2.0912024106212295,2.085283304249372,2.090825645680414,7.00927734375,1.7010658661444744,12.870260519176291,2.08959331590704,2.0631140684360725,1.8853605918317387,1.7079730345760646
23.73,0.01246591983616614,2.308999593506503,7.037866798880478,2.0924676898873438,2.091704103056367,2.090665890535896,2.0841959357332756,2.091832846188593,7.03125,2.5727458543230015,13.376103094173262,2.0889418191221467,2.069998228042308,2.044455398209339,2.5274260619277973
23.740000000000002,0.01127677241719792,2.196110050341157,7.047026897658408,2.0923989389401827,2.091522773647258,2.0901813164668797,2.083388426279868,2.092860179169256,7.03125,2.4284060101423774,13.744495853766132,2.0884052167094356,2.0754551484063875,2.1025938719073234,2.332351436129857
23.75,0.009352691475673209,2.0000000000000018,7.0598683676474865,2.0923317039378104,2.0913506284216563,2.089746057954722,2.082828119230386,2.0938873421862065,7.03125,2.1304591102647135,13.98163412520152,2.0879716298863387,2.0796977215387566,2.120067601398662,2.1497246038863174
23.76,0.007428610534148491,1.7824423263574538,7.071569788787869,2.092165892758069,2.090857838354503,2.088388354517332,2.0793699877697356,2.094892672331723,7.00927734375,1.5877939706598716,14.092117847108039,2.08613057636287,2.064980773486823,2.0276971220650895,1.7079925782472576
23.77,0.006239463115180253,1.6335607969055845,7.077406562073338,2.0921035961090215,2.0907180228345315,2.088127599407099,2.079733317047557,2.0958605237554053,7.03125,2.324627509685971,14.077040035908782,2.0860665737241444,2.077965851314409,2.132727527703333,2.3821613262353174
23.78,0.006239463115180118,1.633560796905567,7.075167935630814,2.0920427363037337,2.0905862937036805,2.087904620685447,2.0802115503591954,2.0967835483518686,7.03125,2.2531885452865485,13.935357767525298,2.0860608386228545,2.0856285312006233,2.1445364614022644,2.1951354145365816
23.79,0.007428610534148134,1.782442326357411,7.066008116907942,2.092183450896135,2.0911216428332686,2.089656020381848,2.087031728789541,2.0976565648028247,7.0751953125,2.69857455391867,13.66651863817726,2.089099809106746,2.1252839635517486,2.3054743855350437,2.662838633888183
23.8,0.009352691475673514,2.000000000000034,7.053166768657873,2.092121472464725,2.0909758732040933,2.0893334997210333,2.086614310466482,2.0984617195254054,7.03125,1.1787342516434598,13.26838484529047,2.088785806680743,2.106861778558576,2.0763500547444913,1.1656317639421279
23.81,0.011276772417197562,2.1961100503411224,7.0414651380365205,2.091960827556729,2.0905084576455746,2.0880791338303952,2.083212173752974,2.0991639494477834,7.00927734375,1.0657543513437182,12.734721971141935,2.0870287754037125,2.0783810426999074,1.9206154636224628,1.3409707710986836
23.82,0.012465919836166234,2.3089995935065115,7.035628113103815,2.091703442659414,2.089733679515088,2.0859728388818333,2.077325032156094,2.0997314105364904,6.9873046875,1.7326906875939132,12.055215254608367,2.0840183945907276,2.0469782793120683,1.844288012144049,1.763019156196121
23.830000000000002,0.012465919836166161,2.308999593506505,7.037866798880469,2.091651532409954,2.0896550595482837,2.086005506466758,2.0787972602798503,2.100153627229437,7.03125,2.9521790227732607,11.215769844241034,2.0844374219807698,2.0712631760012816,2.123830800964345,2.86113531856369
23.84,0.011276772417197975,2.196110050341163,7.047026897658397,2.0916009194403022,2.089582695972382,2.0860580248467877,2.0802120231498016,2.1004402457896574,7.03125,2.5269315434527204,10.194053266011172,2.0848596279538287,2.0850416028622023,2.179440004476936,2.382254766326682
23.85,0.009352691475673278,2.0000000000000093,7.059868367647475,2.0915515832791756,2.0895163411150546,2.0861282536153154,2.0815572373089517,2.10060921606116,7.03125,1.9661222058680043,8.949513463962242,2.085277102253752,2.092429234323177,2.170006864891016,2.032957967641041
23.86,0.007428610534148547,1.7824423263574605,7.0715697887878575,2.09170370839632,2.0901154052241573,2.0881566324266925,2.0890561173862188,2.10068961231939,7.0751953125,2.4852408522421796,7.39890311375527,2.088681607534196,2.131210842217789,2.318555161989986,2.5657877469714747
23.87,0.006239463115180276,1.6335607969055876,7.077406562073326,2.091652930818347,2.0900308502899816,2.0880878508668337,2.089182135932058,2.100709858378974,7.03125,1.0233610433564846,5.323125940244202,2.0886786958701045,2.111877159802202,2.08340171281856,1.066499313109403
23.88,0.006239463115180095,1.6335607969055639,7.075167935630802,2.0918036045859565,2.0906117955163275,2.0899796469187377,2.095508772457404,2.1006970605949844,7.0751953125,2.369703769103716,1.1792887090205166,2.091676318873928,2.1353980599675015,2.2034533547433885,2.437718158122784
23.89,0.007428610534148078,1.782442326357404,7.06600811690793,2.091951566710643,2.0911688427286865,2.0917192961820286,2.1007700599502517,2.100678850030977,7.0751953125,2.216280815101603,-5.05413328523009,2.094284332404365,2.143101571702101,2.169391863267379,2.113557039447202
23.900000000000002,0.009352691475673443,2.0000000000000266,7.053166768657859,2.091996756310796,2.091372898488818,2.092344600853684,2.102003204912418,2.100667438003434,7.05322265625,1.5709151534333283,-7.205118998573824,2.095036622281097,2.1247270484894445,2.018498460640648,1.560312523043455
23.91,0.011276772417198109,2.1961100503411757,7.041465138036507,2.091941169747457,2.091239286506602,2.091947143209516,2.099828895041443,2.1006634983539154,7.03125,1.4954492515424411,-8.785007271585844,2.0941591721939745,2.094481498823614,1.8937679030468988,1.5894859402698274
23.92,0.012465919836166212,2.3089995935065093,7.035628113103804,2.0920870307828494,2.091771669597917,2.0935183295121838,2.10402291198489,2.1006695524511247,7.0751953125,2.7524550795164284,-10.041227805805466,2.0963443997555924,2.1140839903821176,2.123445506815839,2.7343379843038282
23.93,0.012465919836166182,2.3089995935065066,7.037866798880459,2.092130130296022,2.0919515916424993,2.093984204102246,2.1043269910258027,2.1006840980792068,7.05322265625,2.0918575055104496,-11.064508635587748,2.0967218729199817,2.103979961606894,2.0611813713959988,1.9665627108334889
23.94,0.011276772417198034,2.196110050341168,7.047026897658388,2.0919723823454914,2.091464842931019,2.092468705849186,2.0982500968441387,2.1006923355283273,7.00927734375,0.8923781851238999,-11.899482024394871,2.0940203002112114,2.0618627630080826,1.8624314422223947,1.1045801840703502
23.95,0.00935269147567335,2.000000000000017,7.059868367647467,2.0920180534915627,2.091659199435472,2.093011206514488,2.0991856587142204,2.100686753939942,7.05322265625,2.6089672067345036,-12.570985323880617,2.0946176670587056,2.079132932179957,2.110829451447225,2.6715105572279456
23.96,0.007428610534148605,1.7824423263574674,7.071569788787851,2.091962920062007,2.0915160255822913,2.092536939593038,2.096784529491442,2.1006709696481405,7.03125,2.1481058613422013,-13.093211445519927,2.093627564635697,2.070830969312668,2.0742295694392827,2.025314013959425
23.97,0.0062394631151802965,1.6335607969055903,7.077406562073319,2.09210920334303,2.0920387909057294,2.0940330010402795,2.100861284974589,2.1006545428883494,7.0751953125,2.699468630670933,-13.47432459479875,2.0957354208563035,2.104154252581566,2.264307429175983,2.66372453047813
23.98,0.0062394631151800745,1.6335607969055612,7.075167935630796,2.092252772739531,2.0925386744337895,2.0953957503604017,2.1041782265069493,2.1006482041550436,7.0751953125,2.1990897983797772,-13.72090638555009,2.097554730051369,2.119555111294652,2.2443487048272455,2.10009012593524
23.990000000000002,0.0074286105341486225,1.7824423263574696,7.066008116907925,2.0921935120399167,2.0923575008354796,2.094700807975591,2.1006580932128704,2.1006481865488755,7.03125,0.6099358316437086,-13.838190359447578,2.0961224967400565,2.0895416640320814,1.9934276210890671,0.7849547620637314
24.0,0.009352691475672626,1.9999999999999394,7.053166768657857,2.092235604297611,2.0925134565919246,2.095019101244909,2.1006481865488755,2.1006481865488755,7.05322265625,2.1497817672988466,-13.827735055236442,2.0963282544539865,2.0925076656030632,2.0619903536808444,2.2382091512997304
