time_s,force_true_n,wind_true_m_s,angle_true_deg,EKF_q0.03_wind_m_s,EKF_q0.1_wind_m_s,EKF_q0.3_wind_m_s,EKF_q1_wind_m_s,RTS_q1_wind_m_s,angle_sensor_deg,EKF_q300_wind_m_s,Fixed_p1_wind_m_s,Fixed_p2_wind_m_s,Fixed_p5_wind_m_s,Fixed_p10_wind_m_s,Fixed_p20_wind_m_s
0.0,0.009352691475673192,2.0,6.77389445159116,2.0,2.0,2.0,2.0,2.1088025187578525,6.767578125,2.0,2.0,2.0,2.0,2.0,2.0
0.01,0.011276772417197971,2.1961100503411624,6.7747118454886905,1.9994014900586095,1.9994014900586095,1.9994014900586095,1.9994014900586095,2.1080734100500194,6.767578125,1.9994014900586095,1.9999998837425212,1.9999991523383835,1.9999899133716588,1.9999477372637762,1.999811527428649
0.02,0.012465919836166184,2.308999593506507,6.779497149294425,-2.1818170973522046,-2.1818171018275754,-2.181817141171487,-2.1818175887083044,2.1040927943755205,6.7236328125,-2.224534809556086,1.9995019772896345,1.9963660919602084,1.9563259433248432,1.762057627770492,0.8789347528807111
0.03,0.012465919836166186,2.308999593506507,6.790217718016832,2.533231566937244,2.5332331599140256,2.5332471640083893,2.533406448296382,2.0952489079845233,6.767578125,4.778943820821318,1.999394078266506,1.9961380404824334,1.9732232799730833,2.00187657816045,2.624755192563703
0.04,0.011276772417197971,2.1961100503411624,6.806519567085375,2.3291945982636446,2.329194454920308,2.329193194649374,2.3291788452120814,2.0824948395338785,6.767578125,-3.0640616747268767,1.9993440480972537,1.996192188506309,1.9858430033687364,2.0708153461505847,2.396142086658292
0.05,0.009352691475673192,2.0,6.825122941052315,2.4243171046965895,2.4243196628904577,2.4243421503341915,2.4245976706907895,2.067632399316885,6.8115234375,3.821224476131639,1.9998578579015742,2.0000849084354053,2.037615619716867,2.283198662659425,2.733178606544326
0.06,0.007428610534148412,1.7824423263574443,6.840801772305261,2.3016429808533956,2.30163247954205,2.3015401783215577,2.3004925207775138,2.0527138351747958,6.8115234375,-2.5011573021609905,2.0005506035701743,2.0043446897126143,2.0692901736544274,2.26562536070555,1.9473697694424081
0.07,0.006239463115180199,1.6335607969055774,6.848442194819394,2.2024797222432624,2.2024429311902307,2.202119670912446,2.198464877053259,2.0393649961583167,6.8115234375,2.380485807402955,2.001352764450211,2.0085808222965076,2.086211419014202,2.17088295805439,1.4262717041251818
0.08,0.006239463115180198,1.6335607969055774,6.846509631904582,2.253903970003988,2.2539052940033617,2.2539170295814834,2.2540624491348056,2.0294411735434803,6.877441406250001,4.413924582981425,2.002888937183446,2.017764589674065,2.153430781299562,2.362805682250657,2.660672177065565
0.09,0.007428610534148411,1.782442326357444,6.83792219988659,2.1679496428115343,2.1678394342383016,2.166873007557478,2.156179117893529,2.0234187936799266,6.83349609375,-4.491603742263915,2.0038848328746237,2.0226345513828825,2.1482718977313078,2.0635774904344864,0.6473796253555565
0.1,0.00935269147567319,1.9999999999999998,6.826567612102885,2.140495530909249,2.1403316848726677,2.1388986475310685,2.123478656075734,2.0200925061897737,6.85546875,4.746630428893989,2.004637907457038,2.0272646350853782,2.1545167856959324,1.9894004528277243,1.7768581850790783
0.11,0.011276772417197971,2.1961100503411624,6.817654315575483,2.0800555745863303,2.0796517025469536,2.0761302221718805,2.0394207850843404,2.0176190894167165,6.8115234375,-3.4342284039739033,2.00414515289658,2.0257435168426796,2.1064090184283906,1.644359090645558,0.5816911699050443
0.12,0.012465919836166184,2.308999593506507,6.815697676386369,2.0673724770869533,2.0669227524110325,2.0630280570876827,2.0249833755043665,2.0142746866042547,6.83349609375,4.4258876675984755,2.0027680827822416,2.0227132347704417,2.084595979691168,1.7153530962451313,2.2611727522655416
0.13,0.012465919836166186,2.308999593506507,6.821150460298579,2.0484082971745523,2.0477984002971397,2.042555648457626,1.994324010285752,2.008812921351018,6.8115234375,-2.7050881004653666,2.0000026019615524,2.0149435140345218,2.0408411112688776,1.652545384735993,1.9789865917500915
0.14,0.011276772417197973,2.1961100503411624,6.8322906051967065,2.0487886540237925,2.0482164751164533,2.04333271036146,2.001295776669393,2.000432415187373,6.83349609375,3.7938475439831563,1.9964351725708271,2.0065018742787095,2.0277961489684264,1.857129702048731,2.495121780646933
0.15,0.009352691475673193,2.0,6.845665969770055,2.048504011651833,2.047952439557995,2.043289123368101,2.006645046701517,1.9893304619880645,6.83349609375,-1.4032347940033356,1.992331701690242,1.9967684115322628,2.016356269182727,1.9648175489369886,2.2087619197653168
0.16,0.0074286105341484126,1.7824423263574445,6.8560778757553145,2.0478339350960337,2.0472858970244836,2.042710927537666,2.010732637968265,1.9762731243532305,6.83349609375,2.164152348070698,1.9884596446450975,1.986814023778106,2.0073835690996367,2.022881137054555,1.9629426754178143
0.17,0.006239463115180199,1.6335607969055774,6.858858449067883,2.0531179732837574,2.0528278009707153,2.050494481769567,2.0410035629622625,1.9631016261926435,6.85546875,3.0780100349069826,1.9861161116196393,1.9797693701624979,2.022452378774567,2.1542983522947146,2.2818949641137447
0.18,0.006239463115180197,1.6335607969055772,6.853545098993311,2.056254671171759,2.0561666397156557,2.055566997384029,2.0607790598917095,1.952559693232622,6.85546875,-0.8157957676755612,1.9862777605825963,1.9752868704137598,2.031528872729855,2.1598593654765894,1.99167773749896
0.19,0.00742861053414841,1.782442326357444,6.842049791855212,2.06317449022973,2.0636276145046955,2.0674383909219176,2.1006956175948224,1.9474310530214993,6.877441406250001,3.0647631418221546,1.9902072360424132,1.976227302921222,2.057360465461217,2.2274682283016647,2.253277322457216
0.2,0.00935269147567319,1.9999999999999998,6.827837872449823,2.0629608066721246,2.0633790503910876,2.06681775942084,2.0923674576346265,1.9486370724301698,6.85546875,-2.371854403107726,1.9980007575417809,1.9796371241816155,2.0509452078405803,2.077962036473634,1.484391020822794
0.21,0.01127677241719797,2.196110050341162,6.816121394640774,2.053032088984717,2.052242908139378,2.0462812320254518,2.0180247984311332,1.9540853926130846,6.8115234375,1.2533827402290625,2.0090681062027906,1.9834606458677617,2.001807732534753,1.7634981415740365,-0.36945183166765916
0.22,0.012465919836166184,2.308999593506507,6.811779341744159,2.044761292733485,2.042825939149745,2.028702373866398,1.9706981708714093,1.9608981593902766,6.8115234375,3.69067384853817,2.022527134495999,1.990664999489958,1.9688877503598174,1.7258187384024597,1.9256122894517316
0.23,0.012465919836166186,2.308999593506507,6.81564426360732,2.0336581130279843,2.0299734906965012,2.0043315582053887,1.9142331475910654,1.966199706474412,6.78955078125,-1.6361776526127019,2.0358419572783086,1.998749218282411,1.9268129333021353,1.6698826081451859,2.055962508379691
0.24,0.011276772417197973,2.1961100503411624,6.825402378620247,2.020540547469794,2.0145612090206093,1.9750394843536965,1.8535692174686764,1.9676967223820538,6.767578125,2.227537079545535,2.0457270075304765,2.006534418441072,1.8803756513568624,1.649811445092733,2.01297099295021
0.25,0.009352691475673193,2.0,6.837449646733368,2.02125405621323,2.0157583827305263,1.9821936263303563,1.9220498351912936,1.9660664494967013,6.83349609375,4.630312345606368,2.049336037308824,2.020082936962762,1.9254923128807544,2.1448677713309108,3.1875384811946788
0.26,0.0074286105341484126,1.7824423263574445,6.846595388675019,2.0181459331450498,2.0122282254730726,1.9785750321646,1.939899600115894,1.9633029307127097,6.8115234375,-4.244019639684316,2.0421619757379936,2.0313867126369836,1.9387115616825827,2.1787901581518434,2.031352098984413
0.27,0.006239463115180199,1.6335607969055774,6.848359684880917,2.0189429384904476,2.0135838614012878,1.9861619786440363,1.9836531858658761,1.9609712090473035,6.83349609375,4.1306032584160555,2.0217195358806195,2.042112901817082,1.9740762339794322,2.2803784898346247,1.995038989132185
0.28,0.006239463115180197,1.6335607969055772,6.84238811101487,2.019525084011286,2.014664368402758,1.992670073693578,2.0084745012496943,1.960661678325647,6.83349609375,-1.3687316022056484,1.9867676605328852,2.048948625223262,1.99953404895577,2.256527568905931,1.659779373173541
0.29,0.00742861053414841,1.782442326357444,6.830332376974801,2.016853096704318,2.011441742855041,1.9884610834465992,1.9969719535765136,1.963163425433707,6.8115234375,-0.24217313122235706,1.938942357076552,2.048560529167161,1.9952936812772186,2.079390268827099,1.0906087383367378
0.3,0.00935269147567319,1.9999999999999998,6.815611232835468,2.017503942534811,2.0126682425750615,1.9951564588977888,2.01503990799055,1.9685367897084058,6.83349609375,3.723444469175613,1.8847504905547683,2.043347361818204,2.0145367510481167,2.103399203001713,2.1943483298912287
0.31,0.01127677241719797,2.196110050341162,6.803437663856865,2.0123719862923433,2.00586142552148,1.981493228933091,1.9748181479874718,1.9756293107804472,6.78955078125,-3.37716091023958,1.8346039075122924,2.0279569087410656,1.983770696865122,1.8418487161162218,1.2525754877507356
0.32,0.012465919836166184,2.308999593506507,6.798729380112975,2.0052950209544425,1.996179132294289,1.9611785206030012,1.9193434858337004,1.9817761269177308,6.767578125,3.3873561202608653,1.8044759861520914,2.004588946369426,1.942016921669003,1.6666353479234532,1.5439334055770688
0.33,0.012465919836166186,2.308999593506507,6.802388995479407,2.0018672020701196,1.9917169120155567,1.955319506542299,1.9133096678617263,1.9849945632774502,6.78955078125,3.4780738873957415,1.812580451787888,1.9787706181989437,1.9396197768819146,1.839900629243542,2.5975249639290183
0.34,0.011276772417197973,2.1961100503411624,6.812021680079538,1.9989602285811674,1.9879723820658244,1.9516085295839274,1.9155224714163057,1.9847353749046706,6.78955078125,-1.7101371891921762,1.8721289012012285,1.9519686709707194,1.941790584936144,1.9460679993326522,2.4806664303987116
0.35000000000000003,0.009352691475673183,1.9999999999999991,6.823998141094844,1.9964998565683723,1.9848622446493522,1.9497656889630062,1.9239304388318448,1.9812658853599698,6.78955078125,2.3027958341610812,1.9852642687826327,1.9280263786709344,1.9467691951857697,2.0103909582866435,2.1991284752654168
0.36,0.007428610534148413,1.7824423263574445,6.833125961335106,1.994423428183,1.982314967167579,1.949516492549865,1.9354363507657468,1.9757419429569076,6.78955078125,2.0067333853054263,2.1399006465923613,1.911253860149148,1.9532088903335645,2.041627014365842,1.9870962396182317
0.37,0.006239463115180199,1.6335607969055774,6.834919617739015,1.9971255506542944,1.9875794538917368,1.9708248402716557,2.0070656157120426,1.970465300066605,6.83349609375,3.852260790039995,2.312662139849853,1.9095421937163795,2.0036882417068407,2.2577956495325013,2.6320075652655146
0.38,0.006239463115180197,1.6335607969055772,6.8290131087245465,1.9995052902376798,1.9923008414055199,1.9882632180265682,2.0468502774156216,1.968024008914967,6.83349609375,-2.3673432374366485,2.4723773899859536,1.9221774693285891,2.036531273731227,2.251379594770759,2.0321786458176163
0.39,0.007428610534148408,1.7824423263574438,6.817068225460153,1.9995377870201636,1.9929392782904773,1.9923883803097708,2.0410911284866016,1.969494401546392,6.8115234375,1.1123035762070872,2.5847141956447475,1.9477049658844834,2.0351046561395076,2.0652925146146432,1.01659846166132
0.4,0.009352691475673188,1.9999999999999996,6.802507693761307,1.997595760890465,1.9900357223904672,1.986269897955549,2.0080115601821213,1.9741894247775926,6.78955078125,2.2274278817036626,2.613663430674927,1.9841119626172181,2.0109829940909396,1.849791106040218,0.9394473301249221
0.41000000000000003,0.011276772417197978,2.196110050341163,6.790543376724563,1.995925038142728,1.9876022183347084,1.9817933178145508,1.9855827329478593,1.9808919259423274,6.78955078125,2.78012378517017,2.5206644512367538,2.029113050376748,1.9943342619965763,1.804003787528339,1.9549929999437752
0.42,0.012465919836166184,2.308999593506507,6.786069077289046,1.9944924669776445,1.9855933625050872,1.9786642295014265,1.9714166481678612,1.9882162201676257,6.78955078125,1.7294258362892232,2.258785826472044,2.077205427936048,1.9837563384378898,1.831419588260786,2.305287803959806
0.43,0.012465919836166186,2.308999593506507,6.789926931135469,1.991450956918096,1.980462356874222,1.9672718298006473,1.9351284690297448,1.9941692655546848,6.767578125,-0.9159295567761772,1.7481929398464373,2.1202483957055667,1.9558851335442016,1.7592922316600448,1.916720687465711
0.44,0.011276772417197975,2.196110050341163,6.799775803717435,1.9888074061052385,1.9761098795718015,1.958710541984628,1.913433346285074,1.996793876795628,6.767578125,2.9692520138148906,0.6193052290658229,2.1531426994092113,1.9397167774710944,1.8165987039784741,2.1053822916570666
0.45,0.009352691475673195,2.0000000000000004,6.812009958390975,1.9882349975421532,1.9759606118295259,1.962145466518987,1.9353860719760558,1.9954943705130055,6.78955078125,2.747702779165035,-1.589890371347128,2.171326458759116,1.95462939211966,2.0185827469752917,2.48600613194569
0.46,0.007428610534148413,1.7824423263574445,6.821433559388669,1.9861096651073473,1.972547794567016,1.9561712367134974,1.9236159626274034,1.9904604336174831,6.767578125,-2.3532308432348703,-2.2550295629986827,2.1663201547367636,1.945102517414559,1.9781508589922105,1.7109093203923478
0.47000000000000003,0.006239463115180196,1.6335607969055772,6.82350591638624,1.9859028408260984,1.9732380949133088,1.9620005396336333,1.9530305529606156,1.9827483241697714,6.78955078125,3.869015144928233,-2.5598256844363525,2.137649209259254,1.9638507940618666,2.098270407466085,2.201633740755284
0.48,0.006239463115180197,1.6335607969055772,6.817827770915617,1.988948190264046,1.9810052204625415,1.9869735381619105,2.0327756877667738,1.9748568594768932,6.83349609375,2.5371934989422917,-2.484522423043391,2.0859695500330524,2.021358071138443,2.316912333123059,2.6919700750576516
0.49,0.007428610534148407,1.7824423263574438,6.806135229823895,1.9886285920448512,1.9811020562364403,1.9879527565086248,2.022513776816963,1.968860087874473,6.78955078125,-3.8099288032646847,-1.824594287926172,2.0061787010101377,2.015262929618252,2.089895143345392,0.834833203330972
0.5,0.009352691475673188,1.9999999999999996,6.791866188609434,1.9914056016088846,1.9882228879719002,2.008038078145515,2.068368488155082,1.9661828847022158,6.83349609375,5.114014472510366,1.511351688537161,1.9102751317628552,2.0527268843971274,2.195944607068735,2.2511855338703
0.51,0.011276772417197978,2.196110050341163,6.780230943197282,1.9909933503471617,1.9877620760298589,2.0051297449382908,2.0403566184361606,1.9671082462284284,6.78955078125,-4.212613337768023,3.2340471823912558,1.8010731116330556,2.032590020042077,1.9339242155618634,0.8733937441879771
0.52,0.012465919836166184,2.308999593506507,6.776086703177781,1.9906603269866057,1.987467067990732,2.002744716285545,2.0188591253781096,1.9698213711059334,6.78955078125,4.055409489952112,4.508715638330789,1.697000680709302,2.0173416227245697,1.8478393870450252,1.7369246590589797
0.53,0.012465919836166182,2.3089995935065066,6.780198852379863,1.9861641945818873,1.9771253911378868,1.9726664530424285,1.9178712753028466,1.9714617572966973,6.7236328125,-3.249124218984875,5.510049475821467,1.6122279736819858,1.9408206444475677,1.4393172479645746,-0.39171134437820515
0.54,0.011276772417197975,2.196110050341163,6.790303744722564,1.9849092784282651,1.9749366282056682,1.9675262609909963,1.9121720300455485,1.9699389911653835,6.767578125,5.339730869535883,6.211793521786286,1.5805934388666807,1.9368157656673037,1.7707149499972268,2.8029238010091833
0.55,0.009352691475673185,1.9999999999999991,6.802824381171048,1.9838214570218864,1.973191609240358,1.9639977092375251,1.9147727490539905,1.9657720877748202,6.767578125,-3.1145792950226685,6.550450011701512,1.6164563249842325,1.9381579800318849,1.9513904206263262,2.6925095525383473
0.56,0.007428610534148415,1.7824423263574447,6.81256207623692,1.9855523007740525,1.9786319414877775,1.9810645788890335,1.9846532468907863,1.9608062459964926,6.8115234375,3.7879736345597905,6.4359104628098445,1.7269251593043946,1.9867396848303858,2.2636871451047975,2.911993122830438
0.5700000000000001,0.006239463115180196,1.6335607969055772,6.814922383919221,1.9858627898241572,1.9802285130772403,1.9857372048743493,1.9981553984881342,1.9569590974612907,6.78955078125,-3.247984926561927,5.720300973485965,1.8913261696949788,1.99790472996191,2.210790244788658,1.554582801818721
0.58,0.006239463115180197,1.6335607969055772,6.809468328026435,1.9861900977112732,1.9817955306083368,1.989838517779358,2.006034378585881,1.9554455910822588,6.78955078125,3.335938912827846,4.0324174944653,2.0872476074096977,2.005369410339059,2.160126988009656,1.278864486964078
0.59,0.007428610534148398,1.7824423263574427,6.798012069116035,1.9865314461491597,1.9833239992132405,1.9933868035516942,2.0104808820331788,1.9572743486841941,6.78955078125,1.8353562449061378,-2.67648366726893,2.2883290557786613,2.0100035586326666,2.1099100348859,1.597546567060398
0.6,0.009352691475673186,1.9999999999999993,6.784007571813699,1.9868843841288626,1.98480665848929,1.996417619966873,2.0127764467429943,1.9629274583910903,6.78955078125,1.9440828662874314,-5.920192230565444,2.4699571879521325,2.0125591295582086,2.065771996414816,1.891049419061461
0.61,0.01127677241719796,2.196110050341161,6.77266369915542,1.9860166288284429,1.9828841375477018,1.9894873841292853,1.9861881741301326,1.9718298124951055,6.767578125,-1.176589229327054,-7.980703068772833,2.6086877323275135,1.9921012354773926,1.9196720073528175,1.5818449988023902
0.62,0.012465919836166184,2.308999593506507,6.7688034412745495,1.9852607878426731,1.9813104768059173,1.984081669590104,1.9680851292256094,1.982370483867453,6.767578125,2.952802659327598,-9.442971159445325,2.686383850639932,1.9788314916647096,1.8955641919388422,2.003052144796458
0.63,0.012465919836166182,2.3089995935065066,6.7731300604065785,1.9822074985693598,1.973340062160447,1.9608197774351894,1.8975876137158902,1.9921233693738922,6.7236328125,-2.4091706147789043,-10.39202952142885,2.683004440787016,1.9268828004983813,1.6641105098073201,1.2035421126373278
0.64,0.011276772417197975,2.196110050341163,6.7834484527830226,1.981816209247238,1.9731682202257823,1.9618701191171013,1.9156953561583303,1.9993345797444795,6.767578125,4.851976100166147,-10.82843293515481,2.587979251923479,1.9406560142526508,1.9484050805019477,2.7299259755347203
0.65,0.009352691475673185,1.9999999999999991,6.796204443181856,1.9803284080555792,1.9698398242987716,1.9537424321874364,1.9021962067220994,2.003635650167601,6.74560546875,-3.647235105933952,-10.707121450720344,2.38205934143166,1.9310640914815376,1.9394094990076858,2.0825842218492396
0.66,0.007428610534148416,1.7824423263574447,6.806197308721873,1.98016690738576,1.9704692415959717,1.9579374746329241,1.933375179088843,2.005374267320171,6.767578125,3.9494339154130205,-9.92805861059531,2.048949965159003,1.950750317313377,2.080673875368932,2.369057068746246
0.67,0.006239463115180196,1.6335607969055772,6.808791396809925,1.9812177337209456,1.9746160166357465,1.972125333639738,1.9876411374258232,2.0058465427981096,6.78955078125,1.5974394950143715,-8.281738509652095,1.5521984370061066,1.988252449488542,2.2125183577671077,2.411684996863266
0.68,0.006239463115180197,1.6335607969055772,6.803515802702792,1.9810944061348772,1.9750976815348833,1.9742379317802312,1.9904845893883445,2.0059058923148005,6.767578125,-2.212986963273432,-5.138550090062711,0.7131763605717218,1.991783142259172,2.094393147123514,1.4115786282474028
0.6900000000000001,0.007428610534148416,1.7824423263574447,6.792244005835493,1.9821566070507581,1.9790753137250632,1.9862094522698728,2.0192304437749278,2.006006445038713,6.78955078125,3.900856241060584,4.869314194061582,-1.1031804159473544,2.015812957141025,2.1396191910338183,2.025052839950367
0.7000000000000001,0.009352691475673209,2.0000000000000018,6.778443627128344,1.9820613205659958,1.9793749196741477,1.9863514285411834,2.009869313200574,2.006298930822458,6.767578125,-2.640384933491422,8.746796488192594,-1.5747916973653453,2.0092948302269513,1.9999182060479985,1.45597569262811
0.71,0.011276772417197958,2.196110050341161,6.767322387458785,1.9820149991250575,1.979783691186695,1.98672614573781,2.0027312589262336,2.006298973390095,6.767578125,3.1986170961790847,11.29536854720074,-1.7278901787623069,2.004274528475076,1.9507733223995793,1.8564059114581724
0.72,0.012465919836166182,2.3089995935065066,6.763675784940828,1.982013556290662,1.980285088326358,1.9872780580408405,1.997439601841681,2.0055310164031996,6.767578125,1.8256906852981958,13.18090958374268,-1.5829521581655945,2.000632543749124,1.9432194316474685,2.0759523041194607
0.73,0.01246591983616619,2.3089995935065075,6.768162628183279,1.9820532121327414,1.9808639765250575,1.9879611607852543,1.9937404003359402,2.0035655513884274,6.767578125,1.9652987882250788,14.5767814190473,-0.9590470377959063,1.998148568599348,1.9513458092840528,2.1081815758859084
0.74,0.011276772417197978,2.196110050341163,6.778640406838112,1.9821304668767497,1.981506587310288,1.988737312226279,1.99141188582892,2.000088712626505,6.767578125,2.0320081515413255,15.546619796618486,1.3211387467178295,1.996578496614406,1.9632469091243612,2.070932569930383
0.75,0.009352691475673209,2.0000000000000018,6.791571157894863,1.982242075786748,1.982200446006669,1.9895745619560077,1.9902252348849296,1.9950205494795976,6.767578125,1.9917288363730912,16.105335419185064,2.300045908649446,1.9956944252897475,1.9741302795371616,2.0347366466005896
0.76,0.007428610534148416,1.7824423263574447,6.801752765975896,1.982385026116586,1.9829342906470868,1.9904459204845928,1.989938743794664,1.9887136013328721,6.767578125,1.998204077022684,16.23603525322933,3.0560328071140614,1.9953020460626145,1.9825507832964002,2.014074669510026
0.77,0.006239463115180197,1.6335607969055772,6.804520382051559,1.9836317658095608,1.9870281484054686,2.000735287366485,2.0197269780114953,1.9822865149170616,6.78955078125,3.106996083114811,15.897466856511416,3.6568060898985366,2.0167590457532385,2.0979444980625317,2.373166725276716
0.78,0.006239463115180196,1.6335607969055772,6.7993760007870145,1.984829308592415,1.99073915092831,2.0090716239435586,2.038881956287746,1.97727788030901,6.78955078125,-0.8480943837228014,15.027231154107467,4.093086575818848,2.030035579400293,2.103033673530067,2.0536800789594385
0.79,0.007428610534148416,1.7824423263574447,6.788238323836602,1.9859789688164964,1.9940872720481755,2.0156741317703517,2.0496561680643492,1.9747567774292263,6.78955078125,2.1938701295021223,13.549879835625218,4.339479502038965,2.037225360268125,2.076523093388035,1.866313857733024
0.8,0.009352691475673185,1.9999999999999991,6.774585513292279,1.9860217608976312,1.9937900494467753,2.011364385739404,2.0246529423295194,1.9748270346933061,6.767578125,-1.1117877062509245,11.386356695058373,4.3613526773968845,2.0187944196355083,1.9343724026739633,1.3690560412998458
0.81,0.011276772417197975,2.196110050341163,6.763624438016327,1.9860915072881988,1.9935658385543973,2.0076068993233545,2.0059932226671195,1.9769782020793254,6.767578125,2.9196104973491237,8.338435215285802,4.114988623733275,2.005478953007279,1.9078789472776232,1.8790234752877808
0.8200000000000001,0.01246591983616619,2.3089995935065075,6.760130059880822,1.9861860263324829,1.9934074693971175,2.0043781378848515,1.993098923371626,1.9807473788760779,6.767578125,1.7868193762468416,2.871072481168466,3.5275406431195253,1.9964178882353736,1.9222446188669409,2.1253791222624145
0.8300000000000001,0.012465919836166184,2.308999593506507,6.764730749883684,1.986303271693684,1.9933082337155146,2.001648043955969,1.9848511500651227,1.9855192964529498,6.767578125,2.007193387772261,-7.123304837783552,2.4033923447844217,1.9906949761335417,1.9455277544256886,2.1480205876492726
0.84,0.011276772417197978,2.196110050341163,6.77532195216038,1.9853938745718218,1.9899584097882685,1.9898279299430033,1.9508719584285097,1.9902859585084678,6.74560546875,-1.2124603100955327,-10.249901015145532,-1.5724202989172735,1.9656329296306845,1.848667303508764,1.6639648171644146
0.85,0.00935269147567321,2.0000000000000018,6.788376793181132,1.9845718627237376,1.9870348278486243,1.980331264507526,1.9300999868773288,1.9942148329238554,6.74560546875,2.941810032399909,-12.363142129828793,-3.3662777108243143,1.9506297718199364,1.8646755304763896,1.9783247083126825
0.86,0.007428610534148417,1.782442326357445,6.798692218965426,1.9859192694734187,1.9911362374647534,1.9921842096855287,1.980616438673228,1.9977869704549491,6.78955078125,3.4856608057357548,-13.869593677244765,-4.420686555412537,1.987177865285249,2.132664787401428,2.7711252427256947
0.87,0.006239463115180203,1.633560796905578,6.801583313998238,1.9861688468514558,1.991529571841986,1.9923669458497548,1.9856476656722784,2.0017312235833242,6.767578125,-3.3248551829194675,-14.894923302761422,-5.073726963229705,1.9902642081783108,2.0687789384662603,1.764253300198487
0.88,0.006239463115180196,1.6335607969055772,6.79653182031111,1.9864303079086185,1.9919317275503956,1.9926542063740316,1.989745126330778,2.006019262993157,6.767578125,3.4030960296769615,-15.475467557030361,-5.347325398905912,1.9926339529992176,2.0377406179812527,1.6377592538534274
0.89,0.007428610534148415,1.7824423263574447,6.785488442124071,1.986702266065349,1.992338803475516,1.9930198688796197,1.9930023117766633,2.0103961161569543,6.767578125,1.8041579018084597,-15.601676192830956,-5.198532235427595,1.9944266532533654,2.0215045011016404,1.7912367512463374
0.9,0.009352691475673185,1.9999999999999991,6.7719390659732035,1.986983414504036,1.9927473068956567,1.9934412084325743,1.9955494674510332,2.0142169417570868,6.767578125,1.9382233554956174,-15.23226224000198,-4.520646964678679,1.9957647060441526,2.012496957995205,1.926064099389823
0.91,0.011276772417197975,2.196110050341163,6.761089948345044,1.9862377801105793,1.9898328586212253,1.9843049874288816,1.9687076502957215,2.0161790059380973,6.74560546875,-1.1701575194247253,-14.298143616614281,-2.981329934387128,1.975019164611339,1.8925902291615797,1.5304243363949224
0.92,0.012465919836166182,2.3089995935065066,6.757701309512379,1.985564190920675,1.9872947086221209,1.9771261102110353,1.9516689912062881,2.0148157638885364,6.74560546875,2.950404994652045,-12.706457052091567,2.6090397027757914,1.962266216111542,1.8878937829118279,1.9533820660269159
0.93,0.012465919836166184,2.308999593506507,6.762381003051555,1.9849591104689948,1.9851083855237277,1.9716859362215455,1.9425832193161117,2.0096209109825907,6.74560546875,1.7758738042224353,-10.33173046350346,5.004381130939747,1.9556339101293574,1.9179120575381619,2.1341500716699255
0.9400000000000001,0.01127677241719796,2.196110050341161,6.773051054253485,1.9864850128362102,1.9899262817302297,1.9871524936141922,2.0000747407853283,2.001765503943628,6.78955078125,3.8010103027890074,-6.776006665951253,6.598654659283808,1.9971346338783391,2.167576893248972,2.7854650405936012
0.9500000000000001,0.009352691475673188,1.9999999999999996,6.786192077676051,1.987942622304216,1.9942676577819778,1.9998840559616875,2.0378816299794438,1.9932359151967538,6.78955078125,-2.3370115713431883,4.008535612327496,7.716454380024064,2.024321323969228,2.1903237575577137,2.142024060199811
0.96,0.007428610534148418,1.782442326357445,6.796600388840674,1.9883033095013165,1.9948298753941016,2.0005851012665823,2.0316458270374995,1.985410392912488,6.767578125,1.1068317516462385,8.706189817834128,8.377808273365206,2.019459435477217,2.0346777412845,1.0247227108754857
0.97,0.0062394631151802046,1.633560796905578,6.799577445819588,1.9896933561604233,1.9986835227700377,2.0106441457320408,2.05392810281591,1.979671954640412,6.78955078125,3.706508474483466,11.44404205623663,8.540217116709922,2.036273570104163,2.078973287907639,1.9697423309783533
0.98,0.006239463115180196,1.6335607969055772,6.794590427823675,1.989989160091596,1.9987883112474938,2.0090730335082854,2.036919639313164,1.9774039829958479,6.767578125,-2.667139526223204,13.406865865374515,8.121295859265262,2.024238319167495,1.9493407373251754,1.521945754721594
0.99,0.007428610534148395,1.7824423263574423,6.783612222057311,1.9923406196673128,2.005517998588974,2.02648627854113,2.0799171519151076,1.9798376989879125,6.8115234375,4.389241048354713,14.847170465019868,6.9713187452201115,2.0572532616652506,2.1381977689635914,2.6273496216476344
1.0,0.009352691475673183,1.9999999999999991,6.770134206589646,1.9925097166355916,2.0048309955521617,2.0212516171456256,2.04646461841202,1.9868582499365244,6.767578125,-4.062512616312871,15.852882576979638,4.64928312100524,2.0340664209342014,1.9256430407141572,1.2800853752828973
1.01,0.011276772417197975,2.196110050341163,6.759362207429267,1.9916556909522982,2.0008650289782786,2.007045333569612,1.9914694062162765,1.9961252644536558,6.74560546875,3.5013140066849253,16.44800248278214,-3.5580242538081035,1.9951320052295947,1.7519318532671373,1.1523824046496909
1.02,0.01246591983616619,2.3089995935065075,6.75604610275447,1.9908675162643883,1.9973171295612409,1.9952661488202585,1.9561236976672067,2.0051506686527563,6.74560546875,2.65494616317995,16.620479381673356,-7.101985383684066,1.9691483343293532,1.76967270153772,2.010704937488657
1.03,0.01246591983616619,2.3089995935065075,6.760779975900296,1.989115249886069,1.9908314890984082,1.976098943707718,1.9062432117000858,2.011636398780436,6.7236328125,-1.7197980541960909,16.333020673199133,-9.319616660884833,1.931271507617377,1.7255226705300104,1.9208657853992017
1.04,0.011276772417197978,2.196110050341163,6.771504182420312,1.9895410008986787,1.991776529022943,1.9802034298562512,1.9387224830199938,2.014786178146321,6.767578125,4.3608038110019125,15.527454245116166,-10.794775757346002,1.9542539205686529,2.051915172613667,2.8567721709674503
1.05,0.009352691475673188,1.9999999999999996,6.78470437480718,1.9899597095346484,1.9926639490936155,1.9839039561896377,1.9643971869099506,2.0150970875888596,6.767578125,-2.818743649296201,14.133521997774942,-11.588494161532099,1.9720667173317712,2.1495649181269125,2.324031302324986
1.06,0.0074286105341483995,1.7824423263574427,6.795176444964059,1.9893438508241923,1.9901573418287801,1.9775762308477232,1.9535439733809206,2.0125561811583417,6.74560546875,1.1765858601183525,12.086525481331389,-11.655021849883477,1.9633857638614234,2.052172184094092,1.2817943653657211
1.07,0.006239463115180191,1.6335607969055763,6.79821263862352,1.9898104211419616,1.9913213022090968,1.982486741971023,1.9781874484704145,2.007629038269818,6.767578125,3.725215814610608,9.2528456373934,-10.881266215443205,1.9811975407952676,2.1312545711061412,2.0131999535061684
1.08,0.006239463115180195,1.633560796905577,6.79326989985114,1.991293584766063,1.995740001706144,1.9963701839743844,2.0229671510320735,2.0019653809073983,6.78955078125,1.2766145093873111,4.84594299123201,-9.031485195971296,2.0152723692360666,2.227756237184374,2.3359990498854293
1.09,0.007428610534148413,1.7824423263574445,6.782336327380536,1.9927024405980351,1.9996842823071008,2.0076149603175657,2.0506724060012007,1.997352643967265,6.78955078125,0.06304072978409371,-6.0610064278051246,-5.262267361691244,2.0366199292462217,2.1933642901847863,1.9972068946151915
1.1,0.009352691475673205,2.0000000000000013,6.768907132890529,1.9940388349986835,2.0031820101879796,2.0165240863458713,2.066285834764387,1.9948015806085122,6.78955078125,2.2663204966090227,-9.625164796810497,6.17929650174703,2.048558962896902,2.11769794839788,1.827177159691077
1.11,0.011276772417197992,2.196110050341164,6.758187843872701,1.9942795435380765,2.002944500029217,2.0139729485774285,2.0446709892525003,1.9939319540079339,6.767578125,-1.0970045910981572,-11.932523967577096,10.421685112570666,2.032624749856086,1.9273928373502283,1.3492652744731894
1.12,0.012465919836166182,2.3089995935065066,6.754921180649095,1.9934894244650185,1.9993843137610698,2.002121687721856,1.997618669879934,1.9932520753929472,6.74560546875,2.046403736655763,-13.57460440021281,13.211472799304996,1.9986344122531072,1.7427852460791036,1.3834085110675245
1.1300000000000001,0.012465919836166184,2.308999593506507,6.759691984674931,1.9927563061662172,1.9962074520126576,1.9923671776687002,1.9662953909380458,1.9913670006805322,6.74560546875,2.865419001088792,-14.716241940638477,15.056163053808126,1.9757685268828629,1.7473518267563128,2.1025412800968257
1.1400000000000001,0.011276772417197961,2.196110050341161,6.770453148836699,1.9931045206710947,1.9967249326943404,1.9940824147131542,1.9767936850659134,1.9879010172455145,6.767578125,2.7020285271548277,-15.408916332058352,16.025838863817864,1.9836675718521464,1.9400767701462092,2.642981564213648
1.1500000000000001,0.009352691475673166,1.9999999999999971,6.7836937146158025,1.9934430054572287,1.9971988306357455,1.9955679881867447,1.9852145973767368,1.9832970916977013,6.767578125,-0.9866508513296949,-15.652464656459015,16.07866661711345,1.9898482137849995,2.0163350791363244,2.2911409923214876
1.16,0.007428610534148419,1.7824423263574452,6.794209288917363,1.9937716596458512,1.9976308875169744,1.9968394395725322,1.9917631491365178,1.9782354759466791,6.767578125,2.2455237771754173,-15.413316799691643,15.1014979487746,1.994435508517506,2.041691132246001,1.9515060620563038
1.17,0.0062394631151802115,1.6335607969055792,6.7972858969817445,1.99409040698258,1.9980229106411562,1.9979129721021114,1.996686010977216,1.973805206587133,6.767578125,1.9728729417214292,-14.62893505708815,12.878294745041508,1.997672704178873,2.0438848414805086,1.8345205635231179
1.18,0.006239463115180189,1.633560796905576,6.7923733877838615,1.9954249657931047,2.0016995762340235,2.008292279698512,2.0286141041344483,1.971763813494408,6.78955078125,3.0708339765649786,-13.210012773857747,8.743000898326676,2.0212975703086458,2.1439977288811063,2.2655285484856744
1.19,0.007428610534148394,1.782442326357442,6.7814702316834365,1.9966862016373528,2.004947632844578,2.016535145929244,2.048810553757349,1.9739577795173768,6.78955078125,-0.7943690897450514,-11.046295670053258,-5.642470215219808,2.035700524684532,2.135109866146323,2.003308855961414
1.2,0.009352691475673183,1.9999999999999991,6.76807428689946,1.9978762118779043,2.0077950481182967,2.0229003545710422,2.0598454661652204,1.9809594772483845,6.78955078125,2.1954016953276536,-7.8695988370203285,-12.110999563541354,2.043294477706638,2.0941831576255816,1.8758461737553287
1.21,0.011276772417197973,2.1961100503411624,6.757390875664652,1.996948046834231,2.0036446283775704,2.00869591702418,2.005009958331183,1.9911039507852455,6.74560546875,-2.5430003211096097,0.679886299350115,-15.912332201696614,2.0034129778602834,1.8201842569871436,0.6061339734400661
1.22,0.012465919836166173,2.308999593506506,6.754157804526468,1.9950521868938766,1.9965848696070352,1.98724670923482,1.936484734792431,2.00126341730598,6.7236328125,2.972144461360533,7.83474554248584,-18.344026115600204,1.954244885567681,1.651512716827632,1.3683702428267221
1.23,0.012465919836166192,2.308999593506508,6.758953703229259,1.994300765369059,1.9936335607863416,1.9795461171222422,1.924586459341503,2.008849432635783,6.74560546875,3.502522899505866,10.878003681744278,-19.60721424898108,1.9457294694379976,1.8378031663141001,2.614943213729802
1.24,0.01127677241719798,2.1961100503411632,6.769740002115815,1.992574487499022,1.987694653831371,1.9639237515063062,1.890550739896981,2.0123499806759595,6.7236328125,-2.6048839378811945,13.015796516223661,-19.726691081358716,1.9208352653187077,1.8352428921070683,2.2026045638311436
1.25,0.00935269147567319,1.9999999999999998,6.783008024754681,1.991988661392644,1.9858177587695145,1.9615977983012818,1.9077384586512098,2.0119850381756534,6.74560546875,3.86495336835057,14.592596168533037,-18.614562801640886,1.9310320875576699,2.0263306317267626,2.5383239136784232
1.26,0.007428610534148401,1.782442326357443,6.793553186024672,1.993505754375251,1.9909247391154312,1.9800078685000957,1.987645252942326,2.0101858419690255,6.78955078125,2.5599116287591785,15.72305442497095,-16.06435248243286,1.9856539840647474,2.300556724383439,2.81701881093323
1.27,0.006239463115180205,1.6335607969055783,6.796657310662584,1.9949417172502564,1.995510340424022,1.995201079595646,2.033461643717698,2.0097083841613106,6.78955078125,-2.3993736035344075,16.443542977679645,-11.416891681280879,2.0219694402944826,2.309494774749146,1.9474837488667969
1.28,0.006239463115180195,1.633560796905577,6.791765370664755,1.9962987482252879,1.9996025819732408,2.007441425077574,2.057210896468434,2.012538146936221,6.78955078125,2.518158365360432,16.751505093694742,4.970406291970289,2.0444086620226773,2.2244495054152087,1.3360364253978616
1.29,0.0074286105341484126,1.7824423263574445,6.780882886527694,1.9975790657102637,2.0032302106552713,2.0170744308038864,2.0677949062446097,2.0193041504103784,6.78955078125,1.9853128614530848,16.617903239424418,13.76650468467123,2.056631707655869,2.109478539212267,1.4105217707188515
1.3,0.009352691475673204,2.0000000000000013,6.767509530929819,1.9977593079744242,2.0031038096533478,2.0150254517034645,2.042665845119276,2.028808937904763,6.767578125,-1.2792243015997085,15.991809140206632,18.541323762085906,2.0404940991628244,1.88663270550195,1.1638332590092282
1.31,0.011276772417197954,2.1961100503411606,6.756850485720859,1.9969044451318207,1.9996393947982405,2.0035783520422106,1.9952137916436574,2.038543056039386,6.74560546875,2.016153710715868,14.805106089546097,,2.0059744043518006,1.6801969907905199,1.4341685309550383
1.32,0.012465919836166182,2.3089995935065066,6.753640200937179,1.996103083579302,1.9965463668500403,1.9941561221369328,1.9648771132698006,2.045651057335901,6.74560546875,2.8791698920606503,12.993800231497453,,1.9823295149637679,1.6851959604580995,2.1889717380268348
1.33,0.012465919836166184,2.308999593506507,6.7584531240806545,1.9943259472814452,1.9904672212318264,1.9770086736034207,1.9189101974320717,2.0474331372594063,6.7236328125,-1.2510702637276407,10.474366820811559,,1.9454138985447804,1.643190545381379,2.0136742204516827
1.34,0.011276772417197961,2.196110050341161,6.769256485312353,1.9947168699746756,1.9917818717629712,1.9825719424973558,1.9506514293299435,2.0431576645828944,6.767578125,4.271827783950623,6.878893303604394,,1.967848945970707,1.9992958014335778,2.8549399026641056
1.35,0.009352691475673167,1.9999999999999973,6.7825431468628326,1.9950916645947385,1.992995305300815,1.9873990955702776,1.9752031628904931,2.0341190234075572,6.767578125,-2.8101352311451158,-3.774442432898611,,1.984454980576809,2.120444431348324,2.282197549957717
1.36,0.00742861053414842,1.7824423263574452,6.793108394054422,1.9975044921582463,2.0007673019498444,2.0105067824816896,2.0493256486976867,2.0222288101397248,6.8115234375,3.834412814934486,-8.502020115519795,,2.038904380173233,2.3461390247230303,2.509177927786105
1.37,0.006239463115180198,1.6335607969055774,6.796231213768806,1.9987481710795105,2.0043301748403293,2.0195129012565087,2.0663154496791822,2.0096666887436343,6.78955078125,-3.2969937533069102,-11.172936208452748,,2.051268543303323,2.2288045522422193,1.1341376574548823
1.3800000000000001,0.006239463115180202,1.6335607969055779,6.791353243283158,2.000942220934768,2.0107672686214486,2.035782516839659,2.100992074713983,1.9981638744985741,6.8115234375,3.952047753089153,-13.045991690253205,,2.0773653836892745,2.223295001108108,1.7614927322359877
1.3900000000000001,0.007428610534148431,1.7824423263574465,6.780484787624792,2.0019758358208954,2.0131019799432943,2.0389200505013654,2.088646574743737,1.988568819475375,6.78955078125,-2.552230477243894,-14.376102173563572,,2.069527099568844,2.0240847630887973,1.2072573195346024
1.4000000000000001,0.009352691475673226,2.0000000000000036,6.767126758086959,2.0019175378765945,2.0117823391169827,2.0312450146296372,2.0442992872145034,1.980443161346261,6.767578125,2.372253758782014,-15.247102472100094,,2.0392197879712057,1.7962089755651292,1.268480852134844
1.41,0.011276772417197933,2.196110050341159,6.7564842408322585,2.002880882362738,2.0138306457196498,2.0338496643412767,2.0431038290001586,1.9736740685126728,6.78955078125,3.5675603526044086,-15.677509824753722,,2.037829502510686,1.8737594186555981,2.432364779340686
1.42,0.012465919836166173,2.308999593506506,6.753289400147992,2.003779084756554,2.015556147697578,2.0352667981383745,2.039968854845143,1.968611921000707,6.78955078125,-1.655795624248507,-15.647468124775866,,2.0350604738666322,1.9073584988186276,2.3846256083164383
1.43,0.012465919836166192,2.308999593506508,6.758113863357451,2.0035911017579187,2.0136776126438884,2.026157398329038,2.009198785035769,1.9649815166058255,6.767578125,0.8174909425382475,-15.107587602873426,,2.0102248429012253,1.8101038970863739,1.7785378334234938
1.44,0.011276772417197982,2.1961100503411632,6.768928795529511,2.0044289363728436,2.015220946738404,2.0278145334878217,2.0153584666989723,1.9622857967247092,6.78955078125,3.6944726961079692,-13.982098025263673,,2.014723165727265,1.9492913759036694,2.329209495409587
1.45,0.009352691475673192,2.0,6.7822280975119265,2.003159577721834,2.0098637151161607,2.009553724817466,1.9649046587614696,1.9596581013699903,6.74560546875,-3.3825291797618955,-12.174672560846359,,1.973983427481085,1.7628335564899182,1.1161460497086273
1.46,0.0074286105341484394,1.7824423263574476,6.792806967123632,2.001956703029031,2.005018633513098,1.9946165045684476,1.9311119160186332,1.9561461815886454,6.74560546875,3.9861031424996356,-9.53278362423579,,1.9479488792712703,1.7845337190311914,1.8465756658420776
1.47,0.006239463115180205,1.6335607969055783,6.795942472901459,2.002868275307883,2.0073189504033166,2.001700281943086,1.969981269689672,1.9526866967532812,6.78955078125,3.3258310061119842,-5.393360312736013,,1.977604586896746,2.0962790142988124,2.837282750092163
1.48,0.006239463115180195,1.633560796905577,6.791073979498127,2.0037181399734236,2.009310156348226,2.007354646271149,1.9986017418878093,1.9513092409783717,6.78955078125,-2.640564236263005,5.713858988457685,,1.9984862507968693,2.1711621888218735,2.310981525626903
1.49,0.007428610534148411,1.782442326357444,6.7802150360922715,2.0045085210441136,2.0110150256223607,2.01177814876794,2.017733850112499,1.9537455137326105,6.78955078125,2.5182758904709,9.557953766503337,,2.0123202975913417,2.162297288043525,1.8030468982947796
1.5,0.009352691475673157,1.9999999999999962,6.766867397189282,2.005241627856178,2.0124557392168008,2.015144572750862,2.029380139598124,1.9610004516776602,6.78955078125,2.0112740912350935,12.03877186201797,,2.020759592752314,2.1238618653326307,1.6638749056929225
1.51,0.011276772417197952,2.1961100503411606,6.756236083871508,2.0048965712709266,2.0103475205154733,2.008286813482133,2.006832944260338,1.9724916552115925,6.767578125,-1.294663628002309,13.843177387501639,,2.003812801952426,1.9693516315381359,1.2490762428966118
1.52,0.012465919836166182,2.3089995935065066,6.753051706832201,2.0035373713085054,2.0050884251302046,1.9931215916655562,1.9616331787606283,1.9858391076903497,6.74560546875,2.032336317592672,15.15764595987481,,1.9704527844666528,1.8090439574770283,1.3761590168113667
1.53,0.012465919836166186,2.308999593506507,6.757883989327938,2.000199108051798,1.993708580954882,1.9616931318200952,1.8712829214812376,1.9975357821580428,6.70166015625,-0.8160724070246259,16.047808085982076,,1.9047611150335153,1.5484691932539527,1.141497344340693
1.54,0.011276772417197963,2.1961100503411615,6.768706764176502,2.0001315171656917,1.9936001694452044,1.9654409463260996,1.910636007524988,2.005538294505529,6.767578125,5.150671156512722,16.52763620026063,,1.9335029882138954,1.9981647568784238,3.176958981363546
1.55,0.009352691475673216,2.0000000000000027,6.782014633965446,1.9980132476601717,1.9868691454316354,1.9497113972583668,1.879099159867098,2.0094335347812726,6.7236328125,-4.823314418889365,16.578447378220883,,1.9119655673613472,1.9151170460144973,1.9832986904205778
1.56,0.007428610534148422,1.7824423263574456,6.7926027373646445,1.998075200036207,1.9876396081703558,1.9575438769867042,1.9336397762427382,2.0096785027531627,6.767578125,5.167266778169356,16.1575312813097,,1.9474870098719026,2.161807358524836,2.613296440801867
1.57,0.006239463115180199,1.6335607969055774,6.795746845474365,1.998135246069865,1.988402745707124,1.9647932356100966,1.9697943894135719,2.0078687734732674,6.767578125,-2.878235162470753,15.203227514547127,,1.973890268711221,2.204174944713592,2.0486209526822874
1.58,0.006239463115180201,1.6335607969055779,6.790884777415503,1.9992197474150752,1.9924907192971653,1.9812172011722797,2.0188701755538285,2.005254277541286,6.78955078125,3.0937590569517526,13.64593384882506,,2.0141196229365055,2.2747368119830687,2.090085165976021
1.59,0.007428610534148429,1.7824423263574465,6.780032281032654,1.9992132584992088,1.992835650506178,1.9848864230576488,2.0196151274465475,2.002547907382166,6.767578125,-2.257985691184035,11.415492819804287,,2.018259245813497,2.1155977558649024,1.170792616327754
1.6,0.00935269147567318,1.9999999999999987,6.766691683863683,1.999206854466863,1.993185454019953,1.9880809654988671,2.0184252688583446,1.9996947212531195,6.767578125,3.1813101555383168,8.312462646077302,,2.019770961318906,2.01790052166419,1.6111304956107664
1.61,0.011276772417197971,2.1961100503411624,6.756067962789492,1.9992005431997655,1.9935369813149617,1.9908351400445021,2.016209001264566,1.9964606336048352,6.767578125,1.7811835457352667,2.7053988742925044,,2.0195757153090894,1.9636077840067216,1.9612961927011126
1.62,0.012465919836166189,2.3089995935065075,6.752890673819956,1.998168164354941,1.9905545313670827,1.983693043929229,1.9863416272616772,1.9923613341993955,6.74560546875,-1.1571720865207396,-7.198051637135916,,1.996844413874668,1.8240768053154797,1.6581557753331322
1.6300000000000001,0.012465919836166179,2.3089995935065066,6.75772825345465,1.998224751411681,1.9912911346217192,1.9876862321213615,1.9937978251817359,1.9873936287238343,6.767578125,3.655823622069001,-10.299716940833216,,2.003330236010015,1.9420490141778222,2.3938941394191784
1.6400000000000001,0.011276772417197944,2.1961100503411597,6.768556342455707,1.9993054956669871,1.9953283002169788,2.0005183776908506,2.0274231426220273,1.982573707558588,6.78955078125,1.3950613220734887,-12.397798881801089,,2.028875059940164,2.094220494276211,2.562608712758549
1.6500000000000001,0.009352691475673193,2.0,6.781870017882268,1.9992956548415923,1.995614721131114,2.0015013672761386,2.0206563898765597,1.9787079128464111,6.767578125,-2.124712813645589,-13.891499556274566,,2.0229930054310588,2.0002162598168756,1.631343953741644
1.6600000000000001,0.007428610534148403,1.7824423263574432,6.792464378397263,1.9992859367883438,1.9958927585241792,2.0022475104427406,2.014569620234803,1.976023550446025,6.767578125,3.264844163338425,-14.904403344941318,,2.017799408576878,1.972651028191423,1.6746200614371962
1.67,0.006239463115180205,1.6335607969055783,6.79561431723896,1.9992763538986342,1.996161347240355,2.0027877210472202,2.0093711901962457,1.9747987811099679,6.767578125,1.7092923320604871,-15.471958689207133,,2.013427028722768,1.9706907374937919,1.8542513089995214
1.68,0.006239463115180194,1.6335607969055768,6.790756603896568,1.9992669179317744,1.9964196374736851,2.0031503113339815,2.0051414808982457,1.9753339414301472,6.767578125,1.9903203311828768,-15.583888903930655,,2.0098717787544236,1.9764673404577637,1.9668558727909105
1.69,0.00742861053414841,1.782442326357444,6.779908475948104,1.9992576398291289,1.996666963885459,2.003361255920576,2.00185318031104,1.9778858385722096,6.767578125,2.03964054820445,-15.19810778820341,,2.0070577402261756,1.9831483502192744,2.0050708304700895
1.7,0.009352691475673153,1.9999999999999958,6.766572649917295,1.9992485296262017,1.9969028222679361,2.0034444419726043,1.999415894527479,1.9825458991348999,6.767578125,1.987502389682635,-14.244709599910674,,2.004878724669148,1.9885910059990863,2.0089802784935777
1.71,0.01127677241719795,2.19611005034116,6.755954072691445,1.9992395964214458,1.9971268508311555,2.0034218174185305,1.9977118567166159,1.9890315654279018,6.767578125,1.998906706427693,-12.629958704342117,,2.0032227680387393,1.9924648943610772,2.005343465261445
1.72,0.012465919836166182,2.3089995935065066,6.752781584841548,1.9982049257384225,1.9940123733915387,1.993808284113219,1.9671388795624634,1.9963394762631355,6.74560546875,-1.2852037480267477,-10.224717818393934,,1.98031096674499,1.879606795653323,1.5478673781704857
1.73,0.012465919836166186,2.308999593506507,6.75762275268301,1.9972326108558691,1.9912684506344882,1.9860162140103432,1.9476533326808323,2.003060296846173,6.74560546875,2.9510310216904365,-6.6045589062416905,,1.9659349451158294,1.8804142538507755,1.9451144227851065
1.74,0.011276772417198003,2.1961100503411655,6.768454441964171,1.9963207560873446,1.9888724570854996,1.9798753334802124,1.9372251622529673,2.008179489039994,6.74560546875,1.783018205336964,4.281776769827409,,1.9581084763041798,1.9147353891596228,2.1217322394626392
1.75,0.009352691475673216,2.0000000000000027,6.781772050723149,1.9964947835556315,1.990142843771727,1.9848602425406847,1.9647462537284095,2.0113903228409984,6.767578125,3.037815452320454,8.829222897919477,,1.9769998980196577,2.061746695640466,2.471374616307758
1.76,0.007428610534148422,1.7824423263574456,6.792370650551253,1.9956357844862154,1.9879894653528751,1.9795399559541462,1.9549004214581263,2.012497189712677,6.74560546875,-2.269178838144194,11.530605443840756,,1.968769766268669,1.9783108109962004,1.6861165966998042
1.77,0.006239463115180199,1.6335607969055774,6.795524540524974,1.9948334162223051,1.986140509661065,1.975564683792051,1.9511566835438354,2.0113226395454715,6.74560546875,3.2278469600332165,13.472705131947771,,1.9646567573627993,1.9631382136387432,1.7834749824104386
1.78,0.006239463115180201,1.6335607969055779,6.790669777917463,1.9961414536934599,1.9912675562738025,1.9921297417888058,2.010573072462665,2.0089193537935848,6.78955078125,3.459610590705653,14.89754734303519,,2.0070038009754163,2.1843111525377226,2.631867866214134
1.79,0.00742861053414839,1.7824423263574416,6.779824609559293,1.996349333943379,1.992531288615283,1.9960259159781968,2.0197035727733903,2.0065905050564257,6.767578125,-3.3435927141122423,15.889871252855446,,2.0128169067429966,2.0878436102681532,1.6538059849810567
1.8,0.009352691475673178,1.9999999999999984,6.766492015833331,1.9975764293694411,1.9970300218251553,2.008781187515256,2.052303521255837,2.004983544381114,6.78955078125,4.008049863629972,16.472336811139595,,2.0369991593145755,2.13722751674801,2.0592412315188757
1.81,0.01127677241719797,2.196110050341162,6.75587692328634,1.9966794035682567,1.9943720518968617,1.999842405153186,2.014856256381561,2.003858981547823,6.74560546875,-3.326358932113958,16.631937824747943,,2.0083169630119566,1.8808866385178138,0.5817778493478091
1.82,0.012465919836166189,2.3089995935065075,6.752707687415129,1.9968664469808046,1.995368615855006,2.002077949552323,2.0166335099773764,2.0023022717698225,6.767578125,4.463138427767241,16.330843185153785,,2.009933245422703,1.9431886116097048,2.1734856852111784
1.83,0.012465919836166179,2.3089995935065066,6.7575512857706945,1.9960188567254256,1.9929408352156932,1.9942866854803512,1.9880507673131018,1.9995012622226578,6.74560546875,-2.7514806816432045,15.510441627227106,,1.988911980261991,1.8486687137537299,1.8775171091857923
1.84,0.011276772417197984,2.1961100503411632,6.768385414000404,1.9952263176882465,1.9908145207547683,1.9880045875445789,1.968992699258724,1.9946423118991907,6.74560546875,3.158103822025692,14.101000112621598,,1.9753388779829724,1.858983566576614,2.095533665927323
1.85,0.009352691475673195,2.0000000000000004,6.78170568736801,1.9955149845807574,1.9923100149563804,1.9926437780401156,1.9867109750926322,1.9880211557729435,6.767578125,2.809072188700284,12.038395102015855,,1.9893489640881645,2.014760482441155,2.4866004723750157
1.86,0.007428610534148405,1.7824423263574434,6.792307159140427,1.9957924927532045,1.9936792162348462,1.996519048062066,1.9995151549743921,1.9809641705978902,6.767578125,-1.1684373696253707,9.18582141467506,,1.999137170549146,2.0549700897746304,2.1319224158828067
1.87,0.006239463115180192,1.6335607969055768,6.795463726153941,1.9970861645165372,1.9982566368969088,2.0091951048239594,2.036841004365215,1.975483964000421,6.78955078125,3.0878746336108245,4.722610348944522,,2.026939486079469,2.160984486545044,2.2659661521970897
1.8800000000000001,0.006239463115180207,1.6335607969055785,6.790610962695012,1.99830546924094,2.002321432619547,2.0192558137554384,2.0600463716129003,1.9737630022588422,6.78955078125,-1.1549809351040872,-6.145819205633282,,2.0437280663618753,2.148451375242245,1.8900388073339058
1.8900000000000001,0.007428610534148408,1.7824423263574438,6.779767799286022,1.9994526610796515,2.0059059575670126,2.0270250539789996,2.072296462089999,1.976768622767536,6.78955078125,2.211482394292614,-9.667806400403338,,2.0524166256493417,2.1005802674472362,1.7586475669199144
1.9000000000000001,0.0093526914756732,2.000000000000001,6.766437395207206,1.9984786339266636,2.002415339271434,2.013884000613375,2.0169276178726956,1.9833200569859017,6.74560546875,-2.5336087137697314,-11.955551203952238,,2.0129104570945784,1.8192583958751998,0.35328802782318586
1.9100000000000001,0.011276772417197989,2.1961100503411637,6.7558246632165275,1.9975624276393715,1.9992780602360276,2.0028030219748443,1.9784722243477582,1.9911841717270276,6.74560546875,3.669843091475227,-13.58247206770449,,1.9854028585824783,1.7746238802053558,1.8490872831875385
1.92,0.01246591983616618,2.3089995935065066,6.752657630031443,1.9967023139167142,1.996476602423643,1.9936726352255412,1.9548007402971637,1.998335393937548,6.74560546875,1.5152556441649299,-14.709859723432919,,1.9677555153252875,1.8229096758570105,2.3228387146905964
1.93,0.012465919836166201,2.3089995935065084,6.757502874706354,1.99486878402105,1.9906574712369345,1.9766803007523754,1.9122394649340027,2.00265820598888,6.7236328125,-1.0992522550861472,-15.38772727698157,,1.935565041981428,1.7719128222231488,1.979379859517874
1.94,0.011276772417198003,2.1961100503411655,6.768338655087914,1.9941780273565552,1.9888584191402907,1.97290982478425,1.9192669364698505,2.0031524434670875,6.74560546875,3.688799898432764,-15.61461544108931,,1.9397674737250359,1.9605811131074478,2.490433234560168
1.95,0.00935269147567322,2.0000000000000027,6.7816607334899635,1.9935361818047193,1.987317038964107,1.9703383196379776,1.929704232710578,2.000578094454571,6.74560546875,-1.6080922088473264,-15.355779945133168,,1.9458944470429886,2.043539276988886,2.199876188319219
1.96,0.007428610534148424,1.7824423263574458,6.792264150773152,1.9949985895079003,1.9926994601104457,1.98815814477366,2.00146810886042,1.996857178511244,6.78955078125,3.698782237268391,-14.547231218005834,,1.9964935251736737,2.2775962120011877,2.650565215974909
1.97,0.006239463115180199,1.6335607969055774,6.795422531415715,1.996379994574478,1.9975141002520909,2.0027066808530516,2.0440914006636968,1.9941195029375534,6.78955078125,-2.5712856906408135,-13.098390522059848,,2.0295200537917415,2.27417543899115,1.951649737096819
1.98,0.006239463115180186,1.6335607969055759,6.7905711222933505,1.9966557707762522,1.9984683410011033,2.0048130977417,2.039832022311421,1.9931173949988572,6.767578125,1.2073098144555534,-10.895412557775598,,2.0282093179684986,2.084376481657452,0.8102843181368048
1.99,0.007428610534148389,1.7824423263574416,6.779729317060291,1.9958913405082153,1.995986571571075,1.9968669479686136,2.006568249777764,1.9933109534532647,6.74560546875,2.2123620410867866,-7.646922162632724,,2.004138996660357,1.8596006886173253,0.811457734988735
2.0,0.009352691475673176,1.9999999999999982,6.766400396251903,1.9962045527950152,1.9971220730458663,1.9999517462487186,2.0115230907402233,1.9941839975921893,6.767578125,3.4793126184246352,1.9704481875837245,,2.0091524801731695,1.9229516857605888,2.321659792037235
2.0100000000000002,0.011276772417198006,2.1961100503411655,6.755789263281167,1.9954758811695117,1.994809049929128,1.9929169494572219,1.9864008281282264,1.9953337215680662,6.74560546875,-2.626112343435658,8.040335324641948,,1.9904276667193708,1.8234893931642975,1.9882316885229074
2.02,0.012465919836166186,2.308999593506507,6.752623722068212,1.9947957292495644,1.9927703267000003,1.9872773301263045,1.9697537331728971,1.996284625319678,6.74560546875,3.2426702138435624,11.01582350969426,,1.9782992023236576,1.8337541256913188,2.1314357135350064
2.0300000000000002,0.01246591983616618,2.3089995935065066,6.757470081884418,1.996218349201433,1.9976541848518692,2.0019150059942494,2.01638477268104,1.9974808677523426,6.78955078125,3.4711697925811245,13.118975645399685,,2.0145916361833875,2.1041886152589067,2.789027648735617
2.04,0.011276772417197949,2.19611005034116,6.768306981413374,1.9955053353820285,1.9953429766683732,1.9947560354850653,1.9906329791605146,1.9991472664788865,6.74560546875,-3.954179253944307,14.671064737485583,,1.9948114600617401,1.9300374310261115,1.1778240602820076
2.05,0.009352691475673244,2.0000000000000053,6.781630282533245,1.9958676163377849,1.9966330404315025,1.998488078281514,2.002038289806266,2.0007927635040423,6.767578125,4.641922666793052,15.780696372681707,,2.003269941476972,2.014986852302444,1.9644666853121502
2.06,0.007428610534148444,1.782442326357448,6.7922350177038995,1.9941571787651489,1.9911258193631436,1.9824390493727353,1.9509061465542206,2.001919941678461,6.7236328125,-3.4809943287467062,16.481475599991644,,1.9652015120332382,1.801169646549356,0.7869170945127067
2.07,0.006239463115180207,1.6335607969055785,6.795394626966784,1.9946120914367864,1.9929368371781204,1.988774481736506,1.9777953533440222,2.002752682716569,6.767578125,4.9146820833691836,16.76912879406268,,1.9851157631057295,2.0321406536677653,2.5936953471841244
2.08,0.006239463115180192,1.6335607969055768,6.79054413530587,1.9960745985701214,1.9979097520245572,2.0036359750975063,2.026741319429362,2.0050495683017098,6.78955078125,-2.0143853829105365,16.613292910327736,,2.020481157997433,2.1937926821563813,2.69531391256257
2.09,0.007428610534148407,1.7824423263574438,6.779703250094101,1.997453638177063,2.0023261078377192,2.015560928434689,2.0577125651002612,2.010177460472145,6.78955078125,0.8934866462366013,15.96197921278488,,2.042492606522756,2.19011738679186,2.0866833832366036
2.1,0.009352691475673199,2.0000000000000004,6.766375334035597,1.9966984496961346,1.9995834465736062,2.005953428304592,2.0169764329685647,2.0176364373295925,6.74560546875,-1.7330643185406478,14.746631457587645,,2.012163989353837,1.9120029884087493,-0.6618056213157015
2.11,0.01127677241719791,2.1961100503411566,6.755765284211124,1.997018042814581,2.000454917187851,2.0074739592183657,2.0173862314862436,2.02582614500436,6.767578125,4.325882531883244,12.904635838868899,,2.0124237870610067,1.9562265510456582,2.003090898057092
2.12,0.012465919836166194,2.308999593506508,6.752600753582967,1.9952663903417567,1.9945604861706347,1.9894138821239837,1.9577760194451315,2.032667398230004,6.7236328125,-3.5158150547878697,10.34974348184436,,1.968599465177694,1.727474454062891,1.2576825685147073
2.13,0.012465919836166201,2.3089995935065084,6.757447868747589,1.9946511806392018,1.9926607629757132,1.9844096301381247,1.949181606687082,2.0359307435970497,6.74560546875,4.484823759564235,6.684912827177187,,1.962630731342532,1.861316910442098,2.421620479945552
2.14,0.01127677241719793,2.1961100503411584,6.768285526364189,1.9940789080293764,1.9910028646427511,1.980590049711546,1.9464135754450878,2.034535404052586,6.74560546875,-1.7610564489759444,-4.09218981656803,,1.9606800921988619,1.9429893110556924,2.3917755769353617
2.15,0.009352691475673221,2.000000000000003,6.781609655732837,1.9935480364780929,1.989570995350196,1.97781168028481,1.9478668585292247,2.028344435868026,6.74560546875,2.108428318918582,-8.63367044480893,,1.961387255739909,1.9914386265478299,2.1957958670924764
2.16,0.0074286105341484256,1.7824423263574458,6.792215283624288,1.9951139997391873,1.9950267883094395,1.9952017155334885,2.0113390231254424,2.0187710454299364,6.78955078125,3.8700584084608,-11.258408682606253,,2.0071928283254348,2.225876942613269,2.7125717192741545
2.17,0.0062394631151802,1.6335607969055777,6.79537572517151,1.9955642274091818,1.9965606947940586,1.999745628261354,2.0228256772655273,2.008041777791786,6.767578125,-3.1936929106986485,-13.103110698994762,,2.0152590008143902,2.1283873847569157,1.593360084583842
2.18,0.0062394631151802,1.6335607969055777,6.790525855004016,1.9980464569047227,2.0045794537440376,2.0223697026523864,2.0845210589036047,1.998877514221143,6.8115234375,4.508069344799676,-14.41004130447692,,2.0617976873434,2.2658065884224743,2.3433638759926683
2.19,0.0074286105341484256,1.7824423263574458,6.779685593001023,1.999353477362405,2.0083373270186007,2.030737083920734,2.0926567827815723,1.9938494782513247,6.78955078125,-3.4674211304702443,-15.25887335969451,,2.0680287256876184,2.113716251162024,1.3578969722823377
2.2,0.009352691475673221,2.000000000000003,6.766358357540842,2.0005801320613332,2.011609431139585,2.036900875116181,2.0915995404480263,1.9936285753856986,6.78955078125,3.324521178884437,-15.665868680578038,,2.0682078696708315,2.0067809384974855,1.549414990355225
2.21,0.01127677241719793,2.1961100503411584,6.755749041413972,2.001729077595899,2.0144305304049825,2.0411559289984966,2.0838735863382185,1.9974758036598894,6.78955078125,1.884543251045143,-15.6095364730181,,2.0644269509043376,1.9423391285338505,1.8486357847808184
2.22,0.012465919836166201,2.3089995935065084,6.752585195309489,2.0007539918467705,2.0102202566489513,2.0247136469354237,2.0139917865916703,2.003037823569512,6.74560546875,-2.6425930125682626,-15.038951852203295,,2.0159404083351857,1.6678731906121518,0.9015628039640217
2.23,0.012465919836166194,2.308999593506508,6.757432822116775,1.9988059781210188,2.003062999121152,2.001085991005603,1.9434188671099986,2.0073309718819936,6.7236328125,2.9837604809645044,-13.876266299583298,,1.9601437577082879,1.5345556097295696,1.510958645779991
2.24,0.011276772417197985,2.1961100503411637,6.768270993243348,1.9979973795806112,1.9999763987500303,1.9915850165473605,1.933440797750003,2.0087657402602206,6.74560546875,3.505014444142751,-12.02295788915526,,1.9466989482335464,1.7895153536961603,2.6481357568524535
2.25,0.009352691475673199,2.0000000000000004,6.781595683649609,1.9982634068362932,2.0005489128317255,1.9937257039759415,1.9604134241991693,2.0079885489337044,6.767578125,1.443457460818621,-9.31531072526335,,1.9629396606796023,2.069611705834205,2.838886278415016
2.2600000000000002,0.007428610534148407,1.7824423263574438,6.792201916253283,1.9995394614557813,2.0043677207748107,2.0050504674405336,2.007679222680301,2.0065898783995304,6.78955078125,2.119737102101687,-4.983796663277502,,1.9974966462250001,2.2685201665442696,2.5898397898877676
2.27,0.006239463115180192,1.6335607969055768,6.795362921588957,2.000736813082134,2.0077184831152777,2.0140109412301026,2.036453256498123,2.0059589838795624,6.78955078125,0.42757582724516574,6.071441617924126,,2.0202593682579146,2.281715651714169,1.7990087112248696
2.2800000000000002,0.006239463115180207,1.6335607969055785,6.79051347241695,2.000833457072498,2.007322736086173,2.0116008778040815,2.0262732544213407,2.006460975274316,6.767578125,0.6893352509708274,9.76796628095453,,2.012731957696263,2.119878864502002,0.5988140308740616
2.29,0.007428610534148368,1.782442326357439,6.779673632562895,2.000919765201502,2.006913447034221,2.00940147659552,2.017624549110814,2.007690779162881,6.767578125,3.000393328421529,12.196262310894937,,2.0068767870840563,2.0343384864994314,1.5077046228692093
2.3000000000000003,0.009352691475673244,2.0000000000000053,6.766346858124212,2.000996225798557,2.006495050224349,2.007411630982802,2.0105015325000872,2.0090975998443983,6.767578125,1.7203207638674975,13.969097604980051,,2.002565251422831,1.9911996137114922,2.0116991939330906
2.31,0.011276772417197949,2.19611005034116,6.7557380389848465,2.0010633174532,2.0060715846359005,2.005628988061088,2.0048447799565623,2.0098820143549134,6.767578125,2.0233510753438386,15.260036322071235,,1.9995578995026455,1.974260707174244,2.171764501323703
2.32,0.01246591983616618,2.3089995935065066,6.752574656548443,2.000096500553754,2.002328906721946,1.9946066771950994,1.9718274072290696,2.0088325954962394,6.74560546875,-1.1989246200818784,16.130091072629167,,1.975864947504958,1.85463087347643,1.7287349626817552
2.33,0.012465919836166186,2.308999593506507,6.757422629923393,2.000208882297765,2.002292528602627,1.9951535263256173,1.9795139924590088,2.0049832970301154,6.767578125,3.647925211404223,16.591031882201555,,1.9830662444306548,1.9746577231131697,2.3806014359716157
2.34,0.011276772417198044,2.1961100503411695,6.768261148887951,1.999285848026789,1.9989148547214661,1.9861652302969577,1.9563965420523464,1.9980030151855521,6.74560546875,-2.6356763207419314,16.623138470120317,,1.9669204118825407,1.8985947082305668,1.7806685683532046
2.35,0.009352691475673176,1.9999999999999982,6.7815862193271945,2.0004667059551107,2.002550770278165,1.9981215918720514,2.002631963959688,1.9885662915539675,6.78955078125,4.374292683894695,16.183028375752237,,2.0013370777749215,2.127372211691442,2.6339997534568553
2.36,0.007428610534148465,1.7824423263574507,6.792192861549208,2.00054842377276,2.0024407239209463,1.99836203965611,2.0042251137550315,1.9783279930719455,6.767578125,-3.4743852546365055,15.20889069201841,,2.0023605686872386,2.0484916043277464,1.6912206298843058
2.37,0.006239463115180186,1.6335607969055759,6.795354248789176,2.0016461588284318,2.005633418505008,2.008067501445881,2.0340546634621273,1.9693580786373264,6.78955078125,3.950127878691457,13.632114810300243,,2.024156848076693,2.1217905698978026,2.089572651750609
2.38,0.006239463115180185,1.6335607969055757,6.790505084793469,2.0036961682794923,2.011730527206274,2.025203444588125,2.0804444963429876,1.9645887079177404,6.8115234375,1.560659438358813,11.383750861300301,,2.0582653657433787,2.2121414754676194,2.289441404924077
2.39,0.0074286105341483865,1.7824423263574414,6.779665530893151,2.0045906189838507,2.0137637308271965,2.0292122654023137,2.0785603412295557,1.965621684558588,6.78955078125,-2.1999903907931717,8.26014671298549,,2.0566689431832876,2.069248076181317,1.4319102013453142
2.4,0.009352691475673173,1.999999999999998,6.766339068738687,2.0043978244542693,2.012176291986567,2.022446144143121,2.042297656306325,1.9715370450988297,6.767578125,2.527810526590564,2.540079888687054,,2.031322385343212,1.878904345320437,1.1028456091338998
2.41,0.011276772417197965,2.1961100503411615,6.755730586244998,2.003182234031099,2.007365761912906,2.0068944955820704,1.985533362718312,1.9803948732232357,6.74560546875,1.8614612772454098,-7.251806381763243,,1.991014256163928,1.716375640043262,1.4183232233472118
2.42,0.012465919836166186,2.308999593506507,6.752567517879898,2.0020295969061066,2.003020633280294,1.9940323702256069,1.9503189155171068,1.9903615353408903,6.74560546875,2.8039833188613588,-10.329982544870006,,1.964309966335404,1.7459982306523523,2.196902415087614
2.43,0.01246591983616618,2.3089995935065066,6.757415726007684,2.001963241617193,2.0024478276255535,1.9933129018605222,1.960056855234965,2.000055820203088,6.767578125,2.7406288850912777,-12.414745574976354,,1.9704574822229128,1.956673673714046,2.7088971486037674
2.44,0.011276772417198025,2.1961100503411677,6.768254480588075,1.9998445175162132,1.9952596068702138,1.9735760303209944,1.9108697923563849,2.0078010729413225,6.7236328125,-3.1393907664837952,-13.897503584318407,,1.932081947761574,1.8105322897347311,1.4734325286284315
2.45,0.009352691475673153,1.9999999999999958,6.781579808451645,1.9988735791658863,1.9922111023473452,1.9676519210373296,1.913331186520982,2.0124180191288183,6.74560546875,4.517313395571809,-14.89970060339167,,1.932276765201648,1.9636631997801293,2.2261722100846923
2.46,0.0074286105341484455,1.7824423263574485,6.792186728138909,1.998985709999272,1.9928794885124286,1.9731628877835905,1.9517303985821977,2.0146034114468567,6.767578125,0.976063937153968,-15.455857934083005,,1.9583614613568152,2.1432140393926042,2.4890018053711107
2.47,0.006239463115180179,1.633560796905575,6.795348374074444,1.9990905885948713,1.993514274989989,1.978153124016366,1.9790380357041095,2.0154520042005557,6.767578125,-0.6546839497764061,-15.555031442277638,,1.9777442423993439,2.170273809458669,2.0711449289802246
2.48,0.006239463115180192,1.6335607969055768,6.790499403251676,1.9991884635870176,1.9941149353144851,1.982607874343464,1.9967035187586741,2.015872324775746,6.767578125,2.2972678512894,-15.154363346817453,,1.9914938454345263,2.1430681563288325,1.8068134289710152
2.49,0.007428610534148405,1.7824423263574434,6.779660043049142,2.000305125027212,1.9980098104241495,1.9961411292178357,2.0347754075692155,2.0169311193755592,6.78955078125,2.9472676046715383,-14.183072961655201,,2.0222043955643905,2.2030539640019517,2.203012947509635
2.5,0.009352691475673195,2.0000000000000004,6.7663337924276625,2.000327069878273,1.9981531784827162,1.9975384203871938,2.0306957321021035,2.0192123989089614,6.767578125,-2.332579221676187,-12.546315467287302,,2.019749234532639,2.053033245583224,1.487100159470339
2.5100000000000002,0.011276772417197984,2.1961100503411632,6.755725537968305,2.0003447376119845,1.9982864883390934,1.998691896048485,2.025877562581007,2.022393938663036,6.767578125,3.243057395954905,-10.110465803141219,,2.0168312833232176,1.980362016218918,1.781647763088192
2.52,0.012465919836166192,2.308999593506508,6.752562682344132,2.000358369946288,1.9984099133052937,1.999627357670923,2.020819493090212,2.0258216552513995,6.767578125,1.7667330461835014,-6.420761211386518,,2.013897431504736,1.9527123237384227,1.999189034970902
2.5300000000000002,0.012465919836166173,2.308999593506506,6.757411049485728,1.9993427861723028,1.9951978314535324,1.9908869149457176,1.9873612848344984,2.028356386644062,6.74560546875,-1.1649675728495081,4.548504207474716,,1.989612844275847,1.8309847475638366,1.6240198030173922
2.54,0.011276772417198006,2.1961100503411655,6.7682499636656575,1.999411686960955,1.995689932299964,1.9934115876427512,1.9937205846938812,2.028958489249381,6.767578125,3.6580684651383044,8.955404324301108,,1.9955473413085856,1.9565834989610031,2.3623380129310254
2.5500000000000003,0.009352691475673131,1.9999999999999936,6.781575465901453,1.9984494061488953,1.9928191994709863,1.9860620668432587,1.9692282033103599,2.0269908312378675,6.74560546875,-2.6449837461700585,11.620382942103156,,1.9780617277768122,1.8857255066935894,1.8032514205819778
2.56,0.007428610534148428,1.7824423263574463,6.792182573536391,1.9985705285309607,1.993634394930084,1.9898337645931408,1.9834243253200257,2.0225111510237146,6.767578125,3.839222155605723,13.541768869581933,,1.989237640967539,2.012601518628141,2.333645860835841
2.57,0.006239463115180201,1.6335607969055779,6.795344394706945,1.9997104322268289,1.9977218367669776,2.0025718107750805,2.0231605615251906,2.0170403898122258,6.78955078125,1.4954232431757395,14.951229720036734,,2.0186526312585165,2.1514795523758945,2.458825480601483
2.58,0.006239463115180199,1.6335607969055774,6.790495554735203,2.001805007604293,2.0046775467329305,2.0222440368352124,2.077023485249754,2.012749410483846,6.8115234375,2.0344644504155274,15.930372795282178,,2.058023376582545,2.251988978497955,2.3488040035885343
2.59,0.0074286105341483475,1.7824423263574365,6.779656325738397,2.0027443110115066,2.00750467753187,2.028354163009194,2.0805803290648615,2.010844786686917,6.78955078125,-2.019995078970191,16.500376952234106,,2.059828546992777,2.1027598704648214,1.2126079401304728
2.6,0.009352691475673216,2.0000000000000027,6.766330218403559,2.0025966633461882,2.006653956191785,2.023337841341033,2.0479950050808893,2.0107358981087726,6.767578125,2.440120884881574,16.647500083393457,,2.036560948295477,1.8971168868520054,0.7149297980815283
2.61,0.011276772417197928,2.196110050341158,6.755722118408198,2.0024508542195814,2.005846983293645,2.018753209952671,2.0230865591230405,2.011364129530056,6.767578125,2.818954950002087,16.333264271908376,,2.0188675128954188,1.8436936391938907,1.7946932548312333
2.62,0.012465919836166172,2.3089995935065057,6.752559406887714,2.0023070833218988,2.005084451190223,2.014627456785468,2.005939499423308,2.0119425429960933,6.767578125,1.6924833573629725,15.498890910741682,,2.0061039166872736,1.8572947970337887,2.2136126412132864
2.63,0.012465919836166194,2.308999593506508,6.7574078817402246,2.002165535112831,2.004366733764761,2.010971019727579,1.9947973597142754,2.0119349473592436,6.767578125,2.0537795266902172,14.075163838884857,,1.9974112866014582,1.893183470919531,2.2631521989781205
2.64,0.011276772417197989,2.1961100503411637,6.768246904028358,2.0030504623316943,2.007010189958628,2.0172953160512987,2.0155825039903115,2.011221480125327,6.78955078125,3.09197775480732,11.998593120254665,,2.013448699416906,2.042992600844816,2.512097426710141
2.65,0.009352691475673202,2.000000000000001,6.781572524379064,2.002851387015568,2.0059966170370913,2.01258114647734,2.0012022508842153,2.0095633345664163,6.767578125,-2.317187968514618,9.129819002195875,,2.0020646926127066,1.9620891363025716,1.6779998566424292
2.66,0.00742861053414841,1.782442326357444,6.79217975932467,2.0016326283896926,2.0017303651097498,1.9989757843362264,1.962806660449383,2.0063791730019034,6.74560546875,2.4502621752908964,4.618369527268379,,1.972628421457933,1.8329392401624283,1.2087310222464087
2.67,0.006239463115180223,1.6335607969055805,6.795341699195345,2.003553761017527,2.0078724231559604,2.0164139364251037,2.0239918888650386,2.002510893776366,6.8115234375,4.622484309214636,-6.213405580245463,,2.0194500514052147,2.178551689222488,2.8860037681152937
2.68,0.006239463115180205,1.6335607969055783,6.790492947858891,2.004328094582176,2.00996089996186,2.020751344009383,2.0361551509885225,1.9996558401116762,6.78955078125,-4.24808433033158,-9.700521759835267,,2.0280053473044433,2.120674487352795,1.9022902814701161
2.69,0.007428610534148366,1.7824423263574387,6.779653807737272,2.005046639049486,2.0117495851744094,2.0238688406464336,2.0423973615003232,1.9986695739041618,6.78955078125,3.5572519898237673,-11.971116730430282,,2.0321832259901496,2.0726678326142887,1.6671841406654826
2.7,0.00935269147567324,2.000000000000005,6.7663277974608205,2.0057115154476057,2.0132610346211357,2.025940600302141,2.044083655375071,1.999994173532482,6.78955078125,1.893412122845138,-13.584347568688655,,2.033311013278738,2.036957866015348,1.766977746531128
2.71,0.011276772417197944,2.1961100503411597,6.755719802094979,2.00632481787634,2.0145169022060845,2.0271227088299137,2.0424750427260827,2.003409969285085,6.78955078125,1.8852553560059413,-14.69854464330213,,2.03242187953752,2.0143799560480744,1.8972826324552476
2.72,0.012465919836166179,2.3089995935065066,6.752557188185786,2.005866200015651,2.012230748260113,2.018097018271147,2.009459452081767,2.0076826882465144,6.767578125,-1.1333125662020882,-15.362425832540627,,2.0089276310074307,1.887536729733848,1.509457856564777
2.73,0.012465919836166189,2.3089995935065075,6.757405735998366,2.0043992929915517,2.006795184972678,2.0008399997391857,1.9570332224776652,2.0108079729690655,6.74560546875,2.0218534261299776,-15.573519490369122,,1.9710592065067996,1.7579920740198034,1.4806989594596738
2.74,0.011276772417197971,2.1961100503411624,6.768244831515925,2.0040329172381117,2.0052274873667075,1.996344942016094,1.953924707791082,2.0113961672111618,6.767578125,3.567532208795628,-15.29587530975726,,1.969234870387354,1.915661728810289,2.4646174475991782
2.75,0.00935269147567318,1.9999999999999987,6.7815705318743635,2.0036795449794798,2.003797486901288,1.9927825402140136,1.954814074773027,2.009316623427021,6.767578125,-1.6105500896463176,-14.464271756583164,,1.9698768123866952,1.9917261227777623,2.3601324341312577
2.7600000000000002,0.007428610534148392,1.7824423263574418,6.792177853056709,2.0043629658336144,2.005821635437271,1.999564813666247,1.9878833562997091,2.005389214566557,6.78955078125,3.0703928305447525,-12.986683328301604,,1.993733896384137,2.132981210939888,2.4901498138500937
2.77,0.006239463115180216,1.6335607969055796,6.795339873331879,2.0049965178049267,2.007581453389773,2.005069446419303,2.010454491254201,2.001078549225158,6.78955078125,-1.0855508918023442,-10.7451977514628,,2.009784586443592,2.1435433715794088,2.0271257971867365
2.7800000000000002,0.006239463115180213,1.6335607969055794,6.790491182034689,2.0055821122039785,2.009095963682224,2.0094458000129256,2.024759429675748,1.9980272672189372,6.78955078125,2.201901852168187,-7.42291664712374,,2.0198025213926867,2.1120412313942354,1.7604488041928186
2.79,0.007428610534148384,1.782442326357441,6.7796521021146585,2.008165921266406,2.016987101702984,2.031565279925091,2.0883299746442425,1.9982701050178604,6.83349609375,3.796475354371413,2.6864176589238102,,2.0675262782731436,2.277488763806096,2.526235454092869
2.8000000000000003,0.009352691475673263,2.0000000000000075,6.766326157582835,2.00751417912108,2.0139937003501296,2.0208618380589813,2.042282021090976,2.0021714636368126,6.767578125,-4.415939172428964,8.235592728047619,,2.032455001710066,1.9172659162643164,-0.9548494768070479
2.81,0.011276772417197963,2.1961100503411615,6.755718233090053,2.0079084770458517,2.014541639683411,2.0211416943251517,2.036760504949879,2.0083147679265774,6.78955078125,5.213182103490215,11.148442169311915,,2.0282356681318463,1.9257060301984334,1.9433361814141734
2.82,0.012465919836166158,2.3089995935065044,6.752555685299763,2.0062197150779713,2.008320087206613,2.001974082960707,1.9722748279489253,2.015123329158762,6.74560546875,-3.6134258396391767,13.218595305501827,,1.9809877035866352,1.6845615146343904,1.2993826632563923
2.83,0.012465919836166182,2.3089995935065066,6.757404282533304,2.005641186464593,2.0060382931131358,1.9958380777001503,1.96049590447222,2.021024900783876,6.767578125,4.419346811304966,14.747080425112001,,1.9720665164314553,1.8281291235992563,2.4690282931834773
2.84,0.011276772417198027,2.1961100503411677,6.768243427654391,2.0061091649294434,2.0072886932639338,2.000507936711737,1.984458768252362,2.025601917513673,6.78955078125,1.2707186107031703,15.83677650690537,,1.9896502495739974,2.0372214565340396,2.742271024122887
2.85,0.009352691475673157,1.9999999999999962,6.781569182207815,2.0055147589432156,2.0050412557462267,1.9947749896861637,1.9726647612113375,2.028406855324955,6.767578125,-2.2227752730353396,16.51880054942816,,1.98029407296822,1.9866553307001893,1.8462385177390854
2.86,0.007428610534148449,1.7824423263574487,6.792176561804529,2.0049450446924024,2.0030117340196307,1.990227496201434,1.9664447460855798,2.0288081798442765,6.767578125,3.291795203535934,16.787103852573694,,1.9750680855416596,1.9865792315695023,1.774069810393279
2.87,0.00623946311518021,1.6335607969055788,6.795338636543604,2.0054231152513426,2.0045073223859755,1.996274450700619,1.9932491688245573,2.027065000148237,6.78955078125,2.705935624731714,16.610143685832217,,1.9946334248173554,2.104889587107807,2.2637992099797817
2.88,0.006239463115180191,1.6335607969055763,6.790489985915412,2.005862579415635,2.005811139407182,2.00127345826062,2.0118431893147375,2.0240737962167894,6.78955078125,-1.1096575150128836,15.934960010907435,,2.007814454043027,2.113023041570719,2.0213703610872433
2.89,0.007428610534148401,1.782442326357443,6.779650946774261,2.007287400174204,2.01024239981629,2.014785543375282,2.0520217038649213,2.0208838868065016,6.8115234375,3.0930509529368595,14.693005341136244,,2.037354190261307,2.19207111655809,2.2814075102153404
2.9,0.009352691475673192,2.0,6.766325046775995,2.0075917384630166,2.010816458840683,2.0160569069124437,2.048237921033018,2.0180864376334955,6.78955078125,-2.3994323871269807,12.822908422763803,,2.0337167145571304,2.0539166219037543,1.4998851018254826
2.91,0.011276772417197982,2.1961100503411632,6.755717170290609,2.0078641931095995,2.0112624296476476,2.016805602554705,2.0426727922645282,2.0154143190539586,6.78955078125,3.2212945109327777,10.236016572129765,,2.029487485594698,1.9900005859083802,1.7467360400881522
2.92,0.012465919836166163,2.3089995935065053,6.752554667287288,2.00708434311377,2.0082877443452327,2.007636337795222,2.0069845269196054,2.0123177676945954,6.767578125,-1.116341311253073,6.507171845217939,,2.0038041576595758,1.8495202459728668,1.500413577718886
2.93,0.012465919836166173,2.308999593506506,6.757403297997132,2.0083819140899326,2.0122019544530496,2.019004090174201,2.040720797523884,2.0086932212153754,6.8115234375,4.239648473053701,-4.351293867323779,,2.0294562298524994,2.07409196563184,2.693300944966921
2.94,0.01127677241719801,2.196110050341166,6.76824247671824,2.0075439130418022,2.0090032755620366,2.00895216407844,2.0035009277873272,2.004537991716041,6.767578125,-4.07747521286354,-8.744223486980667,,2.002459693982588,1.889003064430102,1.4207019069359865
2.95,0.009352691475673133,1.9999999999999936,6.781568267981816,2.0077641291038506,2.0094104661147303,2.010109012849938,2.006924363662067,1.9997563638402809,6.78955078125,4.612239000127532,-11.327605933426701,,2.0059121195213634,1.9830721679150976,2.1799208929937888
2.96,0.007428610534148431,1.7824423263574465,6.792175687146783,2.0089791673605,2.0130232395572776,2.020352969533825,2.0372636950817014,1.9953290630001306,6.8115234375,1.1610364522293908,-13.14554823848415,,2.0295121552721422,2.1217258515033937,2.4636751506488848
2.97,0.006239463115180202,1.6335607969055779,6.795337798778244,2.009084782321716,2.0128567193140223,2.018853168047142,2.0276106540694476,1.9921683528765504,6.78955078125,-2.2405552915239992,-14.429971621932099,,2.022529456418728,2.0207444591699586,1.6315039493065104
2.98,0.006239463115180198,1.6335607969055774,6.790489175698126,2.010189287624462,2.0159344195011393,2.0267470770169993,2.047852035501027,1.9908806982289828,6.8115234375,3.909997025767414,-15.256594648688306,,2.0381109033744305,2.0962957943812905,2.154884973666952
2.99,0.00742861053414842,1.7824423263574452,6.779650164179441,2.0101895900612976,2.015277651173984,2.0232344519117853,2.030386449328657,1.9916652522807838,6.78955078125,-2.6414279683005417,-15.639530224512441,,2.0254826670709427,1.981635330354084,1.5302379218384063
3.0,0.00935269147567312,1.9999999999999925,6.76632429434695,2.0101723202763786,2.0146032114674823,2.0199525474000644,2.016587861766934,1.993885358930489,6.78955078125,3.2004842656094397,-15.555562387120496,,2.015899407045788,1.9529186186294878,1.847927495446032
3.0100000000000002,0.011276772417198,2.196110050341165,6.755716450380406,2.0101386731923245,2.0139180417770683,2.0169305030267495,2.006337434672852,1.9966205758223294,6.78955078125,1.8299161856260264,-14.951916806948129,,2.0089476210761354,1.9559892917264372,2.0436167321841214
3.02,0.01246591983616617,2.3089995935065057,6.752553977714459,2.0090685716112215,2.0099182974780354,2.0046585425105348,1.9699537531265616,1.998340186768031,6.767578125,-1.203464566846773,-13.748233009237188,,1.9824855920844628,1.8503565957788317,1.6492707059090441
3.0300000000000002,0.012465919836166168,2.3089995935065053,6.757402631100175,2.0080462908409387,2.006300621944751,1.9946109196009105,1.946725627767048,1.9973370184936556,6.767578125,2.9521780289045214,-11.84329514708829,,1.9658475211603614,1.8628582709091315,1.9976560420580298
3.04,0.011276772417197992,2.196110050341164,6.7682418325809826,2.0070710445049,2.0030488558629256,1.9865793830239655,1.9340186999915405,1.9928262650392274,6.767578125,1.771392359761712,-9.058386965457384,,1.9567567850552323,1.9091129026618625,2.1334842554167457
3.0500000000000003,0.009352691475673204,2.0000000000000013,6.781567648710978,2.0071646495801874,2.0034679310633217,1.989924380420063,1.9603036965984353,1.9856034332239108,6.78955078125,3.039082924861644,-4.469190224858381,,1.9751421990810694,2.0655208178112225,2.466912688715239
3.06,0.0074286105341484126,1.7824423263574445,6.792175094678368,2.0082632659842345,2.007143936797169,2.002394886810847,2.0103357754555833,1.977781654479095,6.8115234375,2.0181464391183646,6.455862164425677,,2.010285176861854,2.201437082593592,2.4588296141322643
3.0700000000000003,0.006239463115180195,1.633560796905577,6.7953372312997224,2.0092826860855064,2.0103725142400637,2.01247212009,2.0416782935977946,1.9717106349009796,6.8115234375,-0.5344813361020133,10.002894885979236,,2.0328165373672324,2.189420937777935,1.8945653414772705
3.08,0.006239463115180205,1.6335607969055783,6.790488626879909,2.0102259789071244,2.0131850335383983,2.02043660173558,2.0595086625777297,1.969181603347255,6.8115234375,2.2651869483647955,12.374662236309947,,2.045925904129925,2.1299469952262595,1.6310962289367072
3.09,0.007428610534148363,1.7824423263574385,6.779649634071905,2.010075802390711,2.0123141056300313,2.017151065113187,2.039711982585421,1.970672200944774,6.78955078125,-1.0888359445807092,14.11307874072818,,2.0310770741900317,1.952045795877381,1.1543220807691763
3.1,0.009352691475673143,1.9999999999999947,6.766323784672856,2.009918250776367,2.011472208243635,2.0141830253979474,2.023882898603491,1.9755929694035566,6.78955078125,2.951833103613218,15.378330441428972,,2.019564321851872,1.8964522806925737,1.8314353664070222
3.11,0.011276772417197942,2.1961100503411592,6.755715962733653,2.00873311274023,2.0073551162068313,2.002040061463617,1.983243340834777,1.9828327918419855,6.767578125,-1.1371839857348889,16.22648567502126,,1.9894866178996338,1.7754893421578453,1.7333255839118449
3.12,0.012465919836166179,2.3089995935065066,6.752553510617363,2.0086256877487885,2.006963687895848,2.0016502616519585,1.9857552158012821,1.9909505756727883,6.78955078125,3.699320809051492,16.666990320111626,,1.991798979620625,1.92071243014847,2.4960766944306125
3.13,0.01246591983616619,2.3089995935065075,6.7574021793630585,2.0064675474031715,1.9999520357925618,1.9822275629512704,1.9305633057641705,1.9978874152212969,6.74560546875,-3.3451585298018673,16.67887763704125,,1.9502930815683162,1.7439194343196336,1.4495681523809352
3.14,0.011276772417197973,2.1961100503411624,6.768241396260641,2.0044262239935944,1.9937075647609475,1.9666590362188612,1.8959385799078226,2.001431020210101,6.74560546875,3.9752492676464564,16.218057512517046,,1.9250248445872902,1.7791365123648457,1.9615554922834995
3.15,0.009352691475673275,2.000000000000009,6.781567229234443,2.003522798802824,1.9915270158901153,1.9643113396557137,1.9104256224612375,2.0015797134924775,6.767578125,2.578709750546083,15.222704891569151,,1.934875176100205,1.992443635999047,2.5375771390706605
3.16,0.007428610534148394,1.782442326357442,6.792174693357039,2.004715781076402,1.996318101846818,1.9826495557079769,1.989728556622391,2.000308087156034,6.8115234375,2.7101777460042054,13.62547478650767,,1.9891587267019224,2.2826618690988605,2.8690523947439206
3.17,0.006239463115180217,1.6335607969055799,6.7953368469058555,2.0048086299133248,1.9972859674459043,1.9881486778511017,2.007941620672037,1.9994566258100204,6.78955078125,-3.088547620938256,11.358903828044053,,2.003826936231843,2.2031625259190335,1.5698881565957477
3.18,0.0062394631151802115,1.6335607969055792,6.7904882551260135,2.00488980225755,1.9981772887532474,1.9928504451523892,2.0178327080237377,2.000094060031803,6.78955078125,3.396545368142561,8.215847795802777,,2.0132277082402683,2.1286234959132466,1.3395456150507856
3.19,0.0074286105341483805,1.7824423263574405,6.779649274992095,2.005982029929034,2.002314902356775,2.00638049530839,2.04952828021972,2.0032521520456243,6.8115234375,2.7465718292348384,2.3898346040134557,,2.039959420293364,2.1692365821641784,2.0701411083423915
3.2,0.009352691475673166,1.9999999999999971,6.766323439434083,2.0059791287279882,2.0026731995828104,2.0076609632483664,2.0407153234326545,2.008896488980468,6.78955078125,-2.4047406078533413,-7.296951773930695,,2.034390784582675,2.012344201210062,1.517525185238012
3.21,0.011276772417197961,2.196110050341161,6.755715632415574,2.004946322401633,1.9996688212314115,1.9990975376909161,2.00444722208273,2.01520066924015,6.767578125,2.4985719047318855,-10.35460298563011,,2.0074819540163777,1.8258428760145704,1.3864824481850095
3.22,0.012465919836166184,2.308999593506507,6.752553194219028,2.00294522858259,1.993677907579091,1.9826468622716176,1.9503750544082805,2.0194687202328816,6.74560546875,1.9007742816990123,-12.427292362861968,,1.967249295215724,1.6771160696931893,1.6061267333867966
3.23,0.012465919836166182,2.3089995935065066,6.757401873369133,2.002082376040295,1.991721115836625,1.9791323808690595,1.9451214064034794,2.019468087908369,6.767578125,3.4936580476356895,-13.899700904052192,,1.9640390819070077,1.8525581989207343,2.577603178080886
3.24,0.011276772417197954,2.1961100503411606,6.7682411007096,2.000245264544237,1.9867019300194426,1.9670790969616474,1.9149787888335421,2.0141494431683435,6.74560546875,-2.6058847834336287,-14.891638692170908,,1.9419407934841506,1.835001544048499,2.0813938367104328
3.25,0.009352691475673252,2.000000000000006,6.781566945092923,2.0005674653156276,1.98901466140632,1.9772100209938825,1.961620107040438,2.0044259459529834,6.78955078125,4.393136408595961,-15.436700580146582,,1.9745290411131906,2.121953978847054,2.7629888794852193
3.2600000000000002,0.007428610534148376,1.78244232635744,6.79217442151334,2.001896014615982,1.9944918892402177,1.995513981422243,2.0240326277112297,1.9930989808145816,6.8115234375,-1.8216573751279654,-15.523280674863473,,2.0188642392641745,2.284684585245144,2.500701035268827
3.27,0.00623946311518021,1.6335607969055788,6.795336586528348,2.0031443253108643,1.999400993605343,2.010363501075445,2.0612036615851985,1.9830514684491725,6.8115234375,0.9426945352498731,-15.107781346332992,,2.046807466127786,2.265762848294016,1.7027169235591408
3.2800000000000002,0.0062394631151802184,1.63356079690558,6.790488003310469,2.0043150286243367,2.0037728353468953,2.0221296658099757,2.0810352607188434,1.976624686572316,6.8115234375,2.414422858970475,-14.118571544637716,,2.062623603000164,2.181937842582333,1.3654180042118935
3.29,0.0074286105341483995,1.7824423263574427,6.779649031761619,2.005410746452892,2.007639520344686,2.031213726027388,2.088656417949582,1.9747876170944918,6.8115234375,1.8885048151473252,-12.459413989677584,,2.069679461086323,2.082344751460486,1.57340609454199
3.3000000000000003,0.009352691475673188,1.9999999999999996,6.766323205579132,2.0043908361269867,2.0044085004844896,2.0191783427531522,2.0297977088060244,1.976499794381554,6.767578125,-2.5934719553454006,-9.991842640636193,,2.02848848960486,1.758234632613534,0.40645208195121824
3.31,0.011276772417197978,2.196110050341163,6.755715408667479,2.004448228870077,2.004831145526518,2.018474476946948,2.0194751779711466,1.9801993475439452,6.78955078125,4.270834607723767,-6.226676405567999,,2.0204943835576366,1.8214421559498857,2.3118159849663655
3.3200000000000003,0.01246591983616619,2.3089995935065075,6.752552979899769,2.003474711505749,2.001868500076673,2.0080876217198713,1.98462917652433,1.9843615023057073,6.767578125,-2.799405211843238,4.807229066150414,,1.9927987027045848,1.7443590551233055,2.0536251080787986
3.33,0.012465919836166175,2.308999593506506,6.7574016660975245,2.001531675664801,1.9959006325722226,1.989950930763429,1.9356043955827276,1.9865163285151508,6.74560546875,2.3899145704649665,9.083762641946963,,1.9527985296764925,1.6613562892252987,1.7790870255033295
3.34,0.011276772417198013,2.1961100503411664,6.768240900511706,1.9997022078126017,1.9906125875795997,1.9753555861232244,1.905996306823104,1.984752863346141,6.74560546875,2.8994415120646226,11.71292308528748,,1.9285361565879904,1.7544422750474935,2.10926721482812
3.35,0.009352691475673231,2.000000000000004,6.781566752623512,1.9990083729228347,1.9893085762741138,1.9735834488222033,1.9218081176205082,1.9794191887512138,6.767578125,2.6626107154511516,13.613853765229113,,1.9388704629015605,2.0022299551994136,2.5311982788779446
3.36,0.0074286105341484325,1.7824423263574467,6.792174237374128,1.999385292920998,1.9915664933647084,1.982317449837652,1.9688472290231556,1.972793418799577,6.78955078125,1.8718538506122537,15.008257554473046,,1.971388454519208,2.209489983976798,2.513934464744268
3.37,0.006239463115180203,1.633560796905578,6.795336410156011,2.000768340329353,1.9969708956176813,1.9993291748734991,2.0290895763175567,1.96789302564523,6.8115234375,2.1261277808258434,15.97456520466079,,2.015915003624848,2.33754140465217,2.301532097115633
3.38,0.006239463115180197,1.6335607969055772,6.790487832737766,2.002070148707868,2.001796751972756,2.013059105701911,2.0634002934244045,1.9674699710345134,6.8115234375,0.31728918308528015,16.532640803862066,,2.044152498402529,2.2978806687028075,1.6512773170886446
3.39,0.007428610534148418,1.782442326357445,6.779648867004197,2.0022700226368264,2.002760091925912,2.014467622325115,2.053742661709054,1.9722918682663086,6.78955078125,0.7255338241123443,16.667950390361835,,2.0392563063429376,2.0904960077795702,0.7500248698741947
3.4,0.009352691475673119,1.9999999999999922,6.766323047172424,2.001433143981173,2.000286589806951,2.0059005351297023,2.0157742073846556,1.9809606974357576,6.767578125,2.1424915133011027,16.341453913380843,,2.0124885365795535,1.8537435649234344,1.0429992649631117
3.41,0.011276772417197996,2.1961100503411646,6.755715257106869,1.9996211533664412,1.994760935545209,1.9893022352486986,1.961340650804159,1.9912024024229034,6.74560546875,1.8696249495159254,15.494229584030032,,1.9720752264511843,1.6612272381678665,1.625193848138834
3.42,0.01246591983616617,2.3089995935065057,6.752552834725982,1.9989441042067249,1.9932111557610983,1.9855137770830535,1.9561732592814243,2.0007297599492606,6.767578125,3.5084239414734095,14.057723771468098,,1.9683939904203738,1.8138670352831952,2.669714185012543
3.43,0.012465919836166196,2.308999593506508,6.757401525697615,1.9972857779045579,1.988543784931255,1.9731270444128484,1.9266363658432926,2.007053870964442,6.74560546875,-2.6125596622031018,11.969143220627076,,1.9457669735101288,1.7857169795567052,2.1855162454101027
3.44,0.011276772417197994,2.1961100503411646,6.768240764903328,1.9947047847945252,1.9811095535696783,1.9537940158137854,1.8808193291206732,2.0075598472459983,6.7236328125,2.46005869169011,9.087430516136656,,1.9111064145414745,1.7290732322795266,1.7422949399706609
3.45,0.009352691475673209,2.0000000000000018,6.78156662225019,1.993314476400745,1.9779619465254623,1.9486195381314548,1.8896089839694634,2.002007732235713,6.74560546875,3.546939283999019,4.539383586628823,,1.9154349210634238,1.9411499552099933,2.4035397046590234
3.46,0.007428610534148415,1.7824423263574447,6.792174112643444,1.9940776553777602,1.9820383944122504,1.9652569722535387,1.9679228666676862,1.9931197449758566,6.78955078125,2.472561273855316,-6.261344272438906,,1.9676980311254337,2.2555197232605146,2.8451450711926194
3.47,0.006239463115180196,1.6335607969055772,6.795336290686392,1.9948088082189341,1.9857858019905554,1.9794140988646314,2.014299120100802,1.9842049138635325,6.78955078125,-2.312707368213844,-9.721788071138894,,2.0036867106822274,2.2974997645841833,2.0684581358332887
3.48,0.006239463115180175,1.6335607969055743,6.790487717196652,1.9965358597547422,1.9925667795281456,2.0008741283329963,2.065625337593987,1.9785438085918194,6.8115234375,3.265220355341588,-11.978390283416676,,2.048164835340962,2.3395765841827263,1.9486639917565762
3.49,0.007428610534148436,1.7824423263574471,6.779648755402191,1.9981680653610516,1.9986286526912278,2.0178107768670666,2.092166633889589,1.9784673096469483,6.8115234375,-1.1642613368981356,-13.579936822912122,,2.0745603382857274,2.247819693652298,1.5435192144160663
3.5,0.009352691475673141,1.9999999999999947,6.766322939872213,1.9976556126565665,1.9973416034242517,2.0119838959323766,2.048750166955101,1.983274981998482,6.767578125,-2.013735850480899,-14.682585116236714,,2.045973096533858,1.8892293382130183,-0.8525348186709014
3.5100000000000002,0.011276772417198015,2.1961100503411664,6.755715154444008,1.9971799888764854,1.996218426227211,2.0070556439592204,2.0166724245217056,1.9908203833476557,6.767578125,3.832001395260533,-15.333945404401236,,2.0239125300509433,1.751637809076002,1.7174190399606817
3.52,0.012465919836166175,2.308999593506506,6.752552736389374,1.9957123284584644,1.9919090535393664,1.9935048520068614,1.9679414616215367,1.9989016867369513,6.74560546875,-1.5948946715380812,-15.530669443303296,,1.986191003368632,1.6089762583674503,1.9380138542302892
3.5300000000000002,0.01246591983616619,2.3089995935065075,6.757401430594694,1.9943406787157811,1.9881276860612833,1.982609702875828,1.9388595975553915,2.0050785582955513,6.74560546875,3.029435687463534,-15.23582588315584,,1.9615048965068091,1.6673696656565786,2.3596573257531634
3.54,0.011276772417197975,2.196110050341163,6.768240673046055,1.9930618676666585,1.9848396969368638,1.9740544953802528,1.923387956328237,2.0075400018928864,6.74560546875,1.8055413187247558,-14.382948365799693,,1.9471198301166464,1.7935975577974732,2.375214302012131
3.5500000000000003,0.009352691475673185,1.9999999999999991,6.781566533938996,1.9918727126887044,1.9820111232458566,1.9675511929905047,1.9180999413810598,2.005668780590691,6.74560546875,1.9917064125658421,-12.878666819897784,,1.9404510612454011,1.9202448878153715,2.222325234207858
3.56,0.007428610534148397,1.7824423263574425,6.792174028154413,1.9918003230229246,1.9829647819660454,1.9724513793318752,1.9508190031744796,2.0004599521790456,6.767578125,3.107365317857278,-10.600656246865418,,1.9613902501987932,2.1249026032998866,2.4292051765712803
3.5700000000000003,0.006239463115180189,1.633560796905576,6.7953362097610555,1.9927788755635238,1.9872750345124117,1.986564656511396,2.004252849217687,1.9940261556597232,6.78955078125,1.9834475224662074,-7.205023260059087,,1.9989290385595924,2.278203676453751,2.3962332677220908
3.58,0.006239463115180182,1.6335607969055754,6.790487638932376,1.9937139055320967,1.9911845155650467,1.9982271682096493,2.03600765284325,1.9885965422202776,6.78955078125,-0.5601156366649228,3.21800876960119,,2.0234249761444283,2.2653502920592956,1.838901650073693
3.59,0.007428610534148379,1.7824423263574403,6.7796486798061535,1.994606179552125,1.9947108828741138,2.007656231261389,2.053371007913446,1.9860114297468356,6.78955078125,2.2659103475018885,8.415293383442615,,2.038110898742546,2.190515989139548,1.6125497854029327
3.6,0.009352691475673162,1.999999999999997,6.766322867190088,1.9954565051728108,1.9978732288374454,2.015105766520764,2.0612495683981376,1.9872537672030486,6.78955078125,1.9562857533228095,11.27199269718696,,2.0456518322227817,2.098203044178782,1.722324031182636
3.61,0.011276772417197958,2.196110050341161,6.755715084903096,1.9952374097285421,1.997367333794221,2.0114204412672447,2.034632594375231,1.991917681125412,6.767578125,-1.2581420537825863,13.312166983644268,,2.0269828326154067,1.9014041199429343,1.3814585422645795
3.62,0.012465919836166182,2.3089995935065066,6.752552669778941,1.9950413290222224,1.9969331263983126,2.008185409020883,2.0143834312895246,1.9986623341648408,6.767578125,2.950516121443146,14.819006510956095,,2.013000168276694,1.842379400700222,1.9316695137319813
3.63,0.012465919836166212,2.3089995935065093,6.75740136617467,1.994867185446501,1.9965652095014839,2.0053795060575266,2.000149827877962,2.0056794019754274,6.767578125,1.7816246397003932,15.890371429775827,,2.0030668989083042,1.8501182296036869,2.165919743967585
3.64,0.011276772417197958,2.196110050341161,6.768240610824542,1.9916254037247774,1.9862649809284463,1.9743580146230046,1.904232631538202,2.009969963844271,6.70166015625,-3.4148580265952773,16.555111582541677,,1.9304742675942768,1.4845132420217888,-0.3661887815545923
3.65,0.009352691475673256,2.0000000000000067,6.781566474119494,1.990650244727546,1.9838408729111923,1.9685915184976128,1.9027240759169548,2.009722945103771,6.74560546875,5.272525736899287,16.805788892513863,,1.9298611497429219,1.812978244647662,2.670804710752514
3.66,0.007428610534148379,1.7824423263574403,6.792173970923937,1.9907815485318452,1.9851278619295718,1.9741569370253311,1.939633344681677,2.006531090713741,6.767578125,-2.348164869040001,16.609730888078257,,1.95590143428962,2.0912920101548216,2.854721784381522
3.67,0.0062394631151802115,1.6335607969055792,6.795336154944528,1.9929832103771854,1.9930406084632726,1.9984343996805651,2.027709315915168,2.0033630951269825,6.8115234375,3.4650439167977027,15.913226835625624,,2.018840253879878,2.371166069738086,2.872417550652137
3.68,0.006239463115180189,1.633560796905576,6.790487585918375,1.9950656252737744,2.0000981603396517,2.0179557294825163,2.0783312273193757,2.0029191410776273,6.8115234375,-1.42073564208677,14.647828652877624,,2.0587120355570336,2.367384179764204,1.7975595590632667
3.69,0.007428610534148397,1.7824423263574425,6.779648628599545,1.994975708061183,1.9997188555549923,2.014377898267238,2.0482028253111086,2.00555883790696,6.767578125,-2.015519305775204,12.753497429866893,,2.0396656809993683,2.0518478904365884,-1.4662485995534136
3.7,0.009352691475673185,1.9999999999999991,6.766322817957281,1.995929305891952,2.0026978510382367,2.0206487008261123,2.053279428861913,2.0100883993062144,6.78955078125,4.37765312859175,10.13946289568853,,2.045685308059878,2.0166523482944037,1.6982948819136474
3.71,0.011276772417197975,2.196110050341163,6.755715037798055,1.9937485527055634,1.9953659792511085,1.996831789674038,1.9687541136261506,2.014499395518325,6.7236328125,-4.107332620478579,6.355564413568318,,1.9830219143840002,1.5915636566594769,-0.5307668104143252
3.72,0.01246591983616619,2.3089995935065075,6.752552624658924,1.993766340960902,1.9955100692522156,1.9965371317776595,1.9729220288385168,2.0167679631297704,6.767578125,5.478898854652642,-4.552426575139818,,1.9850103141415814,1.8235923912441054,2.771424667669456
3.73,0.012465919836166205,2.308999593506509,6.757401322538374,1.9927655340413237,1.9923347574251593,1.9867978945987077,1.9496527417426153,2.0159051824385257,6.74560546875,-3.745111656625993,-8.831239205476997,,1.9654703751174967,1.8116474535744436,2.348831327545173
3.74,0.01127677241719794,2.1961100503411592,6.768240568677453,1.9928668699933592,1.9928825229268832,1.9886735910798363,1.9656006967461255,2.0115907265712476,6.767578125,3.9008258079438494,-11.379628133474588,,1.9761755256087514,1.9899308334342551,2.583825446324231
3.75,0.009352691475673233,2.0000000000000044,6.781566433599463,1.992975366899721,1.9934110361534045,1.9904000228542227,1.9784920400898611,2.0047380976718245,6.767578125,-1.2852783196959925,-13.174036834081157,,1.9845270752143662,2.05407058069185,2.165436520764099
3.7600000000000002,0.00742861053414836,1.782442326357438,6.792173932157637,1.9941192889275046,1.9972449549179314,2.0014808750507704,2.0164799470805534,1.9971376419895115,6.78955078125,2.9769942335039508,-14.437891758127629,,2.0123179847380404,2.1737409380696895,2.2464392100449557
3.77,0.006239463115180203,1.633560796905578,6.795336117813367,1.996233256377418,2.003979008971794,2.019832373132787,2.068285521696037,1.9914621486033421,6.8115234375,1.8366221809322651,-15.243791017000564,,2.050994342068768,2.2675801658027854,2.2421413732313464
3.7800000000000002,0.006239463115180196,1.6335607969055772,6.790487550008194,1.997199645768932,2.0066174501496388,2.0249133547260625,2.0717794358781294,1.9896852556276203,6.78955078125,-2.1207401694171057,-15.603803688486629,,2.0526369578062686,2.1151912047450807,1.224776483595676
3.79,0.007428610534148415,1.7824423263574447,6.779648593913638,1.9981131807134367,2.0089157990969038,2.0285603968671384,2.0694676497230846,1.992148249277207,6.78955078125,3.255152546315428,-15.493047583935171,,2.050757886325203,2.019704212688082,1.5468826842932333
3.8000000000000003,0.009352691475673209,2.0000000000000018,6.766322784608373,1.9979491859770977,2.007592278708359,2.0215242166887277,2.0337244007035795,1.9979926028272383,6.767578125,-1.2040533416644024,-14.856927963884763,,2.025582384492764,1.8488605049615108,1.405292199111945
3.81,0.01127677241719792,2.196110050341157,6.755715005890435,1.9988246293589267,2.009668859684611,2.024838315401542,2.0375908201811126,2.005739165680334,6.78955078125,3.689240129149615,-13.612331167703422,,2.028719803515647,1.9435037325445068,2.387036214065216
3.8200000000000003,0.012465919836166196,2.308999593506508,6.752552594095904,1.9965713498455162,2.0015121717939945,1.9984088428161881,1.951415735982643,2.0128877043192968,6.7236328125,-3.9445031424042067,-11.654993762003253,,1.9647036716129829,1.5988567299564944,0.6805984928249734
3.83,0.0124659198361662,2.3089995935065084,6.757401292980383,1.995483261430218,1.997541143428617,1.9864451664180116,1.926497131608851,2.01659478000814,6.74560546875,5.0684312059040675,-8.788138605456965,,1.9452748133929962,1.7533385518051026,2.362225855094533
3.84,0.011276772417197996,2.1961100503411646,6.76824054012821,1.9954947381304615,1.9973440900423651,1.9866284681355695,1.944428859890575,2.0159334652944376,6.767578125,0.33784561147996367,-3.876445337062155,,1.9576797979086347,2.00544785396697,2.7641617317531186
3.85,0.00935269147567321,2.0000000000000018,6.781566406152341,1.9944859258443952,1.9938511176985951,1.9774170337831904,1.93041068932969,2.010869469851253,6.74560546875,-2.264608946046518,6.8238229689315055,,1.9463114335500344,1.9914495614140921,1.9175865856491012
3.86,0.007428610534148492,1.782442326357454,6.792173905898445,1.9956015179798583,1.9974401421826233,1.989587518904057,1.9852864664953311,2.0024944033660357,6.78955078125,4.436089045747323,10.235652556144387,,1.9855289311336295,2.225745026444718,2.5642221542552566
3.87,0.006239463115180197,1.6335607969055772,6.795336092661771,1.996657949667606,2.000641133869656,1.9996081211663226,2.020335519327531,1.992967422397769,6.78955078125,-2.841589014637226,12.553092647402908,,2.011943564531358,2.242541579336268,1.9993220290107367
3.88,0.006239463115180174,1.6335607969055743,6.790487525683657,1.998682634582968,2.006791759336524,2.017145185940267,2.0681078938084005,1.9843396213842193,6.8115234375,3.1955246318948722,14.257977105631783,,2.049689600189896,2.284374088552004,2.073505160245909
3.89,0.0074286105341484325,1.7824423263574467,6.779648570418389,1.998537122007081,2.005586220770298,2.0121652908123218,2.040810688266868,1.9777964223301054,6.767578125,-3.1217199918518554,15.498018459828103,,2.0295947762356437,1.9901628352020888,-0.45105950601923783
3.9,0.009352691475673136,1.999999999999994,6.766322762018768,1.9994277479777334,2.0077863350392637,2.0173015418368063,2.0474467034798773,1.9738527272737825,6.78955078125,4.477339359680363,16.32470273863139,,2.035625843203204,1.98551957153314,2.0422653360356495
3.91,0.011276772417197937,2.196110050341159,6.75571498427712,2.0002657102932107,2.009689418388908,2.0211366234943147,2.0488342617605535,1.9732575678650448,6.78955078125,-1.8225150731196165,16.7451151615115,,2.037810349565396,1.9638024633856375,2.2018394053511257
3.92,0.012465919836166175,2.308999593506506,6.75255257339338,2.0010526623705687,2.0113168803308175,2.0238462336456635,2.0466328657321866,1.9758491441601904,6.78955078125,2.1364148226268433,16.737166197656276,,2.0373827333935273,1.952548534690537,2.147271775576335
3.93,0.01246591983616619,2.3089995935065075,6.757401272958639,1.9997415955480604,2.0060689610011075,2.0066674711841337,1.9849892714928774,1.9800225985927313,6.74560546875,-2.5336962385889263,16.256021693900372,,1.9924368539648707,1.7088132126003848,1.0368078037993862
3.94,0.011276772417197978,2.196110050341163,6.768240520789764,1.9985074295806988,2.0013450216939694,1.992453448766844,1.9443798156765473,1.9835535860128521,6.74560546875,3.633983665752072,15.239718226738383,,1.9624777567127967,1.7215370142979918,1.9341139129683107
3.95,0.009352691475673188,1.9999999999999996,6.7815663875604395,1.9973479101924347,1.9971217101831393,1.980986971180566,1.9204880459538851,1.9851282362722487,6.74560546875,1.5307353422465506,13.622308229691376,,1.944529089598319,1.8232504733454755,2.2902896275556794
3.96,0.007428610534148474,1.7824423263574518,6.792173888111214,1.9972871160619654,1.9967079473565834,1.9816355189446837,1.939843626293512,1.9849433654476138,6.767578125,2.9920655996297065,11.338224628359166,,1.957863013112722,2.0453601798722962,2.6193935351520774
3.97,0.006239463115180191,1.6335607969055763,6.795336075624794,1.9982601462204697,1.9996877072125265,1.992114258511852,1.9867886344672945,1.9843483302629228,6.78955078125,2.0385554936237704,8.177042300519933,,1.9908609359314677,2.224783858243531,2.5404371568348956
3.98,0.006239463115180181,1.6335607969055752,6.790487509206905,1.9981522601361872,1.9990118919355078,1.9911954801227687,1.9880710380338547,1.9844911384802768,6.767578125,-2.1825057863991444,2.2481301866528933,,1.9914176795499763,2.1319791600086315,1.407634142041507
3.99,0.007428610534148451,1.782442326357449,6.779648554503375,1.9990789886820493,2.0017385834474917,2.000161262925766,2.0175524010884325,1.9862407380903848,6.78955078125,3.872019628111666,-7.337022567428352,,2.0135871164008403,2.1850326726551037,1.9496794759230442
4.0,0.009352691475673159,1.9999999999999964,6.766322746717211,1.9999514867731722,2.0041486557219295,2.007412493566663,2.0356038068599043,1.990106084046418,6.78955078125,-1.5762490031139695,-10.376493216310903,,2.027390011520304,2.151914628020129,1.8585672510684261
4.01,0.01127677241719788,2.1961100503411535,6.755714969636872,1.9987216034548174,1.999626967075538,1.994171954140589,1.9901994664413558,1.9948330802943208,6.74560546875,-2.020156569085742,-12.438294858290483,,1.9921280095981433,1.8686479277160886,0.544446684972428
4.0200000000000005,0.012465919836166212,2.3089995935065093,6.752552559370078,1.997565565258849,1.9955953822880965,1.983441953145874,1.9587946851389446,1.9979813158269717,6.74560546875,3.846837233632001,-13.901423685315514,,1.9686035135104838,1.8060706285548007,1.8547650249294976
4.03,0.012465919836166184,2.308999593506507,6.7574012593964765,1.9954542496954226,1.988688937492226,1.965320922230665,1.9093520153147654,1.997251184617459,6.7236328125,-1.6118699381528159,-14.88406361013668,,1.9322759716642175,1.7076034315258959,1.9286265239527394
4.04,0.011276772417197961,2.196110050341161,6.768240507690447,1.9955288539360843,1.989285231133678,1.970531186069903,1.941582537563044,1.9920061641848394,6.767578125,4.242382746025754,-15.419054640170106,,1.9560891790506738,2.0067700102584993,2.915992414632815
4.05,0.009352691475673258,2.000000000000007,6.781566374966811,1.9945789704811816,1.986538989660797,1.9656208759094886,1.936397951538188,1.983179851039633,6.74560546875,-3.4795226741488756,-15.49426353499939,,1.9522579146299974,1.983980845530444,2.027805946035825
4.0600000000000005,0.0074286105341483805,1.7824423263574405,6.7921738760626456,1.9957493563502857,1.9908686107054308,1.9818117993620892,1.9981531134603034,1.9725389454164168,6.78955078125,4.487382621645391,-15.065288763059941,,1.9958269740142933,2.2055220081834435,2.550938218580069
4.07,0.006239463115180182,1.6335607969055754,6.795336064084428,1.9968567131259336,1.9947708955905055,1.9952002234305148,2.0362732211412062,1.962754960280357,6.78955078125,-2.741347399995004,-14.05971597726988,,2.024386282949169,2.2143869089219677,1.9405924388383715
4.08,0.006239463115180217,1.6335607969055799,6.79048749804602,1.9968763135165892,1.9949342309577642,1.996421481015873,2.029912339100685,1.9559864040570092,6.767578125,1.065692189407317,-12.380052180088631,,2.0203968899263596,2.047453622430882,0.9400449896755142
4.09,0.007428610534148394,1.782442326357442,6.7796485437229945,1.9989519369597215,2.001767934262636,2.0164983395419953,2.078635991080535,1.9543638391725406,6.8115234375,4.284087769079242,-9.882791199871399,,2.058775845643407,2.185228636585502,2.3965158468853183
4.1,0.00935269147567309,1.999999999999989,6.76632273635237,1.9988531310224587,2.001174600612511,2.0134173152971453,2.0509533448532316,1.958548407181552,6.767578125,-4.132053856077293,-6.044550974890491,,2.038898155680676,1.9386819368675838,1.1093935153909242
4.11,0.011276772417197973,2.1961100503411624,6.755714959719983,1.9977352140087934,1.9973082616331737,2.001166916055092,1.999645522672858,1.9667056682657262,6.74560546875,3.5426488985369593,5.031907470847894,,2.0018609710480852,1.7365523373563991,1.2294011991093938
4.12,0.012465919836166161,2.308999593506505,6.752552549871091,1.9966860977250722,1.9938760332223167,1.9911341314256048,1.9656216562046678,1.9767986934523658,6.74560546875,2.6195469928711246,9.200107810427209,,1.9767083156544456,1.7401626208207903,2.1049055460481245
4.13,0.012465919836166179,2.3089995935065066,6.7574012502098535,1.99467596126063,1.9875111883646037,1.9735263893398594,1.9160288396738987,1.9866807516059193,6.7236328125,-1.7907739264780524,11.797936808752823,,1.9390052843842294,1.691385953375934,1.9951999544640648
4.14,0.011276772417198017,2.196110050341167,6.768240498817343,1.9938203376123846,1.9852575384869047,1.9692190622380998,1.917552078898728,1.9946723318981554,6.74560546875,3.828731300522681,13.680964221877689,,1.9393033010351102,1.9133056187194775,2.577105664724002
4.15,0.009352691475673143,1.9999999999999947,6.781566366436246,1.991996004464568,1.9799838110225578,1.956574458505127,1.8935859762676877,2.0000567526220676,6.7236328125,-2.624237497951666,15.062239373896318,,1.9205951848539817,1.9150606312572838,1.9018818426901065
4.16,0.007428610534148439,1.7824423263574476,6.792173867901288,1.9923511721521354,1.982127685177852,1.9665880692586042,1.9484281900792488,2.003311249991745,6.767578125,4.364772608663128,16.017503604227272,,1.9570440333485541,2.1890496446896837,2.631609883388984
4.17,0.006239463115180234,1.633560796905582,6.79533605626731,1.991668380760384,1.9807843996393042,1.9655893031901728,1.9550520418582298,2.005502049692235,6.74560546875,-3.474795607908842,16.565388444413617,,1.9613913355163874,2.134471125342145,1.6313792729133307
4.18,0.006239463115180195,1.633560796905577,6.790487490485951,1.9920695087839613,1.9830717702047214,1.9752350048971339,1.9899616828248203,2.00752662775673,6.767578125,3.9489381384195354,16.69079520541245,,1.987888421421413,2.2047051448076993,2.0426567992985074
4.19,0.007428610534148487,1.7824423263574534,6.779648536420668,1.9924597829857151,1.9852078958924062,1.983446450425203,2.0112369593138277,2.010624769582459,6.767578125,-1.4129685489296488,16.354250560450733,,2.0056730563473057,2.1768331275314075,1.877529339760027
4.2,0.009352691475673204,2.0000000000000013,6.766322729331518,1.9938682652548665,1.9905494047528318,1.9999270357208594,2.050058168964253,2.015700277741986,6.78955078125,2.988804915698002,15.496832890697492,,2.0380707995039717,2.22018031051457,2.25119776187636
4.21,0.011276772417197916,2.1961100503411566,6.755714953002562,1.9931441922629791,1.98863929525507,1.9939946620712243,2.0198831897089713,2.022134914367651,6.74560546875,-3.1440117891870725,14.05045976422039,,2.014709354134251,1.9392049498659472,0.8314668430888218
4.22,0.012465919836166139,2.3089995935065026,6.752552543436745,1.9914435245154654,1.9836467868117513,1.979724330655854,1.969021786408681,2.0276895853433605,6.7236328125,3.3744460436289994,11.953297030004938,,1.9761925786885752,1.7199015377810827,1.1949772910177487
4.23,0.01246591983616614,2.308999593506503,6.757401243987093,1.9908870046207692,1.9826592449185176,1.9780325539442378,1.9638783328949914,2.030479131986534,6.74560546875,3.454007173998944,9.0637388817448,,1.9732414587412788,1.8448114149062416,2.497163905451348
4.24,0.011276772417197923,2.1961100503411575,6.768240492806951,1.9893468030850079,1.9785192082301453,1.9674645084480356,1.9328477411189338,2.029390468320928,6.7236328125,-2.7472489235729243,4.496198177137109,,1.9506406194765677,1.796629926122164,2.112231254443153
4.25,0.009352691475673214,2.000000000000002,6.781566360657883,1.9899777014096731,1.9816938572568548,1.978612690660794,1.9754227283379215,2.0247676100209624,6.767578125,4.454117294088739,-6.284281406046459,,1.9819726193698037,2.0753786059363573,2.814057910722228
4.26,0.007428610534148495,1.7824423263574543,6.792173862373015,1.991617928872025,1.987974730173122,1.9975267158255237,2.034396866627882,2.018486533244858,6.78955078125,-1.8299465465201503,-9.728811729389689,,2.0248053257106275,2.2396111743074107,2.537021776828302
4.2700000000000005,0.006239463115180198,1.6335607969055774,6.795336050972217,1.992142712992947,1.9902617861769492,2.003312947066307,2.0420718882506357,2.01203063837276,6.767578125,-2.0469367448735256,-11.976070839292493,,2.030144483389194,2.123827017413368,1.146607399838575
4.28,0.00623946311518023,1.6335607969055816,6.790487485364976,1.9926482196650925,1.992341191574309,2.00787899165929,2.044327778855959,2.0064423802694678,6.767578125,3.2953293026403356,-13.56918326424931,,2.031792270937776,2.051349261976446,1.2395089112331306
4.29,0.007428610534148431,1.7824423263574465,6.779648531474282,1.9941640815620054,1.9975548034003254,2.0207718950456917,2.071258464675773,2.0030722000509296,6.78955078125,2.6816201651065183,-14.66291461298663,,2.0521742488425385,2.116077928280606,2.1106588231483703
4.3,0.009352691475673133,1.9999999999999936,6.7663227245757955,1.995596988614987,2.0021766559703744,2.030763925382146,2.084418997464363,2.002753400418717,6.78955078125,-1.0966107979654613,-15.304316365491278,,2.0628355589922385,2.0946272908277517,2.0457911528649233
4.3100000000000005,0.01127677241719801,2.196110050341166,6.755714948452375,1.9948929064468395,1.9996177806998994,2.01947129493773,2.0288960135035596,2.0044818039001315,6.74560546875,-1.9222179025407202,-15.48941326884689,,2.0242981661728354,1.8233476178433055,0.8626763446694398
4.32,0.012465919836166173,2.308999593506506,6.752552539078303,1.995265839604672,2.000647669136891,2.0192694702999,2.02025615212763,2.0067225285449695,6.767578125,4.352958158796882,-15.180398869356392,,2.018305253957491,1.9032862078163002,2.2829671000275256
4.33,0.012465919836166163,2.3089995935065053,6.7574012397719745,1.9945941557666127,1.998230105953449,2.009177296004411,1.985456869407863,2.008102125875085,6.74560546875,-2.8327558161855566,-14.309825398631466,,1.9919289147406072,1.8268340655530773,1.959085379844013
4.34,0.011276772417197982,2.1961100503411632,6.768240488735685,1.9939693491344133,1.9960752576593193,2.000733516588521,1.9638864818032145,2.0070001925751675,6.74560546875,3.198495710301022,-12.78298331761001,,1.9746933964546125,1.8537730382767312,2.123093143725189
4.3500000000000005,0.009352691475673098,1.99999999999999,6.781566356743784,1.9933897295474343,1.9941678286807276,1.9938170202797276,1.9515529612247968,2.0025103455697395,6.74560546875,1.8512028448527642,-10.473334213181037,,1.964572105368383,1.9075991346071135,2.1358745577576803
4.36,0.007428610534148401,1.782442326357443,6.792173858628322,1.9938825918324639,1.9958144075513122,1.997822147398856,1.9745426571847713,1.9950524391259363,6.767578125,3.025676859579662,-7.011006329167408,,1.9816076706527097,2.0676586571192948,2.440308925635196
4.37,0.00623946311518022,1.6335607969055803,6.795336047385472,1.9953824842590324,2.0006055351955094,2.0105271732646037,2.020134628282163,1.986204250321418,6.78955078125,2.0532587387909658,3.615410456534942,,2.0153128196499255,2.2045261349957666,2.4368899568890887
4.38,0.00623946311518021,1.6335607969055788,6.790487481896174,1.9957704404392898,2.001535614641251,2.011148040116098,2.0213440436818733,1.9775545459576043,6.767578125,-2.194297167275594,8.567916251393907,,2.015214177963485,2.087524426879382,1.3900351195154714
4.39,0.0074286105341483735,1.7824423263574396,6.77964852812374,1.997167119096095,2.005646347309636,2.0208091012673832,2.049069898941531,1.9706835105534004,6.78955078125,3.8725356227314296,11.378347923611427,,2.035458542018703,2.1342331318754266,1.9960565898616822
4.4,0.00935269147567325,2.000000000000006,6.766322721354402,1.9984821616657065,2.0092498252469024,2.0282201175485337,2.064942623761317,1.9671254541564172,6.78955078125,-1.5743646484228562,13.393543270678869,,2.0469055642342417,2.104955568888996,1.9097512856950518
4.41,0.011276772417197952,2.1961100503411606,6.7557149453702054,1.9976663937181378,2.0057786349676214,2.0148356703005463,2.0135913083184565,1.9669702506053102,6.74560546875,-2.0207748631099234,14.882320100841543,,2.0094717363057533,1.8291412046987026,0.6432010621837915
4.42,0.012465919836166153,2.308999593506504,6.752552536126018,1.9989523889332426,2.0092490412318953,2.022532401555141,2.0364949827244265,1.9701189145083315,6.78955078125,4.861324516294215,15.938534729251955,,2.0266278798271466,2.018525866773166,2.5898411068169165
4.43,0.012465919836166243,2.3089995935065124,6.757401236916771,1.9981092455255007,2.0056517502716895,2.00934082221649,1.991445480090378,1.9764513446017056,6.74560546875,-4.239436006799876,16.589195775604207,,1.9939209853189102,1.827388732986852,1.588106265225714
4.44,0.011276772417197888,2.1961100503411544,6.768240485977923,1.9983423774076,2.0057098894518783,2.0079127011931024,1.9907192427789762,1.985047212767299,6.767578125,4.600966546656847,16.825620060083573,,1.9939623289927602,1.9385585778142849,2.3513832653223923
4.45,0.009352691475673169,1.9999999999999976,6.781566354092483,1.9975357494043615,2.002396704725266,1.9970370791978975,1.9619375128922472,1.9948698800862354,6.74560546875,-2.7062111553850685,16.614248668640585,,1.9726754927669958,1.8705708056236008,1.8346688455069167
4.46,0.007428610534148459,1.78244232635745,6.792173856091771,1.9957513445964559,1.9960887958989988,1.9786110050582408,1.914698298663347,2.0042827932708978,6.7236328125,2.310194741480082,15.900741720532404,,1.9376917532552067,1.7688765415024525,1.5378238803086146
4.47,0.006239463115180242,1.633560796905583,6.795336044955913,1.9961307746265526,1.997140423879232,1.9832032175301608,1.947575167005559,2.012638844904379,6.767578125,4.158587245513453,14.617124154388039,,1.9619461701561742,2.0480574776084324,2.7039738685177963
4.48,0.006239463115180186,1.6335607969055759,6.7904874795465044,1.9954647112822659,1.9947534302182282,1.9776318169328804,1.942778389222884,2.0200634519980434,6.74560546875,-3.564801432567282,12.704589752922244,,1.9580981778425024,2.011911445775186,1.9043145670783264
4.49,0.007428610534148466,1.782442326357451,6.779648525854177,1.9958703309104284,1.995981940444084,1.983122373751664,1.9735998835904371,2.0266728917908376,6.767578125,4.000256744689107,10.070948276492944,,1.9794932802416458,2.1172583913804415,2.2279620558435203
4.5,0.00935269147567318,1.9999999999999987,6.766322719172321,1.9962562383427018,1.9970889109372914,1.9878794548876875,1.9947963330529677,2.032787173661594,6.767578125,-1.4394992085268457,6.248197369389095,,1.994472346550202,2.1207029335061023,1.9717510912239564
4.51,0.011276772417197895,2.196110050341155,6.75571494328243,1.9966228830782071,1.9980807162924077,1.9919443966783006,2.0084832235966386,2.038119963138974,6.767578125,2.1195035640017656,-4.683339909280976,,2.004377894890539,2.0922405176909864,1.8655732721883043
4.5200000000000005,0.012465919836166189,2.3089995935065075,6.752552534126223,1.9959440295612763,1.995636967407038,1.9858046346177447,1.9887883109436948,2.0415178485986085,6.74560546875,-1.0843809803942819,-8.88666790142376,,1.9888597604444862,1.9470636560362404,1.407033018480307
4.53,0.012465919836166206,2.3089995935065093,6.757401234982737,1.9953093745683532,1.993476118900027,1.9810435966010866,1.975782206711427,2.0413359322013043,6.74560546875,2.8997480333803716,-11.40964804372178,,1.9787881345762073,1.915929685156586,1.8985554362382948
4.54,0.011276772417197944,2.1961100503411597,6.768240484109894,1.9936895535900532,1.9882420738755588,1.9678498736467345,1.9390254092535628,2.0362849853597447,6.7236328125,-1.1421223398179399,-13.186033657859321,,1.950996658665581,1.8061542209394201,1.7076244155848628
4.55,0.00935269147567324,2.000000000000005,6.7815663522965695,1.9952571816591944,1.993660947586183,1.9866334635914897,2.004789582050719,2.027019358640979,6.78955078125,4.742960174703256,-14.433485252764383,,2.000510463116932,2.1652661883387014,3.0381409181014196
4.5600000000000005,0.007428610534148366,1.7824423263574387,6.792173854373585,1.996736159115112,1.9985009195377392,2.0020240715782234,2.048688086638686,2.015789858596942,6.78955078125,-3.6530711365091113,-15.222415658001959,,2.0327066537032645,2.216573186853831,2.317473678834585
4.57,0.006239463115180205,1.6335607969055783,6.795336043310199,1.9971029043172366,1.9994740574136576,2.0048555808605455,2.0465277733031773,2.0044363524879563,6.767578125,1.5854638318770273,-15.563249174112979,,2.030770765527283,2.0663729823994466,0.9809786987306501
4.58,0.0062394631151801655,1.6335607969055732,6.790487477954907,1.9984758483433904,2.0036513907682028,2.0164911405892476,2.070735031647907,1.9952605555789127,6.78955078125,3.744774278835686,-15.429647433902577,,2.0487786152150207,2.102614249634148,1.8427534017912492
4.59,0.00742861053414841,1.782442326357444,6.779648524316842,2.0007909071336356,2.0106352416471283,2.0349236074018413,2.1106996277472603,1.991105913303695,6.8115234375,1.2147433750947505,-14.76528321817786,,2.078903198240173,2.1791414416327997,2.2583869737593156
4.6000000000000005,0.009352691475673294,2.0000000000000107,6.766322717694245,2.002961623763254,2.0167518263223783,2.0491266637484253,2.129106561890907,1.9929866068166338,6.8115234375,0.2281550808622307,-13.484716768507258,,2.094459768452747,2.1390044360866285,1.9730820927337112
4.61,0.011276772417197989,2.1961100503411637,6.755714941868234,2.0019230650362423,2.012167415638826,2.031424646675119,2.0411266538224697,1.9985112360996828,6.74560546875,-2.8591065320203084,-11.480317476508253,,2.036782539998165,1.7150100089911573,-1.192648106137787
4.62,0.012465919836166165,2.3089995935065053,6.752552532771621,2.000938792121138,2.0079859702835163,2.0162040720315657,1.9860097442633178,2.0044818212855255,6.74560546875,4.458264369391926,-8.53657869581888,,1.9949712127596855,1.640309499423124,1.7668383987528868
4.63,0.012465919836166227,2.308999593506511,6.757401233672679,2.000007467040561,2.0041945986930534,2.0034968280362544,1.9564590191475968,2.008606783577377,6.74560546875,0.9389475719211123,-3.253249310563103,,1.9668838925327845,1.72128857751429,2.452011803492257
4.64,0.011276772417198003,2.1961100503411655,6.768240482844546,1.9991277268721703,2.0007787199443055,1.9931706167063385,1.9420065870529848,2.0092638673928023,6.74560546875,1.9349303908153375,7.137272742084653,,1.9498556362447348,1.8448786165026372,2.5061338380173543
4.65,0.009352691475673124,1.9999999999999927,6.781566351080068,1.9982981805000506,1.9977215817528702,1.9849785218762952,1.9369381078549606,2.00595088878889,6.74560546875,2.104428354624722,10.439175035676483,,1.9412473952807516,1.95765177748687,2.30552694141474
4.66,0.007428610534148422,1.7824423263574456,6.792173853209736,1.9985436242424304,1.9983390130114451,1.9882030936745343,1.966319989179851,1.9996495121265674,6.767578125,3.05638191562482,12.710006049637846,,1.9608573085784669,2.1437390719888976,2.4407559333197946
4.67,0.006239463115180228,1.6335607969055812,6.79533604219544,1.9997995661568002,2.002214835305655,2.00047201920196,2.015296522422348,1.9924714110947823,6.78955078125,1.981654175980987,14.385496413334229,,1.997584747153688,2.283105767250817,2.36900443023129
4.68,0.006239463115180143,1.63356079690557,6.790487476876804,2.0009776087500413,2.0056314125837624,2.0103226266188576,2.0452943708633278,1.986722688260544,6.78955078125,-0.5258500834164695,15.603288949553734,,2.02164087383564,2.261703556162827,1.7958673552976325
4.69,0.007428610534148503,1.7824423263574551,6.779648523275494,2.0020803569709242,2.008620040540592,2.01807197141103,2.0620835777877162,1.9842183211112367,6.78955078125,2.2635082230434174,16.410793572644696,,2.0361428250169604,2.1810967733353115,1.5842180877455434
4.7,0.009352691475673223,2.000000000000003,6.766322716693036,2.0031104066046215,2.0112111081712545,2.0240015849759776,2.0694272907351565,1.9856528219971716,6.78955078125,1.9563287577405466,16.813107254899922,,2.0436749123873,2.0856924587433485,1.7156001565839307
4.71,0.011276772417197932,2.1961100503411584,6.755714940910297,2.0030468881329635,2.010129471131769,2.019014810834907,2.0412973591474253,1.9899923092015874,6.767578125,-1.2580540298166445,16.78701875512441,,2.0250945730129977,1.8879081330251248,1.3869888942150908
4.72,0.012465919836166144,2.3089995935065035,6.752552531854052,2.0019546067932237,2.0057806718471225,2.00510910642701,1.99049108119225,1.9947920838679083,6.74560546875,2.0068173155106015,16.287150902669175,,1.9897064150152233,1.7043547272656188,1.4640523969139054
4.73,0.012465919836166192,2.308999593506508,6.757401232785284,1.9998948712998021,1.9985330852232372,1.9840364538115132,1.9285178589026375,1.9970539723304679,6.7236328125,1.9561341329790327,15.251275215825336,,1.94434561779636,1.5836727499713084,1.725485103081063
4.74,0.011276772417197909,2.196110050341156,6.7682404819874336,1.9989787081724746,1.995400723508409,1.9766609761894514,1.9216010841881546,1.994773419080622,6.74560546875,3.496144803799265,13.614932832630213,,1.9391235312953183,1.8115045259790732,2.6303147378858056
4.75,0.009352691475673195,2.0000000000000004,6.7815663502560435,1.9981154510244101,1.9926327226592055,1.9710742990983479,1.9224820965372855,1.9879774765975102,6.74560546875,-1.5590629028685283,11.31407191604818,,1.939165053211495,1.9535999519822593,2.452420855983098
4.76,0.00742861053414848,1.7824423263574525,6.792173852421375,1.9983300910808304,1.9935439683121445,1.9767411066319605,1.9589662117401248,1.978235054101472,6.767578125,3.06764643483642,8.134479501968203,,1.9646568856555777,2.147083385994492,2.492588407408879
4.7700000000000005,0.006239463115180192,1.6335607969055768,6.795336041440333,1.9995580310647298,1.9977173984806023,1.9914132849286503,2.0132230555100143,1.9682924112048938,6.78955078125,1.7915173861542615,2.085578968109217,,2.0049161256071804,2.2871283035181196,2.3460409510015867
4.78,0.006239463115180179,1.633560796905575,6.790487476146528,2.000710465806294,2.0014301213491645,2.00339119762187,2.044984545059752,1.9612566584478672,6.78955078125,-0.31845983838315833,-7.379987146742901,,2.030832741380837,2.2646551969165016,1.7286244347316204
4.79,0.0074286105341484455,1.7824423263574485,6.779648522570117,2.001789894222006,2.004710827004537,2.0129551451340144,2.0620959370430163,1.959822911044799,6.78955078125,2.266873989549776,-10.400738921100162,,2.0460393815946754,2.182270929338178,1.5258541614494432
4.8,0.009352691475673153,1.9999999999999958,6.766322716014849,2.0038224678127157,2.010893614111074,2.0298097111239737,2.0962898596868476,1.965353459179062,6.8115234375,2.968233398765248,-12.45142181049078,,2.074388720323518,2.1895578609096167,2.116565174599196
4.8100000000000005,0.011276772417198025,2.1961100503411677,6.755714940261418,2.002653413474274,2.0063954759041516,2.014635566484524,2.028278445612391,1.9758978602662145,6.74560546875,-3.8111437761083518,-13.905299291983953,,2.0260563835623917,1.75778305613692,-0.9951348772451654
4.82,0.01246591983616618,2.3089995935065066,6.752552531232518,1.9994952055717026,1.9956864501008902,1.9827382222370784,1.9214395564519842,1.9872595296945585,6.70166015625,3.57943834813692,-14.87881622916755,,1.9477110694213462,1.3451743036794992,-0.27708854841396335
4.83,0.012465919836166215,2.3089995935065097,6.757401232184187,1.9985712091318177,1.9928090458078158,1.9761858923152367,1.9174512402765747,1.9965405275624997,6.74560546875,4.541138533583221,-15.403999998402549,,1.9416491228268553,1.7003225343324224,2.9673547248183145
4.84,0.011276772417197965,2.1961100503411615,6.768240481406853,1.99770154349033,1.9902844610292187,1.9712981976357467,1.9214727947268566,2.0024735795606152,6.74560546875,-3.032760950393207,-15.46809536169021,,1.9410720048097072,1.896580942718242,2.837058348203082
4.8500000000000005,0.009352691475673079,1.9999999999999878,6.781566349697875,1.9958573321694206,1.9847446818780954,1.9581304229480663,1.8998232968068063,2.0039854631166603,6.7236328125,1.323698613355295,-15.026153584816997,,1.9216799872341805,1.905054285798232,1.9847411194917874
4.86,0.0074286105341483865,1.7824423263574414,6.792173851887365,1.9951539118985402,1.9832469500539747,1.9579717712131852,1.9247405058166436,2.001193471171187,6.74560546875,3.724481601174281,-14.004855634742416,,1.9354065888758791,2.088839424290135,2.266864317640715
4.87,0.006239463115180213,1.6335607969055794,6.795336040928847,1.9944980616139447,1.982013110759728,1.9586688831144836,1.9450216886877834,1.9956579586349776,6.74560546875,-1.6855092484099603,-12.30543612425784,,1.948026948680408,2.1475634595007334,1.9867610954690704
4.88,0.006239463115180158,1.633560796905572,6.790487475651861,1.9969714438825032,1.991079689852484,1.989453644657385,2.041798217453345,1.9898507808801358,6.8115234375,4.267337372212719,-9.779587456548862,,2.0240200943041655,2.4397078709191202,2.8797812475055755
4.89,0.007428610534148389,1.7824423263574416,6.779648522092312,1.9972455614726325,1.9924879183170459,1.9947978180126527,2.0424908187842274,1.9856441614306555,6.767578125,-4.576299676620864,-5.868567732243656,,2.0295557846388994,2.2133768889377574,0.889304556750253
4.9,0.009352691475673268,2.000000000000008,6.766322715555461,1.997505614659632,1.99377858019656,1.999114379642126,2.039243955057508,1.9830493449472044,6.767578125,4.228291844683005,5.234348083469069,,2.0312527584945936,2.057508436503717,1.1454205482054416
4.91,0.01127677241719797,2.196110050341162,6.7557149398218845,1.9967251226047857,1.9916156535332854,1.9930205229233497,2.007351220619778,1.9813898949876407,6.74560546875,-1.4000234893051948,9.308338003339593,,2.009119403846297,1.8336834462151612,1.1654063085795023
4.92,0.012465919836166158,2.3089995935065044,6.7525525308115055,1.9959937449451093,1.9897345033038707,1.988193254535827,1.9857626273792506,1.979756120244591,6.74560546875,2.9383868257228833,11.877678231682522,,1.9936010336198347,1.7738127783924449,2.005570678029978
4.93,0.012465919836166236,2.308999593506512,6.7574012317770205,1.9953099014001738,1.988115989799038,1.9844650238069512,1.9721293793082908,1.9777163210843112,6.74560546875,1.837736526211138,13.744286220969322,,1.9834946285281603,1.794644155637968,2.2912580739622803
4.94,0.011276772417197873,2.1961100503411526,6.768240481013581,1.9956998683287464,1.9900858666107941,1.9911424873098087,1.9919620399561428,1.9755337885198168,6.767578125,3.042938629640399,15.113644595474163,,1.9992671841947351,1.9636720404712242,2.596509859251558
4.95,0.00935269147567315,1.9999999999999956,6.781566349319785,1.995043872604602,1.9885480860878004,1.9872491360604714,1.9779841634940811,1.9736964881869372,6.74560546875,-2.2681709495912497,16.058822212975468,,1.9880905337534147,1.9012872648623362,1.7694178789045494
4.96,0.007428610534148444,1.782442326357448,6.7921738515256385,1.9954605912799903,1.9905842855096194,1.9937263353419281,1.9979798190282847,1.972821625158912,6.767578125,3.859863530341192,16.59751889422294,,2.002734992843605,2.0243845873056525,2.191350260066905
4.97,0.006239463115180237,1.6335607969055823,6.795336040582376,1.9958577833860143,1.992442558746616,1.999068793185525,2.011851639848404,1.9738431673888717,6.767578125,-1.5308025875558344,16.713983639970724,,2.0121688872274315,2.051636028256748,1.974542055297318
4.98,0.006239463115180192,1.6335607969055768,6.790487475316785,1.9952082510170397,1.9907945360000066,1.993943592164481,1.9915468291875396,1.9770757053383452,6.74560546875,0.5259847396270484,16.36837538028946,,1.9961358766460797,1.9350120997760112,1.3950491612118143
4.99,0.007428610534148482,1.7824423263574527,6.77964852176866,1.9956305761664752,1.9927116712995467,1.9993010164828369,2.0071808807709783,1.9825597566232611,6.767578125,3.70530733086736,15.501787759629755,,2.0070454728156863,2.03281884711343,2.253221238472462
5.0,0.009352691475673199,2.0000000000000004,6.766322715244285,1.9950049036940987,1.9911154028156337,1.9941497610521912,1.9879337653851505,1.9899657633266468,6.74560546875,-2.6516879112517904,14.046765464638693,,1.9922964462818944,1.9381924548090825,1.7603485841994473
5.01,0.01127677241719791,2.1961100503411566,6.755714939524157,1.9944220610597998,1.9897381752840062,1.9899965328245077,1.975142055988342,1.998069935481313,6.74560546875,3.2227573502261313,11.942393206121189,,1.982685909134664,1.9279334852573713,1.9807440144018833
5.0200000000000005,0.012465919836166194,2.308999593506508,6.752552530526326,1.9928517022701537,1.9852211394919963,1.9771461089609739,1.9374433334735135,2.0051330980711706,6.7236328125,-1.0736258855682346,9.046638790248874,,1.9551189174429346,1.824601000936443,1.6403537892747446
5.03,0.012465919836166201,2.3089995935065084,6.757401231501217,1.991382993107232,1.9812738884107703,1.9669763443565977,1.914673096016417,2.009543435785367,6.7236328125,3.011110826148002,4.465413882493746,,1.938805449871583,1.8457893102910619,2.0093205059419383
5.04,0.01127677241719793,2.1961100503411584,6.768240480747189,1.9920728640673584,1.9845706437863357,1.9786571299272924,1.966966074963422,2.011163920264827,6.767578125,3.4613257173711927,-6.299096088175439,,1.9752470440783207,2.123480919155085,2.7967454441508974
5.05,0.009352691475673221,2.000000000000003,6.781566349063678,1.9906729691376206,1.9808808151393373,1.9690943478433518,1.941711411246121,2.010022415273406,6.7236328125,-3.9339948267795943,-9.73177773535495,,1.956693312842174,1.955000918054161,1.2533983321698237
5.0600000000000005,0.007428610534148349,1.7824423263574367,6.792173851280616,1.990399410209194,1.9810614686627412,1.9716093147755238,1.9590818065326971,2.0061144156524753,6.74560546875,4.63501964367779,-11.971485189157564,,1.968212459802834,2.037333764684925,2.000984281801427
5.07,0.0062394631151802,1.6335607969055777,6.7953360403476895,1.9911864524888914,1.9846876967809797,1.9838877377610764,2.001756094085935,2.0009080273941757,6.767578125,1.0579279126584602,-13.557490686421257,,1.9989047896591619,2.1582788411090124,2.3489440318046677
5.08,0.006239463115180171,1.6335607969055739,6.790487475089813,1.9919389596630612,1.987990786592771,1.9940320430591354,2.0286162675987875,1.9963248190458927,6.767578125,-0.7670455280175995,-14.643664287084126,,2.018785776802933,2.149940567093943,2.0133388818554523
5.09,0.0074286105341484256,1.7824423263574458,6.779648521549426,1.9936869367867711,1.9943272326229458,2.0117930514182443,2.0716706698135474,1.9941998623264159,6.78955078125,3.1259875227080918,-15.27649018208502,,2.051700886976251,2.206195428670805,2.231130384021938
5.1000000000000005,0.009352691475673315,2.000000000000013,6.766322715033501,1.9932798384301176,1.9932904547982988,2.0067974564781315,2.040730938742879,1.9950262703498005,6.74560546875,-3.217530203870945,-15.451475673000743,,2.0282038913993206,1.934618385797409,0.6581996450671139
5.11,0.011276772417198004,2.1961100503411655,6.755714939322483,1.993934436645884,1.9957304786231829,2.0120354794179836,2.0451252462260925,1.9980770617517085,6.767578125,4.504605532794197,-15.130105839068518,,2.0319036616289035,1.9662539308544342,2.109816093946355
5.12,0.012465919836166172,2.3089995935065057,6.752552530333149,1.9935281361382444,1.9945744617329166,2.006520794198676,2.016257562276383,2.0021439751023857,6.74560546875,-2.7888795024227293,-14.244018126028548,,2.011263594831139,1.8521267590546155,1.7926459679912525
5.13,0.012465919836166224,2.3089995935065106,6.757401231314393,1.9921240173911579,1.990226663187216,1.9923272593252142,1.9667983817424857,2.004866372537158,6.7236328125,2.3644389214492034,-12.69730194877253,,1.97500924649989,1.726178171962991,1.6146305338982012
5.14,0.011276772417197985,2.1961100503411637,6.7682404805667415,1.9897817763930696,1.9830507294764745,1.9711974606759906,1.9057840565747188,2.003808010729852,6.70166015625,2.0008343682855747,-10.359355219672791,,1.9295733911562762,1.6384164668228258,1.6656777681796606
5.15,0.009352691475673105,1.9999999999999907,6.781566348890196,1.989653715111958,1.9834423032868527,1.9736650680634082,1.9300494947709488,1.9988568502869835,6.74560546875,4.05249638747624,-6.835073899383016,,1.9474712869467277,1.9838159267856652,2.8441781307837473
5.16,0.007428610534148407,1.7824423263574438,6.792173851114641,1.991609209759163,1.9905627449303385,1.9953020945108848,2.01058137386266,1.9926138956460635,6.78955078125,0.982660127186502,3.933075831096197,,2.005741884783303,2.3077991220252314,3.003357396414434
5.17,0.006239463115180222,1.6335607969055805,6.795336040188714,1.993457939068006,1.9969180426118256,2.012762814544476,2.059917419465397,1.9876997341053193,6.78955078125,-2.0914079595981514,8.700695538449402,,2.043247765595954,2.3331189194780197,1.9769375146980468
5.18,0.006239463115180149,1.633560796905571,6.790487474936067,1.9931451723210996,1.9959085896704343,2.0076379045562573,2.030781360811291,1.9850582085241053,6.74560546875,-1.55994483733994,11.471738925772437,,2.0230701076426745,2.0441010073090293,-1.372599207678743
5.19,0.007428610534148368,1.782442326357439,6.7796485214009214,1.9938881695765995,1.9983419154915107,2.0127345864383757,2.0375179499390743,1.984826268605389,6.767578125,4.334208283619483,13.465389667589333,,2.029318458929286,2.0349172113964924,1.6726468901801892
5.2,0.009352691475673244,2.0000000000000053,6.7663227148907215,1.9945933907258315,2.000493849906168,2.0165579413296553,2.0392490202081683,1.9872412820848486,6.767578125,-1.9201642635182976,14.93865214773374,,2.0318257933548276,2.003434050258284,2.080847411060995
5.21,0.011276772417197949,2.19611005034116,6.755714939185876,1.9942333601429463,1.9990648573382024,2.0098187782310815,2.0098481250475553,1.9914333182433728,6.74560546875,0.618550847820479,15.981731527161266,,2.010412641405214,1.8637567712184266,1.7428739400926632
5.22,0.01246591983616615,2.308999593506504,6.752552530202299,1.9928714946774089,1.9944530979077273,1.9945277571990578,1.9608948518648153,1.9956659386120263,6.7236328125,2.2358271811244026,16.62021289310571,,1.9736856651795134,1.7264198556840458,1.603902170937029
5.23,0.012465919836166186,2.308999593506507,6.757401231187846,1.9926275655372188,1.9936867983304836,1.9916499326004586,1.958426524153433,1.9985896887880674,6.74560546875,3.4882497517672295,16.844396438834046,,1.9722553009059802,1.887461609241531,2.4618188699904353
5.24,0.011276772417198044,2.1961100503411695,6.768240480444515,1.992406771112753,1.993024431195502,1.989408628965556,1.959150318267361,1.999590050687572,6.74560546875,-1.5904442523052051,16.62004851692193,,1.9727949783909036,1.9696997675970924,2.316854174648029
5.25,0.009352691475673176,1.9999999999999982,6.781566348772687,1.9911783258226943,1.9891251173316291,1.978136183255036,1.9325282803859851,1.9981863707536973,6.7236328125,0.7838648106918734,15.892370387083016,,1.952493519323993,1.8958239500519287,1.666883554878359
5.26,0.007428610534148465,1.7824423263574507,6.792173851002219,1.9910635824014347,1.9890365938072243,1.9789109048470712,1.9484073124584993,1.9950796133233786,6.74560546875,3.6888904378192615,14.593773425450335,,1.9632805237027362,2.0255397160280957,2.2785492036422927
5.2700000000000005,0.006239463115180186,1.6335607969055759,6.795336040081033,1.9930261261942315,1.9956721852119181,1.9990400084223277,2.021551533017475,1.9929132813694588,6.78955078125,2.4910928358302704,12.666703214702451,,2.015447615066517,2.266224307904404,2.7646703114167526
5.28,0.006239463115180185,1.6335607969055757,6.790487474831927,1.9948781903036386,2.001567101457626,2.015235430282301,2.066861174043343,1.9946924596576052,6.78955078125,-2.345144171879906,10.017878325915055,,2.0483946115624136,2.2604945916558243,2.0314026036847914
5.29,0.007428610534148311,1.7824423263574323,6.779648521300332,1.9955956380874804,2.0034558559671045,2.0185453235093256,2.0637489847515207,2.00163480873167,6.767578125,1.3679100321559376,6.165133271080958,,2.046162070967141,2.0673381166533638,0.8059549439969941
5.3,0.009352691475673173,1.999999999999998,6.766322714794009,1.996273208432295,2.005092241396169,2.0208179124713137,2.0570579584012663,2.0128104346077524,6.767578125,3.008725675665161,-4.778501970291338,,2.0418641917221745,1.9588596717077542,1.4503144302420325
5.3100000000000005,0.011276772417198041,2.196110050341169,6.755714939093341,1.9948571764574508,1.9998597018026043,2.00319394638886,1.9902901310777528,2.0257229152393657,6.7236328125,-2.4591365566095584,-8.925980157582783,,1.9937666995596341,1.659403334224977,0.7112672792399297
5.32,0.012465919836166186,2.308999593506507,6.752552530113663,1.993528507369316,1.995170378747475,1.9886276194997985,1.9476500203637255,2.037159378892095,6.7236328125,3.8548630442662017,-11.428846942712166,,1.961283430875023,1.653142799903313,2.0618010264368323
5.33,0.01246591983616621,2.3089995935065093,6.757401231102125,1.9922844762376408,1.9909977450116878,1.9768932837185371,1.9233696694700673,2.0445274954535315,6.7236328125,1.4301351831950033,-13.190356507219661,,1.9414631247686762,1.7613272471480115,2.4528291319217064
5.34,0.0112767724171981,2.196110050341175,6.768240480361718,1.9911223372479387,1.9873138310382532,1.967706047732025,1.9122599368418596,2.0466293841702177,6.7236328125,1.9618069134098182,-14.424067401918247,,1.93134556788674,1.8889828543729676,2.4055258882165416
5.3500000000000005,0.00935269147567306,1.9999999999999858,6.781566348693088,1.9920989133231652,1.9907797606693185,1.9801693606323698,1.9708845780383588,2.044431279321449,6.767578125,3.885365715818099,-15.198459978120201,,1.9725433348256418,2.2068361347883565,2.850779651358535
5.36,0.007428610534148371,1.7824423263574394,6.792173850926066,1.9930261895186583,1.9938977040155337,1.9905719480582624,2.009030869357817,2.039773310552235,6.767578125,-2.42370127899196,-15.522628423543004,,2.000872377146016,2.267192917230575,2.102143350202951
5.37,0.006239463115180207,1.6335607969055785,6.795336040008094,1.994933475469112,2.0000137228995647,2.008622615055977,2.0588244706156202,2.034299057973067,6.78955078125,3.189722343228177,-15.369004665099613,,2.0404153197996844,2.331163927088506,1.9805946282208557
5.38,0.006239463115180164,1.633560796905573,6.790487474761386,1.995702621937041,2.0021006193309936,2.013459544315134,2.0599316614568703,2.0294217124704295,6.767578125,-2.340727961021392,-14.679785031563299,,2.0428825882650883,2.1578209854080805,0.9038155989402341
5.39,0.007428610534148254,1.7824423263574254,6.779648521232197,1.997454998220968,2.007236236486885,2.026472976423521,2.083865066684552,2.0260810885890232,6.78955078125,3.821554922344357,-13.367315505191955,,2.0629306505215697,2.1437718150781513,1.97110544871649
5.4,0.009352691475673287,2.00000000000001,6.766322714728499,1.9991012003037527,2.011728545039987,2.036430653112181,2.0938267153644143,2.0246295263892855,6.78955078125,-1.51075269136812,-11.320520517450182,,2.0726505655299468,2.065185906521077,2.005349301058077
5.41,0.011276772417197984,2.1961100503411632,6.755714939030663,1.9985940838869338,2.009011571405289,2.024920847757957,2.03522259868305,2.0238275417975107,6.74560546875,-2.0277624840703266,-8.304979193215413,,2.0329735926623167,1.7458608438943208,0.8663882318367679
5.42,0.012465919836166165,2.3089995935065053,6.752552530053627,1.9991398581783182,2.0098256823517278,2.0244665145445397,2.0251833132452504,2.0221423634178097,6.767578125,4.382355291983847,-2.573747190756268,,2.025505241599441,1.8120905225352901,2.2922243010967653
5.43,0.012465919836166232,2.3089995935065115,6.757401231044063,1.998623783138706,2.0071517233890575,2.014029088017722,1.9902997789257684,2.018419284473125,6.74560546875,-2.8408733944075064,7.404516884061688,,1.997750263993526,1.7360896271759814,1.9683266025826558
5.44,0.011276772417198006,2.1961100503411655,6.768240480305638,1.9991610523635093,2.0080236600720083,2.0147882353331172,1.9961185297038002,2.0119399426741937,6.767578125,3.8256599396550786,10.616196989781988,,2.000929181544918,1.9054472528341302,2.477333537922196
5.45,0.009352691475673131,1.9999999999999936,6.7815663486391715,1.9986370340352393,2.0054093597651614,2.0055551246650607,1.9734627857265548,2.0029879102788546,6.74560546875,-2.5394871231562592,12.846910911399092,,1.981462952094097,1.8640548113123894,1.7843056554003802
5.46,0.007428610534148428,1.7824423263574463,6.792173850874482,2.0012166842321126,2.012979369822525,2.0263088383216727,2.040546720485785,1.9935380526865825,6.8115234375,4.831101913389421,14.496662889626604,,2.0340645079194735,2.224734537821749,2.8879097606616613
5.47,0.00623946311518023,1.6335607969055816,6.795336039958685,2.0036329552770464,2.0195885215382563,2.042400104586594,2.084381272518188,1.9868719223225546,6.8115234375,-3.6219347903960255,15.694673956563816,,2.066669022725984,2.265100483199927,2.0940637541748175
5.48,0.006239463115180199,1.6335607969055774,6.790487474713602,2.0048693601402556,2.0220163874044212,2.045250209396963,2.0822603954209415,1.9847342778513046,6.78955078125,1.5377047226877167,16.484930917307892,,2.063679202021754,2.0981835051473183,0.6676060550898391
5.49,0.0074286105341483475,1.7824423263574365,6.77964852118604,2.006017957736436,2.024017274749426,2.0466386714609723,2.0750451578910667,1.9870346128329601,6.78955078125,3.107096374991097,16.870771795395996,,2.0580928894272494,2.0031769047262973,1.330226010775227
5.5,0.009352691475673216,2.0000000000000027,6.766322714684122,2.00606015643829,2.022322860525125,2.0373079338008857,2.034937434740996,1.9924356573356665,6.767578125,-1.3659839007906023,16.82798537236463,,2.030060562823344,1.8381466632237642,1.377422853012502
5.51,0.011276772417197928,2.196110050341158,6.755714938988205,2.0050613461013307,2.0173362840590374,2.0193455299271523,1.9778471616479043,1.9988484548883767,6.74560546875,2.2401549732069075,16.31062455133553,,1.9880248351520673,1.694157826175115,1.6465239876381081
5.5200000000000005,0.012465919836166201,2.3089995935065084,6.752552530012958,2.0041071583144245,2.012765197934476,2.004465229350812,1.9441097423761642,2.0044601549525627,6.74560546875,2.83884809003471,15.256226813163783,,1.960345022901841,1.7399923097090593,2.27267410905039
5.53,0.012465919836166194,2.308999593506508,6.757401231004732,2.0042206736606065,2.0119341488210902,2.0020538927601574,1.9550185775063875,2.008560449357671,6.767578125,2.696688648507783,13.601733693126725,,1.9661387256195746,1.9621276473507587,2.7070868624149425
5.54,0.011276772417198065,2.1961100503411712,6.768240480267648,2.0043151668009664,2.0111078506552977,2.000095319910332,1.9652729775020734,2.0112562545233277,6.767578125,-0.9724957942680484,11.284442756860518,,1.9719665472773185,2.054684448920683,2.2904205980039065
5.55,0.009352691475673202,2.000000000000001,6.781566348602649,2.0043916810722644,2.01029216647715,1.9985232505097228,1.9743092278501557,2.0127804967978884,6.767578125,2.2441361188251094,8.085590733092333,,1.977318190447623,2.0848255161540017,1.9064459670236618
5.5600000000000005,0.0074286105341483345,1.782442326357435,6.792173850839539,2.0044512319074927,2.009491924248849,1.997280099771899,1.9818976682314633,2.013631637616119,6.767578125,1.9727856050353623,1.8864899214979294,,1.9819615804268929,2.0837181191289016,1.7875044194409289
5.57,0.006239463115180194,1.6335607969055768,6.795336039925218,2.005518146680229,2.0120227168737936,2.005619782290645,2.0160196800042534,2.014840345286298,6.78955078125,3.0710801808251578,-7.427884289761248,,2.007451173457878,2.174915860248021,2.243783000722589
5.58,0.006239463115180177,1.6335607969055745,6.790487474681235,2.0065070058261147,2.014179884857904,2.012267161804891,2.0379882311855155,2.01754834409859,6.78955078125,-0.7946961266548483,-10.428246110247734,,2.0237226051445467,2.156932444190875,1.996671116148428
5.59,0.00742861053414829,1.7824423263574296,6.779648521154778,2.0074208392838653,2.015994154568036,2.0174422972858124,2.05079705292373,2.0220449184261478,6.78955078125,2.195393344095709,-12.467167891825605,,2.033104052125339,2.1057069948287648,1.88081431856914
5.6000000000000005,0.009352691475673332,2.000000000000015,6.7663227146540645,2.006217933863401,2.0109021342181403,2.002702254057413,1.9992436175963115,2.0272185401864284,6.74560546875,-2.5430054436280094,-13.911284408843642,,1.9947064362110403,1.8218089476553527,0.6266835459744753
5.61,0.01127677241719802,2.196110050341167,6.755714938959445,2.0060937116470563,2.0095941192340785,1.9999319285217216,1.99276632154898,2.0315588536800964,6.767578125,4.2502069351197544,-14.875137832246125,,1.9907350861319986,1.896337611987342,2.261030776467702
5.62,0.012465919836166179,2.3089995935065066,6.75255252998541,2.0059619639551,2.0083631102928767,1.997660076794072,1.9888378714087833,2.0340769707481408,6.767578125,-1.8268365151847734,-15.390043124797128,,1.988671796987382,1.9373133434173326,2.3446962001112146
5.63,0.012465919836166217,2.30899959350651,6.75740123097809,2.0058234841592877,2.007209042158867,1.9958416598437332,1.986846448104882,2.0336912911109164,6.767578125,2.1580037005880484,-15.442562845766584,,1.9879283060010977,1.9622263844572647,2.2072575091190836
5.64,0.01127677241719812,2.196110050341177,6.768240480241916,2.0046554696781334,2.002825710782511,1.984896259638758,1.9569398611787516,2.0292649690863303,6.74560546875,-1.0523252824987772,-14.987050787608108,,1.9662249751797327,1.8610669545055956,1.6347381325737131
5.65,0.009352691475673086,1.9999999999999887,6.78156634857791,2.0045683165796557,2.0022083191134605,1.9857922772909384,1.9684299287232638,2.020718167160511,6.767578125,3.6062675089121696,-13.949337192342233,,1.9753322113763627,1.9867302576862091,2.311527429377326
5.66,0.007428610534148392,1.7824423263574418,6.792173850815872,2.006521234726046,2.008242570761316,2.0058893063904906,2.0366956622695245,2.010020817220613,6.8115234375,2.550785451844935,-12.229251423687353,,2.0256924778217202,2.235133657552109,2.8020517174954414
5.67,0.006239463115180216,1.6335607969055796,6.795336039902549,2.007319177699655,2.0102483573655077,2.0125583139976237,2.0514389744159565,1.9997806577503299,6.78955078125,-3.1585809924781567,-9.673594784516622,,2.036054730750103,2.135403985144383,1.6277531897697755
5.68,0.006239463115180155,1.6335607969055719,6.790487474659312,2.0100958173891237,2.018529001354943,2.0365847376930915,2.1148835422300145,1.9925396747956146,6.83349609375,4.538823606945534,-5.6838528162095505,,2.082715936161553,2.2659040602419784,2.319903442225234
5.69,0.007428610534148384,1.782442326357441,6.779648521133601,2.0096216082631293,2.0159218770593736,2.0271195513795974,2.0636484098112953,1.98927609169019,6.767578125,-4.595052002673696,5.432589926205658,,2.0464518690291884,1.8833555874014356,-1.222454341374557
5.7,0.009352691475673263,2.0000000000000075,6.766322714633704,2.011197053103347,2.0200657452098647,2.037815259938182,2.083929897145744,1.9896173649943636,6.8115234375,5.561241243041906,9.417308006365145,,2.0614023779132067,2.0005838270755674,2.309157358954498
5.71,0.011276772417197963,2.1961100503411615,6.755714938939966,2.0106140667442265,2.017048007108469,2.0267522611251416,2.03267940966587,1.9927696114192883,6.767578125,-4.2809237431450065,11.958356030403559,,2.025955379949852,1.7745844712672836,1.4735392689469455
5.72,0.012465919836166158,2.3089995935065044,6.752552529966751,2.0100435520730104,2.0142449557871616,2.017197645773318,1.9992618536720734,1.9968541575422083,6.767578125,4.021775489325611,13.808511495320248,,2.000647298270396,1.760462852377459,2.058423555485613
5.73,0.012465919836166182,2.3089995935065066,6.7574012309600455,2.0084639107631457,2.008344734776105,1.9994855630455872,1.95139910227345,2.000193874921449,6.74560546875,-1.258298405679231,15.16574250820663,,1.9619394153477405,1.6988725913733096,1.8867106104811773
5.74,0.011276772417198027,2.1961100503411677,6.768240480224487,2.007982080100995,2.006347059309941,1.9948055982879904,1.9513195474635838,2.0018830237731713,6.767578125,3.619723760872848,16.10074336764994,,1.9601768925385814,1.9108591529480903,2.5176127477393453
5.75,0.009352691475673157,1.9999999999999962,6.781566348561154,2.0075120653993013,2.004529359206363,1.9911511610631762,1.9545942881923,2.0024065078984306,6.767578125,-1.4602630288940952,16.630065355736722,,1.9613873184838813,2.020551671380263,2.2692362870664633
5.76,0.007428610534148449,1.7824423263574487,6.79217385079984,2.0090992285683305,2.0095095641242064,2.0073906023646972,2.016338280753928,2.003262109091124,6.8115234375,3.6960118167391527,16.737469270262128,,2.0078009656366955,2.277156339799442,2.6961766526219018
5.7700000000000005,0.00623946311518018,1.633560796905575,6.795336039887193,2.009550876918036,2.0105657031646267,2.010918651200405,2.028218367966141,2.005917612160144,6.78955078125,-3.3236128008961683,16.38271812918373,,2.0164674498932955,2.1873927015613424,1.5125803905018784
5.78,0.006239463115180191,1.6335607969055763,6.79048747464446,2.009956389778534,2.011438236202509,2.0135831511144135,2.0344402013369955,2.010714454880535,6.78955078125,3.37347441845831,15.506881397790456,,2.0212416889865747,2.111647297809082,1.435166062225509
5.79,0.007428610534148327,1.782442326357434,6.779648521119257,2.0092964539297498,2.0088409444203768,2.006111562749163,2.00843559548551,2.0170869061185366,6.767578125,-1.0410219461690482,14.043119898300768,,2.0018319809290435,1.9381957735487714,1.1533579395332818
5.8,0.009352691475673192,2.0,6.766322714619913,2.0086571233960657,2.0064735517456347,1.999904079524621,1.9899935535473903,2.023932756852224,6.767578125,2.9965166223204256,11.931408329356417,,1.98871907811466,1.892519212300147,1.9034508004724868
5.8100000000000005,0.011276772417198056,2.1961100503411703,6.755714938926771,2.0090605170786,2.007635086049046,2.0043060834251842,2.0066778942462675,2.030307353348769,6.78955078125,2.759941501269594,9.029444634927234,,2.0022985839465135,2.0141997674045546,2.5472309549139553
5.82,0.012465919836166192,2.308999593506508,6.752552529954112,2.007378020988511,2.0020043188155685,1.988876253868273,1.9598825052895557,2.034649232016725,6.74560546875,-3.1593913631112582,4.434050767857305,,1.967898784701159,1.8059146306614609,1.3921659233117887
5.83,0.012465919836166203,2.308999593506509,6.757401230947821,2.006802816514243,2.0002919744882814,1.9859946931700605,1.9590918324627613,2.035223849750413,6.767578125,4.522654769143914,-6.314432746991138,,1.9684107065001075,1.920555674562168,2.2717348869790834
5.84,0.011276772417198086,2.1961100503411735,6.768240480212681,2.006248288680045,1.9987691887550971,1.983923188997873,1.9611181743457309,2.031374580978293,6.767578125,-1.8572817939783837,-9.735093481267192,,1.9704931992147956,1.976557751119423,2.2126770652507037
5.8500000000000005,0.00935269147567304,1.9999999999999838,6.781566348549803,2.0057143297740323,1.9974249520462364,1.9825554030098196,1.9650031806044996,2.023197253516082,6.767578125,2.132560129353005,-11.967286489647952,,1.9733985688351658,2.0025039699790965,2.0894252802630233
5.86,0.007428610534148355,1.7824423263574376,6.7921738507889815,2.006223581743324,1.9995672076174247,1.9913969167520134,1.999650322263683,2.0121275730405808,6.78955078125,3.105232381904018,-13.546281683189695,,1.9983362481427722,2.1203014844511245,2.3830534605607214
5.87,0.006239463115180202,1.6335607969055779,6.795336039876792,2.0087334471379568,2.008093391977772,2.017778910036205,2.079600268358517,2.001121216260438,6.83349609375,2.926579562691663,-14.624909570008072,,2.057134583648727,2.323714562903051,2.7200620373399174
5.88,0.00623946311518017,1.6335607969055737,6.790487474634402,2.0100544845536534,2.0123114929316515,2.02928042886752,2.0997253295381486,1.9928594373967028,6.8115234375,-3.2259272572816733,-15.24927487318427,,2.071546870528126,2.1873995330214338,1.4301763452844594
5.89,0.0074286105341482694,1.7824423263574272,6.77964852110954,2.01025753496015,2.0126913870066385,2.028635230056599,2.0777968569256875,1.9879376160901638,6.78955078125,2.6908595122515897,-15.4142711255816,,2.0561117196362555,1.9580551037476959,0.3861213159093736
5.9,0.009352691475673308,2.0000000000000124,6.76632271461057,2.010429450638398,2.012952683601677,2.027562660604209,2.0576436311719695,1.98598183187954,6.78955078125,2.8638135952761363,-15.08074432515295,,2.042532164019923,1.8659407964025356,1.6317904215737191
5.91,0.011276772417198,2.196110050341165,6.755714938917831,2.0105719113258624,2.013107042786247,2.0261637904289933,2.041327982233278,1.9865239995858714,6.78955078125,1.6837167838088278,-14.179378364889198,,2.0312007660367586,1.8517861457084535,2.1316727409123435
5.92,0.01246591983616617,2.3089995935065057,6.7525525299455476,2.010686547720707,2.013165578929022,2.024531687250781,2.0290775082454475,1.988769331775411,6.78955078125,2.05891586436046,-12.612980249983806,,2.022166976513219,1.8733032305850366,2.2421482873751004
5.93,0.012465919836166224,2.3089995935065106,6.757401230939538,2.0087339944474323,2.00651980985979,2.003643635441308,1.9651970229538283,1.9910774385133398,6.74560546875,-2.634141283559944,-10.246735955889609,,1.9719495681466443,1.6552412228706241,1.2229187097505243
5.94,0.011276772417197992,2.196110050341164,6.768240480204681,2.0079015796154427,2.0038738900648316,1.996195720865906,1.9529337543234913,1.9919427809566654,6.767578125,4.268950103644004,-6.658730611438764,,1.9616838917040627,1.8270329935636251,2.356614643160283
5.95,0.009352691475673112,1.9999999999999913,6.781566348542113,2.008125726143109,2.0048198316231267,1.9998319709120576,1.975713870662641,1.9912272016198957,6.78955078125,1.0657408710258383,4.22011673352326,,1.9791324089102198,2.054711872340607,2.6626419192100412
5.96,0.0074286105341484126,1.7824423263574445,6.792173850781623,2.007300689412042,2.002318031749545,1.9932886954508275,1.9646057798659085,1.9889487273962616,6.767578125,-2.182005639347808,8.828144756637178,,1.9701867932835457,2.0151255672691293,1.8008063639924898
5.97,0.006239463115180224,1.6335607969055808,6.795336039869744,2.0065115625366405,2.0000823249865354,1.988130263675128,1.959292413358048,1.9851531859187137,6.767578125,3.2747077217868656,11.56201630715101,,1.9657942687126546,2.016805809754767,1.7771570146313196
5.98,0.006239463115180205,1.6335607969055783,6.790487474627585,2.006779743666941,2.001421688493765,1.9936987962386983,1.9873869616142523,1.9810159194424757,6.78955078125,2.7077869531797774,13.535026408628113,,1.9865021179011615,2.130096543523153,2.273780656214361
5.99,0.007428610534148363,1.7824423263574385,6.779648521102955,2.0080414208195965,2.0059254675985954,2.0078088530027993,2.0356633796528447,1.9786330735527105,6.8115234375,1.7866752632069676,14.993300911985258,,2.0222925479936444,2.234761607595309,2.394109513134738
6.0,0.009352691475673051,1.999999999999985,6.76632271460424,2.009213426971338,2.009893308880118,2.019102968062596,2.0657659918659763,1.9796441753119074,6.8115234375,0.45118336620643457,16.023756601192922,,2.0445463354526408,2.200610651123537,1.931869904851984
6.01,0.011276772417197942,2.1961100503411592,6.755714938911775,2.007237947623492,2.0034392319662166,1.9996945651452287,1.9960901197788117,1.9835074059137334,6.74560546875,-2.87078811280602,16.650455454540218,,1.9928770644679126,1.7786486827076406,-1.3712669095603438
6.0200000000000005,0.012465919836166206,2.3089995935065093,6.752552529939749,2.0074089779470152,2.0043033691329835,2.0028025300274535,2.0073417090909005,1.989011938305564,6.78955078125,5.360589740870455,16.862849991134542,,2.0015728163149578,1.9309167377889085,2.4479294459397503
6.03,0.01246591983616619,2.3089995935065075,6.757401230933929,2.00653614689426,2.0017363870184597,1.995809292601867,1.9855339236650797,1.9952879188700972,6.767578125,-3.80777960865436,16.62599727422573,,1.9858135099779555,1.8576401948674093,2.1459428146087793
6.04,0.011276772417198048,2.19611005034117,6.768240480199262,2.0046819162217355,1.996120930958798,1.9806253547586223,1.9424282637635906,2.000430938951906,6.74560546875,2.587438657966062,15.88474099313438,,1.9541065415327041,1.7446823188683966,1.7951125348460553
6.05,0.009352691475673369,2.0000000000000187,6.781566348536903,2.002928912895655,1.9911430177117333,1.9685510159457518,1.915960330361826,2.002828550840582,6.74560546875,2.953979362727509,14.571938923662815,,1.9352487576823854,1.7874900237970837,2.085701270534923
6.0600000000000005,0.007428610534148319,1.7824423263574332,6.79217385077664,2.002298180295415,1.990107790779251,1.9689973626597863,1.9339984305544917,2.0026182909299823,6.767578125,2.64101062337843,12.631088886555052,,1.9485186588304737,1.9905535534339283,2.5072383606694943
6.07,0.006239463115180189,1.633560796905576,6.795336039864972,2.002725069593804,1.9925954011237328,1.9797282195507027,1.981390224837031,2.0014731157901364,6.78955078125,1.8766516264649888,9.967983220385086,,1.9820716785306234,2.1707200102023885,2.500333191466556
6.08,0.006239463115180182,1.6335607969055754,6.79048747462297,2.004145237047471,1.998192492458519,1.9985016870855288,2.0413311080254033,2.0014394820996437,6.8115234375,2.1277379015193008,6.08695214129876,,2.0264080072583885,2.2881069791371433,2.300146602744219
6.09,0.007428610534148306,1.7824423263574316,6.7796485210984985,2.004452153155253,1.999856822887799,2.0040460505268367,2.048003840765944,2.0035609146897317,6.78955078125,-2.078632621946187,-4.8643797794123484,,2.0327614369600506,2.1459093112727494,1.0687165231958762
6.1000000000000005,0.009352691475673166,1.9999999999999971,6.766322714599955,2.0037120084077475,1.9980188192217123,1.998887664818987,2.0211769063366622,2.0070817397825973,6.767578125,2.449901289337279,-8.961185945942308,,2.0137476628377096,1.9386700105786272,0.5457677113866476
6.11,0.011276772417198036,2.1961100503411686,6.755714938907675,2.0030101293646516,1.9964012618331177,1.9947403382837068,2.0019210939673964,2.0104357475728585,6.767578125,2.8206517382691882,-11.445080124416217,,2.0001760480247803,1.8752014836351232,1.781806619808863
6.12,0.012465919836166184,2.308999593506507,6.752552529935821,2.0013224122199373,1.9916552678880797,1.9819178995439561,1.960567957510501,2.0116723652859325,6.74560546875,-1.2522044329897335,-13.1923792668893,,1.9693452983016877,1.754552232147566,1.830148040828755
6.13,0.012465919836166212,2.3089995935065093,6.757401230930133,1.9997324632601767,1.9874821327812613,1.971805016874803,1.9344101826681388,2.00908487147424,6.74560546875,3.0773104748980296,-14.41272625619013,,1.9502487068676388,1.7853275294629596,2.2457008075852354
6.140000000000001,0.011276772417197954,2.1961100503411606,6.768240480195596,1.9992621581541592,1.987195916371626,1.9737476178191011,1.9498663125176803,2.0027515669374556,6.767578125,2.7343786097258937,-15.17298854509821,,1.9623162744247775,1.9794505798304163,2.6279836042669715
6.15,0.009352691475673252,2.000000000000006,6.781566348533378,2.0008705142778345,1.9937148691175195,1.9950711044576483,2.0224187156536804,1.994579893341181,6.8115234375,2.7702229706452375,-15.480872393257838,,2.015644755318817,2.2570177078849514,2.8567816690585115
6.16,0.007428610534148376,1.78244232635744,6.792173850773266,2.001359093457123,1.9962131585692422,2.0028297514402618,2.039630014039847,1.9864719804618087,6.78955078125,-3.121899039456238,-15.307685150985295,,2.028371623276961,2.1694655699109657,1.4712950086838867
6.17,0.00623946311518021,1.6335607969055788,6.7953360398617395,2.00079415898722,1.995128873534715,1.9995333052662159,2.0198463883706115,1.9793867059757189,6.767578125,2.67528134225344,-14.594030634397946,,2.0138148070900166,1.984754235264486,-0.2861553417084098
6.18,0.006239463115180161,1.6335607969055725,6.790487474619844,2.002309223052088,2.000861778198175,2.0158298394971563,2.0619027452713423,1.9747231441657647,6.8115234375,4.120865011200004,-13.250158205890877,,2.0458549262579466,2.143337270032536,2.377838423790239
6.19,0.0074286105341483995,1.7824423263574427,6.7796485210954796,2.00270829444997,2.002626543792397,2.0192798319563057,2.0581245902465617,1.9736385108710166,6.78955078125,-3.536129880114434,-11.16147785097931,,2.0435963252724987,2.0311111173073417,1.8017211007460316
6.2,0.009352691475673094,1.9999999999999896,6.766322714597052,2.0020573693856476,2.000861111921965,2.012289990459665,2.0230632368996027,1.9755174880547735,6.767578125,2.6825941880150297,-8.072618978068727,,2.018535708757638,1.8640053349682488,1.44318216026749
6.21,0.011276772417197978,2.196110050341163,6.755714938904898,2.001442467374334,1.9992876759828355,2.006348379083064,1.9980858325965167,1.9792416966909332,6.767578125,2.897258908981902,-1.6679007754139028,,2.00078399509738,1.8447328155237415,1.9688577954678543
6.22,0.012465919836166161,2.308999593506505,6.75255252993316,2.000862597633438,1.9978952260527036,2.0013840314104137,1.9818015806798857,1.983724427215441,6.767578125,1.6523973808916188,7.653722882255243,,1.989038470750562,1.8784113698214306,2.1808891662249765
6.23,0.012465919836166175,2.308999593506506,6.7574012309275595,1.999292417359401,1.9933423352473216,1.98777346860203,1.943173407780612,1.9875545902005545,6.74560546875,-0.8361090221683795,10.783277056757129,,1.9600544249201608,1.802505103095614,1.7602283580718991
6.24,0.011276772417198013,2.1961100503411664,6.768240480193111,1.9988418866495916,1.992665464609827,1.9864636317645354,1.9493921132931886,1.9896504565462743,6.767578125,3.664665291333934,12.97590817677415,,1.96486852548154,1.962679852917565,2.3963590534266213
6.25,0.009352691475673322,2.0000000000000138,6.781566348530989,1.997395995809258,1.988775265710054,1.9760582655576395,1.9270350675892125,1.9896015629756594,6.74560546875,-2.6408025455039286,14.600423972157243,,1.9480191852552655,1.912528148570164,1.7858316890397463
6.26,0.0074286105341484325,1.7824423263574467,6.792173850770981,1.9970669760559852,1.9887259974498785,1.9776633056788155,1.9471436963057662,1.9878564091591893,6.767578125,3.8419869524909935,15.778616020570368,,1.9616004305238972,2.045005255145748,2.3036722150290854
6.2700000000000005,0.006239463115180174,1.6335607969055743,6.795336039859551,1.9977899138622912,1.9920978501780928,1.9890407350743875,1.9940303342243844,1.9861929617737961,6.78955078125,1.491457825837965,16.551308045733453,,1.9943393002712946,2.181020886684633,2.4376038595093106
6.28,0.006239463115180197,1.6335607969055772,6.790487474617727,1.998475141397712,1.9951474990670253,1.998467209185067,2.0238605817611264,1.986600290034884,6.78955078125,-0.5264868086169106,16.920015997094378,,2.0159957199896463,2.174445586514759,1.967649478663193
6.29,0.007428610534148342,1.7824423263574358,6.779648521093434,1.999123634240659,1.9978903912376957,2.006118246116481,2.0412809688046547,1.990550030548683,6.78955078125,2.2971039093781873,16.859509810561203,,2.029243668379564,2.1224670868806284,1.7277148021309112
6.3,0.009352691475673025,1.9999999999999822,6.766322714595086,1.9997363812618447,2.0003425724882997,2.0121875024419293,2.050188900986416,1.9983755031115493,6.78955078125,1.943614343062842,16.323195468044545,,2.036334300521874,2.0634234077602214,1.7717320403524086
6.3100000000000005,0.011276772417198074,2.196110050341172,6.755714938903016,1.9982641021349794,1.9958685420725222,1.997885415751669,1.9966577062438524,2.008521689480384,6.74560546875,-2.6543655088633185,15.24812599883954,,1.9962960969588175,1.7806434302545624,0.5607240645540752
6.32,0.0124659198361662,2.3089995935065084,6.752552529931359,1.996882309683773,1.9919076469480923,1.986222190808573,1.9598621155330835,2.0183707067434242,6.74560546875,3.690987739738559,13.572702448794972,,1.9693345877295745,1.7472894498612883,1.886526747731834
6.33,0.012465919836166196,2.308999593506508,6.757401230925816,1.9955882274120371,1.9884298312676822,1.9769461458645556,1.9371249824948005,2.0255497191393377,6.74560546875,1.5184499459109184,11.235135328294124,,1.952914878283293,1.8108912271716433,2.3315705720162083
6.34,0.011276772417198069,2.1961100503411717,6.768240480191427,1.9943790532740115,1.9854047805859192,1.9697988268792668,1.9254432599051623,2.0282414779418367,6.74560546875,1.9586694358207188,8.009261885645307,,1.9445210271621454,1.8958255685775363,2.3477671618458946
6.3500000000000005,0.009352691475673209,2.0000000000000018,6.781566348529369,1.993251972147068,1.9828024939641637,1.9645338064005815,1.922472969424926,2.0257572876048027,6.74560546875,2.0711499351062304,1.532575993347369,,1.9419258139285094,1.968313228354485,2.205928310802612
6.36,0.00742861053414834,1.7824423263574356,6.792173850769433,1.9932331038849318,1.9839513778366757,1.9706906805855744,1.9568317490248717,2.0190595946117953,6.767578125,3.079262380130659,-7.501945574173661,,1.965355851894374,2.123285732401912,2.426935635692366
6.37,0.006239463115180196,1.6335607969055772,6.795336039858068,1.994257058452616,1.9884296849460132,1.9859896596126185,2.010802510037639,2.010395067427235,6.78955078125,1.9870530575732124,-10.473174071601582,,2.004159351414001,2.2473845801339016,2.401093028550824
6.38,0.006239463115180175,1.6335607969055743,6.790487474616293,1.9962588279314277,1.9958217718672957,2.008163223532972,2.0705192638644894,2.0025010018717593,6.8115234375,2.0426721212375347,-12.495977960190524,,2.0502972128762282,2.319919851873684,2.2411442953680027
6.390000000000001,0.007428610534148436,1.7824423263574471,6.77964852109205,1.9971210201271334,1.9990671867790595,2.0162105244147615,2.076666202679329,1.9973804189048365,6.78955078125,-2.0572721278051436,-13.927299730145789,,2.0566825364709356,2.140498255974046,1.0601279831679613
6.4,0.009352691475673141,1.9999999999999947,6.7663227145937554,1.9989640706799083,2.005275010127221,2.031770224442285,2.1029345230812955,1.9954887460229245,6.8115234375,3.852199564410238,-14.879042510201508,,2.078457011370229,2.1210991428330073,1.9069145108990964
6.41,0.011276772417198015,2.1961100503411664,6.755714938901744,1.9976207368063534,2.0007862858976946,2.0154547373299034,2.0268457319728532,1.9952921390861662,6.74560546875,-3.965246141107028,-15.381408037566409,,2.0255120605410246,1.680113131461215,-1.0862249413763472
6.42,0.012465919836166175,2.308999593506506,6.752552529930141,1.9963611353048363,1.9967797365635218,2.001808897217672,1.9767822234379884,1.9943399895478133,6.74560546875,4.606089507180482,-15.420068657353225,,1.9877717723994266,1.5878688085525166,1.8177955453885717
6.43,0.01246591983616622,2.30899959350651,6.757401230924639,1.9962104312837279,1.996560859439816,2.000190316366686,1.9764427012757004,1.9913572676916296,6.767578125,2.3765608484075544,-14.948492198401475,,1.9848022681921522,1.794523062118592,2.7692075815768025
6.44,0.011276772417197975,2.196110050341163,6.768240480190291,1.9950481792160903,1.9930549682763998,1.9893502002090482,1.950520245814482,1.985794188484276,6.74560546875,-2.4649206448328798,-13.891662994942369,,1.9618944479348424,1.7922639798026656,2.2109631175627436
6.45,0.009352691475673278,2.0000000000000093,6.781566348528278,1.9949920465859632,1.993307884658352,1.9902503674151597,1.9644739531944864,1.9781198905494741,6.767578125,3.9175346259171993,-12.14801816340696,,1.9705838055977931,1.9902216725584452,2.478941994240445
6.46,0.007428610534148397,1.7824423263574425,6.792173850768388,1.9970040179319135,2.000223312471116,2.010064916291316,2.031490167093938,1.9705239927094538,6.8115234375,2.5184118223045635,-9.558527815032885,,2.021093433442924,2.275434431603532,2.774277208934996
6.47,0.006239463115180218,1.6335607969055799,6.795336039857068,1.9968472604657497,1.9997222114406317,2.007082584146291,2.0191080085356434,1.96508502838461,6.767578125,-3.8131635355559075,-5.478171833285388,,2.0104303710467133,2.0898053753079644,0.7024902955435673
6.48,0.0062394631151802115,1.6335607969055792,6.790487474615326,1.998759284746769,2.0059046287938247,2.0232995497670667,2.06490526362152,1.9634678770415426,6.8115234375,5.113955908649097,5.638446310065427,,2.0452005313013903,2.2258730853595807,2.1534117962465733
6.49,0.007428610534148379,1.7824423263574403,6.779648521091116,1.9985071380014787,2.0047377806686675,2.0172692653834767,2.036239249233298,1.9664660208353002,6.767578125,-4.214541830968842,9.532983812405268,,2.0234636159019486,1.9854091776931615,0.6581377943071741
6.5,0.00935269147567307,1.999999999999987,6.7663227145928575,1.9982728482069705,2.0036652688829477,2.011991295689695,2.0140430867376113,1.9731440872748747,6.767578125,4.053805895596158,12.044105393584001,,2.0075323390041877,1.904988320763498,1.703365359049511
6.51,0.011276772417197958,2.196110050341161,6.755714938900884,1.9980557604459694,2.002683776183435,2.0074402796133946,1.9982223316943573,1.982278885076103,6.767578125,1.6368867562680296,13.87652966573798,,1.996549296539812,1.897587833401338,2.174942328682322
6.5200000000000005,0.012465919836166212,2.3089995935065093,6.752552529929318,1.9968284113740813,1.9984701407617305,1.994044533552714,1.958605205745023,1.9916744455401068,6.74560546875,-1.3502143649854823,15.220572784343915,,1.9677065021647984,1.795914864372196,1.8680191020267922
6.53,0.012465919836166182,2.3089995935065066,6.757401230923841,1.9946511491967112,1.991387807323894,1.9735644898036162,1.9038560426049125,1.998191428101562,6.7236328125,2.072179452641577,16.144245362294168,,1.9278206024811302,1.6968132158603941,1.6814385527030824
6.54,0.011276772417198034,2.196110050341168,6.768240480189519,1.992610585236917,1.9851149980514757,1.9572360441771945,1.8711934413979703,1.9996481391723402,6.7236328125,2.8642343319201706,16.663011305809228,,1.9049031445418905,1.7713503681174685,2.1149181142331943
6.55,0.00935269147567335,2.000000000000017,6.781566348527536,1.9927618589319274,1.9863074761729014,1.9642486040063465,1.923193419893349,1.9967819792981447,6.767578125,3.4209412158439574,16.76001451806035,,1.9401447948106407,2.111451239672584,2.862444184996002
6.5600000000000005,0.007428610534148303,1.7824423263574314,6.7921738507676785,1.9929172344441468,1.9874538234292805,1.9706685621662003,1.9615965795259014,1.9917276474243164,6.767578125,-2.5400989713791984,16.39465307979813,,1.9668903026975033,2.1984017300092416,2.226416352494161
6.57,0.006239463115180182,1.6335607969055754,6.795336039856388,1.9941050085330587,1.99189424582707,1.986203944776016,2.0150908009800825,1.986531269761118,6.78955078125,3.2386752715393543,15.507990035370293,,2.007874312820814,2.2912274339111263,2.0990963300595573
6.58,0.006239463115180189,1.633560796905576,6.790487474614667,1.9952322387789976,1.9958861221599404,1.998904786839692,2.044484969025685,1.9831139385425238,6.78955078125,-1.0925883184044973,14.033793028520797,,2.034136565148879,2.246302838695765,1.6232593577597185
6.59,0.0074286105341483215,1.7824423263574334,6.77964852109048,1.995272543364765,1.9961212295559225,1.9994878238392442,2.033133554395204,1.9822617249188252,6.767578125,0.5597090394119384,11.912791641192566,,2.0282468465698873,2.046100583361118,0.9355857497625745
6.6000000000000005,0.009352691475673185,1.9999999999999991,6.7663227145922455,1.9953186606065287,1.996350264495212,1.9999416226642432,2.0232081269271283,1.9838433565639355,6.767578125,3.0328063007264334,9.001533246630677,,2.022609002615926,1.944670774981163,1.725361445311661
6.61,0.011276772417198053,2.1961100503411703,6.755714938900299,1.995370100823621,1.9965722159473962,2.0002851544591342,2.0148930098799895,1.9874701065127056,6.767578125,1.7060142458382166,4.380839403130837,,2.017595760124406,1.9062620955394411,2.115030029784594
6.62,0.01246591983616619,2.3089995935065075,6.752552529928755,1.9954263955263831,1.9967862798310898,2.000535052275778,2.008192722130475,1.9921894059375722,6.767578125,2.0231180382249967,-6.343978998131779,,2.0133508723942044,1.9047777132626964,2.1922477707310417
6.63,0.012465919836166205,2.308999593506509,6.757401230923298,1.9934300895995931,1.9903232711081718,1.981762965694794,1.9463789651882755,1.995967342179481,6.7236328125,-2.637897086524725,-9.747140594519268,,1.966467893759776,1.6706636406138335,1.1491180540709156
6.640000000000001,0.01127677241719794,2.1961100503411592,6.768240480188994,1.9915616827753082,1.9846120508967533,1.966675025357314,1.9052399681633863,1.9967574838084454,6.7236328125,3.6853614651666073,-11.969585437048877,,1.9364427074654373,1.6998197516315146,1.9662685258399635
6.65,0.009352691475673233,2.0000000000000044,6.781566348527031,1.9918778306789213,1.9863134221382952,1.9741640922413395,1.94372585246465,1.9949099947151732,6.767578125,3.3550373613849205,-13.54010080549542,,1.9642238357867847,2.0487038247420903,2.9091741475627657
6.66,0.00742861053414836,1.782442326357438,6.792173850767195,1.9932186357729118,1.991251681915495,1.990329857610504,2.003591486470162,1.9924070357060473,6.78955078125,-1.561067943034547,-14.610108181913843,,2.0061445794039385,2.2520917221212255,2.669318404791336
6.67,0.006239463115180203,1.633560796905578,6.795336039855925,1.9934617033124729,1.992349283925448,1.9940184085530963,2.0115076384557353,1.9907496084793053,6.767578125,-1.9155979290943508,-15.225004146537659,,2.011812749921136,2.1575315567828874,1.3073884308920418
6.68,0.006239463115180168,1.6335607969055734,6.79048747461422,1.9937012330626083,1.9933672027898302,1.9970927550831552,2.015501045460403,1.9908859536295238,6.767578125,3.2459998127835643,-15.379038452048903,,2.014710831075755,2.0939577560075926,1.2736285910262954
6.69,0.007428610534148415,1.7824423263574447,6.7796485210900475,1.9949655706821665,1.9976400380294652,2.0091036284275794,2.0447546905443237,1.9938858471815244,6.78955078125,2.6913552842625266,-15.032296500718378,,2.037002066031888,2.155110098951553,2.0923868909692
6.7,0.009352691475673115,1.9999999999999918,6.76632271459183,1.9951341549677128,1.9981145812289292,2.0091628996225506,2.0338463985221633,1.999972271288688,6.767578125,-2.367840444566777,-14.11459559529544,,2.028552085756284,2.0172027434870827,1.568462352653433
6.71,0.011276772417197994,2.1961100503411646,6.755714938899899,1.9953003724646259,1.9985405534423095,2.0090041714643303,2.0241039174460616,2.0078518177740534,6.767578125,3.256874482113025,-12.527431134217869,,2.021317788262227,1.963544754379958,1.9058571582397323
6.72,0.01246591983616617,2.3089995935065057,6.752552529928374,1.9934069171216844,1.992260040555611,1.989656099190424,1.9578368226554115,2.01496972926526,6.7236328125,-2.402329068872569,-10.131473740847818,,1.9721071919556743,1.70636303946595,1.0481898537891752
6.73,0.01246591983616617,2.3089995935065057,6.757401230922929,1.9916348894937554,1.9866974323082716,1.9739305274258554,1.9138914276252836,2.0183713797885137,6.7236328125,3.8229176603273674,-6.475241492394767,,1.9401703472442704,1.7161706961591594,2.0175028718503714
6.74,0.011276772417197996,2.1961100503411646,6.768240480188638,1.991010892357016,1.9851612602581934,1.9711744960518898,1.9196002056274912,2.0169809020460687,6.74560546875,2.553406755073655,4.4918402591843085,,1.9443293958357495,1.9380999332082756,2.674169402287705
6.75,0.009352691475673304,2.000000000000012,6.781566348526689,1.9914688929099336,1.9872274530452894,1.9791295419179051,1.96003362310409,2.0118529583902647,6.767578125,1.7559409447299237,8.955021179158777,,1.9722208911456334,2.1459084616305417,2.6836033120596023
6.76,0.007428610534148418,1.782442326357445,6.792173850766867,1.9919135736428002,1.9891378693858655,1.9859624511101857,1.988132976130054,2.004738277893472,6.767578125,0.5415331406779282,11.652153360828416,,1.991987648876995,2.1846778459140164,2.0422753939881964
6.7700000000000005,0.006239463115180168,1.6335607969055734,6.795336039855609,1.9933742441644877,1.9942352765120532,2.0013245629863503,2.034347417718572,1.9978300011906576,6.78955078125,3.0730653240502614,13.604350378550686,,2.0266257428230836,2.2621295900222327,2.0619573612412694
6.78,0.006239463115180203,1.633560796905578,6.790487474613915,1.9947575705865805,1.9987863291084818,2.013632566290593,2.06122326127271,1.993723547175313,6.78955078125,-1.199060275970961,15.04723759946471,,2.0477413711627186,2.2152503182468757,1.699626871170307
6.79,0.007428610534148358,1.7824423263574378,6.7796485210897535,1.9970930977590198,2.0061409735164224,2.0326714439749183,2.1021689614613943,1.9943183811002312,6.8115234375,3.059970747443224,16.06456325872724,,2.079786607705301,2.230021524587658,2.1018958258960736
6.8,0.009352691475673044,1.9999999999999842,6.766322714591547,1.9972377077073884,2.0059922061894566,2.0286197511300683,2.067068109580598,1.9990097578979629,6.767578125,-3.175525219117326,16.678975838397346,,2.054822222655822,1.920428270006872,0.6008288416882721
6.8100000000000005,0.011276772417197937,2.196110050341159,6.755714938899631,1.9963496373153224,2.002493686906872,2.015220010182733,2.008964032785222,2.0049612507504193,6.74560546875,3.380587661987727,16.878897040438257,,2.0133836606214466,1.6764742105194441,1.1973841438208064
6.82,0.012465919836166203,2.308999593506509,6.752552529928115,1.9944906110628773,1.9960223181045718,1.9943397036403114,1.9424070517897942,2.00910028785358,6.7236328125,1.287580939040287,16.62877836454221,,1.96259907671129,1.5295030827051321,1.7859230026267756
6.83,0.01246591983616619,2.3089995935065075,6.75740123092268,1.9937772973570058,1.9935993581068392,1.9870335491985305,1.9333911702728852,2.009311920806819,6.74560546875,3.31842183052681,15.873151425778456,,1.9523739289747872,1.763987620223038,2.738078521231866
6.84,0.011276772417198055,2.1961100503411703,6.768240480188397,1.99311535278097,1.9914721828348187,1.9813355496059373,1.9323832391618505,2.0053494199280393,6.74560546875,-1.4186523159008335,14.545352353968498,,1.9482628821525334,1.920193260718236,2.5456315506115272
6.8500000000000005,0.009352691475673188,1.9999999999999996,6.781566348526456,1.9935317789152622,1.9929585523754212,1.9866464657944114,1.9657415419827238,1.9984090224997841,6.767578125,3.055731029220401,12.589883840498905,,1.97036175396563,2.1310558901220054,2.5262786550617653
6.86,0.007428610534148474,1.7824423263574518,6.7921738507666465,1.9949611355569914,1.997643549447752,2.0006882489399014,2.017033631264807,1.990806041397189,6.78955078125,1.7883764412922667,9.911177443875925,,2.00804087514548,2.283848262502862,2.3314952938861033
6.87,0.006239463115180191,1.6335607969055763,6.795336039855399,1.9963116731019412,2.001807686498747,2.0119665291569606,2.0476537637985786,1.9851122100340248,6.78955078125,-0.2994821696839304,5.997461775184008,,2.0321386871865874,2.26910078404791,1.6838576899018836
6.88,0.006239463115180181,1.6335607969055752,6.790487474613712,1.9975856569777204,2.0054836285158304,2.020826698630251,2.064436758721342,1.9834428704387095,6.78955078125,2.2662418339554833,-4.95985145759007,,2.0461120048768344,2.191762650247985,1.4866449894254072
6.890000000000001,0.007428610534148451,1.782442326357449,6.779648521089555,1.9987853717678683,2.008703725141991,2.0275877578464114,2.0715060910618988,1.9867597950817573,6.78955078125,1.9508724515607039,-9.001391289466191,,2.0527601160981237,2.0968969384018283,1.6783693365648389
6.9,0.009352691475673159,1.9999999999999964,6.7663227145913565,1.9988876892044165,2.0081936565513216,2.023142912312309,2.0430967816480954,1.9942665700358382,6.767578125,-1.2522219710173847,-11.464443347856907,,2.0331722780678088,1.8978349144252677,1.3914015289027621
6.91,0.01127677241719788,2.1961100503411535,6.755714938899448,1.9979577836109605,2.004363473476652,2.0095490445122635,1.9922077135656366,2.003901931174129,6.74560546875,2.006064903852027,-13.196181446943143,,1.9967270942279705,1.7117167755838956,1.488246270641615
6.92,0.012465919836166182,2.3089995935065066,6.752552529927941,1.9970840394507794,2.00091021180975,1.9982187089300736,1.9598372918646143,2.0134636501891987,6.74560546875,2.8810853348284344,-14.401971252005989,,1.9723388780444049,1.7230221423665577,2.157346480349184
6.93,0.012465919836166213,2.3089995935065097,6.757401230922509,1.996264726892533,1.9978167252917238,1.9889993378707094,1.9413044702534776,2.021016653220368,6.74560546875,1.6920597066262972,-15.146928028925561,,1.9575603305352727,1.8072727950119214,2.3351084317179756
6.94,0.011276772417197961,2.196110050341161,6.768240480188232,1.9954981068433664,1.9950648047082797,1.9816878319756626,1.932670265371989,2.0251425422282017,6.74560546875,2.0406834447080646,-15.437395933932324,,1.950031608868979,1.9023196379470255,2.2507467231119014
6.95,0.009352691475673258,2.000000000000007,6.781566348526298,1.9947824360308766,1.9926354195122271,1.9760661145436502,1.931339037280774,2.025338116812735,6.74560546875,2.014337128290985,-15.243261903341267,,1.9476972271383262,1.9793398572989576,2.1173943010273755
6.96,0.007428610534148532,1.7824423263574587,6.7921738507664955,1.9951436517002035,1.9938454148239684,1.9815532396486468,1.965179297896614,2.0224270919837117,6.767578125,3.094532430216067,-14.50341934463071,,1.9708872476213186,2.13460381656873,2.3922248808658657
6.97,0.0062394631151802115,1.6335607969055792,6.795336039855255,1.9965167093797302,1.998280350925682,1.995909359533541,2.017878889493646,2.0182186432072364,6.78955078125,1.9923375941594168,-13.126093981573664,,2.009155879556169,2.256952700727348,2.403189806690145
6.98,0.006239463115180217,1.6335607969055799,6.790487474613574,1.9978113374880953,2.002220056127394,2.007553350158884,2.049474552994372,2.0145295866769675,6.78955078125,-0.5662080975746163,-10.992578705873214,,2.0335238417236248,2.2285900311635674,1.8716535479326672
6.99,0.007428610534148394,1.782442326357442,6.779648521089423,1.999029906279597,2.005695622638124,2.0167905752802775,2.0667039300880106,2.0125223409575335,6.78955078125,2.2655529081005956,-7.82297366516739,,2.0475669241163126,2.1485852963150753,1.6443497999143615
7.0,0.00935269147567309,1.999999999999989,6.7663227145912295,1.999149680320015,2.0054265892877803,2.0145031184015996,2.045994783452542,2.012241553745302,6.767578125,-1.0929125004642932,1.0997087744814582,,2.0330400581296724,1.9485950243272003,1.1845743248495877
7.01,0.011276772417197824,2.1961100503411477,6.7557149388993265,2.000286404619791,2.0084550206490257,2.021771486721966,2.057174139117618,2.013100092322857,6.78955078125,3.6430296717235047,7.90318084941054,,2.0426581382670967,1.9908437321145265,2.237310257405667
7.0200000000000005,0.012465919836166217,2.30899959350651,6.752552529927824,1.9993025957564858,2.0044613656611516,2.008336767144736,2.0036906402253196,2.013805130706463,6.74560546875,-3.3658872141949163,10.952476943995833,,2.004251502969436,1.7473337454822442,1.2858436887186988
7.03,0.012465919836166179,2.3089995935065066,6.7574012309223965,1.9983753859854314,2.0008624234622205,1.9971518772873378,1.9681277953922953,2.0125561568686035,6.74560546875,3.97683566371685,13.106201966265312,,1.978056665120509,1.7387807248010818,1.9975915903805308
7.04,0.011276772417198017,2.196110050341167,6.768240480188123,1.9985291114139545,2.000966012729224,1.997616955613019,1.9754279741172116,2.008699599200381,6.767578125,2.5815714951018087,14.704496102517094,,1.9836084506936489,1.9361855707321856,2.6083249166791584
7.05,0.009352691475673329,2.0000000000000147,6.781566348526193,1.9986738669885065,2.001043615821271,1.9980203020351537,1.9818407382710157,2.0027570822981082,6.767578125,-1.2222400924089292,15.861673146744078,,1.9882812247396588,2.0195749589505443,2.3006226644009833
7.0600000000000005,0.007428610534148439,1.7824423263574476,6.792173850766394,1.9998352297766522,2.004417357931849,2.0078595284656555,2.015389520065224,1.9961408552788549,6.78955078125,3.115849917501423,16.61537741164839,,2.0135367723544966,2.1560548086549116,2.3572254811997224
7.07,0.006239463115180176,1.6335607969055745,6.795336039855158,2.0019492060488147,2.0106874230466505,2.0250686038368344,2.064773879813178,1.9910103844975156,6.8115234375,1.740973885159619,16.965279672769476,,2.0505924092919106,2.2611552595645175,2.2858475073351086
7.08,0.006239463115180195,1.633560796905577,6.790487474613478,2.0029066974290277,2.012875316461236,2.0291418198074695,2.0670284702771657,1.9886620445472516,6.78955078125,-2.1141086115512335,16.88493634206724,,2.0512679249354444,2.117076618346569,1.1991842101466554
7.09,0.007428610534148337,1.7824423263574354,6.77964852108933,2.002776037817035,2.0114269543447083,2.0224573955030816,2.0353233829078543,1.9886432233769056,6.767578125,2.4904269924099482,16.326961030972114,,2.0277082835956604,1.9147962812660033,0.7882901459659887
7.1000000000000005,0.009352691475673204,2.0000000000000013,6.76632271459114,2.0026456966675332,2.0100562162196156,2.016536123214462,2.0114506504701892,1.9899795897926735,6.767578125,2.811956329553811,15.227987596321855,,2.010377466951159,1.860597990396574,1.8289885532194767
7.11,0.011276772417197916,2.1961100503411566,6.75571493889924,2.00251593885397,2.008764256323969,2.0113772816272992,1.99512323309528,1.9918441862161598,6.767578125,1.702107121534128,13.527964529289553,,1.9983528054501694,1.8708630624866223,2.228728751873579
7.12,0.012465919836166196,2.308999593506508,6.752552529927742,2.0023870131004022,2.0075516501503703,2.006957107702588,1.9847486270116645,1.9933792174342324,6.767578125,2.052994529552703,11.165554269627728,,1.9905712839848413,1.902298714931668,2.2661475220479734
7.13,0.0124659198361662,2.3089995935065084,6.757401230922318,2.0012348205196298,2.0030965377433487,1.993669940056404,1.949885038085388,1.9935812639039097,6.74560546875,-1.208747676262636,7.903862992471795,,1.9641611714383216,1.8159756489196177,1.755039981055184
7.140000000000001,0.011276772417197923,2.1961100503411575,6.768240480188049,2.0011707437786708,2.00242839133024,1.9925471818693952,1.958075057426553,1.9921356818165548,6.767578125,3.6448858521005754,0.8405005370123477,,1.9703847572898927,1.963510919334603,2.3663270562521204
7.15,0.009352691475673214,2.000000000000002,6.781566348526123,2.0021306224845357,2.0051352910806486,2.0012977817559108,1.9956490744020319,1.989985153085813,6.78955078125,1.4165585932049585,-7.601950043732361,,1.9978684388564913,2.126136933582286,2.507579290646979
7.16,0.007428610534148495,1.7824423263574543,6.792173850766327,2.0020032210575613,2.0041858255138436,1.9988726242779338,1.992126161382975,1.9881005886534777,6.767578125,-2.129067779109788,-10.535522789909733,,1.9945171514079132,2.0348365093297045,1.5663593448710795
7.17,0.006239463115180198,1.6335607969055774,6.7953360398550915,2.002901736038533,2.006626342365999,2.0063926910593195,2.0190377016721515,1.9873902370459287,6.78955078125,3.8842361885065997,-12.537875297257639,,2.0139601912081297,2.111483299904667,2.082107538859981
7.18,0.006239463115180173,1.633560796905574,6.790487474613414,2.003739362049312,2.0087482921920006,2.01236911095915,2.0360299712625842,1.9887996646035515,6.78955078125,-1.5983597802947054,-13.953334795927466,,2.026011740684962,2.1041560785833604,1.9368203149062893
7.19,0.007428610534148431,1.7824423263574465,6.7796485210892685,2.003494980096857,2.007265929321509,2.007557132665836,2.0169589286536715,1.9921687179593632,6.767578125,0.5933801831150377,-14.890425164310765,,2.011235794692098,1.9630664740069446,1.4145222530168906
7.2,0.009352691475673133,1.9999999999999936,6.766322714591081,2.0032567874780507,2.0058960849354976,2.00347745118491,2.0026855042291376,1.9963720322632919,6.767578125,3.053724267354468,-15.377630561056828,,2.000710025719158,1.9292563829187623,1.885620080088086
7.21,0.011276772417197859,2.1961100503411513,6.755714938899184,2.002000747905317,2.0013173092045387,1.9905454283631772,1.9632735709230664,1.9997161174675198,6.74560546875,-1.2478690348891919,-15.39971851682701,,1.9719305378863925,1.81622713964134,1.6936235088126699
7.22,0.012465919836166173,2.308999593506506,6.752552529927688,2.0008129528235217,1.9972235649011136,1.980120357362188,1.9379525586216306,2.0003843881636456,6.74560546875,3.055308483534671,-14.909200543249884,,1.9540773073073452,1.8356278463731526,2.092069975182433
7.23,0.012465919836166163,2.3089995935065053,6.757401230922264,2.000717010561446,1.9969198248823126,1.981600195027107,1.9545796476101516,1.9976069938393313,6.767578125,2.742902316806275,-13.82984329733943,,1.9666963608434438,2.008156870513903,2.542528560297742
7.24,0.011276772417197982,2.1961100503411632,6.768240480187996,1.9995982795242484,1.9933367914647264,1.973505518185414,1.938330742205568,1.9913255486589838,6.74560546875,-2.3626649963657096,-12.058686502398057,,1.9548823095371182,1.94889111487226,1.7797259303339683
7.25,0.009352691475673285,2.0000000000000098,6.781566348526071,1.999570210041472,1.9935182832017162,1.9771016502242527,1.9619683206350034,1.9823906695290332,6.767578125,3.869287852312301,-9.430148796386048,,1.9712490702902827,2.0642034118139754,2.2240779815647214
7.26,0.007428610534148553,1.7824423263574611,6.792173850766276,2.000568238082428,1.997047658494349,1.990137343656287,2.009359729874562,1.9732811217739785,6.78955078125,1.4161002471573452,-5.240883010816596,,2.005075361744967,2.18733160845648,2.370679039261327
7.2700000000000005,0.006239463115180161,1.6335607969055725,6.795336039855045,2.0025282555731443,2.003517596978165,2.0104146805358143,2.0669942188228507,1.9672523768623638,6.8115234375,2.047835476961971,5.858308674649697,,2.0479974567315957,2.2734818739895357,2.3129537250298617
7.28,0.00623946311518021,1.6335607969055788,6.790487474613369,2.0033406588986398,2.005923573131197,2.017020445906761,2.0727365281537047,1.9665634191659147,6.78955078125,-2.025256002377204,9.659896205219866,,2.0524418683806065,2.1115019945042763,1.2330107078603567
7.29,0.0074286105341483735,1.7824423263574396,6.779648521089225,2.0030733714023046,2.0047105997850814,2.0125443049822107,2.043287572421278,1.9711433756547148,6.767578125,2.4399795198244743,12.138715463037963,,2.0312176834196807,1.8924011858102252,0.8004964593885537
7.3,0.009352691475673063,1.9999999999999862,6.7663227145910385,2.002814728239753,2.0035973583133573,2.0086506780512057,2.020728191940033,1.9800203194134611,6.767578125,2.8193414717171357,13.951757155018168,,2.015166251615828,1.8293737863437443,1.822962226264687
7.3100000000000005,0.011276772417197952,2.1961100503411606,6.7557149388991435,2.0025647340560164,2.0025802864692444,2.0053081209141723,2.0048999385662873,1.9919768723475393,6.767578125,1.6921989324416478,15.281323163133633,,2.0036744300422966,1.8400322733105705,2.2216406099277575
7.32,0.012465919836166212,2.3089995935065093,6.752552529927649,2.001298872039051,1.998333332941828,1.992951025583286,1.9660966040354637,2.0047626562600334,6.74560546875,-0.8784003323793255,16.19257989346739,,1.974188947061943,1.754415151919128,1.8710294057178158
7.33,0.012465919836166186,2.308999593506507,6.7574012309222296,1.9990778354897962,1.9912201634881168,1.9733728417541114,1.9129205974837753,2.0149671667801035,6.7236328125,2.0690926192491355,16.699725264579616,,1.9335964864395845,1.6736088416067199,1.6671499524432354
7.34,0.011276772417198037,2.1961100503411686,6.768240480187962,1.9969864244925595,1.9849216124362257,1.9577938168394136,1.8807068574447148,2.019713515253257,6.7236328125,2.8480004509391543,16.785203133223046,,1.9098650602471752,1.7681954546581604,2.10324710811787
7.3500000000000005,0.009352691475673169,1.9999999999999976,6.78156634852604,1.9960487062680417,1.9827473498197372,1.9555950694058697,1.8984934494360346,2.0186681301576095,6.74560546875,2.703032685522105,16.40806583473559,,1.9217991426318795,2.0139576588375143,2.5603058965800063
7.36,0.007428610534148459,1.78244232635745,6.792173850766247,1.9961994656907625,1.984273525895444,1.964518475667525,1.9500951702916007,2.0136228943949797,6.767578125,1.8533702260420202,15.509343440788236,,1.9565575875854575,2.2176200284491365,2.5395287051954862
7.37,0.006239463115180185,1.6335607969055757,6.795336039855016,1.9973736564528655,1.9890809118728234,1.982259639688785,2.0131377715040415,2.006815820331168,6.78955078125,2.121867042049165,14.0234775776461,,2.0034916742920514,2.341825914087633,2.31116462496239
7.38,0.006239463115180186,1.6335607969055759,6.790487474613341,1.998480830017585,1.9934166429544087,1.9967864564674265,2.047187953537541,2.000117917901485,6.78955078125,0.30830899533370565,11.892079872363283,,2.0338469760313003,2.2984459686131804,1.6426724092823413
7.390000000000001,0.007428610534148466,1.782442326357451,6.779648521089198,1.9984971149762076,1.9939643047549906,1.998795569989237,2.037638197099824,1.9945843553840517,6.767578125,0.7151143696461469,8.970243637197736,,2.0306508421888263,2.087083945153646,0.7117801870944127
7.4,0.00935269147567318,1.9999999999999987,6.766322714591013,1.999539443807263,1.9978218095867655,2.0099063422379575,2.0551708673578575,1.9909315938504804,6.78955078125,3.663342623267345,4.319791466158165,,2.047840830624568,2.0743712660990816,2.0660655305470734
7.41,0.011276772417197895,2.196110050341155,6.75571493889912,2.0005187430478046,2.001253735720576,2.0185801544637343,2.062893579139496,1.9895390465266414,6.78955078125,-1.5859008527885121,-6.378071251252314,,2.0566268459597037,2.014295261299053,2.1280019489594615
7.42,0.012465919836166189,2.3089995935065075,6.752552529927627,1.9993868144382778,1.9976359820615732,2.0064353182449683,2.008335488023761,1.9892322913191938,6.74560546875,-1.977218354754593,-9.76185191817913,,2.0170661986366687,1.7191777649720765,1.0385658438492826
7.43,0.012465919836166206,2.3089995935065093,6.7574012309222065,1.9983209459250333,1.9944232526069252,1.9963840493497562,1.9712704428537688,1.9883220967187927,6.74560546875,3.839389009036142,-11.973639897714222,,1.9893054161720753,1.6882186643687513,1.938841072942664
7.44,0.011276772417197944,2.1961100503411597,6.7682404801879406,1.998345625514069,1.9949265273474621,1.9976868793801277,1.9771254868077903,1.9861215048393723,6.767578125,2.4973280463892746,-13.535066086446605,,1.9930608689070248,1.8885809709938266,2.621507839587928
7.45,0.00935269147567324,2.000000000000005,6.781566348526019,1.997343876037649,1.9920679941169273,1.989314693091318,1.954153641795246,1.9826046861247204,6.74560546875,-2.377166663683718,-14.59593704199154,,1.9743191422130342,1.8660620217830486,1.9659917685869557
7.46,0.007428610534148517,1.782442326357457,6.792173850766228,1.9974311280647787,1.9929026549813624,1.9921352278417488,1.970033574281129,1.9786337006870625,6.767578125,3.8900652756256346,-15.200783560335827,,1.9849608281262927,2.0272891391290275,2.336876538677379
7.47,0.006239463115180205,1.6335607969055783,6.795336039854998,1.9995683093696945,2.000336997607481,2.0134036203385124,2.0395155287825486,1.9766381962772124,6.8115234375,2.524343548246689,-15.343199479560372,,2.035646008347174,2.282209340416214,2.7271417786487353
7.48,0.006239463115180223,1.6335607969055805,6.790487474613324,2.0005511920062196,2.0036078847742336,2.020986527781693,2.0555131292080677,1.9786920691217829,6.78955078125,-3.1799238015232905,-14.982597501763598,,2.045826353904383,2.1815842100593175,1.479000985253711
7.49,0.00742861053414841,1.782442326357444,6.779648521089183,2.00044800171853,2.0031714655459285,2.017352487821889,2.0343395523936363,1.984791725323416,6.767578125,2.7237555190209854,-14.047791719426113,,2.028831859333058,1.9846710136016288,0.5178195354641654
7.5,0.009352691475673108,1.9999999999999911,6.766322714591,1.9993231565000658,1.9994372713542545,2.0045398695805345,1.988303511381904,1.9936411281582966,6.74560546875,1.9206131345683857,-12.438932058506333,,1.9942918395115294,1.7932227795493685,1.0471504450467215
7.51,0.011276772417197838,2.1961100503411495,6.755714938899107,1.9992899336357803,1.999429904097078,2.0034704490201483,1.9873941396202435,2.0039109161364537,6.767578125,3.496038274702324,-10.01158386650022,,1.9930615212150673,1.90489139474648,2.453587998854347
7.5200000000000005,0.012465919836166224,2.3089995935065106,6.752552529927614,1.9982324633254107,1.9960963127718783,1.9929627028094392,1.9584506158982555,2.014049835856425,6.74560546875,-2.6055320669806217,-6.280871950954349,,1.9709629356377627,1.837587171004446,2.095615959173959
7.53,0.012465919836166172,2.3089995935065057,6.757401230922194,1.9972387601693444,1.9931434928181477,1.9844925542617613,1.9411307734610546,2.0218764328708048,6.74560546875,3.235173443106736,4.755353972197257,,1.9576770040257347,1.8645627216339506,2.170995755374014
7.54,0.011276772417198003,2.1961100503411655,6.768240480187929,1.995279447144614,1.9872097379689664,1.9681899887586791,1.9024847629288841,2.02540689038984,6.7236328125,-1.0970774993640284,9.083653272952967,,1.9287994494078675,1.7942505324814975,1.7184095079369581
7.55,0.00935269147567331,2.0000000000000124,6.781566348526007,1.9954976547364074,1.98868083673817,1.9748444007095904,1.9444782434083716,2.0243175636745234,6.767578125,4.2322410681118185,11.744088375291135,,1.957785336329974,2.0738497157861957,2.693522650875706
7.5600000000000005,0.007428610534148422,1.7824423263574456,6.792173850766216,1.9946816100706661,1.9867127003090668,1.9710265275369971,1.9449569534527793,2.0196042043372975,6.74560546875,-3.497076634685446,13.67513225825478,,1.9571945844105751,2.033263553155293,1.8102655376275814
7.57,0.00623946311518017,1.6335607969055737,6.795336039854987,1.9959774258536374,1.991726251941281,1.987882237579428,2.0083381338380066,2.0128706826093707,6.78955078125,4.493015305596828,15.10235036631272,,2.0024168369312756,2.234040991466578,2.500979866937154
7.58,0.006239463115180201,1.6335607969055779,6.790487474613314,1.9982278146180774,1.9995539136825065,2.0112370909235078,2.0740424441924996,2.006627876025236,6.8115234375,-1.7616419634419107,16.106218303262764,,2.052762368842975,2.3273233075996456,2.3363723758499675
7.59,0.007428610534148353,1.7824423263574372,6.779648521089173,1.9982924629739458,1.9998459085985463,2.01073108457378,2.056313012217735,2.0020500086408206,6.767578125,-3.023035518273141,16.70797857140676,,2.04069157898529,2.045554713971812,-0.6425416952978684
7.6000000000000005,0.009352691475673223,2.000000000000003,6.76632271459099,1.9983545639082951,2.000098292797078,2.010081504701744,2.040438546737862,1.9990055781065355,6.767578125,3.9919740046156464,16.895179815953327,,2.0300523575313485,1.912369498871316,1.3222421931606676
7.61,0.011276772417197932,2.1961100503411584,6.7557149388990965,1.999440103419217,2.003635659541958,2.01879155795338,2.055246870615809,1.9976422675252827,6.78955078125,2.503668060300035,16.63164963474614,,2.042446970293918,1.9839373002610883,2.3743354886504546
7.62,0.012465919836166144,2.3089995935065035,6.752552529927604,1.9994345286660837,2.003429877721022,2.0160239766293953,2.0334562255635293,1.9975794635503692,6.767578125,-2.408006429672977,15.861485870706318,,2.0272957161685756,1.8739772476259107,1.9090439159056594
7.63,0.012465919836166192,2.308999593506508,6.757401230922183,1.9984025406770338,1.9998952326448611,2.003960654303026,1.9887810647808388,1.9974512520163528,6.74560546875,2.522863977780699,14.51861129201118,,1.994210611713,1.7420655733047545,1.6038882917626953
7.640000000000001,0.011276772417197909,2.196110050341156,6.7682404801879175,1.9974323023332354,1.9967375646819505,1.9940056731945763,1.9598033513170157,1.9961623196978262,6.74560546875,2.8247521257139163,12.548496677602833,,1.9722758203217923,1.7757361278003583,2.03925301175556
7.65,0.009352691475673195,2.0000000000000004,6.781566348525997,1.9985752152598522,2.000591793033419,2.005018708437934,1.9993305947642042,1.9940243256983592,6.78955078125,3.4238378252738535,9.854169897696732,,2.0027225377727795,2.087111995040789,2.8306022394983446
7.66,0.00742861053414848,1.7824423263574525,6.792173850766207,1.998624721480934,2.000684641552082,2.0043577815628115,1.9978872623686839,1.991931428700226,6.767578125,-3.2894803970475075,5.9071121563487665,,2.0012776039450206,2.053718431166526,1.8207262499774373
7.67,0.006239463115180249,1.633560796905584,6.795336039854978,1.998671931165043,2.0007549610640414,2.00371484680152,1.9970041221406598,1.9905130539462246,6.767578125,3.3989803279006923,-5.052722116047373,,2.0001849264936604,2.0431439108753486,1.6521675698541012
7.68,0.006239463115180179,1.633560796905575,6.790487474613304,1.9997426381741283,2.0041229867848647,2.012549828955679,2.0248354932411767,1.9910211098112116,6.78955078125,2.7673405073264425,-9.040856356560347,,2.020872360487773,2.1433899624841604,2.1912353093489476
7.69,0.0074286105341484455,1.7824423263574485,6.779648521089163,2.0007479808703565,2.0070817019352964,2.0194634735228703,2.0425363598442345,1.9948081402097413,6.78955078125,-1.1944865629360222,-11.483152417129736,,2.033444627819973,2.136960308134998,1.992619812153921
7.7,0.009352691475673153,1.9999999999999958,6.76632271459098,2.0016900931676878,2.009658868349571,2.0246980664176686,2.0522753176567847,2.0021590899310104,6.78955078125,2.2753997267066204,-13.199213502768748,,2.0400087785716168,2.098309545111699,1.9042720965799467
7.71,0.011276772417197874,2.1961100503411526,6.755714938899087,2.000521989654126,2.005262146722967,2.0095621695557786,1.99711948216279,2.011551695734749,6.74560546875,-2.494722069713586,-14.390326202623571,,1.9995876355216853,1.8262241366643004,0.6899591932212652
7.72,0.012465919836166125,2.3089995935065013,6.752552529927594,1.9994197349905312,2.0012992737420428,1.9969382469561388,1.9590264537045956,2.0204995581023186,6.74560546875,3.6937822074261466,-15.119802104046194,,1.9722480220402496,1.7878597109455594,1.8814575328275567
7.73,0.012465919836166158,2.3089995935065044,6.757401230922174,1.9983815089704289,1.9977507196543576,1.9866655182828843,1.93570010575635,2.0269590837747637,6.74560546875,1.501706493740759,-15.39260106969787,,1.9554571345385996,1.8378407428339154,2.311045297245204
7.74,0.011276772417197965,2.1961100503411615,6.768240480187909,1.9974054655504827,1.9945957176787592,1.9785288607503595,1.9239757452152073,2.0297717369101838,6.74560546875,1.9669646144123283,-15.177253894524183,,1.9467018127980313,1.9070606048233014,2.329349209724673
7.75,0.009352691475673266,2.000000000000008,6.781566348525987,1.9975166329981051,1.9951480069299508,1.9819505905096644,1.9520712165922713,2.029329761566985,6.767578125,3.1165739781876267,-14.41096129737874,,1.9658362653361343,2.0764289406660463,2.536943006647584
7.76,0.0074286105341485375,1.7824423263574594,6.792173850766197,1.9986502171404479,1.9989928696622217,1.994667008509324,2.0032852995422687,2.027254141615691,6.78955078125,1.9556567973091654,-12.999893356055436,,2.001916241796537,2.216873735424734,2.4530502683102045
7.7700000000000005,0.006239463115180213,1.6335607969055794,6.795336039854969,1.9997166715416839,2.0024078830120766,2.0050289725713983,2.0347735557962516,2.0253359665063795,6.78955078125,-0.5300922321629233,-10.820868391575523,,2.025324333306217,2.2046593602945745,1.8393440787928084
7.78,0.006239463115180215,1.6335607969055796,6.790487474613295,2.0017428409663935,2.008732010266914,2.0227398606784117,2.079900393981751,2.0251096265379713,6.8115234375,3.0924442364996145,-7.566323228617761,,2.0602735170653985,2.2434728424402874,2.019182649191184
7.79,0.007428610534148389,1.7824423263574416,6.779648521089154,2.0015940912012495,2.007669928810839,2.0177724727268043,2.0495907282245787,2.0267365906416437,6.767578125,-3.2033462949553817,2.2718420422164023,,2.0379743273557267,1.953331327851279,-0.33120641076835183
7.8,0.009352691475673082,1.9999999999999882,6.766322714590971,2.0014494918031795,2.0066687387955273,2.0133611102530384,2.0255569953656662,2.0292236869089955,6.767578125,3.9861164705155683,8.141220857004923,,2.0207313750808136,1.847207607660181,1.6621114456356505
7.8100000000000005,0.01127677241719797,2.196110050341162,6.755714938899079,2.002333540488677,2.0090416535194904,2.0189730790295872,2.036510454629029,2.0320629211833436,6.78955078125,2.5571028242537603,11.11541431194719,,2.029466252320803,1.954437144538725,2.547380313768818
7.82,0.012465919836166158,2.3089995935065044,6.752552529927586,2.003158933632837,2.0110878960900753,2.0231474243766416,2.041433587589753,2.034581601708491,6.78955078125,-1.199615739529787,13.231282604291293,,2.0338832553133512,1.982364855891859,2.3675498284002336
7.83,0.01246591983616618,2.3089995935065066,6.757401230922166,2.0018798743149873,2.006208895411761,2.007126895210636,1.9861215046718597,2.0349264523628765,6.74560546875,-1.8804160111158568,14.803289918344882,,1.9923390477394913,1.7489092109775815,1.091686556544275
7.84,0.011276772417198024,2.1961100503411672,6.768240480187901,2.0006708147921985,2.0018119945606823,1.993871457765046,1.9489978475215777,2.031028175905985,6.74560546875,3.8079741463810945,15.938986501075249,,1.9647022785569916,1.7528630617247236,1.8384207512630804
7.8500000000000005,0.00935269147567315,1.9999999999999956,6.781566348525979,2.001580268256733,2.004526651515682,2.0023119931095037,1.9847616536704102,2.022750344628906,6.78955078125,3.2707711908326518,16.67297259295636,,1.9919842212050118,2.0677225005464828,2.8384364710687726
7.86,0.007428610534148444,1.782442326357448,6.792173850766189,2.002431032024284,2.0069053840079394,2.0090847910949843,2.0097660352361535,2.011559841818867,6.78955078125,-2.5890841830049713,17.002964677696713,,2.0105464734845686,2.1481357713462144,2.315812294744741
7.87,0.006239463115180237,1.6335607969055823,6.795336039854961,2.0042486855957558,2.0122796267930596,2.023806672290503,2.054084884312632,1.9994512399476594,6.8115234375,3.271347877477274,16.901361240549136,,2.0434913607867804,2.2474616139585506,2.2096526707162396
7.88,0.006239463115180192,1.6335607969055768,6.790487474613288,2.0059479971789353,2.0169678146141528,2.0352593119896762,2.0808493810720794,1.9888067184765053,6.8115234375,-1.106031285993138,16.319869412279584,,2.0628721455638352,2.2142957380984236,1.7052253163965467
7.890000000000001,0.007428610534148482,1.7824423263574527,6.779648521089147,2.0075332121496223,2.0210205189510577,2.04388832120701,2.094187515079737,1.98126749882001,6.8115234375,2.1787000336008715,15.194567455374424,,2.072325711384242,2.1369996341689363,1.5988631743787995
7.9,0.009352691475673199,2.0000000000000004,6.766322714590964,2.007987240202817,2.0211918811678298,2.0406604476459798,2.067446958518243,1.9770190555778053,6.78955078125,-1.106223566257184,13.467034590884658,,2.053804909001415,1.943185577208035,1.2176094788422567
7.91,0.01127677241719791,2.1961100503411566,6.7557149388990725,2.008398650716057,2.0212060619917267,2.0372116674028193,2.045246206184682,1.9753413301657037,6.78955078125,2.9178473918319083,11.075787578785933,,2.038481368971334,1.8770002863038975,1.8795984988479426
7.92,0.012465919836166137,2.3089995935065026,6.752552529927582,2.00774765277901,2.017772766944915,2.0240897250724483,1.9998218182926248,1.9753392203060125,6.767578125,-1.1306180418785834,7.769697760586509,,2.0049460382098245,1.7517357947295975,1.761757823140758
7.930000000000001,0.012465919836166144,2.3089995935065035,6.757401230922163,2.008142099549161,2.017913635898798,2.0226178417041134,2.000342979580026,1.976310341971839,6.78955078125,3.698485723314487,-1.1573742170613233,,2.003951863107356,1.9012769377390342,2.4976944314469987
7.94,0.01127677241719793,2.1961100503411584,6.768240480187898,2.0074754089396367,2.01460772241339,2.0114646131996663,1.9737636963403828,1.9776553025929224,6.767578125,-2.6025559125663227,-7.724997060451753,,1.9817740911183594,1.8534314180170612,1.9163453381396192
7.95,0.009352691475673221,2.000000000000003,6.781566348525977,2.006833679016442,2.0115732070787495,2.0023046274298535,1.9576658254847068,1.978562238971699,6.767578125,3.213294690391584,-10.613396018031583,,1.9680699988004,1.8889654643329845,1.9855198552753082
7.96,0.007428610534148501,1.782442326357455,6.792173850766186,2.006216736372112,2.008802764272788,1.994922801078653,1.9491812459518751,1.97883006588825,6.767578125,1.8114524865145556,-12.591200640410497,,1.960798581362595,1.9402238412925912,2.024803271861984
7.97,0.0062394631151802575,1.6335607969055852,6.795336039854958,2.006647563815307,2.0096089765874603,1.9985397164623475,1.975618188596557,1.979147925693905,6.78955078125,3.0303758243598824,-13.987770498994097,,1.9800807962543816,2.0911553531002602,2.388351927541979
7.98,0.006239463115180228,1.6335607969055812,6.790487474613285,2.0070402016215265,2.010266403771447,2.0015151638121376,1.9953183071478613,1.9806460825901477,6.78955078125,-0.6528052493145915,-14.907434499611856,,1.993927209736084,2.116324358362427,2.063469938470041
7.99,0.0074286105341484256,1.7824423263574458,6.779648521089145,2.0073963071547327,2.010788273805802,2.0039265146900562,2.0089056691838576,1.9841360662957186,6.78955078125,2.190982080691031,-15.376788653519233,,2.0033545217168602,2.0993261958059,1.8672096768456041
8.0,0.009352691475673127,1.9999999999999931,6.766322714590961,2.0077175108131904,2.0111871722133703,2.005841912828666,2.017578251488815,1.9898018501975117,6.78955078125,1.9940974579000386,-15.379340357099416,,2.0093618024124047,2.0714170163200913,1.864118638688141
8.01,0.011276772417197854,2.196110050341151,6.75571493889907,2.0069829593214665,2.0081708403333316,1.997951311255242,1.99384522356655,1.9966319202884968,6.767578125,-1.2842665562031592,-14.86651728426882,,1.9912732514859657,1.9331624672407521,1.4412815788220013
8.02,0.012465919836166116,2.308999593506501,6.752552529927579,2.005255691839333,2.002127705642595,1.982082437389181,1.9484030431422912,2.0024086432128163,6.74560546875,2.0125817003819004,-13.76076702911119,,1.957655918117873,1.7897325845542367,1.4395990480883716
8.03,0.012465919836166224,2.3089995935065106,6.7574012309221585,2.003620106024905,1.9967334408479227,1.9693743103810013,1.9194080876873654,2.0049086749548324,6.74560546875,2.882046673675657,-11.957323437627467,,1.9372612965881586,1.8100500599341598,2.108500760263983
8.040000000000001,0.011276772417197836,2.196110050341149,6.7682404801878935,2.003098780724837,1.995277356608273,1.9691822576628413,1.9353945742960161,2.003315866099202,6.767578125,2.6992190683252772,-9.282714546103346,,1.9493501762129108,1.9954800792524674,2.6325979664341705
8.05,0.009352691475673105,1.9999999999999907,6.781566348525973,2.001577872657849,1.9906926716226456,1.9599246658324458,1.9193631117882637,1.9979524525909387,6.74560546875,-2.323275781374486,-4.958406768633746,,1.9380340376211957,1.947394984745358,1.8898079958515428
8.06,0.007428610534148407,1.7824423263574438,6.792173850766183,2.002194135488367,1.993328398940307,1.9727720605114647,1.9768666767155485,1.990556225377982,6.78955078125,4.398771237527123,6.097874891364646,,1.9778780256167328,2.175159989431584,2.600208405790449
8.07,0.006239463115180222,1.6335607969055805,6.795336039854955,2.004817283919371,2.0023473485214964,2.0031563474278675,2.071073867173825,1.984337751859327,6.83349609375,0.9687278923000744,9.801813113016204,,2.0476752729133922,2.3900151817472635,2.718292216599086
8.08,0.006239463115180207,1.6335607969055785,6.790487474613282,2.0042048870046365,2.0004181710059075,1.9985274771153956,2.0405855308074434,1.981008399552871,6.767578125,-4.2290381185032775,12.245142148330613,,2.027320331201385,2.032006375526829,-1.3613117257594842
8.09,0.007428610534148368,1.782442326357439,6.779648521089141,2.0046447073063254,2.002014525294635,2.004426863967444,2.0459168242347716,1.9806911946035117,6.78955078125,5.2326409558357785,14.036658559684392,,2.0331579723417725,1.9939718247346399,1.5261648737186009
8.1,0.009352691475673056,1.9999999999999856,6.766322714590958,2.0040271261596545,2.0001165096704,1.9995628873598654,2.0186664184326464,1.983512037371281,6.767578125,-3.0128352615741822,15.349996056214147,,2.0139285655018226,1.8393175046416268,1.5307991339146179
8.11,0.011276772417197796,2.196110050341145,6.7557149388990645,2.004462408989522,2.00174308690048,2.0051337225860895,2.0272536135407133,1.9892597590869707,6.78955078125,3.767356816947285,16.24733241294385,,2.02175377825424,1.938320401411298,2.4484684210469445
8.120000000000001,0.012465919836166206,2.3089995935065093,6.752552529927572,2.0038410511800713,1.9998727506285032,2.0001037124142447,2.0039929748733236,1.9972727671200659,6.767578125,-2.4831991078954987,16.741442578390007,,2.004550493077629,1.8527724418870868,1.9490971785138744
8.13,0.01246591983616613,2.308999593506502,6.757401230922151,2.001201764032873,1.9915665852095388,1.977003555898094,1.9314946551032472,2.0057215371763504,6.7236328125,1.107385555871582,16.813979069273614,,1.9490885109060307,1.6057749324449266,0.9757522268292085
8.14,0.011276772417197893,2.1961100503411544,6.7682404801878855,2.001789315778418,1.9942012482354796,1.9871870855897498,1.9716753226866823,2.013619025361124,6.78955078125,5.193458741936253,16.423645144350605,,1.9806629699731972,2.0254815445265804,2.9673635171436508
8.15,0.009352691475673362,2.000000000000018,6.781566348525965,2.0002902894500165,1.9899298810436377,1.9766311951499154,1.9422536803096178,2.0207277414383733,6.74560546875,-4.858471284313663,15.511325155859472,,1.9591239866858667,1.9205214522175305,1.6865817721755703
8.16,0.007428610534148314,1.7824423263574325,6.792173850766175,2.0009293232651117,1.99286039332375,1.987638019632272,1.9853297122895008,2.026724198612994,6.78955078125,5.176055797396231,14.012260826882152,,1.9906323475730456,2.1503633310083634,2.5110054386799896
8.17,0.006239463115180186,1.6335607969055759,6.795336039854947,1.9994797009914151,1.9888489838150405,1.9776562245368432,1.9557984102208634,2.0314521612412966,6.74560546875,-4.134554067986583,11.868887500442542,,1.9684590752199023,1.9685962415577893,0.9448974379201074
8.18,0.006239463115180185,1.6335607969055757,6.790487474613274,2.000167277265143,1.9920287817404494,1.9891838067147942,1.9975910306353584,2.034756108653897,6.78955078125,4.994333361702647,8.934712931726786,,1.9986941239146068,2.150980920815028,2.394339731277364
8.19,0.007428610534148311,1.7824423263574323,6.779648521089133,1.9997893678043643,1.9915749584966167,1.989157022837451,1.996465407548638,2.036934435112091,6.767578125,-3.559604242697419,4.248091811115739,,1.9970724825073152,2.056401466430846,1.7093321601208593
8.2,0.009352691475672985,1.9999999999999778,6.76632271459095,2.000459558901858,1.994565300508721,1.9989061494876839,2.024359538527964,2.0379016176427425,6.78955078125,3.90446971098553,-6.418761098198034,,2.0174609162557444,2.122297730501988,2.2253862059417977
8.21,0.011276772417198041,2.196110050341169,6.7557149388990565,2.0000649910417994,1.9939273116029042,1.9972923377050782,2.0134449575510938,2.0373149716733887,6.767578125,-2.4910912845334168,-9.781007940709223,,2.0085532543813422,1.99717438441162,1.5815035438720302
8.22,0.012465919836166186,2.308999593506507,6.752552529927564,1.9996941428748025,1.9934007969105654,1.9960276107500674,2.0050511522925585,2.0343555253822423,6.767578125,3.155538469790825,-11.981290476857897,,2.0020423161788363,1.9581860294818312,1.8470849790986654
8.23,0.01246591983616621,2.3089995935065093,6.757401230922143,1.9993462792922791,1.9929766340593211,1.9950692761445528,1.9988877248241237,2.0285242834415884,6.767578125,1.8293101676008066,-13.53313322580124,,1.997572198368309,1.95474002790768,2.0220332532833423
8.24,0.0112767724171981,2.196110050341175,6.7682404801878775,1.999020663313611,1.9926460002151596,1.9943772007798546,1.9946352137118741,2.0200440786655407,6.767578125,1.9704388874531242,-14.584420940261722,,1.994727670986893,1.962953261276371,2.0600150075740413
8.25,0.009352691475673433,2.0000000000000258,6.781566348525957,2.000766366080894,1.9990655877135004,2.0128875950967986,2.0495251750938976,2.0105706253414506,6.8115234375,3.9061780964548416,-15.178866093718423,,2.0359570253229364,2.1879841045169734,2.719832667399381
8.26,0.007428610534148371,1.7824423263574394,6.792173850766167,2.00240635862359,2.0047669224592433,2.027600438359846,2.0840184627990417,2.0025764029248534,6.8115234375,-2.4030741185923175,-15.309485719770493,,2.0611402547300406,2.1949611665629822,2.097810795659054
8.27,0.006239463115180207,1.6335607969055785,6.79533603985494,2.0029210908880617,2.0064849982910524,2.0296321013512046,2.073750220998643,1.9975029524683006,6.78955078125,1.1037687206629114,-14.934851931822468,,2.053570310272569,2.0269779520605855,1.026856816030328
8.28,0.006239463115180164,1.633560796905573,6.790487474613267,2.0034004607238614,2.0079718061222245,2.0307130241166567,2.0616282192659803,1.9959399633810582,6.78955078125,3.0635747097430337,-13.982796724193214,,2.0455930929089754,1.9528268224032905,1.5403023574351924
8.290000000000001,0.007428610534148555,1.7824423263574614,6.7796485210891255,2.004868373107908,2.0125499233610618,2.040441591353621,2.0789043998523278,1.998505155187918,6.8115234375,2.68191746768099,-12.352006087180689,,2.059005126469276,2.043603667342197,2.326508689645911
8.3,0.009352691475673287,2.00000000000001,6.766322714590943,2.0052182320152157,2.0132369453183308,2.038081195857884,2.055632947644074,2.0047808259079694,6.78955078125,-2.331693433309291,-9.893032555760296,,2.0439973252935846,1.936868980961164,1.7669074263832936
8.31,0.011276772417197984,2.1961100503411632,6.755714938899052,2.0045161561847866,2.010459346645985,2.0258409121953234,2.008808383829859,2.0128138094650625,6.767578125,2.481753440936238,-6.084847124176788,,2.01044677728616,1.7985104584660874,1.4763294118544632
8.32,0.012465919836166165,2.3089995935065053,6.752552529927562,2.003847952534942,2.007918815624511,2.0153925275500173,1.9794966074491085,2.0202918529575093,6.767578125,2.832796140109868,4.999613278271749,,1.9875034896686017,1.8149183119455026,2.0091638942633594
8.33,0.012465919836166232,2.3089995935065115,6.757401230922142,2.0021891990710485,2.0022863363818413,1.997043563641837,1.9345614739498573,2.0248067573770356,6.74560546875,-1.2593260804892303,9.207784482965138,,1.951082606055449,1.75656166015459,1.803886238669428
8.34,0.011276772417198159,2.1961100503411806,6.7682404801878775,2.0016487942252623,2.0005796646659695,1.9919402713744252,1.9367955933775016,2.024944076959999,6.767578125,3.7274054143521913,11.833309676709632,,1.9516325128072456,1.9496607534148875,2.4759334367206347
8.35,0.009352691475673504,2.0000000000000333,6.781566348525957,2.001138104004755,1.9990600940714125,1.9880166833222044,1.942732658021523,2.021100661123379,6.767578125,-1.5545741535710322,13.744046774953482,,1.9548881038329367,2.039319110825614,2.257577697917859
8.36,0.007428610534148428,1.7824423263574463,6.792173850766169,2.002704921226656,2.0043627921856304,2.00405131872413,2.0091076471133715,2.015072180495214,6.8115234375,3.697592331715194,15.156078974750521,,2.0031413600527785,2.2790003307484703,2.7058201928060464
8.370000000000001,0.006239463115180115,1.6335607969055665,6.795336039854941,2.0041737586413335,2.009043276501623,2.016868330883591,2.050626175513182,2.0092295326570797,6.8115234375,-2.5704630636864843,16.146814764810628,,2.0345187760218035,2.2790525897950205,1.9945966423761166
8.38,0.0062394631151802575,1.6335607969055852,6.79048747461327,2.0055479511060805,2.013144101858128,2.0269125829811867,2.0740776199970434,2.0051861528826884,6.8115234375,2.4274566385829495,16.736255499448806,,2.053247239826537,2.196316789346373,1.514673138542263
8.39,0.0074286105341484976,1.7824423263574547,6.77964852108913,2.0058088267467666,2.013408033096591,2.0252857389025802,2.0569344853094753,2.003282753001759,6.78955078125,-0.9364318435350873,16.911033062066636,,2.0417191339094525,1.9808562861082042,0.8970951379232436
8.4,0.009352691475673216,2.0000000000000027,6.766322714590948,2.0060447251897893,2.0135613375370722,2.0234940927862275,2.0416250222456016,2.002963401657914,6.78955078125,2.90756805216347,16.634348357041194,,2.0317679316648682,1.8849646750084772,1.74204909937989
8.41,0.011276772417197928,2.196110050341158,6.755714938899057,2.006256769509928,2.0136155963168503,2.0216025721254427,2.0290722468264604,2.003501910547922,6.78955078125,1.7957376407418904,15.850076384644874,,2.023593015514707,1.8623894685406426,2.137499847502454
8.42,0.012465919836166142,2.308999593506503,6.752552529927567,2.0064460608623564,2.0135818008714548,2.019669693595134,2.0193367232480046,2.003767949656578,6.78955078125,2.012252805057626,14.492755232991788,,2.017142494586406,1.8768727500532194,2.2091765202203746
8.43,0.012465919836166253,2.3089995935065133,6.75740123092215,2.0045684506738697,2.006846750252353,1.9987762136463147,1.9558014549333071,2.0018265121245826,6.74560546875,-2.6509939886976563,12.50869600237871,,1.96886219282984,1.6538925564407774,1.167720922566017
8.44,0.011276772417198214,2.196110050341186,6.7682404801878855,2.0038172669718812,2.0041229744597624,1.9912904641770224,1.943717263448069,1.9962449792161714,6.767578125,4.282597397519283,9.799434045111934,,1.9601098554052083,1.8228646151185868,2.344333733616571
8.45,0.009352691475673573,2.000000000000041,6.781566348525965,2.004128442246725,2.005000098896478,1.9949506417690555,1.9682579889156984,1.987790716277389,6.78955078125,1.063233018367373,5.82013784787939,,1.9786431216040228,2.049790346663767,2.662345455563875
8.46,0.007428610534148184,1.782442326357417,6.7921738507661775,2.005438052567169,2.0090685197775473,2.0075306874451164,2.015839651729554,1.9786306133043554,6.8115234375,2.0171458038921,-5.138299709851808,,2.013744333156749,2.2214549206750447,2.5469719877236776
8.47,0.006239463115180137,1.6335607969055694,6.795336039854951,2.0066608411155062,2.012628910783732,2.0175877014716903,2.046253059376991,1.9713326784216867,6.8115234375,0.5733566624727753,-9.077053852088401,,2.0361237372583503,2.2244633710763013,1.874459869285287
8.48,0.006239463115180234,1.633560796905582,6.79048747461328,2.00779992527673,2.0157176216568704,2.0254371440726673,2.0638123489722404,1.9680954907071346,6.8115234375,2.2173826624954436,-11.499567079719604,,2.0489978321833475,2.168454833262998,1.5372639938358577
8.49,0.007428610534148441,1.7824423263574478,6.77964852108914,2.008858397426219,2.018369636204,2.031366366747934,2.071832012530724,1.9700207059397767,6.8115234375,1.9654073295507326,-13.200520678103059,,2.0549914040014006,2.0967301775902394,1.6398452990434902
8.5,0.009352691475673146,1.9999999999999951,6.766322714590958,2.008818392367514,2.0173230152174035,2.0262307304485896,2.0438113565253917,1.9763304865140638,6.78955078125,-1.2555832859560228,-14.377271074837111,,2.0350860843984906,1.9197346830467785,1.325903161623352
8.51,0.01127677241719787,2.196110050341152,6.755714938899067,2.007744989037927,2.0129843064061403,2.012064459604282,1.992972096424095,1.984662587904842,6.767578125,2.010898656554898,-15.091566465817907,,1.9985504973926151,1.7495362000226908,1.4533528043418076
8.52,0.01246591983616612,2.308999593506501,6.752552529927577,2.0056997741320033,2.005724510144972,1.9906872808137273,1.9308518849796512,1.9919463380378812,6.74560546875,1.959901884845184,-15.347057110424782,,1.9522158583030556,1.6311273740049732,1.742608581730263
8.53,0.012465919836166274,2.308999593506515,6.757401230922157,2.0037654672131695,1.9992201660976365,1.9734227167475813,1.893838648301173,1.9955715260142546,6.74560546875,2.7960308319488245,-15.110923810158418,,1.9237015457844215,1.71922810595552,2.321006974417845
8.540000000000001,0.011276772417197971,2.1961100503411624,6.768240480187893,2.002963975316613,1.9967721561853728,1.9695989956215962,1.907512066089432,1.9951474255490642,6.767578125,2.73363246224748,-14.31870774661242,,1.9316384625670606,1.9770615218090617,2.719573630432334
8.55,0.009352691475673273,2.0000000000000084,6.781566348525972,2.0032308433972883,1.9979568951032722,1.9768449855837777,1.9548964398360753,1.9921537152919493,6.78955078125,1.8511088869844974,-12.87460001297514,,1.963247054559176,2.1964335876711027,2.6157973382393047
8.56,0.007428610534148242,1.7824423263574238,6.792173850766182,2.003478030722548,1.999033635492821,1.9832129850620743,1.9862308642254438,1.9883034726057693,6.78955078125,0.29660594417588043,-10.650559322966748,,1.9862505176737033,2.2362461591126586,1.9242938753509682
8.57,0.006239463115180159,1.633560796905572,6.795336039854955,2.003706293605523,2.00000755859009,1.9887236798649301,2.0049984852722225,1.9851435439502443,6.78955078125,2.2496043725184958,-7.308654859700542,,2.0021386516614155,2.2056922506820276,1.5376924051174365
8.58,0.006239463115180213,1.6335607969055794,6.790487474613282,2.0049397145054764,2.0041994283418334,2.002985746344794,2.0422444307054604,1.984467798086329,6.8115234375,2.975600968056897,2.996732136697099,,2.033768483146017,2.249235494364332,2.053433367121803
8.59,0.007428610534148384,1.782442326357441,6.779648521089141,2.0050697621077607,2.0045961838432236,2.0049315520004676,2.0379078847939134,1.987414069123416,6.78955078125,-2.319527576006776,8.363961083917658,,2.0316159061395584,2.0807227258656624,1.4068317328825604
8.6,0.009352691475673077,1.9999999999999878,6.766322714590958,2.005185105291711,2.0049303824969242,2.0064397370365445,2.03258970601952,1.9937901481765903,6.78955078125,3.2443207827972538,11.269152116347856,,2.0284540152697685,1.9860729298364006,1.806203564244893
8.61,0.011276772417197812,2.196110050341147,6.755714938899065,2.0042634521614393,2.0018954820572463,1.9981198276640693,1.9990526721796258,2.0024810666279764,6.767578125,-1.1310289504929698,13.348935529973382,,2.0035043021085475,1.8229982212075573,1.6101509349291074
8.620000000000001,0.012465919836166213,2.3089995935065097,6.752552529927573,2.0033906557791736,1.9991895766372432,1.991403645648823,1.975692960979497,2.011681902435465,6.767578125,3.022754592331304,14.895502058439602,,1.986660045302861,1.810626827453829,2.0635133944835835
8.63,0.012465919836166182,2.3089995935065066,6.757401230922152,2.0025654743168904,1.9967943265945876,1.986115348757614,1.9609939964409038,2.0193393428643227,6.767578125,1.7770227526143973,16.01010414128013,,1.9762639025960975,1.85418361865475,2.2074747939795243
8.64,0.011276772417198027,2.1961100503411677,6.768240480187886,1.999736761140061,1.9880273812094205,1.9628994500708743,1.892904254083659,2.022994734922974,6.7236328125,-2.529745189125783,16.72436817614444,,1.926427884778583,1.6585470314227817,1.2053033081899176
8.65,0.009352691475673343,2.000000000000016,6.781566348525966,1.999127554364665,1.98696922736666,1.963917115133852,1.9146272584846207,2.0220146665911956,6.767578125,4.784497209004763,17.0343158621334,,1.9416852194608782,1.9640609710664774,2.679174352602858
8.66,0.007428610534148299,1.7824423263574307,6.792173850766176,2.000609150098909,1.992799008669477,1.9849028368629518,1.9983151272510695,2.018642771088432,6.8115234375,-0.3721791353007321,16.91107900375276,,1.9988845893775136,2.2816597572870414,2.9856189281145507
8.67,0.00623946311518018,1.633560796905575,6.795336039854948,2.0009786455251923,1.9947023630411047,1.9925228563367625,2.019431414740655,2.015024190892567,6.78955078125,-3.0210371560776275,16.305370493100664,,2.0149547527878053,2.210390576533053,1.6332081251879262
8.68,0.006239463115180191,1.6335607969055763,6.790487474613275,2.0023509430362036,1.9997666429741545,2.008410870091588,2.058649072088458,2.012759075575512,6.8115234375,4.066147930556833,15.152887886284864,,2.0458700641207863,2.239935289467697,1.8068584750716399
8.69,0.007428610534148327,1.782442326357434,6.7796485210891335,2.0026155296703476,2.0009519654065864,2.0115156735672644,2.05217537792446,2.012926799169073,6.78955078125,-2.6491079839446345,13.396936618586604,,2.042723928930467,2.067298808919354,1.0744410096470958
8.700000000000001,0.009352691475673379,2.00000000000002,6.766322714590951,2.0038853880086873,2.0053270632989824,2.023252778863737,2.071880003422198,2.0156825495069155,6.8115234375,3.8131248269402196,10.975470602915198,,2.059358957505627,2.0843041723176854,2.131908690026898
8.71,0.011276772417198056,2.1961100503411703,6.755714938899057,2.003028499098188,2.0025576003847614,2.0134797026377806,2.0242613658097026,2.020066822886444,6.767578125,-3.3028503854487434,7.620843688994004,,2.025146150654877,1.8123543620707716,1.1463568698513986
8.72,0.012465919836166192,2.308999593506508,6.7525525299275655,2.0032426577052562,2.003403118214012,2.014725031990222,2.0196472569156745,2.024304705123692,6.78955078125,4.477477387547458,-1.8821179698220463,,2.022200418530676,1.8856173599573844,2.3406376388503007
8.73,0.012465919836166203,2.308999593506509,6.757401230922146,2.001392928045129,1.997499518979914,1.9965328984946922,1.9593441619391037,2.0263987234439242,6.74560546875,-3.468212614754368,-7.853744595220346,,1.9761404748690041,1.6755608809311031,1.499961701252487
8.74,0.011276772417198086,2.1961100503411735,6.768240480187881,2.0006761535751165,1.9955890325380365,1.9912750180922736,1.9498472909367421,2.024663298004293,6.767578125,4.459497642608763,-10.694246681370375,,1.968408495909282,1.8367938293459278,2.439045527719562
8.75,0.009352691475673414,2.0000000000000235,6.781566348525961,2.001027631078822,1.9972538111156248,1.9967022216587609,1.975482684134312,2.0193260958593333,6.78955078125,1.174288338893932,-12.645154239126068,,1.98704448914333,2.0525275902960094,2.671482899425916
8.76,0.007428610534148355,1.7824423263574376,6.79217385076617,2.0013587745457952,1.998760371447546,2.0011902144797555,1.9943782470280604,2.01164036447215,6.78955078125,-0.695376660609641,-14.020674389885704,,2.0001974810763503,2.113081966927585,2.1750343910153984
8.77,0.006239463115180202,1.6335607969055779,6.795336039854943,2.002694157363692,2.0034357337180455,2.014270920445917,2.0356621190930273,2.003589409128584,6.8115234375,3.123900089679127,-14.920605660777717,,2.0302834910798175,2.216860665041322,2.2013624911049807
8.78,0.00623946311518017,1.6335607969055737,6.790487474613271,2.0049699480175516,2.010880656854875,2.0339702700514293,2.088830657938994,1.997829077278027,6.83349609375,1.7086606876557,-15.369395716091661,,2.069482821189696,2.29403234756181,2.1939717644425247
8.790000000000001,0.00742861053414857,1.7824423263574634,6.77964852108913,2.006080301743051,2.0141266406559133,2.0399952191557125,2.0919305908285195,1.995759827135461,6.8115234375,-2.102185073791924,-15.349176324431802,,2.070801439047475,2.126513211013013,1.1817987445383862
8.8,0.009352691475673308,2.0000000000000124,6.766322714590947,2.0060940826430955,2.013631811170007,2.0347634351184154,2.0585620987864197,1.9964742278310077,6.78955078125,2.4924581677487705,-14.809970431780902,,2.04680841879551,1.901292941236128,0.8894136746081966
8.81,0.011276772417198,2.196110050341165,6.7557149388990565,2.0060985699503218,2.0131126728584614,2.0298180852672405,2.032678389523595,1.9981426781747005,6.78955078125,2.8137653735818646,-13.672372197001591,,2.028155407288073,1.8322915663765937,1.8814494848681982
8.82,0.01246591983616617,2.3089995935065057,6.752552529927566,2.0040490765873575,2.0059513978459087,2.0060443019741694,1.9561906569179148,1.9983704522110466,6.74560546875,-2.440268032178265,-11.829413600220482,,1.9710569980042698,1.5779037634876516,1.3620979985897599
8.83,0.012465919836166224,2.3089995935065106,6.757401230922147,2.003138287892219,2.002854320425186,1.9962601903231327,1.9395278873157635,1.995250456382072,6.767578125,4.400486284171943,-9.096750110070488,,1.9561402753626465,1.761690187495209,2.5454204469540285
8.84,0.011276772417198141,2.196110050341179,6.768240480187882,2.00330194820646,2.0034117757272467,1.998092398133661,1.962012460226499,1.9889580301020426,6.78955078125,0.9790752855395699,-4.585185788575287,,1.9709288907181224,2.0151114754175725,2.7977894872451214
8.85,0.009352691475673485,2.000000000000031,6.781566348525962,2.0034526304441735,2.003896035311264,1.9996474764806533,1.979371578089753,1.9806765801680597,6.78955078125,-0.5547868989360708,6.381845903252756,,1.9825342248295836,2.1059242335297914,2.2669344890545493
8.86,0.007428610534148713,1.7824423263574805,6.792173850766173,2.003590858021693,2.00431223993362,2.0009506876895413,1.992045129411415,1.9720511932646776,6.78955078125,2.29012097945993,9.974874525596551,,1.99122283188893,2.1248721033718665,1.8131737245003137
8.870000000000001,0.006239463115180108,1.6335607969055657,6.795336039854947,2.0057629209582584,2.0112879241610826,2.0208200585544773,2.055624372016543,1.9657939842573742,6.83349609375,3.696732750054601,12.376465964804115,,2.0401960104328567,2.314147774388671,2.476437558102831
8.88,0.006239463115180263,1.6335607969055859,6.7904874746132755,2.006774922102744,2.0141147942253563,2.0271745041037255,2.0677929879758348,1.9643685886173463,6.8115234375,-3.243897937469536,14.142492994761678,,2.0491660574709734,2.1859442639302493,1.4388162513338854
8.89,0.007428610534148513,1.7824423263574565,6.779648521089135,2.006695445595318,2.0132482492562906,2.0225293967686704,2.044150945193899,1.9680755558384975,6.78955078125,2.6534091315525794,15.436743829895539,,2.0313469572887604,1.9713836135563005,0.848511303918617
8.9,0.009352691475673237,2.000000000000005,6.766322714590952,2.006611474745712,2.0124032275383636,2.0183414936176893,2.0251770532445463,1.9760928862938776,6.78955078125,2.8822680643330103,16.317748853352317,,2.0177902800880143,1.8914015690081127,1.7708109981469307
8.91,0.011276772417197942,2.1961100503411592,6.755714938899062,2.006523488549271,2.0115832743868225,2.0146144203257097,2.01113371719478,1.9870483467919977,6.78955078125,1.668303893784076,16.796707158007766,,2.0080070614663805,1.8811288510987643,2.171950926137348
8.92,0.012465919836166149,2.3089995935065035,6.752552529927573,2.004386504193762,2.0041619577663963,1.9923300150744183,1.9433201171884202,1.9981775661242558,6.74560546875,-2.378185766238112,16.854398603961197,,1.957733067264385,1.6477823965283835,1.3258934427127058
8.93,0.012465919836166246,2.308999593506513,6.757401230922155,2.0023691975636133,1.9975226774409014,1.9742279782546788,1.8998792399708653,2.006007432077492,6.74560546875,3.7397861353222743,16.448950433935494,,1.926086054407737,1.6866232660390441,2.0584179769691193
8.94,0.0112767724171982,2.1961100503411846,6.76824048018789,2.0004684396498362,1.99162790840514,1.9599194851421744,1.8762832773343154,2.0086245931996465,6.74560546875,1.45359732162548,15.521411824360314,,1.9092174573604346,1.815495355424847,2.3198743403706237
8.950000000000001,0.009352691475673183,1.9999999999999991,6.78156634852597,1.9997069145500324,1.9897819304416655,1.9588005976633043,1.9026450662957637,2.0066922127693325,6.767578125,2.981156072814007,14.00788552307112,,1.9260597264491977,2.0579293218581896,2.6057881381406913
8.96,0.00742861053414847,1.7824423263574511,6.792173850766181,2.001044842697699,1.9948962740170382,1.9783777003568053,1.9901875094328254,2.0027674820182217,6.8115234375,2.9428831833133415,11.852338424403031,,1.9857956472310665,2.3455526012871672,2.8222416437480398
8.97,0.006239463115180131,1.6335607969055685,6.795336039854954,2.0023038304081244,1.9994811324355826,1.9946003729543822,2.038186632806376,1.999240604267084,6.8115234375,-2.424159883463185,8.906953288212918,,2.025695911932799,2.3555480128764557,1.9102708746686938
8.98,0.00623946311518024,1.633560796905583,6.790487474613282,2.0024624809274285,2.000244274433774,1.998070706518886,2.034984159221856,1.9971361368229927,6.78955078125,1.3162951437191825,4.19165705170475,,2.0293430990527943,2.1620839229860818,0.14769605221928714
8.99,0.007428610534148456,1.7824423263574496,6.779648521089141,2.0026103612223634,2.0009332189790543,2.0009139928058466,2.0301164455033196,1.9965281390441747,6.78955078125,3.0268744123007654,-6.44825742895294,,2.030148068260738,2.0314746840463855,1.3153253478275462
9.0,0.009352691475673166,1.9999999999999971,6.766322714590959,2.0017236371793903,1.9982284474741743,1.9936946247167089,1.9984119923958947,1.9972378708297087,6.767578125,-1.2766633568701031,-9.792570735242688,,2.0077573295786246,1.8308499184500964,1.4398151781156048
9.01,0.011276772417197885,2.196110050341154,6.755714938899067,2.002937839953786,2.002489411929854,2.006937363453174,2.030420525828901,1.9995785467031548,6.8115234375,4.269774889186164,-11.982256870317867,,2.035243496248128,2.023641878205211,2.7826434779037448
9.02,0.012465919836166127,2.3089995935065017,6.752552529927577,2.0030537082941304,2.0029545533644493,2.00812316714004,2.0236387250955716,2.003882195818572,6.78955078125,-3.501321262530892,-13.524709174490878,,2.0305981637406387,1.938980677397037,2.0506292915557953
9.03,0.012465919836166269,2.308999593506515,6.757401230922157,2.0021363705439175,2.0000430954058714,1.9995653761054921,1.9900314408577977,2.0092318785100365,6.767578125,2.6369039358256523,-14.566281698114357,,2.00461423907804,1.8016660633206703,1.4610076652901929
9.040000000000001,0.011276772417197954,2.1961100503411606,6.768240480187893,2.0022966821723163,2.000781948569652,2.002040780103573,1.9952912899278858,2.0145974753488183,6.78955078125,3.5848305041296094,-15.149963280799872,,2.0086552779215183,1.9329061584723493,2.286672210911113
9.05,0.009352691475673252,2.000000000000006,6.781566348525972,2.000397384493607,1.994799281066631,1.9851454803673716,1.9412590344591518,2.0188814358120366,6.74560546875,-3.4045748824388298,-15.268154961441416,,1.9677650989172903,1.7473116182094452,1.2496384152839575
9.06,0.007428610534148526,1.782442326357458,6.792173850766182,2.000662353879404,1.9961687537921453,1.9906284223264847,1.9664986801586763,2.0216879486389376,6.78955078125,4.988244490963463,-14.878438676970099,,1.9858905261689908,2.0117392864020553,2.6532799418728374
9.07,0.0062394631151801525,1.6335607969055714,6.795336039854954,2.001938067435673,2.000745109763559,2.004776222685547,2.015760298544496,2.0240877017670944,6.8115234375,-2.0852799642820563,-13.907601674040427,,2.0203091005955147,2.1936617526234476,2.666583044795334
9.08,0.0062394631151802184,1.63356079690558,6.790487474613281,2.0010887170026783,1.9981786248287792,1.9972757343464496,1.9887931603932731,2.026613508494507,6.767578125,-3.064573169254138,-12.252713268402623,,1.9992270965834693,1.987513044694361,0.908713094970497
9.09,0.0074286105341483995,1.7824423263574427,6.77964852108914,2.002339699528265,2.002559604453374,2.010214415928371,2.029854795267979,2.029775187433448,6.8115234375,5.050102041056748,-9.757783501917961,,2.028078632048345,2.151776073739398,2.3162493914431277
9.1,0.009352691475673094,1.9999999999999896,6.766322714590957,2.003514740498154,2.006445353611529,2.020541759768303,2.0554450094949677,2.034451579400033,6.8115234375,-3.095844176516905,-5.856404943059148,,2.0457403559035847,2.154857093348039,2.054018602250732
9.11,0.011276772417197828,2.196110050341148,6.755714938899064,2.0035931615073515,2.0065589427235864,2.01915084021259,2.0410517775366266,2.040099123688047,6.78955078125,1.105944420210702,5.261649004650356,,2.0340041886524127,2.000720979421719,1.3800586134977657
9.120000000000001,0.01246591983616622,2.30899959350651,6.752552529927571,2.0026399511888195,2.00331487799347,2.0081852024167044,1.999449862888967,2.0448894231982844,6.767578125,2.305774164457821,9.34668664913309,,2.0030257782512906,1.8283520733843546,1.2987203814565385
9.13,0.012465919836166175,2.308999593506506,6.7574012309221505,2.0017412069404674,2.0004126911432287,1.9990781117615377,1.9712591302878948,2.0468352644522403,6.767578125,2.754594985454547,11.93471196364258,,1.982159624361471,1.8200986206741774,2.04212301178438
9.14,0.011276772417198013,2.1961100503411664,6.7682404801878855,2.0019199312900007,2.0011581455736525,2.00126285696765,1.9835008735497552,2.0447654311859678,6.78955078125,2.7275298554875334,13.823685561942954,,1.9911472205382943,1.9847468712885972,2.619010395517929
9.15,0.009352691475673322,2.0000000000000138,6.781566348525964,2.001063304577699,1.9985024286576636,1.9934892718431285,1.9637256467198998,2.0382127043716136,6.767578125,-2.315390815795578,15.219538924088042,,1.976089737514711,1.9245518008529137,1.9087345869235894
9.16,0.007428610534148584,1.782442326357465,6.792173850766174,2.0023076007697176,2.002804327469868,2.006414655488106,2.010805605813275,2.02790555672237,6.8115234375,4.398098050147809,16.196560467704753,,2.0107483739136005,2.152186571490074,2.620281865256974
9.17,0.006239463115180174,1.6335607969055743,6.795336039854946,2.003476483179259,2.006618618851377,2.016780550043396,2.0418160063128954,2.0160783572969256,6.8115234375,-2.8063451527993397,16.7732870484574,,2.033071937044006,2.175315731757176,2.057223913909832
9.18,0.006239463115180197,1.6335607969055772,6.790487474613273,2.0055950888447556,2.0132805782813747,2.034293614891481,2.0884084711541577,2.005544092013514,6.83349609375,3.193738903243696,16.935559419327163,,2.067097372576953,2.2366756797304577,2.094238272530133
9.19,0.007428610534148342,1.7824423263574358,6.779648521089132,2.0075792748279118,2.0191195011546643,2.047861046730965,2.114905030128611,1.998922628991375,6.83349609375,-0.9537510318368084,16.64594780657485,,2.0859908229575477,2.1796243539297757,1.7307155125478917
9.200000000000001,0.009352691475673398,2.0000000000000218,6.766322714590949,2.009433774023876,2.0241951314197175,2.058014085828802,2.1250541368908884,1.9968635099940322,6.83349609375,2.1708915210369066,15.848158544487857,,2.0938524472341955,2.0897195994544613,1.6927733291173794
9.21,0.011276772417198074,2.196110050341172,6.755714938899056,2.009122767173393,2.021984630488187,2.0462155092503878,2.0619473008385736,1.9975102992994973,6.78955078125,-2.54962086859216,14.47742766366869,,2.052224262556346,1.7698993041081432,0.3154712935465768
9.22,0.0124659198361662,2.3089995935065084,6.752552529927564,2.00677392759382,2.0132654497223466,2.016237532381095,1.9598385685158757,1.9980094989128014,6.74560546875,2.041679298514027,12.481314934207134,,1.9778140477657369,1.4193930657689495,0.5199329887022515
9.23,0.012465919836166196,2.308999593506508,6.757401230922143,2.006598421450889,2.0120497065852976,2.011202990740423,1.9628086415602586,1.9972068915734944,6.78955078125,4.692468852738675,9.760768350120621,,1.9722452832512667,1.7666836192370894,2.913453119244971
9.24,0.011276772417198069,2.1961100503411717,6.768240480187878,2.0074470968957026,2.0142233930981273,2.016684160335472,1.9959803327752987,1.996085465852353,6.8115234375,-2.210392352708589,5.759817718614219,,1.9921928360059877,2.057160903598373,3.032109694206336
9.25,0.009352691475673393,2.0000000000000213,6.781566348525959,2.0082353504544073,2.0160770890142587,2.020778860670025,2.016426151797257,1.99588054276082,6.8115234375,1.3186725071923164,-5.191796315641288,,2.0060673004220586,2.1505319211266287,2.3194993199963174
9.26,0.00742861053414864,1.7824423263574716,6.792173850766169,2.0089654508184234,2.017635368984731,2.0237135950751597,2.028490032076391,1.9974056378674592,6.8115234375,2.593202152782278,-9.095710211793257,,2.0150991184523446,2.1618039244041216,1.6836358717563942
9.27,0.006239463115180196,1.6335607969055772,6.7953360398549405,2.008618482986496,2.0156158290378263,2.0163720199021475,2.009398540992321,2.000697411223667,6.78955078125,-1.117474638735237,-11.502411233729568,,1.998978821876012,2.0314777157607327,0.859691069093511
9.28,0.006239463115180175,1.6335607969055743,6.790487474613269,2.0082803115207293,2.0137352403302704,2.0101807844658257,1.9956975412139777,2.0053360229070645,6.78955078125,3.0497808420609793,-13.190248723242139,,1.9883763869922209,1.9939887477410705,1.67990845483612
9.290000000000001,0.007428610534148586,1.7824423263574651,6.779648521089128,2.0089727054710056,2.0153008990757204,2.014344990849239,2.013924842556185,2.0111792462266385,6.8115234375,2.743059539768799,-14.35379065479501,,2.003766835798734,2.0985005044768634,2.4524086089716572
9.3,0.009352691475673327,2.000000000000014,6.766322714590944,2.0085903677929133,2.013305488543736,2.0082204261872376,1.9980690222167914,2.017626922143477,6.78955078125,-2.3546651976482713,-15.053603484068097,,1.992440712339427,1.994521013677726,1.86876064407598
9.31,0.011276772417198015,2.1961100503411664,6.755714938899054,2.0082192201109574,2.0114634450939657,2.003134130777274,1.9870948239280721,2.02312227539344,6.78955078125,3.2525291872878,-15.292153912350892,,1.9854014233967208,1.9679432751793229,1.9665132789922763
9.32,0.012465919836166175,2.308999593506506,6.752552529927565,2.006837135413608,2.006457673102895,1.9895790438907235,1.9504716883960518,2.025543980967651,6.767578125,-1.1532283062802953,-15.035391131501582,,1.9597386437037558,1.852127125828447,1.5763736855820227
9.33,0.01246591983616622,2.30899959350651,6.757401230922144,2.005528083277272,2.001976784411026,1.978706798909631,1.927716115250875,2.0229691217288637,6.767578125,3.025312752534729,-14.217169692906763,,1.9447609019795085,1.8615100695219313,1.9743148278846672
9.34,0.011276772417198128,2.1961100503411775,6.768240480187879,2.005313750638987,2.0013148688610314,1.979810862199767,1.94826420767259,2.015285225027382,6.78955078125,2.7537608969261878,-12.739507958386536,,1.9600335389178365,2.021274036959308,2.4871520805356573
9.35,0.009352691475673464,2.000000000000029,6.78156634852596,2.00510689450838,2.0007376888705486,1.981176523463934,1.9657324880450906,2.004037507476525,6.78955078125,-1.0716155536291125,-10.468473722078876,,1.9724215654765318,2.0647202160809006,2.1756973409649043
9.36,0.007428610534148698,1.7824423263574787,6.79217385076617,2.0069529764607075,2.0068608332951348,2.0018767998877465,2.0389408683896466,1.992132339633202,6.83349609375,3.7331091314302554,-7.029547682851998,,2.0251606020107125,2.2719447884380783,2.633194954279898
9.370000000000001,0.006239463115180103,1.633560796905565,6.795336039854944,2.00867980264579,2.0122667150394453,2.018609963185641,2.0822050456094963,1.9834014837844112,6.83349609375,-2.6078175790162073,3.5991264260890743,,2.0582282145377073,2.2557888675968534,1.9453452264135052
9.38,0.006239463115180269,1.6335607969055865,6.790487474613273,2.0102916444191483,2.0170057467190525,2.031816410693955,2.1050243528840085,1.980638302690255,6.83349609375,2.4398024301616035,8.589411695905552,,2.0768231986675865,2.1656474319676597,1.5181722385697223
9.39,0.007428610534148529,1.7824423263574583,6.779648521089133,2.010772824886316,2.0178427071418747,2.032567868999219,2.084476679454015,1.9842088036776382,6.8115234375,-0.9212061143913034,11.426934527887964,,2.0641445887258385,1.948809199850977,0.9501881902838597
9.4,0.009352691475673256,2.0000000000000067,6.766322714590951,2.011210614032281,2.018494220893751,2.0326111913090776,2.0650231437826387,1.992624334331031,6.8115234375,2.909470719633515,13.47062608859857,,2.0521414834775475,1.859909162947474,1.766652411012299
9.41,0.011276772417197958,2.196110050341161,6.75571493889906,2.0095661597696255,2.0123873163723283,2.0130725149425492,1.9915149956704261,2.0033490295500167,6.767578125,-2.3886747461532782,14.991468235589373,,1.9987532437052096,1.5863296824160442,1.1768958662956868
9.42,0.012465919836166154,2.3089995935065044,6.75255252992757,2.008005525052382,2.0068772470624023,1.996916005828401,1.9484858280534516,2.0134385534537285,6.767578125,3.8396364217202925,16.084702135259196,,1.9627031494155545,1.6215104271979246,2.149199520348057
9.43,0.012465919836166241,2.3089995935065124,6.757401230922151,2.007549102470348,2.005256970699053,1.993530631087024,1.9538400603502495,2.020735876198096,6.78955078125,2.5500902466147104,16.779253270983872,,1.9628850378051612,1.8897391758611106,2.7499923680938987
9.44,0.011276772417198183,2.196110050341183,6.768240480187886,2.005065637019057,1.997160699394107,1.9717524886621511,1.904670255508315,2.023316131495065,6.74560546875,-3.183778742984433,17.06912625671028,,1.9209958599268988,1.7962006872272618,1.583432962212354
9.450000000000001,0.009352691475673162,1.999999999999997,6.781566348525967,2.0047704922866973,1.9966378514058711,1.9739383281684506,1.9376696030260248,2.0206425009694575,6.78955078125,5.004219806137967,16.9242983012622,,1.942261404902985,2.1065488856174266,2.6067238199451124
9.46,0.007428610534148453,1.7824423263574491,6.7921738507661775,2.004489365448853,1.996216939946477,1.9763020566180056,1.9638624896884729,2.0140913217039045,6.78955078125,-2.995423972727401,16.294600518127343,,1.9598992561505542,2.201187333870477,2.185829365537412
9.47,0.006239463115180124,1.6335607969055677,6.79533603985495,2.0052451294253206,1.9992137611187495,1.9884018048380852,2.010627329432626,2.0052211900674872,6.8115234375,3.1641909618850415,15.115568930627095,,1.9956445341570384,2.3041008963107252,2.2267864362645864
9.48,0.006239463115180247,1.6335607969055839,6.790487474613278,2.005951462218538,2.0019036547314863,1.9984463788641167,2.0381018534698736,1.9958253517045734,6.8115234375,-0.8626398442837079,13.33256915051051,,2.0193791489855566,2.2667052264026797,1.8110664725844257
9.49,0.0074286105341484715,1.7824423263574516,6.779648521089137,2.0076318616127766,2.0076137028661907,2.0160970899680994,2.0794189342910436,1.9875937962166859,6.83349609375,3.015593747518991,10.883154216069116,,2.0550867242659705,2.2772963860099926,2.122194356314644
9.5,0.009352691475673185,1.9999999999999991,6.766322714590955,2.0071604125654723,2.006046017569017,2.011205453029683,2.0485958218206606,1.981028426666243,6.78955078125,-3.1650780311705193,7.484162106445449,,2.03365072334385,1.9610047411819842,0.5730751094870009
9.51,0.0112767724171979,2.1961100503411553,6.755714938899064,2.0077308317384355,2.007942108660655,2.0165017782642343,2.0522410681579175,1.9756011188253453,6.8115234375,4.504816363085528,-2.3422752215201523,,2.0387096017228328,1.9472202055490455,2.144022549473747
9.52,0.012465919836166132,2.308999593506502,6.7525525299275735,2.006215566372731,2.0029815435637714,2.001709758831183,1.9945751528455744,1.9704330852671121,6.767578125,-3.491346148220535,-7.961865485632741,,1.9975210363642615,1.6778897476042491,1.3426567634332371
9.53,0.012465919836166264,2.308999593506514,6.757401230922154,2.0058058672132124,2.001878374347084,1.9991229789208518,1.9856160926591415,1.9645727057948972,6.78955078125,4.46497740316359,-10.758827075460186,,1.9917518940644598,1.8032852466910934,2.4182138989980513
9.540000000000001,0.01127677241719794,2.1961100503411592,6.768240480187889,2.0054153874765106,2.0009061608445995,1.9970947711031224,1.9809414140995623,1.9579811466881434,6.78955078125,-1.7373478475698203,-12.683746324690354,,1.988683330940026,1.8923340923826735,2.3714757960595545
9.55,0.009352691475673233,2.0000000000000044,6.781566348525969,2.005043736369897,2.000056781231282,1.9955591305391098,1.9792409033783216,1.950988469158441,6.78955078125,2.114965587735904,-14.0378541074811,,1.9874913588262504,1.956567652380681,2.180585491075189
9.56,0.007428610534148511,1.7824423263574563,6.792173850766178,2.004690505604393,1.9993221652968454,1.994453537651699,1.9795879571984276,1.94439851624006,6.78955078125,2.071586368556851,-14.916930167516941,,1.9875405631422636,1.9970609144608535,2.0315952010545755
9.57,0.006239463115180147,1.6335607969055708,6.79533603985495,2.004355271734631,1.9986943550163045,1.9937194234640125,1.9813010871740726,1.9396423529030342,6.78955078125,1.9650372370445255,-15.34327800056369,,1.9883585708245461,2.0172723309650955,1.9769504749219073
9.58,0.0062394631151802245,1.633560796905581,6.790487474613277,2.0060825064078993,2.0048025143473525,2.012269684701832,2.0411991011704487,1.9390115169352355,6.83349609375,3.911872130221267,-15.297324244298997,,2.0325255284079833,2.233978600986491,2.6710093680680793
9.59,0.007428610534148415,1.7824423263574447,6.779648521089137,2.0066792585067623,2.0069079042313023,2.017702435357699,2.0512291755048344,1.9440662061448957,6.8115234375,-3.2230014908093394,-14.72747987671896,,2.0388022330823787,2.128383657836173,1.6375291713298867
9.6,0.009352691475673115,1.9999999999999918,6.766322714590953,2.0051904124483637,2.0021319537929476,2.0029158070988906,1.997025367765614,1.9534994263059346,6.767578125,1.5458164670268426,-13.551924144788124,,1.9982462060630684,1.8240699070515367,-0.848262265288847
9.61,0.011276772417197843,2.19611005034115,6.755714938899062,2.0027618029282124,1.9945506401097122,1.981182017673909,1.929489021895656,1.9642794084773298,6.74560546875,3.069249132052737,-11.660284885064943,,1.9489454247876137,1.6371243295586981,1.1566798540297576
9.620000000000001,0.012465919836166225,2.3089995935065106,6.752552529927568,2.001499667550907,1.9911745646192083,1.9734079206837725,1.9181191009933949,1.9734370099653964,6.767578125,3.3919068701519604,-8.85242037966231,,1.9408403486156984,1.8185908650095912,2.621798866912018
9.63,0.01246591983616617,2.3089995935065057,6.757401230922149,1.998263945203749,1.9815427531732197,1.9480508643683256,1.8523664017559465,1.978320079019054,6.7236328125,-3.3549579821435955,-4.0611789085169665,,1.8939914803240712,1.6890204117736156,1.8766851767317323
9.64,0.011276772417197996,2.1961100503411646,6.768240480187883,1.9962511845762825,1.9764337844793853,1.938126041202132,1.853109673230164,1.9780687096432523,6.74560546875,4.55104320224732,6.72488608266082,,1.8915664999907287,1.9046289069181745,2.552126285749399
9.65,0.009352691475673304,2.000000000000012,6.781566348525962,1.9964230049755272,1.9787947344106032,1.9515072329646908,1.933332411986807,1.9748443283523782,6.78955078125,2.3434693489530893,10.190531536775287,,1.9419991566129462,2.242323939918673,2.9463941631254356
9.66,0.007428610534148568,1.782442326357463,6.792173850766171,1.9965966926591292,1.9810559768650666,1.9634399580640651,1.981437859364349,1.9710619678790082,6.78955078125,-2.4390988879679267,12.541677240661045,,1.978928585424959,2.3038068303747505,2.120166862179203
9.67,0.0062394631151802835,1.6335607969055885,6.795336039854943,1.9967717451820284,1.9832108164011508,1.9737538863630066,2.006526826577573,1.9682751657551911,6.78955078125,2.554132228698869,14.2767225529779,,2.004594905803471,2.2630462817562953,1.4502501047296952
9.68,0.006239463115180203,1.633560796905578,6.79048747461327,1.9959205452388495,1.981875290939123,1.972516987160273,1.9942493938245656,1.9674207797534942,6.767578125,-0.8815660648644758,15.547809052187363,,1.9998249879743295,2.075346818856477,0.6256841391878694
9.69,0.007428610534148358,1.7824423263574378,6.77964852108913,1.9961597678985394,1.9842039683046293,1.9818920443029227,2.011252475398846,1.9692964829562223,6.78955078125,3.642545843614862,16.40915766746904,,2.018056276143459,2.092195362011361,2.0894814157658486
9.700000000000001,0.009352691475673415,2.000000000000024,6.766322714590946,1.9963970093949317,1.986389281366689,1.9896334925126404,2.021851769909181,1.9745976431090673,6.78955078125,-1.5395624992905335,16.86995182953162,,2.0291537410564082,2.0550185830370484,2.1602487383541433
9.71,0.011276772417198088,2.1961100503411735,6.755714938899054,1.9945762410466363,1.9816852580312683,1.9770185622839012,1.9747712910118442,1.9825841753517897,6.74560546875,-1.9910145940567996,16.90995162362915,,1.992106567840456,1.778756952665826,1.080446043799769
9.72,0.012465919836166203,2.308999593506509,6.752552529927563,1.9949342461309079,1.9843880105343836,1.986216035693711,1.9978823576435203,1.991838781805604,6.78955078125,4.855820044926176,16.486805917325057,,2.0108236063172678,1.9867766096911907,2.6479529372590616
9.73,0.01246591983616619,2.3089995935065075,6.7574012309221425,1.992198323831501,1.9767820073607492,1.9657083866383118,1.9272147952246592,2.0000864506996137,6.7236328125,-4.731108390424931,15.54151455800132,,1.957713004354504,1.6794220401604394,0.9148488539741365
9.74,0.011276772417198055,2.1961100503411703,6.7682404801878775,1.990670908264267,1.973556533784173,1.9591127930891883,1.910930295396754,2.0043535645382957,6.74560546875,5.162320310623262,14.011497135936562,,1.9461108139306595,1.8165049276718737,2.2776846208099957
9.75,0.009352691475673374,2.0000000000000195,6.781566348525958,1.988222645145956,1.9674781360372335,1.9449240199273867,1.8731293517306655,2.0032266916995614,6.7236328125,-2.8949069036470503,11.842483376361843,,1.9190261379177564,1.8046473761251858,1.9633889098268915
9.76,0.007428610534148626,1.78244232635747,6.792173850766168,1.9880084225350925,1.969091836489421,1.953819696979244,1.9238839444844542,1.9976910012237257,6.767578125,4.290153175361427,8.886125201133154,,1.9501050116972685,2.112992464703974,2.784263997099851
9.77,0.006239463115180305,1.6335607969055914,6.7953360398549405,1.988865790579821,1.9741399851157582,1.9717634355780727,1.9920991646922264,1.990597653049718,6.78955078125,-1.6887301148019223,4.147741191205506,,1.995091687521605,2.2903014756916953,2.5554368258080067
9.78,0.006239463115180181,1.6335607969055752,6.790487474613268,1.990728749524132,1.9821816024715184,1.996366757688858,2.0584517884277744,1.9846928675322626,6.8115234375,2.33479077411256,-6.469316973685574,,2.045849627964505,2.3750410728845375,2.171054779285312
9.790000000000001,0.007428610534148602,1.7824423263574671,6.779648521089127,1.9904375720565215,1.9826526074903155,1.9968081513679483,2.038346471290145,1.9813703943115692,6.767578125,-2.8595528728178112,-9.798510976829451,,2.034345750573646,2.089580638542908,-1.0914737125196665
9.8,0.009352691475673346,2.0000000000000164,6.766322714590944,1.9912171404804433,1.9865603035882302,2.0066543052606507,2.0495199451714825,1.9807507682556975,6.78955078125,4.494106686324078,-11.978507452026443,,2.045700967918963,2.055446370145257,1.7248390810122116
9.81,0.01127677241719803,2.1961100503411677,6.755714938899054,1.9909380464519277,1.986744367510024,2.004996036799744,2.026375935999749,1.9824282394568924,6.767578125,-2.80928766118321,-13.511880401475842,,2.029596087156357,1.8806237103566128,1.5942499792138656
9.82,0.012465919836166182,2.3089995935065066,6.752552529927564,1.9896631037510975,1.983641617852716,1.994185280939342,1.9820520474893264,1.984896441013989,6.74560546875,2.378052206151399,-14.54372425187605,,1.9956886580287834,1.7070900605395178,1.622207791526941
9.83,0.012465919836166213,2.3089995935065097,6.757401230922143,1.9884855610475833,1.9809983644935263,1.9854838298884,1.9534561848191958,1.9866834517532346,6.74560546875,2.903350005446763,-15.116407275578224,,1.9730760356548582,1.724767108529526,2.1799690656980224
9.84,0.01127677241719811,2.1961100503411757,6.768240480187878,1.9874017252016458,1.9787772471072917,1.9786376484357953,1.9367017824781227,1.9871982942300965,6.74560546875,1.6313181428469392,-15.221599051090594,,1.9594336465176911,1.8116750766561678,2.3117643674270334
9.85,0.009352691475673445,2.000000000000027,6.781566348525959,1.9884760446429859,1.9836336567455788,1.9922950351611939,1.9870059106745508,1.9872663270757767,6.78955078125,3.749336384763614,-14.81604893603426,,1.9962530261061444,2.1288793040197533,2.8554926693837093
9.86,0.007428610534148682,1.7824423263574767,6.7921738507661695,1.9884766448092244,1.9847073256241055,1.9941171975451923,1.9926749450896173,1.988092276387335,6.767578125,-3.2330402184521048,-13.825429850724692,,1.9991552985391177,2.0926394261299546,1.7428624132561628
9.870000000000001,0.0062394631151802115,1.6335607969055792,6.795336039854943,1.9885010365705442,1.9857576177899765,1.995695771375836,1.9968010682592745,1.99035367930803,6.767578125,3.3724951737968705,-12.144631268694475,,2.0009667422088997,2.073917185780123,1.5494832864427837
9.88,0.006239463115180274,1.6335607969055872,6.790487474613272,1.989580919576751,1.9901043262144074,2.0064735999855494,2.0280321853490295,1.994862996016928,6.78955078125,2.782531339766096,-9.610304358787424,,2.0234343368694714,2.1644637427073556,2.1469177860211106
9.89,0.007428610534148544,1.7824423263574602,6.779648521089132,1.9895846319627755,1.9907020605462031,2.0056815999664632,2.0192658024460806,2.0016737078948825,6.767578125,-2.419746395114709,-5.600992489973293,,2.015677874792827,2.0435943323725354,1.5250601012754088
9.9,0.009352691475673275,2.000000000000009,6.76632271459095,1.9885762421249846,1.987971921564489,1.9954260537387176,1.9830383572525665,2.009368860041735,6.74560546875,2.4957432907193065,5.529120687183228,,1.9879882307770194,1.8811863587484845,1.3373221758412386
9.91,0.011276772417197973,2.1961100503411624,6.755714938899059,1.9876505260337078,1.985616331309806,1.9870777466701495,1.958612498169366,2.0160254806174516,6.74560546875,2.833123612981571,9.493904659139044,,1.9699362348521539,1.8647965039648546,2.0106711786733986
9.92,0.012465919836166161,2.308999593506505,6.752552529927569,1.986804141796174,1.9836077705513504,1.9804613171155945,1.9440133659607457,2.0199314398319905,6.74560546875,1.6822978754175617,12.04339851224898,,1.959442333202095,1.8969864972721926,2.249843877926483
9.93,0.012465919836166234,2.3089995935065115,6.757401230922151,1.9860337777545733,1.9819198237161608,1.9753959357969593,1.9373354411815944,2.019913408616258,6.74560546875,2.0512039049542468,13.909823598412377,,1.9545629626916619,1.936409468738235,2.2220196751545793
9.94,0.01127677241719817,2.1961100503411815,6.768240480187886,1.985336169788257,1.9805273352258166,1.971704069459546,1.9368212860794134,2.015769883157902,6.74560546875,2.01000864141956,15.289089358127072,,1.9536359864841175,1.9675635309427078,2.1228547700833307
9.950000000000001,0.009352691475673143,1.9999999999999947,6.781566348525967,1.985743093296221,1.9827433428674912,1.978936232570203,1.9713586499514695,2.0087835313121647,6.767578125,3.094346206929202,16.252069191397304,,1.9772648402497173,2.0965670273781036,2.4068024726874357
9.96,0.007428610534148439,1.7824423263574476,6.7921738507661775,1.987187280815725,1.9881505703350706,1.9948538012188406,2.0245127691978704,2.001607164940942,6.78955078125,1.992899162224919,16.815911437331874,,2.0153441480528276,2.2112104994653303,2.4138658426021093
9.97,0.006239463115180234,1.633560796905582,6.79533603985495,1.9896018944318923,1.9963394962541536,2.0172899443036436,2.084146080547664,1.997530501223947,6.8115234375,2.0382135613780235,16.965596908685118,,2.060291075061429,2.284808901205467,2.265141682628797
9.98,0.006239463115180253,1.6335607969055845,6.790487474613278,1.9908577566573744,2.0003027220957565,2.0254867754164785,2.0901228574770663,1.9985419811104206,6.78955078125,-2.0563004198913677,16.663112588637176,,2.0654464311516727,2.1103468402675105,1.0952831539509558
9.99,0.007428610534148487,1.7824423263574534,6.779648521089137,1.9910237278086635,2.0005032143629182,2.0221346559633244,2.05905722994926,2.004077258411863,6.767578125,2.450790537786005,15.852066818423452,,2.0439897567794074,1.8787602193998874,0.6574985405114804
10.0,0.009352691475673204,2.0000000000000013,6.766322714590954,1.9911966746885765,2.0006698936366996,2.0189437130709,2.034519256811599,2.012693825195938,6.767578125,2.818742713871859,14.468651041536436,,2.026949609948625,1.8083464637687556,1.8106092127473414
10.01,0.011276772417197916,2.1961100503411566,6.755714938899063,1.9913757321486285,2.0008055264943656,2.0159524311377033,2.017187594658877,2.0227996271091437,6.767578125,1.693446324987596,12.461850149700627,,2.01407916460395,1.8184646926406347,2.235301353360183
10.02,0.012465919836166139,2.3089995935065026,6.7525525299275735,1.9894981373241343,1.9942886279294885,1.9940859438757224,1.9497813062846665,2.0319743270650967,6.7236328125,-2.4009742709428505,9.732307731741624,,1.9613102290130189,1.6014922724866414,1.4026739101529133
10.03,0.012465919836166257,2.3089995935065137,6.757401230922153,1.9887824419859397,1.9918240587372964,1.9859414750065922,1.9364121841506938,2.0380129756288636,6.74560546875,4.2981258244141705,5.716506668428148,,1.9498349328563023,1.7950876787063248,2.4357380453411435
10.040000000000001,0.011276772417197923,2.1961100503411575,6.768240480187888,1.989161203863795,1.9929948584999488,1.9891656803228066,1.960069881517249,2.0404660354958173,6.767578125,0.988491533401237,-5.2255192677288855,,1.9671245657254177,2.0437243290641742,2.6915333657225218
10.05,0.009352691475673214,2.000000000000002,6.781566348525969,1.9895369535433123,1.9940728898020694,1.9919614444824532,1.9785088142580451,2.039535653667629,6.767578125,-0.550452577149904,-9.103333242212486,,1.9803685357691954,2.1265227751186218,2.198390404429291
10.06,0.007428610534148495,1.7824423263574543,6.7921738507661775,1.9899090547593556,1.995061402363581,1.994358834860334,1.9919673935855415,2.035367372199861,6.767578125,2.2854199014057044,-11.496536293986065,,1.9900457809571686,2.1374361098186876,1.8090828047494922
10.07,0.006239463115180255,1.6335607969055848,6.795336039854949,1.9902769159545464,1.9959637967689352,1.9963890818230443,2.0012851705781665,2.0284059169900917,6.767578125,1.939786846615522,-13.17234881303585,,1.9967832786930546,2.1179589909641905,1.7386544945574567
10.08,0.00623946311518023,1.6335607969055816,6.790487474613277,1.9916694844219955,2.00009986256508,2.007542022218512,2.035289636644481,2.0199407100113147,6.78955078125,3.0714082548099726,-14.323320253890131,,2.0226683198203865,2.192723450681431,2.232926727174315
10.09,0.007428610534148431,1.7824423263574465,6.779648521089136,1.9940207781625026,2.0070713701556744,2.0257898887516848,2.08382611265939,2.0120672608813264,6.8115234375,2.017736175900387,-15.008943935116399,,2.0594642825499574,2.2635273803430747,2.370254435105734
10.1,0.009352691475673133,1.9999999999999936,6.766322714590952,1.9952126743271583,2.009907894011183,2.030724496413517,2.0842441282357367,2.006173065702164,6.78955078125,-2.188177277245862,-15.2307255101629,,2.059514499454337,2.0970114526655754,1.4490704445630105
10.11,0.011276772417197859,2.1961100503411513,6.755714938899061,1.9963407276331984,2.0123587296018917,2.0341387430876328,2.0786530901437517,2.0022558062471605,6.78955078125,3.2562864603455988,-14.95328240632876,,2.0561802977139005,1.9940337685023024,1.6409557268225512
10.120000000000001,0.012465919836166232,2.3089995935065115,6.752552529927567,1.9963810455114321,2.011151908591921,2.0267838298683434,2.0393741194212023,1.999484998717515,6.767578125,-1.1897877795344167,-14.108792829835835,,2.029751742338695,1.8207027303733958,1.4046849603678517
10.13,0.012465919836166163,2.3089995935065053,6.757401230922148,1.9964246692665617,2.009996570993052,2.020224146904502,2.0122719803267577,1.9968017813819605,6.767578125,3.030023712405034,-12.596960714012083,,2.0104061870145475,1.8010088338479335,1.9832815381267432
10.14,0.011276772417197982,2.1961100503411632,6.768240480187882,1.9964712802591038,2.008895280835112,2.0144820695307826,1.9952947874415012,1.993588732256385,6.767578125,1.7769083222874358,-10.276915434035729,,1.997062068382762,1.8415510723186679,2.2042345225198177
10.15,0.009352691475673285,2.0000000000000098,6.781566348525961,1.9965205760612263,2.0078500431689887,2.0095431274235485,1.985103841232293,1.9897819408499495,6.767578125,2.005091147967204,-6.730977036790743,,1.9884971378884375,1.8970132592594795,2.1881214647838254
10.16,0.007428610534148553,1.7824423263574611,6.79217385076617,1.997597027695349,2.010176427756959,2.0148763392760847,2.0065331936232274,1.986252747584762,6.78955078125,3.1082144093268136,4.1253646858800535,,2.0051867376375747,2.0578965272988596,2.461139025463628
10.17,0.006239463115180278,1.6335607969055879,6.795336039854942,1.9996358827748006,2.015478499855089,2.0282919997269686,2.047766923179823,1.984562466002804,6.8115234375,1.9878442491498307,8.813618349716158,,2.0373777891853,2.1964527853304303,2.440103344592984
10.18,0.00623946311518021,1.6335607969055788,6.79048747461327,1.9995058354587412,2.013476349667275,2.0198078051862085,2.0188877138323456,1.985334825986927,6.767578125,-3.041437513532002,11.585525537753592,,2.014266805764964,1.9710479675570145,0.5403003841670712
10.19,0.0074286105341483735,1.7824423263574396,6.779648521089129,2.0004063895227637,2.0149101266619236,2.021940936689447,2.0257707516034005,1.988317291860643,6.78955078125,4.528399347379325,13.593314868741487,,2.0194402122367916,2.02267531678199,1.9537331247911913
10.200000000000001,0.009352691475673434,2.0000000000000258,6.766322714590945,2.0002288815718767,2.01277601354276,2.0138281588993254,2.0002228180937647,1.9930775031826078,6.767578125,-2.8173517813480307,15.088356088970114,,2.000563294494769,1.9141168928789285,1.6292143102150634
10.21,0.011276772417198102,2.196110050341175,6.755714938899053,2.0000604746692687,2.0107892643220024,2.006960813664105,1.9824613793417452,1.998559845850018,6.767578125,3.171598307751897,16.16003158544708,,1.9879838586682348,1.904587548201482,1.9911281308798454
10.22,0.012465919836166212,2.3089995935065093,6.752552529927562,1.999900935899773,2.008948036520634,2.0012501291978566,1.9712842084274174,2.003663501630071,6.767578125,1.8694393962611335,16.834550433074025,,1.9803466831027898,1.9263610510410705,2.1323778053195306
10.23,0.012465919836166186,2.308999593506507,6.757401230922142,1.9997500303093028,2.0072494844342077,1.996592190061776,1.9653615776433166,2.0071635135269745,6.767578125,1.954705193173936,17.104209098386438,,1.9763894909698971,1.9520737991242538,2.1158646379451738
10.24,0.011276772417198037,2.1961100503411686,6.7682404801878775,1.997560245926874,1.9990374926800216,1.9737949953050082,1.9025932134509635,2.007649040775195,6.7236328125,-2.6496202288061386,16.93759248185589,,1.930841900274805,1.7308262226076208,1.020623006593374
10.25,0.009352691475673356,2.0000000000000173,6.781566348525957,1.9985747415450819,2.001714712237959,1.9843996891863533,1.9586249122145307,2.005533182345818,6.78955078125,5.27200845868661,16.283825470908443,,1.970540138383598,2.099329191340816,2.930448988692404
10.26,0.00742861053414861,1.782442326357468,6.792173850766167,1.9995303168123322,2.004078417883108,1.9933158392757941,1.9981589141379463,2.0032087771167615,6.78955078125,-3.8325524409380174,15.078501013614936,,1.9982540165870941,2.177575076747371,2.410842709644143
10.27,0.006239463115180298,1.6335607969055905,6.79533603985494,2.001451426904186,2.009459116297564,2.010162208152065,2.051956951694612,2.003074567585721,6.8115234375,3.330402263974718,13.269225121950136,,2.03777078769675,2.2631342418509695,2.2270319629178235
10.28,0.006239463115180186,1.6335607969055759,6.7904874746132675,2.003253637758488,2.014169977293744,2.0235785064246,2.082925043229739,2.006862080550934,6.8115234375,-0.7488607589068139,10.79310101539657,,2.0615692634262106,2.215467132443905,1.6580983783012375
10.290000000000001,0.007428610534148617,1.782442326357469,6.779648521089126,2.002898386675866,2.0116680368365207,2.015195730276184,2.0416372636457045,2.013759569122184,6.767578125,-2.097464979055744,7.351539088745754,,2.0318181580093615,1.9028240040711013,-0.9285091467501762
10.3,0.009352691475673363,2.000000000000018,6.7663227145909435,2.0015355267725523,2.006054805620777,1.998539167880718,1.9819510495059391,2.0214009747316335,6.74560546875,3.2074561826094548,-2.702371044276783,,1.988306446404209,1.6764109403441934,1.0595676727393075
10.31,0.011276772417198046,2.1961100503411695,6.755714938899053,2.0012718561399394,2.0043260021493152,1.9945069471312546,1.9733457797837926,2.0279638859701192,6.767578125,3.4372552030831507,-8.058386008079129,,1.9813757017098388,1.8145249008249469,2.594183828426417
10.32,0.012465919836166189,2.3089995935065075,6.752552529927563,2.0010205712760514,2.002759652835409,1.9913397520665304,1.9696339441319208,2.032243510353309,6.767578125,-1.5742523751304756,-10.813541235524514,,1.9779137663164943,1.902843643192103,2.588650379744545
10.33,0.012465919836166206,2.3089995935065093,6.757401230922143,1.9997577766371872,1.998027391651838,1.979344373728432,1.9405489268728118,2.033070478986512,6.74560546875,0.8459701708004638,-12.712236193173185,,1.9549027326407775,1.8444895940242534,1.9330483000721006
10.34,0.011276772417198096,2.1961100503411743,6.768240480187878,2.0006166960880947,2.0004708134405305,1.9891761553915701,1.9823668612416248,2.0304519249359427,6.78955078125,4.244861807993965,-14.043879347494663,,1.9857929466511295,2.108335344715881,2.667991995054127
10.35,0.009352691475673426,2.000000000000025,6.781566348525959,2.0014225683166136,2.002639827951114,1.9973647723763606,2.0114416392570025,2.025470381260052,6.78955078125,-2.844517916146084,-14.900425143193129,,2.0068720540222538,2.1607957451610975,2.099634404337373
10.36,0.007428610534148667,1.782442326357475,6.7921738507661695,2.0021771319225286,2.0045517248551596,2.0040595637388425,2.0300681383484056,2.0188856198361727,6.78955078125,2.444581787607699,-15.301910556240472,,2.020308900252011,2.142352396339999,1.676836315094985
10.370000000000001,0.006239463115180205,1.6335607969055783,6.795336039854943,2.001859140281734,2.002913183493519,1.9999132542000733,2.012621481685919,2.011384889585136,6.767578125,-0.9158879524660486,-15.227055461401267,,2.0066420054191054,1.9926042069355858,1.0635620789778504
10.38,0.0062394631151801655,1.6335607969055732,6.790487474613272,2.003601749987121,2.0080563873052535,2.0155218186550594,2.0563719458132472,2.0045242841709525,6.8115234375,4.181263567118005,-14.622063714911617,,2.0398198084931907,2.1660288915735615,2.521721815315717
10.39,0.00742861053414856,1.782442326357462,6.779648521089132,2.0052327549755287,2.012573259940035,2.027853788974397,2.0827862742804433,2.0005444027648527,6.8115234375,-2.8211994003104848,-13.401937102568024,,2.0596294025145214,2.164419886470863,2.2207471248070316
10.4,0.009352691475673294,2.0000000000000107,6.76632271459095,2.0067560599124854,2.016507808957252,2.037336924525811,2.095744947594299,2.0003651112443404,6.8115234375,2.4333390080179695,-11.451915231233459,,2.0696025785153513,2.1105852691260085,1.9276013646854149
10.41,0.011276772417197989,2.1961100503411637,6.755714938899059,2.006133461572001,2.01331259959113,2.02549230077996,2.03857300638332,2.002852612304977,6.767578125,-2.436741012363637,-8.550075156454913,,2.0304681584050215,1.8189321129870815,0.44336987665020977
10.42,0.012465919836166165,2.3089995935065053,6.752552529927569,2.0065576469936577,2.013684827568409,2.0248223690617233,2.0289085433940808,2.0062094827399943,6.78955078125,4.23180116854996,-3.3289197815722495,,2.023788412016805,1.8870307910988402,2.21920650216504
10.43,0.012465919836166227,2.308999593506511,6.757401230922151,2.0049004125130323,2.0073121495638757,2.004671814556584,1.9639447422824963,2.0085527679226227,6.74560546875,-3.491747609553928,7.112081902826145,,1.9751281737290598,1.6772855922431207,1.4785910427721392
10.44,0.011276772417198152,2.1961100503411797,6.768240480187886,2.004353883244732,2.0049032514709597,1.9978082914018438,1.953264998892067,2.0081416822112756,6.767578125,4.478253601883885,10.44130238798109,,1.9657074738865985,1.8394086142743173,2.460700530933316
10.450000000000001,0.009352691475673124,1.9999999999999927,6.781566348525967,2.0038313938362498,2.00273076693342,1.9923212877843943,1.9494386258809975,2.004739893337256,6.767578125,-1.7529784812809188,12.735318566654126,,1.9615531947910294,1.9437123963210072,2.376790700375537
10.46,0.007428610534148422,1.7824423263574456,6.7921738507661775,2.004355940995626,2.00410636484147,1.9976077569710888,1.9789570411281485,1.999437624012839,6.78955078125,2.979996203098352,14.43463731895039,,1.9828900241966407,2.1168040804574977,2.5086552550664507
10.47,0.006239463115180228,1.6335607969055812,6.795336039854951,2.005863936762689,2.008620978667388,2.0114036454745583,2.0280152863065073,1.9944789770898141,6.8115234375,1.8683643490206139,15.678844597785353,,2.0194275469397933,2.2505715851597756,2.402905471981048
10.48,0.006239463115180143,1.63356079690557,6.790487474613279,2.007270911868459,2.0125776777037476,2.022331379261103,2.0585862442116087,1.9922477323328518,6.8115234375,-0.35199052693607585,16.517205812978563,,2.0423697505042653,2.2298021221256366,1.794847649227022
10.49,0.007428610534148503,1.7824423263574551,6.779648521089138,2.008580541154369,2.0160162414111182,2.0307780664699857,2.075685185791053,1.9941450864517667,6.8115234375,2.266613703408759,16.956622241771385,,2.0552363533994162,2.1558088605158976,1.5596684523991364
10.5,0.009352691475673223,2.000000000000003,6.766322714590956,2.008775553374797,2.015678476882086,2.0277281419057687,2.0542709391173,1.9996655647663089,6.78955078125,-1.0900275948005624,16.975692622515794,,2.039799498584813,1.960773463436797,1.1252199130641307
10.51,0.011276772417197932,2.1961100503411584,6.7557149388990645,2.0079218414158064,2.0119791002947953,2.0152778584228814,2.006949077730934,2.0066792127995567,6.767578125,2.0412074890291123,16.531340092133696,,2.0059975211268997,1.7671562876074836,1.3329265784441264
10.52,0.012465919836166144,2.3089995935065035,6.752552529927574,2.006081724718416,2.005294337433024,1.9952679530952462,1.9460616869859604,2.0125083484426125,6.74560546875,1.9441215733557737,15.564730058720208,,1.9611492838789788,1.6284960072754737,1.7190039494991298
10.53,0.012465919836166251,2.3089995935065133,6.757401230922155,2.0053619233178153,2.002628683925814,1.988636432636762,1.9390237176669678,2.0151945518021335,6.767578125,3.4997068351875327,14.01476482741362,,1.95528807062599,1.829035774938873,2.6624556771521855
10.540000000000001,0.011276772417197909,2.196110050341156,6.76824048018789,2.0046753068236485,2.0002461829029268,1.9834987600524008,1.9386425258404751,2.014234149579262,6.767578125,-1.5542805045893588,11.829418537352241,,1.9540993418949668,1.9509280966707057,2.4898674675633443
10.55,0.009352691475673195,2.0000000000000004,6.78156634852597,2.005044956725248,2.001456860331073,1.989263833333703,1.9724149457381934,2.0101905880121516,6.78955078125,3.0694800653495373,8.859033379038326,,1.9778770583031338,2.1316519131454776,2.5133495296570145
10.56,0.00742861053414848,1.7824423263574525,6.792173850766179,2.0053840636801787,2.002531372717282,1.9941739263311529,1.9958763220036866,2.004194933269581,6.78955078125,-1.0925460983961996,4.087968910185955,,1.9947743470548722,2.166043113388058,1.9766940797741641
10.57,0.006239463115180249,1.633560796905584,6.795336039854952,2.0056938982636674,2.003478236915379,1.9982961450390413,2.011063981151975,1.9974300712485844,6.78955078125,2.203232006637407,-6.500529087171379,,2.0061346250634924,2.145958858669371,1.6855582019739679
10.58,0.006239463115180122,1.6335607969055674,6.790487474613279,2.0069982846369325,2.0076163503266815,2.0111671500894235,2.0476802439930664,1.9915640056034123,6.8115234375,3.0325971154612597,-9.811077875141896,,2.0345675244660524,2.2111055010311276,2.1443139922070924
10.59,0.0074286105341484455,1.7824423263574485,6.779648521089138,2.0071907054679623,2.007946383272912,2.011977408044122,2.0422908836410336,1.9881652399479555,6.78955078125,-2.3135027955500598,-11.979939190746233,,2.030314259940673,2.0649041493457982,1.4616265040685208
10.6,0.009352691475673153,1.9999999999999958,6.766322714590955,2.0094026979715855,2.014798842246755,2.0312200337360076,2.0913775948718123,1.9883704770998971,6.83349609375,4.4111402628713705,-13.503201526858225,,2.068023174572561,2.2065302075308595,2.5409055170775012
10.61,0.011276772417197874,2.1961100503411526,6.755714938899063,2.0084028681030652,2.0109100078392963,2.0181246504521924,2.0342129682628256,1.9915615583235928,6.767578125,-4.588438181968309,-14.524543843842228,,2.0264115053247833,1.842698033153261,-0.5580522321658694
10.620000000000001,0.012465919836166238,2.308999593506512,6.75255252992757,2.00744770897914,2.007380626716755,2.007054314294896,1.9927005224150942,1.9953074126746337,6.767578125,4.7104348921655435,-15.0854931634865,,1.9967652615701608,1.752209999837898,1.6502787472115237
10.63,0.012465919836166158,2.3089995935065044,6.75740123092215,2.006536455691247,2.0041960999243233,1.9978995966969697,1.966253790422137,1.997469058603302,6.767578125,1.1939852243392912,-15.177018318311925,,1.9771726643761034,1.7838760001098317,2.246546189279987
10.64,0.011276772417197965,2.1961100503411615,6.768240480187885,2.0036211481400175,1.9946885778124388,1.9712445924774922,1.8916661751073043,1.995939107647707,6.7236328125,-2.612183689092641,-14.755084381220053,,1.9210799210172738,1.5963073849182996,1.5104047908281613
10.65,0.009352691475673266,2.000000000000008,6.781566348525963,2.0039438483432597,1.996246763021993,1.97904381270666,1.9392959868053663,1.9910423663947907,6.78955078125,5.3053487792877165,-13.743908871082546,,1.9548779832383825,2.0488428493835884,3.06539116729849
10.66,0.0074286105341485375,1.7824423263574594,6.792173850766173,2.0052649522449117,2.0009899769419,1.9954295705242224,2.0047888415211745,1.9857368834191236,6.8115234375,-3.2198190067930286,-12.036267982722238,,2.001628931184663,2.277681313783109,2.7547672631262747
10.67,0.006239463115180271,1.633560796905587,6.795336039854945,2.006498667834986,2.005204410984866,2.00875877291176,2.04465453997171,1.9828441991152184,6.8115234375,1.1345316619910908,-9.460877972545369,,2.032226991527964,2.288439569376096,1.7932942946515102
10.68,0.0062394631151801,1.6335607969055645,6.790487474613272,2.0076481467730134,2.0089233850955335,2.0193600713296087,2.066570216798763,1.9843643380315872,6.8115234375,2.338095927452938,-5.333182570009687,,2.050637211238697,2.2193264955869734,1.2227019836867097
10.69,0.007428610534148389,1.7824423263574416,6.779648521089131,2.0076950868847354,2.0088753723793475,2.018152743003954,2.048926364217447,1.9904548127693944,6.78955078125,-1.084323397252207,5.785062231117877,,2.0390641878832367,2.015678945825163,0.6007283005205575
10.700000000000001,0.009352691475673455,2.000000000000028,6.766322714590948,2.0067050407151585,2.0054754136153914,2.0073799338127727,2.0056585499853337,1.9997074489309898,6.767578125,2.1313586116698087,9.639672865107576,,2.00788769304521,1.8033759236638112,1.1630595803643746
10.71,0.011276772417198119,2.1961100503411766,6.755714938899055,2.0067852576973593,2.005735485779396,2.00798068925011,2.005259034428991,2.0105066386303783,6.78955078125,3.544163450214314,12.152042955047675,,2.008182586889771,1.8954022317709862,2.4936416157092784
10.72,0.012465919836166215,2.3089995935065097,6.752552529927563,2.0048050492290947,1.999304315808165,1.9893161560887702,1.948630931159531,2.0205828449464587,6.74560546875,-3.378114860255982,13.99650245058191,,1.9647754275224758,1.688632427353206,1.6935345936560182
10.73,0.01246591983616618,2.3089995935065066,6.7574012309221425,2.0029337486343937,1.9935787920317734,1.974251836110097,1.9126420834709503,2.027148605328459,6.74560546875,3.9993301231243095,15.359548880128061,,1.9374119808017656,1.7193359666910484,2.1420176772771247
10.74,0.011276772417198024,2.1961100503411672,6.7682404801878775,2.002193163296331,1.9918602311628382,1.972101238020124,1.9233666698258316,2.029167796820216,6.767578125,2.5701430551846878,16.308834473769377,,1.9449820522014265,1.9471602957921217,2.6057292580544047
10.75,0.009352691475673337,2.0000000000000155,6.781566348525958,2.0014942745205793,1.9903920766404457,1.9709230359653775,1.93628483573063,2.027315279410218,6.767578125,-1.2214254053120737,16.860090585493538,,1.9532362292891434,2.048859440799062,2.2352816393940245
10.76,0.007428610534148595,1.7824423263574662,6.792173850766168,2.002884585573554,1.99583025028039,1.9899342621659881,2.009618475480254,2.0234013262932895,6.8115234375,3.759379870132515,16.997565824987454,,2.0048077918176586,2.290867364323847,2.623807910799522
10.77,0.006239463115180292,1.6335607969055896,6.7953360398549405,2.004188200678757,2.0006948755203258,2.005465133981924,2.0529704609119435,2.0195059777810878,6.8115234375,-2.619991448667275,16.682751565480785,,2.0381698056962123,2.2901272068180627,1.896538705803313
10.78,0.006239463115180079,1.6335607969055617,6.790487474613268,2.0043854506887553,2.001699018855789,2.008350140394191,2.0486691119575346,2.0166154959330225,6.78955078125,1.231878554310725,15.85921413753125,,2.036869557948731,2.1006251616681255,0.7244269520589431
10.790000000000001,0.007428610534148633,1.7824423263574707,6.779648521089127,2.004565077406045,2.002590403569653,2.0105382294533647,2.0425121863441036,2.015037639685203,6.78955078125,3.0553780235336845,14.46404202528302,,2.0339245577375595,1.9894312001998626,1.50150413018158
10.8,0.009352691475673384,2.0000000000000204,6.766322714590944,2.0057502037896926,2.0066916290509225,2.021556704438868,2.063120090119708,2.0152057342179055,6.8115234375,2.678353327199385,12.447681320246536,,2.0513549749875186,2.0456490292055944,2.3586662445050286
10.81,0.01127677241719806,2.196110050341171,6.755714938899054,2.0058343662036155,2.006990718636544,2.020687428972171,2.045150476577359,2.016892871520282,6.78955078125,-2.3291504955810236,9.71101663565254,,2.0392995071025957,1.91781501744259,1.8244400428633483
10.82,0.012465919836166194,2.308999593506508,6.752552529927564,2.0059051622414614,2.0072214296129323,2.019605947162945,2.030298894822733,2.0188288314737175,6.78955078125,3.2516912735903536,5.685353560491487,,2.0292993497038845,1.8906171660364015,1.980251952467548
10.83,0.012465919836166201,2.3089995935065084,6.757401230922143,2.003918334270158,2.000756594961405,1.9994292202619042,1.961920030829842,2.0191834193935074,6.74560546875,-2.3998860766933103,-5.246216372802546,,1.9781719182645932,1.652636456673287,0.9940864361459517
10.84,0.011276772417198079,2.1961100503411726,6.768240480187878,2.0040895685364215,2.001643150020866,2.002013617931467,1.9758744718510806,2.0168941478272626,6.78955078125,4.844199206515027,-9.104075357441346,,1.9886972521031048,1.9362456493908458,2.661608839311582
10.85,0.009352691475673405,2.0000000000000226,6.781566348525959,2.0042455624448245,2.002430986606139,2.00410079054972,1.9868589476597662,2.012479312733082,6.78955078125,-2.9735087601986523,-11.48579137643199,,1.9966228150977794,2.040615293554307,2.413958350184054
10.86,0.00742861053414865,1.782442326357473,6.7921738507661695,2.0054094784413126,2.006440961241273,2.0151916269601315,2.0233142531210313,2.0070046702820163,6.8115234375,3.1835030795137205,-13.15076832853228,,2.023671296122645,2.177846344821967,2.418759560400847
10.870000000000001,0.0062394631151802,1.6335607969055777,6.795336039854943,2.006496414256794,2.009971612303835,2.0239146459484907,2.0465857091613358,2.0017620434527292,6.8115234375,-0.894494973634039,-14.290104196792242,,2.040387822022475,2.177529494454104,1.9058283633812774
10.88,0.006239463115180171,1.6335607969055739,6.790487474613272,2.006487679168547,2.0097510567677745,2.0211881756968157,2.031845092659778,1.9974221115522481,6.78955078125,0.48240822808450046,-14.96250756049532,,2.02826194430095,2.0244148516974736,1.0936346243383663
10.89,0.007428610534148576,1.782442326357464,6.779648521089132,2.007491739267764,2.0128079673733654,2.0280077039107773,2.048350415096158,1.9945054259180686,6.8115234375,3.691690461932192,-15.16844050075554,,2.0400350713477513,2.0790755767732727,2.125341223101622
10.9,0.009352691475673315,2.000000000000013,6.76632271459095,2.0074038651025594,2.0121521042466473,2.0236269741303166,2.028098649602392,1.9934334920928445,6.78955078125,-2.637542869479438,-14.871402278738083,,2.0248056239394474,1.9583386467623953,1.6999109848901968
10.91,0.011276772417198004,2.1961100503411655,6.755714938899059,2.008331631817206,2.014805576159993,2.0290900047508003,2.0415834042262486,1.9943222895661428,6.8115234375,3.850121368420649,-14.001811919983462,,2.034856563155872,2.0441203878462764,2.3610815904537468
10.92,0.012465919836166172,2.3089995935065057,6.752552529927569,2.0081709615245087,2.0137794674433205,2.0235433357954746,2.019475603627984,1.9969544387730398,6.78955078125,-2.568485025053933,-12.45707435023708,,2.0187906551371957,1.9418308362193282,1.7702017433775985
10.93,0.012465919836166224,2.3089995935065106,6.75740123092215,2.008007843220738,2.0127891555310056,2.018611577998562,2.0034513408716617,2.000337092351198,6.78955078125,3.1876224576192684,-10.08878355177439,,2.007334019658413,1.927610624834472,1.932203695235732
10.94,0.011276772417198138,2.1961100503411783,6.7682404801878855,2.0068211706943213,2.0085248298218628,2.004755406032513,1.9634141038695692,2.003220145531338,6.767578125,-1.0412864259738295,-6.431002073005023,,1.977930400947678,1.8233174681450954,1.582017628687142
10.950000000000001,0.009352691475673105,1.9999999999999907,6.781566348525965,2.006717053690567,2.008000928076586,2.0029991265469835,1.9676339704002201,2.0047387033690596,6.78955078125,3.6766430425311545,4.573831648470329,,1.9814853319483101,1.9630311045103292,2.36010702809177
10.96,0.007428610534148407,1.7824423263574438,6.792173850766177,2.006610008353575,2.007496949035897,2.001572485713914,1.9727172733302916,2.0048412999984384,6.78955078125,-1.5222525684802344,9.023457268396673,,1.9851238817815349,2.015285489173744,2.2193794128487436
10.97,0.006239463115180222,1.6335607969055805,6.795336039854949,2.006500469165166,2.0070143193516587,2.0004390353881676,1.978078691569241,2.003726208348866,6.78955078125,2.2040690083785868,11.735790205413647,,1.9884869836164187,2.030583564400767,2.0518493125265267
10.98,0.006239463115180149,1.633560796905571,6.790487474613277,2.007410790558391,2.0098669700213767,2.009018023802541,2.0124293183431456,2.002008500645006,6.8115234375,3.058486430821612,13.710285214947367,,2.012969187565612,2.1379402482177663,2.3503702422238746
10.99,0.007428610534148518,1.7824423263574571,6.779648521089137,2.007235098470996,2.0090442014179515,2.006433162402692,2.0061285371708633,2.0001461168325325,6.78955078125,-2.316904181337503,15.181184400323723,,2.007135091154357,2.0256274922747863,1.5779734373716414
11.0,0.009352691475673244,2.0000000000000053,6.766322714590954,2.0070600445383526,2.00826870442716,2.0042571810980925,2.0016385227352274,1.9981806232530597,6.78955078125,3.2449854710948833,16.232622870531074,,2.0028988973425648,1.986460567480581,1.7690281388954145
11.01,0.011276772417197949,2.19611005034116,6.755714938899063,2.0079076794394997,2.010849222801111,2.011894823496438,2.0272920884424943,1.9965065205243278,6.8115234375,2.7524551842790035,16.888426458851363,,2.021495230746545,2.088095817029932,2.3317453700245765
11.02,0.01246591983616615,2.308999593506504,6.7525525299275735,2.0076725862331184,2.0097834394821783,2.0085094052096433,2.014847390268367,1.995228960065155,6.78955078125,-2.3848538415090017,17.139228854434037,,2.011498740253843,1.9824553953063249,1.664856529572768
11.03,0.012465919836166245,2.3089995935065124,6.757401230922153,2.0074410635762656,2.0087875436650684,2.005635355859008,2.005473583946197,1.993772022173999,6.78955078125,3.259367932866162,16.95258506650038,,2.004340732779784,1.9567023255450915,1.853780344271754
11.040000000000001,0.011276772417197893,2.1961100503411544,6.768240480187888,2.006191306926255,2.0045477228799173,1.9937208199995884,1.9694320783520416,1.9914364172237298,6.767578125,-1.1534904581866563,16.276715956587168,,1.9778306732570547,1.8423638754265306,1.5417430331091428
11.05,0.009352691475673176,1.9999999999999982,6.781566348525969,2.0070522694965067,2.007386937912026,2.0032202346239116,2.0053894640176018,1.988197761494046,6.8115234375,4.24050902444739,15.047800785904906,,2.004865619937809,2.081801529088618,2.681758355266017
11.06,0.007428610534148465,1.7824423263574507,6.7921738507661775,2.0058088127160225,2.0032560060615223,1.991889827686645,1.9709954996194907,1.9844303375099972,6.767578125,-4.076604243766888,13.215462996399793,,1.9795264802823804,1.9047007633235669,1.376274152459897
11.07,0.006239463115180244,1.6335607969055834,6.79533603985495,2.006676846337602,2.006203034365489,2.0019565829794312,2.0082639756713303,1.9807914809057323,6.8115234375,5.06812923353537,10.716745398676,,2.0070961978451085,2.1081299614726148,2.5046368959799583
11.08,0.006239463115180127,1.633560796905568,6.790487474613277,2.0074848169507544,2.008798616812364,2.0101436007873814,2.033059341762506,1.9787381032764393,6.8115234375,-2.923464405580805,7.239937932183335,,2.0250500365074666,2.1365870007953376,2.1376330903065885
11.09,0.007428610534148461,1.7824423263574503,6.779648521089137,2.0072134683545464,2.007760514736857,2.0071654932901124,2.019287005357421,1.9788668416631607,6.78955078125,0.9888295774954808,-2.9599783832415447,,2.014390616711779,2.002072159455878,1.340278534798526
11.1,0.009352691475673173,1.999999999999998,6.766322714590953,2.0069491060103357,2.006803569010445,2.0046542157764042,2.008800749149263,1.981111463871664,6.78955078125,3.1156856021839032,-8.131226143624193,,2.0065929558966937,1.9615491080581156,1.7382028708291821
11.11,0.01127677241719789,2.1961100503411544,6.755714938899062,2.0066918579289,2.005925229621541,2.0025726665075068,2.001234559362576,1.9853304766589366,6.78955078125,1.6379268640493987,-10.85076142278686,,2.0012226875146526,1.9585788408602087,2.0169095637644383
11.120000000000001,0.012465919836166245,2.3089995935065124,6.752552529927568,2.006441829663459,2.0051227236514886,2.0008820622682943,1.9961234010791844,1.991131772734488,6.78955078125,2.033305977272119,-12.725662306409543,,1.9977829056261058,1.9673268778639954,2.0957447580105883
11.13,0.01246591983616615,2.308999593506504,6.757401230922149,2.0051766417861416,2.0010759826328477,1.9899767508335278,1.9636425786508558,1.997595970554021,6.767578125,-1.1715773666469695,-14.036203942293469,,1.9740596646994757,1.8610959927334771,1.640934704313809
11.14,0.01127677241719795,2.19611005034116,6.768240480187883,2.0039806094761534,1.997478413426766,1.9812959201549112,1.9432064919611982,2.003720031007008,6.767578125,2.934120946707095,-14.870951744721372,,1.959631387611939,1.8700704299913595,1.97994529336636
11.15,0.009352691475673245,2.0000000000000058,6.781566348525962,2.0038754998676778,1.9976334984400261,1.9842632566646892,1.9630236733504844,2.009393514918718,6.78955078125,2.770612834723207,-15.247771273085563,,1.9742657322484274,2.0257452650716856,2.472444928819828
11.16,0.007428610534148522,1.7824423263574574,6.792173850766171,2.003773873647462,1.997804384809111,1.9870401557246409,1.9789918898623795,2.0150320110176394,6.78955078125,-1.0715699570508344,-15.143524680168465,,1.9854276725735385,2.0657949490713206,2.157651937691622
11.17,0.006239463115180265,1.6335607969055863,6.795336039854943,2.003675730135389,1.9979880955595273,1.989603437803503,1.9910320771008752,2.0208659091877923,6.78955078125,2.2533467643549594,-14.502274620031688,,1.9935785787365325,2.0648525570667347,1.9151893062355128
11.18,0.006239463115180106,1.6335607969055652,6.79048747461327,2.003581059585261,1.998181862923287,1.9919378835557326,1.999645592680553,2.0268643480534827,6.78955078125,1.9784599386259387,-13.23543382895032,,1.9992728025090831,2.051471244627929,1.8692134416184398
11.19,0.007428610534148405,1.7824423263574434,6.77964852108913,2.003489844423238,1.9983831421067482,1.9940370157426,2.005529659232126,2.03258967649193,6.78955078125,1.9750170226195034,-11.222845597950428,,2.0030534541651286,2.0368315112557007,1.9154090561560158
11.200000000000001,0.009352691475673474,2.00000000000003,6.766322714590946,2.002378458082756,1.9952609850938556,1.9863042699707711,1.980657916923292,2.036960017202269,6.767578125,-1.2584419665225108,-8.214591972497193,,1.983762767450651,1.9112469323564791,1.4930905103061802
11.21,0.011276772417198133,2.196110050341178,6.755714938899054,2.0023565630564373,1.9958587437362643,1.9899282493269856,1.9935645194978135,2.03875521677546,6.78955078125,3.6630223713676804,-2.3070189941971075,,1.9934347397975478,2.0145644837579995,2.3150744078387913
11.22,0.012465919836166222,2.3089995935065106,6.752552529927563,2.0002873488121073,1.9897618951461522,1.9738678322171574,1.944481209201914,2.036765384286964,6.74560546875,-3.377726294425927,7.501961736126275,,1.9566402183404568,1.8065300746500628,1.2757936906933722
11.23,0.012465919836166173,2.308999593506506,6.7574012309221425,2.0014178722732727,1.9944304910524873,1.990252656667554,2.0026495761905654,2.0308507781803353,6.8115234375,5.388031207394495,10.702001516453842,,1.9998904816251595,2.144542467226061,2.9415698735527553
11.24,0.011276772417198006,2.1961100503411655,6.7682404801878775,2.001458577838228,1.9952972035293248,1.994149506396882,2.0126292587825367,2.022097386592661,6.78955078125,-4.31023371241205,12.93910015751121,,2.0069310108104346,2.0951838873577864,1.992170603084941
11.25,0.009352691475673316,2.0000000000000133,6.781566348525958,2.0014985455428413,1.9961139188236594,1.9974572069967693,2.0186490223980322,2.0113166380949066,6.78955078125,3.4743196671377836,14.602332309510338,,2.01118196843872,2.061651028684857,1.7243959447626167
11.26,0.007428610534148578,1.7824423263574642,6.792173850766168,2.003585084187727,2.003534323617705,2.0191972601993218,2.0784977703785614,2.0003567419355535,6.83349609375,3.561212162783517,15.819325795674722,,2.0558375844605776,2.2471982267460273,2.528486252911835
11.27,0.006239463115180287,1.633560796905589,6.7953360398549405,2.003498474379717,2.0034740692541275,2.0175596137181717,2.0577535393567032,1.991007635147921,6.78955078125,-3.9988451401585765,16.634459714258057,,2.0403485869029385,2.0187543158003405,0.8690801128869948
11.28,0.006239463115180084,1.6335607969055623,6.790487474613268,2.005460415690918,2.0100425611385737,2.034736049275905,2.0975945287805247,1.9845609499592836,6.83349609375,5.104742842711139,17.052396955975208,,2.0699193724358005,2.1524109371116085,2.3563048012342716
11.290000000000001,0.0074286105341483475,1.7824423263574365,6.779648521089127,2.0052552550419773,2.0092092849209284,2.0292697268313407,2.0595089537262243,1.9815339754910037,6.78955078125,-4.189767865680442,17.0504537457308,,2.0440984780992397,1.9161605971665305,1.1009694553514733
11.3,0.009352691475673403,2.0000000000000226,6.766322714590944,2.0060792667304033,2.0117318660614623,2.033711513053648,2.059995169308268,1.9812171925943047,6.8115234375,4.561368554096933,16.585055250960785,,2.045653360934089,1.9720457554341029,2.1976099542795944
11.31,0.011276772417198077,2.1961100503411726,6.755714938899054,2.0048034276518427,2.007298339269092,2.0177450019489886,1.999046411845122,1.9824572016756599,6.767578125,-3.4087024055430177,15.597344240593259,,2.001951641352986,1.745798982222003,1.2867439270605332
11.32,0.012465919836166201,2.3089995935065084,6.752552529927564,2.0046211390665367,2.0066304736307585,2.0139652535410937,1.9895955522145587,1.9837052312010242,6.78955078125,4.436232385515511,14.02806119701729,,1.9942622234621725,1.8750157168175894,2.3820390868401895
11.33,0.012465919836166194,2.308999593506508,6.757401230922143,2.0034226467911065,2.002691275973009,2.001134116167971,1.956965677088257,1.9836836016394193,6.767578125,-2.721313704596017,11.827790064252005,,1.968035089078748,1.8336955193708715,1.9775689646526717
11.34,0.011276772417198065,2.1961100503411712,6.768240480187878,2.002292794262275,1.99917856201093,1.9907463327257797,1.9379325015844413,1.9812837144003201,6.767578125,3.156007130572554,8.846520603419654,,1.9523871273193716,1.8843257830691542,2.1048084663085844
11.35,0.009352691475673388,2.000000000000021,6.781566348525959,2.00225389668441,1.999396904045902,1.9921042859983715,1.9578705502171456,1.9767633012861288,6.78955078125,2.810275411859725,4.057752467716658,,1.966805128056175,2.0609611539514563,2.4663649007464223
11.36,0.007428610534148636,1.7824423263574711,6.7921738507661695,2.002217730760057,1.999610850845328,1.9934070250698848,1.9744074203715782,1.971371991244462,6.78955078125,-1.1607142459425166,-6.513918385119887,,1.9783156252303709,2.108297761488369,2.113637278106527
11.370000000000001,0.006239463115180194,1.6335607969055768,6.795336039854943,2.0032079735779162,2.0031399322748564,2.00411228340011,2.0159159028867473,1.966770828930906,6.8115234375,3.0898383637382363,-9.813013376877013,,2.0087212408462762,2.208894842685992,2.2622042662916875
11.38,0.006239463115180177,1.6335607969055745,6.790487474613272,2.0031145030769766,2.002955656397157,2.003319342139844,2.013993032875558,1.9645300636342955,6.78955078125,-2.395533983631423,-11.973708464763321,,2.0068719299867572,2.0821830449372802,1.410108424004305
11.39,0.00742861053414829,1.7824423263574296,6.779648521089132,2.0040488058710912,2.006103306815361,2.012085853860995,2.0399484516406545,1.9658360098404475,6.8115234375,3.8456067811722527,-13.488969151091474,,2.0266286935062845,2.128574364558703,2.109673747647885
11.4,0.009352691475673332,2.000000000000015,6.76632271459095,2.0039016458131598,2.0055668008621335,2.0096214681020763,2.0273354896343876,1.9710944470297387,6.78955078125,-2.5915093554704467,-14.501429154613078,,2.0170823863066345,1.9929651326684619,1.571741559981082
11.41,0.01127677241719802,2.196110050341167,6.755714938899059,2.0037606794202683,2.005069306338626,2.0074751710090686,2.017065863543228,1.9791382426586026,6.78955078125,3.194609198333934,-15.052120492644352,,2.00987479528963,1.9490275699443609,1.9042515951948862
11.42,0.012465919836166179,2.3089995935065066,6.752552529927569,2.001578068949896,1.9979696189134708,1.9866158986777713,1.950704342248996,1.9872940036080882,6.74560546875,-2.3470077110820227,-15.13149801346859,,1.9611911258282604,1.6997091159982114,1.0465247015999104
11.43,0.012465919836166217,2.30899959350651,6.75740123092215,1.9995242897471248,1.9916582706355899,1.969735602949184,1.9067630625245569,1.9920364896213318,6.74560546875,3.81719057057684,-14.694577477314457,,1.930365747906249,1.716897634050669,2.0190621633611836
11.44,0.01127677241719812,2.196110050341177,6.7682404801878855,1.9975956524111471,1.9860925803299774,1.9564619484754031,1.881976740322193,1.9911181737396164,6.74560546875,1.4522820633146647,-13.664522242305877,,1.9137167202874106,1.825168513042779,2.356514451768958
11.450000000000001,0.009352691475673086,1.9999999999999887,6.781566348525965,1.9957883977243809,1.9812284462532526,1.9464305184030297,1.874143047330524,1.9846725595002288,6.74560546875,1.9682770150409503,-11.931831400893627,,1.9077787021878339,1.9399260468923725,2.3263208805644298
11.46,0.007428610534148392,1.7824423263574418,6.792173850766177,1.9961544105589046,1.9837466510244375,1.959293994250258,1.9456182435542801,1.9755157266437144,6.78955078125,3.8883909302129713,-9.316807666097324,,1.9541753169103901,2.2362947526890027,2.8242329365812173
11.47,0.006239463115180216,1.6335607969055796,6.7953360398549485,1.9985634624413084,1.9928109447476285,1.9904287004126096,2.048123820912031,1.9678032253303717,6.83349609375,1.8612784631497301,-5.0661875261777745,,2.0303659318180176,2.469274377127887,2.7725588014913605
11.48,0.006239463115180155,1.6335607969055719,6.790487474613277,1.998782956953953,1.9942240421102215,1.9957562013649797,2.0451141034539453,1.96444176965095,6.78955078125,-3.7359778510087307,6.0181154817136395,,2.0361576155058736,2.2262450654136976,-0.7467710465072904
11.49,0.007428610534148233,1.7824423263574227,6.779648521089136,2.0000217045527386,1.9988706448513816,2.0097199555609913,2.0656146571458605,1.9664778829625102,6.8115234375,4.664980787959262,9.776865582663984,,2.0590114237892574,2.1679839240304717,1.4120489766726918
11.5,0.009352691475673263,2.0000000000000075,6.766322714590952,2.0001653005321396,1.999679551545421,2.0110982411061813,2.046760552497134,1.9734864081886587,6.78955078125,-2.8124599056825232,12.255647612011034,,2.0500285485552348,1.9475335217535823,1.120986458351001
11.51,0.011276772417197963,2.1961100503411615,6.755714938899062,1.9982523718019758,1.9937401750494526,1.9930931325265864,1.977779088483886,1.9829109066045283,6.74560546875,1.0486765998726693,14.080315720581483,,1.998611210727988,1.5837111668818633,0.5012205305789694
11.52,0.012465919836166158,2.3089995935065044,6.752552529927572,1.9964584797221478,1.9884991747994643,1.978655062189375,1.9353544422245494,1.9917486640919877,6.74560546875,3.7381208363369676,15.428926334554331,,1.9637491649719814,1.5603999028336117,2.1289973031399834
11.53,0.012465919836166238,2.308999593506512,6.757401230922151,1.99477993939056,1.9839138183270026,1.9673324115687736,1.911987359894087,1.997704851846789,6.74560546875,1.2683515133128336,16.36619455112542,,1.9423754506068658,1.6854754393288214,2.537367308406543
11.540000000000001,0.011276772417197878,2.196110050341153,6.768240480187886,1.9942418916249396,1.983299646433312,1.9682987529029128,1.9320274576605394,1.999743883065058,6.767578125,2.964227160026559,16.906659382833908,,1.9535987519591564,1.9605414792919793,2.7740783161870888
11.55,0.009352691475673157,1.9999999999999962,6.781566348525967,1.9916909990577447,1.9761444057339885,1.9504431412529104,1.8902553590734668,1.9973559440770101,6.7236328125,-3.11929066343448,17.033759801704445,,1.9192400041165214,1.8577253406743814,1.3768201738432038
11.56,0.007428610534148449,1.7824423263574487,6.792173850766177,1.991368676445923,1.9766741506201333,1.9563121926538154,1.9336087761991045,1.9915842637455674,6.767578125,4.9778955256382575,16.70874262707914,,1.9453842071779648,2.1362384404591275,2.476012416721885
11.57,0.0062394631151802375,1.6335607969055825,6.7953360398549485,1.9931450015089425,1.984049551819876,1.981528828649496,2.0226300247353652,1.9856470461743614,6.8115234375,-0.23437399597868624,15.875301524660877,,2.009111706117844,2.401228548908425,2.765761084949585
11.58,0.0062394631151801334,1.633560796905569,6.7904874746132755,1.9938016812330688,1.9873410917198087,1.9924026341060357,2.0433079809957957,1.9823013728266985,6.78955078125,-3.04147673700502,14.471341047325911,,2.0287855801116517,2.288567792698229,1.3946733698117093
11.59,0.007428610534148176,1.782442326357416,6.779648521089134,1.9944340007729364,1.990350796465808,2.0012116405520692,2.051809414455063,1.982987974269099,6.78955078125,3.4871358491303024,12.448807117587819,,2.0400334042165924,2.1653041693879755,1.2407841309921308
11.6,0.009352691475673192,2.0,6.7663227145909515,1.9950421220929302,1.993087980255701,2.008199510584384,2.053042969786707,1.9880498588614832,6.78955078125,1.6955416041312363,9.709779359213439,,2.0452324780340865,2.0484478749369748,1.6207073263156533
11.61,0.011276772417197907,2.196110050341156,6.755714938899059,1.9945973101492949,1.9922199167067343,2.0042285259151287,2.0229690409195915,1.9963989139956237,6.767578125,-1.1815812928385943,5.687291612337807,,2.02504959139325,1.8406158746843666,1.441987173935803
11.620000000000001,0.012465919836166248,2.308999593506513,6.7525525299275655,1.9931621238540838,1.9881580240038015,1.9915176945759727,1.9744073441706969,2.0058642753893796,6.74560546875,2.058342702685973,-5.233176511224959,,1.9885960193011947,1.6566514826133056,1.5651116082068999
11.63,0.012465919836166144,2.3089995935065035,6.757401230922146,1.9918267011734028,1.9846258661566527,1.981319183992201,1.9440633446660391,2.014116980223864,6.74560546875,2.8638394412528747,-9.08751228360257,,1.9646607397929026,1.6830744573921543,2.1940083858795183
11.64,0.011276772417197933,2.196110050341159,6.76824048018788,1.9905875409453884,1.9815862078957802,1.973336850893163,1.9270324251151991,2.0193648284598438,6.74560546875,1.694881583526257,-11.463467739953115,,1.9506117520437576,1.7871340979699246,2.344043166650752
11.65,0.009352691475673226,2.0000000000000036,6.78156634852596,1.9894411429307848,1.979002968950339,1.9673037075476683,1.9201492675795437,2.0209130455242095,6.74560546875,2.0419849899822573,-13.121433606271173,,1.9439635406162303,1.9005221235366028,2.245508391322395
11.66,0.007428610534148505,1.7824423263574554,6.792173850766169,1.9894163599051153,1.9802019206980128,1.9726049995699446,1.9515753153798416,2.019674838217195,6.767578125,3.093806257518097,-14.252260521144498,,1.9646607980878974,2.1007214162109054,2.46119858495347
11.67,0.006239463115180259,1.6335607969055854,6.7953360398549405,1.9904468148367827,1.984753371072801,1.9870593604619424,2.0046363575428354,2.0178125885544396,6.78955078125,1.991416465733927,-14.91428745174077,,2.001811674893085,2.2550862771883065,2.4169431432857214
11.68,0.006239463115180112,1.633560796905566,6.790487474613268,1.992466488917151,1.99223505740753,2.008504059094541,2.0645529527728255,2.017883022431862,6.8115234375,2.041190675412078,-15.107403002118293,,2.0470906903483943,2.3431413505036853,2.239113435532466
11.69,0.0074286105341481185,1.7824423263574092,6.779648521089127,1.9933502761953343,1.9955789923870417,2.016119010522508,2.0707831107768992,2.0213709852544133,6.78955078125,-2.057087420773869,-14.794131396736391,,2.053099174800964,2.1728706841249603,1.0374363192889946
11.700000000000001,0.009352691475673493,2.000000000000032,6.766322714590944,1.9941953887758619,1.998572001355719,2.021945624625721,2.069946391153899,2.0277682972819764,6.78955078125,3.2284661940168693,-13.903469829687797,,2.0539973659093698,2.0464302662434104,1.4075513143712755
11.71,0.01127677241719815,2.1961100503411797,6.755714938899051,1.9929427072214407,1.9945889497888922,2.007349283060251,2.0071340614140967,2.03510998780499,6.74560546875,-2.4159289967836886,-12.330533153064044,,2.0090836197227313,1.7164333224363373,0.4105386897888433
11.72,0.012465919836166227,2.308999593506511,6.75255252992756,1.9928092854811323,1.9944059459505574,2.0047738344322847,1.9951322177760273,2.041062949324275,6.767578125,4.369427785493295,-9.919336894384545,,1.9997402632701737,1.7935988555215236,2.3659799088835576
11.73,0.012465919836166168,2.3089995935065053,6.757401230922141,1.9916681609500664,1.9909527076062319,1.9930622626034264,1.96006543256985,2.04345847739107,6.74560546875,-2.790370635608741,-6.154709017838268,,1.9718988475968475,1.730673011162453,2.1123513797510607
11.74,0.011276772417197992,2.196110050341164,6.768240480187876,1.9906112408253882,1.9879342952630323,1.983623229042185,1.9393556366339393,2.040467451653714,6.74560546875,3.184227360847636,4.934976611005682,,1.9547345287325437,1.7909288111543051,2.213254234863152
11.75,0.009352691475673297,2.000000000000011,6.781566348525955,1.9906667949635555,1.9886539706414808,1.9857983819401925,1.9578630767633993,2.0322946768246624,6.767578125,2.8029490827416503,9.204727747697946,,1.967793728066009,1.9976701864146147,2.513445136700064
11.76,0.0074286105341485635,1.7824423263574625,6.792173850766165,1.992798612875968,1.9960122044617916,2.006845848200233,2.0302681797960203,2.0212963659719634,6.8115234375,2.7325231643387524,11.867601434020113,,2.0213355366984986,2.2772753787202626,2.7824346474647763
11.77,0.006239463115180281,1.6335607969055883,6.795336039854938,1.9948159995411248,2.0025600658630758,2.023679305233458,2.0756996909204175,2.0105647239578444,6.8115234375,-2.3016171329670776,13.81418269172322,,2.0550581672551025,2.289205051396529,1.9150189469184897
11.78,0.00623946311518009,1.6335607969055632,6.790487474613266,1.9967220961831105,2.0083491240774625,2.036837961917517,2.1011244087270087,2.002603804628561,6.8115234375,2.471045177521707,15.264946504577084,,2.074142708151107,2.2092898305543476,1.3286262352642482
11.790000000000001,0.007428610534148363,1.7824423263574385,6.779648521089125,1.9974930932240347,2.0101381527572193,2.037448263410944,2.0824429664068203,1.998521376693015,6.78955078125,-0.9238964732365036,16.299628898962208,,2.0617758897396534,1.9927166685222983,0.6465276669083927
11.8,0.009352691475673422,2.0000000000000244,6.766322714590942,1.9992499442717533,2.014953421674543,2.0466288436992963,2.093122270597016,1.9985225648557332,6.8115234375,3.632967856757165,16.940113501631142,,2.0709060300891236,2.0070686021473487,2.1240029014535358
11.81,0.011276772417198095,2.1961100503411743,6.755714938899051,1.9998777663125342,2.015847419395635,2.04369043691482,2.063836617620994,2.0018432768170027,6.78955078125,-2.608353075533419,17.17575667422862,,2.0522536084408687,1.8659535877339783,1.7856302191083964
11.82,0.012465919836166206,2.3089995935065093,6.752552529927561,1.9994439422495542,2.013246198049419,2.030818110704353,2.0138337738659526,2.006417728465686,6.767578125,2.4376874959982135,16.973229002573937,,2.01565208438193,1.7177088512907452,1.6053653835898507
11.83,0.01246591983616619,2.3089995935065075,6.757401230922142,1.9980120770234946,2.00753424273516,2.0100858627784466,1.9570374557230947,2.009945478631246,6.74560546875,1.953647713233016,16.280284284507403,,1.9684272671520215,1.6158427604455785,1.6649455014845145
11.84,0.011276772417198048,2.19611005034117,6.7682404801878775,1.9976954940727756,2.0057036791632625,2.002897609617129,1.9523187780673361,2.0110739018830173,6.767578125,3.4790219597853063,15.033712187555928,,1.9604753997099051,1.8441964527505033,2.550061358144656
11.85,0.009352691475673369,2.0000000000000187,6.781566348525957,1.9984286747246054,2.007350866881965,2.0066925790842998,1.979944111367914,2.010089099578329,6.78955078125,1.4323558815102784,13.185259813977622,,1.9795392564677494,2.091004465756041,2.7065240435226587
11.86,0.007428610534148619,1.7824423263574691,6.792173850766169,1.9991218185529578,2.0087682040555084,2.0096127380531614,1.9996407844698219,2.007627658117206,6.78955078125,0.23999645855927304,10.672318023002486,,1.9934045990120897,2.1639220338834644,2.1528787863576513
11.870000000000001,0.006239463115180189,1.633560796905576,6.795336039854942,1.9977258124134902,2.003350069984238,1.9930144585380742,1.9580196242655519,2.003929764551948,6.74560546875,-1.928893568882249,7.1758422615817254,,1.9593825383650898,1.9463186036256206,-0.4271350026526469
11.88,0.006239463115180182,1.6335607969055754,6.790487474613271,2.000517588534137,2.0117504881976913,2.017142072844371,2.043127872311071,2.0005659954109754,6.83349609375,5.6631539403178675,-3.087399276250156,,2.025594404461664,2.3327227066535987,2.993703345523861
11.89,0.007428610534148306,1.7824423263574316,6.779648521089132,2.002117041377663,2.015828400370743,2.0270014203794102,2.070635598450803,1.9998623138511116,6.8115234375,-4.941990850164472,-8.163659999020597,,2.046327196534361,2.2494488276090983,1.9287454201629435
11.9,0.009352691475673351,2.000000000000017,6.76632271459095,2.0025948028286074,2.0160581013533445,2.0252805664552893,2.056998396851796,2.001930488339961,6.78955078125,2.995546295746564,-10.8604454836749,,2.03641579084705,2.0322919249444444,0.9221665964053177
11.91,0.011276772417198036,2.1961100503411686,6.755714938899059,2.0020174184917705,2.0128611107228886,2.014084042546637,2.0145165196677643,2.005349290036233,6.767578125,2.1692093848911305,-12.718468602400945,,2.006434674421308,1.8048447740746008,0.9998400179199576
11.92,0.012465919836166184,2.308999593506507,6.752552529927569,2.001471403724486,2.0099313656101527,2.0046533648749327,1.9854903616629458,2.008402245578021,6.767578125,2.7278998146543443,-14.012802809500352,,1.9859774497504892,1.7626592110593575,2.0078415231637683
11.93,0.012465919836166212,2.3089995935065093,6.757401230922151,2.000955906384765,2.007260730623695,1.9968775859578562,1.9676158031488153,2.0096340776649813,6.767578125,1.7698461755036299,-14.829974697622642,,1.9731915236120108,1.8012167646113606,2.335875719857979
11.94,0.011276772417198107,2.1961100503411752,6.768240480187886,2.0004700657352728,2.00483983227423,1.9906149140364222,1.9578719298640521,2.0079925527514018,6.767578125,2.0406977911402864,-15.186270276348775,,1.9662407710618528,1.8653319021123151,2.309607936340783
11.950000000000001,0.009352691475673067,1.9999999999999867,6.781566348525968,2.0000130133507588,2.0026580344013274,1.9857089517735984,1.9540133819359953,2.003187496248469,6.767578125,2.011470580956327,-15.056950502004785,,1.9635062044573839,1.9272781808923463,2.1732538594093636
11.96,0.007428610534148376,1.78244232635744,6.792173850766178,2.0006079994383845,2.0040234292475114,1.9915497881190622,1.9837575882538612,1.996165236659191,6.78955078125,3.0991040078301246,-14.383970502886719,,1.985509501556163,2.084070429594531,2.4168415689992075
11.97,0.00623946311518021,1.6335607969055788,6.795336039854952,2.002190772884934,2.008526423415384,2.0059796190199872,2.033362574811108,1.9889284564083782,6.8115234375,1.9958262558664897,-13.075376164990308,,2.022221674765035,2.2157807234066094,2.4063562609743476
11.98,0.006239463115180161,1.6335607969055725,6.79048747461328,2.0026530813401933,2.009170542007404,2.0081308459226026,2.0360276196854494,1.9833985094418596,6.78955078125,-2.1875931765084498,-11.0052725869861,,2.0238665915519545,2.0949110502122297,1.3613922600588466
11.99,0.007428610534148249,1.7824423263574247,6.779648521089139,2.0041065348519687,2.012991698892144,2.0191935771253746,2.0638645704590313,1.9812125784252503,6.8115234375,3.8766512334892367,-7.892934775797523,,2.0448166935494814,2.137515749993491,1.9956564865021071
12.0,0.009352691475672909,1.9999999999999698,6.766322714590957,2.0044448176809992,2.0130121081706664,2.0184176047772344,2.050545327761109,1.9833651044597311,6.78955078125,-2.624979975644323,-0.21198863370613952,,2.035259939248461,1.9963314143380766,1.440118583135596
12.01,0.011276772417197978,2.196110050341163,6.755714938899065,2.0057777500158243,2.016250755897419,2.0268904253680584,2.066980133604646,1.9896694664440238,6.8115234375,3.8285905717102082,7.841706010023754,,2.0482473841737723,2.0588522791918837,2.251877527746334
12.02,0.012465919836166161,2.308999593506505,6.752552529927575,2.0039567101684463,2.0091313110916302,2.0048791070871155,1.9861169312492177,1.9983559970647478,6.74560546875,-3.9216332440535564,10.934813981454006,,1.9905279272172662,1.6967471708251778,-0.43287152565005615
12.030000000000001,0.012465919836166118,2.308999593506501,6.757401230922156,2.003259040541235,2.006039315818671,1.9963235187096364,1.9628429242914602,2.0067611285976774,6.767578125,5.052894985477435,13.122598496405406,,1.9737714272867328,1.805324560116382,2.293449399109433
12.040000000000001,0.011276772417197862,2.1961100503411517,6.768240480187891,2.0015741799142828,1.9999312952459316,1.9798171827163273,1.9206656185804925,2.0128544864429982,6.74560546875,-2.943402398886483,14.754074312954314,,1.9421519477970044,1.7824082134052817,2.100160166567093
12.05,0.009352691475673136,1.999999999999994,6.78156634852597,2.001010560281485,1.997821635122568,1.9764216047277485,1.9278901912144362,2.0155994394685735,6.767578125,3.7720038276938768,15.946908721848263,,1.9464964105869917,1.983249940871578,2.566346397400522
12.06,0.0074286105341484325,1.7824423263574467,6.792173850766179,2.0004795789981515,1.9959655572316963,1.9741480049799376,1.938008748796854,2.0155649727208194,6.767578125,-1.3505283434285877,16.741462657656708,,1.9525169738301702,2.0700577597287007,2.229447789735877
12.07,0.006239463115180232,1.6335607969055819,6.795336039854951,2.0020287986780536,2.0009982837670504,1.9921743624038761,2.0082168468687547,2.0143545629448085,6.8115234375,3.666648253906893,17.140271884313513,,2.0027051412416332,2.300688222683726,2.6397138234185107
12.08,0.006239463115180139,1.6335607969055697,6.790487474613278,2.0034827911246684,2.0054661009553256,2.006871275070163,2.0501061316122655,2.0136101939243933,6.8115234375,-2.563032263912446,17.119625413275248,,2.0353074024913025,2.2933131451660174,1.9217844733201301
12.09,0.007428610534148191,1.7824423263574178,6.779648521089137,2.002798950411573,2.00278539289424,1.999550707284846,2.018169459456039,2.013362259342028,6.767578125,-1.7111141446329217,16.635310156079658,,2.012312487305289,1.9889882740211726,-1.0172530192262135
12.1,0.009352691475672838,1.999999999999962,6.766322714590954,2.0031751525491934,2.0037036371197954,2.0031753962404526,2.0234537003093473,2.0129218413871532,6.78955078125,4.382818047877097,15.6286342821558,,2.0175485288828368,1.986400483201059,1.9376940497997055
12.11,0.011276772417197921,2.1961100503411575,6.755714938899062,2.002501228184546,2.0011900411205974,1.996568386476008,1.998074712258882,2.011681165459942,6.767578125,-2.8600726273765917,14.042061355486691,,1.998706682529438,1.8517806052625805,1.80075643843888
12.120000000000001,0.012465919836166257,2.3089995935065137,6.752552529927568,2.002887590640951,2.00226918782002,2.000788248207949,2.0086098659650897,2.009015823410035,6.78955078125,3.8330765461886793,11.82888985332199,,2.0078046989964875,1.9581612836970435,2.481615181978212
12.13,0.01246591983616614,2.308999593506503,6.757401230922149,2.002223569813362,1.999906127353725,1.994733519227205,1.9874474007353486,2.0044826704572984,6.767578125,-2.537405892729534,8.838946401027059,,1.9920323888877287,1.8744496342707475,1.8749797988022006
12.14,0.01127677241719792,2.196110050341157,6.768240480187883,2.0015960561141477,1.9978093347412476,1.9899141986124727,1.973349599074064,1.9978565075843986,6.767578125,3.1781830968062503,4.038754625904344,,1.9819488577461886,1.8818434392384136,1.9554925268122114
12.15,0.009352691475673209,2.0000000000000018,6.781566348525961,2.0030521353588004,2.0026048243615326,2.0052134685939267,2.0227679539989616,1.9904149857154712,6.8115234375,3.487963178174465,-6.520502255311299,,2.0194468218016124,2.1364913632458955,2.6962574531248733
12.16,0.007428610534148491,1.7824423263574538,6.79217385076617,2.004416958200287,2.0068552703006777,2.017524668079362,2.055337635749773,1.9842526252018644,6.8115234375,-2.603818498205853,-9.811015757641927,,2.0431401813216734,2.168921844117072,2.100342156379515
12.17,0.006239463115180253,1.6335607969055845,6.795336039854942,2.004671132665705,2.0072900813379295,2.017795948403743,2.045801396834462,1.9805763163158674,6.78955078125,1.3256817771116087,-11.964929410154816,,2.035439525014224,2.025089950682673,1.0599733393552526
12.18,0.006239463115180118,1.633560796905567,6.79048747461327,2.005925730999707,2.0109445967310133,2.0271235315279466,2.0655228667293017,1.9799020166366195,6.8115234375,3.696746666233016,-13.473201016107863,,2.049615851455903,2.0814091991548964,2.0119066593295667
12.19,0.007428610534148134,1.782442326357411,6.779648521089129,2.0050519372807805,2.0075224057366525,2.015331570339118,2.0159185865672025,1.9817248402054821,6.767578125,-3.397983090832425,-14.477800609063687,,2.0141827200895532,1.8424475326969827,0.9190218882843928
12.200000000000001,0.009352691475673141,1.9999999999999947,6.766322714590945,2.00422201538201,2.0044311934708614,2.005395292547948,1.9817120733908513,1.9847310235992621,6.767578125,3.9927974312283845,-15.019269070771557,,1.9896229973859147,1.8126026837555007,1.9061780518787346
12.21,0.011276772417198164,2.196110050341181,6.755714938899053,2.00445830181139,2.004974741422172,2.006767492885132,1.9898858907755064,1.9883303136107013,6.78955078125,2.580066173624327,-15.08744556480866,,1.9956729675448808,1.975505398644596,2.6194791966265702
12.22,0.012465919836166234,2.3089995935065115,6.752552529927559,2.004674236245084,2.005435759816746,2.0077798643728584,1.9960825238664568,1.991927295834631,6.78955078125,-1.2187438560877932,-14.636640502697864,,2.0001967976227806,2.0314151614666964,2.3529704983908406
12.23,0.012465919836166161,2.308999593506505,6.75740123092214,2.0028237640778856,1.9991801066495156,1.9893930767580899,1.9431591244770046,1.9937740435321816,6.74560546875,-1.879366769815091,-13.588907334803489,,1.9598014002500421,1.8124531182846766,0.9677711210097536
12.24,0.011276772417197975,2.196110050341163,6.768240480187875,2.001078060639037,1.993611294025767,1.9745613226938252,1.9093759383536462,1.9920817446776222,6.74560546875,3.808431033501388,-11.832424679817352,,1.934681018418301,1.8091049217113557,1.7782908456010533
12.25,0.009352691475673278,2.0000000000000093,6.7815663485259545,2.0014847302060046,1.9953682862944742,1.9822697645312997,1.9531323151011588,1.987405331807622,6.78955078125,3.2705236780432014,-9.179030726814895,,1.9659359277293789,2.1009874560818536,2.8232047837846563
12.26,0.007428610534148547,1.7824423263574605,6.792173850766164,2.00186637888821,1.9969699494793243,1.9889028250551641,1.985389916720161,1.9816652288407162,6.78955078125,-2.589044561086551,-4.801468245489134,,1.9884817904130887,2.1652029330145677,2.321100500833555
12.27,0.006239463115180276,1.6335607969055876,6.795336039854937,2.0022238173507314,1.9984230127625346,1.9945234320727205,2.006697400913434,1.976756547157094,6.78955078125,2.507113281653905,6.229651618921266,,2.0039072268878564,2.151507555421225,1.8269303653488822
12.280000000000001,0.0062394631151802115,1.6335607969055792,6.790487474613265,2.003581703005028,2.0030570759010415,2.0087375250458295,2.0477774625431993,1.9749720735676846,6.8115234375,2.976971241029336,9.904555880160855,,2.0351068027229196,2.2153074189358395,2.1083036723120077
12.290000000000001,0.007428610534148379,1.7824423263574403,6.779648521089124,2.004853682036993,2.007161132084207,2.02005817578655,2.0717839799144677,1.9780855688149275,6.8115234375,-1.0955039242632405,12.352967313481997,,2.053731347977323,2.1714120326177144,1.8666984631677341
12.3,0.00935269147567307,1.999999999999987,6.766322714590942,2.0039970060092243,2.0041448450971924,2.009979804190857,2.027640530972498,1.9854550277384326,6.767578125,-1.9659081703642376,14.159674335884882,,2.0208979688598734,1.8713334252432936,0.3040838797052002
12.31,0.011276772417198109,2.1961100503411757,6.755714938899051,2.0031854880511895,2.0014392049193965,2.001579765410364,1.9956059240663069,1.9949479494027589,6.767578125,3.8217398494620856,15.49524082246137,,1.9975752740408763,1.7928859114211007,1.812862990418874
12.32,0.012465919836166212,2.3089995935065093,6.752552529927561,2.0013935368402453,1.995699584401739,1.9851542883020041,1.9453809003675822,2.004190448333379,6.74560546875,-1.591309665867131,16.42173173533889,,1.9602944339979491,1.6856200304653903,1.9187987276004879
12.33,0.012465919836166182,2.3089995935065066,6.757401230922143,1.9997058164973252,1.9906146227516268,1.97200447813721,1.9145020838766262,2.010818720559274,6.74560546875,3.030183948652917,16.952556996868996,,1.9374025415534077,1.748043287456057,2.307573175903962
12.34,0.011276772417198034,2.196110050341168,6.768240480187878,1.9991455011093329,1.9894921414752684,1.9714869507462927,1.9295246549032818,2.01385766205668,6.767578125,2.7719884429599664,17.070679928357578,,1.9479407030639804,1.9750038213444667,2.6541259524813263
12.35,0.00935269147567335,2.000000000000017,6.781566348525959,1.9986218053286087,1.9885687269581032,1.9716494587611584,1.9446676805366856,2.013423380040451,6.767578125,-1.0984817291998132,16.736907558525697,,1.957930259462809,2.067722825757268,2.2288841732415268
12.36,0.007428610534148605,1.7824423263574674,6.792173850766171,1.9981335014368842,1.987828336481343,1.972365554574709,1.9581939337585308,2.0099035621682653,6.767578125,2.2543099617199043,15.895035410497405,,1.9667991553869497,2.0958822924668064,1.8733328497738948
12.370000000000001,0.006239463115180182,1.6335607969055754,6.795336039854945,1.9976793610432735,1.9872554628488979,1.9735157821243114,1.9693107205526048,2.004216793685232,6.767578125,1.974741356027675,14.483915258908732,,1.9743066324378071,2.092218490206753,1.7883440090388172
12.38,0.006239463115180189,1.633560796905576,6.790487474613274,1.999310752108754,1.9935296351351155,1.9943871801961033,2.03400011968172,1.9984034315694112,6.8115234375,3.8666460894143513,12.457042889295167,,2.023550055177977,2.2808248060289587,2.5853753082421975
12.39,0.0074286105341483215,1.7824423263574334,6.779648521089134,2.000847386063,1.9991442028005104,2.0112027735541362,2.072889912373485,1.9948382894260777,6.8115234375,-2.3643514937354886,9.717963432512935,,2.0543091172292463,2.257696223976825,2.032819400050609
12.4,0.009352691475672999,1.9999999999999793,6.7663227145909515,2.0012676978355937,2.0008095413637816,2.0149861383735708,2.067227134224788,1.9941534388570434,6.78955078125,1.099786835799725,5.7046859285453735,,2.0505293381227014,2.0575126506131283,1.068627716519901
12.41,0.011276772417198053,2.1961100503411703,6.755714938899062,1.9996124204511665,1.9956284593006726,1.998801643770303,2.00178964934557,1.9951242579543047,6.74560546875,0.7313439230718611,-5.204965662879054,,2.0024724638337603,1.7028189221544536,-0.794844049430219
12.42,0.01246591983616619,2.3089995935065075,6.752552529927572,2.0001082947025677,1.997717381497765,2.004656042599203,2.0158327914168086,1.99679726954826,6.78955078125,4.692799369758574,-9.063436508772158,,2.01293748255609,1.8998804573557724,2.639481178356006
12.43,0.012465919836166205,2.308999593506509,6.757401230922154,1.99955095426547,1.9962643437999947,1.9998665254067203,1.9959783591430191,1.9987201944252881,6.767578125,-3.6653978130496103,-11.43644678880556,,1.9979017675390494,1.844862762683428,2.2136076929268786
12.44,0.01127677241719809,2.196110050341174,6.768240480187889,1.9980030057344929,1.9916653727918632,1.9864901417488552,1.9547729332129082,1.999825661667158,6.74560546875,2.643854729496235,-13.089337987925159,,1.9662044880710952,1.7416633791864065,1.7725050783884124
12.450000000000001,0.009352691475673048,1.9999999999999845,6.781566348525969,1.998604351742928,1.994301240596578,1.9948393019480724,1.9864497145757771,1.9999603571085287,6.78955078125,4.166817728978358,-14.213337311019922,,1.9905579655417054,2.02487613739689,2.7274674591205903
12.46,0.00742861053414836,1.782442326357438,6.79217385076618,1.9981481283377425,1.9933535790313075,1.9922511114614634,1.9803281871260607,1.9997481944536197,6.767578125,-3.564732744201814,-14.866778267142447,,1.9856277870047474,1.9914885608176647,1.8377131829854494
12.47,0.006239463115180203,1.633560796905578,6.795336039854954,1.998750223738802,1.9958898462006798,1.9997846969254152,2.006128649373937,1.9998579934702607,6.78955078125,4.004132130702132,-15.04902838321916,,2.004686483312503,2.1023533864623687,2.1609719368071936
12.48,0.006239463115180168,1.6335607969055734,6.790487474613282,1.9993204432281018,1.9981744940753459,2.00591849889221,2.023383038486375,2.0012506140982738,6.78955078125,-1.435799782508009,-14.721742085034267,,2.0170129738780354,2.110806850612821,1.9315813744948627
12.49,0.007428610534148264,1.7824423263574265,6.779648521089141,1.9998596316477513,2.000220791019697,2.0108016560426267,2.0338653268339653,2.004311626032072,6.78955078125,2.1223562458602427,-13.8126239429986,,2.0242429454046644,2.0873699256132707,1.8609204118335234
12.5,0.00935269147567293,1.999999999999972,6.766322714590959,1.9993431824977472,1.9987211356426084,2.0051219235703304,2.0102478034014584,2.0084090725629924,6.767578125,-1.0781836486106442,-12.214497393276885,,2.0063737557275534,1.9467776821138003,1.4183611336952366
12.51,0.011276772417197994,2.1961100503411646,6.755714938899067,1.998860049560984,1.9973978581235692,2.000384007037227,1.9932251741503824,2.0121269393500514,6.767578125,2.901983544239208,-9.763946477663948,,1.9940689786255335,1.919148243387307,1.9077588890282857
12.52,0.01246591983616617,2.3089995935065057,6.752552529927577,1.9973826651578295,1.9929100876055,1.9869489616464013,1.9522048089616333,2.0137671528025702,6.74560546875,-1.136396638584498,-5.8950096674943815,,1.9643963603248784,1.8115342188142267,1.7147395971286492
12.530000000000001,0.012465919836166111,2.3089995935065004,6.757401230922157,1.9970253350660987,1.992293311937225,1.9858057053280704,1.9566726940571657,2.012166633842036,6.767578125,3.6967749272085144,5.239016814764515,,1.9684136625222302,1.953501830944612,2.4531698799532253
12.540000000000001,0.011276772417197847,2.19611005034115,6.768240480187892,1.996696051654577,1.9917969530662798,1.985152478396182,1.9624863570448015,2.0073099900852673,6.767578125,-1.5392779513492636,9.365415004940665,,1.972845926237632,2.0085556860112357,2.2676968388453433
12.55,0.009352691475673119,1.9999999999999922,6.7815663485259705,1.9963937101856175,1.9914107362220606,1.984912513718937,1.968818320614912,1.9999022700188092,6.767578125,2.2000153127842617,11.985751586719479,,1.9771784906474141,2.0259807986377925,2.048660108414788
12.56,0.007428610534148418,1.782442326357445,6.79217385076618,1.998171064086235,1.9977899871799192,2.004195929347946,2.033648195391557,1.9919054075511424,6.8115234375,3.8236061601674773,13.908172085520716,,2.0242329233850525,2.2370220079885486,2.6502597942000414
12.57,0.006239463115180226,1.633560796905581,6.795336039854952,1.9988205631769185,2.0001462682575655,2.010180719919188,2.045612479123882,1.9857194293548992,6.78955078125,-3.2040398589765045,15.34147325176309,,2.0324994719075895,2.127080474435261,1.583771654890267
12.58,0.006239463115180145,1.6335607969055705,6.790487474613279,2.0004603909214653,2.0055591743100734,2.0243058848141984,2.0790021375797303,1.9832036971627933,6.8115234375,3.986014083799182,16.361775281312674,,2.0571926380227326,2.1558097998978853,1.9982997218458378
12.59,0.007428610534148207,1.7824423263574196,6.779648521089138,2.0009775869502833,2.0070208133086602,2.025851678335509,2.068123728419086,1.9850078148119439,6.78955078125,-2.5577773681004996,16.98918655512188,,2.049484151793927,1.9961067448777372,1.3513179316221502
12.6,0.009352691475672859,1.9999999999999643,6.766322714590955,2.0004385923079036,2.0049651731666076,2.017135382194668,2.0268756973829736,1.9898572870989575,6.767578125,2.367516229455952,17.21205396222304,,2.0204136468061047,1.8114274189182604,1.272151213276967
12.61,0.011276772417197937,2.196110050341159,6.755714938899062,1.9999319579479458,2.003104433311458,2.009687475025194,1.9983461413009573,1.9959735422559668,6.767578125,2.884559662855792,16.996388598810277,,1.99981326459061,1.7961889966340518,2.033248344712325
12.620000000000001,0.012465919836166262,2.308999593506514,6.752552529927569,1.9984307265494103,1.9981057286058315,1.9938570873486208,1.9515652270176225,2.0014002984169283,6.74560546875,-1.304797724268839,16.289597795196286,,1.964357688037868,1.7189257557899222,1.9057082303079653
12.63,0.012465919836166134,2.308999593506502,6.757401230922149,1.998048280761803,1.9969927629870563,1.9906901664217083,1.952462766575212,2.0044378925607385,6.767578125,3.7291032073130617,15.029201113586735,,1.9646024794825399,1.9103494376866699,2.5400232132771747
12.64,0.011276772417197902,2.1961100503411557,6.768240480187884,1.9966664048602683,1.9926911549152584,1.9786940945467475,1.9270830021561403,2.004020753253012,6.74560546875,-2.6123810452647764,13.168710988919258,,1.9447910443318543,1.8902909700692578,1.9004426545815867
12.65,0.009352691475673188,1.9999999999999996,6.7815663485259625,1.996400349320214,1.9922433662095826,1.97897368297262,1.9443963836178761,2.0000256392313807,6.767578125,3.8363690109219912,10.646447779253336,,1.9567024524010979,2.0501978978778124,2.3225404195818653
12.66,0.007428610534148474,1.7824423263574518,6.792173850766172,1.9971848768291736,1.995231229679888,1.9892296400186416,1.9893829963021767,1.9937850606378584,6.78955078125,1.4902987498414775,7.139869308322271,,1.9887565839018089,2.2011266216577177,2.4177542462551975
12.67,0.006239463115180247,1.6335607969055839,6.795336039854944,1.9969021174228663,1.9945889899866742,1.9881727368389766,1.9898304954985724,1.9867549227696815,6.767578125,-2.1655257363841174,-3.1485448533110127,,1.9887333330370718,2.0958722276920247,1.456760999905455
12.68,0.006239463115180124,1.6335607969055677,6.790487474613271,1.9986961075657352,2.000711155221525,2.0066359008770096,2.046528510086964,1.9808046442151739,6.8115234375,4.424189372959261,-8.174118565638718,,2.0320109806379087,2.251433579050407,2.413731628088414
12.69,0.00742861053414815,1.782442326357413,6.77964852108913,1.9993602021845356,2.002823659518764,2.0119421231996912,2.053558820398559,1.977830769410239,6.78955078125,-3.5290128600855137,-10.85561927350487,,2.0374831748128837,2.1194682654360384,1.5155503296237163
12.700000000000001,0.009352691475673159,1.9999999999999964,6.766322714590947,1.9999869269051809,2.0046849388933867,2.0160183074035904,2.055021092203317,1.9783164730634988,6.78955078125,3.3604605861631502,-12.700896847215397,,2.0389843211594725,2.031204380407457,1.6376389651975651
12.71,0.011276772417198181,2.196110050341183,6.755714938899054,1.9995519478205548,2.002995085010198,2.009581171493539,2.023970552332292,1.9815456341815818,6.767578125,-0.9513305029839689,-13.982238963460683,,2.016619527695943,1.8617810726548771,1.3645359555473928
12.72,0.012465919836166241,2.3089995935065124,6.752552529927563,1.9981183585504274,1.9981483759594554,1.9946303006167612,1.972181566075471,1.9859309111838095,6.74560546875,2.1226697070829417,-14.784811991312287,,1.9790709933563746,1.7090306870512353,1.488942589305637
12.73,0.012465919836166154,2.3089995935065044,6.7574012309221425,1.997800019121804,1.997169862276167,1.9920634284371164,1.9684454226185963,1.9902219935726324,6.767578125,3.5430123554667317,-15.123573651182086,,1.976873034707989,1.8679974959932832,2.51135391759428
12.74,0.011276772417197961,2.196110050341161,6.7682404801878775,1.996478495955999,1.9929860864226294,1.9805487869475333,1.9386777328966256,1.9936181165396238,6.74560546875,-2.6480760158028303,-14.972472465961939,,1.9548599668104065,1.8356299007041545,2.042917365679924
12.75,0.009352691475673258,2.000000000000007,6.781566348525958,1.996269383105716,1.9926402671076466,1.981130978747458,1.9519561873818654,1.99589913752893,6.767578125,3.863179414260171,-14.271522604681763,,1.96462272529503,2.002995033869074,2.45149911034878
12.76,0.007428610534148532,1.7824423263574587,6.792173850766168,1.996080271828651,1.9923809652277904,1.9819747637832514,1.9640838950034765,1.997829311215256,6.767578125,-1.499249030787732,-12.925709272453147,,1.9730010772153623,2.061163173926475,2.13571380584392
12.77,0.00623946311518027,1.6335607969055868,6.7953360398549405,1.9969375551652728,1.9955349585767816,1.9926217879663084,2.0037044063779548,2.0006223545153463,6.78955078125,3.0145638274226534,-10.803062896643926,,2.0015471934672853,2.177076159271676,2.2898958903830335
12.780000000000001,0.006239463115180217,1.6335607969055799,6.790487474613268,1.997750023151552,1.998367308358089,2.0013849323704727,2.0291527255410413,2.0054616628609514,6.78955078125,-1.0419619984390087,-7.590480291185432,,2.020105380747509,2.167913249671416,1.9161896182938318
12.790000000000001,0.007428610534148394,1.782442326357442,6.779648521089127,1.997492340364475,1.9975691748562263,1.99892483458489,2.016061905989948,2.01243604375509,6.767578125,0.6539576091609492,2.168187190807508,,2.0097844261744067,2.0105090559499503,1.2356348371391601
12.8,0.00935269147567309,1.999999999999989,6.766322714590944,1.9972551316385896,1.9968746190435502,1.9969422924491442,2.0061187181186746,2.0206434033735006,6.767578125,3.0242435905588025,8.133952560796105,,2.0022204212067654,1.9542016582848496,1.7859382362856442
12.81,0.011276772417197824,2.1961100503411477,6.755714938899054,1.9960103193096763,1.9929431995071445,1.9858209143512326,1.970132226971277,2.02863997368716,6.74560546875,-1.227247021905853,11.138760064369611,,1.9752938395131001,1.8254530752723555,1.65817590476978
12.82,0.012465919836166217,2.30899959350651,6.752552529927565,1.9958742774204268,1.9928225823998638,1.9865977525848417,1.975927758142556,2.034937791121177,6.767578125,3.7079980364786067,13.284054998627134,,1.9803651010790027,1.9521619091948026,2.460851647017456
12.83,0.012465919836166179,2.3089995935065066,6.757401230922147,1.9947263784484506,1.9894216405146654,1.9778775524631365,1.9518989318104267,2.0381967583558183,6.74560546875,-2.605749181664475,14.887695452387634,,1.9629288953609938,1.8837763281738238,1.9135315348845177
12.84,0.011276772417198017,2.196110050341167,6.768240480187882,1.9936559461521626,1.9864572403402316,1.9711632629852065,1.937996544017833,2.037356139954023,6.74560546875,3.210340540813984,16.05911166532319,,1.9531104678256832,1.8985841533610956,2.0023372009603273
12.85,0.009352691475673329,2.0000000000000147,6.781566348525962,1.994717950903806,1.9905968710273656,1.985586268679619,1.9928441197495368,2.033117217792424,6.78955078125,3.48010840982452,16.835261112598985,,1.9927480716247694,2.15227943815594,2.7174227096888877
12.86,0.007428610534148589,1.7824423263574654,6.792173850766174,1.9957264529682686,1.9943337416914708,1.9975256374311823,2.029270832830589,2.0270779013313858,6.78955078125,-2.6079008334851004,17.216735581686365,,2.018998163158018,2.181720723948995,2.108086522270648
12.870000000000001,0.006239463115180176,1.6335607969055745,6.795336039854948,1.9966827541749181,1.99768774237941,2.0071990028702693,2.051171683269545,2.020453163610864,6.78955078125,2.4836075859813973,17.178879854118055,,2.0350837291932433,2.1405302525840475,1.6448033199336303
12.88,0.006239463115180195,1.633560796905577,6.790487474613276,1.9975881793915011,2.0006794314605827,2.014855584373544,2.0625052034086053,2.014226585439485,6.78955078125,2.0176002070188264,16.67706040228945,,2.0437084270134394,2.0816083189653183,1.619644844458131
12.89,0.007428610534148337,1.7824423263574354,6.779648521089137,1.998444081482908,2.0033300395580897,2.020749292636276,2.0660602818771467,2.0089995351453065,6.78955078125,1.9237955078513576,15.652457073546504,,2.0470373905421755,2.0294083407082404,1.7887658241973627
12.9,0.009352691475673018,1.9999999999999813,6.766322714590954,1.9992518394437424,2.0056610787620155,2.0251162386756487,2.063971290359466,2.0048346427008275,6.78955078125,2.0245436740829192,14.049421304448709,,2.046765804152644,1.9950059857897167,1.9292317696954737
12.91,0.011276772417197765,2.1961100503411424,6.755714938899064,1.9989870271283436,2.0043792010491046,2.0187272931090163,2.029227368724136,2.001099469671085,6.767578125,-1.2764879000547047,11.823509168290183,,2.0229756835515507,1.8624192436247635,1.5368126483018987
12.92,0.012465919836166196,2.308999593506508,6.7525525299275735,1.9987398351073666,2.003207789627055,2.0131392686678367,2.0050331783656783,1.9970246838731434,6.767578125,2.9510655738862024,8.82390397159608,,2.0058834103018617,1.8573985328297624,1.9581115604094652
12.93,0.0124659198361662,2.3089995935065084,6.757401230922155,1.9995356257385755,2.0054597146138886,2.0178237095135754,2.0174976950482546,1.992552459023819,6.78955078125,2.7721343066462825,4.004973645309638,,2.015858387320579,2.0088828516666792,2.4864466795960323
12.94,0.011276772417198076,2.1961100503411726,6.76824048018789,1.9992592923802075,2.0041108396692153,2.011796936926064,1.9972500557158175,1.9879264518912065,6.767578125,-2.362850501753858,-6.535793645019472,,2.0004360515329083,1.9369042709410604,1.7740518802086094
12.950000000000001,0.009352691475673027,1.9999999999999822,6.78156634852597,2.0000263553457964,2.006197314960292,2.016145259933678,2.01132131918957,1.9837387088592289,6.78955078125,3.8691537980762227,-9.814679487393642,,2.0117859025881786,2.0485614123411096,2.2486658026891533
12.96,0.007428610534148345,1.7824423263574363,6.792173850766181,2.0007476662624883,2.008011162745879,2.0193555821186266,2.0204199259250952,1.9813353037796748,6.78955078125,-1.5462101994021917,-11.960690302720943,,2.018872324679071,2.067794736625101,2.029645123691164
12.97,0.006239463115180198,1.6335607969055774,6.795336039854954,2.0024489886877372,2.0128763587908955,2.030988138569199,2.053440391600099,1.9822201455061574,6.8115234375,3.0247854911654453,-13.46138359585482,,2.04393827928466,2.1638307033265782,2.2972189017840794
12.98,0.006239463115180173,1.633560796905574,6.790487474613282,2.00302028877383,2.013815599349212,2.030442397981661,2.04524875197901,1.986971266116524,6.78955078125,-2.343925912952938,-14.457696434251199,,2.0372451456478857,2.040372600435464,1.5171875895515436
12.99,0.00742861053414828,1.7824423263574285,6.779648521089141,2.0025285029923308,2.0112578483150303,2.0199568108374377,2.007465876726415,1.9944365123672594,6.767578125,2.4313611509682014,-14.989658566371732,,2.009551273029662,1.8746461282330338,1.2057213999662713
13.0,0.009352691475672947,1.9999999999999738,6.766322714590958,2.002061317097636,2.008905901516034,2.01101645778629,1.9809976907993843,2.002838305048773,6.767578125,2.8468864574922934,-15.046553650770793,,1.9905585801292836,1.85736047005822,1.9320846721352447
13.01,0.011276772417197708,2.1961100503411366,6.755714938899066,2.000593464784163,2.003433876965246,1.993979283148695,1.9342614545935017,2.010194745679946,6.74560546875,-1.2766109019126934,-14.581914762732547,,1.9566208924144326,1.768692377058352,1.8215205049098655
13.02,0.012465919836166173,2.308999593506506,6.752552529927576,2.0002361287986647,2.001860258234927,1.9898388198161712,1.9367198914823471,2.0150711398528776,6.767578125,3.7282749367630257,-13.516478763719057,,1.9583985843565868,1.9366086044852606,2.5185799942702105
13.030000000000001,0.012465919836166106,2.3089995935064995,6.757401230922156,1.9998996768552542,2.000449155215964,1.9866965363784002,1.9427209169613757,2.0171706123831066,6.767578125,-1.5537439791938172,-11.73620472622686,,1.9620076165978193,2.011209690180956,2.2966752135034234
13.040000000000001,0.011276772417197831,2.1961100503411486,6.768240480187891,2.0006086655270985,2.0025163701540176,1.9939580180357068,1.9809815889759697,2.016774176466503,6.78955078125,3.0416289811276354,-9.044266299589845,,1.9882915954300027,2.1466374377754494,2.4037202246406966
13.05,0.009352691475673098,1.99999999999999,6.78156634852597,2.0002496724481085,2.0010187980671916,1.9904666692456636,1.9771472923251208,2.014076318135286,6.767578125,-2.355482428294721,-4.531040474239842,,1.9845413276026052,2.0454241544601435,1.4926687234531613
13.06,0.007428610534148401,1.782442326357443,6.792173850766179,1.9999116449080165,1.9996810593394865,1.9878221878564086,1.976026565988305,2.00911145065295,6.767578125,3.2120082866653994,6.4276529893622145,,1.9826772434396778,2.007851644272831,1.656751766105408
13.07,0.00623946311518022,1.6335607969055803,6.795336039854951,2.000619105001378,2.001816055736092,1.9954356422009336,2.0049620740866945,2.0030020449098416,6.78955078125,2.7518359620045043,10.026637845651493,,2.003861485550696,2.1052813691205823,2.2763907249616744
13.08,0.006239463115180151,1.6335607969055712,6.790487474613278,2.002307773008044,2.007016369761483,2.0111666186321124,2.0515055684765136,1.9979127397630287,6.8115234375,1.7750089287986592,12.446556034685463,,2.0388302202971134,2.208111837191337,2.4349839581698074
13.09,0.007428610534148223,1.7824423263574216,6.779648521089137,2.0038911277237563,2.0115897018019973,2.023694016768403,2.0801386002938855,1.9957644411946838,6.8115234375,0.439061301460403,14.236316818942907,,2.0596885774137705,2.1777841164079157,1.979671417711441
13.1,0.009352691475672878,1.9999999999999665,6.766322714590954,2.0043500315060885,2.0122811628682493,2.0240480101153704,2.0669104872375215,1.9966634512407044,6.78955078125,0.797466216299274,15.559521586889614,,2.0492742740066565,1.998633880549086,1.1964760999002721
13.11,0.011276772417197652,2.1961100503411313,6.755714938899062,2.003751024537536,2.009515849392584,2.014440461754832,2.0238358224367907,1.9989763048193232,6.767578125,2.131067542068324,16.475823265921655,,2.0183501724376773,1.8070005394870372,1.175280008198136
13.120000000000001,0.012465919836166267,2.3089995935065146,6.752552529927568,2.0021569697334987,2.003677193571208,1.9967626205948719,1.9640536192853535,2.000530635920606,6.74560546875,1.871098498127542,16.997549648924434,,1.974857706682744,1.6611670283730657,1.5796406141217665
13.13,0.012465919836166128,2.3089995935065017,6.757401230922149,2.001677358297274,2.0017710559583777,1.9919699298402826,1.9571832843603085,1.999861701445256,6.767578125,3.5088486382467905,17.107146922268235,,1.9689525790485831,1.8450824685109073,2.6143524291326234
13.14,0.011276772417197888,2.1961100503411544,6.768240480187883,2.0012234239720725,2.0000658087627703,1.9882422976046723,1.9556759133824522,1.9967601801096395,6.767578125,-1.5526272325918415,16.765141224412943,,1.9669190465148387,1.9529501678571202,2.484410874436608
13.15,0.009352691475673169,1.9999999999999976,6.781566348525962,2.0018191539632637,2.0018744404412816,1.9950333634797666,1.9865842251821213,1.9919355000046801,6.78955078125,3.0680906557450474,15.915501741138005,,1.989248926436154,2.123564083070277,2.5330813689211333
13.16,0.007428610534148459,1.78244232635745,6.792173850766171,2.0023765688219837,2.0034739785925635,2.0006492114193026,2.0077506112715735,1.986620109556937,6.78955078125,-1.091372589696912,14.497911908159082,,2.004573120138488,2.1526578676710018,2.004838086926982
13.17,0.006239463115180242,1.633560796905583,6.795336039854943,2.0028969753691417,2.0048777345374367,2.0052076376062207,2.0213376599979154,1.981945742682669,6.78955078125,2.2032410275689998,12.467248178723418,,2.014402761696907,2.131372545464162,1.703477074869635
13.18,0.006239463115180129,1.6335607969055683,6.79048747461327,2.0033816747464166,2.006098804929838,2.0088248848368497,2.029308561104253,1.9789324611905428,6.78955078125,1.9961172701023298,9.72862923994364,,2.020109627057875,2.094746160899947,1.7318614890168964
13.19,0.007428610534148165,1.7824423263574147,6.77964852108913,2.003831959674408,2.007149983092413,2.0116125652419954,2.0331055589572693,1.9783168744293544,6.78955078125,1.975506391023327,5.725663816013842,,2.022844828593896,2.059004712763995,1.8569685197550079
13.200000000000001,0.00935269147567318,1.9999999999999987,6.766322714590946,2.004249112038298,2.0080436988436228,2.0136754275240287,2.033794434146939,1.9802707175628484,6.78955078125,2.010797074484811,-5.173422603003759,,2.0235283151849415,2.031625561044851,1.9490978611212264
13.21,0.011276772417197895,2.196110050341155,6.755714938899054,2.003611131721796,2.005481002942636,2.0056369237984084,2.0033763751586813,1.9839745234542125,6.767578125,-1.2819964353002458,-9.03841768631982,,2.00142113444307,1.8999359971769585,1.5320564378921908
13.22,0.012465919836166245,2.3089995935065124,6.752552529927562,2.003004882007715,2.0031670921307883,1.998971864005032,1.9821111527256332,1.9878239581270631,6.767578125,2.952900905915736,-11.409521680604778,,1.9866143872265327,1.888148238492511,1.9496981931624247
13.23,0.012465919836166149,2.3089995935065035,6.757401230922142,2.0014052069778443,1.9977661571412575,1.9839817080729771,1.9388071114867225,1.9898339323125656,6.74560546875,-1.1386721708497733,-13.05817598895731,,1.9556283553114786,1.7943332548297057,1.7126720612095507
13.24,0.011276772417197944,2.1961100503411597,6.7682404801878775,1.9998973389352264,1.992967058638002,1.9720110979004182,1.912284556255666,1.9883826594310707,6.74560546875,3.036751580890396,-14.17629564242149,,1.937238516949435,1.8313649628458086,2.078431330648735
13.25,0.00935269147567324,2.000000000000005,6.781566348525957,1.999504654369366,1.992076038200308,1.9724688759672084,1.931139616866718,1.9837600463418303,6.767578125,2.7450335577665976,-14.822062528417167,,1.9507158963647653,2.01650752470293,2.5254506940815835
13.26,0.007428610534148517,1.782442326357457,6.792173850766167,2.0001623861469975,1.9946742544708107,1.9831024597024833,1.979547090763116,1.977904540257787,6.78955078125,1.8056795129709278,-14.994506855990336,,1.9842676820428329,2.1804996957699334,2.517611084143061
13.27,0.0062394631151802635,1.6335607969055859,6.79533603985494,2.0007813663679466,1.997023022724467,1.992060145306048,2.0107668384316733,1.973184377371441,6.78955078125,0.3740093437197209,-14.654526784846558,,2.0070799998286293,2.1870638946645022,1.9276657859826993
13.280000000000001,0.006239463115180223,1.6335607969055805,6.7904874746132675,2.002387212404242,2.0024579992124507,2.009035138080583,2.057060476515399,1.9720596835431359,6.8115234375,3.081086730430447,-13.728571891480327,,2.042818705355852,2.243048119639814,2.0601014952177517
13.290000000000001,0.00742861053414841,1.782442326357444,6.779648521089126,2.002869492174782,2.0039554896265654,2.0130218855006583,2.055991949154169,1.9758456835744387,6.78955078125,-2.4187311747857154,-12.107300490916016,,2.042892038628292,2.0786379432665654,1.226184658965582
13.3,0.009352691475673108,1.9999999999999911,6.766322714590944,2.0022947320199473,2.001947885566555,2.0065117693266825,2.023716233102757,1.9836262203863677,6.767578125,2.4504020954212837,-9.619917226528077,,2.01927084022311,1.8698388276252031,1.088059277066464
13.31,0.011276772417197838,2.1961100503411495,6.755714938899054,2.001750518251939,2.0001516380665323,2.001100596095268,2.00040744541616,1.9934582538563963,6.767578125,2.848135889767198,-5.647789163082416,,2.002345135041235,1.8215087759620323,1.9667487616007158
13.32,0.012465919836166224,2.3089995935065106,6.752552529927564,1.9991855578883746,1.9918923912202948,1.9775513386242651,1.9271501043400694,2.0025425722655052,6.7236328125,-2.461192510395875,5.50137437428612,,1.9471686122975966,1.5813916519716062,1.4053551546091105
13.33,0.012465919836166172,2.3089995935065057,6.757401230922146,1.9977986388909774,1.9879161817836808,1.968313937850113,1.9104307480123492,2.008253423021323,6.74560546875,4.401228828587208,9.509447069560967,,1.9350131004511373,1.772775428577213,2.534800343173346
13.34,0.011276772417198003,2.1961100503411655,6.768240480187881,1.996497815675452,1.984451801796889,1.961372725627171,1.9050021198494032,2.009803457480254,6.74560546875,-1.862098141330084,12.092529335099604,,1.9307103450929486,1.9139338138812385,2.470375995351053
13.35,0.00935269147567331,2.0000000000000124,6.781566348525961,1.9963079338354912,1.984821195878758,1.966234314371733,1.9398905625382898,2.0079912981653756,6.767578125,3.01132984557307,13.99344787529108,,1.954037782361778,2.1201250275489874,2.5586177097760587
13.36,0.007428610534148574,1.7824423263574638,6.792173850766173,1.997163809962465,1.9886031206429031,1.980625548532694,1.9959303692776071,2.0045796330627264,6.78955078125,1.8548366427301928,15.411217240228389,,1.9937257621130577,2.272756567587169,2.4059965200903393
13.370000000000001,0.00623946311518017,1.6335607969055737,6.795336039854947,1.9979744632733123,1.9920400174588937,1.9925908858925994,2.028624461459908,2.0010928335464944,6.78955078125,-0.38132910567821154,16.418640083578065,,2.0199426750688243,2.2595580509036006,1.7610987043174813
13.38,0.006239463115180201,1.6335607969055779,6.7904874746132755,1.9977147488848386,1.9918032115968551,1.9927021788349988,2.019264816448164,1.998256037260306,6.767578125,0.8382897529609864,17.034404154072114,,2.0146415882716484,2.080388704869308,0.8288460889849197
13.39,0.007428610534148353,1.7824423263574372,6.779648521089136,1.9985016151279558,1.9949896136539256,2.0024792839834173,2.038507777831859,1.9965148780914275,6.78955078125,3.6568155567258853,17.24600728837983,,2.0314757859709354,2.0982044346920916,2.0662730691890054
13.4,0.009352691475673037,1.9999999999999833,6.766322714590953,1.9992448544180514,1.9978519447129615,2.0102685565036555,2.048895475836019,1.9960427816717998,6.78955078125,-1.5865711554718032,17.018832277395415,,2.040916931172907,2.059230060347554,2.1112641372110397
13.41,0.011276772417197782,2.1961100503411437,6.755714938899063,1.9978937257607592,1.9937415395942673,1.9974777472753853,1.9975647145651247,1.9955395764890527,6.74560546875,-1.975606360327487,16.30002286207944,,2.002365264181929,1.7805333008666602,1.011221115730289
13.42,0.012465919836166203,2.308999593506509,6.7525525299275735,1.996626194705513,1.9901207200482922,1.9870833939423795,1.9617186397260316,1.9930782916574552,6.74560546875,3.8391261764481577,15.027832643174563,,1.9761208907792343,1.7462766957033817,1.9330654781757715
13.43,0.012465919836166192,2.308999593506508,6.757401230922156,1.9964671695106602,1.9903033477722443,1.9883477705902115,1.9685544526231358,1.9877142139530128,6.767578125,2.4973361746615694,13.157543353954727,,1.9817317224372055,1.927678440520405,2.622646780236491
13.44,0.011276772417198058,2.196110050341171,6.768240480187891,1.99529681411161,1.9871847940648972,1.9800697679789732,1.9457446840793096,1.9793265409481884,6.74560546875,-2.377124955658718,10.628271208011371,,1.9646768914740784,1.887914045175231,1.9703487181261283
13.450000000000001,0.00935269147567301,1.9999999999999805,6.7815663485259705,1.9962599327434323,1.9911786784944308,1.9927526730091676,1.992773636904767,1.9689869769456816,6.78955078125,4.421371739781097,7.115391245004906,,1.9987276216948686,2.138496240683631,2.6623622183026328
13.46,0.007428610534148328,1.7824423263574343,6.792173850766182,1.9961454804868521,1.9914446792763785,1.9936751174453438,1.995356448052748,1.9589390051146403,6.767578125,-3.5149523323064082,-3.1836937615551797,,1.999662246289604,2.0710610166088808,1.6500404968819415
13.47,0.006239463115180192,1.6335607969055768,6.795336039854956,1.99809912438138,1.9984010979184135,2.013480623524165,2.0544107785011705,1.9521444615927035,6.8115234375,4.480563691256576,-8.175978438723618,,2.042824389851887,2.248122988373792,2.4053391013397385
13.48,0.006239463115180179,1.633560796905575,6.7904874746132835,1.9989131183161108,2.0012575573284215,2.019826445266835,2.0625214626527852,1.9516436718804013,6.78955078125,-3.4446662585622634,-10.845488834372425,,2.047806291144623,2.1270135299831163,1.4221500814440562
13.49,0.0074286105341482955,1.7824423263574303,6.779648521089142,1.999680747797603,2.0037845994200216,2.024596532409797,2.0641037430959575,1.9586847731131183,6.78955078125,3.321377883724119,-12.680066307144276,,2.048446059587794,2.044789469106472,1.5610576222850676
13.5,0.009352691475672968,1.999999999999976,6.7663227145909595,2.0004033809344635,2.006003365432361,2.027995856259882,2.0609129901362446,1.9727837780818132,6.78955078125,1.8820663169602352,-13.950036959694538,,2.0462876100779415,1.9935829718085956,1.8351589716789214
13.51,0.011276772417197725,2.1961100503411384,6.755714938899068,1.999031515299529,2.001307979777347,2.011241911643226,1.9958045208142547,1.9910163511259114,6.74560546875,-2.641808222452967,-14.739591477423318,,1.9997804730059263,1.7273676831071398,0.8642811308796459
13.52,0.01246591983616618,2.3089995935065066,6.752552529927578,1.9967152167463038,1.9937830676568236,1.987648729405873,1.9235951841339762,2.0086332322573526,6.7236328125,2.983539945384278,-15.062632156178694,,1.9462534697579827,1.5881761653054538,1.4978144591008065
13.530000000000001,0.012465919836166099,2.308999593506499,6.757401230922158,1.9935114107911802,1.9837574108499094,1.9587918888383784,1.8499000178258764,2.02074947024943,6.70166015625,1.774682349827217,-14.891804306311151,,1.8902781994025621,1.554296737755186,1.9445700586538712
13.540000000000001,0.011276772417197815,2.1961100503411473,6.768240480187893,1.9915346960586504,1.9782535822912153,1.9457184077311962,1.8433656352529855,2.025270707622857,6.7236328125,3.5145984269933894,-14.165312745101021,,1.881956308598459,1.860930913594345,2.7687701755069463
13.55,0.009352691475673079,1.9999999999999878,6.781566348525971,1.9907191939877846,1.9768431594737101,1.9460391343843846,1.886692027355658,2.023712708947675,6.74560546875,1.4233717680391869,-12.78521014564477,,1.9070248445432096,2.154304329035069,2.821039782210835
13.56,0.0074286105341483865,1.7824423263574414,6.792173850766181,1.9920290267539702,1.9824640595095468,1.967379034843934,1.9833407013026088,2.01921554881688,6.78955078125,2.9735792286018423,-10.613396777185471,,1.9742153004312202,2.440594099606688,2.808258529000438
13.57,0.006239463115180213,1.6335607969055794,6.795336039854953,1.9932748878589492,1.9875672315806057,1.9850854694568028,2.031227575172824,2.0146924035805625,6.78955078125,-2.299784358640253,-7.30234702712161,,2.0199135980373613,2.436366049136348,1.7228727863171138
13.58,0.006239463115180158,1.633560796905572,6.79048747461328,1.9944582213899489,1.992172467540774,1.9993392834102337,2.0524069221028616,2.0121904914447355,6.78955078125,2.435335149521949,3.0059265684778578,,2.0489211050126523,2.3173504580311355,0.9966949553194397
13.59,0.007428610534148238,1.7824423263574234,6.779648521089139,1.9966084793087875,1.9996411252833586,2.0200616483965916,2.084594650670564,2.012918943116975,6.8115234375,2.9829322644630096,8.391484583256384,,2.086187217579649,2.2547254702216306,1.7879625778702564
13.6,0.009352691475672897,1.9999999999999685,6.766322714590956,1.9965804243581395,1.9995937143668527,2.0172641581345037,2.045661069343447,2.0162484378750567,6.767578125,-3.190293574635012,11.321052384407132,,2.064516605416498,1.8694695437262991,-0.1753324182479213
13.61,0.011276772417197666,2.1961100503411326,6.755714938899063,1.9965597713035672,1.999548034424515,2.0146493159294865,2.0171601747578842,2.0204414514359414,6.767578125,4.018515354924897,13.428792459381858,,2.046055998656654,1.6904933957424015,1.7805080668586613
13.620000000000001,0.012465919836166158,2.3089995935065044,6.75255252992757,1.9965460745763626,1.9995042039661104,2.0122296223010436,1.9989297262770398,2.0240817344296334,6.767578125,1.4461360483665988,15.007421887664533,,2.031040644530845,1.6580478345973857,2.287078959988027
13.63,0.012465919836166121,2.3089995935065013,6.75740123092215,1.996538903237764,1.9994623111093888,2.0100116585125525,1.9878989601626704,2.02569546120169,6.767578125,1.9375827695728163,16.159391412020053,,2.0193686657640484,1.7085254224033684,2.3407551438083667
13.64,0.011276772417197873,2.1961100503411526,6.768240480187885,1.995510059887197,1.9960988236821395,1.9986583045469557,1.9550448795397022,2.0236751995776117,6.74560546875,-0.9895181799296798,16.918531096500136,,1.9890972033235268,1.6651920922864951,1.8128767428320005
13.65,0.00935269147567315,1.9999999999999956,6.781566348525963,1.9955775274100154,1.9964489899016942,1.998769008550683,1.962259240504461,2.017352095834666,6.767578125,3.648095357536284,17.283864917810362,,1.9911839894526835,1.888910220210403,2.3744662448979654
13.66,0.007428610534148444,1.782442326357448,6.792173850766173,1.9966759151145672,2.0000961511254705,2.0082099495734815,1.9979259886315144,2.0078486298155407,6.78955078125,1.4092799221853993,17.229817568556193,,2.0147274226762164,2.1147708043851834,2.4948564843362493
13.67,0.006239463115180237,1.6335607969055823,6.795336039854945,1.9977138534821406,2.0033282574950526,2.015707981487873,2.0226284054565666,1.9971656338697854,6.78955078125,-0.3146492564002506,16.711260762498252,,2.0295657981732345,2.169978527070118,1.9960336656938305
13.68,0.006239463115180136,1.6335607969055692,6.790487474613272,1.9997189949260765,2.0094749001114525,2.030795451522701,2.06644644613551,1.98801100124148,6.8115234375,3.1033174451681704,15.669306063311828,,2.058918267941375,2.2600838508240386,2.1371503298730774
13.69,0.007428610534148181,1.7824423263574165,6.779648521089131,2.001603015130417,2.014863889553236,2.042480111978791,2.0923909408530785,1.9832043607069985,6.8115234375,-1.2146925176430483,14.05014504345435,,2.075183311046424,2.2225935862250297,1.8168152787388183
13.700000000000001,0.009352691475673199,2.0000000000000004,6.766322714590948,2.003369927679918,2.0195504009186567,2.0511976004247323,2.1040890434979094,1.9839499592884084,6.8115234375,2.2244359908442948,11.811559792331726,,2.0819102476149633,2.1416818912005438,1.7566725289800431
13.71,0.01127677241719791,2.1961100503411566,6.755714938899055,2.002977147916981,2.017009256673376,2.0384081345185376,2.043985753202207,1.9889985641653172,6.767578125,-2.5261946361863155,8.801321929904985,,2.0400098909188036,1.8257226868114185,0.44411333517737817
13.72,0.012465919836166137,2.3089995935065026,6.752552529927562,2.002601497213065,2.014628312628756,2.027120137162333,2.0033345619543987,1.9963284405467103,6.767578125,3.67296710834582,3.9562564933559003,,2.0093295199509456,1.7494489524047356,1.8675637623713341
13.73,0.012465919836166144,2.3089995935065035,6.757401230922142,2.001218279826149,2.009095143573668,2.0077414712813098,1.9504579817430825,2.0045217980193413,6.74560546875,-1.468954320717553,-6.5586006535444366,,1.966489529393704,1.6514316841415995,1.9544470001680452
13.74,0.01127677241719793,2.1961100503411584,6.7682404801878775,2.001962924801636,2.0107356688008076,2.01133476600089,1.97732022461535,2.012984690823698,6.78955078125,4.234087632790446,-9.822457297487723,,1.9835021931712224,1.9720770201038407,2.929947590229789
13.75,0.009352691475673221,2.000000000000003,6.781566348525957,2.00163485831846,2.008808141628596,2.0044631730399627,1.9686666130152737,2.0216246928286283,6.767578125,-3.479435979856105,-11.95905477047865,,1.9741749461399838,1.9655288439401501,2.03686868635871
13.76,0.007428610534148501,1.782442326357455,6.792173850766167,2.0013226474230223,2.0070342969652097,1.9988850443719082,1.965012692984069,2.0300050195220787,6.767578125,3.366083847860778,-13.451118736382162,,1.969375941446208,1.9880116483601684,1.8123513972940293
13.77,0.0062394631151802575,1.6335607969055852,6.79533603985494,2.0020503326394983,2.0087262399056183,2.003853441885618,1.9928645544313204,2.0381164424587945,6.78955078125,2.8045742250934134,-14.438169158821617,,1.9896282771815499,2.115396164484581,2.238505059689928
13.780000000000001,0.006239463115180228,1.6335607969055812,6.7904874746132675,2.001706362968978,2.0068595527974287,1.998435556430402,1.9841388645563016,2.0458180292049173,6.767578125,-2.4279414354516,-14.959582903863181,,1.981876875923622,2.017796080461706,1.5279450361066493
13.790000000000001,0.0074286105341484256,1.7824423263574458,6.779648521089126,2.002403302268506,2.0084674102449984,2.003442045792139,2.0075287641084048,2.052665802693962,6.78955078125,3.880992826939902,-15.003960953637339,,1.9992367478532267,2.0983915870148384,2.197288434203115
13.8,0.009352691475673127,1.9999999999999931,6.766322714590944,2.0020300482278146,2.0065316568921427,1.998107197777722,1.9947296268068329,2.057988841517699,6.767578125,-2.609139563748278,-14.523984495399388,,1.9891190971253456,1.9866041013803686,1.633719761536073
13.81,0.011276772417197854,2.196110050341151,6.755714938899054,2.0016747269982464,2.004766935319786,1.9937947085905818,1.9861600819516196,2.0606908886373176,6.767578125,3.1922967592731535,-13.439093733821792,,1.9828134907170465,1.9583957533026988,1.9067777329865407
13.82,0.012465919836166116,2.308999593506501,6.752552529927564,2.0023611284257923,2.0064787248029594,1.99981885474085,2.0100943736553787,2.0601632326832338,6.78955078125,2.784135166167585,-11.632635033803105,,2.0011344860778366,2.0713379165087376,2.416720904989879
13.83,0.012465919836166165,2.3089995935065053,6.757401230922146,2.0019781212880847,2.004650020292568,1.9953214508906172,1.9969643551573024,2.0559650723140357,6.767578125,-2.394824093345463,-8.89795374529822,,1.9916066588678105,1.9723582158560677,1.7070243055640437
13.84,0.011276772417197985,2.1961100503411637,6.768240480187881,2.0026378372594844,2.0063041416794944,2.001208692895823,2.0172669390862734,2.0479725689406973,6.78955078125,3.8754627983362364,-4.222387740548186,,2.0072011528989377,2.062788261988684,2.2331822856533887
13.85,0.00935269147567329,2.0000000000000107,6.781566348525961,2.0032531594764897,2.007735444131748,2.0059996452255344,2.0301791337889643,2.037060836431649,6.78955078125,-1.546819352138522,6.633325445634301,,2.0171355906894837,2.0704053134701574,2.0391020533846578
13.86,0.007428610534148558,1.7824423263574618,6.792173850766173,2.004848604809672,2.0122608170242526,2.0192363440683643,2.065990178125829,2.025077266400481,6.8115234375,3.0240881173593013,10.156039120935107,,2.044034592364193,2.160674567782999,2.312208740033546
13.870000000000001,0.006239463115180164,1.633560796905573,6.795336039854947,2.007361063521977,2.0194931819673196,2.0390063751564513,2.1149302286165965,2.0147269328110746,6.83349609375,1.8283187392811646,12.546354333026224,,2.080352647709603,2.2436174578149983,2.3608515525059177
13.88,0.006239463115180207,1.6335607969055785,6.7904874746132755,2.0076668340821353,2.019221136834748,2.0355997254630007,2.0824794306109475,2.007703032032587,6.78955078125,-2.9861823566702665,14.318211081825346,,2.0584517589256284,1.9778249298169581,0.5303409089693246
13.89,0.007428610534148368,1.782442326357439,6.779648521089136,2.009982092797765,2.025436384469163,2.051023229331198,2.1142222920823297,2.005006958156143,6.83349609375,4.992902919096641,15.628397735232099,,2.082313527619307,2.1078197699131014,2.37027854304744
13.9,0.009352691475673056,1.9999999999999856,6.766322714590953,2.0111204288062754,2.0275158608179895,2.053109814465545,2.0959894020888292,2.0068752323678503,6.8115234375,-3.6667496571286784,16.533956721070837,,2.073069796491323,1.990050959580019,1.7715667159435171
13.91,0.011276772417197796,2.196110050341145,6.755714938899063,2.0111511763909387,2.0259011715811046,2.0441600408739142,2.048850328346986,2.0115526894413054,6.78955078125,2.5932289830029456,17.046119049483494,,2.0419199968973056,1.828342060238569,1.4170777959687335
13.92,0.012465919836166094,2.3089995935064986,6.7525525299275735,2.0111602049961217,2.0242987710694855,2.036008190237979,2.019703452728467,2.0169776507376382,6.78955078125,2.9397115327857444,17.1467471386324,,2.0187650775826738,1.821842111901127,1.9653405279668452
13.93,0.012465919836166186,2.308999593506507,6.757401230922155,2.010128136873525,2.019405530585685,2.0190692408427346,1.9767352429904501,2.020844425203171,6.767578125,-1.339352329893805,16.796080336684806,,1.9808667274123521,1.7459100790379831,1.7815202777582437
13.94,0.011276772417198044,2.1961100503411695,6.76824048018789,2.0091388308980114,2.0149282146935334,2.005221960140154,1.9519541490763053,2.0207473421378013,6.767578125,3.086244156716465,15.938247636588025,,1.9566245493608314,1.81050216037052,2.1286026492618855
13.950000000000001,0.009352691475672989,1.9999999999999782,6.78156634852597,2.008191788911944,2.010858027441144,1.9941737777557547,1.9386099309534315,2.015454401558132,6.767578125,1.7553275022310302,14.513857654922377,,1.9430557439371625,1.907390615293957,2.2067285233229894
13.96,0.007428610534148314,1.7824423263574325,6.792173850766181,2.0083090590476043,2.0105096911056854,1.9950307624238355,1.9617458761394728,2.005648976858715,6.78955078125,3.035046094916435,12.479373908834924,,1.9595590476602909,2.0997956483878806,2.490521194744079
13.97,0.006239463115180186,1.6335607969055759,6.795336039854955,2.009427260379211,2.013460558140356,2.005224054384106,2.0087340002818626,1.993699128262924,6.8115234375,2.0199108343185057,9.74161375592432,,1.9946501470142748,2.2512355276542646,2.4584243257655696
13.98,0.006239463115180185,1.6335607969055757,6.790487474613283,2.01148343072061,2.019299407593367,2.022569308898631,2.0666869526019003,1.982871805874245,6.83349609375,2.044583834080822,5.750591173651177,,2.0393279701345772,2.3391136980818357,2.268119954821717
13.99,0.007428610534148311,1.7824423263574323,6.7796485210891415,2.013395984618583,2.0243550529369623,2.036150004157485,2.1007636720519702,1.9762050159875866,6.83349609375,0.43151925900586524,-5.13706479833124,,2.0665075833021778,2.270640545617557,1.650072612673336
14.0,0.009352691475672985,1.9999999999999778,6.7663227145909595,2.0141512524321943,2.0254116271240927,2.0374024844831076,2.089015429054117,1.9745139713313002,6.8115234375,0.7415978881832158,-9.0103985273488,,2.0600210367691547,2.041448625857278,0.7984615176036769
14.01,0.01127677241719774,2.1961100503411397,6.755714938899068,2.013817743632121,2.0229141428197384,2.0285171980283607,2.045277785061933,1.9764537758149627,6.78955078125,2.1428863269329534,-11.379991454791565,,2.031313593733525,1.7921237845797242,1.076767542262213
14.02,0.01246591983616607,2.3089995935064964,6.752552529927578,2.012460064728045,2.0172600294264824,2.0113398787803494,1.9856505145427552,1.9801550793798695,6.767578125,1.8738912208191685,-13.02448252449285,,1.9888381155624895,1.5989673495922825,1.637060652326779
14.030000000000001,0.012465919836166095,2.3089995935064986,6.757401230922158,2.0121824378551283,2.015430727472122,2.0065792465724783,1.9794453690819316,1.9842661235019483,6.78955078125,3.510343599024959,-14.136524084505211,,1.9828171681602333,1.771410795608713,2.6713548072936626
14.040000000000001,0.0112767724171978,2.1961100503411455,6.768240480187893,2.0108796552840844,2.010415301251426,1.9931671256729897,1.9496561882064412,1.9876821761510082,6.767578125,-2.6101477254333765,-14.774408047778081,,1.9581720958737678,1.7626736126720626,2.184746900106076
14.05,0.00935269147567306,1.9999999999999858,6.781566348525971,2.0096358812332347,2.0059018699970075,1.9824234965069925,1.9334800996874075,1.989455422543609,6.767578125,3.2374394714143935,-14.936754917405652,,1.9441003470946263,1.8520707358709045,2.1557049067434972
14.06,0.007428610534148371,1.7824423263574394,6.792173850766181,2.0094727361442675,2.005178407633033,1.9836194319886082,1.9561392394818433,1.989866855133487,6.78955078125,2.7661884413737603,-14.583617174308806,,1.9601010202416882,2.063040888014057,2.4583740569930264
14.07,0.006239463115180207,1.6335607969055785,6.795336039854953,2.009304424717898,2.004519925450073,1.9849747158830766,1.9744406739065095,1.989958966825849,6.78955078125,-1.1449791710044315,-13.640212924773609,,1.9730126712336435,2.1316346524140153,2.094398997087557
14.08,0.006239463115180164,1.633560796905573,6.79048747461328,2.009131674416791,2.003923287375155,1.9864323538172923,1.9881299784067157,1.9909033959762674,6.78955078125,2.2669275727369524,-11.994731456822342,,1.98301260300838,2.1369771599032794,1.8573552134404439
14.09,0.007428610534148254,1.7824423263574254,6.779648521089139,2.0099769751830543,2.0066835544377457,1.9974820018520152,2.025856571755951,1.9942213828560904,6.8115234375,2.9979665654721535,-9.467965024960028,,2.0120394184314314,2.219034259489977,2.2365390423458873
14.1,0.009352691475672916,1.9999999999999705,6.766322714590956,2.0107560938424127,2.0091090971923538,2.0065297508287028,2.0492203836642338,2.001088651467745,6.8115234375,-0.9136803130315884,-5.379071780191145,,2.030472717197802,2.1883487418839573,1.974378843010749
14.11,0.011276772417197684,2.196110050341134,6.755714938899063,2.0094298368929517,2.004642350186603,1.9948243615769992,2.006514964610146,2.010826009276412,6.767578125,-1.999536864323353,5.761603825926554,,1.9982952022570535,1.8992738483958067,0.5006093331744872
14.120000000000001,0.012465919836166165,2.3089995935065053,6.75255252992757,2.0091892568167564,2.003947418063905,1.9949540681458107,2.0051558662686455,2.021599514756011,6.78955078125,4.362443833007672,9.657371205052215,,1.9983579822955337,1.9422715134512565,2.2141972179429796
14.13,0.012465919836166116,2.308999593506501,6.75740123092215,2.0069054044727537,1.9967137257274976,1.9760831933394951,1.945949502570881,2.030925274058264,6.74560546875,-3.5237067083365896,12.203243456596898,,1.954986400322198,1.714298340720088,1.4631472338444584
14.14,0.011276772417197857,2.1961100503411513,6.768240480187885,2.004745796811451,1.9902907700597383,1.961077313688327,1.9074014168403768,2.0359776545374118,6.74560546875,3.9634342847315387,14.08251825904266,,1.9281085660044037,1.7285709526104316,2.100500290573362
14.15,0.009352691475673131,1.9999999999999936,6.781566348525963,2.003731249859971,1.9879625785809034,1.959327565892249,1.9178040527849596,2.0360869765856795,6.767578125,2.6104279211536356,15.484597956593788,,1.9366182074396454,1.9450307251316548,2.639416255471697
14.16,0.007428610534148428,1.7824423263574463,6.792173850766173,2.004819914602392,1.9926367384931722,1.9783761253075784,1.993336330285538,2.0328620384732092,6.8115234375,2.7014512039683938,16.479136046552586,,1.9898597531017221,2.248666407404815,2.9101019717227103
14.17,0.00623946311518023,1.6335607969055816,6.795336039854945,2.00481519367165,1.9935345631850656,1.9844693764799268,2.0103457675342438,2.027997738447279,6.78955078125,-3.0886564374103083,17.08334132329857,,2.0038030209877635,2.1805696408273016,1.5597876375601307
14.18,0.006239463115180141,1.6335607969055699,6.790487474613272,2.0058274292423235,1.9977145823416844,1.9993977613179958,2.0479114142961055,2.0227984109212405,6.8115234375,3.9947408566938534,17.283836772081013,,2.03404866610942,2.2230163075682743,1.8057822574209172
14.19,0.007428610534148197,1.7824423263574185,6.779648521089131,2.006771647408776,2.0014596808120677,2.0113543155423543,2.0686970589905656,2.0187284721149465,6.8115234375,-1.5334343936685726,17.04545639482459,,2.0521195409898705,2.1702002112906253,1.6898226114042856
14.200000000000001,0.009352691475673216,2.0000000000000027,6.766322714590948,2.007650356817339,2.0047937696687343,2.0207244194976712,2.0781703986660456,2.016435034694899,6.8115234375,2.151260255650876,16.315244013497836,,2.0612916433784343,2.0911698854948395,1.7802198755099374
14.21,0.011276772417197928,2.196110050341158,6.755714938899055,2.007445619899558,2.004432877800854,2.018500772544906,2.0512008505970396,2.015373177413841,6.78955078125,-1.0720973837817591,15.032239403126631,,2.043138963273891,1.9049194935673572,1.4117807854224453
14.22,0.012465919836166142,2.308999593506503,6.752552529927562,2.0072430000345585,2.004098893079509,2.0163771728689137,2.029962338222472,2.0143389833934933,6.78955078125,2.9033855777873514,13.153480932874718,,2.028738100750305,1.8531366686113324,1.930557946156301
14.23,0.012465919836166137,2.3089995935065026,6.757401230922142,2.0060217752142537,2.0004757158060182,2.004959899966565,1.9862146973697674,2.012068765304809,6.767578125,-1.1290666901630968,10.619370270149629,,1.9963214973077774,1.7392952513280542,1.7432875798096403
14.24,0.011276772417197913,2.1961100503411566,6.7682404801878775,2.0058866020405093,2.0005788753242433,2.0050356011265658,1.9871882165677095,2.007909870321349,6.78955078125,3.698498847819693,7.105032627748766,,1.9966586351333373,1.8990416368838055,2.4653453878324436
14.25,0.009352691475673202,2.000000000000001,6.781566348525957,2.005752419165345,2.0006826248530913,2.00503915074163,1.9888787435058355,2.002447787703966,6.78955078125,-1.5351006746213913,-3.1866919832711127,,1.997398902556928,1.974756436600907,2.2713484748633244
14.26,0.007428610534148485,1.7824423263574531,6.792173850766167,2.0076611736637155,2.007411792130641,2.023736960792079,2.0457770286987387,1.9973889128053561,6.83349609375,3.7003104084096976,-8.165372882484332,,2.04099811252419,2.221393116891545,2.723192261812592
14.27,0.0062394631151802505,1.6335607969055843,6.79533603985494,2.0084252897632053,2.010050516892414,2.0291511710398096,2.0547898412117926,1.994556783879577,6.8115234375,-3.3194361774644436,-10.825978954180707,,2.0466485481878425,2.1295623308034948,1.5601689036730164
14.280000000000001,0.006239463115180234,1.633560796905582,6.7904874746132675,2.009132434273781,2.012348271944091,2.0330523992000407,2.0579929112173843,1.9946127961171647,6.8115234375,3.3742420472227623,-12.651234284439056,,2.0480606066996208,2.064400441368507,1.4657091365014694
14.290000000000001,0.007428610534148441,1.7824423263574478,6.779648521089126,2.0087652709262915,2.0110276635037136,2.026245466510598,2.0278926684175436,1.9973239413278712,6.78955078125,-1.034173715435751,-13.910656083315537,,2.0254801700554386,1.9074190014851329,1.1687762487402449
14.3,0.009352691475673146,1.9999999999999951,6.766322714590944,2.0094277440445323,2.013101350531444,2.029673077003515,2.035002838572202,2.002092776526629,6.8115234375,3.6618820473316895,-14.687571105432891,,2.0305806885944273,1.9955918372688888,2.287959990532005
14.31,0.01127677241719787,2.196110050341152,6.755714938899054,2.0090182128727836,2.0115754462339086,2.022460342502658,2.00894081780581,2.007855609118477,6.78955078125,-2.5840415262026135,-14.994976711872129,,2.0114326506192306,1.9021056386774864,1.8737141652120486
14.32,0.01246591983616612,2.308999593506501,6.752552529927564,2.007600284031605,2.0068467253555204,2.0066627160780395,1.9619326528598733,2.0124053281239296,6.767578125,2.4340255145684835,-14.804264308078144,,1.976614284414305,1.779116445477505,1.6216644650779448
14.33,0.01246591983616616,2.308999593506505,6.757401230922146,2.006255890547417,2.0026021998340435,1.9937281917181289,1.932148906684148,2.0135839516810696,6.767578125,2.8682977392792535,-14.05177301846573,,1.954693410913143,1.8105654381672045,2.069693444002956
14.34,0.011276772417197971,2.1961100503411624,6.768240480187881,2.0060051498636393,2.0021445606641546,1.9929940108630286,1.9462517660647753,2.010692255794717,6.78955078125,2.678652289684319,-12.636473436516834,,1.9648599330889722,2.0017142898254368,2.5498020482322215
14.35,0.009352691475673273,2.0000000000000084,6.781566348525961,2.0057627254812416,2.0017413927796674,1.9925973485730297,1.9596380802628128,2.0043549046208824,6.78955078125,-0.9513105358224819,-10.413286414718645,,1.9737711021336886,2.067965404151674,2.204120489765196
14.36,0.007428610534148543,1.78244232635746,6.792173850766173,2.00655019368725,2.004709317273704,2.001979383727319,2.000984803172929,1.9959426011335277,6.8115234375,3.0782385103036316,-6.993549117349094,,2.002848126729521,2.18565799182822,2.2991093025117686
14.370000000000001,0.006239463115180159,1.633560796905572,6.795336039854947,2.0072832960742533,2.0073339103501056,2.0095866724901703,2.0273843218099254,1.9873620310575182,6.8115234375,-1.1547829302484691,3.6705554627667243,,2.0218820477734947,2.1761486397639755,1.8896676228075846
14.38,0.006239463115180213,1.6335607969055794,6.7904874746132755,2.0079640350860837,2.009637356946317,2.0156278497858993,2.042943623656811,1.9806288723134637,6.8115234375,2.2172907720744712,8.646045712305527,,2.03332048294731,2.1255976441809135,1.7394730441174229
14.39,0.007428610534148384,1.782442326357441,6.779648521089136,2.009614447455108,2.0149432191279697,2.0296515415206793,2.0783721850255916,1.977875943460873,6.83349609375,3.0317664931255743,11.50314880858577,,2.0602742128881726,2.1743082681633368,2.215634974499465
14.4,0.009352691475673077,1.9999999999999878,6.766322714590953,2.0101338197202248,2.0162823155640455,2.031197745941633,2.0700389250417417,1.9799900557243981,6.8115234375,-2.3133808960668705,13.573472383644969,,2.054121988566188,2.0200201030991622,1.5297982849204208
14.41,0.011276772417197812,2.196110050341147,6.755714938899063,2.009589042942569,2.014088221754356,2.022514050548573,2.0308883695740185,1.9857738210587361,6.78955078125,2.4650067603827295,15.126638645255012,,2.0260814079997873,1.833916295394116,1.2920609205308184
14.42,0.012465919836166099,2.308999593506499,6.7525525299275735,2.0090638492615516,2.0120616835459497,2.0150312840288565,2.0031596855175327,1.993345637100327,6.78955078125,2.847568935775582,16.25849388618834,,2.0060475786268337,1.8123093948547135,1.9828661982434694
14.43,0.012465919836166297,2.3089995935065173,6.757401230922154,2.0075372142185857,2.0068842902908206,1.9991575057326032,1.9563865829641238,2.0003825649394913,6.767578125,-1.267407304195678,16.99988002727789,,1.9708846968752254,1.7282978151169197,1.8473029831287284
14.44,0.011276772417198027,2.1961100503411677,6.768240480187889,2.006091281503948,2.0022426793712658,1.9862786823778795,1.928073436620017,2.0043011770516035,6.767578125,3.0810816122600704,17.348075531616352,,1.949057490531968,1.7918423754304047,2.1750696697993166
14.450000000000001,0.009352691475672971,1.9999999999999765,6.781566348525969,2.0047241069586845,1.998111196580764,1.9761077191202987,1.913622427246654,2.0034882700501178,6.767578125,1.7521594308908004,17.276505745512825,,1.937535502415684,1.892128833237792,2.2276361140385985
14.46,0.007428610534148299,1.7824423263574307,6.79217385076618,2.003433678955054,1.9944621615395441,1.9683380303781577,1.9101854474006725,1.9979797773867938,6.767578125,2.0055624905836433,16.739515135479643,,1.9335798529530415,1.9806606721202125,2.1486106966846954
14.47,0.00623946311518018,1.633560796905575,6.795336039854954,2.004264729502233,1.9979358089060963,1.9820958017263197,1.9769044426445193,1.9898813384936491,6.8115234375,3.900712298409839,15.678091775489035,,1.9789691129363371,2.2473741673735743,2.7381615783434
14.48,0.006239463115180191,1.6335607969055763,6.790487474613282,2.006065755832812,2.004374954687439,2.003235831548041,2.0468767305320146,1.9822114339724464,6.83349609375,-1.0165129936027104,14.040465289856428,,2.0313175897366404,2.3677040038415296,2.447080531668693
14.49,0.007428610534148327,1.782442326357434,6.779648521089141,2.0067313806658182,2.0067675519973425,2.0106799424242743,2.0577704393578307,1.9769735200272613,6.8115234375,-2.0774404227076273,11.786391057521401,,2.042813010803146,2.2061810144311935,1.0489876138925507
14.5,0.009352691475673006,1.99999999999998,6.766322714590958,2.006328878009897,2.005558818236897,2.007039515938898,2.033416713705593,1.974516895649632,6.78955078125,2.4380843247105024,8.760958122734799,,2.026926458166921,1.96530292135097,-0.26602930252984275
14.51,0.011276772417197756,2.196110050341141,6.755714938899066,2.006965617446368,2.0077798371858653,2.013479851684958,2.0426913146487924,1.974802907320479,6.8115234375,3.516042420086544,3.868723861241817,,2.0361904275179,1.9820700070204673,2.110729768490847
14.52,0.012465919836166078,2.3089995935064973,6.752552529927575,2.006535749726717,2.0064154015523314,2.0090640239187247,2.019052288484601,1.9772856107046717,6.78955078125,-2.644705630650134,-6.602196694190074,,2.019417948384712,1.8499546832133953,1.8312112822055455
14.530000000000001,0.012465919836166203,2.308999593506509,6.757401230922156,2.0040800415020055,1.9985421088398785,1.9863729973427982,1.9464551921180995,1.9801591136479468,6.74560546875,1.3163759846482728,-9.842990987121931,,1.9639132638493637,1.5755882769380687,1.0547139168284982
14.540000000000001,0.011276772417197784,2.196110050341144,6.76824048018789,2.003812208583381,1.998199931618232,1.9872029321013158,1.9570198358934112,1.9822691454075672,6.78955078125,4.741997311973605,-11.966509413126364,,1.9725595267191267,1.8793478637508874,2.7483809145717877
14.55,0.00935269147567304,1.9999999999999838,6.781566348525969,2.0025352922801765,1.9945992648789068,1.9786205759934308,1.938011362606514,1.9836687334454797,6.767578125,-3.7039179005370695,-13.447419960301742,,1.958225219417634,1.8936849382860756,2.149597821977205
14.56,0.007428610534148355,1.7824423263574376,6.792173850766178,2.0033816260897015,1.9981055841704394,1.9912556888714992,1.9885109936785927,1.985048360195826,6.8115234375,4.504367317026229,-14.423089587109743,,1.9947801189839878,2.170511076698116,2.732651958798745
14.57,0.006239463115180202,1.6335607969055779,6.79533603985495,2.00315367355346,1.9979300863889327,1.9921828477024346,1.993402501890797,1.9873105599026284,6.78955078125,-3.4341238595171832,-14.931896297359561,,1.997700306429915,2.1160561574571446,1.6799652471313495
14.58,0.00623946311518017,1.6335607969055737,6.790487474613277,2.002938899932161,1.9978068792011894,1.9931435333703362,1.997085376102097,1.9905248374261117,6.78955078125,3.314275209760775,-14.961644998299256,,1.9997363223363427,2.085436127847416,1.5845542550515583
14.59,0.0074286105341482694,1.7824423263574272,6.779648521089137,2.001713126931753,1.9944010843778173,1.9845344213771317,1.9712218288442576,1.9943047043910103,6.767578125,-0.9325358571639015,-14.46397246965562,,1.97943098398986,1.951735837140465,1.2417906360521116
14.6,0.009352691475672935,1.9999999999999725,6.766322714590953,2.0015859765116035,1.9947552756967402,1.9874652762064482,1.9841020680948651,1.99829829031467,6.78955078125,3.654553908678263,-13.356760203306425,,1.9887124444599098,2.0433273199185846,2.2854334887625627
14.61,0.011276772417197697,2.1961100503411357,6.755714938899061,2.001468864323928,1.9951231607050335,1.9901409835864332,1.9940017284854863,2.0023337512857866,6.78955078125,-1.5109711081313466,-11.520586400624383,,1.9955389387887723,2.0589321189226304,2.243092921201022
14.620000000000001,0.01246591983616617,2.3089995935065057,6.752552529927567,2.001361392052358,1.9955005257519476,1.992554881633178,2.001293520189451,2.0054553997716074,6.78955078125,2.205238513252343,-8.737232536632314,,2.0003227626253364,2.050397786218504,2.112302575064459
14.63,0.012465919836166224,2.3089995935065106,6.757401230922148,1.9981878853194277,1.9858621388551043,1.965828875769358,1.9178239982590461,2.005322702377225,6.7236328125,-3.421527299358347,-3.8610414217383227,,1.937796638885323,1.6753747834831967,-0.8545015259754241
14.64,0.011276772417197841,2.1961100503411495,6.768240480187882,1.9972601552676574,1.9840698387516138,1.9640411346042794,1.924826777370649,2.000438902116366,6.767578125,5.2425309107800695,6.848658465009498,,1.943382856623528,1.9157950052909443,2.5963412889587234
14.65,0.009352691475673112,1.9999999999999913,6.781566348525961,1.99742381098813,1.9859491971927525,1.9731037464475474,1.9660376137850877,1.9921300528973676,6.78955078125,-2.325196857814719,10.293817499411496,,1.9724111731104097,2.125456580894152,2.8379970059252235
14.66,0.0074286105341484126,1.7824423263574445,6.79217385076617,1.9975876365129845,1.987729190094647,1.9810287936243762,1.9949626516973908,1.9824513723852277,6.78955078125,1.1350764277403163,12.65278428545944,,1.9930553503463575,2.164380118001616,2.2652011436051733
14.67,0.006239463115180224,1.6335607969055808,6.795336039854942,1.9987773522420342,1.9927577424344858,1.99750616782389,2.0421625206242666,1.9739117155317056,6.8115234375,3.4180876112795358,14.405503937444912,,2.028339949698263,2.245161525777628,2.184076383564789
14.68,0.006239463115180147,1.6335607969055708,6.79048747461327,1.9999032740972893,1.9972819232083439,2.0107632997195717,2.0696478241002993,1.96916563484932,6.8115234375,-1.538638159218159,15.701460393420867,,2.049932182745357,2.2033857335169906,1.7096442011974988
14.69,0.007428610534148212,1.7824423263574203,6.779648521089129,1.9999420524388254,1.9979926501271428,2.0117239263725852,2.0557881048458317,1.9694842393941712,6.78955078125,0.7556764925921874,16.595105569344614,,2.0404314260028564,2.014374855224005,1.0048424386243464
14.700000000000001,0.009352691475673237,2.000000000000005,6.766322714590945,2.0010086938238043,2.001981912321675,2.021720319204289,2.071039683007214,1.9749002004924756,6.8115234375,3.69633809931241,17.096562175380516,,2.053023265901602,2.0441489361720926,2.15004604854269
14.71,0.011276772417197942,2.1961100503411592,6.755714938899053,1.9999650644417732,1.9988719320341282,2.0106177600173716,2.019309442492075,1.983794038820398,6.767578125,-3.3790825826001054,17.186994394620555,,2.016369236776186,1.7893272364322415,1.204924367607965
14.72,0.012465919836166149,2.3089995935065035,6.752552529927561,1.9979616509120788,1.9927903211300166,1.9919039089373718,1.9548893334615653,1.9927655403149818,6.74560546875,3.3884947020403073,16.826375941624764,,1.9690377966252008,1.6299602204119248,1.5295645826166113
14.73,0.012465919836166246,2.308999593506513,6.757401230922141,1.9960836906445483,1.9874282415546705,1.9767627332112316,1.915491529182731,1.9983444385775757,6.74560546875,2.643986245376634,15.959005609975803,,1.9388169069044596,1.6996839080093438,2.267532221179864
14.74,0.011276772417197899,2.1961100503411553,6.768240480187877,1.9943272677304114,1.982741095376765,1.9648305090723812,1.8948600237302002,1.9981808475847989,6.74560546875,1.4308379838334737,14.526434959850574,,1.922127578341866,1.8365624465129096,2.425452434780883
14.75,0.009352691475673183,1.9999999999999991,6.781566348525956,1.9926884293456775,1.9786847126938456,1.9557494552998167,1.8891709382329303,1.9919591840399178,6.74560546875,2.1154035332045966,12.486657726342802,,1.9156184448590499,1.9655299718746657,2.29612554931587
14.76,0.00742861053414847,1.7824423263574511,6.792173850766166,1.9932225001216262,1.981945614734107,1.9687837212673966,1.957464332010406,1.9816937381187336,6.78955078125,3.830430318800539,9.74786721813079,,1.960883159404368,2.2637792425233396,2.777515493015242
14.77,0.006239463115180245,1.6335607969055836,6.795336039854939,1.9927124053093868,1.981612999675166,1.9702293083150395,1.9699206719413938,1.9700596798412635,6.767578125,-3.198818317220593,5.763695998632316,,1.971099819344531,2.2077626361230513,1.6326552765146134
14.780000000000001,0.00623946311518024,1.633560796905583,6.790487474613267,1.9953375087379763,1.9915238588841042,2.0011912371922307,2.058976412593499,1.9603358952270284,6.83349609375,4.978724643722527,-5.113343205221372,,2.0436981769860667,2.448199933421051,2.6598630828480223
14.790000000000001,0.007428610534148456,1.7824423263574496,6.779648521089126,1.9967893301763788,1.997020651386218,2.0162154983797733,2.0828404105441045,1.9556037188159163,6.8115234375,-4.183654721805789,-8.989223300712984,,2.067535249969436,2.298556141324637,1.3791081806107828
14.8,0.009352691475673166,1.9999999999999971,6.766322714590944,1.996108881810216,1.9952450712921475,2.0089375990632488,2.039627579036347,1.9556815724074144,6.767578125,1.807281564839706,-11.355430971354597,,2.037451665697854,1.912992048348052,-1.247466192690295
14.81,0.011276772417197885,2.196110050341154,6.755714938899054,1.9954797627526046,1.993705968837768,2.0028960476276074,2.0079446077707437,1.9592183524494282,6.767578125,3.7614854984567008,-12.994586513172273,,2.0148654751109856,1.752896568457229,1.5838610431898104
14.82,0.012465919836166127,2.3089995935065017,6.752552529927564,1.994900033462374,1.9923867388020169,1.9979639035342383,1.9871951838344581,1.965263885488604,6.767578125,1.153773137594824,-14.099699620908163,,1.9989118645509616,1.7298938071021448,2.3156644650070435
14.83,0.012465919836166269,2.308999593506515,6.757401230922146,1.9933384481988596,1.9879301529447446,1.9845444298263353,1.946796051967083,1.9725124736524406,6.74560546875,-0.7412609895341358,-14.728884495753535,,1.9665898581994483,1.6431075205345218,2.073910546217211
14.84,0.011276772417197954,2.1961100503411606,6.768240480187881,1.9918843499044856,1.9840462018193943,1.9738894821310506,1.9223500936259417,1.979549864110557,6.74560546875,3.038969647080647,-14.880298759303534,,1.9466851473288642,1.7218438900458342,2.217606893615579
14.85,0.009352691475673252,2.000000000000006,6.781566348525961,1.9905340001902523,1.980695821979277,1.9656741906869393,1.9103299994614933,1.9858003968081377,6.74560546875,1.7181456642642106,-14.513183769286082,,1.9363416795001245,1.8461731885326778,2.1870518912784997
14.86,0.007428610534148526,1.782442326357458,6.792173850766174,1.9903152488114237,1.9811983551111054,1.9692605171929543,1.9395091334796024,1.991868700329655,6.767578125,3.0303224448617043,-13.551355219424392,,1.9551864338365803,2.070937093759048,2.457354316278818
14.870000000000001,0.0062394631151801525,1.6335607969055714,6.795336039854948,1.9911618218025156,1.985126325452841,1.9824419348147526,1.9929668001070464,1.999034271849677,6.78955078125,2.0009687322952407,-11.880449312372559,,1.991847468490012,2.2459349462009492,2.436040370599547
14.88,0.0062394631151802184,1.63356079690558,6.790487474613276,1.9909463079743124,1.9853664982232668,1.983833601571954,1.996567472081145,2.0079469026580097,6.767578125,-2.176968123447018,-9.312365478183104,,1.9946775754658244,2.14808985342544,1.3740055283671353
14.89,0.0074286105341483995,1.7824423263574427,6.779648521089137,1.9907632183492008,1.985678711163622,1.9852726609870777,1.9986623005984727,2.0181976754397923,6.767578125,3.2530071892076817,-5.094170207341698,,1.9965778356285497,2.0892063314426417,1.526516010520607
14.9,0.009352691475673094,1.9999999999999896,6.766322714590954,1.9895789285399708,1.9826978757521143,1.9770966361909452,1.9723252186151836,2.0284831190001995,6.74560546875,-1.1973569438756728,6.0118691540646285,,1.976104941013838,1.9378918924817825,1.310539806719721
14.91,0.011276772417197828,2.196110050341148,6.755714938899064,1.9884861593076648,1.980158793232815,1.9708860728260469,1.95571888209895,2.0368898326271716,6.74560546875,3.0282918643294923,9.803365167164394,,1.9634350332651136,1.9089426165791779,1.9638007896632401
14.92,0.012465919836166106,2.3089995935064995,6.7525525299275735,1.9874814169356516,1.9780290066212203,1.966389640427807,1.946546209012831,2.041664549148277,6.74560546875,1.7730765293318758,12.312842838760822,,1.9567679761919299,1.922658868201711,2.2145469281250816
14.93,0.01246591983616629,2.308999593506517,6.757401230922155,1.9865612301083815,1.9762769228486574,1.9633772306715604,1.9432704664408282,2.0415347643156707,6.74560546875,2.0018164509346525,14.170578226231816,,1.9544689455826705,1.9454503591433179,2.2039514715649804
14.94,0.011276772417198013,2.1961100503411664,6.76824048018789,1.985722165820719,1.974872113214058,1.9616386140622635,1.9445523197864052,2.036121334598307,6.74560546875,2.0222030354073905,15.556808470045482,,1.9551635834081122,1.9652009034755433,2.117360665908079
14.950000000000001,0.00935269147567295,1.9999999999999742,6.78156634852597,1.9859959020393299,1.977163076636927,1.9707590170414648,1.9792777782846676,2.026511288455089,6.767578125,3.096544679960715,16.538078894985357,,1.9796777377775148,2.0889036985211984,2.408125450665527
14.96,0.007428610534148283,1.7824423263574287,6.792173850766181,1.9873155877905688,1.982716278039823,1.9883709997624444,2.032197538475837,2.0152566525697293,6.78955078125,1.9910547038464197,17.13029383958373,,2.0181199957044433,2.2025001355490117,2.4166123722624238
14.97,0.006239463115180174,1.6335607969055743,6.795336039854955,1.9896146579829121,1.9911024902168462,2.012178038314541,2.0919619467072503,2.0058230993769954,6.8115234375,2.0383740516961804,17.319173441356938,,2.0630947456173416,2.277263849963371,2.267244053909877
14.98,0.006239463115180197,1.6335607969055772,6.790487474613283,1.991795061795205,1.998567902961441,2.0308318155463234,2.1255206541309977,2.0009922627599033,6.8115234375,0.4361952453934793,17.068999483384122,,2.088881147647576,2.2083681894932328,1.6778157349573972
14.99,0.007428610534148342,1.7824423263574358,6.7796485210891415,1.9928283678932988,2.001845137699362,2.0358157811025426,2.1100709473620833,2.000743416241762,6.78955078125,0.729554856006572,16.326638980733232,,2.0800148791956556,1.987141257852553,0.851313399677351
15.0,0.009352691475673025,1.9999999999999822,6.766322714590959,1.9917512009691973,1.9980883001690604,2.020358901242838,2.0308618145005912,2.0027769606868104,6.74560546875,0.3960588913538096,15.0320124669469,,2.026987104117571,1.623381180260025,-0.6455105227915887
15.01,0.01127677241719777,2.196110050341143,6.755714938899067,1.9917860204384186,1.9980792603854693,2.016789229067641,2.0121414679923744,2.0049273165681902,6.767578125,4.220867118603434,13.143932785183354,,2.0105129425022894,1.7230089687558354,2.403088014370065
15.02,0.012465919836166083,2.3089995935064977,6.752552529927574,1.9908033596490986,1.9947605318706685,2.0040859064898497,1.974681083824543,2.0054255092760127,6.74560546875,-2.826272605168297,10.603769511175933,,1.9771877112763943,1.6917866628132883,2.218674010062415
15.030000000000001,0.012465919836166196,2.308999593506508,6.757401230922155,1.989896770182535,1.9918364042675054,1.9936795956123512,1.9536576700674795,2.0024912327165887,6.74560546875,3.2156709061572766,7.085140765377735,,1.9559495598052168,1.7884302458387797,2.288770719146956
15.040000000000001,0.011276772417197769,2.1961100503411424,6.768240480187889,1.989063248620457,1.9892806281071693,1.9853401214359585,1.9427768201110764,1.9955424034329905,6.74560546875,1.8402132642253086,-3.2093022457576756,,1.9441428680835606,1.90790677457213,2.2044899381574727
15.05,0.009352691475673022,1.9999999999999818,6.781566348525969,1.9903634922424385,1.9937090357390508,1.9977702636666925,1.9945082156639595,1.9858543502395274,6.78955078125,3.8070209203327443,-8.161696615329841,,1.9833240123777234,2.2173202604749025,2.759455261098382
15.06,0.00742861053414834,1.7824423263574356,6.7921738507661775,1.991603554250596,1.997674883047394,2.0078291956282386,2.029520838620584,1.9756091927506483,6.78955078125,-2.2945593870031256,-10.810934021435717,,2.0098882253766055,2.2724313798409743,2.0918495880401395
15.07,0.006239463115180196,1.6335607969055772,6.795336039854949,1.9917546957209769,1.9979004112249448,2.0064496561892318,2.0234532328091537,1.9665479023150145,6.767578125,1.086434575748626,-12.625457202599415,,2.00529619973579,2.1322883780725563,0.9588517662354872
15.08,0.006239463115180175,1.6335607969055743,6.790487474613277,1.9939710608762813,2.004713585670436,2.0238902752061723,2.0733035708504706,1.960723804977961,6.8115234375,4.260915280872881,-13.873076171815535,,2.044419106800719,2.2653157635902037,2.338977276832159
15.09,0.007428610534148285,1.7824423263574292,6.779648521089136,1.9940078199967946,2.004135754373392,2.0189224740777965,2.0466767744733594,1.9594293099790232,6.767578125,-4.123429222190976,-14.636379244776805,,2.025535115508726,2.0118314514108016,0.9711807345339489
15.1,0.009352691475672954,1.9999999999999745,6.766322714590952,1.9950815798343686,2.006886870977988,2.0238695371023123,2.054107758657204,1.962404209305594,6.78955078125,4.623778266522507,-14.927112664604346,,2.032717837489722,2.024921324809411,2.1424388555915956
15.11,0.011276772417197715,2.196110050341137,6.75571493889906,1.994044512779734,2.0026861030893377,2.0085495103962328,1.9970355413792527,1.9684285485264763,6.74560546875,-3.449632593910414,-14.715395595753813,,1.9930132962730476,1.7691897858994838,1.2338551108177447
15.120000000000001,0.012465919836166175,2.308999593506506,6.752552529927566,1.993079668820015,1.9989144695141974,1.9957977718208604,1.9592936372647232,1.975204772677582,6.74560546875,3.909297731933344,-13.935522037394778,,1.9665482894518678,1.7495345164989353,2.003471649010509
15.13,0.01246591983616622,2.30899959350651,6.757401230922147,1.9911554980127404,1.9922289133551243,1.9758119342673113,1.9070695846481018,1.980549808586146,6.7236328125,-1.3869854037721605,-12.483372758830276,,1.928416119537574,1.6912951549762831,1.9138457552952477
15.14,0.011276772417197826,2.196110050341148,6.768240480187881,1.9903898196406182,1.9896337738940675,1.9695853193203776,1.908067501489561,1.983356838157759,6.74560546875,3.646800929860816,-10.205884067755397,,1.929196975806541,1.9094663683435542,2.55818051445705
15.15,0.009352691475673093,1.9999999999999893,6.781566348525961,1.989686595696205,1.987380188530809,1.9650852711702067,1.9155370203880213,1.9842480698416887,6.74560546875,-1.4778907902231075,-6.665942178164761,,1.9338303460569315,2.02360601362174,2.3008870858882924
15.16,0.007428610534148397,1.7824423263574425,6.7921738507661695,1.991102357936457,1.9921187180448596,1.9815596038812213,1.987976045336636,1.984910319515478,6.78955078125,3.693062293702322,4.237640945920764,,1.9845879881867647,2.2820111263018457,2.7022228824210623
15.17,0.006239463115180218,1.6335607969055799,6.795336039854941,1.9914202036511104,1.9930447376289786,1.9855321678538147,2.002041052934563,1.9869496375790159,6.767578125,-3.3245304527632893,8.894999474086198,,1.9969876847372567,2.1926232824493117,1.496845155124783
15.18,0.006239463115180153,1.6335607969055714,6.790487474613269,1.991734096496714,1.9939066603917066,1.9890015732225357,2.0097030629651114,1.9910794449172233,6.767578125,3.371335872168769,11.682587012983497,,2.0050854079238145,2.115560069286056,1.4117769167501397
15.19,0.007428610534148228,1.7824423263574223,6.779648521089128,1.9920435919931425,1.9947055804298301,1.991990430308762,2.013566345596578,1.9974898670393606,6.767578125,1.8223728121355878,13.71570788405369,,2.009948628897984,2.051753193035786,1.7021492067271256
15.200000000000001,0.009352691475673256,2.0000000000000067,6.766322714590944,1.9913196532191348,1.992109772570688,1.9849637754495326,1.9882070051275025,2.0054747846857754,6.74560546875,-1.261724356672555,15.242968968097486,,1.990912156771059,1.892354788477552,1.453450433395435
15.21,0.011276772417197958,2.196110050341161,6.755714938899052,1.9906533027821778,1.989839578466784,1.9795201320447948,1.970904930134652,2.013700891322875,6.74560546875,2.9535310277183475,16.353945715452184,,1.9784457608198562,1.864272253584248,1.988293066701784
15.22,0.012465919836166154,2.3089995935065044,6.752552529927558,1.9900422476822293,1.9878741139155267,1.9754583311222063,1.9601395907517323,2.0208112545238532,6.74560546875,1.768344995809568,17.076594565056475,,1.9711364184269067,1.8856838508343616,2.191197855266158
15.23,0.012465919836166241,2.3089995935065124,6.757401230922139,1.989484220536716,1.9861926655018352,1.972594830022228,1.9547213864501638,2.025456541170048,6.74560546875,2.0031490697959677,17.40640224263803,,1.9676566596005165,1.9192229104852025,2.172298226278702
15.24,0.011276772417198183,2.196110050341183,6.768240480187874,1.988976986586348,1.9847749033094928,1.9707630917151344,1.9535808934682184,2.0263963040215027,6.74560546875,2.021996098888632,17.31571997126237,,1.9668718964355223,1.9493670671655752,2.0969466637344123
15.25,0.009352691475673162,1.999999999999997,6.781566348525954,1.9874875415995579,1.9802426461957854,1.9600968418205855,1.9249953852898145,2.0226312504477435,6.7236328125,-1.3000037736094598,16.75821451130165,,1.945815163690087,1.854133571911878,1.5946425981984709
15.26,0.007428610534148453,1.7824423263574491,6.792173850766163,1.9881693299295564,1.9830461223654505,1.971653540195326,1.9720140976285407,2.014749987167012,6.767578125,4.253509116426101,15.674700686086684,,1.9784074092791442,2.0944760121557504,2.649963922867726
15.27,0.006239463115180239,1.6335607969055828,6.795336039854936,1.9888303658945257,1.9856380748647209,1.9815214728001938,2.004169700186737,2.0049354982231744,6.767578125,-2.8532616119438843,14.015548907101358,,2.0007300816752873,2.13538134581437,2.206254826659146
15.280000000000001,0.006239463115180247,1.6335607969055839,6.790487474613264,1.9915303920407321,1.9947210842578924,2.0089816034220127,2.0809672836936706,1.99592474786511,6.8115234375,3.830389276039802,11.74235279093257,,2.057457297312932,2.315458670446195,2.5553415779105526
15.290000000000001,0.0074286105341484715,1.7824423263574516,6.779648521089123,1.9920229979619013,1.9961161842107056,2.011717403407496,2.0700299872573633,1.9898173292853307,6.767578125,-3.904521140973588,8.695232889429706,,2.0493798740524998,2.0675129877362894,0.2777859075353834
15.3,0.009352691475673185,1.9999999999999991,6.766322714590941,1.99352737972549,2.000701276696751,2.0230764254655464,2.0862043055247868,1.9871615341151316,6.78955078125,4.591858689073506,3.722798716204114,,2.0619232325022887,2.0596258719723797,1.7902065442563349
15.31,0.0112767724171979,2.1961100503411553,6.75571493889905,1.9939230362341263,2.0014265398820936,2.022354470934815,2.0617036242144104,1.9874370573470046,6.767578125,-2.751187800265829,-6.675421635541924,,2.045743693536003,1.9023835140639445,1.4630825100656601
15.32,0.012465919836166132,2.308999593506502,6.75255252992756,1.993275798329114,1.998723614787659,2.0118610378671917,2.0124097920764834,1.988639950014386,6.74560546875,2.3343266564584533,-9.881791806652991,,2.010927198288601,1.7387965349452612,1.460996112818644
15.33,0.012465919836166264,2.308999593506514,6.7574012309221425,1.991647943710604,1.9929806416352516,1.9935224416660793,1.952750517710822,1.9883395459757998,6.7236328125,2.0122202705123144,-11.987381524208471,,1.9649479547094426,1.6226333564475486,1.6886852192054607
15.34,0.011276772417198242,2.1961100503411886,6.7682404801878775,1.9901284602980647,1.987893090812208,1.9786204592957763,1.9182395933887495,1.9848866853127998,6.7236328125,2.756848193048127,-13.453826651950106,,1.935705375171448,1.7126330070645228,2.2771613932510086
15.35,0.009352691475673233,2.0000000000000044,6.781566348525958,1.990773631130073,1.9901091115407348,1.9859986383981814,1.9585871668791313,1.9791368974295958,6.767578125,3.4573871273853904,-14.415398829282335,,1.9641103640692752,2.0826627612402264,2.981379769855718
15.36,0.007428610534148511,1.7824423263574563,6.79217385076617,1.991394532442594,1.9921293024726292,1.9921998602799484,1.9874275721232684,1.9735374317340142,6.767578125,-2.5423756828948965,-14.908985134704993,,1.98484095358558,2.190306837909736,2.3031067857498058
15.370000000000001,0.006239463115180147,1.6335607969055708,6.795336039854944,1.9940479964189606,2.0006131697042937,2.0162078272236497,2.0609959864911382,1.971071291709589,6.8115234375,3.8586674150785427,-14.921284357264541,,2.0418981243492107,2.391455347457677,2.4521348183187537
15.38,0.0062394631151802245,1.633560796905581,6.790487474613273,1.9944948224423769,2.0014889214194733,2.016481966107969,2.0508561863710324,1.9736718335094545,6.767578125,-3.93654504596786,-14.402812221870331,,2.0346805112099444,2.1534270850264936,-0.8095280283437505
15.39,0.007428610534148415,1.7824423263574447,6.7796485210891335,1.9949222298504001,2.0022449192615555,2.016347807570679,2.040486280298729,1.9809990939167006,6.767578125,4.090670453758215,-13.269702868246176,,2.027698746516866,2.020980738879624,1.0622094176289412
15.4,0.009352691475673115,1.9999999999999918,6.7663227145909515,1.9943033255359017,1.9995720545691174,2.0064289881540978,2.00236928803511,1.9917565692917538,6.74560546875,-1.4446916045368214,-11.399437320057787,,1.9999935567374245,1.8330071423844396,1.383174055722454
15.41,0.011276772417197843,2.19611005034115,6.755714938899061,1.9937284564216013,1.997180162454046,1.9981521316673947,1.9766549970111496,2.003880336315025,6.74560546875,2.9668879064638833,-8.560455583275836,,1.9812909221852526,1.8035011486336208,2.159806688021317
15.42,0.012465919836166111,2.3089995935065004,6.752552529927571,1.9921678096528392,1.9917238381729714,1.9818155504238821,1.931809390479454,2.014730608809716,6.7236328125,-1.047018936370347,-3.4267464286230536,,1.9477356895424605,1.711903475899726,1.998391321582001
15.43,0.012465919836166284,2.3089995935065164,6.757401230922153,1.9907098552954823,1.9868951106902815,1.9687372569458006,1.9047828266160243,2.021623713967047,6.7236328125,3.029962843383685,7.0747489427804195,,1.9278987525433975,1.7719303419385433,2.219304541833126
15.44,0.011276772417198298,2.196110050341194,6.768240480187888,1.9893511405956292,1.9826575678663958,1.9585794265063818,1.8922614929203851,2.0233790785670807,6.7236328125,1.7555723717201004,10.440990805016275,,1.9185700078205041,1.8723589265058598,2.214214201680198
15.450000000000001,0.009352691475672931,1.999999999999972,6.781566348525969,1.9891185880853195,1.9823294226028756,1.9608196856433107,1.92382945255161,2.0210385575774006,6.74560546875,3.033069655832085,12.766858787415472,,1.9392652940627693,2.0741694675408233,2.4752582175803184
15.46,0.007428610534148268,1.782442326357427,6.792173850766181,1.990975832813345,1.9888363448765973,1.9829359820463281,2.0101869232624994,2.0173423866178184,6.78955078125,2.9402458631196,14.498961702837445,,1.9998579809181023,2.332162400163724,2.7513130644084165
15.47,0.006239463115180168,1.6335607969055734,6.795336039854955,1.993762709544672,1.9980024476688105,2.0105990907404605,2.085873182472928,2.015094647141957,6.8115234375,-1.2144222742048751,15.779482996400228,,2.060134488128742,2.4191352661579093,2.2805816277475475
15.48,0.006239463115180203,1.633560796905578,6.790487474613283,1.9933064165469274,1.9961431935456018,2.0037795235409477,2.042383357546159,2.014854113727369,6.74560546875,-3.6488538739552405,16.660013559996216,,2.0331006731954595,2.0072275782132545,-1.7187849013262875
15.49,0.007428610534148358,1.7824423263574378,6.7796485210891415,1.993913874966381,1.9978305190151484,2.00768493162682,2.038924199558239,2.015779363027604,6.767578125,5.016532786717086,17.149482963734346,,2.033898689596582,1.9431229697121135,1.5669365074375181
15.5,0.009352691475673044,1.9999999999999842,6.7663227145909595,1.9944925610456368,1.9993282997743425,2.010624088655848,2.0339426317857736,2.0174271273353663,6.767578125,-2.1461092727105915,17.228476323225074,,2.032456618602292,1.8998396704037324,2.1540004816117073
15.51,0.011276772417197786,2.196110050341144,6.755714938899068,1.9940155167358942,1.9973221176891096,2.0032954242897136,2.0017667323294894,2.018780167445644,6.74560546875,0.11377917270605171,16.856590655187485,,2.0083359766760736,1.7663065801505007,1.8731615177296081
15.52,0.012465919836166088,2.308999593506498,6.752552529927578,1.994601584939004,1.9988653876826374,2.006674508067272,2.0073091262775193,2.0187319530372974,6.767578125,3.7497260188960464,15.97832693923445,,2.013186895923839,1.9002945115235312,2.468102588330784
15.530000000000001,0.01246591983616619,2.3089995935065075,6.757401230922158,1.9941313089854666,1.996904302137418,1.9998074288516166,1.983612699070161,2.016169967382941,6.74560546875,-2.6680275400883797,14.536170107461764,,1.9942736270510721,1.8396120927919328,1.8218889556646671
15.540000000000001,0.011276772417198055,2.1961100503411703,6.768240480187893,1.993695667013519,1.9951622105933746,1.9941599870922366,1.9679302699881984,2.0099140141524154,6.74560546875,3.2221474135879236,12.489736257164415,,1.9818767009836569,1.8679081767273018,1.9120943771701397
15.55,0.009352691475673003,1.9999999999999798,6.781566348525971,1.9932933517613711,1.9936262606184483,1.9896128276325244,1.958592751365281,1.9998719398020282,6.74560546875,1.810450835327019,9.748106750151633,,1.9745342822224317,1.9174333042219174,1.9886153863733724
15.56,0.007428610534148324,1.7824423263574338,6.792173850766181,1.9949785948776848,1.9989398566532932,2.005009276892662,2.01247255784293,1.987940466436143,6.78955078125,3.805369299764789,5.766712560815374,,2.014234280594529,2.1769586702760058,2.6940218012835477
15.57,0.006239463115180191,1.6335607969055763,6.795336039854953,1.9975939315513984,2.006959922626944,2.026711127072459,2.0767408792843374,1.9775887196388224,6.8115234375,-0.808608101177238,-5.100674565139725,,2.0604963849653024,2.3031306114115258,2.443022166114475
15.58,0.006239463115180181,1.6335607969055752,6.79048747461328,1.9990265912862448,2.0107110736841554,2.0344127801231564,2.087232264249411,1.9715360175488787,6.78955078125,-2.0753846535683556,-8.974038799380669,,2.066623813027392,2.151876262678294,1.0892168709749954
15.59,0.007428610534148301,1.782442326357431,6.779648521089139,2.000371163977729,2.013961359292984,2.039994503057897,2.088340993914256,1.970494506749367,6.78955078125,3.216431356568731,-11.335129505464225,,2.0668357780928623,2.042119171258606,1.2758706474221424
15.6,0.009352691475672973,1.9999999999999765,6.766322714590956,2.0006065434543308,2.0134469932641657,2.0342647760493224,2.052474001457197,1.973407534881466,6.767578125,-1.2046931175714208,-12.967944538937124,,2.042156670821117,1.8524820143691574,1.1753548937886542
15.610000000000001,0.01127677241719803,2.1961100503411677,6.755714938899063,1.99877349763375,2.0062626606724194,2.0096277859454155,1.9662196598802852,1.9780325237431697,6.7236328125,0.6120723680671074,-14.065377616379322,,1.980043153039217,1.5465987961211791,0.8120735213246398
15.620000000000001,0.012465919836166182,2.3089995935065066,6.75255252992757,1.999097061497952,2.0064412893075723,2.008682323647314,1.974865226970852,1.9827554707756088,6.767578125,4.7331572113420535,-14.68509077394053,,1.9826881761881585,1.8466544208336968,2.846159688494823
15.63,0.012465919836166213,2.3089995935065097,6.75740123092215,1.9983739615961231,2.0032230358705356,1.9981154327446418,1.9541357608687477,1.986521113770315,6.74560546875,-3.6827470342296427,-14.824827130726735,,1.963714565934,1.8629483255348935,2.31984230593794
15.64,0.01127677241719811,2.1961100503411757,6.768240480187885,1.9966664642151006,1.996990676494651,1.9799816353866928,1.9157572408299497,1.9878441000368938,6.7236328125,2.641394507840409,-14.44293861447117,,1.930722740595718,1.8116679449853135,1.7677220800143993
15.65,0.009352691475673074,1.9999999999999873,6.781566348525963,1.996087850095422,1.9947790946804536,1.9752772236468694,1.924572000709521,1.9866008395919044,6.74560546875,3.59735635285504,-13.461818252776828,,1.9346855334408244,1.997861004435731,2.3721319260681613
15.66,0.0074286105341483805,1.7824423263574405,6.792173850766173,1.996573211796964,1.9961673378001883,1.981510855934355,1.9652725036086613,1.9845758703694067,6.767578125,1.258785284123543,-11.764422612916933,,1.963062683977119,2.1814850317502565,2.5089864451121615
15.67,0.0062394631151802115,1.6335607969055792,6.795336039854946,1.998057931748349,2.0007393796720216,1.9963876602052109,2.021575394347613,1.9843000514933078,6.78955078125,2.130563342967427,-9.15277614636009,,2.005278150924468,2.3029370482341434,2.3803363069113535
15.68,0.0062394631151801595,1.6335607969055723,6.790487474613273,1.9994533065393463,2.004779430295813,2.008409266029145,2.0546829735568295,1.987981741328464,6.78955078125,0.35398893321112807,-4.7892617789735965,,2.032418807606552,2.2642111686410735,1.7601234170462858
15.69,0.007428610534148243,1.782442326357424,6.779648521089132,1.9997376552522101,2.0050120541525036,2.0085401224664494,2.0451896390900965,1.9959440976570693,6.767578125,0.6937119240142402,6.254606383662778,,2.027141247836046,2.0621558830057514,0.8624529448756124
15.700000000000001,0.009352691475673275,2.000000000000009,6.766322714590949,1.9989767124169542,2.0018586543691486,1.999027608484227,2.007700793568721,2.0064560427606337,6.74560546875,2.140822866229151,9.948758548988927,,2.0004845763346,1.8355384322781338,1.048171247670278
15.71,0.011276772417197973,2.1961100503411624,6.755714938899056,1.99723261319712,1.9956988076150475,1.9817297632066846,1.9532534628291554,2.0168454338999116,6.7236328125,1.866419723009085,12.422532359435765,,1.9604924924667344,1.6541993190223294,1.598649541090726
15.72,0.012465919836166161,2.308999593506505,6.752552529927564,1.9955915381363254,1.990217647879752,1.967837426001825,1.9189327130495089,2.024518301666034,6.7236328125,2.80674655604951,14.258807601222738,,1.935500644256069,1.687756349849263,2.327651855904961
15.73,0.012465919836166234,2.3089995935065115,6.757401230922143,1.995078129598028,1.9887210877166865,1.9666800255689383,1.9304317262498094,2.0282768794140194,6.74560546875,2.732945571987399,15.62916076277565,,1.9445577454390945,1.9173299481168808,2.7655643225404254
15.74,0.01127677241719817,2.1961100503411815,6.768240480187878,1.9945999988727203,1.9874485321731743,1.9663528844188427,1.9428859385509551,2.028201147549596,6.74560546875,-1.0093941627738108,16.597059889051973,,1.9535735240312988,2.02129278603159,2.3295753113812685
15.75,0.009352691475673143,1.9999999999999947,6.781566348525959,1.995183568446183,1.9897260174872822,1.9764478389128626,1.9846130395007715,2.024982210412058,6.767578125,3.0734673458479183,17.177087563328364,,1.9837419420663245,2.1689376555658115,2.2929579424699518
15.76,0.007428610534148439,1.7824423263574476,6.792173850766169,1.9947097494784831,1.9884643208243749,1.975332755257554,1.982513382318356,2.0194846319922726,6.74560546875,-2.401708454524293,17.354081469387356,,1.9825185940723453,2.0714636758796625,1.2765974384950807
15.77,0.006239463115180234,1.633560796905582,6.7953360398549405,1.9963243211008488,1.9940813225422411,1.9942321550130195,2.037669020566491,2.013102601202061,6.78955078125,4.380542493387846,17.091888712591533,,2.025302146219723,2.240200022832192,2.372187782462216
15.780000000000001,0.006239463115180253,1.6335607969055845,6.790487474613269,1.9978447150110172,1.9990910707893,2.009433339662195,2.0710946284640954,2.007838826760246,6.78955078125,-2.794104552794975,16.337260158159324,,2.0517110755515655,2.221013404079714,1.9877850649120308
15.790000000000001,0.007428610534148487,1.7824423263574534,6.779648521089128,1.998248133368488,2.0002088054452107,2.0119328527572993,2.0617817873429702,2.0045019468128613,6.767578125,1.1577472795895705,15.031074028485037,,2.0450814411771363,2.0335592977211685,1.222328818325124
15.8,0.009352691475673204,2.0000000000000013,6.766322714590945,1.998626697815643,2.001187525021731,2.013672369971702,2.0510268523016073,2.0029072816349385,6.767578125,3.079056045364871,13.133802151470814,,2.037962101220125,1.9423162633792412,1.7388532218667008
15.81,0.011276772417197916,2.1961100503411566,6.755714938899055,1.9989812074952253,2.002036472725448,2.0147698834795134,2.0402715184954725,2.0025888149202076,6.767578125,1.644274536923579,10.587834353183347,,2.0310852132446553,1.9106566289913383,2.0530898966080247
15.82,0.012465919836166139,2.3089995935065026,6.7525525299275655,1.9982866928796907,1.9994440643571372,2.005892774809483,2.001709832538515,2.00266082926108,6.74560546875,-0.9345034010615384,7.065357965989472,,2.0034396808098744,1.79112041633832,1.7081148174391219
15.83,0.012465919836166257,2.3089995935065137,6.757401230922146,1.9986582863997668,2.000448603271091,2.0079596570551224,2.0050860170592384,2.002357605413293,6.767578125,3.6683819737542476,-3.2297454993151447,,2.006305717177875,1.9284533834700541,2.396243900214576
15.84,0.011276772417198225,2.196110050341187,6.768240480187881,1.9979802480917792,1.9980032191574064,1.9999836813099714,1.978996364688935,2.001188776759119,6.74560546875,-2.6434662923781813,-8.156653256456307,,1.9864015114820825,1.8675132190902408,1.8087013517372361
15.85,0.009352691475673214,2.000000000000002,6.781566348525961,1.9983681047448478,1.99914977217114,2.0029168303996636,1.9905888562067493,1.9989724059512162,6.767578125,3.8412916949133504,-10.794347031181838,,1.9955220425838525,2.004675817011924,2.3210871388929077
15.860000000000001,0.007428610534148195,1.7824423263574183,6.792173850766173,1.9977057269572733,1.9968375908806424,1.995728344969725,1.9707733840366268,1.9962381292041036,6.74560546875,-2.569909473074603,-12.597790570656608,,1.9801648557264997,1.931096251798418,1.6598199871824353
15.870000000000001,0.006239463115180141,1.6335607969055699,6.795336039854947,2.0001603456186547,2.0047501512400543,2.0182764078166704,2.0437642238301796,1.9945575346475102,6.8115234375,4.835387504256358,-13.83322446362285,,2.03546389348927,2.2526954649958753,2.877212483011811
15.88,0.00623946311518023,1.6335607969055816,6.7904874746132755,2.0004135189218113,2.005107551536673,2.0173628247144935,2.0346857092225306,1.9955746390098283,6.767578125,-4.6850767612625575,-14.582344267687379,,2.0274981687354314,2.0611601835973756,1.140820296851872
15.89,0.007428610534148431,1.7824423263574465,6.779648521089135,2.0016716315260425,2.008690659898891,2.025666401358912,2.0549584869364996,1.9996679689658041,6.78955078125,4.706060898583812,-14.855776596640254,,2.0417812850045447,2.0872036313688644,1.8505958656151644
15.9,0.009352691475673133,1.9999999999999936,6.766322714590952,2.0018234598477074,2.00850022557885,2.022469988032568,2.036291070252387,2.0062718473006385,6.767578125,-2.697743179821111,-14.622186918422688,,2.0278694014917438,1.948825810232368,1.3559607567805603
15.91,0.011276772417197859,2.1961100503411513,6.755714938899062,2.000934503234255,2.004949731310548,2.0098732101736507,1.9915489724586186,2.0132190623642643,6.74560546875,2.2875035978424973,-13.813792986010107,,1.9955645670491349,1.7921476897591533,1.348536382673124
15.92,0.012465919836166116,2.308999593506501,6.752552529927573,1.9990666976833102,1.9984141040000432,1.9897338365594741,1.9318606483165048,2.0176860259474165,6.7236328125,2.0231888510081033,-12.323107498970385,,1.9520776004786349,1.6713541553057,1.6428788389797875
15.93,0.012465919836166277,2.3089995935065155,6.757401230922152,1.998332335342502,1.9959139980900382,1.983105262787818,1.9258190321180642,2.0178089241998487,6.74560546875,3.467137286586225,-9.987977846506727,,1.9475863825195558,1.8674821515670321,2.6091125566258384
15.94,0.011276772417198284,2.1961100503411926,6.768240480187887,1.998666821240104,1.997034990106963,1.987653900553357,1.957130547424423,2.0137455638301405,6.767578125,1.424638771013345,-6.312355436200663,,1.9696099900670092,2.0885893378693976,2.7665542317677523
15.950000000000001,0.009352691475673285,2.0000000000000098,6.781566348525968,1.9989800630636283,1.9980392552409376,1.9915469037888007,1.980217866057411,2.0063394408989432,6.767578125,0.23337013802348688,4.747675570765904,,1.9857577000337605,2.1454677493556984,2.190644976871038
15.96,0.007428610534148252,1.7824423263574252,6.792173850766178,1.9992727712180114,1.9989333343776987,1.9948345736222401,1.9959721209714263,1.9964647750312514,6.767578125,2.26362762031297,9.14165475479894,,1.997003267370268,2.1386870340558133,1.7414054171471656
15.97,0.006239463115180161,1.6335607969055725,6.795336039854951,1.9995456539600123,1.9997237766162126,1.9975699313521305,2.0061916386911496,1.9855581061344734,6.767578125,1.9428960097003802,11.862007532076992,,2.0043768486452973,2.108641133455943,1.6731439106411852
15.98,0.00623946311518021,1.6335607969055788,6.790487474613279,2.0018493961139154,2.0070516200458766,2.018713323814945,2.0671971782694896,1.9762758321958709,6.8115234375,3.867560394007972,13.858065727569977,,2.0513424989115117,2.2794040058193525,2.5451947680236504
15.99,0.0074286105341483735,1.7824423263574396,6.779648521089138,2.0029835480793876,2.010190365534033,2.026028273577022,2.077297606582972,1.9712173557009804,6.78955078125,-3.1985097783613834,15.359067451739529,,2.0583665432942326,2.1442705537750677,1.5790379921698743
16.0,0.009352691475673063,1.9999999999999862,6.766322714590955,2.004040890475474,2.0129040637998257,2.031452888053424,2.079291673707131,1.9711261494326986,6.78955078125,3.368059473954465,16.448611420840496,,2.0596970941523236,2.0435733117856336,1.6067656334479639
16.01,0.011276772417198102,2.196110050341175,6.755714938899064,2.004001028064868,2.0119200452744987,2.02581039979287,2.0457641984820105,1.9750694341438295,6.767578125,-1.016537130310558,17.15178628461633,,2.036188410259907,1.8596801762956763,1.3004582099621143
16.02,0.012465919836166095,2.3089995935064986,6.7525525299275735,2.002928959614967,2.0076435719379644,2.01113379718645,1.991076113814167,1.9809469296056104,6.74560546875,2.1321646195658857,17.46227485730481,,1.996906899831943,1.695188556413909,1.4496665811878209
16.03,0.012465919836166186,2.308999593506507,6.757401230922155,2.0008861813043617,2.00044423209712,1.989271739660436,1.92778227936277,1.9865152095836935,6.7236328125,1.928376589464073,17.351291266063598,,1.9485482177731936,1.590801383778184,1.7475073355193527
16.04,0.01127677241719834,2.196110050341198,6.76824048018789,1.999983447655878,1.9973422512378711,1.9813068959460371,1.9209330498704071,1.9906715577259575,6.74560546875,3.4961582530735114,16.771868887833172,,1.9410327766769582,1.8275228808228678,2.648669869206152
16.05,0.009352691475673356,2.0000000000000173,6.78156634852597,2.0001563627451056,1.997922262445911,1.9848390438970154,1.9517253084295831,1.9941461710009563,6.767578125,1.412844349514397,15.664650710786672,,1.9615936126337283,2.0830344905120244,2.7721515939035157
16.06,0.00742861053414861,1.782442326357468,6.792173850766179,2.001340615017613,2.0017690779413013,1.997534218902732,2.003527100243611,1.9982876290195155,6.78955078125,2.112961945422874,13.982491793159921,,1.99902097819974,2.263089847682283,2.517553350715691
16.07,0.006239463115180185,1.6335607969055757,6.795336039854952,2.001423650559591,2.00184418186801,1.9982981691465573,2.0073071409372254,2.0036990619815658,6.767578125,-2.057831424999284,11.688432595379265,,2.002088197124046,2.16362992237042,1.203263289550415
16.080000000000002,0.006239463115180303,1.6335607969055912,6.790487474613279,1.9994451961467212,1.9952374017026733,1.9798600823461692,1.9535562325207612,2.0097169881406884,6.7236328125,1.239047875218619,8.616680071762145,,1.9602437595500626,1.8739874747397405,-1.2276882094854127
16.09,0.007428610534148316,1.7824423263574327,6.779648521089138,2.000658148384883,1.9993614481282365,1.9938498847750552,2.00350823100052,2.0162556589788863,6.78955078125,5.163272223962943,3.5446930034419153,,1.999627945873793,2.157799327377618,2.7490652306737346
16.1,0.009352691475673363,2.000000000000018,6.766322714590956,2.0007692093580913,1.999698541849989,1.9957769309227953,2.0091127580058443,2.023680459795509,6.767578125,-4.371684800797408,-6.759131597252816,,2.0040075482579343,2.082438349064178,2.113084175872546
16.11,0.011276772417197746,2.19611005034114,6.755714938899065,1.9998437696533973,1.9966673025778765,1.98788403910588,1.9841330930943126,2.030950497931167,6.74560546875,2.8411106713436545,-9.926023126102718,,1.9848853208617656,1.9216132758685653,1.540831697245635
16.12,0.012465919836166189,2.3089995935065075,6.752552529927575,1.9989699537981107,1.9939789743932286,1.9816414660654849,1.9673832143029912,2.0365679958357172,6.74560546875,2.963954885424977,-12.010570762053021,,1.9726634081971268,1.8900302756711411,1.9272767778915043
16.13,0.01246591983616632,2.3089995935065195,6.757401230922158,1.9981463439929357,1.9916134979131541,1.9768654663710206,1.9574263088503787,2.0394113756494217,6.74560546875,1.602717658962547,-13.459953313341773,,1.9658061187469504,1.9057726091323823,2.1113421347484245
16.14,0.011276772417198096,2.1961100503411743,6.7682404801878935,1.998398029898476,1.9928866281264799,1.9830062577920944,1.9827297594439013,2.0391637533770655,6.767578125,3.0185771153697583,-14.40484216777816,,1.9847586842266018,2.045145723164368,2.468235465333435
16.15,0.009352691475673799,2.000000000000065,6.781566348525973,1.9976081684753861,1.9907213652266784,1.9786815354049407,1.9712337537055873,2.0359807156395546,6.74560546875,-2.3138750478607903,-14.880377502147619,,1.9761916369027384,1.9590585068978794,1.6857963647398182
16.16,0.007428610534148366,1.7824423263574387,6.792173850766184,1.9989190032620208,1.9955129387266124,1.9947833264847328,2.023999094453964,2.030767076215608,6.78955078125,4.392735291373084,-14.87193100263132,,2.0147463834059915,2.163411231743476,2.532143063310042
16.17,0.006239463115180091,1.6335607969055634,6.795336039854957,1.9991246283707698,1.9964615283266565,1.9983126719528954,2.0288700471363783,2.0252878790641913,6.767578125,-3.498920174189089,-14.328508866730884,,2.0177945655782543,2.067086597893462,1.5852021159553324
16.18,0.0062394631151801655,1.6335607969055732,6.790487474613285,2.001366847814891,2.0039619184719606,2.0201534820336153,2.0872197262189585,2.0216768005202863,6.8115234375,4.478605118699858,-13.163933343235604,,2.0609455289914913,2.227407438155885,2.419858629815698
16.19,0.00742861053414856,1.782442326357462,6.779648521089145,2.0024445027088382,2.0072703406258188,2.0279379422227297,2.092874754424524,2.021629239010408,6.78955078125,-3.445506146824212,-11.25174517038127,,2.065084502914882,2.0975862252822663,1.4648661888279775
16.2,0.009352691475672923,1.9999999999999711,6.766322714590962,2.003450306266487,2.0101543392266232,2.033688963802276,2.09008673796458,2.024834206599111,6.78955078125,3.32194708372585,-8.34264021847752,,2.064119457099675,2.0146304610394963,1.5880150006388984
16.21,0.011276772417197989,2.1961100503411637,6.755714938899072,2.003363460962129,2.0093375008980434,2.028236092822844,2.0516139128966375,2.0296010007195786,6.767578125,-0.9373802926941986,-2.816392505348979,,2.0388392618143056,1.8516753503528727,1.3337747122779025
16.22,0.012465919836166052,2.3089995935064946,6.7525525299275815,2.0022487528232915,2.0052264635591603,2.013650982144912,1.994970573930388,2.03342029233518,6.74560546875,2.1260437485763783,7.338057932084416,,1.9982031214053326,1.7053144574076717,1.4882395789018719
16.23,0.012465919836166227,2.308999593506511,6.757401230922164,2.001192557760905,2.0015178273731244,2.0014670041810176,1.961931216470635,2.0339061620050214,6.74560546875,2.8509391451755093,10.616173834226073,,1.9708632287389474,1.7458544725300513,2.175771994101755
16.240000000000002,0.011276772417197852,2.1961100503411504,6.7682404801879,2.0001934418519447,1.9981938459550062,1.9915388531670324,1.9442369233300403,2.029791867125732,6.74560546875,1.6934454794373854,12.903862291169037,,1.9541911390588638,1.8451752157297565,2.3519807075327437
16.25,0.009352691475673497,2.0000000000000324,6.7815663485259785,2.0013005642051627,2.001892370985543,2.00278629076739,1.9917638491173923,2.0220244108296046,6.78955078125,3.769199024658088,14.611997257926337,,1.9894830775459817,2.1613039342466966,2.8868035146836126
16.26,0.007428610534148122,1.7824423263574094,6.792173850766188,2.002336380978816,2.005156685083549,2.011753541508359,2.0233182127334617,2.0129830545165603,6.78955078125,-2.405362489640576,15.874523471214319,,2.013282004728515,2.226044420670139,2.1756731684825708
16.27,0.006239463115180228,1.6335607969055812,6.79533603985496,2.0053498286669367,2.0146275451993167,2.037426460177174,2.0958836553255953,2.0055852739666062,6.83349609375,3.830589007152831,16.740025346958618,,2.0703063445439107,2.396217705755906,2.397304256502496
16.28,0.006239463115180259,1.6335607969055854,6.790487474613286,2.0061246502294505,2.0163327627706003,2.038839944277122,2.0855061074968293,2.001773134794863,6.78955078125,-3.9251546008858678,17.215784363405966,,2.0622050358323585,2.1362007046054403,-0.7888632379693677
16.29,0.007428610534148202,1.7824423263574192,6.779648521089145,2.006839672579084,2.0177381199786306,2.0392229955452934,2.07222807564517,2.0014498529532516,6.78955078125,4.091371951391069,17.281732987727285,,2.05313808953032,1.9880558604109337,1.1410626650431837
16.3,0.009352691475672852,1.9999999999999636,6.766322714590962,2.0074972919766627,2.0188683097111393,2.038746586118921,2.0582955768926765,2.0040678333785054,6.78955078125,1.5288109891503572,16.897151922762895,,2.0441356534876913,1.9122987650819285,1.920360003177511
16.31,0.011276772417197631,2.196110050341129,6.755714938899069,2.008099861529536,2.0197467843585666,2.037575619331037,2.0456975487852476,2.0085006357257154,6.78955078125,1.9063898212683825,16.006732403685884,,2.0358512619906572,1.8895451268674053,2.204714260840266
16.32,0.012465919836166262,2.308999593506514,6.752552529927576,2.0066056516170883,2.0137754483657773,2.016745156911259,1.978619328556894,2.0126002292859364,6.74560546875,-2.5112231905525215,14.554148363273166,,1.985622192316604,1.6448026839519987,1.28914861893047
16.330000000000002,0.012465919836166137,2.3089995935065026,6.757401230922156,2.006207869347416,2.0116782515124525,2.009167782847119,1.9659222819392412,2.0140314458495747,6.767578125,4.302135078209829,12.501065768396654,,1.9744145621500728,1.80433537654789,2.3957467292686077
16.34,0.011276772417197909,2.196110050341156,6.768240480187891,2.004796866244948,2.0064071288195042,1.9933510653558815,1.9321423768689783,2.011198435255641,6.74560546875,-2.802401085739592,9.758070602250925,,1.9465381117664156,1.7968840248168143,1.9929174673125865
16.35,0.009352691475673195,2.0000000000000004,6.781566348525969,2.0044820849231275,2.005000809450166,1.9903123631067565,1.9424688253760682,2.003933807604474,6.767578125,3.8107646338083256,5.7853249785277345,,1.9530622090550505,1.9984644367497908,2.4629442145999256
16.36,0.00742861053414848,1.7824423263574525,6.792173850766178,2.006222921303607,2.01036025120005,2.0069393637545634,2.011044114689058,1.994305095388862,6.8115234375,2.611701066997805,-5.070345004282349,,2.003635138767314,2.286453110378613,2.8133483293734023
16.37,0.006239463115180249,1.633560796905584,6.7953360398549485,2.0068236129327954,2.011732376869992,2.010829504372225,2.0263567124266517,1.9847931166072432,6.78955078125,-3.194515452901211,-8.94869274827703,,2.015190475283952,2.207204098682891,1.532652262450853
16.38,0.006239463115180122,1.6335607969055674,6.7904874746132755,2.0083965388168132,2.0161769870405983,2.0230649712115274,2.062195475889086,1.9778138868240407,6.8115234375,4.029499974791812,-11.306602952846976,,2.043159513091746,2.235176520802974,1.8552078233639457
16.39,0.0074286105341481445,1.7824423263574123,6.779648521089134,2.0098582504052005,2.02001518979166,2.032551450036539,2.0821269519480827,1.9756080117342205,6.8115234375,-1.5425646218861055,-12.933808277279825,,2.059292597327092,2.168870826841191,1.7433315002600211
16.4,0.009352691475672782,1.9999999999999563,6.7663227145909515,2.011213031461974,2.023294427222094,2.0396715855506464,2.090250705476154,1.9785562647715138,6.8115234375,2.146782279978868,-14.023635399910253,,2.0668203199770616,2.078323695729515,1.8090881972215722
16.41,0.011276772417198174,2.196110050341182,6.755714938899058,2.009402739369164,2.016175732449714,2.0166829570702234,2.001222096283604,1.9844486801739487,6.74560546875,-3.4392630667540725,-14.63385090450021,,2.0047122059750864,1.6284635981627398,-1.096739403156701
16.42,0.012465919836166238,2.308999593506512,6.7525525299275655,2.0087022547032674,2.0130303104467697,2.006954236199201,1.9738716781969576,1.9904563241334168,6.767578125,4.7692061445740705,-14.761504364269229,,1.9838504459745674,1.7040687816066247,2.25659062049601
16.43,0.012465919836166158,2.3089995935065044,6.757401230922145,2.0070034894346462,2.0068307920332717,1.9893593781630103,1.9302315948551583,1.994377097336604,6.74560546875,-2.9449697911195165,-14.364051919432868,,1.9489442541139608,1.676242130131388,2.178524317487792
16.44,0.011276772417197965,2.1961100503411615,6.768240480187879,2.0053906031404645,2.0012662601568896,1.9752407270669656,1.9068908268341,1.9946680599441935,6.74560546875,3.152341223192417,-13.362361963040051,,1.9283529553946512,1.7854563219896415,2.3159601907167047
16.45,0.009352691475673266,2.000000000000008,6.781566348525959,2.0048860767286887,1.9996363672211144,1.9738868488331187,1.9285126732034323,1.9919354061927372,6.767578125,2.832881112432552,-11.636204955012671,,1.9411001683661797,2.029810866840044,2.5770103552953243
16.46,0.0074286105341485375,1.7824423263574594,6.792173850766169,2.0064491199532237,2.0048322520572683,1.992533381882174,2.00681452619997,1.9884186808075321,6.8115234375,2.725224605885849,-8.975882777945898,,1.9967021843866377,2.326431972068514,2.8015169709483603
16.47,0.006239463115180271,1.633560796905587,6.7953360398549405,2.0068831403305576,2.006104118474586,1.9982007146510807,2.024504161039724,1.9860367456941432,6.78955078125,-3.117562961250268,-4.4344069713270295,,2.011832042789866,2.247389276342019,1.413569493276331
16.48,0.0062394631151801,1.6335607969055645,6.7904874746132675,2.0072781750065025,2.0071985855371968,2.002835122806461,2.0332278842273985,1.9855741328391054,6.78955078125,3.4043076584796195,6.508164380991887,,2.021087589245748,2.1641692044665777,1.2292719270864263
16.490000000000002,0.00742861053414869,1.7824423263574776,6.779648521089126,2.0066135086741075,2.0048265626093515,1.997070924820466,2.0096843091206584,1.9869780209457173,6.767578125,-1.1361788826628376,10.104830586805337,,2.004627833473013,1.9743354636976231,0.9871584088728969
16.5,0.009352691475672711,1.9999999999999485,6.7663227145909435,2.005975757591073,2.0026881395968443,1.9924539744630885,1.9931651009370845,1.989792427202524,6.767578125,3.005513521289671,12.541595855304992,,1.993305283753684,1.908282066406788,1.8843659415353127
16.51,0.011276772417198119,2.1961100503411766,6.755714938899053,2.006387462361702,2.0040786170131724,1.9983502319144135,2.009631666252862,1.9939149212441467,6.78955078125,2.7605175925414005,14.355608818651142,,2.00774527267999,2.01592097000599,2.5683940827805776
16.52,0.012465919836166215,2.3089995935065097,6.752552529927563,2.0057401972486346,2.001988648822348,1.993711236185712,1.9926945452639342,1.9988182186619217,6.767578125,-2.3598798018394778,15.70951174540564,,1.9954774403118678,1.9203738514380966,1.9220185745691136
16.53,0.01246591983616618,2.3089995935065066,6.757401230922147,2.004097329384835,1.996805544243525,1.9805153791755619,1.9524181527645124,2.0030254091357973,6.74560546875,2.478465244712007,16.663679580176712,,1.9656769908875384,1.7899073264942562,1.4786087099951468
16.54,0.011276772417198024,2.1961100503411672,6.768240480187882,2.0035674030601482,1.9955275576388605,1.979684618256881,1.956164269145427,2.005426359126272,6.767578125,3.527758458932902,17.23133986669082,,1.9694702288567079,1.931596766476749,2.3251731441519934
16.55,0.009352691475673336,2.000000000000015,6.781566348525962,2.003062351991339,1.9944225279551482,1.9794132174635273,1.9615565842234994,2.0057173283746903,6.767578125,-1.6232438146957433,17.39654756623904,,1.9736640597896287,1.9927086276799384,2.2184324406677467
16.56,0.007428610534148595,1.7824423263574662,6.792173850766172,2.0025816689621823,1.9934784658420668,1.9796050775674126,1.967725439408485,2.003793278674523,6.767578125,2.25134270414707,17.122574266780358,,1.977776895435274,2.0165571617748164,2.068048725177288
16.57,0.006239463115180292,1.6335607969055896,6.795336039854945,2.00212482136055,1.9926836542421402,1.9801704599659975,1.9739337470546794,1.9998673592806404,6.767578125,2.0072696014739395,16.356201838722086,,1.981546720095358,2.0224357663855534,1.9928801842365733
16.580000000000002,0.006239463115180308,1.6335607969055919,6.790487474613273,2.0016912557540776,1.992026689266287,1.9810265618064546,1.979698116828431,1.994711940126246,6.767578125,1.9579246340135372,15.039418209687794,,1.9848549516019278,2.020604091630051,1.979861870629012
16.59,0.007428610534148031,1.7824423263573985,6.779648521089133,2.003327885652486,1.9981493345995889,2.001341404144178,2.042543396470875,1.9901004317017437,6.8115234375,3.9115039138921253,13.13465456828737,,2.030631409382171,2.227024511954397,2.677481118121347
16.6,0.009352691475673384,2.0000000000000204,6.766322714590951,2.003837578880794,2.000284593917122,2.0081374747271155,2.0534225234592567,1.9877081870508682,6.78955078125,-3.2286725527007394,10.585750163034012,,2.0377877155982405,2.116990909847133,1.641889835750691
16.61,0.01127677241719806,2.196110050341171,6.755714938899061,2.0043101180883376,2.002185028492566,2.013471537900107,2.057515553372954,1.9876961853050983,6.78955078125,3.366115668469704,7.066579499498593,,2.040377811789603,2.0422406596312253,1.5809968355796862
16.62,0.012465919836166194,2.308999593506508,6.752552529927572,2.003724407723399,2.00054772549986,2.0080623305257337,2.0276973141353345,1.9888131341531576,6.767578125,-1.003456897765416,-3.2041714040197644,,2.0186673181171573,1.8809010188521038,1.2508497503570581
16.63,0.012465919836166201,2.3089995935065084,6.757401230922155,2.0011196950043417,1.992433380769924,1.9844137692881898,1.94645020470175,1.9885169740853545,6.7236328125,0.34740835634091405,-8.133461703057609,,1.9595625647184434,1.5966156793777868,0.6403886702187666
16.64,0.011276772417198079,2.1961100503411726,6.76824048018789,1.999689707827852,1.9885771627062327,1.9749380230495373,1.9248956350526059,1.9849284985768407,6.74560546875,4.246103810692311,-10.764132411430511,,1.9438466275996604,1.7673877649707923,2.4797924091000487
16.65,0.009352691475673405,2.0000000000000226,6.7815663485259705,1.9993696462681971,1.9885584600005677,1.97732976476229,1.9459167946215405,1.9785578194842877,6.767578125,0.871681746569353,-12.558453486713226,,1.958777518114879,2.016296594845512,2.8513405685123816
16.66,0.00742861053414865,1.782442326357473,6.792173850766182,2.000094726804385,1.99195891519933,1.9893357692075722,1.9930191833158213,1.9714026689621045,6.78955078125,2.0673981444675156,-13.782842345183713,,1.9927826358794345,2.208735672602105,2.667878235916584
16.67,0.006239463115180085,1.6335607969055626,6.795336039854956,2.0007767006472794,1.9950353497603774,1.9992511188379396,2.022852088998085,1.9658169837377728,6.78955078125,0.4608484997665454,-14.518379085581943,,2.0154555738618805,2.226044849916482,1.8971116465305715
16.68,0.006239463115180055,1.6335607969055588,6.790487474613284,2.001416931320968,1.997803067721456,2.0072729292318305,2.0402911336444487,1.963965193883084,6.78955078125,2.2156602400934515,-14.774826382272463,,2.02945421205023,2.1800301282321484,1.4568302219235385
16.69,0.007428610534148576,1.782442326357464,6.779648521089143,2.0030399802769465,2.0036014318151687,2.0230514506180497,2.076443087855228,1.9673751930461578,6.8115234375,2.995114027090592,-14.519353628421351,,2.0581337568646108,2.2171034327781522,2.006074144947312
16.7,0.009352691475672569,1.9999999999999334,6.76632271459096,2.0014916557292315,1.9987646429629078,2.007078516834394,2.012516979540284,1.975090301383175,6.74560546875,-3.811607074403639,-13.682066217422474,,2.010525843985554,1.8150464790189282,-1.150424124808446
16.71,0.011276772417198004,2.1961100503411655,6.75571493889907,2.0000316242444525,1.9944608776521355,1.9938478410579876,1.9674351447108387,1.9843965598997069,6.74560546875,4.664244864994508,-12.151722133096253,,1.977472106694738,1.7132528227588852,1.7448743110219767
16.72,0.012465919836166172,2.3089995935065057,6.752552529927581,1.9986574201949479,1.9906607316124254,1.983144411836092,1.9392199416096987,1.9929437509230454,6.74560546875,1.0220214516733481,-9.755410295564909,,1.9564605589853779,1.7503388874899526,2.424350703540431
16.73,0.012465919836166224,2.3089995935065106,6.757401230922163,1.996340382497113,1.9839853325936787,1.965054741075321,1.8938312394822072,1.9984810164688172,6.7236328125,-1.1654564634873663,-5.923717208222073,,1.9224938779519192,1.707884759040255,2.137099210959358
16.740000000000002,0.011276772417197536,2.1961100503411197,6.768240480187898,1.995192374108115,1.981488005034654,1.9606164911664816,1.9012274456667786,2.0002444058090827,6.74560546875,3.742725029789713,5.2224622135011325,,1.9264735575706187,1.9239163161061719,2.566505878505437
16.75,0.009352691475673476,2.00000000000003,6.781566348525977,1.9951481146218761,1.9827421674538575,1.967542844869575,1.9453178466798364,1.999540705283517,6.767578125,1.3366111289125375,9.389266126117688,,1.955563265615315,2.1390151489659717,2.5542411707031243
16.76,0.007428610534148106,1.7824423263574076,6.792173850766186,1.9961424605300977,1.987326022079009,1.983558687554947,2.005447254348144,1.998180786644616,6.78955078125,2.076927933870082,12.044191303993818,,1.9988481918370964,2.2851132636778617,2.3256637914179095
16.77,0.006239463115180336,1.6335607969055954,6.795336039854957,1.9960581209897164,1.988126436359523,1.98705673689974,2.0113499745970587,1.9972889695653815,6.767578125,-2.0449221340987496,14.003174956607499,,2.00567612332415,2.163070628698091,1.0559434844898747
16.78,0.006239463115180264,1.633560796905586,6.790487474613284,1.9959860395640348,1.9889129685484577,1.9901019346149593,2.0136874993899423,1.99721615472808,6.767578125,3.2191698877417863,15.477622684133104,,2.0096240114850197,2.0809960464962747,1.3493376507077837
16.79,0.007428610534147916,1.7824423263573848,6.779648521089143,1.9959255716149218,1.989681182229695,1.9927195948497491,2.01402193411318,1.9981324942946195,6.767578125,1.7309987764787835,16.54535340506195,,2.0115391537307517,2.0251930949988766,1.7917320757581965
16.8,0.009352691475673244,2.0000000000000053,6.7663227145909595,1.995876088599533,1.9904274115132699,1.9949446783627345,2.013177402482017,1.9999345211387116,6.767578125,1.9912231116914805,17.228725086890282,,2.012075212354122,1.9927782949145367,2.0280468620281247
16.81,0.011276772417197949,2.19611005034116,6.755714938899067,1.994809536228841,1.987800433044141,1.9873098840364458,1.984107480147172,2.0020707299154465,6.74560546875,-1.1812212700712146,17.519604249452346,,1.9901536856287294,1.8623090432624245,1.651822954409734
16.82,0.01246591983616615,2.308999593506504,6.752552529927574,1.994842946748351,1.9888875397516947,1.9908297403848134,1.9925734006974332,2.004115380689083,6.767578125,3.6514447518799917,17.38812102726146,,1.997588179727407,1.9749606557869908,2.3705335665884935
16.830000000000002,0.012465919836166016,2.3089995935064915,6.757401230922155,1.9948835778467287,1.989920696115257,1.9938352919418159,1.9988139619665886,2.0060317189478174,6.767578125,-1.5734889157487635,16.786529123893953,,2.002646664103716,2.009538608641899,2.204133702391073
16.84,0.011276772417198194,2.1961100503411837,6.768240480187889,1.9939027708640802,1.9875544514297734,1.986884108010067,1.9739814935297781,2.007401342811363,6.74560546875,0.6387190004277391,15.655567757318513,,1.9841742864620564,1.9020843570577999,1.5815090439213837
16.85,0.009352691475672803,1.9999999999999585,6.781566348525969,1.9940190029887017,1.9888696431525559,1.990944700595559,1.9876235670254752,2.00805903361976,6.767578125,3.7007747307985492,13.950846541799443,,1.9942626888965964,2.012377809960419,2.275383419455882
16.86,0.007428610534148765,1.7824423263574867,6.7921738507661775,1.994138839314551,1.9901042659249095,1.99439519518117,1.9976840107051357,2.0084640880530675,6.767578125,-1.617768726618768,11.637167556389453,,2.0011980080840077,2.038696187700152,2.1322891932704597
16.87,0.006239463115180128,1.6335607969055683,6.7953360398549485,1.9942617750006046,1.9912588556144715,1.9972831985653798,2.004635928069722,2.0091115307257157,6.767578125,2.217440173513769,8.5433481813693,,2.005626486530948,2.036915790097683,2.0050341444890862
16.88,0.006239463115180012,1.633560796905553,6.7904874746132755,1.9943873300186532,1.9923344331280295,1.9996575502884966,2.0090328673523974,2.0106000295789697,6.767578125,2.01891636335524,3.377272378088769,,2.008160400329567,2.027721868006101,1.9677847746584034
16.89,0.007428610534148461,1.7824423263574503,6.779648521089134,1.9955431279142417,1.9966623663112892,2.0110400809384084,2.040404771483228,2.0137366868373454,6.78955078125,3.063943847679784,-6.828897478241149,,2.0306905750721627,2.1264076305411317,2.347164543906905
16.9,0.009352691475672428,1.9999999999999183,6.7663227145909515,1.9956097241797481,1.9971949827370596,2.0105980222779425,2.0304908461951574,2.0187628547682537,6.767578125,-2.314529496199541,-9.958751932708395,,2.0227013207549773,2.0116041264132827,1.5989116703374617
16.91,0.01127677241719789,2.1961100503411544,6.755714938899058,1.9956796404996384,1.9976788115081339,2.0100036905903917,2.0216782893701017,2.0248696118139486,6.767578125,3.235639089902358,-12.021985307517467,,2.016103723966651,1.973562388478785,1.7859218708758404
16.92,0.012465919836166359,2.308999593506523,6.7525525299275655,1.995752498714824,1.9981160863454948,2.0092964385832044,2.0142408620383567,2.030686385273372,6.767578125,1.7792851512353551,-13.453108322718991,,2.0108864531702255,1.9674501389765178,1.9606680659873599
16.93,0.012465919836166267,2.3089995935065146,6.757401230922145,1.9937715140073466,1.9918589289733424,1.9894023900382702,1.9490666094352929,2.033908269667566,6.7236328125,-2.581382058404164,-14.379473617106191,,1.963427188859599,1.730721722823083,0.9331180982097533
16.94,0.011276772417197649,2.196110050341131,6.768240480187879,1.992946069168507,1.9896557892198306,1.9828859932039633,1.936933923170111,2.0326250131957146,6.74560546875,4.2720240049123,-14.834226560017703,,1.9553764958083049,1.8669347193890344,2.320692642085487
16.95,0.009352691475673617,2.0000000000000453,6.781566348525959,1.9932104304155167,1.9910859039553872,1.9875062024593266,1.9628973773363791,2.027089377485467,6.767578125,1.0222299191908812,-14.801312692725162,,1.9744782003406915,2.063814594028774,2.6776061259685604
16.96,0.007428610534148221,1.7824423263574214,6.792173850766169,1.9944990973985017,1.995734679194696,2.0010493127469844,2.0120476526856708,2.018927375972236,6.78955078125,2.0237077388869196,-14.227793011580516,,2.0100185846987038,2.2157056486496183,2.5648660176569265
16.97,0.00623946311518038,1.6335607969056012,6.7953360398549405,1.994691428807355,1.9965602142647871,2.002429546487543,2.0142690297243337,2.010169159759871,6.767578125,-2.0301739670866317,-13.024569547739281,,2.0113454257952297,2.1043825485260785,1.3929742209193583
16.98,0.006239463115180221,1.6335607969055803,6.7904874746132675,1.9979632288084046,2.0072534889183222,2.031862239929254,2.098436065175501,2.003843179972026,6.83349609375,4.858508342133961,-11.059410689013392,,2.074780933209191,2.348885050306245,2.6328178464863035
16.990000000000002,0.007428610534148405,1.7824423263574434,6.779648521089126,2.0000132265428423,2.0133739219376103,2.045589998372935,2.121076850734476,2.0024214269969995,6.8115234375,-4.225667002419901,-8.057521422986975,,2.091412575475762,2.212413672217212,1.4217062367770703
17.0,0.009352691475673103,1.9999999999999905,6.7663227145909435,1.9998882430050775,2.012122092696755,2.037021795778015,2.069856791211488,2.004789959889995,6.767578125,1.8781876541140308,-1.7652964456519262,,2.0554773664536765,1.8508599485805675,-1.1761817067266604
17.01,0.011276772417197833,2.1961100503411486,6.755714938899053,1.9997696667024032,2.0109202955908057,2.029224076209346,2.031033456343583,2.008600469068285,6.767578125,3.7542618421710676,7.657450392517573,,2.0276286523228264,1.7325967164225033,1.6155607466695112
17.02,0.012465919836166107,2.3089995935065,6.752552529927563,1.9986314618824927,2.0064589023376462,2.012634840294109,1.9770805204633575,2.0116368060203276,6.74560546875,-1.7588181292918725,10.833264947308436,,1.9856327455714113,1.6099665060523203,1.9395572856777783
17.03,0.012465919836166057,2.308999593506495,6.757401230922146,1.9975614845453658,2.002430470283567,1.9989378897097625,1.9462081112864746,2.011946025163832,6.74560546875,3.071667066729032,13.075038870251698,,1.957989415082903,1.6836836535208302,2.3971388867017107
17.04,0.011276772417198308,2.196110050341195,6.768240480187881,1.997584488861305,2.0021429993554904,1.9975624035045276,1.9581219448596041,2.0091104719425745,6.767578125,2.7667588973512585,14.75405493684586,,1.963887430834084,1.9363283090820178,2.725596389189226
17.05,0.009352691475672945,1.9999999999999736,6.781566348525961,1.9986354965659243,2.0051868885824735,2.0060226319275962,1.9965663689284885,2.004149210387321,6.78955078125,1.7880312123583937,15.994754987167157,,1.99164889003168,2.158205559544411,2.6007009601795605
17.06,0.007428610534148879,1.7824423263575002,6.79217385076617,1.99859918846002,2.004535726369745,2.003257566944692,1.9945649902868132,1.998255769862499,6.767578125,-2.0662061684618953,16.841808055912136,,1.988779530310946,2.0992729997583117,1.4146475857140308
17.07,0.006239463115180172,1.6335607969055739,6.795336039854943,2.0006171106312522,2.010545459540973,2.0197020594414306,2.0480533747995247,1.993046771921315,6.8115234375,4.399104989285162,17.300934715047525,,2.0302765550541344,2.281076363544643,2.302051831240508
17.080000000000002,0.006239463115180199,1.6335607969055774,6.790487474613271,2.0014869969555207,2.0125032438117008,2.0232907810484586,2.054326300759782,1.9902055736457387,6.78955078125,-3.5238726955648763,17.35108725126987,,2.03472805301689,2.1622592108519836,1.3651632049711004
17.09,0.0074286105341483475,1.7824423263574365,6.779648521089131,2.00230102919739,2.014158309773069,2.0257631172464947,2.0553750464574647,1.9901504787516924,6.78955078125,3.362064640421117,16.951184009663855,,2.035748875630758,2.075239133789548,1.5834434189520037
17.1,0.009352691475673032,1.999999999999983,6.766322714590949,2.0020373031846335,2.012230897547078,2.0179253388078626,2.023721984076197,1.9923370480857914,6.767578125,-0.9551828557530677,16.046202896269826,,2.013239746303004,1.900056852554605,1.3778342357954612
17.11,0.011276772417197775,2.1961100503411433,6.755714938899059,2.0017843038254557,2.010430469785448,2.011163850285039,2.000730283121642,1.9957188745919148,6.767578125,2.9873607423334043,14.581430079959217,,1.9974849451197787,1.8613192150525777,1.9879007153750317
17.12,0.012465919836166316,2.308999593506519,6.75255252992757,2.0015418852523,2.0087558966487133,2.0054320689933838,1.9854761428338283,1.999384218458076,6.767578125,1.7861887454835919,12.521007060273394,,1.9872276579861636,1.8781312082722086,2.2167888643221336
17.13,0.01246591983616631,2.3089995935065186,6.757401230922154,2.0013098899504627,2.0072052920534986,2.000662241209272,1.9762112359181805,2.002429074330889,6.767578125,2.007597628343711,9.77778860382787,,1.9811970982064053,1.911167597431633,2.198797567350886
17.14,0.011276772417197763,2.196110050341142,6.768240480187889,2.000063309160273,2.002454622821757,1.987244931574253,1.94219573475372,2.00392838453912,6.74560546875,-1.211452149468134,5.8197915866654135,,1.9563222611758453,1.8244045272798892,1.6898589290538133
17.150000000000002,0.009352691475673015,1.9999999999999811,6.781566348525969,1.999914137531322,2.001529529151768,1.9860920115734435,1.9518533307990589,2.0038898683575415,6.767578125,3.652508349671519,-5.021052042671486,,1.9640413531578123,1.9692026576767572,2.350405791284031
17.16,0.0074286105341483345,1.782442326357435,6.792173850766178,2.001822326398866,2.0073309637866275,2.0044570552713736,2.020661897823337,2.003940593550332,6.8115234375,2.5446617772691034,-8.911894959949931,,2.0144136199559286,2.2316781215420955,2.8174355558566435
17.17,0.006239463115180194,1.6335607969055768,6.79533603985495,2.0025878933347823,2.0091211558462816,2.009782978658497,2.0358099167271893,2.0055101624689935,6.78955078125,-3.1630338918870784,-11.268247185722501,,2.0252955951878433,2.140014856663661,1.6261030567604369
17.18,0.006239463115180177,1.6335607969055745,6.790487474613277,2.0022784237503024,2.007344200520418,2.0044710857918755,2.0148553094353194,2.0086229639244735,6.767578125,2.7138325737668727,-12.890287585343405,,2.0096599041407583,1.9579219946297617,0.706238493425969
17.19,0.00742861053414829,1.7824423263574296,6.779648521089137,2.003006022555793,2.0090234397657563,2.009535980699674,2.02846819595638,2.0129040569373067,6.78955078125,3.5415328880616554,-13.972369466072845,,2.0200547073508157,2.018402076127577,2.090793627201328
17.2,0.009352691475672961,1.9999999999999754,6.766322714590953,2.002660341955848,2.0071498899851274,2.0040076780614946,2.0073996384724473,2.0175300992039404,6.767578125,-2.647861395447743,-14.57225426744484,,2.0045522321396794,1.9085403211948522,1.739437307625649
17.21,0.011276772417197718,2.1961100503411375,6.755714938899063,2.0013050900520066,2.00211909259612,1.9898796129834961,1.9634919909816202,2.020737205009588,6.74560546875,2.4783128178336056,-14.686627284251573,,1.9721999624746795,1.7754447696764566,1.575498779070962
17.22,0.012465919836166064,2.308999593506496,6.7525525299275735,2.001051002979835,2.000941329486339,1.9880932761492227,1.9645773841043197,2.021173800796777,6.767578125,3.548706016842337,-14.27176533329042,,1.9739015237487696,1.9215062084196688,2.445206644017507
17.23,0.012465919836166104,2.3089995935064995,6.757401230922153,2.0008091930102583,1.9998866437655822,1.9868709673657974,1.967499458750381,2.0184440674149364,6.767578125,-1.6437840397240937,-13.246735608821163,,1.976520320576038,1.9876696107500351,2.3103668985993373
17.240000000000002,0.01127677241719782,2.1961100503411477,6.768240480187888,2.0005793947051163,1.9989484092624565,1.9861331000189288,1.971526015972817,2.0127003643497483,6.767578125,2.2526872004544525,-11.48741418609305,,1.9794822243983474,2.015442035004991,2.099622642806593
17.25,0.009352691475673086,1.9999999999999887,6.781566348525968,2.001386128146298,2.001439898718221,1.9953978295256074,2.0053892457477387,2.00507933226938,6.78955078125,3.0365841235049933,-8.769372555083757,,2.004089231141897,2.131128480602959,2.351423843498021
17.26,0.007428610534148392,1.7824423263574418,6.792173850766177,2.0021414654855993,2.003644976393434,2.003002408123778,2.027699210737681,1.9976045057151757,6.78955078125,-0.911315038368955,-3.9906378514615106,,2.0199999036339773,2.130662884661719,2.006405314880115
17.27,0.006239463115180216,1.6335607969055796,6.7953360398549485,2.003870686613841,2.0088892074265976,2.018594006625259,2.0693108404186824,1.9928623054884589,6.8115234375,3.0637833568818293,6.786659233450249,,2.0505162906434022,2.19948647076788,2.2278553955559257
17.28,0.006239463115180155,1.6335607969055719,6.7904874746132755,2.0054883944043214,2.013489115686809,2.03084866620822,2.0934280195552266,1.9930832286381641,6.8115234375,-1.1208248978612323,10.281109163745572,,2.0678985057059474,2.1587415855092105,1.9144865255469719
17.29,0.007428610534148233,1.7824423263574227,6.779648521089134,2.0059765362943147,2.014195304595286,2.0308000901456476,2.074889019658379,1.9983002380083583,6.78955078125,0.6884767397788155,12.677556248400636,,2.0548302632453117,1.978008588320476,1.2875465901994676
17.3,0.00935269147567289,1.9999999999999676,6.7663227145909515,2.0054019098596374,2.0114319834050156,2.020676627567497,2.0272394185010225,2.006692629032416,6.767578125,2.178907874815624,14.467101521687816,,2.0218497492610052,1.7897884120080358,1.3039142572513813
17.31,0.011276772417197663,2.196110050341132,6.755714938899059,2.0048508536610776,2.008896126926297,2.012005612402672,1.9955802184383764,2.0161289194990144,6.767578125,2.8043670239530085,15.803075126970905,,1.998500184008616,1.780352776330533,2.0752331636008106
17.32,0.01246591983616627,2.308999593506515,6.752552529927567,2.0032994771321557,2.0032621436539895,1.9951224852452396,1.9478926559772212,2.024391009863357,6.74560546875,-1.2195964665927783,16.74243947416972,,1.9612383838789125,1.7112634428022337,1.9395148283779926
17.330000000000002,0.012465919836166125,2.3089995935065013,6.757401230922148,2.0028569045957485,2.0015445090115263,1.991123191879085,1.948816064760078,2.029692290632628,6.767578125,3.7222513855918,17.29693349203771,,1.9604942703337005,1.9114261629196174,2.5482990593533246
17.34,0.011276772417197878,2.196110050341153,6.768240480187882,2.002434955237538,2.0000081081149914,1.988071399187015,1.9529249715253334,2.0312288250176707,6.767578125,-1.5545965366908356,17.449774021674646,,1.962350170718503,2.012139051927885,2.2805233273739725
17.35,0.009352691475673157,1.9999999999999962,6.781566348525961,2.0020332266314536,1.9986432710152424,1.985841508431162,1.95886897351512,2.0285563118032455,6.767578125,2.1993234388767604,17.163755398484145,,1.9656645349821815,2.0578899832536415,2.0041155195679985
17.36,0.007428610534148449,1.7824423263574487,6.7921738507661695,2.001651293794923,1.9974400024218772,1.9843171210215558,1.9655616522639927,2.021819293357176,6.767578125,2.021182440628688,16.385756516174524,,1.9696450035340374,2.0696709942267217,1.8958210072568142
17.37,0.0062394631151802375,1.6335607969055825,6.795336039854941,2.002313325482274,1.9997144262706714,1.9929481399809796,2.00090397492524,2.0122381810056242,6.78955078125,3.066719321760931,15.059072903158524,,1.9955156917672565,2.1696052777400237,2.296514730121757
17.38,0.0062394631151801334,1.633560796905569,6.790487474613268,2.0039552431781376,2.0050568022701105,2.009560243099265,2.05181332155841,2.002151910081792,6.8115234375,2.002044607426822,13.148305339138375,,2.033985481417763,2.2580748894935256,2.3820405375435176
17.39,0.007428610534148176,1.782442326357416,6.779648521089127,2.005491257324597,2.0097687291700845,2.022798377315932,2.082547302296562,1.9940639032328569,6.8115234375,-0.5423903560751892,10.599614002662838,,2.057294880392585,2.208696266002178,1.9045935034828605
17.400000000000002,0.009352691475673563,2.0000000000000395,6.766322714590944,2.006925117400002,2.0138934015393835,2.0330947761302447,2.0983743372030927,1.989382619997751,6.8115234375,2.2669014895412305,7.091869823912092,,2.0695076171131177,2.11622471250958,1.6979987812337196
17.41,0.011276772417197604,2.1961100503411264,6.755714938899054,2.0072389665357524,2.014175728308267,2.0314698313071187,2.0733016009549443,1.987598877986424,6.78955078125,-1.0878982828694412,-3.1232828236327883,,2.052873003481672,1.910329815019444,1.2370006352014125
17.42,0.012465919836166248,2.308999593506513,6.752552529927564,2.0054765739197626,2.007726248788786,2.0105625962277562,1.9916200304716931,1.9867590242537994,6.74560546875,-0.6492456182874091,-8.08818707095328,,1.9960303010290033,1.5792363208815428,0.4649258948376227
17.43,0.012465919836166144,2.3089995935065035,6.757401230922144,2.004830806575548,2.0052423685111678,2.0028235114032658,1.9718022424604336,1.9854838571062674,6.767578125,4.2770372005420345,-10.716672562768478,,1.979447097592595,1.7243645189369314,2.4461656295028837
17.44,0.011276772417197933,2.196110050341159,6.768240480187879,2.0052378409612737,2.0063192343370004,2.0060707299355784,1.9905706549375382,1.9839013613437217,6.78955078125,0.8861142472009522,-12.503805953385056,,1.9914789022336181,1.9690637466879755,2.838536038390687
17.45,0.009352691475673226,2.0000000000000036,6.781566348525959,2.0045883469449364,2.003924226343116,1.999079896417467,1.9759746588208877,1.9825015131799806,6.767578125,-2.143140906681695,-13.717919789716737,,1.9784156455771262,1.9506117579404059,1.972621843360264
17.46,0.007428610534148505,1.7824423263574554,6.792173850766169,2.004992603486529,2.005090773981502,2.002957216847298,1.9953129879223386,1.9821149026291645,6.78955078125,3.8799387351850974,-14.439998110254923,,1.9926455573124577,2.0883031630794653,2.235294084996354
17.47,0.006239463115180259,1.6335607969055854,6.7953360398549405,2.005364157270214,2.0061005270243095,2.006061557828672,2.008801527511819,1.984257391520499,6.78955078125,-1.599047308853429,-14.679025637234433,,2.002517826699962,2.11540802805622,1.9620027153067037
17.48,0.006239463115180112,1.633560796905566,6.7904874746132675,2.006726866678866,2.010274199148212,2.0178997885304133,2.0449500520448924,1.99050810791294,6.8115234375,3.0319799392177296,-14.400721434658806,,2.030298958110688,2.2061077909440994,2.2473003245667065
17.490000000000002,0.007428610534148721,1.7824423263574813,6.779648521089126,2.0069744103800984,2.0106173892610326,2.0177991966715054,2.0400062660911504,2.001330398948518,6.78955078125,-2.3440582274879365,-13.532663611793527,,2.0258564561565406,2.074598893651196,1.4851333540077805
17.5,0.00935269147567275,1.9999999999999527,6.766322714590944,2.006172928567085,2.007552212687426,2.0079667808279287,2.0054542423155897,2.0150985319671513,6.767578125,2.430389161580285,-11.959382410773397,,2.0000831150414973,1.8972189208952857,1.2128288364344124
17.51,0.01127677241719815,2.1961100503411797,6.755714938899054,2.004384936284566,2.001459551105952,1.9902580084918657,1.9512014293361657,2.0289542284460755,6.74560546875,1.9202286764592968,-9.494361131905759,,1.960935296502107,1.7432519939627795,1.4782319757733788
17.52,0.012465919836166227,2.308999593506511,6.752552529927564,2.002694327620079,1.9960201858725042,1.975927681518964,1.9162392693331367,2.039850598160793,6.74560546875,2.781749872924437,-5.469096579760915,,1.9366975627291205,1.7723437408616216,2.2066627004670583
17.53,0.012465919836166168,2.3089995935065053,6.757401230922148,2.002123515558869,1.9945360041975193,1.9743350474005121,1.9288628556857985,2.045894542172776,6.767578125,2.7425993417046968,5.69402242120941,,1.9463764301075295,1.975498906108295,2.700746683755596
17.54,0.011276772417197992,2.196110050341164,6.768240480187883,2.000558325365498,1.9899191862831247,1.9638482173285898,1.9109022456365612,2.0461828672520714,6.74560546875,-2.3295636394597685,9.651325420700902,,1.9337059874888038,1.9418905275842784,1.9292360930495436
17.55,0.009352691475673297,2.000000000000011,6.7815663485259625,2.000110540958745,1.9892173437190295,1.9657848410286314,1.9374418906662358,2.0411595013806316,6.767578125,3.8627779908540796,12.23943044442145,,1.9511110335604784,2.0748658883080617,2.2696603039614813
17.56,0.0074286105341485635,1.7824423263574625,6.792173850766174,2.0017401386490365,1.9953438685630633,1.9875913579619573,2.0180732151929734,2.0332875759238247,6.8115234375,2.53468514933746,14.159995005198017,,2.008682817874789,2.304485454680345,2.690428899354612
17.57,0.006239463115180281,1.6335607969055883,6.795336039854947,2.003269495437551,2.0008163845009763,2.005340682143318,2.063534084523129,2.025464026981139,6.8115234375,-2.3857554672935453,15.606767853884575,,2.0455914000675737,2.288305628928174,1.9397153954099726
17.580000000000002,0.006239463115180319,1.6335607969055932,6.790487474613275,2.004701989395393,2.0056732571668063,2.0194288133168237,2.08674563640689,2.020018042701151,6.8115234375,2.5200326267543365,16.65178811432408,,2.0671980077229257,2.188001508937785,1.454025435299776
17.59,0.007428610534148062,1.7824423263574023,6.779648521089134,2.0070629498877834,2.013258630371677,2.039737211406991,2.122171326838493,2.01825054613916,6.83349609375,2.949575956065923,17.314671663912204,,2.098349740638736,2.1726903528663337,1.986048237553304
17.6,0.009352691475673422,2.0000000000000244,6.7663227145909515,2.007227429146479,2.0133112715532464,2.036600691706768,2.0797631862964523,2.0192114935112544,6.78955078125,-3.1898590605261457,17.58542313579742,,2.072064391159351,1.8410306708598834,0.4765438793820795
17.61,0.011276772417197491,2.1961100503411157,6.755714938899062,2.0063482933835406,2.009972405878912,2.0238906967062484,2.018224885653114,2.0203943377126388,6.767578125,3.4195599184953873,17.4329927804386,,2.028768038453876,1.591629866125536,1.2380212819399872
17.62,0.012465919836166206,2.3089995935065093,6.7525525299275735,2.0055105319657187,2.0069383707075934,2.0130871200671603,1.9825254053222015,2.019653556721709,6.767578125,2.582074961557115,16.80901455713329,,1.9976390643886657,1.60447111885519,2.23010878367699
17.63,0.01246591983616619,2.3089995935065075,6.757401230922156,2.0047133213366726,2.0041970534442934,2.0041053799762913,1.9637797779686097,2.0156915909522377,6.767578125,1.3533232895219236,15.65477074272157,,1.9768834693821438,1.7249824795709718,2.475326325485768
17.64,0.011276772417198048,2.19611005034117,6.768240480187892,2.00600157692495,2.008370030542241,2.0157473250188214,2.0073311914001377,2.0088327213013217,6.8115234375,3.7185506659657483,13.929028130765188,,2.0078419039634463,2.0915354710768628,2.96774796662451
17.650000000000002,0.009352691475672624,1.9999999999999394,6.781566348525972,2.0061811535178182,2.0087206446798436,2.0154477349596585,2.0096050751645933,1.9999995455896196,6.78955078125,-3.3147404773923763,11.598753083692602,,2.0066276160402925,2.0874502086507234,1.817028763064824
17.66,0.007428610534148619,1.7824423263574691,6.792173850766182,2.006340274802163,2.0089841317690458,2.01493863533405,2.0108473093161736,1.9899376832234148,6.78955078125,3.380779866072053,8.489141662235872,,2.0055449683584987,2.087463397340834,1.5326967504651736
17.67,0.006239463115180073,1.633560796905561,6.795336039854954,2.007501824282582,2.0124750262796516,2.0236114511292413,2.0382440581476193,1.9804604633407548,6.8115234375,2.7845242790629854,3.25924899931879,,2.026058058926012,2.184451739335177,2.113444588913512
17.68,0.006239463115180068,1.6335607969055603,6.790487474613281,2.0096027275685486,2.0188006480205742,2.0395000695042267,2.082610312930891,1.9742689067362924,6.83349609375,1.7284734861676305,-6.867345693276465,,2.0594748850463382,2.2713325488102982,2.334003384271556
17.69,0.007428610534148607,1.7824423263574676,6.77964852108914,2.0105415399302946,2.0210148964367534,2.042404053054847,2.0810416252515367,1.972960059568847,6.8115234375,-2.042210895405997,-9.967539876734609,,2.0576149118870206,2.1172042881002033,1.4820808929828173
17.7,0.009352691475672609,1.9999999999999376,6.766322714590957,2.0103869513180235,2.0195649728775598,2.034612085186858,2.044958775174138,1.9759713543372972,6.78955078125,2.474278513255209,-12.01095901685676,,2.032287208675286,1.9077784233044757,1.1244964787127547
17.71,0.011276772417198036,2.1961100503411686,6.755714938899065,2.0112448721406486,2.0214566854114735,2.037051364893602,2.0479990510281194,1.9820856425499496,6.8115234375,3.5130982771187975,-13.423369976659702,,2.035038511744113,1.9675564195962103,2.284382748475106
17.72,0.012465919836165953,2.3089995935064858,6.752552529927575,2.008971583700068,2.013094351727504,2.009763659574806,1.9584868810980538,1.9890382835046614,6.74560546875,-3.975706153918758,-14.32945201026077,,1.970784677323796,1.6051932839424914,0.5645605770660015
17.73,0.012465919836166212,2.3089995935065093,6.757401230922156,2.007838714225506,2.008877846876447,1.9970146181679684,1.9326212241010323,1.9939630558331531,6.767578125,5.0929681276781205,-14.760494794812178,,1.9509629113720341,1.7484237903313886,2.37791638845357
17.740000000000002,0.011276772417197505,2.1961100503411166,6.768240480187891,2.0057375153572288,2.0017481628277167,1.9772051045058803,1.890308791296891,1.9953180791026346,6.74560546875,-2.959463950191531,-14.698755818642399,,1.9184223450059539,1.7586173399233431,2.135100596253598
17.75,0.009352691475673438,2.000000000000026,6.78156634852597,2.005798199921027,2.002064585829697,1.9809183724949213,1.9323725713207875,1.993695849384975,6.78955078125,4.316795327823524,-14.088832447674983,,1.946303836597863,2.099781310176222,2.8626925370891074
17.76,0.007428610534148075,1.7824423263574039,6.792173850766179,2.006869893658563,2.0056676002213414,1.9938796031637156,1.99395699439361,1.9913834508856794,6.8115234375,-1.694878266625829,-12.837312148438118,,1.989879574935112,2.2985442144017423,2.57648335003992
17.77,0.006239463115180324,1.6335607969055939,6.79533603985495,2.006845180989135,2.005526483968651,1.9950068242088337,2.0018137859352256,1.9902892483366794,6.78955078125,-2.0534221180668757,-10.804219583848115,,1.9976350667212597,2.199850540036629,1.1744753879466419
17.78,0.006239463115180276,1.6335607969055876,6.790487474613277,2.0088557433996725,2.011994248219105,2.0148900195358634,2.059420107566494,1.9922737655443623,6.83349609375,4.442386632896291,-7.675690926513638,,2.045511346322041,2.3266746194557197,2.1774243152146835
17.79,0.007428610534147948,1.7824423263573885,6.779648521089136,2.008689910345044,2.011070865506224,2.0119900529314925,2.0401346218721326,1.9980333621087671,6.78955078125,-4.146415684563226,1.74079305554144,,2.0324178364678454,2.05874299976402,0.09620224481902713
17.8,0.00935269147567328,2.0000000000000093,6.766322714590952,2.0085208319107424,2.0101922101749206,2.0094509753779404,2.0244651000247247,2.006153361951166,6.78955078125,4.0993270415868714,8.04525355393655,,2.021867324891963,1.9310597662806404,1.5587704834459766
17.81,0.011276772417197375,2.196110050341104,6.75571493889906,2.0073273431792624,2.0060534899341818,1.9978354430910084,1.984536851362406,2.0143206626922736,6.767578125,-1.3806104271200175,11.102523411463444,,1.992247079908274,1.7638831675511903,1.694500991552782
17.82,0.012465919836166161,2.308999593506505,6.752552529927566,2.004147454242034,1.9957013114270026,1.9693370574907816,1.8999920445988159,2.019260955668292,6.7236328125,-0.2845573643071846,13.2884977190152,,1.9286322623385956,1.4914366646251833,1.3176868948314073
17.830000000000002,0.012465919836166003,2.30899959350649,6.757401230922147,2.004220058028229,1.996483307237871,1.9753598092983466,1.9370579055611898,2.019497575498467,6.78955078125,5.199042345092875,14.931545667631404,,1.956682207829212,1.9580892004449764,3.166459491800914
17.84,0.011276772417198162,2.196110050341181,6.768240480187881,2.0032600025687977,1.9938913612213736,1.971162491484794,1.9361438711768764,2.0157121604190262,6.767578125,-4.366574343498891,16.144893564826496,,1.9560139021738834,1.999273940110735,2.2950965100587584
17.85,0.009352691475672765,1.9999999999999543,6.781566348525961,2.0033776231220046,1.9949640860243318,1.9780458137264219,1.970603181807328,2.0091121712561515,6.78955078125,4.1049350030352345,16.968757538574135,,1.9799756643748625,2.14415962160163,2.2742910625887425
17.86,0.0074286105341487335,1.782442326357483,6.7921738507661695,2.0045084078008237,1.9992864597596272,1.9937644220689508,2.023035084247635,2.0022248315122217,6.8115234375,1.6409226719812318,17.406613868227993,,2.018354439358621,2.26388923608593,2.2266605233365344
17.87,0.006239463115180116,1.6335607969055665,6.795336039854941,2.0065884116226083,2.006453925315576,2.016109585490561,2.0813080133165607,1.9981488984064912,6.83349609375,1.9421908133517862,17.43641798228667,,2.0635221320788784,2.3329167582088184,2.1450457407466295
17.88,0.006239463115180024,1.6335607969055548,6.790487474613268,2.0075130357905095,2.009483840857285,2.024295903594065,2.0868093613612455,1.9987132031118255,6.8115234375,-1.9901273352735716,17.016547828017906,,2.068884010625563,2.1505011013189166,1.0593005348533442
17.89,0.007428610534148492,1.782442326357454,6.779648521089127,2.0073508468057404,2.0088286415462435,2.0210419101057955,2.056367025471213,2.0032994141366087,6.78955078125,2.443222520432875,16.09233696185693,,2.0476100923786245,1.9047926322926714,0.7908636588177119
17.900000000000002,0.00935269147567321,2.0000000000000018,6.766322714590944,2.0071881633781774,2.0082026862764013,2.0180284178181607,2.0325688752041557,2.010420250266995,6.78955078125,2.819244282831363,14.610972114791172,,2.0306852863210705,1.817140459286268,1.8747066151527116
17.91,0.011276772417197921,2.1961100503411575,6.755714938899054,2.006003608131333,2.0042970588183553,2.0057973454629416,1.9873713234507344,2.0183277525671706,6.767578125,-1.2445747159615812,12.539634141188445,,1.9963714154274936,1.688327993377786,1.877930053992036
17.92,0.01246591983616614,2.308999593506503,6.752552529927564,2.0059034520849295,2.004117283053292,2.0052616925658575,1.9876783537993303,2.025148091544712,6.78955078125,3.72848720770508,9.793197862659634,,1.995382088819272,1.855646380708528,2.5819227030622436
17.93,0.012465919836166255,2.3089995935065137,6.757401230922146,2.0037566728204834,1.9973067978710848,1.9857472392212394,1.9332477469014284,2.028720799476076,6.74560546875,-3.352574736817469,5.8453151093679905,,1.9515559624819983,1.6987924085856985,1.5068088107973647
17.94,0.011276772417197618,2.1961100503411277,6.768240480187881,2.002755652311857,1.9945899139972263,1.979671303040378,1.928591621485019,2.0275422073273965,6.767578125,4.495914911457952,-4.981479040952272,,1.9469614073400936,1.8857963010755598,2.325534960722247
17.95,0.00935269147567358,2.0000000000000413,6.781566348525961,2.0028358341992036,1.9955490103769975,1.984732492965663,1.9600007390554506,2.0225609544047494,6.78955078125,1.0858016935915364,-8.880234474137245,,1.9690952005172286,2.1057541038059755,2.5690607088513735
17.96,0.00742861053414819,1.7824423263574176,6.79217385076617,2.0039327915574203,1.9997702722982877,1.9987187725134792,2.0129565494532558,2.016058802379901,6.8115234375,1.990898142264581,-11.233132866718107,,2.007116691396083,2.2635621541410202,2.46678270184124
17.97,0.0062394631151803685,1.6335607969055996,6.795336039854943,2.005982616593382,2.0068494416133498,2.019532135362069,2.073856364369679,2.0108284096895974,6.83349609375,2.1897575075957487,-12.848498441264523,,2.0528181340117753,2.3504650787778902,2.2311415463079536
17.98,0.006239463115180232,1.6335607969055819,6.79048747461327,2.0068805701929513,2.0097958172749246,2.026607996981833,2.081116048311723,2.0088204444270956,6.8115234375,-2.112371938578707,-13.921519615371508,,2.0590397576784527,2.1781374056643608,0.9612935506010385
17.990000000000002,0.007428610534148436,1.7824423263574471,6.77964852108913,2.0077160674705263,2.0123661243618534,2.031883053244118,2.0805168535686698,2.0102372804533717,6.8115234375,3.2337427382695254,-14.509725031188006,,2.059929317108615,2.048924484213249,1.3621509118851876
18.0,0.009352691475673141,1.9999999999999947,6.766322714590947,2.007470586827403,2.0112840544123567,2.0261870107961304,2.0456304145361703,2.0140288762102427,6.78955078125,-1.1775836342308477,-14.609231837951453,,2.0362754941425627,1.8420842892970584,1.3192054551284251
18.01,0.011276772417197864,2.1961100503411517,6.755714938899057,2.0072298086652323,2.010262521057136,2.021067232571627,2.0206965565759125,2.0184941085075985,6.78955078125,3.0337779703091257,-14.175162587112805,,2.0185623821212673,1.7921588497187773,2.032529201391491
18.02,0.01246591983616612,2.308999593506501,6.752552529927568,2.0059722544351213,2.0059888676839566,2.007006654581959,1.9763178583642018,2.0216896272217206,6.767578125,-1.12224121651817,-13.124542804093927,,1.9843751960500307,1.6881707336851168,1.8881456599909834
18.03,0.012465919836166047,2.308999593506494,6.757401230922152,2.004781496938601,2.002154752941136,1.9954634856508524,1.9495593276429877,2.0218080214640484,6.767578125,3.042455371519215,-11.328777121635499,,1.9624423881875306,1.7464693139971472,2.18654576533654
18.04,0.011276772417198277,2.196110050341192,6.768240480187887,2.0046788101095045,2.002063704109941,1.995794332810815,1.9631634867141055,2.0185276774803476,6.78955078125,2.7456046535422525,-8.54620455632497,,1.9720680774818613,1.9696109178887984,2.561161898631847
18.05,0.009352691475672905,1.9999999999999694,6.781566348525968,2.0056001142837783,2.0053039647293027,2.005697951145663,2.0031320897590614,2.0129878164760338,6.8115234375,1.8098472103212988,-3.460913342682558,,2.001883484300048,2.1662760558543988,2.52088432893724
18.06,0.007428610534148849,1.7824423263574967,6.792173850766178,2.006460245461152,2.0081641605644225,2.0136372581095685,2.0297642257385173,2.0066545694644558,6.8115234375,0.39153382335228665,7.068856715447127,,2.02153753551416,2.1949214677795217,1.9110720052629258
18.07,0.0062394631151801595,1.6335607969055723,6.795336039854951,2.0072613812552365,2.0106692699239566,2.0198579845100193,2.046053243127034,2.000795400400155,6.8115234375,2.252156494566579,10.46398413019463,,2.0334474676897005,2.16363701832823,1.6022183774894176
18.080000000000002,0.0062394631151802115,1.6335607969055792,6.79048747461328,2.008005683405365,2.0128437391362093,2.0245836352636872,2.054590629443418,1.996428373403255,6.8115234375,1.955925803734252,12.819516982153399,,2.0396756696887626,2.113199384298583,1.6818580490168822
18.09,0.007428610534148379,1.7824423263574403,6.77964852108914,2.0086952915752487,2.014711278176366,2.028013404495284,2.057257592729755,1.9940857665198393,6.8115234375,1.990893381517576,14.583966392679187,,2.0418911101104547,2.06390470681248,1.8485815122375797
18.1,0.00935269147567307,1.999999999999987,6.766322714590958,2.0083116347373244,2.012993187411145,2.0209146063351136,2.0266546618155825,1.9935240756608656,6.78955078125,-1.2552055872744678,15.90137634657528,,2.020151901163185,1.913099469870486,1.4933624971285122
18.11,0.011276772417197807,2.1961100503411464,6.755714938899068,2.0089608019421714,2.014701625596109,2.0242221843674657,2.033641909078468,1.9942643218654674,6.8115234375,3.6643364697191347,16.825399786538405,,2.026169118577332,2.002221771551901,2.334578354392711
18.12,0.012465919836166097,2.308999593506499,6.752552529927579,2.0085387830250747,2.012840340552345,2.0170430863039663,2.007724583070324,1.995555242476337,6.78955078125,-2.6305856100374756,17.36617499400397,,2.007817318564629,1.9082616896415239,1.8255002274862444
18.13,0.012465919836166298,2.3089995935065177,6.757401230922163,2.0071091655084796,2.007805034453114,2.0013941410622613,1.9610949592547635,1.9958605639247848,6.767578125,2.4286209667362444,17.506110152095975,,1.973680821609927,1.7840810192943728,1.540818483850913
18.14,0.011276772417197732,2.196110050341139,6.768240480187898,2.0067771734757502,2.0066034069922676,1.9982275527527709,1.960969525241158,1.994262831946298,6.78955078125,3.5612840904255694,17.207590556083538,,1.9743472105956061,1.9328844404817997,2.395115664344212
18.150000000000002,0.009352691475672976,1.999999999999977,6.781566348525978,2.006457109066698,2.0055105398044883,1.9957576833060198,1.9635548965935161,1.9910518074265995,6.78955078125,-1.652625068825832,16.41763586922324,,1.9764960835305996,1.9991456035409774,2.271371428367333
18.16,0.007428610534148303,1.7824423263574314,6.792173850766187,2.0071709512540035,2.0078379485597266,2.003413498551188,1.9972063897511547,1.9873468972122876,6.8115234375,3.083434426007708,15.080898417813309,,2.0010496824838913,2.133201585934296,2.4435469232157043
18.17,0.006239463115180182,1.6335607969055754,6.795336039854959,2.0078339388578743,2.0098747566510555,2.009614541277854,2.0200039294285252,1.9847391240572292,6.8115234375,-1.0834761468817466,13.164253641404034,,2.017315580387271,2.140257583289241,2.0235474158959903
18.18,0.006239463115180189,1.633560796905576,6.790487474613286,2.008447986590254,2.011641108394356,2.0145286673302665,2.0342314198915052,1.9845909454032065,6.8115234375,2.20391556183341,10.616239005587122,,2.0272424983610247,2.1076397651631433,1.7907397664530385
18.19,0.0074286105341483215,1.7824423263574334,6.779648521089145,2.00901498967748,2.013156578761658,2.0183128346908625,2.0420352125820043,1.9877400539724692,6.8115234375,2.00016183630479,7.121243643102771,,2.0325111419071273,2.0680697728140385,1.8090126145028291
18.2,0.009352691475672999,1.9999999999999793,6.766322714590962,2.009536818851111,2.0144400443350343,2.021111484455608,2.0450525622397007,1.9940076865122471,6.8115234375,1.9788966346806296,-3.0300077774907668,,2.0344895803380556,2.03560052623571,1.896397817628246
18.21,0.01127677241719775,2.1961100503411406,6.755714938899071,2.007973483934029,2.0089010677808896,2.004142986406547,1.986527973032208,2.001544659827474,6.767578125,-2.687680410926348,-8.038552374505551,,1.991369414203747,1.778835420565783,0.7864348877120556
18.22,0.012465919836166075,2.308999593506497,6.752552529927581,2.00649229668905,2.0039230240747017,1.9901980003846442,1.9468875178696892,2.0075468956952403,6.767578125,3.707415047161535,-10.66572586934283,,1.962837923412574,1.767395663658289,1.912634949559656
18.23,0.01246591983616609,2.308999593506498,6.757401230922161,2.0040680894371046,1.9961519783078414,1.9693716749627814,1.8924026295893912,2.0097538766548992,6.74560546875,-1.4600606651260248,-12.44600188528312,,1.9236608207729027,1.717428495413678,1.9433152654131844
18.240000000000002,0.01127677241719779,2.1961100503411446,6.768240480187896,2.004854235265002,1.9992594870772264,1.9820445070963726,1.956241391471663,2.0082374943628,6.8115234375,4.721113470475629,-13.649693787852678,,1.9686597106056878,2.154191326399679,3.1730732560409334
18.25,0.009352691475673048,1.9999999999999845,6.781566348525976,2.004566973155909,1.9987235138426438,1.9830932182375085,1.9700607666183365,2.0043387478593293,6.78955078125,-4.191359867591693,-14.358086111456965,,1.9785228507145645,2.1508747504685513,2.0395484446770884
18.26,0.00742861053414836,1.782442326357438,6.792173850766184,2.0042936542239396,1.9982759827377172,1.984345366454637,1.9805988382741966,1.9988600576131959,6.78955078125,3.519123016091248,-14.579332372942774,,1.9862890742392751,2.134004165695813,1.5618854902752006
18.27,0.006239463115180203,1.633560796905578,6.795336039854956,2.0050569873160295,2.0012329323556424,1.9953740290850748,2.016595384981166,1.9934521863837433,6.8115234375,2.836414094914031,-14.277657184144754,,2.0137137797722304,2.2116042453861855,2.044219913927044
18.28,0.006239463115180168,1.6335607969055734,6.790487474613282,2.006792932471959,2.007186041847984,2.013942685364256,2.065804925886399,1.9904709427830918,6.83349609375,1.6679855595109172,-13.37799484931943,,2.0522111332736905,2.282476156641192,2.269818463212254
18.29,0.007428610534148264,1.7824423263574265,6.779648521089141,2.0073963220619073,2.009139404595668,2.0192076766718756,2.0680312872836586,1.9912195086334832,6.8115234375,-2.032705500854168,-11.760203147656766,,2.0538446766166873,2.11502775834317,1.4323434570940001
18.3,0.00935269147567293,1.999999999999972,6.766322714590958,2.006934293543837,2.0075321096162595,2.013716807783299,2.0372959116658995,1.9949361460579962,6.78955078125,2.4741779991280324,-9.221909886818256,,2.0309287169869443,1.8933560193700818,1.1258784183540327
18.31,0.011276772417197694,2.1961100503411353,6.7557149388990645,2.0064923936085566,2.0060733125853223,2.009046400950193,2.0140582906049285,1.9999957522478118,6.78955078125,2.8135222698069176,-4.96683040859524,,2.013991587216143,1.8293109592927617,1.9185588825821578
18.32,0.012465919836166054,2.308999593506495,6.752552529927572,2.00504790622416,2.0014398338996098,1.9956349846364687,1.9690202758047013,2.004299001484111,6.767578125,-1.2359025709430946,6.133621402046,,1.980511940444207,1.7142930743675777,1.8349254539561102
18.330000000000002,0.012465919836166111,2.3089995935065004,6.757401230922151,2.003684437036062,1.9973191848381555,1.9848159232969675,1.9407480280381568,2.0055277072041773,6.767578125,3.0785579857196876,9.908759116500066,,1.9592494626047805,1.7593672449907012,2.1935885997977347
18.34,0.011276772417197847,2.19611005034115,6.7682404801878855,2.0023997871021706,1.9936830414994802,1.9763204846818252,1.9253221294130687,2.0022909615432343,6.767578125,1.7510390663992068,12.433194947021214,,1.9474791088272816,1.8536741439503022,2.2499493621525817
18.35,0.009352691475673119,1.9999999999999922,6.781566348525964,2.002215999031229,1.993837981524154,1.9795249928759617,1.9503972725710423,1.9948806372321974,6.78955078125,3.03490021265192,14.316124334000364,,1.9647991421675135,2.057060281788347,2.5079903624519657
18.36,0.007428610534148418,1.782442326357445,6.792173850766174,2.002044575215656,1.994036377263398,1.9825954318024315,1.9704994221935725,1.9848401909460451,6.78955078125,-0.7319807452655558,15.735399779505537,,1.9783074110870487,2.118712507320715,2.10585612433732
18.37,0.006239463115180226,1.633560796905581,6.795336039854944,2.0029089664084876,1.9976032396299082,1.9950999202109487,2.01438037063193,1.9745121563261956,6.8115234375,3.049061738240128,16.75767050697679,,2.0099898906848126,2.2241611890239232,2.2332653594988168
18.38,0.006239463115180145,1.6335607969055705,6.79048747461327,2.0047449092978717,2.004129316305284,2.014858129364853,2.068761160751564,1.9671450469566594,6.83349609375,1.7832111037286327,17.399918014437773,,2.0514161987102213,2.301635651272666,2.2589409183620326
18.39,0.007428610534148207,1.7824423263574196,6.77964852108913,2.0054453674418773,2.0066006499752507,2.0210863563515686,2.0728949516580095,1.965163032819391,6.8115234375,-2.1113673603472423,17.650440109075795,,2.0549384542236617,2.133749783068,1.2693991871366956
18.400000000000002,0.009352691475673603,2.000000000000044,6.766322714590946,2.0060997474018567,2.00877444205066,2.0257743383279174,2.0710521972958684,1.9689397991761972,6.8115234375,3.258824245059468,17.477083747191003,,2.054305223945036,2.0208439997019285,1.5721909928878115
18.41,0.011276772417197637,2.1961100503411295,6.755714938899055,2.0056877596752547,2.007360609464349,2.0197121989631373,2.0365038385738647,1.9771274343211624,6.78955078125,-1.2013211897000133,16.83083303551409,,2.0299430863973513,1.8347961503818,1.4155302409252544
18.42,0.012465919836166262,2.308999593506514,6.7525525299275655,2.0042727484125624,2.0027574160353674,2.0049491381734477,1.9827983154678948,1.986976173047803,6.767578125,2.1889287587169246,15.653788754250591,,1.9905884494060644,1.6743220342283354,1.570984816999605
18.43,0.012465919836166364,2.308999593506524,6.757401230922146,2.0019146763672486,1.9953259203941751,1.9832576420263524,1.9203060807975434,1.9949962155131027,6.74560546875,1.922352977182954,13.907898809067037,,1.9426643585616175,1.578169155137028,1.8068601427670852
18.44,0.011276772417197902,2.1961100503411557,6.768240480187881,1.9996959238180925,1.9887395993940102,1.9658523817716107,1.8836689956545587,1.998286987575458,6.74560546875,2.7944117200977048,11.562446164430568,,1.9136344815989335,1.6990362860844461,2.330867812251991
18.45,0.009352691475673188,1.9999999999999996,6.781566348525961,1.9986385817679504,1.9863014343305234,1.962044778545248,1.8988185971892761,1.996504687246952,6.767578125,2.7370583441575733,8.439534490539145,,1.9220420395481257,1.9838399167253598,2.708996134511958
18.46,0.007428610534148474,1.7824423263574518,6.7921738507661695,1.9986774509978682,1.9875868007168633,1.9695253299007847,1.94846354904022,1.9913463164091043,6.78955078125,1.8496305268249658,3.1550438571715067,,1.9548053581648415,2.219232314787533,2.604229188311107
18.47,0.006239463115180247,1.6335607969055839,6.795336039854941,1.9987219141861576,1.9888300869164455,1.9762611417325604,1.9809566531657865,1.9847763599439665,6.78955078125,0.29647809664392627,-6.89483604349967,,1.9792018632830624,2.2666998516671426,1.91669503685587
18.48,0.006239463115180124,1.6335607969055677,6.790487474613269,1.9987715084592048,1.9900269418937235,1.9822172267696518,2.000041718650943,1.9787666487160513,6.78955078125,2.2497249607250875,-9.966914203375245,,1.9964810971855653,2.2365223758055035,1.5382522894383586
18.490000000000002,0.0074286105341487526,1.7824423263574851,6.779648521089128,2.0008764761505624,1.9978584838811606,2.006658054810623,2.0626010421430636,1.976108959357797,6.83349609375,3.727136459487053,-11.990007896467239,,2.0505642485395326,2.369813009908544,2.417307416070192
18.5,0.009352691475672787,1.9999999999999567,6.766322714590945,2.001834402407935,2.0015009782033575,2.0165304135791473,2.073749264444482,1.9786881493397515,6.8115234375,-3.2287420687909623,-13.382596881717484,,2.062313501304604,2.1965061921423583,1.4530343901623883
18.51,0.011276772417198181,2.196110050341183,6.755714938899055,2.0017129818920703,2.001414494828177,2.0147393951364436,2.0499142513538575,1.9853357458881271,6.78955078125,2.64858504519095,-14.266609357480968,,2.045651917259494,1.9372424782012874,0.9380492818886934
18.52,0.01246591983616601,2.3089995935064906,6.7525525299275655,1.9995509287927338,1.994681434145799,1.9941498959197772,1.9730954880580838,1.992902700342209,6.74560546875,-0.7283767647174674,-14.671517522635872,,1.9890470429357794,1.5603216538002789,0.2014086241415439
18.53,0.012465919836166154,2.3089995935065044,6.757401230922149,1.9975209622129906,1.9887275072941395,1.9774857893600686,1.9228775324972687,1.9977920230543722,6.74560546875,3.6317254892808903,-14.577433076345155,,1.9510999730349543,1.5416474151036423,2.1288510714841893
18.54,0.011276772417197961,2.196110050341161,6.768240480187885,1.9956191016761686,1.9835062366163911,1.9643223317179759,1.8945398443068784,1.997649739409146,6.74560546875,1.4398693803527554,-13.926181052546319,,1.9283553890924026,1.6780152193493036,2.5584090965680115
18.55,0.009352691475673258,2.000000000000007,6.781566348525964,1.9948696053923338,1.9823298525545356,1.9639224380259543,1.9150897481693336,1.9925200541068517,6.767578125,2.983262756473411,-12.619065445716439,,1.939716590600434,1.963127532322226,2.7929699822832124
18.56,0.007428610534148532,1.7824423263574587,6.792173850766176,1.9941785984496603,1.9814117797041852,1.964347676743793,1.9350834510995052,1.9842200210596914,6.767578125,-0.7816370211340781,-10.505755682800068,,1.9508353841307493,2.093774009262331,2.274046432925165
18.57,0.00623946311518027,1.6335607969055868,6.7953360398549485,1.9956006440696465,1.9874486373575757,1.98487171003806,2.010562509851052,1.975676753335233,6.8115234375,3.7061482931556977,-7.218082111216116,,2.004475830765967,2.34215860655756,2.5611771557158103
18.580000000000002,0.006239463115180332,1.633560796905595,6.790487474613276,1.9979775379796791,1.9962439759307018,2.0112407751398,2.0786028838238546,1.9704015041783278,6.83349609375,-1.5203645698289252,3.1603233467952734,,2.060239959834948,2.4329279892332223,2.1911414272331715
18.59,0.0074286105341480925,1.782442326357406,6.779648521089136,1.9981670614643823,1.9974003020333098,2.013112839130486,2.0611634912616776,1.9697374017718272,6.78955078125,-2.9689624960740417,8.462340933342704,,2.051600408585226,2.1370802469638885,-1.1006165588346355
18.6,0.009352691475673462,2.000000000000029,6.766322714590953,1.9973264278866971,1.9951185049869122,2.004904374346795,2.017966340180738,1.9724251732617595,6.767578125,3.3374795642603035,11.399214221528045,,2.0215433440402624,1.8472814033384775,-0.5617444201839673
18.61,0.01127677241719752,2.1961100503411184,6.755714938899064,1.9965448410638376,1.9931325174798644,1.9981806272519116,1.9894310325305795,1.9772008572460822,6.767578125,2.587927935379173,13.52591485644204,,2.0000440451680146,1.753708571733444,1.9677886344261972
18.62,0.012465919836166217,2.30899959350651,6.752552529927574,1.9958201962584898,1.9914219784758378,1.9927810260744143,1.9721724830854845,1.983168618666504,6.767578125,1.4553373105381415,15.129943801652493,,1.9857253396209713,1.76508072484952,2.44361520874558
18.63,0.012465919836166406,2.3089995935065275,6.757401230922158,1.995150390580838,1.9899667513214543,1.988548685348884,1.9625882033101707,1.9893886609467497,6.767578125,2.1195405242300716,16.31345612852583,,1.9770556891835138,1.8201780594177037,2.4309126063817366
18.64,0.011276772417198017,2.196110050341167,6.7682404801878935,1.994533333181551,1.988747295467704,1.9853380877936813,1.9584115318477016,1.994748638208429,6.767578125,1.9893467236657798,17.11182587352508,,1.9725992831968158,1.8853251088788565,2.243869560612099
18.650000000000002,0.009352691475672584,1.999999999999935,6.781566348525974,1.9919078370835874,1.981050515926754,1.9638920194641354,1.8998005931726885,1.99780928398494,6.7236328125,-2.691974695149278,17.52610490268379,,1.9268434273125006,1.6962164582288117,1.0185066595845917
18.66,0.007428610534148589,1.7824423263574654,6.792173850766184,1.9925456177864584,1.9843800734206403,1.9759025973297177,1.956625536076537,1.9985947820186625,6.78955078125,5.272240530981908,17.533187133309124,,1.9667784397883936,2.098668094742514,2.890296262721228
18.67,0.006239463115180062,1.6335607969055597,6.795336039854956,1.992133196138395,1.9841002809888468,1.976533263639608,1.9669132278151944,1.9984374212654241,6.767578125,-4.377449849134164,17.090917189929137,,1.9731214796967516,2.0901264961258534,1.9936137449954727
18.68,0.0062394631151800805,1.633560796905562,6.790487474613283,1.9927936562264368,1.987313486486167,1.9871713784063862,2.00502790177602,1.9983482446379284,6.78955078125,4.069816311701708,16.144995038411587,,2.000311213339259,2.1862857539364957,2.175988392408524
18.69,0.007428610534148638,1.7824423263574714,6.7796485210891415,1.9934317536433683,1.9902568829813152,1.996025632634597,2.028576010883179,1.9993512509930602,6.78955078125,-1.2666379258275262,14.644795153784921,,2.0180509446140387,2.172915197495307,1.886617433278224
18.7,0.009352691475672647,1.9999999999999416,6.766322714590959,1.993017751265726,1.989597414822038,1.9936929972826851,2.014244086460708,2.001472901336555,6.767578125,-0.37004577067642314,12.560991494684972,,2.0072779389228965,2.0153815671099617,1.2871412517729652
18.71,0.011276772417198067,2.1961100503411717,6.755714938899067,1.9926445638648629,1.9890842153759114,1.9919275415088098,2.003591294074933,2.0039393265667043,6.767578125,3.0674446214844777,9.810297530499435,,1.9995453589427086,1.9591573473665775,1.827416400407457
18.72,0.012465919836165967,2.3089995935064866,6.752552529927577,1.992310356100163,1.9887038776369137,1.9906531490083454,1.9959981623384484,2.005702312257916,6.767578125,1.6987340325271245,5.8719355444561225,,1.9943734186447573,1.9486073574320393,2.10767774535182
18.73,0.0124659198361662,2.3089995935065084,6.757401230922157,1.9909824117254191,1.9850975736024121,1.980239528470727,1.9621324109470242,2.0052139829749405,6.74560546875,-1.005981978808423,-4.941660729579654,,1.969426598672699,1.8372299205245086,1.7338235482415854
18.740000000000002,0.011276772417197474,2.1961100503411135,6.768240480187893,1.989752167651318,1.9819862464277145,1.9721074839141512,1.940383375088285,2.0010611949287016,6.74560546875,2.9721625470066906,-8.849233470639247,,1.954236768977005,1.8493645259210745,2.0338774790047007
18.75,0.0093526914756734,2.000000000000022,6.781566348525971,1.988616021265306,1.9793350768223323,1.9659919330742368,1.928688728266091,1.9933487629310396,6.74560546875,1.7518426530605522,-11.199236950412924,,1.9464986718223145,1.897977204953884,2.134246870490398
18.76,0.007428610534148044,1.7824423263574,6.792173850766181,1.990667538915747,1.9871794492963202,1.9906699906901992,2.0167229130782816,1.9846123909550737,6.8115234375,4.424084750288806,-12.808448925905564,,2.0096452884353866,2.264980322686273,3.0433224770146805
18.77,0.006239463115180313,1.6335607969055925,6.795336039854953,1.9926152453822803,1.9942168077646882,2.0107039491522696,2.0720944029290247,1.9784430817778493,6.8115234375,-3.2339905248098355,-13.872864146367542,,2.0500944524513067,2.293291772498351,2.149699023952471
18.78,0.006239463115180289,1.6335607969055892,6.790487474613279,1.993431591798071,1.9971607848970279,2.017117068926195,2.074435826967102,1.9768064986913825,6.78955078125,1.4688849078077755,-14.449962821151319,,2.052834568438932,2.1080709537603197,0.4635374169489051
18.79,0.007428610534147979,1.7824423263573923,6.779648521089138,1.993183471845209,1.9964640990223756,2.0124896740325604,2.041564183121125,1.9795865942062898,6.767578125,2.2597035184394496,-14.535266899483743,,2.030454802888123,1.8765915934653112,-0.4350837489430916
18.8,0.00935269147567332,2.0000000000000138,6.766322714590955,1.993995038409786,1.9991935493521376,2.0179452813144607,2.046428518460261,1.9862089419099502,6.78955078125,3.4613885498018115,-14.082709051579933,,2.0349920008116746,1.929072628454313,2.186476522898212
18.81,0.011276772417197406,2.1961100503411073,6.755714938899062,1.9927115785603289,1.9949789978526966,2.0030819162924236,1.9900189647619393,1.995442719732919,6.74560546875,-3.356309734202459,-13.007316304900863,,1.9934515576449743,1.6963096656453553,1.4532574962305216
18.82,0.012465919836166173,2.308999593506506,6.752552529927569,1.9925498748083805,1.9945855959338534,2.0004004931140074,1.9824695197178654,2.0052485601884387,6.767578125,4.5194705060245335,-11.175835742131966,,1.9875657575795491,1.8347037922789524,2.455883915210442
18.830000000000002,0.012465919836166222,2.3089995935065106,6.757401230922149,1.990351963323329,1.9876120291202986,1.9791049620014016,1.9224774879456692,2.013286642379473,6.7236328125,-3.4844019477028287,-8.328493427177575,,1.9405082873240838,1.6751015333900583,1.5597099320379089
18.84,0.011276772417198131,2.196110050341178,6.768240480187884,1.9893342122285067,1.9848092414699388,1.9716711330240593,1.9147221332857274,2.0176007753248606,6.74560546875,4.457341481682475,-2.8678466204851616,,1.9343297269591602,1.8732333172886668,2.425288263658696
18.85,0.009352691475672727,1.9999999999999503,6.781566348525962,1.9883977924595935,1.982408406462445,1.9661343057400886,1.9152076854419493,2.018253518403087,6.74560546875,-1.7430545899947918,7.327402521556456,,1.9339988349252064,1.995077748237006,2.317253105747276
18.86,0.007428610534148703,1.7824423263574793,6.79217385076617,1.9896037509386937,1.987070465787702,1.9816492152287608,1.9829623634670808,2.016950687324753,6.78955078125,3.6454111939196396,10.635555853958843,,1.9815228507915943,2.26940960583493,2.777319284327978
18.87,0.006239463115180106,1.6335607969055652,6.795336039854941,1.9907579238306807,1.991293713487599,1.9945384289795123,2.0252133820619145,2.0159800432769472,6.78955078125,-2.5338045908762887,12.953945239545904,,2.013536479849341,2.2925149903729745,2.0545775388309484
18.88,0.006239463115180036,1.6335607969055561,6.790487474613268,1.9918611367388612,1.995098141983934,2.0050128751369702,2.0488675056366015,2.017060277974337,6.78955078125,2.4185594327651234,14.695406086502611,,2.033661394788625,2.2257136561132915,1.5263161907129001
18.89,0.007428610534148524,1.7824423263574578,6.779648521089127,1.9929142593036346,1.9985048045933398,2.013333677564728,2.060587489694816,2.0211300564906893,6.78955078125,2.0282768824742514,15.995873735211456,,2.0449799395603963,2.128129212263019,1.5312970796825158
18.900000000000002,0.00935269147567325,2.000000000000006,6.766322714590944,1.9939182240386164,2.0015359834412765,2.0197758016118126,2.0642263792796123,2.0278991543592464,6.78955078125,1.924109702545537,16.905884247185174,,2.04997690945866,2.032965104367327,1.7554614522793306
18.91,0.011276772417197952,2.1961100503411606,6.755714938899052,1.9928156543426827,1.9975793208682135,2.005719357311922,2.0057038954093445,2.035492526615685,6.74560546875,-2.657256992538606,17.434224841844372,,2.0080738799573554,1.7195856394911195,0.7124496625111636
18.92,0.012465919836166153,2.308999593506504,6.752552529927562,1.9917922833172004,1.9940656526185565,1.994100887374097,1.9665078825403781,2.041476885827262,6.74560546875,3.706735033906911,17.562636083048535,,1.9792077909777497,1.677141473841601,1.9393964134303732
18.93,0.012465919836166243,2.3089995935065124,6.757401230922143,1.9918753524652137,1.994298808340657,1.994259495301897,1.971745049284387,2.044344895302756,6.767578125,2.6038914699959377,17.253111120923357,,1.9828781315363975,1.8741204929554627,2.67395955520918
18.94,0.011276772417197588,2.196110050341125,6.768240480187878,1.9919690095711222,1.994539086633737,1.9944847009506461,1.9770628340660121,2.043344556308563,6.767578125,-1.1713458858524226,16.452893732677417,,1.986353356772886,1.9681556468765256,2.3979931300580444
18.95,0.00935269147567354,2.0000000000000373,6.781566348525959,1.99104251632154,1.99145553735986,1.9852275069436276,1.953593155814775,2.0379177374850124,6.74560546875,0.9007190797085468,15.107872093714652,,1.9675691114488596,1.899019160917296,1.6151017389973508
18.96,0.007428610534148158,1.7824423263574138,6.792173850766169,1.9932765518502042,1.9987413077031908,2.006505948850225,2.0260706578468777,2.0290497646823056,6.8115234375,4.719722327783246,13.18728096765835,,2.0216800563224018,2.2397546057332294,2.8402072603340742
18.97,0.006239463115180357,1.633560796905598,6.7953360398549405,1.9943600989551573,2.0018956326664976,2.0141365742517094,2.044945760084448,2.0188754414561876,6.78955078125,-4.236182355508026,10.642086760977445,,2.0347039390906243,2.168636915835768,1.669895355512828
18.98,0.0062394631151802445,1.6335607969055834,6.790487474613268,1.996416516781691,2.0079901285652118,2.0294469241324236,2.083020756449242,2.0092975892109135,6.8115234375,4.114089848183126,7.163834120724439,,2.0623871424044036,2.2021608628106346,1.9233462137623794
18.990000000000002,0.007428610534148466,1.782442326357451,6.779648521089127,1.998355353091696,2.013344411704374,2.0412945931357194,2.1036201243405634,2.001947022614204,6.8115234375,-1.3612106020996486,-2.904140408884396,,2.07727671196297,2.142338669712101,1.7632262071586948
19.0,0.00935269147567318,1.9999999999999987,6.766322714590944,1.9991551878790477,2.0147173399306206,2.040743508951774,2.0809719430708684,1.9968174266384175,6.78955078125,-0.2651817452672497,-7.979379578038357,,2.0620775516072074,1.9498189415396103,1.2796906131387362
19.01,0.011276772417197895,2.196110050341155,6.755714938899054,1.9988838482284543,2.0125415301837086,2.0299574610911044,2.0302260911063357,1.9927471496040985,6.767578125,2.237847136233366,-10.609149526530388,,2.027237749163772,1.7564204185924386,1.3547439150240526
19.02,0.01246591983616613,2.308999593506502,6.752552529927564,1.9996557906885886,2.013823929611176,2.0301383810172684,2.0269526311551966,1.9888880555874893,6.78955078125,3.5002461644354725,-12.384799529617911,,2.0237051823023227,1.874698141006002,2.4603440720576666
19.03,0.012465919836166265,2.3089995935065146,6.757401230922148,1.9993579258390046,2.011567219293397,2.0201046986050426,1.9964465086074794,1.9846479280745155,6.767578125,-2.634292852093106,-13.580167262823865,,1.998894055654272,1.814431878260808,2.026658383108412
19.04,0.011276772417198246,2.196110050341189,6.768240480187883,1.999079064880127,2.009479938389397,2.0116190877656077,1.9776721614685495,1.9794672013559564,6.767578125,3.245523432038779,-14.276821462437395,,1.9824931943793593,1.851679690321169,2.1092799699685294
19.05,0.009352691475672867,1.9999999999999654,6.7815663485259625,1.999842995836427,2.0108735697505797,2.014119910689313,1.9935840632602944,1.9738540007668635,6.78955078125,2.7653229935749803,-14.482351525750966,,1.9944274336703216,2.0259112713343144,2.4564908420793214
19.06,0.007428610534148817,1.782442326357493,6.792173850766174,2.0005617238575892,2.012041579992218,2.0158665119161063,2.005077343301569,1.9691847147992523,6.78955078125,-1.1465479804830672,-14.159705471693421,,2.002829421170818,2.075681592114708,2.1041121198685353
19.07,0.006239463115180149,1.633560796905571,6.795336039854947,2.002259714792376,2.0163076660387023,2.0263438645830685,2.040384650839488,1.9671784753331278,6.8115234375,3.092187011866267,-13.231368897306805,,2.0297221236281735,2.1830324328903528,2.2591055023681577
19.080000000000002,0.006239463115180223,1.6335607969055805,6.790487474613275,2.0028295735343042,2.016690747202085,2.024991478258653,2.035067345955209,1.96900196702275,6.78955078125,-2.3973606192401453,-11.572445668024137,,2.024782843505701,2.062719940934211,1.4123330826462255
19.09,0.00742861053414841,1.782442326357444,6.779648521089134,2.003360574279265,2.016924851563285,2.0234328289871635,2.029303098502409,1.9745404169559524,6.78955078125,3.220821837776909,-8.963754534353166,,2.02023908401215,2.009823974698144,1.6885353040125703
19.1,0.009352691475673108,1.9999999999999911,6.7663227145909515,2.002831990227506,2.013718425965802,2.012358811260901,1.9942422159813533,1.9826558655501467,6.767578125,-1.1163526182291317,-4.456708176187301,,1.9947840495665075,1.8742446557592487,1.4766488947179588
19.11,0.011276772417197838,2.1961100503411495,6.755714938899062,2.0013067984302566,2.0074579868102504,1.9936383398075623,1.9402401375598555,1.9912891597875402,6.74560546875,2.173444908975461,6.510366582845643,,1.9561597018898949,1.7446357637558532,1.5637700410860198
19.12,0.01246591983616611,2.3089995935065,6.7525525299275735,2.0008925014817405,2.0051573201921373,1.9879994979942832,1.9370742336004942,1.998665496622497,6.767578125,3.537438362529793,10.13902045650802,,1.9547921235721646,1.9077903901834754,2.5242499195897476
19.13,0.012465919836166286,2.3089995935065164,6.757401230922157,2.000501348122505,2.0030810293645023,1.9836660920610214,1.9391869214828057,2.0036677609319615,6.767578125,-1.613558851458047,12.608566734511957,,1.956543386477103,1.9892982528212664,2.3961752994249035
19.14,0.011276772417197701,2.196110050341136,6.768240480187893,1.9991085482671076,1.9978912980923822,1.9709014490412209,1.9136946128058177,2.005155178380979,6.74560546875,0.7890936304158606,14.458499709693436,,1.9379729334629001,1.9135697613475333,1.7314627575189276
19.150000000000002,0.009352691475672938,1.999999999999973,6.781566348525972,1.9988240941830326,1.9966176531973419,1.9706712971523876,1.9343850743133721,2.002974836035529,6.767578125,3.6921237627979737,15.85357988968492,,1.95109343946961,2.0384005409704877,2.286931420923005
19.16,0.007428610534148273,1.7824423263574276,6.792173850766182,1.9985588650437587,1.9955105096869707,1.9710847243089449,1.9522407226552076,1.9983716850480273,6.767578125,-1.617693018443573,16.855789665486064,,1.962392075525937,2.0684424754296002,2.086838783686122
19.17,0.00623946311518017,1.6335607969055737,6.795336039854954,2.000361029408736,2.0012026590493157,1.9913342095152418,2.0243164596452394,1.9934376618577023,6.8115234375,3.7095249066811604,17.47996188348218,,2.0150227281383133,2.2705026855889114,2.652074093312357
19.18,0.006239463115180201,1.6335607969055779,6.790487474613281,2.001031334621716,2.002937296541152,1.9982443960166316,2.0385852101518607,1.9902771583755463,6.78955078125,-3.322526311081478,17.71292200729165,,2.02721050449136,2.150816795416236,1.5633614512754275
19.19,0.007428610534148353,1.7824423263574372,6.77964852108914,2.0016601816511868,2.004463756684281,2.0038600867049396,2.044989401136775,1.9900161799025682,6.78955078125,3.371347428622283,17.52160208377568,,2.0336099666727834,2.0595134313216334,1.5209339232959567
19.2,0.009352691475673037,1.9999999999999833,6.766322714590957,2.0022489269520154,2.0057959542305936,2.008325171103146,2.046262353034121,1.9931455245287364,6.78955078125,1.8271574255177958,16.85660415453779,,2.0359803072323457,1.996152597809468,1.760535615861942
19.21,0.011276772417197782,2.1961100503411437,6.755714938899066,2.002798924533337,2.00694743029528,2.011785513294159,2.0441304465545,1.999198884527722,6.78955078125,1.9408568537449482,15.661087994897775,,2.035668237485129,1.9624644894440249,1.942541234080626
19.22,0.012465919836166087,2.3089995935064977,6.752552529927576,2.001265084654112,2.0013153876903353,1.995471998922089,1.983495366076486,2.006264920625615,6.74560546875,-2.63000927406104,13.89997792295122,,1.9907889670567458,1.7079510264072155,0.9153272823280859
19.23,0.012465919836166309,2.3089995935065186,6.757401230922156,1.9998189826031427,1.996284654995082,1.9822101814339361,1.9430011273830279,2.011809645024274,6.74560546875,3.709407776575865,11.54489910080284,,1.960921124950568,1.715779671951158,1.9426810566820218
19.240000000000002,0.011276772417197758,2.1961100503411415,6.768240480187892,1.999483232032358,1.9951513334252848,1.9812876026543684,1.9484983465872725,2.01431144251624,6.767578125,2.600961086459405,8.417316020047728,,1.965176746900134,1.935701819568903,2.6454870358158327
19.25,0.00935269147567301,1.9999999999999805,6.7815663485259705,1.9981433168289588,1.9908474474685336,1.9712964659242813,1.9258181962595806,2.0130815574232455,6.74560546875,-2.405200014052533,3.1233499062151124,,1.9480050013868961,1.922845233933558,1.9954151687346833
19.26,0.007428610534148328,1.7824423263574343,6.79217385076618,1.997911560086926,1.9904076262262704,1.9733521423716203,1.945906528968763,2.0086130799555066,6.767578125,3.888333345902242,-6.888821593033835,,1.9614173746289694,2.0765867897061736,2.350492599866816
19.27,0.006239463115180192,1.6335607969055768,6.795336039854952,1.9987232319033392,1.9934149880962018,1.9852200153351927,1.992599297974072,2.003266162174813,6.78955078125,1.4051819910997,-9.943988730470805,,1.9940888811923836,2.2188576368491817,2.417603973486974
19.28,0.006239463115180179,1.633560796905575,6.790487474613278,2.001538220773484,2.0027791383499123,2.0142288952100604,2.078475097139073,2.0004920817832934,6.83349609375,2.9338313676407757,-11.951589433161477,,2.058108018998117,2.404378797602688,2.6264392282889624
19.29,0.0074286105341482955,1.7824423263574303,6.779648521089137,2.003157580336517,2.0077566749703446,2.0277668385781196,2.1006020087679347,2.002607462495049,6.8115234375,-3.0943054852422107,-13.327297461718166,,2.0757629831187825,2.2442021050037946,1.2083417447829636
19.3,0.009352691475672968,1.999999999999976,6.766322714590954,2.0026284763355107,2.0055138156047203,2.0192892787352976,2.0515581336419664,2.008441042095645,6.767578125,1.6102100805010207,-14.191531119054154,,2.041163343818446,1.8645480492501034,-1.3532137600489673
19.31,0.011276772417197725,2.1961100503411384,6.755714938899062,2.0021261504423737,2.003483178622034,2.0120065468071275,2.0159185367390307,2.0155662292761436,6.767578125,3.68726987608991,-14.572025701461417,,2.015209820812238,1.7281494393560157,1.5594310388750001
19.32,0.012465919836166066,2.308999593506496,6.752552529927569,2.0016499674086896,2.0016551390928248,2.005856778049303,1.993225375379203,2.0215580698148212,6.767578125,1.2643062661192086,-14.44698327244693,,1.9969255049370342,1.7286539215205285,2.328757544406048
19.330000000000002,0.012465919836166099,2.308999593506499,6.757401230922149,1.999149334891769,1.993362488821606,1.9816184343007848,1.923762738194757,2.0231630492200194,6.7236328125,-2.311478536518964,-13.75530553171074,,1.9409916711623123,1.5185158648267467,1.668951919248419
19.34,0.011276772417198417,2.196110050341206,6.768240480187884,1.9978223097389476,1.989343209728469,1.971783605131672,1.91021196591556,2.018204696869378,6.74560546875,4.352885428435301,-12.392656451915478,,1.928749427065948,1.7519956183937804,2.5440323094778643
19.35,0.009352691475673079,1.9999999999999878,6.7815663485259625,1.9976040139325595,1.9891753409572313,1.973974795334198,1.9370047407122926,2.007869781303775,6.767578125,0.9318075581866023,-10.196533338576915,,1.9470937378926996,2.035601365957022,2.718075326332531
19.36,0.0074286105341483865,1.7824423263574414,6.792173850766172,1.9994553038530831,1.9957740635587808,1.9954828069492676,2.0181000780480214,1.995463067256004,6.8115234375,2.923765735577567,-6.729929549982211,,2.0058077570267017,2.3421001891984865,2.8176052462675782
19.37,0.006239463115180213,1.6335607969055794,6.795336039854943,2.001196745407566,2.0016587930909657,2.0128677120338763,2.066286912305375,1.9849403754320347,6.8115234375,-2.2785369815832146,4.1121157052873345,,2.0437331762308717,2.3616982727385727,1.8209633714945708
19.38,0.006239463115180158,1.633560796905572,6.79048747461327,2.0028318573487485,2.0068722498300513,2.0266038375623032,2.091703935872499,1.9796164895515762,6.8115234375,2.4354750520662556,8.857359311892647,,2.0661753773495684,2.275154332111852,1.1478771363852025
19.39,0.007428610534148238,1.7824423263574234,6.779648521089129,2.004364160167715,2.011457804756197,2.037182149088668,2.1013615796524014,1.9809957195394283,6.8115234375,2.0013650990110694,11.686669201408767,,2.077316530588757,2.149255727914683,1.3224630429138748
19.400000000000002,0.009352691475673641,2.000000000000048,6.766322714590945,2.0047745575186804,2.012155878847518,2.035678351531967,2.0711181280216744,1.9881588837344535,6.78955078125,-1.2895043020530144,13.75805744640688,,2.059544214860186,1.9101094381107524,1.1571943351243594
19.41,0.011276772417197666,2.1961100503411326,6.755714938899055,2.0041293964020666,2.009393517399754,2.024290877810318,2.018571425871092,1.9986561159906524,6.767578125,2.026650836051145,15.325162320824,,2.0230349109280463,1.6844446793477656,1.4723575226431673
19.42,0.012465919836166274,2.308999593506515,6.7525525299275655,2.0035152606809956,2.0068745981481184,2.0145318189532007,1.9875178750710958,2.0097765434750356,6.767578125,2.8811439405964077,16.480259849791427,,1.9971464088267423,1.6745808923402443,2.2171499431195842
19.43,0.012465919836166352,2.3089995935065226,6.757401230922146,2.000882527489873,1.9979397265169907,1.9871377808408672,1.9165194079991963,2.018183540868286,6.7236328125,-2.44578243861461,17.254279835490426,,1.936020047011221,1.479712874334648,1.586283483970958
19.44,0.011276772417197873,2.1961100503411526,6.768240480187881,1.999427587902576,1.9933153750630654,1.9747566987514675,1.9031041246890703,2.0214255814576023,6.74560546875,4.394674929518694,17.64614953150993,,1.9206531411683667,1.746617929712855,2.537818726013132
19.45,0.00935269147567315,1.9999999999999956,6.781566348525961,1.9990857234552322,1.9925807107537512,1.974881787565512,1.9307374295523962,2.0198832363041963,6.767578125,0.9800994745912525,17.631500986255666,,1.9376559001897438,2.053199166655587,2.735622991883761
19.46,0.007428610534148444,1.782442326357448,6.7921738507661695,1.9987662868605973,1.9919783282908579,1.975493627309568,1.9541320891530345,2.015146115347773,6.767578125,-0.5660345750936749,17.16780339990506,,1.9527283125581198,2.1738583736728865,2.195952102319249
19.47,0.006239463115180237,1.6335607969055823,6.795336039854942,2.000520010435389,1.9981648375470349,1.9956376171323793,2.028464072874157,2.009500963272823,6.8115234375,3.7529148866549185,16.201020351967387,,2.0088286158348634,2.3968545360651254,2.5233831166510186
19.48,0.006239463115180136,1.6335607969055692,6.79048747461327,2.002167997474904,2.0036675843661493,2.011892622864085,2.070250020581409,2.005368816236346,6.8115234375,-2.640745082784435,14.682917523265838,,2.044895182668214,2.3732180096642703,1.7815929024516248
19.490000000000002,0.007428610534148784,1.782442326357489,6.779648521089129,2.002689879017892,2.005217063957081,2.0153520377831624,2.0648396737933608,2.0035695271681404,6.78955078125,1.2491157271880904,12.587809730515074,,2.045070175378787,2.1537078238480496,0.6061280194718817
19.5,0.009352691475672826,1.9999999999999607,6.766322714590946,2.002152317245192,2.003248962279123,2.0084682331414894,2.02888260532376,2.0034139293433055,6.767578125,2.217154000098371,9.834407770292808,,2.0214001841726947,1.8868209475141053,0.8357117730723873
19.51,0.011276772417198213,2.196110050341186,6.755714938899056,2.002667544548342,2.0047960797606743,2.0121237742534848,2.031536159081941,2.004216191987412,6.78955078125,3.4795086657706094,5.909248130708814,,2.025729672605385,1.9098053093237213,2.3626975394253837
19.52,0.012465919836166022,2.308999593506492,6.7525525299275655,2.0021238051438894,2.0028293309985945,2.0054664993055935,2.0039962479310196,2.0052946525381166,6.767578125,-2.6229437784968135,-4.8901849705322755,,2.006026617264877,1.7891805762890558,2.032840804482884
19.53,0.012465919836166144,2.3089995935065035,6.75740123092215,2.001608960507467,2.0010628683761906,1.9999372930586108,1.9857212390835886,2.005610829011426,6.767578125,3.2446751462994166,-8.813066778112965,,1.9926191390011452,1.7956738617747725,2.1536992005063818
19.54,0.011276772417198532,2.196110050341217,6.7682404801878855,2.001122265524218,1.9994862937641311,1.9954345735327,1.9742836604108531,2.004548822174607,6.767578125,1.7953437605709088,-11.162425683876004,,1.9842074240486955,1.848622275375997,2.1411851832418436
19.55,0.009352691475673221,2.000000000000003,6.781566348525965,2.0006629617506544,1.9980890459393403,1.9918553449806535,1.9679430928829673,2.0022472155835818,6.767578125,1.968062081561683,-12.767266817715072,,1.9795560061252488,1.9091427344910463,2.0830079010337523
19.56,0.007428610534148501,1.782442326357455,6.792173850766176,2.0022798660601717,2.003502235533795,2.0080630722710318,2.022567008405507,2.000130163364454,6.8115234375,3.905989784803745,-13.824682424049843,,2.02077497324559,2.175313411497062,2.7157567597578876
19.57,0.0062394631151802575,1.6335607969055852,6.7953360398549485,2.003796334444938,2.0082888100593697,2.021051001353834,2.0585711880588615,2.0000192797448,6.8115234375,-2.405239102841096,-14.39224717053253,,2.04675873024829,2.2061736981654025,2.0892604806017716
19.580000000000002,0.006239463115180344,1.6335607969055965,6.790487474613276,2.003169198161399,2.005877626232543,2.0123924788339105,2.0224229785954932,2.0021834284596043,6.767578125,-1.8032565243335015,-14.46508908050364,,2.019104198472331,1.9431351579435203,-0.7614604471589899
19.59,0.007428610534148124,1.7824423263574098,6.779648521089136,2.0035979385659695,2.007008309218746,2.0145567964087716,2.025427445551906,2.006160850728298,6.78955078125,4.390916179410484,-13.996069281573183,,2.0208734811621474,1.9872536652412383,1.9660119542469237
19.6,0.009352691475673499,2.000000000000033,6.766322714590953,2.003995493364731,2.007973383194122,2.0160545472688427,2.0259654323868515,2.0116391083926173,6.78955078125,-1.9353178319807793,-12.898161290259162,,2.0211264898477284,1.9959566687102095,2.1765960345868396
19.61,0.011276772417197552,2.1961100503411215,6.755714938899064,2.0033395555335405,2.005473569913718,2.007484559950001,1.9957783544388763,2.0173558498358983,6.767578125,0.608427294656528,-11.033677130363037,,1.998897484046885,1.8807439661820637,1.7343258083471746
19.62,0.01246591983616623,2.308999593506511,6.752552529927574,2.002717133682439,2.0032152539144286,2.0003550298472748,1.975487841242836,2.0213355619804556,6.767578125,3.073243631175031,-8.124049149970531,,1.9841784461000567,1.8789020585106555,2.0159299685588414
19.63,0.012465919836166395,2.3089995935065266,6.757401230922158,2.001102774980124,1.9978623691481008,1.9849533248990292,1.9334400976022896,2.0214617388478455,6.74560546875,-1.2643752566218702,-2.187826189839936,,1.9533730455098832,1.7911856009590092,1.6972822007178157
19.64,0.011276772417197985,2.1961100503411637,6.7682404801878935,2.000607282529827,1.9964380243617215,1.9823007055130006,1.9385330003273624,2.0167054963567774,6.767578125,3.7089437158969636,7.557118316699673,,1.9574140999899987,1.9508283936737687,2.4021487043775003
19.650000000000002,0.009352691475672546,1.999999999999931,6.781566348525973,2.001166033547506,1.9985266318313124,1.990121710489962,1.9765595392806041,2.0080420987450753,6.78955078125,1.432222908536013,10.791377895156115,,1.9843876778732858,2.1249990703189217,2.557791350878478
19.66,0.007428610534148558,1.7824423263574618,6.792173850766183,2.0016903746913255,2.0003977687869177,1.9966731525121153,2.0029597928931024,1.9972296590626548,6.78955078125,-0.33337533684730775,13.077405373605306,,2.002981451008169,2.1480908797328597,2.0567209428087256
19.67,0.006239463115180049,1.6335607969055579,6.795336039854955,2.0032054796730825,2.0053812730198772,2.0115794291794478,2.0482727591512444,1.9865664177573217,6.8115234375,3.1046559661948208,14.79887221035691,,2.03630506170305,2.224185813911923,2.1564976108944833
19.68,0.006239463115180092,1.6335607969055634,6.790487474613282,2.004624939476005,2.009776305032931,2.02341163872364,2.074987690196753,1.9786917817051146,6.8115234375,-1.2151853243431598,16.08473206615759,,2.056230754087352,2.183132394875477,1.8054853283307912
19.69,0.007428610534148669,1.7824423263574751,6.779648521089141,2.005952043879883,2.013622581525736,2.032563039831697,2.0883534242161184,1.9752756270916512,6.8115234375,2.224350336767395,16.982871365166037,,2.066360076377667,2.106930076141303,1.7347607291902285
19.7,0.009352691475672685,1.9999999999999458,6.766322714590958,2.006168021951802,2.013658706066638,2.02998063377682,2.062700376574057,1.9761574948967389,6.78955078125,-1.0920188370688042,17.500943124047538,,2.04856219351538,1.9192953908451744,1.326053257254945
19.71,0.011276772417198098,2.196110050341175,6.755714938899066,2.0063611860919783,2.013608835083596,2.0273058712364342,2.0414933642382063,1.979837098448113,6.78955078125,2.9243197492267337,17.620077872037086,,2.034041859812065,1.863133118786971,1.8945243165330299
19.72,0.012465919836165979,2.308999593506488,6.752552529927576,2.0044871351786218,2.0068589748767307,2.0055136201457753,1.967612714980297,1.9839477735767916,6.74560546875,-2.399887279840036,17.30192288992808,,1.9795867920252233,1.612271718992059,1.1869535538240628
19.73,0.012465919836166186,2.308999593506507,6.757401230922156,2.0027156470891887,2.0007950446108014,1.9876188781784896,1.922711392973387,1.9859063033020166,6.74560546875,3.837436885988083,16.494062813402728,,1.9438236240081217,1.6544765755191995,2.0976522760162037
19.740000000000002,0.011276772417198044,2.1961100503411695,6.768240480187891,2.002068931784461,1.998721257408982,1.9830004753178567,1.928030523005018,1.9848287546261996,6.767578125,2.5489123409640584,15.143660999011814,,1.9454010262126182,1.916180703279843,2.7068775454394016
19.75,0.009352691475673362,2.000000000000018,6.78156634852597,2.0014579763863343,1.9968904267941856,1.9796220974670855,1.9369775087017918,1.981448848687841,6.767578125,-1.1483931763167636,13.221902351308769,,1.949775821569662,2.0474250596542327,2.36720493817565
19.76,0.007428610534148013,1.7824423263573965,6.792173850766179,2.0008818139064575,1.9952878503379183,1.97730856473836,1.9473919224069267,1.9774339645250203,6.767578125,2.2906813678982103,10.682700880108692,,1.9555622204425265,2.1062825704895274,1.9966879107831152
19.77,0.006239463115180301,1.6335607969055908,6.79533603985495,2.003413186577114,2.003881065053553,2.0046170218940063,2.0428819400471223,1.9758756344641015,6.83349609375,4.347794829201127,7.227101512727952,,2.0267209933445636,2.4145529520796085,2.865549115074783
19.78,0.006239463115180301,1.6335607969055908,6.790487474613277,2.0047639474973487,2.0081677908101843,2.017014944389913,2.070849475493886,1.9795103836291712,6.8115234375,-3.9451787318796727,-2.723523548107023,,2.0504398470374197,2.299887378871458,1.5250748329885402
19.79,0.00742861053414801,1.782442326357396,6.779648521089136,2.0039807558014817,2.005308995320221,2.0078677815309502,2.028849019288614,1.9880224075394555,6.767578125,1.87435666098722,-7.905773154255978,,2.0209757840722995,1.9435812999031126,-1.286426910424817
19.8,0.009352691475673358,2.0000000000000178,6.766322714590952,2.004261551360058,2.0060513136473843,2.009750832619955,2.02735323389198,1.9997395346841957,6.78955078125,4.284126354678115,-10.54453517693399,,2.0213001225166605,1.9229888344466561,1.9752211626744507
19.81,0.011276772417197437,2.1961100503411104,6.75571493889906,2.0014476283760665,1.9967191943857068,1.9826329015871658,1.941435993226744,2.0122195055850214,6.7236328125,-4.164572224132846,-12.319804323847425,,1.9553922093263922,1.5149670517330822,0.6931059818916518
19.82,0.012465919836166186,2.308999593506507,6.752552529927566,1.9998216566299456,1.9917466180271208,1.9703026564614465,1.915476862005532,2.0226508308581104,6.74560546875,5.084926617405155,-13.510296856658627,,1.9352152624578567,1.6673849092064839,2.5117223535259563
19.830000000000002,0.01246591983616621,2.3089995935065093,6.757401230922147,1.9993188195642184,1.990712616579303,1.9704619688205693,1.9332055167985902,2.030054333132524,6.767578125,0.49630227584592684,-14.198624525068189,,1.947809743232133,1.9438478390378915,2.8886047903256395
19.84,0.0112767724171981,2.196110050341175,6.768240480187881,1.998848461983591,1.9898586977639756,1.971194640295271,1.9498434695610491,2.034253103012584,6.767578125,-0.8644242947132101,-14.392224462671711,,1.9592141342171134,2.0648284028390824,2.3738667940576237
19.85,0.009352691475672689,1.9999999999999463,6.78156634852596,1.9973830278098101,1.9858248296108876,1.9626374883918396,1.9340426811774283,2.03499702843182,6.74560546875,0.9907495616431792,-14.053014444125472,,1.9469262773711666,2.0007812922528596,1.3750310108558497
19.86,0.007428610534148671,1.7824423263574753,6.792173850766169,1.9980635449326343,1.9890253783956295,1.9759855656883687,1.9871112797953787,2.033126325336272,6.78955078125,4.207730114360861,-13.101317555302447,,1.9853788636193754,2.213975984686246,2.4089477601247626
19.87,0.006239463115180093,1.6335607969055637,6.7953360398549405,1.998708487204596,1.9919468478479465,1.9872346561440595,2.020516702480687,2.0306112188637213,6.78955078125,-2.831343392007641,-11.40772964738545,,2.0112422578372,2.223834878146521,2.0005875598599716
19.88,0.0062394631151800484,1.6335607969055579,6.790487474613267,2.0003442497005017,1.9979352276256561,2.006115627297724,2.0670368095908302,2.0294831088931513,6.8115234375,3.22460109367176,-8.736679693345542,,2.048641298175155,2.2661367959314505,2.1639806425411776
19.89,0.007428610534148555,1.7824423263574614,6.7796485210891255,2.001882619956773,2.0032649969453833,2.0210622492584642,2.0935667895012284,2.031159987231199,6.8115234375,-0.9916429861928706,-3.969671713889938,,2.0704500137675588,2.189041205173393,1.8428099551121817
19.900000000000002,0.009352691475673287,2.00000000000001,6.766322714590943,2.002302814014611,2.0046597912866746,2.0232497555001356,2.0776403464066537,2.0349320922201817,6.78955078125,0.5180245772984801,6.815997561128975,,2.0600601782248766,1.9686320377012998,1.231554876734354
19.91,0.011276772417197984,2.1961100503411632,6.755714938899051,2.000646314661326,1.999231062396946,2.005727857941413,2.0024266069196868,2.038387483458468,6.74560546875,0.6108248027991454,10.33254541894601,,2.007127901767562,1.6101733666591806,0.23344464544564478
19.92,0.012465919836166165,2.3089995935065053,6.752552529927561,2.000112543117726,1.9977309267162118,2.000813202601437,1.9841365979503807,2.0392614338768436,6.767578125,4.214974512208514,12.758121079419643,,1.9923901154904062,1.7204172879210036,2.416463041340926
19.93,0.012465919836166232,2.3089995935065115,6.757401230922142,1.9996115047823904,1.9964147302484303,1.996813451736652,1.9744314732781738,2.036197363341553,6.767578125,-1.8914094870764704,14.58163332754223,,1.9831028601191316,1.8248270235121005,2.5249225299080655
19.94,0.011276772417198159,2.1961100503411806,6.7682404801878775,1.9991421712075037,1.995270537379354,1.9936298133434198,1.9701514322264466,2.0286609438735153,6.767578125,2.207416605537566,15.957488407129906,,1.9779348657370948,1.9155038474385528,2.3180411545742374
19.95,0.009352691475673504,2.0000000000000333,6.781566348525957,1.9997292000175073,1.9976147438042,2.0006219860736674,1.9970367658488417,2.0175832337812976,6.78955078125,3.081810462627589,16.94406323654247,,1.9974548726464785,2.092318654002495,2.4421161800503213
19.96,0.007428610534148127,1.78244232635741,6.792173850766167,2.0023323836696925,2.0063496338978193,2.025025300344044,2.069639847327825,2.005544786531898,6.83349609375,2.9147747520134115,17.554450014532307,,2.0530036721917595,2.3315870636271114,2.6848660237659914
19.97,0.006239463115180344,1.6335607969055965,6.79533603985494,2.0037522840382445,2.0107537014309886,2.034992753023814,2.0878798487624333,1.9952269146469694,6.8115234375,-3.219054592476649,17.77439685419442,,2.065638858532927,2.215951766545848,1.3099955606273876
19.98,0.0062394631151802575,1.6335607969055852,6.790487474613267,2.0050817556025593,2.0146008782646416,2.0424598610910536,2.0950363229138413,1.9879944176678344,6.8115234375,3.413618661797627,17.570202142396333,,2.070381821586041,2.1087027485440433,1.2311683037267496
19.990000000000002,0.0074286105341484976,1.7824423263574547,6.7796485210891255,2.0053015957387013,2.014634972460689,2.0383528945484035,2.0638333591914932,1.9840119037619717,6.78955078125,-1.1042132682952364,16.892271023587345,,2.048740811346268,1.9058208441505249,1.034654335593851
20.0,0.009352691475673216,2.0000000000000027,6.7663227145909435,2.006522563559284,2.0178745579345243,2.0437207648171736,2.0687619453758876,1.9829799059152289,6.8115234375,3.665658708353158,15.684897655325404,,2.0527158877395104,1.9614145337563942,2.2930839550470132
20.01,0.011276772417197928,2.196110050341158,6.755714938899054,2.005616336125099,2.0140475792091097,2.0281446395064657,2.009871131871068,1.9840285414367356,6.767578125,-3.329755499771827,13.915573168779433,,2.0103280951977935,1.727983215123926,1.4295357332494898
20.02,0.012465919836166142,2.308999593506503,6.752552529927565,2.0057775953909545,2.013859600530979,2.024565053796284,2.001796922815218,1.9858996765727948,6.78955078125,4.49772437013135,11.558517546035594,,2.0029290118875873,1.856152268849546,2.4186230420205637
20.03,0.012465919836166253,2.3089995935065133,6.757401230922149,2.004897801280162,2.010298146643593,2.0116510381246706,1.9700397645913659,1.987646088157779,6.767578125,-2.7669972862364287,8.438068204412662,,1.9765003261762262,1.8158136405378122,1.9782362193447474
20.04,0.011276772417198214,2.196110050341186,6.768240480187884,2.0040626422916588,2.0070656650214764,2.001080081700654,1.9510962275352326,1.9883304247063753,6.767578125,3.1607075203013006,3.2011547319107465,,1.9602475250063676,1.871202380247621,2.088380935653704
20.05,0.009352691475673573,2.000000000000041,6.781566348525963,2.004294687661843,2.0074700880714285,2.002120423458988,1.9693066404662027,1.9880502023021642,6.78955078125,2.8130750035312158,-6.8369066020387645,,1.9737347260531735,2.054348797836127,2.4531153540319623
20.06,0.0074286105341487855,1.7824423263574891,6.792173850766175,2.004507013165264,2.0077896712617025,2.002956606579448,1.9839940151545812,1.9875652191456534,6.78955078125,-1.1644565714431134,-9.893565630011176,,1.984248493935506,2.1064715830009226,2.105951143278355
20.07,0.006239463115180137,1.6335607969055694,6.7953360398549485,2.0047004508526656,2.0080321521797995,2.0036151390677706,1.995165262607312,1.9876009949935016,6.78955078125,2.2643260658812676,-11.894810614559379,,1.992085246918109,2.1061558213305336,1.872221944983737
20.080000000000002,0.006239463115180234,1.633560796905582,6.790487474613277,2.0048758195697483,2.0082049084613423,2.0041198449033204,2.003189042191621,1.9888357731902786,6.78955078125,1.97904679721593,-13.260379163764393,,1.9976803802330703,2.0867384445675374,1.8504149472823324
20.09,0.007428610534148441,1.7824423263574478,6.779648521089137,2.005033923830373,2.0083149275084375,2.0044917017284423,2.0086051773145477,1.991817066201107,6.78955078125,1.97309508547392,-14.110847635344973,,2.001494104555529,2.0632553926000976,1.909502838543485
20.1,0.009352691475673146,1.9999999999999951,6.766322714590954,2.005175552952494,2.0083688002875606,2.004749261242957,2.0119402838771507,1.9967979055444087,6.78955078125,2.012886220899721,-14.473154371099433,,2.0039492690252168,2.0425798650855205,1.9594878896800967
20.11,0.01127677241719787,2.196110050341152,6.7557149388990645,2.005301480352863,2.0083727254680044,2.00490913799395,2.0136520300579677,2.003466975324922,6.78955078125,2.001567502936326,-14.324022615992783,,2.0054050825504026,2.0271110708026687,1.9856903109418682
20.12,0.01246591983616612,2.308999593506501,6.752552529927575,2.0043894328785252,2.0050224969715553,1.9955654641608378,1.985007172169043,2.0105139583969076,6.767578125,-1.2834013254638492,-13.599732493697104,,1.9845225846763148,1.9026326957065889,1.5405531890194124
20.13,0.012465919836166274,2.308999593506515,6.757401230922159,2.0025013029231515,1.998695397445838,1.9784864022976352,1.9359187344090911,2.0157928785889707,6.74560546875,2.0069561413732364,-12.191008728633168,,1.9493516210282475,1.7721826621150514,1.4751530236792088
20.14,0.011276772417198273,2.1961100503411917,6.768240480187894,2.001746056230827,1.9963970631791763,1.9744794189020043,1.9359473346322467,2.0178950574476433,6.767578125,3.57703990368902,-9.92311208489202,,1.9506654563698893,1.9248876646809827,2.4525882697897896
20.150000000000002,0.0093526914756729,1.9999999999999687,6.781566348525975,2.0010343963919293,1.9943834384069183,1.9717260543723774,1.9403161069195767,2.016918991402936,6.767578125,-1.6149623257570622,-6.2852478402679575,,1.9543450351928349,1.9961436698363537,2.3495416142722245
20.16,0.007428610534148242,1.7824423263574238,6.792173850766184,2.001390069387618,1.9959652035655664,1.9797765734504833,1.978226783940811,2.014103072737465,6.78955078125,3.0699185798150195,4.7710560318002955,,1.9811586932427137,2.133644345338455,2.4861404428211045
20.17,0.006239463115180159,1.633560796905572,6.7953360398549565,2.0027485741268563,2.000729136492401,1.9964126734699177,2.033107954638759,2.0116040285103867,6.8115234375,1.8002526743849987,9.177487452053644,,2.0212113019370728,2.244051830752975,2.3931674893872836
20.18,0.006239463115180213,1.6335607969055794,6.7904874746132835,2.0040229428473224,2.0049645362902995,2.0099085369182013,2.0655358927968464,2.011446643391556,6.8115234375,-0.3082748935173397,11.923722604147716,,2.046223959558316,2.2095040288445222,1.7977916234684168
20.19,0.007428610534148384,1.782442326357441,6.779648521089142,2.0052160007922577,2.008704430939922,2.0205986571803938,2.0826151680285054,2.014318385115989,6.8115234375,2.2698494901498205,13.950984310477322,,2.0601526363605926,2.1283414289145584,1.5704209585166282
20.2,0.009352691475673077,1.9999999999999878,6.7663227145909595,2.0042852908283666,2.005369851959319,2.0099023554500657,2.0317721221057634,2.018757081782209,6.767578125,-2.487990031789107,15.488268281390571,,2.0239104314321015,1.8114103886548998,-0.5650955080032989
20.21,0.011276772417197812,2.196110050341147,6.755714938899069,2.0034039353739566,2.002372743105799,2.001026329103548,1.9959945946355517,2.0221993356432773,6.767578125,3.715593689855856,16.6203221579012,,1.998075769620101,1.7374258020454953,1.8120139385675538
20.22,0.012465919836166099,2.308999593506499,6.752552529927579,2.001546388239362,1.9963722586518773,1.9842360785083057,1.9445954130077976,2.022062647050819,6.74560546875,-1.4889050043667191,17.374664131763257,,1.9590619677407781,1.6427534480604227,1.9693094945616192
20.23,0.012465919836166297,2.3089995935065173,6.7574012309221585,2.0008221493467353,1.9943830809711127,1.9804602130982363,1.9430437469425432,2.0167830447306385,6.767578125,3.6763523130317814,17.74836474665165,,1.9572500485338151,1.8516610634238981,2.6707323662351854
20.240000000000002,0.011276772417197727,2.1961100503411384,6.7682404801878935,2.001166500132961,1.9959880823990737,1.9873880248309783,1.9749261558104443,2.0068792782299596,6.78955078125,1.485930413468459,17.71611990102305,,1.980487011935252,2.079911291901873,2.7178783574235137
20.25,0.009352691475673715,2.000000000000056,6.781566348525973,2.001490671165991,1.9974513666058513,1.993278655995567,1.997607893080503,1.9936960904185468,6.78955078125,-0.3713678775030168,17.235050153463668,,1.9969417870691863,2.1413383803246084,2.092366569577331
20.26,0.007428610534148299,1.7824423263574307,6.792173850766183,2.0017952805374843,1.9987790134032675,1.9982104581006974,2.0126416376785947,1.9790541624334064,6.78955078125,2.2855644235849955,16.25125764666022,,2.007933934710481,2.1377194693648143,1.6606487875376723
20.27,0.00623946311518018,1.633560796905575,6.795336039854955,2.0041283044858624,2.0066121811290545,2.021182582258587,2.0768164975945376,1.96610900759744,6.83349609375,3.701128252639335,14.718874862212811,,2.05712966817007,2.3123674742347453,2.436308372227986
20.28,0.006239463115180191,1.6335607969055763,6.790487474613281,2.0052932462116417,2.010222027745384,2.0299558863542915,2.0884477346665355,1.958044264038941,6.8115234375,-3.241773117633168,12.615463961959287,,2.0654835308576707,2.175389986400218,1.4351323336471304
20.29,0.007428610534148327,1.782442326357434,6.77964852108914,2.006381434683972,2.013373946438032,2.0365342783998495,2.0907875640240094,1.9560571620920428,6.8115234375,3.389353708415027,9.86184005318622,,2.0674293622338302,2.0661759284938395,1.5505803089296737
20.3,0.009352691475673006,1.99999999999998,6.766322714590957,2.0063738203382355,2.012799178359528,2.03179942301662,2.056500697938225,1.9594675225418756,6.78955078125,-1.0413657768933424,5.952947543986921,,2.044095247355226,1.8711780059891185,1.308986188169333
20.31,0.011276772417197756,2.196110050341141,6.755714938899064,2.005335343866925,2.008906590158908,2.01781957599394,2.0011674190823743,1.9663732519344217,6.767578125,2.1378520774294807,-4.830623445643154,,2.0046947873191723,1.6962901509340553,1.4885534538518903
20.32,0.012465919836166078,2.3089995935064973,6.752552529927571,2.004350848725415,2.005388682505223,2.00609558413712,1.967729749486657,1.9747966263185048,6.767578125,2.855141750626612,-8.773578617833321,,1.9779936589579168,1.72016963880956,2.1851087713255843
20.330000000000002,0.012465919836166088,2.308999593506498,6.7574012309221505,2.002395112040746,1.9989030519337654,1.9868736383146044,1.9208638439074124,1.9826412979410184,6.74560546875,-1.2467953909205485,-11.124182048326167,,1.939394059367608,1.6869325199990073,1.9913712623570974
20.34,0.011276772417198386,2.1961100503412028,6.7682404801878855,2.001576759629534,1.9964690536643532,1.9811857167771527,1.9242018824113467,1.988331108736567,6.767578125,3.7230204182381637,-12.725996957853784,,1.9392872676696689,1.920948464621013,2.543071426375552
20.35,0.00935269147567304,1.9999999999999838,6.781566348525964,1.9997812172108738,1.9909968489672054,1.9673243057553618,1.9023074397291628,1.9912202336815228,6.74560546875,-2.612748882462527,-13.7778936092829,,1.9205514290070733,1.9309318462720118,1.8603066502554562
20.36,0.007428610534148355,1.7824423263574376,6.792173850766174,1.9991198544399345,1.9895305740825056,1.9663942758769009,1.9262275101239181,1.9917191266436294,6.767578125,3.8370043804073393,-14.337514911181335,,1.9350624838854784,2.1028724138958426,2.2888998997387366
20.37,0.006239463115180202,1.6335607969055779,6.795336039854946,1.9995276648493752,1.9916463460002058,1.9760413877530862,1.976746790955491,1.9915297269231835,6.78955078125,1.489801295434976,-14.399555780286887,,1.9705133533210073,2.2525568566950467,2.4013175707747076
20.38,0.00623946311518017,1.6335607969055737,6.790487474613272,1.999914751064087,1.9935916425534403,1.9843455094511255,2.007114065592203,1.9923877450445149,6.78955078125,-0.5209643571950714,-13.916051499408688,,1.9954237080724253,2.244345017173963,1.9325222218449778
20.39,0.0074286105341482694,1.7824423263574272,6.779648521089131,2.001306575996291,1.998704631279298,2.000951543786859,2.0504947216330516,1.9955881130500552,6.8115234375,3.114420462836764,-12.798043777560705,,2.0332896516242167,2.2786561193302415,2.1330621134660523
20.400000000000002,0.009352691475673679,2.000000000000052,6.766322714590948,1.9995409147721952,1.993270332378181,1.98566324995247,1.9960178921620824,2.000669829596819,6.74560546875,-3.8393752677555923,-10.903524568773307,,1.9922979208748273,1.8663042424542096,-1.197123025260545
20.41,0.011276772417197697,2.1961100503411357,6.7557149388990565,1.9989080978306681,1.9918193548113379,1.9831268694622088,1.9861323275386944,2.0060383472093224,6.767578125,5.0783749579296655,-7.935299269832406,,1.9865533435647333,1.8633620588722637,2.0753341096474154
20.42,0.012465919836166286,2.3089995935065164,6.752552529927566,1.9983171793454053,1.990589339796913,1.9814158512479563,1.9801606660155957,2.0105411867391907,6.767578125,-2.0991498136678732,-1.2996200909836586,,1.9834406061256686,1.8758634822827878,2.388472267929625
20.43,0.01246591983616634,2.3089995935065213,6.757401230922147,1.996739994396076,1.9862173225656612,1.9708212443480249,1.948855205304439,2.012555831286656,6.74560546875,-0.22772202417571827,7.758428167624297,,1.96033134716014,1.7770311034278798,1.9407982569079063
20.44,0.011276772417197841,2.1961100503411495,6.768240480187882,1.9952635472297127,1.9824157281404338,1.9627424829387825,1.9296165983417128,2.01072789514999,6.74560546875,3.1060432820667137,10.93025704638347,,1.9468458128079855,1.8067795411977914,2.0885103941268275
20.45,0.009352691475673856,2.000000000000071,6.781566348525961,1.9949128695780551,1.9825083440743394,1.9665896131814284,1.9509846346041788,2.0054317936232446,6.767578125,2.6825926085998613,13.18834082499713,,1.9627462691896926,1.9907530230945334,2.464084994085038
20.46,0.0074286105341484126,1.7824423263574445,6.79217385076617,1.9956224913843892,1.9860697036089476,1.9800923236317614,1.9989451037049508,1.9986361330982378,6.78955078125,1.8253480932199841,14.89247613187461,,1.996901108120733,2.157786918214895,2.4661059623985775
20.47,0.006239463115180224,1.6335607969055808,6.795336039854942,1.9973272914430178,1.9926796756533294,2.000979491810628,2.058701451544407,1.9929196264245772,6.8115234375,2.1374205770767674,16.165762714734925,,2.0405808651249666,2.269461222482754,2.287943784916509
20.48,0.006239463115180147,1.6335607969055708,6.79048747461327,1.9979104855931464,1.9952528484151901,2.008156502895174,2.06525844794218,1.9901201038348066,6.78955078125,-2.07759044006429,17.053756601533518,,2.045852571497234,2.1249430378246985,1.0830321964505505
20.490000000000002,0.007428610534148814,1.7824423263574927,6.779648521089129,1.9984649461130846,1.9975723260411353,2.0137589241661185,2.0652451432796175,1.990496948076637,6.78955078125,3.226868550701846,17.563163825179327,,2.0466967177397635,2.03233218099596,1.4028654053408127
20.5,0.009352691475672864,1.999999999999965,6.766322714590946,1.9979649473728707,1.9963181001268921,2.008588764710935,2.0318969298601317,1.9930687691555362,6.767578125,-1.1855154226373872,17.67457690252034,,2.0234930003580165,1.8615332080491604,1.3114944617284123
20.51,0.011276772417198244,2.1961100503411886,6.755714938899056,1.996473147416672,1.9918935955692452,1.9947648291117435,1.979004408584604,1.996012550616505,6.74560546875,2.1861087094546137,17.34950281190964,,1.9850370548001026,1.7084722078879613,1.560412906647478
20.52,0.012465919836166033,2.308999593506493,6.7525525299275655,1.9950772400898056,1.9880090683372122,1.983575309814288,1.946137981653436,1.9978314131962036,6.74560546875,2.8449792114099757,16.535799789328635,,1.959933322977331,1.7437991406113638,2.2318976245085365
20.53,0.012465919836166132,2.308999593506502,6.75740123092215,1.9958306431194177,1.9913155056196925,1.9937762243104962,1.9853634571227055,1.998409065631859,6.78955078125,3.4220957654172555,15.181759439383523,,1.9892447418490746,2.068864659745004,2.9821697482695027
20.54,0.0112767724171985,2.196110050341214,6.7682404801878855,1.9955209750803804,1.9909761244520394,1.9926991062955417,1.9838937154455107,1.9980265051030817,6.767578125,-3.2927268262771987,13.260431659175456,,1.9876508306294278,2.0450822967721383,1.9436145646179075
20.55,0.009352691475673183,1.9999999999999991,6.781566348525965,1.994211251056622,1.9873950533583766,1.9824381039297063,1.9554277724501725,1.9963209405225788,6.74560546875,2.6726844787922666,10.72855128944236,,1.9653302610102876,1.9283116171346444,1.0695049491464124
20.56,0.00742861053414847,1.7824423263574511,6.792173850766176,1.9950481608119017,1.9909723998511872,1.9934669774644578,1.9959517144503574,1.9939033525595178,6.78955078125,4.132006664762133,7.297015933374269,,1.9957952072979932,2.143269690313729,2.4698916767407844
20.57,0.006239463115180245,1.6335607969055836,6.7953360398549485,1.9948177310142903,1.9908751453778244,1.9930375343064488,1.9951386415281378,1.9922703173428435,6.767578125,-3.545238949987466,-2.5136584434900997,,1.9944982441552772,2.0616244991519683,1.7514211243877869
20.580000000000002,0.0062394631151803555,1.633560796905598,6.790487474613276,1.9966679565248964,1.9975119467070817,2.0117963502699507,2.051471512377448,1.9931997324661652,6.8115234375,4.52087824853823,-7.827918451512542,,2.0365863062278793,2.234753404829541,2.556067643804173
20.59,0.007428610534148155,1.7824423263574134,6.779648521089136,1.997387678749858,2.0000952499284717,2.017324310127892,2.058662370302454,1.997993018259725,6.78955078125,-3.4591925440863167,-10.478695715648866,,2.041144801777948,2.1132347376151985,1.589659436021079
20.6,0.009352691475673539,2.000000000000037,6.766322714590953,1.997043711273205,1.9990710186467575,2.012038457962407,2.031073202454611,2.005771158183099,6.767578125,2.5714928675081654,-12.255442743814369,,2.0206359842922827,1.9209457187598347,0.992999611549054
20.61,0.011276772417197583,2.1961100503411246,6.755714938899064,1.9956992571152041,1.9948411535757222,1.99795449583552,1.9804317414668366,2.0144373867300347,6.74560546875,2.020910916733616,-13.442921686995037,,1.9841070192913781,1.7465804225811694,1.2532398428513043
20.62,0.012465919836166243,2.3089995935065124,6.752552529927574,1.9954712215862966,1.994434767752159,1.9960315945583518,1.9772898394465437,2.0217848507799885,6.767578125,3.466764597157053,-14.124927222298451,,1.9822245068701059,1.8826997909610892,2.4741166651818456
20.63,0.012465919836166383,2.3089995935065253,6.757401230922158,1.9932089899621102,1.9874423807949033,1.9753159367716717,1.9172444017656294,2.0253424998314937,6.7236328125,-3.344770507619256,-14.30892282724571,,1.9380221506255382,1.7076683894809348,1.6348192151071805
20.64,0.011276772417197954,2.1961100503411606,6.7682404801878935,1.9921221387603374,1.9846261154935023,1.9684769562580429,1.9114268309512483,2.0235160857710546,6.74560546875,4.51383941663836,-13.955841469516583,,1.9339021592475445,1.8792782891883688,2.4613126348915078
20.650000000000002,0.009352691475673252,2.000000000000006,6.781566348525973,1.9921446639183493,1.985561432802328,1.9732226850479917,1.944710034700325,2.01754040947901,6.767578125,1.0477899162364483,-12.984201648424989,,1.9570922500617163,2.0905668096248413,2.6531852382339696
20.66,0.007428610534148526,1.782442326357458,6.792173850766183,1.9942397903741953,1.9931663904020505,1.9969446650533735,2.029682599700587,2.0102559776249556,6.8115234375,2.8935809242512516,-11.260208330330816,,2.017951868220519,2.3427522635877756,2.793357921950823
20.67,0.006239463115180037,1.6335607969055563,6.795336039854955,1.9951920931798541,1.9966265072180625,2.0064896101570726,2.0508133178116976,2.004540425003257,6.78955078125,-3.0872884793226305,-8.532408139010453,,2.035366956228874,2.231273302230459,1.3208568948861799
20.68,0.006239463115180103,1.633560796905565,6.790487474613282,1.997124738892643,2.0030419703183795,2.0235292766317263,2.0879041921898445,2.002623040008209,6.8115234375,3.9776339392595865,-3.4881343924504375,,2.0657708853856542,2.2255393183994054,1.7005369722900405
20.69,0.0074286105341487005,1.782442326357479,6.779648521089141,1.9979203432277146,2.0053973989597598,2.027357327207598,2.078049177507772,2.0053747184552773,6.78955078125,-2.5929092533396156,7.072505305476698,,2.0613193554368547,2.0242120745328895,1.0672136274171422
20.7,0.009352691475672723,1.9999999999999498,6.766322714590958,1.998672953470451,2.007453436080476,2.0299186135284097,2.065721088431321,2.0118105391372696,6.78955078125,3.177373757318275,10.49931065917319,,2.0548655874599095,1.9141924868831928,1.742593334380463
20.71,0.01127677241719813,2.1961100503411775,6.755714938899066,1.9983574566711786,2.005921027013805,2.021950349338499,2.024928303937223,2.019913699783816,6.767578125,-1.0249072498674543,12.888279762495142,,2.026398406429394,1.7482839121725249,1.6694906655675124
20.72,0.012465919836165991,2.3089995935064893,6.752552529927576,1.9970374766614831,2.001199444471822,2.005484762289994,1.9706496020996311,2.0268204462674357,6.74560546875,2.1622236768406107,14.689603746484417,,1.9842386339536473,1.6177336909908486,1.7176328092534967
20.73,0.012465919836166175,2.308999593506506,6.757401230922156,1.9958011467038417,1.9969799655861762,1.9919593957180266,1.9388371591499196,2.029690006242443,6.74560546875,2.844610520155496,16.04936761513685,,1.956686769110475,1.694685440130846,2.2252909003572348
20.740000000000002,0.011276772417198013,2.1961100503411664,6.768240480187892,1.9946457635497838,1.9932362674867907,1.9811250004960463,1.9220264731741354,2.027034978988376,6.74560546875,1.6925087812977746,17.022891532008607,,1.9407017298960223,1.8317476914369517,2.3218389374680397
20.75,0.009352691475673322,2.0000000000000138,6.7815663485259705,1.9956249973782252,1.996605183279341,1.9918572304447624,1.9738697208221017,2.019705149913945,6.78955078125,3.7687191864105922,17.621885275480597,,1.9775454513986956,2.1761653467905595,2.851243588586601
20.76,0.007428610534148584,1.782442326357465,6.79217385076618,1.996554135745675,1.9996183515364327,2.000670407888967,2.009047948674228,2.0096012210110694,6.78955078125,-2.406831826496299,17.83126501808911,,2.0030270171861444,2.2561108704106307,2.146785678163131
20.77,0.0062394631151802896,1.6335607969055894,6.795336039854952,1.9974344516146394,2.002296544173703,2.007777711480941,2.0306719371731075,1.998461466575552,6.78955078125,2.4015086901894613,17.616823889724554,,2.0195631797934515,2.236628749444282,1.581655692214455
20.78,0.006239463115180312,1.6335607969055923,6.790487474613278,1.9992931873496103,2.007970383056831,2.022761116072182,2.0698772408346464,1.9886244473618262,6.8115234375,3.0288107856119186,16.928968434098493,,2.0505068554995387,2.2769351225926626,1.9912476764266283
20.79,0.007428610534148041,1.7824423263573999,6.779648521089137,2.0010417023327314,2.0129543781098604,2.0344540444530748,2.0919826995291357,1.982297302229119,6.8115234375,-1.029742076919257,15.71295966810415,,2.068158997804379,2.2045506063505598,1.828351697533953
20.8,0.009352691475673398,2.0000000000000218,6.766322714590954,2.0016594323219725,2.0140009730386423,2.033969297622271,2.0727011646016917,1.9799715367701687,6.78955078125,0.7228390973043978,13.938592676230781,,2.0552492143506433,1.989348842930267,1.3236121383652895
20.81,0.01127677241719747,2.1961100503411135,6.755714938899062,2.0022377051986444,2.0148417858510896,2.0329118093780183,2.0544976221983378,1.9808152905299354,6.78955078125,3.0239293124146847,11.582485870793256,,2.0435764502371287,1.8890419874118984,1.863340588061231
20.82,0.0124659198361662,2.3089995935065084,6.752552529927568,2.001753901538036,2.0121904367244268,2.0219147652011134,2.010217044584056,1.983382334424329,6.767578125,-1.2221316120729886,8.473081556616192,,2.012230163656537,1.7378171436165666,1.7068783990809524
20.830000000000002,0.012465919836166196,2.308999593506508,6.757401230922149,2.0002712468366037,2.006432897127726,2.0029367716939106,1.9537692204399975,1.9857970566154652,6.74560546875,2.220124721321873,3.3107388852092767,,1.968831789795926,1.6202261669593037,1.6900572913631324
20.84,0.011276772417198069,2.1961100503411717,6.768240480187883,1.9999008085553671,2.004579612113321,1.997085479418276,1.9493329359243459,1.9869741943999044,6.767578125,3.5310059851318165,-6.770905430115347,,1.9634546152892964,1.8325889547608012,2.53139878528312
20.85,0.009352691475673393,2.0000000000000213,6.781566348525961,1.9995528749272145,2.0029013573366554,1.9924372267149293,1.949977368759338,1.9871192585170168,6.767578125,-1.6146049286651256,-9.835873207817972,,1.9621188497921422,1.959794316151731,2.3615746530191686
20.86,0.00742861053414864,1.7824423263574716,6.79217385076617,2.0002518602122374,2.0047130183663113,1.9983730715142776,1.9824467234340017,1.9872706903578008,6.78955078125,3.0765039077653267,-11.834313963052967,,1.9852465935669006,2.141726354771233,2.4584968226973225
20.87,0.0062394631151800805,1.633560796905562,6.795336039854942,2.0009091414209093,2.0062939278039544,2.003211142446151,2.004889193810106,1.9888849766937022,6.78955078125,-1.0910661033522655,-13.192644707562977,,2.001312070991662,2.1755900435392057,1.9878762553371754
20.88,0.00623946311518006,1.6335607969055592,6.790487474613269,2.0015260371839623,2.0076602418694165,2.0070825082700794,2.0193635847136053,1.9931696484448556,6.78955078125,2.2019387639489607,-14.03226669025199,,2.0117919175986447,2.153750383117383,1.7383725428785288
20.89,0.007428610534148586,1.7824423263574651,6.779648521089128,2.0021038653429426,2.00882769640818,2.010106869930883,2.027967766363477,2.0008107977224467,6.78955078125,1.9965820241087784,-14.379592432486907,,2.0180491318305496,2.1127501464793075,1.7730541192708964
20.900000000000002,0.009352691475673327,2.000000000000014,6.766322714590944,2.0026439407989782,2.0098114836872787,2.0123924468191245,2.0322529734317385,2.011493368510689,6.78955078125,1.9755390944902114,-14.210104509625129,,2.021239384625612,2.0705966116971135,1.8797399997333641
20.91,0.011276772417198015,2.1961100503411664,6.755714938899054,2.0010998489598775,2.0040036333670765,1.995164912327433,1.976060334575484,2.0232421685563833,6.74560546875,-2.689978181440008,-13.45777580986863,,1.9791514791902538,1.8040114723842668,0.773673886601387
20.92,0.012465919836166175,2.308999593506506,6.752552529927565,1.9996446451983838,1.9987991848639526,1.9811069590551296,1.9376837584692457,2.033134946238403,6.74560546875,3.7056400003902423,-12.008598593416128,,1.9517708698090956,1.7781879724356404,1.9119015185050479
20.93,0.01246591983616622,2.30899959350651,6.757401230922147,1.9982758233641809,1.9941685579013702,1.969934878880167,1.914604578841083,2.038956013307995,6.74560546875,1.526370050610644,-9.675642715549932,,1.9360782511158867,1.8403353344497515,2.3214497555312317
20.94,0.011276772417198128,2.1961100503411775,6.768240480187882,1.9980171033296095,1.9934163287897537,1.9710536848181819,1.9358105017318206,2.0401050684601247,6.767578125,2.989396225400953,-5.867726534999261,,1.9514327820396726,2.031454478398268,2.6529056498507413
20.95,0.009352691475673464,2.000000000000029,6.781566348525962,1.997777729649995,1.9927921610999406,1.9725546484390972,1.9543772365008603,2.037290126351785,6.767578125,-0.6142313870931674,5.2800647350219,,1.9642944888413956,2.0898498017673055,2.222420361065004
20.96,0.007428610534148698,1.7824423263574787,6.792173850766171,1.9985829821434382,1.9956179461521024,1.9840554143008733,1.9990448692238754,2.0319426001807974,6.78955078125,3.0411725759449375,9.447974238940922,,1.996346413096087,2.1985238126535007,2.2578086981980596
20.97,0.006239463115180333,1.633560796905595,6.795336039854944,2.0003683416764506,2.0014824695256284,2.003294022943299,2.0543876301898165,2.0262710580181666,6.8115234375,1.7796479729278867,12.126655655629055,,2.038711905463967,2.281948774855075,2.2250095861753145
20.98,0.006239463115180269,1.6335607969055865,6.790487474613271,2.00204622874855,2.006679504854041,2.0186543614031875,2.085882561968724,2.0223348016241522,6.8115234375,-0.2176899204913427,14.11699535369256,,2.064234360231175,2.2232192403039845,1.7352638898406223
20.990000000000002,0.007428610534148529,1.7824423263574583,6.77964852108913,2.002596657882513,2.0079466317725245,2.0211900555799027,2.073705398435306,2.0208105857957848,6.78955078125,0.8451035387972686,15.629067288679368,,2.056566928503912,2.0109672895772697,1.0040987708880953
21.0,0.009352691475673256,2.0000000000000067,6.766322714590947,2.003110076349511,2.0090253680304166,2.022835399544763,2.0602770987720347,2.021325053415524,6.78955078125,2.9929959254115324,16.741525537711837,,2.0482125338548984,1.9059957585219014,1.726891589469982
21.01,0.011276772417197958,2.196110050341161,6.7557149388990565,2.0046108313689968,2.013233491479515,2.03313636272801,2.0758088504771517,2.0233010881380147,6.8115234375,2.7191155245870733,17.479117753507673,,2.0611006406052153,1.9879532594405085,2.4567042274377293
21.02,0.012465919836166154,2.3089995935065044,6.752552529927566,2.0029452199580815,2.0069786343348635,2.0125645618580865,1.9954013432266642,2.025024924177036,6.74560546875,-3.7818780813035677,17.837200059271254,,2.002936710100098,1.6259602054618318,0.45546416833949616
21.03,0.012465919836166241,2.3089995935065124,6.7574012309221505,2.0023964201118174,2.0046728697694656,2.0050311450926657,1.9737183100412294,2.024529067328038,6.767578125,5.09314677785693,17.78974384801205,,1.9850058424571488,1.7568423534508524,2.2722352360761264
21.04,0.011276772417198183,2.196110050341183,6.7682404801878855,2.002900232290982,2.0059105366832326,2.0083472918873144,1.99002908762544,2.0213781871099585,6.78955078125,-0.2860712365005987,17.293595685585828,,1.9958065294676195,1.9938791223699925,2.7111564326999034
21.05,0.009352691475673535,2.0000000000000364,6.781566348525966,2.003369439038284,2.006977362764735,2.0108838659985095,2.001497957248133,2.0159058818263285,6.78955078125,-0.8254643109630295,16.29500659273389,,2.0034293974074306,2.081341323165181,2.2776786555172417
21.06,0.007428610534148755,1.7824423263574856,6.792173850766177,2.0038052918332405,2.0078857649362734,2.012747272917392,2.0092925127605588,2.008678840340258,6.78955078125,2.3170142972261223,14.750229076214838,,2.0084328876467756,2.1025472853855662,1.8883048055923424
21.07,0.006239463115180124,1.6335607969055677,6.795336039854949,2.0052319275994073,2.011955075891187,2.023417945166359,2.0413771464920476,2.0008747067784625,6.8115234375,2.9423159985232994,12.639963785531128,,2.0327473111659233,2.1984650028578065,2.184577980151646
21.080000000000002,0.006239463115180247,1.6335607969055839,6.790487474613277,2.006564413530924,2.0154981231163016,2.0316387953125052,2.061437032640735,1.993918362392206,6.8115234375,-0.9521960084507578,9.886852628219126,,2.047199257674988,2.1785400652351576,1.9199898537092048
21.09,0.0074286105341484715,1.7824423263574516,6.779648521089137,2.0067844494269136,2.015254989404928,2.028384004147076,2.0437717317444934,1.988505218296252,6.78955078125,0.7171751935287185,5.993975887755423,,2.033289362295346,2.013505051357627,1.327894433939871
21.1,0.009352691475673185,1.9999999999999991,6.766322714590956,2.008001684709261,2.018246923599196,2.034605745670401,2.057750446459403,1.9850312994195607,6.8115234375,3.68075532443025,-4.772005912915478,,2.0435755306746093,2.0631487005484286,2.237499024314723
21.11,0.0112767724171979,2.1961100503411553,6.755714938899066,2.0081115206365734,2.0174977846546414,2.0295934278180856,2.0345014036123086,1.983553467689783,6.78955078125,-2.6369614072683087,-8.734380687452335,,2.027227201926342,1.9410920732407129,1.767711500391896
21.12,0.012465919836166132,2.308999593506502,6.752552529927577,2.0092224503363267,2.020027362432833,2.034427559816715,2.0460557909053327,1.983417282922717,6.8115234375,3.8511986254090655,-11.08574218534486,,2.036402971825278,2.0300736301297695,2.367163950871185
21.13,0.012465919836166264,2.308999593506514,6.75740123092216,2.0071874944832304,2.012235890836785,2.0091678759354283,1.9634901665614553,1.9829647151169632,6.74560546875,-3.9285341720662963,-12.684330320113773,,1.9765136275327664,1.683067076416574,-0.4207532087421726
21.14,0.011276772417198242,2.1961100503411886,6.768240480187895,2.0062822834550977,2.008533329429485,1.9980320662586306,1.939708915753301,1.980361298721857,6.767578125,5.052968033308328,-13.730334092029262,,1.9592966453286353,1.8060163919909418,2.238256629863149
21.150000000000002,0.009352691475672862,1.9999999999999647,6.781566348525976,2.006443206712301,2.0085141416985213,1.998691763746096,1.9577930018990333,1.9757176152437732,6.78955078125,0.41794781657189456,-14.281604073927843,,1.9723496055021512,2.0267358522779158,2.717341822107558
21.16,0.007428610534148812,1.7824423263574924,6.792173850766185,2.0065843119618343,2.0084522997637113,1.9992976154938253,1.9727430154081764,1.9701889133491333,6.78955078125,-0.8287278146968576,-14.33246629577808,,1.982750423749508,2.0995588921723547,2.296261141653652
21.17,0.006239463115180147,1.6335607969055708,6.7953360398549565,2.0077289041375153,2.0116660270658357,2.0092860282778786,2.013192003416784,1.9653935069796766,6.8115234375,3.132547265282168,-13.833898778161403,,2.012214225933054,2.2133556410992377,2.2898762960831074
21.18,0.0062394631151802245,1.633560796905581,6.790487474613284,2.0087925889396145,2.0144535568300124,2.0172141128261654,2.038637311208592,1.962923887450238,6.8115234375,-1.2309360696596947,-12.694996646969875,,2.0310125090817595,2.1973060263998176,1.8218655992179857
21.19,0.007428610534148415,1.7824423263574447,6.779648521089143,2.007735316767495,2.010241052449075,2.004622007853939,1.9974935283622337,1.963107465515609,6.767578125,-1.976423927433948,-10.76888001448962,,1.9991150752461322,1.9172679301642923,-0.6547241183155099
21.2,0.009352691475673115,1.9999999999999918,6.7663227145909595,2.007750309137672,2.0097445771909115,2.0037116030714714,1.9978882084416325,1.9658207510911125,6.78955078125,4.366619414052598,-7.737598455650703,,1.9993455868626964,1.9613957505778337,2.1269619264587476
21.21,0.011276772417197843,2.19611005034115,6.755714938899069,2.007752207674121,2.009252484751002,2.0029454449338338,1.998415150130985,1.9713907110820352,6.78955078125,-1.899741458025976,1.215326275263686,,1.999714632172316,1.9748319061201547,2.30508231842383
21.22,0.012465919836166111,2.3089995935065004,6.752552529927579,2.0077418728261733,2.0087678245472307,2.002311478328479,1.9990114294642984,1.9795784729962875,6.78955078125,2.1822638575470927,7.959115430897306,,2.0001229706198775,1.9804566524023077,2.2158521263135733
21.23,0.012465919836166284,2.3089995935065164,6.7574012309221585,2.0056748728683185,2.0016689624154145,1.9827870666723415,1.941220609812194,1.9890429282792312,6.74560546875,-2.5357837058831265,11.070683797353016,,1.9568957797803657,1.7447673885631603,1.0847223523517906
21.240000000000002,0.011276772417197696,2.1961100503411353,6.7682404801878935,2.0047442787894414,1.9986610089746923,1.976699368960689,1.933909963216578,1.998228598118665,6.767578125,4.224620218586824,13.301115558282037,,1.9522217316667867,1.8757674695121245,2.307513147203968
21.25,0.009352691475673676,2.0000000000000515,6.781566348525973,2.0038621053982615,1.9960036066281721,1.9722054991245033,1.9332559576590687,2.006436256867201,6.767578125,-1.8202874476734117,14.987936383251855,,1.951860618333312,1.9561447769514269,2.3207589284613137
21.26,0.007428610534148268,1.782442326357427,6.792173850766183,2.0030271788379714,1.9936753620830485,1.969114792178903,1.9375448915997948,2.0133057845403455,6.767578125,2.1584740365555146,16.24856028332276,,1.9542814468510288,2.0028091585534025,2.174795343601146
21.27,0.006239463115180168,1.6335607969055734,6.795336039854954,2.0022382837454034,1.991654908876145,1.967245561419155,1.9448200469068087,2.01891217942284,6.767578125,2.058418410462516,17.126364153615935,,1.9583159726913426,2.024256637628821,2.05033260505414
21.28,0.006239463115180203,1.633560796905578,6.79048747461328,2.002518780577332,1.9932529448082574,1.9762215242294636,1.983360679872687,2.023942242644347,6.78955078125,3.06255559556654,17.62707111235623,,1.98497608184137,2.1371398031174387,2.365826971107669
21.29,0.007428610534148358,1.7824423263574378,6.779648521089139,2.0038041101444812,1.9980545208635447,1.993708503562273,2.0364398361604708,2.0292417385383903,6.8115234375,1.9925088678634655,17.730833091780507,,2.0246131322514334,2.237460808796222,2.402174503788237
21.3,0.009352691475673044,1.9999999999999842,6.766322714590956,2.002960966254182,1.995701102386537,1.9885590826834543,2.012473357347306,2.0342249927196234,6.767578125,-3.0372915121972706,17.398914953688458,,2.006579171558042,1.9851153915267064,0.5837830351748472
21.31,0.011276772417197786,2.196110050341144,6.755714938899063,2.001140030770137,1.9903108198292385,1.9749747108510076,1.967713880822993,2.036747093036043,6.74560546875,3.4151536785620737,16.579482363163045,,1.972152373900502,1.7784897840867904,0.8559394648034371
21.32,0.012465919836166088,2.308999593506498,6.75255252992757,2.0004512380632176,1.988916000061231,1.974156583144225,1.9672602714143768,2.035066293973158,6.767578125,3.427722310431588,15.221924591362953,,1.9723167094557972,1.8934281554973764,2.3940863161807897
21.330000000000002,0.012465919836166076,2.308999593506497,6.75740123092215,1.9998046196430739,1.9877558262817934,1.9740242509372141,1.9689094827514457,2.028475587734393,6.767578125,-1.759007180315121,13.301283287575453,,1.973927565164421,1.9510411554622233,2.424916251798726
21.34,0.011276772417198355,2.1961100503411997,6.768240480187885,1.9991988489012467,1.9868118443248062,1.9744478496586022,1.9719501309998477,2.0170319076234184,6.767578125,2.318997483341767,10.77720520387133,,1.9763224157067991,1.9810518841291453,2.236216395976445
21.35,0.009352691475673003,1.9999999999999798,6.781566348525963,2.0006830644903397,1.9927533954001349,1.9945186155303014,2.0333384513884445,2.0022147300605506,6.8115234375,3.7654722156939684,7.370667592143868,,2.0221930026091757,2.208337413355801,2.7311404669821298
21.36,0.007428610534148927,1.782442326357506,6.792173850766173,2.0010550589385177,1.9947495894881533,2.0012418196631754,2.044343853908364,1.9863603491981736,6.78955078125,-3.2439490625059246,-2.270367630740016,,2.029794013565125,2.1088312387295223,1.59895821229957
21.37,0.006239463115180191,1.6335607969055763,6.795336039854945,2.002429285978318,1.9998965988919002,2.0160739486764356,2.0775586136117967,1.9721358238216213,6.8115234375,3.991923725454606,-7.74543536827422,,2.0542354573007184,2.1493876123448956,1.96441413343757
21.38,0.006239463115180181,1.6335607969055752,6.790487474613271,2.0037190419912965,2.0044721351959804,2.0277074071124086,2.095242719843028,1.9624613990141628,6.8115234375,-1.462794304810313,-10.409757989161417,,2.067487634036275,2.1087921186498106,1.8220654522621356
21.39,0.007428610534148301,1.782442326357431,6.77964852108913,2.0049271449177226,2.0085118138397067,2.036596474958369,2.1005688618744514,1.9589187182585823,6.8115234375,2.1345473292460655,-12.188676451668817,,2.0726677118617536,2.052166737773108,1.8407397502115486
21.400000000000002,0.009352691475673717,2.000000000000056,6.766322714590947,2.0050343051138113,2.008745017785353,2.033800697265254,2.066837117244888,1.9610592398594626,6.78955078125,-1.0730011028478668,-13.373494196472286,,2.051296182966531,1.8916951110526694,1.4297271329495571
21.41,0.011276772417197729,2.1961100503411384,6.755714938899056,2.005128371771003,2.0089048127248526,2.030869225632269,2.0414302248957776,1.967187252515352,6.78955078125,2.904007919844154,-14.049427975624788,,2.0342229433189787,1.8619049803342835,1.9211290790817392
21.42,0.012465919836166298,2.3089995935065177,6.7525525299275655,2.0031643439163394,2.0023723823265365,2.008893679123718,1.9678407085359522,1.9747971639411608,6.74560546875,-2.4021680255660933,-14.223917124601817,,1.978028099043343,1.6285455533285746,1.1690760805368556
21.43,0.012465919836166328,2.3089995935065204,6.757401230922147,2.0013116282973984,1.9965365327308606,1.9907919184184593,1.9252877365176237,1.9807974216312783,6.74560546875,3.8369503346277263,-13.857062781107295,,1.941169551655379,1.6779203413320367,2.075689417874286
21.44,0.01127677241719781,2.1961100503411464,6.768240480187882,1.9985417310467026,1.9880229458958127,1.9666127588998086,1.8743199684529708,1.9830587832846607,6.7236328125,-1.5283382136367638,-12.865477613617339,,1.8972623286477368,1.6904746239061783,2.0080855278488294
21.45,0.009352691475673816,2.0000000000000666,6.781566348525961,1.9979906716442506,1.9871994474065016,1.9669858612262048,1.910140054190081,1.9820369540407452,6.767578125,4.23308462133312,-11.110739090742417,,1.9193835091545552,2.0720835307344885,2.8937737303064206
21.46,0.0074286105341483805,1.7824423263574405,6.79217385076617,1.9985042383958975,1.9899002336381537,1.9776461599630455,1.970664762934311,1.9801709611368141,6.78955078125,-1.8093071439197628,-8.323643139049599,,1.961425401610136,2.3028162784451145,2.655587973080657
21.47,0.0062394631151802115,1.6335607969055792,6.795336039854943,1.9989923624136614,1.9923746234410038,1.9867088828023447,2.006762549169168,1.9797355334816122,6.78955078125,1.0311979922166405,-2.9308545820492324,,1.9915127510633825,2.324820702899152,1.817315057598291
21.48,0.0062394631151801595,1.6335607969055723,6.79048747461327,1.999455646604767,1.9946308654630887,1.9942774801054821,2.026272697486923,1.9825725511208598,6.78955078125,2.420292067925462,7.319029802872617,,2.0118422736273045,2.262869290978788,1.3614609189873386
21.490000000000002,0.007428610534148845,1.7824423263574962,6.77964852108913,1.9998947056482925,1.996677809826378,2.0004879274615757,2.036287199209476,1.9897209251574617,6.78955078125,1.8797925345836857,10.662788305461637,,2.024587231391084,2.166516393800412,1.509497550903219
21.5,0.009352691475672904,1.9999999999999691,6.766322714590947,2.0003101660091476,1.9985250060115733,2.0054931137596594,2.0404739342024496,2.000794833343098,6.78955078125,2.009640323491946,13.016749502455394,,2.031680761357055,2.0662684815377586,1.7894016381604383
21.51,0.011276772417198275,2.1961100503411917,6.7557149388990565,1.9986521438515614,1.9935237170277542,1.9905768718285906,1.9864614623178218,2.0132413472484014,6.74560546875,-2.674354492776202,14.796654722806988,,1.9918523367867256,1.7452914737443967,0.8080650194264126
21.52,0.012465919836166045,2.308999593506494,6.752552529927567,1.9950415633104905,1.9824182960727113,1.9594316180300333,1.8909789970089592,2.022794978515638,6.70166015625,2.0755358944949127,16.14078311653999,,1.9208841237355456,1.3983846526211092,0.7861161487435611
21.53,0.01246591983616612,2.308999593506501,6.757401230922151,1.9937078727901598,1.9793310957107328,1.9538919634472551,1.890640583351031,2.0268249764283612,6.74560546875,4.69544567560567,17.101699147366364,,1.922205038131098,1.7581611216518396,2.921955551484971
21.54,0.01127677241719847,2.1961100503412108,6.768240480187886,1.9934947086558024,1.9800813745633765,1.9600362541216978,1.9305971925364143,2.0259602114458515,6.767578125,-2.222732941487277,17.689709060854195,,1.9501368375977917,2.0559489902726087,3.010069005955369
21.55,0.009352691475673143,1.9999999999999947,6.781566348525967,1.9933080038845892,1.98088384898316,1.9658639391494928,1.9608708563926716,2.0215434662669978,6.767578125,1.3095133376977535,17.88895186238025,,1.9715057953300756,2.1530684363943124,2.28257535450527
21.56,0.0074286105341490405,1.7824423263575198,6.792173850766177,1.9941751990736767,1.9850907729761313,1.9810680324489558,2.010161290259063,2.0150077995539433,6.78955078125,3.367053437611329,17.66480993019396,,2.008688669761898,2.2662713240426706,2.0815613309561853
21.57,0.006239463115180234,1.633560796905582,6.795336039854949,1.995003189073502,1.9889262001841788,1.9935919012710712,2.0380134734979687,2.007968809094486,6.78955078125,-1.5184711316576653,16.96764099010878,,2.0324659793880704,2.240442585025439,1.563161096381537
21.580000000000002,0.006239463115180368,1.6335607969055996,6.790487474613278,1.9957927030767046,1.9924033192149866,2.0036747613546675,2.052815039305054,2.001830353375112,6.78955078125,2.233949593061309,15.743811902022195,,2.046236524846535,2.1641924787131224,1.5262800750779606
21.59,0.007428610534148186,1.7824423263574172,6.779648521089138,1.9965445048774666,1.9955376279429056,2.011627155928761,2.0591431478758917,1.9976455466822163,6.78955078125,2.0103148089042966,13.965368995846424,,2.052761454996398,2.0773557316126623,1.7412150564415507
21.6,0.009352691475673575,2.000000000000041,6.766322714590956,1.9972593959309286,1.9983466098003904,2.017761166945309,2.0594808770085242,1.995907142684156,6.78955078125,1.9649066766920984,11.611417329929877,,2.054220977945933,2.004256917112879,1.92184065809027
21.61,0.011276772417197616,2.1961100503411277,6.755714938899066,1.9979382134624268,2.000848982226376,2.0223530798359914,2.0556583610462535,1.9963391612442947,6.78955078125,2.012725342019902,8.515089246216787,,2.0523154834326895,1.9587712941305706,2.0034557477229806
21.62,0.012465919836166253,2.3089995935065133,6.752552529927577,1.9975551015342572,1.9997425590719529,2.016313554262247,2.0208148516414597,1.9975997252663067,6.767578125,-1.2807795350038047,3.434892176340054,,2.02717311869663,1.822580515625396,1.569892271638567
21.63,0.012465919836166371,2.3089995935065244,6.757401230922161,1.9961732014657132,1.9954360692776456,2.001665233356128,1.9679540814290613,1.9975137041684305,6.74560546875,2.0052705631916337,-6.695119719029302,,1.9873385368065613,1.6964743938751892,1.4916881813240064
21.64,0.011276772417197923,2.1961100503411575,6.768240480187896,1.9948808183588507,1.9916304180013253,1.9896355832605372,1.9352603614865211,1.9942432832664432,6.74560546875,2.8846565522650667,-9.771741558721128,,1.9612454184765928,1.7524339802492317,2.0986822211206966
21.650000000000002,0.009352691475673214,2.000000000000002,6.781566348525976,1.994703627336235,1.9916270900918192,1.989500409173281,1.9467785375036548,1.9877654910519562,6.767578125,2.6989112480298023,-11.768670770571564,,1.968052633543882,1.977198514285689,2.6103232800490055
21.66,0.007428610534148495,1.7824423263574543,6.7921738507661855,1.9955760278480945,1.995004257477792,1.9990574082765216,1.9872631019647982,1.9799252455994483,6.78955078125,1.854605198711425,-13.120449384658292,,1.99617820019028,2.174530756335684,2.5892186493165985
21.67,0.006239463115180255,1.6335607969055848,6.795336039854957,1.997432840485689,2.0013513524395146,2.016222271193047,2.0425459133468977,1.9734064256033803,6.8115234375,2.126507131674453,-13.949625722967296,,2.0362196900485907,2.3018603282230505,2.338457088694214
21.68,0.006239463115180116,1.6335607969055665,6.790487474613285,1.9991837828303545,2.006972589664047,2.029805065523374,2.0757136601455524,1.9705000374731172,6.8115234375,0.32646188705382934,-14.282213493124445,,2.0605110367997006,2.2664328268743397,1.6437289985657848
21.69,0.007428610534148732,1.7824423263574827,6.779648521089144,1.9987806907373291,2.0053153620069604,2.0215519363045673,2.0371237434999703,1.9713076638538662,6.767578125,-1.9780048054714057,-14.09252000712393,,2.031175155668752,1.9558662598583636,-1.0759782201017913
21.7,0.009352691475672761,1.999999999999954,6.76632271459096,1.9984047794513067,2.0038048259449424,2.0143616622718237,2.008463180970609,1.9745645077515908,6.767578125,3.804616795842763,-13.311947402693733,,2.009604175776568,1.8454079776502967,1.5809632034374415
21.71,0.01127677241719816,2.1961100503411806,6.755714938899069,1.9980550984515648,2.0024347691692816,2.008207447661697,1.9891679498139687,1.9791341561683473,6.767578125,1.388780510315052,-11.821589496103512,,1.994711577754682,1.8358539496192554,2.269782871693381
21.72,0.012465919836166002,2.30899959350649,6.75255252992758,1.9977307001185014,2.0011987901873467,2.003038180195195,1.9771745671066854,1.9835088743244327,6.767578125,1.984868495536209,-9.42059565158646,,1.985188870959948,1.8664408129028385,2.389484126671511
21.73,0.012465919836166163,2.3089995935065053,6.757401230922159,1.9953762175488068,1.993446742675651,1.979592540643498,1.912494166793614,1.985350151232287,6.7236328125,-2.552247852038499,-5.4182350109921265,,1.9356637940660015,1.6560377598822207,1.3738483791074025
21.740000000000002,0.011276772417197982,2.1961100503411632,6.768240480187894,1.9941968022841121,1.989899237941513,1.970445158951508,1.9023724574055756,1.983121286389171,6.74560546875,4.2683729992258055,5.7427787781484545,,1.9281229723341027,1.8327449823049966,2.3687225975716166
21.75,0.009352691475673285,2.0000000000000098,6.781566348525974,1.9941267433595462,1.9901376471995849,1.9732515379678892,1.9336348567486188,1.9778731436074986,6.767578125,1.046214200998781,9.709562989399345,,1.9495506806662666,2.061718749840057,2.64068391479149
21.76,0.007428610534148553,1.7824423263574611,6.792173850766184,1.9951004985597554,1.993746062117412,1.9857307663566381,1.9894390170414988,1.9718667669048933,6.78955078125,2.0205710250664617,12.324740940778156,,1.988382858673334,2.232226683835526,2.5172189849952846
21.77,0.006239463115180278,1.6335607969055879,6.795336039854956,1.996025771472603,1.996992720050986,1.9960877762099587,2.0234056887222143,1.9674088883537402,6.78955078125,0.551098578964022,14.279385663716072,,2.014384502558701,2.2327601034604636,1.8487666906337792
21.78,0.006239463115180323,1.6335607969055939,6.790487474613282,1.9969037166103032,1.9998965502346289,2.004508484646398,2.042295689979156,1.9662727492463925,6.78955078125,2.214602070287765,15.766678940279292,,2.0305685305683054,2.1728519908870667,1.5289940672290048
21.79,0.007428610534148073,1.7824423263574036,6.779648521089141,1.996708642000991,1.999155935058941,2.0017070852892678,2.024364111005583,1.9690557279169527,6.767578125,-1.124624067098837,16.859605801271062,,2.0182337825988386,1.986846492484027,1.0424927583080137
21.8,0.009352691475673434,2.0000000000000258,6.766322714590958,1.9965316842365706,1.9985006902499212,1.9993959018979897,2.0106480574025625,1.9754242050296913,6.767578125,2.9434048133056283,17.580221820407377,,2.008896982577436,1.9168260438784723,1.8052623400748504
21.81,0.011276772417197501,2.1961100503411166,6.7557149388990645,1.9963720445479687,1.9979256007677308,1.9975242505046988,2.0006026933606678,1.9846817537840649,6.767578125,1.7801998096412333,17.92244343771372,,2.0022029284972263,1.9055886142552336,2.153970644793324
21.82,0.012465919836166212,2.3089995935065093,6.752552529927572,1.995201346248959,1.9940962921175591,1.9865234032358736,1.965330481762817,1.9952305537583872,6.74560546875,-1.08830975664118,17.85929067661036,,1.9759546030159525,1.798333699545678,1.7984101888196613
21.830000000000002,0.012465919836166186,2.308999593506507,6.757401230922151,1.993079913863311,1.987377675792884,1.9681630296052055,1.9130923581873003,2.0046648777113956,6.7236328125,2.0311058250963447,17.347254565684292,,1.9374373989100013,1.6941853230939283,1.6276865018231677
21.84,0.011276772417198037,2.1961100503411686,6.7682404801878855,1.992124812796548,1.9848083832861685,1.9633626927312602,1.9116834620909557,2.011393093698502,6.74560546875,3.558909271991477,16.33279416867685,,1.9372380766365522,1.8878504481815335,2.4577430915593736
21.85,0.009352691475673356,2.0000000000000173,6.781566348525964,1.9912404503185654,1.982613491082708,1.9601394213802514,1.916899237294841,2.0154000269669803,6.74560546875,-1.6119346651186246,14.774486734454813,,1.9406353263419853,1.991722012838433,2.3044864181152667
21.86,0.00742861053414861,1.782442326357468,6.792173850766174,1.9914544198952249,1.98412432252425,1.9681010894471394,1.9579842282597943,2.017739757572389,6.767578125,3.0686336572738537,12.656039754641345,,1.968135692625172,2.150220944683658,2.4408705105759863
21.87,0.006239463115180298,1.6335607969055905,6.795336039854945,1.9927010098262818,1.9889210824696533,1.9849504427931286,2.0153581272709165,2.0200915418974623,6.78955078125,1.7954110470271176,9.90142105771148,,2.009383086555935,2.2688788753029137,2.3677060967521952
21.88,0.006239463115180073,1.633560796905561,6.790487474613271,1.9928570895598379,1.989901167101285,1.9890451450104278,2.020055865447085,2.0236280154564112,6.767578125,-2.1270839677760134,6.018700961818705,,2.014338219578842,2.133078729829659,1.2670147090390402
21.89,0.007428610534148617,1.782442326357469,6.77964852108913,1.9940459332797313,1.9941788456343068,2.002130465626061,2.04846635878389,2.028869009500964,6.78955078125,3.8752796670205627,-4.731501528031786,,2.0378466130989263,2.1536587464422183,1.954600412390226
21.900000000000002,0.009352691475673363,2.000000000000018,6.766322714590947,1.9941456008720033,1.9946691203595008,2.003016747521375,2.036968286629644,2.035444606029784,6.767578125,-2.634594487174302,-8.704079178063038,,2.030055172754431,1.9919376857316322,1.420845397037061
21.91,0.011276772417198046,2.1961100503411695,6.755714938899054,1.9932205858216971,1.991792792680639,1.9941499946427137,1.9988486617663346,2.0415844101933893,6.74560546875,2.4135331230419728,-11.053383289742143,,2.001661364956144,1.8071477332277819,1.3593885531798995
21.92,0.012465919836166189,2.3089995935065075,6.752552529927565,1.9923620117662229,1.9892794450441518,1.9870352045128226,1.972605890488605,2.0452268620282683,6.74560546875,2.875466091993431,-12.64672098449331,,1.9823841027061049,1.7926471262576553,2.0624842941095616
21.93,0.012465919836166206,2.3089995935065093,6.757401230922144,1.9915674590812138,1.987105058643476,1.9814637010853566,1.9561528674323756,2.0448359045778726,6.74560546875,1.6477337734527624,-13.685219458523568,,1.9704120673709042,1.8416503108315192,2.2892111196805427
21.94,0.011276772417198096,2.1961100503411743,6.768240480187879,1.9918648418289013,1.9885938618003804,1.9867679487696221,1.9764525769556998,2.0401057093000325,6.767578125,3.0254854267446625,-14.226562202886198,,1.9858259182532285,2.0177294270164525,2.5765193666227093
21.95,0.009352691475673426,2.000000000000025,6.78156634852596,1.992158666253809,1.9899839218489193,1.9913022422642854,1.9916626498040353,2.0319350249684387,6.767578125,-0.8844437279911866,-14.26451066182603,,1.9967203555140893,2.0670469970027843,2.158809841103933
21.96,0.007428610534148667,1.782442326357475,6.792173850766169,1.993478042704531,1.9946139802261655,2.0045876758272625,2.0310661609079785,2.0222784388668353,6.78955078125,3.05048855097109,-13.74889348477979,,2.025379757895378,2.1747763509075497,2.24206301765682
21.97,0.006239463115180322,1.6335607969055936,6.795336039854941,1.9967854865035242,2.005392090333476,2.033946349167802,2.1114121592330184,2.014401299746719,6.83349609375,2.752627873596901,-12.586470879960068,,2.0846118641056095,2.3587451978729663,2.5756816033818097
21.98,0.00623946311518028,1.633560796905588,6.790487474613269,1.9988702411203667,2.0115852865669828,2.0477038717003153,2.131335747362351,2.0104074856008625,6.8115234375,-3.1539451590812773,-10.62498230969796,,2.0980377816520472,2.204986359846123,1.2730696632169194
21.990000000000002,0.00742861053414856,1.782442326357462,6.779648521089128,1.9987785060484484,2.010395749043824,2.039228196375207,2.0756795896477116,2.0091146332742356,6.767578125,1.683111112330629,-7.522405138559231,,2.0595657245938037,1.8378993553680116,-1.247695937859749
22.0,0.009352691475673294,2.0000000000000107,6.766322714590944,1.9976669124984725,2.0059514158867335,2.0218712925425906,2.0032963108038286,2.008374309698859,6.74560546875,3.0224560835659195,2.1992004577874895,,2.008210952570963,1.5858897273532675,0.997416345605305
22.01,0.011276772417197989,2.1961100503411637,6.755714938899054,1.9986774884209146,2.0085736878642457,2.0265072104132624,2.0199414041763575,2.007251303161919,6.78955078125,4.046374590656506,8.166610288198404,,2.015809255589114,1.8644759280711396,2.926811477932283
22.02,0.012465919836166165,2.3089995935065053,6.752552529927565,1.998603102556614,2.0075335798873306,2.0201287210238896,2.0020170018111783,2.005384195857254,6.767578125,-3.4318406900737637,11.217657106637024,,1.998648292042415,1.8504992228993193,2.3611134091615
22.03,0.012465919836166227,2.308999593506511,6.757401230922149,1.998534653094457,2.0065530783425807,2.014588478759903,1.9911271135228035,2.0020830582854923,6.767578125,3.4064172176885474,13.419495955543237,,1.9872742341746539,1.8940749931298881,2.1687443140174847
22.04,0.011276772417198152,2.1961100503411797,6.768240480187884,1.999497577977573,2.0089434527245325,2.0193344249466554,2.0108914688956365,1.9971608530646203,6.78955078125,2.792527657904626,15.088226448722821,,2.002111976919619,2.0563008366361326,2.409817971394051
22.05,0.009352691475673497,2.0000000000000324,6.781566348525963,1.9983520005082933,2.004384339197612,2.0038802082534457,1.9703891322647875,1.990413428492561,6.74560546875,-3.2116778912093538,16.335473433825786,,1.968558108380545,1.8679548457423207,0.96815593941247
22.06,0.007428610534148723,1.7824423263574816,6.792173850766175,1.9993275055950062,2.0069195654430088,2.010172045904724,1.999012762541788,1.9823567781550282,6.78955078125,4.99647108487156,17.202440368409977,,1.9913793865887233,2.0857737985550333,2.4788670472532877
22.07,0.0062394631151803425,1.6335607969055963,6.795336039854948,2.0002448552263337,2.0091230703753697,2.015043165748986,2.019274695598172,1.975082372568679,6.78955078125,-2.9878278157566402,17.693758703975515,,2.0069666843945653,2.1277705281673835,2.2200763057453035
22.080000000000002,0.006239463115180259,1.6335607969055854,6.7904874746132755,2.002129956385868,2.0143199084983787,2.02799374637591,2.060705833972998,1.9712012417045426,6.8115234375,3.1629511943664794,17.789114846625584,,2.038163649081025,2.215403498951886,2.3314867343613397
22.09,0.007428610534148503,1.7824423263574551,6.779648521089135,2.003896761718588,2.018838324015517,2.0379477861648545,2.085854981282674,1.9728347169556741,6.8115234375,-0.8638071697394895,17.449653899354246,,2.0566796220292067,2.1820923147282856,1.9171556287403833
22.1,0.009352691475673223,2.000000000000003,6.766322714590953,2.004527132810798,2.0194378937757413,2.0360381253350734,2.0684858361912046,1.9795769406021093,6.78955078125,0.4769631709742847,16.623841256017133,,2.0449192473738087,2.0031632888333104,1.2014524281749057
22.11,0.011276772417197932,2.1961100503411584,6.755714938899064,2.0030653523873845,2.0132391858932155,2.0149185419282114,1.9910432976338197,1.988552666201504,6.74560546875,0.6022907683138518,15.262131973374998,,1.9917977491054686,1.6841812097447033,-0.3269302499639733
22.12,0.012465919836166144,2.3089995935065035,6.752552529927574,2.0016827730665216,2.0076173881565795,1.9973051086233065,1.9415855094814343,1.996219788368211,6.74560546875,3.654819088100854,13.341622618160427,,1.9561559113584401,1.6703462037377932,2.0268275427366995
22.13,0.012465919836166251,2.3089995935065133,6.757401230922158,2.0003773554084945,2.0025536766406673,1.9830304486682981,1.9142259363088368,1.9995587415760363,6.74560546875,1.377958254851357,10.824780217611613,,1.9347003076772087,1.7748341060231236,2.4901804063504382
22.14,0.011276772417198211,2.1961100503411854,6.7682404801878935,1.9981214301325252,1.9946881914413073,1.9621017110496202,1.8719395601302153,1.9967888401868867,6.7236328125,-0.896219066123272,7.4419116834210355,,1.9015788883549143,1.7778437245139749,2.103242427508519
22.150000000000002,0.009352691475672824,1.9999999999999607,6.781566348525973,1.9980522942121635,1.9943927426697703,1.96519791324612,1.9175785103985343,1.9889426803590744,6.767578125,4.262875864905643,-2.004261647429664,,1.9303548977168563,2.114404775700959,2.825665485838478
22.16,0.007428610534148781,1.7824423263574887,6.792173850766183,1.999015607314884,1.9974981375450427,1.9781100138976038,1.9819687700061608,1.9791972534388838,6.78955078125,-1.923527962798225,-7.663714104065122,,1.9755938325778943,2.3099036504466577,2.551728824642012
22.17,0.006239463115180134,1.633560796905569,6.795336039854955,2.0009470190884415,2.0035893546012984,1.998561901834836,2.0456551146235453,1.9709104103155786,6.8115234375,2.5633668612199116,-10.341471833339549,,2.028039721403481,2.402296581724205,2.1401906579245957
22.18,0.006239463115180237,1.6335607969055823,6.790487474613282,2.001736003740222,2.005656469368998,2.0054502298591452,2.0524863945582204,1.9667080919373805,6.78955078125,-1.6702261030349923,-12.122439679043163,,2.0396567796911946,2.2243998365948836,0.5473190142558468
22.19,0.0074286105341484455,1.7824423263574485,6.779648521089141,2.0024740079077583,2.007455989993533,2.010878743673578,2.05268834356611,1.9676900834473636,6.78955078125,3.151695482907621,-13.304424359062816,,2.045084341155788,2.0779385481808808,1.1955290652804553
22.2,0.009352691475673153,1.9999999999999958,6.766322714590958,2.0031627892043415,2.0090071462330097,2.0150445477486745,2.0489381672474565,1.9740239953121053,6.78955078125,1.7557436588454745,-13.974058072915962,,2.046236766975476,1.965514621059258,1.7999080163412382
22.21,0.011276772417197874,2.1961100503411526,6.755714938899066,2.00278084142747,2.007024669941179,2.008746912933067,2.015917258073283,1.9845580755260885,6.767578125,-1.1049236133964415,-14.138735164059614,,2.0233698392695803,1.7772789196500702,1.6529086510122462
22.22,0.012465919836166125,2.3089995935065013,6.752552529927576,2.001391712224361,2.001901593912326,1.9940103425700146,1.9655402358127922,1.9970427579465915,6.74560546875,2.042828113511835,-13.757712911832908,,1.9852185664259367,1.6206231776459603,1.6688378094751395
22.23,0.012465919836166274,2.308999593506515,6.757401230922156,2.0000807802667846,1.9973199899089444,1.982064846657492,1.9340645699013312,2.008920781599972,6.74560546875,2.864588371321824,-12.745490187640897,,1.960353486423446,1.6759292585529477,2.194453563704113
22.240000000000002,0.011276772417197664,2.196110050341132,6.768240480187892,1.9978200361622283,1.989919944954739,1.9630253881428377,1.88724819316745,2.017924358480156,6.7236328125,-1.2452330158377058,-10.958876124763378,,1.9236468627901324,1.672929096457918,1.9290035480901753
22.25,0.009352691475673637,2.0000000000000475,6.7815663485259705,1.997747607229287,1.9900572495911302,1.9674386230726852,1.9242823117455574,2.0235721650848726,6.767578125,4.27204595716461,-8.108991037053418,,1.948046833479036,2.0446030954708925,2.7988443619772365
22.26,0.007428610534148235,1.7824423263574232,6.79217385076618,1.997682868681535,1.990243570522345,1.9716880561019654,1.9542800571033592,2.026836726434757,6.767578125,-2.810621124463364,-2.23701683195434,,1.967178604904671,2.170908478176188,2.250500547455979
22.27,0.006239463115180386,1.633560796905602,6.795336039854952,1.9976254629438377,1.990472053504004,1.9757061490700076,1.9754644531583003,2.0284831490253867,6.767578125,2.423056540048583,7.55800090989398,,1.9815158874841474,2.194512771554409,1.7574825502806823
22.28,0.006239463115180216,1.6335607969055796,6.790487474613278,1.9986011098324559,1.994070663518234,1.9891227160330551,2.0173770894733134,2.0294525887920583,6.78955078125,3.053224357132171,10.824108923564374,,2.0133276563143054,2.272087295857976,2.0838375194019036
22.29,0.007428610534148389,1.7824423263574416,6.779648521089137,1.9995203241651547,1.9973053136070666,2.0001048517055846,2.0418805770433024,2.030569417768973,6.78955078125,-1.059644069426119,13.144156197976425,,2.0333354111702295,2.2281659550880257,1.863745765640426
22.3,0.009352691475673082,1.9999999999999882,6.766322714590954,1.9993596352385814,1.9968704661574377,1.9993776024669285,2.0285260936304628,2.0316427502820016,6.767578125,0.7159345155648016,14.903104969547654,,2.0233792902618766,2.0349718476540795,1.3150082567396901
22.31,0.011276772417197817,2.1961100503411473,6.755714938899062,1.9992088630330687,1.9965021771715314,1.9987871966802502,2.0174555164915886,2.0318106328334746,6.767578125,3.022534565538604,16.231961643870612,,2.0153259934221492,1.9437808086283754,1.8486189833847582
22.32,0.0124659198361661,2.3089995935064995,6.752552529927568,1.9990676893532198,1.996195317030698,1.9983178535239934,2.008649683166647,2.030213966069938,6.767578125,1.7070879261881842,17.18043886082469,,2.009125833119485,1.9133082362876739,2.116602450675981
22.330000000000002,0.012465919836166064,2.308999593506496,6.757401230922149,1.9989357963327048,1.995944919172142,1.9979546059039204,2.0019616506947657,2.0260917569385963,6.767578125,2.0241793373782935,17.75759988142141,,2.0045577422478535,1.9151045722764988,2.150254455496201
22.34,0.011276772417198325,2.1961100503411966,6.768240480187883,1.998812866794572,1.9957462009202687,1.9976837084655672,1.9971405169921346,2.0189882158162864,6.767578125,2.025824870597477,17.946852262391662,,2.0013351901209195,1.930058645965796,2.096816652594577
22.35,0.009352691475672964,1.9999999999999756,6.781566348525962,1.9986985847169234,1.9955945751307673,1.997492632462067,1.9939015520208818,2.009130102433053,6.767578125,1.9888646019473053,17.713141831179637,,1.999169307801302,1.9478297566412572,2.0458511526946928
22.36,0.007428610534148896,1.7824423263575022,6.792173850766171,2.0006434081629334,2.002132309006533,2.016221673938364,2.049352992093456,1.9980829867486678,6.8115234375,3.911849656096113,17.006948082970233,,2.0405477284067066,2.1794812222081195,2.7010114734973305
22.37,0.0062394631151801785,1.6335607969055748,6.795336039854943,2.001445151306868,2.0046059397399167,2.0217142016939786,2.0559529143234374,1.9880462771949976,6.78955078125,-3.2275830561465457,15.775702002942312,,2.0446082462740436,2.085541215182177,1.6525317353527038
22.38,0.006239463115180192,1.6335607969055768,6.79048747461327,2.0021957245448445,2.006773210709916,2.0257672365442625,2.057034957521528,1.980917131750586,6.78955078125,3.3659004212024106,13.993665692617734,,2.044915147167245,2.0288053794022556,1.5760700914492582
22.39,0.007428610534148332,1.7824423263574347,6.779648521089129,2.004943333570829,2.0152594968548394,2.047309366556585,2.1119404401795947,1.9789494842104518,6.83349609375,3.500362978748041,11.642529203493128,,2.0846306573945235,2.2106516464845702,2.5262375187868327
22.400000000000002,0.009352691475673757,2.0000000000000604,6.766322714590945,2.0054712616650083,2.016103150753676,2.045140575265553,2.0826088654195294,1.9823960217738381,6.78955078125,-3.9695514614651137,8.560128966958308,,2.064936311353148,1.9817989802225193,0.9736767752436509
22.41,0.011276772417197762,2.196110050341142,6.755714938899055,2.004934717848574,2.0134477811811022,2.0329080264542583,2.027102663250283,1.9886919786002992,6.767578125,3.5739465641352424,3.562613259023954,,2.0269113770947196,1.783513682585697,0.9523695482611647
22.42,0.012465919836166309,2.3089995935065186,6.7525525299275655,2.003396870792051,2.0076785645375614,2.012576896226624,1.962173274356165,1.9948481254305226,6.74560546875,1.0779306100120738,-6.614100605805152,,1.9780974535203133,1.6471632074379903,1.539069363171004
22.43,0.012465919836166316,2.308999593506519,6.757401230922147,2.001942325245415,2.002479918892104,1.995863736843421,1.9254241513239705,1.9981707626455043,6.74560546875,2.3505957022971193,-9.70414719141649,,1.9463250219804173,1.7207028300697351,2.3117899389978938
22.44,0.011276772417197779,2.1961100503411433,6.768240480187882,2.0005689802608972,1.997828488484603,1.9825212240479007,1.9073430663230946,1.9974395344548455,6.74560546875,1.9285219976797363,-11.70012848607983,,1.9281269302797797,1.8525731951389552,2.46197932674206
22.45,0.00935269147567378,2.0000000000000626,6.781566348525962,2.0013254160225094,2.0003655152871067,1.9914110872952957,1.9616133513631335,1.9936229798635987,6.78955078125,3.855931907331559,-13.045586647396748,,1.9646366794601713,2.1888434623741873,2.929389558257627
22.46,0.007428610534148349,1.7824423263574367,6.792173850766171,2.0010091895879056,1.999291132242134,1.989195884529317,1.9692057149359279,1.9883527115654593,6.767578125,-3.190711230993274,-13.864502430344706,,1.9689428261784327,2.162249545016324,1.7634110479215706
22.47,0.006239463115180429,1.6335607969056076,6.795336039854944,2.0027586529738,2.004985841363968,2.0065220708107043,2.030558318934506,1.9833094345089752,6.8115234375,4.5031521181494805,-14.182378879436628,,2.0166582470054566,2.338772063169606,2.343205032248027
22.48,0.006239463115180171,1.6335607969055739,6.790487474613271,2.0033741460187033,2.0066953031035957,2.010984650404973,2.0402769978291975,1.9800992693927901,6.78955078125,-3.464906450850982,-13.97227004102249,,2.025701295721352,2.2084973553785257,1.2858034349349092
22.490000000000002,0.007428610534148877,1.7824423263575,6.77964852108913,2.0029228104153933,2.0048602126846675,2.0050532079619923,2.0172850116231333,1.9789510940003918,6.767578125,2.575779748855101,-13.16307219411046,,2.008820118177843,1.991450307401642,0.7802739307657847
22.5,0.009352691475672942,1.9999999999999731,6.766322714590948,2.003516487009662,2.006510429492561,2.0095001436530286,2.0277964137800595,1.9798160213894263,6.78955078125,3.594308390028667,-11.630566877063243,,2.018445365505922,2.0192662406866657,2.1980304044143892
22.51,0.011276772417198306,2.1961100503411948,6.755714938899057,2.0030445243966106,2.0046252546058136,2.003578995596181,2.0055992021683875,1.9823137929893921,6.767578125,-2.6867594908197274,-9.15819364272985,,2.00250697757729,1.890405153176374,1.8507480537352496
22.52,0.012465919836166057,2.308999593506495,6.752552529927568,2.00157027031173,1.9995981926758628,1.9892227904333684,1.9611739736983818,1.9851866343991573,6.74560546875,2.481501721458236,-4.928755473112107,,1.9699504530378382,1.7482364804960686,1.6350317381468973
22.53,0.012465919836166107,2.3089995935065,6.757401230922151,2.0012045160495573,1.998445475019243,1.9871639081690835,1.9615728514175323,1.987585923401629,6.767578125,3.550669978888128,6.169471787487582,,1.9716628655588129,1.8972494334486667,2.443218459628814
22.54,0.011276772417198438,2.1961100503412077,6.768240480187886,2.0008580394280706,1.997430740455689,1.9857343429354561,1.9642375498037694,1.9894334405074123,6.767578125,-1.6454386530906295,9.963045159145306,,1.9744109550634579,1.9696296248538767,2.2880048359340273
22.55,0.009352691475673105,1.9999999999999907,6.781566348525967,2.000530350409997,1.9965453645961662,1.984848289091292,1.9683334874649456,1.9908101890335848,6.767578125,2.2528066345618156,12.518418542848968,,1.9775701140506234,2.004114224972692,2.076684933473986
22.56,0.007428610534149008,1.782442326357516,6.792173850766177,2.0002209475024,1.995780765698759,1.984424541999752,1.9731217762646862,1.9919944901728008,6.767578125,2.008355308642808,14.438587724491095,,1.9807538521824002,2.0172703387678914,1.9672052528006065
22.57,0.006239463115180222,1.6335607969055805,6.795336039854949,2.0009545122528696,1.9984549113616352,1.9939784407992223,2.007456842177594,1.9935439588542068,6.78955078125,3.0600976195172813,15.901598951638837,,2.0053777846695056,2.127329669479084,2.3306071295882496
22.580000000000002,0.006239463115180149,1.633560796905571,6.790487474613278,1.9995923381010146,1.9941923821415066,1.9826785014563986,1.971619784626111,1.9955775525853943,6.74560546875,-3.164962220417455,16.975187176266886,,1.9780412615376817,1.9034250542339972,0.9431812667685578
22.59,0.007428610534148217,1.782442326357421,6.779648521089138,2.0003621359891874,1.997093084623818,1.9930367288774986,2.00725650458569,1.9981482977094736,6.78955078125,5.007403653050371,17.67894238090614,,2.00412278729262,2.08895595398472,2.505905240012027
22.6,0.009352691475673615,2.0000000000000453,6.766322714590956,2.000060200463153,1.9963658271121163,1.9919914356432995,2.002054097147518,2.0015057668979095,6.767578125,-3.6401002674055523,18.00518758883233,,1.9995806743377862,2.0046110724031414,1.8635481638322753
22.61,0.011276772417197647,2.196110050341131,6.755714938899066,1.999775908885983,1.9957423986687426,1.9912953954292638,1.9983347608000113,2.0050019672341532,6.767578125,3.3181793671607607,17.926150347184436,,1.9964361627913358,1.9790058072977534,1.9064619554622504
22.62,0.012465919836166265,2.3089995935065146,6.752552529927576,1.9984828873211125,1.9918819865453579,1.9812856734735682,1.966638089542906,2.0074815897708516,6.74560546875,-0.8621113608914455,17.397942537715696,,1.9726938002492198,1.8596187323478324,1.5069032526059223
22.63,0.01246591983616636,2.3089995935065235,6.757401230922159,1.9972683759305732,1.9884919712232183,1.9734616789565744,1.9463423839727712,2.0078436568662617,6.74560546875,2.978145961299272,16.367162148367175,,1.9580908903675895,1.864034498551151,1.946716247630816
22.64,0.011276772417197893,2.1961100503411544,6.768240480187894,1.997157025606983,1.9888889490047486,1.977269674174886,1.965599755600693,2.0062443354698174,6.767578125,2.756740947475257,14.794925534211176,,1.9724961980432354,2.019289030453708,2.4854620941805967
22.650000000000002,0.009352691475673174,1.999999999999998,6.781566348525975,1.998083829657821,1.9926545458060052,1.990453822755289,2.0105385573483177,2.0039655719024507,6.78955078125,1.8093573296333403,12.667895084674122,,2.005046317733124,2.1656848813424694,2.5263606753656016
22.66,0.007428610534148465,1.7824423263574507,6.792173850766184,1.9979324735941548,1.992710817267125,1.991681711688746,2.0104482238436887,2.0022190899921712,6.767578125,-2.0713119429380535,9.910933335804039,,2.0046033710060045,2.0587106944985516,1.4986878788634734
22.67,0.006239463115180244,1.6335607969055834,6.7953360398549565,1.9988198145569196,1.9961432519265907,2.0023992052724253,2.038403746099798,2.002078883207337,6.78955078125,3.864676427756753,6.035884411397448,,2.0252592231345226,2.119472621303223,2.022428762998098
22.68,0.006239463115180127,1.633560796905568,6.7904874746132835,1.9996561165139288,1.9992156972485513,2.0109865342183917,2.0548180319205516,2.0044992062913534,6.78955078125,-1.5874448872301277,-4.699068547415918,,2.037480256076277,2.1018118671810977,1.9006407304828699
22.69,0.007428610534148763,1.7824423263574865,6.779648521089142,1.9994175415388575,1.9986224327465167,2.0082419180785585,2.0339968951650937,2.0090800503104824,6.767578125,0.597272900209253,-8.677493033084156,,2.022312548761499,1.953860546559387,1.3997787922940645
22.7,0.0093526914756728,1.999999999999958,6.7663227145909595,1.99816786998167,1.9947700220296243,1.9963273374279775,1.9881399041854135,2.014296485293494,6.74560546875,2.214292177823695,-11.02315850826838,,1.9893589373465979,1.7968601881832527,1.3943279574295728
22.71,0.011276772417198192,2.1961100503411837,6.755714938899068,1.9980212056166136,1.9947046646481241,1.9961920310155181,1.9872022746090676,2.0187563871554164,6.767578125,3.4960472086107552,-12.610215285484632,,1.9895352559918928,1.92573238484153,2.448613975141968
22.72,0.012465919836166014,2.308999593506491,6.752552529927578,1.996859838542796,1.9913424114721356,1.9865970342764798,1.9581742443300638,2.02131082287748,6.74560546875,-2.6342152833972428,-13.640281997204308,,1.9685242849459297,1.865790208599695,1.9989906670044493
22.73,0.01246591983616615,2.308999593506504,6.757401230922158,1.9967992913850752,1.9917399491899743,1.9885739912011116,1.9701821415469474,2.0211679881617077,6.767578125,3.8643840462219323,-14.170719844006292,,1.9780276616355004,2.0058607535371116,2.444305469792268
22.740000000000002,0.01127677241719795,2.19611005034116,6.7682404801878935,1.9967477791641504,1.9921441650429281,1.9903879847783377,1.9801604091088454,2.018338102727607,6.767578125,-1.50282949483376,-14.194618901182874,,1.9854860124158098,2.0468288043986056,2.1437671182867772
22.75,0.009352691475673245,2.0000000000000058,6.781566348525972,1.9967048238424863,1.9925514195281282,1.9920342161992624,1.988115062718639,2.0130714737221203,6.767578125,2.1608338618468337,-13.660572304590815,,1.99108222240706,2.0503686558052445,1.9185954001244507
22.76,0.007428610534148522,1.7824423263574574,6.792173850766182,1.9966699589505883,1.9929584254583448,1.9935112133813537,1.9941967456754783,2.0061673791476067,6.767578125,2.0318560798012775,-12.47289376640994,,1.9951091887638834,2.0413921692393826,1.8778252895202783
22.77,0.006239463115180265,1.6335607969055863,6.795336039854954,1.997669596653146,1.9966955039942156,2.0043479840625182,2.0273147908706557,1.9995096082938915,6.78955078125,3.070348485338788,-10.473230766235169,,2.019368252683879,2.137382322884812,2.3020461119753324
22.78,0.006239463115180106,1.6335607969055652,6.79048747461328,1.9996391384716257,2.00335416278388,2.022474226380041,2.0762731982959424,1.9960203639953327,6.8115234375,1.9984174569519544,-7.291336353028206,,2.0553554248264607,2.2304309620925595,2.38930489363562
22.79,0.007428610534148103,1.7824423263574072,6.779648521089139,2.0014903329270597,2.0092347310147805,2.036695240800601,2.105259611337614,1.997866664744874,6.8115234375,-0.5406511524772212,2.8888763562286535,,2.075986657376832,2.1889332041876846,1.9097011781463185
22.8,0.009352691475673474,2.00000000000003,6.766322714590956,2.002203021110153,2.0110870897640214,2.038146827194006,2.0890247404094935,2.004346436451374,6.78955078125,0.8438874726800227,8.377999578992085,,2.0646111983904922,1.9980322541716107,1.1280187852706276
22.81,0.011276772417197533,2.1961100503411197,6.755714938899063,2.000819826466429,2.0060405220950868,2.019541691374967,2.01064210577376,2.0122300021082355,6.74560546875,0.38407924766888524,11.369239876216009,,2.0108425930584435,1.6663216155418408,-0.5055153332884178
22.82,0.012465919836166222,2.3089995935065106,6.75255252992757,1.9984898535849702,1.9981701384088992,1.994207511095306,1.9311370124434992,2.01762107801048,6.7236328125,2.9940417596326925,13.542089886114768,,1.9515435855280199,1.504908384644047,1.5604954991270585
22.830000000000002,0.012465919836166173,2.308999593506506,6.75740123092215,1.9973247960006608,1.9944873210745173,1.983390210941029,1.917324307426289,2.018075607930712,6.74560546875,3.4307066836019775,15.192241000502353,,1.9362871483109332,1.7580660393511556,2.7772299077391596
22.84,0.011276772417198006,2.1961100503411655,6.768240480187885,1.9972595934125388,1.9945744440515163,1.984657391099326,1.9448745390240232,2.0138748925822614,6.767578125,1.5272548261396601,16.425797964113315,,1.9521042485766231,2.045817059456424,2.9447876802272064
22.85,0.009352691475673316,2.0000000000000133,6.7815663485259625,1.9972027013934863,1.9946837256337668,1.985977967730347,1.9659893060242235,2.0063951840116223,6.767578125,0.2084630065108756,17.28153613230079,,1.9653558269272176,2.152472125169802,2.312423792677346
22.86,0.007428610534148578,1.7824423263574642,6.792173850766172,1.9981803030185883,1.9981418175720191,1.9968669821224199,2.0083703782754148,1.99761332532277,6.78955078125,3.0934512378646173,17.763134638548635,,1.9976668841128333,2.2747330022219088,2.161786336834814
22.87,0.006239463115180287,1.633560796905589,6.795336039854943,2.0001278616641684,2.004540857246565,2.015124679945948,2.0596161875512795,1.9903991435035857,6.8115234375,1.7157431131908343,17.849771458974192,,2.0401592155374657,2.351205509835821,2.0795145118896197
22.88,0.006239463115180084,1.6335607969055623,6.79048747461327,2.001957457773114,2.0101849917736305,2.029514152393531,2.0890488117481407,1.9872552023023742,6.8115234375,-0.07276935056670819,17.502424158194145,,2.0657133518568482,2.276051150328463,1.6142753569185235
22.89,0.0074286105341486485,1.7824423263574727,6.779648521089129,2.002649213530868,2.011825369047734,2.031270100689461,2.0763811174302473,1.9884476446201131,6.78955078125,0.8482001180174567,16.669919964862597,,2.0580134010822966,2.040892002500935,0.9382586638336073
22.900000000000002,0.009352691475673403,2.0000000000000226,6.766322714590945,2.0022704523707486,2.0099004271169343,2.022700676152819,2.033565157029576,1.9922166844025573,6.767578125,2.128781399462408,15.303944328153912,,2.028392168986507,1.7853013439724994,1.1755295407494748
22.91,0.011276772417198077,2.1961100503411726,6.755714938899053,2.000884762388984,2.0048041571652035,2.005747893591549,1.9745815752598284,1.9961752138768603,6.74560546875,1.8696490623408277,13.383597230105297,,1.9852377955152192,1.587130702077491,1.6628745893482497
22.92,0.012465919836166201,2.3089995935065084,6.752552529927563,1.9995782204210177,2.000224713744785,1.9917796176292986,1.939122970803594,1.9982589715900547,6.74560546875,2.810326320455642,10.874226469210459,,1.9568861885893645,1.627566607899531,2.342676082927847
22.93,0.012465919836166194,2.308999593506508,6.7574012309221425,1.9993745989209126,1.999467782251346,1.9901570957935504,1.9492512844300627,1.9977458292908645,6.767578125,2.7349438922005436,7.5158486666657485,,1.9624312085993714,1.879683398424532,2.7610699596548725
22.94,0.011276772417198065,2.1961100503411712,6.7682404801878775,1.9991836803944436,1.9987958600365252,1.9890362600930853,1.9595105248381646,1.9950595412163858,6.767578125,-1.0028642959837424,-1.6810003976499,,1.968288973003275,2.0048139112083088,2.3210540917827855
22.95,0.009352691475673388,2.000000000000021,6.781566348525958,2.0000306847623937,2.0015283242341853,1.9978583906363774,1.9974756761932593,1.9911179858927903,6.78955078125,3.075630520115745,-7.577285133032434,,1.9955994931566916,2.1701298998466645,2.288860386843311
22.96,0.007428610534148636,1.7824423263574711,6.792173850766168,1.9998014136299849,2.000625129001503,1.9955654135089844,1.9940963853467109,1.9868505233601488,6.767578125,-2.39902696412205,-10.269799229063025,,1.9921877777600758,2.0841778180975035,1.2798530792136111
22.97,0.006239463115180309,1.6335607969055919,6.7953360398549405,2.000610897759013,2.0031357345978322,2.00326196659541,2.01988068090989,1.983176929764201,6.78955078125,3.845243265243845,-12.05311311779794,,2.011708800414442,2.155677862589802,2.009627129033237
22.98,0.006239463115180062,1.6335607969055597,6.7904874746132675,2.0013705286050403,2.0053453911447776,2.0094446832129975,2.0360279831236565,1.981202451732952,6.78955078125,-1.521685130527453,-13.232294511237804,,2.0239068916886094,2.1398183196149603,1.9574156344265945
22.990000000000002,0.007428610534148591,1.7824423263574658,6.779648521089126,2.0010573930770654,2.0039614992323016,2.004859893723846,2.0171228805872032,1.9811755570680534,6.767578125,0.549049620303224,-13.895504421393227,,2.009300240236769,1.9883322456737473,1.474552102882339
23.0,0.009352691475673332,2.000000000000015,6.766322714590944,2.0017851065290166,2.0060172052605747,2.010480105451778,2.031316913591945,1.982778357818975,6.78955078125,3.706282651889118,-14.050043654815804,,2.0204505072911156,2.054686787810356,2.297365967512705
23.01,0.01127677241719802,2.196110050341167,6.755714938899054,2.000416581622525,2.0011760353487484,1.9959100632493296,1.981378933866205,1.9848866961129046,6.74560546875,-3.381459714990085,-13.654303292069745,,1.983820343454215,1.8242574569399774,1.2560616591906044
23.02,0.012465919836166179,2.3089995935065066,6.752552529927564,1.9991271316931105,1.9968490290912666,1.9840258270781685,1.9473823197340545,1.9856322512935605,6.74560546875,3.9846021922472272,-12.620552472301657,,1.9599254464668652,1.8048154419463835,1.9508378119163694
23.03,0.012465919836166217,2.30899959350651,6.757401230922148,1.9979145075642748,1.993009619018684,1.9745860442377832,1.926917429816222,1.984044905292706,6.74560546875,1.4940908011036231,-10.800108863150012,,1.9461023320360995,1.8595447237125118,2.246856000479822
23.04,0.01127677241719812,2.196110050341177,6.768240480187883,1.9988293846668748,1.996299095758311,1.9866583457657003,1.9789753929886702,1.9807269851824105,6.78955078125,3.7468659821202674,-7.881686593306678,,1.9838211895952107,2.1457749336280694,2.8727271052479777
23.05,0.009352691475673457,2.0000000000000284,6.7815663485259625,1.9986655839713388,1.9959181378200515,1.9871010651576064,1.9844231767335612,1.97671030054595,6.767578125,-3.136207782441944,-1.1439390668031022,,1.9878400923443256,2.090434528703166,1.796255528513448
23.06,0.007428610534148692,1.7824423263574778,6.792173850766175,1.9985134516340548,1.9956041360747818,1.987709218041213,1.9888068069239713,1.9724680728745172,6.767578125,3.3574646297685624,7.796844978022832,,1.9909596917790806,2.0607955905258724,1.5926136012046739
23.07,0.006239463115180331,1.6335607969055947,6.7953360398549485,1.9983725595014776,1.995351609874167,1.9884377890600011,1.9922707217750422,1.9687141977028877,6.767578125,1.8229040110170305,10.988186344249664,,1.9933298591687205,2.0417087343744917,1.746381342554607
23.080000000000002,0.00623946311518027,1.6335607969055868,6.790487474613277,1.9982424823818188,1.9951552626901201,1.9892478631817958,1.9949812647469547,1.9665065365703778,6.767578125,1.9397296949752176,13.274588156718597,,1.995096472918015,2.0282771969300946,1.904058083070107
23.09,0.007428610534148534,1.782442326357459,6.779648521089137,1.9991488572580356,1.9983392019234327,1.9996796286815484,2.02532596685125,1.9673989324754668,6.78955078125,3.1154382030004193,15.012592429403695,,2.017891226923806,2.1265798786285295,2.355768535767851
23.1,0.009352691475673263,2.0000000000000075,6.766322714590955,2.0000021883236374,2.0011774953381067,2.008112160148655,2.0446145053133598,1.972702131442127,6.78955078125,-0.8872726809997736,16.326095488849237,,2.031916323779237,2.1204774514242626,2.0642226707792677
23.11,0.011276772417197963,2.1961100503411615,6.755714938899065,1.9997789004747202,2.0003703826097796,2.0052966521902635,2.0268057101171992,1.9819410835169804,6.767578125,0.5826712821237257,17.262091761218393,,2.0181821935788937,1.97445725098494,1.3952626391344942
23.12,0.012465919836166158,2.3089995935065044,6.752552529927576,1.9975165001618906,1.9929881214717877,1.9837882137639005,1.9533882956321917,1.992653711575641,6.7236328125,0.5727490752828692,17.828377342868393,,1.9645194777287187,1.687132985811013,0.3092687104187008
23.13,0.012465919836166238,2.308999593506512,6.757401230922159,1.9964172613122568,1.9897814353325798,1.9760681982274724,1.935142885318385,2.0019937362149136,6.74560546875,4.213942203586251,18.007708061068907,,1.9521227053173693,1.8223310046569732,2.3792261451920638
23.14,0.01127677241719818,2.1961100503411823,6.768240480187894,1.9943605293113027,1.9836372067303594,1.9604994983150743,1.8956701294113072,2.0076757104019443,6.7236328125,-2.829339803150596,17.764602283766894,,1.9242438491186205,1.8029390032350385,2.1355172598196845
23.150000000000002,0.009352691475672784,1.9999999999999563,6.781566348525976,1.9934623417270163,1.9816133227620785,1.9582618849049285,1.9078942355196438,2.0086514889549796,6.74560546875,3.8405282034540766,17.049629597201143,,1.9321592516284192,1.9959599273266142,2.562998599867984
23.16,0.00742861053414875,1.782442326357485,6.792173850766185,1.9926281590204347,1.979925029659258,1.9572556218884403,1.922884663475814,2.0056386890106994,6.74560546875,-1.4484777749701443,15.811472767402236,,1.9412278311252775,2.07383619869727,2.211246050325068
23.17,0.006239463115180122,1.6335607969055674,6.795336039854957,1.9928851537423682,1.9819134557273559,1.9671820049865396,1.9683715904421972,2.000348414649888,6.767578125,3.006272831579259,14.026647456066009,,1.972367662849855,2.1984728822206936,2.2975513168427444
23.18,0.006239463115180018,1.633560796905554,6.790487474613285,1.994167915692239,1.9871567820268634,1.9856426482430023,2.024503691324912,1.9952600121037836,6.78955078125,1.8216715279131368,11.679413086730149,,2.0156349442611416,2.290404875297678,2.2688842965216987
23.19,0.007428610534148477,1.782442326357452,6.779648521089144,1.9953836570305667,1.9918885235121626,2.000591034862996,2.055377417504439,1.9927977381098987,6.78955078125,-0.31494979590975214,8.613166540827098,,2.0428363708889,2.23581873622121,1.7629365330874678
23.2,0.009352691475673192,2.0,6.76632271459096,1.996534104662461,1.9961321586003373,2.0124118413998935,2.0710916562202457,1.9942337567907154,6.78955078125,2.2644050525483768,3.7058081483390626,,2.058179759588828,2.1323927541476184,1.618243960970089
23.21,0.011276772417197907,2.196110050341156,6.755714938899069,1.9965937449157742,1.9965758955146613,2.0121158567078585,2.049603213775082,1.9988922386655392,6.767578125,-1.0960225656314888,-6.520384132809863,,2.0439719367915146,1.912592320055518,1.2122240694243902
23.22,0.012465919836166134,2.308999593506502,6.75255252992758,1.9956272095013257,1.9936459911758138,2.0021764227907655,2.0034795189154866,2.004553780701671,6.74560546875,2.039365344059482,-9.627888057567233,,2.010535244894336,1.7033122973397221,1.3692049272484637
23.23,0.012465919836166262,2.308999593506514,6.757401230922159,1.9936956766187464,1.9877272942802922,1.9845618436504553,1.944451092964067,2.008463546223649,6.7236328125,1.940380069613438,-11.624142445630095,,1.9654926117119456,1.5630787244595634,1.71531281138831
23.240000000000002,0.011276772417197633,2.1961100503411295,6.768240480187894,1.992916905183148,1.9858763080489872,1.9799591281436386,1.937696412467621,2.008605016035082,6.74560546875,3.497794787826637,-12.963794245652524,,1.9589912616279224,1.784591378687755,2.6494997487604777
23.25,0.0093526914756736,2.0000000000000435,6.781566348525974,1.9921956447332352,1.9843125292187154,1.9765576296251914,1.9373171610795037,2.0045113812907744,6.74560546875,-1.5584303881095236,-13.772465836806319,,1.9569533526800154,1.927127773294975,2.4761447499976033
23.26,0.007428610534148204,1.7824423263574194,6.792173850766184,1.991529744710543,1.9830138077051893,1.974196042214066,1.9412829019310873,1.9968743084897624,6.74560546875,2.233875663193773,-14.075473916400949,,1.9578558035342493,2.01872515262111,2.1597977080964497
23.27,0.006239463115180375,1.6335607969056005,6.795336039854956,1.9940062706779045,1.992001616159926,2.0012955539742063,2.035009104427562,1.9880824872040779,6.8115234375,4.4302162127497136,-13.844360706815182,,2.0255053689914826,2.3686050499380835,2.9351655232510336
23.28,0.006239463115180226,1.633560796905581,6.790487474613282,1.9942859992870356,1.9933416832097037,2.0042193584915298,2.0352307425178338,1.9806674863125886,6.767578125,-4.460563014404213,-13.005394696047395,,2.0256992394942364,2.178912815907383,0.8794045408001052
23.29,0.0074286105341478175,1.782442326357373,6.779648521089141,1.9955863520622508,1.9978966086108627,2.0159033183908326,2.060536366543803,1.976314032376532,6.78955078125,4.737007350432583,-11.428538859714838,,2.0453390572861805,2.1690600804209255,1.6617583141103511
23.3,0.00935269147567312,1.9999999999999925,6.766322714590958,1.9968151675701191,2.001940876693651,2.0250233075728907,2.0728552385140113,1.976279087127762,6.78955078125,-1.7300429337362044,-8.878543600471293,,2.055783993887538,2.0977978489596176,1.736601587400101
23.31,0.011276772417197848,2.1961100503411504,6.7557149388990645,1.9969473310427877,2.002192474709825,2.0225276878613543,2.04779640308263,1.9798889734760805,6.767578125,-0.4792519445032333,-4.367000820372819,,2.03858632870178,1.9072138784010184,1.3435840310112186
23.32,0.012465919836166114,2.3089995935065004,6.752552529927572,1.9950198919381519,1.995750059229492,2.0010252072340187,1.9699829075626971,1.984900465105513,6.7236328125,0.8645659244389949,6.579454398706818,,1.9818422306730215,1.5882159961039588,0.6183373634964898
23.330000000000002,0.012465919836166054,2.308999593506495,6.757401230922151,1.9942414048806834,1.993352126615259,1.9929196492751549,1.9506155046438574,1.9893375208874515,6.74560546875,4.203250335700552,10.216726162939974,,1.9661985819525836,1.7371239822184001,2.4494741931695967
23.34,0.011276772417198294,2.1961100503411934,6.7682404801878855,1.993517502426671,1.9912491433793589,1.9864247220779405,1.9415300938791225,1.9923412649404488,6.74560546875,-1.89785094718066,12.71392162752123,,1.9576803850534654,1.8636368758553565,2.5260265398043087
23.35,0.009352691475672924,1.9999999999999714,6.781566348525965,1.9928462212494635,1.9894220085416892,1.9813696199341753,1.9395278993647826,1.9937243500089787,6.74560546875,2.207412408118084,14.599784765206088,,1.9543003039297235,1.96231847142899,2.3067623203719063
23.36,0.007428610534148864,1.7824423263574984,6.792173850766175,1.9932549568246856,1.9911869607304724,1.9871840908071767,1.971446508612789,1.9942024391587938,6.767578125,3.0785510930332807,16.03829375231466,,1.9763852830655348,2.133872299400938,2.4300830288147854
23.37,0.0062394631151801655,1.6335607969055732,6.795336039854947,1.993649621143014,1.9928023702829818,1.99211259872664,1.9937057159903984,1.9949168508648292,6.767578125,-0.88816911419264,17.092281360057953,,1.9920574318802704,2.164333550289747,1.986158113552212
23.38,0.006239463115179975,1.6335607969055481,6.790487474613273,1.994030265318151,1.9942741841377654,1.996227484501871,2.008226158279178,1.9967835079402394,6.767578125,2.206882577703458,17.778755041525166,,2.002580417544951,2.1423534203320282,1.7545980759553381
23.39,0.007428610534148363,1.7824423263574385,6.779648521089132,1.9943969649440325,1.9956085991435848,1.9996039333445983,2.0171501732941115,2.0004127105620046,6.767578125,1.990716912861171,18.088578471287,,2.009157252785113,2.1030070355335284,1.7877041907645181
23.400000000000002,0.009352691475673794,2.0000000000000644,6.766322714590949,1.994749820825632,1.9968120762691492,2.0023180491682444,2.0220567854853453,2.0058512538570135,6.767578125,1.9722279023575167,17.993092442565754,,2.0128287878732034,2.0633598022329718,1.885480158029602
23.41,0.011276772417197791,2.1961100503411446,6.755714938899057,1.9940606104445666,1.9945656318494547,1.9949422928140073,1.9958401822530103,2.012186912365468,6.74560546875,-1.267990560248987,17.448027530120076,,1.992904912032189,1.918925562932581,1.4857074659266736
23.42,0.01246591983616632,2.3089995935065195,6.752552529927567,1.9923913653347154,1.9892525208314167,1.979395156209428,1.9482511710581638,2.0178014906487864,6.7236328125,2.0037380631989676,16.400210542653642,,1.9578439630177145,1.773204331729931,1.4636356670605426
23.43,0.012465919836166305,2.308999593506518,6.757401230922148,1.9928907075908273,1.9912488017086587,1.9862375319034709,1.9771298341095853,2.021879022611461,6.767578125,4.1532789638858665,14.813547452768638,,1.980396352473923,2.02941510017419,2.7689219587429656
23.44,0.011276772417197748,2.1961100503411406,6.768240480187883,1.992341577081632,1.989732766504062,1.9824363976818762,1.9684515674333465,2.024235611527139,6.74560546875,-3.537552423055361,12.67767122525082,,1.9745436441288353,1.9828929063099663,2.022345085217271
23.45,0.00935269147567374,2.0000000000000586,6.7815663485259625,1.9918362447776923,1.9884355916585643,1.9796316075221496,1.9642962605559235,2.024534778472548,6.74560546875,3.3929084839206047,9.91843697937306,,1.9717584110325574,1.9792307281087376,1.9120703345724412
23.46,0.007428610534148319,1.7824423263574332,6.792173850766172,1.9924027037502874,1.9906829650590938,1.9873347128782708,1.9932623407789236,2.023389271422175,6.767578125,2.7974365230559246,6.051169953852631,,1.9929283847148376,2.0951880859667646,2.3169163863699636
23.47,0.006239463115180418,1.6335607969056063,6.795336039854945,1.9939754795985118,1.9960612957134911,2.003352276685186,2.0417589464873793,2.022186923479882,6.78955078125,1.7074597795379867,-4.666206388387223,,2.02842786929939,2.206338244003525,2.3936105864037085
23.48,0.006239463115180182,1.6335607969055754,6.790487474613272,1.9944338318009254,1.997521745511422,2.0066736159698393,2.0430882578863705,2.0218118600850143,6.767578125,-2.0471639615355195,-8.64898017633743,,2.028846764603563,2.0745882809371268,1.419546150664955
23.490000000000002,0.007428610534148306,1.7824423263574316,6.779648521089131,1.994872170548562,1.9988225026070503,2.0091956567912503,2.0411735381487848,2.0222309702996557,6.767578125,3.2425949977943342,-10.989702028636112,,2.0273416435040885,2.0058233168912056,1.596925632385649
23.5,0.00935269147567298,1.9999999999999774,6.766322714590949,1.9952908360441428,1.999972851299926,2.011022194273702,2.0371225976201592,2.023053292595657,6.767578125,1.71613815423657,-12.56915704232255,,2.0247771934581054,1.9748035698498403,1.865915629627266
23.51,0.011276772417198338,2.196110050341198,6.755714938899058,1.995690193541188,2.0009821497625193,2.0122504590012547,2.0319063465522036,2.023423370775657,6.767578125,1.991924564649743,-13.589157198154894,,2.0217379250441057,1.9659590405829936,2.0061066229609494
23.52,0.01246591983616607,2.3089995935064964,6.752552529927569,1.994014694003275,1.995208686263845,1.9939228136405929,1.9679197088060232,2.0218137551192865,6.7236328125,-2.6305973839163523,-14.10676900874141,,1.975380636161836,1.7257414396293476,0.9613436861832049
23.53,0.012465919836166095,2.3089995935064986,6.757401230922152,1.9955305863477328,2.0000669670554125,2.0076711161967173,2.0140423551009166,2.0173744992496663,6.78955078125,5.261522127066988,-14.114054232871924,,2.010673650230141,2.0874446967304836,2.9332301531410008
23.54,0.011276772417198407,2.1961100503412045,6.768240480187887,1.9949056978390645,1.9977243327811554,1.9996158778792517,1.986487978414889,2.0098628475856763,6.74560546875,-4.861392149637046,-13.558212364996049,,1.9905281844373417,1.9464318725157232,1.6293120537958603
23.55,0.009352691475673067,1.9999999999999867,6.781566348525968,1.9943238562805272,1.9956379609228563,1.9930051625945473,1.9683751795714197,1.9987817238660361,6.74560546875,4.200244793583991,-12.340423002722206,,1.9774042458085246,1.9288042936123544,1.7282326592360207
23.56,0.007428610534148979,1.7824423263575122,6.7921738507661775,1.9958393675018362,2.000448241248367,2.0067776951810816,2.0152696706558584,1.9855315217663325,6.78955078125,3.4136452398424963,-10.294871126459883,,2.013098763937346,2.1648144879434725,2.629741027788833
23.57,0.00623946311518021,1.6335607969055788,6.79533603985495,1.9982946506468007,2.008015203003193,2.0271682862260123,2.0739129029772023,1.9730895919148372,6.8115234375,-1.7188991474317652,-7.014593218006976,,2.0569065244331677,2.2856690103003294,2.4592164676318977
23.580000000000002,0.006239463115180161,1.6335607969055725,6.790487474613279,1.9995762910229107,2.011360678455052,2.0337402212111257,2.0814622892825647,1.9637797116958982,6.78955078125,-1.857168215611761,3.5211893312569447,,2.0616478960593434,2.134604972151173,1.1967799528430927
23.59,0.007428610534148249,1.7824423263574247,6.779648521089139,1.9997537299632262,2.0109448076221454,2.028976786047373,2.051970192548052,1.958226919562516,6.767578125,2.4838672609099173,8.61550119156782,,2.040243578020548,1.9163639418279792,0.46718094796481524
23.6,0.009352691475673653,2.0000000000000493,6.766322714590957,2.0009427776044055,2.013798098271938,2.033971490251564,2.0581835499614254,1.9567161202383943,6.78955078125,3.5058252991325336,11.541691990571755,,2.0447887701645038,1.964783557201076,2.137268237772827
23.61,0.011276772417197678,2.196110050341134,6.755714938899066,2.001031529314597,2.012929198064103,2.02780976763684,2.0292879304950637,1.9591024474746574,6.767578125,-2.6329063932110848,13.682251670777081,,2.024341359761698,1.8534136827772514,1.8248451171325728
23.62,0.012465919836166277,2.3089995935065155,6.752552529927576,2.0011100253561236,2.012060075779683,2.022220520952359,2.0091231190259085,1.9641669855094572,6.767578125,3.2456749207132636,15.31147947837847,,2.0094318343825885,1.851852250201442,2.0685888978919786
23.63,0.012465919836166349,2.308999593506522,6.757401230922159,1.9991288410651937,2.0045562627944395,1.9980019357930487,1.9390557039295655,1.9698805521221199,6.7236328125,-2.368781230229735,16.529346166051756,,1.955495815296171,1.63367655762898,1.1500600919418187
23.64,0.011276772417197862,2.1961100503411517,6.768240480187894,1.9982879818248185,2.0011519362984065,1.9880340276534991,1.9242150571961574,1.9741912208461534,6.74560546875,4.356433776946755,17.3721998638245,,1.943670475241963,1.8177995032658343,2.372171396513555
23.650000000000002,0.009352691475673136,1.999999999999994,6.781566348525975,1.9974966816951882,1.998102792292394,1.9802135749585068,1.9190187004314265,1.9762424473271067,6.74560546875,-1.8367491454583469,17.842519553595764,,1.939077463374665,1.944664862728926,2.3681039304917517
23.66,0.0074286105341484325,1.7824423263574467,6.792173850766184,1.9967534693752327,1.9953908781872274,1.97426004700757,1.9211984744667197,1.9759118421723671,6.74560546875,2.1586579854606747,17.91893641610878,,1.9394577972822864,2.0263665431079834,2.19338094100914
23.67,0.006239463115180232,1.6335607969055819,6.7953360398549565,1.996056859119411,1.9929970138458486,1.9699140499383478,1.928357821400493,1.9739139758416793,6.74560546875,2.055117558302531,17.562269114526657,,1.943004828092745,2.066767209496091,2.043230947726455
23.68,0.006239463115180139,1.6335607969055697,6.7904874746132835,1.9974590212673344,1.99757160784673,1.9861329933859646,1.9976876180872256,1.9719742356685481,6.78955078125,3.8611421468268867,16.721852760044538,,1.992140398687198,2.281533951953261,2.673105103563686
23.69,0.007428610534148191,1.7824423263574178,6.779648521089142,1.9977527951751126,1.9983123523094102,1.9899388038387444,2.010276614373184,1.9717083800629014,6.767578125,-3.232948088657933,15.350679653177044,,2.0030331211973933,2.16992384847547,1.6162367465623297
23.7,0.009352691475672838,1.999999999999962,6.7663227145909595,1.9980300707484444,1.9989716555189314,1.993186673064564,2.0168111086033234,1.9736219780231992,6.767578125,3.3694761267138436,13.430213213919663,,2.009761723524302,2.0812664895687147,1.5574635164427795
23.71,0.011276772417198223,2.196110050341187,6.755714938899068,1.997265170851131,1.9962300582390153,1.9864203924384014,1.992792628430505,1.9772453480729582,6.74560546875,-1.0172977088422255,10.928855267127126,,1.9919119989863994,1.9010833751612464,1.234049359351688
23.72,0.012465919836166026,2.3089995935064924,6.752552529927578,1.9955200853412363,1.9904689986102837,1.9715780287277174,1.9489380754398815,1.9813184751690778,6.7236328125,2.1276460022691848,7.596721019565381,,1.958227593129834,1.7327761273578095,1.418182021080881
23.73,0.01246591983616614,2.308999593506503,6.757401230922158,1.994909856241727,1.9887210431119953,1.9695597150493114,1.949225670037059,1.9851127741443213,6.74560546875,3.5412488750732227,-1.2289701804303288,,1.959707841895789,1.874231824458988,2.503713042213929
23.740000000000002,0.01127677241719792,2.196110050341157,6.7682404801878935,1.994341630057217,1.9872260162207112,1.968471955023483,1.9523578710461582,1.9888592997306147,6.74560546875,-1.616368304694253,-7.480758902697338,,1.9627431433136995,1.9470357918023282,2.416131632817507
23.75,0.009352691475673209,2.0000000000000018,6.781566348525972,1.994841934211792,1.9893075370902642,1.9778413862269852,1.986981437161129,1.9932329029650329,6.767578125,3.072463440948783,-10.18994901637532,,1.9883488850882605,2.09503067593,2.5217464590244285
23.76,0.007428610534148491,1.7824423263574538,6.792173850766182,1.9942907601238082,1.9878763127731667,1.976173706495644,1.9814374683437694,1.9987423498906096,6.74560546875,-2.369966031327708,-11.975965058137497,,1.9839348964316539,2.0050928220240882,1.5847695329113975
23.77,0.006239463115180253,1.6335607969055845,6.795336039854954,1.9937791099350084,1.9866679447905662,1.9752444146840331,1.9786288037321456,2.0054561841123495,6.74560546875,3.20959829618542,-13.152039624985846,,1.9814733690992465,1.9806950980623323,1.658143664466981
23.78,0.006239463115180118,1.633560796905567,6.79048747461328,1.9933055393421955,1.9856656391652032,1.9749312552397702,1.9778197968657225,2.0136703583921887,6.74560546875,1.7737252472435432,-13.807992571065439,,1.9804975391363377,1.979148528618868,1.8550392603368646
23.79,0.007428610534148134,1.782442326357411,6.779648521089139,1.9949254341631617,1.9915442062511675,1.994372429770914,2.0360051196408473,2.024053221442686,6.78955078125,3.8003189343995865,-13.951122430510265,,2.0236893037037675,2.1974388077453684,2.6672052209217396
23.8,0.009352691475673514,2.000000000000034,6.766322714590956,1.9943985742993962,1.990127575819751,1.9909670460881208,2.0159842487584734,2.0361191496921682,6.74560546875,-3.820611911722954,-13.538748420448865,,2.0079633982515466,1.986683218310204,1.0833729294911674
23.81,0.011276772417197562,2.1961100503411224,6.755714938899064,1.9928806741133,1.985568842449345,1.9787448273485646,1.9715484018802534,2.04724844301423,6.7236328125,3.534745008659275,-12.480608078869224,,1.9749340036739902,1.7992353190775487,0.8644283028677427
23.82,0.012465919836166234,2.3089995935065115,6.752552529927571,1.9904309059462373,1.9782231771224634,1.9594764546355983,1.9118250290733376,2.054289792112829,6.70166015625,1.175040616183428,-10.621523025151133,,1.9315357378875462,1.6658498729955347,1.443364236393825
23.830000000000002,0.012465919836166161,2.308999593506505,6.7574012309221505,1.9901992164170577,1.978528526571759,1.963848535003054,1.9371114737499318,2.0557628550717846,6.74560546875,3.869346400830261,-7.622341711360701,,1.9504945451099451,1.9753795268616292,2.8904603297734672
23.84,0.011276772417197975,2.196110050341163,6.7682404801878855,1.9899952538482153,1.978924704181513,1.968062404900116,1.9581617842456953,2.052192103605613,6.74560546875,-2.7319820575483087,1.6668497019812394,,1.9656546033377928,2.0770913722514597,2.531274470105957
23.85,0.009352691475673278,2.0000000000000093,6.781566348525963,1.9908483196584748,1.9827645772295497,1.981750416330143,2.0041135558625918,2.044622134564488,6.767578125,3.217746184424073,8.052813908317395,,1.9989575656847691,2.202652262514325,2.4000313505108797
23.86,0.007428610534148547,1.7824423263574605,6.792173850766173,1.9926930383781696,1.989626160670728,2.0026439653500536,2.0607721792034086,2.0346553021459255,6.78955078125,1.8325331445154556,11.167100722859916,,2.0418002872446173,2.2908068150362717,2.2018549543871297
23.87,0.006239463115180276,1.6335607969055876,6.795336039854945,1.9923776665192532,1.989059714653136,2.0002234719719403,2.037694635221803,2.023688824686747,6.74560546875,-3.0151185727480576,13.417745595487999,,2.025115628407164,2.021688983214033,-0.8111822482875446
23.88,0.006239463115180095,1.6335607969055639,6.790487474613271,1.9951781465607623,1.9986400902700638,2.0265291042523197,2.103186397396666,2.0137007303277357,6.8115234375,5.419082947877482,15.133275304454488,,2.0755138736089247,2.2350638598143866,2.579692019794367
23.89,0.007428610534148078,1.782442326357404,6.77964852108913,1.9967862627622475,2.00378186637815,2.0377282313508807,2.111829442606605,2.0066122494101326,6.78955078125,-4.3533101701459795,16.430219866676563,,2.0836483725494626,2.102732802603729,1.774058164791981
23.900000000000002,0.009352691475673443,2.0000000000000266,6.766322714590947,1.9972724339455612,2.0049804434797953,2.036670932500335,2.079815961634584,2.002089394771875,6.767578125,2.783744126290275,17.352773188218098,,2.0632729984165525,1.886792382981653,1.2080127492902815
23.91,0.011276772417198109,2.1961100503411757,6.7557149388990565,1.9967031939930016,2.002678073448147,2.0255636042083354,2.0237217307843376,1.9990855210756222,6.74560546875,2.1042413735391428,17.907465682751162,,2.0244769512671565,1.6931793797224917,1.324672462724191
23.92,0.012465919836166212,2.3089995935065093,6.752552529927566,1.998223593242289,2.007224343624035,2.034933353151507,2.0462375835197752,1.9975532266073441,6.78955078125,4.039023644713823,18.076318012496138,,2.0394219125313873,1.9501808895276185,2.7711581385583557
23.93,0.012465919836166182,2.3089995935065066,6.757401230922148,1.9996516711273373,2.0111940717905736,2.0417308387748134,2.0567683360739775,1.9978861112493935,6.78955078125,-2.7944430945532797,17.823484839615794,,2.047331515349911,2.0240060246363236,2.432752994072267
23.94,0.011276772417198034,2.196110050341168,6.768240480187883,1.9979130655592499,2.0047183331309375,2.0178234546248284,1.9818115308536488,1.9987763078041376,6.7236328125,-2.6805185755186325,17.099572298813616,,1.9860121507113542,1.676434353917943,-0.905381138099228
23.95,0.00935269147567335,2.000000000000017,6.7815663485259625,1.9983295341891645,2.0055248239586816,2.0171777454542044,1.9864221028841829,1.9988852376410293,6.767578125,5.400204763951574,15.85475471037292,,1.988740546670183,1.924020376475564,2.4347487529287823
23.96,0.007428610534148605,1.7824423263574674,6.792173850766172,1.9976937316007195,2.002877934359975,2.0067767374736096,1.9632864617385473,1.9980488675320467,6.74560546875,-3.8431143035684596,14.067874241012682,,1.9695619172719128,1.9110816361167036,2.019214905364352
23.97,0.0062394631151802965,1.6335607969055903,6.795336039854945,1.9991480644942012,2.007111707448677,2.0171610370416735,2.005077869010138,1.9968400473759145,6.78955078125,4.469664788700547,11.726217803426573,,2.001932648746968,2.1675804511157333,2.7581417576174756
23.98,0.0062394631151800745,1.6335607969055612,6.790487474613272,2.0005125252651377,2.010809572649262,2.0250979192117993,2.03342937335379,1.9963402664265506,6.78955078125,-2.6783366131287027,8.679651545821658,,2.023148056533067,2.2044593595297575,2.166019935526823
23.990000000000002,0.0074286105341486225,1.7824423263574696,6.779648521089131,1.9997404161291912,2.0074064093189214,2.0123659559099947,1.9943826760739702,1.9963691694956884,6.74560546875,-1.839064591600935,3.875037572285954,,1.9930174600118733,1.950296533623084,-0.618788130001651
24.0,0.009352691475672626,1.9999999999999394,6.766322714590948,2.00003564024113,2.0076209075217744,2.0110941343963287,1.9963691694956884,1.9963691694956884,6.767578125,4.4062403602381295,-6.405923594630662,,1.9946820567146222,1.9997659733916016,1.9718288007485314
