time_s,force_true_n,wind_true_m_s,angle_true_deg,EKF_q0.03_wind_m_s,EKF_q0.1_wind_m_s,EKF_q0.3_wind_m_s,EKF_q1_wind_m_s,RTS_q1_wind_m_s,angle_sensor_deg,EKF_q300_wind_m_s,Fixed_p1_wind_m_s,Fixed_p2_wind_m_s,Fixed_p5_wind_m_s,Fixed_p10_wind_m_s,Fixed_p20_wind_m_s
0.0,0.009352691475673192,2.0,7.4578622755917925,2.0,2.0,2.0,2.0,2.2102242078469123,7.448730468749999,2.0,2.0,2.0,2.0,2.0,2.0
0.01,0.009554127027881743,2.021422973568235,7.4579376765441285,2.0631339709525602,2.0631339709525602,2.0631339709525602,2.0631339709525602,2.210209727528338,7.448730468749999,2.0631339709525602,2.000012453899176,2.0000908026193853,2.0010802231123836,2.005590693719255,2.020088056757382
0.02,0.009754799077019736,2.0425413429857495,7.458400105892028,-2.0861118067458375,-2.0861118113381902,-2.086111851710527,-2.0861123109456656,2.209812380764651,7.404785156249999,-2.1299180631960115,1.9995608224140926,1.9967803412746372,1.9608478535993958,1.7841223579194156,0.9962351293063357
0.03,0.009953947013929484,2.0632856318401984,7.459495330443247,2.61328633370721,2.613287876365745,2.6133014381072837,2.6134556913604103,2.2093148723103235,7.448730468749999,4.823644355398698,1.9995575175518538,1.997243053743495,1.9837260755779285,2.041945535983859,2.688865399146849
0.04,0.010150816006310239,2.083589544595066,7.461379422582211,2.415614740411047,2.415614600858178,2.415613373914544,2.415599404160034,2.2098535061639093,7.448730468749999,-2.9964482510374375,1.9996980260943842,1.9984853072946471,2.0047331047346697,2.132530382795479,2.4845436680943065
0.05,0.01034465985976616,2.103389972754906,7.464171617722407,2.3971389068369735,2.3971382082040797,2.3971320666233122,2.397062237347102,2.2121969328649698,7.470703125,3.2531996348272654,2.0002573781648607,2.0022914726000254,2.044874575880265,2.258817357190255,2.514610133853386
0.06,0.010534743846113966,2.122626987535735,7.467991379499761,2.2296296705905427,2.2296116743434538,2.2294534971646827,2.227658213691136,2.2164302213101688,7.448730468749999,-2.188303322746214,2.0007986627664076,2.005044265387843,2.0530818336910692,2.155262717743599,1.586492698197728
0.07,0.010720347488230081,2.14124382211033,7.472983259167835,2.1753564762015882,2.1753262362478476,2.1750605521068187,2.1720586775625748,2.222378507828065,7.448730468749999,3.239515511451991,2.0014730732141683,2.008170432583396,2.060693388844631,2.1117328846051486,1.7233809949912373
0.08,0.010900767290881862,2.159186846037067,7.479332713949295,2.271019774177861,2.271051249862861,2.2713276601002246,2.2744348495138,2.2311185107087876,7.5146484375,4.108684773530854,2.002973607303929,2.0169652732669867,2.1291847201795346,2.394327149480787,2.9485053888611015
0.09,0.011075319407192209,2.1764055340659616,7.487273595036685,2.2233457331489133,2.2233152194525,2.2230477563891164,2.220101790201473,2.243038575019794,7.470703125,-4.544931600786328,2.0041020749149205,2.0224995761469025,2.131724894408245,2.1893156417298956,1.3058235895448707
0.1,0.011243342230630829,2.1928524311478816,7.497085844224045,2.217987565151465,2.2179486038159886,2.2176081524850995,2.2139819798666833,2.256966589907874,7.492675781250001,4.79611493919246,2.0052227110549743,2.0291335541578,2.1515131487058268,2.187253111334901,1.9552253608245542
0.11,0.011404198902707675,2.208483115151547,7.509082995842858,2.2070019559851066,2.2069249835750253,2.2062550265534906,2.1994024345654286,2.271962599097604,7.492675781250001,-1.6339098880795218,2.005866080778835,2.0346685260622652,2.161725120654323,2.1402078078332023,1.963405711697152
0.12,0.011557279726863705,2.223256158515391,7.52359313843266,2.2123869898614097,2.2123529509612343,2.2120607251668365,2.2094849991005434,2.287207131256977,7.5146484375,3.0091628567242346,2.005975524688114,2.0402328474922555,2.1849604514281706,2.1999800357996495,2.374362689045973
0.13,0.01170200447940948,2.2371330898243653,7.5409397492873165,2.208920583342029,2.2088602574234493,2.208345951947714,2.2040689076747,2.3020269545210206,7.5146484375,-0.6272202457219088,2.0051072730312387,2.043590226508734,2.195680436344466,2.173909604766845,2.115469579038955
0.14,0.01183782460875247,2.2500783561015067,7.5614271435047495,2.2249150599360923,2.2250778629024945,2.2264748307639204,2.2393201374582823,2.3160251818470114,7.55859375,3.7565759333911055,2.003613422284759,2.047744833988674,2.236272281568438,2.332874120935053,2.6778836377624806
0.15,0.011964225314577342,2.2620592864365863,7.585331389793057,2.227353241879259,2.227550577748792,2.2292168186634296,2.242752157847226,2.3287492298373325,7.55859375,-2.5083914823129096,2.001162805670337,2.0490406904533667,2.2548591588835256,2.298082831886271,2.087806835351228
0.16,0.012080727499098427,2.2730460574355136,7.6128951184287175,2.2237363804553336,2.2238141427170057,2.2244500256609427,2.2284206443330095,2.3394744719311387,7.55859375,2.5257527756570597,1.9979855757886742,2.047120741351434,2.2568491365200387,2.2060577598106046,1.7252807549623064
0.17,0.012186889582988568,2.2830116608606503,7.644324414205985,2.2311463031363568,2.2315118657371076,2.2344610078852853,2.2524613584602613,2.348372190146687,7.6025390625,3.821295970371597,1.9950624355138793,2.045585432428631,2.2845326495314824,2.3142445160533147,2.5195557460010685
0.18,0.012282309179101414,2.2919318737403347,7.67978667942366,2.2424294813026715,2.243386672132985,2.2508788388684002,2.2907439827722995,2.356625810724841,7.646484374999999,1.8487375679872922,1.9932425997394176,2.0451216137477037,2.3257443778230837,2.436876696000637,2.7188458473975654
0.19,0.012366624617643202,2.2997852311525264,7.719408973828323,2.2540700650006382,2.255826016644651,2.269005397543059,2.3277036017658785,2.3655020736169625,7.690429687500001,2.160108460812215,1.9934687108116937,2.0463951185870237,2.3707733480329365,2.5125284805394923,2.5813940257425103
0.2,0.012439516317013182,2.306553001829789,7.763276661786792,2.264511262123491,2.2671870370805056,2.2862186968593843,2.3552342925491554,2.375639227171103,7.734375000000001,2.2934993789777516,1.9965747476382605,2.0499384407552603,2.4122412327344662,2.527950854212706,2.328810285876467
0.21,0.012500707995116773,2.3122191666882213,7.811432321465724,2.2696707614280607,2.2728303183772565,2.2937177333507788,2.3493332380713636,2.3865770902562047,7.75634765625,0.7175837061669259,2.002775343146373,2.054272356105977,2.427101456107892,2.397151969779539,1.721590076897521
0.22,0.012549967716560188,2.316770400349297,7.863874909104624,2.274673571196465,2.2784706871675082,2.3015339754314517,2.3454855219709727,2.3971416306149824,7.80029296875,3.2291739310629572,2.0121078435707065,2.0610560758527283,2.4367638660238224,2.318599599776743,2.0641341633388794
0.23,0.012587108771757333,2.3201960556988173,7.920559180789929,2.279071652273582,2.283581820967694,2.308413308330919,2.340369593061703,2.406053954988189,7.84423828125,1.9685470813896047,2.0236262702883874,2.0701058756605266,2.437765268847074,2.2577539528931836,2.330337275095443
0.24,0.012611990384616916,2.3224881515097127,7.98139537531752,2.280363710538193,2.2848811586633313,2.306442870736433,2.3113470459938816,2.4121535713043807,7.8662109375,0.7097714973671025,2.0352287658471093,2.0791112653661634,2.410463351679925,2.1071473411501183,2.055937922217583
0.25,0.012624518246127394,2.323641363143638,8.04624916090645,2.28814374469223,2.295237423154989,2.327215983242059,2.3586050827424385,2.415462917717349,7.976074218750001,4.950397036958642,2.0451517840325724,2.094044786233042,2.4329294559511476,2.381343474191206,3.2218164730377143
0.26,0.012624644871817303,2.3236530163389193,8.114941847247556,2.293444560445288,2.302459215183116,2.3387168067623394,2.370218230184253,2.4166818983240685,8.02001953125,-3.4783979342418316,2.0496133103635445,2.1088755251049993,2.430213276797071,2.4021183005438336,2.5392854278680703
0.27,0.012612369781736096,2.3225230840881768,8.187250862989313,2.3002916439971797,2.312537202036905,2.3570606557736693,2.401474661586388,2.416339524779776,8.10791015625,4.640518916737449,2.045761685854409,2.125167638224848,2.442377028184256,2.524034307923184,2.586022887042661
0.28,0.012587739502273307,2.320254186606783,8.262910497357682,2.3061670356286754,2.3214876477214377,2.3704483862330834,2.41339692209257,2.414795129903994,8.173828125,2.14186241352084,2.0307460585585995,2.1394001943358854,2.4423294619674842,2.5297019108147154,2.1602779407191153
0.29,0.012550847389809144,2.31685159439217,8.341612903198083,2.30979097534724,2.3267239419892625,2.3717864522701437,2.3895424904332945,2.4118620045307373,8.2177734375,-0.6621894362229679,2.0030776604509053,2.1477788532456485,2.412579180484641,2.382483697953875,1.4930557090591299
0.3,0.012501833276864912,2.3123232343728506,8.423009357326858,2.3168354187037736,2.3390844479657673,2.392970749195557,2.4319361590434183,2.407854279449302,8.349609375,4.958012521731667,1.9648541293111248,2.1551221636671287,2.432766485421766,2.572988717638488,2.9809402423655564
0.31,0.012440882942094493,2.306679699143891,8.506711772695224,2.321196410853818,2.346077756422268,2.3960392988904258,2.41482441733323,2.403015597035483,8.3935546875,-4.099881147651333,1.919808845960265,2.153783693866344,2.411403063084268,2.425455725367223,2.1162500507028805
0.32,0.012368227406125771,2.2999342592813985,8.592294455509814,2.3257957095636113,2.353818990527785,2.400744245193764,2.4090829796908277,2.3971176974986466,8.4814453125,4.211976083406382,1.8769923762957041,2.146097162304089,2.3965075349055955,2.3798431974644116,2.340991881572359
0.33,0.012284142055920962,2.292102878721255,8.679296099129074,2.331441522737959,2.3642569847237724,2.4124538398539057,2.428526586668461,2.390425277623015,8.59130859375,2.850141206781109,1.8493120044820688,2.1341017574950696,2.403253832688529,2.457122291559182,2.792099846040721
0.34,0.012188945600974823,2.2832042331756726,8.767222005273025,2.335776765557682,2.371209949968851,2.4130441938054994,2.413937495546219,2.3829636321984213,8.6572265625,-2.2491689462076057,1.8508421969551034,2.1158118237533197,2.3868425138938316,2.353289423913604,2.169386033368157
0.35000000000000003,0.012082998865307056,2.2732597315437673,8.855546521854007,2.340019000092593,2.377769921384272,2.4129641159391624,2.40340569230666,2.374485442957429,8.7451171875,3.5143158489678332,1.8938260637409237,2.0949798377958313,2.3728594032243144,2.3121399362830624,2.2250589239375596
0.36,0.011966703419827612,2.262293540247802,8.94371568556673,2.344139571548099,2.383733983940983,2.4120183473230012,2.3955267365820454,2.365119270716581,8.8330078125,2.094258012001206,1.9823479839027403,2.074901441459307,2.361116180001806,2.302664215598841,2.3486153981536257
0.37,0.011840500060258715,2.2503326103932646,9.031150056275653,2.3489827422374234,2.3915236320641426,2.417250562651984,2.410579202033385,2.3554470719340044,8.94287109375,3.1340224980321705,2.1092917602129875,2.0610904010352544,2.3702302295275115,2.408098635659728,2.737258134829779
0.38,0.011704867136382654,2.2374067076065924,9.117247729214222,2.3535116281492217,2.397797712035994,2.418772812442723,2.4134824109716644,2.3459625176574272,9.03076171875,0.6823598147891733,2.256243314831471,2.055528166092349,2.3752202999962453,2.4276187417786192,2.468471754092712
0.39,0.011560318738948128,2.223548444346974,9.201387510071235,2.356970053680363,2.4001691337316755,2.4106858315629083,2.38867670350262,2.336481045807946,9.096679687500002,1.5286326020340253,2.3972533606546937,2.059259002979419,2.3596906786997294,2.3244894149972812,1.8691999164090172
0.4,0.011407402751107224,2.208793314415584,9.282932237191078,2.360399015890629,2.4021405271805105,2.404095944725029,2.3751665906344788,2.326717945428862,9.1845703125,3.391341617231716,2.502670813017287,2.075500121726262,2.3506686221143447,2.3123992322153635,2.2024402750346996
0.41000000000000003,0.01124669877176874,2.193179729294184,9.361232234362081,2.363822045226462,2.4038068470683616,2.3991747624355853,2.37095497229575,2.3167728690104386,9.2724609375,2.1661758642311497,2.540634661724577,2.104188326007065,2.3483987964002924,2.3416448294281422,2.4842393366055378
0.42,0.011078815918739002,2.176749055831975,9.435628877015724,2.3672659855356732,2.4052850503142817,2.3960577469255036,2.3739831622838783,2.3068504747873075,9.3603515625,2.4081948799317696,2.4775272829869386,2.1434066824620515,2.353001690386708,2.3882167669945447,2.59154292067397
0.43,0.010904390519976888,2.159545654661474,9.505458254111483,2.3699715604859697,2.4041737053040477,2.387775219401786,2.361171362410702,2.296794127982016,9.42626953125,1.3161208889763447,2.2752637652916814,2.187830730056517,2.345989465147837,2.3443176688601084,2.235331561107413
0.44,0.01072408370171398,2.141616918557343,9.57005490754026,2.372121826062727,2.40137910789732,2.377478634404977,2.3449878554958863,2.286029494012411,9.4921875,2.6550963760075623,1.8802449834137054,2.2323035421023425,2.3342344255303704,2.2978999820083152,2.1270784573114283
0.45,0.010538578882581588,2.1230133097525234,9.628755630543562,2.373878449102671,2.3976753092506065,2.3675359955836868,2.333060008751937,2.2738951187648797,9.55810546875,2.471796449822894,1.1532000871245174,2.2709678066846655,2.323147319171927,2.2808198191834563,2.2494246727566254
0.46,0.010348579183242659,2.1037883949898233,9.680903306416733,2.374592147146606,2.3911787941543614,2.3524723662888913,2.3076679233615423,2.2596942501307793,9.60205078125,1.2416150379439792,-1.066982259647434,2.2963585700547005,2.2981950855752094,2.2007702907935385,2.0603454122133
0.47000000000000003,0.010154804761346935,2.083998876810449,9.72585076866265,2.3745385097227385,2.3831813123595254,2.336508860856392,2.284266725215615,2.2430711197284907,9.64599609375,2.6900179330088645,-1.8397723873299923,2.303182200945081,2.2695401599613465,2.154369510808625,2.1605488467994762
0.48,0.009957990081910598,2.0637046192605144,9.762964664359636,2.375570259072253,2.3798327682679687,2.337152621672113,2.3151541296616123,2.2246950686335683,9.73388671875,3.8730234916006276,-2.188200306525854,2.2907208788583824,2.28344990245567,2.368001181236894,2.9755241802010866
0.49,0.00975888113346662,2.0429686658298483,9.791629321908438,2.374395501151527,2.3702800445248493,2.320988463242968,2.2869110373226347,2.205262450918051,9.73388671875,-3.7141451143260316,-2.166712823397751,2.250959762718847,2.254899297849244,2.235951622813155,1.8447539329568454
0.5,0.009558232600537408,2.0218572470233993,9.811251375588402,2.373965333522568,2.364607617761192,2.318855424130153,2.3047298609950753,2.1853350942912053,9.7998046875,4.815310468357913,-1.5933453550361611,2.1889617155289267,2.2625443063153097,2.3630965300292828,2.5381070170576834
0.51,0.009356805003146932,2.000439774505342,9.821300455640664,2.371867360823798,2.354848848270377,2.3058510648074635,2.2835489620703036,2.1653482622521802,9.7998046875,-3.1995252863352146,1.409367375563346,2.1040396142254743,2.243144230213124,2.2635444720348405,1.8364214662874416
0.52,0.009155361814214535,1.9787888182537519,9.822120275491256,2.369383824180062,2.345537576120151,2.2961867635897315,2.274290638573172,2.1450800450024117,9.82177734375,3.565089231334629,2.961461466831183,2.0054531269418385,2.232408489082924,2.2501289234977873,2.1294954955728143
0.53,0.00895466656575632,1.9569800626278098,9.815923882186173,2.364319160781285,2.3297373303240154,2.2693621726908315,2.2126478563416754,2.123874812042666,9.77783203125,-2.8019435445049887,4.1393290936430756,1.9002529521727742,2.176612369127318,1.982859484221893,1.0712808441190618
0.54,0.008755479954862576,1.9350922366936234,9.803502259978426,2.3598288906842857,2.318133926156407,2.258197770496308,2.207768379933861,2.101342168724619,9.7998046875,4.66433327510717,5.080720988411644,1.8112943611018257,2.1592208688405683,2.0747852188161438,2.4942448045112795
0.55,0.008558556960420412,1.9132070135995292,9.784563146697828,2.354416775760264,2.305571979152665,2.2452267764896336,2.191452791971497,2.0781050703001314,9.77783203125,-2.425775360571552,5.753491505270341,1.7566986766432189,2.1343632085105084,2.0628594936951425,2.3434487242918025
0.56,0.008364643981510198,1.8914088732661072,9.758686140042164,2.35017030508645,2.298828925850315,2.245978188340474,2.2188107603899776,2.05550492052421,9.7998046875,4.030931352162929,6.092870369671414,1.7607603097297693,2.151071995391368,2.268332181841612,2.8416024586158475
0.5700000000000001,0.008174476008322072,1.869784922198643,9.72546656828264,2.3438393274505986,2.287141296779565,2.2287098641585272,2.1759517908479933,2.0343354071089146,9.73388671875,-3.670699909417787,6.008962522471952,1.8264388509176568,2.1187421682456185,2.0902148390769497,1.4098166922184192
0.58,0.007988773836315728,1.8484246638898556,9.684531713454609,2.337827897854199,2.2770176710873358,2.21289367245254,2.151156700577363,2.014709084131724,9.7119140625,4.2941177134241935,5.3594734752260305,1.953671265935243,2.100372085089669,2.0772049457250668,1.89728772310066
0.59,0.0078082413341825675,1.827419713118835,9.635544800228638,2.331626135829986,2.265529387419531,2.1915160293458946,2.121239078630002,1.9969589948394282,9.66796875,-0.6836911220359919,3.7936500811355036,2.1241000330966378,2.0774884623842094,2.0362072239704814,1.9806472803160995
0.6,0.007633562775965601,1.806863447539461,9.57820789797797,2.325415521980396,2.2526416921241617,2.1683227214149423,2.1006692568742023,1.9813578119315105,9.6240234375,2.426110717491757,-2.5043130100310647,2.3145429154520327,2.0587210581028312,2.032127862759928,2.1654264255761917
0.61,0.007465400247449078,1.7868505903676313,9.512264590369757,2.3191696173430185,2.238395859277935,2.147632351934711,2.0945506902137927,1.9680016909557574,9.580078125,2.383815194602496,-5.576810873177797,2.500734641298494,2.050199534786758,2.075316503876132,2.3178721365798163
0.62,0.007304391136648509,1.7674767188052858,9.437502454231627,2.3114542312669677,2.2176261100743018,2.1145185419203925,2.0548767174518936,1.9561228689291983,9.4921875,-1.9559451547665074,-7.531678221807583,2.6572222642984142,2.013169022178276,1.9324104828931725,1.559849494734567
0.63,0.007151145717912869,1.7488376941619839,9.353755337053256,2.302344103790589,2.1914467654279752,2.078726830838867,2.0107308237519317,1.9442957782715828,9.404296875,2.712245514173274,-8.912134377825268,2.7637275001877852,1.9651162086304121,1.8049100833777352,1.4565574517534081
0.64,0.007006244838795986,1.7310290115214646,9.260905420379155,2.2924654115856398,2.164841117209724,2.056012900875638,2.0026090725897885,1.9315644721766214,9.33837890625,3.111245508091597,-9.78661011359714,2.8035978644139767,1.9421837735686511,1.8934653944374276,2.261261315607319
0.65,0.006870237718464584,1.7141450692971671,9.158885057078102,2.2802587118029325,2.133116648586132,2.0286095791584304,1.9731290841868627,1.9172468348585632,9.228515625,-2.261315719658182,-10.14386307597479,2.7585129134874657,1.9017862222848054,1.8362343441066278,1.876541141881278
0.66,0.006743639865987706,1.698278362134953,9.047678371378371,2.26632862105223,2.102860724952502,2.011344543709346,1.9703072443062501,1.900885099768318,9.140625,3.4117707770220647,-9.925386557549924,2.61541535631154,1.8835840281900622,1.928820409381922,2.207310776132474
0.67,0.006626931126397831,1.6835186043080521,8.92732261150903,2.249762067621307,2.0728761596554364,1.9957045323458058,1.9647736253058514,1.8823552515521058,9.03076171875,-0.5486332904656298,-9.007531816592085,2.3589051948371824,1.8684165549739042,1.9684499308650318,2.0278852042212914
0.68,0.0065205538619297395,1.6699517948964746,8.797909245780126,2.2288145210615227,2.0387864398549196,1.9680210037662864,1.9149953337762105,1.8613673166994271,8.876953125,-1.802248918796359,-7.1081378062910785,1.9663476388084018,1.8190168469561971,1.7873685664510497,0.8977830339592013
0.6900000000000001,0.006424911275330752,1.657659240462371,8.6595847939687,2.2062377748568944,2.0144458092616992,1.9615951196413008,1.9371764028168381,1.8386850754119795,8.7890625,4.528968886784961,-2.946266704443893,1.39632256211572,1.830149544644553,1.9928402984273828,2.4053814452455224
0.7000000000000001,0.0063403658815975724,1.646716555357291,8.512551386953339,2.17947521322118,1.9893764104366676,1.946734030498509,1.922243166076413,1.8160020591178523,8.63525390625,-3.388828340227965,6.322956460176091,0.21660166913967815,1.8207677893399579,1.9387404626980833,1.8179910006030808
0.71,0.006267238133932277,1.6371926638907257,8.357067048657886,2.1501155358624904,1.968983796458472,1.938027231300021,1.924489398755441,1.7951627900370597,8.50341796875,3.5191729300934935,9.504608260922561,-1.2392498719761385,1.8312354958164287,1.9730581287204452,2.0070765536409527
0.72,0.006205805209125521,1.6291488319677854,8.193445695525314,2.119013432386795,1.9535489094284422,1.9361679283933682,1.941891763806301,1.7782999424341528,8.37158203125,2.000776687577445,11.754009130445976,-1.5775531387655195,1.862857907727508,2.0466311225900897,2.189632760906355
0.73,0.006156299956970749,1.622637758071443,8.022056849945544,2.0849754691315168,1.9367622412590424,1.9236453452999773,1.9181980942072516,1.766472847012004,8.19580078125,-2.216278497856618,13.426585906438554,-1.597955699912597,1.8676322592334524,1.9040487962364103,1.3530868378787952
0.74,0.00611891001769142,1.617702754260033,7.843325065305495,2.049339500504341,1.9202502133253911,1.9068811833181347,1.8825722564337082,1.7592562409042347,8.02001953125,2.6086838129520884,14.635515665116468,-1.2425077525870276,1.8606498402308298,1.7436688533240359,1.1918161841285408
0.75,0.0060937771107265025,1.6143770468994187,7.657729061614753,2.0135053723268763,1.9050900801022956,1.8903949072518484,1.8521193318393583,1.7553973207224867,7.84423828125,2.084011245231341,15.418242636969895,0.772478967164175,1.8519092921801796,1.6492694339059961,1.639812387140814
0.76,0.006080996497569959,1.6126832240142863,7.465800571983331,1.9763815187998843,1.8858627435412079,1.8589769290646558,1.7799159668295703,1.752919121136646,7.62451171875,-2.2235679520781426,15.773452213593186,1.9354466256522334,1.800489370297542,1.3517331532756438,0.9439699694449576
0.77,0.006080616620700196,1.6126328514624244,7.268122901585667,1.9418248653795827,1.8708300822341617,1.8401537334834852,1.7603793549844369,1.7503325615217076,7.448730468749999,3.8902050149174494,15.672023304080291,2.762195486233169,1.7757196593508293,1.459890305968382,2.1453754775324527
0.78,0.0060926389199680905,1.6142262738394393,7.065329202132702,1.9094257867666264,1.8568097771802858,1.8234544955827847,1.7503521093926178,1.747321308130655,7.250976562500001,-1.596092099452169,15.059624535602826,3.432720619061518,1.7523214580602815,1.578502878801724,2.1863261141151593
0.79,0.0061170178271395086,1.6174526085201413,6.858100466284942,1.8798649448774643,1.8444195529191922,1.8109282511491565,1.7534490476869318,1.7441080930678046,7.05322265625,2.1337517769283183,13.857684491579027,3.951774188424276,1.736802443610723,1.727318328725967,2.0714750743471213
0.8,0.006153660938613009,1.6222899330898066,6.647163247866868,1.8523658615034568,1.8308392687269337,1.7939821005077665,1.7396703228340857,1.7412277452622573,6.83349609375,-0.5682947379172731,11.97316113313671,4.296916431518854,1.7077399198940995,1.7539705200906799,1.4642708942353804
0.81,0.006202429365658086,1.628705658245695,6.433287115177311,1.8284433417759025,1.8203244533741165,1.7860389224842952,1.7531181510030207,1.7397663163865433,6.6357421875,2.975631225497028,9.249114516391227,4.438076702053491,1.7013258739597772,1.888286408857623,1.8181667949208458
0.8200000000000001,0.006263138260846433,1.6366570706910377,6.21728184612166,1.8080160070013414,1.812734086356744,1.7853607851947315,1.7813843884205005,1.7412781058868445,6.43798828125,1.566285451189968,4.91366860072824,4.336775210860108,1.7151205131943035,2.0158007232939363,2.027538414218331
0.8300000000000001,0.006335557518680888,1.646092024160033,5.999994375308233,1.789772262001113,1.8044429603505723,1.780440768766662,1.7860864551123434,1.7465879371726207,6.21826171875,-1.1087394739795626,-6.049615636542112,3.938323259745544,1.7197152388221808,1.9845236208987402,1.5935028490912735
0.84,0.006419412647766471,1.6569497519243004,5.782305504640524,1.7736529789283584,1.7959385789306712,1.7733970304736544,1.7787410446297305,1.7552474197427088,5.99853515625,2.110023771941836,-9.687456891825818,3.137106337381367,1.7200425381014144,1.892089259727075,1.4098052706354038
0.85,0.006514385811217703,1.669161771180287,5.565126390286181,1.7584576385255681,1.7841187550501845,1.755880537151176,1.73739813535067,1.7657372038569454,5.7568359375,-1.1575643912779003,-12.06447851312657,1.4842077022988895,1.6933263712541788,1.647500678037034,0.8202127402736646
0.86,0.006620117031358745,1.682652848652813,5.349394820199113,1.7463356210670986,1.7768915255645354,1.751884710592799,1.7420085598014867,1.7764591896666837,5.55908203125,3.5636673769939566,-13.78269012057623,-2.568870777908723,1.7011797188512696,1.6717698192797745,2.07315981051802
0.87,0.006736205554150163,1.6973419974450095,5.136071297599306,1.7347506244981734,1.7662424792859,1.7369621630875172,1.7099317470840627,1.7858922132880743,5.3173828125,-2.8426291195491045,-15.011396057164525,-3.9308415840155297,1.6807429978674053,1.4908462309033423,1.5518244886719115
0.88,0.006862211368170759,1.7131434773520875,4.926134946963065,1.7257773299724224,1.7599623229421717,1.7347349799129768,1.7205824796674118,1.7928297831826667,5.11962890625,3.6675086629767266,-15.807262138108737,-4.795034243117501,1.6925106275041948,1.5930563587058335,2.145683709910947
0.89,0.006997656872396984,1.7299677741781085,4.720579260131602,1.7179306664347593,1.7532261864135537,1.729887500278308,1.718844017349512,1.7967831349901082,4.89990234375,-1.9100042340877166,-16.177493606225546,-5.275093462516888,1.6976960780283012,1.609539971426414,1.8172311056596393
0.9,0.00714202868645861,1.7477225376559535,4.520407701097508,1.7120334809590607,1.749279879933628,1.731976178046278,1.7359336618025372,1.7978207759003038,4.7021484375,2.7403680713125422,-16.09736877854766,-5.35701302664355,1.7203274510579238,1.7307565885062508,1.9283371140407572
0.91,0.007294779596509174,1.7663134619851575,4.3266291888666135,1.7066174194873143,1.7433546771237025,1.7266738489962004,1.7251545793243954,1.7967497325274828,4.482421875,-1.6743221738405327,-15.516675753997106,-4.973163416970639,1.7236774964522674,1.6996456689909973,1.315002727105586
0.92,0.007455330629335775,1.7856450974302973,4.140253478509475,1.7046570089113127,1.745802838616788,1.7440894178512032,1.7815303534664095,1.7957018517084513,4.32861328125,4.030118695665672,-14.363022747319844,-3.949950825161177,1.7825080657605863,1.9796579506291418,2.3874171914805684
0.93,0.007623073246846693,1.8056215855926947,3.9622864611064847,1.7032562924480392,1.7464183675448235,1.75239906982252,1.7965965303426124,1.7975347684150849,4.130859375,-3.124855938286728,-12.55501523084474,-1.3186325929001048,1.8177946349939422,1.9838828194029303,1.7348638164801171
0.9400000000000001,0.007797371652619062,1.8261473146871483,3.7937254037501935,1.7053000239540912,1.7549639518317046,1.779961665126694,1.8614203067844528,1.8048890361048382,3.9990234375,4.135444224278679,-9.974659563354413,3.957312886459951,1.8966471432550727,2.184112433541074,2.397342456369725
0.9500000000000001,0.00797756520176402,1.8471274943066252,3.6355541510969482,1.7077318172911526,1.7608827936473552,1.7948271638525284,1.873928020061101,1.8189678622460104,3.8232421874999996,-3.1086845096196796,-6.122542755661446,5.881947725349335,1.9419757758484415,2.098444266846965,1.5160099826887463
0.96,0.008162970904975262,1.868468651692464,3.4887383101592606,1.7079114878060413,1.7564833043862944,1.777861635124978,1.790296404290152,1.838189939310547,3.6035156249999996,-2.2642516988620165,4.907394717402399,7.2439698685990495,1.906262851641048,1.5968938418085388,-1.7717504133276945
0.97,0.008352886017269849,1.8900790534506342,3.3542204401046662,1.7112914101061205,1.7604314537805061,1.7851534505486009,1.7956826144917275,1.8608406712560526,3.49365234375,5.130522247539642,9.075321216548494,8.151607550958364,1.917305879700802,1.6593824302376863,2.1000252430266966
0.98,0.008546590701609114,1.9118690580100675,3.2329152687828095,1.7146633354981422,1.7620031957138143,1.7840242457329798,1.7769564871095618,1.8859683569760357,3.33984375,-3.5435485080263627,11.632284571731434,8.585417627568248,1.900572097353128,1.555086457685578,2.0462523976176072
0.99,0.008743350757303793,1.9337514049757192,3.125704957548954,1.7208320421975047,1.7704396470245078,1.8013198211654693,1.8193459362544906,1.91266391029578,3.251953125,4.126001603603217,13.461205483525848,8.484810506239246,1.9199623541493556,1.796107163362162,2.709263101542069
1.0,0.008942420402861792,1.9556414479678972,3.03343443569958,1.7253899329958988,1.7716617423922154,1.7958510620855084,1.787467224755357,1.9394695868140757,3.09814453125,-3.7470770919749077,14.77599858792592,7.7417630598328975,1.8799697189752178,1.619003523008088,1.1977185062103888
1.01,0.009143045102730805,1.977457337644504,2.9569068254962274,1.7313349119576251,1.776003281761567,1.7994492731992562,1.7917532332841164,1.964740102789446,3.01025390625,4.20343498610848,15.64963105047044,6.127008019944976,1.8554010464684763,1.7121412116290367,1.707009789890459
1.02,0.009344464427221533,1.9991201614540821,2.8968789783400766,1.7388732071224173,1.7840225747423781,1.8125929144127844,1.8258705035764131,1.9879378619647483,2.9443359375,1.8108218760332497,16.097605997362535,2.518238790679019,1.8517186395145322,1.9144760534705707,2.1955819064235977
1.03,0.009545914934771483,2.020554046336664,2.854057142060765,1.74589231009316,1.789131682696034,1.8159464276648893,1.8254664828320641,2.0089321940731346,2.8564453125000004,-2.0766229569175927,16.10036283777591,-5.530478467846295,1.8242926591804696,1.9033977265884063,1.5845784412184685
1.04,0.009746633065624729,2.041686230137627,2.829092611820698,1.7561711626634107,1.803417607995568,1.8441577053759062,1.8991713869786353,2.02843702535539,2.8564453125000004,4.502519992951655,15.611761961771416,-8.29458239284525,1.8617682812618361,2.204571222430596,2.6513119519665507
1.05,0.009945858035959624,2.0624471069770474,2.822406947219002,1.7671955740031615,1.818413194594881,1.8704677330843242,1.951329733498591,2.0474022542124724,2.83447265625,-2.624666669885974,14.563379529164065,-10.151529807101204,1.9013669959126587,2.300597770326732,2.307306956454484
1.06,0.010142834721494905,2.0827702512627377,2.8316842873751256,1.7768904580726532,1.827946556054934,1.8785114921394543,1.9401339540631692,2.0654730108286437,2.79052734375,-1.392184014786434,12.873314941294748,-11.310697090467295,1.9018045251435707,2.116661346932897,1.007326724341142
1.07,0.010336816519644349,2.1025924244786407,2.8553651819172,1.7879279920233102,1.8409208501077279,1.895211482516891,1.9581800436320158,2.082020201137998,2.8125,3.993912311497203,10.435966963847044,-11.768808987480158,1.9283185830449965,2.1181597311993166,1.9676872874959408
1.08,0.010527068179371608,2.1218535683426554,2.893809103447168,1.799190945346329,1.8537385107460382,1.9105314801801838,1.974701830652164,2.0970845192823986,2.83447265625,-1.3142460368733102,6.878003778942276,-11.448361583982047,1.9577522294213925,2.0943642959686413,2.1302512844402144
1.09,0.010712868588019111,2.1404967874234027,2.9473779639062148,1.810830512424769,1.867557263254865,1.928802810046788,2.0008313839498575,2.111260378753725,2.87841796875,2.5239692074310045,-3.8063592260491386,-10.192599076160235,1.9978359079128687,2.1019200318327242,2.2864519992419203
1.1,0.010893513504548188,2.1584683238425035,3.0163735684007245,1.8228942854392751,1.883571785172307,1.953307255373125,2.0399628711235454,2.1255194519190943,2.9443359375,2.3716220477781276,-8.567736497549955,-7.609217024795957,2.0517305104566748,2.1495406976326827,2.3876967544567904
1.11,0.011068318228830483,2.1757175262720314,3.1010345904282755,1.8346557270667074,1.899607229138819,1.9769062670877788,2.063949088652806,2.1406747313300865,3.01025390625,0.9832736207893389,-11.283014015793743,1.7856132143440788,2.09856440699757,2.122561394174974,2.0579616723070115
1.12,0.011236620196873328,2.19219681506722,3.2015340096560654,1.846805713894085,1.9170581199428653,2.002603798535183,2.0856650462938267,2.1571487528381947,3.09814453125,2.5895212161435293,-13.206971700405164,8.547610680605358,2.145183243991596,2.113598254199224,2.0133105890127583
1.1300000000000001,0.011397781492142255,2.207861645051251,3.3179768189214665,1.8588987051813048,1.9336751014058216,2.02277958383308,2.0872942294955554,2.175019657524059,3.18603515625,1.12423146898831,-14.596456652547865,11.969642940476614,2.175154746670993,2.039970866942161,1.774161966178195
1.1400000000000001,0.01155119126346207,2.2226704671897286,3.450398014401382,1.8734716398078461,1.9571511674720623,2.0591761764323424,2.1355968536468386,2.194340378638062,3.33984375,3.928892197917094,-15.538614914233358,14.296372198441047,2.237104513425282,2.2210652013205068,2.663114151746126
1.1500000000000001,0.011696268040331796,2.2365846901538435,3.598760882487744,1.8867439209954717,1.9738986788553583,2.071359863019318,2.1138964579739876,2.2143891218072906,3.427734375,-3.729888226300409,-16.055683977695583,15.72853896015158,2.243793214550265,2.0429590412520624,1.480192873979997
1.16,0.011832461936877797,2.2495686425695465,3.762955595850816,1.901400440854377,1.9929794974463337,2.0882106559971483,2.1166267431518233,2.2339010852935846,3.5815429687499996,4.292542274299461,-16.132107105108396,16.273814679312288,2.2564931556989474,2.0632405758716073,2.078520211989721
1.17,0.011959256736091392,2.261589536581302,3.9427981300467643,1.9167111978424278,2.0115083043380757,2.1018412524103227,2.1177848420298147,2.2522209859291267,3.7353515625,-0.825666313161044,-15.725043463214938,15.855804281487092,2.2580366453644687,2.077971193459621,2.195460566274729
1.18,0.012076171846451026,2.272617433219233,4.138029510827701,1.934020933736076,2.033610490222531,2.1240702975036214,2.1516713760074246,2.2693750264303336,3.93310546875,3.3155413131119613,-14.76898637081206,14.325820314014372,2.2761496478826233,2.243250218762631,2.680058317904926
1.19,0.01218276412351285,2.2826252099440074,4.348315401036116,1.9523939997243076,2.05590954128549,2.1454702066975235,2.1834325550678884,2.285770584351174,4.130859375,1.0512500193675,-13.183961506165161,11.348898950774787,2.2906054506069213,2.342936083570198,2.515536323373774
1.2,0.012278629549565278,2.291588530651122,4.573246034606458,1.9719998683317308,2.079033069531504,2.1683358774323223,2.2188826267528285,2.3015362635772467,4.3505859375,2.665180004140135,-10.87541640969139,5.336020168168123,2.3073426928775027,2.428571006416908,2.3925273542549155
1.21,0.012363404764981135,2.299485818342175,4.812336503750605,1.9909047645451559,2.0975346451885617,2.1788917894228055,2.2151411430481946,2.3161407920670354,4.548339843750001,-1.4888793372363234,-7.559138031438015,-9.240412179274937,2.2930606898440717,2.3216479598377355,1.5845666440705448
1.22,0.012436768445463051,2.3062982306124162,5.065027403868057,2.0105403156767077,2.116586383178325,2.192388044560445,2.225420254914321,2.3288887599887462,4.7900390625,3.5958455985258353,2.18237285123319,-14.101440733429689,2.2841805229114627,2.3070570912443147,2.0721882964278993
1.23,0.012498442519961994,2.3120096380587913,5.330685839094956,2.0310566486945456,2.1369702054868016,2.2107381420801167,2.252098587232642,2.339604373435838,5.0537109375,2.3838912971774544,8.010511006495571,-17.221886761745232,2.287331275860765,2.356944663943844,2.550758586326287
1.24,0.012548193224652575,2.3166066056786105,5.6086067896893,2.050569770501626,2.1536358096290615,2.21992207220643,2.2495602795934424,2.348224614237323,5.29541015625,-1.5050348654510632,10.901292518334726,-19.095179566175563,2.26928960129803,2.2571139225100167,2.1327048886046076
1.25,0.012585831988970272,2.3200783773039206,5.898014840646689,2.0705504098084426,2.1715813827292947,2.234511096105555,2.267228471214228,2.3551773277075285,5.5810546875,3.7080422782414164,12.921979476468072,-19.81966440750945,2.2668374429317946,2.285343846990934,2.478719835690194
1.26,0.012611216150352232,2.322416863098892,6.198066269058189,2.09216988987129,2.194334377854663,2.2634176212813872,2.326279188881883,2.3618621966574076,5.91064453125,3.2408481329523373,14.3837929962468,-19.36389469880456,2.3048454954277253,2.485750860934692,3.0266778994596577
1.27,0.01262424949497251,2.3236166301355645,6.507851485769021,2.1125283800437766,2.213434965133924,2.2814674112898197,2.3436701070699972,2.3693270838302274,6.1962890625,-2.692586854400896,15.389896562866609,-17.593408497512186,2.322330810843435,2.4478766714718803,2.23984634735234
1.28,0.01262488262242225,2.3236748960557345,6.826397824886982,2.1322196041497268,2.231153004860392,2.296169802103656,2.3503369025271517,2.377598676301296,6.50390625,3.308486611504133,15.969421125734074,-14.16367153826138,2.3367567462882204,2.3945822326769184,1.9530257220839202
1.29,0.01261311313295252,2.3225915258224368,7.152672672639049,2.1517564445690365,2.2492396618830255,2.3127117706421623,2.363976832114668,2.3862217981173908,6.83349609375,2.810598373621263,16.1111325999693,-7.559451516618666,2.360282894396148,2.3993192851785583,2.270547467265517
1.3,0.012588985636570092,2.320369031562238,7.485586925003096,2.169775883241344,2.2637325867987115,2.319891511409121,2.35079833121694,2.3940876084655964,7.14111328125,-1.162991810282372,15.775582465893596,10.29067597192012,2.3644066128586707,2.2873905821283715,1.9981998416727442
1.31,0.01255259158395173,2.3170125754984014,7.823998761471616,2.1870621962888173,2.277278750478623,2.326288047164137,2.3418738597527007,2.3997295371506735,7.470703125,3.222309243509149,14.899612867261379,16.40278964806154,2.3685604539903875,2.2420258249817846,2.2876292145825596
1.32,0.01250406891981781,2.3125299759738382,8.16671772026075,2.2034088634870415,2.289308585957634,2.330475386155108,2.332501898284834,2.40201405375679,7.80029296875,1.9886383074446812,13.403652158857756,,2.368441557704814,2.2175605558471805,2.4022925107713626
1.33,0.01244360156007917,2.306931716560715,8.512509058287696,2.2187124908374116,2.2995780809007718,2.3321132227992583,2.321865530140875,2.4005573042323403,8.1298828125,2.209350436850174,11.19840596293989,,2.362436770033149,2.206784113607011,2.381249347740702
1.34,0.012371418694738874,2.3002309582494904,8.860098377331077,2.2355042465883885,2.3159172473805314,2.3531677857402293,2.375342226099294,2.3964317964230024,8.525390625,4.3306252069683095,8.051384712212199,,2.4053853914814027,2.497521354843972,3.1986002136055607
1.35,0.01228779391919121,2.292443554703001,9.208176495990694,2.2507459782748276,2.328286158461803,2.3631451580365446,2.3877062665331854,2.3912773995582928,8.854980468750002,-3.3155186811054262,1.7173865957040668,,2.4228638687511808,2.5092698557490603,2.371825142225134
1.36,0.012193044197210467,2.283588070549738,9.5554045454037,2.2670927052248566,2.345177434426662,2.3868284428369155,2.4399729943800996,2.386549466356512,9.25048828125,4.702507351851959,-7.5329477867270365,,2.4745485017089948,2.694962206510386,2.795042067235568
1.37,0.012087528659560188,2.273685802673366,9.90041926518088,2.2808983653343295,2.354681956240842,2.389481914752878,2.4213526395723366,2.382811802816582,9.55810546875,-3.79931887603447,-10.578832901580567,,2.4751658748448384,2.516631737296408,1.3558404176936598
1.3800000000000001,0.011971647242776415,2.2627608044312804,10.241838474724137,2.294241647809501,2.3639389405386186,2.3935392460702056,2.4126345727338774,2.3796092123027934,9.90966796875,4.318863081154221,-12.67666280878662,,2.4765255645420186,2.4361409311121913,1.9376386121904527
1.3900000000000001,0.011845839173284502,2.250839912701943,10.578266693996687,2.3063921770940445,2.37061751433192,2.392345510256544,2.392529413590032,2.3764592653594088,10.2392578125,0.7086566719090093,-14.19147894313712,,2.461800547612769,2.31270293046443,2.1510107034150634
1.4000000000000001,0.011710581302595051,2.2379527776168713,10.908300886958775,2.317625688557586,2.375797666868771,2.3895403974710687,2.37452874484006,2.373046625314586,10.56884765625,2.6279009983559156,-15.240423003892387,,2.439200749283962,2.229169920082287,2.431900640214468
1.41,0.011566386299889124,2.2241318947763107,11.230536300267337,2.329025220484508,2.382999221268555,2.395055335164927,2.3881082474700266,2.3697570493180105,10.92041015625,3.417645521410469,-15.857701768422478,,2.4341115321910363,2.320858970952234,2.92709042855979
1.42,0.011413800708843442,2.2094126396752976,11.543572369476529,2.339892084674274,2.3897712920594354,2.4008345138347624,2.4019876350461957,2.367248704826706,11.25,1.1325663280635858,-16.034815351961733,,2.4286562528593114,2.386176223741703,2.751774230026991
1.43,0.011253402876060716,2.1938333039761657,11.846018664869641,2.349698848813467,2.394468055798311,2.402107779531046,2.401319840470212,2.365591894796118,11.5576171875,1.9406054020085766,-15.734055976140965,,2.4118199687631128,2.3788694568604205,2.260890113335619
1.44,0.011085800758957107,2.177435133151461,12.136500849198802,2.358868064952133,2.398613127682506,2.403584608095596,2.402864562265845,2.3641298015710994,11.865234375,2.9384516033810337,-14.892316048196822,,2.3959356804397602,2.399387143195287,2.20441398608191
1.45,0.010911629621415463,2.1602623648842094,12.413666619997432,2.3653817762840723,2.3959125745989653,2.387515731476891,2.3527800000666224,2.3613797251219792,12.10693359375,-2.4385983611798316,-13.427268236011532,,2.336044392472305,2.1815272664541254,1.1071431267290304
1.46,0.010731549625938662,2.1423622674468996,12.676191609746954,2.371666517500169,2.3947180452226453,2.379572373251546,2.339258179556105,2.3561218352308484,12.392578125,4.438399502593865,-11.245182109332767,,2.297187767609595,2.2181053246150224,2.3472886813652907
1.47,0.010546243331429483,2.1237851770823624,12.92278521800296,2.3773520983280885,2.3936991404615147,2.374861276154038,2.3399462762488232,2.34838833386506,12.65625,1.233825887509872,-8.111809606203119,,2.270199443496461,2.29940689397704,2.7277482225159986
1.48,0.010356413106081123,2.104584533175096,13.152196350591776,2.3829770793206,2.3945092868999374,2.3774419864108483,2.363253292127208,2.3390737135836948,12.919921875,2.9264980591114504,-1.859751419085533,,2.268551448865115,2.448472161560819,2.9277688818944485
1.49,0.010162778465184447,2.0848169097266753,13.36321904214611,2.388215711312495,2.3958840892557665,2.382514752220984,2.3887076165199153,2.329314622101377,13.16162109375,2.0451114316407324,7.550566335253529,,2.281692753784214,2.5495819762954843,2.7020100512459173
1.5,0.009966073343942415,2.0645420413302356,13.554697939525548,2.3920337714471667,2.3944488032598437,2.380001797232244,2.385147438520896,2.3195559393634237,13.359375,0.4862846894647231,10.640632411272435,,2.2831651098771983,2.490600430076233,1.9535578111554774
1.51,0.009767043315628537,2.043822841474247,13.725533625028488,2.3952304270641136,2.3929622455336,2.378509350097924,2.38413588410222,2.3094691149366584,13.55712890625,3.2638010830268627,12.780203782522632,,2.29427858997131,2.4567397530674566,2.0345430134909828
1.52,0.009566442765633511,2.0227254105937096,13.874687759710122,2.396900240615388,2.388505625373631,2.3695161146694526,2.3598201014070725,2.29805872994657,13.7109375,-0.607621839566289,14.3410208772051,,2.2914939227127307,2.3156550249885504,1.8113409852755655
1.53,0.00936503203211114,2.001319030828496,14.001188028539751,2.396342875288425,2.3791030111706326,2.348322572873429,2.302999462389033,2.2838987791480423,13.82080078125,1.2490242625705457,15.44339378237356,,2.2600805940559026,2.050485400223003,1.4410579697179906
1.54,0.00916357452406148,1.9796761439479698,14.10413287052409,2.397846014569628,2.3788173039954605,2.356284538252331,2.345980068227664,2.2667031104974273,14.0185546875,5.3837097472882895,16.124585170650192,,2.3064932236282525,2.343994567098341,3.3165550524926855
1.55,0.008962833827774533,1.9578723083661975,14.182695978258353,2.3961276336266786,2.3698165172974774,2.338814638334318,2.3027299396944145,2.246432289855848,14.0625,-5.183463115621779,16.37971625606112,,2.2897404160537422,2.1211090471738268,1.8863662747615895
1.56,0.008763570812601906,1.9359861306166875,14.236130552617318,2.3949024617608416,2.364754391547397,2.335058386910737,2.309365633430062,2.222972691704456,14.17236328125,5.349007194246258,16.176246542437728,,2.307485473652869,2.2325333892999937,2.5500957339194583
1.57,0.008566540747026582,1.9140991660998397,14.263773434256224,2.392440780760017,2.357606142046153,2.3259541313220486,2.2977302047842882,2.1970095743145515,14.21630859375,-2.635605913825945,15.457796570918164,,2.310687572635164,2.2223742149885712,2.1620903962169122
1.58,0.008372490435961645,1.8922957833887388,14.265614641756482,2.3897500958067663,2.3517124087343886,2.3215529060866307,2.301708554539296,2.169495541416708,14.26025390625,3.4674356702210387,14.149639167155593,,2.323430411070093,2.2979101052079667,2.3587929456365284
1.59,0.008182155390128591,1.8706629859177852,14.244797961380423,2.386070910840934,2.344400279816933,2.3134924804522936,2.2925157049591487,2.14154605691504,14.26025390625,1.4848898849994694,12.177114043690528,,2.323893277235125,2.2897546933475774,2.1163762729919897
1.6,0.007996257038244137,1.849290184532812,14.201830750374894,2.3815992901664504,2.336267949797119,2.303735532872509,2.2773946307060817,2.1142672939395277,14.238281250000002,2.263834292420993,9.405261746513897,,2.3141531266674407,2.252798410373225,2.0334608246177903
1.61,0.00781549999258213,1.8282689142108737,14.136391052232453,2.3765397109176822,2.327388897928669,2.291981053162829,2.2563599540418875,2.088791470828327,14.1943359375,2.187388191295472,5.108867747969827,,2.2941070261492085,2.2014331397677336,2.0556701607358807
1.62,0.007640569378275019,1.8076924883335423,14.04824036641589,2.3709013211326533,2.3176711815195046,2.27734053517545,2.2283881809540618,2.06600488619921,14.12841796875,2.1223946036690102,-5.910939852647059,,2.2643806415599217,2.1474225683315056,2.113366651204529
1.6300000000000001,0.007472128236477638,1.7876555842985633,13.93722731139341,2.365330982874024,2.3096533144639166,2.267092925755942,2.2213981282781563,2.047038820950603,14.0625,3.010757651195602,-9.597364597713723,,2.2455445444012936,2.204119906418986,2.5004957029654045
1.6400000000000001,0.007310815011236031,1.76825375506487,13.803289692365388,2.3595880739690944,2.302596638494662,2.2594190798062113,2.225558471840992,2.0326583421650626,13.974609375,1.8644644523487246,-11.979241966448757,,2.2323235005669937,2.2683173232552902,2.530545973793935
1.6500000000000001,0.007157241129587012,1.7495828625271201,13.646456239710318,2.3511447944857853,2.2879651872638735,2.228233986360449,2.1576042771477315,2.0218024849175666,13.798828125,-3.012739311710229,-13.690664882938073,,2.1617000151410712,1.9910725761321375,0.8246728735338338
1.6600000000000001,0.007011988684060478,1.73173843047843,13.46684800824571,2.340934116551421,2.2701269735641305,2.190039514361851,2.0867231453403288,2.0121204318151267,13.623046875,3.479468673763409,-14.90600912338767,,2.070909509479844,1.7623348230787996,0.9590702930504011
1.67,0.0068756082263686236,1.7148149173911953,13.264679427857402,2.3297869181397304,2.2525513415457987,2.157884856581397,2.0495080530829526,2.0018676421968076,13.447265625,2.799305860586786,-15.682826946813487,,1.9900892555318956,1.7547727145734044,2.1077555080321266
1.68,0.006748616680644609,1.6989049123354047,13.040258996709758,2.3176439615620725,2.235156316999537,2.1315701188741265,2.0344912144886047,1.9903145138277538,13.24951171875,1.6070392442179702,-16.027638524238625,,1.9214761741300874,1.8477151777209633,2.4889933420654407
1.69,0.0066314953841401314,1.684098261018969,12.79398960894235,2.3044722604743355,2.217839375601516,2.110152113030582,2.0320926751716404,1.9773641686766348,13.02978515625,2.048473300187108,-15.914287585329078,,1.8672373724775422,1.9658296059137959,2.447716104798827
1.7,0.006524688262808335,1.670481133066169,12.52636850950935,2.289399750409656,2.197687028907962,2.0841622709252374,2.010571333505462,1.9631180943632092,12.76611328125,-0.7148292566817034,-15.29016043586041,,1.8050482766324027,1.9552595004212852,1.7953944207553785
1.71,0.006428600148687054,1.658135046063148,12.237986869649072,2.274312577793497,2.1809288504888276,2.0721142641782775,2.0292133813222306,1.948159997420249,12.5244140625,3.693164056220524,-14.078875219734309,,1.7919427039231028,2.131498816122451,2.2814638977234187
1.72,0.00634359524546016,1.6471358663298301,11.92952897740613,2.2573225048860457,2.160823217006594,2.0520459806842473,2.0126905002865367,1.9331469444925167,12.216796875,-2.7248043956692833,-12.193211535528864,,1.7678450359804603,2.078177838362093,1.550910857120777
1.73,0.006269995748012889,1.6375528104918353,11.601771038687879,2.2404092465852066,2.1436425185483907,2.0425686784466017,2.0255796472756105,1.918460541461773,11.93115234375,3.760201198011722,-9.490209001795982,,1.7881900388641505,2.159176993914246,2.1234014029925983
1.74,0.006208080621213538,1.6294474753414732,11.255579585538452,2.221625675205594,2.1225056000807188,2.02213493671418,1.9953156998605786,1.9039717162149004,11.57958984375,-2.7234882376786147,-5.285406199896223,,1.7890910824642843,2.003463249109627,1.3904470774113944
1.75,0.006158084542550305,1.6228729257972585,10.891909489671953,2.202993497248774,2.103741143563256,2.0098986715216243,1.9908028706830008,1.8889830701267603,11.25,3.6777635054778663,5.789018288414157,,1.8235847619368488,1.9962486062765945,2.0477987094462327
1.76,0.006120197012630985,1.6178728716329058,10.511801580830456,2.1824947489805893,2.0803365699056644,1.9842881815058449,1.940714397756493,1.8724200535683533,10.8544921875,-2.7926395840336236,9.565708352457953,,1.8275537604681358,1.754427568814742,1.2839802936932123
1.77,0.00609456163691704,1.6144809627705305,10.116379871226648,2.1612083066341,2.0557623735744417,1.956765540595319,1.890914663756051,1.853348796331654,10.458984375,2.939500822433449,12.00110857858633,,1.8294412744046429,1.575754067408398,1.4949239408504378
1.78,0.006081275581414459,1.6127202301752377,9.706848389192672,2.141903858538458,2.03854023401971,1.9522690318735862,1.9189598725102062,1.8327103827798996,10.107421875,3.8748753539747223,13.761141413085804,,1.8926288908241715,1.843439158816478,2.746623910371089
1.79,0.006080389204384534,1.6126026947798406,9.284487627177699,2.122122985280001,2.0198150803526387,1.941598386198335,1.9176346080039872,1.8124577897316363,9.68994140625,-3.224742814562688,15.026986932089406,,1.9363576892211685,1.8681426843465059,2.15002284298997
1.8,0.0060919058654704695,1.6141291606310688,8.850650611401274,2.1035189498624605,2.0047907834915972,1.9404191941206468,1.9402357362458165,1.7943774923844085,9.29443359375,3.5903548086038226,15.860391792776298,,1.9970370572381233,2.008615316259138,2.1830218975517397
1.81,0.006115781912963294,1.6172892009865472,8.4067586027558,2.0836242856842984,1.984962861743246,1.922505935772329,1.9032446973326909,1.7794589615518195,8.8330078125,-2.9913935732627492,16.27159813536378,,2.0076380965677116,1.8428798779619386,0.5149163044370568
1.82,0.006151926849255344,1.6220613379533304,7.954296440931039,2.0650522179721182,1.9691849840924014,1.9156557352796026,1.9029456100079294,1.7679630799508717,8.41552734375,4.0308730703888385,16.238501543825812,,2.0323877041843486,1.9070074702762045,1.7844727639602156
1.83,0.006200203673854192,1.6284134080740786,7.494807546172348,2.045176749055317,1.948394131354999,1.8920838351220903,1.848706179552973,1.7595159169097394,7.932128906250001,-3.2503883780750114,15.713378231260274,,2.0038667304093147,1.6859172961259536,0.8659575238013003
1.84,0.006260429402656915,1.6363030986720146,7.029888595543432,2.025540962615905,1.9281604752326782,1.8701683554361046,1.8078968797247472,1.753332104758016,7.470703125,3.3611154399643683,14.627311835630568,,1.963123809434388,1.5961254821957511,1.6069719996699836
1.85,0.006332375761516454,1.6456786333248177,6.561183893000613,2.0073746874391496,1.9125566837545689,1.861418859546846,1.8140968963654645,1.749509698580702,7.03125,2.783012061913386,12.901327035381023,,1.9387481646861684,1.7521732860711834,2.4383203165931793
1.86,0.006415770051471265,1.656479579978382,6.09037945495383,1.9887585748210148,1.8947379374540851,1.8442839931795587,1.7912072933204948,1.7481656823348037,6.5478515625,-2.605455674608189,10.433119168752935,,1.8813707492501845,1.7044853642732116,1.8471683096395521
1.87,0.00651029618235877,1.668637752183153,5.61919683524273,1.9708965007133337,1.8790161535296819,1.8323002142556128,1.786711276354692,1.749012556930906,6.08642578125,3.1813024778875363,6.84188139248665,,1.8252911772528642,1.76186841681235,1.8758133558415804
1.8800000000000001,0.0066155958708948555,1.682078172795838,5.149386715548304,1.9527960658308117,1.8618867026904833,1.814745512074733,1.7637281761903496,1.7515296329396846,5.60302734375,-1.4980006684988627,-3.8998264119414627,,1.7468147837795622,1.7094220509070985,1.374131861786758
1.8900000000000001,0.00673126999867841,1.6967200701169896,4.6827222891469065,1.9355036035445687,1.8470721339357843,1.803091639429731,1.7611435940614788,1.755029073670141,5.1416015625,2.814405532379569,-8.617071872624352,,1.6788184473266745,1.763790678772415,1.752914364207404
1.9000000000000001,0.00685688012497352,1.712477878567771,4.220992467553703,1.917866250104332,1.8304841075939657,1.7849052516549118,1.7364015678465432,1.7587517816342093,4.658203125,-1.6491810726650347,-11.324892421844101,,1.5929290548974,1.6874825574014074,1.392054097219947
1.9100000000000001,0.006991950148535561,1.7292622192923428,3.7659949409606837,1.9008256766505407,1.815522621247178,1.7709016001242959,1.7268681938384758,1.7621311865398666,4.19677734375,2.7402707177921584,-13.246767726565004,,1.5228522338869732,1.6989903127259203,1.7489204640878895
1.92,0.007135968112182195,1.7469808401108529,3.3195291244213703,1.8851192703629385,1.8044932449724753,1.7671530038534204,1.7473087802947955,1.7653645001502387,3.75732421875,2.33915145579862,-14.637045503100234,,1.4944120514166053,1.8253086021764333,2.198922071388346
1.93,0.007288388143269524,1.7655394986551707,2.8833890224486645,1.8692693819654778,1.7919974461269332,1.7568740725077039,1.7399038053817617,1.7687657547026905,3.2958984375,-1.9952555330611423,-15.582525036569587,,1.463905073028208,1.7753395943994543,1.6377555018930139
1.94,0.0074486325227182985,1.784842776952763,2.4593560450612184,1.855019810107555,1.7839850794514283,1.7579327736874775,1.7639745038867727,1.7727157674007732,2.87841796875,3.3835939977110323,-16.10531484234004,,1.486827909286403,1.8748016347265832,2.024678261478877
1.95,0.00761609387474798,1.8047948199090584,2.0491918083337275,1.8406788069123037,1.774288812695697,1.7512967452483466,1.7558616916949936,1.777510014283091,2.43896484375,-2.2936333673545444,-16.190310490946878,,1.5067296280174376,1.7917144261920912,1.4089394404692568
1.96,0.007790137469018904,1.8252999938787775,1.654630952183877,1.8278669438197137,1.768401488771163,1.7536357658571873,1.7721112020436975,1.78323993269678,2.04345703125,3.2524411311711723,-15.795357554342251,,1.568844061781828,1.8397426354883333,1.878755927489588
1.97,0.00797010362645665,1.8462634646924794,1.2773740074791295,1.8157816913525378,1.7631855456574452,1.7549022463231378,1.778060900614418,1.7898400431423804,1.64794921875,-1.0661206501232074,-14.856205730196882,,1.639314825973108,1.818512613184673,1.7702573692071673
1.98,0.008155310219639835,1.8675916970645732,0.9190803435952722,1.8036641850713562,1.7560514439004309,1.7481153000404321,1.7558812478807044,1.796604574826587,1.2524414062500002,0.4536565641740501,-13.294989102246989,,1.694115158630731,1.676007112014471,1.2700868083217207
1.99,0.008345055258274139,1.8891928792563701,0.5813612263392443,1.7918782060098997,1.748386638810698,1.7384738415890961,1.7275588465146556,1.8029474113595088,0.87890625,2.2203042069624863,-11.02310880244332,,1.7419708660247726,1.5499609624685515,1.336270507309366
2.0,0.008538619549952687,1.9109772782451397,0.26577301470250825,1.7828305270094433,1.747991378461157,1.7484032128606535,1.7621258364650534,1.8096761417797147,0.5712890625,3.471468221331475,-7.7845614350695715,,1.833407599045109,1.767691051365827,2.4421140304352322
2.0100000000000002,0.008735269426117843,1.932857531525628,-0.02618947671460426,1.7741227768281862,1.7462784918996859,1.7512432723966684,1.7669727583100134,1.8184412272594492,0.24169921875000003,-2.7982990084315986,1.0530373600696625,,1.8988739703428066,1.7727884592490613,1.9295068218358042
2.02,0.008934259522892011,1.9547488821247414,-0.29309942452049026,1.768027592972085,1.7506264903598734,1.768590437479013,1.812011330819918,1.8311237011613808,-0.02197265625,3.7404698788438955,7.76589242924511,,1.9851742342599752,1.9645474816091388,2.2922584855681256
2.0300000000000002,0.009134835606237407,1.9765693635272625,-0.5336042293307668,1.7641724491481685,1.7590848315900414,1.7929199654809775,1.8658327239643728,1.8492655982075903,-0.263671875,1.0083737299134228,10.711440666473072,,2.0721549820731284,2.1239104775874016,2.250897538481776
2.04,0.009336237430736383,1.9982399410705545,-0.7464315131294583,1.7588674064115306,1.759570289096557,1.790280919261364,1.829258770213711,1.872087569597027,-0.54931640625,-3.29037223218098,12.750170150922582,,2.083920611307758,1.8605758406881483,-1.0120755115982647
2.05,0.009537701621156835,2.0196846160415323,-0.9303948615794077,1.755600882750462,1.7640071650595035,1.7974007505857892,1.8284233107936023,1.8972621181832756,-0.7470703125,4.400849963328798,14.216009137811577,,2.0974561445171145,1.8383932223953274,1.498610676457987
2.06,0.009738464565880532,2.0408304982612098,-1.0843992933829654,1.7506039031132858,1.7602526561859357,1.779891765244019,1.7556332184949084,1.9220161979458261,-0.98876953125,-3.7375126395091693,15.217342753835545,,2.03734278953712,1.4519924610216297,-0.6648538290511855
2.07,0.009937765311227382,2.0616078524215156,-1.2074464403709295,1.7484494028764286,1.763609527374917,1.7835930082700484,1.76387718250602,1.9445649332701045,-1.12060546875,4.765712279724492,15.784798010039362,,2.0023431593792695,1.6030502061294902,2.3992940339924136
2.08,0.01013484844570539,2.0819501228854054,-1.2986394233960379,1.7484414354749664,1.7712033225285866,1.7979430060591823,1.8047860889537641,1.9651823851728476,-1.23046875,-1.0592989137483095,15.906886291776907,,1.9757298123950116,1.8352591764422517,2.753898990498355
2.09,0.010328966963253892,2.101793941104382,-1.3571874102953856,1.7510334828189604,1.7840299527840635,1.824220627297542,1.8731327767145864,1.9848305611562338,-1.29638671875,2.5374025594994194,15.542706555333755,,1.9673489981396717,2.1003452699314065,2.7171263049972936
2.1,0.010519385094627721,2.1210791192689045,-1.3824107806972268,1.75322957492948,1.7923481128717311,1.8342103034675126,1.8800201399309098,2.0038087294398688,-1.38427734375,-2.684912714173236,14.626096748295362,,1.9163697538686033,2.03657873507166,1.2229043303235092
2.11,0.01070538109619025,2.1397486333009867,-1.375201333154888,1.7580369116822792,1.8060370351901243,1.8572893875961856,1.923876825796921,2.0219269087356375,-1.38427734375,4.180564849128899,13.072185792407712,,1.8956455410745388,2.1591583028159667,1.8739699774833938
2.12,0.010886249985545155,2.1577485978335917,-1.3385359911366166,1.7623954267867963,1.8152442774297213,1.8650804349874754,1.9164794656931907,2.038699872116301,-1.40625,-3.0374097701557403,10.776567043220282,,1.8439964832296103,2.0249728347845055,1.0574146850639305
2.13,0.011061306213637748,2.1750282354025536,-1.2722922550964013,1.7681933777706194,1.8261944503643652,1.8785614848295895,1.9306342055606294,2.053575752570691,-1.3623046875,3.6243974657539577,7.4359486793361755,,1.8170961791531615,2.0243677762707937,1.9493943670433158
2.14,0.01122988626319812,2.191539841705301,-1.1762353516358808,1.774948921626532,1.8376561409301737,1.8931070796686489,1.9477311598838725,2.0667844399622077,-1.29638671875,0.9548811921436773,-2.584085512957813,,1.8067135542153403,2.02374046665579,2.226753366424441
2.15,0.011391351163676797,2.2072387484554894,-1.0502430677594115,1.7833848814963071,1.8524287375324597,1.9146020560284207,1.9832777780236464,2.0792131882913365,-1.1865234375,2.6709335873890128,-8.147168903127733,,1.8302423075525718,2.097380103894459,2.484391082401163
2.16,0.011545088913140907,2.222083285081752,-0.8943078555250955,1.7940637094007947,1.8726423932925966,1.9459672815554294,2.0405235341927215,2.0920906729548947,-1.03271484375,2.5970517114861704,-11.02242133321916,,1.8956652976966364,2.2369142936202113,2.631984782849184
2.17,0.011690516797950811,2.2360347402785377,-0.7085385106319928,1.803162862345706,1.8874363365899818,1.953406261026039,2.01815957059414,2.1057838759633505,-0.9228515625,-3.342740717086245,-13.046194369979117,,1.913532245192423,1.9997667632102456,0.813511037836345
2.18,0.011827083601425162,2.249057324213944,-0.4931614177626124,1.815019987402445,1.9100826464425618,1.9782478601504778,2.052169777862824,2.120523865794228,-0.703125,4.919948600279793,-14.519023653360367,,1.98557849306767,2.1063770356248903,2.2147453891127404
2.19,0.011954271693122614,2.261118132029378,-0.24852135060705305,1.8268095241449152,1.9314032568681767,1.9934065408678174,2.0538599289156605,2.1368904485655613,-0.50537109375,-3.0927380450532524,-15.542035398668155,,2.0408243550500655,2.0351611872916293,1.8741719908407817
2.2,0.012071598990821417,2.272187109125069,0.024918184808068934,1.8404409332638965,1.9571778303323235,2.0169592634857323,2.0824517313603095,2.1553575396385116,-0.24169921875000003,3.7371865502755317,-16.143742479338805,,2.1194123615805034,2.1248646222466196,2.408782610937966
2.21,0.012178620787760164,2.2822370186099903,0.32657507405073866,1.8553675251821082,1.9848160598609328,2.0426383188307837,2.1147290705674036,2.1762855075112526,0.0439453125,1.487854303011998,-16.31345717037482,,2.2024065896206886,2.209982783973505,2.465295441047671
2.22,0.012274931438214046,2.2912434112012487,0.6557491950709736,1.8701216886389391,2.008781766861741,2.0584019716517212,2.115631287759568,2.1989697770718397,0.32958984375,-1.00073721158842,-16.013334817049223,,2.258146625115979,2.1446483844081965,1.8561288751429417
2.23,0.012360165895017632,2.299184597783228,1.0116235042763093,1.8845797834092282,2.028628576528206,2.0661357666559903,2.0972503385256505,2.221782697849006,0.63720703125,2.3356098736685533,-15.182384457971315,,2.287445432749706,2.0279698887829594,1.5036874883545246
2.24,0.012434001093206611,2.3060416247778854,1.3932656149310305,1.8996973398534023,2.0476580674506546,2.07611146913546,2.0941699385389314,2.2432984936553164,0.98876953125,2.9291023325664933,-13.744189777479725,,2.310872189151115,2.028078010478808,2.06118761617914
2.25,0.012496157174533928,2.3117982524320153,1.7996298732573384,1.916266311954744,2.0683379456868023,2.0948977082112314,2.122992651830627,2.2629839406154884,1.38427734375,2.7587687892777737,-11.619400993166446,,2.3424140675375247,2.1735539538062114,2.6562996737840323
2.2600000000000002,0.012546398548219184,2.3164409360928313,2.2295599356751974,1.9339344389820243,2.0893567855967827,2.1181334423093383,2.16347021301224,2.280804431647684,1.8017578124999998,1.9033090795659822,-8.623608755663849,,2.3727754498550793,2.3184259559738405,2.709465573897511
2.27,0.012584534783910544,2.319958810517793,2.6817918483786722,1.9514547125267878,2.1070629456491154,2.135211660948727,2.181415333685247,2.2964114743672264,2.21923828125,0.7968699363667272,-3.475726084051381,,2.37854458196351,2.325531124682667,2.142334858115496
2.2800000000000002,0.01261042133347472,2.32234367724661,3.154957627906969,1.9688634739467057,2.1222247492346407,2.148360324321269,2.1878790030238577,2.309147819092701,2.65869140625,2.520015883876838,6.949985916827556,,2.364677984522985,2.2879122640460126,1.825080465432239
2.29,0.012623960078879108,2.323589995051148,3.647589338536237,1.987213721532144,2.138465887983871,2.16752275217669,2.2142954258506675,2.318762892910507,3.14208984375,3.13619176091899,10.218147712482963,,2.3553176568256373,2.345911359266859,2.3120800149997343
2.3000000000000003,0.012625099704089506,2.3236948734712612,4.158123659213541,2.0054585699106764,2.1529300662950472,2.183343789013648,2.228923169223825,2.3254811983285877,3.6254882812500004,0.3711418623752672,12.425973257283031,,2.331726113339257,2.327137084812032,2.243622482170253
2.31,0.012613835889573745,2.322658069440135,4.684906929409633,2.0247265357205824,2.169321542625203,2.2061324926888153,2.2641340146666122,2.3300009333502514,4.15283203125,3.396301563597749,14.021864816973533,,2.3210055525098334,2.401740558800526,2.6146476607981843
2.32,0.01259021132867406,2.320481987000419,5.226200659726231,2.0440693791487337,2.1850052210983137,2.2269172455558284,2.289223114108978,2.333332614810054,4.68017578125,1.011996406781563,15.143264558658977,,2.3058514497515064,2.407168208762926,2.43887547743331
2.33,0.01255431556578611,2.31717168011124,5.780187489412072,2.0637258340983653,2.2009948465105063,2.248355532030368,2.3139980638581097,2.336375152027442,5.2294921875,2.748498494107102,15.833176194222437,,2.295504171123253,2.4156275450724967,2.3870918614624843
2.34,0.012506284656958029,2.312734858545087,6.3449775691849615,2.0830196047875185,2.215552280340891,2.2650812464861088,2.3231178452738885,2.339750161158081,5.77880859375,1.673691945088501,16.08905070340446,,2.2792784452879116,2.359804587958377,2.1369149071540368
2.35,0.01244630065419587,2.3071818968715334,6.918615343998277,2.1023999711337127,2.230317193930208,2.2821224737465657,2.334751011366338,2.343779199554617,6.35009765625,2.872433508191628,15.878427129893417,,2.2713830252015583,2.343055257641717,2.2885908986194283
2.36,0.012374590915430212,2.300525846520807,7.499086706709069,2.120478311781677,2.2413946730632945,2.288432625998352,2.3164514246807095,2.3484887089348034,6.8994140625,-1.035442909575881,15.143245467456381,,2.245048611319014,2.203904532522503,1.882130867676648
2.37,0.012291427242759218,2.2927824509131796,8.084326490084484,2.138935547581737,2.2542159812890894,2.300629439153728,2.3236422213883037,2.3541479443269377,7.492675781250001,3.8027114185971613,13.804139873563106,,2.2430626471603587,2.2452766049611173,2.5077079945322596
2.38,0.012197124852234618,2.283970163628901,8.67222626130742,2.1582821621298978,2.2702751239933185,2.321916152388715,2.360527768983546,2.361587865950526,8.10791015625,2.7229007532495118,11.775232380626342,,2.275863443358291,2.4153942706316553,2.965574799822985
2.39,0.012092041179095304,2.2741101695765438,9.260642380193099,2.1763316447078127,2.2828403370094397,2.332399452598945,2.3619731152461934,2.3709494189745057,8.67919921875,-2.1923521438366045,8.884529557014353,,2.2923913813602574,2.3827412059393622,2.268178520056701
2.4,0.011976574522977212,2.263226409093714,9.847404279782012,2.1931830269272607,2.292610632920045,2.3355945558266935,2.345550292065343,2.381253162792769,9.25048828125,2.8449916101259665,4.092510346827552,,2.2992062084094185,2.29978249658238,1.8113706692094396
2.41,0.011851162538234431,2.2513456048814118,10.43032292590031,2.2090078434251876,2.300442420815617,2.3349508638066276,2.3252646596127917,2.3912695882737127,9.82177734375,2.483448485186551,-6.636554002751277,,2.3027898728648477,2.2346488083285467,1.91670472766345
2.42,0.011716280575093805,2.238497291629939,11.007199410733655,2.2248944372783472,2.309902871930736,2.3408873429930916,2.3332123550150032,2.4003117600117867,10.4150390625,3.242424240987578,-10.043903299723487,,2.328024385565042,2.321887015786851,2.608820846142063
2.43,0.011572439877930482,2.2247138481380015,11.575833634489664,2.2417838375550745,2.3237566277548956,2.360099259201423,2.382626935161372,2.408237970321995,11.0302734375,3.196764626796325,-12.32206034357236,,2.3906572582603887,2.551872621393237,3.1661742412951757
2.44,0.011420185647493546,2.210030531654994,12.134033028856697,2.2553863182390153,2.328459036939943,2.353486978206613,2.3477272183521207,2.4139887998729166,11.53564453125,-4.029487932381438,-13.971539837874152,,2.3909944417526185,2.335927708714835,1.4729236074520988
2.45,0.011260094974426465,2.1944855140866175,12.67962127621561,2.269131981811005,2.335485759373605,2.356150079159307,2.3503900872367947,2.4161743048682665,12.10693359375,5.113433149935184,-15.141226418212609,,2.41246998863096,2.366724414138339,2.248573131690496
2.46,0.01109277465191505,2.178119919592844,13.210446979422004,2.2824925973982215,2.343000888049477,2.3617766148059323,2.363743094471197,2.414356691236925,12.65625,0.710557200171019,-15.879358663337864,,2.4385292488664816,2.4204287811289675,2.558046432335672
2.47,0.010918858875753432,2.16097786297128,13.72439223842694,2.2951148301486914,2.3498678542111557,2.3667484601284863,2.374117811654487,2.408541562752687,13.18359375,1.9540549920294792,-16.18763486409539,,2.459139110095379,2.435691555706404,2.51164094468148
2.48,0.010739006840545873,2.1431064880546873,14.219381092005067,2.306790607229885,2.3555012720734303,2.3694395076587917,2.376824978825287,2.3991756592177436,13.68896484375,2.382291452248139,-16.037114386820594,,2.4691840934426748,2.4104806784343165,2.3365952560369143
2.49,0.010553900241155167,2.1245560051545813,14.693387785355347,2.3190822461552987,2.3648430062201053,2.3837744140285793,2.4142950935798906,2.3875323293359867,14.21630859375,3.7529120997274905,-15.373360190521378,,2.501848385708458,2.5441994371240955,2.8483182006958168
2.5,0.010364240688868246,2.10537972634984,15.144444827261324,2.330016984861708,2.3713559751204007,2.3898632422729684,2.4198474698163337,2.3751669466534104,14.677734375000002,-2.3436504165864025,-14.119686041107325,,2.5095545314407666,2.4912731100383128,2.2677752552113684
2.5100000000000002,0.010170747052072252,2.0856340971459786,15.570650803763739,2.341348346285032,2.380722847699153,2.4044658607182776,2.449393804566564,2.363497111708227,15.161132812500002,4.102056355847722,-12.192570270703225,,2.532049558363335,2.5660780705528143,2.6396624186362896
2.52,0.00997415273152098,2.065378722714004,15.970177918816978,2.351290579929753,2.387041356640383,2.4099098082895085,2.4459745991389283,2.353383630579956,15.57861328125,-2.121672279210143,-9.449874822652061,,2.5275401349391813,2.471332868068983,2.1059664597950145
2.5300000000000002,0.009775202880519031,2.044676386554863,16.341279236074833,2.3600902902301213,2.3913317868743316,2.4101891608404444,2.4284845836975584,2.3446001825957294,15.97412109375,2.8237801902995305,-5.173892483717186,,2.504812437090395,2.3495920419088687,1.9707626591144056
2.54,0.009574651580560298,2.0235930590253624,16.68229559967939,2.3680162894688506,2.3945796271608053,2.4087030931696205,2.4104618713546397,2.3363030939398794,16.34765625,2.6759248324627056,5.906510390347644,,2.472217359533107,2.268238194617295,2.2209344107878266
2.5500000000000003,0.009373258983125682,2.0021978927048605,16.991662215608606,2.373736852026606,2.3926697715597047,2.394189273732763,2.3587551420777033,2.32719555198465,16.6552734375,-1.5854217044690222,9.643863913085285,,2.4022336051084916,2.051743382285343,1.7763961534722874
2.56,0.00917178842847388,1.9805632010830414,17.267914878675324,2.379457091508013,2.392978433965915,2.389048545441647,2.3485390216794717,2.3164946274956804,16.98486328125,4.268528774617805,12.068158374377363,,2.351632252349037,2.1314895643286693,2.674481804531283
2.57,0.008971003552345536,1.9587644165154134,17.509695833571122,2.3846161755841577,2.3934574939427105,2.386294315362714,2.3502567861330776,2.3044042957196913,17.2705078125,0.9325465808439355,13.82438380604158,,2.307575793041068,2.2453764778253538,2.788338707500135
2.58,0.00877166539154753,1.936880022838328,17.715759261330145,2.389599845269108,2.3952274218961396,2.3886764122201076,2.368983181163265,2.291391882074193,17.5341796875,2.8248929746700386,15.090628642027779,,2.281381796959637,2.406700104265976,2.7876781034913383
2.59,0.008574529499388028,1.9149914574790439,17.884976385178778,2.39236133397953,2.3916127288047146,2.376628095562697,2.341314336689484,2.2773879072190897,17.709960937500004,-2.35981003775106,15.927683208460016,,2.2240726243879596,2.314420420500894,1.6752284860645905
2.6,0.008380343081895591,1.8931829773669933,18.016340191879344,2.394473493223646,2.3880578895766345,2.3673498665004407,2.3285843968157036,2.2620663914850856,17.8857421875,3.882379354761769,16.345873794947302,,2.18210850219603,2.329278274295879,1.9953815682712
2.61,0.008189842165677206,1.8715414824877012,18.10896976632645,2.3956697828574356,2.3836359700008067,2.357802266242694,2.318223072441536,2.2455509455788936,18.017578125,1.5938830823277792,16.323519503759005,,2.1500778013107245,2.3374122176099097,2.2178913654325454
2.62,0.008003748808149663,1.8501562905690994,18.16211423831893,2.3957635174098457,2.3777610915506084,2.3462771714706707,2.3041057297129233,2.228246606538834,18.10546875,1.9543756535845613,15.81393687678837,,2.124808422986474,2.3110162913873182,2.2570968810165306
2.63,0.00782276836071855,1.8291188562111045,18.175263843559758,2.395430778215681,2.3726563923363346,2.3392485334223116,2.306192382013538,2.210968132744637,18.17138671875,3.0476474511340563,14.749867741926678,,2.125034654852023,2.3497749519013973,2.5357444699097247
2.64,0.007647586795278131,1.808522427833381,18.151144692308076,2.39524894066703,2.369998639734673,2.340713559858738,2.332233690076601,2.194687318790626,18.21533203125,2.8075920382891932,13.054876908413117,,2.1615815583896243,2.4608005796382146,2.7974219495912513
2.65,0.007478868104165695,1.788461636202347,18.091202439087013,2.392494323555356,2.360591626815648,2.3232016783464853,2.2937331614888805,2.1793683407495523,18.1494140625,-3.2185010775056337,10.635214604077374,,2.155296875582227,2.2356793563994426,1.460051429271348
2.66,0.007317251783425054,1.7690320090902687,17.995219433122667,2.3880171620859914,2.3476416783847784,2.2979670049759258,2.2354086859829034,2.1639503662237742,18.0615234375,3.3862100146906466,7.157930538098754,,2.1341203068585908,1.993091277956669,1.2041286754801883
2.67,0.007163350408918752,1.7503294078989358,17.86310786794731,2.3848901500288533,2.341370476103638,2.2944687856753028,2.2517882703323364,2.1482789807715394,18.017578125,4.573220289497946,-3.266864528711571,,2.178062369179779,2.204589032633207,2.9452516790797434
2.68,0.007017747314475948,1.7324493839188657,17.694913361266764,2.380020031547688,2.331061737493464,2.2796334623519674,2.227955071377651,2.1325713674879214,17.86376953125,-3.8309134964159943,-8.344189930422417,,2.1956823408026693,2.1376169742328366,2.308316063725528
2.69,0.00688099438087674,1.7154864543408745,17.490816191107392,2.3740558277185726,2.3191820047861484,2.2617536199318176,2.1981204690341656,2.1165233642892973,17.68798828125,3.324671525765149,-11.114297137739374,,2.2064217209661217,2.0764827157306573,1.989415212758687
2.7,0.006753609944053204,1.6995333012015479,17.251132085236687,2.367538838398955,2.3076107399190557,2.2467864833722038,2.1834521782477068,2.100181549924033,17.490234375,2.740272993238546,-13.062697642673568,,2.222422093113914,2.1019131289930395,2.153314247585211
2.71,0.00663607683043589,1.68467990008744,16.976312555571205,2.360911816354725,2.297707209333439,2.238452134329248,2.1913831497130882,2.083992173596791,17.2705078125,2.423283081593101,-14.46569978679881,,2.250235165283219,2.209385077337945,2.442475189170973
2.72,0.0065288405268922114,1.671012589538414,16.666944768848886,2.3528950454974957,2.2850569176334523,2.2229045593248125,2.1741462290916953,2.067996029203137,16.98486328125,-1.568689508713395,-15.416054495807735,,2.2538438199261943,2.160164547358902,1.9145742918361617
2.73,0.006432307492193396,1.6586130964965737,16.32375094451483,2.343217727807855,2.268992729804439,2.199171811510922,2.1340988623083237,2.0515199134797553,16.6552734375,1.952093872551382,-15.937785621052244,,2.2285381735048784,2.018310771602385,1.40831604030966
2.74,0.006346843616409954,1.647557537583029,15.947587270623641,2.3332884987989604,2.2544113864030346,2.1826366886773885,2.121639617931069,2.0341260452928793,16.32568359375,3.43122634869958,-16.01598437656209,,2.2104343544555975,2.047636054982682,2.163041608321698
2.75,0.0062727728340751365,1.6379154201191481,15.539442328668603,2.322608647779706,2.2394478887427742,2.1667742621845187,2.111224573904798,2.015841449520415,15.952148437500002,0.312288016791873,-15.607783147291778,,2.184229460299486,2.0611166945296664,2.266688478131349
2.7600000000000002,0.006210375896372782,1.629748670260721,15.10043501867419,2.3107242336769405,2.2225644357458076,2.1468943439316366,2.087817504361471,1.9966734262443415,15.534667968749998,1.4018964798470472,-14.646837551765868,,2.138738712619427,2.002795502611486,1.9769863810127672
2.77,0.006159889307003491,1.6231107179860922,14.631811976690832,2.298060120349178,2.205263087156991,2.1277131737801596,2.068267038947735,1.9768566694654126,15.09521484375,2.5794533163600577,-13.051019586895073,,2.0865610708064377,1.9794593198571,1.9807198906507586
2.7800000000000002,0.006121504425762412,1.6180456696065537,14.134944478056314,2.2849376820212557,2.188545088115836,2.111829657193843,2.059729154542,1.9572302514632776,14.6337890625,2.2267402587269887,-10.720126462608496,,2.0367390746049057,2.0089301569778755,2.1310216196137888
2.79,0.0060953667432264045,1.614587597665878,13.61132482147046,2.2724332277762223,2.175775891608102,2.108217662342598,2.0867810762900922,1.9390934191359592,14.17236328125,3.0278884229652845,-7.345146303119541,,2.016841870742245,2.1771449894577524,2.574863260479
2.8000000000000003,0.006081575329299732,1.612759975415801,13.062562191087403,2.257110948280648,2.1550998181030416,2.080909749443729,2.031718876837986,1.9228340084226259,13.60107421875,-3.8042534360512983,2.7818236952150692,,1.9345514373455002,1.9138991065334796,0.5678751320649615
2.81,0.006080182457708486,1.612575278518327,12.4903779964654,2.2429238701253187,2.140263472895686,2.0724719728783985,2.0419286237172405,1.9083517669408403,13.095703125,5.116634712504846,8.176903573122535,,1.90448177313793,2.0419482615323568,2.260102575374171
2.82,0.006091193407866972,1.614034770448062,11.896600693312637,2.2262035056503793,2.118422448397786,2.043216548839196,1.9826389480382764,1.8952426926291843,12.48046875,-4.226838678121764,11.007019209478903,,1.8222900549954226,1.7832793228287651,0.9638601149758622
2.83,0.006114566444867113,1.6171284806457835,11.283160091495803,2.2099144986773247,2.1000034631908036,2.025934012185228,1.9691040131061697,1.8828389223649036,11.909179687500002,4.493446037985168,12.992419654837784,,1.7794581907575566,1.8331651564800167,2.1310400550237905
2.84,0.006150212977666647,1.6218353763515072,10.652081160685553,2.19385865918035,2.0838776823858662,2.0156343188288357,1.9763495219339193,1.870989327058016,11.31591796875,0.9534232927791031,14.42517410012947,,1.7672927723564154,1.947875490111079,2.454714186112575
2.85,0.0061979978948766045,1.6281237208498578,10.005477348231597,2.1760069944023805,2.062949253391145,1.9907126651115865,1.9337723067258823,1.858641883176679,10.65673828125,-2.6590791114095023,15.40263383418682,,1.7255091465861025,1.7885676501756997,1.400690690615191
2.86,0.00625774007687527,1.6359516032297352,9.345543428306863,2.157256587334497,2.0405895439035344,1.9628261337805817,1.8874353894353173,1.844172772474215,9.99755859375,3.0761514348934487,15.951279891316217,,1.6860251652442149,1.669298876782172,1.242039833637467
2.87,0.006329213082307589,1.6452676182627224,8.674547905938265,2.138301342804421,2.019162241394221,1.9392254841873036,1.8610197597577662,1.826920331217035,9.33837890625,2.309122659243967,16.05787656744836,,1.6699693385866399,1.686631127911265,1.8237691907162967
2.88,0.006412146006367966,1.6560116700747047,7.994825004144241,2.1196513086003628,2.00017174212452,1.9236495777529348,1.8618345319515333,1.8077654737133975,8.67919921875,2.136638869774798,15.680817028465155,,1.688105928372401,1.8185368804869215,2.2650761747567327
2.89,0.006506224507613323,1.6681158701798167,7.308766266912191,2.101650015478829,1.9843879197177847,1.917046722886554,1.8857459816909448,1.7888693086223932,8.02001953125,2.169101889871851,14.754720844806169,,1.740896034926606,1.993266757041512,2.4125140274618206
2.9,0.006611091999414391,1.6815054992300795,6.6188118150546105,2.0835624878170256,1.9688786310465756,1.9094570624465546,1.896379205284468,1.7726431447779074,7.338867187500001,-0.5131953229965548,13.197482917962326,,1.7967371215224932,2.0416343023608956,1.9438572293559353
2.91,0.006726351001529418,1.696100002393991,5.927441295964687,2.0646661408614175,1.9510752540190242,1.8934948094540063,1.8742800448351862,1.7608646222305768,6.6357421875,0.6317942652025064,10.911258850535127,,1.8320567132705374,1.9284599476648137,1.0358624813461033
2.92,0.006851564646677224,1.7118139903551834,5.237164571838503,2.0461465743105633,1.9350555033790444,1.881964234364683,1.8651109415213294,1.7549801031515089,5.954589843750001,2.9793723295292387,7.61385557130529,,1.8761049084905599,1.8949320641237435,1.5574608731803024
2.93,0.006986258336399405,1.7285582211660924,4.550512193939623,2.0289183355858698,1.9235351528894458,1.8818952983755133,1.887286952920463,1.7561710347072503,5.29541015625,2.4851437419315046,-2.0422620862847802,,1.9422554308136772,1.9860185974531492,2.274842186919888
2.94,0.007129921539935315,1.7462405422070335,3.870025712863665,2.009802559066959,1.905333430217835,1.8597092204154544,1.8340390544940277,1.7636951779968113,4.5703125,-3.448152156804891,-8.001984758272993,,1.945321778583297,1.688269776666839,0.7597164158064422
2.95,0.007282009729291658,1.764766775900324,3.198247876443442,1.9908529753814985,1.8878986175652381,1.8397769811707432,1.7948107743523984,1.7750945522251773,3.8891601562500004,3.7821454650653337,-10.924529756185127,,1.9407164831302763,1.542545652441225,1.4057358904130262
2.96,0.007441946443172004,1.7840415372671277,2.5377127678673563,1.9717705338056486,1.8700683596179626,1.8185805451999502,1.7572484485919817,1.7876221140574386,3.2080078125000004,-0.5217184372267091,-12.973439877367708,,1.9182575141373843,1.4424481754196579,1.6871598811000292
2.97,0.007609125471943551,1.8039689756142219,1.8909359367352272,1.9522013539517546,1.8506348398145986,1.7929396800512163,1.711858576351417,1.798510722023418,2.52685546875,0.9049379871591874,-14.465516822500211,,1.8691181177880647,1.3385976016889207,1.6073078674811685
2.98,0.007782913155359094,1.824453436398942,1.2604045751408228,1.933748453476057,1.835020612866752,1.779186011676896,1.7114816229034049,1.8059336816260947,1.8896484375,3.1782288696458165,-15.506341578490881,,1.8329610942066787,1.5324132833393802,2.2099115931645974
2.99,0.007962650784325566,1.8454000425208943,0.6485677894676563,1.9156592774473824,1.8202347603750941,1.767136143939462,1.7143645975304191,1.8092361423567913,1.2524414062500002,-1.3066595350730361,-16.12652011525125,,1.7885023842235064,1.6744543648344083,2.030386718263492
3.0,0.008147657097615188,1.8667151968742979,0.057827016456728345,1.898205127430355,1.8070023810527318,1.7586360422945648,1.7245383453376217,1.8086982625325796,0.63720703125,2.1227522580622544,-16.316863410836667,,1.7433962525195725,1.806963461828322,1.841037313379883
3.0100000000000002,0.008337230864056418,1.8883070099666506,-0.5094733706824863,1.8825417877123916,1.7988706111881831,1.763253924641955,1.7679272304777796,1.8058589714986337,0.06591796875,2.7918843333847847,-16.040909943256718,,1.72693796364349,2.0242476020053433,2.1412321732284774
3.02,0.008530653540416986,1.9100856578087766,-1.0510552237073478,1.8685047072200847,1.7945987388304305,1.7753497243630925,1.8185069164920593,1.8029415085138583,-0.48339843750000006,1.2669529287427468,-15.23898192340991,,1.7309828569027148,2.1749728057687245,2.1181619419347566
3.0300000000000002,0.00872719199490512,1.9319636761758046,-1.5647155097434666,1.8547989159672431,1.7893975678336034,1.7802216796621373,1.8316682549415628,1.8015183301752569,-1.03271484375,-1.3531451262781913,-13.8353991685695,,1.7210094103530753,2.1155514707247267,1.3740487563348422
3.04,0.008926101285965857,1.9538561978084104,-2.048334896253763,1.841279382088747,1.7828279162443115,1.777747473305674,1.8159176598650961,1.802200195878363,-1.56005859375,1.8568640294359302,-11.753224943737647,,1.6970907715645633,1.9354108777053436,0.825001088017194
3.0500000000000003,0.009126627485840078,1.9756811392529492,-2.499886000581772,1.8298460995809254,1.7811379876201598,1.786509422771277,1.8324356663116539,1.8055268857523314,-2.021484375,3.2709977897664815,-8.824858802703575,,1.7091245343038437,1.9191335645096288,1.9966272632413251
3.06,0.009328010538183917,1.9973593439082256,-2.9174412785704598,1.81881871260787,1.7782810536071427,1.788172884257245,1.8220786589947444,1.8117534650406146,-2.48291015625,-2.2412002473114256,-3.9777774885520403,,1.7105735879006334,1.7611657114787236,1.7747427167977543
3.0700000000000003,0.009529487138917565,2.0188146875282302,-3.2991805312072726,1.8088262014568868,1.7763812440485782,1.7898175208291873,1.8121638233518578,1.8204959053473087,-2.900390625,2.622407781608561,6.662617522177159,,1.7191986934019448,1.6484102251206632,1.8366893265941135
3.08,0.00973029362938384,2.0399741519861547,-3.643398012518973,1.7992439420630555,1.773323298095596,1.785811614513593,1.7870803487837283,1.8311902543265246,-3.2958984375,0.6002471723332768,10.016230615585318,,1.7193447047651889,1.501575330009022,1.582715368519093
3.09,0.009929668890850816,2.0607678725865233,-3.948509125912397,1.7916248577932576,1.7741952638922713,1.791278534047619,1.795905423725327,1.8436606662875752,-3.6254882812500004,3.082095935481054,12.251740474643269,,1.7492006139923932,1.6065329512664783,2.128451919396647
3.1,0.010126857229387354,2.0811291636592895,-4.213056699717693,1.7850263622407099,1.7755662564986525,1.795626210790232,1.800513658249637,1.858107635191781,-3.93310546875,-1.1110831984308487,13.857559205617951,,1.7803747020160643,1.6801068247877204,1.9728530542692206
3.11,0.010321111240176853,2.1009945266125087,-4.435716835742261,1.7796695025090614,1.778110904444202,1.8010972896141517,1.8085997721663145,1.8746561357235296,-4.19677734375,2.212533616392144,14.979065137936932,,1.816552802397289,1.7769516922983681,1.8764506216239054
3.12,0.010511694640412853,2.1203036440805025,-4.615304327108195,1.7767535074733978,1.7854990471084182,1.8178242092808894,1.8491659349647647,1.8933804187320156,-4.39453125,2.9005564230687844,15.661484978553833,,1.8807782972891725,1.9996116074239187,2.2625256008465455
3.13,0.010697885060038579,2.1389993632966844,-4.7507776434658595,1.7728581415092135,1.7865322846304403,1.81368412919703,1.820521937685362,1.9133417614744517,-4.6142578125,-3.277845999771581,15.90234386073004,,1.8923577917132162,1.8575041953258105,0.7149879233531361
3.14,0.010878976779753094,2.157027671353776,-4.841243482816075,1.7694637903236583,1.7866679394538216,1.8068143373344545,1.7908175520200829,1.9330888688434833,-4.76806640625,3.354006362608347,15.668006419860951,,1.8919041240187684,1.7615977309438773,1.0170917711247751
3.15,0.011054283405905713,2.174337664593287,-4.8859608919378426,1.768852363370077,1.7932298127333663,1.818104273096985,1.8234738141987774,1.9525935178482923,-4.833984375,3.3854713891679618,14.897873801454589,,1.9283463849733073,1.9546210644987165,2.4329102513176335
3.16,0.011223140472140396,2.190881513992783,-4.885087446663146,1.7706691837520154,1.8044732185566592,1.8403399902355106,1.8823052459824507,1.9728585234982736,-4.85595703125,1.1008887586191793,13.507870566035544,,1.9848423326545126,2.1560756346562826,2.7204584081430814
3.17,0.01138490795792876,2.206614428092447,-4.8419695916325,1.772394279803956,1.8121843631551895,1.8495835364244422,1.891147468087875,1.9941636682112538,-4.8779296875,-2.134473006915831,11.401076230466057,,2.005206821351767,2.083992867211367,1.7644389366934499
3.18,0.01153897271444598,2.2214946147197723,-4.756927373930627,1.7752533566145703,1.8207883988642037,1.8606495681541284,1.9041894278640863,2.016015985250193,-4.833984375,3.229377609900626,8.360065165298593,,2.0226781127844564,2.0566106238230377,1.7040033623764794
3.19,0.011684750788594506,2.2354832425294213,-4.629839222057219,1.779313713791341,1.8306672886920734,1.874292545481857,1.9227195428051482,2.037876027098932,-4.74609375,1.6871780347614556,2.736335032885869,,2.038835213458847,2.049535506681246,1.908794426596403
3.2,0.011821689636367042,2.248544403170759,-4.460738924527136,1.7846893934528536,1.8423991444575707,1.890787313564324,1.946267070070039,2.0590323453461976,-4.6142578125,2.06309016638984,-7.31054185606727,,2.0546889145610185,2.055126874749541,2.099942793802768
3.21,0.011949270217159236,2.2606450747242497,-4.249817071265064,1.7904722502770543,1.8532373572678766,1.9012122317512485,1.9480697212853215,2.078359476006275,-4.46044921875,0.5362783773912058,-10.506998637320326,,2.0500446602581053,1.959842873322185,1.7920725436574265
3.22,0.01206700896109423,2.271755086905965,-3.997421963636349,1.7969587586854248,1.8642085192323241,1.9094395253553635,1.944496772130331,2.0946732849256735,-4.2626953125,2.368263709980852,-12.707305096492815,,2.0339969053308944,1.8744448867075338,1.780538912225926
3.23,0.012174459601902077,2.2818470884230067,-3.7040599828205854,1.805448685308193,1.8793771706352727,1.927090106135002,1.9711115488722526,2.1076461599122656,-3.9990234375,3.023092703743127,-14.317577429180144,,2.0356229684832643,1.9642856198545848,2.350622263853679
3.24,0.012271214868407,2.2908965167683544,-3.3703954032288306,1.8149666070408739,1.895166446917864,1.9432998020609225,1.990104954626439,2.1178694136581617,-3.71337890625,-0.8586077921068086,-15.467007855080578,,2.0321902802771006,2.0001679918135604,2.2055270609595183
3.25,0.012356908028211162,2.2988815706681307,-2.9972496371989616,1.8267915002954875,1.9154303747703036,1.9689927234130027,2.034731454294696,2.1267749201353103,-3.36181640625,3.246481588943052,-16.197075594442953,,2.052121451349734,2.155026444841211,2.4671706446696597
3.2600000000000002,0.012431214277723954,2.305783185334817,-2.585599897059053,1.8409433734972518,1.9395406460210174,2.001645321648601,2.0918215371396487,2.1363688026508707,-2.96630859375,2.0822602371397805,-16.507015304023106,,2.0923555211486766,2.3197103564257233,2.521583835817411
3.27,0.01249385197326806,2.3115850106338582,-2.136577260925245,1.8552963411024468,1.9602867362980425,2.0226331972336062,2.105712422830665,2.1480233000360727,-2.57080078125,-1.8706031470500843,-16.36785432242853,,2.1090098086450118,2.2643153572492998,1.6713827004929764
3.2800000000000002,0.012544583698596169,2.316273392236226,-1.651464129388044,1.871277480180666,1.982501055998145,2.046841484085316,2.1285447687557637,2.162337386618377,-2.109375,3.5325752541805544,-15.727117890111957,,2.1369894775178158,2.275338860601109,1.9569589143431425
3.29,0.012583217164771997,2.3198373558037537,-1.1316910616149032,1.8879582553691838,2.0033317906255546,2.0671011744910563,2.138568212441558,2.179291485943101,-1.6259765625,0.7443840528365799,-14.512946739463485,,2.158966542604077,2.2255174287393453,1.9837428234751866
3.3000000000000003,0.012609605939004875,2.322268594235779,-0.5788329814155853,1.9035501413986315,2.0179792305581397,2.071739063945128,2.1051106926197565,2.197936687358791,-1.142578125,-1.2988114594492315,-12.653214458704873,,2.145168774617932,1.9927574010627367,1.3505775961939805
3.31,0.012623649999675302,2.3235614579932222,0.005395253482769234,1.921922806326314,2.038881373463378,2.095787406965875,2.140276017728175,2.2175548856582075,-0.54931640625,4.711782154870653,-10.040939302748761,,2.1794309216655208,2.1543605848011476,2.784164460547655
3.3200000000000003,0.012625296115447864,2.3237129485083754,0.619143922307981,1.9399687251710238,2.056651666023358,2.1117940056257756,2.1496703023876105,2.237467896983206,0.02197265625,-3.0985980073881714,-6.186173595550996,,2.196669833326667,2.1405123409842663,2.4095582469837473
3.33,0.012614538047034446,2.3227227146841014,1.2604341515403295,1.9573346200315167,2.071078515041498,2.120021823598104,2.1393766457221,2.256130885789682,0.615234375,2.4218624620095817,4.845739983410805,,2.1960381620087577,2.059741172305689,1.888909549334325
3.34,0.012591416570843068,2.3205930524838077,1.9271642591891303,1.9738426707418082,2.0824256325972974,2.121973816641708,2.1179423949480713,2.272049760983667,1.23046875,2.2126218399318045,9.041896530954691,,2.1796995649361857,1.9702747668696572,1.6501372787289006
3.35,0.012556019324422685,2.31732890761231,2.617116722300188,1.9914616720180576,2.096984204061871,2.135755712238493,2.141752812019528,2.2850272881067006,1.9116210937499998,3.608389457933802,11.602379430213743,,2.1919585806539037,2.1359544774193058,2.5401581774349418
3.36,0.012508480474289761,2.312937881286642,3.3279657511580507,2.010822090712773,2.1165200183851827,2.1645239808023145,2.209229461975218,2.296349317484114,2.63671875,2.7170506884521313,13.430652636146094,,2.2427553886070637,2.428318924937402,3.0687585936482775
3.37,0.012448980207395646,2.307430239093885,4.0572854474905435,2.0295679094319357,2.1339857317151343,2.1863006649362413,2.245031828249826,2.307207659008408,3.33984375,-2.099705408369736,14.74349303685253,,2.2793906873335583,2.4916909796028817,2.3951499596876826
3.38,0.012377744048162307,2.3008189229292433,4.802558517596738,2.0478783713211004,2.150275279107334,2.2042992156401624,2.2649561320606613,2.3178233307292824,4.06494140625,2.882357610780596,15.61454354731745,,2.308301164724813,2.4789622029068377,1.911059216716579
3.39,0.012295042003674945,2.2931195660007004,5.561185504859698,2.065069514087628,2.1636139336124462,2.2139867614483197,2.25916062926538,2.327738864893498,4.7900390625,1.4362989585373591,16.05952999985474,,2.3170725861974772,2.3581692210297587,1.5132357565057497
3.4,0.012201187540271633,2.2843505108755395,6.330494499740953,2.082584849956035,2.178621288954016,2.2292401488549873,2.273731630240804,2.336471113762035,5.55908203125,3.462929754080196,16.05910384726284,,2.3377536161369923,2.353198926314892,2.3102200175462144
3.41,0.01209653639540888,2.274532830527405,7.107751279260548,2.098918617208597,2.190690042064585,2.2365018219855015,2.2650247042383738,2.3437408244484708,6.30615234375,-1.5843119163024562,15.567028728463498,,2.337508982631513,2.232294279574854,2.1640525076897936
3.42,0.01198148522930662,2.263690352319007,7.890169822321029,2.1166222520521387,2.2077974920390835,2.2588591593988294,2.3057353503458122,2.3497675178364794,7.119140625000001,4.305608127192789,14.514883575860672,,2.3715261366166294,2.3717578573740203,2.9690278914879653
3.43,0.011856470121483225,2.2518496848232648,8.674923142206248,2.133331707040657,2.2222809217152197,2.273036498212662,2.317046422092699,2.3548560019188587,7.888183593749999,-2.6381400163630735,12.82045713641767,,2.3849833501842266,2.3348067719429637,2.4295688553858996
3.44,0.01172196491787922,2.2390402473428135,9.459154373333647,2.1490632791212727,2.2344063211482412,2.280918680532733,2.3106289415591106,2.358753267609737,8.6572265625,2.6667413838043967,10.37683071351697,,2.3812686851886955,2.2482130283228012,1.9499011243554982
3.45,0.011578479434834517,2.225294301932081,10.239988046000374,2.164825617316441,2.247471817836002,2.2924477840259536,2.3196187411950366,2.361472258925565,9.4482421875,3.26611230933397,6.803064378963312,,2.384020141856128,2.277991761072976,2.290906202972185
3.46,0.011426557526726795,2.2106469876552017,11.014541480552174,2.180658495856009,2.2614742788806996,2.3071144987395615,2.339348100766595,2.3635433661275296,10.2392578125,2.1854829241579083,-3.9019771822820735,,2.39312259019031,2.357517928435331,2.5521283682828715
3.47,0.011266775024595065,2.195136356723968,11.779936231203402,2.1958325651698347,2.274026821407031,2.317937050001172,2.346835361835998,2.36554179545217,11.00830078125,1.5134809018692919,-8.588431936617525,,2.3924150411950778,2.3681686946015095,2.356997775641711
3.48,0.011099737553561922,2.178803412049824,12.533309509696098,2.210728296018739,2.286425640032631,2.328981928868292,2.3565190710604926,2.3679622042626596,11.77734375,2.8927851058494536,-11.27682324498777,,2.392065434755527,2.3984493902904944,2.3841454565925604
3.49,0.010926078237326903,2.1616921456090665,13.27182552012003,2.2257540815062513,2.2999235643053813,2.3436288407137678,2.377766570369649,2.371271029137045,12.54638671875,2.762381382571612,-13.17791458112345,,2.4013268065021203,2.4747431006500937,2.5781724552561043
3.5,0.010746455298431786,2.143849576857272,13.992686638500222,2.2396406989292266,2.310450625169989,2.350202532417004,2.373609713002118,2.3753658307690535,13.271484375,-0.9781823895204687,-14.5433304021558,,2.3921136044481557,2.415901249923693,2.1354279922399773
3.5100000000000002,0.010561549563393448,2.1253257902336347,14.69314437413404,2.2531571113062223,2.3206939385374383,2.357150397690877,2.3742830344234216,2.3795097508582708,13.996582031250002,3.269524518311399,-15.457864062152197,,2.3850069723886382,2.4002973731150803,2.2801962560192153
3.52,0.010372061882160768,2.1061739705644023,15.370510054031605,2.2653469973642455,2.3277213537722865,2.356340892173887,2.3547443159882673,2.382578366372045,14.677734375000002,0.38193135774613857,-15.941935592138565,,2.3600128421435644,2.293985912656595,2.0271713451626683
3.5300000000000002,0.010178710471676433,2.0864504349030426,16.0221651770556,2.2772136311066045,2.3349877398800425,2.358341499657617,2.350790521754316,2.383458737338415,15.35888671875,3.349493192841709,-15.978157044026753,,2.3436874935983565,2.293261786752909,2.429391353170749
3.54,0.009982228193612499,2.066214659029883,16.64557139031667,2.287999990041479,2.3401283591090145,2.3562153908233237,2.338395432551778,2.381453381319028,15.99609375,1.0258874497732595,-15.52119223751573,,2.3195536281711826,2.2503592959230962,2.3341871711714224
3.5500000000000003,0.00978335977659787,2.045529296472968,17.238280046885208,2.29884793508316,2.3469108143533224,2.3609479044589974,2.3520340197486655,2.3765557350662996,16.63330078125,3.4679183614754368,-14.502202867903051,,2.316608348673464,2.3451886566524833,2.6996904160348993
3.56,0.009582858993466427,2.0244601875036783,17.797941310740526,2.3091131514968986,2.3531557771747336,2.3654775659880984,2.364402544794685,2.369471655700435,17.2265625,1.3493468761628677,-12.836353614899764,,2.3183095308429196,2.402064551112703,2.5604252444937967
3.5700000000000003,0.009381485804224673,2.0030763551059168,18.322312781897747,2.3191778344434915,2.3600882643316523,2.373127107214874,2.3849471520984524,2.361253163690897,17.7978515625,2.8724860071652234,-10.412543211894155,,2.333615063766329,2.4806307764489226,2.543944484595623
3.58,0.009180003475568237,1.9814499844202786,18.809267621632166,2.328606873779089,2.3662576860004036,2.3792966496386785,2.3976157561681064,2.3529998573680015,18.3251953125,1.8848095543522951,-6.849589030743552,,2.3506406213759585,2.500496909777989,2.3287956419446916
3.59,0.008979175687864905,1.959656381632172,19.25680216446771,2.3371217413830316,2.37084515929003,2.3817763075983924,2.3971841351237186,2.3454917485078495,18.80859375,2.108372733653421,3.879609014010832,,2.3627120538722486,2.4579188646080494,2.1116670284001966
3.6,0.008779763640569687,1.9377739077184974,19.663043009927417,2.345386754139249,2.376044936095144,2.387073358298802,2.405606992432535,2.339226356402271,19.27001953125,3.0967581781346305,8.621991330742237,,2.385086199672709,2.465742176274159,2.4004130089700793
3.61,0.008582523167043435,1.9158838819108384,20.026253592794113,2.3523801796106314,2.3785648620244397,2.385512945954582,2.3923228900739093,2.334152265574528,19.66552734375,-0.6595804456011283,11.34776099343676,,2.392034163988122,2.3678780590139534,2.140236721886294
3.62,0.008388201869710454,1.8940704492019302,20.344840235654754,2.3589593787140077,2.3813110176931103,2.3860517016871574,2.3886509526553774,2.3295904538571928,20.039062500000004,3.2967020776572578,13.288506479529328,,2.4044073772197585,2.3447335280010395,2.4197879600620467
3.63,0.008197536286414061,1.8724204057539848,20.617357691681914,2.3642626750002025,2.3815125228706604,2.3805766560868173,2.368554828657518,2.324247201568412,20.3466796875,0.5518704855268114,14.699773140361938,,2.4007372448644513,2.250606960299941,2.199361411584754
3.64,0.00801124909871022,1.8510229757100345,20.842514188850828,2.366836626491996,2.374809936682785,2.357555001247559,2.3004953586353456,2.316225888372339,20.56640625,-1.6392604313493642,15.669279212410608,,2.349944615409921,1.9536379078378028,1.1972927385909642
3.65,0.007830046392680865,1.829969532722215,21.0191759890372,2.3704000070243505,2.373574779935093,2.3542014484078635,2.3082204874464707,2.30474459293441,20.830078125,5.157396097269647,16.22051942262027,,2.3446345616396735,2.150277786430958,2.849156161604143
3.66,0.007654614982649116,1.809353259563544,21.146371476660573,2.3731991121072897,2.371665366922366,2.350497767645663,2.3146933876075684,2.2905356287975147,21.005859375000004,-2.6483149851900123,16.339768778473132,,2.336678805640979,2.260236044406956,2.7650712535566995
3.67,0.007485619807940558,1.789268739561135,21.22329479172969,2.376236598175265,2.3722563040697957,2.3553051892396133,2.3459205456952232,2.274853285994533,21.15966796875,3.464682653096799,15.986862145296499,,2.3493921249136127,2.4495581274863687,2.842548882523865
3.68,0.007323701412557405,1.7698114743623548,21.249317032733774,2.378746521831146,2.372578273545156,2.3594339585515605,2.3677864197029352,2.2587965736744513,21.24755859375,1.2319763917265025,15.099979225032374,,2.3606288028442095,2.534559529696109,2.4296894922562373
3.69,0.0071694735173185595,1.7510773238036654,21.226463747600633,2.3785100869425984,2.365519343956247,2.3427405166770634,2.3216098740651208,2.2422756732508273,21.2255859375,-2.6596371711951794,13.604210307321086,,2.3188250457895436,2.300819848447652,0.2819417421478542
3.7,0.00702352069366777,1.7331618654664085,21.157038200442624,2.3792980392265823,2.363759641563811,2.3437215326586496,2.3367476991810507,2.2249446921807587,21.24755859375,5.2216141857291305,11.420875905370215,,2.3204457638180847,2.4148007823808464,2.471924271705315
3.71,0.006886396147967055,1.716159673924348,21.040924105326045,2.376857482297721,2.3530918722736387,2.3198893872852677,2.2741475352351976,2.2063824380328656,21.11572265625,-4.569683140191845,8.34829969284662,,2.257760641952391,2.1029274431567506,1.0763341954801975
3.72,0.006758619624673337,1.7001635227276035,20.87815961695627,2.375729160129851,2.3488852777831246,2.3175167550886866,2.286493963534529,2.186687142767568,21.0498046875,5.726769701377035,2.795854223302708,,2.2504758739085915,2.259044497955923,2.867786587687255
3.73,0.006640675436346209,1.6852635157888964,20.668951785642623,2.373218030775274,2.341770029724406,2.3073257495392983,2.271649055775951,2.166822172036869,20.8740234375,-3.4462244138235585,-7.196879366124844,,2.2250895323712787,2.2117760293418303,2.451820500199982
3.74,0.006533010627953426,1.6715461589373504,20.41367713742443,2.3703064234091102,2.335123140086853,2.2998150261125794,2.2675650411729786,2.147617291961578,20.67626953125,3.4127184563005106,-10.335988904065351,,2.209252753870367,2.2286663127941733,2.4079921750254845
3.75,0.006436033282432183,1.659093386803855,20.11288174489048,2.3661786945732497,2.3261925665077965,2.2866711312331702,2.2461125313794477,2.1298441299762167,20.41259765625,0.7820533350509778,-12.46869463034314,,2.182042565410684,2.16033438013488,1.9563022540415933
3.7600000000000002,0.006350110973928484,1.6479815646426248,19.767280777958124,2.3617613493140444,2.318131728093299,2.277674245776783,2.2412366566693187,2.1141420337073527,20.126953125,3.11582011387815,-14.000273939710503,,2.168944752585682,2.1901690595057484,2.2087431568216798
3.77,0.006275569374577435,1.638280488847523,19.377757521750656,2.3569857932182283,2.3105539689956744,2.2710896016655644,2.243418732856454,2.1008094450495762,19.797363281250004,2.0015924765633226,-15.057107602144592,,2.166215126946158,2.237176479659136,2.331865302524489
3.7800000000000002,0.006212691020105045,1.6300524134091527,18.94536184692854,2.3493091772528025,2.2950847605950417,2.242432868795137,2.1777441644627804,2.088830762411488,19.35791015625,-3.0952825312358394,-15.676643012923162,,2.109053835514216,1.9472692856375398,0.6576396636412507
3.79,0.00616171423893044,1.6233511319829406,18.47130811652794,2.3415022195896564,2.2814754953742056,2.2227469419176433,2.1512562795803154,2.0768371292935535,18.9404296875,4.589535729617887,-15.851379544086223,,2.076952436235956,1.9540064088504367,2.073774231808188
3.8000000000000003,0.0061228322488273736,1.6182211462309424,17.956972512665004,2.332554090388756,2.2661890153664466,2.2006325346955156,2.1216628816225094,2.0641341638595656,18.45703125,-1.8373903049586218,-15.543563289809677,,2.0410280992661125,1.9329117190934926,2.1892722389325368
3.81,0.006096192424569109,1.6146969503732698,17.40388976648675,2.3240529866041153,2.254521537726165,2.191551222118966,2.1364892011293333,2.050508279134435,17.9736328125,3.5941201402689855,-14.688772789209361,,2.0437903589348143,2.127433762398732,2.7595224339906217
3.8200000000000003,0.0060818957393324125,1.6128024592824317,16.8137492755793,2.3131097089676755,2.23657442640254,2.165133391794199,2.0929186708368057,2.03552410964589,17.38037109375,-3.4234117400736714,-13.201304522146248,,2.0040739213034007,1.9789814214339443,1.5263943994031746
3.83,0.006079996381977977,1.6125506029908396,16.188390594747755,2.3022645037904237,2.2212469872327487,2.1491661573063303,2.0880412172692226,2.018772008583622,16.80908203125,4.374759661312493,-10.978472583821343,,1.9956094628560097,2.0673799507120956,2.1312406779598008
3.84,0.006090501551657869,1.613943104364452,15.52979828869808,2.29106823747972,2.2067191573706335,2.1368459551800325,2.092337122947918,2.0005359344164666,16.19384765625,0.3082159182584034,-7.7495857813683005,,2.000823015123039,2.14858996729344,2.2519750143337807
3.85,0.006113371430528519,1.6169704493144852,14.840096138687827,2.2782173285200433,2.188535564940655,2.1146630381438665,2.061901972724714,1.9808918631903383,15.5126953125,-1.768657392620964,1.4169851158930316,,1.9827224480148686,2.037025985034531,1.5403071533776405
3.86,0.0061485193346726644,1.6216120508128296,14.12154069964569,2.2651007733657327,2.171561399840049,2.0978058432839766,2.0503768522118775,1.9601318102318182,14.831542968750002,3.5164779932937433,7.87981279545703,,1.9804254498585536,2.038588489564487,1.9743582407874927
3.87,0.006195812042658224,1.627836599771634,13.376514209532111,2.251955213479225,2.1563595724560165,2.0870105759023057,2.055628684275449,1.9392922451295822,14.12841796875,1.9395233370829008,10.853149162169865,,1.99529917732121,2.09443997895469,2.304147377060325
3.88,0.0062550703004887395,1.635602588181817,12.607516858733641,2.238888759437444,2.14298963248718,2.0813754679403114,2.0705681906850315,1.9194464309809978,13.4033203125,2.0104568189624863,12.932080358942617,,2.02395503848219,2.156882232592548,2.3745251929784597
3.89,0.00632606950103149,1.6448589833518752,11.817158433930315,2.2224086885552166,2.11962490054013,2.045966706846601,1.9876419251905866,1.9005520515744774,12.568359375,-3.707103150908929,14.447317642929827,,1.9741665145461982,1.7367155807549155,-1.1915584184448826
3.9,0.006408540535348013,1.655546027088066,11.008149357995862,2.207379951142807,2.10329477223806,2.033863781462715,1.9889941890842366,1.8830477861904813,11.8212890625,5.47404184885134,15.508558155107359,,1.9800132084145927,1.8645598750087435,2.269725514242551
3.91,0.006502170812700278,1.6675961304746592,10.183291154908737,2.192520806240609,2.0889134013091435,2.0270611717767584,2.0021859595266234,1.8687301783445125,11.0302734375,-2.5504689864602965,16.148127328713667,,1.9963279987435036,1.9776835965275337,2.531923649762337
3.92,0.00660660544536626,1.6809348336211674,9.34546637617058,2.1775170634783847,2.0751009992715646,2.020618453102602,2.009231991293283,1.8586593042752675,10.21728515625,1.6454941768203077,16.357874719715085,,2.0102207436920216,2.024032015252763,2.2488760715669027
3.93,0.006721448593774266,1.6954818002351162,8.497628032638024,2.1601927537026926,2.054479853948162,1.9931988724163028,1.9473130585483043,1.8520450483160942,9.33837890625,-2.4424140828494645,16.1020336762686,,1.9665314675535375,1.742313458865854,-0.5639306702946728
3.94,0.006846264966857322,1.71115181890123,7.642788582757037,2.1431311034232103,2.036212346379741,1.9739482160823918,1.9195483872522765,1.847226621548842,8.50341796875,4.074142083574748,15.321433756825039,,1.9366299015506974,1.7293880480188464,1.6059994627669167
3.95,0.006980581471941091,1.7278557861517652,6.784008534731285,2.124765466463688,2.0147611460932877,1.945827132175008,1.8675696214849904,1.8426519305760891,7.62451171875,-2.5561420421656487,13.939956800565366,,1.8776815538770573,1.5902231023053737,1.4367191608934173
3.96,0.007123889007911407,1.7455016504044278,5.9243847259528515,2.10641630514516,1.9947468889417788,1.9233801069658971,1.8418168360540395,1.8372426582422339,6.767578125,3.1641339324721947,11.880376393544735,,1.8271576823881297,1.637133646940889,2.050161685674678
3.97,0.007275644394865098,1.7639953002350692,5.067038347887342,2.089093386982529,1.9792660778504876,1.9147512950416603,1.861817912375915,1.831150743566051,5.9326171875,2.677106987297762,8.981392723106872,,1.8102265298386724,1.8763871625455546,2.5811926304969006
3.98,0.007435272432929824,1.7832413848947197,4.215102788375285,2.0707111534987135,1.9607940784825857,1.8962264046711954,1.8439289502252634,1.8247478113163726,5.0537109375,-2.725234371502778,4.255189084349301,,1.767351768033118,1.8526434877510216,1.7170308208366583
3.99,0.007602168082449605,1.8031440591942398,3.371711365858384,2.0531574081496373,1.9457978479713267,1.8877112418405784,1.8565390981435812,1.8184529415760304,4.21875,3.6732173457827213,-6.5471849499882415,,1.752909102288619,1.9708654126642997,1.9581036921612034
4.0,0.007775698757272314,1.823607648661739,2.5399850312721837,2.036005299492889,1.9323571498498255,1.8821544102200698,1.870794668526393,1.8128478563645767,3.3837890625,-0.3708117564562407,-9.991032342082166,,1.7509744179209494,2.036795697075419,1.8934906410093049
4.01,0.007955206722446949,1.8445372341025648,1.7230201132173435,2.0177985507514413,1.9153622821414367,1.8644398477803639,1.8407571589703242,1.8076895655013363,2.52685546875,-1.8471556277447583,-12.284518151121864,,1.7212788847703484,1.8760128992787566,0.8980804535265611
4.0200000000000005,0.00814001158724261,1.8658391573024227,0.9238761805263246,2.000090713656541,1.9002311073793177,1.851752201817982,1.827777311555411,1.802481881694562,1.7138671875,3.330760232151996,-13.945282518455878,,1.709554491376829,1.8237341589000995,1.6182609991605947
4.03,0.008329412884039813,1.8874214516103711,0.1455640935222524,1.982126220503117,1.8841640194823077,1.835405596809168,1.8025134659360893,1.7972338844258176,0.9008789062499999,-1.3540890448843494,-15.12621910819453,,1.6927223117667696,1.7055082420730192,1.647063122120305
4.04,0.008522692723319649,1.909194202560107,-0.6089656887924122,1.9660998299179389,1.8743991227491206,1.8365711306688766,1.8315919688924835,1.792807102635966,0.15380859375,3.5940176455841977,-15.877191081057134,,1.7280918530158227,1.862133600313348,2.500680783628027
4.05,0.008719118514687055,1.9310698446013783,-1.336834483551664,1.9497669140762606,1.8627317147526568,1.8293481970360777,1.8253740414085833,1.7902356360901477,-0.615234375,-2.8023717000185737,-16.201133776185387,,1.7459015370963915,1.7961033771871926,1.840914250217053
4.0600000000000005,0.0089179457436152,1.9529634004989915,-2.035246384902546,1.9341033472493891,1.8524782543741232,1.8243432648174396,1.8233268292701132,1.790043519474801,-1.34033203125,2.9583419354588627,-16.070327746900183,,1.7720345886842492,1.7810176775770796,1.7002368244753678
4.07,0.009118420793385774,1.9747926700983105,-2.7014988418786348,1.9188112274017974,1.842413621097719,1.8178133744316136,1.8138153829772858,1.792610416211993,-2.04345703125,1.1207681303153763,-15.431925717853007,,1.794744263921238,1.7424290211207973,1.5365579254085606
4.08,0.009319783801529681,1.996478375034545,-3.3329927716285477,1.9035230592134538,1.831242291993797,1.8063964601631766,1.7888662817556904,1.7981516026055226,-2.724609375,1.1113646614281532,-14.21111473561043,,1.803230047135328,1.6509351170502056,1.3332426784759022
4.09,0.009521271539940791,2.017944265650913,-3.927242174091821,1.8908875942645462,1.8276448197505604,1.8153401809690857,1.8276625441695293,1.8073307542408443,-3.31787109375,3.821766328192394,-12.326904052578424,,1.8589784075266225,1.8913567418947863,2.4685596469306983
4.1,0.009722120307746704,2.0391171959509506,-4.481883222024183,1.877874981491601,1.8208416686840252,1.8114733148066802,1.8177550594247784,1.8202407678264088,-3.93310546875,-3.348779348925908,-9.650191378718283,,1.8787829554003803,1.8288088081778409,1.671237435244048
4.11,0.009921568825971323,2.0599271718938423,-4.994682807924497,1.864929634169265,1.8125950960291828,1.801685661442968,1.7902880502182446,1.8356260349920261,-4.50439453125,2.643468485802585,-5.567447019541562,,1.8772420159118215,1.718439091694218,1.1805208936692484
4.12,0.010118861123017667,2.0803073777894436,-5.463546536681312,1.8533784747216215,1.807327129781845,1.7993838759140344,1.7897448605931525,1.8521367116165697,-5.009765625000001,2.891388663874715,5.504829573113647,,1.8853532038918381,1.7687944459824103,1.8589204092126435
4.13,0.010313249400034268,2.1001941849921875,-5.886526159429735,1.842150366558431,1.801234882877629,1.7930332074056992,1.7763318153317087,1.8685019856856644,-5.4931640625,-1.63335750198962,9.382938988857859,,1.8753245646924641,1.7339735537748717,1.7258628886060998
4.14,0.010503996865304075,2.1195271465521817,-6.261826450004601,1.8323607592357447,1.7979907707830383,1.793654153543261,1.7860398894124814,1.8836191873043564,-5.91064453125,2.932429716648152,11.841614683712136,,1.8736639986973729,1.8127751024804355,2.0742613496960014
4.15,0.010690380526913132,2.1382489809727234,-6.587811530337307,1.822749299131754,1.7932437801232324,1.7882491559202152,1.7750052594313135,1.8967222956886431,-6.30615234375,-1.5926078324395658,13.606618574032039,,1.8500823355577234,1.7656196679731977,1.654701516472903
4.16,0.010871693933113531,2.1563055477550312,-6.863010655048238,1.8164266037832466,1.7971004999675704,1.8060048559936248,1.83431036906043,1.9077738342373967,-6.591796875,4.082360642551886,14.868465322747713,,1.8770421701865527,2.0339963325337687,2.5726366148987343
4.17,0.011047249849994245,2.173645816988416,-7.086123468246909,1.808461386083126,1.7929121040983522,1.7973784767307734,1.801768564562301,1.9166789906534765,-6.92138671875,-4.273612001718625,15.691168417579465,,1.8365695498095675,1.8112311211770256,0.602953116384447
4.18,0.011216382866310234,2.1902218348686433,-7.256024747118102,1.8032234750148883,1.7954973923506856,1.80744099859694,1.8303832956626829,1.923763548171381,-7.119140625000001,4.891590738398612,16.085498042583296,,1.83820781964264,1.9332768302198022,2.0412609871060425
4.19,0.011378451915596935,2.2059886866985186,-7.371768647233035,1.800012866081127,1.8018950708716372,1.8253952316452484,1.8748218985437526,1.9308065104031016,-7.27294921875,-1.2675195326783333,16.028522410274242,,1.8598203511780822,2.0618758862261988,2.351383502407176
4.2,0.011532842706010519,2.220904458640207,-7.43259246372139,1.7992455319146274,1.812982357774471,1.852479095211223,1.9344345983570952,1.9396691146769818,-7.36083984375,2.4215315399569297,15.470890277947944,,1.9066930228729115,2.202365703470007,2.4676178630216126
4.21,0.011678970048684123,2.234930199245471,-7.438345743347593,1.7979992523509747,1.819130551615391,1.8611363519404927,1.927284909922407,1.9508972665325965,-7.448730468749999,-2.6959178661572043,14.340426042210538,,1.9115959462398506,2.0249344255278463,1.0877733647299517
4.22,0.011816280075774652,2.248029881583959,-7.392388644504445,1.7970518639050463,1.8234264368631776,1.862633258620397,1.9009194617270453,1.9638606316548068,-7.470703125,2.9189409070240746,12.553057791543008,,1.8999000367781747,1.8245874500637709,0.741030566594499
4.23,0.01194425233979332,2.2601703666171753,-7.295455681310421,1.799250160260027,1.8351242995292485,1.8839527910273168,1.9394379351827948,1.9784055374436726,-7.3828125,3.8534297547731424,9.988022687091329,,1.9381507150265902,1.98921473361096,2.4710216239991545
4.24,0.01206240178626261,2.2713213683226026,-7.147528522958064,1.8007224941804907,1.8415718182996101,1.8873788205557915,1.9196066580999525,1.9941487568785032,-7.31689453125,-3.7177860572037424,6.14880955716608,,1.9345663184689803,1.8317613249885145,1.6636815680928823
4.25,0.012170280592222896,2.2814554209551234,-6.948775120458226,1.8034814941155153,1.8500069162002586,1.895320708274898,1.9193671948453777,2.0102880493289286,-7.163085937499999,3.87879743841978,-4.887176403004518,,1.9422431474725925,1.835815542645526,2.0046101571639965
4.26,0.012267479863620001,2.2905478487376683,-6.699550553527745,1.808202391032288,1.8624991393658128,1.912731611911311,1.9495729412038383,2.0265906139142484,-6.943359375,2.355160172797665,-9.077641599643997,,1.9738797453236352,1.9851240389786609,2.4398796323420657
4.2700000000000005,0.012353631185140185,2.298576738196859,-6.400397289108727,1.8126215852147658,1.870888562411554,1.9156636115585892,1.9334977331101013,2.0426182232161403,-6.7236328125,-2.7041556079699576,-11.64835596985867,,1.970909333023512,1.8852063057924455,1.5430841398524493
4.28,0.01242840801661813,2.305522913299312,-6.052044839365953,1.8187442674440977,1.8821080977426818,1.9256943209389548,1.9444823183423656,2.0581144988149838,-6.416015625000001,3.8246140558978525,-13.490277352275069,,1.984555119846077,1.9589614637377268,1.9996876144188174
4.29,0.012491526930725297,2.3113699134977197,-5.655408801764111,1.827393429767109,1.8981595730010623,1.9473340824018073,1.9898607393469092,2.0737598024827584,-6.04248046875,2.4207208695822713,-14.818959674442736,,2.0266024600167354,2.1541408948507392,2.5221250910216675
4.3,0.012542748687247104,2.3161039747604613,-5.211589261935277,1.8372701345298301,1.9138838777688347,1.9653913712848126,2.0172680092587276,2.090128673953117,-5.64697265625,-1.4741640642001068,-15.708324177900224,,2.0606115682693495,2.204718340654979,2.162799811765281
4.3100000000000005,0.012581879139877438,2.3197140136324954,-4.721868538790031,1.847201026668835,1.925596906640504,1.9712355495762763,2.0054218696717543,2.1069781938077443,-5.2294921875,0.9675968803808386,-16.174708947751324,,2.064525585987789,2.076881754343511,1.294806718468037
4.32,0.012608769972093174,2.322191614356665,-4.187708250859023,1.8604648894817521,1.9438916610536898,1.9950763414506212,2.050764083661852,2.1241760622560335,-4.7021484375,4.3109652241391725,-16.199333048595598,,2.109590887421098,2.2310217472631093,2.4732053437855677
4.33,0.012623319259319718,2.323531019071968,-3.610745683310932,1.8734025779692525,1.957127214365175,2.00402020807025,2.045491778980849,2.141363254672705,-4.19677734375,-3.476866534936098,-15.737114305371136,,2.1178185410055392,2.104868882960308,1.736344386740947
4.34,0.012625471855256684,2.3237291210972995,-2.992789436585716,1.8883579045851482,1.9732403044059539,2.021462136629922,2.068549006983877,2.1576953348474013,-3.6035156249999996,4.0871080765131635,-14.721220979662336,,2.1433568778207412,2.1439440176246993,2.279651343893861
4.3500000000000005,0.012615219600899414,2.322785461304518,-2.3358143401847173,1.9029331178693565,1.9855412096088996,2.0286220111599658,2.0594461852987873,2.172243162696154,-3.01025390625,-2.2949280599159185,-13.072065542258175,,2.141714049026774,2.0226852271667397,1.7975230382990548
4.36,0.012592601355464153,2.320702227582254,-1.6419556189102698,1.9184943705924942,1.9989813501981608,2.040276783495698,2.0684565224320135,2.1842431525273507,-2.35107421875,3.394838133285917,-10.69220302710795,,2.1471749043746486,2.0307237997624368,2.177249839512593
4.37,0.012557702849099581,2.317484257390629,-0.9135023037454321,1.9351344407032383,2.014271801658701,2.057840133146603,2.0960665427987895,2.193765553555761,-1.64794921875,2.3000841742025107,-7.259380413205298,,2.1643025952580506,2.1254761824171533,2.4820209057481377
4.38,0.01251065635794303,2.3131390434059775,-0.15288988556411306,1.9508271908848214,2.0261673335121912,2.066187087871512,2.0938834889202593,2.2013325944536097,-0.94482421875,-1.672207148215342,3.0560530832850947,,2.157641406611123,2.0668601625129353,1.9206154130578839
4.39,0.012451640202752991,2.307676742252779,0.6373077831254799,1.9683463788100293,2.043272607062976,2.0900505901504913,2.1405221334074986,2.208383358370427,-0.15380859375,4.23514951664644,8.287522334251186,,2.1870055170829876,2.261063919648611,2.6328457728744334
4.4,0.01238087807301826,2.3011101863162136,1.4543873253081634,1.9868015081204156,2.062998966845708,2.1200443875841346,2.1972608038737516,2.2170769697356327,0.6591796875,0.8447092500554488,11.098867609973537,,2.232241568882456,2.4313511182452805,2.698195059391553
4.41,0.01229863817910559,2.29345489862205,2.2955253937640245,2.002533093163659,2.075076180829217,2.1270102010193424,2.177706492853366,2.228614016149725,1.4282226562500002,-3.0116805355314873,13.080064559437536,,2.223309653350386,2.235422743539427,1.0251999226440305
4.42,0.01220523223565937,2.284729110759676,3.157788911753259,2.0209102480566132,2.0958178259214155,2.1587818774966645,2.2365632260967043,2.243917738668199,2.3291015625,5.5222631607710655,14.516230822276864,,2.273618794661443,2.4473320230032867,2.7295848248703525
4.43,0.012101014280106686,2.2749537838077765,4.038145959939342,2.037336949947076,2.1112489491937194,2.1735018857793014,2.2365101673996333,2.263168408125872,3.1640625,-4.205168500419451,15.503387562786868,,2.2845639579353527,2.3280916456990557,1.9173885945347786
4.44,0.011986379330745955,2.2641526321988663,4.933477260063111,2.053248787480092,2.1260893895369883,2.186445510211125,2.2344015987393484,2.2847327147611227,4.04296875,3.753477859286114,16.06796870967542,,2.2906905433704754,2.2426087661781953,1.9903246877625866
4.45,0.011861761889505315,2.252352150426991,5.840588196824063,2.067090362464341,2.135698495263445,2.185194810336629,2.194862572770014,2.305936643601471,4.89990234375,-1.615426769888558,16.197517873185056,,2.2610448471474496,2.0055226808993067,1.4619209634377497
4.46,0.011727634295045893,2.239581642460502,6.756221310937555,2.0806012039845356,2.145729403265245,2.187304973736591,2.1780692510082007,2.3241096547222075,5.80078125,3.5670489062930435,15.852349830506654,,2.236833159198739,1.9595710474756312,2.225553611580097
4.47,0.011584504932452114,2.2258732536666725,7.67706918869221,2.094370572961473,2.1578779416363063,2.1971061817051494,2.1929525091890443,2.3376952131329802,6.7236328125,2.593422583770923,14.970015963756552,,2.2308328395242527,2.089076359907347,2.771053904890838
4.48,0.011432916306294926,2.211262004984644,8.59978766678682,2.107202761000969,2.168122066479523,2.2025131405763214,2.196336486969538,2.34603570112746,7.62451171875,-1.057362296018904,13.473405385818591,,2.2152754442983023,2.132948202957628,2.4317569461409545
4.49,0.011273442984371666,2.195785828994943,9.521009266007587,2.1209552795666116,2.182338458181763,2.220304125520345,2.239796311892239,2.349614703692321,8.5693359375,3.914315081935332,11.27877608363201,,2.2335546764205874,2.3598254168315513,2.765239749166798
4.5,0.011106689419916268,2.1794856074245126,10.437356763602823,2.1354664250900766,2.199485699639989,2.2457771744756614,2.299079170149212,2.3499543717791798,9.51416015625,1.9211878101814635,8.16910287970482,,2.276439740248217,2.5748913945174703,2.7718066692975154
4.51,0.01093328766053448,2.162405209492463,11.345456812164622,2.1498571849591177,2.2163314008591968,2.2688729629974334,2.3402771492158765,2.3483618248163243,10.43701171875,1.2741094233347856,2.260655298054946,,2.319290793117219,2.6470482314285695,2.3027729120861524
4.5200000000000005,0.010753894952547886,2.144591530339829,12.24195351252245,2.162690452773358,2.2282371839073387,2.2772265098214564,2.331348185673138,2.3451774315247573,11.31591796875,-0.8073824561344217,-7.362464352992644,,2.3300315559162295,2.4911206379144533,1.206048799849467
4.53,0.010569191249827041,2.1260945285926742,13.123521849622367,2.1755189397827785,2.2405411858979165,2.2874414329052066,2.331342519742874,2.3405460915539917,12.216796875,3.7319355512266443,-10.433714871375052,,2.347218142479013,2.41241260557192,1.9495147544191962
4.54,0.010379876636555792,2.106967261877902,13.986880903577125,2.188014233647019,2.2520897643399533,2.2961357772441913,2.329129455277701,2.335272839312348,13.095703125,1.5464145581114825,-12.52991804502694,,2.3615952399244016,2.328250351682206,2.340405893990446
4.55,0.010186668673695715,2.087265918841377,14.828806752938698,2.2025766115720837,2.2704430864654905,2.3241711519812487,2.3864765564031836,2.330946964456226,14.0185546875,4.268087719153763,-14.031594814038352,,2.423703912407667,2.5221096145432895,3.293646976818815
4.5600000000000005,0.009990299679207948,2.0670498459047835,15.646144993621794,2.2153174400744975,2.282577456589501,2.333247427961538,2.378807825875718,2.3285160410196086,14.831542968750002,-3.8955292004402353,-15.05883154112216,,2.440160919952357,2.3622091848915994,2.1710805059886074
4.57,0.009791513952341653,2.0463815666386713,16.435822804601372,2.2265733120463755,2.290235811200758,2.330687431598237,2.3410268131470806,2.327583324365446,15.622558593750002,3.154254674212282,-15.646065542054624,,2.4256171398004907,2.1287644386083993,1.3309872152675937
4.58,0.00959106495250942,2.0253267912227617,17.194860500284328,2.238432012428981,2.30043402208971,2.3373696933078274,2.34193260330239,2.3280832193690473,16.435546875,4.030230621189622,-15.78332911872784,,2.4291920804731415,2.1758826168144707,2.4092463714155024
4.59,0.009389712443443035,2.003954413011814,17.92038251904737,2.250174228389662,2.3106577792681904,2.345185489033666,2.349825521777599,2.3304576942172375,17.20458984375,-0.43046504914618505,-15.430081380086968,,2.432181489228209,2.249588108456616,2.6421185194528567
4.6000000000000005,0.009188219613453853,1.9823364887294788,18.60962780755059,2.2621469868320503,2.3219875954712066,2.3569416591411136,2.3712717429204546,2.3347861211779875,17.951660156250004,2.920980696575876,-14.518888486365434,,2.4420601565097564,2.378546641525068,2.7640225352643113
4.61,0.008987350182712982,1.9605481982814008,19.259959570777696,2.2713765206352736,2.3251188612844698,2.346364717470113,2.324669994618644,2.3399462404519733,18.5888671875,-3.1321230458933016,-12.96086111947574,,2.394357276017824,2.1699841588751005,1.2635672276742953
4.62,0.00878786550851543,1.9386677796249923,19.868874368018425,2.2805667428812058,2.3293432915255137,2.3421685808149575,2.3101227780732456,2.3444558439911187,19.248046875,4.612520061018632,-10.642449165905035,,2.3581327074156584,2.2055836471070807,2.144255904686807
4.63,0.00859052169950046,1.9167764335762816,20.43401054490485,2.2895214567175635,2.3339691444200135,2.3416403111927764,2.3130288085005883,2.3476066533130284,19.86328125,1.6218066412470347,-7.227139271882497,,2.3294265463772468,2.3048776739935386,2.581481436983132
4.64,0.008396066749765861,1.894958192901346,20.95315600086837,2.298161515140554,2.338727966853572,2.3435033957056035,2.325168066745935,2.3489797482028236,20.4345703125,2.192771009602401,3.179992808115571,,2.307705504379023,2.403792907516401,2.6664775876564955
4.65,0.008205237703738898,1.873299749568188,21.424255299754666,2.3056706271321583,2.341083839622153,2.340251063245047,2.3211305083597478,2.3480362566163655,20.93994140625,1.369246232770582,8.387307347839654,,2.275701388332147,2.3927323015623534,2.2538370483239474
4.66,0.008018757862549896,1.8518902336719443,21.84541613860867,2.3122919158063717,2.3420445734781055,2.335293417992486,2.313975929511583,2.344252312511539,21.4013671875,2.668258843813042,11.232353553981625,,2.243238802140844,2.3659226044587203,2.112684347665244
4.67,0.00783733404249707,1.8308209373507625,22.214915195650164,2.319125017172918,2.3451737287831707,2.33878086652464,2.3343659031387185,2.3376840978927613,21.8408203125,3.3478591933337563,13.257356494075692,,2.2389505022445038,2.454283511447783,2.5899244110922957
4.68,0.007661653895994122,1.810184977051125,22.531203383075166,2.324654545268164,2.3455023095383924,2.3354546566307763,2.3300179876061087,2.328694515207397,22.1923828125,-1.8933490614909545,14.746101194263817,,2.224434708643064,2.3891167100901813,2.165937732741398
4.69,0.007492383305154823,1.7900768878580489,22.792910533454922,2.3301672495886336,2.3473129693859254,2.338135484312751,2.34408160206058,2.3179212931841198,22.52197265625,3.6692151039687095,15.796251515160295,,2.2336674181884395,2.4188982494237807,2.4779710164374684
4.7,0.0073301638578937445,1.770592144361183,22.998849550125346,2.3359413294166433,2.351288209368532,2.3477406683517352,2.374814291167098,2.3063981510744953,22.8076171875,2.5766609699737884,16.43624728663813,,2.2694108282812793,2.499177690859983,2.7244428555556817
4.71,0.007175610416109553,1.7518266037647099,23.148020052071274,2.340601809944021,2.3528331542425613,2.3502002260138437,2.3766296734706556,2.2945613681473223,23.00537109375,-1.5570116840969397,16.657000113159924,,2.2938251371381946,2.4231744521809446,2.1830916096082174
4.72,0.007029308785168145,1.7338758687396336,23.23961154245992,2.343877123136135,2.351282010989419,2.344452171205872,2.352498556196305,2.2818219212805233,23.13720703125,2.22906876504714,16.42385114393676,,2.301888840448748,2.259875369177926,1.6971241352998236
4.73,0.006891813493519062,1.7168345699122738,23.27300750718391,2.3455833190404247,2.346312406115158,2.3305750062794206,2.3082642332508905,2.267249484474175,23.203125,2.0308384116538067,15.680668149115698,,2.291221710977756,2.0553177222101904,1.5564497965448945
4.74,0.006763645690861132,1.700795570897716,23.249996264888388,2.3480413704312126,2.345580562245845,2.3312045595980044,2.317002584410456,2.250749977343327,23.26904296875,4.189345365951594,14.357544437711944,,2.3178425785888437,2.1841636369469675,2.7609317861783533
4.75,0.00664529117282379,1.68584910238598,23.17321712936063,2.3490322009721365,2.3415681804128208,2.3230881304331596,2.297869248970873,2.2328215889249887,23.22509765625,-2.916253716666457,12.39102699577853,,2.320779571668942,2.130646943629856,2.283032308634123
4.76,0.006537198539651355,1.6720818358715457,23.042661134765957,2.3498543163761645,2.3386746817532074,2.3196183602121323,2.2965646337641465,2.2143424552299296,23.1591796875,3.766406724477637,9.66889524499828,,2.3327715237940296,2.202804425739355,2.4478807571771477
4.7700000000000005,0.006439777495869293,1.659575912007843,22.85848101985042,2.3507651521006903,2.3375306856700964,2.3218355030812936,2.313115589199876,2.1969317660077627,23.04931640625,2.5143272250885507,5.591104720198192,,2.3560033825356705,2.3381388726059202,2.60265167698312
4.78,0.006353397297377339,1.6484079430132863,22.621021747400132,2.350346231572732,2.333326037756544,2.315308018688058,2.299443480603911,2.18198732101902,22.851562500000004,-1.8636403506494983,-5.422698957615319,,2.3538241166604674,2.299487826549449,1.9567107219778261
4.79,0.006278385351855311,1.6386480127281975,22.330820544793927,2.3498320539078668,2.33027636319754,2.3129941946358112,2.3012326177755504,2.1704302578119155,22.6318359375,3.637242750558366,-9.274909894786601,,2.3574549552188926,2.349032038446583,2.2366726889609
4.8,0.006215025977786754,1.6303587014444627,21.988606408429987,2.349414798897954,2.3288170244396365,2.3155324348626474,2.316746151930079,2.162502112412393,22.368164062500004,2.358425379872683,-11.692270697158543,,2.3683813414218484,2.4305008464363627,2.510229667589334
4.8100000000000005,0.00616355932680388,1.6235941651048829,21.59529905639167,2.3451515978715816,2.315998786214569,2.285150200726761,2.229487644826962,2.1563905330047377,21.95068359375,-4.199002286655122,-13.408242496313624,,2.2938187672190145,2.014219532417906,-1.1001365606805273
4.82,0.006124180473438611,1.6183992995265413,21.15200731009314,2.340257475076982,2.3033554870588047,2.259287403856326,2.174061866904043,2.149514023006034,21.55517578125,4.979012041432019,-14.612185125341929,,2.22180697554691,1.8740654019571168,1.6556717187583627
4.83,0.006097038675729701,1.6148090196499072,20.660026882665967,2.3357656367492403,2.294206275382879,2.2470926581577197,2.1726993399313637,2.140667854699392,21.1376953125,2.807440726207738,-15.365121801496295,,2.1784151163589156,2.0274004346096675,2.8294255069312815
4.84,0.0060822368094886154,1.612847681290376,20.12083754970105,2.3308376387368193,2.285427068012208,2.2376972018318173,2.180159126846669,2.1292637616179473,20.654296875,-1.255089091649679,-15.673237180262348,,2.1406885495470753,2.145699145957882,2.7966377514171805
4.8500000000000005,0.006079830978368364,1.6125286684790654,19.536099676810572,2.323876523669199,2.2717492725159856,2.215537255875027,2.146334861647354,2.114237912818728,20.0830078125,-1.6596111581955746,-15.50808446219223,,2.069995701731622,2.0343702877289846,1.741548423823339
4.86,0.006089830301213301,1.6138541634234829,18.907650078462368,2.315990194580391,2.2572295304162777,2.1938629140659804,2.11950525730506,2.0946664128133685,19.48974609375,3.3702253814105614,-14.812285698821803,,2.001900753373098,2.0041095827358815,1.6863624227100142
4.87,0.006112196877495875,1.6168151087794995,18.237497183770078,2.307215740922692,2.2420250747783235,2.1729754339033716,2.098956829170915,2.070972159242644,18.8525390625,1.786799529140695,-13.500962467592373,,1.9404840841132636,2.009854085147587,1.893040630785572
4.88,0.006146845930971366,1.6213913638374822,17.52781548746613,2.3008912959117405,2.2369722617344547,2.1836030774079003,2.1762149371513906,2.0455568368561146,18.25927734375,4.657458678957822,-11.470411037046828,,1.9768882692244627,2.422057598065462,3.2516130600616417
4.89,0.0061936461310060816,1.6275520480116004,16.780939268168403,2.292088952054975,2.224888312309434,2.1720310567014236,2.1655433698553463,2.0208449702357036,17.51220703125,-4.815516137491524,-8.509054424931232,,1.96498377982121,2.3043452090915038,1.732494028052008
4.9,0.006252420090361087,1.6352560573217145,15.999355561257095,2.28254120579801,2.2120355677579875,2.1589419246286536,2.14789062517988,1.9980712161118896,16.76513671875,4.082033187535958,-3.201144982385125,,1.9601687122969267,2.199471623738779,1.392155333365593
4.91,0.006322945037544725,1.6444527329487473,15.185696380140545,2.272768526814562,2.2000843488534905,2.1491505097234693,2.1394453637275186,1.9784609676716316,15.99609375,2.4644030251385862,7.131627612841361,,1.9746451511662246,2.1529475023474185,1.8947730178836986
4.92,0.006404953661185521,1.6550826558742886,14.342730187294276,2.2622484541449865,2.1871376118826764,2.136648795926607,2.1205612498830275,1.9628504217163047,15.18310546875,-0.3250384091005582,10.403963999799757,,1.990202511120066,2.0545928445945494,1.9621068773380101
4.93,0.006498135123224976,1.6670785383558617,13.473352625046555,2.2504379528139635,2.171430830351426,2.1166447875851686,2.0794135574916726,1.9512288708498642,14.326171874999998,1.3791374432502506,12.646150237904616,,1.9913191755382276,1.8698124851389524,1.7049773861279287
4.94,0.006602136237089975,1.6803661816213216,12.580576525452596,2.2385189208774405,2.1570056380798066,2.1016466257271134,2.0591372265275263,1.943130373038091,13.46923828125,3.177214450803561,14.289660383780427,,2.0083350871505754,1.846215055189434,2.189325504083285
4.95,0.006716562806379208,1.69486546958879,11.667521228506365,2.2256250831489868,2.1408077781341985,2.082166103671165,2.0270869497575674,1.9376329483426313,12.568359375,-1.2994337776643918,15.46991513428222,,2.0138911817387064,1.773191863327984,1.9761735830416518
4.96,0.006840981118989473,1.7104913703847628,10.737401248110565,2.211790714750805,2.1230421552964795,2.0593430257559024,1.9894535782930949,1.9331396576834528,11.6455078125,2.069828403637756,16.231561712789926,,2.0083075810980136,1.7121872815018977,1.783727983418215
4.97,0.006974919591018773,1.7271549205961805,9.793514335365485,2.196929457609686,2.103505375280882,2.033015374220432,1.9471601568632118,1.9278936430375844,10.70068359375,1.7562121973668043,16.576270199067064,,1.9888557313247721,1.666309413857443,1.6532841845257322
4.98,0.00711787055421523,1.7447641711596538,8.839228998537719,2.1817423990177853,2.084609008471739,2.010606041694731,1.9243949710852533,1.9207166936441993,9.755859375,2.5554392062717017,16.477158762921388,,1.9728816365673272,1.7504075694592955,1.9956219189126814
4.99,0.007269292180196758,1.763225078172603,7.877971548220965,2.166697290532117,2.0677501236766846,1.9955731267986139,1.9273493680386382,1.9114585809744056,8.81103515625,2.261416885611118,15.884029339695976,,1.96898089304083,1.9249119023783738,2.2986883369787403
5.0,0.007428610534148407,1.7824423263574438,6.913212744404542,2.1511504998023785,2.0505047366311038,1.9797738881852274,1.9243634670304284,1.9006363591436732,7.84423828125,0.15321348973166338,14.72728697392805,,1.9568210437367801,2.0025504286828886,2.0129524491222157
5.01,0.007595221750212795,1.8023200771373638,5.948454129145715,2.1362442045407466,2.0365840055980566,1.9738370874832698,1.9480128807120414,1.8892469277633661,6.8994140625,3.0824469538825365,12.935810036568517,,1.9636419479088965,2.1529359367181278,2.2311659692506995
5.0200000000000005,0.007768494320328633,1.8227626370848558,4.987214134058995,2.120052971109856,2.0191735548774745,1.9566072067092832,1.9277540162382008,1.8782221528530854,5.91064453125,-2.543281415398199,10.41566270699329,,1.9367977020927702,2.0489717964863052,1.2772517361509275
5.03,0.007947771487841575,1.8436750457529638,4.033014055693085,2.1045076159670275,2.0049181031557004,1.9486013966675544,1.9346311856634433,1.8685359905169605,4.9658203125,3.6909811620650954,6.7752905461472634,,1.9277612468934335,2.0716719719367953,1.907373954815057
5.04,0.008132373736815275,1.8649635845354913,3.089363993923052,2.0901743596291626,1.995222377515258,1.9523113107357402,1.969546318287282,1.861453919517065,4.04296875,2.1816375553639094,-4.025123039716919,,1.9450486454116678,2.16957618036959,2.4271482622506753
5.05,0.008321601367606936,1.8865362102230028,2.159748848659342,2.073633739490141,1.9782032020014089,1.9320770146392414,1.9206691954660544,1.8567944953110251,3.05419921875,-3.5984428554965175,-8.664634571374839,,1.8993218237257823,1.8485721184693293,0.5300607413860461
5.0600000000000005,0.008514737148945541,1.908302918365494,1.2476144684498138,2.057522006334448,1.963238361868243,1.9179222166245806,1.89564143721024,1.853395119427729,2.13134765625,4.230101727320909,-11.346588534441029,,1.864699811432208,1.7219670784502867,1.5667891101499645
5.07,0.008711049036460175,1.9301760424852312,0.35635404097364115,2.041091794523924,1.9475518202539472,1.9011198736926769,1.8644163745077018,1.8505052599834004,1.20849609375,-1.5863752392358523,-13.248655157744869,,1.8205490686717716,1.5867836935161186,1.7449031841089506
5.08,0.008909792947354845,1.9520704956847084,-0.510705189891027,2.025489723924533,1.934899887520966,1.892762859315465,1.8625858899957415,1.8479514887272308,0.32958984375,2.8871517373927236,-14.620264103532486,,1.7976458169689398,1.6546671811401537,2.26864112459472
5.09,0.009110215580712422,1.973903961348522,-1.3503148026295455,2.010583573111337,1.9244070110991187,1.8891434889237801,1.872750956365809,1.8460987129746635,-0.52734375,1.517111396494238,-15.54616347654642,,1.789558281659602,1.7714563495517395,2.2963473534655146
5.1000000000000005,0.00931155727273819,1.9955970395255918,-2.1593176027183913,1.9951495896735132,1.911717284754195,1.8772128349688701,1.8530449072876707,1.8450521714753385,-1.38427734375,-1.4854972205705625,-16.047476930568205,,1.7631497285571536,1.7298923918928442,1.533600107135004
5.11,0.009513054876120726,2.0170733552724998,-2.934659493062776,1.9809595703480583,1.9027774061111868,1.875016252470995,1.8642355669874564,1.844939746907648,-2.17529296875,3.459768462289859,-16.10810906200753,,1.7669621891934721,1.8710928314875332,1.9608856994828079
5.12,0.009713944652596306,2.038259634802923,-3.673400760078556,1.9674111300899308,1.8950974758005412,1.8741305597009739,1.874311603582206,1.8459139899082606,-2.9443359375,-0.8278739609032708,-15.684789721285162,,1.7800020971895187,1.959945823262053,1.9252405055534418
5.13,0.009913465167753283,2.0590857547740926,-4.372726735801693,1.952875650943486,1.8831483111436464,1.858829911675201,1.8366326420911243,1.8472992722395662,-3.71337890625,-1.882083484687184,-14.711991060073222,,1.7597505397743438,1.8100465049411174,0.8628230628491914
5.14,0.010110860177104079,2.0794847694897562,-5.029957807088195,1.9388596340830058,1.8722467639172446,1.8462493889157887,1.8130893885306174,1.8485003684912713,-4.41650390625,3.283857857887016,-13.10988897640354,,1.749634469918219,1.7685969164153605,1.5325933921559791
5.15,0.010305381492485778,2.099392920241369,-5.642558753452293,1.9265263843932543,1.8659974503072478,1.8463381174743525,1.8313597164173732,1.850271836142651,-5.0537109375,2.605292778906961,-10.783122205706038,,1.7760376039551413,1.906957429974674,2.364783587613258
5.16,0.010496291817924747,2.118749630467397,-6.2081474050694725,1.9167323214142622,1.8665585663252724,1.8633224470464531,1.8936760249372873,1.8541517407800996,-5.625,2.511712582186506,-7.437028217134944,,1.8492550921398385,2.1528205896844006,2.7974671851443955
5.17,0.010682867544216592,2.1374974898999612,-6.724502621657719,1.9060197987992895,1.8619295426132467,1.8611827163820431,1.883614839202338,1.860263085231737,-6.21826171875,-3.34792564167793,2.4972788039276455,,1.8755288246928876,2.0073065115133484,1.3329087212644048
5.18,0.01086440149162887,2.155582230397866,-7.189571601091778,1.8934308690957369,1.8496008219505782,1.8357181876118478,1.8037857814875489,1.8668632056479744,-6.78955078125,1.1989533737799074,8.069289558682668,,1.8410198788373104,1.575190311214434,-1.671613674567651
5.19,0.011040205590331116,2.172952695740558,-7.601476533489269,1.8842325892898992,1.8473535317899903,1.8402574524371067,1.8299587688141086,1.8733433851611403,-7.207031249999999,5.057755735502137,10.91267104109223,,1.876228374979178,1.7812292580234304,2.336548843205123
5.2,0.011209613488392351,2.189560807280185,-7.958520621967124,1.8755581773646501,1.8448517297991196,1.8417899734345684,1.8407487702473264,1.880476153675496,-7.62451171875,-3.5456518918284226,12.897359104323892,,1.899938316891118,1.814970113411824,2.3023727968427306
5.21,0.011371983077461168,2.2053615270183147,-8.25919349518441,1.8680111257911711,1.844047226882437,1.8462911214932625,1.857053501655728,1.8888992781724239,-7.976074218750001,2.8594444605872025,14.32339946962272,,1.9257457538522476,1.8714575809469194,2.2053667022602355
5.22,0.011526698926554993,2.2203128193875874,-8.502176039096378,1.8609916747690751,1.8428455377150337,1.8476066403141527,1.8593473552157873,1.8991047655155688,-8.28369140625,1.1368228755849508,15.289915374776267,,1.9380632574694787,1.8584340939489847,1.7637587183394363
5.23,0.011673174614733968,2.2343756127736767,-8.686344676028275,1.8560104607514973,1.8461024866498004,1.8597972598418377,1.8921157982194625,1.9114664746340024,-8.50341796875,3.124789575131902,15.823506546381314,,1.9701788151990862,1.9952543156560902,2.151347207227353
5.24,0.01181085495381775,2.24751376160543,-8.810775118269953,1.8511479004517286,1.8472590045293815,1.8632174402615669,1.8910605304179398,1.9256462418930906,-8.701171875,-2.2445014966744683,15.910293795211613,,1.9754937876152685,1.9428302010519694,1.5354678060810008
5.25,0.011939218092720479,2.2596940096672298,-8.874745620984001,1.8458100035932075,1.8447357782688147,1.8548741646230884,1.8547437096635098,1.9402533905936423,-8.854980468750002,1.475105043481848,15.507459227938787,,1.945404775383293,1.754704955182899,0.7317016664945799
5.26,0.012057777495427947,2.270885955143398,-8.878260284561295,1.8415705947337586,1.843982758385705,1.8517303166257923,1.8416028520401382,1.954310916363007,-8.9208984375,3.206062139019395,14.547677408329202,,1.9196860573819194,1.7373021198296277,1.7756111769126166
5.2700000000000005,0.012166083785119517,2.2810620177860703,-8.824797472540483,1.8397127138005092,1.8489129703430522,1.8641415349878738,1.878272646361902,1.9682614363418924,-8.89892578125,2.825182160182356,12.945736465108185,,1.9269565684112933,1.9439801230945717,2.627751922591259
5.28,0.012263726447445392,2.290197408502017,-8.715054408142814,1.8393460822234744,1.8561432795247108,1.8805854387491525,1.9189819527543979,1.9831154009227596,-8.8330078125,-0.23463641234071939,10.59382197229099,,1.9432892022623427,2.085219031993011,2.518412196339611
5.29,0.012350335386503007,2.2982701015769194,-8.549128940474045,1.8397992636230915,1.8633841531519009,1.8942137168564432,1.9424598579817896,1.9992054888138244,-8.72314453125,1.4811957553640023,7.154589402578611,,1.9532879995596035,2.1120780621976096,1.9595575237428855
5.3,0.012425582327615004,2.3052608096949507,-8.327323552544305,1.8405210782384809,1.8690122377556837,1.9010540587188152,1.9410365538932364,2.015858757042092,-8.5693359375,1.503148967626196,-3.266933580140697,,1.9472851922086272,2.0301379858060944,1.29267039251642
5.3100000000000005,0.012489182061591868,2.3111529618644373,-8.050145594083931,1.8410788121280626,1.8719734603587592,1.8993049474836994,1.915047694663047,2.0318910123581277,-8.37158203125,1.4557848490288732,-8.369722262016223,,1.9200578011125422,1.8618729072697306,0.9106605096006475
5.32,0.012540893525762925,2.315932684324606,-7.7183069004840075,1.8442685558855951,1.8813582640957178,1.9153541217827499,1.9480336513236858,2.0468640750898612,-8.06396484375,3.9510525639982434,-11.166315250920313,,1.937823406268628,2.007531310578038,2.4466791892413466
5.33,0.012580520717678552,2.3195887844820846,-7.332722779871457,1.8482419014189213,1.890822221009912,1.9293747777331103,1.9692782298886868,2.0609216834363338,-7.734375000000001,-2.2639296496518817,-13.14396700352832,,1.9540106149961296,2.0401615952582905,2.3534722485502484
5.34,0.012607913438020037,2.322112737906892,-6.894510346540262,1.8525521369630864,1.8990871479058302,1.9382743633087638,1.9723618262793714,2.073947237575189,-7.36083984375,1.9138579329837615,-14.579961775392647,,1.9608182645571466,1.9902078074192227,1.9305886077821757
5.3500000000000005,0.012622967859901494,2.3234986784049125,-6.40498617624108,1.858950576642277,1.9117961239396513,1.9583172662568649,2.008803487591532,2.086123718248706,-6.8994140625,3.4964973677772457,-15.56828475626259,,1.9984540176508037,2.1118992061882,2.3636046886106814
5.36,0.012625626922405897,2.3237433911756016,-5.865663257065658,1.865813385208472,1.9235679888386092,1.9733618172271776,2.024525978372126,2.097682641621518,-6.416015625000001,-1.8964711831017447,-16.13451012993637,,2.0272628188624506,2.1064036901173124,1.975551331326103
5.37,0.012615880546863587,2.32284630905892,-5.278247209035256,1.8739311194523711,1.9370477804341177,1.9914267014845624,2.0473983431415204,2.1084892346726267,-5.86669921875,2.9968613327573936,-16.265723254430064,,2.065622560159373,2.1440657392005207,2.075599142895664
5.38,0.012593765675053577,2.3208095118729806,-4.6446317461665805,1.8809462763749987,1.9449725079262286,1.9925107839310647,2.0180512059213616,2.1180691594229906,-5.3173828125,-2.3955555520557588,-15.921918337485227,,2.0634537501748853,1.9425173790849168,1.0551381165493068
5.39,0.012559366129182748,2.31763772884261,-3.966893356857737,1.8911521947609313,1.961197465242367,2.016810532280659,2.0654353442930864,2.1266482292518636,-4.63623046875,4.870707820352997,-15.040212736470727,,2.1162850186395863,2.160235597272095,2.6886101448595614
5.4,0.012512812294173774,2.3133383441179944,-3.2472851819786386,1.902000714214891,1.9771553292496389,2.0379160368704015,2.0960372675855026,2.134998906288748,-3.955078125,-2.8798652585280533,-13.543361221036339,,2.1611004021640845,2.2219393250328716,2.480876893156426
5.41,0.012454280623465914,2.307921405380692,-2.488230075082379,1.9115187452927163,1.9870258722573597,2.0406284045482326,2.0693163579778795,2.14299209253422,-3.27392578125,-1.4351000815334973,-11.347588575414624,,2.1599897803949286,2.024144798284234,1.2254916966125433
5.42,0.012383992970201875,2.301399635530654,-1.6923128356397699,1.9232494010431151,2.0023719857931948,2.0590278843038736,2.097271736282014,2.1508492396325147,-2.48291015625,4.630090398747151,-8.23622801290938,,2.1917740290413508,2.1479231696500456,2.3795567434383824
5.43,0.01230221574633577,2.2937884474412953,-0.8622716140455101,1.9351553860944455,2.016556706152753,2.0730760485400324,2.109942117907964,2.159467841042724,-1.69189453125,-2.5535119240906368,-2.368996323333456,,2.2098150067541047,2.157309576893719,2.222229066170564
5.44,0.012209258912849325,2.2851059617589775,-0.000988496202456402,1.948675337831917,2.0341893805037174,2.095979010736891,2.1489608381792173,2.1696736241761836,-0.8349609375,3.5592388904644205,7.381661154482042,,2.244944894195338,2.284576205044286,2.5711649361579725
5.45,0.012105474804903971,2.275373027707202,0.8885207144427617,1.9601522989444335,2.0439824746610467,2.0959952097038923,2.116046908679396,2.181612439539338,-0.02197265625,-3.3548566413451333,10.495893423094676,,2.222229656670685,2.058352225073403,1.0789417562286086
5.46,0.01199125679638141,2.264613246832798,1.8031174887159733,1.9746184193394425,2.0621239156565885,2.1203722469073347,2.164900805657333,2.195456195317353,0.9228515625,5.372254940221805,12.633564752130859,,2.2521747198491067,2.2814294868547726,2.7346587784279723
5.47,0.011867037808875009,2.2528529995999658,2.739552297400781,1.9884435843719732,2.076873984732687,2.133940129483579,2.1750492264344654,2.2111891052227346,1.8237304687500002,-3.6978375112886464,14.182661521242702,,2.254327050733799,2.251497180577483,2.1983924171523137
5.48,0.011733288670782948,2.240121474695994,3.6944770193891308,2.0007841170952525,2.086184372690373,2.13268632040141,2.142733140037602,2.2273270633937665,2.724609375,1.8365440222090652,15.26672123000842,,2.2176245777329333,2.05055374690176,1.2585908067322609
5.49,0.01159051633272292,2.226450700857981,4.664457969686199,2.0139991114043165,2.097898221063246,2.140137251294709,2.146573361063908,2.2423904758577855,3.69140625,4.042408180624947,15.92340850301982,,2.1982966295643367,2.0890775334784917,2.237954737076562
5.5,0.01143926194603246,2.2118755809602333,5.6459894740233505,2.027262183825828,2.1093906903946675,2.1480609317557007,2.154823722763491,2.2555320270524764,4.658203125,-0.9513718339319005,16.147137730635954,,2.1794082602124716,2.131206808103829,2.4273763693118067
5.51,0.011280098811637846,2.196433928014571,6.635507907122166,2.0400514751488887,2.119223114475422,2.1525013091046357,2.1544927306128723,2.2661694881277805,5.625,1.846264718582462,15.90347065957419,,2.152964175582063,2.126942113584205,2.2318579431621557
5.5200000000000005,0.011113630207066313,2.1801665026274213,7.629406103199586,2.053039171631789,2.129721025977334,2.160352563078558,2.167530826441468,2.2744154286703377,6.61376953125,2.9667037787469495,15.133291064010306,,2.138031142873399,2.1939908652892304,2.3489117726400504
5.53,0.010940487099837493,2.163117051324866,8.62404804040863,2.067838490832392,2.145806632105884,2.184638701728821,2.2286183811085802,2.281436342065481,7.646484374999999,3.49253550002047,13.75830552773862,,2.171027325396438,2.4446798131105405,2.92431822962987
5.54,0.010761325755901295,2.1453323449961434,9.615783695823879,2.082155100507647,2.159989706994609,2.2024040803240523,2.2589062373505007,2.2882625074014684,8.63525390625,-2.409112731861242,11.695387706699012,,2.196058026726489,2.4794681765147035,2.3003552655486548
5.55,0.010576825252186913,2.1268622165135493,10.600963964500755,2.095217228607148,2.17019820357824,2.2088115381231894,2.2508432231874043,2.294791041962501,9.60205078125,1.8916443437621613,8.76929945593933,,2.1996437604518646,2.3484352021971464,1.3986727318527945
5.5600000000000005,0.01038768490269106,2.107759596358227,11.575955535190543,2.1083941552603958,2.181084833466998,2.2181422352466806,2.2544298874221917,2.3006671422812786,10.5908203125,3.4882555679792824,3.863650682320131,,2.216214283582145,2.3070531443007214,1.975795621868566
5.57,0.010194621607861743,2.0880805448133124,12.537155616533948,2.122019928297808,2.193657627878861,2.2327397271363605,2.27449032783266,2.305888468241537,11.57958984375,2.3708005866989064,-6.736270740723481,,2.2511358351371813,2.339820150059605,2.541972777168755
5.58,0.009998367137323473,2.067884278974472,13.481006410963582,2.1346934465519736,2.203518696278037,2.2397642774984896,2.2700835028904995,2.3103069999879184,12.5244140625,-1.1902761308535244,-10.07496807629419,,2.2710421316541645,2.247212764762129,2.234329055705253
5.59,0.009799665356244179,2.0472331924709253,14.404009239024376,2.1481212512995067,2.216202420812429,2.2554064385642656,2.2940904625027745,2.313725188120482,13.4912109375,3.86110623859408,-12.31009439770383,,2.3142880487446713,2.3191786586603413,2.6677812268878918
5.6000000000000005,0.009599269405855967,2.0261928653855006,15.302738224202692,2.1593555280866403,2.2224414628930504,2.252982572040736,2.2621682953008584,2.315747839584569,14.3701171875,-3.1848677618086128,-13.919958119662219,,2.313480368948166,2.115186191039754,1.6002764475489744
5.61,0.009397938848816833,2.0048320614113733,16.173853457408644,2.172366418983763,2.2350912913586387,2.2703170837320674,2.2980736223271663,2.3164292481628306,15.314941406250002,5.1571567359081065,-15.047796365527772,,2.3591770724137224,2.312556063325103,2.813597601274131
5.62,0.009196436790233173,1.9832227087889343,17.014113570695844,2.184307144904992,2.2447764252250493,2.278846963157583,2.3030027216268634,2.316275600678322,16.171875,-3.277574585866421,-15.738401730289763,,2.3816028331798953,2.3036901127648877,2.3160380376972474
5.63,0.008995526985255249,1.96143986103626,17.820387661300312,2.1965057336085043,2.255888379928615,2.291805302485855,2.3223670393222613,2.3154244071376953,17.02880859375,3.706796545289109,-15.989709359840214,,2.411202908887513,2.3805711423033165,2.458293663908849
5.64,0.008795970944208961,1.9395616329334726,18.58966651927784,2.2066778419367954,2.26126543479217,2.288810655973138,2.2928389473271666,2.3136606080997564,17.7978515625,-2.5060206258630697,-15.768804140163013,,2.397845337201133,2.2213082177617984,1.498677131445594
5.65,0.008598525046236013,1.91766910666381,19.319073124544595,2.2174295646113027,2.2695291398805804,2.295817686179498,2.3018338808546233,2.311070679428138,18.5888671875,4.403695877091378,-15.015981861683306,,2.40253939641628,2.301826429102622,2.4365303770521596
5.66,0.008403937672382945,1.8958462024797993,20.005872391604914,2.2283913841682423,2.279239993795644,2.3074821002358075,2.3253836777347816,2.3085466404417296,19.3359375,1.5246448860121358,-13.64823723397832,,2.4137861275395327,2.4109094709361005,2.73883980597162
5.67,0.0082129463690054,1.874179507787861,20.647480152322103,2.238504143647921,2.2869612537418105,2.3135970505318157,2.329693405347477,2.3067658107378906,20.01708984375,0.31418404968612096,-11.571627449607332,,2.407669183886304,2.397291278618857,2.3500950946405963
5.68,0.008026275052239263,1.8527580581762093,21.241471378414964,2.248710663974857,2.295793946010393,2.323440178085518,2.3460528790203052,2.305916913099688,20.67626953125,3.430194321188069,-8.58488337980153,,2.4070701573685613,2.4431165284566143,2.4604059351172363
5.69,0.007844631264134386,1.831673063707224,21.785587655642402,2.2564809608135676,2.2977644490560136,2.3143593176706285,2.3044526123416302,2.3054171625860653,21.2255859375,-2.944321323263959,-3.3168284003860244,,2.3569235885843747,2.210907556543544,1.2450052942915084
5.7,0.007668703490851545,1.811017573825802,22.277743930610946,2.264920554469109,2.3032015783135433,2.3175852547489715,2.310377956332853,2.3046773732235804,21.796875,4.786670585914466,7.098491394881775,,2.334009695579213,2.275874981941189,2.473340663389347
5.71,0.007499158553086556,1.7908860745772381,22.716034558595045,2.272429550887254,2.306753942703043,2.3165701621108017,2.3044562617167483,2.3035779131846934,22.2802734375,-2.1987802506067244,10.390224800394966,,2.3002669356429277,2.251770251435453,2.3954800451297427
5.72,0.007336639078613744,1.771374012566058,23.09873868654007,2.279450873600064,2.3099683029103466,2.3161539850428468,2.3034100374725406,2.3019507661514518,22.7197265625,2.853288109915323,12.642082482051842,,2.2694912126096414,2.260908334821936,2.4313146017946803
5.73,0.007181761066527735,1.7525772413027212,23.424325009420873,2.28557763918715,2.311578017303805,2.3126658243693323,2.2949019202658483,2.2997527034601073,23.093261718750004,1.8750081076168061,14.294132691314259,,2.2342202568714455,2.236426499166895,2.236818604072421
5.74,0.007035111552416306,1.7345913873521466,23.691455940306984,2.292199805437505,2.3160698875869827,2.3190324261833983,2.3189831338367344,2.2972366327329508,23.44482421875,3.5760083731143446,15.484166555442082,,2.230372895797627,2.371506752916513,2.689145203777156
5.75,0.006897246383313887,1.7175111360679327,23.898991234845973,2.2971773350827185,2.316390977156841,2.314056844090651,2.304694510363032,2.2944486153952366,23.6865234375,-2.6430470029666915,16.25794269563285,,2.204395528421687,2.289294484415347,1.9538762784338946
5.76,0.006768688110869241,1.7014294396860679,24.045991109475388,2.3029438589256426,2.320578598560548,2.3217233430883364,2.3315476876249326,2.2911587940540414,23.92822265625,4.455144166098885,16.61819844882805,,2.2198512253072535,2.4244129598330892,2.634586497025503
5.7700000000000005,0.006649924010713134,1.6864366541286582,24.131718889615282,2.3065642826751285,2.318943044996632,2.31302095584484,2.3038686080948265,2.286573467708839,24.0380859375,-3.449572002028193,16.539109247551725,,2.2007888909763915,2.2671723907281898,1.656110666896167
5.78,0.006541404235532853,1.6726196149341088,24.155691315745262,2.309790184364997,2.317562865260221,2.3071442808191764,2.2903983606710097,2.279362700225314,24.1259765625,3.9247507981978127,15.971982398765535,,2.196240175967155,2.2317739245890302,2.0907213921848444
5.79,0.00644354010885425,1.660060667113147,24.120616244913244,2.3116124364661417,2.31317955640369,2.294481687225472,2.25947279094357,2.268553612614357,24.1259765625,-1.26592747550679,14.849136204041654,,2.180157262895418,2.1195031648880445,1.9535246316143593
5.8,0.0063567025659983225,1.648836668178725,24.028404708430163,2.3135354603712,2.311022907776717,2.290440990884949,2.2611624578232985,2.2540443974262736,24.10400390625,3.667067047587576,13.101428098338081,,2.1918259416348413,2.196090753369595,2.5879271748242507
5.8100000000000005,0.0062812207481215245,1.6390179877888877,23.87914046272347,2.3159068032542827,2.3117239453774916,2.295943273805529,2.2919963583929306,2.236977262622221,24.0380859375,2.5933972837195083,10.644561037861859,,2.233986017393651,2.366335216041962,2.9086777921186604
5.82,0.0062173807546690414,1.6306675309984988,23.673110162464504,2.31742895239281,2.3108456686611016,2.296652707342932,2.3006546353057487,2.2187831166547256,23.88427734375,-1.63255426130473,7.145800533099843,,2.2665376328661964,2.37710518842028,2.3421356274570426
5.83,0.006165424558969248,1.6238398146411588,23.41080395820677,2.318604407612676,2.309905249955789,2.2976998819426684,2.307311920236529,2.2006107399640733,23.6865234375,3.029386966796554,-3.284833383778458,,2.300953103828619,2.3823608934782254,2.1337055459244922
5.84,0.00612554909108001,1.6185801274843807,23.092914980458417,2.319019594220778,2.307477534274453,2.2947772406727034,2.2996263807740767,2.183291443460699,23.4228515625,1.5980290626527018,-8.331894866263019,,2.3244183057025674,2.3231604481480743,1.9025816806524711
5.8500000000000005,0.006097905491362797,1.6149238042224163,22.720338270240703,2.318282908586089,2.3022508883538344,2.2848641616558987,2.2724186397167627,2.167213784650286,23.093261718750004,1.6389055986119099,-11.082167628161379,,2.327860386959211,2.1931843671490183,1.7150205882681209
5.86,0.006082598537613953,1.612895640923685,22.294169135557436,2.3176477760426835,2.2985835531307943,2.281617810039059,2.2699767923623124,2.1527616368346507,22.74169921875,3.516013414734822,-13.009944315393673,,2.3420339282969946,2.215644887120653,2.414323025791662
5.87,0.006079686247924422,1.6125094752334128,21.81570090910508,2.316501673169034,2.2943343572767003,2.2777110483474496,2.2656133104069016,2.1401161827985393,22.32421875,0.8155742157104081,-14.389886528123466,,2.3484840452245925,2.2131097659153527,2.4469033801682363
5.88,0.006089179660773245,1.6137679486375776,21.286422079390604,2.3134209682605396,2.284700521113629,2.2602205276967178,2.2216120436804867,2.128437211829967,21.81884765625,-1.6121446814984095,-15.313399585007835,,2.315236244107629,2.0270653053787373,1.6632173118694242
5.89,0.006111042793188295,1.6166624607978346,20.70801276539315,2.3088151029991035,2.2717228338817845,2.23666198876394,2.167754916439766,2.1164019334328708,21.26953125,2.8229729683381386,-15.803319075494418,,2.2578605665009905,1.8598367895961967,1.5436097328978913
5.9,0.006145192777132881,1.6211733178972734,20.082340504177097,2.303851851261242,2.2599139110983066,2.2195179826744282,2.1444658993691865,2.1036026369654306,20.6982421875,3.1638339396971937,-15.843264255673366,,2.206962800028149,1.9100191466833765,2.294051170787077
5.91,0.006191500173601253,1.6272700687154569,19.411455321570934,2.2994773069339107,2.252408145849133,2.215745862838844,2.167135012196835,2.090970124752611,20.10498046875,2.8737062627294727,-15.38810935874109,,2.1838940759596883,2.154650280914767,2.8829448389408765
5.92,0.006249789463232467,1.6349120144186178,18.69758405826078,2.294671444518891,2.2452628058622843,2.2126613013131347,2.1860696168559866,2.079607707830081,19.44580078125,-1.0362662911046716,-14.368507687254061,,2.1608669363493678,2.2858803040182156,2.561262069333319
5.93,0.006319839711583104,1.6440488713880455,17.943123927452074,2.287598490557787,2.2324286914943396,2.1935282594661394,2.1502639281367384,2.0694025737056747,18.69873046875,-1.996054549635566,-12.697652422019427,,2.095868857694017,2.1399182698681756,1.114068863843625
5.94,0.006401385406537147,1.6546215612701114,17.150635285620577,2.2801543763129226,2.2206611140621275,2.178543929479407,2.1327802654443437,2.0595853162586155,17.951660156250004,3.8786145793834383,-10.2587760964846,,2.0419696860973997,2.1261027391199945,1.6906527454783755
5.95,0.0064941174646790225,1.6665630990952938,16.322833604740485,2.2720865545867865,2.2089087023643676,2.1642621436317144,2.1192832631003053,2.0494463409619046,17.16064453125,1.094825461995025,-6.6445149583993,,1.9934719979154893,2.11532137660833,2.035302033503276
5.96,0.0065976844028154775,1.6797995488692388,15.462580642624939,2.262196577709177,2.1932708593132895,2.139488480218579,2.0744187034238726,2.0379878637385334,16.3037109375,-1.521395425922665,4.1622267985013215,,1.9216836867618152,1.9456848605590127,1.5980504478891158
5.97,0.00671169367020554,1.6942510163926556,14.572874817468247,2.2520483613261564,2.1789203349154342,2.120434246316367,2.0547702685626756,2.024714661036674,15.44677734375,3.5560206784374535,8.717141795022746,,1.87296506142416,1.9383942303775192,2.183391176638482
5.98,0.0068357131364493355,1.7098326509764785,13.656840803114184,2.2419492130764405,2.1664993352653137,2.108451647421484,2.0588470558602148,2.0104106522173883,14.567871093749998,2.029189853562993,11.385342642857925,,1.8551880548098458,2.0257826092973152,2.5018015486086247
5.99,0.006969272729396003,1.7264556308404768,12.717718372718588,2.232026398943539,2.156028435239568,2.102739931653826,2.077911916850978,1.9966687758076846,13.6669921875,2.0614599518818353,13.282752562260837,,1.8684792401976993,2.1378609351100586,2.5048757796913983
6.0,0.0071118662168625805,1.7440281109259195,11.75885053001595,2.2222496005291537,2.147049596448475,2.101026492143697,2.10061551269633,1.9850014559531348,12.744140625,2.0720970591679926,14.651576015406537,,1.9062040269578329,2.2222894094281784,2.2935872132149715
6.01,0.007262953125410678,1.7624561162247872,10.783670978999034,2.2097900620440356,2.130334018379969,2.075741202044756,2.043511923261263,1.9757100606149125,11.7333984375,-3.159697436738864,15.574108662820347,,1.8900214493128284,1.9251730264896711,-0.9376354489445916
6.0200000000000005,0.0074219607889079425,1.7816443681777205,9.795690994120351,2.19929689293307,2.1212730052665814,2.0751033948706943,2.068317156919813,1.9689469708416054,10.810546875,5.324439838835642,16.07055367529954,,1.9479802339305694,2.10216077848866,2.3959028963562927
6.03,0.007588286519109962,1.801497035933982,8.798485763763653,2.1873624576447175,2.1081276403109546,2.0613623066849214,2.0446877399989494,1.9646183869543745,9.7998046875,-4.019044455059395,16.12406163992412,,1.9759122621384186,1.9803468690102994,1.7858320672583214
6.04,0.007761299890035175,1.82191840808951,7.795680289361097,2.17457876365634,2.0930936269610476,2.0427145686297354,2.007606932117958,1.96130653551226,8.7890625,2.9394975505462275,15.69049879784323,,1.991743495054698,1.8367101981155807,1.5923397406286697
6.05,0.007940345127474387,1.842813483792283,6.790934930820976,2.1613072165154823,2.077460452704494,2.0235555168554162,1.973810464571748,1.9574150763566318,7.778320312500001,2.3320656971304032,14.703134277661066,,2.0032637117837298,1.7548219690667328,1.8154622316086673
6.0600000000000005,0.008124743594578026,1.8640884847657782,5.787930695592923,2.1477113739860036,2.061778571061877,2.0054995623024263,1.9482131404566805,1.9518484940574532,6.767578125,1.7891796976462446,13.080283079826879,,2.011686332732643,1.741874100364813,2.0253214859939535
6.07,0.008313796364099572,1.8856512918465627,4.7903543734950205,2.134690257664493,2.04897839656007,1.996699857248275,1.9542024365802702,1.9444634430301886,5.77880859375,2.8066745330777767,10.721683413403946,,2.035278419658148,1.8885494565668168,2.4127704161043106
6.08,0.00850678686754636,1.9074118110985023,3.8018836221834786,2.1219415279603564,2.0377223298402494,1.9918072228112345,1.968101737120663,1.9357980725185804,4.7900390625,1.2930541604065366,7.30851301336474,,2.059680530502442,2.016756985703987,2.307950819194593
6.09,0.00870298361119566,1.9292822755179653,2.826172108753915,2.1090600314212105,2.0264462842507984,1.985614459097593,1.9719260326225823,1.9263145104986255,3.80126953125,1.443757076168544,-2.964034124189441,,2.0713371179827402,2.0587590846974106,1.8835783152468237
6.1000000000000005,0.00890164294868233,1.9511774888619198,1.8668348113914628,2.0955593292550527,2.013479842866171,1.9734433710108845,1.953694239987419,1.9161545892210037,2.8125,1.3031307962372614,-8.274270774477555,,2.0580456102078455,1.989926783981962,1.3143332849393283
6.11,0.009102011899648618,1.9730150182971826,0.9274335812791288,2.0827403950587264,2.0032397174218954,1.968559697843776,1.9580186712792846,1.9056819530970834,1.86767578125,3.1213333500878835,-11.11033152927019,,2.051258691656064,2.032846554427949,1.9367311557805857
6.12,0.009303331003772668,1.9947153424660726,0.0114630592489843,2.069697311496685,1.9923601532352124,1.9603472333817256,1.948393695837039,1.8955377424925601,0.9228515625,-1.316638059489197,-13.112959783136782,,2.026522052726857,1.980727449103228,1.847275057275931
6.13,0.00950483719935824,2.0162019612646627,-0.8776629658924816,2.0564614759436153,1.980938515040962,1.949523366025907,1.9301553586954998,1.8864323515136645,-0.0,2.0565750426887255,-14.571446734441285,,1.9860032553908153,1.8926173147832261,1.7732029474570143
6.140000000000001,0.009705766715574493,2.0374014731982197,-1.7366246795646212,2.043870066933276,1.9717015567747354,1.9441636590491032,1.9297169472934363,1.879688404210631,-0.87890625,2.703935807229578,-15.583747322842752,,1.9512604348001044,1.9021549446742885,2.119338235768713
6.15,0.009905357967383852,2.058243625666754,-2.562208776745563,2.033442307226721,1.969251758777132,1.9564010875425968,1.9790756137302306,1.8772090127661076,-1.69189453125,3.123552899636102,-16.177277336511683,,1.9572153132949495,2.1152429483469626,2.7277667349421844
6.16,0.010102854442184927,2.0786613429829526,-3.3513203543878314,2.021535115856257,1.9608369077610601,1.9479024606046018,1.9537288526463428,1.8795034121027527,-2.548828125,-3.6861050423106807,-16.34103773434193,,1.9109735549004139,1.9264514480114996,1.225229044559922
6.17,0.01029750756722933,2.0985907363667895,-4.100994116779773,2.00879790262211,1.9491727786161237,1.929266204976187,1.900972710401841,1.8851735623104882,-3.36181640625,2.997270836486351,-16.037190401829456,,1.8370343322120768,1.6721643139183802,-0.541158122472483
6.18,0.010488579546944102,2.117971099618317,-4.808404861822936,1.9976075878370272,1.942253457508812,1.924561664681273,1.9000325478286384,1.892903777129185,-4.0869140625,3.6323191816561335,-15.20531867763692,,1.8005782286247243,1.7588776569742415,2.093087513040288
6.19,0.010675346159405099,2.136744893657899,-5.470877228123543,1.985955967639294,1.9329941174868843,1.9120576416979538,1.8749966191890783,1.901418255560632,-4.81201171875,-2.784879036077196,-13.770771824069435,,1.7485096083921703,1.6930543964569043,1.8788895270256751
6.2,0.010857099501362166,2.1548577226513306,-6.085894694188952,1.9739975428181449,1.9221086174675601,1.8949725263778148,1.8407702304037494,1.90918781094826,-5.4931640625,2.371133238791058,-11.657750278932472,,1.690360598050033,1.6185282733422985,1.6872820299333078
6.21,0.011033150671411682,2.172258304010763,-6.651107831549502,1.9637329600990885,1.9161787803004542,1.892731006591472,1.8588129785895757,1.9156317278441721,-6.08642578125,3.477924811497317,-8.692004724560695,,1.6839299315514122,1.834231255826615,2.4164931947489428
6.22,0.011202832381145802,2.188898434183038,-7.1643418230033715,1.9537712933002978,1.9101389985467347,1.889023499105275,1.8675691721228023,1.9209102561850897,-6.65771484375,-2.069858218314095,-3.69947126744871,,1.6870126747719532,1.9255986853088458,2.098024966187207
6.23,0.011365501484382192,2.204732951804673,-7.623603265164209,1.944831511736736,1.9062693267058304,1.8905288213466012,1.8884212727268106,1.9252949093561287,-7.163085937499999,2.7989098500762775,6.792353849161937,,1.7182702451851528,2.0398942630246153,2.0405555613839432
6.24,0.011520541414886863,2.21971969951456,-8.027086280888255,1.9364294566487024,1.902747572396855,1.8913972877222431,1.900655725735997,1.9290460875651303,-7.62451171875,1.1219666485554316,10.075679568294158,,1.7597182705532746,2.072253177059466,1.7659992581071828
6.25,0.01166736452335113,2.233819485469039,-8.373177971835368,1.9280800377740217,1.897972598464501,1.8872625848925613,1.8930536258319663,1.9321740460174588,-8.0419921875,1.2331306560179092,12.271790020679573,,1.7963569443172573,1.9996145321986243,1.3995357703505356
6.26,0.011805414304764299,2.2469960453949676,-8.660463244300386,1.9203153586478967,1.8937845445752404,1.8840699878901528,1.8876971786201995,1.9349702631047327,-8.3935546875,2.4793625693702124,13.84419093770419,,1.8401926736582763,1.9430328159700117,1.6786589228999458
6.2700000000000005,0.011934167507739783,2.259216005841321,-8.887729042518739,1.914523144932532,1.8945429164178762,1.8939658340417074,1.9202594179432175,1.938658077804512,-8.6572265625,3.0173682472133883,14.932350391156032,,1.9181940764363046,2.047971878890076,2.4266100214881376
6.28,0.012053136117799805,2.2704488491445147,-9.053968022939857,1.9097743083726548,1.896738587011137,1.905244596653245,1.9477094036851337,1.9447534341349253,-8.876953125,-0.9854061599718006,15.578546926365055,,1.9964927663403764,2.0791656595292043,2.308615112648918
6.29,0.012161869207101262,2.2806668805032424,-9.158381700562678,1.9052417196971019,1.8976019581419965,1.9100283087095138,1.9483811038089076,1.953987044493542,-9.052734375,1.0742034353936538,15.777768263162896,,2.052614617371529,1.9836375657173877,1.7088650744839535
6.3,0.012259954643591767,2.2898451974618195,-9.200383180376885,1.9022244893402547,1.9014120231602698,1.9211699058826819,1.9660125933636983,1.966374477840052,-9.140625,3.177063329992187,15.493569739776268,,2.1136164124141503,1.99829094449383,1.9922495871836623
6.3100000000000005,0.012347020653117702,2.297961662023358,-9.181351956301194,1.8987339017332037,1.9016077641545122,1.9197136488677362,1.9422659039110586,1.9809982174965615,-9.20654296875,-2.306927911874037,14.661859833701383,,2.1335132691202254,1.8211745051611388,1.2687666341170585
6.32,0.012422737228563172,2.3049968755527983,-9.104395351869186,1.8962352667299964,1.903258536152319,1.9216002944659083,1.9334877431855464,1.9963131496964708,-9.1845703125,3.353993927831351,13.195164389539105,,2.146270512637413,1.7877554785332306,1.8075133684751785
6.33,0.012486817380679235,2.310934156582285,-8.96965464646379,1.894076337269083,1.9042224107755383,1.9206200715404724,1.9189345000908555,2.010845190709452,-9.11865234375,-0.6670157395815827,10.987229430967197,,2.137120647757971,1.7493716480681538,1.8654351622008996
6.34,0.012539018225861837,2.315759521595132,-8.777390619341851,1.892733868414133,1.9061565300785808,1.9219229185362956,1.9155874743873995,2.0234512274710426,-8.98681640625,2.4716507691148797,7.76435445495278,,2.117663883849419,1.7978811330169238,2.090364874033309
6.3500000000000005,0.012579141906755877,2.319461668837965,-8.528074909289463,1.8926115124758058,1.9103021725740448,1.928791491316821,1.9313833608862414,2.033761962792947,-8.7890625,2.368647884897737,-1.41454032792896,,2.097201204561345,1.9315096812737853,2.3022243868752974
6.36,0.0126070363421958,2.32203196519144,-8.222389500067784,1.8930433599148682,1.9144082698546394,1.9343347413144576,1.9413814457119076,2.042074711462341,-8.54736328125,0.9335958179912742,-7.905936056574336,,2.062655486188092,2.001442886748889,2.0562909892138146
6.37,0.012622595803640259,2.323464436116928,-7.861225569683564,1.8955292102458117,1.9232405244435282,1.9519934123705047,1.9861931607617367,2.0494235730433634,-8.2177734375,3.3422416102886254,-10.89919654269135,,2.049369777601335,2.1976120813927285,2.4224484499117
6.38,0.012625761315916017,2.323755758688194,-7.44568168276025,1.8992996884319102,1.9339286980871524,1.97213215648796,2.028780027972672,2.0570719841272123,-7.84423828125,0.6237008032236432,-12.999848173905605,,2.040097666751746,2.308947181294397,2.2692105457239355
6.390000000000001,0.012616520880752073,2.3229052577121965,-6.977061302015451,1.9027489730119584,1.9413538459919102,1.9804102059867452,2.0280311592811886,2.0653796440056498,-7.448730468749999,-1.3756010514920092,-14.5404829639839,,2.0028570731908055,2.2033433784792877,1.3689414536211248
6.4,0.012594909522256857,2.3209149049405737,-6.456869592574214,1.9076435197665362,1.9514429660490227,1.9948475899872047,2.045806510251201,2.074107652755241,-6.96533203125,3.617875265748481,-15.63174320774075,,1.9838681546730472,2.198610584788775,1.9508823399989128
6.41,0.012561009154165999,2.3177893213720564,-5.886809491765948,1.911470091544998,1.9562352353679977,1.992942536734131,2.013269002198085,2.0826462233623,-6.48193359375,-2.798705700259002,-16.307277435987373,,1.9290116575070517,1.9535730255851447,1.198160953876442
6.42,0.012514948269363934,2.3135357826450185,-5.268777017333123,1.9172735370225036,1.965827565402115,2.0047890674318403,2.029659244826562,2.0907713746740284,-5.888671875,4.322045168655238,-16.561046506374474,,1.9170633125049676,2.00084517621804,2.4177173613085907
6.43,0.012456901452856101,2.3081642275175684,-4.604855788746566,1.9246058744191403,1.978404869311626,2.0236352796456103,2.065189112895268,2.0991123470817583,-5.251464843750001,1.0012658550105584,-16.360252878009,,1.9357820349436003,2.1074361618265156,2.709961000102703
6.44,0.012387088720037766,2.3016872694290127,-3.8973107396521542,1.931179422797943,1.9867118039285012,2.0287886607043926,2.055159491162699,2.1078233613266555,-4.6142578125,-2.244363477653677,-15.649409783550636,,1.9319202047424482,1.9833506947355841,1.797210835105496
6.45,0.0123057746827676,2.294120211130072,-3.148581004389942,1.9382201212508652,1.9951022691052833,2.0341784981148474,2.0501671784643833,2.1168469963599277,-3.9111328125000004,3.4139697747828386,-14.355814755101115,,1.9405469521049217,1.9468807214649266,1.7763975027064083
6.46,0.01221326754640684,2.2854810623587536,-2.3612719679949983,1.9478175689491257,2.0100805003893174,2.0576858473227007,2.1019527284809683,2.126900687128711,-3.1201171875,3.5655849436148164,-12.40996228242891,,2.008021230331791,2.1936988729360376,2.710952178627765
6.47,0.012109917941625638,2.275790560522941,-1.5381464770155224,1.9558382121763387,2.018384389061533,2.0606656900751164,2.084831288832359,2.1382537662629666,-2.373046875,-3.8146211153672303,-9.693419040660338,,2.032480424540164,2.061467941218309,1.5006455537092465
6.48,0.011996117595404254,2.265072194328105,-0.6821152177149173,1.9659301648599161,2.0320086212329485,2.0788069941442777,2.118076334751737,2.1506331102693355,-1.51611328125,4.864244445568946,-5.595074300364818,,2.101019322826771,2.218393667388085,2.420531492360843
6.49,0.01187229784626673,2.253352230257451,0.20377372145012557,1.9743207632734392,2.038972559421932,2.077406818396467,2.089292653719459,2.1633820121386367,-0.703125,-3.7478253272082984,5.488382581209833,,2.1238992594871613,2.0491306270414373,1.344522383421368
6.5,0.011738928009374297,2.2406597417702625,1.116346075026713,1.9839363964882881,2.0490550466063615,2.086010879840706,2.098771835584601,2.1756871730296643,0.19775390625,4.405257007967425,9.369804786073338,,2.1699487345502617,2.116473649740847,2.253896037917119
6.51,0.011596513597675717,2.2270266410302977,2.0523133737089125,1.9943671182713572,2.0607839719289385,2.0993318482021253,2.122931975592895,2.1873652916266004,1.12060546875,1.2653418832414574,11.824832928773883,,2.223854208238437,2.2155249742038152,2.54963059447157
6.5200000000000005,0.011445594405856853,2.212487712907064,3.0082856138374026,2.0044443900341955,2.0705240781016685,2.1068089123937135,2.1271960060797857,2.1979891491462538,2.04345703125,-0.5797206995117519,13.58538856391883,,2.258190619632041,2.191995091006929,2.1428108486428354
6.53,0.011286742464351742,2.197080650906164,3.9807845599920046,2.014328845868775,2.0790892126100813,2.1115289275879006,2.124747910508318,2.2068960722422295,2.98828125,2.6095565067257387,14.842889487581006,,2.27793299440917,2.148568568748396,1.9314033111488473
6.54,0.011120559871170266,2.1808460945774604,4.966257606302686,2.024300952698899,2.08757032341995,2.116928471454078,2.1271831928576064,2.213850933119752,3.955078125,2.390513857056579,15.661551630297025,,2.2895856544960904,2.1388926197878857,2.0620377779718972
6.55,0.01094767650976041,2.1638276678181816,5.961092111928813,2.035681202005474,2.100108060104884,2.134325241032325,2.166646174659852,2.2194810727364875,4.9658203125,3.262214749014607,16.051971694755874,,2.319388059453459,2.290081159833933,2.668927450929607
6.5600000000000005,0.010768747661554993,2.1460720173285996,6.961630117267607,2.0468354507665567,2.1113576391354902,2.1473397998584915,2.18643242577861,2.2246237028611957,5.954589843750001,-1.685915204857593,15.991209222200553,,2.33039113028593,2.3018675017341512,2.3021645863491678
6.57,0.010584451522252528,2.1276288502867975,7.964183340167771,2.0584688814982313,2.123685685309249,2.1630300222883467,2.2111458885651496,2.229709887916453,6.96533203125,3.1156845577275267,15.429936384151896,,2.339225686837577,2.337156860065617,2.2816443378265485
6.58,0.010395486631245355,2.1085509700820375,8.965048346011397,2.0694311848303073,2.1335366653052388,2.1712611108725777,2.210176961009473,2.234620980131612,7.9541015625,-0.6702151938366611,14.295774538033815,,2.323134344124259,2.2517877462955127,1.8292751730869203
6.59,0.010202569223939464,2.088894308680004,9.960521782193993,2.0798804206914396,2.141730594506135,2.1753122875329796,2.1987486137328953,2.238787337626341,8.94287109375,2.4943230291941507,12.50444844020596,,2.289859043979533,2.1500951981899843,1.798174349778547
6.6000000000000005,0.010006430517000574,2.0687179538835565,10.946915566415754,2.090102518844987,2.149390104916498,2.1788707809984995,2.1903720017097292,2.241952169545711,9.931640625,2.488250354444759,9.934034412405651,,2.2494419216796713,2.096839506911547,2.1142665404919434
6.61,0.009807813936816736,2.048084169397523,11.920571919357778,2.1013951257333967,2.160608826509625,2.1932922419854894,2.2183242314541953,2.244714898147742,10.9423828125,3.294999071939228,6.079597563690313,,2.2331028803374626,2.231653290922799,2.770557258487511
6.62,0.00960747230168232,2.027058405203578,12.877878135735399,2.1131108204538758,2.1730698852745496,2.210653702523462,2.251103430813049,2.247994986809839,11.93115234375,1.314234430029943,-4.9408476509763135,,2.2263968291803486,2.3440072470104814,2.7291594166335287
6.63,0.009406164968383653,2.005709295302101,13.815280993298728,2.123051463899593,2.1799472275267835,2.211753885542586,2.231101362994122,2.251864535353027,12.85400390625,-2.136120533795674,-9.083706205149198,,2.18312646081539,2.199303549387817,1.5658724210407071
6.640000000000001,0.009204654954001976,1.9841086393854286,14.729300706915181,2.133208834999211,2.1879805517237756,2.217351492801246,2.2307059146501307,2.2561107221958054,13.798828125,4.01967121332137,-11.630051356442662,,2.156214266646357,2.2070917339569394,2.0161073130311875
6.65,0.009003706043842529,1.9623313644781397,15.616544344179125,2.1435354636971296,2.1969414934904434,2.22622869062679,2.2425341931580616,2.261003072650721,14.7216796875,1.8483919478015145,-13.44942528942521,,2.145971081210994,2.2669247652913698,2.3906607421824195
6.66,0.00880407989645193,1.940455462027476,16.47371862975271,2.1541198306922418,2.207029482568041,2.2384607180169325,2.2640427505250464,2.2667897393296634,15.622558593750002,2.3746289776231966,-14.75363126927537,,2.154999227813516,2.348611148268949,2.5720374116008893
6.67,0.00860653315669664,1.9185618953692678,17.297642077507184,2.16338421557249,2.2132898201505795,2.2398890158118876,2.2511195950743628,2.2730238777177947,16.45751953125,-1.4423210054865556,-15.614612953754001,,2.1466441236982634,2.253403055422887,1.9297579466193249
6.68,0.00841181458784471,1.896734471958646,18.085256402133247,2.1719554189127517,2.21807248498066,2.2384546238109198,2.2344737334355704,2.2787880644612426,17.2705078125,3.0090151387513218,-16.046886937471157,,2.1403508319190685,2.1774382582161693,1.9021826393094523
6.69,0.00822066223352145,1.8750596742765815,18.83363717483414,2.181345825126098,2.2262202997658833,2.2479819626093285,2.2563393478011213,2.283603355516424,18.08349609375,3.5014174736137025,-16.029695319686454,,2.172091832795285,2.2980938562363993,2.653110252824623
6.7,0.008033800620295635,1.8536264429493003,19.54000370061745,2.189387725825054,2.230686681262703,2.247418437985813,2.2455792736723237,2.286987041338108,18.80859375,-2.615624051671649,-15.515359755496256,,2.1858057356346325,2.2250617875794756,2.1088590795303426
6.71,0.007851938011499648,1.8325259054060563,20.201728107185453,2.197920948106694,2.2375548025783467,2.254984421146105,2.2631520320191814,2.288375571225502,19.53369140625,4.011621154989427,-14.433440873359585,,2.2263752330567543,2.3092597795194574,2.5175871319735434
6.72,0.007675763722692324,1.811851043419899,20.816343647139202,2.2050696892086545,2.2407519688139947,2.2526566594058184,2.2490859302847173,2.287248700733837,20.1708984375,-2.3013413316922438,-12.6997701307019,,2.245422414304749,2.2211760003372474,1.936370379662386
6.73,0.007505945508939597,1.7916962932039504,21.381552225845557,2.212004700226586,2.2442911967018735,2.25290350696923,2.247098020640244,2.2833027790964744,20.7861328125,3.431066495488492,-10.198937789116835,,2.271798304232794,2.222897463176661,2.186466079505471
6.74,0.007343127033816382,1.772157072455616,21.89523117660138,2.218908444869599,2.248698613287476,2.2568179136128,2.2578299403283033,2.277143667972244,21.357421875,2.3993089651599457,-6.493761104749157,,2.3061326090305196,2.2788136101339744,2.4499117528542658
6.75,0.007187925429722282,1.7533292299356933,22.355439312448702,2.226861406408578,2.2572343468378806,2.272900898258757,2.3032485732701744,2.2701597617536207,21.90673828125,3.2625864331313927,4.444157656679761,,2.367508830599996,2.4620653862171036,2.8988518771712797
6.76,0.0070409289587588745,1.7353084149126916,22.76042228998919,2.2333859204027986,2.261696407969441,2.2765030716804637,2.3023828924755896,2.263447846222405,22.34619140625,-2.7941064696663576,8.873357014801822,,2.39423778295007,2.383417528261603,2.0135504612963273
6.7700000000000005,0.006902694783034414,1.7181893661473189,23.10861732471259,2.2399398681689258,2.2670304209190255,2.283005864728975,2.3103527597143425,2.2574746543985964,22.763671875,3.8093418175902833,11.519056474486852,,2.421265437845731,2.3776177557202147,2.1437854351673664
6.78,0.006773746852846973,1.7020651230569785,23.398657299647024,2.245226287875558,2.269053905857668,2.28030521534817,2.289665124280445,2.25236923924702,23.093261718750004,-1.535673989349812,13.411468997781427,,2.418437015307087,2.2426328995389935,1.7375196692252548
6.79,0.006654573920750713,1.6870261652543344,23.62937430956932,2.2516282312827034,2.2755475889079917,2.2912980147456286,2.3145669751293005,2.248148749572185,23.4228515625,4.260424272534372,14.784480636740515,,2.4393842036162248,2.3574346202150434,2.713937059177612
6.8,0.006545627689032483,1.6731594907028113,23.79980268164382,2.256060765224968,2.2763294446569824,2.2856824571411867,2.285645032454285,2.244188536542778,23.62060546875,-3.501840464238947,15.718569713761402,,2.4126172252539386,2.1830959760640276,1.8474618700878918
6.8100000000000005,0.0064473210976203335,1.6605476471062428,23.90918151029887,2.2594147905604918,2.27475383254999,2.275006926617416,2.2484132113566666,2.239069530762429,23.7744140625,3.327945946912367,16.23386246338327,,2.364129767068163,2.0355798882361538,1.761333832842184
6.82,0.006360026758913544,1.6492677356017975,23.956956747066666,2.26246115356992,2.2734707806279695,2.2674108109755053,2.22981977859716,2.231947275445825,23.88427734375,2.9547596806818968,16.31468517919347,,2.314361266072067,2.0341069525118987,2.2827829212597033
6.83,0.006284075545466181,1.639390410033891,23.944149731806746,2.265853928163236,2.2744955394729556,2.26818086090495,2.2423344520710247,2.2229916763451336,23.9501953125,2.715266713861031,15.91904691277509,,2.2796829543129307,2.18245475538003,2.747893480514965
6.84,0.006219755335877855,1.630978898677356,23.874160893258267,2.2683824169548226,2.273736828555315,2.264626473445393,2.2404418949934617,2.212857846981419,23.92822265625,-1.0882462236567478,14.983711562222055,,2.2334551079768405,2.2138354530949402,2.3790729294427613
6.8500000000000005,0.006167309923644708,1.6240880778532372,23.747263613322986,2.2705964734963504,2.2730851208409084,2.2625786772557026,2.2442192403544285,2.2024200530707634,23.8623046875,3.035088417479383,13.432867686747562,,2.1938958128222525,2.270341203948859,2.308136675094994
6.86,0.006126938093106632,1.6187636280661069,23.563728904337058,2.27294564746839,2.27391131172141,2.2656175907513743,2.262686252302808,2.192897288937386,23.75244140625,2.6942854224018435,11.183262346322794,,2.1731863942545906,2.371655796015851,2.44748997256837
6.87,0.006098792865993122,1.615041302786889,23.32403199026316,2.2749433402333836,2.274462961435357,2.268006036611099,2.274893387020782,2.185236028031444,23.576660156250004,1.4154005523865996,8.001015138169317,,2.1589632862482766,2.4055505017772885,2.275820187523442
6.88,0.006082980921423557,1.6129463376352309,23.02885162666856,2.275325455587356,2.270695818765718,2.258350129393408,2.2477824845668937,2.179362514581819,23.31298828125,-1.2046026596890875,1.462727487471756,,2.121717627695491,2.25328881141894,1.499474704250492
6.890000000000001,0.006079562191560354,1.6124930234730057,22.67906886178589,2.2755464857068826,2.267654303235021,2.252428682590365,2.2368836247374126,2.174576455817303,23.02734375,3.663335242785015,-7.568157050567319,,2.1031283589859346,2.2165682144976526,2.0769427535511906
6.9,0.006088549634447507,1.6136844609883125,22.275765219228404,2.274256436776357,2.2609232024218366,2.2372426098182325,2.1999308179905874,2.1699017978732225,22.65380859375,-1.9146656208854178,-10.582534771111938,,2.06885108120698,2.05521410456959,1.8068060167302205
6.91,0.006109909184895604,1.6165125070966095,21.820220278899043,2.2728281149737533,2.2552433757141275,2.2274258968247374,2.1868646119964623,2.164435560950618,22.25830078125,3.516764195812245,-12.656839680117837,,2.0579108050580883,2.0542669763342434,2.3611343061975125
6.92,0.006143559883599422,1.6209579154355644,21.313908629548084,2.2706655777746443,2.248571143838537,2.216442295958637,2.1729821490880843,2.15775496404264,21.796875,0.9397808678417212,-14.1493888228846,,2.0528742223590033,2.042401924497056,2.32856151112035
6.93,0.006189374183998765,1.626990665002325,20.75849616449248,2.2689110870061553,2.2446334537303008,2.214959224148378,2.1904523633806114,2.1498276400514986,21.3134765625,3.282004135771076,-15.175149429683383,,2.0817149432127313,2.181580516704246,2.645768152241545
6.94,0.0062471784357193685,1.6345704632173628,20.15583569137702,2.265896445226351,2.2377514945833052,2.2054510234327664,2.1790353134807106,2.140497193701109,20.7421875,-2.1271361502241772,-15.767145842954994,,2.096191955179758,2.14398326521162,1.9781005546583272
6.95,0.006316753542761563,1.6436474029826083,19.50796182765982,2.261866219786435,2.228971225716945,2.191864340222544,2.15638825763719,2.129267097938839,20.126953125,2.5768574134135633,-15.915608861793341,,2.1042152859287504,2.079435081208529,1.6525512913234404
6.96,0.006397835793941902,1.6541627480930698,18.817085155827904,2.257810161816666,2.221629741284449,2.18416287433569,2.154948738321053,2.116157106094323,19.48974609375,3.0994136150616542,-15.581281475053286,,2.1292822714408377,2.135927923732632,2.1709653395194435
6.97,0.006490117862440129,1.6660498179483971,18.08558561622765,2.2536110989598654,2.2151517685186852,2.1798012159860436,2.162230448022955,2.101834475452333,18.80859375,1.68298865971387,-14.699320318181757,,2.162601743771421,2.203652105448751,2.36974995254249
6.98,0.006593249970662981,1.6792349409899834,17.3160051208149,2.249074715367427,2.2087613964224757,2.175965319141121,2.167445990041943,2.0871056639830865,18.08349609375,1.9195854046683958,-13.185497400795398,,2.1947922672573315,2.233013912820887,2.2845281026003033
6.99,0.006706841216009365,1.6936384465734613,16.511039378019465,2.243938489202173,2.2015393561445347,2.1698277366288212,2.162318588850211,2.0725338020853936,17.314453125,1.8598744661342923,-10.9396900535594,,2.216695934397261,2.202559161326649,2.036584498753704
7.0,0.006830461052512332,1.7091756668388103,15.673528927153434,2.2378803411331187,2.1924721836505676,2.1587159766613073,2.1410582212550175,2.058336267690491,16.50146484375,1.66098916185994,-7.688316891654226,,2.2197943789617414,2.1042475800377987,1.742881615880573
7.01,0.00696364092274138,1.72575792322,14.806449390193006,2.2322669815455867,2.1860940661262678,2.1560585862043475,2.1474918765360944,2.044742402121627,15.6884765625,3.3712149124747275,1.6698180645892244,,2.235230939381819,2.155319035153579,2.33174074529127
7.0200000000000005,0.0071058760337801554,1.7432934761529486,13.91290095909945,2.2246292598610635,2.174096856149198,2.137081740674927,2.10165478623028,2.0316138248918656,14.78759765625,-3.0467676336318545,7.90673978571933,,2.202420722704623,1.9374057397532596,1.3906231599067505
7.03,0.007256627270547784,1.761688420902069,12.996097147842784,2.2171753200749205,2.1641382601161503,2.125669967883678,2.0867540607838664,2.0188699597142366,13.90869140625,4.082803001958379,10.849295059634363,,2.1776391338560708,1.9413112060591289,2.1331386260784995
7.04,0.007415323239211839,1.7808475168784101,12.059352849640392,2.2098733400482207,2.155840867054553,2.1196828305614215,2.090202289573734,2.007248801378704,13.0078125,1.5965973046065873,12.90357312569338,,2.1574477177861997,2.0233781297381204,2.4501665715011276
7.05,0.007581362432947754,1.8006749420765447,11.106071751285185,2.201677040588835,2.145578774168224,2.1080074912958726,2.0743233080630286,1.9974546799668464,12.06298828125,-1.204607323713718,14.39385838220753,,2.1161993316593595,1.989594995455624,2.010801505939631
7.0600000000000005,0.007754115511835891,1.8210749681004068,10.139733167461785,2.1933570377495624,2.1359803832885915,2.0988072948609227,2.0677229544055837,1.9899856658492736,11.1181640625,3.000344136248055,15.427338895111872,,2.075258952849881,2.0195461130618213,2.039841400411673
7.07,0.007932927688254352,1.8419525545454054,9.163878368280573,2.185425516586926,2.128554168661536,2.095932943541207,2.079774256841213,1.9851739065260545,10.17333984375,2.4295843510761994,16.03492411252386,,2.0475212104326554,2.1230491488813397,2.2829426867314977
7.08,0.008117121208726952,1.8632138641912386,8.182096482556803,2.1754803636632585,2.1152330955149083,2.0755985290560885,2.034720088656537,1.9822123941594194,9.16259765625,-2.8696399993999826,16.206604751526562,,1.9741242605407459,1.932001957519331,1.0413150917121525
7.09,0.008305997922818375,1.8847667025295842,7.198010067309685,2.1649793913051116,2.1012954222831643,2.055132912635039,1.9969223759859502,1.9795920957172122,8.173828125,3.5330955963851025,15.904335961757814,,1.8994101231128115,1.8383497434414822,1.491785050938308
7.1000000000000005,0.008498841929340447,1.906520886639888,6.215260440278214,2.154112194320144,2.0873700522996934,2.036391166478922,1.971136201579872,1.976488452290196,7.18505859375,1.7961492543104889,15.066062575684075,,1.8317761990358001,1.8225336067997804,1.9990455357554713
7.11,0.008694922289839136,1.9283885493978978,5.237492876721999,2.1438082532189013,2.076412011199117,2.0275754083125954,1.979896983538262,1.973127434225281,6.21826171875,2.7440805148759764,13.612891424189698,,1.7991482240161354,1.9624689428895294,2.528631093403801
7.12,0.008893495799077429,1.9502843855350862,4.268341774233202,2.133785161293055,2.0671147541201713,2.0234935988522147,1.9988808092670922,1.9703602943136465,5.251464843750001,1.476285635864818,11.459122902806348,,1.7923644869158717,2.0855871598153826,2.46646959703979
7.13,0.009093809802013235,1.9721258462462958,3.311415889635687,2.1227376321885116,2.054991201946262,2.0106055590765486,1.984316547664576,1.9686831484971996,4.2626953125,-1.4378825267054067,8.398088363293375,,1.774908418841639,2.017760268836521,1.5930415302410792
7.140000000000001,0.009295105046594738,1.9938332889493189,2.370283750268756,2.113121767857252,2.0482199080231287,2.0132670247237794,2.016058427209002,1.9684455019303595,3.33984375,4.0321989203822435,2.8397572742256245,,1.8152588684160027,2.169064877274274,2.2804294329308
7.15,0.009496618561560699,2.015330088507838,1.448459338099322,2.1022158799309127,2.0373246620299494,2.00230858049073,1.9967077489088954,1.969274489579781,2.373046875,-3.2786220245948603,-7.249152476446903,,1.8308741685180419,2.0351699537742975,1.3331798684011602
7.16,0.009697586548337583,2.0365427158018212,0.5493881393038786,2.0903928826806846,2.023887124861894,1.9840608830149655,1.9561134769216897,1.9697113642031758,1.4282226562500002,2.6606292103166087,-10.438272073549417,,1.8357685258065142,1.8383063919036406,0.9969694592508985
7.17,0.009897247276072467,2.0574007890201487,-0.3235663555961924,2.079711289123567,2.014783039070092,1.9790521168693942,1.9611506073843639,1.968806647598451,0.54931640625,3.5749439472423266,-12.622580600521754,,1.8820142725331688,1.906685432146879,2.2857189280699153
7.18,0.010094843968828749,2.077837102500589,-1.167135625023769,2.068938759102988,2.0054834611749324,1.972557909088861,1.9580603217344785,1.9661667145047608,-0.32958984375,-1.9962723478218263,-14.212940026889092,,1.926980298210142,1.8995315708913216,2.2306987077166274
7.19,0.010289627674000983,2.097787637383989,-1.9781584973017907,2.0578495346891437,1.9952099126281595,1.962543434719805,1.9425584057901173,1.9614361517580994,-1.1865234375,1.9228161918893214,-15.338993521964003,,1.9617951527429738,1.840789718703733,1.8906492077222512
7.2,0.010480860101077072,2.1171915578058402,-2.753592884649414,2.0480245749700767,1.9891091364286946,1.9640303518217082,1.9624285093569922,1.954948808214371,-1.9775390625,3.336321937278971,-16.041515612141993,,2.020575572684445,1.9726057519882056,2.31963504787957
7.21,0.010667816419987736,2.135991195834663,-3.490526827232584,2.0378011414911565,1.9812818036702489,1.9586896951319068,1.9552427316596495,1.947518639897462,-2.7685546875,-2.2782837437883425,-16.31822319997436,,2.0553112216395886,1.939360645225605,1.749457215128797
7.22,0.010849788008436717,2.1541320278930125,-4.186188816065895,2.028532054082076,1.9762109759745126,1.9600885878292524,1.967297753175359,1.940318926368192,-3.49365234375,3.319920775904944,-16.138103452272343,,2.0959860639248302,2.012861321491823,2.023128009843053
7.23,0.011026085137798661,2.1715626449685237,-4.837957375126947,2.0202697634466302,1.973684376145024,1.9666224018613283,1.9896257995117261,1.9350416600931428,-4.1748046875,1.8045134320303058,-15.446033378004406,,2.1371019912194553,2.103456402968732,2.193305694029856
7.24,0.011196039587403778,2.1882347185411697,-5.443369894047681,2.0119768706767935,1.970016410470571,1.9672247545934411,1.9874910984781977,1.9329933724131754,-4.833984375,-1.0038098726280633,-14.167026691478927,,2.1518797244980767,2.0563371643349853,1.7554396523218252
7.25,0.011359007177301239,2.2041029638186513,-6.000130712876443,2.003648708498128,1.965267663752072,1.9629610317870518,1.969658877612168,1.9348191871603093,-5.44921875,2.1556293165168765,-12.224503950088758,,2.1415368219875903,1.9532780192519412,1.5132938701920513
7.26,0.01151437020990029,2.21912510158189,-6.506118469386237,1.9971211684008998,1.9653833800646545,1.9711799695830863,1.9914202580658324,1.941043831929938,-5.9765625,3.4376763735014815,-9.486243779587713,,2.1462449854038956,2.0536666337431178,2.3537341485548144
7.2700000000000005,0.01166153981123533,2.233261819694582,-6.959392727011898,1.9899454352280797,1.961962187027793,1.9668121435036947,1.9705688235012422,1.9513150913543937,-6.50390625,-2.897601960269648,-5.270403249128057,,2.1095963815466554,1.9188648661765535,1.6763509567636008
7.28,0.011799958162980444,2.246476735120297,-7.358199907557311,1.9829191075840156,1.9579227579669285,1.9598748634031973,1.9461601010707072,1.9640420226526105,-6.96533203125,2.9951621657934564,5.765761044821234,,2.054433993007586,1.812562464510871,1.6312457588648128
7.29,0.011929100616753443,2.258736357114182,-7.70097855720402,1.9756651366211047,1.9521345898705453,1.947748358316166,1.9116937073811728,1.9773099911494108,-7.3828125,1.1875513819811043,9.510965755699653,,1.9755847529595467,1.6899804621295889,1.5765423072268876
7.3,0.012048477682695619,2.2700100521098565,-7.986363977012311,1.968787502439041,1.9467292718654354,1.9373089230221017,1.8906813259892306,1.9896502016941422,-7.734375000000001,2.4434533399275415,11.91325642116793,,1.8921979273558116,1.6813869478830425,1.9430586799742031
7.3100000000000005,0.012157636884789689,2.2802700107017024,-8.21319225002852,1.9637116355603936,1.9462185666313896,1.9411712834136168,1.9187556928299057,2.0007813707861257,-7.998046875,3.1186954218708154,13.636200046245312,,1.843605334814301,1.9148520732505825,2.6016009138953
7.32,0.01225616447588391,2.289491217025097,-8.380503696345528,1.959594440831097,1.9473866041259835,1.9483927378935941,1.9509509254232011,2.0109967489546428,-8.2177734375,-0.7851210351439873,14.859212966758415,,1.8103163417094392,2.078753859711302,2.4317232968907865
7.33,0.01234368700592191,2.2976514207587546,-8.487545785104974,1.955683661533136,1.9476717268569252,1.951379732036369,1.9629186843598774,2.0200798365894026,-8.3935546875,1.2356540394272495,15.641507664076752,,1.7769932461441191,2.1081931180137627,1.8023397672666437
7.34,0.012419872737433823,2.3047311119114022,-8.533775540935407,1.9513251806645897,1.9451310568535323,1.9453791144786596,1.9446962400596062,2.02727915523602,-8.525390625,1.2728990046797726,15.990235599149797,,1.7325522772929471,2.002345152301603,0.9846252307357312
7.3500000000000005,0.01248443290292402,2.310713498506979,-8.520286110956093,1.9489174982507051,1.9476953624510205,1.953870466835765,1.9724836511257153,2.0323661021620465,-8.54736328125,3.81122672787736,15.879543344763903,,1.7453669734496187,2.1202674274620836,2.2030326769777417
7.36,0.01253712279938925,2.3155844872459133,-8.45045843772043,1.9465551267459273,1.9488030441762556,1.9566187181137231,1.9764099564531872,2.0356549378192814,-8.54736328125,-2.400596924684041,15.256638774970199,,1.7591764696953256,2.0766706684211447,1.9760097147553963
7.37,0.012577742715818727,2.3193326671929544,-8.324564005418054,1.9457767213254107,1.9534865179577687,1.9684804792735648,2.005325264819484,2.037703137552054,-8.45947265625,3.891772898099238,14.044627014157749,,1.8128282831242468,2.144818100779716,2.375457521631739
7.38,0.012606138690160676,2.3219492965226465,-8.142896077638813,1.9458730983971275,1.9591563541714494,1.9809775363691002,2.0288330153739853,2.0392419482743454,-8.32763671875,1.9563467221097885,12.154629510856381,,1.8808495408000607,2.1563422571224686,2.237861656647761
7.390000000000001,0.012622203092886124,2.3234282923402363,-7.905954694305354,1.9452784131528176,1.9608482705446173,1.9803405609285063,2.0081548785850707,2.040490547970547,-8.173828125,-1.8952579481130631,9.439454072278963,,1.9230988973912235,1.9681189298576887,1.3049901283198733
7.4,0.012625875034938134,2.3237662235873344,-7.614445796226721,1.9466766253863943,1.9674695817369263,1.9931079295341918,2.0309072384220412,2.041979564937867,-7.91015625,4.1421362550280305,5.187861732148705,,2.0039080770756783,2.040685083928586,2.258800518349061
7.41,0.012617140598520168,2.3229623070365855,-7.269279706067448,1.9493336714873128,1.9762283738339776,2.0097265896508523,2.0602018984100843,2.044697659352334,-7.6025390625,-0.7399120641591078,-5.884370091412215,,2.0939726862158863,2.1149027698991176,2.4231822991106546
7.42,0.012596032889848839,2.32101840637699,-6.871568947918753,1.9507043221813005,1.9790255376260493,2.007454938010878,2.028550357393264,2.0487975326680967,-7.294921875000001,-2.523247027399865,-9.630104215393809,,2.1342035026052772,1.8997882065224196,1.201029246192397
7.43,0.012562631913671102,2.317939034390164,-6.422625385089907,1.9536758024018297,1.9855889639251507,2.015817039953673,2.035992575207423,2.0543800975575754,-6.877441406250001,4.339929721498675,-12.05880493832486,,2.1907691942951044,1.9596207141084088,2.131891371567437
7.44,0.012517064270021519,2.313731358216798,-5.923956654143102,1.9577177014898863,1.993932197261721,2.0279973053349623,2.054859739149932,2.0621295746363675,-6.416015625000001,-0.20759174757675222,-13.81794740128408,,2.244983548910816,2.0564489362905896,2.3983387163474816
7.45,0.01245950267436895,2.3084052077108157,-5.377261872748267,1.9614679346559125,1.9997169953205778,2.031642030958848,2.0464528291715403,2.072288975004928,-5.9326171875,-1.133037474861571,-15.085958130602418,,2.2667143628174777,2.0099620985537165,1.8900900576131012
7.46,0.012390165302971485,2.3019730868752535,-4.78442659977456,1.9658445130729747,2.0061619929949823,2.036908272269402,2.046715959963376,2.0847456572693113,-5.38330078125,3.1281098172811097,-15.923876712647914,,2.2771395363261617,2.034206845623348,2.006144221278293
7.47,0.012309314965920928,2.294450188367593,-4.147517028260257,1.9716745387239165,2.0158434000653296,2.050778091906176,2.0745876684325326,2.099400888662722,-4.76806640625,2.715300613521969,-16.3419974557393,,2.2920584495411447,2.174786361735943,2.4457895203343556
7.48,0.012217258111011181,2.2858544110519468,-3.468773395562742,1.97678842720347,2.021792709799374,2.0530026739857377,2.064240317672338,2.115307574520975,-4.15283203125,-2.356931811439516,-16.31846544236705,,2.2667371953557702,2.1002816389107357,1.748115524233321
7.49,0.012114343662206402,2.2762063805599624,-2.750602600084583,1.981461611864176,2.0253721434839136,2.0490384409245173,2.0397901182021556,2.130588821832873,-3.49365234375,2.682106001459496,-15.806235877564676,,2.212675844829501,1.989426509392508,1.4852682538309556
7.5,0.01200096169711106,2.2655294727998863,-1.9955700204455977,1.9860343729675698,2.0280028597616147,2.043797764158011,2.01913079944686,2.143661232521255,-2.79052734375,2.3268296745408628,-14.73765845344802,,2.141983619086656,1.9256276452236136,1.8088462800115008
7.51,0.011877541968455245,2.253849840322591,-1.2063905407152007,1.9928303181323013,2.0370803151586556,2.058070156878761,2.0638110393398246,2.1542013398606126,-1.99951171875,3.767145661392365,-13.035620589717926,,2.109556895232005,2.1674041338944696,2.8659126168840183
7.5200000000000005,0.011744552275198786,2.2411964414122525,-0.3859187941713729,1.9990167459816939,2.0432454417694728,2.0632969542555584,2.073642761744845,2.1623805316833473,-1.23046875,-3.016648575290569,-10.60454425253875,,2.05329127932166,2.1626095454446026,2.233835514784684
7.53,0.011602496689428473,2.2276010717159838,0.4628613522005769,2.0062510239544267,2.0520198744389657,2.075986811821672,2.1043759854893174,2.1683129703615225,-0.3955078125,3.7717419843990325,-7.1007967214144205,,2.0184352674241435,2.254781462057901,2.318125985296137
7.54,0.011451913645768879,2.2130983981584156,1.336848039872255,2.013127305725806,2.058866440917055,2.082573373312927,2.1111456551438916,2.1722149084468567,0.439453125,-1.5551459237237932,3.418585400304554,,1.975847263736032,2.211738265437322,1.8065065000705742
7.55,0.011293373900548475,2.1977259948013286,2.2328333442754595,2.021495599823149,2.0697770646388345,2.100397083073797,2.149630277598469,2.1744039226940264,1.34033203125,3.7025456734999134,8.420029528068383,,1.9753512212483644,2.316931361202305,2.3946686187261044
7.5600000000000005,0.011127478368456612,2.181524380201936,3.147515829572682,2.0282269133260886,2.074744288329678,2.100336122352139,2.1279743445685653,2.174952522570257,2.197265625,-3.1923848504961176,11.186212257887629,,1.9426047337090913,2.12155075801532,1.3461912447970543
7.57,0.01095485584489097,2.16453705569281,4.077513668191453,2.03661548268065,2.08463882700944,2.114803974595534,2.154067462206533,2.174152484383483,3.14208984375,4.636431939287718,13.14040093969837,,1.9651024213873645,2.205153212483773,2.4531216309489445
7.58,0.010776160622628234,2.1468105438481855,5.019378250844198,2.0456854049509654,2.0959832625123878,2.132187319437011,2.1838946479397077,2.1729031637801,4.0869140625,-1.1845658852627488,14.554827940303731,,2.01292258764273,2.2696597385217925,2.5911672932167975
7.59,0.010592070011852256,2.1283944262116523,5.969608203966727,2.052898438376457,2.1008754858132535,2.1303869026459106,2.1523301645990824,2.1714515464828885,4.98779296875,-2.4928600278052473,15.521632863824074,,2.024658436230412,2.0445560136846597,1.3742129218439738
7.6000000000000005,0.010403281772938675,2.109341379134751,6.924663724012202,2.061040068669409,2.1086535234540453,2.1377516860377224,2.1559273353598933,2.1703284175402895,5.954589843750001,4.422800808354996,16.065572746116782,,2.071297940753923,2.0720777643017434,2.1946914909442388
7.61,0.010210511471727425,2.089707206311429,7.880981132102073,2.0706424933450895,2.120703046151721,2.1568591504514028,2.195329980749725,2.171219764810102,6.943359375,2.29326207662622,16.173125619381047,,2.155797709989275,2.2546195798181463,2.79944909367731
7.62,0.010014489767306612,2.069550866285506,8.834987548381022,2.0804028181684275,2.132592965629551,2.1738583385826105,2.2218902272419387,2.1755065992910794,7.91015625,-1.034508483485696,15.803457725398394,,2.238428945996318,2.324597247425193,2.494124212331011
7.63,0.009815959642588495,2.0489344928551048,9.783115583210982,2.088485055036284,2.1387468856125573,2.173776380891499,2.1945939485914847,2.1829700158612364,8.8330078125,-1.4045835113443668,14.893226807502751,,2.278284576215266,2.1502068178606715,1.2305427716539343
7.640000000000001,0.00961567358817448,2.02792340589746,10.72181794216504,2.096324965351121,2.144247947593371,2.1729539749134856,2.1729897174769888,2.19247960624108,9.77783203125,3.535432832817243,13.364887573915865,,2.310481673695907,2.07028887229632,1.6252944442936874
7.65,0.009414390750182808,2.0065861096901805,11.647581843671091,2.1052358371043325,2.153262838588159,2.183070581657556,2.191370060333936,2.2030648902306376,10.74462890625,3.122064676040241,11.132038732563998,,2.3595867330149187,2.1994025677862967,2.6048844931126864
7.66,0.009212874052849908,1.984994275314266,12.556943152060507,2.111857604155675,2.155118404278834,2.1732544650538173,2.1492899784398416,2.213152860806032,11.62353515625,-3.469226846735525,7.958114627769251,,2.3512267564625375,2.001459830894422,1.6089302588409642
7.67,0.00901188730681149,1.9632227031966933,13.446500134582998,2.1181674825072547,2.1567175742442593,2.165327277334051,2.124691498876746,2.2210972195118193,12.5244140625,4.053476136685404,1.3383154787628686,,2.3333300883991037,1.9625125204799274,2.0105407256601433
7.68,0.00881219231402382,1.9413492612984415,14.312926758473823,2.1259162438852353,2.1635566103860504,2.1744336324097433,2.1599403646091897,2.2267463467529347,13.447265625,3.4414846605748277,-7.570106955453564,,2.3420452213032403,2.2102874800803978,2.9069906219132933
7.69,0.008614545980298717,1.9194547938959152,15.152985453165483,2.1330365749946814,2.168716015491743,2.178977948824883,2.176017910990813,2.2306178938163583,14.30419921875,-2.529639395076701,-10.566185157691683,,2.329254000185265,2.276311565587744,2.445957975840251
7.7,0.008419697446396236,1.8976229953660544,15.963539272937682,2.1406714069795756,2.175932054970122,2.189892582518519,2.2086716257686296,2.233141795446053,15.161132812500002,3.5502727126309908,-12.62426953665575,,2.3221359245309645,2.394820208043754,2.4340227746391188
7.71,0.00822838524854942,1.8759402429039855,16.741563406376326,2.1462960086854443,2.1771713741182617,2.1838917315135715,2.184628965775484,2.2344136759851274,15.93017578125,-2.81675453523606,-14.098352604888168,,2.2668225593662923,2.2290244912577255,1.1198598617713735
7.72,0.008041334519183476,1.8544953817228331,17.484155990621517,2.153339537827689,2.183727228962114,2.19467219446187,2.2157818511900595,2.2348928174694707,16.7431640625,4.787487370880412,-15.101473420170622,,2.24604708612461,2.3542229498955276,2.4605590967129243
7.73,0.007859254238439415,1.8333794560657253,18.188548200174445,2.16025608437162,2.1902365096912595,2.204912035498584,2.238600347903075,2.235584535385137,17.490234375,-2.10476124740857,-15.665353760400816,,2.223011143825566,2.381395872947238,2.4633781100266767
7.74,0.007682834546920168,1.812685379368436,18.852113591655446,2.166776105821002,2.1958558777275674,2.212231980480005,2.2476499148850504,2.236915625861006,18.193359375000004,2.1216656738700057,-15.7784286913549,,2.194565227675972,2.335360656245735,2.227012181132315
7.75,0.007512744129843876,1.7925075372246058,19.47237669702929,2.1727865749542077,2.2003165102446527,2.21620810060251,2.244712994296369,2.238677796702055,18.8525390625,2.3004071209407266,-15.398794167606894,,2.161782050904485,2.2494699018367763,2.0354723712694547
7.76,0.007349627682520235,1.7729413175079043,20.047020868133693,2.1782974599418545,2.2037609792417405,2.2176444876554355,2.2350122673065482,2.240240957299272,19.4677734375,2.164780195190273,-14.458106082733078,,2.1286507703207027,2.159996430438607,2.0196557002364033
7.7700000000000005,0.007194103466755689,1.7540825631790373,20.5738953845958,2.1834123235579126,2.2066089718511983,2.21802739172234,2.2248246692774356,2.2408844443819325,20.039062500000004,2.312416939789317,-12.867121604159115,,2.1009724790681163,2.1006978966892365,2.1448273754338394
7.78,0.007046760967449906,1.736026945025225,21.05102184517313,2.1891739290206647,2.2121698816126854,2.226691451314289,2.2424162087308357,2.2401074323115804,20.58837890625,3.207320667769272,-10.509619807466905,,2.1058646389327618,2.199157803012751,2.6336304882350055
7.79,0.006908158658265621,1.7188692538992574,21.4765998690347,2.193023107622101,2.212129880340055,2.219305791668029,2.209612842688034,2.237179601581714,21.02783203125,-2.963042370841623,-7.023696305287994,,2.0793305156313155,2.038410264088295,1.6920836587546448
7.8,0.006778821884840594,1.7027026149650262,21.849012138379724,2.197293012797692,2.21437058601428,2.2200189087682056,2.2093090774940634,2.231673691469237,21.46728515625,4.28030517984532,3.5881364434356713,,2.085004423456782,2.110269050693757,2.308278472533221
7.8100000000000005,0.0066592408735651875,1.6876176299879646,22.166828817003253,2.2022200604684556,2.219379738365466,2.229091130152684,2.235597427738315,2.224255956478313,21.86279296875,2.2556513011477493,8.533103096352537,,2.1238699123352616,2.2811749873871334,2.7021697936371734
7.82,0.006549868873472593,1.6737014577401899,22.42881138094109,2.2071747726704642,2.224854457993735,2.2388608504892407,2.2593415439596174,2.2157941249380415,22.1923828125,1.1870780379656816,11.322923519432615,,2.1739323669317803,2.382743073999841,2.524506233024296
7.83,0.006451120438284781,1.6610368469555927,22.633915897189883,2.210821171547555,2.226509712307493,2.237217054680012,2.2448167115699413,2.206527826109362,22.43408203125,-0.9520804332765919,13.313640142415974,,2.200871175886719,2.2917374616848627,1.6800584071643183
7.84,0.006363369855125616,1.6497011407246234,22.781295784780205,2.2138353615537683,2.226841880976723,2.232642123514028,2.2252108693062054,2.196449471862257,22.6318359375,3.02359927973767,14.773767245621462,,2.2232087940797705,2.2114232839082213,1.6933979069940757
7.8500000000000005,0.006286949725856812,1.639765275444181,22.870304089299882,2.217670210088425,2.230542946692678,2.238661742786372,2.2423740051779792,2.1862224685777587,22.8076171875,3.45843548675241,15.796194789080841,,2.2722207903636775,2.310836300009127,2.5607033693626997
7.86,0.006222149706414053,1.631292801061464,22.900500414017944,2.2209558516589767,2.232909247581779,2.240664019190932,2.2447685019185952,2.176714802005754,22.8955078125,-1.7870188670216813,16.407076147176284,,2.3089741911624784,2.295167820554549,2.367211209620697
7.87,0.0061692154089212844,1.6243389519748974,22.874124317157726,2.2234384885454466,2.2332458752562663,2.2372169175229923,2.2310387322920566,2.168313502573043,22.91748046875,2.051103689369235,16.59552686825402,,2.327530457760191,2.2091963525123792,2.029102342660298
7.88,0.006128347470744793,1.618949799204041,22.793746933937012,2.225601241368864,2.2335644524282063,2.2347832710610085,2.223942613238995,2.1613743026033947,22.8955078125,2.7919446502362977,16.325053785211708,,2.340951002452772,2.1787503181677157,2.153784377235862
7.890000000000001,0.00609970079401553,1.615161514008915,22.65953274360148,2.2277898220198646,2.234893354450869,2.2360609117377717,2.230116580148258,2.156212078412307,22.82958984375,2.513054459446429,15.537847519813905,,2.355111427201502,2.2163633905707787,2.402424243876504
7.9,0.006083383958502082,1.6129997708467214,22.471832500532514,2.228003226136229,2.230192998278206,2.2201131928767848,2.182249850407106,2.152358668215877,22.65380859375,-2.7685137836401026,14.163191583505427,,2.3180829280799964,1.991903748121415,1.3379396631672897
7.91,0.006079458810059761,1.6124793133856756,22.231193093037064,2.229193632462263,2.229739965159519,2.2190987393871606,2.1918584731398782,2.1494598779466934,22.5,4.812351029811297,12.135579878860735,,2.3085020728132526,2.1279643108758757,2.544748582368568
7.92,0.00608794022621567,1.6136037014263853,21.93835644191283,2.229148711321177,2.225490075226964,2.2076894579805355,2.168492146684303,2.147434452958313,22.236328125,-3.199871760326086,9.324344581359233,,2.2661509151481405,2.0605369842336896,2.035061248513294
7.930000000000001,0.006108796059778288,1.616365249373007,21.594257827496268,2.229839312727245,2.2246545161465052,2.2085055953289774,2.1883638591191645,2.1460705929681803,21.97265625,4.154896986828121,4.978424952839811,,2.246153848482275,2.21496729870122,2.6047141062858303
7.94,0.006141947260685238,1.6207451588672064,21.200023627824716,2.2289314591050857,2.2188243734348583,2.195596516435452,2.1631112052156043,2.144734096060473,21.59912109375,-3.0042935659342005,-5.9652999733229555,,2.1885660843883565,2.1143959017441425,1.7386041750427157
7.95,0.006187268175627533,1.6267138399646663,20.756968447772056,2.2275686672363646,2.212688031728448,2.1845073227306515,2.148421575778846,2.142247195125355,21.20361328125,3.5046294267933447,-9.578362308700491,,2.131415056407226,2.1011190903779497,1.9231398773593291
7.96,0.006244587024314452,1.634231407438327,20.266591617179316,2.225029966900804,2.2040567955220234,2.1688431982874388,2.122700011003811,2.1376488159368168,20.7421875,0.7052197086172124,-11.909495114358489,,2.0611336026318794,2.0344160432200202,1.8267457923433668
7.97,0.006313686550574005,1.6432483320232953,19.730573035251815,2.222384992508138,2.196996404818687,2.1603041493010733,2.1223334622027745,2.130645343312158,20.2587890625,3.155267236191639,-13.571121410017202,,2.0107826322419937,2.101892471643121,2.3470397301774484
7.98,0.006394304845821091,1.653706221141397,19.150768338954943,2.2196507865941193,2.1914130638718152,2.157230634137267,2.1367883600219186,2.1218465350291136,19.7314453125,2.0143259932998547,-14.732275435858675,,1.9816464368135187,2.1992229620953943,2.518425030094337
7.99,0.006486136341771973,1.6655387001540758,18.529203374896873,2.216767919529873,2.1869005959726113,2.1574014778963115,2.1557714719016237,2.1122276313168653,19.16015625,2.016710716064009,-15.446518709770011,,1.9720150951835305,2.273225936721858,2.417035687108592
8.0,0.006588832968642753,1.6786723635948668,17.86806795728123,2.2135994192749884,2.182822111647797,2.1583698778753764,2.1704857546740945,2.1025469379711277,18.544921875,2.0395760172229265,-15.715753594063107,,1.9774122573976154,2.2979931789595747,2.1792264567317368
8.01,0.0067020054744414415,1.6930277660469544,17.16970889894557,2.20897026218083,2.1755240716639888,2.149851564552229,2.1508551166729837,2.0928272078488006,17.86376953125,-0.992807375249353,-15.508649367850857,,1.9695054193687773,2.161270610726526,1.449311756651395
8.02,0.006825224900353493,1.7085204241258292,16.436622308222926,2.2037359815705453,2.1678565465926973,2.1407217664345466,2.130917953196654,2.082706781625112,17.16064453125,2.9546293498547795,-14.765435483556288,,1.9712418082607137,2.0620824768813,1.6978705628930097
8.03,0.006958024206628479,1.725061804064225,15.671445151277979,2.1985439917764507,2.1615858966472223,2.135905751205725,2.126257371757082,2.0721647749539196,16.435546875,2.5230271686654433,-13.39982647083598,,1.9947102524872504,2.0560870866688807,2.2369434942463586
8.040000000000001,0.007099900042805186,1.742560273286874,14.876946087532701,2.192855814733707,2.1547822879779126,2.129402026127302,2.115882174562664,2.0614148436789628,15.66650390625,1.006554694594392,-11.30809952923716,,2.021510422685209,2.0197667555186167,2.217436017896199
8.05,0.0072503146555656026,1.760921998713397,14.0560155946217,2.1861150606938344,2.1456831429214547,2.1163854841416425,2.0867249925902573,2.0507711803989337,14.853515625,1.383248678809922,-8.26107879288519,,2.0360274619776293,1.9111935384563954,1.8484755889997102
8.06,0.007408697926986444,1.780051778982738,13.211655408776943,2.1806264734815173,2.1411399465997505,2.1172617833539658,2.1046495457100507,2.0413501145463346,14.0625,3.8665572440740945,-2.4607460208758027,,2.088232753244926,2.0707602672822607,2.5584913691074553
8.07,0.007574449535462504,1.7998538020595212,12.346967316375846,2.176213800970345,2.1400526166287177,2.1269554063201976,2.1434482221835918,2.03470822202519,13.24951171875,1.472521717695852,7.402651423265435,,2.1615501001694195,2.260888229939042,2.705354518476441
8.08,0.007746941231111187,1.820232323545672,11.465141342310044,2.168843290177451,2.129798550479999,2.108150855812014,2.0875614437423478,2.0308345534578023,12.32666015625,-3.788894334432401,10.57008982973897,,2.1608464175302573,1.9753523106416655,-0.6338488433352776
8.09,0.007925519217034008,1.8410922643418426,10.569443390544926,2.16256944404347,2.1234777134108134,2.1022262757639623,2.0806946267594815,2.0289286221209366,11.4697265625,5.067752415103111,12.758986915404785,,2.183602378391723,2.0238942814872822,1.9059651822952033
8.1,0.008109506627409205,1.862339729015485,9.663202401437363,2.1550174587864817,2.1133084368942705,2.085236594146096,2.041294992422715,2.0284141209944737,10.546875,-3.1992501870499264,14.362592829698174,,2.170367071898601,1.8900837234073764,1.5942617981680793
8.11,0.008298206093022504,1.8838824483270813,8.749797098764637,2.1486806263615468,2.107462562596607,2.0821205406704686,2.0518067022894972,2.0289496762763313,9.66796875,4.105279490565769,15.507177063477044,,2.179367730536569,2.0327666174891013,2.55517071739878
8.120000000000001,0.00849090238451233,1.9056301508775588,7.8326424067130525,2.1418205895249582,2.099994835812096,2.0739631693862073,2.044265648846475,2.030348128563636,8.7451171875,-2.266683147584417,16.233035847532307,,2.1659519102041345,2.0313902572597318,2.211658662511689
8.13,0.008686865123310284,1.9274948698310332,6.915175623033517,2.1337845232586052,2.0889241927224695,2.055852129509392,2.007364381100163,2.031913965982801,7.80029296875,1.260038422762997,16.53868070941483,,2.1174840782878643,1.8967696192417272,1.4589721049223667
8.14,0.008885351550002014,1.949391191216778,6.000842438987311,2.1283724116817107,2.0870453903486186,2.06546024762581,2.0609315584927876,2.0335862959950415,6.943359375,4.816986787363124,16.39477003620735,,2.1265476270015182,2.208978135488461,2.842751290279666
8.15,0.009085609339615226,1.9712364505062752,5.093082899422312,2.12052680411946,2.076827386543593,2.0492007948241846,2.0237381366213145,2.0348129938430426,5.9765625,-4.820652427908868,15.74841494075146,,2.066200879852523,2.001639823978471,1.1092561734732493
8.16,0.00928687945316399,1.992950884077267,4.195317397239448,2.113969278287559,2.07143142561042,2.047823352063143,2.037212158730132,2.0342595592741337,5.09765625,5.068378299961966,14.527765522792896,,2.0363503121866007,2.092753544495874,2.1382060819700692
8.17,0.009488399014641435,2.0144577418911997,3.3109327955931946,2.105399017307949,2.059435548310877,2.027035171178161,1.9876553091730345,2.030592503398911,4.15283203125,-3.7985266288727475,12.661193499312944,,1.9538897569537794,1.8504940738381914,0.914715090526152
8.18,0.009689404202555924,2.035683367287529,2.4432687684445638,2.098213805284874,2.0528548806161444,2.02344163338487,1.9989638074836882,2.0231270106455277,3.2958984375,4.657424864287551,10.042078086463059,,1.9142296136078167,1.9698585301901927,2.37655813655517
8.19,0.009889133145050705,2.0565572492914606,1.595604445638195,2.0906231309235976,2.045164725146608,2.0162239320022985,1.9952591887073907,2.012585300344202,2.4169921875,-2.570575310660942,6.176377977806833,,1.8692234118220685,1.9637922192561073,2.1894123550772724
8.2,0.01008682880763407,2.077012052283068,0.7711454426537284,2.0846150584914396,2.043041518904574,2.0246067285994713,2.036725811743824,2.0007388051272694,1.6040039062500002,3.796048826511912,-4.871972541423241,,1.8747108243054347,2.15964594386968,2.66946260368834
8.21,0.01028174186257439,2.0969836273172904,-0.026988652215059635,2.0789931961338737,2.0418371796851846,2.0331567102689854,2.0666809501013876,1.9898378127861447,0.791015625,-1.5118424018461334,-9.064026315742131,,1.8931617858260201,2.233881540776314,2.289234410748995
8.22,0.010473133529083856,2.1164110088395875,-0.7957762690282817,2.0726171109298166,2.0376564384254814,2.030890612232183,2.0554956599406413,1.9812528575810637,-0.02197265625,-0.7121537864507786,-11.626976413990047,,1.8948799654464374,2.113874845476127,1.2667833704738556
8.23,0.010660278373526488,2.135236400027036,-1.5323052708723683,2.0662548664011657,2.0333032285538493,2.0271644385953302,2.039878376361502,1.975748297525401,-0.791015625,2.929006644387168,-13.45936982044238,,1.9032335893870465,2.0128070047304667,1.385455650689837
8.24,0.01084246705903593,2.153405149509054,-2.2337837471295923,2.0604428663517185,2.030480082393713,2.0269827491982415,2.03637627508428,1.9741492214076242,-1.51611328125,2.3342919475744437,-14.777694959231068,,1.9300389106592422,1.991631547492366,2.0227072064818183
8.25,0.011019009034121771,2.170865721791773,-2.8975501506138444,2.0555169141620735,2.0300187236437535,2.032202581788727,2.048511335008538,1.9770892846858366,-2.197265625,2.255069518507892,-15.655765103842086,,1.978016368363381,2.042373088142548,2.4244672749729084
8.26,0.011189235150073232,2.18756966332688,-3.5210827539477236,2.0497670946744697,2.0261111972754957,2.02592633386373,2.0233029387296035,1.984019748052866,-2.87841796875,-1.9555560606184763,-16.10966814955779,,2.000524463357142,1.9052464458788774,1.7645881626262858
8.27,0.011352500197239898,2.2034715658295423,-4.102008410291454,2.043545736888613,2.0202493234844163,2.013999017464511,1.9862962576348764,1.9931819280577825,-3.515625,2.5780603329327376,-16.120378284851046,,2.0090115008398555,1.7649879875142198,1.497931115871373
8.28,0.011508185350575975,2.2185290281584704,-4.638110612621219,2.037063673091922,2.0133073452125827,1.9997854638337642,1.9507745459117507,2.0027025042927065,-4.10888671875,2.043992898046183,-15.642281945109229,,2.008942684886886,1.686526386063797,1.6811651587830105
8.290000000000001,0.011655700515178601,2.2327026178213485,-5.127336853946116,2.031365851821618,2.0087093556904896,1.9933905825118068,1.947870038441364,2.011450575558096,-4.63623046875,2.818855621755733,-14.607877688316353,,2.0235995995366896,1.8082348766699339,2.301183772397374
8.3,0.011794486562930123,2.2459558329570637,-5.567805297940115,2.0262829675955008,2.0056360933437167,1.9915466360201346,1.9603873066424535,2.019089559744486,-5.11962890625,1.5822538658582146,-12.93658954897673,,2.0439821467552513,1.9607835384908634,2.408183998710463
8.31,0.011924017451766727,2.2582550654683837,-5.957810775282611,2.0215879876104412,2.0031794729604497,1.9911023647518356,1.9745524520726134,2.025514170991403,-5.55908203125,1.7891214860350315,-10.526978104017727,,2.0616051347410527,2.0705451744257,2.18798618596652
8.32,0.012043802219540626,2.2695695658310817,-6.29583012543022,2.017017302580588,2.000426077222701,1.9893102491560843,1.9810053651405988,2.0305577516729385,-5.954589843750001,1.7632581995392982,-7.030600773832611,,2.0691063315897553,2.1106224823852973,1.8416721593239334
8.33,0.012153386844918436,2.279871409984184,-6.5805269065140655,2.012289471622971,1.9965195049258548,1.9839750473379711,1.9744225302947358,2.0340873014496585,-6.30615234375,1.6523075594583418,3.4898594696523575,,2.060512153264653,2.075136757538921,1.5507918023080478
8.34,0.01225235596826256,2.2891354686074687,-6.810755497550981,2.0090423179143952,1.9967618842475567,1.9904956475931248,2.0032156022005636,2.036589624238233,-6.56982421875,3.376563705577957,8.420676883362935,,2.0733432652620256,2.184861585903906,2.2923314955966916
8.35,0.012340334465972764,2.2973393790132315,-6.985564617201756,2.0056849463473743,1.9956819558577021,1.9918432063474625,2.0087454373529328,2.0389033778184236,-6.8115234375,-2.0322267989309286,11.162179606528282,,2.0678341890034746,2.137959813670551,1.9773410997221097
8.36,0.012416988872320626,2.3044635198167964,-7.104200281978339,2.0037474222923564,1.9982559916849685,2.0026250662933824,2.0389332309597887,2.0419051528577135,-6.96533203125,3.4843864691003295,13.094391178774886,,2.0800502208990648,2.1972805622614406,2.3545667423337324
8.370000000000001,0.012482028643387877,2.3104909885016762,-7.166108224222352,2.002522997586428,2.0018575477732248,2.014111593870316,2.0626672333942424,2.0462139578498624,-7.0751953125,0.6080482701271713,14.48456060417399,,2.0907692940463942,2.195766685792866,2.2183990565954246
8.38,0.012535207258317714,2.3154075819582305,-7.171383163005934,2.0004365947279354,2.001432368560799,2.012166372955645,2.0404215975582325,2.05125594112879,-7.163085937499999,-1.5438556803549768,15.42249501341989,,2.0658805984923077,1.9881357801241548,1.2676849463623925
8.39,0.012576323153705157,2.3192017800472504,-7.123635113075856,1.9981144121355718,1.9994211184488921,2.0055238825180903,2.0082970793612707,2.0558841308904983,-7.18505859375,2.808578118219317,15.931091315547986,,2.0265310076834817,1.8008290153313262,1.302281179891791
8.4,0.012605220487584725,2.3218647322202064,-7.0238143759185565,1.9971970735281472,2.001204337786546,2.009939083632754,2.01645509740343,2.0598283450369714,-7.119140625000001,3.2244502180011083,15.994807737282194,,2.014098111577761,1.8829258773433963,2.336486107118711
8.41,0.01262178973011966,2.323390247214405,-6.872163373475627,1.9971803039693348,2.0048180580933077,2.0184604919752447,2.0358677261646925,2.0637187296081794,-7.00927734375,0.9039699414987369,15.56999095229536,,2.0141804054921204,1.9974254023265543,2.5172056139910723
8.42,0.012625968078753947,2.323774785832627,-6.669120043529468,1.9986058568282314,2.011790032632023,2.034724776748439,2.074311236230977,2.068251375932655,-6.83349609375,2.7561469545974786,14.589609282711201,,2.037789015486098,2.1725662462245827,2.593459964455811
8.43,0.012617739696253405,2.32301745681168,-6.415316921297329,1.9980904862480282,2.011162305107453,2.027353722028448,2.0353504454265465,2.073155156921594,-6.6796875,-3.3034654622787913,12.970463585579791,,2.0059066875756772,1.9628484575388758,0.6154858936906311
8.44,0.01259713577073372,2.3211200157815512,-6.11157958131317,1.998650403674742,2.013289186948674,2.028398546846182,2.0301849586497216,2.0780589405404717,-6.416015625000001,4.433733221291072,10.60870485755112,,1.997508558677782,1.9956647663447367,1.7676932147283326
8.45,0.012564234397447822,2.3180868673155177,-5.758924429049827,2.0008814692675925,2.0197918706924205,2.0413027607126684,2.062420615316733,2.083787175077077,-6.08642578125,2.2119769233396194,7.172555510404194,,2.023421820005772,2.1736979035998303,2.5739352999806195
8.46,0.012519160282780722,2.313925070070505,-5.358555828362859,2.0033818320966468,2.025828813652856,2.0510368310498386,2.0792098295401513,2.091214930416707,-5.73486328125,-1.5347968138987027,-3.2050353416863993,,2.0462942594679423,2.2147187582688903,2.318655097830165
8.47,0.012462084271573741,2.3086443450153045,-4.911862549956042,2.0060021522015874,2.031026285390297,2.0570704118712335,2.0822256311345484,2.1004648704835525,-5.33935546875,2.332720093264043,-8.32847333229116,,2.063699313451677,2.1825935342267093,1.954498680762632
8.48,0.012393222699569667,2.3022570867408527,-4.420413526114049,2.0096322527515253,2.0383037820164,2.0680423867213054,2.0998809907005964,2.111079877201789,-4.8779296875,2.928553581751431,-11.117149563346574,,2.096039248334245,2.2174731670442296,2.1795950608887473
8.49,0.01231283657343338,2.2947783778406357,-3.8859528980331697,2.012201822108327,2.0410235164765527,2.065071948386489,2.0736899087670775,2.1216865878414155,-4.41650390625,-2.381610090154114,-13.08240857831038,,2.0950138351748815,2.0370436234848435,1.3764654286107314
8.5,0.012221230581455798,2.2862260063391395,-3.3103943442830492,2.014954490927342,2.0436331738889812,2.0624695070975414,2.055440355134404,2.130453206876882,-3.8891601562500004,3.3579007299967634,-14.502412511317072,,2.0936541895065575,1.9447127148346206,1.7911974654732616
8.51,0.012118751938691021,2.2766204861309456,-2.6958146822891242,2.0180442278363464,2.046699947614632,2.0619150280763576,2.0491141759042817,2.136212801876243,-3.31787109375,2.0268037744767295,-15.470760240645497,,2.0953904251976425,1.9322433124660006,2.2027253899297308
8.52,0.01200578907090383,2.265985080371024,-2.0444467392311703,2.0216819857660484,2.0509038048335277,2.065134619621,2.057452957983673,2.1387625082761206,-2.70263671875,2.2382321267163325,-16.012315382735142,,2.104361719114432,1.9946703266789625,2.4261285876771943
8.53,0.01188277014231581,2.2543458277264055,-1.3586714943587272,2.0261274733144723,2.0569938399888437,2.073746875288195,2.081673039394696,2.1389417302337863,-2.04345703125,2.4354851278637524,-16.11306287285197,,2.124831068370831,2.1154402790082285,2.501073327204726
8.540000000000001,0.011750161432730508,2.2417315713588843,-0.6410095013344201,2.0316805031260436,2.06574679706837,2.089137168369467,2.121508867848324,2.138362834832009,-1.34033203125,2.464629836614327,-15.731095128469123,,2.1605605692207592,2.2701821913325846,2.509415630359234
8.55,0.01160846557018875,2.228173990455477,0.10588839330646749,2.037729673272842,2.0750113049831573,2.1043612095018283,2.152394192402063,2.138633687535783,-0.615234375,1.460386421708464,-14.801217367266744,,2.194656200013946,2.3415467234048855,2.1803591374850604
8.56,0.011458219625852754,2.2137076340557384,0.8792510113254748,2.043876650130836,2.0835409352669716,2.1159916705592727,2.1661255273259603,2.140588350413436,0.1318359375,1.9151236246480101,-13.242523292405814,,2.2180928965703925,2.3232294635643567,1.817627095835565
8.57,0.011299993078340245,2.1983699568399477,1.6761974506829471,2.048971671299821,2.087914972831913,2.115158934484358,2.1407168781637447,2.1440544962210355,0.87890625,-0.5147445157244123,-10.960007977306004,,2.208123218055712,2.1390812973342777,1.1223889768369513
8.58,0.01113438565522438,2.1822013564365457,2.49374829840069,2.0550204037967865,2.0948593643894253,2.122177486484427,2.1445696753029178,2.148679568499177,1.69189453125,3.785084498023174,-7.679356283269121,,2.2123087753860875,2.138040119501015,2.216940259021054
8.59,0.01096202505988063,2.1652452116776515,3.3288373977674968,2.0609690161896417,2.10089759835243,2.1264676610461843,2.141014552751213,2.1542485237527624,2.5048828125000004,-1.2477328894383486,1.787213038578717,,2.206037562470333,2.0909155388934777,2.311680387988506
8.6,0.010783564592296695,2.1475479210744783,4.178324110726964,2.0670153386322814,2.1068021670317876,2.130595126697465,2.139480481638718,2.1603086755215104,3.33984375,2.5245171161919457,7.940900392749074,,2.195733171705207,2.0697908650851504,2.329678843471141
8.61,0.010599680672863536,2.129158940596025,5.039006008322176,2.072520013557291,2.1106746856149488,2.1294050098809345,2.1244682804766235,2.166290949252473,4.1748046875,1.3734294115103198,10.879578582277372,,2.169320603806617,1.9996537949787083,2.009161410517719
8.620000000000001,0.010411070278532688,2.1101308196105535,5.907631914949726,2.0789532474603063,2.1173456408756857,2.137043702458659,2.1410837678116557,2.171928527553093,5.0537109375,3.426482828850887,12.935405430170764,,2.162748052753726,2.113539814075296,2.446161171704622
8.63,0.010218448301058074,2.090519233586383,6.780915226140424,2.0857850174437553,2.124926176992884,2.1470860386559862,2.163134278190969,2.17709948365285,5.9326171875,1.25807052805117,14.43138128459136,,2.1629315144484202,2.218121771526214,2.429606210372581
8.64,0.010022544837334937,2.0703830118426274,7.655547414849129,2.089948642276306,2.1238849883493036,2.132833995499571,2.1098017480489273,2.180914257883945,6.74560546875,-3.0309771045621323,15.474704194434802,,2.1029679060817075,1.956125916113951,0.19455554005433667
8.65,0.009824102422106708,2.0497841582891487,8.528211637974815,2.0964623734606307,2.130747723471487,2.143490819309555,2.144090725425063,2.1832220866475254,7.66845703125,5.492631084758741,16.09688432059831,,2.1072440204306644,2.200166827226424,2.6509436602376457
8.66,0.00962387321352871,2.028787862696418,9.395596353169996,2.1031108756573063,2.137849474716634,2.154349043873533,2.1729009531391665,2.1849501922793633,8.54736328125,-3.0012872792073804,16.289028697267096,,2.1176164994190834,2.3154605983589223,2.624130988129755
8.67,0.009422616142255836,2.0074624995904955,10.254408856008627,2.109128655658392,2.142826243083544,2.1587675267167907,2.1772364550534333,2.186430864098928,9.404296875,1.6898162524542943,16.014838463943885,,2.117590926485631,2.2892109911949943,2.0720519917418447
8.68,0.009221094034860692,1.9858796113792674,11.101388649279574,2.1149427410167685,2.147264421724783,2.1619974461520575,2.1776684394674293,2.187540682506936,10.261230468750002,2.852659722406156,15.214762390602116,,2.1200935377875396,2.2544120284257088,1.9332933901483904
8.69,0.009020070722484808,1.9641138717898314,11.933320559517522,2.1201291932564788,2.149942224360028,2.1608015769757363,2.165509942888047,2.188097090265987,11.09619140625,1.365544187712473,13.813120056163207,,2.1162955513291526,2.166315629151025,1.8093405687224284
8.700000000000001,0.00882030814568213,1.942243025145709,12.747047520777533,2.126287143986066,2.1560453749827047,2.170175427418963,2.188034928155035,2.1883093661550537,11.953125,3.562504858080294,11.732732285562077,,2.1442416369126756,2.2522233140672507,2.5408008396739676
8.71,0.00862256346642892,1.920347796454467,13.539482951954584,2.131228644244954,2.1584344864513447,2.168805515693258,2.1746395485050063,2.188427621110591,12.744140625,-2.5605272275711073,8.80571369280888,,2.149070709913563,2.1394560930144904,1.9757437540363065
8.72,0.008427586198245126,1.8985117667370468,14.3076226614507,2.137797729084954,2.1663661364252675,2.1838294344211073,2.213257810905334,2.1887241075651156,13.5791015625,4.487242934287924,3.9557736601746676,,2.1981482730278348,2.3004181349900814,2.7550920042951135
8.73,0.008236115365306572,1.8768212075458146,15.048556221467459,2.142143826027194,2.167281530691234,2.1780744971863473,2.182796847192094,2.188959743382388,14.30419921875,-3.9222401437636916,-6.661217557586701,,2.1969449953281175,2.095827585737215,1.448733581472955
8.74,0.008048876701314548,1.855364868233592,15.759477763390255,2.146625309678189,2.1692828054714433,2.176873249063386,2.172998371710255,2.188467977593315,15.051269531249998,4.281554922837146,-10.003336798053141,,2.205949581464383,2.068401105889299,1.9615068450739057
8.75,0.007866579898740466,1.834233709308778,16.43769615535395,2.1514987434155204,2.173073477061738,2.181588270350334,2.184092144391928,2.1873211552987373,15.776367187499998,2.2019706959743273,-12.228851814004273,,2.2278726837122864,2.1489362118465687,2.45459102524551
8.76,0.007689915918871927,1.8135205752091996,17.080644532851274,2.1561844995010966,2.1766585184423493,2.1858143229607876,2.192403844038722,2.185793988090852,16.45751953125,1.1426270005588084,-13.823665361876671,,2.246276912282567,2.1930626615549085,2.3935001190418017
8.77,0.007519554372855587,1.793319800126851,17.685889162882088,2.160310816026759,2.178895673286523,2.186389526202787,2.188926165428084,2.18392782495409,17.0947265625,1.9880043687197275,-14.932132182910465,,2.252424823390061,2.1793189788900937,2.1016497931927853
8.78,0.007356140983663655,1.7737267412004492,18.251137631373318,2.16455946255002,2.182056908924807,2.1901118085788913,2.1963303002044583,2.181683512823606,17.709960937500004,2.9092225620329346,-15.598511529061902,,2.262209275243893,2.2268564048373807,2.247491782986828
8.790000000000001,0.007200295138604137,1.7548372345456795,18.774246352176096,2.1678132094185805,2.1825392062457523,2.1864710962687837,2.1809405549187812,2.1788821856127982,18.25927734375,-1.1722759917090608,-15.819395032992436,,2.2496151967380515,2.157101749525345,1.849682834454004
8.8,0.007052607541651283,1.736746971289027,19.253227403649685,2.1710123893344457,2.183567687813844,2.1854588298724265,2.1774408287294107,2.1754379995301574,18.78662109375,3.1717716447147724,-15.5596735447777,,2.2386024135423854,2.1662687471977438,2.1502339886939725
8.81,0.006913637974494669,1.7195507930654885,19.686254705485542,2.175005819530536,2.1877421633626892,2.1939626639252205,2.203846831939938,2.171748574172212,19.2919921875,2.946578870106856,-14.756570033135509,,2.2474133446467364,2.2972531926677155,2.6502739765224836
8.82,0.006783913174793412,1.7033419093551396,20.071669553864698,2.1770423460352126,2.186064232676237,2.1854726878403685,2.1744036516009415,2.1678341799061225,19.6875,-3.132386023005294,-13.323205032153812,,2.211510362554448,2.130442622526276,1.5976619550214592
8.83,0.0066639248396775175,1.6882110425421613,20.407985537174863,2.1793272963973256,2.1860755235314,2.183378801373327,2.170782772710106,2.1636809399421186,20.0830078125,4.201298181202359,-11.155728791063627,,2.188297242956941,2.1403615279909385,2.1375480430566447
8.84,0.006554127762063584,1.6742455105936735,20.693892857281128,2.1819803448531716,2.187965234936963,2.1873425809776146,2.186647027848693,2.1600399675546584,20.4345703125,2.0279224785710674,-8.001353741361871,,2.1795402247252773,2.2242705582676026,2.505859179482056
8.85,0.006454938106848882,1.6615282616117508,20.928262082730427,2.1842692849906125,2.189200527692598,2.1893733094140204,2.1935727799572664,2.1576621420377613,20.72021484375,0.7421451517406751,-1.211585491436805,,2.167112366505042,2.234639758855854,2.298734255215811
8.86,0.006366731833517705,1.6501368789686839,21.110147360301774,2.18563686032423,2.1880625187716802,2.1848577314721185,2.179457779698459,2.156805990639189,20.93994140625,1.6843055540205352,7.714374158093568,,2.139921058728451,2.150343818165219,1.841647783446315
8.870000000000001,0.006289843271138541,1.6401425799775153,21.23878911005768,2.18741435239168,2.1889864525400164,2.1870918786104285,2.1884763294118095,2.1575904834580513,21.1376953125,3.4378085120686066,10.791828846457364,,2.132877463989881,2.2010157421768826,2.2941645828608492
8.88,0.006224563851153496,1.6316092347056794,21.31361622661021,2.188978742684181,2.189755918928279,2.188892474887422,2.194205821158678,2.159854505292394,21.26953125,0.7895833586980883,12.942961690839363,,2.1291965435465148,2.215096810977844,2.2705080370209934
8.89,0.006171141002762888,1.6245924342122982,21.33430234533996,2.188965134381281,2.18603250270296,2.178096240349962,2.1608831588321666,2.1624827618157396,21.3134765625,-1.4561080684573542,14.526167674775342,,2.0972669719398054,2.0487928215765856,1.5235469251293223
8.9,0.00612977721509209,1.6191386388012339,21.303702095159426,2.1888918907660866,2.183081293945792,2.1711930913065003,2.1463202291204304,2.164076884014184,21.33544921875,3.818620981056455,15.659567757961593,,2.079292712549047,2.031468685564242,2.030944803286505
8.91,0.0061006292696950595,1.615284436523625,21.2238244621492,2.189020192430245,2.181675964599361,2.1697050281664403,2.151306765294497,2.1636114306135554,21.3134765625,2.656717417125071,16.380685275940756,,2.0802098788708,2.1069991357275293,2.410688325612904
8.92,0.0060838076463037285,1.6130559399487174,21.094851443426794,2.1878133850175123,2.176669795597111,2.158059544675396,2.1240633769339805,2.1600530491172316,21.20361328125,-2.145681869711942,16.686925067518125,,2.0587026511327156,2.006916130312716,1.801964290726161
8.93,0.00607937610407566,1.6124683451279578,20.917147435030593,2.1872873643361137,2.174710678973237,2.157180764541502,2.1368571497112074,2.152943836857518,21.09375,4.089657682544189,16.548964464579825,,2.0715907053802067,2.1358809822297777,2.450043848651068
8.94,0.006087351439927092,1.6135256708715906,20.691259545635063,2.18582953008048,2.170217198149895,2.149347884012338,2.1259882274072215,2.1425998605787937,20.89599609375,-2.363174695491478,15.915100904686922,,2.0711043680863175,2.108948036656578,2.0076178378135197
8.950000000000001,0.006107703424867449,1.6162206892942226,20.41791630327792,2.185291861436215,2.1696256853439637,2.1547034847458177,2.156689626967459,2.130141496915999,20.6982421875,3.967959058439697,14.716070476278498,,2.1082090970632956,2.273784017728333,2.5730545197335273
8.96,0.00614035491857653,1.6205350505784677,20.098025791769864,2.184799421549807,2.169686246930763,2.1613792919823736,2.182548437168603,2.117310483085342,20.4345703125,-0.9542627113329764,12.886072901786196,,2.1507355815454114,2.350027882239168,2.4004257805605556
8.97,0.006185182161790246,1.6264395966681975,19.732673204148664,2.1843797142747854,2.1704305574881273,2.1688674803222114,2.202793422757913,2.105422300756051,20.126953125,2.2863345847138508,10.335145206143707,,2.1957324767783692,2.3743682675131765,2.1948000059731947
8.98,0.0062420152453864786,1.6338948507773383,19.323117798999686,2.1822732869374755,2.1657523880332534,2.1600512935373546,2.170195635940119,2.0947668528404573,19.7314453125,-2.0114922137168745,6.659121008646049,,2.200170216658936,2.1585333285436845,1.036788140180158
8.99,0.006310638754393236,1.6428516627788892,18.870789244707137,2.1803851823302094,2.162824757695074,2.1571548365810735,2.159980297469782,2.0852049725759585,19.3359375,3.9192704787047634,-4.158710599125221,,2.214518562017235,2.106645071820845,1.968390305769151
9.0,0.006390792584478084,1.6532519851939,18.377283336837564,2.1767563806149686,2.1549576779075155,2.141260398704976,2.1128254457174322,2.0767402745110957,18.8525390625,-2.601791093796172,-8.684933560820665,,2.191849415965622,1.8793200699876011,1.5612260295212865
9.01,0.006482172927823993,1.6650297509345755,17.844357074974887,2.1751609274791117,2.1551728423515772,2.1487167041219433,2.144653649095708,2.070132726776055,18.4130859375,4.858247853674722,-11.318428886394218,,2.2188588723142715,2.1080427007175393,2.945883254527356
9.02,0.006584433424654987,1.6781118222813425,17.27392308747804,2.1722578896155955,2.151571933399727,2.144493915933885,2.134827175698037,2.0662757099986666,17.86376953125,-3.6839909491678484,-13.177519064907564,,2.2121112578452595,2.0560879879161997,2.221225738503466
9.03,0.006697186476046915,1.6924189807177623,16.66804339583638,2.1688548485809926,2.1471905891301013,2.1381558638920044,2.1203800024814625,2.0650752416928184,17.29248046875,3.1642400428366155,-14.503696142383637,,2.1936977011933143,2.020831322102476,1.8862309669279274
9.040000000000001,0.006820004713047231,1.7078669289831387,16.02892251453566,2.1655888922266153,2.1439926724195626,2.1352005186716947,2.119127461760305,2.0659998179405403,16.69921875,2.711038148520232,-15.377613005586495,,2.1775681332769463,2.0707837502762514,2.0754322512176633
9.05,0.006952422616535561,1.7243672796966483,15.35889988756147,2.159997730515813,2.134353819622311,2.114372763679105,2.0636227533782585,2.067729904800436,16.01806640625,-2.877741491674797,-15.817260533007946,,2.1111038264693645,1.8539422472092772,0.8659146244680251
9.06,0.007093938281685263,1.7418285087701568,14.660441668763273,2.1557778409703157,2.1299659654353658,2.110152127947501,2.0712182924277065,2.069080273338404,15.380859375000002,4.727927896107476,-15.803122258430456,,2.081223400562872,2.0218018526725783,2.4330537910205865
9.07,0.007244015320338022,1.760156856166143,13.936131860149041,2.1510490335047927,2.124499909257317,2.102932608695837,2.068261854333625,2.0692913159940427,14.677734375000002,-2.5786827072820104,-15.287449532418535,,2.0423895313485523,2.0677880761542227,2.3054996981226266
9.08,0.0074020848940808655,1.7792571610142338,13.1886628296141,2.1441491500409557,2.1130454966607273,2.0790973141527345,2.0149845143696834,2.067150603716286,13.90869140625,-1.7040716536237484,-14.198223476624221,,1.95970821492537,1.8677892079244818,1.1597125802229278
9.09,0.007567547870319788,1.799033622379317,12.420825237435587,2.1393895136650944,2.1089007122145427,2.079014389112764,2.0455088357933255,2.0625584204320595,13.20556640625,5.002822635296977,-12.445971570643245,,1.9418378323487506,2.1185012336791154,2.6632546739761724
9.1,0.007739777093177739,1.8193904808568129,11.635497408870288,2.134426473628181,2.104244689938107,2.0770986215057197,2.0625334780991067,2.0565970965173435,12.4365234375,-3.0944114268675853,-9.90105008607647,,1.9267478754215694,2.1945137743284784,2.3784821873174056
9.11,0.007918119760609327,1.8402326195157077,10.83563419814756,2.13005605275757,2.1014542761303274,2.080366478647658,2.0890176132337737,2.0502433691008948,11.667480468750002,3.071285738134435,-6.051723480715857,,1.9352763454450452,2.2769501936592316,2.291868605615187
9.120000000000001,0.008101899898722663,1.8614660854477463,10.02425539681208,2.124921393109438,2.096150952560476,2.075415137650723,2.0826170309565595,2.043968816637507,10.8544921875,-1.3510930066310685,4.9766373291958965,,1.9322142948430434,2.184179817258156,1.5601557973320401
9.13,0.008290420923929436,1.8829985353005305,9.204433746506075,2.1196590450653057,2.0904820555927333,2.0695341262970848,2.072005733008179,2.0377311678204046,10.04150390625,2.7207459364779694,9.115541743244277,,1.936018145377802,2.0928411638200557,1.6080814932026548
9.14,0.008482968283212466,1.9047396097065563,8.379282622660275,2.1146585434225225,2.085686773635786,2.0663721307337286,2.0692357412016023,2.03156329708936,9.228515625,2.3582480633456235,11.670873193565566,,1.955339531024589,2.0509828741557397,2.0342911385238316
9.15,0.008678812162502521,1.9266012425310448,7.5519434609798495,2.10919133770974,2.0793694655403177,2.0586823191813886,2.0514740004120378,2.0255340801519504,8.3935546875,0.3938182307499996,13.50322538341817,,1.969294688818508,1.9427934091360517,1.9381854425585627
9.16,0.008877210252899543,1.9484979114276386,6.725573002885764,2.1043578852714155,2.0752099612078294,2.0575200797467734,2.0552116201252826,2.0199773837882358,7.580566406250001,3.147766796784091,14.823729195368799,,2.0044139484834886,1.972204972622001,2.3324295837348648
9.17,0.009077410564253123,1.9703468363959133,5.90333043905908,2.099111411481003,2.0696333653087597,2.051786031007282,2.043097772594266,2.015469668490321,6.74560546875,-1.2609963932923567,15.704605029580385,,2.0297524343444064,1.9219914503810762,2.017050321976425
9.18,0.009278654275437724,1.9920681329604601,5.0883645318324,2.0942779443486264,2.065482078549864,2.0500975663890317,2.044438613670836,2.0127473432253553,5.9326171875,2.9445901098681944,16.161332040002605,,2.064442669897387,1.9676878533880353,2.1436448785638964
9.19,0.0094801786105196,2.013584926312677,4.283800797321808,2.0904095056263965,2.0644245735791573,2.056468018066414,2.0683030312970088,2.0127640034931,5.1416015625,2.536139259966486,16.174627874850536,,2.116055042001907,2.1094496716681426,2.4072160521622035
9.200000000000001,0.009681219729913725,2.0348234323379777,3.4927288268856196,2.086016562035717,2.06125589891469,2.0551136957357183,2.0629452785257243,2.0156321634418655,4.32861328125,-1.8119245577642387,15.698650925109025,,2.1438503872628107,2.0814669292537924,1.8068940478794977
9.21,0.00988101562557181,2.0557130109467168,2.7181898247733987,2.080649081348616,2.054735753624582,2.0436660244354687,2.0276670884735633,2.0201252032989094,3.515625,1.7748331384196179,14.665754609041533,,2.13964933309168,1.937332197117889,1.1260212565665308
9.22,0.01007880900922905,2.0761861965796315,1.963164434777918,2.073819938402454,2.043663867882314,2.020189351675203,1.9629546536820133,2.024689913886142,2.70263671875,1.2566690818625037,12.995234001449056,,2.0958948302355815,1.6932166201889314,0.6575862505106643
9.23,0.01027385018276062,2.096178710199817,1.2305609234558816,2.0696003554938325,2.0418730063322728,2.0252917135488295,1.999344483187504,2.029417938140306,1.99951171875,4.775491313223999,10.586042204890893,,2.110007160391712,2.0144151539092894,2.905406732754618
9.24,0.010465399879769657,2.115629456537908,0.5232037812106715,2.06574729780817,2.0409801374410326,2.031434917977294,2.03067271195434,2.0355292231873845,1.2744140625,-3.0311974910388604,7.092343157995044,,2.119138203959279,2.166340376398111,2.742828525725177
9.25,0.01065273206763571,2.1344805098404365,-0.1561772045657753,2.0621023479824614,2.0403300149926573,2.0365593670914084,2.0510852088824327,2.043323875132955,0.5712890625,2.346659892522246,-3.4345032437452447,,2.1193954896535936,2.221020307547981,2.2026354120704217
9.26,0.010835136699402855,2.1526770908941386,-0.8049573577888646,2.0574925968178506,2.03608943908688,2.030092917267249,2.03143637679523,2.0517256287612766,-0.1318359375,-0.8187333135310539,-8.435072254568809,,2.085478582826059,2.086918877809909,1.0241384726588498
9.27,0.011011922405077553,2.170167537666897,-1.4206269649632335,2.0527038015431565,2.0311873715934134,2.0218627320950633,2.0095412966225097,2.0588690327922587,-0.791015625,2.788557742815027,-11.20852020632511,,2.040767397388865,1.9769943734778925,1.2436316818571689
9.28,0.011182419112134677,2.186903271520812,-2.0008005391611388,2.0473640512075275,2.024505934116043,2.009061772325782,1.9779236469155392,2.0631594584498822,-1.4282226562500002,1.1688222165838964,-13.171502447366748,,1.9793186007254018,1.8384493726350135,1.5485375308390634
9.290000000000001,0.01134598058529983,2.202838760614875,-2.5432254744381724,2.0438965994031437,2.023970051092374,2.0146579000554805,2.0081057011347077,2.064253869298204,-1.9775390625,3.876201889532766,-14.595997374341215,,1.9629782619700658,2.0224982114626595,2.7430151650486194
9.3,0.011501986875980889,2.2179314818213256,-3.045790076094409,2.0404408901088296,2.022923715030459,2.0174024527991996,2.0224913987617654,2.0627286137567737,-2.52685546875,-2.4139086219517623,-15.574545129478206,,1.9429875453913856,2.0604477452567784,2.431661146806534
9.31,0.011649846672065098,2.2321418822284076,-3.5065309592818483,2.0381907974291864,2.0251721510200813,2.0282869725428636,2.0565499279453783,2.059321127094319,-3.01025390625,3.334109550294986,-16.13199730826808,,1.9506055166140788,2.179444619024285,2.432727207075555
9.32,0.011788999539174918,2.2454333410888414,-3.923639814792151,2.0352001704496536,2.0241615962955875,2.0278516921825562,2.0485045111564686,2.054586897335719,-3.49365234375,-2.25328048673857,-16.25521616835821,,1.936886103588297,2.0821173936290074,1.4489526185023116
9.33,0.01191891804488765,2.2577721328943303,-4.295469546278767,2.0326344791013025,2.0239197271311156,2.028938332117912,2.045411174076816,2.049090938391717,-3.9111328125000004,3.223011469489545,-15.90401967375228,,1.9350263335279214,2.0465836036575014,1.6316439599815582
9.34,0.012039109757867565,2.269127392107595,-4.620539787556996,2.0313909526752987,2.0271669116678472,2.038938273081244,2.0684102047012636,2.0442527926762732,-4.2626953125,2.7454985913195276,-15.015839021322012,,1.9651496954643146,2.135929246157911,2.319464188940613
9.35,0.012149119114333078,2.279471079961097,-4.897541811905101,2.0302295156337684,2.0296024809964304,2.0446594607639996,2.07327377095231,2.041786157894419,-4.59228515625,-1.4294409710250426,-13.514229517554982,,1.9923769722767521,2.1121377400008523,2.116123682756485
9.36,0.012248529144784342,2.288777953632163,-5.125342847419774,2.029970388442505,2.033879188056262,2.0540894722365826,2.0875982085822318,2.0432386778333695,-4.85595703125,3.0390776798883867,-11.316675095595158,,2.0353540455295667,2.1424305751670016,2.2550594636595087
9.370000000000001,0.012336963054446752,2.297025538024455,-5.3029898134601225,2.030280420142269,2.038744780499335,2.0632848475905825,2.098124872685917,2.049716828289298,-5.07568359375,1.5735701428017028,-8.208307733574724,,2.0817443516828997,2.1469445485777783,2.1643429129500187
9.38,0.012414085651439661,2.304194100322506,-5.429712493084495,2.0308370790671426,2.0431312400656605,2.0694036046599633,2.0977064272179655,2.0611680735204096,-5.251464843750001,1.7630693698091109,-2.3535927935973007,,2.1216971510560643,2.104795360474352,1.9508920199874378
9.39,0.012479604617257408,2.3102666274369765,-5.504926155218661,2.0303930368227134,2.0432205802711527,2.062454216389224,2.0595641039346217,2.076038152621794,-5.4052734375,-1.0032862183889097,7.350117219288277,,2.12766912198196,1.9044440570500505,1.2107451362850048
9.4,0.012533271614746816,2.31522880642077,-5.528255872447569,2.0298105220424327,2.0422148581042197,2.053238421183132,2.0241359267106214,2.0920674858517088,-5.4931640625,2.9305166620880168,10.44009525040332,,2.122861448309671,1.7849057987180492,1.6271543791977596
9.41,0.012574883229381889,2.3190690079084266,-5.50224452989302,2.0297896112483134,2.0424757714748747,2.0488373665416324,2.013191511159925,2.1074970662407546,-5.51513671875,2.5412960364577244,12.551551209715328,,2.122982537038577,1.831433181908224,2.28406570984997
9.42,0.012604281740267809,2.321778272611175,-5.42920253122735,2.0300271432289074,2.042993669227829,2.0462662631681527,2.011940100329103,2.121122788237181,-5.4931640625,1.5973960895467643,14.069826113618154,,2.1205950942363008,1.911934468321872,2.386054492193063
9.43,0.012621355717951893,2.3233503008863483,-5.309291991708245,2.0322808601867632,2.049091001688362,2.0595665935823075,2.0633672677312567,2.13238051758766,-5.38330078125,3.6002275757605395,15.116744039304841,,2.1538136659720597,2.20726293822864,2.87164116500871
9.44,0.012626040446775734,2.3237814453910195,-5.142851212082521,2.032421113513642,2.0478792606341605,2.0516358398312273,2.03683201591727,2.140447106926082,-5.3173828125,-3.9627268789386045,15.727998908332397,,2.124800100646633,2.0528857290826363,1.0729048143522455
9.450000000000001,0.01261831817016755,2.323070706824421,-4.93039847735521,2.0335681517151616,2.049494918895271,2.052669409242457,2.0461464632502446,2.14443643163653,-5.1416015625,4.598868385552903,15.895403821910456,,2.113115827241012,2.1214975237591753,1.8469094826575667
9.46,0.0125982181579451,2.321219732760944,-4.672630714437008,2.0355435117450718,2.0532892289737146,2.060349626442424,2.073022865021063,2.144695218530302,-4.921875,0.9444044579938063,15.580682622335974,,2.1120582413136018,2.22256039069663,2.29796880305748
9.47,0.012565816595373992,2.318232819574091,-4.370421520193514,2.038221802892468,2.058776183618603,2.0723312625891355,2.103643031727129,2.142233484516596,-4.658203125,1.9404459054631102,14.71952407967864,,2.1171985851004123,2.2926569609828524,2.394998411892991
9.48,0.012521236294401992,2.3141169174507317,-4.024818551666429,2.0415260374032136,2.0655805917173216,2.0864313396184344,2.130775209003078,2.1383177842882204,-4.3505859375,2.2441925286417113,13.227255708438223,,2.1259922206345183,2.319098894647205,2.30093704977408
9.49,0.012464646228163713,2.308881638493368,-3.6370402700120286,2.0454250593290095,2.073437197731955,2.1011001561939793,2.152357694239033,2.134153978388344,-3.9990234375,2.132013636915896,11.003323787768906,,2.1373912146154224,2.308372292758094,2.172074140330311
9.5,0.012396260890520143,2.302539267904796,-3.2084720301507375,2.048990555624573,2.0791124441754243,2.107163895383515,2.146332855927932,2.130581241503012,-3.6254882812500004,0.691662771294131,7.781674352565965,,2.131337180612559,2.1748982015005964,1.692708678716354
9.51,0.01231633948306059,2.2951047782435494,-2.7406615093336035,2.054336615500378,2.0897014395583815,2.1253989912537428,2.1763568242050084,2.128385913033115,-3.1640625,3.875846816072216,-1.22069751561095,,2.157254338560127,2.2427576549685733,2.480069467206936
9.52,0.012225184932648393,2.2865958467285425,-2.2353134698702006,2.0575851405985848,2.092007615913289,2.1192130635419693,2.132229945879806,2.127764421495661,-2.74658203125,-3.7874385283412777,-7.843319238038947,,2.1268028184157504,1.940055826472265,1.0819903444696608
9.53,0.012123142743234437,2.277032875556277,-1.6942838541601444,2.063188889401468,2.1013355479523743,2.132667567470241,2.1565844153884557,2.128905864163082,-2.197265625,5.233903682685611,-10.822978348325915,,2.1469024803842385,2.0825164405680106,2.6233684062291984
9.540000000000001,0.01201059968629023,2.2664390151721894,-1.1195732139265187,2.068245887498683,2.1076291660832744,2.1369811147993043,2.150964619534162,2.1322014712868773,-1.669921875,-3.3370572316284646,-12.90300822927962,,2.147164246995536,2.039106691324901,2.210108877243057
9.55,0.01188798233482441,2.254840190407787,-0.5133194801287052,2.073285547785063,2.112993305700679,2.1390391400545297,2.1419314397947096,2.137265438617992,-1.0986328125,2.974427269899304,-14.417573630094566,,2.1436662349890976,2.021234074490256,2.050241270603898
9.56,0.011755755446538993,2.2422651293550473,0.12220991463523458,2.0778889388878765,2.116346196657474,2.1363321601164285,2.1227206290091427,2.1434190198484018,-0.50537109375,1.7329979045819284,-15.476918204045866,,2.1293067333891407,1.983182267125452,1.8497314302648653
9.57,0.011614420202253868,2.2287453947972837,0.7846265434437988,2.081814921423708,2.1173064069912657,2.128381774521385,2.0943149354373514,2.1501153114211125,0.10986328125,1.7724811206042752,-16.11345445619971,,2.1021188022781643,1.9320306922833168,1.7532980475812934
9.58,0.011464512306276493,2.2143154179486593,1.471430097793701,2.088726465957781,2.127325775749425,2.147282042749875,2.1568301397867065,2.157847776176813,0.8349609375,4.666751004520616,-16.318867275431177,,2.146062611668628,2.3162641737285186,3.1238806990382493
9.59,0.01130659995591677,2.199012534170189,2.180018074624401,2.0941917307541,2.132079737502862,2.150154902455156,2.158726994282795,2.1666626141136818,1.494140625,-4.184066211562391,-16.057351596308926,,2.1524808012707397,2.29488531737057,2.0897364862321384
9.6,0.011141281687843374,2.1828770202253684,2.907695999459603,2.098452065317199,2.1329677928164594,2.142717636341503,2.1305260449490984,2.1749118582054927,2.17529296875,3.0078370172228586,-15.269216767175028,,2.134100851583717,2.1583078543728553,1.153881221678161
9.61,0.010969184109444691,2.1659521325100917,3.6516881405074337,2.101835856991629,2.1314624853500947,2.1304092497123244,2.0950910091142547,2.180804301128879,2.87841796875,2.418700563958828,-13.87750307025694,,2.103010624915198,2.020910006550799,1.305422760307984
9.620000000000001,0.010790959523792843,2.148284145535645,4.4091486618076265,2.1074945963638507,2.137433594600706,2.1420378097008252,2.1407123385923934,2.1838251486052958,3.6694335937500004,4.263404309538499,-11.802916135823036,,2.133006219415018,2.270160464806078,2.949210295577437
9.63,0.010607283457213318,2.129922389756515,5.1771731572097295,2.1107499205015454,2.135945091341806,2.131831455263484,2.1120615030464163,2.183868227133935,4.37255859375,-4.352803027743852,-8.876260146034994,,2.109536750062936,2.084544691571135,1.7738461826639944
9.64,0.010418852098830988,2.1109192876123912,5.952810501314477,2.1152383435342643,2.1389131687262872,2.136671051640112,2.1348535144280185,2.1813207071286307,5.16357421875,5.009468916022976,-4.028512760260377,,2.124336654080598,2.1916885427398864,2.5003933970850327
9.65,0.010226379661798103,2.0913303863924813,6.733074948699062,2.121294192904421,2.1469788271890833,2.156060396203328,2.195182648885345,2.177920400698574,5.9765625,2.074027675354888,6.686967932836333,,2.1777157353850023,2.4066239163796572,2.911282430277369
9.66,0.010030595676205392,2.071214386226087,7.514958408941647,2.1256739685711517,2.149607450737774,2.158077351453173,2.1904748213017187,2.174828296965929,6.7236328125,-3.310319460536711,10.080608730838268,,2.1896987546069866,2.2736651893416906,1.6122140443925779
9.67,0.009832242223937198,2.0506331611539865,8.295442822296886,2.1303757573516147,2.153560772975427,2.1641045267161005,2.197399765429646,2.1724359999623473,7.5146484375,4.157412453429412,12.354519977684639,,2.21109994366281,2.2436448316629023,1.8506166851805825
9.68,0.009632071125951677,2.0296517708385124,9.07151255945257,2.1344559393279,2.1557708733216083,2.164963839149448,2.1869739385667466,2.1710545334486944,8.28369140625,-1.2012688019538704,14.00366284652765,,2.218336348416818,2.142104973128734,1.7908045461047974
9.69,0.009430841092646665,2.008338460026619,9.84016676867832,2.1390574807711564,2.160005613465626,2.1718396127618638,2.1962858047625864,2.170947409917255,9.07470703125,3.239321426873112,15.176399063692182,,2.237793045069634,2.1661918590074083,2.38761418815831
9.700000000000001,0.00922931484811239,1.986764642392773,10.5984315948783,2.1434428575915523,2.1637414958485657,2.1768304129554883,2.198246465578668,2.172191896898188,9.84375,0.9656338880692339,15.920933303482533,,2.24989012544856,2.1513849095750444,2.3507265959750634
9.71,0.009028256239171532,1.9650048648637375,11.34337219755505,2.1462395325837966,2.1627116374934947,2.1683540661871343,2.1603466616885707,2.174186560546952,10.56884765625,-1.271571673424102,16.239122881859572,,2.2250780815647224,1.9646119399824937,1.5764964136621265
9.72,0.008828427340162941,1.9431367479765658,12.072104498412537,2.1517814423385997,2.171078232331247,2.1875632675588217,2.2138393539407955,2.176632810711997,11.3818359375,5.195887820621691,16.102915406469545,,2.2639583559672167,2.282363937141354,3.0514605403964192
9.73,0.00863058556444447,1.9212408972631054,12.781806594164426,2.153956301708084,2.1685703949539703,2.1743872394323045,2.1608041540620375,2.1784647147479137,12.041015625,-5.299897494461244,15.459078576082513,,2.220943077368477,2.0034669922609734,0.9348793208837821
9.74,0.008435480793561758,1.8994007801135215,13.469729775924144,2.1567449596410597,2.1689054516978197,2.171342724170357,2.150476629795794,2.1778995281077824,12.76611328125,5.301623067039333,14.23309388445695,,2.197703726325699,2.043722212020369,2.0156226866302847
9.75,0.00824385253496531,1.8777025620839407,14.13320910316185,2.158219450031676,2.165711488347428,2.1593654355955945,2.117194712900571,2.1740794472365703,13.42529296875,-2.709264854439204,12.345527960224938,,2.1485796374667903,1.958220006494367,1.7800941915692252
9.76,0.008056427119048368,1.8562348962235888,14.769673487422354,2.1613311276738254,2.1686944648291777,2.1668417786709195,2.151665461552679,2.167491128427349,14.12841796875,4.409660359873951,9.669729371556373,,2.146940864965104,2.217845778134548,2.876384650108445
9.77,0.007873914946129925,1.8350886587618738,15.376655248593668,2.164173334565881,2.1711585651076217,2.172319352832508,2.1736569183571843,2.159691871906089,14.765625,-2.3705615419101953,5.600402462124228,,2.142574894946695,2.3158853448504315,2.556093279631001
9.78,0.007697007793817828,1.8143566244827936,15.951799114276975,2.1679181298611634,2.1768275421552055,2.1863507411249365,2.216246219674153,2.1521684546965862,15.402832031250002,3.4558990901373767,-5.46736617767568,,2.1640027466494693,2.4643672553443934,2.5884377439802884
9.790000000000001,0.007526376194957495,1.7941330753996318,16.492870640514624,2.1692053063829184,2.1747475036412336,2.1771250017276267,2.1804812747324003,2.1454728778900725,15.93017578125,-3.479472534695325,-9.356866795806488,,2.130397786223381,2.2274255417386524,0.4514319679265614
9.8,0.0073626668961050525,1.7745133370103332,16.997764039569432,2.1715480385073054,2.1768028608380012,2.180981096479518,2.190736164553523,2.139811716401487,16.50146484375,4.8871994271498735,-11.816271224877333,,2.1334902396942743,2.2619785190323687,2.1178014733650667
9.81,0.007206500406157677,1.75559323754614,17.464509407418692,2.1735121952571363,2.1780154069816873,2.182217908804636,2.1909281604059885,2.135631370965075,17.0068359375,-2.1441003031732264,-13.579239371965864,,2.1344822571422206,2.2164492767658985,2.2207098561619216
9.82,0.0070584686444328795,1.7374684872987882,17.891279349951876,2.1739956619170417,2.1749834640799275,2.171654762825333,2.1558076645536435,2.1327320463839645,17.4462890625,-0.7240057734928244,-14.837235812815031,,2.1088166433230153,2.0128973055673125,1.6824666396310264
9.83,0.006919132697111239,1.7202339773807853,18.276395012391387,2.174817173737833,2.1738812884707768,2.168219603293614,2.1498139129843015,2.1310901136326197,17.8857421875,3.8602782258069697,-15.65451550342918,,2.1045177593345463,2.0140946675168587,2.3323115206779472
9.84,0.006789020690546104,1.7039830001627216,18.618331521069717,2.175782102987192,2.173876203112129,2.168632184324201,2.157230755610079,2.1312860466199512,18.28125,1.4449517794059537,-16.041558457494677,,2.113868769919082,2.076362208763647,2.5241078914130206
9.85,0.006668625789501258,1.6888063971173164,18.915722850306302,2.1776629321470864,2.1772626423475785,2.1787414845641364,2.1921678353831733,2.133770099379744,18.65478515625,2.9622248953918695,-15.974911150680677,,2.152022944278353,2.2483548535730056,2.7420475626626155
9.86,0.0065584043279039725,1.674791643795684,19.16736612967854,2.1767472541757114,2.1719165360299937,2.163154840383105,2.1427485334974574,2.1375479760507097,18.896484375,-3.7586245842177206,-15.404552289463938,,2.1272031899873727,1.9906346272393636,0.6076110827831368
9.870000000000001,0.006458774079198142,1.6620218860074787,19.372225408456163,2.1761954022641303,2.1687360024204128,2.1559592850868374,2.1288128868413168,2.1408413098153307,19.16015625,4.736464655462443,-14.257184463257358,,2.123746423908996,2.009128267531488,1.8402654206568878
9.88,0.0063701126728537396,1.6505749457349403,19.529434894380387,2.1751461294769037,2.1647531360608334,2.14771649805677,2.115038725378878,2.1423083763061244,19.35791015625,-1.413414729137065,-12.447133337612945,,2.1175201854805374,2.0196090548267795,2.097682109856571
9.89,0.006292756163034169,1.640522319568535,19.638301683367725,2.1738036434197063,2.160682737821599,2.1405817682773765,2.1078410820457596,2.14080609639196,19.51171875,2.2878124367954285,-9.846775051869713,,2.1134692641338693,2.0585231782261935,2.2696042435977914
9.9,0.0062269977548471194,1.6319281961393706,19.69830799518839,2.1723670904293004,2.1571481780328643,2.136143678560824,2.1103644085483495,2.135618101926009,19.62158203125,2.4397600547010905,-5.912410512261585,,2.1154606433655747,2.126632395504065,2.3548120723615034
9.91,0.006173086693006429,1.6248485217440602,19.709330348920776,2.1701409557827263,2.1518528549937495,2.1274865828091505,2.0992250065222064,2.1264662488851203,19.66552734375,0.7020293104593995,5.169126464412174,,2.105672812905262,2.107010294276211,1.9999597230488768
9.92,0.006131227317117488,1.61933014473153,19.674729888470495,2.1683329113948657,2.148810845269844,2.12647601764888,2.1125221389239655,2.1139343011742526,19.6875,3.2846429922607485,9.229695154203814,,2.113867060534925,2.1956764268583555,2.3106927996406608
9.93,0.006101578287166948,1.615410068935726,19.595884318414413,2.166966582003806,2.1476778373975614,2.130934100588134,2.137623127659494,2.0996433642775725,19.66552734375,2.0670662425026096,11.764054962367991,,2.1350208045115195,2.288089840322729,2.4110504602676475
9.94,0.006084251982152253,1.61311484430065,19.472970935766575,2.1659167543921156,2.147852460403663,2.138295049209775,2.163794749732021,2.085604777822433,19.599609375,2.1133990437025925,13.587124194166556,,2.1627822810546804,2.341832965936528,2.3215268130123095
9.950000000000001,0.006079314074130465,1.6124601188250853,19.306335695916786,2.1642231085719867,2.1460230392097914,2.138647636343499,2.161413191247173,2.0734984669325836,19.4677734375,-0.3475757493775704,14.903979202907943,,2.1719141258908214,2.2497623748774336,1.7558301370167624
9.96,0.006086783279300867,1.6134503702127925,19.096492577639413,2.1627248828967653,2.145328384563253,2.1418010589402283,2.1658035024381452,2.0645815369681624,19.31396484375,3.137873696569362,15.785132498344913,,2.1857476108655804,2.2115597185710443,2.0099927395581916
9.97,0.00610663128706476,1.6160788284974195,18.844122297080617,2.161285091526455,2.145206578367699,2.1456778176128712,2.169864957996584,2.059593078573587,19.1162109375,1.815344895423145,16.245603862170665,,2.1988357870410153,2.175381652134147,2.172351856787267
9.98,0.006138782867331391,1.6203275929269716,18.55007046436178,2.1589196860635544,2.142276034123393,2.14066958827369,2.1457677443568652,2.0580045318591296,18.8525390625,-0.8808613432396624,16.26635091074229,,2.186995379215394,2.019222767830412,1.7734716379525022
9.99,0.0061831161556632945,1.6261679381518075,18.21534517445707,2.154707283800061,2.1339435268987805,2.120854450888371,2.0818739810412,2.05801130665887,18.52294921875,0.7162241942571304,15.802348586328842,,2.133806220223408,1.715388402550601,1.0107196123933206
10.0,0.006239463115180196,1.6335607969055772,17.841114023385284,2.1504254960738542,2.126939261778823,2.1071857730347805,2.050529956695579,2.0579996181627265,18.193359375000004,3.725482274736285,14.787487145166358,,2.090026711536499,1.6960030682298586,2.0984320920266204
10.01,0.006307610173470777,1.642457399495982,17.42870054074473,2.1467656720757784,2.123298835806314,2.104560806176581,2.061033110916608,2.0574952292974573,17.841796875,2.4364990060543,13.14362184072093,,2.0709845442983656,1.9053829289845758,2.7387514195740503
10.02,0.0063872990320982415,1.6528000450098568,16.979580030297743,2.1415251280575593,2.115543559532076,2.0905235507309254,2.0356993974320026,2.0562957313345596,17.40234375,-2.6808724434750366,10.777261845285834,,2.0219830384889845,1.8787740459999773,1.969979228395398
10.03,0.006478227645631251,1.6645229754953736,16.49537481173959,2.137404283766076,2.112566554955143,2.0914809248084856,2.0619971900092002,2.0545946489345215,16.98486328125,4.34395586638752,7.383045477285262,,2.0124508929351768,2.1216478898379347,2.505142932321273
10.040000000000001,0.006580051366489624,1.67755332263289,15.97784885899962,2.132906858735987,2.108975414781266,2.0902122467089503,2.0755661744284697,2.052833068203311,16.50146484375,-2.152112479843179,-2.7417586781375505,,2.001297560453888,2.2171772980552658,2.118277744826228
10.05,0.006692384251265237,1.6918120964792962,15.428901833427123,2.127611595852573,2.1034515022801066,2.0832525394181967,2.068076448944403,2.0506854616934533,15.97412109375,1.6737245811144537,-8.174679801241608,,1.9801988622599527,2.1911824602384584,1.5862507370329963
10.06,0.006814800523567026,1.7072151875477548,14.85056251398871,2.122073547643723,2.0977516933478406,2.076254816042059,2.060660390921392,2.0473512138625107,15.4248046875,2.686758092088378,-11.012217333506275,,1.9642437625512124,2.1630890361876136,1.72694485600843
10.07,0.006946836187845255,1.723674356434679,14.244981631095804,2.114724896046296,2.0870896434985076,2.0557205010322264,2.0125377639297235,2.04190503768215,14.809570312499998,-2.0153279023560073,-13.003494235455545,,1.9174154361969236,1.9403323108562858,1.0802878475635378
10.08,0.007087990788078144,1.7410981890415014,13.614424115809307,2.10911738624761,2.082431693575651,2.054494560474131,2.0318580768647627,2.034534618478817,14.238281250000002,4.5106028038874735,-14.443362486737522,,1.9273587402785486,2.0731798551405123,2.599903851402238
10.09,0.007237729304655089,1.7593929997660245,12.961260781825295,2.1041610488963207,2.079720762448859,2.058426792875437,2.060747754489482,2.026726579583976,13.623046875,-1.703739140729001,-15.43050964229443,,1.958205543230534,2.1697765743623005,2.6873244735130886
10.1,0.007395484182266575,1.778463669496644,12.287959463698297,2.098827314257748,2.0755488556418773,2.057058579930474,2.0653329396803977,2.0197897944162193,12.9638671875,0.39561472702828915,-15.991866409322085,,1.9814926987668016,2.122057754009425,2.0591951148933245
10.11,0.0075606574811142935,1.7982144095342285,11.59707564105352,2.0941140773908833,2.0729778657995035,2.059672764660331,2.0781870671279163,2.014642648663105,12.3046875,3.1336091864838984,-16.114850648639475,,2.019382196271414,2.128862119159266,2.0082133277835825
10.120000000000001,0.0077326231432881766,1.8185494464686591,10.891242584907658,2.0887839231991787,2.0680184551936573,2.0544142095006483,2.0626376243511553,2.0116301627364335,11.6015625,-1.549232496421125,-15.759173424486391,,2.039358675083193,2.0064639121256485,1.4632411618448902
10.13,0.007910729365719278,1.8393736264056524,10.17316106847987,2.083642101077401,2.0633291859832754,2.049842450796087,2.0504222073129448,2.0105378128406146,10.8984375,2.8674927377726016,-14.861006813508508,,2.0604449853094065,1.944688677876227,1.77223002768968
10.14,0.008094301070715473,1.8605929397028105,9.445588690847448,2.078274580010737,2.0575829471388962,2.042136932691141,2.0300689003131267,2.0109751267935385,10.17333984375,1.2866622499011178,-13.340963629077399,,2.0709618005812045,1.8686787224200183,1.8679476522745342
10.15,0.008282642464714508,1.8821149695178243,8.711328867304353,2.07317445086601,2.0524319316615647,2.0364083400603263,2.019102326364451,2.012579220052861,9.4482421875,2.495041827825382,-11.109365321932785,,2.081642046345061,1.8739237218763432,2.148095644958734
10.16,0.008475039675556973,1.9038492690290365,7.973219545144582,2.068620148911982,2.0487270184644406,2.03479027690341,2.022285869079792,2.0152085890175586,8.72314453125,2.2664269064422373,-7.922667964057915,,2.0966291986308128,1.9544884055040534,2.334593412489199
10.17,0.008670763458282748,1.9257076732192637,7.234121707662891,2.0647118399367113,2.0466773361028117,2.0372658574881672,2.0364382015972615,2.0185857109095826,7.998046875,2.1073488846943085,-1.0074671734342706,,2.1153912347625465,2.0649152680861773,2.3448706133798223
10.18,0.008869071959194917,1.9476045516963907,6.496907732310888,2.058622771144309,2.037056515012903,2.0173583929511927,1.9799071595768203,2.0215783834895404,7.207031249999999,-3.019230591960801,7.642850373545151,,2.072739507019787,1.8227363548103088,0.25272832544412954
10.19,0.009069213527714868,1.96945700924239,5.764449671064303,2.054422283179534,2.033829181421095,2.0174752469371926,1.9954994480894834,2.023482346305984,6.50390625,4.956941866810875,10.638945709675864,,2.070197652759408,2.007800350911646,2.3075902264496184
10.200000000000001,0.009270429565370674,1.9911850407180458,5.039607522076207,2.049775913957066,2.0288108691265387,2.011857991941152,1.9902853757948795,2.0246008042978327,5.7568359375,-3.127084489546623,12.706688796755268,,2.047630406646308,2.016496751706423,2.0593822767592753
10.21,0.00947195740111978,2.012711646678941,4.3252175615758865,2.046341341024973,2.027614966009523,2.0170413172559365,2.0178352650032556,2.0255900068342254,5.0537109375,3.6384094310001656,14.195523083156571,,2.0468211055201007,2.159003056938888,2.4572930280492016
10.22,0.009673033182108477,2.033962915644608,3.6240808037257066,2.0425885803212966,2.0248697575940136,2.0164063323354724,2.0209649975717436,2.0272096570084734,4.32861328125,-1.859518500292013,15.218179380645429,,2.029133501652936,2.137034070563228,1.939787748447314
10.23,0.009872894768910422,2.054868078460797,2.9389516538074827,2.0399171183581672,2.025304018546731,2.0239469949464106,2.046117701112896,2.0299386804575277,3.6474609375000004,3.37045354228984,15.80709440782041,,2.0305969330637823,2.2075498341964352,2.2078335798289284
10.24,0.010070784624271002,2.07535953964835,2.2725268167500428,2.035652219128514,2.0199013081499673,2.0133483892925383,2.010789080214739,2.0336453857954284,2.92236328125,-3.0064716506506177,15.951941453036646,,1.986546701354398,1.9783255922871308,0.9050608344502721
10.25,0.010265952684407791,2.095372890073487,1.6274345187383035,2.033064892847418,2.019921120421495,2.0186005918126355,2.0288986145616184,2.038222336404206,2.28515625,4.544609220093242,15.613016123962842,,1.9829099997618282,2.0557232611208325,2.285413666529921
10.26,0.010457659201984429,2.11484690472789,1.0062240945970191,2.030087965469987,2.0180812707471425,2.0172065912814947,2.0226164546639462,2.04391072572275,1.6259765625,-2.7597192588342474,14.72511215481756,,1.9655148296664657,1.981551219876862,2.023481590603375
10.27,0.01064517754998199,2.1337235288889396,0.41135598797854955,2.028648041040454,2.0207768657245424,2.027911049208354,2.052659273825096,2.05076749890412,1.03271484375,3.7717202648649657,13.203991751801588,,1.9835236702785868,2.098923399479814,2.5338799440536577
10.28,0.010827796975840074,2.1519478554515152,-0.15480779472028736,2.026468130170837,2.020190121588923,2.0272888690585353,2.042155498221059,2.058182920235511,0.41748046875,-2.642197262547998,10.94859513091233,,1.9780391892897207,1.9983156874626433,1.7666579417782577
10.290000000000001,0.011004825295429047,2.1694680957887362,-0.6900127421454263,2.023446076116692,2.0163890290519997,2.0171653573697337,2.0052137096475726,2.0646197716456194,-0.17578125,2.1923015407433537,7.680706493035001,,1.9520022897373754,1.8190432315909357,1.1179173723234697
10.3,0.011175591516641966,2.186235546111962,-1.1921203793321002,2.021316241832929,2.015271060333659,2.015395538654438,2.0013735531240338,2.069151610281288,-0.703125,3.4490397285571137,-1.807259019726286,,1.950958133578446,1.8712415030327123,2.0821029809119325
10.31,0.01133944838266237,2.202204550960407,-1.659116270765455,2.020478463671706,2.0177992493880423,2.0235953629187375,2.0287125142070392,2.0720719565753307,-1.1865234375,2.079937709926668,-7.965773953537995,,1.9803037418255143,2.0508794826675856,2.6134319205958008
10.32,0.011495774825267896,2.2173324651556037,-2.089117469310084,2.0202084303818895,2.021259682384866,2.0328094302960995,2.0532477961001256,2.07403733511685,-1.64794921875,1.0436751535548798,-10.9199409164113,,2.016924236567369,2.158642298561459,2.422048496510911
10.33,0.011643978318870889,2.231579615302861,-2.4803794007033173,2.0188611793817404,2.0203800893330595,2.028292082698039,2.0318412354183195,2.0753147324736045,-2.109375,-1.5067987792440491,-12.993014144308297,,2.021717267974017,2.040431152421085,1.3274844378753379
10.34,0.01178349712637387,2.24490926170714,-2.8313021782470744,2.019793335553923,2.026193810398368,2.0426330431587423,2.0707556249054004,2.076669214208131,-2.4609375,4.509098638783612,-14.50843689325871,,2.074651418661461,2.2284169504891858,2.445886541259791
10.35,0.011913802428326825,2.257287561390267,-3.1404363465584497,2.0209058009935377,2.031371120188809,2.0528770147260387,2.0890585727210444,2.0791553295271727,-2.8125,-2.7038933517836785,-15.574185636634782,,2.1176184777440668,2.2497118186741147,2.164728340186365
10.36,0.012034400327316588,2.268683532746561,-3.406488056663557,2.0223083565804405,2.036336215432159,2.060807065145441,2.096468402298525,2.0829199282966746,-3.1201171875,2.547570830702784,-16.222243728393536,,2.152871627671156,2.2139705140914905,1.9495420509801593
10.370000000000001,0.01214483371999094,2.2790690222505297,-3.6283236772866396,2.022126058340041,2.0353005389815753,2.050847754238112,2.049713385633489,2.0872471587528385,-3.427734375,-1.960213904470856,-16.445059154023937,,2.140367101357252,1.9374213026117004,0.6869858995202032
10.38,0.01224468402962154,2.288418673530011,-3.8049738488726508,2.0235614954535754,2.03894533277538,2.0551583709455366,2.0561518831838503,2.0919178838011803,-3.6254882812500004,4.387107308949954,-16.208014692740683,,2.15517602153919,1.9904103300846043,2.3160546920269516
10.39,0.012333572792639504,2.29670989903763,-3.935636987693378,2.0263290679708077,2.045899089792175,2.0680769770617107,2.08805889656734,2.0978211396696125,-3.779296875,1.0250022168816506,-15.453619161444909,,2.184612035715524,2.1260692390384675,2.7573396164972706
10.4,0.01241116309312923,2.303922854489545,-4.019682247362383,2.029186662402824,2.0519586323574384,2.0768112501136597,2.101736235880488,2.1054887104588915,-3.9111328125000004,-0.685861559354543,-14.107958956934429,,2.198510270151573,2.1380201570755797,2.3120549342688603
10.41,0.012477160839844088,2.310040416190926,-4.056652005287739,2.0310888970100924,2.0540126424319984,2.07342405795047,2.07761611999707,2.1144472953675804,-4.02099609375,1.051367717630815,-12.09902423658336,,2.177014312128717,1.9903321419877558,1.3367149042228539
10.42,0.012531315880903142,2.3150481613296274,-4.047591050513234,2.0349612344649564,2.061635128525173,2.086145980573037,2.107495629249184,2.124121680598962,-4.02099609375,4.2601053562660045,-9.288304057516255,,2.1875037302804077,2.151131274456531,2.4120357304102154
10.43,0.01257342295194427,2.318934351291438,-3.9959372091849676,2.0365561867955524,2.06120650743452,2.075405255656189,2.0628641277124857,2.133518432506694,-4.06494140625,-4.054789391804896,-4.896016442393375,,2.1366739101452628,1.9164009004417606,0.9888066030794535
10.44,0.012603322454139572,2.321689918029965,-3.901985064665976,2.0401186225850427,2.0669706995097075,2.084089977974192,2.086954372957086,2.1417441205216674,-3.97705078125,5.112107793235842,6.064564056385544,,2.1281730890811548,2.0963950764389945,2.533984993338602
10.450000000000001,0.01262090105912428,2.323308453510331,-3.765958815629869,2.0425941790216466,2.068755799831572,2.0813372253036535,2.0734539574515276,2.148532134048787,-3.9111328125000004,-3.5473140077082683,9.668963976459773,,2.089780151349879,2.0365585346062054,1.9953923618357914
10.46,0.012626092138546383,2.3237862022368048,-3.588248854674828,2.0461979286878065,2.0738941907319353,2.0890014868331876,2.0953220918129585,2.153947037313368,-3.75732421875,4.036736892227445,12.011519515778483,,2.0771825963176953,2.163262513016107,2.467294992524609
10.47,0.012618876016608657,2.323122056869102,-3.3694108575194237,2.0499374740294725,2.0789333393643488,2.096012842248848,2.1114924902392973,2.1586756022797,-3.5815429687499996,-1.0065966518912313,13.69157701626028,,2.0661339635782037,2.2167349213214536,2.276597746481354
10.48,0.012599280044646036,2.3213175569292224,-3.1101642668001315,2.0548864432230456,2.087226191526632,2.111655383791617,2.1499964313814055,2.16350958356347,-3.33984375,3.1653481298007637,14.876833699490208,,2.0824981530384195,2.3445230064648204,2.4828346565227095
10.49,0.012567378497455607,2.318376890599247,-2.8113901653011903,2.059141904048067,2.0924945916988213,2.1172650485178837,2.150786804262365,2.1686818680907,-3.09814453125,-2.0577740697393287,15.621429249935666,,2.0802344500599834,2.266528690477956,1.7477734855300908
10.5,0.012523292291772119,2.3143068996094893,-2.4741285335873107,2.063978688600749,2.0990453402526295,2.126104302800254,2.1609589978941726,2.1736985361551047,-2.79052734375,3.4257296427407558,15.928991201066705,,2.0925985350494622,2.251454717341815,2.008225410956626
10.51,0.012467188527956138,2.3091170872147946,-2.099574887703166,2.067694417759295,2.1014684610740235,2.1227887145905133,2.1337547347650783,2.1776134503662186,-2.48291015625,-2.021052062059831,15.770652317427638,,2.0798776779466177,2.063195357575133,1.4773716262808638
10.52,0.01239927985663204,2.3028196292535754,-1.6890762938440744,2.0717360618653253,2.1047455767528302,2.1228157347332197,2.123171877147501,2.179678521592808,-2.109375,3.4672565044419503,15.090593570744227,,2.0801551770843676,2.0079702747834647,2.106565165428264
10.53,0.01231982367267627,2.2954293882782424,-1.2441267587458897,2.0773387976820024,2.112657314536028,2.136236800826962,2.155988636579842,2.180299641696617,-1.669921875,3.093955567281238,13.808332604753804,,2.119476709584267,2.1680495508644513,2.8407736766467413
10.540000000000001,0.012229121139611129,2.286963930735996,-0.7663619970222981,2.0827828289421184,2.11937451928861,2.1450473393106004,2.169397426261429,2.1802000420106538,-1.23046875,-1.9829252988481296,11.831640508524115,,2.1517640696917777,2.1888063583177533,2.416506399827275
10.55,0.012127516048101906,2.2774435471640375,-0.2575535798023937,2.0885656266915453,2.12659493262188,2.1545623311664093,2.183033806435798,2.179732872467922,-0.7470703125,2.9798071948325227,8.98809195483047,,2.188434878608376,2.221519481093632,2.1853948683542423
10.56,0.012015393512883846,2.2668912753418407,0.2803975272278156,2.0933252804953306,2.130071550500452,2.1529981191067904,2.1621837831437687,2.178914781627884,-0.263671875,-1.3507732876172542,4.305710931926829,,2.1981393523936457,2.100970416981142,1.4150191669751575
10.57,0.011893178513058078,2.255332926313507,0.845468023945059,2.098783965668838,2.13559248395426,2.157914305318414,2.166357592522009,2.1780721124330986,0.28564453125,3.6571026827526376,-6.534987058917781,,2.2217805443246106,2.145665632132217,2.133445364527102
10.58,0.011761334281289375,2.24279711315359,1.4355199167949526,2.1055052558274925,2.1447158033871494,2.1727527911257423,2.2004852730578106,2.1783047167364713,0.87890625,2.5505367490895563,-10.013756586458683,,2.2669380143140123,2.3048606795550786,2.7191594726392183
10.59,0.011620360548011119,2.2293152822979696,2.0483087181587014,2.111280809227307,2.1502336056588947,2.1762549989064537,2.1951658295695764,2.1802815495408447,1.4501953125,-2.379213001074979,-12.337068878004622,,2.281249949929415,2.2382726794131975,2.0384690127752765
10.6,0.011470791647292143,2.214921747194974,2.681492176010798,2.1180394090775607,2.1585423199871845,2.187644895874887,2.2154369749357006,2.1839483439531326,2.08740234375,4.000006612065794,-14.027783308748164,,2.309188663010156,2.3120439020640307,2.398653793098631
10.61,0.011313194491545381,2.199653723948489,3.332639500100049,2.1229061932331623,2.160474465813579,2.1805931767276894,2.1782467831052035,2.1883440012168145,2.6806640625,-3.178450352940585,-15.240703593153993,,2.2870201901796934,2.100095048345638,1.2583189051838506
10.620000000000001,0.011148166422754464,2.1835513685208627,3.9992410451856295,2.1281720520868155,2.163860395573226,2.1793290566231898,2.167824041216791,2.192058793295032,3.33984375,4.147992027704027,-16.027654569484525,,2.270742844405626,2.081412285596602,2.074164566066108
10.63,0.01097633294836273,2.1666578149360074,4.67871840631741,2.1330987952910494,2.1663055854573394,2.1765344141747427,2.157183005978313,2.1941748775208456,3.9990234375,-0.47973839856783107,-16.39393318024888,,2.2438601869088974,2.0592142450900655,2.2479196658955827
10.64,0.010798345370406373,2.1490192137684536,5.368434875929319,2.137187990394488,2.1664095808634176,2.1685791971606214,2.1354077428110285,2.1941937944413543,4.658203125,1.5694343663724672,-16.314329058293314,,2.1980876280167885,1.9931758279021425,2.07051840448368
10.65,0.010614878316878285,2.130684770018398,6.065706207776288,2.142839403385745,2.1719311681982956,2.1778342213859707,2.1719357285462877,2.1928279649391698,5.38330078125,4.122174679563057,-15.73907897462817,,2.1912032822633005,2.224087229777114,2.8573488064053425
10.66,0.010426627184679339,2.1117067792519624,6.767811628640473,2.1485125191928756,2.1775246934560832,2.186971870752975,2.2010498754812566,2.1914921964647935,6.08642578125,-2.000782341630282,-14.597984698608252,,2.1848189743879782,2.335865768714059,2.557062484084522
10.67,0.01023430550384873,2.092140660626151,7.472005035396054,2.153943628028794,2.182378915852999,2.1936609538038625,2.2167151451585854,2.1910006529467405,6.78955078125,2.2699605013515387,-12.814958203739629,,2.1749488227218285,2.36032750770525,2.079255602887822
10.68,0.010038642233064457,2.072044985115888,8.17552631256836,2.159026145088422,2.1862586955759014,2.197520778644656,2.220411132691847,2.1913129504411573,7.492675781250001,2.2416889757741245,-10.287211432253722,,2.1617505477122716,2.3278542430559543,1.8056985957690104
10.69,0.00984037899666453,2.0514814969127895,8.875612704040298,2.1628962455814147,2.1865985104804855,2.1917740903542886,2.194688884666279,2.1914995049878163,8.173828125,0.5804302200130775,-6.5953767594809545,,2.128119512617462,2.169842659526355,1.3921069665094532
10.700000000000001,0.009640267273660933,2.030515125570613,9.569510172105616,2.1658583186223295,2.1847484334592635,2.1814806230569275,2.1609689274142814,2.1904251880501544,8.854980468750002,2.5560492315019765,4.297545951736894,,2.086488150539692,2.013637214381982,1.690802884537666
10.71,0.009439065549401968,2.009213986030822,10.254484677670243,2.1700522114237937,2.187657197360344,2.18670943301037,2.1816870905565646,2.187974578872521,9.580078125,3.8392111894339602,8.78942078888281,,2.0912669936966237,2.154883919240829,2.826188716344956
10.72,0.009237536440677969,1.9876493631756746,10.927833317052071,2.1737828323772646,2.1895319927583725,2.1890854090342464,2.190004780134898,2.1846586556258463,10.261230468750002,-2.2072325266787884,11.438776237161576,,2.0967298179926317,2.1814164956879543,2.576987224174207
10.73,0.009036443805167585,1.9658956770329006,11.58689525348452,2.176652268256709,2.189241017766059,2.1857603466166777,2.1798069586237343,2.1807755964711766,10.92041015625,2.078896540967344,13.324558402312736,,2.094840257028848,2.1256696752946445,2.01555696597739
10.74,0.008836549846180944,1.944030424206227,12.229062385016602,2.180209250846895,2.1918721518992608,2.1916800323927843,2.199479818761859,2.176954484604268,11.6015625,3.5976641076617035,14.685681287527347,,2.123988888319375,2.234722083980814,2.3876199547297148
10.75,0.008638612223673391,1.9221340905474944,12.851789694918464,2.183176759170123,2.193103657367764,2.193401696436356,2.20239968814725,2.1739222474238877,12.23876953125,-1.66619161435464,15.603584723848392,,2.148346022510698,2.2338417778564312,2.062414659156911
10.76,0.008443381182479554,1.9002900295442726,13.452605235818293,2.1863663082060407,2.1956194975868764,2.19891100182484,2.215680324015045,2.1719956324806122,12.8759765625,3.1442638550359625,16.09818499893544,,2.186392391910125,2.2852363093461396,2.2482317452883542
10.77,0.008251596708653462,1.8785843004063987,14.029119704464255,2.1887829263156937,2.1961418302273903,2.1984578385740403,2.208213654782123,2.170809862734425,13.46923828125,-0.6141179719062257,16.152973971099083,,2.2112046236882166,2.2276054637017446,1.941941703025394
10.78,0.008063985724692352,1.8571054594400866,14.579035570059515,2.1897113848046033,2.192617963408546,2.1870751230324563,2.169642572560544,2.1691366815988857,14.0185546875,1.2029698430745424,15.724501514332585,,2.207564434005163,2.045811243877948,1.4278045050549835
10.790000000000001,0.007881259334275605,1.8359442980558385,15.100155725385838,2.1904207731061356,2.1894658965860248,2.1786244524818854,2.148446686043133,2.1659645605916555,14.567871093749998,3.3548148295328075,14.74742141064025,,2.2075355937357055,2.003373703452557,2.0807823241028793
10.8,0.007704110126961694,1.8151935207326901,15.590391636235214,2.192043754433264,2.1902172849957497,2.182646815420065,2.17020965053969,2.1613720995123873,15.1171875,3.028376808813349,13.142565619310815,,2.2341567431753053,2.1676508090472866,2.809290533292218
10.81,0.007533209553059323,1.7949473565332712,16.047770970836574,2.192959723107761,2.1893157785398394,2.1817605291171076,2.1730233663020666,2.1557504377086523,15.6005859375,-2.015251005219462,10.815977292874978,,2.2443545061561707,2.183711518543546,2.376154397994875
10.82,0.007369205378623295,1.775301098414289,16.470444696831496,2.193661908999544,2.1884661413278836,2.1813477474442986,2.176670662516918,2.149226287403386,16.06201171875,2.936302163041712,7.477454447414272,,2.250390082156301,2.206474228465402,2.1518694227052597
10.83,0.007212719230220449,1.7563505656886136,16.856693638769706,2.192886299290641,2.1836320812584713,2.1699540455407833,2.1464612652240715,2.141820586105002,16.45751953125,-1.435816226282157,-2.3917039122690995,,2.2234627011706314,2.071448750026214,1.3702295965068378
10.84,0.0070643442387727535,1.738191486644697,17.204934493930644,2.1940350990690387,2.185994005159452,2.180473404899234,2.1881788369346973,2.134230512020237,16.89697265625,4.716767607025886,-8.042513589421072,,2.244339916829733,2.3043662375735185,2.7534509042848923
10.85,0.006924642791407687,1.7209188005730456,17.513725308423876,2.193848141051499,2.184406448037845,2.178489449990371,2.183106133968263,2.127141467109381,17.2265625,-3.70329176472938,-10.897242667735057,,2.230713752423761,2.2391145165670316,2.024724091796557
10.86,0.006794144399836806,1.7046258813137432,17.7817704188948,2.193189916500245,2.18198965399611,2.174411599294855,2.1720648382355,2.1202728080348807,17.5341796875,3.311772875791681,-12.888651308467814,,2.2074731024908383,2.1731623844615338,1.871808893701692
10.870000000000001,0.0066733436933426255,1.6894036879017014,18.007924867708354,2.1919592425069347,2.178475037416612,2.16774822140491,2.1550330995834606,2.1130581447959425,17.7978515625,1.9804673708512934,-14.320310663781084,,2.173951238667109,2.0966441988616906,1.8867784527377403
10.88,0.006562698543980647,1.6753398518637606,18.191198301173532,2.1892502893013175,2.171063788375482,2.150958413007952,2.110724961210206,2.1048949831583297,17.99560546875,-0.9986284434857311,-15.292483219493475,,2.111372244922933,1.9087332407652546,1.5109664799097131
10.89,0.006462628331102521,1.6625177150578685,18.330758361207195,2.187864306315374,2.1690713000930923,2.151732828314778,2.129092686737913,2.096215245554306,18.21533203125,4.385414273654373,-15.831959922840253,,2.092204140561221,2.082509368761505,2.7119099458362403
10.9,0.006373512351778508,1.6510153364039384,18.425933580843925,2.185766231496721,2.165398870260552,2.1476045674677238,2.1286530435557185,2.088314818261402,18.34716796875,-2.756340430349864,-15.92517447993571,,2.063000313073682,2.0985676460288105,2.3570469038262845
10.91,0.006295688383144275,1.6409044901288632,18.476215793450507,2.18480106474173,2.166066725275692,2.1561289447678904,2.1654795574855776,2.0825243182359268,18.47900390625,3.8985597522252293,-15.529570782651675,,2.071815796806307,2.280956126910978,2.67314066003366
10.92,0.006229451402121082,1.632249681866517,18.481663885837673,2.1821216796720835,2.161471653827308,2.1484247095803317,2.1448988213705498,2.07932943336549,18.5009765625,-3.2536461572173163,-14.578081393669098,,2.044864244259485,2.1523866355510037,1.4377019659185393
10.93,0.006175052467361867,1.6251072117213379,18.445807252748878,2.179783378301144,2.158690883746807,2.1465860355529274,2.144924655122359,2.078093102901883,18.52294921875,3.9526513807437915,-12.985767615872977,,2.0395639626749844,2.1669154218141133,1.8938521775884838
10.94,0.006132697767661347,1.6195243148396214,18.369630197944367,2.175992312424638,2.151436624966388,2.131710226860051,2.104686352272902,2.077397479275328,18.45703125,-2.5090329043385986,-10.646522403647676,,2.0058379345347763,1.983712088109051,1.2191084121852538
10.950000000000001,0.006102547840436687,1.6155384098195438,18.25327109385181,2.1717382504568326,2.143200390269215,2.115411176395662,2.0674738880160923,2.075340207328788,18.369140625,3.1636568475793454,-7.2328218920637655,,1.973622033003387,1.873681373452587,1.7090009280967822
10.96,0.006084716963240986,1.6131764832308388,18.097025161709556,2.1676516397642693,2.1362633052961026,2.1052125723517263,2.057035602967991,2.070746795500254,18.25927734375,2.7631865436713037,3.0982384833778958,,1.9645302223695176,1.926945819618204,2.3890360706699316
10.97,0.006079272720615992,1.6124546345709865,17.901343985739036,2.1634221046670175,2.1296529225754246,2.09781276540237,2.0578598460029807,2.0632764141837865,18.10546875,1.4438070802143803,8.310933355057202,,1.9699328290448441,2.0064980005660886,2.482905832227404
10.98,0.0060862357479258035,1.613377800307897,17.666834458423377,2.1587793090994642,2.1226044963341173,2.0906947329244945,2.0591159633809126,2.053115202908784,17.90771484375,1.88712463458795,11.12816997666458,,1.9822498232992753,2.0598309023356256,2.252693110151621
10.99,0.006105579653142429,1.6159396685896812,17.394257185779267,2.153468758049426,2.114475305689849,2.081950026225247,2.054221393373988,2.040964928032287,17.666015625,1.8572015869610548,13.117977917975788,,1.9949558828468283,2.069733965541152,1.9213215042311302
11.0,0.006137231116879755,1.62012278824163,17.084524346639657,2.148104097805802,2.107688605611859,2.0784891952533027,2.0644803655053954,2.028364525281482,17.40234375,2.767224588413854,14.563715311131107,,2.023948474120947,2.140592398742614,2.0947210736872655
11.01,0.00618107017029671,1.6258988674274788,16.738696999807917,2.144123668909319,2.1070768198792704,2.0922349217287337,2.120344803684399,2.017691271158972,17.138671875,3.3265484928948865,15.561345564471944,,2.097148855592123,2.3653126172481223,2.725209256687049
11.02,0.006236930649816252,1.6332292494694842,16.357981833253945,2.1382701545027962,2.1008364816283005,2.0877504734849635,2.108006238887616,2.010447563128582,16.76513671875,-3.593144765698741,16.137346077127045,,2.124226217985004,2.2202454481060148,1.4517574719605153
11.03,0.006304600826936802,1.642065546398878,15.9437273503678,2.132186254605246,2.095157848898452,2.084406754820539,2.098578631082819,2.0066500511169725,16.3916015625,3.8328457598987926,16.279618229491575,,2.1497792072068282,2.132522665391904,1.6181275701027167
11.040000000000001,0.006383824210748749,1.6523504053289026,15.497419489717746,2.124480351085045,2.0854207172827666,2.069417781431636,2.054227945100319,2.0054647365828484,15.952148437500002,-1.9191735606406026,15.948750847200298,,2.1404082422545927,1.8949378386964748,1.1845325443517876
11.05,0.006474300520114331,1.6640183790250707,15.020676676807533,2.1177691887657293,2.0803261954133347,2.067724501253449,2.057322811740508,2.005781030312047,15.534667968749998,3.9969376104088825,15.08277796110028,,2.15453979118298,1.9523817355669983,2.4326516402041
11.06,0.006575686821826072,1.6769968702188895,14.515244308999772,2.10839411340354,2.067740131231156,2.0445067728234894,1.9937681217909118,2.0060832804224367,15.00732421875,-3.7826518412875183,13.604939984176102,,2.107386447948783,1.6485604626164658,1.3039665221101273
11.07,0.006687598830429805,1.6912071192136182,13.982988678052685,2.1001076114164388,2.0599052603709254,2.036044515240916,1.9883124419869267,2.005125331173323,14.52392578125,4.709550558829793,11.43337709197845,,2.0855128828695313,1.765367304643123,2.378301965228296
11.08,0.006809612364785412,1.7065652059480256,13.425890338566518,2.0920629719305204,2.0533716704047347,2.0310144726447388,1.9945531835854118,2.002818347401231,13.996582031250002,-1.5015332552055867,8.363776182765767,,2.064090843885457,1.8981715840910776,2.435530427448652
11.09,0.006941264955844506,1.7229830405895623,12.846036934990352,2.083442947196233,2.0452962405300776,2.021046439761673,1.9839832094283127,1.9993217717918599,13.42529296875,0.23785355724646795,2.79449390724232,,2.024055901365667,1.9208224143966273,1.9042300273117523
11.1,0.007082057599551381,1.740369320535748,12.245615504613935,2.0754887475188717,2.0393188700579854,2.017097159108076,1.9930685614980495,1.995310211531751,12.85400390625,3.1930569428238926,-7.228532521209355,,1.994513072062156,2.0389062457669827,2.0522629291409076
11.11,0.007231456648222711,1.7586304360170197,11.62690427905767,2.0681240074358733,2.034786451141283,2.0165941448174998,2.0090770301532723,1.9921300404085263,12.2607421875,1.563791185477015,-10.387614380258634,,1.9724349237370162,2.1426724926327525,2.09990007174512
11.120000000000001,0.007388895833237314,1.7776713109538789,10.992264012053868,2.0621593205672095,2.0338227341627864,2.0251068069084144,2.046163208414404,1.9912509579207,11.667480468750002,2.753551410407712,-12.542588308988707,,1.9755023418349802,2.2875322963539904,2.3738542794606463
11.13,0.007553778411369504,1.7973961700243737,10.344128866648939,2.055172229074817,2.028689343074039,2.019373963575852,2.0305685927914703,1.9931405140049996,11.00830078125,-2.6137742856663944,-14.10031374821288,,1.9460377704826524,2.153491419292879,1.3604031275646327
11.14,0.007725479426630636,1.8177092268192898,9.684996900204748,2.0480306195455142,2.022351614017039,2.009848158310298,2.004619027528144,1.9971810028840122,10.34912109375,3.0018001588405294,-15.188418134055965,,1.9103325182981243,2.0026711673123936,1.3206172847107025
11.15,0.007903348079045608,1.838515291354831,9.017420190590657,2.0422992311680064,2.0197182167434473,2.0111190150704883,2.0145537830460998,2.002809744145231,9.7119140625,3.19791715641688,-15.84566995181916,,1.908267281293114,2.037373452986559,2.302503718201225
11.16,0.008086710191386006,1.8597202980010172,8.343994651589867,2.0362350315321573,2.015044867044559,2.005405203831924,2.000179510825247,2.0091319775804175,9.03076171875,-2.27313346134249,-16.066931520416247,,1.8948502116538926,1.9294605160313845,2.000640503299788
11.17,0.008274870764510653,1.8812317570532449,7.667349589656185,2.03022320021894,2.0097530461776243,1.9977944915485972,1.9820587838262556,2.014628990788186,8.349609375,2.641788066176232,-15.817557171750517,,1.8830095413307146,1.8365030429194218,1.890092965235109
11.18,0.008467116611627268,1.902959134754239,6.990137057624676,2.0244657244524094,2.0045929278044246,1.9907649999778854,1.968845860252317,2.017858450963758,7.66845703125,2.1435935555456034,-15.03747920306024,,1.879104839502718,1.8024512758162885,1.9536147126835974
11.19,0.008662719061490957,1.9248141676246504,6.315021063693438,2.019013730619816,1.9997808362375487,1.9849197741571203,1.9616094806198705,2.0178688200234705,6.9873046875,1.9058960776974492,-13.64612762242798,,1.884369052149719,1.8201963496840678,2.0207464307979
11.200000000000001,0.008860936720294,1.9467111175598037,5.644666695868433,2.0137955051248517,1.9951199292609292,1.979589228981304,1.9571110513338343,2.014519250835983,6.30615234375,1.9067639705030293,-11.555412120454863,,1.8961894588699568,1.8603266990400027,2.0040864726287735
11.21,0.009061018281777425,1.968566974381253,4.981729223038298,2.0105195274399086,1.9962035331338193,1.9904025371080505,2.0010915899015935,2.0088983772117714,5.6689453125,3.4613336178152028,-8.571827793350181,,1.9540978965095313,2.114581410811968,2.613740092172022
11.22,0.009262205374914559,1.9903016124777562,4.3288432338892875,2.005768713275893,1.991360469167904,1.9823367534018295,1.9783290047259703,2.002559768699483,4.9658203125,-3.5540794535351234,-3.366611760726979,,1.9664138986762074,1.9948407983115901,1.2824414289761419
11.23,0.009463735438371508,2.011837907905386,3.688611873979844,2.0050822376797233,1.9992747768347883,2.0101406043313554,2.06451496188207,1.9979054433609464,4.39453125,5.654965856491253,7.011751551166206,,2.0680734193414416,2.3794176879094224,2.962411641131469
11.24,0.00966484461085088,2.03310182190769,3.0635962394970266,2.00255346922466,1.9993497061307186,2.0113740756815868,2.0525936766355795,1.9969369421980636,3.71337890625,-5.111463736441698,10.272402342234473,,2.1030024096542,2.2173139107287234,1.276304610243131
11.25,0.009864770626362328,2.054022456317438,2.4563049835700816,2.0007262630749727,2.000725054490908,2.015163406153505,2.0489362201946637,1.9999852074028315,3.09814453125,4.424841868672245,12.483627905002422,,2.1383751792657546,2.141023778786944,1.5291225925815204
11.26,0.010062755703446351,2.074532085756149,1.8691841876031094,1.9997231471222108,2.003661382866091,2.021944775830969,2.0539573982572144,2.006841582746129,2.5048828125000004,1.8623037269982126,14.086157693885381,,2.173017202432242,2.106791342322126,2.038688226567225
11.27,0.010258049417400796,2.094566170989024,1.3046075460164932,1.996689860416674,1.998859401965155,2.0057054277834685,1.9896758882532344,2.016044917892499,1.86767578125,-3.1525626565839215,15.215882866875296,,2.1437543873135274,1.7377673747039493,0.6263485930097661
11.28,0.010449911544622525,2.114063357245356,0.7648669081822908,1.9958335912401126,2.000713113188213,2.009652998876799,2.0001072636642516,2.026151894722102,1.34033203125,5.025863581825921,15.91562233757811,,2.149619132288886,1.853591023889468,2.54001485917604
11.290000000000001,0.010637614868283811,2.132965460795276,0.2521632163438849,1.9938669647363316,1.998025403518522,2.0000911395860936,1.9693819885140207,2.0361781996669137,0.76904296875,-3.726992207158036,16.18309785770362,,2.1129194669329743,1.718992728251365,1.9372419953162536
11.3,0.010820447934709243,2.1512174465929847,-0.23140212692397857,1.993715890553642,2.0006477209480655,2.0063984252586664,1.9946098694776055,2.0453807569562734,0.28564453125,4.383216651225224,15.986493468114588,,2.1035672208621987,1.928718870012572,2.5879391762593733
11.31,0.010997717750005397,2.1687673993605783,-0.6838354334769126,1.9919456685727164,1.997159277679995,1.994679827442368,1.9616621636079037,2.0532804092739085,-0.24169921875000003,-3.5633302629008674,15.268557250486927,,2.0428809865075017,1.8037137083275054,1.3592280750085661
11.32,0.011168752406721827,2.1855664900976626,-1.1032584235954457,1.9933421497421633,2.003379029968019,2.011589257165449,2.0225870538976998,2.060068087569917,-0.63720703125,5.225685360070102,13.950918274702321,,2.0464894900449018,2.1723345167102885,2.7566090719569085
11.33,0.011332903630588502,2.2015689396601514,-1.487915421256593,1.99307702087048,2.0030725600516703,2.007940802215734,2.0094127102707,2.066100311785351,-1.0986328125,-4.465432271776434,11.94966718050381,,1.9986008196878517,2.0880566179213025,1.436724371245211
11.34,0.011489549237675735,2.2167319807546013,-1.8361800374094797,1.993853811772949,2.0054957030007685,2.01238354207952,2.0229058455140922,2.0713445713109193,-1.47216796875,4.373630598374147,9.105062414243315,,1.9712361301066477,2.1567795780099903,1.9400329574322526
11.35,0.011638095492663699,2.231015819439848,-2.146561332196619,1.9949326990337914,2.0080782588571737,2.0166810848439676,2.0327869976911015,2.076313216425461,-1.8237304687500002,-0.6265970271434612,4.5090786927644295,,1.947732398507475,2.172783206428342,2.0251229961476302
11.36,0.011777979359283212,2.2443835970114048,-2.4177094507107837,1.996601063670529,2.011746038189019,2.0234390789913252,2.0473533479179844,2.0817315159678804,-2.13134765625,2.32931142148188,-6.40577343524849,,1.9376584814187283,2.1883125404018084,2.182208312187034
11.370000000000001,0.011908670634397293,2.256801352962288,-2.648420729884546,1.9990306287796982,2.0169570579084914,2.033577958330994,2.0681738534161624,2.0884735799432375,-2.39501953125,2.3437026490518,-9.931490368330788,,1.9459082544600295,2.2092024005894397,2.291854998654245
11.38,0.012029673957635057,2.268237989562904,-2.837642276425548,2.0013352913681475,2.0208327727635274,2.038651327319279,2.069204230831492,2.0971447245800565,-2.63671875,0.5269122290450663,-12.270512285353785,,1.9512261281542733,2.125931368758527,1.9281198425159933
11.39,0.012140530688960857,2.278665238478245,-2.9844760173115925,2.0046719112833062,2.027160516775859,2.049862876899888,2.08775621065552,2.1081025612438067,-2.8125,3.199771946483087,-13.969593800924175,,1.982494182600748,2.1408973379978495,2.2311930718562247
11.4,0.012240820647061983,2.2880576297394546,-3.0881822252483864,2.00801381458764,2.0325317520101285,2.056957357685339,2.0903798217504326,2.1212850325230654,-2.96630859375,-0.8932323326363294,-15.188198012348064,,2.01204108834652,2.076524378618416,1.9916220577388253
11.41,0.012330163701965782,2.2963924633055153,-3.148182521701509,2.0124064524104823,2.040338118199327,2.069893335618079,2.1099553932590247,2.135921288993162,-3.05419921875,3.1434971122690367,-15.979791663636652,,2.06319511662429,2.117286149670639,2.2960848714473094
11.42,0.012408221215849818,2.303649783386421,-3.16413748525582,2.0148418252204863,2.0410426669273707,2.0616337199653882,2.0638598251228855,2.150192755981729,-3.1640625,-3.0922649377409197,-16.350453690180935,,2.064776454527081,1.84523598252791,0.9119707441236056
11.43,0.01247469732658413,2.3098123556490155,-3.138896750940334,2.0185978755566643,2.0456450087355944,2.065577945358641,2.065235012980695,2.162252304027733,-3.1640625,4.570915082331876,-16.275321655466552,,2.0970778966031767,1.9156976788260474,2.2217198200594925
11.44,0.012529340069140171,2.3148656473883076,-3.074306825038691,2.0216226756829654,2.047492260235312,2.0620856554616416,2.0470387204339153,2.170340513445456,-3.1640625,-2.6136965731092068,-15.705019907702892,,2.108926728565629,1.868612352917515,2.009280691150931
11.450000000000001,0.01257194233061622,2.31879781071862,-2.97043721595348,2.02525224953867,2.051138572417187,2.064347954489753,2.0511493085875134,2.1736633775168155,-3.09814453125,3.354994781328604,-14.569286319216745,,2.1321498782570094,1.97887883619767,2.3671591392855587
11.46,0.012602342635259382,2.32159966881835,-2.8275121915802783,2.0305996499217245,2.0598668742656283,2.0808000982401462,2.1018902013805176,2.1743445488880786,-2.96630859375,3.034012402693596,-12.791350640234748,,2.1860795775000263,2.249669327031725,2.825361397632731
11.47,0.012620425756508692,2.323264705247963,-2.645912621715869,2.0376085106066903,2.0730726192797677,2.1095203339359334,2.1818124388929854,2.1753066841293474,-2.79052734375,1.9889951079627743,-10.267605052864546,,2.259782310749407,2.498701876603385,2.8274144987685355
11.48,0.012626123153739375,2.323789056351621,-2.426175197710373,2.0434027543119813,2.081472681199401,2.1226892168782037,2.1926054840029985,2.1783180447198744,-2.63671875,-2.732527820669766,-6.578449774134834,,2.2875319618069594,2.4068830968094437,1.3745936620503527
11.49,0.012619413232053053,2.3231715067473657,-2.1689910639234,2.0503583271929426,2.092891028787668,2.1436319770769114,2.220512391587348,2.1837627459811104,-2.39501953125,4.218903638507009,4.302169945023822,,2.3236352324041483,2.421643588505418,1.8897393277761094
11.5,0.012600321424129087,2.3214134879078028,-1.8752038562852473,2.0557590529726477,2.098524319255267,2.145099153783408,2.187104744704386,2.1907684566691685,-2.17529296875,-3.0875003615687944,8.779407330139588,,2.309658495450345,2.1690763891574503,0.9695813063976373
11.51,0.012568920093826834,2.3185190798317334,-1.5458071439001766,2.0611678906520035,2.1038238152472974,2.1454651521048853,2.1602398168274934,2.197652634467028,-1.8896484375,3.626639935015476,11.4195030240505,,2.284315185507148,2.0073849193989473,1.8491930124661036
11.52,0.012525328261904283,2.3144950158062048,-1.181941270662469,2.0669737408067377,2.11005723802012,2.148675036063192,2.15006978976239,2.203287759146117,-1.56005859375,2.342292484072201,13.295684952861645,,2.2571161704711473,1.9668622586736806,2.4775502416304733
11.53,0.012469711154892489,2.3093506902568346,-0.78488959534832,2.0735323722977617,2.118253389845638,2.1572249850455383,2.160658825402914,2.207301055888593,-1.1865234375,2.4105778972325176,14.645704950391218,,2.236624965306005,2.046256541340815,2.7526777040218917
11.540000000000001,0.01240227957883592,2.303098169681188,-0.35607413064196736,2.081170314595444,2.12921621358971,2.172458123549815,2.1921143961037597,2.2097415385677754,-0.76904296875,2.60430408060548,15.550345836214932,,2.2302850584274236,2.2090255559311567,2.779788432175765
11.55,0.012323289120272349,2.295752206654185,0.10294941592239217,2.0865166043211945,2.1320774813846786,2.1643113705128427,2.1516853309641806,2.210152433112629,-0.3955078125,-3.290014563060868,16.02863530338497,,2.165605512663928,2.001393593811809,0.9066364877759638
11.56,0.012233039177480788,2.2873302568849683,0.590497193067055,2.0933321882646942,2.1395258932811014,2.170349003792509,2.1649435711598737,2.20863293746211,0.087890625,4.952403069258877,16.06324894608626,,2.136543620002352,2.145833007952978,2.1955295177558343
11.57,0.012131871825669318,2.2778524992900193,1.1047633393233993,2.1019847522905035,2.152198021524422,2.190396408021611,2.220453419018686,2.2067926603967543,0.615234375,2.041204723234923,15.609559592796993,,2.1498609132430055,2.4154096561852203,2.903277281534962
11.58,0.012020170520404222,2.267341859026208,1.643826685391929,2.109169806185698,2.159280341985389,2.193756996619136,2.215200329097735,2.2058223201556992,1.0986328125,-3.246193370508359,14.60040103817716,,2.1279634991974663,2.3351696239737274,1.834269028074183
11.59,0.011898358644194853,2.2558240333981896,2.205658007228853,2.1168274275952697,2.1674319211027613,2.200549531445823,2.2225602498136348,2.206232968145819,1.64794921875,4.147485183802931,12.954315508785168,,2.123427065136015,2.340719407605403,2.052291935008715
11.6,0.011766897901742752,2.243327520515329,2.788127807015486,2.124799415986271,2.176086556390699,2.2088917185654475,2.234057320976501,2.2084858965489067,2.21923828125,1.6567505235738553,10.569363607657976,,2.1325853958582153,2.348582663256471,2.2697593782408507
11.61,0.011626286569938029,2.2298836505221606,3.3890145941871297,2.1321310571268643,2.182303537141318,2.210577401794231,2.2243326290894654,2.212384573536352,2.79052734375,0.5843609969250546,7.1077785011585535,,2.1336921733552185,2.2474158783451905,2.001784358327126
11.620000000000001,0.01147705760923587,2.215526619160628,4.006013633620955,2.1390369630170194,2.1870621798195566,2.209165936196634,2.2088522331188876,2.217109973745447,3.3837890625,2.6544631883143994,-3.3240159910722116,,2.1348326850639197,2.142695324623965,2.0112536065307314
11.63,0.011319776643571427,2.2002935233395564,4.636746123038337,2.1457862785551143,2.1914035153964555,2.208005454292793,2.1991788678531394,2.2217627245710183,3.9990234375,2.420138025889939,-8.356034707138102,,2.143497071546737,2.091993318026999,2.2272552986694807
11.64,0.011155039816470022,2.1842243982838783,5.2787687568039265,2.1526906071312677,2.1963859850652976,2.2100758245115486,2.203084049738614,2.2256033438820704,4.63623046875,2.4806885856316323,-11.117482908869631,,2.166138979901306,2.1222163892447568,2.4586392253488887
11.65,0.01098347153147879,2.1673622557097567,5.929583628740926,2.1583134174555028,2.1975732110491983,2.2025660421566102,2.179257110103727,2.227858677902627,5.251464843750001,-1.442116569959975,-13.060496568545288,,2.168113587859382,2.019382987164805,1.9040308461189006
11.66,0.010805722085484165,2.1497531223182356,6.586648422466135,2.1642600701455463,2.200366778611692,2.2019346874324093,2.1827761006802167,2.2282817105906343,5.91064453125,3.6886170154353155,-14.457940518520417,,2.1891448665397206,2.0992653541004276,2.3363428149627454
11.67,0.010622465203885217,2.13144607771563,7.2473868342066705,2.1710458432987334,2.20624031869429,2.2113505829340268,2.216707702920842,2.2276608630461614,6.591796875,2.534851118267237,-15.401191378599819,,2.2360575294991634,2.2941797493326552,2.728859380144591
11.68,0.010434395486966055,2.112493290649718,7.909199170207128,2.177407075821492,2.2109885196936347,2.2175293795819497,2.2340235491672544,2.2268206479823767,7.250976562500001,-1.1192297896083634,-15.913665136595526,,2.2742100404169032,2.354029871665749,2.3182178729931864
11.69,0.010242225777145958,2.0929500521926268,8.569473058766537,2.18329568539716,2.214602653494415,2.2207985544951114,2.238852357116742,2.2259393189747914,7.91015625,2.4900449442510406,-15.979839563262798,,2.302275800872829,2.3484810884264027,1.9684243183019094
11.700000000000001,0.01004668445708573,2.0728748042008895,9.225594215731828,2.1887770783435454,2.2174264264863948,2.2224431421488644,2.2375611798603576,2.224686004864229,8.5693359375,2.3099238022206596,-15.555820595324198,,2.321399414077801,2.316383379358881,1.9355830535143632
11.71,0.009848512688892402,2.0523291610375773,9.874957201966117,2.1931329358231766,2.217328213933546,2.2166864438108087,2.21443782877253,2.2223645200514044,9.20654296875,1.0222479626237893,-14.57390902520241,,2.3158847326517926,2.187651831152121,1.7244314822636315
11.72,0.009648461604885153,2.031377922148389,10.514976111925206,2.198510938323033,2.2213310166194207,2.224089298755318,2.235567840341836,2.218563296048695,9.8876953125,4.001946790942433,-12.949525732119936,,2.334360167600453,2.288828762985013,2.679376363921129
11.73,0.009447289460571775,2.010089072644106,11.143095134005003,2.2023900272056167,2.2211431585871746,2.2196278933767797,2.2171466402042994,2.212844814968032,10.502929687500002,-2.9935289699389207,-10.575455100952189,,2.317153167216603,2.164548201126341,2.062371961327157
11.74,0.009245758760625356,1.9885337685573963,11.75679892572782,2.2054333499272922,2.2192846754329714,2.211891215218183,2.193163994601846,2.2046300748503573,11.1181640625,3.1262168370458983,-7.106122659125023,,2.2837433579100193,2.056539019290662,1.912818070399313
11.75,0.00904463336875578,1.9667863029200916,12.353622750050935,2.2091594469828126,2.220702965920492,2.2151372348887635,2.2079165959926184,2.1944412287181763,11.75537109375,3.4763223263851852,3.399861938550569,,2.2701523077236,2.1675155952862353,2.583547102186782
11.76,0.008844675612430042,1.9449240482578845,12.931162323015348,2.21315957803258,2.223765013055679,2.223176303474984,2.2341684440117233,2.1837307066998566,12.37060546875,1.2584059117374506,8.432256913813486,,2.264657406762359,2.2891973975017605,2.662634203330273
11.77,0.00864664339341501,1.923027370540821,13.487083327493723,2.216316864962312,2.2247678607947843,2.22485943991597,2.235850025337052,2.173772004809333,12.94189453125,0.37359851792634513,11.221616854438572,,2.241757629913803,2.269495472050606,2.0796993213806845
11.78,0.008451287315095342,1.9011795090850239,14.019130552813396,2.2195407868364234,2.2267646313091176,2.229483014484815,2.245646575975787,2.165419521593245,13.513183593750002,3.2558828823736343,13.200220867723603,,2.2258408514141945,2.3033852911671047,2.151108286183302
11.790000000000001,0.008259347837454512,1.8794664164074086,14.525136625379623,2.221072868894004,2.224093050669949,2.2207494303149575,2.2135141541194896,2.1589400575026563,14.0185546875,-2.2048552945729396,14.641750676651196,,2.177010538360086,2.1389780854786333,1.3748351822687168
11.8,0.008071552470502258,1.857976551635655,15.00303030095491,2.2230185983958064,2.2238587811726083,2.2203274172323124,2.2131881722619915,2.1544414963223653,14.5458984375,4.042547825195839,15.639814491196917,,2.1512344271358206,2.1774973455228253,2.2928864563798137
11.81,0.007888613016786465,1.8368006208257315,15.450844294808283,2.224598342134592,2.2233217219206134,2.219380912578161,2.2118333978277414,2.1520984877733755,15.029296875,-0.6790846767408186,16.220263771015972,,2.128945952121981,2.1889458844101473,2.4032618716391947
11.82,0.007711222873441349,1.8160312575052997,15.866722631383444,2.225247320024342,2.2206981753799284,2.212934005264894,2.1947098623854977,2.15137668857948,15.468750000000002,1.472296531020459,16.37106386647048,,2.0983719831282235,2.123929871442319,2.1012970259016344
11.83,0.007540054403997886,1.7957626370195203,16.248927500303218,2.2245814225705343,2.214961527549269,2.19881883224571,2.1585529649608155,2.151128772978707,15.864257812500002,1.8166889408141569,16.053637792372697,,2.0537578944233243,1.9930701471731436,1.7061929070156057
11.84,0.007375756389917753,1.776090018888746,16.59584561029968,2.224086516284805,2.211126359144465,2.192213309370321,2.153592913917197,2.150445841517627,16.259765625,3.463331836349201,15.207478661891276,,2.0366100525255564,2.0575360616532468,2.3306662457986893
11.85,0.007218951571510962,1.7571092124790577,16.905994036920042,2.223327568395436,2.2075850735964204,2.1875587287410383,2.156228535127199,2.1488329129868604,16.611328125,1.1131150314186224,13.758566847493919,,2.0339102904910287,2.1291042415048858,2.416770201579955
11.86,0.007070234287557506,1.7389159629125484,17.17802556351365,2.222002258198785,2.2033068088817056,2.1816172320618277,2.154465789005155,2.145622831361022,16.9189453125,1.834844666451189,11.631726759695594,,2.0370643618618827,2.157202344559036,2.2064792287822432
11.870000000000001,0.006930168222579235,1.721605256363389,17.41073351798272,2.218193824309534,2.19221408244825,2.1572852511561593,2.0968332198631443,2.1398644682434687,17.138671875,-2.2550267225105722,8.650221494817766,,1.9982145095697479,1.919185204948582,0.739806622019684
11.88,0.0067992842703013465,1.7052705467248532,17.60305611003048,2.2172919129903814,2.192215112078822,2.1678561546197637,2.157050101713696,2.1319261946505375,17.4462890625,5.742913046601968,3.599402313877062,,2.0598060015097857,2.3009035599012893,3.0706354995430813
11.89,0.006678078521400791,1.6900029090715896,17.75408027514131,2.215133520054225,2.188772316964663,2.167160429072064,2.1687885111512872,2.1228053796890003,17.6220703125,-4.483568804000441,-6.841815410792194,,2.0979015333664934,2.3106000695397695,2.32390668145516
11.9,0.006567010383169053,1.6758901293006758,17.863045032280034,2.211767699475725,2.1823429266418617,2.157920129592357,2.15038762627187,2.1123657670493614,17.75390625,2.6567646444110675,-10.104699673742264,,2.116944476321207,2.1918483088941336,1.5128123493101624
11.91,0.006466500838216436,1.663015743660438,17.92934436232741,2.208144669703147,2.1762342755141755,2.150586126771839,2.1394986603683885,2.1004102319229436,17.86376953125,3.1041686949613503,-12.291172802848221,,2.1408057571082186,2.139327377140153,1.802159522738722
11.92,0.006376930848817772,1.6514580463359154,17.95253736465835,2.204213084562497,2.170198164046507,2.1441371648088667,2.13172091019647,2.0872582082379028,17.9296875,1.5855225884816586,-13.8568731938649,,2.16439995209926,2.1034204184989846,2.0793525032142814
11.93,0.006298639912947385,1.641289087547215,17.934690327479558,2.200818868885212,2.166888167586905,2.1458765248371394,2.1482974184258903,2.073771799882781,17.9736328125,2.972448088719246,-14.939399479524052,,2.2037745019812442,2.178174590250095,2.537756783940601
11.94,0.006231924777476794,1.6325736883657929,17.878389012508652,2.196918364214221,2.162408555144789,2.1434705370109945,2.146863737698602,2.060807253727153,17.951660156250004,-1.135508012167302,-15.580289024234231,,2.2259778529307823,2.14157404502907,2.194848882926482
11.950000000000001,0.006177038313412286,1.625368501267897,17.783677529667372,2.192379930025779,2.156235546452174,2.1359564797173816,2.128432094970139,2.0486902161939633,17.8857421875,2.1436220587186567,-15.774161130855994,,2.2271796800768437,2.044487795159843,1.8160270832444894
11.96,0.006134188557435505,1.6197211469411126,17.6507225639126,2.1879083211082824,2.1508069057379804,2.130629442230926,2.118686868806263,2.0375893621303653,17.7978515625,2.830259157506024,-15.48423404981548,,2.2248013327904173,2.030358505803074,2.0459734896227566
11.97,0.00610353792338006,1.6156694577190631,17.479841427951076,2.1832036255916396,2.1450817489962093,2.124282229794299,2.106873330136034,2.027690523089126,17.666015625,1.4444594493705745,-14.646197518051514,,2.2110039791939475,2.01530951118452,2.0767115507632683
11.98,0.006085202586632858,1.6132408560365132,17.27150158251136,2.1771243204850266,2.135410926120088,2.106535625619371,2.0621388792941957,2.018973219944932,17.468261718750004,-1.1884208964248872,-13.172332162052149,,2.160842233765424,1.8589428050643615,1.493157898485276
11.99,0.0060792520437934535,1.612451892428282,17.02631963177518,2.1722420963664097,2.130512723674995,2.1041165486514886,2.0740516814405523,2.0120383410080267,17.29248046875,4.225467957875462,-10.95572662888204,,2.139033702233287,2.0272289109466373,2.518366734968024
12.0,0.0060857088492604055,1.61330796198383,16.745059788501205,2.1671301138234718,2.125269435563672,2.1003603546604843,2.0788694143440973,2.0079290707708477,17.05078125,-2.14538239659403,-7.718003541655374,,2.1085207949031934,2.094721181530971,2.3396988172167026
12.01,0.006104548529743152,1.6158032111479665,16.428631803148672,2.162339372604797,2.1214762287934166,2.100610741902004,2.0933388393691774,2.0069452779567607,16.787109375,2.813833406862091,1.6419190608529268,,2.0846677966629663,2.183614505167372,2.2915681672663792
12.02,0.006135699677023326,1.619920638822579,16.07808835144289,2.154727048673164,2.108794066546513,2.0746185941741793,2.0261059493348856,2.0079069013256516,16.41357421875,-3.3778879250612293,7.945881994525056,,1.9927554669976573,1.8708288709126126,-0.9233128740490331
12.030000000000001,0.00617904421861404,1.6256323874802021,15.694621875384383,2.1488057294511136,2.1027671887133565,2.0707087259619814,2.0374601176798004,2.0093617248449482,16.10595703125,5.26725537187992,10.924136063034277,,1.9558314066543838,2.0312384816234554,2.3379989069905402
12.040000000000001,0.006234417865291083,1.6329002120906653,15.279560873747617,2.14111301119057,2.091464305725949,2.051771489156672,2.0002893978164136,2.0099834418440445,15.6884765625,-4.0090275617533955,13.016317040107966,,1.8825062655310272,1.886302391876726,1.6676145386985874
12.05,0.006301610733799999,1.641676107689488,14.834365639687366,2.133217912159388,2.08051924216666,2.035939861497796,1.9790477739486263,2.008225610806708,15.27099609375,3.629450198060345,14.550268024480738,,1.822265373792679,1.8638146352894545,1.9894301776504046
12.06,0.006380368142378456,1.6519030708709168,14.360623445193383,2.1245742040047397,2.0681144482052014,2.017619936317672,1.953547181910362,2.0034442178220138,14.809570312499998,0.8355195537070825,15.635428842238046,,1.7634523622098752,1.8196070466977103,1.9179134396430584
12.07,0.006470391576079034,1.6635159666952597,13.860043174812072,2.118312236742682,2.0645447924813918,2.0262754629895112,2.0145304475984,1.996489932151841,14.39208984375,4.315886183965635,16.304965791086182,,1.7952917052938122,2.170187710586829,2.9854922480513584
12.08,0.006571339818233205,1.6764424705945293,13.334449414268944,2.1114798420085017,2.059226095990349,2.027987066643317,2.038186772600484,1.9884477457637193,13.88671875,-3.4096888129472553,16.552334667669797,,1.8238533833878265,2.220108873486466,2.2249134991513215
12.09,0.006682830243768001,1.690604054791361,12.785776003338418,2.1024463882653968,2.0470197781266575,2.009101659422778,1.991636927252454,1.9790009342609636,13.3154296875,-1.3795350019776742,16.344254777380712,,1.8087555059053062,1.9588075121921271,-0.9336251152295167
12.1,0.006804440269473576,1.7059169903035016,12.216059066458323,2.0944017615520356,2.0389604546532647,2.003538979604214,1.9920801327852347,1.9681453589376539,12.7880859375,4.489723629103448,15.62490860842664,,1.8415638951229232,1.9905582762777336,1.8108276746757894
12.11,0.006935708955724265,1.7222933384662682,11.627429539094395,2.0862349010526984,2.0309645282065185,1.997894537683339,1.9895331346579197,1.9571187954599611,12.216796875,-2.094538643631256,14.321724601197609,,1.8826413416678436,1.9766541486263831,2.0840526283097183
12.120000000000001,0.007076138753582317,1.7396419096838118,11.02210521262794,2.079716712573287,2.0286929707727936,2.0080594666570555,2.031707362931869,1.9478937030272163,11.667480468750002,3.593032068464597,12.365720726144282,,1.969793977612099,2.1541693741304804,2.743468941439487
12.13,0.007225197390662375,1.7578691714212804,10.402382325454694,2.0724906931528224,2.0238340170241313,2.0082166644562762,2.0321684703688585,1.94202541054658,11.05224609375,-2.7382092758077814,9.636614810654224,,2.0316672845542896,2.0857614903923354,1.9698317335056508
12.14,0.007382319888608581,1.7768800919099106,9.770626732920928,2.0643681602435016,2.0160030406992417,1.9986230032130157,2.000986699858438,1.939721443734337,10.4150390625,2.0750187787900405,5.505202016929576,,2.0655347484372726,1.9040427732133736,1.1043405435503224
12.15,0.007546910704537303,1.7965789103516159,9.12926469355307,2.056990331072884,2.0107624289896178,1.9962861206430513,1.9959916481170206,1.9408202452493672,9.7998046875,3.3933058744897386,-5.562460291075639,,2.1089451734350932,1.9065068013205533,1.9125269296582423
12.16,0.007718345988328813,1.8168698283500184,8.480773313625729,2.0497411216830854,2.0057931959408184,1.9936872615586723,1.9900633190656167,1.9448696920705226,9.16259765625,-0.8004816084040796,-9.400036251758484,,2.141115782299501,1.900609165784194,2.0661119665921577
12.17,0.007895975947212495,1.837657620710847,7.827670696329023,2.041053935270896,1.9959828681520333,1.9765248588901385,1.9409517355606118,1.9504436012862068,8.4814453125,-1.7378283605582363,-11.835078215739557,,2.1262601645283223,1.6935959530478621,1.2673771644558516
12.18,0.008079127308682404,1.8588481665682022,7.172505845515284,2.0333395246455708,1.9895804067839475,1.9701094609824297,1.9345861370839037,1.956108681527365,7.84423828125,3.960245939035463,-13.579251321452393,,2.1212537136497587,1.7835411038595745,2.1812702429790622
12.19,0.00826710587240824,1.880348903987449,6.517848377115701,2.0246859396316212,1.980040408379188,1.9546105329478292,1.9023248733338136,1.9609540816294393,7.163085937499999,-2.651399821138642,-14.82032601723341,,2.0801546153136115,1.718136549997436,1.752430934866107
12.200000000000001,0.008459199141469706,1.9020692127984578,5.8662780937239125,2.0172357060252413,1.9745678637856439,1.9516836555881254,1.9155385533553295,1.9648607035458343,6.52587890625,3.786864209906238,-15.620663943207738,,2.054245070032075,1.9032350732579522,2.3630553153194085
12.21,0.008654679022939949,1.9239207314837798,5.220374479470802,2.010740831398357,1.971882031199317,1.9559621374822829,1.9471578072854103,1.9687008861977602,5.888671875,1.2505008778481437,-15.98937585675103,,2.0350419202019983,2.0928430768192596,2.443819275562315
12.22,0.008852804587583384,1.9458176145626895,4.5827061731115295,2.0048739658523185,1.9705718011737254,1.9623802052238402,1.976735698312477,1.9731612133584318,5.251464843750001,1.5746434849903719,-15.902051626919619,,2.0143073920094996,2.2016031205664968,2.1619005486356033
12.23,0.009052824878206396,1.9676767371564035,3.9558204771863137,1.997310332894349,1.9630106119372919,1.9492672970525082,1.9401321169171806,1.9778637123492866,4.5703125,-2.4391990027397945,-15.307545866017326,,1.9404364820566784,1.992286112659319,-0.4949265701801174
12.24,0.00925398175601779,1.9894178533759035,3.342232960202179,1.990884718848843,1.9589306334364764,1.9466710960160258,1.9410093137256885,1.9824493846103919,3.955078125,4.175174447286569,-14.130760535434073,,1.8889481162472224,2.000900131575022,1.774265767501385
12.25,0.00945551277420924,2.0109637149161537,2.7444172070421873,1.985902617528063,1.9588958215182772,1.9547377690416703,1.9718578507522433,1.9875525119603061,3.36181640625,1.7262379061836517,-12.28426095458718,,1.8676538199889194,2.1061503581686942,2.488388592319991
12.26,0.009656654067864479,2.0322401558363183,2.164794770296481,1.9805421619716637,1.95661925603371,1.954378530158683,1.9694545840488762,1.993614041543806,2.74658203125,-2.097741564867633,-9.6312777503168,,1.8315567423473729,2.0158685572294055,1.9674139183271648
12.27,0.009856643249243964,2.0531761490092153,1.6057253720045968,1.9751477799020793,1.9534301347593506,1.950524594655446,1.9556670653013482,2.0006853714598387,2.1533203125,2.642631246881845,-5.553378881873178,,1.7950499757859049,1.8994735675176522,1.6740126967540645
12.280000000000001,0.010054722297470146,2.073703839178793,1.0694974015013308,1.9718736066486995,1.9562511913268927,1.963002184168718,1.9918419538814869,2.009375329187053,1.6259765625,3.585926215179835,5.52871639052015,,1.8151521983774976,2.0447386260426916,2.489838117497793
12.290000000000001,0.010250140431661078,2.0937585570059647,0.5583187507866717,1.9694390819734644,1.9603179837958193,1.9762030706275806,2.020956512553075,2.0201439638284677,1.0986328125,-1.7427179439976246,9.413362084173928,,1.8520512614250577,2.1062554625264114,2.3173519816607366
12.3,0.010442156956622333,2.1132788179348645,0.07430802422490561,1.9656938513147084,1.9586936774340966,1.9708741130624061,1.9885394151239215,2.031876405860432,0.54931640625,-2.0443800967074206,11.88480162461766,,1.8524211895319553,1.8853169812819526,0.8347077766509412
12.31,0.010630044070311076,2.1322063091908197,-0.3805138454418902,1.9627214454073303,1.958593225248516,1.969693730535104,1.9747329690948345,2.0428218946587777,0.06591796875,3.7951121960697947,13.66547014884626,,1.8736322479291407,1.8389941491796973,1.6212412174737736
12.32,0.010813089622430903,2.1504858677389134,-0.8042315476626509,1.9601890979452028,1.9588212031753813,1.9689299029545402,1.9656082943926607,2.0517938478986153,-0.3955078125,0.7432766395854266,14.945877288999592,,1.9036028388201627,1.8358626349833018,2.0071280190259997
12.33,0.010990599813701697,2.1680654515941753,-1.1950428889285014,1.9587212121788504,1.9613264118291065,1.9740551457349313,1.9769095488096349,2.058325848062206,-0.81298828125,2.600283044665029,15.791090797145943,,1.953601710331123,1.9393462426087236,2.385454293299816
12.34,0.011161901825573813,2.1848961064836128,-1.5512658141974338,1.958743539910043,1.9672047369133683,1.9873432731001228,2.0107657359289592,2.062676141988329,-1.1865234375,2.458434981487573,16.21304785600232,,2.0259242050894146,2.112586795489542,2.5701107466501285
12.35,0.01132634637041845,2.200931929516365,-1.871344941439838,1.9585454455026787,1.9707439166371028,1.9919145381031975,2.012218731083879,2.0650999897887243,-1.56005859375,-1.8493495187508038,16.190312418694937,,2.0753159779030055,2.093299397059792,1.8267334923338077
12.36,0.01148331015252855,2.216130031219747,-2.153857599666455,1.9596067257553484,1.9768575954872813,2.0026312489540157,2.031952073068963,2.065932255900948,-1.86767578125,3.4556430082021836,15.675681142339277,,2.1343966786268673,2.165864535952537,2.0287602707849217
12.370000000000001,0.01163219823060264,2.2304504970425416,-2.3975193640840735,1.9601214451744238,1.979670126458405,2.00254297186843,2.016335846975418,2.0658537959792027,-2.17529296875,-2.1562092697307658,14.600468309913268,,2.1602515487657663,2.0551684049729486,1.4041469791489838
12.38,0.011772446272756202,2.2438563492090267,-2.601189084710441,1.963466046445948,1.990097067657572,2.0233188651200695,2.0661878994507035,2.0664276237932877,-2.373046875,4.479847464575649,12.885071508595024,,2.224341851206345,2.254785240633066,2.6601792301108493
12.39,0.011903522695514241,2.256313509624332,-2.7638734068246147,1.9674225653656445,2.0004251570541034,2.0408366609194153,2.0963038262267606,2.069547395285749,-2.57080078125,-2.624872091500385,10.426419787533229,,2.27051062526609,2.2862762593413715,2.3853812610989595
12.4,0.012024930678677197,2.267790764379301,-2.8847307830127313,1.9710983492088643,2.0079517867179177,2.048251413963025,2.091225749017982,2.0758613835737947,-2.74658203125,1.5338694017523202,6.846307758298166,,2.281954088179858,2.1574694215793135,1.642726626738227
12.41,0.012136210048423149,2.278259730277696,-2.963074977297151,1.9737346015895043,2.0107173886598986,2.041734620332975,2.0473112291052566,2.0851010453156333,-2.900390625,1.3570458430481944,-3.8709172977952067,,2.2478958087103074,1.8853744038055136,0.6873028451309077
12.42,0.012236939021508917,2.28769482370655,-2.9983781276935324,1.9795602765998586,2.0223846793712283,2.0608936298811105,2.090487228429752,2.097636258403598,-2.92236328125,4.788601645324882,-8.594080640267254,,2.2587868119592955,2.1067329561596764,2.7950110290692916
12.43,0.012326735803959227,2.296073232088413,-2.991481703863749,1.9851746278423825,2.031546796792658,2.0709825925319616,2.099833939341671,2.113740697598788,-2.96630859375,-3.5216088030196864,-11.298302347935179,,2.2391978974388382,2.0902512268356697,2.3526071691064847
12.44,0.012405260038183893,2.303374888089134,-2.945785059815264,1.9897221438888462,2.035962946881488,2.0677175780202197,2.0702474809081526,2.1321350901175613,-2.98828125,1.9130042694963376,-13.214343485559374,,2.1805963256083287,1.9186946015328463,1.4732776912499244
12.450000000000001,0.01247221409303846,2.3095824467041894,-2.861530066209642,1.9953492284556793,2.0435403884253747,2.0751405271752517,2.0812283590754737,2.151120390553709,-2.92236328125,3.9485736898587205,-14.596520328587866,,2.1410015109808636,2.018527186298601,2.2805763663597203
12.46,0.012527344191938204,2.3146812653077244,-2.73881589974787,1.999368614274456,2.045366747467009,2.0671249087243933,2.0465859366010846,2.168754313727588,-2.87841796875,-3.1690764556658393,-15.531173730535402,,2.060115888597002,1.8769541638406233,1.5055560339428227
12.47,0.012570441374750113,2.3186593867196845,-2.57789545277245,2.0043069026206064,2.049930243685876,2.0690988217131387,2.0520622079359336,2.1833988752100058,-2.74658203125,4.137798277993926,-16.039927316876565,,2.003149193448113,1.9932592223300578,2.303454076252743
12.48,0.012601342289816313,2.321507525325464,-2.3791751797331235,2.010429692341986,2.0574828603271653,2.0803203425720476,2.0866917727411236,2.1945301647746622,-2.57080078125,1.8352807388657482,-16.106920032179247,,1.9762533225138506,2.1947178177325064,2.682707138245598
12.49,0.0126199298131074,2.323219056268205,-2.1432143669442474,2.016258205786626,2.0622758650155886,2.0834584424955205,2.091237251286673,2.2018612709428265,-2.39501953125,-1.8760729844469837,-15.688860844651305,,1.9390951865641732,2.19850639900131,2.0358709694169588
12.5,0.01262613349215881,2.32379000772445,-1.870723820237286,2.0231678244314257,2.0690799102827846,2.0927135766613683,2.1138459262620257,2.205499789057011,-2.1533203125,3.5687652803676095,-14.719705789706653,,1.932312197234419,2.2804320508345164,2.188972288174804
12.51,0.0126199298131074,2.323219056268205,-1.562563965048001,2.0314931665492786,2.0784637378267505,2.108670124681365,2.1515183647247706,2.206420828358822,-1.86767578125,2.196309845355377,-13.118545701922269,,1.9607953622773733,2.385039991673386,2.4078069029009512
12.52,0.012601342289816313,2.321507525325464,-1.2197423542571206,2.040610914785956,2.0879313061595854,2.123368904734622,2.1772408623104127,2.205884480293207,-1.56005859375,1.1966778346924136,-10.787886417081017,,2.0032014502185826,2.3930829582901536,2.199800271401001
12.530000000000001,0.012570441374750115,2.3186593867196845,-0.8434105802763203,2.0509012656736614,2.0986755531440098,2.1401590674214104,2.20327113544487,2.2050772708232644,-1.20849609375,2.7594558113348735,-7.427047241270684,,2.0659122847065814,2.3897108417292743,2.2257753484626006
12.540000000000001,0.012527344191938206,2.3146812653077244,-0.43486058949458495,2.061727697217944,2.1087674968416312,2.153410115489231,2.21354985719019,2.204902126110197,-0.8349609375,1.450517530742428,2.600504929992479,,2.130325317546901,2.3099278044634732,2.04065483294784
12.55,0.012472214093038447,2.309582446704188,0.004479600686837152,2.0725213682334207,2.116991934845844,2.160306283379362,2.203744572766325,2.205841110698153,-0.439453125,1.8171900768897913,8.13354094695939,,2.184767627172311,2.159612494757759,1.8227033917056403
12.56,0.012405260038183914,2.303374888089136,0.4730507793786249,2.0848100425002274,2.128409505834675,2.1756052848788543,2.22179762010906,2.208478204884571,0.02197265625,3.5413433201839406,10.990785227347791,,2.261250131819591,2.1858442817129102,2.495601782155477
12.57,0.01232673580395925,2.2960732320884154,0.9691680082992005,2.0969011508635176,2.1382295708413412,2.185106972553695,2.2209880987079114,2.213251707245262,0.48339843750000006,-1.6473245159643506,12.99624243453196,,2.3209585026080277,2.1223129955891,2.2542591771306952
12.58,0.01223693902150892,2.2876948237065506,1.4910266668295402,2.1094155198756717,2.1488880553142202,2.1963368171114825,2.227758613695174,2.2200111212938607,0.98876953125,3.0983912809849805,14.449265908457713,,2.377948347004805,2.137690633693299,2.3414717292229223
12.59,0.01213621004842315,2.2782597302776963,2.0367090623427124,2.1209211553435843,2.156711124655679,2.199113398350694,2.210984800042525,2.227951749904828,1.494140625,-0.8486330372552626,15.449988356025711,,2.4054034150654457,2.0597618009857595,1.9012243753617695
12.6,0.012024930678677229,2.2677907643793036,2.6041915876704573,2.131338499742459,2.1621736964081406,2.195999777678929,2.183428679734391,2.2358174807322735,2.021484375,2.3717846954842945,16.026356703303435,,2.4063851433094494,1.9823834853629858,1.7601950105541184
12.61,0.011903522695514247,2.2563135096243325,3.191352402818702,2.14267479859625,2.171535279347174,2.205148112034053,2.2020458200828688,2.242908816986281,2.61474609375,3.7533248435856916,16.166782456129543,,2.4212874211747457,2.170954370334602,2.6515027995246134
12.620000000000001,0.011772446272756176,2.2438563492090244,3.7959796130989014,2.1527416308113962,2.1783192034882695,2.2071660492439586,2.1989008941073593,2.248796029125736,3.18603515625,-2.381091065241499,15.831897609955863,,2.406390667832583,2.1997222256631264,2.274117188930308
12.63,0.011632198230602646,2.230450497042542,4.415779910819711,2.1627755293270226,2.1864898107593778,2.2140168382727463,2.213861338154993,2.252961453197753,3.80126953125,3.513937415067221,14.959119894038068,,2.3895405623532353,2.309103486952145,2.4228396151225025
12.64,0.011483310152528592,2.216130031219751,5.048387642711479,2.1710595362928293,2.190862520448366,2.210787468164725,2.198124508178212,2.2549042745554115,4.39453125,-1.8443952704416753,13.470273372151015,,2.3375291784493473,2.2447598477325776,1.7877982098998284
12.65,0.011326346370418456,2.200931929516366,5.691374260468841,2.1800386884574654,2.1991044265317927,2.220106278006635,2.2253454076992245,2.254572770912123,5.0537109375,4.1382693583671735,11.279776669400087,,2.3059191785925677,2.3809574747859976,2.54548006804813
12.66,0.011161901825573858,2.184896106483617,6.342258107329922,2.18812160300344,2.2059459299544333,2.2256767619645657,2.237106521543514,2.2523405605993143,5.69091796875,-1.942423132867589,8.167961339544332,,2.260691342621491,2.385186110369237,2.304618207313731
12.67,0.010990599813701743,2.16806545159418,6.998514489596519,2.195064286623978,2.210630218948457,2.225897926354951,2.2315256361883007,2.248388905167915,6.328125,2.1697309767181774,2.220275134084421,,2.2004409160636085,2.3019448902368063,1.958325183529683
12.68,0.010813089622430912,2.1504858677389143,7.657585978561486,2.202531043353494,2.2184408219183704,2.236133772979975,2.2575706462353184,2.243302262370736,7.00927734375,3.684837163559993,-7.392109828573364,,2.1683333621029073,2.370415697501073,2.545080892246781
12.69,0.010630044070311127,2.1322063091908245,8.316892885557019,2.208493197876604,2.2225154910773073,2.23594056909583,2.2477455423831283,2.2377676185946527,7.646484374999999,-2.5525725697903385,-10.471208975789422,,2.1166615332154217,2.2453196450926147,1.9642970893822038
12.700000000000001,0.010442156956622341,2.1132788179348654,8.973843850862032,2.214855783438101,2.229149888955642,2.244171883641444,2.2653605428291286,2.2325209885639574,8.32763671875,4.006117193019159,-12.578550562816059,,2.0979462630973282,2.284139559216789,2.4682367004742414
12.71,0.010250140431661087,2.0937585570059656,9.625846486077577,2.2207046755676116,2.235011274506616,2.2503614504069405,2.2735806541631804,2.228381887345408,8.98681640625,-0.848494020376692,-14.094286468533777,,2.088422640379135,2.2663712974180283,2.338203233432247
12.72,0.010054722297470155,2.073703839178794,10.270318009340318,2.225406077727664,2.237994276737455,2.2488857048030013,2.257813090165405,2.2255586733822432,9.6240234375,1.452893163317262,-15.138847791799556,,2.073620618862052,2.1544227058426184,1.892529793767259
12.73,0.009856643249244018,2.053176149009221,10.904695813412461,2.230218905926305,2.2423591502759224,2.252593625205174,2.261449610533028,2.2240314151211633,10.283203125,3.4887649346963827,-15.747315740205886,,2.0882106818586443,2.1847656935815727,2.328668881924251
12.74,0.009656654067864536,2.0322401558363246,11.526447908250551,2.233765897366972,2.2433918938865296,2.247625716482983,2.2394458977946345,2.2235500222841407,10.8984375,-1.851753134908679,-15.910978385395893,,2.0937299523186743,2.094597454952097,1.9526760680114366
12.75,0.009455512774209248,2.0109637149161546,12.13308318207606,2.237513071333132,2.24612477650564,2.2491557259028485,2.242680170395634,2.2237452068450105,11.53564453125,3.670836187391938,-15.591018507407782,,2.1286337907206767,2.1713598511120797,2.4404973398044896
12.76,0.009253981756017843,1.9894178533759093,12.722161428181142,2.240261977106279,2.24641441077446,2.244692277711289,2.2285310316953106,2.2242015817008145,12.12890625,-1.4984508763045052,-14.722513258458847,,2.1568928496209145,2.1491104546628925,2.145180425743668
12.77,0.00905282487820645,1.9676767371564094,13.291303088612878,2.2427824476508667,2.2469630311723274,2.2425536381184012,2.225537877390625,2.224347862048085,12.72216796875,3.0894318893649255,-13.219951652716071,,2.196719995199012,2.1973701644092665,2.2882693324130274
12.780000000000001,0.00885280458758339,1.9458176145626902,13.838198670376633,2.244967290526511,2.2473411086554456,2.2411650151244205,2.2264636703289327,2.223674222602431,13.29345703125,2.004127391048767,-10.980922873436569,,2.2404623689654932,2.247996105846295,2.31110051924122
12.790000000000001,0.008654679022939956,1.9239207314837805,14.360617794754972,2.2459766408885873,2.244819224629803,2.2326939271227144,2.206664155246987,2.2214922674892326,13.82080078125,0.5529904806270655,-7.73006156144693,,2.264853636567142,2.1870453501857434,1.8923557341612254
12.8,0.008459199141469713,1.9020692127984586,14.8564178456113,2.246882351148036,2.2431287686452634,2.2285238980935804,2.2046400738535583,2.21740123968588,14.348144531250002,3.3248883850526507,1.6238266296824921,,2.294972707102842,2.222877541266971,2.2425639246595765
12.81,0.008267105872408292,1.880348903987455,15.323552187988355,2.2478173167852353,2.242558671955887,2.2288077054889044,2.2167466160302696,2.2116877996882716,14.853515625,2.161504104744761,7.9425235386987225,,2.328863296685259,2.295151756396944,2.4779540956739976
12.82,0.008079127308682411,1.858848166568203,15.760077933769528,2.2489651818107603,2.2435139739959458,2.233935139397264,2.240380583488762,2.204894336536939,15.3369140625,2.4020281633689713,10.919547371067518,,2.3657846567729908,2.3795500710545223,2.5632015834200463
12.83,0.007895975947212546,1.837657620710853,16.16416323649784,2.2488522613229915,2.2410739145228873,2.2292641485740465,2.228936968956751,2.1970756538687755,15.75439453125,-1.5969574655512762,13.010190472811686,,2.3695021152181526,2.2757616034586965,1.8330292218734145
12.84,0.00771834598832886,1.8168698283500242,16.534094102502536,2.248028566165238,2.2373195245422437,2.2218818317511055,2.210881534028733,2.187914742445607,16.14990234375,2.923617355498632,14.543020002090342,,2.355224413911463,2.171170403117586,1.7453603996838383
12.85,0.007546910704537309,1.7965789103516165,16.868280710139235,2.2478774276132816,2.236741062612851,2.2247243643598744,2.226495835603305,2.177595825627644,16.54541015625,3.3803051683720877,15.627801310660136,,2.353833197271707,2.2440627144208856,2.5091779227331332
12.86,0.007382319888608624,1.776880091909916,17.165263233093548,2.2470422339803315,2.234627124954149,2.223016236764018,2.2243785472197324,2.166387935326227,16.875,-1.8301148652013604,16.297751609644067,,2.331753447618965,2.203374080730437,2.2623473709546262
12.870000000000001,0.007225197390662381,1.7578691714212813,17.423717167238564,2.2453078145867145,2.2304067746523857,2.215676322985515,2.205022018961821,2.154117117766599,17.16064453125,2.1699975740824695,16.546563514820065,,2.2867846420768054,2.10178051726003,1.9166054500335286
12.88,0.0070761387535823225,1.7396419096838125,17.642458163402054,2.2434111241021384,2.226592402080807,2.2104879855014756,2.1955892286780943,2.1407402229957246,17.42431640625,2.9514781462157003,16.341296409402197,,2.239127117394662,2.087673992552777,2.1482358899835283
12.89,0.00693570895572427,1.7222933384662689,17.820446370542783,2.2411538911330218,2.2224593164663227,2.205064162833743,2.187059238332395,2.1266425220237655,17.64404296875,1.6552319774654194,15.626466900697167,,2.1858789263251635,2.0874352327836543,2.2073134187966934
12.9,0.006804440269473611,1.7059169903035059,17.95679029523458,2.2392701146275087,2.2203166403671464,2.2058793914982986,2.198672244805704,2.1125680124391075,17.841796875,2.933502843398826,14.330171466516232,,2.147290521144263,2.1873082621856432,2.4949777363456853
12.91,0.0066828302437680325,1.690604054791365,18.050750184013168,2.2358197527181454,2.213729855648184,2.1938618354571604,2.1687587925895335,2.099090367496999,17.951660156250004,-2.391795643676839,12.384351944822997,,2.0774903768322766,2.068752222392001,1.6703140581494247
12.92,0.006571339818233209,1.67644247059453,18.10174093520398,2.2326743552311905,2.209073648269012,2.188709828935814,2.165394299801624,2.086881605262426,18.0615234375,3.9057964678078574,9.672750922102884,,2.030320108501238,2.1244785739940313,2.191273327361484
12.93,0.00647039157607906,1.663515966695263,18.109625998726774,2.2296847131370026,2.2056207817903304,2.1873939508173055,2.1738490981598546,2.0770739226598387,18.12744140625,1.5675369861187378,5.592124527185507,,2.002979180467717,2.2083157785433833,2.4081588066064987
12.94,0.006380368142378479,1.6519030708709197,18.07773812240466,2.225875082162912,2.2000765469855215,2.180015240624796,2.1615634422149927,2.0703083695686537,18.12744140625,-0.8048220454734542,-5.445845999491348,,1.9713347901853393,2.1676368046814933,1.9976160289371052
12.950000000000001,0.006301610733799984,1.6416761076894861,18.007176704652206,2.222113802284447,2.1954787010836325,2.1752770603088973,2.1581887399361515,2.06668371886763,18.10546875,3.0913736329913357,-9.310171073475223,,1.9597387319438524,2.1780803442923053,2.137938777249661
12.96,0.006234417865291085,1.6329002120906655,17.897973999128972,2.217252781227047,2.1881528930654475,2.1623675972555465,2.12872718058237,2.065345950225227,18.017578125,-1.4646053502559069,-11.742567318791824,,1.9381056669644308,2.05746305005335,1.6861114886928683
12.97,0.006179044218614041,1.6256323874802023,17.750312742531435,2.2120611700635857,2.1802586424044916,2.1488054881537297,2.1044670131763445,2.0643818001274172,17.90771484375,2.954730477525872,-13.475661056059884,,1.930946861996376,2.0030821623184174,1.9431126385254964
12.98,0.006135699677023327,1.619920638822579,17.564526392544224,2.205444014894352,2.1681715409742193,2.1242393652849993,2.0538810453702125,2.06153958791879,17.73193359375,-1.3876138994702614,-14.699592248048388,,1.909206849058427,1.8376311376087613,1.593377760114367
12.99,0.0061045485297431526,1.6158032111479665,17.34109871722613,2.1982218335900683,2.1542613088864346,2.0981957171573127,2.015007431063114,2.055036624711528,17.5341796875,2.914872300369011,-15.476534589087743,,1.8987100184409242,1.782297673394914,1.9436745758451357
13.0,0.006085708849260408,1.6133079619838304,17.08066286140228,2.191943756370801,2.1436158888122554,2.087515399533704,2.033313252345687,2.0447345482697497,17.33642578125,3.3818620839537834,-15.814234749342216,,1.9384257286949602,2.0035504812088205,2.7234827485478545
13.01,0.0060792520437934535,1.612451892428282,16.783999883740954,2.1852487058661523,2.1317743689946833,2.0764446459600094,2.0442315839317895,2.0316961485452043,17.07275390625,-1.9706276467290844,-15.686229898561663,,1.9815738253666528,2.0977624768575778,2.3843077923420046
13.02,0.006085202586632857,1.6132408560365132,16.452036757944573,2.178722864669133,2.1210425770092116,2.0712964810765038,2.064987634124438,2.0175050727974675,16.787109375,2.8890364813728433,-15.03804569303255,,2.039101589516787,2.202282509925192,2.219972086502501
13.030000000000001,0.00610353792338006,1.6156694577190631,16.08584383159418,2.172820913627524,2.11325387266429,2.075062069501714,2.100374395223634,2.004059110860293,16.4794921875,2.547662853036005,-13.789260121785738,,2.113929265360155,2.325248700692766,2.2741634415720946
13.040000000000001,0.0061341885574355045,1.6197211469411124,15.686631736731025,2.166099645628513,2.103234653242831,2.071263532027887,2.1008810478737874,1.9924720184817548,16.10595703125,-1.8564058940255814,-11.844000132124437,,2.1636677621654106,2.2525468429185658,1.5770037959270435
13.05,0.0061770383134122945,1.6253685012678982,15.255747747296905,2.1581961468873616,2.0900801753423615,2.0583052291003,2.068841287156953,1.9825312364954328,15.6884765625,1.8229707372520256,-9.028435282957592,,2.1811378067217437,2.0512934581460365,0.9664544570436218
13.06,0.006231924777476792,1.6325736883657924,14.794671580131888,2.1496625599542867,2.0762812343878134,2.043600658446466,2.0328017251905948,1.9735468349589578,15.2490234375,2.5802435416541774,-4.401254407499199,,2.180729853070535,1.8764051114391442,1.5211793282858717
13.07,0.006298639912947366,1.6412890875472126,14.30501063836816,2.140915825049161,2.063526553324362,2.0313708864065716,2.007818917057018,1.965280690040682,14.78759765625,2.2230645390292714,6.479853346623305,,2.1710394264175186,1.7949068506482007,2.112540456421725
13.08,0.006376930848817771,1.651458046335915,13.788494698767554,2.1331535732571725,2.0558361717026044,2.031745059835831,2.0240908773244066,1.958305432373087,14.326171874999998,3.0512766299350393,9.990961121966567,,2.176790934900765,1.9353865618158657,2.7199676645845656
13.09,0.006466500838216432,1.6630157436604376,13.246970047810189,2.1245754556150627,2.046480662866778,2.0250559819177663,2.013061834439484,1.9531307435792515,13.798828125,-2.323703130195225,12.333720968774921,,2.1524132157302738,1.9017860180261585,2.097053495892458
13.1,0.006567010383169024,1.675890129300672,12.682393075114241,2.116341850792327,2.0394528483579375,2.0230935902997675,2.0168806391994325,1.9496392189037475,13.271484375,3.2791115935020643,14.041976742691705,,2.1270001685722004,1.9697242278176603,2.062352971434922
13.11,0.006678078521400786,1.690002909071589,12.096823336991624,2.1065953513104767,2.0283453260151845,2.007571357568098,1.9770088070607934,1.946973332991207,12.67822265625,-2.4069683122958327,15.272999968080347,,2.0576132822032274,1.8228495318987659,0.9802968892660939
13.120000000000001,0.006799284270301372,1.7052705467248563,11.492416107540562,2.0964752559799225,2.0172458573941596,1.9917762518130269,1.9438950881007446,1.9440166292265495,12.0849609375,3.122400326318867,16.08019117107248,,1.9769802616207517,1.7718063920865452,1.4364114218453556
13.13,0.00693016822257923,1.7216052563633886,10.871414439544985,2.086864077478538,2.00886282158343,1.9838669917955178,1.9417547825618582,1.940612315168408,11.49169921875,2.6389088812134216,16.47016586184332,,1.9099265374253307,1.8851680861209823,2.231332002715125
13.14,0.0070702342875574664,1.7389159629125435,10.236140762477788,2.0774788612655257,2.0018660304617626,1.9792589219624883,1.9495342775716338,1.9374397853636056,10.87646484375,1.1878278088206364,16.419125535185312,,1.8511497152403744,1.993133517985702,2.3566136845976615
13.15,0.007218951571510956,1.757109212479057,9.588988049964303,2.0689210406422913,1.9978849614955922,1.982362324099056,1.9774452167883336,1.9354199672866834,10.261230468750002,2.6599555462132862,15.879128571675542,,1.8190086353531225,2.140887974496934,2.441319533584018
13.16,0.00737575638991771,1.7760900188887407,8.93241059401994,2.0597101059334757,1.991779668712241,1.9772807634209781,1.9729523588200268,1.9347957891250076,9.60205078125,-1.8167908569141906,14.782232054629745,,1.775468500876741,2.09271113119714,1.6663691004334193
13.17,0.007540054403997841,1.795762637019515,8.268914428094986,2.0494538186409423,1.9824132918258073,1.9620308504655706,1.9369989003683437,1.9348062071225915,8.9208984375,1.6328108538076251,13.054364935756972,,1.715864378361588,1.913513592740601,0.7625739199270419
13.18,0.007711222873441341,1.8160312575052988,7.601047445305172,2.039633841125697,1.9747471390187548,1.952528231326567,1.9242955186569812,1.934890084414557,8.26171875,3.2182954510176707,10.603836422921676,,1.6870034757581165,1.8797459834418417,1.7699064831772626
13.19,0.007888613016786417,1.836800620825726,6.931389262070967,2.0304388057813614,1.9691314935965814,1.9490491814750752,1.9310392600689301,1.9353345909870274,7.6025390625,1.737853519350408,7.085803670290071,,1.6931560369535,1.923293412238089,2.283156820362275
13.200000000000001,0.008071552470502251,1.8579765516356543,6.2625408806159175,2.0219150890414674,1.9654197693674702,1.9502862655621453,1.9487277295645882,1.9367761706010267,6.943359375,1.9547071531773337,-3.447851294897903,,1.730888139152474,1.9889118150294245,2.382743830149081
13.21,0.008259347837454504,1.8794664164074077,5.597114206285238,2.013026136236543,1.9599971851469233,1.9453092194518535,1.9421149646528064,1.9394807016256068,6.26220703125,-0.8459543283891784,-8.423174556467162,,1.7666875539102243,1.9240060615239474,1.8066546202631175
13.22,0.008451287315095334,1.9011795090850228,4.937721477361923,2.0047306825031708,1.9560522469404091,1.9440317022276785,1.9459431803005158,1.943343691915251,5.60302734375,2.926382082603491,-11.177512695042786,,1.8237647708849718,1.9347057491173512,1.8787991458705444
13.23,0.008646643393414956,1.923027370540815,4.286964665924214,1.9967523518073393,1.9524686076285624,1.942799047077043,1.947216730379998,1.9480397333855881,4.94384765625,1.29965508572078,-13.12004213954201,,1.8871814115766177,1.9326342641078387,1.8550425241906587
13.24,0.008844675612429988,1.9449240482578787,3.6474249082770136,1.9877767040019312,1.944919466857825,1.9295436093832872,1.9107110170386907,1.9527465197416856,4.2626953125,-1.492099880934695,-14.521503229487665,,1.9209746191462225,1.7601841894764427,1.1385932947769917
13.25,0.00904463336875577,1.9667863029200907,3.021652022600368,1.9805165200960344,1.9425232736612532,1.9315529676788368,1.926537394397463,1.9571305534840244,3.6474609375000004,4.050501156856303,-15.473083172228238,,1.9892760883249365,1.9000497130182088,2.308199748100024
13.26,0.009245758760625302,1.9885337685573905,2.412154169717899,1.9732010467863987,1.9389771436518954,1.9290927228473569,1.924600767230706,1.961505023816657,3.01025390625,-2.465121190844247,-15.998626338020182,,2.039371953068814,1.90575769770344,2.0630282073753254
13.27,0.00944728946057172,2.0100890726441007,1.8213877103515934,1.9671934152299324,1.9387320561417432,1.9352302349958392,1.947496487848588,1.966345407149875,2.4169921875,3.297483188740207,-16.08348749976629,,2.099081085199943,2.026871097322669,2.3087817842722447
13.280000000000001,0.009648461604885144,2.0313779221483883,1.251747308976421,1.9615440116177347,1.938335041515771,1.9391307743364612,1.9575481428126238,1.9720932789501215,1.8237304687500002,-0.9150246623591812,-15.685404434638482,,2.1407291565517426,2.0503306030206114,1.9677338834732594
13.290000000000001,0.009848512688892393,2.0523291610375765,0.7055563305208425,1.9563438926285128,1.9380594131907916,1.9418947331971947,1.9608459186234914,1.9786682459097569,1.2524414062500002,2.1468957838391014,-14.739159731130254,,2.1650456281056876,2.038297911702337,1.758273228998187
13.3,0.010046684457085724,2.072874804200889,0.18505757179772997,1.9515680797430839,1.937791542774593,1.9434193056527855,1.958812714313546,1.9856054577979843,0.703125,1.9497320315829945,-13.164468834805824,,2.170683819611184,2.0024802962236956,1.730440316694285
13.31,0.010242225777145906,2.0929500521926214,-0.3075956351710737,1.94709845262491,1.9371505470013903,1.9428965472315332,1.9505924711613873,1.9922250115536868,0.17578125,1.7573110556978604,-10.866497856176524,,2.155408901738438,1.9431652854195207,1.7707110411943021
13.32,0.010434395486966048,2.112493290649717,-0.7703479157110203,1.9427449895098479,1.935588373915939,1.939185180551336,1.934546907534058,1.9979830373634042,-0.32958984375,1.725294735598774,-7.5639752947347505,,2.1167965635118104,1.8601049322443073,1.7788150457622873
13.33,0.010622465203885167,2.131446077715625,-1.2012499137133057,1.9402544807396442,1.9387242734631482,1.9484631856604855,1.9608177977216115,2.0031465482335853,-0.76904296875,3.3840150479862774,2.1065720511037695,,2.094243924347434,1.9939203430542347,2.488575846847053
13.34,0.010805722085484115,2.1497531223182307,-1.5984658992271987,1.937982287043017,1.9408737933801667,1.9531610087076137,1.968100312661801,2.0084583910621774,-1.20849609375,-2.040511824944043,7.972557843768351,,2.0513033107747987,1.9934156313475142,2.1101845408798137
13.35,0.010983471531478784,2.1673622557097563,-1.9602809048524412,1.9374730717379325,1.9470039430880974,1.9677235744171828,2.00287176827309,2.01467377503544,-1.58203125,3.461554223668369,10.857706925020965,,2.0261025527084193,2.120949000729056,2.354299391833299
13.36,0.011155039816469977,2.184224398283874,-2.285107377728452,1.9369205452093128,1.9510468477688356,1.97400956944702,2.0058830132858456,2.0220923340912624,-1.9555664062500002,-2.082917774006713,12.868565793843969,,1.9794869425569857,2.0717309822315753,1.703662428437994
13.370000000000001,0.01131977664357142,2.200293523339556,-2.571491337830991,1.9367588931842572,1.9546354105007004,1.977779599336406,2.0010224168652027,2.0302041547295273,-2.28515625,2.6365434428685783,14.316983641195034,,1.9278884640288683,2.011317608472486,1.5814741770453495
13.38,0.011477057609235864,2.2155266191606278,-2.8181180366504845,1.9362887201110817,1.9557059619103154,1.9738097655045512,1.9749660139607412,2.038280973752968,-2.5927734375,0.887456949845838,15.305725498872683,,1.86050705585351,1.872660223375047,1.398615061832736
13.39,0.011626286569938023,2.22988365052216,-3.0238171130673908,1.9378677016266064,1.9619383426447374,1.9845512378728323,1.9993139291664475,2.0462582270340546,-2.8125,3.786329058554181,15.863212357542311,,1.841247900227259,2.0126677475028796,2.5014090722999645
13.4,0.011766897901742714,2.2433275205153254,-3.1875672453107144,1.9403792705265692,1.9693528336789503,1.9970286729001177,2.0247500425649063,2.054549531752956,-3.01025390625,-1.3531493430293606,15.976984363712731,,1.8419683653661543,2.1020124770011632,2.5000259129437126
13.41,0.01189835864419482,2.2558240333981865,-3.308500299262896,1.9418595225559774,1.9718055795721676,1.9941463816443556,2.000562309218114,2.0629036608731566,-3.2080078125000004,-1.8349150886555052,15.605716467748834,,1.8172009180429167,1.949179500799697,1.4281115989925226
13.42,0.012020170520404218,2.2673418590262076,-3.385904974060259,1.9446354744193954,1.977139728801291,1.9997963948344872,2.008124361142914,2.071248072319906,-3.31787109375,3.9619024440810984,14.683709456275771,,1.8317392042648926,2.0021813224208334,2.0293499641972073
13.43,0.012131871825669289,2.2778524992900167,-3.419230115141823,1.9485949755812015,1.9847770773175992,2.0113097595345057,2.032883577897838,2.0803946521359955,-3.3837890625,1.5153165326395461,13.12760902452548,,1.8783999740876876,2.108980644507002,2.354214169094536
13.44,0.012233039177480764,2.287330256884966,-3.409529762939101,1.9526208119405368,1.9910933706086782,2.0179410174780226,2.039176274692287,2.0912460683957907,-3.427734375,0.18056050658930267,10.836686227644284,,1.9255388832099973,2.099753904695741,2.012007294679892
13.450000000000001,0.012323289120272366,2.295752206654187,-3.3600471711875035,1.958728706768,2.0025618702046546,2.0385475895538105,2.086576201991978,2.104694946562885,-3.3837890625,3.7988292741411764,7.518854666735606,,2.017412582675421,2.273296872726843,2.5900561309149124
13.46,0.012402279578835917,2.3030981696811876,-3.2709080943508697,1.962708387501121,2.0060648881454775,2.035414616528941,2.0560989696643905,2.120774591148597,-3.3837890625,-3.8644341240161477,-2.330462317347368,,2.0521362777191507,2.052687999344382,1.0140981637069688
13.47,0.012469711154892473,2.3093506902568333,-3.1421963648841285,1.9690102602734307,2.016644023397669,2.0530671943200196,2.0945512075584807,2.139043305092789,-3.251953125,5.149423540056314,-8.067072289229632,,2.1369337715113264,2.2120651151676687,2.502440076478102
13.48,0.012525328261904282,2.3144950158062048,-2.9741522790027393,1.973881857527572,2.0210293910867856,2.0520853047305327,2.0715739456337134,2.158682103281706,-3.1640625,-4.083090029498836,-10.959620716452594,,2.1724502167454363,2.035282904030452,1.5521423637184464
13.49,0.012568920093826833,2.3185190798317334,-2.767172617074732,1.9797827564406498,2.027754498653081,2.0584682681327093,2.076633033198184,2.178301447637846,-2.98828125,4.213159971614791,-12.988909923212761,,2.217255764604564,2.048518939190661,2.170894300064885
13.5,0.012600321424129078,2.3214134879078023,-2.5218100859362798,1.9869372282885909,2.037046930165444,2.0718128028308547,2.1027365456086335,2.1968203088037237,-2.7685546875,1.942619554259025,-14.462789817821749,,2.2681940561454774,2.1478993614272315,2.5409053059885
13.51,0.01261941323205305,2.3231715067473653,-2.2387721759676524,1.9937098588963178,2.04311859173203,2.0752163628578444,2.095474427011268,2.212686273255227,-2.548828125,-1.9701802504302837,-15.484109291450173,,2.2847777962814457,2.0692466825322504,1.9112220282897148
13.52,0.012626123153739375,2.323789056351621,-1.918919425881516,2.0014971263346686,2.0508441678945704,2.083461723128965,2.1054914779216736,2.2241592866243622,-2.26318359375,3.562366967664318,-16.08195104267997,,2.2992831965909812,2.1078996605952924,2.1527485927125314
13.530000000000001,0.012620425756508692,2.323264705247963,-1.5632630887612984,2.008678301529897,2.0549920754173563,2.0815245241859723,2.084913382773104,2.22992354617546,-1.9775390625,-2.003006758061396,-16.245647610954755,,2.2771140576209534,1.9992249558216806,1.6226203790302631
13.540000000000001,0.012602342635259382,2.32159966881835,-1.1729621938887191,2.017720214978143,2.063773860015127,2.0934676694677177,2.111612865099593,2.2300005911488503,-1.6040039062500002,4.089570697115748,-15.936819108032854,,2.2737259134592973,2.151856051660949,2.518660900935387
13.55,0.01257194233061621,2.318797810718619,-0.7493200003810916,2.028830753032558,2.0772559135325133,2.1174899741561286,2.169284798789187,2.226290199030692,-1.1865234375,2.097619262778373,-15.093643203070569,,2.2891792426764432,2.376798001510559,2.896954400023254
13.56,0.012529340069140174,2.314865647388308,-0.293779840668558,2.0411851269076204,2.0925180170324706,2.1437411543786995,2.2213685825353076,2.221365678583926,-0.7470703125,1.3401788565877597,-13.638395993786,,2.304438964727585,2.500813049598872,2.614208611481999
13.57,0.012474697326584147,2.309812355649017,0.19207964559276955,2.05407743581029,2.1075423808764695,2.166340086315459,2.2520453328096384,2.2173763036846434,-0.28564453125,1.9583056241695855,-11.488098489015936,,2.308009141659103,2.502444016372642,2.0607350546015235
13.58,0.012408221215849821,2.3036497833864216,0.7065498834470721,2.0669402845263356,2.1210692298974596,2.1824090372775706,2.25809835697377,2.215596183081233,0.19775390625,1.9309921655113975,-8.442763503901569,,2.294193816762019,2.401060997525298,1.6157234015282553
13.59,0.012330163701965784,2.2963924633055153,1.247798333004531,2.080345623544034,2.1352865888018844,2.1988784137980533,2.265402910345233,2.2165307607086686,0.72509765625,2.8911742822339725,-3.0005770767549387,,2.2806576784125765,2.329404050872272,2.016475178761179
13.6,0.012240820647062011,2.288057629739457,1.8138750466647402,2.092849453257187,2.1463081218416487,2.2052741555752493,2.244200962984224,2.219817946752313,1.2524414062500002,-1.067802869072477,7.164639245293209,,2.2434405783900484,2.1410047871272355,1.8430240230567405
13.61,0.012140530688960862,2.2786652384782453,2.402719796991102,2.10532326254681,2.1573038584802577,2.211749462996749,2.2308885960845024,2.224473551937894,1.8237304687500002,3.1775182725099667,10.361849261332639,,2.208161038955164,2.0495011741703677,2.26738513389643
13.620000000000001,0.012029673957635035,2.268237989562902,3.0121697540467607,2.116628011225449,2.1652183486866337,2.2101461158897093,2.2005426113750213,2.2293497293636015,2.39501953125,-0.5857971014271035,12.540735896805566,,2.156158928179848,1.9103619341841156,2.0948096231212623
13.63,0.011908670634397297,2.2568013529622886,3.639967685767585,2.1288209247929517,2.176569851023342,2.2195704045521825,2.2142705652528747,2.2336667894162705,3.0322265625,3.8749581901464873,14.119789676750868,,2.138829118907087,2.0629014955301197,2.745739129181623
13.64,0.01177797935928325,2.2443835970114083,4.283770649582641,2.1389237669692567,2.1823479495513203,2.2139734473688515,2.184822659856258,2.2368272809570886,3.6254882812500004,-3.074432800612994,15.229783253834647,,2.0915189761906268,1.9743295328222483,1.878639306566422
13.65,0.011638095492663706,2.2310158194398486,4.941159138132872,2.149342317931964,2.1903304443090046,2.2169006801203683,2.191782774219371,2.238707793818401,4.28466796875,4.230657878702858,15.911407766486574,,2.076923508934614,2.1257481683481916,2.3688220094485084
13.66,0.01148954923767574,2.2167319807546018,5.609646636728106,2.160244240433055,2.2008546434952194,2.228241576454208,2.226288125712922,2.240289661127211,4.9658203125,2.1642444366574756,16.16111969531404,,2.098119269627387,2.3520106637283664,2.6952472803042515
13.67,0.011332903630588543,2.2015689396601554,6.2866895452680245,2.170057344573071,2.208864885510448,2.2328993298502406,2.236094396934322,2.2425157631440107,5.625,-1.5636828080058927,15.94605698322083,,2.115263183952695,2.395959883600653,2.150088962563121
13.68,0.011168752406721832,2.185566490097663,6.969697412879367,2.1794332192498564,2.2165495844007705,2.237823214608459,2.246411686543988,2.2458596770417154,6.30615234375,3.1326529058469883,15.20844722642519,,2.14487966531037,2.427044447707774,2.081821870625244
13.69,0.010997717750005402,2.1687673993605787,7.656043429626333,2.1881208315528973,2.2230909787581234,2.2407051551880484,2.249753067247384,2.2504540127739254,6.9873046875,1.8069040391693794,13.870139543852098,,2.1785020790569263,2.4030393073584455,2.052766240907797
13.700000000000001,0.010820447934709251,2.1512174465929856,8.343075116457838,2.1960325297436727,2.228245284800823,2.2411245909707413,2.246032959726717,2.2559724773993968,7.66845703125,2.1199368919130004,11.848420022634853,,2.21194382539522,2.3354299924004294,2.083733792350954
13.71,0.01063761486828382,2.132965460795277,9.028125152169336,2.2032098885153557,2.232199549813139,2.2399067660077345,2.2390584912157316,2.2617689967551278,8.349609375,2.301853345648621,8.979958937145623,,2.244014764868541,2.253309716737662,2.1749296368781788
13.72,0.010449911544622532,2.1140633572453567,9.708522274661266,2.2097955645555247,2.2354507097793883,2.238619709943337,2.234143292927677,2.267118183345195,9.03076171875,2.3409422213145836,4.300162677971814,,2.275503206965814,2.189996095983882,2.293280862460752
13.73,0.01025804941740085,2.0945661709890295,10.381602193226751,2.2151620967028123,2.2360035934368034,2.231648796718586,2.2140273735277,2.2714052251041688,9.68994140625,1.222836295291535,-6.49746103630077,,2.289617487195383,2.068017377261112,2.045563947957156
13.74,0.010062755703446403,2.074532085756154,11.04471844902579,2.222293547697679,2.2436044402620205,2.2469278883750303,2.2651524145627193,2.2747598677120826,10.4150390625,4.5513550132631595,-9.94627398034291,,2.3525769735873863,2.319919121350491,3.0626148086614533
13.75,0.009864770626362335,2.0540224563174387,11.695253162298336,2.227793465208714,2.2465742162455573,2.2486000163797453,2.264889300149516,2.2770723769842323,11.05224609375,-3.7613998161520916,-12.236079814877678,,2.3765548778269854,2.2578099393264632,2.1227124605266225
13.76,0.009664844610850938,2.0331018219076964,12.33062760720084,2.2323630666758287,2.247588106812456,2.2458596165069498,2.2513089214696205,2.2771844604909477,11.689453125,3.3351368434621196,-13.888512709771081,,2.3812313269192105,2.1801451542399493,1.6908864051687074
13.77,0.009463735438371564,2.0118379079053916,12.948312558356937,2.2366815623817216,2.2489822107334057,2.2457381607710487,2.248346728439122,2.2740053682920323,12.32666015625,2.859792923298594,-15.056554648821534,,2.3820877085260173,2.191349084610821,2.0757870170885955
13.780000000000001,0.009262205374914567,1.990301612477757,13.545838357201923,2.2397206500809865,2.2473866811964913,2.2383427075510336,2.2245005112490968,2.266852187430772,12.919921875,-1.285721633269568,-15.789495566520934,,2.3552656280274826,2.1079620830386885,1.8911453586425317
13.790000000000001,0.009061018281777434,1.9685669743812542,14.120804650858316,2.2440994983691054,2.2514572014233365,2.2488208612086495,2.259437724502239,2.2561581776028827,13.55712890625,4.41495577751899,-16.088880023052685,,2.361639526947548,2.328212337735033,2.9157542341437295
13.8,0.008860936720294007,1.9467111175598044,14.670889761471065,2.2478436763093375,2.25421125839615,2.25496887845822,2.2739953115949496,2.2431492526350896,14.12841796875,-2.5899872720597714,-15.925184034908238,,2.3510922974590804,2.3754158103353182,2.5270287894004078
13.81,0.00866271906149101,1.9248141676246562,15.193859649506432,2.2510920271529917,2.2561804891410064,2.258708305021573,2.2780473298624053,2.2289575050947428,14.677734375000002,2.6949058810842765,-15.242743592375703,,2.329246207089264,2.3674527322804724,2.1508195725134986
13.82,0.008467116611627275,1.9029591347542396,15.687576440319088,2.2548877645785117,2.2607055636181945,2.2695478588176905,2.301894688679426,2.2149239537788765,15.227050781250002,3.313040109852226,-13.96256789996967,,2.321384202503134,2.444999727031348,2.433422789489793
13.83,0.008274870764510705,1.8812317570532509,16.15000648915398,2.256789348918702,2.259707972889158,2.263866344381588,2.2717242622671416,2.2020313135904135,15.6884765625,-2.9517431450973395,-11.997141488911367,,2.271117008817317,2.2520607205353005,1.395992458560605
13.84,0.008086710191386058,1.8597202980010232,16.579227965511652,2.259934866931609,2.263677576992031,2.2731172503604955,2.2923972848481906,2.191243594783501,16.19384765625,4.80784035281676,-9.187171164862983,,2.2580029121870067,2.34605723811293,2.581337583452414
13.85,0.007903348079045615,1.838515291354832,16.973437943312824,2.261908327910299,2.2643735916077246,2.2722094845515564,2.2791126477943258,2.1833416099560665,16.611328125,-3.073298261273987,-4.6721561148434745,,2.222367490426454,2.2417203316144247,2.13068180404251
13.86,0.0077254794266306825,1.8177092268192954,17.33095898840776,2.263321367299612,2.2640331503385394,2.2687315577961096,2.2616939031709626,2.1781183863555005,17.0068359375,3.0683956884957175,6.308003405192239,,2.1841394898392497,2.154512625747725,2.0825815668151
13.870000000000001,0.00755377841136951,1.7973961700243746,17.650245239561023,2.263902808266616,2.261866204586548,2.260829319426604,2.235812207810398,2.1747716106504806,17.3583984375,1.8866393350667015,9.890502881391683,,2.1398468657263257,2.057371265573419,2.0060792404035923
13.88,0.007388895833237321,1.7776713109538795,17.929887982996647,2.2626476838846354,2.254851876779685,2.240637084212919,2.1795098423213233,2.1721006088353754,17.64404296875,-1.040391922275943,12.26095329597262,,2.0687038495257224,1.8445134877692924,1.484321086478609
13.89,0.007231456648222717,1.7586304360170204,18.168620723827875,2.26303260984367,2.254471970939898,2.2421826826943363,2.203395539510068,2.16969824689265,17.9736328125,4.849354450803976,13.987248180234264,,2.0649276835763857,2.117573598934213,2.9245614205563695
13.9,0.00708205759955142,1.7403693205357529,18.36532376016108,2.262030200779056,2.250391575014367,2.2334194562540914,2.192314048289018,2.16745927645045,18.193359375000004,-3.645797664887922,15.233457717154248,,2.0449464426921398,2.123438306647668,2.2878857278343214
13.91,0.006941264955844543,1.722983040589567,18.519028267321417,2.260577251327127,2.2459220809723695,2.2250362189751427,2.185485024409213,2.1646312727027737,18.39111328125,3.391141661281729,16.055678526566535,,2.037489315065335,2.1652133477421867,2.110550090086859
13.92,0.006809612364785418,1.7065652059480263,18.628919900492324,2.258641867866448,2.240958824628276,2.2166631279988716,2.180341239840725,2.160290538831609,18.544921875,2.091464202447513,16.46208127384058,,2.041259881675191,2.203901264506266,2.05170691033071
13.93,0.006687598830429836,1.691207119213622,18.69434192411146,2.2553814042521596,2.23282673279996,2.2006797492705648,2.1528475946593173,2.153248013249591,18.6328125,-0.754683049389667,16.43006396001932,,2.033997017587686,2.1255609139737,1.6399090559815355
13.94,0.006575686821826101,1.676996870218893,18.714822764883458,2.2518353251686407,2.225131810433173,2.1883209203259515,2.1415967321391376,2.142635301594571,18.69873046875,3.2420807409825425,15.912849083037177,,2.0441274669676837,2.138721881937261,2.099328344459319
13.950000000000001,0.006474300520114335,1.6640183790250713,18.692747617705606,2.248035664375254,2.217895959203037,2.179130813110014,2.1413747258895524,2.1285014537725218,18.720703125,1.9047406118210737,14.843844151188396,,2.068165531845557,2.177811873850242,2.3496611461835486
13.96,0.0063838242107487515,1.652350405328903,18.630299789037903,2.243991429150083,2.21094753494366,2.172185261005264,2.1440963970812024,2.111390007404087,18.69873046875,2.021913699957132,13.149433534299183,,2.098874113089752,2.1998015241743145,2.3308615099953713
13.97,0.00630460082693682,1.6420655463988805,18.527465573076533,2.2404284296182304,2.2064087544304822,2.1722273182949916,2.166142262868518,2.0927013005930113,18.65478515625,2.962472937862424,10.742219207626176,,2.149107581171117,2.284933168614309,2.4964974637351984
13.98,0.006236930649816268,1.6332292494694864,18.384378422267318,2.237042223673631,2.203011984466556,2.1750039609532394,2.190982965116964,2.074493311926976,18.56689453125,1.6188444807399067,7.3102668582364405,,2.204246938082677,2.3308098184371144,2.358995111725556
13.99,0.006181070170296712,1.625898867427479,18.201327218772995,2.2327085337644967,2.1970043367554406,2.1697444988207772,2.182715352017639,2.0581600548004957,18.4130859375,-0.9641230991263983,-2.91289667968059,,2.234042791039417,2.2145806154310184,1.65690434028731
14.0,0.0061372311168797645,1.6201227882416314,17.97875610488136,2.228205054801825,2.191113035739072,2.1644356665983473,2.174261428936441,2.044291971158919,18.2373046875,3.0627094786456937,-8.210562713068724,,2.2578046951880824,2.1370310314849137,1.816364572365379
14.01,0.006105579653142435,1.6159396685896819,17.71726378810398,2.2224395492966256,2.1817787846612684,2.148178197461775,2.134883575792726,2.032768867424251,17.99560546875,-1.408540562707603,-11.012095991730433,,2.2489465792622356,1.9403015752186277,1.486699888581463
14.02,0.006086235747925804,1.6133778003078971,17.41760231370155,2.2162163460957975,2.171936977556842,2.131390537883939,2.102269469763662,2.023118702426885,17.73193359375,2.94564581336193,-12.973292561714,,2.2287504439432855,1.8399082605269788,1.9401393564949203
14.030000000000001,0.006079272720615992,1.6124546345709865,17.080675296735134,2.2101837427786233,2.163750369878637,2.121460045948468,2.094299382835454,2.015174856167384,17.4462890625,2.6501653811873984,-14.382186210664665,,2.2117807864714734,1.9008872624234214,2.451958816891206
14.040000000000001,0.006084716963240985,1.6131764832308386,16.707535605466678,2.203104311992761,2.153012477547908,2.1049126020733824,2.0670971885855876,2.0086714752760377,17.0947265625,-1.6812001439830808,-15.334584267838395,,2.1679302763145896,1.8558582348401735,2.047994461622594
14.05,0.006102547840436691,1.6155384098195442,16.29938248810492,2.1956567373959923,2.1421969718732057,2.090388597488752,2.0483407058023624,2.003200263676001,16.72119140625,2.9045977968460477,-15.855526150491562,,2.1167487950002317,1.8902727103831736,2.0329540478179897
14.06,0.006132697767661345,1.6195243148396212,15.85755813558975,2.1883681644474873,2.1330289885583165,2.0825352879685215,2.050224084402947,1.9986086766421662,16.32568359375,2.5068143254170745,-15.930362638364972,,2.0725442878729825,2.0209278905232884,2.2571125941794308
14.07,0.0061750524673618535,1.625107211721336,15.38354367438672,2.179862978955409,2.120820691175664,2.066827358718219,2.025288820824038,1.9945079885846457,15.864257812500002,-1.8766546102409125,-15.515929376380534,,2.002443124236778,1.9852610480813293,1.6598847197717626
14.08,0.006229451402121078,1.6322496818665166,14.878954585163271,2.1707099237206458,2.1077363216609135,2.0504166230857734,2.000609440362887,1.9903830497394293,15.380859375000002,2.7711878378708104,-14.544904378602823,,1.9263990215056936,1.965960695461687,1.6664746174138911
14.09,0.006295688383144271,1.6409044901288627,14.345535545755451,2.1622238617447045,2.098146148081026,2.0453767163353525,2.0143873931473757,1.9864191839542984,14.897460937499998,3.149601379410056,-12.932951396851541,,1.8828175829175091,2.1098833884271477,2.379602566514307
14.1,0.006373512351778486,1.6510153364039355,13.785154700003085,2.1536469012364754,2.089154525736708,2.0418428955409933,2.027419367769104,1.9830144440555848,14.3701171875,-0.9551278177599112,-10.573774120724291,,1.8512370879673234,2.175502438186575,2.30141396082148
14.11,0.006462628331102495,1.6625177150578652,13.199797357801437,2.143366802410331,2.075387022498996,2.024436757407454,1.9921729500980847,1.979783804376166,13.77685546875,-1.8294889592361077,-7.129854610664619,,1.7906274663295139,1.9959454595039325,1.215271738428333
14.120000000000001,0.006562698543980667,1.6753398518637632,12.591559136034174,2.1344861419930052,2.067424541396014,2.0244523570751163,2.01559241311324,1.9763480015024115,13.2275390625,4.473029950678952,3.2898008306353357,,1.7929654457399893,2.117063833664236,2.365701122340821
14.13,0.006673343693342621,1.6894036879017007,11.962638554837897,2.124072204669056,2.055023736378948,2.01068559355962,1.989305508257838,1.972172332681117,12.590332031250002,-3.569656178611037,8.359712909581498,,1.7712056050470395,1.952925518544094,1.5425779095081917
14.14,0.006794144399836772,1.7046258813137392,11.315329108803166,2.113234297765656,2.042217179093449,1.9962043353775627,1.964072390993228,1.9663018876265963,11.953125,3.2677196723491906,11.139765578557835,,1.7617291756142226,1.8377079877219047,1.631993147301711
14.15,0.0069246427914076815,1.720918800573045,10.65201083812261,2.102826719846372,2.0317755929659413,1.9889803574706466,1.9641267933811164,1.9586096296541984,11.31591796875,2.688034024294316,13.100996794584676,,1.7862454745891945,1.8718954535814514,2.1941785359519317
14.16,0.0070643442387727465,1.7381914866446961,9.975141430219407,2.0934723481772637,2.025396576145081,1.9927976026793903,1.9947601067151555,1.9498030894840823,10.6787109375,2.3495296224533697,14.518498976294941,,1.8523972774020665,2.028767350376941,2.5781187167942146
14.17,0.007212719230220407,1.7563505656886085,9.287246887884478,2.0827976979580765,2.014835005945261,1.9825465985395896,1.974094237128798,1.9403048591908383,9.9755859375,-2.7257299392662073,15.484915062162042,,1.888244958099883,1.9067543825566982,1.5340291927895975
14.18,0.007369205378623289,1.775301098414288,8.590911805267039,2.072450847525032,2.0058248567468713,1.9764220316156014,1.9674672292142197,1.9303694773056828,9.29443359375,3.6051005675739414,16.0249381764171,,1.9376648172215332,1.9072783335043064,1.7404032402230163
14.19,0.007533209553059317,1.7949473565332705,7.888769298048845,2.062778923144574,1.999245547105881,1.9762953409748558,1.9777440790287077,1.920896615455455,8.61328125,1.9986475252458027,16.124553873718916,,2.000769209150958,1.9872508721073474,2.124736215437924
14.200000000000001,0.007704110126961686,1.8151935207326892,7.183490638640625,2.0530166295979773,1.992263033439553,1.973243431993651,1.9748677719664562,1.9128458571476241,7.91015625,-0.6027144973489039,15.741891983410074,,2.051349766504967,1.9821713137274355,1.9323555628933315
14.21,0.007881259334275598,1.8359442980558376,6.477774651133078,2.043360995730661,1.9854779717875408,1.9693554175866708,1.9680715807417457,1.9068947720326312,7.207031249999999,2.329247161158361,14.811962962982705,,2.091128607241258,1.9651445354600248,1.8641676976830437
14.22,0.008063985724692344,1.8571054594400855,5.774336923893975,2.0338690476122188,1.9789767291819673,1.9650081944687547,1.9596740689050018,1.9035292338418486,6.50390625,1.916893104305784,13.254186316937918,,2.118250392239478,1.945256086238571,1.8743203655040341
14.23,0.00825159670865341,1.8785843004063927,5.075898900027142,2.0235205444383704,1.9693688782417127,1.95080725821633,1.9222584583060067,1.9029877783733338,5.77880859375,-1.1437971594336234,10.97418182412092,,2.1086238146501963,1.7930272952686304,1.3644924137775876
14.24,0.008443381182479502,1.9002900295442668,4.385176907323609,2.0152068021166736,1.9662644543584498,1.9551810071982043,1.947887492241427,1.9060094886170844,5.11962890625,4.146065851424471,7.7007931801036955,,2.12697192734689,1.9802550515512132,2.5122854425851338
14.25,0.008638612223673384,1.9221340905474935,3.7048711897929274,2.0063942468346183,1.9607151703355195,1.950486155351677,1.9400551294142794,1.9132517141293637,4.41650390625,-3.0960040804995326,-1.6824964286527615,,2.1105341967235436,1.939839784577351,1.9439573952954037
14.26,0.008836549846180935,1.944030424206226,3.037655002347362,1.9987286363187262,1.958219294932029,1.95342062563006,1.955722428268997,1.9243426723589283,3.75732421875,3.572381658673457,-7.9147702991632105,,2.098228073050162,2.020933021381364,2.159636592452568
14.27,0.00903644380516753,1.9658956770328946,2.38616382873766,1.9895763310588173,1.9499453391915393,1.9383217238734731,1.9132220318173963,1.9375652696003587,3.05419921875,-2.972617724519467,-10.857376304919825,,2.0310203899784973,1.8086057487248568,0.7928121802085492
14.280000000000001,0.00923753644067796,1.9876493631756738,1.7529847804523908,1.9805484965590963,1.9416717048573813,1.9239663282596082,1.881317817969876,1.95035667393439,2.39501953125,3.426984258165303,-12.913125552780876,,1.9522820845608992,1.7146283125519313,1.3987823189210047
14.290000000000001,0.009439065549402008,2.0092139860308262,1.1406462310680718,1.9709316703139519,1.9311080281441573,1.9039900810971733,1.8390553305065593,1.9607554515368937,1.73583984375,-0.965619986481504,-14.407166134858508,,1.848413581430639,1.590185281236109,1.53509990221006
14.3,0.009640267273660925,2.030515125570612,0.5516077365762087,1.9639754992486294,1.928912713934564,1.9094122809840244,1.8836001863067158,1.9684408762939702,1.16455078125,4.202475620967766,-15.447033337111861,,1.8055786375169105,1.9224571321337065,2.8481546315557074
14.31,0.009840378996664477,2.051481496912784,-0.011749712359891088,1.9573240452145766,1.9265968037552568,1.9127629498168797,1.9109690324565183,1.9741055180488747,0.5712890625,-2.8764708321936823,-16.063997717420516,,1.7630210497261511,2.041060170258592,2.41837483747063
14.32,0.01003864223306445,2.0720449851158875,-0.5471330653084858,1.9508850656619134,1.923858874786343,1.9134700105079505,1.9225804916110298,1.9781396387440178,-0.0,2.2555941244307185,-16.248883613801386,,1.7237052746880628,2.061528931424128,1.7733176276029325
14.33,0.010234305503848677,2.0921406606261455,-1.0523461785800428,1.9454791802972284,1.9233442952699387,1.91930962214409,1.944470107057631,1.9810252375067117,-0.52734375,2.7734698360680197,-15.964832787885493,,1.713532452448113,2.1186361431894825,1.807391555678468
14.34,0.010426627184679288,2.111706779251957,-1.52529834330111,1.9406919109482326,1.9234748454373316,1.925128022722475,1.9590513124001119,1.9833369607845877,-1.03271484375,1.0354338051970304,-15.151390474506067,,1.721480760465531,2.115994631706186,1.7687216516826139
14.35,0.010614878316878277,2.1306847700183975,-1.9640123505041078,1.936084064337911,1.922785324865029,1.9268631624988366,1.956236779494632,1.985503633280164,-1.51611328125,1.5152397644565543,-13.731572902670028,,1.7363061874312753,2.0288930693613247,1.6313026722545692
14.36,0.010798345370406326,2.1490192137684487,-2.3666320740108504,1.9332040826603063,1.9262652717026574,1.9389884400235744,1.9825114387320828,1.9882125656972658,-1.9335937500000002,3.300577792679093,-11.624998947043178,,1.7964040675941833,2.0845877465433036,2.310721157604529
14.370000000000001,0.010976332948362722,2.1666578149360065,-2.7314295568914586,1.9302402082361818,1.927738144923256,1.9429321022500132,1.9778778660675136,1.9920971525223923,-2.35107421875,-2.2112960391567857,-8.650191746294771,,1.84762309349644,1.9759341074046006,1.873748794046855
14.38,0.011148166422754457,2.1835513685208623,-3.0568115918280636,1.9276205714614303,1.9288019931968974,1.944357559089184,1.9660409593867927,1.9975740326701774,-2.724609375,2.631372448769025,-3.574303611923528,,1.9005324757958384,1.8708513982496813,1.756535238125523
14.39,0.011313194491545374,2.1996537239484883,-3.34132578968846,1.9276308305804581,1.936698626389308,1.9637043054716623,2.009174395775536,2.0056767151167922,-3.01025390625,3.698238038359419,6.884570615761545,,2.00213939395134,2.0570032551103443,2.632384521768478
14.4,0.011470791647292101,2.21492174719497,-3.5836661339255014,1.9270636814800748,1.9406389733820164,1.96875836407817,2.001601432624129,2.0170311360637347,-3.31787109375,-3.3411320247934295,10.162098496164436,,2.067035112947237,1.9578375891847741,1.750791517422339
14.41,0.011620360548011077,2.2293152822979656,-3.782678020995403,1.9272235332105887,1.9451873947535165,1.974211923865824,1.997495121691645,2.0313124356156758,-3.5595703125000004,3.464963668963001,12.367991621417152,,2.1266288350072213,1.9304965548916566,1.7446793797285933
14.42,0.01176133428128937,2.2427971131535895,-3.937362788791409,1.9291297296111962,1.9534975642664654,1.988810128392217,2.022457933860043,2.0479970393181657,-3.7353515625,2.8028932080196296,13.957024531600052,,2.1974434177855082,2.0566500121396465,2.3165967291735727
14.43,0.011893178513058043,2.2553329263135034,-4.046881736105278,1.9305657730289418,1.9583135665215383,1.9914927785617207,2.008734049579774,2.065570523800518,-3.9111328125000004,-2.507119229892612,15.067478198871369,,2.228542819808884,1.9741960565102545,1.678596203227455
14.44,0.012015393512883813,2.2668912753418375,-4.110559636374038,1.931675687515422,1.9605509456993548,1.9865862374243752,1.9773345733342533,2.081468274839147,-4.04296875,2.5301667000474617,15.742099413947331,,2.226989476523575,1.8497665764499203,1.3842029154810336
14.450000000000001,0.012127516048101902,2.277443547164037,-4.127951744180493,1.9325607454288296,1.9609035062271338,1.977236299256439,1.9417687839302753,2.0934628080722772,-4.130859375,2.021207968103173,15.977466157134058,,2.197714326115636,1.7498038790935326,1.5810289142950644
14.46,0.012229121139611126,2.286963930735996,-4.101773349425858,1.935278326762968,1.9660660940940027,1.9828192893340786,1.962065525527547,2.1010829075064588,-4.130859375,3.5193078030169898,15.73967649347698,,2.1849307793475696,1.9496533824344673,2.5979297341585887
14.47,0.012319823672676247,2.2954293882782406,-4.033838862636953,1.9395310504606287,1.9747940341623147,1.9978465052334595,2.00885090104756,2.105646137644516,-4.0869140625,1.542024331387335,14.968423832482939,,2.1823569215658924,2.1791117839532754,2.8042928860337475
14.48,0.012399279856632021,2.3028196292535736,-3.924135927420888,1.9452064708812973,1.986513451344066,2.019539330273262,2.066729797294035,2.109309662597153,-3.9990234375,2.1995890480864384,13.581140217596914,,2.1868651453036416,2.3634628749892665,2.612534982274168
14.49,0.012467188527956134,2.309117087214794,-3.772812564717751,1.9512511223249025,1.9976998194727988,2.03794645549022,2.101723305298347,2.1140078288703457,-3.8891601562500004,0.814719852352444,11.484760552546959,,2.1763698378295397,2.3874880098070896,1.9095836322207649
14.5,0.012523292291772105,2.314306899609488,-3.580179566314433,1.9568096150755492,2.005837102296048,2.046533174377772,2.0990463530784815,2.1207427147726814,-3.75732421875,1.225655095005323,8.473497860558004,,2.1369718718133073,2.247173559374835,0.9677018974855702
14.51,0.0125673784974556,2.318376890599246,-3.346710337277768,1.9641424889864125,2.018244943124759,2.0666349822104135,2.1297107046804964,2.1302001741040444,-3.53759765625,3.8615167199288947,3.0735711687511698,,2.1224651964903587,2.279412725943759,2.1762769146401317
14.52,0.012599280044646036,2.3213175569292224,-3.073040148282651,1.9711866063544712,2.0281756599405476,2.077845894445028,2.128357971204054,2.142485771518616,-3.31787109375,-2.4357285693399864,-7.168891677210923,,2.0884350972387153,2.148791240096079,1.964607688948358
14.530000000000001,0.012618876016608655,2.323122056869102,-2.759964789163429,1.9772674571634437,2.033876226491061,2.0762631413522565,2.092283270614806,2.156665520338946,-3.076171875,1.697354326921938,-10.402766937430776,,2.02648957416145,1.8929186739457509,1.5066859369392214
14.540000000000001,0.012626092138546383,2.3237862022368048,-2.408438615062436,1.9857568321645191,2.0462371254750638,2.094142479748576,2.1226494597510612,2.172128125148677,-2.724609375,4.477365241051525,-12.614589595723544,,2.020188313255413,2.046463076386616,2.7850903809593546
14.55,0.012620901059124282,2.323308453510331,-2.0195719770115454,1.99361706440582,2.055261118255837,2.1009453250995906,2.118064395395013,2.188267163652621,-2.39501953125,-3.3371883106593634,-14.228032840494981,,1.9976707458285548,1.9898395692714688,2.2200393067587783
14.56,0.012603322454139573,2.321689918029965,-1.5946280297473072,2.002273780759433,2.0657567791440896,2.1116130746546995,2.1291601516989496,2.2038485850828344,-1.99951171875,3.653639019609624,-15.375912166434702,,1.998261294647434,2.0589827737916715,2.276866198227918
14.57,0.012573422951944281,2.318934351291439,-1.1350189110973832,2.010059595909529,2.0725190587352182,2.1114730390085565,2.1096724091693964,2.2173585440624604,-1.6040039062500002,-1.8158704508558097,-16.10079432357326,,1.9840848316127748,1.9857946722735487,1.6133144066009666
14.58,0.012531315880903154,2.3150481613296288,-0.6423012894355958,2.018548013474865,2.0808693483540264,2.116727613232872,2.1138137735886704,2.2275615981659693,-1.142578125,3.510451415482206,-16.401847126793598,,1.9971723752477575,2.0734878967629333,2.1299923388219075
14.59,0.012477160839844091,2.310040416190926,-0.11817127851223932,2.027174482839078,2.0889896335234877,2.121798929309166,2.1199379361786526,2.2341983693833987,-0.6591796875,1.1885195797303367,-16.249463324680548,,2.0222214927454005,2.147156145598408,2.2416754016187124
14.6,0.012411163093129248,2.3039228544895467,0.435541277572392,2.0374325348569604,2.1015630316752243,2.139534793165139,2.1653283129669934,2.2381009555721403,-0.10986328125,3.470574236780895,-15.589933551868228,,2.0911965568937627,2.364827057599688,2.770309417973393
14.61,0.012333572792639526,2.2967098990376322,1.0168791423940493,2.048697617782729,2.11624716217757,2.1618123383267362,2.2158183178360606,2.2406566322655643,0.46142578125,1.3978811589860762,-14.349362440634353,,2.1792774300197246,2.516963636655621,2.6876590714592656
14.620000000000001,0.012244684029621533,2.2884186735300105,1.6237646367067045,2.0595888259058075,2.1286505001846288,2.1760824799299163,2.2328121482415537,2.2425101010644384,1.03271484375,-0.5802269495305509,-12.452081805227614,,2.2504957560768357,2.4780442901073405,1.9397643059599154
14.63,0.012144833719990932,2.279069022250529,2.2540071827314154,2.0690775069147898,2.135959017715512,2.175797619002421,2.204411217676128,2.2433532157001714,1.6040039062500002,1.2095937336882663,-9.777520457152878,,2.2847962616675286,2.249590901656557,0.776332928466916
14.64,0.012034400327316619,2.2686835327465635,2.905311420978724,2.080136676251681,2.147881329476056,2.1894887012818933,2.2246659453242317,2.243326327067185,2.26318359375,4.3692428048446965,-5.745045498196267,,2.3468013851397616,2.2891481531600935,2.418581481899878
14.65,0.011913802428326828,2.2572875613902674,3.5752858715140596,2.091555496621777,2.1602946908222127,2.2040478077552295,2.2449348710813415,2.243265486797615,2.92236328125,-1.5761134568746928,5.357638352681177,,2.4027248347491383,2.293823576033265,2.6255171307524665
14.66,0.011783497126373891,2.2449092617071416,4.261452105607234,2.102438877507253,2.170482711655251,2.2119257231481413,2.243195089219001,2.2436561246423117,3.5815429687499996,1.4803292020040235,9.321262026339799,,2.4327795504785468,2.1977157557752136,2.2365432556594
14.67,0.011643978318870929,2.231579615302865,4.961254387764042,2.1130761570949885,2.1796379275149453,2.217334227991113,2.2367398329701986,2.2447742855024786,4.2626953125,2.754308045715693,11.815680587859397,,2.4445869674419494,2.1221090039952495,2.09376950893174
14.68,0.011495774825267901,2.2173324651556046,5.672069742385236,2.1247068563247127,2.1917240830131095,2.231549200924788,2.260103729666014,2.2472039470561875,4.98779296875,3.262496056065491,13.609019325616309,,2.4632544703492085,2.2257647557755464,2.5840436361430172
14.69,0.011339448382662397,2.20220455096041,6.391218393902995,2.1357132089308255,2.2015456952584054,2.2391017902931964,2.261417238386985,2.2512610262919974,5.69091796875,-1.7512385616018462,14.89910286274837,,2.4542371573312387,2.20874635079449,2.186417761067656
14.700000000000001,0.011175591516641954,2.1862355461119605,7.1159745243712385,2.1466882581793065,2.211214877212329,2.2467325435737306,2.2652036356070875,2.2564855190326134,6.416015625000001,3.0842318846519796,15.75351114342083,,2.4331483397063693,2.23313590238911,2.194867785861716
14.71,0.011004825295429056,2.1694680957887367,7.843577288286992,2.1564317877636547,2.217133561692466,2.244563723653317,2.24179314165498,2.2617012175806845,7.119140625000001,-0.93580980905403,16.185425593195728,,2.3779365650726003,2.1404741324633214,1.7424969057142086
14.72,0.01082779697584008,2.1519478554515157,8.571242021032619,2.1658691252235003,2.222593907840378,2.2430593553445455,2.2281506965678286,2.2654721821012966,7.84423828125,3.1692199010189817,16.174441304176145,,2.31412150716084,2.1384304500609934,2.1119692762826427
14.73,0.010645177549982019,2.1337235288889427,9.296171574868014,2.1749755946336875,2.2276292085651472,2.2422855958630565,2.2226294519768874,2.266783228261433,8.5693359375,2.0900597468962303,15.67420686921964,,2.2456037057344855,2.1773786446551746,2.3694911813190096
14.74,0.01045765920198448,2.1148469047278953,10.015567714955736,2.1838396218850895,2.232609594764082,2.243192949619634,2.226125587784186,2.2651421754213033,9.29443359375,2.3379379085586343,14.616988128507812,,2.179666878017058,2.2432733032666254,2.4806830473499124
14.75,0.0102659526844078,2.095372890073488,10.726642507527792,2.191763636348991,2.2354335729076444,2.2396922392800067,2.2179404480556073,2.2606042545527356,9.99755859375,1.3546956901098794,12.92352006141855,,2.1055684151670886,2.2322119419713204,2.1701944014870835
14.76,0.010070784624271033,2.0753595396483533,11.426629633023778,2.2009157523915945,2.243066291680655,2.2517297064813153,2.259646776101934,2.2542052353642257,10.74462890625,4.054505522255501,10.493812629942756,,2.082755495583246,2.43596450087579,2.816875460720172
14.77,0.009872894768910475,2.054868078460802,12.112795558835211,2.2079234287240914,2.2445854234441613,2.246651204215301,2.242257802548541,2.2473507212688317,11.40380859375,-3.5898702950675716,6.9723189193645005,,2.028593089691547,2.3050915331227646,1.6691154440529918
14.780000000000001,0.009673033182108484,2.0339629156446084,12.782450509134355,2.2171038321811327,2.2540323192253005,2.265799570594472,2.3006518146112094,2.241910333427546,12.15087890625,5.404393367711229,-3.5964710433588443,,2.0598722211450617,2.5363564433315084,2.9032273878053605
14.790000000000001,0.009471957401119765,2.0127116466789396,13.432959173068195,2.225129609025728,2.26024130206057,2.2745699245256694,2.3154546434505807,2.2395527323090936,12.81005859375,-3.7033377460678696,-8.454316877664269,,2.0837824812766397,2.488259754180225,2.2142141262808557
14.8,0.009270429565370683,1.991185040718047,14.061751097250438,2.2311244513974873,2.260822224405219,2.267629015230362,2.2802773649999426,2.240156820204318,13.42529296875,1.6350263100083946,-11.174555664608675,,2.08293202974233,2.234341667232271,1.0293260401632836
14.81,0.009069213527714923,1.969457009242396,14.666330713850632,2.2370674159024877,2.262522730925642,2.2658408060440896,2.267674465735661,2.24302678958827,14.0625,4.014341818878127,-13.08983792304588,,2.111017833775958,2.157553390314059,2.0518895452016164
14.82,0.008869071959194924,1.9476045516963916,15.244286961502851,2.242955740404651,2.265218148757163,2.268127677787903,2.270479446441932,2.2475347144589466,14.677734375000002,1.7069793476482558,-14.462848159574758,,2.161909676980052,2.1687807297413815,2.5739868400929393
14.83,0.00867076345828278,1.9257076732192673,15.793302462564606,2.247169566644487,2.2637280897461762,2.2593827331296716,2.2405038793522656,2.252405536681293,15.227050781250002,-1.8044201260974255,-15.381557146077899,,2.191419480056112,2.0228909416849525,2.047830579094966
14.84,0.008475039675557025,1.9038492690290423,16.31116222676816,2.251041564680341,2.2626477716109217,2.2539110436384786,2.2277206392250486,2.2560688280913466,15.776367187499998,3.626196801044886,-15.867433698483493,,2.232367088735754,2.0310360468043744,2.302980583071349
14.85,0.008282642464714517,1.8821149695178254,16.79576185783672,2.254050332216442,2.2602823645654007,2.2464726038185563,2.212955711466709,2.2572946699377843,16.28173828125,1.0344196930240537,-15.903480740804332,,2.267371655109388,2.043153875439217,2.2189174633399724
14.86,0.008094301070715503,1.8605929397028138,17.245115246006357,2.256702423978948,2.2583381376850835,2.2420721216596773,2.2116351086199946,2.255365929824423,16.76513671875,2.745227417873905,-15.444177933283546,,2.3053672495282416,2.1335846205026594,2.3520234558097797
14.870000000000001,0.007910729365719285,1.8393736264056533,17.65736173542904,2.2594889086201198,2.2582918049349243,2.2443623795921823,2.2314115594946604,2.2503220984815218,17.2265625,2.7341402932879513,-14.419956251735625,,2.352365616386109,2.295848550777212,2.566093684019273
14.88,0.0077326231432881835,1.81854944646866,18.030772760976856,2.2620304067789445,2.258700574032062,2.2482071369908687,2.2514365524418505,2.2425498547932765,17.64404296875,1.6529240452463188,-12.744090301991505,,2.393741365656562,2.402216739074968,2.4229884506056045
14.89,0.0075606574811143195,1.7982144095342316,18.363757953884217,2.2640773729713612,2.2586695127168004,2.250709417205405,2.2623804581279443,2.232240527277089,18.017578125,2.050164837981685,-10.300233239234108,,2.4209308268151313,2.431520536598092,2.1536792231736914
14.9,0.0073954841822666,1.778463669496647,18.654870719840837,2.26464192804527,2.255053255688964,2.2430842592031115,2.2398181761795226,2.219231406632064,18.3251953125,-0.23019250541252015,-6.681434773672033,,2.411843932791421,2.2992964011279824,1.500669764758337
14.91,0.007237729304655131,1.7593929997660296,18.90281329649478,2.2655092607642127,2.253837804663997,2.243464637048674,2.2450214606800016,2.203769163283006,18.6328125,3.8249697666237243,4.154308690255404,,2.4080059416166266,2.3167419705475485,2.2973733523404434
14.92,0.00708799078807815,1.741098189041502,19.106441299783555,2.266506316357855,2.254160118616563,2.2482244851429174,2.2613484933503454,2.186861667414954,18.896484375,1.6785719424133445,8.743860095477363,,2.402344703233015,2.352419475427498,2.5921995415266386
14.93,0.006946836187845275,1.7236743564346815,19.26476777005078,2.266681933918507,2.252759151529972,2.247484110414118,2.2569646960249665,2.1694751015243123,19.09423828125,-0.1334513584660162,11.435462962610845,,2.3729816573522724,2.271718926637927,2.2155526016531986
14.94,0.006814800523567061,1.7072151875477592,19.37696672952661,2.2661351223453154,2.2500591831867713,2.2431097879435455,2.2418964479361496,2.1523756077434792,19.248046875,2.5183664105573356,13.357782138148181,,2.3251435461822365,2.1653819973051975,1.9791087882798855
14.950000000000001,0.006692384251265242,1.6918120964792969,19.44237626247946,2.2658268901368546,2.249190503366438,2.2443392511200835,2.2462824358379128,2.1365656916653966,19.3798828125,3.114077448320748,14.755954246638249,,2.283564282630923,2.183970869778085,2.3650680089152387
14.96,0.0065800513664896155,1.677553322632889,19.46055842366546,2.2648816531224965,2.2470950740609292,2.2417724036045215,2.2381703554338577,2.122962836883986,19.44580078125,-0.7582200186691388,15.714526220704876,,2.228800406277292,2.140363692764364,2.170308365024463
14.97,0.006478227645631266,1.6645229754953756,19.434207247941906,2.2634390075796285,2.244275450875362,2.2373033659248653,2.225973483006403,2.1118883629982226,19.4677734375,2.401870208726325,16.25550820159957,,2.168291826870918,2.1050735874505877,2.0950114928644297
14.98,0.006387299032098265,1.6528000450098597,19.36519157435563,2.2615683774578765,2.2409430795622503,2.2317764016646313,2.2132553827938284,2.1032477268663,19.44580078125,2.085702767086158,16.364473117766604,,2.1080394388707258,2.0896531115804065,2.1048005915583747
14.99,0.00630761017347079,1.6424573994959835,19.253512069913217,2.2583469012138715,2.234141051457359,2.217037044117554,2.1749195277499926,2.0960316282642117,19.35791015625,-0.9894255440683573,16.000682232658523,,2.029238263987297,1.9697699189526838,1.671039407648664
15.0,0.006239463115180205,1.6335607969055783,19.099329140596517,2.2538560763560764,2.224393058651969,2.1953917751258687,2.121659014771248,2.0885319122510726,19.22607421875,2.337466161609985,15.102116222375368,,1.940636892958686,1.84791696685396,1.6046627575709524
15.01,0.006183116155663309,1.6261679381518093,18.902965314553423,2.2498708598361103,2.2175635104426212,2.184416019438581,2.1144052355209904,2.0798268103851227,19.09423828125,3.662831392758537,13.594317987260059,,1.8967971570894973,2.0064888139929855,2.542935242445482
15.02,0.0061387828673313966,1.6203275929269723,18.664905001455285,2.245293216196649,2.2098153859404266,2.1720786012173927,2.106360992480347,2.0697637670083178,18.896484375,-1.6466062885551151,11.398726863458466,,1.8674495706462595,2.0904837188750878,2.4192915684643688
15.030000000000001,0.006106631287064758,1.616078828497419,18.385793718035078,2.2400444699691993,2.2009364443330033,2.15805732461857,2.0959338020256775,2.0583538129345955,18.65478515625,2.1810012617472005,8.310509590844411,,1.8528301836348264,2.1286037112543124,2.124341442370566
15.040000000000001,0.006086783279300867,1.6134503702127925,18.066436771256846,2.234038973309096,2.1907258340022535,2.1421153249786764,2.081982677434596,2.0459471347695843,18.369140625,2.045305075474139,2.671565980780625,,1.8515587878722977,2.126964113170711,1.871774915204808
15.05,0.006079314074130465,1.6124601188250853,17.70779738958845,2.2289034291172136,2.1846063056552496,2.1403270584953544,2.1118072084202675,2.0335709205581507,18.08349609375,3.5309555419823027,-7.244415635749556,,1.9065028815627465,2.292604847576187,2.5103715836043703
15.06,0.006084251982152251,1.6131148443006498,17.310994292294254,2.222493855224811,2.1751344236313446,2.129050727279862,2.1045588607849424,2.0220928540947734,17.709960937500004,-2.7750303331969217,-10.368546229071113,,1.9481798439812164,2.220378725681269,1.8203262224709467
15.07,0.0061015782871669455,1.6154100689357256,16.877298686630954,2.214714811227023,2.1623105341466022,2.1095921197430823,2.0714110407025736,2.0116004277295483,17.29248046875,2.238036873774186,-12.494849704531479,,1.9755337667288493,2.0417929959312464,1.2517443996850364
15.08,0.0061312273171174785,1.6193301447315287,16.408130683404387,2.208067454724903,2.1546698116492236,2.1072772332028067,2.0928016308211577,2.0024846266395264,16.89697265625,4.124814112292232,-14.022620074447731,,2.050498654916734,2.149014588916088,2.496160295670807
15.09,0.006173086693006422,1.6248485217440591,15.905055122592852,2.1993333453979167,2.141092525413783,2.0879856698558044,2.0554556358230553,1.994839301155697,16.3916015625,-3.7934057193461417,-15.07702279325403,,2.0799323025487335,1.9296898250619778,1.5334382977030292
15.1,0.00622699775484711,1.6319281961393692,15.369776802706793,2.191041859897062,2.1304644753732025,2.079035241318856,2.0537143110098786,1.9883267314190176,15.908203125,4.334477330824943,-15.69491209092958,,2.1288496593138215,1.952118244278906,2.2267576670005447
15.11,0.0062927561630341505,1.6405223195685326,14.804135110254816,2.181717946575453,2.1176106552883365,2.0642194815492148,2.0314301966712343,1.9826306757769023,15.35888671875,-2.1995614690802485,-15.86872625498197,,2.1536399117738116,1.8648610614515022,1.895619147931271
15.120000000000001,0.0063701126728537465,1.6505749457349412,14.210098049114162,2.171833547640486,2.1042711159469394,2.0491034717724275,2.010055452689071,1.977185917048068,14.78759765625,2.5335143415512715,-15.560646542376823,,2.1651034504577518,1.8234969948453068,1.8814249188248695
15.13,0.006458774079198149,1.6620218860074796,13.58975567372506,2.1617171774840362,2.091523923808152,2.036678023244676,1.9988889088318358,1.9717259060220809,14.1943359375,2.3348771684466763,-14.70648185980971,,2.1685461287541186,1.8583566303406776,2.0520792800976513
15.14,0.006558404327903956,1.674791643795682,12.945312934780267,2.1515672678974096,2.079894349053564,2.027970549035273,1.9988866393039726,1.9663508429337728,13.5791015625,2.031837265077305,-13.220993471664528,,2.165688069349759,1.9433332986478178,2.1773638879449195
15.15,0.0066686257895012535,1.688806397117316,12.279081951374756,2.140561824966105,2.066517019539956,2.0141729124002343,1.9807492090803822,1.9612399958371207,12.919921875,-0.5827484054289601,-11.002891015827458,,2.1357622488293324,1.9236191738334982,1.7699561582619643
15.16,0.006789020690546083,1.703983000162719,11.593473729302383,2.130649957353469,2.0578531344309217,2.0143434123911037,2.0057871325654353,1.9568803976180373,12.28271484375,3.7030436474918993,-7.786184210782863,,2.1247893349487277,2.106918979461144,2.4038526541780687
15.17,0.006919132697111217,1.7202339773807827,10.890989351201105,2.119718287106747,2.046430752496386,2.0050517872546396,1.9939014584233905,1.9535062025564023,11.57958984375,-2.7729588865517396,1.1806638292816696,,2.0797443295382596,2.0575123236172757,1.7134957390203038
15.18,0.0070584686444328405,1.7374684872987836,10.17421067040371,2.108647469841389,2.0353270845554037,1.9962927292495838,1.9830106800652403,1.950632647992547,10.87646484375,3.029993044202782,7.83706907362564,,2.025485933714119,2.0250219378902483,1.711945685261544
15.19,0.007206500406157653,1.755593237546137,9.445790546481282,2.097159154385909,2.0235223741213044,1.9850231301433767,1.964102281581689,1.9476069256727144,10.1513671875,1.3506884535507557,10.818853534876206,,1.957140816901172,1.951891748845353,1.6931570718143392
15.200000000000001,0.007362666896105065,1.7745133370103348,8.708442666399845,2.085846985416719,2.012944376586496,1.9770480215383595,1.9566503555233015,1.9438794476669374,9.42626953125,2.45804145235084,12.899967111476021,,1.8927906765044602,1.9380442414075485,2.0238166116640106
15.21,0.007526376194957489,1.7941330753996312,7.9649310007733085,2.074169157616958,2.001619065683596,1.9662500462280579,1.9401130184965376,1.939168133984763,8.67919921875,0.8495046041473739,14.415134659624938,,1.8211922538214684,1.8718867453419958,1.9053201794409724
15.22,0.007697007793817822,1.814356624482793,7.218058949720538,2.0634411783022397,1.9938248510921188,1.9651377607196059,1.9541393013425357,1.933700023592011,7.9541015625,3.14935466179257,15.474823188976115,,1.7812716080346922,1.9603667700663168,2.3299462406287406
15.23,0.007873914946129898,1.8350886587618707,6.4706582371655905,2.052761411315791,1.9861553652036363,1.9626086779503302,1.958710457621327,1.9279651926969263,7.207031249999999,-1.1480890525209413,16.11157984884829,,1.7490729993243945,1.969988208892109,2.059273091534484
15.24,0.008056427119048318,1.8562348962235828,5.725577615920481,2.042202763045253,1.9787426489068574,1.959191865359079,1.9573976408445801,1.9221574390466103,6.4599609375,2.1361838641224558,16.31722604332914,,1.7291979553717278,1.9544038718291261,1.8181234530161547
15.25,0.0082438525349653,1.8777025620839398,4.985671448446145,2.030756339357493,1.9682083223748867,1.9455140643637354,1.9236516086525264,1.916248822236985,5.69091796875,-0.9959440584801451,16.055809663450816,,1.6961820492816126,1.7978179073908411,1.1163606257761347
15.26,0.008435480793561727,1.8994007801135182,4.253788229714668,2.0213056534602285,1.9641614144604915,1.9500965642896992,1.9501192142347814,1.9109083132163425,4.98779296875,4.111050404991634,15.267742895285128,,1.7318237495906224,1.9758989523319874,2.4037827939825096
15.27,0.008630585564444416,1.9212408972630994,3.5327591190421046,2.0113209897929725,1.9576207189664245,1.9451528802982396,1.9408850671172349,1.9071613701283099,4.24072265625,-3.1042027860767147,13.876190286615941,,1.7569869595654914,1.9246450186959931,1.8762403074778375
15.280000000000001,0.008828427340162934,1.9431367479765649,2.8253865471086974,2.0024353659482403,1.954055720516228,1.9473841306641595,1.953369180001602,1.9057179670049231,3.53759765625,3.557247400088659,11.802217812874424,,1.8145068865765854,1.9956297604242543,2.1499024368917596
15.290000000000001,0.009028256239171547,1.965004864863739,2.1344329626502105,1.992978310821698,1.9476904656143277,1.939698999007926,1.93226779398606,1.9069363784242521,2.8125,-2.1408244634179603,8.876943874533236,,1.853891529275912,1.8911076409787766,1.5037552215904297
15.3,0.009229314848112406,1.9867646423927747,1.4626097805438867,1.984369187232111,1.9433444063059446,1.937060310513392,1.929602860951019,1.9108549170691578,2.13134765625,3.242109413916575,4.0352168734312865,,1.909909907491476,1.9075968729545631,1.908488569991405
15.31,0.00943084109264661,2.0083384600266134,0.8125665893120761,1.9766990755515554,1.9410314324599276,1.938908569707812,1.9400387501636407,1.9174829303512952,1.47216796875,1.8096693943314015,-6.678603381782052,,1.9761730960663801,1.9704341141643613,2.1761654334540954
15.32,0.009632071125951668,2.0296517708385116,0.18688067154283694,1.9689396010657585,1.9371924509184175,1.9347828621933303,1.929639250562713,1.925999044263237,0.81298828125,-1.0227149317784368,-10.071425803970595,,2.022610128547492,1.9156068548562701,1.789866875753461
15.33,0.009832242223937167,2.050633161153983,-0.411953114477399,1.9601252348966567,1.9289000369101255,1.917459358052046,1.8812009429030963,1.9346009359611371,0.15380859375,0.41303643804995666,-12.343219788894201,,2.02835745753814,1.6997827308443667,0.8946888646101396
15.34,0.010030595676205338,2.0712143862260812,-0.9815320493457008,1.9513409971769067,1.9201141113874907,1.9000047548590486,1.8424721739095982,1.9419314687011844,-0.46142578125,2.8932885245428195,-13.98939900018668,,2.0210911819188744,1.5995331277083897,1.4889531077556863
15.35,0.010226379661798094,2.0913303863924804,-1.5195548268275083,1.9453881093690195,1.919831928652379,1.907972622247462,1.8897763334663573,1.9486913601649904,-0.98876953125,3.813208163938572,-15.158084410056745,,2.0599738479970098,1.9380936871066095,2.8505806242961658
15.36,0.010418852098830958,2.1109192876123886,-2.023830357549949,1.9394921978498307,1.9182654146373939,1.910339509546589,1.9091769347417633,1.956598946098839,-1.5380859375,-3.146291988711809,-15.897339981343013,,2.073423930208703,2.0157373394882256,2.301278461346821
15.370000000000001,0.01060728345721331,2.1299223897565143,-2.4922860779951685,1.936233922088693,1.9237252507375515,1.931071471178872,1.9766529438383114,1.9671798161105147,-1.99951171875,4.169442869050291,-16.208700086181064,,2.117303703847681,2.2701274617498766,2.60574355362005
15.38,0.010790959523792835,2.1482841455356443,-2.9229757466598523,1.93164399096061,1.9228567043727078,1.9303447467375805,1.96449837564752,1.9805514770368733,-2.5048828125000004,-3.7919518180018326,-16.063596404823468,,2.1011417411747733,2.11338105045618,0.6863414146425965
15.39,0.010969184109444686,2.1659521325100908,-3.3140867148412982,1.927363439638535,1.9215739111750139,1.9276987405643586,1.9472038877280191,1.995125461687333,-2.9443359375,3.601754265451415,-15.40822312567499,,2.068223222867369,1.9821246913504351,0.8163703314776615
15.4,0.011141281687843346,2.182877020225366,-3.6639466645721317,1.9226777254952196,1.9177147084013637,1.917509785518684,1.9099616922561122,2.009074463370379,-3.36181640625,-0.6923386126573754,-14.16695968361037,,2.005596776895528,1.7785736898168585,1.1318736454728535
15.41,0.011306599955916725,2.1990125341701847,-3.9710298106251627,1.9199432149149687,1.9190389920569328,1.9226046671904098,1.9258693432676914,2.0213982523578355,-3.69140625,3.6801009135140403,-12.25862515206403,,1.9702860497067005,1.8766390179258472,2.5086183901800165
15.42,0.011464512306276485,2.2143154179486584,-4.233962567142385,1.9180131923151,1.9214080428166693,1.9293931665406021,1.9433299586721142,2.032005043249122,-3.9990234375,-1.4695105398174384,-9.549085558191235,,1.935653760251142,1.936071782368073,2.522268476612868
15.43,0.011614420202253846,2.2287453947972815,-4.451528682232003,1.9168737815813752,1.9247053526049342,1.9373405576780016,1.960258444582091,2.040979199145662,-4.2626953125,2.188866666155564,-5.378413727579543,,1.9046778801581636,1.9825627440082019,2.249309668455792
15.44,0.011755755446538957,2.2422651293550437,-4.622673845779138,1.9164536737632358,1.928652539292322,1.9455447218277,1.9740777778510792,2.0486024140441863,-4.482421875,2.0228473548592816,5.694160951039388,,1.8790960875398501,2.013668560765464,1.9382959499309536
15.450000000000001,0.011887982334824404,2.2548401904077866,-4.746509776715263,1.9166423129054457,1.9328867272068462,1.953014476048317,1.9826716252308247,2.055472146728057,-4.658203125,1.8602814434199206,9.496200834414903,,1.8596754965422437,2.0235499959165035,1.752316195142745
15.46,0.012010599686290238,2.2664390151721903,-4.822317796105659,1.9193086121703737,1.943251850813632,1.9759844350575813,2.0345659860589387,2.0627872211107507,-4.74609375,3.523793295057768,11.931954747250055,,1.8926095576875723,2.221227735740581,2.4948622182914426
15.47,0.012123142743234422,2.277032875556275,-4.8495555176392395,1.9229189287732975,1.9543193876415155,1.9972736672551343,2.0701651238443213,2.0714327238343753,-4.81201171875,-1.6345124822438568,13.685829908161745,,1.9349114212391014,2.2814892729545417,2.253461891721011
15.48,0.012225184932648368,2.2865958467285403,-4.830115030915434,1.9251827755378228,1.9589780287710061,1.9977759370331452,2.0382388807158147,2.0806526508807512,-4.8779296875,-1.9611504316206336,14.941720130653458,,1.9350614842228702,2.04002631591746,0.6239612799894673
15.49,0.012316339483060578,2.295104778243548,-4.7666119813720345,1.9282303578314965,1.964803319484423,2.001356586503509,2.024621391407457,2.0890483035665386,-4.85595703125,3.819987985580143,15.761847874311137,,1.9515542276436677,1.956757973876812,1.6370320445533622
15.5,0.01239626089052013,2.3025392679047947,-4.6590474187344455,1.9319701084814158,1.971622343272307,2.0073864776321475,2.02218917819994,2.0959625153546324,-4.7900390625,1.3146066124341411,16.156228166338064,,1.9810540171815305,1.9508900420465232,2.1754079626806297
15.51,0.012464646228163696,2.308881638493366,-4.507560753086492,1.936387783789237,1.9793080179403815,2.015411328180899,2.0283998735233926,2.1017724565669345,-4.68017578125,2.056282851486048,16.101922469897385,,2.020055877651947,1.9854162088972207,2.362613607369666
15.52,0.01252123629440199,2.3141169174507312,-4.312461151904865,1.9434462830263488,1.9938286431194903,2.0417084773601673,2.0949405304251174,2.1076178001367856,-4.482421875,3.685068296906356,15.55012164396985,,2.106401717099283,2.2481797533330306,2.9389233450855565
15.530000000000001,0.012565816595373995,2.3182328195740913,-4.074227415460873,1.9488095852718783,2.0011167034184227,2.0452455218066694,2.078916671950207,2.113968291285398,-4.32861328125,-3.9123821639691827,14.429819051128732,,2.1370183962825564,2.0909914472145417,1.3650580003296322
15.540000000000001,0.012598218157945096,2.321219732760944,-3.7935072522175988,1.954884118816124,2.0094134935429344,2.0516772188413417,2.07686368793557,2.120576239869855,-4.0869140625,4.211893662499743,12.659512098534618,,2.1706992914411187,2.0658417152799817,1.6128520089583842
15.55,0.012618318170167548,2.3230707068244207,-3.471115944410002,1.9607171499163032,2.0157493447400285,2.0524834285510742,2.060576523525007,2.1277585850225162,-3.8232421874999996,-1.16766153325675,10.125971631071897,,2.1851751325664615,1.9882402068201668,1.6427492876292193
15.56,0.012626040446775734,2.3237814453910195,-3.108034393633349,1.9694739564875534,2.0301131145958045,2.0762412962344348,2.116899312094632,2.1368653508212034,-3.44970703125,4.313355141715848,6.376615817616182,,2.24555111947326,2.2604568459696526,2.937139372480775
15.57,0.012621355717951895,2.3233503008863483,-2.705406536367823,1.9788636747545196,2.044644823036866,2.0978932010016567,2.156096000517577,2.1492058942762244,-3.076171875,-2.5270064742572145,-4.577475243676336,,2.2943073159097294,2.358309734247645,2.6396479382439213
15.58,0.012604281740267812,2.321778272611175,-2.264536120035087,1.9870643747653676,2.0538250422799122,2.102666253199443,2.1410322215176443,2.1641071024638534,-2.70263671875,-1.2213034647746543,-8.909835730106169,,2.2962448177106665,2.1978815581353164,1.3571671916967003
15.59,0.012574883229381896,2.3190690079084275,-1.7868828314998433,1.994598586052311,2.059922559756131,2.0992859903082848,2.1072672142409914,2.179497042368971,-2.28515625,2.879856557309996,-11.513400553980782,,2.268572295170719,2.004586440896594,0.9535597692472774
15.6,0.012533271614746825,2.315228806420771,-1.2740577719579353,2.0029242074608593,2.067827492373635,2.1024477672707897,2.10192660671538,2.193491070779308,-1.8017578124999998,3.161528781632478,-13.368897288334773,,2.2449542959562687,2.0038446868674513,2.1390003499187635
15.610000000000001,0.012479604617257408,2.3102666274369765,-0.7278182749289007,2.010416357965401,2.072479677539133,2.097545661152479,2.076669013923761,2.2048282366124625,-1.318359375,-1.9627470733954682,-14.702958819612618,,2.1925583371577284,1.900224362225274,2.0313267177296543
15.620000000000001,0.012414085651439673,2.3041941003225075,-0.15006206760366672,2.020598050512792,2.0851110461541973,2.1166203702942576,2.13155081798409,2.2134603369934864,-0.72509765625,4.681914165637173,-15.592442139761488,,2.19141749260984,2.2101701261332156,3.1091571978284898
15.63,0.012336963054446747,2.2970255380244544,0.45717921993374494,2.0297310830435915,2.0935061521208467,2.1228865819081304,2.1387849428907986,2.219888992922691,-0.17578125,-3.7168479064811373,-16.05466244625256,,2.157716869815704,2.1993968669465316,2.205913247755532
15.64,0.012248529144784356,2.2887779536321644,1.0917471881398455,2.0395960569392226,2.1036543869899487,2.134533004022782,2.1619957089386186,2.224506033384631,0.439453125,3.942255587772433,-16.07082072728304,,2.1378135112711316,2.2798291951001577,2.169497216940583
15.65,0.012149119114333104,2.2794710799610995,1.7513644290763022,2.0498348352817866,2.1143521637590235,2.1475157753507976,2.1852922206860277,2.22813421375485,1.07666015625,1.6277673964370107,-15.59494792411232,,2.1255446570597907,2.3354642519837987,2.124716519593875
15.66,0.012039109757867584,2.2691273921075967,2.433642894036196,2.0602410573115173,2.124984412908705,2.159935758874383,2.20280133676264,2.2316379837028073,1.73583984375,1.9927711382145492,-14.558454404296874,,2.1188069087628767,2.346884506371668,2.0957844076225105
15.67,0.01191891804488767,2.257772132894332,3.1360928402624775,2.070738948292497,2.1353993982131816,2.1714283760252524,2.2147117208930833,2.235799154033548,2.4169921875,2.310730601281248,-12.878161918684496,,2.1183931100785314,2.3264432020216392,2.1343468386344724
15.68,0.011788999539174954,2.2454333410888445,3.856132322692402,2.082286135854264,2.148615043939757,2.1903624705754634,2.2467004973680447,2.2413101869841037,3.14208984375,3.114557867470186,-10.446115330370628,,2.1471156140242553,2.3920250582538873,2.568959604286299
15.69,0.011649846672065119,2.2321418822284094,4.591097190043385,2.0929823404067833,2.1585811861001543,2.1990963094388247,2.2433711180319085,2.2480808950504496,3.8452148437500004,-2.021593611158947,-6.886545511437556,,2.159844685104756,2.277186432630408,2.0122989062027083
15.700000000000001,0.011501986875980877,2.2179314818213247,5.338251538102005,2.103236511450148,2.1669634682568577,2.2036079902063626,2.229954525877843,2.255034153117585,4.5703125,2.894580753663317,3.823522840220769,,2.1698670176296044,2.1550791458428904,1.888225520396296
15.71,0.011345980585299837,2.2028387606148754,6.094798566979112,2.112583331923182,2.1725768243900703,2.2012641784634663,2.2013568709426456,2.260879122812081,5.29541015625,1.5621264142674618,8.597920369634469,,2.1684964828343416,2.0002838772068436,1.7925082093625195
15.72,0.011182419112134684,2.1869032715208125,6.857891783537664,2.122580425726385,2.180562097612536,2.2072331007234474,2.206482826776196,2.265025599844416,6.064453125,3.50601454188328,11.329427091318426,,2.1927096056700885,2.0699702780438543,2.5393851758259633
15.73,0.011011922405077581,2.1701675376668996,7.624646485363057,2.1336846270506555,2.1921277520103692,2.223728112743231,2.2447552800972645,2.2678335274303976,6.85546875,2.570853884890792,13.272756025537593,,2.2472812856375155,2.275746645017718,2.9489519487100275
15.74,0.010835136699402906,2.1526770908941435,8.392151458688195,2.1436638438658653,2.2000831477360094,2.2294443199514364,2.24547799600243,2.2694102839257444,7.6025390625,-2.3134082835906606,14.685872046795632,,2.277275707611343,2.2576558126088346,2.1414441387104057
15.75,0.010652732067635716,2.134480509840437,9.157480819742926,2.1535162568818964,2.20792043184093,2.235466289660834,2.249169797541373,2.2693857359719556,8.37158203125,3.447148467181076,15.657422588761683,,2.3073394967242167,2.2813832168730266,2.015858745296059
15.76,0.010465399879769686,2.1156294565379112,9.917705927175652,2.162385758532835,2.2130619864485883,2.2346465962569977,2.233983302053856,2.267480306324939,9.11865234375,0.4328971312212089,16.210994662119926,,2.317849206643948,2.2196455383025344,1.7270639830607044
15.77,0.01027385018276065,2.09617871019982,10.66990729256521,2.1723569488703114,2.222250784449975,2.246557089408279,2.262028650137438,2.2640456361416748,9.90966796875,3.950322502737878,16.333138389570344,,2.3545917175288484,2.3700090463079517,2.648620996455198
15.780000000000001,0.010078809009229058,2.0761861965796324,11.41118641663704,2.18168746683575,2.2297142200560924,2.253460800546616,2.271080245870683,2.2597666670388397,10.65673828125,-2.0625969374257473,15.98390738021569,,2.3743929957381713,2.3756225520642755,2.3899517309472817
15.790000000000001,0.009881015625571796,2.055713010946715,12.138677480613266,2.1899573694385253,2.234359348466032,2.252980968884198,2.257881251959157,2.254990817237177,11.3818359375,2.0881235443251733,15.10175366775329,,2.370106962117278,2.2798917757608073,1.9379124055438093
15.8,0.00968121972991371,2.0348234323379764,12.849558825116164,2.1986939952179627,2.2412225510604897,2.2600551335135277,2.27147066148598,2.2504333431971935,12.12890625,3.6445423581576497,13.612435329055147,,2.376775847175976,2.3286297911060325,2.451038311636478
15.81,0.009480178610519654,2.013584926312683,13.54106415312476,2.2074942141895932,2.248834235323994,2.2695373094848197,2.290672693027721,2.247156642895985,12.85400390625,1.4270465146672757,11.438605488360649,,2.3831955797131528,2.37367799313825,2.547533642820301
15.82,0.00927865427543773,1.9920681329604608,14.210493398536677,2.2152635046520843,2.253728395464768,2.2714337072695088,2.28447221522865,2.2456471480993074,13.53515625,0.5305297415151642,8.384247040599078,,2.365866842918424,2.2888319553338863,2.0536928618637695
15.83,0.009077410564253154,1.9703468363959167,14.855223207762602,2.2229502992530485,2.2591311775664766,2.2756833723564154,2.287656686545359,2.2457513510604494,14.21630859375,3.3221136407718364,2.940456593736506,,2.3490181099776706,2.2771930744965885,2.2377414138390255
15.84,0.008877210252899597,1.9484979114276446,15.472716988305203,2.2288447876442303,2.2596796000225483,2.2670408892023404,2.2529787702634683,2.2466738837839237,14.831542968750002,-2.099113870942971,-7.118749378302803,,2.296161771144876,2.093331543401303,1.5941578389807394
15.85,0.00867881216250253,1.926601242531046,16.060534485255655,2.2350988191397,2.2625765909703013,2.2673043215011046,2.253797902417814,2.2475165454674233,15.468750000000002,4.107567170391527,-10.26332343101473,,2.2619404697154564,2.147928001822857,2.442582051025106
15.860000000000001,0.00848296828321245,1.9047396097065548,16.616340853875723,2.2392794221425985,2.2599882071732895,2.253380219043735,2.21334290493055,2.247565372808658,16.01806640625,-2.9776303435160814,-12.38882229858504,,2.1906899937671787,1.987267509586181,1.7933200300866337
15.870000000000001,0.008290420923929443,1.8829985353005314,17.137915203714275,2.245478650388523,2.265273935845071,2.264588502223441,2.2588646811004836,2.246819998911292,16.63330078125,5.2346873640747855,-13.906623208942731,,2.186433048139252,2.3018281623434644,3.1027292495319303
15.88,0.00810189989872267,1.8614660854477472,17.62315859682975,2.249440325942101,2.2642660693699574,2.2577135125176406,2.2412962266099603,2.245376815345595,17.11669921875,-4.362610238068032,-14.943908805547654,,2.1417429330420292,2.2177633164408155,1.9765259173686598
15.89,0.007918119760609335,1.8402326195157086,18.070101489460118,2.2537240264107194,2.2656226599706497,2.259395468106488,2.2535092024125634,2.2428111548907195,17.6220703125,4.5542381114783534,-15.537515626964916,,2.127322741938998,2.3130287913807956,2.3185317035020314
15.9,0.007739777093177766,1.8193904808568162,18.476910612721536,2.2571060901058315,2.2652251822556915,2.256822233291018,2.2504634471230758,2.2386950606626255,18.0615234375,-1.5186861380065069,-15.678553997451132,,2.111628529749391,2.3045977643516937,2.0465623100726855
15.91,0.007567547870319833,1.7990336223793226,18.841895293468905,2.2595040019805355,2.2629619292437315,2.2501568766419524,2.235608944584484,2.2322487816926913,18.45703125,2.1013504342423444,-15.326666179648596,,2.0952437523472307,2.243856836872268,1.8898784704521652
15.92,0.007402084894080872,1.7792571610142345,19.163513221185216,2.2609225799608446,2.2590086859501026,2.2403685558083235,2.214290403741589,2.222904903584777,18.80859375,2.303870083451113,-14.413776630391036,,2.0803974747764427,2.165590773327402,1.9373298137502504
15.93,0.007244015320338047,1.7601568561661458,19.44037567058023,2.2631209311343876,2.2590769065474006,2.2439256120169544,2.2374636694003547,2.2110670298541844,19.16015625,3.7099790832341992,-12.848563543288806,,2.1114440699246897,2.3015129427262213,2.752481893845501
15.94,0.007093938281685303,1.7418285087701617,19.671252192401674,2.2650542728878884,2.2593901258233413,2.2482044097048655,2.257120345218253,2.1977209283386103,19.44580078125,-1.2273461596750863,-10.5115726878287,,2.1536076950654555,2.3587817763144434,2.6143280506154136
15.950000000000001,0.006952422616535568,1.724367279696649,19.855074786755697,2.2659045989763382,2.257268116830676,2.2454024192545776,2.250405030439268,2.1834130603908197,19.66552734375,1.215878521584908,-7.04108079393359,,2.1837735568066594,2.280450785805088,1.9838157186768626
15.96,0.00682000471304722,1.7078669289831374,19.990941573992377,2.26588850125306,2.253596213311964,2.238865843090918,2.2328361474253793,2.1684007240142997,19.84130859375,2.6005716892753017,3.5572248144161978,,2.207547492561887,2.180012534606446,1.7470816836249958
15.97,0.006697186476046933,1.6924189807177645,20.078119977962853,2.2652257118939105,2.2491835481415046,2.231308897915915,2.2150878980095334,2.153294388403804,19.97314453125,2.312934704661315,8.529812000890749,,2.2288698098546385,2.1088793972194324,1.941982518897933
15.98,0.006584433424655017,1.6781118222813463,20.11604949337471,2.2658160043759445,2.250110353257207,2.2399358061291963,2.248940991589203,2.139497910564017,20.10498046875,3.819123814113255,11.332004484249532,,2.2883732014859812,2.2938793493630873,2.863254155504769
15.99,0.006482172927823996,1.665029750934576,20.1057324177045,2.264169363928352,2.244614225075239,2.2292681261492424,2.217244395584117,2.1280708765976044,20.10498046875,-3.831887118153161,13.333995706936692,,2.2960521168739256,2.116050926307414,1.7026930403728653
16.0,0.006390792584478096,1.6532519851939016,20.050468819599562,2.2633371703578846,2.242986120174763,2.2306238988421336,2.227280099887108,2.119524520539198,20.126953125,4.747967115148954,14.806031009753525,,2.3255063692066678,2.204568691955105,2.413461180678473
16.01,0.006310638754393239,1.6428516627788896,19.950422834802755,2.2614794659217954,2.238819679179085,2.2240874736593104,2.2106932179742294,2.1139440839958374,20.06103515625,-2.4973594980049687,15.841662081637304,,2.32723781903066,2.137817785439848,1.966074473237294
16.02,0.006242015245386481,1.6338948507773388,19.80571711540328,2.258701060481498,2.232671777387226,2.212368773138995,2.1813690704243043,2.1102742332887336,19.951171875,2.4667052974895305,16.46755631368616,,2.3064397037178366,2.041811452501703,1.7531881123964188
16.03,0.006185182161790242,1.626439596668197,19.616642781133464,2.2542419458055587,2.222276328652469,2.1898331274076877,2.1250712935007336,2.1068473501083544,19.775390625,0.8392921198929661,16.673513934927026,,2.248257116020061,1.8486614418689349,1.3448412653978228
16.04,0.00614035491857654,1.620535050578469,19.38365927914238,2.250022374018768,2.214232363260974,2.176793648130602,2.110262028195194,2.102519631837184,19.599609375,3.774948420682131,16.424058404737895,,2.2021386327224217,1.93326584715734,2.3673611037713944
16.05,0.006107703424867449,1.6162206892942226,19.107393704979106,2.245918861855432,2.207874439611215,2.170190744628724,2.118951796360999,2.097115095520126,19.3798828125,1.5872093415264406,15.662437757536141,,2.164290012810631,2.0887117272268534,2.6688169016574483
16.06,0.006087351439927098,1.6135256708715915,18.788639575669368,2.241797566522833,2.2025497341438056,2.1672628356106336,2.136623201834734,2.0905406416873737,19.1162109375,1.9637990056646066,14.318817644651554,,2.1316903975172,2.2231747402296897,2.5459662535141567
16.07,0.00607937610407566,1.6124683451279578,18.42835504427988,2.235796399010194,2.192089289960639,2.1498818714181867,2.105576321385905,2.0819204747728226,18.7646484375,-2.1847060560860956,12.330033378045277,,2.0602839490640577,2.098889396092127,1.3314124020908602
16.080000000000002,0.006083807646303728,1.6130559399487172,18.02766054434714,2.228056284946211,2.1774424007788156,2.122640233298642,2.0494352014663377,2.0701375962633897,18.369140625,2.400331555608727,9.579410798782583,,1.9608581586335418,1.89823395167226,0.49101831580845007
16.09,0.006100629269695055,1.6152844365236243,17.587835852090475,2.222997630931697,2.173331384610774,2.129061156775279,2.1067179119783157,2.0558977060122263,18.03955078125,5.153775248983071,5.428160775407192,,1.9557354848039188,2.2611891749426962,3.0350319167630087
16.1,0.006129777215092093,1.6191386388012343,17.110316554533586,2.216435878334944,2.165027094763135,2.1222418191766264,2.1090921531020386,2.0406846728852095,17.578125,-4.49663064044906,-5.585127139787616,,1.9252056072923693,2.226724131394826,2.2294189351959925
16.11,0.006171141002762875,1.6245924342122966,16.596689912605715,2.209169277466773,2.1554915400283154,2.1123194502985725,2.0985468481981524,2.02527172369034,17.0947265625,3.3528149750492253,-9.368124806571169,,1.8974620921298002,2.147421567495908,1.7682193899170635
16.12,0.006224563851153486,1.631609234705678,16.048690110039335,2.2018151729391984,2.1467926887808018,2.10550543429721,2.0963625756148674,2.0106299738661506,16.58935546875,2.726689807889871,-11.763181548317188,,1.891032283058258,2.1209514173718715,1.9474846426528911
16.13,0.006289843271138528,1.6401425799775138,15.46819288145608,2.1948250148145556,2.1402341508507328,2.104943191172002,2.110061480511374,1.9979365315163187,16.06201171875,2.2490210539203153,-13.466580483779502,,1.9153644883160672,2.159680790805272,2.2929417004746666
16.14,0.006366731833517693,1.6501368789686823,14.857209516437916,2.18673242820212,2.130760281817269,2.09525462533517,2.090463837835228,1.9877219353752849,15.468750000000002,-1.7971172256703214,-14.662051361726986,,1.9268958649213388,2.028337381264896,1.7330180639728845
16.15,0.0064549381068488565,1.6615282616117475,14.217880240586226,2.1780097544233032,2.1201423289970487,2.082639293955227,2.0633632190221847,1.9796679119900213,14.853515625,2.7136307512984326,-15.408670461401572,,1.9397906248178904,1.9057829146493632,1.6790737819754022
16.16,0.006554127762063567,1.6742455105936713,13.552466979518192,2.1689786548515744,2.109482149388222,2.0705832203041643,2.0414354389900207,1.9732245258689753,14.21630859375,2.2379030399094413,-15.711620280029882,,1.9605172678947511,1.850595095470943,1.9506283877998933
16.17,0.006663924839677525,1.6882110425421621,12.86334551734635,2.1589287031103117,2.0964196800966155,2.052261713203283,2.0034950270789698,1.9677553423810787,13.53515625,-0.5509848243195682,-15.541987643862992,,1.9679852201953942,1.7399295548937261,1.7572445765585218
16.18,0.006783913174793378,1.7033419093551352,12.152997067315308,2.149881460163177,2.0877162934503537,2.0477644827676116,2.014363089344906,1.9630601234486946,12.8759765625,3.761738848255442,-14.84223664093931,,2.01143783934465,1.9211893158097995,2.5272802697532453
16.19,0.00691363797449468,1.7195507930654899,11.423999278784693,2.1398115280764793,2.0762625106117936,2.034879809925644,1.996161726876642,1.9589714573931856,12.15087890625,-2.707122687905453,-13.527930728189203,,2.0313953490670613,1.9053804020446576,1.934758967751589
16.2,0.00705260754165126,1.7367469712890242,10.679016711484216,2.1296485989738803,2.0653064617096177,2.0239446920697812,1.9862230615450438,1.9549012039596418,11.425781250000002,3.0816767584717955,-11.497204810256749,,2.0511129596983326,1.9487811520323657,1.897774991778678
16.21,0.0072002951386041306,1.7548372345456786,9.920790814743537,2.119159285637905,2.053974385107596,2.012160721916366,1.9742213037274423,1.9502548018048653,10.6787109375,1.4694505752403437,-8.5422144660426,,2.061551662818952,1.9688769997172046,1.814970970772138
16.22,0.007356140983663611,1.7737267412004438,9.152129456025015,2.108041711218482,2.0412653081028305,1.996757053931034,1.952057268476349,1.9444277461232695,9.90966796875,1.3772687765950062,-3.288972512994642,,2.0542015043796273,1.9313928817742605,1.652283876186954
16.23,0.007519554372855561,1.793319800126848,8.375896049366514,2.096862306479141,2.0291128272282135,1.9837193269404072,1.940020408438108,1.937307316716308,9.140625,2.5512730472485536,7.088663658666592,,2.042442000110477,1.9413085608233893,1.9219779509326729
16.240000000000002,0.007689915918871941,1.8135205752092012,7.594998340083332,2.085987404170504,2.0185912032713142,1.9757497084898783,1.9439254760946116,1.9297360507885788,8.37158203125,2.1758679559599097,10.371461708777398,,2.033012696317485,2.000306084308468,2.196242433580124
16.25,0.007866579898740417,1.8342337093087724,6.812376907104201,2.076541094076916,2.013101341013598,1.9816808924567326,1.985904595826217,1.9233702731746072,7.62451171875,2.9445027266651747,12.616251203118189,,2.0489458706144337,2.1800713047848594,2.6159516208100078
16.26,0.008048876701314562,1.8553648682335935,6.030993448464261,2.06557794412266,2.0024526030222027,1.9705437845339464,1.9646681619665656,1.9193343824363251,6.8115234375,-3.2248310218714775,14.259781574220119,,2.0164596220375053,2.017732806271378,1.3116580409501557
16.27,0.008236115365306542,1.8768212075458113,5.253818918613221,2.056176685334749,1.997113833051822,1.9742665509631772,1.9887248636444848,1.9181324066679935,6.064453125,4.455519928863946,15.438710723864096,,2.0134179360137066,2.098745827559556,2.1353337988051106
16.28,0.008427586198245119,1.8985117667370461,4.483821588213547,2.0451047831213014,1.9859671461821178,1.9593460548542552,1.9491609242404937,1.919534725965344,5.251464843750001,-3.6411930404437185,16.197939923454935,,1.959482291735338,1.8525213661807085,0.8788643081060772
16.29,0.00862256346642889,1.9203477964544637,3.7239550979324116,2.034303912564014,1.9758751155009173,1.947761145477454,1.925265127099349,1.9226501181627622,4.482421875,3.741588147209872,16.53928853970679,,1.9083870946635384,1.7529293980376774,1.643550390508905
16.3,0.008820308145682144,1.9422430251457106,2.9771465773405477,2.0243332881087666,1.9684808127596714,1.9437514501659325,1.9273813346718158,1.9271510140667711,3.7353515625,2.2135830135449486,16.43578462073424,,1.8746706348965667,1.806626929403122,2.2923501140860973
16.31,0.009020070722484707,1.9641138717898203,2.246284898430257,2.015534264929612,1.9645230752304383,1.9483094468214797,1.95281952331293,1.9327855996864602,3.01025390625,2.08439277061632,15.837003505064896,,1.8657966238947357,1.9516256990058152,2.548194889597134
16.32,0.009221094034860685,1.9858796113792667,1.5342091305020464,2.0041955145381105,1.951606865588917,1.9253535611511068,1.8886861289648915,1.9381613551676138,2.21923828125,-3.57299374664517,14.672871989654332,,1.7884195463009493,1.636091764642792,-0.5045124587058373
16.330000000000002,0.00942261614225585,2.007462499590497,0.8436972593319346,1.9948798498710607,1.9453850641675274,1.9228949509783295,1.8986879770052727,1.9420599080434748,1.5380859375,5.097577370738688,12.87161934722166,,1.7701771967108408,1.8148845237973306,2.1452578720061037
16.34,0.009623873213528656,2.0287878626964124,0.17745522874125047,1.9854378318153636,1.9381657836746222,1.9164753169249302,1.8936343736882137,1.9444159263787828,0.8349609375,-3.0566694556540663,10.336462817039983,,1.7502045231588992,1.853443003843656,1.9775075092222913
16.35,0.0098241024221067,2.049784158289148,-0.46189364290006135,1.9768906335649692,1.93330449781171,1.9161253181031204,1.9066642252159345,1.9456542402584427,0.17578125,3.039983063096719,6.658812735292953,,1.7571948315719725,1.9669691415199526,2.1693315104153004
16.36,0.010022544837334906,2.0703830118426243,-1.0718188249202927,1.9699761722808407,1.9328564286641443,1.9267200178311352,1.9476183997425618,1.9468668711706685,-0.439453125,2.635785864202134,-4.198682560571322,,1.8052971963685185,2.15333699774529,2.4430990199595435
16.37,0.010218448301058088,2.090519233586385,-1.6498922756709016,1.9622298084746228,1.928396304421657,1.923102678221312,1.9356952725813656,1.9487299864045746,-1.07666015625,-2.788154369349387,-8.735356146889238,,1.8254155716651115,2.049570452133858,1.3469377728100471
16.38,0.010411070278532683,2.110130819610553,-2.193797650126411,1.9554541950004214,1.926104526262056,1.9246001530383239,1.939507891820611,1.9516091956079398,-1.64794921875,3.649879801100153,-11.389179462774411,,1.8657108845980168,2.0407876412452235,1.7172668860812614
16.39,0.010599680672863527,2.129158940596024,-2.7013389878420475,1.950058603269747,1.927013976481268,1.933412077977578,1.9624458021991076,1.9562588464056845,-2.17529296875,2.060039450246633,-13.272479538309565,,1.9286977249553114,2.0961186214325496,2.2063187961134694
16.4,0.010783564592296626,2.1475479210744712,-3.1704488620512628,1.9452813595167129,1.9283149156317752,1.9407129611656755,1.9745598693535478,1.963003476952642,-2.6806640625,0.3409983681957808,-14.627415585450562,,1.9884649451021688,2.0706980732611675,2.0802698466009364
16.41,0.010962025059880583,2.165245211677647,-3.5991959770059934,1.9394008663718296,1.924506175262004,1.9315583980906845,1.9345794704609955,1.9710820162858198,-3.18603515625,-1.6752558087134732,-15.536076600949835,,2.004914876448895,1.8100720852469354,0.9603557956389639
16.42,0.011134385655224373,2.182201356436545,-3.985792206430186,1.9359023509688655,1.92719670409161,1.9406078077278848,1.9566753178832876,1.9797960535170345,-3.5815429687499996,4.439487760076158,-16.018009791848918,,2.0586656269182204,1.9233102413292016,2.3673994964144436
16.43,0.011299993078340217,2.198369956839945,-4.328599071020246,1.9315949564147767,1.9255985211422133,1.9355336864554473,1.9324442427257338,1.9885724853992022,-3.9990234375,-3.5197153842913664,-16.05610408761672,,2.0707924499032746,1.7748365610331274,1.6689222861557362
16.44,0.011458219625852747,2.213707634055738,-4.6261336571609455,1.9277676553329492,1.9242888011325303,1.9311483037500372,1.9159860954874726,1.996830422591517,-4.3505859375,3.3565200280925462,-15.605731600291625,,2.0737515779593605,1.7312821838248766,1.8001048104487594
16.45,0.011608465570188744,2.2281739904554767,-4.877073982338873,1.926425414938034,1.9295808341793423,1.9450483336371336,1.9585469286855242,2.0052440893480856,-4.6142578125,3.462322737430745,-14.599593686752135,,2.1084568389805063,1.9928138618915618,2.6601242994703798
16.46,0.011750161432730518,2.2417315713588852,-5.080263815067996,1.9261377287351602,1.936254364611382,1.9602107263410855,1.9958508108935347,2.014811077680996,-4.85595703125,-1.8810497399550197,-12.955571524534632,,2.1366041584016715,2.139246037778284,2.4254931474703114
16.47,0.011882770142315759,2.254345827726401,-5.234716958467693,1.924661406130888,1.9371720641168364,1.9568470179046527,1.9708206109209154,2.0253427010604392,-5.09765625,-2.0247620430441082,-10.570636687697604,,2.1120251253442506,1.9847382426257851,0.8415590290750752
16.48,0.0120057890709038,2.265985080371021,-5.339621006961651,1.9251182467933605,1.9427904240068008,1.966544065316877,1.9899533910669016,2.036378187426376,-5.2294921875,4.3524526731695925,-7.10445453668124,,2.107430976368761,2.0855618017971795,2.0076614555106764
16.490000000000002,0.012118751938691016,2.2766204861309456,-5.394340585020125,1.9250356432988276,1.9449328711061031,1.9650557383298521,1.9726653916677184,2.047635179917154,-5.361328125,-2.9384246520197737,3.3518567351199273,,2.0682004452079177,1.9811519026828843,1.5663380457586211
16.5,0.012221230581455782,2.286226006339138,-5.398879238299539,1.9263504638592044,1.950093877142908,1.972010956176908,1.9849774233032862,2.059068588978591,-5.4052734375,3.779888652112485,8.37959093315714,,2.0420108117844085,2.037742626829965,2.2444499288069233
16.51,0.012312836573433378,2.2947783778406357,-5.356714564321131,1.9296237718999782,1.9597446446707598,1.9903803958449633,2.029133265311971,2.071311543364499,-5.38330078125,2.4576208561589628,11.148234832593918,,2.0424931951555974,2.1974446123153752,2.6897525506166122
16.52,0.012393222699569663,2.3022570867408523,-5.268647419484204,1.932319867302773,1.9659061514549936,1.9969318673738519,2.0298723673702366,2.084405683441207,-5.361328125,-2.596010072079712,13.101301769377105,,2.0172392179755834,2.1135802527669103,1.8558615300704653
16.53,0.012462084271573746,2.308644345015305,-5.134753443501478,1.935510228493549,1.9724925648935465,2.0040580197537583,2.0328525142229794,2.0976060436930126,-5.2734375,3.3226649331481615,14.511943939947763,,1.9967628965567166,2.0702664716764256,1.7848419537051927
16.54,0.012519160282780708,2.313925070070504,-4.955283716972674,1.9392045407312828,1.9794242349683293,2.011149910530172,2.0361220560254067,2.110063938042179,-5.1416015625,1.7213482218242915,15.472333323125804,,1.9812290318559185,2.0388063387797195,1.9033914274826635
16.55,0.012564234397447811,2.318086867315517,-4.730664825309598,1.9434447455897275,1.9866484185499809,2.017938350118016,2.0391229334165923,2.1209113526382395,-4.9658203125,1.965961682706875,16.006728582625396,,1.9713984940616274,2.0159444269921702,2.031469385204853
16.56,0.01259713577073371,2.3211200157815504,-4.4614983116071825,1.948296227711759,1.9941481394287246,2.024458572925214,2.0422797697841,2.129452446132918,-4.74609375,2.126774165315502,16.100878504886687,,1.9684106158143677,2.0058555709904033,2.109196049062289
16.57,0.012617739696253403,2.3230174568116797,-4.148559514507775,1.9538422623410776,2.0019569280826697,2.0310038674308633,2.046624331642884,2.1354447995684414,-4.482421875,2.0931271570432948,15.712896762181234,,1.9735600360912942,2.0130823552078616,2.139435674746939
16.580000000000002,0.012625968078753947,2.323774785832627,-3.7927957800505223,1.9601800403579102,2.010171967764479,2.038069960255486,2.0534755695808173,2.1394444409247524,-4.1748046875,2.141054655269986,14.777879733384108,,1.9880752280790495,2.039693887548443,2.1495717345181293
16.59,0.01262178973011966,2.323390247214405,-3.3953240361116035,1.9693499785737465,2.0251132726308954,2.0627397388019872,2.1120995507793814,2.143175069217733,-3.779296875,3.6872524891588876,13.215923801317532,,2.055349041504156,2.2890764334551528,2.8137111896511025
16.6,0.012605220487584723,2.3218647322202064,-2.9574277182391824,1.9792572505220276,2.0389930106270264,2.0816950209397733,2.142557650944824,2.148486036629679,-3.3837890625,-2.438463582131084,10.933651835219724,,2.1149188047296748,2.335559480071862,2.2529080292745314
16.61,0.012576323153705167,2.3192017800472513,-2.4805530365711683,1.9900217927565766,2.0523777277911415,2.0976071702723336,2.1587322407310285,2.156200565692828,-2.9443359375,2.71493486370101,7.65991105474371,,2.1704662167485673,2.31764674931305,1.8589734376177078
16.62,0.012535207258317716,2.3154075819582305,-1.966304575174213,2.001764842952778,2.0658797795620045,2.112821391366918,2.1707640605753733,2.1661520068745657,-2.4609375,2.4176522022705673,-1.749297117142232,,2.22454152946991,2.2882050709842328,1.9087616807202106
16.63,0.012482028643387887,2.310490988501677,-1.4164402176119557,2.0115101198853704,2.0711836678843816,2.105466998447864,2.116065911484066,2.176955037845796,-1.99951171875,-2.7777749896667627,-7.894561394834284,,2.2214674291597394,1.9585520432003927,-0.15596285663554602
16.64,0.012416988872320638,2.3044635198167973,-0.8328653958630474,2.023022858028143,2.0807174179708983,2.11211148344149,2.1169551890161573,2.18744432801878,-1.4282226562500002,4.756583136666766,-10.808865002787387,,2.2448554286939024,1.994828100264391,2.3863655615059947
16.65,0.012340334465972788,2.2973393790132337,-0.21762666385639126,2.035375587573649,2.0916919667331153,2.1235630141990884,2.13544423133905,2.197599532820403,-0.8349609375,-1.05878455336186,-12.83571463667992,,2.2727089388172463,2.090512701341583,2.76749461459397
16.66,0.012252355968262574,2.28913546860747,0.42709539816959263,2.0478394807467124,2.102317466903483,2.134336509997714,2.1512117165555864,2.207526172000065,-0.2197265625,1.7370571035957336,-14.296079010411777,,2.291713965473073,2.1495021936416254,2.5363142843593525
16.67,0.012153386844918429,2.2798714099841835,1.098993936620584,2.0599008738005393,2.1116164090966336,2.1418079567469923,2.1567537897960483,2.217104150048412,0.41748046875,2.097055949400857,-15.295231828969678,,2.2952349087995096,2.1604728898969476,2.092667116319839
16.68,0.01204380221954066,2.269569565831085,1.7956442166845963,2.072263617333435,2.122082729291852,2.1532506412373267,2.1754795714255044,2.226162517232814,1.0986328125,2.8998477169268644,-15.862468845708667,,2.300377589965439,2.241055306796022,2.185798914228869
16.69,0.011924017451766748,2.2582550654683855,2.5145126287905604,2.0845906951346476,2.1329300756223954,2.1658892148765423,2.1960206077270703,2.2343757389330636,1.8017578124999998,1.8713584661595408,-15.985832355907705,,2.301842150713297,2.3073957674371077,2.2216602898932685
16.7,0.011794486562930143,2.2459558329570655,3.2529662774804953,2.0947820878370678,2.1382829168706374,2.1631875369048252,2.169067928123604,2.2407527886132335,2.48291015625,-1.946639988732714,-15.624397640004755,,2.2606900124798095,2.14678530758312,1.328219601893981
16.71,0.011655700515178608,2.232702617821349,4.008283113625046,2.1051923214023582,2.1456139539562495,2.167991476353431,2.1723364998935404,2.244551083895637,3.22998046875,4.062153396007542,-14.712347901103136,,2.2314873276157976,2.1767368572859147,2.2242618915329992
16.72,0.011508185350576017,2.2185290281584744,4.77766256382829,2.1158919099317184,2.155030818111397,2.1795588085025295,2.197261407948313,2.2461285566964744,3.9990234375,1.9277206050977256,-13.16580096060865,,2.2165469809295586,2.2805375936972223,2.6815434187715956
16.73,0.011352500197239924,2.2034715658295445,5.558236604072002,2.1261259384095004,2.16408861381769,2.190050685074219,2.215499923535275,2.246280452451802,4.76806640625,1.2756440910802938,-10.883624715694463,,2.2001271188262357,2.3144359934163323,2.491075560958763
16.740000000000002,0.01118923515007322,2.187569663326879,6.34708121835056,2.1363418985626055,2.1741323793082996,2.2032593921244845,2.23922971367638,2.2458715455838356,5.55908203125,2.866980596993669,-7.576669178487241,,2.194201246633404,2.361911699148012,2.4089983390303362
16.75,0.011019009034121818,2.170865721791778,7.141228177446365,2.1461173864886454,2.1836882057781954,2.2146298049047974,2.2536719879505713,2.2455812515095914,6.35009765625,1.676478606407389,2.20208252551921,,2.189587608805786,2.353565394608095,2.1569040247737963
16.76,0.010842467059035918,2.1534051495090525,7.937677068276725,2.155247820896245,2.192051758039844,2.2224217603480065,2.2557229341941265,2.24558176956963,7.14111328125,2.0700544682188773,8.057836816928498,,2.182833655098211,2.2948037593867374,1.9605741658157987
16.77,0.010660278373526517,2.1352364000270385,8.733407500567987,2.16369966989198,2.1991109878271553,2.2268117199554345,2.248734789072687,2.245623842271715,7.932128906250001,2.2301407830254956,10.979447739890494,,2.1746306508301223,2.214915054354519,1.9646324077086499
16.78,0.010473133529083864,2.1164110088395884,9.525391415112134,2.171572199399359,2.205194043750337,2.229188925815161,2.2390480228311413,2.245346027478847,8.72314453125,2.2942464429067035,13.034727113031247,,2.168500805434313,2.149870018713169,2.127362187844231
16.79,0.01028174186257442,2.0969836273172935,10.310605416630006,2.1790670810315915,2.210940076842066,2.231618147277536,2.233700647468118,2.2446211497223674,9.51416015625,2.404352968169481,14.537104915143393,,2.169658527828585,2.131526446216858,2.3280492556157317
16.8,0.010086828807634101,2.077012052283071,11.08604305435784,2.1864643107729487,2.2171890432213646,2.2364259885064843,2.2388690140696057,2.243755972348416,10.30517578125,2.502803303741306,15.591839638235614,,2.1839069795366224,2.177259113704519,2.492749585124163
16.81,0.009889133145050782,2.056557249291468,11.848726974901819,2.1932546690725014,2.222169636211834,2.2383700155414057,2.236622855882022,2.243363135788782,11.07421875,1.5147277385039275,16.229915682369988,,2.196968449638913,2.1845440124455013,2.2765931651378253
16.82,0.00968940420255593,2.03568336728753,12.595720874636136,2.200831014713453,2.230413048486629,2.250359696255902,2.2666523777479353,2.2443723976099768,11.865234375,3.565968078452442,16.443102076663752,,2.2406560471570187,2.345770176139781,2.6640841546559213
16.830000000000002,0.00948839901464142,2.0144577418911984,13.32414118287857,2.2078954574641974,2.23732075292651,2.2582062526738955,2.279429618537185,2.2473571813642685,12.6123046875,-1.494500971047829,16.196385439877638,,2.2775529187924795,2.379275354947837,2.2729298346755438
16.84,0.009286879453164022,1.9929508840772705,14.03116841214907,2.213490993187494,2.2399267651105608,2.2542138858100027,2.255595061652989,2.251662168278472,13.3154296875,1.0615334619390364,15.432137676774685,,2.2858425541921323,2.2478097389881286,1.468740077581198
16.85,0.009085609339615235,1.9712364505062763,14.71405811785025,2.2186370080593565,2.241937684123087,2.2502553749642003,2.238198369028094,2.256094896916942,14.0185546875,3.3096209645146017,14.077248512243855,,2.2922991853694517,2.1885626854217604,1.8827537097407439
16.86,0.008885351550002045,1.9493911912167816,15.370151416524173,2.223436337222296,2.2437299622751117,2.247391082492662,2.2294134690438954,2.2597099652911448,14.69970703125,2.081036547186475,12.061033325735604,,2.2980627440632295,2.1782241323126987,2.2976831684553374
16.87,0.00868686512331027,1.9274948698310317,15.996885019233815,2.2280744455077404,2.245901216200282,2.2471293809070962,2.231928950123204,2.261891861587131,15.35888671875,2.4028945771798815,9.245680502692231,,2.3060093184852266,2.214486317245543,2.5319588691750794
16.88,0.008490902384512382,1.9056301508775648,16.59180074437227,2.2319515707058506,2.2464921796628006,2.2435942392910952,2.2253801628536283,2.2622391531337653,15.97412109375,1.4212370742999714,4.844130631552521,,2.3011843599576336,2.1935164921643353,2.29221763981483
16.89,0.00829820609302251,1.8838824483270822,17.15255448209178,2.2363663989358282,2.2497700278935273,2.249110753524117,2.248240811262386,2.2607434657384604,16.58935546875,3.494066477564162,-6.070918948872222,,2.3137614241641997,2.312142449997935,2.6126036618485604
16.9,0.008109506627409276,1.8623397290154933,17.676924590344065,2.2399240952050503,2.251006740151583,2.249102729795496,2.250037830601994,2.257499743966768,17.138671875,-1.7067513692448464,-9.643422787970708,,2.3086855338955448,2.294504158008723,2.136146698795334
16.91,0.007925519217034058,1.8410922643418486,18.162819710015885,2.2432592461626424,2.2524035970025866,2.2503867564246516,2.2552282508764794,2.252444868867494,17.666015625,3.0405093158433676,-11.960456542926813,,2.30257915835926,2.3017617889026507,2.1344267266809247
16.92,0.007746941231111194,1.820232323545673,18.608285993628748,2.2469759724640905,2.2558126640977405,2.2578667174540072,2.277382912789403,2.245620417128035,18.17138671875,2.845204106664403,-13.613240841148222,,2.308573028530179,2.377765807286814,2.460825975822042
16.93,0.00757444953546253,1.7998538020595243,19.011513748369513,2.2482357742076635,2.2520552944161496,2.244879659432854,2.2334769177442726,2.2365853472923494,18.56689453125,-3.2361380305283762,-14.766952645152672,,2.261039125282296,2.12936630458971,1.1298429722086476
16.94,0.00740869792698645,1.7800517789827386,19.370843499675868,2.2507437709688243,2.253532776402526,2.248944577965109,2.2495939637345144,2.225361030686795,19.00634765625,5.105528209390977,-15.473470126610149,,2.2530300818506737,2.243185353611829,2.5801011175748925
16.95,0.007250314655565609,1.7609219987133977,19.68477148609579,2.2533539824754008,2.2560387649684426,2.2558453188675314,2.2705920782328213,2.2129378092791834,19.3798828125,-1.7828010085864823,-15.73368267204317,,2.2525441586637127,2.3249224097410957,2.705065230233987
16.96,0.007099900042805175,1.7425602732868726,19.95195459958276,2.2551676665107063,2.2565846720255665,2.256694047433978,2.2687715481991235,2.1999679625292896,19.6875,0.862558858878471,-15.515339801673504,,2.2384099072941264,2.2806675895977144,2.2061958266279746
16.97,0.006958024206628531,1.7250618040642314,20.171214787725088,2.255499726887252,2.2531736662528803,2.2466409074487905,2.2344711947398808,2.1866644568515774,19.92919921875,1.6217921259369688,-14.75769653112442,,2.197931195771335,2.1103167244729204,1.4637472931918265
16.98,0.006825224900353528,1.7085204241258336,20.34154293561912,2.2572417898240476,2.255302352870936,2.253786926003622,2.2589102411795356,2.173845495513448,20.19287109375,4.4846801946315304,-13.373348662263822,,2.2039958349097803,2.2732109312336446,2.6718815421894346
16.990000000000002,0.006702005474441446,1.693027766046955,20.462102245196917,2.258553091128752,2.2565234843490223,2.257611664715514,2.2683026697465682,2.162515723343953,20.36865234375,-2.551123646083247,-11.256850822398523,,2.2064191579634636,2.3030444493233104,2.450952658649926
17.0,0.0065888329686427695,1.678672363594869,20.53223112885991,2.2579443385398155,2.2521701337169695,2.2454180129907266,2.2278077413617625,2.152504769045393,20.45654296875,-1.3566306885349042,-8.168053469770681,,2.171751741299261,2.1041530332335374,1.3687494233570892
17.01,0.006486136341771977,1.6655387001540762,20.551504183902143,2.25762093649025,2.2497644795962377,2.240482376650144,2.2178744177333196,2.1433078255449223,20.54443359375,4.170520058862251,-2.0486863195700127,,2.1592732430216373,2.1234204413903055,2.1727422433274692
17.02,0.006394304845821094,1.6537062211413975,20.522669494556624,2.2560274084374528,2.244130778073431,2.227279922299685,2.185710538016968,2.1345525440297006,20.54443359375,-2.4301234508830585,7.549915173489294,,2.1291877396634704,2.025334748022901,1.9194639534206044
17.03,0.006313686550574008,1.6432483320232958,20.447596636548912,2.2543760276364795,2.239478623377869,2.2188511690450023,2.1740983642588154,2.126086457186916,20.522460937500004,3.392088788693645,10.692979559212464,,2.1134458684092414,2.0579422605467332,2.312571398514084
17.04,0.006244587024314468,1.6342314074383293,20.326329949079515,2.2526809260891807,2.2356452070278543,2.2136081931543643,2.175129430147489,2.118276683442201,20.45654296875,2.119355941950951,12.880834726712814,,2.1112050897163326,2.1392803498012425,2.469442068827281
17.05,0.006187268175627541,1.6267138399646675,20.159085379709378,2.2509385835369207,2.232389310731291,2.210370295905167,2.184544485724137,2.1114192235184457,20.3466796875,2.0979689149669145,14.493125091294145,,2.120831498089701,2.2258397406581403,2.4293134886821086
17.06,0.0061419472606852495,1.620745158867208,19.94625187569101,2.2474493648018163,2.2242278270536326,2.1930523955342887,2.1485947354172823,2.1051395348228796,20.14892578125,-2.0336813600157573,15.653448490465525,,2.0990852678088663,2.0897522083148976,1.4390671773328632
17.07,0.006108796059778289,1.6163652493730072,19.688390907393906,2.244166211469153,2.217637215676314,2.1819360665999206,2.1435535330500723,2.098895098894967,19.951171875,3.981913164309665,16.402183820936852,,2.1000983379858322,2.1379252680358443,2.1131845147512673
17.080000000000002,0.006087940226215672,1.6136037014263853,19.386235443069303,2.24015822022233,2.2094850134062325,2.167530921278857,2.1312069191792804,2.092368804359699,19.6875,-1.3395559356503848,16.739084243099544,,2.0969976904240473,2.1218714206098457,2.0828237236495704
17.09,0.006079458810059761,1.6124793133856756,19.040688364286915,2.235468297999971,2.2000368426047126,2.151511354906701,2.1166102359570327,2.085117366204606,19.3798828125,2.204115758189007,16.636764010295902,,2.0915143420060223,2.0896813108783214,2.0542871119758805
17.1,0.006083383958502082,1.6129997708467214,18.65282030986518,2.2301030084410542,2.1894728744506704,2.1350791682137085,2.101670509866253,2.0768368406123696,19.0283203125,2.1661861855939883,16.045611245915705,,2.08395800422047,2.0549042708397103,2.043053016147278
17.11,0.006099700794015524,1.6151615140089142,18.223866935156313,2.2248970792336817,2.1807893228545803,2.127260799794696,2.10986809979599,2.067648295463114,18.65478515625,2.8849001404711054,14.898135633420305,,2.094253199881674,2.1271187769020923,2.387574482332687
17.12,0.006128347470744787,1.61894979920404,17.75522557325693,2.218768756303922,2.170224193868599,2.1155442546772223,2.1006325039428253,2.0577934649150396,18.21533203125,-1.3503875336549536,13.128574052369961,,2.091934854927277,2.085923331361965,2.009701328198523
17.13,0.006169215408921272,1.6243389519748956,17.248451285191507,2.212504577896875,2.160670604377033,2.1083990768218883,2.1015105195044583,2.047473507763944,17.75390625,2.988770570803233,10.656415183512026,,2.0969270410499594,2.1039632094304275,2.1146040984285177
17.14,0.006222149706414051,1.6312928010614638,16.705252287433602,2.204952179706332,2.148195838612041,2.093901457384048,2.0756652500771695,2.036920403225895,17.2265625,-1.4674879623008765,7.14879113087495,,2.0791808784657624,1.9892373989528138,1.6108762452754721
17.150000000000002,0.0062869497258568165,1.6397652754441814,16.127484747335977,2.1977379458209394,2.138542678129533,2.0884924590405767,2.0784569802027693,2.0268049367153274,16.69921875,3.5558145822860396,-3.2868335335179495,,2.0801656132557302,2.0470617913373776,2.2243485423032334
17.16,0.006363369855125604,1.6497011407246218,15.517146940150996,2.192159894909435,2.135579732887034,2.1010568568564256,2.13162353309226,2.018398746280765,16.171875,3.130998556794213,-8.330995364351157,,2.1245637142338807,2.2931668116975064,2.903111015116985
17.17,0.006451120438284788,1.6610368469555936,14.876372765322213,2.183853849022331,2.1242207099581947,2.0878045609423115,2.0912464741783685,2.011471165397783,15.5126953125,-4.281221493816498,-11.078275995830369,,2.100760475847236,2.0463617660022972,0.9595442641632242
17.18,0.006549868873472566,1.6737014577401865,14.207424624567304,2.1744657672689147,2.1107213302496026,2.068932856985178,2.038985360977958,2.00421911025876,14.853515625,3.8831365971048895,-13.00299669377699,,2.0578202659708005,1.8286811947207882,0.6511832709451361
17.19,0.006659240873565168,1.6876176299879624,13.51268566986991,2.165310475696978,2.0994833437469422,2.0573858246426417,2.018955852666218,1.9954541077010912,14.1943359375,2.9775762188151775,-14.379670625425563,,2.029146320804155,1.8342928840114423,2.041703896682288
17.2,0.00677882188484056,1.702702614965022,12.794651435739691,2.156494061331981,2.090497089671781,2.0523169821368836,2.022339354325847,1.984957217267699,13.513183593750002,1.5967968346144106,-15.299430001605268,,2.0146423352215956,1.9396055319456116,2.5262735609296487
17.21,0.006908158658265599,1.7188692538992545,12.055920876843167,2.1461846695691174,2.0775572425949465,2.0352113892718977,1.9874207049592512,1.9728063498626252,12.76611328125,-2.1600186147422566,-15.785104377468535,,1.9677806711366528,1.828422714102095,1.7770505479970145
17.22,0.007046760967449884,1.7360269450252224,11.299186839184632,2.137310971809955,2.0703527963823816,2.0354380640108234,2.011909675145172,1.959985623111879,12.06298828125,4.383883903922768,-15.820186204883386,,1.9656133641870994,2.042120504401367,2.533488765948865
17.23,0.007194103466755685,1.7540825631790367,10.527226000238304,2.128551403044498,2.0639390929387886,2.0364251299444236,2.0316986113478275,1.9482915019224571,11.31591796875,-2.1017048748314333,-15.359402012342391,,1.9682836617904143,2.14798371783461,2.284400802148235
17.240000000000002,0.007349627682520246,1.7729413175079056,9.742888320597576,2.1186802732768375,2.0542069773364875,2.026213116769753,2.0118130133714858,1.9389062077693984,10.52490234375,-1.078981357794948,-14.333085161736294,,1.9452503408166002,2.0487937380566783,1.30436527235336
17.25,0.00751274412984383,1.7925075372246002,8.9490860566052,2.1093292166385873,2.046639701635298,2.022061507073209,2.012265420542804,1.9327569353130867,9.755859375,3.5691454371626428,-12.653476951340556,,1.9409124851856088,2.0690802295364246,1.836692444224639
17.26,0.0076828345469201805,1.8126853793684377,8.148782389850876,2.099898000368299,2.038999956262925,2.0167125099694743,2.00716086197654,1.9306733504899263,8.96484375,-0.7625281485188472,-10.201259038943792,,1.9372449511712553,2.041422533883923,1.9274511478242111
17.27,0.007859254238439388,1.8333794560657222,7.344979735169502,2.0906909096046813,2.032192847853774,2.0128942046951916,2.0058674168026274,1.9327694330248282,8.173828125,2.3476432850787554,-6.5544109646423605,,1.9412125645268556,2.026843051395621,2.087466643473764
17.28,0.008041334519183449,1.8544953817228298,6.540707793660453,2.0809089697912375,2.0234820248368792,2.0026500178334947,1.9839460946189362,1.9380077371088302,7.36083984375,0.2682571743911566,4.300654921403013,,1.931634712045507,1.9125774931391692,1.753731787110974
17.29,0.00822838524854939,1.8759402429039822,5.739011421115689,2.069765523007926,2.010466570355914,1.9801599383831794,1.9282369568098336,1.944174880159866,6.52587890625,0.44145005295708006,8.781957653294105,,1.8914941536624619,1.6624922485493083,1.0556438588787997
17.3,0.008419697446396228,1.8976229953660533,4.942938384962543,2.0583727228094117,1.997161584951583,1.9585975023153788,1.886315619748419,1.9492187262005995,5.712890625000001,2.966626929259078,11.432892452297255,,1.8533462702712564,1.5608162734065556,1.6675412930295126
17.31,0.008614545980298642,1.919454793895907,4.155527084302542,2.048495658363944,1.9893036270672104,1.954238819542255,1.9060753675767925,1.9526221176555012,4.94384765625,3.226728442662218,13.321369696703888,,1.861503979564588,1.8075897686116222,2.652665086977262
17.32,0.008812192314023769,1.9413492612984358,3.3797943078070087,2.038632591453658,1.9813909714804194,1.9490638837740104,1.9180192880394258,1.9547885683659192,4.15283203125,-2.0968977838824903,14.684411717289773,,1.8702096066391602,1.923268575315972,2.3401092197045745
17.330000000000002,0.009011887306811506,1.9632227031966951,2.618723103103271,2.0293019545012787,1.9750565286231287,1.947742222511568,1.9369787905515647,1.956186672393429,3.3837890625,2.7259123607509155,15.602998954255822,,1.8912996642275597,2.0414544591424,2.096234847786765
17.34,0.009212874052849877,1.9849942753142626,1.8752508288846792,2.0208125024011796,1.9710636736771154,1.9517909309458337,1.9649541959385142,1.9572166427303597,2.63671875,2.225587781854487,16.09661121129393,,1.9280016516573457,2.15852078401719,2.0257996967816103
17.35,0.0094143907501828,2.0065861096901796,1.152257457378674,2.011371394285646,1.9633029622754428,1.943233290791722,1.9463728957689208,1.957499707687978,1.86767578125,-2.1850468908087044,16.14817750910914,,1.9331357763846222,2.03682220254669,0.9636939447551816
17.36,0.009615673588174448,2.027923405897457,0.4525541901244759,2.0022628450065527,1.9562951646562232,1.9365495264070778,1.9343661406857955,1.9563009573982197,1.142578125,3.2451115534715016,15.713617471944875,,1.9410574830323553,1.9726375433449663,1.513065793029033
17.37,0.009815959642588488,2.048934492855104,-0.2211275556047036,1.9934804945251712,1.9499013244751637,1.9311372675980127,1.9262788270627176,1.9535326875001613,0.439453125,1.5583115151355957,14.726577586120602,,1.9491173407691842,1.9242888895845254,1.9415312879717732
17.38,0.010014489767306537,2.0695508662854984,-0.8661467387717972,1.985877157100014,1.946754467052548,1.9342407242662258,1.9431209164044863,1.9500267363033412,-0.2197265625,2.6749490932375415,13.106594696739121,,1.9746330513052832,1.9851377226872686,2.417175252203197
17.39,0.01021051147172744,2.089707206311431,-1.4799628209009217,1.9790674832555932,1.9452039202905729,1.9399998044510296,1.9620304121243175,1.9472567593646384,-0.85693359375,1.3426943290144506,10.75609082432079,,2.0028969577270104,2.0235194379909833,2.333906706911166
17.400000000000002,0.01040328177293871,2.1093413791347544,-2.0601453899836497,1.9735916155514026,1.946738062154248,1.952136401095111,1.9933478894825698,1.9466712676050821,-1.4501953125,2.5757153434552076,7.365986638943979,,2.0424576375364984,2.103089041431544,2.303886153678703
17.41,0.010592070011852204,2.128394426211647,-2.6043832525722546,1.9678194201680748,1.9457720177943603,1.9541996731683382,1.9865516621532826,1.9488003068295192,-2.04345703125,-1.8413841113532454,-2.789974932713897,,2.0530583604820114,1.9949076560818793,1.443588331264502
17.42,0.010776160622628225,2.1468105438481846,-3.1104929719396552,1.9612838573443758,1.941092904128494,1.944327239714245,1.944619510887959,1.95307332980407,-2.61474609375,1.6278327588886266,-8.200260107808402,,2.028253006935259,1.7639589454838522,0.3978179861357393
17.43,0.010954855844890941,2.164537055692807,-3.5764268371424373,1.9564775095094722,1.9410193234179594,1.9474756750111608,1.9499217626892031,1.9592654914124306,-3.09814453125,3.827056294021154,-11.04221980076256,,2.0272391512148253,1.8429889373587398,2.1591853544617234
17.44,0.011127478368456624,2.181524380201937,-4.0002802542668885,1.9524069607257741,1.9418879639282416,1.9517585711515535,1.9578486192524598,1.9676730187424558,-3.5595703125000004,-1.5446546850391263,-13.041031803806034,,2.0234690001393707,1.9055434945497565,2.3438153998769966
17.45,0.011293373900548447,2.197725994801326,-4.380298556895178,1.948156698898463,1.9407116643279467,1.9488249521122667,1.9431655313614666,1.9781734161149147,-3.9990234375,0.8525649782850675,-14.490475806791762,,1.9973215146117342,1.85521798581731,1.882809528128244
17.46,0.011451913645768873,2.213098398158415,-4.714883237753943,1.9448796491955684,1.9413749854351043,1.9506075961923142,1.946463367753837,1.990572205720779,-4.37255859375,3.1157642411036908,-15.489169030592786,,1.9786047392654424,1.9211639292856124,2.0649200414074547
17.47,0.011602496689428433,2.22760107171598,-5.002597607486624,1.9424640884268352,1.9433471679812937,1.9550992532042708,1.9579865425868577,2.0048468386143585,-4.7021484375,1.556064875300601,-16.064483235461356,,1.9649035591948196,2.0048061059572446,2.1185065037132986
17.48,0.011744552275198765,2.2411964414122503,-5.24217188944433,1.9407470636853787,1.9460004551339105,1.9602762787206185,1.9697245371839571,2.020675554573569,-4.98779296875,1.8431458090748496,-16.204496229841897,,1.9533907892281577,2.0616867977357027,2.0346488523926167
17.490000000000002,0.011877541968455238,2.2538498403225904,-5.432507761274451,1.9395334035431044,1.9486855816576962,1.9643400428592432,1.9761131469477617,2.0371222906231616,-5.2294921875,1.87957446347509,-15.869763045943118,,1.9412202616871252,2.0744368152099413,1.894149525925302
17.5,0.01200096169711104,2.265529472799884,-5.572682354894799,1.9376208667373016,1.9476895535080636,1.9572680452578801,1.9485115292746382,2.052572296738833,-5.44921875,-1.110723346111703,-14.997757232918284,,1.9033095237387403,1.9273884261844236,1.2378027074193705
17.51,0.012114343662206399,2.276206380559962,-5.661951726202908,1.936969441229552,1.949621202162323,1.959095755016596,1.954085985792187,2.065697207434527,-5.5810546875,3.6052411482790183,-13.51064232449471,,1.8916697402223464,1.9694081647707953,2.1032423996447402
17.52,0.012217258111011176,2.2858544110519463,-5.699753890145621,1.9371692571671237,1.9529440620494718,1.964449646446427,1.9697385104335219,2.07606020674713,-5.6689453125,0.9566582692164165,-11.323661293361935,,1.8951671806236419,2.0254947103113503,2.3298498904415954
17.53,0.012309314965920923,2.2944501883675925,-5.687233011241823,1.9388397124241208,1.959497972575823,1.9779825865343796,2.006468623426013,2.0837555111184254,-5.69091796875,2.718557478971026,-8.220589478882955,,1.927249298794001,2.1461622289934894,2.5138932754298944
17.54,0.012390165302971464,2.3019730868752517,-5.627623587738462,1.9394944126817335,1.9613281823099287,1.9768014502530948,1.9922556795669546,2.0888708504435014,-5.712890625000001,-2.4880658438793106,-2.370927440386274,,1.9276654214004227,2.0061573508681194,1.4701097748462595
17.55,0.01245950267436894,2.308405207710815,-5.521069724987412,1.9422076398605204,1.9686803590842559,1.991540718736286,2.0283412464569053,2.092157324524508,-5.625,4.31233105514521,7.361065254312016,,1.9731235775895388,2.139030980785325,2.343873801207623
17.56,0.012517064270021505,2.313731358216797,-5.367733855685762,1.9465891137535707,1.979746177687101,2.0147741267164436,2.08121639061311,2.0953234799985063,-5.4931640625,0.6593085936793804,10.464376551508767,,2.044290151185072,2.287950575145496,2.588910193022308
17.57,0.012562631913671097,2.317939034390163,-5.167957448592786,1.9503344231895976,1.9869879966401485,2.024469797218022,2.0832389435350427,2.09943188571997,-5.361328125,-2.2595440296518987,12.589402696141974,,2.084419033334153,2.178018383562849,1.6410877626395852
17.580000000000002,0.012596032889848837,2.32101840637699,-4.922260712278364,1.9545308322589843,1.9942448659936634,2.0330428434176366,2.0815114290796357,2.1048980942748075,-5.16357421875,3.3296128387663937,14.12312557971402,,2.1211395209738524,2.0952646134231414,1.6475301560045297
17.59,0.012617140598520168,2.3229623070365855,-4.6313416837507235,1.961065165711533,2.0073892088785823,2.056711138730958,2.1244985308349906,2.1123530815867038,-4.8779296875,3.4422221330297678,15.188279115192103,,2.1912790696039597,2.2353785428970445,2.606685641356566
17.6,0.012625875034938134,2.3237662235873344,-4.296074691150653,1.9665938011224502,2.0155005441252345,2.063551377626524,2.1106104272554718,2.1215419169701977,-4.6142578125,-3.3635301493925054,15.821391153741612,,2.217364845435736,2.0780457443339664,1.7308721472561035
17.61,0.012622203092886126,2.3234282923402367,-3.917508178859437,1.971362676544953,2.0199683932601276,2.059777824276518,2.070016117434093,2.131027014798638,-4.306640625,2.815375742271502,16.015430648650728,,2.2109257567038347,1.8551475636886854,1.2125576775269777
17.62,0.012606138690160678,2.3219492965226465,-3.496861883089491,1.9775745561886215,2.028061580713745,2.066911158732062,2.072930539182059,2.1400016521466134,-3.9111328125000004,3.7172861919794573,15.733967478049022,,2.220641542745557,1.9289934486350606,2.3527890001388614
17.63,0.012577742715818737,2.3193326671929553,-3.0355233464219276,1.9841558845336558,2.0361637529983145,2.0737002291339963,2.0775573953353472,2.1486586626072786,-3.49365234375,-1.4472609177969382,14.915009475474815,,2.2209994291643285,1.99054122727601,2.4265600988351603
17.64,0.012537122799389254,2.3155844872459133,-2.535043760921551,1.9931748935297784,2.0507012902092976,2.0978657882619824,2.135515657323049,2.1577677608786345,-2.98828125,3.894152729825936,13.476830362788201,,2.254828282912019,2.2805891867232293,2.963814114304477
17.650000000000002,0.012484432902924017,2.3107134985069786,-1.9971331314684733,2.0005793004797088,2.0585994639755634,2.1012781747040057,2.122573711658733,2.16740437991479,-2.52685546875,-3.736978126453065,11.327418660523595,,2.2343452466641143,2.1742424173632298,1.5156358646410306
17.66,0.012419872737433826,2.3047311119114027,-1.4236547538384814,2.0079543332105625,2.065535573772223,2.102429184743783,2.1080339686706773,2.176798420058827,-1.99951171875,3.7731715920101765,8.246897965085749,,2.2013540413454593,2.1128260630183386,1.3749495102531575
17.67,0.012343687005921903,2.2976514207587537,-0.8166190058504692,2.016669512245126,2.0759085596186955,2.1138451723175153,2.129668020695928,2.1858514882631814,-1.40625,3.1359102563615133,2.432341068909012,,2.1879249492057626,2.2260153253407386,2.3480337380199043
17.68,0.012256164475883935,2.289491217025099,-0.17817645455301626,2.026000094532902,2.0872050122028076,2.1273013773672687,2.1550612115533903,2.1948062123058514,-0.791015625,0.6058984260189786,-7.37121079465086,,2.1781203375888842,2.3019108927514482,2.510035888919692
17.69,0.012157636884789692,2.280270010701703,0.4893897121176183,2.0344906507218425,2.0949487586830595,2.130305174787374,2.1462904836509638,2.2033429591480074,-0.17578125,-0.7814092409412847,-10.502573318942789,,2.1430932151192676,2.199954308557576,1.8887324270165942
17.7,0.01204847768269565,2.2700100521098596,1.1836719146054377,2.042949195227801,2.102090325222389,2.1324717187580404,2.1389122470941793,2.2109991053501075,0.48339843750000006,3.080184945116712,-12.6534386360509,,2.1072565639558976,2.133092387958466,1.932846140416245
17.71,0.011929100616753462,2.258736357114184,1.9021470505747218,2.054002964542026,2.1168296989527473,2.156520768452483,2.1995352967318196,2.2180812844585236,1.23046875,4.032037590995598,-14.21424108041503,,2.1321974199477194,2.3748276406564526,2.992928036252828
17.72,0.011799958162980465,2.246476735120299,2.64218597479548,2.062380939429885,2.122271395475407,2.153042005644153,2.167888851660817,2.224270137025365,1.8896484375,-4.549239587722223,-15.309318085171997,,2.0950043428878597,2.126606476452258,1.277653364055902
17.73,0.011661539811235336,2.233261819694583,3.401063554137897,2.071384332967268,2.1296158213928025,2.15663994512137,2.165376907472682,2.2287897049597993,2.63671875,4.87566445906021,-15.976406655654607,,2.08242021565482,2.1024452506617033,1.9646641257871744
17.740000000000002,0.011514370209900277,2.2191251015818887,4.175969254296276,2.0810179083522797,2.1387598508944676,2.166152702680884,2.182852962256583,2.2319572412511057,3.40576171875,1.6531421705163856,-16.210240183020684,,2.0938696418351235,2.1753282302820804,2.4699220995711326
17.75,0.011359007177301284,2.2041029638186553,4.964018207602804,2.0913842372283287,2.1498930233230467,2.18127535772865,2.2147406654078057,2.2346416499432604,4.19677734375,2.2679291623590383,-15.976602558295657,,2.12951591131166,2.2906796673780674,2.667717700406774
17.76,0.011196039587403802,2.188234718541172,5.76226270443466,2.101750055411235,2.1606080448268496,2.1945531537293506,2.2356051054090593,2.2374682526914698,4.98779296875,1.6295779462920132,-15.216385601247406,,2.169376915102336,2.3285458949275353,2.3653169192723325
17.77,0.011026085137798685,2.1715626449685264,6.567704044481094,2.1107252412469832,2.1667437353887258,2.1947790610210616,2.2149201441714768,2.2402549786764054,5.7568359375,-0.958335132544182,-13.850596054934089,,2.182541806063711,2.183085944737932,1.442032871593145
17.78,0.010849788008436745,2.1541320278930156,7.377304678724079,2.1209508489014035,2.176957883047956,2.2075903523508265,2.2371373225699664,2.2428137308633693,6.591796875,4.2874241534177715,-11.795259017525613,,2.231009937320852,2.2871742856926454,2.4338281329599747
17.79,0.010667816419987765,2.1359911958346656,8.188000568580147,2.1301498360001005,2.1838741389616647,2.2109412164803723,2.2284685683648386,2.244960239964838,7.3828125,-2.745182567051236,-8.87667351755393,,2.257797705053778,2.214192562756384,2.047846091297408
17.8,0.01048086010107708,2.117191557805841,8.996713685406583,2.139306696748633,2.1909205334588746,2.215574470615215,2.2272622677223195,2.2462130928637385,8.19580078125,3.3643334008945343,-4.015692418898724,,2.286611295919882,2.2054700648368177,2.241923315695335
17.81,0.010289627674001057,2.0977876373839965,9.800364571611643,2.1484436814783416,2.1981996461268225,2.2216062684954485,2.2325137241725277,2.2463057367227965,9.0087890625,2.213104371331805,6.718115665016757,,2.3157435032139095,2.2295586166760897,2.3865221280923854
17.82,0.010094843968828803,2.077837102500595,10.595884884004914,2.1559145129737476,2.2006567612741113,2.214860361511691,2.2007333196603627,2.2450211989959357,9.77783203125,-1.8234651716132686,10.124485563561416,,2.308893878586797,2.0773331126958103,1.6921653954232445
17.830000000000002,0.00989724727607245,2.0574007890201473,11.38022984081488,2.1658500369033944,2.211588411103864,2.2339101155617893,2.2547049622265356,2.2431180180708643,10.634765625,5.149106766893075,12.414942276436387,,2.3577452111835355,2.371120127773045,3.0610806001963367
17.84,0.009697586548337614,2.0365427158018248,12.150390495975506,2.1737263440467176,2.2161493093062905,2.2340330163382145,2.2427252078301056,2.2415685491441435,11.3818359375,-4.4127281391912145,14.083674045258121,,2.355793904877258,2.2657933088052666,1.9338450393116438
17.85,0.009496618561560708,2.015330088507839,12.90340576778493,2.182173102810077,2.2231597646459202,2.2421957706141296,2.2584916846083463,2.2408715334537845,12.1728515625,4.596659811482759,15.27968724535778,,2.3658460157833097,2.3307921377777885,2.3063532792048593
17.86,0.00929510504659477,1.9938332889493222,13.63637415376727,2.1899240874209176,2.2284591097599584,2.245727791745465,2.2584904730116353,2.2415494779076175,12.919921875,-1.5111869157354207,16.052407885653036,,2.3583297103846155,2.3004220608518535,2.0760111766308884
17.87,0.009093809802013242,1.9721258462462967,14.34646506938228,2.1978136074753225,2.234821030836567,2.2529010105389538,2.270445885496536,2.2437148189626064,13.6669921875,3.082250100415137,16.40569724761452,,2.353392211839268,2.3320947090150863,2.3501315407988654
17.88,0.008893495799077507,1.9502843855350946,15.030929754953164,2.2048839805580642,2.2391671978460725,2.254631103419377,2.2648543899706675,2.2468294504313784,14.3701171875,0.6409811833709593,16.313674259893084,,2.330264957910101,2.271092479895556,2.1111619430007997
17.89,0.008694922289839122,1.9283885493978963,15.687111702617894,2.210469533340747,2.2396427462300377,2.2464641308466287,2.2321034284862313,2.2494945043987586,15.029296875,1.415224912982949,15.726402667051628,,2.277947043473178,2.104379750986528,1.663627200434276
17.900000000000002,0.00849884192934041,1.906520886639884,16.312456563032054,2.215876093970637,2.2407227148458637,2.2422057468168255,2.219491503390299,2.2503750462761856,15.6884765625,3.4483149762300096,14.57367108228618,,2.2312687932064748,2.0888088130844116,2.2414109091405825
17.91,0.008305997922818402,1.8847667025295876,16.904521499728475,2.2205437848107046,2.2406026591691317,2.2362983486498824,2.2063345510635632,2.248818412541479,16.3037109375,0.954712207789443,12.781213333939684,,2.179330484460707,2.0739403962675333,2.310598148968426
17.92,0.008117121208726959,1.8632138641912392,17.46098396723392,2.22583418373228,2.2436633640838113,2.2412065176318055,2.2300682896184636,2.2450364483658936,16.9189453125,3.5036004989780576,10.24849396245107,,2.1580297845885412,2.2401772626755245,2.7762826630274455
17.93,0.007932927688254382,1.841952554545409,17.9796498970246,2.2303634842963795,2.245221093349081,2.242237900428649,2.237903787104809,2.239728882659965,17.468261718750004,-1.5880361636285911,6.55635535336092,,2.133345186525272,2.2791568699636477,2.3457793891963807
17.94,0.007754115511835877,1.8210749681004053,18.458461282952186,2.2347993262981225,2.2475004609735065,2.2460404218850067,2.252515807275066,2.2336417158384787,17.99560546875,3.0651997132814324,-4.302256554407007,,2.1247633989205204,2.3438794276138935,2.271270900076716
17.95,0.00758136243294782,1.8006749420765524,18.89550316469129,2.238910202259065,2.2496665342791973,2.2497788341467007,2.2635515875929038,2.227553746158477,18.47900390625,1.9382309545288088,-8.753940474957126,,2.1264933236321673,2.371493259620547,2.1637349202186376
17.96,0.007415323239211828,1.7808475168784088,19.28901001387488,2.2425787012072314,2.2513235355872347,2.2522394026674886,2.267920667085973,2.2219350457382823,18.91845703125,2.0934660099388407,-11.373380583224801,,2.135573805914853,2.3578501788401365,2.100038120155579
17.97,0.007256627270547825,1.7616884209020738,19.637371532753022,2.24577689374453,2.2523957641269456,2.2532872951207286,2.2666106857840127,2.216789918976501,19.31396484375,2.263128888264812,-13.226767375672091,,2.1508444080650264,2.317331187714119,2.1206167898383055
17.98,0.007105876033780178,1.7432934761529513,19.9391378793234,2.247695651944926,2.250351099489398,2.245949182989704,2.2402071442640117,2.211579372420831,19.6435546875,0.7644159947848117,-14.549890562131473,,2.152146938476282,2.168666221220996,1.7951675785739525
17.990000000000002,0.006963640922741386,1.7257579232200009,20.193024335865175,2.249433973587155,2.248949240807611,2.2418677606521866,2.2290915525100385,2.2057545856992595,19.951171875,3.3075963934069246,-15.421714662891079,,2.1678739942094762,2.1340763432305474,2.258325436837476
18.0,0.0068304610525123525,1.7091756668388127,20.39791543962439,2.25109661389916,2.248418246965474,2.2412146055917224,2.2309639536666013,2.199184995964387,20.21484375,2.161851766192462,-15.859413155572696,,2.1966905656991274,2.164947602382567,2.5162310382904414
18.01,0.00670684121600937,1.693638446573462,20.552868595048658,2.2519604824037542,2.246330649582247,2.236639841429672,2.220996419415507,2.191771888084889,20.41259765625,0.9258472848096927,-15.843135724863444,,2.2175375622020272,2.1319471682428186,2.236212414550804
18.02,0.0065932499706629856,1.6792349409899838,20.65711718648583,2.2523169618622902,2.243727541579261,2.2315476667460783,2.2118490281041,2.1834345278382785,20.56640625,2.646513821924777,-15.324783433377005,,2.236713738830595,2.124100856530504,2.1450041715272055
18.03,0.0064901178624401324,1.6660498179483976,20.71007320890934,2.2524380821529335,2.2414823481685446,2.228422046764548,2.2107934073953555,2.174414395794873,20.67626953125,2.4489602519037232,-14.232121354602342,,2.2584322236287413,2.1641730249513413,2.2401671940324817
18.04,0.0063978357939419245,1.6541627480930727,20.7119152663274,2.2525691985908285,2.240289058749256,2.2288860604851712,2.2207612421133085,2.1652172306123716,20.7421875,2.410033678058889,-12.476063141014878,,2.2850919620421606,2.2441958681798133,2.382130834598782
18.05,0.006316753542761575,1.64364740298261,20.666201336871094,2.2520748048885397,2.2379554935300745,2.2261788493032584,2.2187348872092776,2.156142911461798,20.7421875,1.2022628544347438,-9.92737361466828,,2.2985892968806922,2.244950838598325,2.1298161289026445
18.06,0.006247178435719385,1.634570463217365,20.57362275627936,2.2511531900789565,2.235160187772982,2.222552389842193,2.213762693522417,2.14700594475703,20.6982421875,2.5079200288723773,-6.07457682557557,,2.30305824603908,2.2337792182989182,2.072681535612971
18.07,0.006189374183998773,1.626990665002326,20.43430404403432,2.2490587183102786,2.2294821637564994,2.2112549414968026,2.186188129075257,2.137142006686929,20.58837890625,0.6943278256113102,4.977384770901907,,2.281195777498691,2.1207404549710085,1.7170974566737587
18.080000000000002,0.0061435598835994235,1.6209579154355649,20.24854489227286,2.246010580642395,2.221886651440022,2.196045859861902,2.152165500395709,2.1258574844214175,20.4345703125,2.4166972069533608,9.135133243205287,,2.2411627002250247,2.0099508933807413,1.7787048144425053
18.09,0.006109909184895605,1.6165125070966098,20.016819926632795,2.2438602094272047,2.2185740628163653,2.1950755241170814,2.1684971085321325,2.1133892591262926,20.280761718750004,3.773524491170633,11.705050098660271,,2.2286281800234824,2.1621898409103975,2.7088199905367314
18.1,0.006088549634447505,1.6136844609883123,19.739777918628693,2.240751706137738,2.2130403215566297,2.1879034178795553,2.1622067087164147,2.1004398858298523,20.039062500000004,-2.5596740420303683,13.553196704910688,,2.1957812516891946,2.1460696661310417,2.276320820675591
18.11,0.0060795621915603545,1.612493023473006,19.418240441506608,2.23764728282659,2.208620558884652,2.1847490395018045,2.1684911669898415,2.08756948116863,19.775390625,3.3151669766728795,14.892271220190219,,2.1693513778094937,2.1948343560845243,2.2909102216400377
18.12,0.0060829809214235555,1.6129463376352307,19.053199957914263,2.2336188246834072,2.2021552049140345,2.1760396788409557,2.1555687712607035,2.075131377548184,19.44580078125,-0.7635496075375061,15.795761017977155,,2.1273286163956087,2.1394043698552054,1.8482842201256482
18.13,0.006098792865993116,1.6150413027868882,18.64581732635273,2.228706670113147,2.1939731044485873,2.1634036818382234,2.1322434261434986,2.063144477665296,19.072265625,2.1749072177747673,16.280437042754475,,2.0748213679623486,2.0553868055147,1.682955509791236
18.14,0.00612693809310663,1.6187636280661066,18.197418712638406,2.2237771619902302,2.187017041864867,2.1556671528297313,2.12744088194634,2.05183062192547,18.6767578125,2.98293240624697,16.328603996200275,,2.0369549443131176,2.0811565995665315,2.1815741472380483
18.150000000000002,0.00616730992364471,1.6240880778532376,17.709491892612473,2.2177698368378316,2.1776970184332245,2.141934435784886,2.1042950259487903,2.041542319630909,18.21533203125,-1.4151964821384388,15.896590363360254,,1.9876784931786846,2.006543690815664,1.940116278243854
18.16,0.006219755335877852,1.6309788986773555,17.18368193317844,2.212374808183286,2.171624823363839,2.1388659153618246,2.1169467319119817,2.0328121223706836,17.75390625,3.672213775640962,14.919965145150416,,1.97397420541082,2.120950998113038,2.5044668491980704
18.17,0.006284075545466186,1.6393904100338916,16.621786240489786,2.2054176241295598,2.161420108376008,2.1239931462391337,2.089689994277611,2.0259203961728436,17.20458984375,-2.775346264652796,13.322312966861995,,1.9373781180100647,2.009229865246607,1.7442944677358565
18.18,0.006360026758913522,1.6492677356017944,16.025748966781997,2.198560026432202,2.152763154270241,2.1149692380957257,2.084183649051658,2.020760967054819,16.6552734375,3.6794405276498634,11.017076026409992,,1.926098241518339,2.040381006911454,2.0925415713976894
18.19,0.006447321097620329,1.6605476471062421,15.397654770947293,2.191344610239665,2.1439438599232568,2.106078226507501,2.0784961163670554,2.017131398882206,16.06201171875,0.9767334060661027,7.741502146213558,,1.92549851411309,2.0538164729944914,2.095581483734852
18.2,0.006545627689032455,1.6731594907028078,14.739721932452783,2.1833058773139857,2.1334105077008925,2.0928127389649798,2.0588860515144125,2.014175276935268,15.4248046875,1.2479896443667995,-1.4545932725314934,,1.922546804272973,1.9970798751975158,1.8277600011767907
18.21,0.006654573920750708,1.6870261652543337,14.054294823536285,2.1739738901049517,2.119765735494123,2.0717265359048547,2.0177756914507836,2.010501870780691,14.743652343750002,1.4410603103520647,-7.84755730499078,,1.9060527483303427,1.8566952588605052,1.4408276369011215
18.22,0.006773746852846955,1.7020651230569763,13.343835750677362,2.1646869430801368,2.1075430921677163,2.056805265704823,2.0025683037032613,2.00514361489152,14.0625,3.200561806262654,-10.783779543866332,,1.9120519883320048,1.8850625009656155,2.0870730954786847
18.23,0.006902694783034409,1.7181893661473182,12.610916183001837,2.1546571208424634,2.094000464252659,2.039348586607005,1.9812805182069269,1.998100989482903,13.33740234375,-1.1024758203877802,-12.824289951876288,,1.9156324106093947,1.8661049179806135,2.0187721299405808
18.240000000000002,0.007040928958758886,1.7353084149126932,11.858207392375204,2.146771869646563,2.088478432811338,2.046322396081897,2.036429877865392,1.9906346612057013,12.65625,4.27181401945426,-14.297655409424836,,1.9860633363464426,2.1886475157802243,2.9415375726439756
18.25,0.007187925429722241,1.7533292299356884,11.088470537289428,2.137836095725985,2.0797682781819202,2.0421033240896325,2.042670226460139,1.984014514834981,11.88720703125,-3.580468098643423,-15.311732245099535,,2.0281714720142157,2.1763272499078923,1.9863697747237348
18.26,0.0073431270338163756,1.772157072455615,10.304546230046753,2.127818245015186,2.0680223276173355,2.028568422407913,2.016166681989438,1.9782904181222252,11.09619140625,2.4122198682206046,-15.897055326376865,,2.0441166525130865,2.03222463769991,0.9249507542170599
18.27,0.007505945508939573,1.7916962932039475,9.509343633979688,2.118429116991795,2.059015427081726,2.0233427920314146,2.0167547316275733,1.9734803946208026,10.3271484375,3.479984144099556,-16.0429342879759,,2.0748086025335706,2.0471826922122927,1.8588988610300194
18.28,0.007675763722692297,1.8118510434198958,8.705829144302177,2.1091359174955238,2.0506751637880227,2.0192908211059857,2.017617695623778,1.969758933679231,9.5361328125,-0.7506670456595852,-15.710209301102294,,2.1008258261076884,2.03942383836151,2.098376648312308
18.29,0.00785193801149962,1.8325259054060532,7.897014712451206,2.0993698989256977,2.0410283758411554,2.010576243368296,2.0015065716928433,1.966800075828172,8.72314453125,1.2754737842909638,-14.835289688396868,,2.1064550206052903,1.9477096912049818,1.8869149192201438
18.3,0.008033800620295628,1.8536264429492995,7.08594587925162,2.089465692316708,2.0312441887630888,2.0011154945963097,1.984092761170625,1.9639411113067933,7.91015625,2.4204297418899006,-13.33719222745645,,2.0996404657802175,1.8762523202038002,1.895673427072563
18.31,0.008220662233521378,1.875059674276573,6.275689586742264,2.0795837503783607,2.021810854724593,1.9923795148848138,1.970566740514875,1.9606441853310765,7.09716796875,1.9769501903567426,-11.123706845182323,,2.0834008013518686,1.8458264104777373,1.9816247627431134
18.32,0.008411814587844657,1.89673447195864,5.46932184188846,2.069735200930616,2.0126824289973144,1.9841325168474664,1.9597734567990748,1.9567167531135332,6.2841796875,1.8658920119021851,-7.952026241806073,,2.057574100424411,1.8424448587517097,2.0000197744835897
18.330000000000002,0.008606533156696655,1.9185618953692696,4.669915307559476,2.0607434363477064,2.006447992958199,1.9835975216761281,1.9729357003147439,1.952493855568647,5.4931640625,2.748468428840079,-1.193238391105467,,2.041218435135021,1.9582782474041314,2.2952477976331407
18.34,0.0088040798964519,1.940455462027473,3.880526896994312,2.0512811905221424,1.99843778165289,1.9765015872142881,1.9620355467926864,1.9484367758197312,4.68017578125,-1.6948945059245697,7.628805738963901,,2.001896128361507,1.9304294733322156,1.773183092591219
18.35,0.009003706043842522,1.9623313644781388,3.104185447482068,2.0429527530729943,1.9939863940189197,1.97876287310446,1.9797513056980829,1.9450981825193716,3.9111328125000004,3.4644103161531348,10.642665535383884,,1.9807635479690269,2.048244204166879,2.1789168342517673
18.36,0.009204654954001945,1.9841086393854253,2.3438795471565603,2.0331709038930743,1.9842909513937017,1.9643498195279527,1.9422705296758962,1.9429096341302827,3.09814453125,-3.0187816544863786,12.724674769025455,,1.9151262734146157,1.8773996103561483,1.0404781962859664
18.37,0.009406164968383646,2.0057092953021,1.6025455857048165,2.0253814036765356,1.9810130619802149,1.9684002389104462,1.9666673559569625,1.9427516513177578,2.373046875,4.555556154386752,14.228036529368254,,1.8962444310894406,2.0425162650506543,2.3657852955333283
18.38,0.009607472301682242,2.02705840520357,0.8830560955143654,2.0185043964013345,1.9798928064526329,1.9763375021691665,1.9956852534971594,1.9459931462142928,1.64794921875,-1.782114316065421,15.266859193165617,,1.8928165543850792,2.149537598802011,2.442444960513745
18.39,0.009807813936816704,2.04808416939752,0.18820844447182986,2.010542423820745,1.9742212076257908,1.9688908431755132,1.9712759147417094,1.952676260049929,0.9008789062499999,-2.1140237592903164,15.874255059607108,,1.8560198749296948,1.9860773640146379,1.3261284598302898
18.400000000000002,0.010006430517000613,2.0687179538835605,-0.47928606455468653,2.0035773978854934,1.9711439214821704,1.968247906358787,1.9708546260370339,1.9618661479690582,0.2197265625,3.8480939380950443,16.040984587967227,,1.8445117532948747,1.9793201002062741,1.8644852371215617
18.41,0.010202569223939435,2.088894308680001,-1.1168126393680107,1.996330524299821,1.966252352939753,1.9612636646218051,1.95075274603298,1.9720896104884313,-0.46142578125,-1.9590419336065277,15.7285846108671,,1.8249033827607637,1.8711814213327487,1.6597754503630338
18.42,0.010395486631245347,2.1085509700820366,-1.7218629483544972,1.988598547179489,1.9590883480028491,1.9476555726215323,1.914520960862033,1.981285840044766,-1.12060546875,1.8272675299272834,14.873496828662656,,1.7956967747531976,1.714823562948798,1.4952723034923578
18.43,0.010584451522252498,2.1276288502867944,-2.292044541318663,1.982065604372872,1.9552748465717835,1.9442567686115715,1.916927579428447,1.9879401798510874,-1.7138671875,3.3645170301671845,13.393499466568686,,1.8025773942514567,1.800831811825968,2.2834405704517957
18.44,0.010768747661555009,2.146072017328601,-2.8250897154393626,1.9750975697016337,1.9492349042466022,1.934145519208938,1.8987134569670234,1.9913293986922331,-2.30712890625,-2.2302506743540156,11.194283210477781,,1.7999798988051603,1.7591748970721743,1.9140968239237797
18.45,0.010947676509760342,2.1638276678181754,-3.318863807863125,1.9701607889175485,1.949064348082411,1.9410658849927365,1.9355559482671973,1.991830468731372,-2.8125,3.966874841413377,8.034610184782034,,1.8504386138415294,1.9981691176240153,2.55626515652672
18.46,0.01112055987117028,2.1808460945774617,-3.7713729033355157,1.9652709737895797,1.9477984539664506,1.943121470608993,1.9489212858426697,1.9907289891342645,-3.31787109375,-2.483564396610938,1.4845332163505485,,1.894087879501757,2.049520203082076,2.0082646071638925
18.47,0.011286742464351698,2.1970806509061593,-4.180770951536561,1.9616415493136539,1.949400613672134,1.952073071101668,1.9782804459253212,1.9896710005222975,-3.75732421875,3.238293052687349,-7.630061722857172,,1.9581647869933272,2.158426526482246,2.07930234639663
18.48,0.011445594405856829,2.2124877129070617,-4.545366294268269,1.9582198156099935,1.9502214511058233,1.9567737758062471,1.9870537661465282,1.990613063871707,-4.1748046875,-1.0264849752849805,-10.693491322665176,,2.011217519952911,2.1405618723545716,1.692299929973111
18.490000000000002,0.01159651359767571,2.2270266410302972,-4.863627607208628,1.957014272352942,1.9566786205050697,1.9756310350596469,2.033383934559405,1.9956370224769333,-4.50439453125,3.650555472547648,-12.820199341135522,,2.0947862128601384,2.275445609886543,2.400035903052157
18.5,0.011738928009374277,2.2406597417702607,-5.13418926449898,1.9566363041449555,1.9637580084451451,1.9926896588809393,2.062638758556487,2.0060010727930475,-4.81201171875,-1.6462048548657666,-14.372371351470111,,2.1674862714453984,2.280303277626159,2.1881818093779697
18.51,0.01187229784626674,2.2533522302574513,-5.355856136908266,1.9548862127013678,1.9645227333012083,1.9891917806924804,2.0247947827289314,2.0205784027168012,-5.11962890625,-2.120762325933138,-15.46794697200474,,2.1831236238901948,1.9870542874712842,0.551241299446037
18.52,0.011996117595404223,2.2650721943281025,-5.527607835693954,1.9528745012153375,1.963203461227207,1.9797864236423686,1.9768824030734127,2.036758396167172,-5.361328125,3.1882408629828496,-16.142962878223234,,2.171911617465321,1.716387065305622,0.976265356222505
18.53,0.012109917941625633,2.2757905605229407,-5.64860241456789,1.9514869335135805,1.9628710007807784,1.9740070114135253,1.9509630736196621,2.0523289937952622,-5.537109375,2.5162088834470766,-16.392175558984448,,2.1539433009394635,1.6317382499881987,2.0395644094813363
18.54,0.012213267546406812,2.285481062358751,-5.7181795414248775,1.9514159668779705,1.9656555527162294,1.9774940953571931,1.9606882107526498,2.0661814567236916,-5.64697265625,2.476437823021112,-16.182597232817994,,2.1431263285610607,1.7663388419707713,2.641609757057059
18.55,0.012305774682767586,2.2941202111300707,-5.73594661994323,1.9522039886906024,1.9698460383394283,1.9843354934692836,1.9805287600480146,2.0779772639412966,-5.712890625000001,1.452642733317635,-15.45767598684142,,2.128353016612668,1.9179542062162562,2.5492561628879584
18.56,0.012387088720037747,2.301687269429011,-5.704805457655382,1.952461303333719,1.9710152662243074,1.981865896651561,1.970004394151661,2.087606222221926,-5.7568359375,-1.1788511986346348,-14.142641182107262,,2.0818367514596114,1.9044635821300755,1.7179567558768578
18.57,0.01245690145285609,2.3081642275175676,-5.626483653300351,1.9550503931605296,1.9783947503430812,1.9969702284371142,2.0156940368746414,2.095530191841136,-5.69091796875,4.165818397909278,-12.162931143372695,,2.073198383801005,2.171399583961285,2.4951996388520308
18.580000000000002,0.012514948269363932,2.313535782645018,-5.501053154621992,1.9585240124848344,1.986880976731381,2.013619829041441,2.05944152752037,2.1029148954010632,-5.60302734375,-2.0243360586718895,-9.38240186471829,,2.067308621994331,2.3126824478727857,2.3235800594811455
18.59,0.012561009154165996,2.317789321372056,-5.328765224284642,1.9617064711153214,1.9931266848708848,2.0232196196695185,2.072808187908738,2.1103529961186336,-5.4931640625,0.6848861576463572,-5.063198234864994,,2.040173076387093,2.2610433119100186,1.5771347251673828
18.6,0.012594909522256859,2.3209149049405737,-5.110051006363481,1.9646246810544565,1.9975569349982294,2.027109514251984,2.063325295806896,2.1176408075795496,-5.33935546875,2.34565530930989,5.950644611209596,,1.998195639976485,2.1298807594890397,1.2787472474734665
18.61,0.01261652088075207,2.322905257712196,-4.845520867205657,1.9682950984874916,2.0035171114004107,2.0351275426675826,2.067102205348164,2.1247462965681767,-5.11962890625,2.8723628419735183,9.621565281523642,,1.9699546948727884,2.0867108264223777,2.0121136600234104
18.62,0.012625761315916015,2.323755758688194,-4.53596311383972,1.9735735243278472,2.0136700468486057,2.054521909486343,2.1016299380003485,2.1322526811935187,-4.833984375,2.729895425751907,11.998300068247865,,1.9766208558599896,2.175097270166602,2.6587404978944127
18.63,0.012622595803640264,2.3234644361169283,-4.182342078942407,1.9792397476531758,2.023840875002157,2.071021921169297,2.119511937529918,2.140567184984259,-4.5263671875,-1.0380644683578326,13.707081445044983,,1.9874459043308275,2.165681047612996,2.388488930492191
18.64,0.012607036342195803,2.32203196519144,-3.785795560768137,1.9852903783471416,2.033965579596677,2.0845356174479543,2.12686365045297,2.149249121151801,-4.1748046875,2.397154098564863,14.921072748999018,,2.004114684317045,2.127259161441298,2.0688140507252295
18.650000000000002,0.012579141906755874,2.3194616688379646,-3.347631606466532,1.9898335318804614,2.0379032440611735,2.078683668599662,2.0828228625544587,2.1570865967771495,-3.8232421874999996,-1.9750569782315188,15.697339345647968,,1.9852204040145758,1.868077938991975,0.7414702652037446
18.66,0.012539018225861839,2.315759521595132,-2.8693246279666176,1.9971848719725447,2.050168698249349,2.0964862511525677,2.1172105250818207,2.163515702012617,-3.33984375,4.960669923271967,16.042288651634113,,2.035909753169688,2.0946652621992565,2.6687198360528637
18.67,0.01248681738067923,2.3109341565822845,-2.3525108411781988,2.003197821593158,2.0565696477109183,2.0964827033628657,2.0977121798253213,2.1685634233393136,-2.900390625,-4.065971002738514,15.929686941448853,,2.05143807042623,1.9895137125421314,1.8692152954660552
18.68,0.012422737228563192,2.3049968755528,-1.798983021708151,2.0112910344052435,2.068648274453325,2.1120776295010515,2.131627637954995,2.172617382206976,-2.35107421875,4.76690514777014,15.30714209481108,,2.1132094045256262,2.1907896511256286,2.6543794129336873
18.69,0.012347020653117706,2.2979616620233583,-1.2106845736371963,2.0195079359982873,2.079590392961657,2.123455301878187,2.1492073270263523,2.17660452785907,-1.8017578124999998,-2.3338646615022998,14.09857495118813,,2.1683276080541596,2.2510100006970903,2.304354037006226
18.7,0.012259954643591793,2.2898451974618217,-0.589702912141934,2.0282374590092935,2.09079107562666,2.135084324141505,2.166272178536999,2.1811087678163816,-1.20849609375,2.7629484793629784,12.217631347835585,,2.224329702820552,2.297615602961135,2.149041099788745
18.71,0.012161869207101265,2.280666880503243,0.06173783416723777,2.0369227659085603,2.100584841148167,2.142709303527696,2.1695761735837396,2.186345745418896,-0.59326171875,1.6698852570891698,9.524126490156219,,2.2672821949894244,2.2699180169598967,1.8953259537819724
18.72,0.012053136117799823,2.2704488491445165,0.741284789469646,2.04614886351447,2.1110186177980075,2.152373345500138,2.180112106649053,2.1921856842944205,0.06591796875,2.769686344377647,5.351659968927772,,2.3089960232902613,2.277009081373703,2.1494108199113557
18.73,0.011934167507739788,2.259216005841322,1.4464649472933686,2.0545950219379114,2.1181323248296793,2.15315540573287,2.1635787179198016,2.198090263465668,0.72509765625,-1.1620818697723445,-5.720963672284098,,2.321056386226722,2.1521448719687526,1.8028698285435614
18.740000000000002,0.011805414304764289,2.2469960453949667,2.174694412176108,2.0631781277736527,2.125188145885042,2.1550523281785594,2.1561585777275214,2.203492692206839,1.4282226562500002,3.130649213320782,-9.51922273788818,,2.325264205027366,2.102395784573654,2.1353365941369273
18.75,0.011667364523351166,2.2338194854690427,2.9232882338566237,2.071812270983886,2.132048573833165,2.1576016112420247,2.1547453730144186,2.208464223320185,2.1533203125,1.9627184035065985,-11.958336727155036,,2.319999752713777,2.090341492181128,2.3205885960847863
18.76,0.011520541414886868,2.2197196995145605,3.6894707939547158,2.082387573845385,2.1445292294637546,2.176951901603579,2.2056006236278165,2.21384207577265,2.9443359375,3.719709706680809,-13.717076581844532,,2.344218469561598,2.3158103001408605,2.9795153815579085
18.77,0.011365501484382217,2.2047329518046754,4.470386697706641,2.0918996127669303,2.1530723179579763,2.1840699802052543,2.2108580554746005,2.220005023023471,3.69140625,-3.079835976938814,-14.978670931442005,,2.332012659842798,2.2681611555868395,2.082524009783306
18.78,0.011202832381145828,2.18889843418304,5.263112116232014,2.100800292602685,2.1595349049733716,2.1857514998503125,2.2002953811164083,2.226148367694564,4.46044921875,3.050708244799581,-15.805191930398337,,2.298896721923238,2.1825994307322834,1.5921668425425985
18.79,0.01103315067141171,2.1722583040107657,6.064666518238522,2.1086697151761133,2.1629347822638567,2.1800201989046757,2.1715426824779076,2.2312070358743035,5.2294921875,1.594556465516676,-16.20677404576481,,2.240384709561329,2.0464716574891777,1.417295504024271
18.8,0.01085709950136217,2.1548577226513315,6.87202472423406,2.118025742534626,2.171330532543366,2.190512462997993,2.1990239415476016,2.234901223942538,6.064453125,4.0635061525816205,-16.160527074980575,,2.2167658519768003,2.218403300819203,2.715327457858746
18.81,0.010675346159405148,2.136744893657904,7.682129211407124,2.126484070851712,2.17699535695407,2.193346568233684,2.19958400799777,2.23742043268399,6.85546875,-2.7653678397485533,-15.617817310511555,,2.174400787567408,2.205038115302084,2.3476004656231764
18.82,0.010488579546944153,2.117971099618322,8.491902593524923,2.1358413022845855,2.1857683553304668,2.205819423300909,2.2298121917262432,2.238905403827109,7.690429687500001,3.939532811135755,-14.508089656811167,,2.1599072165317956,2.3360467625113124,2.654963384021793
18.830000000000002,0.010297507567229362,2.0985907363667926,9.298260197621868,2.1431832181945207,2.188404090393297,2.2008515230336414,2.2030142689221375,2.239204228590866,8.45947265625,-3.1308025620315627,-12.75027302460587,,2.1069278158071247,2.1731556747759755,1.4721082117593125
18.84,0.010102854442184958,2.0786613429829557,10.098122658007311,2.151643417797858,2.1952463687352246,2.209583883014068,2.2236175575620933,2.2383662023383972,9.29443359375,4.655153724277696,-10.233657507976204,,2.097825792495956,2.282881107919664,2.4232117452544086
18.85,0.00990535796738386,2.058243625666755,10.888428448266637,2.159428286326777,2.200345692008803,2.2135610881699974,2.226744273053473,2.2370337521811954,10.08544921875,-2.340909835966199,-6.525479916798862,,2.0877848635367027,2.2682076591080746,2.215988342656783
18.86,0.009705766715574523,2.037401473198223,11.6661462734739,2.16785897908578,2.2080026700753312,2.2252881233428927,2.252905864786952,2.235897865779531,10.8984375,3.5488118963053368,4.411196294454096,,2.1109908594939486,2.359171660768741,2.5680564649424014
18.87,0.009504837199358249,2.0162019612646636,12.428287247741398,2.1754712582972715,2.213415807277212,2.230316745684632,2.2543457771364244,2.235336937218383,11.667480468750002,-1.5034846271424633,8.85884183847202,,2.1291164671166953,2.3086483502665445,2.12086124051426
18.88,0.009303331003772746,1.9947153424660808,13.171916786420622,2.182076573196992,2.216246712563896,2.2285760290848162,2.2361290161075265,2.235056156618813,12.41455078125,2.1916134491672072,11.507753701910483,,2.139797435068286,2.1887959010682785,1.7510801120668735
18.89,0.009102011899648649,1.973015018297186,13.894166147616746,2.1885223439222505,2.2194212383726306,2.2290785963824904,2.2294819490458617,2.2348417699909815,13.16162109375,3.062322285247296,13.401238311410236,,2.1642412626394525,2.1610856332230246,2.1531495526031903
18.900000000000002,0.008901642948682294,1.9511774888619158,14.592243564025326,2.195609468115518,2.2254100771009075,2.238351048178513,2.2516334948140706,2.2349529509927533,13.90869140625,2.872070293327952,14.7748476298214,,2.217067478069737,2.271058958115397,2.697094627108593
18.91,0.00870298361119569,1.9292822755179688,15.263444913253919,2.2014765745232805,2.2281085715809597,2.2381615614104304,2.242120301596182,2.2353427994081314,14.589843750000002,-2.138393929033957,15.709744624293572,,2.2489555509828354,2.202117615633669,2.1246870185951447
18.92,0.008506786867546367,1.9074118110985032,15.9051638825384,2.206456612569522,2.228900904130983,2.233590664344915,2.222668436424148,2.235480596807506,15.2490234375,2.8349335968425162,16.226277734781466,,2.2694225667480747,2.1223453309963185,1.8722831916805613
18.93,0.008313796364099601,1.885651291846566,16.514901591874015,2.2126617065423884,2.2345866471271547,2.244162726000379,2.2538353435767737,2.235246823958493,15.93017578125,3.9378465418903748,16.30895793455767,,2.3242191074575573,2.3060907762033693,2.7436608451755258
18.94,0.008124743594578012,1.8640884847657766,17.09027564781792,2.217579373565964,2.2367745645020523,2.244338282365128,2.24840087615548,2.234192498529916,16.5234375,-3.037263327749565,15.915936069059013,,2.348996255687504,2.260919089613604,2.110240007712484
18.95,0.007940345127474458,1.8428134837922912,17.62902860834768,2.2201197120235765,2.232400123140374,2.2268900289240605,2.192042788724107,2.2309406233018976,17.05078125,1.0036344841561806,14.984276211173947,,2.323465903935387,2.003472159421202,0.7531774896531905
18.96,0.007761299890035163,1.8219184080895088,18.12903584695353,2.224663331728965,2.2358883357320978,2.234628552237268,2.2247155856160057,2.225115696766919,17.64404296875,5.297796028267906,13.438982211067016,,2.3491456684581937,2.253739257917566,2.8513167045947037
18.97,0.007588286519110008,1.8014970359339872,18.58831281139167,2.2279908553801273,2.236280374555527,2.2333580879740578,2.22432290895098,2.2172373813959747,18.12744140625,-3.8529606248309642,11.198293933265363,,2.3451712880343742,2.2491111577178744,2.3773165964080163
18.98,0.007421960788907968,1.7816443681777236,19.005021679046784,2.2309726591002392,2.236605489951716,2.2327170403245966,2.2263415386490544,2.207725041832838,18.5888671875,3.397538089382363,8.034403135889464,,2.3341745497401973,2.2628408412463723,2.2520700610114126
18.990000000000002,0.007262953125410684,1.762456116224788,19.377477416485938,2.2343953006782313,2.2393136786740437,2.2394123929099905,2.2499151345294774,2.1974178669521374,19.0283203125,3.060270476440208,1.7084283655900792,,2.3334959835520857,2.36319250686511,2.509179226862553
19.0,0.007111866216862604,1.7440281109259224,19.7041532554089,2.2363973492845397,2.238242051762345,2.235070068323328,2.2353508409595193,2.186960310428024,19.3798828125,-2.4215054633000386,-7.495955826191852,,2.3000017419015175,2.2576985452622114,1.7705003654516986
19.01,0.006969272729395994,1.7264556308404755,19.983685600721785,2.2380794163905438,2.237219015222518,2.2318693178208826,2.2269442300546873,2.1768370308847875,19.70947265625,3.454026962376438,-10.512062438728355,,2.2636001170400064,2.214032636193586,1.982830118329891
19.02,0.006835713136449371,1.709832650976483,20.21487838882779,2.2404011675579456,2.239233717203002,2.2379975527231597,2.2479579623079977,2.1679681839460927,20.01708984375,3.0585072752922757,-12.577751707401235,,2.2474998013298237,2.3070851813131497,2.5956056590511145
19.03,0.006711693670205531,1.6942510163926545,20.39670691542532,2.241630340980742,2.238433079665359,2.23567767539422,2.239010517549139,2.1608554492319803,20.23681640625,-2.2463543577797207,-14.055845434424397,,2.210153729340708,2.227937682144413,2.10600947425176
19.04,0.006597684402815507,1.6797995488692425,20.5283211521481,2.2412373352349633,2.2333822064187014,2.2219686620918617,2.197471036191127,2.155103180304194,20.390625,1.7979133019088223,-15.06170284579015,,2.1440295906478792,2.026518672853407,1.4318752301458222
19.05,0.006494117464679037,1.6665630990952958,20.609048570329083,2.241389819822851,2.231370123845787,2.218923214517053,2.196931927867057,2.1505459401577816,20.54443359375,4.0431496854877125,-15.627738052225775,,2.1079514700664777,2.0915222460857428,2.403019709036838
19.06,0.006401385406537161,1.654621561270113,20.638398886730478,2.241340682622935,2.2296638252376204,2.217389058746996,2.201380491580922,2.147364954994489,20.63232421875,-0.96344892603011,-15.742806925203187,,2.082474777486617,2.15134206226049,2.504965503026843
19.07,0.006319839711583116,1.644048871388047,20.618275729568396,2.2404867087734615,2.2262601833859303,2.2114547022665767,2.1916799839731658,2.1451359777252574,20.654296875,1.4115553958384575,-15.36528307948853,,2.053972617264309,2.132405046440759,2.1501074740870747
19.080000000000002,0.006249789463232468,1.634912014418618,20.551407977033705,2.2382814566444584,2.2195319635643935,2.1970988493191532,2.1585922869719676,2.1427122133910625,20.6103515625,1.4269246204225905,-14.426937933666235,,2.011664453183869,2.018017909902289,1.6024353578145778
19.09,0.006191500173601256,1.627270068715457,20.43787162642156,2.235856559568943,2.213382570787986,2.1863797406178684,2.1424993599699627,2.13895502966444,20.54443359375,3.2285696688128467,-12.838309298777803,,1.9892347689266476,2.0356104992552675,2.0626230742675697
19.1,0.006145192777132879,1.6211733178972731,20.277884107116595,2.2332877498598775,2.207955759984863,2.179160101711419,2.1399768355349043,2.133328434049903,20.4345703125,1.9941580074570793,-10.482750340710071,,1.9879311045652661,2.1092257097308784,2.3565028602893463
19.11,0.006111042793188302,1.6166624607978355,20.071837746635364,2.2297693367771716,2.2005551987923044,2.167283900506155,2.123204368342381,2.1256226982587014,20.2587890625,0.2636734494809113,-6.997021704567301,,1.9850575911121944,2.09055351369772,2.066735989126849
19.12,0.006089179660773247,1.613767948637578,19.82029919498377,2.2272005119608522,2.1974396261929474,2.1691945526355174,2.1521008200113894,2.1162240432157637,20.0830078125,3.890306108853557,3.6095598355214853,,2.0294351393915235,2.269958678394784,2.645871068685219
19.13,0.006079686247924423,1.612509475233413,19.524008296347173,2.2236826974070447,2.1920141862372344,2.1641319052970167,2.1520325898939365,2.105626855602318,19.8193359375,-2.536864959533175,8.526045301774325,,2.0629820223765205,2.251318129965261,2.0575811290770374
19.14,0.0060825985376139514,1.612895640923685,19.183876397588104,2.219335377109361,2.18484946324912,2.154561420234487,2.1366574410150987,2.0938487488167055,19.51171875,2.464529170804157,11.302061678103188,,2.0891946484936614,2.1687328458760193,1.6688597389108308
19.150000000000002,0.006097905491362798,1.6149238042224165,18.80098408144759,2.215096448306408,2.1791056686920345,2.150068892771332,2.1379470341084046,2.0811128971116966,19.18212890625,3.073211629382303,13.279155686676345,,2.129330962682007,2.1748616188147767,2.105720586636773
19.16,0.006125549091080008,1.6185801274843805,18.37657831134248,2.2099670650144154,2.1713639532046516,2.1401388619618116,2.12098806745684,2.0678874424948197,18.78662109375,-1.3746080833351837,14.723668662200444,,2.1537887611442965,2.081170964298152,1.9012574544152774
19.17,0.00616542455896925,1.6238398146411592,17.91206897434113,2.205683959641297,2.167394318935901,2.141833147279228,2.140201752158156,2.0549860900083177,18.39111328125,3.7283882376250044,15.727351585511117,,2.2019736081297476,2.1746921966771047,2.541049435082666
19.18,0.006217380754669026,1.6306675309984968,17.409024809382974,2.200136929663234,2.159924361211938,2.1328164808983443,2.121695543260326,2.043112475662675,17.90771484375,-2.7009232170008413,16.315428383272675,,2.217208292358669,2.057417114524998,1.8697004238083064
19.19,0.006281220748121522,1.6390179877888873,16.8691687091569,2.1941389268661964,2.1518982435809577,2.122828527112351,2.102253744770196,2.0325845351454723,17.40234375,3.0698277699639296,16.475847270753608,,2.2207169486214857,1.980921652721087,1.8283009611096068
19.2,0.0063567025659983,1.648836668178722,16.294372386315178,2.188308797695289,2.1453252573180825,2.117626347377146,2.0997697486794857,2.0240362093219995,16.875,2.647229914984905,16.170399942748823,,2.22513119263202,2.013063224860008,2.2013377170649493
19.21,0.006443540108854247,1.6600606671131466,15.686650397887243,2.183087952659492,2.1414141694071884,2.119864545785322,2.1187019091669996,2.018138344217662,16.32568359375,2.3790615542925853,15.339174391000766,,2.236905026809479,2.1327184726581843,2.507309343006988
19.22,0.006541404235532838,1.6726196149341068,15.048153525852703,2.1760964953651722,2.132138126869181,2.1058297640988375,2.0832740473321985,2.014407364687673,15.6884765625,-2.7722838454681114,13.90913047960505,,2.199611272186134,1.9700410865497429,1.4048789264220047
19.23,0.00664992401071313,1.6864366541286575,14.381161516782218,2.167940837954106,2.119977437532427,2.0846779097190913,2.0323370794579687,2.0113340622073173,15.029296875,2.9150256882736256,11.808256306799219,,2.1332580605749136,1.797562494985144,1.1052269599359106
19.240000000000002,0.0067686881108692505,1.701429439686069,13.688075189171911,2.160845466578557,2.1123853103476518,2.0785281988256936,2.0374062646379514,2.008010114791028,14.39208984375,3.7713033170639907,8.87447697272646,,2.0933122890987055,1.9574090950114638,2.4483148579008085
19.25,0.00689724638331385,1.717511136067928,12.971407923462856,2.1520803442858134,2.100014104191015,2.0588445354175824,1.999647591726407,2.003861232325705,13.6669921875,-3.381225399659847,4.062848984360172,,2.0125787817408813,1.8496316053142146,1.7725698683320315
19.26,0.007035111552416301,1.734591387352146,12.23377655660359,2.1437803433798304,2.0902300460107535,2.0483941638949066,1.9975359872708862,1.9987420118755763,12.9638671875,4.024753045927295,-6.617999617457021,,1.9504691469507311,1.9538974908842985,2.269739703817166
19.27,0.007181761066527711,1.7525772413027183,11.477891710207036,2.135820558494687,2.082307620946549,2.0438357243655,2.012661367219191,1.993575183610051,12.23876953125,1.450819576305069,-9.990103124468613,,1.9049345011710952,2.0868226974496253,2.392065409709931
19.28,0.007336639078613738,1.7713740125660573,10.706547588679948,2.128892425435999,2.0782121115772183,2.0497881918368424,2.053752134693315,1.98954831067952,11.513671875,2.658226608530029,-12.234104956322504,,1.8946915338312902,2.2701774033901914,2.5423036814993085
19.29,0.00749915855308653,1.790886074577235,9.92261129095576,2.1207072719289743,2.070069889540206,2.042340326095685,2.043116246100243,1.986726216839026,10.72265625,-2.6000758351653195,-13.847111292618873,,1.8589983222031556,2.167416912344965,1.400802907263991
19.3,0.007668703490851538,1.8110175738258014,9.129011686426617,2.1110767152877976,2.0576540048153174,2.022654520102982,1.9951231242945717,1.983722488622674,9.90966796875,2.0799794900648716,-14.976449714722007,,1.7999617982531153,1.9237737213667137,-0.5163652862856679
19.31,0.007844631264134337,1.8316730637072185,8.328727912135404,2.1025137360551445,2.0494906330333977,2.0165939629744285,1.9958341416608933,1.9793874948523003,9.140625,3.9250528055492917,-15.668188753834963,,1.7907950028341668,1.9629297739130531,2.1443406967403993
19.32,0.008026275052239212,1.8527580581762035,7.52477755405042,2.093293341717619,2.03950920638995,2.005067830934087,1.9779027638174222,1.9730609109738466,8.32763671875,-2.560377891918122,-15.92095738789758,,1.7804200969498607,1.8779237037466536,2.062192916904082
19.330000000000002,0.008212946369005393,1.8741795077878602,6.720204580119256,2.0837124594769763,2.028818283717657,1.9919544765713117,1.957053086597578,1.9642918900183226,7.5146484375,2.5174416150336616,-15.702183039634194,,1.7788045152891905,1.8032546674789214,1.9899065790792083
19.34,0.008403937672382913,1.8958462024797957,5.9180670966236555,2.074840312762869,2.020902159940322,1.9873457731028916,1.9645342391278182,1.9537108599575765,6.7236328125,2.941072456963797,-14.952552582699022,,1.8127481600476487,1.891557188964531,2.328893639084256
19.35,0.008598525046236006,1.9176691066638092,5.121425002005526,2.0665042189669727,2.014847053059784,1.9873894790290847,1.9822299693016197,1.9430458794807457,5.9326171875,1.384732667857168,-13.589393530210703,,1.8688016545779311,1.998032664289175,2.3040119279035114
19.36,0.00879597094420893,1.9395616329334693,4.333327613714451,2.058427069052891,2.009491822671491,1.9880419316976916,1.995366811797833,1.9344363992314386,5.1416015625,1.7123598090458936,-11.518845223371851,,1.9319740997701451,2.0561240975865878,2.02389277291948
19.37,0.00899552698525524,1.9614398610362591,3.5568013436890538,2.051195274168898,2.0065747001364773,1.9939950542542495,2.0185253108191272,1.9299565594060195,4.37255859375,2.64027817142525,-8.54042427032372,,2.009656990236752,2.1447776447873514,2.0775186652028323
19.38,0.009196436790233097,1.9832227087889263,2.7948374968221077,2.0432663519481227,2.0008109948708843,1.9896189458795277,2.0035952864488524,1.9307915222842817,3.5815429687499996,-1.889716005643667,-3.2843297836913323,,2.058470001158455,2.0407109333127886,1.3459611258948003
19.39,0.009397938848816801,2.0048320614113697,2.0503802642101783,2.036094424199324,1.9971214329114642,1.9901439984084073,2.0040546649671342,1.937058712794672,2.83447265625,3.370932997359401,7.065857721951669,,2.1116160066173455,2.037568282233752,1.8912406546695737
19.400000000000002,0.009599269405856006,2.0261928653855046,1.3263149792332878,2.0279006240040185,1.9895423915382509,1.9782473078200074,1.965941754408415,1.9477552162935377,2.0654296875,-2.309844359100935,10.3267927133948,,2.124737654478168,1.8472756866768871,1.372723705300132
19.41,0.009799665356244148,2.047233192470922,0.6254566996690992,2.019969952962915,1.9825845267257227,1.9683696914178,1.9410483944926054,1.961039152527873,1.34033203125,3.2043672887487404,12.547409881814984,,2.1287216416940895,1.775323162955159,1.8892165272447854
19.42,0.009998367137323464,2.067884278974471,-0.04946082672550353,2.0123000126425925,1.9761544989894302,1.9601000396331107,1.926265285606854,1.975018216323609,0.63720703125,1.6592382709857385,14.16353378895313,,2.1213032915221364,1.770090840709533,2.1471754503151255
19.43,0.010194621607861715,2.0880805448133097,-0.6957957622505897,2.00380881881738,1.9667253713996586,1.943404940577327,1.889312810910875,1.9877140819308399,-0.06591796875,-1.2473662699304664,15.310548220453128,,2.078420211682041,1.659274078368523,1.6910458369722317
19.44,0.010387684902691074,2.1077595963582283,-1.3110083010608482,1.9964027372082724,1.9607170621636232,1.9376558590718274,1.894108486329738,1.9979083963499056,-0.703125,3.5830898244504854,16.031748079973244,,2.045633751977169,1.803877051208985,2.25657101891615
19.45,0.010576825252186844,2.1268622165135422,-1.8926702762479481,1.9905872098955588,1.959356273796802,1.9448334029898626,1.936673805499499,2.005573604822109,-1.29638671875,2.1472015425309974,16.326379606898463,,2.032196133577144,2.060317582541368,2.5979291154381743
19.46,0.010761325755901266,2.145332344996141,-2.4384742232056764,1.9837395245375344,1.953743489896463,1.9380704733911012,1.9270886383144168,2.010647229203155,-1.9116210937499998,-2.8295761645245725,16.164370917863938,,1.9770708812885038,2.0048370827693778,1.4628577362142896
19.47,0.010940487099837444,2.163117051324861,-2.9462418776232973,1.9784728673857683,1.9526649037121047,1.9439977840236773,1.955719447713353,2.013292378906369,-2.43896484375,4.1639572648135905,15.491300400521261,,1.9473968630401948,2.135575643803911,2.0580291956515464
19.48,0.011113630207066287,2.180166502627419,-3.413932093459742,1.9739208349332393,1.9528422981432123,1.9515938094017582,1.980902795560456,2.0143120297047066,-2.9443359375,-1.3238468351355746,14.231897413623654,,1.9218452090149656,2.1912460995548946,2.0611917678473417
19.490000000000002,0.011280098811637839,2.1964339280145704,-3.839648172722737,1.9692680022693199,1.9515343119091122,1.9529541847201608,1.9800858080436052,2.0144072207045998,-3.427734375,0.8603049577281275,12.307891006298725,,1.8835648759856667,2.1080902206055048,1.6475557690502538
19.5,0.011439261946032437,2.211875580960231,-4.221644604641054,1.9657226772337528,1.9527314384085113,1.960096305674462,1.9943699871074143,2.0146116892190773,-3.8452148437500004,3.181050599737154,9.588329261628132,,1.8664556492401545,2.102230951119033,2.0604331944186707
19.51,0.011590516332722933,2.2264507008579817,-4.558333216731453,1.964200417820586,1.9590297907318701,1.9793647034483532,2.0390858929511437,2.016556514179945,-4.19677734375,2.6687799284876808,5.418296711530515,,1.8917228414050558,2.2102655558918705,2.5810282324958105
19.52,0.01173328867078291,2.2401214746959903,-4.848288744213832,1.9624191507722606,1.9626452260005907,1.9874968667297497,2.040403657479094,2.0212130124156213,-4.548339843750001,-2.4925774871653834,-5.679176529468342,,1.9000229060527203,2.0898760041034414,1.8306086351854058
19.53,0.01186703780887502,2.2528529995999667,-5.090253827143222,1.9613810346796534,1.9670364693719515,1.99569150016691,2.0407139971438126,2.0284207203415328,-4.833984375,3.212387917289078,-9.500808582246513,,1.9195132661863124,2.0086881533203416,1.7912551285661371
19.54,0.011991256796381378,2.264613246832795,-5.283143446466601,1.959892495785588,1.9683961028692012,1.9935954937378673,2.010849669986019,2.0373036933036928,-5.09765625,-1.3799445831636312,-11.947770949544827,,1.9216281975704592,1.8136051635699333,1.3353690923406605
19.55,0.012105474804903954,2.2753730277072006,-5.426048810974204,1.9588950195936958,1.9700520652060343,1.9919844682545989,1.989714408164593,2.0469151383048723,-5.29541015625,2.907711279840597,-13.712147987325624,,1.9320770943258239,1.7374879901185407,1.834620780461262
19.56,0.012209258912849307,2.2851059617589757,-5.51824070683319,1.960105217032881,1.977381266271829,2.005815898271361,2.0209501421836586,2.0571629130332028,-5.4052734375,3.343231973450419,-14.97949253938287,,1.9880467429749678,1.9600628544272052,2.7278140468124485
19.57,0.012302215746335754,2.293788447441294,-5.559172343814141,1.9619348117793822,1.984819446546025,2.017700440844479,2.0416461500281584,2.067933195837442,-5.4931640625,-1.90454721904874,-15.812877869255955,,2.0431187127698744,2.0665465879634053,2.4379114510425124
19.580000000000002,0.012383992970201879,2.3013996355306543,-5.54976281669205,1.962069378267613,1.9852007123891142,2.008330176527094,1.9968036676320893,2.0779499463341877,-5.5810546875,-2.087513373528511,-16.223151490238656,,2.046146755033222,1.8637013834505807,0.6259636418118586
19.59,0.012454280623465897,2.3079214053806902,-5.493413685720549,1.9635115491779647,1.9887954099304905,2.009462128805531,1.9950520333555748,2.0862384815405606,-5.55908203125,4.318373451091025,-16.18816104276478,,2.0711726387913623,1.9462153235650128,1.8992043640994074
19.6,0.012512812294173777,2.3133383441179944,-5.39037569171712,1.9669163847242679,1.9974142812876616,2.0250694135838345,2.0392393860286107,2.093289490968216,-5.47119140625,2.1541419428338644,-15.660074864489188,,2.1260809532200144,2.184626306997278,2.6714889278031837
19.61,0.012559366129182736,2.317637728842609,-5.24082771731382,1.9699470006684412,2.003277203614976,2.031560018712039,2.048536422532881,2.099705380899815,-5.38330078125,-2.4703674891526264,-14.56958580241215,,2.153520216582401,2.1818162351982067,2.0478530876594143
19.62,0.012593765675053572,2.32080951187298,-5.045127399725277,1.9736218591425625,2.0098934490112743,2.0397978546349127,2.0621966750888165,2.1057527575518775,-5.2294921875,3.3207996104610205,-12.836705062500489,,2.1779273283458194,2.1995055305233095,1.99518016097913
19.63,0.012615880546863585,2.32284630905892,-4.8038106700879135,1.9778145813932486,2.0168403380789472,2.048338872687002,2.0748288212648043,2.11177903298286,-5.03173828125,1.7631230185449382,-10.356227167697616,,2.1953345762918737,2.1975046773348748,2.0107829166987736
19.64,0.012625626922405897,2.3237433911756016,-4.517590674922748,1.982439185306789,2.023873245510486,2.0564488214569736,2.08439188724343,2.118068656372871,-4.7900390625,1.981592642415353,-6.731754254271112,,2.2037639668453126,2.172418920171296,2.0427383899619915
19.650000000000002,0.012622967859901494,2.3234986784049125,-4.18735606980294,1.9874513759834398,2.030910187462794,2.0639656997852316,2.091088987801129,2.124810712962366,-4.50439453125,2.152890979989152,4.069675786078123,,2.2029495370632883,2.1345038613354355,2.081853015056764
19.66,0.012607913438020037,2.322112737906892,-3.8141686745690913,1.9928487292006778,2.0380134210568603,2.0711666245988907,2.0964633597789875,2.1321339060910023,-4.1748046875,2.1304931636362574,8.684929149212333,,2.1941188602188224,2.0987555976750696,2.1245253420220362
19.67,0.01258052071767855,2.319588784482084,-3.3992604792831944,1.9986698901235294,2.045369315142944,2.078645433612145,2.1027025660691785,2.1401551452509158,-3.80126953125,2.1856612582770856,11.366779444756054,,2.1798051908913396,2.0799790100007276,2.1700231882811365
19.68,0.012540893525762938,2.3159326843246073,-2.944029990635669,2.004992894013484,2.053267269513713,2.087202751242991,2.112118632771117,2.1489790412743353,-3.3837890625,2.2406015639315204,13.272403579374794,,2.163645959643746,2.0889162442076135,2.2191110664096554
19.69,0.012489182061591868,2.3111529618644373,-2.4500379098109515,2.011932698553657,2.062078133107243,2.0977484415739402,2.1267766198044704,2.1585782277534307,-2.92236328125,2.294530171628458,14.649220601829942,,2.15011583845118,2.1296333189504013,2.272712468260506
19.7,0.012425582327615023,2.3052608096949525,-1.919002134940683,2.018687249378694,2.069311307601729,2.1032126351251463,2.1248378980225437,2.16847890746922,-2.43896484375,1.070545966469895,15.58167302375234,,2.123923451719649,2.095054782812776,1.9549161641575075
19.71,0.012350335386503012,2.29827010157692,-1.3527920842650312,2.0256267262056533,2.07636111687896,2.108194180346916,2.1235325034306793,2.1778474593884374,-1.9116210937499998,2.630746089661409,16.090908696469846,,2.097806984794441,2.089644556441958,2.001339206286087
19.72,0.012263726447445406,2.2901974085020185,-0.7534223399845739,2.032183059795968,2.0815860589050743,2.108324433705955,2.11004134772439,2.185869183729352,-1.3623046875,1.3356976225230734,16.161108917269775,,2.0624835907907206,2.0393114962602197,1.8795831166338488
19.73,0.012166083785119523,2.2810620177860708,-0.12304561748566373,2.0398683515913185,2.0899259211399657,2.1179660912272453,2.1297465222559153,2.192305309423276,-0.7470703125,3.440615259477271,15.749564730228983,,2.056933526655858,2.1638540599350753,2.4997407577751267
19.740000000000002,0.01205777749542794,2.270885955143397,0.536054929905485,2.048104743156567,2.0993399734986156,2.1302137716241276,2.1547606280659397,2.197444408632396,-0.10986328125,1.202050869793237,14.791494869316244,,2.0666961852988424,2.2659137304602126,2.5256364677244862
19.75,0.011939218092720512,2.259694009667233,1.2214740543413218,2.0555699328616863,2.105713483087807,2.1333923459555284,2.149224844043907,2.201339763369472,0.52734375,-0.7878324636011647,13.20851411716349,,2.0621821728373875,2.2045465646389046,1.865282596567314
19.76,0.011810854953817753,2.2475137616054304,1.9306933820637118,2.063162951417648,2.1122172512807573,2.1375264345012455,2.1491993912471394,2.204214255487701,1.20849609375,3.159392807556609,10.909716661824431,,2.0685243742946575,2.189792161430713,1.9556540950693138
19.77,0.01167317461473399,2.234375612773679,2.6610909771675986,2.0726424433635193,2.124319818449406,2.1575717210276886,2.1974694312951324,2.2072062163077826,1.9555664062500002,3.5089066835300398,7.623007672513084,,2.124451833203176,2.3787207120147613,2.7748219199116306
19.78,0.011526698926555001,2.220312819387588,3.409951463226829,2.0818101918167726,2.1346971703871525,2.1711084051616245,2.217275969741224,2.2112983706326075,2.6806640625,-2.450049187934417,-1.8569299655298839,,2.1714843811957913,2.3731126574734818,2.297558909157427
19.79,0.01137198307746119,2.205361527018317,4.174476658249613,2.089914618184866,2.1412789586202803,2.1733627921153826,2.2008013557898964,2.216289391741543,3.40576171875,1.853500077692482,-7.89788907824466,,2.1947128244502556,2.21401568328686,1.5046558927397395
19.8,0.011209613488392356,2.1895608072801855,4.951796671411574,2.0992233497065933,2.1515079072102656,2.186379721187094,2.2207049007922004,2.2216475181383415,4.19677734375,4.015175625154436,-10.789571665366392,,2.2459578676990763,2.2663203770909637,2.3790646741618025
19.81,0.011040205590331175,2.172952695740564,5.7389814034321995,2.1061945437830767,2.1541477828655604,2.17782076613618,2.1744239923567803,2.2264032060866636,4.921875,-3.692331420925479,-12.796231786433319,,2.243309655301362,1.9879300277250056,1.2239796165558101
19.82,0.010864401491628917,2.155582230397871,6.5330523865252434,2.1144695490931973,2.161290001001824,2.1840329622512713,2.1840218393592394,2.2299014532176757,5.73486328125,4.932487502499753,-14.234858919766214,,2.272247103574193,2.077461166099295,2.5387698382808854
19.830000000000002,0.010682867544216611,2.1374974898999635,7.3309948947607975,2.12347896253848,2.1707506136178902,2.1970194189032743,2.2140642534712742,2.2325701379262486,6.5478515625,0.3963523275727199,-15.20894373231158,,2.312967237748059,2.227751281973039,2.8413695199900073
19.84,0.010496291817924776,2.1187496304674003,8.129770251599584,2.131960753746132,2.178424224059885,2.2044848035407307,2.223252074295311,2.2345658031634112,7.338867187500001,-0.7556730618127414,-15.746545500089846,,2.3351103077288964,2.245694161324216,2.3195895892344214
19.85,0.010305381492485777,2.099392920241369,8.92632825844304,2.139015676722661,2.1817646987141184,2.2001496361625947,2.1972158134560904,2.2354252470092377,8.10791015625,1.4986625286052915,-15.834211113044855,,2.321983183529992,2.1177126196380627,1.4063183003717936
19.86,0.01011086017710411,2.0794847694897594,9.717619666394123,2.1476337933865217,2.1905093869336656,2.2125785134386047,2.2283222137145056,2.235181506943874,8.94287109375,4.431127581623693,-15.428661152660249,,2.340838438925536,2.30288597472879,2.577326070049352
19.87,0.00991346516775329,2.0590857547740935,10.500608613112265,2.1549875007484416,2.1953722819864185,2.213769043930192,2.2210965436844456,2.234139834123064,9.7119140625,-3.268872899400323,-14.461315043232357,,2.3263833540968193,2.2497719452633653,2.016456165049224
19.88,0.009713944652596371,2.0382596348029303,11.272284947695827,2.1624656791234695,2.201088107073824,2.2183471969365702,2.2268830140062956,2.2324471586779753,10.502929687500002,3.717970018147066,-12.843883803912803,,2.313247945294388,2.277477652074602,2.264583486147466
19.89,0.009513054876120757,2.017073355272503,12.02967636891714,2.1704254829923446,2.2086929669100344,2.228695827924744,2.2498186469473263,2.230575510028837,11.2939453125,2.520560100719351,-10.460655573703738,,2.3092386273269554,2.363942092826617,2.561289708562689
19.900000000000002,0.009311557272738198,1.9955970395255926,12.769860305804187,2.177498284549945,2.2137576032691677,2.2317038626399466,2.2471996291742844,2.2285821865377455,12.041015625,-1.4595904821679404,-6.938996691653106,,2.2843459745121892,2.304029146830553,2.091388968713942
19.91,0.009110215580712453,1.9739039613485254,13.489975474403066,2.1835723880046682,2.2162165412767076,2.228161465924664,2.2266948136909503,2.225920677179884,12.76611328125,2.3859273090533573,3.7440701256181192,,2.2406625254901833,2.1814786283089296,1.7512026278207908
19.92,0.008909792947354854,1.9520704956847095,14.18723305042272,2.1895560080208365,2.219180912928928,2.22760711625336,2.2207183756061335,2.2222697492553456,13.4912109375,3.060355845743232,8.59071823073606,,2.2033097574485914,2.1609167078784606,2.1918679995466492
19.93,0.008711049036460196,1.9301760424852334,14.858927404181856,2.195423036790557,2.222528723026783,2.2292969256344186,2.224153278100749,2.2179083550329093,14.1943359375,1.9935544541479666,11.356249905775014,,2.1736435788040613,2.1844852915597888,2.4347543968824503
19.94,0.008514737148945526,1.9083029183654923,15.502446351646164,2.2012544412424226,2.2264743164526095,2.2334810127767284,2.2355188032408764,2.2134695995731133,14.87548828125,2.371512853157018,13.331322479159834,,2.155436478128087,2.2367934306797035,2.505104149901664
19.95,0.008321601367607,1.88653621022301,16.115280883143043,2.206345698921747,2.228752045545875,2.2334391879649433,2.232771279990735,2.2095541929483327,15.5126953125,1.2991942229943936,14.778452824852938,,2.133369406487263,2.21361467436378,2.1561659028522904
19.96,0.008132373736815305,1.8649635845354948,16.69503433934214,2.211955981977849,2.2334599629766134,2.2411123093965895,2.2542127560416803,2.206686922068823,16.14990234375,3.453201284120399,15.788642751833194,,2.1403503177916714,2.314538443790256,2.4797367608247574
19.97,0.007947771487841624,1.8436750457529696,17.239431012063758,2.2157422806345988,2.2330012006771853,2.2341766645133965,2.22805846025262,2.2048195193987636,16.69921875,-2.772240731816129,16.387096742109986,,2.1181988234621296,2.170708074913879,1.5625845407630279
19.98,0.0077684943203286515,1.8227626370848578,17.746324155200046,2.220204085035992,2.2357309390671474,2.23791493012328,2.239760028953135,2.203524235303554,17.2705078125,4.365383475624336,16.562387787520738,,2.1329499100021216,2.2548724477702913,2.3953735880674123
19.990000000000002,0.007595221750212802,1.8023200771373646,18.213703398297042,2.222300571102216,2.2317596675019447,2.2231563767517155,2.194094960924118,2.2020969863814757,17.73193359375,-3.500555597071904,16.27736770819397,,2.1069545146096726,2.0404838595104065,1.400177340656054
20.0,0.007428610534148424,1.7824423263574458,18.639701561960116,2.2256532253391708,2.2331590987920396,2.226246683558236,2.212545317934049,2.200078814679105,18.2373046875,4.982660645727232,15.47388424324356,,2.134672530639951,2.2034029459275266,2.695158609876413
20.01,0.007269292180196754,1.7632250781726029,19.02260088004903,2.227286310055881,2.229977658467784,2.2167622467000894,2.1898767089817364,2.1974364596413203,18.6328125,-3.520541179461309,14.081214114254463,,2.1354762946654136,2.1107705780217785,2.0326396601017254
20.02,0.007117870554215269,1.7447641711596584,19.360838638489092,2.229976866464776,2.2314324634593836,2.2222686693746514,2.2174516389465437,2.194296143701229,19.05029296875,4.53321139224871,12.033421284876383,,2.179229889153809,2.283253522706272,2.710807770791088
20.03,0.006974919591018772,1.7271549205961803,19.653012244342854,2.230918368895005,2.2281356785908395,2.214207097000016,2.1983835651099333,2.190770509951377,19.35791015625,-3.2749168351909557,9.193754695763275,,2.190580908372897,2.1831032707448688,1.8070316595544345
20.04,0.006840981118989507,1.710491370384767,19.897883741498813,2.2321469599013444,2.226994787219632,2.213786561303223,2.205934581557982,2.1867849919305233,19.66552734375,4.058355619379973,4.753036672972533,,2.2210053854874943,2.2413857718390795,2.2448418750155037
20.05,0.00671656280637922,1.6948654695887915,20.094383790911905,2.2336729450934323,2.2277800471705196,2.2192156610689455,2.228741871331209,2.1824575716722503,19.92919921875,2.054822432252252,-6.115915690337968,,2.264181505517037,2.3364625234252747,2.505187615769224
20.06,0.006602136237089999,1.6803661816213245,20.24161513378244,2.232972852625668,2.2222303125083096,2.2063233956610415,2.191120758657662,2.177049656438872,20.0830078125,-2.994186130922149,-9.646316785197206,,2.258267301681938,2.1273798574725977,1.2928486123523248
20.07,0.006498135123224984,1.6670785383558628,20.33885555542809,2.2322939626493703,2.218112276516744,2.1994219703961795,2.178641745799783,2.1696003907066714,20.23681640625,4.260953095258719,-11.936415212855147,,2.2606218159561737,2.1039376677459836,2.040436386073617
20.080000000000002,0.006404953661185519,1.6550826558742884,20.385560368068845,2.230955822289408,2.213075635745144,2.191040366854412,2.1639904957823823,2.1599274790621554,20.32470703125,-0.8747590150260288,-13.564082328329695,,2.252340484800624,2.0670639162956106,2.1765210053043567
20.09,0.006322945037544746,1.64445273294875,20.38223909532937,2.2301321340273583,2.2109228546623547,2.192068553773426,2.1804244636593157,2.14868168239301,20.390625,3.2637014258641437,-14.691224850720243,,2.259983372999984,2.182012250344241,2.6462216975265083
20.1,0.006252420090361079,1.6352560573217134,20.332465367505627,2.2290833878083296,2.208894815981551,2.1930498680113972,2.1920709338254594,2.1370469575758837,20.390625,0.7419450608798138,-15.367967105116985,,2.262041261559614,2.231129418093405,2.452750163172716
20.11,0.006193646131006095,1.6275520480116021,20.23670392604961,2.2287737223678206,2.209959457450267,2.2020236357386653,2.223172394021564,2.1260792061111293,20.36865234375,3.2396814595839523,-15.593012713762432,,2.279268110067356,2.350580044468257,2.5793110404502606
20.12,0.006146845930971373,1.621391363837483,20.095115151542828,2.226486324663989,2.2050456807369088,2.1923821258440164,2.1906544074342658,2.115793456218111,20.23681640625,-3.1229723843425083,-15.331702024829385,,2.2469348615524916,2.1535861415114104,1.17912586910107
20.13,0.006112196877495881,1.6168151087795004,19.908032453137793,2.2234132664835764,2.1985565097293076,2.1791151642486617,2.1526613321807213,2.1054193663454424,20.0830078125,3.472787087012407,-14.519935677574544,,2.199755556378046,1.9995358585699632,1.3078353948001675
20.14,0.006089830301213301,1.6138541634234829,19.67596184016363,2.2205407138979307,2.193793551991626,2.1721608863804356,2.141315868866524,2.0948807353822416,19.9072265625,2.967269358378197,-13.066408570722851,,2.163385427464542,2.0175634207347937,2.2450866261680087
20.150000000000002,0.0060798309783683625,1.6125286684790654,19.399580944364608,2.2178026193131597,2.190327495923699,2.169527142922394,2.145484848648747,2.0848939248246294,19.6875,1.7138215199186466,-10.855691691867502,,2.1358593861274935,2.092867342522185,2.566459960523136
20.16,0.006082236809488614,1.6128476812903758,19.07973748371881,2.2151112129286936,2.187689869040838,2.169299842097779,2.1558485419934255,2.0763200015869625,19.423828125,2.130162573641999,-7.58971287160764,,2.1151960661332256,2.1688909175759163,2.5115746748084504
20.17,0.006097038675729702,1.6148090196499072,18.717447156905482,2.211488304799998,2.182600378097489,2.161869353393597,2.141919435478533,2.0694464873013696,19.09423828125,-0.45657346137012866,2.176542993178428,,2.0785320793145745,2.115006205202602,1.8890529823906768
20.18,0.006124180473438604,1.6183992995265404,18.313890956429315,2.207823424896929,2.178127245038334,2.1568821097381603,2.137735710799877,2.0639249154442023,18.74267578125,3.0880480999941766,8.090636879054829,,2.0519706180289914,2.129473986347587,1.9905812398774716
20.19,0.006163559326803879,1.6235941651048826,17.870411887986553,2.2030687099296795,2.1707964527541663,2.1441929490048177,2.110684626950173,2.0587701578258484,18.3251953125,-1.2905276048017529,11.049080540790024,,2.0103057952753893,2.0319438539855392,1.6181674059906672
20.2,0.006215025977786742,1.6303587014444612,17.388511083972045,2.1971793801077433,2.1607291321019937,2.1251917465857364,2.069687640393717,2.052490280001833,17.86376953125,2.0691686478555753,13.142324674714233,,1.9570601649912371,1.8987234187855742,1.5262424341210903
20.21,0.006278385351855307,1.6386480127281968,16.86984330015599,2.191829531017609,2.153568841312078,2.1168188846538576,2.0696593579618354,2.0441108185035244,17.40234375,3.5536443982518024,14.686246480294086,,1.9395084714027024,2.0001746944761876,2.4289393012684575
20.22,0.006353397297377309,1.6484079430132825,16.316211786555545,2.1848233342024646,2.1419077900586516,2.096558846730592,2.0330167568062945,2.0331476279549023,16.85302734375,-2.891802386907409,15.787689896030143,,1.8980190986210874,1.8839559514498052,1.8110824653919506
20.23,0.006439777495869295,1.6595759120078433,15.729562526410733,2.178692171028752,2.1343456921205597,2.090535307204241,2.0470568350929974,2.019990738415341,16.32568359375,4.252536679396731,16.47952373667826,,1.9045002118703578,2.046536613668784,2.5110283100102335
20.240000000000002,0.006537198539651363,1.6720818358715468,15.111977840936905,2.1728076621123162,2.1283793159223268,2.0895712737947916,2.0718162166482332,2.0061343359958266,15.75439453125,-0.5532028121188558,16.756348227668997,,1.9347626383038254,2.1836942223887963,2.4943891424159736
20.25,0.006645291172823766,1.685849102385977,14.46566936212428,2.1656610132081657,2.118920421404179,2.0783411977968687,2.0580169608032324,1.9929292891694539,15.1171875,-1.799234283121193,16.586791667777526,,1.9458311010073266,2.1054491110174234,1.5849326280078706
20.26,0.0067636456908611265,1.7007955708977154,13.792970381213642,2.15859954720324,2.110637348189819,2.0714353490948896,2.057421185197377,1.9817557997975581,14.47998046875,3.47884489797757,15.91780495255874,,1.974126779768561,2.110241073746911,1.8296741913218884
20.27,0.006891813493519041,1.7168345699122713,13.096327586489869,2.1526621902871472,2.1067001125837286,2.077112803125376,2.0914117818746636,1.9743792641871871,13.8427734375,2.836832689312482,14.68006742838351,,2.038412898265244,2.246552713341762,2.4902499902118067
20.28,0.007029308785168131,1.7338758687396318,12.378292210564855,2.1449968677578632,2.0973841689264123,2.0659030020060216,2.064772208082175,1.9714471598016894,13.11767578125,-3.258650007426664,12.810260645070523,,2.060162311480441,2.0627676676898807,1.4158335835746443
20.29,0.007175610416109529,1.751826603764707,11.641510614208588,2.1367518785325013,2.086916287601072,2.0520301484336163,2.0327775432713038,1.9721613021292355,12.392578125,3.403417220989946,10.216297070784782,,2.071937715203965,1.908232068818234,1.4592183692227705
20.3,0.007330163857893746,1.7705921443611832,10.88871434084857,2.1278856890058186,2.0752470056383325,2.035698663698812,1.9978957810419946,1.975357682918759,11.6455078125,1.6122807409717033,6.460223663337226,,2.0714878647822146,1.7775925862101425,1.7283433787381537
20.31,0.0074923833051547695,1.7900768878580424,10.122709682897849,2.119177949566952,2.0649882537577637,2.0246628590085267,1.9849415741808658,1.9799722241007893,10.8984375,2.6108346758680847,-4.45748547124501,,2.075953388834056,1.796108235856412,2.2515699514565335
20.32,0.007661653895994084,1.8101849770511205,9.34636680788562,2.110252457237628,2.0547349031013002,2.014167769822511,1.9751488723972628,1.9850492171069742,10.12939453125,1.2848231796259655,-8.82310224833142,,2.072922306609185,1.827044767589234,2.23248057083466
20.330000000000002,0.007837334042497052,1.8308209373507605,8.562608498746743,2.100680215511199,2.043057214649209,2.0000191397494587,1.9550500484821605,1.9894858529944626,9.33837890625,1.3745456469039494,-11.414627230616118,,2.0515708022279338,1.8114793296645522,1.8706094447736779
20.34,0.008018757862549866,1.851890233671941,7.7743985683798655,2.0918471807268655,2.034549728652182,1.995735984200245,1.9676857510523513,1.9924486577879261,8.5693359375,3.2413979345823463,-13.249114884150073,,2.0450670891524663,1.9670120735066388,2.245753398480446
20.35,0.008205237703738901,1.8732997495681882,6.98473001352496,2.08199660966763,2.0231392527368115,1.9826066111914962,1.9490531367503223,1.9932067777984732,7.75634765625,-2.356408871586097,-14.556660756641746,,2.008995256316061,1.9293638619244347,1.5808194405447795
20.36,0.008396066749765832,1.8949581929013426,6.196612976979527,2.072350544986476,2.0130473205456183,1.9737932530042703,1.9453965638278428,1.9913246465399708,6.96533203125,3.2247206375525783,-15.41398476265191,,1.9760985486141378,1.976229957792031,1.8515321359478538
20.37,0.008590521699500453,1.916776433576281,5.413062590036626,2.0638153899693377,2.007011353519952,1.9763720487890035,1.9743188479829645,1.987430788846079,6.1962890625,2.6660502022703865,-15.837108539955574,,1.9672926512824394,2.1338890348088544,2.396074860838844
20.38,0.008787865508515366,1.9386677796249852,4.6370867686900095,2.0551274035791334,2.0004348244441177,1.9755790166609906,1.9839779483989832,1.9825687087843236,5.4052734375,-1.672038464403692,-15.805591508350295,,1.9488774854739226,2.1402138715205763,2.031397123686729
20.39,0.00898735018271295,1.9605481982813975,3.8716740375535004,2.0479473599747418,1.9986548484201694,1.9867692129128278,2.023506777505504,1.977783586053582,4.658203125,3.5575270962645296,-15.270758185436602,,1.961975408063657,2.2553148189463923,2.38838487734823
20.400000000000002,0.009188219613453856,1.982336488729479,3.1197814545662568,2.0387714778795507,1.9897874736570014,1.9748148738075775,1.983374990503292,1.9733971081258561,3.8452148437500004,-3.6212127077033633,-14.159611442536644,,1.9187212820764346,1.9785668258727729,0.3861392336309083
20.41,0.009389712443443004,2.0039544130118108,2.384322707427968,2.0312492533391273,1.9862926919984925,1.977901548330181,1.9935698250104676,1.9696578475795372,3.1201171875,4.719440011928103,-12.382019978542585,,1.916180278576716,2.0036464924439237,2.0719258928863606
20.42,0.009591064952509411,2.025326791222761,1.6681564493950802,2.024469348830055,1.9845796297105038,1.9838432759184401,2.008079142982915,1.967492562987745,2.39501953125,-1.640354037635858,-9.804250038056098,,1.9260865632162252,2.019632395651996,2.317048916532129
20.43,0.009791513952341634,2.0463815666386695,0.9740749376767336,2.0175397528199923,1.9815268505662622,1.9835416313367635,1.999559379954402,1.967290164722719,1.669921875,0.48231950917590694,-5.878870088904061,,1.925372540145362,1.9251146604264908,1.9158858552879643
20.44,0.009990299679207964,2.0670498459047852,0.30479303233781563,2.010565651426868,1.9775703887996303,1.9791660144585834,1.9797980512119384,1.9688942102213738,0.9667968750000001,2.3298514604346034,5.18440855022131,,1.9187196270186955,1.8185826897352482,1.6746602909759074
20.45,0.01018666867369565,2.0872659188413705,-0.33706239248353037,2.0044914313515565,1.9757820796850454,1.979949985958823,1.9793164761284698,1.97225610735638,0.3076171875,2.7451909182927343,9.230263416120406,,1.9294625276052888,1.8548070488311317,2.0813234662167126
20.46,0.010379876636555761,2.106967261877899,-0.9489625799127106,1.9990176080753697,1.974926161398631,1.9818464169384151,1.9824446181358397,1.9774262871775465,-0.32958984375,1.3413629024758689,11.759252604423857,,1.9469890988004743,1.9086305585084875,2.1455760566612305
20.47,0.010569191249826991,2.1260945285926693,-1.5284865261425256,1.9937817808070897,1.9737152615126614,1.9812384824136597,1.9778094405481677,1.9840636613806508,-0.94482421875,1.6275451952382283,13.577909821679809,,1.9610053960962814,1.924946646890358,1.9463392320442692
20.48,0.010753894952547867,2.1445915303398273,-2.0733300898128597,1.9883798785947102,1.9708922179630337,1.9751233944052402,1.9582398132134045,1.9913930445282897,-1.5380859375,1.5428645889599448,14.889932029728836,,1.96227430685377,1.8819378604006574,1.6277576318012679
20.490000000000002,0.010933287660534474,2.1624052094924626,-2.5813145512077553,1.984331430512333,1.9714408149359322,1.9782833540484144,1.9713607582970287,1.99877055242822,-2.0654296875,3.2667405072983478,15.765466117969076,,1.9867912189200683,2.009726046486125,2.2322630253015925
20.5,0.011106689419916252,2.1794856074245113,-3.0503946043732175,1.9798677125272461,1.9693945074168162,1.9729802714268363,1.9570170222197483,2.0055279475450267,-2.5927734375,-2.222155044305323,16.219107515250727,,1.9892998551368721,1.9664030499991558,1.7668792604259178
20.51,0.01127344298437168,2.195785828994944,-3.4786657716572957,1.9753938655819139,1.9663375147590232,1.9649341562349445,1.9380797637859444,2.0109992408826587,-3.076171875,2.5988975789557394,16.231297464053387,,1.9822427604913384,1.9156183370463966,1.6751444185230624
20.52,0.011432916306294885,2.21126200498464,-3.8643712359369706,1.9721485353684252,1.9663166391346816,1.965981352692585,1.9511958088559354,2.0156010341259853,-3.49365234375,3.0071122049521355,15.756502535785334,,1.9944974070721757,2.0142888347225685,2.264801953057061
20.53,0.011584504932452083,2.22587325366667,-4.205908090778989,1.9710691418030581,1.9719593036102456,1.9822348664320364,2.0065819071045534,2.020894969805193,-3.8452148437500004,2.68575744728036,14.728090661881483,,2.0419022343288624,2.2371305933313903,2.757593325370561
20.54,0.011727634295045855,2.2395816424604984,-4.50183301286913,1.9698974304946748,1.9755397679229039,1.990057786103063,2.024079241595927,2.0280431008749202,-4.19677734375,-2.4142408310320786,13.06769443080503,,2.0666904010626084,2.2167026021985077,1.9853496965337971
20.55,0.011861761889505301,2.2523521504269897,-4.750867364155114,1.9686651060462403,1.9774167471130768,1.9916905048036306,2.0185103453789632,2.0369711104085413,-4.50439453125,2.463974083990641,10.67984350983551,,2.072889217389327,2.103887949405199,1.3446210617948413
20.56,0.01198637933074593,2.2641526321988636,-4.951901733235982,1.968326908056123,1.9808092357991105,1.9970019502759455,2.0240661421538255,2.047060075085502,-4.74609375,2.8589723458977803,7.242685246979853,,2.0833748623258974,2.066022515314627,1.8159366330134918
20.57,0.012101014280106676,2.2749537838077756,-5.10399992658467,1.9666836989205252,1.9787255809400446,1.9862008434291645,1.9804075525405889,2.0572641015051647,-4.98779296875,-2.5849584105227135,-3.069652960429587,,2.0495803785825895,1.7983112245271402,1.0411187943574214
20.580000000000002,0.012205232235659372,2.284729110759676,-5.206402420235016,1.9677670272292276,1.9844373490074223,1.9984908492289424,2.0148892028627756,2.0671655898594383,-5.09765625,4.817923538656033,-8.27558277926122,,2.0663815216647095,1.9902680457346413,2.715730774808588
20.59,0.012298638179105568,2.293454898622048,-5.258529281890173,1.9689723264366408,1.9890008085119237,2.0058880596579653,2.0278402167167306,2.076879046228431,-5.20751953125,-3.0429826528388775,-11.07180389071121,,2.0687360472178846,2.0116924471312783,2.3954674800835614
20.6,0.012380878073018272,2.301110186316215,-5.2605582222823255,1.9700814443026444,1.991922818389943,2.007757582844587,2.0220256784782897,2.0859046841032227,-5.2734375,2.3340125400405713,-13.036795389539407,,2.05507032406156,1.9615289468187165,1.8502713843236556
20.61,0.012451640202752972,2.3076767422527773,-5.2160547801597446,1.9718781443000017,1.9958963763975917,2.0124137236294932,2.0263217020528423,2.093818603440753,-5.2734375,2.8581682526137753,-14.453534061182916,,2.046835412792967,1.9940167001203013,1.9421718142711466
20.62,0.012510656357943023,2.313139043405977,-5.125735306510798,1.9750782247968715,2.003311182366634,2.0261808674683373,2.0573793193443004,2.1006759944867937,-5.20751953125,2.6235448301790067,-15.4166804175343,,2.0620399816754293,2.1431383007544222,2.38559081853706
20.63,0.012557702849099572,2.3174842573906282,-4.989737165197923,1.9775133618475027,2.0070212489086594,2.028002254641941,2.0473376372350907,2.106346021249987,-5.1416015625,-2.373688755205082,-15.951493337498329,,2.0493880302277905,2.067198420274669,1.6574259050413078
20.64,0.012592601355464151,2.320702227582254,-4.80837391718728,1.9803233546979517,2.0109894669358077,2.0305350831716287,2.042345170670919,2.110725335314781,-5.009765625000001,3.29086711242319,-16.043918760687912,,2.0393327993749395,2.048350160573201,1.8313128287086682
20.650000000000002,0.012615219600899417,2.322785461304518,-4.582134977336939,1.9844344366464326,2.0181509349786895,2.041866544302955,2.065531955544572,2.114752865791978,-4.81201171875,2.778561434908086,-15.651683106139613,,2.0531779665383847,2.155870691895492,2.4154616785272833
20.66,0.012625471855256684,2.3237291210972995,-4.311684655535324,1.9906510676376197,2.0305885216610853,2.066416293876568,2.1231261867638818,2.120119380370828,-4.548339843750001,2.7174330280845282,-14.708940189537973,,2.10353651086634,2.359664286426094,2.8402250785038623
20.67,0.012623319259319718,2.323531019071968,-3.9978605756029513,1.9959842869653426,2.0377879456578714,2.07335715654367,2.1176589835939805,2.1276524096703087,-4.306640625,-3.0922948313958387,-13.133621087065299,,2.1140463741155027,2.2290384057100527,1.6273652249661605
20.68,0.012608769972093177,2.3221916143566657,-3.6416714623097626,2.0025648942628553,2.047215544721576,2.085750230152323,2.1299814307902514,2.1371240472822777,-3.97705078125,4.099427771665229,-10.826681757461493,,2.1394875196172745,2.2198543359493366,1.9469605375470544
20.69,0.01258187913987744,2.3197140136324954,-3.244294286726435,2.0084626171226834,2.0525287324927226,2.0855966909642163,2.1042926355331537,2.1477329373228606,-3.6474609375000004,-2.4294543735251346,-7.494034835316009,,2.134758049961569,2.033549170941229,1.3808858451618655
20.7,0.012542748687247115,2.316103974760462,-2.807070760615684,2.015895031609135,2.061226488657396,2.095311926718027,2.1150470137175725,2.1584971707045146,-3.22998046875,3.94786511579574,2.410265507695843,,2.1532677340311164,2.073264442359624,2.3572951533225015
20.71,0.012491526930725298,2.31136991349772,-2.331503171769972,2.0229076143617104,2.0670457829167024,2.096519701728725,2.100792225208947,2.168486985013816,-2.8125,-2.274185852667223,8.08600293119634,,2.1500731462822342,1.9799657805178017,2.065301397401724
20.72,0.012428408016618158,2.3055229132993147,-1.8192495541816285,2.0308236891482685,2.074537427392685,2.102988556308842,2.1077953360153425,2.176826399009384,-2.3291015625,3.4309701865133877,10.96853967553338,,2.1579428724366356,2.0315398672499576,2.373840789014871
20.73,0.012353631185140183,2.2985767381968585,-1.2721181897286027,2.0388364208459353,2.081318391360658,2.107564116899313,2.110338358295128,2.1830654439830774,-1.8237304687500002,0.8942964342570975,12.991687022438022,,2.1597119290335383,2.0563266252179044,2.2154435130566354
20.740000000000002,0.012267479863619994,2.290547848737668,-0.6920614416814255,2.0473207779763554,2.088828779983522,2.1145414325151615,2.1219139596065175,2.1871537155858087,-1.2744140625,2.632292688303915,14.461099474598111,,2.16590074524111,2.129545858132453,2.2441670261699525
20.75,0.012170280592222917,2.2814554209551257,-0.08116892475933597,2.0566553508284398,2.0983302324633906,2.1271060995049162,2.149578502690439,2.189597452717793,-0.68115234375,2.600527345732342,15.479057279993196,,2.1850015387796695,2.257175879617877,2.4100407069929446
20.76,0.012062401786262616,2.271321368322603,0.558339978372331,2.0662254806848233,2.10803375133039,2.139563253738882,2.1724731418541205,2.191011255909346,-0.06591796875,1.5279911228413017,16.074548516120377,,2.203709074893227,2.3241729152763027,2.254727609586129
20.77,0.01194425233979334,2.260170366617177,1.2241242384565396,2.0746329859928463,2.1140517950345323,2.141237986713277,2.1600333014194812,2.191612026836975,0.54931640625,-0.6428070840755968,16.23691929611209,,2.19540960980592,2.219833075110374,1.557781030554239
20.78,0.011816280075774665,2.24802988158396,1.9137299167999264,2.0837865399656823,2.122566750131805,2.150675707620233,2.1744540191594606,2.1918613545417687,1.23046875,3.7716417593321356,15.928190636334229,,2.204761513142221,2.2634592747695867,2.249232124927832
20.79,0.011678970048684179,2.2349301992454764,2.6245994894549147,2.0933834033112255,2.132580004875037,2.164065801504962,2.1987584020683624,2.19276235310022,1.9335937500000002,1.574840560861673,15.087114535700215,,2.2236275947086694,2.3206892889417894,2.521926136088894
20.8,0.011532842706010552,2.2209044586402102,3.354081722723887,2.1023291992977953,2.140791155247305,2.171751635832356,2.2023699600349556,2.194983331917002,2.63671875,0.7207825304087769,13.636906318696667,,2.228623837446005,2.2624020234888316,2.1658377023911632
20.81,0.01137845191559694,2.205988686698519,4.0994420573333485,2.1108163246613523,2.1480199171784293,2.1767869975548026,2.1987536397067706,2.198670653680845,3.36181640625,2.6252357710147765,11.49663890158455,,2.22656085555504,2.1899822808274467,2.0167184571941146
20.82,0.01121638286631023,2.1902218348686433,4.857873451862848,2.119120914072173,2.1552349762822045,2.1822376663458782,2.1987567342238736,2.2037890648823324,4.10888671875,2.4261949815611343,8.473258420555439,,2.2248557216804015,2.156910614094693,2.152965573276844
20.830000000000002,0.011047249849994223,2.173645816988414,5.626507629639115,2.1266673729839933,2.160687016205894,2.183249035947801,2.1875095860777636,2.2101492268040217,4.85595703125,1.3654436989596328,3.1526277245063117,,2.211654501670287,2.0852150873722204,2.0344976951646734
20.84,0.010871693933113557,2.156305547755034,6.402426667521019,2.1349360358856435,2.169102448808452,2.1935224021060193,2.208167258709797,2.2176229744980773,5.64697265625,3.5187650077675054,-7.060076676179144,,2.2214087440830954,2.1945849965454887,2.5866073135872854
20.85,0.010690380526913129,2.138248980972723,7.1826748599939805,2.141631101588578,2.1730321071673617,2.191189601691199,2.1890132317434716,2.2257137699217697,6.39404296875,-2.6375725875275586,-10.254752186823895,,2.2006621967151268,2.092339053933538,1.871388163673482
20.86,0.010503996865304148,2.119527146552189,7.964270787932086,2.148608715450515,2.178682681337001,2.195175507653184,2.1947042151295286,2.2336490663738138,7.18505859375,3.9055429347672614,-12.415056854186464,,2.1960958241477107,2.1579695522142743,2.2915440390861543
20.87,0.01031324940003431,2.100194184992192,8.744219518414283,2.154828378430457,2.182572035480552,2.1949759470273014,2.1886606770268515,2.2408136300212784,7.9541015625,-1.1778931169695355,-13.966072836058652,,2.1825154932778106,2.1534533744304554,2.1137302938300238
20.88,0.010118861123017684,2.0803073777894454,9.519524860206694,2.1613282598144528,2.188117020413366,2.200637989675022,2.2031056195381193,2.2466952119103496,8.7451171875,3.2254212258375206,-15.038738474900615,,2.185786854136709,2.25006404809157,2.4347077865664266
20.89,0.009921568825971307,2.059927171893841,10.287201599017644,2.167317288552926,2.1925942048420635,2.203756426349955,2.2082579507694167,2.2508409485296395,9.51416015625,0.8186724973460198,-15.672231861256707,,2.1856387053194197,2.272041230276951,2.2393183536332795
20.900000000000002,0.009722120307746678,2.039117195950948,11.044287637426013,2.1731400884885117,2.1971652389358804,2.207856564455274,2.216241407781853,2.2526587204160218,10.283203125,2.660144462503581,-15.859966445369126,,2.191006197203624,2.298955081851598,2.2334112093164906
20.91,0.009521271539940823,2.0179442656509163,11.787855966464633,2.178326608450447,2.2002852922375085,2.2084587196239425,2.2129319929766074,2.2515435982404948,11.0302734375,1.5747582223167298,-15.564570758419277,,2.1904150473426904,2.262007153141827,2.0382411920971895
20.92,0.009319783801529678,1.9964783750345447,12.51502639915487,2.183472890736468,2.203972492521305,2.2116081947539326,2.2185864068702057,2.2471557622984344,11.77734375,2.8406723259782414,-14.721650675789952,,2.1987472585843837,2.2700285038711816,2.2503527160548753
20.93,0.009118420793385838,1.9747926700983174,13.222977000740931,2.188313930331456,2.20729045146216,2.214293041705306,2.222249525140674,2.2396843269991957,12.50244140625,1.8029987642414806,-13.244571877960711,,2.208196662408522,2.25723995844922,2.2626221855610655
20.94,0.008917945743615232,1.952963400498995,13.908955155832308,2.193601027575442,2.2126323470770033,2.223161373980662,2.243872242912852,2.2299315207782477,13.2275390625,2.999092054019532,-11.029216743878836,,2.2351375836005474,2.3221997168506587,2.5368274741383097
20.95,0.008719118514687076,1.9310698446013805,14.570288218966464,2.1983273717176846,2.216544234459159,2.2276574128223987,2.2481771310422953,2.2190431286713435,13.90869140625,-0.58603391773654,-7.805120501038374,,2.2525422178565417,2.2857548564578236,2.198074552064676
20.96,0.008522692723319633,1.9091942025601052,15.204393702063975,2.2034883683781468,2.222300016997541,2.2373969169199817,2.2671732833387463,2.208345370666713,14.589843750000002,3.299816024607482,1.2685488722374139,,2.2832049109256203,2.3296699109181813,2.4017635559134836
20.97,0.008329412884039865,1.887421451610377,15.808788959657921,2.208274288528006,2.227099552989354,2.243794515052092,2.272455403001482,2.1991096154752126,15.227050781250002,0.7305934041997024,7.897153407475032,,2.3050094118383178,2.299397152992665,2.1726606063250102
20.98,0.008140011587242627,1.8658391573024247,16.381100340422122,2.2129717633207133,2.2319194611153885,2.2499592151674612,2.2762449452912867,2.1920716769376063,15.84228515625,2.654601366759796,10.907040298821192,,2.3242691439197123,2.278701164144741,2.1864939677320705
20.990000000000002,0.007955206722446956,1.8445372341025656,16.919071781178772,2.2161875414782752,2.2323497469523605,2.2436504578695877,2.2429130603263543,2.187197312762302,16.3916015625,-1.4668339865738047,13.021747938867625,,2.3096377019174437,2.098180517185773,1.559866726422556
21.0,0.007775698757272372,1.8236076486617459,17.420572827021495,2.2194519204675434,2.2336694936942876,2.2412597775668917,2.2294322141717333,2.184200452666816,16.94091796875,3.654404867548567,14.577777039955294,,2.2996641701701814,2.08094889363982,2.195320090422996
21.01,0.007602168082449631,1.803144059194243,17.883606068241406,2.223248330354349,2.2372844497761513,2.2462098962117762,2.242470424242844,2.183020314762445,17.468261718750004,2.5417239187843235,15.687415325029443,,2.3035895364137895,2.1963712098957684,2.69810989676945
21.02,0.00743527243292983,1.7832413848947204,18.306313991208413,2.2246059946860752,2.2335932699394285,2.2306864123638928,2.192799787937644,2.1828267029944217,17.8857421875,-3.3016204772627895,16.385461649214843,,2.252959809041251,1.982964351074765,1.4706456086658926
21.03,0.007275644394865086,1.763995300235068,18.686985246077327,2.22632464856805,2.232171224489968,2.2242651659829416,2.1828745837266523,2.1826667742965578,18.3251953125,4.60724001676375,16.667617582587127,,2.2200592033522653,2.0534310876061888,2.262948440742019
21.04,0.007123889007911448,1.745501650404433,19.024060339026498,2.2282017673160803,2.2321313016411537,2.2232915164439113,2.193400728618307,2.182340393441118,18.720703125,1.3775066827330844,16.503100037574136,,2.1989612827362452,2.190035670115386,2.5740076931800044
21.05,0.006980581471941105,1.727855786151767,19.316136760595747,2.2292645436882923,2.2302406795040426,2.2178975567595898,2.1894369678525107,2.1814796083324315,19.05029296875,-0.7255096271782583,15.839012836727973,,2.1668267408121875,2.2130367383953526,2.201771330641008
21.06,0.00684626496685738,1.7111518189012371,19.561973564503216,2.2296288461620994,2.2270367924164742,2.2101415592831777,2.179694750021619,2.179321300959303,19.3359375,2.5634722339249327,14.605601227040792,,2.129988481517461,2.2050380682549418,1.9721772669036977
21.07,0.0067214485937742985,1.6954818002351202,19.760495413054812,2.229445045704695,2.223111206032761,2.2019708888669003,2.1708727662307337,2.1750870651932557,19.57763671875,2.2751192758574548,12.738047784220633,,2.095017340782899,2.1978145281846566,2.002304799014671
21.080000000000002,0.006606605445366283,1.6809348336211705,19.910796105917065,2.228883430562944,2.219056755731482,2.195071652811037,2.167493766568006,2.168258859859169,19.775390625,2.265780763571612,10.14150406567493,,2.0682407209631686,2.204679475995411,2.163593989116139
21.09,0.006502170812700283,1.6675961304746596,20.012141608639194,2.227262834421867,2.2126998244967693,2.1830474960491264,2.1486607682662786,2.158693031579045,19.9072265625,0.9484390023924449,6.367065658184648,,2.0339807136969914,2.1263072121737996,1.9343747087565324
21.1,0.006408540535348006,1.655546027088065,20.063972596181657,2.2266358294918542,2.2107838253029266,2.1856443085281505,2.176910014405991,2.1471658586286915,20.039062500000004,3.9577505794254586,-4.548562478530908,,2.0467700892090006,2.271292529879255,2.6872951179427864
21.11,0.0063260695010315055,1.6448589833518772,20.066458426336748,2.225269575394057,2.2072890843340818,2.183651971886098,2.183628617228077,2.135022477590096,20.0830078125,-2.3426765765208355,-8.843554928401495,,2.056376853190367,2.2569921619876108,2.265355823931114
21.12,0.0062550703004887465,1.635602588181818,20.023169558939394,2.2251860633778797,2.2087764387420004,2.1959933593575887,2.2289160528822642,2.1235033085640156,20.126953125,4.138912432841462,-11.405125226837905,,2.110884525863627,2.410488879570318,2.7040359509355536
21.13,0.006195812042658249,1.627836599771637,19.934855417755582,2.2219234438781643,2.2003150448498316,2.1783037384537343,2.1728966618905217,2.1127121970462635,20.01708984375,-4.246661072749526,-13.21375230596146,,2.0910307722490438,2.066095376279451,-0.6684717731623953
21.14,0.006148519334672679,1.6216120508128313,19.80165179199584,2.2194418321753213,2.1956056233667214,2.1733779732934977,2.164198019176708,2.1022701945385185,19.951171875,5.255090488854114,-14.49383784714217,,2.106245951661451,2.06060138683531,2.0301205478604234
21.150000000000002,0.0061133714305285245,1.6169704493144859,19.623864714781316,2.2167048343634503,2.1909524004015855,2.1690505230624892,2.1577232131379165,2.092561564037828,19.8193359375,-1.6609421106923314,-15.319382059448394,,2.1245473155949974,2.055184837321086,2.336992113116375
21.16,0.0060905015516578695,1.6139431043644523,19.40197010416812,2.2136865015796325,2.186302843556967,2.1650489010237606,2.152520305656417,2.083963023962674,19.6435546875,2.171867929196569,-15.704069808527349,,2.143928776713949,2.0599040012116374,2.359990967515706
21.17,0.006079996381977976,1.6125506029908394,19.13661285467078,2.2103455542859933,2.1815509080146422,2.1609695971771297,2.1473332972779864,2.076658208379617,19.423828125,2.2690313846179975,-15.624863810405015,,2.1619361828924006,2.071620832024723,2.247968496039547
21.18,0.006081895739332412,1.6128024592824315,18.828605374253467,2.206622891307137,2.1765318258866744,2.1562936923416576,2.1407506965677205,2.0704150323904584,19.16015625,1.9931156764005873,-15.02975614496105,,2.1758532913986715,2.082621406482388,2.103564524528424
21.19,0.006096192424569108,1.6146969503732695,18.478925556827967,2.2007167797086984,2.1654088426661318,2.134575737713981,2.0834770937112657,2.0643616450843267,18.80859375,-2.251675923939103,-13.84037861508282,,2.1429691701689806,1.8578816261779338,0.8634008538745388
21.2,0.00612283224882736,1.6182211462309406,18.088714179337792,2.1953981568702563,2.1579621429075453,2.125822232270983,2.0776774793757564,2.058162968746288,18.47900390625,4.425411351461726,-11.959232733810314,,2.136269097969453,1.9689716635030325,2.2531689848935246
21.21,0.006161714238930427,1.623351131982939,17.65927171213981,2.1903940480126027,2.1528101332683423,2.124312014341352,2.0951163529728487,2.052649410716455,18.10546875,0.8996240668503647,-9.220463379384887,,2.1428060435786405,2.1323184651635545,2.627074876762131
21.22,0.006212691020105038,1.630052413409152,17.192054531716416,2.1854130324597696,2.1486453847910574,2.12521211643945,2.1152386182133305,2.0485778902477607,17.68798828125,1.6665579728297342,-4.809756809608374,,2.1514485705147357,2.241628162267216,2.477374025939305
21.23,0.006275569374577433,1.6382804888475229,16.688670525838162,2.1783359806887725,2.138551003803424,2.1085935870812804,2.0771400839630183,2.0456166995906977,17.1826171875,-2.3301272138735625,6.188479553836166,,2.112504028917431,2.059910542446666,1.0465391056170983
21.240000000000002,0.006350110973928494,1.6479815646426261,16.15087408320013,2.1718610655831005,2.1316438727912486,2.1025331643151803,2.077561206593784,2.0430438777433637,16.69921875,4.285897129633572,9.81875453259104,,2.095052758176216,2.1072693340702595,2.0230917075403916
21.25,0.0064360332824321635,1.6590933868038527,15.580560462297584,2.164558811190013,2.1229445016157373,2.091497862431949,2.0615832609994147,2.040223233069188,16.14990234375,-2.217701842347655,12.212287210612528,,2.062007760535216,2.0441723903802247,1.8973182311252375
21.26,0.006533010627953422,1.6715461589373497,14.979759537881062,2.156992862092884,2.114295174899052,2.0813361104911388,2.0502084691461473,2.0362642587038415,15.57861328125,2.677843023480559,13.95549055313228,,2.0288472919242184,2.011505710516737,2.053285536675378
21.27,0.006640675436346165,1.6852635157888909,14.350628927699722,2.14863729375884,2.103921520298867,2.0668772208117923,2.0267916860473396,2.030366039417577,14.96337890625,1.1824037699924106,15.216092045987383,,1.983620748577026,1.9233943633723332,1.872907961963284
21.28,0.006758619624673304,1.7001635227275993,13.695446507335491,2.14083770019213,2.096087972752702,2.060795330963302,2.0322319082256226,2.0222934448509418,14.348144531250002,3.180519908585096,16.051831997014805,,1.9610377487720976,1.9941762662042142,2.3287779609509847
21.29,0.006886396147967034,1.7161596739243454,13.016602326650258,2.1336892867280985,2.0906934979142497,2.061580321336225,2.0551730928535124,2.0124280765577027,13.7109375,1.9129051258817138,16.47191577101058,,1.9605341182257288,2.111061340364866,2.475301983179207
21.3,0.0070235206936677735,1.7331618654664087,12.316589947587246,2.1252911485389605,2.0814085468816286,2.0502515061380717,2.0345542202230624,2.000808565026757,13.0078125,-2.238415311055038,16.454342906965255,,1.9335053042475037,1.9966105387016178,1.5302985409251204
21.31,0.007169473517318511,1.7510773238036594,11.597997229634325,2.1167760023509707,2.0721035759693147,2.0394041262421374,2.017358485302987,1.9874196901969619,12.3046875,3.236908203468379,15.952811507678446,,1.9126166364098383,1.9438373108331044,1.6083579057114743
21.32,0.007323701412557382,1.7698114743623519,10.863496596000294,2.1089822461298997,2.0653560400203324,2.0362629489551587,2.024796964578883,1.973222126568923,11.6015625,2.6111491885098883,14.901355333230667,,1.9180684079073191,2.018919178620445,2.2066027717965593
21.330000000000002,0.007485619807940551,1.7892687395611342,10.115834820289544,2.101549669217131,2.05969788357556,2.035523287862572,2.03552405222434,1.9599172952984272,10.87646484375,1.2115622239486614,13.226216110819827,,1.9363976742888642,2.07673188430406,2.2828382137664054
21.34,0.00765461498264905,1.8093532595635362,9.357822379992275,2.0940588030742044,2.0536263008490874,2.032522466660729,2.034820131162145,1.9492662286554554,10.12939453125,1.613991333878791,10.841386909362036,,1.9544882250170341,2.0647438509014977,2.0145090888844455
21.35,0.007830046392680817,1.8299695327222092,8.592322429242017,2.0879097647169074,2.0516071328405627,2.0400630869384506,2.0630080156015547,1.9428479791842526,9.404296875,3.313835745720732,7.45007128482313,,2.0039990407463115,2.181807532942421,2.3934595509128282
21.36,0.008011249098710203,1.8510229757100325,7.822239448841215,2.0794681132587165,2.041548834707161,2.0226534594437817,2.0090272615860547,1.9409612912309373,8.59130859375,-3.734435911856231,-2.579505219037163,,1.992037412820606,1.8890831924057718,-0.26415622299479524
21.37,0.008197536286414064,1.8724204057539853,7.050507636344071,2.0721533955862252,2.035253497542129,2.0169667262107898,1.999787525199708,1.9431219135208977,7.84423828125,4.681414367938685,-8.120606072029235,,2.0084442930577677,1.9027569485243239,1.9413043909441412
21.38,0.008388201869710392,1.8940704492019234,6.280079102859666,2.064009653617437,2.026032741578639,2.002641089456294,1.965723439602098,1.948882584614359,7.05322265625,-2.771137485290289,-10.9675111245532,,2.000714596973926,1.779167416798983,1.743494865313916
21.39,0.008582523167043395,1.915883881910834,5.5139119460698405,2.0570379598867743,2.020659308378806,2.0000078579196,1.9738155433737272,1.9576442379138848,6.30615234375,3.7203775408031015,-12.95956713020441,,2.0181592745769907,1.902555545816062,2.453833121024645
21.400000000000002,0.008779763640569678,1.9377739077184963,4.754958270650699,2.049025150345137,2.011577860791722,1.9862009246652175,1.9460378887502565,1.9684100190597473,5.51513671875,-2.6883223581019533,-14.39685257305272,,2.0034013744562027,1.8134092735319745,1.767054996457903
21.41,0.008979175687864828,1.9596563816321637,4.00615222778476,2.041774178000605,2.0050287062791217,1.980403512845998,1.947987167109743,1.9796989912234164,4.76806640625,3.6289188871105478,-15.379074003211064,,2.0027979835768455,1.9065768611006735,2.1178646950893776
21.42,0.009180003475568287,1.9814499844202842,3.270398144733227,2.0338386486366664,1.9960707397983701,1.9676096324695294,1.9277268288645042,1.9898262878621655,3.9990234375,-1.9904459253880782,-15.933571318358641,,1.9794016753352373,1.865200684586074,1.6437970107319995
21.43,0.009381485804224652,2.0030763551059145,2.55055881352491,2.025790339480683,1.9868326720191607,1.9548360095365358,1.9110582052029272,1.9970073433184816,3.251953125,2.616885542017222,-16.047678528381727,,1.9500907674102033,1.8583337604716959,1.7016934207657206
21.44,0.009582858993466432,2.0244601875036787,1.8494440047697414,2.017045702682209,1.9754785569908118,1.9369307999277843,1.8814326903261624,2.0002359439155595,2.5048828125000004,0.7723151911679699,-15.680555284950218,,1.9022263615669668,1.788704186826415,1.5412388874387486
21.45,0.009783359776597816,2.0455292964729623,1.1697992685177625,2.010831206299587,1.9726943656843883,1.9449371387546859,1.9354271461600598,2.000412409719976,1.845703125,4.2716953208523,-14.767509051663756,,1.9171432037852518,2.1040792738869762,2.8065589241930615
21.46,0.009982228193612467,2.06621465902988,0.5142950790893719,2.005876890269657,1.9733836027828688,1.960539104544509,1.9967860374280895,1.999744247616233,1.1865234375,-1.9149200978921905,-13.227687228250037,,1.9528428508535365,2.3073179588398562,2.7245965153112213
21.47,0.010178710471676344,2.0864504349030337,-0.11448362494158171,2.000027968252797,1.970184494727325,1.9618315662702883,1.9991885667335556,1.9995958540310772,0.50537109375,-2.100390997757111,-10.966902099737759,,1.954777271891893,2.2032730588580174,1.380733974281198
21.48,0.010372061882160794,2.1061739705644045,-0.7140474607424305,1.995243868266177,1.9697907130915258,1.9695195542143398,2.016151239715894,2.0006300056176993,-0.10986328125,3.8088343954442143,-7.719923526411032,,1.9741496169744142,2.1873570959988085,1.6629791672836456
21.490000000000002,0.010561549563393493,2.125325790233639,-1.2820121430083016,1.9911150266097204,1.97053833159329,1.9779943876661803,2.0287027314309927,2.0032113397835207,-0.703125,0.6180969354042903,1.450338373418672,,1.9971605563533135,2.138873476981803,1.868924880035911
21.5,0.010746455298431767,2.1438495768572703,-1.8161075162057552,1.9871917055042552,1.9708352896013077,1.9827177945967707,2.025305563168665,2.0067669991929145,-1.2744140625,1.4644520946198036,7.837845227855062,,2.0118336809352564,2.022432318946331,1.8388606102321996
21.51,0.010926078237326916,2.161692145609068,-2.314186052751455,1.982031345351201,1.9661470032106452,1.9717154638218182,1.974957582686232,2.0097436519927987,-1.845703125,-1.4022986125035999,10.773619153436048,,1.986692119210584,1.7077797679652797,1.0487029418974259
21.52,0.011099737553561877,2.1788034120498194,-2.7742307991807924,1.9772850057483156,1.962278741969792,1.963432393064291,1.9429475775188907,2.011033346081972,-2.35107421875,3.396240979435552,12.813364039488105,,1.9654734172274155,1.5869503730003272,1.8543933864026856
21.53,0.011266775024595038,2.1951363567239652,-3.1943627585175842,1.9752208863574403,1.9663223681057602,1.9773951064891715,1.985311435687062,2.011526506008722,-2.7685546875,3.5374891490562446,14.284663403352996,,1.998621498324735,1.8989253133239374,2.955754341471025
21.54,0.011426557526726716,2.2106469876551946,-3.572847702626153,1.9736948372040122,1.9705944321916788,1.9891324232472982,2.012611441590248,2.0130083202703917,-3.18603515625,-2.565775266499825,15.294716746270344,,2.02701899557275,2.034975884455518,2.5230405439476105
21.55,0.011578479434834537,2.2252943019320828,-3.908102413170669,1.9728018865036552,1.9753576843340879,1.9997258638308846,2.031093573601626,2.0167228180538546,-3.5595703125000004,2.5873846055329777,15.873795274355599,,2.0528260573651176,2.1160224559626664,1.9858691664888668
21.56,0.01172196491787919,2.239040247342811,-4.198700353811513,1.9725464278802414,1.980570473768046,2.009300258651881,2.0430371269275094,2.023180229193301,-3.8891601562500004,2.1056186507823034,16.0107581554283,,2.0755890316520977,2.1609317025575656,1.689275447010642
21.57,0.01185647012148322,2.2518496848232643,-4.443376779354175,1.971887810025987,1.9829463128807177,2.009083106815199,2.0243104082838013,2.03185948959238,-4.19677734375,-0.871084609306258,15.665557179842672,,2.072736919432684,2.0637736916307614,1.1438028432218454
21.580000000000002,0.01198148522930663,2.2636903523190077,-4.641033289685642,1.9709004011720692,1.9830749089621904,2.00222094148804,1.9908953167391013,2.041634736861563,-4.46044921875,2.233228842109128,14.773450015682402,,2.0500327524471587,1.92596061083714,1.3142258400666813
21.59,0.012096536395408851,2.274532830527402,-4.790741837473307,1.9715623423240505,1.9874319565388514,2.0077379913253535,2.003418948491226,2.0519824995801996,-4.63623046875,3.5367995981493037,13.251874964440244,,2.0539876227223517,2.028071623811844,2.487264767419208
21.6,0.012201187540271618,2.2843505108755378,-4.891748198782774,1.9725151864508113,1.991360089507919,2.0112181257394717,2.009131588012249,2.062866387516209,-4.7900390625,-1.7686978825375255,11.003767821856973,,2.0509130343387305,2.0450621597475123,2.398795194396132
21.61,0.012295042003674945,2.2931195660007004,-4.943474915281123,1.9745552957811359,1.9974361708208284,2.0201834369344036,2.0314961927890614,2.0741243194337167,-4.8779296875,2.9945643575001792,7.763028234899503,,2.060007156979444,2.1239391847499545,2.426505058618891
21.62,0.012377744048162317,2.300818922929244,-4.946069902133733,1.9763535979006959,2.001341543906859,2.0220459037947878,2.029210994380075,2.085146078771099,-4.94384765625,-1.3196620167544653,-1.3546617928001676,,2.0510062309353985,2.065325773356177,1.7920889635884703
21.63,0.012448980207395636,2.307430239093884,-4.9030891099762774,1.9777809222963878,2.002982051481407,2.0176697010660996,2.009996583392596,2.0948798285035943,-4.9658203125,2.107619244545511,-7.859599207636656,,2.0258021405603004,1.9522278838733271,1.379673582829374
21.64,0.012508480474289756,2.3129378812866417,-4.815278827649122,1.979792317498545,2.005865012970139,2.017826734150151,2.00975309596512,2.1028766930280463,-4.921875,3.042526476554155,-10.82691185718456,,2.0118512862637683,1.9646999464518775,1.9721847463809774
21.650000000000002,0.012556019324422688,2.31732890761231,-4.682767410399306,1.9832163450141542,2.0127550315200806,2.029688774964003,2.045511734301371,2.1098736230592903,-4.81201171875,2.9209616615374565,-12.89758496154545,,2.029233404249316,2.1297386539442544,2.6122521105959904
21.66,0.01259141657084306,2.3205930524838068,-4.505856426786795,1.9869843231300268,2.0195961381262006,2.04024599507936,2.0700858885333875,2.117072553928505,-4.68017578125,-1.2446564820990678,-14.403409948984281,,2.0467445891486586,2.1877325438900215,2.3557782528433084
21.67,0.012614538047034444,2.3227227146841014,-4.285020344893692,1.992064643547703,2.0294147821588218,2.057984755522741,2.1101702575005374,2.1254617320800455,-4.482421875,3.1701205295265003,-15.45381542011469,,2.0856576958192226,2.298062053088856,2.4118278730295533
21.68,0.012625296115447864,2.3237129485083754,-4.020905605526251,1.9975124884901898,2.0384305184715754,2.071344305773402,2.1284069066941185,2.135179943311025,-4.2626953125,-0.8662890603318724,-16.08084546511869,,2.11688564242384,2.2823421576547074,1.9477350074901407
21.69,0.0126236499996753,2.3235614579932222,-3.714329077842805,2.001623645084867,2.041007183790764,2.0655170520522885,2.0865699575812022,2.1449027062469828,-4.04296875,-1.7973473920137537,-16.275858463132902,,2.1018969209362726,2.008924186415539,-0.35159090898537704
21.7,0.012609605939004877,2.322268594235779,-3.3662758885272455,2.006607347524173,2.045222348258305,2.0655823760504437,2.071468924359903,2.1532701578481332,-3.7353515625,4.002533690734587,-16.00231016329206,,2.099911005203231,1.9428226352458824,1.844177776822061
21.71,0.012583217164771999,2.3198373558037537,-2.9778966156296014,2.013522974036359,2.0541365953121486,2.0792575067589465,2.101372625710126,2.160204345875413,-3.36181640625,2.6762310992393585,-15.199875359029884,,2.130655479135594,2.098986391051369,2.800946857923475
21.72,0.012544583698596186,2.3162733922362273,-2.5505038387815335,2.0214025077903583,2.0640124249793463,2.09436333950091,2.1304453166807877,2.1660366200626555,-2.96630859375,-0.7060380289289938,-13.791301077387075,,2.1649113395660238,2.1953696304405352,2.6930214411659716
21.73,0.012493851973268074,2.311585010633859,-2.0855680387516244,2.0284122646194036,2.069305640583933,2.095574456221474,2.113850500934893,2.170467074039004,-2.57080078125,-1.3768212231934949,-11.696155601199528,,2.164350913872272,2.071735750755535,1.6313958896782799
21.740000000000002,0.012431214277723963,2.305783185334818,-1.5847128412957878,2.035974692250981,2.0751646910202908,2.0990019959541106,2.108857861502487,2.173308337526409,-2.109375,3.5175803681093147,-8.73628972531943,,2.1663445845543543,2.059116587395924,1.7990100437397198
21.75,0.01235690802821116,2.2988815706681307,-1.049709603018092,2.0453821048703418,2.0855204439519066,2.115198115181177,2.144492885836746,2.175550214303585,-1.58203125,3.0358505495293056,-3.734563641769531,,2.19705683574427,2.23496124443125,2.5769690623157104
21.76,0.01227121486840698,2.2908965167683526,-0.48247134049364776,2.05573861892765,2.097428195969475,2.134289458885374,2.182388705391922,2.1786177791478774,-1.03271484375,0.7949860180046803,6.833953181258127,,2.233556122260158,2.355939471708598,2.5841432596888843
21.77,0.012174459601902094,2.2818470884230084,0.11495399180632374,2.0653156368761327,2.10604965275756,2.1426237681233005,2.182037177161645,2.1830744983832044,-0.48339843750000006,-0.9220148529715205,10.159338484982337,,2.24251735692852,2.2801898142372226,1.8146347912433851
21.78,0.012067008961094238,2.2717550869059657,0.7403908642620857,2.0747829416675883,2.114019481336022,2.1489300364255497,2.177251170598268,2.188688353058279,0.10986328125,3.045688213222355,12.398795695034401,,2.2434793904111325,2.2132576073836945,1.7824577676194573
21.79,0.011949270217159283,2.2606450747242546,1.3915441594055533,2.0837895874042776,2.1206852156599614,2.1517566102726478,2.165151197536528,2.1950561584369455,0.72509765625,1.6855294779669776,14.020979495378027,,2.2324759651405635,2.1283338555467335,1.8947191842199043
21.8,0.01182168963636707,2.2485444031707615,2.066007761563838,2.093145383513303,2.128756321853111,2.1591054150335363,2.171368566824156,2.2019711410287384,1.38427734375,2.933991536095327,15.168239055699948,,2.2291047362032566,2.149078068540204,2.397955593503558
21.81,0.011684750788594519,2.2354832425294227,2.761273720195563,2.102619701842758,2.1376036766838764,2.168671910345343,2.1853159431638463,2.2093990102568135,2.0654296875,1.959799616692874,15.886000892585269,,2.2292325354492895,2.194462861581458,2.5265443686622553
21.82,0.011538972714445967,2.2214946147197714,3.4747419516393623,2.111175830116719,2.144227515006122,2.1719038653995795,2.1799246429941337,2.216932108121074,2.74658203125,0.8325085341976313,16.173983919605305,,2.2127742775180916,2.142687657602187,2.0961915193547656
21.830000000000002,0.01138490795792873,2.2066144280924442,4.203730437355749,2.119070859661911,2.1496664616482777,2.172573463051514,2.1704206528374366,2.22391947552065,3.44970703125,2.6033253050743332,16.002005664962656,,2.1890411245076704,2.1000273051096023,1.9478292847012684
21.84,0.01122314047214042,2.1908815139927857,4.945485870287578,2.127562990600444,2.157853992983365,2.181962321869091,2.191223354058372,2.2301091464749128,4.19677734375,3.2223055744702385,15.314781606464456,,2.1876679862209794,2.216692481003089,2.480775009115777
21.85,0.011054283405905722,2.174337664593288,5.69719469488467,2.135000647854121,2.163496596477023,2.1842324385679666,2.188508532660562,2.2353227379706153,4.921875,-1.8896573879626195,14.035356554527398,,2.170982153757042,2.1911675513531224,2.0783235264680204
21.86,0.010878976779753153,2.1570276713537817,6.455994480824683,2.1429236033077443,2.171535839027236,2.1940417620965986,2.21044626963395,2.239342274222901,5.69091796875,3.669104236912725,12.081878953647355,,2.176664014458987,2.29189497426781,2.450071299176486
21.87,0.010697885060038615,2.138999363296688,7.218985565693305,2.1499823779609923,2.177488717599419,2.197925008052543,2.2115723269309773,2.2418460520652888,6.43798828125,-1.5387128482384986,9.308972877892856,,2.1719863637810692,2.266914240459468,2.084940208493247
21.88,0.010511694640412862,2.1203036440805034,7.983242898022273,2.1561170859334253,2.181288222079346,2.196503703766519,2.1979845280095147,2.2422279546830866,7.18505859375,2.2809701875412243,4.948856002710205,,2.157961057508423,2.1871025262702513,1.8298173639897968
21.89,0.010321111240176848,2.1009945266125083,8.745828009257478,2.163153295675506,2.188851200117302,2.2069155214910374,2.2236812902820238,2.2404389857424305,7.976074218750001,3.744227112338976,-6.044096175905364,,2.178636802632638,2.3051504809419128,2.598225320715877
21.900000000000002,0.010126857229387318,2.0811291636592855,9.503801041544971,2.1691873427403845,2.193669738956306,2.209453124896557,2.221643841857785,2.2367180524637513,8.72314453125,-2.4231377538536107,-9.683347003502035,,2.1843838521626298,2.252624213519747,2.1629020062277617
21.91,0.009929668890850847,2.0607678725865264,10.25423275774741,2.175394817110652,2.1997002082057793,2.2161298067596102,2.2331881190581737,2.2313479982797713,9.4921875,3.5073442048501358,-12.052283206305248,,2.2046198188834016,2.279860065451564,2.343317458969271
21.92,0.009730293629383836,2.0399741519861543,10.994216460866106,2.1811197753263873,2.204645897281591,2.2199702428945356,2.2347386117011943,2.2249091924907933,10.2392578125,1.040312856334355,-13.75826321341967,,2.2209766963950326,2.251113901497533,2.1669982090294466
21.93,0.009529487138917632,2.0188146875282373,11.720879752032973,2.186797265408114,2.209951263775015,2.225328938481906,2.241285165138833,2.2181954927990866,10.986328125,2.712857661047163,-14.971017412331419,,2.243081195293459,2.2559619798360964,2.2613960376047677
21.94,0.009328010538183959,1.99735934390823,12.431396059400717,2.192889078627298,2.2169928923187796,2.2357587794906006,2.2622089348698746,2.2122605407833555,11.7333984375,2.720714797496417,-15.74656797079931,,2.278723529804556,2.3235500230049175,2.5034799470543865
21.95,0.009126627485840087,1.9756811392529503,13.122995874508934,2.1981675304843438,2.221596677365363,2.238931725773342,2.2579949319865364,2.207755350518894,12.4365234375,-1.217348927585642,-16.09080953667496,,2.296076381563405,2.2594397704195797,2.0532401242522207
21.96,0.008926101285965844,1.9538561978084088,13.792977637913829,2.2025855035889363,2.2238454734269726,2.236038027409629,2.237540443806218,2.2046862126601625,13.11767578125,2.3857441419847487,-15.977277191087081,,2.296023279322749,2.1495934802961965,1.781994579543362
21.97,0.008727191994905162,1.9319636761758092,14.438718221885475,2.2079186777836086,2.2296266298799092,2.244252481950709,2.255663164496054,2.2030797205276222,13.82080078125,3.7526190318801316,-15.353157361647952,,2.3195715603815,2.2578729100234014,2.590232656740991
21.98,0.008530653540417004,1.9100856578087784,15.057682964620556,2.2123075273878716,2.232604948303558,2.244422963002102,2.247305074883407,2.2024279617946663,14.4580078125,-2.4151977327940823,-14.142327690246143,,2.3198872246648095,2.20768444128375,2.1838698103389134
21.990000000000002,0.008337230864056413,1.88830700996665,15.647435217493948,2.214316450030468,2.2285335141383418,2.2257649136183923,2.185439124916443,2.201062462747282,15.029296875,-1.0986060272986697,-12.258459651403987,,2.2684423578182042,1.9272510603551394,0.883951414272745
22.0,0.008147657097615248,1.8667151968743048,16.205645374173763,2.2162962372645856,2.2256472155953007,2.213853303947969,2.1587620337808144,2.19789443011148,15.622558593750002,4.195818385212859,-9.56121349587576,,2.2263808400181193,1.9247592391382076,2.089076181529782
22.01,0.007962650784325594,1.8454000425208976,16.730099357742485,2.2202882331516327,2.230279521483749,2.2256547428359243,2.2118190970011287,2.1937662177803214,16.23779296875,3.6350225839976207,-5.383923905407495,,2.239925322183541,2.288131074705923,3.256041915237466
22.02,0.007782913155359101,1.8244534363989429,17.218706549097273,2.2228939995501595,2.2308337873958344,2.225255332852345,2.2175929759320736,2.189703379933851,16.7431640625,-3.6904536532804775,5.730573961860668,,2.2226813382860198,2.303365188756829,2.364069667819076
22.03,0.007609125471943528,1.8039689756142192,17.66950714665286,2.224820335907823,2.2299697701659187,2.221677387397254,2.212716135585582,2.1858154416916364,17.2265625,3.387096981214139,9.555795166521131,,2.197120263021789,2.2814397901289367,1.8279034113865331
22.04,0.007441946443172047,1.784041537267133,18.08067895356475,2.22673601409604,2.22993348749384,2.221586422618109,2.219074823609923,2.1820091105795942,17.68798828125,2.8269430474162984,12.018952445351836,,2.1813884481296615,2.3135983280303596,2.045457259921707
22.05,0.007282009729291674,1.764766775900326,18.450543594175954,2.2266863055248147,2.22445111342798,2.2067848483379686,2.17952065765243,2.1778132978920084,18.0615234375,-2.559489825297559,13.804770716197526,,2.1295154993360708,2.1189209068819737,1.2129757847907605
22.06,0.007129921539935382,1.7462405422070417,18.777572166041494,2.2274375227869867,2.222822947482355,2.2054332215950825,2.188517581416458,2.1731396834935324,18.45703125,4.500904497449647,15.098796203752997,,2.115027864544866,2.199801975604687,2.477455859377582
22.07,0.006986258336399443,1.7285582211660973,19.060390337604453,2.2278889863504547,2.2211382877541275,2.204601550038507,2.1966985569630832,2.1685889910580465,18.78662109375,-1.6205100155041046,15.965270857399439,,2.1073080752327042,2.228377794087304,2.5332739535242403
22.080000000000002,0.006851564646677245,1.711813990355186,19.297782904322037,2.2280413407156194,2.219369659796558,2.2040158855666387,2.202983923499813,2.164563067329672,19.072265625,2.280160028018607,16.416825487029506,,2.106604439775771,2.2336389092540063,2.3755227797023757
22.09,0.006726351001529423,1.6961000023939914,19.48869781773781,2.2279426795965334,2.217638339656312,2.2038596658452883,2.2080515705380175,2.161031086712136,19.31396484375,2.3734037687659657,16.433743897607243,,2.1136765057502456,2.231176295415809,2.21641773643059
22.1,0.006611091999414383,1.6815054992300786,19.632249702668602,2.2268132140651087,2.2134265962645947,2.1968675866644625,2.1904107030629563,2.1572357168079237,19.48974609375,0.5707701522403746,15.971488664638809,,2.1088364767935124,2.1282398269504506,1.7411213912624173
22.11,0.006506224507613343,1.6681158701798193,19.727722877354473,2.224912335087828,2.207777787129437,2.186835656123085,2.16631274592536,2.1519208065457325,19.62158203125,2.5021045451414,14.965824912153037,,2.1006130654103012,2.0326895397737537,1.7454801232887351
22.12,0.006412146006367974,1.6560116700747058,19.7745738916604,2.2224905038293663,2.2016042319303675,2.176712123391544,2.1463620398771144,2.144026192004126,19.70947265625,2.33451177904567,13.343235363483274,,2.0956126251260514,1.9910312861304138,2.03571959770565
22.13,0.0063292130823076175,1.6452676182627262,19.77320045434803,2.2197805385056992,2.195669998043209,2.1686359777454762,2.1364593048713605,2.1331658436357976,19.75341796875,2.2812621039237952,11.021952183463487,,2.0985778046608,2.014949927550894,2.2957031517505277
22.14,0.006257740076875288,1.6359516032297374,19.7271841683968,2.2169901154396543,2.1905562477508504,2.1636150893919086,2.1368619733916048,2.119862060646154,19.75341796875,2.2852071726200944,7.743064094969451,,2.110605846118536,2.0821211647836364,2.395342933236181
22.150000000000002,0.006197997894876613,1.628123720849859,19.637066043161948,2.2150236174028826,2.1889887457176496,2.168624222647068,2.165522444393483,2.1055658320252197,19.7314453125,3.0083439935112932,-1.3768271487518051,,2.148370925101937,2.252751169232653,2.6461842971947696
22.16,0.0061502129776666485,1.6218353763515074,19.502986400683035,2.212812206546976,2.187110233402173,2.1713685866894186,2.1793326560942825,2.0919167280909514,19.6435546875,-1.074754925396192,-7.807739921436498,,2.1799662962418695,2.298291428005909,2.2143636350113023
22.17,0.006114566444867109,1.617128480645783,19.325253054500998,2.2103176624522787,2.184792592347484,2.1718059775831193,2.181449147801652,2.0799606258593912,19.51171875,2.304188116975144,-10.727803300529681,,2.203971172913561,2.2814131192049762,1.876033615721417
22.18,0.006091193407866976,1.6140347704480624,19.10434094085726,2.2066349990650034,2.17912418383207,2.1620853032492464,2.15127091295014,2.070004158293222,19.31396484375,0.02748024458086707,-12.747656516038798,,2.199323915981005,2.123864948627529,1.274104566703138
22.19,0.0060801824577084865,1.612575278518327,18.840891205212145,2.2027227545778634,2.1735458239416015,2.1533656221265765,2.1294789190108223,2.0621483029894594,19.09423828125,3.093457917687253,-14.195734644646837,,2.1918631842689096,2.0465936432384275,1.858050688407457
22.2,0.00608157532929973,1.6127599754158006,18.5357097369807,2.1993613983984064,2.1705429576942583,2.152606314691999,2.1360015821754055,2.056864757591911,18.8525390625,2.783827166800272,-15.178694405731672,,2.1985576009952,2.110525878977291,2.528884873186106
22.21,0.006095366743226399,1.6145875976658772,18.189765143116013,2.195427761424055,2.1661644370029207,2.147586513407395,2.1281726583092246,2.054276893874157,18.544921875,-1.394141521392364,-15.725838492024634,,2.1897538219690214,2.076894460982388,2.2710631735290465
22.22,0.00612150442576241,1.6180456696065535,17.80418615038381,2.1908150628867396,2.1601780822776666,2.1382499482856967,2.108816882655104,2.0535283666517654,18.193359375000004,2.1839339233659825,-15.824552534379807,,2.1649326577477708,2.0045889925316596,1.9329712878023757
22.23,0.006159889307003494,1.6231107179860924,17.380258425952192,2.1853956028212815,2.1523150662693187,2.124458596721806,2.0800052486278853,2.0529969108389787,17.7978515625,1.9201238780729115,-15.432611389636373,,2.1235362530738557,1.9163098870897182,1.7114373778848664
22.240000000000002,0.006210375896372789,1.629748670260722,16.91942080635855,2.1781346490542894,2.1394319914310085,2.0979273596306354,2.0183447851221796,2.0507468551101806,17.33642578125,-1.2399208768790495,-14.482361087512505,,2.044050799147749,1.6961079217067099,1.0485815284262026
22.25,0.006272772834075123,1.6379154201191464,16.423260926083145,2.172573590741611,2.1334086185157712,2.0942882770349582,2.0407216709975815,2.045982830725686,16.9189453125,4.705751268571037,-12.886766913748632,,2.019208218710687,1.9768626278668113,2.7329176808874633
22.26,0.0063468436164099504,1.6475575375830285,15.893510238902262,2.1662567372032884,2.125574416524535,2.0857311602684114,2.0430619794774465,2.0388721595279278,16.41357421875,-3.2242515434125845,-10.534547667221567,,1.9827220158076144,2.0474970879919097,2.3568927017997168
22.27,0.006432307492193361,1.658613096496569,15.33203842793271,2.1597437830431945,2.1178614817549275,2.0783521936237164,2.047325262925183,2.0295044777303786,15.886230468750002,2.8976751018406985,-7.077956221043694,,1.9524303484479761,2.110203019566459,2.110850884848032
22.28,0.00652884052689219,1.6710125895384114,14.74084720380607,2.1525324924932328,2.1085923890682867,2.0671383338291145,2.037266054737934,2.0181640648526504,15.314941406250002,1.343432312223598,3.4160997468635155,,1.9170828063126755,2.0885937160797643,1.6922791231755134
22.29,0.006636076830435879,1.6846799000874388,14.122063494685971,2.1459417036688095,2.102098851374574,2.0648640066607986,2.053927501068074,2.005665956623836,14.743652343750002,3.187167748949151,8.425059177411928,,1.912918813281313,2.181131580584299,2.184485281099212
22.3,0.006753609944053207,1.699533301201548,13.4779320367983,2.1391677902472876,2.0954446256296873,2.061811944109777,2.0617931096385282,1.9931676796510396,14.12841796875,-0.7379804926154064,11.204890688380875,,1.9157379282883527,2.186782776418022,2.0759997502754404
22.31,0.006880994380876696,1.715486454340869,12.81080737968511,2.132358859019301,2.089054634973192,2.059158874393525,2.0659731252654328,1.9815491831761698,13.4912109375,2.2966703528650294,13.173740687386653,,1.928620678369777,2.161633237500712,2.0216607000855293
22.32,0.007017747314475927,1.732449383918863,12.12314532639686,2.12462894014569,2.0800036823627472,2.048462391583651,2.0422415383008174,1.971198280265795,12.81005859375,-0.45799046846318453,14.603256565790463,,1.927866817076958,2.0078568829351546,1.5483332077897558
22.330000000000002,0.007163350408918747,1.750329407898935,11.41749383515776,2.1169853347131165,2.071753298857876,2.040575806809779,2.0292262105447056,1.9623716804600684,12.12890625,2.9941582534009012,15.585866457539936,,1.9403866813035373,1.9420105428030503,1.930568354137218
22.34,0.007317251783424994,1.7690320090902614,10.696483415512366,2.1092483502747186,2.063596741589161,2.0330628000571114,2.017925444311915,1.95557261593836,11.425781250000002,1.4990503329802645,16.14652023943564,,1.9581015320171384,1.896720463047134,2.0777573045845124
22.35,0.007478868104165649,1.7884616362023416,9.962817058410328,2.1011621781806338,2.0546596663652483,2.0233481598263294,2.0006083476686447,1.9513554347406867,10.70068359375,1.6054376154612282,16.272001028165914,,1.9722328143065206,1.8397496965787257,1.9779769658785094
22.36,0.007647586795278115,1.808522427833379,9.219259745925882,2.094262751626613,2.0499185194423615,2.0257504307861476,2.0216919057951546,1.9504462586651234,9.99755859375,3.378581229099508,15.922026995361794,,2.017342905199835,1.9929730062856585,2.49184123862722
22.37,0.007822768360718553,1.829118856211105,8.468627592154622,2.0859892083737557,2.0406460225053134,2.013862669701145,1.99391465512867,1.9528733048328788,9.228515625,-3.0233504808472382,15.03368684283384,,2.024829677190044,1.875698252888348,1.508688737988043
22.38,0.008003748808149613,1.8501562905690936,7.713776672103162,2.076898190275728,2.0290847321792436,1.995970153939363,1.9524480063741463,1.957784151647036,8.45947265625,2.8135674571759908,13.529836743459429,,2.012542846240227,1.7503770361962752,1.1557899821305189
22.39,0.008189842165677176,1.871541482487698,6.957591599922787,2.0701634095617725,2.0256776500689764,2.002455290683144,1.992462272745266,1.9649006271879306,7.75634765625,4.245659917146551,11.326650712400589,,2.0544036112007893,2.054840736542229,2.707356397307793
22.400000000000002,0.008380343081895584,1.8931829773669926,6.202973921490337,2.0617215845138785,2.016422565973704,1.990323488595339,1.9667335017777814,1.973325805518613,6.96533203125,-4.169111285873485,8.204942189975757,,2.0449244954118377,1.9485594066018856,1.6252380155776056
22.41,0.008574529499387954,1.9149914574790354,5.452830388989315,2.0527831965818,2.005822514711241,1.974853433564798,1.9350338125401914,1.9809011440535398,6.1962890625,3.496416869045602,2.260686430023364,,2.019045559515792,1.8590466017691358,1.3930596738237946
22.42,0.008771665391547489,1.9368800228383234,4.7100611867027995,2.043308508095045,1.9938836651953646,1.9565727441578407,1.9005681204261553,1.9857884826680963,5.42724609375,1.5923210637891387,-7.412130164767488,,1.977210404190118,1.7776558762549366,1.5275457063931728
22.43,0.008971003552345515,1.9587644165154112,3.977548177643726,2.0350567685775514,1.986421154423296,1.9524295447913718,1.915846047330153,1.9874900303601988,4.7021484375,3.273688742815555,-10.513537094092046,,1.9625373438214038,1.9400577292916543,2.4461054522503294
22.44,0.009171788428473888,1.9805632010830423,3.258143239900772,2.0274643012227065,1.9811041364378927,1.9537979243647576,1.9429058916055226,1.9868079413775988,3.97705078125,0.5638379028351618,-12.643725054441346,,1.957204191304198,2.0744847178452677,2.488752521150079
22.45,0.009373258983125625,2.0021978927048543,2.554656759691086,2.0208893279415534,1.978802606441129,1.9622036942551193,1.9823768746888584,1.984962217927366,3.27392578125,2.461537277639425,-14.186439722255978,,1.9676997055633034,2.203794776394552,2.389846205642782
22.46,0.009574651580560267,2.023593059025359,1.8698463451435032,2.013582996003898,1.9735113531319468,1.9596595522641835,1.977960917465892,1.982784478591874,2.548828125,-1.9757634711129481,-15.26406841370876,,1.9505324985177601,2.102158232381005,1.3400000286687053
22.47,0.009775202880518944,2.044676386554854,1.2064058208819506,2.0078309197990603,1.972851370697721,1.9690185879998487,2.006389909148624,1.980908785404664,1.8896484375,3.8854171291851562,-15.913450099033414,,1.9636168943733958,2.1657372753432353,2.038202081728476
22.48,0.009974152731520915,2.0653787227139975,0.5669545586642851,2.001551772845109,1.9695945658307854,1.9683543905760168,1.9966246755333659,1.979663724815435,1.20849609375,-2.637547467224668,-16.128480243261663,,1.9533529712470818,2.029002318700098,1.5181559086102734
22.490000000000002,0.010170747052072307,2.0856340971459844,-0.04597280619040564,1.9948423899049743,1.9643121861659634,1.9607171401864778,1.9661883853335738,1.9788419143161824,0.54931640625,2.318376385570291,-15.87408396512779,,1.9263727178203212,1.8318857276191867,1.3532059313852567
22.5,0.010364240688868234,2.1053797263498386,-0.6299362289095932,1.990600448173707,1.9664446098041783,1.9734626209306116,2.0011462221146292,1.9790123147952,-0.02197265625,4.087421070255236,-15.0902091938444,,1.9532100087736286,2.000963484639658,2.6748283441731084
22.51,0.010553900241155182,2.1245560051545826,-1.1825996426368057,1.9852716265747439,1.9638131205676035,1.9698794357240657,1.9796919098127934,1.9808112574791181,-0.63720703125,-3.7380437003002407,-13.697624999411172,,1.9421369025957258,1.8494796707145493,1.7894208220512664
22.52,0.010739006840545823,2.1431064880546824,-1.7017398483439587,1.9806860960182093,1.9627481527248318,1.969941545508969,1.9732151270390101,1.9846042886329638,-1.1865234375,3.807455722463356,-11.611083728973904,,1.942435220325767,1.842308665838946,1.9354050403727372
22.53,0.010918858875753409,2.1609778629712775,-2.1852548830782657,1.9782671643792717,1.9675586191668424,1.9851733389672492,2.0131095472740075,1.9914200496226127,-1.669921875,3.0376784709807354,-8.644405229972334,,1.9841688435078333,2.0633658011011735,2.587852808963355
22.54,0.011092774651914968,2.178119919592836,-2.631171848613617,1.9751697912346529,1.9685680373832337,1.9867144787111486,2.0042742420553683,2.0015833575960977,-2.17529296875,-3.1089230644991175,-3.5497904321212705,,1.9945186145903395,2.0005988835536352,1.6690789568960913
22.55,0.011260094974426415,2.1944855140866126,-3.0376541884464223,1.9728728447323989,1.970862849867684,1.9906654983782748,2.0047739499709043,2.014195840103585,-2.61474609375,3.5877441493330062,6.916893372482451,,2.0118678377124257,2.020178650428673,1.7944622462973272
22.56,0.011420185647493513,2.2100305316549904,-3.403008406381289,1.969582605225545,1.968671622956979,1.980896510520875,1.9651897046333193,2.027599335709453,-3.05419921875,-2.237867544934565,10.204323730002248,,1.9945971909243652,1.8521961975342178,1.0621829044512925
22.57,0.011572439877930475,2.2247138481380007,-3.7256902245594468,1.9676762769824836,1.9699948392487383,1.9816551369275779,1.966902801570894,2.040176713539594,-3.40576171875,3.8665883166304202,12.424308908081288,,2.0014694575058445,1.9340997352676774,2.1944020643832998
22.580000000000002,0.011716280575093817,2.23849729162994,-4.004310182586982,1.965122876939929,1.9681033689826992,1.9730081222093687,1.9416833254559753,2.050864001444471,-3.75732421875,-2.527583367662119,14.030337967095637,,1.98298830078396,1.8521066642886672,1.8553805204314195
22.59,0.011851162538234398,2.2513456048814087,-4.23763868234538,1.9650957975494765,1.9733487419137792,1.9851837942477744,1.9859688660274213,2.059504952778733,-3.9990234375,4.367773210539744,15.161176305356754,,2.0144367355916803,2.1078968664674025,2.7759105710110417
22.6,0.011976574522977197,2.2632264090937126,-4.4246104850703265,1.964251474178158,1.9744975192824166,1.984159860924784,1.9821510290171895,2.066460807875349,-4.2626953125,-3.4834402449251245,15.860315813803041,,2.012512145605869,2.054933105140086,1.8609262425345865
22.61,0.012092041179095256,2.274110169576539,-4.564328668355542,1.9646961601298074,1.9786379684471946,1.991529472312109,2.004437838903292,2.072301294737614,-4.4384765625,3.9268184166648066,16.12596168381542,,2.029739819834465,2.1351229085884205,2.0928919442936107
22.62,0.012197124852234632,2.2839701636289025,-4.656068050898296,1.9661550963579664,1.9846202015629808,2.0029761082651043,2.033798790245549,2.078353369747754,-4.5703125,1.4423668618230159,15.926249900353943,,2.0561565872296454,2.2071227855798963,2.1759537686243036
22.63,0.012291427242759204,2.2927824509131782,-4.699278098410701,1.9683570358175408,1.9914318351418971,2.015135248516539,2.0583566671745026,2.086029618636238,-4.658203125,1.7604715524854317,15.203763804986307,,2.0835113551048474,2.2274112740429657,2.0910405291872642
22.64,0.012374590915430209,2.3005258465208067,-4.694559751263179,1.9720203941103023,2.001251252945331,2.0339049040990944,2.0960821071344538,2.0964149070320044,-4.68017578125,2.890472746279491,13.879303367564747,,2.1258453462443767,2.2899641145577805,2.324605082209675
22.650000000000002,0.012446300654195878,2.307181896871534,-4.645440899204244,1.9757514866396395,2.0094689281942,2.0459682224357483,2.1066670030206853,2.1094598760717824,-4.68017578125,-1.206588939356474,11.867200193057382,,2.1510975982513507,2.2138100425416236,1.912561293155214
22.66,0.012506284656958017,2.3127348585450855,-4.552307670418262,1.9775771335786567,2.0102750628888533,2.0365876594736934,2.0538737379139085,2.123464331407078,-4.68017578125,-1.8495230136079521,9.00086439508204,,2.122018363166377,1.8698709644610128,-0.43945775234110035
22.67,0.012554315565786109,2.31717168011124,-4.415304355693044,1.9817833662139688,2.017953142726902,2.0480256429386006,2.0750938738706406,2.136779877247541,-4.548339843750001,5.365861324844106,4.309910941371752,,2.1382572854019632,1.9925921188459574,2.536475806695741
22.68,0.01259021132867406,2.320481987000419,-4.234745929894599,1.9851877602391392,2.0217481543810147,2.0477777255242438,2.0592544664769767,2.148100527545135,-4.4384765625,-3.1002720593385655,-6.527382532428558,,2.123021697093022,1.8929493195390281,2.106175168365291
22.69,0.012613835889573747,2.3226580694401355,-4.01111769463831,1.9890102674713628,2.0259495767905262,2.049282255439041,2.0537622254150674,2.1560630291883047,-4.2626953125,3.289619591168581,-9.998055565842526,,2.1079137809565736,1.901404146627027,2.181762093547841
22.7,0.012625099704089506,2.3236948734712612,-3.7450743143958336,1.9933246357399859,2.0307718690020056,2.052925332001936,2.0576565398497557,2.1602230299673866,-4.04296875,2.110170608405057,-12.311408995516171,,2.0950523144605935,1.9727124111913958,2.2302619139760327
22.71,0.01262396007887911,2.323589995051148,-3.4374382381770174,1.9991634119269563,2.0394071438760326,2.067219460244906,2.093739351792795,2.1613330163337965,-3.75732421875,2.952614239375911,-13.990938362344414,,2.1074893405285815,2.179752970733194,2.5706392594527108
22.72,0.012610421333474725,2.322343677246611,-3.089197498339861,2.005497568559592,2.048208114980093,2.0805627501807327,2.120077411934754,2.160915609780066,-3.44970703125,-0.5055299904820196,-15.191131075492024,,2.118918986166527,2.2794260971650386,2.2572634571248607
22.73,0.012584534783910549,2.3199588105177935,-2.7015028782568216,2.0134049328630916,2.060524666210581,2.102218323927943,2.165246784734084,2.16075372823328,-3.076171875,3.261720341522232,-15.963070775804804,,2.1531781004511776,2.427996110755859,2.417937707579214
22.740000000000002,0.012546398548219186,2.3164409360928313,-2.275664441308579,2.021889478946331,2.0729140863796753,2.1215166565009143,2.1939478646492376,2.16221329383649,-2.6806640625,0.30323484346515384,-16.310948059650364,,2.184811596937952,2.4541754173037194,2.1160259576072473
22.75,0.012496157174533926,2.3117982524320153,-1.813147415066552,2.0292021735195194,2.080140870894912,2.124532921119294,2.16977678237149,2.1653205389574977,-2.28515625,-1.4944292352099884,-16.208413115782587,,2.1785288230659954,2.2425575825961253,1.0083066602331183
22.76,0.012434001093206595,2.306041624777884,-1.315567426619787,2.0368395839371733,2.0875000157626493,2.128081582173164,2.1532488069389606,2.169566029502543,-1.8237304687500002,3.559740513952866,-15.604179807383217,,2.1733625061696507,2.114063970989718,1.7618306189639186
22.77,0.012360165895017644,2.2991845977832295,-0.7846850878312638,2.0451425934147984,2.096145446801055,2.1353937046055664,2.1534100618769134,2.1749718195706484,-1.318359375,2.233864336306009,-14.4255309540455,,2.177404319737933,2.0830592957050387,2.411996834746735
22.78,0.012274931438214046,2.2912434112012487,-0.22239993287594356,2.054447270879264,2.1070776910809967,2.1487972865441707,2.1741137375730353,2.1819494790625815,-0.76904296875,2.499931503225502,-12.59372301050391,,2.197160350208511,2.149302176530491,2.7381696063450387
22.79,0.012178620787760202,2.2822370186099934,0.36925628530919363,2.0641311206944946,2.11829092766457,2.162015242988403,2.1924252126850723,2.190532285111155,-0.19775390625,1.626899023085345,-9.993433373440533,,2.2177365709280985,2.189181525681013,2.515823845213754
22.8,0.012071598990821438,2.272187109125071,0.988126928101463,2.072812573899139,2.1257233334560035,2.1640262393721366,2.176372687101002,2.199563178415727,0.37353515625,-0.7647121995999098,-6.119901564575076,,2.211348928356993,2.077471747489475,1.6609937230096288
22.81,0.011954271693122622,2.2611181320293787,1.6319384167353672,2.0804165171584157,2.129684873383463,2.1572992355681686,2.1404182851437557,2.207067837526469,0.9667968750000001,2.3035270708478395,4.943206802003644,,2.182070973515045,1.9277195688963702,1.2144869987993256
22.82,0.011827083601425151,2.2490573242139433,2.298308767301804,2.0879322532588365,2.1336585279537545,2.152756215696112,2.121848401608555,2.2116495943440384,1.6040039062500002,2.980261803054141,9.11209691263568,,2.1561530435284864,1.9303224889526711,1.9816896705772618
22.830000000000002,0.011690516797950787,2.2360347402785354,2.9847566859293226,2.096259617304229,2.1404893272107826,2.1581288675956007,2.1405382663229973,2.213426112137889,2.28515625,2.839635664209091,11.676888285909637,,2.154742370356473,2.1167546976157596,2.7077615050472037
22.84,0.011545088913140924,2.222083285081754,3.6887111884548633,2.1052838392178295,2.1496150571589356,2.170533885716425,2.178713266855462,2.2137402744191683,2.98828125,2.055399306303047,13.51672970948703,,2.1731367741072303,2.3219509201611186,2.8392403750517397
22.85,0.011391351163676799,2.20723874845549,4.407521702493187,2.1140822004723114,2.1580315615084342,2.180635791006818,2.2031888329357825,2.214178725252457,3.69140625,1.1890956228038654,14.846039349061714,,2.1890142526935943,2.4009706036852427,2.352845407080755
22.86,0.011229886263198173,2.1915398417053065,5.138468603619377,2.1229309976854562,2.166700576447503,2.191354762693645,2.2248640999376583,2.216059092401997,4.41650390625,2.701947892886971,15.738699755171616,,2.2094898107332073,2.4424511663802626,2.0891424935326204
22.87,0.011061306213637786,2.1750282354025576,5.87877413157314,2.1321579129652126,2.1766312790230966,2.2053260877733303,2.251625763125327,2.2202193250067075,5.16357421875,2.561760328894151,16.211370326472448,,2.2408341042724227,2.480119604775204,2.1966969854721667
22.88,0.010886249985545162,2.157748597833592,6.6256136271580655,2.1403305211586394,2.183289540128425,2.209552322635511,2.244341719146017,2.2262909845198373,5.888671875,-1.3828937881303947,16.245959432265433,,2.249921341556337,2.3463020979442986,1.699487909992515
22.89,0.010705381096190241,2.139748633300986,7.376127026012601,2.1473143225397266,2.1866114401072827,2.205182927241279,2.2137200298002893,2.232633071025093,6.61376953125,2.2904729342012797,15.798389760375256,,2.2374252875535663,2.13289615522331,1.5237188590143718
22.900000000000002,0.01051938509462768,2.1210791192689,8.127430541822612,2.154019421524639,2.1897861913355747,2.2022468418951906,2.1949551080073126,2.237402328338484,7.36083984375,3.0051765923927736,14.803700295294572,,2.226700287325936,2.0260153425561827,2.163786045578354
22.91,0.010328966963253916,2.1017939411043844,8.87662846895316,2.159528058925771,2.1899889691954817,2.1927452967321868,2.1622852974300595,2.239247310492043,8.0859375,-0.8469528488390953,13.185157996522364,,2.1974480607172815,1.8762786823130846,2.1077667943979685
22.92,0.010134848445705386,2.081950122885405,9.620825032994706,2.165870163581921,2.1938912357389637,2.1961932162780244,2.1777317087999024,2.2381255842611014,8.854980468750002,3.9130392899898414,10.853693839185418,,2.1988507487146447,2.031051587386787,2.79860577445122
22.93,0.009937765311227446,2.0616078524215222,10.357136217406326,2.173035455773215,2.2010768513165537,2.2095928293225056,2.2211600731407937,2.23544863761158,9.6240234375,1.969971185423857,7.527964424604057,,2.2258989515865064,2.268408825649392,2.9470146803691373
22.94,0.00973846456588057,2.0408304982612133,11.082701495318958,2.1802338955228566,2.2086987633195285,2.2234618997121847,2.2570387405388375,2.2327441413928106,10.37109375,1.2747732201874078,-2.1987111223318103,,2.2559578871352306,2.405362613204808,2.4950035949182205
22.95,0.009537701621156847,2.0196846160415336,11.79469539761942,2.186927657365248,2.2149968106655793,2.23270375374231,2.271531665229455,2.2306055565267133,11.09619140625,1.9210544377907508,-7.970682117352865,,2.27595393286811,2.424578754446057,1.8565257171819123
22.96,0.009336237430736362,1.9982399410705523,12.490338851617121,2.1919212418719276,2.2163464844212615,2.227824934418406,2.2412914357830553,2.228406036973605,11.77734375,-0.8193427181399777,-10.826629447144391,,2.2608403330462363,2.2526317471175377,0.7256731010471482
22.97,0.009134835606237452,1.9765693635272674,13.166910228809673,2.196969719951918,2.2187712327757967,2.2274578725921446,2.2311367225914656,2.2252586954713944,12.48046875,3.7542338184796775,-12.809457848222836,,2.2551088533245363,2.2223274167738527,1.9845552443340595
22.98,0.008934259522892032,1.9547488821247436,13.82175604538824,2.2018782160582733,2.2215370877257112,2.2289437402547736,2.229616791749946,2.220750110987894,13.16162109375,1.5962658675291441,-14.226881247171443,,2.2526876917284797,2.2232904917684784,2.4794399815517534
22.990000000000002,0.008735269426117834,1.9328575315256271,14.45230126500658,2.205722107665477,2.2216901156990287,2.2237650338880655,2.2096657060636096,2.2146349708884037,13.798828125,0.525177866594636,-15.179400845704043,,2.232363389560297,2.1282136569761976,2.2368421936577687
23.0,0.008538619549952744,1.9109772782451462,15.05605915980599,2.2104443111749523,2.2256028627212268,2.230583399176868,2.231096930831337,2.2072778744690384,14.4580078125,3.9619052975990057,-15.693381947752478,,2.2412011774019334,2.2515445169708177,2.7660411077660068
23.01,0.008345055258274168,1.8891928792563735,15.630640692551628,2.214269153830414,2.2272662143927646,2.2309192827253543,2.2296261454123067,2.1993912979564545,15.051269531249998,-2.302524422692426,-15.75406607245599,,2.2342728729552204,2.224399603625013,2.2316134739191527
23.02,0.008155310219639842,1.867591697064574,16.173763389795294,2.217560466974722,2.2280396180814734,2.229390765325609,2.22366930343871,2.19155588248022,15.622558593750002,2.8155291929029382,-15.316737621374521,,2.2228295769873347,2.1940658792553465,1.9822369541674576
23.03,0.00797010362645663,1.8462634646924772,16.683259683034937,2.2207092193494864,2.2292242291079245,2.2298465883297998,2.2256181082904782,2.184668838005546,16.171875,2.635899726601093,-14.310960517596923,,2.2169460849044613,2.2138687841929476,2.1457328268463987
23.04,0.007790137469018947,1.8252999938787826,17.157084701696213,2.224977073094466,2.2347133295712296,2.2428150047282776,2.2647890815035963,2.1798799749794795,16.72119140625,3.3120974791176354,-12.645987836837532,,2.2444726739173646,2.3896705421963462,2.755760056941965
23.05,0.007616093874747997,1.8047948199090607,17.593323508231993,2.2271682248559412,2.2339457192897836,2.237001538944239,2.239946557090367,2.1772221773415574,17.16064453125,-3.4510480018209315,-10.196929272100656,,2.226798765893944,2.224590711940273,1.5728020012775892
23.06,0.007448632522718366,1.784842776952771,17.9901977715548,2.2281799734285364,2.230378275278922,2.224565424960602,2.2004988291942413,2.1754172479494533,17.578125,3.379959899337479,-6.528777849174494,,2.1922706554154368,2.0524386982227942,1.3561804701486992
23.07,0.00728838814326957,1.7655394986551762,18.346071880240103,2.228834602759511,2.226880248374728,2.2144765460954177,2.177069347000938,2.173391749272957,17.9736328125,2.853586632604622,4.401410506598026,,2.163343636756611,2.0102403190868015,2.080353532524806
23.080000000000002,0.007135968112182219,1.7469808401108555,18.659458501346105,2.229018608315696,2.2230663249692415,2.2053733059806397,2.1626510470214666,2.1707893422872186,18.3251953125,1.6555323165118034,8.877099926016175,,2.137580950489042,2.0199663978076243,2.3802665232256577
23.09,0.006991950148535562,1.7292622192923428,18.929023594198902,2.2295557359414833,2.221553806631308,2.2044981876072343,2.1771366412863355,2.168032194935546,18.65478515625,3.0458260294375474,11.552512692496608,,2.135264213808338,2.1607224501384303,2.7140564772833993
23.1,0.006856880124973503,1.7124778785677688,19.15359089103143,2.230311470595797,2.2216352762846734,2.208642703074004,2.2036698822247156,2.1658501577065823,18.9404296875,1.9680365800269604,13.474573895577855,,2.1497648751348906,2.3024790280515273,2.64827618929619
23.11,0.006731269998678431,1.6967200701169922,19.33214585791397,2.2303545185320286,2.2201364455861015,2.2080433950932066,2.2095654586501987,2.1642007854269836,19.16015625,0.44709812707150154,14.880185133651304,,2.156105660790232,2.3093520529230784,2.0446066932816875
23.12,0.006615595870894863,1.682078172795839,19.46383914997693,2.2281010733565103,2.2121412911027583,2.189389026033043,2.1589556324182246,2.16180613512136,19.2919921875,-1.7120726217243007,15.852111943000853,,2.11835286656567,2.065707857097061,-0.4010186622854852
23.13,0.006510296182358808,1.668637752183158,19.547989574539212,2.2265900469394437,2.207970755927226,2.1842591304777974,2.1589954323171274,2.157535648562481,19.44580078125,4.573401543162887,16.412165697833395,,2.1168840579322326,2.132681561654728,2.2033628253735613
23.14,0.006415770051471289,1.6564795799783851,19.58408667504564,2.2249201818088884,2.2043185343411906,2.1814387661771213,2.1653046175687978,2.151008878386039,19.53369140625,-1.5802002627771417,16.54646866348261,,2.1237936658712875,2.183025954544927,2.4964113012423406
23.150000000000002,0.006332375761516464,1.6456786333248188,19.573250044585304,2.2223596299136292,2.19874554899704,2.1736121408002105,2.1541848647173096,2.1417357733217783,19.5556640625,1.0275497675808423,16.215777285084847,,2.1197866801059804,2.1306647703064865,2.1690716395679597
23.16,0.006260429402656914,1.6363030986720144,19.51878040859891,2.219173737050188,2.192120693719755,2.1636820977857614,2.1378660712063846,2.1292836199360043,19.53369140625,2.471132410154532,15.360342361729094,,2.1111704046845676,2.071221272795428,1.9879594677049544
23.17,0.006200203673854184,1.6284134080740778,19.420862436434184,2.216314791828172,2.187451927101902,2.1602625676655887,2.1432273269784243,2.1140454608654786,19.48974609375,2.955158313049946,13.909410474554436,,2.1197197481217156,2.1292257256185594,2.3252101041122946
23.18,0.006151926849255353,1.6220613379533315,19.279659914307278,2.2136391435635403,2.184071221033236,2.160552765434622,2.1572309555195184,2.0973571520829033,19.40185546875,1.7854339621509847,11.794788312798609,,2.138287603237469,2.199335763511093,2.391958202481494
23.19,0.006115781912963297,1.6172892009865474,19.095502103939243,2.2110128086665055,2.1813961809471385,2.162336137212862,2.171024045850247,2.0809052339909933,19.27001953125,2.0501124263140866,8.857845622810595,,2.1607175883286374,2.243020566737995,2.274987739148263
23.2,0.006091905865470477,1.6141291606310697,18.868883316144668,2.2083059663757405,2.178908825752363,2.163869659516494,2.1791225773027403,2.066225644652107,19.09423828125,2.0761519620751256,4.064268568063803,,2.1817576846300906,2.24861108166599,2.1039196451950173
23.21,0.006080389204384535,1.6126026947798409,18.600461942050984,2.205387865986183,2.176138007820206,2.163795234238874,2.1787037422064066,2.0542334185863527,18.87451171875,2.0018627877097677,-6.577352064558601,,2.196970062460921,2.2158362645028,1.97289645772154
23.22,0.006081275581414456,1.6127202301752375,18.291058933895275,2.2012520947358403,2.1698527422291085,2.1531945333589637,2.145361098399875,2.0448108998586294,18.5888671875,-0.8149321342952461,-9.927095510999921,,2.1829650040671003,2.043508009019058,1.4309292091787387
23.23,0.00609456163691704,1.6144809627705305,17.94165572624403,2.1967842507377515,2.163249573009251,2.142550932949284,2.1178490892194746,2.037187719108105,18.28125,3.048994337943626,-12.145104030258455,,2.164058102212265,1.952916207521073,1.864857305809008
23.240000000000002,0.00612019701263099,1.6178728716329067,17.5533915878688,2.191813235634998,2.1557949131571936,2.130422076691911,2.091338975231175,2.0304925755347845,17.9296875,1.6171093182963572,-13.727345160717805,,2.1364298585494117,1.8930504617643726,2.087343719105919
23.25,0.006158084542550297,1.6228729257972574,17.1275603944579,2.1861551855742323,2.1469694014451752,2.1155876245968335,2.062308065301933,2.0238307950540793,17.5341796875,1.7447608776553196,-14.819763276918275,,2.097087382775397,1.844012298852908,2.0769896142253508
23.26,0.006208080621213535,1.629447475341473,16.665606812936943,2.179611942555353,2.1362631251885738,2.0970088115549372,2.0282640248665316,2.0166302554401536,17.0947265625,1.799433566283038,-15.46671763817428,,2.043671080118023,1.7960605013140851,1.9257697822247626
23.27,0.006269995748012863,1.637552810491832,16.169121889474944,2.174625600217684,2.1317421044973703,2.098175933114897,2.0620496464894367,2.0093445857459074,16.67724609375,4.043763538028706,-15.66384284044789,,2.0388053392395475,2.0923479889143453,2.798250700054583
23.28,0.00634359524546014,1.6471358663298274,15.639838035308193,2.1678325893312884,2.121856244263756,2.083490627121302,2.039858319752158,2.0025009064167167,16.14990234375,-3.762690430832247,-15.374699704261898,,1.9940182673369053,2.0260751912194284,1.6793069368569502
23.29,0.006428600148687044,1.658135046063147,15.07962340733723,2.1608184390195837,2.1122652630145735,2.071157132716448,2.028377844554904,1.996259547096343,15.622558593750002,3.7482558460578637,-14.53436269437775,,1.956407930886692,2.0413843789339996,1.7166560558913178
23.3,0.006524688262808336,1.670481133066169,14.490475684029384,2.154844987288628,2.106987016810352,2.0722378906981187,2.0583037877354657,1.9913292327107173,15.09521484375,3.087806142858796,-13.052977463629027,,1.9582525130464583,2.2175953762867637,2.4456661304117997
23.31,0.0066314953841400985,1.6840982610189648,13.874515241449648,2.1472841060385033,2.0970196360435347,2.0591948327387066,2.037033381398798,1.9878120793782998,14.47998046875,-3.2043058436590726,-10.818280351430044,,1.928584324035851,2.0978569026653995,1.5399477026878354
23.32,0.006748616680644586,1.6989049123354019,13.233977739175957,2.1385680086438845,2.0842216757321688,2.03916764652353,1.9966616308165823,1.9849285677678568,13.8427734375,2.8254173962109665,-7.530522126255274,,1.8849867235805438,1.9202948712886179,1.187967366949627
23.330000000000002,0.006875608226368618,1.7148149173911946,12.571206131333971,2.1308017639977703,2.0756851656402584,2.033309924948077,2.005617039284394,1.9825142102552389,13.2275390625,3.6863230297052123,2.3269305601800387,,1.8851891582778328,2.0071809882095004,2.372858265072201
23.34,0.007011988684060427,1.7317384304784238,11.88864212388957,2.122919963817159,2.067463011893099,2.0283432738990728,2.0128932268059816,1.980841923468591,12.568359375,-1.7875315853357423,8.105283429427587,,1.8950912204598842,2.032970484926069,2.3577013753465947
23.35,0.00715724112958698,1.7495828625271164,11.188817105520133,2.1139286199374174,2.056252143007991,2.0146390485547667,1.9896562134834255,1.9796129199734227,11.865234375,0.20480752909241207,11.031555662142237,,1.8880879211110504,1.9072926126713006,1.6779083032122597
23.36,0.00731081501123602,1.7682537550648685,10.47434258568803,2.1056628067046548,2.0482735252372697,2.011017995663764,1.9989569265124754,1.9784593906404742,11.184082031250002,3.6583747904795203,13.0971206020949,,1.9128638693091646,1.9758827349694454,2.172922930344218
23.37,0.007472128236477645,1.7876555842985642,9.747900179788266,2.096784233094527,2.0387907222141894,2.0025229017215738,1.98894620115706,1.9769612183074996,10.458984375,-2.029661339881401,14.611983398706444,,1.9287729849411126,1.9300851549958415,1.8221354769056355
23.38,0.007640569378274972,1.807692488333537,9.012231187258436,2.0869937998571224,2.026945597238832,1.9873183835034012,1.958294077012356,1.9743421034105548,9.7119140625,1.7446616914782707,15.680757833200145,,1.9288004059310657,1.8100559303130757,1.4180751932526543
23.39,0.007815499992582102,1.8282689142108703,8.27012581414449,2.077808275903075,2.01786320968432,1.9808553197337675,1.9582532826731014,1.9704948673229352,8.98681640625,3.317873634907044,16.33444847432112,,1.9506518398413324,1.8828084709615354,2.1244192403560223
23.400000000000002,0.007996257038244135,1.849290184532812,7.524412096639438,2.0694497315264795,2.011905535141753,1.9828458375868754,1.9812803084918975,1.9663291314771605,8.26171875,1.8404554014940082,16.56527366065733,,1.992144641688003,2.031032758719405,2.465343535258234
23.41,0.008182155390128528,1.870662985917778,6.777944586396593,2.061038129162837,2.0058089928589444,1.9827232527408638,1.9904409042477658,1.9628692173495765,7.5146484375,-0.4919014158688686,16.33898267415746,,2.025228624626457,2.0677035083606783,2.103588525491545
23.42,0.008372490435961605,1.8922957833887344,6.033592861827509,2.0517183299479607,1.996758255716026,1.9727774123001631,1.9659045435405533,1.9607499678775693,6.74560546875,0.8227335403229068,15.598841089491605,,2.0290337485069463,1.9489270177256297,1.2784614211893615
23.43,0.00856654074702657,1.9140991660998385,5.294229932015952,2.0454130137969444,1.9976580894486913,1.9905998720090305,2.0263710512704627,1.9610596684957735,6.064453125,4.703815839520199,14.27237914048623,,2.0933657292604226,2.233891957393222,2.742878083433445
23.44,0.00876357081260192,1.935986130616689,4.562720601232511,2.0366880595401278,1.9898274097723831,1.9798113403494728,1.9873185806581635,1.9639944007806485,5.2734375,-4.846669038630305,12.290705433373953,,2.082644145432273,1.981486530734672,0.8178883935050871
23.45,0.008962833827774479,1.9578723083661917,3.8419098622730057,2.028544150282696,1.9838199430671337,1.9739956255329103,1.9693022739259751,1.9685062982555555,4.548339843750001,4.572511042530754,9.528614277769655,,2.074079301285735,1.904562159645878,1.5747228040797716
23.46,0.009163574524061455,1.9796761439479669,3.1346113859571707,2.0214599707619465,1.9809152773331236,1.9761160625621148,1.9778111599792594,1.973902558164338,3.8452148437500004,1.9958923750973347,5.309572585265782,,2.0753427069674024,1.959700608599411,2.284442363900413
23.47,0.009365032032111045,2.0013190308284856,2.4435961721384865,2.013782199970396,1.9754161443484892,1.9691960094371463,1.9569984254004544,1.9790884578026042,3.1201171875,-2.1741184043829276,-5.743990222242298,,2.046693087009669,1.8526106036128365,1.8408239305268315
23.48,0.009566442765633445,2.0227254105937025,1.7715814245536083,2.0059523857982064,1.9689837202594893,1.9592288830959474,1.9312241370527266,1.9826419300362355,2.4169921875,2.702065451171513,-9.501499499737696,,2.002045638866972,1.7622916002444837,1.7114182136183291
23.490000000000002,0.0097670433156285,2.043822841474243,1.121219707876686,1.9992021890638128,1.9656270998101628,1.9579872016162838,1.937461655547458,1.983901605653083,1.7578125,2.9327737880732316,-11.907717573347853,,1.9721117607040535,1.8619155587817313,2.2432334168467998
23.5,0.009966073343942401,2.0645420413302342,0.4950884405657351,1.9924959725319653,1.9616667626167656,1.9540583831300768,1.9344708821054684,1.9830276267813955,1.0986328125,-1.3887177486885556,-13.633657180897629,,1.9321339481735023,1.8869859352829,2.0153977156543346
23.51,0.010162778465184463,2.0848169097266767,-0.10432022835385116,1.9877834949149311,1.9633441187960512,1.9653055526647316,1.9771344153260084,1.9809752621409369,0.50537109375,3.6613582809058896,-14.860126986841824,,1.9308923190539764,2.112314070652019,2.5362505975230003
23.52,0.010356413106081071,2.1045845331750908,-0.6746091163591382,1.9816814275294892,1.9592407786818606,1.9577938331757647,1.9541428739562041,1.9788075461909642,-0.1318359375,-3.477667472691012,-15.646989882584515,,1.8850545351038277,1.9772949893908984,1.1764723653014868
23.53,0.01054624333142946,2.12378517708236,-1.2134852423891236,1.9791113839986119,1.9655835905062409,1.9793605177232334,2.020910353470555,1.9779890229588744,-0.63720703125,5.267655282827061,-16.001618809075318,,1.9200041327718804,2.2729950730506876,2.7013385114745287
23.54,0.01073154962593858,2.1423622674468916,-1.7187685700966853,1.9752144763133979,1.9657926308409706,1.9798913743420758,2.010273122635756,1.9795776364444755,-1.20849609375,-4.490707121740911,-15.898633346460745,,1.909245403602993,2.13118934926313,1.4133844180063244
23.55,0.010911629621415404,2.1602623648842036,-2.188400236094346,1.9707809448482583,1.9630544226327244,1.9712749109999455,1.9737355688734401,1.9832113516981271,-1.73583984375,3.204692370235217,-15.285829508078058,,1.8811083449647872,1.916058402260554,0.7679076875333831
23.56,0.011085800758957076,2.177435133151458,-2.6204502459442094,1.968354268867194,1.965727305676171,1.9781334898400795,1.9905355184462217,1.9890269163672363,-2.17529296875,3.8459376101248357,-14.086919602941995,,1.9001584374063563,1.9989017616436051,2.3453527234869718
23.57,0.01125340287606071,2.1938333039761653,-3.013124626273915,1.9669914901279555,1.970243726688065,1.9885113851110499,2.0141304618781986,1.9974144298412095,-2.5927734375,-1.5523210590016465,-12.214075034109586,,1.936238264384026,2.0654722756858948,2.5283726465578114
23.580000000000002,0.011413800708843454,2.2094126396752984,-3.3647720264652787,1.9638600216847901,1.9675326549432492,1.976905537793671,1.9677518700875058,2.0075056561765368,-3.0322265625,-2.6918920642013,-9.52543015712758,,1.9215675632675968,1.7895813995730783,1.0376756717870446
23.59,0.011566386299889089,2.224131894776307,-3.673889767734848,1.9614840120083257,1.9663588651649133,1.97079912159439,1.9481448996658381,2.0182309201025426,-3.3837890625,4.100468994449587,-5.3529137787723515,,1.9239486290409622,1.7450352144575318,1.7380345109970197
23.6,0.011710581302595035,2.23795277761687,-3.939129341007263,1.9609014500055302,1.9698612242911646,1.9783696788278748,1.974998413336067,2.0297883898136053,-3.6694335937500004,2.520947152640137,5.729209100577947,,1.9638864890364927,1.9416630020073185,2.555103930722781
23.61,0.011845839173284448,2.2508399127019376,-4.159301357704286,1.960923437651198,1.9738390921481086,1.986094738757342,1.9972494034761665,2.04271606886423,-3.93310546875,-1.323484061691712,9.534158024835373,,2.005966864423486,2.050594064387263,2.370742691204008
23.62,0.01197164724277638,2.262760804431277,-4.333379959397052,1.9614925272228585,1.9781037116364044,1.993462180339992,2.01388690256411,2.0569165474913875,-4.15283203125,2.3272374867195262,11.981641681608192,,2.0469189657905202,2.1124638076186195,2.0540935720799953
23.63,0.012087528659560169,2.273685802673364,-4.460506693190651,1.9615334544999146,1.979324009376383,1.9913488935351196,1.9990400296996504,2.071450436536534,-4.3505859375,-0.6960033617626836,13.750689187661278,,2.062135819471787,2.0261526977294166,1.3121037985737334
23.64,0.012193044197210467,2.283588070549738,-4.539993859754156,1.9630746284129916,1.9842271942327823,1.9998044791520249,2.0188401858727634,2.085146216263764,-4.46044921875,3.6686086875823527,15.025142010590162,,2.0981975693289465,2.1212660855549235,2.149905183743248
23.650000000000002,0.012287793919191218,2.2924435547030018,-4.571328021898131,1.9638243664678197,1.9853348264502217,1.9966967318463407,2.0005253010639272,2.0966490909003,-4.5703125,-2.6767690251035727,15.868022974038011,,2.1007706988244,2.0059373015413935,1.6250608968070017
23.66,0.012371418694738857,2.3002309582494886,-4.556024416444721,1.964824088429294,1.986386248363759,1.9940780471116688,1.988066394113584,2.104687040925727,-4.6142578125,3.1963484703378704,16.290673605341492,,2.0967921639820952,1.9493773242120036,1.8814066492918786
23.67,0.012443601560079166,2.3069317165607144,-4.497091221346798,1.9669228787561963,1.9902251215121018,2.0000359790358075,2.004632680045306,2.1092911635590097,-4.59228515625,2.7275006339488916,16.271745058642296,,2.1061269623390406,2.033075343861156,2.4012289288300543
23.68,0.01250406891981779,2.312529975973836,-4.394616983313688,1.9709568411965668,1.9993031177107108,2.020255093240288,2.0600228265948473,2.111881368826587,-4.50439453125,2.711367393491714,15.764620817152869,,2.144243751391308,2.244586813106636,2.794893101498248
23.69,0.012552591583951736,2.3170125754984023,-4.248774706989758,1.9747402835140622,2.006259206392236,2.0321929826070955,2.0789655406611707,2.1141068697791354,-4.41650390625,-2.2727327087158904,14.702071375870322,,2.158601453635113,2.230021850154688,2.0111750146301053
23.7,0.012588985636570089,2.320369031562238,-4.059906551720745,1.9794080421545168,2.0148687867440316,2.0473340756141316,2.102849336746695,2.117381184633783,-4.2626953125,3.3486528377976206,13.007306658315867,,2.1759889606508667,2.2494534555571146,1.9444160286496461
23.71,0.01261311313295252,2.3225915258224368,-3.828523398512125,1.9849237595672198,2.024854337252669,2.064384180081611,2.1270618403375656,2.123067393874151,-4.06494140625,1.9388049002486296,10.585362368092916,,2.1940530582478446,2.2628175950929674,2.0522970820984874
23.72,0.012624882622422248,2.3236748960557345,-3.555303811945881,1.9903029635447727,2.033045392318271,2.0743654323083525,2.1259829639905146,2.1318998147444157,-3.8452148437500004,0.30868808307763523,7.097658406262427,,2.1918275428964873,2.161457315736467,1.7661981482601143
23.73,0.01262424949497251,2.3236166301355645,-3.2410923888784846,1.9966959600196748,2.043230296287166,2.088665544692795,2.1386608520909736,2.144010023045083,-3.5595703125000004,3.2641297148409274,-3.3616518816667846,,2.1964444154527243,2.1559365652337275,2.2312391956731163
23.740000000000002,0.012611216150352232,2.322416863098892,-2.886897485589927,2.003144896884907,2.0522771276713194,2.0981808881600617,2.136385961311962,2.1588296835375806,-3.251953125,-0.6037533476506128,-8.36450949640095,,2.1872730048409315,2.0858132479307083,2.1149843939815565
23.75,0.01258583198897027,2.32007837730392,-2.4938883153808846,2.0098652455032404,2.061028399107656,2.105974255989257,2.131825794988476,2.1748329001179973,-2.900390625,2.497367594960115,-11.112890641286304,,2.1720360544946358,2.0383509793070393,2.1221447194958585
23.76,0.012548193224652567,2.3166066056786097,-2.063391409510391,2.015173597550696,2.0644043434863293,2.0985035724146583,2.085875283843507,2.1897459753810002,-2.548828125,-1.7496517720391953,-13.043638351049852,,2.1175254755877138,1.8167460334523855,1.3338515416615127
23.77,0.012498442519962,2.312009638058792,-1.5968864359036092,2.021575200344405,2.070782169090054,2.1010158811632325,2.0830844972030236,2.2018006707543103,-2.109375,4.066374847403383,-14.42806955699199,,2.086375268433726,1.9059917997452975,2.320471791988581
23.78,0.012436768445463051,2.3062982306124162,-1.096001372289426,2.028316959182979,2.0775983678398764,2.105279096017195,2.090134821400636,2.210590690104511,-1.64794921875,-0.6787269895055086,-15.3565931499733,,2.062157690778684,2.0192290847045586,2.4721554240432053
23.79,0.01236340476498116,2.299485818342178,-0.5625070333762314,2.0376747901357612,2.091869995984503,2.130415363017612,2.1607951862446964,2.216838683916097,-1.0986328125,3.983170934542535,-15.851861068792315,,2.097782773015014,2.377308042475426,3.10474737481473
23.8,0.012278629549565297,2.291588530651124,0.0016890446613459465,2.045885974976553,2.1012651289555575,2.1396232949993648,2.171201092523376,2.2210316106417047,-0.59326171875,-3.573055818597257,-15.89773629109538,,2.1019193929718343,2.3615008027853785,1.8978256766788
23.81,0.012182764123512903,2.2826252099440123,0.5945493547633668,2.053731572828265,2.1087805790467824,2.143385742532489,2.164885264856819,2.222817946284726,-0.0439453125,3.317132656606143,-15.449204233851423,,2.0996411405691173,2.291281293248267,1.3119487058563852
23.82,0.012076171846451019,2.272617433219232,1.2139137920402145,2.0619347949906266,2.116913531496649,2.1493978104883644,2.1681224472824328,2.2223601183765527,0.54931640625,2.766436313611918,-14.436943152753347,,2.1099515371417787,2.273439103470946,1.8820034229272462
23.830000000000002,0.011959256736091368,2.2615895365812997,1.8575076312050647,2.0720903235013965,2.13055578477189,2.1708376765863924,2.217452634754296,2.220863453407513,1.20849609375,3.3807927881726303,-12.773563834272073,,2.1664515856734456,2.434081437594677,2.8502841719780205
23.84,0.011832461936877814,2.249568642569548,2.522950084363298,2.0818491966467505,2.1419506245398114,2.18426342371654,2.233863796524681,2.219492920620472,1.845703125,-2.468273052775646,-10.342590822974813,,2.2089191256041696,2.3855459007356625,2.368494726361775
23.85,0.011696268040331791,2.236584690153843,3.207763408939372,2.09124523964158,2.151503556629083,2.1919291859806695,2.2310397909250606,2.218517822006432,2.5048828125000004,2.689586704105879,-6.744802402075699,,2.240276406491402,2.266261747888233,1.9307875021806398
23.86,0.011551191263462116,2.222670467189733,3.909382529203063,2.10132340100362,2.1626762637877777,2.2041675730114405,2.2435966007263746,2.217867425462337,3.2080078125000004,3.173001680346371,4.068066236470704,,2.2833462576298116,2.2504402897174414,2.2744122512846143
23.87,0.011397781492142281,2.207861645051253,4.6251651285918305,2.10937385953432,2.1670529333222817,2.197333649818981,2.1991832205989645,2.216952441706906,3.8671875000000004,-2.9610955907265137,8.716997040260992,,2.2781158112372113,1.9695714605977386,1.2099194795377586
23.88,0.011236620196873333,2.192196815067221,5.35240216399443,2.1196860606816332,2.1785892086441327,2.2124847118054363,2.231702673379901,2.2155824296063265,4.63623046875,5.210428018218343,11.429975689331041,,2.3214512400874536,2.166791245734073,2.839270819664396
23.89,0.011068318228830466,2.17571752627203,6.088328747544046,2.1285777703532527,2.1852772651154875,2.2136266534519558,2.218433472541201,2.213820275984838,5.33935546875,-3.8758890872208167,13.369893993912246,,2.3267003377941546,2.0867061640224436,2.155453543641856
23.900000000000002,0.010893513504548147,2.158468323842499,6.83013533644265,2.1367885665724433,2.189966306239374,2.2105470165784884,2.1979423524166757,2.2112677941164924,6.064453125,3.300236019692548,14.786363732948903,,2.3150743804511733,2.029876374777868,1.910609461795847
23.91,0.01071286858801913,2.1404967874234044,7.574979167064441,2.145037856135502,2.195147811026814,2.210777272939929,2.194500955028047,2.2082683461309203,6.8115234375,2.88497066865206,15.766018096706835,,2.304081502082954,2.0961198089972988,2.2471237268897326
23.92,0.0105270681793716,2.1218535683426545,8.31999586620851,2.1549087412599865,2.2057024264470013,2.227404310587604,2.2431551170804425,2.2061956626408774,7.6025390625,3.429092602418449,16.331989792470054,,2.3270010316090417,2.379205428921134,2.9688093426693873
23.93,0.010336816519644406,2.1025924244786465,9.062311170006891,2.1642117333139996,2.2143449742570147,2.2379127911472496,2.2646777332012085,2.205981103129933,8.349609375,-2.382331437033381,16.470989054917016,,2.3318168266708144,2.445745978377151,2.3994992899196603
23.94,0.010142834721494933,2.082770251262741,9.799052679731448,2.1704023947340323,2.213468544360372,2.222024060931475,2.2044105785768493,2.2066979769516055,9.03076171875,-2.357774162359362,16.1440268832821,,2.267825832860363,2.140916458296853,-1.0223431307033608
23.95,0.00994585803595963,2.062447106977048,10.527361583634315,2.177740792967403,2.2172870432133354,2.2227934942197036,2.208103410489538,2.2073505889472553,9.7998046875,5.210794546151873,15.291261217435073,,2.2391244059226234,2.220820766892732,2.2556248333562965
23.96,0.009746633065624708,2.041686230137625,11.244404275018304,2.1836337746351964,2.2173269064914236,2.214396711754628,2.185216604838357,2.20770082078096,10.502929687500002,-3.3724371510274436,13.840945954280174,,2.1853306544935887,2.1247188984271053,2.1005132329915366
23.97,0.009545914934771528,2.020554046336669,11.947383798943903,2.1904778495899704,2.2214614871277747,2.220042625262798,2.210901401646527,2.2079622995363377,11.25,4.293500770654778,11.723142122772188,,2.1676582699459956,2.269742508160496,2.8484934053378104
23.98,0.00934446442722155,1.9991201614540839,12.633551063279532,2.1968219578577597,2.2247728730793126,2.223960388010899,2.226634880675707,2.208522548236948,11.953125,-1.7121525820638923,8.774111039820232,,2.1503401522624492,2.3071706897860937,2.5451900786658723
23.990000000000002,0.009143045102730797,1.977457337644503,13.300215754097573,2.20072097240199,2.2212959960506273,2.209566527938929,2.1844892308280928,2.208875377150991,12.590332031250002,-2.0536114197331385,3.9074012032872307,,2.090550097332262,2.0729187849755464,1.0673017956005777
24.0,0.00894242040286185,1.9556414479679036,13.94475690058486,2.205937827626293,2.22350932702589,2.214282980564508,2.2088753771509904,2.2088753771509904,13.29345703125,5.0148341407152435,-6.650597701444682,,2.0879320368010412,2.2267508431829977,2.522866671194843
