systime[ms],angle0[deg],angle1[deg],angle0_raw[deg],angle1_raw[deg],angle0_average[deg],angle1_average[deg],err_angle0[-],err_angle1[-],
40,300.18878173828125,229.2075653076172,300.16845703125,229.2626953125,0.0,0.0,0,0,
50,300.36456298828125,228.1748504638672,300.34423828125,228.22998046875,0.0,0.0,0,0,
60,298.80450439453125,228.0210418701172,298.7841796875,228.076171875,0.0,0.0,0,0,
70,299.09014892578125,226.1533660888672,299.06982421875,226.20849609375,0.0,0.0,0,0,
80,299.5228271484375,228.97476196289062,299.46533203125,229.130859375,0.0,0.0,0,0,
90,298.3363037109375,227.45864868164062,298.27880859375,227.61474609375,0.0,0.0,0,0,
100,300.4237060546875,225.52505493164062,300.3662109375,225.68115234375,0.0,0.0,0,0,
110,296.5345458984375,225.83267211914062,296.47705078125,225.98876953125,0.0,0.0,0,0,
120,298.7318115234375,227.81021118164062,298.67431640625,227.96630859375,0.0,0.0,0,0,
130,296.8070983886719,228.904541015625,296.69677734375,229.19677734375,0.0,0.0,0,0,
140,299.6635437011719,223.982666015625,299.55322265625,224.27490234375,0.0,0.0,0,0,
150,297.7299499511719,226.531494140625,297.61962890625,226.82373046875,0.0,0.0,0,0,
160,299.9272155761719,226.905029296875,299.81689453125,227.197265625,0.0,0.0,0,0,
170,297.6200866699219,225.762451171875,297.509765625,226.0546875,0.0,0.0,0,0,
180,299.6624450683594,226.5887908935547,299.4873046875,227.04345703125,0.0,0.0,0,0,
190,299.0032653808594,222.2821502685547,298.828125,222.73681640625,0.0,0.0,0,0,
200,297.5970153808594,225.9735565185547,297.421875,226.42822265625,0.0,0.0,0,0,
210,298.9373474121094,226.8524627685547,298.76220703125,227.30712890625,0.0,0.0,0,0,
220,297.1136169433594,225.8197479248047,296.9384765625,226.2744140625,0.0,0.0,0,0,
230,297.77685546875,224.09739685058594,297.53173828125,224.736328125,0.0,0.0,0,0,
240,297.51318359375,225.78929138183594,297.26806640625,226.42822265625,0.0,0.0,0,0,
250,300.083984375,226.71214294433594,299.8388671875,227.35107421875,0.0,0.0,0,0,
260,296.041015625,224.69065856933594,295.7958984375,225.32958984375,0.0,0.0,0,0,
270,296.9638671875,225.74534606933594,296.71875,226.38427734375,0.0,0.0,0,0,
280,297.3675537109375,225.78778076171875,297.04833984375,226.6259765625,0.0,0.0,0,0,
290,297.8948974609375,223.72235107421875,297.57568359375,224.560546875,0.0,0.0,0,0,
300,298.3123779296875,223.92010498046875,297.9931640625,224.75830078125,0.0,0.0,0,0,
310,300.3778076171875,226.53485107421875,300.05859375,227.373046875,0.0,0.0,0,0,
320,297.7850341796875,225.48016357421875,297.4658203125,226.318359375,0.0,0.0,0,0,
330,298.4997863769531,224.8756561279297,298.10302734375,225.9228515625,0.0,0.0,0,0,
340,300.8508605957031,222.6124725341797,300.4541015625,223.65966796875,0.0,0.0,0,0,
350,298.0823059082031,228.6329803466797,297.685546875,229.68017578125,0.0,0.0,0,0,
360,300.4114074707031,224.3483123779297,300.0146484375,225.3955078125,0.0,0.0,0,0,
370,298.5217590332031,224.5240936279297,298.125,225.5712890625,0.0,0.0,0,0,
380,298.5579528808594,222.30862426757812,298.0810546875,223.57177734375,0.0,0.0,0,0,
390,299.5247497558594,228.98831176757812,299.0478515625,230.25146484375,0.0,0.0,0,0,
400,301.0188903808594,225.71438598632812,300.5419921875,226.9775390625,0.0,0.0,0,0,
410,298.8655700683594,227.73587036132812,298.388671875,228.9990234375,0.0,0.0,0,0,
420,300.1180114746094,227.77981567382812,299.64111328125,229.04296875,0.0,0.0,0,0,
430,300.1994934082031,226.57298278808594,299.64111328125,228.05419921875,0.0,0.0,0,0,
440,300.6828918457031,223.95823669433594,300.12451171875,225.439453125,0.0,0.0,0,0,
450,298.5075988769531,228.90208435058594,297.94921875,230.38330078125,0.0,0.0,0,0,
460,299.7160949707031,225.49632263183594,299.15771484375,226.9775390625,0.0,0.0,0,0,
470,300.7268371582031,226.44114685058594,300.16845703125,227.92236328125,0.0,0.0,0,0,
480,299.249267578125,225.5842742919922,298.6083984375,227.28515625,0.0,0.0,0,0,
490,300.699462890625,226.7488250732422,300.05859375,228.44970703125,0.0,0.0,0,0,
500,299.315185546875,227.7815399169922,298.67431640625,229.482421875,0.0,0.0,0,0,
510,297.425537109375,226.0896453857422,296.78466796875,227.79052734375,0.0,0.0,0,0,
520,300.853271484375,223.7385711669922,300.21240234375,225.439453125,0.0,0.0,0,0,
530,297.28912353515625,224.9705352783203,296.56494140625,226.8896484375,0.0,0.0,0,0,
540,301.09039306640625,228.5301055908203,300.3662109375,230.44921875,0.0,0.0,0,0,
550,298.89312744140625,224.8386993408203,298.1689453125,226.7578125,0.0,0.0,0,0,
560,300.71685791015625,226.7063751220703,299.99267578125,228.62548828125,0.0,0.0,0,0,
570,297.53082275390625,226.0691680908203,296.806640625,227.98828125,0.0,0.0,0,0,
580,298.55615234375,223.9215087890625,297.75146484375,226.0546875,0.0,0.0,0,0,
590,298.02880859375,224.6026611328125,297.22412109375,226.73583984375,0.0,0.0,0,0,
600,297.875,226.0968017578125,297.0703125,228.22998046875,0.0,0.0,0,0,
610,301.56640625,225.5694580078125,300.76171875,227.70263671875,0.0,0.0,0,0,
620,298.64404296875,224.1412353515625,297.83935546875,226.2744140625,0.0,0.0,0,0,
630,299.9088439941406,228.35049438476562,299.02587890625,230.69091796875,0.0,0.0,0,0,
640,297.6896057128906,225.20840454101562,296.806640625,227.548828125,0.0,0.0,0,0,
650,298.9420471191406,224.39541625976562,298.05908203125,226.73583984375,0.0,0.0,0,0,
660,300.8536682128906,227.66934204101562,299.970703125,230.009765625,0.0,0.0,0,0,
670,299.4693908691406,223.40664672851562,298.58642578125,225.7470703125,0.0,0.0,0,0,
680,297.30474853515625,222.6998291015625,296.34521484375,225.24169921875,0.0,0.0,0,0,
690,299.01861572265625,225.4683837890625,298.05908203125,228.01025390625,0.0,0.0,0,0,
700,297.81011962890625,224.2818603515625,296.8505859375,226.82373046875,0.0,0.0,0,0,
710,297.63433837890625,222.3702392578125,296.6748046875,224.912109375,0.0,0.0,0,0,
720,297.45855712890625,223.1832275390625,296.4990234375,225.72509765625,0.0,0.0,0,0,
730,298.63037109375,223.09896850585938,297.59765625,225.8349609375,0.0,0.0,0,0,
740,301.39892578125,223.71420288085938,300.3662109375,226.4501953125,0.0,0.0,0,0,
750,300.9375,218.70443725585938,299.90478515625,221.4404296875,0.0,0.0,0,0,
760,300.673828125,228.46029663085938,299.64111328125,231.1962890625,0.0,0.0,0,0,
770,298.6962890625,223.75814819335938,297.66357421875,226.494140625,0.0,0.0,0,0,
780,299.27056884765625,222.1006622314453,298.1689453125,225.02197265625,0.0,0.0,0,0,
790,299.79791259765625,224.4077911376953,298.6962890625,227.3291015625,0.0,0.0,0,0,
800,299.22662353515625,225.1548614501953,298.125,228.076171875,0.0,0.0,0,0,
810,300.65484619140625,222.2764434814453,299.55322265625,225.19775390625,0.0,0.0,0,0,
820,300.89654541015625,223.1992950439453,299.794921875,226.12060546875,0.0,0.0,0,0,
830,300.1072082519531,225.28448486328125,298.93798828125,228.3837890625,0.0,0.0,0,0,
840,299.7117004394531,224.33966064453125,298.54248046875,227.43896484375,0.0,0.0,0,0,
850,300.1291809082031,223.59259033203125,298.9599609375,226.69189453125,0.0,0.0,0,0,
860,300.5246887207031,221.39532470703125,299.35546875,224.49462890625,0.0,0.0,0,0,
870,301.5574035644531,223.81231689453125,300.38818359375,226.91162109375,0.0,0.0,0,0,
880,298.5888366699219,222.71791076660156,297.35595703125,225.98876953125,0.0,0.0,0,0,
890,299.6215515136719,229.28773498535156,298.388671875,232.55859375,0.0,0.0,0,0,
900,299.3359069824219,222.32240295410156,298.10302734375,225.59326171875,0.0,0.0,0,0,
910,299.5336608886719,227.66175842285156,298.30078125,230.9326171875,0.0,0.0,0,0,
920,296.8529968261719,222.80580139160156,295.6201171875,226.07666015625,0.0,0.0,0,0,
930,299.1991271972656,220.9298553466797,297.9052734375,224.36279296875,0.0,0.0,0,0,
940,298.8915100097656,222.8634490966797,297.59765625,226.29638671875,0.0,0.0,0,0,
950,299.5067443847656,224.6871795654297,298.212890625,228.1201171875,0.0,0.0,0,0,
960,300.2757873535156,220.9078826904297,298.98193359375,224.3408203125,0.0,0.0,0,0,
970,301.0228576660156,222.3800506591797,299.72900390625,225.81298828125,0.0,0.0,0,0,
980,299.5196838378906,221.39071655273438,298.1689453125,224.97802734375,0.0,0.0,0,0,
990,300.0250549316406,224.18124389648438,298.67431640625,227.7685546875,0.0,0.0,0,0,
1000,299.9591369628906,217.74325561523438,298.6083984375,221.33056640625,0.0,0.0,0,0,
1010,297.9596252441406,222.22567749023438,296.60888671875,225.81298828125,0.0,0.0,0,0,
1020,298.9923400878906,221.30282592773438,297.6416015625,224.89013671875,0.0,0.0,0,0,
1030,301.0902404785156,221.20211791992188,299.68505859375,224.93408203125,0.0,0.0,0,0,
1040,301.7054748535156,221.88327026367188,300.30029296875,225.615234375,0.0,0.0,0,0,
1050,301.0243225097656,223.72897338867188,299.619140625,227.4609375,0.0,0.0,0,0,
1060,301.3758850097656,221.53170776367188,299.970703125,225.263671875,0.0,0.0,0,0,
1070,301.7494201660156,221.15817260742188,300.34423828125,224.89013671875,0.0,0.0,0,0,
1080,297.515625,224.0103759765625,296.0595703125,227.87841796875,0.0,0.0,0,0,
1090,298.74609375,224.2740478515625,297.2900390625,228.14208984375,0.0,0.0,0,0,
1100,299.73486328125,224.0103759765625,298.27880859375,227.87841796875,0.0,0.0,0,0,
1110,298.9658203125,221.7032470703125,297.509765625,225.5712890625,0.0,0.0,0,0,
1120,301.6904296875,222.9556884765625,300.234375,226.82373046875,0.0,0.0,0,0,
1130,300.3097229003906,222.9589080810547,298.80615234375,226.95556640625,0.0,0.0,0,0,
1140,300.6173400878906,223.0687713623047,299.11376953125,227.0654296875,0.0,0.0,0,0,
1150,299.9581604003906,218.8060760498047,298.45458984375,222.802734375,0.0,0.0,0,0,
1160,300.5733947753906,222.7391815185547,299.06982421875,226.73583984375,0.0,0.0,0,0,
1170,300.4415588378906,220.1244354248047,298.93798828125,224.12109375,0.0,0.0,0,0,
1180,299.9148254394531,225.10140991210938,298.36669921875,229.21875,0.0,0.0,0,0,
1190,300.1784973144531,223.25570678710938,298.63037109375,227.373046875,0.0,0.0,0,0,
1200,298.7942199707031,222.37680053710938,297.24609375,226.494140625,0.0,0.0,0,0,
1210,300.3103332519531,220.48715209960938,298.76220703125,224.6044921875,0.0,0.0,0,0,
1220,303.3865051269531,220.50912475585938,301.83837890625,224.62646484375,0.0,0.0,0,0,
1230,300.3750305175781,222.63687133789062,298.7841796875,226.86767578125,0.0,0.0,0,0,
1240,300.4848937988281,223.82339477539062,298.89404296875,228.05419921875,0.0,0.0,0,0,
1250,298.7270812988281,225.64712524414062,297.13623046875,229.8779296875,0.0,0.0,0,0,
1260,299.9575500488281,223.12026977539062,298.36669921875,227.35107421875,0.0,0.0,0,0,
1270,299.2983703613281,226.04263305664062,297.70751953125,230.2734375,0.0,0.0,0,0,
1280,299.8876647949219,222.59498596191406,298.2568359375,226.93359375,0.0,0.0,0,0,
1290,303.8427429199219,223.78150939941406,302.2119140625,228.1201171875,0.0,0.0,0,0,
1300,296.8993835449219,224.81422424316406,295.2685546875,229.15283203125,0.0,0.0,0,0,
1310,300.0634460449219,220.50758361816406,298.4326171875,224.84619140625,0.0,0.0,0,0,
1320,299.5800476074219,220.19996643066406,297.94921875,224.53857421875,0.0,0.0,0,0,
1330,300.2987365722656,218.8486785888672,298.63037109375,223.2861328125,0.0,0.0,0,0,
1340,301.7269592285156,224.4297332763672,300.05859375,228.8671875,0.0,0.0,0,0,
1350,299.6615295410156,219.3540496826172,297.9931640625,223.79150390625,0.0,0.0,0,0,
1360,301.8148498535156,220.4746551513672,300.146484375,224.912109375,0.0,0.0,0,0,
1370,300.4305725097656,225.2646942138672,298.76220703125,229.7021484375,0.0,0.0,0,0,
1380,298.77447509765625,224.3801727294922,297.0703125,228.9111328125,0.0,0.0,0,0,
1390,300.35650634765625,222.1609344482422,298.65234375,226.69189453125,0.0,0.0,0,0,
1400,300.86187744140625,224.0505828857422,299.15771484375,228.58154296875,0.0,0.0,0,0,
1410,302.02642822265625,224.3801727294922,300.322265625,228.9111328125,0.0,0.0,0,0,
1420,301.27935791015625,222.4685516357422,299.5751953125,226.99951171875,0.0,0.0,0,0,
1430,302.478271484375,217.6584930419922,300.73974609375,222.275390625,0.0,0.0,0,0,
1440,299.599853515625,222.3166961669922,297.861328125,226.93359375,0.0,0.0,0,0,
1450,303.159423828125,221.3938446044922,301.4208984375,226.0107421875,0.0,0.0,0,0,
1460,299.116455078125,223.0417938232422,297.3779296875,227.65869140625,0.0,0.0,0,0,
1470,300.302978515625,220.5808563232422,298.564453125,225.19775390625,0.0,0.0,0,0,
1480,298.09375,225.44395446777344,296.3232421875,230.1416015625,0.0,0.0,0,0,
1490,300.3349609375,222.87315368652344,298.564453125,227.57080078125,0.0,0.0,0,0,
1500,299.82958984375,225.15830993652344,298.05908203125,229.85595703125,0.0,0.0,0,0,
1510,303.4990234375,222.65342712402344,301.728515625,227.35107421875,0.0,0.0,0,0,
1520,299.939453125,220.98350524902344,298.1689453125,225.68115234375,0.0,0.0,0,0,
1530,299.81561279296875,222.97422790527344,298.01513671875,227.74658203125,0.0,0.0,0,0,
1540,303.41912841796875,222.73252868652344,301.61865234375,227.5048828125,0.0,0.0,0,0,
1550,299.77166748046875,219.50254821777344,297.97119140625,224.27490234375,0.0,0.0,0,0,
1560,300.21112060546875,220.95274353027344,298.41064453125,225.72509765625,0.0,0.0,0,0,
1570,300.21112060546875,221.10655212402344,298.41064453125,225.87890625,0.0,0.0,0,0,
1580,299.77777099609375,221.8509063720703,297.94921875,226.69189453125,0.0,0.0,0,0,
1590,301.00823974609375,223.5208282470703,299.1796875,228.36181640625,0.0,0.0,0,0,
1600,301.31585693359375,219.6536407470703,299.4873046875,224.49462890625,0.0,0.0,0,0,
1610,300.61273193359375,222.3343048095703,298.7841796875,227.17529296875,0.0,0.0,0,0,
1620,300.83245849609375,222.7517852783203,299.00390625,227.5927734375,0.0,0.0,0,0,
1630,300.46337890625,223.302490234375,298.6083984375,228.2080078125,0.0,0.0,0,0,
1640,300.85888671875,223.741943359375,299.00390625,228.6474609375,0.0,0.0,0,0,
1650,303.2099609375,220.797607421875,301.35498046875,225.703125,0.0,0.0,0,0,
1660,301.8916015625,220.094482421875,300.03662109375,225.0,0.0,0.0,0,0,
1670,301.232421875,223.258544921875,299.37744140625,228.1640625,0.0,0.0,0,0,
1680,304.35418701171875,220.34332275390625,302.4755859375,225.3076171875,0.0,0.0,0,0,
1690,303.10174560546875,221.52984619140625,301.22314453125,226.494140625,0.0,0.0,0,0,
1700,301.51971435546875,218.76129150390625,299.64111328125,223.7255859375,0.0,0.0,0,0,
1710,301.40985107421875,220.18951416015625,299.53125,225.15380859375,0.0,0.0,0,0,
1720,301.12420654296875,220.43121337890625,299.24560546875,225.3955078125,0.0,0.0,0,0,
1730,299.3218994140625,217.71685791015625,297.421875,222.73681640625,0.0,0.0,0,0,
1740,300.9918212890625,219.71636962890625,299.091796875,224.736328125,0.0,0.0,0,0,
1750,299.4757080078125,222.52886962890625,297.57568359375,227.548828125,0.0,0.0,0,0,
1760,302.7056884765625,219.12310791015625,300.8056640625,224.14306640625,0.0,0.0,0,0,
1770,302.0684814453125,220.61724853515625,300.16845703125,225.63720703125,0.0,0.0,0,0,
1780,300.8802795410156,219.33486938476562,298.9599609375,224.40673828125,0.0,0.0,0,0,
1790,301.8690490722656,222.78457641601562,299.94873046875,227.8564453125,0.0,0.0,0,0,
1800,300.2870178222656,219.42276000976562,298.36669921875,224.49462890625,0.0,0.0,0,0,
1810,302.0448303222656,219.92813110351562,300.12451171875,225.0,0.0,0.0,0,0,
1820,300.0453186035156,223.00430297851562,298.125,228.076171875,0.0,0.0,0,0,
1830,301.1851501464844,220.84609985351562,299.24560546875,225.966796875,0.0,0.0,0,0,
1840,301.4488220214844,222.73574829101562,299.50927734375,227.8564453125,0.0,0.0,0,0,
1850,299.6470642089844,221.32949829101562,297.70751953125,226.4501953125,0.0,0.0,0,0,
1860,301.7344665527344,219.41787719726562,299.794921875,224.53857421875,0.0,0.0,0,0,
1870,299.9986267089844,222.66983032226562,298.05908203125,227.79052734375,0.0,0.0,0,0,
1880,299.0709533691406,223.8555908203125,297.1142578125,229.02099609375,0.0,0.0,0,0,
1890,301.5538635253906,222.6690673828125,299.59716796875,227.83447265625,0.0,0.0,0,0,
1900,300.0377502441406,221.7681884765625,298.0810546875,226.93359375,0.0,0.0,0,0,
1910,299.8619689941406,221.2628173828125,297.9052734375,226.42822265625,0.0,0.0,0,0,
1920,303.2677307128906,220.7794189453125,301.31103515625,225.94482421875,0.0,0.0,0,0,
1930,299.5259094238281,221.77005004882812,297.5537109375,226.9775390625,0.0,0.0,0,0,
1940,302.2285461425781,219.28713989257812,300.25634765625,224.49462890625,0.0,0.0,0,0,
1950,299.3940734863281,214.21145629882812,297.421875,219.4189453125,0.0,0.0,0,0,
1960,301.4595031738281,216.54055786132812,299.4873046875,221.748046875,0.0,0.0,0,0,
1970,302.4043273925781,221.48440551757812,300.43212890625,226.69189453125,0.0,0.0,0,0,
1980,303.4512939453125,223.6664276123047,301.46484375,228.9111328125,0.0,0.0,0,0,
1990,300.8145751953125,221.4471893310547,298.828125,226.69189453125,0.0,0.0,0,0,
2000,300.3092041015625,223.6224822998047,298.32275390625,228.8671875,0.0,0.0,0,0,
2010,301.3419189453125,223.5565643310547,299.35546875,228.80126953125,0.0,0.0,0,0,
2020,303.0338134765625,223.4467010498047,301.04736328125,228.69140625,0.0,0.0,0,0,
2030,302.408935546875,219.74151611328125,300.41015625,225.02197265625,0.0,0.0,0,0,
2040,299.003173828125,219.38995361328125,297.00439453125,224.67041015625,0.0,0.0,0,0,
2050,302.804443359375,220.68634033203125,300.8056640625,225.966796875,0.0,0.0,0,0,
2060,301.530029296875,222.15850830078125,299.53125,227.43896484375,0.0,0.0,0,0,
2070,301.134521484375,222.33428955078125,299.1357421875,227.61474609375,0.0,0.0,0,0,
2080,300.57427978515625,219.5766143798828,298.564453125,224.89013671875,0.0,0.0,0,0,
2090,303.34283447265625,217.5551300048828,301.3330078125,222.86865234375,0.0,0.0,0,0,
2100,298.46490478515625,219.2030792236328,296.455078125,224.5166015625,0.0,0.0,0,0,
2110,301.93658447265625,220.5653839111328,299.9267578125,225.87890625,0.0,0.0,0,0,
2120,300.61822509765625,222.3012237548828,298.6083984375,227.61474609375,0.0,0.0,0,0,
2130,301.5745849609375,218.9538116455078,299.55322265625,224.296875,0.0,0.0,0,0,
2140,302.1458740234375,219.6349639892578,300.12451171875,224.97802734375,0.0,0.0,0,0,
2150,301.1790771484375,221.4147491455078,299.15771484375,226.7578125,0.0,0.0,0,0,
2160,303.7059326171875,223.2824249267578,301.6845703125,228.62548828125,0.0,0.0,0,0,
2170,302.5194091796875,219.0417022705078,300.498046875,224.384765625,0.0,0.0,0,0,
2180,301.4969787597656,219.2117156982422,299.46533203125,224.58251953125,0.0,0.0,0,0,
2190,300.7279357910156,219.5413055419922,298.6962890625,224.912109375,0.0,0.0,0,0,
2200,302.9032287597656,217.4978485107422,300.87158203125,222.86865234375,0.0,0.0,0,0,
2210,301.4969787597656,216.9485321044922,299.46533203125,222.3193359375,0.0,0.0,0,0,
2220,301.0135803222656,220.2444305419922,298.98193359375,225.615234375,0.0,0.0,0,0,
2230,303.1327209472656,218.37416076660156,301.09130859375,223.76953125,0.0,0.0,0,0,
2240,301.7044982910156,218.26429748535156,299.6630859375,223.65966796875,0.0,0.0,0,0,
2250,300.8915100097656,218.83558654785156,298.85009765625,224.23095703125,0.0,0.0,0,0,
2260,303.7479553222656,218.41810607910156,301.70654296875,223.8134765625,0.0,0.0,0,0,
2270,301.4847717285156,218.15443420410156,299.443359375,223.5498046875,0.0,0.0,0,0,
2280,301.3179626464844,219.3614959716797,299.267578125,224.7802734375,0.0,0.0,0,0,
2290,300.5049743652344,222.2618865966797,298.45458984375,227.6806640625,0.0,0.0,0,0,
2300,302.7681579589844,221.5148162841797,300.7177734375,226.93359375,0.0,0.0,0,0,
2310,302.2847595214844,221.8883514404297,300.234375,227.30712890625,0.0,0.0,0,0,
2320,303.1197204589844,220.0426483154297,301.0693359375,225.46142578125,0.0,0.0,0,0,
2330,301.832275390625,220.5932159423828,299.77294921875,226.03271484375,0.0,0.0,0,0,
2340,301.854248046875,223.0102081298828,299.794921875,228.44970703125,0.0,0.0,0,0,
2350,300.491943359375,218.7475128173828,298.4326171875,224.18701171875,0.0,0.0,0,0,
2360,302.337646484375,221.0326690673828,300.2783203125,226.47216796875,0.0,0.0,0,0,
2370,300.821533203125,221.6698760986328,298.76220703125,227.109375,0.0,0.0,0,0,
2380,299.31304931640625,218.46275329589844,297.24609375,223.92333984375,0.0,0.0,0,0,
2390,302.56500244140625,215.56236267089844,300.498046875,221.02294921875,0.0,0.0,0,0,
2400,301.66412353515625,219.16587829589844,299.59716796875,224.62646484375,0.0,0.0,0,0,
2410,303.42193603515625,221.09947204589844,301.35498046875,226.56005859375,0.0,0.0,0,0,
2420,301.24664306640625,223.99986267089844,299.1796875,229.46044921875,0.0,0.0,0,0,
2430,300.74847412109375,218.8389892578125,298.67431640625,224.31884765625,0.0,0.0,0,0,
2440,301.89105224609375,221.7833251953125,299.81689453125,227.26318359375,0.0,0.0,0,0,
2450,302.17669677734375,220.1134033203125,300.1025390625,225.59326171875,0.0,0.0,0,0,
2460,302.06683349609375,222.5743408203125,299.99267578125,228.05419921875,0.0,0.0,0,0,
2470,301.45159912109375,224.5299072265625,299.37744140625,230.009765625,0.0,0.0,0,0,
2480,299.1510314941406,220.2498779296875,297.0703125,225.7470703125,0.0,0.0,0,0,
2490,300.2496643066406,219.5028076171875,298.1689453125,225.0,0.0,0.0,0,0,
2500,302.5348205566406,221.4144287109375,300.4541015625,226.91162109375,0.0,0.0,0,0,
2510,302.1173400878906,217.8109130859375,300.03662109375,223.30810546875,0.0,0.0,0,0,
2520,302.2052307128906,220.3817138671875,300.12451171875,225.87890625,0.0,0.0,0,0,
2530,301.1571044921875,217.333740234375,299.06982421875,222.8466796875,0.0,0.0,0,0,
2540,301.3328857421875,221.069091796875,299.24560546875,226.58203125,0.0,0.0,0,0,
2550,301.5306396484375,218.652099609375,299.443359375,224.1650390625,0.0,0.0,0,0,
2560,300.4759521484375,217.685302734375,298.388671875,223.1982421875,0.0,0.0,0,0,
2570,302.4534912109375,219.179443359375,300.3662109375,224.6923828125,0.0,0.0,0,0,
2580,302.7881164550781,217.1874542236328,300.69580078125,222.71484375,0.0,0.0,0,0,
2590,299.5581359863281,220.1098175048828,297.4658203125,225.63720703125,0.0,0.0,0,0,
2600,301.8872375488281,220.7030792236328,299.794921875,226.23046875,0.0,0.0,0,0,
2610,301.9751281738281,219.6044464111328,299.8828125,225.1318359375,0.0,0.0,0,0,
2620,301.3159484863281,219.8241729736328,299.2236328125,225.3515625,0.0,0.0,0,0,
2630,300.00274658203125,221.0847625732422,297.9052734375,226.6259765625,0.0,0.0,0,0,
2640,300.85968017578125,219.6125946044922,298.76220703125,225.15380859375,0.0,0.0,0,0,
2650,301.47491455078125,222.8865203857422,299.37744140625,228.427734375,0.0,0.0,0,0,
2660,301.54083251953125,218.1404266357422,299.443359375,223.681640625,0.0,0.0,0,0,
2670,301.16729736328125,218.8435516357422,299.06982421875,224.384765625,0.0,0.0,0,0,
2680,301.45709228515625,220.32595825195312,299.35546875,225.87890625,0.0,0.0,0,0,
2690,300.97369384765625,220.50173950195312,298.8720703125,226.0546875,0.0,0.0,0,0,
2700,300.16070556640625,223.59988403320312,298.05908203125,229.15283203125,0.0,0.0,0,0,
2710,300.13873291015625,225.66531372070312,298.037109375,231.21826171875,0.0,0.0,0,0,
2720,298.33697509765625,218.59011840820312,296.2353515625,224.14306640625,0.0,0.0,0,0,
2730,302.4277648925781,219.63381958007812,300.322265625,225.19775390625,0.0,0.0,0,0,
2740,301.9004211425781,225.39065551757812,299.794921875,230.95458984375,0.0,0.0,0,0,
2750,300.4941711425781,222.09475708007812,298.388671875,227.65869140625,0.0,0.0,0,0,
2760,303.1968078613281,217.12893676757812,301.09130859375,222.69287109375,0.0,0.0,0,0,
2770,301.0215148925781,219.15042114257812,298.916015625,224.71435546875,0.0,0.0,0,0,
2780,300.10260009765625,218.1732177734375,297.9931640625,223.74755859375,0.0,0.0,0,0,
2790,300.25640869140625,220.8978271484375,298.14697265625,226.47216796875,0.0,0.0,0,0,
2800,301.26715087890625,222.3260498046875,299.15771484375,227.900390625,0.0,0.0,0,0,
2810,298.03717041015625,223.3807373046875,295.927734375,228.955078125,0.0,0.0,0,0,
2820,302.51959228515625,218.7005615234375,300.41015625,224.27490234375,0.0,0.0,0,0,
2830,298.9417724609375,215.2183380126953,296.82861328125,220.80322265625,0.0,0.0,0,0,
2840,299.0955810546875,220.8872833251953,296.982421875,226.47216796875,0.0,0.0,0,0,
2850,302.3695068359375,221.1070098876953,300.25634765625,226.69189453125,0.0,0.0,0,0,
2860,302.2596435546875,217.7012481689453,300.146484375,223.2861328125,0.0,0.0,0,0,
2870,303.0506591796875,217.4156036376953,300.9375,223.00048828125,0.0,0.0,0,0,
2880,299.2295227050781,219.7139129638672,297.1142578125,225.3076171875,0.0,0.0,0,0,
2890,300.9653625488281,218.2637176513672,298.85009765625,223.857421875,0.0,0.0,0,0,
2900,303.2724914550781,220.1533660888672,301.1572265625,225.7470703125,0.0,0.0,0,0,
2910,300.4380187988281,220.1533660888672,298.32275390625,225.7470703125,0.0,0.0,0,0,
2920,295.8677062988281,221.7573699951172,293.75244140625,227.35107421875,0.0,0.0,0,0,
2930,301.1436767578125,221.75070190429688,299.02587890625,227.35107421875,0.0,0.0,0,0,
2940,302.2642822265625,220.93771362304688,300.146484375,226.5380859375,0.0,0.0,0,0,
2950,299.1441650390625,223.09103393554688,297.0263671875,228.69140625,0.0,0.0,0,0,
2960,301.5172119140625,219.42160034179688,299.3994140625,225.02197265625,0.0,0.0,0,0,
2970,301.5391845703125,220.49826049804688,299.42138671875,226.0986328125,0.0,0.0,0,0,
2980,301.234130859375,220.68994140625,299.11376953125,226.29638671875,0.0,0.0,0,0,
2990,302.464599609375,220.2724609375,300.34423828125,225.87890625,0.0,0.0,0,0,
3000,305.386962890625,220.66796875,303.2666015625,226.2744140625,300.3912353515625,222.41342163085938,0,0,
3010,303.057861328125,219.26171875,300.9375,224.8681640625,300.3912353515625,222.41342163085938,0,0,
3020,300.069580078125,216.0537109375,297.94921875,221.66015625,300.3912353515625,222.41342163085938,0,0,
3030,300.92791748046875,220.9913787841797,298.80615234375,226.60400390625,300.3912353515625,222.41342163085938,0,0,
3040,300.18084716796875,218.3107147216797,298.05908203125,223.92333984375,300.3912353515625,222.41342163085938,0,0,
3050,299.43377685546875,216.2233123779297,297.31201171875,221.8359375,300.3912353515625,222.41342163085938,0,0,
3060,302.72967529296875,217.6295623779297,300.60791015625,223.2421875,300.3912353515625,222.41342163085938,0,0,
3070,302.37811279296875,220.2223358154297,300.25634765625,225.8349609375,300.3912353515625,222.41342163085938,0,0,
3080,298.7767333984375,219.29444885253906,296.65283203125,224.912109375,300.3912353515625,222.41342163085938,0,0,
3090,302.0067138671875,222.83204650878906,299.8828125,228.44970703125,300.3912353515625,222.41342163085938,0,0,
3100,299.6556396484375,218.94288635253906,297.53173828125,224.560546875,300.3912353515625,222.41342163085938,0,0,
3110,302.4241943359375,219.38233947753906,300.30029296875,225.0,300.3912353515625,222.41342163085938,0,0,
3120,300.8201904296875,219.36036682128906,298.6962890625,224.97802734375,300.3912353515625,222.41342163085938,0,0,
3130,299.87738037109375,222.36618041992188,297.75146484375,227.98828125,300.3912353515625,222.41342163085938,0,0,
3140,302.75579833984375,221.66305541992188,300.6298828125,227.28515625,300.3912353515625,222.41342163085938,0,0,
3150,302.36029052734375,219.72946166992188,300.234375,225.3515625,300.3912353515625,222.41342163085938,0,0,
3160,300.77825927734375,221.15768432617188,298.65234375,226.77978515625,300.3912353515625,222.41342163085938,0,0,
3170,303.41497802734375,221.15768432617188,301.2890625,226.77978515625,300.3912353515625,222.41342163085938,0,0,
3180,301.5271301269531,222.8890380859375,299.3994140625,228.515625,300.3912353515625,222.41342163085938,0,0,
3190,301.5271301269531,219.5272216796875,299.3994140625,225.15380859375,300.3912353515625,222.41342163085938,0,0,
3200,301.1316223144531,222.1639404296875,299.00390625,227.79052734375,300.3912353515625,222.41342163085938,0,0,
3210,303.8122863769531,216.1873779296875,301.6845703125,221.81396484375,300.3912353515625,222.41342163085938,0,0,
3220,302.1863098144531,221.5706787109375,300.05859375,227.197265625,300.3912353515625,222.41342163085938,0,0,
3230,302.3416442871094,216.37957763671875,300.21240234375,222.01171875,300.3912353515625,222.41342163085938,0,0,
3240,302.2317810058594,218.59881591796875,300.1025390625,224.23095703125,300.3912353515625,222.41342163085938,0,0,
3250,301.5506286621094,221.12567138671875,299.42138671875,226.7578125,300.3912353515625,222.41342163085938,0,0,
3260,301.8802185058594,217.19256591796875,299.7509765625,222.82470703125,300.3912353515625,222.41342163085938,0,0,
3270,299.0896911621094,220.55438232421875,296.96044921875,226.1865234375,300.3912353515625,222.41342163085938,0,0,
3280,300.64990234375,220.30702209472656,298.5205078125,225.94482421875,300.3912353515625,222.41342163085938,0,0,
3290,301.990234375,217.31874084472656,299.86083984375,222.95654296875,300.3912353515625,222.41342163085938,0,0,
3300,300.3642578125,218.19764709472656,298.23486328125,223.83544921875,300.3912353515625,222.41342163085938,0,0,
3310,301.70458984375,221.20790100097656,299.5751953125,226.845703125,300.3912353515625,222.41342163085938,0,0,
3320,299.6611328125,220.30702209472656,297.53173828125,225.94482421875,300.3912353515625,222.41342163085938,0,0,
3330,300.69342041015625,219.26910400390625,298.564453125,224.912109375,300.3912353515625,222.41342163085938,0,0,
3340,301.26470947265625,220.30181884765625,299.1357421875,225.94482421875,300.3912353515625,222.41342163085938,0,0,
3350,301.13287353515625,219.35699462890625,299.00390625,225.0,300.3912353515625,222.41342163085938,0,0,
3360,300.82525634765625,224.23492431640625,298.6962890625,229.8779296875,300.3912353515625,222.41342163085938,0,0,
3370,302.23150634765625,220.01617431640625,300.1025390625,225.6591796875,300.3912353515625,222.41342163085938,0,0,
3380,299.5723876953125,217.33230590820312,297.44384765625,222.978515625,300.3912353515625,222.41342163085938,0,0,
3390,301.6158447265625,219.88113403320312,299.4873046875,225.52734375,300.3912353515625,222.41342163085938,0,0,
3400,298.6275634765625,218.80447387695312,296.4990234375,224.45068359375,300.3912353515625,222.41342163085938,0,0,
3410,300.0997314453125,221.35330200195312,297.97119140625,226.99951171875,300.3912353515625,222.41342163085938,0,0,
3420,301.4840087890625,219.88113403320312,299.35546875,225.52734375,300.3912353515625,222.41342163085938,0,0,
3430,303.6364440917969,221.1084442138672,301.5087890625,226.7578125,300.3912353515625,222.41342163085938,0,0,
3440,300.9118347167969,222.2949676513672,298.7841796875,227.9443359375,300.3912353515625,222.41342163085938,0,0,
3450,298.8683776855469,220.7349090576172,296.74072265625,226.38427734375,300.3912353515625,222.41342163085938,0,0,
3460,299.6593933105469,221.9434051513672,297.53173828125,227.5927734375,300.3912353515625,222.41342163085938,0,0,
3470,300.9997253417969,221.8555145263672,298.8720703125,227.5048828125,300.3912353515625,222.41342163085938,0,0,
3480,302.25164794921875,221.8973846435547,300.12451171875,227.548828125,300.3912353515625,222.41342163085938,0,0,
3490,301.72430419921875,220.2714080810547,299.59716796875,225.9228515625,300.3912353515625,222.41342163085938,0,0,
3500,301.63641357421875,221.3480682373047,299.50927734375,226.99951171875,300.3912353515625,222.41342163085938,0,0,
3510,302.95477294921875,219.5902557373047,300.82763671875,225.24169921875,300.3912353515625,222.41342163085938,0,0,
3520,300.84539794921875,222.6444549560547,298.71826171875,228.2958984375,300.3912353515625,222.41342163085938,0,0,
3530,301.2840576171875,223.08128356933594,299.15771484375,228.7353515625,300.3912353515625,222.41342163085938,0,0,
3540,300.8665771484375,222.24632263183594,298.740234375,227.900390625,300.3912353515625,222.41342163085938,0,0,
3550,297.7684326171875,224.20188903808594,295.64208984375,229.85595703125,300.3912353515625,222.41342163085938,0,0,
3560,301.4158935546875,220.62034606933594,299.28955078125,226.2744140625,300.3912353515625,222.41342163085938,0,0,
3570,299.7020263671875,222.94944763183594,297.57568359375,228.603515625,300.3912353515625,222.41342163085938,0,0,
3580,299.63568115234375,219.54141235351562,297.509765625,225.19775390625,300.3912353515625,222.41342163085938,0,0,
3590,300.95404052734375,222.77139282226562,298.828125,228.427734375,300.3912353515625,222.41342163085938,0,0,
3600,301.12982177734375,219.69522094726562,299.00390625,225.3515625,300.3912353515625,222.41342163085938,0,0,
3610,301.34954833984375,223.23281860351562,299.2236328125,228.88916015625,300.3912353515625,222.41342163085938,0,0,
3620,298.64691162109375,223.71621704101562,296.52099609375,229.37255859375,300.3912353515625,222.41342163085938,0,0,
3630,300.93316650390625,222.33152770996094,298.80615234375,227.98828125,300.3912353515625,222.41342163085938,0,0,
3640,297.98883056640625,222.28758239746094,295.86181640625,227.9443359375,300.3912353515625,222.41342163085938,0,0,
3650,301.65826416015625,221.25486755371094,299.53125,226.91162109375,300.3912353515625,222.41342163085938,0,0,
3660,301.24078369140625,221.40867614746094,299.11376953125,227.0654296875,300.3912353515625,222.41342163085938,0,0,
3670,301.35064697265625,217.25584411621094,299.2236328125,222.91259765625,300.3912353515625,222.41342163085938,0,0,
3680,299.17584228515625,221.3643035888672,297.04833984375,227.021484375,300.3912353515625,222.41342163085938,0,0,
3690,299.96685791015625,220.8369598388672,297.83935546875,226.494140625,300.3912353515625,222.41342163085938,0,0,
3700,300.66998291015625,216.8818817138672,298.54248046875,222.5390625,300.3912353515625,222.41342163085938,0,0,
3710,298.38482666015625,219.3428192138672,296.25732421875,225.0,300.3912353515625,222.41342163085938,0,0,
3720,299.52740478515625,219.7383270263672,297.39990234375,225.3955078125,300.3912353515625,222.41342163085938,0,0,
3730,300.9556884765625,221.34304809570312,298.828125,226.99951171875,300.3912353515625,222.41342163085938,0,0,
3740,300.0108642578125,214.35574340820312,297.88330078125,220.01220703125,300.3912353515625,222.41342163085938,0,0,
3750,299.7691650390625,219.34353637695312,297.6416015625,225.0,300.3912353515625,222.41342163085938,0,0,
3760,298.8463134765625,220.13455200195312,296.71875,225.791015625,300.3912353515625,222.41342163085938,0,0,
3770,300.0328369140625,219.89285278320312,297.9052734375,225.54931640625,300.3912353515625,222.41342163085938,0,0,
3780,301.021728515625,219.12423706054688,298.89404296875,224.7802734375,300.3912353515625,222.41342163085938,0,0,
3790,299.373779296875,219.49777221679688,297.24609375,225.15380859375,300.3912353515625,222.41342163085938,0,0,
3800,301.856689453125,222.57394409179688,299.72900390625,228.22998046875,300.3912353515625,222.41342163085938,0,0,
3810,300.626220703125,223.27706909179688,298.49853515625,228.93310546875,300.3912353515625,222.41342163085938,0,0,
3820,302.427978515625,220.59640502929688,300.30029296875,226.25244140625,300.3912353515625,222.41342163085938,0,0,
3830,297.81427001953125,219.3668975830078,295.68603515625,225.02197265625,300.3912353515625,222.41342163085938,0,0,
3840,298.56134033203125,218.2023468017578,296.43310546875,223.857421875,300.3912353515625,222.41342163085938,0,0,
3850,298.95684814453125,217.5431671142578,296.82861328125,223.1982421875,300.3912353515625,222.41342163085938,0,0,
3860,300.38507080078125,220.8830108642578,298.2568359375,226.5380859375,300.3912353515625,222.41342163085938,0,0,
3870,300.47296142578125,219.1032257080078,298.3447265625,224.75830078125,300.3912353515625,222.41342163085938,0,0,
3880,300.8694763183594,221.3654022216797,298.740234375,227.021484375,300.3912353515625,222.41342163085938,0,0,
3890,302.6272888183594,220.5524139404297,300.498046875,226.20849609375,300.3912353515625,222.41342163085938,0,0,
3900,299.9026794433594,222.7277069091797,297.7734375,228.3837890625,300.3912353515625,222.41342163085938,0,0,
3910,298.2986755371094,218.6627655029297,296.16943359375,224.31884765625,300.3912353515625,222.41342163085938,0,0,
3920,300.8914489746094,217.8278045654297,298.76220703125,223.48388671875,300.3912353515625,222.41342163085938,0,0,
3930,298.8269348144531,221.67245483398438,296.69677734375,227.3291015625,300.3912353515625,222.41342163085938,0,0,
3940,302.7380676269531,216.66268920898438,300.60791015625,222.3193359375,300.3912353515625,222.41342163085938,0,0,
3950,298.3874816894531,219.78280639648438,296.25732421875,225.439453125,300.3912353515625,222.41342163085938,0,0,
3960,300.0793762207031,219.80477905273438,297.94921875,225.46142578125,300.3912353515625,222.41342163085938,0,0,
3970,299.6618957519531,217.87118530273438,297.53173828125,223.52783203125,300.3912353515625,222.41342163085938,0,0,
3980,299.0907287597656,220.39755249023438,296.96044921875,226.0546875,300.3912353515625,222.41342163085938,0,0,
3990,301.8592834472656,222.17733764648438,299.72900390625,227.83447265625,300.3912353515625,222.41342163085938,0,0,
4000,300.1014709472656,215.51962280273438,297.97119140625,221.1767578125,300.3912353515625,222.41342163085938,0,0,
4010,298.5853576660156,219.56259155273438,296.455078125,225.2197265625,300.3912353515625,222.41342163085938,0,0,
4020,301.4857482910156,219.58456420898438,299.35546875,225.24169921875,300.3912353515625,222.41342163085938,0,0,
4030,299.5078125,222.17674255371094,297.3779296875,227.83447265625,300.3912353515625,222.41342163085938,0,0,
4040,298.16748046875,220.99021911621094,296.03759765625,226.64794921875,300.3912353515625,222.41342163085938,0,0,
4050,300.6943359375,218.66111755371094,298.564453125,224.31884765625,300.3912353515625,222.41342163085938,0,0,
4060,300.2548828125,220.06736755371094,298.125,225.72509765625,300.3912353515625,222.41342163085938,0,0,
4070,302.6279296875,219.16648864746094,300.498046875,224.82421875,300.3912353515625,222.41342163085938,0,0,
4080,298.8487548828125,219.09780883789062,296.71875,224.75830078125,300.3912353515625,222.41342163085938,0,0,
4090,299.1124267578125,221.69058227539062,296.982421875,227.35107421875,300.3912353515625,222.41342163085938,0,0,
4100,301.0899658203125,223.11880493164062,298.9599609375,228.779296875,300.3912353515625,222.41342163085938,0,0,
4110,298.4093017578125,219.75698852539062,296.279296875,225.41748046875,300.3912353515625,222.41342163085938,0,0,
4120,300.6285400390625,218.46060180664062,298.49853515625,224.12109375,300.3912353515625,222.41342163085938,0,0,
4130,298.6504821777344,216.39256286621094,296.52099609375,222.0556640625,300.3912353515625,222.41342163085938,0,0,
4140,300.9356384277344,218.91941833496094,298.80615234375,224.58251953125,300.3912353515625,222.41342163085938,0,0,
4150,300.8916931152344,218.45799255371094,298.76220703125,224.12109375,300.3912353515625,222.41342163085938,0,0,
4160,300.9356384277344,217.57908630371094,298.80615234375,223.2421875,300.3912353515625,222.41342163085938,0,0,
4170,300.7598571777344,220.91893005371094,298.63037109375,226.58203125,300.3912353515625,222.41342163085938,0,0,
4180,299.5942687988281,222.4332733154297,297.4658203125,228.09814453125,300.3912353515625,222.41342163085938,0,0,
4190,299.1328430175781,222.7628631591797,297.00439453125,228.427734375,300.3912353515625,222.41342163085938,0,0,
4200,301.0224914550781,219.5768280029297,298.89404296875,225.24169921875,300.3912353515625,222.41342163085938,0,0,
4210,300.9126281738281,216.9401092529297,298.7841796875,222.60498046875,300.3912353515625,222.41342163085938,0,0,
4220,300.4512023925781,215.8195037841797,298.32275390625,221.484375,300.3912353515625,222.41342163085938,0,0,
4230,302.0564880371094,220.0373077392578,299.9267578125,225.703125,300.3912353515625,222.41342163085938,0,0,
4240,300.4085388183594,218.8947296142578,298.27880859375,224.560546875,300.3912353515625,222.41342163085938,0,0,
4250,298.8704528808594,218.3673858642578,296.74072265625,224.033203125,300.3912353515625,222.41342163085938,0,0,
4260,301.9026794433594,219.1584014892578,299.77294921875,224.82421875,300.3912353515625,222.41342163085938,0,0,
4270,301.0677185058594,219.3341827392578,298.93798828125,225.0,300.3912353515625,222.41342163085938,0,0,
4280,300.717529296875,220.12351989746094,298.58642578125,225.791015625,300.3912353515625,222.41342163085938,0,0,
4290,299.421142578125,219.68406677246094,297.2900390625,225.3515625,300.3912353515625,222.41342163085938,0,0,
4300,300.168212890625,218.14598083496094,298.037109375,223.8134765625,300.3912353515625,222.41342163085938,0,0,
4310,300.036376953125,219.74998474121094,297.9052734375,225.41748046875,300.3912353515625,222.41342163085938,0,0,
4320,298.454345703125,218.45359802246094,296.3232421875,224.12109375,300.3912353515625,222.41342163085938,0,0,
4330,298.67523193359375,221.8134307861328,296.54296875,227.48291015625,300.3912353515625,222.41342163085938,0,0,
4340,299.55413818359375,219.9677276611328,297.421875,225.63720703125,300.3912353515625,222.41342163085938,0,0,
4350,297.97210693359375,216.8256378173828,295.83984375,222.4951171875,300.3912353515625,222.41342163085938,0,0,
4360,299.04876708984375,215.2216339111328,296.91650390625,220.89111328125,300.3912353515625,222.41342163085938,0,0,
4370,300.91644287109375,220.2973175048828,298.7841796875,225.966796875,300.3912353515625,222.41342163085938,0,0,
4380,299.99530029296875,219.4611053466797,297.861328125,225.1318359375,300.3912353515625,222.41342163085938,0,0,
4390,301.62127685546875,216.2311248779297,299.4873046875,221.90185546875,300.3912353515625,222.41342163085938,0,0,
4400,299.68768310546875,218.7799530029297,297.5537109375,224.45068359375,300.3912353515625,222.41342163085938,0,0,
4410,300.43475341796875,216.3190155029297,298.30078125,221.98974609375,300.3912353515625,222.41342163085938,0,0,
4420,299.27020263671875,222.6031951904297,297.13623046875,228.27392578125,300.3912353515625,222.41342163085938,0,0,
4430,298.5245056152344,221.7454833984375,296.38916015625,227.4169921875,300.3912353515625,222.41342163085938,0,0,
4440,300.6338806152344,222.9979248046875,298.49853515625,228.66943359375,300.3912353515625,222.41342163085938,0,0,
4450,299.4473571777344,219.8997802734375,297.31201171875,225.5712890625,300.3912353515625,222.41342163085938,0,0,
4460,300.1504821777344,222.8221435546875,298.01513671875,228.49365234375,300.3912353515625,222.41342163085938,0,0,
4470,299.5572204589844,217.4168701171875,297.421875,223.08837890625,300.3912353515625,222.41342163085938,0,0,
4480,299.40399169921875,218.29469299316406,297.26806640625,223.96728515625,300.3912353515625,222.41342163085938,0,0,
4490,300.15106201171875,217.78932189941406,298.01513671875,223.4619140625,300.3912353515625,222.41342163085938,0,0,
4500,301.05194091796875,221.30494689941406,298.916015625,226.9775390625,300.3912353515625,222.41342163085938,0,0,
4510,299.20623779296875,219.94264221191406,297.0703125,225.615234375,300.3912353515625,222.41342163085938,0,0,
4520,300.08514404296875,215.61402893066406,297.94921875,221.28662109375,300.3912353515625,222.41342163085938,0,0,
4530,299.22967529296875,220.09510803222656,297.09228515625,225.76904296875,300.3912353515625,222.41342163085938,0,0,
4540,300.32830810546875,216.95301818847656,298.19091796875,222.626953125,300.3912353515625,222.41342163085938,0,0,
4550,296.74676513671875,221.72108459472656,294.609375,227.39501953125,300.3912353515625,222.41342163085938,0,0,
4560,299.31756591796875,218.64491271972656,297.18017578125,224.31884765625,300.3912353515625,222.41342163085938,0,0,
4570,300.59197998046875,223.98426818847656,298.45458984375,229.658203125,300.3912353515625,222.41342163085938,0,0,
4580,301.3849792480469,215.63363647460938,299.24560546875,221.30859375,300.3912353515625,222.41342163085938,0,0,
4590,303.5382995605469,218.24838256835938,301.39892578125,223.92333984375,300.3912353515625,222.41342163085938,0,0,
4600,297.4299011230469,221.32455444335938,295.29052734375,226.99951171875,300.3912353515625,222.41342163085938,0,0,
4610,297.6276550292969,219.80844116210938,295.48828125,225.4833984375,300.3912353515625,222.41342163085938,0,0,
4620,302.4176940917969,221.32455444335938,300.2783203125,226.99951171875,300.3912353515625,222.41342163085938,0,0,
4630,300.59478759765625,217.2812957763672,298.45458984375,222.95654296875,300.3912353515625,222.41342163085938,0,0,
4640,299.47418212890625,218.5337371826172,297.333984375,224.208984375,300.3912353515625,222.41342163085938,0,0,
4650,297.98004150390625,220.8628387451172,295.83984375,226.5380859375,300.3912353515625,222.41342163085938,0,0,
4660,299.56207275390625,221.2144012451172,297.421875,226.8896484375,300.3912353515625,222.41342163085938,0,0,
4670,298.92486572265625,217.5229949951172,296.78466796875,223.1982421875,300.3912353515625,222.41342163085938,0,0,
4680,300.81585693359375,216.93051147460938,298.67431640625,222.60498046875,300.3912353515625,222.41342163085938,0,0,
4690,299.62933349609375,220.59994506835938,297.48779296875,226.2744140625,300.3912353515625,222.41342163085938,0,0,
4700,302.30999755859375,218.46859741210938,300.16845703125,224.14306640625,300.3912353515625,222.41342163085938,0,0,
4710,302.37591552734375,216.73275756835938,300.234375,222.4072265625,300.3912353515625,222.41342163085938,0,0,
4720,301.21136474609375,219.32553100585938,299.06982421875,225.0,300.3912353515625,222.41342163085938,0,0,
4730,299.9156188964844,221.80908203125,297.7734375,227.48291015625,300.3912353515625,222.41342163085938,0,0,
4740,299.2344665527344,220.88623046875,297.09228515625,226.56005859375,300.3912353515625,222.41342163085938,0,0,
4750,301.8931579589844,218.20556640625,299.7509765625,223.87939453125,300.3912353515625,222.41342163085938,0,0,
4760,300.1792907714844,219.6337890625,298.037109375,225.3076171875,300.3912353515625,222.41342163085938,0,0,
4770,299.6739196777344,220.7763671875,297.53173828125,226.4501953125,300.3912353515625,222.41342163085938,0,0,
4780,299.36700439453125,223.3475341796875,297.22412109375,229.02099609375,300.3912353515625,222.41342163085938,0,0,
4790,302.88262939453125,219.7879638671875,300.73974609375,225.46142578125,300.3912353515625,222.41342163085938,0,0,
4800,298.42218017578125,220.1175537109375,296.279296875,225.791015625,300.3912353515625,222.41342163085938,0,0,
4810,299.47686767578125,218.1839599609375,297.333984375,223.857421875,300.3912353515625,222.41342163085938,0,0,
4820,299.96026611328125,218.0081787109375,297.8173828125,223.681640625,300.3912353515625,222.41342163085938,0,0,
4830,298.2682189941406,224.5130157470703,296.12548828125,230.185546875,300.3912353515625,222.41342163085938,0,0,
4840,301.1246643066406,220.2722930908203,298.98193359375,225.94482421875,300.3912353515625,222.41342163085938,0,0,
4850,301.3443908691406,218.8880157470703,299.20166015625,224.560546875,300.3912353515625,222.41342163085938,0,0,
4860,299.7623596191406,220.0525665283203,297.61962890625,225.72509765625,300.3912353515625,222.41342163085938,0,0,
4870,304.4645080566406,217.6575469970703,302.32177734375,223.330078125,300.3912353515625,222.41342163085938,0,0,
4880,300.9264831542969,220.57998657226562,298.7841796875,226.25244140625,300.3912353515625,222.41342163085938,0,0,
4890,298.9049987792969,218.58047485351562,296.7626953125,224.2529296875,300.3912353515625,222.41342163085938,0,0,
4900,299.6740417480469,219.19570922851562,297.53173828125,224.8681640625,300.3912353515625,222.41342163085938,0,0,
4910,299.6081237792969,221.37100219726562,297.4658203125,227.04345703125,300.3912353515625,222.41342163085938,0,0,
4920,297.3669128417969,219.85488891601562,295.224609375,225.52734375,300.3912353515625,222.41342163085938,0,0,
4930,297.3018493652344,220.5355987548828,295.15869140625,226.20849609375,300.3912353515625,222.41342163085938,0,0,
4940,299.6968688964844,222.3373565673828,297.5537109375,228.01025390625,300.3912353515625,222.41342163085938,0,0,
4950,296.4888610839844,219.8764190673828,294.345703125,225.54931640625,300.3912353515625,222.41342163085938,0,0,
4960,298.4664001464844,219.8105010986328,296.3232421875,225.4833984375,300.3912353515625,222.41342163085938,0,0,
4970,299.2574157714844,222.0077667236328,297.1142578125,227.6806640625,300.3912353515625,222.41342163085938,0,0,
4980,298.75341796875,220.5798797607422,296.60888671875,226.25244140625,300.3912353515625,222.41342163085938,0,0,
4990,299.14892578125,221.5906219482422,297.00439453125,227.26318359375,300.3912353515625,222.41342163085938,0,0,
5000,300.46728515625,219.5032196044922,298.32275390625,225.17578125,300.3912353515625,222.41342163085938,0,0,
5010,298.51171875,220.9094696044922,296.3671875,226.58203125,300.3912353515625,222.41342163085938,0,0,
5020,300.97265625,220.6238250732422,298.828125,226.29638671875,300.3912353515625,222.41342163085938,0,0,
5030,296.6006774902344,221.50340270996094,294.45556640625,227.17529296875,300.3912353515625,222.41342163085938,0,0,
5040,298.4244079589844,218.42723083496094,296.279296875,224.09912109375,300.3912353515625,222.41342163085938,0,0,
5050,301.0171813964844,222.47019958496094,298.8720703125,228.14208984375,300.3912353515625,222.41342163085938,0,0,
5060,300.3360290527344,222.58006286621094,298.19091796875,228.251953125,300.3912353515625,222.41342163085938,0,0,
5070,299.5010681152344,217.57029724121094,297.35595703125,223.2421875,300.3912353515625,222.41342163085938,0,0,
5080,300.0730895996094,217.8348388671875,297.92724609375,223.505859375,300.3912353515625,222.41342163085938,0,0,
5090,301.2156677246094,223.1961669921875,299.06982421875,228.8671875,300.3912353515625,222.41342163085938,0,0,
5100,302.2044372558594,220.8670654296875,300.05859375,226.5380859375,300.3912353515625,222.41342163085938,0,0,
5110,300.3807067871094,220.0540771484375,298.23486328125,225.72509765625,300.3912353515625,222.41342163085938,0,0,
5120,298.7547302246094,220.1419677734375,296.60888671875,225.81298828125,300.3912353515625,222.41342163085938,0,0,
5130,300.5361022949219,221.65797424316406,298.388671875,227.3291015625,300.3912353515625,222.41342163085938,0,0,
5140,301.5468444824219,215.92311096191406,299.3994140625,221.59423828125,300.3912353515625,222.41342163085938,0,0,
5150,299.6571960449219,219.68043518066406,297.509765625,225.3515625,300.3912353515625,222.41342163085938,0,0,
5160,299.9867858886719,219.65846252441406,297.83935546875,225.32958984375,300.3912353515625,222.41342163085938,0,0,
5170,299.3495788574219,219.81227111816406,297.2021484375,225.4833984375,300.3912353515625,222.41342163085938,0,0,
5180,300.0536193847656,222.00921630859375,297.9052734375,227.6806640625,300.3912353515625,222.41342163085938,0,0,
5190,298.2079162597656,221.98724365234375,296.0595703125,227.65869140625,300.3912353515625,222.41342163085938,0,0,
5200,297.1312561035156,219.24066162109375,294.98291015625,224.912109375,300.3912353515625,222.41342163085938,0,0,
5210,301.1742248535156,221.92132568359375,299.02587890625,227.5927734375,300.3912353515625,222.41342163085938,0,0,
5220,301.5038146972656,219.17474365234375,299.35546875,224.84619140625,300.3912353515625,222.41342163085938,0,0,
5230,300.076904296875,221.43826293945312,297.92724609375,227.109375,300.3912353515625,222.41342163085938,0,0,
5240,300.494384765625,214.36306762695312,298.3447265625,220.0341796875,300.3912353515625,222.41342163085938,0,0,
5250,298.868408203125,218.40603637695312,296.71875,224.0771484375,300.3912353515625,222.41342163085938,0,0,
5260,300.450439453125,222.18533325195312,298.30078125,227.8564453125,300.3912353515625,222.41342163085938,0,0,
5270,300.142822265625,221.24050903320312,297.9931640625,226.91162109375,300.3912353515625,222.41342163085938,0,0,
5280,298.166015625,221.00001525878906,296.015625,226.669921875,300.3912353515625,222.41342163085938,0,0,
5290,301.4619140625,217.61622619628906,299.3115234375,223.2861328125,300.3912353515625,222.41342163085938,0,0,
5300,299.5283203125,220.64845275878906,297.3779296875,226.318359375,300.3912353515625,222.41342163085938,0,0,
5310,300.1435546875,221.13185119628906,297.9931640625,226.8017578125,300.3912353515625,222.41342163085938,0,0,
5320,303.37353515625,221.68116760253906,301.22314453125,227.35107421875,300.3912353515625,222.41342163085938,0,0,
5330,302.6488952636719,220.2093505859375,300.498046875,225.87890625,300.3912353515625,222.41342163085938,0,0,
5340,299.1772155761719,220.4510498046875,297.0263671875,226.12060546875,300.3912353515625,222.41342163085938,0,0,
5350,299.3529968261719,223.2635498046875,297.2021484375,228.93310546875,300.3912353515625,222.41342163085938,0,0,
5360,301.0009460449219,223.3074951171875,298.85009765625,228.97705078125,300.3912353515625,222.41342163085938,0,0,
5370,300.3857116699219,221.3079833984375,298.23486328125,226.9775390625,300.3912353515625,222.41342163085938,0,0,
5380,301.50872802734375,222.8447723388672,299.35546875,228.515625,300.3912353515625,222.41342163085938,0,0,
5390,300.19036865234375,221.9658660888672,298.037109375,227.63671875,300.3912353515625,222.41342163085938,0,0,
5400,303.26654052734375,218.3843231201172,301.11328125,224.05517578125,300.3912353515625,222.41342163085938,0,0,
5410,299.46527099609375,220.8892059326172,297.31201171875,226.56005859375,300.3912353515625,222.41342163085938,0,0,
5420,299.92669677734375,219.9443817138672,297.7734375,225.615234375,300.3912353515625,222.41342163085938,0,0,
5430,299.8186340332031,220.7775421142578,297.66357421875,226.4501953125,300.3912353515625,222.41342163085938,0,0,
5440,299.8625793457031,218.1847686767578,297.70751953125,223.857421875,300.3912353515625,222.41342163085938,0,0,
5450,302.1697082519531,220.2721710205078,300.0146484375,225.94482421875,300.3912353515625,222.41342163085938,0,0,
5460,301.7742004394531,218.8000030517578,299.619140625,224.47265625,300.3912353515625,222.41342163085938,0,0,
5470,300.0823059082031,219.2834014892578,297.92724609375,224.9560546875,300.3912353515625,222.41342163085938,0,0,
5480,300.7880554199219,219.4569854736328,298.63037109375,225.1318359375,300.3912353515625,222.41342163085938,0,0,
5490,300.6342468261719,220.5995635986328,298.4765625,226.2744140625,300.3912353515625,222.41342163085938,0,0,
5500,301.3373718261719,219.4569854736328,299.1796875,225.1318359375,300.3912353515625,222.41342163085938,0,0,
5510,300.4145202636719,216.3148956298828,298.2568359375,221.98974609375,300.3912353515625,222.41342163085938,0,0,
5520,299.5795593261719,221.0609893798828,297.421875,226.73583984375,300.3912353515625,222.41342163085938,0,0,
5530,300.7018127441406,219.98196411132812,298.54248046875,225.6591796875,300.3912353515625,222.41342163085938,0,0,
5540,301.7125549316406,219.01516723632812,299.55322265625,224.6923828125,300.3912353515625,222.41342163085938,0,0,
5550,300.2184143066406,219.95999145507812,298.05908203125,225.63720703125,300.3912353515625,222.41342163085938,0,0,
5560,300.2403869628906,218.46585083007812,298.0810546875,224.14306640625,300.3912353515625,222.41342163085938,0,0,
5570,302.0641174316406,218.39993286132812,299.90478515625,224.0771484375,300.3912353515625,222.41342163085938,0,0,
5580,301.73699951171875,218.3754425048828,299.5751953125,224.05517578125,300.3912353515625,222.41342163085938,0,0,
5590,300.81414794921875,219.7157745361328,298.65234375,225.3955078125,300.3912353515625,222.41342163085938,0,0,
5600,303.01141357421875,217.9140167236328,300.849609375,223.59375,300.3912353515625,222.41342163085938,0,0,
5610,301.18768310546875,221.8690948486328,299.02587890625,227.548828125,300.3912353515625,222.41342163085938,0,0,
5620,302.19842529296875,222.8358917236328,300.03662109375,228.515625,300.3912353515625,222.41342163085938,0,0,
5630,300.7729187011719,219.66912841796875,298.6083984375,225.3515625,300.3912353515625,222.41342163085938,0,0,
5640,300.5312194824219,216.83465576171875,298.36669921875,222.51708984375,300.3912353515625,222.41342163085938,0,0,
5650,301.6078796386719,223.29461669921875,299.443359375,228.97705078125,300.3912353515625,222.41342163085938,0,0,
5660,298.9491882324219,222.19598388671875,296.78466796875,227.87841796875,300.3912353515625,222.41342163085938,0,0,
5670,299.1249694824219,220.30633544921875,296.96044921875,225.98876953125,300.3912353515625,222.41342163085938,0,0,
5680,300.02813720703125,223.40184020996094,297.861328125,229.0869140625,300.3912353515625,222.41342163085938,0,0,
5690,299.01739501953125,220.85301208496094,296.8505859375,226.5380859375,300.3912353515625,222.41342163085938,0,0,
5700,298.18243408203125,221.55613708496094,296.015625,227.2412109375,300.3912353515625,222.41342163085938,0,0,
5710,301.56622314453125,221.88572692871094,299.3994140625,227.57080078125,300.3912353515625,222.41342163085938,0,0,
5720,300.13800048828125,222.34715270996094,297.97119140625,228.0322265625,300.3912353515625,222.41342163085938,0,0,
5730,299.083251953125,219.92709350585938,296.91650390625,225.615234375,300.3912353515625,222.41342163085938,0,0,
5740,298.885498046875,217.99349975585938,296.71875,223.681640625,300.3912353515625,222.41342163085938,0,0,
5750,300.621337890625,219.24594116210938,298.45458984375,224.93408203125,300.3912353515625,222.41342163085938,0,0,
5760,299.852294921875,218.56478881835938,297.685546875,224.2529296875,300.3912353515625,222.41342163085938,0,0,
5770,302.423095703125,218.80648803710938,300.25634765625,224.49462890625,300.3912353515625,222.41342163085938,0,0,
5780,299.1922302246094,217.96847534179688,297.0263671875,223.65966796875,300.3912353515625,222.41342163085938,0,0,
5790,301.1477966308594,217.83663940429688,298.98193359375,223.52783203125,300.3912353515625,222.41342163085938,0,0,
5800,299.4559020996094,219.24288940429688,297.2900390625,224.93408203125,300.3912353515625,222.41342163085938,0,0,
5810,301.3235778808594,220.03390502929688,299.15771484375,225.72509765625,300.3912353515625,222.41342163085938,0,0,
5820,299.4778747558594,220.12179565429688,297.31201171875,225.81298828125,300.3912353515625,222.41342163085938,0,0,
5830,300.3992614746094,218.45021057128906,298.23486328125,224.14306640625,300.3912353515625,222.41342163085938,0,0,
5840,302.0691833496094,218.49415588378906,299.90478515625,224.18701171875,300.3912353515625,222.41342163085938,0,0,
5850,298.3558044433594,221.43849182128906,296.19140625,227.13134765625,300.3912353515625,222.41342163085938,0,0,
5860,300.5530700683594,218.05470275878906,298.388671875,223.74755859375,300.3912353515625,222.41342163085938,0,0,
5870,300.5091247558594,217.98878479003906,298.3447265625,223.681640625,300.3912353515625,222.41342163085938,0,0,
5880,299.60650634765625,220.4488983154297,297.44384765625,226.142578125,300.3912353515625,222.41342163085938,0,0,
5890,299.32086181640625,221.1959686279297,297.158203125,226.8896484375,300.3912353515625,222.41342163085938,0,0,
5900,300.24371337890625,219.8776092529297,298.0810546875,225.5712890625,300.3912353515625,222.41342163085938,0,0,
5910,300.15582275390625,222.5582733154297,297.9931640625,228.251953125,300.3912353515625,222.41342163085938,0,0,
5920,300.02398681640625,221.0421600341797,297.861328125,226.73583984375,300.3912353515625,222.41342163085938,0,0,
5930,301.8678894042969,218.0082244873047,299.70703125,223.70361328125,300.3912353515625,222.41342163085938,0,0,
5940,299.4948425292969,218.7992401123047,297.333984375,224.49462890625,300.3912353515625,222.41342163085938,0,0,
5950,298.7038269042969,221.8314666748047,296.54296875,227.52685546875,300.3912353515625,222.41342163085938,0,0,
5960,301.9777526855469,217.7884979248047,299.81689453125,223.48388671875,300.3912353515625,222.41342163085938,0,0,
5970,298.5280456542969,219.3925018310547,296.3671875,225.087890625,300.3912353515625,222.41342163085938,0,0,
5980,302.94293212890625,221.74282836914062,300.78369140625,227.43896484375,300.3912353515625,222.41342163085938,0,0,
5990,297.95513916015625,222.35806274414062,295.7958984375,228.05419921875,300.3912353515625,222.41342163085938,0,0,
6000,298.65826416015625,218.33706665039062,296.4990234375,224.033203125,300.34588623046875,219.97439575195312,0,0,
6010,297.40582275390625,220.09487915039062,295.24658203125,225.791015625,300.34588623046875,219.97439575195312,0,0,
6020,300.48199462890625,219.65542602539062,298.32275390625,225.3515625,300.34588623046875,219.97439575195312,0,0,
6030,298.129150390625,217.87640380859375,295.9716796875,223.57177734375,300.34588623046875,219.97439575195312,0,0,
6040,301.820556640625,218.95306396484375,299.6630859375,224.6484375,300.34588623046875,219.97439575195312,0,0,
6050,299.161865234375,218.05218505859375,297.00439453125,223.74755859375,300.34588623046875,219.97439575195312,0,0,
6060,299.403564453125,218.27191162109375,297.24609375,223.96728515625,300.34588623046875,219.97439575195312,0,0,
6070,298.788330078125,217.59075927734375,296.630859375,223.2861328125,300.34588623046875,219.97439575195312,0,0,
6080,301.02825927734375,217.7012176513672,298.8720703125,223.39599609375,300.34588623046875,219.97439575195312,0,0,
6090,299.22650146484375,217.4375457763672,297.0703125,223.13232421875,300.34588623046875,219.97439575195312,0,0,
6100,295.84271240234375,215.0644989013672,293.6865234375,220.75927734375,300.34588623046875,219.97439575195312,0,0,
6110,302.19281005859375,218.3603973388672,300.03662109375,224.05517578125,300.34588623046875,219.97439575195312,0,0,
6120,299.40228271484375,217.8989715576172,297.24609375,223.59375,300.34588623046875,219.97439575195312,0,0,
6130,301.0057373046875,217.74569702148438,298.85009765625,223.43994140625,300.34588623046875,219.97439575195312,0,0,
6140,299.3577880859375,218.40487670898438,297.2021484375,224.09912109375,300.34588623046875,219.97439575195312,0,0,
6150,300.8079833984375,220.25057983398438,298.65234375,225.94482421875,300.34588623046875,219.97439575195312,0,0,
6160,299.1160888671875,217.81161499023438,296.96044921875,223.505859375,300.34588623046875,219.97439575195312,0,0,
6170,299.3358154296875,223.08505249023438,297.18017578125,228.779296875,300.34588623046875,219.97439575195312,0,0,
6180,298.54364013671875,220.62326049804688,296.38916015625,226.318359375,300.34588623046875,219.97439575195312,0,0,
6190,299.00506591796875,222.73263549804688,296.8505859375,228.427734375,300.34588623046875,219.97439575195312,0,0,
6200,301.66375732421875,220.73312377929688,299.50927734375,226.42822265625,300.34588623046875,219.97439575195312,0,0,
6210,298.49969482421875,218.07443237304688,296.34521484375,223.76953125,300.34588623046875,219.97439575195312,0,0,
6220,300.43328857421875,219.08517456054688,298.27880859375,224.7802734375,300.34588623046875,219.97439575195312,0,0,
6230,296.8727722167969,217.3267059326172,294.71923828125,223.0224609375,300.34588623046875,219.97439575195312,0,0,
6240,298.6745300292969,219.8315887451172,296.52099609375,225.52734375,300.34588623046875,219.97439575195312,0,0,
6250,302.9811706542969,219.1064910888672,300.82763671875,224.80224609375,300.34588623046875,219.97439575195312,0,0,
6260,300.3005065917969,220.2051239013672,298.14697265625,225.90087890625,300.34588623046875,219.97439575195312,0,0,
6270,301.9264831542969,216.9751434326172,299.77294921875,222.6708984375,300.34588623046875,219.97439575195312,0,0,
6280,300.7611389160156,221.34738159179688,298.6083984375,227.04345703125,300.34588623046875,219.97439575195312,0,0,
6290,300.7391662597656,218.68869018554688,298.58642578125,224.384765625,300.34588623046875,219.97439575195312,0,0,
6300,299.9481506347656,221.80880737304688,297.79541015625,227.5048828125,300.34588623046875,219.97439575195312,0,0,
6310,301.7279357910156,218.09542846679688,299.5751953125,223.79150390625,300.34588623046875,219.97439575195312,0,0,
6320,300.4974670410156,215.59054565429688,298.3447265625,221.28662109375,300.34588623046875,219.97439575195312,0,0,
6330,300.29833984375,217.809814453125,298.14697265625,223.505859375,300.34588623046875,219.97439575195312,0,0,
6340,300.7158203125,217.941650390625,298.564453125,223.6376953125,300.34588623046875,219.97439575195312,0,0,
6350,298.93603515625,221.171630859375,296.78466796875,226.86767578125,300.34588623046875,219.97439575195312,0,0,
6360,301.96826171875,218.271240234375,299.81689453125,223.96728515625,300.34588623046875,219.97439575195312,0,0,
6370,299.08984375,218.754638671875,296.9384765625,224.45068359375,300.34588623046875,219.97439575195312,0,0,
6380,301.1976318359375,219.80921936035156,299.0478515625,225.50537109375,300.34588623046875,219.97439575195312,0,0,
6390,297.4403076171875,222.16029357910156,295.29052734375,227.8564453125,300.34588623046875,219.97439575195312,0,0,
6400,298.8245849609375,222.59974670410156,296.6748046875,228.2958984375,300.34588623046875,219.97439575195312,0,0,
6410,300.7362060546875,219.58949279785156,298.58642578125,225.28564453125,300.34588623046875,219.97439575195312,0,0,
6420,297.8138427734375,218.20521545410156,295.6640625,223.9013671875,300.34588623046875,219.97439575195312,0,0,
6430,299.65838623046875,219.5677947998047,297.509765625,225.263671875,300.34588623046875,219.97439575195312,0,0,
6440,298.01043701171875,219.9193572998047,295.86181640625,225.615234375,300.34588623046875,219.97439575195312,0,0,
6450,298.99920654296875,219.5018768310547,296.8505859375,225.19775390625,300.34588623046875,219.97439575195312,0,0,
6460,298.16424560546875,216.8871307373047,296.015625,222.5830078125,300.34588623046875,219.97439575195312,0,0,
6470,300.00994873046875,218.6229705810547,297.861328125,224.31884765625,300.34588623046875,219.97439575195312,0,0,
6480,299.96478271484375,223.0389862060547,297.8173828125,228.7353515625,300.34588623046875,219.97439575195312,0,0,
6490,300.18450927734375,217.0624237060547,298.037109375,222.7587890625,300.34588623046875,219.97439575195312,0,0,
6500,300.38226318359375,216.8866424560547,298.23486328125,222.5830078125,300.34588623046875,219.97439575195312,0,0,
6510,301.17327880859375,219.9408416748047,299.02587890625,225.63720703125,300.34588623046875,219.97439575195312,0,0,
6520,302.49163818359375,220.3583221435547,300.34423828125,226.0546875,300.34588623046875,219.97439575195312,0,0,
6530,301.63433837890625,216.8640899658203,299.4873046875,222.56103515625,300.34588623046875,219.97439575195312,0,0,
6540,301.54644775390625,217.8968048095703,299.3994140625,223.59375,300.34588623046875,219.97439575195312,0,0,
6550,300.93121337890625,219.8963165283203,298.7841796875,225.59326171875,300.34588623046875,219.97439575195312,0,0,
6560,299.28326416015625,220.8411407470703,297.13623046875,226.5380859375,300.34588623046875,219.97439575195312,0,0,
6570,298.07476806640625,217.2815704345703,295.927734375,222.978515625,300.34588623046875,219.97439575195312,0,0,
6580,301.8531494140625,219.8512725830078,299.70703125,225.54931640625,300.34588623046875,219.97439575195312,0,0,
6590,298.6671142578125,217.9835968017578,296.52099609375,223.681640625,300.34588623046875,219.97439575195312,0,0,
6600,300.6666259765625,216.8410186767578,298.5205078125,222.5390625,300.34588623046875,219.97439575195312,0,0,
6610,301.0621337890625,217.7638702392578,298.916015625,223.4619140625,300.34588623046875,219.97439575195312,0,0,
6620,298.5792236328125,218.2033233642578,296.43310546875,223.9013671875,300.34588623046875,219.97439575195312,0,0,
6630,302.203857421875,218.70716857910156,300.05859375,224.40673828125,300.34588623046875,219.97439575195312,0,0,
6640,301.434814453125,221.05824279785156,299.28955078125,226.7578125,300.34588623046875,219.97439575195312,0,0,
6650,301.105224609375,218.79505920410156,298.9599609375,224.49462890625,300.34588623046875,219.97439575195312,0,0,
6660,302.357666015625,218.61927795410156,300.21240234375,224.31884765625,300.34588623046875,219.97439575195312,0,0,
6670,301.962158203125,217.32289123535156,299.81689453125,223.0224609375,300.34588623046875,219.97439575195312,0,0,
6680,300.37884521484375,218.0918426513672,298.23486328125,223.79150390625,300.34588623046875,219.97439575195312,0,0,
6690,298.70892333984375,215.3892059326172,296.56494140625,221.0888671875,300.34588623046875,219.97439575195312,0,0,
6700,300.88421630859375,216.3779754638672,298.740234375,222.07763671875,300.34588623046875,219.97439575195312,0,0,
6710,298.07171630859375,216.6416473388672,295.927734375,222.34130859375,300.34588623046875,219.97439575195312,0,0,
6720,298.33538818359375,218.6851043701172,296.19140625,224.384765625,300.34588623046875,219.97439575195312,0,0,
6730,298.796142578125,214.44383239746094,296.65283203125,220.14404296875,300.34588623046875,219.97439575195312,0,0,
6740,299.433349609375,217.58592224121094,297.2900390625,223.2861328125,300.34588623046875,219.97439575195312,0,0,
6750,300.224365234375,220.53025817871094,298.0810546875,226.23046875,300.34588623046875,219.97439575195312,0,0,
6760,300.158447265625,222.11228942871094,298.01513671875,227.8125,300.34588623046875,219.97439575195312,0,0,
6770,297.829345703125,219.98094177246094,295.68603515625,225.68115234375,300.34588623046875,219.97439575195312,0,0,
6780,299.9385681152344,219.32118225097656,297.79541015625,225.02197265625,300.34588623046875,219.97439575195312,0,0,
6790,301.3448181152344,218.13465881347656,299.20166015625,223.83544921875,300.34588623046875,219.97439575195312,0,0,
6800,301.7622985839844,219.89247131347656,299.619140625,225.59326171875,300.34588623046875,219.97439575195312,0,0,
6810,301.5205993652344,221.45252990722656,299.37744140625,227.1533203125,300.34588623046875,219.97439575195312,0,0,
6820,299.9605407714844,217.16786193847656,297.8173828125,222.86865234375,300.34588623046875,219.97439575195312,0,0,
6830,300.773681640625,217.47470092773438,298.63037109375,223.17626953125,300.34588623046875,219.97439575195312,0,0,
6840,298.290771484375,220.55087280273438,296.1474609375,226.25244140625,300.34588623046875,219.97439575195312,0,0,
6850,298.818115234375,217.62850952148438,296.6748046875,223.330078125,300.34588623046875,219.97439575195312,0,0,
6860,301.257080078125,218.50741577148438,299.11376953125,224.208984375,300.34588623046875,219.97439575195312,0,0,
6870,301.191162109375,218.39755249023438,299.0478515625,224.09912109375,300.34588623046875,219.97439575195312,0,0,
6880,301.4547119140625,219.4303436279297,299.3115234375,225.1318359375,300.34588623046875,219.97439575195312,0,0,
6890,299.2794189453125,222.5284881591797,297.13623046875,228.22998046875,300.34588623046875,219.97439575195312,0,0,
6900,302.1798095703125,216.7496795654297,300.03662109375,222.451171875,300.34588623046875,219.97439575195312,0,0,
6910,299.5211181640625,217.9581756591797,297.3779296875,223.65966796875,300.34588623046875,219.97439575195312,0,0,
6920,299.2574462890625,220.3751678466797,297.1142578125,226.07666015625,300.34588623046875,219.97439575195312,0,0,
6930,299.30218505859375,216.5070343017578,297.158203125,222.20947265625,300.34588623046875,219.97439575195312,0,0,
6940,299.19232177734375,220.9235382080078,297.04833984375,226.6259765625,300.34588623046875,219.97439575195312,0,0,
6950,300.77435302734375,217.2321319580078,298.63037109375,222.9345703125,300.34588623046875,219.97439575195312,0,0,
6960,299.82952880859375,218.6603546142578,297.685546875,224.36279296875,300.34588623046875,219.97439575195312,0,0,
6970,301.98284912109375,221.4948272705078,299.8388671875,227.197265625,300.34588623046875,219.97439575195312,0,0,
6980,300.3578186035156,219.9335174560547,298.212890625,225.63720703125,300.34588623046875,219.97439575195312,0,0,
6990,298.6219787597656,219.9335174560547,296.47705078125,225.63720703125,300.34588623046875,219.97439575195312,0,0,
7000,300.4676818847656,217.2967987060547,298.32275390625,223.00048828125,300.34588623046875,219.97439575195312,0,0,
7010,298.2484436035156,219.2963104248047,296.103515625,225.0,300.34588623046875,219.97439575195312,0,0,
7020,298.4461975097656,218.8568572998047,296.30126953125,224.560546875,300.34588623046875,219.97439575195312,0,0,
7030,300.07318115234375,217.0089874267578,297.92724609375,222.71484375,300.34588623046875,219.97439575195312,0,0,
7040,300.66644287109375,217.1627960205078,298.5205078125,222.86865234375,300.34588623046875,219.97439575195312,0,0,
7050,301.28167724609375,216.1740264892578,299.1357421875,221.8798828125,300.34588623046875,219.97439575195312,0,0,
7060,298.35931396484375,220.7223663330078,296.21337890625,226.42822265625,300.34588623046875,219.97439575195312,0,0,
7070,299.80950927734375,218.9206085205078,297.66357421875,224.62646484375,300.34588623046875,219.97439575195312,0,0,
7080,301.7665710449219,220.56686401367188,299.619140625,226.2744140625,300.34588623046875,219.97439575195312,0,0,
7090,299.9648132324219,219.38034057617188,297.8173828125,225.087890625,300.34588623046875,219.97439575195312,0,0,
7100,300.1625671386719,219.09469604492188,298.01513671875,224.80224609375,300.34588623046875,219.97439575195312,0,0,
7110,298.2289733886719,218.23776245117188,296.08154296875,223.9453125,300.34588623046875,219.97439575195312,0,0,
7120,301.0414733886719,216.96334838867188,298.89404296875,222.6708984375,300.34588623046875,219.97439575195312,0,0,
7130,300.69091796875,220.83126831054688,298.54248046875,226.5380859375,300.34588623046875,219.97439575195312,0,0,
7140,297.197265625,216.81027221679688,295.048828125,222.51708984375,300.34588623046875,219.97439575195312,0,0,
7150,298.49365234375,221.11691284179688,296.34521484375,226.82373046875,300.34588623046875,219.97439575195312,0,0,
7160,301.04248046875,221.66622924804688,298.89404296875,227.373046875,300.34588623046875,219.97439575195312,0,0,
7170,297.900390625,217.46945190429688,295.751953125,223.17626953125,300.34588623046875,219.97439575195312,0,0,
7180,300.7799377441406,219.382080078125,298.63037109375,225.087890625,300.34588623046875,219.97439575195312,0,0,
7190,300.7140197753906,220.173095703125,298.564453125,225.87890625,300.34588623046875,219.97439575195312,0,0,
7200,299.4615783691406,222.502197265625,297.31201171875,228.2080078125,300.34588623046875,219.97439575195312,0,0,
7210,301.9444885253906,219.777587890625,299.794921875,225.4833984375,300.34588623046875,219.97439575195312,0,0,
7220,299.7911682128906,221.293701171875,297.6416015625,226.99951171875,300.34588623046875,219.97439575195312,0,0,
7230,300.6922607421875,218.83389282226562,298.54248046875,224.53857421875,300.34588623046875,219.97439575195312,0,0,
7240,301.2855224609375,222.12979125976562,299.1357421875,227.83447265625,300.34588623046875,219.97439575195312,0,0,
7250,301.8787841796875,219.75674438476562,299.72900390625,225.46142578125,300.34588623046875,219.97439575195312,0,0,
7260,300.2967529296875,220.94326782226562,298.14697265625,226.64794921875,300.34588623046875,219.97439575195312,0,0,
7270,300.4725341796875,219.27334594726562,298.32275390625,224.97802734375,300.34588623046875,219.97439575195312,0,0,
7280,300.8896484375,219.69126892089844,298.740234375,225.3955078125,300.34588623046875,219.97439575195312,0,0,
7290,298.93408203125,222.65757751464844,296.78466796875,228.36181640625,300.34588623046875,219.97439575195312,0,0,
7300,300.56005859375,218.28501892089844,298.41064453125,223.9892578125,300.34588623046875,219.97439575195312,0,0,
7310,300.4501953125,218.41685485839844,298.30078125,224.12109375,300.34588623046875,219.97439575195312,0,0,
7320,302.09814453125,218.52671813964844,299.94873046875,224.23095703125,300.34588623046875,219.97439575195312,0,0,
7330,298.9779052734375,220.92196655273438,296.82861328125,226.6259765625,300.34588623046875,219.97439575195312,0,0,
7340,301.6585693359375,218.63681030273438,299.50927734375,224.3408203125,300.34588623046875,219.97439575195312,0,0,
7350,300.7796630859375,220.54843139648438,298.63037109375,226.25244140625,300.34588623046875,219.97439575195312,0,0,
7360,301.2850341796875,217.84579467773438,299.1357421875,223.5498046875,300.34588623046875,219.97439575195312,0,0,
7370,300.6478271484375,217.51620483398438,298.49853515625,223.22021484375,300.34588623046875,219.97439575195312,0,0,
7380,300.20733642578125,216.57077026367188,298.05908203125,222.275390625,300.34588623046875,219.97439575195312,0,0,
7390,300.84454345703125,220.35006713867188,298.6962890625,226.0546875,300.34588623046875,219.97439575195312,0,0,
7400,301.37188720703125,221.27291870117188,299.2236328125,226.9775390625,300.34588623046875,219.97439575195312,0,0,
7410,301.39385986328125,220.50387573242188,299.24560546875,226.20849609375,300.34588623046875,219.97439575195312,0,0,
7420,298.66925048828125,223.38229370117188,296.52099609375,229.0869140625,300.34588623046875,219.97439575195312,0,0,
7430,300.2723693847656,223.3592529296875,298.125,229.06494140625,300.34588623046875,219.97439575195312,0,0,
7440,298.2508850097656,219.8656005859375,296.103515625,225.5712890625,300.34588623046875,219.97439575195312,0,0,
7450,298.8002014160156,218.0638427734375,296.65283203125,223.76953125,300.34588623046875,219.97439575195312,0,0,
7460,300.2503967285156,220.2830810546875,298.10302734375,225.98876953125,300.34588623046875,219.97439575195312,0,0,
7470,301.3929748535156,219.9095458984375,299.24560546875,225.615234375,300.34588623046875,219.97439575195312,0,0,
7480,298.82183837890625,219.84353637695312,296.6748046875,225.54931640625,300.34588623046875,219.97439575195312,0,0,
7490,297.67926025390625,219.44802856445312,295.5322265625,225.15380859375,300.34588623046875,219.97439575195312,0,0,
7500,299.87652587890625,218.63504028320312,297.7294921875,224.3408203125,300.34588623046875,219.97439575195312,0,0,
7510,299.28326416015625,218.19558715820312,297.13623046875,223.9013671875,300.34588623046875,219.97439575195312,0,0,
7520,298.88775634765625,219.29421997070312,296.74072265625,225.0,300.34588623046875,219.97439575195312,0,0,
7530,299.3256530761719,222.12777709960938,297.18017578125,227.83447265625,300.34588623046875,219.97439575195312,0,0,
7540,300.3144226074219,215.66781616210938,298.1689453125,221.37451171875,300.34588623046875,219.97439575195312,0,0,
7550,300.6000671386719,219.38119506835938,298.45458984375,225.087890625,300.34588623046875,219.97439575195312,0,0,
7560,302.1601257324219,218.87582397460938,300.0146484375,224.58251953125,300.34588623046875,219.97439575195312,0,0,
7570,300.7538757324219,217.73324584960938,298.6083984375,223.43994140625,300.34588623046875,219.97439575195312,0,0,
7580,300.4228210449219,220.6326904296875,298.27880859375,226.34033203125,300.34588623046875,219.97439575195312,0,0,
7590,297.4565124511719,221.2039794921875,295.3125,226.91162109375,300.34588623046875,219.97439575195312,0,0,
7600,296.5995788574219,216.8533935546875,294.45556640625,222.56103515625,300.34588623046875,219.97439575195312,0,0,
7610,298.3354187011719,219.2923583984375,296.19140625,225.0,300.34588623046875,219.97439575195312,0,0,
7620,298.8847351074219,219.9515380859375,296.74072265625,225.6591796875,300.34588623046875,219.97439575195312,0,0,
7630,299.894775390625,219.7519073486328,297.75146484375,225.46142578125,300.34588623046875,219.97439575195312,0,0,
7640,299.938720703125,218.1259307861328,297.79541015625,223.83544921875,300.34588623046875,219.97439575195312,0,0,
7650,298.158935546875,215.9506378173828,296.015625,221.66015625,300.34588623046875,219.97439575195312,0,0,
7660,297.148193359375,218.9389190673828,295.0048828125,224.6484375,300.34588623046875,219.97439575195312,0,0,
7670,299.828857421875,215.9506378173828,297.685546875,221.66015625,300.34588623046875,219.97439575195312,0,0,
7680,299.87176513671875,220.67311096191406,297.7294921875,226.38427734375,300.34588623046875,219.97439575195312,0,0,
7690,298.66326904296875,215.48756408691406,296.52099609375,221.19873046875,300.34588623046875,219.97439575195312,0,0,
7700,300.00360107421875,219.31080627441406,297.861328125,225.02197265625,300.34588623046875,219.97439575195312,0,0,
7710,297.65252685546875,215.66334533691406,295.51025390625,221.37451171875,300.34588623046875,219.97439575195312,0,0,
7720,298.26776123046875,218.91529846191406,296.12548828125,224.62646484375,300.34588623046875,219.97439575195312,0,0,
7730,300.77203369140625,215.6631622314453,298.63037109375,221.37451171875,300.34588623046875,219.97439575195312,0,0,
7740,303.12310791015625,218.9590606689453,300.9814453125,224.67041015625,300.34588623046875,219.97439575195312,0,0,
7750,300.61822509765625,221.6836700439453,298.4765625,227.39501953125,300.34588623046875,219.97439575195312,0,0,
7760,301.40924072265625,219.8599395751953,299.267578125,225.5712890625,300.34588623046875,219.97439575195312,0,0,
7770,298.37701416015625,219.8379669189453,296.2353515625,225.54931640625,300.34588623046875,219.97439575195312,0,0,
7780,297.1676940917969,216.21253967285156,295.02685546875,221.923828125,300.34588623046875,219.97439575195312,0,0,
7790,299.9362487792969,221.72767639160156,297.79541015625,227.43896484375,300.34588623046875,219.97439575195312,0,0,
7800,298.0246276855469,219.37660217285156,295.8837890625,225.087890625,300.34588623046875,219.97439575195312,0,0,
7810,299.7165222167969,221.33216857910156,297.57568359375,227.04345703125,300.34588623046875,219.97439575195312,0,0,
7820,298.7277526855469,222.01332092285156,296.5869140625,227.724609375,300.34588623046875,219.97439575195312,0,0,
7830,297.5393981933594,219.46408081054688,295.400390625,225.17578125,300.34588623046875,219.97439575195312,0,0,
7840,300.0003356933594,221.44161987304688,297.861328125,227.1533203125,300.34588623046875,219.97439575195312,0,0,
7850,299.1434020996094,217.44259643554688,297.00439453125,223.154296875,300.34588623046875,219.97439575195312,0,0,
7860,299.0115661621094,218.65109252929688,296.87255859375,224.36279296875,300.34588623046875,219.97439575195312,0,0,
7870,300.2420349121094,221.11203002929688,298.10302734375,226.82373046875,300.34588623046875,219.97439575195312,0,0,
7880,299.69293212890625,223.26632690429688,297.5537109375,228.97705078125,300.34588623046875,219.97439575195312,0,0,
7890,297.93511962890625,215.40011596679688,295.7958984375,221.11083984375,300.34588623046875,219.97439575195312,0,0,
7900,301.23101806640625,219.99240112304688,299.091796875,225.703125,300.34588623046875,219.97439575195312,0,0,
7910,297.42974853515625,219.70675659179688,295.29052734375,225.41748046875,300.34588623046875,219.97439575195312,0,0,
7920,300.96734619140625,221.33273315429688,298.828125,227.04345703125,300.34588623046875,219.97439575195312,0,0,
7930,298.9007263183594,219.29058837890625,296.7626953125,225.0,300.34588623046875,219.97439575195312,0,0,
7940,295.5169372558594,216.25836181640625,293.37890625,221.9677734375,300.34588623046875,219.97439575195312,0,0,
7950,299.2083435058594,219.44439697265625,297.0703125,225.15380859375,300.34588623046875,219.97439575195312,0,0,
7960,301.1419372558594,221.44390869140625,299.00390625,227.1533203125,300.34588623046875,219.97439575195312,0,0,
7970,301.4934997558594,218.32379150390625,299.35546875,224.033203125,300.34588623046875,219.97439575195312,0,0,
7980,300.04266357421875,219.3789520263672,297.9052734375,225.087890625,300.34588623046875,219.97439575195312,0,0,
7990,301.11932373046875,217.3354949951172,298.98193359375,223.04443359375,300.34588623046875,219.97439575195312,0,0,
8000,300.65789794921875,219.2910614013672,298.5205078125,225.0,300.34588623046875,219.97439575195312,0,0,
8010,300.28436279296875,218.3682098388672,298.14697265625,224.0771484375,300.34588623046875,219.97439575195312,0,0,
8020,297.75750732421875,216.5664520263672,295.6201171875,222.275390625,300.34588623046875,219.97439575195312,0,0,
8030,301.5364990234375,219.2040252685547,299.3994140625,224.912109375,300.34588623046875,219.97439575195312,0,0,
8040,301.5804443359375,218.2372283935547,299.443359375,223.9453125,300.34588623046875,219.97439575195312,0,0,
8050,299.6029052734375,217.7758026123047,297.4658203125,223.48388671875,300.34588623046875,219.97439575195312,0,0,
8060,301.0091552734375,220.4125213623047,298.8720703125,226.12060546875,300.34588623046875,219.97439575195312,0,0,
8070,301.9539794921875,219.0941619873047,299.81689453125,224.80224609375,300.34588623046875,219.97439575195312,0,0,
8080,302.4376525878906,218.14894104003906,300.30029296875,223.857421875,300.34588623046875,219.97439575195312,0,0,
8090,304.2174377441406,218.12696838378906,302.080078125,223.83544921875,300.34588623046875,219.97439575195312,0,0,
8100,300.6798400878906,217.81935119628906,298.54248046875,223.52783203125,300.34588623046875,219.97439575195312,0,0,
8110,299.6690979003906,220.14845275878906,297.53173828125,225.85693359375,300.34588623046875,219.97439575195312,0,0,
8120,300.0426330566406,219.81886291503906,297.9052734375,225.52734375,300.34588623046875,219.97439575195312,0,0,
8130,300.8562927246094,219.92874145507812,298.71826171875,225.63720703125,300.34588623046875,219.97439575195312,0,0,
8140,298.1976013183594,220.41213989257812,296.0595703125,226.12060546875,300.34588623046875,219.97439575195312,0,0,
8150,298.6150817871094,223.62014770507812,296.47705078125,229.32861328125,300.34588623046875,219.97439575195312,0,0,
8160,298.5491638183594,219.97268676757812,296.4111328125,225.68115234375,300.34588623046875,219.97439575195312,0,0,
8170,301.1419372558594,220.54397583007812,299.00390625,226.25244140625,300.34588623046875,219.97439575195312,0,0,
8180,298.30718994140625,221.46722412109375,296.16943359375,227.17529296875,300.34588623046875,219.97439575195312,0,0,
8190,300.37261962890625,220.45648193359375,298.23486328125,226.16455078125,300.34588623046875,219.97439575195312,0,0,
8200,298.98834228515625,218.98431396484375,296.8505859375,224.6923828125,300.34588623046875,219.97439575195312,0,0,
8210,299.60357666015625,219.90716552734375,297.4658203125,225.615234375,300.34588623046875,219.97439575195312,0,0,
8220,301.18560791015625,219.26995849609375,299.0478515625,224.97802734375,300.34588623046875,219.97439575195312,0,0,
8230,300.263671875,221.29212951660156,298.125,226.99951171875,300.34588623046875,219.97439575195312,0,0,
8240,299.89013671875,223.02796936035156,297.75146484375,228.7353515625,300.34588623046875,219.97439575195312,0,0,
8250,298.00048828125,217.90834045410156,295.86181640625,223.61572265625,300.34588623046875,219.97439575195312,0,0,
8260,297.86865234375,221.11634826660156,295.72998046875,226.82373046875,300.34588623046875,219.97439575195312,0,0,
8270,298.8134765625,219.51234436035156,296.6748046875,225.2197265625,300.34588623046875,219.97439575195312,0,0,
8280,299.67059326171875,218.61416625976562,297.53173828125,224.31884765625,300.34588623046875,219.97439575195312,0,0,
8290,300.83514404296875,219.16348266601562,298.6962890625,224.8681640625,300.34588623046875,219.97439575195312,0,0,
8300,299.31903076171875,223.36026000976562,297.18017578125,229.06494140625,300.34588623046875,219.97439575195312,0,0,
8310,299.91229248046875,217.84512329101562,297.7734375,223.5498046875,300.34588623046875,219.97439575195312,0,0,
8320,301.82391357421875,219.16348266601562,299.68505859375,224.8681640625,300.34588623046875,219.97439575195312,0,0,
8330,301.7140808105469,222.52586364746094,299.5751953125,228.22998046875,300.34588623046875,219.97439575195312,0,0,
8340,300.0881042480469,220.72410583496094,297.94921875,226.42822265625,300.34588623046875,219.97439575195312,0,0,
8350,297.4953308105469,220.63621520996094,295.3564453125,226.34033203125,300.34588623046875,219.97439575195312,0,0,
8360,297.5392761230469,219.99900817871094,295.400390625,225.703125,300.34588623046875,219.97439575195312,0,0,
8370,300.2858581542969,219.18601989746094,298.14697265625,224.89013671875,300.34588623046875,219.97439575195312,0,0,
8380,298.0253601074219,216.79287719726562,295.8837890625,222.4951171875,300.34588623046875,219.97439575195312,0,0,
8390,297.6298522949219,221.25332641601562,295.48828125,226.95556640625,300.34588623046875,219.97439575195312,0,0,
8400,298.5746765136719,222.22012329101562,296.43310546875,227.92236328125,300.34588623046875,219.97439575195312,0,0,
8410,295.0151062011719,218.63858032226562,292.87353515625,224.3408203125,300.34588623046875,219.97439575195312,0,0,
8420,300.3105163574219,221.09951782226562,298.1689453125,226.8017578125,300.34588623046875,219.97439575195312,0,0,
8430,297.45428466796875,215.45462036132812,295.3125,221.15478515625,300.34588623046875,219.97439575195312,0,0,
8440,300.31072998046875,219.71731567382812,298.1689453125,225.41748046875,300.34588623046875,219.97439575195312,0,0,
8450,297.12469482421875,218.83840942382812,294.98291015625,224.53857421875,300.34588623046875,219.97439575195312,0,0,
8460,300.17889404296875,219.05813598632812,298.037109375,224.75830078125,300.34588623046875,219.97439575195312,0,0,
8470,297.58612060546875,218.97024536132812,295.4443359375,224.67041015625,300.34588623046875,219.97439575195312,0,0,
8480,298.9927062988281,217.30319213867188,296.8505859375,223.00048828125,300.34588623046875,219.97439575195312,0,0,
8490,299.4101867675781,216.31442260742188,297.26806640625,222.01171875,300.34588623046875,219.97439575195312,0,0,
8500,299.8496398925781,219.83004760742188,297.70751953125,225.52734375,300.34588623046875,219.97439575195312,0,0,
8510,300.8603820800781,220.95065307617188,298.71826171875,226.64794921875,300.34588623046875,219.97439575195312,0,0,
8520,300.3769836425781,218.79733276367188,298.23486328125,224.49462890625,300.34588623046875,219.97439575195312,0,0,
8530,300.92730712890625,218.228271484375,298.7841796875,223.92333984375,300.34588623046875,219.97439575195312,0,0,
8540,298.75201416015625,219.766357421875,296.60888671875,225.46142578125,300.34588623046875,219.97439575195312,0,0,
8550,300.11431884765625,218.513916015625,297.97119140625,224.208984375,300.34588623046875,219.97439575195312,0,0,
8560,297.36773681640625,222.007568359375,295.224609375,227.70263671875,300.34588623046875,219.97439575195312,0,0,
8570,299.32330322265625,218.294189453125,297.18017578125,223.9892578125,300.34588623046875,219.97439575195312,0,0,
8580,300.8829040527344,222.5135498046875,298.740234375,228.2080078125,300.34588623046875,219.97439575195312,0,0,
8590,297.1914978027344,214.2078857421875,295.048828125,219.90234375,300.34588623046875,219.97439575195312,0,0,
8600,300.7071228027344,219.3275146484375,298.564453125,225.02197265625,300.34588623046875,219.97439575195312,0,0,
8610,300.4654235839844,215.8118896484375,298.32275390625,221.50634765625,300.34588623046875,219.97439575195312,0,0,
8620,299.5645446777344,215.7239990234375,297.421875,221.41845703125,300.34588623046875,219.97439575195312,0,0,
8630,299.1255798339844,217.91981506347656,296.982421875,223.61572265625,300.34588623046875,219.97439575195312,0,0,
8640,302.3995056152344,222.16053771972656,300.25634765625,227.8564453125,300.34588623046875,219.97439575195312,0,0,
8650,298.9497985839844,221.43544006347656,296.806640625,227.13134765625,300.34588623046875,219.97439575195312,0,0,
8660,298.1148376464844,219.39198303222656,295.9716796875,225.087890625,300.34588623046875,219.97439575195312,0,0,
8670,299.8946228027344,218.73280334472656,297.75146484375,224.4287109375,300.34588623046875,219.97439575195312,0,0,
8680,300.7309875488281,217.32505798339844,298.58642578125,223.0224609375,300.34588623046875,219.97439575195312,0,0,
8690,299.8081359863281,218.92906188964844,297.66357421875,224.62646484375,300.34588623046875,219.97439575195312,0,0,
8700,299.6982727050781,219.08287048339844,297.5537109375,224.7802734375,300.34588623046875,219.97439575195312,0,0,
8710,301.1704406738281,217.76451110839844,299.02587890625,223.4619140625,300.34588623046875,219.97439575195312,0,0,
8720,302.0054016113281,218.22593688964844,299.86083984375,223.92333984375,300.34588623046875,219.97439575195312,0,0,
8730,299.5015869140625,218.04933166503906,297.35595703125,223.74755859375,300.34588623046875,219.97439575195312,0,0,
8740,301.0396728515625,220.18067932128906,298.89404296875,225.87890625,300.34588623046875,219.97439575195312,0,0,
8750,302.4019775390625,219.54347229003906,300.25634765625,225.24169921875,300.34588623046875,219.97439575195312,0,0,
8760,301.6549072265625,219.25782775878906,299.50927734375,224.9560546875,300.34588623046875,219.97439575195312,0,0,
8770,296.8209228515625,218.97218322753906,294.67529296875,224.67041015625,300.34588623046875,219.97439575195312,0,0,
8780,299.9632873535156,219.3245086669922,297.8173828125,225.02197265625,300.34588623046875,219.97439575195312,0,0,
8790,299.1722717285156,220.4011688232422,297.0263671875,226.0986328125,300.34588623046875,219.97439575195312,0,0,
8800,300.9740295410156,219.4343719482422,298.828125,225.1318359375,300.34588623046875,219.97439575195312,0,0,
8810,300.0731506347656,219.1926727294922,297.92724609375,224.89013671875,300.34588623046875,219.97439575195312,0,0,
8820,299.8973693847656,219.9617156982422,297.75146484375,225.6591796875,300.34588623046875,219.97439575195312,0,0,
8830,298.2950439453125,221.14947509765625,296.1474609375,226.845703125,300.34588623046875,219.97439575195312,0,0,
8840,298.3829345703125,217.91949462890625,296.2353515625,223.61572265625,300.34588623046875,219.97439575195312,0,0,
8850,298.6466064453125,220.55621337890625,296.4990234375,226.25244140625,300.34588623046875,219.97439575195312,0,0,
8860,298.5367431640625,222.00640869140625,296.38916015625,227.70263671875,300.34588623046875,219.97439575195312,0,0,
8870,298.8443603515625,218.55670166015625,296.69677734375,224.2529296875,300.34588623046875,219.97439575195312,0,0,
8880,299.3489685058594,217.3706512451172,297.2021484375,223.06640625,300.34588623046875,219.97439575195312,0,0,
8890,298.1844177246094,216.6675262451172,296.03759765625,222.36328125,300.34588623046875,219.97439575195312,0,0,
8900,299.7005310058594,217.5464324951172,297.5537109375,223.2421875,300.34588623046875,219.97439575195312,0,0,
8910,299.9202575683594,215.4590301513672,297.7734375,221.15478515625,300.34588623046875,219.97439575195312,0,0,
8920,299.1731872558594,220.3149871826172,297.0263671875,226.0107421875,300.34588623046875,219.97439575195312,0,0,
8930,297.98541259765625,218.47164916992188,295.83984375,224.1650390625,300.34588623046875,219.97439575195312,0,0,
8940,299.56744384765625,218.07614135742188,297.421875,223.76953125,300.34588623046875,219.97439575195312,0,0,
8950,299.06207275390625,219.48239135742188,296.91650390625,225.17578125,300.34588623046875,219.97439575195312,0,0,
8960,299.21588134765625,221.37203979492188,297.0703125,227.0654296875,300.34588623046875,219.97439575195312,0,0,
8970,297.37017822265625,220.29537963867188,295.224609375,225.98876953125,300.34588623046875,219.97439575195312,0,0,
8980,300.6432189941406,219.72630310058594,298.49853515625,225.41748046875,300.34588623046875,219.97439575195312,0,0,
8990,299.9620666503906,215.70530700683594,297.8173828125,221.396484375,300.34588623046875,219.97439575195312,0,0,
9000,300.1817932128906,221.28636169433594,298.037109375,226.9775390625,299.80255126953125,219.15432739257812,0,0,
9010,296.9298400878906,217.94651794433594,294.78515625,223.6376953125,299.80255126953125,219.15432739257812,0,0,
9020,298.3360900878906,219.68235778808594,296.19140625,225.37353515625,299.80255126953125,219.15432739257812,0,0,
9030,299.25927734375,216.36703491210938,297.1142578125,222.0556640625,299.80255126953125,219.15432739257812,0,0,
9040,300.70947265625,219.02572631835938,298.564453125,224.71435546875,299.80255126953125,219.15432739257812,0,0,
9050,300.6435546875,218.89389038085938,298.49853515625,224.58251953125,299.80255126953125,219.15432739257812,0,0,
9060,302.8408203125,218.36654663085938,300.69580078125,224.05517578125,299.80255126953125,219.15432739257812,0,0,
9070,298.4462890625,218.34457397460938,296.30126953125,224.033203125,299.80255126953125,219.15432739257812,0,0,
9080,301.27984619140625,222.4113311767578,299.1357421875,228.09814453125,299.80255126953125,219.15432739257812,0,0,
9090,299.32427978515625,221.5324249267578,297.18017578125,227.21923828125,299.80255126953125,219.15432739257812,0,0,
9100,300.24713134765625,217.6432647705078,298.10302734375,223.330078125,299.80255126953125,219.15432739257812,0,0,
9110,299.89556884765625,216.9621124267578,297.75146484375,222.64892578125,299.80255126953125,219.15432739257812,0,0,
9120,299.60992431640625,216.8302764892578,297.4658203125,222.51708984375,299.80255126953125,219.15432739257812,0,0,
9130,298.8172607421875,217.1394805908203,296.6748046875,222.82470703125,299.80255126953125,219.15432739257812,0,0,
9140,299.7181396484375,218.0403594970703,297.57568359375,223.7255859375,299.80255126953125,219.15432739257812,0,0,
9150,298.7073974609375,222.3030548095703,296.56494140625,227.98828125,299.80255126953125,219.15432739257812,0,0,
9160,300.1795654296875,217.6448516845703,298.037109375,223.330078125,299.80255126953125,219.15432739257812,0,0,
9170,299.3446044921875,219.8201446533203,297.2021484375,225.50537109375,299.80255126953125,219.15432739257812,0,0,
9180,298.46563720703125,220.0630340576172,296.3232421875,225.7470703125,299.80255126953125,219.15432739257812,0,0,
9190,300.53106689453125,218.1514129638672,298.388671875,223.83544921875,299.80255126953125,219.15432739257812,0,0,
9200,301.95928955078125,220.2607879638672,299.81689453125,225.94482421875,299.80255126953125,219.15432739257812,0,0,
9210,301.25616455078125,220.3267059326172,299.11376953125,226.0107421875,299.80255126953125,219.15432739257812,0,0,
9220,300.06964111328125,217.5581512451172,297.92724609375,223.2421875,299.80255126953125,219.15432739257812,0,0,
9230,301.079833984375,218.9208984375,298.93798828125,224.6044921875,299.80255126953125,219.15432739257812,0,0,
9240,300.354736328125,218.02001953125,298.212890625,223.70361328125,299.80255126953125,219.15432739257812,0,0,
9250,299.497802734375,217.6025390625,297.35595703125,223.2861328125,299.80255126953125,219.15432739257812,0,0,
9260,300.398681640625,215.009765625,298.2568359375,220.693359375,299.80255126953125,219.15432739257812,0,0,
9270,300.113037109375,218.701171875,297.97119140625,224.384765625,299.80255126953125,219.15432739257812,0,0,
9280,299.2118225097656,222.01914978027344,297.0703125,227.70263671875,299.80255126953125,219.15432739257812,0,0,
9290,299.5414123535156,219.42637634277344,297.39990234375,225.10986328125,299.80255126953125,219.15432739257812,0,0,
9300,300.1566467285156,219.11875915527344,298.01513671875,224.80224609375,299.80255126953125,219.15432739257812,0,0,
9310,300.2665100097656,223.02989196777344,298.125,228.71337890625,299.80255126953125,219.15432739257812,0,0,
9320,302.7933654785156,220.76670837402344,300.65185546875,226.4501953125,299.80255126953125,219.15432739257812,0,0,
9330,299.5182800292969,220.76873779296875,297.3779296875,226.4501953125,299.80255126953125,219.15432739257812,0,0,
9340,302.0231628417969,217.36297607421875,299.8828125,223.04443359375,299.80255126953125,219.15432739257812,0,0,
9350,298.1999206542969,217.56072998046875,296.0595703125,223.2421875,299.80255126953125,219.15432739257812,0,0,
9360,300.4631042480469,218.85711669921875,298.32275390625,224.53857421875,299.80255126953125,219.15432739257812,0,0,
9370,299.4084167480469,215.86883544921875,297.26806640625,221.55029296875,299.80255126953125,219.15432739257812,0,0,
9380,300.0452880859375,219.27682495117188,297.9052734375,224.9560546875,299.80255126953125,219.15432739257812,0,0,
9390,298.9906005859375,219.43063354492188,296.8505859375,225.10986328125,299.80255126953125,219.15432739257812,0,0,
9400,297.3206787109375,220.66110229492188,295.1806640625,226.34033203125,299.80255126953125,219.15432739257812,0,0,
9410,301.0120849609375,220.24362182617188,298.8720703125,225.9228515625,299.80255126953125,219.15432739257812,0,0,
9420,299.3201904296875,219.12301635742188,297.18017578125,224.80224609375,299.80255126953125,219.15432739257812,0,0,
9430,299.56103515625,220.33340454101562,297.421875,226.0107421875,299.80255126953125,219.15432739257812,0,0,
9440,298.1767578125,216.26846313476562,296.03759765625,221.94580078125,299.80255126953125,219.15432739257812,0,0,
9450,296.88037109375,216.77383422851562,294.7412109375,222.451171875,299.80255126953125,219.15432739257812,0,0,
9460,298.46240234375,216.94961547851562,296.3232421875,222.626953125,299.80255126953125,219.15432739257812,0,0,
9470,299.099609375,215.65322875976562,296.96044921875,221.33056640625,299.80255126953125,219.15432739257812,0,0,
9480,299.23004150390625,216.9059600830078,297.09228515625,222.5830078125,299.80255126953125,219.15432739257812,0,0,
9490,299.23004150390625,217.8288116455078,297.09228515625,223.505859375,299.80255126953125,219.15432739257812,0,0,
9500,298.28521728515625,217.8288116455078,296.1474609375,223.505859375,299.80255126953125,219.15432739257812,0,0,
9510,297.20855712890625,216.6203155517578,295.07080078125,222.29736328125,299.80255126953125,219.15432739257812,0,0,
9520,297.53814697265625,217.5871124267578,295.400390625,223.26416015625,299.80255126953125,219.15432739257812,0,0,
9530,300.416015625,219.3459014892578,298.27880859375,225.02197265625,299.80255126953125,219.15432739257812,0,0,
9540,298.21875,217.2145538330078,296.08154296875,222.890625,299.80255126953125,219.15432739257812,0,0,
9550,299.25146484375,217.4562530517578,297.1142578125,223.13232421875,299.80255126953125,219.15432739257812,0,0,
9560,300.26220703125,221.4113311767578,298.125,227.08740234375,299.80255126953125,219.15432739257812,0,0,
9570,297.427734375,216.3576202392578,295.29052734375,222.03369140625,299.80255126953125,219.15432739257812,0,0,
9580,302.2168884277344,217.3912811279297,300.08056640625,223.06640625,299.80255126953125,219.15432739257812,0,0,
9590,299.4922790527344,219.5885467529297,297.35595703125,225.263671875,299.80255126953125,219.15432739257812,0,0,
9600,299.9756774902344,218.5997772216797,297.83935546875,224.27490234375,299.80255126953125,219.15432739257812,0,0,
9610,300.9424743652344,218.8414764404297,298.80615234375,224.5166015625,299.80255126953125,219.15432739257812,0,0,
9620,300.6788024902344,220.7530975341797,298.54248046875,226.42822265625,299.80255126953125,219.15432739257812,0,0,
9630,298.0196838378906,217.25875854492188,295.8837890625,222.9345703125,299.80255126953125,219.15432739257812,0,0,
9640,298.5030822753906,218.26950073242188,296.3671875,223.9453125,299.80255126953125,219.15432739257812,0,0,
9650,298.3053283691406,220.51071166992188,296.16943359375,226.1865234375,299.80255126953125,219.15432739257812,0,0,
9660,298.5470275878906,217.08297729492188,296.4111328125,222.7587890625,299.80255126953125,219.15432739257812,0,0,
9670,297.7779846191406,218.18161010742188,295.64208984375,223.857421875,299.80255126953125,219.15432739257812,0,0,
9680,298.8536682128906,218.15890502929688,296.71875,223.83544921875,299.80255126953125,219.15432739257812,0,0,
9690,297.8429260253906,219.58712768554688,295.7080078125,225.263671875,299.80255126953125,219.15432739257812,0,0,
9700,298.8316955566406,217.41183471679688,296.69677734375,223.08837890625,299.80255126953125,219.15432739257812,0,0,
9710,298.8756408691406,220.37814331054688,296.74072265625,226.0546875,299.80255126953125,219.15432739257812,0,0,
9720,299.4249572753906,218.13693237304688,297.2900390625,223.8134765625,299.80255126953125,219.15432739257812,0,0,
9730,299.3805236816406,216.0487518310547,297.24609375,221.72607421875,299.80255126953125,219.15432739257812,0,0,
9740,300.4352111816406,217.4110565185547,298.30078125,223.08837890625,299.80255126953125,219.15432739257812,0,0,
9750,301.8414611816406,218.3119354248047,299.70703125,223.9892578125,299.80255126953125,219.15432739257812,0,0,
9760,299.6002502441406,217.4769744873047,297.4658203125,223.154296875,299.80255126953125,219.15432739257812,0,0,
9770,299.6881408691406,218.5756072998047,297.5537109375,224.2529296875,299.80255126953125,219.15432739257812,0,0,
9780,299.8415222167969,220.04745483398438,297.70751953125,225.72509765625,299.80255126953125,219.15432739257812,0,0,
9790,301.5334167480469,217.63046264648438,299.3994140625,223.30810546875,299.80255126953125,219.15432739257812,0,0,
9800,299.1603698730469,220.61874389648438,297.0263671875,226.29638671875,299.80255126953125,219.15432739257812,0,0,
9810,299.4899597167969,216.94931030273438,297.35595703125,222.626953125,299.80255126953125,219.15432739257812,0,0,
9820,299.8634948730469,217.19100952148438,297.7294921875,222.86865234375,299.80255126953125,219.15432739257812,0,0,
9830,301.70916748046875,219.23291015625,299.5751953125,224.912109375,299.80255126953125,219.15432739257812,0,0,
9840,298.85272216796875,217.12353515625,296.71875,222.802734375,299.80255126953125,219.15432739257812,0,0,
9850,300.30291748046875,217.716796875,298.1689453125,223.39599609375,299.80255126953125,219.15432739257812,0,0,
9860,299.70965576171875,219.0791015625,297.57568359375,224.75830078125,299.80255126953125,219.15432739257812,0,0,
9870,299.24822998046875,217.91455078125,297.1142578125,223.59375,299.80255126953125,219.15432739257812,0,0,
9880,300.3907470703125,215.58413696289062,298.2568359375,221.2646484375,299.80255126953125,219.15432739257812,0,0,
9890,299.3580322265625,217.82534790039062,297.22412109375,223.505859375,299.80255126953125,219.15432739257812,0,0,
9900,300.6983642578125,221.27505493164062,298.564453125,226.95556640625,299.80255126953125,219.15432739257812,0,0,
9910,299.3140869140625,221.75845336914062,297.18017578125,227.43896484375,299.80255126953125,219.15432739257812,0,0,
9920,299.9732666015625,218.24282836914062,297.83935546875,223.92333984375,299.80255126953125,219.15432739257812,0,0,
9930,301.95098876953125,220.41720581054688,299.81689453125,226.0986328125,299.80255126953125,219.15432739257812,0,0,
9940,301.64337158203125,220.52706909179688,299.50927734375,226.20849609375,299.80255126953125,219.15432739257812,0,0,
9950,300.43487548828125,219.05490112304688,298.30078125,224.736328125,299.80255126953125,219.15432739257812,0,0,
9960,299.16046142578125,220.17550659179688,297.0263671875,225.85693359375,299.80255126953125,219.15432739257812,0,0,
9970,297.55645751953125,219.18673706054688,295.42236328125,224.8681640625,299.80255126953125,219.15432739257812,0,0,
9980,300.78662109375,221.53616333007812,298.65234375,227.21923828125,299.80255126953125,219.15432739257812,0,0,
9990,299.11669921875,219.93215942382812,296.982421875,225.615234375,299.80255126953125,219.15432739257812,0,0,
10000,297.27099609375,219.27297973632812,295.13671875,224.9560546875,299.80255126953125,219.15432739257812,0,0,
10010,298.6552734375,222.30520629882812,296.52099609375,227.98828125,299.80255126953125,219.15432739257812,0,0,
10020,296.39208984375,217.80081176757812,294.2578125,223.48388671875,299.80255126953125,219.15432739257812,0,0,
10030,298.3480224609375,219.20472717285156,296.21337890625,224.89013671875,299.80255126953125,219.15432739257812,0,0,
10040,300.9188232421875,215.46937561035156,298.7841796875,221.15478515625,299.80255126953125,219.15432739257812,0,0,
10050,297.9744873046875,216.23841857910156,295.83984375,221.923828125,299.80255126953125,219.15432739257812,0,0,
10060,301.1605224609375,218.67738342285156,299.02587890625,224.36279296875,299.80255126953125,219.15432739257812,0,0,
10070,299.1390380859375,217.95228576660156,297.00439453125,223.6376953125,299.80255126953125,219.15432739257812,0,0,
10080,298.5244445800781,217.44619750976562,296.38916015625,223.13232421875,299.80255126953125,219.15432739257812,0,0,
10090,298.8979797363281,217.97354125976562,296.7626953125,223.65966796875,299.80255126953125,219.15432739257812,0,0,
10100,299.7988586425781,216.74307250976562,297.66357421875,222.42919921875,299.80255126953125,219.15432739257812,0,0,
10110,297.0083312988281,216.03994750976562,294.873046875,221.72607421875,299.80255126953125,219.15432739257812,0,0,
10120,297.8872375488281,218.96231079101562,295.751953125,224.6484375,299.80255126953125,219.15432739257812,0,0,
10130,300.9190368652344,218.01742553710938,298.7841796875,223.70361328125,299.80255126953125,219.15432739257812,0,0,
10140,299.6446228027344,221.48910522460938,297.509765625,227.17529296875,299.80255126953125,219.15432739257812,0,0,
10150,298.9854431152344,219.07211303710938,296.8505859375,224.75830078125,299.80255126953125,219.15432739257812,0,0,
10160,299.9302673339844,219.20394897460938,297.79541015625,224.89013671875,299.80255126953125,219.15432739257812,0,0,
10170,297.4693298339844,216.28158569335938,295.33447265625,221.9677734375,299.80255126953125,219.15432739257812,0,0,
10180,298.501708984375,217.66500854492188,296.3671875,223.35205078125,299.80255126953125,219.15432739257812,0,0,
10190,301.292236328125,220.58737182617188,299.15771484375,226.2744140625,299.80255126953125,219.15432739257812,0,0,
10200,300.633056640625,220.52145385742188,298.49853515625,226.20849609375,299.80255126953125,219.15432739257812,0,0,
10210,299.029052734375,221.22457885742188,296.89453125,226.91162109375,299.80255126953125,219.15432739257812,0,0,
10220,299.973876953125,217.68698120117188,297.83935546875,223.3740234375,299.80255126953125,219.15432739257812,0,0,
10230,298.76611328125,219.02822875976562,296.630859375,224.71435546875,299.80255126953125,219.15432739257812,0,0,
10240,297.75537109375,215.97402954101562,295.6201171875,221.66015625,299.80255126953125,219.15432739257812,0,0,
10250,300.677734375,218.06143188476562,298.54248046875,223.74755859375,299.80255126953125,219.15432739257812,0,0,
10260,303.46826171875,217.02871704101562,301.3330078125,222.71484375,299.80255126953125,219.15432739257812,0,0,
10270,298.216796875,218.94033813476562,296.08154296875,224.62646484375,299.80255126953125,219.15432739257812,0,0,
10280,300.19403076171875,219.84201049804688,298.05908203125,225.52734375,299.80255126953125,219.15432739257812,0,0,
10290,298.39227294921875,213.62374877929688,296.25732421875,219.30908203125,299.80255126953125,219.15432739257812,0,0,
10300,299.27117919921875,219.33663940429688,297.13623046875,225.02197265625,299.80255126953125,219.15432739257812,0,0,
10310,299.20526123046875,218.43576049804688,297.0703125,224.12109375,299.80255126953125,219.15432739257812,0,0,
10320,299.02947998046875,219.29269409179688,296.89453125,224.97802734375,299.80255126953125,219.15432739257812,0,0,
10330,299.68756103515625,220.47979736328125,297.5537109375,226.16455078125,299.80255126953125,219.15432739257812,0,0,
10340,298.94049072265625,220.56768798828125,296.806640625,226.25244140625,299.80255126953125,219.15432739257812,0,0,
10350,301.22564697265625,217.95294189453125,299.091796875,223.6376953125,299.80255126953125,219.15432739257812,0,0,
10360,297.97369384765625,221.46856689453125,295.83984375,227.1533203125,299.80255126953125,219.15432739257812,0,0,
10370,300.10504150390625,213.88800048828125,297.97119140625,219.57275390625,299.80255126953125,219.15432739257812,0,0,
10380,300.170166015625,215.91006469726562,298.037109375,221.59423828125,299.80255126953125,219.15432739257812,0,0,
10390,302.191650390625,216.32754516601562,300.05859375,222.01171875,299.80255126953125,219.15432739257812,0,0,
10400,300.829345703125,218.54678344726562,298.6962890625,224.23095703125,299.80255126953125,219.15432739257812,0,0,
10410,301.136962890625,218.83242797851562,299.00390625,224.5166015625,299.80255126953125,219.15432739257812,0,0,
10420,298.126708984375,218.19522094726562,295.99365234375,223.87939453125,299.80255126953125,219.15432739257812,0,0,
10430,299.0020751953125,218.7884979248047,296.87255859375,224.47265625,299.80255126953125,219.15432739257812,0,0,
10440,298.5845947265625,220.2606658935547,296.455078125,225.94482421875,299.80255126953125,219.15432739257812,0,0,
10450,300.6719970703125,219.4037322998047,298.54248046875,225.087890625,299.80255126953125,219.15432739257812,0,0,
10460,300.1226806640625,220.3046112060547,297.9931640625,225.98876953125,299.80255126953125,219.15432739257812,0,0,
10470,297.3101806640625,219.7552947998047,295.1806640625,225.439453125,299.80255126953125,219.15432739257812,0,0,
10480,301.0459899902344,219.22750854492188,298.916015625,224.912109375,299.80255126953125,219.15432739257812,0,0,
10490,297.0469665527344,220.69967651367188,294.9169921875,226.38427734375,299.80255126953125,219.15432739257812,0,0,
10500,297.0030212402344,216.89840698242188,294.873046875,222.5830078125,299.80255126953125,219.15432739257812,0,0,
10510,300.6285095214844,218.52438354492188,298.49853515625,224.208984375,299.80255126953125,219.15432739257812,0,0,
10520,299.6617126464844,218.72213745117188,297.53173828125,224.40673828125,299.80255126953125,219.15432739257812,0,0,
10530,302.4075927734375,217.9964141845703,300.2783203125,223.681640625,299.80255126953125,219.15432739257812,0,0,
10540,299.8807373046875,221.9295196533203,297.75146484375,227.61474609375,299.80255126953125,219.15432739257812,0,0,
10550,299.3094482421875,222.8084259033203,297.18017578125,228.49365234375,299.80255126953125,219.15432739257812,0,0,
10560,299.9466552734375,216.5681915283203,297.8173828125,222.25341796875,299.80255126953125,219.15432739257812,0,0,
10570,301.3748779296875,220.6111602783203,299.24560546875,226.29638671875,299.80255126953125,219.15432739257812,0,0,
10580,299.6376953125,220.69923400878906,297.509765625,226.38427734375,299.80255126953125,219.15432739257812,0,0,
10590,301.4833984375,220.61134338378906,299.35546875,226.29638671875,299.80255126953125,219.15432739257812,0,0,
10600,300.71435546875,218.19435119628906,298.58642578125,223.87939453125,299.80255126953125,219.15432739257812,0,0,
10610,299.52783203125,220.12794494628906,297.39990234375,225.81298828125,299.80255126953125,219.15432739257812,0,0,
10620,296.97900390625,223.51173400878906,294.85107421875,229.19677734375,299.80255126953125,219.15432739257812,0,0,
10630,298.0993957519531,219.1400146484375,295.9716796875,224.82421875,299.80255126953125,219.15432739257812,0,0,
10640,298.3630676269531,218.5028076171875,296.2353515625,224.18701171875,299.80255126953125,219.15432739257812,0,0,
10650,303.5266418457031,220.0848388671875,301.39892578125,225.76904296875,299.80255126953125,219.15432739257812,0,0,
10660,299.7033996582031,217.0965576171875,297.57568359375,222.78076171875,299.80255126953125,219.15432739257812,0,0,
10670,299.0442199707031,222.5018310546875,296.91650390625,228.18603515625,299.80255126953125,219.15432739257812,0,0,
10680,298.232666015625,217.0739288330078,296.103515625,222.7587890625,299.80255126953125,219.15432739257812,0,0,
10690,297.749267578125,217.0519561767578,295.6201171875,222.73681640625,299.80255126953125,219.15432739257812,0,0,
10700,298.935791015625,221.2487335205078,296.806640625,226.93359375,299.80255126953125,219.15432739257812,0,0,
10710,297.881103515625,220.7213897705078,295.751953125,226.40625,299.80255126953125,219.15432739257812,0,0,
10720,300.056396484375,219.4909210205078,297.92724609375,225.17578125,299.80255126953125,219.15432739257812,0,0,
10730,296.9811706542969,218.69888305664062,294.85107421875,224.384765625,299.80255126953125,219.15432739257812,0,0,
10740,299.4201354980469,221.11587524414062,297.2900390625,226.8017578125,299.80255126953125,219.15432739257812,0,0,
10750,300.8923034667969,217.55630493164062,298.76220703125,223.2421875,299.80255126953125,219.15432739257812,0,0,
10760,299.9035339355469,222.93960571289062,297.7734375,228.62548828125,299.80255126953125,219.15432739257812,0,0,
10770,301.1779479980469,216.98501586914062,299.0478515625,222.6708984375,299.80255126953125,219.15432739257812,0,0,
10780,301.6616516113281,219.20335388183594,299.53125,224.89013671875,299.80255126953125,219.15432739257812,0,0,
10790,300.4751281738281,221.33470153808594,298.3447265625,227.021484375,299.80255126953125,219.15432739257812,0,0,
10800,300.1015930175781,222.32347106933594,297.97119140625,228.01025390625,299.80255126953125,219.15432739257812,0,0,
10810,299.3325500488281,217.46751403808594,297.2021484375,223.154296875,299.80255126953125,219.15432739257812,0,0,
10820,298.8052062988281,217.97288513183594,296.6748046875,223.65966796875,299.80255126953125,219.15432739257812,0,0,
10830,300.32122802734375,219.09120178222656,298.19091796875,224.7802734375,299.80255126953125,219.15432739257812,0,0,
10840,298.05804443359375,218.30018615722656,295.927734375,223.9892578125,299.80255126953125,219.15432739257812,0,0,
10850,297.99212646484375,219.26698303222656,295.86181640625,224.9560546875,299.80255126953125,219.15432739257812,0,0,
10860,299.24456787109375,221.06874084472656,297.1142578125,226.7578125,299.80255126953125,219.15432739257812,0,0,
10870,297.70648193359375,217.15760803222656,295.576171875,222.8466796875,299.80255126953125,219.15432739257812,0,0,
10880,300.4541015625,221.48292541503906,298.32275390625,227.17529296875,299.80255126953125,219.15432739257812,0,0,
10890,301.35498046875,219.46144104003906,299.2236328125,225.15380859375,299.80255126953125,219.15432739257812,0,0,
10900,297.09228515625,220.71388244628906,294.9609375,226.40625,299.80255126953125,219.15432739257812,0,0,
10910,299.02587890625,223.85597229003906,296.89453125,229.54833984375,299.80255126953125,219.15432739257812,0,0,
10920,298.9599609375,219.96681213378906,296.82861328125,225.6591796875,299.80255126953125,219.15432739257812,0,0,
10930,300.3008117675781,222.90794372558594,298.1689453125,228.603515625,299.80255126953125,219.15432739257812,0,0,
10940,302.1245422363281,219.67796325683594,299.99267578125,225.37353515625,299.80255126953125,219.15432739257812,0,0,
10950,301.2236633300781,221.06224060058594,299.091796875,226.7578125,299.80255126953125,219.15432739257812,0,0,
10960,301.2456359863281,219.72190856933594,299.11376953125,225.41748046875,299.80255126953125,219.15432739257812,0,0,
10970,300.9599914550781,218.49143981933594,298.828125,224.18701171875,299.80255126953125,219.15432739257812,0,0,
10980,299.7520751953125,219.03985595703125,297.61962890625,224.736328125,299.80255126953125,219.15432739257812,0,0,
10990,298.2799072265625,220.18243408203125,296.1474609375,225.87890625,299.80255126953125,219.15432739257812,0,0,
11000,298.0821533203125,218.51251220703125,295.94970703125,224.208984375,299.80255126953125,219.15432739257812,0,0,
11010,299.8839111328125,221.87432861328125,297.75146484375,227.57080078125,299.80255126953125,219.15432739257812,0,0,
11020,299.8399658203125,221.52276611328125,297.70751953125,227.21923828125,299.80255126953125,219.15432739257812,0,0,
11030,299.6222839355469,221.32455444335938,297.48779296875,227.021484375,299.80255126953125,219.15432739257812,0,0,
11040,298.0402526855469,216.16098022460938,295.90576171875,221.85791015625,299.80255126953125,219.15432739257812,0,0,
11050,299.5343933105469,216.93002319335938,297.39990234375,222.626953125,299.80255126953125,219.15432739257812,0,0,
11060,298.4577331542969,221.34652709960938,296.3232421875,227.04345703125,299.80255126953125,219.15432739257812,0,0,
11070,298.2380065917969,221.74203491210938,296.103515625,227.43896484375,299.80255126953125,219.15432739257812,0,0,
11080,298.5928039550781,220.72982788085938,296.455078125,226.42822265625,299.80255126953125,219.15432739257812,0,0,
11090,300.7900695800781,219.91683959960938,298.65234375,225.615234375,299.80255126953125,219.15432739257812,0,0,
11100,299.6914367675781,222.04818725585938,297.5537109375,227.74658203125,299.80255126953125,219.15432739257812,0,0,
11110,297.1865539550781,222.28988647460938,295.048828125,227.98828125,299.80255126953125,219.15432739257812,0,0,
11120,297.9995422363281,222.24594116210938,295.86181640625,227.9443359375,299.80255126953125,219.15432739257812,0,0,
11130,299.2760314941406,221.82606506347656,297.13623046875,227.52685546875,299.80255126953125,219.15432739257812,0,0,
11140,297.7818908691406,217.10194396972656,295.64208984375,222.802734375,299.80255126953125,219.15432739257812,0,0,
11150,297.7818908691406,222.22157287597656,295.64208984375,227.92236328125,299.80255126953125,219.15432739257812,0,0,
11160,299.1002502441406,218.92567443847656,296.96044921875,224.62646484375,299.80255126953125,219.15432739257812,0,0,
11170,299.1002502441406,218.33241271972656,296.96044921875,224.033203125,299.80255126953125,219.15432739257812,0,0,
11180,296.7266845703125,218.507080078125,294.58740234375,224.208984375,299.80255126953125,219.15432739257812,0,0,
11190,299.0338134765625,218.463134765625,296.89453125,224.1650390625,299.80255126953125,219.15432739257812,0,0,
11200,300.1544189453125,222.330322265625,298.01513671875,228.0322265625,299.80255126953125,219.15432739257812,0,0,
11210,297.0343017578125,221.077880859375,294.89501953125,226.77978515625,299.80255126953125,219.15432739257812,0,0,
11220,301.1212158203125,221.143798828125,298.98193359375,226.845703125,299.80255126953125,219.15432739257812,0,0,
11230,300.6380310058594,222.13198852539062,298.49853515625,227.83447265625,299.80255126953125,219.15432739257812,0,0,
11240,299.8030700683594,219.58316040039062,297.66357421875,225.28564453125,299.80255126953125,219.15432739257812,0,0,
11250,296.2215270996094,220.00064086914062,294.08203125,225.703125,299.80255126953125,219.15432739257812,0,0,
11260,300.6819763183594,219.84683227539062,298.54248046875,225.54931640625,299.80255126953125,219.15432739257812,0,0,
11270,299.8470153808594,217.67153930664062,297.70751953125,223.3740234375,299.80255126953125,219.15432739257812,0,0,
11280,296.9909973144531,220.04208374023438,294.85107421875,225.7470703125,299.80255126953125,219.15432739257812,0,0,
11290,300.9021301269531,217.25155639648438,298.76220703125,222.95654296875,299.80255126953125,219.15432739257812,0,0,
11300,300.7922668457031,220.10800170898438,298.65234375,225.81298828125,299.80255126953125,219.15432739257812,0,0,
11310,295.5408020019531,219.09725952148438,293.40087890625,224.80224609375,299.80255126953125,219.15432739257812,0,0,
11320,298.0237121582031,220.63534545898438,295.8837890625,226.34033203125,299.80255126953125,219.15432739257812,0,0,
11330,301.0771789550781,220.93777465820312,298.93798828125,226.64794921875,299.80255126953125,219.15432739257812,0,0,
11340,298.9238586425781,219.28982543945312,296.78466796875,225.0,299.80255126953125,219.15432739257812,0,0,
11350,298.5063781738281,219.64138793945312,296.3671875,225.3515625,299.80255126953125,219.15432739257812,0,0,
11360,299.8686828613281,221.59695434570312,297.7294921875,227.30712890625,299.80255126953125,219.15432739257812,0,0,
11370,299.8686828613281,218.76248168945312,297.7294921875,224.47265625,299.80255126953125,219.15432739257812,0,0,
11380,301.7823486328125,221.68499755859375,299.64111328125,227.39501953125,299.80255126953125,219.15432739257812,0,0,
11390,298.2886962890625,217.37835693359375,296.1474609375,223.08837890625,299.80255126953125,219.15432739257812,0,0,
11400,297.8052978515625,219.24603271484375,295.6640625,224.9560546875,299.80255126953125,219.15432739257812,0,0,
11410,301.3209228515625,221.88275146484375,299.1796875,227.5927734375,299.80255126953125,219.15432739257812,0,0,
11420,299.3653564453125,224.65130615234375,297.22412109375,230.361328125,299.80255126953125,219.15432739257812,0,0,
11430,301.73638916015625,218.12863159179688,299.59716796875,223.83544921875,299.80255126953125,219.15432739257812,0,0,
11440,299.18756103515625,222.85275268554688,297.04833984375,228.5595703125,299.80255126953125,219.15432739257812,0,0,
11450,299.03375244140625,220.10617065429688,296.89453125,225.81298828125,299.80255126953125,219.15432739257812,0,0,
11460,297.07818603515625,221.00704956054688,294.93896484375,226.7138671875,299.80255126953125,219.15432739257812,0,0,
11470,300.06646728515625,219.11740112304688,297.92724609375,224.82421875,299.80255126953125,219.15432739257812,0,0,
11480,302.1080322265625,217.7535400390625,299.970703125,223.4619140625,299.80255126953125,219.15432739257812,0,0,
11490,300.4820556640625,219.8189697265625,298.3447265625,225.52734375,299.80255126953125,219.15432739257812,0,0,
11500,301.2950439453125,221.8404541015625,299.15771484375,227.548828125,299.80255126953125,219.15432739257812,0,0,
11510,299.3834228515625,221.4229736328125,297.24609375,227.13134765625,299.80255126953125,219.15432739257812,0,0,
11520,302.2618408203125,217.5777587890625,300.12451171875,223.2861328125,299.80255126953125,219.15432739257812,0,0,
11530,299.14288330078125,223.6827850341797,297.00439453125,229.39453125,299.80255126953125,219.15432739257812,0,0,
11540,296.61602783203125,220.9581756591797,294.4775390625,226.669921875,299.80255126953125,219.15432739257812,0,0,
11550,298.76934814453125,219.1124725341797,296.630859375,224.82421875,299.80255126953125,219.15432739257812,0,0,
11560,299.12091064453125,220.9142303466797,296.982421875,226.6259765625,299.80255126953125,219.15432739257812,0,0,
11570,299.58233642578125,219.5738983154297,297.44384765625,225.28564453125,299.80255126953125,219.15432739257812,0,0,
11580,298.3533630371094,220.47544860839844,296.21337890625,226.1865234375,299.80255126953125,219.15432739257812,0,0,
11590,300.4627380371094,218.38804626464844,298.32275390625,224.09912109375,299.80255126953125,219.15432739257812,0,0,
11600,301.5174255371094,219.04722595214844,299.37744140625,224.75830078125,299.80255126953125,219.15432739257812,0,0,
11610,301.0779724121094,217.66294860839844,298.93798828125,223.3740234375,299.80255126953125,219.15432739257812,0,0,
11620,299.2102966308594,221.22251892089844,297.0703125,226.93359375,299.80255126953125,219.15432739257812,0,0,
11630,298.52618408203125,222.71823120117188,296.38916015625,228.427734375,299.80255126953125,219.15432739257812,0,0,
11640,300.72344970703125,218.08200073242188,298.58642578125,223.79150390625,299.80255126953125,219.15432739257812,0,0,
11650,298.72393798828125,219.29049682617188,296.5869140625,225.0,299.80255126953125,219.15432739257812,0,0,
11660,298.76788330078125,216.82955932617188,296.630859375,222.5390625,299.80255126953125,219.15432739257812,0,0,
11670,300.41583251953125,220.98239135742188,298.27880859375,226.69189453125,299.80255126953125,219.15432739257812,0,0,
11680,301.0064392089844,220.7821044921875,298.8720703125,226.494140625,299.80255126953125,219.15432739257812,0,0,
11690,299.7759704589844,219.3099365234375,297.6416015625,225.02197265625,299.80255126953125,219.15432739257812,0,0,
11700,301.7974548339844,219.4197998046875,299.6630859375,225.1318359375,299.80255126953125,219.15432739257812,0,0,
11710,300.2593688964844,217.7938232421875,298.125,223.505859375,299.80255126953125,219.15432739257812,0,0,
11720,297.0733337402344,216.8050537109375,294.93896484375,222.51708984375,299.80255126953125,219.15432739257812,0,0,
11730,301.2271423339844,218.73516845703125,299.091796875,224.45068359375,299.80255126953125,219.15432739257812,0,0,
11740,298.7442321777344,218.25177001953125,296.60888671875,223.96728515625,299.80255126953125,219.15432739257812,0,0,
11750,300.1504821777344,220.44903564453125,298.01513671875,226.16455078125,299.80255126953125,219.15432739257812,0,0,
11760,300.2603454589844,218.64727783203125,298.125,224.36279296875,299.80255126953125,219.15432739257812,0,0,
11770,297.9971618652344,219.87774658203125,295.86181640625,225.59326171875,299.80255126953125,219.15432739257812,0,0,
11780,299.03045654296875,220.00997924804688,296.89453125,225.72509765625,299.80255126953125,219.15432739257812,0,0,
11790,298.56903076171875,220.60324096679688,296.43310546875,226.318359375,299.80255126953125,219.15432739257812,0,0,
11800,299.88739013671875,217.13156127929688,297.75146484375,222.8466796875,299.80255126953125,219.15432739257812,0,0,
11810,297.90985107421875,214.53878784179688,295.77392578125,220.25390625,299.80255126953125,219.15432739257812,0,0,
11820,296.08612060546875,220.22970581054688,293.9501953125,225.94482421875,299.80255126953125,219.15432739257812,0,0,
11830,297.27313232421875,220.8480224609375,295.13671875,226.56005859375,299.80255126953125,219.15432739257812,0,0,
11840,298.17401123046875,221.1776123046875,296.03759765625,226.8896484375,299.80255126953125,219.15432739257812,0,0,
11850,298.87713623046875,220.6722412109375,296.74072265625,226.38427734375,299.80255126953125,219.15432739257812,0,0,
11860,298.26190185546875,216.8489990234375,296.12548828125,222.56103515625,299.80255126953125,219.15432739257812,0,0,
11870,296.35028076171875,219.8372802734375,294.2138671875,225.54931640625,299.80255126953125,219.15432739257812,0,0,
11880,298.12774658203125,219.79576110839844,295.99365234375,225.50537109375,299.80255126953125,219.15432739257812,0,0,
11890,297.79815673828125,217.48863220214844,295.6640625,223.1982421875,299.80255126953125,219.15432739257812,0,0,
11900,299.11651611328125,223.57505798339844,296.982421875,229.28466796875,299.80255126953125,219.15432739257812,0,0,
11910,298.96270751953125,221.68540954589844,296.82861328125,227.39501953125,299.80255126953125,219.15432739257812,0,0,
11920,298.19366455078125,218.69712829589844,296.0595703125,224.40673828125,299.80255126953125,219.15432739257812,0,0,
11930,298.15093994140625,219.79757690429688,296.015625,225.50537109375,299.80255126953125,219.15432739257812,0,0,
11940,298.56842041015625,220.58859252929688,296.43310546875,226.29638671875,299.80255126953125,219.15432739257812,0,0,
11950,298.04107666015625,219.57785034179688,295.90576171875,225.28564453125,299.80255126953125,219.15432739257812,0,0,
11960,298.54644775390625,218.98458862304688,296.4111328125,224.6923828125,299.80255126953125,219.15432739257812,0,0,
11970,299.44732666015625,219.24826049804688,297.31201171875,224.9560546875,299.80255126953125,219.15432739257812,0,0,
11980,298.94305419921875,219.31727600097656,296.806640625,225.02197265625,299.80255126953125,219.15432739257812,0,0,
11990,300.39324951171875,220.72352600097656,298.2568359375,226.42822265625,299.80255126953125,219.15432739257812,0,0,
12000,298.83319091796875,220.17420959472656,296.69677734375,225.87890625,299.4383850097656,219.23709106445312,0,0,
12010,298.45965576171875,220.15223693847656,296.3232421875,225.85693359375,299.4383850097656,219.23709106445312,0,0,
12020,297.69061279296875,223.27235412597656,295.55419921875,228.97705078125,299.4383850097656,219.23709106445312,0,0,
12030,297.6238098144531,220.30929565429688,295.48828125,226.0107421875,299.4383850097656,219.23709106445312,0,0,
12040,297.3381652832031,219.29855346679688,295.20263671875,225.0,299.4383850097656,219.23709106445312,0,0,
12050,301.4031066894531,219.38644409179688,299.267578125,225.087890625,299.4383850097656,219.23709106445312,0,0,
12060,297.3601379394531,217.73849487304688,295.224609375,223.43994140625,299.4383850097656,219.23709106445312,0,0,
12070,297.7556457519531,218.50753784179688,295.6201171875,224.208984375,299.4383850097656,219.23709106445312,0,0,
12080,298.8746337890625,218.3985595703125,296.74072265625,224.09912109375,299.4383850097656,219.23709106445312,0,0,
12090,298.5230712890625,216.8824462890625,296.38916015625,222.5830078125,299.4383850097656,219.23709106445312,0,0,
12100,299.2261962890625,217.7613525390625,297.09228515625,223.4619140625,299.4383850097656,219.23709106445312,0,0,
12110,298.0396728515625,220.8594970703125,295.90576171875,226.56005859375,299.4383850097656,219.23709106445312,0,0,
12120,300.8302001953125,223.3643798828125,298.6962890625,229.06494140625,299.4383850097656,219.23709106445312,0,0,
12130,300.040771484375,219.40933227539062,297.9052734375,225.10986328125,299.4383850097656,219.23709106445312,0,0,
12140,299.095947265625,216.99234008789062,296.96044921875,222.69287109375,299.4383850097656,219.23709106445312,0,0,
12150,299.030029296875,217.27798461914062,296.89453125,222.978515625,299.4383850097656,219.23709106445312,0,0,
12160,300.480224609375,219.29946899414062,298.3447265625,225.0,299.4383850097656,219.23709106445312,0,0,
12170,300.414306640625,218.70620727539062,298.27880859375,224.40673828125,299.4383850097656,219.23709106445312,0,0,
12180,300.2199401855469,217.9816131591797,298.0810546875,223.681640625,299.4383850097656,219.23709106445312,0,0,
12190,298.0666198730469,221.7169647216797,295.927734375,227.4169921875,299.4383850097656,219.23709106445312,0,0,
12200,298.6379089355469,217.7618865966797,296.4990234375,223.4619140625,299.4383850097656,219.23709106445312,0,0,
12210,298.7917175292969,220.1129608154297,296.65283203125,225.81298828125,299.4383850097656,219.23709106445312,0,0,
12220,299.4948425292969,217.4762420654297,297.35595703125,223.17626953125,299.4383850097656,219.23709106445312,0,0,
12230,300.1544189453125,217.47718811035156,298.01513671875,223.17626953125,299.4383850097656,219.23709106445312,0,0,
12240,296.6387939453125,216.81800842285156,294.49951171875,222.51708984375,299.4383850097656,219.23709106445312,0,0,
12250,301.0992431640625,217.69691467285156,298.9599609375,223.39599609375,299.4383850097656,219.23709106445312,0,0,
12260,298.7042236328125,217.32337951660156,296.56494140625,223.0224609375,299.4383850097656,219.23709106445312,0,0,
12270,297.8253173828125,218.35609436035156,295.68603515625,224.05517578125,299.4383850097656,219.23709106445312,0,0,
12280,296.3315124511719,218.2682647705078,294.19189453125,223.96728515625,299.4383850097656,219.23709106445312,0,0,
12290,300.0668640136719,220.2018585205078,297.92724609375,225.90087890625,299.4383850097656,219.23709106445312,0,0,
12300,298.9023132324219,222.1134796142578,296.7626953125,227.8125,299.4383850097656,219.23709106445312,0,0,
12310,299.8691101074219,214.9723663330078,297.7294921875,220.67138671875,299.4383850097656,219.23709106445312,0,0,
12320,302.2201843261719,219.3229522705078,300.08056640625,225.02197265625,299.4383850097656,219.23709106445312,0,0,
12330,300.5304870605469,219.10186767578125,298.388671875,224.80224609375,299.4383850097656,219.23709106445312,0,0,
12340,300.0690612792969,217.40997314453125,297.92724609375,223.1103515625,299.4383850097656,219.23709106445312,0,0,
12350,298.2892761230469,221.21124267578125,296.1474609375,226.91162109375,299.4383850097656,219.23709106445312,0,0,
12360,298.8605651855469,217.19024658203125,296.71875,222.890625,299.4383850097656,219.23709106445312,0,0,
12370,299.4538269042969,218.04718017578125,297.31201171875,223.74755859375,299.4383850097656,219.23709106445312,0,0,
12380,300.3134460449219,220.9049530029297,298.1689453125,226.60400390625,299.4383850097656,219.23709106445312,0,0,
12390,298.3139343261719,219.7843475341797,296.16943359375,225.4833984375,299.4383850097656,219.23709106445312,0,0,
12400,299.5444030761719,218.0704803466797,297.39990234375,223.76953125,299.4383850097656,219.23709106445312,0,0,
12410,298.7753601074219,217.4332733154297,296.630859375,223.13232421875,299.4383850097656,219.23709106445312,0,0,
12420,298.7753601074219,220.2457733154297,296.630859375,225.94482421875,299.4383850097656,219.23709106445312,0,0,
12430,297.43475341796875,218.44822692871094,295.29052734375,224.14306640625,299.4383850097656,219.23709106445312,0,0,
12440,300.09344482421875,218.75584411621094,297.94921875,224.45068359375,299.4383850097656,219.23709106445312,0,0,
12450,298.20379638671875,221.04100036621094,296.0595703125,226.73583984375,299.4383850097656,219.23709106445312,0,0,
12460,298.75311279296875,222.09568786621094,296.60888671875,227.79052734375,299.4383850097656,219.23709106445312,0,0,
12470,299.89569091796875,218.42625427246094,297.75146484375,224.12109375,299.4383850097656,219.23709106445312,0,0,
12480,300.18170166015625,218.9105682373047,298.037109375,224.6044921875,299.4383850097656,219.23709106445312,0,0,
12490,294.75445556640625,222.7997283935547,292.60986328125,228.49365234375,299.4383850097656,219.23709106445312,0,0,
12500,299.50054931640625,223.0853729248047,297.35595703125,228.779296875,299.4383850097656,219.23709106445312,0,0,
12510,299.76422119140625,219.2841033935547,297.61962890625,224.97802734375,299.4383850097656,219.23709106445312,0,0,
12520,299.89605712890625,219.2621307373047,297.75146484375,224.9560546875,299.4383850097656,219.23709106445312,0,0,
12530,298.1203308105469,219.2410888671875,295.9716796875,224.93408203125,299.4383850097656,219.23709106445312,0,0,
12540,298.5597839355469,220.3836669921875,296.4111328125,226.07666015625,299.4383850097656,219.23709106445312,0,0,
12550,300.6252136230469,219.3289794921875,298.4765625,225.02197265625,299.4383850097656,219.23709106445312,0,0,
12560,297.6589050292969,222.0975341796875,295.51025390625,227.79052734375,299.4383850097656,219.23709106445312,0,0,
12570,301.5920104980469,218.9993896484375,299.443359375,224.6923828125,299.4383850097656,219.23709106445312,0,0,
12580,298.60528564453125,221.1315460205078,296.455078125,226.82373046875,299.4383850097656,219.23709106445312,0,0,
12590,299.33038330078125,223.7462921142578,297.18017578125,229.4384765625,299.4383850097656,219.23709106445312,0,0,
12600,298.47344970703125,222.2521514892578,296.3232421875,227.9443359375,299.4383850097656,219.23709106445312,0,0,
12610,297.83624267578125,221.1754913330078,295.68603515625,226.86767578125,299.4383850097656,219.23709106445312,0,0,
12620,299.17657470703125,219.9010772705078,297.0263671875,225.59326171875,299.4383850097656,219.23709106445312,0,0,
12630,298.4303894042969,217.99029541015625,296.279296875,223.681640625,299.4383850097656,219.23709106445312,0,0,
12640,297.8810729980469,222.56060791015625,295.72998046875,228.251953125,299.4383850097656,219.23709106445312,0,0,
12650,299.5070495605469,221.00054931640625,297.35595703125,226.69189453125,299.4383850097656,219.23709106445312,0,0,
12660,299.4631042480469,220.91265869140625,297.31201171875,226.60400390625,299.4383850097656,219.23709106445312,0,0,
12670,297.2218933105469,217.13336181640625,295.07080078125,222.82470703125,299.4383850097656,219.23709106445312,0,0,
12680,299.11163330078125,218.03524780273438,296.96044921875,223.7255859375,299.4383850097656,219.23709106445312,0,0,
12690,299.11163330078125,217.35409545898438,296.96044921875,223.04443359375,299.4383850097656,219.23709106445312,0,0,
12700,299.74884033203125,222.75936889648438,297.59765625,228.44970703125,299.4383850097656,219.23709106445312,0,0,
12710,300.64971923828125,217.13436889648438,298.49853515625,222.82470703125,299.4383850097656,219.23709106445312,0,0,
12720,299.28741455078125,217.52987670898438,297.13623046875,223.22021484375,299.4383850097656,219.23709106445312,0,0,
12730,296.1043701171875,218.58517456054688,293.9501953125,224.27490234375,299.4383850097656,219.23709106445312,0,0,
12740,299.7078857421875,217.42062377929688,297.5537109375,223.1103515625,299.4383850097656,219.23709106445312,0,0,
12750,300.0374755859375,217.50851440429688,297.88330078125,223.1982421875,299.4383850097656,219.23709106445312,0,0,
12760,300.6527099609375,221.48556518554688,298.49853515625,227.17529296875,299.4383850097656,219.23709106445312,0,0,
12770,298.7410888671875,219.52999877929688,296.5869140625,225.2197265625,299.4383850097656,219.23709106445312,0,0,
12780,299.5773010253906,220.67279052734375,297.421875,226.3623046875,299.4383850097656,219.23709106445312,0,0,
12790,299.0279846191406,220.07952880859375,296.87255859375,225.76904296875,299.4383850097656,219.23709106445312,0,0,
12800,300.9835510253906,221.81536865234375,298.828125,227.5048828125,299.4383850097656,219.23709106445312,0,0,
12810,296.1056213378906,220.49700927734375,293.9501953125,226.1865234375,299.4383850097656,219.23709106445312,0,0,
12820,297.7975158691406,218.51947021484375,295.64208984375,224.208984375,299.4383850097656,219.23709106445312,0,0,
12830,300.19293212890625,216.47596740722656,298.037109375,222.16552734375,299.4383850097656,219.23709106445312,0,0,
12840,299.16021728515625,221.33192443847656,297.00439453125,227.021484375,299.4383850097656,219.23709106445312,0,0,
12850,296.65533447265625,218.03602600097656,294.49951171875,223.7255859375,299.4383850097656,219.23709106445312,0,0,
12860,298.52301025390625,222.38661193847656,296.3671875,228.076171875,299.4383850097656,219.23709106445312,0,0,
12870,296.83111572265625,220.69471740722656,294.67529296875,226.38427734375,299.4383850097656,219.23709106445312,0,0,
12880,297.4049072265625,218.60540771484375,295.24658203125,224.296875,299.4383850097656,219.23709106445312,0,0,
12890,296.2843017578125,223.35150146484375,294.1259765625,229.04296875,299.4383850097656,219.23709106445312,0,0,
12900,299.4263916015625,220.40716552734375,297.26806640625,226.0986328125,299.4383850097656,219.23709106445312,0,0,
12910,299.5802001953125,220.09954833984375,297.421875,225.791015625,299.4383850097656,219.23709106445312,0,0,
12920,299.2945556640625,217.94622802734375,297.13623046875,223.6376953125,299.4383850097656,219.23709106445312,0,0,
12930,297.69293212890625,222.3182830810547,295.5322265625,228.01025390625,299.4383850097656,219.23709106445312,0,0,
12940,300.30767822265625,220.7142791748047,298.14697265625,226.40625,299.4383850097656,219.23709106445312,0,0,
12950,296.74810791015625,219.9012908935547,294.58740234375,225.59326171875,299.4383850097656,219.23709106445312,0,0,
12960,299.36285400390625,219.8793182373047,297.2021484375,225.5712890625,299.4383850097656,219.23709106445312,0,0,
12970,300.17584228515625,217.9017791748047,298.01513671875,223.59375,299.4383850097656,219.23709106445312,0,0,
12980,297.86932373046875,217.37603759765625,295.7080078125,223.06640625,299.4383850097656,219.23709106445312,0,0,
12990,299.45135498046875,218.95806884765625,297.2900390625,224.6484375,299.4383850097656,219.23709106445312,0,0,
13000,301.07733154296875,219.57330322265625,298.916015625,225.263671875,299.4383850097656,219.23709106445312,0,0,
13010,298.35272216796875,219.77105712890625,296.19140625,225.46142578125,299.4383850097656,219.23709106445312,0,0,
13020,298.59442138671875,219.17779541015625,296.43310546875,224.8681640625,299.4383850097656,219.23709106445312,0,0,
13030,296.7484130859375,223.19920349121094,294.58740234375,228.88916015625,299.4383850097656,219.23709106445312,0,0,
13040,298.3524169921875,219.94725036621094,296.19140625,225.63720703125,299.4383850097656,219.23709106445312,0,0,
13050,296.7264404296875,219.70555114746094,294.5654296875,225.3955078125,299.4383850097656,219.23709106445312,0,0,
13060,299.8905029296875,219.88133239746094,297.7294921875,225.5712890625,299.4383850097656,219.23709106445312,0,0,
13070,301.6702880859375,216.54148864746094,299.50927734375,222.2314453125,299.4383850097656,219.23709106445312,0,0,
13080,299.3198547363281,216.3426055908203,297.158203125,222.03369140625,299.4383850097656,219.23709106445312,0,0,
13090,299.5615539550781,220.4514923095703,297.39990234375,226.142578125,299.4383850097656,219.23709106445312,0,0,
13100,300.0888977050781,218.2761993408203,297.92724609375,223.96728515625,299.4383850097656,219.23709106445312,0,0,
13110,297.4741516113281,220.5174102783203,295.3125,226.20849609375,299.4383850097656,219.23709106445312,0,0,
13120,300.3525695800781,220.8470001220703,298.19091796875,226.5380859375,299.4383850097656,219.23709106445312,0,0,
13130,300.2220764160156,218.6058807373047,298.05908203125,224.296875,299.4383850097656,219.23709106445312,0,0,
13140,299.0135803222656,218.1664276123047,296.8505859375,223.857421875,299.4383850097656,219.23709106445312,0,0,
13150,299.4750061035156,221.2206268310547,297.31201171875,226.91162109375,299.4383850097656,219.23709106445312,0,0,
13160,300.4418029785156,219.6385955810547,298.27880859375,225.32958984375,299.4383850097656,219.23709106445312,0,0,
13170,299.8045959472656,219.5507049560547,297.6416015625,225.24169921875,299.4383850097656,219.23709106445312,0,0,
13180,299.9145812988281,219.7504425048828,297.75146484375,225.439453125,299.4383850097656,219.23709106445312,0,0,
13190,299.9804992675781,222.1674346923828,297.8173828125,227.8564453125,299.4383850097656,219.23709106445312,0,0,
13200,297.0141906738281,224.7602081298828,294.85107421875,230.44921875,299.4383850097656,219.23709106445312,0,0,
13210,301.2768859863281,221.7938995361328,299.11376953125,227.48291015625,299.4383850097656,219.23709106445312,0,0,
13220,297.8491516113281,221.9037628173828,295.68603515625,227.5927734375,299.4383850097656,219.23709106445312,0,0,
13230,298.92462158203125,221.37680053710938,296.7626953125,227.0654296875,299.4383850097656,219.23709106445312,0,0,
13240,300.06719970703125,221.79428100585938,297.9052734375,227.48291015625,299.4383850097656,219.23709106445312,0,0,
13250,298.99053955078125,221.15707397460938,296.82861328125,226.845703125,299.4383850097656,219.23709106445312,0,0,
13260,298.30938720703125,222.78305053710938,296.1474609375,228.4716796875,299.4383850097656,219.23709106445312,0,0,
13270,297.91387939453125,218.56430053710938,295.751953125,224.2529296875,299.4383850097656,219.23709106445312,0,0,
13280,298.44134521484375,221.5085906982422,296.279296875,227.197265625,299.4383850097656,219.23709106445312,0,0,
13290,299.45208740234375,221.3328094482422,297.2900390625,227.021484375,299.4383850097656,219.23709106445312,0,0,
13300,297.18890380859375,219.7068328857422,295.02685546875,225.3955078125,299.4383850097656,219.23709106445312,0,0,
13310,299.56195068359375,220.6736297607422,297.39990234375,226.3623046875,299.4383850097656,219.23709106445312,0,0,
13320,299.45208740234375,220.3220672607422,297.2900390625,226.0107421875,299.4383850097656,219.23709106445312,0,0,
13330,299.23223876953125,218.82989501953125,297.0703125,224.5166015625,299.4383850097656,219.23709106445312,0,0,
13340,297.18878173828125,219.90655517578125,295.02685546875,225.59326171875,299.4383850097656,219.23709106445312,0,0,
13350,298.33135986328125,221.22491455078125,296.16943359375,226.91162109375,299.4383850097656,219.23709106445312,0,0,
13360,300.30889892578125,218.89581298828125,298.14697265625,224.58251953125,299.4383850097656,219.23709106445312,0,0,
13370,301.95684814453125,220.45587158203125,299.794921875,226.142578125,299.4383850097656,219.23709106445312,0,0,
13380,298.3956604003906,217.5580596923828,296.2353515625,223.2421875,299.4383850097656,219.23709106445312,0,0,
13390,297.1432189941406,221.3153839111328,294.98291015625,226.99951171875,299.4383850097656,219.23709106445312,0,0,
13400,297.2970275878906,221.7328643798828,295.13671875,227.4169921875,299.4383850097656,219.23709106445312,0,0,
13410,299.0108947753906,221.0077667236328,296.8505859375,226.69189453125,299.4383850097656,219.23709106445312,0,0,
13420,298.1539611816406,222.2162628173828,295.99365234375,227.900390625,299.4383850097656,219.23709106445312,0,0,
13430,300.0426025390625,217.93247985839844,297.88330078125,223.61572265625,299.4383850097656,219.23709106445312,0,0,
13440,300.0645751953125,218.41587829589844,297.9052734375,224.09912109375,299.4383850097656,219.23709106445312,0,0,
13450,299.4493408203125,217.09751892089844,297.2900390625,222.78076171875,299.4383850097656,219.23709106445312,0,0,
13460,300.7677001953125,219.91001892089844,298.6083984375,225.59326171875,299.4383850097656,219.23709106445312,0,0,
13470,299.6690673828125,220.92076110839844,297.509765625,226.60400390625,299.4383850097656,219.23709106445312,0,0,
13480,300.28497314453125,218.1746063232422,298.125,223.857421875,299.4383850097656,219.23709106445312,0,0,
13490,297.16485595703125,222.5691375732422,295.0048828125,228.251953125,299.4383850097656,219.23709106445312,0,0,
13500,298.70294189453125,219.0754852294922,296.54296875,224.75830078125,299.4383850097656,219.23709106445312,0,0,
13510,298.85675048828125,217.3176727294922,296.69677734375,223.00048828125,299.4383850097656,219.23709106445312,0,0,
13520,298.08770751953125,218.7239227294922,295.927734375,224.40673828125,299.4383850097656,219.23709106445312,0,0,
13530,299.6897277832031,219.51683044433594,297.53173828125,225.19775390625,299.4383850097656,219.23709106445312,0,0,
13540,296.1521301269531,220.50559997558594,293.994140625,226.1865234375,299.4383850097656,219.23709106445312,0,0,
13550,297.9758605957031,218.70384216308594,295.81787109375,224.384765625,299.4383850097656,219.23709106445312,0,0,
13560,297.9099426269531,219.42893981933594,295.751953125,225.10986328125,299.4383850097656,219.23709106445312,0,0,
13570,298.9206848144531,222.54905700683594,296.7626953125,228.22998046875,299.4383850097656,219.23709106445312,0,0,
13580,302.3904113769531,222.79461669921875,300.234375,228.4716796875,299.4383850097656,219.23709106445312,0,0,
13590,301.6433410644531,222.04754638671875,299.4873046875,227.724609375,299.4383850097656,219.23709106445312,0,0,
13600,300.0173645019531,220.81707763671875,297.861328125,226.494140625,299.4383850097656,219.23709106445312,0,0,
13610,297.9519348144531,220.99285888671875,295.7958984375,226.669921875,299.4383850097656,219.23709106445312,0,0,
13620,298.8967590332031,222.04754638671875,296.74072265625,227.724609375,299.4383850097656,219.23709106445312,0,0,
13630,296.0834045410156,223.0362548828125,293.92822265625,228.71337890625,299.4383850097656,219.23709106445312,0,0,
13640,300.1922912597656,221.6300048828125,298.037109375,227.30712890625,299.4383850097656,219.23709106445312,0,0,
13650,302.2357482910156,224.0689697265625,300.08056640625,229.74609375,299.4383850097656,219.23709106445312,0,0,
13660,299.6429748535156,222.1573486328125,297.48779296875,227.83447265625,299.4383850097656,219.23709106445312,0,0,
13670,300.8075256347656,221.4761962890625,298.65234375,227.1533203125,299.4383850097656,219.23709106445312,0,0,
13680,298.9626159667969,218.74978637695312,296.806640625,224.4287109375,299.4383850097656,219.23709106445312,0,0,
13690,299.8415222167969,224.02322387695312,297.685546875,229.7021484375,299.4383850097656,219.23709106445312,0,0,
13700,299.3141784667969,222.88064575195312,297.158203125,228.5595703125,299.4383850097656,219.23709106445312,0,0,
13710,297.9958190917969,220.22195434570312,295.83984375,225.90087890625,299.4383850097656,219.23709106445312,0,0,
13720,297.5124206542969,225.73709106445312,295.3564453125,231.416015625,299.4383850097656,219.23709106445312,0,0,
13730,298.1703186035156,219.1009979248047,296.015625,224.7802734375,299.4383850097656,219.23709106445312,0,0,
13740,298.3021545410156,222.0013885498047,296.1474609375,227.6806640625,299.4383850097656,219.23709106445312,0,0,
13750,297.9066467285156,222.1112518310547,295.751953125,227.79052734375,299.4383850097656,219.23709106445312,0,0,
13760,296.1708068847656,221.5179901123047,294.01611328125,227.197265625,299.4383850097656,219.23709106445312,0,0,
13770,298.9173889160156,218.8812713623047,296.7626953125,224.560546875,299.4383850097656,219.23709106445312,0,0,
13780,301.2027587890625,219.54066467285156,299.0478515625,225.2197265625,299.4383850097656,219.23709106445312,0,0,
13790,298.5880126953125,221.18861389160156,296.43310546875,226.86767578125,299.4383850097656,219.23709106445312,0,0,
13800,299.9063720703125,221.49623107910156,297.75146484375,227.17529296875,299.4383850097656,219.23709106445312,0,0,
13810,301.2686767578125,220.61732482910156,299.11376953125,226.29638671875,299.4383850097656,219.23709106445312,0,0,
13820,297.4674072265625,220.59535217285156,295.3125,226.2744140625,299.4383850097656,219.23709106445312,0,0,
13830,298.87408447265625,222.02183532714844,296.71875,227.70263671875,299.4383850097656,219.23709106445312,0,0,
13840,300.98345947265625,220.35191345214844,298.828125,226.03271484375,299.4383850097656,219.23709106445312,0,0,
13850,299.99468994140625,222.13169860839844,297.83935546875,227.8125,299.4383850097656,219.23709106445312,0,0,
13860,298.74224853515625,217.23179626464844,296.5869140625,222.91259765625,299.4383850097656,219.23709106445312,0,0,
13870,298.12701416015625,219.40708923339844,295.9716796875,225.087890625,299.4383850097656,219.23709106445312,0,0,
13880,299.4449768066406,221.05364990234375,297.2900390625,226.73583984375,299.4383850097656,219.23709106445312,0,0,
13890,300.3458557128906,224.65716552734375,298.19091796875,230.33935546875,299.4383850097656,219.23709106445312,0,0,
13900,297.2696838378906,220.15277099609375,295.11474609375,225.8349609375,299.4383850097656,219.23709106445312,0,0,
13910,297.9068908691406,220.41644287109375,295.751953125,226.0986328125,299.4383850097656,219.23709106445312,0,0,
13920,296.8741760253906,221.07562255859375,294.71923828125,226.7578125,299.4383850097656,219.23709106445312,0,0,
13930,300.60931396484375,219.6697235107422,298.45458984375,225.3515625,299.4383850097656,219.23709106445312,0,0,
13940,299.86224365234375,219.0764617919922,297.70751953125,224.75830078125,299.4383850097656,219.23709106445312,0,0,
13950,300.52142333984375,217.2527313232422,298.36669921875,222.9345703125,299.4383850097656,219.23709106445312,0,0,
13960,299.04925537109375,218.1755828857422,296.89453125,223.857421875,299.4383850097656,219.23709106445312,0,0,
13970,298.78558349609375,220.8782196044922,296.630859375,226.56005859375,299.4383850097656,219.23709106445312,0,0,
13980,297.2237854003906,218.70077514648438,295.07080078125,224.384765625,299.4383850097656,219.23709106445312,0,0,
13990,299.5968322753906,222.17245483398438,297.44384765625,227.8564453125,299.4383850097656,219.23709106445312,0,0,
14000,297.5314025878906,220.54647827148438,295.37841796875,226.23046875,299.4383850097656,219.23709106445312,0,0,
14010,298.6739807128906,222.19442749023438,296.52099609375,227.87841796875,299.4383850097656,219.23709106445312,0,0,
14020,300.7174377441406,220.85409545898438,298.564453125,226.5380859375,299.4383850097656,219.23709106445312,0,0,
14030,300.3653259277344,224.69656372070312,298.212890625,230.38330078125,299.4383850097656,219.23709106445312,0,0,
14040,301.3980407714844,221.66433715820312,299.24560546875,227.35107421875,299.4383850097656,219.23709106445312,0,0,
14050,296.7618103027344,223.61990356445312,294.609375,229.306640625,299.4383850097656,219.23709106445312,0,0,
14060,298.7173767089844,224.63064575195312,296.56494140625,230.3173828125,299.4383850097656,219.23709106445312,0,0,
14070,299.3545837402344,224.63064575195312,297.2021484375,230.3173828125,299.4383850097656,219.23709106445312,0,0,
14080,299.06842041015625,223.2010498046875,296.91650390625,228.88916015625,299.4383850097656,219.23709106445312,0,0,
14090,299.61773681640625,221.3773193359375,297.4658203125,227.0654296875,299.4383850097656,219.23709106445312,0,0,
14100,300.29888916015625,222.5198974609375,298.14697265625,228.2080078125,299.4383850097656,219.23709106445312,0,0,
14110,299.83746337890625,222.2562255859375,297.685546875,227.9443359375,299.4383850097656,219.23709106445312,0,0,
14120,298.47515869140625,221.0037841796875,296.3232421875,226.69189453125,299.4383850097656,219.23709106445312,0,0,
14130,297.37542724609375,221.992919921875,295.224609375,227.6806640625,299.4383850097656,219.23709106445312,0,0,
14140,297.66107177734375,223.399169921875,295.51025390625,229.0869140625,299.4383850097656,219.23709106445312,0,0,
14150,299.04534912109375,221.377685546875,296.89453125,227.0654296875,299.4383850097656,219.23709106445312,0,0,
14160,298.21038818359375,222.608154296875,296.0595703125,228.2958984375,299.4383850097656,219.23709106445312,0,0,
14170,298.36419677734375,221.597412109375,296.21337890625,227.28515625,299.4383850097656,219.23709106445312,0,0,
14180,301.7696838378906,223.6192169189453,299.619140625,229.306640625,299.4383850097656,219.23709106445312,0,0,
14190,299.5284729003906,223.5972442626953,297.3779296875,229.28466796875,299.4383850097656,219.23709106445312,0,0,
14200,300.8688049316406,222.7622833251953,298.71826171875,228.44970703125,299.4383850097656,219.23709106445312,0,0,
14210,298.3419494628906,222.0811309814453,296.19140625,227.7685546875,299.4383850097656,219.23709106445312,0,0,
14220,300.1437072753906,222.9160919189453,297.9931640625,228.603515625,299.4383850097656,219.23709106445312,0,0,
14230,298.8252258300781,220.12603759765625,296.6748046875,225.81298828125,299.4383850097656,219.23709106445312,0,0,
14240,301.5058898925781,222.49908447265625,299.35546875,228.18603515625,299.4383850097656,219.23709106445312,0,0,
14250,299.6382141113281,223.33404541015625,297.48779296875,229.02099609375,299.4383850097656,219.23709106445312,0,0,
14260,297.5508117675781,223.37799072265625,295.400390625,229.06494140625,299.4383850097656,219.23709106445312,0,0,
14270,297.9682922363281,227.37701416015625,295.81787109375,233.06396484375,299.4383850097656,219.23709106445312,0,0,
14280,298.2312927246094,220.5230255126953,296.08154296875,226.20849609375,299.4383850097656,219.23709106445312,0,0,
14290,300.5384216308594,223.8628692626953,298.388671875,229.54833984375,299.4383850097656,219.23709106445312,0,0,
14300,299.1980895996094,223.7530059814453,297.04833984375,229.4384765625,299.4383850097656,219.23709106445312,0,0,
14310,300.3626403808594,222.0171661376953,298.212890625,227.70263671875,299.4383850097656,219.23709106445312,0,0,
14320,300.6482849121094,222.9619903564453,298.49853515625,228.6474609375,299.4383850097656,219.23709106445312,0,0,
14330,296.6910705566406,222.8083953857422,294.54345703125,228.49365234375,299.4383850097656,219.23709106445312,0,0,
14340,298.4708557128906,221.9514617919922,296.3232421875,227.63671875,299.4383850097656,219.23709106445312,0,0,
14350,301.2833557128906,221.2922821044922,299.1357421875,226.9775390625,299.4383850097656,219.23709106445312,0,0,
14360,298.8883361816406,220.1277313232422,296.74072265625,225.81298828125,299.4383850097656,219.23709106445312,0,0,
14370,299.7232971191406,217.1833953857422,297.57568359375,222.86865234375,299.4383850097656,219.23709106445312,0,0,
14380,297.7889709472656,223.70835876464844,295.64208984375,229.39453125,299.4383850097656,219.23709106445312,0,0,
14390,297.1297912597656,217.35826110839844,294.98291015625,223.04443359375,299.4383850097656,219.23709106445312,0,0,
14400,298.9095764160156,218.98423767089844,296.7626953125,224.67041015625,299.4383850097656,219.23709106445312,0,0,
14410,298.7777404785156,218.85240173339844,296.630859375,224.53857421875,299.4383850097656,219.23709106445312,0,0,
14420,299.5907287597656,220.14878845214844,297.44384765625,225.8349609375,299.4383850097656,219.23709106445312,0,0,
14430,298.578369140625,224.7411651611328,296.43310546875,230.42724609375,299.4383850097656,219.23709106445312,0,0,
14440,300.094482421875,219.4677276611328,297.94921875,225.15380859375,299.4383850097656,219.23709106445312,0,0,
14450,301.083251953125,222.8515167236328,298.93798828125,228.53759765625,299.4383850097656,219.23709106445312,0,0,
14460,298.864013671875,220.0390167236328,296.71875,225.72509765625,299.4383850097656,219.23709106445312,0,0,
14470,298.314697265625,223.0272979736328,296.16943359375,228.71337890625,299.4383850097656,219.23709106445312,0,0,
14480,299.2364807128906,223.02706909179688,297.09228515625,228.71337890625,299.4383850097656,219.23709106445312,0,0,
14490,297.6324768066406,219.86300659179688,295.48828125,225.54931640625,299.4383850097656,219.23709106445312,0,0,
14500,297.6544494628906,219.88497924804688,295.51025390625,225.5712890625,299.4383850097656,219.23709106445312,0,0,
14510,298.7970275878906,219.09396362304688,296.65283203125,224.7802734375,299.4383850097656,219.23709106445312,0,0,
14520,299.4781799316406,221.44503784179688,297.333984375,227.13134765625,299.4383850097656,219.23709106445312,0,0,
14530,299.1039733886719,222.0376739501953,296.96044921875,227.724609375,299.4383850097656,219.23709106445312,0,0,
14540,298.2690124511719,218.4561309814453,296.12548828125,224.14306640625,299.4383850097656,219.23709106445312,0,0,
14550,302.5756530761719,223.9932403564453,300.43212890625,229.68017578125,299.4383850097656,219.23709106445312,0,0,
14560,301.6967468261719,220.9170684814453,299.55322265625,226.60400390625,299.4383850097656,219.23709106445312,0,0,
14570,298.9721374511719,218.8076934814453,296.82861328125,224.49462890625,299.4383850097656,219.23709106445312,0,0,
14580,302.2020568847656,219.90487670898438,300.05859375,225.59326171875,299.4383850097656,219.23709106445312,0,0,
14590,299.8509826660156,218.56454467773438,297.70751953125,224.2529296875,299.4383850097656,219.23709106445312,0,0,
14600,297.2362365722656,218.47665405273438,295.0927734375,224.1650390625,299.4383850097656,219.23709106445312,0,0,
14610,299.9388732910156,221.35507202148438,297.79541015625,227.04345703125,299.4383850097656,219.23709106445312,0,0,
14620,299.0160217285156,220.84970092773438,296.87255859375,226.5380859375,299.4383850097656,219.23709106445312,0,0,
14630,298.0267028808594,219.4652557373047,295.8837890625,225.15380859375,299.4383850097656,219.23709106445312,0,0,
14640,299.9602966308594,220.3441619873047,297.8173828125,226.03271484375,299.4383850097656,219.23709106445312,0,0,
14650,298.9495544433594,218.0150604248047,296.806640625,223.70361328125,299.4383850097656,219.23709106445312,0,0,
14660,299.7625427246094,221.3549041748047,297.61962890625,227.04345703125,299.4383850097656,219.23709106445312,0,0,
14670,298.4441833496094,221.8163299560547,296.30126953125,227.5048828125,299.4383850097656,219.23709106445312,0,0,
14680,296.9262390136719,220.69635009765625,294.78515625,226.38427734375,299.4383850097656,219.23709106445312,0,0,
14690,296.8822937011719,219.70758056640625,294.7412109375,225.3955078125,299.4383850097656,219.23709106445312,0,0,
14700,297.5195007324219,220.74029541015625,295.37841796875,226.42822265625,299.4383850097656,219.23709106445312,0,0,
14710,298.8378601074219,219.61968994140625,296.69677734375,225.3076171875,299.4383850097656,219.23709106445312,0,0,
14720,299.1894226074219,216.78521728515625,297.04833984375,222.47314453125,299.4383850097656,219.23709106445312,0,0,
14730,298.4182434082031,216.91860961914062,296.279296875,222.60498046875,299.4383850097656,219.23709106445312,0,0,
14740,301.6921691894531,220.96157836914062,299.55322265625,226.64794921875,299.4383850097656,219.23709106445312,0,0,
14750,298.8796691894531,223.62026977539062,296.74072265625,229.306640625,299.4383850097656,219.23709106445312,0,0,
14760,298.5500793457031,219.90689086914062,296.4111328125,225.59326171875,299.4383850097656,219.23709106445312,0,0,
14770,300.1321105957031,220.85171508789062,297.9931640625,226.5380859375,299.4383850097656,219.23709106445312,0,0,
14780,298.78955078125,219.4467315673828,296.65283203125,225.1318359375,299.4383850097656,219.23709106445312,0,0,
14790,297.82275390625,218.3480987548828,295.68603515625,224.033203125,299.4383850097656,219.23709106445312,0,0,
14800,301.9755859375,217.9965362548828,299.8388671875,223.681640625,299.4383850097656,219.23709106445312,0,0,
14810,298.78955078125,219.4247589111328,296.65283203125,225.10986328125,299.4383850097656,219.23709106445312,0,0,
14820,299.80029296875,218.0624542236328,297.66357421875,223.74755859375,299.4383850097656,219.23709106445312,0,0,
14830,302.10601806640625,220.1511993408203,299.970703125,225.8349609375,299.4383850097656,219.23709106445312,0,0,
14840,299.38140869140625,217.2727813720703,297.24609375,222.95654296875,299.4383850097656,219.23709106445312,0,0,
14850,297.18414306640625,216.3279571533203,295.048828125,222.01171875,299.4383850097656,219.23709106445312,0,0,
14860,298.50250244140625,216.7234649658203,296.3671875,222.4072265625,299.4383850097656,219.23709106445312,0,0,
14870,297.77740478515625,220.5467071533203,295.64208984375,226.23046875,299.4383850097656,219.23709106445312,0,0,
14880,296.0849914550781,220.1090850830078,293.9501953125,225.791015625,299.4383850097656,219.23709106445312,0,0,
14890,300.1938781738281,220.0651397705078,298.05908203125,225.7470703125,299.4383850097656,219.23709106445312,0,0,
14900,300.7212219238281,221.6471710205078,298.58642578125,227.3291015625,299.4383850097656,219.23709106445312,0,0,
14910,298.6338195800781,217.6042022705078,296.4990234375,223.2861328125,299.4383850097656,219.23709106445312,0,0,
14920,298.0845031738281,219.5597686767578,295.94970703125,225.24169921875,299.4383850097656,219.23709106445312,0,0,
14930,299.62237548828125,219.84556579589844,297.48779296875,225.52734375,299.4383850097656,219.23709106445312,0,0,
14940,297.77667236328125,215.67076110839844,295.64208984375,221.3525390625,299.4383850097656,219.23709106445312,0,0,
14950,299.71026611328125,216.76939392089844,297.57568359375,222.451171875,299.4383850097656,219.23709106445312,0,0,
14960,298.87530517578125,219.88951110839844,296.74072265625,225.5712890625,299.4383850097656,219.23709106445312,0,0,
14970,299.22686767578125,217.47251892089844,297.09228515625,223.154296875,299.4383850097656,219.23709106445312,0,0,
14980,297.1835632324219,217.75967407226562,295.048828125,223.43994140625,299.4383850097656,219.23709106445312,0,0,
14990,299.3588562011719,219.64932250976562,297.22412109375,225.32958984375,299.4383850097656,219.23709106445312,0,0,
15000,298.8315124511719,218.92422485351562,296.69677734375,224.6044921875,299.0453186035156,220.26187133789062,0,0,
15010,297.5131530761719,220.63809204101562,295.37841796875,226.318359375,299.0453186035156,220.26187133789062,0,0,
15020,298.6337585449219,216.72695922851562,296.4990234375,222.4072265625,299.0453186035156,220.26187133789062,0,0,
15030,296.7431640625,219.517578125,294.609375,225.19775390625,299.0453186035156,220.26187133789062,0,0,
15040,299.18212890625,221.01171875,297.04833984375,226.69189453125,299.0453186035156,220.26187133789062,0,0,
15050,302.34619140625,219.078125,300.21240234375,224.75830078125,299.0453186035156,220.26187133789062,0,0,
15060,300.56640625,218.17724609375,298.4326171875,223.857421875,299.0453186035156,220.26187133789062,0,0,
15070,300.85205078125,219.93505859375,298.71826171875,225.615234375,299.0453186035156,220.26187133789062,0,0,
15080,300.6754150390625,218.61619567871094,298.54248046875,224.296875,299.0453186035156,220.26187133789062,0,0,
15090,299.2471923828125,220.37400817871094,297.1142578125,226.0546875,299.0453186035156,220.26187133789062,0,0,
15100,297.9947509765625,219.73680114746094,295.86181640625,225.41748046875,299.0453186035156,220.26187133789062,0,0,
15110,300.7633056640625,221.78025817871094,298.63037109375,227.4609375,299.0453186035156,220.26187133789062,0,0,
15120,300.6094970703125,221.36277770996094,298.4765625,227.04345703125,299.0453186035156,220.26187133789062,0,0,
15130,299.1590576171875,219.10101318359375,297.0263671875,224.7802734375,299.0453186035156,220.26187133789062,0,0,
15140,299.0272216796875,220.39739990234375,296.89453125,226.07666015625,299.0453186035156,220.26187133789062,0,0,
15150,298.6317138671875,217.87054443359375,296.4990234375,223.5498046875,299.0453186035156,220.26187133789062,0,0,
15160,299.0052490234375,220.59515380859375,296.87255859375,226.2744140625,299.0453186035156,220.26187133789062,0,0,
15170,299.6864013671875,219.69427490234375,297.5537109375,225.37353515625,299.0453186035156,220.26187133789062,0,0,
15180,299.24603271484375,219.32247924804688,297.1142578125,225.0,299.0453186035156,220.26187133789062,0,0,
15190,298.98236083984375,216.11447143554688,296.8505859375,221.7919921875,299.0453186035156,220.26187133789062,0,0,
15200,298.93841552734375,219.03683471679688,296.806640625,224.71435546875,299.0453186035156,220.26187133789062,0,0,
15210,299.50970458984375,221.30001831054688,297.3779296875,226.9775390625,299.0453186035156,220.26187133789062,0,0,
15220,297.86175537109375,219.73995971679688,295.72998046875,225.41748046875,299.0453186035156,220.26187133789062,0,0,
15230,299.97076416015625,222.68630981445312,297.83935546875,228.36181640625,299.0453186035156,220.26187133789062,0,0,
15240,297.88336181640625,215.52322387695312,295.751953125,221.19873046875,299.0453186035156,220.26187133789062,0,0,
15250,299.17974853515625,218.46755981445312,297.04833984375,224.14306640625,299.0453186035156,220.26187133789062,0,0,
15260,298.91607666015625,217.76443481445312,296.78466796875,223.43994140625,299.0453186035156,220.26187133789062,0,0,
15270,300.03668212890625,220.15945434570312,297.9052734375,225.8349609375,299.0453186035156,220.26187133789062,0,0,
15280,299.09088134765625,220.9961700439453,296.96044921875,226.669921875,299.0453186035156,220.26187133789062,0,0,
15290,299.09088134765625,220.4468536376953,296.96044921875,226.12060546875,299.0453186035156,220.26187133789062,0,0,
15300,300.45318603515625,221.5235137939453,298.32275390625,227.197265625,299.0453186035156,220.26187133789062,0,0,
15310,298.14605712890625,223.3692169189453,296.015625,229.04296875,299.0453186035156,220.26187133789062,0,0,
15320,299.72808837890625,222.7320098876953,297.59765625,228.40576171875,299.0453186035156,220.26187133789062,0,0,
15330,299.8809509277344,222.5362091064453,297.75146484375,228.2080078125,299.0453186035156,220.26187133789062,0,0,
15340,299.3975524902344,219.5259552001953,297.26806640625,225.19775390625,299.0453186035156,220.26187133789062,0,0,
15350,301.6607360839844,220.3609161376953,299.53125,226.03271484375,299.0453186035156,220.26187133789062,0,0,
15360,300.8477478027344,222.4702911376953,298.71826171875,228.14208984375,299.0453186035156,220.26187133789062,0,0,
15370,299.6392517089844,223.2613067626953,297.509765625,228.93310546875,299.0453186035156,220.26187133789062,0,0,
15380,301.0016174316406,221.703369140625,298.8720703125,227.373046875,299.0453186035156,220.26187133789062,0,0,
15390,300.4083557128906,220.494873046875,298.27880859375,226.16455078125,299.0453186035156,220.26187133789062,0,0,
15400,297.7057189941406,221.769287109375,295.576171875,227.43896484375,299.0453186035156,220.26187133789062,0,0,
15410,298.2330627441406,219.110595703125,296.103515625,224.7802734375,299.0453186035156,220.26187133789062,0,0,
15420,298.3868713378906,222.428466796875,296.25732421875,228.09814453125,299.0453186035156,220.26187133789062,0,0,
15430,302.5848388671875,220.27685546875,300.4541015625,225.94482421875,299.0453186035156,220.26187133789062,0,0,
15440,300.0799560546875,218.1455078125,297.94921875,223.8134765625,299.0453186035156,220.26187133789062,0,0,
15450,297.8167724609375,220.80419921875,295.68603515625,226.47216796875,299.0453186035156,220.26187133789062,0,0,
15460,300.8050537109375,219.35400390625,298.67431640625,225.02197265625,299.0453186035156,220.26187133789062,0,0,
15470,301.2884521484375,218.2333984375,299.15771484375,223.9013671875,299.0453186035156,220.26187133789062,0,0,
15480,299.2678527832031,218.43222045898438,297.13623046875,224.09912109375,299.0453186035156,220.26187133789062,0,0,
15490,298.6086730957031,222.10165405273438,296.47705078125,227.7685546875,299.0453186035156,220.26187133789062,0,0,
15500,300.4763488769531,223.11239624023438,298.3447265625,228.779296875,299.0453186035156,220.26187133789062,0,0,
15510,301.3552551269531,222.69491577148438,299.2236328125,228.36181640625,299.0453186035156,220.26187133789062,0,0,
15520,299.4875793457031,218.49813842773438,297.35595703125,224.1650390625,299.0453186035156,220.26187133789062,0,0,
15530,301.39910888671875,219.8168182373047,299.267578125,225.4833984375,299.0453186035156,220.26187133789062,0,0,
15540,300.56414794921875,222.5194549560547,298.4326171875,228.18603515625,299.0453186035156,220.26187133789062,0,0,
15550,299.99285888671875,222.8490447998047,297.861328125,228.515625,299.0453186035156,220.26187133789062,0,0,
15560,299.88299560546875,219.9047088623047,297.75146484375,225.5712890625,299.0453186035156,220.26187133789062,0,0,
15570,299.35565185546875,220.5638885498047,297.22412109375,226.23046875,299.0453186035156,220.26187133789062,0,0,
15580,296.98309326171875,217.20289611816406,294.85107421875,222.86865234375,299.0453186035156,220.26187133789062,0,0,
15590,298.05975341796875,221.64137268066406,295.927734375,227.30712890625,299.0453186035156,220.26187133789062,0,0,
15600,298.65301513671875,218.58717346191406,296.52099609375,224.2529296875,299.0453186035156,220.26187133789062,0,0,
15610,301.20184326171875,220.23512268066406,299.06982421875,225.90087890625,299.0453186035156,220.26187133789062,0,0,
15620,301.11395263671875,217.57643127441406,298.98193359375,223.2421875,299.0453186035156,220.26187133789062,0,0,
15630,298.6331787109375,219.11459350585938,296.4990234375,224.7802734375,299.0453186035156,220.26187133789062,0,0,
15640,299.1605224609375,219.92758178710938,297.0263671875,225.59326171875,299.0453186035156,220.26187133789062,0,0,
15650,302.4124755859375,216.71957397460938,300.2783203125,222.38525390625,299.0453186035156,220.26187133789062,0,0,
15660,300.4129638671875,221.90512084960938,298.27880859375,227.57080078125,299.0453186035156,220.26187133789062,0,0,
15670,299.7098388671875,217.24691772460938,297.57568359375,222.91259765625,299.0453186035156,220.26187133789062,0,0,
15680,297.27215576171875,217.50921630859375,295.13671875,223.17626953125,299.0453186035156,220.26187133789062,0,0,
15690,298.87615966796875,216.32269287109375,296.74072265625,221.98974609375,299.0453186035156,220.26187133789062,0,0,
15700,297.60174560546875,220.51947021484375,295.46630859375,226.1865234375,299.0453186035156,220.26187133789062,0,0,
15710,300.39227294921875,218.30023193359375,298.2568359375,223.96728515625,299.0453186035156,220.26187133789062,0,0,
15720,299.55731201171875,216.32269287109375,297.421875,221.98974609375,299.0453186035156,220.26187133789062,0,0,
15730,301.3380126953125,217.8816375732422,299.20166015625,223.5498046875,299.0453186035156,220.26187133789062,0,0,
15740,298.2178955078125,218.6726531982422,296.08154296875,224.3408203125,299.0453186035156,220.26187133789062,0,0,
15750,297.6685791015625,216.8489227294922,295.5322265625,222.51708984375,299.0453186035156,220.26187133789062,0,0,
15760,300.9864501953125,220.4304656982422,298.85009765625,226.0986328125,299.0453186035156,220.26187133789062,0,0,
15770,299.1187744140625,217.7058563232422,296.982421875,223.3740234375,299.0453186035156,220.26187133789062,0,0,
15780,300.1524658203125,218.7823944091797,298.01513671875,224.45068359375,299.0453186035156,220.26187133789062,0,0,
15790,299.1636962890625,219.7272186279297,297.0263671875,225.3955078125,299.0453186035156,220.26187133789062,0,0,
15800,302.8990478515625,219.0680389404297,300.76171875,224.736328125,299.0453186035156,220.26187133789062,0,0,
15810,299.8448486328125,218.9801483154297,297.70751953125,224.6484375,299.0453186035156,220.26187133789062,0,0,
15820,299.8887939453125,220.5402069091797,297.75146484375,226.20849609375,299.0453186035156,220.26187133789062,0,0,
15830,298.4840393066406,220.6937255859375,296.34521484375,226.3623046875,299.0453186035156,220.26187133789062,0,0,
15840,299.9342346191406,222.8909912109375,297.79541015625,228.5595703125,299.0453186035156,220.26187133789062,0,0,
15850,299.3849182128906,221.0233154296875,297.24609375,226.69189453125,299.0453186035156,220.26187133789062,0,0,
15860,297.8028869628906,218.5623779296875,295.6640625,224.23095703125,299.0453186035156,220.26187133789062,0,0,
15870,300.7472229003906,219.2655029296875,298.6083984375,224.93408203125,299.0453186035156,220.26187133789062,0,0,
15880,298.2862548828125,219.48519897460938,296.1474609375,225.15380859375,299.0453186035156,220.26187133789062,0,0,
15890,301.2086181640625,217.52963256835938,299.06982421875,223.1982421875,299.0453186035156,220.26187133789062,0,0,
15900,298.5059814453125,223.19857788085938,296.3671875,228.8671875,299.0453186035156,220.26187133789062,0,0,
15910,301.4063720703125,220.27621459960938,299.267578125,225.94482421875,299.0453186035156,220.26187133789062,0,0,
15920,299.3848876953125,220.53988647460938,297.24609375,226.20849609375,299.0453186035156,220.26187133789062,0,0,
15930,299.12042236328125,217.66079711914062,296.982421875,223.330078125,299.0453186035156,220.26187133789062,0,0,
15940,300.63653564453125,219.41860961914062,298.49853515625,225.087890625,299.0453186035156,220.26187133789062,0,0,
15950,300.08721923828125,216.97964477539062,297.94921875,222.64892578125,299.0453186035156,220.26187133789062,0,0,
15960,299.23028564453125,221.22036743164062,297.09228515625,226.8896484375,299.0453186035156,220.26187133789062,0,0,
15970,299.66973876953125,220.40737915039062,297.53173828125,226.07666015625,299.0453186035156,220.26187133789062,0,0,
15980,298.8341979980469,222.16574096679688,296.69677734375,227.83447265625,299.0453186035156,220.26187133789062,0,0,
15990,299.3175964355469,218.54025268554688,297.18017578125,224.208984375,299.0453186035156,220.26187133789062,0,0,
16000,298.2848815917969,220.75949096679688,296.1474609375,226.42822265625,299.0453186035156,220.26187133789062,0,0,
16010,298.4606628417969,222.18771362304688,296.3232421875,227.8564453125,299.0453186035156,220.26187133789062,0,0,
16020,298.2409362792969,220.01242065429688,296.103515625,225.68115234375,299.0453186035156,220.26187133789062,0,0,
16030,299.0770263671875,219.2219696044922,296.9384765625,224.89013671875,299.0453186035156,220.26187133789062,0,0,
16040,299.4505615234375,220.5842742919922,297.31201171875,226.25244140625,299.0453186035156,220.26187133789062,0,0,
16050,300.1756591796875,220.6282196044922,298.037109375,226.29638671875,299.0453186035156,220.26187133789062,0,0,
16060,299.2308349609375,222.0564422607422,297.09228515625,227.724609375,299.0453186035156,220.26187133789062,0,0,
16070,299.8240966796875,221.7268524169922,297.685546875,227.39501953125,299.0453186035156,220.26187133789062,0,0,
16080,301.6915283203125,221.63990783691406,299.55322265625,227.30712890625,299.0453186035156,220.26187133789062,0,0,
16090,301.6475830078125,220.98072814941406,299.50927734375,226.64794921875,299.0453186035156,220.26187133789062,0,0,
16100,299.3843994140625,222.58473205566406,297.24609375,228.251953125,299.0453186035156,220.26187133789062,0,0,
16110,301.6036376953125,218.84938049316406,299.46533203125,224.5166015625,299.0453186035156,220.26187133789062,0,0,
16120,300.5928955078125,221.33229064941406,298.45458984375,226.99951171875,299.0453186035156,220.26187133789062,0,0,
16130,299.9112854003906,219.33555603027344,297.7734375,225.0,299.0453186035156,220.26187133789062,0,0,
16140,301.6910705566406,217.07237243652344,299.55322265625,222.73681640625,299.0453186035156,220.26187133789062,0,0,
16150,298.8126525878906,220.28038024902344,296.6748046875,225.94482421875,299.0453186035156,220.26187133789062,0,0,
16160,298.5489807128906,216.14952087402344,296.4111328125,221.81396484375,299.0453186035156,220.26187133789062,0,0,
16170,298.4830627441406,218.52256774902344,296.34521484375,224.18701171875,299.0453186035156,220.26187133789062,0,0,
16180,296.74749755859375,217.71139526367188,294.609375,223.3740234375,299.0453186035156,220.26187133789062,0,0,
16190,299.75775146484375,220.87545776367188,297.61962890625,226.5380859375,299.0453186035156,220.26187133789062,0,0,
16200,298.74700927734375,220.41403198242188,296.60888671875,226.07666015625,299.0453186035156,220.26187133789062,0,0,
16210,301.44964599609375,220.76559448242188,299.3115234375,226.42822265625,299.0453186035156,220.26187133789062,0,0,
16220,301.40570068359375,223.07272338867188,299.267578125,228.7353515625,299.0453186035156,220.26187133789062,0,0,
16230,299.62628173828125,222.457275390625,297.48779296875,228.1201171875,299.0453186035156,220.26187133789062,0,0,
16240,302.32891845703125,224.083251953125,300.1904296875,229.74609375,299.0453186035156,220.26187133789062,0,0,
16250,300.63702392578125,223.380126953125,298.49853515625,229.04296875,299.0453186035156,220.26187133789062,0,0,
16260,298.43975830078125,219.359130859375,296.30126953125,225.02197265625,299.0453186035156,220.26187133789062,0,0,
16270,299.62628173828125,218.238525390625,297.48779296875,223.9013671875,299.0453186035156,220.26187133789062,0,0,
16280,302.3072204589844,221.99636840820312,300.16845703125,227.65869140625,299.0453186035156,220.26187133789062,0,0,
16290,301.3184509277344,221.57888793945312,299.1796875,227.2412109375,299.0453186035156,220.26187133789062,0,0,
16300,301.7139587402344,221.33718872070312,299.5751953125,226.99951171875,299.0453186035156,220.26187133789062,0,0,
16310,301.6480407714844,221.93045043945312,299.50927734375,227.5927734375,299.0453186035156,220.26187133789062,0,0,
16320,298.4839782714844,220.87576293945312,296.34521484375,226.5380859375,299.0453186035156,220.26187133789062,0,0,
16330,297.60595703125,221.4917449951172,295.46630859375,227.1533203125,299.0453186035156,220.26187133789062,0,0,
16340,301.64892578125,221.0742645263672,299.50927734375,226.73583984375,299.0453186035156,220.26187133789062,0,0,
16350,299.80322265625,219.4922332763672,297.66357421875,225.15380859375,299.0453186035156,220.26187133789062,0,0,
16360,300.90185546875,219.0747528076172,298.76220703125,224.736328125,299.0453186035156,220.26187133789062,0,0,
16370,301.5830078125,219.4702606201172,299.443359375,225.1318359375,299.0453186035156,220.26187133789062,0,0,
16380,302.7265625,218.30564880371094,300.5859375,223.96728515625,299.0453186035156,220.26187133789062,0,0,
16390,302.4189453125,221.22801208496094,300.2783203125,226.8896484375,299.0453186035156,220.26187133789062,0,0,
16400,301.7158203125,219.55809020996094,299.5751953125,225.2197265625,299.0453186035156,220.26187133789062,0,0,
16410,299.0791015625,217.93211364746094,296.9384765625,223.59375,299.0453186035156,220.26187133789062,0,0,
16420,300.6171875,217.20701599121094,298.4765625,222.86865234375,299.0453186035156,220.26187133789062,0,0,
16430,299.2337951660156,222.04087829589844,297.09228515625,227.70263671875,299.0453186035156,220.26187133789062,0,0,
16440,302.4857482910156,220.52476501464844,300.34423828125,226.1865234375,299.0453186035156,220.26187133789062,0,0,
16450,299.8490295410156,219.93150329589844,297.70751953125,225.59326171875,299.0453186035156,220.26187133789062,0,0,
16460,300.1127014160156,220.98619079589844,297.97119140625,226.64794921875,299.0453186035156,220.26187133789062,0,0,
16470,300.8597717285156,216.43785095214844,298.71826171875,222.099609375,299.0453186035156,220.26187133789062,0,0,
16480,302.5745849609375,222.74461364746094,300.43212890625,228.40576171875,299.0453186035156,220.26187133789062,0,0,
16490,301.7835693359375,219.91014099121094,299.64111328125,225.5712890625,299.0453186035156,220.26187133789062,0,0,
16500,297.6527099609375,218.54783630371094,295.51025390625,224.208984375,299.0453186035156,220.26187133789062,0,0,
16510,297.9163818359375,217.82273864746094,295.77392578125,223.48388671875,299.0453186035156,220.26187133789062,0,0,
16520,302.4207763671875,217.53709411621094,300.2783203125,223.1982421875,299.0453186035156,220.26187133789062,0,0,
16530,299.08050537109375,223.27163696289062,296.9384765625,228.93310546875,299.0453186035156,220.26187133789062,0,0,
16540,299.98138427734375,220.26138305664062,297.83935546875,225.9228515625,299.0453186035156,220.26187133789062,0,0,
16550,301.47552490234375,218.72329711914062,299.33349609375,224.384765625,299.0453186035156,220.26187133789062,0,0,
16560,299.41009521484375,217.75650024414062,297.26806640625,223.41796875,299.0453186035156,220.26187133789062,0,0,
16570,298.77288818359375,217.69058227539062,296.630859375,223.35205078125,299.0453186035156,220.26187133789062,0,0,
16580,299.1244201660156,217.7569580078125,296.982421875,223.41796875,299.0453186035156,220.26187133789062,0,0,
16590,300.1351623535156,219.5367431640625,297.9931640625,225.19775390625,299.0453186035156,220.26187133789062,0,0,
16600,299.6297912597656,217.8228759765625,297.48779296875,223.48388671875,299.0453186035156,220.26187133789062,0,0,
16610,297.7621154785156,216.5484619140625,295.6201171875,222.20947265625,299.0453186035156,220.26187133789062,0,0,
16620,302.4422912597656,221.1846923828125,300.30029296875,226.845703125,299.0453186035156,220.26187133789062,0,0,
16630,300.5753479003906,217.8899688720703,298.4326171875,223.5498046875,299.0453186035156,220.26187133789062,0,0,
16640,298.9273986816406,218.8128204345703,296.78466796875,224.47265625,299.0453186035156,220.26187133789062,0,0,
16650,301.2784729003906,215.7805938720703,299.1357421875,221.4404296875,299.0453186035156,220.26187133789062,0,0,
16660,301.8497619628906,218.8567657470703,299.70703125,224.5166015625,299.0453186035156,220.26187133789062,0,0,
16670,304.2008361816406,218.6590118408203,302.05810546875,224.31884765625,299.0453186035156,220.26187133789062,0,0,
16680,299.0601806640625,218.63917541503906,296.91650390625,224.296875,299.0453186035156,220.26187133789062,0,0,
16690,299.6314697265625,221.49562072753906,297.48779296875,227.1533203125,299.0453186035156,220.26187133789062,0,0,
16700,303.1251220703125,219.05665588378906,300.9814453125,224.71435546875,299.0453186035156,220.26187133789062,0,0,
16710,299.7413330078125,220.17726135253906,297.59765625,225.8349609375,299.0453186035156,220.26187133789062,0,0,
16720,301.2135009765625,219.56202697753906,299.06982421875,225.2197265625,299.0453186035156,220.26187133789062,0,0,
16730,301.3009338378906,218.66488647460938,299.15771484375,224.31884765625,299.0453186035156,220.26187133789062,0,0,
16740,299.4552307128906,218.68685913085938,297.31201171875,224.3408203125,299.0453186035156,220.26187133789062,0,0,
16750,299.9166564941406,221.05990600585938,297.7734375,226.7138671875,299.0453186035156,220.26187133789062,0,0,
16760,299.1476135253906,220.62045288085938,297.00439453125,226.2744140625,299.0453186035156,220.26187133789062,0,0,
16770,301.2130432128906,219.76351928710938,299.06982421875,225.41748046875,299.0453186035156,220.26187133789062,0,0,
16780,298.48828125,219.0622100830078,296.34521484375,224.71435546875,299.0453186035156,220.26187133789062,0,0,
16790,297.5654296875,218.9084014892578,295.42236328125,224.560546875,299.0453186035156,220.26187133789062,0,0,
16800,298.83984375,219.8092803955078,296.69677734375,225.46142578125,299.0453186035156,220.26187133789062,0,0,
16810,298.7958984375,221.2814483642578,296.65283203125,226.93359375,299.0453186035156,220.26187133789062,0,0,
16820,300.09228515625,225.1486358642578,297.94921875,230.80078125,299.0453186035156,220.26187133789062,0,0,
16830,301.41064453125,218.2732391357422,299.267578125,223.92333984375,299.0453186035156,220.26187133789062,0,0,
16840,297.98291015625,219.2839813232422,295.83984375,224.93408203125,299.0453186035156,220.26187133789062,0,0,
16850,298.33447265625,218.3171844482422,296.19140625,223.96728515625,299.0453186035156,220.26187133789062,0,0,
16860,301.27880859375,219.8552703857422,299.1357421875,225.50537109375,299.0453186035156,220.26187133789062,0,0,
16870,298.68603515625,216.9109344482422,296.54296875,222.56103515625,299.0453186035156,220.26187133789062,0,0,
16880,295.5650939941406,218.03323364257812,293.4228515625,223.681640625,299.0453186035156,220.26187133789062,0,0,
16890,301.4098205566406,218.51663208007812,299.267578125,224.1650390625,299.0453186035156,220.26187133789062,0,0,
16900,300.1354064941406,220.45022583007812,297.9931640625,226.0986328125,299.0453186035156,220.26187133789062,0,0,
16910,298.3995666503906,219.54934692382812,296.25732421875,225.19775390625,299.0453186035156,220.26187133789062,0,0,
16920,298.9708557128906,221.28518676757812,296.82861328125,226.93359375,299.0453186035156,220.26187133789062,0,0,
16930,297.2790832519531,218.0550994873047,295.13671875,223.70361328125,299.0453186035156,220.26187133789062,0,0,
16940,297.4548645019531,219.8568572998047,295.3125,225.50537109375,299.0453186035156,220.26187133789062,0,0,
16950,300.9704895019531,218.3407440185547,298.828125,223.9892578125,299.0453186035156,220.26187133789062,0,0,
16960,299.8059387207031,218.7142791748047,297.66357421875,224.36279296875,299.0453186035156,220.26187133789062,0,0,
16970,298.6194152832031,220.2963104248047,296.47705078125,225.94482421875,299.0453186035156,220.26187133789062,0,0,
16980,298.3339538574219,220.6246795654297,296.19140625,226.2744140625,299.0453186035156,220.26187133789062,0,0,
16990,298.5976257324219,219.0865936279297,296.455078125,224.736328125,299.0453186035156,220.26187133789062,0,0,
17000,300.3334655761719,218.3395233154297,298.19091796875,223.9892578125,299.0453186035156,220.26187133789062,0,0,
17010,299.0151062011719,218.0099334716797,296.87255859375,223.65966796875,299.0453186035156,220.26187133789062,0,0,
17020,296.8837585449219,215.5050506591797,294.7412109375,221.15478515625,299.0453186035156,220.26187133789062,0,0,
17030,297.3011474609375,217.2617645263672,295.15869140625,222.91259765625,299.0453186035156,220.26187133789062,0,0,
17040,299.6302490234375,218.8218231201172,297.48779296875,224.47265625,299.0453186035156,220.26187133789062,0,0,
17050,298.6414794921875,217.3496551513672,296.4990234375,223.00048828125,299.0453186035156,220.26187133789062,0,0,
17060,300.1356201171875,218.7778778076172,297.9931640625,224.4287109375,299.0453186035156,220.26187133789062,0,0,
17070,298.0042724609375,221.8320770263672,295.86181640625,227.48291015625,299.0453186035156,220.26187133789062,0,0,
17080,301.0578308105469,219.7871856689453,298.916015625,225.439453125,299.0453186035156,220.26187133789062,0,0,
17090,298.9924011230469,218.9741973876953,296.8505859375,224.62646484375,299.0453186035156,220.26187133789062,0,0,
17100,299.0802917480469,218.6226348876953,296.9384765625,224.27490234375,299.0453186035156,220.26187133789062,0,0,
17110,298.6188659667969,218.4907989501953,296.47705078125,224.14306640625,299.0453186035156,220.26187133789062,0,0,
17120,299.0143737792969,218.6006622314453,296.87255859375,224.2529296875,299.0453186035156,220.26187133789062,0,0,
17130,298.1116943359375,220.0052032470703,295.9716796875,225.6591796875,299.0453186035156,220.26187133789062,0,0,
17140,298.2655029296875,219.4558868408203,296.12548828125,225.10986328125,299.0453186035156,220.26187133789062,0,0,
17150,299.7156982421875,221.6751251220703,297.57568359375,227.3291015625,299.0453186035156,220.26187133789062,0,0,
17160,299.6937255859375,218.5330352783203,297.5537109375,224.18701171875,299.0453186035156,220.26187133789062,0,0,
17170,297.8480224609375,220.2029571533203,295.7080078125,225.85693359375,299.0453186035156,220.26187133789062,0,0,
17180,296.39666748046875,220.37648010253906,294.2578125,226.03271484375,299.0453186035156,220.26187133789062,0,0,
17190,300.50555419921875,222.46388244628906,298.36669921875,228.1201171875,299.0453186035156,220.26187133789062,0,0,
17200,298.41815185546875,221.60694885253906,296.279296875,227.26318359375,299.0453186035156,220.26187133789062,0,0,
17210,298.63787841796875,222.09034729003906,296.4990234375,227.74658203125,299.0453186035156,220.26187133789062,0,0,
17220,300.65936279296875,221.76075744628906,298.5205078125,227.4169921875,299.0453186035156,220.26187133789062,0,0,
17230,300.5692138671875,222.08740234375,298.4326171875,227.74658203125,299.0453186035156,220.26187133789062,0,0,
17240,300.6351318359375,219.8681640625,298.49853515625,225.52734375,299.0453186035156,220.26187133789062,0,0,
17250,299.9320068359375,215.89111328125,297.79541015625,221.55029296875,299.0453186035156,220.26187133789062,0,0,
17260,297.9764404296875,217.2314453125,295.83984375,222.890625,299.0453186035156,220.26187133789062,0,0,
17270,301.5140380859375,219.36279296875,299.37744140625,225.02197265625,299.0453186035156,220.26187133789062,0,0,
17280,298.30340576171875,221.1610565185547,296.16943359375,226.82373046875,299.0453186035156,220.26187133789062,0,0,
17290,300.91815185546875,221.5345916748047,298.7841796875,227.197265625,299.0453186035156,220.26187133789062,0,0,
17300,299.05047607421875,218.2167205810547,296.91650390625,223.87939453125,299.0453186035156,220.26187133789062,0,0,
17310,300.23699951171875,220.9852752685547,298.10302734375,226.64794921875,299.0453186035156,220.26187133789062,0,0,
17320,301.00604248046875,214.1517791748047,298.8720703125,219.814453125,299.0453186035156,220.26187133789062,0,0,
17330,298.697021484375,222.78443908691406,296.56494140625,228.44970703125,299.0453186035156,220.26187133789062,0,0,
17340,297.598388671875,220.93873596191406,295.46630859375,226.60400390625,299.0453186035156,220.26187133789062,0,0,
17350,298.631103515625,217.84059143066406,296.4990234375,223.505859375,299.0453186035156,220.26187133789062,0,0,
17360,299.597900390625,219.64234924316406,297.4658203125,225.3076171875,299.0453186035156,220.26187133789062,0,0,
17370,300.015380859375,220.32350158691406,297.88330078125,225.98876953125,299.0453186035156,220.26187133789062,0,0,
17380,299.817138671875,219.79356384277344,297.685546875,225.46142578125,299.0453186035156,220.26187133789062,0,0,
17390,299.026123046875,215.83848571777344,296.89453125,221.50634765625,299.0453186035156,220.26187133789062,0,0,
17400,298.498779296875,217.94786071777344,296.3671875,223.61572265625,299.0453186035156,220.26187133789062,0,0,
17410,298.235107421875,217.77207946777344,296.103515625,223.43994140625,299.0453186035156,220.26187133789062,0,0,
17420,299.201904296875,217.44248962402344,297.0703125,223.1103515625,299.0453186035156,220.26187133789062,0,0,
17430,299.99298095703125,220.18707275390625,297.861328125,225.85693359375,299.0453186035156,220.26187133789062,0,0,
17440,298.45489501953125,220.03326416015625,296.3232421875,225.703125,299.0453186035156,220.26187133789062,0,0,
17450,298.78448486328125,220.27496337890625,296.65283203125,225.94482421875,299.0453186035156,220.26187133789062,0,0,
17460,300.30059814453125,222.42828369140625,298.1689453125,228.09814453125,299.0453186035156,220.26187133789062,0,0,
17470,300.36651611328125,222.16461181640625,298.23486328125,227.83447265625,299.0453186035156,220.26187133789062,0,0,
17480,300.1031494140625,219.81179809570312,297.97119140625,225.4833984375,299.0453186035156,220.26187133789062,0,0,
17490,299.2462158203125,219.89968872070312,297.1142578125,225.5712890625,299.0453186035156,220.26187133789062,0,0,
17500,299.8834228515625,218.01004028320312,297.75146484375,223.681640625,299.0453186035156,220.26187133789062,0,0,
17510,302.0367431640625,221.15213012695312,299.90478515625,226.82373046875,299.0453186035156,220.26187133789062,0,0,
17520,297.2906494140625,218.77908325195312,295.15869140625,224.45068359375,299.0453186035156,220.26187133789062,0,0,
17530,302.0589294433594,219.1290283203125,299.9267578125,224.80224609375,299.0453186035156,220.26187133789062,0,0,
17540,298.9607849121094,220.9088134765625,296.82861328125,226.58203125,299.0453186035156,220.26187133789062,0,0,
17550,297.1150817871094,222.7325439453125,294.98291015625,228.40576171875,299.0453186035156,220.26187133789062,0,0,
17560,297.9500427246094,221.5020751953125,295.81787109375,227.17529296875,299.0453186035156,220.26187133789062,0,0,
17570,298.3675231933594,222.8204345703125,296.2353515625,228.49365234375,299.0453186035156,220.26187133789062,0,0,
17580,297.04974365234375,216.62171936035156,294.9169921875,222.29736328125,299.0453186035156,220.26187133789062,0,0,
17590,296.47845458984375,217.10511779785156,294.345703125,222.78076171875,299.0453186035156,220.26187133789062,0,0,
17600,299.40081787109375,221.91712951660156,297.26806640625,227.5927734375,299.0453186035156,220.26187133789062,0,0,
17610,298.96136474609375,222.09291076660156,296.82861328125,227.7685546875,299.0453186035156,220.26187133789062,0,0,
17620,298.23626708984375,219.17054748535156,296.103515625,224.84619140625,299.0453186035156,220.26187133789062,0,0,
17630,300.28033447265625,222.02590942382812,298.14697265625,227.70263671875,299.0453186035156,220.26187133789062,0,0,
17640,300.50006103515625,219.21340942382812,298.36669921875,224.89013671875,299.0453186035156,220.26187133789062,0,0,
17650,298.21490478515625,217.85110473632812,296.08154296875,223.52783203125,299.0453186035156,220.26187133789062,0,0,
17660,298.89605712890625,217.19192504882812,296.7626953125,222.86865234375,299.0453186035156,220.26187133789062,0,0,
17670,300.30230712890625,220.99319458007812,298.1689453125,226.669921875,299.0453186035156,220.26187133789062,0,0,
17680,299.9065246582031,221.23367309570312,297.7734375,226.91162109375,299.0453186035156,220.26187133789062,0,0,
17690,297.4895324707031,219.76150512695312,295.3564453125,225.439453125,299.0453186035156,220.26187133789062,0,0,
17700,299.4231262207031,219.34402465820312,297.2900390625,225.02197265625,299.0453186035156,220.26187133789062,0,0,
17710,298.5222473144531,220.39871215820312,296.38916015625,226.07666015625,299.0453186035156,220.26187133789062,0,0,
17720,296.8962707519531,218.33328247070312,294.76318359375,224.01123046875,299.0453186035156,220.26187133789062,0,0,
17730,299.8194885253906,218.48690795898438,297.685546875,224.1650390625,299.0453186035156,220.26187133789062,0,0,
17740,301.0499572753906,221.65097045898438,298.916015625,227.3291015625,299.0453186035156,220.26187133789062,0,0,
17750,298.7428283691406,221.76083374023438,296.60888671875,227.43896484375,299.0453186035156,220.26187133789062,0,0,
17760,301.7311096191406,217.03671264648438,299.59716796875,222.71484375,299.0453186035156,220.26187133789062,0,0,
17770,299.0284729003906,222.72763061523438,296.89453125,228.40576171875,299.0453186035156,220.26187133789062,0,0,
17780,299.1604919433594,216.72877502441406,297.0263671875,222.4072265625,299.0453186035156,220.26187133789062,0,0,
17790,300.2371520996094,219.07984924316406,298.10302734375,224.75830078125,299.0453186035156,220.26187133789062,0,0,
17800,299.5779724121094,217.12428283691406,297.44384765625,222.802734375,299.0453186035156,220.26187133789062,0,0,
17810,297.1390075683594,220.02467346191406,295.0048828125,225.703125,299.0453186035156,220.26187133789062,0,0,
17820,301.0501403808594,218.94801330566406,298.916015625,224.62646484375,299.0453186035156,220.26187133789062,0,0,
17830,299.31500244140625,217.82794189453125,297.18017578125,223.505859375,299.0453186035156,220.26187133789062,0,0,
17840,300.56744384765625,222.94757080078125,298.4326171875,228.62548828125,299.0453186035156,220.26187133789062,0,0,
17850,299.97418212890625,217.76202392578125,297.83935546875,223.43994140625,299.0453186035156,220.26187133789062,0,0,
17860,298.67779541015625,218.59698486328125,296.54296875,224.27490234375,299.0453186035156,220.26187133789062,0,0,
17870,301.73199462890625,218.35528564453125,299.59716796875,224.033203125,299.0453186035156,220.26187133789062,0,0,
17880,300.8323669433594,218.3339080810547,298.6962890625,224.01123046875,299.0453186035156,220.26187133789062,0,0,
17890,298.7229919433594,217.4769744873047,296.5869140625,223.154296875,299.0453186035156,220.26187133789062,0,0,
17900,298.7669372558594,219.5863494873047,296.630859375,225.263671875,299.0453186035156,220.26187133789062,0,0,
17910,300.6785583496094,218.9271697998047,298.54248046875,224.6044921875,299.0453186035156,220.26187133789062,0,0,
17920,298.8108825683594,220.3334197998047,296.6748046875,226.0107421875,299.0453186035156,220.26187133789062,0,0,
17930,298.26324462890625,217.3889923095703,296.12548828125,223.06640625,299.0453186035156,220.26187133789062,0,0,
17940,299.99908447265625,214.4226837158203,297.861328125,220.10009765625,299.0453186035156,220.26187133789062,0,0,
17950,299.20806884765625,217.1912384033203,297.0703125,222.86865234375,299.0453186035156,220.26187133789062,0,0,
17960,300.21881103515625,218.7293243408203,298.0810546875,224.40673828125,299.0453186035156,220.26187133789062,0,0,
17970,299.14215087890625,219.2127227783203,297.00439453125,224.89013671875,299.0453186035156,220.26187133789062,0,0,
17980,298.7484130859375,218.90591430664062,296.60888671875,224.58251953125,299.0453186035156,220.26187133789062,0,0,
17990,299.8031005859375,222.28970336914062,297.66357421875,227.96630859375,299.0453186035156,220.26187133789062,0,0,
18000,297.6717529296875,217.49966430664062,295.5322265625,223.17626953125,299.6089782714844,219.68955993652344,0,0,
18010,298.2869873046875,214.55532836914062,296.1474609375,220.23193359375,299.6089782714844,219.68955993652344,0,0,
18020,300.7698974609375,214.40151977539062,298.63037109375,220.078125,299.6089782714844,219.68955993652344,0,0,
18030,299.8483581542969,217.12615966796875,297.70751953125,222.802734375,299.6089782714844,219.68955993652344,0,0,
18040,299.0133972167969,217.34588623046875,296.87255859375,223.0224609375,299.6089782714844,219.68955993652344,0,0,
18050,299.3429870605469,216.55487060546875,297.2021484375,222.2314453125,299.6089782714844,219.68955993652344,0,0,
18060,297.7170104980469,216.59881591796875,295.576171875,222.275390625,299.6089782714844,219.68955993652344,0,0,
18070,299.5627136230469,214.40155029296875,297.421875,220.078125,299.6089782714844,219.68955993652344,0,0,
18080,296.7518615722656,217.1919403076172,294.609375,222.86865234375,299.6089782714844,219.68955993652344,0,0,
18090,296.0926818847656,218.6201629638672,293.9501953125,224.296875,299.6089782714844,219.68955993652344,0,0,
18100,299.7621154785156,216.2471160888672,297.61962890625,221.923828125,299.6089782714844,219.68955993652344,0,0,
18110,299.2347717285156,216.0493621826172,297.09228515625,221.72607421875,299.6089782714844,219.68955993652344,0,0,
18120,295.7630920410156,218.9936981201172,293.62060546875,224.67041015625,299.6089782714844,219.68955993652344,0,0,
18130,298.4017028808594,217.30067443847656,296.25732421875,222.978515625,299.6089782714844,219.68955993652344,0,0,
18140,300.2913513183594,213.85096740722656,298.14697265625,219.52880859375,299.6089782714844,219.68955993652344,0,0,
18150,301.3899841308594,215.52088928222656,299.24560546875,221.19873046875,299.6089782714844,219.68955993652344,0,0,
18160,300.0276794433594,219.08045959472656,297.88330078125,224.75830078125,299.6089782714844,219.68955993652344,0,0,
18170,297.4788513183594,216.83924865722656,295.33447265625,222.51708984375,299.6089782714844,219.68955993652344,0,0,
18180,299.69927978515625,216.88265991210938,297.5537109375,222.56103515625,299.6089782714844,219.68955993652344,0,0,
18190,299.08404541015625,217.19027709960938,296.9384765625,222.86865234375,299.6089782714844,219.68955993652344,0,0,
18200,299.80914306640625,216.11361694335938,297.66357421875,221.7919921875,299.6089782714844,219.68955993652344,0,0,
18210,299.85308837890625,218.90414428710938,297.70751953125,224.58251953125,299.6089782714844,219.68955993652344,0,0,
18220,300.22662353515625,219.03598022460938,298.0810546875,224.71435546875,299.6089782714844,219.68955993652344,0,0,
18230,299.5474548339844,217.27745056152344,297.39990234375,222.95654296875,299.6089782714844,219.68955993652344,0,0,
18240,300.0747985839844,219.34288024902344,297.92724609375,225.02197265625,299.6089782714844,219.68955993652344,0,0,
18250,299.1299743652344,214.92637634277344,296.982421875,220.60546875,299.6089782714844,219.68955993652344,0,0,
18260,299.4156188964844,215.91514587402344,297.26806640625,221.59423828125,299.6089782714844,219.68955993652344,0,0,
18270,300.0528259277344,219.34288024902344,297.9052734375,225.02197265625,299.6089782714844,219.68955993652344,0,0,
18280,299.2195129394531,218.39793395996094,297.0703125,224.0771484375,299.6089782714844,219.68955993652344,0,0,
18290,301.3288879394531,215.73924255371094,299.1796875,221.41845703125,299.6089782714844,219.68955993652344,0,0,
18300,298.1867980957031,219.51853942871094,296.03759765625,225.19775390625,299.6089782714844,219.68955993652344,0,0,
18310,300.8015441894531,216.33250427246094,298.65234375,222.01171875,299.6089782714844,219.68955993652344,0,0,
18320,299.6809387207031,217.80467224121094,297.53173828125,223.48388671875,299.6089782714844,219.68955993652344,0,0,
18330,298.3862609863281,217.0780029296875,296.2353515625,222.7587890625,299.6089782714844,219.68955993652344,0,0,
18340,299.1553039550781,217.8470458984375,297.00439453125,223.52783203125,299.6089782714844,219.68955993652344,0,0,
18350,301.9678039550781,217.5174560546875,299.81689453125,223.1982421875,299.6089782714844,219.68955993652344,0,0,
18360,299.7705383300781,218.1986083984375,297.61962890625,223.87939453125,299.6089782714844,219.68955993652344,0,0,
18370,299.5727844238281,217.8690185546875,297.421875,223.5498046875,299.6089782714844,219.68955993652344,0,0,
18380,300.78204345703125,219.18553161621094,298.63037109375,224.8681640625,299.6089782714844,219.68955993652344,0,0,
18390,298.89239501953125,215.91160583496094,296.74072265625,221.59423828125,299.6089782714844,219.68955993652344,0,0,
18400,298.34307861328125,216.81248474121094,296.19140625,222.4951171875,299.6089782714844,219.68955993652344,0,0,
18410,300.32061767578125,217.84519958496094,298.1689453125,223.52783203125,299.6089782714844,219.68955993652344,0,0,
18420,298.80450439453125,219.82273864746094,296.65283203125,225.50537109375,299.6089782714844,219.68955993652344,0,0,
18430,299.8811340332031,223.71014404296875,297.7294921875,229.39453125,299.6089782714844,219.68955993652344,0,0,
18440,298.4968566894531,218.54656982421875,296.34521484375,224.23095703125,299.6089782714844,219.68955993652344,0,0,
18450,299.0681457519531,216.63494873046875,296.91650390625,222.3193359375,299.6089782714844,219.68955993652344,0,0,
18460,298.4089660644531,219.84295654296875,296.25732421875,225.52734375,299.6089782714844,219.68955993652344,0,0,
18470,297.7937316894531,218.70037841796875,295.64208984375,224.384765625,299.6089782714844,219.68955993652344,0,0,
18480,297.9913024902344,221.1171112060547,295.83984375,226.8017578125,299.6089782714844,219.68955993652344,0,0,
18490,297.3321228027344,220.1722869873047,295.1806640625,225.85693359375,299.6089782714844,219.68955993652344,0,0,
18500,299.9688415527344,218.7001190185547,297.8173828125,224.384765625,299.6089782714844,219.68955993652344,0,0,
18510,300.1006774902344,223.1385955810547,297.94921875,228.8232421875,299.6089782714844,219.68955993652344,0,0,
18520,298.7823181152344,220.4579315185547,296.630859375,226.142578125,299.6089782714844,219.68955993652344,0,0,
18530,299.0887756347656,220.12794494628906,296.9384765625,225.81298828125,299.6089782714844,219.68955993652344,0,0,
18540,300.4071350097656,217.53517150878906,298.2568359375,223.22021484375,299.6089782714844,219.68955993652344,0,0,
18550,297.0453186035156,221.33644104003906,294.89501953125,227.021484375,299.6089782714844,219.68955993652344,0,0,
18560,299.6820373535156,216.15089416503906,297.53173828125,221.8359375,299.6089782714844,219.68955993652344,0,0,
18570,298.8470764160156,219.99610900878906,296.69677734375,225.68115234375,299.6089782714844,219.68955993652344,0,0,
18580,300.032470703125,220.47862243652344,297.88330078125,226.16455078125,299.6089782714844,219.68955993652344,0,0,
18590,297.241943359375,218.32530212402344,295.0927734375,224.01123046875,299.6089782714844,219.68955993652344,0,0,
18600,295.879638671875,219.33604431152344,293.73046875,225.02197265625,299.6089782714844,219.68955993652344,0,0,
18610,296.297119140625,221.37950134277344,294.14794921875,227.0654296875,299.6089782714844,219.68955993652344,0,0,
18620,299.505126953125,217.22666931152344,297.35595703125,222.91259765625,299.6089782714844,219.68955993652344,0,0,
18630,298.6028747558594,219.3357696533203,296.455078125,225.02197265625,299.6089782714844,219.68955993652344,0,0,
18640,297.6141052246094,218.1712188720703,295.46630859375,223.857421875,299.6089782714844,219.68955993652344,0,0,
18650,297.5701599121094,219.8631134033203,295.42236328125,225.54931640625,299.6089782714844,219.68955993652344,0,0,
18660,298.7566833496094,221.2473907470703,296.60888671875,226.93359375,299.6089782714844,219.68955993652344,0,0,
18670,297.7898864746094,221.9505157470703,295.64208984375,227.63671875,299.6089782714844,219.68955993652344,0,0,
18680,297.9863586425781,219.92942810058594,295.83984375,225.615234375,299.6089782714844,219.68955993652344,0,0,
18690,298.6675109863281,219.40208435058594,296.52099609375,225.087890625,299.6089782714844,219.68955993652344,0,0,
18700,296.7119445800781,217.18284606933594,294.5654296875,222.86865234375,299.6089782714844,219.68955993652344,0,0,
18710,301.4580383300781,220.36888122558594,299.3115234375,226.0546875,299.6089782714844,219.68955993652344,0,0,
18720,300.1396789550781,221.20384216308594,297.9931640625,226.8896484375,299.6089782714844,219.68955993652344,0,0,
18730,299.6328430175781,218.8527374267578,297.48779296875,224.53857421875,299.6089782714844,219.68955993652344,0,0,
18740,298.3584289550781,222.1266632080078,296.21337890625,227.8125,299.6089782714844,219.68955993652344,0,0,
18750,298.3584289550781,216.2819366455078,296.21337890625,221.9677734375,299.6089782714844,219.68955993652344,0,0,
18760,297.7431945800781,218.2594757080078,295.59814453125,223.9453125,299.6089782714844,219.68955993652344,0,0,
18770,297.9848937988281,218.3473663330078,295.83984375,224.033203125,299.6089782714844,219.68955993652344,0,0,
18780,299.52166748046875,218.37078857421875,297.3779296875,224.05517578125,299.6089782714844,219.68955993652344,0,0,
18790,298.11541748046875,217.73358154296875,295.9716796875,223.41796875,299.6089782714844,219.68955993652344,0,0,
18800,300.22479248046875,218.52459716796875,298.0810546875,224.208984375,299.6089782714844,219.68955993652344,0,0,
18810,299.12615966796875,216.41522216796875,296.982421875,222.099609375,299.6089782714844,219.68955993652344,0,0,
18820,297.56610107421875,219.46942138671875,295.42236328125,225.15380859375,299.6089782714844,219.68955993652344,0,0,
18830,300.1143493652344,220.96426391601562,297.97119140625,226.64794921875,299.6089782714844,219.68955993652344,0,0,
18840,300.0923767089844,219.51406860351562,297.94921875,225.19775390625,299.6089782714844,219.68955993652344,0,0,
18850,299.4551696777344,217.20693969726562,297.31201171875,222.890625,299.6089782714844,219.68955993652344,0,0,
18860,299.5870056152344,219.31631469726562,297.44384765625,225.0,299.6089782714844,219.68955993652344,0,0,
18870,298.3345642089844,221.09609985351562,296.19140625,226.77978515625,299.6089782714844,219.68955993652344,0,0,
18880,298.44342041015625,220.26187133789062,296.30126953125,225.94482421875,299.6089782714844,219.68955993652344,0,0,
18890,300.83843994140625,223.29409790039062,298.6962890625,228.97705078125,299.6089782714844,219.68955993652344,0,0,
18900,299.69586181640625,217.07583618164062,297.5537109375,222.7587890625,299.6089782714844,219.68955993652344,0,0,
18910,300.66265869140625,217.49331665039062,298.5205078125,223.17626953125,299.6089782714844,219.68955993652344,0,0,
18920,300.88238525390625,215.91128540039062,298.740234375,221.59423828125,299.6089782714844,219.68955993652344,0,0,
18930,300.0027770996094,222.32742309570312,297.861328125,228.01025390625,299.6089782714844,219.68955993652344,0,0,
18940,300.6180114746094,217.29568481445312,298.4765625,222.978515625,299.6089782714844,219.68955993652344,0,0,
18950,298.3108825683594,219.73464965820312,296.16943359375,225.41748046875,299.6089782714844,219.68955993652344,0,0,
18960,299.8929138183594,220.83328247070312,297.75146484375,226.51611328125,299.6089782714844,219.68955993652344,0,0,
18970,300.5081481933594,223.49197387695312,298.36669921875,229.1748046875,299.6089782714844,219.68955993652344,0,0,
18980,299.4961242675781,221.09730529785156,297.35595703125,226.77978515625,299.6089782714844,219.68955993652344,0,0,
18990,298.8369445800781,218.06507873535156,296.69677734375,223.74755859375,299.6089782714844,219.68955993652344,0,0,
19000,300.0454406738281,222.17396545410156,297.9052734375,227.8564453125,299.6089782714844,219.68955993652344,0,0,
19010,298.1997375488281,218.74623107910156,296.0595703125,224.4287109375,299.6089782714844,219.68955993652344,0,0,
19020,299.8696594238281,218.79017639160156,297.7294921875,224.47265625,299.6089782714844,219.68955993652344,0,0,
19030,298.1981201171875,217.7154083251953,296.0595703125,223.39599609375,299.6089782714844,219.68955993652344,0,0,
19040,299.1649169921875,221.9341583251953,297.0263671875,227.61474609375,299.6089782714844,219.68955993652344,0,0,
19050,299.8021240234375,219.1656036376953,297.66357421875,224.84619140625,299.6089782714844,219.68955993652344,0,0,
19060,300.8348388671875,217.4297637939453,298.6962890625,223.1103515625,299.6089782714844,219.68955993652344,0,0,
19070,302.1312255859375,218.1328887939453,299.99267578125,223.8134765625,299.6089782714844,219.68955993652344,0,0,
19080,299.890380859375,217.47499084472656,297.75146484375,223.154296875,299.6089782714844,219.68955993652344,0,0,
19090,298.440185546875,222.17713928222656,296.30126953125,227.8564453125,299.6089782714844,219.68955993652344,0,0,
19100,300.879150390625,218.85926818847656,298.740234375,224.53857421875,299.6089782714844,219.68955993652344,0,0,
19110,299.385009765625,220.37538146972656,297.24609375,226.0546875,299.6089782714844,219.68955993652344,0,0,
19120,301.296630859375,220.44129943847656,299.15771484375,226.12060546875,299.6089782714844,219.68955993652344,0,0,
19130,300.28607177734375,219.1673583984375,298.14697265625,224.84619140625,299.6089782714844,219.68955993652344,0,0,
19140,297.25384521484375,219.3211669921875,295.11474609375,225.0,299.6089782714844,219.68955993652344,0,0,
19150,301.20892333984375,219.8265380859375,299.06982421875,225.50537109375,299.6089782714844,219.68955993652344,0,0,
19160,299.93450927734375,217.4754638671875,297.79541015625,223.154296875,299.6089782714844,219.68955993652344,0,0,
19170,296.52874755859375,220.9251708984375,294.3896484375,226.60400390625,299.6089782714844,219.68955993652344,0,0,
19180,298.39666748046875,221.49623107910156,296.25732421875,227.17529296875,299.6089782714844,219.68955993652344,0,0,
19190,298.50653076171875,217.98060607910156,296.3671875,223.65966796875,299.6089782714844,219.68955993652344,0,0,
19200,299.75897216796875,220.37562561035156,297.61962890625,226.0546875,299.6089782714844,219.68955993652344,0,0,
19210,300.79168701171875,217.60707092285156,298.65234375,223.2861328125,299.6089782714844,219.68955993652344,0,0,
19220,300.83563232421875,220.74916076660156,298.6962890625,226.42822265625,299.6089782714844,219.68955993652344,0,0,
19230,300.88079833984375,216.59988403320312,298.740234375,222.275390625,299.6089782714844,219.68955993652344,0,0,
19240,300.00189208984375,220.88455200195312,297.861328125,226.56005859375,299.6089782714844,219.68955993652344,0,0,
19250,299.23284912109375,220.92849731445312,297.09228515625,226.60400390625,299.6089782714844,219.68955993652344,0,0,
19260,300.08978271484375,222.11502075195312,297.94921875,227.79052734375,299.6089782714844,219.68955993652344,0,0,
19270,298.24407958984375,220.00564575195312,296.103515625,225.68115234375,299.6089782714844,219.68955993652344,0,0,
19280,297.1001281738281,223.21681213378906,294.9609375,228.88916015625,299.6089782714844,219.68955993652344,0,0,
19290,300.2861633300781,220.79981994628906,298.14697265625,226.47216796875,299.6089782714844,219.68955993652344,0,0,
19300,300.2202453613281,220.51417541503906,298.0810546875,226.1865234375,299.6089782714844,219.68955993652344,0,0,
19310,299.4731750488281,218.40480041503906,297.333984375,224.0771484375,299.6089782714844,219.68955993652344,0,0,
19320,298.0010070800781,220.09669494628906,295.86181640625,225.76904296875,299.6089782714844,219.68955993652344,0,0,
19330,299.0837707519531,218.87130737304688,296.9384765625,224.53857421875,299.6089782714844,219.68955993652344,0,0,
19340,299.7209777832031,222.45285034179688,297.57568359375,228.1201171875,299.6089782714844,219.68955993652344,0,0,
19350,296.6448059082031,218.62960815429688,294.49951171875,224.296875,299.6089782714844,219.68955993652344,0,0,
19360,297.8533020019531,217.59689331054688,295.7080078125,223.26416015625,299.6089782714844,219.68955993652344,0,0,
19370,297.4577941894531,218.80538940429688,295.3125,224.47265625,299.6089782714844,219.68955993652344,0,0,
19380,299.4794616699219,221.59823608398438,297.333984375,227.26318359375,299.6089782714844,219.68955993652344,0,0,
19390,298.5126647949219,217.88485717773438,296.3671875,223.5498046875,299.6089782714844,219.68955993652344,0,0,
19400,296.9086608886719,217.04989624023438,294.76318359375,222.71484375,299.6089782714844,219.68955993652344,0,0,
19410,297.0844421386719,216.74227905273438,294.93896484375,222.4072265625,299.6089782714844,219.68955993652344,0,0,
19420,299.8090515136719,218.80770874023438,297.66357421875,224.47265625,299.6089782714844,219.68955993652344,0,0,
19430,299.2628479003906,220.50296020507812,297.1142578125,226.16455078125,299.6089782714844,219.68955993652344,0,0,
19440,301.0206604003906,221.42581176757812,298.8720703125,227.08740234375,299.6089782714844,219.68955993652344,0,0,
19450,297.9884338378906,219.03079223632812,295.83984375,224.6923828125,299.6089782714844,219.68955993652344,0,0,
19460,300.2076721191406,215.97659301757812,298.05908203125,221.63818359375,299.6089782714844,219.68955993652344,0,0,
19470,298.8893127441406,218.54739379882812,296.74072265625,224.208984375,299.6089782714844,219.68955993652344,0,0,
19480,297.0668640136719,220.77047729492188,294.9169921875,226.42822265625,299.6089782714844,219.68955993652344,0,0,
19490,298.0556335449219,216.41989135742188,295.90576171875,222.07763671875,299.6089782714844,219.68955993652344,0,0,
19500,298.2314147949219,215.32125854492188,296.08154296875,220.97900390625,299.6089782714844,219.68955993652344,0,0,
19510,299.5058288574219,218.50729370117188,297.35595703125,224.1650390625,299.6089782714844,219.68955993652344,0,0,
19520,299.6156921386719,216.66159057617188,297.4658203125,222.3193359375,299.6089782714844,219.68955993652344,0,0,
19530,297.35491943359375,218.1386260986328,295.20263671875,223.79150390625,299.6089782714844,219.68955993652344,0,0,
19540,298.89300537109375,218.4242706298828,296.74072265625,224.0771484375,299.6089782714844,219.68955993652344,0,0,
19550,300.14544677734375,217.5673370361328,297.9931640625,223.22021484375,299.6089782714844,219.68955993652344,0,0,
19560,298.98089599609375,217.4574737548828,296.82861328125,223.1103515625,299.6089782714844,219.68955993652344,0,0,
19570,300.16741943359375,214.8647003173828,298.01513671875,220.517578125,299.6089782714844,219.68955993652344,0,0,
19580,298.25732421875,217.79031372070312,296.103515625,223.43994140625,299.6089782714844,219.68955993652344,0,0,
19590,299.09228515625,216.36209106445312,296.9384765625,222.01171875,299.6089782714844,219.68955993652344,0,0,
19600,299.7294921875,220.38308715820312,297.57568359375,226.03271484375,299.6089782714844,219.68955993652344,0,0,
19610,299.5537109375,221.59158325195312,297.39990234375,227.2412109375,299.6089782714844,219.68955993652344,0,0,
19620,300.916015625,218.47146606445312,298.76220703125,224.12109375,299.6089782714844,219.68955993652344,0,0,
19630,299.5761413574219,220.5185546875,297.421875,226.16455078125,299.6089782714844,219.68955993652344,0,0,
19640,298.2577819824219,219.31005859375,296.103515625,224.9560546875,299.6089782714844,219.68955993652344,0,0,
19650,298.9609069824219,216.3876953125,296.806640625,222.03369140625,299.6089782714844,219.68955993652344,0,0,
19660,298.3456726074219,219.2001953125,296.19140625,224.84619140625,299.6089782714844,219.68955993652344,0,0,
19670,298.8070983886719,217.46435546875,296.65283203125,223.1103515625,299.6089782714844,219.68955993652344,0,0,
19680,298.03985595703125,220.58856201171875,295.8837890625,226.23046875,299.6089782714844,219.68955993652344,0,0,
19690,298.25958251953125,219.55584716796875,296.103515625,225.19775390625,299.6089782714844,219.68955993652344,0,0,
19700,300.61065673828125,217.86395263671875,298.45458984375,223.505859375,299.6089782714844,219.68955993652344,0,0,
19710,299.88555908203125,217.92987060546875,297.7294921875,223.57177734375,299.6089782714844,219.68955993652344,0,0,
19720,297.97393798828125,219.68768310546875,295.81787109375,225.32958984375,299.6089782714844,219.68955993652344,0,0,
19730,299.29254150390625,218.7895050048828,297.13623046875,224.4287109375,299.6089782714844,219.68955993652344,0,0,
19740,296.78765869140625,220.9208526611328,294.63134765625,226.56005859375,299.6089782714844,219.68955993652344,0,0,
19750,297.84234619140625,220.4374542236328,295.68603515625,226.07666015625,299.6089782714844,219.68955993652344,0,0,
19760,298.96295166015625,220.0639190673828,296.806640625,225.703125,299.6089782714844,219.68955993652344,0,0,
19770,298.94097900390625,221.7777862548828,296.78466796875,227.4169921875,299.6089782714844,219.68955993652344,0,0,
19780,298.2830505371094,219.71383666992188,296.12548828125,225.3515625,299.6089782714844,219.68955993652344,0,0,
19790,300.6560974121094,217.12106323242188,298.49853515625,222.7587890625,299.6089782714844,219.68955993652344,0,0,
19800,298.6126403808594,222.17477416992188,296.455078125,227.8125,299.6089782714844,219.68955993652344,0,0,
19810,299.1619567871094,220.06539916992188,297.00439453125,225.703125,299.6089782714844,219.68955993652344,0,0,
19820,298.9202575683594,219.88961791992188,296.7626953125,225.52734375,299.6089782714844,219.68955993652344,0,0,
19830,299.95294189453125,217.4728240966797,297.79541015625,223.1103515625,299.6089782714844,219.68955993652344,0,0,
19840,298.37091064453125,219.8019256591797,296.21337890625,225.439453125,299.6089782714844,219.68955993652344,0,0,
19850,297.68975830078125,220.3512420654297,295.5322265625,225.98876953125,299.6089782714844,219.68955993652344,0,0,
19860,299.18389892578125,221.4938201904297,297.0263671875,227.13134765625,299.6089782714844,219.68955993652344,0,0,
19870,300.61212158203125,220.5929412841797,298.45458984375,226.23046875,299.6089782714844,219.68955993652344,0,0,
19880,298.2398986816406,219.93365478515625,296.08154296875,225.5712890625,299.6089782714844,219.68955993652344,0,0,
19890,299.6900939941406,221.86724853515625,297.53173828125,227.5048828125,299.6089782714844,219.68955993652344,0,0,
19900,299.6022033691406,216.70367431640625,297.44384765625,222.34130859375,299.6089782714844,219.68955993652344,0,0,
19910,298.7892150878906,218.74713134765625,296.630859375,224.384765625,299.6089782714844,219.68955993652344,0,0,
19920,298.0641174316406,217.80230712890625,295.90576171875,223.43994140625,299.6089782714844,219.68955993652344,0,0,
19930,298.9202880859375,220.39466857910156,296.7626953125,226.03271484375,299.6089782714844,219.68955993652344,0,0,
19940,296.7449951171875,220.90003967285156,294.58740234375,226.5380859375,299.6089782714844,219.68955993652344,0,0,
19950,298.6785888671875,219.97718811035156,296.52099609375,225.615234375,299.6089782714844,219.68955993652344,0,0,
19960,296.9427490234375,220.21888732910156,294.78515625,225.85693359375,299.6089782714844,219.68955993652344,0,0,
19970,298.4808349609375,219.88929748535156,296.3232421875,225.52734375,299.6089782714844,219.68955993652344,0,0,
19980,299.974853515625,217.18666076660156,297.8173828125,222.82470703125,299.6089782714844,219.68955993652344,0,0,
19990,297.645751953125,215.71449279785156,295.48828125,221.3525390625,299.6089782714844,219.68955993652344,0,0,
20000,298.260986328125,216.48353576660156,296.103515625,222.12158203125,299.6089782714844,219.68955993652344,0,0,
20010,299.359619140625,219.93324279785156,297.2021484375,225.5712890625,299.6089782714844,219.68955993652344,0,0,
20020,296.656982421875,218.54896545410156,294.49951171875,224.18701171875,299.6089782714844,219.68955993652344,0,0,
20030,300.4140625,217.58090209960938,298.2568359375,223.22021484375,299.6089782714844,219.68955993652344,0,0,
20040,297.77734375,216.50424194335938,295.6201171875,222.1435546875,299.6089782714844,219.68955993652344,0,0,
20050,298.76611328125,220.19564819335938,296.60888671875,225.8349609375,299.6089782714844,219.68955993652344,0,0,
20060,299.095703125,219.53646850585938,296.9384765625,225.17578125,299.6089782714844,219.68955993652344,0,0,
20070,299.11767578125,217.82260131835938,296.96044921875,223.4619140625,299.6089782714844,219.68955993652344,0,0,
20080,298.94085693359375,219.75445556640625,296.78466796875,225.3955078125,299.6089782714844,219.68955993652344,0,0,
20090,301.86322021484375,219.35894775390625,299.70703125,225.0,299.6089782714844,219.68955993652344,0,0,
20100,299.88568115234375,217.44732666015625,297.7294921875,223.08837890625,299.6089782714844,219.68955993652344,0,0,
20110,300.47894287109375,218.87554931640625,298.32275390625,224.5166015625,299.6089782714844,219.68955993652344,0,0,
20120,299.95159912109375,216.04107666015625,297.79541015625,221.68212890625,299.6089782714844,219.68955993652344,0,0,
20130,299.90673828125,217.5984649658203,297.75146484375,223.2421875,299.6089782714844,219.68955993652344,0,0,
20140,300.939453125,216.6096954345703,298.7841796875,222.25341796875,299.6089782714844,219.68955993652344,0,0,
20150,302.43359375,218.5213165283203,300.2783203125,224.1650390625,299.6089782714844,219.68955993652344,0,0,
20160,300.96142578125,217.3128204345703,298.80615234375,222.95654296875,299.6089782714844,219.68955993652344,0,0,
20170,301.6865234375,215.6868438720703,299.53125,221.33056640625,299.6089782714844,219.68955993652344,0,0,
20180,300.4765319824219,219.31060791015625,298.32275390625,224.9560546875,299.6089782714844,219.68955993652344,0,0,
20190,299.9052429199219,220.21148681640625,297.75146484375,225.85693359375,299.6089782714844,219.68955993652344,0,0,
20200,300.0590515136719,219.00299072265625,297.9052734375,224.6484375,299.6089782714844,219.68955993652344,0,0,
20210,299.3119812011719,219.99176025390625,297.158203125,225.63720703125,299.6089782714844,219.68955993652344,0,0,
20220,301.3114929199219,218.14605712890625,299.15771484375,223.79150390625,299.6089782714844,219.68955993652344,0,0,
20230,299.2229309082031,220.62713623046875,297.0703125,226.2744140625,299.6089782714844,219.68955993652344,0,0,
20240,299.9040832519531,222.42889404296875,297.75146484375,228.076171875,299.6089782714844,219.68955993652344,0,0,
20250,300.6731262207031,221.35223388671875,298.5205078125,226.99951171875,299.6089782714844,219.68955993652344,0,0,
20260,300.7610168457031,218.47381591796875,298.6083984375,224.12109375,299.6089782714844,219.68955993652344,0,0,
20270,298.3440246582031,218.56170654296875,296.19140625,224.208984375,299.6089782714844,219.68955993652344,0,0,
20280,297.1341552734375,220.22964477539062,294.98291015625,225.87890625,299.6089782714844,219.68955993652344,0,0,
20290,300.1224365234375,217.98843383789062,297.97119140625,223.6376953125,299.6089782714844,219.68955993652344,0,0,
20300,297.6175537109375,222.38296508789062,295.46630859375,228.0322265625,299.6089782714844,219.68955993652344,0,0,
20310,298.4744873046875,217.96646118164062,296.3232421875,223.61572265625,299.6089782714844,219.68955993652344,0,0,
20320,298.1888427734375,222.49282836914062,296.03759765625,228.14208984375,299.6089782714844,219.68955993652344,0,0,
20330,297.3529968261719,219.4378204345703,295.20263671875,225.087890625,299.6089782714844,219.68955993652344,0,0,
20340,298.1440124511719,219.9212188720703,295.99365234375,225.5712890625,299.6089782714844,219.68955993652344,0,0,
20350,300.5170593261719,221.6131134033203,298.36669921875,227.26318359375,299.6089782714844,219.68955993652344,0,0,
20360,301.1542663574219,220.4265899658203,299.00390625,226.07666015625,299.6089782714844,219.68955993652344,0,0,
20370,298.3417663574219,220.2727813720703,296.19140625,225.9228515625,299.6089782714844,219.68955993652344,0,0,
20380,300.7137756347656,219.0205078125,298.564453125,224.67041015625,299.6089782714844,219.68955993652344,0,0,
20390,298.6263732910156,218.47119140625,296.47705078125,224.12109375,299.6089782714844,219.68955993652344,0,0,
20400,297.8793029785156,220.75634765625,295.72998046875,226.40625,299.6089782714844,219.68955993652344,0,0,
20410,298.6922912597656,220.998046875,296.54296875,226.64794921875,299.6089782714844,219.68955993652344,0,0,
20420,302.6913146972656,220.2509765625,300.5419921875,225.90087890625,299.6089782714844,219.68955993652344,0,0,
20430,300.4269714355469,220.77777099609375,298.27880859375,226.42822265625,299.6089782714844,219.68955993652344,0,0,
20440,299.6359558105469,221.08538818359375,297.48779296875,226.73583984375,299.6089782714844,219.68955993652344,0,0,
20450,299.7238464355469,216.40521240234375,297.57568359375,222.0556640625,299.6089782714844,219.68955993652344,0,0,
20460,298.5373229980469,219.21771240234375,296.38916015625,224.8681640625,299.6089782714844,219.68955993652344,0,0,
20470,298.9987487792969,222.27191162109375,296.8505859375,227.92236328125,299.6089782714844,219.68955993652344,0,0,
20480,300.95404052734375,218.5360870361328,298.80615234375,224.18701171875,299.6089782714844,219.68955993652344,0,0,
20490,298.66888427734375,220.7992706298828,296.52099609375,226.4501953125,299.6089782714844,219.68955993652344,0,0,
20500,301.59124755859375,222.4032745361328,299.443359375,228.05419921875,299.6089782714844,219.68955993652344,0,0,
20510,300.58050537109375,220.4696807861328,298.4326171875,226.12060546875,299.6089782714844,219.68955993652344,0,0,
20520,301.39349365234375,219.8764190673828,299.24560546875,225.52734375,299.6089782714844,219.68955993652344,0,0,
20530,301.2169494628906,219.30567932128906,299.06982421875,224.9560546875,299.6089782714844,219.68955993652344,0,0,
20540,299.2833557128906,218.18507385253906,297.13623046875,223.83544921875,299.6089782714844,219.68955993652344,0,0,
20550,301.8761291503906,218.91017150878906,299.72900390625,224.560546875,299.6089782714844,219.68955993652344,0,0,
20560,300.8873596191406,217.15235900878906,298.740234375,222.802734375,299.6089782714844,219.68955993652344,0,0,
20570,299.0856018066406,217.43800354003906,296.9384765625,223.08837890625,299.6089782714844,219.68955993652344,0,0,
20580,300.1181640625,218.60302734375,297.97119140625,224.2529296875,299.6089782714844,219.68955993652344,0,0,
20590,299.30517578125,218.73486328125,297.158203125,224.384765625,299.6089782714844,219.68955993652344,0,0,
20600,299.986328125,220.49267578125,297.83935546875,226.142578125,299.6089782714844,219.68955993652344,0,0,
20610,300.3818359375,224.27197265625,298.23486328125,229.921875,299.6089782714844,219.68955993652344,0,0,
20620,299.12939453125,222.68994140625,296.982421875,228.33984375,299.6089782714844,219.68955993652344,0,0,
20630,298.7991638183594,218.51596069335938,296.65283203125,224.1650390625,299.6089782714844,219.68955993652344,0,0,
20640,300.0955505371094,218.36215209960938,297.94921875,224.01123046875,299.6089782714844,219.68955993652344,0,0,
20650,298.9309997558594,218.66976928710938,296.78466796875,224.31884765625,299.6089782714844,219.68955993652344,0,0,
20660,299.0628356933594,218.82357788085938,296.91650390625,224.47265625,299.6089782714844,219.68955993652344,0,0,
20670,300.1394958496094,220.03207397460938,297.9931640625,225.68115234375,299.6089782714844,219.68955993652344,0,0,
20680,299.436767578125,216.4285888671875,297.2900390625,222.07763671875,299.6089782714844,219.68955993652344,0,0,
20690,298.755615234375,217.1756591796875,296.60888671875,222.82470703125,299.6089782714844,219.68955993652344,0,0,
20700,299.260986328125,218.5379638671875,297.1142578125,224.18701171875,299.6089782714844,219.68955993652344,0,0,
20710,302.073486328125,220.5374755859375,299.9267578125,226.1865234375,299.6089782714844,219.68955993652344,0,0,
20720,299.986083984375,222.3612060546875,297.83935546875,228.01025390625,299.6089782714844,219.68955993652344,0,0,
20730,298.79986572265625,216.8683319091797,296.65283203125,222.51708984375,299.6089782714844,219.68955993652344,0,0,
20740,301.15093994140625,219.5489959716797,299.00390625,225.19775390625,299.6089782714844,219.68955993652344,0,0,
20750,298.31646728515625,220.1642303466797,296.16943359375,225.81298828125,299.6089782714844,219.68955993652344,0,0,
20760,300.09625244140625,217.7692108154297,297.94921875,223.41796875,299.6089782714844,219.68955993652344,0,0,
20770,297.98687744140625,216.6925506591797,295.83984375,222.34130859375,299.6089782714844,219.68955993652344,0,0,
20780,300.09710693359375,220.18540954589844,297.94921875,225.8349609375,299.6089782714844,219.68955993652344,0,0,
20790,298.31732177734375,218.93296813964844,296.16943359375,224.58251953125,299.6089782714844,219.68955993652344,0,0,
20800,303.59075927734375,220.80064392089844,301.44287109375,226.4501953125,299.6089782714844,219.68955993652344,0,0,
20810,300.00921630859375,220.93247985839844,297.861328125,226.58203125,299.6089782714844,219.68955993652344,0,0,
20820,298.64691162109375,214.93394470214844,296.4990234375,220.58349609375,299.6089782714844,219.68955993652344,0,0,
20830,299.70172119140625,221.2827911376953,297.5537109375,226.93359375,299.6089782714844,219.68955993652344,0,0,
20840,297.32867431640625,220.1841583251953,295.1806640625,225.8349609375,299.6089782714844,219.68955993652344,0,0,
20850,299.26226806640625,219.8106231689453,297.1142578125,225.46142578125,299.6089782714844,219.68955993652344,0,0,
20860,299.54791259765625,217.6353302001953,297.39990234375,223.2861328125,299.6089782714844,219.68955993652344,0,0,
20870,299.39410400390625,218.0528106689453,297.24609375,223.70361328125,299.6089782714844,219.68955993652344,0,0,
20880,298.5807189941406,217.6560516357422,296.43310546875,223.30810546875,299.6089782714844,219.68955993652344,0,0,
20890,299.4815979003906,215.1072235107422,297.333984375,220.75927734375,299.6089782714844,219.68955993652344,0,0,
20900,297.0206604003906,218.1174774169922,294.873046875,223.76953125,299.6089782714844,219.68955993652344,0,0,
20910,299.9869689941406,220.3806610107422,297.83935546875,226.03271484375,299.6089782714844,219.68955993652344,0,0,
20920,301.3932189941406,218.9524383544922,299.24560546875,224.6044921875,299.6089782714844,219.68955993652344,0,0,
20930,298.29510498046875,219.23681640625,296.1474609375,224.89013671875,299.6089782714844,219.68955993652344,0,0,
20940,301.17352294921875,216.95166015625,299.02587890625,222.60498046875,299.6089782714844,219.68955993652344,0,0,
20950,299.85516357421875,218.9072265625,297.70751953125,224.560546875,299.6089782714844,219.68955993652344,0,0,
20960,298.69061279296875,222.44482421875,296.54296875,228.09814453125,299.6089782714844,219.68955993652344,0,0,
20970,300.40447998046875,218.53369140625,298.2568359375,224.18701171875,299.6089782714844,219.68955993652344,0,0,
20980,299.6143798828125,216.0724334716797,297.4658203125,221.72607421875,299.6089782714844,219.68955993652344,0,0,
20990,299.3067626953125,216.7755584716797,297.158203125,222.42919921875,299.6089782714844,219.68955993652344,0,0,
21000,300.6031494140625,216.3361053466797,298.45458984375,221.98974609375,299.2664794921875,218.9572296142578,0,0,
21010,302.0533447265625,219.3683319091797,299.90478515625,225.02197265625,299.2664794921875,218.9572296142578,0,0,
21020,300.4713134765625,221.2579803466797,298.32275390625,226.91162109375,299.2664794921875,218.9572296142578,0,0,
21030,299.6146545410156,221.0380096435547,297.4658203125,226.69189453125,299.2664794921875,218.9572296142578,0,0,
21040,302.2513732910156,219.6097869873047,300.1025390625,225.263671875,299.2664794921875,218.9572296142578,0,0,
21050,298.7137756347656,219.1263885498047,296.56494140625,224.7802734375,299.2664794921875,218.9572296142578,0,0,
21060,301.4164123535156,217.5004119873047,299.267578125,223.154296875,299.2664794921875,218.9572296142578,0,0,
21070,301.0209045410156,219.2362518310547,298.8720703125,224.89013671875,299.2664794921875,218.9572296142578,0,0,
21080,299.9438171386719,218.09344482421875,297.79541015625,223.74755859375,299.2664794921875,218.9572296142578,0,0,
21090,299.6361999511719,215.61053466796875,297.48779296875,221.2646484375,299.2664794921875,218.9572296142578,0,0,
21100,299.9438171386719,217.30242919921875,297.79541015625,222.95654296875,299.2664794921875,218.9572296142578,0,0,
21110,299.2846374511719,220.48846435546875,297.13623046875,226.142578125,299.2664794921875,218.9572296142578,0,0,
21120,301.4599304199219,220.22479248046875,299.3115234375,225.87890625,299.2664794921875,218.9572296142578,0,0,
21130,299.1531982421875,217.1263427734375,297.00439453125,222.78076171875,299.2664794921875,218.9572296142578,0,0,
21140,298.8675537109375,220.5321044921875,296.71875,226.1865234375,299.2664794921875,218.9572296142578,0,0,
21150,300.2957763671875,217.7196044921875,298.14697265625,223.3740234375,299.2664794921875,218.9572296142578,0,0,
21160,301.9876708984375,217.2801513671875,299.8388671875,222.9345703125,299.2664794921875,218.9572296142578,0,0,
21170,299.6805419921875,217.9393310546875,297.53173828125,223.59375,299.2664794921875,218.9572296142578,0,0,
21180,300.49310302734375,216.79566955566406,298.3447265625,222.451171875,299.2664794921875,218.9572296142578,0,0,
21190,297.96624755859375,217.12525939941406,295.81787109375,222.78076171875,299.2664794921875,218.9572296142578,0,0,
21200,301.83343505859375,218.02613830566406,299.68505859375,223.681640625,299.2664794921875,218.9572296142578,0,0,
21210,299.63616943359375,220.50904846191406,297.48779296875,226.16455078125,299.2664794921875,218.9572296142578,0,0,
21220,302.86614990234375,218.57545471191406,300.7177734375,224.23095703125,299.2664794921875,218.9572296142578,0,0,
21230,298.5584411621094,218.66238403320312,296.4111328125,224.31884765625,299.2664794921875,218.9572296142578,0,0,
21240,300.9534606933594,219.98074340820312,298.80615234375,225.63720703125,299.2664794921875,218.9572296142578,0,0,
21250,299.9646911621094,218.99197387695312,297.8173828125,224.6484375,299.2664794921875,218.9572296142578,0,0,
21260,301.4808044433594,219.87088012695312,299.33349609375,225.52734375,299.2664794921875,218.9572296142578,0,0,
21270,303.1946716308594,221.80447387695312,301.04736328125,227.4609375,299.2664794921875,218.9572296142578,0,0,
21280,300.7761535644531,220.7262420654297,298.63037109375,226.38427734375,299.2664794921875,218.9572296142578,0,0,
21290,299.9631652832031,216.2877655029297,297.8173828125,221.94580078125,299.2664794921875,218.9572296142578,0,0,
21300,297.4582824707031,221.1656951904297,295.3125,226.82373046875,299.2664794921875,218.9572296142578,0,0,
21310,299.5237121582031,217.6061248779297,297.3779296875,223.26416015625,299.2664794921875,218.9572296142578,0,0,
21320,299.5456848144531,222.3961639404297,297.39990234375,228.05419921875,299.2664794921875,218.9572296142578,0,0,
21330,299.21502685546875,219.36328125,297.0703125,225.02197265625,299.2664794921875,218.9572296142578,0,0,
21340,296.07293701171875,220.5498046875,293.92822265625,226.20849609375,299.2664794921875,218.9572296142578,0,0,
21350,299.03924560546875,219.86865234375,296.89453125,225.52734375,299.2664794921875,218.9572296142578,0,0,
21360,299.67645263671875,216.375,297.53173828125,222.03369140625,299.2664794921875,218.9572296142578,0,0,
21370,297.76483154296875,218.4404296875,295.6201171875,224.09912109375,299.2664794921875,218.9572296142578,0,0,
21380,298.0503845214844,218.0011749267578,295.90576171875,223.65966796875,299.2664794921875,218.9572296142578,0,0,
21390,301.4781188964844,219.3415069580078,299.33349609375,225.0,299.2664794921875,218.9572296142578,0,0,
21400,301.1045837402344,216.5729522705078,298.9599609375,222.2314453125,299.2664794921875,218.9572296142578,0,0,
21410,295.4576110839844,221.8024444580078,293.31298828125,227.4609375,299.2664794921875,218.9572296142578,0,0,
21420,298.6875915527344,218.3087921142578,296.54296875,223.96728515625,299.2664794921875,218.9572296142578,0,0,
21430,299.4117126464844,220.726806640625,297.26806640625,226.38427734375,299.2664794921875,218.9572296142578,0,0,
21440,300.0049743652344,216.112548828125,297.861328125,221.77001953125,299.2664794921875,218.9572296142578,0,0,
21450,298.0494079589844,221.759521484375,295.90576171875,227.4169921875,299.2664794921875,218.9572296142578,0,0,
21460,297.1924743652344,219.979736328125,295.048828125,225.63720703125,299.2664794921875,218.9572296142578,0,0,
21470,300.0708923339844,218.463623046875,297.92724609375,224.12109375,299.2664794921875,218.9572296142578,0,0,
21480,302.7738952636719,215.71853637695312,300.6298828125,221.37451171875,299.2664794921875,218.9572296142578,0,0,
21490,301.6313171386719,220.79421997070312,299.4873046875,226.4501953125,299.2664794921875,218.9572296142578,0,0,
21500,297.9399108886719,215.80642700195312,295.7958984375,221.46240234375,299.2664794921875,218.9572296142578,0,0,
21510,297.8300476074219,220.90408325195312,295.68603515625,226.56005859375,299.2664794921875,218.9572296142578,0,0,
21520,300.0273132324219,220.77224731445312,297.88330078125,226.42822265625,299.2664794921875,218.9572296142578,0,0,
21530,298.29095458984375,220.11215209960938,296.1474609375,225.76904296875,299.2664794921875,218.9572296142578,0,0,
21540,298.18109130859375,221.01303100585938,296.03759765625,226.669921875,299.2664794921875,218.9572296142578,0,0,
21550,298.73040771484375,218.35433959960938,296.5869140625,224.01123046875,299.2664794921875,218.9572296142578,0,0,
21560,296.62103271484375,218.13461303710938,294.4775390625,223.79150390625,299.2664794921875,218.9572296142578,0,0,
21570,299.63128662109375,218.37631225585938,297.48779296875,224.033203125,299.2664794921875,218.9572296142578,0,0,
21580,301.49920654296875,219.71617126464844,299.35546875,225.37353515625,299.2664794921875,218.9572296142578,0,0,
21590,297.69793701171875,220.88072204589844,295.55419921875,226.5380859375,299.2664794921875,218.9572296142578,0,0,
21600,300.24676513671875,221.67173767089844,298.10302734375,227.3291015625,299.2664794921875,218.9572296142578,0,0,
21610,298.35711669921875,219.03501892089844,296.21337890625,224.6923828125,299.2664794921875,218.9572296142578,0,0,
21620,300.24676513671875,221.05650329589844,298.10302734375,226.7138671875,299.2664794921875,218.9572296142578,0,0,
21630,295.6769104003906,217.2985382080078,293.53271484375,222.95654296875,299.2664794921875,218.9572296142578,0,0,
21640,295.6549377441406,219.4298858642578,293.5107421875,225.087890625,299.2664794921875,218.9572296142578,0,0,
21650,297.1271057128906,219.4298858642578,294.98291015625,225.087890625,299.2664794921875,218.9572296142578,0,0,
21660,297.3907775878906,217.6720733642578,295.24658203125,223.330078125,299.2664794921875,218.9572296142578,0,0,
21670,297.3907775878906,214.5519561767578,295.24658203125,220.2099609375,299.2664794921875,218.9572296142578,0,0,
21680,298.8860168457031,218.61485290527344,296.74072265625,224.27490234375,299.2664794921875,218.9572296142578,0,0,
21690,300.1384582519531,220.46055603027344,297.9931640625,226.12060546875,299.2664794921875,218.9572296142578,0,0,
21700,299.5012512207031,219.91123962402344,297.35595703125,225.5712890625,299.2664794921875,218.9572296142578,0,0,
21710,298.7102355957031,219.49375915527344,296.56494140625,225.15380859375,299.2664794921875,218.9572296142578,0,0,
21720,300.3142395019531,220.98789978027344,298.1689453125,226.64794921875,299.2664794921875,218.9572296142578,0,0,
21730,301.3025817871094,219.35882568359375,299.15771484375,225.02197265625,299.2664794921875,218.9572296142578,0,0,
21740,299.8523864746094,220.98480224609375,297.70751953125,226.64794921875,299.2664794921875,218.9572296142578,0,0,
21750,300.3138122558594,219.07318115234375,298.1689453125,224.736328125,299.2664794921875,218.9572296142578,0,0,
21760,301.1707458496094,218.91937255859375,299.02587890625,224.58251953125,299.2664794921875,218.9572296142578,0,0,
21770,301.1707458496094,221.22650146484375,299.02587890625,226.8896484375,299.2664794921875,218.9572296142578,0,0,
21780,299.259765625,218.96165466308594,297.1142578125,224.62646484375,299.2664794921875,218.9572296142578,0,0,
21790,300.138671875,220.14817810058594,297.9931640625,225.81298828125,299.2664794921875,218.9572296142578,0,0,
21800,299.875,217.46751403808594,297.7294921875,223.13232421875,299.2664794921875,218.9572296142578,0,0,
21810,299.962890625,220.98313903808594,297.8173828125,226.64794921875,299.2664794921875,218.9572296142578,0,0,
21820,302.84130859375,221.09300231933594,300.69580078125,226.7578125,299.2664794921875,218.9572296142578,0,0,
21830,300.1175537109375,221.1562957763672,297.97119140625,226.82373046875,299.2664794921875,218.9572296142578,0,0,
21840,299.5902099609375,220.6728973388672,297.44384765625,226.34033203125,299.2664794921875,218.9572296142578,0,0,
21850,300.2713623046875,218.5415496826172,298.125,224.208984375,299.2664794921875,218.9572296142578,0,0,
21860,299.0189208984375,217.0254364013672,296.87255859375,222.69287109375,299.2664794921875,218.9572296142578,0,0,
21870,298.4036865234375,217.2231903076172,296.25732421875,222.890625,299.2664794921875,218.9572296142578,0,0,
21880,298.4252014160156,218.05479431152344,296.279296875,223.7255859375,299.2664794921875,218.9572296142578,0,0,
21890,300.0072326660156,218.07676696777344,297.861328125,223.74755859375,299.2664794921875,218.9572296142578,0,0,
21900,300.1610412597656,221.54844665527344,298.01513671875,227.21923828125,299.2664794921875,218.9572296142578,0,0,
21910,300.8421936035156,221.81211853027344,298.6962890625,227.48291015625,299.2664794921875,218.9572296142578,0,0,
21920,301.9847717285156,221.17491149902344,299.8388671875,226.845703125,299.2664794921875,218.9572296142578,0,0,
21930,299.3695373535156,218.25021362304688,297.22412109375,223.92333984375,299.2664794921875,218.9572296142578,0,0,
21940,301.0394592285156,222.02951049804688,298.89404296875,227.70263671875,299.2664794921875,218.9572296142578,0,0,
21950,301.8304748535156,220.02999877929688,299.68505859375,225.703125,299.2664794921875,218.9572296142578,0,0,
21960,299.3255920410156,218.86544799804688,297.18017578125,224.53857421875,299.2664794921875,218.9572296142578,0,0,
21970,298.2269592285156,219.94210815429688,296.08154296875,225.615234375,299.2664794921875,218.9572296142578,0,0,
